 GRID, CVE_ENT_MUN, frac, suma
   30177,  1001,  2.0128191E-03,  2.7317735E+06
   30178,  1001,  1.2417771E-01,  2.7317735E+06
   30179,  1001,  4.8803233E-02,  2.7317735E+06
   30530,  1001,  5.1934863E-03,  2.7317735E+06
   30531,  1001,  5.9697819E-01,  2.7317735E+06
   30532,  1001,  1.9580270E-01,  2.7317735E+06
   30884,  1001,  1.7025525E-02,  2.7317735E+06
   30885,  1001,  1.0006410E-02,  2.7317735E+06
   31239,  1002,  4.2375606E-03,  1.0043775E+05
   31240,  1002,  5.1192796E-01,  1.0043775E+05
   31593,  1002,  7.3244544E-03,  1.0043775E+05
   31945,  1002,  2.8304407E-01,  1.0043775E+05
   31946,  1002,  1.9346590E-01,  1.0043775E+05
   30173,  1003,  6.4202154E-01,  1.6898511E+05
   30526,  1003,  4.7402792E-02,  1.6898511E+05
   30527,  1003,  3.1057569E-01,  1.6898511E+05
   32649,  1004,  1.0000000E+00,  3.1766602E+04
   30531,  1005,  1.3047583E-02,  3.1387366E+05
   30883,  1005,  3.7509969E-01,  3.1387366E+05
   30884,  1005,  6.1185271E-01,  3.1387366E+05
   31237,  1006,  6.1926297E-03,  9.8414219E+04
   31590,  1006,  9.9380744E-01,  9.8414219E+04
   31589,  1007,  2.1903846E-02,  1.1967451E+05
   31590,  1007,  1.0046560E-01,  1.1967451E+05
   31943,  1007,  8.7763059E-01,  1.1967451E+05
   31589,  1008,  1.0000000E+00,  7.8633625E+04
   31944,  1009,  8.0738860E-01,  5.5818699E+04
   31945,  1009,  1.9261135E-01,  5.5818699E+04
   30535,  1010,  1.0000000E+00,  5.0853766E+04
   30884,  1011,  8.0852345E-02,  8.7436305E+04
   31237,  1011,  9.1914755E-01,  8.7436305E+04
   69922,  2001,  5.5616810E-03,  4.3104585E+06
   70275,  2001,  3.0543549E-02,  4.3104585E+06
   70628,  2001,  8.2533192E-03,  4.3104585E+06
   70980,  2001,  1.0761950E-02,  4.3104585E+06
   70981,  2001,  1.7206141E-03,  4.3104585E+06
   71333,  2001,  3.0026186E-02,  4.3104585E+06
   71334,  2001,  6.3185632E-04,  4.3104585E+06
   71686,  2001,  1.6630406E-02,  4.3104585E+06
   72743,  2001,  3.9952928E-03,  4.3104585E+06
   72744,  2001,  2.5578414E-03,  4.3104585E+06
   73802,  2001,  9.0302164E-03,  4.3104585E+06
   73803,  2001,  9.6426911E-06,  4.3104585E+06
   74161,  2001,  9.7511783E-03,  4.3104585E+06
   75564,  2001,  6.6368678E-03,  4.3104585E+06
   75565,  2001,  2.6847545E-02,  4.3104585E+06
   75917,  2001,  4.5783155E-02,  4.3104585E+06
   75918,  2001,  2.2201130E-02,  4.3104585E+06
   76270,  2001,  1.1985181E-01,  4.3104585E+06
   76271,  2001,  4.2244472E-02,  4.3104585E+06
   76274,  2001,  5.4884632E-03,  4.3104585E+06
   76622,  2001,  1.5717026E-02,  4.3104585E+06
   76623,  2001,  4.3751132E-02,  4.3104585E+06
   76624,  2001,  4.0137287E-02,  4.3104585E+06
   76627,  2001,  3.3994049E-03,  4.3104585E+06
   77330,  2001,  7.1262065E-03,  4.3104585E+06
   72052,  2002,  1.8506061E-02,  7.4351095E+06
   76993,  2002,  7.7692319E-05,  7.4351095E+06
   77345,  2002,  7.1774921E-03,  7.4351095E+06
   77346,  2002,  1.1354743E-03,  7.4351095E+06
   77347,  2002,  6.5208320E-03,  7.4351095E+06
   77698,  2002,  2.8930528E-03,  7.4351095E+06
   77699,  2002,  1.0738926E-02,  7.4351095E+06
   78051,  2002,  8.5424082E-03,  7.4351095E+06
   78403,  2002,  3.4793515E-03,  7.4351095E+06
   78404,  2002,  3.8541167E-03,  7.4351095E+06
   78407,  2002,  7.6614710E-04,  7.4351095E+06
   78756,  2002,  4.0589087E-03,  7.4351095E+06
   78757,  2002,  4.4681607E-03,  7.4351095E+06
   78758,  2002,  1.1521189E-03,  7.4351095E+06
   78759,  2002,  4.8594908E-03,  7.4351095E+06
   78760,  2002,  3.2734005E-03,  7.4351095E+06
   79106,  2002,  1.3587452E-02,  7.4351095E+06
   79107,  2002,  1.0766789E-01,  7.4351095E+06
   79108,  2002,  1.0282685E-01,  7.4351095E+06
   79109,  2002,  3.3038801E-03,  7.4351095E+06
   79113,  2002,  7.8849299E-03,  7.4351095E+06
   79114,  2002,  4.6429811E-03,  7.4351095E+06
   79459,  2002,  1.6498294E-02,  7.4351095E+06
   79460,  2002,  1.0669911E-01,  7.4351095E+06
   79461,  2002,  5.7948414E-02,  7.4351095E+06
   79468,  2002,  5.5605345E-03,  7.4351095E+06
   79098,  2003,  1.1132146E-01,  7.0609094E+05
   79099,  2003,  6.2203370E-03,  7.0609094E+05
   79447,  2003,  3.8520007E-03,  7.0609094E+05
   79448,  2003,  4.2377305E-01,  7.0609094E+05
   78737,  2004,  2.6607185E-04,  1.2629346E+06
   78738,  2004,  5.3863976E-02,  1.2629346E+06
   78739,  2004,  2.9418599E-03,  1.2629346E+06
   79090,  2004,  5.3586960E-02,  1.2629346E+06
   79091,  2004,  2.1401019E-01,  1.2629346E+06
   79092,  2004,  9.4317738E-04,  1.2629346E+06
   79093,  2004,  1.6454786E-01,  1.2629346E+06
   79094,  2004,  3.5929438E-02,  1.2629346E+06
   78032,  2005,  1.5736299E-02,  1.1152212E+06
   78033,  2005,  2.6159966E-02,  1.1152212E+06
   78384,  2005,  2.0504892E-02,  1.1152212E+06
   78737,  2005,  3.8001078E-01,  1.1152212E+06
   78738,  2005,  2.3171494E-02,  1.1152212E+06
   79090,  2005,  3.4508087E-02,  1.1152212E+06
   79091,  2005,  2.8549645E-03,  1.1152212E+06
   44188,  3001,  1.7667850E-02,  8.8023394E+05
   44189,  3001,  7.3035970E-02,  8.8023394E+05
   45252,  3001,  7.0478976E-02,  8.8023394E+05
   45253,  3001,  6.2070447E-01,  8.8023394E+05
   45605,  3001,  1.0573111E-02,  8.8023394E+05
   46310,  3001,  5.3387554E-04,  8.8023394E+05
   46311,  3001,  2.0700577E-01,  8.8023394E+05
   53369,  3002,  1.0054539E-02,  7.0761494E+05
   53370,  3002,  1.5199931E-01,  7.0761494E+05
   55132,  3002,  5.4201959E-03,  7.0761494E+05
   55485,  3002,  2.0165908E-01,  7.0761494E+05
   56885,  3002,  1.9322973E-01,  7.0761494E+05
   57575,  3002,  8.5907698E-02,  7.0761494E+05
   58643,  3002,  3.4336340E-01,  7.0761494E+05
   58644,  3002,  9.0070972E-03,  7.0761494E+05
   38207,  3003,  3.7064277E-02,  2.3811810E+06
   38208,  3003,  5.6072116E-02,  2.3811810E+06
   40678,  3003,  1.3827853E-01,  2.3811810E+06
   41030,  3003,  8.4673993E-02,  2.3811810E+06
   41031,  3003,  5.8460176E-01,  2.3811810E+06
   41032,  3003,  6.2902056E-02,  2.3811810E+06
   41384,  3003,  3.7657671E-02,  2.3811810E+06
   41385,  3003,  4.7556713E-04,  2.3811810E+06
   35387,  3008,  1.3664104E-02,  2.0519015E+06
   35739,  3008,  2.1513304E-01,  2.0519015E+06
   35740,  3008,  2.6971391E-01,  2.0519015E+06
   36095,  3008,  2.4441740E-02,  2.0519015E+06
   36448,  3008,  4.0649825E-01,  2.0519015E+06
   36801,  3008,  7.0548959E-02,  2.0519015E+06
   49493,  3009,  1.0000000E+00,  2.5720242E+05
   25730,  4001,  2.2793011E-01,  4.4453169E+05
   26082,  4001,  1.2262332E-01,  4.4453169E+05
   26083,  4001,  4.5252380E-01,  4.4453169E+05
   26084,  4001,  7.7734748E-03,  4.4453169E+05
   26436,  4001,  9.3941294E-02,  4.4453169E+05
   26437,  4001,  9.5208012E-02,  4.4453169E+05
   23253,  4002,  7.9875924E-03,  1.3490230E+06
   23254,  4002,  1.3358963E-03,  1.3490230E+06
   23255,  4002,  4.3200653E-02,  1.3490230E+06
   23606,  4002,  1.3064326E-02,  1.3490230E+06
   23607,  4002,  4.8626775E-01,  1.3490230E+06
   23608,  4002,  4.2851335E-01,  1.3490230E+06
   23961,  4002,  1.9630468E-02,  1.3490230E+06
   17940,  4003,  6.5150872E-02,  9.3794631E+05
   17941,  4003,  3.9889742E-02,  9.3794631E+05
   17942,  4003,  2.2976762E-02,  9.3794631E+05
   17943,  4003,  5.1179980E-03,  9.3794631E+05
   17945,  4003,  1.9267800E-01,  9.3794631E+05
   17946,  4003,  2.1573785E-01,  9.3794631E+05
   18298,  4003,  8.8580631E-02,  9.3794631E+05
   18299,  4003,  2.0453325E-01,  9.3794631E+05
   18655,  4003,  8.6436287E-02,  9.3794631E+05
   19008,  4003,  6.3996459E-03,  9.3794631E+05
   19717,  4003,  2.1205393E-03,  9.3794631E+05
   19718,  4003,  7.0378423E-02,  9.3794631E+05
   20075,  4004,  1.2292950E-01,  5.8777712E+05
   20428,  4004,  1.8226856E-05,  5.8777712E+05
   20431,  4004,  1.0296577E-01,  5.8777712E+05
   21487,  4004,  1.2629628E-01,  5.8777712E+05
   21488,  4004,  3.2006446E-01,  5.8777712E+05
   22194,  4004,  6.8179943E-02,  5.8777712E+05
   22195,  4004,  6.5223269E-02,  5.8777712E+05
   22196,  4004,  7.6469153E-02,  5.8777712E+05
   22547,  4004,  3.8270280E-02,  5.8777712E+05
   22900,  4004,  7.9583101E-02,  5.8777712E+05
   25023,  4005,  5.5335349E-01,  2.3361222E+05
   25376,  4005,  1.3775869E-01,  2.3361222E+05
   25377,  4005,  3.0888778E-01,  2.3361222E+05
   22912,  4006,  2.8455079E-01,  1.8732778E+05
   23615,  4006,  4.8061988E-01,  1.8732778E+05
   24675,  4006,  2.3482935E-01,  1.8732778E+05
   16177,  4007,  6.3745916E-02,  3.6447262E+04
   16178,  4007,  8.9457828E-01,  3.6447262E+04
   16531,  4007,  4.1675780E-02,  3.6447262E+04
   24669,  4008,  1.2155866E-02,  8.4586141E+04
   24670,  4008,  9.8784411E-01,  8.4586141E+04
   17958,  4009,  2.4892879E-01,  4.0934022E+05
   18311,  4009,  7.5107121E-01,  4.0934022E+05
   18327,  4010,  1.0000000E+00,  6.9524094E+04
   16190,  4011,  7.1716696E-01,  1.1069152E+05
   16543,  4011,  2.8283304E-01,  1.1069152E+05
   53486,  5001,  1.0000000E+00,  3.8497707E+04
   62668,  5002,  3.6278445E-01,  1.2983032E+06
   62669,  5002,  6.3721555E-01,  1.2983032E+06
   58434,  5003,  1.0000000E+00,  2.5670881E+05
   45726,  5004,  1.5168397E-01,  2.5819600E+05
   45727,  5004,  1.6518272E-01,  2.5819600E+05
   46078,  5004,  2.0957498E-02,  2.5819600E+05
   46079,  5004,  6.6217577E-01,  2.5819600E+05
   51729,  5005,  5.8653545E-02,  6.6702234E+04
   52082,  5005,  9.4134641E-01,  6.6702234E+04
   51720,  5006,  1.3174487E-02,  3.5236425E+05
   51721,  5006,  9.8682553E-01,  3.5236425E+05
   52420,  5007,  1.0000000E+00,  1.2281832E+05
   53486,  5008,  1.0000000E+00,  5.0117109E+04
   47111,  5009,  3.1133190E-01,  3.6288003E+05
   47112,  5009,  2.0195862E-02,  3.6288003E+05
   47464,  5009,  6.6235793E-01,  3.6288003E+05
   47465,  5009,  6.1126146E-03,  3.6288003E+05
   47817,  5009,  1.7057830E-06,  3.6288003E+05
   52073,  5010,  2.1383059E-01,  6.0235656E+05
   52074,  5010,  4.7793319E-03,  6.0235656E+05
   52426,  5010,  5.8240533E-01,  6.0235656E+05
   52427,  5010,  1.7613976E-01,  6.0235656E+05
   52779,  5010,  2.2844993E-02,  6.0235656E+05
   45366,  5011,  1.3219373E-02,  6.9921492E+04
   45719,  5011,  9.8678070E-01,  6.9921492E+04
   58439,  5012,  1.0000000E+00,  1.1122677E+05
   55973,  5013,  8.1478311E-03,  9.3033578E+04
   55974,  5013,  9.9185216E-01,  9.3033578E+04
   61257,  5014,  2.7988335E-01,  1.9190191E+05
   61610,  5014,  1.8595342E-01,  1.9190191E+05
   61613,  5014,  5.3416318E-01,  1.9190191E+05
   55258,  5015,  1.0000000E+00,  4.9416074E+04
   52776,  5016,  1.0000000E+00,  8.5912688E+04
   46052,  5017,  6.7053405E-03,  6.2983394E+05
   46053,  5017,  2.3355435E-01,  6.2983394E+05
   46054,  5017,  6.1917432E-02,  6.2983394E+05
   46405,  5017,  2.2633208E-01,  6.2983394E+05
   46406,  5017,  2.4520828E-01,  6.2983394E+05
   46758,  5017,  8.1337303E-02,  6.2983394E+05
   47111,  5017,  1.4494517E-01,  6.2983394E+05
   51721,  5018,  5.6907843E-04,  1.9790798E+06
   52073,  5018,  6.7651413E-02,  1.9790798E+06
   52074,  5018,  5.9787470E-01,  1.9790798E+06
   52427,  5018,  3.3390480E-01,  1.9790798E+06
   58786,  5019,  4.5666194E-01,  1.6894269E+05
   58787,  5019,  5.4333806E-01,  1.6894269E+05
   55252,  5020,  5.1822416E-02,  8.6108269E+05
   55605,  5020,  8.9003809E-02,  8.6108269E+05
   55957,  5020,  4.7647722E-02,  8.6108269E+05
   55958,  5020,  2.3385720E-02,  8.6108269E+05
   56308,  5020,  4.5611981E-02,  8.6108269E+05
   56309,  5020,  3.7281317E-01,  8.6108269E+05
   56310,  5020,  2.3123065E-01,  8.6108269E+05
   56661,  5020,  5.3593703E-03,  8.6108269E+05
   56662,  5020,  4.0397558E-02,  8.6108269E+05
   56663,  5020,  9.2727564E-02,  8.6108269E+05
   52778,  5021,  1.0000000E+00,  1.2891340E+05
   58788,  5022,  5.4618245E-01,  6.0635475E+05
   59496,  5022,  1.2399944E-01,  6.0635475E+05
   59849,  5022,  3.2981810E-01,  6.0635475E+05
   52758,  5023,  3.3630574E-01,  1.3870095E+05
   53828,  5023,  6.3440287E-01,  1.3870095E+05
   54181,  5023,  2.9291444E-02,  1.3870095E+05
   45711,  5024,  3.8625640E-01,  4.5860438E+05
   45712,  5024,  3.0272454E-01,  4.5860438E+05
   46064,  5024,  2.8574648E-01,  4.5860438E+05
   46065,  5024,  2.5272558E-02,  4.5860438E+05
   59849,  5025,  6.1672997E-01,  1.5651825E+06
   59850,  5025,  4.4301767E-02,  1.5651825E+06
   60202,  5025,  3.2433480E-01,  1.5651825E+06
   60203,  5025,  1.4633445E-02,  1.5651825E+06
   54549,  5026,  5.8532095E-01,  6.4457941E+04
   54550,  5026,  4.1467908E-01,  6.4457941E+04
   46078,  5027,  2.9816103E-01,  6.8435900E+05
   46431,  5027,  7.0183897E-01,  6.8435900E+05
   55252,  5028,  1.6851927E-04,  9.5910538E+05
   55605,  5028,  3.1849321E-03,  9.5910538E+05
   56312,  5028,  1.7158025E-03,  9.5910538E+05
   56313,  5028,  7.7268189E-01,  9.5910538E+05
   56665,  5028,  1.3223675E-01,  9.5910538E+05
   56666,  5028,  9.0012074E-02,  9.5910538E+05
   52423,  5029,  2.1287534E-01,  6.3634656E+04
   52424,  5029,  2.5976621E-02,  6.3634656E+04
   52776,  5029,  7.4779636E-01,  6.3634656E+04
   52777,  5029,  1.3351638E-02,  6.3634656E+04
   45371,  5030,  4.0790647E-02,  4.8957115E+06
   45372,  5030,  7.2431313E-03,  4.8957115E+06
   45724,  5030,  2.0842747E-01,  4.8957115E+06
   45725,  5030,  4.1054761E-01,  4.8957115E+06
   45726,  5030,  2.8754417E-02,  4.8957115E+06
   46077,  5030,  8.4438890E-02,  4.8957115E+06
   46078,  5030,  2.1098052E-01,  4.8957115E+06
   46079,  5030,  8.8173626E-03,  4.8957115E+06
   52778,  5031,  7.0891237E-01,  2.9397722E+05
   52779,  5031,  2.9108754E-01,  2.9397722E+05
   56664,  5032,  9.9169508E-02,  5.8875631E+05
   56665,  5032,  9.0083045E-01,  5.8875631E+05
   47114,  5033,  3.8628155E-01,  5.2000619E+05
   47115,  5033,  3.1064811E-01,  5.2000619E+05
   47465,  5033,  9.3539760E-02,  5.2000619E+05
   47466,  5033,  1.8833120E-01,  5.2000619E+05
   47467,  5033,  1.1972805E-02,  5.2000619E+05
   47468,  5033,  9.2265951E-03,  5.2000619E+05
   53814,  5034,  4.1167104E-01,  6.4732312E+04
   56990,  5034,  5.8832896E-01,  6.4732312E+04
   46050,  5035,  2.2951819E-02,  4.5132450E+06
   46051,  5035,  2.7543473E-01,  4.5132450E+06
   46052,  5035,  8.5091405E-03,  4.5132450E+06
   46403,  5035,  1.6063872E-01,  4.5132450E+06
   46404,  5035,  4.1239768E-01,  4.5132450E+06
   46405,  5035,  8.1607714E-02,  4.5132450E+06
   46757,  5035,  3.8460281E-02,  4.5132450E+06
   45351,  5036,  7.9623446E-02,  7.0728119E+05
   45352,  5036,  7.7891182E-03,  7.0728119E+05
   57729,  5037,  2.6420078E-01,  1.6039380E+05
   58082,  5037,  7.3579919E-01,  1.6039380E+05
   59139,  5038,  1.0000000E+00,  2.1791639E+05
   17803,  6001,  4.4956636E-01,  1.9429753E+05
   17804,  6001,  4.0276057E-01,  1.9429753E+05
   18157,  6001,  1.4767307E-01,  1.9429753E+05
   18865,  6002,  1.8003009E-01,  1.0124724E+06
   18866,  6002,  1.4710757E-01,  1.0124724E+06
   19218,  6002,  3.8113868E-01,  1.0124724E+06
   19219,  6002,  2.9172367E-01,  1.0124724E+06
   19218,  6003,  6.6264004E-02,  1.1237129E+05
   19571,  6003,  8.5779274E-01,  1.1237129E+05
   19572,  6003,  7.5943284E-02,  1.1237129E+05
   18863,  6004,  3.9829999E-01,  1.2010655E+05
   18864,  6004,  5.9076530E-01,  1.2010655E+05
   18865,  6004,  6.6584004E-03,  1.2010655E+05
   19218,  6004,  4.2762426E-03,  1.2010655E+05
   18866,  6005,  2.5492866E-04,  2.1425116E+05
   19219,  6005,  1.6541088E-01,  2.1425116E+05
   19573,  6005,  8.3433419E-01,  2.1425116E+05
   18159,  6006,  1.0000000E+00,  2.4528713E+04
   18152,  6007,  1.2901835E-01,  8.4687294E+05
   18153,  6007,  1.6414538E-01,  8.4687294E+05
   18504,  6007,  1.8572677E-02,  8.4687294E+05
   18505,  6007,  4.6907440E-01,  8.4687294E+05
   18506,  6007,  1.9244719E-01,  8.4687294E+05
   18858,  6007,  2.6742026E-02,  8.4687294E+05
   19567,  6008,  7.7095032E-02,  4.0814336E+04
   19568,  6008,  8.6639363E-01,  4.0814336E+04
   19921,  6008,  5.6511343E-02,  4.0814336E+04
   16747,  6009,  3.0343296E-04,  6.1007200E+05
   17100,  6009,  5.7085998E-02,  6.1007200E+05
   17451,  6009,  1.2887186E-01,  6.1007200E+05
   17452,  6009,  4.4235095E-02,  6.1007200E+05
   17804,  6009,  4.8878595E-01,  6.1007200E+05
   17805,  6009,  2.2229502E-01,  6.1007200E+05
   18510,  6009,  1.2522742E-04,  6.1007200E+05
   18511,  6009,  5.8297414E-02,  6.1007200E+05
   19218,  6010,  1.0000000E+00,  6.5331144E+05
    3464,  7001,  2.1993287E-02,  5.8816266E+04
    3465,  7001,  9.7800672E-01,  5.8816266E+04
    8756,  7002,  1.4197154E-01,  1.4672897E+05
    8757,  7002,  3.8832542E-01,  1.4672897E+05
    8758,  7002,  4.6970302E-01,  1.4672897E+05
    3112,  7003,  5.6062132E-01,  9.8004172E+04
    3464,  7003,  2.5100771E-01,  9.8004172E+04
    3465,  7003,  1.8837099E-01,  9.8004172E+04
    9825,  7004,  4.7117388E-01,  1.3410830E+05
    9826,  7004,  5.2882606E-01,  1.3410830E+05
   12287,  7005,  1.0000000E+00,  2.6774115E+04
    4178,  7006,  3.1342521E-01,  2.0252957E+04
    4884,  7006,  6.8070430E-01,  2.0252957E+04
    4885,  7006,  5.8704708E-03,  2.0252957E+04
    8762,  7007,  1.0000000E+00,  9.4064594E+04
    5582,  7008,  2.7037978E-01,  1.0579269E+05
    5935,  7008,  7.2962022E-01,  1.0579269E+05
    6625,  7009,  1.1702628E-01,  3.0985384E+05
    6978,  7009,  4.5529121E-04,  3.0985384E+05
    6980,  7009,  8.8251841E-01,  3.0985384E+05
    4177,  7010,  1.0000000E+00,  5.4328647E+03
    4529,  7011,  9.4881719E-01,  2.3269297E+04
    4882,  7011,  5.1182870E-02,  2.3269297E+04
    9458,  7012,  1.8078566E-01,  1.6320447E+05
    9459,  7012,  4.3209856E-03,  1.6320447E+05
    9811,  7012,  8.1489336E-01,  1.6320447E+05
   10521,  7013,  1.0000000E+00,  7.3087914E+04
   10876,  7014,  1.0000000E+00,  3.0727049E+04
    2059,  7015,  4.7226965E-01,  1.2534114E+05
    2060,  7015,  3.5995424E-01,  1.2534114E+05
    2412,  7015,  1.6777614E-01,  1.2534114E+05
   14061,  7016,  1.0000000E+00,  3.4445309E+04
    8746,  7017,  1.0788102E-01,  3.0025000E+05
    9099,  7017,  3.3365601E-01,  3.0025000E+05
    9100,  7017,  5.5846292E-01,  3.0025000E+05
   11224,  7018,  1.0000000E+00,  3.4622852E+04
    7354,  7019,  2.7836040E-01,  6.8276312E+05
    7706,  7019,  3.0049210E-02,  6.8276312E+05
    7707,  7019,  6.9159031E-01,  6.8276312E+05
    6639,  7020,  4.6181045E-03,  1.4936269E+05
    6640,  7020,  4.3806478E-01,  1.4936269E+05
    6994,  7020,  5.5731708E-01,  1.4936269E+05
   10870,  7021,  1.0000000E+00,  5.1894738E+04
   10524,  7022,  8.5225397E-01,  2.1010838E+04
   10525,  7022,  1.4774606E-01,  2.1010838E+04
    9818,  7023,  9.7624475E-01,  5.1806027E+04
   10171,  7023,  2.3755286E-02,  5.1806027E+04
    9117,  7024,  1.0135858E-01,  1.4688583E+05
    9470,  7024,  8.9864141E-01,  1.4688583E+05
   11930,  7025,  1.0000000E+00,  2.0191275E+04
   10171,  7026,  1.0000000E+00,  2.5243523E+04
    9108,  7027,  2.4127918E-03,  2.9853231E+05
    9460,  7027,  3.0559182E-02,  2.9853231E+05
    9461,  7027,  9.6702808E-01,  2.9853231E+05
    8758,  7028,  5.8311835E-02,  3.4119363E+04
    8759,  7028,  9.4168824E-01,  3.4119363E+04
   10519,  7029,  1.0000000E+00,  3.4196566E+04
    5234,  7030,  5.1758033E-01,  8.2929562E+04
    5235,  7030,  1.1309849E-01,  8.2929562E+04
    5587,  7030,  2.8058797E-01,  8.2929562E+04
    5588,  7030,  2.4805471E-02,  8.2929562E+04
    5940,  7030,  6.1437745E-02,  8.2929562E+04
    5941,  7030,  2.4899696E-03,  8.2929562E+04
   10882,  7031,  2.7306959E-01,  1.0583488E+05
   10883,  7031,  2.0577826E-01,  1.0583488E+05
   11234,  7031,  4.5438412E-01,  1.0583488E+05
   11235,  7031,  6.6768020E-02,  1.0583488E+05
    3465,  7032,  8.3520466E-01,  9.2800953E+04
    3466,  7032,  3.4418676E-04,  9.2800953E+04
    3467,  7032,  1.6445106E-01,  9.2800953E+04
   11928,  7033,  8.9825344E-01,  9.3084102E+03
   11929,  7033,  1.0174648E-01,  9.3084102E+03
    4883,  7034,  3.7035412E-01,  1.5280991E+05
    5236,  7034,  2.8012186E-01,  1.5280991E+05
    5238,  7034,  3.4952402E-01,  1.5280991E+05
    1001,  7035,  1.5769495E-02,  2.9642945E+04
    1353,  7035,  2.9270867E-01,  2.9642945E+04
    1354,  7035,  6.9152176E-01,  2.9642945E+04
    4176,  7036,  1.2243580E-02,  2.3387850E+04
    4529,  7036,  9.8775637E-01,  2.3387850E+04
    2056,  7037,  3.5402086E-02,  8.5377344E+04
    2057,  7037,  9.6459800E-01,  8.5377344E+04
    9468,  7038,  1.0000000E+00,  4.8270281E+04
   11582,  7039,  4.6476755E-01,  1.7421332E+04
   11583,  7039,  5.3523248E-01,  1.7421332E+04
    2762,  7040,  1.0000000E+00,  1.9981120E+05
    7356,  7041,  2.2123906E-01,  1.9422986E+05
    7357,  7041,  3.7475693E-01,  1.9422986E+05
    7708,  7041,  3.9548960E-01,  1.9422986E+05
    7709,  7041,  2.9644731E-03,  1.9422986E+05
    8062,  7041,  5.5499598E-03,  1.9422986E+05
   11932,  7042,  1.0000000E+00,  2.8356584E+04
   12283,  7043,  5.2048290E-01,  3.9073418E+04
   12284,  7043,  3.4384824E-02,  3.9073418E+04
   12636,  7043,  3.0316436E-01,  3.9073418E+04
   12637,  7043,  1.4196791E-01,  3.9073418E+04
    9815,  7044,  1.0000000E+00,  3.8720582E+04
   12637,  7045,  2.6792261E-01,  1.2263532E+04
   12638,  7045,  7.3207736E-01,  1.2263532E+04
    7686,  7046,  2.7747127E-01,  1.1980173E+05
    9100,  7046,  2.4119613E-01,  1.1980173E+05
    9101,  7046,  4.8133260E-01,  1.1980173E+05
   10874,  7047,  2.4288853E-01,  3.4041715E+04
   10875,  7047,  7.5711155E-01,  3.4041715E+04
   12988,  7048,  1.7016314E-01,  6.7597188E+04
   13341,  7048,  8.2983685E-01,  6.7597188E+04
   10170,  7049,  1.0000000E+00,  2.5885352E+04
   14064,  7050,  9.8569834E-01,  3.3513438E+04
   14065,  7050,  1.4301630E-02,  3.3513438E+04
    3815,  7051,  9.7009802E-01,  1.8738527E+05
    3816,  7051,  2.9197697E-02,  1.8738527E+05
    4168,  7051,  7.0427853E-04,  1.8738527E+05
    7708,  7052,  3.3907869E-03,  2.0318066E+05
    7709,  7052,  4.3459218E-02,  2.0318066E+05
    8061,  7052,  3.8816592E-01,  2.0318066E+05
    8062,  7052,  4.6869665E-01,  2.0318066E+05
    8414,  7052,  3.0279579E-03,  2.0318066E+05
    8767,  7052,  9.3259484E-02,  2.0318066E+05
    3824,  7053,  1.0000000E+00,  1.0834001E+04
    1350,  7054,  6.2834322E-01,  9.2959859E+04
    1703,  7054,  3.7165675E-01,  9.2959859E+04
    1353,  7055,  1.0000000E+00,  1.8608156E+04
   10171,  7056,  1.0000000E+00,  5.7120923E+03
    3823,  7057,  1.0000000E+00,  1.3635347E+05
    8407,  7058,  1.0000000E+00,  2.5379330E+04
    8429,  7059,  5.7707680E-04,  5.2119919E+05
   10176,  7059,  7.0182197E-02,  5.2119919E+05
   10187,  7059,  1.6881448E-03,  5.2119919E+05
   10188,  7059,  1.1022754E-01,  5.2119919E+05
   10529,  7059,  6.0272146E-02,  5.2119919E+05
   10530,  7059,  2.3526389E-03,  5.2119919E+05
   10531,  7059,  5.0471038E-01,  5.2119919E+05
   10541,  7059,  6.0648981E-02,  5.2119919E+05
   10545,  7059,  1.8934092E-01,  5.2119919E+05
   11577,  7060,  1.0000000E+00,  2.1535711E+04
    9456,  7061,  3.6021058E-02,  2.2920414E+05
    9457,  7061,  8.3821064E-01,  2.2920414E+05
    9809,  7061,  1.2576833E-01,  2.2920414E+05
   12281,  7062,  1.0000000E+00,  2.1714385E+04
   10166,  7063,  9.7708154E-01,  2.9174014E+04
   10519,  7063,  2.2918481E-02,  2.9174014E+04
    9822,  7064,  5.7548440E-01,  7.3487477E+04
   10173,  7064,  2.8224954E-02,  7.3487477E+04
   10174,  7064,  3.9629066E-01,  7.3487477E+04
   13002,  7065,  3.5534456E-01,  2.9963459E+05
   13003,  7065,  3.4877801E-01,  2.9963459E+05
   13355,  7065,  2.7432814E-01,  2.9963459E+05
   13356,  7065,  2.1549361E-02,  2.9963459E+05
   10879,  7066,  1.0000000E+00,  4.4058668E+04
   11578,  7067,  1.0000000E+00,  1.9678748E+04
   12636,  7068,  5.4664969E-01,  6.8987039E+04
   12989,  7068,  4.5335034E-01,  6.8987039E+04
    4870,  7069,  8.4852839E-01,  1.4776634E+05
    4871,  7069,  1.5147164E-01,  1.4776634E+05
    4176,  7070,  1.0000000E+00,  1.8059943E+04
    2760,  7071,  1.3116690E-03,  1.0477762E+05
    2761,  7071,  1.0148939E-03,  1.0477762E+05
    3113,  7071,  8.9978051E-01,  1.0477762E+05
    3114,  7071,  9.7892933E-02,  1.0477762E+05
   11227,  7072,  5.2887952E-01,  1.1899488E+05
   11579,  7072,  8.8913508E-02,  1.1899488E+05
   11580,  7072,  3.8220695E-01,  1.1899488E+05
   11579,  7073,  1.0000000E+00,  3.8926113E+04
   14400,  7074,  7.2946590E-01,  1.7506667E+05
   14401,  7074,  2.7053407E-01,  1.7506667E+05
    8057,  7075,  1.0000000E+00,  1.1748124E+05
   11937,  7076,  1.0000000E+00,  1.6372669E+04
   12645,  7077,  5.9680440E-02,  4.4114512E+04
   12998,  7077,  1.0924117E-01,  4.4114512E+04
   13351,  7077,  8.3107841E-01,  4.4114512E+04
    9465,  7078,  5.7506561E-01,  7.7640781E+05
    9466,  7078,  2.6393142E-01,  7.7640781E+05
    9818,  7078,  1.5324242E-01,  7.7640781E+05
    9819,  7078,  7.7605518E-03,  7.7640781E+05
    9812,  7079,  2.8246450E-01,  3.5123375E+04
   10165,  7079,  7.1753550E-01,  3.5123375E+04
    4528,  7080,  1.0000000E+00,  1.7825447E+04
   11229,  7081,  1.0000000E+00,  7.0519422E+04
   10881,  7082,  1.0000000E+00,  1.7499840E+04
    7351,  7083,  5.2881944E-01,  3.9200129E+04
    7352,  7083,  3.1220174E-04,  3.9200129E+04
    7704,  7083,  4.7086829E-01,  3.9200129E+04
   12284,  7084,  2.8660703E-01,  1.9460314E+04
   12637,  7084,  7.1339303E-01,  1.9460314E+04
   10168,  7085,  6.0084742E-01,  6.3860797E+04
   10520,  7085,  3.9915258E-01,  6.3860797E+04
    8754,  7086,  1.1099714E-01,  1.1782634E+05
    9107,  7086,  8.8900280E-01,  1.1782634E+05
     294,  7087,  9.5367543E-02,  1.4037202E+05
     295,  7087,  6.5155327E-02,  1.4037202E+05
     648,  7087,  7.6695836E-01,  1.4037202E+05
    1001,  7087,  7.2518766E-02,  1.4037202E+05
   12635,  7088,  1.0000000E+00,  1.1959556E+04
     645,  7089,  9.6831098E-03,  1.3410526E+06
     997,  7089,  4.5467778E-03,  1.3410526E+06
     998,  7089,  4.8212547E-02,  1.3410526E+06
    1352,  7089,  8.1468905E-05,  1.3410526E+06
    1704,  7089,  3.3444226E-02,  1.3410526E+06
    1705,  7089,  6.4003479E-01,  1.3410526E+06
    1706,  7089,  2.0729306E-01,  1.3410526E+06
    2058,  7089,  2.4517410E-02,  1.3410526E+06
    2059,  7089,  3.1222299E-02,  1.3410526E+06
    2412,  7089,  9.6432638E-04,  1.3410526E+06
   11577,  7090,  8.4633917E-02,  1.0922873E+04
   11578,  7090,  9.1536611E-01,  1.0922873E+04
   11578,  7091,  2.2421326E-01,  3.2918531E+04
   11579,  7091,  7.7578670E-01,  3.2918531E+04
   11218,  7092,  5.9078302E-02,  8.4308305E+04
   11219,  7092,  6.5821546E-01,  8.4308305E+04
   11222,  7092,  2.8270626E-01,  8.4308305E+04
    9820,  7093,  9.7461295E-01,  2.1708682E+04
   10173,  7093,  2.5387073E-02,  2.1708682E+04
    8761,  7094,  5.3785747E-01,  1.3316092E+05
    8762,  7094,  4.6214256E-01,  1.3316092E+05
   11586,  7096,  1.1535534E-01,  1.1868608E+05
   11938,  7096,  3.9729285E-01,  1.1868608E+05
   11939,  7096,  2.0040187E-01,  1.1868608E+05
   12291,  7096,  4.1209761E-02,  1.1868608E+05
   12645,  7096,  2.4574018E-01,  1.1868608E+05
    5572,  7097,  7.5295009E-02,  3.4257547E+05
    5573,  7097,  7.5204827E-02,  3.4257547E+05
    5922,  7097,  5.7720214E-02,  3.4257547E+05
    5923,  7097,  2.0468665E-02,  3.4257547E+05
    6274,  7097,  1.0772970E-01,  3.4257547E+05
    6275,  7097,  7.7161677E-02,  3.4257547E+05
    6276,  7097,  1.4101021E-01,  3.4257547E+05
    6628,  7097,  8.8401318E-02,  3.4257547E+05
    6629,  7097,  3.5700834E-01,  3.4257547E+05
    8759,  7098,  1.0000001E+00,  2.0806164E+04
    6651,  7099,  2.1949379E-02,  2.6641744E+05
    6652,  7099,  8.1530318E-02,  2.6641744E+05
    7002,  7099,  5.4379570E-01,  2.6641744E+05
    7004,  7099,  1.8890581E-01,  2.6641744E+05
    7005,  7099,  8.0517344E-02,  2.6641744E+05
    7355,  7099,  6.5074670E-03,  2.6641744E+05
    7357,  7099,  7.6793969E-02,  2.6641744E+05
   11940,  7100,  1.0000000E+00,  2.7104525E+04
    9106,  7101,  1.5318654E-02,  2.6302710E+06
    9107,  7101,  1.5488883E-03,  2.6302710E+06
    9459,  7101,  2.9950768E-01,  2.6302710E+06
    9460,  7101,  5.5098027E-01,  2.6302710E+06
    9461,  7101,  8.8788467E-03,  2.6302710E+06
    9812,  7101,  1.9203778E-03,  2.6302710E+06
    9813,  7101,  1.2184526E-01,  2.6302710E+06
    1706,  7102,  1.5683173E-01,  4.6766004E+04
    1707,  7102,  7.3258504E-02,  4.6766004E+04
    2059,  7102,  2.1472678E-01,  4.6766004E+04
    2060,  7102,  5.5518299E-01,  4.6766004E+04
    2762,  7103,  1.0000000E+00,  3.2061004E+04
    7352,  7104,  2.2695725E-01,  1.5758738E+05
    7353,  7104,  7.7304274E-01,  1.5758738E+05
    2413,  7105,  9.9565452E-01,  6.0921441E+04
    2414,  7105,  4.3455046E-03,  6.0921441E+04
    7700,  7106,  1.3378178E-01,  2.8077012E+05
    7702,  7106,  1.3628182E-01,  2.8077012E+05
    7703,  7106,  3.3449963E-01,  2.8077012E+05
    8053,  7106,  1.4734374E-01,  2.8077012E+05
    8055,  7106,  1.5285757E-01,  2.8077012E+05
    8407,  7106,  1.4605751E-04,  2.8077012E+05
    8409,  7106,  9.5089376E-02,  2.8077012E+05
    6285,  7107,  8.3478399E-02,  3.3265631E+05
    6636,  7107,  3.7028085E-02,  3.3265631E+05
    6638,  7107,  3.8317796E-02,  3.3265631E+05
    6987,  7107,  1.4728133E-01,  3.3265631E+05
    6988,  7107,  8.2819294E-03,  3.3265631E+05
    6989,  7107,  1.2794372E-01,  3.3265631E+05
    6990,  7107,  1.8985866E-01,  3.3265631E+05
    6991,  7107,  1.1451893E-01,  3.3265631E+05
    7340,  7107,  3.1125676E-03,  3.3265631E+05
    7696,  7107,  7.2732776E-02,  3.3265631E+05
    7697,  7107,  2.6917271E-02,  3.3265631E+05
    8049,  7107,  1.4953332E-01,  3.3265631E+05
    8050,  7107,  9.9518348E-04,  3.3265631E+05
    6987,  7108,  2.7097013E-02,  3.7651669E+05
    7340,  7108,  3.2453623E-01,  3.7651669E+05
    7341,  7108,  4.2663623E-02,  3.7651669E+05
    7691,  7108,  3.4507506E-02,  3.7651669E+05
    7692,  7108,  2.2901751E-02,  3.7651669E+05
    7694,  7108,  6.2334254E-02,  3.7651669E+05
    7695,  7108,  3.7729789E-02,  3.7651669E+05
    8044,  7108,  1.6707459E-01,  3.7651669E+05
    8045,  7108,  9.7918073E-03,  3.7651669E+05
    8046,  7108,  1.6780180E-01,  3.7651669E+05
    8048,  7108,  3.3485368E-02,  3.7651669E+05
    8397,  7108,  1.0157050E-02,  3.7651669E+05
    8401,  7108,  5.9919234E-02,  3.7651669E+05
   11586,  7109,  1.5968506E-03,  9.6371148E+04
   11587,  7109,  9.9840313E-01,  9.6371148E+04
    9111,  7110,  4.0886480E-02,  3.5604371E+04
    9112,  7110,  9.5911348E-01,  3.5604371E+04
    9464,  7111,  6.2915337E-01,  1.2363577E+05
    9465,  7111,  3.9954089E-02,  1.2363577E+05
    9817,  7111,  2.7162620E-01,  1.2363577E+05
    9818,  7111,  5.9266303E-02,  1.2363577E+05
   10174,  7112,  6.5267390E-01,  4.5724578E+04
   10175,  7112,  3.4618646E-01,  4.5724578E+04
   10528,  7112,  1.1397046E-03,  4.5724578E+04
   10171,  7113,  5.3428602E-01,  1.4018232E+04
   10524,  7113,  4.6571398E-01,  1.4018232E+04
    9136,  7114,  1.0000000E+00,  7.3495242E+04
    7364,  7115,  1.0000000E+00,  2.3230889E+04
    8429,  7116,  1.0000000E+00,  2.2587643E+04
    4877,  7117,  4.8737058E-01,  3.2592662E+04
    4878,  7117,  1.0381889E-01,  3.2592662E+04
    5230,  7117,  2.8931794E-01,  3.2592662E+04
    5231,  7117,  1.1949261E-01,  3.2592662E+04
   11228,  7118,  1.0000000E+00,  1.1157782E+04
   10523,  7119,  1.0000000E+00,  9.0067061E+03
   68610,  8001,  1.0000000E+00,  2.6556706E+05
   60496,  8002,  1.0463000E-01,  4.4963509E+05
   60497,  8002,  1.3022243E-02,  4.4963509E+05
   60850,  8002,  8.8234776E-01,  4.4963509E+05
   52383,  8003,  1.0000000E+00,  1.5528464E+05
   59790,  8004,  2.8563667E-02,  1.5377067E+05
   59791,  8004,  9.6512288E-01,  1.5377067E+05
   60144,  8004,  6.3134301E-03,  1.5377067E+05
   70712,  8005,  2.6412914E-02,  4.3112019E+05
   70713,  8005,  5.5380785E-01,  4.3112019E+05
   73541,  8005,  1.8144596E-01,  4.3112019E+05
   73894,  8005,  2.3833327E-01,  4.3112019E+05
   60482,  8006,  5.2338171E-01,  2.2587008E+05
   60483,  8006,  2.9872507E-01,  2.2587008E+05
   60835,  8006,  1.1772721E-01,  2.2587008E+05
   60836,  8006,  6.0165931E-02,  2.2587008E+05
   52726,  8007,  1.0000000E+00,  6.7354625E+04
   53063,  8008,  8.0826175E-01,  3.3042680E+04
   53064,  8008,  1.9173819E-01,  3.3042680E+04
   56242,  8009,  2.6619929E-01,  3.5042928E+05
   56595,  8009,  1.4779694E-01,  3.5042928E+05
   56596,  8009,  2.5630392E-02,  3.5042928E+05
   56948,  8009,  9.2862286E-03,  3.5042928E+05
   57301,  8009,  5.5108708E-01,  3.5042928E+05
   65070,  8010,  7.8902662E-02,  6.3562438E+05
   65422,  8010,  7.6658190E-03,  6.3562438E+05
   65423,  8010,  3.7985471E-01,  6.3562438E+05
   65428,  8010,  3.9752101E-04,  6.3562438E+05
   65430,  8010,  1.3108814E-01,  6.3562438E+05
   65781,  8010,  1.6836965E-01,  6.3562438E+05
   66488,  8010,  2.3372154E-01,  6.3562438E+05
   55562,  8011,  1.2313575E-02,  5.5593312E+05
   55563,  8011,  9.8482192E-01,  5.5593312E+05
   55916,  8011,  2.8644865E-03,  5.5593312E+05
   56954,  8012,  1.0000000E+00,  9.4083250E+04
   67535,  8013,  8.0762366E-03,  2.5096508E+05
   67536,  8013,  7.2663879E-01,  2.5096508E+05
   67888,  8013,  3.8462046E-03,  2.5096508E+05
   67889,  8013,  2.6143870E-01,  2.5096508E+05
   51680,  8014,  1.0000000E+00,  3.8984082E+04
   63330,  8015,  1.0000000E+00,  6.7685172E+04
   56268,  8016,  1.9376680E-01,  8.7881398E+04
   56269,  8016,  9.6950680E-02,  8.7881398E+04
   56621,  8016,  6.2300801E-01,  8.7881398E+04
   56622,  8016,  8.6274527E-02,  8.7881398E+04
   58721,  8017,  8.0112763E-02,  1.7080760E+06
   58722,  8017,  9.5472015E-02,  1.7080760E+06
   59074,  8017,  2.6541936E-01,  1.7080760E+06
   59075,  8017,  4.0498552E-01,  1.7080760E+06
   59076,  8017,  5.3816710E-02,  1.7080760E+06
   59429,  8017,  1.0019360E-01,  1.7080760E+06
   58016,  8018,  1.7429613E-01,  3.1718432E+04
   58369,  8018,  8.2570386E-01,  3.1718432E+04
   59435,  8019,  6.3356850E-03,  4.7513285E+06
   59436,  8019,  9.7956248E-03,  4.7513285E+06
   59437,  8019,  1.9467372E-02,  4.7513285E+06
   59788,  8019,  9.6062794E-03,  4.7513285E+06
   59789,  8019,  2.6563758E-01,  4.7513285E+06
   59790,  8019,  2.3615161E-01,  4.7513285E+06
   60141,  8019,  4.1123502E-02,  4.7513285E+06
   60142,  8019,  2.2365123E-01,  4.7513285E+06
   60143,  8019,  1.0575040E-01,  4.7513285E+06
   60144,  8019,  6.9374009E-03,  4.7513285E+06
   60494,  8019,  3.1840235E-02,  4.7513285E+06
   60495,  8019,  4.3703038E-02,  4.7513285E+06
   54820,  8020,  1.0000000E+00,  3.1678996E+04
   57677,  8021,  7.5755492E-02,  1.3118692E+06
   57678,  8021,  3.8884285E-01,  1.3118692E+06
   58030,  8021,  5.9084419E-02,  1.3118692E+06
   58031,  8021,  4.7631723E-01,  1.3118692E+06
   57667,  8022,  9.1789979E-01,  9.1688453E+04
   58020,  8022,  8.2100190E-02,  9.1688453E+04
   66480,  8023,  1.0000000E+00,  4.4334723E+04
   58727,  8024,  1.0000000E+00,  1.2782499E+05
   62949,  8025,  6.7189122E-03,  1.9720628E+05
   63301,  8025,  2.1697830E-01,  1.9720628E+05
   63302,  8025,  7.7630275E-01,  1.9720628E+05
   58019,  8026,  5.6560032E-02,  6.7231461E+04
   58372,  8026,  9.4343990E-01,  6.7231461E+04
   52011,  8027,  2.1045163E-01,  2.4825873E+05
   52012,  8027,  7.8174829E-01,  2.4825873E+05
   52365,  8027,  7.8000845E-03,  2.4825873E+05
   71792,  8028,  1.0000000E+00,  1.1821134E+05
   48835,  8029,  1.8936494E-01,  2.0094566E+05
   48836,  8029,  3.9429009E-01,  2.0094566E+05
   50244,  8029,  1.0686177E-01,  2.0094566E+05
   50597,  8029,  3.0877927E-01,  2.0094566E+05
   50598,  8029,  7.0386135E-04,  2.0094566E+05
   54116,  8030,  1.6772624E-02,  4.4380691E+04
   54117,  8030,  9.7194022E-01,  4.4380691E+04
   54470,  8030,  1.1287139E-02,  4.4380691E+04
   58711,  8031,  1.1260659E-01,  5.4700450E+05
   59064,  8031,  1.3743477E-02,  5.4700450E+05
   59421,  8031,  7.3293112E-02,  5.4700450E+05
   59422,  8031,  1.7769231E-01,  5.4700450E+05
   59423,  8031,  3.0367988E-01,  5.4700450E+05
   59774,  8031,  3.1898463E-01,  5.4700450E+05
   52379,  8032,  4.1829022E-03,  1.0747321E+06
   52380,  8032,  9.2322451E-01,  1.0747321E+06
   52733,  8032,  7.2592571E-02,  1.0747321E+06
   53080,  8033,  2.4005970E-01,  2.3793779E+04
   53081,  8033,  7.5994027E-01,  2.3793779E+04
   64360,  8034,  9.1498673E-01,  1.9671394E+05
   64361,  8034,  8.5013270E-02,  1.9671394E+05
   70004,  8035,  9.4466889E-01,  1.2000361E+05
   70005,  8035,  5.5331089E-02,  1.2000361E+05
   53094,  8036,  5.7722771E-01,  3.9745028E+05
   53095,  8036,  2.7611011E-01,  3.9745028E+05
   53447,  8036,  5.6281388E-02,  3.9745028E+05
   53448,  8036,  9.0380765E-02,  3.9745028E+05
   72495,  8037,  4.2684358E-02,  5.8139660E+06
   72496,  8037,  1.6660504E-02,  5.8139660E+06
   72846,  8037,  3.7394207E-02,  5.8139660E+06
   72847,  8037,  7.1610883E-02,  5.8139660E+06
   72848,  8037,  2.3305333E-01,  5.8139660E+06
   72849,  8037,  4.8952423E-02,  5.8139660E+06
   73199,  8037,  6.9690938E-03,  5.8139660E+06
   73200,  8037,  2.1075504E-01,  5.8139660E+06
   73201,  8037,  1.6100430E-01,  5.8139660E+06
   73202,  8037,  1.0217401E-03,  5.8139660E+06
   73552,  8037,  3.4740657E-02,  5.8139660E+06
   73553,  8037,  1.1561418E-01,  5.8139660E+06
   73554,  8037,  1.9539244E-02,  5.8139660E+06
   58737,  8038,  9.1887349E-01,  5.8610992E+04
   59090,  8038,  8.1126519E-02,  5.8610992E+04
   52740,  8039,  1.0000000E+00,  5.6950977E+04
   62591,  8040,  6.0780895E-01,  6.3978581E+05
   63299,  8040,  2.3154134E-01,  6.3978581E+05
   63300,  8040,  3.2158713E-03,  6.3978581E+05
   64708,  8040,  1.5743382E-01,  6.3978581E+05
   56591,  8041,  9.6110028E-01,  2.3397486E+04
   56944,  8041,  3.8899746E-02,  2.3397486E+04
   61578,  8042,  4.4769678E-01,  7.7556398E+04
   61931,  8042,  5.5230325E-01,  7.7556398E+04
   60830,  8043,  9.8000014E-01,  9.3021039E+04
   61183,  8043,  1.9999858E-02,  9.3021039E+04
   51675,  8044,  1.0000000E+00,  1.3653166E+05
   58030,  8045,  4.2948168E-02,  4.3500522E+05
   58031,  8045,  2.7319871E-02,  4.3500522E+05
   58383,  8045,  1.9718863E-01,  4.3500522E+05
   58384,  8045,  3.2173613E-01,  4.3500522E+05
   58735,  8045,  4.1080722E-01,  4.3500522E+05
   51652,  8046,  1.0000000E+00,  1.6518955E+04
   57997,  8047,  8.6654741E-01,  4.9712195E+04
   57998,  8047,  1.3345268E-01,  4.9712195E+04
   61539,  8048,  4.4612624E-02,  3.5664147E+05
   61892,  8048,  2.3022617E-01,  3.5664147E+05
   62246,  8048,  2.9719353E-01,  3.5664147E+05
   62599,  8048,  4.2796767E-01,  3.5664147E+05
   54839,  8049,  1.7823207E-01,  7.8361062E+04
   54840,  8049,  8.2176793E-01,  7.8361062E+04
   67536,  8050,  7.1228556E-02,  9.3225938E+05
   67537,  8050,  4.1291349E-02,  9.3225938E+05
   67889,  8050,  8.2029617E-01,  9.3225938E+05
   67890,  8050,  6.7183860E-02,  9.3225938E+05
   58352,  8051,  1.0000000E+00,  9.1779199E+03
   63690,  8052,  7.0988202E-01,  6.2994981E+05
   63691,  8052,  2.9011789E-01,  6.2994981E+05
   71088,  8053,  5.7189572E-01,  1.7138772E+05
   71793,  8053,  4.2810425E-01,  1.7138772E+05
   59431,  8054,  4.7647905E-01,  5.6324445E+04
   59432,  8054,  5.2352101E-01,  5.6324445E+04
   57677,  8055,  8.6337954E-02,  1.2911870E+05
   58030,  8055,  9.1182452E-01,  1.2911870E+05
   58735,  8055,  1.8374955E-03,  1.2911870E+05
   54138,  8056,  1.0000000E+00,  2.6064127E+04
   56605,  8057,  9.2758435E-01,  5.9794887E+04
   56958,  8057,  7.2415642E-02,  5.9794887E+04
   55208,  8058,  1.0000000E+00,  2.6627980E+04
   52025,  8059,  8.7458795E-01,  1.4437309E+05
   52378,  8059,  1.2541209E-01,  1.4437309E+05
   52025,  8060,  1.0000000E+00,  1.6152786E+05
   56965,  8061,  1.0000000E+00,  2.8322789E+04
   56265,  8062,  1.9306076E-01,  2.6083655E+05
   56618,  8062,  8.5547358E-02,  2.6083655E+05
   56973,  8062,  4.7096353E-02,  2.6083655E+05
   56974,  8062,  1.0679216E-01,  2.6083655E+05
   57326,  8062,  2.1175025E-01,  2.6083655E+05
   57327,  8062,  2.2169255E-01,  2.6083655E+05
   57679,  8062,  1.3406056E-01,  2.6083655E+05
   61535,  8063,  8.6381388E-01,  1.1070470E+05
   61536,  8063,  1.3618615E-01,  1.1070470E+05
   53079,  8064,  5.4056954E-01,  6.9459289E+04
   53080,  8064,  4.5943043E-01,  6.9459289E+04
   53767,  8065,  8.5759863E-02,  2.4338844E+04
   53768,  8065,  7.2507584E-01,  2.4338844E+04
   54121,  8065,  1.8916433E-01,  2.4338844E+04
   56942,  8066,  1.0000000E+00,  3.7965953E+04
   54497,  8067,  1.3177966E-02,  1.4475175E+05
   54850,  8067,  9.8682207E-01,  1.4475175E+05
   19977,  9002,  4.1479476E-02,  5.6738969E+05
   20330,  9002,  8.5943037E-01,  5.6738969E+05
   20331,  9002,  9.9090166E-02,  5.6738969E+05
   19272,  9003,  1.1549753E-03,  1.6246960E+06
   19624,  9003,  3.4140915E-01,  1.6246960E+06
   19625,  9003,  6.5743589E-01,  1.6246960E+06
   19622,  9004,  7.5949043E-02,  4.5761312E+05
   19623,  9004,  7.8226596E-01,  4.5761316E+05
   19976,  9004,  1.4178506E-01,  4.5761316E+05
   19978,  9005,  6.9016650E-02,  1.6893324E+06
   19979,  9005,  4.3938566E-02,  1.6893324E+06
   20330,  9005,  5.6305878E-02,  1.6893324E+06
   20331,  9005,  6.2339056E-01,  1.6893324E+06
   20332,  9005,  4.2220406E-02,  1.6893324E+06
   20683,  9005,  9.2807421E-03,  1.6893324E+06
   20684,  9005,  1.5584716E-01,  1.6893324E+06
   19625,  9006,  2.2333000E-02,  4.9553456E+05
   19978,  9006,  7.5239438E-01,  4.9553456E+05
   19979,  9006,  2.2527263E-01,  4.9553456E+05
   19272,  9007,  3.7176099E-03,  2.2973185E+06
   19273,  9007,  1.1509077E-02,  2.2973185E+06
   19625,  9007,  3.0335039E-01,  2.2973185E+06
   19626,  9007,  5.4383260E-01,  2.2973185E+06
   19627,  9007,  3.4496717E-02,  2.2973185E+06
   19978,  9007,  3.5806812E-02,  2.2973185E+06
   19979,  9007,  6.7286775E-02,  2.2973185E+06
   19270,  9008,  1.1890776E-01,  3.8316784E+05
   19271,  9008,  5.4293215E-02,  3.8316784E+05
   19623,  9008,  4.2449561E-01,  3.8316784E+05
   19624,  9008,  4.0230343E-01,  3.8316784E+05
   18919,  9009,  1.4605433E-01,  4.1730078E+05
   18920,  9009,  6.8806088E-01,  4.1730078E+05
   18921,  9009,  4.5797825E-02,  4.1730078E+05
   19273,  9009,  9.9800877E-02,  4.1730078E+05
   19274,  9009,  2.0286094E-02,  4.1730078E+05
   19623,  9010,  2.6222187E-01,  1.1499358E+06
   19624,  9010,  5.5478293E-01,  1.1499358E+06
   19976,  9010,  6.7333663E-03,  1.1499358E+06
   19977,  9010,  1.7626184E-01,  1.1499358E+06
   18921,  9011,  3.4579092E-03,  7.1460794E+05
   19273,  9011,  6.3764971E-01,  7.1460794E+05
   19274,  9011,  8.2624175E-02,  7.1460794E+05
   19626,  9011,  2.1511348E-01,  7.1460794E+05
   19627,  9011,  6.1154697E-02,  7.1460794E+05
   18565,  9012,  8.7880734E-03,  1.3593866E+06
   18918,  9012,  5.9917901E-02,  1.3593866E+06
   18919,  9012,  6.5419339E-02,  1.3593866E+06
   19270,  9012,  1.0137834E-03,  1.3593866E+06
   19271,  9012,  5.7454127E-01,  1.3593866E+06
   19272,  9012,  1.8972018E-01,  1.3593866E+06
   19624,  9012,  5.6540132E-02,  1.3593866E+06
   19625,  9012,  4.4059299E-02,  1.3593866E+06
   18919,  9013,  5.4160606E-02,  9.5275194E+05
   19272,  9013,  6.8410492E-01,  9.5275194E+05
   19273,  9013,  2.4649474E-01,  9.5275194E+05
   19625,  9013,  1.5239693E-02,  9.5275194E+05
   19624,  9014,  2.6275152E-01,  6.7806525E+05
   19625,  9014,  1.9571508E-01,  6.7806525E+05
   19977,  9014,  2.7322957E-01,  6.7806525E+05
   19978,  9014,  2.6830381E-01,  6.7806525E+05
   19977,  9015,  3.5725242E-01,  6.2405506E+05
   19978,  9015,  5.9451669E-01,  6.2405506E+05
   20330,  9015,  4.3467819E-03,  6.2405506E+05
   20331,  9015,  4.3884069E-02,  6.2405506E+05
   19976,  9016,  8.0031142E-02,  7.3406875E+05
   19977,  9016,  8.9248073E-01,  7.3406875E+05
   20330,  9016,  2.7488124E-02,  7.3406875E+05
   19978,  9017,  8.8572425E-01,  6.0581975E+05
   19979,  9017,  1.1427575E-01,  6.0581975E+05
   41799, 10001,  6.1345381E-01,  9.7726430E+04
   41800, 10001,  1.4086190E-02,  9.7726430E+04
   42152, 10001,  3.4921134E-01,  9.7726430E+04
   42153, 10001,  2.3248728E-02,  9.7726430E+04
   44604, 10002,  1.0000000E+00,  1.5404436E+04
   43917, 10003,  6.0533208E-01,  1.7299174E+04
   43918, 10003,  3.9466795E-01,  1.7299174E+04
   40751, 10004,  1.9664551E-01,  1.4109450E+05
   41104, 10004,  1.7793588E-02,  1.4109450E+05
   43223, 10004,  2.2693110E-01,  1.4109450E+05
   43224, 10004,  6.3503496E-02,  1.4109450E+05
   43576, 10004,  2.9099792E-01,  1.4109450E+05
   43577, 10004,  6.1478730E-02,  1.4109450E+05
   44282, 10004,  1.4264971E-01,  1.4109450E+05
   39329, 10005,  5.3916741E-03,  2.0935339E+06
   39682, 10005,  3.4873682E-01,  2.0935339E+06
   39683, 10005,  2.9035604E-01,  2.0935339E+06
   40035, 10005,  1.0469361E-01,  2.0935339E+06
   40036, 10005,  2.4537970E-01,  2.0935339E+06
   40037, 10005,  5.4421485E-03,  2.0935339E+06
   42523, 10006,  1.0000000E+00,  1.7002250E+04
   46402, 10007,  8.6376660E-02,  1.1564855E+06
   46403, 10007,  7.2067320E-01,  1.1564855E+06
   46755, 10007,  5.6730962E-04,  1.1564855E+06
   46756, 10007,  1.6532879E-01,  1.1564855E+06
   46757, 10007,  3.0611306E-03,  1.1564855E+06
   47110, 10007,  2.3206703E-02,  1.1564855E+06
   47816, 10007,  7.8619947E-04,  1.1564855E+06
   40749, 10008,  1.7711367E-01,  2.7060562E+05
   41453, 10008,  1.4541336E-02,  2.7060562E+05
   41454, 10008,  4.5022759E-01,  2.7060562E+05
   41807, 10008,  2.0914510E-01,  2.7060562E+05
   41808, 10008,  1.4897229E-01,  2.7060562E+05
   48140, 10009,  4.1609653E-03,  4.6053402E+04
   48141, 10009,  9.9583906E-01,  4.6053402E+04
   49564, 10010,  1.0000000E+00,  1.7901529E+04
   48149, 10011,  1.0000000E+00,  1.5467808E+04
   45697, 10012,  8.5185152E-03,  6.9286894E+05
   45698, 10012,  7.0989117E-02,  6.9286894E+05
   46048, 10012,  8.8090524E-02,  6.9286894E+05
   46049, 10012,  1.9039999E-01,  6.9286894E+05
   46050, 10012,  7.3246196E-02,  6.9286894E+05
   46402, 10012,  3.4300420E-01,  6.9286894E+05
   46403, 10012,  2.2575147E-01,  6.9286894E+05
   47458, 10013,  1.8517418E-01,  2.9927719E+05
   47813, 10013,  2.0517132E-01,  2.9927719E+05
   47814, 10013,  5.2813957E-03,  2.9927719E+05
   50632, 10013,  1.3995032E-01,  2.9927719E+05
   37214, 10014,  2.3271832E-01,  3.0988488E+04
   37567, 10014,  7.5294244E-01,  3.0988488E+04
   37568, 10014,  1.4339218E-02,  3.0988488E+04
   44984, 10015,  1.0000000E+00,  6.1024250E+04
   38981, 10016,  1.0000000E+00,  6.2698168E+04
   49912, 10017,  1.9819815E-02,  1.1260693E+05
   50264, 10017,  2.5767857E-01,  1.1260693E+05
   50265, 10017,  7.2250158E-01,  1.1260693E+05
   48147, 10018,  1.0000000E+00,  1.1157875E+05
   42845, 10019,  1.0000000E+00,  3.7835238E+04
   41451, 10020,  8.9131945E-01,  5.0713926E+04
   41452, 10020,  1.0868061E-01,  5.0713926E+04
   42866, 10021,  2.7301094E-02,  1.1012470E+05
   42867, 10021,  2.1410489E-01,  1.1012470E+05
   43220, 10021,  7.5859398E-01,  1.1012470E+05
   39336, 10022,  1.4284082E-01,  7.3816703E+04
   39689, 10022,  8.0711514E-01,  7.3816703E+04
   39690, 10022,  5.0044063E-02,  7.3816703E+04
   38612, 10023,  2.2378008E-01,  2.3563442E+05
   38615, 10023,  1.5286726E-01,  2.3563442E+05
   38616, 10023,  2.3037025E-01,  2.3563442E+05
   38968, 10023,  9.9280499E-02,  2.3563442E+05
   38969, 10023,  2.9370192E-01,  2.3563442E+05
   44626, 10024,  8.5635149E-01,  6.6115227E+04
   44979, 10024,  1.4364849E-01,  6.6115227E+04
   48498, 10025,  1.0000000E+00,  2.3420895E+04
   40021, 10026,  3.9161372E-05,  3.9025891E+04
   40374, 10026,  9.9996084E-01,  3.9025891E+04
   42175, 10027,  3.0280054E-01,  2.3076496E+04
   42528, 10027,  6.9719946E-01,  2.3076496E+04
   42862, 10028,  1.5547514E-01,  5.5955516E+04
   43215, 10028,  8.4452486E-01,  5.5955516E+04
   45688, 10029,  1.0000000E+00,  3.5536809E+04
   46394, 10030,  1.0000000E+00,  1.5703106E+04
   41815, 10031,  1.0000000E+00,  7.9808727E+04
   44263, 10032,  9.9352229E-01,  2.2582042E+05
   44264, 10032,  6.4777071E-03,  2.2582042E+05
   37926, 10033,  1.0000000E+00,  6.6983789E+04
   43893, 10034,  6.4424731E-02,  1.7996471E+04
   44246, 10034,  9.3557525E-01,  1.7996471E+04
   45319, 10035,  3.6682468E-02,  6.6383688E+04
   45672, 10035,  9.6331751E-01,  6.6383688E+04
   47813, 10036,  7.7387062E-03,  1.0160448E+05
   47816, 10036,  2.2074166E-01,  1.0160448E+05
   48521, 10036,  4.7008626E-02,  1.0160448E+05
   48522, 10036,  3.3129049E-03,  1.0160448E+05
   48874, 10036,  5.6144232E-01,  1.0160448E+05
   48875, 10036,  1.5975578E-01,  1.0160448E+05
   44956, 10037,  5.0386202E-01,  2.8745980E+04
   44957, 10037,  4.9613795E-01,  2.8745980E+04
   38278, 10038,  1.5262970E-01,  1.3766319E+05
   38631, 10038,  8.4737027E-01,  1.3766319E+05
   43561, 10039,  1.0000000E+00,  1.1597502E+05
   24186, 11001,  8.1824946E-01,  1.9288889E+05
   24539, 11001,  2.6879512E-02,  1.9288889E+05
   25245, 11001,  1.5487103E-01,  1.9288889E+05
   22075, 11002,  9.3764119E-02,  5.6468881E+05
   22430, 11002,  6.5328360E-01,  5.6468881E+05
   22431, 11002,  1.2127961E-01,  5.6468881E+05
   22783, 11002,  2.2788571E-02,  5.6468881E+05
   23136, 11002,  1.0888408E-01,  5.6468881E+05
   26312, 11003,  1.0255944E-02,  6.3547831E+05
   26313, 11003,  9.4454759E-01,  6.3547831E+05
   27020, 11003,  4.5196485E-02,  6.3547831E+05
   24196, 11004,  5.5408722E-01,  2.7460466E+05
   24197, 11004,  2.4007658E-02,  2.7460466E+05
   24549, 11004,  1.8170404E-01,  2.7460466E+05
   24550, 11004,  2.4020112E-01,  2.7460466E+05
   24548, 11005,  2.2491615E-02,  3.6274378E+05
   24549, 11005,  3.0698571E-01,  3.6274378E+05
   24550, 11005,  5.2056685E-02,  3.6274378E+05
   24901, 11005,  1.0394433E-01,  3.6274378E+05
   24902, 11005,  3.0473083E-01,  3.6274378E+05
   24903, 11005,  1.4111719E-01,  3.6274378E+05
   24904, 11005,  6.8673640E-02,  3.6274378E+05
   27737, 11006,  4.0204339E-02,  6.0208247E+03
   28090, 11006,  9.5979571E-01,  6.0208247E+03
   24194, 11007,  1.2225186E-02,  2.0297169E+06
   24195, 11007,  3.2190613E-02,  2.0297169E+06
   24546, 11007,  1.4724659E-02,  2.0297169E+06
   24547, 11007,  5.6856352E-01,  2.0297169E+06
   24548, 11007,  2.7842199E-02,  2.0297169E+06
   24899, 11007,  1.1271938E-02,  2.0297169E+06
   24900, 11007,  2.6463124E-01,  2.0297169E+06
   24901, 11007,  5.1104233E-02,  2.0297169E+06
   25254, 11007,  1.7446419E-02,  2.0297169E+06
   25593, 11008,  1.0000000E+00,  1.3824145E+05
   25253, 11009,  4.7317866E-02,  2.5371128E+05
   25254, 11009,  4.7976920E-01,  2.5371128E+05
   25606, 11009,  6.9031686E-02,  2.5371128E+05
   25607, 11009,  4.0388125E-01,  2.5371128E+05
   23140, 11010,  1.0000000E+00,  6.6004953E+04
   23840, 11011,  9.1003969E-02,  2.4999602E+05
   24191, 11011,  2.3907039E-02,  2.4999602E+05
   24192, 11011,  2.5578400E-02,  2.4999602E+05
   24193, 11011,  5.6784293E-03,  2.4999602E+05
   24544, 11011,  1.0325416E-02,  2.4999602E+05
   24545, 11011,  6.0395569E-01,  2.4999602E+05
   24546, 11011,  2.3955110E-01,  2.4999602E+05
   24890, 11012,  8.3683711E-01,  1.3673117E+05
   25243, 11012,  1.6316296E-01,  1.3673117E+05
   27377, 11013,  1.0000000E+00,  6.5718672E+04
   27369, 11014,  2.1236578E-01,  4.0028812E+05
   27370, 11014,  7.8763419E-01,  4.0028812E+05
   25953, 11015,  2.0361284E-02,  7.1608744E+05
   26306, 11015,  1.1273112E-02,  7.1608744E+05
   26307, 11015,  5.7689965E-02,  7.1608744E+05
   26308, 11015,  2.0182995E-02,  7.1608744E+05
   26659, 11015,  7.6777332E-02,  7.1608744E+05
   26660, 11015,  7.7875757E-01,  7.1608744E+05
   27013, 11015,  3.4957696E-02,  7.1608744E+05
   23833, 11016,  1.0000000E+00,  6.2473043E+04
   24894, 11017,  2.2581656E-02,  1.6989221E+06
   24895, 11017,  6.8790289E-03,  1.6989221E+06
   25245, 11017,  1.3742929E-02,  1.6989221E+06
   25246, 11017,  8.9399464E-02,  1.6989221E+06
   25247, 11017,  7.3901755E-01,  1.6989221E+06
   25248, 11017,  1.8905640E-03,  1.6989221E+06
   25599, 11017,  5.6701661E-03,  1.6989221E+06
   25600, 11017,  8.4538952E-02,  1.6989221E+06
   25601, 11017,  3.4338830E-03,  1.6989221E+06
   25953, 11017,  3.2845806E-02,  1.6989221E+06
   23486, 11018,  2.8604012E-02,  1.3853781E+05
   23838, 11018,  5.6686074E-01,  1.3853781E+05
   23839, 11018,  4.0283424E-01,  1.3853781E+05
   24191, 11018,  1.7010059E-03,  1.3853781E+05
   22786, 11019,  4.1842788E-01,  1.2769591E+05
   23139, 11019,  5.8157212E-01,  1.2769591E+05
   26303, 11020,  3.1101333E-03,  4.1458535E+06
   26656, 11020,  5.2168556E-03,  4.1458535E+06
   27007, 11020,  2.3454558E-02,  4.1458535E+06
   27008, 11020,  2.1527861E-01,  4.1458535E+06
   27009, 11020,  2.0400207E-01,  4.1458535E+06
   27010, 11020,  8.9924671E-03,  4.1458535E+06
   27360, 11020,  5.6127872E-02,  4.1458535E+06
   27361, 11020,  3.7985700E-01,  4.1458535E+06
   27362, 11020,  8.9930937E-02,  4.1458535E+06
   27713, 11020,  1.9519262E-04,  4.1458535E+06
   27714, 11020,  1.3834313E-02,  4.1458535E+06
   22777, 11021,  9.1064926E-03,  2.5189600E+05
   22778, 11021,  9.3169296E-01,  2.5189600E+05
   23131, 11021,  5.9200503E-02,  2.5189600E+05
   29481, 11022,  1.0000000E+00,  6.2125156E+04
   23827, 11023,  1.9121902E-01,  3.4532428E+05
   24181, 11023,  9.2240788E-02,  3.4532428E+05
   24183, 11023,  9.8716453E-02,  3.4532428E+05
   24184, 11023,  6.1782378E-01,  3.4532428E+05
   24541, 11024,  9.3092841E-01,  2.9756332E+04
   24894, 11024,  6.9071591E-02,  2.9756332E+04
   26653, 11025,  4.5126796E-01,  2.2093278E+05
   27006, 11025,  5.4873210E-01,  2.2093278E+05
   25951, 11026,  7.3384070E-01,  9.2987344E+04
   26304, 11026,  2.6615933E-01,  9.2987344E+04
   24191, 11027,  1.2731872E-03,  8.6521075E+05
   24542, 11027,  3.5181537E-03,  8.6521075E+05
   24543, 11027,  9.3453832E-02,  8.6521075E+05
   24544, 11027,  1.9033382E-02,  8.6521075E+05
   24894, 11027,  1.1889712E-02,  8.6521075E+05
   24895, 11027,  1.7281452E-01,  8.6521075E+05
   24896, 11027,  6.4640951E-01,  8.6521075E+05
   24897, 11027,  1.0258407E-02,  8.6521075E+05
   25248, 11027,  4.1349355E-02,  8.6521075E+05
   23133, 11028,  6.4032197E-02,  5.2505731E+05
   23134, 11028,  3.1382102E-01,  5.2505731E+05
   23135, 11028,  1.3014719E-01,  5.2505731E+05
   23486, 11028,  2.6855460E-01,  5.2505731E+05
   23487, 11028,  1.6194041E-01,  5.2505731E+05
   23488, 11028,  6.1504539E-02,  5.2505731E+05
   28782, 11029,  1.0000000E+00,  6.2685836E+04
   28778, 11030,  5.0547999E-01,  3.5116278E+05
   28779, 11030,  1.1710726E-01,  3.5116278E+05
   29133, 11030,  9.6784988E-03,  3.5116278E+05
   29486, 11030,  1.4298201E-01,  3.5116278E+05
   29487, 11030,  1.0104968E-01,  3.5116278E+05
   30189, 11030,  1.2370253E-01,  3.5116278E+05
   26653, 11031,  9.6030122E-01,  3.3091912E+05
   27006, 11031,  3.9698750E-02,  3.3091912E+05
   26670, 11032,  8.0009335E-01,  2.2670605E+05
   26671, 11032,  1.6415515E-03,  2.2670605E+05
   27024, 11032,  1.9826517E-01,  2.2670605E+05
   27728, 11033,  1.4172699E-01,  4.4375272E+05
   28080, 11033,  4.1406915E-01,  4.4375272E+05
   28081, 11033,  4.4420382E-01,  4.4375272E+05
   27379, 11034,  2.7882734E-02,  2.6050816E+04
   27380, 11034,  9.7211725E-01,  2.6050816E+04
   24898, 11035,  1.4235680E-01,  1.9978861E+05
   24899, 11035,  9.4130382E-02,  1.9978861E+05
   25251, 11035,  6.4315176E-01,  1.9978861E+05
   25252, 11035,  1.2036107E-01,  1.9978861E+05
   23133, 11036,  1.0000000E+00,  4.7753031E+04
   25951, 11037,  2.1104522E-03,  3.8033722E+05
   26304, 11037,  9.8912522E-02,  3.8033722E+05
   26305, 11037,  6.1684275E-01,  3.8033722E+05
   26306, 11037,  3.6755215E-02,  3.8033722E+05
   26657, 11037,  5.0691258E-02,  3.8033722E+05
   26658, 11037,  1.5516421E-01,  3.8033722E+05
   27010, 11037,  3.0793110E-02,  3.8033722E+05
   27011, 11037,  8.7304488E-03,  3.8033722E+05
   22432, 11038,  2.3758748E-01,  6.5767008E+04
   22433, 11038,  7.6241243E-01,  6.5767008E+04
   23488, 11039,  3.0392185E-01,  1.6862952E+05
   23489, 11039,  6.7621535E-01,  1.6862952E+05
   23842, 11039,  1.9862734E-02,  1.6862952E+05
   27025, 11040,  8.9246139E-02,  2.8391242E+04
   27026, 11040,  9.0110594E-01,  2.8391242E+04
   27379, 11040,  9.6479077E-03,  2.8391242E+04
   22778, 11041,  4.0437031E-01,  2.8600112E+05
   23131, 11041,  5.9562963E-01,  2.8600112E+05
   23482, 11042,  6.3433379E-02,  3.6859803E+05
   23837, 11042,  2.7176967E-01,  3.6859803E+05
   24189, 11042,  9.4390191E-02,  3.6859803E+05
   24190, 11042,  5.7040679E-01,  3.6859803E+05
   27731, 11043,  1.0000000E+00,  1.8912574E+04
   24544, 11044,  2.6100162E-01,  1.9338433E+05
   24545, 11044,  6.3312280E-01,  1.9338433E+05
   24899, 11044,  1.0587555E-01,  1.9338433E+05
   28086, 11045,  1.0000000E+00,  1.7153137E+04
   22775, 11046,  1.7324673E-01,  3.2788284E+05
   22776, 11046,  1.0038349E-01,  3.2788284E+05
   23129, 11046,  4.4781610E-02,  3.2788284E+05
   23131, 11046,  2.6107857E-01,  3.2788284E+05
   23132, 11046,  3.2608399E-01,  3.2788284E+05
   23133, 11046,  6.5573372E-02,  3.2788284E+05
   23484, 11046,  1.7469777E-02,  3.2788284E+05
   23485, 11046,  1.1382485E-02,  3.2788284E+05
    8321, 12001,  2.6650305E-03,  2.7752452E+06
    8322, 12001,  4.6718393E-02,  2.7752452E+06
    8673, 12001,  9.9846885E-02,  2.7752452E+06
    8674, 12001,  2.6128432E-01,  2.7752452E+06
    8675, 12001,  4.1293230E-02,  2.7752452E+06
    8676, 12001,  4.8439899E-03,  2.7752452E+06
    9025, 12001,  1.5239077E-02,  2.7752452E+06
    9026, 12001,  1.5474084E-01,  2.7752452E+06
    9027, 12001,  3.3881679E-01,  2.7752452E+06
    9028, 12001,  4.2882629E-04,  2.7752452E+06
    9381, 12001,  1.1703604E-02,  2.7752452E+06
    9734, 12001,  1.9524684E-02,  2.7752452E+06
    9735, 12001,  1.5342227E-03,  2.7752452E+06
   10087, 12001,  7.8087422E-04,  2.7752452E+06
   10088, 12001,  5.7928672E-04,  2.7752452E+06
   12567, 12002,  2.4505404E-01,  2.0270625E+04
   12568, 12002,  7.5494599E-01,  2.0270625E+04
   14314, 12003,  4.4159141E-01,  1.2930425E+05
   14666, 12003,  4.1056737E-01,  1.2930425E+05
   14667, 12003,  3.2911880E-03,  1.2930425E+05
   15019, 12003,  1.4455007E-01,  1.2930425E+05
   11515, 12004,  1.0000000E+00,  2.2376549E+04
   12572, 12005,  1.9817309E-01,  4.9837164E+04
   12573, 12005,  8.0182695E-01,  4.9837164E+04
   14321, 12006,  1.0000000E+00,  6.0151461E+04
   15022, 12007,  2.0166616E-01,  1.2852848E+05
   15023, 12007,  7.7522695E-01,  1.2852848E+05
   15375, 12007,  2.3106843E-02,  1.2852848E+05
   14330, 12008,  1.0000000E+00,  2.4638008E+04
   10806, 12009,  1.7702760E-01,  1.4254275E+04
   10807, 12009,  8.2297236E-01,  1.4254275E+04
   11861, 12010,  4.2771250E-01,  3.2881293E+04
   11862, 12010,  5.7228756E-01,  3.2881293E+04
   10079, 12011,  1.6996840E-01,  1.6999580E+05
   10432, 12011,  6.6935754E-01,  1.6999580E+05
   10787, 12011,  1.6067408E-01,  1.6999580E+05
    9389, 12012,  1.0000000E+00,  7.7786844E+04
    8336, 12013,  9.8563391E-01,  3.2266305E+04
    8337, 12013,  1.4366074E-02,  3.2266305E+04
   10078, 12014,  5.0924271E-01,  4.1993266E+04
   10079, 12014,  4.9075726E-01,  4.1993266E+04
   15738, 12015,  7.9303477E-03,  5.7525008E+04
   15739, 12015,  9.9206960E-01,  5.7525008E+04
   15005, 12016,  2.3963538E-01,  1.9129082E+04
   15006, 12016,  7.6036459E-01,  1.9129082E+04
   14677, 12017,  8.5494119E-01,  1.0765914E+05
   15030, 12017,  1.4505886E-01,  1.0765914E+05
    7625, 12018,  7.6126081E-01,  6.3041098E+04
    7626, 12018,  2.6055694E-02,  6.3041098E+04
    7627, 12018,  1.1307314E-03,  6.3041098E+04
    7978, 12018,  2.1138965E-01,  6.3041098E+04
    7979, 12018,  1.6309763E-04,  6.3041098E+04
   13978, 12019,  9.9740219E-01,  4.2454996E+04
   14330, 12019,  2.5977571E-03,  4.2454996E+04
   11511, 12020,  1.0000000E+00,  1.7645881E+04
    9025, 12021,  5.5212542E-02,  1.5707423E+05
    9026, 12021,  6.4244848E-03,  1.5707423E+05
    9377, 12021,  4.3741724E-01,  1.5707423E+05
    9378, 12021,  2.0270930E-01,  1.5707423E+05
    9379, 12021,  8.6530475E-03,  1.5707423E+05
    9731, 12021,  2.8896583E-02,  1.5707423E+05
    9732, 12021,  1.0752363E-01,  1.5707423E+05
   10436, 12021,  1.5316318E-01,  1.5707423E+05
   15017, 12022,  2.7156491E-03,  9.9922125E+04
   15018, 12022,  9.9728435E-01,  9.9922125E+04
    6925, 12023,  2.5676396E-01,  1.2537030E+05
    7279, 12023,  7.4323601E-01,  1.2537030E+05
   12571, 12024,  2.0553397E-01,  1.9606008E+04
   12924, 12024,  7.9446608E-01,  1.9606008E+04
    8331, 12025,  1.0000000E+00,  2.3983057E+04
   14322, 12026,  1.0000000E+00,  1.9761510E+04
   15725, 12027,  9.6729594E-01,  6.3916809E+04
   17139, 12027,  3.2704134E-02,  6.3916812E+04
   11506, 12028,  3.9613523E-02,  2.5306377E+05
   11859, 12028,  2.2982214E-02,  2.5306377E+05
   12211, 12028,  9.0864138E-04,  2.5306377E+05
   12212, 12028,  9.3649560E-01,  2.5306377E+05
   10443, 12029,  4.4623997E-02,  9.6379662E+05
   11149, 12029,  7.4632606E-04,  9.6379662E+05
   11498, 12029,  2.6839240E-02,  9.6379662E+05
   11502, 12029,  1.4859001E-01,  9.6379662E+05
   11503, 12029,  1.5636163E-03,  9.6379662E+05
   11854, 12029,  4.4475198E-03,  9.6379662E+05
   11855, 12029,  7.7093858E-01,  9.6379662E+05
   12208, 12029,  2.2507503E-03,  9.6379662E+05
    8329, 12030,  4.6139202E-01,  7.3164219E+04
    8330, 12030,  5.3860795E-01,  7.3164219E+04
   15378, 12031,  1.1609437E-01,  1.5861586E+04
   15731, 12031,  8.8390565E-01,  1.5861586E+04
   12908, 12032,  1.0000000E+00,  3.9573035E+04
   12925, 12033,  1.0000000E+00,  5.3762234E+04
   13976, 12034,  1.6356780E-01,  1.8517577E+05
   15034, 12034,  6.8124843E-01,  1.8517577E+05
   15386, 12034,  1.5518384E-01,  1.8517577E+05
   13971, 12035,  5.1130079E-02,  6.7832894E+05
   14677, 12035,  5.7005878E-03,  6.7832894E+05
   14679, 12035,  5.2405819E-02,  6.7832894E+05
   15030, 12035,  2.8140992E-03,  6.7832894E+05
   15031, 12035,  1.1942389E-02,  6.7832894E+05
   15032, 12035,  7.3713496E-02,  6.7832894E+05
   15384, 12035,  6.7330140E-01,  6.7832894E+05
   15385, 12035,  1.2899216E-01,  6.7832894E+05
    8337, 12036,  1.0000000E+00,  2.4394635E+04
   15734, 12037,  3.0446646E-03,  2.0148898E+04
   16087, 12037,  9.9695528E-01,  2.0148898E+04
   12183, 12038,  2.7400225E-01,  5.9840088E+05
   12184, 12038,  4.8213655E-01,  5.9840088E+05
   12185, 12038,  6.5035678E-02,  5.9840088E+05
   12536, 12038,  1.7882551E-01,  5.9840088E+05
   10089, 12039,  1.6904660E-02,  5.8423461E+04
   10090, 12039,  9.8309535E-01,  5.8423461E+04
   11850, 12040,  4.0433362E-02,  8.8535398E+04
   12203, 12040,  1.8744807E-01,  8.8535398E+04
   12206, 12040,  7.7211863E-01,  8.8535398E+04
   10453, 12041,  1.0000000E+00,  9.5321914E+03
   12563, 12042,  1.0000000E+00,  2.1818508E+04
   10456, 12043,  1.0000000E+00,  3.2458975E+04
   11503, 12044,  9.0645140E-01,  3.3222551E+04
   11504, 12044,  9.3548596E-02,  3.3222551E+04
   12923, 12045,  6.6413361E-01,  7.1959781E+04
   13276, 12045,  2.2922796E-01,  7.1959781E+04
   13277, 12045,  1.0663842E-01,  7.1959781E+04
    7985, 12046,  2.1257021E-02,  2.2613247E+05
    7986, 12046,  8.4702857E-02,  2.2613247E+05
    8338, 12046,  7.6535076E-01,  2.2613247E+05
    8339, 12046,  1.0993444E-01,  2.2613247E+05
    8340, 12046,  1.8754909E-02,  2.2613247E+05
   16086, 12047,  1.0000000E+00,  1.0642170E+04
   11481, 12048,  8.6290561E-02,  2.1356064E+05
   11833, 12048,  2.7105954E-01,  2.1356064E+05
   11834, 12048,  6.4264989E-01,  2.1356064E+05
   16795, 12049,  3.7662555E-02,  2.8609361E+04
   17148, 12049,  9.6233749E-01,  2.8609361E+04
   15018, 12050,  6.8226993E-02,  1.7212406E+05
   15019, 12050,  1.3285105E-01,  1.7212406E+05
   15371, 12050,  7.9892200E-01,  1.7212406E+05
   11152, 12051,  6.7563224E-01,  6.1476742E+04
   11153, 12051,  3.2436779E-01,  6.1476742E+04
    8687, 12052,  4.7245571E-01,  1.5567066E+05
    8688, 12052,  2.8519332E-01,  1.5567066E+05
    9394, 12052,  2.4235100E-01,  1.5567066E+05
    8328, 12053,  2.4581426E-01,  1.2975832E+05
    8679, 12053,  5.5520755E-01,  1.2975832E+05
    8680, 12053,  5.1011551E-02,  1.2975832E+05
    9384, 12053,  5.5271510E-02,  1.2975832E+05
    9385, 12053,  9.2695154E-02,  1.2975832E+05
   14315, 12054,  1.0000000E+00,  4.1396734E+04
   15737, 12055,  1.0799797E-01,  3.2615934E+05
   15738, 12055,  4.3155404E-04,  3.2615934E+05
   16089, 12055,  4.9799830E-01,  3.2615934E+05
   16090, 12055,  2.2206661E-01,  3.2615934E+05
   16091, 12055,  8.8698477E-02,  3.2615934E+05
   16442, 12055,  1.8448159E-02,  3.2615934E+05
   16443, 12055,  6.4358890E-02,  3.2615934E+05
    9386, 12056,  2.0564592E-01,  4.8872266E+04
    9387, 12056,  5.4875100E-01,  4.8872266E+04
    9739, 12056,  2.4560307E-01,  4.8872266E+04
   10077, 12057,  1.6173538E-02,  2.3608248E+05
   10426, 12057,  7.8229271E-02,  2.3608248E+05
   10427, 12057,  2.3834045E-01,  2.3608248E+05
   10429, 12057,  1.2458651E-01,  2.3608248E+05
   10430, 12057,  3.8629854E-01,  2.3608248E+05
   10778, 12057,  1.5637170E-01,  2.3608248E+05
   15380, 12058,  7.9956657E-01,  1.4568328E+05
   15381, 12058,  2.0043334E-01,  1.4568328E+05
   14679, 12059,  8.7344520E-02,  9.7605164E+04
   14680, 12059,  2.7564812E-01,  9.7605164E+04
   15032, 12059,  6.3700742E-01,  9.7605164E+04
   16442, 12060,  1.0000000E+00,  1.5819703E+04
   11856, 12061,  7.7649492E-01,  1.0684651E+05
   12209, 12061,  2.2350509E-01,  1.0684651E+05
    8339, 12062,  3.3930533E-02,  2.5912846E+04
    8340, 12062,  1.9922378E-02,  2.5912846E+04
    8692, 12062,  8.9771616E-01,  2.5912846E+04
    8693, 12062,  4.8430894E-02,  2.5912846E+04
   10805, 12063,  1.0000000E+00,  1.3584889E+04
   15373, 12064,  1.0000000E+00,  4.6333402E+04
   11868, 12065,  5.4363780E-02,  2.6803914E+04
   12221, 12065,  9.4563621E-01,  2.6803914E+04
   11866, 12066,  1.0000000E+00,  2.3344920E+05
   14666, 12067,  8.1624433E-02,  1.0169455E+05
   14667, 12067,  5.4303503E-01,  1.0169455E+05
   15021, 12067,  3.7534055E-01,  1.0169455E+05
   13588, 12068,  1.9398311E-03,  6.2647172E+04
   13589, 12068,  4.2075068E-01,  6.2647172E+04
   13593, 12068,  5.7730943E-01,  6.2647172E+04
   11512, 12069,  8.3530200E-01,  2.3933748E+04
   11513, 12069,  1.6469799E-01,  2.3933748E+04
   13279, 12070,  1.1840536E-01,  3.8246969E+04
   13632, 12070,  8.8159466E-01,  3.8246969E+04
    8341, 12071,  8.0592722E-02,  4.6020965E+04
    8693, 12071,  6.0478836E-01,  4.6020965E+04
    8694, 12071,  3.1461883E-01,  4.6020965E+04
   11510, 12072,  1.0000000E+00,  1.3103866E+04
   15720, 12073,  1.0000000E+00,  4.0733148E+04
   12211, 12074,  3.9188576E-01,  5.5365859E+04
   12564, 12074,  5.3242590E-02,  5.5365859E+04
   12565, 12074,  5.5487162E-01,  5.5365859E+04
   12207, 12075,  1.0717221E-01,  2.0401794E+05
   12208, 12075,  3.8329321E-01,  2.0401794E+05
   12561, 12075,  4.5911524E-02,  2.0401794E+05
   12912, 12075,  1.8597959E-01,  2.0401794E+05
   12914, 12075,  5.4419640E-02,  2.0401794E+05
   13618, 12075,  1.8435348E-02,  2.0401794E+05
   13619, 12075,  2.0478845E-01,  2.0401794E+05
   10803, 12076,  9.9202222E-01,  3.3141945E+04
   11156, 12076,  7.9778070E-03,  3.3141945E+04
    7627, 12077,  1.0000000E+00,  4.5359047E+04
   10455, 12078,  1.0000000E+00,  1.5989288E+04
   11507, 12079,  3.8971186E-01,  1.4269726E+04
   11508, 12079,  6.1028808E-01,  1.4269726E+04
    7982, 12080,  1.0000000E+00,  4.7320453E+04
    9747, 12081,  1.0000000E+00,  8.9433447E+03
   23163, 13001,  1.0000000E+00,  6.6333726E+03
   23164, 13002,  1.0370682E-03,  1.8578181E+05
   23165, 13002,  1.3279930E-01,  1.8578181E+05
   23166, 13002,  6.3864189E-01,  1.8578181E+05
   23518, 13002,  2.2752173E-01,  1.8578181E+05
   23157, 13003,  2.9006468E-02,  3.1331000E+05
   23509, 13003,  2.9096147E-01,  3.1331000E+05
   23510, 13003,  4.5548964E-01,  3.1331000E+05
   23863, 13003,  2.2454241E-01,  3.1331000E+05
   23869, 13004,  1.2576647E-01,  2.4469174E+04
   23870, 13004,  1.0772478E-02,  2.4469174E+04
   24222, 13004,  5.9300929E-01,  2.4469174E+04
   24223, 13004,  2.7045181E-01,  2.4469174E+04
   22802, 13005,  4.2832571E-01,  1.6514333E+05
   23155, 13005,  2.8134146E-01,  1.6514333E+05
   23156, 13005,  2.8979406E-01,  1.6514333E+05
   23508, 13005,  5.3876120E-04,  1.6514333E+05
   24211, 13006,  1.0000000E+00,  2.0947330E+04
   21398, 13007,  1.0000000E+00,  2.9060494E+04
   21397, 13008,  5.6815498E-02,  8.3585625E+04
   21398, 13008,  9.4318449E-01,  8.3585625E+04
   23157, 13009,  1.1908620E-02,  4.9359902E+04
   23510, 13009,  9.8809135E-01,  4.9359902E+04
   22447, 13010,  1.1320827E-01,  1.4213052E+05
   22448, 13010,  6.6561304E-02,  1.4213052E+05
   22800, 13010,  3.7771571E-01,  1.4213052E+05
   22801, 13010,  4.4251472E-01,  1.4213052E+05
   27046, 13011,  1.0000000E+00,  2.3799250E+04
   23866, 13012,  1.0000000E+00,  4.9941715E+04
   22094, 13013,  7.0966268E-04,  1.5636906E+05
   22447, 13013,  4.6859682E-01,  1.5636906E+05
   22448, 13013,  5.3069353E-01,  1.5636906E+05
   26337, 13014,  2.9487554E-03,  4.0140152E+04
   26338, 13014,  7.6049101E-01,  4.0140152E+04
   26339, 13014,  2.3656026E-01,  4.0140152E+04
   25273, 13015,  1.0000000E+00,  8.1918564E+03
   22458, 13016,  3.1207830E-02,  2.1661586E+05
   22459, 13016,  2.0843914E-01,  2.1661586E+05
   22811, 13016,  7.6035297E-01,  2.1661586E+05
   23504, 13017,  1.6763121E-01,  2.7115744E+04
   23857, 13017,  8.3236879E-01,  2.7115744E+04
   27393, 13018,  1.0000000E+00,  1.8975631E+04
   23859, 13019,  9.9773562E-01,  1.7690605E+04
   23860, 13019,  2.2644803E-03,  1.7690605E+04
   25629, 13020,  1.0000000E+00,  3.5161352E+04
   21043, 13021,  1.3856985E-01,  3.8641754E+04
   21044, 13021,  8.6143017E-01,  3.8641754E+04
   22454, 13022,  9.3482357E-01,  2.9727459E+04
   22807, 13022,  6.5176427E-02,  2.9727459E+04
   23508, 13023,  6.5500152E-01,  1.6682348E+05
   23509, 13023,  3.4499851E-01,  1.6682348E+05
   23514, 13024,  1.0000000E+00,  5.4951421E+03
   27047, 13025,  1.0000000E+00,  2.8428770E+04
   26692, 13026,  1.0000000E+00,  3.3246914E+03
   24579, 13027,  1.0000000E+00,  1.9761275E+04
   27044, 13028,  3.4425042E-03,  2.2209142E+05
   27045, 13028,  5.3642865E-02,  2.2209142E+05
   27397, 13028,  1.0848268E-01,  2.2209142E+05
   27398, 13028,  1.9957429E-01,  2.2209142E+05
   27399, 13028,  6.3485771E-01,  2.2209142E+05
   23853, 13029,  4.3615308E-03,  1.6624319E+05
   23854, 13029,  2.7195778E-01,  1.6624319E+05
   23855, 13029,  4.8469909E-02,  1.6624319E+05
   24206, 13029,  3.5952297E-01,  1.6624319E+05
   24207, 13029,  6.2342156E-02,  1.6624319E+05
   24208, 13029,  2.5334567E-01,  1.6624319E+05
   24213, 13030,  5.1172044E-02,  4.0003116E+05
   24565, 13030,  5.0348932E-01,  4.0003116E+05
   24566, 13030,  4.4533864E-01,  4.0003116E+05
   26684, 13031,  8.2180279E-01,  3.6618930E+04
   27037, 13031,  1.7819713E-01,  3.6618930E+04
   27397, 13032,  1.0000000E+00,  2.7705951E+04
   25982, 13033,  1.0000000E+00,  2.4862246E+04
   25983, 13034,  1.8814911E-01,  9.1508682E+03
   26336, 13034,  8.1185097E-01,  9.1508682E+03
   23517, 13035,  1.0000000E+00,  1.8015254E+04
   24925, 13036,  1.0000000E+00,  1.4883977E+04
   24924, 13037,  6.1678725E-01,  3.2434838E+04
   25277, 13037,  3.8321275E-01,  3.2434838E+04
   23158, 13038,  2.5992356E-02,  1.3037863E+04
   23159, 13038,  1.1740455E-01,  1.3037863E+04
   23512, 13038,  8.5660303E-01,  1.3037863E+04
   23160, 13039,  1.0000000E+00,  6.3683086E+04
   27390, 13040,  9.5958686E-01,  6.2598081E+03
   27391, 13040,  4.0413130E-02,  6.2598081E+03
   23154, 13041,  1.4187132E-01,  1.4575348E+05
   23506, 13041,  2.4695987E-01,  1.4575348E+05
   23507, 13041,  6.1116880E-01,  1.4575348E+05
   25983, 13042,  1.0000000E+00,  4.0857172E+04
   25625, 13043,  1.0406156E-01,  3.4413330E+03
   25978, 13043,  8.9593840E-01,  3.4413330E+03
   23502, 13044,  1.0000000E+00,  1.5026910E+04
   23160, 13045,  1.0000000E+00,  1.2711826E+04
   27396, 13046,  1.9971633E-01,  7.4255734E+04
   27749, 13046,  7.9980421E-01,  7.4255734E+04
   27750, 13046,  4.7947658E-04,  7.4255734E+04
   27035, 13047,  4.6424219E-01,  1.2820882E+04
   27036, 13047,  5.3575784E-01,  1.2820882E+04
   22805, 13048,  1.3678485E-01,  1.2970988E+06
   22806, 13048,  3.5314718E-01,  1.2970988E+06
   23158, 13048,  6.5952107E-02,  1.2970988E+06
   23159, 13048,  4.4411585E-01,  1.2970988E+06
   27745, 13049,  1.0000000E+00,  1.4321239E+04
   23507, 13050,  1.0000000E+00,  7.3213156E+04
   22454, 13051,  4.1483005E-04,  5.7957825E+05
   22806, 13051,  6.0400152E-01,  5.7957825E+05
   22807, 13051,  2.3377815E-01,  5.7957825E+05
   23159, 13051,  7.0629396E-02,  5.7957825E+05
   23160, 13051,  9.1176122E-02,  5.7957825E+05
   22449, 13052,  1.9627370E-02,  1.4356131E+05
   22450, 13052,  3.5204232E-02,  1.4356131E+05
   22452, 13052,  6.2277270E-03,  1.4356131E+05
   22804, 13052,  9.6428320E-02,  1.4356131E+05
   22805, 13052,  1.9137198E-01,  1.4356131E+05
   23157, 13052,  2.7647525E-01,  1.4356131E+05
   23158, 13052,  3.1030068E-01,  1.4356131E+05
   23159, 13052,  6.4364463E-02,  1.4356131E+05
   24224, 13053,  1.0000000E+00,  1.2328942E+04
   23509, 13054,  4.1584367E-01,  1.2573684E+05
   23862, 13054,  5.8415633E-01,  1.2573684E+05
   24215, 13055,  6.1734748E-01,  7.3806766E+04
   24216, 13055,  3.8265246E-01,  7.3806766E+04
   22810, 13056,  3.4466410E-01,  1.2072771E+05
   22811, 13056,  6.5533590E-01,  1.2072771E+05
   22456, 13057,  1.0000000E+00,  2.8634420E+04
   24917, 13058,  8.4434229E-01,  4.2270359E+04
   24918, 13058,  1.5565769E-01,  4.2270359E+04
   24561, 13059,  2.2217213E-01,  4.9700223E+04
   24913, 13059,  8.4508415E-03,  4.9700223E+04
   24914, 13059,  7.6937705E-01,  4.9700223E+04
   23871, 13060,  5.2659148E-01,  1.0827257E+04
   24224, 13060,  4.7340849E-01,  1.0827257E+04
   21396, 13061,  5.2657604E-01,  2.6772697E+05
   21749, 13061,  4.3718690E-01,  2.6772697E+05
   21750, 13061,  3.6237039E-02,  2.6772697E+05
   27041, 13062,  1.0000000E+00,  5.8416533E+03
   21740, 13063,  9.8403648E-02,  2.7684406E+05
   21741, 13063,  9.7642159E-03,  2.7684406E+05
   22093, 13063,  6.8293470E-01,  2.7684406E+05
   22094, 13063,  1.4930251E-01,  2.7684406E+05
   22446, 13063,  5.4680277E-02,  2.7684406E+05
   22447, 13063,  4.9146451E-03,  2.7684406E+05
   23152, 13064,  1.0000000E+00,  1.4493081E+04
   22801, 13065,  6.0586232E-01,  8.2125586E+04
   22802, 13065,  2.0285912E-01,  8.2125586E+04
   23154, 13065,  1.9127859E-01,  8.2125586E+04
   22099, 13066,  1.0000000E+00,  4.7540945E+04
   23152, 13067,  2.3552950E-01,  2.3648852E+05
   23153, 13067,  7.2146672E-01,  2.3648852E+05
   23506, 13067,  4.3003786E-02,  2.3648852E+05
   25631, 13068,  1.0000000E+00,  1.4889647E+04
   21744, 13069,  1.8960318E-01,  7.3202912E+05
   21745, 13069,  2.9747400E-01,  7.3202912E+05
   22097, 13069,  1.5840521E-02,  7.3202912E+05
   22098, 13069,  4.9708235E-01,  7.3202912E+05
   22801, 13070,  6.6971532E-03,  8.9900125E+04
   23153, 13070,  4.4972736E-01,  8.9900125E+04
   23154, 13070,  5.4357547E-01,  8.9900125E+04
   26333, 13071,  5.0964439E-01,  4.9700356E+03
   26334, 13071,  3.9299434E-01,  4.9700356E+03
   26686, 13071,  9.7361319E-02,  4.9700356E+03
   21749, 13072,  1.0000000E+00,  4.4786641E+04
   26690, 13073,  9.9110764E-01,  2.2768154E+04
   27396, 13073,  8.8923667E-03,  2.2768154E+04
   22800, 13074,  3.1512865E-01,  1.1522344E+05
   22801, 13074,  5.5996639E-01,  1.1522344E+05
   23154, 13074,  1.2490493E-01,  1.1522344E+05
   22098, 13075,  3.4761184E-01,  5.8590895E+04
   22451, 13075,  6.5238822E-01,  5.8590895E+04
   22446, 13076,  2.6665691E-01,  4.6811556E+05
   22447, 13076,  1.0079196E-01,  4.6811556E+05
   22799, 13076,  4.5924884E-01,  4.6811556E+05
   22800, 13076,  1.1688909E-01,  4.6811556E+05
   23152, 13076,  5.6413185E-02,  4.6811556E+05
   22810, 13077,  2.5549018E-01,  6.5186488E+05
   22811, 13077,  2.7806956E-01,  6.5186488E+05
   23163, 13077,  1.5009011E-01,  6.5186488E+05
   23164, 13077,  2.0365292E-01,  6.5186488E+05
   23165, 13077,  9.5621385E-02,  6.5186488E+05
   23517, 13077,  1.7075788E-02,  6.5186488E+05
   25988, 13078,  3.8749177E-02,  7.2851245E+03
   26341, 13078,  9.6125084E-01,  7.2851245E+03
   25983, 13079,  5.5807400E-02,  1.8068342E+04
   25984, 13079,  9.4419259E-01,  1.8068342E+04
   26340, 13080,  5.5023265E-01,  1.7246490E+04
   26693, 13080,  4.4976741E-01,  1.7246490E+04
   25278, 13081,  1.0000000E+00,  1.0893246E+05
   22451, 13082,  3.7832183E-03,  1.5972366E+05
   22452, 13082,  7.6959121E-01,  1.5972366E+05
   22453, 13082,  1.9332800E-03,  1.5972366E+05
   22805, 13082,  2.2469230E-01,  1.5972366E+05
   21748, 13083,  2.2306322E-01,  2.4803414E+05
   22101, 13083,  3.4980413E-01,  2.4803414E+05
   22452, 13083,  4.7411546E-03,  2.4803414E+05
   22453, 13083,  3.9906925E-01,  2.4803414E+05
   22805, 13083,  1.0914277E-02,  2.4803414E+05
   22806, 13083,  1.2407946E-02,  2.4803414E+05
   25622, 13084,  1.8035513E-01,  9.8346422E+04
   25623, 13084,  8.1964487E-01,  9.8346422E+04
   25582, 14001,  1.0000000E+00,  6.8742586E+04
   24161, 14002,  2.0057257E-01,  9.4281648E+04
   24162, 14002,  7.9942745E-01,  9.4281648E+04
   25217, 14003,  4.4667116E-01,  7.4407500E+04
   25569, 14003,  6.3691869E-02,  7.4407500E+04
   25570, 14003,  4.8963693E-01,  7.4407500E+04
   22397, 14004,  1.0000000E+00,  3.3535168E+04
   25925, 14005,  7.0419258E-01,  5.0214762E+04
   25926, 14005,  2.9580745E-01,  5.0214762E+04
   24510, 14006,  1.8363871E-01,  1.7690230E+05
   24511, 14006,  1.1814000E-01,  1.7690230E+05
   24862, 14006,  1.2235336E-03,  1.7690230E+05
   24863, 14006,  6.9699776E-01,  1.7690230E+05
   25922, 14007,  1.0000001E+00,  3.9110602E+04
   25235, 14008,  5.7868642E-01,  2.2823561E+05
   25236, 14008,  1.7404167E-01,  2.2823561E+05
   25588, 14008,  6.8779968E-02,  2.2823561E+05
   25589, 14008,  7.5087517E-02,  2.2823561E+05
   25941, 14008,  1.2340487E-02,  2.2823561E+05
   26294, 14008,  9.1063939E-02,  2.2823561E+05
   25573, 14009,  8.9423621E-01,  7.7868688E+04
   25574, 14009,  4.1198011E-02,  7.7868688E+04
   25926, 14009,  6.4565815E-02,  7.7868688E+04
   22748, 14010,  7.3071994E-02,  3.8044887E+04
   23101, 14010,  7.9848200E-01,  3.8044887E+04
   23102, 14010,  1.2844607E-01,  3.8044887E+04
   23448, 14011,  1.7254806E-01,  2.4423900E+04
   23449, 14011,  8.2745200E-01,  2.4423900E+04
   24152, 14012,  1.0000000E+00,  1.9227115E+04
   24527, 14013,  2.1219890E-01,  1.4767791E+05
   24528, 14013,  1.0824711E-01,  1.4767791E+05
   24880, 14013,  3.7454009E-01,  1.4767791E+05
   24881, 14013,  3.0501392E-01,  1.4767791E+05
   22398, 14014,  1.0000000E+00,  3.4122773E+04
   21329, 14015,  9.6475267E-01,  2.2370842E+05
   21682, 14015,  3.5247300E-02,  2.2370842E+05
   23824, 14016,  2.2225417E-01,  1.2240495E+05
   24176, 14016,  2.2263296E-01,  1.2240495E+05
   24529, 14016,  3.1336382E-02,  1.2240495E+05
   24530, 14016,  3.4982672E-01,  1.2240495E+05
   24882, 14016,  1.7394976E-01,  1.2240495E+05
   22741, 14017,  6.2385470E-02,  4.5114969E+04
   23094, 14017,  9.3761450E-01,  4.5114969E+04
   23468, 14018,  7.7913368E-01,  1.6316036E+05
   23820, 14018,  4.9591521E-03,  1.6316036E+05
   23821, 14018,  8.2554869E-02,  1.6316036E+05
   24174, 14018,  1.3335223E-01,  1.6316036E+05
   30161, 14019,  1.0000000E+00,  7.1342837E+03
   23789, 14020,  1.0000000E+00,  2.0694439E+04
   20268, 14021,  1.8199742E-03,  1.2434184E+05
   20269, 14021,  1.2447394E-01,  1.2434184E+05
   20621, 14021,  2.4090490E-01,  1.2434184E+05
   20622, 14021,  6.2057054E-01,  1.2434184E+05
   20974, 14021,  1.2230647E-02,  1.2434184E+05
   18854, 14022,  2.2004296E-01,  1.8525562E+05
   19207, 14022,  3.4670630E-01,  1.8525562E+05
   19208, 14022,  2.2419830E-01,  1.8525562E+05
   19209, 14022,  2.0905241E-01,  1.8525562E+05
   20986, 14023,  8.5088634E-01,  3.0840166E+05
   20987, 14023,  1.1651406E-01,  3.0840166E+05
   21339, 14023,  1.8118523E-02,  3.0840166E+05
   21340, 14023,  1.4481142E-02,  3.0840166E+05
   23806, 14024,  7.0971483E-01,  8.9274484E+04
   24159, 14024,  1.3051006E-01,  8.9274484E+04
   24160, 14024,  1.5977508E-01,  8.9274484E+04
   31579, 14025,  1.0000000E+00,  8.5750453E+04
   22048, 14026,  3.6853738E-02,  4.0436188E+04
   22401, 14026,  9.5004725E-01,  4.0436188E+04
   22402, 14026,  1.3099082E-02,  4.0436188E+04
   19917, 14027,  1.0000000E+00,  2.0736291E+04
   23093, 14028,  1.0296773E-01,  2.1489801E+04
   23094, 14028,  5.8395779E-01,  2.1489801E+04
   23446, 14028,  1.0182898E-01,  2.1489801E+04
   23447, 14028,  2.1124546E-01,  2.1489801E+04
   26286, 14029,  1.9462150E-01,  3.4718152E+04
   26287, 14029,  8.0537850E-01,  3.4718152E+04
   23106, 14030,  1.1750343E-03,  2.8513847E+05
   23458, 14030,  2.1041716E-02,  2.8513847E+05
   23459, 14030,  2.7255254E-02,  2.8513847E+05
   23460, 14030,  2.5777644E-01,  2.8513847E+05
   23461, 14030,  1.6307072E-01,  2.8513847E+05
   23812, 14030,  2.9722180E-03,  2.8513847E+05
   23813, 14030,  2.5161111E-01,  2.8513847E+05
   23814, 14030,  1.3632807E-01,  2.8513847E+05
   24167, 14030,  1.1097322E-01,  2.8513847E+05
   24168, 14030,  2.7796233E-02,  2.8513847E+05
   30161, 14031,  1.0000000E+00,  7.4647417E+03
   22747, 14032,  1.0000000E+00,  2.7157902E+04
   24179, 14033,  1.0000000E+00,  1.0601141E+05
   22037, 14034,  1.0000000E+00,  1.6411941E+04
   28766, 14035,  1.4079034E-02,  2.1885939E+05
   28767, 14035,  5.4083270E-01,  2.1885939E+05
   29120, 14035,  1.7741130E-01,  2.1885939E+05
   29121, 14035,  1.1142015E-01,  2.1885939E+05
   29474, 14035,  1.5625684E-01,  2.1885939E+05
   25568, 14036,  6.8525922E-01,  7.1866820E+04
   25569, 14036,  3.0040485E-01,  7.1866820E+04
   25920, 14036,  1.1466177E-02,  7.1866820E+04
   25922, 14036,  2.8697110E-03,  7.1866820E+04
   21331, 14037,  4.5702320E-02,  1.0138532E+05
   21683, 14037,  6.3396543E-03,  1.0138532E+05
   21684, 14037,  9.4795799E-01,  1.0138532E+05
   24859, 14038,  1.0000000E+00,  2.3653906E+04
   24870, 14039,  1.7573643E-02,  2.9132995E+06
   24871, 14039,  5.3129900E-02,  2.9132995E+06
   25223, 14039,  1.2605400E-01,  2.9132995E+06
   25224, 14039,  5.1302397E-01,  2.9132995E+06
   25225, 14039,  1.4374714E-01,  2.9132995E+06
   25576, 14039,  5.7491474E-03,  2.9132995E+06
   25577, 14039,  1.3298988E-01,  2.9132995E+06
   25578, 14039,  7.7323476E-03,  2.9132995E+06
   26981, 14040,  1.0000000E+00,  3.0259680E+04
   32639, 14041,  1.0000000E+00,  4.4858094E+04
   33690, 14042,  1.0000000E+00,  4.7251660E+04
   20266, 14043,  8.5905371E-03,  5.3531148E+04
   20267, 14043,  9.9140948E-01,  5.3531148E+04
   23813, 14044,  1.4372769E-01,  1.3385359E+05
   23814, 14044,  2.6782787E-01,  1.3385359E+05
   24166, 14044,  2.2324990E-01,  1.3385359E+05
   24167, 14044,  3.6519453E-01,  1.3385359E+05
   25931, 14045,  9.6742368E-01,  3.5315992E+04
   26284, 14045,  3.2576274E-02,  3.5315992E+04
   27352, 14046,  1.0000000E+00,  1.2235500E+05
   23466, 14047,  7.6158273E-01,  7.7608844E+04
   23819, 14047,  4.1016344E-02,  7.7608844E+04
   23820, 14047,  1.9740096E-01,  7.7608844E+04
   24884, 14048,  1.0000000E+00,  5.2414828E+04
   19579, 14049,  1.3598838E-01,  1.7134539E+04
   19580, 14049,  8.6401165E-01,  1.7134539E+04
   23458, 14050,  5.6427169E-01,  1.7692691E+05
   23459, 14050,  2.3450455E-01,  1.7692691E+05
   23810, 14050,  1.9107448E-01,  1.7692691E+05
   23811, 14050,  1.0149297E-02,  1.7692691E+05
   24520, 14051,  9.9890167E-01,  4.9702551E+04
   24873, 14051,  1.0982640E-03,  4.9702551E+04
   22744, 14052,  1.0000000E+00,  3.2938902E+04
   28064, 14053,  5.7181132E-01,  4.0895091E+05
   28065, 14053,  1.0733091E-01,  4.0895091E+05
   28417, 14053,  2.0971304E-01,  4.0895091E+05
   28418, 14053,  5.0045189E-02,  4.0895091E+05
   28772, 14053,  6.1099492E-02,  4.0895091E+05
   21684, 14054,  9.7385138E-01,  4.6220223E+04
   21685, 14054,  2.6148601E-02,  4.6220223E+04
   26275, 14055,  9.5380582E-02,  7.3363422E+04
   26276, 14055,  9.0461946E-01,  7.3363422E+04
   20640, 14056,  1.0000000E+00,  9.5010088E+03
   22402, 14057,  1.0000000E+00,  2.5694066E+04
   24501, 14058,  1.9915007E-01,  5.5089875E+04
   24854, 14058,  8.0084991E-01,  5.5089875E+04
   22050, 14059,  1.5669216E-01,  6.0935410E+04
   22051, 14059,  8.4330785E-01,  6.0935410E+04
   27701, 14060,  7.1625495E-01,  3.4224363E+04
   27702, 14060,  2.8374502E-01,  3.4224363E+04
   32633, 14061,  1.0000000E+00,  2.1973539E+04
   24152, 14062,  4.9590766E-02,  2.6968521E+04
   24153, 14062,  8.7682474E-01,  2.6968521E+04
   24506, 14062,  7.3584512E-02,  2.6968521E+04
   23465, 14063,  1.0565995E-03,  2.7689850E+05
   23466, 14063,  7.5250622E-03,  2.7689850E+05
   23818, 14063,  4.5671794E-01,  2.7689850E+05
   23819, 14063,  5.3316945E-01,  2.7689850E+05
   23820, 14063,  1.5309292E-03,  2.7689850E+05
   30186, 14064,  1.0021980E-03,  9.2889703E+04
   30538, 14064,  1.9222309E-01,  9.2889703E+04
   30539, 14064,  8.0677468E-01,  9.2889703E+04
   19222, 14065,  1.0000000E+00,  4.0685012E+04
   23110, 14066,  9.4361007E-03,  1.3472130E+05
   23465, 14066,  2.1716747E-03,  1.3472130E+05
   23466, 14066,  5.6178975E-03,  1.3472130E+05
   23815, 14066,  1.7455089E-03,  1.3472130E+05
   23816, 14066,  2.6445284E-01,  1.3472130E+05
   23817, 14066,  4.2334071E-01,  1.3472130E+05
   23818, 14066,  2.0078951E-01,  1.3472130E+05
   24170, 14066,  9.2445813E-02,  1.3472130E+05
   24849, 14067,  1.9165976E-02,  9.3987138E+05
   25202, 14067,  5.7592642E-01,  9.3987138E+05
   25203, 14067,  1.1668159E-01,  9.3987138E+05
   25555, 14067,  2.2196609E-01,  9.3987138E+05
   25556, 14067,  3.6365438E-02,  9.3987138E+05
   25910, 14067,  2.9894527E-02,  9.3987138E+05
   20973, 14068,  1.4687648E-01,  3.8633449E+04
   21326, 14068,  8.5312355E-01,  3.8633449E+04
   22052, 14069,  1.0000000E+00,  2.0308572E+04
   24518, 14070,  1.2586679E-02,  6.2092331E+05
   24519, 14070,  1.6043352E-01,  6.2092331E+05
   24520, 14070,  2.1395570E-01,  6.2092331E+05
   24871, 14070,  3.4058198E-01,  6.2092331E+05
   24872, 14070,  2.7244213E-01,  6.2092331E+05
   26988, 14071,  1.0000000E+00,  6.3993784E+03
   26651, 14072,  6.5101963E-01,  4.2750816E+04
   26652, 14072,  3.4898040E-01,  4.2750816E+04
   27706, 14073,  1.4180870E-01,  2.0249572E+05
   27707, 14073,  8.5819131E-01,  2.0249572E+05
   26649, 14074,  9.8971337E-01,  9.7002672E+04
   26650, 14074,  1.0286670E-02,  9.7002672E+04
   25920, 14075,  1.0000000E+00,  2.3021773E+04
   29455, 14076,  3.6753303E-01,  1.5248606E+04
   29808, 14076,  6.3246691E-01,  1.5248606E+04
   24158, 14077,  6.2155581E-01,  1.1202173E+05
   24159, 14077,  2.6141390E-01,  1.1202173E+05
   24512, 14077,  1.1703034E-01,  1.1202173E+05
   26294, 14078,  2.6560272E-03,  1.0922422E+05
   26647, 14078,  8.5607022E-01,  1.0922422E+05
   27000, 14078,  1.4127371E-01,  1.0922422E+05
   21339, 14079,  5.8249867E-01,  6.4737551E+04
   21692, 14079,  4.1750127E-01,  6.4737551E+04
   25559, 14080,  1.4159648E-01,  1.3000466E+04
   25560, 14080,  8.5840356E-01,  1.3000466E+04
   31579, 14081,  4.8832145E-01,  2.6484518E+04
   31580, 14081,  2.1587642E-02,  2.6484518E+04
   31932, 14081,  4.7924918E-01,  2.6484518E+04
   31933, 14081,  1.0841714E-02,  2.6484518E+04
   21691, 14082,  7.3619241E-01,  1.2023216E+05
   21692, 14082,  1.1611661E-01,  1.2023216E+05
   22044, 14082,  1.4769095E-01,  1.2023216E+05
   24515, 14083,  1.0719396E-01,  2.4713253E+05
   24866, 14083,  5.7628769E-02,  2.4713253E+05
   25219, 14083,  1.0075407E-01,  2.4713253E+05
   25220, 14083,  5.5976403E-01,  2.4713253E+05
   25573, 14083,  1.7465912E-01,  2.4713253E+05
   24148, 14084,  1.0000000E+00,  6.1831672E+04
   20988, 14085,  2.0539305E-01,  1.2780411E+05
   20989, 14085,  7.9460692E-01,  1.2780411E+05
   22042, 14086,  6.8800861E-01,  5.4066211E+04
   22396, 14086,  3.1199136E-01,  5.4066211E+04
   19929, 14087,  9.9015945E-01,  5.9017891E+04
   20282, 14087,  9.8405778E-03,  5.9017891E+04
   23098, 14088,  8.1213325E-01,  6.3095586E+04
   23451, 14088,  1.8786670E-01,  6.3095586E+04
   22750, 14089,  1.0000000E+00,  2.5953363E+04
   23096, 14090,  4.7510158E-02,  3.2260178E+04
   23449, 14090,  9.4677150E-01,  3.2260178E+04
   23450, 14090,  5.7182997E-03,  3.2260178E+04
   28410, 14091,  7.1113002E-01,  1.2124077E+05
   28763, 14091,  1.3100754E-01,  1.2124077E+05
   29115, 14091,  6.5105567E-03,  1.2124077E+05
   29116, 14091,  1.5135191E-01,  1.2124077E+05
   22752, 14092,  9.6326405E-01,  2.6503281E+04
   22753, 14092,  3.6735993E-02,  2.6503281E+04
   25230, 14093,  3.1913545E-02,  4.7342203E+05
   25233, 14093,  7.1331538E-02,  4.7342203E+05
   25583, 14093,  1.9177388E-02,  4.7342203E+05
   25584, 14093,  2.4259901E-02,  4.7342203E+05
   25936, 14093,  2.4331366E-01,  4.7342203E+05
   25937, 14093,  4.0322289E-01,  4.7342203E+05
   25938, 14093,  6.2410543E-03,  4.7342203E+05
   25939, 14093,  1.4223774E-01,  4.7342203E+05
   26291, 14093,  3.4301143E-02,  4.7342203E+05
   26644, 14093,  2.4001172E-02,  4.7342203E+05
   26277, 14094,  7.2513872E-01,  1.2172855E+05
   26278, 14094,  5.3642392E-02,  1.2172855E+05
   26632, 14094,  2.2121891E-01,  1.2172855E+05
   25218, 14095,  1.0000000E+00,  2.8230027E+04
   23109, 14096,  8.2192183E-01,  1.0784208E+05
   23110, 14096,  1.7807820E-01,  1.0784208E+05
   24163, 14097,  1.0191876E-02,  1.4318996E+06
   24164, 14097,  6.7766123E-02,  1.4318996E+06
   24165, 14097,  2.1277601E-02,  1.4318996E+06
   24516, 14097,  7.6480240E-02,  1.4318996E+06
   24517, 14097,  2.7557495E-01,  1.4318996E+06
   24518, 14097,  1.7536172E-01,  1.4318996E+06
   24519, 14097,  9.5608592E-02,  1.4318996E+06
   24869, 14097,  6.2294003E-02,  1.4318996E+06
   24870, 14097,  1.2155955E-01,  1.4318996E+06
   24871, 14097,  9.3885303E-02,  1.4318996E+06
   24517, 14098,  1.0440146E-03,  1.4896395E+06
   24870, 14098,  2.3031682E-01,  1.4896395E+06
   24871, 14098,  4.9422601E-01,  1.4896395E+06
   24872, 14098,  1.3971709E-01,  1.4896395E+06
   25223, 14098,  1.2207584E-02,  1.4896395E+06
   25224, 14098,  9.1368280E-02,  1.4896395E+06
   25225, 14098,  3.1120202E-02,  1.4896395E+06
   20628, 14099,  3.9982447E-01,  3.0085447E+04
   20630, 14099,  6.0017550E-01,  3.0085447E+04
   20966, 14100,  2.3860317E-01,  1.2584566E+05
   20967, 14100,  5.0783376E-03,  1.2584566E+05
   21319, 14100,  1.6034225E-01,  1.2584566E+05
   22024, 14100,  8.8360449E-03,  1.2584566E+05
   22025, 14100,  3.8755471E-01,  1.2584566E+05
   22377, 14100,  1.5258014E-01,  1.2584566E+05
   22378, 14100,  4.7005374E-02,  1.2584566E+05
   24872, 14101,  3.0467406E-01,  1.1859252E+06
   24873, 14101,  5.5571310E-02,  1.1859252E+06
   25225, 14101,  6.2273401E-01,  1.1859252E+06
   25226, 14101,  1.7020643E-02,  1.1859252E+06
   21333, 14102,  1.6406313E-01,  3.6083551E+04
   21334, 14102,  8.3593684E-01,  3.6083551E+04
   19926, 14103,  5.5564910E-01,  3.9356105E+04
   19927, 14103,  4.4435087E-01,  3.9356105E+04
   30518, 14104,  7.0454508E-01,  2.0543326E+04
   30871, 14104,  2.9545489E-01,  2.0543326E+04
   24524, 14105,  8.1650531E-01,  5.1949629E+04
   24877, 14105,  1.8349466E-01,  5.1949629E+04
   20980, 14106,  1.0000000E+00,  1.6196049E+04
   23106, 14107,  6.6037899E-01,  3.3002918E+04
   23108, 14107,  3.3962095E-01,  3.3002918E+04
   20281, 14108,  7.1910846E-01,  7.3919883E+04
   20282, 14108,  1.7566663E-01,  7.3919883E+04
   20634, 14108,  9.8637074E-02,  7.3919883E+04
   20635, 14108,  6.5877778E-03,  7.3919883E+04
   27004, 14109,  6.5147616E-02,  5.4593098E+04
   27357, 14109,  9.3485230E-01,  5.4593098E+04
   22036, 14110,  7.7134162E-01,  5.8198480E+04
   22389, 14110,  2.2865838E-01,  5.8198480E+04
   26644, 14111,  1.0000000E+00,  2.6796008E+04
   22051, 14112,  9.1266203E-01,  3.5098449E+04
   22052, 14112,  8.7337971E-02,  3.5098449E+04
   21336, 14113,  1.0000000E+00,  3.7787070E+04
   23807, 14114,  1.4310139E-01,  7.5104047E+04
   23808, 14114,  3.4269711E-01,  7.5104047E+04
   24161, 14114,  5.1420152E-01,  7.5104047E+04
   30869, 14115,  1.0000000E+00,  4.0473703E+04
   29469, 14116,  1.0000000E+00,  7.9040016E+04
   27349, 14117,  4.2357212E-01,  2.7222986E+04
   27350, 14117,  5.7642788E-01,  2.7222986E+04
   27347, 14118,  1.0000000E+00,  8.5750102E+04
   23103, 14119,  5.9511192E-02,  8.2312289E+04
   23456, 14119,  9.4048882E-01,  8.2312289E+04
   24869, 14120,  9.9058468E-03,  3.2874198E+06
   24870, 14120,  7.8525230E-02,  3.2874198E+06
   25222, 14120,  3.2201726E-02,  3.2874198E+06
   25223, 14120,  2.9783404E-01,  3.2874198E+06
   25574, 14120,  4.8049129E-05,  3.2874198E+06
   25575, 14120,  1.8210500E-02,  3.2874198E+06
   25576, 14120,  2.7377570E-01,  3.2874198E+06
   25577, 14120,  2.0693561E-01,  3.2874198E+06
   25928, 14120,  5.3694692E-02,  3.2874198E+06
   25929, 14120,  1.9418340E-02,  3.2874198E+06
   25930, 14120,  9.4502773E-03,  3.2874198E+06
   20634, 14121,  8.8674879E-01,  9.7831461E+04
   20987, 14121,  1.0654011E-01,  9.7831461E+04
   20988, 14121,  6.7110700E-03,  9.7831461E+04
   20276, 14122,  1.0000000E+00,  1.3794355E+04
   24170, 14123,  4.4290784E-01,  3.1689475E+04
   24523, 14123,  5.5709213E-01,  3.1689475E+04
   24521, 14124,  8.0164731E-02,  1.5857397E+05
   24873, 14124,  6.3827261E-02,  1.5857397E+05
   24874, 14124,  6.2055409E-01,  1.5857397E+05
   25227, 14124,  2.3545392E-01,  1.5857397E+05
   25586, 14125,  1.0000000E+00,  6.3549336E+04
   22086, 15001,  5.0807986E-02,  1.1092748E+05
   22087, 15001,  9.2478073E-01,  1.1092748E+05
   22088, 15001,  1.3226630E-03,  1.1092748E+05
   22440, 15001,  2.3088574E-02,  1.1092748E+05
   20685, 15002,  1.7834383E-01,  1.0795966E+06
   20686, 15002,  4.0072924E-01,  1.0795966E+06
   20687, 15002,  2.2105688E-02,  1.0795966E+06
   21038, 15002,  1.8588884E-03,  1.0795966E+06
   21039, 15002,  3.0227351E-01,  1.0795966E+06
   21040, 15002,  9.4688796E-02,  1.0795966E+06
   22793, 15003,  1.5617520E-02,  9.2623250E+04
   22794, 15003,  3.6211467E-01,  9.2623250E+04
   23146, 15003,  6.2226778E-01,  9.2623250E+04
   17498, 15004,  1.0000000E+00,  2.9283135E+04
   19264, 15005,  2.1693426E-01,  4.8183559E+05
   19265, 15005,  1.3674575E-02,  4.8183559E+05
   19617, 15005,  1.6683505E-01,  4.8183559E+05
   19618, 15005,  3.9124143E-01,  4.8183559E+05
   19970, 15005,  8.4647223E-02,  4.8183559E+05
   19971, 15005,  8.4634282E-02,  4.8183559E+05
   20323, 15005,  2.4160599E-02,  4.8183559E+05
   20324, 15005,  1.7872598E-02,  4.8183559E+05
   18915, 15006,  1.0000000E+00,  7.6909969E+04
   19261, 15007,  7.1519047E-01,  1.9854035E+04
   19262, 15007,  2.8480956E-01,  1.9854035E+04
   16786, 15008,  3.4804210E-01,  5.5364789E+04
   16787, 15008,  2.5132936E-01,  5.5364789E+04
   16789, 15008,  4.0062851E-01,  5.5364789E+04
   18570, 15009,  5.4005969E-01,  2.4521788E+05
   18571, 15009,  5.8349054E-02,  2.4521788E+05
   18923, 15009,  4.0159124E-01,  2.4521788E+05
   22095, 15010,  8.6762674E-02,  1.8855850E+05
   22448, 15010,  9.1323739E-01,  1.8855850E+05
   20333, 15011,  3.2343086E-02,  2.5195259E+05
   20334, 15011,  2.4425616E-03,  2.5195259E+05
   20685, 15011,  1.6457329E-02,  2.5195259E+05
   20686, 15011,  9.4875705E-01,  2.5195259E+05
   18914, 15012,  2.0146573E-02,  3.7942312E+04
   18915, 15012,  9.7985345E-01,  3.7942312E+04
   20329, 15013,  1.0695938E-01,  2.4677385E+06
   20330, 15013,  1.5784565E-02,  2.4677385E+06
   20681, 15013,  1.6691875E-02,  2.4677385E+06
   20682, 15013,  5.7294393E-01,  2.4677385E+06
   20683, 15013,  2.8762022E-01,  2.4677385E+06
   21381, 15014,  2.7272648E-01,  5.1829666E+05
   21382, 15014,  3.1246790E-01,  5.1829666E+05
   21383, 15014,  5.8750738E-04,  5.1829666E+05
   21734, 15014,  4.1332504E-01,  5.1829666E+05
   21735, 15014,  8.9308299E-04,  5.1829666E+05
   17864, 15015,  1.2269192E-01,  2.3692109E+05
   18217, 15015,  6.0084033E-01,  2.3692109E+05
   18570, 15015,  2.6630393E-01,  2.3692109E+05
   18571, 15015,  1.0163797E-02,  2.3692109E+05
   21041, 15016,  2.1876530E-03,  2.9884988E+05
   21394, 15016,  2.7878597E-01,  2.9884988E+05
   21395, 15016,  8.5649818E-02,  2.9884988E+05
   21396, 15016,  3.1686034E-02,  2.9884988E+05
   21747, 15016,  5.2016515E-01,  2.9884988E+05
   21748, 15016,  5.5265590E-03,  2.9884988E+05
   22100, 15016,  7.5998805E-02,  2.9884988E+05
   18570, 15017,  4.3571326E-01,  6.3869996E+04
   18923, 15017,  5.6428677E-01,  6.3869996E+04
   18560, 15018,  6.4317929E-03,  1.6571391E+05
   18913, 15018,  8.9680934E-01,  1.6571391E+05
   18914, 15018,  9.6758895E-02,  1.6571391E+05
   18915, 15019,  9.0201885E-01,  1.9726125E+05
   19268, 15019,  9.7981192E-02,  1.9726125E+05
   20684, 15020,  1.4161442E-01,  9.4983144E+05
   21037, 15020,  8.5838562E-01,  9.4983144E+05
   17852, 15021,  6.6208053E-01,  3.6938727E+04
   17853, 15021,  3.3791947E-01,  3.6938727E+04
   18922, 15022,  3.8883183E-03,  8.0231227E+04
   19275, 15022,  9.9611163E-01,  8.0231227E+04
   21389, 15023,  8.0361366E-01,  2.8329803E+05
   21742, 15023,  1.9638628E-01,  2.8329803E+05
   21036, 15024,  7.2757733E-01,  6.2500962E+05
   21037, 15024,  1.4916718E-01,  6.2500962E+05
   21389, 15024,  8.3839156E-02,  6.2500962E+05
   21390, 15024,  3.9416324E-02,  6.2500962E+05
   18921, 15025,  8.4728353E-02,  1.8449162E+06
   19274, 15025,  3.1784433E-01,  1.8449162E+06
   19275, 15025,  4.8392963E-01,  1.8449162E+06
   19276, 15025,  6.4365104E-02,  1.8449162E+06
   19628, 15025,  4.9132586E-02,  1.8449162E+06
   21737, 15026,  7.3904192E-01,  2.7611109E+05
   21738, 15026,  2.2592509E-01,  2.7611109E+05
   22090, 15026,  3.5033032E-02,  2.7611109E+05
   18914, 15027,  1.0000000E+00,  4.4856102E+04
   20334, 15028,  2.3436712E-03,  2.2611372E+05
   20686, 15028,  2.7401987E-01,  2.2611372E+05
   20687, 15028,  7.2363645E-01,  2.2611372E+05
   19628, 15029,  5.9734500E-04,  6.7367244E+05
   19980, 15029,  5.5054361E-01,  6.7367244E+05
   19981, 15029,  4.4885910E-01,  6.7367244E+05
   20334, 15030,  1.0399404E-02,  1.8162439E+05
   20686, 15030,  6.3114923E-01,  1.8162439E+05
   20687, 15030,  3.5845134E-01,  1.8162439E+05
   19627, 15031,  4.7614952E-03,  2.4290750E+06
   19628, 15031,  3.3430156E-04,  2.4290750E+06
   19979, 15031,  2.6651088E-02,  2.4290750E+06
   19980, 15031,  9.4740742E-01,  2.4290750E+06
   19981, 15031,  2.0845670E-02,  2.4290750E+06
   19260, 15032,  1.6141559E-01,  1.9064017E+05
   19261, 15032,  4.0255755E-01,  1.9064017E+05
   19613, 15032,  4.3602684E-01,  1.9064017E+05
   20331, 15033,  5.6504093E-02,  5.8354035E+06
   20332, 15033,  2.4465351E-01,  5.8354035E+06
   20684, 15033,  1.0266020E-01,  5.8354035E+06
   20685, 15033,  4.3360874E-01,  5.8354035E+06
   21037, 15033,  3.5773717E-02,  5.8354035E+06
   21038, 15033,  1.2460143E-01,  5.8354035E+06
   21039, 15033,  2.1983292E-03,  5.8354035E+06
   17864, 15034,  7.1202391E-01,  1.1522457E+05
   17865, 15034,  3.9061289E-02,  1.1522457E+05
   18217, 15034,  2.3502858E-01,  1.1522457E+05
   18218, 15034,  1.3886227E-02,  1.1522457E+05
   21741, 15035,  2.7763057E-01,  6.3746506E+05
   21742, 15035,  6.9701427E-01,  6.3746506E+05
   22094, 15035,  1.5419809E-03,  6.3746506E+05
   22095, 15035,  2.3813173E-02,  6.3746506E+05
   21743, 15036,  2.4885170E-02,  4.6419075E+05
   21744, 15036,  4.9101710E-02,  4.6419075E+05
   22096, 15036,  2.6377323E-01,  4.6419075E+05
   22097, 15036,  3.3246946E-01,  4.6419075E+05
   22098, 15036,  2.6792128E-02,  4.6419075E+05
   22449, 15036,  3.8638089E-02,  4.6419075E+05
   22450, 15036,  2.6434025E-01,  4.6419075E+05
   19622, 15037,  1.8800272E-01,  1.3161665E+06
   19623, 15037,  6.7593142E-02,  1.3161665E+06
   19975, 15037,  1.1642958E-01,  1.3161665E+06
   19976, 15037,  6.2389737E-01,  1.3161665E+06
   19977, 15037,  4.0771966E-03,  1.3161665E+06
   20328, 15038,  1.3102379E-03,  2.6188262E+04
   20680, 15038,  7.6242501E-01,  2.6188262E+04
   20681, 15038,  2.3626474E-01,  2.6188262E+04
   19274, 15039,  1.5901679E-02,  2.2381268E+06
   19275, 15039,  2.4346627E-02,  2.2381268E+06
   19627, 15039,  3.8152054E-01,  2.2381268E+06
   19628, 15039,  5.0225782E-01,  2.2381268E+06
   19629, 15039,  2.0295983E-02,  2.2381268E+06
   19630, 15039,  2.3323577E-02,  2.2381268E+06
   19981, 15039,  3.2353777E-02,  2.2381268E+06
   17148, 15040,  1.2083395E-02,  8.1315945E+04
   17500, 15040,  2.9785201E-01,  8.1315945E+04
   17501, 15040,  6.9006455E-01,  8.1315945E+04
   19259, 15041,  1.0000000E+00,  8.8147607E+03
   20322, 15042,  2.7679044E-03,  9.6514500E+05
   20323, 15042,  5.4165840E-02,  9.6514500E+05
   20324, 15042,  1.1488103E-02,  9.6514500E+05
   20675, 15042,  1.0859381E-01,  9.6514500E+05
   20676, 15042,  3.8125101E-01,  9.6514500E+05
   20677, 15042,  1.8645611E-01,  9.6514500E+05
   21028, 15042,  1.5012357E-01,  9.6514500E+05
   21029, 15042,  7.5251684E-02,  9.6514500E+05
   21030, 15042,  2.6120203E-02,  9.6514500E+05
   21381, 15042,  3.7817401E-03,  9.6514500E+05
   18915, 15043,  4.0872243E-01,  9.6547172E+04
   18916, 15043,  5.9127754E-01,  9.6547172E+04
   21037, 15044,  3.4253716E-01,  1.5249912E+05
   21038, 15044,  1.9874308E-02,  1.5249912E+05
   21390, 15044,  6.3758856E-01,  1.5249912E+05
   22091, 15045,  3.5209036E-01,  1.3341508E+05
   22443, 15045,  4.6073148E-01,  1.3341508E+05
   22444, 15045,  1.8717812E-01,  1.3341508E+05
   20328, 15046,  1.0000000E+00,  7.2809180E+04
   20325, 15047,  1.4830732E-02,  9.6342445E+04
   20677, 15047,  4.2457289E-01,  9.6342445E+04
   20678, 15047,  5.6059641E-01,  9.6342445E+04
   20677, 15048,  4.6613598E-03,  3.0337700E+05
   21029, 15048,  3.1929672E-01,  3.0337700E+05
   21030, 15048,  1.3712318E-01,  3.0337700E+05
   21380, 15048,  3.8392738E-01,  3.0337700E+05
   21381, 15048,  1.2840798E-01,  3.0337700E+05
   21382, 15048,  2.5922431E-02,  3.0337700E+05
   21733, 15048,  6.6096114E-04,  3.0337700E+05
   18208, 15049,  4.5216289E-01,  5.5595340E+04
   18561, 15049,  5.4783708E-01,  5.5595340E+04
   18569, 15050,  1.0000000E+00,  1.3320769E+05
   19267, 15051,  3.0401075E-01,  5.6092694E+05
   19268, 15051,  3.1314746E-02,  5.6092694E+05
   19620, 15051,  1.5959190E-01,  5.6092694E+05
   19621, 15051,  5.0284660E-01,  5.6092694E+05
   19973, 15051,  3.6620919E-04,  5.6092694E+05
   19974, 15051,  1.8698554E-03,  5.6092694E+05
   17856, 15052,  1.0000000E+00,  6.5150875E+04
   21036, 15053,  3.7355140E-02,  3.0329900E+05
   21037, 15053,  3.5754758E-01,  3.0329900E+05
   21389, 15053,  3.0805642E-02,  3.0329900E+05
   21390, 15053,  5.7429171E-01,  3.0329900E+05
   18913, 15054,  2.3218753E-02,  1.3884396E+06
   18914, 15054,  6.0916616E-04,  1.3884396E+06
   19266, 15054,  6.3233143E-01,  1.3884396E+06
   19267, 15054,  3.4384072E-01,  1.3884396E+06
   18913, 15055,  2.1224391E-01,  3.2022223E+04
   18914, 15055,  7.8775609E-01,  3.2022223E+04
   21031, 15056,  4.1042873E-01,  2.1053695E+05
   21383, 15056,  3.9256948E-01,  2.1053695E+05
   21384, 15056,  1.6111979E-01,  2.1053695E+05
   21736, 15056,  1.9970940E-02,  2.1053695E+05
   21737, 15056,  1.5911089E-02,  2.1053695E+05
   19975, 15057,  1.7642349E-02,  3.2979565E+06
   19976, 15057,  3.5874185E-01,  3.2979565E+06
   19977, 15057,  7.6807030E-02,  3.2979565E+06
   20328, 15057,  1.1400333E-02,  3.2979565E+06
   20329, 15057,  3.4940562E-01,  3.2979565E+06
   20330, 15057,  1.8600285E-01,  3.2979565E+06
   19626, 15058,  2.8733855E-02,  2.6873285E+06
   19627, 15058,  2.4857663E-02,  2.6873285E+06
   19979, 15058,  6.6410625E-01,  2.6873285E+06
   19980, 15058,  6.7000411E-02,  2.6873285E+06
   20332, 15058,  2.1530186E-01,  2.6873285E+06
   21037, 15059,  5.6472808E-02,  2.7826062E+05
   21390, 15059,  6.8626577E-01,  2.7826062E+05
   21391, 15059,  2.5726140E-01,  2.7826062E+05
   20680, 15060,  2.8991280E-02,  1.7385518E+06
   20681, 15060,  1.1892807E-01,  1.7385518E+06
   20682, 15060,  4.7421113E-01,  1.7385518E+06
   21033, 15060,  2.4649804E-02,  1.7385518E+06
   21034, 15060,  1.5466233E-01,  1.7385518E+06
   21035, 15060,  1.9855738E-01,  1.7385518E+06
   21394, 15061,  6.8494149E-02,  2.0612619E+05
   21395, 15061,  1.7915000E-01,  2.0612619E+05
   21747, 15061,  7.0985690E-02,  2.0612619E+05
   21748, 15061,  6.8137026E-01,  2.0612619E+05
   19268, 15062,  7.9015607E-01,  3.0981528E+05
   19269, 15062,  2.0984392E-01,  3.0981528E+05
   17856, 15063,  3.7305818E-03,  4.2214645E+04
   17857, 15063,  6.9146827E-02,  4.2214645E+04
   18209, 15063,  4.5692858E-01,  4.2214645E+04
   18210, 15063,  4.7019398E-01,  4.2214645E+04
   21378, 15064,  6.0387278E-01,  5.3024402E+04
   21731, 15064,  3.1737027E-01,  5.3024402E+04
   21733, 15064,  7.8756958E-02,  5.3024402E+04
   21041, 15065,  5.7130080E-01,  3.2870969E+05
   21394, 15065,  4.2869914E-01,  3.2870969E+05
   18552, 15066,  1.0000000E+00,  1.2787564E+04
   19619, 15067,  8.5894257E-02,  2.9084084E+05
   19620, 15067,  5.8653131E-02,  2.9084084E+05
   19972, 15067,  8.4071971E-02,  2.9084084E+05
   19973, 15067,  4.9821505E-01,  2.9084084E+05
   19974, 15067,  2.1671189E-01,  2.9084084E+05
   20326, 15067,  5.6453705E-02,  2.9084084E+05
   17864, 15068,  9.0636695E-03,  1.5399730E+05
   18216, 15068,  1.8150929E-02,  1.5399730E+05
   18217, 15068,  6.2751484E-01,  1.5399730E+05
   18570, 15068,  3.4527060E-01,  1.5399730E+05
   20687, 15069,  1.0000000E+00,  3.2376693E+04
   19626, 15070,  4.9084358E-02,  1.2012496E+06
   19627, 15070,  7.6525122E-01,  1.2012496E+06
   19628, 15070,  8.6573593E-05,  1.2012496E+06
   19980, 15070,  1.8557782E-01,  1.2012496E+06
   23500, 15071,  1.0000000E+00,  5.7614082E+04
   18560, 15072,  4.1303869E-02,  3.6089508E+04
   18561, 15072,  1.4764075E-01,  3.6089508E+04
   18914, 15072,  8.1105542E-01,  3.6089508E+04
   18914, 15073,  1.0000000E+00,  7.3345484E+04
   20321, 15074,  5.6235570E-02,  5.3361412E+05
   20673, 15074,  1.3251637E-01,  5.3361412E+05
   20674, 15074,  1.6076626E-01,  5.3361412E+05
   20675, 15074,  1.1725551E-01,  5.3361412E+05
   21026, 15074,  2.4905410E-02,  5.3361412E+05
   21027, 15074,  3.0933180E-01,  5.3361412E+05
   21028, 15074,  1.6959405E-01,  5.3361412E+05
   21380, 15074,  2.9394975E-02,  5.3361412E+05
   21040, 15075,  1.8802969E-01,  1.2115549E+05
   21041, 15075,  5.6617530E-03,  1.2115549E+05
   21393, 15075,  7.7555555E-01,  1.2115549E+05
   21394, 15075,  3.0753030E-02,  1.2115549E+05
   19267, 15076,  1.0000000E+00,  4.9720738E+05
   18203, 15077,  1.0000000E+00,  3.1014160E+04
   18906, 15078,  1.0000000E+00,  1.1608751E+04
   22444, 15079,  1.0000000E+00,  1.3400075E+05
   17497, 15080,  1.0000000E+00,  6.4126023E+04
   20685, 15081,  2.3150567E-02,  2.0323550E+06
   21038, 15081,  5.6976354E-01,  2.0323550E+06
   21039, 15081,  1.3636160E-01,  2.0323550E+06
   21391, 15081,  9.6134402E-02,  2.0323550E+06
   21392, 15081,  1.6038086E-01,  2.0323550E+06
   21744, 15081,  1.3139666E-02,  2.0323550E+06
   21745, 15081,  1.0694170E-03,  2.0323550E+06
   17139, 15082,  1.1532227E-01,  2.0634298E+05
   17495, 15082,  4.7852466E-01,  2.0634298E+05
   17848, 15082,  4.0615302E-01,  2.0634298E+05
   18922, 15083,  9.3624318E-01,  6.2296406E+04
   19275, 15083,  6.3756853E-02,  6.2296406E+04
   21392, 15084,  2.4494758E-01,  4.2978181E+05
   21393, 15084,  1.3335712E-01,  4.2978181E+05
   21745, 15084,  2.5382802E-01,  4.2978181E+05
   21746, 15084,  2.7054128E-01,  4.2978181E+05
   22099, 15084,  9.7326003E-02,  4.2978181E+05
   21732, 15085,  1.1507658E-01,  3.4265600E+05
   21733, 15085,  2.2651350E-01,  3.4265600E+05
   22085, 15085,  1.5741162E-01,  3.4265600E+05
   22086, 15085,  5.0099832E-01,  3.4265600E+05
   18202, 15086,  1.0000000E+00,  1.9889264E+04
   19972, 15087,  3.1961882E-01,  2.9829291E+05
   19973, 15087,  2.0818232E-01,  2.9829291E+05
   20325, 15087,  1.4221258E-01,  2.9829291E+05
   20326, 15087,  3.2998627E-01,  2.9829291E+05
   17854, 15088,  3.6103931E-01,  1.7676583E+05
   17855, 15088,  3.4479111E-01,  1.7676583E+05
   18208, 15088,  2.9416955E-01,  1.7676583E+05
   18922, 15089,  1.0000000E+00,  5.7124336E+04
   18207, 15090,  1.9796574E-02,  3.5460422E+05
   18208, 15090,  9.4685137E-02,  3.5460422E+05
   18560, 15090,  4.2177477E-01,  3.5460422E+05
   18561, 15090,  4.6374348E-01,  3.5460422E+05
   21389, 15091,  9.9124521E-01,  3.8904341E+05
   21390, 15091,  8.7547852E-03,  3.8904341E+05
   21039, 15092,  1.3565026E-01,  4.1603181E+05
   21040, 15092,  8.5376537E-01,  4.1603181E+05
   21393, 15092,  1.0584363E-02,  4.1603181E+05
   20335, 15093,  1.6914072E-02,  2.9085291E+05
   20687, 15093,  7.5770444E-01,  2.9085291E+05
   20688, 15093,  2.2538154E-01,  2.9085291E+05
   18216, 15094,  6.7392343E-01,  1.8526356E+05
   18217, 15094,  3.2607651E-01,  1.8526356E+05
   21034, 15095,  5.2959144E-02,  6.9319119E+05
   21035, 15095,  3.0943802E-01,  6.9319119E+05
   21036, 15095,  3.9857548E-02,  6.9319119E+05
   21387, 15095,  2.9415742E-03,  6.9319119E+05
   21388, 15095,  6.5725259E-02,  6.9319119E+05
   21389, 15095,  5.2907842E-01,  6.9319119E+05
   21743, 15096,  3.7167117E-03,  4.4921975E+05
   22095, 15096,  2.3355255E-01,  4.4921975E+05
   22096, 15096,  7.5639409E-01,  4.4921975E+05
   22448, 15096,  6.3367160E-03,  4.4921975E+05
   17850, 15097,  9.1123766E-01,  2.2853779E+04
   17851, 15097,  8.8762268E-02,  2.2853779E+04
   18561, 15098,  1.3550471E-01,  4.5700887E+04
   18562, 15098,  8.6333555E-01,  4.5700887E+04
   18915, 15098,  1.1597770E-03,  4.5700887E+04
   19979, 15099,  3.6525333E-04,  2.0256202E+06
   19980, 15099,  5.4277200E-02,  2.0256202E+06
   19981, 15099,  4.5625314E-02,  2.0256202E+06
   20332, 15099,  1.4858791E-03,  2.0256202E+06
   20333, 15099,  1.3656038E-01,  2.0256202E+06
   20334, 15099,  5.4225969E-01,  2.0256202E+06
   20335, 15099,  1.3743757E-01,  2.0256202E+06
   20686, 15099,  2.4481025E-03,  2.0256202E+06
   20687, 15099,  6.9395773E-02,  2.0256202E+06
   20688, 15099,  1.0144825E-02,  2.0256202E+06
   20686, 15100,  1.0000000E+00,  4.1396247E+05
   18562, 15101,  7.1850874E-02,  3.4599175E+05
   18914, 15101,  8.5762180E-02,  3.4599175E+05
   18915, 15101,  8.0121124E-01,  3.4599175E+05
   18916, 15101,  4.1175760E-02,  3.4599175E+05
   21736, 15102,  7.8269786E-01,  2.5429309E+04
   22089, 15102,  2.1730219E-01,  2.5429309E+04
   18923, 15103,  6.1064625E-01,  3.0153553E+05
   19275, 15103,  9.9668535E-04,  3.0153553E+05
   19276, 15103,  3.8835698E-01,  3.0153553E+05
   20329, 15104,  1.1949219E-02,  2.6366175E+06
   20330, 15104,  4.2160305E-01,  2.6366175E+06
   20331, 15104,  1.8658461E-01,  2.6366175E+06
   20683, 15104,  3.1087199E-01,  2.6366175E+06
   20684, 15104,  6.8991102E-02,  2.6366175E+06
   16081, 15105,  2.8542915E-01,  6.1969859E+04
   16434, 15105,  4.0455788E-01,  6.1969859E+04
   16435, 15105,  3.1001303E-01,  6.1969859E+04
   18912, 15106,  8.6191299E-05,  5.1936130E+06
   18913, 15106,  1.4801786E-02,  5.1936130E+06
   19265, 15106,  1.3579662E-01,  5.1936130E+06
   19266, 15106,  2.9502943E-01,  5.1936130E+06
   19267, 15106,  3.2262336E-02,  5.1936130E+06
   19618, 15106,  2.4087101E-02,  5.1936130E+06
   19619, 15106,  3.4842324E-01,  5.1936130E+06
   19620, 15106,  1.0916555E-01,  5.1936130E+06
   19971, 15106,  1.6649820E-02,  5.1936130E+06
   19972, 15106,  1.8389000E-02,  5.1936130E+06
   19973, 15106,  2.1751347E-04,  5.1936130E+06
   20325, 15106,  5.0914194E-03,  5.1936130E+06
   17148, 15107,  1.0000000E+00,  7.2773492E+04
   21037, 15108,  9.9584693E-01,  4.9759278E+05
   21390, 15108,  4.1530435E-03,  4.9759278E+05
   20683, 15109,  3.8481483E-01,  2.1666348E+06
   20684, 15109,  7.9414167E-02,  2.1666348E+06
   21036, 15109,  1.4195168E-01,  2.1666348E+06
   21037, 15109,  3.9381936E-01,  2.1666348E+06
   18554, 15110,  3.5621127E-04,  3.8511116E+05
   18906, 15110,  1.0953245E-01,  3.8511116E+05
   18907, 15110,  8.9011133E-01,  3.8511116E+05
   19613, 15111,  5.2256835E-01,  9.8758656E+04
   19614, 15111,  9.8206520E-02,  9.8758656E+04
   19966, 15111,  6.4572394E-02,  9.8758656E+04
   19967, 15111,  3.1465277E-01,  9.8758656E+04
   21033, 15112,  1.7823318E-01,  2.2258512E+05
   21386, 15112,  8.2176679E-01,  2.2258512E+05
   17853, 15113,  3.3723658E-01,  2.2954031E+05
   17854, 15113,  5.6829977E-01,  2.2954031E+05
   18206, 15113,  7.7885896E-02,  2.2954031E+05
   18207, 15113,  1.6577777E-02,  2.2954031E+05
   19968, 15114,  8.1605107E-01,  5.8158090E+04
   20321, 15114,  1.6767591E-01,  5.8158090E+04
   20674, 15114,  1.6273022E-02,  5.8158090E+04
   19973, 15115,  6.4779401E-01,  1.9326086E+05
   19974, 15115,  3.5220599E-01,  1.9326086E+05
   18200, 15116,  1.7946517E-01,  4.0628828E+04
   18553, 15116,  8.2053483E-01,  4.0628828E+04
   16793, 15117,  1.0000000E+00,  4.0490457E+04
   19263, 15118,  1.5900466E-03,  9.8041194E+05
   19264, 15118,  3.2341123E-01,  9.8041194E+05
   19265, 15118,  6.2609708E-01,  9.8041194E+05
   19617, 15118,  2.0215693E-03,  9.8041194E+05
   19618, 15118,  4.6880074E-02,  9.8041194E+05
   17502, 15119,  1.0000000E+00,  4.2238598E+04
   21390, 15120,  1.0141315E-01,  1.0931394E+06
   21391, 15120,  1.3669769E-01,  1.0931394E+06
   21392, 15120,  7.2425855E-03,  1.0931394E+06
   21742, 15120,  1.0912926E-01,  1.0931394E+06
   21743, 15120,  4.8482043E-01,  1.0931394E+06
   21744, 15120,  1.4020224E-01,  1.0931394E+06
   22096, 15120,  2.0494629E-02,  1.0931394E+06
   20682, 15121,  6.8492144E-02,  2.8093792E+06
   20683, 15121,  1.6997303E-01,  2.8093792E+06
   21035, 15121,  1.8455738E-01,  2.8093792E+06
   21036, 15121,  5.4607326E-01,  2.8093792E+06
   21389, 15121,  3.0904194E-02,  2.8093792E+06
   19274, 15122,  6.1421609E-01,  1.3326671E+06
   19627, 15122,  3.8578397E-01,  1.3326671E+06
   17846, 15123,  1.0000000E+00,  8.4506453E+04
   20673, 15124,  3.2473207E-01,  1.6583248E+05
   21025, 15124,  5.0577867E-01,  1.6583248E+05
   21026, 15124,  8.3197795E-02,  1.6583248E+05
   21378, 15124,  8.6291462E-02,  1.6583248E+05
   21037, 15125,  5.1516410E-02,  6.5463980E+04
   21038, 15125,  9.4848353E-01,  6.5463980E+04
   19952, 16001,  1.7714919E-01,  5.6567977E+04
   20305, 16001,  8.2285076E-01,  5.6567977E+04
   16758, 16002,  6.3064212E-01,  9.2238508E+04
   17818, 16002,  3.3470541E-01,  9.2238508E+04
   18171, 16002,  3.4652475E-02,  9.2238508E+04
   21367, 16003,  1.9089066E-07,  6.1461539E+04
   21720, 16003,  3.8850874E-01,  6.1461539E+04
   21721, 16003,  6.1149102E-01,  6.1461539E+04
   22772, 16004,  2.7399642E-02,  3.3972949E+04
   23125, 16004,  9.7260034E-01,  3.3972949E+04
   20670, 16005,  1.0000000E+00,  3.2645404E+04
   18175, 16006,  2.0309505E-01,  4.2663884E+05
   18176, 16006,  4.8070095E-02,  4.2663884E+05
   18528, 16006,  7.1847558E-01,  4.2663884E+05
   18529, 16006,  3.0359248E-02,  4.2663884E+05
   21022, 16007,  1.0000000E+00,  2.1157672E+04
   16397, 16008,  1.0000000E+00,  1.0404984E+04
   18889, 16009,  1.0000000E+00,  7.4715898E+04
   14999, 16010,  2.4681687E-02,  1.0697412E+05
   15003, 16010,  1.4609637E-02,  1.0697412E+05
   15004, 16010,  2.7783859E-01,  1.0697412E+05
   15352, 16010,  6.8287015E-01,  1.0697412E+05
   23468, 16011,  1.0000000E+00,  3.8945047E+04
   18524, 16012,  1.2084432E-01,  1.9871130E+05
   18526, 16012,  1.8826410E-01,  1.9871130E+05
   18877, 16012,  2.2122176E-01,  1.9871130E+05
   18878, 16012,  4.8663143E-02,  1.9871130E+05
   18879, 16012,  4.2100671E-01,  1.9871130E+05
   18190, 16013,  1.0000000E+00,  3.4098582E+04
   16748, 16014,  1.0000000E+00,  7.6379273E+04
   17107, 16015,  1.0000000E+00,  6.5131215E+04
   21361, 16016,  1.1168357E-02,  2.4070232E+04
   21714, 16016,  9.8883170E-01,  2.4070232E+04
   22084, 16017,  1.0000000E+00,  3.1333033E+04
   21718, 16018,  1.9216290E-01,  1.9799111E+04
   21719, 16018,  4.5208207E-01,  1.9799111E+04
   22071, 16018,  7.5849533E-02,  1.9799111E+04
   22072, 16018,  2.7990550E-01,  1.9799111E+04
   21348, 16019,  7.9711777E-01,  6.4586879E+04
   21701, 16019,  2.0288220E-01,  6.4586879E+04
   22072, 16020,  5.1472318E-01,  7.9929750E+04
   22073, 16020,  4.1454932E-01,  7.9929750E+04
   22425, 16020,  7.0727482E-02,  7.9929750E+04
   20647, 16021,  1.1933050E-01,  6.5308125E+04
   20648, 16021,  1.5279478E-01,  6.5308125E+04
   21000, 16021,  8.4326930E-02,  6.5308125E+04
   21001, 16021,  2.4528332E-01,  6.5308125E+04
   21354, 16021,  3.9826447E-01,  6.5308125E+04
   21367, 16022,  7.7241188E-01,  4.8516906E+04
   21368, 16022,  2.2758809E-01,  4.8516906E+04
   22410, 16023,  1.0000000E+00,  5.5565496E+04
   21004, 16024,  7.9467964E-01,  7.7776883E+04
   21355, 16024,  1.6092554E-01,  7.7776883E+04
   21356, 16024,  4.4394884E-02,  7.7776883E+04
   21708, 16025,  4.1017491E-01,  9.1601930E+04
   21709, 16025,  5.8982509E-01,  9.1601930E+04
   17104, 16026,  1.0000000E+00,  9.8089307E+03
   22070, 16027,  1.0000000E+00,  1.4798958E+04
   22768, 16028,  9.3853874E-03,  3.3532582E+04
   23121, 16028,  9.9061453E-01,  3.3532582E+04
   16418, 16029,  3.6244178E-01,  4.1022367E+04
   16419, 16029,  6.3290393E-01,  4.1022367E+04
   16771, 16029,  4.6542729E-03,  4.1022367E+04
   23119, 16030,  1.0000000E+00,  4.7898523E+04
   22788, 16031,  1.7732987E-02,  1.6474436E+04
   23141, 16031,  9.8226702E-01,  1.6474436E+04
   20654, 16032,  1.0000000E+00,  2.3290131E+04
   18532, 16033,  7.1434921E-01,  8.4536125E+04
   18885, 16033,  2.8565079E-01,  8.4536125E+04
   20312, 16034,  6.3156433E-02,  3.4893706E+05
   20313, 16034,  5.1536091E-02,  3.4893706E+05
   20314, 16034,  6.7093107E-03,  3.4893706E+05
   20667, 16034,  4.4769370E-03,  3.4893706E+05
   21020, 16034,  8.4873688E-01,  3.4893706E+05
   21021, 16034,  2.3036418E-02,  3.4893706E+05
   21373, 16034,  2.3479259E-03,  3.4893706E+05
   17474, 16035,  4.3276784E-01,  8.5946516E+04
   17829, 16035,  5.6723219E-01,  8.5946516E+04
   22424, 16036,  1.0000000E+00,  5.3406719E+04
   21715, 16037,  8.3361700E-02,  2.1575643E+04
   22068, 16037,  9.1663831E-01,  2.1575643E+04
   16427, 16038,  9.9748808E-01,  1.8161692E+05
   16428, 16038,  2.5118398E-03,  1.8161692E+05
   20304, 16039,  1.0000000E+00,  2.2741559E+04
   21368, 16040,  7.0647788E-01,  5.3627613E+04
   21369, 16040,  2.9352215E-01,  5.3627613E+04
   21021, 16041,  5.7590061E-01,  4.7347961E+04
   21374, 16041,  4.2409942E-01,  4.7347961E+04
   23117, 16042,  1.0000000E+00,  2.7035402E+04
   22059, 16043,  9.9416125E-01,  2.1747931E+05
   22060, 16043,  5.8388379E-03,  2.1747931E+05
   22065, 16044,  9.4704008E-01,  3.9898012E+04
   22066, 16044,  5.2959964E-02,  3.9898012E+04
   22054, 16045,  1.3152754E-03,  1.7911445E+05
   22055, 16045,  3.9094392E-02,  1.7911445E+05
   22407, 16045,  8.5019267E-01,  1.7911445E+05
   22408, 16045,  1.0939768E-01,  1.7911445E+05
   19257, 16046,  6.9292933E-01,  1.5498808E+04
   19610, 16046,  3.0707064E-01,  1.5498808E+04
   19962, 16047,  1.0000000E+00,  1.9482682E+04
   20304, 16048,  8.3705789E-01,  2.6147189E+04
   20657, 16048,  1.6294216E-01,  2.6147189E+04
   19600, 16049,  1.0000000E+00,  3.3624004E+04
   21726, 16050,  5.5031024E-02,  3.0767038E+05
   21727, 16050,  1.9013140E-01,  3.0767038E+05
   21728, 16050,  6.2646978E-02,  3.0767038E+05
   22079, 16050,  3.3342405E-03,  3.0767038E+05
   22080, 16050,  4.3406513E-01,  3.0767038E+05
   22081, 16050,  2.5148153E-01,  3.0767038E+05
   22082, 16050,  3.3097356E-03,  3.0767038E+05
   22403, 16051,  6.1466958E-02,  7.4347148E+04
   22404, 16051,  9.3853307E-01,  7.4347148E+04
   13235, 16052,  5.8783028E-02,  9.0349569E+05
   13236, 16052,  3.5804284E-03,  9.0349569E+05
   13586, 16052,  2.7060078E-02,  9.0349569E+05
   13587, 16052,  3.7297741E-02,  9.0349569E+05
   13588, 16052,  6.5140784E-01,  9.0349569E+05
   13589, 16052,  7.8839911E-03,  9.0349569E+05
   13934, 16052,  4.2485837E-03,  9.0349569E+05
   13935, 16052,  2.5203280E-02,  9.0349569E+05
   13939, 16052,  4.6948139E-03,  9.0349569E+05
   13940, 16052,  9.2595242E-02,  9.0349569E+05
   13941, 16052,  8.7244980E-02,  9.0349569E+05
   20659, 16053,  2.1051407E-02,  2.4424295E+06
   20660, 16053,  1.2513261E-03,  2.4424295E+06
   21010, 16053,  1.2342991E-02,  2.4424295E+06
   21011, 16053,  2.9696075E-02,  2.4424295E+06
   21012, 16053,  2.8197816E-01,  2.4424295E+06
   21013, 16053,  4.9282217E-01,  2.4424295E+06
   21014, 16053,  1.0481689E-02,  2.4424295E+06
   21365, 16053,  1.0259504E-02,  2.4424295E+06
   21366, 16053,  1.2352731E-01,  2.4424295E+06
   21367, 16053,  1.6589398E-02,  2.4424295E+06
   22422, 16054,  1.0000000E+00,  3.8047715E+04
   17824, 16055,  3.4084066E-03,  1.8612803E+05
   17825, 16055,  1.4725487E-01,  1.8612803E+05
   18177, 16055,  1.7059470E-02,  1.8612803E+05
   18178, 16055,  8.0715543E-01,  1.8612803E+05
   18179, 16055,  2.5121804E-02,  1.8612803E+05
   20298, 16056,  2.6932396E-02,  1.1886391E+05
   20299, 16056,  1.5429631E-02,  1.1886391E+05
   20651, 16056,  3.0257374E-01,  1.1886391E+05
   20652, 16056,  2.5023755E-01,  1.1886391E+05
   21004, 16056,  4.0482670E-01,  1.1886391E+05
   18189, 16057,  9.9907261E-01,  3.2493332E+04
   18190, 16057,  9.2740613E-04,  3.2493332E+04
   19943, 16058,  1.0000000E+00,  4.8207973E+04
   18534, 16059,  3.8666725E-02,  1.1990157E+04
   18887, 16059,  9.6133333E-01,  1.1990157E+04
   23475, 16060,  1.0000000E+00,  2.9621342E+04
   20317, 16061,  8.6166181E-02,  4.6499090E+04
   20318, 16061,  1.2549712E-01,  4.6499090E+04
   20670, 16061,  6.0885775E-01,  4.6499090E+04
   20671, 16061,  1.7947900E-01,  4.6499090E+04
   22762, 16062,  7.1430254E-01,  7.3002406E+04
   23116, 16062,  2.8569746E-01,  7.3002406E+04
   22065, 16063,  9.6909650E-02,  4.0707266E+04
   22418, 16063,  9.0309030E-01,  4.0707266E+04
   17824, 16064,  1.6663017E-02,  1.0264331E+05
   18177, 16064,  7.0914590E-01,  1.0264331E+05
   18530, 16064,  2.7419099E-01,  1.0264331E+05
   20649, 16065,  2.3367794E-04,  1.1905862E+05
   20650, 16065,  7.1999848E-01,  1.1905862E+05
   21002, 16065,  1.1865492E-01,  1.1905862E+05
   21003, 16065,  1.6111295E-01,  1.1905862E+05
   19950, 16066,  7.4378364E-02,  2.9083956E+05
   20300, 16066,  9.3354449E-02,  2.9083956E+05
   20302, 16066,  7.9997116E-01,  2.9083956E+05
   20303, 16066,  3.2296054E-02,  2.9083956E+05
   22769, 16067,  1.0000000E+00,  3.2277090E+04
   20292, 16068,  1.9592312E-01,  5.8974125E+04
   20293, 16068,  8.0407691E-01,  5.8974125E+04
   23827, 16069,  9.9999994E-01,  3.4237416E+05
   21709, 16070,  3.2812670E-02,  9.2405117E+04
   21710, 16070,  1.0908696E-02,  9.2405117E+04
   22062, 16070,  8.6011624E-01,  9.2405117E+04
   22063, 16070,  9.6162394E-02,  9.2405117E+04
   22420, 16071,  9.5722795E-02,  2.0480652E+05
   22421, 16071,  8.1054745E-03,  2.0480652E+05
   22773, 16071,  4.5553548E-03,  2.0480652E+05
   22774, 16071,  7.2133386E-01,  2.0480652E+05
   22775, 16071,  2.0315968E-03,  2.0480652E+05
   23125, 16071,  9.5090186E-03,  2.0480652E+05
   23126, 16071,  1.5114871E-01,  2.0480652E+05
   23480, 16071,  6.9065350E-03,  2.0480652E+05
   23481, 16071,  6.8661233E-04,  2.0480652E+05
   21369, 16072,  5.2314728E-01,  4.3785688E+04
   21722, 16072,  4.7685272E-01,  4.3785688E+04
   20656, 16073,  5.3032991E-03,  8.9042328E+04
   21008, 16073,  1.7225082E-01,  8.9042328E+04
   21009, 16073,  8.2244581E-01,  8.9042328E+04
   22758, 16074,  1.8610242E-01,  4.1322617E+04
   22759, 16074,  8.1389761E-01,  4.1322617E+04
   20645, 16075,  8.7588060E-01,  1.6621334E+05
   20999, 16075,  1.2411940E-01,  1.6621334E+05
   22407, 16076,  4.9271446E-01,  2.5408669E+05
   22760, 16076,  4.9772292E-01,  2.5408669E+05
   22761, 16076,  9.5626013E-03,  2.5408669E+05
   15371, 16077,  4.6170023E-01,  7.5653328E+04
   16076, 16077,  8.6594887E-02,  7.5653328E+04
   16429, 16077,  4.5170492E-01,  7.5653328E+04
   22427, 16078,  1.0000000E+00,  3.9726836E+04
   19595, 16079,  1.2336925E-01,  1.2026895E+05
   19596, 16079,  2.7510974E-01,  1.2026895E+05
   19948, 16079,  2.9595084E-02,  1.2026895E+05
   19949, 16079,  5.7192600E-01,  1.2026895E+05
   21375, 16080,  3.8520780E-01,  1.7656645E+04
   21376, 16080,  6.1479223E-01,  1.7656645E+04
   18904, 16081,  1.0000000E+00,  4.2141465E+03
   18538, 16082,  2.5329469E-02,  1.3524341E+05
   18539, 16082,  2.4905971E-01,  1.3524341E+05
   18892, 16082,  6.8453860E-01,  1.3524341E+05
   19245, 16082,  4.1072261E-02,  1.3524341E+05
   19587, 16083,  1.0000000E+00,  2.5364057E+04
   21704, 16084,  3.5368693E-01,  1.0632133E+05
   21705, 16084,  1.5325417E-01,  1.0632133E+05
   22057, 16084,  4.6118057E-01,  1.0632133E+05
   22058, 16084,  3.1878304E-02,  1.0632133E+05
   21353, 16085,  3.1407392E-01,  9.8034555E+04
   21354, 16085,  3.4724365E-03,  9.8034555E+04
   21705, 16085,  8.6413178E-04,  9.8034555E+04
   21707, 16085,  4.8082989E-01,  9.8034555E+04
   22059, 16085,  1.4031988E-03,  9.8034555E+04
   22060, 16085,  1.9935642E-01,  9.8034555E+04
   23470, 16086,  1.0445994E-01,  5.1308137E+04
   23471, 16086,  8.9554006E-01,  5.1308137E+04
   19592, 16087,  9.8173237E-01,  4.0629801E+04
   19593, 16087,  1.8267673E-02,  4.0629801E+04
   21366, 16088,  5.0919342E-01,  1.5676322E+05
   21367, 16088,  1.7361443E-01,  1.5676322E+05
   21719, 16088,  1.2716851E-01,  1.5676322E+05
   21720, 16088,  1.9002372E-01,  1.5676322E+05
   18875, 16089,  4.6478018E-01,  1.0933429E+05
   18876, 16089,  5.3521979E-01,  1.0933429E+05
   20299, 16090,  6.2713838E-01,  6.5061066E+04
   20300, 16090,  7.8148752E-02,  6.5061066E+04
   20652, 16090,  1.8738419E-03,  6.5061066E+04
   20653, 16090,  2.9283899E-01,  6.5061066E+04
   20998, 16091,  8.8484600E-02,  3.9885125E+04
   21351, 16091,  9.1151541E-01,  3.9885125E+04
   17488, 16092,  9.4386029E-01,  3.6328727E+04
   17841, 16092,  5.6139775E-02,  3.6328727E+04
   21377, 16093,  2.7070399E-03,  2.7451668E+04
   21378, 16093,  8.8312298E-02,  2.7451668E+04
   21730, 16093,  1.3893989E-01,  2.7451668E+04
   21731, 16093,  7.7004057E-01,  2.7451668E+04
   22062, 16094,  8.9930129E-01,  3.2436238E+04
   22415, 16094,  1.0069870E-01,  3.2436238E+04
   20645, 16095,  5.4107171E-01,  6.6428891E+04
   20997, 16095,  4.5069918E-01,  6.6428891E+04
   20998, 16095,  8.2291039E-03,  6.6428891E+04
   16057, 16096,  1.0000000E+00,  2.1662662E+04
   18185, 16097,  2.8523758E-01,  7.5966320E+04
   18186, 16097,  2.0447123E-01,  7.5966320E+04
   18538, 16097,  5.1029122E-01,  7.5966320E+04
   20315, 16098,  2.3202763E-01,  4.8507590E+04
   20668, 16098,  7.6045269E-01,  4.8507590E+04
   20669, 16098,  7.5197075E-03,  4.8507590E+04
   18902, 16099,  1.0000000E+00,  1.7255568E+04
   20302, 16100,  3.0517322E-01,  4.4627109E+04
   20655, 16100,  6.8295205E-01,  4.4627109E+04
   20656, 16100,  1.1874715E-02,  4.4627109E+04
   20663, 16101,  1.0000000E+00,  8.3608467E+03
   19590, 16102,  1.3049672E-05,  9.4476838E+05
   19591, 16102,  3.8921678E-01,  9.4476838E+05
   19943, 16102,  5.9819009E-02,  9.4476838E+05
   19944, 16102,  4.9008048E-01,  9.4476838E+05
   20295, 16102,  2.0949686E-02,  9.4476838E+05
   20296, 16102,  1.8227722E-02,  9.4476838E+05
   20297, 16102,  2.1693302E-02,  9.4476838E+05
   22760, 16103,  1.7275079E-03,  1.2372303E+05
   22761, 16103,  5.9269410E-01,  1.2372303E+05
   23112, 16103,  4.6771877E-03,  1.2372303E+05
   23113, 16103,  2.1179774E-01,  1.2372303E+05
   23114, 16103,  1.8910339E-01,  1.2372303E+05
   22408, 16104,  5.5527651E-01,  7.1492930E+04
   22409, 16104,  2.4678054E-01,  7.1492930E+04
   22762, 16104,  1.9794297E-01,  7.1492930E+04
   23469, 16105,  1.0000000E+00,  6.4901578E+04
   23824, 16106,  1.0000000E+00,  1.1045977E+05
   21359, 16107,  5.4025459E-01,  2.6593869E+05
   21712, 16107,  4.5974541E-01,  2.6593869E+05
   22059, 16108,  1.5671487E-01,  4.8682534E+05
   22060, 16108,  3.3034874E-05,  4.8682534E+05
   22411, 16108,  6.7582548E-02,  4.8682534E+05
   22412, 16108,  6.6629499E-01,  4.8682534E+05
   22413, 16108,  1.2139064E-02,  4.8682534E+05
   22764, 16108,  2.1579778E-02,  4.8682534E+05
   22765, 16108,  4.4258242E-03,  4.8682534E+05
   22766, 16108,  7.1229890E-02,  4.8682534E+05
   23121, 16109,  6.5023983E-01,  3.4911035E+04
   23122, 16109,  3.4976017E-01,  3.4911035E+04
   21723, 16110,  7.8208989E-01,  1.6519378E+05
   21725, 16110,  1.3794327E-01,  1.6519378E+05
   22078, 16110,  7.9966776E-02,  1.6519378E+05
   19592, 16111,  6.5691352E-02,  4.3001758E+04
   19945, 16111,  4.4746920E-01,  4.3001758E+04
   19946, 16111,  4.8683941E-01,  4.3001758E+04
   19963, 16112,  2.7733004E-01,  3.8359178E+05
   19964, 16112,  7.2267002E-01,  3.8359178E+05
   23126, 16113,  1.6546239E-01,  7.1060125E+04
   23479, 16113,  2.4658291E-01,  7.1060125E+04
   23480, 16113,  1.0434117E-01,  7.1060125E+04
   23481, 16113,  2.6961479E-01,  7.1060125E+04
   23832, 16113,  2.1399873E-01,  7.1060125E+04
   16445, 17001,  9.8116273E-01,  1.3781169E+05
   16446, 17001,  1.8837225E-02,  1.3781169E+05
   17862, 17002,  6.6589338E-01,  2.5152836E+05
   17863, 17002,  3.3410659E-01,  2.5152836E+05
   16099, 17003,  6.1299288E-01,  2.2977384E+05
   16100, 17003,  2.2715937E-01,  2.2977384E+05
   16452, 17003,  1.5984771E-01,  2.2977384E+05
   16449, 17004,  1.0243351E-02,  4.8946397E+05
   16450, 17004,  6.4407729E-02,  4.8946397E+05
   16802, 17004,  8.1090322E-03,  4.8946397E+05
   16803, 17004,  5.9965387E-02,  4.8946397E+05
   16804, 17004,  3.7907306E-02,  4.8946397E+05
   17155, 17004,  2.0078639E-02,  4.8946397E+05
   17156, 17004,  7.6705045E-01,  4.8946397E+05
   17157, 17004,  3.2238077E-02,  4.8946397E+05
   17150, 17005,  9.8863888E-01,  3.3882957E+04
   17151, 17005,  1.1361117E-02,  3.3882957E+04
   17156, 17006,  1.7944355E-01,  1.2876211E+06
   17157, 17006,  3.7456933E-02,  1.2876211E+06
   17509, 17006,  7.8154397E-01,  1.2876211E+06
   17510, 17006,  1.5555492E-03,  1.2876211E+06
   17505, 17007,  1.2925433E-03,  2.4078388E+06
   17506, 17007,  5.2809212E-02,  2.4078388E+06
   17858, 17007,  1.1413765E-01,  2.4078388E+06
   17859, 17007,  7.1722978E-01,  2.4078388E+06
   18211, 17007,  4.1320600E-02,  2.4078388E+06
   18212, 17007,  7.3210269E-02,  2.4078388E+06
   17153, 17008,  1.8380027E-01,  8.9666588E+05
   17154, 17008,  3.6464335E-04,  8.9666588E+05
   17506, 17008,  8.1475031E-01,  8.9666588E+05
   17507, 17008,  1.0848154E-03,  8.9666588E+05
   18211, 17009,  3.8936764E-01,  1.2812552E+05
   18212, 17009,  3.6298609E-01,  1.2812552E+05
   18564, 17009,  1.7105092E-03,  1.2812552E+05
   18565, 17009,  2.4593578E-01,  1.2812552E+05
   16805, 17010,  4.5800966E-01,  1.3309894E+05
   17158, 17010,  5.4199028E-01,  1.3309894E+05
   17506, 17011,  2.8102747E-01,  1.3163890E+06
   17507, 17011,  1.7891608E-01,  1.3163890E+06
   17859, 17011,  3.6349046E-01,  1.3163890E+06
   17860, 17011,  1.7656603E-01,  1.3163890E+06
   16093, 17012,  1.5760195E-01,  5.8800506E+05
   16446, 17012,  2.1094151E-01,  5.8800506E+05
   16447, 17012,  5.3526103E-01,  5.8800506E+05
   16448, 17012,  9.2249498E-02,  5.8800506E+05
   16800, 17012,  3.9459742E-03,  5.8800506E+05
   16452, 17013,  2.6737449E-01,  1.6887038E+05
   16805, 17013,  7.3262554E-01,  1.6887038E+05
   16798, 17014,  7.1884924E-01,  5.5325355E+04
   16799, 17014,  8.7409066E-03,  5.5325355E+04
   17151, 17014,  2.7240983E-01,  5.5325355E+04
   16798, 17015,  5.1788674E-03,  1.5179969E+05
   16799, 17015,  3.4924486E-01,  1.5179969E+05
   17151, 17015,  4.7524363E-01,  1.5179969E+05
   17152, 17015,  1.6729520E-01,  1.5179969E+05
   17505, 17015,  3.0374925E-03,  1.5179969E+05
   17511, 17016,  5.3475553E-01,  1.6226998E+05
   17512, 17016,  7.4204674E-04,  1.6226998E+05
   17864, 17016,  4.5696172E-01,  1.6226998E+05
   17865, 17016,  7.5407173E-03,  1.6226998E+05
   15740, 17017,  2.6061008E-02,  4.8944303E+05
   16093, 17017,  1.6871853E-01,  4.8944303E+05
   16446, 17017,  3.9196476E-01,  4.8944303E+05
   16799, 17017,  1.3006194E-01,  4.8944303E+05
   16800, 17017,  2.8319377E-01,  4.8944303E+05
   17153, 17018,  1.1023013E-02,  9.0301156E+05
   17505, 17018,  1.2811619E-01,  9.0301156E+05
   17506, 17018,  8.6086076E-01,  9.0301156E+05
   16098, 17019,  1.3459979E-01,  2.2680011E+05
   16099, 17019,  1.0950433E-01,  2.2680011E+05
   16451, 17019,  4.8084489E-01,  2.2680011E+05
   16804, 17019,  1.6394064E-01,  2.2680011E+05
   16805, 17019,  1.1111036E-01,  2.2680011E+05
   17859, 17020,  1.4913673E-02,  2.5718028E+05
   17860, 17020,  1.5055853E-01,  2.5718028E+05
   18212, 17020,  1.3071535E-03,  2.5718028E+05
   18213, 17020,  7.9052800E-01,  2.5718028E+05
   18214, 17020,  4.2692591E-02,  2.5718028E+05
   16798, 17021,  7.4693251E-01,  6.4589680E+04
   17151, 17021,  2.5306746E-01,  6.4589680E+04
   17512, 17022,  9.8863095E-02,  2.2997445E+05
   17864, 17022,  2.9987674E-03,  2.2997445E+05
   17865, 17022,  8.9813817E-01,  2.2997445E+05
   18214, 17023,  9.6033603E-01,  4.1854426E+04
   18215, 17023,  3.9663993E-02,  4.1854426E+04
   16800, 17024,  4.0077314E-01,  4.2299691E+05
   16801, 17024,  3.5051683E-01,  4.2299691E+05
   17154, 17024,  2.4871001E-01,  4.2299691E+05
   16447, 17025,  2.3621293E-02,  1.2126699E+05
   16448, 17025,  8.9808273E-01,  1.2126699E+05
   16801, 17025,  7.8295976E-02,  1.2126699E+05
   17861, 17026,  3.0111666E-03,  9.9002883E+04
   17862, 17026,  9.9697340E-01,  9.9002883E+04
   18215, 17026,  1.5356740E-05,  9.9002883E+04
   18215, 17027,  1.0000000E+00,  7.0012891E+04
   17152, 17028,  1.0467619E-01,  6.0665012E+05
   17153, 17028,  5.4928982E-01,  6.0665012E+05
   17505, 17028,  1.7360507E-01,  6.0665012E+05
   17506, 17028,  1.7242889E-01,  6.0665012E+05
   17507, 17029,  1.0373203E-01,  1.1000252E+06
   17508, 17029,  2.8189611E-01,  1.1000252E+06
   17509, 17029,  8.6332545E-02,  1.1000252E+06
   17860, 17029,  5.9670150E-02,  1.1000252E+06
   17861, 17029,  2.0036499E-01,  1.1000252E+06
   17862, 17029,  2.6800412E-01,  1.1000252E+06
   17157, 17030,  6.5458147E-03,  2.6791256E+05
   17509, 17030,  4.0053004E-01,  2.6791256E+05
   17510, 17030,  3.8629022E-01,  2.6791256E+05
   17511, 17030,  3.8150501E-02,  2.6791256E+05
   17863, 17030,  1.2334073E-01,  2.6791256E+05
   17864, 17030,  4.5142703E-02,  2.6791256E+05
   16447, 17031,  3.8559443E-01,  2.8974634E+05
   16800, 17031,  6.1440557E-01,  2.8974634E+05
   17158, 17032,  4.1977811E-01,  1.6020723E+05
   17511, 17032,  5.8022183E-01,  1.6020723E+05
   17158, 17033,  1.0000000E+00,  1.4979658E+05
   33320, 18001,  1.0000000E+00,  1.3241453E+05
   26976, 18002,  1.0000000E+00,  8.2747867E+04
   25918, 18003,  1.0000000E+00,  4.5246859E+04
   26967, 18004,  1.9316041E-01,  4.8495631E+05
   27674, 18004,  3.8178399E-01,  4.8495631E+05
   27675, 18004,  2.4692954E-02,  4.8495631E+05
   27677, 18004,  3.8153803E-01,  4.8495631E+05
   28027, 18004,  1.7786149E-02,  4.8495631E+05
   28030, 18004,  1.0384606E-03,  4.8495631E+05
   33674, 18005,  1.5506232E-01,  5.9441719E+04
   34027, 18005,  8.4493768E-01,  5.9441719E+04
   26977, 18006,  1.0000000E+00,  1.9672814E+05
   26976, 18007,  1.2128147E-01,  9.4920781E+04
   26977, 18007,  4.8858151E-02,  9.4920781E+04
   27329, 18007,  6.8739688E-01,  9.4920781E+04
   27330, 18007,  1.4246354E-01,  9.4920781E+04
   28736, 18008,  8.6917788E-01,  3.0909653E+05
   28737, 18008,  1.3082211E-01,  3.0909653E+05
   32271, 18009,  1.0000000E+00,  3.3190375E+04
   30850, 18010,  4.0286663E-01,  1.1696649E+05
   30852, 18010,  5.3872149E-03,  1.1696649E+05
   31557, 18010,  5.9174615E-01,  1.1696649E+05
   30851, 18011,  5.7011038E-01,  1.5311697E+05
   30852, 18011,  4.2988965E-01,  1.5311697E+05
   28734, 18012,  2.2269371E-01,  2.1899100E+05
   29085, 18012,  5.2011508E-01,  2.1899100E+05
   29087, 18012,  8.1900313E-02,  2.1899100E+05
   29790, 18012,  1.7529082E-01,  2.1899100E+05
   27679, 18013,  1.0000000E+00,  5.4227879E+04
   28034, 18014,  1.0000000E+00,  4.8349117E+04
   29790, 18015,  8.6431593E-02,  4.6105709E+05
   29791, 18015,  9.3563840E-02,  4.6105709E+05
   29792, 18015,  5.3180545E-03,  4.6105709E+05
   30143, 18015,  8.3337963E-02,  4.6105709E+05
   30144, 18015,  1.1130308E-01,  4.6105709E+05
   30145, 18015,  3.5353711E-01,  4.6105709E+05
   30497, 18015,  8.1075504E-02,  4.6105709E+05
   30498, 18015,  2.0052821E-03,  4.6105709E+05
   30499, 18015,  1.8342757E-01,  4.6105709E+05
   32612, 18016,  2.4171907E-01,  2.6492741E+05
   32613, 18016,  1.0974652E-01,  2.6492741E+05
   32614, 18016,  9.0576917E-02,  2.6492741E+05
   32966, 18016,  5.5795753E-01,  2.6492741E+05
   28736, 18017,  2.5936890E-01,  1.7215689E+06
   28737, 18017,  2.6945421E-01,  1.7215689E+06
   29089, 18017,  3.8112092E-01,  1.7215689E+06
   29090, 18017,  7.4448310E-02,  1.7215689E+06
   29443, 18017,  1.5607688E-02,  1.7215689E+06
   30850, 18018,  9.0620446E-01,  2.3905094E+05
   31202, 18018,  9.3795486E-02,  2.3905094E+05
   28040, 18019,  1.0000000E+00,  7.7720381E+03
   25553, 18020,  4.3785572E-02,  8.5756844E+05
   25554, 18020,  7.8177281E-02,  8.5756844E+05
   25555, 18020,  4.1165936E-01,  8.5756844E+05
   25906, 18020,  6.2378324E-03,  8.5756844E+05
   25907, 18020,  1.2633030E-01,  8.5756844E+05
   25908, 18020,  2.3935050E-01,  8.5756844E+05
   25909, 18020,  9.4459169E-02,  8.5756844E+05
   48202, 19001,  1.0000000E+00,  3.4392121E+04
   49623, 19002,  7.2331890E-02,  1.1927238E+05
   49624, 19002,  9.2766809E-01,  1.1927238E+05
   48568, 19003,  1.0000000E+00,  5.4701602E+04
   45029, 19004,  6.9783017E-02,  3.8084588E+05
   45030, 19004,  2.0192781E-01,  3.8084588E+05
   45382, 19004,  5.2039742E-01,  3.8084588E+05
   45383, 19004,  2.0789178E-01,  3.8084588E+05
   53500, 19005,  3.6791864E-01,  2.6727653E+05
   53853, 19005,  6.3208145E-01,  2.6727653E+05
   47145, 19006,  1.4986402E-01,  2.6567640E+06
   47146, 19006,  3.5911345E-01,  2.6567640E+06
   47498, 19006,  4.4224733E-01,  2.6567640E+06
   47499, 19006,  4.5691375E-02,  2.6567640E+06
   47851, 19006,  3.0838584E-03,  2.6567640E+06
   40090, 19007,  4.5057470E-01,  1.5834859E+05
   41148, 19007,  5.4942530E-01,  1.5834859E+05
   50672, 19008,  1.0000000E+00,  1.1783607E+05
   46441, 19009,  3.2496896E-01,  6.1326056E+05
   46442, 19009,  4.7195229E-01,  6.1326056E+05
   46794, 19009,  6.5536730E-02,  6.1326056E+05
   46795, 19009,  1.3754207E-01,  6.1326056E+05
   47496, 19010,  1.8492149E-02,  2.1225569E+05
   47497, 19010,  2.3635854E-03,  2.1225569E+05
   47849, 19010,  1.8196407E-01,  2.1225569E+05
   47850, 19010,  1.9299342E-01,  2.1225569E+05
   48202, 19010,  8.5244402E-02,  2.1225569E+05
   48203, 19010,  5.1894242E-01,  2.1225569E+05
   48564, 19011,  4.3852156E-01,  2.2817450E+05
   48916, 19011,  2.4788990E-03,  2.2817450E+05
   48917, 19011,  5.5899954E-01,  2.2817450E+05
   47851, 19012,  1.1712386E-03,  2.7735391E+05
   47852, 19012,  7.8225225E-02,  2.7735391E+05
   48204, 19012,  1.6899378E-03,  2.7735391E+05
   48205, 19012,  9.1891354E-01,  2.7735391E+05
   47156, 19013,  1.0000000E+00,  2.9628441E+05
   38321, 19014,  1.0000000E+00,  1.1686880E+05
   48215, 19015,  5.2230223E-04,  6.0348281E+04
   48216, 19015,  9.9947768E-01,  6.0348281E+04
   47854, 19016,  1.0000000E+00,  8.0690492E+04
   43264, 19017,  1.0000000E+00,  1.1803077E+05
   47143, 19018,  2.8425056E-02,  9.0870606E+05
   47494, 19018,  5.9860158E-01,  9.0870606E+05
   47495, 19018,  1.2571765E-01,  9.0870606E+05
   47496, 19018,  2.4725570E-01,  9.0870606E+05
   46790, 19019,  5.1636201E-01,  1.0450899E+06
   46791, 19019,  4.7689810E-01,  1.0450899E+06
   47143, 19019,  6.7398460E-03,  1.0450899E+06
   47510, 19020,  1.0000000E+00,  1.5576453E+05
   47144, 19021,  1.7705528E-02,  1.8888569E+06
   47496, 19021,  2.3607051E-01,  1.8888569E+06
   47497, 19021,  6.4350218E-01,  1.8888569E+06
   47498, 19021,  9.2948154E-02,  1.8888569E+06
   47849, 19021,  7.2195763E-03,  1.8888569E+06
   47850, 19021,  2.5540590E-03,  1.8888569E+06
   45033, 19022,  9.6910280E-01,  8.5170492E+04
   45386, 19022,  3.0897189E-02,  8.5170492E+04
   49271, 19023,  1.0000000E+00,  6.7221125E+04
   39384, 19024,  1.4855364E-01,  4.3353418E+04
   39385, 19024,  1.4989981E-01,  4.3353418E+04
   39737, 19024,  6.5002871E-01,  4.3353418E+04
   39738, 19024,  5.1517792E-02,  4.3353418E+04
   47851, 19025,  1.1769485E-02,  3.7181138E+05
   47852, 19025,  9.8823053E-01,  3.7181138E+05
   46792, 19026,  4.3709320E-01,  3.1721050E+06
   46793, 19026,  2.0230754E-01,  3.1721050E+06
   47145, 19026,  2.7413049E-01,  3.1721050E+06
   47146, 19026,  8.6468771E-02,  3.1721050E+06
   47860, 19027,  9.9512923E-01,  1.1987204E+05
   48213, 19027,  4.8707565E-03,  1.1987204E+05
   48206, 19028,  1.0000000E+00,  6.4389484E+04
   43621, 19029,  9.5559466E-01,  1.3172400E+05
   43622, 19029,  4.4405375E-02,  1.3172400E+05
   42913, 19030,  1.0000000E+00,  5.0784609E+04
   46440, 19031,  2.3121387E-03,  1.5654719E+06
   46792, 19031,  1.5926389E-03,  1.5654719E+06
   46793, 19031,  7.3208696E-01,  1.5654719E+06
   46794, 19031,  2.5634754E-01,  1.5654719E+06
   47147, 19031,  7.6607638E-03,  1.5654719E+06
   52790, 19032,  1.0000000E+00,  1.7130350E+05
   43269, 19033,  7.4403234E-02,  5.1933909E+05
   43270, 19033,  3.1611905E-01,  5.1933909E+05
   43622, 19033,  1.2673698E-01,  5.1933909E+05
   43623, 19033,  4.8274073E-01,  5.1933909E+05
   47853, 19034,  1.0000000E+00,  8.3358820E+04
   48564, 19035,  3.8434051E-02,  6.4277961E+04
   48565, 19035,  9.6156591E-01,  6.4277961E+04
   37263, 19036,  1.0000000E+00,  7.0823523E+04
   48200, 19037,  7.3695458E-02,  8.3096719E+04
   48201, 19037,  9.2630452E-01,  8.3096719E+04
   44678, 19038,  1.7313869E-01,  4.6590522E+05
   44679, 19038,  4.1200060E-01,  4.6590522E+05
   45031, 19038,  1.6144846E-01,  4.6590522E+05
   45032, 19038,  2.5341225E-01,  4.6590522E+05
   46086, 19039,  1.0551852E-02,  6.3770285E+06
   46087, 19039,  5.4831681E-04,  6.3770285E+06
   46438, 19039,  3.5609843E-03,  6.3770285E+06
   46439, 19039,  1.0118429E-01,  6.3770285E+06
   46440, 19039,  2.8736712E-04,  6.3770285E+06
   46790, 19039,  1.0315305E-02,  6.3770285E+06
   46791, 19039,  2.0386435E-01,  6.3770285E+06
   46792, 19039,  6.5266788E-02,  6.3770285E+06
   47143, 19039,  1.6652939E-01,  6.3770285E+06
   47144, 19039,  3.1627959E-01,  6.3770285E+06
   47145, 19039,  1.7001785E-02,  6.3770285E+06
   47496, 19039,  9.5671855E-02,  6.3770285E+06
   47497, 19039,  8.9381440E-03,  6.3770285E+06
   50683, 19040,  1.0000000E+00,  4.6953074E+04
   47146, 19041,  9.3437769E-03,  1.7293689E+05
   47499, 19041,  4.8668453E-01,  1.7293689E+05
   47500, 19041,  5.0397176E-01,  1.7293689E+05
   47152, 19042,  1.0000000E+00,  5.0232145E+04
   43970, 19043,  1.0000000E+00,  2.1733473E+04
   50322, 19044,  2.0485079E-01,  5.3631444E+05
   50323, 19044,  1.6193083E-01,  5.3631444E+05
   50675, 19044,  2.7433985E-01,  5.3631444E+05
   50676, 19044,  3.5887846E-01,  5.3631444E+05
   47850, 19045,  2.4963850E-01,  2.9386441E+05
   47851, 19045,  1.7167751E-01,  2.9386441E+05
   48203, 19045,  5.7868397E-01,  2.9386441E+05
   47144, 19046,  3.2823479E-01,  2.1589305E+06
   47145, 19046,  6.5662813E-01,  2.1589305E+06
   47497, 19046,  6.7729503E-03,  2.1589305E+06
   47498, 19046,  8.3641335E-03,  2.1589305E+06
   48201, 19047,  3.5370940E-01,  3.3456131E+05
   48202, 19047,  6.4629066E-01,  3.3456131E+05
   46789, 19048,  2.4237950E-01,  1.2603752E+06
   46790, 19048,  3.4440622E-01,  1.2603752E+06
   47142, 19048,  1.7734465E-01,  1.2603752E+06
   47143, 19048,  2.3586959E-01,  1.2603752E+06
   45381, 19049,  9.1109062E-03,  9.5518456E+05
   45382, 19049,  1.7956235E-02,  9.5518456E+05
   45734, 19049,  5.2040368E-01,  9.5518456E+05
   45735, 19049,  3.4380917E-02,  9.5518456E+05
   46086, 19049,  8.0127664E-02,  9.5518456E+05
   46087, 19049,  3.3792144E-01,  9.5518456E+05
   46440, 19049,  9.9102348E-05,  9.5518456E+05
   51031, 19050,  6.8211764E-01,  3.2261166E+04
   51384, 19050,  3.1788233E-01,  3.2261166E+04
   50320, 19051,  8.0573601E-01,  1.2900415E+05
   50673, 19051,  1.9426396E-01,  1.2900415E+05
   11536, 20001,  3.7291345E-01,  1.4135577E+04
   11889, 20001,  6.2708658E-01,  1.4135577E+04
   16477, 20002,  1.0514938E-02,  1.2816833E+05
   16478, 20002,  5.7628733E-01,  1.2816833E+05
   16479, 20002,  4.1319773E-01,  1.2816833E+05
   10132, 20003,  1.0000000E+00,  1.7462453E+04
   13641, 20004,  1.0000000E+00,  1.8191725E+04
    8024, 20005,  7.5232639E-04,  6.6563125E+04
    8025, 20005,  9.9924779E-01,  6.6563125E+04
   11528, 20006,  4.3094573E-03,  9.3194805E+04
   11529, 20006,  2.7756283E-01,  9.3194805E+04
   11881, 20006,  3.5770757E-03,  9.3194805E+04
   11882, 20006,  7.1455061E-01,  9.3194805E+04
    8711, 20007,  1.0000000E+00,  3.1344406E+04
    6958, 20008,  1.0000001E+00,  7.6351968E+03
   12953, 20009,  4.3599058E-02,  2.4613600E+04
   12954, 20009,  9.5640087E-01,  2.4613600E+04
    9083, 20010,  5.3364289E-01,  6.8141641E+04
    9084, 20010,  8.1800155E-02,  6.8141641E+04
    9436, 20010,  2.6219958E-01,  6.8141641E+04
    9437, 20010,  1.2235734E-01,  6.8141641E+04
   11869, 20011,  1.0000000E+00,  1.0473502E+04
    5184, 20012,  1.0000000E+00,  1.1739800E+04
    9416, 20013,  9.3245214E-01,  4.3925629E+04
    9417, 20013,  6.7547813E-02,  4.3925629E+04
    8024, 20014,  3.7396944E-01,  1.7706475E+05
    8025, 20014,  2.5373250E-01,  1.7706475E+05
    8377, 20014,  3.0709055E-01,  1.7706475E+05
    8378, 20014,  6.5207489E-02,  1.7706475E+05
    7653, 20015,  7.4350286E-01,  3.1009732E+04
    8006, 20015,  2.5649717E-01,  3.1009732E+04
   10810, 20016,  8.0380011E-01,  2.1866141E+04
   10811, 20016,  1.9619986E-01,  2.1866141E+04
    8004, 20017,  1.0000000E+00,  1.2448224E+04
   13292, 20018,  1.2783337E-02,  2.2906174E+04
   13644, 20018,  3.9425021E-01,  2.2906174E+04
   13645, 20018,  5.9296650E-01,  2.2906174E+04
   13298, 20019,  1.0000000E+00,  9.7809170E+03
    9755, 20020,  6.8569040E-01,  1.7178695E+04
    9756, 20020,  3.1430957E-01,  1.7178695E+04
   16830, 20021,  9.9999994E-01,  4.0376234E+04
   14699, 20022,  1.0000000E+00,  1.0526843E+04
    9769, 20023,  1.0000000E+00,  8.3266789E+04
   14004, 20024,  1.0000000E+00,  1.8750289E+04
    7329, 20025,  1.0000000E+00,  8.5654602E+04
    9760, 20026,  1.0000000E+00,  2.9760787E+04
   14005, 20027,  1.0000000E+00,  1.5975751E+04
    7652, 20028,  6.6099055E-02,  9.2115727E+04
    8005, 20028,  9.3390089E-01,  9.2115727E+04
   14709, 20029,  4.7525191E-03,  1.5045631E+04
   14710, 20029,  7.7902669E-01,  1.5045631E+04
   15062, 20029,  1.7266432E-02,  1.5045631E+04
   15063, 20029,  1.9895436E-01,  1.5045631E+04
    7672, 20030,  1.4275405E-01,  5.4601453E+04
    8025, 20030,  8.5724598E-01,  5.4601453E+04
   10131, 20031,  1.0000000E+00,  2.4802912E+04
   13636, 20032,  1.0000000E+00,  8.2619170E+03
   10475, 20033,  1.0000000E+00,  1.7905986E+04
   12929, 20034,  1.1621770E-02,  2.1881852E+04
   12930, 20034,  9.8837829E-01,  2.1881852E+04
   11184, 20035,  9.5334232E-01,  1.0558510E+04
   11185, 20035,  4.6657663E-02,  1.0558510E+04
    9080, 20036,  1.0000000E+00,  1.1353848E+04
    9049, 20037,  9.4588347E-02,  1.0935754E+04
    9402, 20037,  9.0541166E-01,  1.0935754E+04
   10835, 20038,  1.0000000E+00,  2.6067477E+04
   12934, 20039,  1.8884036E-01,  3.0058400E+05
   13287, 20039,  8.1115961E-01,  3.0058400E+05
   14358, 20040,  1.7160995E-02,  1.8255883E+04
   14710, 20040,  3.5507718E-01,  1.8255883E+04
   14711, 20040,  6.2776184E-01,  1.8255883E+04
   14710, 20041,  9.2838901E-01,  1.0515077E+05
   14711, 20041,  7.1610972E-02,  1.0515077E+05
   11184, 20042,  3.1657416E-01,  2.7420107E+04
   11185, 20042,  6.8342590E-01,  2.7420107E+04
    6966, 20043,  5.9980705E-02,  4.1194862E+05
    7672, 20043,  6.9183928E-01,  4.1194862E+05
    7673, 20043,  1.0526662E-01,  4.1194862E+05
    7675, 20043,  7.3119767E-02,  4.1194862E+05
    8026, 20043,  4.1616116E-02,  4.1194862E+05
    8379, 20043,  2.8177470E-02,  4.1194862E+05
   14721, 20044,  9.9913770E-01,  1.6420197E+05
   14722, 20044,  8.6226920E-04,  1.6420197E+05
   10827, 20045,  9.1158943E-03,  3.0728346E+04
   10828, 20045,  9.9088413E-01,  3.0728346E+04
   11176, 20046,  1.0000000E+00,  1.4756061E+04
   13291, 20047,  1.0000000E+00,  1.2146529E+04
    9415, 20048,  1.0000000E+00,  1.1345996E+04
    8358, 20049,  4.8147878E-01,  1.0211788E+04
    8711, 20049,  5.1852119E-01,  1.0211788E+04
   10819, 20050,  1.0000000E+00,  1.4154285E+04
    9419, 20051,  1.0000000E+00,  2.4271922E+04
    7312, 20052,  4.6854198E-01,  4.6780766E+04
    7313, 20052,  5.3077686E-01,  4.6780766E+04
    7666, 20052,  6.8117777E-04,  4.6780766E+04
    8023, 20053,  1.0000000E+00,  1.3421685E+04
   11529, 20054,  1.0000000E+00,  1.2095020E+04
   13283, 20055,  1.0000000E+00,  2.3495242E+04
    7634, 20056,  1.0000000E+00,  1.2618636E+04
    9437, 20057,  6.2840515E-01,  1.6879152E+05
    9790, 20057,  1.2056938E-01,  1.6879152E+05
   10495, 20057,  6.7738979E-03,  1.6879152E+05
   10496, 20057,  5.1663565E-03,  1.6879152E+05
   10848, 20057,  1.7921323E-01,  1.6879152E+05
   10849, 20057,  5.9871960E-02,  1.6879152E+05
   14356, 20058,  1.0000000E+00,  8.6611475E+03
    6595, 20059,  1.6923905E-03,  1.7265633E+05
    6947, 20059,  5.5746116E-02,  1.7265633E+05
    6948, 20059,  8.8284957E-01,  1.7265633E+05
    6949, 20059,  5.9711907E-02,  1.7265633E+05
   10483, 20060,  1.0000000E+00,  1.0499983E+04
    6947, 20061,  1.0000000E+00,  3.0518434E+04
   11185, 20062,  1.0000000E+00,  1.1391424E+04
   10474, 20063,  1.8746236E-01,  3.2361436E+04
   10475, 20063,  8.1253767E-01,  3.2361436E+04
    8014, 20064,  3.4834978E-03,  2.1900115E+04
    8367, 20064,  9.9651653E-01,  2.1900115E+04
   11872, 20065,  1.0000000E+00,  2.7996842E+04
    8383, 20066,  1.0000000E+00,  4.2056977E+04
    9770, 20067,  4.6187378E-03,  1.0451722E+06
   10122, 20067,  9.0932086E-02,  1.0451722E+06
   10123, 20067,  7.8807318E-01,  1.0451722E+06
   10475, 20067,  1.0291144E-01,  1.0451722E+06
   10476, 20067,  1.3464550E-02,  1.0451722E+06
    8711, 20068,  9.1051877E-02,  1.2184852E+05
    8712, 20068,  3.0970791E-01,  1.2184852E+05
    9064, 20068,  7.6199643E-02,  1.2184852E+05
    9065, 20068,  5.2304053E-01,  1.2184852E+05
    8004, 20069,  4.4127837E-01,  9.0967275E+03
    8357, 20069,  5.5872166E-01,  9.0967275E+03
    6931, 20070,  9.1231890E-02,  3.1169561E+04
    7284, 20070,  9.0876812E-01,  3.1169561E+04
    5184, 20071,  6.7163468E-03,  5.4472534E+03
    5185, 20071,  9.9328369E-01,  5.4472534E+03
    8358, 20072,  6.2692463E-01,  3.2393973E+04
    8359, 20072,  3.4924477E-01,  3.2393973E+04
    8711, 20072,  2.3830570E-02,  3.2393973E+04
    9756, 20073,  1.0000000E+00,  6.1727988E+04
    6951, 20074,  1.0000000E+00,  7.5331943E+03
    7679, 20075,  1.0000000E+00,  4.7179246E+04
    7992, 20076,  1.0000000E+00,  2.0698018E+04
   10475, 20077,  2.3127928E-01,  2.4801059E+04
   10828, 20077,  7.6872075E-01,  2.4801059E+04
    9771, 20078,  1.0000000E+00,  1.7618977E+04
    6611, 20079,  8.1943405E-01,  4.4673944E+05
    6612, 20079,  1.8056591E-01,  4.4673944E+05
    7651, 20080,  1.0000000E+00,  2.0977166E+04
   12225, 20081,  8.8048571E-01,  2.0477092E+04
   12226, 20081,  1.1951423E-01,  2.0477092E+04
    6933, 20082,  1.0000000E+00,  1.0079634E+04
    9770, 20083,  1.0000000E+00,  4.9731102E+04
   10475, 20084,  8.9366525E-01,  4.2027988E+04
   10828, 20084,  1.0633468E-01,  4.2027988E+04
    5536, 20085,  1.0000000E+00,  1.5692069E+04
   10466, 20086,  1.0000000E+00,  1.6036180E+04
   10123, 20087,  7.2661513E-01,  5.2883434E+04
   10124, 20087,  2.7338484E-01,  5.2883434E+04
    9053, 20088,  1.0000000E+00,  1.2206741E+04
   12582, 20089,  1.0000000E+00,  9.0515840E+03
    6579, 20090,  1.0000000E+00,  2.9850885E+04
   10123, 20091,  7.4205101E-01,  3.6108242E+04
   10124, 20091,  2.5794891E-01,  3.6108242E+04
   10121, 20092,  1.6612476E-01,  1.8478443E+04
   10122, 20092,  8.3387524E-01,  1.8478443E+04
   12231, 20093,  1.0000000E+00,  9.1145938E+03
   10824, 20094,  1.0000000E+00,  2.3752493E+03
    6243, 20095,  3.5431519E-01,  2.2364381E+04
    6596, 20095,  6.4568478E-01,  2.2364381E+04
   11881, 20096,  1.0000000E+00,  1.3023652E+04
   11187, 20097,  3.4047800E-01,  1.3029498E+04
   11188, 20097,  6.5952206E-01,  1.3029498E+04
   14006, 20098,  1.0000000E+00,  1.1929825E+04
   12574, 20099,  1.0000000E+00,  1.5670583E+04
   11188, 20100,  7.3822802E-01,  5.4450405E+03
   11189, 20100,  2.6177195E-01,  5.4450405E+03
    8003, 20101,  9.5263755E-01,  1.5143634E+04
    8004, 20101,  4.7362428E-02,  1.5143634E+04
   10474, 20102,  9.1953140E-01,  1.6460736E+04
   10475, 20102,  8.0468573E-02,  1.6460736E+04
    9064, 20103,  7.2274894E-01,  3.6667965E+04
    9065, 20103,  2.7725103E-01,  3.6667965E+04
    9060, 20104,  9.2472804E-01,  1.1728554E+04
    9061, 20104,  7.5271867E-02,  1.1728554E+04
   11876, 20105,  1.0000000E+00,  1.2394137E+04
   12937, 20106,  1.0000000E+00,  7.3806353E+03
    9770, 20107,  8.5592973E-01,  8.5798469E+04
   10123, 20107,  1.4407022E-01,  8.5798469E+04
    9412, 20108,  1.0000000E+00,  1.3854260E+04
   14707, 20109,  1.0000000E+00,  2.1390473E+04
   10466, 20110,  1.0000000E+00,  4.6479282E+03
    7636, 20111,  1.0000000E+00,  1.2507633E+04
    8714, 20112,  1.0000000E+00,  2.7943820E+04
    5886, 20113,  3.0405089E-01,  3.7933344E+04
    5887, 20113,  6.9594908E-01,  3.7933344E+04
   10835, 20114,  1.0000000E+00,  8.9791094E+03
    9417, 20115,  5.6741184E-01,  5.8083598E+04
    9770, 20115,  4.3258816E-01,  5.8083598E+04
   14359, 20116,  1.0000000E+00,  1.2656709E+04
    5181, 20117,  4.0159610E-01,  1.2336092E+04
    5182, 20117,  5.9840393E-01,  1.2336092E+04
    9419, 20118,  1.3863217E-02,  2.3337611E+04
    9420, 20118,  9.8613685E-01,  2.3337611E+04
   10820, 20119,  1.0000000E+00,  1.3122437E+04
   10834, 20120,  9.5173442E-01,  8.2751943E+03
   10835, 20120,  4.8265595E-02,  8.2751943E+03
   12234, 20121,  1.0000000E+00,  7.4939897E+03
    7308, 20122,  1.0000000E+00,  9.6943965E+03
    9062, 20123,  1.0000000E+00,  3.5682020E+04
    6964, 20124,  6.2934250E-02,  4.3381504E+04
    7317, 20124,  9.3706572E-01,  4.3381504E+04
    7659, 20125,  9.9209177E-01,  1.4619364E+04
    7660, 20125,  7.9082521E-03,  1.4619364E+04
    6950, 20126,  1.0000000E+00,  3.2627803E+04
   10819, 20127,  1.0000000E+00,  1.1196840E+04
   11188, 20128,  7.0007694E-01,  1.6615787E+04
   11541, 20128,  2.9992306E-01,  1.6615787E+04
   12939, 20129,  1.0000000E+00,  2.5714701E+04
    7322, 20130,  1.9485211E-01,  2.8592463E+04
    7323, 20130,  8.0514783E-01,  2.8592463E+04
    9068, 20131,  6.0211015E-01,  7.9949789E+04
    9069, 20131,  3.9788979E-01,  7.9949789E+04
    8711, 20132,  3.2610711E-01,  2.1805217E+04
    8712, 20132,  6.7389286E-01,  2.1805217E+04
    9759, 20133,  1.3340473E-01,  1.4792302E+04
   10112, 20133,  8.6659527E-01,  1.4792302E+04
   14361, 20134,  1.0000000E+00,  2.3022178E+04
   10121, 20135,  9.3795365E-01,  1.9355557E+04
   10474, 20135,  3.4352172E-02,  1.9355557E+04
   10475, 20135,  2.7694101E-02,  1.9355557E+04
   13655, 20136,  1.0000000E+00,  2.5305525E+04
    9057, 20137,  1.0015468E-01,  5.8391680E+03
    9410, 20137,  8.9984536E-01,  5.8391680E+03
   10481, 20138,  1.0000000E+00,  1.4693483E+04
   14005, 20139,  1.0000000E+00,  6.4059653E+03
   11528, 20140,  1.0000000E+00,  2.3046146E+04
    7325, 20141,  8.5795814E-01,  4.3906727E+04
    7326, 20141,  1.4204186E-01,  4.3906727E+04
   15062, 20142,  1.0000000E+00,  8.0816001E+03
    7326, 20143,  1.0000000E+00,  3.8987176E+04
   11528, 20144,  1.0000000E+00,  1.3872786E+04
    9771, 20145,  5.9435219E-01,  7.3221945E+04
    9772, 20145,  1.3922589E-01,  7.3221945E+04
   10124, 20145,  2.6642197E-01,  7.3221945E+04
    6950, 20146,  1.0000000E+00,  2.4603564E+04
   11174, 20147,  6.6127837E-01,  3.1330232E+04
   11175, 20147,  1.3671990E-01,  3.1330232E+04
   11527, 20147,  1.8399073E-01,  3.1330232E+04
   11528, 20147,  1.8010980E-02,  3.1330232E+04
    5893, 20148,  1.0000000E+00,  1.3584888E+04
    7649, 20149,  9.9999994E-01,  1.6361143E+04
   11179, 20150,  2.6623774E-01,  7.0677953E+04
   11180, 20150,  7.3376220E-01,  7.0677953E+04
   13290, 20151,  1.0000000E+00,  9.4614600E+03
   11516, 20152,  6.2186199E-01,  1.3020801E+04
   11517, 20152,  4.9045838E-02,  1.3020801E+04
   11869, 20152,  3.2909217E-01,  1.3020801E+04
    5883, 20153,  1.0000000E+00,  2.7152982E+04
    6949, 20154,  1.0000000E+00,  3.9461645E+04
    7649, 20155,  1.0000000E+00,  6.4248438E+03
   11188, 20156,  2.8047565E-01,  1.6778213E+04
   11189, 20156,  2.2891317E-01,  1.6778213E+04
   11541, 20156,  3.6940545E-01,  1.6778213E+04
   11542, 20156,  1.2120577E-01,  1.6778213E+04
   10122, 20157,  8.4032524E-01,  9.6456242E+04
   10123, 20157,  1.5967466E-01,  9.6456242E+04
    7644, 20158,  1.0000000E+00,  9.1625049E+03
    6591, 20159,  6.4614868E-01,  1.0397267E+04
    6592, 20159,  3.5385135E-01,  1.0397267E+04
   13286, 20160,  1.0000000E+00,  1.7848189E+04
   11178, 20161,  9.9026555E-01,  4.4524204E+03
   11531, 20161,  9.7344136E-03,  4.4524204E+03
    8712, 20162,  9.4124109E-02,  2.5591170E+04
    8713, 20162,  9.0587586E-01,  2.5591170E+04
   14709, 20163,  1.0000000E+00,  1.0828358E+04
   12577, 20164,  1.0000000E+00,  8.0418442E+03
   13638, 20165,  1.0000000E+00,  1.4815646E+04
   14012, 20166,  1.0000000E+00,  1.9375393E+04
    6949, 20167,  1.0000000E+00,  2.4870396E+04
    6928, 20168,  1.0000000E+00,  1.1908809E+04
   15065, 20169,  1.0000000E+00,  1.9504100E+04
    6951, 20170,  3.2112468E-02,  4.3523133E+04
    7304, 20170,  9.6788758E-01,  4.3523133E+04
   14711, 20171,  9.9841404E-01,  7.0673242E+03
   14712, 20171,  1.5859797E-03,  7.0673242E+03
   11172, 20172,  1.0000000E+00,  8.8633213E+03
   11537, 20173,  8.7297040E-01,  2.9553732E+04
   11890, 20173,  1.2702966E-01,  2.9553732E+04
    9770, 20174,  1.0000000E+00,  2.1172244E+04
   12239, 20175,  1.0000000E+00,  8.1741138E+03
   12939, 20176,  4.9760652E-01,  3.8091469E+04
   12940, 20176,  5.0239354E-01,  3.8091469E+04
   13297, 20177,  1.0000000E+00,  3.7020418E+04
   10828, 20178,  1.0000000E+00,  1.5423971E+04
   11533, 20179,  3.8653946E-01,  4.6745203E+04
   11534, 20179,  6.1346060E-01,  4.6745203E+04
    7280, 20180,  7.8672051E-01,  2.7012244E+04
    7633, 20180,  2.1327949E-01,  2.7012244E+04
   13994, 20181,  1.0000000E+00,  1.1317124E+04
   13654, 20182,  1.0000001E+00,  5.4059805E+03
   11869, 20183,  5.9277448E-03,  1.7064123E+04
   12221, 20183,  3.3753252E-01,  1.7064123E+04
   12222, 20183,  6.5653974E-01,  1.7064123E+04
   14365, 20184,  2.3816071E-01,  4.7951819E+05
   14366, 20184,  2.7430922E-02,  4.7951819E+05
   14718, 20184,  5.5942535E-01,  4.7951819E+05
   14719, 20184,  1.1249645E-01,  4.7951819E+05
   14720, 20184,  6.2486619E-02,  4.7951819E+05
    7988, 20185,  1.0000000E+00,  3.6673609E+04
   13281, 20186,  1.0000000E+00,  1.6657457E+04
   14358, 20187,  1.0000000E+00,  1.4946148E+04
    7284, 20188,  4.4822618E-01,  1.7551221E+04
    7285, 20188,  5.5177379E-01,  1.7551221E+04
   11543, 20189,  3.6585631E-04,  1.1383145E+04
   11544, 20189,  9.9963409E-01,  1.1383145E+04
   10487, 20190,  1.0752814E-01,  6.2775852E+04
   10840, 20190,  3.7087721E-01,  6.2775852E+04
   11903, 20190,  5.2159464E-01,  6.2775852E+04
   11184, 20191,  1.0000000E+00,  7.2629741E+03
    9065, 20192,  1.0000000E+00,  2.3524777E+04
   10828, 20193,  6.3053852E-01,  3.4346902E+04
   11181, 20193,  3.6946148E-01,  3.4346902E+04
    9424, 20194,  1.0000000E+00,  2.2605930E+04
   10821, 20195,  1.0000000E+00,  3.6488859E+04
   11537, 20196,  1.0000000E+00,  1.4079212E+04
    9772, 20197,  1.0000000E+00,  2.6004902E+04
    9789, 20198,  8.6784804E-01,  3.2637707E+04
   10142, 20198,  6.3861392E-02,  3.2637707E+04
   10495, 20198,  7.9851160E-03,  3.2637707E+04
   10848, 20198,  6.0305450E-02,  3.2637707E+04
   12928, 20199,  1.0000000E+00,  9.9476035E+03
    9779, 20200,  9.9813026E-01,  1.1506686E+04
    9780, 20200,  1.8697447E-03,  1.1506686E+04
   11540, 20201,  1.0000000E+00,  8.9432598E+03
    6235, 20202,  6.0086328E-01,  9.8409658E+03
    6236, 20202,  3.9913672E-01,  9.8409658E+03
    8007, 20203,  1.0000000E+00,  4.4758051E+04
    7662, 20204,  9.6142381E-01,  1.3912825E+04
    8015, 20204,  3.8576193E-02,  1.3912825E+04
   11898, 20205,  8.2840449E-01,  5.8361938E+03
   12604, 20205,  1.7159551E-01,  5.8361938E+03
   14354, 20206,  8.9172292E-01,  2.4438385E+04
   14355, 20206,  1.0827711E-01,  2.4438385E+04
   10138, 20207,  1.0000000E+00,  2.5764586E+04
   10816, 20208,  8.4172940E-01,  3.9151770E+04
   11169, 20208,  1.5827060E-01,  3.9151770E+04
    6598, 20209,  1.0000000E+00,  1.8025812E+04
   11523, 20210,  1.0000000E+00,  4.3484087E+03
    6246, 20211,  1.0000000E+00,  9.3413086E+03
   11896, 20212,  1.0000001E+00,  9.4729062E+03
    6586, 20213,  1.0000000E+00,  1.6068992E+04
   12242, 20214,  2.4333443E-03,  1.6831176E+04
   12595, 20214,  9.9756658E-01,  1.6831176E+04
   11528, 20215,  1.0000000E+00,  1.7004936E+04
   11188, 20216,  1.0000000E+00,  1.3523371E+04
   10470, 20217,  1.0000000E+00,  8.3823389E+03
   10115, 20218,  9.9999994E-01,  7.3392817E+03
    9418, 20219,  1.0000000E+00,  3.0695104E+04
   12945, 20220,  1.0000000E+00,  8.9451123E+03
   11879, 20221,  4.0011425E-02,  1.7548012E+04
   12232, 20221,  9.5998859E-01,  1.7548012E+04
   11893, 20222,  1.0000000E+00,  1.1777003E+04
   11541, 20223,  1.0000000E+00,  4.4875469E+03
   11881, 20224,  1.0000000E+00,  1.2432100E+04
    6932, 20225,  8.0662572E-01,  7.3362500E+03
    6933, 20225,  1.9337432E-01,  7.3362500E+03
    9422, 20226,  9.1955197E-01,  1.8848660E+04
    9423, 20226,  8.0448046E-02,  1.8848660E+04
   10122, 20227,  1.5145388E-02,  1.2132716E+05
   10475, 20227,  9.8485464E-01,  1.2132716E+05
   15062, 20228,  1.0000000E+00,  1.2917198E+04
    7999, 20229,  9.9799740E-01,  1.2626084E+04
    8000, 20229,  2.0026404E-03,  1.2626084E+04
   12577, 20230,  1.0000000E+00,  9.7005723E+03
    9782, 20231,  1.0000000E+00,  1.6820594E+04
   14362, 20232,  1.0000000E+00,  4.2090371E+04
    9420, 20233,  1.0000000E+00,  1.8095455E+04
   14709, 20234,  1.0000000E+00,  1.1141355E+04
    6948, 20235,  2.2979032E-02,  4.8581500E+04
    7302, 20235,  9.7702098E-01,  4.8581500E+04
    5891, 20236,  1.0000000E+00,  1.3431219E+04
   12580, 20237,  2.6902923E-01,  2.3444666E+04
   12933, 20237,  7.3097074E-01,  2.3444666E+04
    8358, 20238,  1.0000000E+00,  1.7308525E+04
   11524, 20239,  1.0000000E+00,  8.7386592E+03
   10462, 20240,  1.0000000E+00,  1.1733968E+04
    8003, 20241,  4.0573558E-01,  1.8171395E+04
    8004, 20241,  5.9426445E-01,  1.8171395E+04
   11164, 20242,  1.0000000E+00,  1.7890488E+04
    9064, 20243,  1.0000000E+00,  2.3633951E+04
   14354, 20244,  7.0341706E-01,  2.1340676E+04
   14355, 20244,  9.9566601E-02,  2.1340676E+04
   14707, 20244,  1.9701630E-01,  2.1340676E+04
   12931, 20245,  3.4152168E-01,  6.6553271E+03
   13284, 20245,  6.5847832E-01,  6.6553271E+03
   10482, 20246,  1.0000001E+00,  8.5053193E+03
   11185, 20247,  1.0000000E+00,  2.5680666E+04
    6613, 20248,  4.7693038E-01,  9.2151445E+04
    6614, 20248,  5.2306968E-01,  9.2151445E+04
   14710, 20249,  1.0000000E+00,  2.7858717E+04
   11528, 20250,  1.0000000E+00,  9.2162549E+03
   12221, 20251,  1.6686486E-01,  1.1696676E+04
   12574, 20251,  8.3313513E-01,  1.1696676E+04
   10466, 20252,  1.0000000E+00,  1.5485318E+04
    5539, 20253,  1.0000000E+00,  1.1028932E+04
    6243, 20254,  6.7249157E-02,  2.0296734E+04
    6244, 20254,  9.3275076E-01,  2.0296734E+04
    9762, 20255,  9.3549550E-01,  1.6359650E+04
    9763, 20255,  6.4504482E-02,  1.6359650E+04
   13291, 20256,  1.0000000E+00,  2.2113092E+04
   10835, 20257,  5.3058463E-01,  1.3586080E+04
   10836, 20257,  4.5683697E-01,  1.3586080E+04
   11188, 20257,  2.1536800E-03,  1.3586080E+04
   11189, 20257,  1.0424751E-02,  1.3586080E+04
   10820, 20258,  2.0111893E-01,  2.1126932E+04
   11173, 20258,  7.9888099E-01,  2.1126932E+04
   12575, 20259,  1.0000000E+00,  1.6271202E+04
   11535, 20260,  1.0000000E+00,  1.4154926E+04
   13637, 20261,  1.0000000E+00,  1.0975205E+04
   10832, 20262,  4.0826477E-02,  1.7638156E+04
   11185, 20262,  9.5917356E-01,  1.7638156E+04
    6241, 20263,  1.0000000E+00,  1.6370989E+04
   12588, 20264,  1.0000000E+00,  9.7304854E+03
    9087, 20265,  1.0000000E+00,  8.4412686E+03
    5188, 20266,  1.0000000E+00,  8.7376660E+03
   11184, 20267,  1.0000000E+00,  8.3709844E+03
    8005, 20268,  1.0000000E+00,  1.6174787E+04
    9759, 20269,  1.0000000E+00,  3.5107172E+04
   12941, 20270,  5.1443413E-02,  2.2482082E+04
   12942, 20270,  9.4855660E-01,  2.2482082E+04
    8708, 20271,  8.8410753E-01,  7.3033540E+03
    8709, 20271,  1.1589243E-01,  7.3033540E+03
    6585, 20272,  8.8727444E-01,  2.4664354E+04
    6586, 20272,  1.1272555E-01,  2.4664354E+04
    9413, 20273,  4.2724419E-01,  1.3803249E+04
    9414, 20273,  5.7275581E-01,  1.3803249E+04
    9763, 20274,  8.8618193E-03,  6.0891499E+03
    9764, 20274,  9.9113816E-01,  6.0891499E+03
    9781, 20275,  1.0000000E+00,  2.0950230E+04
   13651, 20276,  2.4797894E-02,  1.5232574E+04
   13652, 20276,  9.7520214E-01,  1.5232574E+04
    6942, 20277,  9.8660914E-04,  3.0047631E+04
    7649, 20277,  9.9901336E-01,  3.0047631E+04
   15068, 20278,  5.7102454E-01,  5.5064016E+04
   15421, 20278,  4.2897546E-01,  5.5064016E+04
    5890, 20279,  1.0000000E+00,  1.7324096E+04
   11540, 20280,  1.0000000E+00,  2.4578414E+04
   11528, 20281,  9.9999988E-01,  1.0879968E+04
    6960, 20282,  1.0000000E+00,  1.2187375E+04
   13292, 20283,  1.0000000E+00,  3.1506404E+04
    8713, 20284,  8.0117798E-01,  2.2717957E+04
    9066, 20284,  1.9882204E-01,  2.2717957E+04
    6930, 20285,  1.0000000E+00,  1.9880146E+04
   11519, 20286,  7.2158076E-02,  2.2640396E+04
   11520, 20286,  9.2784190E-01,  2.2640396E+04
   12938, 20287,  1.0000000E+00,  1.7698674E+04
   11539, 20288,  1.0000000E+00,  6.7685107E+03
    7299, 20289,  1.0000000E+00,  2.5149648E+04
   12930, 20290,  1.0000001E+00,  5.8985977E+03
    6239, 20291,  4.5360826E-02,  1.2699465E+04
    6240, 20291,  2.7815461E-01,  1.2699465E+04
    6592, 20291,  2.2334418E-01,  1.2699465E+04
    6593, 20291,  4.5314041E-01,  1.2699465E+04
    9768, 20292,  1.0000000E+00,  1.0522415E+04
   10475, 20293,  8.8329667E-01,  9.4434023E+04
   10476, 20293,  1.1670327E-01,  9.4434023E+04
   10827, 20294,  6.6258866E-01,  5.9371051E+04
   11180, 20294,  3.3741131E-01,  5.9371051E+04
    9063, 20295,  9.8667264E-01,  8.5789320E+04
    9064, 20295,  1.3327354E-02,  8.5789320E+04
   12243, 20296,  1.0000000E+00,  1.4949785E+04
    9761, 20297,  1.0000000E+00,  1.4564195E+04
    9421, 20298,  1.0000000E+00,  7.3246836E+04
   10482, 20299,  1.0000000E+00,  9.9813203E+03
    7989, 20300,  1.0000000E+00,  2.8481645E+04
    8711, 20301,  1.0000000E+00,  2.1509848E+04
    7284, 20302,  1.0000000E+00,  6.8362588E+03
   10481, 20303,  1.0000000E+00,  1.2091872E+04
   11883, 20304,  1.0000000E+00,  1.0123090E+04
    8024, 20305,  1.0000000E+00,  3.9981699E+04
    5537, 20306,  1.0000000E+00,  1.2516173E+04
    5900, 20307,  1.0000000E+00,  1.9885449E+04
    6965, 20308,  1.0000000E+00,  1.7275254E+04
   14714, 20309,  1.0000000E+00,  3.4590180E+04
   10122, 20310,  1.0000000E+00,  2.6823086E+04
   12590, 20311,  1.0000000E+00,  9.3688613E+03
    7284, 20312,  1.0000000E+00,  2.0955361E+04
   12942, 20313,  1.0000000E+00,  1.3087667E+04
    6942, 20314,  1.0000000E+00,  1.1022542E+04
    8711, 20315,  1.0000000E+00,  1.8498641E+04
    7305, 20316,  1.0000000E+00,  1.4726824E+04
   11524, 20317,  1.0000000E+00,  1.1226780E+04
    4824, 20318,  7.5835490E-01,  2.6729294E+05
    5177, 20318,  2.4164511E-01,  2.6729294E+05
    6598, 20319,  1.0000000E+00,  1.5171517E+04
   10113, 20320,  1.0000000E+00,  1.0189730E+04
   13290, 20321,  1.0000000E+00,  1.0088100E+04
   14709, 20322,  7.8947403E-02,  1.6470160E+04
   15062, 20322,  9.2105252E-01,  1.6470160E+04
    9780, 20323,  1.0000000E+00,  1.2142643E+04
    4125, 20324,  3.5028100E-01,  9.3195188E+04
    4478, 20324,  2.3130719E-01,  9.3195188E+04
    4479, 20324,  4.1841182E-01,  9.3195188E+04
    8367, 20325,  5.7193792E-01,  5.4799047E+04
    9072, 20325,  4.2806205E-01,  5.4799047E+04
   13300, 20326,  1.0000000E+00,  1.1929586E+04
    7329, 20327,  1.0048085E-01,  8.4129414E+04
    7682, 20327,  8.9951921E-01,  8.4129414E+04
    8360, 20328,  1.0000000E+00,  2.1191680E+04
    9763, 20329,  1.0000000E+00,  1.2776602E+04
   14006, 20330,  1.0000000E+00,  1.1878740E+04
   11174, 20331,  1.0000000E+00,  3.9909867E+04
   11527, 20332,  1.0000000E+00,  7.6463818E+03
    8363, 20333,  1.0000000E+00,  2.5827898E+04
    5173, 20334,  2.3523816E-03,  1.5397008E+05
    5523, 20334,  4.3711087E-04,  1.5397008E+05
    5526, 20334,  5.1238924E-01,  1.5397008E+05
    5876, 20334,  1.8495570E-01,  1.5397008E+05
    5877, 20334,  2.9986560E-01,  1.5397008E+05
   11539, 20335,  1.0000000E+00,  8.5580879E+03
   12243, 20336,  1.0000000E+00,  1.2460012E+04
   10130, 20337,  4.3247840E-01,  4.6065168E+04
   10131, 20337,  5.6752163E-01,  4.6065168E+04
   10475, 20338,  3.2799542E-01,  5.0145273E+04
   10828, 20338,  6.7200464E-01,  5.0145273E+04
   11879, 20339,  1.0000000E+00,  2.5235840E+04
   14347, 20340,  1.0000000E+00,  1.0955156E+04
   12232, 20341,  1.0000000E+00,  1.0211232E+04
    9769, 20342,  4.9703640E-01,  1.8110973E+04
    9770, 20342,  5.0296354E-01,  1.8110973E+04
    9771, 20343,  7.4009740E-01,  2.4423432E+04
    9772, 20343,  2.5990260E-01,  2.4423432E+04
    6239, 20344,  1.0000000E+00,  1.3665037E+04
    7635, 20345,  1.0000000E+00,  1.7385678E+04
   11876, 20346,  1.0000000E+00,  1.6658047E+04
    6243, 20347,  1.0000000E+00,  1.3882270E+04
   11166, 20348,  1.0000000E+00,  2.9888660E+04
    9418, 20349,  8.6889945E-02,  1.5341003E+04
    9771, 20349,  9.1311002E-01,  1.5341003E+04
    9770, 20350,  5.0066254E-04,  7.4145438E+04
   10123, 20350,  9.4394064E-01,  7.4145438E+04
   10124, 20350,  5.5558655E-02,  7.4145438E+04
    6946, 20351,  1.7742321E-01,  6.0500125E+04
    7299, 20351,  8.2257676E-01,  6.0500125E+04
   13284, 20352,  9.5391285E-01,  7.1416689E+03
   13285, 20352,  4.6087179E-02,  7.1416689E+03
    6946, 20353,  1.0000000E+00,  4.9860102E+04
   15062, 20354,  1.0000000E+00,  6.7169580E+03
   14004, 20355,  2.9729547E-02,  1.2376564E+04
   14005, 20355,  9.7027051E-01,  1.2376564E+04
    9773, 20356,  1.0000000E+00,  3.6910801E+04
    8368, 20357,  1.0000000E+00,  2.4761758E+04
    8709, 20358,  1.5931930E-02,  1.7866801E+04
    8710, 20358,  9.8406810E-01,  1.7866801E+04
   11536, 20359,  1.0000000E+00,  1.9833527E+04
    9064, 20360,  1.0000000E+00,  3.6055266E+04
    6952, 20361,  1.0000000E+00,  1.3675581E+04
    6594, 20362,  7.3716350E-02,  3.0209111E+04
    6947, 20362,  9.2628360E-01,  3.0209111E+04
   10831, 20363,  8.6254579E-01,  2.1302248E+04
   11184, 20363,  1.3745420E-01,  2.1302248E+04
    6233, 20364,  5.2353126E-01,  2.7390398E+04
    6234, 20364,  3.1811816E-01,  2.7390398E+04
    6586, 20364,  1.4396951E-01,  2.7390398E+04
    6587, 20364,  1.4381049E-02,  2.7390398E+04
   10832, 20365,  6.1154532E-01,  1.4449439E+04
   11185, 20365,  3.8845468E-01,  1.4449439E+04
    5887, 20366,  1.0000000E+00,  2.1248197E+04
    6580, 20367,  6.9638300E-01,  2.1818215E+04
    6933, 20367,  3.0361700E-01,  2.1818215E+04
    8712, 20368,  7.6917756E-01,  4.4879680E+04
    9065, 20368,  2.3082244E-01,  4.4879680E+04
    9417, 20369,  1.0000000E+00,  2.2875131E+04
   11172, 20370,  1.0000000E+00,  1.1095577E+04
   10113, 20371,  1.0000000E+00,  2.1093010E+04
    9759, 20372,  1.0000000E+00,  7.1231470E+03
   14348, 20373,  1.0000000E+00,  1.3043742E+04
   14710, 20374,  1.0000000E+00,  7.6187778E+03
    9770, 20375,  1.8490669E-03,  5.8784684E+04
   10123, 20375,  9.9815089E-01,  5.8784684E+04
   12223, 20376,  1.0000000E+00,  5.5599165E+03
    9053, 20377,  1.0000000E+00,  1.6159121E+04
    8709, 20378,  7.2642696E-01,  1.3675443E+04
    8710, 20378,  1.0726742E-01,  1.3675443E+04
    9062, 20378,  1.6630565E-01,  1.3675443E+04
   10464, 20379,  1.0000000E+00,  7.9446328E+03
    9771, 20380,  1.1786574E-01,  1.4264155E+04
    9772, 20380,  8.8213420E-01,  1.4264155E+04
   13283, 20381,  1.0000000E+00,  2.2624727E+04
    9408, 20382,  1.0000000E+00,  9.2635908E+03
   11172, 20383,  1.0000000E+00,  4.2571509E+03
    6947, 20384,  1.0000000E+00,  4.5925695E+04
    9769, 20385,  2.2949810E-01,  3.4019041E+05
    9770, 20385,  5.7575715E-01,  3.4019041E+05
   10123, 20385,  1.9474471E-01,  3.4019041E+05
    7643, 20386,  1.0000000E+00,  6.5806963E+03
    8710, 20387,  9.2605203E-01,  3.0127861E+04
    9063, 20387,  7.3947981E-02,  3.0127861E+04
    9415, 20388,  1.0000000E+00,  1.0259190E+04
    9063, 20389,  5.8314102E-03,  1.0226988E+04
    9064, 20389,  9.9416858E-01,  1.0226988E+04
   10123, 20390,  9.3645227E-01,  1.8840984E+05
   10124, 20390,  6.3547708E-02,  1.8840984E+05
    6241, 20391,  4.6789223E-01,  2.6601262E+04
    6242, 20391,  5.3210777E-01,  2.6601262E+04
    9406, 20392,  1.0000000E+00,  7.1520293E+03
    8711, 20393,  4.4607526E-01,  2.0885449E+04
    8712, 20393,  5.5392474E-01,  2.0885449E+04
   10486, 20394,  1.0000000E+00,  1.1556002E+04
   12589, 20395,  1.0000000E+00,  1.7204734E+04
   14710, 20396,  1.0000000E+00,  1.9217105E+04
   10817, 20397,  5.5303985E-01,  1.0011967E+05
   10818, 20397,  4.4696012E-01,  1.0011967E+05
    8356, 20398,  1.8738613E-02,  3.2081871E+04
    8357, 20398,  9.8126137E-01,  3.2081871E+04
   10122, 20399,  9.8363370E-01,  1.2720972E+05
   10475, 20399,  1.6366299E-02,  1.2720972E+05
   13641, 20400,  1.0000000E+00,  1.9167674E+04
    4824, 20401,  2.8598967E-01,  1.0357373E+05
    4825, 20401,  6.1894602E-01,  1.0357373E+05
    4826, 20401,  9.5064327E-02,  1.0357373E+05
    7280, 20402,  2.6276331E-02,  1.0165725E+04
    7281, 20402,  9.7372365E-01,  1.0165725E+04
    9770, 20403,  1.0000000E+00,  2.1362314E+04
   11881, 20404,  1.0000000E+00,  9.1224258E+03
   12230, 20405,  1.0000000E+00,  1.7249947E+04
   15063, 20406,  1.0000000E+00,  1.6588482E+04
    9794, 20407,  1.0000000E+00,  1.5758853E+04
   11171, 20408,  1.0000001E+00,  3.4553926E+03
   10124, 20409,  1.0000000E+00,  4.5370238E+04
    6956, 20410,  1.0000000E+00,  1.1061160E+04
    9771, 20411,  1.0000000E+00,  1.0707121E+04
    8727, 20412,  3.7149906E-03,  7.5883794E+03
    9080, 20412,  9.9628496E-01,  7.5883794E+03
    4482, 20413,  4.8528272E-01,  1.4357525E+05
    4483, 20413,  2.0787996E-01,  1.4357525E+05
    4833, 20413,  3.0683735E-01,  1.4357525E+05
    6579, 20414,  1.0000000E+00,  2.3852039E+04
    7989, 20415,  2.6293880E-01,  1.3578961E+04
    7990, 20415,  7.3706120E-01,  1.3578961E+04
   13294, 20416,  1.0000000E+00,  1.4729550E+04
   13658, 20417,  1.6278755E-02,  1.3259364E+04
   13659, 20417,  9.8372126E-01,  1.3259364E+04
    7667, 20418,  9.7617632E-01,  7.7168227E+04
    7668, 20418,  2.3823574E-02,  7.7168227E+04
   11537, 20419,  1.0000000E+00,  2.5365881E+04
    8707, 20420,  4.2238313E-01,  2.2452496E+04
    8708, 20420,  5.7761693E-01,  2.2452496E+04
    7316, 20421,  6.1035231E-02,  2.3087812E+04
    7317, 20421,  9.3896478E-01,  2.3087812E+04
   12586, 20422,  1.0000000E+00,  1.6116253E+04
   11526, 20423,  1.0000000E+00,  3.2945869E+03
    6244, 20424,  8.0721104E-01,  1.6316897E+04
    6245, 20424,  1.9278897E-01,  1.6316897E+04
   13299, 20425,  1.0000000E+00,  1.9939447E+04
   10119, 20426,  2.5100431E-01,  1.7286568E+04
   10120, 20426,  7.4899572E-01,  1.7286568E+04
    9083, 20427,  6.7676982E-04,  4.7664008E+04
    9436, 20427,  3.5211498E-01,  4.7664008E+04
    9437, 20427,  1.3490790E-01,  4.7664008E+04
    9790, 20427,  5.1230043E-01,  4.7664008E+04
    6601, 20428,  4.4567648E-01,  7.1822900E+03
    6954, 20428,  5.5432355E-01,  7.1822900E+03
    8002, 20429,  1.0000000E+00,  1.9754645E+04
   10468, 20430,  1.0000000E+00,  6.6693267E+03
   14002, 20431,  1.0000000E+00,  2.5910785E+04
   11541, 20432,  1.0000000E+00,  9.8005000E+03
    6235, 20433,  1.0000000E+00,  8.3173320E+03
   14709, 20434,  1.0000000E+00,  2.1708027E+04
    9778, 20435,  1.0000000E+00,  1.4261563E+04
   12942, 20436,  4.8346393E-02,  8.9864150E+03
   12943, 20436,  9.5165360E-01,  8.9864150E+03
   10131, 20437,  3.1956844E-02,  2.7930613E+04
   10484, 20437,  9.6804315E-01,  2.7930613E+04
   14005, 20438,  1.0000000E+00,  1.0625303E+04
    4125, 20439,  1.6583401E-03,  2.4688330E+04
    4478, 20439,  9.9834168E-01,  2.4688330E+04
    8371, 20440,  1.0000000E+00,  1.2701365E+04
    7319, 20441,  8.3706725E-01,  5.4403762E+04
    7320, 20441,  1.1502366E-01,  5.4403762E+04
    7672, 20441,  4.7909115E-02,  5.4403762E+04
   10834, 20442,  1.0000000E+00,  9.5286777E+03
   10832, 20443,  1.0000000E+00,  1.3896806E+04
    9055, 20444,  1.0000000E+00,  8.2162148E+03
   10113, 20445,  8.9445192E-01,  7.6647559E+03
   10114, 20445,  1.0554815E-01,  7.6647559E+03
    9757, 20446,  6.4073449E-01,  4.7041143E+03
    9758, 20446,  3.5926557E-01,  4.7041143E+03
    8696, 20447,  1.0000000E+00,  2.4137305E+04
    8351, 20448,  1.0000001E+00,  6.4770879E+03
    8009, 20449,  7.9825246E-01,  1.7035131E+04
    8010, 20449,  2.0174760E-01,  1.7035131E+04
    7996, 20450,  9.5454532E-01,  2.2881422E+04
    8349, 20450,  4.5454670E-02,  2.2881422E+04
   12589, 20451,  1.0000000E+00,  1.0602672E+04
    9064, 20452,  1.0000000E+00,  3.3147020E+04
    5547, 20453,  1.0000000E+00,  2.4592459E+04
   10485, 20454,  1.0000000E+00,  5.0799595E+03
   13638, 20455,  1.0000000E+00,  2.0487467E+04
   12582, 20456,  4.0958729E-02,  1.0420284E+04
   12935, 20456,  9.5904136E-01,  1.0420284E+04
   11894, 20457,  1.0000000E+00,  9.3503760E+03
   12243, 20458,  1.0000000E+00,  1.3228718E+04
   14700, 20459,  1.0000000E+00,  3.0314402E+04
   11544, 20460,  1.0000000E+00,  1.4452937E+04
   11519, 20461,  1.0000000E+00,  1.3829605E+04
   13288, 20462,  1.0000000E+00,  2.4567850E+04
   11530, 20463,  8.1100194E-03,  9.4453877E+03
   11531, 20463,  7.8595805E-01,  9.4453877E+03
   11883, 20463,  1.3104313E-03,  9.4453877E+03
   11884, 20463,  2.0462146E-01,  9.4453877E+03
   13291, 20464,  1.0000000E+00,  2.0001803E+04
    9783, 20465,  1.0000000E+00,  1.2886281E+04
    7641, 20466,  1.0000000E+00,  8.0262705E+03
    6580, 20467,  1.0000000E+00,  6.2555102E+04
   12604, 20468,  1.0000000E+00,  1.3977325E+04
   10814, 20469,  3.3478674E-03,  6.1009914E+04
   11166, 20469,  2.3447461E-01,  6.1009914E+04
   11167, 20469,  7.6217753E-01,  6.1009914E+04
    8725, 20470,  1.0000000E+00,  1.4078115E+04
   11540, 20471,  1.0000000E+00,  8.1985996E+03
    8376, 20472,  1.0000000E+00,  2.6258021E+04
   10834, 20473,  9.9999988E-01,  1.7352598E+04
    7280, 20474,  2.5458586E-01,  2.0287064E+04
    7281, 20474,  7.4541408E-01,  2.0287064E+04
    9067, 20475,  4.7500086E-01,  1.0250162E+05
    9068, 20475,  8.6151183E-02,  1.0250162E+05
    9421, 20475,  4.3884793E-01,  1.0250162E+05
   13994, 20476,  1.0000000E+00,  9.2274346E+03
    7293, 20477,  1.0000000E+00,  1.7400646E+04
   11885, 20478,  1.0000000E+00,  2.2004893E+04
   11527, 20479,  1.0000000E+00,  8.4260059E+03
   11170, 20480,  5.0220031E-01,  8.6969668E+03
   11171, 20480,  4.9779966E-01,  8.6969668E+03
    9757, 20481,  2.9583448E-03,  4.7709072E+03
    9758, 20481,  9.9704158E-01,  4.7709072E+03
    6575, 20482,  1.3896409E-01,  1.9774922E+05
    6577, 20482,  5.2088100E-01,  1.9774922E+05
    6578, 20482,  3.5928089E-02,  1.9774922E+05
    6930, 20482,  2.9092017E-01,  1.9774922E+05
    6931, 20482,  1.3306656E-02,  1.9774922E+05
   10827, 20483,  1.0000000E+00,  6.3917281E+04
   12576, 20484,  1.0000000E+00,  2.8291791E+04
    6573, 20485,  1.0000000E+00,  1.6193728E+04
   12585, 20486,  1.0000000E+00,  2.6763746E+04
   11178, 20487,  9.5868075E-01,  1.0520413E+04
   11179, 20487,  4.1319139E-02,  1.0520413E+04
   12939, 20488,  1.0000000E+00,  4.8956704E+03
    6581, 20489,  1.0000000E+00,  1.1596046E+04
   15061, 20490,  8.0258620E-01,  1.2006660E+04
   15062, 20490,  1.9741379E-01,  1.2006660E+04
    8352, 20491,  1.0000000E+00,  7.3527026E+03
   10821, 20492,  5.5250329E-01,  1.6326329E+04
   10822, 20492,  4.4749671E-01,  1.6326329E+04
   11528, 20493,  2.4790640E-01,  7.5809536E+03
   11881, 20493,  7.5209361E-01,  7.5809536E+03
    9767, 20494,  1.0000000E+00,  1.1855841E+04
    5540, 20495,  1.0000000E+00,  1.0176981E+04
   11185, 20496,  1.0000000E+00,  1.6094302E+04
    6234, 20497,  1.0000000E+00,  2.8003020E+04
   11547, 20498,  9.9518049E-01,  1.0536821E+04
   11903, 20498,  4.8194882E-03,  1.0536821E+04
   11525, 20499,  2.2802105E-02,  2.5297984E+04
   11878, 20499,  9.7719789E-01,  2.5297984E+04
    9054, 20500,  9.9415773E-01,  2.0463396E+04
    9055, 20500,  5.8422582E-03,  2.0463396E+04
   12223, 20501,  1.0000000E+00,  1.2854429E+04
   10485, 20502,  9.6560282E-01,  2.0769557E+04
   10838, 20502,  3.4397174E-02,  2.0769557E+04
   10834, 20503,  9.9391603E-01,  5.3179902E+03
   10835, 20503,  6.0839360E-03,  5.3179902E+03
   11183, 20504,  1.0000000E+00,  1.6482324E+04
    8381, 20505,  1.0000000E+00,  5.4102852E+04
   10129, 20506,  1.0000000E+00,  1.2802235E+04
    6573, 20507,  4.5687774E-01,  2.5135537E+04
    6574, 20507,  5.4312229E-01,  2.5135537E+04
    8376, 20508,  8.3399229E-02,  1.6605273E+04
    8377, 20508,  9.1660082E-01,  1.6605273E+04
    4829, 20509,  1.0000000E+00,  1.1919180E+04
    9407, 20510,  1.0000000E+00,  6.1625483E+03
   10824, 20511,  1.0000000E+00,  4.5153560E+03
    6245, 20512,  1.0000000E+00,  1.0996881E+04
    9436, 20513,  1.0000000E+00,  3.2725148E+04
   11189, 20514,  9.5500693E-02,  9.5380469E+03
   11542, 20514,  9.0449935E-01,  9.5380469E+03
    6256, 20515,  1.0378307E-01,  3.3734472E+05
    6964, 20515,  5.3913844E-01,  3.3734472E+05
    7316, 20515,  5.6406652E-04,  3.3734472E+05
    7317, 20515,  3.5651448E-01,  3.3734472E+05
    7999, 20516,  1.0000000E+00,  2.0302100E+04
    9778, 20517,  1.0000000E+00,  2.6624338E+04
   11527, 20518,  9.2503196E-01,  1.0714499E+04
   11528, 20518,  7.4968040E-02,  1.0714499E+04
   10124, 20519,  1.0000000E+00,  2.7182697E+04
   12579, 20520,  1.0000000E+00,  4.5411266E+04
   12233, 20521,  1.0000000E+00,  6.0172720E+03
   10481, 20522,  1.0000000E+00,  1.2960075E+04
   11880, 20523,  1.0000000E+00,  2.4595701E+04
   12229, 20524,  1.0000000E+00,  5.8943296E+03
    8033, 20525,  1.0000000E+00,  8.3774273E+04
    5882, 20526,  1.0000000E+00,  2.2433227E+04
   13298, 20527,  1.0000000E+00,  2.1198205E+04
   11520, 20528,  1.0000000E+00,  1.5065616E+04
   12931, 20529,  8.9707369E-01,  5.9522856E+03
   12932, 20529,  1.0292632E-01,  5.9522856E+03
    9065, 20530,  1.0000000E+00,  1.9266240E+04
   10474, 20531,  1.0000000E+00,  1.9011852E+04
   10111, 20532,  8.9607489E-01,  6.9255771E+03
   10464, 20532,  1.0392509E-01,  6.9255771E+03
    6595, 20533,  1.0000000E+00,  5.1613875E+04
    6945, 20534,  3.5126621E-01,  2.5927266E+04
    7298, 20534,  6.4873385E-01,  2.5927266E+04
    8354, 20535,  2.5122055E-01,  2.3143936E+04
    8355, 20535,  7.4877942E-01,  2.3143936E+04
   11526, 20536,  1.0000000E+00,  9.2916699E+03
   11871, 20537,  1.0000000E+00,  2.1785652E+04
    6948, 20538,  8.6854106E-01,  2.9293344E+04
    6949, 20538,  1.3145889E-01,  2.9293344E+04
   10474, 20539,  4.0950966E-03,  3.2004738E+04
   10475, 20539,  9.9590492E-01,  3.2004738E+04
   12583, 20540,  9.6538350E-02,  5.0083926E+04
   12584, 20540,  9.0346164E-01,  5.0083926E+04
   11540, 20541,  1.0000000E+00,  1.2963277E+04
    8005, 20542,  1.0000000E+00,  1.7905141E+04
    6583, 20543,  3.8004074E-01,  4.1092082E+04
    6584, 20543,  6.1995924E-01,  4.1092082E+04
   11183, 20544,  9.3244976E-01,  2.4230951E+04
   11536, 20544,  6.7550205E-02,  2.4230951E+04
   14707, 20545,  1.0000000E+00,  5.9457406E+04
    9772, 20546,  2.6813841E-01,  4.4534820E+04
   10125, 20546,  7.3186159E-01,  4.4534820E+04
   12937, 20547,  1.0000000E+00,  1.9625025E+04
   13292, 20548,  1.3960178E-01,  3.2065816E+04
   13645, 20548,  8.6039823E-01,  3.2065816E+04
   12581, 20549,  1.0000000E+00,  3.0099027E+04
    9771, 20550,  1.3768627E-01,  5.8754070E+04
    9772, 20550,  8.6231375E-01,  5.8754070E+04
    9420, 20551,  3.1482764E-02,  1.1374177E+05
    9773, 20551,  9.6851724E-01,  1.1374177E+05
   13291, 20552,  1.0000000E+00,  2.6690682E+04
   10123, 20553,  1.5215999E-04,  1.1311720E+05
   10124, 20553,  9.9984783E-01,  1.1311720E+05
   11190, 20554,  1.0000000E+00,  2.7324518E+04
    9416, 20555,  9.7035104E-01,  9.4986191E+03
    9417, 20555,  2.9649008E-02,  9.4986191E+03
   12937, 20556,  1.0000000E+00,  9.0302607E+03
    7675, 20557,  7.1473874E-02,  7.4431102E+04
    8027, 20557,  5.3081915E-02,  7.4431102E+04
    8028, 20557,  8.7544429E-01,  7.4431102E+04
   12943, 20558,  5.4088097E-02,  1.2987840E+04
   12944, 20558,  6.9229239E-01,  1.2987840E+04
   13296, 20558,  9.1819558E-03,  1.2987840E+04
   13297, 20558,  2.4443749E-01,  1.2987840E+04
   13304, 20559,  6.0115081E-01,  3.0555988E+04
   13305, 20559,  3.9884916E-01,  3.0555988E+04
    9773, 20560,  6.8841165E-01,  6.9905930E+04
    9774, 20560,  1.1515089E-01,  6.9905930E+04
   10126, 20560,  6.5991201E-02,  6.9905930E+04
   10127, 20560,  1.3044623E-01,  6.9905930E+04
    8714, 20561,  1.0000000E+00,  3.5649098E+04
   11174, 20562,  2.2766756E-01,  2.1158893E+04
   11527, 20562,  7.7233243E-01,  2.1158893E+04
    7298, 20563,  7.2015893E-01,  2.7523217E+04
    7299, 20563,  2.7984107E-01,  2.7523217E+04
    9763, 20564,  1.0000000E+00,  2.4198928E+04
    9416, 20565,  1.0899174E-01,  1.7993981E+05
    9417, 20565,  7.0791095E-01,  1.7993981E+05
    9769, 20565,  3.0633640E-02,  1.7993981E+05
    9770, 20565,  1.5246361E-01,  1.7993981E+05
    8349, 20566,  2.3232496E-01,  1.9014467E+04
    8702, 20566,  7.6767504E-01,  1.9014467E+04
   12927, 20567,  1.0000000E+00,  2.8749918E+04
   13639, 20568,  1.1141440E-01,  1.7470312E+04
   13640, 20568,  8.8858563E-01,  1.7470312E+04
   10824, 20569,  1.0000000E+00,  8.0205220E+03
    8710, 20570,  4.4547315E-03,  9.7417023E+04
    9063, 20570,  8.1271952E-01,  9.7417023E+04
    9416, 20570,  1.8031463E-01,  9.7417023E+04
    9417, 20570,  2.5110890E-03,  9.7417023E+04
   18226, 21001,  3.7036605E-02,  7.3764375E+05
   18227, 21001,  3.2163691E-02,  7.3764375E+05
   18579, 21001,  2.0318930E-01,  7.3764375E+05
   18580, 21001,  4.2291406E-01,  7.3764375E+05
   18932, 21001,  9.1303155E-02,  7.3764375E+05
   18933, 21001,  2.1339321E-01,  7.3764375E+05
   23177, 21002,  1.0000000E+00,  3.4368297E+04
   14696, 21003,  4.9495265E-01,  2.8155316E+05
   15048, 21003,  1.5721248E-03,  2.8155316E+05
   15049, 21003,  5.0347519E-01,  2.8155316E+05
   18228, 21004,  2.6166457E-01,  4.9408928E+05
   18229, 21004,  5.2689517E-01,  4.9408928E+05
   18582, 21004,  2.1144025E-01,  4.9408928E+05
   17159, 21005,  1.0000000E+00,  2.8768375E+04
   22816, 21006,  9.8131520E-01,  7.2357500E+04
   22817, 21006,  1.8684793E-02,  7.2357500E+04
   16458, 21007,  1.0000000E+00,  3.3187957E+04
   22813, 21008,  1.0000000E+00,  5.5122242E+04
   14694, 21009,  7.8865367E-01,  5.6227340E+04
   15047, 21009,  2.1134634E-01,  5.6227340E+04
   15411, 21010,  2.0270201E-03,  2.2626350E+05
   15764, 21010,  9.6165133E-01,  2.2626350E+05
   15766, 21010,  3.6321640E-02,  2.2626350E+05
   13984, 21011,  1.0000000E+00,  2.5766406E+04
   18584, 21012,  1.1110586E-01,  5.7378652E+04
   18585, 21012,  1.5303698E-01,  5.7378652E+04
   18937, 21012,  2.1901527E-01,  5.7378652E+04
   18938, 21012,  5.1684189E-01,  5.7378652E+04
   15763, 21013,  3.2791758E-01,  1.0163559E+05
   15764, 21013,  6.7208236E-01,  1.0163559E+05
   22817, 21014,  1.0000000E+00,  1.3703582E+04
   18225, 21015,  1.0844375E-04,  8.1502638E+05
   18226, 21015,  1.6739720E-02,  8.1502638E+05
   18578, 21015,  6.4837104E-01,  8.1502638E+05
   18579, 21015,  3.3478081E-01,  8.1502638E+05
   21756, 21016,  1.4816162E-01,  5.3068539E+04
   21757, 21016,  8.5183835E-01,  5.3068539E+04
   21762, 21017,  4.9123522E-02,  1.6659495E+05
   21763, 21017,  1.1540598E-02,  1.6659495E+05
   22115, 21017,  9.2042619E-01,  1.6659495E+05
   22116, 21017,  1.8909637E-02,  1.6659495E+05
   15758, 21018,  9.7247750E-01,  3.7212621E+04
   15759, 21018,  2.7522532E-02,  3.7212621E+04
   17515, 21019,  8.0377072E-02,  1.0061158E+06
   17867, 21019,  1.2946826E-01,  1.0061158E+06
   17868, 21019,  7.8403383E-01,  1.0061158E+06
   18220, 21019,  6.1207758E-03,  1.0061158E+06
   17521, 21020,  1.0000000E+00,  9.1413469E+04
   16102, 21021,  1.0000000E+00,  1.4743703E+04
   17512, 21022,  4.5013344E-01,  9.7197055E+04
   17513, 21022,  3.3877945E-01,  9.7197055E+04
   17514, 21022,  2.1108708E-01,  9.7197055E+04
   17881, 21023,  1.0000000E+00,  4.3192957E+04
   14692, 21024,  1.0000000E+00,  3.4468898E+04
   23174, 21025,  1.3302267E-01,  4.0594543E+04
   23175, 21025,  8.6697739E-01,  4.0594543E+04
   18573, 21026,  3.7799674E-01,  8.8351281E+04
   18574, 21026,  6.2200332E-01,  8.8351281E+04
   14702, 21027,  1.0000000E+00,  1.4464245E+04
   22817, 21028,  3.2676231E-02,  8.3503350E+03
   22818, 21028,  9.6732378E-01,  8.3503350E+03
   22819, 21029,  1.0000000E+00,  2.4908070E+04
   22818, 21030,  1.0000000E+00,  9.2443242E+03
   16459, 21031,  1.0000000E+00,  9.9418969E+04
   14687, 21032,  1.0000000E+00,  7.8231035E+03
   17159, 21033,  1.0000000E+00,  2.8160111E+04
   18575, 21034,  3.7621241E-02,  3.4551225E+05
   18576, 21034,  8.4447935E-02,  3.4551225E+05
   18928, 21034,  2.3642783E-01,  3.4551225E+05
   18929, 21034,  6.4150292E-01,  3.4551225E+05
   14707, 21035,  9.7678101E-04,  1.9572797E+05
   15059, 21035,  4.6537381E-01,  1.9572797E+05
   15412, 21035,  5.1297653E-01,  1.9572797E+05
   15413, 21035,  2.0672835E-02,  1.9572797E+05
   15413, 21036,  1.1082298E-01,  6.0364148E+04
   15414, 21036,  8.8917702E-01,  6.0364148E+04
   15757, 21037,  1.0000000E+00,  5.3518836E+04
   17875, 21038,  9.6510744E-01,  1.2800269E+05
   17876, 21038,  1.7872183E-02,  1.2800269E+05
   18228, 21038,  1.7020352E-02,  1.2800269E+05
   22111, 21039,  9.1827226E-01,  1.6197304E+04
   22464, 21039,  8.1727736E-02,  1.6197304E+04
   18226, 21040,  9.6481609E-01,  6.4707074E+04
   18227, 21040,  3.0488756E-02,  6.4707074E+04
   18579, 21040,  4.6951678E-03,  6.4707074E+04
   18576, 21041,  6.7813772E-01,  6.1928825E+05
   18929, 21041,  3.2186234E-01,  6.1928825E+05
   16106, 21042,  1.0000000E+00,  4.2438699E+04
   22820, 21043,  1.0000000E+00,  6.8814914E+04
   20701, 21044,  6.0771018E-01,  1.1650705E+05
   20702, 21044,  3.1327993E-02,  1.1650705E+05
   21054, 21044,  3.6096177E-01,  1.1650705E+05
   18232, 21045,  3.5061225E-01,  1.3464012E+05
   18233, 21045,  6.4938784E-01,  1.3464012E+05
   16468, 21046,  3.9725739E-01,  1.0402307E+05
   16821, 21046,  6.0274261E-01,  1.0402307E+05
   15042, 21047,  5.9131670E-01,  2.7363012E+05
   15395, 21047,  1.2390998E-01,  2.7363012E+05
   15396, 21047,  4.6577044E-03,  2.7363012E+05
   15747, 21047,  2.8011557E-01,  2.7363012E+05
   18926, 21048,  3.1288025E-01,  1.4031089E+05
   18927, 21048,  1.3821548E-01,  1.4031089E+05
   19279, 21048,  3.7117761E-01,  1.4031089E+05
   19280, 21048,  1.7772666E-01,  1.4031089E+05
   23168, 21049,  9.9615067E-01,  4.5347898E+04
   23169, 21049,  3.8493297E-03,  4.5347898E+04
   19296, 21050,  1.0000000E+00,  1.6732219E+04
   15747, 21051,  5.1993500E-03,  1.4770792E+05
   16100, 21051,  2.6722318E-02,  1.4770792E+05
   16101, 21051,  8.6746210E-01,  1.4770792E+05
   16102, 21051,  1.0061620E-01,  1.4770792E+05
   16813, 21052,  1.0000000E+00,  5.4601512E+04
   21755, 21053,  3.8301775E-01,  4.4772975E+05
   21756, 21053,  2.7432302E-01,  4.4772975E+05
   22108, 21053,  4.3964047E-02,  4.4772975E+05
   22109, 21053,  2.9869518E-01,  4.4772975E+05
   21763, 21054,  9.9152988E-01,  1.6420059E+05
   22116, 21054,  8.4700370E-03,  1.6420059E+05
   13639, 21055,  2.2261433E-01,  7.6508234E+04
   13992, 21055,  7.7738571E-01,  7.6508234E+04
   14338, 21056,  1.0000000E+00,  2.6294990E+04
   23518, 21057,  1.0000000E+00,  1.2547322E+04
   19294, 21058,  2.4969591E-01,  1.1847028E+05
   19295, 21058,  1.7987480E-02,  1.1847028E+05
   19647, 21058,  4.3168703E-01,  1.1847028E+05
   19648, 21058,  3.0062956E-01,  1.1847028E+05
   14693, 21059,  1.0000000E+00,  5.7075336E+04
   18926, 21060,  8.0540627E-03,  4.4688348E+04
   18927, 21060,  9.9194598E-01,  4.4688348E+04
   16120, 21061,  2.9648560E-01,  2.4948135E+04
   16121, 21061,  6.4427137E-01,  2.4948135E+04
   16474, 21061,  5.9243042E-02,  2.4948135E+04
   16810, 21062,  1.0000000E+00,  4.5662309E+04
   17880, 21063,  9.7619778E-01,  8.9912508E+04
   17881, 21063,  2.3802202E-02,  8.9912508E+04
   25640, 21064,  7.7924418E-01,  3.8314914E+04
   25993, 21064,  2.2075582E-01,  3.8314914E+04
   18229, 21065,  3.1314281E-01,  2.3218620E+05
   18230, 21065,  6.5781111E-01,  2.3218620E+05
   18583, 21065,  2.9046129E-02,  2.3218620E+05
   14342, 21066,  1.0000000E+00,  7.9683492E+04
   19646, 21067,  1.0000000E+00,  1.1106410E+05
   23171, 21068,  1.0000000E+00,  8.8309268E+03
   17161, 21069,  8.1590360E-01,  1.2694554E+05
   17162, 21069,  1.8409644E-01,  1.2694554E+05
   16813, 21070,  2.4688352E-02,  6.4538324E+04
   16814, 21070,  9.7531164E-01,  6.4538324E+04
   23167, 21071,  3.5091436E-01,  5.3297912E+05
   23520, 21071,  4.6203268E-01,  5.3297912E+05
   23521, 21071,  1.8705298E-01,  5.3297912E+05
   23172, 21072,  1.0000000E+00,  1.4276336E+04
   15394, 21073,  6.9860089E-01,  7.3021594E+04
   15746, 21073,  2.9247600E-01,  7.3021594E+04
   15747, 21073,  8.9231823E-03,  7.3021594E+04
   18926, 21074,  9.9731304E-02,  3.1127194E+05
   18927, 21074,  6.7048019E-01,  3.1127194E+05
   18928, 21074,  1.1430865E-02,  3.1127194E+05
   19280, 21074,  1.9865356E-02,  3.1127194E+05
   19281, 21074,  1.9849230E-01,  3.1127194E+05
   22115, 21075,  1.0000000E+00,  1.0481680E+05
   22470, 21076,  1.0000000E+00,  5.8439980E+04
   22818, 21077,  1.0000000E+00,  1.9404633E+04
   22465, 21078,  1.0000000E+00,  2.6629141E+04
   17168, 21079,  1.7203195E-01,  5.6740371E+04
   17169, 21079,  8.1687874E-01,  5.6740371E+04
   17521, 21079,  8.4542828E-03,  5.6740371E+04
   17522, 21079,  2.6350433E-03,  5.6740371E+04
   22819, 21080,  1.0000000E+00,  9.1114160E+03
   13982, 21081,  1.0000000E+00,  2.1796010E+04
   15757, 21082,  3.0288020E-02,  6.6543133E+04
   16110, 21082,  9.6971202E-01,  6.6543133E+04
   21052, 21083,  1.0000000E+00,  5.3253262E+03
   22819, 21084,  1.0000000E+00,  1.4768024E+04
   16102, 21085,  7.0715256E-02,  4.3031800E+05
   16455, 21085,  7.5225584E-02,  4.3031800E+05
   16456, 21085,  7.0093453E-01,  4.3031800E+05
   16809, 21085,  1.5312459E-01,  4.3031800E+05
   24580, 21086,  1.0000000E+00,  5.9729790E+03
   15392, 21087,  9.1098589E-01,  5.2366824E+04
   15393, 21087,  8.9014113E-02,  5.2366824E+04
   22820, 21088,  1.0000000E+00,  1.0684758E+04
   23171, 21089,  7.5746097E-02,  2.1359701E+04
   23523, 21089,  5.1666719E-01,  2.1359701E+04
   23524, 21089,  3.6811587E-01,  2.1359701E+04
   23876, 21089,  3.9470822E-02,  2.1359701E+04
   18575, 21090,  6.8399078E-01,  2.1643705E+05
   18928, 21090,  3.1600925E-01,  2.1643705E+05
   23520, 21091,  2.9178875E-02,  4.5079230E+04
   23521, 21091,  9.7082114E-01,  4.5079230E+04
   16464, 21092,  1.0000000E+00,  4.9517262E+04
   19646, 21093,  1.0000000E+00,  2.5521695E+04
   20347, 21094,  1.6363509E-01,  1.8606866E+05
   20348, 21094,  8.3409441E-01,  1.8606866E+05
   20701, 21094,  2.2705102E-03,  1.8606866E+05
   17166, 21095,  1.0000000E+00,  1.6893439E+04
   18935, 21096,  1.2842298E-01,  4.7707918E+04
   18936, 21096,  8.7157702E-01,  4.7707918E+04
   17874, 21097,  9.8454458E-01,  8.6465508E+04
   17875, 21097,  1.5455421E-02,  8.6465508E+04
   17168, 21098,  1.0000000E+00,  4.1681078E+04
   17173, 21099,  1.1394560E-01,  1.2075712E+05
   17174, 21099,  8.8605440E-01,  1.2075712E+05
   23519, 21100,  9.6158397E-01,  1.5873389E+04
   23520, 21100,  3.8416058E-02,  1.5873389E+04
   22466, 21101,  1.0000000E+00,  2.8811236E+04
   18221, 21102,  7.1485336E-03,  1.1416731E+05
   18573, 21102,  3.1005850E-03,  1.1416731E+05
   18574, 21102,  9.8975092E-01,  1.1416731E+05
   16821, 21103,  6.1782730E-01,  1.1588616E+05
   16822, 21103,  3.8217270E-01,  1.1588616E+05
   18933, 21104,  2.1639550E-01,  2.0390881E+05
   18934, 21104,  9.7356834E-02,  2.0390881E+05
   19287, 21104,  6.8624765E-01,  2.0390881E+05
   20701, 21105,  1.0000000E+00,  4.8744992E+04
   17869, 21106,  8.1985872E-03,  1.9986514E+05
   17870, 21106,  1.9562829E-01,  1.9986514E+05
   18222, 21106,  6.1308181E-01,  1.9986514E+05
   18223, 21106,  1.8309133E-01,  1.9986514E+05
   23171, 21107,  1.0000000E+00,  1.4440157E+04
   19642, 21108,  1.7205011E-02,  1.3249403E+05
   19995, 21108,  9.6995747E-01,  1.3249403E+05
   19996, 21108,  1.2837573E-02,  1.3249403E+05
   23872, 21109,  1.0000000E+00,  5.1889230E+04
   17525, 21110,  3.7064627E-01,  5.1852184E+05
   17526, 21110,  2.8720704E-01,  5.1852184E+05
   17877, 21110,  5.1645730E-02,  5.1852184E+05
   17878, 21110,  2.8123981E-01,  5.1852184E+05
   17879, 21110,  9.2611192E-03,  5.1852184E+05
   24933, 21111,  3.8714314E-01,  2.6126068E+04
   24934, 21111,  6.1285686E-01,  2.6126068E+04
   14344, 21112,  1.0000000E+00,  4.8351777E+04
   14693, 21113,  1.0000000E+00,  3.4214809E+04
   17870, 21114,  2.0962495E-02,  7.5893600E+06
   17871, 21114,  9.7784288E-03,  7.5893600E+06
   18223, 21114,  1.9270143E-01,  7.5893600E+06
   18224, 21114,  2.1864933E-01,  7.5893600E+06
   18225, 21114,  2.2295967E-03,  7.5893600E+06
   18576, 21114,  1.4069375E-01,  7.5893600E+06
   18577, 21114,  3.1335568E-01,  7.5893600E+06
   18578, 21114,  8.1177019E-02,  7.5893600E+06
   18929, 21114,  6.6360100E-03,  7.5893600E+06
   18930, 21114,  7.6523745E-03,  7.5893600E+06
   18931, 21114,  6.1639096E-03,  7.5893600E+06
   17877, 21115,  5.1421213E-01,  4.1935872E+05
   17878, 21115,  4.3959774E-02,  4.1935872E+05
   18229, 21115,  1.5728526E-01,  4.1935872E+05
   18230, 21115,  2.8454280E-01,  4.1935872E+05
   19648, 21116,  1.0000000E+00,  2.3789951E+04
   19287, 21117,  9.8096734E-01,  1.0233330E+05
   19640, 21117,  1.9032562E-02,  1.0233330E+05
   17875, 21118,  9.5604576E-02,  2.9605025E+05
   18228, 21118,  8.6508727E-01,  2.9605025E+05
   18229, 21118,  3.9308123E-02,  2.9605025E+05
   18222, 21119,  1.0795166E-01,  1.1489195E+06
   18223, 21119,  5.0391394E-01,  1.1489195E+06
   18575, 21119,  1.0167058E-01,  1.1489195E+06
   18576, 21119,  2.8646383E-01,  1.1489195E+06
   16116, 21120,  4.2894762E-02,  3.3986289E+04
   16117, 21120,  8.2937819E-01,  3.3986289E+04
   16470, 21120,  1.2772714E-01,  3.3986289E+04
   17516, 21121,  1.0000000E+00,  1.5962146E+04
   19279, 21122,  9.8170972E-01,  3.9836129E+04
   19280, 21122,  1.8290225E-02,  3.9836129E+04
   23170, 21123,  9.9999988E-01,  2.0757639E+03
   15410, 21124,  1.0000000E+00,  1.3672406E+05
   18222, 21125,  1.0000000E+00,  1.1447068E+05
   18221, 21126,  7.3262465E-01,  4.0547688E+04
   18222, 21126,  1.4397365E-01,  4.0547688E+04
   18574, 21126,  6.4050063E-02,  4.0547688E+04
   18575, 21126,  5.9351701E-02,  4.0547688E+04
   14697, 21127,  1.3123378E-01,  8.4794727E+04
   15050, 21127,  8.6719441E-01,  8.4794727E+04
   15051, 21127,  1.5718378E-03,  8.4794727E+04
   19287, 21128,  1.4984968E-02,  1.2023659E+05
   19288, 21128,  9.4834805E-01,  1.2023659E+05
   19640, 21128,  2.9835540E-03,  1.2023659E+05
   19641, 21128,  2.2553325E-02,  1.2023659E+05
   19642, 21128,  1.1130127E-02,  1.2023659E+05
   15411, 21129,  1.0000000E+00,  6.1185887E+04
   18584, 21130,  9.5753163E-01,  4.4967133E+04
   18585, 21130,  4.2468335E-02,  4.4967133E+04
   17167, 21131,  1.0000000E+00,  2.9945062E+04
   19279, 21132,  6.2005199E-03,  7.5008988E+05
   19280, 21132,  6.1750621E-01,  7.5008988E+05
   19281, 21132,  2.5918630E-03,  7.5008988E+05
   19632, 21132,  4.3118071E-02,  7.5008988E+05
   19633, 21132,  3.3058333E-01,  7.5008988E+05
   16810, 21133,  1.0000000E+00,  2.2081666E+04
   19632, 21134,  9.9453181E-01,  1.0053652E+05
   19985, 21134,  5.4681054E-03,  1.0053652E+05
   13993, 21135,  1.0000000E+00,  3.6175887E+04
   18928, 21136,  8.1589025E-01,  5.1915707E+04
   18929, 21136,  1.8410978E-01,  5.1915707E+04
   18937, 21137,  4.9524817E-01,  1.1622108E+05
   19644, 21137,  5.0475180E-01,  1.1622108E+05
   18573, 21138,  9.9856740E-01,  5.5636477E+04
   18574, 21138,  1.4325728E-03,  5.5636477E+04
   14342, 21139,  9.5588201E-01,  6.9007242E+04
   14695, 21139,  4.4117995E-02,  6.9007242E+04
   18221, 21140,  1.5596447E-03,  1.1222716E+06
   18222, 21140,  1.9899162E-02,  1.1222716E+06
   18574, 21140,  3.0416227E-03,  1.1222716E+06
   18575, 21140,  6.0183734E-01,  1.1222716E+06
   18576, 21140,  3.7353820E-01,  1.1222716E+06
   18928, 21140,  1.2400850E-04,  1.1222716E+06
   14342, 21141,  5.0545353E-01,  3.0643820E+04
   14343, 21141,  4.9454647E-01,  3.0643820E+04
   18936, 21142,  8.0220461E-01,  2.2590120E+05
   18937, 21142,  1.9779545E-01,  2.2590120E+05
   19279, 21143,  6.9986504E-01,  1.7821950E+05
   19280, 21143,  4.4569440E-02,  1.7821950E+05
   19632, 21143,  2.2653240E-01,  1.7821950E+05
   19633, 21143,  2.9033087E-02,  1.7821950E+05
   17876, 21144,  9.6561915E-01,  1.1477255E+05
   18229, 21144,  3.4380890E-02,  1.1477255E+05
   15769, 21145,  1.0000000E+00,  2.1989578E+04
   16460, 21146,  9.5952326E-01,  2.9182363E+04
   16813, 21146,  4.0476765E-02,  2.9182363E+04
   15755, 21147,  1.0000000E+00,  1.0072099E+05
   18221, 21148,  1.0011397E-02,  2.3825340E+04
   18222, 21148,  9.8998857E-01,  2.3825340E+04
   16115, 21149,  2.0596576E-01,  1.9435897E+05
   16467, 21149,  6.2050754E-03,  1.9435897E+05
   16468, 21149,  7.8782910E-01,  1.9435897E+05
   17165, 21150,  1.0000000E+00,  4.6016250E+04
   17875, 21151,  1.0000000E+00,  1.8303961E+05
   18582, 21152,  1.6705973E-02,  1.6104547E+05
   18935, 21152,  8.8108861E-01,  1.6104547E+05
   18936, 21152,  1.0220549E-01,  1.6104547E+05
   17521, 21153,  3.1566069E-01,  1.6909772E+05
   17873, 21153,  5.2844608E-01,  1.6909772E+05
   17874, 21153,  1.5589328E-01,  1.6909772E+05
   17522, 21154,  7.0914202E-03,  7.5194100E+05
   17523, 21154,  1.4531064E-01,  7.5194100E+05
   17524, 21154,  1.4369668E-01,  7.5194100E+05
   17876, 21154,  6.9597417E-01,  7.5194100E+05
   17877, 21154,  7.9270927E-03,  7.5194100E+05
   14340, 21155,  1.0000000E+00,  4.9101227E+04
   15762, 21156,  4.1363724E-02,  1.1050568E+06
   15763, 21156,  4.9033649E-02,  1.1050568E+06
   16113, 21156,  7.6682977E-03,  1.1050568E+06
   16114, 21156,  3.2151844E-02,  1.1050568E+06
   16115, 21156,  5.7208318E-01,  1.1050568E+06
   16116, 21156,  1.1674000E-01,  1.1050568E+06
   16466, 21156,  1.8589418E-02,  1.1050568E+06
   16467, 21156,  1.5585454E-01,  1.1050568E+06
   16468, 21156,  6.5153688E-03,  1.1050568E+06
   15399, 21157,  1.0000000E+00,  1.1537517E+05
   23528, 21158,  1.0000000E+00,  1.4847094E+04
   16811, 21159,  3.4919295E-02,  4.5063664E+04
   17164, 21159,  9.6508074E-01,  4.5063664E+04
   15746, 21160,  9.5939857E-01,  1.9172910E+04
   16099, 21160,  4.0601425E-02,  1.9172910E+04
   16114, 21161,  5.6203246E-01,  2.9145272E+05
   16115, 21161,  6.2257942E-04,  2.9145272E+05
   16466, 21161,  4.1688094E-01,  2.9145272E+05
   16467, 21161,  2.0464052E-02,  2.9145272E+05
   22464, 21162,  1.2901540E-01,  4.8649359E+04
   22817, 21162,  8.7098461E-01,  4.8649359E+04
   18579, 21163,  9.7272581E-01,  1.1003529E+05
   18580, 21163,  2.7274238E-02,  1.1003529E+05
   17874, 21164,  1.0595679E-01,  6.4096712E+05
   17875, 21164,  1.8188144E-01,  6.4096712E+05
   18227, 21164,  6.3562781E-01,  6.4096712E+05
   18228, 21164,  7.6533921E-02,  6.4096712E+05
   17160, 21165,  1.0000000E+00,  2.5678512E+04
   17162, 21166,  1.0000000E+00,  6.6767539E+04
   22464, 21167,  1.0000000E+00,  1.5802060E+04
   16453, 21168,  6.4155110E-04,  9.3829477E+04
   16454, 21168,  1.7655347E-01,  9.3829477E+04
   16806, 21168,  4.4120243E-01,  9.3829477E+04
   16807, 21168,  3.8160253E-01,  9.3829477E+04
   16462, 21169,  1.0000000E+00,  6.7186273E+04
   20350, 21170,  5.5755657E-01,  1.0853365E+05
   20351, 21170,  4.4244343E-01,  1.0853365E+05
   17521, 21171,  3.9005209E-02,  4.9602180E+04
   17522, 21171,  9.6099472E-01,  4.9602180E+04
   21758, 21172,  1.0000000E+00,  5.3180344E+04
   22115, 21173,  1.0000000E+00,  8.0243297E+04
   21763, 21174,  5.4868442E-01,  4.8740800E+05
   22116, 21174,  4.5131552E-01,  4.8740800E+05
   18221, 21175,  9.9148393E-01,  4.9388133E+04
   18573, 21175,  8.5161105E-03,  4.9388133E+04
   16455, 21176,  1.0000000E+00,  6.3433422E+04
   16465, 21177,  1.3821401E-01,  6.3716494E+05
   16466, 21177,  7.5053686E-04,  6.3716494E+05
   16818, 21177,  5.5609107E-01,  6.3716494E+05
   16819, 21177,  2.5671092E-01,  6.3716494E+05
   17171, 21177,  4.8233412E-02,  6.3716494E+05
   23873, 21178,  1.0000000E+00,  9.4954316E+03
   18586, 21179,  2.9810894E-01,  1.1866744E+05
   18939, 21179,  7.0189101E-01,  1.1866744E+05
   19278, 21180,  8.2696816E-03,  1.8876308E+05
   19631, 21180,  4.2347699E-01,  1.8876308E+05
   19632, 21180,  4.4710478E-01,  1.8876308E+05
   19985, 21180,  1.2114850E-01,  1.8876308E+05
   18928, 21181,  1.0000000E+00,  8.6829953E+04
   17521, 21182,  2.7863273E-01,  6.5754461E+04
   17522, 21182,  2.5367571E-02,  6.5754461E+04
   17874, 21182,  5.3814858E-01,  6.5754461E+04
   17875, 21182,  1.5785120E-01,  6.5754461E+04
   23168, 21183,  2.9512981E-01,  5.4934758E+04
   23169, 21183,  2.6545143E-01,  5.4934758E+04
   23521, 21183,  2.8882980E-01,  5.4934758E+04
   23522, 21183,  1.5058894E-01,  5.4934758E+04
   23169, 21184,  1.0000000E+00,  1.1160101E+04
   16808, 21185,  1.0000000E+00,  2.7258135E+04
   21408, 21186,  1.0640267E-01,  3.6700466E+05
   21761, 21186,  5.7483453E-01,  3.6700466E+05
   21762, 21186,  1.0709891E-01,  3.6700466E+05
   22114, 21186,  1.8528066E-04,  3.6700466E+05
   22115, 21186,  2.1147859E-01,  3.6700466E+05
   24579, 21187,  1.0000000E+00,  8.8029619E+03
   17512, 21188,  2.0182031E-01,  1.3357220E+05
   17514, 21188,  2.1430792E-03,  1.3357220E+05
   17865, 21188,  5.4789716E-03,  1.3357220E+05
   17866, 21188,  6.6223407E-01,  1.3357220E+05
   17867, 21188,  1.2832361E-01,  1.3357220E+05
   17522, 21189,  5.7502973E-01,  2.7701594E+05
   17523, 21189,  1.2289819E-02,  2.7701594E+05
   17875, 21189,  3.9401630E-01,  2.7701594E+05
   17876, 21189,  1.8664125E-02,  2.7701594E+05
   15051, 21190,  1.0000000E+00,  6.9971867E+04
   13985, 21191,  1.0000000E+00,  9.3138664E+04
   22820, 21192,  1.0000000E+00,  8.0975322E+03
   17519, 21193,  3.6430411E-02,  4.1116180E+04
   17520, 21193,  9.6356958E-01,  4.1116180E+04
   24583, 21194,  6.3666004E-01,  9.1301055E+04
   24936, 21194,  3.6076501E-01,  9.1301055E+04
   24937, 21194,  2.5749533E-03,  9.1301055E+04
   16118, 21195,  3.6298672E-03,  1.0944124E+05
   16119, 21195,  3.7163609E-01,  1.0944124E+05
   16471, 21195,  6.2473404E-01,  1.0944124E+05
   15050, 21196,  1.0000000E+00,  5.0374328E+04
   23521, 21197,  1.7336121E-02,  1.6527173E+05
   23874, 21197,  7.7234840E-01,  1.6527173E+05
   24228, 21197,  2.1031553E-01,  1.6527173E+05
   13984, 21198,  8.3168638E-01,  1.9328844E+04
   14337, 21198,  1.6831364E-01,  1.9328844E+04
   21763, 21199,  1.5131222E-02,  9.9294055E+04
   21764, 21199,  9.8486871E-01,  9.9294055E+04
   21760, 21200,  9.5746791E-01,  4.0085977E+04
   22113, 21200,  4.2532090E-02,  4.0085977E+04
   16810, 21201,  1.0000000E+00,  2.0816664E+04
   22466, 21202,  1.0000000E+00,  8.8878695E+04
   16817, 21203,  3.0223740E-02,  8.2222703E+04
   17170, 21203,  9.6977627E-01,  8.2222703E+04
   22115, 21204,  1.0000000E+00,  6.1454480E+04
   17171, 21205,  6.4802790E-01,  2.7168753E+05
   17524, 21205,  3.5197219E-01,  2.7168753E+05
   16460, 21206,  9.4758880E-01,  3.0222213E+04
   16461, 21206,  5.2411199E-02,  3.0222213E+04
   21407, 21207,  2.3243420E-02,  3.8804944E+05
   21408, 21207,  1.6144272E-02,  3.8804944E+05
   21760, 21207,  2.1458545E-01,  3.8804944E+05
   21761, 21207,  4.0487316E-02,  3.8804944E+05
   22113, 21207,  1.8912409E-01,  3.8804944E+05
   22114, 21207,  4.8960465E-01,  3.8804944E+05
   22466, 21207,  1.4847057E-02,  3.8804944E+05
   22467, 21207,  1.1963742E-02,  3.8804944E+05
   22109, 21208,  6.7470111E-02,  4.7616272E+05
   22462, 21208,  9.3252987E-01,  4.7616272E+05
   15408, 21209,  6.2409037E-01,  4.3148039E+04
   15409, 21209,  3.7590963E-01,  4.3148039E+04
   22818, 21210,  1.0000000E+00,  9.5476230E+03
   21408, 21211,  9.1921343E-03,  9.7658359E+04
   21761, 21211,  9.9080789E-01,  9.7658359E+04
   21407, 21212,  4.8609108E-01,  7.0851289E+04
   21408, 21212,  4.8731962E-01,  7.0851289E+04
   21760, 21212,  2.6589299E-02,  7.0851289E+04
   23875, 21213,  1.0000000E+00,  7.2996865E+03
   15411, 21214,  1.0000000E+00,  1.0324482E+05
   22465, 21215,  9.9509466E-01,  3.7081770E+04
   22818, 21215,  4.9053924E-03,  3.7081770E+04
   22819, 21216,  1.0000000E+00,  1.2270163E+04
   15413, 21217,  4.3807987E-02,  3.6960472E+05
   15414, 21217,  5.6562799E-01,  3.6960472E+05
   15766, 21217,  1.7420463E-01,  3.6960472E+05
   15767, 21217,  2.1635944E-01,  3.6960472E+05
   23143, 22001,  1.0000000E+00,  4.4844254E+04
   27385, 22002,  1.0000000E+00,  1.0509735E+04
   29149, 22003,  1.0000000E+00,  1.4012757E+04
   25264, 22004,  1.9041184E-01,  1.1355633E+05
   25265, 22004,  3.7208173E-01,  1.1355633E+05
   25266, 22004,  1.1986051E-01,  1.1355633E+05
   25617, 22004,  8.4314898E-02,  1.1355633E+05
   25618, 22004,  1.4674693E-01,  1.1355633E+05
   25619, 22004,  8.6584114E-02,  1.1355633E+05
   24908, 22005,  2.1445033E-01,  6.5881125E+04
   25615, 22005,  4.9190202E-01,  6.5881125E+04
   25968, 22005,  2.9364768E-01,  6.5881125E+04
   24551, 22006,  2.6982552E-01,  5.2721700E+05
   24552, 22006,  1.4093585E-01,  5.2721700E+05
   24904, 22006,  2.0477895E-01,  5.2721700E+05
   24905, 22006,  3.8445967E-01,  5.2721700E+05
   25264, 22007,  8.4586895E-01,  1.6592528E+05
   25616, 22007,  1.5413101E-01,  1.6592528E+05
   23847, 22008,  2.1044721E-01,  4.0137977E+04
   24199, 22008,  2.0111290E-01,  4.0137977E+04
   24200, 22008,  1.9097094E-01,  4.0137977E+04
   24553, 22008,  3.9746895E-01,  4.0137977E+04
   27739, 22009,  8.3559388E-01,  5.4997027E+04
   27740, 22009,  1.6440609E-01,  5.4997027E+04
   27388, 22010,  5.4015599E-02,  2.3782318E+04
   27741, 22010,  9.4598436E-01,  2.3782318E+04
   24905, 22011,  9.0776468E-03,  2.7181525E+05
   24906, 22011,  2.6381364E-01,  2.7181525E+05
   24907, 22011,  1.4066255E-01,  2.7181525E+05
   25259, 22011,  2.2232954E-01,  2.7181525E+05
   25260, 22011,  1.1436435E-01,  2.7181525E+05
   25611, 22011,  4.0954333E-02,  2.7181525E+05
   25612, 22011,  1.4312856E-01,  2.7181525E+05
   25613, 22011,  6.2845923E-02,  2.7181525E+05
   25964, 22011,  2.8235053E-03,  2.7181525E+05
   24201, 22012,  7.5273901E-02,  2.4353423E+05
   24202, 22012,  9.8371454E-02,  2.4353423E+05
   24554, 22012,  1.6127388E-01,  2.4353423E+05
   24555, 22012,  5.5572587E-01,  2.4353423E+05
   24556, 22012,  6.2163953E-02,  2.4353423E+05
   24907, 22012,  5.4796170E-03,  2.4353423E+05
   24908, 22012,  4.1711289E-02,  2.4353423E+05
   27029, 22013,  2.4057867E-01,  1.4362422E+04
   27030, 22013,  7.5942129E-01,  1.4362422E+04
   24904, 22014,  7.0020877E-02,  2.5066915E+06
   24905, 22014,  4.4142115E-01,  2.5066915E+06
   24906, 22014,  7.9255914E-03,  2.5066915E+06
   25256, 22014,  1.2592730E-04,  2.5066915E+06
   25257, 22014,  2.0840655E-01,  2.5066915E+06
   25258, 22014,  1.6675013E-01,  2.5066915E+06
   25259, 22014,  2.9802991E-03,  2.5066915E+06
   25610, 22014,  7.0984669E-02,  2.5066915E+06
   25611, 22014,  8.4605580E-03,  2.5066915E+06
   25963, 22014,  1.4545465E-02,  2.5066915E+06
   25964, 22014,  5.5227671E-03,  2.5066915E+06
   26317, 22014,  2.8560425E-03,  2.5066915E+06
   26326, 22015,  1.0000000E+00,  1.9265451E+04
   23850, 22016,  4.1406224E-03,  8.4074819E+05
   23851, 22016,  7.1325243E-02,  8.4074819E+05
   23852, 22016,  2.9025832E-02,  8.4074819E+05
   24202, 22016,  6.3018247E-02,  8.4074819E+05
   24203, 22016,  1.3195626E-01,  8.4074819E+05
   24204, 22016,  6.2069011E-01,  8.4074819E+05
   24205, 22016,  2.4525840E-02,  8.4074819E+05
   24556, 22016,  3.0977378E-02,  8.4074819E+05
   24557, 22016,  2.3948621E-02,  8.4074819E+05
   24909, 22016,  3.9187053E-04,  8.4074819E+05
   24557, 22017,  1.1927681E-01,  3.0031316E+05
   24558, 22017,  4.8212549E-01,  3.0031316E+05
   24909, 22017,  7.2094001E-02,  3.0031316E+05
   24910, 22017,  8.9125760E-02,  3.0031316E+05
   24911, 22017,  1.7889874E-01,  3.0031316E+05
   25262, 22017,  5.8479208E-02,  3.0031316E+05
   25970, 22018,  4.0005884E-01,  6.7037719E+04
   26322, 22018,  3.9677051E-01,  6.7037719E+04
   26323, 22018,  2.0317064E-01,  6.7037719E+04
   27884, 23001,  9.7764677E-01,  4.7344909E+05
   28237, 23001,  2.2353232E-02,  4.7344909E+05
   23277, 23002,  1.1320087E-01,  5.1763750E+05
   23283, 23002,  2.7194527E-01,  5.1763750E+05
   23284, 23002,  6.7765184E-05,  5.1763750E+05
   23636, 23002,  2.7820259E-01,  5.1763750E+05
   23637, 23002,  2.3792349E-03,  5.1763750E+05
   24694, 23002,  8.6696208E-02,  5.1763750E+05
   26103, 23002,  1.7648809E-01,  5.1763750E+05
   26104, 23002,  7.1019985E-02,  5.1763750E+05
   31061, 23003,  2.6424712E-01,  1.2002634E+05
   31062, 23003,  6.5254784E-01,  1.2002634E+05
   31063, 23003,  5.7452664E-02,  1.2002634E+05
   31415, 23003,  2.5752382E-02,  1.2002634E+05
   17629, 23004,  2.5256587E-02,  1.6082968E+06
   17630, 23004,  5.1500753E-02,  1.6082968E+06
   18332, 23004,  4.8691176E-02,  1.6082968E+06
   18689, 23004,  2.2324931E-02,  1.6082968E+06
   18690, 23004,  2.0159412E-02,  1.6082968E+06
   18692, 23004,  2.0462348E-01,  1.6082968E+06
   18693, 23004,  3.9013812E-01,  1.6082968E+06
   19045, 23004,  2.2972592E-03,  1.6082968E+06
   19046, 23004,  1.2018993E-01,  1.6082968E+06
   19397, 23004,  9.9521473E-02,  1.6082968E+06
   20812, 23004,  1.5101295E-04,  1.6082968E+06
   21165, 23004,  1.5207981E-02,  1.6082968E+06
   29296, 23005,  2.4937801E-02,  4.1087558E+06
   29649, 23005,  7.2411033E-03,  4.1087558E+06
   29998, 23005,  2.7484534E-02,  4.1087558E+06
   30354, 23005,  4.6009090E-02,  4.1087558E+06
   30355, 23005,  6.9594465E-02,  4.1087558E+06
   30356, 23005,  7.8964606E-03,  4.1087558E+06
   30707, 23005,  6.5476120E-02,  4.1087558E+06
   30708, 23005,  5.9224385E-01,  4.1087558E+06
   30709, 23005,  2.6966853E-02,  4.1087558E+06
   31061, 23005,  1.2940691E-01,  4.1087558E+06
   31062, 23005,  3.2435590E-03,  4.1087558E+06
   23981, 23006,  5.0597441E-01,  2.3968238E+05
   23982, 23006,  2.1853773E-01,  2.3968238E+05
   24333, 23006,  2.5096271E-02,  2.3968238E+05
   24686, 23006,  2.5039154E-01,  2.3968238E+05
   30348, 23007,  1.0000000E+00,  1.2126652E+05
   27880, 23008,  1.6633367E-04,  9.9649225E+05
   27881, 23008,  6.3525893E-02,  9.9649225E+05
   28235, 23008,  3.0415073E-01,  9.9649225E+05
   28588, 23008,  6.0281146E-01,  9.9649225E+05
   28589, 23008,  2.9952127E-02,  9.9649225E+05
   26113, 23009,  9.6746683E-03,  2.1688339E+05
   26114, 23009,  7.2170338E-03,  2.1688339E+05
   26466, 23009,  9.3827653E-01,  2.1688339E+05
   26467, 23009,  4.4831768E-02,  2.1688339E+05
   32662, 24001,  1.0000000E+00,  3.9650855E+04
   31621, 24002,  1.0000000E+00,  2.6909340E+04
   29509, 24003,  2.3860902E-01,  1.4230218E+04
   29510, 24003,  7.6139092E-01,  1.4230218E+04
   31962, 24004,  1.0000000E+00,  9.3832676E+03
   30914, 24005,  5.6861711E-01,  9.2614406E+04
   30915, 24005,  2.6278945E-03,  9.2614406E+04
   31267, 24005,  4.2875502E-01,  9.2614406E+04
   38313, 24006,  1.0000000E+00,  1.3703842E+04
   38668, 24007,  1.4869303E-01,  9.5867211E+04
   39021, 24007,  8.5130692E-01,  9.5867211E+04
   32672, 24008,  1.7068956E-02,  1.0373505E+05
   33025, 24008,  9.8293108E-01,  1.0373505E+05
   31960, 24009,  1.0000000E+00,  6.5776841E+03
   32679, 24010,  8.1219133E-03,  1.3588238E+05
   32680, 24010,  5.4881775E-01,  1.3588238E+05
   33030, 24010,  3.1408665E-01,  1.3588238E+05
   33032, 24010,  9.5770909E-03,  1.3588238E+05
   33033, 24010,  1.1939660E-01,  1.3588238E+05
   30557, 24011,  1.7483677E-01,  2.0398827E+05
   30910, 24011,  8.2516319E-01,  2.0398827E+05
   29510, 24012,  1.0000000E+00,  2.1875734E+04
   30919, 24013,  3.5966229E-02,  6.9524456E+05
   30921, 24013,  3.7053686E-02,  6.9524456E+05
   30922, 24013,  2.9369256E-01,  6.9524456E+05
   31274, 24013,  3.6277187E-01,  6.9524456E+05
   31275, 24013,  2.7051568E-01,  6.9524456E+05
   29158, 24014,  1.0000000E+00,  2.1806068E+04
   35839, 24015,  8.3428806E-01,  8.3678148E+04
   35840, 24015,  1.6571194E-01,  8.3678148E+04
   31986, 24016,  1.2145697E-01,  2.8910838E+05
   31987, 24016,  9.2417680E-02,  2.8910838E+05
   31988, 24016,  3.3127785E-01,  2.8910838E+05
   32338, 24016,  2.0927286E-01,  2.8910838E+05
   32340, 24016,  7.2681066E-03,  2.8910838E+05
   32341, 24016,  2.3830655E-01,  2.8910838E+05
   33729, 24017,  2.8545618E-02,  3.0811568E+04
   33730, 24017,  9.7145438E-01,  3.0811568E+04
   29157, 24018,  1.0000000E+00,  9.2013516E+03
   29150, 24019,  7.7451080E-01,  1.5370894E+04
   29503, 24019,  1.9097777E-01,  1.5370894E+04
   29504, 24019,  3.4511443E-02,  1.5370894E+04
   37962, 24020,  1.5764907E-02,  4.2424444E+05
   37963, 24020,  3.6216354E-01,  4.2424444E+05
   38315, 24020,  5.5673430E-03,  4.2424444E+05
   38316, 24020,  6.1650419E-01,  4.2424444E+05
   31957, 24021,  4.5797837E-01,  5.2035648E+04
   32309, 24021,  2.8548455E-01,  5.2035648E+04
   32310, 24021,  2.5653711E-01,  5.2035648E+04
   34075, 24022,  6.2042570E-01,  7.1355797E+04
   34428, 24022,  3.7957433E-01,  7.1355797E+04
   30208, 24023,  1.3919569E-03,  5.1810551E+04
   30561, 24023,  9.7073203E-01,  5.1810551E+04
   30562, 24023,  2.7876066E-02,  5.1810551E+04
   30557, 24024,  3.4647667E-01,  2.5862158E+05
   30558, 24024,  1.5872250E-01,  2.5862158E+05
   30910, 24024,  4.1834769E-01,  2.5862158E+05
   30911, 24024,  7.6453134E-02,  2.5862158E+05
   33714, 24025,  1.3740106E-03,  1.1388977E+05
   33715, 24025,  9.9862599E-01,  1.1388977E+05
   29511, 24026,  1.0000000E+00,  9.4169189E+03
   29500, 24027,  9.8796660E-01,  7.0218508E+04
   29501, 24027,  1.2033349E-02,  7.0218508E+04
   31252, 24028,  2.1313461E-04,  2.3291750E+06
   31253, 24028,  6.5759338E-02,  2.3291750E+06
   31254, 24028,  1.0082132E-04,  2.3291750E+06
   31604, 24028,  6.4784892E-02,  2.3291750E+06
   31605, 24028,  5.2203268E-01,  2.3291750E+06
   31606, 24028,  1.8389690E-01,  2.3291750E+06
   31607, 24028,  3.7868789E-03,  2.3291750E+06
   31957, 24028,  3.2322935E-03,  2.3291750E+06
   31958, 24028,  1.5619308E-01,  2.3291750E+06
   28455, 24029,  1.0000000E+00,  2.7587014E+04
   31963, 24030,  1.0000000E+00,  1.3587440E+04
   29504, 24031,  9.9999988E-01,  8.2757939E+03
   30196, 24032,  1.0000000E+00,  9.8594102E+04
   36538, 24033,  5.6171745E-01,  1.3302688E+04
   36891, 24033,  4.3828261E-01,  1.3302688E+04
   29867, 24034,  7.5506771E-01,  7.5308180E+04
   29868, 24034,  2.4493234E-01,  7.5308180E+04
   31605, 24035,  2.3372097E-01,  7.2773400E+05
   31606, 24035,  4.4678965E-01,  7.2773400E+05
   31958, 24035,  1.4835000E-01,  7.2773400E+05
   31959, 24035,  1.7113930E-01,  7.2773400E+05
   30564, 24036,  2.3516087E-02,  1.0539141E+05
   30917, 24036,  6.5280634E-01,  1.0539141E+05
   30918, 24036,  3.2367760E-01,  1.0539141E+05
   27747, 24037,  1.7168587E-01,  1.0289302E+05
   27748, 24037,  1.9836791E-02,  1.0289302E+05
   27749, 24037,  1.9045345E-01,  1.0289302E+05
   28100, 24037,  5.5169874E-01,  1.0289302E+05
   28101, 24037,  6.6325188E-02,  1.0289302E+05
   28454, 24038,  1.0000000E+00,  1.8055242E+04
   29159, 24039,  1.0000000E+00,  2.3885020E+04
   31277, 24040,  6.7807162E-01,  1.4217934E+05
   31280, 24040,  1.2809820E-01,  1.4217934E+05
   31632, 24040,  2.1111168E-02,  1.4217934E+05
   31633, 24040,  1.7271902E-01,  1.4217934E+05
   29864, 24041,  1.0000000E+00,  1.3580727E+04
   29513, 24042,  6.8337031E-02,  7.1003312E+04
   29514, 24042,  9.3166298E-01,  7.1003312E+04
   29492, 24043,  1.0000000E+00,  6.2843812E+04
   39018, 24044,  1.0000000E+00,  2.5103721E+04
   35134, 24045,  1.0000000E+00,  7.6237570E+04
   30541, 24046,  8.3009416E-01,  3.4680133E+04
   30542, 24046,  1.6990590E-01,  3.4680133E+04
   36902, 24047,  1.0000000E+00,  2.0199098E+04
   38315, 24048,  1.0000000E+00,  4.9651707E+04
   34417, 24049,  1.9665906E-01,  2.9958403E+05
   34418, 24049,  1.0181294E-01,  2.9958403E+05
   34419, 24049,  1.9216903E-02,  2.9958403E+05
   34769, 24049,  1.3898270E-01,  2.9958403E+05
   34770, 24049,  1.6420824E-02,  2.9958403E+05
   34771, 24049,  9.8309927E-03,  2.9958403E+05
   34772, 24049,  3.2372936E-03,  2.9958403E+05
   35121, 24049,  2.7209694E-02,  2.9958403E+05
   35122, 24049,  1.6794397E-02,  2.9958403E+05
   35474, 24049,  6.8893164E-02,  2.9958403E+05
   35475, 24049,  1.3585252E-01,  2.9958403E+05
   35476, 24049,  2.3343888E-01,  2.9958403E+05
   35828, 24049,  3.1650580E-02,  2.9958403E+05
   29841, 24050,  1.6380747E-01,  1.5484816E+05
   30193, 24050,  1.6462131E-01,  1.5484816E+05
   30194, 24050,  5.2737248E-01,  1.5484816E+05
   30900, 24050,  1.2898731E-01,  1.5484816E+05
   30901, 24050,  1.5211408E-02,  1.5484816E+05
   33020, 24051,  8.6129588E-01,  4.3771828E+04
   33021, 24051,  1.3870402E-01,  4.3771828E+04
   32319, 24052,  9.7907525E-01,  5.6986320E+04
   32672, 24052,  2.0924715E-02,  5.6986320E+04
   28452, 24053,  2.0550410E-01,  5.7263387E+04
   28805, 24053,  7.9449594E-01,  5.7263387E+04
   28451, 24054,  1.0000000E+00,  3.1569051E+04
   31255, 24055,  1.0000000E+00,  3.5257168E+04
   33724, 24056,  5.0624830E-01,  4.1251141E+04
   33725, 24056,  4.9375173E-01,  4.1251141E+04
   28100, 24057,  6.0460258E-01,  4.3084570E+04
   28453, 24057,  3.9539748E-01,  4.3084570E+04
   33389, 24058,  1.0000000E+00,  1.0098520E+05
   47047, 25001,  2.3909632E-02,  3.1312482E+06
   47049, 25001,  3.0013649E-05,  3.1312482E+06
   47400, 25001,  6.1107357E-04,  3.1312482E+06
   47750, 25001,  9.8107168E-03,  3.1312482E+06
   47753, 25001,  8.6619370E-03,  3.1312482E+06
   47754, 25001,  2.8157076E-01,  3.1312482E+06
   47755, 25001,  5.6626298E-03,  3.1312482E+06
   47756, 25001,  1.2576680E-02,  3.1312482E+06
   48106, 25001,  5.4970466E-02,  3.1312482E+06
   48107, 25001,  3.5267201E-01,  3.1312482E+06
   48108, 25001,  6.3211244E-04,  3.1312482E+06
   48458, 25001,  5.1004410E-02,  3.1312482E+06
   48459, 25001,  2.0269962E-02,  3.1312482E+06
   48460, 25001,  3.8740947E-04,  3.1312482E+06
   48461, 25001,  9.1000283E-03,  3.1312482E+06
   48809, 25001,  1.2197726E-02,  3.1312482E+06
   48810, 25001,  2.3500480E-02,  3.1312482E+06
   48811, 25001,  6.3031400E-03,  3.1312482E+06
   48812, 25001,  3.0733138E-02,  3.1312482E+06
   48813, 25001,  9.1729707E-05,  3.1312482E+06
   49166, 25001,  2.5053192E-02,  3.1312482E+06
   49518, 25001,  1.6349500E-02,  3.1312482E+06
   49871, 25001,  1.3655337E-02,  3.1312482E+06
   49872, 25001,  2.4254372E-02,  3.1312482E+06
   50225, 25001,  1.5991582E-02,  3.1312482E+06
   44587, 25002,  2.6433626E-01,  3.4685856E+05
   44588, 25002,  1.5169856E-01,  3.4685856E+05
   44589, 25002,  2.0741127E-02,  3.4685856E+05
   44940, 25002,  3.6756802E-02,  3.4685856E+05
   44941, 25002,  1.2537085E-01,  3.4685856E+05
   45998, 25002,  3.8384616E-01,  3.4685856E+05
   46352, 25002,  1.7250240E-02,  3.4685856E+05
   45652, 25003,  1.3778374E-01,  6.2805141E+04
   46005, 25003,  8.6221623E-01,  6.2805141E+04
   36488, 25004,  2.3204854E-03,  1.1398428E+05
   36842, 25004,  7.3902804E-01,  1.1398428E+05
   36843, 25004,  2.5865144E-01,  1.1398428E+05
   41778, 25005,  1.0000000E+00,  1.4190169E+05
   41066, 25006,  3.6086972E-04,  5.6899090E+06
   41067, 25006,  1.1283386E-02,  5.6899090E+06
   41417, 25006,  3.2317743E-02,  5.6899090E+06
   41420, 25006,  1.8810595E-05,  5.6899090E+06
   41770, 25006,  7.0337323E-03,  5.6899090E+06
   41772, 25006,  1.4654935E-02,  5.6899090E+06
   42476, 25006,  4.3680109E-02,  5.6899090E+06
   43180, 25006,  2.6706306E-04,  5.6899090E+06
   43181, 25006,  7.3073395E-02,  5.6899090E+06
   43182, 25006,  2.9099345E-01,  5.6899090E+06
   43183, 25006,  3.1225765E-02,  5.6899090E+06
   43533, 25006,  2.0140392E-04,  5.6899090E+06
   43534, 25006,  3.8087789E-02,  5.6899090E+06
   43535, 25006,  3.6825094E-01,  5.6899090E+06
   43536, 25006,  5.7127651E-02,  5.6899090E+06
   43885, 25006,  3.5331787E-03,  5.6899090E+06
   43886, 25006,  7.1061542E-03,  5.6899090E+06
   43887, 25006,  7.1504549E-03,  5.6899090E+06
   43888, 25006,  1.3633150E-02,  5.6899090E+06
   51645, 25007,  6.0454875E-01,  1.3842786E+05
   51998, 25007,  3.9545122E-01,  1.3842786E+05
   39657, 25008,  9.2967510E-01,  2.4842686E+05
   39658, 25008,  7.0324913E-02,  2.4842686E+05
   33316, 25009,  1.1160956E-01,  4.9694191E+05
   33669, 25009,  8.6956397E-03,  4.9694191E+05
   33670, 25009,  8.9597777E-02,  4.9694191E+05
   33671, 25009,  2.6462030E-02,  4.9694191E+05
   34374, 25009,  1.8751094E-01,  4.9694191E+05
   34727, 25009,  1.7698888E-01,  4.9694191E+05
   34728, 25009,  3.9913523E-01,  4.9694191E+05
   48461, 25010,  7.8933105E-02,  5.9638369E+05
   48814, 25010,  1.8945812E-01,  5.9638369E+05
   48815, 25010,  9.0365291E-02,  5.9638369E+05
   49168, 25010,  4.7038123E-02,  5.9638369E+05
   49169, 25010,  1.9218642E-01,  5.9638369E+05
   49872, 25010,  1.0942249E-02,  5.9638369E+05
   49873, 25010,  9.0375744E-02,  5.9638369E+05
   50582, 25010,  2.8425422E-01,  5.9638369E+05
   50583, 25010,  1.6446766E-02,  5.9638369E+05
   46347, 25011,  6.2849415E-03,  1.8406148E+06
   46348, 25011,  2.3784705E-02,  1.8406148E+06
   46700, 25011,  8.5214362E-02,  1.8406148E+06
   46701, 25011,  1.1470579E-01,  1.8406148E+06
   47049, 25011,  1.2366056E-02,  1.8406148E+06
   47051, 25011,  3.5222434E-02,  1.8406148E+06
   47053, 25011,  1.0290515E-01,  1.8406148E+06
   47054, 25011,  1.8544751E-01,  1.8406148E+06
   47403, 25011,  2.0570483E-02,  1.8406148E+06
   47404, 25011,  7.5891659E-02,  1.8406148E+06
   47405, 25011,  1.1348948E-01,  1.8406148E+06
   47408, 25011,  7.9289205E-02,  1.8406148E+06
   47756, 25011,  1.0257205E-01,  1.8406148E+06
   47757, 25011,  2.0386239E-03,  1.8406148E+06
   47759, 25011,  1.3095851E-02,  1.8406148E+06
   47760, 25011,  1.1102539E-02,  1.8406148E+06
   47761, 25011,  1.6019152E-02,  1.8406148E+06
   36132, 25012,  6.9385732E-04,  2.8887118E+06
   36133, 25012,  3.1303480E-05,  2.8887118E+06
   36134, 25012,  1.2922024E-02,  2.8887118E+06
   36135, 25012,  1.6362127E-02,  2.8887118E+06
   36485, 25012,  2.6757374E-01,  2.8887118E+06
   36486, 25012,  4.3398261E-01,  2.8887118E+06
   36487, 25012,  1.2124164E-03,  2.8887118E+06
   36488, 25012,  4.3746021E-02,  2.8887118E+06
   36838, 25012,  8.8820986E-02,  2.8887118E+06
   36839, 25012,  1.3465494E-01,  2.8887118E+06
   44588, 25013,  1.5469888E-02,  1.7785233E+05
   44589, 25013,  2.2438057E-02,  1.7785233E+05
   44591, 25013,  4.8167855E-01,  1.7785233E+05
   44941, 25013,  2.4396867E-02,  1.7785233E+05
   46353, 25013,  2.5420291E-02,  1.7785233E+05
   46354, 25013,  4.3059638E-01,  1.7785233E+05
   35078, 25014,  2.2216426E-01,  2.0158131E+05
   35432, 25014,  1.9241961E-03,  2.0158131E+05
   35433, 25014,  7.7591151E-01,  2.0158131E+05
   46351, 25015,  1.0538998E-01,  8.1231438E+05
   46352, 25015,  8.9460999E-01,  8.1231438E+05
   38599, 25016,  6.1868966E-02,  1.4076708E+05
   38600, 25016,  4.5321149E-01,  1.4076708E+05
   39663, 25016,  4.8491946E-01,  1.4076708E+05
   47408, 25017,  1.6652216E-03,  2.8060056E+05
   47759, 25017,  1.6021688E-01,  2.8060056E+05
   47760, 25017,  1.4683455E-01,  2.8060056E+05
   47762, 25017,  1.4029924E-02,  2.8060056E+05
   48112, 25017,  3.4074686E-02,  2.8060056E+05
   48113, 25017,  1.1331471E-01,  2.8060056E+05
   48115, 25017,  2.9834503E-01,  2.8060056E+05
   48116, 25017,  1.3654382E-02,  2.8060056E+05
   48466, 25017,  3.2889815E-03,  2.8060056E+05
   48467, 25017,  2.1457566E-01,  2.8060056E+05
   42472, 25018,  5.7022127E-05,  8.0871925E+05
   42473, 25018,  3.0165695E-02,  8.0871925E+05
   42827, 25018,  1.7013684E-01,  8.0871925E+05
   42828, 25018,  5.3545691E-02,  8.0871925E+05
   43178, 25018,  2.2844046E-02,  8.0871925E+05
   43179, 25018,  3.4898120E-01,  8.0871925E+05
   43180, 25018,  1.2379993E-01,  8.0871925E+05
   43181, 25018,  1.2003626E-02,  8.0871925E+05
   43532, 25018,  1.2739529E-01,  8.0871925E+05
   43883, 25018,  1.4485596E-03,  8.0871925E+05
   44236, 25018,  9.1293901E-02,  8.0871925E+05
   44237, 25018,  1.8543581E-02,  8.0871925E+05
   65746, 26001,  1.0000000E+00,  4.6023824E+04
   71755, 26002,  7.8194290E-02,  1.1747419E+06
   72108, 26002,  7.0539516E-01,  1.1747419E+06
   72109, 26002,  2.1641059E-01,  1.1747419E+06
   53050, 26003,  1.0321287E-02,  1.5505352E+05
   53403, 26003,  9.8967868E-01,  1.5505352E+05
   69965, 26004,  3.3394876E-01,  1.6354339E+05
   69966, 26004,  6.6605121E-01,  1.6354339E+05
   61521, 26005,  1.0000000E+00,  2.0695850E+04
   67865, 26006,  1.0000000E+00,  5.8346848E+04
   70321, 26007,  1.0000000E+00,  2.1389742E+04
   65405, 26008,  1.0000000E+00,  4.0290191E+04
   61871, 26009,  1.0000000E+00,  2.0851289E+04
   67878, 26010,  1.0000000E+00,  4.5043367E+04
   68926, 26011,  1.8284106E-01,  3.8080801E+04
   69279, 26011,  8.1715894E-01,  3.8080801E+04
   55508, 26012,  2.7257344E-01,  2.2119159E+05
   55509, 26012,  4.1942534E-01,  2.2119159E+05
   55862, 26012,  3.0800122E-01,  2.2119159E+05
   66452, 26013,  1.0000000E+00,  4.1807871E+04
   65041, 26014,  9.6964443E-01,  7.9508484E+04
   65394, 26014,  3.0355616E-02,  7.9508484E+04
   68231, 26015,  1.0000000E+00,  2.4443096E+04
   67149, 26016,  1.0135102E-01,  1.4900920E+05
   67502, 26016,  8.9864898E-01,  1.4900920E+05
   69962, 26017,  8.6671513E-01,  9.6720106E+05
   69963, 26017,  2.8977701E-03,  9.6720106E+05
   70309, 26017,  7.4993586E-04,  9.6720106E+05
   70315, 26017,  1.0562303E-02,  9.6720106E+05
   70662, 26017,  1.1907482E-01,  9.6720106E+05
   54451, 26018,  1.1094462E-02,  2.8735898E+06
   54803, 26018,  3.6238946E-02,  2.8735898E+06
   54804, 26018,  6.9747623E-03,  2.8735898E+06
   54805, 26018,  3.1642672E-02,  2.8735898E+06
   55157, 26018,  5.5292923E-02,  2.8735898E+06
   55158, 26018,  8.9366883E-02,  2.8735898E+06
   55509, 26018,  8.9281471E-04,  2.8735898E+06
   55510, 26018,  2.9698446E-01,  2.8735898E+06
   55511, 26018,  3.2718503E-01,  2.8735898E+06
   55863, 26018,  3.1293657E-02,  2.8735898E+06
   55864, 26018,  1.1303332E-01,  2.8735898E+06
   70688, 26019,  9.4053030E-01,  4.9480016E+05
   70689, 26019,  5.9469707E-02,  4.9480016E+05
   65032, 26020,  4.7779295E-01,  6.9050055E+04
   65385, 26020,  5.2220702E-01,  6.9050055E+04
   61152, 26021,  2.9949155E-01,  2.0200971E+04
   61153, 26021,  7.0050848E-01,  2.0200971E+04
   67859, 26022,  1.0000000E+00,  1.8705719E+04
   66104, 26023,  1.0319363E-01,  7.2332312E+04
   66457, 26023,  8.9680642E-01,  7.2332312E+04
   64695, 26024,  1.0000000E+00,  2.6509738E+04
   57619, 26025,  6.8503147E-01,  5.7730906E+05
   57620, 26025,  3.1295884E-01,  5.7730906E+05
   57973, 26025,  2.0097308E-03,  5.7730906E+05
   52690, 26026,  3.0707201E-04,  4.4706750E+05
   53042, 26026,  2.8110212E-01,  4.4706750E+05
   53043, 26026,  2.5357231E-01,  4.4706750E+05
   53395, 26026,  2.4135262E-01,  4.4706750E+05
   53748, 26026,  1.3053507E-01,  4.4706750E+05
   54102, 26026,  9.3130834E-02,  4.4706750E+05
   69283, 26027,  2.6119244E-01,  1.4827714E+05
   69284, 26027,  3.7331435E-01,  1.4827714E+05
   69636, 26027,  1.0262643E-01,  1.4827714E+05
   69637, 26027,  6.2511526E-02,  1.4827714E+05
   69990, 26027,  2.3083112E-03,  1.4827714E+05
   70343, 26027,  1.9804691E-01,  1.4827714E+05
   65756, 26028,  1.0000000E+00,  2.7445146E+04
   56211, 26029,  5.7687838E-02,  1.3906856E+06
   56212, 26029,  1.2724395E-03,  1.3906856E+06
   56213, 26029,  9.4793171E-02,  1.3906856E+06
   57265, 26029,  1.3314877E-01,  1.3906856E+06
   57266, 26029,  1.3112893E-02,  1.3906856E+06
   57618, 26029,  5.7641387E-01,  1.3906856E+06
   57619, 26029,  1.2096223E-01,  1.3906856E+06
   57971, 26029,  2.6087607E-03,  1.3906856E+06
   61496, 26030,  3.1976318E-03,  6.0496415E+06
   61843, 26030,  1.4423091E-02,  6.0496415E+06
   61844, 26030,  1.9260008E-02,  6.0496415E+06
   61848, 26030,  3.8952122E-03,  6.0496415E+06
   61849, 26030,  3.2418843E-02,  6.0496415E+06
   62207, 26030,  2.7399220E-02,  6.0496415E+06
   62208, 26030,  7.7635571E-02,  6.0496415E+06
   62559, 26030,  2.9519380E-03,  6.0496415E+06
   62560, 26030,  2.7002138E-01,  6.0496415E+06
   62561, 26030,  2.2307979E-01,  6.0496415E+06
   62912, 26030,  2.8612488E-03,  6.0496415E+06
   62913, 26030,  2.3385526E-01,  6.0496415E+06
   62914, 26030,  8.2477100E-02,  6.0496415E+06
   62915, 26030,  6.5236860E-03,  6.0496415E+06
   67172, 26031,  1.0000000E+00,  3.7059043E+04
   65756, 26032,  1.0000000E+00,  3.6316383E+04
   51984, 26033,  4.0249273E-02,  4.6000800E+05
   51985, 26033,  6.0539231E-02,  4.6000800E+05
   52336, 26033,  1.6808376E-01,  4.6000800E+05
   52337, 26033,  5.6013070E-02,  4.6000800E+05
   52689, 26033,  5.5163622E-01,  4.6000800E+05
   52690, 26033,  1.2347845E-01,  4.6000800E+05
   66099, 26034,  1.0000000E+00,  3.6847578E+04
   69976, 26035,  1.0000000E+00,  1.3891916E+05
   69268, 26036,  3.6052078E-02,  3.6786847E+05
   69269, 26036,  9.6394789E-01,  3.6786847E+05
   62216, 26037,  1.0000000E+00,  4.4684012E+04
   65399, 26038,  1.0000000E+00,  8.8836594E+04
   72104, 26039,  1.0000000E+00,  1.3138339E+05
   64700, 26040,  1.0000000E+00,  3.2173109E+04
   67870, 26041,  1.0000000E+00,  1.6749198E+05
   53397, 26042,  1.1341765E-01,  1.2480896E+06
   53398, 26042,  3.5603324E-01,  1.2480896E+06
   53750, 26042,  8.8637993E-02,  1.2480896E+06
   53751, 26042,  4.0006572E-01,  1.2480896E+06
   54102, 26042,  5.7537272E-03,  1.2480896E+06
   54103, 26042,  3.6091648E-02,  1.2480896E+06
   71740, 26043,  2.0068090E-02,  1.4875378E+06
   72093, 26043,  3.8470718E-01,  1.4875378E+06
   72094, 26043,  2.7508014E-01,  1.4875378E+06
   72446, 26043,  1.5648009E-01,  1.4875378E+06
   72447, 26043,  1.6366452E-01,  1.4875378E+06
   59752, 26044,  1.0000000E+00,  1.1850262E+04
   66095, 26045,  1.0000000E+00,  1.7469283E+04
   69967, 26046,  1.0000000E+00,  1.4416322E+04
   66426, 26047,  1.2638584E-01,  1.6531695E+05
   66779, 26047,  2.7908871E-01,  1.6531695E+05
   69610, 26047,  2.7557617E-01,  1.6531695E+05
   69963, 26047,  3.0209118E-01,  1.6531695E+05
   70315, 26047,  1.6858144E-02,  1.6531695E+05
   72772, 26048,  1.1851865E-01,  1.1946750E+06
   73124, 26048,  9.2991476E-04,  1.1946750E+06
   73125, 26048,  7.8031754E-01,  1.1946750E+06
   73126, 26048,  1.0023392E-01,  1.1946750E+06
   55518, 26049,  1.0000000E+00,  2.5463127E+04
   65389, 26050,  1.0000000E+00,  5.2757223E+04
   56929, 26051,  1.0000000E+00,  6.4730461E+04
   62226, 26052,  1.0000000E+00,  7.2019062E+04
   65746, 26053,  1.0000000E+00,  2.2306807E+04
   60102, 26054,  8.9412498E-01,  1.2927515E+04
   60103, 26054,  1.0587503E-01,  1.2927515E+04
   74880, 26055,  4.5499109E-02,  3.0748340E+06
   77346, 26055,  3.8592885E-03,  3.0748340E+06
   77347, 26055,  2.2589078E-02,  3.0748340E+06
   78055, 26055,  3.0214325E-01,  3.0748340E+06
   78056, 26055,  3.5399701E-02,  3.0748340E+06
   78408, 26055,  4.5901725E-01,  3.0748340E+06
   78409, 26055,  1.3088985E-01,  3.0748340E+06
   63973, 26056,  6.4218873E-01,  1.0596445E+05
   63974, 26056,  1.7496768E-01,  1.0596445E+05
   64328, 26056,  1.7131981E-01,  1.0596445E+05
   64329, 26056,  1.1523796E-02,  1.0596445E+05
   63280, 26057,  1.0000000E+00,  4.7135113E+04
   68914, 26058,  1.0000000E+00,  2.1728533E+05
   71744, 26059,  1.0000000E+00,  4.2486926E+04
   71383, 26060,  1.0000000E+00,  1.9854297E+04
   60810, 26061,  1.0000000E+00,  1.0103788E+04
   59395, 26062,  1.0000000E+00,  2.7556889E+04
   64341, 26063,  1.0000000E+00,  4.6949344E+04
   68556, 26064,  3.8594672E-01,  4.9273969E+04
   68557, 26064,  6.1405325E-01,  4.9273969E+04
   70676, 26065,  1.0000000E+00,  1.7405783E+04
   63979, 26066,  1.0000000E+00,  7.0932609E+04
   66815, 26067,  1.0000000E+00,  3.9747758E+04
   62571, 26068,  1.0000000E+00,  2.4652367E+04
   59052, 26069,  1.0000000E+00,  7.3353094E+04
   75251, 26070,  1.0000000E+00,  3.3499656E+05
   53745, 26071,  1.4926797E-01,  1.9590866E+05
   53746, 26071,  4.4178489E-01,  1.9590866E+05
   53747, 26071,  2.9220325E-01,  1.9590866E+05
   54099, 26071,  1.0463131E-01,  1.9590866E+05
   54100, 26071,  1.2112584E-02,  1.9590866E+05
   54799, 26072,  2.7018122E-02,  1.6046917E+05
   55152, 26072,  2.2801071E-01,  1.6046917E+05
   55154, 26072,  7.4497116E-01,  1.6046917E+05
   14419, 27001,  3.5853684E-01,  2.1083312E+05
   14420, 27001,  1.9451392E-01,  2.1083312E+05
   14772, 27001,  4.5064129E-03,  2.1083312E+05
   14773, 27001,  1.8368009E-02,  2.1083312E+05
   15130, 27001,  4.2407480E-01,  2.1083312E+05
   14748, 27002,  3.9763931E-02,  7.9808850E+05
   14749, 27002,  9.3922228E-02,  7.9808850E+05
   14750, 27002,  1.5391989E-02,  7.9808850E+05
   14751, 27002,  3.1927532E-01,  7.9808850E+05
   15100, 27002,  1.3748035E-02,  7.9808850E+05
   15101, 27002,  2.1851061E-02,  7.9808850E+05
   15102, 27002,  3.0433781E-02,  7.9808850E+05
   15103, 27002,  1.8016994E-02,  7.9808850E+05
   15104, 27002,  1.2614363E-01,  7.9808850E+05
   15450, 27002,  3.5334632E-02,  7.9808850E+05
   15451, 27002,  3.3694229E-04,  7.9808850E+05
   15453, 27002,  2.9335070E-02,  7.9808850E+05
   15454, 27002,  9.1869824E-02,  7.9808850E+05
   15455, 27002,  6.2900677E-02,  7.9808850E+05
   15456, 27002,  3.0246325E-02,  7.9808850E+05
   15457, 27002,  4.5727307E-04,  7.9808850E+05
   15804, 27002,  3.2945394E-03,  7.9808850E+05
   15806, 27002,  2.4771716E-02,  7.9808850E+05
   16157, 27002,  4.2906065E-02,  7.9808850E+05
   16520, 27003,  2.4310505E-02,  3.2265878E+05
   16521, 27003,  2.0080628E-01,  3.2265878E+05
   16522, 27003,  2.1010715E-01,  3.2265878E+05
   16873, 27003,  7.1602874E-02,  3.2265878E+05
   16874, 27003,  4.6808273E-03,  3.2265878E+05
   16875, 27003,  3.3056666E-04,  3.2265878E+05
   17230, 27003,  4.6847564E-01,  3.2265878E+05
   17583, 27003,  1.9686157E-02,  3.2265878E+05
   14401, 27004,  1.5313730E-02,  1.8008301E+06
   14403, 27004,  1.2788586E-01,  1.8008301E+06
   14752, 27004,  1.0006475E-03,  1.8008301E+06
   14754, 27004,  9.1720931E-03,  1.8008301E+06
   14755, 27004,  1.1131436E-01,  1.8008301E+06
   14756, 27004,  3.1757441E-01,  1.8008301E+06
   15108, 27004,  8.0506819E-05,  1.8008301E+06
   15109, 27004,  2.4377273E-01,  1.8008301E+06
   15110, 27004,  1.4654035E-02,  1.8008301E+06
   15463, 27004,  1.1107367E-01,  1.8008301E+06
   15464, 27004,  7.1948563E-04,  1.8008301E+06
   15816, 27004,  9.3024708E-03,  1.8008301E+06
   15817, 27004,  3.8135950E-02,  1.8008301E+06
   15457, 27005,  7.0225511E-04,  5.9106225E+05
   15809, 27005,  3.2262463E-02,  5.9106225E+05
   15810, 27005,  9.7387969E-02,  5.9106225E+05
   15811, 27005,  1.4803575E-01,  5.9106225E+05
   15812, 27005,  1.8590743E-02,  5.9106225E+05
   15813, 27005,  5.0397223E-04,  5.9106225E+05
   16163, 27005,  1.2141514E-01,  5.9106225E+05
   16164, 27005,  4.1640562E-01,  5.9106225E+05
   16165, 27005,  9.9754930E-02,  5.9106225E+05
   16516, 27005,  6.4941168E-02,  5.9106225E+05
   14752, 27006,  2.0747818E-01,  3.2676403E+05
   15104, 27006,  1.5400447E-02,  3.2676403E+05
   15106, 27006,  2.2678335E-01,  3.2676403E+05
   15457, 27006,  3.7413388E-01,  3.2676403E+05
   15459, 27006,  1.3144915E-01,  3.2676403E+05
   15810, 27006,  4.4754960E-02,  3.2676403E+05
   14063, 27007,  1.0441628E-02,  2.4352362E+05
   14064, 27007,  8.8181609E-01,  2.4352362E+05
   14770, 27007,  1.0774230E-01,  2.4352362E+05
   13338, 27008,  1.2067442E-01,  4.5481862E+05
   14045, 27008,  3.7475738E-01,  4.5481862E+05
   14396, 27008,  6.2642016E-02,  4.5481862E+05
   14397, 27008,  6.8725497E-02,  4.5481862E+05
   14748, 27008,  5.7960507E-02,  4.5481862E+05
   14749, 27008,  6.9080167E-02,  4.5481862E+05
   14750, 27008,  5.5771459E-02,  4.5481862E+05
   14751, 27008,  6.8388558E-03,  4.5481862E+05
   15096, 27008,  1.8354972E-01,  4.5481862E+05
   13699, 27009,  1.0000000E+00,  3.5752953E+04
   15459, 27010,  2.2032404E-02,  1.3234223E+05
   15460, 27010,  9.8913431E-02,  1.3234223E+05
   15461, 27010,  9.7002052E-02,  1.3234223E+05
   15812, 27010,  1.8854164E-02,  1.3234223E+05
   15813, 27010,  7.6319796E-01,  1.3234223E+05
   15471, 27011,  8.9311963E-01,  5.3050492E+04
   15824, 27011,  1.0688040E-01,  5.3050492E+04
   14054, 27012,  4.0325385E-01,  4.6277397E+05
   14055, 27012,  9.1316411E-03,  4.6277397E+05
   14408, 27012,  4.6466827E-01,  4.6277397E+05
   14761, 27012,  1.2294624E-01,  4.6277397E+05
   15108, 27013,  5.7533234E-03,  2.2147997E+05
   15109, 27013,  7.0069242E-01,  2.2147997E+05
   15461, 27013,  1.2456574E-02,  2.2147997E+05
   15814, 27013,  2.8109768E-01,  2.2147997E+05
   16517, 27014,  8.3741945E-01,  2.9283825E+05
   16518, 27014,  1.4581700E-01,  2.9283825E+05
   16871, 27014,  1.6763479E-02,  2.9283825E+05
   12640, 27015,  5.0619256E-01,  4.9184316E+04
   13345, 27015,  1.5540826E-01,  4.9184316E+04
   13346, 27015,  3.3839908E-01,  4.9184316E+04
   12991, 27016,  1.0000000E+00,  8.1226125E+04
   13009, 27017,  9.6510237E-01,  2.6605278E+05
   13362, 27017,  3.4897678E-02,  2.6605278E+05
   40106, 28001,  7.5363457E-01,  1.9208900E+05
   40108, 28001,  2.4636541E-01,  1.9208900E+05
   35168, 28002,  1.0000000E+00,  1.6064741E+05
   32699, 28003,  3.3289662E-01,  1.6875841E+06
   32700, 28003,  8.9782327E-02,  1.6875841E+06
   33051, 28003,  2.0306079E-02,  1.6875841E+06
   33052, 28003,  5.0831944E-01,  1.6875841E+06
   33402, 28003,  1.2579502E-02,  1.6875841E+06
   33755, 28003,  3.5266373E-02,  1.6875841E+06
   34459, 28003,  8.4966735E-04,  1.6875841E+06
   33391, 28004,  2.0042486E-01,  6.3057547E+04
   33392, 28004,  7.9957515E-01,  6.3057547E+04
   43984, 28005,  1.0000000E+00,  5.0325031E+04
   37267, 28006,  1.0000000E+00,  4.4583816E+04
   49277, 28007,  2.7213186E-01,  2.5126898E+05
   49278, 28007,  4.3573860E-02,  2.5126898E+05
   49631, 28007,  2.6006171E-01,  2.5126898E+05
   49632, 28007,  8.7887593E-02,  2.5126898E+05
   49984, 28007,  3.2700256E-01,  2.5126898E+05
   49985, 28007,  9.3424134E-03,  2.5126898E+05
   38690, 28008,  1.0000000E+00,  3.4693648E+04
   32347, 28009,  7.2239590E-01,  1.1901211E+06
   32700, 28009,  2.7760413E-01,  1.1901211E+06
   42928, 28010,  8.0828369E-01,  4.0685934E+04
   43281, 28010,  1.9171624E-01,  4.0685934E+04
   34804, 28011,  5.8953500E-01,  6.9657078E+04
   35157, 28011,  6.8533160E-02,  6.9657078E+04
   35509, 28011,  2.6189959E-01,  6.9657078E+04
   35862, 28011,  8.0032237E-02,  6.9657078E+04
   34103, 28012,  2.9699275E-02,  4.4817116E+05
   34104, 28012,  1.4760892E-01,  4.4817116E+05
   34459, 28012,  3.8413695E-01,  4.4817116E+05
   34811, 28012,  4.3855482E-01,  4.4817116E+05
   39393, 28013,  9.7859710E-01,  7.5952422E+04
   40098, 28013,  2.1402895E-02,  7.5952422E+04
   50686, 28014,  8.9529783E-01,  1.3342016E+05
   51039, 28014,  1.0470214E-01,  1.3342016E+05
   49281, 28015,  5.4435050E-01,  1.8709806E+05
   49634, 28015,  4.5564952E-01,  1.8709806E+05
   39743, 28016,  3.0423173E-01,  2.4079178E+05
   39744, 28016,  3.0103391E-01,  2.4079178E+05
   40097, 28016,  1.1376223E-03,  2.4079178E+05
   40098, 28016,  4.9475599E-03,  2.4079178E+05
   40800, 28016,  3.8864917E-01,  2.4079178E+05
   37271, 28017,  1.0000000E+00,  9.5596312E+04
   40811, 28018,  1.0000000E+00,  1.2614739E+05
   36922, 28019,  1.0000000E+00,  9.8393742E+04
   42210, 28020,  1.0000000E+00,  3.0593475E+04
   34099, 28021,  1.5748765E-01,  8.6945556E+05
   34451, 28021,  1.4291635E-01,  8.6945556E+05
   34452, 28021,  6.4106357E-01,  8.6945556E+05
   34804, 28021,  5.8532413E-02,  8.6945556E+05
   47528, 28022,  3.4445915E-02,  3.9053480E+06
   47880, 28022,  3.5203841E-02,  3.9053480E+06
   47881, 28022,  5.7916105E-01,  3.9053480E+06
   47882, 28022,  2.2353686E-01,  3.9053480E+06
   48231, 28022,  2.9829917E-02,  3.9053480E+06
   48233, 28022,  2.7439422E-03,  3.9053480E+06
   48234, 28022,  9.0953574E-02,  3.9053480E+06
   48235, 28022,  8.3403161E-04,  3.9053480E+06
   48584, 28022,  3.2908362E-03,  3.9053480E+06
   44692, 28023,  9.5904499E-01,  4.2430777E+04
   44693, 28023,  4.0955029E-02,  4.2430777E+04
   50334, 28024,  9.3746299E-01,  1.6857589E+05
   50686, 28024,  6.2536962E-02,  1.6857589E+05
   49982, 28025,  8.4893125E-01,  3.8462747E+05
   50335, 28025,  1.5106875E-01,  3.8462747E+05
   37973, 28026,  1.0000000E+00,  8.5233945E+04
   54212, 28027,  3.2405186E-02,  3.0747765E+06
   54564, 28027,  3.2558669E-03,  3.0747765E+06
   54565, 28027,  2.7688149E-01,  3.0747765E+06
   54566, 28027,  1.4058436E-01,  3.0747765E+06
   54917, 28027,  5.5036019E-03,  3.0747765E+06
   54918, 28027,  4.3714443E-01,  3.0747765E+06
   54919, 28027,  1.0422511E-01,  3.0747765E+06
   33390, 28028,  1.0000000E+00,  6.2153535E+04
   34800, 28029,  8.9475000E-03,  1.7511394E+05
   34801, 28029,  9.9105245E-01,  1.7511394E+05
   40097, 28030,  6.8859691E-03,  1.3377805E+05
   40098, 28030,  4.2309910E-01,  1.3377805E+05
   40100, 28030,  5.7001495E-01,  1.3377805E+05
   36563, 28031,  7.4523443E-01,  8.0928930E+04
   36916, 28031,  2.5476557E-01,  8.0928930E+04
   48226, 28032,  4.8639076E-03,  4.6227575E+06
   48577, 28032,  7.7810094E-02,  4.6227575E+06
   48578, 28032,  2.3197466E-01,  4.6227575E+06
   48579, 28032,  3.0219543E-01,  4.6227575E+06
   48580, 28032,  6.8273824E-03,  4.6227575E+06
   48930, 28032,  1.9622911E-02,  4.6227575E+06
   48931, 28032,  2.7144584E-01,  4.6227575E+06
   48932, 28032,  8.5259818E-02,  4.6227575E+06
   48227, 28033,  1.8542189E-02,  1.0744449E+06
   48228, 28033,  2.9350233E-03,  1.0744449E+06
   48580, 28033,  2.7304888E-01,  1.0744449E+06
   48581, 28033,  6.0616547E-01,  1.0744449E+06
   48582, 28033,  5.1033117E-02,  1.0744449E+06
   48935, 28033,  4.8275352E-02,  1.0744449E+06
   42218, 28034,  1.0000000E+00,  4.0873180E+04
   42584, 28035,  6.7759842E-02,  8.0190938E+05
   42937, 28035,  1.8509277E-03,  8.0190938E+05
   43285, 28035,  3.7960250E-02,  8.0190938E+05
   43286, 28035,  1.7213980E-02,  8.0190938E+05
   43638, 28035,  4.2222497E-01,  8.0190938E+05
   43639, 28035,  3.1744725E-01,  8.0190938E+05
   44345, 28035,  1.3554278E-01,  8.0190938E+05
   42925, 28036,  1.0000000E+00,  6.3016646E+03
   38696, 28037,  4.6595854E-01,  1.3913598E+05
   39049, 28037,  5.3404146E-01,  1.3913598E+05
   32346, 28038,  3.2631880E-01,  1.6051551E+06
   32347, 28038,  2.6747182E-01,  1.6051551E+06
   32699, 28038,  2.8628647E-01,  1.6051551E+06
   32700, 28038,  1.1992293E-01,  1.6051551E+06
   35149, 28039,  8.6734958E-02,  2.4023823E+05
   35502, 28039,  8.8249266E-01,  2.4023823E+05
   35503, 28039,  3.0772360E-02,  2.4023823E+05
   46819, 28040,  5.6054988E-03,  8.5984550E+05
   47171, 28040,  8.3418384E-02,  8.5984550E+05
   47172, 28040,  8.0784339E-01,  8.5984550E+05
   47525, 28040,  1.0313273E-01,  8.5984550E+05
   38332, 28041,  5.2878279E-02,  2.2665150E+06
   38333, 28041,  2.7408333E-02,  2.2665150E+06
   38685, 28041,  4.2931485E-01,  2.2665150E+06
   38686, 28041,  4.9039847E-01,  2.2665150E+06
   41858, 28042,  3.3264393E-01,  5.4560848E+04
   41859, 28042,  6.6735613E-01,  5.4560848E+04
   35158, 28043,  2.7607641E-01,  2.1894155E+05
   35511, 28043,  7.2392362E-01,  2.1894155E+05
   19636, 29001,  6.2001365E-01,  9.2437867E+04
   19989, 29001,  3.7998641E-01,  9.2437867E+04
   19636, 29002,  9.5863318E-01,  1.0289552E+05
   19989, 29002,  4.1366879E-02,  1.0289552E+05
   20694, 29003,  8.5466301E-01,  9.2138809E+03
   20695, 29003,  1.4533702E-01,  9.2138809E+03
   19993, 29004,  4.4485331E-01,  7.3866680E+04
   19994, 29004,  3.5205667E-03,  7.3866680E+04
   20346, 29004,  5.5162609E-01,  7.3866680E+04
   19989, 29005,  7.0292526E-01,  4.1093519E+05
   19990, 29005,  2.8582758E-01,  4.1093519E+05
   20342, 29005,  9.9243382E-03,  4.1093519E+05
   20343, 29005,  1.3227770E-03,  4.1093519E+05
   20689, 29006,  2.3084176E-01,  1.5912622E+05
   20690, 29006,  7.3447776E-01,  1.5912622E+05
   20691, 29006,  3.4680512E-02,  1.5912622E+05
   19642, 29007,  1.0000000E+00,  1.1722055E+05
   19640, 29008,  2.3991561E-02,  5.6787074E+04
   19641, 29008,  9.5797205E-01,  5.6787074E+04
   19993, 29008,  1.8036339E-02,  5.6787074E+04
   19637, 29009,  5.5105895E-01,  5.4259980E+04
   19990, 29009,  4.4894099E-01,  5.4259980E+04
   19283, 29010,  2.2220645E-02,  4.4536812E+05
   19635, 29010,  2.5672292E-02,  4.4536812E+05
   19636, 29010,  9.5210713E-01,  4.4536812E+05
   20341, 29011,  4.6322346E-01,  3.6640574E+04
   20342, 29011,  5.3677654E-01,  3.6640574E+04
   19985, 29012,  1.1574471E-02,  3.2609541E+04
   19986, 29012,  6.2499192E-02,  3.2609541E+04
   20338, 29012,  1.6630858E-02,  3.2609541E+04
   20339, 29012,  9.0929544E-01,  3.2609541E+04
   19638, 29013,  1.2129929E-02,  4.3058638E+05
   19639, 29013,  8.7302619E-01,  4.3058638E+05
   19640, 29013,  4.3001380E-03,  4.3058638E+05
   19992, 29013,  5.1919729E-02,  4.3058638E+05
   19993, 29013,  5.8623955E-02,  4.3058638E+05
   20340, 29014,  6.9386083E-01,  6.3730195E+04
   20341, 29014,  3.0613914E-01,  6.3730195E+04
   19633, 29015,  4.7253676E-02,  2.4445297E+05
   19634, 29015,  7.5031966E-01,  2.4445297E+05
   19985, 29015,  6.2641531E-02,  2.4445297E+05
   19986, 29015,  1.3978507E-01,  2.4445297E+05
   19286, 29016,  1.0000000E+00,  7.6381227E+04
   18930, 29017,  1.0000000E+00,  5.2341152E+04
   19636, 29018,  8.9999080E-01,  1.3738719E+05
   19637, 29018,  1.0000926E-01,  1.3738719E+05
   19280, 29019,  2.0217225E-01,  1.1268791E+05
   19281, 29019,  3.8725209E-01,  1.1268791E+05
   19633, 29019,  4.0388405E-01,  1.1268791E+05
   19634, 29019,  6.6915997E-03,  1.1268791E+05
   20338, 29020,  4.0042049E-01,  6.0646945E+04
   20339, 29020,  7.5777151E-02,  6.0646945E+04
   20691, 29020,  2.0395255E-01,  6.0646945E+04
   20692, 29020,  3.1984979E-01,  6.0646945E+04
   20338, 29021,  1.0000000E+00,  5.3553512E+04
   19283, 29022,  1.0000000E+00,  1.6062571E+04
   18928, 29023,  4.9741153E-02,  1.3440100E+05
   19281, 29023,  7.8496981E-01,  1.3440100E+05
   19634, 29023,  1.6528897E-01,  1.3440100E+05
   19634, 29024,  1.9302787E-01,  1.5971347E+05
   19635, 29024,  5.0547272E-01,  1.5971347E+05
   19988, 29024,  3.0149937E-01,  1.5971347E+05
   18577, 29025,  7.8282408E-02,  2.1852259E+05
   18930, 29025,  7.2523087E-01,  2.1852259E+05
   18931, 29025,  1.9648673E-01,  2.1852259E+05
   19636, 29026,  1.8414663E-01,  2.3968483E+05
   19637, 29026,  1.8473744E-01,  2.3968483E+05
   19989, 29026,  5.7305026E-01,  2.3968483E+05
   19990, 29026,  5.8065679E-02,  2.3968483E+05
   18929, 29027,  1.8010361E-02,  6.6766008E+04
   18930, 29027,  9.8198956E-01,  6.6766008E+04
   18931, 29028,  5.5084731E-03,  1.7963514E+05
   19282, 29028,  1.2857722E-01,  1.7963514E+05
   19283, 29028,  8.6591434E-01,  1.7963514E+05
   19282, 29029,  9.2135543E-01,  3.9180125E+04
   19283, 29029,  7.8644544E-02,  3.9180125E+04
   20344, 29030,  3.8028443E-01,  7.1621203E+04
   20345, 29030,  6.1971563E-01,  7.1621203E+04
   19989, 29031,  1.0332267E-01,  2.8684056E+05
   19990, 29031,  1.3606359E-01,  2.8684056E+05
   20342, 29031,  3.4867176E-01,  2.8684056E+05
   20343, 29031,  4.1194203E-01,  2.8684056E+05
   19281, 29032,  3.4578603E-02,  7.0338883E+04
   19282, 29032,  9.5867729E-01,  7.0338883E+04
   19635, 29032,  6.7440951E-03,  7.0338883E+04
   19282, 29033,  7.4353099E-02,  5.6311569E+05
   19635, 29033,  8.0741394E-01,  5.6311569E+05
   19636, 29033,  1.1823299E-01,  5.6311569E+05
   20695, 29034,  3.9597382E-03,  2.3466372E+05
   20696, 29034,  5.5631991E-02,  2.3466372E+05
   21048, 29034,  4.8455381E-01,  2.3466372E+05
   21049, 29034,  4.5585448E-01,  2.3466372E+05
   19990, 29035,  3.8964301E-02,  8.5803734E+04
   19991, 29035,  9.6103573E-01,  8.5803734E+04
   19635, 29036,  1.0000000E+00,  1.1001727E+05
   19286, 29037,  1.0000000E+00,  5.3714770E+04
   19989, 29038,  2.7306665E-02,  2.4270303E+05
   19990, 29038,  9.6637219E-01,  2.4270303E+05
   19991, 29038,  6.3211615E-03,  2.4270303E+05
   19990, 29039,  7.5980413E-01,  1.6615211E+05
   19991, 29039,  2.4019587E-01,  1.6615211E+05
   19988, 29040,  9.2209637E-01,  1.4264622E+05
   19989, 29040,  3.3648182E-02,  1.4264622E+05
   20341, 29040,  3.2565430E-02,  1.4264622E+05
   20342, 29040,  1.1690029E-02,  1.4264622E+05
   18929, 29041,  3.3168715E-01,  1.6852664E+05
   18930, 29041,  5.2749777E-01,  1.6852664E+05
   19283, 29041,  1.4081509E-01,  1.6852664E+05
   18929, 29042,  1.0000000E+00,  8.1384625E+04
   19988, 29043,  3.5425026E-03,  3.0897853E+05
   19989, 29043,  9.9194890E-01,  3.0897853E+05
   20342, 29043,  4.5086169E-03,  3.0897853E+05
   18929, 29044,  3.1288251E-01,  1.9166672E+05
   19282, 29044,  6.8711752E-01,  1.9166672E+05
   20692, 29045,  1.0000000E+00,  2.4359869E+04
   20698, 29046,  1.0000000E+00,  2.5878725E+04
   20697, 29047,  1.0000000E+00,  1.4169794E+04
   19283, 29048,  4.1080001E-01,  1.8626184E+05
   19635, 29048,  1.2685324E-03,  1.8626184E+05
   19636, 29048,  5.8793145E-01,  1.8626184E+05
   19282, 29049,  5.4899597E-01,  6.5342113E+04
   19634, 29049,  1.8564843E-02,  6.5342113E+04
   19635, 29049,  4.3243912E-01,  6.5342113E+04
   19283, 29050,  1.0000000E+00,  8.3658102E+04
   19282, 29051,  1.0000000E+00,  3.3022609E+04
   19637, 29052,  9.1474658E-01,  8.3691086E+04
   19638, 29052,  6.9208212E-02,  8.3691086E+04
   19990, 29052,  3.1113166E-03,  8.3691086E+04
   19991, 29052,  1.2933999E-02,  8.3691086E+04
   19282, 29053,  1.0000000E+00,  3.8214758E+04
   19282, 29054,  1.0000000E+00,  3.0147529E+04
   20341, 29055,  1.0000000E+00,  3.3760910E+04
   19634, 29056,  1.0000000E+00,  6.1629805E+04
   19281, 29057,  1.0000000E+00,  2.9324264E+04
   18929, 29058,  3.3530080E-01,  1.1542294E+05
   18930, 29058,  6.7007132E-02,  1.1542294E+05
   19282, 29058,  2.3494299E-01,  1.1542294E+05
   19283, 29058,  3.6274907E-01,  1.1542294E+05
   19282, 29059,  8.0782926E-01,  3.5201301E+04
   19283, 29059,  1.9217080E-01,  3.5201301E+04
   19282, 29060,  1.6919835E-01,  6.7275156E+04
   19283, 29060,  7.8134996E-01,  6.7275156E+04
   19635, 29060,  3.8175892E-02,  6.7275156E+04
   19636, 29060,  1.1275833E-02,  6.7275156E+04
   21061, 30001,  1.0000000E+00,  1.1241381E+04
   21416, 30002,  1.0000000E+00,  8.4042139E+03
   14026, 30003,  1.9403569E-02,  2.2540898E+05
   14027, 30003,  1.8429579E-02,  2.2540898E+05
   14379, 30003,  9.1504902E-02,  2.2540898E+05
   14380, 30003,  7.5679928E-01,  2.2540898E+05
   14730, 30003,  1.9866871E-03,  2.2540898E+05
   15083, 30003,  1.1187600E-01,  2.2540898E+05
   20713, 30004,  3.9433724E-01,  4.8933398E+04
   20714, 30004,  1.3712440E-03,  4.8933398E+04
   20715, 30004,  6.0429150E-01,  4.8933398E+04
   16487, 30005,  1.0000000E+00,  1.2759547E+04
   17175, 30006,  8.9249825E-01,  4.8314012E+04
   17176, 30006,  1.0750180E-01,  4.8314012E+04
   18595, 30007,  1.0000000E+00,  1.6813777E+04
   18943, 30008,  1.0000000E+00,  9.2120889E+03
   21065, 30009,  6.2879306E-01,  4.4556664E+04
   21774, 30009,  3.7120697E-01,  4.4556664E+04
   21412, 30010,  9.3211913E-03,  5.9589613E+04
   21764, 30010,  2.7680781E-02,  5.9589613E+04
   21765, 30010,  9.6299803E-01,  5.9589613E+04
   17546, 30011,  6.7606992E-01,  9.8398547E+04
   18955, 30011,  1.7103933E-01,  9.8398547E+04
   18956, 30011,  1.5289080E-01,  9.8398547E+04
   16135, 30012,  1.0000000E+00,  1.0367145E+04
   28466, 30013,  1.0000000E+00,  1.1415947E+05
   17533, 30014,  1.6821381E-01,  1.1690384E+05
   17886, 30014,  8.2380253E-01,  1.1690384E+05
   17887, 30014,  7.9836380E-03,  1.1690384E+05
   16844, 30015,  1.0000000E+00,  6.0142215E+04
   19658, 30016,  2.0076057E-02,  9.7768836E+04
   19659, 30016,  1.4465864E-02,  9.7768836E+04
   20010, 30016,  9.5501405E-01,  9.7768836E+04
   20363, 30016,  1.0444008E-02,  9.7768836E+04
   20006, 30017,  9.8369253E-01,  8.2010137E+03
   20007, 30017,  1.6307503E-02,  8.2010137E+03
   17528, 30018,  1.0000000E+00,  8.0748833E+03
   16472, 30019,  9.9999994E-01,  4.0639707E+03
   17178, 30020,  1.0000000E+00,  5.8979062E+03
   17887, 30021,  8.0538380E-01,  8.8354711E+04
   18240, 30021,  1.9461624E-01,  8.8354711E+04
   17884, 30022,  6.8537557E-01,  5.6911516E+04
   18237, 30022,  3.1462449E-01,  5.6911516E+04
   21765, 30023,  3.4801146E-01,  3.8446371E+04
   22119, 30023,  3.4056920E-01,  3.8446371E+04
   22472, 30023,  1.4718596E-02,  3.8446371E+04
   22826, 30023,  2.9670075E-01,  3.8446371E+04
   19651, 30024,  1.0000000E+00,  1.4524859E+04
   20001, 30025,  5.9541517E-01,  2.9471025E+04
   20353, 30025,  4.0458485E-01,  2.9471025E+04
   21062, 30026,  1.0000000E+00,  5.4855375E+04
   26342, 30027,  1.0000000E+00,  1.0007793E+04
   18954, 30028,  2.7747548E-01,  4.3244416E+05
   19307, 30028,  7.2252452E-01,  4.3244416E+05
   18943, 30029,  1.0000000E+00,  6.0211021E+03
   17529, 30030,  4.8913120E-04,  1.1137509E+05
   17530, 30030,  9.9951088E-01,  1.1137509E+05
   17537, 30031,  1.0000000E+00,  7.4940654E+03
   16142, 30032,  9.0720856E-01,  1.0840905E+05
   16495, 30032,  9.2791468E-02,  1.0840905E+05
   25646, 30033,  8.8085300E-01,  2.2966902E+04
   25647, 30033,  1.1914693E-01,  2.2966902E+04
   27759, 30034,  1.0000000E+00,  1.2713454E+05
   28464, 30035,  1.0000000E+00,  3.0297586E+04
   21062, 30036,  9.0713821E-02,  2.5633584E+04
   21415, 30036,  9.0928620E-01,  2.5633584E+04
   23877, 30037,  1.0000001E+00,  1.7608777E+04
   20004, 30038,  4.7647282E-02,  1.8832767E+05
   20356, 30038,  7.6592189E-01,  1.8832767E+05
   20357, 30038,  1.5492247E-01,  1.8832767E+05
   20709, 30038,  1.4122873E-02,  1.8832767E+05
   20710, 30038,  1.7385565E-02,  1.8832767E+05
   15090, 30039,  1.7496246E-01,  1.0371452E+06
   15091, 30039,  5.9142745E-01,  1.0371452E+06
   15092, 30039,  1.7011011E-01,  1.0371452E+06
   15443, 30039,  4.4368128E-03,  1.0371452E+06
   15444, 30039,  2.2416818E-03,  1.0371452E+06
   15445, 30039,  5.6821477E-02,  1.0371452E+06
   24586, 30040,  2.3799275E-01,  1.1334827E+05
   24939, 30040,  7.6200730E-01,  1.1334827E+05
   17533, 30041,  1.0000000E+00,  8.5549961E+03
   22476, 30042,  3.0873364E-01,  1.6427590E+04
   22477, 30042,  6.9126642E-01,  1.6427590E+04
   18946, 30043,  4.2289886E-01,  3.8439258E+04
   19298, 30043,  3.0114082E-01,  3.8439258E+04
   19299, 30043,  2.7596033E-01,  3.8439258E+04
   17885, 30044,  4.6144301E-01,  4.5999691E+05
   17886, 30044,  5.0561506E-01,  4.5999691E+05
   18238, 30044,  2.7279403E-02,  4.5999691E+05
   18239, 30044,  5.6624813E-03,  4.5999691E+05
   15072, 30045,  2.3190165E-01,  2.1630683E+05
   15426, 30045,  1.2712012E-01,  2.1630683E+05
   15427, 30045,  7.9100311E-02,  2.1630683E+05
   15781, 30045,  5.6090063E-01,  2.1630683E+05
   16134, 30045,  9.7731105E-04,  2.1630683E+05
   20002, 30046,  6.6996063E-03,  3.0785266E+04
   20003, 30046,  9.9330038E-01,  3.0785266E+04
   18589, 30047,  1.6197905E-01,  7.0280805E+04
   18590, 30047,  7.9906476E-01,  7.0280805E+04
   18943, 30047,  3.8956184E-02,  7.0280805E+04
   14383, 30048,  3.9281696E-01,  3.7527731E+05
   14384, 30048,  7.6461293E-02,  3.7527731E+05
   14736, 30048,  7.4546829E-02,  3.7527731E+05
   14737, 30048,  4.0516832E-01,  3.7527731E+05
   15091, 30048,  5.1006597E-02,  3.7527731E+05
   17892, 30049,  1.0000000E+00,  8.3999570E+03
   23525, 30050,  5.7483745E-01,  2.2236521E+04
   23526, 30050,  4.2516249E-01,  2.2236521E+04
   23525, 30051,  3.9680023E-04,  3.2575271E+04
   23877, 30051,  3.8575772E-02,  3.2575271E+04
   23878, 30051,  9.6102744E-01,  3.2575271E+04
   17533, 30052,  5.5197316E-01,  3.2829184E+04
   17534, 30052,  6.4744003E-02,  3.2829184E+04
   17535, 30052,  3.8328287E-01,  3.2829184E+04
   17535, 30053,  1.0000000E+00,  6.1823215E+04
   15427, 30054,  6.9723749E-03,  2.5590117E+04
   15428, 30054,  2.5439367E-01,  2.5590117E+04
   15781, 30054,  7.3863399E-01,  2.5590117E+04
   27752, 30055,  1.0000000E+00,  1.4593866E+04
   27751, 30056,  1.0000000E+00,  1.2683962E+04
   21769, 30057,  1.1938811E-01,  1.2515355E+04
   21770, 30057,  8.8061184E-01,  1.2515355E+04
   26342, 30058,  1.4666215E-02,  1.5637207E+04
   26695, 30058,  9.1697818E-01,  1.5637207E+04
   26696, 30058,  6.8355583E-02,  1.5637207E+04
   14382, 30059,  1.6891440E-02,  3.8361289E+04
   14735, 30059,  9.0083653E-01,  3.8361289E+04
   14736, 30059,  8.2272060E-02,  3.8361289E+04
   28465, 30060,  6.5226156E-01,  5.1408758E+04
   28466, 30060,  3.4773844E-01,  5.1408758E+04
   14036, 30061,  1.9343080E-01,  2.3013673E+05
   14037, 30061,  1.0433890E-03,  2.3013673E+05
   14389, 30061,  8.0552578E-01,  2.3013673E+05
   18238, 30062,  2.3932238E-04,  3.3668105E+04
   18590, 30062,  9.4434297E-01,  3.3668105E+04
   18591, 30062,  5.5417731E-02,  3.3668105E+04
   28110, 30063,  1.0000000E+00,  2.3856373E+04
   23525, 30064,  1.0000000E+00,  8.4301084E+03
   20006, 30065,  7.3742727E-03,  1.2700526E+05
   20007, 30065,  2.3987286E-01,  1.2700526E+05
   20008, 30065,  2.5998828E-01,  1.2700526E+05
   20357, 30065,  1.4893067E-01,  1.2700526E+05
   20358, 30065,  2.2268079E-03,  1.2700526E+05
   20710, 30065,  2.4787119E-01,  1.2700526E+05
   20711, 30065,  9.3735904E-02,  1.2700526E+05
   23879, 30066,  3.6496112E-01,  3.6276562E+04
   23881, 30066,  6.3503885E-01,  3.6276562E+04
   23524, 30067,  1.0000000E+00,  1.8747314E+04
   17533, 30068,  5.2237714E-04,  1.5714889E+05
   17885, 30068,  7.4436295E-01,  1.5714889E+05
   18238, 30068,  2.5511470E-01,  1.5714889E+05
   24590, 30069,  9.9710417E-01,  6.7302969E+04
   24943, 30069,  2.8957396E-03,  6.7302969E+04
   13677, 30070,  1.0000000E+00,  2.4391861E+04
   18944, 30071,  9.4612145E-01,  9.2285531E+04
   19297, 30071,  5.3878594E-02,  9.2285531E+04
   24927, 30072,  1.0000000E+00,  3.2504260E+04
   15082, 30073,  4.3972439E-01,  1.0185836E+05
   15083, 30073,  3.1340650E-01,  1.0185836E+05
   15436, 30073,  2.4686912E-01,  1.0185836E+05
   17530, 30074,  1.0000000E+00,  1.7678426E+04
   17191, 30075,  2.3256673E-02,  3.7584730E+04
   17544, 30075,  9.7674328E-01,  3.7584730E+04
   25986, 30076,  1.0000000E+00,  5.3218184E+03
   14372, 30077,  6.8497181E-01,  1.0117295E+05
   14373, 30077,  3.1502816E-01,  1.0117295E+05
   27756, 30078,  5.1058237E-03,  3.5486211E+04
   28109, 30078,  9.9489415E-01,  3.5486211E+04
   20001, 30079,  1.0000000E+00,  1.4708639E+04
   18591, 30080,  1.0000000E+00,  3.1546762E+04
   17883, 30081,  9.7681141E-01,  5.6714938E+04
   17884, 30081,  2.3188611E-02,  5.6714938E+04
   14739, 30082,  1.0000001E+00,  3.5475105E+04
   25286, 30083,  6.8132967E-01,  2.5865379E+04
   25638, 30083,  3.1867039E-01,  2.5865379E+04
   16134, 30084,  1.0000000E+00,  1.7121076E+04
   17531, 30085,  3.2565433E-03,  2.2613247E+05
   17532, 30085,  1.4311774E-01,  2.2613247E+05
   17884, 30085,  5.2106655E-01,  2.2613247E+05
   17885, 30085,  3.3255911E-01,  2.2613247E+05
   21764, 30086,  9.8448324E-01,  5.9473023E+04
   22117, 30086,  1.5516715E-02,  5.9473023E+04
   20709, 30087,  3.6095530E-01,  1.2276071E+06
   20710, 30087,  5.1569402E-01,  1.2276071E+06
   21062, 30087,  6.8983831E-02,  1.2276071E+06
   21063, 30087,  5.4366812E-02,  1.2276071E+06
   20005, 30088,  9.9749047E-01,  1.0509894E+04
   20006, 30088,  2.5095092E-03,  1.0509894E+04
   14382, 30089,  1.0000000E+00,  1.6363027E+05
   18599, 30090,  1.9016101E-03,  2.5687547E+04
   18600, 30090,  9.9809837E-01,  2.5687547E+04
   11908, 30091,  1.0000000E+00,  4.5109527E+04
   20355, 30092,  3.4617519E-01,  7.2360344E+04
   20356, 30092,  6.5382487E-01,  7.2360344E+04
   21062, 30093,  4.6401531E-01,  3.0667994E+04
   21063, 30093,  5.3598469E-01,  3.0667994E+04
   14022, 30094,  2.0965414E-01,  1.0373270E+05
   14374, 30094,  7.9034585E-01,  1.0373270E+05
   22124, 30095,  1.0000000E+00,  1.0546793E+04
   21769, 30096,  1.0000000E+00,  8.6672217E+03
   16843, 30097,  6.2486671E-02,  1.0125967E+05
   17196, 30097,  9.3751329E-01,  1.0125967E+05
   17531, 30098,  1.0000000E+00,  4.4532930E+03
   17528, 30099,  9.2385419E-02,  5.8169332E+04
   17529, 30099,  9.0761459E-01,  5.8169332E+04
   18951, 30100,  6.7709786E-01,  2.9343947E+04
   18952, 30100,  3.2290208E-01,  2.9343947E+04
   17883, 30101,  4.4341472E-01,  4.9581965E+04
   17884, 30101,  5.5488610E-01,  4.9581965E+04
   18236, 30101,  1.6991649E-03,  4.9581965E+04
   22825, 30102,  4.2475902E-02,  3.2860203E+05
   22826, 30102,  1.8010736E-01,  3.2860203E+05
   23178, 30102,  1.6040494E-01,  3.2860203E+05
   23179, 30102,  5.4580986E-01,  3.2860203E+05
   23180, 30102,  4.8223037E-02,  3.2860203E+05
   23533, 30102,  2.2978920E-02,  3.2860203E+05
   23524, 30103,  1.0000000E+00,  1.4105079E+04
   15087, 30104,  3.8053730E-01,  4.5311477E+04
   15439, 30104,  5.4733640E-01,  4.5311477E+04
   15440, 30104,  7.2126292E-02,  4.5311477E+04
   18600, 30105,  4.9374276E-03,  1.7710842E+05
   18601, 30105,  2.6531094E-01,  1.7710842E+05
   18953, 30105,  1.9596343E-01,  1.7710842E+05
   18954, 30105,  5.3378820E-01,  1.7710842E+05
   21416, 30106,  1.0000000E+00,  1.4768452E+04
   21413, 30107,  1.0000000E+00,  2.9237876E+03
   14383, 30108,  1.7065249E-03,  4.5592416E+05
   14384, 30108,  5.9528816E-01,  4.5592416E+05
   14737, 30108,  4.0300527E-01,  4.5592416E+05
   22475, 30109,  1.0000000E+00,  1.0614234E+05
   16826, 30110,  1.0000000E+00,  3.8272195E+03
   14386, 30111,  1.6894393E-01,  4.2936844E+04
   14387, 30111,  7.4840057E-01,  4.2936844E+04
   14739, 30111,  8.2655527E-02,  4.2936844E+04
   21416, 30112,  1.0000000E+00,  3.0134775E+04
   17532, 30113,  1.0000000E+00,  1.0656657E+04
   23535, 30114,  9.8878694E-01,  2.8741029E+04
   23888, 30114,  1.1213075E-02,  2.8741029E+04
   17529, 30115,  1.0713287E-01,  1.1012891E+05
   17530, 30115,  8.9286709E-01,  1.1012891E+05
   14027, 30116,  8.4884727E-01,  5.1610082E+04
   14380, 30116,  1.5115267E-01,  5.1610082E+04
   17181, 30117,  3.3871210E-01,  1.8486223E+04
   17534, 30117,  6.6128784E-01,  1.8486223E+04
   17530, 30118,  3.0374280E-03,  3.2144344E+05
   17531, 30118,  6.2228344E-02,  3.2144344E+05
   17883, 30118,  8.7436050E-02,  3.2144344E+05
   17884, 30118,  8.4729815E-01,  3.2144344E+05
   15072, 30119,  9.6498066E-01,  2.6881016E+04
   15073, 30119,  3.5019316E-02,  2.6881016E+04
   14382, 30120,  1.5462826E-01,  8.4468711E+04
   14383, 30120,  5.4869586E-01,  8.4468711E+04
   14735, 30120,  9.7647980E-02,  8.4468711E+04
   14736, 30120,  1.9902784E-01,  8.4468711E+04
   29876, 30121,  1.0000000E+00,  3.2821230E+04
   15794, 30122,  1.0000000E+00,  3.8185941E+04
   31284, 30123,  3.4267610E-01,  3.0172325E+05
   31637, 30123,  2.7684712E-01,  3.0172325E+05
   31992, 30123,  1.2169068E-03,  3.0172325E+05
   32345, 30123,  1.2543243E-01,  3.0172325E+05
   32346, 30123,  1.4929901E-01,  3.0172325E+05
   32692, 30123,  6.5267786E-02,  3.0172325E+05
   32693, 30123,  4.6055019E-03,  3.0172325E+05
   33045, 30123,  3.2550115E-02,  3.0172325E+05
   33046, 30123,  2.1049764E-03,  3.0172325E+05
   23882, 30124,  5.6140255E-02,  3.0133972E+05
   24234, 30124,  2.1591121E-03,  3.0133972E+05
   24235, 30124,  1.4927466E-01,  3.0133972E+05
   24587, 30124,  6.0304499E-01,  3.0133972E+05
   24588, 30124,  1.5247053E-01,  3.0133972E+05
   25647, 30124,  3.6910463E-02,  3.0133972E+05
   18241, 30125,  9.8396355E-01,  5.6704781E+04
   18595, 30125,  1.6036464E-02,  5.6704781E+04
   19656, 30126,  7.2017872E-01,  6.6004359E+04
   19657, 30126,  2.7902594E-01,  6.6004359E+04
   20010, 30126,  7.9533923E-04,  6.6004359E+04
   18236, 30127,  1.0000000E+00,  9.6001846E+03
   20351, 30128,  1.6574796E-02,  2.3298911E+05
   20352, 30128,  5.1678289E-02,  2.3298911E+05
   20353, 30128,  4.3855321E-02,  2.3298911E+05
   20704, 30128,  9.4993591E-02,  2.3298911E+05
   20705, 30128,  5.6851339E-02,  2.3298911E+05
   20706, 30128,  6.3313115E-01,  2.3298911E+05
   21059, 30128,  1.0291552E-01,  2.3298911E+05
   28105, 30129,  1.0000000E+00,  5.9604000E+04
   12609, 30130,  2.8660551E-03,  1.5155838E+05
   12962, 30130,  2.2989097E-01,  1.5155838E+05
   13311, 30130,  2.2216898E-01,  1.5155838E+05
   13313, 30130,  2.8543323E-01,  1.5155838E+05
   13314, 30130,  3.6965073E-03,  1.5155838E+05
   13663, 30130,  2.5594431E-01,  1.5155838E+05
   24939, 30131,  9.7513545E-01,  6.3363250E+05
   25292, 30131,  2.4864573E-02,  6.3363250E+05
   21060, 30132,  1.0000000E+00,  4.6830250E+04
   31993, 30133,  2.5597468E-03,  2.1990128E+05
   31994, 30133,  6.3379622E-01,  2.1990128E+05
   32346, 30133,  2.1393276E-03,  2.1990128E+05
   32347, 30133,  3.6150476E-01,  2.1990128E+05
   20008, 30134,  2.5849229E-01,  5.4374941E+04
   20009, 30134,  9.0332441E-02,  5.4374941E+04
   20010, 30134,  6.5117526E-01,  5.4374941E+04
   17531, 30135,  1.0000000E+00,  6.6172477E+04
   21062, 30136,  1.0000000E+00,  1.7369422E+04
   16825, 30137,  5.4328746E-01,  9.2287627E+03
   17178, 30137,  4.5671254E-01,  9.2287627E+03
   17530, 30138,  5.7088500E-01,  1.2734395E+05
   17531, 30138,  3.1369276E-02,  1.2734395E+05
   17883, 30138,  3.9774573E-01,  1.2734395E+05
   16843, 30139,  1.0000000E+00,  2.0202090E+04
   17531, 30140,  1.0000000E+00,  2.8615710E+03
   16141, 30141,  3.6880967E-01,  2.7978978E+05
   16494, 30141,  6.3119042E-01,  2.7978978E+05
   13670, 30142,  4.2660227E-01,  8.3820508E+04
   14024, 30142,  4.0888795E-01,  8.3820508E+04
   14025, 30142,  1.6450982E-01,  8.3820508E+04
   16491, 30143,  2.0118690E-01,  7.8472031E+04
   16492, 30143,  1.4699586E-01,  7.8472031E+04
   16493, 30143,  6.5181720E-01,  7.8472031E+04
   13673, 30144,  3.0594957E-01,  5.2138508E+04
   14026, 30144,  6.9405043E-01,  5.2138508E+04
   14380, 30145,  1.0000000E+00,  5.2655770E+04
   19297, 30146,  1.0000000E+00,  5.3289028E+03
   17177, 30147,  9.9643260E-01,  2.9545018E+04
   17530, 30147,  3.5673925E-03,  2.9545018E+04
   18597, 30148,  6.7845857E-01,  5.9340801E+04
   18598, 30148,  3.2154140E-01,  5.9340801E+04
   15085, 30149,  7.4040912E-02,  1.0835875E+05
   15438, 30149,  2.9735014E-01,  1.0835875E+05
   15439, 30149,  5.8198702E-01,  1.0835875E+05
   15792, 30149,  4.6621930E-02,  1.0835875E+05
   28464, 30150,  1.0000000E+00,  2.3679836E+04
   28116, 30151,  1.0000000E+00,  3.1195430E+04
   31641, 30152,  1.0000000E+00,  2.3955625E+04
   27759, 30153,  1.5887264E-02,  2.5841521E+04
   28112, 30153,  9.8411274E-01,  2.5841521E+04
   28464, 30154,  1.0000000E+00,  1.1547896E+04
   28459, 30155,  2.2034746E-02,  2.2122770E+05
   28460, 30155,  9.7796524E-01,  2.2122770E+05
   21413, 30156,  1.0000000E+00,  4.4488413E+03
   25995, 30157,  2.7905624E-02,  3.8377824E+04
   25996, 30157,  9.7209436E-01,  3.8377824E+04
   24238, 30158,  3.4772754E-01,  5.4281680E+04
   24944, 30158,  6.5227246E-01,  5.4281680E+04
   16472, 30159,  1.0000000E+00,  1.1852347E+04
   26348, 30160,  1.2720287E-01,  1.8435084E+05
   26701, 30160,  6.6501212E-01,  1.8435084E+05
   27406, 30160,  1.6515943E-01,  1.8435084E+05
   27407, 30160,  4.2625602E-02,  1.8435084E+05
   29164, 30161,  1.0000000E+00,  6.6871297E+04
   19651, 30162,  1.0000000E+00,  1.1020264E+04
   21768, 30163,  6.0189855E-01,  9.6367979E+03
   22121, 30163,  3.9810142E-01,  9.6367979E+03
   20003, 30164,  1.0000000E+00,  3.1457787E+04
   18592, 30165,  2.0247191E-02,  1.1803538E+04
   18593, 30165,  8.8993871E-01,  1.1803538E+04
   18945, 30165,  4.8538592E-02,  1.1803538E+04
   18946, 30165,  4.1275453E-02,  1.1803538E+04
   21417, 30166,  1.0000000E+00,  1.2854701E+04
   27758, 30167,  1.0000000E+00,  3.4071738E+04
   17178, 30168,  1.0000000E+00,  2.4664088E+04
   14722, 30169,  1.1690067E-01,  6.3190902E+04
   14723, 30169,  8.8309932E-01,  6.3190902E+04
   24928, 30170,  9.9492651E-01,  5.4045718E+03
   25281, 30170,  5.0735120E-03,  5.4045718E+03
   16825, 30171,  8.8050240E-01,  1.4743945E+04
   16826, 30171,  1.1949760E-01,  1.4743945E+04
   14028, 30172,  1.0000000E+00,  6.0828422E+04
   16829, 30173,  3.9904600E-01,  5.1097723E+04
   16830, 30173,  6.0095394E-01,  5.1097723E+04
   16127, 30174,  4.6042165E-01,  2.0040231E+05
   16128, 30174,  5.3957838E-01,  2.0040231E+05
   24938, 30175,  9.8719701E-02,  1.6168159E+05
   24939, 30175,  4.2991534E-01,  1.6168159E+05
   25291, 30175,  5.5768073E-02,  1.6168159E+05
   25292, 30175,  2.8631648E-02,  1.6168159E+05
   25644, 30175,  3.7286192E-01,  1.6168159E+05
   25997, 30175,  1.4103350E-02,  1.6168159E+05
   15073, 30176,  2.2363670E-02,  2.9267744E+04
   15426, 30176,  9.4006377E-01,  2.9267744E+04
   15427, 30176,  3.7572544E-02,  2.9267744E+04
   21414, 30177,  9.1188538E-01,  7.7163896E+03
   21415, 30177,  8.8114642E-02,  7.7163896E+03
   16841, 30178,  3.2670241E-02,  3.4804809E+04
   16842, 30178,  9.6732974E-01,  3.4804809E+04
   19298, 30179,  1.5236150E-01,  1.8517396E+04
   19299, 30179,  8.4763855E-01,  1.8517396E+04
   25283, 30180,  1.0000000E+00,  6.9057979E+03
   17541, 30181,  2.7598640E-01,  9.4398336E+04
   17542, 30181,  3.8605782E-01,  9.4398336E+04
   17543, 30181,  9.0550609E-02,  9.4398336E+04
   17896, 30181,  2.4740516E-01,  9.4398336E+04
   20709, 30182,  9.8242468E-01,  1.9922061E+04
   21062, 30182,  1.7575327E-02,  1.9922061E+04
   22471, 30183,  8.3010662E-01,  1.1742648E+05
   22825, 30183,  1.6879240E-01,  1.1742648E+05
   23178, 30183,  1.1009821E-03,  1.1742648E+05
   16824, 30184,  7.3053904E-02,  6.0839731E+03
   16825, 30184,  9.2694610E-01,  6.0839731E+03
   17531, 30185,  1.0000001E+00,  1.2009874E+04
   18591, 30186,  1.0000000E+00,  2.6876426E+04
   21415, 30187,  1.0000000E+00,  5.3176963E+03
   19297, 30188,  1.0000000E+00,  1.6061289E+04
   26704, 30189,  6.7242664E-01,  4.5912609E+05
   26705, 30189,  2.2900568E-01,  4.5912609E+05
   27057, 30189,  8.5014731E-02,  4.5912609E+05
   27058, 30189,  1.3552932E-02,  4.5912609E+05
   15427, 30190,  1.0000000E+00,  1.6712750E+04
   20362, 30191,  3.6888126E-01,  9.7797117E+04
   20363, 30191,  6.3111877E-01,  9.7797117E+04
   22830, 30192,  5.7290584E-01,  8.4070664E+04
   22831, 30192,  4.2709416E-01,  8.4070664E+04
   19305, 30193,  1.9119248E-02,  1.5599606E+06
   19306, 30193,  5.9227979E-01,  1.5599606E+06
   19307, 30193,  3.1860489E-01,  1.5599606E+06
   19658, 30193,  7.2655701E-03,  1.5599606E+06
   19659, 30193,  5.5340979E-02,  1.5599606E+06
   19660, 30193,  7.3895114E-03,  1.5599606E+06
   21059, 30194,  4.8710784E-01,  3.4813738E+04
   21412, 30194,  5.1289213E-01,  3.4813738E+04
   16824, 30195,  1.0000000E+00,  1.9049793E+04
   17534, 30196,  1.2467579E-01,  3.1193723E+04
   17887, 30196,  8.7532425E-01,  3.1193723E+04
   22123, 30197,  1.0000000E+00,  1.2682054E+04
   24576, 30198,  9.9999994E-01,  5.7921909E+03
   14383, 30199,  1.0000000E+00,  2.9216506E+04
   18945, 30200,  1.0000000E+00,  8.7846553E+03
   16826, 30201,  9.5974660E-01,  1.7181785E+04
   17179, 30201,  4.0253401E-02,  1.7181785E+04
   25987, 30202,  4.1923203E-02,  3.3860735E+03
   25988, 30202,  9.5807678E-01,  3.3860735E+03
   23173, 30203,  1.0000000E+00,  1.3723915E+04
   15094, 30204,  1.0073471E-01,  2.1428570E+05
   15095, 30204,  4.5950907E-01,  2.1428570E+05
   15448, 30204,  4.3975618E-01,  2.1428570E+05
   30222, 30205,  1.0000000E+00,  5.8248770E+04
   14739, 30206,  8.1034011E-01,  8.9909875E+04
   15092, 30206,  1.8965989E-01,  8.9909875E+04
   15071, 30207,  1.2745926E-01,  1.4909439E+05
   15072, 30207,  1.3533045E-01,  1.4909439E+05
   15424, 30207,  5.4844004E-01,  1.4909439E+05
   15777, 30207,  1.8877020E-01,  1.4909439E+05
   15781, 30208,  1.1732212E-01,  8.8950703E+04
   15782, 30208,  8.5358131E-01,  8.8950703E+04
   16135, 30208,  2.9096564E-02,  8.8950703E+04
   15440, 30209,  1.0000000E+00,  2.7895176E+04
   11561, 30210,  7.8485918E-04,  2.0796961E+04
   11562, 30210,  9.9921519E-01,  2.0796961E+04
   23533, 30211,  5.5469584E-01,  8.5047891E+04
   23534, 30211,  4.4530421E-01,  8.5047891E+04
   12958, 30212,  1.0000000E+00,  3.3568707E+04
   27499, 31001,  1.0000000E+00,  2.2343135E+04
   28208, 31002,  1.0000000E+00,  6.7147859E+04
   25738, 31003,  2.3217846E-01,  6.8994875E+04
   25739, 31003,  5.2473390E-01,  6.8994875E+04
   26091, 31003,  9.8518215E-02,  6.8994875E+04
   26092, 31003,  1.4456937E-01,  6.8994875E+04
   29620, 31004,  1.0000000E+00,  4.7436258E+04
   29270, 31005,  1.0000000E+00,  2.6874975E+04
   29980, 31006,  5.0929892E-01,  7.3023039E+04
   30333, 31006,  4.9070108E-01,  7.3023039E+04
   28916, 31007,  1.0000000E+00,  4.9462527E+04
   29634, 31008,  1.0000000E+00,  4.9445766E+04
   29623, 31009,  1.3973425E-01,  8.1527875E+04
   29976, 31009,  8.0236852E-01,  8.1527875E+04
   29977, 31009,  5.7897221E-02,  8.1527875E+04
   26800, 31010,  1.0000000E+00,  2.3598121E+04
   28197, 31011,  1.0000000E+00,  4.0498422E+04
   29276, 31012,  1.0000000E+00,  9.7353398E+04
   29266, 31013,  1.0000000E+00,  6.3196422E+04
   27868, 31014,  1.0000000E+00,  2.2354885E+04
   27856, 31015,  9.9215406E-01,  7.1401422E+04
   27857, 31015,  7.8459969E-03,  7.1401422E+04
   25742, 31016,  9.6181697E-01,  1.7979801E+04
   25743, 31016,  3.8183078E-02,  1.7979801E+04
   27513, 31017,  1.0000000E+00,  2.2665930E+04
   26795, 31018,  2.6676418E-02,  2.5913758E+04
   26796, 31018,  9.7332352E-01,  2.5913758E+04
   28225, 31019,  6.6443360E-01,  9.5659820E+04
   28934, 31019,  1.2471066E-01,  9.5659820E+04
   29287, 31019,  2.1085575E-01,  9.5659820E+04
   29619, 31020,  1.0000000E+00,  2.7671002E+04
   27869, 31021,  1.0000000E+00,  4.9622375E+04
   26454, 31022,  1.0000000E+00,  2.3431484E+04
   27850, 31023,  8.5854173E-01,  4.3186148E+04
   27851, 31023,  1.4145832E-01,  4.3186148E+04
   26445, 31024,  1.0763947E-01,  2.5418992E+04
   26798, 31024,  8.9236057E-01,  2.5418992E+04
   26443, 31025,  1.0000000E+00,  3.9650453E+04
   29974, 31026,  1.0000000E+00,  3.6287145E+04
   30330, 31027,  1.0000000E+00,  9.9158164E+04
   31037, 31028,  5.9545922E-01,  1.5587365E+04
   31038, 31028,  4.0454072E-01,  1.5587365E+04
   30331, 31029,  1.0000000E+00,  6.0634203E+04
   28571, 31030,  1.0000000E+00,  3.4824133E+04
   29626, 31031,  6.7834455E-01,  4.4831773E+04
   29979, 31031,  3.2165545E-01,  4.4831773E+04
   29280, 31032,  1.7705761E-02,  7.2202039E+04
   29633, 31032,  9.8229426E-01,  7.2202039E+04
   26436, 31033,  6.7903739E-01,  1.0248213E+05
   26788, 31033,  1.2192563E-01,  1.0248213E+05
   26789, 31033,  1.9903694E-01,  1.0248213E+05
   28210, 31034,  1.0000000E+00,  4.5371992E+04
   28563, 31035,  1.6947320E-01,  4.1822785E+04
   28564, 31035,  8.3052677E-01,  4.1822785E+04
   27857, 31036,  1.0000000E+00,  9.8364977E+04
   27858, 31037,  1.0000000E+00,  4.6150867E+04
   28556, 31038,  1.3553384E-01,  1.9287816E+05
   28908, 31038,  1.2631246E-01,  1.9287816E+05
   28909, 31038,  7.3815370E-01,  1.9287816E+05
   29619, 31039,  1.0000000E+00,  2.6463379E+04
   28917, 31040,  2.3134188E-01,  1.4909183E+05
   28918, 31040,  1.8532246E-01,  1.4909183E+05
   28919, 31040,  5.8333570E-01,  1.4909183E+05
   28559, 31041,  5.4607642E-01,  6.5970381E+05
   28560, 31041,  3.9349798E-02,  6.5970381E+05
   28912, 31041,  3.7119445E-01,  6.5970381E+05
   28913, 31041,  4.3379337E-02,  6.5970381E+05
   28212, 31042,  3.3148038E-01,  5.3910918E+04
   28213, 31042,  6.6851968E-01,  5.3910918E+04
   27867, 31043,  1.0000000E+00,  1.8568463E+04
   28555, 31044,  1.0000000E+00,  4.2105277E+04
   27497, 31045,  1.0000000E+00,  2.4274039E+04
   26797, 31046,  9.9805760E-01,  2.9984559E+04
   27150, 31046,  1.9424028E-03,  2.9984559E+04
   26091, 31047,  2.4430227E-02,  4.4870086E+04
   26444, 31047,  9.7556973E-01,  4.4870086E+04
   27142, 31048,  7.1339138E-02,  7.3833883E+04
   27143, 31048,  9.2866093E-01,  7.3833883E+04
   26799, 31049,  1.0000000E+00,  2.3882334E+04
   28205, 31050,  7.4771009E-03,  3.5949552E+06
   28558, 31050,  9.4539888E-02,  3.5949552E+06
   28559, 31050,  1.0408860E-01,  3.5949552E+06
   28910, 31050,  5.8847303E-03,  3.5949552E+06
   28911, 31050,  2.8916645E-01,  3.5949552E+06
   28912, 31050,  3.4351718E-01,  3.5949552E+06
   29264, 31050,  7.3376246E-02,  3.5949552E+06
   29265, 31050,  8.1949823E-02,  3.5949552E+06
   29619, 31051,  9.5107615E-01,  3.0444549E+04
   29620, 31051,  4.8923921E-02,  3.0444549E+04
   29268, 31052,  1.9103140E-02,  1.4305597E+05
   29269, 31052,  2.6336010E-03,  1.4305597E+05
   29621, 31052,  8.6883098E-01,  1.4305597E+05
   29622, 31052,  1.0943236E-01,  1.4305597E+05
   26793, 31053,  1.0000000E+00,  8.3806977E+04
   29268, 31054,  1.0000000E+00,  3.0724807E+04
   26791, 31055,  7.4057955E-01,  2.9956529E+04
   27144, 31055,  2.5942048E-01,  2.9956529E+04
   26090, 31056,  3.6014702E-02,  1.6356059E+05
   26091, 31056,  9.6398526E-01,  1.6356059E+05
   30692, 31057,  1.0000000E+00,  2.7313230E+04
   25390, 31058,  1.6327852E-01,  1.2752368E+05
   25391, 31058,  8.3672148E-01,  1.2752368E+05
   29968, 31059,  1.1533342E-01,  4.0942909E+05
   29969, 31059,  2.5419730E-01,  4.0942909E+05
   29970, 31059,  6.9615446E-02,  4.0942909E+05
   30322, 31059,  1.2597097E-02,  4.0942909E+05
   30323, 31059,  3.8254839E-01,  4.0942909E+05
   30324, 31059,  1.5888622E-01,  4.0942909E+05
   30325, 31059,  6.8221330E-03,  4.0942909E+05
   28923, 31060,  1.0000000E+00,  1.5710003E+04
   32105, 31061,  1.0000000E+00,  1.7859223E+04
   26794, 31062,  5.9828645E-01,  3.2553852E+04
   26795, 31062,  4.0171358E-01,  3.2553852E+04
   28203, 31063,  6.4360422E-01,  3.6428281E+04
   28556, 31063,  3.5639578E-01,  3.6428281E+04
   28210, 31064,  3.6221337E-01,  1.7253000E+04
   28211, 31064,  6.3778669E-01,  1.7253000E+04
   31751, 31065,  2.9576400E-01,  1.5072120E+04
   32104, 31065,  7.0423603E-01,  1.5072120E+04
   26088, 31066,  1.0000000E+00,  2.5430875E+04
   28208, 31067,  2.3054037E-02,  4.6007449E+04
   28209, 31067,  7.6616633E-01,  4.6007449E+04
   28562, 31067,  2.1077967E-01,  4.6007449E+04
   29975, 31068,  9.9433851E-01,  2.8050424E+04
   30328, 31068,  5.6614801E-03,  2.8050424E+04
   27507, 31069,  1.0000000E+00,  5.5192215E+04
   29985, 31070,  8.3799320E-01,  3.2096836E+04
   30338, 31070,  1.6200686E-01,  3.2096836E+04
   28566, 31071,  1.0000000E+00,  1.4811134E+04
   29623, 31072,  1.0000000E+00,  4.6159852E+04
   25743, 31073,  1.0000000E+00,  2.9538113E+04
   28563, 31074,  1.0000000E+00,  2.5573662E+04
   26445, 31075,  1.0000000E+00,  3.1752326E+04
   27854, 31076,  2.1853402E-01,  9.5404992E+04
   27855, 31076,  7.8146595E-01,  9.5404992E+04
   29272, 31077,  1.0000000E+00,  4.6319852E+04
   29270, 31078,  6.0376358E-01,  9.2283125E+04
   29271, 31078,  3.9623639E-01,  9.2283125E+04
   25739, 31079,  9.4061995E-01,  1.4110406E+05
   25740, 31079,  5.9380051E-02,  1.4110406E+05
   27150, 31080,  9.6940994E-01,  4.3671531E+04
   27151, 31080,  3.0589983E-02,  4.3671531E+04
   27869, 31081,  1.0000000E+00,  1.8854971E+04
   29974, 31082,  9.2793304E-01,  3.4044562E+04
   29975, 31082,  7.2066918E-02,  3.4044562E+04
   30680, 31083,  9.1143191E-01,  5.5924559E+04
   30681, 31083,  8.8568136E-02,  5.5924559E+04
   29978, 31084,  1.0000000E+00,  8.8940008E+04
   28575, 31085,  5.0762647E-01,  7.0250094E+04
   28929, 31085,  4.9237350E-01,  7.0250094E+04
   29271, 31086,  1.0000000E+00,  5.8341734E+04
   28555, 31087,  8.9678532E-01,  9.6922750E+04
   28908, 31087,  1.0321472E-01,  9.6922750E+04
   29271, 31088,  1.0000000E+00,  5.7071777E+04
   26442, 31089,  1.0000000E+00,  1.2373300E+05
   28207, 31090,  1.0000000E+00,  2.0617357E+04
   27865, 31091,  4.6272017E-02,  6.9158500E+04
   28218, 31091,  6.4726913E-01,  6.9158500E+04
   28573, 31091,  3.0645886E-01,  6.9158500E+04
   27516, 31092,  1.0000000E+00,  1.8627732E+04
   28914, 31093,  8.8184845E-01,  7.3157492E+04
   29267, 31093,  1.1815159E-01,  7.3157492E+04
   25741, 31094,  1.0000000E+00,  4.3975059E+04
   28914, 31095,  1.0000000E+00,  2.4256281E+04
   29641, 31096,  7.8616075E-02,  2.6785006E+05
   29987, 31096,  5.2622759E-01,  2.6785006E+05
   29988, 31096,  8.8220630E-03,  2.6785006E+05
   30340, 31096,  3.5873947E-01,  2.6785006E+05
   30341, 31096,  2.7594795E-02,  2.6785006E+05
   28922, 31097,  1.0000000E+00,  6.0071098E+04
   25036, 31098,  7.8994274E-01,  8.5727586E+04
   25389, 31098,  2.1005732E-01,  8.5727586E+04
   28221, 31099,  1.0000000E+00,  3.9316047E+04
   28910, 31100,  8.7430602E-01,  3.5560816E+04
   29263, 31100,  1.2569401E-01,  3.5560816E+04
   28204, 31101,  9.2754029E-02,  2.2679688E+05
   28557, 31101,  4.9078980E-01,  2.2679688E+05
   28558, 31101,  4.1645616E-01,  2.2679688E+05
   27870, 31102,  5.1237002E-02,  2.9112769E+05
   27871, 31102,  3.6714140E-02,  2.9112769E+05
   28221, 31102,  8.7657606E-04,  2.9112769E+05
   28222, 31102,  8.5157186E-01,  2.9112769E+05
   28223, 31102,  2.2212970E-03,  2.9112769E+05
   28577, 31102,  5.7379093E-02,  2.9112769E+05
   28211, 31103,  2.1158393E-02,  2.9774402E+04
   28564, 31103,  9.7884160E-01,  2.9774402E+04
   27156, 31104,  6.4735222E-01,  4.6208426E+04
   27509, 31104,  3.5264778E-01,  4.6208426E+04
   29267, 31105,  1.0000000E+00,  5.5084484E+04
   29976, 31106,  1.6624717E-01,  4.5002973E+04
   30329, 31106,  8.3375281E-01,  4.5002973E+04
   28757, 32001,  1.0000000E+00,  2.9627330E+04
   28408, 32002,  2.4579247E-02,  2.4865721E+04
   28409, 32002,  9.7542077E-01,  2.4865721E+04
   30165, 32003,  1.0000000E+00,  2.7626625E+04
   28752, 32004,  1.0000000E+00,  3.3730723E+04
   35115, 32005,  5.7877707E-01,  1.9152423E+05
   35116, 32005,  2.6779953E-01,  1.9152423E+05
   35469, 32005,  1.5342338E-01,  1.9152423E+05
   37939, 32006,  1.0000000E+00,  7.5597359E+04
   42190, 32007,  1.0000000E+00,  4.5940195E+04
   33001, 32008,  7.1372825E-01,  6.5580711E+04
   33002, 32008,  2.8627178E-01,  6.5580711E+04
   37220, 32009,  5.8307689E-01,  4.4738570E+04
   37573, 32009,  4.1692305E-01,  4.4738570E+04
   35468, 32010,  2.1938292E-02,  7.9207300E+05
   35819, 32010,  7.0987077E-04,  7.9207300E+05
   35820, 32010,  1.0171146E-02,  7.9207300E+05
   35821, 32010,  5.4982086E-03,  7.9207300E+05
   36172, 32010,  3.1694552E-01,  7.9207300E+05
   36173, 32010,  4.9295217E-01,  7.9207300E+05
   36174, 32010,  1.4416205E-02,  7.9207300E+05
   36524, 32010,  5.6555215E-02,  7.9207300E+05
   36877, 32010,  3.3107966E-02,  7.9207300E+05
   37230, 32010,  3.6261210E-03,  7.9207300E+05
   37231, 32010,  4.4079289E-02,  7.9207300E+05
   27693, 32011,  6.2003080E-03,  3.7323215E+04
   27694, 32011,  9.9379963E-01,  3.7323215E+04
   33000, 32012,  1.0000000E+00,  2.3184211E+04
   35115, 32013,  6.4889520E-01,  4.4654211E+04
   35468, 32013,  3.5110480E-01,  4.4654211E+04
   39701, 32014,  1.0000000E+00,  5.8440148E+04
   30522, 32015,  1.8209492E-01,  1.2543144E+04
   30875, 32015,  8.1790507E-01,  1.2543144E+04
   33710, 32016,  4.0458837E-01,  1.2199195E+05
   33711, 32016,  4.0094141E-02,  1.2199195E+05
   34063, 32016,  3.4600064E-01,  1.2199195E+05
   34064, 32016,  2.0931685E-01,  1.2199195E+05
   33706, 32017,  4.0641882E-02,  7.2519294E+05
   34058, 32017,  1.0772806E-01,  7.2519294E+05
   34059, 32017,  2.4923848E-01,  7.2519294E+05
   34411, 32017,  1.4276192E-01,  7.2519294E+05
   34412, 32017,  3.1680387E-01,  7.2519294E+05
   34413, 32017,  1.4282583E-01,  7.2519294E+05
   29817, 32018,  3.2501486E-01,  2.8102496E+04
   30170, 32018,  6.7498517E-01,  2.8102496E+04
   29464, 32019,  1.0000000E+00,  1.2280931E+05
   33700, 32020,  9.6194893E-01,  3.4826612E+05
   33701, 32020,  8.7106200E-03,  3.4826612E+05
   34053, 32020,  2.9340515E-02,  3.4826612E+05
   36515, 32021,  1.0000000E+00,  2.1174619E+04
   40756, 32022,  7.3932379E-01,  1.5827177E+05
   41109, 32022,  2.6067618E-01,  1.5827177E+05
   28404, 32023,  1.0000000E+00,  4.8637684E+04
   31946, 32024,  1.5412169E-02,  1.2824370E+05
   31947, 32024,  2.7405543E-02,  1.2824370E+05
   32299, 32024,  2.2982265E-01,  1.2824370E+05
   32300, 32024,  7.2735959E-01,  1.2824370E+05
   32649, 32025,  4.9445160E-02,  5.3111254E+04
   32650, 32025,  7.4189886E-02,  5.3111254E+04
   33002, 32025,  4.7850136E-02,  5.3111254E+04
   33003, 32025,  8.2851481E-01,  5.3111254E+04
   42541, 32026,  9.7247469E-01,  1.5588364E+04
   42542, 32026,  2.7525282E-02,  1.5588364E+04
   43246, 32027,  1.0000000E+00,  9.0889541E+03
   27695, 32028,  1.0000000E+00,  1.6944943E+04
   40755, 32029,  9.1848212E-01,  1.1990078E+05
   40756, 32029,  3.3693712E-02,  1.1990078E+05
   41108, 32029,  4.4008292E-02,  1.1990078E+05
   41109, 32029,  3.8158491E-03,  1.1990078E+05
   30519, 32030,  9.6556276E-01,  2.1073605E+04
   30872, 32030,  3.4437165E-02,  2.1073605E+04
   32281, 32031,  4.2134766E-02,  5.4267410E+04
   32282, 32031,  9.5786518E-01,  5.4267410E+04
   34410, 32032,  1.7137058E-01,  9.0668078E+04
   34411, 32032,  2.1704155E-01,  9.0668078E+04
   34763, 32032,  4.6179903E-01,  9.0668078E+04
   34764, 32032,  1.4978887E-01,  9.0668078E+04
   27697, 32033,  1.0000000E+00,  2.3011277E+04
   28054, 32034,  4.8096067E-01,  1.3525434E+05
   28407, 32034,  5.1903933E-01,  1.3525434E+05
   33006, 32035,  8.9237678E-01,  3.0626939E+04
   33007, 32035,  1.0762326E-01,  3.0626939E+04
   33355, 32036,  4.6767700E-01,  1.2429116E+05
   33356, 32036,  5.3232306E-01,  1.2429116E+05
   34764, 32037,  1.6613843E-01,  1.1263573E+05
   35117, 32037,  4.5163625E-01,  1.1263573E+05
   35118, 32037,  3.8222530E-01,  1.1263573E+05
   31949, 32038,  3.8365659E-01,  7.7091750E+04
   32304, 32038,  6.1634344E-01,  7.7091750E+04
   38641, 32039,  3.7625330E-03,  2.8796097E+05
   38642, 32039,  1.2819630E-01,  2.8796097E+05
   38994, 32039,  7.7551104E-02,  2.8796097E+05
   38995, 32039,  7.9049003E-01,  2.8796097E+05
   37933, 32040,  1.0000000E+00,  4.9946309E+04
   41843, 32041,  1.0000000E+00,  3.2170494E+04
   37929, 32042,  4.9508426E-01,  2.3479552E+05
   38282, 32042,  1.4133179E-01,  2.3479552E+05
   38988, 32042,  1.7352007E-01,  2.3479552E+05
   39343, 32042,  1.8526061E-01,  2.3479552E+05
   39696, 32042,  4.8032897E-03,  2.3479552E+05
   33699, 32043,  1.0000000E+00,  3.3174176E+04
   30524, 32044,  1.0000000E+00,  5.9305523E+04
   29460, 32045,  1.0000000E+00,  4.1585984E+04
   32992, 32046,  1.0000000E+00,  2.8310869E+04
   28753, 32047,  1.0000000E+00,  3.7955824E+04
   29814, 32048,  3.9681442E-02,  1.1326459E+05
   30166, 32048,  3.1138369E-01,  1.1326459E+05
   30167, 32048,  6.4893484E-01,  1.1326459E+05
   34399, 32049,  2.2089230E-01,  1.2644767E+05
   34400, 32049,  7.7910769E-01,  1.2644767E+05
   34411, 32050,  2.1166806E-01,  4.0412887E+04
   34412, 32050,  6.8607438E-01,  4.0412887E+04
   34764, 32050,  1.0225754E-01,  4.0412887E+04
   35473, 32051,  5.0960410E-02,  2.0556903E+05
   35826, 32051,  2.4935886E-01,  2.0556903E+05
   36177, 32051,  3.0469936E-01,  2.0556903E+05
   36179, 32051,  6.8388887E-02,  2.0556903E+05
   36531, 32051,  1.5527411E-01,  2.0556903E+05
   36532, 32051,  1.7131837E-01,  2.0556903E+05
   31594, 32052,  1.0000000E+00,  4.4489289E+04
   33005, 32053,  3.9737007E-01,  1.2122601E+05
   33006, 32053,  2.4379185E-01,  1.2122601E+05
   33359, 32053,  3.5506943E-01,  1.2122601E+05
   33360, 32053,  3.7686748E-03,  1.2122601E+05
   32303, 32054,  1.5785292E-02,  3.7199531E+04
   32656, 32054,  9.8421478E-01,  3.7199531E+04
   32289, 32055,  2.0867746E-02,  1.6896056E+05
   32642, 32055,  7.0731115E-01,  1.6896056E+05
   32643, 32055,  2.6445743E-02,  1.6896056E+05
   33703, 32055,  2.4537531E-01,  1.6896056E+05
   34057, 32056,  3.5666525E-02,  6.3257000E+05
   34058, 32056,  1.2217560E-01,  6.3257000E+05
   34410, 32056,  1.2073864E-01,  6.3257000E+05
   34411, 32056,  7.2141927E-01,  6.3257000E+05
   34060, 32057,  1.0000000E+00,  1.1170970E+05
   28753, 32058,  1.0000000E+00,  2.2196467E+04
