 GRID, CVE_ENT_MUN, Fv, Fc
       13142
         294 ,        7087 ,  9.5367543E-02 ,  0.2379245    
         295 ,        7087 ,  6.5155327E-02 ,  2.1686065E-03
         645 ,        7089 ,  9.6831098E-03 ,  9.9787666E-03
         646 ,        7089 ,  0.0000000E+00 ,  4.9534917E-02
         647 ,        7087 ,  0.0000000E+00 ,  1.6662223E-03
         648 ,        7087 ,  0.7669584     ,  0.2712534    
         997 ,        7089 ,  4.5467778E-03 ,  0.1687128    
         998 ,        7089 ,  4.8212547E-02 ,  0.1073267    
         999 ,        7089 ,  0.0000000E+00 ,  5.8656085E-02
        1000 ,        7035 ,  0.0000000E+00 ,  0.6248095    
        1001 ,        7087 ,  7.2518766E-02 ,  0.2560951    
        1349 ,        7054 ,  0.0000000E+00 ,  0.1832515    
        1350 ,        7054 ,  0.6283432     ,  0.2667640    
        1351 ,        7089 ,  0.0000000E+00 ,  9.6744336E-02
        1352 ,        7089 ,  8.1468905E-05 ,  0.1020941    
        1353 ,        7055 ,   1.000000     ,   3.513032    
        1354 ,        7035 ,  0.6915218     ,  6.3882269E-02
        1701 ,        7054 ,  0.0000000E+00 ,  9.3191274E-02
        1702 ,        7054 ,  0.0000000E+00 ,  1.9291766E-02
        1703 ,        7054 ,  0.3716567     ,  0.3128066    
        1704 ,        7089 ,  3.3444226E-02 ,  8.9324050E-02
        1705 ,        7089 ,  0.6400348     ,  0.1725061    
        1706 ,        7102 ,  0.1568317     ,  0.5055637    
        1707 ,        7102 ,  7.3258504E-02 ,  0.1570226    
        2056 ,        7037 ,  3.5402086E-02 ,  0.1379402    
        2057 ,        7037 ,  0.9645980     ,  0.5013672    
        2058 ,        7089 ,  2.4517410E-02 ,  2.3210289E-02
        2059 ,        7102 ,  0.2147268     ,  7.7243246E-02
        2060 ,        7102 ,  0.5551830     ,  0.1691350    
        2409 ,        7103 ,  0.0000000E+00 ,  0.3174765    
        2410 ,        7103 ,  0.0000000E+00 ,  0.5047350    
        2411 ,        7089 ,  0.0000000E+00 ,  9.9158317E-02
        2412 ,        7089 ,  9.6432638E-04 ,  3.7846923E-02
        2413 ,        7105 ,  0.9956545     ,   1.346532    
        2414 ,        7105 ,  4.3455046E-03 ,  0.0000000E+00
        2758 ,        7003 ,  0.0000000E+00 ,  4.4288334E-02
        2760 ,        7071 ,  1.3116690E-03 ,  0.0000000E+00
        2761 ,        7071 ,  1.0148939E-03 ,   1.111950    
        2762 ,        7103 ,   1.000000     ,  0.6855468    
        2763 ,        7103 ,  0.0000000E+00 ,  0.1970154    
        2764 ,        7089 ,  0.0000000E+00 ,  2.2679120E-02
        2765 ,        7089 ,  0.0000000E+00 ,  4.5455400E-02
        3111 ,        7003 ,  0.0000000E+00 ,  0.1821536    
        3112 ,        7003 ,  0.5606213     ,  0.2186643    
        3113 ,        7071 ,  0.8997805     ,   1.185450    
        3114 ,        7071 ,  9.7892933E-02 ,  0.1174030    
        3115 ,        7057 ,  0.0000000E+00 ,  0.1292525    
        3116 ,        7057 ,  0.0000000E+00 ,  5.6385784E-03
        3117 ,        7057 ,  0.0000000E+00 ,  4.5494892E-02
        3118 ,        7057 ,  0.0000000E+00 ,  0.1571984    
        3461 ,        7051 ,  0.0000000E+00 ,  3.9804500E-02
        3462 ,        7051 ,  0.0000000E+00 ,  0.1318794    
        3464 ,        7003 ,  0.2510077     ,  0.4618538    
        3465 ,        7032 ,  0.8352047     ,   1.231659    
        3466 ,        7032 ,  3.4418676E-04 ,  0.2538440    
        3467 ,        7032 ,  0.1644511     ,  0.1879567    
        3468 ,        7057 ,  0.0000000E+00 ,  5.9536099E-02
        3469 ,        7057 ,  0.0000000E+00 ,  0.1919674    
        3470 ,        7057 ,  0.0000000E+00 ,  0.2285888    
        3471 ,        7053 ,  0.0000000E+00 ,  0.2410148    
        3812 ,        7069 ,  0.0000000E+00 ,  5.6304708E-02
        3813 ,        7051 ,  0.0000000E+00 ,  0.1060119    
        3814 ,        7051 ,  0.0000000E+00 ,  5.7654589E-02
        3815 ,        7051 ,  0.9700980     ,  0.1909920    
        3816 ,        7051 ,  2.9197697E-02 ,  0.2505488    
        3817 ,        7051 ,  0.0000000E+00 ,  0.1604068    
        3822 ,        7057 ,  0.0000000E+00 ,  0.1536440    
        3823 ,        7057 ,   1.000000     ,  0.1610645    
        3824 ,        7053 ,   1.000000     ,  0.1356419    
        4122 ,       20439 ,  0.0000000E+00 ,  6.6588633E-02
        4123 ,       20439 ,  0.0000000E+00 ,  0.1299845    
        4124 ,       20439 ,  0.0000000E+00 ,  0.2540352    
        4125 ,       20439 ,  1.6583401E-03 ,  0.2793916    
        4126 ,       20324 ,  0.0000000E+00 ,  9.9655300E-02
        4128 ,       20413 ,  0.0000000E+00 ,  4.9620096E-02
        4164 ,        7069 ,  0.0000000E+00 ,  1.0797660E-02
        4165 ,        7069 ,  0.0000000E+00 ,  9.1797402E-03
        4167 ,        7051 ,  0.0000000E+00 ,  0.2336244    
        4168 ,        7051 ,  7.0427853E-04 ,  0.2568122    
        4175 ,        7080 ,  0.0000000E+00 ,  0.5515563    
        4176 ,        7070 ,   1.000000     ,   1.359265    
        4177 ,        7010 ,   1.000000     ,  0.5902695    
        4178 ,        7006 ,  0.3134252     ,  0.3510952    
        4472 ,       20401 ,  0.0000000E+00 ,  0.1219278    
        4473 ,       20401 ,  0.0000000E+00 ,  0.1916407    
        4474 ,       20401 ,  0.0000000E+00 ,  0.3296491    
        4475 ,       20439 ,  0.0000000E+00 ,  0.2105195    
        4476 ,       20439 ,  0.0000000E+00 ,  5.0177552E-02
        4478 ,       20439 ,  0.9983417     ,  0.1900588    
        4479 ,       20324 ,  0.4184118     ,  0.2021283    
        4480 ,       20413 ,  0.0000000E+00 ,  9.8663390E-02
        4481 ,       20413 ,  0.0000000E+00 ,  0.2183492    
        4482 ,       20413 ,  0.4852827     ,  0.1794782    
        4483 ,       20413 ,  0.2078800     ,  0.1922695    
        4517 ,        7069 ,  0.0000000E+00 ,  5.9461635E-02
        4518 ,        7069 ,  0.0000000E+00 ,  2.9386912E-02
        4519 ,        7069 ,  0.0000000E+00 ,  0.1539969    
        4520 ,        7069 ,  0.0000000E+00 ,  5.1586647E-02
        4528 ,        7080 ,   1.000000     ,  0.3145664    
        4529 ,        7036 ,  0.9877564     ,   1.099494    
        4530 ,        7006 ,  0.0000000E+00 ,  0.1904311    
        4531 ,        7006 ,  0.0000000E+00 ,  0.1821446    
        4824 ,       20401 ,  0.2859897     ,  0.3179635    
        4825 ,       20401 ,  0.6189460     ,  0.3083896    
        4826 ,       20401 ,  9.5064327E-02 ,  6.4134605E-02
        4827 ,       20401 ,  0.0000000E+00 ,  6.3048601E-02
        4829 ,       20509 ,   1.000000     ,   1.583630    
        4831 ,       20324 ,  0.0000000E+00 ,  9.9020153E-02
        4832 ,       20324 ,  0.0000000E+00 ,  9.1368146E-02
        4833 ,       20413 ,  0.3068374     ,  0.1710746    
        4834 ,       20266 ,  0.0000000E+00 ,  0.2847100    
        4836 ,       20413 ,  0.0000000E+00 ,  0.1093443    
        4837 ,       20307 ,  0.0000000E+00 ,  0.2840639    
        4838 ,       20307 ,  0.0000000E+00 ,  9.3199965E-03
        4870 ,        7069 ,  0.8485284     ,  0.1653815    
        4871 ,        7069 ,  0.1514716     ,  9.5786139E-02
        4877 ,        7117 ,  0.4873706     ,  0.0000000E+00
        4878 ,        7117 ,  0.1038189     ,  0.0000000E+00
        4882 ,        7011 ,  5.1182870E-02 ,  0.1212418    
        4883 ,        7034 ,  0.3703541     ,   1.723293    
        4884 ,        7006 ,  0.6807043     ,  2.5149316E-02
        4885 ,        7006 ,  5.8704708E-03 ,  0.1305868    
        5172 ,       20334 ,  0.0000000E+00 ,  3.3068750E-02
        5173 ,       20334 ,  2.3523816E-03 ,  5.4801490E-02
        5174 ,       20334 ,  0.0000000E+00 ,  8.1688419E-02
        5175 ,       20334 ,  0.0000000E+00 ,  8.9701951E-02
        5176 ,       20318 ,  0.0000000E+00 ,  0.2042768    
        5177 ,       20318 ,  0.2416451     ,  0.3495257    
        5178 ,       20318 ,  0.0000000E+00 ,  0.1360366    
        5181 ,       20117 ,  0.4015961     ,  0.0000000E+00
        5182 ,       20117 ,  0.5984039     ,  0.0000000E+00
        5184 ,       20071 ,  6.7163468E-03 ,  0.9564272    
        5185 ,       20071 ,  0.9932837     ,  0.5093586    
        5186 ,       20324 ,  0.0000000E+00 ,  2.0428349E-03
        5187 ,       20266 ,  0.0000000E+00 ,  0.2023668    
        5188 ,       20266 ,   1.000000     ,  0.2325707    
        5189 ,       20266 ,  0.0000000E+00 ,  0.2110215    
        5190 ,       20307 ,  0.0000000E+00 ,  0.1929941    
        5191 ,       20307 ,  0.0000000E+00 ,  0.1800976    
        5192 ,       20307 ,  0.0000000E+00 ,  0.1882639    
        5193 ,       20307 ,  0.0000000E+00 ,  7.5881526E-02
        5218 ,        7097 ,  0.0000000E+00 ,  1.7290488E-03
        5219 ,        7097 ,  0.0000000E+00 ,  2.5851822E-02
        5220 ,        7097 ,  0.0000000E+00 ,  2.3056318E-03
        5221 ,        7069 ,  0.0000000E+00 ,  0.1098745    
        5222 ,        7069 ,  0.0000000E+00 ,  0.1412652    
        5223 ,        7069 ,  0.0000000E+00 ,  9.0282848E-03
        5230 ,        7117 ,  0.2893179     ,  0.0000000E+00
        5231 ,        7117 ,  0.1194926     ,   1.000000    
        5234 ,        7030 ,  0.5175803     ,  3.8590934E-02
        5235 ,        7030 ,  0.1130985     ,   1.363262    
        5236 ,        7034 ,  0.2801219     ,  0.5703226    
        5237 ,        7034 ,  0.0000000E+00 ,  0.1698246    
        5238 ,        7034 ,  0.3495240     ,  0.2323167    
        5523 ,       20334 ,  4.3711087E-04 ,  5.0969969E-02
        5524 ,       20334 ,  0.0000000E+00 ,  9.9116981E-02
        5525 ,       20334 ,  0.0000000E+00 ,  8.5069031E-02
        5526 ,       20334 ,  0.5123892     ,  0.4330818    
        5530 ,       20153 ,  0.0000000E+00 ,  0.6242743    
        5531 ,       20159 ,  0.0000000E+00 ,  3.3157803E-02
        5536 ,       20085 ,   1.000000     ,  0.5103971    
        5537 ,       20306 ,   1.000000     ,   1.729391    
        5539 ,       20253 ,   1.000000     ,  0.0000000E+00
        5540 ,       20495 ,   1.000000     ,  0.0000000E+00
        5542 ,       20266 ,  0.0000000E+00 ,  0.1825007    
        5546 ,       20307 ,  0.0000000E+00 ,  0.1727302    
        5547 ,       20453 ,   1.000000     ,  0.2583045    
        5548 ,       20453 ,  0.0000000E+00 ,  0.5055427    
        5549 ,       20515 ,  0.0000000E+00 ,  9.5429964E-02
        5550 ,       20515 ,  0.0000000E+00 ,  1.1477006E-02
        5570 ,        7097 ,  0.0000000E+00 ,  3.9994933E-02
        5571 ,        7097 ,  0.0000000E+00 ,  3.1172365E-02
        5572 ,        7097 ,  7.5295009E-02 ,  2.7684225E-02
        5573 ,        7097 ,  7.5204827E-02 ,  9.7123958E-02
        5574 ,        7097 ,  0.0000000E+00 ,  3.9279956E-02
        5582 ,        7008 ,  0.2703798     ,  0.6552486    
        5587 ,        7030 ,  0.2805880     ,  0.3931831    
        5588 ,        7030 ,  2.4805471E-02 ,  0.0000000E+00
        5591 ,        7034 ,  0.0000000E+00 ,  0.1743003    
        5872 ,       20414 ,  0.0000000E+00 ,  1.8703073E-02
        5873 ,       20414 ,  0.0000000E+00 ,  0.1274623    
        5875 ,       20467 ,  0.0000000E+00 ,  0.1001874    
        5876 ,       20334 ,  0.1849557     ,  6.4728558E-02
        5877 ,       20334 ,  0.2998656     ,  0.1306792    
        5879 ,       20364 ,  0.0000000E+00 ,  0.1795555    
        5880 ,       20364 ,  0.0000000E+00 ,  0.1641082    
        5882 ,       20526 ,   1.000000     ,   1.321040    
        5883 ,       20153 ,   1.000000     ,  0.7274588    
        5884 ,       20159 ,  0.0000000E+00 ,  9.2380121E-02
        5885 ,       20159 ,  0.0000000E+00 ,  0.1059417    
        5886 ,       20113 ,  0.3040509     ,  0.0000000E+00
        5887 ,       20366 ,   1.000000     ,   1.354407    
        5889 ,       20085 ,  0.0000000E+00 ,  0.6945744    
        5890 ,       20279 ,   1.000000     ,  0.7959238    
        5891 ,       20236 ,   1.000000     ,  0.6145560    
        5892 ,       20424 ,  0.0000000E+00 ,  0.1234976    
        5893 ,       20148 ,   1.000000     ,  0.0000000E+00
        5900 ,       20307 ,   1.000000     ,  2.4919799E-02
        5903 ,       20515 ,  0.0000000E+00 ,  0.1071794    
        5922 ,        7097 ,  5.7720214E-02 ,  4.8331250E-02
        5923 ,        7097 ,  2.0468665E-02 ,  6.9073431E-02
        5924 ,        7097 ,  0.0000000E+00 ,  7.2935760E-02
        5925 ,        7097 ,  0.0000000E+00 ,  9.1629080E-02
        5934 ,        7020 ,  0.0000000E+00 ,  1.0760315E-02
        5935 ,        7008 ,  0.7296202     ,  0.9339244    
        5939 ,        7020 ,  0.0000000E+00 ,  8.5529566E-02
        5940 ,        7030 ,  6.1437745E-02 ,  0.2045436    
        5941 ,        7030 ,  2.4899696E-03 ,  0.0000000E+00
        5944 ,        7034 ,  0.0000000E+00 ,  0.2145345    
        6225 ,       20482 ,  0.0000000E+00 ,  0.1427487    
        6226 ,       20414 ,  0.0000000E+00 ,  0.5021463    
        6227 ,       20467 ,  0.0000000E+00 ,  3.8528357E-02
        6228 ,       20467 ,  0.0000000E+00 ,  0.2344876    
        6229 ,       20467 ,  0.0000000E+00 ,  0.1470199    
        6230 ,       20334 ,  0.0000000E+00 ,  5.1798657E-02
        6231 ,       20334 ,  0.0000000E+00 ,  8.9630619E-02
        6233 ,       20364 ,  0.5235313     ,  0.1373847    
        6234 ,       20497 ,   1.000000     ,  8.4532842E-02
        6235 ,       20433 ,   1.000000     ,  0.2423607    
        6236 ,       20202 ,  0.3991367     ,  0.4376964    
        6237 ,       20159 ,  0.0000000E+00 ,  0.2077566    
        6238 ,       20159 ,  0.0000000E+00 ,  0.3412723    
        6239 ,       20344 ,   1.000000     ,   1.611221    
        6240 ,       20291 ,  0.2781546     ,  0.6095878    
        6241 ,       20391 ,  0.4678922     ,  0.0000000E+00
        6242 ,       20391 ,  0.5321078     ,  0.8289170    
        6243 ,       20347 ,   1.000000     ,   1.966840    
        6244 ,       20424 ,  0.8072110     ,   1.051769    
        6245 ,       20512 ,   1.000000     ,   1.827697    
        6246 ,       20211 ,   1.000000     ,  0.0000000E+00
        6250 ,       20125 ,  0.0000000E+00 ,  5.4346349E-02
        6251 ,       20008 ,  0.0000000E+00 ,  0.5477999    
        6256 ,       20515 ,  0.1037831     ,  5.0082020E-02
        6257 ,       20515 ,  0.0000000E+00 ,  0.1257275    
        6258 ,       20079 ,  0.0000000E+00 ,  2.5252268E-02
        6274 ,        7097 ,  0.1077297     ,  6.9242446E-03
        6275 ,        7097 ,  7.7161677E-02 ,  7.2895631E-02
        6276 ,        7097 ,  0.1410102     ,  0.1256156    
        6277 ,        7097 ,  0.0000000E+00 ,  4.0993009E-02
        6280 ,        7107 ,  0.0000000E+00 ,  7.0946272E-03
        6281 ,        7107 ,  0.0000000E+00 ,  3.4656733E-02
        6282 ,        7107 ,  0.0000000E+00 ,  2.1659361E-02
        6285 ,        7107 ,  8.3478399E-02 ,  8.0082417E-03
        6286 ,        7020 ,  0.0000000E+00 ,  3.5966605E-02
        6287 ,        7020 ,  0.0000000E+00 ,  0.1329949    
        6291 ,        7020 ,  0.0000000E+00 ,  5.9510931E-02
        6292 ,        7020 ,  0.0000000E+00 ,  1.5186420E-02
        6296 ,        7099 ,  0.0000000E+00 ,  4.1216187E-02
        6297 ,        7099 ,  0.0000000E+00 ,  8.6497806E-02
        6298 ,        7099 ,  0.0000000E+00 ,  4.6582010E-02
        6571 ,       12023 ,  0.0000000E+00 ,  4.8998944E-02
        6573 ,       20507 ,  0.4568777     ,  0.2143465    
        6574 ,       20507 ,  0.5431223     ,   1.401075    
        6575 ,       20482 ,  0.1389641     ,  0.1215930    
        6577 ,       20482 ,  0.5208810     ,  9.1739908E-02
        6578 ,       20482 ,  3.5928089E-02 ,  0.2394896    
        6579 ,       20414 ,   1.000000     ,  0.9510273    
        6580 ,       20467 ,   1.000000     ,  0.3387862    
        6581 ,       20489 ,   1.000000     ,  0.9893532    
        6583 ,       20543 ,  0.3800407     ,  0.6019024    
        6584 ,       20543 ,  0.6199592     ,  0.5582175    
        6585 ,       20272 ,  0.8872744     ,  7.9982318E-02
        6586 ,       20364 ,  0.1439695     ,  0.7695800    
        6587 ,       20364 ,  1.4381049E-02 ,  0.1845925    
        6588 ,       20202 ,  0.0000000E+00 ,  0.5418231    
        6589 ,       20314 ,  0.0000000E+00 ,  1.2352706E-02
        6590 ,       20159 ,  0.0000000E+00 ,  8.1231929E-02
        6591 ,       20159 ,  0.6461487     ,  2.6778992E-02
        6592 ,       20291 ,  0.2233442     ,  9.2536256E-02
        6593 ,       20291 ,  0.4531404     ,  0.5147377    
        6594 ,       20362 ,  7.3716350E-02 ,  0.7344775    
        6595 ,       20533 ,   1.000000     ,  0.2692165    
        6596 ,       20095 ,  0.6456848     ,  0.1126526    
        6597 ,       20126 ,  0.0000000E+00 ,  0.1381232    
        6598 ,       20319 ,   1.000000     ,  0.3866773    
        6601 ,       20428 ,  0.4456765     ,  0.7465785    
        6602 ,       20410 ,  0.0000000E+00 ,  0.2249120    
        6603 ,       20410 ,  0.0000000E+00 ,  6.4941950E-02
        6604 ,       20008 ,  0.0000000E+00 ,  0.2500103    
        6605 ,       20008 ,  0.0000000E+00 ,  0.5567078    
        6611 ,       20079 ,  0.8194340     ,  0.6974952    
        6612 ,       20079 ,  0.1805659     ,   2.711612    
        6613 ,       20248 ,  0.4769304     ,  0.3996374    
        6614 ,       20248 ,  0.5230697     ,  0.4054141    
        6615 ,       20248 ,  0.0000000E+00 ,  0.3990704    
        6616 ,       20043 ,  0.0000000E+00 ,  2.4516938E-02
        6625 ,        7009 ,  0.1170263     ,  2.4285542E-02
        6628 ,        7097 ,  8.8401318E-02 ,  9.2007667E-02
        6629 ,        7097 ,  0.3570083     ,  5.1689714E-02
        6630 ,        7097 ,  0.0000000E+00 ,  2.5355054E-02
        6631 ,        7107 ,  0.0000000E+00 ,  1.5244273E-02
        6633 ,        7107 ,  0.0000000E+00 ,  2.7864952E-02
        6634 ,        7107 ,  0.0000000E+00 ,  5.7201233E-02
        6635 ,        7107 ,  0.0000000E+00 ,  3.9428610E-02
        6636 ,        7107 ,  3.7028085E-02 ,  3.4952439E-02
        6637 ,        7107 ,  0.0000000E+00 ,  3.2635271E-03
        6638 ,        7107 ,  3.8317796E-02 ,  0.1258309    
        6639 ,        7020 ,  4.6181045E-03 ,  0.1301997    
        6640 ,        7020 ,  0.4380648     ,  0.1083250    
        6642 ,        7020 ,  0.0000000E+00 ,  3.4568403E-02
        6643 ,        7020 ,  0.0000000E+00 ,  5.1029060E-02
        6647 ,        7104 ,  0.0000000E+00 ,  3.6749502E-03
        6648 ,        7019 ,  0.0000000E+00 ,  7.6048777E-02
        6649 ,        7099 ,  0.0000000E+00 ,  0.1286148    
        6650 ,        7099 ,  0.0000000E+00 ,  5.5964500E-02
        6651 ,        7099 ,  2.1949379E-02 ,  5.5711400E-02
        6652 ,        7099 ,  8.1530318E-02 ,  1.1315711E-02
        6924 ,       12023 ,  0.0000000E+00 ,  1.6153809E-02
        6925 ,       12023 ,  0.2567640     ,  0.2460532    
        6926 ,       20485 ,  0.0000000E+00 ,   3.073035    
        6927 ,       20402 ,  0.0000000E+00 ,  0.3267119    
        6928 ,       20168 ,   1.000000     ,   1.173254    
        6929 ,       20482 ,  0.0000000E+00 ,  0.1672229    
        6930 ,       20482 ,  0.2909202     ,  0.3842025    
        6931 ,       20482 ,  1.3306656E-02 ,  4.4469736E-03
        6932 ,       20225 ,  0.8066257     ,   1.353404    
        6933 ,       20367 ,  0.3036170     ,   1.903504    
        6934 ,       20467 ,  0.0000000E+00 ,  0.1556916    
        6940 ,       20477 ,  0.0000000E+00 ,  0.8307817    
        6941 ,       20277 ,  0.0000000E+00 ,  0.1093280    
        6942 ,       20314 ,   1.000000     ,  0.1873935    
        6945 ,       20534 ,  0.3512662     ,  0.0000000E+00
        6946 ,       20353 ,   1.000000     ,   1.985910    
        6947 ,       20384 ,   1.000000     ,  0.2240366    
        6948 ,       20538 ,  0.8685411     ,   7.603254    
        6949 ,       20538 ,  0.1314589     ,   1.317535    
        6950 ,       20146 ,   1.000000     ,   1.394732    
        6951 ,       20170 ,  3.2112468E-02 ,   2.017597    
        6952 ,       20361 ,   1.000000     ,   1.272396    
        6953 ,       20125 ,  0.0000000E+00 ,  8.1617080E-02
        6954 ,       20428 ,  0.5543236     ,  2.7550817E-02
        6956 ,       20410 ,   1.000000     ,  0.1661526    
        6957 ,       20410 ,  0.0000000E+00 ,  0.1549574    
        6958 ,       20008 ,   1.000000     ,  0.5863867    
        6959 ,       20052 ,  0.0000000E+00 ,  3.3992187E-03
        6960 ,       20282 ,   1.000000     ,  0.8046442    
        6961 ,       20515 ,  0.0000000E+00 ,  5.4197632E-02
        6964 ,       20515 ,  0.5391384     ,  0.1424702    
        6965 ,       20308 ,   1.000000     ,  0.3958929    
        6966 ,       20043 ,  5.9980705E-02 ,  2.3780521E-02
        6971 ,       20141 ,  0.0000000E+00 ,  0.2805769    
        6972 ,       20143 ,  0.0000000E+00 ,  0.1448436    
        6973 ,       20143 ,  0.0000000E+00 ,  0.1108753    
        6976 ,       20327 ,  0.0000000E+00 ,  0.1710560    
        6977 ,       20327 ,  0.0000000E+00 ,  0.1027467    
        6978 ,        7009 ,  4.5529121E-04 ,  0.2842588    
        6979 ,        7009 ,  0.0000000E+00 ,  0.1967892    
        6980 ,        7009 ,  0.8825184     ,  0.4350899    
        6981 ,        7097 ,  0.0000000E+00 ,  2.5002701E-02
        6984 ,        7107 ,  0.0000000E+00 ,  2.3381384E-02
        6985 ,        7107 ,  0.0000000E+00 ,  6.6158511E-02
        6986 ,        7107 ,  0.0000000E+00 ,  7.8971565E-02
        6987 ,        7108 ,  2.7097013E-02 ,  0.1342036    
        6988 ,        7107 ,  8.2819294E-03 ,  5.7245862E-02
        6989 ,        7107 ,  0.1279437     ,  6.5986998E-02
        6990 ,        7107 ,  0.1898587     ,  0.1176517    
        6991 ,        7107 ,  0.1145189     ,  7.7126310E-03
        6993 ,        7020 ,  0.0000000E+00 ,  9.4990462E-02
        6994 ,        7020 ,  0.5573171     ,  8.6234115E-02
        6995 ,        7020 ,  0.0000000E+00 ,  8.8739991E-02
        6996 ,        7020 ,  0.0000000E+00 ,  2.1984080E-02
        6999 ,        7104 ,  0.0000000E+00 ,  1.2006100E-02
        7000 ,        7104 ,  0.0000000E+00 ,  0.7699325    
        7001 ,        7019 ,  0.0000000E+00 ,  4.3406513E-02
        7002 ,        7099 ,  0.5437957     ,  8.6478785E-02
        7003 ,        7099 ,  0.0000000E+00 ,  5.6234105E-03
        7004 ,        7099 ,  0.1889058     ,  2.3862597E-02
        7005 ,        7099 ,  8.0517344E-02 ,  0.1019872    
        7006 ,        7099 ,  0.0000000E+00 ,  5.8542561E-02
        7007 ,        7099 ,  0.0000000E+00 ,  5.4442622E-02
        7008 ,        7099 ,  0.0000000E+00 ,  7.3577422E-03
        7278 ,       12023 ,  0.0000000E+00 ,  0.1083213    
        7279 ,       12023 ,  0.7432360     ,  0.2165578    
        7280 ,       20474 ,  0.2545859     ,   2.216352    
        7281 ,       20474 ,  0.7454141     ,  0.3729189    
        7282 ,       20345 ,  0.0000000E+00 ,  7.4276425E-02
        7283 ,       20312 ,  0.0000000E+00 ,  0.9497994    
        7284 ,       20312 ,   1.000000     ,   1.626900    
        7285 ,       20188 ,  0.5517738     ,  0.8178997    
        7286 ,       20225 ,  0.0000000E+00 ,  0.1659327    
        7287 ,       20467 ,  0.0000000E+00 ,  0.1176776    
        7288 ,       20466 ,  0.0000000E+00 ,  0.4202428    
        7293 ,       20477 ,   1.000000     ,  0.9255939    
        7295 ,       20277 ,  0.0000000E+00 ,  0.1542897    
        7296 ,       20277 ,  0.0000000E+00 ,  9.6418746E-02
        7298 ,       20563 ,  0.7201589     ,   1.217257    
        7299 ,       20563 ,  0.2798411     ,   2.596320    
        7300 ,       20059 ,  0.0000000E+00 ,  0.1403010    
        7302 ,       20235 ,  0.9770210     ,  0.9320589    
        7303 ,       20170 ,  0.0000000E+00 ,  0.1091864    
        7304 ,       20170 ,  0.9678876     ,   1.104180    
        7305 ,       20316 ,   1.000000     ,  0.8660479    
        7306 ,       20125 ,  0.0000000E+00 ,  5.7522740E-02
        7308 ,       20122 ,   1.000000     ,  0.2789644    
        7309 ,       20122 ,  0.0000000E+00 ,  0.1184071    
        7310 ,       20410 ,  0.0000000E+00 ,  0.3806462    
        7311 ,       20410 ,  0.0000000E+00 ,  0.2010798    
        7312 ,       20052 ,  0.4685420     ,  0.3854896    
        7313 ,       20052 ,  0.5307769     ,  0.1422028    
        7314 ,       20418 ,  0.0000000E+00 ,  9.8461464E-02
        7315 ,       20515 ,  0.0000000E+00 ,  0.1730939    
        7316 ,       20515 ,  5.6406652E-04 ,  8.6239688E-02
        7317 ,       20515 ,  0.3565145     ,  0.2376475    
        7318 ,       20124 ,  0.0000000E+00 ,  0.2652009    
        7319 ,       20441 ,  0.8370672     ,   1.676786    
        7320 ,       20441 ,  0.1150237     ,  3.0550215E-02
        7322 ,       20130 ,  0.1948521     ,  0.0000000E+00
        7323 ,       20130 ,  0.8051478     ,  0.5671824    
        7324 ,       20141 ,  0.0000000E+00 ,  5.5318363E-03
        7325 ,       20141 ,  0.8579581     ,  0.9687493    
        7326 ,       20143 ,   1.000000     ,  0.7264829    
        7329 ,       20327 ,  0.1004808     ,   1.129887    
        7330 ,       20327 ,  0.0000000E+00 ,  9.6496552E-02
        7333 ,        7009 ,  0.0000000E+00 ,  0.2003652    
        7340 ,        7108 ,  0.3245362     ,  9.7365350E-02
        7341 ,        7108 ,  4.2663623E-02 ,  1.0798929E-02
        7343 ,        7107 ,  0.0000000E+00 ,  1.6326522E-02
        7344 ,        7107 ,  0.0000000E+00 ,  5.1856562E-02
        7350 ,        7083 ,  0.0000000E+00 ,  0.1387728    
        7351 ,        7083 ,  0.5288194     ,  0.5855712    
        7352 ,        7104 ,  0.2269572     ,  0.3496516    
        7353 ,        7104 ,  0.7730427     ,  0.2062047    
        7354 ,        7019 ,  0.2783604     ,  0.4544040    
        7355 ,        7099 ,  6.5074670E-03 ,  4.9094252E-02
        7356 ,        7041 ,  0.2212391     ,  0.4775804    
        7357 ,        7099 ,  7.6793969E-02 ,  0.4275094    
        7358 ,        7099 ,  0.0000000E+00 ,  3.8956072E-02
        7359 ,        7099 ,  0.0000000E+00 ,  3.7630403E-03
        7361 ,        7052 ,  0.0000000E+00 ,  0.1337292    
        7362 ,        7052 ,  0.0000000E+00 ,  0.2104043    
        7363 ,        7052 ,  0.0000000E+00 ,  0.1256698    
        7364 ,        7115 ,   1.000000     ,  0.5710462    
        7625 ,       12018 ,  0.7612608     ,  0.1143087    
        7626 ,       12018 ,  2.6055694E-02 ,  0.3540217    
        7627 ,       12077 ,   1.000000     ,  0.6014059    
        7628 ,       12080 ,  0.0000000E+00 ,  0.2204639    
        7631 ,       12023 ,  0.0000000E+00 ,  0.1404526    
        7632 ,       12023 ,  0.0000000E+00 ,  0.2389408    
        7633 ,       20180 ,  0.2132795     ,  0.1612583    
        7634 ,       20056 ,   1.000000     ,   1.375404    
        7635 ,       20345 ,   1.000000     ,  0.7767819    
        7636 ,       20111 ,   1.000000     ,  0.0000000E+00
        7641 ,       20466 ,   1.000000     ,  0.7677115    
        7643 ,       20386 ,   1.000000     ,  0.5164126    
        7644 ,       20158 ,   1.000000     ,   1.244107    
        7645 ,       20516 ,  0.0000000E+00 ,  0.6344408    
        7647 ,       20229 ,  0.0000000E+00 ,  0.6472604    
        7648 ,       20429 ,  0.0000000E+00 ,  0.3626914    
        7649 ,       20277 ,  0.9990134     ,   1.894409    
        7651 ,       20080 ,   1.000000     ,   1.457890    
        7652 ,       20028 ,  6.6099055E-02 ,   2.715522    
        7653 ,       20015 ,  0.7435029     ,  0.4794466    
        7659 ,       20125 ,  0.9920918     ,  0.2314963    
        7660 ,       20125 ,  7.9082521E-03 ,  0.1198858    
        7661 ,       20204 ,  0.0000000E+00 ,  9.9500120E-03
        7662 ,       20204 ,  0.9614238     ,   1.071215    
        7663 ,       20122 ,  0.0000000E+00 ,  0.1170776    
        7666 ,       20052 ,  6.8117777E-04 ,  0.2316122    
        7667 ,       20418 ,  0.9761763     ,  0.2065655    
        7668 ,       20418 ,  2.3823574E-02 ,  0.1680501    
        7670 ,       20515 ,  0.0000000E+00 ,  3.2162469E-02
        7671 ,       20124 ,  0.0000000E+00 ,  0.3225698    
        7672 ,       20441 ,  4.7909115E-02 ,  0.3068685    
        7673 ,       20043 ,  0.1052666     ,  0.1386593    
        7674 ,       20557 ,  0.0000000E+00 ,  0.5065417    
        7675 ,       20557 ,  7.1473874E-02 ,  0.3135108    
        7676 ,       20130 ,  0.0000000E+00 ,  0.6632696    
        7679 ,       20075 ,   1.000000     ,  0.3056162    
        7681 ,       20525 ,  0.0000000E+00 ,  4.1312475E-02
        7682 ,       20327 ,  0.8995192     ,  0.2713145    
        7683 ,       20327 ,  0.0000000E+00 ,  0.2439315    
        7684 ,        7017 ,  0.0000000E+00 ,  2.1958414E-02
        7686 ,        7046 ,  0.2774713     ,  0.1561985    
        7687 ,        7046 ,  0.0000000E+00 ,  0.1013560    
        7688 ,        7046 ,  0.0000000E+00 ,  4.0128816E-02
        7689 ,        7046 ,  0.0000000E+00 ,  0.1031809    
        7690 ,        7108 ,  0.0000000E+00 ,  0.1142569    
        7691 ,        7108 ,  3.4507506E-02 ,  7.1222603E-02
        7692 ,        7108 ,  2.2901751E-02 ,  9.1555804E-02
        7693 ,        7108 ,  0.0000000E+00 ,  8.6230658E-02
        7694 ,        7108 ,  6.2334254E-02 ,  2.8958503E-02
        7695 ,        7108 ,  3.7729789E-02 ,  0.0000000E+00
        7696 ,        7107 ,  7.2732776E-02 ,  7.3874220E-03
        7697 ,        7107 ,  2.6917271E-02 ,  7.2674565E-02
        7700 ,        7106 ,  0.1337818     ,  2.7342562E-02
        7701 ,        7106 ,  0.0000000E+00 ,  3.0520113E-02
        7702 ,        7106 ,  0.1362818     ,  0.1207657    
        7703 ,        7106 ,  0.3344996     ,  0.2054517    
        7704 ,        7083 ,  0.4708683     ,  0.4077830    
        7705 ,        7075 ,  0.0000000E+00 ,  0.3271130    
        7706 ,        7019 ,  3.0049210E-02 ,  0.1108972    
        7707 ,        7019 ,  0.6915903     ,  0.2145202    
        7708 ,        7052 ,  3.3907869E-03 ,  0.3569003    
        7709 ,        7052 ,  4.3459218E-02 ,  0.1252317    
        7710 ,        7041 ,  0.0000000E+00 ,  0.1047896    
        7711 ,        7041 ,  0.0000000E+00 ,  7.0485286E-02
        7717 ,        7115 ,  0.0000000E+00 ,  0.1695670    
        7970 ,       12001 ,  0.0000000E+00 ,  1.2607804E-02
        7971 ,       12001 ,  0.0000000E+00 ,  9.3309963E-03
        7977 ,       12025 ,  0.0000000E+00 ,  0.3578641    
        7978 ,       12018 ,  0.2113896     ,  0.2909274    
        7979 ,       12018 ,  1.6309763E-04 ,  0.0000000E+00
        7980 ,       12077 ,  0.0000000E+00 ,  0.5405139    
        7981 ,       12052 ,  0.0000000E+00 ,  0.1343724    
        7982 ,       12080 ,   1.000000     ,  0.6939495    
        7983 ,       12080 ,  0.0000000E+00 ,  0.4031411    
        7984 ,       12046 ,  0.0000000E+00 ,  0.3218052    
        7985 ,       12046 ,  2.1257021E-02 ,  0.0000000E+00
        7986 ,       12046 ,  8.4702857E-02 ,  0.1815951    
        7988 ,       20185 ,   1.000000     ,  0.5772656    
        7989 ,       20415 ,  0.2629388     ,  0.8459516    
        7990 ,       20415 ,  0.7370612     ,  0.0000000E+00
        7992 ,       20076 ,   1.000000     ,   1.000000    
        7996 ,       20450 ,  0.9545453     ,  0.0000000E+00
        7998 ,       20516 ,  0.0000000E+00 ,  0.1349741    
        7999 ,       20516 ,   1.000000     ,   1.230232    
        8000 ,       20229 ,  2.0026404E-03 ,  0.3280659    
        8001 ,       20429 ,  0.0000000E+00 ,  0.6573281    
        8002 ,       20429 ,   1.000000     ,   1.701369    
        8003 ,       20241 ,  0.4057356     ,   1.718083    
        8004 ,       20241 ,  0.5942644     ,   2.345802    
        8005 ,       20542 ,   1.000000     ,   6.464097    
        8006 ,       20015 ,  0.2564972     ,  0.4254226    
        8007 ,       20203 ,   1.000000     ,  0.0000000E+00
        8009 ,       20449 ,  0.7982525     ,  0.3392625    
        8010 ,       20449 ,  0.2017476     ,  0.5368938    
        8013 ,       20064 ,  0.0000000E+00 ,  0.4463432    
        8014 ,       20064 ,  3.4834978E-03 ,  0.4036627    
        8015 ,       20204 ,  3.8576193E-02 ,  0.2742721    
        8018 ,       20440 ,  0.0000000E+00 ,   1.051396    
        8019 ,       20440 ,  0.0000000E+00 ,   2.505443    
        8020 ,       20418 ,  0.0000000E+00 ,  0.1833514    
        8021 ,       20418 ,  0.0000000E+00 ,  3.1399034E-02
        8023 ,       20053 ,   1.000000     ,   1.124806    
        8024 ,       20305 ,   1.000000     ,  0.2162949    
        8025 ,       20030 ,  0.8572460     ,  0.2745029    
        8026 ,       20043 ,  4.1616116E-02 ,  0.1525328    
        8027 ,       20557 ,  5.3081915E-02 ,  5.6062762E-02
        8028 ,       20557 ,  0.8754443     ,  0.7821431    
        8029 ,       20066 ,  0.0000000E+00 ,  6.2709369E-02
        8030 ,       20066 ,  0.0000000E+00 ,  0.1079878    
        8031 ,       20066 ,  0.0000000E+00 ,  0.1354673    
        8032 ,       20525 ,  0.0000000E+00 ,  0.4382495    
        8033 ,       20525 ,   1.000000     ,  0.2643471    
        8034 ,       20525 ,  0.0000000E+00 ,  0.2574741    
        8036 ,       20525 ,  0.0000000E+00 ,  0.5350055    
        8037 ,        7017 ,  0.0000000E+00 ,  0.1514521    
        8038 ,        7017 ,  0.0000000E+00 ,  4.5500822E-02
        8039 ,        7017 ,  0.0000000E+00 ,  4.8460193E-02
        8040 ,        7046 ,  0.0000000E+00 ,  0.1078901    
        8041 ,        7046 ,  0.0000000E+00 ,  7.4517138E-02
        8043 ,        7108 ,  0.0000000E+00 ,  2.2204557E-02
        8044 ,        7108 ,  0.1670746     ,  0.1134445    
        8045 ,        7108 ,  9.7918073E-03 ,  1.1523240E-02
        8046 ,        7108 ,  0.1678018     ,  6.4767696E-02
        8047 ,        7108 ,  0.0000000E+00 ,  6.7890897E-02
        8048 ,        7108 ,  3.3485368E-02 ,  3.9796658E-02
        8049 ,        7107 ,  0.1495333     ,  3.2359647E-04
        8050 ,        7107 ,  9.9518348E-04 ,  6.2495779E-02
        8052 ,        7106 ,  0.0000000E+00 ,  0.1013153    
        8053 ,        7106 ,  0.1473437     ,  0.1969596    
        8054 ,        7058 ,  0.0000000E+00 ,   1.211856    
        8055 ,        7106 ,  0.1528576     ,  0.1268560    
        8056 ,        7075 ,  0.0000000E+00 ,  7.1918175E-02
        8057 ,        7075 ,   1.000000     ,  0.5718585    
        8058 ,        7019 ,  0.0000000E+00 ,  2.6466725E-02
        8059 ,        7019 ,  0.0000000E+00 ,  7.6204963E-02
        8060 ,        7019 ,  0.0000000E+00 ,  5.6585103E-02
        8061 ,        7052 ,  0.3881659     ,  8.7481268E-02
        8062 ,        7052 ,  0.4686967     ,  6.1802570E-02
        8063 ,        7052 ,  0.0000000E+00 ,  5.1680565E-02
        8064 ,        7052 ,  0.0000000E+00 ,  6.6635208E-03
        8321 ,       12001 ,  2.6650305E-03 ,  0.0000000E+00
        8322 ,       12001 ,  4.6718393E-02 ,  4.8997294E-02
        8323 ,       12001 ,  0.0000000E+00 ,  2.0210851E-02
        8324 ,       12053 ,  0.0000000E+00 ,  0.1831194    
        8325 ,       12053 ,  0.0000000E+00 ,  9.5653467E-02
        8326 ,       12053 ,  0.0000000E+00 ,  5.6235738E-02
        8327 ,       12053 ,  0.0000000E+00 ,  7.3243253E-02
        8328 ,       12053 ,  0.2458143     ,  0.1153027    
        8329 ,       12030 ,  0.4613920     ,  0.6093778    
        8330 ,       12030 ,  0.5386080     ,  0.4715675    
        8331 ,       12025 ,   1.000000     ,  0.3490854    
        8334 ,       12077 ,  0.0000000E+00 ,  0.6301390    
        8335 ,       12013 ,  0.0000000E+00 ,  8.9124613E-02
        8336 ,       12013 ,  0.9856339     ,  0.2661581    
        8337 ,       12036 ,   1.000000     ,  0.4054347    
        8338 ,       12046 ,  0.7653508     ,  0.1824477    
        8339 ,       12062 ,  3.3930533E-02 ,  0.2687593    
        8340 ,       12062 ,  1.9922378E-02 ,  4.0820099E-02
        8341 ,       12071 ,  8.0592722E-02 ,  4.0319957E-02
        8342 ,       20300 ,  0.0000000E+00 ,  0.2582597    
        8343 ,       20300 ,  0.0000000E+00 ,  0.6037651    
        8347 ,       20377 ,  0.0000000E+00 ,  0.2478194    
        8348 ,       20377 ,  0.0000000E+00 ,  1.9644136E-02
        8349 ,       20566 ,  0.2323250     ,  0.0000000E+00
        8350 ,       20491 ,  0.0000000E+00 ,  0.1361580    
        8351 ,       20448 ,   1.000000     ,  0.4981428    
        8352 ,       20491 ,   1.000000     ,  0.6388985    
        8353 ,       20570 ,  0.0000000E+00 ,  0.1215885    
        8354 ,       20535 ,  0.2512206     ,  0.3411183    
        8355 ,       20535 ,  0.7487794     ,   1.056077    
        8356 ,       20398 ,  1.8738613E-02 ,  0.2899590    
        8357 ,       20398 ,  0.9812614     ,  0.6126408    
        8358 ,       20238 ,   1.000000     ,   4.637095    
        8359 ,       20072 ,  0.3492448     ,  0.0000000E+00
        8360 ,       20328 ,   1.000000     ,   2.741121    
        8363 ,       20333 ,   1.000000     ,  0.3170608    
        8364 ,       20333 ,  0.0000000E+00 ,  0.1826462    
        8365 ,       20333 ,  0.0000000E+00 ,  0.1826129    
        8366 ,       20064 ,  0.0000000E+00 ,  0.3841859    
        8367 ,       20325 ,  0.5719379     ,  0.3154716    
        8368 ,       20357 ,   1.000000     ,  0.3335307    
        8371 ,       20440 ,   1.000000     ,  0.5046874    
        8372 ,       20470 ,  0.0000000E+00 ,  0.1375017    
        8373 ,       20470 ,  0.0000000E+00 ,  0.2484581    
        8375 ,       20472 ,  0.0000000E+00 ,  8.7228239E-02
        8376 ,       20508 ,  8.3399229E-02 ,  0.7135919    
        8377 ,       20508 ,  0.9166008     ,  0.4882537    
        8378 ,       20014 ,  6.5207489E-02 ,  1.1629387E-02
        8379 ,       20043 ,  2.8177470E-02 ,  0.1934998    
        8380 ,       20043 ,  0.0000000E+00 ,  0.1588118    
        8381 ,       20505 ,   1.000000     ,  0.3656590    
        8382 ,       20505 ,  0.0000000E+00 ,  0.6009679    
        8383 ,       20066 ,   1.000000     ,  0.3276748    
        8384 ,       20066 ,  0.0000000E+00 ,  0.1294910    
        8388 ,       20265 ,  0.0000000E+00 ,  0.1769996    
        8389 ,       20265 ,  0.0000000E+00 ,  1.7744910E-02
        8391 ,        7017 ,  0.0000000E+00 ,  7.0042036E-02
        8392 ,        7017 ,  0.0000000E+00 ,  0.1789814    
        8393 ,        7046 ,  0.0000000E+00 ,  2.2805918E-02
        8394 ,        7046 ,  0.0000000E+00 ,  0.1134259    
        8395 ,        7046 ,  0.0000000E+00 ,  8.6060923E-04
        8396 ,        7046 ,  0.0000000E+00 ,  4.6321064E-02
        8397 ,        7108 ,  1.0157050E-02 ,  0.1124297    
        8401 ,        7108 ,  5.9919234E-02 ,  0.3987584    
        8403 ,        7027 ,  0.0000000E+00 ,  0.1343969    
        8404 ,        7002 ,  0.0000000E+00 ,  0.2253250    
        8405 ,        7002 ,  0.0000000E+00 ,  3.5019495E-02
        8406 ,        7106 ,  0.0000000E+00 ,  0.1138856    
        8407 ,        7106 ,  1.4605751E-04 ,  0.7672721    
        8409 ,        7106 ,  9.5089376E-02 ,  0.1187030    
        8410 ,        7075 ,  0.0000000E+00 ,  2.4518622E-02
        8411 ,        7019 ,  0.0000000E+00 ,  9.0857416E-02
        8413 ,        7052 ,  0.0000000E+00 ,  1.2311662E-02
        8414 ,        7052 ,  3.0279579E-03 ,  0.1082233    
        8416 ,        7052 ,  0.0000000E+00 ,  2.5920279E-02
        8429 ,        7116 ,   1.000000     ,  0.0000000E+00
        8673 ,       12001 ,  9.9846885E-02 ,  1.7950529E-02
        8674 ,       12001 ,  0.2612843     ,  6.6222414E-02
        8675 ,       12001 ,  4.1293230E-02 ,  9.8839648E-02
        8676 ,       12001 ,  4.8439899E-03 ,  3.2836534E-02
        8678 ,       12053 ,  0.0000000E+00 ,  8.8773193E-03
        8679 ,       12053 ,  0.5552076     ,  0.1054831    
        8680 ,       12053 ,  5.1011551E-02 ,  5.7728697E-02
        8681 ,       12053 ,  0.0000000E+00 ,  1.6572867E-02
        8682 ,       12030 ,  0.0000000E+00 ,  0.1595342    
        8683 ,       12030 ,  0.0000000E+00 ,  0.3475425    
        8684 ,       12025 ,  0.0000000E+00 ,  0.2027690    
        8685 ,       12052 ,  0.0000000E+00 ,  4.7158584E-02
        8687 ,       12052 ,  0.4724557     ,  0.3281343    
        8688 ,       12052 ,  0.2851933     ,  4.2137694E-02
        8689 ,       12013 ,  0.0000000E+00 ,  2.3354271E-02
        8692 ,       12062 ,  0.8977162     ,  0.3352196    
        8693 ,       12071 ,  0.6047884     ,  0.6665559    
        8694 ,       12071 ,  0.3146188     ,  0.4484981    
        8695 ,       20447 ,  0.0000000E+00 ,  0.1272681    
        8696 ,       20447 ,   1.000000     ,  0.3059824    
        8697 ,       20447 ,  0.0000000E+00 ,  0.2136184    
        8698 ,       20073 ,  0.0000000E+00 ,  2.2792690E-02
        8700 ,       20377 ,  0.0000000E+00 ,  0.3046069    
        8702 ,       20566 ,  0.7676750     ,  1.2717147E-03
        8705 ,       20491 ,  0.0000000E+00 ,  0.2302240    
        8706 ,       20570 ,  0.0000000E+00 ,  0.1857663    
        8707 ,       20420 ,  0.4223831     ,  0.5040544    
        8708 ,       20420 ,  0.5776169     ,  0.0000000E+00
        8709 ,       20378 ,  0.7264270     ,   1.418523    
        8710 ,       20570 ,  4.4547315E-03 ,   1.842519    
        8711 ,       20393 ,  0.4460753     ,   2.682749    
        8712 ,       20393 ,  0.5539247     ,   4.439627    
        8713 ,       20284 ,  0.8011780     ,   1.260536    
        8714 ,       20561 ,   1.000000     ,   1.149303    
        8715 ,       20131 ,  0.0000000E+00 ,  0.1076588    
        8716 ,       20333 ,  0.0000000E+00 ,  0.1969252    
        8717 ,       20551 ,  0.0000000E+00 ,  0.5170262    
        8718 ,       20333 ,  0.0000000E+00 ,  3.1018313E-02
        8725 ,       20470 ,   1.000000     ,  0.3798930    
        8727 ,       20412 ,  3.7149906E-03 ,  0.3311869    
        8728 ,       20472 ,  0.0000000E+00 ,  0.5290438    
        8732 ,       20005 ,  0.0000000E+00 ,  0.1462799    
        8733 ,       20005 ,  0.0000000E+00 ,  3.5527851E-02
        8734 ,       20265 ,  0.0000000E+00 ,  0.2170913    
        8741 ,       20265 ,  0.0000000E+00 ,  0.1843518    
        8745 ,        7017 ,  0.0000000E+00 ,  1.6570818E-02
        8746 ,        7017 ,  0.1078810     ,  0.1555853    
        8748 ,        7046 ,  0.0000000E+00 ,  4.4574171E-02
        8749 ,        7046 ,  0.0000000E+00 ,  3.3915568E-02
        8750 ,        7061 ,  0.0000000E+00 ,  7.9580233E-02
        8754 ,        7086 ,  0.1109971     ,  0.2326573    
        8755 ,        7086 ,  0.0000000E+00 ,  0.6407488    
        8756 ,        7002 ,  0.1419715     ,  0.1458441    
        8757 ,        7002 ,  0.3883254     ,  0.2602898    
        8758 ,        7028 ,  5.8311835E-02 ,   1.662216    
        8759 ,        7098 ,   1.000000     ,  0.1750974    
        8761 ,        7094 ,  0.5378575     ,  0.3744819    
        8762 ,        7094 ,  0.4621426     ,  0.7602838    
        8763 ,        7007 ,  0.0000000E+00 ,  0.4945042    
        8764 ,        7019 ,  0.0000000E+00 ,  2.3086216E-02
        8766 ,        7052 ,  0.0000000E+00 ,  0.1045718    
        8767 ,        7052 ,  9.3259484E-02 ,  8.7932749E-03
        9024 ,       12021 ,  0.0000000E+00 ,  5.0574027E-02
        9025 ,       12021 ,  5.5212542E-02 ,  3.1604331E-02
        9026 ,       12021 ,  6.4244848E-03 ,  9.7334377E-02
        9027 ,       12001 ,  0.3388168     ,  7.8645498E-02
        9028 ,       12001 ,  4.2882629E-04 ,  8.3022863E-02
        9032 ,       12053 ,  0.0000000E+00 ,  0.1105496    
        9036 ,       12012 ,  0.0000000E+00 ,  0.1485946    
        9037 ,       12012 ,  0.0000000E+00 ,  6.2327400E-02
        9040 ,       12052 ,  0.0000000E+00 ,  0.3044445    
        9045 ,       12062 ,  0.0000000E+00 ,  0.3293947    
        9049 ,       20037 ,  9.4588347E-02 ,  0.2342332    
        9050 ,       20073 ,  0.0000000E+00 ,  0.1658226    
        9051 ,       20392 ,  0.0000000E+00 ,   1.597108    
        9053 ,       20377 ,   1.000000     ,  0.3706580    
        9054 ,       20500 ,  0.9941577     ,   2.163131    
        9055 ,       20500 ,  5.8422582E-03 ,   8.673010    
        9057 ,       20137 ,  0.1001547     ,   1.908865    
        9058 ,       20566 ,  0.0000000E+00 ,   1.831819    
        9059 ,       20570 ,  0.0000000E+00 ,  0.3824243    
        9060 ,       20104 ,  0.9247280     ,  0.1643092    
        9061 ,       20104 ,  7.5271867E-02 ,  0.0000000E+00
        9062 ,       20378 ,  0.1663056     ,   1.158073    
        9063 ,       20570 ,  0.8127195     ,  0.4448052    
        9064 ,       20452 ,   1.000000     ,   4.380037    
        9065 ,       20530 ,   1.000000     ,  0.6713954    
        9066 ,       20284 ,  0.1988220     ,  0.0000000E+00
        9067 ,       20475 ,  0.4750009     ,  0.3745033    
        9068 ,       20475 ,  8.6151183E-02 ,  0.8345147    
        9069 ,       20131 ,  0.3978898     ,  0.2579896    
        9070 ,       20226 ,  0.0000000E+00 ,  7.5417928E-02
        9072 ,       20325 ,  0.4280621     ,  0.0000000E+00
        9078 ,       20470 ,  0.0000000E+00 ,  0.2392280    
        9079 ,       20470 ,  0.0000000E+00 ,  0.2985386    
        9080 ,       20412 ,  0.9962850     ,   1.168259    
        9083 ,       20427 ,  6.7676982E-04 ,  0.3083088    
        9084 ,       20010 ,  8.1800155E-02 ,  0.3745969    
        9085 ,       20005 ,  0.0000000E+00 ,  3.4176353E-02
        9086 ,       20005 ,  0.0000000E+00 ,  0.1223893    
        9087 ,       20265 ,   1.000000     ,  4.0136322E-02
        9094 ,       20407 ,  0.0000000E+00 ,  0.2478103    
        9095 ,       20407 ,  0.0000000E+00 ,  0.3698820    
        9096 ,       20265 ,  0.0000000E+00 ,  0.1568793    
        9099 ,        7017 ,  0.3336560     ,  7.7878520E-02
        9100 ,        7046 ,  0.2411961     ,  0.1358594    
        9101 ,        7046 ,  0.4813326     ,  0.1114243    
        9102 ,        7061 ,  0.0000000E+00 ,  7.2602503E-02
        9103 ,        7061 ,  0.0000000E+00 ,  7.7737689E-02
        9104 ,        7061 ,  0.0000000E+00 ,  1.9262183E-02
        9105 ,        7061 ,  0.0000000E+00 ,  3.7678674E-02
        9106 ,        7101 ,  1.5318654E-02 ,  0.1019782    
        9107 ,        7101 ,  1.5488883E-03 ,  0.5196855    
        9108 ,        7027 ,  2.4127918E-03 ,  0.1800950    
        9109 ,        7002 ,  0.0000000E+00 ,  0.2399800    
        9110 ,        7002 ,  0.0000000E+00 ,  2.3242893E-02
        9111 ,        7110 ,  4.0886480E-02 ,  0.0000000E+00
        9112 ,        7110 ,  0.9591135     ,  0.0000000E+00
        9113 ,        7078 ,  0.0000000E+00 ,  3.1164415E-02
        9114 ,        7094 ,  0.0000000E+00 ,  0.6387968    
        9115 ,        7078 ,  0.0000000E+00 ,  7.3958352E-02
        9116 ,        7024 ,  0.0000000E+00 ,   1.379612    
        9117 ,        7024 ,  0.1013586     ,  6.3655307E-03
        9119 ,        7052 ,  0.0000000E+00 ,  0.1281396    
        9136 ,        7114 ,   1.000000     ,  0.2333161    
        9375 ,       12021 ,  0.0000000E+00 ,  3.3552751E-02
        9376 ,       12021 ,  0.0000000E+00 ,  7.2938479E-02
        9377 ,       12021 ,  0.4374172     ,  0.1669770    
        9378 ,       12021 ,  0.2027093     ,  0.1368596    
        9379 ,       12021 ,  8.6530475E-03 ,  7.9339974E-02
        9380 ,       12001 ,  0.0000000E+00 ,  4.4750787E-02
        9381 ,       12001 ,  1.1703604E-02 ,  8.7988600E-02
        9382 ,       12001 ,  0.0000000E+00 ,  8.0242775E-02
        9384 ,       12053 ,  5.5271510E-02 ,  4.9463525E-02
        9385 ,       12053 ,  9.2695154E-02 ,  0.1841654    
        9386 ,       12056 ,  0.2056459     ,  0.3449525    
        9387 ,       12056 ,  0.5487510     ,  0.3417130    
        9388 ,       12012 ,  0.0000000E+00 ,  0.1435931    
        9389 ,       12012 ,   1.000000     ,  0.2324926    
        9390 ,       12012 ,  0.0000000E+00 ,  0.2489737    
        9391 ,       12076 ,  0.0000000E+00 ,  0.3124562    
        9393 ,       12041 ,  0.0000000E+00 ,  0.1162558    
        9394 ,       12052 ,  0.2423510     ,  0.0000000E+00
        9398 ,       12062 ,  0.0000000E+00 ,  5.9594948E-02
        9399 ,       12062 ,  0.0000000E+00 ,  0.2060597    
        9402 ,       20037 ,  0.9054117     ,  5.4997418E-02
        9403 ,       20073 ,  0.0000000E+00 ,  0.2304996    
        9404 ,       20073 ,  0.0000000E+00 ,  0.1337813    
        9406 ,       20392 ,   1.000000     ,  0.4268406    
        9407 ,       20510 ,   1.000000     ,  0.4000617    
        9408 ,       20382 ,   1.000000     ,  0.6160705    
        9410 ,       20137 ,  0.8998454     ,  0.1288192    
        9411 ,       20274 ,  0.0000000E+00 ,   1.580812    
        9412 ,       20108 ,   1.000000     ,  0.4560477    
        9413 ,       20273 ,  0.4272442     ,  0.6831588    
        9414 ,       20273 ,  0.5727558     ,  0.2438890    
        9415 ,       20388 ,   1.000000     ,   1.749348    
        9416 ,       20570 ,  0.1803146     ,  0.4055303    
        9417 ,       20570 ,  2.5110890E-03 ,   1.140028    
        9418 ,       20349 ,  8.6889945E-02 ,   2.953564    
        9419 ,       20118 ,  1.3863217E-02 ,  0.2402840    
        9420 ,       20551 ,  3.1482764E-02 ,  0.3328305    
        9421 ,       20475 ,  0.4388479     ,  0.4988729    
        9422 ,       20226 ,  0.9195520     ,  0.4322874    
        9423 ,       20226 ,  8.0448046E-02 ,  0.5633132    
        9424 ,       20194 ,   1.000000     ,  0.2213645    
        9427 ,       20200 ,  0.0000000E+00 ,  3.3674728E-02
        9432 ,       20036 ,  0.0000000E+00 ,  0.5719986    
        9433 ,       20036 ,  0.0000000E+00 ,  8.8969268E-02
        9434 ,       20513 ,  0.0000000E+00 ,  0.1201004    
        9435 ,       20513 ,  0.0000000E+00 ,  0.2225005    
        9436 ,       20513 ,   1.000000     ,  0.1273024    
        9437 ,       20427 ,  0.1349079     ,  0.4398295    
        9439 ,       20407 ,  0.0000000E+00 ,  7.8606971E-02
        9440 ,       20407 ,  0.0000000E+00 ,  0.5033688    
        9441 ,       20407 ,  0.0000000E+00 ,  3.9803565E-02
        9455 ,        7061 ,  0.0000000E+00 ,  6.4810053E-02
        9456 ,        7061 ,  3.6021058E-02 ,  0.1156513    
        9457 ,        7061 ,  0.8382106     ,  0.1528861    
        9458 ,        7012 ,  0.1807857     ,  0.4021760    
        9459 ,        7101 ,  0.2995077     ,  0.3413511    
        9460 ,        7101 ,  0.5509803     ,  0.2931547    
        9461 ,        7101 ,  8.8788467E-03 ,  0.2508442    
        9462 ,        7027 ,  0.0000000E+00 ,  0.2328207    
        9463 ,        7044 ,  0.0000000E+00 ,  0.5241655    
        9464 ,        7111 ,  0.6291534     ,  0.4104094    
        9465 ,        7111 ,  3.9954089E-02 ,  0.2999630    
        9466 ,        7078 ,  0.2639314     ,  0.3220049    
        9467 ,        7078 ,  0.0000000E+00 ,  0.3025168    
        9468 ,        7038 ,   1.000000     ,  0.1126415    
        9469 ,        7038 ,  0.0000000E+00 ,  6.0138829E-02
        9470 ,        7024 ,  0.8986414     ,  0.2677011    
        9471 ,        7064 ,  0.0000000E+00 ,  4.0106629E-03
        9472 ,        7052 ,  0.0000000E+00 ,  4.6999883E-02
        9473 ,        7052 ,  0.0000000E+00 ,  9.1493860E-02
        9488 ,        7059 ,  0.0000000E+00 ,  2.5832094E-02
        9489 ,        7114 ,  0.0000000E+00 ,  0.8077123    
        9727 ,       12011 ,  0.0000000E+00 ,  7.6414265E-02
        9728 ,       12021 ,  0.0000000E+00 ,  5.1576279E-02
        9730 ,       12021 ,  0.0000000E+00 ,  7.1851283E-02
        9731 ,       12021 ,  2.8896583E-02 ,  5.1911883E-02
        9732 ,       12021 ,  0.1075236     ,  2.6196441E-02
        9733 ,       12001 ,  0.0000000E+00 ,  7.8690611E-03
        9734 ,       12001 ,  1.9524684E-02 ,  5.2107446E-02
        9735 ,       12001 ,  1.5342227E-03 ,  4.0578444E-02
        9736 ,       12001 ,  0.0000000E+00 ,  6.5235950E-02
        9737 ,       12053 ,  0.0000000E+00 ,  0.1449498    
        9739 ,       12056 ,  0.2456031     ,  0.0000000E+00
        9744 ,       12076 ,  0.0000000E+00 ,  0.4777149    
        9746 ,       12041 ,  0.0000000E+00 ,  0.1696767    
        9747 ,       12081 ,   1.000000     ,  0.0000000E+00
        9754 ,       20020 ,  0.0000000E+00 ,  0.1010167    
        9755 ,       20020 ,  0.6856904     ,   1.031879    
        9756 ,       20073 ,   1.000000     ,   2.364139    
        9757 ,       20481 ,  2.9583448E-03 ,   1.079117    
        9758 ,       20481 ,  0.9970416     ,  4.0485542E-02
        9759 ,       20372 ,   1.000000     ,  0.9555959    
        9760 ,       20026 ,   1.000000     ,  0.4663960    
        9761 ,       20297 ,   1.000000     ,  0.9115543    
        9762 ,       20255 ,  0.9354955     ,  0.0000000E+00
        9763 ,       20564 ,   1.000000     ,  0.0000000E+00
        9764 ,       20274 ,  0.9911382     ,  0.4098028    
        9767 ,       20494 ,   1.000000     ,  0.5885097    
        9768 ,       20292 ,   1.000000     ,  0.3888313    
        9769 ,       20565 ,  3.0633640E-02 ,   1.238723    
        9770 ,       20565 ,  0.1524636     ,   18.06697    
        9771 ,       20550 ,  0.1376863     ,   6.536532    
        9772 ,       20550 ,  0.8623137     ,   1.853146    
        9773 ,       20560 ,  0.6884117     ,   1.754449    
        9774 ,       20560 ,  0.1151509     ,  0.0000000E+00
        9775 ,       20298 ,  0.0000000E+00 ,  0.1073244    
        9776 ,       20506 ,  0.0000000E+00 ,   3.621952    
        9777 ,       20337 ,  0.0000000E+00 ,  0.3731885    
        9778 ,       20517 ,   1.000000     ,   1.472570    
        9779 ,       20200 ,  0.9981303     ,  0.8737505    
        9780 ,       20323 ,   1.000000     ,   2.599232    
        9781 ,       20275 ,   1.000000     ,  0.4125928    
        9782 ,       20231 ,   1.000000     ,  0.0000000E+00
        9783 ,       20465 ,   1.000000     ,  0.0000000E+00
        9788 ,       20198 ,  0.0000000E+00 ,  0.1869438    
        9789 ,       20198 ,  0.8678480     ,  0.1206902    
        9790 ,       20427 ,  0.5123004     ,  0.1446763    
        9794 ,       20407 ,   1.000000     ,  0.2527433    
        9805 ,        7017 ,  0.0000000E+00 ,  3.4376951E-03
        9809 ,        7061 ,  0.1257683     ,  0.1140683    
        9810 ,        7061 ,  0.0000000E+00 ,  2.6691109E-02
        9811 ,        7012 ,  0.8148934     ,  0.1888410    
        9812 ,        7101 ,  1.9203778E-03 ,  0.1367480    
        9813 ,        7101 ,  0.1218453     ,  0.1533020    
        9815 ,        7044 ,   1.000000     ,  0.5149307    
        9817 ,        7111 ,  0.2716262     ,  3.2864489E-02
        9818 ,        7111 ,  5.9266303E-02 ,  0.4019926    
        9819 ,        7078 ,  7.7605518E-03 ,  0.2695576    
        9820 ,        7093 ,  0.9746130     ,  0.5511913    
        9821 ,        7064 ,  0.0000000E+00 ,  0.2247969    
        9822 ,        7064 ,  0.5754844     ,  0.3781580    
        9824 ,        7064 ,  0.0000000E+00 ,  0.3243848    
        9825 ,        7004 ,  0.4711739     ,  0.6077284    
        9826 ,        7004 ,  0.5288261     ,  4.3737665E-02
        9839 ,        7059 ,  0.0000000E+00 ,  1.5806481E-02
        9840 ,        7059 ,  0.0000000E+00 ,  3.4085009E-02
        9841 ,        7059 ,  0.0000000E+00 ,  9.7884024E-03
       10077 ,       12057 ,  1.6173538E-02 ,  4.8395522E-02
       10078 ,       12014 ,  0.5092427     ,  0.7703081    
       10079 ,       12014 ,  0.4907573     ,  0.2289023    
       10080 ,       12014 ,  0.0000000E+00 ,  0.3011263    
       10083 ,       12021 ,  0.0000000E+00 ,  9.8236986E-02
       10086 ,       12001 ,  0.0000000E+00 ,  1.8093726E-02
       10087 ,       12001 ,  7.8087422E-04 ,  0.0000000E+00
       10088 ,       12001 ,  5.7928672E-04 ,  3.6126234E-02
       10089 ,       12039 ,  1.6904660E-02 ,  0.1182036    
       10090 ,       12039 ,  0.9830953     ,  0.2711312    
       10097 ,       12076 ,  0.0000000E+00 ,  9.8593980E-03
       10099 ,       12041 ,  0.0000000E+00 ,  0.1499972    
       10100 ,       12041 ,  0.0000000E+00 ,  9.3476400E-02
       10109 ,       20073 ,  0.0000000E+00 ,  0.1405684    
       10110 ,       20446 ,  0.0000000E+00 ,   1.133981    
       10111 ,       20532 ,  0.8960749     ,  0.6685444    
       10112 ,       20133 ,  0.8665953     ,  0.5072037    
       10113 ,       20445 ,  0.8944519     ,   6.940479    
       10114 ,       20445 ,  0.1055482     ,  0.0000000E+00
       10115 ,       20218 ,  0.9999999     ,   1.580290    
       10119 ,       20426 ,  0.2510043     ,  0.0000000E+00
       10120 ,       20426 ,  0.7489957     ,  0.6959856    
       10121 ,       20135 ,  0.9379537     ,  0.9383331    
       10122 ,       20399 ,  0.9836337     ,  0.8397982    
       10123 ,       20553 ,  1.5215999E-04 ,   12.89647    
       10124 ,       20553 ,  0.9998478     ,   1.394418    
       10125 ,       20546 ,  0.7318616     ,  0.4506931    
       10126 ,       20560 ,  6.5991201E-02 ,  0.9689145    
       10127 ,       20560 ,  0.1304462     ,  0.0000000E+00
       10129 ,       20506 ,   1.000000     ,   1.432020    
       10130 ,       20337 ,  0.4324784     ,  0.3000289    
       10131 ,       20437 ,  3.1956844E-02 ,  0.7810582    
       10132 ,       20003 ,   1.000000     ,  0.9339733    
       10133 ,       20003 ,  0.0000000E+00 ,   2.495845    
       10134 ,       20275 ,  0.0000000E+00 ,  0.2206677    
       10138 ,       20207 ,   1.000000     ,  6.3294254E-02
       10142 ,       20198 ,  6.3861392E-02 ,  1.3872712E-02
       10143 ,       20198 ,  0.0000000E+00 ,  0.2269475    
       10161 ,        7061 ,  0.0000000E+00 ,  1.0137068E-02
       10162 ,        7061 ,  0.0000000E+00 ,  0.1001999    
       10163 ,        7079 ,  0.0000000E+00 ,  0.2538733    
       10164 ,        7012 ,  0.0000000E+00 ,  0.1374781    
       10165 ,        7079 ,  0.7175355     ,   2.742828    
       10166 ,        7063 ,  0.9770815     ,   1.692664    
       10167 ,        7085 ,  0.0000000E+00 ,  8.3754994E-03
       10168 ,        7085 ,  0.6008474     ,   1.064616    
       10170 ,        7049 ,   1.000000     ,  0.5124534    
       10171 ,        7113 ,  0.5342860     ,   7.637323    
       10172 ,        7056 ,  0.0000000E+00 ,   1.677606    
       10173 ,        7093 ,  2.5387073E-02 ,  0.4440495    
       10174 ,        7112 ,  0.6526739     ,  0.2188206    
       10175 ,        7112 ,  0.3461865     ,  8.7593339E-02
       10176 ,        7059 ,  7.0182197E-02 ,  0.4277994    
       10177 ,        7059 ,  0.0000000E+00 ,  4.6660490E-02
       10178 ,        7059 ,  0.0000000E+00 ,  2.5680039E-02
       10179 ,        7059 ,  0.0000000E+00 ,  6.1545544E-04
       10187 ,        7059 ,  1.6881448E-03 ,  0.0000000E+00
       10188 ,        7059 ,  0.1102275     ,  7.7286345E-04
       10189 ,        7059 ,  0.0000000E+00 ,  1.2759625E-02
       10190 ,        7059 ,  0.0000000E+00 ,  3.0959846E-02
       10191 ,        7059 ,  0.0000000E+00 ,  6.1840311E-02
       10192 ,        7059 ,  0.0000000E+00 ,  2.4772827E-02
       10425 ,       12057 ,  0.0000000E+00 ,  3.1630974E-02
       10426 ,       12057 ,  7.8229271E-02 ,  3.6500894E-02
       10427 ,       12057 ,  0.2383405     ,  4.5422036E-02
       10428 ,       12057 ,  0.0000000E+00 ,  3.3435494E-02
       10429 ,       12057 ,  0.1245865     ,  3.6288008E-02
       10430 ,       12057 ,  0.3862985     ,  4.4184417E-02
       10432 ,       12011 ,  0.6693575     ,  0.1470188    
       10433 ,       12011 ,  0.0000000E+00 ,  0.1111404    
       10434 ,       12011 ,  0.0000000E+00 ,  3.2744043E-02
       10436 ,       12021 ,  0.1531632     ,  1.5569902E-02
       10438 ,       12021 ,  0.0000000E+00 ,  3.8972665E-02
       10439 ,       12021 ,  0.0000000E+00 ,  3.2130636E-02
       10442 ,       12029 ,  0.0000000E+00 ,  1.0437328E-02
       10443 ,       12029 ,  4.4623997E-02 ,  0.1415206    
       10453 ,       12041 ,   1.000000     ,  0.2529316    
       10455 ,       12078 ,   1.000000     ,  0.7779157    
       10456 ,       12043 ,   1.000000     ,  0.2660275    
       10459 ,       20469 ,  0.0000000E+00 ,  3.3740085E-02
       10461 ,       20469 ,  0.0000000E+00 ,  0.1647328    
       10462 ,       20240 ,   1.000000     ,  0.3327437    
       10463 ,       20397 ,  0.0000000E+00 ,  0.2807581    
       10464 ,       20532 ,  0.1039251     ,  0.2433125    
       10465 ,       20397 ,  0.0000000E+00 ,  0.2148110    
       10466 ,       20252 ,   1.000000     ,   1.602426    
       10467 ,       20119 ,  0.0000000E+00 ,  0.5882685    
       10468 ,       20430 ,   1.000000     ,  0.4135025    
       10469 ,       20006 ,  0.0000000E+00 ,  3.4616470E-02
       10470 ,       20217 ,   1.000000     ,  0.0000000E+00
       10474 ,       20539 ,  4.0950966E-03 ,   42.32202    
       10475 ,       20539 ,  0.9959049     ,   14.16344    
       10476 ,       20293 ,  0.1167033     ,  0.0000000E+00
       10477 ,       20363 ,  0.0000000E+00 ,  0.2857993    
       10478 ,       20365 ,  0.0000000E+00 ,  0.4185643    
       10479 ,       20443 ,  0.0000000E+00 ,  0.9849447    
       10480 ,       20138 ,  0.0000000E+00 ,  0.7522806    
       10481 ,       20522 ,   1.000000     ,  0.8359329    
       10482 ,       20299 ,   1.000000     ,   1.310867    
       10483 ,       20060 ,   1.000000     ,  0.8160366    
       10484 ,       20437 ,  0.9680431     ,  0.8861589    
       10485 ,       20502 ,  0.9656028     ,  0.8646903    
       10486 ,       20394 ,   1.000000     ,  0.5158793    
       10487 ,       20190 ,  0.1075281     ,  0.2569310    
       10491 ,       20207 ,  0.0000000E+00 ,  0.2290724    
       10495 ,       20198 ,  7.9851160E-03 ,  0.0000000E+00
       10496 ,       20057 ,  5.1663565E-03 ,  0.2194246    
       10497 ,       20057 ,  0.0000000E+00 ,  0.1264438    
       10498 ,       20057 ,  0.0000000E+00 ,  2.8985230E-02
       10514 ,        7061 ,  0.0000000E+00 ,  1.3418698E-03
       10515 ,        7061 ,  0.0000000E+00 ,  5.4688282E-02
       10516 ,        7012 ,  0.0000000E+00 ,  2.0542905E-02
       10518 ,        7029 ,  0.0000000E+00 ,  0.4559498    
       10519 ,        7063 ,  2.2918481E-02 ,  0.8887680    
       10520 ,        7085 ,  0.3991526     ,  0.2829489    
       10521 ,        7013 ,   1.000000     ,  0.4978572    
       10522 ,        7013 ,  0.0000000E+00 ,  0.6047738    
       10523 ,        7119 ,   1.000000     ,  0.4341702    
       10524 ,        7113 ,  0.4657140     ,   1.192565    
       10525 ,        7022 ,  0.1477461     ,  0.6900702    
       10526 ,        7026 ,  0.0000000E+00 ,  9.0611540E-02
       10528 ,        7112 ,  1.1397046E-03 ,  0.0000000E+00
       10529 ,        7059 ,  6.0272146E-02 ,  0.0000000E+00
       10530 ,        7059 ,  2.3526389E-03 ,  1.7725896E-02
       10531 ,        7059 ,  0.5047104     ,  4.2398933E-02
       10532 ,        7059 ,  0.0000000E+00 ,  4.7622854E-03
       10536 ,        7059 ,  0.0000000E+00 ,  1.2848402E-02
       10540 ,        7059 ,  0.0000000E+00 ,  2.0281192E-02
       10541 ,        7059 ,  6.0648981E-02 ,  2.1730457E-02
       10542 ,        7059 ,  0.0000000E+00 ,  3.4336064E-02
       10543 ,        7059 ,  0.0000000E+00 ,  1.4533232E-02
       10545 ,        7059 ,  0.1893409     ,  1.3863667E-02
       10777 ,       12048 ,  0.0000000E+00 ,  6.4103268E-03
       10778 ,       12057 ,  0.1563717     ,  3.5670351E-02
       10779 ,       12057 ,  0.0000000E+00 ,  1.6112546E-02
       10780 ,       12057 ,  0.0000000E+00 ,  7.2377138E-02
       10783 ,       12057 ,  0.0000000E+00 ,  3.8380593E-02
       10787 ,       12011 ,  0.1606741     ,  0.1007416    
       10788 ,       12011 ,  0.0000000E+00 ,  9.0529714E-03
       10794 ,       12029 ,  0.0000000E+00 ,  1.4197726E-02
       10795 ,       12029 ,  0.0000000E+00 ,  2.3670260E-02
       10796 ,       12029 ,  0.0000000E+00 ,  0.1450670    
       10799 ,       12051 ,  0.0000000E+00 ,  0.1010051    
       10803 ,       12076 ,  0.9920222     ,  0.5665430    
       10804 ,       12072 ,  0.0000000E+00 ,  0.2740038    
       10805 ,       12063 ,   1.000000     ,  0.5871567    
       10806 ,       12009 ,  0.1770276     ,  0.3594448    
       10807 ,       12009 ,  0.8229724     ,  0.6517198    
       10808 ,       12043 ,  0.0000000E+00 ,  0.8108531    
       10810 ,       20016 ,  0.8038001     ,  0.1790018    
       10811 ,       20016 ,  0.1961999     ,  0.8217958    
       10812 ,       20348 ,  0.0000000E+00 ,  0.5513304    
       10813 ,       20348 ,  0.0000000E+00 ,  9.1178335E-02
       10814 ,       20469 ,  3.3478674E-03 ,  0.1668976    
       10815 ,       20208 ,  0.0000000E+00 ,  0.2573102    
       10816 ,       20208 ,  0.8417294     ,  0.1899187    
       10817 ,       20397 ,  0.5530398     ,  0.1822253    
       10818 ,       20397 ,  0.4469601     ,   3.930155    
       10819 ,       20127 ,   1.000000     ,   1.109422    
       10820 ,       20258 ,  0.2011189     ,   1.850154    
       10821 ,       20492 ,  0.5525033     ,  0.1418395    
       10822 ,       20492 ,  0.4474967     ,  0.2226719    
       10823 ,       20569 ,  0.0000000E+00 ,   1.298007    
       10824 ,       20569 ,   1.000000     ,  0.3035823    
       10825 ,       20094 ,  0.0000000E+00 ,   1.256393    
       10826 ,       20294 ,  0.0000000E+00 ,  0.3976796    
       10827 ,       20483 ,   1.000000     ,  0.8131627    
       10828 ,       20338 ,  0.6720046     ,   1.336187    
       10829 ,       20544 ,  0.0000000E+00 ,  0.5865853    
       10830 ,       20363 ,  0.0000000E+00 ,  0.1212612    
       10831 ,       20363 ,  0.8625458     ,  0.4727210    
       10832 ,       20443 ,   1.000000     ,  0.7673422    
       10833 ,       20496 ,  0.0000000E+00 ,  1.6311565E-02
       10834 ,       20503 ,  0.9939160     ,   3.650369    
       10835 ,       20503 ,  6.0839360E-03 ,   4.627137    
       10836 ,       20257 ,  0.4568370     ,  0.6235389    
       10837 ,       20554 ,  0.0000000E+00 ,  0.3635018    
       10838 ,       20502 ,  3.4397174E-02 ,  0.5825680    
       10840 ,       20190 ,  0.3708772     ,  0.1110563    
       10841 ,       20190 ,  0.0000000E+00 ,  1.3209538E-02
       10844 ,       20207 ,  0.0000000E+00 ,  0.1130357    
       10845 ,       20207 ,  0.0000000E+00 ,  0.1476483    
       10846 ,       20207 ,  0.0000000E+00 ,  0.1744940    
       10847 ,       20198 ,  0.0000000E+00 ,  0.1625892    
       10848 ,       20198 ,  6.0305450E-02 ,  0.1875682    
       10849 ,       20057 ,  5.9871960E-02 ,  0.1530163    
       10850 ,       30091 ,  0.0000000E+00 ,  3.8518805E-02
       10851 ,       20407 ,  0.0000000E+00 ,  0.5456625    
       10852 ,       30091 ,  0.0000000E+00 ,  1.8866256E-02
       10870 ,        7021 ,   1.000000     ,  0.2817785    
       10871 ,        7018 ,  0.0000000E+00 ,   1.275623    
       10874 ,        7047 ,  0.2428885     ,  0.1717013    
       10875 ,        7047 ,  0.7571115     ,  0.4081356    
       10876 ,        7014 ,   1.000000     ,  0.6029360    
       10877 ,        7014 ,  0.0000000E+00 ,  4.0218737E-02
       10879 ,        7066 ,   1.000000     ,  0.6357006    
       10881 ,        7082 ,   1.000000     ,  7.7422410E-02
       10882 ,        7031 ,  0.2730696     ,  5.7447255E-02
       10883 ,        7031 ,  0.2057783     ,  7.9377174E-02
       10884 ,        7031 ,  0.0000000E+00 ,  1.5198699E-02
       10889 ,        7059 ,  0.0000000E+00 ,  2.0677382E-02
       10890 ,        7059 ,  0.0000000E+00 ,  2.6621997E-02
       10892 ,        7059 ,  0.0000000E+00 ,  4.4037379E-02
       10893 ,        7059 ,  0.0000000E+00 ,  5.3576335E-02
       10894 ,        7059 ,  0.0000000E+00 ,  4.1968714E-02
       11129 ,       12048 ,  0.0000000E+00 ,  8.4570713E-02
       11130 ,       12048 ,  0.0000000E+00 ,  6.6336066E-02
       11131 ,       12057 ,  0.0000000E+00 ,  2.3673199E-02
       11132 ,       12057 ,  0.0000000E+00 ,  1.6131582E-02
       11133 ,       12057 ,  0.0000000E+00 ,  3.3448335E-02
       11134 ,       12057 ,  0.0000000E+00 ,  3.2881189E-02
       11136 ,       12057 ,  0.0000000E+00 ,  4.1415539E-02
       11141 ,       12011 ,  0.0000000E+00 ,  0.1243934    
       11145 ,       12029 ,  0.0000000E+00 ,  1.4715163E-02
       11146 ,       12029 ,  0.0000000E+00 ,  2.5766490E-02
       11147 ,       12029 ,  0.0000000E+00 ,  1.5429487E-02
       11149 ,       12029 ,  7.4632606E-04 ,  0.1309069    
       11151 ,       12044 ,  0.0000000E+00 ,  0.3526541    
       11152 ,       12051 ,  0.6756322     ,  0.3881775    
       11153 ,       12051 ,  0.3243678     ,  0.2576751    
       11154 ,       12051 ,  0.0000000E+00 ,  0.1042366    
       11156 ,       12076 ,  7.9778070E-03 ,  2.6631435E-02
       11157 ,       12010 ,  0.0000000E+00 ,  0.3857488    
       11159 ,       12020 ,  0.0000000E+00 ,  0.7644541    
       11160 ,       12066 ,  0.0000000E+00 ,  2.6462520E-02
       11161 ,       12043 ,  0.0000000E+00 ,  0.5353543    
       11164 ,       20242 ,   1.000000     ,  0.3087229    
       11165 ,       20348 ,  0.0000000E+00 ,  7.8418944E-03
       11166 ,       20469 ,  0.2344746     ,  0.5846689    
       11167 ,       20469 ,  0.7621775     ,  0.7679650    
       11168 ,       20208 ,  0.0000000E+00 ,  0.2401684    
       11169 ,       20208 ,  0.1582706     ,   1.184108    
       11170 ,       20480 ,  0.5022003     ,   1.644279    
       11171 ,       20480 ,  0.4977997     ,   2.814700    
       11172 ,       20383 ,   1.000000     ,   2.315437    
       11173 ,       20258 ,  0.7988810     ,  0.4611606    
       11174 ,       20562 ,  0.2276676     ,   1.897066    
       11175 ,       20147 ,  0.1367199     ,  8.4559865E-02
       11176 ,       20046 ,   1.000000     ,  0.5843980    
       11177 ,       20046 ,  0.0000000E+00 ,  0.3884504    
       11178 ,       20487 ,  0.9586807     ,  0.9533516    
       11179 ,       20487 ,  4.1319139E-02 ,  0.7527321    
       11180 ,       20294 ,  0.3374113     ,  0.4956639    
       11181 ,       20193 ,  0.3694615     ,  0.7786702    
       11182 ,       20193 ,  0.0000000E+00 ,  0.3827276    
       11183 ,       20544 ,  0.9324498     ,  0.3501894    
       11184 ,       20363 ,  0.1374542     ,   5.022812    
       11185 ,       20496 ,   1.000000     ,   1.253983    
       11186 ,       20473 ,  0.0000000E+00 ,  0.6246260    
       11187 ,       20097 ,  0.3404780     ,   1.332625    
       11188 ,       20257 ,  2.1536800E-03 ,   3.566086    
       11189 ,       20514 ,  9.5500693E-02 ,  0.6010585    
       11190 ,       20554 ,   1.000000     ,  0.4993781    
       11191 ,       20554 ,  0.0000000E+00 ,  0.1587239    
       11193 ,       20190 ,  0.0000000E+00 ,  2.7962886E-02
       11194 ,       20498 ,  0.0000000E+00 ,  0.3667942    
       11195 ,       20190 ,  0.0000000E+00 ,  0.1333439    
       11199 ,       20207 ,  0.0000000E+00 ,  0.1706946    
       11201 ,       20057 ,  0.0000000E+00 ,  3.4716144E-02
       11202 ,       20057 ,  0.0000000E+00 ,  5.4119930E-02
       11204 ,       30091 ,  0.0000000E+00 ,  5.3468775E-02
       11205 ,       30210 ,  0.0000000E+00 ,  9.6370950E-02
       11206 ,       30210 ,  0.0000000E+00 ,  5.7117611E-02
       11207 ,       30210 ,  0.0000000E+00 ,  5.2774612E-02
       11208 ,       30210 ,  0.0000000E+00 ,  1.0225684E-02
       11211 ,       30210 ,  0.0000000E+00 ,  0.1051380    
       11212 ,       30210 ,  0.0000000E+00 ,  2.0232702E-02
       11218 ,        7092 ,  5.9078302E-02 ,  0.0000000E+00
       11219 ,        7092 ,  0.6582155     ,  0.1801620    
       11220 ,        7092 ,  0.0000000E+00 ,  0.1411077    
       11221 ,        7092 ,  0.0000000E+00 ,  0.1658482    
       11222 ,        7092 ,  0.2827063     ,  0.3721345    
       11223 ,        7021 ,  0.0000000E+00 ,  0.2570098    
       11224 ,        7018 ,   1.000000     ,  0.7052245    
       11225 ,        7067 ,  0.0000000E+00 ,  0.1059301    
       11227 ,        7072 ,  0.5288795     ,  0.6474128    
       11228 ,        7118 ,   1.000000     ,  0.2207147    
       11229 ,        7081 ,   1.000000     ,  0.7405173    
       11230 ,        7081 ,  0.0000000E+00 ,  0.2732823    
       11231 ,        7081 ,  0.0000000E+00 ,  0.1260456    
       11232 ,        7066 ,  0.0000000E+00 ,  0.4107910    
       11233 ,        7109 ,  0.0000000E+00 ,  0.8937622    
       11234 ,        7031 ,  0.4543841     ,  0.5560019    
       11235 ,        7031 ,  6.6768020E-02 ,  5.3733885E-02
       11236 ,        7031 ,  0.0000000E+00 ,  5.7732664E-02
       11237 ,        7031 ,  0.0000000E+00 ,  4.6642341E-02
       11238 ,        7031 ,  0.0000000E+00 ,  5.4402865E-02
       11239 ,        7031 ,  0.0000000E+00 ,  4.9725924E-02
       11240 ,        7031 ,  0.0000000E+00 ,  5.0608814E-02
       11242 ,        7059 ,  0.0000000E+00 ,  3.1063454E-02
       11243 ,        7059 ,  0.0000000E+00 ,  1.2056149E-02
       11244 ,        7059 ,  0.0000000E+00 ,  3.1076429E-02
       11245 ,        7059 ,  0.0000000E+00 ,  3.8377874E-02
       11246 ,        7059 ,  0.0000000E+00 ,  2.8875912E-02
       11481 ,       12048 ,  8.6290561E-02 ,  9.5910370E-02
       11482 ,       12048 ,  0.0000000E+00 ,  5.3533195E-03
       11484 ,       12048 ,  0.0000000E+00 ,  0.1180184    
       11485 ,       12057 ,  0.0000000E+00 ,  5.8237385E-02
       11487 ,       12057 ,  0.0000000E+00 ,  4.4847395E-02
       11488 ,       12057 ,  0.0000000E+00 ,  2.7557388E-02
       11489 ,       12057 ,  0.0000000E+00 ,  1.5316923E-02
       11493 ,       12054 ,  0.0000000E+00 ,  3.6705378E-02
       11494 ,       12054 ,  0.0000000E+00 ,  0.1401491    
       11496 ,       12032 ,  0.0000000E+00 ,  0.3317698    
       11497 ,       12032 ,  0.0000000E+00 ,  0.1216828    
       11498 ,       12029 ,  2.6839240E-02 ,  1.0225113E-02
       11499 ,       12029 ,  0.0000000E+00 ,  4.8112972E-03
       11502 ,       12029 ,  0.1485900     ,  0.1644869    
       11503 ,       12044 ,  0.9064514     ,  0.3500400    
       11504 ,       12044 ,  9.3548596E-02 ,  0.5798802    
       11505 ,       12051 ,  0.0000000E+00 ,  0.1733070    
       11506 ,       12028 ,  3.9613523E-02 ,  3.8134132E-03
       11507 ,       12079 ,  0.3897119     ,   2.073820    
       11508 ,       12079 ,  0.6102881     ,  7.1466103E-02
       11509 ,       12010 ,  0.0000000E+00 ,  0.1220654    
       11510 ,       12072 ,   1.000000     ,  4.9480543E-02
       11511 ,       12020 ,   1.000000     ,  0.1643718    
       11512 ,       12069 ,  0.8353020     ,  0.6399778    
       11513 ,       12069 ,  0.1646980     ,  0.2240482    
       11514 ,       12069 ,  0.0000000E+00 ,   1.254226    
       11515 ,       12004 ,   1.000000     ,  0.5091481    
       11516 ,       20152 ,  0.6218620     ,  4.7732845E-02
       11517 ,       20152 ,  4.9045838E-02 ,  0.0000000E+00
       11518 ,       20348 ,  0.0000000E+00 ,  0.3565328    
       11519 ,       20461 ,   1.000000     ,  0.8404635    
       11520 ,       20528 ,   1.000000     ,   1.209930    
       11521 ,       20549 ,  0.0000000E+00 ,  0.1133816    
       11523 ,       20210 ,   1.000000     ,  0.1217267    
       11524 ,       20317 ,   1.000000     ,   2.655138    
       11525 ,       20499 ,  2.2802105E-02 ,  0.7440422    
       11526 ,       20536 ,   1.000000     ,   2.930485    
       11527 ,       20562 ,  0.7723324     ,   2.749037    
       11528 ,       20518 ,  7.4968040E-02 ,   14.99882    
       11529 ,       20054 ,   1.000000     ,  0.3210002    
       11530 ,       20463 ,  8.1100194E-03 ,   1.332742    
       11531 ,       20463 ,  0.7859581     ,  0.1000631    
       11532 ,       20478 ,  0.0000000E+00 ,  0.2426850    
       11533 ,       20179 ,  0.3865395     ,   1.347102    
       11534 ,       20179 ,  0.6134606     ,  0.2165698    
       11535 ,       20260 ,   1.000000     ,   2.954462    
       11536 ,       20544 ,  6.7550205E-02 ,  0.6582545    
       11537 ,       20419 ,   1.000000     ,   1.067044    
       11538 ,       20042 ,  0.0000000E+00 ,  5.9499457E-02
       11539 ,       20335 ,   1.000000     ,  0.0000000E+00
       11540 ,       20541 ,   1.000000     ,   7.195250    
       11541 ,       20432 ,   1.000000     ,   2.242377    
       11542 ,       20514 ,  0.9044994     ,  0.5239967    
       11543 ,       20189 ,  3.6585631E-04 ,  0.0000000E+00
       11544 ,       20460 ,   1.000000     ,  0.6507311    
       11545 ,       20460 ,  0.0000000E+00 ,  0.4532360    
       11547 ,       20498 ,  0.9951805     ,  0.3264117    
       11548 ,       20190 ,  0.0000000E+00 ,  1.3878874E-02
       11549 ,       20190 ,  0.0000000E+00 ,  0.1353377    
       11550 ,       20190 ,  0.0000000E+00 ,  6.9210097E-02
       11551 ,       20207 ,  0.0000000E+00 ,  0.1638444    
       11552 ,       20207 ,  0.0000000E+00 ,  8.5583836E-02
       11554 ,       20057 ,  0.0000000E+00 ,  8.0576003E-02
       11555 ,       30091 ,  0.0000000E+00 ,  4.5733590E-02
       11556 ,       30091 ,  0.0000000E+00 ,  2.7671479E-02
       11557 ,       30091 ,  0.0000000E+00 ,  8.3829023E-02
       11560 ,       30210 ,  0.0000000E+00 ,  1.9394328E-03
       11561 ,       30210 ,  7.8485918E-04 ,  4.5346729E-02
       11562 ,       30210 ,  0.9992152     ,  0.1503385    
       11563 ,       30210 ,  0.0000000E+00 ,  8.6397707E-02
       11564 ,       30210 ,  0.0000000E+00 ,  4.9101901E-03
       11565 ,       30210 ,  0.0000000E+00 ,  0.1916435    
       11572 ,        7092 ,  0.0000000E+00 ,  0.1757602    
       11575 ,        7092 ,  0.0000000E+00 ,  2.2362047E-03
       11576 ,        7060 ,  0.0000000E+00 ,  0.3223057    
       11577 ,        7090 ,  8.4633917E-02 ,  0.6944816    
       11578 ,        7091 ,  0.2242133     ,   1.682890    
       11579 ,        7091 ,  0.7757867     ,   1.371462    
       11580 ,        7072 ,  0.3822069     ,  0.4480686    
       11581 ,        7072 ,  0.0000000E+00 ,  9.6019693E-02
       11582 ,        7039 ,  0.4647675     ,  0.4837083    
       11583 ,        7039 ,  0.5352325     ,  8.1301302E-02
       11584 ,        7096 ,  0.0000000E+00 ,  0.1210141    
       11585 ,        7096 ,  0.0000000E+00 ,  0.1729608    
       11586 ,        7109 ,  1.5968506E-03 ,  0.6782107    
       11587 ,        7109 ,  0.9984031     ,  0.7417634    
       11589 ,        7031 ,  0.0000000E+00 ,  7.1861401E-02
       11590 ,        7031 ,  0.0000000E+00 ,  6.8789475E-02
       11591 ,        7031 ,  0.0000000E+00 ,  3.8159825E-02
       11593 ,        7031 ,  0.0000000E+00 ,  1.3210120E-02
       11594 ,        7031 ,  0.0000000E+00 ,  9.1558143E-02
       11595 ,        7059 ,  0.0000000E+00 ,  2.3927547E-02
       11596 ,        7065 ,  0.0000000E+00 ,  4.2736605E-02
       11597 ,        7059 ,  0.0000000E+00 ,  3.5595253E-02
       11598 ,        7065 ,  0.0000000E+00 ,  4.1739576E-02
       11832 ,       12038 ,  0.0000000E+00 ,  4.0488683E-02
       11833 ,       12048 ,  0.2710595     ,  9.1486707E-02
       11834 ,       12048 ,  0.6426499     ,  4.3716617E-02
       11837 ,       12048 ,  0.0000000E+00 ,  8.8192038E-02
       11838 ,       12057 ,  0.0000000E+00 ,  6.9404989E-02
       11839 ,       12057 ,  0.0000000E+00 ,  1.5094284E-02
       11840 ,       12057 ,  0.0000000E+00 ,  5.3137951E-02
       11841 ,       12057 ,  0.0000000E+00 ,  3.6273740E-02
       11845 ,       12054 ,  0.0000000E+00 ,  5.4491027E-03
       11846 ,       12054 ,  0.0000000E+00 ,  9.7613744E-02
       11847 ,       12032 ,  0.0000000E+00 ,  1.7201620E-04
       11849 ,       12032 ,  0.0000000E+00 ,  4.0505785E-02
       11850 ,       12040 ,  4.0433362E-02 ,  0.6545427    
       11851 ,       12040 ,  0.0000000E+00 ,  0.1330991    
       11852 ,       12029 ,  0.0000000E+00 ,  2.8822429E-02
       11853 ,       12029 ,  0.0000000E+00 ,  2.8267998E-02
       11854 ,       12029 ,  4.4475198E-03 ,  3.1337321E-02
       11855 ,       12029 ,  0.7709386     ,  0.1564038    
       11856 ,       12061 ,  0.7764949     ,  0.3181771    
       11857 ,       12061 ,  0.0000000E+00 ,  0.1201573    
       11858 ,       12028 ,  0.0000000E+00 ,  0.1988348    
       11859 ,       12028 ,  2.2982214E-02 ,  7.9956226E-02
       11860 ,       12028 ,  0.0000000E+00 ,  0.1293800    
       11861 ,       12010 ,  0.4277125     ,  0.1093912    
       11862 ,       12010 ,  0.5722876     ,  0.2294751    
       11863 ,       12010 ,  0.0000000E+00 ,  0.3125739    
       11864 ,       12020 ,  0.0000000E+00 ,  0.5246304    
       11865 ,       12066 ,  0.0000000E+00 ,  0.2147907    
       11866 ,       12066 ,   1.000000     ,  0.2124439    
       11868 ,       12065 ,  5.4363780E-02 ,  0.7450707    
       11869 ,       20183 ,  5.9277448E-03 ,  0.9043922    
       11870 ,       20011 ,  0.0000000E+00 ,  0.3375996    
       11871 ,       20537 ,   1.000000     ,  0.3191524    
       11872 ,       20065 ,   1.000000     ,  0.5736827    
       11873 ,       20549 ,  0.0000000E+00 ,  7.3934652E-02
       11874 ,       20549 ,  0.0000000E+00 ,  6.5507874E-02
       11876 ,       20346 ,   1.000000     ,  0.9924833    
       11877 ,       20346 ,  0.0000000E+00 ,   1.679939    
       11878 ,       20499 ,  0.9771979     ,  0.6880536    
       11879 ,       20339 ,   1.000000     ,  0.5647991    
       11880 ,       20523 ,   1.000000     ,  0.5919750    
       11881 ,       20493 ,  0.7520936     ,   3.284186    
       11882 ,       20006 ,  0.7145506     ,  0.2151591    
       11883 ,       20463 ,  1.3104313E-03 ,   1.905420    
       11884 ,       20463 ,  0.2046215     ,  0.0000000E+00
       11885 ,       20478 ,   1.000000     ,  0.3674568    
       11886 ,       20175 ,  0.0000000E+00 ,   1.251930    
       11888 ,       20001 ,  0.0000000E+00 ,   1.225753    
       11889 ,       20001 ,  0.6270866     ,  0.3399470    
       11890 ,       20173 ,  0.1270297     ,  0.8691610    
       11893 ,       20222 ,   1.000000     ,  0.2744801    
       11894 ,       20457 ,   1.000000     ,   1.588028    
       11896 ,       20212 ,   1.000000     ,  0.0000000E+00
       11898 ,       20205 ,  0.8284045     ,  0.2233441    
       11899 ,       20460 ,  0.0000000E+00 ,  0.3912921    
       11903 ,       20498 ,  4.8194882E-03 ,  0.1335728    
       11904 ,       20190 ,  0.0000000E+00 ,  0.1450694    
       11905 ,       20190 ,  0.0000000E+00 ,  5.4909772E-04
       11906 ,       20190 ,  0.0000000E+00 ,  3.5595097E-02
       11907 ,       30091 ,  0.0000000E+00 ,  0.1033521    
       11908 ,       30091 ,   1.000000     ,  8.4806159E-02
       11909 ,       30091 ,  0.0000000E+00 ,  6.8672746E-02
       11910 ,       30091 ,  0.0000000E+00 ,  5.9358321E-02
       11914 ,       30210 ,  0.0000000E+00 ,  7.7132307E-02
       11915 ,       30210 ,  0.0000000E+00 ,  9.0231687E-02
       11918 ,       30061 ,  0.0000000E+00 ,  6.3552245E-02
       11924 ,       27008 ,  0.0000000E+00 ,  2.2874703E-03
       11925 ,       27008 ,  0.0000000E+00 ,  4.5195919E-02
       11928 ,        7033 ,  0.8982534     ,  0.0000000E+00
       11929 ,        7033 ,  0.1017465     ,  0.2081311    
       11930 ,        7025 ,   1.000000     ,  0.6944738    
       11931 ,        7091 ,  0.0000000E+00 ,  0.3162064    
       11932 ,        7042 ,   1.000000     ,  0.4323224    
       11934 ,        7005 ,  0.0000000E+00 ,  0.5591508    
       11935 ,        7039 ,  0.0000000E+00 ,  1.9361340E-02
       11936 ,        7076 ,  0.0000000E+00 ,  0.2740985    
       11937 ,        7076 ,   1.000000     ,  0.3020507    
       11938 ,        7096 ,  0.3972929     ,  0.2201727    
       11939 ,        7096 ,  0.2004019     ,  0.4527690    
       11940 ,        7100 ,   1.000000     ,  0.2132811    
       11942 ,        7031 ,  0.0000000E+00 ,  3.5258114E-02
       11943 ,        7077 ,  0.0000000E+00 ,  0.1527585    
       11944 ,        7065 ,  0.0000000E+00 ,  2.9217869E-02
       11946 ,        7031 ,  0.0000000E+00 ,  2.1710318E-02
       11947 ,        7065 ,  0.0000000E+00 ,  8.6018212E-02
       11948 ,        7031 ,  0.0000000E+00 ,  4.8161291E-02
       11949 ,        7065 ,  0.0000000E+00 ,  4.0911932E-02
       11950 ,        7065 ,  0.0000000E+00 ,  1.9015227E-02
       12183 ,       12038 ,  0.2740023     ,  4.8069369E-02
       12184 ,       12038 ,  0.4821365     ,  6.1058600E-02
       12185 ,       12038 ,  6.5035678E-02 ,  4.1219447E-02
       12186 ,       12038 ,  0.0000000E+00 ,  5.8622979E-02
       12187 ,       12048 ,  0.0000000E+00 ,  6.7044243E-02
       12191 ,       12057 ,  0.0000000E+00 ,  1.1049451E-02
       12192 ,       12057 ,  0.0000000E+00 ,  8.7655619E-02
       12193 ,       12057 ,  0.0000000E+00 ,  2.3648808E-02
       12194 ,       12057 ,  0.0000000E+00 ,  5.0205093E-02
       12198 ,       12054 ,  0.0000000E+00 ,  8.0781840E-02
       12199 ,       12054 ,  0.0000000E+00 ,  6.5704375E-03
       12203 ,       12040 ,  0.1874481     ,  1.3599820E-02
       12204 ,       12040 ,  0.0000000E+00 ,  0.1944947    
       12205 ,       12040 ,  0.0000000E+00 ,  0.1502821    
       12206 ,       12040 ,  0.7721186     ,  0.1886676    
       12207 ,       12075 ,  0.1071722     ,  0.1350008    
       12208 ,       12075 ,  0.3832932     ,  0.1651228    
       12209 ,       12061 ,  0.2235051     ,  0.1711848    
       12210 ,       12061 ,  0.0000000E+00 ,  0.2312284    
       12211 ,       12074 ,  0.3918858     ,  0.2145223    
       12212 ,       12028 ,  0.9364956     ,  0.3706210    
       12213 ,       12002 ,  0.0000000E+00 ,  0.2702377    
       12214 ,       12010 ,  0.0000000E+00 ,  0.1500748    
       12215 ,       12002 ,  0.0000000E+00 ,  0.2379662    
       12216 ,       12002 ,  0.0000000E+00 ,  0.1480754    
       12217 ,       12066 ,  0.0000000E+00 ,  0.1042002    
       12219 ,       12066 ,  0.0000000E+00 ,  0.2203261    
       12220 ,       20251 ,  0.0000000E+00 ,   2.045075    
       12221 ,       20251 ,  0.1668649     ,   2.022617    
       12222 ,       20183 ,  0.6565397     ,  0.1425410    
       12223 ,       20501 ,   1.000000     ,   1.816797    
       12224 ,       20537 ,  0.0000000E+00 ,  0.1144374    
       12225 ,       20081 ,  0.8804857     ,  0.5975168    
       12226 ,       20081 ,  0.1195142     ,  0.2793458    
       12227 ,       20549 ,  0.0000000E+00 ,  0.2628352    
       12228 ,       20549 ,  0.0000000E+00 ,  9.5084444E-02
       12229 ,       20524 ,   1.000000     ,  0.3724736    
       12230 ,       20405 ,   1.000000     ,  0.6138655    
       12231 ,       20093 ,   1.000000     ,  0.9524986    
       12232 ,       20341 ,   1.000000     ,   10.03855    
       12233 ,       20521 ,   1.000000     ,   4.607958    
       12234 ,       20121 ,   1.000000     ,   2.052285    
       12235 ,       20006 ,  0.0000000E+00 ,  0.1293374    
       12236 ,       20006 ,  0.0000000E+00 ,  0.1370711    
       12237 ,       20395 ,  0.0000000E+00 ,  0.1375623    
       12238 ,       20177 ,  0.0000000E+00 ,  0.1617423    
       12239 ,       20175 ,   1.000000     ,  0.2633834    
       12241 ,       20001 ,  0.0000000E+00 ,  0.4487489    
       12242 ,       20214 ,  2.4333443E-03 ,  8.2214698E-02
       12243 ,       20458 ,   1.000000     ,  0.7938166    
       12244 ,       20458 ,  0.0000000E+00 ,  8.9011893E-02
       12245 ,       20458 ,  0.0000000E+00 ,  1.4651396E-03
       12251 ,       20205 ,  0.0000000E+00 ,  9.3097255E-02
       12252 ,       20460 ,  0.0000000E+00 ,  0.3755857    
       12254 ,       30212 ,  0.0000000E+00 ,  0.1227574    
       12255 ,       20498 ,  0.0000000E+00 ,  0.2969740    
       12256 ,       20498 ,  0.0000000E+00 ,  6.7351498E-03
       12258 ,       20190 ,  0.0000000E+00 ,  5.0258424E-02
       12259 ,       20190 ,  0.0000000E+00 ,  0.1011449    
       12260 ,       30091 ,  0.0000000E+00 ,  8.5758649E-02
       12261 ,       30091 ,  0.0000000E+00 ,  6.4373404E-02
       12262 ,       30091 ,  0.0000000E+00 ,  3.2909971E-02
       12264 ,       30091 ,  0.0000000E+00 ,  7.5592346E-02
       12265 ,       30070 ,  0.0000000E+00 ,  9.8106585E-02
       12266 ,       30070 ,  0.0000000E+00 ,  0.1803291    
       12267 ,       30108 ,  0.0000000E+00 ,  5.2577384E-02
       12268 ,       30108 ,  0.0000000E+00 ,  2.1040935E-02
       12271 ,       30061 ,  0.0000000E+00 ,  5.4575525E-02
       12275 ,       30061 ,  0.0000000E+00 ,  5.1905077E-02
       12276 ,       30061 ,  0.0000000E+00 ,  1.6312784E-02
       12277 ,       27008 ,  0.0000000E+00 ,  1.1468475E-02
       12278 ,       27008 ,  0.0000000E+00 ,  2.3003573E-02
       12279 ,        7062 ,  0.0000000E+00 ,  7.3817939E-02
       12280 ,        7062 ,  0.0000000E+00 ,  7.4444041E-02
       12281 ,        7062 ,   1.000000     ,  5.5015810E-02
       12282 ,        7068 ,  0.0000000E+00 ,  1.2816784E-02
       12283 ,        7043 ,  0.5204829     ,  0.8454694    
       12284 ,        7084 ,  0.2866070     ,  0.4205328    
       12285 ,        7084 ,  0.0000000E+00 ,  0.1572570    
       12286 ,        7005 ,  0.0000000E+00 ,  0.2021825    
       12287 ,        7005 ,   1.000000     ,  0.5808853    
       12288 ,        7076 ,  0.0000000E+00 ,  0.2631481    
       12289 ,        7076 ,  0.0000000E+00 ,  0.1902655    
       12291 ,        7096 ,  4.1209761E-02 ,  0.1369285    
       12292 ,        7100 ,  0.0000000E+00 ,  4.5634829E-02
       12293 ,        7077 ,  0.0000000E+00 ,  0.1086928    
       12295 ,        7077 ,  0.0000000E+00 ,  3.6477707E-03
       12296 ,        7077 ,  0.0000000E+00 ,  0.1140243    
       12299 ,        7065 ,  0.0000000E+00 ,  1.0513186E-02
       12300 ,        7065 ,  0.0000000E+00 ,  8.3139360E-02
       12301 ,        7065 ,  0.0000000E+00 ,  3.4036692E-02
       12304 ,       27017 ,  0.0000000E+00 ,  1.5234165E-02
       12305 ,       27017 ,  0.0000000E+00 ,  2.8188456E-02
       12306 ,       27017 ,  0.0000000E+00 ,  4.6901617E-02
       12307 ,       27017 ,  0.0000000E+00 ,  4.4044331E-02
       12308 ,       27017 ,  0.0000000E+00 ,  4.3312065E-02
       12535 ,       12038 ,  0.0000000E+00 ,  2.4345499E-02
       12536 ,       12038 ,  0.1788255     ,  0.1070973    
       12537 ,       12038 ,  0.0000000E+00 ,  9.7869240E-02
       12538 ,       12038 ,  0.0000000E+00 ,  5.9779719E-02
       12539 ,       12048 ,  0.0000000E+00 ,  1.8093554E-02
       12540 ,       12048 ,  0.0000000E+00 ,  2.5165850E-02
       12541 ,       12048 ,  0.0000000E+00 ,  1.6702445E-02
       12545 ,       12022 ,  0.0000000E+00 ,  5.2744737E-03
       12551 ,       12054 ,  0.0000000E+00 ,  9.0840459E-02
       12552 ,       12054 ,  0.0000000E+00 ,  1.5463809E-02
       12555 ,       12032 ,  0.0000000E+00 ,  9.3471512E-02
       12556 ,       12040 ,  0.0000000E+00 ,  9.1570288E-02
       12557 ,       12040 ,  0.0000000E+00 ,  8.2998708E-02
       12558 ,       12075 ,  0.0000000E+00 ,  7.7353485E-02
       12560 ,       12075 ,  0.0000000E+00 ,  7.0028983E-02
       12561 ,       12075 ,  4.5911524E-02 ,  0.1656620    
       12562 ,       12061 ,  0.0000000E+00 ,  1.6017687E-02
       12563 ,       12042 ,   1.000000     ,  0.3777182    
       12564 ,       12074 ,  5.3242590E-02 ,  0.9131349    
       12565 ,       12074 ,  0.5548716     ,  0.1581254    
       12566 ,       12002 ,  0.0000000E+00 ,  0.2310777    
       12567 ,       12002 ,  0.2450540     ,  0.4184928    
       12568 ,       12002 ,  0.7549460     ,  6.6585680E-03
       12570 ,       12024 ,  0.0000000E+00 ,  0.4492019    
       12571 ,       12024 ,  0.2055340     ,  0.1246600    
       12572 ,       12005 ,  0.1981731     ,  0.3224350    
       12573 ,       12005 ,  0.8018270     ,  0.1778265    
       12574 ,       20251 ,  0.8331351     ,   1.775989    
       12575 ,       20259 ,   1.000000     ,  0.5392729    
       12576 ,       20484 ,   1.000000     ,  0.4199548    
       12577 ,       20230 ,   1.000000     ,  0.6225444    
       12578 ,       20520 ,  0.0000000E+00 ,  0.2172790    
       12579 ,       20520 ,   1.000000     ,  0.6172645    
       12580 ,       20237 ,  0.2690292     ,  0.2206059    
       12581 ,       20549 ,   1.000000     ,  0.6126248    
       12582 ,       20456 ,  4.0958729E-02 ,  0.6257372    
       12583 ,       20540 ,  9.6538350E-02 ,   3.686661    
       12584 ,       20540 ,  0.9034616     ,  0.6863195    
       12585 ,       20486 ,   1.000000     ,  0.9827620    
       12586 ,       20422 ,   1.000000     ,  0.5221858    
       12587 ,       20176 ,  0.0000000E+00 ,  0.5080723    
       12588 ,       20264 ,   1.000000     ,  0.6302469    
       12589 ,       20451 ,   1.000000     ,   1.574525    
       12590 ,       20311 ,   1.000000     ,  0.1418900    
       12591 ,       20177 ,  0.0000000E+00 ,  0.1230939    
       12595 ,       20214 ,  0.9975666     ,  0.0000000E+00
       12597 ,       20458 ,  0.0000000E+00 ,  0.1834486    
       12598 ,       20458 ,  0.0000000E+00 ,  0.3195429    
       12604 ,       20468 ,   1.000000     ,  0.0000000E+00
       12605 ,       30212 ,  0.0000000E+00 ,  0.1509605    
       12606 ,       30212 ,  0.0000000E+00 ,  0.1335075    
       12607 ,       30212 ,  0.0000000E+00 ,  0.2686091    
       12608 ,       30130 ,  0.0000000E+00 ,  0.1016731    
       12609 ,       30130 ,  2.8660551E-03 ,  1.2056602E-02
       12613 ,       30142 ,  0.0000000E+00 ,  6.4655937E-02
       12615 ,       30091 ,  0.0000000E+00 ,  3.0733148E-02
       12616 ,       30091 ,  0.0000000E+00 ,  7.7280670E-02
       12617 ,       30070 ,  0.0000000E+00 ,  0.1694518    
       12618 ,       30070 ,  0.0000000E+00 ,  9.2096739E-02
       12619 ,       30070 ,  0.0000000E+00 ,  9.6899025E-02
       12620 ,       30108 ,  0.0000000E+00 ,  7.4849479E-02
       12621 ,       30108 ,  0.0000000E+00 ,  5.0807126E-02
       12622 ,       30108 ,  0.0000000E+00 ,  0.1015146    
       12623 ,       30108 ,  0.0000000E+00 ,  3.7051648E-02
       12624 ,       30061 ,  0.0000000E+00 ,  5.2566148E-02
       12627 ,       30061 ,  0.0000000E+00 ,  4.4926211E-02
       12628 ,       30061 ,  0.0000000E+00 ,  3.4015026E-02
       12632 ,       27008 ,  0.0000000E+00 ,  4.3805983E-02
       12633 ,        7062 ,  0.0000000E+00 ,  0.4193907    
       12634 ,        7068 ,  0.0000000E+00 ,  2.0765724E-02
       12635 ,        7088 ,   1.000000     ,  0.1112410    
       12636 ,        7068 ,  0.5466497     ,  0.2231773    
       12637 ,        7084 ,  0.7133930     ,  0.5706464    
       12638 ,        7045 ,  0.7320774     ,  0.0000000E+00
       12640 ,       27015 ,  0.5061926     ,  0.2007611    
       12641 ,       27015 ,  0.0000000E+00 ,  1.3549422E-02
       12643 ,        7096 ,  0.0000000E+00 ,  8.7789193E-02
       12644 ,        7096 ,  0.0000000E+00 ,  0.1329655    
       12645 ,        7096 ,  0.2457402     ,  9.0040497E-02
       12646 ,        7077 ,  0.0000000E+00 ,  5.4971073E-02
       12647 ,        7077 ,  0.0000000E+00 ,  6.4994045E-02
       12648 ,        7077 ,  0.0000000E+00 ,  8.2035527E-02
       12649 ,        7077 ,  0.0000000E+00 ,  0.1040458    
       12650 ,        7065 ,  0.0000000E+00 ,  3.2036334E-02
       12651 ,        7065 ,  0.0000000E+00 ,  3.5207946E-02
       12652 ,        7065 ,  0.0000000E+00 ,  3.7073150E-02
       12653 ,        7065 ,  0.0000000E+00 ,  2.4024248E-02
       12656 ,       27017 ,  0.0000000E+00 ,  5.1259510E-03
       12657 ,       27017 ,  0.0000000E+00 ,  5.2515652E-02
       12658 ,       27017 ,  0.0000000E+00 ,  6.5431610E-02
       12659 ,       27017 ,  0.0000000E+00 ,  7.6897994E-02
       12660 ,       27017 ,  0.0000000E+00 ,  1.8164834E-02
       12661 ,       27017 ,  0.0000000E+00 ,  3.0198030E-02
       12888 ,       12038 ,  0.0000000E+00 ,  6.7400694E-02
       12890 ,       12038 ,  0.0000000E+00 ,  1.1184945E-02
       12891 ,       12038 ,  0.0000000E+00 ,  9.3169518E-02
       12892 ,       12038 ,  0.0000000E+00 ,  1.1800099E-03
       12893 ,       12048 ,  0.0000000E+00 ,  1.0272169E-02
       12894 ,       12022 ,  0.0000000E+00 ,  8.3321817E-02
       12895 ,       12022 ,  0.0000000E+00 ,  2.9259853E-02
       12905 ,       12054 ,  0.0000000E+00 ,  0.1134811    
       12908 ,       12032 ,   1.000000     ,  6.5175153E-02
       12911 ,       12075 ,  0.0000000E+00 ,  2.5046555E-02
       12912 ,       12075 ,  0.1859796     ,  7.5850949E-02
       12913 ,       12075 ,  0.0000000E+00 ,  0.1038427    
       12914 ,       12075 ,  5.4419640E-02 ,  0.1297926    
       12920 ,       12002 ,  0.0000000E+00 ,  7.5992107E-02
       12922 ,       12045 ,  0.0000000E+00 ,  1.9949889E-02
       12923 ,       12045 ,  0.6641336     ,  0.2815048    
       12924 ,       12024 ,  0.7944661     ,  6.9178224E-02
       12925 ,       12033 ,   1.000000     ,  0.2880438    
       12926 ,       20567 ,  0.0000000E+00 ,  0.1032749    
       12927 ,       20567 ,   1.000000     ,  0.5688766    
       12928 ,       20199 ,   1.000000     ,   1.173514    
       12929 ,       20034 ,  1.1621770E-02 ,  0.1975128    
       12930 ,       20290 ,   1.000000     ,   4.463755    
       12931 ,       20529 ,  0.8970737     ,   2.484758    
       12932 ,       20529 ,  0.1029263     ,  0.3868513    
       12933 ,       20237 ,  0.7309707     ,  0.7056515    
       12934 ,       20039 ,  0.1888404     ,  0.4385298    
       12935 ,       20456 ,  0.9590414     ,  0.7178978    
       12936 ,       20089 ,  0.0000000E+00 ,  5.3443469E-02
       12937 ,       20556 ,   1.000000     ,   7.170306    
       12938 ,       20287 ,   1.000000     ,   1.224733    
       12939 ,       20488 ,   1.000000     ,  0.7383694    
       12940 ,       20176 ,  0.5023935     ,  8.6367808E-02
       12941 ,       20270 ,  5.1443413E-02 ,  0.1004297    
       12942 ,       20436 ,  4.8346393E-02 ,  0.7663145    
       12943 ,       20558 ,  5.4088097E-02 ,   3.149122    
       12944 ,       20558 ,  0.6922924     ,  0.2522457    
       12945 ,       20220 ,   1.000000     ,   1.067997    
       12946 ,       20220 ,  0.0000000E+00 ,  0.2461887    
       12951 ,       20559 ,  0.0000000E+00 ,  0.3124948    
       12952 ,       20009 ,  0.0000000E+00 ,  0.7639455    
       12953 ,       20009 ,  4.3599058E-02 ,  0.7202972    
       12954 ,       20009 ,  0.9564009     ,  8.2608536E-02
       12956 ,       20205 ,  0.0000000E+00 ,  1.2307887E-02
       12957 ,       30130 ,  0.0000000E+00 ,  4.1323155E-02
       12958 ,       30212 ,   1.000000     ,  6.6896871E-02
       12959 ,       30212 ,  0.0000000E+00 ,  0.1501926    
       12960 ,       30212 ,  0.0000000E+00 ,  1.9063860E-02
       12961 ,       30130 ,  0.0000000E+00 ,  5.5489875E-02
       12962 ,       30130 ,  0.2298910     ,  6.3524187E-02
       12963 ,       30142 ,  0.0000000E+00 ,  2.7713627E-02
       12966 ,       30144 ,  0.0000000E+00 ,  0.1108330    
       12967 ,       30144 ,  0.0000000E+00 ,  9.1142729E-02
       12968 ,       30144 ,  0.0000000E+00 ,  0.1069410    
       12969 ,       30172 ,  0.0000000E+00 ,  0.1307092    
       12970 ,       30070 ,  0.0000000E+00 ,  0.1916212    
       12971 ,       30070 ,  0.0000000E+00 ,  5.0540466E-02
       12974 ,       30108 ,  0.0000000E+00 ,  7.2349861E-02
       12975 ,       30108 ,  0.0000000E+00 ,  3.9559929E-03
       12976 ,       30108 ,  0.0000000E+00 ,  6.4779617E-02
       12977 ,       30061 ,  0.0000000E+00 ,  6.0827427E-02
       12978 ,       30061 ,  0.0000000E+00 ,  3.0726450E-02
       12979 ,       30061 ,  0.0000000E+00 ,  2.0278800E-02
       12980 ,       30061 ,  0.0000000E+00 ,  4.6342108E-02
       12984 ,       27008 ,  0.0000000E+00 ,  1.9988852E-02
       12985 ,       27008 ,  0.0000000E+00 ,  2.9196573E-02
       12986 ,       27008 ,  0.0000000E+00 ,  1.3963560E-02
       12987 ,        7068 ,  0.0000000E+00 ,  0.1745724    
       12988 ,        7048 ,  0.1701631     ,  6.8406790E-02
       12989 ,        7068 ,  0.4533503     ,  0.1794730    
       12990 ,        7068 ,  0.0000000E+00 ,  0.1471527    
       12991 ,       27016 ,   1.000000     ,  0.3413571    
       12992 ,       27015 ,  0.0000000E+00 ,  9.5014371E-02
       12993 ,       27015 ,  0.0000000E+00 ,  0.2088115    
       12994 ,       27015 ,  0.0000000E+00 ,  6.9253549E-02
       12995 ,       27015 ,  0.0000000E+00 ,  0.1444861    
       12998 ,        7077 ,  0.1092412     ,  0.2673958    
       12999 ,        7077 ,  0.0000000E+00 ,  0.1518963    
       13000 ,        7077 ,  0.0000000E+00 ,  2.2149611E-02
       13002 ,        7065 ,  0.3553446     ,  5.7714209E-02
       13003 ,        7065 ,  0.3487780     ,  4.6976887E-02
       13006 ,        7065 ,  0.0000000E+00 ,  2.6373309E-03
       13007 ,       27017 ,  0.0000000E+00 ,  9.2568941E-02
       13008 ,       27017 ,  0.0000000E+00 ,  5.6899481E-02
       13009 ,       27017 ,  0.9651024     ,  8.8965595E-02
       13010 ,       27017 ,  0.0000000E+00 ,  8.5426286E-02
       13011 ,       27017 ,  0.0000000E+00 ,  9.8363943E-02
       13012 ,       27017 ,  0.0000000E+00 ,  7.0884429E-02
       13013 ,       27017 ,  0.0000000E+00 ,  5.9483908E-02
       13014 ,       27017 ,  0.0000000E+00 ,  6.2228856E-03
       13235 ,       16052 ,  5.8783028E-02 ,  1.3679987E-02
       13236 ,       16052 ,  3.5804284E-03 ,  1.9276928E-02
       13239 ,       12068 ,  0.0000000E+00 ,  1.6727870E-02
       13240 ,       12068 ,  0.0000000E+00 ,  0.1047337    
       13241 ,       12068 ,  0.0000000E+00 ,  6.5147340E-02
       13245 ,       12038 ,  0.0000000E+00 ,  0.1033625    
       13246 ,       12038 ,  0.0000000E+00 ,  0.1126778    
       13247 ,       12048 ,  0.0000000E+00 ,  5.0209360E-03
       13258 ,       12054 ,  0.0000000E+00 ,  9.7894087E-02
       13264 ,       12075 ,  0.0000000E+00 ,  1.1286681E-03
       13266 ,       12075 ,  0.0000000E+00 ,  6.2157027E-02
       13267 ,       12075 ,  0.0000000E+00 ,  1.0152165E-02
       13268 ,       12075 ,  0.0000000E+00 ,  0.1616277    
       13275 ,       12045 ,  0.0000000E+00 ,  0.1628800    
       13276 ,       12045 ,  0.2292280     ,  0.1290421    
       13277 ,       12045 ,  0.1066384     ,  0.0000000E+00
       13278 ,       12033 ,  0.0000000E+00 ,  0.3994753    
       13279 ,       12070 ,  0.1184054     ,  0.5038013    
       13281 ,       20186 ,   1.000000     ,   1.187921    
       13283 ,       20381 ,   1.000000     ,   1.147178    
       13284 ,       20352 ,  0.9539129     ,  0.9575739    
       13285 ,       20352 ,  4.6087179E-02 ,   3.167728    
       13286 ,       20160 ,   1.000000     ,  0.4370722    
       13287 ,       20039 ,  0.8111596     ,   1.593678    
       13288 ,       20462 ,   1.000000     ,   1.052756    
       13290 ,       20321 ,   1.000000     ,  0.4792685    
       13291 ,       20552 ,   1.000000     ,   3.110962    
       13292 ,       20548 ,  0.1396018     ,   1.115109    
       13293 ,       20416 ,  0.0000000E+00 ,  0.2292774    
       13294 ,       20416 ,   1.000000     ,  0.7707226    
       13295 ,       20313 ,  0.0000000E+00 ,  0.4555715    
       13296 ,       20558 ,  9.1819558E-03 ,  0.9299349    
       13297 ,       20558 ,  0.2444375     ,  0.3282373    
       13298 ,       20527 ,   1.000000     ,  0.4303054    
       13299 ,       20425 ,   1.000000     ,  0.5472336    
       13300 ,       20326 ,   1.000000     ,  0.0000000E+00
       13304 ,       20559 ,  0.6011508     ,  0.3509599    
       13305 ,       20559 ,  0.3988492     ,  0.3402941    
       13309 ,       20044 ,  0.0000000E+00 ,  1.7848503E-02
       13310 ,       30130 ,  0.0000000E+00 ,  0.1431021    
       13311 ,       30130 ,  0.2221690     ,  8.7262228E-02
       13312 ,       30212 ,  0.0000000E+00 ,  0.2587855    
       13313 ,       30130 ,  0.2854332     ,  5.8510985E-02
       13314 ,       30130 ,  3.6965073E-03 ,  7.0600033E-02
       13315 ,       30130 ,  0.0000000E+00 ,  2.0977700E-02
       13316 ,       30142 ,  0.0000000E+00 ,  5.5923160E-02
       13317 ,       30142 ,  0.0000000E+00 ,  4.6063699E-02
       13318 ,       30142 ,  0.0000000E+00 ,  1.1947805E-02
       13319 ,       30144 ,  0.0000000E+00 ,  0.1373705    
       13321 ,       30172 ,  0.0000000E+00 ,  0.1340528    
       13322 ,       30172 ,  0.0000000E+00 ,  5.0858669E-03
       13323 ,       30089 ,  0.0000000E+00 ,  0.2357570    
       13324 ,       30070 ,  0.0000000E+00 ,  5.5314448E-02
       13326 ,       30108 ,  0.0000000E+00 ,  7.4492440E-02
       13327 ,       30108 ,  0.0000000E+00 ,  3.8035188E-02
       13328 ,       30108 ,  0.0000000E+00 ,  2.2421082E-02
       13330 ,       30061 ,  0.0000000E+00 ,  8.7750331E-03
       13331 ,       30061 ,  0.0000000E+00 ,  5.5155784E-02
       13332 ,       30061 ,  0.0000000E+00 ,  9.5028663E-03
       13338 ,       27008 ,  0.1206744     ,  2.4916621E-02
       13339 ,       27008 ,  0.0000000E+00 ,  5.0564092E-02
       13340 ,        7048 ,  0.0000000E+00 ,  2.1641502E-02
       13341 ,        7048 ,  0.8298368     ,  0.2187325    
       13342 ,        7068 ,  0.0000000E+00 ,  0.1435313    
       13343 ,       27016 ,  0.0000000E+00 ,  0.2624020    
       13344 ,       27016 ,  0.0000000E+00 ,  0.1828873    
       13345 ,       27015 ,  0.1554083     ,  0.1734129    
       13346 ,       27015 ,  0.3383991     ,  4.1703016E-02
       13347 ,       27015 ,  0.0000000E+00 ,  6.3032612E-02
       13348 ,       27012 ,  0.0000000E+00 ,  2.2042084E-02
       13349 ,       27012 ,  0.0000000E+00 ,  1.2786113E-02
       13350 ,       27012 ,  0.0000000E+00 ,  1.6101941E-02
       13351 ,        7077 ,  0.8310784     ,  8.2467727E-02
       13353 ,        7065 ,  0.0000000E+00 ,  2.8815124E-02
       13354 ,        7016 ,  0.0000000E+00 ,  0.1360356    
       13355 ,        7065 ,  0.2743281     ,  7.0910521E-02
       13356 ,        7065 ,  2.1549361E-02 ,  4.4036891E-02
       13357 ,        7065 ,  0.0000000E+00 ,  1.9705871E-02
       13358 ,        7065 ,  0.0000000E+00 ,  3.5468809E-02
       13359 ,        7050 ,  0.0000000E+00 ,  0.1459363    
       13360 ,       27007 ,  0.0000000E+00 ,  0.1065882    
       13362 ,       27017 ,  3.4897678E-02 ,  4.8105467E-02
       13363 ,       27017 ,  0.0000000E+00 ,  6.4196172E-03
       13365 ,       27001 ,  0.0000000E+00 ,  2.1243600E-02
       13366 ,       27001 ,  0.0000000E+00 ,  3.7207957E-02
       13585 ,       16052 ,  0.0000000E+00 ,  1.2250543E-02
       13586 ,       16052 ,  2.7060078E-02 ,  7.5671427E-02
       13587 ,       16052 ,  3.7297741E-02 ,  4.3939382E-02
       13588 ,       16052 ,  0.6514078     ,  0.2603554    
       13589 ,       16052 ,  7.8839911E-03 ,  0.1600921    
       13590 ,       12068 ,  0.0000000E+00 ,  7.9916827E-02
       13591 ,       12068 ,  0.0000000E+00 ,  9.3576401E-02
       13592 ,       12068 ,  0.0000000E+00 ,  8.2990564E-02
       13593 ,       12068 ,  0.5773094     ,  0.1268970    
       13594 ,       12068 ,  0.0000000E+00 ,  4.6339933E-02
       13598 ,       12038 ,  0.0000000E+00 ,  5.8652703E-02
       13599 ,       12038 ,  0.0000000E+00 ,  0.1130402    
       13600 ,       12022 ,  0.0000000E+00 ,  8.9440726E-02
       13601 ,       12022 ,  0.0000000E+00 ,  4.4220504E-03
       13611 ,       12054 ,  0.0000000E+00 ,  0.1033812    
       13614 ,       12006 ,  0.0000000E+00 ,  0.1449337    
       13615 ,       12006 ,  0.0000000E+00 ,  8.6869866E-02
       13618 ,       12075 ,  1.8435348E-02 ,  0.0000000E+00
       13619 ,       12075 ,  0.2047884     ,  6.7928024E-02
       13621 ,       12059 ,  0.0000000E+00 ,  0.1339315    
       13622 ,       12034 ,  0.0000000E+00 ,  9.2356570E-02
       13627 ,       12045 ,  0.0000000E+00 ,  0.1426976    
       13628 ,       12045 ,  0.0000000E+00 ,  0.1152531    
       13631 ,       21011 ,  0.0000000E+00 ,  0.7018294    
       13632 ,       12070 ,  0.8815947     ,  0.3307543    
       13634 ,       21003 ,  0.0000000E+00 ,  0.1718296    
       13636 ,       20032 ,   1.000000     ,  0.9114891    
       13637 ,       20261 ,   1.000000     ,   1.675448    
       13638 ,       20455 ,   1.000000     ,   1.590095    
       13639 ,       21055 ,  0.2226143     ,   1.188829    
       13640 ,       20568 ,  0.8885856     ,  7.1429409E-02
       13641 ,       20400 ,   1.000000     ,   2.846352    
       13644 ,       20018 ,  0.3942502     ,  0.4023087    
       13645 ,       20548 ,  0.8603982     ,  0.3033723    
       13649 ,       20177 ,  0.0000000E+00 ,  0.1950864    
       13650 ,       20177 ,  0.0000000E+00 ,  0.1423759    
       13651 ,       20276 ,  2.4797894E-02 ,  0.4313779    
       13652 ,       20276 ,  0.9752021     ,  0.6252346    
       13653 ,       20019 ,  0.0000000E+00 ,  4.2104043E-02
       13654 ,       20182 ,   1.000000     ,  0.8606470    
       13655 ,       20136 ,   1.000000     ,  0.5112306    
       13657 ,       20559 ,  0.0000000E+00 ,  3.1466044E-02
       13658 ,       20417 ,  1.6278755E-02 ,  4.2526577E-02
       13659 ,       20417 ,  0.9837213     ,  0.6560309    
       13661 ,       20184 ,  0.0000000E+00 ,  4.4853259E-02
       13662 ,       20044 ,  0.0000000E+00 ,  0.2839981    
       13663 ,       30130 ,  0.2559443     ,  7.8286648E-02
       13664 ,       30130 ,  0.0000000E+00 ,  5.9235737E-02
       13665 ,       30130 ,  0.0000000E+00 ,  2.2607824E-02
       13666 ,       30130 ,  0.0000000E+00 ,  4.8720259E-02
       13667 ,       30130 ,  0.0000000E+00 ,  7.9378918E-02
       13668 ,       30094 ,  0.0000000E+00 ,  4.2736039E-02
       13669 ,       30094 ,  0.0000000E+00 ,  1.6082477E-02
       13670 ,       30142 ,  0.4266023     ,  9.8035723E-02
       13671 ,       30142 ,  0.0000000E+00 ,  3.2770328E-02
       13672 ,       30144 ,  0.0000000E+00 ,  6.4853147E-02
       13673 ,       30144 ,  0.3059496     ,  0.1789801    
       13674 ,       30172 ,  0.0000000E+00 ,  0.1735613    
       13675 ,       30172 ,  0.0000000E+00 ,  0.2358525    
       13676 ,       30089 ,  0.0000000E+00 ,  0.2044966    
       13677 ,       30070 ,   1.000000     ,  5.6686953E-02
       13679 ,       30108 ,  0.0000000E+00 ,  4.1623641E-02
       13680 ,       30108 ,  0.0000000E+00 ,  2.9678592E-02
       13681 ,       30108 ,  0.0000000E+00 ,  3.4392264E-02
       13683 ,       30061 ,  0.0000000E+00 ,  6.5441921E-02
       13684 ,       30061 ,  0.0000000E+00 ,  5.8143366E-02
       13685 ,       30061 ,  0.0000000E+00 ,  6.1557133E-02
       13686 ,       27008 ,  0.0000000E+00 ,  6.2271408E-03
       13687 ,       27008 ,  0.0000000E+00 ,  2.2296369E-02
       13688 ,       27008 ,  0.0000000E+00 ,  2.4611326E-02
       13689 ,       27008 ,  0.0000000E+00 ,  1.7659018E-02
       13691 ,       27008 ,  0.0000000E+00 ,  4.2389784E-02
       13692 ,       27008 ,  0.0000000E+00 ,  2.5093954E-02
       13693 ,        7048 ,  0.0000000E+00 ,  9.2426829E-02
       13694 ,        7048 ,  0.0000000E+00 ,  0.1723990    
       13695 ,        7048 ,  0.0000000E+00 ,  8.2119957E-02
       13696 ,       27016 ,  0.0000000E+00 ,  2.1703316E-02
       13697 ,       27009 ,  0.0000000E+00 ,  0.1436793    
       13698 ,       27009 ,  0.0000000E+00 ,  0.1846261    
       13699 ,       27009 ,   1.000000     ,  0.1133381    
       13700 ,       27012 ,  0.0000000E+00 ,  5.2856885E-02
       13701 ,       27012 ,  0.0000000E+00 ,  8.8633321E-02
       13702 ,       27012 ,  0.0000000E+00 ,  5.6211930E-02
       13703 ,       27012 ,  0.0000000E+00 ,  6.7234144E-02
       13704 ,       27012 ,  0.0000000E+00 ,  4.9466819E-02
       13705 ,        7065 ,  0.0000000E+00 ,  6.6719711E-02
       13706 ,        7065 ,  0.0000000E+00 ,  3.2882202E-02
       13707 ,        7065 ,  0.0000000E+00 ,  1.7740767E-02
       13708 ,        7065 ,  0.0000000E+00 ,  3.6216885E-02
       13709 ,        7065 ,  0.0000000E+00 ,  3.7943065E-02
       13710 ,        7065 ,  0.0000000E+00 ,  3.0141674E-02
       13711 ,        7050 ,  0.0000000E+00 ,  1.8348351E-02
       13712 ,        7050 ,  0.0000000E+00 ,  0.1335423    
       13713 ,       27001 ,  0.0000000E+00 ,  6.5149389E-02
       13716 ,       27001 ,  0.0000000E+00 ,  4.4269968E-02
       13717 ,       27001 ,  0.0000000E+00 ,  2.5076004E-02
       13718 ,       27001 ,  0.0000000E+00 ,  4.9685866E-02
       13719 ,       27001 ,  0.0000000E+00 ,  3.7190113E-02
       13934 ,       16052 ,  4.2485837E-03 ,  4.6155479E-02
       13935 ,       16052 ,  2.5203280E-02 ,  6.9094375E-02
       13936 ,       16052 ,  0.0000000E+00 ,  6.9472432E-02
       13937 ,       16052 ,  0.0000000E+00 ,  7.2597347E-02
       13938 ,       16052 ,  0.0000000E+00 ,  4.8693996E-02
       13939 ,       16052 ,  4.6948139E-03 ,  1.9598100E-02
       13940 ,       16052 ,  9.2595242E-02 ,  8.8237077E-02
       13941 ,       16052 ,  8.7244980E-02 ,  6.0326260E-02
       13943 ,       12068 ,  0.0000000E+00 ,  1.1063426E-02
       13944 ,       12068 ,  0.0000000E+00 ,  4.6235006E-02
       13946 ,       12068 ,  0.0000000E+00 ,  1.9760478E-02
       13947 ,       12016 ,  0.0000000E+00 ,  0.1653168    
       13949 ,       12016 ,  0.0000000E+00 ,  0.1013035    
       13951 ,       12038 ,  0.0000000E+00 ,  2.6945486E-03
       13952 ,       12038 ,  0.0000000E+00 ,  8.7938368E-02
       13953 ,       12022 ,  0.0000000E+00 ,  8.7515952E-04
       13954 ,       12022 ,  0.0000000E+00 ,  6.5632276E-02
       13955 ,       12022 ,  0.0000000E+00 ,  8.9603618E-02
       13956 ,       12022 ,  0.0000000E+00 ,  4.8847985E-02
       13961 ,       12003 ,  0.0000000E+00 ,  2.8753007E-02
       13964 ,       12054 ,  0.0000000E+00 ,  8.4620394E-02
       13967 ,       12006 ,  0.0000000E+00 ,  0.2143420    
       13968 ,       12006 ,  0.0000000E+00 ,  8.7233737E-02
       13969 ,       12026 ,  0.0000000E+00 ,  0.2038122    
       13970 ,       12017 ,  0.0000000E+00 ,  0.1774012    
       13971 ,       12035 ,  5.1130079E-02 ,  1.4346018E-02
       13972 ,       12059 ,  0.0000000E+00 ,  0.1333334    
       13975 ,       12034 ,  0.0000000E+00 ,  5.2241690E-02
       13976 ,       12034 ,  0.1635678     ,  0.3971726    
       13977 ,       12008 ,  0.0000000E+00 ,  2.9057164E-02
       13978 ,       12019 ,  0.9974022     ,  0.3558698    
       13979 ,       12019 ,  0.0000000E+00 ,  0.3363739    
       13980 ,       12019 ,  0.0000000E+00 ,  0.3893871    
       13982 ,       21081 ,   1.000000     ,  0.2784536    
       13984 ,       21198 ,  0.8316864     ,  0.7327172    
       13985 ,       21191 ,   1.000000     ,  0.7538623    
       13986 ,       21191 ,  0.0000000E+00 ,  0.2387429    
       13987 ,       21113 ,  0.0000000E+00 ,  0.5197324    
       13988 ,       21003 ,  0.0000000E+00 ,  0.1778482    
       13989 ,       21066 ,  0.0000000E+00 ,  0.4875395    
       13991 ,       21055 ,  0.0000000E+00 ,  8.0141015E-02
       13992 ,       21055 ,  0.7773857     ,  0.9671201    
       13993 ,       21135 ,   1.000000     ,  3.9067663E-02
       13994 ,       20476 ,   1.000000     ,   7.798378    
       13998 ,       20548 ,  0.0000000E+00 ,  0.1923296    
       14001 ,       20206 ,  0.0000000E+00 ,  4.2174712E-02
       14002 ,       20431 ,   1.000000     ,   1.046468    
       14003 ,       20431 ,  0.0000000E+00 ,  0.4872366    
       14004 ,       20355 ,  2.9729547E-02 ,   1.884659    
       14005 ,       20438 ,   1.000000     ,   6.625561    
       14006 ,       20330 ,   1.000000     ,  0.0000000E+00
       14008 ,       20136 ,  0.0000000E+00 ,  0.8358868    
       14012 ,       20166 ,   1.000000     ,   1.028952    
       14013 ,       20184 ,  0.0000000E+00 ,  7.8105383E-02
       14014 ,       20184 ,  0.0000000E+00 ,  6.3711800E-02
       14015 ,       20044 ,  0.0000000E+00 ,  0.1775848    
       14016 ,       20044 ,  0.0000000E+00 ,  0.2739048    
       14017 ,       30169 ,  0.0000000E+00 ,  1.3289545E-02
       14018 ,       30130 ,  0.0000000E+00 ,  7.0933267E-02
       14019 ,       30130 ,  0.0000000E+00 ,  4.7308899E-02
       14020 ,       30094 ,  0.0000000E+00 ,  2.8551362E-02
       14021 ,       30094 ,  0.0000000E+00 ,  7.2034225E-02
       14022 ,       30094 ,  0.2096541     ,  9.8977081E-02
       14023 ,       30142 ,  0.0000000E+00 ,  2.3453191E-02
       14024 ,       30142 ,  0.4088880     ,  0.1025739    
       14025 ,       30142 ,  0.1645098     ,  0.1217256    
       14026 ,       30144 ,  0.6940504     ,  0.3769945    
       14027 ,       30116 ,  0.8488473     ,  0.4118930    
       14028 ,       30172 ,   1.000000     ,  0.3495841    
       14029 ,       30089 ,  0.0000000E+00 ,  0.1506497    
       14031 ,       30108 ,  0.0000000E+00 ,  7.3848427E-03
       14032 ,       30108 ,  0.0000000E+00 ,  3.6309034E-02
       14033 ,       30108 ,  0.0000000E+00 ,  1.8045278E-02
       14034 ,       30111 ,  0.0000000E+00 ,  7.8477897E-02
       14035 ,       30061 ,  0.0000000E+00 ,  4.1254349E-02
       14036 ,       30061 ,  0.1934308     ,  9.5749594E-02
       14037 ,       30061 ,  1.0433890E-03 ,  0.0000000E+00
       14038 ,       27008 ,  0.0000000E+00 ,  1.2058351E-02
       14039 ,       27008 ,  0.0000000E+00 ,  2.0850038E-02
       14040 ,       27008 ,  0.0000000E+00 ,  1.9410574E-03
       14041 ,       27008 ,  0.0000000E+00 ,  2.8541448E-02
       14042 ,       27008 ,  0.0000000E+00 ,  3.4150653E-02
       14043 ,       27008 ,  0.0000000E+00 ,  3.5981514E-02
       14044 ,       27008 ,  0.0000000E+00 ,  3.9308503E-02
       14045 ,       27008 ,  0.3747574     ,  4.7260832E-02
       14046 ,        7074 ,  0.0000000E+00 ,  0.1948481    
       14047 ,        7074 ,  0.0000000E+00 ,  0.2129379    
       14048 ,        7048 ,  0.0000000E+00 ,  0.1500263    
       14049 ,       27004 ,  0.0000000E+00 ,  1.4387174E-02
       14050 ,       27004 ,  0.0000000E+00 ,  4.2061206E-02
       14051 ,       27009 ,  0.0000000E+00 ,  0.1221258    
       14052 ,       27009 ,  0.0000000E+00 ,  3.3608329E-02
       14053 ,       27009 ,  0.0000000E+00 ,  0.1765304    
       14054 ,       27012 ,  0.4032539     ,  9.8472401E-02
       14055 ,       27012 ,  9.1316411E-03 ,  1.8389227E-02
       14056 ,       27012 ,  0.0000000E+00 ,  5.4833300E-02
       14057 ,       27012 ,  0.0000000E+00 ,  1.4781490E-02
       14058 ,       27012 ,  0.0000000E+00 ,  3.9478615E-02
       14059 ,        7065 ,  0.0000000E+00 ,  1.8492524E-02
       14060 ,       27012 ,  0.0000000E+00 ,  8.0299363E-02
       14061 ,        7016 ,   1.000000     ,  0.2714012    
       14062 ,        7065 ,  0.0000000E+00 ,  5.9202958E-02
       14063 ,       27007 ,  1.0441628E-02 ,  3.5430729E-02
       14064 ,       27007 ,  0.8818161     ,  0.6990051    
       14065 ,        7050 ,  1.4301630E-02 ,  0.1250951    
       14066 ,       27001 ,  0.0000000E+00 ,  4.7175668E-02
       14067 ,       27001 ,  0.0000000E+00 ,  2.5329315E-03
       14070 ,       27001 ,  0.0000000E+00 ,  5.7088692E-02
       14071 ,       27001 ,  0.0000000E+00 ,  1.6103150E-02
       14072 ,       27001 ,  0.0000000E+00 ,  3.7196867E-02
       14285 ,       16008 ,  0.0000000E+00 ,  7.0313856E-02
       14286 ,       16008 ,  0.0000000E+00 ,  6.7829050E-02
       14287 ,       16008 ,  0.0000000E+00 ,  1.8964456E-02
       14293 ,       16052 ,  0.0000000E+00 ,  6.7925125E-02
       14299 ,       12016 ,  0.0000000E+00 ,  7.0998907E-02
       14300 ,       12016 ,  0.0000000E+00 ,  0.1003158    
       14302 ,       12016 ,  0.0000000E+00 ,  0.1448271    
       14309 ,       12022 ,  0.0000000E+00 ,  8.7420724E-02
       14314 ,       12003 ,  0.4415914     ,  0.2710825    
       14315 ,       12054 ,   1.000000     ,  8.6881883E-02
       14316 ,       12054 ,  0.0000000E+00 ,  0.1059737    
       14317 ,       12054 ,  0.0000000E+00 ,  0.1173403    
       14321 ,       12006 ,   1.000000     ,  0.3320397    
       14322 ,       12026 ,   1.000000     ,  0.2559030    
       14323 ,       12017 ,  0.0000000E+00 ,  0.2204256    
       14324 ,       12035 ,  0.0000000E+00 ,  3.8019057E-02
       14325 ,       12035 ,  0.0000000E+00 ,  0.2116101    
       14329 ,       12008 ,  0.0000000E+00 ,  0.4916482    
       14330 ,       12019 ,  2.5977571E-03 ,  0.1971656    
       14331 ,       12019 ,  0.0000000E+00 ,  0.1777158    
       14332 ,       12019 ,  0.0000000E+00 ,  0.3631329    
       14335 ,       21198 ,  0.0000000E+00 ,  0.1526346    
       14336 ,       21198 ,  0.0000000E+00 ,  0.4416037    
       14337 ,       21198 ,  0.1683136     ,  0.3105009    
       14338 ,       21056 ,   1.000000     ,  0.7396072    
       14339 ,       21056 ,  0.0000000E+00 ,  0.4461445    
       14340 ,       21155 ,   1.000000     ,  0.5524256    
       14342 ,       21141 ,  0.5054535     ,  0.8385181    
       14343 ,       21141 ,  0.4945465     ,  0.4630197    
       14344 ,       21112 ,   1.000000     ,  0.5784287    
       14345 ,       21112 ,  0.0000000E+00 ,  0.2031989    
       14346 ,       20340 ,  0.0000000E+00 ,  0.3677480    
       14347 ,       20340 ,   1.000000     ,  0.5712712    
       14348 ,       20373 ,   1.000000     ,  0.2091101    
       14351 ,       20548 ,  0.0000000E+00 ,  0.1753860    
       14354 ,       20244 ,  0.7034171     ,  0.8458875    
       14355 ,       20244 ,  9.9566601E-02 ,  0.0000000E+00
       14356 ,       20058 ,   1.000000     ,   1.028821    
       14358 ,       20187 ,   1.000000     ,   1.646471    
       14359 ,       20116 ,   1.000000     ,  0.3461565    
       14360 ,       20134 ,  0.0000000E+00 ,  0.3185658    
       14361 ,       20134 ,   1.000000     ,  0.4156666    
       14362 ,       20232 ,   1.000000     ,  0.1285268    
       14364 ,       20232 ,  0.0000000E+00 ,  0.3088480    
       14365 ,       20184 ,  0.2381607     ,  0.1943382    
       14366 ,       20184 ,  2.7430922E-02 ,  2.1767259E-02
       14368 ,       20044 ,  0.0000000E+00 ,  0.1055273    
       14369 ,       20044 ,  0.0000000E+00 ,  1.5955552E-02
       14370 ,       30169 ,  0.0000000E+00 ,  6.0079884E-02
       14372 ,       30077 ,  0.6849718     ,  0.1497529    
       14373 ,       30077 ,  0.3150282     ,  1.8438108E-02
       14374 ,       30094 ,  0.7903458     ,  0.1401320    
       14375 ,       30094 ,  0.0000000E+00 ,  0.1331253    
       14376 ,       30142 ,  0.0000000E+00 ,  0.1649751    
       14377 ,       30142 ,  0.0000000E+00 ,  0.1185353    
       14378 ,       30142 ,  0.0000000E+00 ,  5.7503600E-02
       14379 ,       30003 ,  9.1504902E-02 ,  0.1442399    
       14380 ,       30145 ,   1.000000     ,  0.2346766    
       14381 ,       30172 ,  0.0000000E+00 ,  0.1861374    
       14382 ,       30120 ,  0.1546283     ,  0.4923270    
       14383 ,       30199 ,   1.000000     ,   4.936324    
       14384 ,       30108 ,  0.5952882     ,  6.5991633E-02
       14386 ,       30111 ,  0.1689439     ,  0.1847114    
       14387 ,       30111 ,  0.7484006     ,  0.2645259    
       14388 ,       30111 ,  0.0000000E+00 ,  0.2700158    
       14389 ,       30061 ,  0.8055258     ,  0.3259116    
       14391 ,       27008 ,  0.0000000E+00 ,  6.4073328E-04
       14392 ,       27008 ,  0.0000000E+00 ,  2.3215372E-02
       14393 ,       27008 ,  0.0000000E+00 ,  1.1820384E-02
       14394 ,       27008 ,  0.0000000E+00 ,  2.2469714E-02
       14396 ,       27008 ,  6.2642016E-02 ,  3.9610855E-02
       14397 ,       27008 ,  6.8725497E-02 ,  2.9829627E-02
       14398 ,       27008 ,  0.0000000E+00 ,  5.0286971E-02
       14399 ,        7074 ,  0.0000000E+00 ,  9.2958314E-03
       14400 ,        7074 ,  0.7294659     ,  0.2772211    
       14401 ,       27004 ,  1.5313730E-02 ,  8.2137793E-02
       14402 ,       27004 ,  0.0000000E+00 ,  2.9151550E-02
       14403 ,       27004 ,  0.1278859     ,  4.2331703E-02
       14404 ,       27009 ,  0.0000000E+00 ,  9.5952712E-02
       14405 ,       27009 ,  0.0000000E+00 ,  0.1400160    
       14406 ,       27012 ,  0.0000000E+00 ,  5.7458464E-02
       14407 ,       27012 ,  0.0000000E+00 ,  5.5611033E-02
       14408 ,       27012 ,  0.4646683     ,  0.1012055    
       14410 ,       27012 ,  0.0000000E+00 ,  5.5776179E-02
       14411 ,       27012 ,  0.0000000E+00 ,  5.4965083E-02
       14412 ,       27011 ,  0.0000000E+00 ,  3.1324789E-02
       14413 ,       27012 ,  0.0000000E+00 ,  1.8319895E-02
       14416 ,        7065 ,  0.0000000E+00 ,  5.9159342E-02
       14417 ,       27007 ,  0.0000000E+00 ,  5.4184776E-02
       14419 ,       27001 ,  0.3585368     ,  5.2991705E-03
       14420 ,       27001 ,  0.1945139     ,  3.6832370E-02
       14422 ,       27001 ,  0.0000000E+00 ,  1.0125666E-02
       14423 ,       27001 ,  0.0000000E+00 ,  5.6684777E-02
       14424 ,       27001 ,  0.0000000E+00 ,  2.9018993E-02
       14425 ,       27001 ,  0.0000000E+00 ,  4.6563219E-02
       14634 ,       16008 ,  0.0000000E+00 ,  2.5386680E-02
       14635 ,       16008 ,  0.0000000E+00 ,  6.6181347E-02
       14636 ,       16008 ,  0.0000000E+00 ,  0.1259468    
       14637 ,       16008 ,  0.0000000E+00 ,  6.4053155E-02
       14638 ,       16008 ,  0.0000000E+00 ,  1.3076498E-02
       14646 ,       16010 ,  0.0000000E+00 ,  8.4732063E-02
       14647 ,       16052 ,  0.0000000E+00 ,  5.0665304E-04
       14652 ,       12016 ,  0.0000000E+00 ,  7.9243451E-02
       14655 ,       12016 ,  0.0000000E+00 ,  0.1334124    
       14659 ,       12073 ,  0.0000000E+00 ,  4.8685204E-02
       14660 ,       12073 ,  0.0000000E+00 ,  2.8794149E-02
       14662 ,       12022 ,  0.0000000E+00 ,  5.9963189E-02
       14663 ,       12022 ,  0.0000000E+00 ,  3.7959196E-02
       14666 ,       12067 ,  8.1624433E-02 ,  0.1863448    
       14667 ,       12067 ,  0.5430350     ,  0.3151284    
       14668 ,       12067 ,  0.0000000E+00 ,  0.1968001    
       14669 ,       12054 ,  0.0000000E+00 ,  3.6880113E-02
       14674 ,       12026 ,  0.0000000E+00 ,  0.3977014    
       14675 ,       12058 ,  0.0000000E+00 ,  9.1159947E-02
       14676 ,       12017 ,  0.0000000E+00 ,  0.3931381    
       14677 ,       12035 ,  5.7005878E-03 ,  0.2330066    
       14678 ,       12035 ,  0.0000000E+00 ,  0.1584972    
       14679 ,       12059 ,  8.7344520E-02 ,  0.1460510    
       14680 ,       12059 ,  0.2756481     ,  4.1189831E-02
       14681 ,       12034 ,  0.0000000E+00 ,  2.7211217E-02
       14682 ,       12008 ,  0.0000000E+00 ,  0.5627844    
       14683 ,       12008 ,  0.0000000E+00 ,  0.1189048    
       14685 ,       21087 ,  0.0000000E+00 ,  0.2437077    
       14687 ,       21032 ,   1.000000     ,  0.3024180    
       14689 ,       21198 ,  0.0000000E+00 ,  0.1395800    
       14690 ,       21056 ,  0.0000000E+00 ,  0.6010768    
       14691 ,       21056 ,  0.0000000E+00 ,  7.0199102E-02
       14692 ,       21024 ,   1.000000     ,  0.6646352    
       14693 ,       21113 ,   1.000000     ,  0.7784896    
       14694 ,       21009 ,  0.7886537     ,  6.0540747E-02
       14695 ,       21139 ,  4.4117995E-02 ,  0.1707742    
       14696 ,       21003 ,  0.4949526     ,  0.2898713    
       14697 ,       21127 ,  0.1312338     ,  0.1748855    
       14698 ,       20459 ,  0.0000000E+00 ,  6.9776893E-02
       14699 ,       20022 ,   1.000000     ,  0.7543421    
       14700 ,       20459 ,   1.000000     ,  0.5049530    
       14702 ,       21027 ,   1.000000     ,  0.1760339    
       14703 ,       21027 ,  0.0000000E+00 ,  7.7918274E-03
       14704 ,       20548 ,  0.0000000E+00 ,  0.1436347    
       14705 ,       21129 ,  0.0000000E+00 ,  0.3063387    
       14706 ,       21035 ,  0.0000000E+00 ,  2.6930556E-02
       14707 ,       21035 ,  9.7678101E-04 ,  0.6729184    
       14708 ,       21035 ,  0.0000000E+00 ,  0.3564467    
       14709 ,       20434 ,   1.000000     ,   4.135561    
       14710 ,       20396 ,   1.000000     ,   2.300488    
       14711 ,       20171 ,  0.9984140     ,  0.5177169    
       14712 ,       20171 ,  1.5859797E-03 ,  0.0000000E+00
       14713 ,       20309 ,  0.0000000E+00 ,  0.7274206    
       14714 ,       20309 ,   1.000000     ,   1.565044    
       14715 ,       20278 ,  0.0000000E+00 ,  0.4790823    
       14716 ,       20278 ,  0.0000000E+00 ,  0.2851289    
       14717 ,       20232 ,  0.0000000E+00 ,  0.3475384    
       14718 ,       20184 ,  0.5594254     ,  0.1676410    
       14719 ,       20184 ,  0.1124965     ,  0.1369327    
       14720 ,       20184 ,  6.2486619E-02 ,  0.1726431    
       14721 ,       20044 ,  0.9991377     ,  0.3470637    
       14722 ,       30169 ,  0.1169007     ,  0.1690127    
       14723 ,       30169 ,  0.8830993     ,  0.3613175    
       14724 ,       30077 ,  0.0000000E+00 ,  0.1455042    
       14725 ,       30077 ,  0.0000000E+00 ,  0.1535513    
       14726 ,       30094 ,  0.0000000E+00 ,  9.8132007E-02
       14727 ,       30094 ,  0.0000000E+00 ,  0.1318636    
       14728 ,       30094 ,  0.0000000E+00 ,  8.3207220E-02
       14730 ,       30003 ,  1.9866871E-03 ,  0.0000000E+00
       14731 ,       30003 ,  0.0000000E+00 ,  0.1140564    
       14732 ,       30003 ,  0.0000000E+00 ,  0.1817413    
       14733 ,       30104 ,  0.0000000E+00 ,  0.7056796    
       14734 ,       30145 ,  0.0000000E+00 ,   1.092089    
       14735 ,       30120 ,  9.7647980E-02 ,  0.7300321    
       14736 ,       30120 ,  0.1990278     ,  0.2013531    
       14737 ,       30108 ,  0.4030053     ,  0.2003895    
       14738 ,       30108 ,  0.0000000E+00 ,  0.1399724    
       14739 ,       30206 ,  0.8103401     ,   3.790711    
       14740 ,       30111 ,  0.0000000E+00 ,  0.2939521    
       14741 ,       30111 ,  0.0000000E+00 ,  0.2876083    
       14742 ,       30204 ,  0.0000000E+00 ,  0.3105957    
       14743 ,       27008 ,  0.0000000E+00 ,  1.2654271E-02
       14744 ,       27008 ,  0.0000000E+00 ,  3.0004654E-02
       14745 ,       27008 ,  0.0000000E+00 ,  1.1439739E-02
       14746 ,       27008 ,  0.0000000E+00 ,  2.0412412E-02
       14747 ,       27008 ,  0.0000000E+00 ,  3.7880782E-02
       14748 ,       27008 ,  5.7960507E-02 ,  5.6212246E-02
       14749 ,       27008 ,  6.9080167E-02 ,  8.6684391E-02
       14750 ,       27008 ,  5.5771459E-02 ,  8.6654171E-02
       14751 ,       27008 ,  6.8388558E-03 ,  0.1091219    
       14752 ,       27006 ,  0.2074782     ,  0.2586147    
       14753 ,       27006 ,  0.0000000E+00 ,  0.2812055    
       14754 ,       27004 ,  9.1720931E-03 ,  0.1447985    
       14755 ,       27004 ,  0.1113144     ,  0.1610860    
       14756 ,       27004 ,  0.3175744     ,  5.7856753E-02
       14757 ,       27004 ,  0.0000000E+00 ,  1.9549647E-02
       14758 ,       27004 ,  0.0000000E+00 ,  2.9616702E-02
       14761 ,       27012 ,  0.1229462     ,  4.5704786E-02
       14762 ,       27012 ,  0.0000000E+00 ,  8.0111064E-03
       14763 ,       27012 ,  0.0000000E+00 ,  5.0063280E-04
       14764 ,       27011 ,  0.0000000E+00 ,  5.5482291E-02
       14765 ,       27011 ,  0.0000000E+00 ,  6.4418979E-02
       14766 ,       27011 ,  0.0000000E+00 ,  2.4798012E-04
       14767 ,       27011 ,  0.0000000E+00 ,  5.7817888E-02
       14768 ,       27011 ,  0.0000000E+00 ,  7.5285524E-02
       14769 ,       27011 ,  0.0000000E+00 ,  6.8386942E-02
       14770 ,       27007 ,  0.1077423     ,  0.1344647    
       14771 ,        4003 ,  0.0000000E+00 ,  1.9012004E-02
       14772 ,       27001 ,  4.5064129E-03 ,  5.0412610E-02
       14773 ,       27001 ,  1.8368009E-02 ,  5.5612344E-02
       14774 ,       27001 ,  0.0000000E+00 ,  3.7200160E-02
       14775 ,       27001 ,  0.0000000E+00 ,  3.7195709E-02
       14776 ,       27001 ,  0.0000000E+00 ,  7.1613401E-02
       14777 ,       27001 ,  0.0000000E+00 ,  5.6879643E-02
       14778 ,       27001 ,  0.0000000E+00 ,  4.9225215E-02
       14779 ,       27001 ,  0.0000000E+00 ,  8.4478091E-03
       14985 ,       16008 ,  0.0000000E+00 ,  4.1153148E-02
       14986 ,       16008 ,  0.0000000E+00 ,  6.0562134E-02
       14987 ,       16008 ,  0.0000000E+00 ,  3.3563539E-02
       14989 ,       16008 ,  0.0000000E+00 ,  2.5842616E-02
       14999 ,       16010 ,  2.4681687E-02 ,  0.1141227    
       15003 ,       16010 ,  1.4609637E-02 ,  0.0000000E+00
       15004 ,       16010 ,  0.2778386     ,  5.8765206E-02
       15005 ,       12016 ,  0.2396354     ,  4.5360181E-02
       15006 ,       12016 ,  0.7603646     ,  0.1615010    
       15007 ,       12016 ,  0.0000000E+00 ,  5.6691930E-02
       15011 ,       12073 ,  0.0000000E+00 ,  8.6237490E-02
       15012 ,       12073 ,  0.0000000E+00 ,  6.9396704E-02
       15013 ,       12073 ,  0.0000000E+00 ,  2.7386865E-02
       15014 ,       12073 ,  0.0000000E+00 ,  5.1896889E-02
       15015 ,       12022 ,  0.0000000E+00 ,  2.1778395E-02
       15016 ,       12022 ,  0.0000000E+00 ,  8.0548272E-02
       15017 ,       12022 ,  2.7156491E-03 ,  7.4447334E-02
       15018 ,       12050 ,  6.8226993E-02 ,  0.1360216    
       15019 ,       12050 ,  0.1328510     ,  0.6255281    
       15020 ,       12067 ,  0.0000000E+00 ,  8.4356047E-02
       15021 ,       12067 ,  0.3753406     ,  0.5608773    
       15022 ,       12007 ,  0.2016662     ,  0.4215264    
       15023 ,       12007 ,  0.7752270     ,  2.9063469E-02
       15027 ,       12058 ,  0.0000000E+00 ,  0.1039620    
       15028 ,       12058 ,  0.0000000E+00 ,  0.1824155    
       15029 ,       12026 ,  0.0000000E+00 ,  0.1081160    
       15030 ,       12035 ,  2.8140992E-03 ,  0.1991814    
       15031 ,       12035 ,  1.1942389E-02 ,  6.3466206E-02
       15032 ,       12059 ,  0.6370074     ,  0.2527705    
       15033 ,       12034 ,  0.0000000E+00 ,  6.4428002E-02
       15034 ,       12034 ,  0.6812484     ,  9.7591087E-02
       15035 ,       12034 ,  0.0000000E+00 ,  0.1426652    
       15038 ,       21087 ,  0.0000000E+00 ,  0.3573259    
       15040 ,       21032 ,  0.0000000E+00 ,  0.5327600    
       15041 ,       21032 ,  0.0000000E+00 ,  0.6332862    
       15042 ,       21047 ,  0.5913167     ,  0.1124439    
       15043 ,       21047 ,  0.0000000E+00 ,  0.1211975    
       15045 ,       21059 ,  0.0000000E+00 ,  0.1747873    
       15046 ,       21157 ,  0.0000000E+00 ,  0.1886969    
       15047 ,       21009 ,  0.2113463     ,   1.663245    
       15048 ,       21003 ,  1.5721248E-03 ,  7.5216301E-02
       15049 ,       21003 ,  0.5034752     ,  0.3242056    
       15050 ,       21196 ,   1.000000     ,  0.8099651    
       15051 ,       21190 ,   1.000000     ,  0.7942913    
       15052 ,       21190 ,  0.0000000E+00 ,  1.0844259E-02
       15053 ,       20459 ,  0.0000000E+00 ,  0.1600606    
       15054 ,       21027 ,  0.0000000E+00 ,  0.7113304    
       15055 ,       21027 ,  0.0000000E+00 ,  0.6852591    
       15057 ,       21129 ,  0.0000000E+00 ,  0.1986228    
       15058 ,       21129 ,  0.0000000E+00 ,  0.2397058    
       15059 ,       21035 ,  0.4653738     ,  0.4469670    
       15060 ,       21035 ,  0.0000000E+00 ,  1.4354832E-02
       15061 ,       20490 ,  0.8025862     ,   1.835820    
       15062 ,       20490 ,  0.1974138     ,   3.198842    
       15063 ,       20406 ,   1.000000     ,  0.4902403    
       15065 ,       20169 ,   1.000000     ,  0.0000000E+00
       15068 ,       20278 ,  0.5710245     ,  1.1468292E-03
       15069 ,       20278 ,  0.0000000E+00 ,  2.2046114E-03
       15071 ,       30207 ,  0.1274593     ,  0.1146041    
       15072 ,       30207 ,  0.1353305     ,   2.309045    
       15073 ,       30176 ,  2.2363670E-02 ,  0.7039050    
       15074 ,       30176 ,  0.0000000E+00 ,  0.3529690    
       15075 ,       30054 ,  0.0000000E+00 ,  0.1496087    
       15076 ,       30054 ,  0.0000000E+00 ,  0.2812519    
       15077 ,       30169 ,  0.0000000E+00 ,  0.1775317    
       15078 ,       30077 ,  0.0000000E+00 ,  0.2472288    
       15079 ,       30094 ,  0.0000000E+00 ,  8.4942095E-02
       15081 ,       30073 ,  0.0000000E+00 ,  0.1373517    
       15082 ,       30073 ,  0.4397244     ,  0.1735333    
       15083 ,       30073 ,  0.3134065     ,  0.3139638    
       15084 ,       30003 ,  0.0000000E+00 ,  1.5062257E-02
       15085 ,       30149 ,  7.4040912E-02 ,  0.1619359    
       15086 ,       30104 ,  0.0000000E+00 ,  0.9583332    
       15087 ,       30104 ,  0.3805373     ,  0.9561412    
       15088 ,       30059 ,  0.0000000E+00 ,  0.2096882    
       15090 ,       30039 ,  0.1749625     ,  0.1850723    
       15091 ,       30048 ,  5.1006597E-02 ,  0.2584434    
       15092 ,       30206 ,  0.1896599     ,  0.3859462    
       15093 ,       30039 ,  0.0000000E+00 ,  0.4203054    
       15094 ,       30204 ,  0.1007347     ,  0.1377319    
       15095 ,       30204 ,  0.4595091     ,  0.2463233    
       15096 ,       27008 ,  0.1835497     ,  5.2157760E-02
       15097 ,       27008 ,  0.0000000E+00 ,  2.6845496E-02
       15098 ,       27008 ,  0.0000000E+00 ,  3.6262516E-02
       15100 ,       27002 ,  1.3748035E-02 ,  1.6540833E-02
       15101 ,       27002 ,  2.1851061E-02 ,  8.2680270E-02
       15102 ,       27002 ,  3.0433781E-02 ,  7.4927449E-02
       15103 ,       27002 ,  1.8016994E-02 ,  6.4488538E-02
       15104 ,       27006 ,  1.5400447E-02 ,  7.5223416E-02
       15105 ,       27006 ,  0.0000000E+00 ,  9.6774802E-02
       15106 ,       27006 ,  0.2267834     ,  0.1658772    
       15107 ,       27006 ,  0.0000000E+00 ,  6.4024553E-02
       15108 ,       27013 ,  5.7533234E-03 ,  2.3593981E-02
       15109 ,       27013 ,  0.7006924     ,  0.1366680    
       15110 ,       27004 ,  1.4654035E-02 ,  6.0964484E-02
       15111 ,       27004 ,  0.0000000E+00 ,  1.1575013E-02
       15114 ,       27012 ,  0.0000000E+00 ,  7.6222164E-04
       15115 ,       27012 ,  0.0000000E+00 ,  5.2708607E-02
       15116 ,       27012 ,  0.0000000E+00 ,  5.6599885E-02
       15117 ,       27011 ,  0.0000000E+00 ,  6.9585264E-02
       15118 ,       27011 ,  0.0000000E+00 ,  0.1489895    
       15119 ,       27011 ,  0.0000000E+00 ,  6.9046326E-02
       15120 ,       27011 ,  0.0000000E+00 ,  1.6036164E-02
       15121 ,       27011 ,  0.0000000E+00 ,  3.9641879E-04
       15122 ,        4007 ,  0.0000000E+00 ,  2.5795635E-02
       15123 ,        4007 ,  0.0000000E+00 ,  0.2426670    
       15124 ,        4003 ,  0.0000000E+00 ,  7.2130603E-03
       15125 ,       27001 ,  0.0000000E+00 ,  2.0714918E-02
       15128 ,       27001 ,  0.0000000E+00 ,  5.1739032E-04
       15129 ,       27001 ,  0.0000000E+00 ,  3.5208131E-03
       15130 ,       27001 ,  0.4240748     ,  3.5708982E-02
       15133 ,        4011 ,  0.0000000E+00 ,  3.9509375E-02
       15134 ,        4011 ,  0.0000000E+00 ,  6.4000033E-02
       15135 ,        4011 ,  0.0000000E+00 ,  3.6286585E-02
       15136 ,        4011 ,  0.0000000E+00 ,  4.1102454E-02
       15137 ,        4011 ,  0.0000000E+00 ,  1.2639962E-02
       15138 ,        4011 ,  0.0000000E+00 ,  2.7044518E-02
       15337 ,       16008 ,  0.0000000E+00 ,  9.8052993E-03
       15338 ,       16008 ,  0.0000000E+00 ,  4.9541678E-02
       15351 ,       16010 ,  0.0000000E+00 ,  9.2113160E-02
       15352 ,       16010 ,  0.6828701     ,  0.1119379    
       15353 ,       16010 ,  0.0000000E+00 ,  7.4812554E-02
       15354 ,       16010 ,  0.0000000E+00 ,  7.1476921E-02
       15356 ,       16010 ,  0.0000000E+00 ,  3.9637793E-02
       15357 ,       16010 ,  0.0000000E+00 ,  6.1781909E-02
       15363 ,       12073 ,  0.0000000E+00 ,  4.3493241E-02
       15364 ,       12073 ,  0.0000000E+00 ,  8.4029309E-02
       15367 ,       12073 ,  0.0000000E+00 ,  3.2565251E-02
       15368 ,       12073 ,  0.0000000E+00 ,  0.1298951    
       15369 ,       12022 ,  0.0000000E+00 ,  3.1694066E-02
       15370 ,       12022 ,  0.0000000E+00 ,  1.1727650E-02
       15371 ,       16077 ,  0.4617002     ,  0.4538795    
       15372 ,       12050 ,  0.0000000E+00 ,  0.5322531    
       15373 ,       12064 ,   1.000000     ,  0.4130768    
       15374 ,       12064 ,  0.0000000E+00 ,  0.1771515    
       15375 ,       12007 ,  2.3106843E-02 ,  8.2704425E-02
       15376 ,       15105 ,  0.0000000E+00 ,  0.1654081    
       15377 ,       12007 ,  0.0000000E+00 ,  0.3154266    
       15378 ,       12031 ,  0.1160944     ,  0.6117168    
       15379 ,       12058 ,  0.0000000E+00 ,  5.8346376E-02
       15380 ,       12058 ,  0.7995666     ,  0.1310733    
       15381 ,       12058 ,  0.2004333     ,  0.3637601    
       15382 ,       12055 ,  0.0000000E+00 ,  3.5150770E-02
       15383 ,       12035 ,  0.0000000E+00 ,  0.1852080    
       15384 ,       12035 ,  0.6733014     ,  0.2436501    
       15385 ,       12035 ,  0.1289922     ,  0.4312917    
       15386 ,       12034 ,  0.1551838     ,  0.1099968    
       15388 ,       12034 ,  0.0000000E+00 ,  7.6207995E-02
       15389 ,       12034 ,  0.0000000E+00 ,  3.7040580E-02
       15391 ,       21087 ,  0.0000000E+00 ,  1.7662670E-02
       15392 ,       21087 ,  0.9109859     ,  0.2537091    
       15393 ,       21087 ,  8.9014113E-02 ,  0.6741864    
       15394 ,       21073 ,  0.6986009     ,  0.1129701    
       15395 ,       21047 ,  0.1239100     ,  0.2436212    
       15396 ,       21047 ,  4.6577044E-03 ,  0.1254621    
       15399 ,       21157 ,   1.000000     ,  0.3609734    
       15400 ,       21157 ,  0.0000000E+00 ,  0.1608896    
       15402 ,       21003 ,  0.0000000E+00 ,  0.1615162    
       15404 ,       21190 ,  0.0000000E+00 ,  0.3368416    
       15405 ,       21190 ,  0.0000000E+00 ,  9.7401306E-02
       15406 ,       21018 ,  0.0000000E+00 ,  9.4380148E-02
       15408 ,       21209 ,  0.6240904     ,  0.2835675    
       15409 ,       21209 ,  0.3759096     ,  0.1873189    
       15410 ,       21124 ,   1.000000     ,  0.4440448    
       15411 ,       21214 ,   1.000000     ,   1.673807    
       15412 ,       21035 ,  0.5129765     ,  0.9640402    
       15413 ,       21217 ,  4.3807987E-02 ,  0.6462393    
       15414 ,       21217 ,  0.5656280     ,  0.5424669    
       15416 ,       20406 ,  0.0000000E+00 ,  0.1784743    
       15417 ,       20406 ,  0.0000000E+00 ,  0.1565785    
       15421 ,       20278 ,  0.4289755     ,  0.1571211    
       15422 ,       20278 ,  0.0000000E+00 ,  0.3683230    
       15423 ,       30207 ,  0.0000000E+00 ,  6.9293283E-02
       15424 ,       30207 ,  0.5484400     ,  0.3018763    
       15425 ,       30207 ,  0.0000000E+00 ,  0.1155198    
       15426 ,       30176 ,  0.9400638     ,  0.1868710    
       15427 ,       30190 ,   1.000000     ,  0.4545988    
       15428 ,       30054 ,  0.2543937     ,  9.5313489E-02
       15429 ,       30208 ,  0.0000000E+00 ,  0.5075518    
       15430 ,       30208 ,  0.0000000E+00 ,  0.3933388    
       15432 ,       30143 ,  0.0000000E+00 ,  0.1207995    
       15433 ,       30141 ,  0.0000000E+00 ,  6.9555022E-02
       15434 ,       30073 ,  0.0000000E+00 ,  0.1774220    
       15435 ,       30073 ,  0.0000000E+00 ,  0.1200856    
       15436 ,       30073 ,  0.2468691     ,  0.1549399    
       15438 ,       30149 ,  0.2973501     ,  8.6907811E-02
       15439 ,       30149 ,  0.5819870     ,  0.6728775    
       15440 ,       30209 ,   1.000000     ,  0.3711844    
       15441 ,       30209 ,  0.0000000E+00 ,  0.4086597    
       15443 ,       30039 ,  4.4368128E-03 ,  0.0000000E+00
       15444 ,       30039 ,  2.2416818E-03 ,  0.0000000E+00
       15445 ,       30039 ,  5.6821477E-02 ,  0.1145107    
       15446 ,       30039 ,  0.0000000E+00 ,  8.5652590E-02
       15448 ,       30204 ,  0.4397562     ,  3.8419928E-02
       15449 ,       27002 ,  0.0000000E+00 ,  3.0685311E-02
       15450 ,       27002 ,  3.5334632E-02 ,  5.0350554E-02
       15451 ,       27002 ,  3.3694229E-04 ,  9.4822301E-03
       15453 ,       27002 ,  2.9335070E-02 ,  0.0000000E+00
       15454 ,       27002 ,  9.1869824E-02 ,  3.6314808E-02
       15455 ,       27002 ,  6.2900677E-02 ,  7.5918853E-02
       15456 ,       27002 ,  3.0246325E-02 ,  7.8196704E-02
       15457 ,       27006 ,  0.3741339     ,  0.1084869    
       15458 ,       27005 ,  0.0000000E+00 ,  0.1298195    
       15459 ,       27010 ,  2.2032404E-02 ,  0.2020409    
       15460 ,       27010 ,  9.8913431E-02 ,  0.1793394    
       15461 ,       27013 ,  1.2456574E-02 ,  0.3463927    
       15462 ,       27013 ,  0.0000000E+00 ,  0.2952079    
       15463 ,       27004 ,  0.1110737     ,  4.0828843E-02
       15464 ,       27004 ,  7.1948563E-04 ,  4.0368427E-02
       15465 ,       27004 ,  0.0000000E+00 ,  1.4403997E-03
       15471 ,       27011 ,  0.8931196     ,  0.1259100    
       15472 ,        4007 ,  0.0000000E+00 ,  2.1744896E-02
       15473 ,        4007 ,  0.0000000E+00 ,  0.1186034    
       15474 ,        4007 ,  0.0000000E+00 ,  9.9891141E-02
       15475 ,        4007 ,  0.0000000E+00 ,  9.7771429E-02
       15477 ,        4003 ,  0.0000000E+00 ,  2.5912844E-02
       15478 ,       27001 ,  0.0000000E+00 ,  2.2457004E-02
       15480 ,       27001 ,  0.0000000E+00 ,  4.9457936E-05
       15483 ,        4011 ,  0.0000000E+00 ,  1.4242517E-02
       15485 ,        4011 ,  0.0000000E+00 ,  3.1434633E-02
       15486 ,        4011 ,  0.0000000E+00 ,  5.1231675E-02
       15488 ,        4011 ,  0.0000000E+00 ,  3.5846919E-02
       15489 ,        4011 ,  0.0000000E+00 ,  4.1185929E-03
       15490 ,        4011 ,  0.0000000E+00 ,  1.8537842E-02
       15690 ,       16008 ,  0.0000000E+00 ,  8.6943612E-02
       15695 ,       16015 ,  0.0000000E+00 ,  8.2572423E-02
       15704 ,       16010 ,  0.0000000E+00 ,  7.7333953E-04
       15707 ,       16010 ,  0.0000000E+00 ,  9.7182142E-03
       15708 ,       16010 ,  0.0000000E+00 ,  0.1170446    
       15709 ,       16010 ,  0.0000000E+00 ,  9.1773942E-02
       15716 ,       12073 ,  0.0000000E+00 ,  8.9831911E-02
       15718 ,       12073 ,  0.0000000E+00 ,  1.1820315E-02
       15719 ,       12073 ,  0.0000000E+00 ,  5.2243210E-02
       15720 ,       12073 ,   1.000000     ,  0.2184099    
       15721 ,       12073 ,  0.0000000E+00 ,  1.1206084E-02
       15723 ,       16077 ,  0.0000000E+00 ,  0.1217411    
       15724 ,       16077 ,  0.0000000E+00 ,  0.1235670    
       15725 ,       12027 ,  0.9672959     ,  0.1978737    
       15726 ,       12064 ,  0.0000000E+00 ,  0.1505273    
       15728 ,       15105 ,  0.0000000E+00 ,  9.1913417E-02
       15729 ,       15105 ,  0.0000000E+00 ,  0.1598985    
       15730 ,       15105 ,  0.0000000E+00 ,  7.5642601E-02
       15731 ,       12031 ,  0.8839056     ,  8.0914043E-02
       15732 ,       12058 ,  0.0000000E+00 ,  4.6844114E-02
       15733 ,       12047 ,  0.0000000E+00 ,  0.4230350    
       15734 ,       12037 ,  3.0446646E-03 ,  0.1678598    
       15735 ,       12055 ,  0.0000000E+00 ,  9.6266471E-02
       15736 ,       12055 ,  0.0000000E+00 ,  1.0524148E-02
       15737 ,       12055 ,  0.1079980     ,  0.1323800    
       15738 ,       12055 ,  4.3155404E-04 ,  0.2440049    
       15739 ,       12015 ,  0.9920696     ,  0.1461156    
       15740 ,       17017 ,  2.6061008E-02 ,  1.1735863E-02
       15741 ,       17025 ,  0.0000000E+00 ,  0.3225720    
       15742 ,       12034 ,  0.0000000E+00 ,  9.0113975E-02
       15743 ,       17025 ,  0.0000000E+00 ,  1.1485000E-02
       15746 ,       21160 ,  0.9593986     ,   1.252858    
       15747 ,       21073 ,  8.9231823E-03 ,  0.3530298    
       15748 ,       21051 ,  0.0000000E+00 ,  8.3275452E-02
       15749 ,       21085 ,  0.0000000E+00 ,  9.4810493E-02
       15750 ,       21085 ,  0.0000000E+00 ,  3.2712065E-02
       15751 ,       21157 ,  0.0000000E+00 ,  0.2154110    
       15752 ,       21157 ,  0.0000000E+00 ,  6.3144706E-02
       15753 ,       21157 ,  0.0000000E+00 ,  0.1953219    
       15754 ,       21147 ,  0.0000000E+00 ,  0.2071859    
       15755 ,       21147 ,   1.000000     ,  0.5060701    
       15757 ,       21082 ,  3.0288020E-02 ,  0.6404209    
       15758 ,       21018 ,  0.9724775     ,  0.3829136    
       15759 ,       21018 ,  2.7522532E-02 ,  0.5976087    
       15760 ,       21156 ,  0.0000000E+00 ,  5.3310461E-02
       15762 ,       21156 ,  4.1363724E-02 ,  0.1877659    
       15763 ,       21156 ,  4.9033649E-02 ,  0.3579388    
       15764 ,       21013 ,  0.6720824     ,   1.007052    
       15766 ,       21217 ,  0.1742046     ,  0.7268693    
       15767 ,       21217 ,  0.2163594     ,  0.0000000E+00
       15769 ,       21145 ,   1.000000     ,  0.1228359    
       15770 ,       21145 ,  0.0000000E+00 ,   1.035999    
       15773 ,       20002 ,  0.0000000E+00 ,  2.9308317E-02
       15774 ,       20002 ,  0.0000000E+00 ,  0.2263194    
       15775 ,       20278 ,  0.0000000E+00 ,  0.2015224    
       15776 ,       30207 ,  0.0000000E+00 ,  0.2516253    
       15777 ,       30207 ,  0.1887702     ,  0.1276207    
       15778 ,       30045 ,  0.0000000E+00 ,  4.6305070E-03
       15779 ,       30045 ,  0.0000000E+00 ,  8.1777424E-02
       15780 ,       30045 ,  0.0000000E+00 ,  0.1232046    
       15781 ,       30208 ,  0.1173221     ,  0.4751397    
       15782 ,       30208 ,  0.8535813     ,  0.2802107    
       15783 ,       30208 ,  0.0000000E+00 ,  4.8306677E-02
       15786 ,       30143 ,  0.0000000E+00 ,  0.1861012    
       15787 ,       30141 ,  0.0000000E+00 ,  0.1272191    
       15788 ,       30141 ,  0.0000000E+00 ,  0.1160066    
       15789 ,       30073 ,  0.0000000E+00 ,  0.1698607    
       15790 ,       30149 ,  0.0000000E+00 ,  4.6778809E-02
       15791 ,       30149 ,  0.0000000E+00 ,  9.2395507E-03
       15792 ,       30149 ,  4.6621930E-02 ,  8.5124327E-03
       15794 ,       30122 ,   1.000000     ,  0.6569666    
       15802 ,       27002 ,  0.0000000E+00 ,  9.8920744E-03
       15803 ,       27002 ,  0.0000000E+00 ,  3.9805122E-02
       15804 ,       27002 ,  3.2945394E-03 ,  7.2047845E-03
       15806 ,       27002 ,  2.4771716E-02 ,  4.4580232E-03
       15807 ,       27002 ,  0.0000000E+00 ,  3.6297191E-02
       15808 ,       27002 ,  0.0000000E+00 ,  5.0699517E-02
       15809 ,       27005 ,  3.2262463E-02 ,  6.9795191E-02
       15810 ,       27006 ,  4.4754960E-02 ,  0.1088756    
       15811 ,       27005 ,  0.1480357     ,  0.1576931    
       15812 ,       27010 ,  1.8854164E-02 ,  0.1246489    
       15813 ,       27010 ,  0.7631980     ,  0.3658913    
       15814 ,       27013 ,  0.2810977     ,  0.1364012    
       15815 ,       27013 ,  0.0000000E+00 ,  0.1193300    
       15816 ,       27004 ,  9.3024708E-03 ,  4.4043586E-02
       15817 ,       27004 ,  3.8135950E-02 ,  9.1046661E-02
       15818 ,       27003 ,  0.0000000E+00 ,  1.3193072E-02
       15823 ,       27011 ,  0.0000000E+00 ,  3.1369634E-02
       15824 ,       27011 ,  0.1068804     ,  0.1402309    
       15825 ,        4007 ,  0.0000000E+00 ,  9.7901747E-02
       15830 ,        4003 ,  0.0000000E+00 ,  3.0427415E-02
       15831 ,       27001 ,  0.0000000E+00 ,  3.7103402E-03
       15836 ,        4011 ,  0.0000000E+00 ,  3.9220959E-02
       15837 ,        4011 ,  0.0000000E+00 ,  8.9094974E-02
       15838 ,        4011 ,  0.0000000E+00 ,  4.4655535E-02
       15859 ,       23004 ,  0.0000000E+00 ,  1.3924481E-02
       15863 ,       23004 ,  0.0000000E+00 ,  5.9844060E-03
       16042 ,       16008 ,  0.0000000E+00 ,  4.9273510E-02
       16043 ,       16008 ,  0.0000000E+00 ,  8.4797919E-02
       16044 ,       16008 ,  0.0000000E+00 ,  7.5233895E-03
       16048 ,       16015 ,  0.0000000E+00 ,  0.1111766    
       16057 ,       16096 ,   1.000000     ,  0.0000000E+00
       16062 ,       16010 ,  0.0000000E+00 ,  7.7466637E-02
       16067 ,       16029 ,  0.0000000E+00 ,  7.4667288E-03
       16069 ,       12073 ,  0.0000000E+00 ,  0.1037550    
       16070 ,       12073 ,  0.0000000E+00 ,  0.1525511    
       16071 ,       12073 ,  0.0000000E+00 ,  0.1607806    
       16072 ,       16038 ,  0.0000000E+00 ,  4.2649824E-02
       16073 ,       16038 ,  0.0000000E+00 ,  7.1151897E-02
       16074 ,       16038 ,  0.0000000E+00 ,  4.0303558E-02
       16075 ,       16038 ,  0.0000000E+00 ,  6.7243837E-02
       16076 ,       16077 ,  8.6594887E-02 ,  0.1693785    
       16077 ,       12027 ,  0.0000000E+00 ,  7.1454547E-02
       16078 ,       12027 ,  0.0000000E+00 ,  0.1337987    
       16079 ,       12064 ,  0.0000000E+00 ,  0.2149488    
       16081 ,       15105 ,  0.2854291     ,  9.3023024E-02
       16082 ,       15105 ,  0.0000000E+00 ,  8.9756526E-02
       16083 ,       15105 ,  0.0000000E+00 ,  6.3686259E-02
       16084 ,       15105 ,  0.0000000E+00 ,  8.7916322E-02
       16086 ,       12047 ,   1.000000     ,  0.2268043    
       16087 ,       12037 ,  0.9969553     ,  0.4767475    
       16088 ,       12055 ,  0.0000000E+00 ,  0.1669690    
       16089 ,       12055 ,  0.4979983     ,  0.2063757    
       16090 ,       12055 ,  0.2220666     ,  9.3200855E-02
       16091 ,       12055 ,  8.8698477E-02 ,  0.5450977    
       16092 ,       17001 ,  0.0000000E+00 ,  0.2985409    
       16093 ,       17017 ,  0.1687185     ,  0.1265929    
       16094 ,       17025 ,  0.0000000E+00 ,  0.4180730    
       16095 ,       17025 ,  0.0000000E+00 ,  7.8582719E-02
       16096 ,       17025 ,  0.0000000E+00 ,  0.1153550    
       16098 ,       17019 ,  0.1345998     ,  0.0000000E+00
       16099 ,       21160 ,  4.0601425E-02 ,  0.3268253    
       16100 ,       21051 ,  2.6722318E-02 ,  0.6213025    
       16101 ,       21051 ,  0.8674621     ,  0.4511583    
       16102 ,       21085 ,  7.0715256E-02 ,   4.335865    
       16103 ,       21085 ,  0.0000000E+00 ,  8.0392122E-02
       16104 ,       21085 ,  0.0000000E+00 ,  9.0818450E-02
       16105 ,       21007 ,  0.0000000E+00 ,  0.3618467    
       16106 ,       21042 ,   1.000000     ,  0.2658527    
       16107 ,       21206 ,  0.0000000E+00 ,  0.2342501    
       16108 ,       21169 ,  0.0000000E+00 ,  0.1431186    
       16109 ,       21169 ,  0.0000000E+00 ,  0.3146516    
       16110 ,       21082 ,  0.9697120     ,  0.5205753    
       16111 ,       21092 ,  0.0000000E+00 ,   1.112387    
       16112 ,       21092 ,  0.0000000E+00 ,  0.5019617    
       16113 ,       21156 ,  7.6682977E-03 ,  7.6633394E-02
       16114 ,       21161 ,  0.5620325     ,  0.3464896    
       16115 ,       21161 ,  6.2257942E-04 ,  0.7855037    
       16116 ,       21156 ,  0.1167400     ,  0.1101742    
       16117 ,       21120 ,  0.8293782     ,  0.3871558    
       16118 ,       21195 ,  3.6298672E-03 ,  0.2229335    
       16119 ,       21195 ,  0.3716361     ,  0.1969041    
       16120 ,       21061 ,  0.2964856     ,  0.0000000E+00
       16121 ,       21061 ,  0.6442714     ,  0.0000000E+00
       16122 ,       21217 ,  0.0000000E+00 ,  0.5497146    
       16123 ,       30173 ,  0.0000000E+00 ,  0.1069083    
       16126 ,       20002 ,  0.0000000E+00 ,  0.2319747    
       16127 ,       30174 ,  0.4604217     ,  9.0735942E-02
       16128 ,       30174 ,  0.5395784     ,  8.2978390E-02
       16129 ,       30174 ,  0.0000000E+00 ,  4.8306253E-04
       16132 ,       30174 ,  0.0000000E+00 ,  0.1002861    
       16133 ,       30084 ,  0.0000000E+00 ,  0.4193541    
       16134 ,       30084 ,   1.000000     ,  0.2262304    
       16135 ,       30208 ,  2.9096564E-02 ,  0.7823100    
       16139 ,       30143 ,  0.0000000E+00 ,  0.2280925    
       16140 ,       30141 ,  0.0000000E+00 ,  7.3397703E-02
       16141 ,       30141 ,  0.3688097     ,  0.2076518    
       16142 ,       30032 ,  0.9072086     ,  0.3265029    
       16143 ,       30032 ,  0.0000000E+00 ,  0.1178886    
       16157 ,       27002 ,  4.2906065E-02 ,  2.5942689E-03
       16162 ,       27005 ,  0.0000000E+00 ,  0.1245579    
       16163 ,       27005 ,  0.1214151     ,  8.5158847E-02
       16164 ,       27005 ,  0.4164056     ,  0.1618170    
       16165 ,       27005 ,  9.9754930E-02 ,  0.2503915    
       16166 ,       27014 ,  0.0000000E+00 ,  0.1244710    
       16169 ,       27003 ,  0.0000000E+00 ,  6.2440611E-02
       16171 ,       27003 ,  0.0000000E+00 ,  2.1711411E-02
       16175 ,       27003 ,  0.0000000E+00 ,  5.9786547E-02
       16176 ,       27011 ,  0.0000000E+00 ,  8.8363938E-02
       16177 ,        4007 ,  6.3745916E-02 ,  0.1102445    
       16178 ,        4007 ,  0.8945783     ,  2.2195552E-02
       16183 ,        4003 ,  0.0000000E+00 ,  1.3705512E-03
       16184 ,        4003 ,  0.0000000E+00 ,  3.0548409E-02
       16185 ,        4003 ,  0.0000000E+00 ,  5.3726356E-03
       16187 ,        4003 ,  0.0000000E+00 ,  5.3516374E-04
       16190 ,        4011 ,  0.7171670     ,  0.1016689    
       16192 ,        4011 ,  0.0000000E+00 ,  1.9706141E-02
       16194 ,        4011 ,  0.0000000E+00 ,  2.8656386E-03
       16212 ,       23004 ,  0.0000000E+00 ,  9.4447006E-03
       16215 ,       23004 ,  0.0000000E+00 ,  2.8994035E-03
       16216 ,       23004 ,  0.0000000E+00 ,  1.7510947E-02
       16395 ,       16014 ,  0.0000000E+00 ,  0.2643172    
       16396 ,       16008 ,  0.0000000E+00 ,  2.5681391E-02
       16397 ,       16008 ,   1.000000     ,  0.1268155    
       16398 ,       16026 ,  0.0000000E+00 ,  4.9378775E-02
       16401 ,       16015 ,  0.0000000E+00 ,  8.5491881E-02
       16415 ,       16035 ,  0.0000000E+00 ,  7.8119032E-02
       16418 ,       16029 ,  0.3624418     ,  8.2588442E-02
       16419 ,       16029 ,  0.6329039     ,  0.5034154    
       16420 ,       16029 ,  0.0000000E+00 ,  2.7426707E-02
       16427 ,       16038 ,  0.9974881     ,  0.1555264    
       16428 ,       16038 ,  2.5118398E-03 ,  0.1093809    
       16429 ,       16077 ,  0.4517049     ,  7.2971538E-02
       16430 ,       12027 ,  0.0000000E+00 ,  7.9416379E-02
       16431 ,       12027 ,  0.0000000E+00 ,  7.8631960E-02
       16433 ,       15008 ,  0.0000000E+00 ,  1.7153429E-02
       16434 ,       15105 ,  0.4045579     ,  6.3650325E-02
       16435 ,       15105 ,  0.3100130     ,  0.1885064    
       16436 ,       15105 ,  0.0000000E+00 ,  7.5055934E-02
       16437 ,       15105 ,  0.0000000E+00 ,  5.0103776E-02
       16438 ,       15080 ,  0.0000000E+00 ,  0.1849891    
       16439 ,       15080 ,  0.0000000E+00 ,  0.1718769    
       16440 ,       15117 ,  0.0000000E+00 ,  0.3532705    
       16441 ,       12055 ,  0.0000000E+00 ,  9.4919309E-02
       16442 ,       12060 ,   1.000000     ,  0.2103149    
       16443 ,       12055 ,  6.4358890E-02 ,  0.1800322    
       16444 ,       17001 ,  0.0000000E+00 ,  0.4958788    
       16445 ,       17001 ,  0.9811627     ,  0.9122586    
       16446 ,       17017 ,  0.3919648     ,  0.5908825    
       16447 ,       17031 ,  0.3855944     ,  0.6116695    
       16448 ,       17025 ,  0.8980827     ,  0.2817796    
       16449 ,       17004 ,  1.0243351E-02 ,  0.2291619    
       16450 ,       17004 ,  6.4407729E-02 ,  0.1397352    
       16451 ,       17019 ,  0.4808449     ,  0.4333632    
       16452 ,       17013 ,  0.2673745     ,   1.057522    
       16453 ,       21168 ,  6.4155110E-04 ,  0.4661528    
       16454 ,       21168 ,  0.1765535     ,  5.9401356E-02
       16455 ,       21176 ,   1.000000     ,   2.032191    
       16456 ,       21085 ,  0.7009345     ,  0.3547036    
       16457 ,       21085 ,  0.0000000E+00 ,  0.1279854    
       16458 ,       21007 ,   1.000000     ,  0.5659899    
       16459 ,       21031 ,   1.000000     ,   1.312461    
       16460 ,       21206 ,  0.9475888     ,   1.587477    
       16461 ,       21206 ,  5.2411199E-02 ,  0.1537432    
       16462 ,       21169 ,   1.000000     ,  0.3740196    
       16464 ,       21092 ,   1.000000     ,  8.4540963E-02
       16465 ,       21177 ,  0.1382140     ,  0.1680404    
       16466 ,       21177 ,  7.5053686E-04 ,  0.4987782    
       16467 ,       21161 ,  2.0464052E-02 ,  0.6326361    
       16468 ,       21156 ,  6.5153688E-03 ,   1.250182    
       16469 ,       21195 ,  0.0000000E+00 ,  1.1600835E-02
       16470 ,       21120 ,  0.1277271     ,  0.6098744    
       16471 ,       21195 ,  0.6247340     ,   1.537247    
       16472 ,       30159 ,   1.000000     ,   1.538456    
       16474 ,       21061 ,  5.9243042E-02 ,  0.1864571    
       16475 ,       30201 ,  0.0000000E+00 ,  0.3038352    
       16476 ,       30173 ,  0.0000000E+00 ,  0.2262788    
       16477 ,       20002 ,  1.0514938E-02 ,  0.1099078    
       16478 ,       20002 ,  0.5762873     ,  0.1893774    
       16479 ,       20002 ,  0.4131977     ,  0.2551821    
       16480 ,       30174 ,  0.0000000E+00 ,  9.2527382E-02
       16483 ,       30174 ,  0.0000000E+00 ,  6.0997941E-02
       16484 ,       30174 ,  0.0000000E+00 ,  0.1180996    
       16485 ,       30174 ,  0.0000000E+00 ,  9.8048532E-03
       16487 ,       30005 ,   1.000000     ,  0.1770526    
       16488 ,       30005 ,  0.0000000E+00 ,   1.089257    
       16491 ,       30143 ,  0.2011869     ,  0.1342815    
       16492 ,       30143 ,  0.1469959     ,  9.0643495E-02
       16493 ,       30143 ,  0.6518172     ,  0.2749081    
       16494 ,       30141 ,  0.6311904     ,  8.8293239E-02
       16495 ,       30032 ,  9.2791468E-02 ,  9.2829496E-02
       16496 ,       30032 ,  0.0000000E+00 ,  0.2955631    
       16514 ,       27005 ,  0.0000000E+00 ,  4.9936760E-02
       16515 ,       27005 ,  0.0000000E+00 ,  0.1136967    
       16516 ,       27005 ,  6.4941168E-02 ,  6.2082991E-02
       16517 ,       27014 ,  0.8374195     ,  0.2250977    
       16518 ,       27014 ,  0.1458170     ,  2.1222690E-02
       16519 ,       27010 ,  0.0000000E+00 ,  0.1518934    
       16520 ,       27003 ,  2.4310505E-02 ,  2.4615666E-03
       16521 ,       27003 ,  0.2008063     ,  5.5083886E-02
       16522 ,       27003 ,  0.2101071     ,  0.1120943    
       16525 ,       27003 ,  0.0000000E+00 ,  5.2524753E-02
       16526 ,       27003 ,  0.0000000E+00 ,  7.7179693E-02
       16527 ,       27003 ,  0.0000000E+00 ,  6.0335118E-02
       16528 ,       27003 ,  0.0000000E+00 ,  1.6618650E-02
       16530 ,        4007 ,  0.0000000E+00 ,  8.9863226E-02
       16531 ,        4007 ,  4.1675780E-02 ,  8.2871042E-02
       16534 ,        4003 ,  0.0000000E+00 ,  8.7355281E-04
       16538 ,        4003 ,  0.0000000E+00 ,  2.0439651E-02
       16539 ,        4003 ,  0.0000000E+00 ,  4.0547721E-02
       16540 ,        4003 ,  0.0000000E+00 ,  2.2672676E-02
       16541 ,        4011 ,  0.0000000E+00 ,  1.1149850E-03
       16542 ,        4011 ,  0.0000000E+00 ,  2.8986035E-02
       16543 ,        4011 ,  0.2828330     ,  5.9114031E-02
       16544 ,        4011 ,  0.0000000E+00 ,  0.1140977    
       16545 ,        4011 ,  0.0000000E+00 ,  5.1710803E-02
       16557 ,        4010 ,  0.0000000E+00 ,  2.9289708E-03
       16558 ,        4010 ,  0.0000000E+00 ,  2.9236905E-02
       16562 ,        4010 ,  0.0000000E+00 ,  5.4847416E-02
       16563 ,        4010 ,  0.0000000E+00 ,  8.8696145E-03
       16565 ,       23004 ,  0.0000000E+00 ,  8.0548702E-03
       16566 ,       23004 ,  0.0000000E+00 ,  1.6922768E-02
       16567 ,       23004 ,  0.0000000E+00 ,  2.8606616E-03
       16569 ,       23004 ,  0.0000000E+00 ,  9.0122316E-03
       16570 ,       23004 ,  0.0000000E+00 ,  1.1791157E-02
       16747 ,        6009 ,  3.0343296E-04 ,  0.1687625    
       16748 ,       16014 ,   1.000000     ,  0.3551039    
       16751 ,       16026 ,  0.0000000E+00 ,  0.1407660    
       16752 ,       16026 ,  0.0000000E+00 ,  0.2558199    
       16753 ,       16015 ,  0.0000000E+00 ,  7.3766761E-02
       16754 ,       16015 ,  0.0000000E+00 ,  9.9261373E-02
       16758 ,       16002 ,  0.6306421     ,  4.7379993E-02
       16767 ,       16035 ,  0.0000000E+00 ,  6.5705247E-02
       16768 ,       16035 ,  0.0000000E+00 ,  8.2427636E-03
       16769 ,       16035 ,  0.0000000E+00 ,  5.3411778E-02
       16770 ,       16035 ,  0.0000000E+00 ,  9.5891103E-02
       16771 ,       16029 ,  4.6542729E-03 ,  0.2079578    
       16777 ,       16038 ,  0.0000000E+00 ,  6.1699506E-03
       16780 ,       16038 ,  0.0000000E+00 ,  7.4465416E-02
       16781 ,       16077 ,  0.0000000E+00 ,  0.1896033    
       16782 ,       12027 ,  0.0000000E+00 ,  5.3479169E-03
       16783 ,       12027 ,  0.0000000E+00 ,  7.2359741E-02
       16784 ,       12027 ,  0.0000000E+00 ,  8.6932801E-02
       16785 ,       12027 ,  0.0000000E+00 ,  4.9906872E-02
       16786 ,       15008 ,  0.3480421     ,  0.1196876    
       16787 ,       15008 ,  0.2513294     ,  0.1668346    
       16788 ,       15008 ,  0.0000000E+00 ,  0.1622548    
       16789 ,       15008 ,  0.4006285     ,  0.1381543    
       16790 ,       15008 ,  0.0000000E+00 ,  0.1285515    
       16791 ,       15080 ,  0.0000000E+00 ,  9.5623188E-02
       16792 ,       15004 ,  0.0000000E+00 ,  5.2507497E-02
       16793 ,       15117 ,   1.000000     ,  0.9089316    
       16794 ,       12060 ,  0.0000000E+00 ,  0.2445306    
       16795 ,       12049 ,  3.7662555E-02 ,  0.4523754    
       16796 ,       12060 ,  0.0000000E+00 ,  0.2983812    
       16797 ,       17005 ,  0.0000000E+00 ,   1.182913    
       16798 ,       17021 ,  0.7469325     ,  0.5647715    
       16799 ,       17017 ,  0.1300619     ,   1.144568    
       16800 ,       17031 ,  0.6144056     ,  0.6577247    
       16801 ,       17025 ,  7.8295976E-02 ,  0.4837929    
       16802 ,       17004 ,  8.1090322E-03 ,  0.1760435    
       16803 ,       17004 ,  5.9965387E-02 ,  0.2804874    
       16804 ,       17019 ,  0.1639406     ,  0.1128787    
       16805 ,       17019 ,  0.1111104     ,  0.7926525    
       16806 ,       21168 ,  0.4412024     ,  0.6132655    
       16807 ,       21168 ,  0.3816025     ,   3.006675    
       16808 ,       21185 ,   1.000000     ,   1.076272    
       16809 ,       21085 ,  0.1531246     ,  0.1105781    
       16810 ,       21201 ,   1.000000     ,   1.437235    
       16811 ,       21159 ,  3.4919295E-02 ,  0.4699017    
       16813 ,       21146 ,  4.0476765E-02 ,  0.6540776    
       16814 ,       21070 ,  0.9753116     ,   1.970069    
       16815 ,       21206 ,  0.0000000E+00 ,  0.3704439    
       16817 ,       21203 ,  3.0223740E-02 ,  0.2378436    
       16818 ,       21177 ,  0.5560911     ,  0.2518465    
       16819 ,       21177 ,  0.2567109     ,  0.2344320    
       16820 ,       21161 ,  0.0000000E+00 ,  0.1192357    
       16821 ,       21103 ,  0.6178273     ,  0.3585422    
       16822 ,       21103 ,  0.3821727     ,  0.5929070    
       16823 ,       21103 ,  0.0000000E+00 ,  0.3488382    
       16824 ,       30195 ,   1.000000     ,   2.070595    
       16825 ,       30184 ,  0.9269461     ,  0.3492437    
       16826 ,       30201 ,  0.9597466     ,  0.3383146    
       16827 ,       30201 ,  0.0000000E+00 ,  5.4449223E-02
       16829 ,       30173 ,  0.3990460     ,  0.2274792    
       16830 ,       30173 ,  0.6009539     ,  0.1836037    
       16831 ,       30174 ,  0.0000000E+00 ,  2.4040898E-02
       16832 ,       30174 ,  0.0000000E+00 ,  6.2148944E-02
       16833 ,       30174 ,  0.0000000E+00 ,  0.1121813    
       16834 ,       30174 ,  0.0000000E+00 ,  3.9782848E-02
       16835 ,       30174 ,  0.0000000E+00 ,  0.1331001    
       16836 ,       30174 ,  0.0000000E+00 ,  5.7067897E-02
       16841 ,       30178 ,  3.2670241E-02 ,  0.4973660    
       16842 ,       30178 ,  0.9673297     ,  0.1247128    
       16843 ,       30139 ,   1.000000     ,  0.5921632    
       16844 ,       30015 ,   1.000000     ,  0.3590806    
       16845 ,       30015 ,  0.0000000E+00 ,  0.3009408    
       16846 ,       30143 ,  0.0000000E+00 ,  8.4482409E-02
       16848 ,       30141 ,  0.0000000E+00 ,  5.3795165E-04
       16849 ,       30141 ,  0.0000000E+00 ,  6.0418937E-02
       16868 ,       27014 ,  0.0000000E+00 ,  1.3580609E-02
       16869 ,       27014 ,  0.0000000E+00 ,  7.6529361E-02
       16870 ,       27014 ,  0.0000000E+00 ,  9.7870894E-02
       16871 ,       27014 ,  1.6763479E-02 ,  7.4511103E-02
       16872 ,       27014 ,  0.0000000E+00 ,  9.2169195E-02
       16873 ,       27003 ,  7.1602874E-02 ,  5.2850239E-02
       16874 ,       27003 ,  4.6808273E-03 ,  4.2794991E-02
       16875 ,       27003 ,  3.3056666E-04 ,  8.7379277E-02
       16876 ,       27003 ,  0.0000000E+00 ,  1.9256609E-02
       16877 ,       27003 ,  0.0000000E+00 ,  7.2396204E-02
       16878 ,       27003 ,  0.0000000E+00 ,  3.3274680E-02
       16884 ,        4007 ,  0.0000000E+00 ,  3.8868006E-04
       16892 ,        4003 ,  0.0000000E+00 ,  1.4332328E-02
       16893 ,        4003 ,  0.0000000E+00 ,  1.0957801E-02
       16894 ,        4003 ,  0.0000000E+00 ,  2.4535399E-02
       16895 ,        4011 ,  0.0000000E+00 ,  6.8156108E-02
       16897 ,        4009 ,  0.0000000E+00 ,  5.3085327E-02
       16898 ,        4009 ,  0.0000000E+00 ,  4.2160798E-02
       16910 ,        4010 ,  0.0000000E+00 ,  1.6640624E-02
       16911 ,        4010 ,  0.0000000E+00 ,  3.9338034E-02
       16914 ,        4010 ,  0.0000000E+00 ,  9.8512946E-03
       16915 ,        4010 ,  0.0000000E+00 ,  2.0415653E-02
       16917 ,        4010 ,  0.0000000E+00 ,  3.1496194E-04
       16918 ,       23004 ,  0.0000000E+00 ,  5.1014610E-03
       16919 ,       23004 ,  0.0000000E+00 ,  7.4293464E-05
       16920 ,       23004 ,  0.0000000E+00 ,  1.6671862E-02
       16923 ,       23004 ,  0.0000000E+00 ,  1.4583529E-02
       17099 ,        6009 ,  0.0000000E+00 ,  3.3719618E-02
       17100 ,        6009 ,  5.7085998E-02 ,  9.5666341E-02
       17101 ,       16014 ,  0.0000000E+00 ,  0.1234825    
       17102 ,       16014 ,  0.0000000E+00 ,  0.1697324    
       17103 ,       16026 ,  0.0000000E+00 ,  8.3563276E-02
       17104 ,       16026 ,   1.000000     ,  0.1414806    
       17106 ,       16015 ,  0.0000000E+00 ,  8.4469266E-02
       17107 ,       16015 ,   1.000000     ,  0.1449854    
       17110 ,       16002 ,  0.0000000E+00 ,  0.1475051    
       17111 ,       16002 ,  0.0000000E+00 ,  0.2435696    
       17112 ,       16002 ,  0.0000000E+00 ,  6.7980760E-03
       17118 ,       16035 ,  0.0000000E+00 ,  3.7463058E-02
       17119 ,       16035 ,  0.0000000E+00 ,  8.6599469E-02
       17120 ,       16035 ,  0.0000000E+00 ,  7.9342358E-02
       17121 ,       16035 ,  0.0000000E+00 ,  6.6983528E-02
       17122 ,       16035 ,  0.0000000E+00 ,  2.5083557E-02
       17123 ,       16035 ,  0.0000000E+00 ,  6.7403659E-02
       17130 ,       16038 ,  0.0000000E+00 ,  3.9245162E-02
       17131 ,       16038 ,  0.0000000E+00 ,  6.7588508E-02
       17132 ,       16038 ,  0.0000000E+00 ,  6.8090938E-02
       17133 ,       16038 ,  0.0000000E+00 ,  0.1149484    
       17135 ,       12027 ,  0.0000000E+00 ,  5.5806383E-02
       17136 ,       12027 ,  0.0000000E+00 ,  1.8022669E-03
       17138 ,       12027 ,  0.0000000E+00 ,  3.9094128E-02
       17139 ,       15082 ,  0.1153223     ,  0.1976952    
       17140 ,       15008 ,  0.0000000E+00 ,  0.2462250    
       17141 ,       15082 ,  0.0000000E+00 ,  0.1491565    
       17142 ,       15008 ,  0.0000000E+00 ,  0.1488881    
       17143 ,       15080 ,  0.0000000E+00 ,  4.9253970E-02
       17144 ,       15080 ,  0.0000000E+00 ,  0.1401367    
       17145 ,       15080 ,  0.0000000E+00 ,  0.1811254    
       17146 ,       15004 ,  0.0000000E+00 ,  0.6611298    
       17147 ,       12049 ,  0.0000000E+00 ,  0.5483795    
       17148 ,       15107 ,   1.000000     ,   1.246251    
       17149 ,       15119 ,  0.0000000E+00 ,  0.3768470    
       17150 ,       17005 ,  0.9886389     ,   1.189193    
       17151 ,       17021 ,  0.2530675     ,  0.3975101    
       17152 ,       17028 ,  0.1046762     ,  0.5342125    
       17153 ,       17028 ,  0.5492898     ,  0.9684469    
       17154 ,       17024 ,  0.2487100     ,  0.2304548    
       17155 ,       17004 ,  2.0078639E-02 ,  0.0000000E+00
       17156 ,       17006 ,  0.1794436     ,  0.3321437    
       17157 ,       17030 ,  6.5458147E-03 ,  0.2502219    
       17158 ,       17033 ,   1.000000     ,   2.767416    
       17159 ,       21033 ,   1.000000     ,  0.5289372    
       17160 ,       21165 ,   1.000000     ,  0.3616390    
       17161 ,       21069 ,  0.8159036     ,  0.9820583    
       17162 ,       21166 ,   1.000000     ,  0.9750533    
       17163 ,       21166 ,  0.0000000E+00 ,  0.3848502    
       17164 ,       21159 ,  0.9650807     ,  0.3412899    
       17165 ,       21150 ,   1.000000     ,  0.4467294    
       17166 ,       21095 ,   1.000000     ,  0.6677631    
       17167 ,       21131 ,   1.000000     ,   1.237130    
       17168 ,       21098 ,   1.000000     ,   1.275255    
       17169 ,       21079 ,  0.8168787     ,  0.5515425    
       17170 ,       21203 ,  0.9697763     ,  0.5751705    
       17171 ,       21205 ,  0.6480279     ,  0.3575410    
       17172 ,       21177 ,  0.0000000E+00 ,  0.2033409    
       17173 ,       21099 ,  0.1139456     ,  0.3033879    
       17174 ,       21099 ,  0.8860544     ,  0.5247132    
       17175 ,       30006 ,  0.8924983     ,  0.7754725    
       17176 ,       30006 ,  0.1075018     ,  0.3993809    
       17177 ,       30147 ,  0.9964326     ,  0.8461260    
       17178 ,       30168 ,   1.000000     ,   1.460028    
       17179 ,       30201 ,  4.0253401E-02 ,  0.2548793    
       17180 ,       30201 ,  0.0000000E+00 ,  0.1579651    
       17181 ,       30117 ,  0.3387121     ,  0.2178171    
       17182 ,       30117 ,  0.0000000E+00 ,  0.4656003    
       17183 ,       30117 ,  0.0000000E+00 ,  0.3056328    
       17184 ,       30174 ,  0.0000000E+00 ,  4.1818280E-02
       17185 ,       30174 ,  0.0000000E+00 ,  3.3567246E-02
       17186 ,       30181 ,  0.0000000E+00 ,  0.1478448    
       17187 ,       30181 ,  0.0000000E+00 ,  0.1832621    
       17188 ,       30181 ,  0.0000000E+00 ,  7.1247056E-02
       17189 ,       30181 ,  0.0000000E+00 ,  9.1714717E-02
       17190 ,       30181 ,  0.0000000E+00 ,  7.3411681E-02
       17191 ,       30075 ,  2.3256673E-02 ,  0.2567934    
       17195 ,       30011 ,  0.0000000E+00 ,  0.1092447    
       17196 ,       30097 ,  0.9375133     ,   1.175170    
       17197 ,       30097 ,  0.0000000E+00 ,  0.1037611    
       17198 ,       30015 ,  0.0000000E+00 ,  0.2787247    
       17199 ,       30141 ,  0.0000000E+00 ,  6.3906744E-02
       17200 ,       30141 ,  0.0000000E+00 ,  2.2649758E-02
       17201 ,       30141 ,  0.0000000E+00 ,  5.5985712E-02
       17229 ,       27003 ,  0.0000000E+00 ,  5.1768553E-02
       17230 ,       27003 ,  0.4684756     ,  9.3308076E-02
       17247 ,        4003 ,  0.0000000E+00 ,  3.4619179E-02
       17248 ,        4003 ,  0.0000000E+00 ,  3.9839754E-03
       17249 ,        4009 ,  0.0000000E+00 ,  3.4008916E-02
       17250 ,        4009 ,  0.0000000E+00 ,  1.3247051E-02
       17251 ,        4009 ,  0.0000000E+00 ,  6.7528129E-02
       17262 ,        4010 ,  0.0000000E+00 ,  6.0602315E-03
       17263 ,        4010 ,  0.0000000E+00 ,  3.4130104E-02
       17267 ,        4010 ,  0.0000000E+00 ,  1.5943166E-02
       17272 ,       23004 ,  0.0000000E+00 ,  1.3760708E-02
       17273 ,       23004 ,  0.0000000E+00 ,  5.5682594E-03
       17276 ,       23004 ,  0.0000000E+00 ,  7.8550922E-03
       17277 ,       23004 ,  0.0000000E+00 ,  8.9841913E-03
       17451 ,        6009 ,  0.1288719     ,  1.1318581E-02
       17452 ,        6009 ,  4.4235095E-02 ,  0.1205196    
       17453 ,        6009 ,  0.0000000E+00 ,  5.9772596E-02
       17454 ,        6006 ,  0.0000000E+00 ,  0.3992115    
       17455 ,       16014 ,  0.0000000E+00 ,  0.1493946    
       17456 ,       16026 ,  0.0000000E+00 ,  1.0286848E-02
       17457 ,       16026 ,  0.0000000E+00 ,  9.5327638E-02
       17458 ,       16015 ,  0.0000000E+00 ,  3.6574446E-02
       17459 ,       16015 ,  0.0000000E+00 ,  3.0854115E-02
       17460 ,       16015 ,  0.0000000E+00 ,  0.1011817    
       17464 ,       16002 ,  0.0000000E+00 ,  0.1018289    
       17465 ,       16002 ,  0.0000000E+00 ,  3.7167218E-02
       17472 ,       16055 ,  0.0000000E+00 ,  0.2045489    
       17474 ,       16035 ,  0.4327678     ,  0.1092777    
       17475 ,       16035 ,  0.0000000E+00 ,  2.7413715E-03
       17476 ,       16035 ,  0.0000000E+00 ,  7.0342511E-02
       17477 ,       16035 ,  0.0000000E+00 ,  4.1976609E-04
       17485 ,       16013 ,  0.0000000E+00 ,  0.1232406    
       17486 ,       16013 ,  0.0000000E+00 ,  0.3876612    
       17487 ,       16092 ,  0.0000000E+00 ,  0.2398435    
       17488 ,       16092 ,  0.9438603     ,  0.1720262    
       17492 ,       15123 ,  0.0000000E+00 ,  2.4760066E-02
       17493 ,       15123 ,  0.0000000E+00 ,  4.8358530E-02
       17494 ,       15123 ,  0.0000000E+00 ,  0.4099922    
       17495 ,       15082 ,  0.4785247     ,  0.1908067    
       17496 ,       15082 ,  0.0000000E+00 ,  0.1574436    
       17497 ,       15080 ,   1.000000     ,  0.2996671    
       17498 ,       15004 ,   1.000000     ,  0.3514223    
       17499 ,       15021 ,  0.0000000E+00 ,  0.2244525    
       17500 ,       15040 ,  0.2978520     ,  0.6457818    
       17501 ,       15040 ,  0.6900645     ,  0.6697682    
       17502 ,       15119 ,   1.000000     ,  0.1602736    
       17503 ,       17015 ,  0.0000000E+00 ,  0.4408848    
       17504 ,       17015 ,  0.0000000E+00 ,  0.1699013    
       17505 ,       17028 ,  0.1736051     ,  0.2682502    
       17506 ,       17028 ,  0.1724289     ,   1.963390    
       17507 ,       17029 ,  0.1037320     ,  0.4190813    
       17508 ,       17029 ,  0.2818961     ,  0.1958820    
       17509 ,       17030 ,  0.4005300     ,   1.098617    
       17510 ,       17030 ,  0.3862902     ,  0.3856160    
       17511 ,       17032 ,  0.5802218     ,  0.8909749    
       17512 ,       21188 ,  0.2018203     ,   2.716288    
       17513 ,       21022 ,  0.3387794     ,  0.5393589    
       17514 ,       21188 ,  2.1430792E-03 ,  6.9433466E-02
       17515 ,       21019 ,  8.0377072E-02 ,  0.3276699    
       17516 ,       21121 ,   1.000000     ,  0.7109864    
       17517 ,       21159 ,  0.0000000E+00 ,  0.3939735    
       17518 ,       21114 ,  0.0000000E+00 ,  1.7348269E-02
       17519 ,       21193 ,  3.6430411E-02 ,  0.5247145    
       17520 ,       21193 ,  0.9635696     ,  3.1991348E-02
       17521 ,       21182 ,  0.2786327     ,   2.280684    
       17522 ,       21189 ,  0.5750297     ,   1.217956    
       17523 ,       21189 ,  1.2289819E-02 ,  0.9977105    
       17524 ,       21205 ,  0.3519722     ,  0.5909101    
       17525 ,       21110 ,  0.3706463     ,  5.7309303E-02
       17526 ,       21110 ,  0.2872070     ,  0.4385894    
       17527 ,       21110 ,  0.0000000E+00 ,  0.2058787    
       17528 ,       30099 ,  9.2385419E-02 ,  0.7596390    
       17529 ,       30115 ,  0.1071329     ,  0.6028837    
       17530 ,       30147 ,  3.5673925E-03 ,   2.796103    
       17531 ,       30185 ,   1.000000     ,   4.812680    
       17532 ,       30113 ,   1.000000     ,   1.144166    
       17533 ,       30068 ,  5.2237714E-04 ,  0.7560922    
       17534 ,       30196 ,  0.1246758     ,  0.8141387    
       17535 ,       30053 ,   1.000000     ,  0.4698446    
       17536 ,       30031 ,  0.0000000E+00 ,  0.5464234    
       17537 ,       30031 ,   1.000000     ,  0.5996429    
       17538 ,       30049 ,  0.0000000E+00 ,  0.2945713    
       17539 ,       30049 ,  0.0000000E+00 ,  0.2148871    
       17540 ,       30181 ,  0.0000000E+00 ,  8.8697463E-02
       17541 ,       30181 ,  0.2759864     ,  9.1346048E-02
       17542 ,       30181 ,  0.3860578     ,  0.1737632    
       17543 ,       30181 ,  9.0550609E-02 ,  3.4848608E-02
       17544 ,       30075 ,  0.9767433     ,  0.1947838    
       17546 ,       30011 ,  0.6760699     ,  7.3111162E-02
       17547 ,       30011 ,  0.0000000E+00 ,  0.1174053    
       17548 ,       30011 ,  0.0000000E+00 ,  0.1218050    
       17552 ,       30141 ,  0.0000000E+00 ,  4.3923445E-02
       17553 ,       30141 ,  0.0000000E+00 ,  8.9711122E-02
       17583 ,       27003 ,  1.9686157E-02 ,  2.9084515E-02
       17584 ,       27003 ,  0.0000000E+00 ,  5.1578883E-02
       17600 ,        4003 ,  0.0000000E+00 ,  4.4468031E-03
       17601 ,        4003 ,  0.0000000E+00 ,  3.3448100E-02
       17604 ,        4009 ,  0.0000000E+00 ,  7.6897754E-03
       17605 ,        4009 ,  0.0000000E+00 ,  5.2881293E-02
       17615 ,        4010 ,  0.0000000E+00 ,  3.5174914E-02
       17620 ,        4010 ,  0.0000000E+00 ,  1.5935794E-02
       17625 ,       23004 ,  0.0000000E+00 ,  1.3778265E-02
       17629 ,       23004 ,  2.5256587E-02 ,  1.0725849E-03
       17630 ,       23004 ,  5.1500753E-02 ,  2.6293609E-02
       17801 ,        6007 ,  0.0000000E+00 ,  6.4983808E-02
       17802 ,        6001 ,  0.0000000E+00 ,  0.3152653    
       17803 ,        6001 ,  0.4495664     ,  0.3438343    
       17804 ,        6009 ,  0.4887860     ,  0.3886960    
       17805 ,        6009 ,  0.2222950     ,  9.5074154E-02
       17806 ,        6006 ,  0.0000000E+00 ,  2.5948711E-02
       17807 ,        6006 ,  0.0000000E+00 ,  0.2881718    
       17808 ,        6002 ,  0.0000000E+00 ,  3.3157095E-02
       17809 ,        6002 ,  0.0000000E+00 ,  5.7361878E-02
       17810 ,       16026 ,  0.0000000E+00 ,  8.7019280E-02
       17811 ,       16026 ,  0.0000000E+00 ,  2.4417700E-02
       17813 ,       16015 ,  0.0000000E+00 ,  4.9421098E-02
       17814 ,       16015 ,  0.0000000E+00 ,  7.6534420E-02
       17817 ,       16089 ,  0.0000000E+00 ,  3.9434088E-03
       17818 ,       16002 ,  0.3347054     ,  0.1529825    
       17819 ,       16006 ,  0.0000000E+00 ,  0.2992859    
       17824 ,       16064 ,  1.6663017E-02 ,  0.1145249    
       17825 ,       16055 ,  0.1472549     ,  0.3467311    
       17827 ,       16035 ,  0.0000000E+00 ,  3.3010595E-02
       17828 ,       16035 ,  0.0000000E+00 ,  7.0313543E-02
       17829 ,       16035 ,  0.5672322     ,  8.0861680E-02
       17830 ,       16035 ,  0.0000000E+00 ,  1.2271478E-03
       17837 ,       16013 ,  0.0000000E+00 ,  0.2724606    
       17838 ,       16013 ,  0.0000000E+00 ,  0.2609434    
       17841 ,       16092 ,  5.6139775E-02 ,  0.1663809    
       17845 ,       15123 ,  0.0000000E+00 ,  0.1093697    
       17846 ,       15123 ,   1.000000     ,  0.4091387    
       17847 ,       15123 ,  0.0000000E+00 ,  3.2145720E-02
       17848 ,       15082 ,  0.4061530     ,  0.1183345    
       17849 ,       15077 ,  0.0000000E+00 ,  0.2870491    
       17850 ,       15097 ,  0.9112377     ,  0.1436436    
       17851 ,       15097 ,  8.8762268E-02 ,  0.2767171    
       17852 ,       15021 ,  0.6620805     ,  0.2898741    
       17853 ,       15113 ,  0.3372366     ,  0.4815970    
       17854 ,       15113 ,  0.5682998     ,  0.7545805    
       17855 ,       15088 ,  0.3447911     ,  0.3570105    
       17856 ,       15063 ,  3.7305818E-03 ,  0.5916907    
       17857 ,       15063 ,  6.9146827E-02 ,  9.0393610E-03
       17858 ,       17007 ,  0.1141376     ,  0.1069697    
       17859 ,       17020 ,  1.4913673E-02 ,  0.7140577    
       17860 ,       17029 ,  5.9670150E-02 ,  0.1892210    
       17861 ,       17029 ,  0.2003650     ,  0.5674310    
       17862 ,       17029 ,  0.2680041     ,   1.238447    
       17863 ,       17030 ,  0.1233407     ,   1.045423    
       17864 ,       17030 ,  4.5142703E-02 ,  0.8741170    
       17865 ,       21188 ,  5.4789716E-03 ,  0.5572447    
       17866 ,       21188 ,  0.6622341     ,  0.2822432    
       17867 ,       21188 ,  0.1283236     ,  0.2805689    
       17868 ,       21019 ,  0.7840338     ,  0.4925509    
       17869 ,       21106 ,  8.1985872E-03 ,  0.2538052    
       17870 ,       21114 ,  2.0962495E-02 ,  0.5853307    
       17871 ,       21114 ,  9.7784288E-03 ,  8.1930369E-02
       17872 ,       21040 ,  0.0000000E+00 ,   1.172937    
       17873 ,       21153 ,  0.5284461     ,  0.3966159    
       17874 ,       21182 ,  0.5381486     ,   7.334142    
       17875 ,       21189 ,  0.3940163     ,   2.961822    
       17876 ,       21189 ,  1.8664125E-02 ,  0.6058534    
       17877 ,       21154 ,  7.9270927E-03 ,  0.6109974    
       17878 ,       21115 ,  4.3959774E-02 ,  0.4254846    
       17879 ,       21110 ,  9.2611192E-03 ,  0.1377596    
       17880 ,       21063 ,  0.9761978     ,  0.9450318    
       17881 ,       21063 ,  2.3802202E-02 ,   1.776523    
       17882 ,       21023 ,  0.0000000E+00 ,   1.721624    
       17883 ,       30138 ,  0.3977457     ,  0.7038503    
       17884 ,       30118 ,  0.8472981     ,   3.548374    
       17885 ,       30085 ,  0.3325591     ,   1.110368    
       17886 ,       30044 ,  0.5056151     ,  0.8996646    
       17887 ,       30196 ,  0.8753242     ,   1.895802    
       17888 ,       30125 ,  0.0000000E+00 ,  0.3978463    
       17889 ,       30125 ,  0.0000000E+00 ,  3.8503267E-02
       17892 ,       30049 ,   1.000000     ,  0.2493257    
       17893 ,       30181 ,  0.0000000E+00 ,  0.1425871    
       17895 ,       30181 ,  0.0000000E+00 ,  3.3905739E-03
       17896 ,       30181 ,  0.2474052     ,  9.6731201E-02
       17897 ,       30011 ,  0.0000000E+00 ,  1.1308254E-02
       17898 ,       30011 ,  0.0000000E+00 ,  0.1132111    
       17899 ,       30011 ,  0.0000000E+00 ,  4.9437359E-02
       17937 ,       27003 ,  0.0000000E+00 ,  1.6871756E-02
       17938 ,        4003 ,  0.0000000E+00 ,  2.4512386E-02
       17939 ,        4003 ,  0.0000000E+00 ,  2.3832157E-02
       17940 ,        4003 ,  6.5150872E-02 ,  2.3210768E-02
       17941 ,        4003 ,  3.9889742E-02 ,  2.3816187E-02
       17942 ,        4003 ,  2.2976762E-02 ,  2.3298530E-02
       17943 ,        4003 ,  5.1179980E-03 ,  2.3351194E-02
       17944 ,        4003 ,  0.0000000E+00 ,  3.3692848E-02
       17945 ,        4003 ,  0.1926780     ,  3.0740766E-02
       17946 ,        4003 ,  0.2157378     ,  9.8656975E-03
       17954 ,        4003 ,  0.0000000E+00 ,  1.9689007E-02
       17955 ,        4003 ,  0.0000000E+00 ,  7.7698152E-03
       17958 ,        4009 ,  0.2489288     ,  5.7747614E-02
       17968 ,        4010 ,  0.0000000E+00 ,  3.2946955E-02
       17973 ,        4010 ,  0.0000000E+00 ,  1.2499774E-02
       17974 ,        4010 ,  0.0000000E+00 ,  4.1624703E-03
       17978 ,       23004 ,  0.0000000E+00 ,  9.1668740E-03
       17979 ,       23004 ,  0.0000000E+00 ,  4.7233701E-03
       17983 ,       23004 ,  0.0000000E+00 ,  1.0263485E-02
       17984 ,       23004 ,  0.0000000E+00 ,  7.4025807E-03
       17992 ,       23004 ,  0.0000000E+00 ,  9.1993399E-03
       18152 ,        6007 ,  0.1290184     ,  2.9500011E-02
       18153 ,        6007 ,  0.1641454     ,  0.1990181    
       18154 ,        6007 ,  0.0000000E+00 ,  6.7128778E-02
       18155 ,        6001 ,  0.0000000E+00 ,  0.1025840    
       18156 ,        6001 ,  0.0000000E+00 ,  8.4282018E-02
       18157 ,        6001 ,  0.1476731     ,  7.8934468E-02
       18158 ,        6009 ,  0.0000000E+00 ,  0.1831409    
       18159 ,        6006 ,   1.000000     ,  0.6979535    
       18161 ,        6002 ,  0.0000000E+00 ,  5.8898743E-02
       18162 ,        6002 ,  0.0000000E+00 ,  6.3871667E-02
       18163 ,       14065 ,  0.0000000E+00 ,  0.1034442    
       18167 ,       16089 ,  0.0000000E+00 ,  8.2277857E-02
       18168 ,       16089 ,  0.0000000E+00 ,  0.2741168    
       18169 ,       16089 ,  0.0000000E+00 ,  0.1489388    
       18171 ,       16002 ,  3.4652475E-02 ,  8.6825550E-02
       18172 ,       16002 ,  0.0000000E+00 ,  0.1316407    
       18175 ,       16006 ,  0.2030950     ,  6.2598921E-02
       18176 ,       16006 ,  4.8070095E-02 ,  0.3845922    
       18177 ,       16064 ,  0.7091459     ,  0.1923228    
       18178 ,       16055 ,  0.8071554     ,  0.2581520    
       18179 ,       16055 ,  2.5121804E-02 ,  1.5056971E-02
       18181 ,       16035 ,  0.0000000E+00 ,  1.8964415E-02
       18182 ,       16009 ,  0.0000000E+00 ,  0.1789427    
       18185 ,       16097 ,  0.2852376     ,  1.1818929E-04
       18186 ,       16097 ,  0.2044712     ,  0.3495367    
       18188 ,       16057 ,  0.0000000E+00 ,  0.3325213    
       18189 ,       16057 ,  0.9990726     ,  0.3719505    
       18190 ,       16057 ,  9.2740613E-04 ,  0.1565229    
       18194 ,       16092 ,  0.0000000E+00 ,  0.2680104    
       18195 ,       16099 ,  0.0000000E+00 ,  7.8529984E-02
       18196 ,       16099 ,  0.0000000E+00 ,  2.2528991E-02
       18197 ,       16099 ,  0.0000000E+00 ,  0.1327891    
       18198 ,       15123 ,  0.0000000E+00 ,  0.1883454    
       18199 ,       15116 ,  0.0000000E+00 ,  0.5226814    
       18200 ,       15116 ,  0.1794652     ,  0.1177846    
       18201 ,       15086 ,  0.0000000E+00 ,  9.2716329E-02
       18202 ,       15086 ,   1.000000     ,  0.2818851    
       18203 ,       15077 ,   1.000000     ,   1.033123    
       18204 ,       15021 ,  0.0000000E+00 ,  0.3639027    
       18205 ,       15021 ,  0.0000000E+00 ,  0.2404499    
       18206 ,       15113 ,  7.7885896E-02 ,  0.0000000E+00
       18207 ,       15113 ,  1.6577777E-02 ,  0.1880176    
       18208 ,       15090 ,  9.4685137E-02 ,   1.719651    
       18209 ,       15063 ,  0.4569286     ,   1.169941    
       18210 ,       15063 ,  0.4701940     ,  0.3125361    
       18211 ,       17009 ,  0.3893676     ,  0.3865273    
       18212 ,       17020 ,  1.3071535E-03 ,  0.7811098    
       18213 ,       17020 ,  0.7905280     ,  0.5874668    
       18214 ,       17023 ,  0.9603360     ,  3.2668930E-02
       18215 ,       17027 ,   1.000000     ,   1.905361    
       18216 ,       15094 ,  0.6739234     ,  0.5751666    
       18217 ,       15094 ,  0.3260765     ,   1.473007    
       18218 ,       15034 ,  1.3886227E-02 ,  0.0000000E+00
       18220 ,       21019 ,  6.1207758E-03 ,  0.0000000E+00
       18221 ,       21175 ,  0.9914839     ,  0.5418743    
       18222 ,       21148 ,  0.9899886     ,   1.016938    
       18223 ,       21119 ,  0.5039139     ,   1.448779    
       18224 ,       21114 ,  0.2186493     ,  9.0014659E-02
       18225 ,       21114 ,  2.2295967E-03 ,  0.0000000E+00
       18226 ,       21040 ,  0.9648161     ,  0.4086403    
       18227 ,       21164 ,  0.6356278     ,  0.9734468    
       18228 ,       21164 ,  7.6533921E-02 ,  0.7753384    
       18229 ,       21144 ,  3.4380890E-02 ,   2.508920    
       18230 ,       21115 ,  0.2845428     ,  0.3173230    
       18232 ,       21045 ,  0.3506123     ,  0.2077801    
       18233 ,       21045 ,  0.6493878     ,  0.2187822    
       18235 ,       30101 ,  0.0000000E+00 ,  0.3269964    
       18236 ,       30127 ,   1.000000     ,   7.256578    
       18237 ,       30022 ,  0.3146245     ,   1.386706    
       18238 ,       30068 ,  0.2551147     ,  0.3941808    
       18239 ,       30044 ,  5.6624813E-03 ,  0.1351222    
       18240 ,       30021 ,  0.1946162     ,  5.4326259E-02
       18241 ,       30125 ,  0.9839635     ,  0.2943793    
       18242 ,       30125 ,  0.0000000E+00 ,  0.2209895    
       18243 ,       30125 ,  0.0000000E+00 ,  0.1240359    
       18244 ,       30125 ,  0.0000000E+00 ,  0.1195595    
       18245 ,       30148 ,  0.0000000E+00 ,  0.4541882    
       18246 ,       30090 ,  0.0000000E+00 ,  0.7435427    
       18247 ,       30105 ,  0.0000000E+00 ,  0.1498718    
       18249 ,       30181 ,  0.0000000E+00 ,  0.1951878    
       18250 ,       30011 ,  0.0000000E+00 ,  9.9047430E-02
       18298 ,        4003 ,  8.8580631E-02 ,  0.0000000E+00
       18299 ,        4003 ,  0.2045332     ,  2.0763382E-02
       18300 ,        4003 ,  0.0000000E+00 ,  2.3975942E-02
       18307 ,        4003 ,  0.0000000E+00 ,  9.1507362E-05
       18308 ,        4003 ,  0.0000000E+00 ,  3.7632573E-02
       18309 ,        4009 ,  0.0000000E+00 ,  5.5331312E-02
       18310 ,        4009 ,  0.0000000E+00 ,  5.5327903E-02
       18311 ,        4009 ,  0.7510712     ,  0.1198510    
       18312 ,        4009 ,  0.0000000E+00 ,  5.8308244E-02
       18313 ,        4009 ,  0.0000000E+00 ,  5.5841986E-02
       18314 ,        4004 ,  0.0000000E+00 ,  2.1988470E-02
       18315 ,        4009 ,  0.0000000E+00 ,  7.0655659E-02
       18318 ,        4010 ,  0.0000000E+00 ,  1.1460269E-03
       18319 ,        4010 ,  0.0000000E+00 ,  3.5607517E-02
       18320 ,        4010 ,  0.0000000E+00 ,  3.4705468E-02
       18321 ,        4010 ,  0.0000000E+00 ,  4.3186400E-02
       18322 ,        4010 ,  0.0000000E+00 ,  3.5728868E-02
       18323 ,        4010 ,  0.0000000E+00 ,  3.1825684E-02
       18324 ,        4010 ,  0.0000000E+00 ,  3.2225244E-02
       18325 ,        4010 ,  0.0000000E+00 ,  3.4239352E-02
       18326 ,        4010 ,  0.0000000E+00 ,  3.1591021E-02
       18327 ,        4010 ,   1.000000     ,  5.8171369E-02
       18328 ,        4010 ,  0.0000000E+00 ,  3.1611126E-02
       18329 ,        4010 ,  0.0000000E+00 ,  3.1772733E-02
       18330 ,       23004 ,  0.0000000E+00 ,  1.3698030E-02
       18331 ,       23004 ,  0.0000000E+00 ,  1.3696709E-02
       18332 ,       23004 ,  4.8691176E-02 ,  1.7144598E-02
       18333 ,       23004 ,  0.0000000E+00 ,  1.8511664E-02
       18334 ,       23004 ,  0.0000000E+00 ,  2.7877824E-02
       18335 ,       23004 ,  0.0000000E+00 ,  1.2468621E-02
       18336 ,       23004 ,  0.0000000E+00 ,  1.5622581E-03
       18337 ,       23004 ,  0.0000000E+00 ,  1.4565363E-02
       18345 ,       23004 ,  0.0000000E+00 ,  9.0232253E-04
       18346 ,       23004 ,  0.0000000E+00 ,  6.9886451E-03
       18504 ,        6007 ,  1.8572677E-02 ,  2.7722355E-02
       18505 ,        6007 ,  0.4690744     ,  0.1395893    
       18506 ,        6007 ,  0.1924472     ,  0.1300845    
       18509 ,        6004 ,  0.0000000E+00 ,  0.1940837    
       18510 ,        6009 ,  1.2522742E-04 ,  0.0000000E+00
       18511 ,        6009 ,  5.8297414E-02 ,  7.0980616E-02
       18512 ,        6002 ,  0.0000000E+00 ,  0.2213713    
       18513 ,        6002 ,  0.0000000E+00 ,  3.5183650E-02
       18514 ,        6002 ,  0.0000000E+00 ,  7.7552743E-02
       18515 ,        6002 ,  0.0000000E+00 ,  5.7563593E-04
       18516 ,       14065 ,  0.0000000E+00 ,  0.1595552    
       18522 ,       16089 ,  0.0000000E+00 ,  0.2455199    
       18524 ,       16012 ,  0.1208443     ,  7.7699080E-02
       18525 ,       16012 ,  0.0000000E+00 ,  3.8334932E-02
       18526 ,       16012 ,  0.1882641     ,  0.1714956    
       18527 ,       16006 ,  0.0000000E+00 ,  0.4212262    
       18528 ,       16006 ,  0.7184756     ,  0.3756036    
       18529 ,       16006 ,  3.0359248E-02 ,  0.0000000E+00
       18530 ,       16064 ,  0.2741910     ,  0.2287444    
       18531 ,       16064 ,  0.0000000E+00 ,  0.1297894    
       18532 ,       16033 ,  0.7143492     ,  0.4669705    
       18533 ,       16033 ,  0.0000000E+00 ,  6.7538455E-02
       18534 ,       16059 ,  3.8666725E-02 ,  1.3867668E-02
       18535 ,       16009 ,  0.0000000E+00 ,  0.1010220    
       18536 ,       16009 ,  0.0000000E+00 ,  0.1095413    
       18538 ,       16097 ,  0.5102912     ,  0.1156199    
       18539 ,       16082 ,  0.2490597     ,  0.1637196    
       18540 ,       16082 ,  0.0000000E+00 ,  7.1004905E-02
       18541 ,       16057 ,  0.0000000E+00 ,  0.1121028    
       18542 ,       16057 ,  0.0000000E+00 ,  4.2383008E-02
       18547 ,       16092 ,  0.0000000E+00 ,  8.0559134E-02
       18548 ,       16099 ,  0.0000000E+00 ,  0.1629099    
       18550 ,       16099 ,  0.0000000E+00 ,  8.9346789E-02
       18551 ,       15066 ,  0.0000000E+00 ,  0.6218978    
       18552 ,       15066 ,   1.000000     ,  0.6195307    
       18553 ,       15116 ,  0.8205348     ,  0.3732085    
       18554 ,       15110 ,  3.5621127E-04 ,  0.0000000E+00
       18555 ,       15110 ,  0.0000000E+00 ,  0.1807500    
       18556 ,       15086 ,  0.0000000E+00 ,  9.2056185E-02
       18557 ,       15086 ,  0.0000000E+00 ,  5.1374167E-02
       18558 ,       15021 ,  0.0000000E+00 ,  0.3042837    
       18559 ,       15106 ,  0.0000000E+00 ,  1.6221628E-02
       18560 ,       15090 ,  0.4217748     ,  0.5362509    
       18561 ,       15098 ,  0.1355047     ,  0.3584408    
       18562 ,       15101 ,  7.1850874E-02 ,  0.2746756    
       18563 ,       15101 ,  0.0000000E+00 ,  0.4525412    
       18564 ,       17009 ,  1.7105092E-03 ,  6.7847818E-02
       18565 ,       17009 ,  0.2459358     ,  0.3163657    
       18566 ,       17009 ,  0.0000000E+00 ,  1.8076517E-02
       18568 ,       15050 ,  0.0000000E+00 ,  0.5636240    
       18569 ,       15050 ,   1.000000     ,  0.4711031    
       18570 ,       15068 ,  0.3452706     ,  0.8696148    
       18571 ,       15015 ,  1.0163797E-02 ,  0.5552176    
       18572 ,       21138 ,  0.0000000E+00 ,  0.8303519    
       18573 ,       21175 ,  8.5161105E-03 ,  0.6777282    
       18574 ,       21140 ,  3.0416227E-03 ,  0.3459597    
       18575 ,       21140 ,  0.6018373     ,  0.9041795    
       18576 ,       21140 ,  0.3735382     ,   4.065683    
       18577 ,       29025 ,  7.8282408E-02 ,  0.2985566    
       18578 ,       21114 ,  8.1177019E-02 ,  0.1884011    
       18579 ,       21163 ,  0.9727258     ,   1.159093    
       18580 ,       21163 ,  2.7274238E-02 ,  0.1398449    
       18581 ,       21004 ,  0.0000000E+00 ,  8.7600562E-04
       18582 ,       21152 ,  1.6705973E-02 ,  9.6995085E-02
       18583 ,       21065 ,  2.9046129E-02 ,   1.191231    
       18584 ,       21130 ,  0.9575316     ,  0.2460565    
       18585 ,       21130 ,  4.2468335E-02 ,  0.2600531    
       18586 ,       21179 ,  0.2981089     ,  0.2005623    
       18587 ,       21179 ,  0.0000000E+00 ,  1.3345124E-03
       18589 ,       30047 ,  0.1619790     ,  7.8641959E-02
       18590 ,       30062 ,  0.9443430     ,   12.67764    
       18591 ,       30186 ,   1.000000     ,  0.6936682    
       18592 ,       30165 ,  2.0247191E-02 ,  0.4656879    
       18593 ,       30165 ,  0.8899387     ,   1.195578    
       18594 ,       30200 ,  0.0000000E+00 ,  0.6058761    
       18595 ,       30125 ,  1.6036464E-02 ,  0.5731907    
       18596 ,       30007 ,  0.0000000E+00 ,  0.4890714    
       18597 ,       30148 ,  0.6784586     ,  0.4612513    
       18598 ,       30148 ,  0.3215414     ,  0.1777745    
       18599 ,       30090 ,  1.9016101E-03 ,  0.2248217    
       18600 ,       30105 ,  4.9374276E-03 ,  0.1958289    
       18601 ,       30105 ,  0.2653109     ,  0.2669000    
       18602 ,       30011 ,  0.0000000E+00 ,  0.1123303    
       18603 ,       30011 ,  0.0000000E+00 ,  3.0848557E-02
       18653 ,        4003 ,  0.0000000E+00 ,  4.4224490E-03
       18654 ,        4003 ,  0.0000000E+00 ,  2.6287602E-02
       18655 ,        4003 ,  8.6436287E-02 ,  2.0699959E-02
       18660 ,        4003 ,  0.0000000E+00 ,  2.1556218E-03
       18661 ,        4003 ,  0.0000000E+00 ,  3.4819972E-02
       18662 ,        4003 ,  0.0000000E+00 ,  1.4856104E-04
       18664 ,        4009 ,  0.0000000E+00 ,  5.5379786E-02
       18668 ,        4009 ,  0.0000000E+00 ,  7.2035571E-03
       18669 ,        4009 ,  0.0000000E+00 ,  6.3205235E-02
       18670 ,        4009 ,  0.0000000E+00 ,  5.5648986E-02
       18671 ,        4010 ,  0.0000000E+00 ,  3.2276124E-02
       18680 ,        4010 ,  0.0000000E+00 ,  3.2277163E-02
       18686 ,       23004 ,  0.0000000E+00 ,  4.5125834E-03
       18687 ,       23004 ,  0.0000000E+00 ,  9.4355466E-03
       18688 ,       23004 ,  0.0000000E+00 ,  1.6749944E-03
       18689 ,       23004 ,  2.2324931E-02 ,  1.3230223E-02
       18690 ,       23004 ,  2.0159412E-02 ,  2.1521861E-02
       18691 ,       23004 ,  0.0000000E+00 ,  2.0203259E-02
       18692 ,       23004 ,  0.2046235     ,  1.6700203E-02
       18693 ,       23004 ,  0.3901381     ,  8.7358244E-03
       18699 ,       23004 ,  0.0000000E+00 ,  7.0392434E-03
       18854 ,       14022 ,  0.2200430     ,  2.7333280E-02
       18855 ,       14022 ,  0.0000000E+00 ,  9.8239027E-02
       18856 ,        6007 ,  0.0000000E+00 ,  7.6093949E-02
       18857 ,        6007 ,  0.0000000E+00 ,  2.2400580E-02
       18858 ,        6007 ,  2.6742026E-02 ,  0.0000000E+00
       18859 ,        6007 ,  0.0000000E+00 ,  5.4983478E-02
       18860 ,        6007 ,  0.0000000E+00 ,  4.0446497E-02
       18862 ,        6004 ,  0.0000000E+00 ,  0.1210776    
       18863 ,        6004 ,  0.3983000     ,  0.1851021    
       18864 ,        6004 ,  0.5907653     ,  0.4772838    
       18865 ,        6004 ,  6.6584004E-03 ,  0.1930671    
       18866 ,        6005 ,  2.5492866E-04 ,  8.6561166E-02
       18867 ,        6002 ,  0.0000000E+00 ,  5.8632594E-02
       18868 ,       14065 ,  0.0000000E+00 ,  0.4998140    
       18869 ,       14065 ,  0.0000000E+00 ,  0.1509160    
       18871 ,       14087 ,  0.0000000E+00 ,  4.9317591E-02
       18872 ,       14087 ,  0.0000000E+00 ,  2.0280799E-03
       18875 ,       16089 ,  0.4647802     ,  0.3449219    
       18876 ,       16089 ,  0.5352198     ,  8.8790327E-02
       18877 ,       16012 ,  0.2212218     ,  0.1282431    
       18878 ,       16012 ,  4.8663143E-02 ,  0.1311999    
       18879 ,       16012 ,  0.4210067     ,  0.1397210    
       18880 ,       16012 ,  0.0000000E+00 ,  2.3213264E-02
       18883 ,       16064 ,  0.0000000E+00 ,  0.2810679    
       18885 ,       16033 ,  0.2856508     ,  0.2206840    
       18886 ,       16033 ,  0.0000000E+00 ,  0.1977026    
       18887 ,       16059 ,  0.9613333     ,  0.6766193    
       18888 ,       16009 ,  0.0000000E+00 ,  0.1770499    
       18889 ,       16009 ,   1.000000     ,  0.2942563    
       18890 ,       16082 ,  0.0000000E+00 ,  8.6234711E-02
       18891 ,       16082 ,  0.0000000E+00 ,  0.1090642    
       18892 ,       16082 ,  0.6845386     ,  0.1560715    
       18893 ,       16049 ,  0.0000000E+00 ,  0.4006190    
       18900 ,       16092 ,  0.0000000E+00 ,  8.1016399E-02
       18901 ,       16099 ,  0.0000000E+00 ,  0.1466820    
       18902 ,       16099 ,   1.000000     ,  0.1837711    
       18903 ,       16099 ,  0.0000000E+00 ,  0.1398620    
       18904 ,       16081 ,   1.000000     ,  0.2952846    
       18905 ,       16081 ,  0.0000000E+00 ,  0.4562733    
       18906 ,       15110 ,  0.1095325     ,   1.313799    
       18907 ,       15110 ,  0.8901113     ,  0.3137157    
       18908 ,       15110 ,  0.0000000E+00 ,  0.1221061    
       18909 ,       15086 ,  0.0000000E+00 ,  0.1040024    
       18910 ,       15086 ,  0.0000000E+00 ,  0.1399399    
       18911 ,       15118 ,  0.0000000E+00 ,  0.2118712    
       18912 ,       15106 ,  8.6191299E-05 ,  2.7703855E-03
       18913 ,       15106 ,  1.4801786E-02 ,  0.9068691    
       18914 ,       15101 ,  8.5762180E-02 ,   1.540088    
       18915 ,       15101 ,  0.8012112     ,   3.375961    
       18916 ,       15101 ,  4.1175760E-02 ,  0.8649797    
       18917 ,       15043 ,  0.0000000E+00 ,  0.4537353    
       18918 ,        9012 ,  5.9917901E-02 ,  8.4472865E-02
       18919 ,        9013 ,  5.4160606E-02 ,  0.7471346    
       18920 ,        9009 ,  0.6880609     ,  0.6884186    
       18921 ,       15025 ,  8.4728353E-02 ,  0.1627836    
       18922 ,       15089 ,   1.000000     ,   2.156757    
       18923 ,       15103 ,  0.6106462     ,   2.144549    
       18926 ,       21074 ,  9.9731304E-02 ,  9.7021006E-02
       18927 ,       21074 ,  0.6704802     ,   2.880555    
       18928 ,       29023 ,  4.9741153E-02 ,   3.202682    
       18929 ,       29058 ,  0.3353008     ,   2.980996    
       18930 ,       29058 ,  6.7007132E-02 ,  0.1444405    
       18931 ,       29028 ,  5.5084731E-03 ,  0.5569338    
       18932 ,       21001 ,  9.1303155E-02 ,  3.2640625E-02
       18933 ,       21104 ,  0.2163955     ,  0.5345855    
       18934 ,       21104 ,  9.7356834E-02 ,  6.4915023E-03
       18935 ,       21152 ,  0.8810886     ,   1.215018    
       18936 ,       21152 ,  0.1022055     ,   3.852166    
       18937 ,       21142 ,  0.1977955     ,  0.4806491    
       18938 ,       21012 ,  0.5168419     ,  0.3752789    
       18939 ,       21179 ,  0.7018910     ,  0.3599009    
       18940 ,       21179 ,  0.0000000E+00 ,  4.4913039E-02
       18942 ,       30008 ,  0.0000000E+00 ,  2.5570167E-02
       18943 ,       30047 ,  3.8956184E-02 ,   1.170331    
       18944 ,       30071 ,  0.9461215     ,  0.5469043    
       18945 ,       30200 ,   1.000000     ,   1.372447    
       18946 ,       30165 ,  4.1275453E-02 ,  0.4294713    
       18947 ,       30043 ,  0.0000000E+00 ,  0.2220775    
       18948 ,       30043 ,  0.0000000E+00 ,  0.2203761    
       18949 ,       30148 ,  0.0000000E+00 ,  0.1441837    
       18950 ,       30148 ,  0.0000000E+00 ,  5.6958854E-02
       18951 ,       30100 ,  0.6770979     ,  0.2282261    
       18952 ,       30100 ,  0.3229021     ,  0.2137852    
       18953 ,       30105 ,  0.1959634     ,  0.3107712    
       18954 ,       30105 ,  0.5337882     ,  0.2041234    
       18955 ,       30011 ,  0.1710393     ,  0.1008040    
       18956 ,       30011 ,  0.1528908     ,  2.4058025E-02
       19008 ,        4003 ,  6.3996459E-03 ,  1.0137877E-02
       19009 ,        4003 ,  0.0000000E+00 ,  1.9227173E-02
       19011 ,        4003 ,  0.0000000E+00 ,  4.7401038E-05
       19014 ,        4003 ,  0.0000000E+00 ,  2.6252741E-02
       19015 ,        4003 ,  0.0000000E+00 ,  1.8737648E-02
       19017 ,        4004 ,  0.0000000E+00 ,  2.3237120E-02
       19018 ,        4004 ,  0.0000000E+00 ,  2.3227741E-04
       19033 ,        4010 ,  0.0000000E+00 ,  3.1604506E-02
       19039 ,       23004 ,  0.0000000E+00 ,  5.7944120E-03
       19040 ,       23004 ,  0.0000000E+00 ,  1.7167985E-02
       19044 ,       23004 ,  0.0000000E+00 ,  2.0733798E-02
       19045 ,       23004 ,  2.2972592E-03 ,  1.1887514E-03
       19046 ,       23004 ,  0.1201899     ,  4.1625602E-03
       19052 ,       23004 ,  0.0000000E+00 ,  7.3331096E-03
       19206 ,       14022 ,  0.0000000E+00 ,  0.1702944    
       19207 ,       14022 ,  0.3467063     ,  0.4579704    
       19208 ,       14022 ,  0.2241983     ,  0.1323663    
       19209 ,       14022 ,  0.2090524     ,  7.9729177E-02
       19211 ,       14027 ,  0.0000000E+00 ,  7.3073201E-02
       19212 ,        6007 ,  0.0000000E+00 ,  4.1362483E-02
       19213 ,        6008 ,  0.0000000E+00 ,  0.2130273    
       19216 ,        6010 ,  0.0000000E+00 ,  5.7599828E-02
       19217 ,        6003 ,  0.0000000E+00 ,  0.2337891    
       19218 ,        6010 ,   1.000000     ,  0.9843102    
       19219 ,        6005 ,  0.1654109     ,  0.1906902    
       19220 ,        6005 ,  0.0000000E+00 ,  0.1920649    
       19221 ,        6005 ,  0.0000000E+00 ,  6.2790871E-02
       19222 ,       14065 ,   1.000000     ,  0.2855508    
       19224 ,       14087 ,  0.0000000E+00 ,  0.1594210    
       19227 ,       14049 ,  0.0000000E+00 ,  7.4702285E-02
       19228 ,       14049 ,  0.0000000E+00 ,  0.1694475    
       19229 ,       16012 ,  0.0000000E+00 ,  2.4873847E-02
       19230 ,       16012 ,  0.0000000E+00 ,  4.9446315E-02
       19231 ,       14049 ,  0.0000000E+00 ,  8.5881442E-02
       19232 ,       16012 ,  0.0000000E+00 ,  0.1065827    
       19233 ,       16083 ,  0.0000000E+00 ,  0.1203203    
       19234 ,       16083 ,  0.0000000E+00 ,  3.2855544E-02
       19235 ,       16083 ,  0.0000000E+00 ,  0.1003823    
       19237 ,       16102 ,  0.0000000E+00 ,  9.0372982E-03
       19238 ,       16102 ,  0.0000000E+00 ,  8.3195291E-02
       19239 ,       16087 ,  0.0000000E+00 ,  8.1273869E-02
       19240 ,       16087 ,  0.0000000E+00 ,  0.5092816    
       19241 ,       16009 ,  0.0000000E+00 ,  9.9887224E-03
       19242 ,       16079 ,  0.0000000E+00 ,  0.2968540    
       19243 ,       16079 ,  0.0000000E+00 ,  3.2929398E-02
       19245 ,       16082 ,  4.1072261E-02 ,  0.1562147    
       19246 ,       16049 ,  0.0000000E+00 ,  0.5850279    
       19252 ,       16101 ,  0.0000000E+00 ,  0.1358758    
       19253 ,       16092 ,  0.0000000E+00 ,  1.1618501E-02
       19255 ,       16099 ,  0.0000000E+00 ,  3.0196605E-02
       19256 ,       16046 ,  0.0000000E+00 ,  0.4912868    
       19257 ,       16046 ,  0.6929293     ,  0.5271004    
       19258 ,       15041 ,  0.0000000E+00 ,  0.3959518    
       19259 ,       15041 ,   1.000000     ,  0.7159875    
       19260 ,       15032 ,  0.1614156     ,  0.7547732    
       19261 ,       15032 ,  0.4025576     ,  0.7056861    
       19262 ,       15007 ,  0.2848096     ,  0.5319318    
       19263 ,       15118 ,  1.5900466E-03 ,  8.7880589E-02
       19264 ,       15118 ,  0.3234112     ,  0.2508707    
       19265 ,       15118 ,  0.6260971     ,  0.2060188    
       19266 ,       15106 ,  0.2950294     ,  0.2654446    
       19267 ,       15106 ,  3.2262336E-02 ,  0.4519272    
       19268 ,       15062 ,  0.7901561     ,  0.7468236    
       19269 ,       15062 ,  0.2098439     ,  0.5540175    
       19270 ,        9012 ,  1.0137834E-03 ,  4.9876448E-02
       19271 ,        9012 ,  0.5745413     ,  0.2754531    
       19272 ,        9013 ,  0.6841049     ,  0.9605868    
       19273 ,        9013 ,  0.2464947     ,  0.9162813    
       19274 ,       15122 ,  0.6142161     ,  0.4030630    
       19275 ,       15103 ,  9.9668535E-04 ,  0.4282437    
       19276 ,       15103 ,  0.3883570     ,  4.1507319E-02
       19277 ,       15025 ,  0.0000000E+00 ,  3.2166388E-02
       19278 ,       21180 ,  8.2696816E-03 ,  0.0000000E+00
       19279 ,       21143 ,  0.6998650     ,   1.162545    
       19280 ,       29019 ,  0.2021722     ,  0.8414748    
       19281 ,       29057 ,   1.000000     ,   1.795456    
       19282 ,       29060 ,  0.1691983     ,   11.51451    
       19283 ,       29060 ,  0.7813500     ,   3.370184    
       19284 ,       29010 ,  0.0000000E+00 ,  0.5651966    
       19286 ,       29037 ,   1.000000     ,   1.808072    
       19287 ,       21128 ,  1.4984968E-02 ,   1.364303    
       19288 ,       21128 ,  0.9483480     ,  0.2302986    
       19290 ,       21142 ,  0.0000000E+00 ,  0.5006375    
       19291 ,       21179 ,  0.0000000E+00 ,  2.6380714E-02
       19292 ,       21179 ,  0.0000000E+00 ,  0.3148911    
       19294 ,       21058 ,  0.2496959     ,  0.2575846    
       19295 ,       21058 ,  1.7987480E-02 ,  0.5356948    
       19296 ,       21050 ,   1.000000     ,  0.4400096    
       19297 ,       30188 ,   1.000000     ,  0.8828058    
       19298 ,       30179 ,  0.1523615     ,   1.191757    
       19299 ,       30179 ,  0.8476385     ,   1.025604    
       19300 ,       30134 ,  0.0000000E+00 ,  0.1023932    
       19301 ,       30134 ,  0.0000000E+00 ,  7.4021718E-03
       19302 ,       30126 ,  0.0000000E+00 ,  1.0026826E-02
       19303 ,       30148 ,  0.0000000E+00 ,  1.7518064E-03
       19304 ,       30193 ,  0.0000000E+00 ,  4.4447228E-02
       19305 ,       30193 ,  1.9119248E-02 ,  0.2683416    
       19306 ,       30193 ,  0.5922798     ,  0.2380926    
       19307 ,       30193 ,  0.3186049     ,  0.2342050    
       19362 ,        4003 ,  0.0000000E+00 ,  1.6829992E-02
       19363 ,        4003 ,  0.0000000E+00 ,  2.2186235E-02
       19366 ,        4003 ,  0.0000000E+00 ,  2.3841647E-02
       19367 ,        4003 ,  0.0000000E+00 ,  2.6203554E-02
       19368 ,        4004 ,  0.0000000E+00 ,  8.5598445E-03
       19370 ,        4004 ,  0.0000000E+00 ,  2.2726623E-02
       19386 ,        4010 ,  0.0000000E+00 ,  3.4336377E-02
       19392 ,       23004 ,  0.0000000E+00 ,  1.5553671E-02
       19393 ,       23004 ,  0.0000000E+00 ,  4.9368589E-04
       19397 ,       23004 ,  9.9521473E-02 ,  1.6695008E-02
       19405 ,       23004 ,  0.0000000E+00 ,  6.9055683E-03
       19557 ,       14043 ,  0.0000000E+00 ,  8.2697511E-02
       19558 ,       14043 ,  0.0000000E+00 ,  0.1415568    
       19559 ,       14022 ,  0.0000000E+00 ,  0.1323796    
       19560 ,       14022 ,  0.0000000E+00 ,  0.2642410    
       19566 ,        6008 ,  0.0000000E+00 ,  1.9849325E-02
       19567 ,        6008 ,  7.7095032E-02 ,  0.2528008    
       19568 ,        6008 ,  0.8663936     ,  7.8294054E-03
       19569 ,        6008 ,  0.0000000E+00 ,  0.2361838    
       19570 ,        6003 ,  0.0000000E+00 ,  0.1252853    
       19571 ,        6003 ,  0.8577927     ,  0.3273006    
       19572 ,        6003 ,  7.5943284E-02 ,  6.5598600E-02
       19573 ,        6005 ,  0.8343342     ,   1.141379    
       19574 ,       14103 ,  0.0000000E+00 ,  0.3226466    
       19575 ,       14108 ,  0.0000000E+00 ,  0.1836373    
       19576 ,       14087 ,  0.0000000E+00 ,  6.5130360E-02
       19577 ,       14087 ,  0.0000000E+00 ,  9.9715009E-02
       19578 ,       14049 ,  0.0000000E+00 ,  0.1533374    
       19579 ,       14049 ,  0.1359884     ,  0.2004730    
       19580 ,       14049 ,  0.8640116     ,  0.1605758    
       19584 ,       14049 ,  0.0000000E+00 ,  0.1208962    
       19585 ,       16012 ,  0.0000000E+00 ,  8.8553593E-02
       19586 ,       16083 ,  0.0000000E+00 ,  0.3661094    
       19587 ,       16083 ,   1.000000     ,  0.2469760    
       19588 ,       16083 ,  0.0000000E+00 ,  0.1126453    
       19589 ,       16058 ,  0.0000000E+00 ,  0.6802654    
       19590 ,       16102 ,  1.3049672E-05 ,  0.1796910    
       19591 ,       16102 ,  0.3892168     ,  0.1428326    
       19592 ,       16111 ,  6.5691352E-02 ,  0.4155271    
       19593 ,       16087 ,  1.8267673E-02 ,  0.0000000E+00
       19595 ,       16079 ,  0.1233692     ,  0.2445855    
       19596 ,       16079 ,  0.2751097     ,  9.1344357E-02
       19597 ,       16079 ,  0.0000000E+00 ,  0.4694392    
       19598 ,       16082 ,  0.0000000E+00 ,  7.2205424E-02
       19599 ,       16049 ,  0.0000000E+00 ,  0.6795144    
       19600 ,       16049 ,   1.000000     ,  0.1853657    
       19604 ,       16101 ,  0.0000000E+00 ,  1.3141770E-02
       19605 ,       16101 ,  0.0000000E+00 ,  0.2397242    
       19609 ,       16047 ,  0.0000000E+00 ,  1.0386460E-02
       19610 ,       16046 ,  0.3070706     ,  0.3264415    
       19611 ,       15032 ,  0.0000000E+00 ,  2.1596365E-03
       19612 ,       15111 ,  0.0000000E+00 ,  8.8016137E-02
       19613 ,       15111 ,  0.5225683     ,  0.2926566    
       19614 ,       15111 ,  9.8206520E-02 ,  0.7442950    
       19615 ,       15114 ,  0.0000000E+00 ,  1.3245966E-02
       19616 ,       15005 ,  0.0000000E+00 ,  0.2042732    
       19617 ,       15118 ,  2.0215693E-03 ,  0.2016123    
       19618 ,       15118 ,  4.6880074E-02 ,  0.3392385    
       19619 ,       15106 ,  0.3484232     ,  0.2641774    
       19620 ,       15106 ,  0.1091655     ,  0.1778388    
       19621 ,       15051 ,  0.5028466     ,  0.3489210    
       19622 ,       15037 ,  0.1880027     ,  0.6964272    
       19623 ,       15037 ,  6.7593142E-02 ,   1.719603    
       19624 ,        9014 ,  0.2627515     ,   1.235624    
       19625 ,        9014 ,  0.1957151     ,  0.9618586    
       19626 ,       15070 ,  4.9084358E-02 ,   1.848307    
       19627 ,       15122 ,  0.3857840     ,   2.501901    
       19628 ,       15070 ,  8.6573593E-05 ,  0.4371954    
       19629 ,       15039 ,  2.0295983E-02 ,  0.4686644    
       19630 ,       15039 ,  2.3323577E-02 ,  0.4904259    
       19631 ,       21180 ,  0.4234770     ,  0.5657296    
       19632 ,       21180 ,  0.4471048     ,   1.973663    
       19633 ,       29019 ,  0.4038841     ,  0.6342849    
       19634 ,       29056 ,   1.000000     ,  0.6342582    
       19635 ,       29060 ,  3.8175892E-02 ,   1.804784    
       19636 ,       29060 ,  1.1275833E-02 ,   7.355039    
       19637 ,       29052 ,  0.9147466     ,   1.783118    
       19638 ,       29052 ,  6.9208212E-02 ,   1.287326    
       19639 ,       29013 ,  0.8730262     ,  0.3458856    
       19640 ,       29013 ,  4.3001380E-03 ,  0.8336154    
       19641 ,       29008 ,  0.9579720     ,   1.244530    
       19642 ,       29007 ,   1.000000     ,   1.309317    
       19643 ,       21137 ,  0.0000000E+00 ,  0.6660773    
       19644 ,       21137 ,  0.5047518     ,  0.7775089    
       19645 ,       21067 ,  0.0000000E+00 ,  0.2405898    
       19646 ,       21093 ,   1.000000     ,  0.7441484    
       19647 ,       21058 ,  0.4316870     ,  0.7147738    
       19648 ,       21116 ,   1.000000     ,  0.7668287    
       19649 ,       21116 ,  0.0000000E+00 ,  0.2343308    
       19650 ,       30024 ,  0.0000000E+00 ,  0.2916592    
       19651 ,       30162 ,   1.000000     ,  0.1507177    
       19653 ,       30017 ,  0.0000000E+00 ,  0.3384324    
       19654 ,       30134 ,  0.0000000E+00 ,  8.4503949E-02
       19655 ,       30134 ,  0.0000000E+00 ,  0.1408228    
       19656 ,       30126 ,  0.7201787     ,  0.2863457    
       19657 ,       30126 ,  0.2790259     ,  0.4279827    
       19658 ,       30193 ,  7.2655701E-03 ,  0.2062402    
       19659 ,       30193 ,  5.5340979E-02 ,  0.1418521    
       19660 ,       30193 ,  7.3895114E-03 ,  0.0000000E+00
       19716 ,        4003 ,  0.0000000E+00 ,  4.8599127E-03
       19717 ,        4003 ,  2.1205393E-03 ,  2.8504925E-02
       19718 ,        4003 ,  7.0378423E-02 ,  4.1909426E-02
       19719 ,        4003 ,  0.0000000E+00 ,  3.7733798E-03
       19721 ,        4004 ,  0.0000000E+00 ,  2.3858013E-02
       19723 ,        4004 ,  0.0000000E+00 ,  3.6519133E-02
       19724 ,        4004 ,  0.0000000E+00 ,  2.3111202E-02
       19739 ,        4010 ,  0.0000000E+00 ,  3.1590383E-02
       19746 ,       23004 ,  0.0000000E+00 ,  1.9340502E-02
       19747 ,       23004 ,  0.0000000E+00 ,  5.8206441E-03
       19748 ,       23004 ,  0.0000000E+00 ,  8.6297505E-03
       19749 ,       23004 ,  0.0000000E+00 ,  1.4976270E-02
       19750 ,       23004 ,  0.0000000E+00 ,  1.4896031E-02
       19751 ,       23004 ,  0.0000000E+00 ,  1.4050233E-02
       19758 ,       23004 ,  0.0000000E+00 ,  7.8849932E-03
       19909 ,       14043 ,  0.0000000E+00 ,  4.9394906E-02
       19910 ,       14043 ,  0.0000000E+00 ,  7.8001373E-02
       19913 ,       14043 ,  0.0000000E+00 ,  0.1122632    
       19914 ,       14043 ,  0.0000000E+00 ,  1.5658639E-02
       19915 ,       14027 ,  0.0000000E+00 ,  0.1095556    
       19916 ,       14027 ,  0.0000000E+00 ,  0.1317358    
       19917 ,       14027 ,   1.000000     ,  0.1738344    
       19918 ,       14027 ,  0.0000000E+00 ,  0.1482539    
       19919 ,       14027 ,  0.0000000E+00 ,  0.1328985    
       19920 ,       14027 ,  0.0000000E+00 ,  3.4842476E-02
       19921 ,        6008 ,  5.6511343E-02 ,  0.3931643    
       19922 ,        6008 ,  0.0000000E+00 ,  3.6277886E-02
       19923 ,       14099 ,  0.0000000E+00 ,  0.1716165    
       19924 ,       14122 ,  0.0000000E+00 ,  0.3769632    
       19925 ,       14122 ,  0.0000000E+00 ,  0.4932610    
       19926 ,       14103 ,  0.5556491     ,  0.2335488    
       19927 ,       14103 ,  0.4443509     ,  0.7272194    
       19928 ,       14108 ,  0.0000000E+00 ,  5.5893127E-02
       19929 ,       14087 ,  0.9901595     ,  0.2142238    
       19930 ,       14085 ,  0.0000000E+00 ,  0.1545659    
       19931 ,       14087 ,  0.0000000E+00 ,  8.2160816E-02
       19937 ,       14049 ,  0.0000000E+00 ,  4.0540945E-02
       19939 ,       16068 ,  0.0000000E+00 ,  0.3512142    
       19940 ,       16068 ,  0.0000000E+00 ,  0.1216221    
       19943 ,       16102 ,  5.9819009E-02 ,  0.1430140    
       19944 ,       16102 ,  0.4900805     ,  0.2414774    
       19945 ,       16111 ,  0.4474692     ,  0.7603087    
       19946 ,       16111 ,  0.4868394     ,  0.3188737    
       19947 ,       16066 ,  0.0000000E+00 ,  1.2905046E-02
       19948 ,       16079 ,  2.9595084E-02 ,  3.1314418E-02
       19949 ,       16079 ,  0.5719260     ,  0.1922929    
       19950 ,       16066 ,  7.4378364E-02 ,  0.1142552    
       19951 ,       16066 ,  0.0000000E+00 ,  1.1106121E-03
       19952 ,       16001 ,  0.1771492     ,  0.5511225    
       19953 ,       16001 ,  0.0000000E+00 ,  0.2633671    
       19957 ,       16101 ,  0.0000000E+00 ,  0.1899211    
       19962 ,       16047 ,   1.000000     ,  0.2069266    
       19963 ,       16112 ,  0.2773300     ,  0.1139513    
       19964 ,       16112 ,  0.7226700     ,  0.2619689    
       19965 ,       16112 ,  0.0000000E+00 ,  0.1788508    
       19966 ,       15111 ,  6.4572394E-02 ,  0.1972736    
       19967 ,       15111 ,  0.3146528     ,  0.3162735    
       19968 ,       15114 ,  0.8160511     ,  0.2479520    
       19969 ,       15005 ,  0.0000000E+00 ,  0.2393495    
       19970 ,       15005 ,  8.4647223E-02 ,  0.1306923    
       19971 ,       15106 ,  1.6649820E-02 ,  0.2321511    
       19972 ,       15106 ,  1.8389000E-02 ,  0.1902607    
       19973 ,       15115 ,  0.6477940     ,  0.8695242    
       19974 ,       15115 ,  0.3522060     ,  0.5363522    
       19975 ,       15057 ,  1.7642349E-02 ,  0.2957485    
       19976 ,       15057 ,  0.3587418     ,  0.6297787    
       19977 ,       15057 ,  7.6807030E-02 ,   1.925477    
       19978 ,        9017 ,  0.8857242     ,   2.768690    
       19979 ,       15099 ,  3.6525333E-04 ,   1.037305    
       19980 ,       15099 ,  5.4277200E-02 ,   1.824283    
       19981 ,       15099 ,  4.5625314E-02 ,  0.7181273    
       19985 ,       29015 ,  6.2641531E-02 ,  0.2574614    
       19986 ,       29015 ,  0.1397851     ,  0.2255127    
       19987 ,       29014 ,  0.0000000E+00 ,  0.5195600    
       19988 ,       29043 ,  3.5425026E-03 ,  0.6572450    
       19989 ,       29043 ,  0.9919489     ,   2.566857    
       19990 ,       29052 ,  3.1113166E-03 ,   1.594083    
       19991 ,       29052 ,  1.2933999E-02 ,  0.5704312    
       19992 ,       29013 ,  5.1919729E-02 ,  0.1738004    
       19993 ,       29013 ,  5.8623955E-02 ,  0.4893951    
       19994 ,       29004 ,  3.5205667E-03 ,  0.1688989    
       19995 ,       21108 ,  0.9699575     ,  0.1913198    
       19996 ,       21108 ,  1.2837573E-02 ,  0.1484613    
       19997 ,       21170 ,  0.0000000E+00 ,  0.1887491    
       19998 ,       21170 ,  0.0000000E+00 ,  0.3182121    
       19999 ,       21093 ,  0.0000000E+00 ,  0.5215057    
       20000 ,       30025 ,  0.0000000E+00 ,  0.4276346    
       20001 ,       30079 ,   1.000000     ,  0.3804335    
       20002 ,       30046 ,  6.6996063E-03 ,   1.009379    
       20003 ,       30164 ,   1.000000     ,   1.573308    
       20004 ,       30038 ,  4.7647282E-02 ,  0.3251228    
       20005 ,       30088 ,  0.9974905     ,   2.082560    
       20006 ,       30088 ,  2.5095092E-03 ,   1.583723    
       20007 ,       30065 ,  0.2398729     ,  0.3090687    
       20008 ,       30134 ,  0.2584923     ,  0.2368388    
       20009 ,       30134 ,  9.0332441E-02 ,  0.1999061    
       20010 ,       30134 ,  0.6511753     ,  0.6853036    
       20011 ,       30016 ,  0.0000000E+00 ,  0.2553470    
       20071 ,        4004 ,  0.0000000E+00 ,  1.6999366E-02
       20072 ,        4004 ,  0.0000000E+00 ,  1.7000455E-02
       20074 ,        4004 ,  0.0000000E+00 ,  1.8137122E-02
       20075 ,        4004 ,  0.1229295     ,  3.8136173E-02
       20076 ,        4004 ,  0.0000000E+00 ,  2.6843779E-02
       20080 ,        4004 ,  0.0000000E+00 ,  1.9105906E-02
       20081 ,        4004 ,  0.0000000E+00 ,  1.3239520E-02
       20092 ,        4010 ,  0.0000000E+00 ,  3.8238455E-02
       20100 ,       23004 ,  0.0000000E+00 ,  1.8699965E-02
       20101 ,       23004 ,  0.0000000E+00 ,  9.2586419E-03
       20104 ,       23004 ,  0.0000000E+00 ,  1.1828369E-02
       20105 ,       23004 ,  0.0000000E+00 ,  4.3934565E-03
       20110 ,       23004 ,  0.0000000E+00 ,  2.6937784E-03
       20111 ,       23004 ,  0.0000000E+00 ,  2.3257310E-02
       20112 ,       23004 ,  0.0000000E+00 ,  5.6435401E-03
       20262 ,       14043 ,  0.0000000E+00 ,  0.1210265    
       20265 ,       14043 ,  0.0000000E+00 ,  9.7580196E-04
       20266 ,       14043 ,  8.5905371E-03 ,  9.4058120E-04
       20267 ,       14043 ,  0.9914095     ,  8.2801923E-02
       20268 ,       14021 ,  1.8199742E-03 ,  0.2066673    
       20269 ,       14021 ,  0.1244739     ,  0.1742439    
       20270 ,       14027 ,  0.0000000E+00 ,  1.0086106E-02
       20271 ,       14027 ,  0.0000000E+00 ,  1.7624504E-03
       20272 ,       14027 ,  0.0000000E+00 ,  5.6408156E-02
       20273 ,       14027 ,  0.0000000E+00 ,  0.1439959    
       20274 ,        6008 ,  0.0000000E+00 ,  4.6599310E-02
       20275 ,       14099 ,  0.0000000E+00 ,  6.4590290E-02
       20276 ,       14122 ,   1.000000     ,  0.3466805    
       20280 ,       14108 ,  0.0000000E+00 ,  3.6081173E-03
       20281 ,       14108 ,  0.7191085     ,  0.3638673    
       20282 ,       14108 ,  0.1756666     ,  0.1305927    
       20283 ,       14085 ,  0.0000000E+00 ,  2.3080176E-03
       20285 ,       14085 ,  0.0000000E+00 ,  3.6894042E-02
       20286 ,       14085 ,  0.0000000E+00 ,  0.1221213    
       20287 ,       14056 ,  0.0000000E+00 ,  0.2615782    
       20291 ,       16075 ,  0.0000000E+00 ,  2.4042357E-02
       20292 ,       16068 ,  0.1959231     ,  0.2450980    
       20293 ,       16068 ,  0.8040769     ,  0.3272831    
       20294 ,       16075 ,  0.0000000E+00 ,  0.1352738    
       20295 ,       16102 ,  2.0949686E-02 ,  0.1055057    
       20296 ,       16102 ,  1.8227722E-02 ,  9.6396543E-02
       20297 ,       16102 ,  2.1693302E-02 ,  9.7318456E-02
       20298 ,       16056 ,  2.6932396E-02 ,  3.8423568E-02
       20299 ,       16090 ,  0.6271384     ,  0.5635640    
       20300 ,       16090 ,  7.8148752E-02 ,  0.8474117    
       20301 ,       16066 ,  0.0000000E+00 ,  0.2374189    
       20302 ,       16100 ,  0.3051732     ,   1.237824    
       20303 ,       16066 ,  3.2296054E-02 ,  0.2654850    
       20304 ,       16048 ,  0.8370579     ,   1.094574    
       20305 ,       16001 ,  0.8228508     ,  0.1661338    
       20310 ,       16101 ,  0.0000000E+00 ,  0.1981401    
       20312 ,       16034 ,  6.3156433E-02 ,  5.4336391E-02
       20313 ,       16034 ,  5.1536091E-02 ,  1.1657682E-02
       20314 ,       16034 ,  6.7093107E-03 ,  1.1606554E-02
       20315 ,       16098 ,  0.2320276     ,  0.9215663    
       20316 ,       16098 ,  0.0000000E+00 ,  0.9591227    
       20317 ,       16061 ,  8.6166181E-02 ,  0.1105540    
       20318 ,       16061 ,  0.1254971     ,  0.0000000E+00
       20319 ,       15124 ,  0.0000000E+00 ,  0.1067821    
       20320 ,       15124 ,  0.0000000E+00 ,  0.1565425    
       20321 ,       15114 ,  0.1676759     ,  0.1409575    
       20322 ,       15042 ,  2.7679044E-03 ,  7.7884421E-02
       20323 ,       15042 ,  5.4165840E-02 ,  3.5962593E-02
       20324 ,       15042 ,  1.1488103E-02 ,  0.2775003    
       20325 ,       15106 ,  5.0914194E-03 ,  0.3580830    
       20326 ,       15087 ,  0.3299863     ,  0.7278014    
       20327 ,       15038 ,  0.0000000E+00 ,  0.7548263    
       20328 ,       15057 ,  1.1400333E-02 ,  0.7625786    
       20329 ,       15104 ,  1.1949219E-02 ,  0.8214205    
       20330 ,       15104 ,  0.4216031     ,  0.6177063    
       20331 ,       15104 ,  0.1865846     ,  0.4654370    
       20332 ,       15099 ,  1.4858791E-03 ,  0.4254894    
       20333 ,       15099 ,  0.1365604     ,  0.2256879    
       20334 ,       15099 ,  0.5422597     ,  0.4530911    
       20335 ,       15099 ,  0.1374376     ,  0.2784103    
       20337 ,       29006 ,  0.0000000E+00 ,  0.1257708    
       20338 ,       29021 ,   1.000000     ,  0.4320846    
       20339 ,       29020 ,  7.5777151E-02 ,  0.5950086    
       20340 ,       29014 ,  0.6938608     ,  0.9398830    
       20341 ,       29055 ,   1.000000     ,  0.7781556    
       20342 ,       29043 ,  4.5086169E-03 ,   1.102793    
       20343 ,       29031 ,  0.4119420     ,  0.7563256    
       20344 ,       29030 ,  0.3802844     ,  0.4981287    
       20345 ,       29030 ,  0.6197156     ,  0.3137724    
       20346 ,       29004 ,  0.5516261     ,  0.5476992    
       20347 ,       21094 ,  0.1636351     ,  5.3572334E-02
       20348 ,       21094 ,  0.8340944     ,  0.2826137    
       20349 ,       21170 ,  0.0000000E+00 ,  9.8980404E-02
       20350 ,       21170 ,  0.5575566     ,  0.1601082    
       20351 ,       30128 ,  1.6574796E-02 ,  0.2846182    
       20352 ,       30128 ,  5.1678289E-02 ,  9.2119733E-03
       20353 ,       30128 ,  4.3855321E-02 ,  0.1521721    
       20354 ,       30092 ,  0.0000000E+00 ,  0.2524122    
       20355 ,       30092 ,  0.3461752     ,  0.4760671    
       20356 ,       30092 ,  0.6538249     ,  0.6350045    
       20357 ,       30065 ,  0.1489307     ,  0.2652640    
       20358 ,       30065 ,  2.2268079E-03 ,  0.2010720    
       20359 ,       30065 ,  0.0000000E+00 ,  0.1010047    
       20360 ,       30004 ,  0.0000000E+00 ,  0.1152586    
       20361 ,       30004 ,  0.0000000E+00 ,  0.1125145    
       20362 ,       30191 ,  0.3688813     ,  0.5256156    
       20363 ,       30191 ,  0.6311188     ,  0.7604079    
       20425 ,        4004 ,  0.0000000E+00 ,  1.1191214E-02
       20426 ,        4004 ,  0.0000000E+00 ,  2.4355553E-02
       20427 ,        4004 ,  0.0000000E+00 ,  4.6142428E-03
       20428 ,        4004 ,  1.8226856E-05 ,  9.7356429E-03
       20429 ,        4004 ,  0.0000000E+00 ,  2.5940472E-02
       20431 ,        4004 ,  0.1029658     ,  2.0743851E-02
       20432 ,        4004 ,  0.0000000E+00 ,  2.4341417E-02
       20433 ,        4004 ,  0.0000000E+00 ,  4.4734594E-03
       20434 ,        4004 ,  0.0000000E+00 ,  1.2584425E-02
       20435 ,        4004 ,  0.0000000E+00 ,  7.0470618E-04
       20445 ,        4006 ,  0.0000000E+00 ,  2.3149356E-02
       20446 ,        4006 ,  0.0000000E+00 ,  7.7576935E-03
       20453 ,       23004 ,  0.0000000E+00 ,  7.3527889E-03
       20458 ,       23004 ,  0.0000000E+00 ,  1.6692275E-02
       20462 ,       23004 ,  0.0000000E+00 ,  4.6531446E-03
       20463 ,       23004 ,  0.0000000E+00 ,  1.5740452E-02
       20465 ,       23004 ,  0.0000000E+00 ,  9.2919404E-03
       20614 ,       14043 ,  0.0000000E+00 ,  6.8903849E-02
       20615 ,       14043 ,  0.0000000E+00 ,  4.7744229E-02
       20618 ,       14043 ,  0.0000000E+00 ,  3.2158807E-04
       20621 ,       14021 ,  0.2409049     ,  0.1985191    
       20622 ,       14021 ,  0.6205705     ,  0.2248274    
       20627 ,       14106 ,  0.0000000E+00 ,  4.5720909E-02
       20628 ,       14099 ,  0.3998245     ,  0.3918403    
       20629 ,       14099 ,  0.0000000E+00 ,  0.3141153    
       20630 ,       14099 ,  0.6001755     ,  0.1596826    
       20631 ,       14113 ,  0.0000000E+00 ,  2.6245885E-02
       20632 ,       14113 ,  0.0000000E+00 ,  0.1765586    
       20633 ,       14023 ,  0.0000000E+00 ,  0.3483603    
       20634 ,       14121 ,  0.8867488     ,  0.4236885    
       20635 ,       14108 ,  6.5877778E-03 ,  0.3002065    
       20636 ,       14085 ,  0.0000000E+00 ,  0.1121094    
       20637 ,       14085 ,  0.0000000E+00 ,  4.0579336E-03
       20638 ,       14085 ,  0.0000000E+00 ,  0.1027701    
       20640 ,       14056 ,   1.000000     ,  0.3998979    
       20644 ,       16075 ,  0.0000000E+00 ,  6.1730824E-02
       20645 ,       16095 ,  0.5410717     ,  0.2911195    
       20646 ,       16075 ,  0.0000000E+00 ,  0.2572433    
       20647 ,       16021 ,  0.1193305     ,  0.1209471    
       20648 ,       16021 ,  0.1527948     ,  0.6441684    
       20649 ,       16065 ,  2.3367794E-04 ,  0.3383684    
       20650 ,       16065 ,  0.7199985     ,  0.1148208    
       20651 ,       16056 ,  0.3025737     ,  0.3108268    
       20652 ,       16090 ,  1.8738419E-03 ,  0.3402459    
       20653 ,       16090 ,  0.2928390     ,  0.1042785    
       20654 ,       16032 ,   1.000000     ,  0.7182453    
       20655 ,       16100 ,  0.6829520     ,  0.5284148    
       20656 ,       16100 ,  1.1874715E-02 ,  0.2123780    
       20657 ,       16048 ,  0.1629422     ,  0.1265913    
       20658 ,       16053 ,  0.0000000E+00 ,  3.8793024E-02
       20659 ,       16053 ,  2.1051407E-02 ,  0.1639501    
       20660 ,       16053 ,  1.2513261E-03 ,  0.0000000E+00
       20662 ,       16022 ,  0.0000000E+00 ,  3.7836473E-02
       20663 ,       16101 ,   1.000000     ,  0.3868970    
       20665 ,       16034 ,  0.0000000E+00 ,  9.5383801E-02
       20666 ,       16034 ,  0.0000000E+00 ,  7.0020989E-02
       20667 ,       16034 ,  4.4769370E-03 ,  7.5110115E-02
       20668 ,       16098 ,  0.7604527     ,  0.4513812    
       20669 ,       16098 ,  7.5197075E-03 ,  0.0000000E+00
       20670 ,       16061 ,  0.6088578     ,   1.152063    
       20671 ,       16061 ,  0.1794790     ,  0.0000000E+00
       20672 ,       15124 ,  0.0000000E+00 ,  0.1317909    
       20673 ,       15124 ,  0.3247321     ,  0.1974920    
       20674 ,       15114 ,  1.6273022E-02 ,  0.1895138    
       20675 ,       15074 ,  0.1172555     ,  0.1638626    
       20676 ,       15042 ,  0.3812510     ,  0.3570752    
       20677 ,       15048 ,  4.6613598E-03 ,  0.4572727    
       20678 ,       15047 ,  0.5605964     ,  0.3774365    
       20679 ,       15060 ,  0.0000000E+00 ,  0.2692092    
       20680 ,       15060 ,  2.8991280E-02 ,  0.1778236    
       20681 ,       15060 ,  0.1189281     ,  0.2983618    
       20682 ,       15121 ,  6.8492144E-02 ,   1.068897    
       20683 ,       15121 ,  0.1699730     ,   1.459355    
       20684 ,       15109 ,  7.9414167E-02 ,  8.2423970E-02
       20685 ,       15081 ,  2.3150567E-02 ,  0.7001047    
       20686 ,       15100 ,   1.000000     ,   1.813193    
       20687 ,       15099 ,  6.9395773E-02 ,  0.9068633    
       20688 ,       15099 ,  1.0144825E-02 ,  0.5938338    
       20689 ,       29006 ,  0.2308418     ,  0.2869821    
       20690 ,       29006 ,  0.7344778     ,  0.5036378    
       20691 ,       29020 ,  0.2039526     ,  0.2753412    
       20692 ,       29045 ,   1.000000     ,  0.2042122    
       20693 ,       29014 ,  0.0000000E+00 ,  0.2255754    
       20694 ,       29003 ,  0.8546630     ,  0.4886503    
       20695 ,       29034 ,  3.9597382E-03 ,  0.3862327    
       20696 ,       29034 ,  5.5631991E-02 ,  0.3356720    
       20697 ,       29047 ,   1.000000     ,  0.2716037    
       20698 ,       29046 ,   1.000000     ,  0.4110659    
       20699 ,       21083 ,  0.0000000E+00 ,  0.2176474    
       20700 ,       21094 ,  0.0000000E+00 ,  0.5143222    
       20701 ,       21105 ,   1.000000     ,   1.610873    
       20702 ,       21044 ,  3.1327993E-02 ,  0.0000000E+00
       20703 ,       21170 ,  0.0000000E+00 ,  0.1168920    
       20704 ,       30128 ,  9.4993591E-02 ,  1.7107816E-03
       20705 ,       30128 ,  5.6851339E-02 ,  0.1627976    
       20706 ,       30128 ,  0.6331311     ,  0.2277588    
       20707 ,       30132 ,  0.0000000E+00 ,  0.7868515    
       20708 ,       30001 ,  0.0000000E+00 ,  6.8637654E-02
       20709 ,       30182 ,  0.9824247     ,   6.959632    
       20710 ,       30087 ,  0.5156940     ,  0.6125743    
       20711 ,       30065 ,  9.3735904E-02 ,  8.7422319E-02
       20712 ,       30004 ,  0.0000000E+00 ,  6.9075771E-02
       20713 ,       30004 ,  0.3943372     ,  0.1626774    
       20714 ,       30004 ,  1.3712440E-03 ,  5.4406546E-02
       20715 ,       30004 ,  0.6042915     ,  0.1033728    
       20716 ,       30004 ,  0.0000000E+00 ,  6.9352530E-02
       20779 ,        4004 ,  0.0000000E+00 ,  4.0831966E-03
       20780 ,        4004 ,  0.0000000E+00 ,  2.6357420E-02
       20782 ,        4004 ,  0.0000000E+00 ,  2.2101572E-02
       20783 ,        4004 ,  0.0000000E+00 ,  4.2488719E-03
       20784 ,        4004 ,  0.0000000E+00 ,  2.3403129E-02
       20787 ,        4004 ,  0.0000000E+00 ,  1.7340010E-02
       20788 ,        4004 ,  0.0000000E+00 ,  6.3705822E-03
       20798 ,        4006 ,  0.0000000E+00 ,  3.0921934E-02
       20805 ,       23004 ,  0.0000000E+00 ,  1.9275315E-02
       20806 ,       23004 ,  0.0000000E+00 ,  6.9766860E-03
       20807 ,       23004 ,  0.0000000E+00 ,  2.0301217E-04
       20808 ,       23004 ,  0.0000000E+00 ,  1.0105514E-04
       20809 ,       23004 ,  0.0000000E+00 ,  9.8976474E-03
       20810 ,       23004 ,  0.0000000E+00 ,  1.3796913E-02
       20811 ,       23004 ,  0.0000000E+00 ,  2.4619207E-02
       20812 ,       23004 ,  1.5101295E-04 ,  2.1518581E-02
       20813 ,       23004 ,  0.0000000E+00 ,  1.3694410E-02
       20814 ,       23004 ,  0.0000000E+00 ,  1.3762596E-02
       20815 ,       23004 ,  0.0000000E+00 ,  1.3932641E-02
       20818 ,       23004 ,  0.0000000E+00 ,  7.3333508E-03
       20966 ,       14100 ,  0.2386032     ,  3.5456881E-02
       20967 ,       14100 ,  5.0783376E-03 ,  2.8444592E-02
       20973 ,       14068 ,  0.1468765     ,  0.6123949    
       20974 ,       14021 ,  1.2230647E-02 ,  0.1259097    
       20975 ,       14021 ,  0.0000000E+00 ,  0.2066599    
       20976 ,       14021 ,  0.0000000E+00 ,  0.1373551    
       20978 ,       14037 ,  0.0000000E+00 ,  7.4149352E-03
       20979 ,       14037 ,  0.0000000E+00 ,  0.4103324    
       20980 ,       14106 ,   1.000000     ,  0.4951041    
       20981 ,       14106 ,  0.0000000E+00 ,  0.2285633    
       20982 ,       14113 ,  0.0000000E+00 ,  0.1863825    
       20983 ,       14113 ,  0.0000000E+00 ,  0.1516398    
       20984 ,       14113 ,  0.0000000E+00 ,  8.3918862E-02
       20985 ,       14113 ,  0.0000000E+00 ,  8.9319952E-02
       20986 ,       14023 ,  0.8508863     ,  0.6283359    
       20987 ,       14121 ,  0.1065401     ,  0.1512688    
       20988 ,       14121 ,  6.7110700E-03 ,  0.1842683    
       20989 ,       14085 ,  0.7946069     ,  0.1447502    
       20990 ,       14085 ,  0.0000000E+00 ,  2.0564875E-02
       20991 ,       14085 ,  0.0000000E+00 ,  8.9083456E-02
       20993 ,       14069 ,  0.0000000E+00 ,  0.1584926    
       20997 ,       16095 ,  0.4506992     ,  0.2600642    
       20998 ,       16095 ,  8.2291039E-03 ,   1.177025    
       20999 ,       16075 ,  0.1241194     ,  4.5415856E-02
       21000 ,       16021 ,  8.4326930E-02 ,  0.6773553    
       21001 ,       16021 ,  0.2452833     ,  0.2163322    
       21002 ,       16065 ,  0.1186549     ,  0.2093574    
       21003 ,       16065 ,  0.1611129     ,  0.8959846    
       21004 ,       16056 ,  0.4048267     ,  0.5397778    
       21005 ,       16056 ,  0.0000000E+00 ,  0.2133950    
       21006 ,       16107 ,  0.0000000E+00 ,  3.6835965E-02
       21007 ,       16032 ,  0.0000000E+00 ,  1.5996512E-02
       21008 ,       16073 ,  0.1722508     ,  0.7742821    
       21009 ,       16073 ,  0.8224458     ,  0.3215821    
       21010 ,       16053 ,  1.2342991E-02 ,  2.2814417E-02
       21011 ,       16053 ,  2.9696075E-02 ,  0.1135235    
       21012 ,       16053 ,  0.2819782     ,  0.1852897    
       21013 ,       16053 ,  0.4928222     ,  0.1775100    
       21014 ,       16053 ,  1.0481689E-02 ,  6.5086208E-02
       21015 ,       16022 ,  0.0000000E+00 ,  0.3778032    
       21016 ,       16022 ,  0.0000000E+00 ,  0.2720106    
       21017 ,       16034 ,  0.0000000E+00 ,  0.1146937    
       21018 ,       16034 ,  0.0000000E+00 ,  0.1737683    
       21019 ,       16034 ,  0.0000000E+00 ,  0.1111213    
       21020 ,       16034 ,  0.8487369     ,  0.1552531    
       21021 ,       16041 ,  0.5759006     ,  0.6817919    
       21022 ,       16007 ,   1.000000     ,   1.225246    
       21023 ,       16005 ,  0.0000000E+00 ,  0.2006123    
       21024 ,       16093 ,  0.0000000E+00 ,  0.4031002    
       21025 ,       15124 ,  0.5057787     ,  0.2468023    
       21026 ,       15124 ,  8.3197795E-02 ,  0.1765114    
       21027 ,       15074 ,  0.3093318     ,  0.2942424    
       21028 ,       15074 ,  0.1695940     ,  0.2990830    
       21029 ,       15048 ,  0.3192967     ,  0.4244461    
       21030 ,       15048 ,  0.1371232     ,  0.2790317    
       21031 ,       15056 ,  0.4104287     ,  8.6974315E-02
       21032 ,       15112 ,  0.0000000E+00 ,  0.1627401    
       21033 ,       15112 ,  0.1782332     ,  0.1714940    
       21034 ,       15095 ,  5.2959144E-02 ,  0.3394895    
       21035 ,       15121 ,  0.1845574     ,  0.4615910    
       21036 ,       15121 ,  0.5460733     ,  0.7860146    
       21037 ,       15125 ,  5.1516410E-02 ,   2.338006    
       21038 ,       15125 ,  0.9484835     ,  0.4988472    
       21039 ,       15092 ,  0.1356503     ,  0.4549053    
       21040 ,       15092 ,  0.8537654     ,  0.8817303    
       21041 ,       15075 ,  5.6617530E-03 ,  0.1085236    
       21043 ,       13021 ,  0.1385698     ,  0.7640424    
       21044 ,       13021 ,  0.8614302     ,  0.4489618    
       21045 ,       13008 ,  0.0000000E+00 ,  0.1889129    
       21046 ,       29034 ,  0.0000000E+00 ,  0.1982798    
       21047 ,       29034 ,  0.0000000E+00 ,  0.1283548    
       21048 ,       29034 ,  0.4845538     ,  0.1542208    
       21049 ,       29034 ,  0.4558545     ,  8.4055394E-02
       21051 ,       21083 ,  0.0000000E+00 ,  0.1082076    
       21052 ,       21083 ,   1.000000     ,  0.2420653    
       21053 ,       21083 ,  0.0000000E+00 ,  0.1094922    
       21054 ,       21044 ,  0.3609618     ,  0.2716014    
       21055 ,       21044 ,  0.0000000E+00 ,  0.6302947    
       21056 ,       21170 ,  0.0000000E+00 ,  9.3543805E-02
       21057 ,       21199 ,  0.0000000E+00 ,   1.377372    
       21058 ,       30128 ,  0.0000000E+00 ,  7.0961982E-02
       21059 ,       30194 ,  0.4871078     ,   1.839591    
       21060 ,       30132 ,   1.000000     ,  0.7746526    
       21061 ,       30001 ,   1.000000     ,   1.219651    
       21062 ,       30182 ,  1.7575327E-02 ,   2.274630    
       21063 ,       30093 ,  0.5359847     ,   1.298151    
       21064 ,       30004 ,  0.0000000E+00 ,  0.2470842    
       21065 ,       30009 ,  0.6287931     ,  0.1185872    
       21066 ,       30004 ,  0.0000000E+00 ,  9.4612971E-02
       21067 ,       30009 ,  0.0000000E+00 ,  5.0595701E-02
       21068 ,       30004 ,  0.0000000E+00 ,  3.2908753E-02
       21069 ,       30004 ,  0.0000000E+00 ,  3.8848072E-02
       21133 ,        4004 ,  0.0000000E+00 ,  5.7293731E-03
       21134 ,        4004 ,  0.0000000E+00 ,  2.4279501E-02
       21135 ,        4004 ,  0.0000000E+00 ,  4.7304306E-02
       21136 ,        4004 ,  0.0000000E+00 ,  2.9585883E-02
       21140 ,        4004 ,  0.0000000E+00 ,  1.9095814E-03
       21141 ,        4004 ,  0.0000000E+00 ,  2.0839732E-02
       21151 ,        4006 ,  0.0000000E+00 ,  2.6705660E-02
       21161 ,       23004 ,  0.0000000E+00 ,  1.4189746E-02
       21162 ,       23004 ,  0.0000000E+00 ,  5.4283449E-03
       21164 ,       23004 ,  0.0000000E+00 ,  3.4308087E-03
       21165 ,       23004 ,  1.5207981E-02 ,  1.9183658E-02
       21171 ,       23004 ,  0.0000000E+00 ,  1.4843453E-02
       21319 ,       14100 ,  0.1603422     ,  5.3708181E-02
       21326 ,       14068 ,  0.8531235     ,  6.1700497E-02
       21329 ,       14015 ,  0.9647527     ,  0.3006812    
       21330 ,       14015 ,  0.0000000E+00 ,  0.1858072    
       21331 ,       14037 ,  4.5702320E-02 ,  0.1904628    
       21332 ,       14037 ,  0.0000000E+00 ,  1.6413562E-02
       21333 ,       14102 ,  0.1640631     ,  0.5108369    
       21334 ,       14102 ,  0.8359368     ,  0.8003674    
       21335 ,       14113 ,  0.0000000E+00 ,  4.8615463E-02
       21336 ,       14113 ,   1.000000     ,  0.1560816    
       21337 ,       14113 ,  0.0000000E+00 ,  8.4953569E-02
       21339 ,       14079 ,  0.5824987     ,  0.3278506    
       21340 ,       14023 ,  1.4481142E-02 ,  0.0000000E+00
       21341 ,       14085 ,  0.0000000E+00 ,  9.9394329E-02
       21342 ,       14085 ,  0.0000000E+00 ,  2.4436249E-03
       21343 ,       14085 ,  0.0000000E+00 ,  0.1710097    
       21344 ,       14085 ,  0.0000000E+00 ,  3.8244586E-02
       21345 ,       14069 ,  0.0000000E+00 ,  9.8324135E-02
       21346 ,       14069 ,  0.0000000E+00 ,  6.8549842E-02
       21347 ,       16019 ,  0.0000000E+00 ,  5.6844056E-02
       21348 ,       16019 ,  0.7971178     ,  0.2917832    
       21349 ,       16019 ,  0.0000000E+00 ,  0.2696479    
       21350 ,       16084 ,  0.0000000E+00 ,  0.2032427    
       21351 ,       16091 ,  0.9115154     ,  0.4032785    
       21353 ,       16085 ,  0.3140739     ,  0.1806457    
       21354 ,       16085 ,  3.4724365E-03 ,  0.3061465    
       21355 ,       16024 ,  0.1609255     ,  9.7698029E-03
       21356 ,       16024 ,  4.4394884E-02 ,  0.4123900    
       21359 ,       16107 ,  0.5402546     ,  0.2461011    
       21360 ,       16016 ,  0.0000000E+00 ,  0.4313434    
       21361 ,       16016 ,  1.1168357E-02 ,  0.2016000    
       21364 ,       16053 ,  0.0000000E+00 ,  1.9651039E-02
       21365 ,       16053 ,  1.0259504E-02 ,  0.1074900    
       21366 ,       16088 ,  0.5091934     ,  0.4138786    
       21367 ,       16088 ,  0.1736144     ,  0.3258661    
       21368 ,       16040 ,  0.7064779     ,  0.6503702    
       21369 ,       16072 ,  0.5231473     ,  0.3716190    
       21370 ,       16072 ,  0.0000000E+00 ,  0.3063582    
       21371 ,       16110 ,  0.0000000E+00 ,  9.2549026E-02
       21372 ,       16110 ,  0.0000000E+00 ,  0.1058917    
       21373 ,       16034 ,  2.3479259E-03 ,  0.0000000E+00
       21374 ,       16041 ,  0.4240994     ,  0.1210198    
       21375 ,       16080 ,  0.3852078     ,  0.5147465    
       21376 ,       16080 ,  0.6147922     ,  0.4670958    
       21377 ,       16093 ,  2.7070399E-03 ,  0.5533099    
       21378 ,       16093 ,  8.8312298E-02 ,  0.4407113    
       21379 ,       15048 ,  0.0000000E+00 ,  0.1075707    
       21380 ,       15074 ,  2.9394975E-02 ,  0.1789370    
       21381 ,       15048 ,  0.1284080     ,  0.3785414    
       21382 ,       15048 ,  2.5922431E-02 ,  0.2964441    
       21383 ,       15056 ,  0.3925695     ,  0.5979247    
       21384 ,       15056 ,  0.1611198     ,  0.2189111    
       21385 ,       15026 ,  0.0000000E+00 ,  0.1963101    
       21386 ,       15112 ,  0.8217668     ,  0.3774626    
       21387 ,       15095 ,  2.9415742E-03 ,  0.1445809    
       21388 ,       15095 ,  6.5725259E-02 ,  4.0118780E-04
       21389 ,       15121 ,  3.0904194E-02 ,   2.462083    
       21390 ,       15120 ,  0.1014132     ,   1.702331    
       21391 ,       15120 ,  0.1366977     ,  0.2282535    
       21392 ,       15120 ,  7.2425855E-03 ,  0.5037559    
       21393 ,       15092 ,  1.0584363E-02 ,  0.6072894    
       21394 ,       15075 ,  3.0753030E-02 ,  0.8650709    
       21395 ,       15061 ,  0.1791500     ,  0.4644789    
       21396 ,       15016 ,  3.1686034E-02 ,  0.4052660    
       21397 ,       13008 ,  5.6815498E-02 ,  0.4029010    
       21398 ,       13008 ,  0.9431845     ,  0.3619604    
       21403 ,       21053 ,  0.0000000E+00 ,  0.3097006    
       21406 ,       21212 ,  0.0000000E+00 ,  1.1394795E-02
       21407 ,       21212 ,  0.4860911     ,  0.7893411    
       21408 ,       21212 ,  0.4873196     ,  0.1390905    
       21409 ,       21054 ,  0.0000000E+00 ,  0.8977730    
       21411 ,       30194 ,  0.0000000E+00 ,  0.2503418    
       21412 ,       30194 ,  0.5128921     ,  0.5594667    
       21413 ,       30156 ,   1.000000     ,   1.721491    
       21414 ,       30177 ,  0.9118854     ,  0.5332605    
       21415 ,       30187 ,   1.000000     ,   2.961432    
       21416 ,       30112 ,   1.000000     ,   7.542719    
       21417 ,       30166 ,   1.000000     ,  0.5479271    
       21418 ,       30009 ,  0.0000000E+00 ,  0.2324569    
       21420 ,       30009 ,  0.0000000E+00 ,  0.1233581    
       21421 ,       30004 ,  0.0000000E+00 ,  0.1199136    
       21487 ,        4004 ,  0.1262963     ,  1.0585939E-02
       21488 ,        4004 ,  0.3200645     ,  2.3799255E-02
       21489 ,        4004 ,  0.0000000E+00 ,  3.3405950E-04
       21493 ,        4002 ,  0.0000000E+00 ,  8.6537860E-03
       21494 ,        4002 ,  0.0000000E+00 ,  9.7254897E-03
       21502 ,        4006 ,  0.0000000E+00 ,  3.7670650E-03
       21503 ,        4006 ,  0.0000000E+00 ,  2.9337343E-02
       21504 ,        4006 ,  0.0000000E+00 ,  2.4437519E-02
       21513 ,       23002 ,  0.0000000E+00 ,  1.2422987E-02
       21514 ,       23004 ,  0.0000000E+00 ,  6.0717766E-03
       21517 ,       23002 ,  0.0000000E+00 ,  1.0068776E-02
       21518 ,       23004 ,  0.0000000E+00 ,  2.4291568E-02
       21524 ,       23004 ,  0.0000000E+00 ,  3.3182336E-03
       21525 ,       23002 ,  0.0000000E+00 ,  1.2050051E-02
       21671 ,       14100 ,  0.0000000E+00 ,  4.7484759E-02
       21672 ,       14100 ,  0.0000000E+00 ,  1.2679656E-02
       21674 ,       14100 ,  0.0000000E+00 ,  2.0957936E-02
       21675 ,       14100 ,  0.0000000E+00 ,  7.2820680E-03
       21681 ,       14015 ,  0.0000000E+00 ,  3.4992386E-02
       21682 ,       14015 ,  3.5247300E-02 ,  0.2758003    
       21683 ,       14037 ,  6.3396543E-03 ,  0.5187312    
       21684 ,       14054 ,  0.9738514     ,  0.9314270    
       21685 ,       14054 ,  2.6148601E-02 ,  0.8601020    
       21688 ,       14086 ,  0.0000000E+00 ,  3.1641625E-02
       21689 ,       14086 ,  0.0000000E+00 ,  0.1254599    
       21690 ,       14086 ,  0.0000000E+00 ,  0.2165679    
       21691 ,       14082 ,  0.7361924     ,  0.4091755    
       21692 ,       14082 ,  0.1161166     ,  0.4813365    
       21693 ,       14079 ,  0.0000000E+00 ,  0.2082749    
       21694 ,       14079 ,  0.0000000E+00 ,  0.2026562    
       21696 ,       14059 ,  0.0000000E+00 ,  1.5437862E-02
       21697 ,       14059 ,  0.0000000E+00 ,  0.3556868    
       21698 ,       14069 ,  0.0000000E+00 ,  0.1888584    
       21699 ,       14069 ,  0.0000000E+00 ,  6.4397283E-02
       21700 ,       14069 ,  0.0000000E+00 ,  5.8570690E-02
       21701 ,       16019 ,  0.2028822     ,  0.2971246    
       21702 ,       16019 ,  0.0000000E+00 ,  0.1720523    
       21703 ,       16084 ,  0.0000000E+00 ,  0.2104275    
       21704 ,       16084 ,  0.3536869     ,  0.3327797    
       21705 ,       16085 ,  8.6413178E-04 ,  0.3531029    
       21706 ,       16085 ,  0.0000000E+00 ,  2.4437169E-02
       21707 ,       16085 ,  0.4808299     ,  0.3333159    
       21708 ,       16025 ,  0.4101749     ,  0.2639565    
       21709 ,       16070 ,  3.2812670E-02 ,  0.4083656    
       21710 ,       16070 ,  1.0908696E-02 ,  0.2372582    
       21711 ,       16107 ,  0.0000000E+00 ,  0.2156484    
       21712 ,       16107 ,  0.4597454     ,  0.2897890    
       21714 ,       16016 ,  0.9888317     ,  0.1725803    
       21715 ,       16037 ,  8.3361700E-02 ,  0.4361730    
       21716 ,       16027 ,  0.0000000E+00 ,  0.4308609    
       21717 ,       16027 ,  0.0000000E+00 ,  0.4512964    
       21718 ,       16018 ,  0.1921629     ,  0.1728267    
       21719 ,       16088 ,  0.1271685     ,  0.6631804    
       21720 ,       16088 ,  0.1900237     ,  0.3851218    
       21721 ,       16003 ,  0.6114910     ,  0.2302077    
       21722 ,       16072 ,  0.4768527     ,  0.7890274    
       21723 ,       16110 ,  0.7820899     ,  0.1561252    
       21724 ,       16110 ,  0.0000000E+00 ,  0.1183838    
       21725 ,       16110 ,  0.1379433     ,  0.1488593    
       21726 ,       16050 ,  5.5031024E-02 ,  0.0000000E+00
       21727 ,       16050 ,  0.1901314     ,  9.3455590E-02
       21728 ,       16050 ,  6.2646978E-02 ,  0.1047467    
       21729 ,       16017 ,  0.0000000E+00 ,  0.1478203    
       21730 ,       16093 ,  0.1389399     ,  0.1315971    
       21731 ,       16093 ,  0.7700406     ,  0.8163158    
       21732 ,       15085 ,  0.1150766     ,  0.4504011    
       21733 ,       15085 ,  0.2265135     ,  0.2375476    
       21734 ,       15014 ,  0.4133250     ,  0.3785505    
       21735 ,       15014 ,  8.9308299E-04 ,  3.3499129E-02
       21736 ,       15102 ,  0.7826979     ,  0.5885882    
       21737 ,       15056 ,  1.5911089E-02 ,  0.2110844    
       21738 ,       15026 ,  0.2259251     ,  0.4222651    
       21739 ,       15026 ,  0.0000000E+00 ,  0.1577088    
       21740 ,       13063 ,  9.8403648E-02 ,  0.5078525    
       21741 ,       15035 ,  0.2776306     ,  0.9602543    
       21742 ,       15120 ,  0.1091293     ,  0.8035561    
       21743 ,       15120 ,  0.4848204     ,   1.338232    
       21744 ,       15120 ,  0.1402022     ,  0.7006687    
       21745 ,       15084 ,  0.2538280     ,  0.8859537    
       21746 ,       15084 ,  0.2705413     ,  0.4282205    
       21747 ,       15061 ,  7.0985690E-02 ,  0.3696719    
       21748 ,       15061 ,  0.6813703     ,  0.5962757    
       21749 ,       13072 ,   1.000000     ,  0.5464081    
       21750 ,       13061 ,  3.6237039E-02 ,  0.2514112    
       21751 ,       13061 ,  0.0000000E+00 ,  5.0786510E-02
       21755 ,       21053 ,  0.3830177     ,  0.1571375    
       21756 ,       21053 ,  0.2743230     ,  0.4075529    
       21757 ,       21016 ,  0.8518384     ,  0.6619627    
       21758 ,       21172 ,   1.000000     ,  0.5671568    
       21760 ,       21212 ,  2.6589299E-02 ,  0.2102556    
       21761 ,       21211 ,  0.9908079     ,  0.3920634    
       21762 ,       21186 ,  0.1070989     ,  7.9402409E-02
       21763 ,       21199 ,  1.5131222E-02 ,  0.6806406    
       21764 ,       30086 ,  0.9844832     ,   1.115995    
       21765 ,       30023 ,  0.3480115     ,  0.2895806    
       21768 ,       30163 ,  0.6018986     ,  3.1035414E-02
       21769 ,       30096 ,   1.000000     ,  0.2130325    
       21770 ,       30057 ,  0.8806118     ,  0.3814016    
       21771 ,       30095 ,  0.0000000E+00 ,  0.7170216    
       21772 ,       30095 ,  0.0000000E+00 ,  0.5129926    
       21773 ,       30009 ,  0.0000000E+00 ,  0.1049378    
       21774 ,       30009 ,  0.3712070     ,  0.1354152    
       21840 ,        4004 ,  0.0000000E+00 ,  3.5825025E-03
       21841 ,        4004 ,  0.0000000E+00 ,  1.8955804E-02
       21846 ,        4002 ,  0.0000000E+00 ,  3.2863638E-03
       21853 ,        4006 ,  0.0000000E+00 ,  7.4084182E-03
       21854 ,        4006 ,  0.0000000E+00 ,  4.1605789E-02
       21855 ,        4006 ,  0.0000000E+00 ,  2.6676008E-02
       21862 ,       23006 ,  0.0000000E+00 ,  2.1737188E-02
       21863 ,       23006 ,  0.0000000E+00 ,  5.2162327E-02
       21864 ,       23006 ,  0.0000000E+00 ,  3.6503788E-02
       21865 ,       23006 ,  0.0000000E+00 ,  3.6924563E-02
       21866 ,       23002 ,  0.0000000E+00 ,  2.0978071E-02
       21870 ,       23002 ,  0.0000000E+00 ,  1.6683239E-02
       21871 ,       23002 ,  0.0000000E+00 ,  1.4106864E-02
       21878 ,       23002 ,  0.0000000E+00 ,  5.2094301E-03
       22024 ,       14100 ,  8.8360449E-03 ,  9.8489583E-02
       22025 ,       14100 ,  0.3875547     ,  5.9382889E-02
       22026 ,       14100 ,  0.0000000E+00 ,  6.8344571E-02
       22027 ,       14100 ,  0.0000000E+00 ,  3.6762886E-02
       22028 ,       14100 ,  0.0000000E+00 ,  4.9876206E-02
       22035 ,       14110 ,  0.0000000E+00 ,  0.1200477    
       22036 ,       14110 ,  0.7713416     ,  0.2236767    
       22037 ,       14034 ,   1.000000     ,  0.8968157    
       22038 ,       14034 ,  0.0000000E+00 ,  0.2740127    
       22039 ,       14034 ,  0.0000000E+00 ,  9.6109575E-03
       22041 ,       14086 ,  0.0000000E+00 ,  8.4615257E-03
       22042 ,       14086 ,  0.6880086     ,  0.2475343    
       22043 ,       14086 ,  0.0000000E+00 ,  0.2698976    
       22044 ,       14082 ,  0.1476910     ,  0.1454124    
       22045 ,       14014 ,  0.0000000E+00 ,  0.2799447    
       22046 ,       14079 ,  0.0000000E+00 ,  0.1219174    
       22047 ,       14079 ,  0.0000000E+00 ,  0.1359195    
       22048 ,       14026 ,  3.6853738E-02 ,  4.0704492E-02
       22049 ,       14057 ,  0.0000000E+00 ,  0.6773788    
       22050 ,       14059 ,  0.1566922     ,  0.3285281    
       22051 ,       14112 ,  0.9126620     ,  0.3738669    
       22052 ,       14112 ,  8.7337971E-02 ,  0.2084699    
       22053 ,       14069 ,  0.0000000E+00 ,  0.2412709    
       22054 ,       16045 ,  1.3152754E-03 ,  4.8054159E-02
       22055 ,       16045 ,  3.9094392E-02 ,  3.4033332E-02
       22056 ,       16104 ,  0.0000000E+00 ,  0.1838413    
       22057 ,       16084 ,  0.4611806     ,  0.1180015    
       22058 ,       16084 ,  3.1878304E-02 ,  0.7508756    
       22059 ,       16108 ,  0.1567149     ,  0.9294109    
       22060 ,       16108 ,  3.3034874E-05 ,  0.2576692    
       22061 ,       16094 ,  0.0000000E+00 ,  0.6952564    
       22062 ,       16094 ,  0.8993013     ,  0.6775568    
       22063 ,       16070 ,  9.6162394E-02 ,  0.0000000E+00
       22065 ,       16063 ,  9.6909650E-02 ,  0.2721866    
       22066 ,       16044 ,  5.2959964E-02 ,  0.6881103    
       22067 ,       16044 ,  0.0000000E+00 ,  0.5517486    
       22068 ,       16037 ,  0.9166383     ,  0.4223744    
       22070 ,       16027 ,   1.000000     ,  0.3296001    
       22071 ,       16018 ,  7.5849533E-02 ,  0.4035182    
       22072 ,       16020 ,  0.5147232     ,  0.8072717    
       22073 ,       16020 ,  0.4145493     ,  0.4679837    
       22075 ,       11002 ,  9.3764119E-02 ,  9.3281239E-02
       22076 ,       16110 ,  0.0000000E+00 ,  0.1448365    
       22077 ,       16110 ,  0.0000000E+00 ,  0.1510205    
       22078 ,       16110 ,  7.9966776E-02 ,  8.1478640E-02
       22079 ,       16050 ,  3.3342405E-03 ,   1.057346    
       22080 ,       16050 ,  0.4340651     ,  0.2655439    
       22081 ,       16050 ,  0.2514815     ,  0.1719883    
       22082 ,       16050 ,  3.3097356E-03 ,  7.6579995E-02
       22083 ,       16017 ,  0.0000000E+00 ,  0.1229491    
       22084 ,       16017 ,   1.000000     ,  0.1459633    
       22085 ,       15085 ,  0.1574116     ,  9.3124561E-02
       22086 ,       15085 ,  0.5009983     ,  0.2180444    
       22087 ,       15001 ,  0.9247807     ,  0.3665050    
       22088 ,       15001 ,  1.3226630E-03 ,  0.1171932    
       22089 ,       15102 ,  0.2173022     ,  0.1114845    
       22090 ,       15026 ,  3.5033032E-02 ,  0.1059162    
       22091 ,       15045 ,  0.3520904     ,  0.1126545    
       22092 ,       13063 ,  0.0000000E+00 ,  1.7282942E-02
       22093 ,       13063 ,  0.6829347     ,  0.3483064    
       22094 ,       15035 ,  1.5419809E-03 ,  0.4209527    
       22095 ,       15096 ,  0.2335525     ,  0.5474083    
       22096 ,       15120 ,  2.0494629E-02 ,  0.7676499    
       22097 ,       15036 ,  0.3324695     ,  0.2302611    
       22098 ,       15036 ,  2.6792128E-02 ,   1.449894    
       22099 ,       15084 ,  9.7326003E-02 ,  0.4002933    
       22100 ,       15016 ,  7.5998805E-02 ,  0.1525353    
       22101 ,       13083 ,  0.3498041     ,  0.4387691    
       22102 ,       13083 ,  0.0000000E+00 ,  0.3665841    
       22104 ,       13057 ,  0.0000000E+00 ,  0.2412081    
       22105 ,       13016 ,  0.0000000E+00 ,  8.2894899E-02
       22107 ,       21053 ,  0.0000000E+00 ,  0.1715450    
       22108 ,       21053 ,  4.3964047E-02 ,  0.1479715    
       22109 ,       21208 ,  6.7470111E-02 ,  0.1717259    
       22111 ,       21039 ,  0.9182723     ,   1.112372    
       22112 ,       21078 ,  0.0000000E+00 ,  6.6915536E-03
       22113 ,       21207 ,  0.1891241     ,  0.1529350    
       22114 ,       21207 ,  0.4896047     ,  0.5869763    
       22115 ,       21204 ,   1.000000     ,   5.666674    
       22116 ,       21174 ,  0.4513155     ,  0.6198649    
       22117 ,       30086 ,  1.5516715E-02 ,  0.2841008    
       22118 ,       30023 ,  0.0000000E+00 ,  0.2733038    
       22119 ,       30023 ,  0.3405692     ,  0.1127714    
       22121 ,       30163 ,  0.3981014     ,   1.135984    
       22122 ,       30109 ,  0.0000000E+00 ,  9.1075137E-02
       22123 ,       30197 ,   1.000000     ,  0.7371050    
       22124 ,       30095 ,   1.000000     ,  0.7903507    
       22126 ,       30009 ,  0.0000000E+00 ,  1.7051475E-02
       22127 ,       30009 ,  0.0000000E+00 ,  8.2088560E-02
       22194 ,        4004 ,  6.8179943E-02 ,  7.8621790E-02
       22195 ,        4004 ,  6.5223269E-02 ,  2.2848364E-02
       22196 ,        4004 ,  7.6469153E-02 ,  2.4326248E-02
       22197 ,        4004 ,  0.0000000E+00 ,  2.9783433E-02
       22198 ,        4002 ,  0.0000000E+00 ,  3.5685662E-03
       22199 ,        4002 ,  0.0000000E+00 ,  1.0610919E-02
       22200 ,        4002 ,  0.0000000E+00 ,  2.6837185E-02
       22204 ,        4006 ,  0.0000000E+00 ,  1.2915442E-02
       22205 ,        4006 ,  0.0000000E+00 ,  4.8782401E-02
       22206 ,        4006 ,  0.0000000E+00 ,  2.5625832E-02
       22207 ,        4006 ,  0.0000000E+00 ,  4.2050201E-02
       22208 ,        4006 ,  0.0000000E+00 ,  3.5815125E-03
       22213 ,       23006 ,  0.0000000E+00 ,  1.6203336E-02
       22214 ,       23006 ,  0.0000000E+00 ,  3.9240673E-02
       22215 ,       23006 ,  0.0000000E+00 ,  2.0587880E-02
       22219 ,       23002 ,  0.0000000E+00 ,  1.7271038E-02
       22221 ,       23002 ,  0.0000000E+00 ,  4.6118861E-03
       22222 ,       23002 ,  0.0000000E+00 ,  1.5183471E-02
       22223 ,       23002 ,  0.0000000E+00 ,  6.0206847E-03
       22224 ,       23002 ,  0.0000000E+00 ,  1.4422207E-02
       22375 ,       14100 ,  0.0000000E+00 ,  3.7661400E-03
       22376 ,       14100 ,  0.0000000E+00 ,  3.6886826E-02
       22377 ,       14100 ,  0.1525801     ,  0.1330290    
       22378 ,       14100 ,  4.7005374E-02 ,  6.9729999E-02
       22379 ,       14100 ,  0.0000000E+00 ,  6.1232980E-02
       22381 ,       14100 ,  0.0000000E+00 ,  4.0254023E-02
       22382 ,       14100 ,  0.0000000E+00 ,  4.2198341E-02
       22387 ,       14017 ,  0.0000000E+00 ,  0.1107842    
       22388 ,       14110 ,  0.0000000E+00 ,  0.1318455    
       22389 ,       14110 ,  0.2286584     ,  0.2280803    
       22392 ,       14032 ,  0.0000000E+00 ,  6.5946351E-03
       22393 ,       14032 ,  0.0000000E+00 ,  7.2769985E-02
       22394 ,       14032 ,  0.0000000E+00 ,  0.2024825    
       22395 ,       14086 ,  0.0000000E+00 ,  0.1654091    
       22396 ,       14086 ,  0.3119914     ,  0.1628563    
       22397 ,       14004 ,   1.000000     ,  0.5315017    
       22398 ,       14014 ,   1.000000     ,  0.4208729    
       22399 ,       14014 ,  0.0000000E+00 ,  7.6321485E-03
       22400 ,       14092 ,  0.0000000E+00 ,  8.5384376E-02
       22401 ,       14026 ,  0.9500473     ,  0.4792328    
       22402 ,       14057 ,   1.000000     ,  0.8641214    
       22403 ,       16051 ,  6.1466958E-02 ,  9.0246066E-02
       22404 ,       16051 ,  0.9385331     ,  0.6020009    
       22405 ,       16051 ,  0.0000000E+00 ,  0.3325943    
       22406 ,       16045 ,  0.0000000E+00 ,  0.2326186    
       22407 ,       16076 ,  0.4927145     ,  0.5924379    
       22408 ,       16104 ,  0.5552765     ,  0.6416326    
       22409 ,       16104 ,  0.2467805     ,  0.1712524    
       22410 ,       16023 ,   1.000000     ,  0.6568194    
       22411 ,       16108 ,  6.7582548E-02 ,  0.3330064    
       22412 ,       16108 ,  0.6662950     ,  0.4820211    
       22413 ,       16108 ,  1.2139064E-02 ,  0.1360755    
       22415 ,       16094 ,  0.1006987     ,  0.5842283    
       22416 ,       16067 ,  0.0000000E+00 ,  0.2390083    
       22417 ,       16063 ,  0.0000000E+00 ,  0.2673816    
       22418 ,       16063 ,  0.9030903     ,  0.2512222    
       22419 ,       16063 ,  0.0000000E+00 ,  0.2340055    
       22420 ,       16071 ,  9.5722795E-02 ,  8.3652951E-02
       22421 ,       16071 ,  8.1054745E-03 ,  5.3267241E-02
       22422 ,       16054 ,   1.000000     ,  0.4967667    
       22423 ,       11046 ,  0.0000000E+00 ,  0.2611500    
       22424 ,       16036 ,   1.000000     ,  0.3508511    
       22425 ,       16020 ,  7.0727482E-02 ,  0.2559774    
       22426 ,       16078 ,  0.0000000E+00 ,  0.2069107    
       22427 ,       16078 ,   1.000000     ,  0.5519270    
       22428 ,       11002 ,  0.0000000E+00 ,  4.3232825E-02
       22429 ,       11002 ,  0.0000000E+00 ,  7.9646707E-02
       22430 ,       11002 ,  0.6532836     ,  0.2423822    
       22431 ,       11002 ,  0.1212796     ,  7.7268690E-02
       22432 ,       11038 ,  0.2375875     ,  0.7829944    
       22433 ,       11038 ,  0.7624124     ,  0.4990368    
       22434 ,       11019 ,  0.0000000E+00 ,  0.1068906    
       22435 ,       16031 ,  0.0000000E+00 ,  0.3119220    
       22436 ,       16017 ,  0.0000000E+00 ,  0.2217956    
       22437 ,       15085 ,  0.0000000E+00 ,  0.1283372    
       22438 ,       22001 ,  0.0000000E+00 ,  0.1821655    
       22439 ,       15001 ,  0.0000000E+00 ,  0.2532302    
       22440 ,       15001 ,  2.3088574E-02 ,  0.2420040    
       22441 ,       15001 ,  0.0000000E+00 ,  0.1215846    
       22442 ,       15001 ,  0.0000000E+00 ,  8.3946615E-02
       22443 ,       15045 ,  0.4607315     ,  9.2561230E-02
       22444 ,       15079 ,   1.000000     ,  0.2180479    
       22445 ,       13063 ,  0.0000000E+00 ,  0.2620925    
       22446 ,       13076 ,  0.2666569     ,  0.2701089    
       22447 ,       13076 ,  0.1007920     ,  0.7299104    
       22448 ,       15096 ,  6.3367160E-03 ,  0.4535958    
       22449 ,       15036 ,  3.8638089E-02 ,  0.0000000E+00
       22450 ,       15036 ,  0.2643403     ,  0.5744256    
       22451 ,       13082 ,  3.7832183E-03 ,  0.1091240    
       22452 ,       13083 ,  4.7411546E-03 ,  0.8376002    
       22453 ,       13083 ,  0.3990692     ,  0.1063095    
       22454 ,       13051 ,  4.1483005E-04 ,  0.3835987    
       22455 ,       13022 ,  0.0000000E+00 ,  0.3449103    
       22456 ,       13057 ,   1.000000     ,  0.2479281    
       22457 ,       13056 ,  0.0000000E+00 ,  0.6548471    
       22458 ,       13016 ,  3.1207830E-02 ,  0.1669012    
       22459 ,       13016 ,  0.2084391     ,  0.5746781    
       22460 ,       21053 ,  0.0000000E+00 ,  7.2179757E-02
       22461 ,       21208 ,  0.0000000E+00 ,  0.1827598    
       22462 ,       21208 ,  0.9325299     ,  0.3408622    
       22463 ,       21208 ,  0.0000000E+00 ,  9.1067413E-03
       22464 ,       21167 ,   1.000000     ,   1.374944    
       22465 ,       21215 ,  0.9950947     ,  0.9602597    
       22466 ,       21207 ,  1.4847057E-02 ,   1.370944    
       22467 ,       21207 ,  1.1963742E-02 ,  0.8117462    
       22468 ,       21204 ,  0.0000000E+00 ,   1.541571    
       22470 ,       21076 ,   1.000000     ,  0.3835409    
       22471 ,       30183 ,  0.8301066     ,  0.7794040    
       22472 ,       30023 ,  1.4718596E-02 ,  0.1321677    
       22474 ,       30109 ,  0.0000000E+00 ,  4.7888827E-02
       22475 ,       30109 ,   1.000000     ,  0.2862791    
       22476 ,       30042 ,  0.3087336     ,   1.052285    
       22477 ,       30042 ,  0.6912664     ,  0.7235687    
       22478 ,       30192 ,  0.0000000E+00 ,  5.8924802E-02
       22479 ,       30192 ,  0.0000000E+00 ,  0.2726314    
       22547 ,        4004 ,  3.8270280E-02 ,  8.3696306E-02
       22548 ,        4004 ,  0.0000000E+00 ,  2.5639089E-02
       22549 ,        4004 ,  0.0000000E+00 ,  1.8968642E-02
       22550 ,        4002 ,  0.0000000E+00 ,  3.3631820E-02
       22551 ,        4002 ,  0.0000000E+00 ,  2.8750550E-02
       22552 ,        4002 ,  0.0000000E+00 ,  1.4680366E-02
       22553 ,        4002 ,  0.0000000E+00 ,  2.2431191E-02
       22557 ,        4006 ,  0.0000000E+00 ,  3.0907458E-02
       22558 ,        4006 ,  0.0000000E+00 ,  1.8471930E-02
       22559 ,        4006 ,  0.0000000E+00 ,  2.5429355E-02
       22560 ,        4006 ,  0.0000000E+00 ,  2.9346999E-02
       22561 ,        4006 ,  0.0000000E+00 ,  1.2949182E-02
       22566 ,       23006 ,  0.0000000E+00 ,  4.0729597E-02
       22568 ,       23006 ,  0.0000000E+00 ,  2.7900115E-03
       22569 ,       23006 ,  0.0000000E+00 ,  3.7051465E-02
       22571 ,       23002 ,  0.0000000E+00 ,  1.0231758E-02
       22572 ,       23002 ,  0.0000000E+00 ,  4.9297195E-03
       22573 ,       23002 ,  0.0000000E+00 ,  1.2280486E-02
       22574 ,       23002 ,  0.0000000E+00 ,  1.2656789E-02
       22577 ,       23002 ,  0.0000000E+00 ,  1.4512611E-02
       22730 ,       14100 ,  0.0000000E+00 ,  4.7032621E-02
       22731 ,       14100 ,  0.0000000E+00 ,  7.9220945E-06
       22735 ,       14084 ,  0.0000000E+00 ,  0.1917670    
       22736 ,       14100 ,  0.0000000E+00 ,  5.8212783E-04
       22740 ,       14017 ,  0.0000000E+00 ,  0.1305508    
       22741 ,       14017 ,  6.2385470E-02 ,  0.2368681    
       22742 ,       14017 ,  0.0000000E+00 ,  0.2309811    
       22743 ,       14090 ,  0.0000000E+00 ,  0.4490912    
       22744 ,       14052 ,   1.000000     ,  0.6589159    
       22745 ,       14052 ,  0.0000000E+00 ,  0.2459086    
       22746 ,       14032 ,  0.0000000E+00 ,  0.2083664    
       22747 ,       14032 ,   1.000000     ,  0.3836366    
       22748 ,       14010 ,  7.3071994E-02 ,  6.0982503E-02
       22749 ,       14010 ,  0.0000000E+00 ,  0.1971322    
       22750 ,       14089 ,   1.000000     ,  0.1600609    
       22751 ,       14092 ,  0.0000000E+00 ,  0.9584027    
       22752 ,       14092 ,  0.9632640     ,  0.3121139    
       22753 ,       14092 ,  3.6735993E-02 ,  0.3629883    
       22754 ,       14107 ,  0.0000000E+00 ,  0.2714530    
       22755 ,       14057 ,  0.0000000E+00 ,  0.5854089    
       22757 ,       16051 ,  0.0000000E+00 ,  4.9200151E-02
       22758 ,       16074 ,  0.1861024     ,  8.1754908E-02
       22759 ,       16074 ,  0.8138976     ,  0.4504508    
       22760 ,       16103 ,  1.7275079E-03 ,  0.4243951    
       22761 ,       16103 ,  0.5926941     ,  0.3771035    
       22762 ,       16104 ,  0.1979430     ,  0.4435819    
       22763 ,       16042 ,  0.0000000E+00 ,  0.5883518    
       22764 ,       16108 ,  2.1579778E-02 ,  0.7305548    
       22765 ,       16108 ,  4.4258242E-03 ,  0.1733437    
       22766 ,       16108 ,  7.1229890E-02 ,  4.1065175E-02
       22767 ,       16028 ,  0.0000000E+00 ,  6.3988883E-03
       22768 ,       16028 ,  9.3853874E-03 ,  0.4742886    
       22769 ,       16067 ,   1.000000     ,  0.3181886    
       22770 ,       16067 ,  0.0000000E+00 ,  0.1119626    
       22771 ,       16004 ,  0.0000000E+00 ,  0.3520272    
       22772 ,       16004 ,  2.7399642E-02 ,  0.5595467    
       22773 ,       16071 ,  4.5553548E-03 ,  0.1129879    
       22774 ,       16071 ,  0.7213339     ,  0.1758284    
       22775 ,       16071 ,  2.0315968E-03 ,  0.1940719    
       22776 ,       11046 ,  0.1003835     ,  8.7317787E-02
       22777 ,       11021 ,  9.1064926E-03 ,  0.5546754    
       22778 ,       11041 ,  0.4043703     ,  0.9001672    
       22779 ,       11046 ,  0.0000000E+00 ,  0.1714681    
       22780 ,       11028 ,  0.0000000E+00 ,  9.4581597E-02
       22781 ,       11036 ,  0.0000000E+00 ,  0.2212688    
       22782 ,       11002 ,  0.0000000E+00 ,  0.1029332    
       22783 ,       11002 ,  2.2788571E-02 ,  0.1632743    
       22784 ,       11002 ,  0.0000000E+00 ,  9.0728663E-02
       22785 ,       11002 ,  0.0000000E+00 ,  3.4156326E-02
       22786 ,       11019 ,  0.4184279     ,  9.3901411E-02
       22787 ,       11019 ,  0.0000000E+00 ,  2.4948858E-03
       22788 ,       16031 ,  1.7732987E-02 ,  0.2295228    
       22789 ,       22001 ,  0.0000000E+00 ,  5.2041221E-02
       22790 ,       22001 ,  0.0000000E+00 ,  0.1188133    
       22791 ,       22001 ,  0.0000000E+00 ,  8.3689004E-02
       22793 ,       15003 ,  1.5617520E-02 ,  0.1681650    
       22794 ,       15003 ,  0.3621147     ,  9.7672343E-02
       22795 ,       15045 ,  0.0000000E+00 ,  0.2888550    
       22796 ,       15045 ,  0.0000000E+00 ,  0.2419422    
       22797 ,       15045 ,  0.0000000E+00 ,  7.3220894E-02
       22798 ,       13076 ,  0.0000000E+00 ,  0.1741847    
       22799 ,       13076 ,  0.4592488     ,  0.3400245    
       22800 ,       13076 ,  0.1168891     ,   1.654650    
       22801 ,       13074 ,  0.5599664     ,   2.234426    
       22802 ,       13065 ,  0.2028591     ,  0.1970510    
       22803 ,       13052 ,  0.0000000E+00 ,  0.2140681    
       22804 ,       13052 ,  9.6428320E-02 ,  1.1090383E-02
       22805 ,       13083 ,  1.0914277E-02 ,  0.2176833    
       22806 ,       13083 ,  1.2407946E-02 ,   1.354614    
       22807 ,       13051 ,  0.2337781     ,  0.5218292    
       22808 ,       13057 ,  0.0000000E+00 ,  0.5066656    
       22809 ,       13056 ,  0.0000000E+00 ,   1.029763    
       22810 ,       13077 ,  0.2554902     ,  0.3014052    
       22811 ,       13077 ,  0.2780696     ,  0.2777192    
       22812 ,       13016 ,  0.0000000E+00 ,  0.3773637    
       22813 ,       21008 ,   1.000000     ,  0.2478882    
       22814 ,       21208 ,  0.0000000E+00 ,  2.6324121E-02
       22815 ,       21208 ,  0.0000000E+00 ,  0.1796649    
       22816 ,       21006 ,  0.9813152     ,  0.2554246    
       22817 ,       21162 ,  0.8709846     ,   3.965696    
       22818 ,       21215 ,  4.9053924E-03 ,   6.127328    
       22819 ,       21216 ,   1.000000     ,   1.674164    
       22820 ,       21192 ,   1.000000     ,   2.668516    
       22821 ,       21043 ,  0.0000000E+00 ,  0.6318199    
       22822 ,       21186 ,  0.0000000E+00 ,  6.3210323E-02
       22823 ,       21076 ,  0.0000000E+00 ,  0.4207967    
       22824 ,       21076 ,  0.0000000E+00 ,  0.3894244    
       22825 ,       30183 ,  0.1687924     ,  0.2354168    
       22826 ,       30102 ,  0.1801074     ,  0.1824674    
       22827 ,       30109 ,  0.0000000E+00 ,  0.1307708    
       22828 ,       30109 ,  0.0000000E+00 ,  0.1648220    
       22829 ,       30114 ,  0.0000000E+00 ,  0.2545381    
       22830 ,       30192 ,  0.5729058     ,  0.4446444    
       22831 ,       30192 ,  0.4270942     ,  0.3131369    
       22900 ,        4004 ,  7.9583101E-02 ,  0.1053751    
       22902 ,        4002 ,  0.0000000E+00 ,  5.3831302E-03
       22903 ,        4002 ,  0.0000000E+00 ,  2.8024498E-02
       22904 ,        4002 ,  0.0000000E+00 ,  2.8833501E-02
       22905 ,        4002 ,  0.0000000E+00 ,  3.8663425E-02
       22906 ,        4002 ,  0.0000000E+00 ,  9.3368404E-03
       22909 ,        4006 ,  0.0000000E+00 ,  2.5873080E-02
       22910 ,        4006 ,  0.0000000E+00 ,  8.3768656E-03
       22912 ,        4006 ,  0.2845508     ,  2.5653489E-02
       22913 ,        4006 ,  0.0000000E+00 ,  1.7742228E-02
       22918 ,       23006 ,  0.0000000E+00 ,  1.3291274E-02
       22919 ,       23006 ,  0.0000000E+00 ,  1.8394802E-02
       22922 ,       23006 ,  0.0000000E+00 ,  1.6319806E-02
       22923 ,       23006 ,  0.0000000E+00 ,  4.0823780E-02
       22924 ,       23002 ,  0.0000000E+00 ,  2.3060653E-02
       22926 ,       23002 ,  0.0000000E+00 ,  1.1592282E-02
       22927 ,       23002 ,  0.0000000E+00 ,  5.7874154E-03
       22930 ,       23002 ,  0.0000000E+00 ,  1.9770370E-04
       22931 ,       23002 ,  0.0000000E+00 ,  1.4442827E-02
       23083 ,       14100 ,  0.0000000E+00 ,  5.7849031E-02
       23088 ,       14084 ,  0.0000000E+00 ,  0.1007253    
       23089 ,       14084 ,  0.0000000E+00 ,  0.1032447    
       23093 ,       14028 ,  0.1029677     ,  2.9647833E-02
       23094 ,       14028 ,  0.5839578     ,  0.2813251    
       23095 ,       14090 ,  0.0000000E+00 ,  0.2534627    
       23096 ,       14090 ,  4.7510158E-02 ,  0.1578761    
       23097 ,       14090 ,  0.0000000E+00 ,  0.1707728    
       23098 ,       14088 ,  0.8121333     ,  0.2346940    
       23099 ,       14088 ,  0.0000000E+00 ,  0.2489462    
       23100 ,       14010 ,  0.0000000E+00 ,  0.1774450    
       23101 ,       14010 ,  0.7984820     ,  0.4314840    
       23102 ,       14010 ,  0.1284461     ,  0.1896423    
       23103 ,       14119 ,  5.9511192E-02 ,  0.1311212    
       23104 ,       14119 ,  0.0000000E+00 ,  0.2398347    
       23105 ,       14092 ,  0.0000000E+00 ,  0.1264992    
       23106 ,       14107 ,  0.6603790     ,  0.1511502    
       23107 ,       14107 ,  0.0000000E+00 ,  0.2551065    
       23108 ,       14107 ,  0.3396209     ,  0.3554073    
       23109 ,       14096 ,  0.8219218     ,  0.3656312    
       23110 ,       14096 ,  0.1780782     ,  0.4331128    
       23111 ,       16074 ,  0.0000000E+00 ,  0.4697977    
       23112 ,       16103 ,  4.6771877E-03 ,  0.0000000E+00
       23113 ,       16103 ,  0.2117977     ,  0.5584973    
       23114 ,       16103 ,  0.1891034     ,  0.4529276    
       23115 ,       16062 ,  0.0000000E+00 ,  0.1744934    
       23116 ,       16062 ,  0.2856975     ,  0.4799126    
       23117 ,       16042 ,   1.000000     ,  0.6971589    
       23118 ,       16086 ,  0.0000000E+00 ,  0.3087349    
       23119 ,       16030 ,   1.000000     ,  0.5120622    
       23120 ,       16069 ,  0.0000000E+00 ,  0.4390624    
       23121 ,       16109 ,  0.6502398     ,  0.9480968    
       23122 ,       16109 ,  0.3497602     ,  0.2154356    
       23123 ,       16067 ,  0.0000000E+00 ,  0.1937828    
       23124 ,       16004 ,  0.0000000E+00 ,  0.5381463    
       23125 ,       16071 ,  9.5090186E-03 ,  0.6796629    
       23126 ,       16113 ,  0.1654624     ,  0.3801852    
       23127 ,       16071 ,  0.0000000E+00 ,  7.4178420E-02
       23128 ,       11046 ,  0.0000000E+00 ,  0.1418612    
       23129 ,       11046 ,  4.4781610E-02 ,  6.9995873E-02
       23130 ,       11046 ,  0.0000000E+00 ,  0.1331369    
       23131 ,       11046 ,  0.2610786     ,  0.8022205    
       23132 ,       11046 ,  0.3260840     ,  0.1903242    
       23133 ,       11046 ,  6.5573372E-02 ,  0.1663733    
       23134 ,       11028 ,  0.3138210     ,  0.1907469    
       23135 ,       11028 ,  0.1301472     ,  1.9087872E-02
       23136 ,       11002 ,  0.1088841     ,  8.0815509E-02
       23138 ,       11019 ,  0.0000000E+00 ,  8.2559407E-02
       23139 ,       11019 ,  0.5815721     ,  0.2365386    
       23140 ,       11010 ,   1.000000     ,  0.5501680    
       23141 ,       16031 ,  0.9822670     ,  0.3802343    
       23142 ,       22001 ,  0.0000000E+00 ,  7.8480594E-02
       23143 ,       22001 ,   1.000000     ,  0.1967449    
       23144 ,       22001 ,  0.0000000E+00 ,  0.1608248    
       23145 ,       15003 ,  0.0000000E+00 ,  0.2330700    
       23146 ,       15003 ,  0.6222678     ,  0.2343379    
       23147 ,       15071 ,  0.0000000E+00 ,  0.2302271    
       23148 ,       13044 ,  0.0000000E+00 ,  0.2024480    
       23149 ,       13044 ,  0.0000000E+00 ,  0.3475274    
       23150 ,       15045 ,  0.0000000E+00 ,  0.1410479    
       23151 ,       13017 ,  0.0000000E+00 ,  0.1206886    
       23152 ,       13076 ,  5.6413185E-02 ,  0.3178289    
       23153 ,       13070 ,  0.4497274     ,  0.8180868    
       23154 ,       13074 ,  0.1249049     ,  0.6107796    
       23155 ,       13005 ,  0.2813415     ,  0.3976746    
       23156 ,       13005 ,  0.2897941     ,  0.5572258    
       23157 ,       13052 ,  0.2764753     ,  0.4428040    
       23158 ,       13052 ,  0.3103007     ,  0.8447759    
       23159 ,       13052 ,  6.4364463E-02 ,  0.5524334    
       23160 ,       13051 ,  9.1176122E-02 ,   1.431172    
       23161 ,       13057 ,  0.0000000E+00 ,  9.5339544E-02
       23163 ,       13077 ,  0.1500901     ,  0.2321161    
       23164 ,       13077 ,  0.2036529     ,  0.4872392    
       23165 ,       13077 ,  9.5621385E-02 ,  0.3114744    
       23166 ,       13002 ,  0.6386419     ,  0.4112357    
       23167 ,       21071 ,  0.3509144     ,  0.3021179    
       23168 ,       21183 ,  0.2951298     ,   1.508979    
       23169 ,       21184 ,   1.000000     ,   1.797472    
       23170 ,       21123 ,  0.9999999     ,  0.8899724    
       23171 ,       21107 ,   1.000000     ,  0.7301238    
       23172 ,       21072 ,   1.000000     ,   1.783196    
       23173 ,       30203 ,   1.000000     ,   1.131298    
       23174 ,       21025 ,  0.1330227     ,  0.3481001    
       23175 ,       21025 ,  0.8669774     ,  0.7191752    
       23176 ,       21002 ,  0.0000000E+00 ,  0.2348325    
       23177 ,       21002 ,   1.000000     ,  0.4028133    
       23178 ,       30183 ,  1.1009821E-03 ,  0.1573880    
       23179 ,       30102 ,  0.5458099     ,  0.3626943    
       23180 ,       30102 ,  4.8223037E-02 ,  0.1630396    
       23181 ,       30109 ,  0.0000000E+00 ,  4.4567827E-02
       23182 ,       30114 ,  0.0000000E+00 ,  0.2401420    
       23183 ,       30192 ,  0.0000000E+00 ,  0.2991977    
       23253 ,        4002 ,  7.9875924E-03 ,  4.4815876E-02
       23254 ,        4002 ,  1.3358963E-03 ,  6.7060202E-02
       23255 ,        4002 ,  4.3200653E-02 ,  3.9068006E-02
       23256 ,        4002 ,  0.0000000E+00 ,  3.7370998E-02
       23257 ,        4002 ,  0.0000000E+00 ,  1.0573408E-02
       23258 ,        4002 ,  0.0000000E+00 ,  1.8425575E-02
       23259 ,        4002 ,  0.0000000E+00 ,  5.0082643E-02
       23260 ,        4006 ,  0.0000000E+00 ,  2.9669711E-02
       23261 ,        4006 ,  0.0000000E+00 ,  2.5312724E-02
       23262 ,        4006 ,  0.0000000E+00 ,  2.9858770E-02
       23266 ,        4006 ,  0.0000000E+00 ,  1.3255977E-02
       23272 ,       23006 ,  0.0000000E+00 ,  4.1681565E-02
       23277 ,       23002 ,  0.1132009     ,  2.0324672E-02
       23278 ,       23002 ,  0.0000000E+00 ,  4.7091702E-03
       23279 ,       23002 ,  0.0000000E+00 ,  1.5140556E-02
       23283 ,       23002 ,  0.2719453     ,  1.1238365E-02
       23284 ,       23002 ,  6.7765184E-05 ,  3.7600577E-03
       23436 ,       14020 ,  0.0000000E+00 ,  0.1956391    
       23442 ,       14084 ,  0.0000000E+00 ,  0.1966785    
       23445 ,       14028 ,  0.0000000E+00 ,  0.1784009    
       23446 ,       14028 ,  0.1018290     ,  0.8262661    
       23447 ,       14028 ,  0.2112455     ,  4.2997271E-02
       23448 ,       14011 ,  0.1725481     ,  1.4529600E-02
       23449 ,       14090 ,  0.9467715     ,   1.548018    
       23450 ,       14090 ,  5.7182997E-03 ,  0.2033424    
       23451 ,       14088 ,  0.1878667     ,  7.3560983E-02
       23452 ,       14088 ,  0.0000000E+00 ,  0.3423975    
       23455 ,       14119 ,  0.0000000E+00 ,  0.1509656    
       23456 ,       14119 ,  0.9404888     ,  0.2006335    
       23457 ,       14119 ,  0.0000000E+00 ,  0.1439806    
       23458 ,       14050 ,  0.5642717     ,  0.4008617    
       23459 ,       14050 ,  0.2345046     ,  0.2221690    
       23460 ,       14030 ,  0.2577764     ,  0.1595392    
       23461 ,       14030 ,  0.1630707     ,  9.1638297E-02
       23465 ,       14066 ,  2.1716747E-03 ,  0.0000000E+00
       23466 ,       14066 ,  5.6178975E-03 ,  0.6778544    
       23467 ,       16011 ,  0.0000000E+00 ,  0.8787757    
       23468 ,       16011 ,   1.000000     ,   1.036465    
       23469 ,       16105 ,   1.000000     ,  0.6822667    
       23470 ,       16086 ,  0.1044599     ,  0.3759580    
       23471 ,       16086 ,  0.8955401     ,  0.2302652    
       23472 ,       16106 ,  0.0000000E+00 ,  0.2596063    
       23473 ,       16069 ,  0.0000000E+00 ,  0.2363715    
       23474 ,       16069 ,  0.0000000E+00 ,  0.1020198    
       23475 ,       16060 ,   1.000000     ,  0.1222790    
       23476 ,       11023 ,  0.0000000E+00 ,  0.1057884    
       23477 ,       11023 ,  0.0000000E+00 ,  3.6910363E-02
       23478 ,       11023 ,  0.0000000E+00 ,  3.9310321E-02
       23479 ,       16113 ,  0.2465829     ,  0.4542508    
       23480 ,       16113 ,  0.1043412     ,  0.4608933    
       23481 ,       16113 ,  0.2696148     ,  9.1054365E-02
       23482 ,       11042 ,  6.3433379E-02 ,  0.1975124    
       23483 ,       11046 ,  0.0000000E+00 ,  5.7556696E-02
       23484 ,       11046 ,  1.7469777E-02 ,  0.1611215    
       23485 ,       11046 ,  1.1382485E-02 ,  0.2357422    
       23486 ,       11028 ,  0.2685546     ,  0.4950982    
       23487 ,       11028 ,  0.1619404     ,  0.1937592    
       23488 ,       11039 ,  0.3039218     ,  0.4488567    
       23489 ,       11039 ,  0.6762154     ,  0.2839653    
       23490 ,       11039 ,  0.0000000E+00 ,  1.9437317E-02
       23491 ,       11019 ,  0.0000000E+00 ,  0.1059242    
       23492 ,       11019 ,  0.0000000E+00 ,  0.1035118    
       23493 ,       11010 ,  0.0000000E+00 ,  0.5838242    
       23495 ,       22001 ,  0.0000000E+00 ,  2.1254636E-02
       23496 ,       22001 ,  0.0000000E+00 ,  0.1336421    
       23497 ,       22016 ,  0.0000000E+00 ,  8.6215362E-02
       23498 ,       22016 ,  0.0000000E+00 ,  2.6311181E-02
       23499 ,       22016 ,  0.0000000E+00 ,  0.2274352    
       23500 ,       15071 ,   1.000000     ,  0.3756905    
       23501 ,       13044 ,  0.0000000E+00 ,  0.2159374    
       23502 ,       13044 ,   1.000000     ,  0.3737789    
       23503 ,       13017 ,  0.0000000E+00 ,  0.4788643    
       23504 ,       13017 ,  0.1676312     ,  0.6150206    
       23505 ,       13064 ,  0.0000000E+00 ,  3.4128437E-03
       23506 ,       13067 ,  4.3003786E-02 ,  0.5329322    
       23507 ,       13050 ,   1.000000     ,   1.541835    
       23508 ,       13023 ,  0.6550015     ,  0.8140920    
       23509 ,       13054 ,  0.4158437     ,  0.7530609    
       23510 ,       13009 ,  0.9880913     ,   1.040817    
       23511 ,       13009 ,  0.0000000E+00 ,  0.4246703    
       23512 ,       13038 ,  0.8566030     ,  0.4868128    
       23513 ,       13045 ,  0.0000000E+00 ,   1.473017    
       23514 ,       13024 ,   1.000000     ,  0.6060952    
       23515 ,       13001 ,  0.0000000E+00 ,  0.6253767    
       23516 ,       13035 ,  0.0000000E+00 ,  0.2325297    
       23517 ,       13077 ,  1.7075788E-02 ,  0.6031345    
       23518 ,       21057 ,   1.000000     ,  0.3196237    
       23519 ,       21100 ,  0.9615840     ,   1.787454    
       23520 ,       21100 ,  3.8416058E-02 ,  0.9899840    
       23521 ,       21197 ,  1.7336121E-02 ,   1.435115    
       23522 ,       21183 ,  0.1505889     ,  0.4185654    
       23523 ,       21089 ,  0.5166672     ,  0.1058691    
       23524 ,       30103 ,   1.000000     ,   3.652467    
       23525 ,       30064 ,   1.000000     ,  0.3185540    
       23526 ,       30050 ,  0.4251625     ,  0.7343002    
       23527 ,       21158 ,  0.0000000E+00 ,  0.6644151    
       23528 ,       21158 ,   1.000000     ,  0.2655610    
       23530 ,       21002 ,  0.0000000E+00 ,  5.8457319E-02
       23532 ,       30211 ,  0.0000000E+00 ,  0.2557499    
       23533 ,       30211 ,  0.5546958     ,  0.3288264    
       23534 ,       30211 ,  0.4453042     ,  0.4011155    
       23535 ,       30114 ,  0.9887869     ,  0.3529417    
       23536 ,       30114 ,  0.0000000E+00 ,  7.5296082E-02
       23606 ,        4002 ,  1.3064326E-02 ,  2.3458790E-04
       23607 ,        4002 ,  0.4862677     ,  0.1150937    
       23608 ,        4002 ,  0.4285133     ,  5.4237593E-02
       23609 ,        4002 ,  0.0000000E+00 ,  3.6616396E-02
       23610 ,        4002 ,  0.0000000E+00 ,  4.2747784E-02
       23611 ,        4008 ,  0.0000000E+00 ,  5.9022360E-02
       23612 ,        4008 ,  0.0000000E+00 ,  0.1120203    
       23614 ,        4006 ,  0.0000000E+00 ,  1.2835800E-02
       23615 ,        4006 ,  0.4806199     ,  4.8900098E-02
       23616 ,        4006 ,  0.0000000E+00 ,  6.6984952E-03
       23618 ,        4006 ,  0.0000000E+00 ,  1.0193608E-02
       23620 ,       31079 ,  0.0000000E+00 ,  1.6188188E-03
       23622 ,       31079 ,  0.0000000E+00 ,  6.0106553E-02
       23623 ,       31079 ,  0.0000000E+00 ,  5.7812832E-02
       23624 ,       31079 ,  0.0000000E+00 ,  4.2349644E-02
       23625 ,       31098 ,  0.0000000E+00 ,  0.1346533    
       23626 ,       23006 ,  0.0000000E+00 ,  1.3931075E-02
       23629 ,       23006 ,  0.0000000E+00 ,  2.8066153E-02
       23630 ,       23002 ,  0.0000000E+00 ,  1.0645662E-02
       23631 ,       23002 ,  0.0000000E+00 ,  1.1150873E-02
       23632 ,       23002 ,  0.0000000E+00 ,  2.3746053E-02
       23633 ,       23002 ,  0.0000000E+00 ,  1.4101227E-02
       23634 ,       23002 ,  0.0000000E+00 ,  1.4193263E-02
       23635 ,       23002 ,  0.0000000E+00 ,  1.4408858E-02
       23636 ,       23002 ,  0.2782026     ,  3.4600127E-02
       23637 ,       23002 ,  2.3792349E-03 ,  1.1106543E-02
       23786 ,       14020 ,  0.0000000E+00 ,  9.2580348E-02
       23787 ,       14020 ,  0.0000000E+00 ,  0.1403421    
       23789 ,       14020 ,   1.000000     ,  0.2019974    
       23795 ,       14084 ,  0.0000000E+00 ,  0.1584290    
       23798 ,       14012 ,  0.0000000E+00 ,  0.2729109    
       23802 ,       14011 ,  0.0000000E+00 ,  0.2971694    
       23803 ,       14088 ,  0.0000000E+00 ,  2.0171816E-02
       23804 ,       14088 ,  0.0000000E+00 ,  8.7545104E-02
       23805 ,       14024 ,  0.0000000E+00 ,  7.8149773E-02
       23806 ,       14024 ,  0.7097148     ,  0.2428140    
       23807 ,       14114 ,  0.1431014     ,  0.2929413    
       23808 ,       14114 ,  0.3426971     ,  5.8748793E-02
       23809 ,       14119 ,  0.0000000E+00 ,  0.3259514    
       23810 ,       14050 ,  0.1910745     ,  0.2506048    
       23811 ,       14050 ,  1.0149297E-02 ,  1.3994102E-03
       23812 ,       14030 ,  2.9722180E-03 ,  0.0000000E+00
       23813 ,       14044 ,  0.1437277     ,  0.1980627    
       23814 ,       14044 ,  0.2678279     ,  0.5344360    
       23815 ,       14066 ,  1.7455089E-03 ,  4.2970199E-02
       23816 ,       14066 ,  0.2644528     ,  5.5756405E-02
       23817 ,       14066 ,  0.4233407     ,  0.3713529    
       23818 ,       14066 ,  0.2007895     ,  0.3301983    
       23819 ,       14063 ,  0.5331694     ,  0.1742295    
       23820 ,       14063 ,  1.5309292E-03 ,  0.3993825    
       23821 ,       14018 ,  8.2554869E-02 ,  0.2453454    
       23822 ,       14018 ,  0.0000000E+00 ,  0.2109946    
       23823 ,       14018 ,  0.0000000E+00 ,  0.2504895    
       23824 ,       16106 ,   1.000000     ,  0.3958715    
       23825 ,       16106 ,  0.0000000E+00 ,  0.3928265    
       23826 ,       16069 ,  0.0000000E+00 ,  0.3845598    
       23827 ,       16069 ,  0.9999999     ,  0.1216949    
       23828 ,       11023 ,  0.0000000E+00 ,  6.0987253E-02
       23829 ,       11023 ,  0.0000000E+00 ,  0.1003237    
       23830 ,       11023 ,  0.0000000E+00 ,  7.1571797E-02
       23831 ,       11023 ,  0.0000000E+00 ,  5.8852058E-02
       23832 ,       16113 ,  0.2139987     ,  0.2517405    
       23833 ,       11016 ,   1.000000     ,  0.5490617    
       23834 ,       11016 ,  0.0000000E+00 ,  8.4681541E-02
       23835 ,       11042 ,  0.0000000E+00 ,  0.1092526    
       23836 ,       11042 ,  0.0000000E+00 ,  3.2214247E-04
       23837 ,       11042 ,  0.2717697     ,  0.2226078    
       23838 ,       11018 ,  0.5668607     ,  0.4692352    
       23839 ,       11018 ,  0.4028342     ,  0.5143483    
       23840 ,       11011 ,  9.1003969E-02 ,  0.2402434    
       23841 ,       11028 ,  0.0000000E+00 ,  0.1079876    
       23842 ,       11039 ,  1.9862734E-02 ,  0.2373980    
       23843 ,       11019 ,  0.0000000E+00 ,  2.2626663E-02
       23844 ,       11019 ,  0.0000000E+00 ,  0.1052883    
       23845 ,       11019 ,  0.0000000E+00 ,  7.1186304E-02
       23846 ,       22008 ,  0.0000000E+00 ,  0.1415563    
       23847 ,       22008 ,  0.2104472     ,  0.2236328    
       23848 ,       22001 ,  0.0000000E+00 ,  8.5737862E-02
       23849 ,       22001 ,  0.0000000E+00 ,  0.1002146    
       23850 ,       22016 ,  4.1406224E-03 ,  6.3270256E-02
       23851 ,       22016 ,  7.1325243E-02 ,  0.1832244    
       23852 ,       22016 ,  2.9025832E-02 ,  0.1375613    
       23853 ,       13029 ,  4.3615308E-03 ,  0.1129305    
       23854 ,       13029 ,  0.2719578     ,  0.2741503    
       23855 ,       13029 ,  4.8469909E-02 ,  7.1043238E-02
       23856 ,       13029 ,  0.0000000E+00 ,  3.1016983E-02
       23857 ,       13017 ,  0.8323688     ,  0.1009372    
       23858 ,       13006 ,  0.0000000E+00 ,  0.2097172    
       23859 ,       13019 ,  0.9977356     ,  0.5632249    
       23860 ,       13019 ,  2.2644803E-03 ,  0.5732802    
       23861 ,       13054 ,  0.0000000E+00 ,  1.1695348E-02
       23862 ,       13054 ,  0.5841563     ,  0.7504324    
       23863 ,       13003 ,  0.2245424     ,  0.5761169    
       23864 ,       13003 ,  0.0000000E+00 ,  0.2385686    
       23865 ,       13012 ,  0.0000000E+00 ,  0.1999522    
       23866 ,       13012 ,   1.000000     ,  0.2554269    
       23868 ,       13024 ,  0.0000000E+00 ,  0.2089246    
       23869 ,       13004 ,  0.1257665     ,  0.5433183    
       23870 ,       13004 ,  1.0772478E-02 ,  0.4517336    
       23871 ,       13060 ,  0.5265915     ,  0.4990308    
       23872 ,       21109 ,   1.000000     ,  0.7462148    
       23873 ,       21178 ,   1.000000     ,  0.7401800    
       23874 ,       21197 ,  0.7723484     ,  0.2447892    
       23875 ,       21213 ,   1.000000     ,   1.481756    
       23876 ,       21089 ,  3.9470822E-02 ,  4.4287272E-02
       23877 ,       30051 ,  3.8575772E-02 ,  0.7035151    
       23878 ,       30051 ,  0.9610274     ,  0.4411324    
       23879 ,       30066 ,  0.3649611     ,  0.4019024    
       23880 ,       30066 ,  0.0000000E+00 ,  0.3541221    
       23881 ,       30066 ,  0.6350389     ,  6.4717971E-02
       23882 ,       30124 ,  5.6140255E-02 ,  7.3510490E-02
       23884 ,       30158 ,  0.0000000E+00 ,  0.1271207    
       23885 ,       30158 ,  0.0000000E+00 ,  9.2768595E-02
       23887 ,       30158 ,  0.0000000E+00 ,  0.1080097    
       23888 ,       30114 ,  1.1213075E-02 ,  0.1692329    
       23961 ,        4002 ,  1.9630468E-02 ,  5.0331332E-02
       23962 ,        4002 ,  0.0000000E+00 ,  1.6425090E-02
       23963 ,        4008 ,  0.0000000E+00 ,  9.2740156E-02
       23964 ,        4008 ,  0.0000000E+00 ,  0.1102927    
       23965 ,        4008 ,  0.0000000E+00 ,  5.8405180E-03
       23968 ,        4006 ,  0.0000000E+00 ,  1.8017001E-02
       23969 ,        4006 ,  0.0000000E+00 ,  1.9724809E-02
       23970 ,        4006 ,  0.0000000E+00 ,  3.1207545E-02
       23971 ,        4006 ,  0.0000000E+00 ,  2.4402438E-02
       23972 ,       31079 ,  0.0000000E+00 ,  5.8807421E-02
       23973 ,       31079 ,  0.0000000E+00 ,  4.8892729E-02
       23974 ,       31079 ,  0.0000000E+00 ,  8.5824691E-02
       23975 ,       31079 ,  0.0000000E+00 ,  1.9420004E-02
       23977 ,       31098 ,  0.0000000E+00 ,  7.5010717E-02
       23978 ,       31098 ,  0.0000000E+00 ,  7.2480120E-02
       23979 ,       23006 ,  0.0000000E+00 ,  3.9946057E-02
       23980 ,       23006 ,  0.0000000E+00 ,  4.7032449E-02
       23981 ,       23006 ,  0.5059744     ,  4.7049426E-02
       23982 ,       23006 ,  0.2185377     ,  1.9845387E-02
       23985 ,       23002 ,  0.0000000E+00 ,  1.4284400E-02
       23986 ,       23002 ,  0.0000000E+00 ,  3.3327864E-04
       23989 ,       23002 ,  0.0000000E+00 ,  1.5089976E-02
       23990 ,       23002 ,  0.0000000E+00 ,  1.6265001E-02
       23991 ,       23002 ,  0.0000000E+00 ,  1.4987749E-04
       24142 ,       14020 ,  0.0000000E+00 ,  0.1806987    
       24147 ,       14084 ,  0.0000000E+00 ,  4.4270668E-02
       24148 ,       14084 ,   1.000000     ,  0.2537307    
       24149 ,       14058 ,  0.0000000E+00 ,  0.1509415    
       24150 ,       14058 ,  0.0000000E+00 ,  0.2119293    
       24151 ,       14012 ,  0.0000000E+00 ,  0.2586381    
       24152 ,       14062 ,  4.9590766E-02 ,  0.2366024    
       24153 ,       14062 ,  0.8768247     ,  6.0253240E-02
       24155 ,       14011 ,  0.0000000E+00 ,  8.2328385E-03
       24157 ,       14077 ,  0.0000000E+00 ,  0.2237680    
       24158 ,       14077 ,  0.6215558     ,  0.2770687    
       24159 ,       14077 ,  0.2614139     ,  0.2532772    
       24160 ,       14024 ,  0.1597751     ,  0.3382082    
       24161 ,       14114 ,  0.5142015     ,  0.2620304    
       24162 ,       14002 ,  0.7994274     ,  0.6808684    
       24163 ,       14097 ,  1.0191876E-02 ,  0.1069116    
       24164 ,       14097 ,  6.7766123E-02 ,  5.5724390E-02
       24165 ,       14097 ,  2.1277601E-02 ,  0.2824579    
       24166 ,       14044 ,  0.2232499     ,  0.7159795    
       24167 ,       14044 ,  0.3651945     ,  0.9828432    
       24168 ,       14030 ,  2.7796233E-02 ,  0.2075762    
       24169 ,       14123 ,  0.0000000E+00 ,  0.1835977    
       24170 ,       14123 ,  0.4429078     ,  0.2092073    
       24171 ,       14063 ,  0.0000000E+00 ,  0.3576967    
       24172 ,       14063 ,  0.0000000E+00 ,  0.5194279    
       24174 ,       14018 ,  0.1333522     ,  0.1007498    
       24175 ,       14018 ,  0.0000000E+00 ,  0.1018006    
       24176 ,       14016 ,  0.2226330     ,  8.1738368E-02
       24178 ,       14033 ,  0.0000000E+00 ,  3.6695406E-02
       24179 ,       14033 ,   1.000000     ,  0.3867048    
       24180 ,       11023 ,  0.0000000E+00 ,  2.0839376E-02
       24181 ,       11023 ,  9.2240788E-02 ,  4.7074884E-02
       24182 ,       11023 ,  0.0000000E+00 ,  2.9049516E-03
       24183 ,       11023 ,  9.8716453E-02 ,  3.9021395E-02
       24184 ,       11023 ,  0.6178238     ,  0.1294030    
       24185 ,       11001 ,  0.0000000E+00 ,  0.1514598    
       24186 ,       11001 ,  0.8182495     ,  0.2296042    
       24187 ,       11016 ,  0.0000000E+00 ,  0.2732975    
       24188 ,       11042 ,  0.0000000E+00 ,  1.9296087E-02
       24189 ,       11042 ,  9.4390191E-02 ,  0.1152993    
       24190 ,       11042 ,  0.5704068     ,  0.2070576    
       24191 ,       11027 ,  1.2731872E-03 ,  0.2710133    
       24192 ,       11011 ,  2.5578400E-02 ,  0.3594346    
       24193 ,       11011 ,  5.6784293E-03 ,  1.9031521E-02
       24194 ,       11007 ,  1.2225186E-02 ,  9.5793277E-02
       24195 ,       11007 ,  3.2190613E-02 ,  0.2328695    
       24196 ,       11004 ,  0.5540872     ,  0.1525986    
       24197 ,       11004 ,  2.4007658E-02 ,  0.1960523    
       24198 ,       22006 ,  0.0000000E+00 ,  0.1404359    
       24199 ,       22008 ,  0.2011129     ,  0.2394434    
       24200 ,       22008 ,  0.1909709     ,  0.2508994    
       24201 ,       22012 ,  7.5273901E-02 ,  0.0000000E+00
       24202 ,       22016 ,  6.3018247E-02 ,  0.1868574    
       24203 ,       22016 ,  0.1319563     ,  0.2658919    
       24204 ,       22016 ,  0.6206901     ,  0.1311128    
       24205 ,       22016 ,  2.4525840E-02 ,  2.2118282E-02
       24206 ,       13029 ,  0.3595230     ,  7.6390557E-02
       24207 ,       13029 ,  6.2342156E-02 ,  0.1448442    
       24208 ,       13029 ,  0.2533457     ,  0.1228212    
       24209 ,       13029 ,  0.0000000E+00 ,  9.4748557E-02
       24210 ,       13006 ,  0.0000000E+00 ,  0.2079603    
       24211 ,       13006 ,   1.000000     ,  0.4224215    
       24212 ,       13030 ,  0.0000000E+00 ,  6.8291812E-04
       24213 ,       13030 ,  5.1172044E-02 ,  0.5870437    
       24214 ,       13054 ,  0.0000000E+00 ,  0.3638780    
       24215 ,       13055 ,  0.6173475     ,  0.2612621    
       24216 ,       13055 ,  0.3826525     ,  0.2093438    
       24218 ,       13012 ,  0.0000000E+00 ,  0.1116485    
       24219 ,       13036 ,  0.0000000E+00 ,  0.4816796    
       24220 ,       13012 ,  0.0000000E+00 ,  0.1098947    
       24221 ,       30198 ,  0.0000000E+00 ,  0.1188670    
       24222 ,       13004 ,  0.5930093     ,  0.5050795    
       24223 ,       13004 ,  0.2704518     ,  6.6378631E-02
       24224 ,       13060 ,  0.4734085     ,   1.410477    
       24225 ,       13060 ,  0.0000000E+00 ,  0.3163542    
       24226 ,       21187 ,  0.0000000E+00 ,   1.140666    
       24227 ,       21197 ,  0.0000000E+00 ,  0.1230853    
       24228 ,       21197 ,  0.2103155     ,  0.5173539    
       24229 ,       21086 ,  0.0000000E+00 ,  2.4985302E-02
       24230 ,       30051 ,  0.0000000E+00 ,  7.8090027E-02
       24231 ,       30066 ,  0.0000000E+00 ,  0.4407405    
       24232 ,       30040 ,  0.0000000E+00 ,  0.4374969    
       24233 ,       30124 ,  0.0000000E+00 ,  3.1543005E-02
       24234 ,       30124 ,  2.1591121E-03 ,  4.5597784E-02
       24235 ,       30124 ,  0.1492747     ,  8.1113793E-02
       24236 ,       30124 ,  0.0000000E+00 ,  9.2484049E-02
       24237 ,       30158 ,  0.0000000E+00 ,  0.1020557    
       24238 ,       30158 ,  0.3477275     ,  5.9690248E-02
       24239 ,       30158 ,  0.0000000E+00 ,  0.1039032    
       24240 ,       30158 ,  0.0000000E+00 ,  8.2393065E-02
       24315 ,        4008 ,  0.0000000E+00 ,  5.8075622E-02
       24316 ,        4008 ,  0.0000000E+00 ,  8.8972390E-02
       24317 ,        4008 ,  0.0000000E+00 ,  0.1590425    
       24318 ,        4008 ,  0.0000000E+00 ,  2.9420473E-02
       24322 ,        4006 ,  0.0000000E+00 ,  5.2740030E-02
       24325 ,       31079 ,  0.0000000E+00 ,  5.9516795E-02
       24327 ,       31079 ,  0.0000000E+00 ,  5.6699635E-03
       24328 ,       31079 ,  0.0000000E+00 ,  8.0481052E-02
       24329 ,       31079 ,  0.0000000E+00 ,  2.0826658E-02
       24330 ,       31098 ,  0.0000000E+00 ,  9.4089225E-02
       24331 ,       31098 ,  0.0000000E+00 ,  5.2849870E-02
       24333 ,       23006 ,  2.5096271E-02 ,  2.0900412E-02
       24334 ,       23006 ,  0.0000000E+00 ,  2.1714009E-02
       24338 ,       23002 ,  0.0000000E+00 ,  9.5772110E-03
       24339 ,       23002 ,  0.0000000E+00 ,  1.5688088E-02
       24341 ,       23002 ,  0.0000000E+00 ,  1.3948380E-02
       24342 ,       23002 ,  0.0000000E+00 ,  1.9543644E-03
       24344 ,       23002 ,  0.0000000E+00 ,  1.5749369E-02
       24495 ,       14020 ,  0.0000000E+00 ,  0.1959440    
       24500 ,       14084 ,  0.0000000E+00 ,  0.1388647    
       24501 ,       14058 ,  0.1991501     ,  5.2031506E-02
       24502 ,       14058 ,  0.0000000E+00 ,  0.1886684    
       24504 ,       14062 ,  0.0000000E+00 ,  1.6825743E-02
       24505 ,       14062 ,  0.0000000E+00 ,  0.4788914    
       24506 ,       14062 ,  7.3584512E-02 ,  0.4965461    
       24507 ,       14038 ,  0.0000000E+00 ,  3.7554294E-02
       24508 ,       14006 ,  0.0000000E+00 ,  4.7203258E-02
       24509 ,       14006 ,  0.0000000E+00 ,  8.7474376E-02
       24510 ,       14006 ,  0.1836387     ,  0.1700467    
       24511 ,       14006 ,  0.1181400     ,  0.1042443    
       24512 ,       14077 ,  0.1170303     ,  0.4508746    
       24513 ,       14024 ,  0.0000000E+00 ,  5.0220098E-02
       24514 ,       14083 ,  0.0000000E+00 ,  0.1225436    
       24515 ,       14083 ,  0.1071940     ,  0.2465172    
       24516 ,       14097 ,  7.6480240E-02 ,  0.1725584    
       24517 ,       14098 ,  1.0440146E-03 ,  0.1087139    
       24518 ,       14097 ,  0.1753617     ,  0.1031203    
       24519 ,       14097 ,  9.5608592E-02 ,  0.2331205    
       24520 ,       14070 ,  0.2139557     ,  0.4727920    
       24521 ,       14124 ,  8.0164731E-02 ,  6.7913145E-02
       24522 ,       14123 ,  0.0000000E+00 ,  0.3874007    
       24523 ,       14123 ,  0.5570921     ,  0.1597274    
       24524 ,       14105 ,  0.8165053     ,  6.7839831E-02
       24525 ,       14123 ,  0.0000000E+00 ,  5.7619028E-02
       24526 ,       14013 ,  0.0000000E+00 ,  7.5961053E-02
       24527 ,       14013 ,  0.2121989     ,  0.2838005    
       24528 ,       14013 ,  0.1082471     ,  3.7662998E-02
       24529 ,       14016 ,  3.1336382E-02 ,  0.2249759    
       24530 ,       14016 ,  0.3498267     ,  0.2679277    
       24531 ,       14048 ,  0.0000000E+00 ,  9.4615281E-02
       24532 ,       14048 ,  0.0000000E+00 ,  5.6417938E-02
       24533 ,       14033 ,  0.0000000E+00 ,  0.2697376    
       24534 ,       11023 ,  0.0000000E+00 ,  5.5594422E-02
       24536 ,       11023 ,  0.0000000E+00 ,  6.7893248E-03
       24537 ,       11023 ,  0.0000000E+00 ,  1.1536770E-02
       24538 ,       11001 ,  0.0000000E+00 ,  6.7514136E-02
       24539 ,       11001 ,  2.6879512E-02 ,  9.9883214E-02
       24540 ,       11001 ,  0.0000000E+00 ,  0.2118413    
       24541 ,       11024 ,  0.9309284     ,  0.1831162    
       24542 ,       11027 ,  3.5181537E-03 ,  1.5481121E-02
       24543 ,       11027 ,  9.3453832E-02 ,  6.6173762E-02
       24544 ,       11044 ,  0.2610016     ,  0.1469085    
       24545 ,       11044 ,  0.6331228     ,  0.4900231    
       24546 ,       11011 ,  0.2395511     ,  0.3597981    
       24547 ,       11007 ,  0.5685635     ,  0.1462850    
       24548 ,       11007 ,  2.7842199E-02 ,  0.2303780    
       24549 ,       11005 ,  0.3069857     ,  0.2986616    
       24550 ,       11005 ,  5.2056685E-02 ,  0.1827494    
       24551 ,       22006 ,  0.2698255     ,  0.3043149    
       24552 ,       22006 ,  0.1409359     ,  0.3296654    
       24553 ,       22008 ,  0.3974690     ,  0.1126382    
       24554 ,       22012 ,  0.1612739     ,  0.2968921    
       24555 ,       22012 ,  0.5557259     ,  0.5709404    
       24556 ,       22016 ,  3.0977378E-02 ,  9.7306550E-02
       24557 ,       22017 ,  0.1192768     ,  0.1934023    
       24558 ,       22017 ,  0.4821255     ,  0.2048379    
       24559 ,       13059 ,  0.0000000E+00 ,  0.1731283    
       24560 ,       13059 ,  0.0000000E+00 ,  0.2270505    
       24561 ,       13059 ,  0.2221721     ,  8.1134483E-02
       24562 ,       13029 ,  0.0000000E+00 ,  4.7247358E-02
       24564 ,       13006 ,  0.0000000E+00 ,  0.2540582    
       24565 ,       13030 ,  0.5034893     ,  0.1501435    
       24566 ,       13030 ,  0.4453386     ,  0.3112380    
       24567 ,       13015 ,  0.0000000E+00 ,  6.9551051E-02
       24568 ,       13015 ,  0.0000000E+00 ,  0.1513615    
       24569 ,       13055 ,  0.0000000E+00 ,  6.3661717E-02
       24571 ,       13037 ,  0.0000000E+00 ,  2.7043642E-02
       24572 ,       13036 ,  0.0000000E+00 ,  0.7155913    
       24574 ,       30198 ,  0.0000000E+00 ,  0.2085364    
       24575 ,       30198 ,  0.0000000E+00 ,  0.5917988    
       24576 ,       30198 ,  0.9999999     ,  0.2657669    
       24578 ,       13027 ,  0.0000000E+00 ,  8.1040144E-02
       24579 ,       21187 ,   1.000000     ,  0.3385917    
       24580 ,       21086 ,   1.000000     ,  0.1317575    
       24581 ,       21086 ,  0.0000000E+00 ,  0.3487475    
       24582 ,       21194 ,  0.0000000E+00 ,  0.3088124    
       24583 ,       21194 ,  0.6366600     ,  0.4478829    
       24584 ,       21194 ,  0.0000000E+00 ,  8.8078633E-02
       24585 ,       30040 ,  0.0000000E+00 ,  0.2773084    
       24586 ,       30040 ,  0.2379927     ,  0.3066910    
       24587 ,       30124 ,  0.6030450     ,  0.1365745    
       24588 ,       30124 ,  0.1524705     ,  9.3062676E-02
       24589 ,       30069 ,  0.0000000E+00 ,  0.5109324    
       24590 ,       30069 ,  0.9971042     ,  0.5312451    
       24591 ,       30158 ,  0.0000000E+00 ,  0.1562177    
       24592 ,       30158 ,  0.0000000E+00 ,  0.1468710    
       24667 ,        4008 ,  0.0000000E+00 ,  7.6422825E-02
       24668 ,        4008 ,  0.0000000E+00 ,  8.8418402E-02
       24669 ,        4008 ,  1.2155866E-02 ,  0.1251827    
       24670 ,        4008 ,  0.9878441     ,  0.1656090    
       24671 ,        4008 ,  0.0000000E+00 ,  0.1210593    
       24675 ,        4006 ,  0.2348294     ,  4.6623785E-02
       24678 ,       31079 ,  0.0000000E+00 ,  6.0392760E-02
       24682 ,       31079 ,  0.0000000E+00 ,  6.1573531E-02
       24683 ,       31098 ,  0.0000000E+00 ,  6.0454924E-02
       24684 ,       31098 ,  0.0000000E+00 ,  9.7640663E-02
       24685 ,       31058 ,  0.0000000E+00 ,  0.1387483    
       24686 ,       23006 ,  0.2503915     ,  6.2950023E-02
       24687 ,       23006 ,  0.0000000E+00 ,  9.9095916E-03
       24690 ,       23002 ,  0.0000000E+00 ,  5.2421521E-03
       24691 ,       23002 ,  0.0000000E+00 ,  1.2831459E-02
       24692 ,       23002 ,  0.0000000E+00 ,  1.5362086E-02
       24693 ,       23002 ,  0.0000000E+00 ,  6.8165958E-03
       24694 ,       23002 ,  8.6696208E-02 ,  1.1995884E-02
       24697 ,       23002 ,  0.0000000E+00 ,  1.4766575E-02
       24699 ,       23002 ,  0.0000000E+00 ,  1.7764054E-02
       24700 ,       23002 ,  0.0000000E+00 ,  9.2006540E-03
       24702 ,       23009 ,  0.0000000E+00 ,  5.5017766E-02
       24848 ,       14067 ,  0.0000000E+00 ,  6.3834883E-02
       24849 ,       14067 ,  1.9165976E-02 ,  0.1012065    
       24853 ,       14058 ,  0.0000000E+00 ,  8.7971881E-02
       24854 ,       14058 ,  0.8008499     ,  8.6640045E-02
       24855 ,       14058 ,  0.0000000E+00 ,  7.2959866E-03
       24857 ,       14062 ,  0.0000000E+00 ,  0.1242705    
       24858 ,       14062 ,  0.0000000E+00 ,  2.9636011E-03
       24859 ,       14038 ,   1.000000     ,  0.1778041    
       24860 ,       14006 ,  0.0000000E+00 ,  9.8566107E-02
       24861 ,       14006 ,  0.0000000E+00 ,  7.8384332E-02
       24862 ,       14006 ,  1.2235336E-03 ,  3.5253517E-02
       24863 ,       14006 ,  0.6969978     ,  0.1934299    
       24864 ,       14006 ,  0.0000000E+00 ,  0.1291939    
       24865 ,       14006 ,  0.0000000E+00 ,  0.2245728    
       24866 ,       14083 ,  5.7628769E-02 ,  7.1933210E-02
       24867 ,       14083 ,  0.0000000E+00 ,  0.2011273    
       24869 ,       14120 ,  9.9058468E-03 ,  2.4767974E-02
       24870 ,       14120 ,  7.8525230E-02 ,  0.6940694    
       24871 ,       14098 ,  0.4942260     ,  0.2290305    
       24872 ,       14101 ,  0.3046741     ,  0.5180049    
       24873 ,       14124 ,  6.3827261E-02 ,  0.2246012    
       24874 ,       14124 ,  0.6205541     ,  0.2877812    
       24875 ,       14124 ,  0.0000000E+00 ,  6.2374093E-02
       24876 ,       14093 ,  0.0000000E+00 ,  6.7536883E-02
       24877 ,       14105 ,  0.1834947     ,  0.2047969    
       24878 ,       14093 ,  0.0000000E+00 ,  8.5485347E-02
       24879 ,       14105 ,  0.0000000E+00 ,  7.9181209E-02
       24880 ,       14013 ,  0.3745401     ,  0.1444613    
       24881 ,       14013 ,  0.3050139     ,  0.3900345    
       24882 ,       14016 ,  0.1739498     ,  0.1186513    
       24883 ,       14016 ,  0.0000000E+00 ,  0.1344690    
       24884 ,       14048 ,   1.000000     ,  0.1855350    
       24885 ,       14033 ,  0.0000000E+00 ,  0.1327250    
       24886 ,       14048 ,  0.0000000E+00 ,  0.1388799    
       24887 ,       14048 ,  0.0000000E+00 ,  0.1586729    
       24890 ,       11012 ,  0.8368371     ,  0.2200211    
       24891 ,       11012 ,  0.0000000E+00 ,  0.3130719    
       24892 ,       11001 ,  0.0000000E+00 ,  0.1272793    
       24893 ,       11017 ,  0.0000000E+00 ,  9.8992988E-02
       24894 ,       11027 ,  1.1889712E-02 ,  0.1123142    
       24895 ,       11027 ,  0.1728145     ,  0.1371890    
       24896 ,       11027 ,  0.6464095     ,  0.2929284    
       24897 ,       11027 ,  1.0258407E-02 ,  0.2097636    
       24898 ,       11035 ,  0.1423568     ,  0.4081453    
       24899 ,       11044 ,  0.1058756     ,  0.3721314    
       24900 ,       11007 ,  0.2646312     ,  0.2823109    
       24901 ,       11007 ,  5.1104233E-02 ,  9.1466837E-02
       24902 ,       11005 ,  0.3047308     ,  0.1462079    
       24903 ,       11005 ,  0.1411172     ,  0.2016601    
       24904 ,       22014 ,  7.0020877E-02 ,  0.4762136    
       24905 ,       22014 ,  0.4414212     ,  0.2871000    
       24906 ,       22014 ,  7.9255914E-03 ,  0.2094741    
       24907 ,       22012 ,  5.4796170E-03 ,  0.2574542    
       24908 ,       22012 ,  4.1711289E-02 ,  0.2304838    
       24909 ,       22017 ,  7.2094001E-02 ,  0.2287374    
       24910 ,       22017 ,  8.9125760E-02 ,  0.2298099    
       24911 ,       22017 ,  0.1788987     ,  0.2556196    
       24912 ,       22007 ,  0.0000000E+00 ,  0.2310547    
       24913 ,       13059 ,  8.4508415E-03 ,  0.2935476    
       24914 ,       13059 ,  0.7693771     ,  0.2154308    
       24917 ,       13058 ,  0.8443423     ,  0.6451619    
       24918 ,       13058 ,  0.1556577     ,  1.2914939E-03
       24919 ,       13030 ,  0.0000000E+00 ,  0.2196723    
       24920 ,       13015 ,  0.0000000E+00 ,  0.1341921    
       24921 ,       13015 ,  0.0000000E+00 ,  9.0593219E-02
       24923 ,       13037 ,  0.0000000E+00 ,  4.6971835E-02
       24924 ,       13037 ,  0.6167873     ,  0.2467791    
       24925 ,       13036 ,   1.000000     ,  0.7027377    
       24926 ,       13036 ,  0.0000000E+00 ,  0.2021573    
       24927 ,       30072 ,   1.000000     ,  0.3110669    
       24928 ,       30170 ,  0.9949265     ,  0.2860476    
       24929 ,       30180 ,  0.0000000E+00 ,  8.9778997E-02
       24930 ,       30180 ,  0.0000000E+00 ,  0.3215728    
       24931 ,       13053 ,  0.0000000E+00 ,  1.0576252E-02
       24932 ,       13053 ,  0.0000000E+00 ,  0.5508685    
       24933 ,       21111 ,  0.3871431     ,  3.2943819E-02
       24934 ,       21111 ,  0.6128569     ,  0.7695037    
       24935 ,       21111 ,  0.0000000E+00 ,  0.2379268    
       24936 ,       21194 ,  0.3607650     ,  7.5060673E-02
       24937 ,       21194 ,  2.5749533E-03 ,  0.1767691    
       24938 ,       30175 ,  9.8719701E-02 ,  0.2103870    
       24939 ,       30175 ,  0.4299153     ,  0.3136530    
       24940 ,       30124 ,  0.0000000E+00 ,  5.6063976E-02
       24941 ,       30124 ,  0.0000000E+00 ,  9.0213642E-02
       24942 ,       30158 ,  0.0000000E+00 ,  2.4851233E-02
       24943 ,       30069 ,  2.8957396E-03 ,  0.1177549    
       24944 ,       30158 ,  0.6522725     ,  6.8297677E-02
       25023 ,        4005 ,  0.5533535     ,  0.1983945    
       25024 ,        4005 ,  0.0000000E+00 ,  8.4924415E-02
       25026 ,        4005 ,  0.0000000E+00 ,  0.1523002    
       25027 ,        4006 ,  0.0000000E+00 ,  3.1269480E-02
       25028 ,        4006 ,  0.0000000E+00 ,  5.2009799E-02
       25031 ,       31056 ,  0.0000000E+00 ,  0.1742199    
       25035 ,       31079 ,  0.0000000E+00 ,  0.1054762    
       25036 ,       31098 ,  0.7899427     ,  0.2168700    
       25037 ,       31098 ,  0.0000000E+00 ,  0.1044558    
       25038 ,       31058 ,  0.0000000E+00 ,  0.1081430    
       25040 ,       23006 ,  0.0000000E+00 ,  2.7994987E-02
       25041 ,       23006 ,  0.0000000E+00 ,  4.0251222E-02
       25042 ,       23006 ,  0.0000000E+00 ,  2.7147751E-02
       25043 ,       23002 ,  0.0000000E+00 ,  3.1602201E-03
       25044 ,       23002 ,  0.0000000E+00 ,  1.5102823E-02
       25045 ,       23002 ,  0.0000000E+00 ,  3.2960948E-02
       25046 ,       23002 ,  0.0000000E+00 ,  2.1681663E-02
       25050 ,       23002 ,  0.0000000E+00 ,  4.6681953E-03
       25051 ,       23002 ,  0.0000000E+00 ,  2.6675887E-02
       25052 ,       23002 ,  0.0000000E+00 ,  4.4268500E-03
       25055 ,       23009 ,  0.0000000E+00 ,  6.6472709E-02
       25202 ,       14067 ,  0.5759264     ,  0.1865268    
       25203 ,       14067 ,  0.1166816     ,  0.0000000E+00
       25206 ,       14058 ,  0.0000000E+00 ,  0.1651947    
       25211 ,       14038 ,  0.0000000E+00 ,  0.1949154    
       25212 ,       14038 ,  0.0000000E+00 ,  7.6146096E-02
       25216 ,       14006 ,  0.0000000E+00 ,  0.1963496    
       25217 ,       14003 ,  0.4466712     ,  0.3730127    
       25218 ,       14095 ,   1.000000     ,  0.5726463    
       25219 ,       14083 ,  0.1007541     ,  0.2932040    
       25220 ,       14083 ,  0.5597640     ,  0.2054635    
       25221 ,       14120 ,  0.0000000E+00 ,  4.3280856E-03
       25222 ,       14120 ,  3.2201726E-02 ,  3.6193768E-04
       25223 ,       14120 ,  0.2978340     ,  8.9552507E-02
       25224 ,       14098 ,  9.1368280E-02 ,  0.7585336    
       25225 ,       14101 ,  0.6227340     ,  0.3869094    
       25226 ,       14101 ,  1.7020643E-02 ,  5.7657894E-02
       25227 ,       14124 ,  0.2354539     ,  0.1704113    
       25228 ,       14124 ,  0.0000000E+00 ,  0.1862434    
       25229 ,       14093 ,  0.0000000E+00 ,  1.0871819E-02
       25230 ,       14093 ,  3.1913545E-02 ,  4.9478605E-02
       25231 ,       14093 ,  0.0000000E+00 ,  2.8989080E-02
       25232 ,       14093 ,  0.0000000E+00 ,  4.3308042E-02
       25233 ,       14093 ,  7.1331538E-02 ,  5.9592046E-02
       25234 ,       14125 ,  0.0000000E+00 ,  0.2421686    
       25235 ,       14008 ,  0.5786864     ,  0.1571579    
       25236 ,       14008 ,  0.1740417     ,  0.1120960    
       25237 ,       14048 ,  0.0000000E+00 ,  0.1562331    
       25238 ,       14048 ,  0.0000000E+00 ,  0.1631932    
       25239 ,       14048 ,  0.0000000E+00 ,  9.2289910E-02
       25240 ,       11008 ,  0.0000000E+00 ,  0.1809875    
       25241 ,       11008 ,  0.0000000E+00 ,  0.1318724    
       25242 ,       11012 ,  0.0000000E+00 ,  0.2384553    
       25243 ,       11012 ,  0.1631630     ,  0.4522793    
       25244 ,       11001 ,  0.0000000E+00 ,  0.1328066    
       25245 ,       11017 ,  1.3742929E-02 ,  9.0992488E-02
       25246 ,       11017 ,  8.9399464E-02 ,  5.6752976E-02
       25247 ,       11017 ,  0.7390175     ,  0.2038853    
       25248 ,       11027 ,  4.1349355E-02 ,  0.2491097    
       25249 ,       11027 ,  0.0000000E+00 ,  2.8907482E-02
       25250 ,       11035 ,  0.0000000E+00 ,  1.5073237E-02
       25251 ,       11035 ,  0.6431518     ,  0.1583141    
       25252 ,       11035 ,  0.1203611     ,  8.0905139E-02
       25253 ,       11009 ,  4.7317866E-02 ,  5.3838074E-02
       25254 ,       11009 ,  0.4797692     ,  0.1255130    
       25255 ,       11005 ,  0.0000000E+00 ,  7.7900246E-02
       25256 ,       22014 ,  1.2592730E-04 ,  5.3006895E-02
       25257 ,       22014 ,  0.2084066     ,  0.1094458    
       25258 ,       22014 ,  0.1667501     ,  8.8753521E-02
       25259 ,       22014 ,  2.9802991E-03 ,  0.1636753    
       25260 ,       22011 ,  0.1143643     ,  0.1083007    
       25261 ,       22005 ,  0.0000000E+00 ,  0.1130894    
       25262 ,       22017 ,  5.8479208E-02 ,  0.2012981    
       25263 ,       22017 ,  0.0000000E+00 ,  0.1215678    
       25264 ,       22007 ,  0.8458689     ,  0.3244732    
       25265 ,       22004 ,  0.3720817     ,  3.4052335E-02
       25266 ,       22004 ,  0.1198605     ,  3.4147911E-02
       25267 ,       22004 ,  0.0000000E+00 ,  2.9352369E-02
       25268 ,       13084 ,  0.0000000E+00 ,  0.1164085    
       25269 ,       13084 ,  0.0000000E+00 ,  8.8964894E-02
       25270 ,       13084 ,  0.0000000E+00 ,  0.1210267    
       25271 ,       13030 ,  0.0000000E+00 ,  0.2068980    
       25272 ,       13015 ,  0.0000000E+00 ,  5.4858435E-02
       25273 ,       13015 ,   1.000000     ,  0.2165199    
       25274 ,       13015 ,  0.0000000E+00 ,  4.9416807E-02
       25276 ,       13037 ,  0.0000000E+00 ,  0.1577034    
       25277 ,       13037 ,  0.3832127     ,  0.2889157    
       25278 ,       13081 ,   1.000000     ,  0.7306455    
       25280 ,       30072 ,  0.0000000E+00 ,  8.4544748E-02
       25281 ,       30170 ,  5.0735120E-03 ,  9.1714822E-02
       25283 ,       30180 ,   1.000000     ,  0.2027356    
       25285 ,       13027 ,  0.0000000E+00 ,  0.3797219    
       25286 ,       30083 ,  0.6813297     ,  0.1256184    
       25287 ,       21111 ,  0.0000000E+00 ,  0.2261648    
       25290 ,       30175 ,  0.0000000E+00 ,  4.4086408E-03
       25291 ,       30175 ,  5.5768073E-02 ,  9.0519443E-02
       25292 ,       30175 ,  2.8631648E-02 ,  0.3608010    
       25293 ,       30124 ,  0.0000000E+00 ,  2.4262745E-02
       25294 ,       30124 ,  0.0000000E+00 ,  5.6828532E-02
       25295 ,       30158 ,  0.0000000E+00 ,  0.1470553    
       25296 ,       30158 ,  0.0000000E+00 ,  1.1429000E-02
       25376 ,        4005 ,  0.1377587     ,  9.8792790E-03
       25377 ,        4005 ,  0.3088878     ,  0.2544885    
       25378 ,        4005 ,  0.0000000E+00 ,  0.1367297    
       25379 ,        4005 ,  0.0000000E+00 ,  2.6064275E-02
       25380 ,        4006 ,  0.0000000E+00 ,  1.6679846E-02
       25381 ,        4006 ,  0.0000000E+00 ,  2.0309545E-02
       25382 ,       31056 ,  0.0000000E+00 ,  0.1400465    
       25383 ,       31056 ,  0.0000000E+00 ,  6.9681101E-02
       25384 ,       31056 ,  0.0000000E+00 ,  8.9792356E-02
       25385 ,       31056 ,  0.0000000E+00 ,  3.0917641E-02
       25386 ,       31079 ,  0.0000000E+00 ,  2.5775055E-03
       25387 ,       31079 ,  0.0000000E+00 ,  5.3257398E-02
       25388 ,       31079 ,  0.0000000E+00 ,  7.4435040E-02
       25389 ,       31098 ,  0.2100573     ,  8.0259524E-02
       25390 ,       31058 ,  0.1632785     ,  0.1489556    
       25391 ,       31058 ,  0.8367215     ,  0.2198683    
       25392 ,       31058 ,  0.0000000E+00 ,  9.9892959E-02
       25393 ,       31058 ,  0.0000000E+00 ,  8.3249077E-02
       25394 ,       23006 ,  0.0000000E+00 ,  4.0189296E-02
       25395 ,       23006 ,  0.0000000E+00 ,  4.2608205E-02
       25397 ,       23002 ,  0.0000000E+00 ,  1.1445654E-02
       25398 ,       23002 ,  0.0000000E+00 ,  7.2590224E-03
       25399 ,       23002 ,  0.0000000E+00 ,  1.5060996E-02
       25400 ,       23002 ,  0.0000000E+00 ,  2.7154787E-03
       25403 ,       23002 ,  0.0000000E+00 ,  1.6351737E-02
       25404 ,       23002 ,  0.0000000E+00 ,  1.6431954E-02
       25405 ,       23002 ,  0.0000000E+00 ,  1.4738692E-02
       25407 ,       23009 ,  0.0000000E+00 ,  1.7132498E-02
       25408 ,       23009 ,  0.0000000E+00 ,  4.5402754E-02
       25553 ,       18020 ,  4.3785572E-02 ,  8.2406998E-02
       25554 ,       18020 ,  7.8177281E-02 ,  6.2903300E-02
       25555 ,       18020 ,  0.4116594     ,  0.3103491    
       25556 ,       14067 ,  3.6365438E-02 ,  0.1007861    
       25559 ,       14080 ,  0.1415965     ,  0.1723952    
       25560 ,       14080 ,  0.8584036     ,  1.9689698E-02
       25565 ,       18003 ,  0.0000000E+00 ,  6.7866758E-02
       25566 ,       14075 ,  0.0000000E+00 ,  0.4531449    
       25567 ,       14075 ,  0.0000000E+00 ,  0.1607431    
       25568 ,       14036 ,  0.6852592     ,  0.8368612    
       25569 ,       14036 ,  0.3004048     ,  0.7080498    
       25570 ,       14003 ,  0.4896369     ,  0.1897814    
       25573 ,       14083 ,  0.1746591     ,  0.7271898    
       25574 ,       14120 ,  4.8049129E-05 ,  0.2572429    
       25575 ,       14120 ,  1.8210500E-02 ,  0.1567534    
       25576 ,       14120 ,  0.2737757     ,  0.1906577    
       25577 ,       14120 ,  0.2069356     ,  8.0581345E-02
       25578 ,       14039 ,  7.7323476E-03 ,  5.9584290E-02
       25581 ,       14001 ,  0.0000000E+00 ,  5.8000557E-02
       25582 ,       14001 ,   1.000000     ,  0.4955024    
       25583 ,       14093 ,  1.9177388E-02 ,  0.4234493    
       25584 ,       14093 ,  2.4259901E-02 ,  1.9392984E-02
       25585 ,       14093 ,  0.0000000E+00 ,  6.9805920E-02
       25586 ,       14125 ,   1.000000     ,  0.2804001    
       25587 ,       14125 ,  0.0000000E+00 ,  0.4845473    
       25588 ,       14008 ,  6.8779968E-02 ,  6.8807952E-02
       25589 ,       14008 ,  7.5087517E-02 ,  7.4613348E-02
       25593 ,       11008 ,   1.000000     ,  0.2234209    
       25594 ,       11008 ,  0.0000000E+00 ,  6.8450369E-02
       25595 ,       11008 ,  0.0000000E+00 ,  7.9669274E-02
       25596 ,       11026 ,  0.0000000E+00 ,  0.2945188    
       25597 ,       11026 ,  0.0000000E+00 ,  8.5306190E-02
       25598 ,       11026 ,  0.0000000E+00 ,  0.1634058    
       25599 ,       11017 ,  5.6701661E-03 ,  9.6853420E-02
       25600 ,       11017 ,  8.4538952E-02 ,  0.1340378    
       25601 ,       11017 ,  3.4338830E-03 ,  5.5857703E-02
       25602 ,       11027 ,  0.0000000E+00 ,  1.4092566E-02
       25603 ,       11035 ,  0.0000000E+00 ,  5.4530554E-02
       25604 ,       11035 ,  0.0000000E+00 ,  7.5479947E-02
       25606 ,       11009 ,  6.9031686E-02 ,  0.2552808    
       25607 ,       11009 ,  0.4038813     ,  0.3113251    
       25608 ,       11003 ,  0.0000000E+00 ,  3.5130456E-02
       25609 ,       22014 ,  0.0000000E+00 ,  9.3581207E-04
       25610 ,       22014 ,  7.0984669E-02 ,  0.1643834    
       25611 ,       22014 ,  8.4605580E-03 ,  0.1606210    
       25612 ,       22011 ,  0.1431286     ,  9.0399995E-02
       25613 ,       22011 ,  6.2845923E-02 ,  3.1123430E-02
       25614 ,       22005 ,  0.0000000E+00 ,  5.8735635E-02
       25615 ,       22005 ,  0.4919020     ,  9.7673371E-02
       25616 ,       22007 ,  0.1541310     ,  0.3297896    
       25617 ,       22004 ,  8.4314898E-02 ,  7.8054860E-02
       25618 ,       22004 ,  0.1467469     ,  5.5555161E-02
       25619 ,       22004 ,  8.6584114E-02 ,  0.1157575    
       25620 ,       22004 ,  0.0000000E+00 ,  4.3598067E-02
       25622 ,       13084 ,  0.1803551     ,  0.0000000E+00
       25623 ,       13084 ,  0.8196449     ,  0.2600797    
       25624 ,       13084 ,  0.0000000E+00 ,  6.5601401E-02
       25625 ,       13043 ,  0.1040616     ,  0.2833373    
       25626 ,       13015 ,  0.0000000E+00 ,  0.1126815    
       25627 ,       13015 ,  0.0000000E+00 ,  0.1566340    
       25628 ,       13020 ,  0.0000000E+00 ,  0.1473868    
       25629 ,       13020 ,   1.000000     ,  0.7690908    
       25630 ,       13020 ,  0.0000000E+00 ,  0.5862024    
       25631 ,       13068 ,   1.000000     ,  0.3473362    
       25632 ,       13068 ,  0.0000000E+00 ,  0.1124572    
       25634 ,       30202 ,  0.0000000E+00 ,  0.5860962    
       25636 ,       30180 ,  0.0000000E+00 ,  0.2124515    
       25637 ,       30180 ,  0.0000000E+00 ,  0.4096689    
       25638 ,       30083 ,  0.3186704     ,  0.2190404    
       25639 ,       30083 ,  0.0000000E+00 ,  0.2031208    
       25640 ,       21064 ,  0.7792442     ,  0.3522412    
       25641 ,       21064 ,  0.0000000E+00 ,  0.1547390    
       25642 ,       30157 ,  0.0000000E+00 ,  0.1805825    
       25643 ,       30175 ,  0.0000000E+00 ,  0.1431897    
       25644 ,       30175 ,  0.3728619     ,  0.2617497    
       25646 ,       30033 ,  0.8808530     ,  0.3248680    
       25647 ,       30124 ,  3.6910463E-02 ,  0.3883098    
       25648 ,       30033 ,  0.0000000E+00 ,  0.1276646    
       25729 ,        4001 ,  0.0000000E+00 ,  0.1321335    
       25730 ,        4001 ,  0.2279301     ,  0.1206263    
       25733 ,       31066 ,  0.0000000E+00 ,  7.4616484E-02
       25735 ,       31066 ,  0.0000000E+00 ,  0.2234136    
       25736 ,       31056 ,  0.0000000E+00 ,  0.1710687    
       25737 ,       31056 ,  0.0000000E+00 ,  0.2285796    
       25738 ,       31003 ,  0.2321785     ,  0.6447706    
       25739 ,       31079 ,  0.9406199     ,  0.1159452    
       25740 ,       31079 ,  5.9380051E-02 ,  6.3245654E-02
       25741 ,       31094 ,   1.000000     ,  0.6284704    
       25742 ,       31016 ,  0.9618170     ,  0.6688763    
       25743 ,       31073 ,   1.000000     ,  0.2746730    
       25744 ,       31073 ,  0.0000000E+00 ,  0.3253949    
       25746 ,       31058 ,  0.0000000E+00 ,  2.0638531E-02
       25747 ,       31022 ,  0.0000000E+00 ,  0.2827428    
       25748 ,       31022 ,  0.0000000E+00 ,  7.4196666E-02
       25749 ,       23002 ,  0.0000000E+00 ,  1.9656215E-02
       25750 ,       23002 ,  0.0000000E+00 ,  1.7685175E-02
       25752 ,       23002 ,  0.0000000E+00 ,  8.2157651E-04
       25753 ,       23002 ,  0.0000000E+00 ,  2.5533743E-02
       25754 ,       23002 ,  0.0000000E+00 ,  3.1087617E-03
       25755 ,       23002 ,  0.0000000E+00 ,  1.9668693E-02
       25756 ,       23002 ,  0.0000000E+00 ,  5.3461519E-04
       25758 ,       23002 ,  0.0000000E+00 ,  5.8602393E-03
       25759 ,       23002 ,  0.0000000E+00 ,  1.1512439E-02
       25760 ,       23009 ,  0.0000000E+00 ,  2.7525861E-02
       25905 ,       18020 ,  0.0000000E+00 ,  7.9588495E-02
       25906 ,       18020 ,  6.2378324E-03 ,  6.4572677E-02
       25907 ,       18020 ,  0.1263303     ,  9.8380744E-02
       25908 ,       18020 ,  0.2393505     ,  0.1791067    
       25909 ,       18020 ,  9.4459169E-02 ,  0.2058304    
       25910 ,       14067 ,  2.9894527E-02 ,  0.1376349    
       25911 ,       14080 ,  0.0000000E+00 ,  0.1647198    
       25912 ,       14080 ,  0.0000000E+00 ,  0.2549373    
       25913 ,       14080 ,  0.0000000E+00 ,  0.1003998    
       25916 ,       14038 ,  0.0000000E+00 ,  0.2671711    
       25917 ,       18003 ,  0.0000000E+00 ,  5.6907691E-02
       25918 ,       18003 ,   1.000000     ,  0.1580898    
       25920 ,       14075 ,   1.000000     ,  0.5856515    
       25922 ,       14036 ,  2.8697110E-03 ,  0.4114385    
       25923 ,       14055 ,  0.0000000E+00 ,  4.8421495E-02
       25924 ,       14094 ,  0.0000000E+00 ,  0.4032601    
       25925 ,       14005 ,  0.7041926     ,  0.8318812    
       25926 ,       14009 ,  6.4565815E-02 ,  0.5651488    
       25928 ,       14120 ,  5.3694692E-02 ,  3.6509227E-02
       25929 ,       14120 ,  1.9418340E-02 ,  5.8908097E-02
       25930 ,       14120 ,  9.4502773E-03 ,  0.1534075    
       25931 ,       14045 ,  0.9674237     ,  0.2486137    
       25932 ,       14045 ,  0.0000000E+00 ,  8.1450574E-02
       25936 ,       14093 ,  0.2433137     ,  0.1230640    
       25937 ,       14093 ,  0.4032229     ,  0.1095333    
       25938 ,       14093 ,  6.2410543E-03 ,  6.9432296E-02
       25939 ,       14093 ,  0.1422377     ,  8.6333930E-02
       25940 ,       14093 ,  0.0000000E+00 ,  5.3551506E-02
       25941 ,       14008 ,  1.2340487E-02 ,  0.1570438    
       25942 ,       14008 ,  0.0000000E+00 ,  2.7034977E-03
       25943 ,       14008 ,  0.0000000E+00 ,  5.8587007E-02
       25944 ,       14008 ,  0.0000000E+00 ,  5.7376243E-02
       25945 ,       11025 ,  0.0000000E+00 ,  0.2394396    
       25946 ,       11008 ,  0.0000000E+00 ,  7.8962445E-02
       25947 ,       11008 ,  0.0000000E+00 ,  0.1206773    
       25948 ,       11031 ,  0.0000000E+00 ,  1.4790754E-03
       25949 ,       11026 ,  0.0000000E+00 ,  0.2038352    
       25950 ,       11026 ,  0.0000000E+00 ,  0.1508121    
       25951 ,       11037 ,  2.1104522E-03 ,  0.2494565    
       25952 ,       11037 ,  0.0000000E+00 ,  8.7008491E-02
       25953 ,       11017 ,  3.2845806E-02 ,  0.1384002    
       25954 ,       11017 ,  0.0000000E+00 ,  2.0654371E-02
       25956 ,       11003 ,  0.0000000E+00 ,  5.0447737E-03
       25957 ,       11035 ,  0.0000000E+00 ,  9.4173692E-02
       25958 ,       11003 ,  0.0000000E+00 ,  3.0694758E-03
       25959 ,       11003 ,  0.0000000E+00 ,  0.1341481    
       25961 ,       11003 ,  0.0000000E+00 ,  3.0986294E-02
       25962 ,       11003 ,  0.0000000E+00 ,  1.7729631E-02
       25963 ,       22014 ,  1.4545465E-02 ,  0.2040779    
       25964 ,       22014 ,  5.5227671E-03 ,  7.3678941E-02
       25966 ,       22005 ,  0.0000000E+00 ,  7.6599985E-02
       25967 ,       22005 ,  0.0000000E+00 ,  4.2696863E-02
       25968 ,       22005 ,  0.2936477     ,  0.1040871    
       25969 ,       22018 ,  0.0000000E+00 ,  8.3542531E-03
       25970 ,       22018 ,  0.4000588     ,  0.2085744    
       25972 ,       22004 ,  0.0000000E+00 ,  5.6154858E-02
       25974 ,       22004 ,  0.0000000E+00 ,  7.9368763E-02
       25976 ,       13084 ,  0.0000000E+00 ,  0.1150199    
       25977 ,       13084 ,  0.0000000E+00 ,  0.1497506    
       25978 ,       13043 ,  0.8959384     ,  0.6492214    
       25979 ,       13071 ,  0.0000000E+00 ,  9.4132960E-02
       25980 ,       13071 ,  0.0000000E+00 ,  5.5950865E-02
       25981 ,       13033 ,  0.0000000E+00 ,  3.5838041E-02
       25982 ,       13033 ,   1.000000     ,  0.8636652    
       25983 ,       13079 ,  5.5807400E-02 ,  0.5572467    
       25984 ,       13079 ,  0.9441926     ,  0.2046049    
       25985 ,       13068 ,  0.0000000E+00 ,  0.2675817    
       25986 ,       30076 ,   1.000000     ,  0.4598722    
       25987 ,       30202 ,  4.1923203E-02 ,  0.9784006    
       25988 ,       30202 ,  0.9580768     ,  0.3839648    
       25989 ,       30027 ,  0.0000000E+00 ,  0.4659616    
       25990 ,       30027 ,  0.0000000E+00 ,  0.1346372    
       25991 ,       30083 ,  0.0000000E+00 ,  0.1090192    
       25992 ,       30083 ,  0.0000000E+00 ,  5.9852891E-02
       25993 ,       21064 ,  0.2207558     ,  0.2150683    
       25994 ,       21064 ,  0.0000000E+00 ,  0.2044951    
       25995 ,       30157 ,  2.7905624E-02 ,  0.3032601    
       25996 ,       30157 ,  0.9720944     ,  0.2520086    
       25997 ,       30175 ,  1.4103350E-02 ,  0.2640070    
       25999 ,       30189 ,  0.0000000E+00 ,  4.6981439E-02
       26000 ,       30033 ,  0.0000000E+00 ,  9.0372920E-02
       26001 ,       30033 ,  0.0000000E+00 ,  1.4228533E-02
       26081 ,        4001 ,  0.0000000E+00 ,  0.1159856    
       26082 ,        4001 ,  0.1226233     ,  0.1156641    
       26083 ,        4001 ,  0.4525238     ,  0.1795028    
       26084 ,        4001 ,  7.7734748E-03 ,  0.0000000E+00
       26086 ,       31066 ,  0.0000000E+00 ,  4.2068426E-02
       26087 ,       31066 ,  0.0000000E+00 ,  0.1898685    
       26088 ,       31066 ,   1.000000     ,  0.3320886    
       26089 ,       31089 ,  0.0000000E+00 ,  6.5458409E-02
       26090 ,       31056 ,  3.6014702E-02 ,  0.3250735    
       26091 ,       31056 ,  0.9639853     ,  0.1732912    
       26092 ,       31003 ,  0.1445694     ,  2.3089405E-02
       26095 ,       31094 ,  0.0000000E+00 ,  1.4100010E-02
       26096 ,       31073 ,  0.0000000E+00 ,  0.3387080    
       26097 ,       31073 ,  0.0000000E+00 ,  0.1075763    
       26098 ,       31073 ,  0.0000000E+00 ,  0.3747159    
       26099 ,       31104 ,  0.0000000E+00 ,  3.6574677E-02
       26101 ,       31022 ,  0.0000000E+00 ,  0.2268018    
       26103 ,       23002 ,  0.1764881     ,  1.4520600E-02
       26104 ,       23002 ,  7.1019985E-02 ,  2.0548381E-02
       26105 ,       23002 ,  0.0000000E+00 ,  1.6414857E-02
       26106 ,       23002 ,  0.0000000E+00 ,  3.2144645E-03
       26107 ,       23002 ,  0.0000000E+00 ,  1.1137821E-02
       26112 ,       23002 ,  0.0000000E+00 ,  1.6674655E-02
       26113 ,       23009 ,  9.6746683E-03 ,  2.9299306E-02
       26114 ,       23009 ,  7.2170338E-03 ,  3.2186196E-03
       26259 ,       18020 ,  0.0000000E+00 ,  0.1498902    
       26260 ,       18020 ,  0.0000000E+00 ,  7.4563362E-03
       26262 ,       18020 ,  0.0000000E+00 ,  6.4871028E-02
       26263 ,       18020 ,  0.0000000E+00 ,  1.6879303E-02
       26267 ,       14080 ,  0.0000000E+00 ,  0.1616320    
       26268 ,       14080 ,  0.0000000E+00 ,  0.1460615    
       26269 ,       18003 ,  0.0000000E+00 ,  0.3006140    
       26270 ,       18003 ,  0.0000000E+00 ,  0.2394193    
       26275 ,       14055 ,  9.5380582E-02 ,  0.2752143    
       26276 ,       14055 ,  0.9046195     ,  0.4789321    
       26277 ,       14094 ,  0.7251387     ,  0.2753896    
       26278 ,       14094 ,  5.3642392E-02 ,  0.2051990    
       26279 ,       14005 ,  0.0000000E+00 ,  0.1607097    
       26282 ,       14120 ,  0.0000000E+00 ,  6.4998180E-02
       26284 ,       14045 ,  3.2576274E-02 ,  0.2390510    
       26285 ,       14045 ,  0.0000000E+00 ,  0.1058718    
       26286 ,       14029 ,  0.1946215     ,  0.1511876    
       26287 ,       14029 ,  0.8053785     ,  0.1458496    
       26289 ,       14093 ,  0.0000000E+00 ,  5.3805884E-02
       26290 ,       14093 ,  0.0000000E+00 ,  0.1002307    
       26291 ,       14093 ,  3.4301143E-02 ,  0.1261767    
       26292 ,       14093 ,  0.0000000E+00 ,  4.4949315E-02
       26293 ,       14008 ,  0.0000000E+00 ,  0.1478758    
       26294 ,       14078 ,  2.6560272E-03 ,  0.1879462    
       26295 ,       14008 ,  0.0000000E+00 ,  3.9485533E-02
       26296 ,       14078 ,  0.0000000E+00 ,  5.6985509E-02
       26297 ,       14072 ,  0.0000000E+00 ,  2.4464014E-03
       26298 ,       14072 ,  0.0000000E+00 ,  4.8797503E-03
       26299 ,       11025 ,  0.0000000E+00 ,  0.4007094    
       26300 ,       11031 ,  0.0000000E+00 ,  0.2868321    
       26301 ,       11031 ,  0.0000000E+00 ,  3.7560340E-03
       26302 ,       11020 ,  0.0000000E+00 ,  2.9465076E-02
       26303 ,       11020 ,  3.1101333E-03 ,  2.9053534E-03
       26304 ,       11037 ,  9.8912522E-02 ,  0.1460088    
       26305 ,       11037 ,  0.6168427     ,  0.3079486    
       26306 ,       11037 ,  3.6755215E-02 ,  0.2057588    
       26307 ,       11015 ,  5.7689965E-02 ,  6.3323259E-02
       26308 ,       11015 ,  2.0182995E-02 ,  7.7284001E-02
       26309 ,       11014 ,  0.0000000E+00 ,  2.5085155E-02
       26310 ,       11014 ,  0.0000000E+00 ,  0.1151429    
       26311 ,       11003 ,  0.0000000E+00 ,  9.2243537E-02
       26312 ,       11003 ,  1.0255944E-02 ,  2.1855956E-02
       26313 ,       11003 ,  0.9445476     ,  0.1270050    
       26314 ,       11003 ,  0.0000000E+00 ,  8.1613198E-02
       26315 ,       11003 ,  0.0000000E+00 ,  4.8712354E-02
       26317 ,       22014 ,  2.8560425E-03 ,  0.2138246    
       26319 ,       22005 ,  0.0000000E+00 ,  8.1088401E-02
       26321 ,       22005 ,  0.0000000E+00 ,  6.3246347E-02
       26322 ,       22018 ,  0.3967705     ,  0.2812133    
       26323 ,       22018 ,  0.2031706     ,  0.1913506    
       26324 ,       22004 ,  0.0000000E+00 ,  5.9458826E-02
       26325 ,       22004 ,  0.0000000E+00 ,  0.1468578    
       26326 ,       22015 ,   1.000000     ,  0.1420439    
       26327 ,       22004 ,  0.0000000E+00 ,  0.1128586    
       26328 ,       22004 ,  0.0000000E+00 ,  3.8471516E-02
       26329 ,       13084 ,  0.0000000E+00 ,  0.1294687    
       26330 ,       13084 ,  0.0000000E+00 ,  0.1139778    
       26331 ,       13084 ,  0.0000000E+00 ,  1.8264387E-02
       26333 ,       13071 ,  0.5096444     ,  0.1877221    
       26334 ,       13071 ,  0.3929943     ,  0.6104904    
       26335 ,       13033 ,  0.0000000E+00 ,  1.7533084E-02
       26336 ,       13034 ,  0.8118510     ,  0.5836055    
       26337 ,       13014 ,  2.9487554E-03 ,  0.7949046    
       26338 ,       13014 ,  0.7604910     ,  0.2697768    
       26339 ,       13014 ,  0.2365603     ,  0.7478369    
       26340 ,       13080 ,  0.5502326     ,  0.2605949    
       26341 ,       13078 ,  0.9612508     ,  0.7957767    
       26342 ,       30058 ,  1.4666215E-02 ,  0.1150615    
       26343 ,       30058 ,  0.0000000E+00 ,  2.6911154E-02
       26344 ,       30058 ,  0.0000000E+00 ,  5.7179637E-02
       26345 ,       30083 ,  0.0000000E+00 ,  9.4660990E-02
       26346 ,       30160 ,  0.0000000E+00 ,  3.5715934E-02
       26347 ,       30160 ,  0.0000000E+00 ,  6.3882381E-02
       26348 ,       30160 ,  0.1272029     ,  6.0363676E-02
       26349 ,       30175 ,  0.0000000E+00 ,  0.1272973    
       26350 ,       30189 ,  0.0000000E+00 ,  3.0276312E-02
       26351 ,       30189 ,  0.0000000E+00 ,  0.1281957    
       26352 ,       30189 ,  0.0000000E+00 ,  7.7963673E-02
       26434 ,        4001 ,  0.0000000E+00 ,  7.9057164E-02
       26435 ,        4001 ,  0.0000000E+00 ,  5.1628046E-02
       26436 ,       31033 ,  0.6790374     ,  0.1807728    
       26437 ,        4001 ,  9.5208012E-02 ,  1.1040001E-02
       26439 ,       31053 ,  0.0000000E+00 ,  8.8142239E-02
       26440 ,       31053 ,  0.0000000E+00 ,  0.2942530    
       26441 ,       31062 ,  0.0000000E+00 ,  0.2596933    
       26442 ,       31089 ,   1.000000     ,  0.4809083    
       26443 ,       31025 ,   1.000000     ,  0.2396387    
       26444 ,       31047 ,  0.9755697     ,  0.8056878    
       26445 ,       31075 ,   1.000000     ,   1.250118    
       26446 ,       31075 ,  0.0000000E+00 ,  4.0402071E-04
       26448 ,       31010 ,  0.0000000E+00 ,  0.2246879    
       26449 ,       31010 ,  0.0000000E+00 ,  0.1671607    
       26452 ,       31104 ,  0.0000000E+00 ,  0.1364091    
       26453 ,       31017 ,  0.0000000E+00 ,  0.7257893    
       26454 ,       31022 ,   1.000000     ,  0.3786810    
       26455 ,       31092 ,  0.0000000E+00 ,  6.3384622E-03
       26457 ,       23002 ,  0.0000000E+00 ,  1.4186219E-02
       26466 ,       23009 ,  0.9382765     ,  0.1077868    
       26467 ,       23009 ,  4.4831768E-02 ,  7.2141327E-02
       26613 ,       18004 ,  0.0000000E+00 ,  9.5158204E-02
       26614 ,       18004 ,  0.0000000E+00 ,  2.1345370E-02
       26621 ,       18003 ,  0.0000000E+00 ,  4.3309446E-02
       26622 ,       18003 ,  0.0000000E+00 ,  4.4587567E-02
       26623 ,       18003 ,  0.0000000E+00 ,  0.1505229    
       26626 ,       14040 ,  0.0000000E+00 ,  0.2111919    
       26627 ,       14040 ,  0.0000000E+00 ,  0.3695361    
       26628 ,       14055 ,  0.0000000E+00 ,  0.3343669    
       26631 ,       14094 ,  0.0000000E+00 ,  5.3897657E-02
       26632 ,       14094 ,  0.2212189     ,  3.9990194E-02
       26635 ,       14071 ,  0.0000000E+00 ,  0.4182305    
       26637 ,       14045 ,  0.0000000E+00 ,  8.2349135E-03
       26638 ,       14045 ,  0.0000000E+00 ,  0.1635898    
       26640 ,       14029 ,  0.0000000E+00 ,  0.3801421    
       26641 ,       14029 ,  0.0000000E+00 ,  1.6601654E-03
       26642 ,       14111 ,  0.0000000E+00 ,  0.1667774    
       26643 ,       14111 ,  0.0000000E+00 ,  4.1700672E-02
       26644 ,       14111 ,   1.000000     ,  0.3264485    
       26645 ,       14111 ,  0.0000000E+00 ,  0.2369312    
       26646 ,       14078 ,  0.0000000E+00 ,  9.0630420E-02
       26647 ,       14078 ,  0.8560702     ,  0.1087411    
       26648 ,       14078 ,  0.0000000E+00 ,  0.1744365    
       26649 ,       14074 ,  0.9897134     ,  0.7825223    
       26650 ,       14074 ,  1.0286670E-02 ,  0.3844797    
       26651 ,       14072 ,  0.6510196     ,  0.3464918    
       26652 ,       14072 ,  0.3489804     ,  0.4284485    
       26653 ,       11031 ,  0.9603012     ,  0.5780916    
       26654 ,       11025 ,  0.0000000E+00 ,  0.1276325    
       26655 ,       11020 ,  0.0000000E+00 ,  6.3027240E-02
       26656 ,       11020 ,  5.2168556E-03 ,  5.0461799E-02
       26657 ,       11037 ,  5.0691258E-02 ,  0.1888421    
       26658 ,       11037 ,  0.1551642     ,  0.1282969    
       26659 ,       11015 ,  7.6777332E-02 ,  0.2568098    
       26660 ,       11015 ,  0.7787576     ,  0.1787517    
       26663 ,       11014 ,  0.0000000E+00 ,  7.3404796E-02
       26664 ,       11014 ,  0.0000000E+00 ,  1.7728191E-02
       26665 ,       11003 ,  0.0000000E+00 ,  3.9898645E-02
       26666 ,       11003 ,  0.0000000E+00 ,  2.1507028E-02
       26667 ,       11003 ,  0.0000000E+00 ,  6.1879039E-02
       26668 ,       11032 ,  0.0000000E+00 ,  7.5262398E-03
       26669 ,       11032 ,  0.0000000E+00 ,  0.1487501    
       26670 ,       11032 ,  0.8000934     ,  0.1885844    
       26671 ,       11032 ,  1.6415515E-03 ,  7.9264836E-03
       26675 ,       22018 ,  0.0000000E+00 ,  0.1558816    
       26677 ,       22004 ,  0.0000000E+00 ,  8.3498746E-02
       26682 ,       13047 ,  0.0000000E+00 ,  0.2187311    
       26683 ,       13031 ,  0.0000000E+00 ,  0.1750514    
       26684 ,       13031 ,  0.8218028     ,  0.2165403    
       26685 ,       13040 ,  0.0000000E+00 ,  0.1464310    
       26686 ,       13071 ,  9.7361319E-02 ,  0.1738273    
       26687 ,       13071 ,  0.0000000E+00 ,  0.1405173    
       26688 ,       13062 ,  0.0000000E+00 ,  0.2885695    
       26689 ,       13062 ,  0.0000000E+00 ,  0.2812916    
       26690 ,       13073 ,  0.9911076     ,  0.2226499    
       26691 ,       13026 ,  0.0000000E+00 ,   1.107066    
       26692 ,       13026 ,   1.000000     ,  0.1967991    
       26693 ,       13080 ,  0.4497674     ,  0.6217304    
       26694 ,       13025 ,  0.0000000E+00 ,  0.3589498    
       26695 ,       30058 ,  0.9169782     ,  0.1144816    
       26696 ,       30058 ,  6.8355583E-02 ,  0.1553530    
       26697 ,       30058 ,  0.0000000E+00 ,  7.9784520E-02
       26698 ,       30058 ,  0.0000000E+00 ,  2.8455917E-02
       26699 ,       30160 ,  0.0000000E+00 ,  8.4890418E-02
       26700 ,       30160 ,  0.0000000E+00 ,  7.3631987E-02
       26701 ,       30160 ,  0.6650121     ,  0.1587170    
       26702 ,       30160 ,  0.0000000E+00 ,  9.7153731E-02
       26703 ,       30160 ,  0.0000000E+00 ,  8.0962755E-02
       26704 ,       30189 ,  0.6724266     ,  0.2190285    
       26705 ,       30189 ,  0.2290057     ,  0.1499469    
       26706 ,       30189 ,  0.0000000E+00 ,  1.0564725E-02
       26785 ,        4001 ,  0.0000000E+00 ,  4.8623517E-02
       26786 ,        4001 ,  0.0000000E+00 ,  3.8782600E-02
       26787 ,       31033 ,  0.0000000E+00 ,  0.1253293    
       26788 ,       31033 ,  0.1219256     ,  0.2483765    
       26789 ,       31033 ,  0.1990369     ,  0.2534759    
       26790 ,       31048 ,  0.0000000E+00 ,  9.9748455E-02
       26791 ,       31055 ,  0.7405795     ,  0.1170917    
       26792 ,       31055 ,  0.0000000E+00 ,  0.3447867    
       26793 ,       31053 ,   1.000000     ,  0.3352402    
       26794 ,       31062 ,  0.5982864     ,  0.2932146    
       26795 ,       31062 ,  0.4017136     ,  0.2726958    
       26796 ,       31018 ,  0.9733235     ,  0.4039871    
       26797 ,       31046 ,  0.9980576     ,  0.9287030    
       26798 ,       31024 ,  0.8923606     ,  0.8305196    
       26799 ,       31049 ,   1.000000     ,  0.2657565    
       26800 ,       31010 ,   1.000000     ,  0.3102173    
       26801 ,       31010 ,  0.0000000E+00 ,  7.6971687E-02
       26802 ,       31010 ,  0.0000000E+00 ,  8.4317259E-02
       26803 ,       31104 ,  0.0000000E+00 ,  3.9956726E-02
       26804 ,       31104 ,  0.0000000E+00 ,  9.9772394E-02
       26805 ,       31104 ,  0.0000000E+00 ,  3.5248820E-02
       26806 ,       31017 ,  0.0000000E+00 ,  2.0568041E-02
       26807 ,       31081 ,  0.0000000E+00 ,  0.2975722    
       26808 ,       31081 ,  0.0000000E+00 ,  1.3278922E-02
       26810 ,       31092 ,  0.0000000E+00 ,  0.3269411    
       26818 ,       23009 ,  0.0000000E+00 ,  5.1899895E-02
       26819 ,       23009 ,  0.0000000E+00 ,  3.8442757E-02
       26820 ,       23001 ,  0.0000000E+00 ,  0.1444765    
       26825 ,       23001 ,  0.0000000E+00 ,  1.9272558E-02
       26967 ,       18004 ,  0.1931604     ,  8.2265727E-02
       26968 ,       18004 ,  0.0000000E+00 ,  2.4316516E-02
       26972 ,       18013 ,  0.0000000E+00 ,  5.0375719E-02
       26973 ,       18013 ,  0.0000000E+00 ,  0.1744032    
       26975 ,       18002 ,  0.0000000E+00 ,  0.2428726    
       26976 ,       18007 ,  0.1212815     ,  0.6749338    
       26977 ,       18007 ,  4.8858151E-02 ,  0.5005878    
       26978 ,       18006 ,  0.0000000E+00 ,  0.4424094    
       26979 ,       14040 ,  0.0000000E+00 ,  0.3068804    
       26980 ,       14040 ,  0.0000000E+00 ,  5.8672260E-03
       26981 ,       14040 ,   1.000000     ,  4.2745870E-02
       26988 ,       14071 ,   1.000000     ,  0.4332796    
       26991 ,       32033 ,  0.0000000E+00 ,  0.2229719    
       26993 ,       14029 ,  0.0000000E+00 ,  0.1522651    
       26994 ,       14118 ,  0.0000000E+00 ,  0.2509105    
       26995 ,       14111 ,  0.0000000E+00 ,  8.7379187E-02
       26996 ,       14111 ,  0.0000000E+00 ,  9.0666264E-02
       26997 ,       14111 ,  0.0000000E+00 ,  9.0323314E-02
       26998 ,       14111 ,  0.0000000E+00 ,  0.3107939    
       26999 ,       14046 ,  0.0000000E+00 ,  0.2512909    
       27000 ,       14078 ,  0.1412737     ,  6.5942667E-02
       27001 ,       14073 ,  0.0000000E+00 ,  7.4160226E-02
       27002 ,       14074 ,  0.0000000E+00 ,  0.1037380    
       27003 ,       14109 ,  0.0000000E+00 ,  2.5669726E-02
       27004 ,       14109 ,  6.5147616E-02 ,  9.2042230E-02
       27006 ,       11031 ,  3.9698750E-02 ,  0.1660071    
       27007 ,       11020 ,  2.3454558E-02 ,  0.1972245    
       27008 ,       11020 ,  0.2152786     ,  0.2215282    
       27009 ,       11020 ,  0.2040021     ,  0.1581236    
       27010 ,       11037 ,  3.0793110E-02 ,  0.1073258    
       27011 ,       11037 ,  8.7304488E-03 ,  8.7013982E-02
       27012 ,       11015 ,  0.0000000E+00 ,  3.2801237E-02
       27013 ,       11015 ,  3.4957696E-02 ,  0.1645375    
       27014 ,       11014 ,  0.0000000E+00 ,  0.1168053    
       27016 ,       11014 ,  0.0000000E+00 ,  6.4000330E-04
       27017 ,       11014 ,  0.0000000E+00 ,  0.1253013    
       27018 ,       11014 ,  0.0000000E+00 ,  9.2748389E-02
       27019 ,       11014 ,  0.0000000E+00 ,  3.5521828E-02
       27020 ,       11003 ,  4.5196485E-02 ,  7.0812456E-02
       27021 ,       11033 ,  0.0000000E+00 ,  8.7349437E-02
       27022 ,       11032 ,  0.0000000E+00 ,  0.3118535    
       27023 ,       11032 ,  0.0000000E+00 ,  0.1221851    
       27024 ,       11032 ,  0.1982652     ,  0.1740951    
       27025 ,       11040 ,  8.9246139E-02 ,  0.4031097    
       27026 ,       11040 ,  0.9011059     ,  8.3101794E-02
       27028 ,       22013 ,  0.0000000E+00 ,  0.2246064    
       27029 ,       22013 ,  0.2405787     ,  0.1038830    
       27030 ,       22013 ,  0.7594213     ,  0.1675068    
       27031 ,       22013 ,  0.0000000E+00 ,  5.2060768E-02
       27032 ,       22002 ,  0.0000000E+00 ,  9.9958934E-02
       27035 ,       13047 ,  0.4642422     ,  9.8038316E-02
       27036 ,       13047 ,  0.5357578     ,  0.4716193    
       27037 ,       13031 ,  0.1781971     ,  0.3477386    
       27038 ,       13040 ,  0.0000000E+00 ,  0.5992538    
       27039 ,       13040 ,  0.0000000E+00 ,  0.3410219    
       27040 ,       13062 ,  0.0000000E+00 ,  0.2533452    
       27041 ,       13062 ,   1.000000     ,  0.2333360    
       27042 ,       13073 ,  0.0000000E+00 ,  1.1127295E-02
       27043 ,       13073 ,  0.0000000E+00 ,  0.2588193    
       27044 ,       13028 ,  3.4425042E-03 ,  0.2984167    
       27045 ,       13028 ,  5.3642865E-02 ,  0.2326991    
       27046 ,       13011 ,   1.000000     ,  0.2800102    
       27047 ,       13025 ,   1.000000     ,  0.4201935    
       27048 ,       13025 ,  0.0000000E+00 ,  0.2738778    
       27049 ,       30058 ,  0.0000000E+00 ,  0.1241219    
       27050 ,       30058 ,  0.0000000E+00 ,  3.2524288E-02
       27051 ,       30058 ,  0.0000000E+00 ,  4.4275954E-02
       27053 ,       30160 ,  0.0000000E+00 ,  7.6904058E-02
       27054 ,       30160 ,  0.0000000E+00 ,  8.1151098E-02
       27055 ,       30189 ,  0.0000000E+00 ,  8.7915882E-02
       27056 ,       30189 ,  0.0000000E+00 ,  3.3355743E-02
       27057 ,       30189 ,  8.5014731E-02 ,  8.9704856E-02
       27058 ,       30189 ,  1.3552932E-02 ,  6.0300767E-02
       27138 ,        4001 ,  0.0000000E+00 ,  4.2267144E-02
       27140 ,       31048 ,  0.0000000E+00 ,  0.2116844    
       27141 ,       31048 ,  0.0000000E+00 ,  0.1810157    
       27142 ,       31048 ,  7.1339138E-02 ,  0.2229258    
       27143 ,       31048 ,  0.9286609     ,   1.144820    
       27144 ,       31055 ,  0.2594205     ,  0.5852882    
       27145 ,       31053 ,  0.0000000E+00 ,  5.3899225E-02
       27146 ,       31053 ,  0.0000000E+00 ,  0.2156377    
       27147 ,       31001 ,  0.0000000E+00 ,  0.2805700    
       27148 ,       31018 ,  0.0000000E+00 ,  0.1217923    
       27149 ,       31076 ,  0.0000000E+00 ,  0.1307744    
       27150 ,       31080 ,  0.9694099     ,  0.4231131    
       27151 ,       31080 ,  3.0589983E-02 ,  2.8550336E-02
       27153 ,       31010 ,  0.0000000E+00 ,  2.9374734E-02
       27154 ,       31010 ,  0.0000000E+00 ,  0.1041584    
       27156 ,       31104 ,  0.6473522     ,  8.9961179E-02
       27158 ,       31104 ,  0.0000000E+00 ,  3.9913850E-03
       27160 ,       31081 ,  0.0000000E+00 ,  0.1874112    
       27161 ,       31081 ,  0.0000000E+00 ,  0.2039733    
       27163 ,       31092 ,  0.0000000E+00 ,  0.3269147    
       27165 ,       31102 ,  0.0000000E+00 ,  3.6465049E-02
       27166 ,       23002 ,  0.0000000E+00 ,  1.7165311E-02
       27167 ,       23009 ,  0.0000000E+00 ,  6.0266137E-02
       27168 ,       23009 ,  0.0000000E+00 ,  2.0829111E-02
       27170 ,       23009 ,  0.0000000E+00 ,  6.1745934E-02
       27171 ,       23009 ,  0.0000000E+00 ,  1.8444778E-02
       27173 ,       23009 ,  0.0000000E+00 ,  2.1353392E-02
       27174 ,       23009 ,  0.0000000E+00 ,  3.9859433E-02
       27177 ,       23001 ,  0.0000000E+00 ,  0.1173688    
       27178 ,       23001 ,  0.0000000E+00 ,  0.1649058    
       27179 ,       23001 ,  0.0000000E+00 ,  4.8603304E-02
       27321 ,       18004 ,  0.0000000E+00 ,  9.9617556E-02
       27324 ,       18004 ,  0.0000000E+00 ,  3.4431618E-02
       27325 ,       18004 ,  0.0000000E+00 ,  7.4753419E-02
       27326 ,       18013 ,  0.0000000E+00 ,  8.8908058E-03
       27327 ,       18013 ,  0.0000000E+00 ,  0.3069046    
       27328 ,       18014 ,  0.0000000E+00 ,  6.7991138E-02
       27329 ,       18007 ,  0.6873969     ,  0.7349127    
       27330 ,       18007 ,  0.1424635     ,  0.0000000E+00
       27341 ,       32028 ,  0.0000000E+00 ,  0.7557119    
       27342 ,       32028 ,  0.0000000E+00 ,  7.6829337E-02
       27344 ,       32033 ,  0.0000000E+00 ,  0.2643975    
       27347 ,       14118 ,   1.000000     ,  0.3278044    
       27348 ,       14117 ,  0.0000000E+00 ,  0.3424322    
       27349 ,       14117 ,  0.4235721     ,  0.3992972    
       27350 ,       14117 ,  0.5764279     ,  0.4624207    
       27351 ,       14046 ,  0.0000000E+00 ,  8.1156706E-03
       27352 ,       14046 ,   1.000000     ,  0.3138525    
       27353 ,       14073 ,  0.0000000E+00 ,  0.1625281    
       27354 ,       14073 ,  0.0000000E+00 ,  8.0746166E-02
       27356 ,       14109 ,  0.0000000E+00 ,  3.8054816E-02
       27357 ,       14109 ,  0.9348523     ,  0.1000312    
       27358 ,       14109 ,  0.0000000E+00 ,  0.1700700    
       27359 ,       14109 ,  0.0000000E+00 ,  0.2494545    
       27360 ,       11020 ,  5.6127872E-02 ,  3.3153728E-02
       27361 ,       11020 ,  0.3798570     ,  8.1277013E-02
       27362 ,       11020 ,  8.9930937E-02 ,  0.0000000E+00
       27364 ,       11020 ,  0.0000000E+00 ,  1.5402297E-02
       27365 ,       11030 ,  0.0000000E+00 ,  1.8994581E-02
       27367 ,       11015 ,  0.0000000E+00 ,  9.6820453E-03
       27368 ,       11014 ,  0.0000000E+00 ,  8.4143937E-02
       27369 ,       11014 ,  0.2123658     ,  8.0468841E-02
       27370 ,       11014 ,  0.7876342     ,  0.1590725    
       27371 ,       11014 ,  0.0000000E+00 ,  2.7779542E-02
       27372 ,       11014 ,  0.0000000E+00 ,  3.3164822E-04
       27373 ,       11014 ,  0.0000000E+00 ,  1.8408974E-03
       27374 ,       11033 ,  0.0000000E+00 ,  0.1077845    
       27375 ,       11033 ,  0.0000000E+00 ,  5.7113942E-02
       27376 ,       11013 ,  0.0000000E+00 ,  0.2141023    
       27377 ,       11013 ,   1.000000     ,  0.1991378    
       27378 ,       11043 ,  0.0000000E+00 ,  9.4284557E-02
       27379 ,       11040 ,  9.6479077E-03 ,  0.2715415    
       27380 ,       11034 ,  0.9721172     ,  9.8574184E-02
       27381 ,       22013 ,  0.0000000E+00 ,  4.0254310E-02
       27382 ,       11006 ,  0.0000000E+00 ,  0.3509765    
       27383 ,       22013 ,  0.0000000E+00 ,  0.1061154    
       27384 ,       22013 ,  0.0000000E+00 ,  0.1572425    
       27385 ,       22002 ,   1.000000     ,  0.2180733    
       27387 ,       22009 ,  0.0000000E+00 ,  8.0343768E-02
       27388 ,       22010 ,  5.4015599E-02 ,  0.1582771    
       27390 ,       13040 ,  0.9595869     ,  2.9521341E-02
       27391 ,       13040 ,  4.0413130E-02 ,  0.0000000E+00
       27392 ,       13018 ,  0.0000000E+00 ,  0.4405613    
       27393 ,       13018 ,   1.000000     ,  0.3532143    
       27394 ,       13062 ,  0.0000000E+00 ,  0.1586803    
       27395 ,       13073 ,  0.0000000E+00 ,  6.0823038E-02
       27396 ,       13073 ,  8.8923667E-03 ,  0.1437883    
       27397 ,       13032 ,   1.000000     ,   1.648912    
       27398 ,       13028 ,  0.1995743     ,   1.546775    
       27399 ,       13028 ,  0.6348577     ,  0.2620707    
       27400 ,       30055 ,  0.0000000E+00 ,  0.1916001    
       27401 ,       30055 ,  0.0000000E+00 ,  0.5031582    
       27402 ,       30058 ,  0.0000000E+00 ,  0.1008565    
       27403 ,       30058 ,  0.0000000E+00 ,  0.1051034    
       27404 ,       30167 ,  0.0000000E+00 ,  0.2488639    
       27405 ,       30167 ,  0.0000000E+00 ,  7.4110627E-02
       27406 ,       30160 ,  0.1651594     ,  0.1307829    
       27407 ,       30160 ,  4.2625602E-02 ,  6.5803289E-02
       27408 ,       30151 ,  0.0000000E+00 ,  6.3623995E-02
       27409 ,       30151 ,  0.0000000E+00 ,  0.1050072    
       27410 ,       30189 ,  0.0000000E+00 ,  6.0847685E-02
       27490 ,        4001 ,  0.0000000E+00 ,  4.5340908E-05
       27491 ,        4001 ,  0.0000000E+00 ,  2.4921161E-03
       27493 ,       31048 ,  0.0000000E+00 ,  8.6217381E-02
       27497 ,       31045 ,   1.000000     ,  0.6560527    
       27499 ,       31001 ,   1.000000     ,  0.3620856    
       27500 ,       31001 ,  0.0000000E+00 ,  0.3791877    
       27501 ,       31076 ,  0.0000000E+00 ,  6.3325830E-02
       27502 ,       31076 ,  0.0000000E+00 ,  0.3931524    
       27506 ,       31037 ,  0.0000000E+00 ,  0.2873686    
       27507 ,       31069 ,   1.000000     ,  0.4016646    
       27508 ,       31069 ,  0.0000000E+00 ,  0.2516549    
       27509 ,       31104 ,  0.3526478     ,  0.1503507    
       27513 ,       31017 ,   1.000000     ,  0.3863111    
       27516 ,       31092 ,   1.000000     ,  0.6048670    
       27517 ,       31102 ,  0.0000000E+00 ,  3.2888226E-02
       27518 ,       31102 ,  0.0000000E+00 ,  1.1731458E-02
       27521 ,       23009 ,  0.0000000E+00 ,  3.7999075E-02
       27522 ,       23009 ,  0.0000000E+00 ,  0.1048106    
       27523 ,       23009 ,  0.0000000E+00 ,  1.2997466E-02
       27527 ,       23009 ,  0.0000000E+00 ,  6.3510552E-02
       27530 ,       23001 ,  0.0000000E+00 ,  0.1220409    
       27532 ,       23001 ,  0.0000000E+00 ,  0.1501744    
       27674 ,       18004 ,  0.3817840     ,  9.1999933E-02
       27675 ,       18004 ,  2.4692954E-02 ,  7.4662790E-02
       27676 ,       18004 ,  0.0000000E+00 ,  0.1051999    
       27677 ,       18004 ,  0.3815380     ,  0.1572358    
       27678 ,       18004 ,  0.0000000E+00 ,  8.0841005E-02
       27679 ,       18013 ,   1.000000     ,  0.2574776    
       27680 ,       18014 ,  0.0000000E+00 ,  0.1770483    
       27681 ,       18014 ,  0.0000000E+00 ,  0.1228593    
       27692 ,       32047 ,  0.0000000E+00 ,  0.1106869    
       27693 ,       32011 ,  6.2003080E-03 ,  7.6324567E-02
       27694 ,       32011 ,  0.9937996     ,  0.4447119    
       27695 ,       32028 ,   1.000000     ,  0.3205615    
       27696 ,       32033 ,  0.0000000E+00 ,  0.1076416    
       27697 ,       32033 ,   1.000000     ,  0.2320692    
       27700 ,       32034 ,  0.0000000E+00 ,  7.6468639E-02
       27701 ,       14060 ,  0.7162549     ,  0.5916802    
       27702 ,       14060 ,  0.2837450     ,  0.2220400    
       27703 ,       14060 ,  0.0000000E+00 ,  4.6985388E-02
       27704 ,       14046 ,  0.0000000E+00 ,  6.9734670E-02
       27705 ,       14046 ,  0.0000000E+00 ,  0.1806721    
       27706 ,       14073 ,  0.1418087     ,  8.7998942E-02
       27707 ,       14073 ,  0.8581913     ,  0.3127927    
       27708 ,       14073 ,  0.0000000E+00 ,  1.5724100E-02
       27709 ,       14109 ,  0.0000000E+00 ,  8.8735037E-02
       27710 ,       14053 ,  0.0000000E+00 ,  4.0020258E-03
       27711 ,       14109 ,  0.0000000E+00 ,  0.3459853    
       27712 ,       14109 ,  0.0000000E+00 ,  3.5798378E-02
       27713 ,       11020 ,  1.9519262E-04 ,  4.6586100E-02
       27714 ,       11020 ,  1.3834313E-02 ,  5.4888360E-02
       27717 ,       11020 ,  0.0000000E+00 ,  1.8471329E-02
       27718 ,       11030 ,  0.0000000E+00 ,  3.0179439E-02
       27719 ,       11030 ,  0.0000000E+00 ,  1.9351751E-02
       27721 ,       11014 ,  0.0000000E+00 ,  7.0677958E-02
       27722 ,       11014 ,  0.0000000E+00 ,  5.5377819E-02
       27723 ,       11014 ,  0.0000000E+00 ,  6.4367488E-02
       27724 ,       11014 ,  0.0000000E+00 ,  6.3597962E-02
       27725 ,       11033 ,  0.0000000E+00 ,  5.2125081E-02
       27726 ,       11033 ,  0.0000000E+00 ,  1.6555203E-02
       27727 ,       11033 ,  0.0000000E+00 ,  8.1488810E-02
       27728 ,       11033 ,  0.1417270     ,  4.3060198E-02
       27729 ,       11043 ,  0.0000000E+00 ,  6.5638356E-02
       27730 ,       11043 ,  0.0000000E+00 ,  0.2107647    
       27731 ,       11043 ,   1.000000     ,  0.2724912    
       27732 ,       11043 ,  0.0000000E+00 ,  5.9920039E-02
       27735 ,       11006 ,  0.0000000E+00 ,  1.2989696E-02
       27736 ,       11006 ,  0.0000000E+00 ,  0.5554741    
       27737 ,       11006 ,  4.0204339E-02 ,  2.0167965E-03
       27738 ,       22002 ,  0.0000000E+00 ,  0.1726538    
       27739 ,       22009 ,  0.8355939     ,  0.2587973    
       27740 ,       22009 ,  0.1644061     ,  6.6602714E-02
       27741 ,       22010 ,  0.9459844     ,  8.8301688E-02
       27742 ,       22010 ,  0.0000000E+00 ,  0.2004088    
       27743 ,       22010 ,  0.0000000E+00 ,  2.0998679E-02
       27745 ,       13049 ,   1.000000     ,  0.8802314    
       27746 ,       24037 ,  0.0000000E+00 ,  0.3052385    
       27747 ,       24037 ,  0.1716859     ,  2.8919255E-02
       27748 ,       24037 ,  1.9836791E-02 ,  0.3431375    
       27749 ,       24037 ,  0.1904535     ,  0.5139692    
       27750 ,       13046 ,  4.7947658E-04 ,  0.2991781    
       27751 ,       30056 ,   1.000000     ,  0.3521205    
       27752 ,       30055 ,   1.000000     ,  0.4264507    
       27753 ,       30055 ,  0.0000000E+00 ,  0.2871168    
       27754 ,       30055 ,  0.0000000E+00 ,  0.1167819    
       27755 ,       30155 ,  0.0000000E+00 ,  0.1270317    
       27756 ,       30078 ,  5.1058237E-03 ,  0.6043915    
       27757 ,       30167 ,  0.0000000E+00 ,  0.3033308    
       27758 ,       30167 ,   1.000000     ,  0.4784073    
       27759 ,       30153 ,  1.5887264E-02 ,   1.148912    
       27760 ,       30151 ,  0.0000000E+00 ,  0.2984920    
       27761 ,       30151 ,  0.0000000E+00 ,  0.3292009    
       27762 ,       30151 ,  0.0000000E+00 ,  0.2043131    
       27846 ,       31048 ,  0.0000000E+00 ,  8.5909814E-02
       27850 ,       31023 ,  0.8585417     ,  0.4897198    
       27851 ,       31023 ,  0.1414583     ,  5.4901592E-02
       27852 ,       31001 ,  0.0000000E+00 ,  0.2883912    
       27853 ,       31001 ,  0.0000000E+00 ,  0.4372035    
       27854 ,       31076 ,  0.2185340     ,  4.6515275E-02
       27855 ,       31076 ,  0.7814659     ,  0.2329776    
       27856 ,       31015 ,  0.9921541     ,   1.051341    
       27857 ,       31036 ,   1.000000     ,  0.9698625    
       27858 ,       31037 ,   1.000000     ,  0.4771180    
       27859 ,       31037 ,  0.0000000E+00 ,  0.2823344    
       27861 ,       31042 ,  0.0000000E+00 ,  0.1816081    
       27862 ,       31104 ,  0.0000000E+00 ,  0.1247965    
       27863 ,       31104 ,  0.0000000E+00 ,  2.5627214E-02
       27865 ,       31091 ,  4.6272017E-02 ,  9.4137922E-02
       27866 ,       31017 ,  0.0000000E+00 ,  0.9132175    
       27867 ,       31043 ,   1.000000     ,  0.6046233    
       27868 ,       31014 ,   1.000000     ,   1.003984    
       27869 ,       31081 ,   1.000000     ,   1.050658    
       27870 ,       31102 ,  5.1237002E-02 ,  2.6006822E-02
       27871 ,       31102 ,  3.6714140E-02 ,  0.0000000E+00
       27875 ,       23008 ,  0.0000000E+00 ,  8.6695991E-02
       27876 ,       23008 ,  0.0000000E+00 ,  7.1442518E-03
       27880 ,       23008 ,  1.6633367E-04 ,  1.5814641E-02
       27881 ,       23008 ,  6.3525893E-02 ,  9.6052170E-02
       27883 ,       23001 ,  0.0000000E+00 ,  3.2265084E-03
       27884 ,       23001 ,  0.9776468     ,  0.2216359    
       27885 ,       23001 ,  0.0000000E+00 ,  6.6554494E-02
       28027 ,       18004 ,  1.7786149E-02 ,  9.6978866E-02
       28028 ,       18004 ,  0.0000000E+00 ,  6.6941336E-04
       28030 ,       18004 ,  1.0384606E-03 ,  8.3064124E-02
       28033 ,       18014 ,  0.0000000E+00 ,  0.2417209    
       28034 ,       18014 ,   1.000000     ,  4.2517722E-02
       28040 ,       18019 ,   1.000000     ,  0.0000000E+00
       28045 ,       32047 ,  0.0000000E+00 ,  0.2917155    
       28046 ,       32047 ,  0.0000000E+00 ,  0.2161538    
       28047 ,       32047 ,  0.0000000E+00 ,  6.4230025E-02
       28048 ,       32028 ,  0.0000000E+00 ,  7.4630645E-03
       28049 ,       32033 ,  0.0000000E+00 ,  0.1210045    
       28050 ,       32033 ,  0.0000000E+00 ,  0.4072143    
       28054 ,       32034 ,  0.4809607     ,  0.2430417    
       28057 ,       14091 ,  0.0000000E+00 ,  0.1198067    
       28058 ,       14073 ,  0.0000000E+00 ,  5.3369768E-02
       28060 ,       14073 ,  0.0000000E+00 ,  0.1226552    
       28061 ,       14073 ,  0.0000000E+00 ,  0.1373188    
       28062 ,       14053 ,  0.0000000E+00 ,  0.1112387    
       28063 ,       14053 ,  0.0000000E+00 ,  0.1322269    
       28064 ,       14053 ,  0.5718113     ,  7.7254668E-02
       28065 ,       14053 ,  0.1073309     ,  6.8732925E-02
       28066 ,       14053 ,  0.0000000E+00 ,  4.5311514E-02
       28067 ,       11030 ,  0.0000000E+00 ,  5.6929950E-02
       28068 ,       11020 ,  0.0000000E+00 ,  7.8275643E-02
       28069 ,       11030 ,  0.0000000E+00 ,  6.1358452E-02
       28070 ,       11030 ,  0.0000000E+00 ,  5.9248652E-02
       28071 ,       11030 ,  0.0000000E+00 ,  5.5597935E-02
       28072 ,       11030 ,  0.0000000E+00 ,  8.9213088E-02
       28073 ,       11030 ,  0.0000000E+00 ,  1.9596830E-02
       28074 ,       11030 ,  0.0000000E+00 ,  3.0605180E-02
       28076 ,       11014 ,  0.0000000E+00 ,  5.9603993E-02
       28078 ,       11029 ,  0.0000000E+00 ,  0.1398356    
       28079 ,       11033 ,  0.0000000E+00 ,  0.1104233    
       28080 ,       11033 ,  0.4140691     ,  9.1883220E-02
       28081 ,       11033 ,  0.4442038     ,  5.6045584E-02
       28082 ,       11043 ,  0.0000000E+00 ,  0.1055070    
       28083 ,       11043 ,  0.0000000E+00 ,  9.4862238E-02
       28084 ,       11043 ,  0.0000000E+00 ,  9.9015802E-02
       28085 ,       11043 ,  0.0000000E+00 ,  9.8705500E-02
       28086 ,       11045 ,   1.000000     ,  0.2573794    
       28087 ,       11045 ,  0.0000000E+00 ,  0.4433430    
       28088 ,       11006 ,  0.0000000E+00 ,  0.2872090    
       28089 ,       11006 ,  0.0000000E+00 ,  4.3407228E-02
       28090 ,       11006 ,  0.9597957     ,  6.5200850E-02
       28091 ,       22002 ,  0.0000000E+00 ,  0.2673642    
       28092 ,       22009 ,  0.0000000E+00 ,  0.1483759    
       28094 ,       22009 ,  0.0000000E+00 ,  3.3620782E-02
       28095 ,       22009 ,  0.0000000E+00 ,  0.2530082    
       28096 ,       22010 ,  0.0000000E+00 ,  0.2379975    
       28097 ,       24054 ,  0.0000000E+00 ,  0.4072599    
       28098 ,       13049 ,  0.0000000E+00 ,  0.1481770    
       28099 ,       24037 ,  0.0000000E+00 ,  6.3304260E-02
       28100 ,       24057 ,  0.6046026     ,   1.115186    
       28101 ,       24037 ,  6.6325188E-02 ,  0.4522042    
       28103 ,       30056 ,  0.0000000E+00 ,  0.5110413    
       28104 ,       30055 ,  0.0000000E+00 ,  0.1902889    
       28105 ,       30129 ,   1.000000     ,  0.1491946    
       28106 ,       30155 ,  0.0000000E+00 ,  8.4443137E-02
       28107 ,       30155 ,  0.0000000E+00 ,  6.4465560E-02
       28108 ,       30155 ,  0.0000000E+00 ,  2.8685378E-02
       28109 ,       30078 ,  0.9948941     ,  0.5279441    
       28110 ,       30063 ,   1.000000     ,  0.9484771    
       28112 ,       30153 ,  0.9841127     ,  0.7414352    
       28113 ,       30153 ,  0.0000000E+00 ,  0.1920167    
       28114 ,       30151 ,  0.0000000E+00 ,  4.8517920E-02
       28115 ,       30151 ,  0.0000000E+00 ,  0.1820939    
       28116 ,       30151 ,   1.000000     ,  9.0408355E-02
       28197 ,       31011 ,   1.000000     ,  0.2964052    
       28198 ,       31011 ,  0.0000000E+00 ,  0.3522248    
       28199 ,       31044 ,  0.0000000E+00 ,  0.3076239    
       28200 ,       31044 ,  0.0000000E+00 ,  0.2592491    
       28201 ,       31087 ,  0.0000000E+00 ,   1.031412    
       28203 ,       31063 ,  0.6436042     ,  0.7421575    
       28204 ,       31101 ,  9.2754029E-02 ,  0.2835800    
       28205 ,       31050 ,  7.4771009E-03 ,  0.1024019    
       28206 ,       31050 ,  0.0000000E+00 ,  8.3150320E-02
       28207 ,       31090 ,   1.000000     ,  0.4490817    
       28208 ,       31067 ,  2.3054037E-02 ,  0.5195552    
       28209 ,       31067 ,  0.7661663     ,  0.5145614    
       28210 ,       31064 ,  0.3622134     ,  0.6777172    
       28211 ,       31103 ,  2.1158393E-02 ,  0.6325126    
       28212 ,       31042 ,  0.3314804     ,  0.2153643    
       28213 ,       31042 ,  0.6685197     ,  0.4120507    
       28214 ,       31071 ,  0.0000000E+00 ,  0.9352398    
       28215 ,       31071 ,  0.0000000E+00 ,  0.6722244    
       28216 ,       31071 ,  0.0000000E+00 ,  0.7324107    
       28217 ,       31091 ,  0.0000000E+00 ,  0.2725045    
       28218 ,       31091 ,  0.6472691     ,  0.3019363    
       28219 ,       31091 ,  0.0000000E+00 ,  0.1830612    
       28220 ,       31091 ,  0.0000000E+00 ,  0.2119910    
       28221 ,       31102 ,  8.7657606E-04 ,  0.7799245    
       28222 ,       31102 ,  0.8515719     ,  0.2300789    
       28223 ,       31102 ,  2.2212970E-03 ,  7.0767768E-02
       28224 ,       31102 ,  0.0000000E+00 ,  7.2257057E-02
       28225 ,       31019 ,  0.6644336     ,  8.2785234E-02
       28226 ,       31019 ,  0.0000000E+00 ,  5.5234514E-02
       28229 ,       23007 ,  0.0000000E+00 ,  9.0568252E-02
       28234 ,       23001 ,  0.0000000E+00 ,  5.2102715E-02
       28235 ,       23008 ,  0.3041507     ,  0.1363324    
       28237 ,       23001 ,  2.2353232E-02 ,  3.0925823E-02
       28379 ,       18012 ,  0.0000000E+00 ,  3.4467921E-02
       28380 ,       18012 ,  0.0000000E+00 ,  6.6373333E-02
       28382 ,       18008 ,  0.0000000E+00 ,  3.7464590E-03
       28383 ,       18008 ,  0.0000000E+00 ,  0.4396594    
       28384 ,       18017 ,  0.0000000E+00 ,  5.0025564E-03
       28385 ,       18014 ,  0.0000000E+00 ,  0.2135851    
       28386 ,       18014 ,  0.0000000E+00 ,  9.1509931E-02
       28387 ,       18014 ,  0.0000000E+00 ,  1.5948510E-02
       28399 ,       32047 ,  0.0000000E+00 ,  0.2678186    
       28400 ,       32047 ,  0.0000000E+00 ,  2.5091772E-03
       28403 ,       32023 ,  0.0000000E+00 ,  0.2738877    
       28404 ,       32023 ,   1.000000     ,  0.4557172    
       28406 ,       32034 ,  0.0000000E+00 ,  8.1842050E-02
       28407 ,       32034 ,  0.5190393     ,  0.1277161    
       28408 ,       32002 ,  2.4579247E-02 ,  0.1938400    
       28409 ,       32002 ,  0.9754208     ,  0.1584652    
       28410 ,       14091 ,  0.7111300     ,  0.1776531    
       28411 ,       14091 ,  0.0000000E+00 ,  8.6259268E-02
       28412 ,       14073 ,  0.0000000E+00 ,  3.3164218E-02
       28413 ,       14035 ,  0.0000000E+00 ,  4.6386175E-02
       28414 ,       14035 ,  0.0000000E+00 ,  5.4245025E-02
       28415 ,       14053 ,  0.0000000E+00 ,  4.9548477E-02
       28416 ,       14053 ,  0.0000000E+00 ,  1.1973023E-02
       28417 ,       14053 ,  0.2097130     ,  6.0647741E-02
       28418 ,       14053 ,  5.0045189E-02 ,  5.4744825E-02
       28419 ,       14053 ,  0.0000000E+00 ,  3.1339610E-03
       28421 ,       11030 ,  0.0000000E+00 ,  7.1244282E-03
       28422 ,       11022 ,  0.0000000E+00 ,  0.1349213    
       28423 ,       11030 ,  0.0000000E+00 ,  6.5617950E-04
       28425 ,       11030 ,  0.0000000E+00 ,  4.0658910E-02
       28426 ,       11030 ,  0.0000000E+00 ,  7.2536349E-02
       28429 ,       11029 ,  0.0000000E+00 ,  7.6839708E-02
       28430 ,       11029 ,  0.0000000E+00 ,  1.6425788E-02
       28431 ,       11029 ,  0.0000000E+00 ,  0.2071479    
       28432 ,       11029 ,  0.0000000E+00 ,  7.9710148E-02
       28433 ,       11033 ,  0.0000000E+00 ,  5.8650635E-02
       28434 ,       11033 ,  0.0000000E+00 ,  8.7709017E-03
       28435 ,       11033 ,  0.0000000E+00 ,  1.4205682E-03
       28441 ,       11006 ,  0.0000000E+00 ,  0.1585873    
       28442 ,       11006 ,  0.0000000E+00 ,  0.2571115    
       28443 ,       22003 ,  0.0000000E+00 ,  1.9219354E-02
       28444 ,       22002 ,  0.0000000E+00 ,  0.1787247    
       28445 ,       22003 ,  0.0000000E+00 ,  1.6692884E-02
       28447 ,       22009 ,  0.0000000E+00 ,  6.5563619E-02
       28448 ,       22009 ,  0.0000000E+00 ,  0.1263886    
       28450 ,       24054 ,  0.0000000E+00 ,  0.1742515    
       28451 ,       24054 ,   1.000000     ,  0.4419869    
       28452 ,       24053 ,  0.2055041     ,  0.1156585    
       28453 ,       24057 ,  0.3953975     ,  0.8583905    
       28454 ,       24038 ,   1.000000     ,  0.4882907    
       28455 ,       24029 ,   1.000000     ,  0.2996437    
       28458 ,       30161 ,  0.0000000E+00 ,  8.1829026E-02
       28459 ,       30155 ,  2.2034746E-02 ,  9.2579953E-02
       28460 ,       30155 ,  0.9779652     ,  0.1756846    
       28461 ,       30155 ,  0.0000000E+00 ,  2.2226319E-02
       28463 ,       30154 ,  0.0000000E+00 ,  0.1226625    
       28464 ,       30154 ,   1.000000     ,   2.070385    
       28465 ,       30060 ,  0.6522616     ,  0.6721294    
       28466 ,       30060 ,  0.3477384     ,  0.6704009    
       28467 ,       30013 ,  0.0000000E+00 ,  9.1124035E-02
       28554 ,       31087 ,  0.0000000E+00 ,  0.2544492    
       28555 ,       31087 ,  0.8967853     ,  0.4631068    
       28556 ,       31063 ,  0.3563958     ,   1.290649    
       28557 ,       31101 ,  0.4907898     ,  0.2887497    
       28558 ,       31101 ,  0.4164562     ,  0.1581801    
       28559 ,       31050 ,  0.1040886     ,  0.1411539    
       28560 ,       31041 ,  3.9349798E-02 ,  0.6521951    
       28561 ,       31002 ,  0.0000000E+00 ,  0.4572216    
       28562 ,       31067 ,  0.2107797     ,  0.5962580    
       28563 ,       31074 ,   1.000000     ,  0.8891101    
       28564 ,       31103 ,  0.9788416     ,   1.745372    
       28566 ,       31071 ,   1.000000     ,  0.3119208    
       28570 ,       31060 ,  0.0000000E+00 ,  4.4504013E-02
       28571 ,       31030 ,   1.000000     ,  0.5129501    
       28572 ,       31091 ,  0.0000000E+00 ,  9.9767439E-02
       28573 ,       31091 ,  0.3064589     ,  5.6574490E-02
       28575 ,       31085 ,  0.5076265     ,  0.1989454    
       28576 ,       31102 ,  0.0000000E+00 ,  0.1459433    
       28577 ,       31102 ,  5.7379093E-02 ,  0.1486695    
       28578 ,       31019 ,  0.0000000E+00 ,  0.1013868    
       28579 ,       31019 ,  0.0000000E+00 ,  5.3488947E-02
       28580 ,       31019 ,  0.0000000E+00 ,  5.9197988E-02
       28582 ,       23007 ,  0.0000000E+00 ,  8.1216976E-02
       28588 ,       23008 ,  0.6028115     ,  0.1113221    
       28589 ,       23008 ,  2.9952127E-02 ,  8.5502654E-02
       28733 ,       18012 ,  0.0000000E+00 ,  0.1116165    
       28734 ,       18012 ,  0.2226937     ,  3.9802611E-02
       28736 ,       18017 ,  0.2593689     ,  0.5665847    
       28737 ,       18017 ,  0.2694542     ,  0.1768642    
       28738 ,       18017 ,  0.0000000E+00 ,  3.1712145E-02
       28739 ,       18014 ,  0.0000000E+00 ,  5.6818530E-02
       28740 ,       18014 ,  0.0000000E+00 ,  5.0662111E-02
       28741 ,       18009 ,  0.0000000E+00 ,  1.7914321E-02
       28744 ,       18019 ,  0.0000000E+00 ,  6.4738216E-03
       28745 ,       18019 ,  0.0000000E+00 ,  4.6698559E-02
       28752 ,       32004 ,   1.000000     ,  0.7308717    
       28753 ,       32058 ,   1.000000     ,  0.2943838    
       28757 ,       32001 ,   1.000000     ,  0.8605242    
       28759 ,       32034 ,  0.0000000E+00 ,  3.1355102E-02
       28760 ,       32034 ,  0.0000000E+00 ,  0.2028897    
       28761 ,       32002 ,  0.0000000E+00 ,  0.3820823    
       28763 ,       14091 ,  0.1310075     ,  0.1667948    
       28764 ,       14091 ,  0.0000000E+00 ,  6.0584970E-02
       28766 ,       14035 ,  1.4079034E-02 ,  8.3172187E-02
       28767 ,       14035 ,  0.5408327     ,  0.2161091    
       28768 ,       14035 ,  0.0000000E+00 ,  4.7554489E-02
       28769 ,       14053 ,  0.0000000E+00 ,  3.0894002E-02
       28770 ,       14053 ,  0.0000000E+00 ,  2.8134203E-02
       28771 ,       14053 ,  0.0000000E+00 ,  8.5241096E-03
       28772 ,       14053 ,  6.1099492E-02 ,  4.0032841E-02
       28773 ,       14053 ,  0.0000000E+00 ,  8.0654062E-03
       28775 ,       11022 ,  0.0000000E+00 ,  0.1606471    
       28778 ,       11030 ,  0.5054800     ,  6.5969877E-02
       28779 ,       11030 ,  0.1171073     ,  5.9579879E-02
       28782 ,       11029 ,   1.000000     ,  5.1350303E-02
       28783 ,       11029 ,  0.0000000E+00 ,  0.1279270    
       28784 ,       11029 ,  0.0000000E+00 ,  0.1785996    
       28785 ,       11033 ,  0.0000000E+00 ,  4.9704574E-02
       28786 ,       11033 ,  0.0000000E+00 ,  1.2791274E-02
       28787 ,       11033 ,  0.0000000E+00 ,  0.1103935    
       28796 ,       22003 ,  0.0000000E+00 ,  0.2406983    
       28797 ,       22003 ,  0.0000000E+00 ,  0.1126490    
       28798 ,       24031 ,  0.0000000E+00 ,  8.8139307E-03
       28799 ,       24031 ,  0.0000000E+00 ,  0.1164938    
       28801 ,       22009 ,  0.0000000E+00 ,  0.1221189    
       28802 ,       22009 ,  0.0000000E+00 ,  4.7544520E-02
       28804 ,       24014 ,  0.0000000E+00 ,  0.4653782    
       28805 ,       24053 ,  0.7944959     ,  0.6026134    
       28806 ,       24039 ,  0.0000000E+00 ,  0.3254395    
       28807 ,       24038 ,  0.0000000E+00 ,  0.3835746    
       28808 ,       24029 ,  0.0000000E+00 ,  0.3147708    
       28811 ,       30161 ,  0.0000000E+00 ,  0.1130410    
       28812 ,       30155 ,  0.0000000E+00 ,  0.1431632    
       28816 ,       30154 ,  0.0000000E+00 ,  3.7687950E-02
       28817 ,       30154 ,  0.0000000E+00 ,  0.1200352    
       28818 ,       30150 ,  0.0000000E+00 ,  0.4237769    
       28819 ,       30154 ,  0.0000000E+00 ,  0.1920094    
       28820 ,       30154 ,  0.0000000E+00 ,  0.1316158    
       28908 ,       31087 ,  0.1032147     ,  0.1984268    
       28909 ,       31038 ,  0.7381537     ,  0.3737987    
       28910 ,       31100 ,  0.8743060     ,   1.145385    
       28911 ,       31050 ,  0.2891665     ,  0.1558457    
       28912 ,       31050 ,  0.3435172     ,  0.1900415    
       28913 ,       31041 ,  4.3379337E-02 ,  0.8796690    
       28914 ,       31095 ,   1.000000     ,  0.7160177    
       28915 ,       31093 ,  0.0000000E+00 ,  0.5125594    
       28916 ,       31007 ,   1.000000     ,  0.5653656    
       28917 ,       31040 ,  0.2313419     ,   1.677139    
       28918 ,       31040 ,  0.1853225     ,  0.1503710    
       28919 ,       31040 ,  0.5833357     ,  0.3101377    
       28920 ,       31097 ,  0.0000000E+00 ,  0.3628621    
       28921 ,       31097 ,  0.0000000E+00 ,  0.3438320    
       28922 ,       31097 ,   1.000000     ,  0.5752987    
       28923 ,       31060 ,   1.000000     ,  0.3919679    
       28924 ,       31030 ,  0.0000000E+00 ,  2.1659385E-02
       28925 ,       31032 ,  0.0000000E+00 ,  0.2399269    
       28926 ,       31032 ,  0.0000000E+00 ,  2.0871414E-02
       28928 ,       31085 ,  0.0000000E+00 ,  0.4683420    
       28929 ,       31085 ,  0.4923735     ,  9.4571687E-02
       28931 ,       31019 ,  0.0000000E+00 ,  6.4175844E-02
       28932 ,       31019 ,  0.0000000E+00 ,  0.1670933    
       28933 ,       31019 ,  0.0000000E+00 ,  0.2083952    
       28934 ,       31019 ,  0.1247107     ,  8.1379421E-02
       28935 ,       23007 ,  0.0000000E+00 ,  7.9658590E-02
       28942 ,       23008 ,  0.0000000E+00 ,  0.2097558    
       29085 ,       18012 ,  0.5201151     ,  9.6860811E-02
       29086 ,       18012 ,  0.0000000E+00 ,  0.1152377    
       29087 ,       18012 ,  8.1900313E-02 ,  9.2488460E-02
       29088 ,       18017 ,  0.0000000E+00 ,  7.4044824E-02
       29089 ,       18017 ,  0.3811209     ,  0.1200207    
       29090 ,       18017 ,  7.4448310E-02 ,  7.3367782E-02
       29091 ,       18017 ,  0.0000000E+00 ,  1.3639614E-02
       29093 ,       18014 ,  0.0000000E+00 ,  1.7495712E-02
       29094 ,       18019 ,  0.0000000E+00 ,  7.7835679E-02
       29095 ,       18019 ,  0.0000000E+00 ,  5.7831135E-02
       29097 ,       18019 ,  0.0000000E+00 ,  0.1165509    
       29098 ,       18019 ,  0.0000000E+00 ,  4.8058022E-02
       29102 ,       14076 ,  0.0000000E+00 ,  0.2242947    
       29105 ,       32045 ,  0.0000000E+00 ,  0.2785153    
       29106 ,       32058 ,  0.0000000E+00 ,  0.4046962    
       29107 ,       32058 ,  0.0000000E+00 ,  0.4908330    
       29110 ,       32019 ,  0.0000000E+00 ,  0.1581159    
       29112 ,       32019 ,  0.0000000E+00 ,  1.4338373E-03
       29113 ,       32034 ,  0.0000000E+00 ,  0.1764741    
       29114 ,       32034 ,  0.0000000E+00 ,  0.1614683    
       29115 ,       14091 ,  6.5105567E-03 ,  0.3352646    
       29116 ,       14091 ,  0.1513519     ,  0.1162879    
       29117 ,       14091 ,  0.0000000E+00 ,  4.6350352E-02
       29118 ,       14091 ,  0.0000000E+00 ,  0.1382586    
       29119 ,       14035 ,  0.0000000E+00 ,  0.1342281    
       29120 ,       14035 ,  0.1774113     ,  2.6797783E-02
       29121 ,       14035 ,  0.1114201     ,  4.7744732E-02
       29123 ,       14053 ,  0.0000000E+00 ,  2.6163455E-02
       29126 ,       14053 ,  0.0000000E+00 ,  3.9252900E-02
       29128 ,       11022 ,  0.0000000E+00 ,  0.1277446    
       29129 ,       11022 ,  0.0000000E+00 ,  9.1840193E-02
       29130 ,       11022 ,  0.0000000E+00 ,  0.1377981    
       29131 ,       11030 ,  0.0000000E+00 ,  1.4804514E-02
       29132 ,       11030 ,  0.0000000E+00 ,  9.2760148E-03
       29133 ,       11030 ,  9.6784988E-03 ,  3.5256777E-02
       29136 ,       11029 ,  0.0000000E+00 ,  2.7578126E-03
       29137 ,       11029 ,  0.0000000E+00 ,  0.1772217    
       29140 ,       11033 ,  0.0000000E+00 ,  5.6410171E-02
       29146 ,       24027 ,  0.0000000E+00 ,  6.6197343E-02
       29148 ,       24027 ,  0.0000000E+00 ,  3.0606125E-02
       29149 ,       22003 ,   1.000000     ,  0.3448097    
       29150 ,       24019 ,  0.7745108     ,  0.1816247    
       29151 ,       24019 ,  0.0000000E+00 ,  0.3005921    
       29155 ,       22009 ,  0.0000000E+00 ,  0.1103502    
       29157 ,       24018 ,   1.000000     ,   1.210510    
       29158 ,       24014 ,   1.000000     ,   1.273459    
       29159 ,       24039 ,   1.000000     ,  0.3646170    
       29160 ,       24039 ,  0.0000000E+00 ,  0.2983010    
       29161 ,       30161 ,  0.0000000E+00 ,  7.2431006E-02
       29162 ,       30161 ,  0.0000000E+00 ,  4.1290700E-02
       29163 ,       30161 ,  0.0000000E+00 ,  4.3024685E-02
       29164 ,       30161 ,   1.000000     ,  0.1772462    
       29165 ,       30161 ,  0.0000000E+00 ,  9.6386984E-02
       29166 ,       30161 ,  0.0000000E+00 ,  1.1893258E-03
       29168 ,       30063 ,  0.0000000E+00 ,  6.5477146E-03
       29170 ,       30154 ,  0.0000000E+00 ,  0.1750466    
       29171 ,       30150 ,  0.0000000E+00 ,  0.2835347    
       29172 ,       30150 ,  0.0000000E+00 ,  0.3619595    
       29173 ,       30154 ,  0.0000000E+00 ,  2.0009378E-02
       29260 ,       31038 ,  0.0000000E+00 ,  0.1402633    
       29261 ,       31038 ,  0.0000000E+00 ,  0.1331388    
       29263 ,       31100 ,  0.1256940     ,  1.4592454E-02
       29264 ,       31050 ,  7.3376246E-02 ,  0.1506886    
       29265 ,       31050 ,  8.1949823E-02 ,  0.1080984    
       29266 ,       31013 ,   1.000000     ,   1.101610    
       29267 ,       31105 ,   1.000000     ,  0.5824755    
       29268 ,       31054 ,   1.000000     ,  0.2561207    
       29269 ,       31052 ,  2.6336010E-03 ,  0.2638710    
       29270 ,       31078 ,  0.6037636     ,   1.390946    
       29271 ,       31088 ,   1.000000     ,   2.858459    
       29272 ,       31077 ,   1.000000     ,   1.141143    
       29276 ,       31012 ,   1.000000     ,  0.5057595    
       29277 ,       31012 ,  0.0000000E+00 ,  7.5206980E-03
       29279 ,       31032 ,  0.0000000E+00 ,  0.2463079    
       29280 ,       31032 ,  1.7705761E-02 ,  9.3646739E-03
       29281 ,       31008 ,  0.0000000E+00 ,  0.4363013    
       29285 ,       31019 ,  0.0000000E+00 ,  5.5917080E-05
       29286 ,       31019 ,  0.0000000E+00 ,  2.5577301E-03
       29287 ,       31019 ,  0.2108558     ,  5.5867530E-02
       29288 ,       23007 ,  0.0000000E+00 ,  0.1424009    
       29289 ,       23007 ,  0.0000000E+00 ,  8.8692829E-02
       29290 ,       23007 ,  0.0000000E+00 ,  4.9929570E-02
       29295 ,       23008 ,  0.0000000E+00 ,  1.4502566E-02
       29296 ,       23005 ,  2.4937801E-02 ,  8.4406950E-02
       29422 ,       18012 ,  0.0000000E+00 ,  1.0089668E-02
       29423 ,       18012 ,  0.0000000E+00 ,  3.5995208E-02
       29424 ,       18012 ,  0.0000000E+00 ,  2.6745155E-02
       29437 ,       18012 ,  0.0000000E+00 ,  2.0155394E-02
       29438 ,       18012 ,  0.0000000E+00 ,  3.8716774E-02
       29439 ,       18012 ,  0.0000000E+00 ,  9.8834187E-02
       29440 ,       18012 ,  0.0000000E+00 ,  2.6466589E-02
       29441 ,       18017 ,  0.0000000E+00 ,  0.1026092    
       29442 ,       18017 ,  0.0000000E+00 ,  2.1121049E-02
       29443 ,       18017 ,  1.5607688E-02 ,  6.0609937E-02
       29444 ,       18017 ,  0.0000000E+00 ,  2.3873365E-02
       29448 ,       18019 ,  0.0000000E+00 ,  0.1285484    
       29449 ,       18019 ,  0.0000000E+00 ,  0.1162823    
       29450 ,       18019 ,  0.0000000E+00 ,  4.1494895E-02
       29451 ,       18019 ,  0.0000000E+00 ,  5.1885653E-02
       29452 ,       18019 ,  0.0000000E+00 ,  2.6670260E-02
       29455 ,       14076 ,  0.3675330     ,  0.4011301    
       29457 ,       14031 ,  0.0000000E+00 ,  8.9574188E-02
       29458 ,       32045 ,  0.0000000E+00 ,  0.4958535    
       29460 ,       32045 ,   1.000000     ,  0.5107832    
       29462 ,       32048 ,  0.0000000E+00 ,  8.2311772E-02
       29463 ,       32048 ,  0.0000000E+00 ,  0.1829354    
       29464 ,       32019 ,   1.000000     ,  0.3048423    
       29465 ,       32019 ,  0.0000000E+00 ,  0.2548862    
       29466 ,       32019 ,  0.0000000E+00 ,  1.8127698E-02
       29469 ,       14116 ,   1.000000     ,  0.4591963    
       29470 ,       14091 ,  0.0000000E+00 ,  9.0309829E-02
       29471 ,       14091 ,  0.0000000E+00 ,  1.5402139E-03
       29472 ,        1001 ,  0.0000000E+00 ,  0.1085656    
       29473 ,        1001 ,  0.0000000E+00 ,  1.0272140E-02
       29474 ,       14035 ,  0.1562568     ,  6.0377896E-02
       29475 ,       14035 ,  0.0000000E+00 ,  3.5728704E-02
       29476 ,       14053 ,  0.0000000E+00 ,  1.8086182E-02
       29479 ,       14064 ,  0.0000000E+00 ,  2.2719333E-02
       29480 ,       14064 ,  0.0000000E+00 ,  8.1931315E-02
       29481 ,       11022 ,   1.000000     ,  0.1645494    
       29482 ,       11022 ,  0.0000000E+00 ,  0.1628454    
       29483 ,       11022 ,  0.0000000E+00 ,  0.1267196    
       29484 ,       11030 ,  0.0000000E+00 ,  2.5092317E-02
       29486 ,       11030 ,  0.1429820     ,  4.4221979E-02
       29487 ,       11030 ,  0.1010497     ,  0.0000000E+00
       29490 ,       24032 ,  0.0000000E+00 ,  0.1770225    
       29491 ,       24043 ,  0.0000000E+00 ,  9.5645234E-02
       29492 ,       24043 ,   1.000000     ,  0.3441848    
       29493 ,       24043 ,  0.0000000E+00 ,  0.5270347    
       29496 ,       11043 ,  0.0000000E+00 ,  7.0048228E-04
       29498 ,       24024 ,  0.0000000E+00 ,  7.5159748E-03
       29499 ,       24027 ,  0.0000000E+00 ,  0.1925707    
       29500 ,       24027 ,  0.9879666     ,  0.3968406    
       29501 ,       24027 ,  1.2033349E-02 ,  0.3731162    
       29503 ,       24019 ,  0.1909778     ,  7.8870408E-02
       29504 ,       24031 ,  0.9999999     ,  0.3565309    
       29509 ,       24003 ,  0.2386090     ,  6.3078828E-02
       29510 ,       24012 ,   1.000000     ,  0.2801096    
       29511 ,       24026 ,   1.000000     ,   1.631397    
       29512 ,       24039 ,  0.0000000E+00 ,  0.1128400    
       29513 ,       24042 ,  6.8337031E-02 ,  0.1386231    
       29514 ,       24042 ,  0.9316630     ,  0.9204422    
       29517 ,       30161 ,  0.0000000E+00 ,  8.1377394E-02
       29518 ,       30161 ,  0.0000000E+00 ,  8.1090620E-03
       29519 ,       30161 ,  0.0000000E+00 ,  8.5659474E-02
       29520 ,       30161 ,  0.0000000E+00 ,  1.8028433E-02
       29522 ,       30121 ,  0.0000000E+00 ,  1.5797653E-03
       29523 ,       30121 ,  0.0000000E+00 ,  8.1552133E-02
       29525 ,       30150 ,  0.0000000E+00 ,  0.2002827    
       29613 ,       31038 ,  0.0000000E+00 ,  7.3824883E-02
       29615 ,       31100 ,  0.0000000E+00 ,  0.5340751    
       29616 ,       31050 ,  0.0000000E+00 ,  1.7854005E-02
       29617 ,       31059 ,  0.0000000E+00 ,  0.2183074    
       29618 ,       31020 ,  0.0000000E+00 ,  0.3540670    
       29619 ,       31051 ,  0.9510761     ,   1.599036    
       29620 ,       31051 ,  4.8923921E-02 ,  0.4668782    
       29621 ,       31052 ,  0.8688310     ,  0.5128286    
       29622 ,       31052 ,  0.1094324     ,  0.2285733    
       29623 ,       31072 ,   1.000000     ,   1.661973    
       29625 ,       31077 ,  0.0000000E+00 ,   1.053295    
       29626 ,       31031 ,  0.6783445     ,  0.6705149    
       29630 ,       31012 ,  0.0000000E+00 ,  0.3374826    
       29633 ,       31032 ,  0.9822943     ,  0.3543140    
       29634 ,       31008 ,   1.000000     ,  0.7167782    
       29640 ,       31096 ,  0.0000000E+00 ,  8.0842040E-03
       29641 ,       31096 ,  7.8616075E-02 ,  8.5525319E-02
       29642 ,       23007 ,  0.0000000E+00 ,  6.9713853E-02
       29643 ,       23007 ,  0.0000000E+00 ,  3.8325284E-02
       29644 ,       23007 ,  0.0000000E+00 ,  8.8564031E-02
       29645 ,       23005 ,  0.0000000E+00 ,  1.9564442E-02
       29649 ,       23005 ,  7.2411033E-03 ,  7.7572770E-02
       29775 ,       18012 ,  0.0000000E+00 ,  4.5864485E-02
       29776 ,       18012 ,  0.0000000E+00 ,  8.5321844E-02
       29777 ,       18012 ,  0.0000000E+00 ,  2.7117985E-03
       29789 ,       18015 ,  0.0000000E+00 ,  4.9093336E-02
       29790 ,       18015 ,  8.6431593E-02 ,  0.1070788    
       29791 ,       18015 ,  9.3563840E-02 ,  6.0770117E-02
       29792 ,       18015 ,  5.3180545E-03 ,  7.6001682E-03
       29793 ,       18012 ,  0.0000000E+00 ,  0.1209872    
       29794 ,       18017 ,  0.0000000E+00 ,  4.1529153E-02
       29795 ,       18017 ,  0.0000000E+00 ,  1.5439834E-02
       29796 ,       18017 ,  0.0000000E+00 ,  4.3192722E-02
       29801 ,       18019 ,  0.0000000E+00 ,  7.6182380E-02
       29802 ,       18019 ,  0.0000000E+00 ,  1.8784612E-02
       29805 ,       18019 ,  0.0000000E+00 ,  6.9030568E-02
       29808 ,       14076 ,  0.6324669     ,  0.6864070    
       29810 ,       14031 ,  0.0000000E+00 ,  0.1065995    
       29811 ,       32003 ,  0.0000000E+00 ,  0.1314538    
       29812 ,       32003 ,  0.0000000E+00 ,  0.4040115    
       29813 ,       32045 ,  0.0000000E+00 ,  0.2915536    
       29814 ,       32048 ,  3.9681442E-02 ,  0.0000000E+00
       29815 ,       32048 ,  0.0000000E+00 ,  0.1366908    
       29817 ,       32018 ,  0.3250149     ,  0.1425743    
       29818 ,       32019 ,  0.0000000E+00 ,  4.7418222E-02
       29819 ,        1003 ,  0.0000000E+00 ,  0.1024787    
       29822 ,        1001 ,  0.0000000E+00 ,  4.0352464E-02
       29823 ,        1001 ,  0.0000000E+00 ,  6.3637823E-02
       29824 ,        1001 ,  0.0000000E+00 ,  4.1526079E-02
       29825 ,        1001 ,  0.0000000E+00 ,  0.1380021    
       29826 ,        1001 ,  0.0000000E+00 ,  6.0731430E-02
       29827 ,        1001 ,  0.0000000E+00 ,  8.1440471E-03
       29828 ,       14053 ,  0.0000000E+00 ,  6.1743498E-02
       29829 ,       14053 ,  0.0000000E+00 ,  3.4373861E-02
       29830 ,       14053 ,  0.0000000E+00 ,  2.9371599E-02
       29833 ,       14064 ,  0.0000000E+00 ,  9.9332720E-02
       29834 ,       11022 ,  0.0000000E+00 ,  0.1316992    
       29837 ,       11030 ,  0.0000000E+00 ,  8.8683572E-03
       29839 ,       11030 ,  0.0000000E+00 ,  9.5189339E-04
       29840 ,       24050 ,  0.0000000E+00 ,  0.2733701    
       29841 ,       24050 ,  0.1638075     ,  1.1866862E-02
       29843 ,       24032 ,  0.0000000E+00 ,  0.1692900    
       29844 ,       24032 ,  0.0000000E+00 ,  8.5997991E-02
       29851 ,       24024 ,  0.0000000E+00 ,  8.2788222E-02
       29852 ,       24024 ,  0.0000000E+00 ,  1.1339722E-02
       29853 ,       24024 ,  0.0000000E+00 ,  0.1297905    
       29854 ,       24019 ,  0.0000000E+00 ,  0.2920518    
       29856 ,       24019 ,  0.0000000E+00 ,  0.1333012    
       29857 ,       24019 ,  0.0000000E+00 ,  0.1751463    
       29858 ,       24031 ,  0.0000000E+00 ,  0.2553146    
       29859 ,       24031 ,  0.0000000E+00 ,  0.2630419    
       29861 ,       24003 ,  0.0000000E+00 ,  1.7118825E-02
       29862 ,       24003 ,  0.0000000E+00 ,  0.2356924    
       29863 ,       24041 ,  0.0000000E+00 ,  0.4271799    
       29864 ,       24041 ,   1.000000     ,  0.3923584    
       29867 ,       24034 ,  0.7550677     ,  0.3566336    
       29868 ,       24034 ,  0.2449323     ,  0.2247363    
       29869 ,       30205 ,  0.0000000E+00 ,  2.9824117E-02
       29870 ,       30205 ,  0.0000000E+00 ,  0.2763399    
       29871 ,       30205 ,  0.0000000E+00 ,  0.2659288    
       29872 ,       30161 ,  0.0000000E+00 ,  0.1346116    
       29873 ,       30121 ,  0.0000000E+00 ,  5.2511178E-02
       29874 ,       30121 ,  0.0000000E+00 ,  1.0577649E-02
       29875 ,       30121 ,  0.0000000E+00 ,  5.7835490E-02
       29876 ,       30121 ,   1.000000     ,  0.1329889    
       29877 ,       30121 ,  0.0000000E+00 ,  3.1756692E-02
       29878 ,       30121 ,  0.0000000E+00 ,  4.0118758E-02
       29968 ,       31059 ,  0.1153334     ,  8.6061537E-02
       29969 ,       31059 ,  0.2541973     ,  0.1299725    
       29970 ,       31059 ,  6.9615446E-02 ,  0.2562536    
       29971 ,       31059 ,  0.0000000E+00 ,  0.1242524    
       29974 ,       31082 ,  0.9279330     ,   1.195996    
       29975 ,       31082 ,  7.2066918E-02 ,  0.4539687    
       29976 ,       31106 ,  0.1662472     ,  0.3345197    
       29977 ,       31009 ,  5.7897221E-02 ,  0.6115317    
       29978 ,       31084 ,   1.000000     ,  0.3679827    
       29979 ,       31031 ,  0.3216555     ,  0.2655130    
       29980 ,       31006 ,  0.5092989     ,  0.1767789    
       29981 ,       31006 ,  0.0000000E+00 ,  0.1707775    
       29982 ,       31006 ,  0.0000000E+00 ,  0.1531046    
       29983 ,       31012 ,  0.0000000E+00 ,  0.1445662    
       29984 ,       31032 ,  0.0000000E+00 ,  0.3343593    
       29985 ,       31070 ,  0.8379932     ,  0.4525208    
       29986 ,       31032 ,  0.0000000E+00 ,  0.2125901    
       29987 ,       31096 ,  0.5262276     ,  5.2444112E-02
       29988 ,       31096 ,  8.8220630E-03 ,  0.0000000E+00
       29993 ,       31096 ,  0.0000000E+00 ,  6.0702935E-02
       29995 ,       23007 ,  0.0000000E+00 ,  7.8493275E-02
       29998 ,       23005 ,  2.7484534E-02 ,  2.0696767E-02
       29999 ,       23005 ,  0.0000000E+00 ,  4.3200381E-02
       30000 ,       23005 ,  0.0000000E+00 ,  1.4818687E-02
       30001 ,       23005 ,  0.0000000E+00 ,  1.8090306E-02
       30002 ,       23005 ,  0.0000000E+00 ,  8.9226633E-02
       30143 ,       18015 ,  8.3337963E-02 ,  3.9267786E-02
       30144 ,       18015 ,  0.1113031     ,  8.7785318E-02
       30145 ,       18015 ,  0.3535371     ,  0.1168598    
       30146 ,       18015 ,  0.0000000E+00 ,  7.3027484E-02
       30147 ,       18015 ,  0.0000000E+00 ,  5.0743464E-02
       30148 ,       18017 ,  0.0000000E+00 ,  6.8885232E-03
       30149 ,       18017 ,  0.0000000E+00 ,  9.0536237E-02
       30154 ,       18019 ,  0.0000000E+00 ,  6.9349214E-02
       30158 ,       14019 ,  0.0000000E+00 ,  0.1651496    
       30161 ,       14031 ,   1.000000     ,  0.2036538    
       30162 ,       14019 ,  0.0000000E+00 ,  8.3388975E-03
       30165 ,       32003 ,   1.000000     ,  0.4067360    
       30166 ,       32048 ,  0.3113837     ,  0.2502844    
       30167 ,       32048 ,  0.6489348     ,  0.1587745    
       30168 ,       32048 ,  0.0000000E+00 ,  8.0770157E-02
       30169 ,       32048 ,  0.0000000E+00 ,  0.2765717    
       30170 ,       32018 ,  0.6749852     ,  0.3279323    
       30171 ,        1003 ,  0.0000000E+00 ,  0.1366037    
       30172 ,        1003 ,  0.0000000E+00 ,  0.2091275    
       30173 ,        1003 ,  0.6420215     ,  0.1060954    
       30176 ,        1001 ,  0.0000000E+00 ,  2.5472907E-02
       30177 ,        1001 ,  2.0128191E-03 ,  4.2156186E-02
       30178 ,        1001 ,  0.1241777     ,  6.2427077E-02
       30179 ,        1001 ,  4.8803233E-02 ,  2.9574908E-02
       30180 ,        1010 ,  0.0000000E+00 ,  0.2397185    
       30181 ,        1010 ,  0.0000000E+00 ,  0.1862681    
       30182 ,       14053 ,  0.0000000E+00 ,  3.0077348E-02
       30183 ,       14053 ,  0.0000000E+00 ,  1.2241247E-02
       30184 ,       14064 ,  0.0000000E+00 ,  0.1134577    
       30185 ,       14064 ,  0.0000000E+00 ,  4.0081758E-02
       30186 ,       14064 ,  1.0021980E-03 ,  0.1843605    
       30187 ,       11022 ,  0.0000000E+00 ,  5.1275682E-02
       30189 ,       11030 ,  0.1237025     ,  2.6767066E-02
       30191 ,       24050 ,  0.0000000E+00 ,  1.4609750E-02
       30192 ,       24050 ,  0.0000000E+00 ,  0.1706449    
       30193 ,       24050 ,  0.1646213     ,  0.2292844    
       30194 ,       24050 ,  0.5273725     ,  0.1149921    
       30196 ,       24032 ,   1.000000     ,  0.1720872    
       30197 ,       24032 ,  0.0000000E+00 ,  6.6035815E-02
       30198 ,       24032 ,  0.0000000E+00 ,  8.1687413E-02
       30199 ,       24032 ,  0.0000000E+00 ,  2.3985617E-02
       30204 ,       24024 ,  0.0000000E+00 ,  1.1579445E-02
       30205 ,       24024 ,  0.0000000E+00 ,  0.1077948    
       30206 ,       24024 ,  0.0000000E+00 ,  5.1681618E-03
       30207 ,       24023 ,  0.0000000E+00 ,  7.6367125E-02
       30208 ,       24023 ,  1.3919569E-03 ,  0.1365056    
       30209 ,       24023 ,  0.0000000E+00 ,  0.1007227    
       30211 ,       24036 ,  0.0000000E+00 ,  5.7896275E-02
       30212 ,       24036 ,  0.0000000E+00 ,  5.2012563E-02
       30214 ,       24003 ,  0.0000000E+00 ,  0.1201763    
       30215 ,       24003 ,  0.0000000E+00 ,  0.1208640    
       30216 ,       24013 ,  0.0000000E+00 ,  6.6026717E-02
       30217 ,       24041 ,  0.0000000E+00 ,  0.2866549    
       30218 ,       24040 ,  0.0000000E+00 ,  6.5666176E-02
       30220 ,       24034 ,  0.0000000E+00 ,  0.2406242    
       30221 ,       24034 ,  0.0000000E+00 ,  0.1892356    
       30222 ,       30205 ,   1.000000     ,  0.3436745    
       30223 ,       30205 ,  0.0000000E+00 ,  0.3392820    
       30225 ,       30123 ,  0.0000000E+00 ,  3.3324089E-02
       30226 ,       30121 ,  0.0000000E+00 ,  3.6628585E-02
       30227 ,       30121 ,  0.0000000E+00 ,  4.3789195E-03
       30228 ,       30121 ,  0.0000000E+00 ,  6.3850693E-02
       30229 ,       30121 ,  0.0000000E+00 ,  4.2613894E-02
       30230 ,       30121 ,  0.0000000E+00 ,  4.3710239E-02
       30231 ,       30121 ,  0.0000000E+00 ,  4.0808253E-02
       30322 ,       31059 ,  1.2597097E-02 ,  0.0000000E+00
       30323 ,       31059 ,  0.3825484     ,  0.1095849    
       30324 ,       31059 ,  0.1588862     ,  0.1413827    
       30325 ,       31059 ,  6.8221330E-03 ,  0.3564765    
       30326 ,       31026 ,  0.0000000E+00 ,  0.3566796    
       30327 ,       31082 ,  0.0000000E+00 ,  0.8164378    
       30328 ,       31068 ,  5.6614801E-03 ,  0.1983204    
       30329 ,       31106 ,  0.8337528     ,  0.4886969    
       30330 ,       31027 ,   1.000000     ,  0.5828264    
       30331 ,       31029 ,   1.000000     ,  0.3239755    
       30332 ,       31006 ,  0.0000000E+00 ,  0.1820095    
       30333 ,       31006 ,  0.4907011     ,  8.6113207E-02
       30334 ,       31006 ,  0.0000000E+00 ,  6.7950785E-02
       30335 ,       31006 ,  0.0000000E+00 ,  5.7521861E-02
       30336 ,       31006 ,  0.0000000E+00 ,  0.1483325    
       30338 ,       31070 ,  0.1620069     ,  0.1215014    
       30339 ,       31070 ,  0.0000000E+00 ,  0.2919149    
       30340 ,       31096 ,  0.3587395     ,  8.3609611E-02
       30341 ,       31096 ,  2.7594795E-02 ,  4.4356041E-02
       30342 ,       31096 ,  0.0000000E+00 ,  4.4907697E-02
       30343 ,       31096 ,  0.0000000E+00 ,  4.7271140E-02
       30345 ,       31096 ,  0.0000000E+00 ,  3.2818574E-02
       30346 ,       31096 ,  0.0000000E+00 ,  2.5078513E-02
       30348 ,       23007 ,   1.000000     ,  7.8464553E-02
       30353 ,       23005 ,  0.0000000E+00 ,  4.6220858E-02
       30354 ,       23005 ,  4.6009090E-02 ,  6.9576018E-02
       30355 ,       23005 ,  6.9594465E-02 ,  0.1217399    
       30356 ,       23005 ,  7.8964606E-03 ,  7.9087988E-02
       30494 ,       18015 ,  0.0000000E+00 ,  1.1809568E-02
       30495 ,       18015 ,  0.0000000E+00 ,  5.1125381E-02
       30496 ,       18015 ,  0.0000000E+00 ,  3.9143957E-02
       30497 ,       18015 ,  8.1075504E-02 ,  5.9274904E-02
       30498 ,       18015 ,  2.0052821E-03 ,  6.7539275E-02
       30499 ,       18015 ,  0.1834276     ,  4.4895109E-02
       30502 ,       18009 ,  0.0000000E+00 ,  3.2166187E-02
       30507 ,       18019 ,  0.0000000E+00 ,  7.0160106E-02
       30508 ,       18019 ,  0.0000000E+00 ,  5.2413479E-03
       30511 ,       14019 ,  0.0000000E+00 ,  7.7382848E-02
       30512 ,       14019 ,  0.0000000E+00 ,  0.1815928    
       30513 ,       14019 ,  0.0000000E+00 ,  0.1359986    
       30514 ,       14019 ,  0.0000000E+00 ,  7.1673393E-02
       30515 ,       14019 ,  0.0000000E+00 ,  0.1076318    
       30518 ,       14104 ,  0.7045451     ,  0.3142199    
       30519 ,       32030 ,  0.9655628     ,  0.2495254    
       30520 ,       32048 ,  0.0000000E+00 ,  0.1253651    
       30522 ,       32015 ,  0.1820949     ,  7.4684896E-02
       30523 ,       32044 ,  0.0000000E+00 ,  0.1685263    
       30524 ,       32044 ,   1.000000     ,  0.4423536    
       30525 ,        1003 ,  0.0000000E+00 ,  4.3198556E-02
       30526 ,        1003 ,  4.7402792E-02 ,  0.1044383    
       30527 ,        1003 ,  0.3105757     ,  0.1560719    
       30528 ,        1003 ,  0.0000000E+00 ,  0.1182893    
       30529 ,        1005 ,  0.0000000E+00 ,  0.1480837    
       30530 ,        1001 ,  5.1934863E-03 ,  8.5167736E-02
       30531 ,        1005 ,  1.3047583E-02 ,  0.2514157    
       30532 ,        1001 ,  0.1958027     ,  9.4237342E-02
       30533 ,        1001 ,  0.0000000E+00 ,  4.5702279E-02
       30534 ,        1010 ,  0.0000000E+00 ,  9.5790967E-02
       30535 ,        1010 ,   1.000000     ,  0.1584048    
       30538 ,       14064 ,  0.1922231     ,  0.1021512    
       30539 ,       14064 ,  0.8067747     ,  0.2345414    
       30540 ,       32038 ,  0.0000000E+00 ,  5.9536204E-02
       30541 ,       24046 ,  0.8300942     ,  0.2171006    
       30542 ,       24046 ,  0.1699059     ,  0.1625676    
       30544 ,       24046 ,  0.0000000E+00 ,  0.1025960    
       30547 ,       24050 ,  0.0000000E+00 ,  0.1493010    
       30548 ,       24050 ,  0.0000000E+00 ,  0.2533472    
       30549 ,       24032 ,  0.0000000E+00 ,  4.8193477E-02
       30551 ,       24032 ,  0.0000000E+00 ,  9.7131096E-02
       30552 ,       24032 ,  0.0000000E+00 ,  4.7933899E-02
       30557 ,       24024 ,  0.3464767     ,  3.9498642E-02
       30558 ,       24024 ,  0.1587225     ,  0.1015041    
       30559 ,       24024 ,  0.0000000E+00 ,  6.2111646E-02
       30560 ,       24005 ,  0.0000000E+00 ,  0.4640510    
       30561 ,       24023 ,  0.9707320     ,  0.1370848    
       30562 ,       24023 ,  2.7876066E-02 ,  0.2088592    
       30563 ,       24023 ,  0.0000000E+00 ,  0.1585393    
       30564 ,       24036 ,  2.3516087E-02 ,  0.2563830    
       30565 ,       24036 ,  0.0000000E+00 ,  0.1111333    
       30566 ,       24036 ,  0.0000000E+00 ,  5.8336157E-02
       30567 ,       24003 ,  0.0000000E+00 ,  0.1075979    
       30569 ,       24013 ,  0.0000000E+00 ,  5.9296463E-02
       30570 ,       24013 ,  0.0000000E+00 ,  8.9349456E-02
       30571 ,       24040 ,  0.0000000E+00 ,  5.5967037E-02
       30572 ,       24040 ,  0.0000000E+00 ,  0.1057702    
       30573 ,       24034 ,  0.0000000E+00 ,  4.1208990E-02
       30575 ,       30205 ,  0.0000000E+00 ,  4.1008480E-02
       30576 ,       30205 ,  0.0000000E+00 ,  9.9094018E-02
       30577 ,       30123 ,  0.0000000E+00 ,  2.6970390E-02
       30578 ,       30123 ,  0.0000000E+00 ,  3.4849513E-02
       30579 ,       30123 ,  0.0000000E+00 ,  3.6226787E-02
       30580 ,       30121 ,  0.0000000E+00 ,  7.5132459E-02
       30581 ,       30121 ,  0.0000000E+00 ,  1.4787118E-03
       30583 ,       30121 ,  0.0000000E+00 ,  0.1254687    
       30679 ,       31026 ,  0.0000000E+00 ,  6.4110823E-02
       30680 ,       31083 ,  0.9114319     ,  0.6898831    
       30681 ,       31083 ,  8.8568136E-02 ,  0.6315277    
       30682 ,       31106 ,  0.0000000E+00 ,  0.4547886    
       30683 ,       31027 ,  0.0000000E+00 ,  0.3721007    
       30684 ,       31028 ,  0.0000000E+00 ,  0.5026494    
       30685 ,       31028 ,  0.0000000E+00 ,  0.2136631    
       30686 ,       31028 ,  0.0000000E+00 ,  0.2138041    
       30687 ,       31028 ,  0.0000000E+00 ,  0.1758729    
       30688 ,       31006 ,  0.0000000E+00 ,  0.1675676    
       30691 ,       31057 ,  0.0000000E+00 ,  7.6867469E-02
       30692 ,       31057 ,   1.000000     ,  0.1609833    
       30693 ,       31096 ,  0.0000000E+00 ,  4.3851085E-02
       30696 ,       31096 ,  0.0000000E+00 ,  4.1914051E-03
       30697 ,       31096 ,  0.0000000E+00 ,  4.4142988E-02
       30698 ,       31096 ,  0.0000000E+00 ,  7.6916888E-02
       30701 ,       23007 ,  0.0000000E+00 ,  8.8029437E-02
       30705 ,       23005 ,  0.0000000E+00 ,  3.4507674E-03
       30707 ,       23005 ,  6.5476120E-02 ,  3.8333870E-02
       30708 ,       23005 ,  0.5922439     ,  0.1406867    
       30709 ,       23005 ,  2.6966853E-02 ,  0.1099231    
       30846 ,       18015 ,  0.0000000E+00 ,  2.3945380E-02
       30847 ,       18015 ,  0.0000000E+00 ,  7.5178981E-02
       30848 ,       18015 ,  0.0000000E+00 ,  4.3193165E-02
       30849 ,       18018 ,  0.0000000E+00 ,  5.3002715E-02
       30850 ,       18018 ,  0.9062045     ,  0.3109004    
       30851 ,       18011 ,  0.5701104     ,  0.5780841    
       30852 ,       18011 ,  0.4298896     ,  0.1303386    
       30853 ,       18011 ,  0.0000000E+00 ,  0.1479200    
       30854 ,       18011 ,  0.0000000E+00 ,  9.1183595E-02
       30866 ,       14019 ,  0.0000000E+00 ,  0.1395010    
       30868 ,       14019 ,  0.0000000E+00 ,  0.1319752    
       30869 ,       14115 ,   1.000000     ,  0.3011208    
       30870 ,       14104 ,  0.0000000E+00 ,  0.2708947    
       30871 ,       14104 ,  0.2954549     ,  0.2428908    
       30872 ,       32030 ,  3.4437165E-02 ,   1.376440    
       30873 ,       32030 ,  0.0000000E+00 ,  0.7013465    
       30875 ,       32015 ,  0.8179051     ,  0.2069105    
       30876 ,       32044 ,  0.0000000E+00 ,  1.8693373E-02
       30877 ,       32044 ,  0.0000000E+00 ,  0.2193203    
       30879 ,        1003 ,  0.0000000E+00 ,  8.2777418E-02
       30880 ,        1003 ,  0.0000000E+00 ,  8.1482612E-02
       30883 ,        1005 ,  0.3750997     ,  0.1217734    
       30884 ,        1011 ,  8.0852345E-02 ,  0.1321796    
       30885 ,        1001 ,  1.0006410E-02 ,  7.1350291E-02
       30886 ,        1010 ,  0.0000000E+00 ,  5.3517073E-02
       30887 ,        1010 ,  0.0000000E+00 ,  0.1878645    
       30888 ,        1010 ,  0.0000000E+00 ,  0.1443204    
       30889 ,       14064 ,  0.0000000E+00 ,  6.2323216E-02
       30890 ,       14064 ,  0.0000000E+00 ,  5.2143529E-02
       30892 ,       32038 ,  0.0000000E+00 ,  5.8973849E-02
       30895 ,       24046 ,  0.0000000E+00 ,  0.1591569    
       30896 ,       24046 ,  0.0000000E+00 ,  0.1326751    
       30897 ,       24046 ,  0.0000000E+00 ,  9.1482200E-02
       30900 ,       24050 ,  0.1289873     ,  1.1590878E-02
       30901 ,       24050 ,  1.5211408E-02 ,  0.1399056    
       30902 ,       24055 ,  0.0000000E+00 ,  2.1567717E-02
       30903 ,       24055 ,  0.0000000E+00 ,  6.3470043E-02
       30904 ,       24055 ,  0.0000000E+00 ,  2.5961692E-02
       30908 ,       24024 ,  0.0000000E+00 ,  3.9491761E-03
       30909 ,       24011 ,  0.0000000E+00 ,  0.2324414    
       30910 ,       24024 ,  0.4183477     ,  0.3739501    
       30911 ,       24024 ,  7.6453134E-02 ,  0.0000000E+00
       30914 ,       24005 ,  0.5686171     ,  0.4794953    
       30915 ,       24005 ,  2.6278945E-03 ,  0.1705417    
       30917 ,       24036 ,  0.6528063     ,  9.6852802E-02
       30918 ,       24036 ,  0.3236776     ,  0.1936479    
       30919 ,       24013 ,  3.5966229E-02 ,  0.1189889    
       30920 ,       24003 ,  0.0000000E+00 ,  0.1801900    
       30921 ,       24013 ,  3.7053686E-02 ,  7.3070377E-03
       30922 ,       24013 ,  0.2936926     ,  8.3866760E-02
       30923 ,       24040 ,  0.0000000E+00 ,  0.1109523    
       30924 ,       24040 ,  0.0000000E+00 ,  9.8058715E-02
       30925 ,       24040 ,  0.0000000E+00 ,  6.1573211E-02
       30928 ,       30123 ,  0.0000000E+00 ,  8.9731871E-04
       30929 ,       30123 ,  0.0000000E+00 ,  2.5630668E-03
       30930 ,       30123 ,  0.0000000E+00 ,  5.7190925E-02
       30931 ,       30123 ,  0.0000000E+00 ,  3.5127893E-02
       30933 ,       30121 ,  0.0000000E+00 ,  2.6477543E-03
       30936 ,       30152 ,  0.0000000E+00 ,  0.3338516    
       31037 ,       31028 ,  0.5954592     ,  0.2568795    
       31038 ,       31028 ,  0.4045407     ,  3.1531237E-03
       31040 ,       31028 ,  0.0000000E+00 ,  6.8679959E-02
       31041 ,       31029 ,  0.0000000E+00 ,  0.1599531    
       31042 ,       31057 ,  0.0000000E+00 ,  0.1991857    
       31043 ,       31057 ,  0.0000000E+00 ,  0.1265129    
       31044 ,       31057 ,  0.0000000E+00 ,  4.9024317E-02
       31045 ,       31057 ,  0.0000000E+00 ,  0.1371242    
       31046 ,       31096 ,  0.0000000E+00 ,  9.9716499E-02
       31047 ,       31096 ,  0.0000000E+00 ,  1.6706774E-02
       31050 ,       31096 ,  0.0000000E+00 ,  1.1100759E-02
       31051 ,       31096 ,  0.0000000E+00 ,  3.8849853E-02
       31054 ,       23007 ,  0.0000000E+00 ,  7.8476258E-02
       31061 ,       23005 ,  0.1294069     ,  0.4811314    
       31062 ,       23005 ,  3.2435590E-03 ,  0.8686456    
       31063 ,       23003 ,  5.7452664E-02 ,  9.4006754E-02
       31199 ,       18015 ,  0.0000000E+00 ,  4.7431953E-02
       31201 ,       18010 ,  0.0000000E+00 ,  9.0097614E-02
       31202 ,       18018 ,  9.3795486E-02 ,  0.2511732    
       31203 ,       18010 ,  0.0000000E+00 ,  0.1260260    
       31204 ,       18010 ,  0.0000000E+00 ,  0.1419010    
       31207 ,       18011 ,  0.0000000E+00 ,  0.2080693    
       31208 ,       18011 ,  0.0000000E+00 ,  0.3115069    
       31209 ,       18009 ,  0.0000000E+00 ,  4.6634772E-03
       31217 ,       14061 ,  0.0000000E+00 ,  3.2632910E-02
       31218 ,       14061 ,  0.0000000E+00 ,  6.6585749E-02
       31219 ,       14061 ,  0.0000000E+00 ,  9.1822170E-02
       31221 ,       14115 ,  0.0000000E+00 ,  0.3536479    
       31222 ,       14115 ,  0.0000000E+00 ,  8.9786686E-02
       31226 ,       14025 ,  0.0000000E+00 ,  0.1902899    
       31227 ,       14025 ,  0.0000000E+00 ,  0.2273423    
       31228 ,       32015 ,  0.0000000E+00 ,  0.3428111    
       31229 ,       32015 ,  0.0000000E+00 ,  0.4437054    
       31230 ,       32044 ,  0.0000000E+00 ,  5.5241171E-02
       31231 ,       32055 ,  0.0000000E+00 ,  8.0300599E-02
       31232 ,        1003 ,  0.0000000E+00 ,  0.1629824    
       31237 ,        1011 ,  0.9191476     ,  0.5866541    
       31239 ,        1002 ,  4.2375606E-03 ,  9.7951315E-02
       31240 ,        1002 ,  0.5119280     ,  0.1646096    
       31241 ,        1002 ,  0.0000000E+00 ,  0.2007420    
       31242 ,       32052 ,  0.0000000E+00 ,  0.3800712    
       31243 ,       32038 ,  0.0000000E+00 ,  3.5138547E-02
       31244 ,       32038 ,  0.0000000E+00 ,  2.1335566E-02
       31245 ,       32038 ,  0.0000000E+00 ,  6.1138183E-02
       31249 ,       24046 ,  0.0000000E+00 ,  8.1282295E-02
       31250 ,       24046 ,  0.0000000E+00 ,  0.2901150    
       31251 ,       24028 ,  0.0000000E+00 ,  8.9344764E-03
       31252 ,       24028 ,  2.1313461E-04 ,  0.0000000E+00
       31253 ,       24028 ,  6.5759338E-02 ,  0.1071720    
       31254 ,       24028 ,  1.0082132E-04 ,  7.4847043E-02
       31255 ,       24055 ,   1.000000     ,  0.1679666    
       31256 ,       24055 ,  0.0000000E+00 ,  0.1252604    
       31257 ,       24030 ,  0.0000000E+00 ,  0.2426695    
       31258 ,       24030 ,  0.0000000E+00 ,  0.2768077    
       31259 ,       24011 ,  0.0000000E+00 ,  0.2109576    
       31260 ,       24011 ,  0.0000000E+00 ,  0.2920008    
       31261 ,       24011 ,  0.0000000E+00 ,  0.1908222    
       31262 ,       24011 ,  0.0000000E+00 ,  2.8112486E-03
       31263 ,       24011 ,  0.0000000E+00 ,  0.1905152    
       31265 ,       24024 ,  0.0000000E+00 ,  5.2815541E-03
       31267 ,       24005 ,  0.4287550     ,  0.2178842    
       31268 ,       24002 ,  0.0000000E+00 ,  0.3613512    
       31271 ,       24036 ,  0.0000000E+00 ,  3.9398309E-02
       31272 ,       24013 ,  0.0000000E+00 ,  5.6517184E-02
       31273 ,       24013 ,  0.0000000E+00 ,  3.5751600E-02
       31274 ,       24013 ,  0.3627719     ,  6.9237582E-02
       31275 ,       24013 ,  0.2705157     ,  4.5040052E-02
       31277 ,       24040 ,  0.6780716     ,  0.1037146    
       31278 ,       24040 ,  0.0000000E+00 ,  7.3510401E-02
       31280 ,       24040 ,  0.1280982     ,  0.0000000E+00
       31281 ,       30123 ,  0.0000000E+00 ,  2.2644112E-03
       31282 ,       30123 ,  0.0000000E+00 ,  3.6340818E-02
       31283 ,       30123 ,  0.0000000E+00 ,  3.5552196E-02
       31284 ,       30123 ,  0.3426761     ,  5.5716086E-02
       31286 ,       30152 ,  0.0000000E+00 ,  4.3353895E-03
       31287 ,       30152 ,  0.0000000E+00 ,  8.2450174E-03
       31288 ,       30152 ,  0.0000000E+00 ,  5.2295987E-02
       31289 ,       30152 ,  0.0000000E+00 ,  0.3025452    
       31398 ,       31065 ,  0.0000000E+00 ,  0.2987497    
       31399 ,       31057 ,  0.0000000E+00 ,  0.1110044    
       31400 ,       31096 ,  0.0000000E+00 ,  4.7372811E-02
       31401 ,       31096 ,  0.0000000E+00 ,  4.8819285E-02
       31402 ,       31096 ,  0.0000000E+00 ,  5.0657552E-02
       31403 ,       31096 ,  0.0000000E+00 ,  5.0934393E-02
       31404 ,       31096 ,  0.0000000E+00 ,  8.1618518E-02
       31407 ,       23007 ,  0.0000000E+00 ,  2.2486571E-02
       31415 ,       23003 ,  2.5752382E-02 ,  1.5893466E-03
       31552 ,       18015 ,  0.0000000E+00 ,  5.0214905E-02
       31556 ,       18010 ,  0.0000000E+00 ,  8.9278584E-03
       31557 ,       18010 ,  0.5917462     ,  0.1365162    
       31562 ,       18009 ,  0.0000000E+00 ,  8.6542115E-02
       31570 ,       14061 ,  0.0000000E+00 ,  5.5099111E-02
       31571 ,       14061 ,  0.0000000E+00 ,  8.0816485E-02
       31578 ,       14025 ,  0.0000000E+00 ,  5.6031641E-02
       31579 ,       14081 ,  0.4883215     ,  0.3504892    
       31580 ,       14081 ,  2.1587642E-02 ,  0.0000000E+00
       31582 ,       32015 ,  0.0000000E+00 ,  0.2322850    
       31584 ,       32055 ,  0.0000000E+00 ,  7.7603318E-02
       31585 ,        1003 ,  0.0000000E+00 ,  1.4530683E-02
       31586 ,        1008 ,  0.0000000E+00 ,  0.2556169    
       31587 ,        1008 ,  0.0000000E+00 ,  0.1815916    
       31588 ,        1008 ,  0.0000000E+00 ,  0.2108365    
       31589 ,        1008 ,   1.000000     ,  0.3021627    
       31590 ,        1007 ,  0.1004656     ,  0.6580210    
       31591 ,        1002 ,  0.0000000E+00 ,  0.1453139    
       31592 ,        1002 ,  0.0000000E+00 ,  0.1187286    
       31593 ,        1002 ,  7.3244544E-03 ,  0.9232946    
       31594 ,       32052 ,   1.000000     ,  0.5420811    
       31595 ,       32052 ,  0.0000000E+00 ,  0.2421197    
       31596 ,       32052 ,  0.0000000E+00 ,  0.2119467    
       31597 ,       32038 ,  0.0000000E+00 ,  5.6167006E-02
       31598 ,       32038 ,  0.0000000E+00 ,  8.1709929E-02
       31599 ,       32038 ,  0.0000000E+00 ,  3.1962132E-04
       31600 ,       32038 ,  0.0000000E+00 ,  1.2818986E-03
       31604 ,       24028 ,  6.4784892E-02 ,  6.5378457E-02
       31605 ,       24035 ,  0.2337210     ,  0.1455512    
       31606 ,       24035 ,  0.4467897     ,  0.5753668    
       31607 ,       24028 ,  3.7868789E-03 ,   2.703038    
       31608 ,       24004 ,  0.0000000E+00 ,  0.3917407    
       31609 ,       24004 ,  0.0000000E+00 ,  5.3578760E-02
       31610 ,       24030 ,  0.0000000E+00 ,  0.1309916    
       31611 ,       24030 ,  0.0000000E+00 ,  6.3479051E-02
       31612 ,       24011 ,  0.0000000E+00 ,  9.9703074E-02
       31615 ,       24024 ,  0.0000000E+00 ,  1.9069018E-02
       31616 ,       24024 ,  0.0000000E+00 ,  4.8117347E-02
       31617 ,       24024 ,  0.0000000E+00 ,  3.0921854E-02
       31618 ,       24024 ,  0.0000000E+00 ,  1.4238584E-02
       31620 ,       24002 ,  0.0000000E+00 ,  0.1243350    
       31621 ,       24002 ,   1.000000     ,  0.4032601    
       31624 ,       24036 ,  0.0000000E+00 ,  0.1076272    
       31625 ,       24013 ,  0.0000000E+00 ,  4.2218372E-02
       31626 ,       24013 ,  0.0000000E+00 ,  2.2260413E-02
       31627 ,       24013 ,  0.0000000E+00 ,  1.4087189E-02
       31628 ,       24013 ,  0.0000000E+00 ,  3.6633063E-02
       31630 ,       24040 ,  0.0000000E+00 ,  8.5872494E-02
       31631 ,       24040 ,  0.0000000E+00 ,  5.3640444E-02
       31632 ,       24040 ,  2.1111168E-02 ,  7.6999046E-02
       31633 ,       24040 ,  0.1727190     ,  5.3286754E-02
       31636 ,       30123 ,  0.0000000E+00 ,  2.1230601E-02
       31637 ,       30123 ,  0.2768471     ,  6.2729359E-02
       31638 ,       30123 ,  0.0000000E+00 ,  7.8959554E-02
       31639 ,       30123 ,  0.0000000E+00 ,  7.3936414E-03
       31641 ,       30152 ,   1.000000     ,  0.2026020    
       31642 ,       30152 ,  0.0000000E+00 ,  0.1358029    
       31751 ,       31065 ,  0.2957640     ,  0.6382334    
       31752 ,       31057 ,  0.0000000E+00 ,  0.1139611    
       31757 ,       31096 ,  0.0000000E+00 ,  4.7999196E-02
       31905 ,       18015 ,  0.0000000E+00 ,  3.5338826E-03
       31909 ,       18010 ,  0.0000000E+00 ,  0.1255344    
       31915 ,       18009 ,  0.0000000E+00 ,  4.7372561E-02
       31916 ,       18009 ,  0.0000000E+00 ,  0.1130231    
       31917 ,       18009 ,  0.0000000E+00 ,  2.8941259E-02
       31921 ,       14061 ,  0.0000000E+00 ,  7.1434669E-02
       31932 ,       14081 ,  0.4792492     ,  0.1528321    
       31933 ,       14081 ,  1.0841714E-02 ,  0.5248653    
       31935 ,       32055 ,  0.0000000E+00 ,  8.5253306E-03
       31936 ,       32055 ,  0.0000000E+00 ,  3.0881930E-02
       31937 ,       32055 ,  0.0000000E+00 ,  7.1229182E-02
       31939 ,        1008 ,  0.0000000E+00 ,  9.9607602E-02
       31940 ,        1008 ,  0.0000000E+00 ,  2.3656359E-02
       31941 ,        1008 ,  0.0000000E+00 ,  1.6711114E-02
       31942 ,        1007 ,  0.0000000E+00 ,  0.2005613    
       31943 ,        1007 ,  0.8776306     ,  0.4228354    
       31944 ,        1009 ,  0.8073886     ,  0.4990290    
       31945 ,        1009 ,  0.1926114     ,  0.1128981    
       31946 ,       32024 ,  1.5412169E-02 ,  0.1771552    
       31947 ,       32024 ,  2.7405543E-02 ,  8.0160890E-03
       31948 ,       32024 ,  0.0000000E+00 ,  1.1345367E-02
       31949 ,       32038 ,  0.3836566     ,  1.4209717E-02
       31951 ,       32038 ,  0.0000000E+00 ,  5.8975421E-02
       31957 ,       24028 ,  3.2322935E-03 ,  4.6536375E-02
       31958 ,       24035 ,  0.1483500     ,  7.5959601E-02
       31959 ,       24035 ,  0.1711393     ,  0.2806731    
       31960 ,       24009 ,   1.000000     ,  0.3215293    
       31961 ,       24004 ,  0.0000000E+00 ,  5.5418897E-02
       31962 ,       24004 ,   1.000000     ,  0.1420541    
       31963 ,       24030 ,   1.000000     ,  0.2013446    
       31964 ,       24030 ,  0.0000000E+00 ,  5.7958115E-02
       31965 ,       24030 ,  0.0000000E+00 ,  7.4780889E-02
       31966 ,       24030 ,  0.0000000E+00 ,  9.5324062E-02
       31968 ,       24024 ,  0.0000000E+00 ,  7.3167793E-02
       31970 ,       24024 ,  0.0000000E+00 ,  1.4700663E-02
       31971 ,       24010 ,  0.0000000E+00 ,  2.5122249E-02
       31973 ,       24002 ,  0.0000000E+00 ,  0.3125105    
       31977 ,       24013 ,  0.0000000E+00 ,  3.7740197E-02
       31978 ,       24013 ,  0.0000000E+00 ,  5.1756337E-02
       31979 ,       24013 ,  0.0000000E+00 ,  2.0404048E-02
       31981 ,       24013 ,  0.0000000E+00 ,  4.0402856E-02
       31982 ,       24040 ,  0.0000000E+00 ,  1.7898584E-02
       31983 ,       24040 ,  0.0000000E+00 ,  1.2513333E-02
       31984 ,       24040 ,  0.0000000E+00 ,  2.3431531E-03
       31985 ,       24016 ,  0.0000000E+00 ,  4.1349471E-02
       31986 ,       24016 ,  0.1214570     ,  0.4553414    
       31987 ,       24016 ,  9.2417680E-02 ,  0.2113495    
       31988 ,       24016 ,  0.3312778     ,  3.9084971E-02
       31989 ,       30123 ,  0.0000000E+00 ,  5.2833088E-02
       31990 ,       30123 ,  0.0000000E+00 ,  6.0023755E-02
       31991 ,       30123 ,  0.0000000E+00 ,  3.9923325E-02
       31992 ,       30123 ,  1.2169068E-03 ,  2.9570289E-02
       31993 ,       30133 ,  2.5597468E-03 ,  0.1632820    
       31994 ,       30133 ,  0.6337962     ,  0.4462630    
       32104 ,       31065 ,  0.7042360     ,  4.5050770E-02
       32105 ,       31061 ,   1.000000     ,  0.2402211    
       32106 ,       31061 ,  0.0000000E+00 ,  0.1426850    
       32107 ,       31061 ,  0.0000000E+00 ,  0.2061248    
       32108 ,       31061 ,  0.0000000E+00 ,  9.6604995E-02
       32110 ,       31096 ,  0.0000000E+00 ,  1.9117051E-03
       32258 ,       18015 ,  0.0000000E+00 ,  2.1161692E-02
       32260 ,       18016 ,  0.0000000E+00 ,  2.0480382E-03
       32262 ,       18016 ,  0.0000000E+00 ,  0.1542182    
       32263 ,       18010 ,  0.0000000E+00 ,  4.9356826E-02
       32268 ,       18009 ,  0.0000000E+00 ,  5.3223524E-02
       32269 ,       18009 ,  0.0000000E+00 ,  2.7604629E-03
       32270 ,       18009 ,  0.0000000E+00 ,  2.5719140E-02
       32271 ,       18009 ,   1.000000     ,  8.1619971E-02
       32272 ,       18009 ,  0.0000000E+00 ,  3.7594486E-02
       32273 ,       14061 ,  0.0000000E+00 ,  6.2879473E-02
       32274 ,       14061 ,  0.0000000E+00 ,  5.2860677E-02
       32280 ,       14061 ,  0.0000000E+00 ,  3.1317376E-02
       32281 ,       32031 ,  4.2134766E-02 ,  5.7804622E-02
       32282 ,       32031 ,  0.9578652     ,  0.2300633    
       32283 ,       32031 ,  0.0000000E+00 ,  0.1421160    
       32284 ,       14041 ,  0.0000000E+00 ,  0.2485609    
       32285 ,       14041 ,  0.0000000E+00 ,  0.4495471    
       32286 ,       14041 ,  0.0000000E+00 ,  0.1411026    
       32288 ,       32055 ,  0.0000000E+00 ,  9.1728615E-03
       32289 ,       32055 ,  2.0867746E-02 ,  7.2366655E-02
       32290 ,       32055 ,  0.0000000E+00 ,  8.0556624E-02
       32291 ,       32055 ,  0.0000000E+00 ,  9.5557934E-03
       32295 ,        1007 ,  0.0000000E+00 ,  2.1449525E-02
       32296 ,        1004 ,  0.0000000E+00 ,  0.4662783    
       32297 ,        1009 ,  0.0000000E+00 ,  0.2493320    
       32298 ,       32024 ,  0.0000000E+00 ,  1.9662834E-03
       32299 ,       32024 ,  0.2298227     ,  0.1966204    
       32300 ,       32024 ,  0.7273596     ,  0.3306190    
       32301 ,       32024 ,  0.0000000E+00 ,  0.1700139    
       32302 ,       32038 ,  0.0000000E+00 ,  8.3328839E-03
       32303 ,       32054 ,  1.5785292E-02 ,  0.5181224    
       32304 ,       32038 ,  0.6163434     ,  0.1131498    
       32308 ,       24001 ,  0.0000000E+00 ,  0.1073022    
       32309 ,       24021 ,  0.2854846     ,  0.3653315    
       32310 ,       24021 ,  0.2565371     ,  4.2507339E-02
       32311 ,       24028 ,  0.0000000E+00 ,  4.2274941E-02
       32312 ,       24028 ,  0.0000000E+00 ,  1.4324293E-02
       32313 ,       24004 ,  0.0000000E+00 ,  0.4460754    
       32314 ,       24004 ,  0.0000000E+00 ,  0.1012494    
       32315 ,       24004 ,  0.0000000E+00 ,  0.2028739    
       32316 ,       24004 ,  0.0000000E+00 ,  8.3833165E-02
       32319 ,       24052 ,  0.9790753     ,  0.2713066    
       32320 ,       24052 ,  0.0000000E+00 ,  0.2922590    
       32321 ,       24052 ,  0.0000000E+00 ,  8.1999518E-02
       32324 ,       24010 ,  0.0000000E+00 ,  1.3041547E-03
       32326 ,       24010 ,  0.0000000E+00 ,  6.5935716E-02
       32327 ,       24010 ,  0.0000000E+00 ,  2.4491187E-02
       32331 ,       24013 ,  0.0000000E+00 ,  3.8491935E-02
       32332 ,       24013 ,  0.0000000E+00 ,  2.8370328E-02
       32333 ,       24013 ,  0.0000000E+00 ,  4.7107209E-02
       32334 ,       24013 ,  0.0000000E+00 ,  1.7650131E-03
       32335 ,       24040 ,  0.0000000E+00 ,  3.2343082E-02
       32338 ,       24016 ,  0.2092729     ,  9.9143088E-02
       32339 ,       24016 ,  0.0000000E+00 ,  2.8531007E-02
       32340 ,       24016 ,  7.2681066E-03 ,  0.0000000E+00
       32341 ,       24016 ,  0.2383066     ,  6.6293642E-02
       32342 ,       30123 ,  0.0000000E+00 ,  2.1574993E-02
       32343 ,       30123 ,  0.0000000E+00 ,  3.4760240E-02
       32345 ,       30123 ,  0.1254324     ,  2.7373109E-02
       32346 ,       30133 ,  2.1393276E-03 ,  0.4553498    
       32347 ,       30133 ,  0.3615048     ,  0.5051247    
       32611 ,       18016 ,  0.0000000E+00 ,  9.1994613E-02
       32612 ,       18016 ,  0.2417191     ,  8.8553526E-02
       32613 ,       18016 ,  0.1097465     ,  0.1686699    
       32614 ,       18016 ,  9.0576917E-02 ,  2.2944957E-02
       32615 ,       18016 ,  0.0000000E+00 ,  0.1356604    
       32620 ,       18009 ,  0.0000000E+00 ,  4.1853733E-02
       32621 ,       18009 ,  0.0000000E+00 ,  5.3220231E-02
       32625 ,       18009 ,  0.0000000E+00 ,  9.0838715E-02
       32626 ,       32049 ,  0.0000000E+00 ,  0.1189563    
       32632 ,       14061 ,  0.0000000E+00 ,  7.5570410E-03
       32633 ,       14061 ,   1.000000     ,  0.1893373    
       32634 ,       32031 ,  0.0000000E+00 ,  0.1613353    
       32635 ,       32031 ,  0.0000000E+00 ,  0.1471048    
       32637 ,       14041 ,  0.0000000E+00 ,  7.2546713E-03
       32638 ,       14041 ,  0.0000000E+00 ,  0.1171829    
       32639 ,       14041 ,   1.000000     ,  0.3077001    
       32640 ,       32046 ,  0.0000000E+00 ,  8.1270508E-02
       32641 ,       32055 ,  0.0000000E+00 ,  6.4302258E-02
       32642 ,       32055 ,  0.7073112     ,  8.0553979E-02
       32643 ,       32055 ,  2.6445743E-02 ,  3.3253439E-02
       32644 ,       32055 ,  0.0000000E+00 ,  6.3862190E-02
       32649 ,       32025 ,  4.9445160E-02 ,  0.8399733    
       32650 ,       32025 ,  7.4189886E-02 ,  0.4809009    
       32651 ,       32035 ,  0.0000000E+00 ,  0.3138899    
       32652 ,       32035 ,  0.0000000E+00 ,  0.2393538    
       32653 ,       32035 ,  0.0000000E+00 ,  0.2884757    
       32654 ,       32054 ,  0.0000000E+00 ,  0.4942780    
       32655 ,       32054 ,  0.0000000E+00 ,  0.5368490    
       32656 ,       32054 ,  0.9842148     ,  0.1707476    
       32657 ,       32038 ,  0.0000000E+00 ,  6.4395592E-02
       32659 ,       24001 ,  0.0000000E+00 ,  0.1897382    
       32660 ,       24001 ,  0.0000000E+00 ,  0.2032544    
       32661 ,       24001 ,  0.0000000E+00 ,  0.1036448    
       32662 ,       24001 ,   1.000000     ,  0.2065572    
       32663 ,       24021 ,  0.0000000E+00 ,  8.3628282E-02
       32664 ,       24028 ,  0.0000000E+00 ,  3.4688789E-02
       32665 ,       24028 ,  0.0000000E+00 ,  4.2117644E-02
       32666 ,       24035 ,  0.0000000E+00 ,  0.1207375    
       32667 ,       24004 ,  0.0000000E+00 ,  0.2612351    
       32668 ,       24004 ,  0.0000000E+00 ,  0.1311199    
       32672 ,       24052 ,  2.0924715E-02 ,  0.2407064    
       32673 ,       24052 ,  0.0000000E+00 ,  2.5177612E-03
       32679 ,       24010 ,  8.1219133E-03 ,  4.2546805E-02
       32680 ,       24010 ,  0.5488178     ,  4.8212104E-02
       32683 ,       24058 ,  0.0000000E+00 ,  7.1842164E-02
       32684 ,       24058 ,  0.0000000E+00 ,  3.9749105E-02
       32686 ,       24013 ,  0.0000000E+00 ,  3.9399426E-02
       32688 ,       28021 ,  0.0000000E+00 ,  3.5796396E-02
       32691 ,       30123 ,  0.0000000E+00 ,  1.5476882E-02
       32692 ,       30123 ,  6.5267786E-02 ,  0.0000000E+00
       32693 ,       30123 ,  4.6055019E-03 ,  1.5823178E-02
       32694 ,       30123 ,  0.0000000E+00 ,  1.8697580E-02
       32695 ,       30123 ,  0.0000000E+00 ,  3.4475446E-02
       32696 ,       30123 ,  0.0000000E+00 ,  2.7609343E-02
       32699 ,       28038 ,  0.2862865     ,  0.9560546    
       32700 ,       28038 ,  0.1199229     ,  3.0981621E-02
       32963 ,       18016 ,  0.0000000E+00 ,  2.2529771E-03
       32964 ,       18016 ,  0.0000000E+00 ,  0.1533418    
       32965 ,       18016 ,  0.0000000E+00 ,  0.1360707    
       32966 ,       18016 ,  0.5579575     ,  0.1590793    
       32967 ,       18001 ,  0.0000000E+00 ,  0.3559452    
       32968 ,       18001 ,  0.0000000E+00 ,  8.8263275E-03
       32973 ,       18009 ,  0.0000000E+00 ,  6.0056947E-02
       32974 ,       18009 ,  0.0000000E+00 ,  4.1471571E-03
       32979 ,       32049 ,  0.0000000E+00 ,  7.5492285E-02
       32985 ,       14061 ,  0.0000000E+00 ,  5.7798073E-02
       32986 ,       14061 ,  0.0000000E+00 ,  5.6214135E-02
       32988 ,       32031 ,  0.0000000E+00 ,  6.4673938E-02
       32989 ,       32031 ,  0.0000000E+00 ,  3.5830166E-02
       32992 ,       32046 ,   1.000000     ,  0.1907790    
       32993 ,       32046 ,  0.0000000E+00 ,  0.4590493    
       32994 ,       32046 ,  0.0000000E+00 ,  8.1251637E-04
       32996 ,       32055 ,  0.0000000E+00 ,  9.3270369E-02
       32997 ,       32055 ,  0.0000000E+00 ,  7.3155802E-04
       33000 ,       32012 ,   1.000000     ,  0.2626299    
       33001 ,       32008 ,  0.7137282     ,  0.4570105    
       33002 ,       32025 ,  4.7850136E-02 ,  0.4625323    
       33003 ,       32025 ,  0.8285148     ,  0.1718394    
       33005 ,       32053 ,  0.3973701     ,  0.1106257    
       33006 ,       32053 ,  0.2437918     ,  0.3325703    
       33007 ,       32035 ,  0.1076233     ,  0.1500871    
       33010 ,       32038 ,  0.0000000E+00 ,  5.0749905E-02
       33011 ,       32038 ,  0.0000000E+00 ,  9.1973692E-02
       33012 ,       32038 ,  0.0000000E+00 ,  1.9022654E-03
       33014 ,       24001 ,  0.0000000E+00 ,  7.8307983E-04
       33015 ,       24001 ,  0.0000000E+00 ,  0.3383064    
       33016 ,       24028 ,  0.0000000E+00 ,  4.5211632E-02
       33017 ,       24028 ,  0.0000000E+00 ,  2.8092120E-02
       33018 ,       24028 ,  0.0000000E+00 ,  3.7288863E-02
       33020 ,       24051 ,  0.8612959     ,  6.3092217E-02
       33021 ,       24051 ,  0.1387040     ,  7.2340295E-02
       33022 ,       24051 ,  0.0000000E+00 ,  7.8935204E-03
       33023 ,       24008 ,  0.0000000E+00 ,  1.5235455E-02
       33024 ,       24008 ,  0.0000000E+00 ,  0.2765766    
       33025 ,       24008 ,  0.9829311     ,  0.3868935    
       33030 ,       24010 ,  0.3140866     ,  6.0964021E-04
       33031 ,       24010 ,  0.0000000E+00 ,  2.9512776E-02
       33032 ,       24010 ,  9.5770909E-03 ,  8.2344308E-02
       33033 ,       24010 ,  0.1193966     ,  0.1205956    
       33034 ,       24010 ,  0.0000000E+00 ,  6.1817765E-02
       33036 ,       24058 ,  0.0000000E+00 ,  0.1077921    
       33037 ,       28028 ,  0.0000000E+00 ,  0.1414356    
       33039 ,       28004 ,  0.0000000E+00 ,  0.1894301    
       33041 ,       28021 ,  0.0000000E+00 ,  3.4032959E-02
       33044 ,       28021 ,  0.0000000E+00 ,  1.3418256E-02
       33045 ,       30123 ,  3.2550115E-02 ,  0.0000000E+00
       33046 ,       30123 ,  2.1049764E-03 ,  3.2402717E-02
       33047 ,       28012 ,  0.0000000E+00 ,  1.1243000E-02
       33051 ,       28003 ,  2.0306079E-02 ,  5.0185863E-02
       33052 ,       28003 ,  0.5083194     ,  0.1632842    
       33053 ,       28003 ,  0.0000000E+00 ,  3.3062578E-03
       33316 ,       25009 ,  0.1116096     ,  4.2558927E-03
       33317 ,       18016 ,  0.0000000E+00 ,  6.3212112E-02
       33318 ,       25009 ,  0.0000000E+00 ,  2.6481325E-02
       33319 ,       25009 ,  0.0000000E+00 ,  7.8059770E-02
       33320 ,       18001 ,   1.000000     ,  0.3452254    
       33327 ,       18009 ,  0.0000000E+00 ,  1.6422022E-02
       33332 ,       32049 ,  0.0000000E+00 ,  7.4586183E-02
       33337 ,       32049 ,  0.0000000E+00 ,  1.6176471E-02
       33338 ,       32049 ,  0.0000000E+00 ,  0.1023266    
       33342 ,       32031 ,  0.0000000E+00 ,  0.1365502    
       33343 ,       32031 ,  0.0000000E+00 ,  5.9811184E-03
       33346 ,       32046 ,  0.0000000E+00 ,  0.1720490    
       33347 ,       32020 ,  0.0000000E+00 ,  4.9234141E-02
       33349 ,       32055 ,  0.0000000E+00 ,  5.3773981E-02
       33350 ,       32055 ,  0.0000000E+00 ,  1.8460797E-02
       33351 ,       32012 ,  0.0000000E+00 ,  3.9308850E-04
       33352 ,       32017 ,  0.0000000E+00 ,  0.1242486    
       33353 ,       32012 ,  0.0000000E+00 ,  0.3661326    
       33354 ,       32036 ,  0.0000000E+00 ,  0.1380188    
       33355 ,       32036 ,  0.4676770     ,  0.2339377    
       33356 ,       32036 ,  0.5323231     ,  0.2234452    
       33357 ,       32036 ,  0.0000000E+00 ,  0.1994821    
       33358 ,       32053 ,  0.0000000E+00 ,  0.1925493    
       33359 ,       32053 ,  0.3550694     ,  0.2509224    
       33360 ,       32053 ,  3.7686748E-03 ,  0.0000000E+00
       33362 ,       24025 ,  0.0000000E+00 ,  6.8228953E-02
       33363 ,       24025 ,  0.0000000E+00 ,  0.1572377    
       33368 ,       24022 ,  0.0000000E+00 ,  0.1066150    
       33369 ,       24028 ,  0.0000000E+00 ,  3.4986278E-03
       33370 ,       24028 ,  0.0000000E+00 ,  3.7888631E-02
       33371 ,       24051 ,  0.0000000E+00 ,  8.2890652E-02
       33372 ,       24056 ,  0.0000000E+00 ,  5.5771787E-02
       33374 ,       24051 ,  0.0000000E+00 ,  0.1336899    
       33375 ,       24051 ,  0.0000000E+00 ,  8.7850660E-02
       33376 ,       24008 ,  0.0000000E+00 ,  0.1948211    
       33378 ,       24017 ,  0.0000000E+00 ,  5.5233307E-02
       33379 ,       24008 ,  0.0000000E+00 ,  0.2589225    
       33383 ,       24010 ,  0.0000000E+00 ,  4.1668016E-02
       33384 ,       24010 ,  0.0000000E+00 ,  5.8053397E-02
       33385 ,       24010 ,  0.0000000E+00 ,  6.8851374E-03
       33386 ,       24010 ,  0.0000000E+00 ,  8.6022608E-02
       33387 ,       24010 ,  0.0000000E+00 ,  2.9285384E-02
       33388 ,       24058 ,  0.0000000E+00 ,  0.2443634    
       33389 ,       24058 ,   1.000000     ,  0.2534646    
       33390 ,       28028 ,   1.000000     ,  0.6856447    
       33391 ,       28004 ,  0.2004249     ,  0.4267504    
       33392 ,       28004 ,  0.7995752     ,  0.1958547    
       33393 ,       28021 ,  0.0000000E+00 ,  5.3669635E-02
       33394 ,       28021 ,  0.0000000E+00 ,  8.6623117E-02
       33395 ,       28021 ,  0.0000000E+00 ,  6.7203641E-02
       33396 ,       28021 ,  0.0000000E+00 ,  6.8282150E-02
       33397 ,       28021 ,  0.0000000E+00 ,  4.0426344E-02
       33398 ,       28012 ,  0.0000000E+00 ,  3.9206181E-02
       33399 ,       28012 ,  0.0000000E+00 ,  6.3667722E-02
       33400 ,       28012 ,  0.0000000E+00 ,  8.4875068E-03
       33401 ,       28003 ,  0.0000000E+00 ,  4.1368539E-03
       33402 ,       28003 ,  1.2579502E-02 ,  2.9192580E-02
       33403 ,       28003 ,  0.0000000E+00 ,  8.5194223E-02
       33404 ,       28003 ,  0.0000000E+00 ,  0.1126881    
       33405 ,       28003 ,  0.0000000E+00 ,  0.1792797    
       33406 ,       28003 ,  0.0000000E+00 ,  1.5597844E-04
       33668 ,       25009 ,  0.0000000E+00 ,  3.8628960E-03
       33669 ,       25009 ,  8.6956397E-03 ,  7.3153213E-02
       33670 ,       25009 ,  8.9597777E-02 ,  4.4169351E-02
       33671 ,       25009 ,  2.6462030E-02 ,  5.6226648E-02
       33673 ,       18005 ,  0.0000000E+00 ,  0.1579898    
       33674 ,       18005 ,  0.1550623     ,  1.0908999E-02
       33685 ,       32049 ,  0.0000000E+00 ,  4.6426538E-02
       33686 ,       32049 ,  0.0000000E+00 ,  4.0414631E-02
       33687 ,       32049 ,  0.0000000E+00 ,  4.9132552E-02
       33688 ,       32049 ,  0.0000000E+00 ,  2.1278574E-03
       33689 ,       14042 ,  0.0000000E+00 ,  0.1335722    
       33690 ,       14042 ,   1.000000     ,  0.4378232    
       33691 ,       14042 ,  0.0000000E+00 ,  4.1686859E-02
       33695 ,       32031 ,  0.0000000E+00 ,  7.5309381E-02
       33696 ,       32049 ,  0.0000000E+00 ,  1.4528779E-02
       33699 ,       32043 ,   1.000000     ,   3.426722    
       33700 ,       32020 ,  0.9619489     ,  0.1903925    
       33701 ,       32020 ,  8.7106200E-03 ,  0.1298105    
       33702 ,       32020 ,  0.0000000E+00 ,  0.1060613    
       33703 ,       32055 ,  0.2453753     ,  0.2596908    
       33704 ,       32056 ,  0.0000000E+00 ,  0.1950502    
       33706 ,       32017 ,  4.0641882E-02 ,  0.2005043    
       33707 ,       32017 ,  0.0000000E+00 ,  9.4341941E-02
       33708 ,       32036 ,  0.0000000E+00 ,  0.1170857    
       33709 ,       32036 ,  0.0000000E+00 ,  0.1879004    
       33710 ,       32016 ,  0.4045884     ,  0.2540065    
       33711 ,       32016 ,  4.0094141E-02 ,  0.1987854    
       33712 ,       24049 ,  0.0000000E+00 ,  9.9370658E-02
       33713 ,       24025 ,  0.0000000E+00 ,  0.1504989    
       33714 ,       24025 ,  1.3740106E-03 ,  0.1868064    
       33715 ,       24025 ,  0.9986260     ,  0.2520027    
       33721 ,       24022 ,  0.0000000E+00 ,  0.1268549    
       33723 ,       24028 ,  0.0000000E+00 ,  2.0643087E-02
       33724 ,       24056 ,  0.5062483     ,  0.3708138    
       33725 ,       24056 ,  0.4937517     ,  0.1774230    
       33726 ,       24051 ,  0.0000000E+00 ,  0.1058080    
       33727 ,       24017 ,  0.0000000E+00 ,  6.7272618E-02
       33728 ,       24017 ,  0.0000000E+00 ,  0.1075270    
       33729 ,       24017 ,  2.8545618E-02 ,  6.5746322E-02
       33730 ,       24017 ,  0.9714544     ,  7.5643241E-02
       33731 ,       24017 ,  0.0000000E+00 ,  3.8895648E-02
       33732 ,       24017 ,  0.0000000E+00 ,  2.3877828E-03
       33733 ,       24017 ,  0.0000000E+00 ,  2.6277904E-03
       33735 ,       24010 ,  0.0000000E+00 ,  2.7651364E-02
       33736 ,       24010 ,  0.0000000E+00 ,  5.7013113E-02
       33738 ,       24010 ,  0.0000000E+00 ,  7.2173424E-02
       33741 ,       28029 ,  0.0000000E+00 ,  9.1100089E-02
       33742 ,       24058 ,  0.0000000E+00 ,  3.1634554E-02
       33744 ,       28004 ,  0.0000000E+00 ,  6.2069122E-02
       33745 ,       28021 ,  0.0000000E+00 ,  0.1513135    
       33746 ,       28021 ,  0.0000000E+00 ,  5.0599605E-02
       33749 ,       28012 ,  0.0000000E+00 ,  1.0478418E-02
       33750 ,       28012 ,  0.0000000E+00 ,  2.1400370E-02
       33751 ,       28012 ,  0.0000000E+00 ,  3.2292683E-02
       33752 ,       28012 ,  0.0000000E+00 ,  1.0628010E-02
       33753 ,       28003 ,  0.0000000E+00 ,  7.0551589E-02
       33754 ,       28003 ,  0.0000000E+00 ,  2.8855048E-02
       33755 ,       28003 ,  3.5266373E-02 ,  7.5085096E-02
       33756 ,       28003 ,  0.0000000E+00 ,  3.1885751E-02
       33757 ,       28003 ,  0.0000000E+00 ,  4.8697062E-02
       33758 ,       28003 ,  0.0000000E+00 ,  2.3658143E-02
       34021 ,       25009 ,  0.0000000E+00 ,  8.1986248E-02
       34023 ,       25009 ,  0.0000000E+00 ,  7.0493758E-02
       34027 ,       18005 ,  0.8449377     ,  0.1877201    
       34028 ,       18005 ,  0.0000000E+00 ,  0.1997443    
       34041 ,       32049 ,  0.0000000E+00 ,  4.0973477E-02
       34042 ,       14042 ,  0.0000000E+00 ,  0.1159050    
       34044 ,       32049 ,  0.0000000E+00 ,  5.8262739E-02
       34045 ,       32049 ,  0.0000000E+00 ,  6.7260757E-02
       34046 ,       32049 ,  0.0000000E+00 ,  7.7468172E-02
       34049 ,       32049 ,  0.0000000E+00 ,  3.4713000E-02
       34053 ,       32020 ,  2.9340515E-02 ,  0.1145356    
       34056 ,       32056 ,  0.0000000E+00 ,  9.7381435E-02
       34057 ,       32056 ,  3.5666525E-02 ,  0.1423048    
       34058 ,       32056 ,  0.1221756     ,  0.1492514    
       34059 ,       32017 ,  0.2492385     ,  0.2532015    
       34060 ,       32057 ,   1.000000     ,  0.1295120    
       34061 ,       32057 ,  0.0000000E+00 ,  0.7777568    
       34062 ,       32036 ,  0.0000000E+00 ,  0.1420017    
       34063 ,       32016 ,  0.3460006     ,  0.2420973    
       34064 ,       32016 ,  0.2093168     ,  9.8655567E-02
       34065 ,       24049 ,  0.0000000E+00 ,  7.5379454E-02
       34066 ,       24049 ,  0.0000000E+00 ,  1.7000873E-02
       34068 ,       24025 ,  0.0000000E+00 ,  0.1906793    
       34071 ,       24022 ,  0.0000000E+00 ,  2.8722176E-02
       34072 ,       24022 ,  0.0000000E+00 ,  5.5234104E-02
       34073 ,       24022 ,  0.0000000E+00 ,  5.1997520E-02
       34074 ,       24022 ,  0.0000000E+00 ,  8.3618060E-02
       34075 ,       24022 ,  0.6204257     ,  0.1276904    
       34076 ,       24022 ,  0.0000000E+00 ,  6.6987060E-02
       34077 ,       24056 ,  0.0000000E+00 ,  0.2242176    
       34078 ,       24056 ,  0.0000000E+00 ,  7.2667390E-02
       34080 ,       24051 ,  0.0000000E+00 ,  8.3959050E-02
       34081 ,       24017 ,  0.0000000E+00 ,  5.1740523E-02
       34082 ,       24017 ,  0.0000000E+00 ,  3.9771781E-03
       34083 ,       24017 ,  0.0000000E+00 ,  2.5481994E-03
       34087 ,       24010 ,  0.0000000E+00 ,  2.4487874E-02
       34088 ,       24010 ,  0.0000000E+00 ,  7.6230682E-02
       34091 ,       28039 ,  0.0000000E+00 ,  2.6281164E-03
       34094 ,       28029 ,  0.0000000E+00 ,  5.4581121E-02
       34095 ,       28029 ,  0.0000000E+00 ,  3.6433604E-02
       34097 ,       28004 ,  0.0000000E+00 ,  0.1292143    
       34098 ,       28021 ,  0.0000000E+00 ,  6.4680353E-02
       34099 ,       28021 ,  0.1574876     ,  5.4564901E-02
       34100 ,       28021 ,  0.0000000E+00 ,  2.6311733E-02
       34102 ,       28012 ,  0.0000000E+00 ,  3.0964382E-02
       34103 ,       28012 ,  2.9699275E-02 ,  4.2174123E-03
       34104 ,       28012 ,  0.1476089     ,  1.3357737E-02
       34105 ,       28012 ,  0.0000000E+00 ,  1.4053728E-02
       34106 ,       28012 ,  0.0000000E+00 ,  4.0312830E-02
       34107 ,       28003 ,  0.0000000E+00 ,  6.3076533E-02
       34109 ,       28003 ,  0.0000000E+00 ,  2.1867394E-02
       34110 ,       28003 ,  0.0000000E+00 ,  2.9415827E-02
       34111 ,       28002 ,  0.0000000E+00 ,  2.6377345E-02
       34373 ,       25009 ,  0.0000000E+00 ,  3.2349902E-03
       34374 ,       25009 ,  0.1875109     ,  0.1099616    
       34375 ,       25009 ,  0.0000000E+00 ,  6.2882141E-03
       34376 ,       25009 ,  0.0000000E+00 ,  9.7406954E-02
       34381 ,       18005 ,  0.0000000E+00 ,  0.1746839    
       34382 ,       18005 ,  0.0000000E+00 ,  1.2885060E-02
       34399 ,       32049 ,  0.2208923     ,  1.2971321E-03
       34400 ,       32049 ,  0.7791077     ,  9.9736005E-02
       34401 ,       32049 ,  0.0000000E+00 ,  6.8673834E-02
       34402 ,       32049 ,  0.0000000E+00 ,  1.2258714E-02
       34406 ,       32020 ,  0.0000000E+00 ,  7.0181541E-02
       34407 ,       32020 ,  0.0000000E+00 ,  3.9168961E-02
       34410 ,       32056 ,  0.1207386     ,  0.5458794    
       34411 ,       32056 ,  0.7214193     ,  0.9106696    
       34412 ,       32050 ,  0.6860744     ,  0.4261387    
       34413 ,       32017 ,  0.1428258     ,  0.2043307    
       34417 ,       24049 ,  0.1966591     ,  4.4974010E-02
       34418 ,       24049 ,  0.1018129     ,  5.3029310E-02
       34419 ,       24049 ,  1.9216903E-02 ,  5.0104810E-03
       34421 ,       24025 ,  0.0000000E+00 ,  9.3283013E-02
       34423 ,       24025 ,  0.0000000E+00 ,  8.1787273E-02
       34424 ,       24022 ,  0.0000000E+00 ,  2.6935615E-02
       34427 ,       24022 ,  0.0000000E+00 ,  8.3706543E-02
       34428 ,       24022 ,  0.3795743     ,  0.1732473    
       34429 ,       24045 ,  0.0000000E+00 ,  5.9305958E-02
       34430 ,       24022 ,  0.0000000E+00 ,  0.1363932    
       34431 ,       24051 ,  0.0000000E+00 ,  3.7304632E-02
       34432 ,       24051 ,  0.0000000E+00 ,  9.7012192E-02
       34433 ,       24051 ,  0.0000000E+00 ,  8.3540834E-02
       34434 ,       24017 ,  0.0000000E+00 ,  1.3972655E-03
       34435 ,       24017 ,  0.0000000E+00 ,  4.9672958E-02
       34439 ,       28039 ,  0.0000000E+00 ,  2.3920931E-02
       34440 ,       24010 ,  0.0000000E+00 ,  6.7177184E-02
       34441 ,       28039 ,  0.0000000E+00 ,  4.8121668E-02
       34443 ,       28039 ,  0.0000000E+00 ,  1.0848598E-02
       34444 ,       28039 ,  0.0000000E+00 ,  2.8187739E-02
       34447 ,       28029 ,  0.0000000E+00 ,  8.0344535E-02
       34448 ,       28029 ,  0.0000000E+00 ,  0.1007077    
       34449 ,       28029 ,  0.0000000E+00 ,  7.3277488E-02
       34450 ,       28029 ,  0.0000000E+00 ,  2.9626213E-02
       34451 ,       28021 ,  0.1429164     ,  4.1191958E-02
       34452 ,       28021 ,  0.6410636     ,  0.1459959    
       34453 ,       28021 ,  0.0000000E+00 ,  0.1020136    
       34454 ,       28012 ,  0.0000000E+00 ,  3.4713671E-02
       34455 ,       28012 ,  0.0000000E+00 ,  2.3087589E-02
       34456 ,       28012 ,  0.0000000E+00 ,  1.2009731E-02
       34457 ,       28012 ,  0.0000000E+00 ,  3.1401686E-02
       34458 ,       28012 ,  0.0000000E+00 ,  7.7595948E-03
       34459 ,       28012 ,  0.3841369     ,  8.0683753E-02
       34460 ,       28003 ,  0.0000000E+00 ,  5.9346418E-04
       34462 ,       28003 ,  0.0000000E+00 ,  3.3938289E-03
       34464 ,       28002 ,  0.0000000E+00 ,  2.7832385E-02
       34725 ,       25014 ,  0.0000000E+00 ,  3.2010134E-03
       34727 ,       25009 ,  0.1769889     ,  0.1003330    
       34728 ,       25009 ,  0.3991352     ,  0.1452340    
       34734 ,       18005 ,  0.0000000E+00 ,  1.1194975E-03
       34735 ,       18005 ,  0.0000000E+00 ,  0.2814117    
       34744 ,       10014 ,  0.0000000E+00 ,  1.5640197E-02
       34753 ,       32049 ,  0.0000000E+00 ,  2.1145934E-02
       34754 ,       32049 ,  0.0000000E+00 ,  4.2113904E-02
       34755 ,       32049 ,  0.0000000E+00 ,  6.8403207E-02
       34756 ,       32049 ,  0.0000000E+00 ,  2.0622141E-03
       34757 ,       32020 ,  0.0000000E+00 ,  5.4398817E-03
       34758 ,       32010 ,  0.0000000E+00 ,  5.1053481E-05
       34759 ,       32020 ,  0.0000000E+00 ,  0.1130970    
       34760 ,       32020 ,  0.0000000E+00 ,  0.1194634    
       34762 ,       32032 ,  0.0000000E+00 ,  5.7136878E-02
       34763 ,       32032 ,  0.4617990     ,  0.7143830    
       34764 ,       32050 ,  0.1022575     ,  0.3665852    
       34765 ,       32037 ,  0.0000000E+00 ,  7.7955432E-02
       34766 ,       32017 ,  0.0000000E+00 ,  0.1961382    
       34767 ,       32017 ,  0.0000000E+00 ,  6.2374800E-02
       34769 ,       24049 ,  0.1389827     ,  1.5216677E-02
       34770 ,       24049 ,  1.6420824E-02 ,  3.6540255E-02
       34771 ,       24049 ,  9.8309927E-03 ,  6.7759573E-02
       34772 ,       24049 ,  3.2372936E-03 ,  0.0000000E+00
       34773 ,       24049 ,  0.0000000E+00 ,  2.9841824E-02
       34774 ,       24049 ,  0.0000000E+00 ,  8.1624225E-02
       34775 ,       24049 ,  0.0000000E+00 ,  4.2883884E-02
       34776 ,       24049 ,  0.0000000E+00 ,  1.0068255E-02
       34780 ,       24045 ,  0.0000000E+00 ,  2.4122085E-02
       34781 ,       24045 ,  0.0000000E+00 ,  0.1515993    
       34782 ,       24045 ,  0.0000000E+00 ,  0.1221270    
       34783 ,       24045 ,  0.0000000E+00 ,  5.8983207E-02
       34784 ,       24045 ,  0.0000000E+00 ,  7.6269768E-02
       34788 ,       24017 ,  0.0000000E+00 ,  5.1195502E-02
       34789 ,       24017 ,  0.0000000E+00 ,  4.0035535E-02
       34790 ,       24017 ,  0.0000000E+00 ,  5.7820063E-02
       34791 ,       24017 ,  0.0000000E+00 ,  5.3242523E-02
       34792 ,       24017 ,  0.0000000E+00 ,  3.2840949E-02
       34794 ,       28039 ,  0.0000000E+00 ,  1.3322430E-02
       34795 ,       28039 ,  0.0000000E+00 ,  4.6030328E-02
       34796 ,       28039 ,  0.0000000E+00 ,  2.6956998E-02
       34799 ,       28029 ,  0.0000000E+00 ,  5.5130996E-02
       34800 ,       28029 ,  8.9475000E-03 ,  0.1177438    
       34801 ,       28029 ,  0.9910524     ,  9.0818658E-02
       34802 ,       28029 ,  0.0000000E+00 ,  0.1106485    
       34803 ,       28011 ,  0.0000000E+00 ,  0.2766725    
       34804 ,       28021 ,  5.8532413E-02 ,  0.1750049    
       34805 ,       28043 ,  0.0000000E+00 ,  0.2233888    
       34806 ,       28043 ,  0.0000000E+00 ,  5.2650075E-02
       34808 ,       28012 ,  0.0000000E+00 ,  2.5854329E-02
       34809 ,       28012 ,  0.0000000E+00 ,  4.3902002E-02
       34810 ,       28012 ,  0.0000000E+00 ,  5.4083414E-02
       34811 ,       28012 ,  0.4385548     ,  8.6540028E-02
       34812 ,       28012 ,  0.0000000E+00 ,  4.1650724E-02
       34813 ,       28002 ,  0.0000000E+00 ,  4.4139542E-02
       34814 ,       28002 ,  0.0000000E+00 ,  6.0801529E-03
       34815 ,       28002 ,  0.0000000E+00 ,  4.7750682E-02
       34816 ,       28002 ,  0.0000000E+00 ,  5.9106860E-02
       34817 ,       28002 ,  0.0000000E+00 ,  3.3595499E-02
       35077 ,       25014 ,  0.0000000E+00 ,  3.6650613E-02
       35078 ,       25014 ,  0.2221643     ,  7.2546348E-02
       35079 ,       25014 ,  0.0000000E+00 ,  5.6221623E-02
       35080 ,       25009 ,  0.0000000E+00 ,  7.9046473E-02
       35081 ,       25009 ,  0.0000000E+00 ,  3.5348564E-02
       35082 ,       25009 ,  0.0000000E+00 ,  0.1197449    
       35083 ,       25014 ,  0.0000000E+00 ,  1.4203322E-02
       35094 ,       10014 ,  0.0000000E+00 ,  2.4294969E-02
       35095 ,       10014 ,  0.0000000E+00 ,  4.8832189E-02
       35096 ,       10014 ,  0.0000000E+00 ,  4.4009026E-02
       35097 ,       10014 ,  0.0000000E+00 ,  5.7008684E-02
       35107 ,       32049 ,  0.0000000E+00 ,  3.7896276E-02
       35108 ,       32049 ,  0.0000000E+00 ,  1.3224986E-02
       35109 ,       32049 ,  0.0000000E+00 ,  7.5446017E-02
       35110 ,       32010 ,  0.0000000E+00 ,  6.1329347E-03
       35111 ,       32010 ,  0.0000000E+00 ,  2.4288647E-02
       35113 ,       32005 ,  0.0000000E+00 ,  0.2699198    
       35114 ,       32005 ,  0.0000000E+00 ,  3.8498298E-03
       35115 ,       32013 ,  0.6488952     ,  0.4134840    
       35116 ,       32005 ,  0.2677995     ,  0.4038219    
       35117 ,       32037 ,  0.4516363     ,  0.2204729    
       35118 ,       32037 ,  0.3822253     ,  0.1587164    
       35121 ,       24049 ,  2.7209694E-02 ,  0.0000000E+00
       35122 ,       24049 ,  1.6794397E-02 ,  0.0000000E+00
       35123 ,       24049 ,  0.0000000E+00 ,  7.9110295E-02
       35124 ,       24049 ,  0.0000000E+00 ,  5.5564277E-02
       35125 ,       24049 ,  0.0000000E+00 ,  4.8110392E-02
       35126 ,       24049 ,  0.0000000E+00 ,  1.1432460E-02
       35127 ,       24049 ,  0.0000000E+00 ,  4.3545537E-02
       35133 ,       24045 ,  0.0000000E+00 ,  4.8518036E-03
       35134 ,       24045 ,   1.000000     ,  0.2454756    
       35135 ,       24045 ,  0.0000000E+00 ,  0.1137678    
       35136 ,       24045 ,  0.0000000E+00 ,  2.5912266E-02
       35141 ,       24017 ,  0.0000000E+00 ,  9.2723459E-02
       35142 ,       24017 ,  0.0000000E+00 ,  1.6247526E-02
       35148 ,       28039 ,  0.0000000E+00 ,  1.0977342E-02
       35149 ,       28039 ,  8.6734958E-02 ,  7.6215021E-02
       35150 ,       28039 ,  0.0000000E+00 ,  2.1696590E-02
       35151 ,       28029 ,  0.0000000E+00 ,  0.1079435    
       35152 ,       28029 ,  0.0000000E+00 ,  0.1498730    
       35157 ,       28011 ,  6.8533160E-02 ,  0.3061061    
       35158 ,       28043 ,  0.2760764     ,  0.2902505    
       35162 ,       28012 ,  0.0000000E+00 ,  3.6602475E-02
       35163 ,       28012 ,  0.0000000E+00 ,  2.0439323E-02
       35164 ,       28012 ,  0.0000000E+00 ,  3.1736895E-02
       35166 ,       28002 ,  0.0000000E+00 ,  1.2154809E-02
       35167 ,       28002 ,  0.0000000E+00 ,  5.5396251E-02
       35168 ,       28002 ,   1.000000     ,  0.1339581    
       35169 ,       28002 ,  0.0000000E+00 ,  8.2648076E-02
       35170 ,       28002 ,  0.0000000E+00 ,  2.2044774E-02
       35387 ,        3008 ,  1.3664104E-02 ,  0.0000000E+00
       35429 ,       25014 ,  0.0000000E+00 ,  5.5428829E-02
       35430 ,       25014 ,  0.0000000E+00 ,  4.8044007E-03
       35432 ,       25014 ,  1.9241961E-03 ,  8.1475683E-02
       35433 ,       25014 ,  0.7759115     ,  0.1069794    
       35434 ,       25014 ,  0.0000000E+00 ,  2.1914415E-02
       35435 ,       25014 ,  0.0000000E+00 ,  0.1011039    
       35447 ,       10014 ,  0.0000000E+00 ,  2.4371194E-02
       35448 ,       10014 ,  0.0000000E+00 ,  3.8961060E-02
       35449 ,       10014 ,  0.0000000E+00 ,  2.3550983E-03
       35450 ,       10014 ,  0.0000000E+00 ,  6.1799489E-02
       35451 ,       10014 ,  0.0000000E+00 ,  1.2416147E-02
       35454 ,       32049 ,  0.0000000E+00 ,  1.8153936E-05
       35460 ,       32049 ,  0.0000000E+00 ,  6.1586160E-02
       35463 ,       32010 ,  0.0000000E+00 ,  2.7024485E-02
       35464 ,       32010 ,  0.0000000E+00 ,  5.1661949E-03
       35466 ,       32013 ,  0.0000000E+00 ,  0.1287330    
       35467 ,       32013 ,  0.0000000E+00 ,  0.1955343    
       35468 ,       32013 ,  0.3511048     ,  4.6911184E-02
       35469 ,       32005 ,  0.1534234     ,  0.3182787    
       35470 ,       32037 ,  0.0000000E+00 ,  1.2883037E-02
       35471 ,       32037 ,  0.0000000E+00 ,  0.1950535    
       35473 ,       32051 ,  5.0960410E-02 ,  0.0000000E+00
       35474 ,       24049 ,  6.8893164E-02 ,  0.0000000E+00
       35475 ,       24049 ,  0.1358525     ,  4.1907344E-02
       35476 ,       24049 ,  0.2334389     ,  8.8148117E-02
       35477 ,       24049 ,  0.0000000E+00 ,  1.5468833E-02
       35479 ,       24049 ,  0.0000000E+00 ,  4.2337693E-02
       35480 ,       24049 ,  0.0000000E+00 ,  3.5281437E-03
       35483 ,       24015 ,  0.0000000E+00 ,  6.7725308E-02
       35484 ,       24015 ,  0.0000000E+00 ,  1.2059497E-02
       35487 ,       24015 ,  0.0000000E+00 ,  7.7027164E-02
       35489 ,       24015 ,  0.0000000E+00 ,  9.2608772E-02
       35493 ,       24047 ,  0.0000000E+00 ,  4.1676011E-02
       35494 ,       24017 ,  0.0000000E+00 ,  3.3638962E-02
       35500 ,       28039 ,  0.0000000E+00 ,  5.9302792E-02
       35501 ,       28039 ,  0.0000000E+00 ,  4.6751227E-02
       35502 ,       28039 ,  0.8824927     ,  9.4672449E-02
       35503 ,       28039 ,  3.0772360E-02 ,  6.5180600E-02
       35504 ,       28039 ,  0.0000000E+00 ,  3.0649604E-02
       35505 ,       28029 ,  0.0000000E+00 ,  8.0862097E-02
       35509 ,       28011 ,  0.2618996     ,  0.3152175    
       35510 ,       28011 ,  0.0000000E+00 ,  9.5575549E-02
       35511 ,       28043 ,  0.7239236     ,  0.1134347    
       35512 ,       28043 ,  0.0000000E+00 ,  0.1515631    
       35513 ,       28012 ,  0.0000000E+00 ,  3.8882252E-02
       35514 ,       28012 ,  0.0000000E+00 ,  3.6242228E-02
       35515 ,       28012 ,  0.0000000E+00 ,  3.8473338E-03
       35517 ,       28012 ,  0.0000000E+00 ,  3.6296252E-02
       35521 ,       28002 ,  0.0000000E+00 ,  6.1876591E-02
       35522 ,       28002 ,  0.0000000E+00 ,  1.4954647E-02
       35523 ,       28002 ,  0.0000000E+00 ,  5.1156551E-02
       35524 ,       28002 ,  0.0000000E+00 ,  6.2947609E-02
       35739 ,        3008 ,  0.2151330     ,  2.4698343E-02
       35740 ,        3008 ,  0.2697139     ,  6.1312065E-02
       35741 ,        3008 ,  0.0000000E+00 ,  3.5822853E-02
       35781 ,       25014 ,  0.0000000E+00 ,  3.1846926E-02
       35782 ,       25014 ,  0.0000000E+00 ,  3.9456293E-02
       35784 ,       25004 ,  0.0000000E+00 ,  6.8986170E-02
       35785 ,       25014 ,  0.0000000E+00 ,  2.3640111E-02
       35786 ,       25014 ,  0.0000000E+00 ,  5.3676851E-02
       35787 ,       25014 ,  0.0000000E+00 ,  1.2668591E-02
       35788 ,       25014 ,  0.0000000E+00 ,  3.7441868E-02
       35789 ,       25014 ,  0.0000000E+00 ,  5.7300940E-02
       35790 ,       25014 ,  0.0000000E+00 ,  1.4186824E-04
       35799 ,       10014 ,  0.0000000E+00 ,  8.5298212E-05
       35801 ,       10014 ,  0.0000000E+00 ,  4.1867990E-02
       35803 ,       10014 ,  0.0000000E+00 ,  1.3407630E-02
       35804 ,       10014 ,  0.0000000E+00 ,  1.3165821E-02
       35813 ,       32049 ,  0.0000000E+00 ,  7.6958008E-02
       35814 ,       32010 ,  0.0000000E+00 ,  2.0531453E-02
       35815 ,       32010 ,  0.0000000E+00 ,  7.1786465E-03
       35816 ,       32010 ,  0.0000000E+00 ,  1.5706541E-02
       35817 ,       32010 ,  0.0000000E+00 ,  1.8889999E-02
       35818 ,       32010 ,  0.0000000E+00 ,  8.1793368E-03
       35819 ,       32010 ,  7.0987077E-04 ,  6.8740263E-03
       35820 ,       32010 ,  1.0171146E-02 ,  4.1233964E-02
       35821 ,       32010 ,  5.4982086E-03 ,  1.5948847E-02
       35822 ,       32010 ,  0.0000000E+00 ,  2.8138220E-02
       35823 ,       32037 ,  0.0000000E+00 ,  0.1212689    
       35824 ,       32037 ,  0.0000000E+00 ,  9.7174548E-02
       35825 ,       32051 ,  0.0000000E+00 ,  1.8230636E-02
       35826 ,       32051 ,  0.2493589     ,  3.2194987E-02
       35827 ,       24033 ,  0.0000000E+00 ,  2.7610876E-02
       35828 ,       24049 ,  3.1650580E-02 ,  1.2983322E-02
       35832 ,       24033 ,  0.0000000E+00 ,  3.7090268E-02
       35837 ,       24015 ,  0.0000000E+00 ,  8.4715940E-02
       35839 ,       24015 ,  0.8342881     ,  8.0923095E-02
       35840 ,       24015 ,  0.1657119     ,  0.1460821    
       35842 ,       24015 ,  0.0000000E+00 ,  3.0694610E-02
       35843 ,       24015 ,  0.0000000E+00 ,  5.0244052E-02
       35846 ,       24047 ,  0.0000000E+00 ,  0.1503755    
       35847 ,       24017 ,  0.0000000E+00 ,  2.8000895E-02
       35851 ,       28006 ,  0.0000000E+00 ,  1.6153599E-03
       35852 ,       28039 ,  0.0000000E+00 ,  3.9338116E-02
       35853 ,       28039 ,  0.0000000E+00 ,  6.7481403E-03
       35854 ,       28039 ,  0.0000000E+00 ,  1.9311735E-02
       35855 ,       28039 ,  0.0000000E+00 ,  9.5818371E-02
       35856 ,       28039 ,  0.0000000E+00 ,  1.9936888E-03
       35857 ,       28031 ,  0.0000000E+00 ,  1.5806045E-02
       35858 ,       28029 ,  0.0000000E+00 ,  2.0062474E-03
       35862 ,       28011 ,  8.0032237E-02 ,  6.6786468E-02
       35866 ,       28019 ,  0.0000000E+00 ,  6.5151811E-02
       35867 ,       28019 ,  0.0000000E+00 ,  5.2721541E-02
       35868 ,       28019 ,  0.0000000E+00 ,  5.1445920E-02
       35869 ,       28012 ,  0.0000000E+00 ,  1.9143557E-02
       35870 ,       28012 ,  0.0000000E+00 ,  6.5017585E-04
       35874 ,       28002 ,  0.0000000E+00 ,  5.3933926E-02
       35877 ,       28002 ,  0.0000000E+00 ,  1.7877666E-02
       36091 ,        3008 ,  0.0000000E+00 ,  2.3666231E-02
       36092 ,        3008 ,  0.0000000E+00 ,  2.9370461E-02
       36093 ,        3008 ,  0.0000000E+00 ,  6.6442518E-03
       36094 ,        3008 ,  0.0000000E+00 ,  1.9309985E-02
       36095 ,        3008 ,  2.4441740E-02 ,  5.6648474E-02
       36132 ,       25012 ,  6.9385732E-04 ,  0.0000000E+00
       36133 ,       25012 ,  3.1303480E-05 ,  1.9143641E-02
       36134 ,       25012 ,  1.2922024E-02 ,  8.6821958E-02
       36135 ,       25012 ,  1.6362127E-02 ,  2.5023222E-02
       36136 ,       25004 ,  0.0000000E+00 ,  8.8932581E-02
       36137 ,       25004 ,  0.0000000E+00 ,  2.8567886E-02
       36138 ,       25014 ,  0.0000000E+00 ,  1.7574381E-03
       36139 ,       25014 ,  0.0000000E+00 ,  5.2692428E-02
       36154 ,       10014 ,  0.0000000E+00 ,  1.9272184E-02
       36156 ,       10014 ,  0.0000000E+00 ,  2.1099662E-02
       36163 ,       32021 ,  0.0000000E+00 ,  0.3439817    
       36164 ,       32042 ,  0.0000000E+00 ,  3.7266530E-02
       36165 ,       32042 ,  0.0000000E+00 ,  3.5342652E-02
       36166 ,       32010 ,  0.0000000E+00 ,  2.1838931E-02
       36167 ,       32010 ,  0.0000000E+00 ,  1.7751997E-02
       36168 ,       32010 ,  0.0000000E+00 ,  3.5803944E-02
       36169 ,       32010 ,  0.0000000E+00 ,  1.2107635E-02
       36170 ,       32010 ,  0.0000000E+00 ,  3.0747572E-02
       36171 ,       32010 ,  0.0000000E+00 ,  2.0960309E-02
       36172 ,       32010 ,  0.3169455     ,  5.1997595E-02
       36173 ,       32010 ,  0.4929522     ,  7.9020388E-02
       36174 ,       32010 ,  1.4416205E-02 ,  2.7168609E-02
       36175 ,       32010 ,  0.0000000E+00 ,  1.5381303E-02
       36176 ,       32010 ,  0.0000000E+00 ,  2.0648072E-02
       36177 ,       32051 ,  0.3046994     ,  4.1379672E-02
       36178 ,       32051 ,  0.0000000E+00 ,  4.3464940E-02
       36179 ,       32051 ,  6.8388887E-02 ,  3.8064232E-03
       36180 ,       24033 ,  0.0000000E+00 ,  1.3769232E-02
       36181 ,       24033 ,  0.0000000E+00 ,  8.4696531E-02
       36185 ,       24033 ,  0.0000000E+00 ,  2.3382155E-02
       36186 ,       24033 ,  0.0000000E+00 ,  8.7777823E-03
       36190 ,       24015 ,  0.0000000E+00 ,  3.8561527E-02
       36191 ,       24015 ,  0.0000000E+00 ,  8.3147749E-02
       36192 ,       24015 ,  0.0000000E+00 ,  2.1274207E-02
       36193 ,       24015 ,  0.0000000E+00 ,  6.4221196E-02
       36194 ,       24015 ,  0.0000000E+00 ,  0.1268845    
       36195 ,       24015 ,  0.0000000E+00 ,  1.1288589E-02
       36196 ,       24047 ,  0.0000000E+00 ,  0.1153691    
       36199 ,       24020 ,  0.0000000E+00 ,  7.6423690E-02
       36205 ,       28006 ,  0.0000000E+00 ,  7.1647033E-02
       36207 ,       28006 ,  0.0000000E+00 ,  7.0400976E-02
       36208 ,       28006 ,  0.0000000E+00 ,  6.1004054E-02
       36209 ,       28039 ,  0.0000000E+00 ,  3.9621629E-02
       36210 ,       28031 ,  0.0000000E+00 ,  0.1719045    
       36211 ,       28017 ,  0.0000000E+00 ,  4.4270087E-02
       36214 ,       28019 ,  0.0000000E+00 ,  3.3400025E-02
       36215 ,       28019 ,  0.0000000E+00 ,  7.4021064E-02
       36216 ,       28019 ,  0.0000000E+00 ,  1.2140670E-03
       36219 ,       28019 ,  0.0000000E+00 ,  6.8282738E-02
       36222 ,       28019 ,  0.0000000E+00 ,  3.8447253E-02
       36227 ,       28002 ,  0.0000000E+00 ,  3.3316815E-03
       36228 ,       28002 ,  0.0000000E+00 ,  6.2991209E-02
       36444 ,        3008 ,  0.0000000E+00 ,  2.3844736E-02
       36445 ,        3008 ,  0.0000000E+00 ,  3.1023690E-02
       36446 ,        3008 ,  0.0000000E+00 ,  2.9916710E-03
       36447 ,        3008 ,  0.0000000E+00 ,  2.4061063E-02
       36448 ,        3008 ,  0.4064983     ,  6.5225221E-02
       36449 ,        3008 ,  0.0000000E+00 ,  2.3063434E-02
       36450 ,        3008 ,  0.0000000E+00 ,  2.7255353E-02
       36485 ,       25012 ,  0.2675737     ,  2.1886012E-02
       36486 ,       25012 ,  0.4339826     ,  7.7593349E-02
       36487 ,       25012 ,  1.2124164E-03 ,  8.9730658E-02
       36488 ,       25012 ,  4.3746021E-02 ,  0.1483725    
       36489 ,       25004 ,  0.0000000E+00 ,  5.0442196E-02
       36491 ,       25014 ,  0.0000000E+00 ,  3.4358099E-02
       36498 ,       10023 ,  0.0000000E+00 ,  7.2370637E-03
       36507 ,       10014 ,  0.0000000E+00 ,  3.1968632E-03
       36509 ,       10014 ,  0.0000000E+00 ,  3.6538772E-02
       36515 ,       32021 ,   1.000000     ,  0.4690008    
       36516 ,       32021 ,  0.0000000E+00 ,  0.4021892    
       36517 ,       32042 ,  0.0000000E+00 ,  1.4238497E-02
       36519 ,       32010 ,  0.0000000E+00 ,  3.6342291E-04
       36520 ,       32010 ,  0.0000000E+00 ,  1.4257928E-02
       36521 ,       32010 ,  0.0000000E+00 ,  1.6171815E-02
       36523 ,       32010 ,  0.0000000E+00 ,  3.3145994E-03
       36524 ,       32010 ,  5.6555215E-02 ,  2.1371059E-02
       36525 ,       32010 ,  0.0000000E+00 ,  3.9105829E-02
       36526 ,       32010 ,  0.0000000E+00 ,  4.5169692E-04
       36527 ,       32010 ,  0.0000000E+00 ,  1.1442707E-02
       36529 ,       32010 ,  0.0000000E+00 ,  9.7610960E-03
       36530 ,       32051 ,  0.0000000E+00 ,  2.6972249E-02
       36531 ,       32051 ,  0.1552741     ,  3.1680670E-02
       36532 ,       32051 ,  0.1713184     ,  3.5265565E-02
       36533 ,       24033 ,  0.0000000E+00 ,  3.5643745E-02
       36534 ,       24033 ,  0.0000000E+00 ,  3.6443283E-03
       36535 ,       24033 ,  0.0000000E+00 ,  7.3601514E-02
       36536 ,       24033 ,  0.0000000E+00 ,  7.8002438E-02
       36537 ,       24033 ,  0.0000000E+00 ,  3.5212670E-02
       36538 ,       24033 ,  0.5617175     ,  4.1751154E-02
       36546 ,       24015 ,  0.0000000E+00 ,  1.3956655E-03
       36547 ,       24015 ,  0.0000000E+00 ,  9.5842011E-02
       36548 ,       24047 ,  0.0000000E+00 ,  0.1052350    
       36549 ,       24047 ,  0.0000000E+00 ,  0.1362703    
       36552 ,       24020 ,  0.0000000E+00 ,  7.6386295E-02
       36554 ,       19014 ,  0.0000000E+00 ,  2.3847962E-02
       36557 ,       28006 ,  0.0000000E+00 ,  7.6396897E-02
       36558 ,       28006 ,  0.0000000E+00 ,  7.7669099E-02
       36559 ,       28006 ,  0.0000000E+00 ,  3.6247633E-02
       36560 ,       28006 ,  0.0000000E+00 ,  3.5824440E-02
       36561 ,       28006 ,  0.0000000E+00 ,  5.8121137E-02
       36562 ,       28006 ,  0.0000000E+00 ,  0.1030851    
       36563 ,       28031 ,  0.7452344     ,  0.2101527    
       36564 ,       28017 ,  0.0000000E+00 ,  8.1534430E-02
       36567 ,       28019 ,  0.0000000E+00 ,  1.6299659E-02
       36568 ,       28019 ,  0.0000000E+00 ,  2.9294420E-02
       36569 ,       28019 ,  0.0000000E+00 ,  4.6773393E-02
       36570 ,       28019 ,  0.0000000E+00 ,  2.8144520E-02
       36571 ,       28019 ,  0.0000000E+00 ,  8.6283252E-02
       36572 ,       28019 ,  0.0000000E+00 ,  2.4861449E-02
       36581 ,       28002 ,  0.0000000E+00 ,  5.0720900E-02
       36796 ,        3003 ,  0.0000000E+00 ,  3.3728641E-03
       36797 ,        3008 ,  0.0000000E+00 ,  1.6855745E-02
       36798 ,        3008 ,  0.0000000E+00 ,  4.8865736E-03
       36801 ,        3008 ,  7.0548959E-02 ,  4.5205671E-02
       36802 ,        3008 ,  0.0000000E+00 ,  3.0877410E-02
       36803 ,        3008 ,  0.0000000E+00 ,  2.3333080E-02
       36804 ,        3008 ,  0.0000000E+00 ,  4.0778756E-02
       36838 ,       25012 ,  8.8820986E-02 ,  7.1050286E-02
       36839 ,       25012 ,  0.1346549     ,  5.7375338E-02
       36841 ,       25004 ,  0.0000000E+00 ,  6.1009757E-02
       36842 ,       25004 ,  0.7390280     ,  0.1359950    
       36843 ,       25004 ,  0.2586514     ,  0.1163979    
       36844 ,       25004 ,  0.0000000E+00 ,  1.7469855E-02
       36849 ,       10023 ,  0.0000000E+00 ,  2.1715257E-02
       36850 ,       10023 ,  0.0000000E+00 ,  5.0841041E-02
       36851 ,       10023 ,  0.0000000E+00 ,  2.2505488E-02
       36856 ,       10023 ,  0.0000000E+00 ,  6.0234019E-03
       36858 ,       10014 ,  0.0000000E+00 ,  4.1796476E-02
       36860 ,       10014 ,  0.0000000E+00 ,  4.2967003E-02
       36862 ,       10014 ,  0.0000000E+00 ,  2.9819246E-02
       36863 ,       10014 ,  0.0000000E+00 ,  2.4313947E-02
       36864 ,       10033 ,  0.0000000E+00 ,  1.2690762E-02
       36867 ,       32009 ,  0.0000000E+00 ,  0.1566882    
       36868 ,       32021 ,  0.0000000E+00 ,  0.1806459    
       36871 ,       32042 ,  0.0000000E+00 ,  2.6489308E-02
       36872 ,       32010 ,  0.0000000E+00 ,  2.0683516E-02
       36873 ,       32010 ,  0.0000000E+00 ,  8.4445532E-03
       36874 ,       32010 ,  0.0000000E+00 ,  2.6523666E-02
       36875 ,       32010 ,  0.0000000E+00 ,  1.8603493E-02
       36876 ,       32010 ,  0.0000000E+00 ,  2.4274128E-02
       36877 ,       32010 ,  3.3107966E-02 ,  2.3224063E-02
       36878 ,       32010 ,  0.0000000E+00 ,  3.0579260E-02
       36880 ,       32010 ,  0.0000000E+00 ,  1.1344982E-03
       36881 ,       32010 ,  0.0000000E+00 ,  1.6607825E-02
       36884 ,       32051 ,  0.0000000E+00 ,  1.2317748E-02
       36885 ,       24033 ,  0.0000000E+00 ,  4.0608216E-02
       36886 ,       24033 ,  0.0000000E+00 ,  3.4701392E-02
       36888 ,       32051 ,  0.0000000E+00 ,  3.1778358E-02
       36889 ,       24033 ,  0.0000000E+00 ,  2.8687838E-02
       36890 ,       24033 ,  0.0000000E+00 ,  2.8658509E-02
       36891 ,       24033 ,  0.4382826     ,  5.7197522E-02
       36892 ,       24033 ,  0.0000000E+00 ,  7.4798986E-02
       36900 ,       24006 ,  0.0000000E+00 ,  9.9905118E-02
       36902 ,       24047 ,   1.000000     ,  9.6249111E-02
       36903 ,       24047 ,  0.0000000E+00 ,  3.5433479E-02
       36904 ,       24020 ,  0.0000000E+00 ,  5.0673984E-02
       36905 ,       24020 ,  0.0000000E+00 ,  2.5812706E-02
       36907 ,       19014 ,  0.0000000E+00 ,  2.7177770E-02
       36910 ,       28006 ,  0.0000000E+00 ,  6.3407965E-02
       36911 ,       28006 ,  0.0000000E+00 ,  3.5161573E-02
       36912 ,       28006 ,  0.0000000E+00 ,  0.1750422    
       36913 ,       28006 ,  0.0000000E+00 ,  7.7878144E-03
       36914 ,       28006 ,  0.0000000E+00 ,  0.1000595    
       36915 ,       28031 ,  0.0000000E+00 ,  0.1180704    
       36916 ,       28031 ,  0.2547656     ,  0.2657039    
       36917 ,       28031 ,  0.0000000E+00 ,  0.2476584    
       36918 ,       28017 ,  0.0000000E+00 ,  2.2864858E-02
       36922 ,       28019 ,   1.000000     ,  0.1052025    
       36923 ,       28019 ,  0.0000000E+00 ,  2.6402876E-02
       36924 ,       28019 ,  0.0000000E+00 ,  1.2149504E-02
       36925 ,       28019 ,  0.0000000E+00 ,  3.6533229E-02
       36934 ,       28037 ,  0.0000000E+00 ,  2.6566163E-02
       37149 ,        3003 ,  0.0000000E+00 ,  1.0869585E-02
       37150 ,        3003 ,  0.0000000E+00 ,  1.2740002E-02
       37151 ,        3003 ,  0.0000000E+00 ,  7.4673076E-03
       37152 ,        3008 ,  0.0000000E+00 ,  1.4610688E-02
       37153 ,        3008 ,  0.0000000E+00 ,  1.9784642E-02
       37154 ,        3008 ,  0.0000000E+00 ,  3.0719880E-02
       37156 ,        3008 ,  0.0000000E+00 ,  2.4854254E-02
       37157 ,        3008 ,  0.0000000E+00 ,  2.3477491E-02
       37190 ,       25012 ,  0.0000000E+00 ,  4.5740575E-02
       37191 ,       25012 ,  0.0000000E+00 ,  0.1127344    
       37192 ,       25012 ,  0.0000000E+00 ,  9.5053790E-03
       37195 ,       25004 ,  0.0000000E+00 ,  4.8031107E-02
       37197 ,       25004 ,  0.0000000E+00 ,  0.1002315    
       37198 ,       25004 ,  0.0000000E+00 ,  6.1071359E-02
       37203 ,       10023 ,  0.0000000E+00 ,  6.0588390E-02
       37206 ,       10023 ,  0.0000000E+00 ,  4.3662805E-02
       37207 ,       10023 ,  0.0000000E+00 ,  6.0375847E-02
       37208 ,       10023 ,  0.0000000E+00 ,  9.3249930E-03
       37209 ,       10023 ,  0.0000000E+00 ,  4.1938659E-02
       37211 ,       10014 ,  0.0000000E+00 ,  4.8526078E-02
       37213 ,       10014 ,  0.0000000E+00 ,  4.7128744E-02
       37214 ,       10014 ,  0.2327183     ,  3.6770117E-03
       37215 ,       10014 ,  0.0000000E+00 ,  3.1880509E-02
       37216 ,       10014 ,  0.0000000E+00 ,  9.5826946E-03
       37217 ,       10033 ,  0.0000000E+00 ,  0.1074077    
       37219 ,       32009 ,  0.0000000E+00 ,  2.6835878E-03
       37220 ,       32009 ,  0.5830769     ,  0.2641691    
       37224 ,       32042 ,  0.0000000E+00 ,  3.8608443E-02
       37229 ,       32040 ,  0.0000000E+00 ,  0.1100779    
       37230 ,       32010 ,  3.6261210E-03 ,  6.9531086E-03
       37231 ,       32010 ,  4.4079289E-02 ,  3.0650558E-02
       37232 ,       32010 ,  0.0000000E+00 ,  1.7450595E-02
       37233 ,       32010 ,  0.0000000E+00 ,  6.7717058E-04
       37234 ,       32010 ,  0.0000000E+00 ,  1.5761586E-02
       37235 ,       32010 ,  0.0000000E+00 ,  3.5492745E-03
       37237 ,       32051 ,  0.0000000E+00 ,  1.8157849E-02
       37239 ,       24033 ,  0.0000000E+00 ,  6.2127236E-02
       37240 ,       32051 ,  0.0000000E+00 ,  3.8045332E-02
       37241 ,       32051 ,  0.0000000E+00 ,  5.6843780E-04
       37245 ,       24033 ,  0.0000000E+00 ,  2.2875430E-02
       37246 ,       24033 ,  0.0000000E+00 ,  5.7716854E-02
       37253 ,       24006 ,  0.0000000E+00 ,  0.1005204    
       37256 ,       24020 ,  0.0000000E+00 ,  9.4720647E-02
       37257 ,       24020 ,  0.0000000E+00 ,  0.1607814    
       37260 ,       19014 ,  0.0000000E+00 ,  2.8643774E-02
       37261 ,       19036 ,  0.0000000E+00 ,  3.4824353E-02
       37262 ,       19036 ,  0.0000000E+00 ,  0.2192061    
       37263 ,       19036 ,   1.000000     ,  0.2905735    
       37264 ,       19036 ,  0.0000000E+00 ,  0.2054195    
       37266 ,       28006 ,  0.0000000E+00 ,  8.1837617E-02
       37267 ,       28006 ,   1.000000     ,  9.8480701E-02
       37268 ,       28031 ,  0.0000000E+00 ,  0.1591576    
       37269 ,       28031 ,  0.0000000E+00 ,  0.1613993    
       37270 ,       28031 ,  0.0000000E+00 ,  0.1146202    
       37271 ,       28017 ,   1.000000     ,  0.1513554    
       37272 ,       28017 ,  0.0000000E+00 ,  1.9560056E-02
       37275 ,       28019 ,  0.0000000E+00 ,  2.6280349E-02
       37276 ,       28019 ,  0.0000000E+00 ,  2.7074873E-02
       37277 ,       28019 ,  0.0000000E+00 ,  5.3670362E-02
       37286 ,       28037 ,  0.0000000E+00 ,  2.2539385E-02
       37287 ,       28037 ,  0.0000000E+00 ,  4.8220130E-03
       37502 ,        3003 ,  0.0000000E+00 ,  1.2068392E-02
       37504 ,        3003 ,  0.0000000E+00 ,  1.2542920E-02
       37507 ,        3008 ,  0.0000000E+00 ,  4.1371852E-02
       37508 ,        3008 ,  0.0000000E+00 ,  3.4478663E-03
       37510 ,        3008 ,  0.0000000E+00 ,  1.9089101E-02
       37511 ,        3008 ,  0.0000000E+00 ,  3.3960573E-03
       37542 ,       25012 ,  0.0000000E+00 ,  2.4411273E-03
       37543 ,       25012 ,  0.0000000E+00 ,  0.1120678    
       37544 ,       25012 ,  0.0000000E+00 ,  4.9334463E-02
       37551 ,       25004 ,  0.0000000E+00 ,  0.1024492    
       37556 ,       10023 ,  0.0000000E+00 ,  2.5868557E-02
       37557 ,       10023 ,  0.0000000E+00 ,  1.8079564E-02
       37561 ,       10023 ,  0.0000000E+00 ,  3.3058818E-02
       37562 ,       10023 ,  0.0000000E+00 ,  6.5377221E-02
       37563 ,       10005 ,  0.0000000E+00 ,  2.6658824E-02
       37564 ,       10005 ,  0.0000000E+00 ,  2.1554798E-02
       37566 ,       10014 ,  0.0000000E+00 ,  3.9802175E-03
       37567 ,       10014 ,  0.7529424     ,  6.2324811E-02
       37568 ,       10014 ,  1.4339218E-02 ,  1.2349784E-02
       37570 ,       10033 ,  0.0000000E+00 ,  7.7894464E-02
       37571 ,       10033 ,  0.0000000E+00 ,  1.7655037E-02
       37572 ,       32009 ,  0.0000000E+00 ,  1.5961645E-02
       37573 ,       32009 ,  0.4169230     ,  0.2720612    
       37574 ,       32009 ,  0.0000000E+00 ,  9.7718135E-02
       37575 ,       32042 ,  0.0000000E+00 ,  2.9591799E-02
       37576 ,       32042 ,  0.0000000E+00 ,  4.2127676E-02
       37577 ,       32042 ,  0.0000000E+00 ,  9.2657115E-03
       37580 ,       32040 ,  0.0000000E+00 ,  5.6567427E-02
       37581 ,       32040 ,  0.0000000E+00 ,  0.1284305    
       37582 ,       32040 ,  0.0000000E+00 ,  8.0821119E-02
       37584 ,       32040 ,  0.0000000E+00 ,  0.2364807    
       37585 ,       32006 ,  0.0000000E+00 ,  0.2304328    
       37587 ,       32006 ,  0.0000000E+00 ,  1.7627139E-02
       37588 ,       32051 ,  0.0000000E+00 ,  4.4301260E-02
       37589 ,       32051 ,  0.0000000E+00 ,  1.3272678E-02
       37590 ,       32051 ,  0.0000000E+00 ,  8.4139907E-04
       37593 ,       32051 ,  0.0000000E+00 ,  3.7195504E-02
       37594 ,       32051 ,  0.0000000E+00 ,  1.3014199E-02
       37599 ,       24033 ,  0.0000000E+00 ,  4.0587604E-02
       37600 ,       24033 ,  0.0000000E+00 ,  6.0058977E-02
       37606 ,       24006 ,  0.0000000E+00 ,  8.6548284E-02
       37609 ,       24020 ,  0.0000000E+00 ,  1.4121254E-03
       37610 ,       24020 ,  0.0000000E+00 ,  7.6127328E-02
       37613 ,       19014 ,  0.0000000E+00 ,  2.8311677E-02
       37614 ,       19014 ,  0.0000000E+00 ,  2.8179359E-02
       37618 ,       28026 ,  0.0000000E+00 ,  6.3629739E-02
       37619 ,       28026 ,  0.0000000E+00 ,  0.1035890    
       37620 ,       28006 ,  0.0000000E+00 ,  4.4114158E-02
       37621 ,       28017 ,  0.0000000E+00 ,  0.1385829    
       37622 ,       28017 ,  0.0000000E+00 ,  8.2992353E-02
       37624 ,       28017 ,  0.0000000E+00 ,  7.8944601E-02
       37628 ,       28019 ,  0.0000000E+00 ,  1.4181912E-02
       37629 ,       28019 ,  0.0000000E+00 ,  3.7443593E-02
       37630 ,       28019 ,  0.0000000E+00 ,  3.5833199E-02
       37639 ,       28037 ,  0.0000000E+00 ,  2.9465301E-02
       37642 ,       28037 ,  0.0000000E+00 ,  9.6447971E-03
       37855 ,        3003 ,  0.0000000E+00 ,  1.4286734E-02
       37856 ,        3003 ,  0.0000000E+00 ,  1.0552918E-02
       37857 ,        3003 ,  0.0000000E+00 ,  2.6359612E-03
       37860 ,        3008 ,  0.0000000E+00 ,  2.3485135E-02
       37861 ,        3008 ,  0.0000000E+00 ,  3.0357908E-02
       37863 ,        3008 ,  0.0000000E+00 ,  1.5604256E-02
       37864 ,        3008 ,  0.0000000E+00 ,  9.2770755E-03
       37895 ,       25016 ,  0.0000000E+00 ,  0.1109801    
       37896 ,       25012 ,  0.0000000E+00 ,  3.0226996E-02
       37897 ,       25012 ,  0.0000000E+00 ,  2.6102431E-02
       37904 ,       10026 ,  0.0000000E+00 ,  8.9295484E-02
       37908 ,       10023 ,  0.0000000E+00 ,  1.7777809E-03
       37909 ,       10023 ,  0.0000000E+00 ,  4.4372585E-02
       37910 ,       10023 ,  0.0000000E+00 ,  1.7644387E-03
       37916 ,       10005 ,  0.0000000E+00 ,  5.0086048E-03
       37917 ,       10005 ,  0.0000000E+00 ,  5.3863246E-03
       37921 ,       10014 ,  0.0000000E+00 ,  3.4738012E-02
       37924 ,       10033 ,  0.0000000E+00 ,  0.1220104    
       37925 ,       10033 ,  0.0000000E+00 ,  0.2016493    
       37926 ,       10033 ,   1.000000     ,  0.3088855    
       37927 ,       32009 ,  0.0000000E+00 ,  0.1229320    
       37929 ,       32042 ,  0.4950843     ,  4.3892182E-02
       37931 ,       32042 ,  0.0000000E+00 ,  6.0047116E-03
       37932 ,       32042 ,  0.0000000E+00 ,  3.2023955E-02
       37933 ,       32040 ,   1.000000     ,  0.1512477    
       37934 ,       32040 ,  0.0000000E+00 ,  0.1338123    
       37935 ,       32040 ,  0.0000000E+00 ,  1.7358033E-02
       37936 ,       32039 ,  0.0000000E+00 ,  1.5551649E-02
       37937 ,       32040 ,  0.0000000E+00 ,  9.1792345E-02
       37938 ,       32006 ,  0.0000000E+00 ,  6.6872112E-02
       37939 ,       32006 ,   1.000000     ,  0.3071433    
       37940 ,       32006 ,  0.0000000E+00 ,  0.1401804    
       37941 ,       32051 ,  0.0000000E+00 ,  4.2255181E-03
       37942 ,       32051 ,  0.0000000E+00 ,  2.3264445E-02
       37946 ,       32051 ,  0.0000000E+00 ,  1.2474178E-02
       37947 ,       32051 ,  0.0000000E+00 ,  1.9655878E-02
       37948 ,       32051 ,  0.0000000E+00 ,  1.5629917E-02
       37949 ,       32051 ,  0.0000000E+00 ,  1.0229903E-02
       37950 ,       32051 ,  0.0000000E+00 ,  1.1946475E-02
       37953 ,       24033 ,  0.0000000E+00 ,  1.9752035E-02
       37954 ,       24033 ,  0.0000000E+00 ,  6.3426636E-02
       37959 ,       24006 ,  0.0000000E+00 ,  7.2897486E-02
       37962 ,       24020 ,  1.5764907E-02 ,  1.7605523E-02
       37963 ,       24020 ,  0.3621635     ,  0.1043002    
       37965 ,       19014 ,  0.0000000E+00 ,  1.7565260E-02
       37966 ,       19014 ,  0.0000000E+00 ,  1.3535270E-02
       37967 ,       19014 ,  0.0000000E+00 ,  1.2358871E-02
       37968 ,       19014 ,  0.0000000E+00 ,  1.7464953E-02
       37969 ,       19014 ,  0.0000000E+00 ,  1.7389070E-02
       37970 ,       19014 ,  0.0000000E+00 ,  8.7584425E-03
       37971 ,       28026 ,  0.0000000E+00 ,  9.2409275E-02
       37972 ,       28026 ,  0.0000000E+00 ,  3.1769540E-02
       37973 ,       28026 ,   1.000000     ,  0.2261389    
       37974 ,       28017 ,  0.0000000E+00 ,  6.7808643E-02
       37975 ,       28017 ,  0.0000000E+00 ,  2.0738270E-02
       37977 ,       28017 ,  0.0000000E+00 ,  4.4169068E-02
       37978 ,       28017 ,  0.0000000E+00 ,  0.1106970    
       37979 ,       28041 ,  0.0000000E+00 ,  6.0272820E-02
       37980 ,       28041 ,  0.0000000E+00 ,  4.7715660E-03
       37981 ,       28019 ,  0.0000000E+00 ,  9.0088293E-02
       37982 ,       28008 ,  0.0000000E+00 ,  0.1107595    
       37985 ,       28008 ,  0.0000000E+00 ,  2.5223337E-02
       37986 ,       28008 ,  0.0000000E+00 ,  0.1205489    
       37987 ,       28037 ,  0.0000000E+00 ,  2.8017741E-02
       37988 ,       28037 ,  0.0000000E+00 ,  2.1013601E-02
       37992 ,       28037 ,  0.0000000E+00 ,  3.8243875E-02
       37993 ,       28037 ,  0.0000000E+00 ,  2.5150578E-02
       37994 ,       28037 ,  0.0000000E+00 ,  2.7398568E-02
       37995 ,       28037 ,  0.0000000E+00 ,  1.0276061E-02
       38207 ,        3003 ,  3.7064277E-02 ,  9.9161444E-03
       38208 ,        3003 ,  5.6072116E-02 ,  1.2269892E-02
       38213 ,        3008 ,  0.0000000E+00 ,  4.6404996E-03
       38214 ,        3008 ,  0.0000000E+00 ,  3.3807769E-02
       38215 ,        3008 ,  0.0000000E+00 ,  4.4886896E-04
       38216 ,        3008 ,  0.0000000E+00 ,  3.0341517E-02
       38247 ,       25016 ,  0.0000000E+00 ,  8.9673266E-02
       38248 ,       25016 ,  0.0000000E+00 ,  1.8469888E-03
       38249 ,       25016 ,  0.0000000E+00 ,  6.2416568E-02
       38257 ,       10026 ,  0.0000000E+00 ,  5.5732083E-02
       38258 ,       10023 ,  0.0000000E+00 ,  7.3426276E-02
       38260 ,       10023 ,  0.0000000E+00 ,  1.9759998E-02
       38261 ,       10023 ,  0.0000000E+00 ,  3.2719903E-02
       38262 ,       10023 ,  0.0000000E+00 ,  6.6588372E-02
       38269 ,       10005 ,  0.0000000E+00 ,  2.1162079E-05
       38270 ,       10005 ,  0.0000000E+00 ,  9.6012652E-03
       38273 ,       10014 ,  0.0000000E+00 ,  2.1408904E-02
       38274 ,       10014 ,  0.0000000E+00 ,  2.0525642E-02
       38277 ,       10038 ,  0.0000000E+00 ,  7.2755502E-04
       38278 ,       10038 ,  0.1526297     ,  0.2865978    
       38279 ,       10033 ,  0.0000000E+00 ,  3.2132670E-02
       38280 ,       32042 ,  0.0000000E+00 ,  1.1319416E-02
       38281 ,       32042 ,  0.0000000E+00 ,  6.3919619E-02
       38282 ,       32042 ,  0.1413318     ,  2.7153656E-02
       38283 ,       32042 ,  0.0000000E+00 ,  5.7200350E-02
       38284 ,       32042 ,  0.0000000E+00 ,  5.7521887E-02
       38288 ,       32039 ,  0.0000000E+00 ,  0.1062668    
       38289 ,       32039 ,  0.0000000E+00 ,  0.1111323    
       38290 ,       32039 ,  0.0000000E+00 ,  1.0317371E-03
       38295 ,       32051 ,  0.0000000E+00 ,  2.5464322E-02
       38297 ,       32051 ,  0.0000000E+00 ,  2.0891430E-02
       38298 ,       32051 ,  0.0000000E+00 ,  2.6183397E-02
       38299 ,       32051 ,  0.0000000E+00 ,  3.1585731E-02
       38301 ,       32051 ,  0.0000000E+00 ,  1.8402385E-02
       38302 ,       32051 ,  0.0000000E+00 ,  3.8893390E-02
       38309 ,       24006 ,  0.0000000E+00 ,  6.9948524E-02
       38310 ,       24006 ,  0.0000000E+00 ,  0.1190402    
       38311 ,       24006 ,  0.0000000E+00 ,  0.1005773    
       38312 ,       24006 ,  0.0000000E+00 ,  0.1989900    
       38313 ,       24006 ,   1.000000     ,  5.1108297E-02
       38315 ,       24048 ,   1.000000     ,   1.063505    
       38316 ,       24020 ,  0.6165042     ,  0.2733568    
       38317 ,       24020 ,  0.0000000E+00 ,  8.0652162E-02
       38318 ,       19014 ,  0.0000000E+00 ,  3.9950453E-02
       38319 ,       19014 ,  0.0000000E+00 ,  4.3056607E-02
       38320 ,       19014 ,  0.0000000E+00 ,  2.9173436E-02
       38321 ,       19014 ,   1.000000     ,  5.5771023E-02
       38322 ,       19014 ,  0.0000000E+00 ,  2.4482353E-02
       38323 ,       19014 ,  0.0000000E+00 ,  1.5512927E-02
       38324 ,       28026 ,  0.0000000E+00 ,  2.9152917E-02
       38325 ,       28026 ,  0.0000000E+00 ,  0.1540726    
       38326 ,       28026 ,  0.0000000E+00 ,  0.1282429    
       38327 ,       28017 ,  0.0000000E+00 ,  4.3115981E-02
       38328 ,       28017 ,  0.0000000E+00 ,  1.4978538E-02
       38330 ,       28017 ,  0.0000000E+00 ,  3.3004535E-03
       38332 ,       28041 ,  5.2878279E-02 ,  6.7063130E-02
       38333 ,       28041 ,  2.7408333E-02 ,  0.1123378    
       38334 ,       28041 ,  0.0000000E+00 ,  1.0712111E-02
       38335 ,       28008 ,  0.0000000E+00 ,  7.0726216E-02
       38336 ,       28008 ,  0.0000000E+00 ,  4.1306913E-02
       38337 ,       28008 ,  0.0000000E+00 ,  2.3548389E-02
       38338 ,       28008 ,  0.0000000E+00 ,  0.1306097    
       38341 ,       28037 ,  0.0000000E+00 ,  1.3437349E-02
       38342 ,       28037 ,  0.0000000E+00 ,  2.3633994E-02
       38343 ,       28037 ,  0.0000000E+00 ,  3.6571170E-03
       38344 ,       28037 ,  0.0000000E+00 ,  3.0631915E-02
       38345 ,       28037 ,  0.0000000E+00 ,  4.5774509E-03
       38559 ,        3003 ,  0.0000000E+00 ,  4.6744817E-03
       38560 ,        3003 ,  0.0000000E+00 ,  8.2810558E-03
       38561 ,        3003 ,  0.0000000E+00 ,  1.4598973E-02
       38562 ,        3003 ,  0.0000000E+00 ,  5.1608542E-05
       38567 ,        3008 ,  0.0000000E+00 ,  2.7592720E-02
       38568 ,        3008 ,  0.0000000E+00 ,  2.0969687E-02
       38569 ,        3008 ,  0.0000000E+00 ,  2.0211642E-03
       38599 ,       25016 ,  6.1868966E-02 ,  0.0000000E+00
       38600 ,       25016 ,  0.4532115     ,  0.1167969    
       38602 ,       25016 ,  0.0000000E+00 ,  4.1925985E-02
       38611 ,       10026 ,  0.0000000E+00 ,  4.4902660E-02
       38612 ,       10023 ,  0.2237801     ,  4.4030372E-02
       38613 ,       10023 ,  0.0000000E+00 ,  5.8376178E-02
       38614 ,       10023 ,  0.0000000E+00 ,  5.4279719E-02
       38615 ,       10023 ,  0.1528673     ,  8.4487669E-02
       38616 ,       10023 ,  0.2303703     ,  5.4447888E-03
       38622 ,       10005 ,  0.0000000E+00 ,  9.7046904E-03
       38626 ,       10014 ,  0.0000000E+00 ,  4.6600554E-02
       38627 ,       10016 ,  0.0000000E+00 ,  9.1068456E-03
       38630 ,       10016 ,  0.0000000E+00 ,  0.1088822    
       38631 ,       10038 ,  0.8473703     ,  0.5951282    
       38632 ,       10038 ,  0.0000000E+00 ,  0.2749686    
       38633 ,       32042 ,  0.0000000E+00 ,  3.4283623E-02
       38634 ,       32042 ,  0.0000000E+00 ,  9.9587347E-03
       38635 ,       32042 ,  0.0000000E+00 ,  2.8994493E-02
       38636 ,       32042 ,  0.0000000E+00 ,  3.0217197E-02
       38637 ,       32042 ,  0.0000000E+00 ,  1.3712895E-02
       38638 ,       32042 ,  0.0000000E+00 ,  1.4040722E-02
       38641 ,       32039 ,  3.7625330E-03 ,  0.1480830    
       38642 ,       32039 ,  0.1281963     ,  7.1679637E-02
       38648 ,       32051 ,  0.0000000E+00 ,  2.5722757E-02
       38652 ,       32051 ,  0.0000000E+00 ,  2.5498653E-02
       38654 ,       32051 ,  0.0000000E+00 ,  2.7187409E-02
       38655 ,       32051 ,  0.0000000E+00 ,  2.7603868E-02
       38656 ,       32051 ,  0.0000000E+00 ,  3.1086652E-02
       38657 ,       32051 ,  0.0000000E+00 ,  2.4083689E-02
       38658 ,       32051 ,  0.0000000E+00 ,  1.5600846E-02
       38662 ,       24006 ,  0.0000000E+00 ,  1.1669198E-03
       38665 ,       24006 ,  0.0000000E+00 ,  0.1000761    
       38666 ,       24006 ,  0.0000000E+00 ,  4.3882351E-02
       38667 ,       24044 ,  0.0000000E+00 ,  7.3252302E-03
       38668 ,       24007 ,  0.1486930     ,  8.9447491E-02
       38669 ,       24007 ,  0.0000000E+00 ,  7.4184842E-02
       38670 ,       24007 ,  0.0000000E+00 ,  1.8053466E-02
       38672 ,       19014 ,  0.0000000E+00 ,  3.2089945E-02
       38675 ,       19014 ,  0.0000000E+00 ,  5.6311786E-02
       38676 ,       19014 ,  0.0000000E+00 ,  3.1835001E-02
       38677 ,       19014 ,  0.0000000E+00 ,  2.3422744E-02
       38685 ,       28041 ,  0.4293149     ,  0.1529406    
       38686 ,       28041 ,  0.4903985     ,  0.3242451    
       38687 ,       28041 ,  0.0000000E+00 ,  5.4175891E-02
       38688 ,       28013 ,  0.0000000E+00 ,  8.3188817E-02
       38689 ,       28013 ,  0.0000000E+00 ,  8.4530815E-02
       38690 ,       28008 ,   1.000000     ,  0.1600414    
       38691 ,       28008 ,  0.0000000E+00 ,  1.7485034E-02
       38695 ,       28037 ,  0.0000000E+00 ,  8.7997336E-03
       38696 ,       28037 ,  0.4659585     ,  4.6004027E-02
       38912 ,        3003 ,  0.0000000E+00 ,  5.8544055E-03
       38913 ,        3003 ,  0.0000000E+00 ,  5.3817178E-03
       38914 ,        3003 ,  0.0000000E+00 ,  1.1214357E-02
       38919 ,        3003 ,  0.0000000E+00 ,  4.8931767E-03
       38920 ,        3003 ,  0.0000000E+00 ,  1.3845818E-02
       38952 ,       25008 ,  0.0000000E+00 ,  0.1188877    
       38953 ,       25016 ,  0.0000000E+00 ,  1.2965727E-02
       38954 ,       25016 ,  0.0000000E+00 ,  5.0986230E-02
       38955 ,       25016 ,  0.0000000E+00 ,  7.8999430E-02
       38956 ,       25016 ,  0.0000000E+00 ,  5.1794131E-04
       38968 ,       10023 ,  9.9280499E-02 ,  1.0102618E-02
       38969 ,       10023 ,  0.2937019     ,  5.9207089E-02
       38970 ,       10023 ,  0.0000000E+00 ,  2.1981355E-02
       38975 ,       10005 ,  0.0000000E+00 ,  1.6674735E-02
       38978 ,       10005 ,  0.0000000E+00 ,  2.0963410E-03
       38979 ,       10005 ,  0.0000000E+00 ,  1.5512783E-02
       38980 ,       10016 ,  0.0000000E+00 ,  5.7178210E-03
       38981 ,       10016 ,   1.000000     ,  0.2215658    
       38982 ,       10016 ,  0.0000000E+00 ,  0.1719751    
       38983 ,       10022 ,  0.0000000E+00 ,  6.4169452E-02
       38984 ,       10022 ,  0.0000000E+00 ,  6.1755892E-02
       38988 ,       32042 ,  0.1735201     ,  2.9904950E-02
       38989 ,       32042 ,  0.0000000E+00 ,  1.4037092E-02
       38990 ,       32042 ,  0.0000000E+00 ,  2.5481666E-02
       38991 ,       32042 ,  0.0000000E+00 ,  4.8468146E-02
       38992 ,       32039 ,  0.0000000E+00 ,  5.8675488E-04
       38993 ,       32039 ,  0.0000000E+00 ,  1.6958704E-02
       38994 ,       32039 ,  7.7551104E-02 ,  5.7337519E-02
       38995 ,       32039 ,  0.7904900     ,  0.1129956    
       38996 ,       32039 ,  0.0000000E+00 ,  6.7156225E-02
       38997 ,       32039 ,  0.0000000E+00 ,  6.8536893E-02
       38998 ,       32014 ,  0.0000000E+00 ,  4.2344704E-02
       38999 ,       32014 ,  0.0000000E+00 ,  4.7950600E-03
       39000 ,       32014 ,  0.0000000E+00 ,  5.0810874E-03
       39001 ,       32051 ,  0.0000000E+00 ,  4.9063116E-02
       39005 ,       32051 ,  0.0000000E+00 ,  2.6295461E-02
       39007 ,       32051 ,  0.0000000E+00 ,  3.4585313E-03
       39009 ,       32051 ,  0.0000000E+00 ,  2.8908502E-02
       39010 ,       32026 ,  0.0000000E+00 ,  6.7954574E-04
       39018 ,       24044 ,   1.000000     ,  8.3676755E-02
       39019 ,       24044 ,  0.0000000E+00 ,  9.5196649E-02
       39020 ,       24007 ,  0.0000000E+00 ,  9.6346408E-02
       39021 ,       24007 ,  0.8513069     ,  0.1784105    
       39022 ,       24007 ,  0.0000000E+00 ,  8.3322294E-02
       39023 ,       19014 ,  0.0000000E+00 ,  4.2795986E-02
       39024 ,       19014 ,  0.0000000E+00 ,  2.1013275E-03
       39025 ,       19014 ,  0.0000000E+00 ,  2.9334817E-02
       39027 ,       19014 ,  0.0000000E+00 ,  2.7656285E-04
       39028 ,       19014 ,  0.0000000E+00 ,  2.9158579E-02
       39029 ,       19014 ,  0.0000000E+00 ,  6.4074196E-04
       39030 ,       19024 ,  0.0000000E+00 ,  0.1457605    
       39031 ,       19024 ,  0.0000000E+00 ,  0.1042167    
       39032 ,       19024 ,  0.0000000E+00 ,  9.0795020E-03
       39038 ,       28041 ,  0.0000000E+00 ,  5.5550002E-02
       39039 ,       28013 ,  0.0000000E+00 ,  0.1697528    
       39040 ,       28013 ,  0.0000000E+00 ,  3.4631509E-02
       39043 ,       28008 ,  0.0000000E+00 ,  2.4553955E-02
       39044 ,       28008 ,  0.0000000E+00 ,  2.0116463E-02
       39046 ,       28001 ,  0.0000000E+00 ,  1.1533020E-02
       39047 ,       28001 ,  0.0000000E+00 ,  1.9941360E-03
       39048 ,       28037 ,  0.0000000E+00 ,  2.7976185E-02
       39049 ,       28037 ,  0.5340415     ,  6.1430033E-02
       39050 ,       28037 ,  0.0000000E+00 ,  2.6547078E-02
       39051 ,       28037 ,  0.0000000E+00 ,  3.9039738E-02
       39052 ,       28037 ,  0.0000000E+00 ,  3.4554176E-02
       39053 ,       28037 ,  0.0000000E+00 ,  3.1475097E-02
       39054 ,       28037 ,  0.0000000E+00 ,  2.5778292E-02
       39266 ,        3003 ,  0.0000000E+00 ,  3.0023179E-03
       39267 ,        3003 ,  0.0000000E+00 ,  1.1717826E-02
       39269 ,        3003 ,  0.0000000E+00 ,  4.6948306E-03
       39270 ,        3003 ,  0.0000000E+00 ,  1.0298808E-02
       39271 ,        3003 ,  0.0000000E+00 ,  1.0697857E-02
       39272 ,        3003 ,  0.0000000E+00 ,  7.6806727E-03
       39273 ,        3003 ,  0.0000000E+00 ,  5.0553512E-03
       39304 ,       25008 ,  0.0000000E+00 ,  8.5568994E-02
       39305 ,       25008 ,  0.0000000E+00 ,  5.8820699E-03
       39306 ,       25008 ,  0.0000000E+00 ,  3.0909337E-02
       39307 ,       25016 ,  0.0000000E+00 ,  6.7840040E-02
       39308 ,       25016 ,  0.0000000E+00 ,  5.4655890E-03
       39309 ,       25016 ,  0.0000000E+00 ,  4.6604350E-02
       39310 ,       25016 ,  0.0000000E+00 ,  3.3959899E-02
       39311 ,       25016 ,  0.0000000E+00 ,  4.6161234E-02
       39312 ,       25016 ,  0.0000000E+00 ,  1.1702431E-02
       39321 ,       10005 ,  0.0000000E+00 ,  4.5692991E-04
       39322 ,       10005 ,  0.0000000E+00 ,  9.6828863E-03
       39323 ,       10005 ,  0.0000000E+00 ,  7.2993999E-03
       39324 ,       10005 ,  0.0000000E+00 ,  2.4819599E-02
       39325 ,       10005 ,  0.0000000E+00 ,  1.5838671E-02
       39326 ,       10005 ,  0.0000000E+00 ,  1.9500554E-02
       39327 ,       10005 ,  0.0000000E+00 ,  2.1709392E-02
       39328 ,       10005 ,  0.0000000E+00 ,  8.5806902E-03
       39329 ,       10005 ,  5.3916741E-03 ,  3.5096996E-02
       39330 ,       10005 ,  0.0000000E+00 ,  7.9449592E-03
       39331 ,       10005 ,  0.0000000E+00 ,  2.6202239E-02
       39332 ,       10005 ,  0.0000000E+00 ,  7.5918855E-03
       39333 ,       10016 ,  0.0000000E+00 ,  0.1171893    
       39334 ,       10016 ,  0.0000000E+00 ,  0.1048336    
       39335 ,       10022 ,  0.0000000E+00 ,  0.1387576    
       39336 ,       10022 ,  0.1428408     ,  0.3155399    
       39339 ,       32042 ,  0.0000000E+00 ,  1.0683087E-02
       39340 ,       32042 ,  0.0000000E+00 ,  2.5774822E-02
       39341 ,       32042 ,  0.0000000E+00 ,  5.1136896E-02
       39342 ,       32042 ,  0.0000000E+00 ,  3.0667800E-02
       39343 ,       32042 ,  0.1852606     ,  5.7546444E-02
       39344 ,       32042 ,  0.0000000E+00 ,  4.4597551E-02
       39345 ,       32042 ,  0.0000000E+00 ,  3.1353001E-02
       39346 ,       32014 ,  0.0000000E+00 ,  4.3555737E-02
       39347 ,       32014 ,  0.0000000E+00 ,  5.9554175E-02
       39348 ,       32014 ,  0.0000000E+00 ,  2.6621372E-02
       39352 ,       32014 ,  0.0000000E+00 ,  4.1844908E-02
       39353 ,       32014 ,  0.0000000E+00 ,  3.6138047E-02
       39354 ,       32051 ,  0.0000000E+00 ,  1.3761366E-02
       39355 ,       32051 ,  0.0000000E+00 ,  1.2381847E-02
       39358 ,       32026 ,  0.0000000E+00 ,  1.9145289E-02
       39363 ,       32026 ,  0.0000000E+00 ,  2.0539794E-02
       39370 ,       24044 ,  0.0000000E+00 ,  1.0702454E-02
       39371 ,       24044 ,  0.0000000E+00 ,  0.1961585    
       39372 ,       24044 ,  0.0000000E+00 ,  2.1144105E-03
       39374 ,       24007 ,  0.0000000E+00 ,  0.1256255    
       39375 ,       24007 ,  0.0000000E+00 ,  0.1148552    
       39377 ,       19014 ,  0.0000000E+00 ,  3.1348132E-02
       39378 ,       19014 ,  0.0000000E+00 ,  2.2122346E-02
       39379 ,       19014 ,  0.0000000E+00 ,  5.8177481E-03
       39381 ,       19014 ,  0.0000000E+00 ,  9.7886203E-03
       39382 ,       19014 ,  0.0000000E+00 ,  5.4075681E-02
       39383 ,       19024 ,  0.0000000E+00 ,  0.1736076    
       39384 ,       19024 ,  0.1485536     ,  0.1523945    
       39385 ,       19024 ,  0.1498998     ,  0.1313458    
       39390 ,       28041 ,  0.0000000E+00 ,  5.0617076E-02
       39391 ,       28041 ,  0.0000000E+00 ,  2.1128582E-03
       39392 ,       28013 ,  0.0000000E+00 ,  0.1364967    
       39393 ,       28013 ,  0.9785971     ,  0.1499904    
       39394 ,       28030 ,  0.0000000E+00 ,  5.6114644E-02
       39399 ,       28001 ,  0.0000000E+00 ,  3.6867421E-02
       39400 ,       28001 ,  0.0000000E+00 ,  3.1813279E-02
       39401 ,       28001 ,  0.0000000E+00 ,  7.8519834E-03
       39402 ,       28037 ,  0.0000000E+00 ,  3.1348467E-02
       39403 ,       28037 ,  0.0000000E+00 ,  2.2272293E-02
       39404 ,       28037 ,  0.0000000E+00 ,  5.2928561E-03
       39405 ,       28037 ,  0.0000000E+00 ,  6.8451520E-03
       39406 ,       28037 ,  0.0000000E+00 ,  1.7667547E-02
       39615 ,        3003 ,  0.0000000E+00 ,  6.7229001E-03
       39619 ,        3003 ,  0.0000000E+00 ,  2.5621240E-03
       39620 ,        3003 ,  0.0000000E+00 ,  1.4670854E-02
       39621 ,        3003 ,  0.0000000E+00 ,  1.3994116E-02
       39622 ,        3003 ,  0.0000000E+00 ,  1.3564513E-02
       39625 ,        3003 ,  0.0000000E+00 ,  4.2864713E-03
       39626 ,        3003 ,  0.0000000E+00 ,  2.1472776E-03
       39657 ,       25008 ,  0.9296751     ,  0.1467755    
       39658 ,       25008 ,  7.0324913E-02 ,  6.2765829E-02
       39659 ,       25008 ,  0.0000000E+00 ,  9.2050731E-02
       39660 ,       25016 ,  0.0000000E+00 ,  3.5385039E-02
       39663 ,       25016 ,  0.4849195     ,  3.4666717E-02
       39664 ,       25016 ,  0.0000000E+00 ,  1.4960922E-02
       39665 ,       25016 ,  0.0000000E+00 ,  7.0977144E-02
       39666 ,       25016 ,  0.0000000E+00 ,  3.2252304E-02
       39674 ,       10005 ,  0.0000000E+00 ,  1.1269296E-02
       39679 ,       10005 ,  0.0000000E+00 ,  9.8692905E-03
       39680 ,       10005 ,  0.0000000E+00 ,  1.5587817E-02
       39681 ,       10005 ,  0.0000000E+00 ,  3.9223325E-02
       39682 ,       10005 ,  0.3487368     ,  6.5787554E-02
       39683 ,       10005 ,  0.2903560     ,  7.5730123E-02
       39684 ,       10005 ,  0.0000000E+00 ,  6.6890202E-02
       39685 ,       10005 ,  0.0000000E+00 ,  2.2198701E-02
       39686 ,       10005 ,  0.0000000E+00 ,  2.3379998E-02
       39687 ,       10016 ,  0.0000000E+00 ,  0.1496753    
       39689 ,       10022 ,  0.8071151     ,  0.1950751    
       39690 ,       10022 ,  5.0044063E-02 ,  0.1244271    
       39691 ,       10022 ,  0.0000000E+00 ,  2.6344810E-02
       39693 ,       32042 ,  0.0000000E+00 ,  1.5833717E-02
       39694 ,       32029 ,  0.0000000E+00 ,  0.2159201    
       39696 ,       32042 ,  4.8032897E-03 ,  0.0000000E+00
       39698 ,       32014 ,  0.0000000E+00 ,  1.3441073E-02
       39699 ,       32014 ,  0.0000000E+00 ,  3.3387125E-02
       39700 ,       32014 ,  0.0000000E+00 ,  0.1140215    
       39701 ,       32014 ,   1.000000     ,  0.1288234    
       39702 ,       32014 ,  0.0000000E+00 ,  2.9068284E-02
       39708 ,       32014 ,  0.0000000E+00 ,  1.6364546E-02
       39710 ,       32026 ,  0.0000000E+00 ,  8.3319396E-03
       39711 ,       32026 ,  0.0000000E+00 ,  9.5492322E-03
       39716 ,       32026 ,  0.0000000E+00 ,  8.5934801E-03
       39717 ,       32026 ,  0.0000000E+00 ,  2.0304587E-02
       39718 ,       32026 ,  0.0000000E+00 ,  1.6906442E-02
       39721 ,       32026 ,  0.0000000E+00 ,  1.7921191E-02
       39722 ,       24044 ,  0.0000000E+00 ,  1.3609502E-02
       39723 ,       24044 ,  0.0000000E+00 ,  0.1208129    
       39724 ,       24044 ,  0.0000000E+00 ,  6.2069371E-03
       39725 ,       24044 ,  0.0000000E+00 ,  7.7768132E-02
       39727 ,       24007 ,  0.0000000E+00 ,  3.1514950E-02
       39728 ,       24007 ,  0.0000000E+00 ,  0.1681307    
       39730 ,       19014 ,  0.0000000E+00 ,  3.5263404E-02
       39731 ,       19014 ,  0.0000000E+00 ,  2.8830659E-02
       39732 ,       19014 ,  0.0000000E+00 ,  3.2616504E-02
       39733 ,       19014 ,  0.0000000E+00 ,  9.5977951E-03
       39734 ,       19007 ,  0.0000000E+00 ,  3.6174774E-02
       39735 ,       19007 ,  0.0000000E+00 ,  7.2382390E-02
       39736 ,       19007 ,  0.0000000E+00 ,  5.2390277E-02
       39737 ,       19024 ,  0.6500287     ,  0.1320323    
       39738 ,       19024 ,  5.1517792E-02 ,  4.7134556E-02
       39742 ,       28013 ,  0.0000000E+00 ,  1.3578671E-02
       39743 ,       28016 ,  0.3042317     ,  0.1607983    
       39744 ,       28016 ,  0.3010339     ,  0.1803686    
       39745 ,       28013 ,  0.0000000E+00 ,  0.1862989    
       39747 ,       28030 ,  0.0000000E+00 ,  9.5853552E-02
       39750 ,       28030 ,  0.0000000E+00 ,  8.7218150E-02
       39751 ,       28018 ,  0.0000000E+00 ,  8.6223483E-02
       39752 ,       28001 ,  0.0000000E+00 ,  4.1761044E-02
       39753 ,       28001 ,  0.0000000E+00 ,  9.3083106E-02
       39754 ,       28001 ,  0.0000000E+00 ,  0.1035652    
       39755 ,       28037 ,  0.0000000E+00 ,  7.1488820E-02
       39756 ,       28037 ,  0.0000000E+00 ,  8.9268545E-03
       39758 ,       28037 ,  0.0000000E+00 ,  2.5596408E-02
       39759 ,       28037 ,  0.0000000E+00 ,  2.1864049E-02
       39968 ,        3003 ,  0.0000000E+00 ,  8.8948105E-03
       39969 ,        3003 ,  0.0000000E+00 ,  4.2336453E-03
       39972 ,        3003 ,  0.0000000E+00 ,  6.1109540E-04
       39973 ,        3003 ,  0.0000000E+00 ,  1.3728153E-02
       39974 ,        3003 ,  0.0000000E+00 ,  1.1326876E-02
       39975 ,        3003 ,  0.0000000E+00 ,  4.5450227E-03
       39976 ,        3003 ,  0.0000000E+00 ,  2.1163460E-03
       39977 ,        3003 ,  0.0000000E+00 ,  7.4322480E-03
       39978 ,        3003 ,  0.0000000E+00 ,  3.8441743E-03
       40009 ,       25008 ,  0.0000000E+00 ,  8.1356183E-02
       40010 ,       25008 ,  0.0000000E+00 ,  5.3797007E-02
       40011 ,       25008 ,  0.0000000E+00 ,  6.6960931E-02
       40012 ,       25008 ,  0.0000000E+00 ,  5.5931509E-02
       40013 ,       25008 ,  0.0000000E+00 ,  1.3014509E-02
       40021 ,       10026 ,  3.9161372E-05 ,  1.5783843E-02
       40022 ,       10026 ,  0.0000000E+00 ,  7.4712761E-02
       40023 ,       10026 ,  0.0000000E+00 ,  6.3016579E-02
       40024 ,       10026 ,  0.0000000E+00 ,  6.1223879E-02
       40025 ,       10026 ,  0.0000000E+00 ,  1.4235385E-02
       40027 ,       10005 ,  0.0000000E+00 ,  8.7856408E-03
       40031 ,       10005 ,  0.0000000E+00 ,  1.8280739E-04
       40032 ,       10005 ,  0.0000000E+00 ,  3.2940058E-03
       40033 ,       10005 ,  0.0000000E+00 ,  7.7881990E-03
       40035 ,       10005 ,  0.1046936     ,  1.2055909E-02
       40036 ,       10005 ,  0.2453797     ,  3.9604414E-02
       40037 ,       10005 ,  5.4421485E-03 ,  2.7937863E-02
       40039 ,       10005 ,  0.0000000E+00 ,  5.7872618E-03
       40042 ,       10022 ,  0.0000000E+00 ,  0.1392938    
       40043 ,       10022 ,  0.0000000E+00 ,  7.0140868E-02
       40047 ,       32029 ,  0.0000000E+00 ,  8.8129714E-02
       40050 ,       32029 ,  0.0000000E+00 ,  9.3200989E-02
       40051 ,       32029 ,  0.0000000E+00 ,  0.2219094    
       40052 ,       32014 ,  0.0000000E+00 ,  4.1094732E-02
       40053 ,       32014 ,  0.0000000E+00 ,  1.1841440E-02
       40054 ,       32014 ,  0.0000000E+00 ,  3.0151794E-02
       40064 ,       32026 ,  0.0000000E+00 ,  1.7868772E-02
       40069 ,       32026 ,  0.0000000E+00 ,  1.7514611E-02
       40070 ,       32026 ,  0.0000000E+00 ,  1.4106773E-02
       40071 ,       32026 ,  0.0000000E+00 ,  3.3809494E-02
       40072 ,       32026 ,  0.0000000E+00 ,  1.8661721E-02
       40073 ,       32026 ,  0.0000000E+00 ,  2.0532660E-02
       40074 ,       32026 ,  0.0000000E+00 ,  1.2925660E-03
       40075 ,       24044 ,  0.0000000E+00 ,  7.5440183E-02
       40078 ,       24044 ,  0.0000000E+00 ,  8.3770320E-02
       40081 ,       24007 ,  0.0000000E+00 ,  7.1139440E-02
       40083 ,       19014 ,  0.0000000E+00 ,  6.0475501E-03
       40084 ,       19014 ,  0.0000000E+00 ,  3.4249693E-02
       40085 ,       19014 ,  0.0000000E+00 ,  4.7084544E-02
       40086 ,       19014 ,  0.0000000E+00 ,  1.9806668E-02
       40087 ,       19007 ,  0.0000000E+00 ,  4.8029944E-02
       40088 ,       19007 ,  0.0000000E+00 ,  1.6674772E-02
       40089 ,       19007 ,  0.0000000E+00 ,  0.1025904    
       40090 ,       19007 ,  0.4505747     ,  7.2817795E-02
       40095 ,       28016 ,  0.0000000E+00 ,  3.4242991E-02
       40096 ,       28016 ,  0.0000000E+00 ,  2.7364468E-02
       40097 ,       28030 ,  6.8859691E-03 ,  7.5477056E-02
       40098 ,       28030 ,  0.4230991     ,  0.1949424    
       40099 ,       28030 ,  0.0000000E+00 ,  9.6222945E-02
       40100 ,       28030 ,  0.5700150     ,  0.1427281    
       40101 ,       28030 ,  0.0000000E+00 ,  8.3151296E-02
       40102 ,       28030 ,  0.0000000E+00 ,  6.3483164E-02
       40103 ,       28018 ,  0.0000000E+00 ,  0.2503438    
       40104 ,       28018 ,  0.0000000E+00 ,  2.5970533E-02
       40105 ,       28001 ,  0.0000000E+00 ,  6.3398451E-02
       40106 ,       28001 ,  0.7536346     ,  9.3436487E-02
       40107 ,       28001 ,  0.0000000E+00 ,  7.5720616E-02
       40108 ,       28001 ,  0.2463654     ,  0.1273743    
       40109 ,       28037 ,  0.0000000E+00 ,  1.9547720E-02
       40111 ,       28037 ,  0.0000000E+00 ,  4.8273914E-03
       40112 ,       28037 ,  0.0000000E+00 ,  2.0321021E-02
       40322 ,        3003 ,  0.0000000E+00 ,  1.1164342E-02
       40325 ,        3003 ,  0.0000000E+00 ,  1.0295466E-02
       40327 ,        3003 ,  0.0000000E+00 ,  9.1499435E-03
       40328 ,        3003 ,  0.0000000E+00 ,  9.4117802E-03
       40329 ,        3003 ,  0.0000000E+00 ,  1.7092085E-02
       40330 ,        3003 ,  0.0000000E+00 ,  1.4752748E-02
       40361 ,       25006 ,  0.0000000E+00 ,  7.9503991E-03
       40362 ,       25008 ,  0.0000000E+00 ,  7.3300898E-02
       40363 ,       25008 ,  0.0000000E+00 ,  3.5380024E-02
       40364 ,       25008 ,  0.0000000E+00 ,  5.1975049E-02
       40365 ,       25008 ,  0.0000000E+00 ,  5.2682526E-02
       40366 ,       25008 ,  0.0000000E+00 ,  2.4761779E-02
       40374 ,       10026 ,  0.9999608     ,  4.7623061E-02
       40376 ,       10026 ,  0.0000000E+00 ,  2.5687125E-02
       40378 ,       10026 ,  0.0000000E+00 ,  6.0795337E-02
       40379 ,       10026 ,  0.0000000E+00 ,  0.1173413    
       40380 ,       10026 ,  0.0000000E+00 ,  4.8653886E-02
       40388 ,       10005 ,  0.0000000E+00 ,  2.3173869E-02
       40389 ,       10005 ,  0.0000000E+00 ,  1.1837660E-02
       40390 ,       10005 ,  0.0000000E+00 ,  4.5795854E-02
       40391 ,       10005 ,  0.0000000E+00 ,  2.4709725E-03
       40395 ,       10008 ,  0.0000000E+00 ,  8.5468078E-03
       40396 ,       10022 ,  0.0000000E+00 ,  6.7268349E-02
       40399 ,       10004 ,  0.0000000E+00 ,  2.0084982E-03
       40400 ,       10004 ,  0.0000000E+00 ,  3.7332445E-02
       40403 ,       32022 ,  0.0000000E+00 ,  0.1432414    
       40404 ,       32022 ,  0.0000000E+00 ,  0.2520472    
       40405 ,       32014 ,  0.0000000E+00 ,  4.6620075E-02
       40406 ,       32014 ,  0.0000000E+00 ,  5.5289149E-02
       40407 ,       32014 ,  0.0000000E+00 ,  3.6399562E-02
       40408 ,       32014 ,  0.0000000E+00 ,  2.1352537E-02
       40417 ,       32026 ,  0.0000000E+00 ,  3.1865902E-02
       40418 ,       32026 ,  0.0000000E+00 ,  1.7841984E-02
       40419 ,       32026 ,  0.0000000E+00 ,  1.9880917E-02
       40420 ,       32026 ,  0.0000000E+00 ,  1.9448970E-02
       40421 ,       32026 ,  0.0000000E+00 ,  2.1800680E-02
       40422 ,       32026 ,  0.0000000E+00 ,  7.8641862E-04
       40423 ,       32026 ,  0.0000000E+00 ,  1.0946753E-02
       40424 ,       32026 ,  0.0000000E+00 ,  2.6312692E-02
       40425 ,       32026 ,  0.0000000E+00 ,  3.8777967E-03
       40431 ,       24044 ,  0.0000000E+00 ,  8.3513349E-02
       40437 ,       19014 ,  0.0000000E+00 ,  2.7032912E-02
       40440 ,       19007 ,  0.0000000E+00 ,  6.8568796E-02
       40442 ,       19007 ,  0.0000000E+00 ,  4.9096756E-02
       40443 ,       19007 ,  0.0000000E+00 ,  3.7644997E-02
       40444 ,       19007 ,  0.0000000E+00 ,  3.2449588E-02
       40448 ,       28016 ,  0.0000000E+00 ,  6.6399038E-02
       40449 ,       28016 ,  0.0000000E+00 ,  0.1272022    
       40450 ,       28016 ,  0.0000000E+00 ,  2.6951998E-02
       40451 ,       28030 ,  0.0000000E+00 ,  6.5697856E-02
       40452 ,       28034 ,  0.0000000E+00 ,  2.6440404E-02
       40454 ,       28030 ,  0.0000000E+00 ,  2.5191812E-02
       40455 ,       28030 ,  0.0000000E+00 ,  4.9801596E-02
       40456 ,       28030 ,  0.0000000E+00 ,  1.7346425E-02
       40457 ,       28018 ,  0.0000000E+00 ,  0.1271058    
       40458 ,       28001 ,  0.0000000E+00 ,  7.4428253E-02
       40459 ,       28018 ,  0.0000000E+00 ,  0.1684769    
       40460 ,       28001 ,  0.0000000E+00 ,  6.4223424E-02
       40461 ,       28001 ,  0.0000000E+00 ,  7.7833384E-02
       40463 ,       28037 ,  0.0000000E+00 ,  1.4496994E-02
       40464 ,       28037 ,  0.0000000E+00 ,  4.6679255E-02
       40465 ,       28037 ,  0.0000000E+00 ,  1.3345935E-03
       40672 ,        3003 ,  0.0000000E+00 ,  1.5510250E-02
       40673 ,        3003 ,  0.0000000E+00 ,  4.5758309E-03
       40674 ,        3003 ,  0.0000000E+00 ,  1.0562268E-02
       40675 ,        3003 ,  0.0000000E+00 ,  2.0560833E-02
       40677 ,        3003 ,  0.0000000E+00 ,  1.8892928E-03
       40678 ,        3003 ,  0.1382785     ,  1.1495578E-02
       40679 ,        3003 ,  0.0000000E+00 ,  6.7679859E-03
       40680 ,        3003 ,  0.0000000E+00 ,  1.2376174E-02
       40681 ,        3003 ,  0.0000000E+00 ,  1.4324192E-03
       40682 ,        3003 ,  0.0000000E+00 ,  7.4703284E-03
       40683 ,        3003 ,  0.0000000E+00 ,  3.3902889E-03
       40714 ,       25006 ,  0.0000000E+00 ,  2.8919257E-02
       40715 ,       25008 ,  0.0000000E+00 ,  5.2477725E-02
       40716 ,       25008 ,  0.0000000E+00 ,  1.0853040E-02
       40718 ,       25005 ,  0.0000000E+00 ,  0.1503230    
       40732 ,       10026 ,  0.0000000E+00 ,  3.0552171E-02
       40733 ,       10026 ,  0.0000000E+00 ,  1.7404888E-02
       40737 ,       10005 ,  0.0000000E+00 ,  1.8547515E-03
       40741 ,       10005 ,  0.0000000E+00 ,  1.5473350E-02
       40742 ,       10005 ,  0.0000000E+00 ,  1.9288519E-03
       40743 ,       10005 ,  0.0000000E+00 ,  6.0894950E-03
       40744 ,       10005 ,  0.0000000E+00 ,  5.7395943E-02
       40745 ,       10005 ,  0.0000000E+00 ,  2.9580232E-03
       40746 ,       10005 ,  0.0000000E+00 ,  2.8994922E-03
       40748 ,       10008 ,  0.0000000E+00 ,  2.0493850E-02
       40749 ,       10008 ,  0.1771137     ,  9.3537658E-02
       40750 ,       10008 ,  0.0000000E+00 ,  8.6981237E-02
       40751 ,       10004 ,  0.1966455     ,  3.4944925E-02
       40752 ,       10004 ,  0.0000000E+00 ,  3.3685513E-02
       40753 ,       10004 ,  0.0000000E+00 ,  1.5883649E-03
       40754 ,       10031 ,  0.0000000E+00 ,  0.2532103    
       40755 ,       32029 ,  0.9184821     ,  0.2019277    
       40756 ,       32029 ,  3.3693712E-02 ,  0.2570818    
       40757 ,       32022 ,  0.0000000E+00 ,  0.1828587    
       40758 ,       32022 ,  0.0000000E+00 ,  0.1095363    
       40761 ,       32014 ,  0.0000000E+00 ,  4.5851469E-02
       40762 ,       32014 ,  0.0000000E+00 ,  2.0367708E-02
       40763 ,       32014 ,  0.0000000E+00 ,  2.0167625E-02
       40764 ,       32014 ,  0.0000000E+00 ,  2.2246255E-02
       40765 ,       32014 ,  0.0000000E+00 ,  4.0558968E-03
       40768 ,       32026 ,  0.0000000E+00 ,  8.7389005E-03
       40769 ,       32026 ,  0.0000000E+00 ,  1.9986028E-02
       40770 ,       32026 ,  0.0000000E+00 ,  5.9705749E-03
       40772 ,       32026 ,  0.0000000E+00 ,  2.4815790E-02
       40778 ,       32026 ,  0.0000000E+00 ,  1.9356070E-02
       40784 ,       24044 ,  0.0000000E+00 ,  8.3700299E-02
       40790 ,       19014 ,  0.0000000E+00 ,  2.7136339E-02
       40792 ,       19007 ,  0.0000000E+00 ,  3.0136574E-02
       40793 ,       19007 ,  0.0000000E+00 ,  7.2439514E-02
       40794 ,       19007 ,  0.0000000E+00 ,  6.8831430E-03
       40795 ,       19007 ,  0.0000000E+00 ,  4.9876258E-02
       40797 ,       19007 ,  0.0000000E+00 ,  1.9329662E-02
       40799 ,       28016 ,  0.0000000E+00 ,  0.1167075    
       40800 ,       28016 ,  0.3886492     ,  0.1580239    
       40801 ,       28016 ,  0.0000000E+00 ,  4.7913365E-02
       40805 ,       28034 ,  0.0000000E+00 ,  6.4860255E-02
       40811 ,       28018 ,   1.000000     ,  0.1408467    
       40814 ,       28001 ,  0.0000000E+00 ,  4.6161138E-02
       40816 ,       28037 ,  0.0000000E+00 ,  8.8915687E-05
       40817 ,       28037 ,  0.0000000E+00 ,  3.2751087E-02
       40818 ,       28037 ,  0.0000000E+00 ,  4.0158734E-02
       40819 ,       28037 ,  0.0000000E+00 ,  1.2301465E-02
       41026 ,        3003 ,  0.0000000E+00 ,  1.8127903E-02
       41027 ,        3003 ,  0.0000000E+00 ,  1.0524265E-02
       41028 ,        3003 ,  0.0000000E+00 ,  4.2850301E-03
       41029 ,        3003 ,  0.0000000E+00 ,  1.7474411E-02
       41030 ,        3003 ,  8.4673993E-02 ,  1.9772559E-02
       41031 ,        3003 ,  0.5846018     ,  2.6328852E-02
       41032 ,        3003 ,  6.2902056E-02 ,  5.9489077E-03
       41065 ,       25006 ,  0.0000000E+00 ,  1.5617554E-03
       41066 ,       25006 ,  3.6086972E-04 ,  1.5688600E-02
       41067 ,       25006 ,  1.1283386E-02 ,  2.2658689E-02
       41068 ,       25006 ,  0.0000000E+00 ,  4.2844196E-03
       41071 ,       25005 ,  0.0000000E+00 ,  0.1200994    
       41080 ,       10026 ,  0.0000000E+00 ,  1.9725097E-02
       41085 ,       10026 ,  0.0000000E+00 ,  5.0356977E-02
       41094 ,       10001 ,  0.0000000E+00 ,  5.0220329E-02
       41096 ,       10020 ,  0.0000000E+00 ,  3.9107971E-02
       41097 ,       10005 ,  0.0000000E+00 ,  2.1479739E-02
       41098 ,       10020 ,  0.0000000E+00 ,  0.2264399    
       41099 ,       10020 ,  0.0000000E+00 ,  0.1606805    
       41101 ,       10008 ,  0.0000000E+00 ,  2.4453137E-02
       41102 ,       10008 ,  0.0000000E+00 ,  7.8609079E-02
       41104 ,       10004 ,  1.7793588E-02 ,  0.0000000E+00
       41107 ,       10031 ,  0.0000000E+00 ,  4.0853634E-03
       41108 ,       32029 ,  4.4008292E-02 ,  0.1369637    
       41109 ,       32029 ,  3.8158491E-03 ,  0.2144521    
       41113 ,       32014 ,  0.0000000E+00 ,  1.7646430E-02
       41114 ,       32014 ,  0.0000000E+00 ,  3.8112838E-02
       41118 ,       32014 ,  0.0000000E+00 ,  1.8150842E-02
       41119 ,       32026 ,  0.0000000E+00 ,  9.8116659E-03
       41121 ,       32026 ,  0.0000000E+00 ,  2.0805154E-02
       41125 ,       32026 ,  0.0000000E+00 ,  1.4722401E-03
       41126 ,       32026 ,  0.0000000E+00 ,  2.4089206E-02
       41131 ,       32026 ,  0.0000000E+00 ,  1.8425940E-02
       41137 ,       24044 ,  0.0000000E+00 ,  8.3676063E-02
       41142 ,       19014 ,  0.0000000E+00 ,  2.0240773E-02
       41143 ,       19017 ,  0.0000000E+00 ,  1.1802778E-02
       41144 ,       19017 ,  0.0000000E+00 ,  2.1859095E-03
       41145 ,       19017 ,  0.0000000E+00 ,  2.0731065E-02
       41147 ,       19007 ,  0.0000000E+00 ,  4.3164942E-02
       41148 ,       19007 ,  0.5494253     ,  6.9949083E-02
       41149 ,       19007 ,  0.0000000E+00 ,  2.6767628E-02
       41152 ,       28016 ,  0.0000000E+00 ,  3.5147376E-02
       41153 ,       28016 ,  0.0000000E+00 ,  8.9844033E-02
       41158 ,       28034 ,  0.0000000E+00 ,  6.3992307E-02
       41164 ,       28018 ,  0.0000000E+00 ,  8.0489784E-02
       41165 ,       28018 ,  0.0000000E+00 ,  1.6117644E-02
       41166 ,       28018 ,  0.0000000E+00 ,  7.7213749E-02
       41167 ,       28001 ,  0.0000000E+00 ,  1.3052206E-02
       41171 ,       28037 ,  0.0000000E+00 ,  2.2927875E-02
       41377 ,        3003 ,  0.0000000E+00 ,  1.0449303E-02
       41378 ,        3003 ,  0.0000000E+00 ,  1.1099544E-02
       41379 ,        3003 ,  0.0000000E+00 ,  3.9121322E-03
       41381 ,        3003 ,  0.0000000E+00 ,  8.2447352E-03
       41382 ,        3003 ,  0.0000000E+00 ,  5.9971167E-03
       41384 ,        3003 ,  3.7657671E-02 ,  1.6290724E-02
       41385 ,        3003 ,  4.7556713E-04 ,  2.3020264E-02
       41386 ,        3003 ,  0.0000000E+00 ,  1.2168128E-02
       41387 ,        3003 ,  0.0000000E+00 ,  2.2382573E-03
       41417 ,       25006 ,  3.2317743E-02 ,  1.3392688E-02
       41418 ,       25006 ,  0.0000000E+00 ,  8.5672941E-03
       41419 ,       25006 ,  0.0000000E+00 ,  2.9979587E-02
       41420 ,       25006 ,  1.8810595E-05 ,  1.2614670E-02
       41423 ,       25005 ,  0.0000000E+00 ,  8.7868825E-02
       41424 ,       25005 ,  0.0000000E+00 ,  0.1984785    
       41433 ,       10026 ,  0.0000000E+00 ,  6.5335065E-02
       41434 ,       10026 ,  0.0000000E+00 ,  7.3918305E-02
       41435 ,       10026 ,  0.0000000E+00 ,  1.1616957E-02
       41437 ,       10026 ,  0.0000000E+00 ,  2.2763511E-02
       41438 ,       10026 ,  0.0000000E+00 ,  2.4412353E-02
       41447 ,       10001 ,  0.0000000E+00 ,  5.4849088E-02
       41449 ,       10020 ,  0.0000000E+00 ,  5.1295333E-02
       41450 ,       10020 ,  0.0000000E+00 ,  2.3877257E-02
       41451 ,       10020 ,  0.8913195     ,  0.1507992    
       41452 ,       10020 ,  0.1086806     ,  0.2610798    
       41453 ,       10008 ,  1.4541336E-02 ,  0.1725284    
       41454 ,       10008 ,  0.4502276     ,  0.1293566    
       41461 ,       10031 ,  0.0000000E+00 ,  0.2403457    
       41472 ,       32026 ,  0.0000000E+00 ,  8.1816182E-04
       41473 ,       32026 ,  0.0000000E+00 ,  1.9249346E-02
       41474 ,       32026 ,  0.0000000E+00 ,  7.1286988E-03
       41476 ,       32026 ,  0.0000000E+00 ,  1.6548041E-02
       41477 ,       32026 ,  0.0000000E+00 ,  2.3867558E-03
       41479 ,       32026 ,  0.0000000E+00 ,  1.8009163E-02
       41484 ,       32026 ,  0.0000000E+00 ,  1.7939357E-02
       41490 ,       32041 ,  0.0000000E+00 ,  0.3106625    
       41495 ,       19017 ,  0.0000000E+00 ,  5.8184639E-03
       41496 ,       19017 ,  0.0000000E+00 ,  4.2665750E-02
       41497 ,       19017 ,  0.0000000E+00 ,  2.0757537E-02
       41500 ,       19007 ,  0.0000000E+00 ,  2.2808602E-02
       41501 ,       19007 ,  0.0000000E+00 ,  3.3675164E-02
       41505 ,       28042 ,  0.0000000E+00 ,  0.1642682    
       41509 ,       28034 ,  0.0000000E+00 ,  4.6808895E-02
       41510 ,       28034 ,  0.0000000E+00 ,  8.9262910E-03
       41511 ,       28034 ,  0.0000000E+00 ,  0.1052044    
       41512 ,       28034 ,  0.0000000E+00 ,  5.6350473E-02
       41516 ,       28018 ,  0.0000000E+00 ,  1.0810955E-03
       41518 ,       28018 ,  0.0000000E+00 ,  9.5471285E-02
       41519 ,       28018 ,  0.0000000E+00 ,  8.8944882E-02
       41730 ,        3003 ,  0.0000000E+00 ,  1.0174956E-02
       41734 ,        3003 ,  0.0000000E+00 ,  1.0740683E-02
       41737 ,        3003 ,  0.0000000E+00 ,  1.3605395E-02
       41738 ,        3003 ,  0.0000000E+00 ,  4.8917099E-03
       41770 ,       25006 ,  7.0337323E-03 ,  1.2979764E-02
       41771 ,       25006 ,  0.0000000E+00 ,  4.0729512E-02
       41772 ,       25006 ,  1.4654935E-02 ,  1.3826531E-02
       41773 ,       25006 ,  0.0000000E+00 ,  1.7293876E-02
       41774 ,       25005 ,  0.0000000E+00 ,  7.3695295E-02
       41775 ,       25005 ,  0.0000000E+00 ,  4.5175504E-04
       41776 ,       25005 ,  0.0000000E+00 ,  9.5163547E-02
       41777 ,       25005 ,  0.0000000E+00 ,  5.0147329E-02
       41778 ,       25005 ,   1.000000     ,  0.1199851    
       41786 ,       10026 ,  0.0000000E+00 ,  8.7754447E-03
       41787 ,       10026 ,  0.0000000E+00 ,  5.5113914E-03
       41788 ,       10026 ,  0.0000000E+00 ,  2.1325562E-02
       41789 ,       10026 ,  0.0000000E+00 ,  2.7102681E-02
       41790 ,       10026 ,  0.0000000E+00 ,  1.0357316E-02
       41795 ,       10001 ,  0.0000000E+00 ,  8.8241838E-02
       41796 ,       10001 ,  0.0000000E+00 ,  1.8837359E-02
       41799 ,       10001 ,  0.6134538     ,  1.8306319E-03
       41800 ,       10001 ,  1.4086190E-02 ,  0.1009787    
       41801 ,       10001 ,  0.0000000E+00 ,  1.6297825E-02
       41802 ,       10001 ,  0.0000000E+00 ,  5.4994011E-03
       41803 ,       10020 ,  0.0000000E+00 ,  0.1620918    
       41804 ,       10020 ,  0.0000000E+00 ,  3.1527326E-02
       41806 ,       10020 ,  0.0000000E+00 ,  0.1166046    
       41807 ,       10008 ,  0.2091451     ,  0.2338631    
       41808 ,       10008 ,  0.1489723     ,  5.2912377E-02
       41813 ,       10031 ,  0.0000000E+00 ,  0.1761305    
       41814 ,       10031 ,  0.0000000E+00 ,  3.4783218E-02
       41815 ,       10031 ,   1.000000     ,  0.2134769    
       41823 ,       10027 ,  0.0000000E+00 ,  9.0645470E-02
       41824 ,       10027 ,  0.0000000E+00 ,  6.0705006E-02
       41826 ,       32026 ,  0.0000000E+00 ,  1.0664125E-02
       41827 ,       32026 ,  0.0000000E+00 ,  1.8026102E-02
       41828 ,       32026 ,  0.0000000E+00 ,  1.9159963E-02
       41829 ,       32026 ,  0.0000000E+00 ,  4.5915265E-03
       41830 ,       32026 ,  0.0000000E+00 ,  1.9359808E-02
       41832 ,       32026 ,  0.0000000E+00 ,  2.0709592E-03
       41837 ,       32007 ,  0.0000000E+00 ,  9.0417713E-02
       41838 ,       32007 ,  0.0000000E+00 ,  2.1829508E-02
       41843 ,       32041 ,   1.000000     ,  0.4013751    
       41844 ,       32041 ,  0.0000000E+00 ,  5.5197701E-02
       41846 ,       19017 ,  0.0000000E+00 ,  2.5323359E-02
       41847 ,       19017 ,  0.0000000E+00 ,  2.0906558E-02
       41848 ,       19017 ,  0.0000000E+00 ,  1.8364280E-02
       41849 ,       19017 ,  0.0000000E+00 ,  9.9166036E-03
       41850 ,       19017 ,  0.0000000E+00 ,  2.2840530E-02
       41853 ,       19007 ,  0.0000000E+00 ,  7.4033447E-02
       41855 ,       19030 ,  0.0000000E+00 ,  2.1936420E-02
       41856 ,       19030 ,  0.0000000E+00 ,  1.1493782E-02
       41858 ,       28042 ,  0.3326439     ,  0.1935257    
       41859 ,       28042 ,  0.6673561     ,  3.8345579E-02
       41862 ,       28042 ,  0.0000000E+00 ,  0.2064450    
       41863 ,       28034 ,  0.0000000E+00 ,  0.1099625    
       41864 ,       28034 ,  0.0000000E+00 ,  1.8518737E-02
       41865 ,       28034 ,  0.0000000E+00 ,  5.9774075E-02
       41871 ,       28010 ,  0.0000000E+00 ,  0.1547519    
       41872 ,       28010 ,  0.0000000E+00 ,  6.9280781E-02
       42080 ,        3003 ,  0.0000000E+00 ,  2.3355039E-03
       42081 ,        3003 ,  0.0000000E+00 ,  4.8169731E-03
       42082 ,        3003 ,  0.0000000E+00 ,  6.5507386E-03
       42083 ,        3003 ,  0.0000000E+00 ,  7.3614363E-03
       42086 ,        3003 ,  0.0000000E+00 ,  8.8546798E-03
       42087 ,        3003 ,  0.0000000E+00 ,  5.2274502E-04
       42090 ,        3003 ,  0.0000000E+00 ,  2.5912295E-03
       42091 ,        3003 ,  0.0000000E+00 ,  3.4048606E-03
       42121 ,       25018 ,  0.0000000E+00 ,  2.8206552E-05
       42122 ,       25006 ,  0.0000000E+00 ,  5.6492146E-03
       42123 ,       25006 ,  0.0000000E+00 ,  3.6614753E-02
       42124 ,       25006 ,  0.0000000E+00 ,  5.2047716E-03
       42125 ,       25006 ,  0.0000000E+00 ,  1.1662995E-02
       42126 ,       25006 ,  0.0000000E+00 ,  1.1667795E-02
       42130 ,       25005 ,  0.0000000E+00 ,  8.1131727E-02
       42131 ,       25005 ,  0.0000000E+00 ,  1.0393955E-02
       42148 ,       10001 ,  0.0000000E+00 ,  4.5991237E-03
       42149 ,       10001 ,  0.0000000E+00 ,  6.6737078E-02
       42150 ,       10001 ,  0.0000000E+00 ,  5.6752160E-02
       42151 ,       10001 ,  0.0000000E+00 ,  6.4951412E-02
       42152 ,       10001 ,  0.3492113     ,  6.6063553E-02
       42153 ,       10001 ,  2.3248728E-02 ,  0.0000000E+00
       42154 ,       10001 ,  0.0000000E+00 ,  4.9929630E-02
       42155 ,       10028 ,  0.0000000E+00 ,  3.1148918E-02
       42156 ,       10028 ,  0.0000000E+00 ,  7.2082631E-02
       42160 ,       10008 ,  0.0000000E+00 ,  5.0856374E-02
       42161 ,       10021 ,  0.0000000E+00 ,  0.1311371    
       42162 ,       10021 ,  0.0000000E+00 ,  5.7801168E-02
       42163 ,       10004 ,  0.0000000E+00 ,  1.2090786E-03
       42166 ,       10004 ,  0.0000000E+00 ,  3.0790178E-02
       42167 ,       10031 ,  0.0000000E+00 ,  6.8849607E-05
       42168 ,       10031 ,  0.0000000E+00 ,  0.1668405    
       42169 ,       10006 ,  0.0000000E+00 ,  1.7820468E-02
       42174 ,       10027 ,  0.0000000E+00 ,  0.2067591    
       42175 ,       10027 ,  0.3028005     ,  0.1418340    
       42176 ,       10027 ,  0.0000000E+00 ,  0.1704723    
       42179 ,       32026 ,  0.0000000E+00 ,  9.4745448E-04
       42180 ,       32026 ,  0.0000000E+00 ,  8.0704270E-03
       42183 ,       32026 ,  0.0000000E+00 ,  2.1302881E-02
       42184 ,       32026 ,  0.0000000E+00 ,  9.3085412E-03
       42189 ,       32026 ,  0.0000000E+00 ,  4.4128005E-03
       42190 ,       32007 ,   1.000000     ,  0.1307959    
       42191 ,       32007 ,  0.0000000E+00 ,  8.6421557E-02
       42196 ,        5030 ,  0.0000000E+00 ,  1.0981740E-02
       42197 ,        5030 ,  0.0000000E+00 ,  2.0801406E-02
       42198 ,       19017 ,  0.0000000E+00 ,  1.8672580E-02
       42199 ,       19017 ,  0.0000000E+00 ,  3.3426020E-02
       42200 ,       19017 ,  0.0000000E+00 ,  1.9620979E-02
       42201 ,       19017 ,  0.0000000E+00 ,  3.9332006E-03
       42203 ,       19017 ,  0.0000000E+00 ,  1.8854212E-02
       42205 ,       19017 ,  0.0000000E+00 ,  3.7908985E-04
       42206 ,       19017 ,  0.0000000E+00 ,  2.3398707E-02
       42208 ,       19030 ,  0.0000000E+00 ,  0.2507082    
       42209 ,       19030 ,  0.0000000E+00 ,  3.7168715E-02
       42210 ,       28020 ,   1.000000     ,  0.2115851    
       42211 ,       28020 ,  0.0000000E+00 ,  0.7807299    
       42214 ,       28042 ,  0.0000000E+00 ,  2.4729908E-02
       42215 ,       28042 ,  0.0000000E+00 ,  0.1501229    
       42217 ,       28034 ,  0.0000000E+00 ,  1.9283596E-02
       42218 ,       28034 ,   1.000000     ,  0.1100667    
       42219 ,       28036 ,  0.0000000E+00 ,  0.3572524    
       42225 ,       28010 ,  0.0000000E+00 ,  0.1523229    
       42227 ,       28035 ,  0.0000000E+00 ,  3.2817408E-02
       42228 ,       28035 ,  0.0000000E+00 ,  1.2864398E-03
       42427 ,        3001 ,  0.0000000E+00 ,  2.2838749E-03
       42428 ,        3001 ,  0.0000000E+00 ,  3.8568268E-03
       42429 ,        3003 ,  0.0000000E+00 ,  1.0617651E-04
       42434 ,        3003 ,  0.0000000E+00 ,  1.3312617E-02
       42435 ,        3003 ,  0.0000000E+00 ,  9.1093816E-03
       42439 ,        3003 ,  0.0000000E+00 ,  5.6339963E-03
       42472 ,       25018 ,  5.7022127E-05 ,  0.0000000E+00
       42473 ,       25018 ,  3.0165695E-02 ,  4.7952499E-02
       42474 ,       25018 ,  0.0000000E+00 ,  3.6454566E-02
       42475 ,       25006 ,  0.0000000E+00 ,  2.3944341E-02
       42476 ,       25006 ,  4.3680109E-02 ,  3.0437220E-02
       42477 ,       25006 ,  0.0000000E+00 ,  1.7062413E-02
       42478 ,       25006 ,  0.0000000E+00 ,  1.5291880E-02
       42482 ,       25005 ,  0.0000000E+00 ,  2.3386126E-02
       42483 ,       25005 ,  0.0000000E+00 ,  5.1806025E-02
       42505 ,       10001 ,  0.0000000E+00 ,  6.8773374E-02
       42506 ,       10001 ,  0.0000000E+00 ,  2.3981735E-02
       42507 ,       10001 ,  0.0000000E+00 ,  8.9270532E-02
       42509 ,       10028 ,  0.0000000E+00 ,  9.3547240E-02
       42514 ,       10021 ,  0.0000000E+00 ,  3.2039076E-02
       42515 ,       10021 ,  0.0000000E+00 ,  0.1567767    
       42516 ,       10021 ,  0.0000000E+00 ,  1.2606547E-02
       42519 ,       10004 ,  0.0000000E+00 ,  3.7908647E-02
       42522 ,       10006 ,  0.0000000E+00 ,  0.1417819    
       42523 ,       10006 ,   1.000000     ,  5.1200595E-02
       42527 ,       10027 ,  0.0000000E+00 ,  9.3930803E-02
       42528 ,       10027 ,  0.6971995     ,  0.1319459    
       42533 ,       32026 ,  0.0000000E+00 ,  1.1106415E-02
       42535 ,       32026 ,  0.0000000E+00 ,  9.8640111E-04
       42536 ,       32026 ,  0.0000000E+00 ,  1.1922751E-02
       42537 ,       32026 ,  0.0000000E+00 ,  4.4429842E-03
       42538 ,       32026 ,  0.0000000E+00 ,  9.2283022E-03
       42539 ,       32026 ,  0.0000000E+00 ,  2.2915779E-02
       42540 ,       32026 ,  0.0000000E+00 ,  9.0056425E-03
       42541 ,       32026 ,  0.9724747     ,  9.4913580E-03
       42542 ,       32026 ,  2.7525282E-02 ,  1.3977155E-02
       42543 ,       32007 ,  0.0000000E+00 ,  0.1435214    
       42544 ,       32007 ,  0.0000000E+00 ,  0.1564478    
       42545 ,       32007 ,  0.0000000E+00 ,  7.0882373E-02
       42549 ,        5030 ,  0.0000000E+00 ,  2.5150493E-02
       42554 ,       19017 ,  0.0000000E+00 ,  1.9512791E-02
       42555 ,       19017 ,  0.0000000E+00 ,  3.0115046E-02
       42556 ,       19017 ,  0.0000000E+00 ,  2.5845319E-02
       42557 ,       19017 ,  0.0000000E+00 ,  1.9657005E-02
       42558 ,       19017 ,  0.0000000E+00 ,  2.1214340E-02
       42559 ,       19017 ,  0.0000000E+00 ,  7.6578092E-03
       42560 ,       19030 ,  0.0000000E+00 ,  7.3529616E-02
       42561 ,       19030 ,  0.0000000E+00 ,  0.1776518    
       42564 ,       28020 ,  0.0000000E+00 ,  0.4908618    
       42566 ,       28042 ,  0.0000000E+00 ,  0.1021894    
       42567 ,       28042 ,  0.0000000E+00 ,  0.1412933    
       42570 ,       28034 ,  0.0000000E+00 ,  6.3575752E-02
       42572 ,       28036 ,  0.0000000E+00 ,  0.4391974    
       42576 ,       28010 ,  0.0000000E+00 ,  6.0049325E-02
       42577 ,       28010 ,  0.0000000E+00 ,  0.1328759    
       42578 ,       28035 ,  0.0000000E+00 ,  4.9918905E-02
       42580 ,       28035 ,  0.0000000E+00 ,  1.7376622E-02
       42583 ,       28035 ,  0.0000000E+00 ,  2.0784279E-02
       42584 ,       28035 ,  6.7759842E-02 ,  3.1193769E-02
       42779 ,        3001 ,  0.0000000E+00 ,  2.6971151E-03
       42780 ,        3001 ,  0.0000000E+00 ,  7.9406807E-03
       42782 ,        3003 ,  0.0000000E+00 ,  5.1355560E-04
       42783 ,        3003 ,  0.0000000E+00 ,  5.3272801E-03
       42785 ,        3003 ,  0.0000000E+00 ,  8.9910915E-03
       42786 ,        3003 ,  0.0000000E+00 ,  1.0441642E-02
       42787 ,        3003 ,  0.0000000E+00 ,  3.7677537E-03
       42788 ,        3003 ,  0.0000000E+00 ,  6.2095961E-03
       42791 ,        3003 ,  0.0000000E+00 ,  5.3077826E-04
       42792 ,        3003 ,  0.0000000E+00 ,  5.0848238E-03
       42823 ,       25018 ,  0.0000000E+00 ,  3.8518488E-02
       42824 ,       25018 ,  0.0000000E+00 ,  2.6333338E-02
       42826 ,       25018 ,  0.0000000E+00 ,  6.8087481E-02
       42827 ,       25018 ,  0.1701368     ,  8.9556225E-02
       42828 ,       25018 ,  5.3545691E-02 ,  0.1113064    
       42829 ,       25006 ,  0.0000000E+00 ,  3.3615846E-02
       42830 ,       25006 ,  0.0000000E+00 ,  2.2044266E-02
       42831 ,       25006 ,  0.0000000E+00 ,  1.1482600E-03
       42832 ,       25006 ,  0.0000000E+00 ,  2.1566984E-05
       42835 ,       25005 ,  0.0000000E+00 ,  2.6261099E-02
       42836 ,       25005 ,  0.0000000E+00 ,  6.9329225E-02
       42845 ,       10019 ,   1.000000     ,  0.3348814    
       42857 ,       10001 ,  0.0000000E+00 ,  6.5232456E-02
       42858 ,       10001 ,  0.0000000E+00 ,  1.7696094E-02
       42859 ,       10001 ,  0.0000000E+00 ,  5.6989376E-02
       42860 ,       10028 ,  0.0000000E+00 ,  8.2228258E-02
       42861 ,       10028 ,  0.0000000E+00 ,  6.0994457E-02
       42862 ,       10028 ,  0.1554751     ,  8.2873985E-02
       42863 ,       10028 ,  0.0000000E+00 ,  5.2011132E-02
       42864 ,       10028 ,  0.0000000E+00 ,  3.4533620E-03
       42866 ,       10021 ,  2.7301094E-02 ,  0.0000000E+00
       42867 ,       10021 ,  0.2141049     ,  3.7098553E-02
       42868 ,       10021 ,  0.0000000E+00 ,  9.3231335E-02
       42869 ,       10021 ,  0.0000000E+00 ,  0.1781335    
       42870 ,       10004 ,  0.0000000E+00 ,  1.8993847E-02
       42871 ,       10004 ,  0.0000000E+00 ,  1.8327605E-02
       42872 ,       10004 ,  0.0000000E+00 ,  3.4460247E-02
       42875 ,       10006 ,  0.0000000E+00 ,  9.0656370E-02
       42876 ,       10006 ,  0.0000000E+00 ,  0.1143222    
       42877 ,       10006 ,  0.0000000E+00 ,  7.2949640E-02
       42878 ,       10006 ,  0.0000000E+00 ,  8.2843922E-02
       42879 ,        5036 ,  0.0000000E+00 ,  6.5132022E-02
       42880 ,        5036 ,  0.0000000E+00 ,  4.3686535E-02
       42881 ,       10027 ,  0.0000000E+00 ,  9.8240329E-04
       42886 ,       32026 ,  0.0000000E+00 ,  3.6174175E-03
       42887 ,       32026 ,  0.0000000E+00 ,  2.4193052E-02
       42888 ,       32026 ,  0.0000000E+00 ,  1.1117855E-02
       42890 ,       32027 ,  0.0000000E+00 ,  4.3072738E-02
       42891 ,       32027 ,  0.0000000E+00 ,  7.9546504E-02
       42892 ,       32027 ,  0.0000000E+00 ,  1.6374124E-02
       42893 ,       32027 ,  0.0000000E+00 ,  8.8889449E-04
       42895 ,        5030 ,  0.0000000E+00 ,  2.3737054E-02
       42898 ,       32007 ,  0.0000000E+00 ,  7.0177428E-02
       42899 ,        5030 ,  0.0000000E+00 ,  1.9949818E-02
       42901 ,        5030 ,  0.0000000E+00 ,  1.0565598E-04
       42902 ,        5030 ,  0.0000000E+00 ,  2.9536325E-02
       42903 ,        5030 ,  0.0000000E+00 ,  1.1331432E-02
       42908 ,       19017 ,  0.0000000E+00 ,  1.8198242E-02
       42911 ,       19017 ,  0.0000000E+00 ,  3.2355815E-02
       42912 ,       19017 ,  0.0000000E+00 ,  2.1660840E-02
       42913 ,       19030 ,   1.000000     ,  0.2991294    
       42914 ,       19030 ,  0.0000000E+00 ,  0.2302862    
       42915 ,       19033 ,  0.0000000E+00 ,  6.7989975E-02
       42916 ,       19033 ,  0.0000000E+00 ,  7.4656866E-04
       42917 ,       19033 ,  0.0000000E+00 ,  6.3573711E-02
       42918 ,       28042 ,  0.0000000E+00 ,  0.1435876    
       42919 ,       28042 ,  0.0000000E+00 ,  0.1536559    
       42923 ,       28034 ,  0.0000000E+00 ,  6.5146588E-02
       42924 ,       28036 ,  0.0000000E+00 ,  2.0817168E-02
       42925 ,       28036 ,   1.000000     ,  0.3967074    
       42928 ,       28010 ,  0.8082837     ,  7.2758242E-02
       42929 ,       28010 ,  0.0000000E+00 ,  0.1260395    
       42930 ,       28010 ,  0.0000000E+00 ,  7.5291134E-03
       42931 ,       28035 ,  0.0000000E+00 ,  3.8341377E-02
       42933 ,       28035 ,  0.0000000E+00 ,  6.7939069E-03
       42934 ,       28035 ,  0.0000000E+00 ,  2.6519896E-02
       42935 ,       28035 ,  0.0000000E+00 ,  4.3207899E-02
       42936 ,       28035 ,  0.0000000E+00 ,  1.8618276E-02
       42937 ,       28035 ,  1.8509277E-03 ,  0.0000000E+00
       43132 ,        3001 ,  0.0000000E+00 ,  5.0069718E-03
       43136 ,        3003 ,  0.0000000E+00 ,  6.4461287E-03
       43137 ,        3003 ,  0.0000000E+00 ,  1.1531747E-02
       43138 ,        3003 ,  0.0000000E+00 ,  4.1322866E-03
       43141 ,        3003 ,  0.0000000E+00 ,  1.0615628E-02
       43144 ,        3003 ,  0.0000000E+00 ,  2.5455098E-04
       43145 ,        3003 ,  0.0000000E+00 ,  5.1468587E-03
       43176 ,       25018 ,  0.0000000E+00 ,  1.1906168E-02
       43177 ,       25018 ,  0.0000000E+00 ,  2.5314091E-02
       43178 ,       25018 ,  2.2844046E-02 ,  5.1368929E-02
       43179 ,       25018 ,  0.3489812     ,  9.1935217E-02
       43180 ,       25018 ,  0.1237999     ,  0.1556447    
       43181 ,       25018 ,  1.2003626E-02 ,  6.5189555E-02
       43182 ,       25006 ,  0.2909935     ,  4.5356102E-02
       43183 ,       25006 ,  3.1225765E-02 ,  1.6210616E-02
       43184 ,       25006 ,  0.0000000E+00 ,  1.3624298E-02
       43185 ,       25006 ,  0.0000000E+00 ,  1.4183978E-02
       43186 ,       25006 ,  0.0000000E+00 ,  4.9468013E-03
       43188 ,       25005 ,  0.0000000E+00 ,  1.1064778E-02
       43189 ,       10034 ,  0.0000000E+00 ,  0.2627127    
       43198 ,       10019 ,  0.0000000E+00 ,  0.1110636    
       43199 ,       10019 ,  0.0000000E+00 ,  0.2495200    
       43205 ,       10032 ,  0.0000000E+00 ,  5.1005386E-02
       43207 ,       10039 ,  0.0000000E+00 ,  1.8072484E-02
       43208 ,       10039 ,  0.0000000E+00 ,  4.4367228E-02
       43209 ,       10039 ,  0.0000000E+00 ,  4.5869213E-02
       43210 ,       10039 ,  0.0000000E+00 ,  0.1481504    
       43211 ,       10001 ,  0.0000000E+00 ,  6.1564457E-02
       43213 ,       10028 ,  0.0000000E+00 ,  3.9923550E-03
       43214 ,       10028 ,  0.0000000E+00 ,  0.1376104    
       43215 ,       10028 ,  0.8445249     ,  0.1216098    
       43216 ,       10028 ,  0.0000000E+00 ,  5.3808820E-02
       43217 ,       10028 ,  0.0000000E+00 ,  8.6239442E-02
       43218 ,       10021 ,  0.0000000E+00 ,  1.9537831E-02
       43219 ,       10021 ,  0.0000000E+00 ,  6.7488886E-02
       43220 ,       10021 ,  0.7585940     ,  8.0416098E-02
       43222 ,       10004 ,  0.0000000E+00 ,  6.5337501E-02
       43223 ,       10004 ,  0.2269311     ,  4.5143224E-02
       43224 ,       10004 ,  6.3503496E-02 ,  6.2980443E-02
       43225 ,       10004 ,  0.0000000E+00 ,  2.3487920E-02
       43227 ,       10006 ,  0.0000000E+00 ,  4.9011171E-02
       43228 ,       10006 ,  0.0000000E+00 ,  2.1447130E-02
       43229 ,       10006 ,  0.0000000E+00 ,  6.3212797E-02
       43230 ,       10006 ,  0.0000000E+00 ,  2.4551179E-02
       43232 ,        5036 ,  0.0000000E+00 ,  2.8011443E-03
       43235 ,       10027 ,  0.0000000E+00 ,  1.3058540E-02
       43238 ,       32026 ,  0.0000000E+00 ,  1.6575331E-02
       43239 ,       32026 ,  0.0000000E+00 ,  3.4855045E-02
       43242 ,       32027 ,  0.0000000E+00 ,  1.7203072E-02
       43243 ,       32027 ,  0.0000000E+00 ,  0.1349741    
       43244 ,       32027 ,  0.0000000E+00 ,  4.7882792E-02
       43245 ,       32027 ,  0.0000000E+00 ,  7.6688506E-02
       43246 ,       32027 ,   1.000000     ,  7.9340592E-02
       43247 ,        5030 ,  0.0000000E+00 ,  2.1593440E-02
       43248 ,        5030 ,  0.0000000E+00 ,  1.4613601E-02
       43252 ,        5030 ,  0.0000000E+00 ,  2.1121074E-02
       43253 ,        5030 ,  0.0000000E+00 ,  1.6175024E-02
       43254 ,        5030 ,  0.0000000E+00 ,  2.9051539E-02
       43255 ,        5030 ,  0.0000000E+00 ,  2.3801721E-04
       43256 ,       19017 ,  0.0000000E+00 ,  1.5844706E-02
       43261 ,       19017 ,  0.0000000E+00 ,  3.5132136E-02
       43263 ,       19017 ,  0.0000000E+00 ,  2.8502937E-02
       43264 ,       19017 ,   1.000000     ,  2.9395366E-02
       43268 ,       19033 ,  0.0000000E+00 ,  2.3306794E-03
       43269 ,       19033 ,  7.4403234E-02 ,  8.1294663E-02
       43270 ,       19033 ,  0.3161190     ,  0.1653552    
       43271 ,       19033 ,  0.0000000E+00 ,  3.6975831E-02
       43276 ,       28034 ,  0.0000000E+00 ,  6.5928482E-02
       43280 ,       28005 ,  0.0000000E+00 ,  7.8302033E-02
       43281 ,       28010 ,  0.1917162     ,  8.7780640E-02
       43284 ,       28035 ,  0.0000000E+00 ,  7.1289074E-03
       43285 ,       28035 ,  3.7960250E-02 ,  3.8732592E-02
       43286 ,       28035 ,  1.7213980E-02 ,  1.9935468E-02
       43287 ,       28035 ,  0.0000000E+00 ,  5.9706464E-02
       43288 ,       28035 ,  0.0000000E+00 ,  3.5431825E-02
       43289 ,       28035 ,  0.0000000E+00 ,  1.3163656E-03
       43489 ,        3003 ,  0.0000000E+00 ,  1.0301124E-02
       43494 ,        3003 ,  0.0000000E+00 ,  3.9618774E-03
       43498 ,        3003 ,  0.0000000E+00 ,  6.0693994E-03
       43531 ,       25018 ,  0.0000000E+00 ,  8.0947619E-04
       43532 ,       25018 ,  0.1273953     ,  8.0938727E-02
       43533 ,       25006 ,  2.0140392E-04 ,  5.1350236E-02
       43534 ,       25006 ,  3.8087789E-02 ,  1.5074035E-02
       43535 ,       25006 ,  0.3682509     ,  4.3403145E-02
       43536 ,       25006 ,  5.7127651E-02 ,  2.0799719E-02
       43537 ,       25006 ,  0.0000000E+00 ,  8.7248096E-03
       43538 ,       25006 ,  0.0000000E+00 ,  1.2326526E-02
       43539 ,       25006 ,  0.0000000E+00 ,  2.4890302E-02
       43540 ,       25006 ,  0.0000000E+00 ,  6.5345652E-03
       43542 ,       10034 ,  0.0000000E+00 ,  1.0925556E-02
       43551 ,       10032 ,  0.0000000E+00 ,  1.6609911E-02
       43552 ,       10019 ,  0.0000000E+00 ,  0.2016973    
       43558 ,       10032 ,  0.0000000E+00 ,  4.2085078E-02
       43561 ,       10039 ,   1.000000     ,  0.1562805    
       43562 ,       10039 ,  0.0000000E+00 ,  5.9381243E-02
       43563 ,       10039 ,  0.0000000E+00 ,  6.5798476E-02
       43564 ,       10003 ,  0.0000000E+00 ,  0.2052643    
       43565 ,       10039 ,  0.0000000E+00 ,  0.1075828    
       43566 ,       10028 ,  0.0000000E+00 ,  0.1031768    
       43570 ,       10028 ,  0.0000000E+00 ,  8.0034964E-02
       43571 ,       10021 ,  0.0000000E+00 ,  5.5278171E-02
       43572 ,       10021 ,  0.0000000E+00 ,  5.2266914E-02
       43573 ,       10021 ,  0.0000000E+00 ,  4.2567212E-02
       43575 ,       10004 ,  0.0000000E+00 ,  1.4899702E-02
       43576 ,       10004 ,  0.2909979     ,  9.0188667E-02
       43577 ,       10004 ,  6.1478730E-02 ,  3.7558419E-03
       43578 ,       10004 ,  0.0000000E+00 ,  7.8004873E-03
       43579 ,       10004 ,  0.0000000E+00 ,  3.0792836E-02
       43580 ,       10006 ,  0.0000000E+00 ,  4.6417985E-02
       43581 ,       10006 ,  0.0000000E+00 ,  3.2348350E-02
       43582 ,       10006 ,  0.0000000E+00 ,  7.3842980E-02
       43589 ,       32026 ,  0.0000000E+00 ,  1.4262505E-02
       43590 ,       32026 ,  0.0000000E+00 ,  1.9754834E-02
       43591 ,       32026 ,  0.0000000E+00 ,  5.1682694E-03
       43592 ,       32026 ,  0.0000000E+00 ,  1.9896314E-02
       43594 ,       32027 ,  0.0000000E+00 ,  8.3336085E-02
       43595 ,       32027 ,  0.0000000E+00 ,  7.8538626E-02
       43596 ,       32027 ,  0.0000000E+00 ,  8.7748216E-03
       43597 ,       32027 ,  0.0000000E+00 ,  2.4315670E-02
       43600 ,        5024 ,  0.0000000E+00 ,  1.9174550E-03
       43601 ,        5030 ,  0.0000000E+00 ,  2.1041259E-02
       43602 ,        5030 ,  0.0000000E+00 ,  2.3601096E-02
       43603 ,        5030 ,  0.0000000E+00 ,  2.7561046E-02
       43604 ,        5030 ,  0.0000000E+00 ,  2.5410235E-02
       43605 ,        5030 ,  0.0000000E+00 ,  1.3887907E-02
       43606 ,        5030 ,  0.0000000E+00 ,  3.9382424E-02
       43607 ,        5030 ,  0.0000000E+00 ,  7.8482358E-03
       43609 ,       19017 ,  0.0000000E+00 ,  5.4468983E-03
       43610 ,       19017 ,  0.0000000E+00 ,  1.3786023E-02
       43613 ,       19017 ,  0.0000000E+00 ,  2.3629006E-02
       43614 ,       19017 ,  0.0000000E+00 ,  1.3782478E-02
       43615 ,       19017 ,  0.0000000E+00 ,  5.1075637E-02
       43616 ,       19017 ,  0.0000000E+00 ,  1.8406177E-02
       43617 ,       19017 ,  0.0000000E+00 ,  2.4147442E-02
       43620 ,       19033 ,  0.0000000E+00 ,  8.1033749E-04
       43621 ,       19029 ,  0.9555947     ,  0.6909828    
       43622 ,       19033 ,  0.1267370     ,  0.8511880    
       43623 ,       19033 ,  0.4827407     ,  6.5076888E-02
       43624 ,       19033 ,  0.0000000E+00 ,  4.9608007E-02
       43625 ,       19033 ,  0.0000000E+00 ,  3.6084425E-02
       43626 ,       19033 ,  0.0000000E+00 ,  2.9216699E-02
       43627 ,       19033 ,  0.0000000E+00 ,  6.4259969E-02
       43628 ,       28005 ,  0.0000000E+00 ,  9.0643197E-02
       43629 ,       28005 ,  0.0000000E+00 ,  0.1600667    
       43630 ,       28005 ,  0.0000000E+00 ,  9.8380730E-02
       43631 ,       28005 ,  0.0000000E+00 ,  8.2849346E-02
       43633 ,       28005 ,  0.0000000E+00 ,  0.1414265    
       43638 ,       28035 ,  0.4222250     ,  1.8351704E-02
       43639 ,       28035 ,  0.3174472     ,  4.3762155E-02
       43842 ,        3001 ,  0.0000000E+00 ,  1.3511153E-02
       43846 ,        3003 ,  0.0000000E+00 ,  5.6514279E-03
       43847 ,        3003 ,  0.0000000E+00 ,  3.0828998E-03
       43851 ,        3003 ,  0.0000000E+00 ,  2.7507516E-03
       43852 ,        3003 ,  0.0000000E+00 ,  1.1777004E-04
       43883 ,       25018 ,  1.4485596E-03 ,  0.0000000E+00
       43884 ,       25013 ,  0.0000000E+00 ,  2.1186866E-02
       43885 ,       25006 ,  3.5331787E-03 ,  0.1292155    
       43886 ,       25006 ,  7.1061542E-03 ,  2.2772735E-02
       43887 ,       25006 ,  7.1504549E-03 ,  2.5051091E-02
       43888 ,       25006 ,  1.3633150E-02 ,  4.3661031E-03
       43889 ,       25006 ,  0.0000000E+00 ,  9.6554365E-03
       43890 ,       25006 ,  0.0000000E+00 ,  3.5977107E-03
       43893 ,       10034 ,  6.4424731E-02 ,  0.2868010    
       43894 ,       10034 ,  0.0000000E+00 ,  0.1376575    
       43897 ,       10032 ,  0.0000000E+00 ,  1.9061422E-02
       43898 ,       10032 ,  0.0000000E+00 ,  4.0679261E-02
       43904 ,       10032 ,  0.0000000E+00 ,  4.6755813E-02
       43905 ,       10032 ,  0.0000000E+00 ,  4.2611562E-02
       43910 ,       10032 ,  0.0000000E+00 ,  2.0456027E-02
       43911 ,       10032 ,  0.0000000E+00 ,  1.0150635E-02
       43913 ,       10032 ,  0.0000000E+00 ,  4.3878511E-02
       43914 ,       10039 ,  0.0000000E+00 ,  1.9262016E-02
       43916 ,       10039 ,  0.0000000E+00 ,  0.1211705    
       43917 ,       10003 ,  0.6053321     ,  0.1332411    
       43918 ,       10003 ,  0.3946680     ,  0.1797150    
       43919 ,       10003 ,  0.0000000E+00 ,  0.1478248    
       43920 ,       10028 ,  0.0000000E+00 ,  0.1464296    
       43921 ,       10024 ,  0.0000000E+00 ,  4.7314506E-02
       43925 ,       10021 ,  0.0000000E+00 ,  3.3901405E-02
       43926 ,       10015 ,  0.0000000E+00 ,  4.7721572E-02
       43929 ,       10004 ,  0.0000000E+00 ,  9.9655703E-02
       43934 ,        5035 ,  0.0000000E+00 ,  2.7697884E-02
       43935 ,        5035 ,  0.0000000E+00 ,  4.2633209E-02
       43942 ,       32026 ,  0.0000000E+00 ,  2.0916127E-02
       43945 ,       32027 ,  0.0000000E+00 ,  9.5607534E-02
       43946 ,       32027 ,  0.0000000E+00 ,  9.9785253E-02
       43947 ,       32027 ,  0.0000000E+00 ,  2.2333339E-02
       43956 ,        5030 ,  0.0000000E+00 ,  2.2628177E-02
       43959 ,        5030 ,  0.0000000E+00 ,  2.3476820E-02
       43963 ,       19017 ,  0.0000000E+00 ,  1.9856956E-02
       43964 ,       19017 ,  0.0000000E+00 ,  1.9588126E-02
       43965 ,       19017 ,  0.0000000E+00 ,  2.4715783E-02
       43966 ,       19017 ,  0.0000000E+00 ,  2.4536019E-03
       43967 ,       19017 ,  0.0000000E+00 ,  3.9466857E-03
       43968 ,       19017 ,  0.0000000E+00 ,  1.9243503E-02
       43969 ,       19043 ,  0.0000000E+00 ,  2.3957442E-04
       43970 ,       19043 ,   1.000000     ,  0.2764097    
       43971 ,       19043 ,  0.0000000E+00 ,  3.0901005E-02
       43973 ,       19038 ,  0.0000000E+00 ,  4.6116266E-02
       43974 ,       19038 ,  0.0000000E+00 ,  0.1273683    
       43984 ,       28005 ,   1.000000     ,  0.1048501    
       43986 ,       28005 ,  0.0000000E+00 ,  2.5708066E-02
       43989 ,       28035 ,  0.0000000E+00 ,  2.0440859E-03
       43990 ,       28035 ,  0.0000000E+00 ,  2.9913252E-02
       43991 ,       28035 ,  0.0000000E+00 ,  4.2217653E-02
       43992 ,       28035 ,  0.0000000E+00 ,  4.8970066E-02
       44188 ,        3001 ,  1.7667850E-02 ,  1.1737031E-03
       44189 ,        3001 ,  7.3035970E-02 ,  8.1972638E-04
       44194 ,        3001 ,  0.0000000E+00 ,  2.1524609E-03
       44195 ,        3001 ,  0.0000000E+00 ,  1.1342295E-02
       44200 ,        3003 ,  0.0000000E+00 ,  1.4070801E-02
       44201 ,        3003 ,  0.0000000E+00 ,  1.0772682E-02
       44202 ,        3003 ,  0.0000000E+00 ,  1.3368295E-02
       44203 ,        3003 ,  0.0000000E+00 ,  1.1708051E-02
       44204 ,        3003 ,  0.0000000E+00 ,  6.4814445E-03
       44236 ,       25018 ,  9.1293901E-02 ,  3.1419523E-02
       44237 ,       25018 ,  1.8543581E-02 ,  0.1087123    
       44238 ,       25013 ,  0.0000000E+00 ,  8.1522303E-04
       44239 ,       25006 ,  0.0000000E+00 ,  1.7445600E-02
       44240 ,       25006 ,  0.0000000E+00 ,  1.4645420E-03
       44242 ,       25006 ,  0.0000000E+00 ,  1.2447961E-02
       44243 ,       25006 ,  0.0000000E+00 ,  1.9272827E-02
       44244 ,       25006 ,  0.0000000E+00 ,  3.5004828E-03
       44246 ,       10034 ,  0.9355752     ,  4.7862761E-02
       44251 ,       10002 ,  0.0000000E+00 ,  0.1354623    
       44253 ,       10032 ,  0.0000000E+00 ,  8.5684946E-03
       44254 ,       10002 ,  0.0000000E+00 ,  0.1315779    
       44255 ,       10002 ,  0.0000000E+00 ,  5.6575807E-03
       44258 ,       10032 ,  0.0000000E+00 ,  3.3702191E-02
       44259 ,       10032 ,  0.0000000E+00 ,  7.3624343E-02
       44260 ,       10032 ,  0.0000000E+00 ,  4.7056712E-02
       44261 ,       10032 ,  0.0000000E+00 ,  3.8642239E-02
       44263 ,       10032 ,  0.9935223     ,  4.9198400E-02
       44264 ,       10032 ,  6.4777071E-03 ,  5.1173739E-02
       44265 ,       10032 ,  0.0000000E+00 ,  6.4164735E-02
       44266 ,       10032 ,  0.0000000E+00 ,  6.8896473E-03
       44268 ,       10039 ,  0.0000000E+00 ,  2.5703504E-03
       44269 ,       10039 ,  0.0000000E+00 ,  6.5126843E-03
       44270 ,       10003 ,  0.0000000E+00 ,  0.1480117    
       44273 ,       10024 ,  0.0000000E+00 ,  4.3344181E-02
       44274 ,       10024 ,  0.0000000E+00 ,  8.7378554E-02
       44278 ,       10015 ,  0.0000000E+00 ,  3.0579995E-02
       44279 ,       10015 ,  0.0000000E+00 ,  7.6127753E-02
       44281 ,       10004 ,  0.0000000E+00 ,  1.9144451E-03
       44282 ,       10004 ,  0.1426497     ,  0.1293352    
       44286 ,        5035 ,  0.0000000E+00 ,  5.9006265E-03
       44287 ,        5035 ,  0.0000000E+00 ,  6.7001924E-02
       44288 ,        5035 ,  0.0000000E+00 ,  6.7174204E-02
       44289 ,        5036 ,  0.0000000E+00 ,  5.1481199E-02
       44290 ,        5036 ,  0.0000000E+00 ,  5.0544750E-02
       44291 ,        5036 ,  0.0000000E+00 ,  3.9526787E-02
       44294 ,        5036 ,  0.0000000E+00 ,  3.5786629E-03
       44295 ,       32026 ,  0.0000000E+00 ,  2.6278924E-03
       44298 ,       32027 ,  0.0000000E+00 ,  4.6633694E-02
       44304 ,        5024 ,  0.0000000E+00 ,  8.9409426E-03
       44308 ,        5030 ,  0.0000000E+00 ,  2.2713087E-02
       44309 ,        5030 ,  0.0000000E+00 ,  2.5392048E-02
       44310 ,        5030 ,  0.0000000E+00 ,  2.3249630E-02
       44311 ,        5030 ,  0.0000000E+00 ,  3.4389898E-02
       44312 ,        5030 ,  0.0000000E+00 ,  1.4064719E-02
       44316 ,       19017 ,  0.0000000E+00 ,  6.2568528E-03
       44317 ,       19017 ,  0.0000000E+00 ,  2.2849560E-02
       44320 ,       19017 ,  0.0000000E+00 ,  2.1436425E-02
       44322 ,       19043 ,  0.0000000E+00 ,  0.1972647    
       44324 ,       19038 ,  0.0000000E+00 ,  0.1331417    
       44326 ,       19038 ,  0.0000000E+00 ,  0.1542523    
       44335 ,       19013 ,  0.0000000E+00 ,  3.1402897E-02
       44336 ,       19013 ,  0.0000000E+00 ,  4.1982297E-02
       44337 ,       28005 ,  0.0000000E+00 ,  8.9950725E-02
       44338 ,       28005 ,  0.0000000E+00 ,  9.3438504E-03
       44339 ,       28005 ,  0.0000000E+00 ,  0.1197752    
       44341 ,       28023 ,  0.0000000E+00 ,  7.7257097E-02
       44342 ,       28035 ,  0.0000000E+00 ,  3.9798796E-02
       44343 ,       28035 ,  0.0000000E+00 ,  7.5368518E-03
       44345 ,       28035 ,  0.1355428     ,  3.8204145E-02
       44541 ,        3001 ,  0.0000000E+00 ,  1.3700749E-03
       44542 ,        3001 ,  0.0000000E+00 ,  1.9429831E-02
       44547 ,        3001 ,  0.0000000E+00 ,  1.5314764E-02
       44550 ,        3001 ,  0.0000000E+00 ,  7.2411303E-03
       44551 ,        3001 ,  0.0000000E+00 ,  1.9778982E-03
       44553 ,        3003 ,  0.0000000E+00 ,  6.2550902E-03
       44554 ,        3003 ,  0.0000000E+00 ,  2.3186803E-03
       44557 ,        3003 ,  0.0000000E+00 ,  4.6685534E-03
       44587 ,       25002 ,  0.2643363     ,  8.7345410E-03
       44588 ,       25013 ,  1.5469888E-02 ,  6.3918896E-02
       44589 ,       25013 ,  2.2438057E-02 ,  0.1126832    
       44590 ,       25013 ,  0.0000000E+00 ,  2.4465576E-02
       44591 ,       25013 ,  0.4816785     ,  5.7073478E-02
       44592 ,       25013 ,  0.0000000E+00 ,  1.4855100E-02
       44593 ,       25006 ,  0.0000000E+00 ,  1.8872481E-04
       44594 ,       25003 ,  0.0000000E+00 ,  4.4475064E-02
       44596 ,       25006 ,  0.0000000E+00 ,  1.8188424E-02
       44604 ,       10002 ,   1.000000     ,  0.2545327    
       44605 ,       10002 ,  0.0000000E+00 ,  0.1495182    
       44606 ,       10032 ,  0.0000000E+00 ,  4.7881145E-02
       44608 ,       10032 ,  0.0000000E+00 ,  3.4318447E-02
       44609 ,       10032 ,  0.0000000E+00 ,  5.3635292E-02
       44610 ,       10035 ,  0.0000000E+00 ,  1.5054155E-02
       44611 ,       10035 ,  0.0000000E+00 ,  2.8886467E-02
       44612 ,       10035 ,  0.0000000E+00 ,  2.6185220E-02
       44614 ,       10032 ,  0.0000000E+00 ,  3.4979764E-02
       44615 ,       10032 ,  0.0000000E+00 ,  8.6183414E-02
       44616 ,       10032 ,  0.0000000E+00 ,  4.2080600E-02
       44617 ,       10032 ,  0.0000000E+00 ,  1.7090153E-03
       44618 ,       10032 ,  0.0000000E+00 ,  5.4856520E-02
       44622 ,       10003 ,  0.0000000E+00 ,  0.1386556    
       44623 ,       10003 ,  0.0000000E+00 ,  3.4337215E-02
       44626 ,       10024 ,  0.8563515     ,  0.1585213    
       44627 ,       10024 ,  0.0000000E+00 ,  0.1134287    
       44628 ,       10024 ,  0.0000000E+00 ,  0.1196768    
       44629 ,       10015 ,  0.0000000E+00 ,  9.5378548E-02
       44630 ,       10015 ,  0.0000000E+00 ,  3.5723232E-02
       44631 ,       10015 ,  0.0000000E+00 ,  0.1072497    
       44634 ,       10004 ,  0.0000000E+00 ,  4.4096593E-02
       44635 ,       10004 ,  0.0000000E+00 ,  8.7076247E-02
       44638 ,       10006 ,  0.0000000E+00 ,  8.3052935E-03
       44639 ,       10006 ,  0.0000000E+00 ,  0.1064558    
       44647 ,        5036 ,  0.0000000E+00 ,  5.1363707E-02
       44653 ,        5024 ,  0.0000000E+00 ,  1.1342399E-02
       44654 ,        5024 ,  0.0000000E+00 ,  1.8897364E-02
       44655 ,        5024 ,  0.0000000E+00 ,  1.5461520E-02
       44656 ,        5024 ,  0.0000000E+00 ,  1.7925065E-02
       44657 ,        5024 ,  0.0000000E+00 ,  5.9321048E-03
       44660 ,        5030 ,  0.0000000E+00 ,  2.3065062E-02
       44661 ,        5030 ,  0.0000000E+00 ,  7.1477946E-03
       44664 ,        5030 ,  0.0000000E+00 ,  1.5986994E-02
       44665 ,        5030 ,  0.0000000E+00 ,  5.7277568E-03
       44668 ,       19017 ,  0.0000000E+00 ,  2.4218552E-03
       44669 ,       19017 ,  0.0000000E+00 ,  2.8442923E-02
       44672 ,       19017 ,  0.0000000E+00 ,  2.6289310E-02
       44673 ,       19017 ,  0.0000000E+00 ,  4.5376807E-03
       44674 ,       19043 ,  0.0000000E+00 ,  1.6518109E-02
       44675 ,       19043 ,  0.0000000E+00 ,  0.1798560    
       44677 ,       19038 ,  0.0000000E+00 ,  6.7702495E-02
       44678 ,       19038 ,  0.1731387     ,  0.1380560    
       44679 ,       19038 ,  0.4120006     ,  0.1567838    
       44684 ,       19022 ,  0.0000000E+00 ,  2.1963941E-02
       44685 ,       19022 ,  0.0000000E+00 ,  6.5405913E-02
       44686 ,       19022 ,  0.0000000E+00 ,  6.2243599E-02
       44687 ,       19022 ,  0.0000000E+00 ,  6.5138787E-02
       44688 ,       19022 ,  0.0000000E+00 ,  2.4848985E-02
       44689 ,       19013 ,  0.0000000E+00 ,  4.1012041E-02
       44691 ,       28023 ,  0.0000000E+00 ,  2.4833274E-03
       44692 ,       28023 ,  0.9590450     ,  0.2010337    
       44693 ,       28023 ,  4.0955029E-02 ,  0.1055928    
       44694 ,       28023 ,  0.0000000E+00 ,  2.3795618E-02
       44696 ,       28035 ,  0.0000000E+00 ,  1.3433869E-02
       44697 ,       28035 ,  0.0000000E+00 ,  5.1749475E-02
       44698 ,       28035 ,  0.0000000E+00 ,  4.2573903E-02
       44699 ,       28035 ,  0.0000000E+00 ,  3.4626309E-02
       44895 ,        3001 ,  0.0000000E+00 ,  1.7572112E-03
       44896 ,        3001 ,  0.0000000E+00 ,  1.4019312E-02
       44897 ,        3001 ,  0.0000000E+00 ,  1.4246919E-02
       44898 ,        3001 ,  0.0000000E+00 ,  5.7336316E-04
       44900 ,        3001 ,  0.0000000E+00 ,  1.4166954E-02
       44901 ,        3001 ,  0.0000000E+00 ,  6.7491694E-03
       44902 ,        3001 ,  0.0000000E+00 ,  9.2702340E-03
       44903 ,        3001 ,  0.0000000E+00 ,  8.6991470E-03
       44939 ,       25002 ,  0.0000000E+00 ,  3.5432883E-02
       44940 ,       25002 ,  3.6756802E-02 ,  9.2634842E-02
       44941 ,       25013 ,  2.4396867E-02 ,  0.2158408    
       44942 ,       25013 ,  0.0000000E+00 ,  5.1655248E-02
       44943 ,       25013 ,  0.0000000E+00 ,  4.1171122E-02
       44944 ,       25013 ,  0.0000000E+00 ,  4.2302102E-02
       44947 ,       25003 ,  0.0000000E+00 ,  8.8250119E-04
       44949 ,       25006 ,  0.0000000E+00 ,  1.3191354E-02
       44950 ,       25006 ,  0.0000000E+00 ,  1.0704587E-03
       44956 ,       10037 ,  0.5038620     ,  1.7062981E-02
       44957 ,       10037 ,  0.4961379     ,  0.1360520    
       44958 ,       10002 ,  0.0000000E+00 ,  6.2085103E-02
       44963 ,       10035 ,  0.0000000E+00 ,  4.5572337E-02
       44964 ,       10035 ,  0.0000000E+00 ,  8.8312045E-02
       44967 ,       10035 ,  0.0000000E+00 ,  2.1431575E-02
       44968 ,       10032 ,  0.0000000E+00 ,  3.6425538E-02
       44970 ,       10032 ,  0.0000000E+00 ,  4.1214772E-02
       44978 ,       10024 ,  0.0000000E+00 ,  6.7385882E-02
       44979 ,       10024 ,  0.1436485     ,  7.3950671E-02
       44983 ,       10015 ,  0.0000000E+00 ,  7.9602927E-02
       44984 ,       10015 ,   1.000000     ,  0.2053292    
       44985 ,       10015 ,  0.0000000E+00 ,  8.7463468E-02
       44986 ,       10015 ,  0.0000000E+00 ,  0.1139075    
       44987 ,       10015 ,  0.0000000E+00 ,  1.0614451E-02
       44988 ,       10012 ,  0.0000000E+00 ,  5.2177928E-02
       44989 ,       10012 ,  0.0000000E+00 ,  0.1441823    
       44990 ,       10012 ,  0.0000000E+00 ,  2.0865308E-02
       44991 ,       10006 ,  0.0000000E+00 ,  0.1962458    
       44992 ,        5035 ,  0.0000000E+00 ,  1.4277558E-02
       44999 ,        5036 ,  0.0000000E+00 ,  2.9095801E-02
       45000 ,        5036 ,  0.0000000E+00 ,  7.2166398E-02
       45004 ,        5024 ,  0.0000000E+00 ,  4.3729278E-03
       45005 ,        5024 ,  0.0000000E+00 ,  4.5714634E-03
       45006 ,        5024 ,  0.0000000E+00 ,  5.4823421E-03
       45008 ,        5024 ,  0.0000000E+00 ,  7.7903215E-03
       45010 ,        5024 ,  0.0000000E+00 ,  5.0457227E-03
       45016 ,        5030 ,  0.0000000E+00 ,  2.3443151E-02
       45017 ,        5030 ,  0.0000000E+00 ,  2.1776238E-02
       45018 ,        5030 ,  0.0000000E+00 ,  4.6669960E-02
       45019 ,        5030 ,  0.0000000E+00 ,  2.1468341E-02
       45020 ,        5004 ,  0.0000000E+00 ,  5.3730581E-02
       45021 ,        5004 ,  0.0000000E+00 ,  0.1475375    
       45023 ,        5004 ,  0.0000000E+00 ,  2.7594784E-02
       45024 ,        5004 ,  0.0000000E+00 ,  4.8941437E-02
       45025 ,        5004 ,  0.0000000E+00 ,  5.4294370E-02
       45026 ,        5004 ,  0.0000000E+00 ,  3.1341027E-02
       45027 ,        5004 ,  0.0000000E+00 ,  6.3236043E-02
       45029 ,       19004 ,  6.9783017E-02 ,  2.6677486E-03
       45030 ,       19004 ,  0.2019278     ,  0.5682008    
       45031 ,       19038 ,  0.1614485     ,  0.1031078    
       45032 ,       19038 ,  0.2534122     ,  5.6342971E-02
       45033 ,       19022 ,  0.9691028     ,  7.9451665E-02
       45034 ,       19022 ,  0.0000000E+00 ,  7.9470336E-02
       45035 ,       19022 ,  0.0000000E+00 ,  6.0040556E-02
       45036 ,       19022 ,  0.0000000E+00 ,  6.1495125E-02
       45037 ,       19022 ,  0.0000000E+00 ,  6.6229939E-02
       45042 ,       19013 ,  0.0000000E+00 ,  3.4267318E-02
       45044 ,       28023 ,  0.0000000E+00 ,  1.2156316E-04
       45045 ,       28023 ,  0.0000000E+00 ,  8.9654960E-02
       45050 ,       28035 ,  0.0000000E+00 ,  3.5638571E-02
       45052 ,       28035 ,  0.0000000E+00 ,  1.9106586E-02
       45053 ,       28035 ,  0.0000000E+00 ,  2.8007712E-02
       45251 ,        3001 ,  0.0000000E+00 ,  1.5217412E-02
       45252 ,        3001 ,  7.0478976E-02 ,  1.6471311E-02
       45253 ,        3001 ,  0.6207045     ,  2.4235740E-02
       45254 ,        3001 ,  0.0000000E+00 ,  9.8935515E-04
       45292 ,       25002 ,  0.0000000E+00 ,  7.1782976E-02
       45293 ,       25002 ,  0.0000000E+00 ,  9.7851112E-02
       45294 ,       25015 ,  0.0000000E+00 ,  0.1858624    
       45295 ,       25013 ,  0.0000000E+00 ,  5.0317641E-02
       45296 ,       25013 ,  0.0000000E+00 ,  6.4423522E-03
       45297 ,       25013 ,  0.0000000E+00 ,  6.0527744E-03
       45298 ,       25003 ,  0.0000000E+00 ,  6.1013933E-02
       45299 ,       25003 ,  0.0000000E+00 ,  5.6165713E-03
       45302 ,       25006 ,  0.0000000E+00 ,  2.5869545E-03
       45303 ,       10034 ,  0.0000000E+00 ,  0.1613870    
       45304 ,       10034 ,  0.0000000E+00 ,  9.6831493E-02
       45317 ,       10035 ,  0.0000000E+00 ,  5.1981829E-02
       45318 ,       10035 ,  0.0000000E+00 ,  3.0670652E-02
       45319 ,       10035 ,  3.6682468E-02 ,  3.1607114E-02
       45320 ,       10035 ,  0.0000000E+00 ,  5.7271160E-02
       45323 ,       10032 ,  0.0000000E+00 ,  5.9246714E-03
       45324 ,       10032 ,  0.0000000E+00 ,  4.6500929E-02
       45331 ,       10024 ,  0.0000000E+00 ,  0.1149696    
       45336 ,       10029 ,  0.0000000E+00 ,  6.7041799E-02
       45337 ,       10029 ,  0.0000000E+00 ,  0.3101274    
       45341 ,       10012 ,  0.0000000E+00 ,  3.1757429E-03
       45342 ,       10012 ,  0.0000000E+00 ,  0.1120336    
       45344 ,        5035 ,  0.0000000E+00 ,  7.7507004E-02
       45348 ,        5036 ,  0.0000000E+00 ,  1.6233211E-03
       45351 ,        5036 ,  7.9623446E-02 ,  3.8450204E-02
       45352 ,        5036 ,  7.7891182E-03 ,  6.7281842E-02
       45357 ,        5024 ,  0.0000000E+00 ,  5.2226195E-03
       45358 ,        5024 ,  0.0000000E+00 ,  1.9814080E-02
       45359 ,        5024 ,  0.0000000E+00 ,  1.1518674E-03
       45361 ,        5024 ,  0.0000000E+00 ,  2.8699562E-03
       45362 ,        5024 ,  0.0000000E+00 ,  1.6923878E-02
       45363 ,        5024 ,  0.0000000E+00 ,  2.5530845E-02
       45364 ,        5011 ,  0.0000000E+00 ,  5.7790503E-02
       45365 ,        5011 ,  0.0000000E+00 ,  5.1231440E-02
       45366 ,        5011 ,  1.3219373E-02 ,  2.2151954E-02
       45367 ,        5011 ,  0.0000000E+00 ,  6.0302243E-02
       45368 ,        5030 ,  0.0000000E+00 ,  2.2110006E-02
       45369 ,        5030 ,  0.0000000E+00 ,  1.1880433E-03
       45371 ,        5030 ,  4.0790647E-02 ,  3.2463163E-02
       45372 ,        5030 ,  7.2431313E-03 ,  0.0000000E+00
       45374 ,        5004 ,  0.0000000E+00 ,  0.1384819    
       45375 ,        5004 ,  0.0000000E+00 ,  8.6246207E-02
       45376 ,        5004 ,  0.0000000E+00 ,  2.2908378E-02
       45378 ,        5004 ,  0.0000000E+00 ,  2.1704650E-02
       45379 ,       19049 ,  0.0000000E+00 ,  7.3810369E-02
       45381 ,       19049 ,  9.1109062E-03 ,  5.4568272E-02
       45382 ,       19049 ,  1.7956235E-02 ,  0.7226812    
       45383 ,       19004 ,  0.2078918     ,  0.2971687    
       45385 ,       19022 ,  0.0000000E+00 ,  3.2872319E-02
       45386 ,       19022 ,  3.0897189E-02 ,  4.4742532E-02
       45387 ,       19022 ,  0.0000000E+00 ,  7.5367346E-02
       45388 ,       19022 ,  0.0000000E+00 ,  3.1445991E-02
       45395 ,       19013 ,  0.0000000E+00 ,  5.1452969E-03
       45397 ,       28023 ,  0.0000000E+00 ,  1.5899043E-04
       45398 ,       28023 ,  0.0000000E+00 ,  8.7903216E-02
       45403 ,       28023 ,  0.0000000E+00 ,  8.4669054E-02
       45406 ,       28035 ,  0.0000000E+00 ,  3.8050357E-02
       45407 ,       28035 ,  0.0000000E+00 ,  4.4307387E-03
       45411 ,       28022 ,  0.0000000E+00 ,  2.1050902E-02
       45412 ,       28022 ,  0.0000000E+00 ,  2.4849983E-04
       45602 ,        3001 ,  0.0000000E+00 ,  9.1996545E-04
       45603 ,        3001 ,  0.0000000E+00 ,  2.2969963E-03
       45605 ,        3001 ,  1.0573111E-02 ,  1.3498412E-02
       45607 ,        3001 ,  0.0000000E+00 ,  2.0255990E-02
       45608 ,        3001 ,  0.0000000E+00 ,  1.0223989E-03
       45641 ,       25011 ,  0.0000000E+00 ,  8.9230258E-03
       45645 ,       25002 ,  0.0000000E+00 ,  0.1195049    
       45646 ,       25002 ,  0.0000000E+00 ,  0.1083480    
       45647 ,       25015 ,  0.0000000E+00 ,  8.0988139E-02
       45648 ,       25015 ,  0.0000000E+00 ,  9.3147479E-02
       45651 ,       25003 ,  0.0000000E+00 ,  5.9417717E-02
       45652 ,       25003 ,  0.1377837     ,  3.6066506E-02
       45653 ,       25003 ,  0.0000000E+00 ,  3.8988739E-02
       45654 ,       25003 ,  0.0000000E+00 ,  2.8840575E-02
       45657 ,       10034 ,  0.0000000E+00 ,  1.4977789E-02
       45668 ,       10035 ,  0.0000000E+00 ,  2.1649845E-02
       45669 ,       10035 ,  0.0000000E+00 ,  3.0100690E-02
       45670 ,       10035 ,  0.0000000E+00 ,  1.6077369E-03
       45671 ,       10035 ,  0.0000000E+00 ,  3.8355850E-02
       45672 ,       10035 ,  0.9633175     ,  3.2802634E-02
       45677 ,       10032 ,  0.0000000E+00 ,  5.8212992E-02
       45678 ,       10018 ,  0.0000000E+00 ,  1.5065349E-02
       45680 ,       10018 ,  0.0000000E+00 ,  3.0338382E-02
       45684 ,       10030 ,  0.0000000E+00 ,  0.1388717    
       45688 ,       10029 ,   1.000000     ,  0.3404433    
       45689 ,       10029 ,  0.0000000E+00 ,  0.3976524    
       45694 ,       10012 ,  0.0000000E+00 ,  1.2058519E-02
       45695 ,       10012 ,  0.0000000E+00 ,  6.7012548E-02
       45697 ,       10012 ,  8.5185152E-03 ,  3.5836358E-02
       45698 ,       10012 ,  7.0989117E-02 ,  7.9788372E-02
       45699 ,        5017 ,  0.0000000E+00 ,  6.7572042E-02
       45701 ,        5017 ,  0.0000000E+00 ,  3.6121897E-02
       45703 ,        5036 ,  0.0000000E+00 ,  3.1028228E-02
       45704 ,        5036 ,  0.0000000E+00 ,  4.2656977E-02
       45705 ,        5036 ,  0.0000000E+00 ,  1.1516627E-02
       45706 ,        5036 ,  0.0000000E+00 ,  5.3571209E-02
       45707 ,        5024 ,  0.0000000E+00 ,  8.3222929E-03
       45711 ,        5024 ,  0.3862564     ,  1.3764775E-02
       45712 ,        5024 ,  0.3027245     ,  1.8789001E-02
       45713 ,        5024 ,  0.0000000E+00 ,  2.5524380E-02
       45714 ,        5024 ,  0.0000000E+00 ,  2.2066481E-02
       45715 ,        5024 ,  0.0000000E+00 ,  1.5021410E-02
       45718 ,        5011 ,  0.0000000E+00 ,  8.1038317E-03
       45719 ,        5011 ,  0.9867807     ,  4.9491197E-02
       45721 ,        5030 ,  0.0000000E+00 ,  1.6548283E-02
       45722 ,        5030 ,  0.0000000E+00 ,  2.2402236E-02
       45723 ,        5030 ,  0.0000000E+00 ,  9.4279638E-03
       45724 ,        5030 ,  0.2084275     ,  2.2271778E-02
       45725 ,        5030 ,  0.4105476     ,  5.2733131E-02
       45726 ,        5030 ,  2.8754417E-02 ,  5.4624736E-02
       45727 ,        5004 ,  0.1651827     ,  0.1250543    
       45728 ,        5004 ,  0.0000000E+00 ,  1.8701768E-02
       45729 ,        5004 ,  0.0000000E+00 ,  4.9288206E-02
       45730 ,        5004 ,  0.0000000E+00 ,  2.5365295E-02
       45731 ,        5004 ,  0.0000000E+00 ,  2.4739126E-02
       45732 ,       19049 ,  0.0000000E+00 ,  6.0824014E-02
       45733 ,       19049 ,  0.0000000E+00 ,  9.8966815E-02
       45734 ,       19049 ,  0.5204037     ,  0.2932050    
       45735 ,       19049 ,  3.4380917E-02 ,  3.4734242E-02
       45736 ,       19009 ,  0.0000000E+00 ,  6.3275948E-02
       45737 ,       19009 ,  0.0000000E+00 ,  6.0938824E-02
       45738 ,       19009 ,  0.0000000E+00 ,  4.3473136E-02
       45740 ,       19022 ,  0.0000000E+00 ,  3.5522494E-02
       45741 ,       19022 ,  0.0000000E+00 ,  6.4851522E-02
       45742 ,       19022 ,  0.0000000E+00 ,  4.1233312E-02
       45750 ,       19013 ,  0.0000000E+00 ,  1.9230761E-02
       45751 ,       19013 ,  0.0000000E+00 ,  1.4316319E-02
       45752 ,       28023 ,  0.0000000E+00 ,  6.1474793E-02
       45753 ,       28023 ,  0.0000000E+00 ,  9.5025174E-02
       45755 ,       28023 ,  0.0000000E+00 ,  3.8244799E-02
       45756 ,       28023 ,  0.0000000E+00 ,  4.7989264E-02
       45757 ,       28035 ,  0.0000000E+00 ,  3.9384034E-03
       45758 ,       28035 ,  0.0000000E+00 ,  7.5266548E-03
       45759 ,       28022 ,  0.0000000E+00 ,  2.8536668E-02
       45760 ,       28022 ,  0.0000000E+00 ,  2.7816463E-03
       45764 ,       28022 ,  0.0000000E+00 ,  1.4388110E-03
       45765 ,       28022 ,  0.0000000E+00 ,  4.0649284E-02
       45954 ,        3001 ,  0.0000000E+00 ,  1.5452422E-02
       45955 ,        3001 ,  0.0000000E+00 ,  1.1683524E-03
       45956 ,        3001 ,  0.0000000E+00 ,  5.8099171E-03
       45958 ,        3001 ,  0.0000000E+00 ,  1.3497045E-02
       45960 ,        3001 ,  0.0000000E+00 ,  1.0629506E-02
       45961 ,        3001 ,  0.0000000E+00 ,  1.2829301E-02
       45962 ,        3001 ,  0.0000000E+00 ,  1.6831098E-02
       45963 ,        3001 ,  0.0000000E+00 ,  1.0918049E-03
       45994 ,       25011 ,  0.0000000E+00 ,  5.4755015E-03
       45995 ,       25011 ,  0.0000000E+00 ,  1.9048214E-02
       45997 ,       25002 ,  0.0000000E+00 ,  8.7916828E-04
       45998 ,       25002 ,  0.3838462     ,  0.2147695    
       45999 ,       25002 ,  0.0000000E+00 ,  5.5520721E-02
       46000 ,       25015 ,  0.0000000E+00 ,  6.3919701E-02
       46001 ,       25013 ,  0.0000000E+00 ,  2.7929578E-02
       46003 ,       25003 ,  0.0000000E+00 ,  9.0631773E-04
       46004 ,       25003 ,  0.0000000E+00 ,  2.8356511E-02
       46005 ,       25003 ,  0.8622162     ,  0.1047322    
       46007 ,       25003 ,  0.0000000E+00 ,  6.1810311E-02
       46020 ,       10035 ,  0.0000000E+00 ,  1.8625544E-02
       46021 ,       10035 ,  0.0000000E+00 ,  1.3005361E-02
       46023 ,       10035 ,  0.0000000E+00 ,  2.0329019E-02
       46024 ,       10035 ,  0.0000000E+00 ,  4.4834487E-02
       46030 ,       10018 ,  0.0000000E+00 ,  2.1912707E-02
       46031 ,       10018 ,  0.0000000E+00 ,  0.1032654    
       46032 ,       10018 ,  0.0000000E+00 ,  5.1759955E-02
       46033 ,       10018 ,  0.0000000E+00 ,  9.8862469E-02
       46037 ,       10030 ,  0.0000000E+00 ,  2.4218544E-02
       46038 ,       10030 ,  0.0000000E+00 ,  0.1171801    
       46041 ,       10030 ,  0.0000000E+00 ,  0.1383898    
       46047 ,       10012 ,  0.0000000E+00 ,  1.9215480E-03
       46048 ,       10012 ,  8.8090524E-02 ,  0.1495176    
       46049 ,       10012 ,  0.1904000     ,  7.0143305E-02
       46050 ,       10012 ,  7.3246196E-02 ,  5.3896129E-02
       46051 ,        5035 ,  0.2754347     ,  7.2213635E-02
       46052 ,        5035 ,  8.5091405E-03 ,  3.1525377E-02
       46053 ,        5017 ,  0.2335543     ,  3.3439942E-02
       46054 ,        5017 ,  6.1917432E-02 ,  0.1052236    
       46055 ,        5036 ,  0.0000000E+00 ,  4.8317071E-02
       46056 ,        5036 ,  0.0000000E+00 ,  6.9545016E-02
       46060 ,        5024 ,  0.0000000E+00 ,  2.3656480E-02
       46061 ,        5024 ,  0.0000000E+00 ,  1.2080172E-02
       46063 ,        5024 ,  0.0000000E+00 ,  1.5385761E-02
       46064 ,        5024 ,  0.2857465     ,  3.2790646E-02
       46065 ,        5024 ,  2.5272558E-02 ,  1.7127115E-03
       46066 ,        5024 ,  0.0000000E+00 ,  5.3438349E-03
       46067 ,        5024 ,  0.0000000E+00 ,  1.7958650E-02
       46068 ,        5024 ,  0.0000000E+00 ,  4.7145700E-03
       46069 ,        5024 ,  0.0000000E+00 ,  6.1240452E-03
       46070 ,        5011 ,  0.0000000E+00 ,  1.6426153E-02
       46071 ,        5011 ,  0.0000000E+00 ,  5.3874023E-02
       46072 ,        5011 ,  0.0000000E+00 ,  5.3833943E-02
       46073 ,        5011 ,  0.0000000E+00 ,  8.7593846E-02
       46074 ,        5011 ,  0.0000000E+00 ,  6.9625735E-02
       46075 ,        5030 ,  0.0000000E+00 ,  2.7325188E-03
       46076 ,        5030 ,  0.0000000E+00 ,  3.7526216E-02
       46077 ,        5030 ,  8.4438890E-02 ,  3.8666204E-02
       46078 ,        5030 ,  0.2109805     ,  4.6580322E-02
       46079 ,        5030 ,  8.8173626E-03 ,  7.2414212E-02
       46080 ,        5004 ,  0.0000000E+00 ,  1.0752920E-02
       46086 ,       19049 ,  8.0127664E-02 ,  4.0451784E-02
       46087 ,       19049 ,  0.3379214     ,  0.1515331    
       46088 ,       19049 ,  0.0000000E+00 ,  0.1428738    
       46089 ,       19009 ,  0.0000000E+00 ,  0.1087905    
       46093 ,       19022 ,  0.0000000E+00 ,  6.2427957E-02
       46095 ,       19022 ,  0.0000000E+00 ,  2.9328234E-02
       46096 ,       19022 ,  0.0000000E+00 ,  6.8336084E-02
       46100 ,       19013 ,  0.0000000E+00 ,  2.5602140E-02
       46102 ,       19013 ,  0.0000000E+00 ,  2.4458420E-02
       46103 ,       19013 ,  0.0000000E+00 ,  4.9925365E-02
       46104 ,       28032 ,  0.0000000E+00 ,  2.6265901E-02
       46108 ,       28032 ,  0.0000000E+00 ,  3.4159638E-02
       46113 ,       28022 ,  0.0000000E+00 ,  4.0501695E-02
       46117 ,       28022 ,  0.0000000E+00 ,  1.9750264E-02
       46118 ,       28022 ,  0.0000000E+00 ,  1.8436249E-02
       46308 ,        3001 ,  0.0000000E+00 ,  1.2187479E-02
       46309 ,        3001 ,  0.0000000E+00 ,  1.3129097E-02
       46310 ,        3001 ,  5.3387554E-04 ,  1.7728996E-02
       46311 ,        3001 ,  0.2070058     ,  2.1751247E-02
       46312 ,        3001 ,  0.0000000E+00 ,  2.0708313E-02
       46313 ,        3001 ,  0.0000000E+00 ,  4.5678392E-03
       46314 ,        3001 ,  0.0000000E+00 ,  1.6180957E-03
       46315 ,        3001 ,  0.0000000E+00 ,  8.4548752E-04
       46316 ,        3001 ,  0.0000000E+00 ,  1.3976560E-02
       46317 ,        3001 ,  0.0000000E+00 ,  1.5149946E-02
       46345 ,       25011 ,  0.0000000E+00 ,  7.2816893E-04
       46346 ,       25011 ,  0.0000000E+00 ,  2.3049947E-03
       46347 ,       25011 ,  6.2849415E-03 ,  3.8052745E-02
       46348 ,       25011 ,  2.3784705E-02 ,  4.7332861E-02
       46349 ,       25011 ,  0.0000000E+00 ,  2.6986275E-02
       46350 ,       25011 ,  0.0000000E+00 ,  4.3669451E-02
       46351 ,       25015 ,  0.1053900     ,  0.1612680    
       46352 ,       25015 ,  0.8946100     ,  0.1888014    
       46353 ,       25013 ,  2.5420291E-02 ,  3.5902530E-02
       46354 ,       25013 ,  0.4305964     ,  4.2847138E-02
       46355 ,       25013 ,  0.0000000E+00 ,  2.2259356E-02
       46357 ,       25003 ,  0.0000000E+00 ,  3.9431386E-02
       46358 ,       25003 ,  0.0000000E+00 ,  3.1369500E-02
       46359 ,       25003 ,  0.0000000E+00 ,  7.0243082E-03
       46364 ,       10034 ,  0.0000000E+00 ,  3.2791238E-02
       46365 ,       10034 ,  0.0000000E+00 ,  1.7473163E-02
       46375 ,       10035 ,  0.0000000E+00 ,  4.9774186E-03
       46376 ,       10035 ,  0.0000000E+00 ,  6.6781089E-02
       46381 ,       10018 ,  0.0000000E+00 ,  3.5415327E-03
       46382 ,       10018 ,  0.0000000E+00 ,  6.1849912E-04
       46383 ,       10018 ,  0.0000000E+00 ,  7.1565464E-02
       46385 ,       10018 ,  0.0000000E+00 ,  1.3758454E-02
       46386 ,       10011 ,  0.0000000E+00 ,  8.1127159E-02
       46390 ,       10030 ,  0.0000000E+00 ,  5.1477313E-02
       46391 ,       10030 ,  0.0000000E+00 ,  8.4965989E-02
       46394 ,       10030 ,   1.000000     ,  0.1251369    
       46400 ,       10012 ,  0.0000000E+00 ,  4.0091138E-02
       46401 ,       10012 ,  0.0000000E+00 ,  6.0094379E-02
       46402 ,       10012 ,  0.3430042     ,  0.1269805    
       46403 ,       10012 ,  0.2257515     ,  0.1572932    
       46404 ,        5035 ,  0.4123977     ,  0.3790345    
       46405 ,        5035 ,  8.1607714E-02 ,  0.1936333    
       46406 ,        5017 ,  0.2452083     ,  0.2103684    
       46407 ,        5036 ,  0.0000000E+00 ,  9.4278470E-02
       46408 ,        5036 ,  0.0000000E+00 ,  0.1031958    
       46409 ,        5036 ,  0.0000000E+00 ,  0.1276743    
       46411 ,        5033 ,  0.0000000E+00 ,  2.9232200E-02
       46412 ,        5024 ,  0.0000000E+00 ,  1.3586160E-02
       46413 ,        5024 ,  0.0000000E+00 ,  1.9635919E-02
       46414 ,        5024 ,  0.0000000E+00 ,  1.0076428E-02
       46415 ,        5024 ,  0.0000000E+00 ,  1.5993558E-02
       46416 ,        5024 ,  0.0000000E+00 ,  2.4772745E-03
       46417 ,        5024 ,  0.0000000E+00 ,  1.3124728E-02
       46418 ,        5024 ,  0.0000000E+00 ,  4.1284962E-03
       46420 ,        5024 ,  0.0000000E+00 ,  1.4764177E-02
       46421 ,        5024 ,  0.0000000E+00 ,  2.8907843E-02
       46422 ,        5011 ,  0.0000000E+00 ,  5.3825334E-02
       46423 ,        5011 ,  0.0000000E+00 ,  3.8016293E-02
       46425 ,        5011 ,  0.0000000E+00 ,  2.8083438E-02
       46426 ,        5011 ,  0.0000000E+00 ,  6.2252551E-02
       46429 ,        5027 ,  0.0000000E+00 ,  8.1940079E-03
       46430 ,        5027 ,  0.0000000E+00 ,  3.9343078E-02
       46431 ,        5027 ,  0.7018390     ,  5.0255734E-02
       46432 ,        5027 ,  0.0000000E+00 ,  7.4707896E-02
       46438 ,       19039 ,  3.5609843E-03 ,  0.0000000E+00
       46439 ,       19039 ,  0.1011843     ,  0.2528261    
       46440 ,       19049 ,  9.9102348E-05 ,  5.2959446E-02
       46441 ,       19009 ,  0.3249690     ,  1.6472353E-02
       46442 ,       19009 ,  0.4719523     ,  0.1716604    
       46443 ,       19009 ,  0.0000000E+00 ,  5.2444957E-02
       46444 ,       19009 ,  0.0000000E+00 ,  5.0006341E-02
       46445 ,       19009 ,  0.0000000E+00 ,  2.9788233E-02
       46446 ,       19042 ,  0.0000000E+00 ,  5.5832271E-02
       46449 ,       19013 ,  0.0000000E+00 ,  2.8706677E-03
       46450 ,       19013 ,  0.0000000E+00 ,  3.5313800E-02
       46453 ,       19013 ,  0.0000000E+00 ,  2.8230924E-02
       46454 ,       19013 ,  0.0000000E+00 ,  3.7927195E-02
       46455 ,       19013 ,  0.0000000E+00 ,  1.1917929E-02
       46456 ,       19013 ,  0.0000000E+00 ,  1.8381674E-02
       46457 ,       28032 ,  0.0000000E+00 ,  7.0888855E-02
       46458 ,       28032 ,  0.0000000E+00 ,  2.9365458E-03
       46461 ,       28032 ,  0.0000000E+00 ,  3.4151722E-02
       46466 ,       28022 ,  0.0000000E+00 ,  4.2146370E-02
       46467 ,       28022 ,  0.0000000E+00 ,  3.4379784E-02
       46468 ,       28022 ,  0.0000000E+00 ,  2.5349122E-03
       46470 ,       28022 ,  0.0000000E+00 ,  3.4236711E-02
       46663 ,        3001 ,  0.0000000E+00 ,  1.3516525E-02
       46665 ,        3001 ,  0.0000000E+00 ,  8.2599958E-03
       46666 ,        3001 ,  0.0000000E+00 ,  1.6005542E-02
       46667 ,        3001 ,  0.0000000E+00 ,  1.6361851E-02
       46668 ,        3001 ,  0.0000000E+00 ,  1.0999537E-03
       46670 ,        3001 ,  0.0000000E+00 ,  5.8333767E-03
       46671 ,        3001 ,  0.0000000E+00 ,  1.0908900E-02
       46696 ,       25001 ,  0.0000000E+00 ,  1.7675914E-02
       46698 ,       25011 ,  0.0000000E+00 ,  1.7961895E-02
       46699 ,       25011 ,  0.0000000E+00 ,  2.1231387E-02
       46700 ,       25011 ,  8.5214362E-02 ,  4.5755468E-02
       46701 ,       25011 ,  0.1147058     ,  3.4277953E-02
       46702 ,       25011 ,  0.0000000E+00 ,  6.4158507E-02
       46703 ,       25011 ,  0.0000000E+00 ,  2.4941662E-02
       46705 ,       25015 ,  0.0000000E+00 ,  0.1158673    
       46706 ,       25013 ,  0.0000000E+00 ,  3.3909332E-02
       46707 ,       25013 ,  0.0000000E+00 ,  2.2007305E-02
       46708 ,       25013 ,  0.0000000E+00 ,  9.8718209E-03
       46709 ,       25013 ,  0.0000000E+00 ,  2.1320587E-02
       46710 ,       25003 ,  0.0000000E+00 ,  9.2861496E-02
       46712 ,       25003 ,  0.0000000E+00 ,  2.4874492E-02
       46713 ,       25003 ,  0.0000000E+00 ,  2.5407884E-02
       46717 ,       10034 ,  0.0000000E+00 ,  4.9643368E-02
       46718 ,       10034 ,  0.0000000E+00 ,  3.2637995E-02
       46726 ,       10035 ,  0.0000000E+00 ,  1.6750187E-02
       46727 ,       10035 ,  0.0000000E+00 ,  8.2470328E-02
       46728 ,       10035 ,  0.0000000E+00 ,  6.5364711E-02
       46731 ,       10009 ,  0.0000000E+00 ,  4.0076517E-02
       46732 ,       10009 ,  0.0000000E+00 ,  2.6575541E-02
       46734 ,       10018 ,  0.0000000E+00 ,  8.3056636E-02
       46735 ,       10018 ,  0.0000000E+00 ,  7.3938794E-02
       46739 ,       10011 ,  0.0000000E+00 ,  0.1144892    
       46743 ,       10030 ,  0.0000000E+00 ,  0.1451979    
       46747 ,       10030 ,  0.0000000E+00 ,  0.1302284    
       46755 ,       10007 ,  5.6730962E-04 ,  7.8490444E-02
       46756 ,       10007 ,  0.1653288     ,  0.1520733    
       46757 ,       10007 ,  3.0611306E-03 ,  0.1350355    
       46758 ,        5017 ,  8.1337303E-02 ,  8.3319195E-02
       46760 ,        5033 ,  0.0000000E+00 ,  8.4885545E-03
       46761 ,        5033 ,  0.0000000E+00 ,  4.4919183E-03
       46762 ,        5033 ,  0.0000000E+00 ,  4.9160004E-02
       46763 ,        5033 ,  0.0000000E+00 ,  6.4467356E-02
       46764 ,        5033 ,  0.0000000E+00 ,  2.8604599E-02
       46765 ,        5024 ,  0.0000000E+00 ,  1.9839250E-02
       46766 ,        5024 ,  0.0000000E+00 ,  3.3765811E-02
       46767 ,        5024 ,  0.0000000E+00 ,  3.1532273E-02
       46768 ,        5024 ,  0.0000000E+00 ,  3.5225388E-02
       46769 ,        5024 ,  0.0000000E+00 ,  3.1074332E-02
       46770 ,        5024 ,  0.0000000E+00 ,  3.9423227E-02
       46771 ,        5024 ,  0.0000000E+00 ,  3.8651198E-02
       46772 ,        5024 ,  0.0000000E+00 ,  3.1312518E-02
       46773 ,        5024 ,  0.0000000E+00 ,  4.1792333E-02
       46774 ,        5011 ,  0.0000000E+00 ,  5.1790088E-02
       46775 ,        5011 ,  0.0000000E+00 ,  6.3942544E-02
       46776 ,        5011 ,  0.0000000E+00 ,  5.1623363E-02
       46777 ,        5011 ,  0.0000000E+00 ,  5.4807454E-02
       46778 ,        5011 ,  0.0000000E+00 ,  3.8479678E-02
       46779 ,        5011 ,  0.0000000E+00 ,  6.1808068E-02
       46782 ,        5027 ,  0.0000000E+00 ,  3.0284679E-02
       46784 ,        5027 ,  0.0000000E+00 ,  2.7519733E-02
       46785 ,        5027 ,  0.0000000E+00 ,  1.1409028E-02
       46786 ,       19018 ,  0.0000000E+00 ,  8.2155146E-02
       46787 ,       19018 ,  0.0000000E+00 ,  6.3661918E-02
       46789 ,       19048 ,  0.2423795     ,  0.1106486    
       46790 ,       19048 ,  0.3444062     ,   2.163248    
       46791 ,       19039 ,  0.2038644     ,   3.243431    
       46792 ,       19039 ,  6.5266788E-02 ,  0.2045113    
       46793 ,       19031 ,  0.7320870     ,  0.3797314    
       46794 ,       19031 ,  0.2563475     ,  0.7374168    
       46795 ,       19009 ,  0.1375421     ,  0.1395282    
       46796 ,       19009 ,  0.0000000E+00 ,  0.1007091    
       46797 ,       19009 ,  0.0000000E+00 ,  0.1303280    
       46798 ,       19042 ,  0.0000000E+00 ,  0.1529538    
       46799 ,       19042 ,  0.0000000E+00 ,  0.1806831    
       46800 ,       19042 ,  0.0000000E+00 ,  5.1846553E-02
       46803 ,       19013 ,  0.0000000E+00 ,  3.2103628E-02
       46804 ,       19020 ,  0.0000000E+00 ,  1.4798065E-02
       46805 ,       19020 ,  0.0000000E+00 ,  3.9487507E-02
       46806 ,       19013 ,  0.0000000E+00 ,  4.0750496E-02
       46811 ,       28032 ,  0.0000000E+00 ,  3.7445176E-02
       46814 ,       28032 ,  0.0000000E+00 ,  3.4124557E-02
       46819 ,       28040 ,  5.6054988E-03 ,  0.1012222    
       46821 ,       28022 ,  0.0000000E+00 ,  3.1942133E-02
       46822 ,       28022 ,  0.0000000E+00 ,  3.3161324E-02
       46823 ,       28022 ,  0.0000000E+00 ,  1.8681600E-03
       47016 ,        3001 ,  0.0000000E+00 ,  1.3493733E-02
       47019 ,        3001 ,  0.0000000E+00 ,  3.6719495E-03
       47020 ,        3001 ,  0.0000000E+00 ,  1.4222967E-02
       47025 ,        3009 ,  0.0000000E+00 ,  4.2134845E-03
       47047 ,       25001 ,  2.3909632E-02 ,  7.8088888E-03
       47049 ,       25011 ,  1.2366056E-02 ,  4.2019196E-02
       47050 ,       25011 ,  0.0000000E+00 ,  4.8154225E-03
       47051 ,       25011 ,  3.5222434E-02 ,  3.4424365E-02
       47052 ,       25011 ,  0.0000000E+00 ,  2.5010539E-02
       47053 ,       25011 ,  0.1029051     ,  5.7870664E-02
       47054 ,       25011 ,  0.1854475     ,  8.2270689E-02
       47055 ,       25011 ,  0.0000000E+00 ,  1.9113075E-02
       47056 ,       25011 ,  0.0000000E+00 ,  1.6917845E-02
       47057 ,       25011 ,  0.0000000E+00 ,  1.7857764E-02
       47058 ,       25017 ,  0.0000000E+00 ,  7.6060444E-02
       47059 ,       25013 ,  0.0000000E+00 ,  6.2592857E-02
       47060 ,       25013 ,  0.0000000E+00 ,  4.7919252E-03
       47061 ,       25013 ,  0.0000000E+00 ,  2.7409028E-02
       47062 ,       25013 ,  0.0000000E+00 ,  1.7150614E-02
       47063 ,       25003 ,  0.0000000E+00 ,  2.2273981E-03
       47064 ,       25003 ,  0.0000000E+00 ,  2.9841494E-02
       47066 ,       25003 ,  0.0000000E+00 ,  5.2083731E-02
       47070 ,       10034 ,  0.0000000E+00 ,  7.0389852E-02
       47071 ,        8029 ,  0.0000000E+00 ,  3.4704983E-02
       47079 ,       10035 ,  0.0000000E+00 ,  4.3831196E-02
       47085 ,       10009 ,  0.0000000E+00 ,  6.3366279E-02
       47086 ,       10009 ,  0.0000000E+00 ,  1.7228372E-03
       47087 ,       10018 ,  0.0000000E+00 ,  6.2303528E-02
       47091 ,       10011 ,  0.0000000E+00 ,  2.6594475E-02
       47092 ,       10011 ,  0.0000000E+00 ,  0.1253035    
       47093 ,       10011 ,  0.0000000E+00 ,  0.1075593    
       47094 ,       10010 ,  0.0000000E+00 ,  3.7847117E-02
       47095 ,       10010 ,  0.0000000E+00 ,  3.8485344E-02
       47096 ,       10010 ,  0.0000000E+00 ,  1.0922516E-02
       47100 ,       10030 ,  0.0000000E+00 ,  0.1284837    
       47104 ,       10012 ,  0.0000000E+00 ,  1.4406348E-03
       47105 ,       10012 ,  0.0000000E+00 ,  5.3574094E-03
       47108 ,       10007 ,  0.0000000E+00 ,  9.4569720E-02
       47109 ,       10007 ,  0.0000000E+00 ,  9.4847366E-02
       47110 ,       10007 ,  2.3206703E-02 ,  0.1044942    
       47111 ,        5017 ,  0.1449452     ,  0.2624921    
       47112 ,        5009 ,  2.0195862E-02 ,  0.1517871    
       47113 ,        5033 ,  0.0000000E+00 ,  7.0917934E-02
       47114 ,        5033 ,  0.3862815     ,  0.1006903    
       47115 ,        5033 ,  0.3106481     ,  3.1908005E-02
       47121 ,        5024 ,  0.0000000E+00 ,  1.5849626E-02
       47123 ,        5024 ,  0.0000000E+00 ,  1.6665684E-02
       47125 ,        5024 ,  0.0000000E+00 ,  5.5411030E-03
       47126 ,        5024 ,  0.0000000E+00 ,  4.5090080E-03
       47128 ,        5011 ,  0.0000000E+00 ,  5.1260244E-02
       47132 ,        5027 ,  0.0000000E+00 ,  1.5947387E-02
       47133 ,        5027 ,  0.0000000E+00 ,  1.8496115E-02
       47135 ,        5027 ,  0.0000000E+00 ,  3.1156803E-02
       47140 ,       19018 ,  0.0000000E+00 ,  6.5382779E-02
       47141 ,       19048 ,  0.0000000E+00 ,  0.3758718    
       47142 ,       19048 ,  0.1773447     ,  0.2708468    
       47143 ,       19048 ,  0.2358696     ,  0.1364059    
       47144 ,       19046 ,  0.3282348     ,   1.582861    
       47145 ,       19046 ,  0.6566281     ,  0.8238446    
       47146 ,       19041 ,  9.3437769E-03 ,  0.8133138    
       47147 ,       19031 ,  7.6607638E-03 ,  0.1719348    
       47148 ,       19041 ,  0.0000000E+00 ,  0.1722067    
       47149 ,       19016 ,  0.0000000E+00 ,  0.2795349    
       47150 ,       19041 ,  0.0000000E+00 ,  0.1394980    
       47151 ,       19042 ,  0.0000000E+00 ,  4.7556244E-02
       47152 ,       19042 ,   1.000000     ,  0.1410403    
       47153 ,       19042 ,  0.0000000E+00 ,  0.1198853    
       47154 ,       19042 ,  0.0000000E+00 ,  0.1628011    
       47155 ,       19013 ,  0.0000000E+00 ,  4.6468887E-02
       47156 ,       19013 ,   1.000000     ,  7.4325554E-02
       47157 ,       19020 ,  0.0000000E+00 ,  2.6053667E-02
       47158 ,       19020 ,  0.0000000E+00 ,  1.2406250E-03
       47159 ,       19020 ,  0.0000000E+00 ,  4.9726635E-02
       47161 ,       19020 ,  0.0000000E+00 ,  1.5943758E-02
       47164 ,       28032 ,  0.0000000E+00 ,  4.6914626E-02
       47165 ,       28032 ,  0.0000000E+00 ,  1.1262182E-02
       47166 ,       28032 ,  0.0000000E+00 ,  3.2569971E-02
       47167 ,       28032 ,  0.0000000E+00 ,  4.3307878E-02
       47168 ,       28033 ,  0.0000000E+00 ,  3.9481532E-02
       47169 ,       28033 ,  0.0000000E+00 ,  0.1143288    
       47170 ,       28033 ,  0.0000000E+00 ,  8.1450865E-02
       47171 ,       28040 ,  8.3418384E-02 ,  0.1182100    
       47172 ,       28040 ,  0.8078434     ,  0.2063314    
       47173 ,       28022 ,  0.0000000E+00 ,  2.8588954E-02
       47174 ,       28022 ,  0.0000000E+00 ,  5.2312940E-02
       47175 ,       28022 ,  0.0000000E+00 ,  3.8968626E-02
       47368 ,        3001 ,  0.0000000E+00 ,  5.9419288E-03
       47369 ,        3001 ,  0.0000000E+00 ,  1.9558277E-02
       47370 ,        3001 ,  0.0000000E+00 ,  1.4196167E-02
       47373 ,        3001 ,  0.0000000E+00 ,  4.7994633E-03
       47374 ,        3001 ,  0.0000000E+00 ,  1.5542062E-02
       47375 ,        3009 ,  0.0000000E+00 ,  8.9429109E-04
       47376 ,        3009 ,  0.0000000E+00 ,  4.6359528E-02
       47377 ,        3009 ,  0.0000000E+00 ,  5.4260943E-02
       47378 ,        3009 ,  0.0000000E+00 ,  2.4758766E-03
       47400 ,       25001 ,  6.1107357E-04 ,  3.9444782E-02
       47402 ,       25001 ,  0.0000000E+00 ,  2.1935977E-02
       47403 ,       25011 ,  2.0570483E-02 ,  6.1138868E-02
       47404 ,       25011 ,  7.5891659E-02 ,  7.5962648E-02
       47405 ,       25011 ,  0.1134895     ,  3.6795482E-02
       47406 ,       25011 ,  0.0000000E+00 ,  2.9607896E-02
       47407 ,       25011 ,  0.0000000E+00 ,  3.3013657E-02
       47408 ,       25017 ,  1.6652216E-03 ,  5.7302199E-02
       47409 ,       25017 ,  0.0000000E+00 ,  2.2786062E-02
       47410 ,       25017 ,  0.0000000E+00 ,  1.5176159E-02
       47411 ,       25017 ,  0.0000000E+00 ,  3.8216118E-02
       47412 ,       25017 ,  0.0000000E+00 ,  3.2639977E-02
       47413 ,       25017 ,  0.0000000E+00 ,  1.7917689E-02
       47415 ,       25013 ,  0.0000000E+00 ,  7.3554559E-04
       47417 ,       25003 ,  0.0000000E+00 ,  3.0759590E-02
       47419 ,       25003 ,  0.0000000E+00 ,  3.6243107E-02
       47421 ,       25003 ,  0.0000000E+00 ,  1.1245074E-02
       47424 ,        8029 ,  0.0000000E+00 ,  9.5840858E-04
       47425 ,        8029 ,  0.0000000E+00 ,  3.0817771E-02
       47436 ,       10009 ,  0.0000000E+00 ,  1.2527854E-02
       47439 ,       10018 ,  0.0000000E+00 ,  8.8520877E-02
       47440 ,       10009 ,  0.0000000E+00 ,  4.8477482E-02
       47442 ,       10018 ,  0.0000000E+00 ,  1.7868194E-03
       47444 ,       10011 ,  0.0000000E+00 ,  0.1103691    
       47445 ,       10011 ,  0.0000000E+00 ,  5.9733675E-03
       47447 ,       10010 ,  0.0000000E+00 ,  2.0541573E-02
       47448 ,       10010 ,  0.0000000E+00 ,  8.5135400E-02
       47449 ,       10010 ,  0.0000000E+00 ,  4.2705357E-02
       47450 ,       10010 ,  0.0000000E+00 ,  4.5189481E-02
       47451 ,       10030 ,  0.0000000E+00 ,  0.1277035    
       47452 ,       10030 ,  0.0000000E+00 ,  0.1240740    
       47453 ,       10030 ,  0.0000000E+00 ,  0.1729083    
       47457 ,       10012 ,  0.0000000E+00 ,  2.0685237E-02
       47458 ,       10013 ,  0.1851742     ,  2.7553476E-02
       47459 ,       10013 ,  0.0000000E+00 ,  3.8029933E-03
       47461 ,       10007 ,  0.0000000E+00 ,  0.1108307    
       47463 ,       10007 ,  0.0000000E+00 ,  0.1172685    
       47464 ,        5009 ,  0.6623579     ,  0.1058561    
       47465 ,        5033 ,  9.3539760E-02 ,  2.8938610E-02
       47466 ,        5033 ,  0.1883312     ,  5.6663174E-02
       47467 ,        5033 ,  1.1972805E-02 ,  2.8760850E-03
       47468 ,        5033 ,  9.2265951E-03 ,  3.4400370E-02
       47474 ,        5033 ,  0.0000000E+00 ,  2.8238701E-02
       47476 ,        5024 ,  0.0000000E+00 ,  1.5821273E-02
       47481 ,        5027 ,  0.0000000E+00 ,  3.0106682E-02
       47486 ,        5027 ,  0.0000000E+00 ,  3.1429924E-02
       47488 ,        5027 ,  0.0000000E+00 ,  2.9939093E-02
       47493 ,       19018 ,  0.0000000E+00 ,  5.6866676E-02
       47494 ,       19018 ,  0.5986016     ,  0.1454511    
       47495 ,       19018 ,  0.1257177     ,  0.1626540    
       47496 ,       19039 ,  9.5671855E-02 ,  0.6038463    
       47497 ,       19046 ,  6.7729503E-03 ,  0.5770984    
       47498 ,       19046 ,  8.3641335E-03 ,  0.3650962    
       47499 ,       19041 ,  0.4866845     ,  0.3392112    
       47500 ,       19041 ,  0.5039718     ,  0.2954672    
       47501 ,       19016 ,  0.0000000E+00 ,  5.1458009E-02
       47502 ,       19016 ,  0.0000000E+00 ,  0.2171697    
       47504 ,       19042 ,  0.0000000E+00 ,  4.5535266E-03
       47505 ,       19042 ,  0.0000000E+00 ,  6.3544631E-02
       47507 ,       19013 ,  0.0000000E+00 ,  1.9255573E-02
       47508 ,       19013 ,  0.0000000E+00 ,  8.8606715E-02
       47509 ,       19013 ,  0.0000000E+00 ,  7.3193118E-02
       47510 ,       19020 ,   1.000000     ,  0.1439498    
       47511 ,       19020 ,  0.0000000E+00 ,  8.8998683E-02
       47512 ,       19020 ,  0.0000000E+00 ,  3.4328557E-03
       47514 ,       19020 ,  0.0000000E+00 ,  2.3082806E-02
       47516 ,       19020 ,  0.0000000E+00 ,  3.6943503E-02
       47517 ,       28032 ,  0.0000000E+00 ,  1.9236142E-03
       47520 ,       28032 ,  0.0000000E+00 ,  3.4140147E-02
       47521 ,       28033 ,  0.0000000E+00 ,  8.0496036E-02
       47525 ,       28040 ,  0.1031327     ,  0.2011241    
       47526 ,       28022 ,  0.0000000E+00 ,  5.5423058E-03
       47528 ,       28022 ,  3.4445915E-02 ,  4.5671020E-02
       47721 ,        3001 ,  0.0000000E+00 ,  1.3493535E-02
       47723 ,        3001 ,  0.0000000E+00 ,  1.4887450E-03
       47724 ,        3001 ,  0.0000000E+00 ,  1.4678502E-02
       47725 ,        3001 ,  0.0000000E+00 ,  1.2238000E-02
       47727 ,        3009 ,  0.0000000E+00 ,  8.7064328E-03
       47728 ,        3009 ,  0.0000000E+00 ,  4.0602241E-02
       47729 ,        3009 ,  0.0000000E+00 ,  1.7305693E-02
       47750 ,       25001 ,  9.8107168E-03 ,  1.7047302E-03
       47752 ,       25001 ,  0.0000000E+00 ,  1.4423460E-02
       47753 ,       25001 ,  8.6619370E-03 ,  3.3349194E-02
       47754 ,       25001 ,  0.2815708     ,  5.5275582E-02
       47755 ,       25001 ,  5.6626298E-03 ,  2.3619939E-02
       47756 ,       25011 ,  0.1025721     ,  5.1981121E-02
       47757 ,       25011 ,  2.0386239E-03 ,  4.5002330E-02
       47758 ,       25017 ,  0.0000000E+00 ,  2.6656451E-02
       47759 ,       25017 ,  0.1602169     ,  6.2395424E-02
       47760 ,       25017 ,  0.1468346     ,  2.5402443E-02
       47761 ,       25011 ,  1.6019152E-02 ,  1.5513289E-02
       47762 ,       25017 ,  1.4029924E-02 ,  5.0064936E-02
       47763 ,       25017 ,  0.0000000E+00 ,  4.3908294E-02
       47764 ,       25017 ,  0.0000000E+00 ,  3.8091708E-02
       47766 ,       25017 ,  0.0000000E+00 ,  5.3308509E-02
       47767 ,       25017 ,  0.0000000E+00 ,  6.4236075E-03
       47770 ,       25003 ,  0.0000000E+00 ,  1.7474758E-02
       47772 ,       25003 ,  0.0000000E+00 ,  6.3669890E-02
       47774 ,        8029 ,  0.0000000E+00 ,  7.2700225E-02
       47778 ,        8029 ,  0.0000000E+00 ,  2.2296062E-02
       47780 ,        8029 ,  0.0000000E+00 ,  4.9660271E-06
       47785 ,       10009 ,  0.0000000E+00 ,  3.7115902E-02
       47786 ,       10009 ,  0.0000000E+00 ,  5.9595730E-02
       47787 ,       10009 ,  0.0000000E+00 ,  2.3226075E-02
       47789 ,       10009 ,  0.0000000E+00 ,  2.8795321E-02
       47793 ,       10009 ,  0.0000000E+00 ,  7.5159624E-02
       47794 ,       10018 ,  0.0000000E+00 ,  4.0608771E-02
       47795 ,       10018 ,  0.0000000E+00 ,  5.5867732E-02
       47796 ,       10011 ,  0.0000000E+00 ,  8.5921265E-02
       47797 ,       10011 ,  0.0000000E+00 ,  6.6447169E-02
       47800 ,       10010 ,  0.0000000E+00 ,  4.9444612E-02
       47806 ,       10013 ,  0.0000000E+00 ,  2.0867644E-02
       47807 ,       10013 ,  0.0000000E+00 ,  2.3749040E-02
       47808 ,       10013 ,  0.0000000E+00 ,  2.3546699E-02
       47809 ,       10013 ,  0.0000000E+00 ,  2.4860475E-02
       47810 ,       10013 ,  0.0000000E+00 ,  1.3011619E-02
       47811 ,       10013 ,  0.0000000E+00 ,  4.8319255E-03
       47812 ,       10013 ,  0.0000000E+00 ,  2.9519878E-02
       47813 ,       10036 ,  7.7387062E-03 ,  5.7909396E-02
       47814 ,       10013 ,  5.2813957E-03 ,  7.2394989E-02
       47815 ,       10036 ,  0.0000000E+00 ,  8.2268408E-03
       47816 ,       10036 ,  0.2207417     ,  5.7122428E-02
       47817 ,        5009 ,  1.7057830E-06 ,  0.1363169    
       47818 ,        5033 ,  0.0000000E+00 ,  2.9971130E-02
       47819 ,        5033 ,  0.0000000E+00 ,  3.8101066E-02
       47821 ,        5033 ,  0.0000000E+00 ,  1.8814975E-02
       47822 ,        5033 ,  0.0000000E+00 ,  2.1107199E-02
       47827 ,        5033 ,  0.0000000E+00 ,  2.8129175E-02
       47829 ,        5024 ,  0.0000000E+00 ,  1.5524808E-02
       47834 ,        5027 ,  0.0000000E+00 ,  2.8771108E-02
       47839 ,        5027 ,  0.0000000E+00 ,  2.9070765E-02
       47840 ,        5027 ,  0.0000000E+00 ,  1.6804716E-02
       47841 ,        5027 ,  0.0000000E+00 ,  5.7566732E-02
       47842 ,        5027 ,  0.0000000E+00 ,  1.4028484E-02
       47844 ,        5027 ,  0.0000000E+00 ,  4.3453634E-02
       47845 ,       19018 ,  0.0000000E+00 ,  3.2324124E-02
       47846 ,       19018 ,  0.0000000E+00 ,  8.0994770E-02
       47848 ,       19018 ,  0.0000000E+00 ,  2.2427823E-02
       47849 ,       19021 ,  7.2195763E-03 ,  0.4247591    
       47850 ,       19045 ,  0.2496385     ,  0.5553564    
       47851 ,       19045 ,  0.1716775     ,   1.623115    
       47852 ,       19025 ,  0.9882305     ,  0.5598175    
       47853 ,       19034 ,   1.000000     ,  0.6818483    
       47854 ,       19016 ,   1.000000     ,   2.739642    
       47855 ,       19016 ,  0.0000000E+00 ,  0.1997272    
       47856 ,       19016 ,  0.0000000E+00 ,  0.1769954    
       47857 ,       19016 ,  0.0000000E+00 ,  0.2354550    
       47860 ,       19027 ,  0.9951292     ,  0.3417501    
       47861 ,       19027 ,  0.0000000E+00 ,  9.9301539E-02
       47863 ,       19015 ,  0.0000000E+00 ,  0.1062931    
       47864 ,       19015 ,  0.0000000E+00 ,  0.1171284    
       47865 ,       19020 ,  0.0000000E+00 ,  0.1507251    
       47866 ,       19020 ,  0.0000000E+00 ,  0.1134096    
       47867 ,       19020 ,  0.0000000E+00 ,  0.1118020    
       47868 ,       19020 ,  0.0000000E+00 ,  3.0054169E-02
       47869 ,       19020 ,  0.0000000E+00 ,  1.5503323E-03
       47871 ,       28032 ,  0.0000000E+00 ,  1.6022857E-02
       47873 ,       28032 ,  0.0000000E+00 ,  3.4153122E-02
       47874 ,       28033 ,  0.0000000E+00 ,  8.0458216E-02
       47876 ,       28033 ,  0.0000000E+00 ,  4.1584950E-04
       47878 ,       28022 ,  0.0000000E+00 ,  4.0837221E-02
       47879 ,       28022 ,  0.0000000E+00 ,  3.6352638E-02
       47880 ,       28022 ,  3.5203841E-02 ,  4.0968567E-02
       47881 ,       28022 ,  0.5791610     ,  8.7456584E-02
       47882 ,       28022 ,  0.2235369     ,  3.1535387E-02
       47883 ,       28022 ,  0.0000000E+00 ,  2.9908163E-02
       47884 ,       28022 ,  0.0000000E+00 ,  2.9911701E-02
       47885 ,       28022 ,  0.0000000E+00 ,  1.8833237E-02
       48074 ,        3001 ,  0.0000000E+00 ,  1.3492111E-02
       48078 ,        3009 ,  0.0000000E+00 ,  3.5766102E-02
       48079 ,        3009 ,  0.0000000E+00 ,  1.9862372E-02
       48081 ,        3009 ,  0.0000000E+00 ,  1.9832349E-03
       48082 ,        3009 ,  0.0000000E+00 ,  3.7943117E-02
       48103 ,       25001 ,  0.0000000E+00 ,  7.1834819E-03
       48104 ,       25001 ,  0.0000000E+00 ,  4.8012328E-03
       48105 ,       25001 ,  0.0000000E+00 ,  1.0841284E-02
       48106 ,       25001 ,  5.4970466E-02 ,  5.2248657E-02
       48107 ,       25001 ,  0.3526720     ,  0.1121607    
       48108 ,       25001 ,  6.3211244E-04 ,  3.4453206E-02
       48109 ,       25001 ,  0.0000000E+00 ,  5.8793765E-03
       48110 ,       25011 ,  0.0000000E+00 ,  4.5012855E-03
       48112 ,       25017 ,  3.4074686E-02 ,  4.1668492E-04
       48113 ,       25017 ,  0.1133147     ,  2.0605979E-02
       48114 ,       25017 ,  0.0000000E+00 ,  3.2730501E-02
       48115 ,       25017 ,  0.2983450     ,  8.3372757E-02
       48116 ,       25017 ,  1.3654382E-02 ,  2.2509340E-02
       48117 ,       25017 ,  0.0000000E+00 ,  3.6368929E-02
       48118 ,       25017 ,  0.0000000E+00 ,  3.4003694E-02
       48119 ,       25017 ,  0.0000000E+00 ,  2.3130888E-02
       48125 ,       25003 ,  0.0000000E+00 ,  4.6637472E-02
       48127 ,        8029 ,  0.0000000E+00 ,  1.0793922E-02
       48131 ,        8029 ,  0.0000000E+00 ,  1.9482991E-02
       48132 ,        8029 ,  0.0000000E+00 ,  1.0932244E-02
       48133 ,        8029 ,  0.0000000E+00 ,  6.0923070E-02
       48134 ,        8029 ,  0.0000000E+00 ,  2.7864924E-02
       48138 ,       10009 ,  0.0000000E+00 ,  3.1133590E-02
       48139 ,       10009 ,  0.0000000E+00 ,  1.5329381E-02
       48140 ,       10009 ,  4.1609653E-03 ,  6.3148580E-02
       48141 ,       10009 ,  0.9958391     ,  1.4969255E-02
       48142 ,       10009 ,  0.0000000E+00 ,  6.5489791E-02
       48143 ,       10009 ,  0.0000000E+00 ,  2.4196967E-03
       48146 ,       10025 ,  0.0000000E+00 ,  0.1216497    
       48147 ,       10018 ,   1.000000     ,  8.5582361E-02
       48148 ,       10018 ,  0.0000000E+00 ,  1.7408511E-02
       48149 ,       10011 ,   1.000000     ,  3.7609257E-02
       48152 ,       10010 ,  0.0000000E+00 ,  3.2359585E-02
       48153 ,       10010 ,  0.0000000E+00 ,  1.7091077E-02
       48166 ,       10036 ,  0.0000000E+00 ,  8.6546250E-02
       48167 ,       10036 ,  0.0000000E+00 ,  2.2379199E-02
       48168 ,       10036 ,  0.0000000E+00 ,  3.8443953E-03
       48169 ,       10036 ,  0.0000000E+00 ,  2.9416531E-02
       48170 ,        5009 ,  0.0000000E+00 ,  3.9978813E-02
       48171 ,        5009 ,  0.0000000E+00 ,  0.1284729    
       48172 ,        5009 ,  0.0000000E+00 ,  2.8500848E-02
       48175 ,        5033 ,  0.0000000E+00 ,  1.6898490E-02
       48176 ,        5033 ,  0.0000000E+00 ,  2.2978054E-02
       48180 ,        5033 ,  0.0000000E+00 ,  2.0254632E-03
       48182 ,        5024 ,  0.0000000E+00 ,  1.5505427E-02
       48187 ,        5027 ,  0.0000000E+00 ,  3.5450328E-02
       48192 ,        5027 ,  0.0000000E+00 ,  2.0297308E-02
       48193 ,        5027 ,  0.0000000E+00 ,  3.1487688E-02
       48195 ,        5027 ,  0.0000000E+00 ,  1.4628340E-02
       48196 ,        5027 ,  0.0000000E+00 ,  2.9207703E-02
       48197 ,        5027 ,  0.0000000E+00 ,  1.0473361E-03
       48198 ,       19018 ,  0.0000000E+00 ,  1.7191183E-02
       48199 ,       19018 ,  0.0000000E+00 ,  1.4240230E-02
       48200 ,       19037 ,  7.3695458E-02 ,  0.1155164    
       48201 ,       19047 ,  0.3537094     ,  0.1054414    
       48202 ,       19047 ,  0.6462907     ,   1.592627    
       48203 ,       19045 ,  0.5786840     ,  0.1606764    
       48204 ,       19012 ,  1.6899378E-03 ,  9.4182556E-03
       48205 ,       19012 ,  0.9189135     ,  0.6862765    
       48206 ,       19028 ,   1.000000     ,  0.4092681    
       48207 ,       19028 ,  0.0000000E+00 ,  0.2641251    
       48210 ,       19016 ,  0.0000000E+00 ,  0.2005773    
       48211 ,       19035 ,  0.0000000E+00 ,  2.6772177E-02
       48212 ,       19027 ,  0.0000000E+00 ,  0.3011414    
       48213 ,       19027 ,  4.8707565E-03 ,  0.1331843    
       48214 ,       19027 ,  0.0000000E+00 ,  0.2212304    
       48215 ,       19015 ,  5.2230223E-04 ,  0.2578495    
       48216 ,       19015 ,  0.9994777     ,  0.2009269    
       48217 ,       19015 ,  0.0000000E+00 ,  0.1885877    
       48218 ,       19015 ,  0.0000000E+00 ,  0.1464383    
       48220 ,       19020 ,  0.0000000E+00 ,  1.7222844E-02
       48221 ,       19020 ,  0.0000000E+00 ,  0.1199616    
       48222 ,       28032 ,  0.0000000E+00 ,  7.9848602E-02
       48223 ,       28032 ,  0.0000000E+00 ,  5.3603658E-03
       48224 ,       28032 ,  0.0000000E+00 ,  2.0299383E-02
       48226 ,       28032 ,  4.8639076E-03 ,  3.4164287E-02
       48227 ,       28033 ,  1.8542189E-02 ,  8.0474593E-02
       48228 ,       28033 ,  2.9350233E-03 ,  2.4229599E-02
       48229 ,       28033 ,  0.0000000E+00 ,  0.1041918    
       48230 ,       28033 ,  0.0000000E+00 ,  8.6807318E-02
       48231 ,       28022 ,  2.9829917E-02 ,  6.5330192E-02
       48232 ,       28022 ,  0.0000000E+00 ,  2.4528220E-02
       48233 ,       28022 ,  2.7439422E-03 ,  4.8765317E-02
       48234 ,       28022 ,  9.0953574E-02 ,  2.2384297E-02
       48235 ,       28022 ,  8.3403161E-04 ,  0.0000000E+00
       48426 ,        3001 ,  0.0000000E+00 ,  6.2468718E-03
       48427 ,        3001 ,  0.0000000E+00 ,  7.1820719E-03
       48432 ,        3009 ,  0.0000000E+00 ,  3.8587112E-02
       48434 ,        3009 ,  0.0000000E+00 ,  4.7379680E-02
       48456 ,       25001 ,  0.0000000E+00 ,  4.2621922E-03
       48457 ,       25001 ,  0.0000000E+00 ,  1.4290614E-02
       48458 ,       25001 ,  5.1004410E-02 ,  5.4832447E-02
       48459 ,       25001 ,  2.0269962E-02 ,  6.5225653E-02
       48460 ,       25001 ,  3.8740947E-04 ,  5.1178098E-02
       48461 ,       25010 ,  7.8933105E-02 ,  5.8855694E-02
       48462 ,       25010 ,  0.0000000E+00 ,  2.5004033E-02
       48466 ,       25017 ,  3.2889815E-03 ,  4.0052898E-02
       48467 ,       25017 ,  0.2145757     ,  2.2453114E-02
       48468 ,       25017 ,  0.0000000E+00 ,  6.6725679E-02
       48470 ,       25017 ,  0.0000000E+00 ,  1.0699475E-02
       48478 ,       25003 ,  0.0000000E+00 ,  2.2168312E-02
       48480 ,        8029 ,  0.0000000E+00 ,  1.3252907E-02
       48481 ,        8029 ,  0.0000000E+00 ,  5.8649331E-02
       48482 ,        8029 ,  0.0000000E+00 ,  3.4001991E-02
       48484 ,        8029 ,  0.0000000E+00 ,  1.0907413E-02
       48485 ,        8029 ,  0.0000000E+00 ,  3.4680396E-02
       48487 ,        8029 ,  0.0000000E+00 ,  5.5615485E-02
       48490 ,       10009 ,  0.0000000E+00 ,  4.3419782E-02
       48491 ,       10009 ,  0.0000000E+00 ,  2.9837547E-02
       48495 ,       10009 ,  0.0000000E+00 ,  9.1886856E-03
       48496 ,       10025 ,  0.0000000E+00 ,  0.1592220    
       48497 ,       10025 ,  0.0000000E+00 ,  4.2054486E-02
       48498 ,       10025 ,   1.000000     ,  0.1476878    
       48499 ,       10025 ,  0.0000000E+00 ,  0.1343933    
       48500 ,       10025 ,  0.0000000E+00 ,  6.0481813E-02
       48501 ,       10018 ,  0.0000000E+00 ,  6.5043464E-02
       48502 ,       10011 ,  0.0000000E+00 ,  9.0095736E-03
       48504 ,       10010 ,  0.0000000E+00 ,  4.6918620E-03
       48505 ,       10010 ,  0.0000000E+00 ,  4.4707507E-02
       48518 ,       10036 ,  0.0000000E+00 ,  1.1654793E-03
       48519 ,       10036 ,  0.0000000E+00 ,  0.1005892    
       48520 ,       10036 ,  0.0000000E+00 ,  2.1946516E-02
       48521 ,       10036 ,  4.7008626E-02 ,  1.4731217E-02
       48522 ,       10036 ,  3.3129049E-03 ,  2.8142557E-02
       48524 ,        5009 ,  0.0000000E+00 ,  2.0634066E-02
       48525 ,        5033 ,  0.0000000E+00 ,  2.0334413E-02
       48529 ,        5033 ,  0.0000000E+00 ,  2.8913889E-02
       48530 ,        5033 ,  0.0000000E+00 ,  6.1671063E-03
       48535 ,        5007 ,  0.0000000E+00 ,  2.8553700E-02
       48540 ,        5027 ,  0.0000000E+00 ,  1.1739489E-03
       48545 ,        5027 ,  0.0000000E+00 ,  5.9570786E-02
       48546 ,        5027 ,  0.0000000E+00 ,  1.2622250E-03
       48552 ,       19037 ,  0.0000000E+00 ,  1.2688124E-02
       48553 ,       19037 ,  0.0000000E+00 ,  0.1279496    
       48556 ,       19045 ,  0.0000000E+00 ,  8.1802681E-02
       48558 ,       19045 ,  0.0000000E+00 ,  8.2876794E-02
       48563 ,       19011 ,  0.0000000E+00 ,  9.0987876E-02
       48564 ,       19035 ,  3.8434051E-02 ,  0.4102741    
       48565 ,       19035 ,  0.9615659     ,  0.3943788    
       48566 ,       19027 ,  0.0000000E+00 ,  0.1687635    
       48568 ,       19003 ,   1.000000     ,  0.4626580    
       48569 ,       28025 ,  0.0000000E+00 ,  0.1840974    
       48570 ,       19015 ,  0.0000000E+00 ,  0.1238633    
       48571 ,       28007 ,  0.0000000E+00 ,  8.0672033E-02
       48574 ,       28007 ,  0.0000000E+00 ,  4.5278065E-02
       48575 ,       28032 ,  0.0000000E+00 ,  3.3965666E-02
       48576 ,       28032 ,  0.0000000E+00 ,  6.9491550E-02
       48577 ,       28032 ,  7.7810094E-02 ,  8.6698107E-02
       48578 ,       28032 ,  0.2319747     ,  2.8959282E-02
       48579 ,       28032 ,  0.3021954     ,  0.1188603    
       48580 ,       28033 ,  0.2730489     ,  0.1908762    
       48581 ,       28033 ,  0.6061655     ,  0.1374778    
       48582 ,       28033 ,  5.1033117E-02 ,  0.1524297    
       48583 ,       28033 ,  0.0000000E+00 ,  8.4980711E-02
       48584 ,       28022 ,  3.2908362E-03 ,  3.1480417E-02
       48585 ,       28022 ,  0.0000000E+00 ,  3.8893312E-02
       48779 ,        3001 ,  0.0000000E+00 ,  1.8443814E-02
       48780 ,        3001 ,  0.0000000E+00 ,  7.1765977E-04
       48785 ,        3009 ,  0.0000000E+00 ,  3.9132010E-02
       48787 ,        3009 ,  0.0000000E+00 ,  3.6931153E-02
       48809 ,       25001 ,  1.2197726E-02 ,  0.0000000E+00
       48810 ,       25001 ,  2.3500480E-02 ,  3.0662106E-02
       48811 ,       25001 ,  6.3031400E-03 ,  1.4019444E-02
       48812 ,       25001 ,  3.0733138E-02 ,  3.6237493E-02
       48813 ,       25001 ,  9.1729707E-05 ,  5.4519340E-02
       48814 ,       25010 ,  0.1894581     ,  5.7513986E-02
       48815 ,       25010 ,  9.0365291E-02 ,  2.3238400E-02
       48816 ,       25010 ,  0.0000000E+00 ,  1.6119746E-02
       48817 ,       25010 ,  0.0000000E+00 ,  3.0224418E-02
       48818 ,       25017 ,  0.0000000E+00 ,  2.6898060E-03
       48820 ,       25017 ,  0.0000000E+00 ,  2.3118407E-02
       48821 ,       25017 ,  0.0000000E+00 ,  1.2283884E-03
       48834 ,        8029 ,  0.0000000E+00 ,  3.6418475E-02
       48835 ,        8029 ,  0.1893649     ,  7.3177859E-02
       48836 ,        8029 ,  0.3942901     ,  2.8221080E-02
       48837 ,        8029 ,  0.0000000E+00 ,  3.1202408E-02
       48838 ,        8029 ,  0.0000000E+00 ,  2.3063404E-02
       48842 ,       10009 ,  0.0000000E+00 ,  7.4666976E-03
       48843 ,       10009 ,  0.0000000E+00 ,  2.8596509E-02
       48849 ,       10025 ,  0.0000000E+00 ,  4.2402106E-03
       48850 ,       10025 ,  0.0000000E+00 ,  8.0684818E-02
       48855 ,       10011 ,  0.0000000E+00 ,  8.2593717E-02
       48856 ,       10010 ,  0.0000000E+00 ,  5.2885976E-02
       48857 ,       10010 ,  0.0000000E+00 ,  7.8585476E-02
       48871 ,       10036 ,  0.0000000E+00 ,  7.8446083E-02
       48872 ,       10036 ,  0.0000000E+00 ,  3.5033114E-02
       48873 ,       10036 ,  0.0000000E+00 ,  2.9802967E-02
       48874 ,       10036 ,  0.5614423     ,  4.7867842E-02
       48875 ,       10036 ,  0.1597558     ,  3.0529756E-02
       48878 ,        5009 ,  0.0000000E+00 ,  5.6582794E-02
       48882 ,        5033 ,  0.0000000E+00 ,  3.0124281E-02
       48898 ,        5027 ,  0.0000000E+00 ,  2.8109133E-02
       48901 ,        5027 ,  0.0000000E+00 ,  9.8239584E-04
       48905 ,       19037 ,  0.0000000E+00 ,  0.1043235    
       48909 ,       19045 ,  0.0000000E+00 ,  0.1026501    
       48911 ,       19045 ,  0.0000000E+00 ,  7.9845563E-02
       48916 ,       19011 ,  2.4788990E-03 ,  3.1503960E-02
       48917 ,       19011 ,  0.5589995     ,  0.3534527    
       48918 ,       19011 ,  0.0000000E+00 ,  5.7869758E-02
       48921 ,       19003 ,  0.0000000E+00 ,  1.4630583E-02
       48922 ,       28025 ,  0.0000000E+00 ,  0.1912675    
       48923 ,       28025 ,  0.0000000E+00 ,  6.1174706E-02
       48924 ,       28007 ,  0.0000000E+00 ,  9.2842981E-02
       48925 ,       28007 ,  0.0000000E+00 ,  9.6157722E-02
       48926 ,       28007 ,  0.0000000E+00 ,  8.6807422E-02
       48927 ,       28015 ,  0.0000000E+00 ,  5.8585621E-02
       48928 ,       28015 ,  0.0000000E+00 ,  0.1905516    
       48930 ,       28032 ,  1.9622911E-02 ,  0.0000000E+00
       48931 ,       28032 ,  0.2714458     ,  8.4127299E-02
       48932 ,       28032 ,  8.5259818E-02 ,  1.4193288E-02
       48935 ,       28033 ,  4.8275352E-02 ,  1.9616571E-03
       49132 ,        3001 ,  0.0000000E+00 ,  1.3474987E-02
       49133 ,        3001 ,  0.0000000E+00 ,  8.5385321E-03
       49136 ,        3009 ,  0.0000000E+00 ,  9.5928703E-03
       49137 ,        3009 ,  0.0000000E+00 ,  4.2762771E-02
       49138 ,        3009 ,  0.0000000E+00 ,  4.1177377E-02
       49139 ,        3009 ,  0.0000000E+00 ,  1.1650962E-02
       49140 ,        3009 ,  0.0000000E+00 ,  3.6510818E-02
       49163 ,       25001 ,  0.0000000E+00 ,  4.9104057E-03
       49164 ,       25001 ,  0.0000000E+00 ,  3.2003697E-03
       49166 ,       25001 ,  2.5053192E-02 ,  4.3720897E-02
       49167 ,       25010 ,  0.0000000E+00 ,  3.1205049E-02
       49168 ,       25010 ,  4.7038123E-02 ,  2.6849857E-02
       49169 ,       25010 ,  0.1921864     ,  4.1025378E-02
       49173 ,       25017 ,  0.0000000E+00 ,  5.8248439E-03
       49174 ,       25017 ,  0.0000000E+00 ,  1.1911460E-02
       49187 ,        8029 ,  0.0000000E+00 ,  4.5301333E-02
       49188 ,        8029 ,  0.0000000E+00 ,  1.0706225E-02
       49191 ,        8029 ,  0.0000000E+00 ,  1.3857462E-02
       49192 ,        8029 ,  0.0000000E+00 ,  2.8956300E-02
       49193 ,        8029 ,  0.0000000E+00 ,  6.6822059E-03
       49195 ,       10009 ,  0.0000000E+00 ,  3.3106443E-02
       49196 ,       10009 ,  0.0000000E+00 ,  6.7358360E-02
       49197 ,       10009 ,  0.0000000E+00 ,  5.9917741E-02
       49198 ,       10009 ,  0.0000000E+00 ,  2.6568145E-02
       49203 ,       10025 ,  0.0000000E+00 ,  0.1657778    
       49204 ,       10025 ,  0.0000000E+00 ,  6.4596664E-03
       49209 ,       10010 ,  0.0000000E+00 ,  2.7550299E-02
       49210 ,       10010 ,  0.0000000E+00 ,  5.3725727E-02
       49211 ,       10010 ,  0.0000000E+00 ,  2.0757958E-02
       49216 ,       10013 ,  0.0000000E+00 ,  1.2665396E-02
       49223 ,       10036 ,  0.0000000E+00 ,  9.5869608E-02
       49224 ,       10036 ,  0.0000000E+00 ,  5.2028254E-02
       49225 ,       10036 ,  0.0000000E+00 ,  2.3550339E-02
       49231 ,        5009 ,  0.0000000E+00 ,  6.2236995E-02
       49235 ,        5033 ,  0.0000000E+00 ,  1.7415350E-02
       49236 ,        5033 ,  0.0000000E+00 ,  1.3179080E-02
       49247 ,        5027 ,  0.0000000E+00 ,  4.3098340E-03
       49248 ,        5027 ,  0.0000000E+00 ,  3.0397158E-02
       49249 ,        5027 ,  0.0000000E+00 ,  2.6504954E-02
       49251 ,        5027 ,  0.0000000E+00 ,  2.8105928E-02
       49258 ,       19037 ,  0.0000000E+00 ,  0.1260142    
       49261 ,       19045 ,  0.0000000E+00 ,  2.2105701E-02
       49262 ,       19045 ,  0.0000000E+00 ,  6.0050827E-02
       49264 ,       19045 ,  0.0000000E+00 ,  0.1692489    
       49268 ,       19002 ,  0.0000000E+00 ,  2.3374019E-02
       49269 ,       19002 ,  0.0000000E+00 ,  0.2641786    
       49271 ,       19023 ,   1.000000     ,  0.4654625    
       49272 ,       19023 ,  0.0000000E+00 ,  3.4725953E-02
       49275 ,       28025 ,  0.0000000E+00 ,  0.1181873    
       49277 ,       28007 ,  0.2721319     ,  6.9230549E-02
       49278 ,       28007 ,  4.3573860E-02 ,  0.1094009    
       49280 ,       28015 ,  0.0000000E+00 ,  5.3761624E-02
       49281 ,       28015 ,  0.5443505     ,  0.3821229    
       49282 ,       28032 ,  0.0000000E+00 ,  3.5956353E-02
       49283 ,       28032 ,  0.0000000E+00 ,  3.8620222E-02
       49284 ,       28032 ,  0.0000000E+00 ,  1.3402034E-02
       49484 ,        3001 ,  0.0000000E+00 ,  8.4732380E-03
       49485 ,        3001 ,  0.0000000E+00 ,  1.0505259E-02
       49486 ,        3001 ,  0.0000000E+00 ,  3.3624080E-04
       49487 ,        3001 ,  0.0000000E+00 ,  1.0110174E-02
       49488 ,        3001 ,  0.0000000E+00 ,  9.0408251E-03
       49489 ,        3001 ,  0.0000000E+00 ,  1.7679673E-02
       49492 ,        3009 ,  0.0000000E+00 ,  9.5210234E-03
       49493 ,        3009 ,   1.000000     ,  5.0002996E-02
       49517 ,       25001 ,  0.0000000E+00 ,  1.6553210E-03
       49518 ,       25001 ,  1.6349500E-02 ,  2.7531672E-02
       49519 ,       25001 ,  0.0000000E+00 ,  3.0673724E-02
       49520 ,       25010 ,  0.0000000E+00 ,  1.5629930E-02
       49521 ,       25010 ,  0.0000000E+00 ,  5.5306783E-04
       49522 ,       25010 ,  0.0000000E+00 ,  6.0490362E-02
       49540 ,        8029 ,  0.0000000E+00 ,  4.6253409E-02
       49546 ,        8029 ,  0.0000000E+00 ,  3.6103569E-02
       49547 ,        8007 ,  0.0000000E+00 ,  4.3684758E-02
       49548 ,        8007 ,  0.0000000E+00 ,  2.8393805E-02
       49551 ,       10009 ,  0.0000000E+00 ,  2.1994909E-02
       49552 ,       10009 ,  0.0000000E+00 ,  3.9464530E-02
       49556 ,       10025 ,  0.0000000E+00 ,  0.1118952    
       49561 ,       10017 ,  0.0000000E+00 ,  2.1190153E-02
       49562 ,       10010 ,  0.0000000E+00 ,  3.8095918E-02
       49564 ,       10010 ,   1.000000     ,  3.6303263E-02
       49565 ,       10010 ,  0.0000000E+00 ,  5.2697688E-02
       49566 ,       10010 ,  0.0000000E+00 ,  4.0261773E-03
       49568 ,       10013 ,  0.0000000E+00 ,  1.2815263E-02
       49569 ,       10013 ,  0.0000000E+00 ,  1.0562450E-02
       49570 ,       10013 ,  0.0000000E+00 ,  3.2576341E-02
       49571 ,       10013 ,  0.0000000E+00 ,  7.5903843E-04
       49574 ,       10013 ,  0.0000000E+00 ,  6.6274131E-04
       49575 ,       10036 ,  0.0000000E+00 ,  4.7380224E-02
       49576 ,       10036 ,  0.0000000E+00 ,  5.0433699E-02
       49584 ,        5009 ,  0.0000000E+00 ,  1.2198992E-02
       49585 ,        5009 ,  0.0000000E+00 ,  5.1931236E-02
       49589 ,        5033 ,  0.0000000E+00 ,  3.1041285E-02
       49602 ,        5006 ,  0.0000000E+00 ,  1.1263240E-02
       49603 ,        5006 ,  0.0000000E+00 ,  8.0664754E-02
       49604 ,        5027 ,  0.0000000E+00 ,  2.7937641E-02
       49609 ,       19037 ,  0.0000000E+00 ,  4.1268565E-02
       49610 ,       19037 ,  0.0000000E+00 ,  0.1195412    
       49611 ,       19037 ,  0.0000000E+00 ,  2.1301690E-02
       49614 ,       19045 ,  0.0000000E+00 ,  8.0684379E-02
       49617 ,       19045 ,  0.0000000E+00 ,  8.9434586E-02
       49618 ,       19044 ,  0.0000000E+00 ,  0.1690547    
       49620 ,       19002 ,  0.0000000E+00 ,  2.0704163E-02
       49621 ,       19002 ,  0.0000000E+00 ,  0.1768127    
       49622 ,       19002 ,  0.0000000E+00 ,  3.5008840E-02
       49623 ,       19002 ,  7.2331890E-02 ,  0.1615102    
       49624 ,       19002 ,  0.9276681     ,  0.1806211    
       49625 ,       19023 ,  0.0000000E+00 ,  0.3241846    
       49626 ,       28024 ,  0.0000000E+00 ,  7.4719891E-02
       49628 ,       28025 ,  0.0000000E+00 ,  2.0169213E-02
       49629 ,       28025 ,  0.0000000E+00 ,  9.9545896E-02
       49631 ,       28007 ,  0.2600617     ,  0.1763492    
       49632 ,       28007 ,  8.7887593E-02 ,  8.8483244E-02
       49633 ,       28007 ,  0.0000000E+00 ,  7.9847820E-02
       49634 ,       28015 ,  0.4556495     ,  3.4805652E-02
       49838 ,        3001 ,  0.0000000E+00 ,  1.2872756E-02
       49840 ,        3001 ,  0.0000000E+00 ,  1.3828935E-02
       49841 ,        3001 ,  0.0000000E+00 ,  1.8473146E-02
       49845 ,        3009 ,  0.0000000E+00 ,  3.4384847E-02
       49846 ,        3009 ,  0.0000000E+00 ,  1.8296707E-02
       49871 ,       25001 ,  1.3655337E-02 ,  2.4129488E-02
       49872 ,       25010 ,  1.0942249E-02 ,  3.7371613E-02
       49873 ,       25010 ,  9.0375744E-02 ,  4.5948550E-02
       49874 ,       25010 ,  0.0000000E+00 ,  5.1594503E-02
       49875 ,       25010 ,  0.0000000E+00 ,  2.6952913E-02
       49884 ,        8046 ,  0.0000000E+00 ,  1.3747195E-02
       49885 ,        8029 ,  0.0000000E+00 ,  2.1656243E-02
       49892 ,        8029 ,  0.0000000E+00 ,  1.8489426E-02
       49893 ,        8029 ,  0.0000000E+00 ,  3.5752323E-02
       49900 ,        8007 ,  0.0000000E+00 ,  7.7736400E-02
       49901 ,        8007 ,  0.0000000E+00 ,  9.6648540E-03
       49903 ,       10009 ,  0.0000000E+00 ,  3.0358020E-02
       49909 ,       10017 ,  0.0000000E+00 ,  7.0165694E-02
       49910 ,       10017 ,  0.0000000E+00 ,  4.7031255E-03
       49912 ,       10017 ,  1.9819815E-02 ,  1.2973399E-02
       49913 ,       10017 ,  0.0000000E+00 ,  6.0068980E-02
       49914 ,       10017 ,  0.0000000E+00 ,  4.6274398E-02
       49919 ,       10010 ,  0.0000000E+00 ,  3.9848156E-02
       49920 ,       10010 ,  0.0000000E+00 ,  4.2014908E-02
       49921 ,       10010 ,  0.0000000E+00 ,  2.5541818E-02
       49922 ,       10013 ,  0.0000000E+00 ,  2.1423135E-02
       49923 ,       10013 ,  0.0000000E+00 ,  2.7308211E-02
       49924 ,       10013 ,  0.0000000E+00 ,  3.3108026E-02
       49927 ,       10036 ,  0.0000000E+00 ,  2.0956764E-02
       49928 ,       10036 ,  0.0000000E+00 ,  7.6026842E-02
       49938 ,        5009 ,  0.0000000E+00 ,  5.6756720E-02
       49941 ,        5033 ,  0.0000000E+00 ,  1.9511592E-02
       49942 ,        5033 ,  0.0000000E+00 ,  3.8550586E-02
       49943 ,        5033 ,  0.0000000E+00 ,  2.9222758E-02
       49955 ,        5006 ,  0.0000000E+00 ,  6.5642118E-02
       49956 ,        5006 ,  0.0000000E+00 ,  7.0486136E-02
       49957 ,        5006 ,  0.0000000E+00 ,  5.8415215E-02
       49961 ,       19037 ,  0.0000000E+00 ,  0.1043736    
       49962 ,       19037 ,  0.0000000E+00 ,  7.8162417E-02
       49967 ,       19051 ,  0.0000000E+00 ,  0.2106702    
       49970 ,       19044 ,  0.0000000E+00 ,  0.1047167    
       49971 ,       19044 ,  0.0000000E+00 ,  0.2753884    
       49972 ,       19002 ,  0.0000000E+00 ,  0.1409523    
       49973 ,       19002 ,  0.0000000E+00 ,  0.1244889    
       49977 ,       19002 ,  0.0000000E+00 ,  0.1375594    
       49979 ,       28024 ,  0.0000000E+00 ,  7.6572947E-02
       49980 ,       28024 ,  0.0000000E+00 ,  0.1353183    
       49981 ,       28025 ,  0.0000000E+00 ,  5.9705541E-02
       49982 ,       28025 ,  0.8489313     ,  0.3237340    
       49983 ,       28025 ,  0.0000000E+00 ,  0.2030476    
       49984 ,       28007 ,  0.3270026     ,  0.1504907    
       49985 ,       28007 ,  9.3424134E-03 ,  2.8322922E-02
       50189 ,        3001 ,  0.0000000E+00 ,  1.2275794E-02
       50190 ,        3001 ,  0.0000000E+00 ,  1.5023689E-02
       50191 ,        3001 ,  0.0000000E+00 ,  2.2148814E-02
       50192 ,        3001 ,  0.0000000E+00 ,  8.0090007E-03
       50193 ,        3001 ,  0.0000000E+00 ,  9.1530178E-03
       50198 ,        3009 ,  0.0000000E+00 ,  3.8155321E-02
       50225 ,       25001 ,  1.5991582E-02 ,  4.7142733E-02
       50226 ,       25001 ,  0.0000000E+00 ,  2.6678463E-02
       50227 ,       25010 ,  0.0000000E+00 ,  1.0352785E-02
       50228 ,       25010 ,  0.0000000E+00 ,  2.7347371E-02
       50229 ,       25010 ,  0.0000000E+00 ,  2.2771996E-02
       50230 ,       25010 ,  0.0000000E+00 ,  4.3208597E-04
       50231 ,       25010 ,  0.0000000E+00 ,  1.0796580E-02
       50232 ,       25010 ,  0.0000000E+00 ,  1.0881574E-02
       50237 ,        8046 ,  0.0000000E+00 ,  0.1838407    
       50244 ,        8029 ,  0.1068618     ,  5.8133579E-03
       50245 ,        8029 ,  0.0000000E+00 ,  4.3740891E-02
       50253 ,        8007 ,  0.0000000E+00 ,  9.4488999E-03
       50254 ,        8007 ,  0.0000000E+00 ,  4.3807514E-02
       50262 ,       10017 ,  0.0000000E+00 ,  1.4735304E-02
       50263 ,       10017 ,  0.0000000E+00 ,  0.1138582    
       50264 ,       10017 ,  0.2576786     ,  8.3509132E-02
       50265 ,       10017 ,  0.7225016     ,  4.8405629E-02
       50277 ,       10013 ,  0.0000000E+00 ,  2.1149917E-02
       50278 ,       10013 ,  0.0000000E+00 ,  1.6625041E-02
       50279 ,       10013 ,  0.0000000E+00 ,  1.2734631E-02
       50280 ,       10013 ,  0.0000000E+00 ,  3.6617905E-02
       50281 ,       10036 ,  0.0000000E+00 ,  4.2819716E-02
       50291 ,        5009 ,  0.0000000E+00 ,  5.5887762E-02
       50293 ,        5033 ,  0.0000000E+00 ,  1.8051352E-02
       50294 ,        5033 ,  0.0000000E+00 ,  1.3019002E-02
       50296 ,        5033 ,  0.0000000E+00 ,  1.3363329E-02
       50297 ,        5007 ,  0.0000000E+00 ,  1.9577052E-02
       50303 ,        5007 ,  0.0000000E+00 ,  2.7243245E-02
       50307 ,        5007 ,  0.0000000E+00 ,  2.8440656E-02
       50308 ,        5007 ,  0.0000000E+00 ,  1.2443996E-02
       50310 ,        5006 ,  0.0000000E+00 ,  5.9143804E-02
       50312 ,        5006 ,  0.0000000E+00 ,  2.8058309E-02
       50313 ,        5006 ,  0.0000000E+00 ,  7.0673019E-02
       50314 ,       19037 ,  0.0000000E+00 ,  1.5194627E-02
       50320 ,       19051 ,  0.8057360     ,  0.2536730    
       50321 ,       19051 ,  0.0000000E+00 ,  0.1530580    
       50322 ,       19044 ,  0.2048508     ,  9.3957104E-02
       50323 ,       19044 ,  0.1619308     ,  0.1028992    
       50324 ,       19050 ,  0.0000000E+00 ,  0.1320740    
       50325 ,       19050 ,  0.0000000E+00 ,  5.0268330E-02
       50326 ,       19050 ,  0.0000000E+00 ,  6.2172342E-02
       50327 ,       19050 ,  0.0000000E+00 ,  3.6683954E-02
       50328 ,       19040 ,  0.0000000E+00 ,  5.8832765E-03
       50330 ,       19040 ,  0.0000000E+00 ,  0.1951327    
       50333 ,       28024 ,  0.0000000E+00 ,  1.7116698E-02
       50334 ,       28024 ,  0.9374630     ,  0.2163046    
       50335 ,       28025 ,  0.1510687     ,  0.0000000E+00
       50540 ,        3001 ,  0.0000000E+00 ,  1.4285522E-03
       50541 ,        3001 ,  0.0000000E+00 ,  1.9241145E-02
       50542 ,        3001 ,  0.0000000E+00 ,  4.0289983E-03
       50544 ,        3001 ,  0.0000000E+00 ,  4.3253182E-03
       50545 ,        3001 ,  0.0000000E+00 ,  1.2691078E-02
       50550 ,        3009 ,  0.0000000E+00 ,  2.0511851E-02
       50551 ,        3009 ,  0.0000000E+00 ,  1.7629877E-02
       50578 ,       25001 ,  0.0000000E+00 ,  5.1843945E-02
       50581 ,       25010 ,  0.0000000E+00 ,  1.7559232E-02
       50582 ,       25010 ,  0.2842542     ,  5.4373343E-02
       50583 ,       25010 ,  1.6446766E-02 ,  3.8069811E-02
       50584 ,       25010 ,  0.0000000E+00 ,  2.0809943E-02
       50585 ,       25010 ,  0.0000000E+00 ,  5.2623730E-02
       50586 ,       25007 ,  0.0000000E+00 ,  5.0046887E-02
       50587 ,       25007 ,  0.0000000E+00 ,  7.6844186E-02
       50588 ,       25007 ,  0.0000000E+00 ,  2.1823561E-02
       50589 ,        8046 ,  0.0000000E+00 ,  0.1479362    
       50590 ,        8046 ,  0.0000000E+00 ,  0.1433910    
       50591 ,        8046 ,  0.0000000E+00 ,  6.9942370E-02
       50597 ,        8029 ,  0.3087793     ,  6.4477157E-03
       50598 ,        8029 ,  7.0386135E-04 ,  0.0000000E+00
       50606 ,        8007 ,  0.0000000E+00 ,  3.0185061E-03
       50607 ,        8007 ,  0.0000000E+00 ,  8.1309855E-02
       50614 ,       10017 ,  0.0000000E+00 ,  6.0987446E-02
       50615 ,       10017 ,  0.0000000E+00 ,  5.5967793E-02
       50616 ,       10017 ,  0.0000000E+00 ,  4.1600955E-03
       50617 ,        8044 ,  0.0000000E+00 ,  0.1130558    
       50627 ,        8036 ,  0.0000000E+00 ,  7.4064438E-03
       50630 ,       10013 ,  0.0000000E+00 ,  3.1019410E-03
       50631 ,       10013 ,  0.0000000E+00 ,  1.3140626E-02
       50632 ,       10013 ,  0.1399503     ,  6.3475214E-02
       50633 ,       10013 ,  0.0000000E+00 ,  8.3890893E-02
       50634 ,       10036 ,  0.0000000E+00 ,  7.9224426E-03
       50643 ,        5009 ,  0.0000000E+00 ,  2.2701889E-02
       50644 ,        5009 ,  0.0000000E+00 ,  4.5075830E-02
       50650 ,        5007 ,  0.0000000E+00 ,  2.6503325E-02
       50651 ,        5007 ,  0.0000000E+00 ,  2.7993644E-02
       50653 ,        5007 ,  0.0000000E+00 ,  4.5849816E-03
       50654 ,        5007 ,  0.0000000E+00 ,  1.6116468E-02
       50655 ,        5007 ,  0.0000000E+00 ,  6.1410386E-03
       50656 ,        5007 ,  0.0000000E+00 ,  2.5068842E-02
       50663 ,        5006 ,  0.0000000E+00 ,  6.5286338E-02
       50664 ,        5006 ,  0.0000000E+00 ,  6.5507941E-02
       50665 ,        5006 ,  0.0000000E+00 ,  4.2599440E-02
       50671 ,       19008 ,  0.0000000E+00 ,  0.2091018    
       50672 ,       19008 ,   1.000000     ,  0.7896830    
       50673 ,       19051 ,  0.1942640     ,  0.1568742    
       50674 ,       19051 ,  0.0000000E+00 ,  4.5677692E-02
       50675 ,       19044 ,  0.2743399     ,  2.4761185E-02
       50676 ,       19044 ,  0.3588785     ,  0.1393773    
       50677 ,       19050 ,  0.0000000E+00 ,  6.8145871E-02
       50678 ,       19050 ,  0.0000000E+00 ,  8.7307416E-02
       50680 ,       19050 ,  0.0000000E+00 ,  2.7702563E-02
       50681 ,       19040 ,  0.0000000E+00 ,  0.2016954    
       50682 ,       19040 ,  0.0000000E+00 ,  0.2120300    
       50683 ,       19040 ,   1.000000     ,  0.2562601    
       50684 ,       28024 ,  0.0000000E+00 ,  0.1296135    
       50685 ,       28024 ,  0.0000000E+00 ,  0.1256208    
       50686 ,       28024 ,  6.2536962E-02 ,  0.2543578    
       50687 ,       28014 ,  0.0000000E+00 ,  8.8520601E-02
       50893 ,        3001 ,  0.0000000E+00 ,  2.0698914E-02
       50900 ,        3001 ,  0.0000000E+00 ,  5.7765460E-03
       50903 ,        3009 ,  0.0000000E+00 ,  4.4667825E-02
       50930 ,       26033 ,  0.0000000E+00 ,  7.0995837E-02
       50931 ,       26033 ,  0.0000000E+00 ,  4.9708661E-02
       50935 ,       25010 ,  0.0000000E+00 ,  1.0549423E-02
       50936 ,       25010 ,  0.0000000E+00 ,  3.0361727E-02
       50937 ,       25010 ,  0.0000000E+00 ,  3.6942177E-02
       50938 ,       25010 ,  0.0000000E+00 ,  3.7254640E-03
       50940 ,       25007 ,  0.0000000E+00 ,  3.2582257E-02
       50941 ,       25007 ,  0.0000000E+00 ,  6.8151720E-02
       50944 ,        8046 ,  0.0000000E+00 ,  0.1394063    
       50945 ,        8046 ,  0.0000000E+00 ,  1.2605673E-02
       50946 ,        8046 ,  0.0000000E+00 ,  9.1968350E-02
       50956 ,        8007 ,  0.0000000E+00 ,  5.6683377E-04
       50957 ,        8007 ,  0.0000000E+00 ,  1.6381830E-02
       50958 ,        8007 ,  0.0000000E+00 ,  5.7031900E-02
       50959 ,        8007 ,  0.0000000E+00 ,  4.5702487E-02
       50960 ,        8007 ,  0.0000000E+00 ,  5.5373814E-03
       50961 ,        8007 ,  0.0000000E+00 ,  6.4855091E-02
       50966 ,       10017 ,  0.0000000E+00 ,  6.0507078E-02
       50967 ,       10017 ,  0.0000000E+00 ,  2.1342384E-02
       50969 ,        8044 ,  0.0000000E+00 ,  1.1895723E-02
       50970 ,        8044 ,  0.0000000E+00 ,  0.1135505    
       50972 ,        8014 ,  0.0000000E+00 ,  2.5434587E-02
       50973 ,        8014 ,  0.0000000E+00 ,  8.7103546E-02
       50974 ,        8014 ,  0.0000000E+00 ,  1.6124481E-02
       50983 ,       10013 ,  0.0000000E+00 ,  2.9635279E-02
       50984 ,       10013 ,  0.0000000E+00 ,  3.3825137E-02
       50985 ,       10013 ,  0.0000000E+00 ,  5.3065348E-02
       50986 ,       10013 ,  0.0000000E+00 ,  2.1650854E-02
       50995 ,        5009 ,  0.0000000E+00 ,  1.4260699E-02
       50996 ,        5009 ,  0.0000000E+00 ,  6.2207546E-02
       51004 ,        5033 ,  0.0000000E+00 ,  4.2089685E-03
       51005 ,        5007 ,  0.0000000E+00 ,  3.0423779E-02
       51006 ,        5007 ,  0.0000000E+00 ,  4.9437709E-02
       51007 ,        5007 ,  0.0000000E+00 ,  3.8954042E-02
       51008 ,        5007 ,  0.0000000E+00 ,  2.9904522E-02
       51015 ,        5006 ,  0.0000000E+00 ,  5.5834353E-02
       51016 ,        5006 ,  0.0000000E+00 ,  9.2431605E-02
       51017 ,        5006 ,  0.0000000E+00 ,  5.1056109E-03
       51025 ,       19032 ,  0.0000000E+00 ,  7.3881887E-02
       51030 ,       19050 ,  0.0000000E+00 ,  9.4291031E-02
       51031 ,       19050 ,  0.6821176     ,  0.1741153    
       51038 ,       28014 ,  0.0000000E+00 ,  8.0687314E-02
       51039 ,       28014 ,  0.1047021     ,  1.1234390E-02
       51244 ,        3001 ,  0.0000000E+00 ,  5.7795439E-03
       51245 ,        3001 ,  0.0000000E+00 ,  1.5764376E-02
       51246 ,        3001 ,  0.0000000E+00 ,  6.0307733E-03
       51255 ,        3009 ,  0.0000000E+00 ,  4.3400012E-02
       51256 ,        3009 ,  0.0000000E+00 ,  6.8104302E-04
       51282 ,       26033 ,  0.0000000E+00 ,  2.1135313E-02
       51283 ,       26033 ,  0.0000000E+00 ,  0.1004487    
       51288 ,       25007 ,  0.0000000E+00 ,  9.1528185E-02
       51290 ,       25007 ,  0.0000000E+00 ,  0.1049160    
       51291 ,       25007 ,  0.0000000E+00 ,  9.2721239E-02
       51299 ,        8046 ,  0.0000000E+00 ,  0.1360053    
       51314 ,        8007 ,  0.0000000E+00 ,  1.2658006E-02
       51315 ,        8007 ,  0.0000000E+00 ,  6.9435760E-02
       51316 ,        8007 ,  0.0000000E+00 ,  1.0517828E-02
       51317 ,       10017 ,  0.0000000E+00 ,  7.1480533E-04
       51318 ,       10017 ,  0.0000000E+00 ,  5.6383438E-02
       51319 ,       10017 ,  0.0000000E+00 ,  2.0670123E-02
       51321 ,        8044 ,  0.0000000E+00 ,  3.5619002E-02
       51322 ,        8044 ,  0.0000000E+00 ,  0.2027734    
       51323 ,        8044 ,  0.0000000E+00 ,  0.1391010    
       51327 ,        8014 ,  0.0000000E+00 ,  8.4111363E-02
       51336 ,        8036 ,  0.0000000E+00 ,  1.9637594E-02
       51337 ,       10013 ,  0.0000000E+00 ,  7.2197691E-02
       51338 ,       10013 ,  0.0000000E+00 ,  5.5309245E-03
       51348 ,        5009 ,  0.0000000E+00 ,  5.8157250E-02
       51360 ,        5007 ,  0.0000000E+00 ,  3.4059346E-02
       51363 ,        5007 ,  0.0000000E+00 ,  3.2094650E-02
       51366 ,        5006 ,  0.0000000E+00 ,  1.1862499E-02
       51368 ,        5006 ,  0.0000000E+00 ,  8.7403864E-02
       51375 ,        5005 ,  0.0000000E+00 ,  8.9863449E-02
       51378 ,       19032 ,  0.0000000E+00 ,  7.3864795E-02
       51383 ,       19050 ,  0.0000000E+00 ,  2.3118900E-03
       51384 ,       19050 ,  0.3178823     ,  9.9858224E-02
       51385 ,       19050 ,  0.0000000E+00 ,  3.2330118E-02
       51390 ,       28014 ,  0.0000000E+00 ,  5.7077751E-02
       51391 ,       28014 ,  0.0000000E+00 ,  2.7859934E-02
       51597 ,        3001 ,  0.0000000E+00 ,  1.5469342E-02
       51607 ,        3009 ,  0.0000000E+00 ,  2.5841888E-02
       51608 ,        3009 ,  0.0000000E+00 ,  5.0495740E-02
       51609 ,        3009 ,  0.0000000E+00 ,  2.9796621E-02
       51634 ,       26033 ,  0.0000000E+00 ,  4.9636774E-02
       51635 ,       26033 ,  0.0000000E+00 ,  0.1200762    
       51639 ,       26003 ,  0.0000000E+00 ,  5.5273805E-02
       51641 ,       25007 ,  0.0000000E+00 ,  3.7832886E-02
       51642 ,       25007 ,  0.0000000E+00 ,  5.3415217E-02
       51643 ,       25007 ,  0.0000000E+00 ,  8.5582763E-02
       51644 ,       25007 ,  0.0000000E+00 ,  6.8325095E-02
       51645 ,       25007 ,  0.6045488     ,  6.9530278E-02
       51652 ,        8046 ,   1.000000     ,  0.1180140    
       51668 ,        8007 ,  0.0000000E+00 ,  4.6027824E-03
       51669 ,        8007 ,  0.0000000E+00 ,  3.8150880E-02
       51670 ,       10017 ,  0.0000000E+00 ,  0.1055928    
       51671 ,        8060 ,  0.0000000E+00 ,  0.3000645    
       51672 ,        8060 ,  0.0000000E+00 ,  0.2823109    
       51675 ,        8044 ,   1.000000     ,  0.2163848    
       51677 ,        8044 ,  0.0000000E+00 ,  0.1091314    
       51678 ,        8044 ,  0.0000000E+00 ,  2.4693110E-03
       51679 ,        8014 ,  0.0000000E+00 ,  0.1282247    
       51680 ,        8014 ,   1.000000     ,  0.2752146    
       51688 ,        8036 ,  0.0000000E+00 ,  3.9726797E-02
       51689 ,       10013 ,  0.0000000E+00 ,  0.1052010    
       51690 ,        8036 ,  0.0000000E+00 ,  2.5474763E-02
       51691 ,        8036 ,  0.0000000E+00 ,  2.1796313E-03
       51700 ,        5034 ,  0.0000000E+00 ,  1.0331128E-02
       51701 ,        5034 ,  0.0000000E+00 ,  4.9006738E-02
       51713 ,        5007 ,  0.0000000E+00 ,  3.1758945E-02
       51714 ,        5007 ,  0.0000000E+00 ,  4.1310741E-03
       51715 ,        5007 ,  0.0000000E+00 ,  2.6238088E-02
       51716 ,        5007 ,  0.0000000E+00 ,  2.4364898E-02
       51719 ,        5006 ,  0.0000000E+00 ,  4.1855935E-02
       51720 ,        5006 ,  1.3174487E-02 ,  6.4049438E-02
       51721 ,        5018 ,  5.6907843E-04 ,  0.1216355    
       51724 ,        5018 ,  0.0000000E+00 ,  2.3476396E-02
       51725 ,        5005 ,  0.0000000E+00 ,  0.2030748    
       51726 ,        5005 ,  0.0000000E+00 ,  0.1767605    
       51727 ,        5005 ,  0.0000000E+00 ,  0.1644182    
       51728 ,        5005 ,  0.0000000E+00 ,  0.1367377    
       51729 ,        5005 ,  5.8653545E-02 ,  0.1705049    
       51731 ,       19032 ,  0.0000000E+00 ,  7.3349066E-02
       51738 ,       19050 ,  0.0000000E+00 ,  0.1314960    
       51743 ,       28014 ,  0.0000000E+00 ,  7.0722148E-02
       51949 ,        3001 ,  0.0000000E+00 ,  1.7120734E-02
       51950 ,        3001 ,  0.0000000E+00 ,  1.6268432E-03
       51959 ,        3002 ,  0.0000000E+00 ,  2.1097837E-03
       51960 ,        3001 ,  0.0000000E+00 ,  1.2523783E-02
       51984 ,       26033 ,  4.0249273E-02 ,  3.3239465E-02
       51985 ,       26033 ,  6.0539231E-02 ,  1.3265673E-02
       51987 ,       26042 ,  0.0000000E+00 ,  8.9251228E-02
       51988 ,       26033 ,  0.0000000E+00 ,  3.1844001E-02
       51991 ,       26003 ,  0.0000000E+00 ,  4.6116136E-02
       51992 ,       26003 ,  0.0000000E+00 ,  1.1067850E-02
       51995 ,       25007 ,  0.0000000E+00 ,  5.1028620E-02
       51996 ,       25007 ,  0.0000000E+00 ,  2.4756346E-02
       51997 ,       25007 ,  0.0000000E+00 ,  9.6084222E-02
       51998 ,       25007 ,  0.3954512     ,  8.0889530E-02
       52005 ,        8008 ,  0.0000000E+00 ,  0.3087340    
       52009 ,        8027 ,  0.0000000E+00 ,  1.0900742E-02
       52010 ,        8027 ,  0.0000000E+00 ,  2.9333564E-02
       52011 ,        8027 ,  0.2104516     ,  1.8224472E-02
       52012 ,        8027 ,  0.7817483     ,  1.5768263E-02
       52013 ,        8027 ,  0.0000000E+00 ,  7.5186859E-03
       52014 ,        8007 ,  0.0000000E+00 ,  1.5902733E-04
       52022 ,        8059 ,  0.0000000E+00 ,  0.1689559    
       52023 ,        8059 ,  0.0000000E+00 ,  0.3548113    
       52024 ,        8059 ,  0.0000000E+00 ,  2.9169569E-02
       52025 ,        8060 ,   1.000000     ,  0.4151100    
       52026 ,        8060 ,  0.0000000E+00 ,  0.1384355    
       52028 ,        8044 ,  0.0000000E+00 ,  0.1169953    
       52030 ,        8044 ,  0.0000000E+00 ,  1.2375622E-02
       52032 ,        8014 ,  0.0000000E+00 ,  0.1745860    
       52033 ,        8039 ,  0.0000000E+00 ,  0.2344467    
       52039 ,        8036 ,  0.0000000E+00 ,  5.7980404E-03
       52040 ,        8036 ,  0.0000000E+00 ,  8.4696285E-02
       52041 ,        8036 ,  0.0000000E+00 ,  4.8814714E-02
       52044 ,        8036 ,  0.0000000E+00 ,  2.3989568E-02
       52045 ,        8036 ,  0.0000000E+00 ,  2.0341994E-02
       52046 ,        8036 ,  0.0000000E+00 ,  4.7908402E-03
       52052 ,        5034 ,  0.0000000E+00 ,  1.4151795E-02
       52053 ,        5034 ,  0.0000000E+00 ,  4.8244085E-02
       52066 ,        5007 ,  0.0000000E+00 ,  2.9717647E-02
       52068 ,        5007 ,  0.0000000E+00 ,  3.3565320E-02
       52069 ,        5007 ,  0.0000000E+00 ,  4.4306886E-04
       52073 ,        5018 ,  6.7651413E-02 ,  1.2688422E-02
       52074 ,        5018 ,  0.5978747     ,  0.2279979    
       52076 ,        5018 ,  0.0000000E+00 ,  4.0843312E-02
       52077 ,        5018 ,  0.0000000E+00 ,  0.1156665    
       52082 ,        5005 ,  0.9413464     ,  0.1028922    
       52083 ,        5005 ,  0.0000000E+00 ,  8.4972396E-02
       52084 ,       19032 ,  0.0000000E+00 ,  7.3515698E-02
       52089 ,       19032 ,  0.0000000E+00 ,  6.3023590E-03
       52091 ,       19005 ,  0.0000000E+00 ,  6.7529708E-02
       52096 ,       28014 ,  0.0000000E+00 ,  6.7633800E-02
       52301 ,        3002 ,  0.0000000E+00 ,  9.8748803E-03
       52302 ,        3002 ,  0.0000000E+00 ,  4.3431446E-03
       52311 ,        3002 ,  0.0000000E+00 ,  3.0632121E-03
       52312 ,        3002 ,  0.0000000E+00 ,  1.4873118E-02
       52336 ,       26033 ,  0.1680838     ,  7.2716415E-02
       52337 ,       26033 ,  5.6013070E-02 ,  3.5776531E-03
       52339 ,       26042 ,  0.0000000E+00 ,  1.1030790E-02
       52340 ,       26042 ,  0.0000000E+00 ,  6.9364406E-02
       52341 ,       26042 ,  0.0000000E+00 ,  3.0196847E-02
       52342 ,       26003 ,  0.0000000E+00 ,  4.3930657E-02
       52343 ,       26003 ,  0.0000000E+00 ,  5.2524619E-02
       52344 ,       26003 ,  0.0000000E+00 ,  8.0578193E-02
       52350 ,       25007 ,  0.0000000E+00 ,  5.4723203E-02
       52358 ,        8008 ,  0.0000000E+00 ,  5.1537737E-02
       52360 ,        8027 ,  0.0000000E+00 ,  2.5511332E-04
       52361 ,        8027 ,  0.0000000E+00 ,  4.5369525E-02
       52362 ,        8027 ,  0.0000000E+00 ,  3.7134208E-02
       52364 ,        8027 ,  0.0000000E+00 ,  3.3754434E-02
       52365 ,        8027 ,  7.8000845E-03 ,  3.8396977E-02
       52366 ,        8027 ,  0.0000000E+00 ,  4.5052059E-02
       52367 ,        8027 ,  0.0000000E+00 ,  4.6867266E-02
       52368 ,        8007 ,  0.0000000E+00 ,  5.4782972E-02
       52373 ,        8007 ,  0.0000000E+00 ,  6.0015634E-02
       52374 ,        8064 ,  0.0000000E+00 ,  0.3814745    
       52375 ,        8059 ,  0.0000000E+00 ,  2.5325287E-02
       52376 ,        8033 ,  0.0000000E+00 ,  0.1503280    
       52377 ,        8059 ,  0.0000000E+00 ,  0.2764193    
       52378 ,        8059 ,  0.1254121     ,  0.2220543    
       52379 ,        8032 ,  4.1829022E-03 ,  0.4561743    
       52380 ,        8032 ,  0.9232245     ,  0.1420618    
       52381 ,        8032 ,  0.0000000E+00 ,  0.1326001    
       52382 ,        8032 ,  0.0000000E+00 ,  1.3125557E-02
       52383 ,        8003 ,   1.000000     ,  6.2228344E-02
       52384 ,        8003 ,  0.0000000E+00 ,  5.3000070E-02
       52385 ,        8003 ,  0.0000000E+00 ,  2.9624771E-02
       52386 ,        8039 ,  0.0000000E+00 ,  0.1795935    
       52387 ,        8039 ,  0.0000000E+00 ,  0.1148189    
       52391 ,        8036 ,  0.0000000E+00 ,  4.0482469E-02
       52392 ,        8036 ,  0.0000000E+00 ,  8.0682635E-02
       52405 ,        5034 ,  0.0000000E+00 ,  1.5668588E-02
       52406 ,        5023 ,  0.0000000E+00 ,  8.7648658E-03
       52415 ,        5007 ,  0.0000000E+00 ,  2.5874699E-02
       52416 ,        5007 ,  0.0000000E+00 ,  3.2616176E-02
       52417 ,        5007 ,  0.0000000E+00 ,  2.9626539E-02
       52418 ,        5007 ,  0.0000000E+00 ,  3.0431343E-02
       52419 ,        5007 ,  0.0000000E+00 ,  5.7792280E-02
       52420 ,        5007 ,   1.000000     ,  4.3417014E-02
       52421 ,        5007 ,  0.0000000E+00 ,  1.5432008E-02
       52422 ,        5007 ,  0.0000000E+00 ,  4.2157806E-02
       52423 ,        5029 ,  0.2128753     ,  3.1457175E-02
       52424 ,        5029 ,  2.5976621E-02 ,  0.0000000E+00
       52426 ,        5010 ,  0.5824053     ,  0.6446846    
       52427 ,        5018 ,  0.3339048     ,  0.2755259    
       52428 ,        5018 ,  0.0000000E+00 ,  8.6443044E-02
       52429 ,        5018 ,  0.0000000E+00 ,  4.8179045E-02
       52437 ,       19032 ,  0.0000000E+00 ,  7.3542885E-02
       52442 ,       19032 ,  0.0000000E+00 ,  7.6525435E-02
       52444 ,       19005 ,  0.0000000E+00 ,  2.1439597E-03
       52445 ,       19005 ,  0.0000000E+00 ,  7.1803510E-02
       52448 ,       28014 ,  0.0000000E+00 ,  2.8916581E-02
       52449 ,       28014 ,  0.0000000E+00 ,  4.7143020E-02
       52653 ,        3002 ,  0.0000000E+00 ,  1.4920088E-02
       52654 ,        3002 ,  0.0000000E+00 ,  7.6167188E-03
       52660 ,        3002 ,  0.0000000E+00 ,  5.5286484E-03
       52661 ,        3002 ,  0.0000000E+00 ,  1.4814873E-03
       52662 ,        3002 ,  0.0000000E+00 ,  7.6611633E-03
       52664 ,        3002 ,  0.0000000E+00 ,  9.0487767E-03
       52665 ,        3002 ,  0.0000000E+00 ,  4.8685125E-03
       52688 ,       26033 ,  0.0000000E+00 ,  1.1239067E-02
       52689 ,       26033 ,  0.5516362     ,  0.1035325    
       52690 ,       26033 ,  0.1234784     ,  9.2384607E-02
       52691 ,       26033 ,  0.0000000E+00 ,  0.1047187    
       52692 ,       26042 ,  0.0000000E+00 ,  0.1048019    
       52693 ,       26042 ,  0.0000000E+00 ,  5.1264688E-03
       52697 ,       26003 ,  0.0000000E+00 ,  7.2667576E-02
       52717 ,        8027 ,  0.0000000E+00 ,  3.7661519E-02
       52721 ,        8007 ,  0.0000000E+00 ,  4.4388296E-03
       52722 ,        8007 ,  0.0000000E+00 ,  7.7853352E-02
       52723 ,        8007 ,  0.0000000E+00 ,  4.2406458E-02
       52724 ,        8007 ,  0.0000000E+00 ,  4.8143264E-02
       52725 ,        8007 ,  0.0000000E+00 ,  4.8249993E-02
       52726 ,        8007 ,   1.000000     ,  4.9059767E-02
       52728 ,        8033 ,  0.0000000E+00 ,  0.1532105    
       52729 ,        8033 ,  0.0000000E+00 ,  6.0473010E-02
       52733 ,        8032 ,  7.2592571E-02 ,  7.8549862E-02
       52735 ,        8003 ,  0.0000000E+00 ,  8.8656604E-02
       52736 ,        8003 ,  0.0000000E+00 ,  0.1420101    
       52737 ,        8003 ,  0.0000000E+00 ,  0.1861256    
       52738 ,        8039 ,  0.0000000E+00 ,  0.1060671    
       52739 ,        8039 ,  0.0000000E+00 ,  5.4074567E-02
       52740 ,        8039 ,   1.000000     ,  0.2973368    
       52741 ,        8036 ,  0.0000000E+00 ,  8.6652860E-03
       52743 ,        8036 ,  0.0000000E+00 ,  5.8589365E-02
       52744 ,        8036 ,  0.0000000E+00 ,  3.6828302E-02
       52754 ,        5034 ,  0.0000000E+00 ,  3.4959264E-02
       52755 ,        5034 ,  0.0000000E+00 ,  4.7546983E-02
       52756 ,        5034 ,  0.0000000E+00 ,  1.9677952E-02
       52758 ,        5023 ,  0.3363057     ,  1.1161353E-02
       52759 ,        5023 ,  0.0000000E+00 ,  1.6457498E-03
       52772 ,        5007 ,  0.0000000E+00 ,  3.8657013E-02
       52773 ,        5007 ,  0.0000000E+00 ,  6.2589888E-03
       52774 ,        5007 ,  0.0000000E+00 ,  1.8702136E-02
       52775 ,        5007 ,  0.0000000E+00 ,  4.2931430E-02
       52776 ,        5029 ,  0.7477964     ,   3.265798    
       52777 ,        5029 ,  1.3351638E-02 ,  0.3815828    
       52778 ,        5031 ,  0.7089124     ,  0.1305849    
       52779 ,        5031 ,  0.2910875     ,  0.1010638    
       52780 ,        5018 ,  0.0000000E+00 ,  2.5956290E-02
       52781 ,        5018 ,  0.0000000E+00 ,  0.1218173    
       52790 ,       19032 ,   1.000000     ,  8.2664967E-02
       52795 ,       19005 ,  0.0000000E+00 ,  3.5860393E-02
       52798 ,       19005 ,  0.0000000E+00 ,  6.9149062E-02
       52801 ,       28014 ,  0.0000000E+00 ,  7.5038746E-02
       52999 ,        3002 ,  0.0000000E+00 ,  3.5729583E-03
       53005 ,        3002 ,  0.0000000E+00 ,  1.5485626E-02
       53006 ,        3002 ,  0.0000000E+00 ,  7.2238734E-04
       53013 ,        3002 ,  0.0000000E+00 ,  2.4854145E-03
       53014 ,        3002 ,  0.0000000E+00 ,  1.1710405E-02
       53015 ,        3002 ,  0.0000000E+00 ,  1.0864778E-02
       53016 ,        3002 ,  0.0000000E+00 ,  2.0747527E-03
       53017 ,        3002 ,  0.0000000E+00 ,  2.4281624E-03
       53018 ,        3002 ,  0.0000000E+00 ,  1.1386578E-02
       53041 ,       26026 ,  0.0000000E+00 ,  7.7115960E-02
       53042 ,       26026 ,  0.2811021     ,  0.1024047    
       53043 ,       26026 ,  0.2535723     ,  4.8512358E-02
       53044 ,       26042 ,  0.0000000E+00 ,  6.4965067E-03
       53045 ,       26042 ,  0.0000000E+00 ,  6.9063008E-02
       53046 ,       26042 ,  0.0000000E+00 ,  1.9627588E-02
       53050 ,       26003 ,  1.0321287E-02 ,  5.8538474E-02
       53051 ,       26003 ,  0.0000000E+00 ,  3.2266136E-02
       53063 ,        8008 ,  0.8082618     ,  3.4900520E-02
       53064 ,        8008 ,  0.1917382     ,  9.1399170E-02
       53069 ,        8027 ,  0.0000000E+00 ,  1.7345719E-02
       53070 ,        8027 ,  0.0000000E+00 ,  4.1380592E-02
       53079 ,        8064 ,  0.5405695     ,  0.7442330    
       53080 ,        8064 ,  0.4594304     ,  0.3168751    
       53081 ,        8033 ,  0.7599403     ,  0.3945199    
       53086 ,        8032 ,  0.0000000E+00 ,  4.6623021E-02
       53087 ,        8032 ,  0.0000000E+00 ,  3.9631203E-02
       53089 ,        8003 ,  0.0000000E+00 ,  6.0833894E-02
       53090 ,        8003 ,  0.0000000E+00 ,  0.1293773    
       53091 ,        8039 ,  0.0000000E+00 ,  5.2053764E-02
       53092 ,        8039 ,  0.0000000E+00 ,  0.1124291    
       53093 ,        8036 ,  0.0000000E+00 ,  2.2504894E-02
       53094 ,        8036 ,  0.5772277     ,  6.5441780E-02
       53095 ,        8036 ,  0.2761101     ,  6.6878185E-02
       53096 ,        8036 ,  0.0000000E+00 ,  1.8000316E-02
       53109 ,        5034 ,  0.0000000E+00 ,  3.3893675E-02
       53110 ,        5023 ,  0.0000000E+00 ,  7.7414629E-03
       53111 ,        5023 ,  0.0000000E+00 ,  6.6906093E-03
       53124 ,        5007 ,  0.0000000E+00 ,  3.5530534E-02
       53125 ,        5007 ,  0.0000000E+00 ,  2.1141598E-03
       53130 ,        5021 ,  0.0000000E+00 ,  0.2106405    
       53131 ,        5031 ,  0.0000000E+00 ,  5.3397454E-02
       53132 ,        5001 ,  0.0000000E+00 ,  0.3010122    
       53133 ,        5001 ,  0.0000000E+00 ,  9.5018949E-03
       53134 ,        5001 ,  0.0000000E+00 ,  0.2047899    
       53135 ,        5001 ,  0.0000000E+00 ,  4.5966916E-02
       53143 ,       19032 ,  0.0000000E+00 ,  3.3715844E-02
       53144 ,       19032 ,  0.0000000E+00 ,  0.1201250    
       53145 ,       19032 ,  0.0000000E+00 ,  3.3960935E-02
       53148 ,       19005 ,  0.0000000E+00 ,  3.1145433E-02
       53151 ,       19005 ,  0.0000000E+00 ,  1.3619047E-02
       53152 ,       28014 ,  0.0000000E+00 ,  0.1178539    
       53154 ,       28014 ,  0.0000000E+00 ,  6.7734614E-02
       53351 ,        3002 ,  0.0000000E+00 ,  2.1040407E-03
       53352 ,        3002 ,  0.0000000E+00 ,  4.0170754E-04
       53353 ,        3002 ,  0.0000000E+00 ,  6.4312443E-03
       53357 ,        3002 ,  0.0000000E+00 ,  1.3228002E-02
       53358 ,        3002 ,  0.0000000E+00 ,  6.6517641E-05
       53369 ,        3002 ,  1.0054539E-02 ,  6.6332459E-03
       53370 ,        3002 ,  0.1519993     ,  1.4382087E-02
       53393 ,       26071 ,  0.0000000E+00 ,  0.1335421    
       53394 ,       26026 ,  0.0000000E+00 ,  0.1012091    
       53395 ,       26026 ,  0.2413526     ,  0.1133924    
       53396 ,       26026 ,  0.0000000E+00 ,  5.2149374E-02
       53397 ,       26042 ,  0.1134176     ,  3.7307009E-02
       53398 ,       26042 ,  0.3560332     ,  8.0622263E-02
       53399 ,       26042 ,  0.0000000E+00 ,  3.0609833E-02
       53402 ,       26003 ,  0.0000000E+00 ,  4.5800537E-02
       53403 ,       26003 ,  0.9896787     ,  6.2444054E-02
       53417 ,        8008 ,  0.0000000E+00 ,  0.2768362    
       53418 ,        8008 ,  0.0000000E+00 ,  0.3104252    
       53421 ,        8027 ,  0.0000000E+00 ,  3.6646832E-02
       53422 ,        8027 ,  0.0000000E+00 ,  2.0651873E-02
       53423 ,        8027 ,  0.0000000E+00 ,  3.6230940E-02
       53432 ,        8064 ,  0.0000000E+00 ,  0.4000480    
       53433 ,        8064 ,  0.0000000E+00 ,  4.2805176E-02
       53437 ,        8032 ,  0.0000000E+00 ,  4.8676271E-02
       53438 ,        8032 ,  0.0000000E+00 ,  1.2086387E-02
       53439 ,        8032 ,  0.0000000E+00 ,  8.0201313E-02
       53443 ,        8003 ,  0.0000000E+00 ,  2.7608220E-03
       53447 ,        8036 ,  5.6281388E-02 ,  7.5863704E-02
       53448 ,        8036 ,  9.0380765E-02 ,  2.5149874E-02
       53463 ,        5023 ,  0.0000000E+00 ,  1.7919041E-02
       53464 ,        5023 ,  0.0000000E+00 ,  1.1977910E-02
       53465 ,        5023 ,  0.0000000E+00 ,  1.3636541E-02
       53466 ,        5023 ,  0.0000000E+00 ,  1.4467642E-02
       53467 ,        5023 ,  0.0000000E+00 ,  9.3139205E-03
       53476 ,        5007 ,  0.0000000E+00 ,  3.0789731E-02
       53477 ,        5007 ,  0.0000000E+00 ,  9.3588736E-03
       53482 ,        5021 ,  0.0000000E+00 ,  2.3411224E-02
       53483 ,        5021 ,  0.0000000E+00 ,  0.4157289    
       53486 ,        5008 ,   1.000000     ,  0.4101084    
       53487 ,        5001 ,  0.0000000E+00 ,  0.2254042    
       53488 ,        5008 ,  0.0000000E+00 ,  0.2839864    
       53497 ,       19032 ,  0.0000000E+00 ,  1.4350148E-02
       53498 ,       19032 ,  0.0000000E+00 ,  5.0990433E-02
       53499 ,       19005 ,  0.0000000E+00 ,  3.2997046E-02
       53500 ,       19005 ,  0.3679186     ,  2.4570042E-02
       53501 ,       19005 ,  0.0000000E+00 ,  2.1787757E-02
       53505 ,       28014 ,  0.0000000E+00 ,  0.1481326    
       53507 ,       28014 ,  0.0000000E+00 ,  7.4758336E-02
       53703 ,        3002 ,  0.0000000E+00 ,  8.1826355E-03
       53704 ,        3002 ,  0.0000000E+00 ,  4.4524972E-03
       53706 ,        3002 ,  0.0000000E+00 ,  5.9066643E-03
       53707 ,        3002 ,  0.0000000E+00 ,  7.9715930E-05
       53710 ,        3002 ,  0.0000000E+00 ,  8.4223002E-03
       53711 ,        3002 ,  0.0000000E+00 ,  5.4560392E-03
       53722 ,        3002 ,  0.0000000E+00 ,  1.2302402E-02
       53745 ,       26071 ,  0.1492680     ,  0.0000000E+00
       53746 ,       26071 ,  0.4417849     ,  0.4387956    
       53747 ,       26071 ,  0.2922032     ,  0.2144275    
       53748 ,       26026 ,  0.1305351     ,  0.1201882    
       53749 ,       26026 ,  0.0000000E+00 ,  9.6609481E-02
       53750 ,       26042 ,  8.8637993E-02 ,  3.7844967E-02
       53751 ,       26042 ,  0.4000657     ,  8.3380595E-02
       53752 ,       26042 ,  0.0000000E+00 ,  1.3279129E-02
       53753 ,       26003 ,  0.0000000E+00 ,  4.3521214E-02
       53754 ,       26003 ,  0.0000000E+00 ,  6.2634982E-02
       53755 ,       26003 ,  0.0000000E+00 ,  1.4094769E-03
       53756 ,       26003 ,  0.0000000E+00 ,  2.3498408E-02
       53767 ,        8065 ,  8.5759863E-02 ,  3.5568699E-02
       53768 ,        8065 ,  0.7250758     ,  5.6925979E-03
       53771 ,        8027 ,  0.0000000E+00 ,  1.0893865E-02
       53772 ,        8027 ,  0.0000000E+00 ,  2.8198842E-02
       53773 ,        8027 ,  0.0000000E+00 ,  2.3884153E-02
       53774 ,        8027 ,  0.0000000E+00 ,  1.9146537E-02
       53776 ,        8027 ,  0.0000000E+00 ,  3.7522357E-02
       53785 ,        8056 ,  0.0000000E+00 ,  0.2892326    
       53789 ,        8067 ,  0.0000000E+00 ,  0.1041457    
       53790 ,        8032 ,  0.0000000E+00 ,  4.6660010E-02
       53791 ,        8032 ,  0.0000000E+00 ,  8.1173815E-02
       53792 ,        8032 ,  0.0000000E+00 ,  0.1283805    
       53797 ,        8003 ,  0.0000000E+00 ,  1.4915165E-03
       53798 ,        8003 ,  0.0000000E+00 ,  3.0844975E-02
       53799 ,        8036 ,  0.0000000E+00 ,  2.6659124E-02
       53800 ,        8036 ,  0.0000000E+00 ,  4.3513130E-02
       53801 ,        8036 ,  0.0000000E+00 ,  2.1245565E-02
       53814 ,        5034 ,  0.4116710     ,  3.5874318E-02
       53815 ,        5034 ,  0.0000000E+00 ,  2.2175934E-02
       53816 ,        5023 ,  0.0000000E+00 ,  2.1753649E-03
       53820 ,        5023 ,  0.0000000E+00 ,  1.6849689E-02
       53821 ,        5023 ,  0.0000000E+00 ,  2.0974554E-02
       53822 ,        5023 ,  0.0000000E+00 ,  1.3292282E-02
       53823 ,        5023 ,  0.0000000E+00 ,  1.3770908E-02
       53824 ,        5023 ,  0.0000000E+00 ,  1.3540859E-02
       53825 ,        5023 ,  0.0000000E+00 ,  1.5020337E-02
       53826 ,        5023 ,  0.0000000E+00 ,  1.6652144E-02
       53827 ,        5023 ,  0.0000000E+00 ,  1.4778585E-02
       53828 ,        5023 ,  0.6344029     ,  2.0264361E-02
       53829 ,        5007 ,  0.0000000E+00 ,  1.1205673E-02
       53841 ,        5008 ,  0.0000000E+00 ,  0.1925945    
       53842 ,        5008 ,  0.0000000E+00 ,  0.2402412    
       53843 ,        5026 ,  0.0000000E+00 ,  6.7197859E-02
       53844 ,        5026 ,  0.0000000E+00 ,  4.6565151E-03
       53848 ,       19032 ,  0.0000000E+00 ,  3.7279416E-02
       53849 ,       19032 ,  0.0000000E+00 ,  7.7527590E-02
       53850 ,       19032 ,  0.0000000E+00 ,  2.9761268E-02
       53851 ,       19005 ,  0.0000000E+00 ,  1.7070973E-02
       53852 ,       19005 ,  0.0000000E+00 ,  3.9993662E-02
       53853 ,       19005 ,  0.6320814     ,  4.6449289E-02
       53854 ,       19005 ,  0.0000000E+00 ,  3.1403504E-02
       53858 ,       28014 ,  0.0000000E+00 ,  5.6843039E-02
       53859 ,       28027 ,  0.0000000E+00 ,  0.1722896    
       53860 ,       28014 ,  0.0000000E+00 ,  6.0847048E-02
       54055 ,        3002 ,  0.0000000E+00 ,  2.6314284E-04
       54056 ,        3002 ,  0.0000000E+00 ,  1.3834232E-02
       54060 ,        3002 ,  0.0000000E+00 ,  5.9727528E-03
       54064 ,        3002 ,  0.0000000E+00 ,  1.1464456E-02
       54065 ,        3002 ,  0.0000000E+00 ,  4.8631593E-03
       54074 ,        3002 ,  0.0000000E+00 ,  4.9941218E-03
       54075 ,        3002 ,  0.0000000E+00 ,  1.0049975E-02
       54098 ,       26071 ,  0.0000000E+00 ,  0.1987536    
       54099 ,       26071 ,  0.1046313     ,  0.3212508    
       54100 ,       26071 ,  1.2112584E-02 ,  0.0000000E+00
       54101 ,       26026 ,  0.0000000E+00 ,  9.1480695E-02
       54102 ,       26042 ,  5.7537272E-03 ,  0.1534905    
       54103 ,       26042 ,  3.6091648E-02 ,  5.5998527E-02
       54107 ,       26003 ,  0.0000000E+00 ,  1.4181661E-02
       54108 ,       26003 ,  0.0000000E+00 ,  1.0230172E-03
       54109 ,       26003 ,  0.0000000E+00 ,  9.6723428E-03
       54110 ,       26003 ,  0.0000000E+00 ,  6.4577430E-02
       54111 ,       26003 ,  0.0000000E+00 ,  2.7168522E-02
       54112 ,        8020 ,  0.0000000E+00 ,  0.2627176    
       54113 ,        8020 ,  0.0000000E+00 ,  9.3390062E-02
       54116 ,        8030 ,  1.6772624E-02 ,  9.0117797E-02
       54117 ,        8030 ,  0.9719402     ,  9.0784214E-02
       54119 ,        8065 ,  0.0000000E+00 ,  5.9940450E-02
       54120 ,        8065 ,  0.0000000E+00 ,  0.3100633    
       54121 ,        8065 ,  0.1891643     ,  0.0000000E+00
       54124 ,        8027 ,  0.0000000E+00 ,  1.4482386E-02
       54125 ,        8027 ,  0.0000000E+00 ,  8.4699310E-02
       54126 ,        8027 ,  0.0000000E+00 ,  3.2933269E-02
       54129 ,        8027 ,  0.0000000E+00 ,  2.0573635E-02
       54138 ,        8056 ,   1.000000     ,  0.2547464    
       54139 ,        8056 ,  0.0000000E+00 ,  0.1023235    
       54141 ,        8067 ,  0.0000000E+00 ,  1.1160751E-02
       54142 ,        8067 ,  0.0000000E+00 ,  8.5379131E-02
       54144 ,        8067 ,  0.0000000E+00 ,  2.6880056E-02
       54145 ,        8067 ,  0.0000000E+00 ,  6.9416881E-02
       54151 ,        8003 ,  0.0000000E+00 ,  6.7357749E-02
       54153 ,        8036 ,  0.0000000E+00 ,  4.0432744E-02
       54154 ,        8036 ,  0.0000000E+00 ,  2.4875145E-02
       54167 ,        5034 ,  0.0000000E+00 ,  4.7272377E-02
       54179 ,        5023 ,  0.0000000E+00 ,  2.6653991E-03
       54181 ,        5023 ,  2.9291444E-02 ,  2.0564487E-02
       54182 ,        5023 ,  0.0000000E+00 ,  1.3387907E-02
       54183 ,        5023 ,  0.0000000E+00 ,  1.4682127E-02
       54184 ,        5023 ,  0.0000000E+00 ,  2.0697406E-02
       54185 ,        5023 ,  0.0000000E+00 ,  8.2795387E-03
       54194 ,        5026 ,  0.0000000E+00 ,  0.1013651    
       54195 ,        5026 ,  0.0000000E+00 ,  1.3234857E-02
       54196 ,        5026 ,  0.0000000E+00 ,  1.9829154E-02
       54197 ,        5026 ,  0.0000000E+00 ,  8.5177943E-02
       54198 ,        5026 ,  0.0000000E+00 ,  6.7159504E-02
       54199 ,        5026 ,  0.0000000E+00 ,  5.9582278E-02
       54201 ,       19032 ,  0.0000000E+00 ,  2.6214829E-02
       54203 ,       19005 ,  0.0000000E+00 ,  3.1941239E-02
       54204 ,       19005 ,  0.0000000E+00 ,  2.5509309E-02
       54207 ,       19005 ,  0.0000000E+00 ,  7.9092775E-03
       54208 ,       19005 ,  0.0000000E+00 ,  5.5642024E-02
       54209 ,       19005 ,  0.0000000E+00 ,  5.1851626E-03
       54212 ,       28027 ,  3.2405186E-02 ,  0.1798307    
       54406 ,        3002 ,  0.0000000E+00 ,  2.7665414E-03
       54407 ,        3002 ,  0.0000000E+00 ,  1.2131165E-02
       54408 ,        3002 ,  0.0000000E+00 ,  1.2521408E-02
       54413 ,        3002 ,  0.0000000E+00 ,  5.6998460E-03
       54414 ,        3002 ,  0.0000000E+00 ,  1.8364663E-03
       54418 ,        3002 ,  0.0000000E+00 ,  1.2558797E-02
       54419 ,        3002 ,  0.0000000E+00 ,  2.7602613E-03
       54427 ,        3002 ,  0.0000000E+00 ,  1.2489865E-02
       54428 ,        3002 ,  0.0000000E+00 ,  5.5870408E-04
       54449 ,       26012 ,  0.0000000E+00 ,  0.1133849    
       54450 ,       26018 ,  0.0000000E+00 ,  3.9999884E-02
       54451 ,       26018 ,  1.1094462E-02 ,  5.1848970E-02
       54452 ,       26018 ,  0.0000000E+00 ,  4.5042638E-02
       54453 ,       26018 ,  0.0000000E+00 ,  4.7392778E-02
       54454 ,       26026 ,  0.0000000E+00 ,  0.1290422    
       54455 ,       26042 ,  0.0000000E+00 ,  5.0727315E-02
       54463 ,       26003 ,  0.0000000E+00 ,  5.3346343E-02
       54464 ,       26003 ,  0.0000000E+00 ,  2.7252750E-02
       54466 ,        8020 ,  0.0000000E+00 ,  0.2189811    
       54467 ,        8020 ,  0.0000000E+00 ,  6.3132726E-02
       54469 ,        8030 ,  0.0000000E+00 ,  0.1212772    
       54470 ,        8030 ,  1.1287139E-02 ,  0.2471815    
       54471 ,        8030 ,  0.0000000E+00 ,  0.2356666    
       54472 ,        8065 ,  0.0000000E+00 ,  0.2367447    
       54477 ,        8027 ,  0.0000000E+00 ,  4.8324842E-02
       54478 ,        8027 ,  0.0000000E+00 ,  4.8760843E-02
       54492 ,        8061 ,  0.0000000E+00 ,  0.1169087    
       54497 ,        8067 ,  1.3177966E-02 ,  0.1030279    
       54506 ,        8036 ,  0.0000000E+00 ,  5.1998019E-02
       54507 ,        8036 ,  0.0000000E+00 ,  2.0645855E-02
       54520 ,        5034 ,  0.0000000E+00 ,  4.5317471E-02
       54534 ,        5023 ,  0.0000000E+00 ,  1.3479227E-02
       54537 ,        5023 ,  0.0000000E+00 ,  1.0896174E-02
       54541 ,        5031 ,  0.0000000E+00 ,  3.8553573E-02
       54542 ,        5031 ,  0.0000000E+00 ,  4.2802379E-02
       54544 ,        5008 ,  0.0000000E+00 ,  5.7469741E-02
       54545 ,        5008 ,  0.0000000E+00 ,  0.1821756    
       54547 ,        5026 ,  0.0000000E+00 ,  6.6598654E-02
       54549 ,        5026 ,  0.5853209     ,  2.4558468E-02
       54550 ,        5026 ,  0.4146791     ,  7.2076596E-02
       54551 ,        5015 ,  0.0000000E+00 ,  3.0469319E-02
       54555 ,        5015 ,  0.0000000E+00 ,  5.4657765E-02
       54556 ,        5015 ,  0.0000000E+00 ,  5.0944954E-02
       54560 ,       19005 ,  0.0000000E+00 ,  2.9810611E-02
       54561 ,       19005 ,  0.0000000E+00 ,  4.1442667E-03
       54562 ,       19005 ,  0.0000000E+00 ,  2.9195674E-02
       54563 ,       28027 ,  0.0000000E+00 ,  8.3068646E-02
       54564 ,       28027 ,  3.2558669E-03 ,  4.5874756E-02
       54565 ,       28027 ,  0.2768815     ,  9.6734427E-02
       54566 ,       28027 ,  0.1405844     ,  8.8656463E-02
       54759 ,        3002 ,  0.0000000E+00 ,  1.3627164E-02
       54767 ,        3002 ,  0.0000000E+00 ,  6.7862882E-03
       54768 ,        3002 ,  0.0000000E+00 ,  4.0798780E-04
       54772 ,        3002 ,  0.0000000E+00 ,  1.5280765E-02
       54779 ,        3002 ,  0.0000000E+00 ,  1.2470609E-02
       54780 ,        3002 ,  0.0000000E+00 ,  5.3470456E-03
       54799 ,       26072 ,  2.7018122E-02 ,  0.0000000E+00
       54801 ,       26072 ,  0.0000000E+00 ,  0.1341628    
       54802 ,       26072 ,  0.0000000E+00 ,  2.9213443E-02
       54803 ,       26018 ,  3.6238946E-02 ,  2.7860098E-02
       54804 ,       26018 ,  6.9747623E-03 ,  4.9230404E-02
       54805 ,       26018 ,  3.1642672E-02 ,  6.6010118E-02
       54806 ,       26018 ,  0.0000000E+00 ,  4.5345724E-02
       54807 ,       26049 ,  0.0000000E+00 ,  0.1845417    
       54808 ,       26049 ,  0.0000000E+00 ,  3.5499536E-02
       54812 ,       26049 ,  0.0000000E+00 ,  8.8596549E-03
       54813 ,       26049 ,  0.0000000E+00 ,  7.5585619E-02
       54814 ,       26049 ,  0.0000000E+00 ,  4.3184303E-02
       54815 ,       26003 ,  0.0000000E+00 ,  6.7447578E-03
       54816 ,       26003 ,  0.0000000E+00 ,  6.8693489E-02
       54820 ,        8020 ,   1.000000     ,  0.2702621    
       54821 ,        8020 ,  0.0000000E+00 ,  0.2471742    
       54822 ,        8030 ,  0.0000000E+00 ,  0.1318019    
       54824 ,        8030 ,  0.0000000E+00 ,  8.0736384E-02
       54825 ,        8065 ,  0.0000000E+00 ,  0.2080782    
       54831 ,        8027 ,  0.0000000E+00 ,  4.3033473E-02
       54839 ,        8049 ,  0.1782321     ,  0.0000000E+00
       54840 ,        8049 ,  0.8217679     ,  8.6910687E-02
       54845 ,        8061 ,  0.0000000E+00 ,  0.1070459    
       54849 ,        8067 ,  0.0000000E+00 ,  0.1018685    
       54850 ,        8067 ,  0.9868221     ,  9.5320940E-02
       54858 ,        8011 ,  0.0000000E+00 ,  2.6976772E-02
       54859 ,        8011 ,  0.0000000E+00 ,  5.5665351E-02
       54860 ,        8011 ,  0.0000000E+00 ,  2.3587981E-02
       54861 ,        8011 ,  0.0000000E+00 ,  2.4463162E-02
       54862 ,        8036 ,  0.0000000E+00 ,  5.7724519E-03
       54873 ,        5034 ,  0.0000000E+00 ,  4.5949657E-02
       54887 ,        5023 ,  0.0000000E+00 ,  1.3513343E-02
       54893 ,        5031 ,  0.0000000E+00 ,  3.6477761E-03
       54894 ,        5031 ,  0.0000000E+00 ,  0.1068324    
       54895 ,        5031 ,  0.0000000E+00 ,  7.0899650E-02
       54900 ,        5026 ,  0.0000000E+00 ,  6.8507344E-02
       54904 ,        5015 ,  0.0000000E+00 ,  5.3939037E-02
       54905 ,        5015 ,  0.0000000E+00 ,  2.5718935E-02
       54906 ,        5015 ,  0.0000000E+00 ,  2.8227640E-02
       54907 ,        5015 ,  0.0000000E+00 ,  7.7498332E-02
       54908 ,        5015 ,  0.0000000E+00 ,  2.1353772E-02
       54913 ,       19005 ,  0.0000000E+00 ,  3.1157291E-02
       54914 ,       19005 ,  0.0000000E+00 ,  4.1164059E-02
       54917 ,       28027 ,  5.5036019E-03 ,  3.6464125E-02
       54918 ,       28027 ,  0.4371444     ,  0.1532967    
       54919 ,       28027 ,  0.1042251     ,  3.9015364E-02
       55110 ,        3002 ,  0.0000000E+00 ,  1.4325337E-02
       55111 ,        3002 ,  0.0000000E+00 ,  1.3081386E-02
       55112 ,        3002 ,  0.0000000E+00 ,  1.6423798E-03
       55121 ,        3002 ,  0.0000000E+00 ,  7.5482903E-03
       55122 ,        3002 ,  0.0000000E+00 ,  2.1671273E-03
       55125 ,        3002 ,  0.0000000E+00 ,  1.2458383E-02
       55132 ,        3002 ,  5.4201959E-03 ,  1.1869970E-02
       55152 ,       26072 ,  0.2280107     ,  9.8455407E-02
       55153 ,       26072 ,  0.0000000E+00 ,  0.1699614    
       55154 ,       26072 ,  0.7449712     ,  0.2454250    
       55155 ,       26072 ,  0.0000000E+00 ,  0.1206928    
       55156 ,       26012 ,  0.0000000E+00 ,  7.9716988E-02
       55157 ,       26018 ,  5.5292923E-02 ,  2.4617402E-02
       55158 ,       26018 ,  8.9366883E-02 ,  8.6623281E-02
       55159 ,       26018 ,  0.0000000E+00 ,  7.6868750E-02
       55161 ,       26049 ,  0.0000000E+00 ,  2.4931200E-02
       55163 ,       26049 ,  0.0000000E+00 ,  3.6316849E-02
       55165 ,       26049 ,  0.0000000E+00 ,  8.6836964E-02
       55167 ,       26049 ,  0.0000000E+00 ,  6.4736627E-02
       55168 ,       26003 ,  0.0000000E+00 ,  5.6020740E-02
       55180 ,        8065 ,  0.0000000E+00 ,  8.5275553E-02
       55181 ,        8065 ,  0.0000000E+00 ,  4.9357526E-02
       55184 ,        8027 ,  0.0000000E+00 ,  4.3823566E-02
       55193 ,        8049 ,  0.0000000E+00 ,  0.5562835    
       55198 ,        8061 ,  0.0000000E+00 ,  8.5082263E-02
       55201 ,        8067 ,  0.0000000E+00 ,  4.3146733E-02
       55202 ,        8067 ,  0.0000000E+00 ,  6.9423653E-02
       55203 ,        8067 ,  0.0000000E+00 ,  5.8822080E-02
       55207 ,        8058 ,  0.0000000E+00 ,  0.2386075    
       55208 ,        8058 ,   1.000000     ,  0.7159111    
       55209 ,        8058 ,  0.0000000E+00 ,  0.1344430    
       55210 ,        8011 ,  0.0000000E+00 ,  1.2227049E-02
       55211 ,        8011 ,  0.0000000E+00 ,  5.3975403E-02
       55212 ,        8011 ,  0.0000000E+00 ,  2.1927845E-02
       55225 ,        5034 ,  0.0000000E+00 ,  3.0479016E-02
       55226 ,        5034 ,  0.0000000E+00 ,  1.6735047E-02
       55240 ,        5023 ,  0.0000000E+00 ,  1.9911529E-02
       55245 ,        5031 ,  0.0000000E+00 ,  4.8446760E-02
       55246 ,        5031 ,  0.0000000E+00 ,  6.8986811E-02
       55247 ,        5031 ,  0.0000000E+00 ,  7.7557303E-02
       55249 ,        5026 ,  0.0000000E+00 ,  1.1883860E-02
       55250 ,        5026 ,  0.0000000E+00 ,  7.7940509E-02
       55251 ,        5020 ,  0.0000000E+00 ,  5.6973007E-02
       55252 ,        5028 ,  1.6851927E-04 ,  9.0531418E-03
       55253 ,        5026 ,  0.0000000E+00 ,  0.1259184    
       55258 ,        5015 ,   1.000000     ,  6.8225190E-02
       55259 ,        5015 ,  0.0000000E+00 ,  6.6506594E-02
       55262 ,        5015 ,  0.0000000E+00 ,  3.1026764E-02
       55263 ,       19005 ,  0.0000000E+00 ,  3.1399850E-02
       55264 ,       19005 ,  0.0000000E+00 ,  3.1387508E-02
       55265 ,       19005 ,  0.0000000E+00 ,  3.1382404E-02
       55266 ,       19005 ,  0.0000000E+00 ,  2.4390192E-04
       55267 ,       19005 ,  0.0000000E+00 ,  2.5338547E-02
       55268 ,       19005 ,  0.0000000E+00 ,  1.4592017E-02
       55269 ,       28027 ,  0.0000000E+00 ,  3.2181889E-03
       55270 ,       28027 ,  0.0000000E+00 ,  9.3729086E-02
       55271 ,       28027 ,  0.0000000E+00 ,  4.4276204E-02
       55463 ,        3002 ,  0.0000000E+00 ,  1.6385417E-03
       55464 ,        3002 ,  0.0000000E+00 ,  9.4802333E-03
       55475 ,        3002 ,  0.0000000E+00 ,  6.0360227E-03
       55476 ,        3002 ,  0.0000000E+00 ,  1.5511200E-02
       55477 ,        3002 ,  0.0000000E+00 ,  1.3667992E-02
       55478 ,        3002 ,  0.0000000E+00 ,  1.5352248E-02
       55479 ,        3002 ,  0.0000000E+00 ,  1.2363524E-02
       55480 ,        3002 ,  0.0000000E+00 ,  1.2251372E-02
       55483 ,        3002 ,  0.0000000E+00 ,  1.0183227E-02
       55484 ,        3002 ,  0.0000000E+00 ,  1.2525349E-02
       55485 ,        3002 ,  0.2016591     ,  1.3934162E-02
       55506 ,       26072 ,  0.0000000E+00 ,  0.1207095    
       55507 ,       26072 ,  0.0000000E+00 ,  9.4443619E-02
       55508 ,       26012 ,  0.2725734     ,  0.2685388    
       55509 ,       26018 ,  8.9281471E-04 ,  9.6209928E-02
       55510 ,       26018 ,  0.2969845     ,  0.1012072    
       55511 ,       26018 ,  0.3271850     ,  0.1041518    
       55512 ,       26018 ,  0.0000000E+00 ,  5.9012845E-03
       55516 ,       26049 ,  0.0000000E+00 ,  4.6967395E-02
       55517 ,       26049 ,  0.0000000E+00 ,  8.2533091E-02
       55518 ,       26049 ,   1.000000     ,  0.1084494    
       55534 ,        8009 ,  0.0000000E+00 ,  3.7500132E-02
       55537 ,        8027 ,  0.0000000E+00 ,  3.8957007E-02
       55546 ,        8049 ,  0.0000000E+00 ,  8.4697127E-02
       55547 ,        8061 ,  0.0000000E+00 ,  9.7000301E-02
       55551 ,        8061 ,  0.0000000E+00 ,  4.0472418E-02
       55552 ,        8067 ,  0.0000000E+00 ,  9.7962283E-02
       55553 ,        8067 ,  0.0000000E+00 ,  8.5160658E-02
       55554 ,        8067 ,  0.0000000E+00 ,  9.8962076E-02
       55562 ,        8011 ,  1.2313575E-02 ,  1.9145736E-02
       55563 ,        8011 ,  0.9848219     ,  7.8783467E-02
       55564 ,        8011 ,  0.0000000E+00 ,  3.6281556E-02
       55565 ,        8011 ,  0.0000000E+00 ,  2.2461809E-02
       55578 ,        5034 ,  0.0000000E+00 ,  2.7761672E-02
       55579 ,        5034 ,  0.0000000E+00 ,  1.8961441E-02
       55592 ,        5023 ,  0.0000000E+00 ,  1.2695340E-02
       55593 ,        5023 ,  0.0000000E+00 ,  1.2794468E-02
       55599 ,        5031 ,  0.0000000E+00 ,  9.9192793E-03
       55600 ,        5031 ,  0.0000000E+00 ,  6.4486951E-02
       55601 ,        5031 ,  0.0000000E+00 ,  5.2899424E-02
       55602 ,        5026 ,  0.0000000E+00 ,  7.9912841E-02
       55605 ,        5028 ,  3.1849321E-03 ,  5.6332823E-02
       55606 ,        5028 ,  0.0000000E+00 ,  3.9292946E-02
       55607 ,        5028 ,  0.0000000E+00 ,  1.6530756E-02
       55609 ,        5015 ,  0.0000000E+00 ,  1.7252457E-03
       55610 ,        5015 ,  0.0000000E+00 ,  6.3706800E-02
       55611 ,        5015 ,  0.0000000E+00 ,  6.2934533E-02
       55612 ,        5015 ,  0.0000000E+00 ,  4.5254793E-02
       55613 ,        5015 ,  0.0000000E+00 ,  5.9399128E-02
       55614 ,        5015 ,  0.0000000E+00 ,  5.9344392E-02
       55615 ,        5015 ,  0.0000000E+00 ,  2.8389327E-02
       55621 ,       19005 ,  0.0000000E+00 ,  3.4967586E-02
       55622 ,       19005 ,  0.0000000E+00 ,  7.5742140E-02
       55817 ,        3002 ,  0.0000000E+00 ,  3.4496060E-03
       55818 ,        3002 ,  0.0000000E+00 ,  3.2516979E-03
       55827 ,        3002 ,  0.0000000E+00 ,  3.8385445E-03
       55828 ,        3002 ,  0.0000000E+00 ,  1.3489082E-02
       55833 ,        3002 ,  0.0000000E+00 ,  2.6720564E-04
       55834 ,        3002 ,  0.0000000E+00 ,  1.2789183E-02
       55835 ,        3002 ,  0.0000000E+00 ,  1.1954750E-02
       55836 ,        3002 ,  0.0000000E+00 ,  1.4259609E-03
       55859 ,       26029 ,  0.0000000E+00 ,  2.3082694E-02
       55860 ,       26029 ,  0.0000000E+00 ,  3.4666152E-03
       55861 ,       26012 ,  0.0000000E+00 ,  2.6663266E-02
       55862 ,       26012 ,  0.3080012     ,  0.2222316    
       55863 ,       26018 ,  3.1293657E-02 ,  5.3215221E-02
       55864 ,       26018 ,  0.1130333     ,  7.7193141E-02
       55865 ,       26018 ,  0.0000000E+00 ,  1.2785542E-02
       55871 ,       26049 ,  0.0000000E+00 ,  7.3227659E-02
       55887 ,        8009 ,  0.0000000E+00 ,  1.4090856E-02
       55888 ,        8009 ,  0.0000000E+00 ,  4.9263228E-02
       55889 ,        8009 ,  0.0000000E+00 ,  3.3500984E-02
       55890 ,        8027 ,  0.0000000E+00 ,  1.9583836E-02
       55891 ,        8009 ,  0.0000000E+00 ,  3.6848661E-02
       55892 ,        8009 ,  0.0000000E+00 ,  1.5495557E-02
       55900 ,        8061 ,  0.0000000E+00 ,  7.9234809E-02
       55904 ,        8061 ,  0.0000000E+00 ,  3.9529447E-03
       55906 ,        8067 ,  0.0000000E+00 ,  0.1428898    
       55915 ,        8011 ,  0.0000000E+00 ,  9.2207119E-03
       55916 ,        8011 ,  2.8644865E-03 ,  7.1146801E-02
       55918 ,        8011 ,  0.0000000E+00 ,  2.2432904E-03
       55919 ,        8011 ,  0.0000000E+00 ,  2.8424768E-02
       55920 ,        8011 ,  0.0000000E+00 ,  2.5735332E-03
       55932 ,        5034 ,  0.0000000E+00 ,  5.8800310E-02
       55933 ,        5034 ,  0.0000000E+00 ,  1.9809240E-04
       55945 ,        5023 ,  0.0000000E+00 ,  1.4743811E-02
       55953 ,        5031 ,  0.0000000E+00 ,  5.4951884E-02
       55954 ,        5031 ,  0.0000000E+00 ,  3.3903211E-02
       55957 ,        5020 ,  4.7647722E-02 ,  3.0642832E-02
       55958 ,        5020 ,  2.3385720E-02 ,  1.1340825E-02
       55960 ,        5028 ,  0.0000000E+00 ,  5.5333238E-02
       55961 ,        5028 ,  0.0000000E+00 ,  5.2923791E-02
       55962 ,        5015 ,  0.0000000E+00 ,  5.9484813E-02
       55963 ,        5015 ,  0.0000000E+00 ,  4.3902673E-02
       55964 ,        5015 ,  0.0000000E+00 ,  6.4175069E-02
       55965 ,        5015 ,  0.0000000E+00 ,  1.7419927E-02
       55973 ,        5013 ,  8.1478311E-03 ,  9.2299275E-02
       55974 ,        5013 ,  0.9918522     ,  0.2378011    
       56171 ,        3002 ,  0.0000000E+00 ,  8.4252069E-03
       56172 ,        3002 ,  0.0000000E+00 ,  5.5772671E-03
       56173 ,        3002 ,  0.0000000E+00 ,  5.2910666E-03
       56180 ,        3002 ,  0.0000000E+00 ,  1.6604003E-02
       56181 ,        3002 ,  0.0000000E+00 ,  1.3310635E-02
       56182 ,        3002 ,  0.0000000E+00 ,  1.7456142E-03
       56211 ,       26029 ,  5.7687838E-02 ,  1.9745773E-02
       56212 ,       26029 ,  1.2724395E-03 ,  2.7498843E-02
       56213 ,       26029 ,  9.4793171E-02 ,  8.2360424E-02
       56214 ,       26029 ,  0.0000000E+00 ,  3.8393322E-02
       56216 ,       26018 ,  0.0000000E+00 ,  1.0503536E-02
       56217 ,       26018 ,  0.0000000E+00 ,  2.5434418E-02
       56224 ,       26051 ,  0.0000000E+00 ,  5.3802650E-02
       56241 ,        8009 ,  0.0000000E+00 ,  1.4038377E-02
       56242 ,        8009 ,  0.2661993     ,  7.3908150E-02
       56243 ,        8009 ,  0.0000000E+00 ,  6.5514021E-02
       56244 ,        8009 ,  0.0000000E+00 ,  4.0399104E-02
       56253 ,        8057 ,  0.0000000E+00 ,  0.1856810    
       56258 ,        8061 ,  0.0000000E+00 ,  6.2059648E-02
       56259 ,        8061 ,  0.0000000E+00 ,  1.7596316E-02
       56263 ,        8062 ,  0.0000000E+00 ,  5.8856629E-02
       56264 ,        8062 ,  0.0000000E+00 ,  6.9901891E-02
       56265 ,        8062 ,  0.1930608     ,  7.5188614E-03
       56268 ,        8016 ,  0.1937668     ,  0.1919768    
       56269 ,        8016 ,  9.6950680E-02 ,  0.3673082    
       56273 ,        8011 ,  0.0000000E+00 ,  2.5808692E-02
       56274 ,        8011 ,  0.0000000E+00 ,  7.5942501E-03
       56282 ,        5034 ,  0.0000000E+00 ,  6.2657287E-03
       56283 ,        5034 ,  0.0000000E+00 ,  1.5094305E-02
       56286 ,        5034 ,  0.0000000E+00 ,  6.9619335E-02
       56292 ,        5023 ,  0.0000000E+00 ,  1.2129963E-02
       56293 ,        5023 ,  0.0000000E+00 ,  1.1486937E-02
       56295 ,        5023 ,  0.0000000E+00 ,  6.9735860E-03
       56296 ,        5023 ,  0.0000000E+00 ,  1.1179356E-02
       56297 ,        5023 ,  0.0000000E+00 ,  6.9681779E-03
       56298 ,        5023 ,  0.0000000E+00 ,  8.8070696E-03
       56308 ,        5020 ,  4.5611981E-02 ,  7.0687854E-03
       56309 ,        5020 ,  0.3728132     ,  6.2497266E-02
       56310 ,        5020 ,  0.2312306     ,  6.5702513E-02
       56312 ,        5028 ,  1.7158025E-03 ,  0.0000000E+00
       56313 ,        5028 ,  0.7726819     ,  0.1773577    
       56314 ,        5015 ,  0.0000000E+00 ,  8.5048795E-02
       56315 ,        5015 ,  0.0000000E+00 ,  6.4082108E-02
       56316 ,        5015 ,  0.0000000E+00 ,  2.0337353E-02
       56326 ,        5013 ,  0.0000000E+00 ,  0.2234086    
       56522 ,        3002 ,  0.0000000E+00 ,  4.5070597E-03
       56523 ,        3002 ,  0.0000000E+00 ,  6.0531520E-03
       56524 ,        3002 ,  0.0000000E+00 ,  3.2639152E-03
       56526 ,        3002 ,  0.0000000E+00 ,  4.3243918E-04
       56527 ,        3002 ,  0.0000000E+00 ,  5.7947580E-03
       56528 ,        3002 ,  0.0000000E+00 ,  5.7870285E-03
       56529 ,        3002 ,  0.0000000E+00 ,  1.0078594E-02
       56530 ,        3002 ,  0.0000000E+00 ,  3.9716181E-03
       56532 ,        3002 ,  0.0000000E+00 ,  3.1546105E-03
       56533 ,        3002 ,  0.0000000E+00 ,  8.9982897E-03
       56535 ,        3002 ,  0.0000000E+00 ,  1.4844137E-02
       56536 ,        3002 ,  0.0000000E+00 ,  7.5270873E-03
       56565 ,       26029 ,  0.0000000E+00 ,  6.2020980E-02
       56570 ,       26018 ,  0.0000000E+00 ,  3.8798206E-02
       56571 ,       26018 ,  0.0000000E+00 ,  2.5450988E-02
       56572 ,       26018 ,  0.0000000E+00 ,  2.7179949E-02
       56573 ,       26049 ,  0.0000000E+00 ,  6.5979466E-02
       56574 ,       26049 ,  0.0000000E+00 ,  7.2526008E-02
       56575 ,       26049 ,  0.0000000E+00 ,  1.0013396E-02
       56576 ,       26051 ,  0.0000000E+00 ,  3.8165074E-02
       56577 ,       26051 ,  0.0000000E+00 ,  4.8326503E-02
       56587 ,        8066 ,  0.0000000E+00 ,  2.0234495E-02
       56588 ,        8066 ,  0.0000000E+00 ,  5.8681611E-03
       56591 ,        8041 ,  0.9611003     ,  6.3281588E-02
       56595 ,        8009 ,  0.1477969     ,  6.3908674E-02
       56596 ,        8009 ,  2.5630392E-02 ,  5.2039057E-02
       56597 ,        8009 ,  0.0000000E+00 ,  5.8666259E-02
       56598 ,        8009 ,  0.0000000E+00 ,  2.5771191E-02
       56600 ,        8012 ,  0.0000000E+00 ,  1.5225788E-02
       56601 ,        8012 ,  0.0000000E+00 ,  0.1371549    
       56604 ,        8057 ,  0.0000000E+00 ,  0.1141167    
       56605 ,        8057 ,  0.9275844     ,  0.2174925    
       56606 ,        8057 ,  0.0000000E+00 ,  0.2264804    
       56611 ,        8061 ,  0.0000000E+00 ,  8.8435948E-02
       56618 ,        8062 ,  8.5547358E-02 ,  0.1164080    
       56619 ,        8062 ,  0.0000000E+00 ,  7.0371285E-02
       56620 ,        8062 ,  0.0000000E+00 ,  2.9465325E-02
       56621 ,        8016 ,  0.6230080     ,  0.5706978    
       56622 ,        8016 ,  8.6274527E-02 ,  7.0305280E-03
       56627 ,        8011 ,  0.0000000E+00 ,  2.2023726E-02
       56628 ,        8011 ,  0.0000000E+00 ,  7.1450374E-03
       56636 ,        5034 ,  0.0000000E+00 ,  2.4518618E-02
       56639 ,        5023 ,  0.0000000E+00 ,  1.2095816E-02
       56640 ,        5023 ,  0.0000000E+00 ,  1.3354381E-02
       56641 ,        5023 ,  0.0000000E+00 ,  1.2482869E-02
       56644 ,        5023 ,  0.0000000E+00 ,  1.5577788E-02
       56645 ,        5023 ,  0.0000000E+00 ,  3.1754368E-03
       56646 ,        5023 ,  0.0000000E+00 ,  9.4347363E-03
       56647 ,        5023 ,  0.0000000E+00 ,  1.8937627E-02
       56648 ,        5023 ,  0.0000000E+00 ,  1.1402276E-02
       56649 ,        5023 ,  0.0000000E+00 ,  1.2300773E-02
       56650 ,        5023 ,  0.0000000E+00 ,  1.9793198E-02
       56661 ,        5020 ,  5.3593703E-03 ,  3.3717968E-02
       56662 ,        5020 ,  4.0397558E-02 ,  1.1649529E-03
       56663 ,        5020 ,  9.2727564E-02 ,  0.1864460    
       56664 ,        5032 ,  9.9169508E-02 ,  0.3240364    
       56665 ,        5032 ,  0.9008304     ,  0.4751442    
       56666 ,        5028 ,  9.0012074E-02 ,  1.4851774E-02
       56678 ,        5013 ,  0.0000000E+00 ,  9.3700804E-02
       56679 ,        5013 ,  0.0000000E+00 ,  0.1441128    
       56872 ,        3002 ,  0.0000000E+00 ,  4.6653114E-03
       56873 ,        3002 ,  0.0000000E+00 ,  5.6949104E-03
       56874 ,        3002 ,  0.0000000E+00 ,  6.2878141E-03
       56875 ,        3002 ,  0.0000000E+00 ,  1.7903253E-03
       56883 ,        3002 ,  0.0000000E+00 ,  8.4239915E-03
       56884 ,        3002 ,  0.0000000E+00 ,  1.4205116E-02
       56885 ,        3002 ,  0.1932297     ,  1.8303685E-02
       56917 ,       26029 ,  0.0000000E+00 ,  3.9093107E-02
       56918 ,       26029 ,  0.0000000E+00 ,  1.1676880E-02
       56923 ,       26018 ,  0.0000000E+00 ,  2.0420654E-02
       56928 ,       26051 ,  0.0000000E+00 ,  5.4338057E-02
       56929 ,       26051 ,   1.000000     ,  0.1057859    
       56940 ,        8066 ,  0.0000000E+00 ,  1.3530389E-02
       56941 ,        8066 ,  0.0000000E+00 ,  0.4600008    
       56942 ,        8066 ,   1.000000     ,  0.1590265    
       56944 ,        8041 ,  3.8899746E-02 ,  0.2295326    
       56945 ,        8041 ,  0.0000000E+00 ,  0.4086980    
       56947 ,        8009 ,  0.0000000E+00 ,  1.0200082E-02
       56948 ,        8009 ,  9.2862286E-03 ,  4.6960481E-02
       56950 ,        8012 ,  0.0000000E+00 ,  0.1434531    
       56951 ,        8009 ,  0.0000000E+00 ,  8.3035514E-02
       56952 ,        8012 ,  0.0000000E+00 ,  0.1911062    
       56953 ,        8012 ,  0.0000000E+00 ,  0.1935723    
       56954 ,        8012 ,   1.000000     ,  0.1602735    
       56955 ,        8012 ,  0.0000000E+00 ,  2.4272108E-02
       56958 ,        8057 ,  7.2415642E-02 ,  4.0177241E-02
       56959 ,        8057 ,  0.0000000E+00 ,  0.1919570    
       56961 ,        8061 ,  0.0000000E+00 ,  6.2245075E-02
       56962 ,        8061 ,  0.0000000E+00 ,  9.2356235E-02
       56963 ,        8061 ,  0.0000000E+00 ,  7.3025979E-02
       56964 ,        8061 ,  0.0000000E+00 ,  0.1175099    
       56965 ,        8061 ,   1.000000     ,  4.1679442E-02
       56971 ,        8062 ,  0.0000000E+00 ,  5.9361450E-02
       56973 ,        8062 ,  4.7096353E-02 ,  0.1145630    
       56974 ,        8062 ,  0.1067922     ,  0.1670080    
       56981 ,        8011 ,  0.0000000E+00 ,  4.0597118E-02
       56982 ,        8011 ,  0.0000000E+00 ,  2.4620637E-02
       56983 ,        8011 ,  0.0000000E+00 ,  2.4445723E-03
       56989 ,        5034 ,  0.0000000E+00 ,  1.4528219E-02
       56990 ,        5034 ,  0.5883290     ,  2.7096584E-02
       56992 ,        5034 ,  0.0000000E+00 ,  2.4892606E-02
       56993 ,        5023 ,  0.0000000E+00 ,  1.2852295E-04
       56994 ,        5023 ,  0.0000000E+00 ,  8.7261444E-04
       56995 ,        5023 ,  0.0000000E+00 ,  1.8236563E-02
       56996 ,        5023 ,  0.0000000E+00 ,  1.6197136E-02
       56997 ,        5023 ,  0.0000000E+00 ,  3.9431462E-03
       57000 ,        5023 ,  0.0000000E+00 ,  2.9864658E-03
       57001 ,        5023 ,  0.0000000E+00 ,  1.5087076E-02
       57002 ,        5023 ,  0.0000000E+00 ,  7.4026338E-03
       57012 ,        5020 ,  0.0000000E+00 ,  6.5294810E-04
       57013 ,        5020 ,  0.0000000E+00 ,  1.8962097E-04
       57014 ,        5020 ,  0.0000000E+00 ,  3.1958394E-02
       57016 ,        5032 ,  0.0000000E+00 ,  0.1022373    
       57017 ,        5032 ,  0.0000000E+00 ,  0.1527459    
       57018 ,        5028 ,  0.0000000E+00 ,  6.5000489E-02
       57019 ,        5028 ,  0.0000000E+00 ,  2.4096968E-02
       57030 ,        5013 ,  0.0000000E+00 ,  1.0786088E-02
       57031 ,        5013 ,  0.0000000E+00 ,  0.2499540    
       57224 ,        3002 ,  0.0000000E+00 ,  1.2850689E-03
       57225 ,        3002 ,  0.0000000E+00 ,  5.6831562E-03
       57237 ,        3002 ,  0.0000000E+00 ,  3.9170096E-03
       57238 ,        3002 ,  0.0000000E+00 ,  1.0968998E-02
       57265 ,       26029 ,  0.1331488     ,  0.0000000E+00
       57266 ,       26029 ,  1.3112893E-02 ,  0.0000000E+00
       57269 ,       26029 ,  0.0000000E+00 ,  2.5147911E-02
       57270 ,       26029 ,  0.0000000E+00 ,  4.3237217E-02
       57281 ,       26051 ,  0.0000000E+00 ,  3.5182305E-03
       57282 ,       26051 ,  0.0000000E+00 ,  6.2505879E-02
       57283 ,       26051 ,  0.0000000E+00 ,  7.8898907E-02
       57295 ,        8066 ,  0.0000000E+00 ,  0.3322445    
       57298 ,        8051 ,  0.0000000E+00 ,  6.1828874E-02
       57299 ,        8009 ,  0.0000000E+00 ,  6.0512066E-02
       57300 ,        8009 ,  0.0000000E+00 ,  2.0067049E-02
       57301 ,        8009 ,  0.5510871     ,  8.1131876E-02
       57302 ,        8009 ,  0.0000000E+00 ,  5.2755903E-02
       57303 ,        8012 ,  0.0000000E+00 ,  0.1772606    
       57308 ,        8012 ,  0.0000000E+00 ,  0.1902850    
       57310 ,        8057 ,  0.0000000E+00 ,  4.3899524E-03
       57312 ,        8057 ,  0.0000000E+00 ,  0.1344020    
       57313 ,        8022 ,  0.0000000E+00 ,  0.2025948    
       57314 ,        8061 ,  0.0000000E+00 ,  3.5820723E-02
       57316 ,        8061 ,  0.0000000E+00 ,  1.4075758E-02
       57317 ,        8061 ,  0.0000000E+00 ,  9.8848507E-02
       57324 ,        8021 ,  0.0000000E+00 ,  8.2054868E-02
       57325 ,        8021 ,  0.0000000E+00 ,  3.9992180E-02
       57326 ,        8062 ,  0.2117503     ,  0.1927193    
       57327 ,        8062 ,  0.2216925     ,  8.0354419E-03
       57334 ,        8011 ,  0.0000000E+00 ,  2.2084270E-02
       57336 ,        8011 ,  0.0000000E+00 ,  2.1940921E-02
       57337 ,        8011 ,  0.0000000E+00 ,  2.2870356E-02
       57338 ,        8011 ,  0.0000000E+00 ,  2.1795679E-02
       57339 ,        8011 ,  0.0000000E+00 ,  2.1612933E-02
       57340 ,        8011 ,  0.0000000E+00 ,  2.2412527E-02
       57341 ,        8011 ,  0.0000000E+00 ,  2.3759054E-02
       57342 ,        5034 ,  0.0000000E+00 ,  3.4491453E-02
       57344 ,        5034 ,  0.0000000E+00 ,  2.1948775E-02
       57348 ,        5023 ,  0.0000000E+00 ,  1.0246777E-02
       57349 ,        5023 ,  0.0000000E+00 ,  8.5529424E-03
       57353 ,        5023 ,  0.0000000E+00 ,  1.4509516E-02
       57366 ,        5020 ,  0.0000000E+00 ,  1.3982502E-02
       57367 ,        5020 ,  0.0000000E+00 ,  1.7940365E-02
       57370 ,        5028 ,  0.0000000E+00 ,  2.3714799E-02
       57371 ,        5028 ,  0.0000000E+00 ,  5.8563419E-02
       57372 ,        5028 ,  0.0000000E+00 ,  5.5489179E-02
       57382 ,        5012 ,  0.0000000E+00 ,  4.6834219E-02
       57383 ,        5012 ,  0.0000000E+00 ,  8.7326512E-02
       57575 ,        3002 ,  8.5907698E-02 ,  1.2663618E-03
       57576 ,        3002 ,  0.0000000E+00 ,  4.8463508E-03
       57577 ,        3002 ,  0.0000000E+00 ,  6.1528394E-03
       57588 ,        3002 ,  0.0000000E+00 ,  7.7649642E-04
       57589 ,        3002 ,  0.0000000E+00 ,  1.2746680E-02
       57590 ,        3002 ,  0.0000000E+00 ,  9.0185348E-03
       57617 ,       26029 ,  0.0000000E+00 ,  3.1531245E-02
       57618 ,       26029 ,  0.5764139     ,  6.3649662E-02
       57619 ,       26029 ,  0.1209622     ,  0.1017801    
       57620 ,       26025 ,  0.3129588     ,  0.2460075    
       57621 ,       26025 ,  0.0000000E+00 ,  0.1821311    
       57622 ,       26029 ,  0.0000000E+00 ,  2.5618650E-02
       57634 ,       26051 ,  0.0000000E+00 ,  4.2762779E-02
       57635 ,       26051 ,  0.0000000E+00 ,  1.5603891E-02
       57636 ,       26051 ,  0.0000000E+00 ,  5.1570833E-02
       57648 ,        8066 ,  0.0000000E+00 ,  0.3044065    
       57649 ,        8051 ,  0.0000000E+00 ,  2.1513145E-02
       57650 ,        8051 ,  0.0000000E+00 ,  4.5341432E-02
       57651 ,        8031 ,  0.0000000E+00 ,  4.6887469E-02
       57652 ,        8009 ,  0.0000000E+00 ,  2.1007054E-02
       57654 ,        8031 ,  0.0000000E+00 ,  3.5800464E-02
       57655 ,        8031 ,  0.0000000E+00 ,  6.1575867E-02
       57661 ,        8018 ,  0.0000000E+00 ,  0.2126382    
       57666 ,        8022 ,  0.0000000E+00 ,  0.1574968    
       57667 ,        8022 ,  0.9178998     ,  4.6892356E-02
       57668 ,        8022 ,  0.0000000E+00 ,  1.0718226E-02
       57669 ,        8061 ,  0.0000000E+00 ,  7.0496008E-02
       57670 ,        8019 ,  0.0000000E+00 ,  1.7661234E-02
       57676 ,        8055 ,  0.0000000E+00 ,  0.2477358    
       57677 ,        8055 ,  8.6337954E-02 ,  0.1881612    
       57678 ,        8021 ,  0.3888429     ,  0.2577379    
       57679 ,        8062 ,  0.1340606     ,  7.2210014E-02
       57687 ,        8011 ,  0.0000000E+00 ,  2.2122841E-02
       57697 ,        5034 ,  0.0000000E+00 ,  3.4203071E-02
       57698 ,        5034 ,  0.0000000E+00 ,  1.1180255E-02
       57701 ,        5023 ,  0.0000000E+00 ,  1.3246923E-02
       57706 ,        5023 ,  0.0000000E+00 ,  1.4511015E-02
       57720 ,        5020 ,  0.0000000E+00 ,  3.1081144E-02
       57723 ,        5028 ,  0.0000000E+00 ,  4.5188431E-02
       57725 ,        5028 ,  0.0000000E+00 ,  6.1345626E-02
       57726 ,        5028 ,  0.0000000E+00 ,  2.5207130E-02
       57729 ,        5037 ,  0.2642008     ,  2.4376424E-02
       57730 ,        5012 ,  0.0000000E+00 ,  8.1819095E-02
       57731 ,        5012 ,  0.0000000E+00 ,  1.6581962E-02
       57734 ,        5012 ,  0.0000000E+00 ,  3.2265943E-02
       57735 ,        5012 ,  0.0000000E+00 ,  6.9658637E-02
       57927 ,        3002 ,  0.0000000E+00 ,  7.3864753E-03
       57928 ,        3002 ,  0.0000000E+00 ,  5.8579482E-03
       57929 ,        3002 ,  0.0000000E+00 ,  1.5653757E-03
       57940 ,        3002 ,  0.0000000E+00 ,  1.4137022E-02
       57941 ,        3002 ,  0.0000000E+00 ,  1.2898430E-02
       57970 ,       26029 ,  0.0000000E+00 ,  6.6953474E-03
       57971 ,       26029 ,  2.6087607E-03 ,  8.9910299E-02
       57972 ,       26029 ,  0.0000000E+00 ,  5.1136367E-02
       57973 ,       26025 ,  2.0097308E-03 ,  0.1857540    
       57974 ,       26025 ,  0.0000000E+00 ,  0.1331387    
       57975 ,       26025 ,  0.0000000E+00 ,  1.2478398E-02
       57988 ,       26051 ,  0.0000000E+00 ,  8.8661924E-02
       57989 ,       26051 ,  0.0000000E+00 ,  6.7188375E-02
       57996 ,        8047 ,  0.0000000E+00 ,  1.7563807E-02
       57997 ,        8047 ,  0.8665474     ,  0.3446107    
       57998 ,        8047 ,  0.1334527     ,  0.1959674    
       57999 ,        8051 ,  0.0000000E+00 ,  3.3383898E-04
       58000 ,        8051 ,  0.0000000E+00 ,  2.6629722E-02
       58001 ,        8051 ,  0.0000000E+00 ,  3.6276549E-02
       58002 ,        8051 ,  0.0000000E+00 ,  9.1567099E-02
       58003 ,        8051 ,  0.0000000E+00 ,  9.7497348E-03
       58008 ,        8031 ,  0.0000000E+00 ,  4.8536677E-03
       58009 ,        8031 ,  0.0000000E+00 ,  6.7611650E-02
       58014 ,        8018 ,  0.0000000E+00 ,  0.2674389    
       58016 ,        8018 ,  0.1742961     ,  0.0000000E+00
       58019 ,        8026 ,  5.6560032E-02 ,  7.8594573E-03
       58020 ,        8022 ,  8.2100190E-02 ,  0.1607004    
       58022 ,        8024 ,  0.0000000E+00 ,  0.1185482    
       58023 ,        8019 ,  0.0000000E+00 ,  1.0215179E-02
       58030 ,        8055 ,  0.9118245     ,  0.2865383    
       58031 ,        8045 ,  2.7319871E-02 ,  0.3987920    
       58032 ,        8021 ,  0.0000000E+00 ,  0.1482100    
       58040 ,        8011 ,  0.0000000E+00 ,  2.3744650E-02
       58050 ,        5034 ,  0.0000000E+00 ,  4.1135516E-02
       58051 ,        5034 ,  0.0000000E+00 ,  3.4129824E-03
       58054 ,        5023 ,  0.0000000E+00 ,  1.3294630E-02
       58059 ,        5023 ,  0.0000000E+00 ,  1.3481658E-02
       58072 ,        5020 ,  0.0000000E+00 ,  1.5352448E-02
       58073 ,        5020 ,  0.0000000E+00 ,  1.9395329E-02
       58078 ,        5028 ,  0.0000000E+00 ,  2.8271934E-03
       58079 ,        5003 ,  0.0000000E+00 ,  0.3731853    
       58080 ,        5003 ,  0.0000000E+00 ,  0.1396654    
       58081 ,        5037 ,  0.0000000E+00 ,  1.2235187E-02
       58082 ,        5037 ,  0.7357992     ,  0.4652630    
       58083 ,        5037 ,  0.0000000E+00 ,  3.8224545E-03
       58084 ,        5012 ,  0.0000000E+00 ,  6.6323258E-02
       58085 ,        5012 ,  0.0000000E+00 ,  9.1723569E-02
       58086 ,        5012 ,  0.0000000E+00 ,  5.0491057E-02
       58087 ,        5012 ,  0.0000000E+00 ,  9.8717310E-02
       58279 ,        3002 ,  0.0000000E+00 ,  6.1266860E-03
       58280 ,        3002 ,  0.0000000E+00 ,  1.3918552E-03
       58291 ,        3002 ,  0.0000000E+00 ,  5.9872982E-03
       58292 ,        3002 ,  0.0000000E+00 ,  1.3156088E-02
       58293 ,        3002 ,  0.0000000E+00 ,  1.4202392E-03
       58294 ,        3002 ,  0.0000000E+00 ,  5.0632944E-03
       58295 ,        3002 ,  0.0000000E+00 ,  6.0153622E-03
       58296 ,        3002 ,  0.0000000E+00 ,  3.3103540E-03
       58324 ,       26029 ,  0.0000000E+00 ,  4.6361487E-02
       58326 ,       26025 ,  0.0000000E+00 ,  3.9919843E-03
       58327 ,       26029 ,  0.0000000E+00 ,  3.7523188E-02
       58340 ,       26051 ,  0.0000000E+00 ,  4.3702360E-02
       58341 ,       26051 ,  0.0000000E+00 ,  3.7659973E-02
       58342 ,       26051 ,  0.0000000E+00 ,  5.1558547E-02
       58349 ,        8047 ,  0.0000000E+00 ,  0.1906578    
       58350 ,        8047 ,  0.0000000E+00 ,  8.1478283E-02
       58351 ,        8047 ,  0.0000000E+00 ,  0.1383435    
       58352 ,        8051 ,   1.000000     ,  0.1232854    
       58353 ,        8051 ,  0.0000000E+00 ,  0.1396114    
       58354 ,        8051 ,  0.0000000E+00 ,  8.9854322E-02
       58355 ,        8051 ,  0.0000000E+00 ,  5.6347255E-02
       58362 ,        8031 ,  0.0000000E+00 ,  6.2090911E-02
       58367 ,        8018 ,  0.0000000E+00 ,  8.2881823E-02
       58368 ,        8018 ,  0.0000000E+00 ,  0.2195396    
       58369 ,        8018 ,  0.8257039     ,  4.7630548E-02
       58370 ,        8026 ,  0.0000000E+00 ,  1.2568040E-02
       58371 ,        8026 ,  0.0000000E+00 ,  7.5928226E-02
       58372 ,        8026 ,  0.9434399     ,  0.2998421    
       58373 ,        8026 ,  0.0000000E+00 ,  0.1955593    
       58375 ,        8024 ,  0.0000000E+00 ,  0.1157974    
       58376 ,        8019 ,  0.0000000E+00 ,  9.8798126E-03
       58383 ,        8045 ,  0.1971886     ,  0.2652051    
       58384 ,        8045 ,  0.3217361     ,  0.1562355    
       58385 ,        8045 ,  0.0000000E+00 ,  2.7789444E-02
       58393 ,        8011 ,  0.0000000E+00 ,  1.2187253E-02
       58394 ,        8011 ,  0.0000000E+00 ,  1.4676385E-02
       58404 ,        5034 ,  0.0000000E+00 ,  3.5764258E-02
       58407 ,        5023 ,  0.0000000E+00 ,  1.3323698E-02
       58411 ,        5023 ,  0.0000000E+00 ,  7.4524470E-03
       58412 ,        5023 ,  0.0000000E+00 ,  7.3120850E-03
       58425 ,        5020 ,  0.0000000E+00 ,  3.2609109E-02
       58433 ,        5003 ,  0.0000000E+00 ,  0.1912734    
       58434 ,        5003 ,   1.000000     ,  0.8172308    
       58435 ,        5003 ,  0.0000000E+00 ,  0.2830384    
       58438 ,        5012 ,  0.0000000E+00 ,  8.5482791E-02
       58439 ,        5012 ,   1.000000     ,  0.1793651    
       58643 ,        3002 ,  0.3433634     ,  4.5274366E-03
       58644 ,        3002 ,  9.0070972E-03 ,  6.9284616E-03
       58649 ,        3002 ,  0.0000000E+00 ,  2.6798456E-03
       58650 ,        2001 ,  0.0000000E+00 ,  2.3449440E-03
       58676 ,       26029 ,  0.0000000E+00 ,  1.6616058E-02
       58677 ,       26029 ,  0.0000000E+00 ,  3.1735078E-02
       58680 ,       26029 ,  0.0000000E+00 ,  3.3886950E-02
       58693 ,       26051 ,  0.0000000E+00 ,  6.4442962E-02
       58695 ,       26051 ,  0.0000000E+00 ,  5.7767089E-02
       58702 ,        8047 ,  0.0000000E+00 ,  0.2004370    
       58706 ,        8051 ,  0.0000000E+00 ,  9.9909432E-02
       58711 ,        8031 ,  0.1126066     ,  0.0000000E+00
       58715 ,        8031 ,  0.0000000E+00 ,  6.1161019E-02
       58721 ,        8017 ,  8.0112763E-02 ,  6.6721678E-02
       58722 ,        8017 ,  9.5472015E-02 ,  0.1363110    
       58723 ,        8026 ,  0.0000000E+00 ,  0.3721076    
       58724 ,        8026 ,  0.0000000E+00 ,  0.2723090    
       58725 ,        8026 ,  0.0000000E+00 ,  0.1938305    
       58726 ,        8024 ,  0.0000000E+00 ,  8.5515022E-02
       58727 ,        8024 ,   1.000000     ,  0.2451034    
       58728 ,        8024 ,  0.0000000E+00 ,  0.3599604    
       58729 ,        8019 ,  0.0000000E+00 ,  6.7192349E-03
       58735 ,        8055 ,  1.8374955E-03 ,  0.3284483    
       58736 ,        8045 ,  0.0000000E+00 ,  0.1145138    
       58737 ,        8038 ,  0.9188735     ,  0.5119099    
       58738 ,        8038 ,  0.0000000E+00 ,  2.9207880E-02
       58747 ,        8011 ,  0.0000000E+00 ,  2.3844659E-02
       58760 ,        5023 ,  0.0000000E+00 ,  1.4143031E-02
       58764 ,        5023 ,  0.0000000E+00 ,  1.3385169E-02
       58777 ,        5020 ,  0.0000000E+00 ,  9.3539478E-03
       58778 ,        5020 ,  0.0000000E+00 ,  2.5518244E-02
       58786 ,        5019 ,  0.4566619     ,  0.1593300    
       58787 ,        5019 ,  0.5433381     ,  0.7174479    
       58788 ,        5022 ,  0.5461825     ,  0.1967799    
       58789 ,        5022 ,  0.0000000E+00 ,  7.0147067E-02
       58790 ,        5022 ,  0.0000000E+00 ,  9.7160079E-02
       58791 ,        5022 ,  0.0000000E+00 ,  2.8688841E-02
       58792 ,        5012 ,  0.0000000E+00 ,  6.4156510E-02
       58997 ,        2001 ,  0.0000000E+00 ,  5.7602837E-03
       59029 ,       26029 ,  0.0000000E+00 ,  4.6433747E-02
       59033 ,       26029 ,  0.0000000E+00 ,  2.2587372E-02
       59034 ,       26029 ,  0.0000000E+00 ,  9.7411564E-03
       59045 ,       26051 ,  0.0000000E+00 ,  1.4072887E-02
       59046 ,       26051 ,  0.0000000E+00 ,  5.4729477E-02
       59048 ,       26069 ,  0.0000000E+00 ,  2.5327833E-02
       59049 ,       26069 ,  0.0000000E+00 ,  3.1965073E-02
       59050 ,       26069 ,  0.0000000E+00 ,  1.4354848E-02
       59051 ,       26069 ,  0.0000000E+00 ,  0.1021894    
       59052 ,       26069 ,   1.000000     ,  4.9841080E-02
       59053 ,       26069 ,  0.0000000E+00 ,  7.1124189E-02
       59054 ,       26069 ,  0.0000000E+00 ,  7.8765191E-02
       59055 ,       26069 ,  0.0000000E+00 ,  8.5587084E-02
       59056 ,       26069 ,  0.0000000E+00 ,  3.1494096E-02
       59058 ,        8063 ,  0.0000000E+00 ,  3.8530670E-02
       59059 ,        8063 ,  0.0000000E+00 ,  0.1376267    
       59064 ,        8031 ,  1.3743477E-02 ,  0.0000000E+00
       59067 ,        8031 ,  0.0000000E+00 ,  6.1844613E-02
       59068 ,        8031 ,  0.0000000E+00 ,  0.1008677    
       59069 ,        8031 ,  0.0000000E+00 ,  8.6195394E-03
       59070 ,        8031 ,  0.0000000E+00 ,  1.7590018E-02
       59071 ,        8031 ,  0.0000000E+00 ,  5.8831386E-02
       59072 ,        8031 ,  0.0000000E+00 ,  6.9615602E-02
       59073 ,        8031 ,  0.0000000E+00 ,  5.8542211E-02
       59074 ,        8017 ,  0.2654194     ,  7.0415452E-02
       59075 ,        8017 ,  0.4049855     ,  0.1660845    
       59076 ,        8017 ,  5.3816710E-02 ,  9.5165208E-02
       59079 ,        8024 ,  0.0000000E+00 ,  0.1308147    
       59081 ,        8019 ,  0.0000000E+00 ,  1.0259002E-02
       59082 ,        8019 ,  0.0000000E+00 ,  3.8288597E-02
       59085 ,        8019 ,  0.0000000E+00 ,  1.2964549E-02
       59086 ,        8004 ,  0.0000000E+00 ,  0.5340595    
       59087 ,        8055 ,  0.0000000E+00 ,  0.3824097    
       59088 ,        8055 ,  0.0000000E+00 ,  2.3430353E-04
       59090 ,        8038 ,  8.1126519E-02 ,  0.0000000E+00
       59091 ,        8038 ,  0.0000000E+00 ,  0.1042856    
       59092 ,        8038 ,  0.0000000E+00 ,  0.1344505    
       59093 ,        8038 ,  0.0000000E+00 ,  0.1267430    
       59094 ,        8038 ,  0.0000000E+00 ,  1.4438437E-03
       59095 ,        8038 ,  0.0000000E+00 ,  7.3930539E-02
       59100 ,        8011 ,  0.0000000E+00 ,  7.4105402E-03
       59101 ,        8011 ,  0.0000000E+00 ,  1.5345944E-02
       59113 ,        5023 ,  0.0000000E+00 ,  5.8881060E-04
       59114 ,        5023 ,  0.0000000E+00 ,  1.4448133E-02
       59117 ,        5023 ,  0.0000000E+00 ,  1.5025370E-02
       59120 ,        5023 ,  0.0000000E+00 ,  2.5702941E-05
       59128 ,        5020 ,  0.0000000E+00 ,  2.2304859E-02
       59129 ,        5020 ,  0.0000000E+00 ,  3.2898139E-02
       59130 ,        5020 ,  0.0000000E+00 ,  5.1149592E-02
       59131 ,        5020 ,  0.0000000E+00 ,  5.3081699E-02
       59132 ,        5038 ,  0.0000000E+00 ,  0.1068950    
       59133 ,        5038 ,  0.0000000E+00 ,  3.5423844E-03
       59137 ,        5038 ,  0.0000000E+00 ,  2.6294141E-04
       59138 ,        5038 ,  0.0000000E+00 ,  3.1807800E-03
       59139 ,        5038 ,   1.000000     ,  0.1310975    
       59141 ,        5022 ,  0.0000000E+00 ,  0.1089456    
       59142 ,        5022 ,  0.0000000E+00 ,  7.7775024E-02
       59144 ,        5012 ,  0.0000000E+00 ,  9.0391546E-02
       59337 ,        2001 ,  0.0000000E+00 ,  1.7724346E-03
       59350 ,        2001 ,  0.0000000E+00 ,  5.2824109E-03
       59361 ,        2001 ,  0.0000000E+00 ,  9.1490010E-04
       59379 ,       26030 ,  0.0000000E+00 ,  7.5682835E-03
       59380 ,       26030 ,  0.0000000E+00 ,  1.0062607E-02
       59381 ,       26030 ,  0.0000000E+00 ,  9.9663474E-03
       59382 ,       26029 ,  0.0000000E+00 ,  5.9907448E-02
       59387 ,       26029 ,  0.0000000E+00 ,  5.5787847E-03
       59388 ,       26029 ,  0.0000000E+00 ,  6.0313735E-03
       59394 ,       26062 ,  0.0000000E+00 ,  0.2102853    
       59395 ,       26062 ,   1.000000     ,  0.1452820    
       59398 ,       26051 ,  0.0000000E+00 ,  2.5789721E-02
       59399 ,       26051 ,  0.0000000E+00 ,  3.7777521E-02
       59401 ,       26069 ,  0.0000000E+00 ,  2.6631998E-02
       59402 ,       26069 ,  0.0000000E+00 ,  0.1317290    
       59403 ,       26069 ,  0.0000000E+00 ,  5.1378012E-02
       59407 ,       26069 ,  0.0000000E+00 ,  4.9551050E-03
       59408 ,       26069 ,  0.0000000E+00 ,  7.6868297E-03
       59409 ,       26069 ,  0.0000000E+00 ,  4.1300751E-02
       59410 ,        8063 ,  0.0000000E+00 ,  0.1715667    
       59411 ,        8063 ,  0.0000000E+00 ,  0.1045064    
       59421 ,        8031 ,  7.3293112E-02 ,  3.3031829E-02
       59422 ,        8031 ,  0.1776923     ,  6.6153899E-02
       59423 ,        8031 ,  0.3036799     ,  8.3082810E-02
       59424 ,        8031 ,  0.0000000E+00 ,  7.4815187E-03
       59429 ,        8017 ,  0.1001936     ,  5.9472114E-02
       59430 ,        8054 ,  0.0000000E+00 ,  9.3424685E-02
       59431 ,        8054 ,  0.4764791     ,  0.1818300    
       59432 ,        8054 ,  0.5235210     ,  8.7694958E-02
       59435 ,        8019 ,  6.3356850E-03 ,  4.0761024E-02
       59436 ,        8019 ,  9.7956248E-03 ,  3.3382631E-03
       59437 ,        8019 ,  1.9467372E-02 ,  0.1242942    
       59438 ,        8004 ,  0.0000000E+00 ,  0.5207034    
       59446 ,        8038 ,  0.0000000E+00 ,  8.6984597E-03
       59447 ,        8038 ,  0.0000000E+00 ,  0.1255125    
       59454 ,        8011 ,  0.0000000E+00 ,  2.1616861E-02
       59467 ,        5023 ,  0.0000000E+00 ,  1.4816548E-02
       59468 ,        5023 ,  0.0000000E+00 ,  7.6502492E-03
       59469 ,        5023 ,  0.0000000E+00 ,  8.7310374E-03
       59470 ,        5023 ,  0.0000000E+00 ,  2.1311291E-02
       59479 ,        5020 ,  0.0000000E+00 ,  3.0759647E-02
       59480 ,        5020 ,  0.0000000E+00 ,  3.2693010E-02
       59481 ,        5020 ,  0.0000000E+00 ,  9.3301851E-03
       59483 ,        5038 ,  0.0000000E+00 ,  3.0006213E-02
       59484 ,        5038 ,  0.0000000E+00 ,  4.0845979E-02
       59491 ,        5038 ,  0.0000000E+00 ,  2.6844598E-02
       59492 ,        5038 ,  0.0000000E+00 ,  9.0124369E-02
       59495 ,        5022 ,  0.0000000E+00 ,  9.5439672E-02
       59496 ,        5022 ,  0.1239994     ,  0.1712147    
       59497 ,        5022 ,  0.0000000E+00 ,  5.4882523E-02
       59690 ,        2001 ,  0.0000000E+00 ,  3.3358636E-04
       59703 ,        2001 ,  0.0000000E+00 ,  5.2651861E-03
       59714 ,        2001 ,  0.0000000E+00 ,  1.6688667E-03
       59715 ,        2001 ,  0.0000000E+00 ,  9.4876466E-03
       59732 ,       26030 ,  0.0000000E+00 ,  1.0542594E-02
       59735 ,       26030 ,  0.0000000E+00 ,  1.9328639E-02
       59747 ,       26062 ,  0.0000000E+00 ,  0.4709080    
       59752 ,       26044 ,   1.000000     ,  0.4016876    
       59753 ,       26044 ,  0.0000000E+00 ,  0.3158923    
       59754 ,       26069 ,  0.0000000E+00 ,  3.0509286E-02
       59755 ,       26069 ,  0.0000000E+00 ,  1.0299865E-02
       59756 ,       26069 ,  0.0000000E+00 ,  8.3991334E-02
       59758 ,       26069 ,  0.0000000E+00 ,  2.8914414E-02
       59773 ,        8031 ,  0.0000000E+00 ,  2.8331783E-02
       59774 ,        8031 ,  0.3189846     ,  7.4945532E-02
       59775 ,        8031 ,  0.0000000E+00 ,  8.5391235E-03
       59777 ,        8031 ,  0.0000000E+00 ,  2.5271650E-03
       59783 ,        8054 ,  0.0000000E+00 ,  5.9490718E-02
       59784 ,        8054 ,  0.0000000E+00 ,  7.1908221E-02
       59788 ,        8019 ,  9.6062794E-03 ,  0.0000000E+00
       59789 ,        8019 ,  0.2656376     ,  6.5342791E-02
       59790 ,        8019 ,  0.2361516     ,  9.0839326E-02
       59791 ,        8004 ,  0.9651229     ,  0.2834858    
       59792 ,        8004 ,  0.0000000E+00 ,  0.1819936    
       59807 ,        8011 ,  0.0000000E+00 ,  2.2049218E-02
       59820 ,        5023 ,  0.0000000E+00 ,  2.1827506E-02
       59821 ,        5023 ,  0.0000000E+00 ,  9.6876398E-03
       59822 ,        5023 ,  0.0000000E+00 ,  5.1373430E-03
       59823 ,        5023 ,  0.0000000E+00 ,  4.4490746E-04
       59829 ,        5020 ,  0.0000000E+00 ,  2.1644058E-02
       59830 ,        5020 ,  0.0000000E+00 ,  4.3590374E-02
       59831 ,        5020 ,  0.0000000E+00 ,  4.3471795E-02
       59832 ,        5020 ,  0.0000000E+00 ,  4.8718294E-03
       59845 ,        5038 ,  0.0000000E+00 ,  6.0970742E-02
       59849 ,        5025 ,  0.6167300     ,  0.3798490    
       59850 ,        5025 ,  4.4301767E-02 ,  0.0000000E+00
       60055 ,        2001 ,  0.0000000E+00 ,  9.6274703E-04
       60056 ,        2001 ,  0.0000000E+00 ,  7.9942085E-03
       60065 ,        2001 ,  0.0000000E+00 ,  1.4704173E-04
       60066 ,        2001 ,  0.0000000E+00 ,  6.9363229E-03
       60067 ,        2001 ,  0.0000000E+00 ,  8.2737394E-03
       60068 ,        2001 ,  0.0000000E+00 ,  5.2631851E-03
       60084 ,       26030 ,  0.0000000E+00 ,  8.4185246E-03
       60085 ,       26030 ,  0.0000000E+00 ,  1.3202329E-03
       60088 ,       26030 ,  0.0000000E+00 ,  2.4471730E-02
       60089 ,       26030 ,  0.0000000E+00 ,  2.6707989E-03
       60100 ,       26062 ,  0.0000000E+00 ,  0.4702411    
       60102 ,       26054 ,  0.8941250     ,  0.4880859    
       60103 ,       26054 ,  0.1058750     ,  0.3694129    
       60104 ,       26061 ,  0.0000000E+00 ,  0.1742733    
       60105 ,       26061 ,  0.0000000E+00 ,  0.1004286    
       60109 ,       26052 ,  0.0000000E+00 ,  8.9406952E-02
       60111 ,       26052 ,  0.0000000E+00 ,  7.1607269E-02
       60126 ,        8031 ,  0.0000000E+00 ,  6.0466096E-02
       60136 ,        8054 ,  0.0000000E+00 ,  0.1226164    
       60141 ,        8019 ,  4.1123502E-02 ,  8.7241624E-03
       60142 ,        8019 ,  0.2236512     ,  4.7020625E-02
       60143 ,        8019 ,  0.1057504     ,  3.0220529E-02
       60144 ,        8019 ,  6.9374009E-03 ,  0.0000000E+00
       60160 ,        8052 ,  0.0000000E+00 ,  5.2209105E-02
       60172 ,        5023 ,  0.0000000E+00 ,  4.2139989E-04
       60173 ,        5023 ,  0.0000000E+00 ,  1.0338793E-02
       60179 ,        5023 ,  0.0000000E+00 ,  1.0853359E-02
       60180 ,        5020 ,  0.0000000E+00 ,  3.1743202E-02
       60181 ,        5020 ,  0.0000000E+00 ,  4.0787365E-02
       60182 ,        5020 ,  0.0000000E+00 ,  1.0157215E-02
       60183 ,        5020 ,  0.0000000E+00 ,  3.1519528E-02
       60196 ,        5038 ,  0.0000000E+00 ,  6.3113622E-02
       60197 ,        5038 ,  0.0000000E+00 ,  3.2210879E-02
       60198 ,        5038 ,  0.0000000E+00 ,  8.2760058E-02
       60201 ,        5025 ,  0.0000000E+00 ,  1.2575203E-02
       60202 ,        5025 ,  0.3243348     ,  0.3381762    
       60203 ,        5025 ,  1.4633445E-02 ,  1.0309656E-02
       60409 ,        2001 ,  0.0000000E+00 ,  5.3851935E-03
       60418 ,        2001 ,  0.0000000E+00 ,  6.4056953E-03
       60437 ,       26030 ,  0.0000000E+00 ,  1.7363977E-02
       60438 ,       26030 ,  0.0000000E+00 ,  1.2127353E-02
       60441 ,       26030 ,  0.0000000E+00 ,  1.0581750E-02
       60442 ,       26030 ,  0.0000000E+00 ,  9.9555161E-03
       60450 ,       26021 ,  0.0000000E+00 ,  3.0124839E-02
       60451 ,       26021 ,  0.0000000E+00 ,  5.9290409E-02
       60452 ,       26021 ,  0.0000000E+00 ,  5.6048874E-02
       60453 ,       26021 ,  0.0000000E+00 ,  8.3376817E-02
       60454 ,       26054 ,  0.0000000E+00 ,  0.3095929    
       60455 ,       26054 ,  0.0000000E+00 ,  0.1456550    
       60457 ,       26061 ,  0.0000000E+00 ,  0.1004665    
       60460 ,       26009 ,  0.0000000E+00 ,  0.1065029    
       60462 ,       26052 ,  0.0000000E+00 ,  0.1016520    
       60464 ,       26052 ,  0.0000000E+00 ,  7.1209803E-02
       60478 ,        8031 ,  0.0000000E+00 ,  6.5759316E-02
       60479 ,        8031 ,  0.0000000E+00 ,  2.8542429E-02
       60482 ,        8006 ,  0.5233817     ,  9.4381176E-02
       60483 ,        8006 ,  0.2987251     ,  6.5917224E-02
       60484 ,        8017 ,  0.0000000E+00 ,  5.6940805E-02
       60485 ,        8017 ,  0.0000000E+00 ,  6.1504032E-02
       60486 ,        8054 ,  0.0000000E+00 ,  0.1054349    
       60487 ,        8054 ,  0.0000000E+00 ,  4.7542457E-02
       60488 ,        8054 ,  0.0000000E+00 ,  3.8211703E-02
       60489 ,        8054 ,  0.0000000E+00 ,  2.8942231E-02
       60491 ,        8019 ,  0.0000000E+00 ,  5.4951371E-03
       60494 ,        8019 ,  3.1840235E-02 ,  3.7241228E-02
       60495 ,        8019 ,  4.3703038E-02 ,  0.0000000E+00
       60496 ,        8002 ,  0.1046300     ,  3.7766512E-02
       60497 ,        8002 ,  1.3022243E-02 ,  3.9751288E-02
       60513 ,        8052 ,  0.0000000E+00 ,  5.2213114E-02
       60531 ,        5023 ,  0.0000000E+00 ,  6.6592372E-03
       60532 ,        5023 ,  0.0000000E+00 ,  8.8529866E-03
       60536 ,        5020 ,  0.0000000E+00 ,  3.3428635E-02
       60551 ,        5014 ,  0.0000000E+00 ,  5.4838225E-02
       60554 ,        5025 ,  0.0000000E+00 ,  0.2150381    
       60762 ,        2001 ,  0.0000000E+00 ,  5.5783680E-03
       60771 ,        2001 ,  0.0000000E+00 ,  3.8156670E-03
       60772 ,        2001 ,  0.0000000E+00 ,  2.2743822E-03
       60790 ,       26030 ,  0.0000000E+00 ,  9.6204542E-03
       60791 ,       26030 ,  0.0000000E+00 ,  1.1021681E-02
       60792 ,       26030 ,  0.0000000E+00 ,  2.2467705E-03
       60795 ,       26030 ,  0.0000000E+00 ,  2.0641517E-02
       60802 ,       26021 ,  0.0000000E+00 ,  5.9159666E-02
       60803 ,       26021 ,  0.0000000E+00 ,  5.2621249E-02
       60809 ,       26061 ,  0.0000000E+00 ,  5.6713503E-03
       60810 ,       26061 ,   1.000000     ,  0.1016755    
       60813 ,       26009 ,  0.0000000E+00 ,  0.1305774    
       60815 ,       26052 ,  0.0000000E+00 ,  7.8811124E-02
       60817 ,       26052 ,  0.0000000E+00 ,  7.5679503E-02
       60830 ,        8043 ,  0.9800001     ,  0.3719670    
       60831 ,        8043 ,  0.0000000E+00 ,  6.5564319E-02
       60835 ,        8006 ,  0.1177272     ,  0.2442655    
       60836 ,        8006 ,  6.0165931E-02 ,  6.0930144E-02
       60837 ,        8017 ,  0.0000000E+00 ,  4.7008819E-03
       60840 ,        8054 ,  0.0000000E+00 ,  9.3084887E-02
       60841 ,        8054 ,  0.0000000E+00 ,  2.4723655E-02
       60844 ,        8019 ,  0.0000000E+00 ,  3.6487221E-03
       60845 ,        8019 ,  0.0000000E+00 ,  1.0795318E-02
       60846 ,        8019 ,  0.0000000E+00 ,  1.3334809E-02
       60847 ,        8019 ,  0.0000000E+00 ,  4.1867942E-02
       60850 ,        8002 ,  0.8823478     ,  4.1989107E-02
       60851 ,        8002 ,  0.0000000E+00 ,  6.7745954E-02
       60852 ,        8002 ,  0.0000000E+00 ,  3.1149641E-02
       60866 ,        8052 ,  0.0000000E+00 ,  5.2860633E-02
       60884 ,        5023 ,  0.0000000E+00 ,  1.4750589E-02
       60888 ,        5020 ,  0.0000000E+00 ,  1.8267909E-02
       60889 ,        5020 ,  0.0000000E+00 ,  1.4016406E-02
       60904 ,        5014 ,  0.0000000E+00 ,  5.5045098E-02
       60907 ,        5014 ,  0.0000000E+00 ,  6.6063516E-02
       61115 ,        2001 ,  0.0000000E+00 ,  5.8464585E-03
       61123 ,        2001 ,  0.0000000E+00 ,  2.5119262E-03
       61124 ,        2001 ,  0.0000000E+00 ,  5.9534642E-03
       61125 ,        2001 ,  0.0000000E+00 ,  4.3516057E-03
       61140 ,       26030 ,  0.0000000E+00 ,  7.0834509E-04
       61143 ,       26030 ,  0.0000000E+00 ,  1.6789597E-02
       61144 ,       26030 ,  0.0000000E+00 ,  8.9230221E-03
       61145 ,       26030 ,  0.0000000E+00 ,  1.2219433E-02
       61148 ,       26030 ,  0.0000000E+00 ,  2.0140948E-02
       61150 ,       26021 ,  0.0000000E+00 ,  1.2580104E-02
       61152 ,       26021 ,  0.2994916     ,  1.0378073E-02
       61153 ,       26021 ,  0.7005085     ,  6.5170377E-02
       61154 ,       26021 ,  0.0000000E+00 ,  6.2412661E-02
       61155 ,       26021 ,  0.0000000E+00 ,  7.6781422E-02
       61162 ,       26061 ,  0.0000000E+00 ,  0.1134533    
       61165 ,       26009 ,  0.0000000E+00 ,  2.7300540E-02
       61166 ,       26009 ,  0.0000000E+00 ,  0.1421227    
       61168 ,       26005 ,  0.0000000E+00 ,  0.1796266    
       61169 ,       26005 ,  0.0000000E+00 ,  0.1343859    
       61170 ,       26005 ,  0.0000000E+00 ,  0.1756576    
       61178 ,        8040 ,  0.0000000E+00 ,  2.6059251E-02
       61183 ,        8043 ,  1.9999858E-02 ,  0.1153977    
       61187 ,        8006 ,  0.0000000E+00 ,  1.0113383E-02
       61188 ,        8006 ,  0.0000000E+00 ,  0.2310554    
       61194 ,        8054 ,  0.0000000E+00 ,  0.1343741    
       61199 ,        8019 ,  0.0000000E+00 ,  4.1098557E-02
       61200 ,        8019 ,  0.0000000E+00 ,  1.0033513E-03
       61205 ,        8002 ,  0.0000000E+00 ,  5.5593498E-02
       61206 ,        8002 ,  0.0000000E+00 ,  3.2238826E-02
       61209 ,        8002 ,  0.0000000E+00 ,  1.0111893E-02
       61210 ,        8002 ,  0.0000000E+00 ,  1.3539084E-02
       61218 ,        8052 ,  0.0000000E+00 ,  4.0788185E-02
       61219 ,        8052 ,  0.0000000E+00 ,  1.2741492E-02
       61226 ,        8042 ,  0.0000000E+00 ,  6.6388756E-02
       61237 ,        5023 ,  0.0000000E+00 ,  9.0916744E-03
       61241 ,        5020 ,  0.0000000E+00 ,  1.4919060E-02
       61242 ,        5020 ,  0.0000000E+00 ,  1.6896438E-02
       61257 ,        5014 ,  0.2798834     ,  6.8400495E-02
       61258 ,        5014 ,  0.0000000E+00 ,  6.0722820E-02
       61259 ,        5014 ,  0.0000000E+00 ,  7.3109403E-02
       61260 ,        5014 ,  0.0000000E+00 ,  6.8934843E-02
       61468 ,        2001 ,  0.0000000E+00 ,  6.4757029E-03
       61474 ,        2001 ,  0.0000000E+00 ,  2.7117834E-03
       61475 ,        2001 ,  0.0000000E+00 ,  5.6802477E-03
       61476 ,        2001 ,  0.0000000E+00 ,  4.1547599E-03
       61493 ,       26030 ,  0.0000000E+00 ,  9.6211517E-03
       61494 ,       26030 ,  0.0000000E+00 ,  1.8468992E-03
       61495 ,       26030 ,  0.0000000E+00 ,  5.5790949E-03
       61496 ,       26030 ,  3.1976318E-03 ,  1.6097702E-02
       61497 ,       26030 ,  0.0000000E+00 ,  5.6447843E-03
       61498 ,       26030 ,  0.0000000E+00 ,  1.1232302E-02
       61499 ,       26030 ,  0.0000000E+00 ,  1.1119774E-02
       61501 ,       26030 ,  0.0000000E+00 ,  1.9417820E-02
       61503 ,       26021 ,  0.0000000E+00 ,  2.9477198E-02
       61504 ,       26021 ,  0.0000000E+00 ,  6.0627975E-02
       61505 ,       26021 ,  0.0000000E+00 ,  5.4054487E-02
       61508 ,       26021 ,  0.0000000E+00 ,  5.1931880E-02
       61509 ,       26021 ,  0.0000000E+00 ,  5.9601597E-02
       61510 ,       26021 ,  0.0000000E+00 ,  1.0145019E-02
       61512 ,       26068 ,  0.0000000E+00 ,  7.0417635E-02
       61513 ,       26068 ,  0.0000000E+00 ,  0.1860541    
       61514 ,       26061 ,  0.0000000E+00 ,  0.1163083    
       61515 ,       26061 ,  0.0000000E+00 ,  6.1859738E-02
       61516 ,       26061 ,  0.0000000E+00 ,  2.2873875E-02
       61517 ,       26009 ,  0.0000000E+00 ,  2.3918282E-02
       61518 ,       26009 ,  0.0000000E+00 ,  0.1339466    
       61521 ,       26005 ,   1.000000     ,  0.3582392    
       61522 ,       26005 ,  0.0000000E+00 ,  0.1522912    
       61531 ,        8040 ,  0.0000000E+00 ,  6.5824829E-02
       61535 ,        8063 ,  0.8638139     ,  9.3586326E-02
       61536 ,        8063 ,  0.1361862     ,  2.8103761E-02
       61539 ,        8048 ,  4.4612624E-02 ,  1.3804832E-03
       61540 ,        8048 ,  0.0000000E+00 ,  0.1418333    
       61547 ,        8054 ,  0.0000000E+00 ,  9.0043806E-02
       61552 ,        8019 ,  0.0000000E+00 ,  3.0544039E-02
       61559 ,        8002 ,  0.0000000E+00 ,  7.2894126E-02
       61560 ,        8002 ,  0.0000000E+00 ,  1.3454640E-02
       61561 ,        8002 ,  0.0000000E+00 ,  3.1073669E-02
       61562 ,        8002 ,  0.0000000E+00 ,  3.6314901E-02
       61571 ,        8052 ,  0.0000000E+00 ,  5.3518169E-02
       61578 ,        8042 ,  0.4476968     ,  0.1465388    
       61579 ,        8042 ,  0.0000000E+00 ,  0.1871086    
       61590 ,        5023 ,  0.0000000E+00 ,  3.9133374E-04
       61594 ,        5002 ,  0.0000000E+00 ,  7.1870409E-02
       61608 ,        5014 ,  0.0000000E+00 ,  2.5543908E-02
       61609 ,        5014 ,  0.0000000E+00 ,  9.6223570E-02
       61610 ,        5014 ,  0.1859534     ,  5.8678322E-02
       61612 ,        5014 ,  0.0000000E+00 ,  2.1927124E-02
       61613 ,        5014 ,  0.5341632     ,  4.3693047E-02
       61820 ,        2001 ,  0.0000000E+00 ,  2.4710926E-03
       61821 ,        2001 ,  0.0000000E+00 ,  4.1865101E-03
       61827 ,        2001 ,  0.0000000E+00 ,  6.3500926E-03
       61843 ,       26030 ,  1.4423091E-02 ,  6.1937254E-03
       61844 ,       26030 ,  1.9260008E-02 ,  1.0955455E-02
       61845 ,       26030 ,  0.0000000E+00 ,  9.6151326E-03
       61846 ,       26030 ,  0.0000000E+00 ,  1.9246455E-02
       61847 ,       26030 ,  0.0000000E+00 ,  7.7690161E-03
       61848 ,       26030 ,  3.8952122E-03 ,  7.9373773E-03
       61849 ,       26030 ,  3.2418843E-02 ,  2.2896711E-02
       61850 ,       26030 ,  0.0000000E+00 ,  1.9356972E-02
       61851 ,       26030 ,  0.0000000E+00 ,  1.3781605E-02
       61852 ,       26030 ,  0.0000000E+00 ,  3.5464088E-03
       61853 ,       26030 ,  0.0000000E+00 ,  9.1475686E-03
       61854 ,       26030 ,  0.0000000E+00 ,  5.4952991E-03
       61855 ,       26030 ,  0.0000000E+00 ,  1.4523713E-02
       61856 ,       26030 ,  0.0000000E+00 ,  1.7043544E-02
       61857 ,       26021 ,  0.0000000E+00 ,  7.6359790E-03
       61862 ,       26021 ,  0.0000000E+00 ,  6.6801300E-03
       61863 ,       26021 ,  0.0000000E+00 ,  8.9790449E-02
       61864 ,       26037 ,  0.0000000E+00 ,  0.2257873    
       61865 ,       26068 ,  0.0000000E+00 ,  0.1248195    
       61868 ,       26061 ,  0.0000000E+00 ,  0.1021742    
       61869 ,       26061 ,  0.0000000E+00 ,  0.1369844    
       61870 ,       26009 ,  0.0000000E+00 ,  9.9065311E-02
       61871 ,       26009 ,   1.000000     ,  0.2247636    
       61872 ,       26052 ,  0.0000000E+00 ,  7.4890316E-02
       61873 ,       26052 ,  0.0000000E+00 ,  9.8908328E-02
       61874 ,       26052 ,  0.0000000E+00 ,  4.6734452E-02
       61875 ,       26052 ,  0.0000000E+00 ,  4.0141340E-02
       61876 ,       26052 ,  0.0000000E+00 ,  6.4145587E-02
       61877 ,       26052 ,  0.0000000E+00 ,  6.8300217E-02
       61878 ,       26052 ,  0.0000000E+00 ,  8.3939463E-02
       61884 ,        8040 ,  0.0000000E+00 ,  4.6433337E-02
       61888 ,        8063 ,  0.0000000E+00 ,  0.1318100    
       61892 ,        8048 ,  0.2302262     ,  0.1404347    
       61893 ,        8048 ,  0.0000000E+00 ,  0.1213236    
       61900 ,        8054 ,  0.0000000E+00 ,  3.5480481E-02
       61904 ,        8019 ,  0.0000000E+00 ,  2.1681342E-02
       61905 ,        8019 ,  0.0000000E+00 ,  1.4994937E-02
       61913 ,        8002 ,  0.0000000E+00 ,  8.8484943E-02
       61914 ,        8002 ,  0.0000000E+00 ,  3.6582287E-02
       61915 ,        8002 ,  0.0000000E+00 ,  8.3243689E-03
       61924 ,        8052 ,  0.0000000E+00 ,  3.6026686E-02
       61925 ,        8052 ,  0.0000000E+00 ,  2.4731081E-02
       61930 ,        8042 ,  0.0000000E+00 ,  8.2017146E-02
       61931 ,        8042 ,  0.5523033     ,  6.7870162E-02
       61946 ,        5002 ,  0.0000000E+00 ,  8.2788609E-02
       61947 ,        5002 ,  0.0000000E+00 ,  2.3629102E-03
       61962 ,        5014 ,  0.0000000E+00 ,  6.5362252E-02
       61963 ,        5014 ,  0.0000000E+00 ,  0.1141543    
       61964 ,        5014 ,  0.0000000E+00 ,  1.5192756E-02
       61965 ,        5014 ,  0.0000000E+00 ,  6.1497554E-02
       62171 ,        2001 ,  0.0000000E+00 ,  2.3523096E-03
       62173 ,        2001 ,  0.0000000E+00 ,  5.4857275E-03
       62180 ,        2001 ,  0.0000000E+00 ,  5.3625647E-03
       62195 ,       26030 ,  0.0000000E+00 ,  4.2484072E-04
       62196 ,       26030 ,  0.0000000E+00 ,  4.3006237E-03
       62198 ,       26030 ,  0.0000000E+00 ,  1.1224791E-03
       62199 ,       26030 ,  0.0000000E+00 ,  1.9328827E-02
       62200 ,       26030 ,  0.0000000E+00 ,  1.5683550E-02
       62201 ,       26030 ,  0.0000000E+00 ,  5.9287790E-03
       62202 ,       26030 ,  0.0000000E+00 ,  9.6192108E-03
       62204 ,       26030 ,  0.0000000E+00 ,  5.3297654E-03
       62205 ,       26030 ,  0.0000000E+00 ,  1.1258904E-02
       62206 ,       26030 ,  0.0000000E+00 ,  7.8368159E-03
       62207 ,       26030 ,  2.7399220E-02 ,  2.1241676E-02
       62208 ,       26030 ,  7.7635571E-02 ,  2.4370287E-02
       62209 ,       26030 ,  0.0000000E+00 ,  1.3076656E-02
       62210 ,       26030 ,  0.0000000E+00 ,  1.0240369E-02
       62211 ,       26030 ,  0.0000000E+00 ,  4.0555117E-03
       62212 ,       26066 ,  0.0000000E+00 ,  9.5831035E-03
       62213 ,       26030 ,  0.0000000E+00 ,  1.0499391E-02
       62214 ,       26037 ,  0.0000000E+00 ,  0.1793877    
       62215 ,       26037 ,  0.0000000E+00 ,  0.1689227    
       62216 ,       26037 ,   1.000000     ,  0.2181488    
       62217 ,       26068 ,  0.0000000E+00 ,  0.1959075    
       62218 ,       26068 ,  0.0000000E+00 ,  5.6879606E-02
       62226 ,       26052 ,   1.000000     ,  2.9175598E-02
       62227 ,       26052 ,  0.0000000E+00 ,  4.2782109E-02
       62228 ,       26052 ,  0.0000000E+00 ,  6.7824140E-02
       62229 ,       26052 ,  0.0000000E+00 ,  2.0546408E-02
       62230 ,       26052 ,  0.0000000E+00 ,  2.2739384E-02
       62237 ,        8040 ,  0.0000000E+00 ,  2.6873216E-02
       62238 ,        8040 ,  0.0000000E+00 ,  3.9745074E-02
       62239 ,        8040 ,  0.0000000E+00 ,  5.2951900E-03
       62240 ,        8063 ,  0.0000000E+00 ,  3.9138976E-02
       62241 ,        8063 ,  0.0000000E+00 ,  0.1267064    
       62244 ,        8048 ,  0.0000000E+00 ,  0.1490351    
       62245 ,        8048 ,  0.0000000E+00 ,  4.9618934E-03
       62246 ,        8048 ,  0.2971935     ,  0.1130432    
       62257 ,        8019 ,  0.0000000E+00 ,  3.0442283E-02
       62267 ,        8002 ,  0.0000000E+00 ,  8.9276135E-02
       62268 ,        8002 ,  0.0000000E+00 ,  4.7612533E-02
       62278 ,        8052 ,  0.0000000E+00 ,  5.9437778E-02
       62280 ,        8042 ,  0.0000000E+00 ,  8.3873935E-02
       62281 ,        8042 ,  0.0000000E+00 ,  0.1372807    
       62282 ,        8042 ,  0.0000000E+00 ,  0.1350906    
       62283 ,        8042 ,  0.0000000E+00 ,  7.6902665E-02
       62299 ,        5002 ,  0.0000000E+00 ,  5.9642471E-02
       62308 ,        5038 ,  0.0000000E+00 ,  2.2486399E-03
       62309 ,        5038 ,  0.0000000E+00 ,  7.4165426E-02
       62310 ,        5038 ,  0.0000000E+00 ,  7.0746630E-02
       62311 ,        5038 ,  0.0000000E+00 ,  6.0996160E-02
       62312 ,        5038 ,  0.0000000E+00 ,  6.2542357E-02
       62313 ,        5002 ,  0.0000000E+00 ,  5.4892115E-02
       62316 ,        5002 ,  0.0000000E+00 ,  5.6049876E-02
       62317 ,        5002 ,  0.0000000E+00 ,  4.4702258E-02
       62523 ,        2001 ,  0.0000000E+00 ,  3.8611898E-03
       62524 ,        2001 ,  0.0000000E+00 ,  4.7967164E-03
       62526 ,        2001 ,  0.0000000E+00 ,  6.1677056E-03
       62532 ,        2001 ,  0.0000000E+00 ,  1.2881376E-03
       62533 ,        2001 ,  0.0000000E+00 ,  4.6826433E-03
       62548 ,       26030 ,  0.0000000E+00 ,  6.9927932E-03
       62552 ,       26030 ,  0.0000000E+00 ,  9.9620149E-03
       62555 ,       26030 ,  0.0000000E+00 ,  4.4767694E-03
       62558 ,       26030 ,  0.0000000E+00 ,  6.0997083E-04
       62559 ,       26030 ,  2.9519380E-03 ,  1.2635424E-02
       62560 ,       26030 ,  0.2700214     ,  1.7200876E-02
       62561 ,       26030 ,  0.2230798     ,  4.3395288E-02
       62562 ,       26030 ,  0.0000000E+00 ,  9.6862391E-03
       62563 ,       26030 ,  0.0000000E+00 ,  1.6069486E-03
       62564 ,       26030 ,  0.0000000E+00 ,  5.6047966E-03
       62565 ,       26030 ,  0.0000000E+00 ,  9.6505089E-03
       62571 ,       26068 ,   1.000000     ,  0.1509083    
       62572 ,       26068 ,  0.0000000E+00 ,  4.7756091E-02
       62591 ,        8040 ,  0.6078089     ,  6.0968094E-02
       62594 ,        8040 ,  0.0000000E+00 ,  8.0486849E-02
       62595 ,        8063 ,  0.0000000E+00 ,  0.1163765    
       62596 ,        8025 ,  0.0000000E+00 ,  0.2575647    
       62597 ,        8025 ,  0.0000000E+00 ,  6.3285835E-02
       62599 ,        8048 ,  0.4279677     ,  0.1384173    
       62600 ,        8048 ,  0.0000000E+00 ,  7.8260131E-02
       62610 ,        8019 ,  0.0000000E+00 ,  3.6107142E-02
       62620 ,        8002 ,  0.0000000E+00 ,  7.0086211E-02
       62621 ,        8002 ,  0.0000000E+00 ,  5.1850356E-02
       62622 ,        8002 ,  0.0000000E+00 ,  3.1861588E-02
       62631 ,        8052 ,  0.0000000E+00 ,  3.7882607E-02
       62632 ,        8052 ,  0.0000000E+00 ,  5.7876319E-02
       62633 ,        8042 ,  0.0000000E+00 ,  5.3399082E-02
       62650 ,        5002 ,  0.0000000E+00 ,  1.4563547E-02
       62651 ,        5002 ,  0.0000000E+00 ,  8.4645927E-02
       62652 ,        5002 ,  0.0000000E+00 ,  6.3727284E-03
       62660 ,        5002 ,  0.0000000E+00 ,  7.1317904E-02
       62661 ,        5038 ,  0.0000000E+00 ,  6.2768750E-02
       62666 ,        5002 ,  0.0000000E+00 ,  1.0550968E-02
       62667 ,        5002 ,  0.0000000E+00 ,  6.3146621E-02
       62668 ,        5002 ,  0.3627844     ,  8.4208176E-02
       62669 ,        5002 ,  0.6372156     ,  5.8113113E-02
       62875 ,        2001 ,  0.0000000E+00 ,  2.4755164E-03
       62876 ,        2001 ,  0.0000000E+00 ,  5.7642600E-03
       62879 ,        2001 ,  0.0000000E+00 ,  5.5190823E-03
       62883 ,        2001 ,  0.0000000E+00 ,  3.2668870E-03
       62884 ,        2001 ,  0.0000000E+00 ,  5.7438682E-03
       62885 ,        2001 ,  0.0000000E+00 ,  7.7533377E-03
       62886 ,        2001 ,  0.0000000E+00 ,  1.7942300E-04
       62901 ,       26030 ,  0.0000000E+00 ,  4.8867576E-03
       62905 ,       26030 ,  0.0000000E+00 ,  1.0007861E-02
       62912 ,       26030 ,  2.8612488E-03 ,  0.0000000E+00
       62913 ,       26030 ,  0.2338553     ,  0.0000000E+00
       62914 ,       26030 ,  8.2477100E-02 ,  2.5592815E-02
       62915 ,       26030 ,  6.5236860E-03 ,  1.5464382E-02
       62916 ,       26030 ,  0.0000000E+00 ,  6.1241761E-03
       62925 ,       26068 ,  0.0000000E+00 ,  9.2021637E-02
       62944 ,        8040 ,  0.0000000E+00 ,  4.3911416E-02
       62949 ,        8025 ,  6.7189122E-03 ,  0.2598011    
       62953 ,        8048 ,  0.0000000E+00 ,  0.1028492    
       62963 ,        8019 ,  0.0000000E+00 ,  3.1788405E-02
       62973 ,        8002 ,  0.0000000E+00 ,  1.1195499E-02
       62974 ,        8002 ,  0.0000000E+00 ,  5.4423060E-02
       62975 ,        8015 ,  0.0000000E+00 ,  0.1233319    
       62976 ,        8015 ,  0.0000000E+00 ,  0.1279927    
       62977 ,        8015 ,  0.0000000E+00 ,  8.1137849E-05
       62984 ,        8052 ,  0.0000000E+00 ,  2.0723866E-02
       62985 ,        8052 ,  0.0000000E+00 ,  3.4031332E-02
       62986 ,        8052 ,  0.0000000E+00 ,  6.7116551E-02
       62987 ,        8052 ,  0.0000000E+00 ,  9.6870661E-03
       63002 ,        5002 ,  0.0000000E+00 ,  6.7682788E-02
       63003 ,        5002 ,  0.0000000E+00 ,  5.3390089E-02
       63012 ,        5002 ,  0.0000000E+00 ,  2.4301419E-02
       63013 ,        5002 ,  0.0000000E+00 ,  3.3337831E-02
       63020 ,        5002 ,  0.0000000E+00 ,  4.3811705E-02
       63021 ,        5002 ,  0.0000000E+00 ,  2.0636914E-02
       63228 ,        2001 ,  0.0000000E+00 ,  8.2110410E-04
       63232 ,        2001 ,  0.0000000E+00 ,  7.2777388E-03
       63233 ,        2001 ,  0.0000000E+00 ,  5.6499289E-03
       63234 ,        2001 ,  0.0000000E+00 ,  5.8322586E-03
       63235 ,        2001 ,  0.0000000E+00 ,  5.6878040E-03
       63236 ,        2001 ,  0.0000000E+00 ,  3.6697057E-03
       63239 ,        2001 ,  0.0000000E+00 ,  5.9964391E-04
       63253 ,       26030 ,  0.0000000E+00 ,  3.6234818E-03
       63254 ,       26030 ,  0.0000000E+00 ,  1.7466459E-03
       63258 ,       26030 ,  0.0000000E+00 ,  9.7270329E-03
       63259 ,       26030 ,  0.0000000E+00 ,  4.2380015E-03
       63265 ,       26030 ,  0.0000000E+00 ,  2.4338698E-03
       63266 ,       26030 ,  0.0000000E+00 ,  1.3221629E-02
       63267 ,       26030 ,  0.0000000E+00 ,  2.8169353E-02
       63268 ,       26030 ,  0.0000000E+00 ,  1.3472781E-02
       63269 ,       26030 ,  0.0000000E+00 ,  1.6301356E-02
       63270 ,       26030 ,  0.0000000E+00 ,  1.1433031E-02
       63271 ,       26030 ,  0.0000000E+00 ,  2.0242092E-04
       63273 ,       26066 ,  0.0000000E+00 ,  2.6080417E-02
       63274 ,       26066 ,  0.0000000E+00 ,  8.3415709E-02
       63278 ,       26057 ,  0.0000000E+00 ,  0.5156110    
       63279 ,       26057 ,  0.0000000E+00 ,  0.5808930    
       63280 ,       26057 ,   1.000000     ,  0.2883042    
       63297 ,        8040 ,  0.0000000E+00 ,  3.5959695E-02
       63298 ,        8040 ,  0.0000000E+00 ,  8.5308570E-03
       63299 ,        8040 ,  0.2315413     ,  0.0000000E+00
       63300 ,        8040 ,  3.2158713E-03 ,  0.0000000E+00
       63301 ,        8025 ,  0.2169783     ,  0.0000000E+00
       63302 ,        8025 ,  0.7763028     ,  0.2493703    
       63305 ,        8048 ,  0.0000000E+00 ,  1.5657365E-02
       63306 ,        8048 ,  0.0000000E+00 ,  0.1316690    
       63316 ,        8019 ,  0.0000000E+00 ,  2.2722270E-02
       63327 ,        8015 ,  0.0000000E+00 ,  0.1246966    
       63330 ,        8015 ,   1.000000     ,  0.1724760    
       63337 ,        8052 ,  0.0000000E+00 ,  5.1583569E-02
       63338 ,        8052 ,  0.0000000E+00 ,  1.0578982E-02
       63339 ,        8052 ,  0.0000000E+00 ,  2.2437111E-02
       63355 ,        5002 ,  0.0000000E+00 ,  1.5090391E-02
       63373 ,        5002 ,  0.0000000E+00 ,  1.7198645E-02
       63374 ,        5002 ,  0.0000000E+00 ,  2.6751687E-03
       63585 ,        2001 ,  0.0000000E+00 ,  5.3262147E-03
       63606 ,       26030 ,  0.0000000E+00 ,  4.8808805E-03
       63610 ,       26030 ,  0.0000000E+00 ,  1.0039131E-02
       63611 ,       26030 ,  0.0000000E+00 ,  2.5425069E-03
       63616 ,       26030 ,  0.0000000E+00 ,  2.6336277E-03
       63617 ,       26030 ,  0.0000000E+00 ,  1.2138506E-02
       63618 ,       26030 ,  0.0000000E+00 ,  1.0058639E-02
       63620 ,       26030 ,  0.0000000E+00 ,  1.9506274E-02
       63621 ,       26030 ,  0.0000000E+00 ,  1.4379706E-02
       63622 ,       26056 ,  0.0000000E+00 ,  9.1566481E-02
       63624 ,       26030 ,  0.0000000E+00 ,  1.1518886E-02
       63625 ,       26066 ,  0.0000000E+00 ,  0.1010398    
       63626 ,       26066 ,  0.0000000E+00 ,  8.5832372E-02
       63643 ,       26040 ,  0.0000000E+00 ,  5.8134063E-03
       63644 ,       26040 ,  0.0000000E+00 ,  1.0410891E-02
       63650 ,        8040 ,  0.0000000E+00 ,  4.4271484E-02
       63655 ,        8034 ,  0.0000000E+00 ,  0.1243539    
       63658 ,        8048 ,  0.0000000E+00 ,  9.4855567E-03
       63668 ,        8019 ,  0.0000000E+00 ,  3.0967216E-03
       63669 ,        8019 ,  0.0000000E+00 ,  4.8664913E-02
       63670 ,        8019 ,  0.0000000E+00 ,  7.0865029E-03
       63680 ,        8015 ,  0.0000000E+00 ,  5.6526076E-02
       63683 ,        8015 ,  0.0000000E+00 ,  3.1475013E-03
       63684 ,        8015 ,  0.0000000E+00 ,  0.1365239    
       63685 ,        8015 ,  0.0000000E+00 ,  9.2116408E-02
       63686 ,        8015 ,  0.0000000E+00 ,  0.1325648    
       63687 ,        8052 ,  0.0000000E+00 ,  7.7305578E-02
       63688 ,        8052 ,  0.0000000E+00 ,  5.7274960E-02
       63689 ,        8052 ,  0.0000000E+00 ,  5.8527365E-02
       63690 ,        8052 ,  0.7098820     ,  9.1550790E-02
       63691 ,        8052 ,  0.2901179     ,  4.1189924E-02
       63938 ,        2001 ,  0.0000000E+00 ,  5.3578718E-03
       63959 ,       26030 ,  0.0000000E+00 ,  5.4740752E-03
       63961 ,       26030 ,  0.0000000E+00 ,  5.1398267E-04
       63962 ,       26030 ,  0.0000000E+00 ,  1.1672820E-02
       63963 ,       26030 ,  0.0000000E+00 ,  4.7293203E-03
       63968 ,       26030 ,  0.0000000E+00 ,  4.9436493E-03
       63969 ,       26030 ,  0.0000000E+00 ,  9.7014885E-03
       63973 ,       26056 ,  0.6421887     ,  2.7123710E-02
       63974 ,       26056 ,  0.1749677     ,  0.1485730    
       63975 ,       26056 ,  0.0000000E+00 ,  0.1075375    
       63978 ,       26066 ,  0.0000000E+00 ,  8.9280531E-03
       63979 ,       26066 ,   1.000000     ,  0.2008246    
       63980 ,       26066 ,  0.0000000E+00 ,  8.9924581E-02
       63981 ,       26066 ,  0.0000000E+00 ,  5.3697653E-02
       63995 ,       26040 ,  0.0000000E+00 ,  4.4056509E-02
       63996 ,       26040 ,  0.0000000E+00 ,  8.5450418E-02
       64003 ,        8040 ,  0.0000000E+00 ,  4.5140114E-02
       64004 ,        8040 ,  0.0000000E+00 ,  3.3769963E-04
       64008 ,        8034 ,  0.0000000E+00 ,  0.1257443    
       64012 ,        8010 ,  0.0000000E+00 ,  1.2804409E-02
       64021 ,        8019 ,  0.0000000E+00 ,  2.4107713E-02
       64022 ,        8019 ,  0.0000000E+00 ,  1.7618733E-02
       64023 ,        8019 ,  0.0000000E+00 ,  3.8241170E-02
       64038 ,        8015 ,  0.0000000E+00 ,  7.2003685E-02
       64039 ,        8015 ,  0.0000000E+00 ,  2.6461948E-02
       64290 ,        2001 ,  0.0000000E+00 ,  1.7047609E-03
       64291 ,        2001 ,  0.0000000E+00 ,  6.2293848E-03
       64311 ,       26047 ,  0.0000000E+00 ,  2.3609249E-02
       64312 ,       26047 ,  0.0000000E+00 ,  1.6040592E-02
       64313 ,       26047 ,  0.0000000E+00 ,  3.1478152E-02
       64314 ,       26030 ,  0.0000000E+00 ,  1.1277074E-02
       64325 ,       26020 ,  0.0000000E+00 ,  6.6637076E-02
       64326 ,       26056 ,  0.0000000E+00 ,  0.1527053    
       64328 ,       26056 ,  0.1713198     ,  7.6297946E-02
       64329 ,       26056 ,  1.1523796E-02 ,  0.0000000E+00
       64332 ,       26066 ,  0.0000000E+00 ,  8.6510763E-02
       64334 ,       26066 ,  0.0000000E+00 ,  5.7091448E-02
       64335 ,       26014 ,  0.0000000E+00 ,  0.2196787    
       64336 ,       26014 ,  0.0000000E+00 ,  0.1279923    
       64341 ,       26063 ,   1.000000     ,  0.2577700    
       64342 ,       26063 ,  0.0000000E+00 ,   1.649190    
       64347 ,       26040 ,  0.0000000E+00 ,  5.7027135E-02
       64348 ,       26040 ,  0.0000000E+00 ,  5.5697933E-02
       64354 ,        8040 ,  0.0000000E+00 ,  2.1736354E-02
       64355 ,        8040 ,  0.0000000E+00 ,  7.1128234E-03
       64356 ,        8040 ,  0.0000000E+00 ,  2.9221466E-02
       64360 ,        8034 ,  0.9149867     ,  5.2409396E-02
       64361 ,        8034 ,  8.5013270E-02 ,  0.1179193    
       64365 ,        8010 ,  0.0000000E+00 ,  9.8172277E-03
       64366 ,        8010 ,  0.0000000E+00 ,  1.2928447E-02
       64373 ,        8010 ,  0.0000000E+00 ,  5.2521706E-02
       64374 ,        8019 ,  0.0000000E+00 ,  8.2759092E-05
       64376 ,        8019 ,  0.0000000E+00 ,  3.3253349E-02
       64642 ,        2001 ,  0.0000000E+00 ,  2.9310177E-03
       64643 ,        2001 ,  0.0000000E+00 ,  5.2644121E-03
       64664 ,       26047 ,  0.0000000E+00 ,  3.7503865E-02
       64666 ,       26047 ,  0.0000000E+00 ,  8.5288778E-02
       64678 ,       26020 ,  0.0000000E+00 ,  0.1904660    
       64684 ,       26066 ,  0.0000000E+00 ,  7.9669245E-02
       64685 ,       26066 ,  0.0000000E+00 ,  1.9060478E-02
       64688 ,       26014 ,  0.0000000E+00 ,  0.2084664    
       64689 ,       26014 ,  0.0000000E+00 ,  0.1971887    
       64690 ,       26038 ,  0.0000000E+00 ,  9.0191603E-02
       64693 ,       26038 ,  0.0000000E+00 ,  1.7657874E-02
       64694 ,       26063 ,  0.0000000E+00 ,   2.405869    
       64695 ,       26024 ,   1.000000     ,  0.2228659    
       64700 ,       26040 ,   1.000000     ,  8.5609570E-02
       64704 ,        8040 ,  0.0000000E+00 ,  5.4835442E-02
       64705 ,        8040 ,  0.0000000E+00 ,  6.7309931E-02
       64706 ,        8040 ,  0.0000000E+00 ,  6.2084820E-02
       64707 ,        8040 ,  0.0000000E+00 ,  1.6199378E-02
       64708 ,        8040 ,  0.1574338     ,  4.7113966E-02
       64709 ,        8040 ,  0.0000000E+00 ,  8.3195027E-03
       64713 ,        8034 ,  0.0000000E+00 ,  9.9322632E-02
       64714 ,        8034 ,  0.0000000E+00 ,  0.1545953    
       64716 ,        8034 ,  0.0000000E+00 ,  1.2414448E-02
       64718 ,        8010 ,  0.0000000E+00 ,  1.9063810E-02
       64719 ,        8010 ,  0.0000000E+00 ,  3.1867812E-03
       64724 ,        8010 ,  0.0000000E+00 ,  3.9419318E-03
       64725 ,        8010 ,  0.0000000E+00 ,  5.2461408E-02
       64726 ,        8001 ,  0.0000000E+00 ,  1.8485439E-03
       64728 ,        8001 ,  0.0000000E+00 ,  3.4256667E-02
       64729 ,        8001 ,  0.0000000E+00 ,  8.4753418E-03
       64994 ,        2001 ,  0.0000000E+00 ,  3.2970405E-04
       64995 ,        2001 ,  0.0000000E+00 ,  7.5371554E-03
       64996 ,        2001 ,  0.0000000E+00 ,  3.8104730E-03
       65018 ,       26047 ,  0.0000000E+00 ,  6.4716898E-02
       65019 ,       26047 ,  0.0000000E+00 ,  1.6180107E-02
       65031 ,       26020 ,  0.0000000E+00 ,  0.1904964    
       65032 ,       26020 ,  0.4777929     ,  0.0000000E+00
       65036 ,       26050 ,  0.0000000E+00 ,  2.0748271E-02
       65037 ,       26066 ,  0.0000000E+00 ,  0.1008073    
       65041 ,       26014 ,  0.9696444     ,  0.1675123    
       65043 ,       26038 ,  0.0000000E+00 ,  4.2364947E-02
       65044 ,       26038 ,  0.0000000E+00 ,  0.1062440    
       65046 ,       26038 ,  0.0000000E+00 ,  9.1676801E-02
       65053 ,       26040 ,  0.0000000E+00 ,  8.0501795E-02
       65054 ,       26040 ,  0.0000000E+00 ,  0.1018320    
       65055 ,       26040 ,  0.0000000E+00 ,  6.1683174E-02
       65056 ,       26040 ,  0.0000000E+00 ,  1.9218545E-02
       65057 ,        8040 ,  0.0000000E+00 ,  5.2114800E-02
       65061 ,        8040 ,  0.0000000E+00 ,  2.8998079E-02
       65065 ,        8034 ,  0.0000000E+00 ,  5.8971807E-02
       65066 ,        8034 ,  0.0000000E+00 ,  3.1566385E-02
       65067 ,        8034 ,  0.0000000E+00 ,  1.7438367E-02
       65068 ,        8034 ,  0.0000000E+00 ,  0.1421767    
       65069 ,        8034 ,  0.0000000E+00 ,  0.1835114    
       65070 ,        8010 ,  7.8902662E-02 ,  6.9428622E-03
       65071 ,        8010 ,  0.0000000E+00 ,  2.1048836E-02
       65076 ,        8010 ,  0.0000000E+00 ,  3.6853068E-02
       65077 ,        8010 ,  0.0000000E+00 ,  4.1532367E-02
       65081 ,        8001 ,  0.0000000E+00 ,  4.0851697E-02
       65347 ,        2001 ,  0.0000000E+00 ,  6.3907229E-03
       65349 ,        2001 ,  0.0000000E+00 ,  7.8846989E-03
       65370 ,       26047 ,  0.0000000E+00 ,  4.8898149E-02
       65371 ,       26047 ,  0.0000000E+00 ,  5.5890817E-02
       65384 ,       26020 ,  0.0000000E+00 ,  0.2204601    
       65385 ,       26020 ,  0.5222070     ,  6.1967764E-02
       65389 ,       26050 ,   1.000000     ,  0.3414572    
       65393 ,       26001 ,  0.0000000E+00 ,  0.6381792    
       65394 ,       26014 ,  3.0355616E-02 ,  4.7514059E-02
       65397 ,       26038 ,  0.0000000E+00 ,  2.5010008E-02
       65398 ,       26038 ,  0.0000000E+00 ,  9.5978573E-02
       65399 ,       26038 ,   1.000000     ,  0.1946050    
       65400 ,       26038 ,  0.0000000E+00 ,  9.5649973E-02
       65401 ,       26038 ,  0.0000000E+00 ,  1.2021471E-02
       65405 ,       26008 ,   1.000000     ,  0.2950768    
       65406 ,       26008 ,  0.0000000E+00 ,  0.1346484    
       65408 ,       26040 ,  0.0000000E+00 ,  3.7612371E-02
       65409 ,       26040 ,  0.0000000E+00 ,  0.1575294    
       65410 ,       26040 ,  0.0000000E+00 ,  1.4329160E-02
       65414 ,        8040 ,  0.0000000E+00 ,  4.6840265E-02
       65422 ,        8010 ,  7.6658190E-03 ,  2.3449535E-02
       65423 ,        8010 ,  0.3798547     ,  6.6496760E-02
       65424 ,        8010 ,  0.0000000E+00 ,  4.6182744E-02
       65425 ,        8010 ,  0.0000000E+00 ,  3.9569125E-02
       65426 ,        8010 ,  0.0000000E+00 ,  4.9856254E-03
       65428 ,        8010 ,  3.9752101E-04 ,  2.4905071E-02
       65429 ,        8010 ,  0.0000000E+00 ,  5.1003560E-02
       65430 ,        8010 ,  0.1310881     ,  4.1558437E-02
       65431 ,        8010 ,  0.0000000E+00 ,  4.0538672E-02
       65432 ,        8010 ,  0.0000000E+00 ,  4.3878019E-02
       65433 ,        8001 ,  0.0000000E+00 ,  2.3004917E-02
       65434 ,        8001 ,  0.0000000E+00 ,  5.7858717E-02
       65435 ,        8001 ,  0.0000000E+00 ,  2.3621810E-03
       65699 ,        2001 ,  0.0000000E+00 ,  3.6528378E-03
       65700 ,        2001 ,  0.0000000E+00 ,  3.0834251E-03
       65701 ,        2001 ,  0.0000000E+00 ,  4.4860919E-03
       65702 ,        2001 ,  0.0000000E+00 ,  2.5481528E-03
       65722 ,       26047 ,  0.0000000E+00 ,  6.8931982E-02
       65723 ,       26047 ,  0.0000000E+00 ,  3.4066208E-02
       65737 ,       26020 ,  0.0000000E+00 ,  0.1960000    
       65742 ,       26045 ,  0.0000000E+00 ,  9.7765297E-02
       65746 ,       26053 ,   1.000000     ,   3.521829    
       65752 ,       26023 ,  0.0000000E+00 ,  0.1482848    
       65754 ,       26038 ,  0.0000000E+00 ,  8.9006387E-02
       65755 ,       26032 ,  0.0000000E+00 ,  0.1588641    
       65756 ,       26032 ,   1.000000     ,  0.2311001    
       65758 ,       26008 ,  0.0000000E+00 ,  0.2176615    
       65763 ,        8013 ,  0.0000000E+00 ,  0.2455073    
       65767 ,        8040 ,  0.0000000E+00 ,  5.1872246E-02
       65775 ,        8010 ,  0.0000000E+00 ,  4.2323597E-02
       65778 ,        8010 ,  0.0000000E+00 ,  2.3786768E-02
       65779 ,        8010 ,  0.0000000E+00 ,  3.7242085E-02
       65780 ,        8010 ,  0.0000000E+00 ,  4.1590601E-02
       65781 ,        8010 ,  0.1683697     ,  7.6752946E-02
       65782 ,        8010 ,  0.0000000E+00 ,  1.5808221E-02
       65787 ,        8001 ,  0.0000000E+00 ,  4.0430397E-02
       65788 ,        8001 ,  0.0000000E+00 ,  2.3800436E-02
       66051 ,        2001 ,  0.0000000E+00 ,  1.7934709E-03
       66052 ,        2001 ,  0.0000000E+00 ,  5.2440073E-03
       66054 ,        2001 ,  0.0000000E+00 ,  5.4113334E-03
       66074 ,       26047 ,  0.0000000E+00 ,  7.0610613E-02
       66075 ,       26047 ,  0.0000000E+00 ,  2.4759976E-02
       66090 ,       26020 ,  0.0000000E+00 ,  0.2022050    
       66095 ,       26045 ,   1.000000     ,  0.1211975    
       66099 ,       26034 ,   1.000000     ,  0.4591317    
       66104 ,       26023 ,  0.1031936     ,  9.9367104E-02
       66105 ,       26023 ,  0.0000000E+00 ,  0.1203720    
       66106 ,       26023 ,  0.0000000E+00 ,  7.4591957E-02
       66109 ,       26032 ,  0.0000000E+00 ,  0.1652189    
       66110 ,       26008 ,  0.0000000E+00 ,  0.2665430    
       66111 ,       26008 ,  0.0000000E+00 ,  0.2831057    
       66116 ,        8013 ,  0.0000000E+00 ,  5.7626788E-02
       66117 ,        8013 ,  0.0000000E+00 ,  3.2211851E-02
       66120 ,        8040 ,  0.0000000E+00 ,  2.1598017E-02
       66127 ,        8023 ,  0.0000000E+00 ,  0.1365049    
       66128 ,        8023 ,  0.0000000E+00 ,  0.1136341    
       66131 ,        8010 ,  0.0000000E+00 ,  3.2097094E-02
       66135 ,        8010 ,  0.0000000E+00 ,  4.0951848E-02
       66140 ,        8001 ,  0.0000000E+00 ,  4.2726547E-02
       66395 ,        2001 ,  0.0000000E+00 ,  7.3681674E-03
       66396 ,        2001 ,  0.0000000E+00 ,  1.3437793E-04
       66403 ,        2001 ,  0.0000000E+00 ,  2.4168787E-04
       66404 ,        2001 ,  0.0000000E+00 ,  7.4614049E-03
       66407 ,        2001 ,  0.0000000E+00 ,  5.2543366E-03
       66426 ,       26047 ,  0.1263858     ,  6.9120049E-02
       66427 ,       26047 ,  0.0000000E+00 ,  3.0290956E-02
       66443 ,       26045 ,  0.0000000E+00 ,  0.1829290    
       66447 ,       26045 ,  0.0000000E+00 ,  7.1049415E-02
       66448 ,       26045 ,  0.0000000E+00 ,  3.9196864E-02
       66452 ,       26013 ,   1.000000     ,  0.4836754    
       66457 ,       26023 ,  0.8968064     ,  0.1427702    
       66459 ,       26032 ,  0.0000000E+00 ,  7.7771194E-02
       66462 ,       26067 ,  0.0000000E+00 ,  0.1026072    
       66464 ,       26031 ,  0.0000000E+00 ,  0.2409348    
       66465 ,       26031 ,  0.0000000E+00 ,  0.2599171    
       66480 ,        8023 ,   1.000000     ,  0.2655520    
       66483 ,        8010 ,  0.0000000E+00 ,  3.1916145E-02
       66484 ,        8010 ,  0.0000000E+00 ,  1.5195282E-02
       66488 ,        8010 ,  0.2337215     ,  4.4805285E-02
       66493 ,        8001 ,  0.0000000E+00 ,  4.4022635E-02
       66748 ,        2001 ,  0.0000000E+00 ,  5.7131676E-03
       66756 ,        2001 ,  0.0000000E+00 ,  6.1317589E-03
       66760 ,        2001 ,  0.0000000E+00 ,  5.8398405E-03
       66779 ,       26047 ,  0.2790887     ,  2.7905319E-02
       66796 ,       26045 ,  0.0000000E+00 ,  0.2508914    
       66797 ,       26045 ,  0.0000000E+00 ,  1.6961791E-02
       66800 ,       26045 ,  0.0000000E+00 ,  9.3973875E-03
       66805 ,       26006 ,  0.0000000E+00 ,  0.1347218    
       66810 ,       26023 ,  0.0000000E+00 ,  0.1398757    
       66815 ,       26067 ,   1.000000     ,  0.1244880    
       66818 ,       26031 ,  0.0000000E+00 ,  9.3125120E-02
       66819 ,       26031 ,  0.0000000E+00 ,  0.2204162    
       66829 ,        8013 ,  0.0000000E+00 ,  7.7460915E-02
       66830 ,        8050 ,  0.0000000E+00 ,  1.6373504E-02
       66832 ,        8023 ,  0.0000000E+00 ,  0.1285184    
       66833 ,        8023 ,  0.0000000E+00 ,  0.2316816    
       66835 ,        8010 ,  0.0000000E+00 ,  1.3581048E-03
       66841 ,        8010 ,  0.0000000E+00 ,  1.8890725E-02
       66842 ,        8010 ,  0.0000000E+00 ,  3.1198349E-02
       66845 ,        8001 ,  0.0000000E+00 ,  1.3972693E-02
       66846 ,        8001 ,  0.0000000E+00 ,  2.9711971E-02
       67101 ,        2001 ,  0.0000000E+00 ,  3.2485574E-03
       67102 ,        2001 ,  0.0000000E+00 ,  5.3871209E-03
       67108 ,        2001 ,  0.0000000E+00 ,  4.6441518E-03
       67109 ,        2001 ,  0.0000000E+00 ,  3.4396499E-03
       67112 ,        2001 ,  0.0000000E+00 ,  3.0095356E-03
       67113 ,        2001 ,  0.0000000E+00 ,  3.8649354E-03
       67149 ,       26016 ,  0.1013510     ,  0.3016311    
       67150 ,       26016 ,  0.0000000E+00 ,  8.7405488E-02
       67151 ,       26016 ,  0.0000000E+00 ,  1.4848736E-02
       67158 ,       26006 ,  0.0000000E+00 ,  0.1308970    
       67163 ,       26023 ,  0.0000000E+00 ,  0.2256309    
       67164 ,       26023 ,  0.0000000E+00 ,  6.2075913E-02
       67168 ,       26067 ,  0.0000000E+00 ,  0.2169691    
       67172 ,       26031 ,   1.000000     ,  0.2838358    
       67181 ,        8013 ,  0.0000000E+00 ,  1.3551127E-02
       67182 ,        8013 ,  0.0000000E+00 ,  0.1772676    
       67183 ,        8050 ,  0.0000000E+00 ,  9.7357638E-02
       67184 ,        8050 ,  0.0000000E+00 ,  5.3541489E-02
       67185 ,        8023 ,  0.0000000E+00 ,  0.1692068    
       67195 ,        8001 ,  0.0000000E+00 ,  1.8401423E-02
       67196 ,        8001 ,  0.0000000E+00 ,  5.5825147E-03
       67198 ,        8001 ,  0.0000000E+00 ,  4.2367797E-02
       67204 ,        8001 ,  0.0000000E+00 ,  1.7708946E-04
       67454 ,        2001 ,  0.0000000E+00 ,  6.0049109E-03
       67458 ,        2001 ,  0.0000000E+00 ,  2.4851623E-03
       67459 ,        2001 ,  0.0000000E+00 ,  5.6148744E-03
       67460 ,        2001 ,  0.0000000E+00 ,  5.9531885E-03
       67461 ,        2001 ,  0.0000000E+00 ,  1.7385787E-03
       67465 ,        2001 ,  0.0000000E+00 ,  5.9733437E-03
       67502 ,       26016 ,  0.8986490     ,  0.3620443    
       67504 ,       26058 ,  0.0000000E+00 ,  9.9053517E-02
       67508 ,       26022 ,  0.0000000E+00 ,  5.5314172E-02
       67511 ,       26006 ,  0.0000000E+00 ,  0.1248498    
       67516 ,       26023 ,  0.0000000E+00 ,  1.3843087E-02
       67517 ,       26023 ,  0.0000000E+00 ,  0.1900921    
       67518 ,       26041 ,  0.0000000E+00 ,  2.0544356E-02
       67520 ,       26067 ,  0.0000000E+00 ,  0.1547208    
       67521 ,       26067 ,  0.0000000E+00 ,  0.1252172    
       67525 ,       26010 ,  0.0000000E+00 ,  0.5489129    
       67534 ,        8013 ,  0.0000000E+00 ,  2.0133598E-02
       67535 ,        8013 ,  8.0762366E-03 ,  0.1796317    
       67536 ,        8050 ,  7.1228556E-02 ,  0.1626200    
       67537 ,        8050 ,  4.1291349E-02 ,  8.6149521E-02
       67549 ,        8001 ,  0.0000000E+00 ,  2.2580767E-02
       67551 ,        8001 ,  0.0000000E+00 ,  4.1623157E-02
       67807 ,        2001 ,  0.0000000E+00 ,  6.3283355E-03
       67810 ,        2001 ,  0.0000000E+00 ,  2.9856556E-03
       67811 ,        2001 ,  0.0000000E+00 ,  4.4392892E-03
       67817 ,        2001 ,  0.0000000E+00 ,  2.6599702E-03
       67818 ,        2001 ,  0.0000000E+00 ,  3.2226860E-03
       67855 ,       26016 ,  0.0000000E+00 ,  0.3015998    
       67859 ,       26022 ,   1.000000     ,  8.6947732E-02
       67860 ,       26022 ,  0.0000000E+00 ,  0.2173957    
       67861 ,       26022 ,  0.0000000E+00 ,  0.1920224    
       67864 ,       26006 ,  0.0000000E+00 ,  1.1961719E-02
       67865 ,       26006 ,   1.000000     ,  0.1715882    
       67870 ,       26041 ,   1.000000     ,  0.2215001    
       67871 ,       26041 ,  0.0000000E+00 ,  0.2118431    
       67872 ,       26041 ,  0.0000000E+00 ,  0.1825968    
       67873 ,       26067 ,  0.0000000E+00 ,  0.1630679    
       67878 ,       26010 ,   1.000000     ,  0.5163472    
       67888 ,        8013 ,  3.8462046E-03 ,  0.0000000E+00
       67889 ,        8050 ,  0.8202962     ,  0.1475215    
       67890 ,        8050 ,  6.7183860E-02 ,  0.0000000E+00
       67902 ,        8001 ,  0.0000000E+00 ,  2.1780409E-02
       67904 ,        8001 ,  0.0000000E+00 ,  4.0739868E-02
       68158 ,        2001 ,  0.0000000E+00 ,  2.7236540E-03
       68159 ,        2001 ,  0.0000000E+00 ,  4.9970988E-03
       68160 ,        2001 ,  0.0000000E+00 ,  7.1426216E-03
       68161 ,        2001 ,  0.0000000E+00 ,  6.3093416E-03
       68162 ,        2001 ,  0.0000000E+00 ,  5.8812229E-03
       68163 ,        2001 ,  0.0000000E+00 ,  3.8116213E-03
       68170 ,        2001 ,  0.0000000E+00 ,  5.8129593E-03
       68208 ,       26058 ,  0.0000000E+00 ,  0.1848631    
       68212 ,       26022 ,  0.0000000E+00 ,  0.2053393    
       68218 ,       26006 ,  0.0000000E+00 ,  1.6488077E-02
       68219 ,       26006 ,  0.0000000E+00 ,  0.1723282    
       68220 ,       26006 ,  0.0000000E+00 ,  6.3133642E-02
       68223 ,       26041 ,  0.0000000E+00 ,  0.1461354    
       68224 ,       26041 ,  0.0000000E+00 ,  1.2493057E-03
       68231 ,       26015 ,   1.000000     ,  0.5612149    
       68242 ,        8050 ,  0.0000000E+00 ,  0.1766194    
       68254 ,        8001 ,  0.0000000E+00 ,  2.7493585E-04
       68255 ,        8001 ,  0.0000000E+00 ,  3.1523366E-04
       68256 ,        8001 ,  0.0000000E+00 ,  2.8632395E-02
       68257 ,        8001 ,  0.0000000E+00 ,  4.0962830E-02
       68511 ,        2001 ,  0.0000000E+00 ,  6.1811972E-03
       68512 ,        2001 ,  0.0000000E+00 ,  1.6281995E-03
       68523 ,        2001 ,  0.0000000E+00 ,  5.8002593E-03
       68556 ,       26064 ,  0.3859467     ,  7.7311769E-02
       68557 ,       26064 ,  0.6140532     ,  0.1243603    
       68560 ,       26058 ,  0.0000000E+00 ,  4.4821132E-02
       68561 ,       26058 ,  0.0000000E+00 ,  0.1839330    
       68564 ,       26022 ,  0.0000000E+00 ,  0.1606513    
       68565 ,       26022 ,  0.0000000E+00 ,  0.1120096    
       68573 ,       26006 ,  0.0000000E+00 ,  9.6156940E-02
       68574 ,       26006 ,  0.0000000E+00 ,  9.6718118E-02
       68576 ,       26041 ,  0.0000000E+00 ,  6.9183223E-02
       68577 ,       26041 ,  0.0000000E+00 ,  0.1830818    
       68584 ,       26015 ,  0.0000000E+00 ,  0.5120039    
       68594 ,        8013 ,  0.0000000E+00 ,  9.3763307E-02
       68595 ,        8050 ,  0.0000000E+00 ,  6.4297840E-02
       68596 ,        8050 ,  0.0000000E+00 ,  5.0772779E-02
       68609 ,        8001 ,  0.0000000E+00 ,  2.8286236E-03
       68610 ,        8001 ,   1.000000     ,  5.6976546E-02
       68864 ,        2001 ,  0.0000000E+00 ,  5.2738423E-03
       68876 ,        2001 ,  0.0000000E+00 ,  5.7454845E-03
       68909 ,       26064 ,  0.0000000E+00 ,  0.1373490    
       68910 ,       26064 ,  0.0000000E+00 ,  0.1054856    
       68913 ,       26058 ,  0.0000000E+00 ,  6.6682518E-02
       68914 ,       26058 ,   1.000000     ,  0.3547316    
       68916 ,       26036 ,  0.0000000E+00 ,  1.6507089E-02
       68917 ,       26036 ,  0.0000000E+00 ,  0.1139959    
       68918 ,       26022 ,  0.0000000E+00 ,  1.1506225E-02
       68919 ,       26022 ,  0.0000000E+00 ,  5.5199852E-03
       68924 ,       26006 ,  0.0000000E+00 ,  8.3996048E-03
       68926 ,       26011 ,  0.1828411     ,  1.0996739E-02
       68927 ,       26011 ,  0.0000000E+00 ,  0.3296359    
       68928 ,       26011 ,  0.0000000E+00 ,  8.1101567E-02
       68929 ,       26027 ,  0.0000000E+00 ,  5.4638609E-02
       68930 ,       26027 ,  0.0000000E+00 ,  0.2033273    
       68937 ,       26015 ,  0.0000000E+00 ,  2.7383683E-02
       68947 ,        8035 ,  0.0000000E+00 ,  4.6486966E-02
       68949 ,        8050 ,  0.0000000E+00 ,  6.3430190E-02
       68950 ,        8050 ,  0.0000000E+00 ,  9.4481990E-02
       68951 ,        8005 ,  0.0000000E+00 ,  3.6885437E-02
       68952 ,        8005 ,  0.0000000E+00 ,  1.1158057E-03
       68963 ,        8001 ,  0.0000000E+00 ,  4.0756572E-02
       69217 ,        2001 ,  0.0000000E+00 ,  5.3143827E-03
       69229 ,        2001 ,  0.0000000E+00 ,  5.4720370E-03
       69259 ,       26004 ,  0.0000000E+00 ,  4.6965949E-02
       69262 ,       26064 ,  0.0000000E+00 ,  0.3007666    
       69263 ,       26064 ,  0.0000000E+00 ,  0.2115423    
       69264 ,       26064 ,  0.0000000E+00 ,  0.2118419    
       69265 ,       26058 ,  0.0000000E+00 ,  9.2917331E-02
       69266 ,       26058 ,  0.0000000E+00 ,  4.1920364E-02
       69267 ,       26058 ,  0.0000000E+00 ,  1.7422311E-02
       69268 ,       26036 ,  3.6052078E-02 ,  0.2733094    
       69269 ,       26036 ,  0.9639479     ,  0.3258311    
       69276 ,       26006 ,  0.0000000E+00 ,  7.5913504E-02
       69277 ,       26006 ,  0.0000000E+00 ,  1.7389389E-03
       69279 ,       26011 ,  0.8171589     ,  0.1665400    
       69281 ,       26011 ,  0.0000000E+00 ,  0.1064046    
       69282 ,       26027 ,  0.0000000E+00 ,  5.7696611E-02
       69283 ,       26027 ,  0.2611924     ,  9.3497030E-02
       69284 ,       26027 ,  0.3733144     ,  1.0276084E-02
       69296 ,        8035 ,  0.0000000E+00 ,  4.0785629E-02
       69299 ,        8035 ,  0.0000000E+00 ,  8.5478472E-03
       69300 ,        8035 ,  0.0000000E+00 ,  4.2468172E-02
       69305 ,        8005 ,  0.0000000E+00 ,  1.2869950E-02
       69316 ,        8001 ,  0.0000000E+00 ,  3.9709028E-02
       69317 ,        8001 ,  0.0000000E+00 ,  2.4721175E-03
       69569 ,        2001 ,  0.0000000E+00 ,  2.5265913E-03
       69570 ,        2001 ,  0.0000000E+00 ,  4.1655093E-03
       69582 ,        2001 ,  0.0000000E+00 ,  5.3208498E-03
       69600 ,       26017 ,  0.0000000E+00 ,  3.2227132E-02
       69610 ,       26047 ,  0.2755762     ,  0.0000000E+00
       69611 ,       26004 ,  0.0000000E+00 ,  7.1018063E-02
       69612 ,       26004 ,  0.0000000E+00 ,  5.4788981E-02
       69613 ,       26004 ,  0.0000000E+00 ,  5.3505629E-02
       69614 ,       26046 ,  0.0000000E+00 ,  0.1944806    
       69615 ,       26046 ,  0.0000000E+00 ,  6.3202269E-02
       69620 ,       26058 ,  0.0000000E+00 ,  5.4812938E-02
       69621 ,       26058 ,  0.0000000E+00 ,  1.7027259E-03
       69622 ,       26036 ,  0.0000000E+00 ,  0.1013829    
       69623 ,       26035 ,  0.0000000E+00 ,  0.1239477    
       69624 ,       26035 ,  0.0000000E+00 ,  1.2767505E-02
       69629 ,       26006 ,  0.0000000E+00 ,  6.9282934E-02
       69632 ,       26011 ,  0.0000000E+00 ,  0.1589870    
       69636 ,       26027 ,  0.1026264     ,  0.0000000E+00
       69637 ,       26027 ,  6.2511526E-02 ,  0.1019396    
       69647 ,        8035 ,  0.0000000E+00 ,  1.6956653E-02
       69649 ,        8035 ,  0.0000000E+00 ,  4.7987524E-02
       69652 ,        8035 ,  0.0000000E+00 ,  5.3853728E-02
       69670 ,        8001 ,  0.0000000E+00 ,  4.3368272E-02
       69922 ,        2001 ,  5.5616810E-03 ,  5.7414109E-03
       69935 ,        2001 ,  0.0000000E+00 ,  5.8691376E-03
       69953 ,       26017 ,  0.0000000E+00 ,  2.1401633E-02
       69954 ,       26017 ,  0.0000000E+00 ,  3.2405637E-02
       69959 ,       26017 ,  0.0000000E+00 ,  4.9309880E-03
       69960 ,       26017 ,  0.0000000E+00 ,  5.4499868E-02
       69961 ,       26017 ,  0.0000000E+00 ,  3.8446803E-02
       69962 ,       26017 ,  0.8667151     ,  5.9677258E-02
       69963 ,       26047 ,  0.3020912     ,  7.8441858E-02
       69964 ,       26047 ,  0.0000000E+00 ,  8.4159702E-02
       69965 ,       26004 ,  0.3339488     ,  9.6493036E-02
       69966 ,       26004 ,  0.6660512     ,  0.2183368    
       69967 ,       26046 ,   1.000000     ,  0.1320084    
       69972 ,       26036 ,  0.0000000E+00 ,  2.2634508E-02
       69973 ,       26036 ,  0.0000000E+00 ,  3.9845549E-02
       69975 ,       26035 ,  0.0000000E+00 ,  5.4268385E-03
       69976 ,       26035 ,   1.000000     ,  0.2398275    
       69977 ,       26035 ,  0.0000000E+00 ,  5.1760435E-02
       69982 ,       26019 ,  0.0000000E+00 ,  4.4642072E-02
       69984 ,       26019 ,  0.0000000E+00 ,  1.7051397E-02
       69985 ,       26011 ,  0.0000000E+00 ,  0.1502327    
       69989 ,       26027 ,  0.0000000E+00 ,  4.7503144E-02
       69990 ,       26027 ,  2.3083112E-03 ,  0.1102698    
       69993 ,       26002 ,  0.0000000E+00 ,  5.7557628E-02
       69999 ,        8035 ,  0.0000000E+00 ,  2.1570884E-02
       70000 ,        8035 ,  0.0000000E+00 ,  3.9126977E-02
       70002 ,        8035 ,  0.0000000E+00 ,  7.5031151E-03
       70003 ,        8035 ,  0.0000000E+00 ,  5.5155091E-02
       70004 ,        8035 ,  0.9446689     ,  5.3415131E-02
       70005 ,        8035 ,  5.5331089E-02 ,  4.8308257E-02
       70023 ,        8001 ,  0.0000000E+00 ,  4.4127584E-02
       70032 ,        8028 ,  0.0000000E+00 ,  1.4824049E-02
       70275 ,        2001 ,  3.0543549E-02 ,  5.3521888E-03
       70288 ,        2001 ,  0.0000000E+00 ,  5.5560442E-03
       70306 ,       26017 ,  0.0000000E+00 ,  3.5117373E-03
       70307 ,       26017 ,  0.0000000E+00 ,  1.0249460E-02
       70308 ,       26017 ,  0.0000000E+00 ,  4.1089766E-02
       70309 ,       26017 ,  7.4993586E-04 ,  2.6447264E-02
       70311 ,       26017 ,  0.0000000E+00 ,  4.0383168E-02
       70312 ,       26017 ,  0.0000000E+00 ,  3.4644112E-02
       70314 ,       26017 ,  0.0000000E+00 ,  2.2119103E-02
       70315 ,       26047 ,  1.6858144E-02 ,  2.2592248E-02
       70319 ,       26004 ,  0.0000000E+00 ,  9.7513817E-02
       70320 ,       26046 ,  0.0000000E+00 ,  9.4914638E-02
       70321 ,       26007 ,   1.000000     ,  0.8154798    
       70322 ,       26007 ,  0.0000000E+00 ,  0.2539991    
       70323 ,       26065 ,  0.0000000E+00 ,  0.1139941    
       70324 ,       26065 ,  0.0000000E+00 ,  0.1492532    
       70325 ,       26065 ,  0.0000000E+00 ,  0.1067375    
       70329 ,       26035 ,  0.0000000E+00 ,  0.1164255    
       70330 ,       26035 ,  0.0000000E+00 ,  6.6292852E-02
       70331 ,       26035 ,  0.0000000E+00 ,  8.9633144E-02
       70332 ,       26035 ,  0.0000000E+00 ,  2.4225714E-02
       70335 ,       26019 ,  0.0000000E+00 ,  4.3396611E-02
       70337 ,       26019 ,  0.0000000E+00 ,  8.3585426E-02
       70343 ,       26027 ,  0.1980469     ,  0.1225984    
       70346 ,       26002 ,  0.0000000E+00 ,  5.8937393E-02
       70356 ,        8035 ,  0.0000000E+00 ,  5.2037951E-02
       70358 ,        8035 ,  0.0000000E+00 ,  5.6152239E-02
       70359 ,        8035 ,  0.0000000E+00 ,  3.9789040E-02
       70376 ,        8001 ,  0.0000000E+00 ,  4.2607877E-02
       70385 ,        8028 ,  0.0000000E+00 ,  0.1658004    
       70628 ,        2001 ,  8.2533192E-03 ,  5.4307398E-03
       70641 ,        2001 ,  0.0000000E+00 ,  5.3877621E-03
       70660 ,       26017 ,  0.0000000E+00 ,  2.7668826E-02
       70661 ,       26017 ,  0.0000000E+00 ,  3.8061786E-02
       70662 ,       26017 ,  0.1190748     ,  4.6280686E-02
       70663 ,       26017 ,  0.0000000E+00 ,  3.8439274E-02
       70664 ,       26017 ,  0.0000000E+00 ,  1.0691595E-02
       70667 ,       26017 ,  0.0000000E+00 ,  4.6820287E-02
       70672 ,       26004 ,  0.0000000E+00 ,  9.8092161E-02
       70675 ,       26065 ,  0.0000000E+00 ,  0.2076249    
       70676 ,       26065 ,   1.000000     ,  0.3585807    
       70682 ,       26035 ,  0.0000000E+00 ,  0.1263037    
       70685 ,       26035 ,  0.0000000E+00 ,  9.5172934E-02
       70686 ,       26019 ,  0.0000000E+00 ,  6.1056420E-02
       70687 ,       26019 ,  0.0000000E+00 ,  4.2439234E-02
       70688 ,       26019 ,  0.9405303     ,  0.1153790    
       70689 ,       26019 ,  5.9469707E-02 ,  0.1169399    
       70690 ,       26019 ,  0.0000000E+00 ,  3.7920460E-02
       70696 ,       26027 ,  0.0000000E+00 ,  0.1051963    
       70699 ,       26002 ,  0.0000000E+00 ,  3.1806707E-02
       70708 ,        8035 ,  0.0000000E+00 ,  4.6070933E-02
       70709 ,        8035 ,  0.0000000E+00 ,  3.0762029E-03
       70712 ,        8005 ,  2.6412914E-02 ,  2.5606062E-02
       70713 ,        8005 ,  0.5538079     ,  2.9630890E-02
       70729 ,        8001 ,  0.0000000E+00 ,  4.1887280E-02
       70736 ,        8028 ,  0.0000000E+00 ,  5.1440302E-02
       70737 ,        8028 ,  0.0000000E+00 ,  0.1520044    
       70738 ,        8028 ,  0.0000000E+00 ,  3.2328252E-02
       70980 ,        2001 ,  1.0761950E-02 ,  3.9682453E-03
       70981 ,        2001 ,  1.7206141E-03 ,  1.3228849E-03
       70994 ,        2001 ,  0.0000000E+00 ,  5.3627044E-03
       71013 ,       26017 ,  0.0000000E+00 ,  4.1544322E-02
       71019 ,       26017 ,  0.0000000E+00 ,  3.0688901E-02
       71020 ,       26017 ,  0.0000000E+00 ,  1.1191322E-02
       71025 ,       26004 ,  0.0000000E+00 ,  9.9378139E-02
       71029 ,       26060 ,  0.0000000E+00 ,  0.1067638    
       71035 ,       26035 ,  0.0000000E+00 ,  0.1164575    
       71037 ,       26059 ,  0.0000000E+00 ,  5.0240982E-02
       71038 ,       26059 ,  0.0000000E+00 ,  0.1126230    
       71039 ,       26059 ,  0.0000000E+00 ,  3.8608100E-02
       71040 ,       26019 ,  0.0000000E+00 ,  4.8570834E-02
       71041 ,       26019 ,  0.0000000E+00 ,  1.7521303E-02
       71042 ,       26019 ,  0.0000000E+00 ,  4.0436901E-02
       71043 ,       26019 ,  0.0000000E+00 ,  7.6847680E-02
       71044 ,       26019 ,  0.0000000E+00 ,  4.4122245E-02
       71049 ,       26002 ,  0.0000000E+00 ,  6.1981522E-02
       71052 ,       26002 ,  0.0000000E+00 ,  2.0594040E-02
       71060 ,        8035 ,  0.0000000E+00 ,  1.5086101E-02
       71061 ,        8035 ,  0.0000000E+00 ,  4.0903356E-02
       71063 ,        8035 ,  0.0000000E+00 ,  3.6226053E-02
       71064 ,        8035 ,  0.0000000E+00 ,  3.3191670E-02
       71065 ,        8005 ,  0.0000000E+00 ,  2.1448098E-02
       71066 ,        8005 ,  0.0000000E+00 ,  3.7732661E-02
       71067 ,        8005 ,  0.0000000E+00 ,  1.9856589E-02
       71082 ,        8037 ,  0.0000000E+00 ,  7.4859485E-02
       71088 ,        8053 ,  0.5718957     ,  7.2983548E-02
       71089 ,        8028 ,  0.0000000E+00 ,  0.1792770    
       71333 ,        2001 ,  3.0026186E-02 ,  5.7420484E-03
       71334 ,        2001 ,  6.3185632E-04 ,  0.0000000E+00
       71347 ,        2001 ,  0.0000000E+00 ,  5.9489165E-03
       71366 ,       26017 ,  0.0000000E+00 ,  3.8451768E-02
       71372 ,       26017 ,  0.0000000E+00 ,  3.8074423E-02
       71378 ,       26004 ,  0.0000000E+00 ,  3.3184815E-02
       71379 ,       26004 ,  0.0000000E+00 ,  8.0287255E-02
       71382 ,       26060 ,  0.0000000E+00 ,  4.5887899E-02
       71383 ,       26060 ,   1.000000     ,  8.4659494E-02
       71385 ,       26043 ,  0.0000000E+00 ,  9.3576740E-03
       71386 ,       26043 ,  0.0000000E+00 ,  6.4055629E-02
       71387 ,       26043 ,  0.0000000E+00 ,  4.2763073E-02
       71388 ,       26043 ,  0.0000000E+00 ,  0.1054562    
       71390 ,       26059 ,  0.0000000E+00 ,  0.2478275    
       71391 ,       26059 ,  0.0000000E+00 ,  0.1358705    
       71395 ,       26019 ,  0.0000000E+00 ,  8.0609344E-02
       71397 ,       26019 ,  0.0000000E+00 ,  3.6347020E-02
       71398 ,       26019 ,  0.0000000E+00 ,  7.1870878E-02
       71402 ,       26002 ,  0.0000000E+00 ,  7.7502362E-02
       71412 ,        8035 ,  0.0000000E+00 ,  7.8567024E-03
       71413 ,        8035 ,  0.0000000E+00 ,  5.2015197E-02
       71418 ,        8005 ,  0.0000000E+00 ,  1.6156921E-02
       71420 ,        8005 ,  0.0000000E+00 ,  3.0117607E-02
       71421 ,        8005 ,  0.0000000E+00 ,  4.8531156E-02
       71422 ,        8005 ,  0.0000000E+00 ,  2.7589543E-02
       71435 ,        8037 ,  0.0000000E+00 ,  7.4958980E-02
       71440 ,        8053 ,  0.0000000E+00 ,  7.8848973E-02
       71441 ,        8053 ,  0.0000000E+00 ,  0.4054877    
       71442 ,        8053 ,  0.0000000E+00 ,  1.0339749E-02
       71686 ,        2001 ,  1.6630406E-02 ,  6.0613630E-03
       71699 ,        2002 ,  0.0000000E+00 ,  3.9054935E-03
       71700 ,        2002 ,  0.0000000E+00 ,  1.0538002E-02
       71719 ,       26017 ,  0.0000000E+00 ,  4.0620379E-02
       71725 ,       26017 ,  0.0000000E+00 ,  3.7930127E-02
       71732 ,       26004 ,  0.0000000E+00 ,  0.1027940    
       71735 ,       26060 ,  0.0000000E+00 ,  0.1385619    
       71736 ,       26060 ,  0.0000000E+00 ,  5.4421533E-02
       71737 ,       26060 ,  0.0000000E+00 ,  6.4334631E-02
       71738 ,       26043 ,  0.0000000E+00 ,  6.9052637E-02
       71739 ,       26043 ,  0.0000000E+00 ,  3.8667232E-02
       71740 ,       26043 ,  2.0068090E-02 ,  0.1844499    
       71742 ,       26043 ,  0.0000000E+00 ,  4.0310957E-02
       71743 ,       26059 ,  0.0000000E+00 ,  6.3100018E-02
       71744 ,       26059 ,   1.000000     ,  0.1421378    
       71747 ,       26019 ,  0.0000000E+00 ,  4.1075207E-02
       71748 ,       26019 ,  0.0000000E+00 ,  3.0914716E-02
       71751 ,       26039 ,  0.0000000E+00 ,  0.2737437    
       71752 ,       26039 ,  0.0000000E+00 ,  0.2489322    
       71753 ,       26002 ,  0.0000000E+00 ,  5.8865461E-02
       71754 ,       26002 ,  0.0000000E+00 ,  2.0078877E-02
       71755 ,       26002 ,  7.8194290E-02 ,  7.7542767E-02
       71760 ,       26002 ,  0.0000000E+00 ,  3.5742410E-02
       71761 ,       26002 ,  0.0000000E+00 ,  3.8682245E-02
       71762 ,       26002 ,  0.0000000E+00 ,  3.1429823E-02
       71763 ,       26002 ,  0.0000000E+00 ,  5.7598177E-02
       71764 ,        8035 ,  0.0000000E+00 ,  5.0302576E-02
       71765 ,        8035 ,  0.0000000E+00 ,  6.3783668E-02
       71766 ,        8035 ,  0.0000000E+00 ,  4.9772073E-02
       71771 ,        8005 ,  0.0000000E+00 ,  2.3858009E-02
       71774 ,        8005 ,  0.0000000E+00 ,  4.1940548E-02
       71788 ,        8037 ,  0.0000000E+00 ,  5.5300429E-02
       71789 ,        8037 ,  0.0000000E+00 ,  5.3722155E-04
       71791 ,        8028 ,  0.0000000E+00 ,  1.2728911E-02
       71792 ,        8028 ,   1.000000     ,  0.2347507    
       71793 ,        8053 ,  0.4281043     ,  0.2749603    
       71794 ,        8053 ,  0.0000000E+00 ,  2.1564089E-02
       72038 ,        2001 ,  0.0000000E+00 ,  5.4965829E-03
       72039 ,        2001 ,  0.0000000E+00 ,  1.2765665E-03
       72040 ,        2001 ,  0.0000000E+00 ,  3.2474163E-03
       72041 ,        2001 ,  0.0000000E+00 ,  3.4047354E-03
       72042 ,        2001 ,  0.0000000E+00 ,  2.2991141E-03
       72043 ,        2001 ,  0.0000000E+00 ,  7.4955923E-03
       72044 ,        2001 ,  0.0000000E+00 ,  6.1655305E-03
       72052 ,        2002 ,  1.8506061E-02 ,  1.0359224E-02
       72071 ,       26048 ,  0.0000000E+00 ,  4.1507129E-02
       72072 ,       26048 ,  0.0000000E+00 ,  2.5067890E-02
       72077 ,       26017 ,  0.0000000E+00 ,  3.8751051E-02
       72078 ,       26017 ,  0.0000000E+00 ,  1.6376568E-03
       72085 ,       26004 ,  0.0000000E+00 ,  6.7548677E-02
       72086 ,       26004 ,  0.0000000E+00 ,  4.5271777E-02
       72088 ,       26060 ,  0.0000000E+00 ,  0.1026492    
       72093 ,       26043 ,  0.3847072     ,  8.8222228E-02
       72094 ,       26043 ,  0.2750801     ,  6.8125613E-02
       72095 ,       26043 ,  0.0000000E+00 ,  0.1487658    
       72096 ,       26043 ,  0.0000000E+00 ,  2.9842250E-02
       72097 ,       26059 ,  0.0000000E+00 ,  0.1847867    
       72104 ,       26039 ,   1.000000     ,  0.1657585    
       72105 ,       26039 ,  0.0000000E+00 ,  1.8368490E-02
       72107 ,       26002 ,  0.0000000E+00 ,  3.7584029E-02
       72108 ,       26002 ,  0.7053952     ,  7.2514623E-02
       72109 ,       26002 ,  0.2164106     ,  6.0070075E-02
       72110 ,       26002 ,  0.0000000E+00 ,  5.8067545E-02
       72111 ,       26002 ,  0.0000000E+00 ,  5.6808449E-02
       72112 ,       26002 ,  0.0000000E+00 ,  5.7868842E-02
       72113 ,       26002 ,  0.0000000E+00 ,  2.4403580E-02
       72114 ,       26002 ,  0.0000000E+00 ,  3.1017445E-02
       72115 ,       26002 ,  0.0000000E+00 ,  2.6153272E-02
       72123 ,        8005 ,  0.0000000E+00 ,  1.0719183E-02
       72124 ,        8005 ,  0.0000000E+00 ,  2.0825915E-02
       72127 ,        8005 ,  0.0000000E+00 ,  1.6787840E-02
       72128 ,        8005 ,  0.0000000E+00 ,  3.5629041E-02
       72129 ,        8005 ,  0.0000000E+00 ,  8.1451866E-04
       72141 ,        8037 ,  0.0000000E+00 ,  9.6729547E-02
       72143 ,        8037 ,  0.0000000E+00 ,  1.1842030E-03
       72144 ,        8028 ,  0.0000000E+00 ,  0.3329530    
       72145 ,        8028 ,  0.0000000E+00 ,  5.3917080E-02
       72391 ,        2001 ,  0.0000000E+00 ,  7.7480054E-03
       72392 ,        2001 ,  0.0000000E+00 ,  2.7015782E-03
       72395 ,        2001 ,  0.0000000E+00 ,  2.2853692E-03
       72396 ,        2001 ,  0.0000000E+00 ,  1.4459097E-03
       72397 ,        2001 ,  0.0000000E+00 ,  1.8345588E-03
       72398 ,        2001 ,  0.0000000E+00 ,  6.5082787E-03
       72404 ,        2002 ,  0.0000000E+00 ,  5.4863743E-03
       72405 ,        2002 ,  0.0000000E+00 ,  4.7289073E-03
       72423 ,       26048 ,  0.0000000E+00 ,  4.0810455E-02
       72424 ,       26048 ,  0.0000000E+00 ,  4.3409016E-02
       72429 ,       26017 ,  0.0000000E+00 ,  1.6741742E-03
       72430 ,       26017 ,  0.0000000E+00 ,  4.9853310E-02
       72439 ,       26060 ,  0.0000000E+00 ,  0.1244152    
       72440 ,       26060 ,  0.0000000E+00 ,  8.8594317E-02
       72441 ,       26060 ,  0.0000000E+00 ,  1.6651241E-02
       72446 ,       26043 ,  0.1564801     ,  9.3939231E-04
       72447 ,       26043 ,  0.1636645     ,  4.4842176E-03
       72449 ,       26059 ,  0.0000000E+00 ,  8.9708023E-02
       72450 ,       26059 ,  0.0000000E+00 ,  6.4809948E-02
       72481 ,        8005 ,  0.0000000E+00 ,  2.3063451E-02
       72482 ,        8005 ,  0.0000000E+00 ,  7.1212426E-02
       72483 ,        8005 ,  0.0000000E+00 ,  3.1975210E-02
       72484 ,        8005 ,  0.0000000E+00 ,  3.1983186E-02
       72485 ,        8005 ,  0.0000000E+00 ,  3.1986546E-02
       72486 ,        8005 ,  0.0000000E+00 ,  1.8895103E-02
       72494 ,        8037 ,  0.0000000E+00 ,  6.0281657E-02
       72495 ,        8037 ,  4.2684358E-02 ,  0.0000000E+00
       72496 ,        8037 ,  1.6660504E-02 ,  8.0554649E-02
       72497 ,        8037 ,  0.0000000E+00 ,  9.6735880E-03
       72743 ,        2001 ,  3.9952928E-03 ,  1.4380197E-03
       72744 ,        2001 ,  2.5578414E-03 ,  6.5975911E-03
       72757 ,        2002 ,  0.0000000E+00 ,  1.0252749E-02
       72772 ,       26048 ,  0.1185187     ,  2.7921688E-02
       72773 ,       26048 ,  0.0000000E+00 ,  5.1950803E-03
       72774 ,       26048 ,  0.0000000E+00 ,  2.6312869E-02
       72775 ,       26048 ,  0.0000000E+00 ,  6.2782638E-02
       72776 ,       26048 ,  0.0000000E+00 ,  2.6761398E-02
       72782 ,       26017 ,  0.0000000E+00 ,  4.2065755E-02
       72792 ,       26060 ,  0.0000000E+00 ,  1.2395770E-02
       72793 ,       26060 ,  0.0000000E+00 ,  0.1802699    
       72834 ,        8005 ,  0.0000000E+00 ,  5.6009847E-03
       72835 ,        8005 ,  0.0000000E+00 ,  3.1932622E-02
       72839 ,        8005 ,  0.0000000E+00 ,  1.3088990E-02
       72840 ,        8005 ,  0.0000000E+00 ,  3.1980641E-02
       72841 ,        8005 ,  0.0000000E+00 ,  3.1992070E-02
       72842 ,        8005 ,  0.0000000E+00 ,  3.1778030E-02
       72843 ,        8005 ,  0.0000000E+00 ,  3.1451445E-02
       72844 ,        8005 ,  0.0000000E+00 ,  3.1451218E-02
       72845 ,        8037 ,  0.0000000E+00 ,  5.3303421E-02
       72846 ,        8037 ,  3.7394207E-02 ,  3.7329953E-02
       72847 ,        8037 ,  7.1610883E-02 ,  9.5608778E-02
       72848 ,        8037 ,  0.2330533     ,  4.4122089E-02
       72849 ,        8037 ,  4.8952423E-02 ,  7.6755352E-02
       73097 ,        2001 ,  0.0000000E+00 ,  6.8483707E-03
       73110 ,        2002 ,  0.0000000E+00 ,  1.0259169E-02
       73124 ,       26048 ,  9.2991476E-04 ,  0.0000000E+00
       73125 ,       26048 ,  0.7803175     ,  5.2063406E-02
       73126 ,       26048 ,  0.1002339     ,  6.2151194E-02
       73127 ,       26048 ,  0.0000000E+00 ,  3.1615276E-02
       73134 ,       26048 ,  0.0000000E+00 ,  1.6801707E-02
       73135 ,       26048 ,  0.0000000E+00 ,  4.5558982E-02
       73146 ,       26060 ,  0.0000000E+00 ,  6.1599802E-02
       73188 ,        8005 ,  0.0000000E+00 ,  3.1524934E-02
       73198 ,        8037 ,  0.0000000E+00 ,  3.7349720E-02
       73199 ,        8037 ,  6.9690938E-03 ,  0.0000000E+00
       73200 ,        8037 ,  0.2107550     ,  4.8164826E-02
       73201 ,        8037 ,  0.1610043     ,  4.8099339E-02
       73202 ,        8037 ,  1.0217401E-03 ,  5.5578635E-03
       73449 ,        2001 ,  0.0000000E+00 ,  5.8940980E-03
       73450 ,        2001 ,  0.0000000E+00 ,  8.3769113E-03
       73451 ,        2001 ,  0.0000000E+00 ,  6.4484547E-03
       73452 ,        2001 ,  0.0000000E+00 ,  5.5793999E-03
       73453 ,        2001 ,  0.0000000E+00 ,  4.4827294E-03
       73454 ,        2001 ,  0.0000000E+00 ,  2.7564699E-03
       73457 ,        2001 ,  0.0000000E+00 ,  2.6439887E-03
       73458 ,        2001 ,  0.0000000E+00 ,  5.8043883E-03
       73459 ,        2002 ,  0.0000000E+00 ,  1.0298597E-02
       73460 ,        2002 ,  0.0000000E+00 ,  1.2360769E-02
       73462 ,        2002 ,  0.0000000E+00 ,  2.2230668E-03
       73463 ,        2002 ,  0.0000000E+00 ,  8.0371900E-03
       73479 ,       26048 ,  0.0000000E+00 ,  6.5346137E-02
       73487 ,       26070 ,  0.0000000E+00 ,  5.3534869E-02
       73541 ,        8005 ,  0.1814460     ,  4.9489744E-02
       73542 ,        8005 ,  0.0000000E+00 ,  8.5529983E-03
       73551 ,        8037 ,  0.0000000E+00 ,  3.0149601E-02
       73552 ,        8037 ,  3.4740657E-02 ,  0.0000000E+00
       73553 ,        8037 ,  0.1156142     ,  2.7465539E-03
       73554 ,        8037 ,  1.9539244E-02 ,  0.0000000E+00
       73800 ,        2001 ,  0.0000000E+00 ,  1.5094535E-03
       73801 ,        2001 ,  0.0000000E+00 ,  7.2455974E-03
       73802 ,        2001 ,  9.0302164E-03 ,  9.0290410E-03
       73803 ,        2001 ,  9.6426911E-06 ,  4.8097000E-03
       73805 ,        2001 ,  0.0000000E+00 ,  1.1390897E-03
       73806 ,        2001 ,  0.0000000E+00 ,  2.7786735E-03
       73807 ,        2001 ,  0.0000000E+00 ,  6.7593292E-03
       73808 ,        2001 ,  0.0000000E+00 ,  8.8835331E-03
       73809 ,        2001 ,  0.0000000E+00 ,  6.1598336E-03
       73810 ,        2001 ,  0.0000000E+00 ,  3.0709861E-03
       73813 ,        2002 ,  0.0000000E+00 ,  7.3201564E-04
       73814 ,        2002 ,  0.0000000E+00 ,  1.1845124E-02
       73815 ,        2002 ,  0.0000000E+00 ,  1.7703574E-02
       73832 ,       26048 ,  0.0000000E+00 ,  2.3142420E-02
       73833 ,       26048 ,  0.0000000E+00 ,  4.2267296E-02
       73839 ,       26070 ,  0.0000000E+00 ,  2.2862669E-02
       73840 ,       26070 ,  0.0000000E+00 ,  3.0769158E-02
       73891 ,        8005 ,  0.0000000E+00 ,  1.6684454E-02
       73892 ,        8005 ,  0.0000000E+00 ,  3.1481642E-02
       73893 ,        8005 ,  0.0000000E+00 ,  3.1465992E-02
       73894 ,        8005 ,  0.2383333     ,  1.6235214E-02
       74153 ,        2001 ,  0.0000000E+00 ,  6.4014317E-03
       74155 ,        2001 ,  0.0000000E+00 ,  1.0391220E-02
       74161 ,        2001 ,  9.7511783E-03 ,  7.7773295E-03
       74168 ,        2002 ,  0.0000000E+00 ,  1.0001074E-02
       74186 ,       26048 ,  0.0000000E+00 ,  5.8416449E-02
       74187 ,       26048 ,  0.0000000E+00 ,  6.8322900E-03
       74192 ,       26070 ,  0.0000000E+00 ,  5.2500885E-02
       74194 ,       26070 ,  0.0000000E+00 ,  1.8647445E-02
       74195 ,       26070 ,  0.0000000E+00 ,  5.0661013E-02
       74505 ,        2001 ,  0.0000000E+00 ,  2.2156090E-03
       74506 ,        2001 ,  0.0000000E+00 ,  8.4977597E-03
       74507 ,        2001 ,  0.0000000E+00 ,  7.0931297E-03
       74508 ,        2001 ,  0.0000000E+00 ,  6.2069437E-03
       74513 ,        2001 ,  0.0000000E+00 ,  3.6716287E-03
       74514 ,        2001 ,  0.0000000E+00 ,  2.5548323E-03
       74521 ,        2002 ,  0.0000000E+00 ,  9.8816119E-03
       74540 ,       26048 ,  0.0000000E+00 ,  6.4470723E-02
       74541 ,       26048 ,  0.0000000E+00 ,  7.7572517E-02
       74542 ,       26070 ,  0.0000000E+00 ,  5.1417209E-02
       74543 ,       26070 ,  0.0000000E+00 ,  1.2611851E-02
       74545 ,       26070 ,  0.0000000E+00 ,  4.9311344E-02
       74547 ,       26070 ,  0.0000000E+00 ,  5.7005335E-02
       74858 ,        2001 ,  0.0000000E+00 ,  8.9946378E-04
       74860 ,        2001 ,  0.0000000E+00 ,  1.0083535E-02
       74861 ,        2001 ,  0.0000000E+00 ,  3.6083059E-03
       74865 ,        2001 ,  0.0000000E+00 ,  3.5339050E-04
       74866 ,        2001 ,  0.0000000E+00 ,  6.2776669E-03
       74874 ,        2002 ,  0.0000000E+00 ,  1.0194191E-02
       74880 ,       26055 ,  4.5499109E-02 ,  1.8239617E-02
       74896 ,       26070 ,  0.0000000E+00 ,  4.6758454E-02
       74897 ,       26070 ,  0.0000000E+00 ,  5.8231078E-02
       74898 ,       26070 ,  0.0000000E+00 ,  4.1466281E-02
       74899 ,       26070 ,  0.0000000E+00 ,  6.1108500E-02
       74900 ,       26070 ,  0.0000000E+00 ,  2.9668061E-03
       75211 ,        2001 ,  0.0000000E+00 ,  2.4972865E-03
       75212 ,        2001 ,  0.0000000E+00 ,  9.6221268E-03
       75213 ,        2001 ,  0.0000000E+00 ,  7.8984257E-03
       75218 ,        2001 ,  0.0000000E+00 ,  5.5453782E-03
       75227 ,        2002 ,  0.0000000E+00 ,  1.0877740E-02
       75232 ,       26055 ,  0.0000000E+00 ,  3.3211177E-03
       75233 ,       26055 ,  0.0000000E+00 ,  3.1814437E-02
       75250 ,       26070 ,  0.0000000E+00 ,  5.5615991E-02
       75251 ,       26070 ,   1.000000     ,  8.3982825E-02
       75564 ,        2001 ,  6.6368678E-03 ,  3.5078921E-03
       75565 ,        2001 ,  2.6847545E-02 ,  5.3217383E-03
       75570 ,        2001 ,  0.0000000E+00 ,  1.4014613E-03
       75571 ,        2001 ,  0.0000000E+00 ,  5.5171722E-03
       75579 ,        2002 ,  0.0000000E+00 ,  1.2872944E-03
       75580 ,        2002 ,  0.0000000E+00 ,  1.2431419E-02
       75585 ,       26055 ,  0.0000000E+00 ,  3.7349004E-02
       75599 ,       26070 ,  0.0000000E+00 ,  1.6102778E-02
       75600 ,       26070 ,  0.0000000E+00 ,  2.5712453E-02
       75601 ,       26070 ,  0.0000000E+00 ,  5.0673816E-02
       75602 ,       26070 ,  0.0000000E+00 ,  5.1434815E-02
       75603 ,       26070 ,  0.0000000E+00 ,  1.9197760E-02
       75916 ,        2001 ,  0.0000000E+00 ,  4.4305748E-03
       75917 ,        2001 ,  4.5783155E-02 ,  1.2239750E-02
       75918 ,        2001 ,  2.2201130E-02 ,  0.0000000E+00
       75923 ,        2001 ,  0.0000000E+00 ,  5.9174746E-03
       75932 ,        2002 ,  0.0000000E+00 ,  1.0405764E-02
       75937 ,       26055 ,  0.0000000E+00 ,  2.4121741E-02
       75938 ,       26055 ,  0.0000000E+00 ,  1.5635304E-02
       75950 ,       26048 ,  0.0000000E+00 ,  4.8638675E-03
       75951 ,       26070 ,  0.0000000E+00 ,  5.3644352E-02
       75952 ,       26070 ,  0.0000000E+00 ,  6.5275744E-02
       75953 ,       26070 ,  0.0000000E+00 ,  2.2656219E-02
       76270 ,        2001 ,  0.1198518     ,  1.4621010E-02
       76271 ,        2001 ,  4.2244472E-02 ,  6.2694051E-03
       76272 ,        2001 ,  0.0000000E+00 ,  3.0574466E-03
       76273 ,        2001 ,  0.0000000E+00 ,  6.3954978E-03
       76274 ,        2001 ,  5.4884632E-03 ,  5.5970224E-03
       76275 ,        2001 ,  0.0000000E+00 ,  5.6170551E-03
       76276 ,        2001 ,  0.0000000E+00 ,  2.2703463E-03
       76285 ,        2002 ,  0.0000000E+00 ,  9.9777319E-03
       76289 ,       26055 ,  0.0000000E+00 ,  8.8219456E-03
       76290 ,       26055 ,  0.0000000E+00 ,  2.8724367E-02
       76301 ,       26055 ,  0.0000000E+00 ,  3.8958993E-02
       76302 ,       26055 ,  0.0000000E+00 ,  3.2445751E-02
       76303 ,       26055 ,  0.0000000E+00 ,  2.9553123E-02
       76622 ,        2001 ,  1.5717026E-02 ,  1.9643551E-02
       76623 ,        2001 ,  4.3751132E-02 ,  3.9876406E-03
       76624 ,        2001 ,  4.0137287E-02 ,  0.0000000E+00
       76625 ,        2001 ,  0.0000000E+00 ,  2.9936833E-03
       76627 ,        2001 ,  3.3994049E-03 ,  0.0000000E+00
       76638 ,        2002 ,  0.0000000E+00 ,  9.9845305E-03
       76640 ,        2002 ,  0.0000000E+00 ,  8.9570023E-03
       76642 ,       26055 ,  0.0000000E+00 ,  3.8054429E-02
       76652 ,       26055 ,  0.0000000E+00 ,  3.9694730E-02
       76653 ,       26055 ,  0.0000000E+00 ,  3.2386307E-02
       76654 ,       26055 ,  0.0000000E+00 ,  1.1507558E-03
       76974 ,        2001 ,  0.0000000E+00 ,  1.0745463E-02
       76975 ,        2001 ,  0.0000000E+00 ,  1.4268775E-02
       76976 ,        2001 ,  0.0000000E+00 ,  8.3085177E-03
       76977 ,        2001 ,  0.0000000E+00 ,  5.7757087E-04
       76990 ,        2002 ,  0.0000000E+00 ,  2.9990850E-03
       76991 ,        2002 ,  0.0000000E+00 ,  8.1494059E-03
       76992 ,        2002 ,  0.0000000E+00 ,  2.8689201E-03
       76993 ,        2002 ,  7.7692319E-05 ,  1.8724794E-02
       76994 ,       26055 ,  0.0000000E+00 ,  3.2600924E-02
       76995 ,       26055 ,  0.0000000E+00 ,  5.8261855E-03
       77003 ,       26055 ,  0.0000000E+00 ,  4.5230640E-03
       77004 ,       26055 ,  0.0000000E+00 ,  4.7728844E-02
       77005 ,       26055 ,  0.0000000E+00 ,  6.8690081E-04
       77327 ,        2005 ,  0.0000000E+00 ,  0.3417619    
       77328 ,        2001 ,  0.0000000E+00 ,  1.5466054E-03
       77329 ,        2001 ,  0.0000000E+00 ,  4.4537356E-04
       77330 ,        2001 ,  7.1262065E-03 ,  9.1742743E-03
       77339 ,        2002 ,  0.0000000E+00 ,  3.1768461E-03
       77340 ,        2002 ,  0.0000000E+00 ,  4.4271583E-03
       77343 ,        2002 ,  0.0000000E+00 ,  1.0190498E-02
       77344 ,        2002 ,  0.0000000E+00 ,  4.2425040E-03
       77345 ,        2002 ,  7.1774921E-03 ,  2.5498113E-02
       77346 ,       26055 ,  3.8592885E-03 ,  1.7847219E-02
       77347 ,       26055 ,  2.2589078E-02 ,  8.8843390E-02
       77355 ,       26055 ,  0.0000000E+00 ,  2.4644662E-02
       77356 ,       26055 ,  0.0000000E+00 ,  3.4609985E-02
       77680 ,        2005 ,  0.0000000E+00 ,  0.2092842    
       77683 ,        2001 ,  0.0000000E+00 ,  8.7514875E-04
       77684 ,        2001 ,  0.0000000E+00 ,  6.1821728E-03
       77692 ,        2002 ,  0.0000000E+00 ,  1.2138362E-02
       77696 ,        2002 ,  0.0000000E+00 ,  1.2291175E-02
       77697 ,        2002 ,  0.0000000E+00 ,  7.7888588E-03
       77698 ,        2002 ,  2.8930528E-03 ,  2.2785269E-02
       77699 ,        2002 ,  1.0738926E-02 ,  1.6306747E-02
       77700 ,        2002 ,  0.0000000E+00 ,  2.2367094E-02
       77701 ,       26055 ,  0.0000000E+00 ,  1.3339979E-02
       77706 ,       26055 ,  0.0000000E+00 ,  3.2641929E-02
       77707 ,       26055 ,  0.0000000E+00 ,  3.3895802E-02
       77708 ,       26055 ,  0.0000000E+00 ,  9.3346853E-03
       78032 ,        2005 ,  1.5736299E-02 ,  0.1342539    
       78033 ,        2005 ,  2.6159966E-02 ,  9.8767564E-02
       78037 ,        2001 ,  0.0000000E+00 ,  5.8303988E-03
       78044 ,        2002 ,  0.0000000E+00 ,  7.9914732E-03
       78045 ,        2002 ,  0.0000000E+00 ,  2.7003428E-03
       78049 ,        2002 ,  0.0000000E+00 ,  1.0248313E-02
       78051 ,        2002 ,  8.5424082E-03 ,  1.4990697E-02
       78052 ,        2002 ,  0.0000000E+00 ,  1.4600376E-02
       78053 ,        2002 ,  0.0000000E+00 ,  2.1010300E-02
       78054 ,       26055 ,  0.0000000E+00 ,  5.0618377E-02
       78055 ,       26055 ,  0.3021432     ,  8.5420758E-03
       78056 ,       26055 ,  3.5399701E-02 ,  2.3193290E-03
       78057 ,       26055 ,  0.0000000E+00 ,  3.4008548E-02
       78058 ,       26055 ,  0.0000000E+00 ,  3.4001593E-02
       78059 ,       26055 ,  0.0000000E+00 ,  3.5246890E-03
       78384 ,        2005 ,  2.0504892E-02 ,  0.1652307    
       78385 ,        2005 ,  0.0000000E+00 ,  0.1208274    
       78389 ,        2003 ,  0.0000000E+00 ,  9.0768248E-02
       78390 ,        2003 ,  0.0000000E+00 ,  2.0805582E-02
       78397 ,        2002 ,  0.0000000E+00 ,  1.0123034E-02
       78402 ,        2002 ,  0.0000000E+00 ,  1.0058879E-02
       78403 ,        2002 ,  3.4793515E-03 ,  1.3145486E-02
       78404 ,        2002 ,  3.8541167E-03 ,  3.1191479E-02
       78405 ,        2002 ,  0.0000000E+00 ,  2.5942300E-02
       78406 ,        2002 ,  0.0000000E+00 ,  1.8337086E-02
       78407 ,        2002 ,  7.6614710E-04 ,  2.6251677E-02
       78408 ,       26055 ,  0.4590172     ,  3.6717046E-02
       78409 ,       26055 ,  0.1308898     ,  4.6508614E-02
       78737 ,        2005 ,  0.3800108     ,  0.2030060    
       78738 ,        2005 ,  2.3171494E-02 ,  0.0000000E+00
       78739 ,        2004 ,  2.9418599E-03 ,  0.0000000E+00
       78740 ,        2004 ,  0.0000000E+00 ,  2.5031220E-03
       78741 ,        2004 ,  0.0000000E+00 ,  1.6729906E-02
       78742 ,        2003 ,  0.0000000E+00 ,  5.7222359E-02
       78746 ,        2003 ,  0.0000000E+00 ,  6.7209736E-03
       78747 ,        2003 ,  0.0000000E+00 ,  3.9269980E-02
       78750 ,        2002 ,  0.0000000E+00 ,  2.1851982E-03
       78751 ,        2002 ,  0.0000000E+00 ,  7.7924929E-03
       78755 ,        2002 ,  0.0000000E+00 ,  1.9617567E-02
       78756 ,        2002 ,  4.0589087E-03 ,  8.3106477E-03
       78757 ,        2002 ,  4.4681607E-03 ,  1.8327393E-02
       78758 ,        2002 ,  1.1521189E-03 ,  1.7027833E-02
       78759 ,        2002 ,  4.8594908E-03 ,  2.0029899E-02
       78760 ,        2002 ,  3.2734005E-03 ,  1.4168403E-02
       78761 ,        2002 ,  0.0000000E+00 ,  1.0278443E-02
       79090 ,        2005 ,  3.4508087E-02 ,  0.2505921    
       79091 ,        2005 ,  2.8549645E-03 ,  9.7036801E-02
       79092 ,        2004 ,  9.4317738E-04 ,  7.2892092E-02
       79093 ,        2004 ,  0.1645479     ,  6.7352504E-02
       79094 ,        2004 ,  3.5929438E-02 ,  5.4178786E-02
       79095 ,        2003 ,  0.0000000E+00 ,  7.0717379E-02
       79097 ,        2003 ,  0.0000000E+00 ,  2.5953263E-02
       79098 ,        2003 ,  0.1113215     ,  5.6723814E-02
       79099 ,        2003 ,  6.2203370E-03 ,  5.3475864E-02
       79100 ,        2003 ,  0.0000000E+00 ,  1.9862479E-02
       79101 ,        2003 ,  0.0000000E+00 ,  8.6822197E-02
       79102 ,        2003 ,  0.0000000E+00 ,  4.3458372E-02
       79103 ,        2002 ,  0.0000000E+00 ,  9.8875072E-03
       79104 ,        2002 ,  0.0000000E+00 ,  1.6774382E-02
       79105 ,        2002 ,  0.0000000E+00 ,  1.1571885E-02
       79106 ,        2002 ,  1.3587452E-02 ,  1.5503289E-02
       79107 ,        2002 ,  0.1076679     ,  2.3102958E-02
       79108 ,        2002 ,  0.1028268     ,  2.0186642E-02
       79109 ,        2002 ,  3.3038801E-03 ,  1.0600318E-02
       79110 ,        2002 ,  0.0000000E+00 ,  9.9514853E-03
       79111 ,        2002 ,  0.0000000E+00 ,  9.8664714E-03
       79112 ,        2002 ,  0.0000000E+00 ,  2.0218968E-02
       79113 ,        2002 ,  7.8849299E-03 ,  2.0598792E-02
       79114 ,        2002 ,  4.6429811E-03 ,  2.9992189E-02
       79115 ,        2002 ,  0.0000000E+00 ,  4.3176119E-03
       79443 ,        2004 ,  0.0000000E+00 ,  0.1427044    
       79444 ,        2004 ,  0.0000000E+00 ,  0.1508776    
       79445 ,        2004 ,  0.0000000E+00 ,  6.0644735E-02
       79446 ,        2004 ,  0.0000000E+00 ,  0.1136979    
       79447 ,        2003 ,  3.8520007E-03 ,  0.1269829    
       79448 ,        2003 ,  0.4237731     ,  0.1220460    
       79449 ,        2003 ,  0.0000000E+00 ,  5.4549161E-02
       79450 ,        2003 ,  0.0000000E+00 ,  3.4251131E-02
       79454 ,        2003 ,  0.0000000E+00 ,  4.8248254E-02
       79455 ,        2003 ,  0.0000000E+00 ,  8.7089844E-02
       79456 ,        2002 ,  0.0000000E+00 ,  1.0205813E-02
       79457 ,        2002 ,  0.0000000E+00 ,  1.0524858E-02
       79458 ,        2002 ,  0.0000000E+00 ,  1.0896312E-02
       79459 ,        2002 ,  1.6498294E-02 ,  3.8859725E-03
       79460 ,        2002 ,  0.1066991     ,  6.9692889E-03
       79461 ,        2002 ,  5.7948414E-02 ,  1.2054194E-02
       79462 ,        2002 ,  0.0000000E+00 ,  4.9132742E-03
       79468 ,        2002 ,  5.5605345E-03 ,  1.0625967E-02
