 GRID, CVE_ENT_MUN, frac, suma
     294,  7087,  2.3792453E-01,  7.5871414E+04
     295,  7087,  2.1686065E-03,  7.5871414E+04
     645,  7089,  9.9787666E-03,  4.7771834E+05
     646,  7089,  4.9534917E-02,  4.7771834E+05
     647,  7087,  1.6662223E-03,  7.5871414E+04
     648,  7087,  2.7125344E-01,  7.5871414E+04
     997,  7054,  1.6871284E-01,  1.2155738E+05
     998,  7089,  1.0732669E-01,  4.7771834E+05
     999,  7089,  5.8656085E-02,  4.7771834E+05
    1000,  7035,  6.2480950E-01,  3.0190107E+04
    1001,  7087,  2.5609511E-01,  7.5871414E+04
    1349,  7054,  1.8325149E-01,  1.2155738E+05
    1350,  7054,  2.6676401E-01,  1.2155738E+05
    1351,  7089,  9.6744336E-02,  4.7771834E+05
    1352,  7089,  1.0209414E-01,  4.7771834E+05
    1353,  7055,  3.5130320E+00,  1.2404875E+04
    1354,  7035,  6.3882269E-02,  3.0190107E+04
    1701,  7054,  9.3191274E-02,  1.2155738E+05
    1702,  7054,  1.9291766E-02,  1.2155738E+05
    1703,  7054,  3.1280661E-01,  1.2155738E+05
    1704,  7089,  8.9324050E-02,  4.7771834E+05
    1705,  7089,  1.7250612E-01,  4.7771834E+05
    1706,  7102,  5.0556374E-01,  1.2661721E+05
    1707,  7102,  1.5702255E-01,  1.2661721E+05
    2056,  7037,  1.3794017E-01,  1.0695018E+05
    2057,  7037,  5.0136715E-01,  1.0695018E+05
    2058,  7089,  2.3210289E-02,  4.7771834E+05
    2059,  7089,  7.7243246E-02,  4.7771834E+05
    2060,  7102,  1.6913496E-01,  1.2661721E+05
    2409,  7103,  3.1747654E-01,  7.8345117E+04
    2410,  7103,  5.0473499E-01,  7.8345117E+04
    2411,  7089,  9.9158317E-02,  4.7771834E+05
    2412,  7089,  3.7846923E-02,  4.7771834E+05
    2413,  7105,  1.3465325E+00,  2.4177883E+04
    2758,  7003,  4.4288334E-02,  5.1483691E+04
    2761,  7071,  1.1119500E+00,  3.6090465E+04
    2762,  7103,  6.8554682E-01,  7.8345117E+04
    2763,  7103,  1.9701539E-01,  7.8345117E+04
    2764,  7089,  2.2679120E-02,  4.7771834E+05
    2765,  7089,  4.5455400E-02,  4.7771834E+05
    3111,  7003,  1.8215363E-01,  5.1483691E+04
    3112,  7003,  2.1866426E-01,  5.1483691E+04
    3113,  7071,  1.1854498E+00,  3.6090465E+04
    3114,  7071,  1.1740300E-01,  3.6090465E+04
    3115,  7057,  1.2925254E-01,  1.6114155E+05
    3116,  7057,  5.6385784E-03,  1.6114155E+05
    3117,  7057,  4.5494892E-02,  1.6114155E+05
    3118,  7057,  1.5719840E-01,  1.6114155E+05
    3461,  7051,  3.9804500E-02,  1.3400136E+05
    3462,  7051,  1.3187943E-01,  1.3400136E+05
    3464,  7001,  4.6185383E-01,  4.8473215E+04
    3465,  7001,  1.2316589E+00,  4.8473215E+04
    3466,  7032,  2.5384399E-01,  9.9228344E+04
    3467,  7032,  1.8795671E-01,  9.9228344E+04
    3468,  7057,  5.9536099E-02,  1.6114155E+05
    3469,  7057,  1.9196737E-01,  1.6114155E+05
    3470,  7057,  2.2858876E-01,  1.6114155E+05
    3471,  7053,  2.4101484E-01,  1.8755150E+04
    3812,  7069,  5.6304708E-02,  2.9020656E+05
    3813,  7051,  1.0601190E-01,  1.3400136E+05
    3814,  7051,  5.7654589E-02,  1.3400136E+05
    3815,  7051,  1.9099200E-01,  1.3400136E+05
    3816,  7051,  2.5054881E-01,  1.3400136E+05
    3817,  7051,  1.6040680E-01,  1.3400136E+05
    3822,  7057,  1.5364401E-01,  1.6114155E+05
    3823,  7057,  1.6106446E-01,  1.6114155E+05
    3824,  7057,  1.3564189E-01,  1.6114155E+05
    4122, 20439,  6.6588633E-02,  1.3207203E+05
    4123, 20439,  1.2998454E-01,  1.3207203E+05
    4124, 20439,  2.5403517E-01,  1.3207203E+05
    4125, 20324,  2.7939162E-01,  1.1947602E+05
    4126, 20324,  9.9655300E-02,  1.1947602E+05
    4128, 20413,  4.9620096E-02,  2.2658473E+05
    4164,  7069,  1.0797660E-02,  2.9020656E+05
    4165,  7069,  9.1797402E-03,  2.9020656E+05
    4167,  7051,  2.3362437E-01,  1.3400136E+05
    4168,  7051,  2.5681216E-01,  1.3400136E+05
    4175,  7080,  5.5155629E-01,  3.1139570E+04
    4176,  7070,  1.3592650E+00,  3.5213016E+04
    4177,  7036,  5.9026951E-01,  2.7625947E+04
    4178,  7006,  3.5109520E-01,  6.7357398E+04
    4472, 20401,  1.2192775E-01,  1.0057787E+05
    4473, 20401,  1.9164072E-01,  1.0057787E+05
    4474, 20401,  3.2964909E-01,  1.0057787E+05
    4475, 20439,  2.1051948E-01,  1.3207203E+05
    4476, 20439,  5.0177552E-02,  1.3207203E+05
    4478, 20439,  1.9005878E-01,  1.3207203E+05
    4479, 20324,  2.0212826E-01,  1.1947602E+05
    4480, 20413,  9.8663390E-02,  2.2658473E+05
    4481, 20413,  2.1834917E-01,  2.2658473E+05
    4482, 20413,  1.7947823E-01,  2.2658473E+05
    4483, 20413,  1.9226950E-01,  2.2658473E+05
    4517,  7069,  5.9461635E-02,  2.9020656E+05
    4518,  7069,  2.9386912E-02,  2.9020656E+05
    4519,  7069,  1.5399694E-01,  2.9020656E+05
    4520,  7069,  5.1586647E-02,  2.9020656E+05
    4528,  7080,  3.1456637E-01,  3.1139570E+04
    4529,  7011,  1.0994941E+00,  1.9535262E+04
    4530,  7006,  1.9043106E-01,  6.7357398E+04
    4531,  7006,  1.8214455E-01,  6.7357398E+04
    4824, 20318,  3.1796345E-01,  1.0389598E+05
    4825, 20401,  3.0838963E-01,  1.0057787E+05
    4826, 20401,  6.4134605E-02,  1.0057787E+05
    4827, 20401,  6.3048601E-02,  1.0057787E+05
    4829, 20509,  1.5836296E+00,  5.8907793E+03
    4831, 20324,  9.9020153E-02,  1.1947602E+05
    4832, 20324,  9.1368146E-02,  1.1947602E+05
    4833, 20324,  1.7107455E-01,  1.1947602E+05
    4834, 20266,  2.8471005E-01,  1.0911611E+05
    4836, 20413,  1.0934433E-01,  2.2658473E+05
    4837, 20307,  2.8406394E-01,  1.1055845E+05
    4838, 20307,  9.3199965E-03,  1.1055845E+05
    4870,  7069,  1.6538152E-01,  2.9020656E+05
    4871,  7069,  9.5786139E-02,  2.9020656E+05
    4882,  7011,  1.2124176E-01,  1.9535262E+04
    4883,  7011,  1.7232928E+00,  1.9535262E+04
    4884,  7006,  2.5149316E-02,  6.7357398E+04
    4885,  7006,  1.3058685E-01,  6.7357398E+04
    5172, 20334,  3.3068750E-02,  2.3505009E+05
    5173, 20334,  5.4801490E-02,  2.3505009E+05
    5174, 20334,  8.1688419E-02,  2.3505009E+05
    5175, 20334,  8.9701951E-02,  2.3505009E+05
    5176, 20318,  2.0427677E-01,  1.0389598E+05
    5177, 20318,  3.4952569E-01,  1.0389598E+05
    5178, 20318,  1.3603657E-01,  1.0389598E+05
    5184, 20012,  9.5642716E-01,  3.2243021E+04
    5185, 20012,  5.0935858E-01,  3.2243021E+04
    5186, 20324,  2.0428349E-03,  1.1947602E+05
    5187, 20266,  2.0236677E-01,  1.0911611E+05
    5188, 20266,  2.3257068E-01,  1.0911611E+05
    5189, 20266,  2.1102154E-01,  1.0911611E+05
    5190, 20307,  1.9299410E-01,  1.1055845E+05
    5191, 20307,  1.8009762E-01,  1.1055845E+05
    5192, 20307,  1.8826386E-01,  1.1055845E+05
    5193, 20307,  7.5881526E-02,  1.1055845E+05
    5218,  7097,  1.7290488E-03,  4.4032375E+05
    5219,  7097,  2.5851822E-02,  4.4032375E+05
    5220,  7097,  2.3056318E-03,  4.4032375E+05
    5221,  7069,  1.0987452E-01,  2.9020656E+05
    5222,  7069,  1.4126517E-01,  2.9020656E+05
    5223,  7069,  9.0282848E-03,  2.9020656E+05
    5231,  7117,  1.0000000E+00,  1.7003101E+02
    5234,  7030,  3.8590934E-02,  6.1927633E+04
    5235,  7011,  1.3632624E+00,  1.9535262E+04
    5236,  7011,  5.7032257E-01,  1.9535262E+04
    5237,  7034,  1.6982456E-01,  1.1873047E+05
    5238,  7034,  2.3231672E-01,  1.1873047E+05
    5523, 20334,  5.0969969E-02,  2.3505009E+05
    5524, 20334,  9.9116981E-02,  2.3505009E+05
    5525, 20334,  8.5069031E-02,  2.3505009E+05
    5526, 20364,  4.3308181E-01,  6.6282547E+04
    5530, 20153,  6.2427431E-01,  4.9219551E+04
    5531, 20159,  3.3157803E-02,  2.2174470E+05
    5536, 20085,  5.1039708E-01,  3.4994957E+04
    5537, 20306,  1.7293915E+00,  2.9610789E+04
    5542, 20266,  1.8250072E-01,  1.0911611E+05
    5546, 20307,  1.7273016E-01,  1.1055845E+05
    5547, 20307,  2.5830448E-01,  1.1055845E+05
    5548, 20453,  5.0554270E-01,  4.0276945E+04
    5549, 20515,  9.5429964E-02,  2.2505884E+05
    5550, 20515,  1.1477006E-02,  2.2505884E+05
    5570,  7097,  3.9994933E-02,  4.4032375E+05
    5571,  7097,  3.1172365E-02,  4.4032375E+05
    5572,  7097,  2.7684225E-02,  4.4032375E+05
    5573,  7097,  9.7123958E-02,  4.4032375E+05
    5574,  7097,  3.9279956E-02,  4.4032375E+05
    5582,  7008,  6.5524858E-01,  2.8390150E+04
    5587,  7030,  3.9318308E-01,  6.1927633E+04
    5591,  7034,  1.7430027E-01,  1.1873047E+05
    5872, 20414,  1.8703073E-02,  3.8982797E+04
    5873, 20414,  1.2746227E-01,  3.8982797E+04
    5875, 20467,  1.0018742E-01,  1.4355214E+05
    5876, 20334,  6.4728558E-02,  2.3505009E+05
    5877, 20334,  1.3067925E-01,  2.3505009E+05
    5879, 20364,  1.7955549E-01,  6.6282547E+04
    5880, 20364,  1.6410823E-01,  6.6282547E+04
    5882, 20526,  1.3210399E+00,  2.1618424E+04
    5883, 20202,  7.2745878E-01,  4.7048637E+04
    5884, 20159,  9.2380121E-02,  2.2174470E+05
    5885, 20159,  1.0594170E-01,  2.2174470E+05
    5887, 20366,  1.3544071E+00,  2.6936904E+04
    5889, 20085,  6.9457442E-01,  3.4994957E+04
    5890, 20254,  7.9592383E-01,  8.9716367E+04
    5891, 20424,  6.1455595E-01,  2.4926967E+04
    5892, 20424,  1.2349764E-01,  2.4926967E+04
    5900, 20307,  2.4919799E-02,  1.1055845E+05
    5903, 20515,  1.0717935E-01,  2.2505884E+05
    5922,  7097,  4.8331250E-02,  4.4032375E+05
    5923,  7097,  6.9073431E-02,  4.4032375E+05
    5924,  7097,  7.2935760E-02,  4.4032375E+05
    5925,  7097,  9.1629080E-02,  4.4032375E+05
    5934,  7020,  1.0760315E-02,  2.1795566E+05
    5935,  7008,  9.3392444E-01,  2.8390150E+04
    5939,  7020,  8.5529566E-02,  2.1795566E+05
    5940,  7030,  2.0454362E-01,  6.1927633E+04
    5944,  7034,  2.1453454E-01,  1.1873047E+05
    6225, 20482,  1.4274871E-01,  1.4130833E+05
    6226, 20414,  5.0214630E-01,  3.8982797E+04
    6227, 20467,  3.8528357E-02,  1.4355214E+05
    6228, 20467,  2.3448759E-01,  1.4355214E+05
    6229, 20467,  1.4701988E-01,  1.4355214E+05
    6230, 20334,  5.1798657E-02,  2.3505009E+05
    6231, 20334,  8.9630619E-02,  2.3505009E+05
    6233, 20364,  1.3738471E-01,  6.6282547E+04
    6234, 20364,  8.4532842E-02,  6.6282547E+04
    6235, 20202,  2.4236074E-01,  4.7048637E+04
    6236, 20202,  4.3769640E-01,  4.7048637E+04
    6237, 20159,  2.0775658E-01,  2.2174470E+05
    6238, 20159,  3.4127229E-01,  2.2174470E+05
    6239, 20344,  1.6112206E+00,  3.2825094E+04
    6240, 20291,  6.0958785E-01,  5.9000285E+04
    6242, 20391,  8.2891703E-01,  1.6169150E+04
    6243, 20347,  1.9668399E+00,  3.4073434E+04
    6244, 20347,  1.0517690E+00,  3.4073434E+04
    6245, 20512,  1.8276970E+00,  3.0649209E+03
    6250, 20125,  5.4346349E-02,  1.0711452E+05
    6251, 20008,  5.4779994E-01,  3.8326250E+04
    6256, 20515,  5.0082020E-02,  2.2505884E+05
    6257, 20515,  1.2572750E-01,  2.2505884E+05
    6258, 20079,  2.5252268E-02,  5.6207070E+04
    6274,  7097,  6.9242446E-03,  4.4032375E+05
    6275,  7097,  7.2895631E-02,  4.4032375E+05
    6276,  7097,  1.2561560E-01,  4.4032375E+05
    6277,  7097,  4.0993009E-02,  4.4032375E+05
    6280,  7107,  7.0946272E-03,  3.3095147E+05
    6281,  7107,  3.4656733E-02,  3.3095147E+05
    6282,  7107,  2.1659361E-02,  3.3095147E+05
    6285,  7107,  8.0082417E-03,  3.3095147E+05
    6286,  7020,  3.5966605E-02,  2.1795566E+05
    6287,  7020,  1.3299489E-01,  2.1795566E+05
    6291,  7020,  5.9510931E-02,  2.1795566E+05
    6292,  7020,  1.5186420E-02,  2.1795566E+05
    6296,  7099,  4.1216187E-02,  4.3848566E+05
    6297,  7099,  8.6497806E-02,  4.3848566E+05
    6298,  7099,  4.6582010E-02,  4.3848566E+05
    6571, 12023,  4.8998944E-02,  1.5240675E+05
    6573, 20485,  2.1434645E-01,  6.7431606E+03
    6574, 20507,  1.4010754E+00,  6.4498140E+03
    6575, 20482,  1.2159298E-01,  1.4130833E+05
    6577, 20482,  9.1739908E-02,  1.4130833E+05
    6578, 20482,  2.3948956E-01,  1.4130833E+05
    6579, 20414,  9.5102733E-01,  3.8982797E+04
    6580, 20467,  3.3878621E-01,  1.4355214E+05
    6581, 20489,  9.8935318E-01,  1.4248210E+04
    6583, 20543,  6.0190243E-01,  1.8793711E+04
    6584, 20543,  5.5821747E-01,  1.8793711E+04
    6585, 20272,  7.9982318E-02,  1.6749541E+04
    6586, 20364,  7.6958001E-01,  6.6282547E+04
    6587, 20202,  1.8459252E-01,  4.7048637E+04
    6588, 20202,  5.4182309E-01,  4.7048637E+04
    6589, 20314,  1.2352706E-02,  2.1364729E+04
    6590, 20159,  8.1231929E-02,  2.2174470E+05
    6591, 20159,  2.6778992E-02,  2.2174470E+05
    6592, 20291,  9.2536256E-02,  5.9000285E+04
    6593, 20291,  5.1473773E-01,  5.9000285E+04
    6594, 20533,  7.3447746E-01,  2.8597633E+04
    6595, 20059,  2.6921648E-01,  1.6540128E+05
    6596, 20059,  1.1265261E-01,  1.6540128E+05
    6597, 20126,  1.3812321E-01,  3.8867402E+04
    6598, 20126,  3.8667732E-01,  3.8867402E+04
    6601, 20428,  7.4657845E-01,  1.3363783E+04
    6602, 20410,  2.2491196E-01,  1.0328662E+05
    6603, 20410,  6.4941950E-02,  1.0328662E+05
    6604, 20008,  2.5001031E-01,  3.8326250E+04
    6605, 20008,  5.5670780E-01,  3.8326250E+04
    6611, 20079,  6.9749516E-01,  5.6207070E+04
    6612, 20308,  2.7116125E+00,  1.0085318E+04
    6613, 20248,  3.9963743E-01,  4.5625918E+04
    6614, 20248,  4.0541413E-01,  4.5625918E+04
    6615, 20248,  3.9907044E-01,  4.5625918E+04
    6616, 20043,  2.4516938E-02,  2.4601397E+05
    6625,  7009,  2.4285542E-02,  1.0348410E+05
    6628,  7097,  9.2007667E-02,  4.4032375E+05
    6629,  7097,  5.1689714E-02,  4.4032375E+05
    6630,  7097,  2.5355054E-02,  4.4032375E+05
    6631,  7107,  1.5244273E-02,  3.3095147E+05
    6633,  7107,  2.7864952E-02,  3.3095147E+05
    6634,  7107,  5.7201233E-02,  3.3095147E+05
    6635,  7107,  3.9428610E-02,  3.3095147E+05
    6636,  7107,  3.4952439E-02,  3.3095147E+05
    6637,  7107,  3.2635271E-03,  3.3095147E+05
    6638,  7107,  1.2583087E-01,  3.3095147E+05
    6639,  7020,  1.3019970E-01,  2.1795566E+05
    6640,  7020,  1.0832500E-01,  2.1795566E+05
    6642,  7020,  3.4568403E-02,  2.1795566E+05
    6643,  7020,  5.1029060E-02,  2.1795566E+05
    6647,  7104,  3.6749502E-03,  6.9061156E+04
    6648,  7019,  7.6048777E-02,  2.3538919E+05
    6649,  7099,  1.2861484E-01,  4.3848566E+05
    6650,  7099,  5.5964500E-02,  4.3848566E+05
    6651,  7099,  5.5711400E-02,  4.3848566E+05
    6652,  7099,  1.1315711E-02,  4.3848566E+05
    6924, 12023,  1.6153809E-02,  1.5240675E+05
    6925, 12023,  2.4605325E-01,  1.5240675E+05
    6926, 20485,  3.0730352E+00,  6.7431606E+03
    6927, 20402,  3.2671192E-01,  2.8971727E+04
    6928, 20168,  1.1732545E+00,  1.9110025E+04
    6929, 20482,  1.6722293E-01,  1.4130833E+05
    6930, 20482,  3.8420254E-01,  1.4130833E+05
    6931, 20090,  4.4469736E-03,  4.4913949E+04
    6932, 20225,  1.3534039E+00,  1.2908521E+04
    6933, 20225,  1.9035039E+00,  1.2908521E+04
    6934, 20467,  1.5569162E-01,  1.4355214E+05
    6940, 20477,  8.3078170E-01,  5.6254961E+03
    6941, 20277,  1.0932805E-01,  2.0164853E+05
    6942, 20277,  1.8739350E-01,  2.0164853E+05
    6946, 20384,  1.9859104E+00,  1.4550396E+04
    6947, 20059,  2.2403659E-01,  1.6540128E+05
    6948, 20538,  7.6032543E+00,  6.2897969E+03
    6949, 20235,  1.3175354E+00,  1.6004370E+04
    6950, 20170,  1.3947322E+00,  2.7864746E+04
    6951, 20074,  2.0175972E+00,  5.1496772E+03
    6952, 20361,  1.2723957E+00,  3.1188951E+04
    6953, 20125,  8.1617080E-02,  1.0711452E+05
    6954, 20428,  2.7550817E-02,  1.3363783E+04
    6956, 20410,  1.6615260E-01,  1.0328662E+05
    6957, 20410,  1.5495737E-01,  1.0328662E+05
    6958, 20008,  5.8638668E-01,  3.8326250E+04
    6959, 20052,  3.3992187E-03,  1.2302102E+05
    6960, 20282,  8.0464417E-01,  2.8255799E+04
    6961, 20515,  5.4197632E-02,  2.2505884E+05
    6964, 20515,  1.4247015E-01,  2.2505884E+05
    6965, 20124,  3.9589286E-01,  6.6994430E+04
    6966, 20043,  2.3780521E-02,  2.4601397E+05
    6971, 20141,  2.8057694E-01,  3.9243137E+04
    6972, 20143,  1.4484356E-01,  2.4893848E+04
    6973, 20143,  1.1087526E-01,  2.4893848E+04
    6976, 20327,  1.7105603E-01,  1.0389998E+05
    6977, 20327,  1.0274674E-01,  1.0389998E+05
    6978,  7009,  2.8425881E-01,  1.0348410E+05
    6979,  7009,  1.9678919E-01,  1.0348410E+05
    6980,  7009,  4.3508995E-01,  1.0348410E+05
    6981,  7097,  2.5002701E-02,  4.4032375E+05
    6984,  7107,  2.3381384E-02,  3.3095147E+05
    6985,  7107,  6.6158511E-02,  3.3095147E+05
    6986,  7107,  7.8971565E-02,  3.3095147E+05
    6987,  7107,  1.3420357E-01,  3.3095147E+05
    6988,  7107,  5.7245862E-02,  3.3095147E+05
    6989,  7107,  6.5986998E-02,  3.3095147E+05
    6990,  7107,  1.1765166E-01,  3.3095147E+05
    6991,  7107,  7.7126310E-03,  3.3095147E+05
    6993,  7020,  9.4990462E-02,  2.1795566E+05
    6994,  7020,  8.6234115E-02,  2.1795566E+05
    6995,  7020,  8.8739991E-02,  2.1795566E+05
    6996,  7020,  2.1984080E-02,  2.1795566E+05
    6999,  7104,  1.2006100E-02,  6.9061156E+04
    7000,  7104,  7.6993251E-01,  6.9061156E+04
    7001,  7019,  4.3406513E-02,  2.3538919E+05
    7002,  7099,  8.6478785E-02,  4.3848566E+05
    7003,  7099,  5.6234105E-03,  4.3848566E+05
    7004,  7099,  2.3862597E-02,  4.3848566E+05
    7005,  7099,  1.0198723E-01,  4.3848566E+05
    7006,  7099,  5.8542561E-02,  4.3848566E+05
    7007,  7099,  5.4442622E-02,  4.3848566E+05
    7008,  7099,  7.3577422E-03,  4.3848566E+05
    7278, 12023,  1.0832131E-01,  1.5240675E+05
    7279, 12023,  2.1655776E-01,  1.5240675E+05
    7280, 20474,  2.2163522E+00,  1.3411840E+04
    7281, 20474,  3.7291890E-01,  1.3411840E+04
    7282, 20345,  7.4276425E-02,  1.7892932E+04
    7283, 20312,  9.4979936E-01,  2.6703754E+04
    7284, 20312,  1.6269004E+00,  2.6703754E+04
    7285, 20188,  8.1789970E-01,  1.8162416E+04
    7286, 20225,  1.6593266E-01,  1.2908521E+04
    7287, 20467,  1.1767762E-01,  1.4355214E+05
    7288, 20466,  4.2024285E-01,  3.2091777E+04
    7293, 20477,  9.2559391E-01,  5.6254961E+03
    7295, 20277,  1.5428966E-01,  2.0164853E+05
    7296, 20277,  9.6418746E-02,  2.0164853E+05
    7298, 20563,  1.2172574E+00,  1.7844242E+04
    7299, 20289,  2.5963202E+00,  1.6677107E+04
    7300, 20059,  1.4030100E-01,  1.6540128E+05
    7302, 20235,  9.3205887E-01,  1.6004370E+04
    7303, 20170,  1.0918636E-01,  2.7864746E+04
    7304, 20316,  1.1041802E+00,  3.4808188E+04
    7305, 20316,  8.6604792E-01,  3.4808188E+04
    7306, 20125,  5.7522740E-02,  1.0711452E+05
    7308, 20122,  2.7896440E-01,  3.3123180E+04
    7309, 20122,  1.1840714E-01,  3.3123180E+04
    7310, 20410,  3.8064617E-01,  1.0328662E+05
    7311, 20410,  2.0107982E-01,  1.0328662E+05
    7312, 20052,  3.8548964E-01,  1.2302102E+05
    7313, 20052,  1.4220282E-01,  1.2302102E+05
    7314, 20418,  9.8461464E-02,  1.6329142E+05
    7315, 20515,  1.7309393E-01,  2.2505884E+05
    7316, 20515,  8.6239688E-02,  2.2505884E+05
    7317, 20515,  2.3764753E-01,  2.2505884E+05
    7318, 20124,  2.6520085E-01,  6.6994430E+04
    7319, 20441,  1.6767863E+00,  1.8391779E+04
    7320, 20043,  3.0550215E-02,  2.4601397E+05
    7323, 20130,  5.6718236E-01,  3.0799951E+04
    7324, 20141,  5.5318363E-03,  3.9243137E+04
    7325, 20143,  9.6874934E-01,  2.4893848E+04
    7326, 20143,  7.2648293E-01,  2.4893848E+04
    7329, 20025,  1.1298869E+00,  2.0778652E+04
    7330, 20327,  9.6496552E-02,  1.0389998E+05
    7333,  7009,  2.0036525E-01,  1.0348410E+05
    7340,  7108,  9.7365350E-02,  3.2095984E+05
    7341,  7108,  1.0798929E-02,  3.2095984E+05
    7343,  7107,  1.6326522E-02,  3.3095147E+05
    7344,  7107,  5.1856562E-02,  3.3095147E+05
    7350,  7083,  1.3877282E-01,  5.8566910E+04
    7351,  7083,  5.8557117E-01,  5.8566910E+04
    7352,  7083,  3.4965163E-01,  5.8566910E+04
    7353,  7104,  2.0620473E-01,  6.9061156E+04
    7354,  7104,  4.5440400E-01,  6.9061156E+04
    7355,  7019,  4.9094252E-02,  2.3538919E+05
    7356,  7041,  4.7758043E-01,  7.5347812E+04
    7357,  7041,  4.2750943E-01,  7.5347812E+04
    7358,  7099,  3.8956072E-02,  4.3848566E+05
    7359,  7099,  3.7630403E-03,  4.3848566E+05
    7361,  7052,  1.3372917E-01,  1.8596906E+05
    7362,  7052,  2.1040432E-01,  1.8596906E+05
    7363,  7052,  1.2566978E-01,  1.8596906E+05
    7364,  7115,  5.7104623E-01,  2.4573109E+04
    7625, 12018,  1.1430869E-01,  5.5473449E+04
    7626, 12018,  3.5402173E-01,  5.5473449E+04
    7627, 12077,  6.0140592E-01,  4.0041859E+04
    7628, 12080,  2.2046386E-01,  4.6263594E+04
    7631, 12023,  1.4045258E-01,  1.5240675E+05
    7632, 12023,  2.3894085E-01,  1.5240675E+05
    7633, 12046,  1.6125834E-01,  1.2606666E+05
    7634, 20056,  1.3754044E+00,  6.1851470E+03
    7635, 20185,  7.7678192E-01,  3.0993957E+04
    7641, 20466,  7.6771146E-01,  3.2091777E+04
    7643, 20386,  5.1641256E-01,  2.8353893E+04
    7644, 20158,  1.2441069E+00,  2.0314488E+04
    7645, 20516,  6.3444078E-01,  5.2975047E+04
    7647, 20229,  6.4726043E-01,  2.2180607E+04
    7648, 20429,  3.6269140E-01,  2.1931467E+04
    7649, 20429,  1.8944092E+00,  2.1931467E+04
    7651, 20080,  1.4578900E+00,  1.1520852E+04
    7652, 20080,  2.7155218E+00,  1.1520852E+04
    7653, 20015,  4.7944665E-01,  6.2575874E+03
    7659, 20125,  2.3149630E-01,  1.0711452E+05
    7660, 20125,  1.1988585E-01,  1.0711452E+05
    7661, 20204,  9.9500120E-03,  3.6795516E+04
    7662, 20204,  1.0712152E+00,  3.6795516E+04
    7663, 20122,  1.1707762E-01,  3.3123180E+04
    7666, 20418,  2.3161221E-01,  1.6329142E+05
    7667, 20418,  2.0656550E-01,  1.6329142E+05
    7668, 20418,  1.6805011E-01,  1.6329142E+05
    7670, 20515,  3.2162469E-02,  2.2505884E+05
    7671, 20124,  3.2256982E-01,  6.6994430E+04
    7672, 20043,  3.0686849E-01,  2.4601397E+05
    7673, 20043,  1.3865931E-01,  2.4601397E+05
    7674, 20557,  5.0654173E-01,  3.3085895E+04
    7675, 20557,  3.1351078E-01,  3.3085895E+04
    7676, 20130,  6.6326964E-01,  3.0799951E+04
    7679, 20525,  3.0561617E-01,  7.0445750E+04
    7681, 20525,  4.1312475E-02,  7.0445750E+04
    7682, 20327,  2.7131453E-01,  1.0389998E+05
    7683, 20327,  2.4393150E-01,  1.0389998E+05
    7684,  7017,  2.1958414E-02,  2.2581692E+05
    7686,  7046,  1.5619847E-01,  1.9188120E+05
    7687,  7046,  1.0135596E-01,  1.9188120E+05
    7688,  7046,  4.0128816E-02,  1.9188120E+05
    7689,  7046,  1.0318094E-01,  1.9188120E+05
    7690,  7108,  1.1425686E-01,  3.2095984E+05
    7691,  7108,  7.1222603E-02,  3.2095984E+05
    7692,  7108,  9.1555804E-02,  3.2095984E+05
    7693,  7108,  8.6230658E-02,  3.2095984E+05
    7694,  7108,  2.8958503E-02,  3.2095984E+05
    7696,  7107,  7.3874220E-03,  3.3095147E+05
    7697,  7107,  7.2674565E-02,  3.3095147E+05
    7700,  7106,  2.7342562E-02,  1.9865536E+05
    7701,  7106,  3.0520113E-02,  1.9865536E+05
    7702,  7106,  1.2076566E-01,  1.9865536E+05
    7703,  7106,  2.0545174E-01,  1.9865536E+05
    7704,  7083,  4.0778297E-01,  5.8566910E+04
    7705,  7075,  3.2711297E-01,  6.7433609E+04
    7706,  7019,  1.1089723E-01,  2.3538919E+05
    7707,  7019,  2.1452016E-01,  2.3538919E+05
    7708,  7041,  3.5690033E-01,  7.5347812E+04
    7709,  7041,  1.2523174E-01,  7.5347812E+04
    7710,  7041,  1.0478962E-01,  7.5347812E+04
    7711,  7041,  7.0485286E-02,  7.5347812E+04
    7717,  7115,  1.6956705E-01,  2.4573109E+04
    7970, 12001,  1.2607804E-02,  6.7245469E+05
    7971, 12001,  9.3309963E-03,  6.7245469E+05
    7977, 12025,  3.5786414E-01,  4.9243598E+04
    7978, 12018,  2.9092738E-01,  5.5473449E+04
    7980, 12077,  5.4051387E-01,  4.0041859E+04
    7981, 12052,  1.3437241E-01,  9.2482273E+04
    7982, 12080,  6.9394952E-01,  4.6263594E+04
    7983, 12080,  4.0314105E-01,  4.6263594E+04
    7984, 12046,  3.2180524E-01,  1.2606666E+05
    7986, 12046,  1.8159507E-01,  1.2606666E+05
    7988, 20185,  5.7726562E-01,  3.0993957E+04
    7989, 20300,  8.4595162E-01,  2.8475525E+04
    7992, 20076,  1.0000002E+00,  6.7064642E+02
    7998, 20516,  1.3497409E-01,  5.2975047E+04
    7999, 20229,  1.2302316E+00,  2.2180607E+04
    8000, 20229,  3.2806587E-01,  2.2180607E+04
    8001, 20429,  6.5732807E-01,  2.1931467E+04
    8002, 20155,  1.7013693E+00,  1.7908770E+04
    8003, 20398,  1.7180834E+00,  2.6641879E+04
    8004, 20542,  2.3458023E+00,  1.0798691E+04
    8005, 20015,  6.4640970E+00,  6.2575874E+03
    8006, 20015,  4.2542264E-01,  6.2575874E+03
    8009, 20449,  3.3926255E-01,  1.8986332E+04
    8010, 20449,  5.3689378E-01,  1.8986332E+04
    8013, 20064,  4.4634324E-01,  7.6908148E+04
    8014, 20064,  4.0366268E-01,  7.6908148E+04
    8015, 20204,  2.7427211E-01,  3.6795516E+04
    8018, 20440,  1.0513961E+00,  8.4321973E+03
    8019, 20440,  2.5054433E+00,  8.4321973E+03
    8020, 20418,  1.8335138E-01,  1.6329142E+05
    8021, 20418,  3.1399034E-02,  1.6329142E+05
    8023, 20053,  1.1248057E+00,  7.9145093E+03
    8024, 20005,  2.1629488E-01,  1.7735370E+05
    8025, 20005,  2.7450293E-01,  1.7735370E+05
    8026, 20005,  1.5253279E-01,  1.7735370E+05
    8027, 20557,  5.6062762E-02,  3.3085895E+04
    8028, 20557,  7.8214306E-01,  3.3085895E+04
    8029, 20066,  6.2709369E-02,  7.4516461E+04
    8030, 20066,  1.0798784E-01,  7.4516461E+04
    8031, 20066,  1.3546729E-01,  7.4516461E+04
    8032, 20525,  4.3824947E-01,  7.0445750E+04
    8033, 20525,  2.6434714E-01,  7.0445750E+04
    8034, 20525,  2.5747412E-01,  7.0445750E+04
    8036, 20525,  5.3500545E-01,  7.0445750E+04
    8037,  7017,  1.5145211E-01,  2.2581692E+05
    8038,  7017,  4.5500822E-02,  2.2581692E+05
    8039,  7017,  4.8460193E-02,  2.2581692E+05
    8040,  7046,  1.0789014E-01,  1.9188120E+05
    8041,  7046,  7.4517138E-02,  1.9188120E+05
    8043,  7108,  2.2204557E-02,  3.2095984E+05
    8044,  7108,  1.1344450E-01,  3.2095984E+05
    8045,  7108,  1.1523240E-02,  3.2095984E+05
    8046,  7108,  6.4767696E-02,  3.2095984E+05
    8047,  7108,  6.7890897E-02,  3.2095984E+05
    8048,  7108,  3.9796658E-02,  3.2095984E+05
    8049,  7107,  3.2359647E-04,  3.3095147E+05
    8050,  7107,  6.2495779E-02,  3.3095147E+05
    8052,  7106,  1.0131531E-01,  1.9865536E+05
    8053,  7106,  1.9695961E-01,  1.9865536E+05
    8054,  7058,  1.2118561E+00,  2.1297359E+04
    8055,  7106,  1.2685600E-01,  1.9865536E+05
    8056,  7075,  7.1918175E-02,  6.7433609E+04
    8057,  7075,  5.7185853E-01,  6.7433609E+04
    8058,  7019,  2.6466725E-02,  2.3538919E+05
    8059,  7019,  7.6204963E-02,  2.3538919E+05
    8060,  7019,  5.6585103E-02,  2.3538919E+05
    8061,  7052,  8.7481268E-02,  1.8596906E+05
    8062,  7052,  6.1802570E-02,  1.8596906E+05
    8063,  7052,  5.1680565E-02,  1.8596906E+05
    8064,  7052,  6.6635208E-03,  1.8596906E+05
    8322, 12001,  4.8997294E-02,  6.7245469E+05
    8323, 12001,  2.0210851E-02,  6.7245469E+05
    8324, 12053,  1.8311937E-01,  1.9896052E+05
    8325, 12053,  9.5653467E-02,  1.9896052E+05
    8326, 12053,  5.6235738E-02,  1.9896052E+05
    8327, 12053,  7.3243253E-02,  1.9896052E+05
    8328, 12053,  1.1530272E-01,  1.9896052E+05
    8329, 12030,  6.0937780E-01,  4.9800059E+04
    8330, 12030,  4.7156751E-01,  4.9800059E+04
    8331, 12025,  3.4908539E-01,  4.9243598E+04
    8334, 12077,  6.3013899E-01,  4.0041859E+04
    8335, 12013,  8.9124613E-02,  5.2321301E+04
    8336, 12013,  2.6615807E-01,  5.2321301E+04
    8337, 12036,  4.0543467E-01,  1.2475412E+04
    8338, 12046,  1.8244769E-01,  1.2606666E+05
    8339, 12062,  2.6875928E-01,  6.4535758E+04
    8340, 12062,  4.0820099E-02,  6.4535758E+04
    8341, 12071,  4.0319957E-02,  5.5364121E+04
    8342, 20300,  2.5825968E-01,  2.8475525E+04
    8343, 20300,  6.0376513E-01,  2.8475525E+04
    8347, 20377,  2.4781938E-01,  7.0709188E+04
    8348, 20377,  1.9644136E-02,  7.0709188E+04
    8350, 20491,  1.3615802E-01,  5.9143117E+04
    8351, 20491,  4.9814278E-01,  5.9143117E+04
    8352, 20491,  6.3889849E-01,  5.9143117E+04
    8353, 20570,  1.2158849E-01,  9.1523117E+04
    8354, 20535,  3.4111828E-01,  2.7010000E+04
    8355, 20535,  1.0560765E+00,  2.7010000E+04
    8356, 20398,  2.8995901E-01,  2.6641879E+04
    8357, 20398,  6.1264080E-01,  2.6641879E+04
    8358, 20049,  4.6370955E+00,  5.6203857E+03
    8360, 20328,  2.7411211E+00,  8.9844814E+03
    8363, 20333,  3.1706077E-01,  1.1216020E+05
    8364, 20333,  1.8264620E-01,  1.1216020E+05
    8365, 20333,  1.8261285E-01,  1.1216020E+05
    8366, 20064,  3.8418594E-01,  7.6908148E+04
    8367, 20064,  3.1547165E-01,  7.6908148E+04
    8368, 20357,  3.3353072E-01,  1.3365864E+04
    8371, 20440,  5.0468737E-01,  8.4321973E+03
    8372, 20470,  1.3750173E-01,  7.0806125E+04
    8373, 20470,  2.4845807E-01,  7.0806125E+04
    8375, 20472,  8.7228239E-02,  3.6465633E+04
    8376, 20472,  7.1359193E-01,  3.6465633E+04
    8377, 20014,  4.8825374E-01,  2.8800277E+04
    8378, 20005,  1.1629387E-02,  1.7735370E+05
    8379, 20043,  1.9349977E-01,  2.4601397E+05
    8380, 20043,  1.5881181E-01,  2.4601397E+05
    8381, 20265,  3.6565897E-01,  1.1105770E+05
    8382, 20505,  6.0096788E-01,  3.0648088E+04
    8383, 20066,  3.2767478E-01,  7.4516461E+04
    8384, 20066,  1.2949103E-01,  7.4516461E+04
    8388, 20265,  1.7699957E-01,  1.1105770E+05
    8389, 20265,  1.7744910E-02,  1.1105770E+05
    8391,  7017,  7.0042036E-02,  2.2581692E+05
    8392,  7017,  1.7898136E-01,  2.2581692E+05
    8393,  7046,  2.2805918E-02,  1.9188120E+05
    8394,  7046,  1.1342590E-01,  1.9188120E+05
    8395,  7046,  8.6060923E-04,  1.9188120E+05
    8396,  7046,  4.6321064E-02,  1.9188120E+05
    8397,  7061,  1.1242970E-01,  2.5948648E+05
    8401,  7086,  3.9875838E-01,  5.7354691E+04
    8403,  7027,  1.3439694E-01,  1.8026644E+05
    8404,  7002,  2.2532496E-01,  1.0404923E+05
    8405,  7002,  3.5019495E-02,  1.0404923E+05
    8406,  7106,  1.1388563E-01,  1.9865536E+05
    8407,  7058,  7.6727206E-01,  2.1297359E+04
    8409,  7106,  1.1870296E-01,  1.9865536E+05
    8410,  7075,  2.4518622E-02,  6.7433609E+04
    8411,  7019,  9.0857416E-02,  2.3538919E+05
    8413,  7052,  1.2311662E-02,  1.8596906E+05
    8414,  7052,  1.0822330E-01,  1.8596906E+05
    8416,  7052,  2.5920279E-02,  1.8596906E+05
    8673, 12001,  1.7950529E-02,  6.7245469E+05
    8674, 12001,  6.6222414E-02,  6.7245469E+05
    8675, 12001,  9.8839648E-02,  6.7245469E+05
    8676, 12001,  3.2836534E-02,  6.7245469E+05
    8678, 12053,  8.8773193E-03,  1.9896052E+05
    8679, 12053,  1.0548306E-01,  1.9896052E+05
    8680, 12053,  5.7728697E-02,  1.9896052E+05
    8681, 12053,  1.6572867E-02,  1.9896052E+05
    8682, 12030,  1.5953423E-01,  4.9800059E+04
    8683, 12030,  3.4754249E-01,  4.9800059E+04
    8684, 12025,  2.0276898E-01,  4.9243598E+04
    8685, 12052,  4.7158584E-02,  9.2482273E+04
    8687, 12052,  3.2813427E-01,  9.2482273E+04
    8688, 12052,  4.2137694E-02,  9.2482273E+04
    8689, 12013,  2.3354271E-02,  5.2321301E+04
    8692, 12062,  3.3521962E-01,  6.4535758E+04
    8693, 12071,  6.6655588E-01,  5.5364121E+04
    8694, 12071,  4.4849813E-01,  5.5364121E+04
    8695, 20447,  1.2726808E-01,  9.0549320E+04
    8696, 20447,  3.0598235E-01,  9.0549320E+04
    8697, 20447,  2.1361844E-01,  9.0549320E+04
    8698, 20073,  2.2792690E-02,  1.7252370E+05
    8700, 20377,  3.0460691E-01,  7.0709188E+04
    8702, 20500,  1.2717147E-03,  5.7670855E+04
    8705, 20491,  2.3022401E-01,  5.9143117E+04
    8706, 20570,  1.8576634E-01,  9.1523117E+04
    8707, 20570,  5.0405443E-01,  9.1523117E+04
    8709, 20378,  1.4185228E+00,  1.6223533E+04
    8710, 20387,  1.8425188E+00,  1.2139475E+04
    8711, 20132,  2.6827493E+00,  1.2880687E+04
    8712, 20368,  4.4396272E+00,  8.4330771E+03
    8713, 20284,  1.2605364E+00,  2.2519961E+04
    8714, 20112,  1.1493030E+00,  1.9141445E+04
    8715, 20131,  1.0765878E-01,  4.5085215E+04
    8716, 20333,  1.9692524E-01,  1.1216020E+05
    8717, 20551,  5.1702619E-01,  6.7444367E+04
    8718, 20333,  3.1018313E-02,  1.1216020E+05
    8725, 20470,  3.7989298E-01,  7.0806125E+04
    8727, 20412,  3.3118686E-01,  6.2421621E+04
    8728, 20472,  5.2904379E-01,  3.6465633E+04
    8732, 20005,  1.4627989E-01,  1.7735370E+05
    8733, 20005,  3.5527851E-02,  1.7735370E+05
    8734, 20265,  2.1709131E-01,  1.1105770E+05
    8741, 20265,  1.8435177E-01,  1.1105770E+05
    8745,  7017,  1.6570818E-02,  2.2581692E+05
    8746,  7017,  1.5558526E-01,  2.2581692E+05
    8748,  7046,  4.4574171E-02,  1.9188120E+05
    8749,  7046,  3.3915568E-02,  1.9188120E+05
    8750,  7061,  7.9580233E-02,  2.5948648E+05
    8754,  7086,  2.3265730E-01,  5.7354691E+04
    8755,  7086,  6.4074880E-01,  5.7354691E+04
    8756,  7027,  1.4584415E-01,  1.8026644E+05
    8757,  7002,  2.6028976E-01,  1.0404923E+05
    8758,  7028,  1.6622158E+00,  1.6422713E+04
    8759,  7028,  1.7509744E-01,  1.6422713E+04
    8761,  7094,  3.7448186E-01,  3.5553773E+04
    8762,  7007,  7.6028383E-01,  3.9089520E+04
    8763,  7007,  4.9450421E-01,  3.9089520E+04
    8764,  7019,  2.3086216E-02,  2.3538919E+05
    8766,  7052,  1.0457180E-01,  1.8596906E+05
    8767,  7052,  8.7932749E-03,  1.8596906E+05
    9024, 12021,  5.0574027E-02,  2.6122675E+05
    9025, 12001,  3.1604331E-02,  6.7245469E+05
    9026, 12021,  9.7334377E-02,  2.6122675E+05
    9027, 12001,  7.8645498E-02,  6.7245469E+05
    9028, 12001,  8.3022863E-02,  6.7245469E+05
    9032, 12053,  1.1054959E-01,  1.9896052E+05
    9036, 12012,  1.4859460E-01,  1.3637212E+05
    9037, 12012,  6.2327400E-02,  1.3637212E+05
    9040, 12052,  3.0444446E-01,  9.2482273E+04
    9045, 12062,  3.2939467E-01,  6.4535758E+04
    9049, 20447,  2.3423322E-01,  9.0549320E+04
    9050, 20073,  1.6582258E-01,  1.7252370E+05
    9051, 20392,  1.5971085E+00,  1.5399743E+04
    9053, 20377,  3.7065798E-01,  7.0709188E+04
    9054, 20510,  2.1631308E+00,  8.3783203E+03
    9055, 20444,  8.6730099E+00,  3.0048452E+03
    9057, 20137,  1.9088652E+00,  5.3179526E+03
    9058, 20566,  1.8318189E+00,  2.0033730E+04
    9059, 20570,  3.8242429E-01,  9.1523117E+04
    9060, 20570,  1.6430917E-01,  9.1523117E+04
    9062, 20123,  1.1580734E+00,  1.3473569E+04
    9063, 20570,  4.4480518E-01,  9.1523117E+04
    9064, 20243,  4.3800368E+00,  8.6149473E+03
    9065, 20068,  6.7139536E-01,  4.1628715E+04
    9067, 20475,  3.7450328E-01,  4.6836719E+04
    9068, 20131,  8.3451468E-01,  4.5085215E+04
    9069, 20131,  2.5798959E-01,  4.5085215E+04
    9070, 20226,  7.5417928E-02,  8.0263133E+04
    9078, 20470,  2.3922798E-01,  7.0806125E+04
    9079, 20470,  2.9853863E-01,  7.0806125E+04
    9080, 20036,  1.1682590E+00,  3.1853764E+04
    9083, 20010,  3.0830881E-01,  8.4603367E+04
    9084, 20010,  3.7459686E-01,  8.4603367E+04
    9085, 20005,  3.4176353E-02,  1.7735370E+05
    9086, 20005,  1.2238932E-01,  1.7735370E+05
    9087, 20005,  4.0136322E-02,  1.7735370E+05
    9094, 20407,  2.4781029E-01,  5.5021766E+04
    9095, 20407,  3.6988199E-01,  5.5021766E+04
    9096, 20265,  1.5687932E-01,  1.1105770E+05
    9099,  7017,  7.7878520E-02,  2.2581692E+05
    9100,  7046,  1.3585943E-01,  1.9188120E+05
    9101,  7046,  1.1142430E-01,  1.9188120E+05
    9102,  7061,  7.2602503E-02,  2.5948648E+05
    9103,  7061,  7.7737689E-02,  2.5948648E+05
    9104,  7061,  1.9262183E-02,  2.5948648E+05
    9105,  7061,  3.7678674E-02,  2.5948648E+05
    9106,  7101,  1.0197825E-01,  1.7242298E+05
    9107,  7086,  5.1968551E-01,  5.7354691E+04
    9108,  7027,  1.8009502E-01,  1.8026644E+05
    9109,  7002,  2.3998001E-01,  1.0404923E+05
    9110,  7002,  2.3242893E-02,  1.0404923E+05
    9113,  7078,  3.1164415E-02,  1.1527241E+05
    9114,  7094,  6.3879681E-01,  3.5553773E+04
    9115,  7078,  7.3958352E-02,  1.1527241E+05
    9116,  7024,  1.3796120E+00,  7.3341875E+03
    9117,  7038,  6.3655307E-03,  5.6869578E+04
    9119,  7052,  1.2813960E-01,  1.8596906E+05
    9136,  7114,  2.3331606E-01,  1.7069803E+04
    9375, 12021,  3.3552751E-02,  2.6122675E+05
    9376, 12021,  7.2938479E-02,  2.6122675E+05
    9377, 12021,  1.6697705E-01,  2.6122675E+05
    9378, 12021,  1.3685958E-01,  2.6122675E+05
    9379, 12021,  7.9339974E-02,  2.6122675E+05
    9380, 12001,  4.4750787E-02,  6.7245469E+05
    9381, 12001,  8.7988600E-02,  6.7245469E+05
    9382, 12001,  8.0242775E-02,  6.7245469E+05
    9384, 12053,  4.9463525E-02,  1.9896052E+05
    9385, 12053,  1.8416542E-01,  1.9896052E+05
    9386, 12056,  3.4495252E-01,  5.8115184E+04
    9387, 12056,  3.4171301E-01,  5.8115184E+04
    9388, 12012,  1.4359307E-01,  1.3637212E+05
    9389, 12012,  2.3249261E-01,  1.3637212E+05
    9390, 12012,  2.4897373E-01,  1.3637212E+05
    9391, 12076,  3.1245622E-01,  3.3519969E+04
    9393, 12041,  1.1625582E-01,  1.1753443E+05
    9398, 12062,  5.9594948E-02,  6.4535758E+04
    9399, 12062,  2.0605966E-01,  6.4535758E+04
    9402, 20073,  5.4997418E-02,  1.7252370E+05
    9403, 20073,  2.3049957E-01,  1.7252370E+05
    9404, 20073,  1.3378128E-01,  1.7252370E+05
    9406, 20026,  4.2684057E-01,  9.6266461E+04
    9407, 20026,  4.0006167E-01,  9.6266461E+04
    9408, 20297,  6.1607051E-01,  2.5100738E+04
    9410, 20137,  1.2881917E-01,  5.3179526E+03
    9411, 20274,  1.5808116E+00,  1.6572717E+04
    9412, 20108,  4.5604774E-01,  7.3752102E+04
    9413, 20273,  6.8315876E-01,  3.3530664E+04
    9414, 20570,  2.4388899E-01,  9.1523117E+04
    9415, 20388,  1.7493479E+00,  2.2789854E+04
    9416, 20570,  4.0553027E-01,  9.1523117E+04
    9417, 20565,  1.1400276E+00,  4.6175254E+04
    9418, 20349,  2.9535642E+00,  7.5678677E+03
    9419, 20551,  2.4028403E-01,  6.7444367E+04
    9420, 20551,  3.3283046E-01,  6.7444367E+04
    9421, 20298,  4.9887294E-01,  6.8544992E+04
    9422, 20226,  4.3228737E-01,  8.0263133E+04
    9423, 20226,  5.6331325E-01,  8.0263133E+04
    9424, 20194,  2.2136453E-01,  9.7184170E+03
    9427, 20200,  3.3674728E-02,  2.4623045E+04
    9432, 20036,  5.7199860E-01,  3.1853764E+04
    9433, 20036,  8.8969268E-02,  3.1853764E+04
    9434, 20513,  1.2010042E-01,  2.1079117E+04
    9435, 20513,  2.2250046E-01,  2.1079117E+04
    9436, 20010,  1.2730238E-01,  8.4603367E+04
    9437, 20010,  4.3982950E-01,  8.4603367E+04
    9439, 20407,  7.8606971E-02,  5.5021766E+04
    9440, 20407,  5.0336879E-01,  5.5021766E+04
    9441, 20407,  3.9803565E-02,  5.5021766E+04
    9455,  7061,  6.4810053E-02,  2.5948648E+05
    9456,  7061,  1.1565129E-01,  2.5948648E+05
    9457,  7061,  1.5288609E-01,  2.5948648E+05
    9458,  7012,  4.0217596E-01,  6.3167941E+04
    9459,  7101,  3.4135109E-01,  1.7242298E+05
    9460,  7101,  2.9315469E-01,  1.7242298E+05
    9461,  7027,  2.5084415E-01,  1.8026644E+05
    9462,  7027,  2.3282069E-01,  1.8026644E+05
    9463,  7044,  5.2416551E-01,  6.0180797E+04
    9464,  7111,  4.1040942E-01,  6.0592215E+04
    9465,  7078,  2.9996297E-01,  1.1527241E+05
    9466,  7078,  3.2200491E-01,  1.1527241E+05
    9467,  7078,  3.0251682E-01,  1.1527241E+05
    9468,  7078,  1.1264154E-01,  1.1527241E+05
    9469,  7038,  6.0138829E-02,  5.6869578E+04
    9470,  7064,  2.6770112E-01,  5.4703715E+04
    9471,  7064,  4.0106629E-03,  5.4703715E+04
    9472,  7052,  4.6999883E-02,  1.8596906E+05
    9473,  7052,  9.1493860E-02,  1.8596906E+05
    9488,  7059,  2.5832094E-02,  6.1001881E+05
    9489,  7114,  8.0771226E-01,  1.7069803E+04
    9727, 12011,  7.6414265E-02,  1.9127188E+05
    9728, 12021,  5.1576279E-02,  2.6122675E+05
    9730, 12021,  7.1851283E-02,  2.6122675E+05
    9731, 12021,  5.1911883E-02,  2.6122675E+05
    9732, 12021,  2.6196441E-02,  2.6122675E+05
    9733, 12001,  7.8690611E-03,  6.7245469E+05
    9734, 12001,  5.2107446E-02,  6.7245469E+05
    9735, 12001,  4.0578444E-02,  6.7245469E+05
    9736, 12001,  6.5235950E-02,  6.7245469E+05
    9737, 12053,  1.4494976E-01,  1.9896052E+05
    9744, 12076,  4.7771490E-01,  3.3519969E+04
    9746, 12041,  1.6967672E-01,  1.1753443E+05
    9754, 20020,  1.0101674E-01,  2.1684951E+04
    9755, 20020,  1.0318786E+00,  2.1684951E+04
    9756, 20020,  2.3641386E+00,  2.1684951E+04
    9757, 20446,  1.0791171E+00,  1.7335641E+04
    9758, 20446,  4.0485542E-02,  1.7335641E+04
    9759, 20269,  9.5559591E-01,  4.9652398E+04
    9760, 20026,  4.6639603E-01,  9.6266461E+04
    9761, 20297,  9.1155428E-01,  2.5100738E+04
    9764, 20274,  4.0980282E-01,  1.6572717E+04
    9767, 20494,  5.8850968E-01,  1.5296084E+04
    9768, 20292,  3.8883129E-01,  3.1708762E+04
    9769, 20023,  1.2387227E+00,  1.5242340E+04
    9770, 20342,  1.8066969E+01,  1.8922693E+03
    9771, 20343,  6.5365324E+00,  5.5125029E+03
    9772, 20550,  1.8531463E+00,  2.6034727E+04
    9773, 20560,  1.7544489E+00,  3.0658010E+04
    9775, 20298,  1.0732444E-01,  6.8544992E+04
    9776, 20506,  3.6219516E+00,  1.1999686E+04
    9777, 20337,  3.7318847E-01,  4.8505582E+04
    9778, 20435,  1.4725696E+00,  2.4650703E+04
    9779, 20200,  8.7375051E-01,  2.4623045E+04
    9780, 20323,  2.5992317E+00,  8.4732461E+03
    9781, 20275,  4.1259283E-01,  3.2678404E+04
    9788, 20198,  1.8694377E-01,  1.5639081E+05
    9789, 20198,  1.2069015E-01,  1.5639081E+05
    9790, 20198,  1.4467630E-01,  1.5639081E+05
    9794, 20407,  2.5274333E-01,  5.5021766E+04
    9805,  7017,  3.4376951E-03,  2.2581692E+05
    9809,  7061,  1.1406831E-01,  2.5948648E+05
    9810,  7061,  2.6691109E-02,  2.5948648E+05
    9811,  7012,  1.8884097E-01,  6.3167941E+04
    9812,  7101,  1.3674803E-01,  1.7242298E+05
    9813,  7101,  1.5330201E-01,  1.7242298E+05
    9815,  7044,  5.1493073E-01,  6.0180797E+04
    9817,  7111,  3.2864489E-02,  6.0592215E+04
    9818,  7023,  4.0199256E-01,  1.0058159E+05
    9819,  7078,  2.6955760E-01,  1.1527241E+05
    9820,  7093,  5.5119127E-01,  2.9308811E+04
    9821,  7064,  2.2479691E-01,  5.4703715E+04
    9822,  7064,  3.7815803E-01,  5.4703715E+04
    9824,  7064,  3.2438481E-01,  5.4703715E+04
    9825,  7004,  6.0772836E-01,  3.7900293E+04
    9826,  7004,  4.3737665E-02,  3.7900293E+04
    9839,  7059,  1.5806481E-02,  6.1001881E+05
    9840,  7059,  3.4085009E-02,  6.1001881E+05
    9841,  7059,  9.7884024E-03,  6.1001881E+05
   10077, 12057,  4.8395522E-02,  5.6966031E+05
   10078, 12014,  7.7030814E-01,  3.2211109E+04
   10079, 12011,  2.2890231E-01,  1.9127188E+05
   10080, 12014,  3.0112630E-01,  3.2211109E+04
   10083, 12021,  9.8236986E-02,  2.6122675E+05
   10086, 12001,  1.8093726E-02,  6.7245469E+05
   10088, 12001,  3.6126234E-02,  6.7245469E+05
   10089, 12001,  1.1820358E-01,  6.7245469E+05
   10090, 12039,  2.7113119E-01,  1.1597619E+05
   10097, 12076,  9.8593980E-03,  3.3519969E+04
   10099, 12041,  1.4999720E-01,  1.1753443E+05
   10100, 12041,  9.3476400E-02,  1.1753443E+05
   10109, 20073,  1.4056839E-01,  1.7252370E+05
   10110, 20446,  1.1339813E+00,  1.7335641E+04
   10111, 20133,  6.6854441E-01,  2.7470182E+04
   10112, 20269,  5.0720370E-01,  4.9652398E+04
   10113, 20445,  6.9404788E+00,  4.3139180E+03
   10115, 20218,  1.5802903E+00,  6.5009927E+03
   10120, 20135,  6.9598556E-01,  5.0867430E+04
   10121, 20135,  9.3833309E-01,  5.0867430E+04
   10122, 20135,  8.3979821E-01,  5.0867430E+04
   10123, 20350,  1.2896471E+01,  4.0671365E+03
   10124, 20553,  1.3944182E+00,  2.8811766E+04
   10125, 20546,  4.5069313E-01,  3.9390359E+04
   10126, 20560,  9.6891451E-01,  3.0658010E+04
   10129, 20506,  1.4320204E+00,  1.1999686E+04
   10130, 20337,  3.0002895E-01,  4.8505582E+04
   10131, 20337,  7.8105819E-01,  4.8505582E+04
   10132, 20003,  9.3397331E-01,  2.3906658E+04
   10133, 20003,  2.4958453E+00,  2.3906658E+04
   10134, 20275,  2.2066772E-01,  3.2678404E+04
   10138, 20207,  6.3294254E-02,  1.4618972E+05
   10142, 20198,  1.3872712E-02,  1.5639081E+05
   10143, 20198,  2.2694755E-01,  1.5639081E+05
   10161,  7061,  1.0137068E-02,  2.5948648E+05
   10162,  7061,  1.0019988E-01,  2.5948648E+05
   10163,  7079,  2.5387332E-01,  5.1600289E+04
   10164,  7012,  1.3747805E-01,  6.3167941E+04
   10165,  7063,  2.7428279E+00,  8.5788467E+03
   10166,  7063,  1.6926638E+00,  8.5788467E+03
   10167,  7085,  8.3754994E-03,  3.2151494E+04
   10168,  7085,  1.0646163E+00,  3.2151494E+04
   10170,  7049,  5.1245338E-01,  4.5117688E+04
   10171,  7056,  7.6373234E+00,  6.0723296E+03
   10172,  7056,  1.6776056E+00,  6.0723296E+03
   10173,  7093,  4.4404954E-01,  2.9308811E+04
   10174,  7064,  2.1882063E-01,  5.4703715E+04
   10175,  7064,  8.7593339E-02,  5.4703715E+04
   10176,  7064,  4.2779940E-01,  5.4703715E+04
   10177,  7059,  4.6660490E-02,  6.1001881E+05
   10178,  7059,  2.5680039E-02,  6.1001881E+05
   10179,  7059,  6.1545544E-04,  6.1001881E+05
   10188,  7059,  7.7286345E-04,  6.1001881E+05
   10189,  7059,  1.2759625E-02,  6.1001881E+05
   10190,  7059,  3.0959846E-02,  6.1001881E+05
   10191,  7059,  6.1840311E-02,  6.1001881E+05
   10192,  7059,  2.4772827E-02,  6.1001881E+05
   10425, 12057,  3.1630974E-02,  5.6966031E+05
   10426, 12057,  3.6500894E-02,  5.6966031E+05
   10427, 12057,  4.5422036E-02,  5.6966031E+05
   10428, 12057,  3.3435494E-02,  5.6966031E+05
   10429, 12057,  3.6288008E-02,  5.6966031E+05
   10430, 12057,  4.4184417E-02,  5.6966031E+05
   10432, 12011,  1.4701876E-01,  1.9127188E+05
   10433, 12011,  1.1114039E-01,  1.9127188E+05
   10434, 12011,  3.2744043E-02,  1.9127188E+05
   10436, 12021,  1.5569902E-02,  2.6122675E+05
   10438, 12021,  3.8972665E-02,  2.6122675E+05
   10439, 12021,  3.2130636E-02,  2.6122675E+05
   10442, 12029,  1.0437328E-02,  4.8316272E+05
   10443, 12029,  1.4152060E-01,  4.8316272E+05
   10453, 12041,  2.5293159E-01,  1.1753443E+05
   10455, 12078,  7.7791566E-01,  3.4196840E+04
   10456, 12078,  2.6602745E-01,  3.4196840E+04
   10459, 20469,  3.3740085E-02,  1.1387238E+05
   10461, 20469,  1.6473281E-01,  1.1387238E+05
   10462, 20469,  3.3274370E-01,  1.1387238E+05
   10463, 20397,  2.8075808E-01,  1.5529653E+05
   10464, 20397,  2.4331246E-01,  1.5529653E+05
   10465, 20397,  2.1481100E-01,  1.5529653E+05
   10466, 20086,  1.6024259E+00,  2.1911457E+04
   10467, 20119,  5.8826846E-01,  2.0286066E+04
   10468, 20492,  4.1350248E-01,  4.3825676E+04
   10469, 20006,  3.4616470E-02,  1.7240738E+05
   10474, 20531,  4.2322021E+01,  7.0940796E+02
   10475, 20063,  1.4163444E+01,  6.0617612E+03
   10477, 20363,  2.8579926E-01,  8.4599016E+04
   10478, 20365,  4.1856435E-01,  3.5480281E+04
   10479, 20443,  9.8494470E-01,  4.4347906E+04
   10480, 20138,  7.5228059E-01,  3.4357773E+04
   10481, 20138,  8.3593291E-01,  3.4357773E+04
   10482, 20038,  1.3108668E+00,  2.1382434E+04
   10483, 20060,  8.1603664E-01,  7.4365815E+03
   10484, 20554,  8.8615894E-01,  4.9860102E+04
   10485, 20502,  8.6469030E-01,  4.0078371E+04
   10486, 20394,  5.1587933E-01,  5.9452109E+04
   10487, 20394,  2.5693104E-01,  5.9452109E+04
   10491, 20207,  2.2907241E-01,  1.4618972E+05
   10496, 20198,  2.1942464E-01,  1.5639081E+05
   10497, 20057,  1.2644377E-01,  2.0535103E+05
   10498, 20057,  2.8985230E-02,  2.0535103E+05
   10514,  7061,  1.3418698E-03,  2.5948648E+05
   10515,  7061,  5.4688282E-02,  2.5948648E+05
   10516,  7012,  2.0542905E-02,  6.3167941E+04
   10518,  7029,  4.5594981E-01,  4.2012938E+04
   10519,  7085,  8.8876796E-01,  3.2151494E+04
   10520,  7085,  2.8294894E-01,  3.2151494E+04
   10521,  7013,  4.9785715E-01,  5.4143059E+04
   10522,  7013,  6.0477376E-01,  5.4143059E+04
   10523,  7049,  4.3417019E-01,  4.5117688E+04
   10524,  7022,  1.1925648E+00,  7.9697368E+03
   10525,  7026,  6.9007021E-01,  5.6429184E+04
   10526,  7026,  9.0611540E-02,  5.6429184E+04
   10530,  7059,  1.7725896E-02,  6.1001881E+05
   10531,  7059,  4.2398933E-02,  6.1001881E+05
   10532,  7059,  4.7622854E-03,  6.1001881E+05
   10536,  7059,  1.2848402E-02,  6.1001881E+05
   10540,  7059,  2.0281192E-02,  6.1001881E+05
   10541,  7059,  2.1730457E-02,  6.1001881E+05
   10542,  7059,  3.4336064E-02,  6.1001881E+05
   10543,  7059,  1.4533232E-02,  6.1001881E+05
   10545,  7059,  1.3863667E-02,  6.1001881E+05
   10777, 12048,  6.4103268E-03,  2.9459269E+05
   10778, 12057,  3.5670351E-02,  5.6966031E+05
   10779, 12057,  1.6112546E-02,  5.6966031E+05
   10780, 12057,  7.2377138E-02,  5.6966031E+05
   10783, 12057,  3.8380593E-02,  5.6966031E+05
   10787, 12011,  1.0074160E-01,  1.9127188E+05
   10788, 12011,  9.0529714E-03,  1.9127188E+05
   10794, 12029,  1.4197726E-02,  4.8316272E+05
   10795, 12029,  2.3670260E-02,  4.8316272E+05
   10796, 12029,  1.4506698E-01,  4.8316272E+05
   10799, 12051,  1.0100512E-01,  9.1092406E+04
   10803, 12076,  5.6654304E-01,  3.3519969E+04
   10804, 12072,  2.7400380E-01,  4.1315723E+04
   10805, 12063,  5.8715665E-01,  2.1383309E+04
   10806, 12041,  3.5944477E-01,  1.1753443E+05
   10807, 12009,  6.5171981E-01,  4.7798441E+04
   10808, 12043,  8.1085312E-01,  3.1766250E+04
   10810, 20016,  1.7900179E-01,  1.1437626E+04
   10811, 20242,  8.2179576E-01,  3.9261281E+04
   10812, 20348,  5.5133045E-01,  6.6303508E+04
   10813, 20348,  9.1178335E-02,  6.6303508E+04
   10814, 20469,  1.6689761E-01,  1.1387238E+05
   10815, 20208,  2.5731024E-01,  5.7781449E+04
   10816, 20208,  1.8991870E-01,  5.7781449E+04
   10817, 20397,  1.8222530E-01,  1.5529653E+05
   10818, 20127,  3.9301553E+00,  1.1504404E+04
   10819, 20086,  1.1094217E+00,  2.1911457E+04
   10820, 20119,  1.8501537E+00,  2.0286066E+04
   10821, 20492,  1.4183946E-01,  4.3825676E+04
   10822, 20006,  2.2267193E-01,  1.7240738E+05
   10823, 20569,  1.2980065E+00,  2.1755227E+04
   10824, 20094,  3.0358228E-01,  3.6326773E+04
   10825, 20094,  1.2563933E+00,  3.6326773E+04
   10826, 20294,  3.9767957E-01,  8.2049398E+04
   10827, 20294,  8.1316274E-01,  8.2049398E+04
   10828, 20193,  1.3361872E+00,  3.4509008E+04
   10829, 20544,  5.8658528E-01,  4.0908852E+04
   10830, 20363,  1.2126121E-01,  8.4599016E+04
   10831, 20363,  4.7272104E-01,  8.4599016E+04
   10832, 20496,  7.6734221E-01,  3.4745750E+04
   10833, 20496,  1.6311565E-02,  3.4745750E+04
   10834, 20120,  3.6503694E+00,  1.0818963E+04
   10835, 20120,  4.6271367E+00,  1.0818963E+04
   10836, 20257,  6.2353885E-01,  2.2943342E+04
   10837, 20554,  3.6350179E-01,  4.9860102E+04
   10838, 20554,  5.8256799E-01,  4.9860102E+04
   10840, 20190,  1.1105625E-01,  2.3190558E+05
   10841, 20190,  1.3209538E-02,  2.3190558E+05
   10844, 20207,  1.1303572E-01,  1.4618972E+05
   10845, 20207,  1.4764835E-01,  1.4618972E+05
   10846, 20207,  1.7449403E-01,  1.4618972E+05
   10847, 20198,  1.6258922E-01,  1.5639081E+05
   10848, 20057,  1.8756820E-01,  2.0535103E+05
   10849, 20057,  1.5301627E-01,  2.0535103E+05
   10850, 30091,  3.8518805E-02,  3.2148875E+05
   10851, 20407,  5.4566246E-01,  5.5021766E+04
   10852, 30091,  1.8866256E-02,  3.2148875E+05
   10870,  7021,  2.8177845E-01,  1.0901332E+05
   10871,  7018,  1.2756233E+00,  3.5019148E+04
   10874,  7047,  1.7170128E-01,  3.7779629E+04
   10875,  7014,  4.0813562E-01,  5.6251910E+04
   10876,  7014,  6.0293603E-01,  5.6251910E+04
   10877,  7014,  4.0218737E-02,  5.6251910E+04
   10879,  7066,  6.3570064E-01,  4.3860375E+04
   10881,  7031,  7.7422410E-02,  4.2849672E+05
   10882,  7031,  5.7447255E-02,  4.2849672E+05
   10883,  7031,  7.9377174E-02,  4.2849672E+05
   10884,  7031,  1.5198699E-02,  4.2849672E+05
   10889,  7059,  2.0677382E-02,  6.1001881E+05
   10890,  7059,  2.6621997E-02,  6.1001881E+05
   10892,  7059,  4.4037379E-02,  6.1001881E+05
   10893,  7059,  5.3576335E-02,  6.1001881E+05
   10894,  7059,  4.1968714E-02,  6.1001881E+05
   11129, 12048,  8.4570713E-02,  2.9459269E+05
   11130, 12048,  6.6336066E-02,  2.9459269E+05
   11131, 12057,  2.3673199E-02,  5.6966031E+05
   11132, 12057,  1.6131582E-02,  5.6966031E+05
   11133, 12057,  3.3448335E-02,  5.6966031E+05
   11134, 12057,  3.2881189E-02,  5.6966031E+05
   11136, 12057,  4.1415539E-02,  5.6966031E+05
   11141, 12011,  1.2439345E-01,  1.9127188E+05
   11145, 12029,  1.4715163E-02,  4.8316272E+05
   11146, 12029,  2.5766490E-02,  4.8316272E+05
   11147, 12029,  1.5429487E-02,  4.8316272E+05
   11149, 12029,  1.3090688E-01,  4.8316272E+05
   11151, 12044,  3.5265407E-01,  5.6343957E+04
   11152, 12051,  3.8817754E-01,  9.1092406E+04
   11153, 12051,  2.5767508E-01,  9.1092406E+04
   11154, 12051,  1.0423665E-01,  9.1092406E+04
   11156, 12076,  2.6631435E-02,  3.3519969E+04
   11157, 12010,  3.8574883E-01,  1.2155431E+05
   11159, 12020,  7.6445413E-01,  3.4500172E+04
   11160, 12066,  2.6462520E-02,  1.9631166E+05
   11161, 12043,  5.3535426E-01,  3.1766250E+04
   11164, 20242,  3.0872294E-01,  3.9261281E+04
   11165, 20348,  7.8418944E-03,  6.6303508E+04
   11166, 20348,  5.8466893E-01,  6.6303508E+04
   11167, 20208,  7.6796496E-01,  5.7781449E+04
   11168, 20208,  2.4016836E-01,  5.7781449E+04
   11169, 20210,  1.1841078E+00,  1.2517885E+04
   11170, 20210,  1.6442785E+00,  1.2517885E+04
   11171, 20408,  2.8146999E+00,  1.6504480E+04
   11172, 20172,  2.3154373E+00,  2.1140332E+04
   11173, 20172,  4.6116063E-01,  2.1140332E+04
   11174, 20331,  1.8970661E+00,  1.4412309E+04
   11175, 20046,  8.4559865E-02,  8.3767148E+04
   11176, 20046,  5.8439803E-01,  8.3767148E+04
   11177, 20046,  3.8845035E-01,  8.3767148E+04
   11178, 20161,  9.5335156E-01,  5.6611418E+04
   11179, 20487,  7.5273210E-01,  4.7889840E+04
   11180, 20294,  4.9566388E-01,  8.2049398E+04
   11181, 20193,  7.7867019E-01,  3.4509008E+04
   11182, 20193,  3.8272756E-01,  3.4509008E+04
   11183, 20544,  3.5018939E-01,  4.0908852E+04
   11184, 20191,  5.0228119E+00,  1.1780585E+04
   11185, 20496,  1.2539835E+00,  3.4745750E+04
   11186, 20473,  6.2462604E-01,  3.5093133E+04
   11187, 20280,  1.3326246E+00,  2.4792486E+04
   11188, 20128,  3.5660858E+00,  7.3130557E+03
   11189, 20156,  6.0105848E-01,  2.4458191E+04
   11190, 20554,  4.9937814E-01,  4.9860102E+04
   11191, 20554,  1.5872386E-01,  4.9860102E+04
   11193, 20190,  2.7962886E-02,  2.3190558E+05
   11194, 20498,  3.6679423E-01,  7.5241758E+04
   11195, 20190,  1.3334389E-01,  2.3190558E+05
   11199, 20207,  1.7069456E-01,  1.4618972E+05
   11201, 20057,  3.4716144E-02,  2.0535103E+05
   11202, 20057,  5.4119930E-02,  2.0535103E+05
   11204, 30091,  5.3468775E-02,  3.2148875E+05
   11205, 30210,  9.6370950E-02,  1.8099934E+05
   11206, 30210,  5.7117611E-02,  1.8099934E+05
   11207, 30210,  5.2774612E-02,  1.8099934E+05
   11208, 30210,  1.0225684E-02,  1.8099934E+05
   11211, 30210,  1.0513804E-01,  1.8099934E+05
   11212, 30210,  2.0232702E-02,  1.8099934E+05
   11219,  7092,  1.8016195E-01,  1.5827697E+05
   11220,  7092,  1.4110772E-01,  1.5827697E+05
   11221,  7092,  1.6584817E-01,  1.5827697E+05
   11222,  7021,  3.7213454E-01,  1.0901332E+05
   11223,  7021,  2.5700980E-01,  1.0901332E+05
   11224,  7018,  7.0522451E-01,  3.5019148E+04
   11225,  7067,  1.0593005E-01,  1.2688383E+04
   11227,  7072,  6.4741278E-01,  4.6649539E+04
   11228,  7118,  2.2071472E-01,  4.4193584E+03
   11229,  7081,  7.4051726E-01,  8.0273523E+04
   11230,  7081,  2.7328235E-01,  8.0273523E+04
   11231,  7081,  1.2604563E-01,  8.0273523E+04
   11232,  7066,  4.1079104E-01,  4.3860375E+04
   11233,  7109,  8.9376223E-01,  3.9883867E+04
   11234,  7082,  5.5600190E-01,  3.2042545E+04
   11235,  7031,  5.3733885E-02,  4.2849672E+05
   11236,  7031,  5.7732664E-02,  4.2849672E+05
   11237,  7031,  4.6642341E-02,  4.2849672E+05
   11238,  7031,  5.4402865E-02,  4.2849672E+05
   11239,  7031,  4.9725924E-02,  4.2849672E+05
   11240,  7031,  5.0608814E-02,  4.2849672E+05
   11242,  7059,  3.1063454E-02,  6.1001881E+05
   11243,  7059,  1.2056149E-02,  6.1001881E+05
   11244,  7059,  3.1076429E-02,  6.1001881E+05
   11245,  7059,  3.8377874E-02,  6.1001881E+05
   11246,  7059,  2.8875912E-02,  6.1001881E+05
   11481, 12048,  9.5910370E-02,  2.9459269E+05
   11482, 12048,  5.3533195E-03,  2.9459269E+05
   11484, 12048,  1.1801845E-01,  2.9459269E+05
   11485, 12057,  5.8237385E-02,  5.6966031E+05
   11487, 12057,  4.4847395E-02,  5.6966031E+05
   11488, 12057,  2.7557388E-02,  5.6966031E+05
   11489, 12057,  1.5316923E-02,  5.6966031E+05
   11493, 12054,  3.6705378E-02,  2.6680000E+05
   11494, 12054,  1.4014906E-01,  2.6680000E+05
   11496, 12032,  3.3176976E-01,  6.7378102E+04
   11497, 12032,  1.2168276E-01,  6.7378102E+04
   11498, 12029,  1.0225113E-02,  4.8316272E+05
   11499, 12029,  4.8112972E-03,  4.8316272E+05
   11502, 12029,  1.6448689E-01,  4.8316272E+05
   11503, 12044,  3.5004005E-01,  5.6343957E+04
   11504, 12044,  5.7988024E-01,  5.6343957E+04
   11505, 12051,  1.7330703E-01,  9.1092406E+04
   11506, 12028,  3.8134132E-03,  1.7937745E+05
   11507, 12079,  2.0738199E+00,  9.5352578E+03
   11508, 12079,  7.1466103E-02,  9.5352578E+03
   11509, 12010,  1.2206538E-01,  1.2155431E+05
   11510, 12010,  4.9480543E-02,  1.2155431E+05
   11511, 12020,  1.6437179E-01,  3.4500172E+04
   11512, 12069,  6.3997781E-01,  3.3408164E+04
   11513, 12069,  2.2404818E-01,  3.3408164E+04
   11514, 12069,  1.2542257E+00,  3.3408164E+04
   11515, 12004,  5.0914806E-01,  3.8422266E+04
   11516, 20152,  4.7732845E-02,  4.0653230E+03
   11518, 20348,  3.5653278E-01,  6.6303508E+04
   11519, 20461,  8.4046352E-01,  2.1885008E+04
   11520, 20528,  1.2099304E+00,  2.5565566E+04
   11521, 20549,  1.1338157E-01,  4.9878168E+04
   11523, 20210,  1.2172671E-01,  1.2517885E+04
   11524, 20317,  2.6551383E+00,  1.1021529E+04
   11525, 20423,  7.4404222E-01,  2.0944211E+04
   11526, 20536,  2.9304850E+00,  6.4368945E+03
   11527, 20140,  2.7490366E+00,  9.5429648E+03
   11528, 20281,  1.4998821E+01,  2.2607122E+03
   11529, 20006,  3.2100019E-01,  1.7240738E+05
   11530, 20463,  1.3327420E+00,  1.3340719E+04
   11531, 20463,  1.0006313E-01,  1.3340719E+04
   11532, 20478,  2.4268499E-01,  8.1951594E+04
   11533, 20179,  1.3471024E+00,  1.4316044E+04
   11534, 20179,  2.1656975E-01,  1.4316044E+04
   11535, 20359,  2.9544621E+00,  1.3052455E+04
   11536, 20001,  6.5825450E-01,  4.0551160E+04
   11537, 20173,  1.0670445E+00,  4.9472387E+04
   11538, 20042,  5.9499457E-02,  2.2663264E+04
   11540, 20471,  7.1952496E+00,  5.6930371E+03
   11541, 20223,  2.2423768E+00,  1.0285185E+04
   11542, 20156,  5.2399665E-01,  2.4458191E+04
   11544, 20460,  6.5073115E-01,  5.8769551E+04
   11545, 20460,  4.5323601E-01,  5.8769551E+04
   11547, 20498,  3.2641166E-01,  7.5241758E+04
   11548, 20190,  1.3878874E-02,  2.3190558E+05
   11549, 20190,  1.3533765E-01,  2.3190558E+05
   11550, 20190,  6.9210097E-02,  2.3190558E+05
   11551, 20207,  1.6384444E-01,  1.4618972E+05
   11552, 20207,  8.5583836E-02,  1.4618972E+05
   11554, 20057,  8.0576003E-02,  2.0535103E+05
   11555, 30091,  4.5733590E-02,  3.2148875E+05
   11556, 30091,  2.7671479E-02,  3.2148875E+05
   11557, 30091,  8.3829023E-02,  3.2148875E+05
   11560, 30210,  1.9394328E-03,  1.8099934E+05
   11561, 30210,  4.5346729E-02,  1.8099934E+05
   11562, 30210,  1.5033850E-01,  1.8099934E+05
   11563, 30210,  8.6397707E-02,  1.8099934E+05
   11564, 30210,  4.9101901E-03,  1.8099934E+05
   11565, 30210,  1.9164348E-01,  1.8099934E+05
   11572,  7092,  1.7576024E-01,  1.5827697E+05
   11575,  7092,  2.2362047E-03,  1.5827697E+05
   11576,  7060,  3.2230571E-01,  1.9111332E+04
   11577,  7060,  6.9448155E-01,  1.9111332E+04
   11578,  7067,  1.6828896E+00,  1.2688383E+04
   11579,  7073,  1.3714622E+00,  3.6519203E+04
   11580,  7072,  4.4806862E-01,  4.6649539E+04
   11581,  7072,  9.6019693E-02,  4.6649539E+04
   11582,  7039,  4.8370832E-01,  6.1329207E+04
   11583,  7039,  8.1301302E-02,  6.1329207E+04
   11584,  7096,  1.2101409E-01,  1.0626098E+05
   11585,  7096,  1.7296085E-01,  1.0626098E+05
   11586,  7109,  6.7821074E-01,  3.9883867E+04
   11587,  7109,  7.4176335E-01,  3.9883867E+04
   11589,  7031,  7.1861401E-02,  4.2849672E+05
   11590,  7031,  6.8789475E-02,  4.2849672E+05
   11591,  7031,  3.8159825E-02,  4.2849672E+05
   11593,  7031,  1.3210120E-02,  4.2849672E+05
   11594,  7031,  9.1558143E-02,  4.2849672E+05
   11595,  7059,  2.3927547E-02,  6.1001881E+05
   11596,  7065,  4.2736605E-02,  5.2808050E+05
   11597,  7059,  3.5595253E-02,  6.1001881E+05
   11598,  7065,  4.1739576E-02,  5.2808050E+05
   11832, 12038,  4.0488683E-02,  3.1860588E+05
   11833, 12048,  9.1486707E-02,  2.9459269E+05
   11834, 12048,  4.3716617E-02,  2.9459269E+05
   11837, 12048,  8.8192038E-02,  2.9459269E+05
   11838, 12057,  6.9404989E-02,  5.6966031E+05
   11839, 12057,  1.5094284E-02,  5.6966031E+05
   11840, 12057,  5.3137951E-02,  5.6966031E+05
   11841, 12057,  3.6273740E-02,  5.6966031E+05
   11845, 12054,  5.4491027E-03,  2.6680000E+05
   11846, 12054,  9.7613744E-02,  2.6680000E+05
   11847, 12032,  1.7201620E-04,  6.7378102E+04
   11849, 12032,  4.0505785E-02,  6.7378102E+04
   11850, 12032,  6.5454268E-01,  6.7378102E+04
   11851, 12040,  1.3309908E-01,  1.4408508E+05
   11852, 12029,  2.8822429E-02,  4.8316272E+05
   11853, 12029,  2.8267998E-02,  4.8316272E+05
   11854, 12029,  3.1337321E-02,  4.8316272E+05
   11855, 12029,  1.5640384E-01,  4.8316272E+05
   11856, 12061,  3.1817713E-01,  7.6666766E+04
   11857, 12061,  1.2015732E-01,  7.6666766E+04
   11858, 12028,  1.9883476E-01,  1.7937745E+05
   11859, 12028,  7.9956226E-02,  1.7937745E+05
   11860, 12028,  1.2937996E-01,  1.7937745E+05
   11861, 12010,  1.0939125E-01,  1.2155431E+05
   11862, 12010,  2.2947505E-01,  1.2155431E+05
   11863, 12010,  3.1257385E-01,  1.2155431E+05
   11864, 12020,  5.2463043E-01,  3.4500172E+04
   11865, 12066,  2.1479073E-01,  1.9631166E+05
   11866, 12066,  2.1244390E-01,  1.9631166E+05
   11868, 12004,  7.4507070E-01,  3.8422266E+04
   11869, 20011,  9.0439224E-01,  9.1612256E+03
   11870, 20011,  3.3759958E-01,  9.1612256E+03
   11871, 20537,  3.1915238E-01,  1.0829947E+05
   11872, 20537,  5.7368273E-01,  1.0829947E+05
   11873, 20549,  7.3934652E-02,  4.9878168E+04
   11874, 20549,  6.5507874E-02,  4.9878168E+04
   11876, 20346,  9.9248326E-01,  1.4310137E+04
   11877, 20346,  1.6799392E+00,  1.4310137E+04
   11878, 20339,  6.8805361E-01,  6.0338801E+04
   11879, 20339,  5.6479913E-01,  6.0338801E+04
   11880, 20523,  5.9197497E-01,  2.1318400E+04
   11881, 20224,  3.2841856E+00,  1.9070205E+04
   11882, 20006,  2.1515915E-01,  1.7240738E+05
   11883, 20304,  1.9054199E+00,  1.5443676E+04
   11885, 20478,  3.6745682E-01,  8.1951594E+04
   11886, 20175,  1.2519295E+00,  2.5034623E+04
   11888, 20001,  1.2257534E+00,  4.0551160E+04
   11889, 20001,  3.3994704E-01,  4.0551160E+04
   11890, 20296,  8.6916101E-01,  5.7203711E+04
   11893, 20471,  2.7448007E-01,  5.6930371E+03
   11894, 20457,  1.5880282E+00,  5.1196377E+03
   11898, 20205,  2.2334410E-01,  6.5975836E+04
   11899, 20460,  3.9129210E-01,  5.8769551E+04
   11903, 20190,  1.3357283E-01,  2.3190558E+05
   11904, 20190,  1.4506936E-01,  2.3190558E+05
   11905, 20190,  5.4909772E-04,  2.3190558E+05
   11906, 20190,  3.5595097E-02,  2.3190558E+05
   11907, 30091,  1.0335214E-01,  3.2148875E+05
   11908, 30091,  8.4806159E-02,  3.2148875E+05
   11909, 30091,  6.8672746E-02,  3.2148875E+05
   11910, 30091,  5.9358321E-02,  3.2148875E+05
   11914, 30210,  7.7132307E-02,  1.8099934E+05
   11915, 30210,  9.0231687E-02,  1.8099934E+05
   11918, 30061,  6.3552245E-02,  4.0983447E+05
   11924, 27008,  2.2874703E-03,  9.1048900E+05
   11925, 27008,  4.5195919E-02,  9.1048900E+05
   11929,  7025,  2.0813115E-01,  2.8782785E+04
   11930,  7025,  6.9447380E-01,  2.8782785E+04
   11931,  7091,  3.1620643E-01,  1.5171146E+04
   11932,  7084,  4.3232238E-01,  3.9039344E+04
   11934,  7005,  5.5915082E-01,  3.7974543E+04
   11935,  7039,  1.9361340E-02,  6.1329207E+04
   11936,  7076,  2.7409846E-01,  8.1338523E+04
   11937,  7076,  3.0205065E-01,  8.1338523E+04
   11938,  7096,  2.2017267E-01,  1.0626098E+05
   11939,  7100,  4.5276895E-01,  5.6514074E+04
   11940,  7100,  2.1328112E-01,  5.6514074E+04
   11942,  7031,  3.5258114E-02,  4.2849672E+05
   11943,  7077,  1.5275846E-01,  2.6810169E+05
   11944,  7065,  2.9217869E-02,  5.2808050E+05
   11946,  7031,  2.1710318E-02,  4.2849672E+05
   11947,  7065,  8.6018212E-02,  5.2808050E+05
   11948,  7031,  4.8161291E-02,  4.2849672E+05
   11949,  7065,  4.0911932E-02,  5.2808050E+05
   11950,  7065,  1.9015227E-02,  5.2808050E+05
   12183, 12038,  4.8069369E-02,  3.1860588E+05
   12184, 12038,  6.1058600E-02,  3.1860588E+05
   12185, 12038,  4.1219447E-02,  3.1860588E+05
   12186, 12038,  5.8622979E-02,  3.1860588E+05
   12187, 12048,  6.7044243E-02,  2.9459269E+05
   12191, 12057,  1.1049451E-02,  5.6966031E+05
   12192, 12057,  8.7655619E-02,  5.6966031E+05
   12193, 12057,  2.3648808E-02,  5.6966031E+05
   12194, 12057,  5.0205093E-02,  5.6966031E+05
   12198, 12054,  8.0781840E-02,  2.6680000E+05
   12199, 12054,  6.5704375E-03,  2.6680000E+05
   12203, 12040,  1.3599820E-02,  1.4408508E+05
   12204, 12040,  1.9449474E-01,  1.4408508E+05
   12205, 12040,  1.5028210E-01,  1.4408508E+05
   12206, 12040,  1.8866755E-01,  1.4408508E+05
   12207, 12075,  1.3500080E-01,  3.3378788E+05
   12208, 12075,  1.6512284E-01,  3.3378788E+05
   12209, 12061,  1.7118484E-01,  7.6666766E+04
   12210, 12061,  2.3122840E-01,  7.6666766E+04
   12211, 12074,  2.1452227E-01,  3.3645844E+04
   12212, 12028,  3.7062100E-01,  1.7937745E+05
   12213, 12002,  2.7023771E-01,  7.4565719E+04
   12214, 12010,  1.5007478E-01,  1.2155431E+05
   12215, 12002,  2.3796622E-01,  7.4565719E+04
   12216, 12002,  1.4807542E-01,  7.4565719E+04
   12217, 12066,  1.0420021E-01,  1.9631166E+05
   12219, 12066,  2.2032613E-01,  1.9631166E+05
   12220, 20251,  2.0450752E+00,  1.5339938E+04
   12221, 20251,  2.0226166E+00,  1.5339938E+04
   12222, 20537,  1.4254101E-01,  1.0829947E+05
   12223, 20501,  1.8167967E+00,  1.5721302E+04
   12224, 20537,  1.1443740E-01,  1.0829947E+05
   12225, 20081,  5.9751678E-01,  2.5588459E+04
   12226, 20081,  2.7934578E-01,  2.5588459E+04
   12227, 20549,  2.6283523E-01,  4.9878168E+04
   12228, 20549,  9.5084444E-02,  4.9878168E+04
   12229, 20524,  3.7247360E-01,  1.3287575E+04
   12230, 20405,  6.1386549E-01,  9.0119355E+03
   12231, 20093,  9.5249856E-01,  2.1403865E+04
   12232, 20341,  1.0038550E+01,  3.6542966E+03
   12233, 20521,  4.6079578E+00,  5.6931221E+03
   12234, 20121,  2.0522852E+00,  2.4694283E+04
   12235, 20006,  1.2933740E-01,  1.7240738E+05
   12236, 20006,  1.3707109E-01,  1.7240738E+05
   12237, 20395,  1.3756235E-01,  2.5364375E+04
   12238, 20177,  1.6174234E-01,  2.0457464E+05
   12239, 20175,  2.6338345E-01,  2.5034623E+04
   12241, 20001,  4.4874892E-01,  4.0551160E+04
   12242, 20458,  8.2214698E-02,  8.7689352E+04
   12243, 20458,  7.9381663E-01,  8.7689352E+04
   12244, 20458,  8.9011893E-02,  8.7689352E+04
   12245, 20458,  1.4651396E-03,  8.7689352E+04
   12251, 20205,  9.3097255E-02,  6.5975836E+04
   12252, 20460,  3.7558568E-01,  5.8769551E+04
   12254, 30212,  1.2275745E-01,  1.0391161E+05
   12255, 20498,  2.9697397E-01,  7.5241758E+04
   12256, 20498,  6.7351498E-03,  7.5241758E+04
   12258, 20190,  5.0258424E-02,  2.3190558E+05
   12259, 20190,  1.0114487E-01,  2.3190558E+05
   12260, 30091,  8.5758649E-02,  3.2148875E+05
   12261, 30091,  6.4373404E-02,  3.2148875E+05
   12262, 30091,  3.2909971E-02,  3.2148875E+05
   12264, 30091,  7.5592346E-02,  3.2148875E+05
   12265, 30070,  9.8106585E-02,  2.1605836E+05
   12266, 30070,  1.8032908E-01,  2.1605836E+05
   12267, 30108,  5.2577384E-02,  3.5664950E+05
   12268, 30108,  2.1040935E-02,  3.5664950E+05
   12271, 30061,  5.4575525E-02,  4.0983447E+05
   12275, 30061,  5.1905077E-02,  4.0983447E+05
   12276, 30061,  1.6312784E-02,  4.0983447E+05
   12277, 27008,  1.1468475E-02,  9.1048900E+05
   12278, 27008,  2.3003573E-02,  9.1048900E+05
   12279,  7062,  7.3817939E-02,  1.0182604E+05
   12280,  7062,  7.4444041E-02,  1.0182604E+05
   12281,  7062,  5.5015810E-02,  1.0182604E+05
   12282,  7068,  1.2816784E-02,  2.2867348E+05
   12283,  7025,  8.4546942E-01,  2.8782785E+04
   12284,  7084,  4.2053279E-01,  3.9039344E+04
   12285,  7084,  1.5725699E-01,  3.9039344E+04
   12286,  7005,  2.0218246E-01,  3.7974543E+04
   12287,  7005,  5.8088529E-01,  3.7974543E+04
   12288,  7076,  2.6314813E-01,  8.1338523E+04
   12289,  7076,  1.9026554E-01,  8.1338523E+04
   12291,  7096,  1.3692853E-01,  1.0626098E+05
   12292,  7100,  4.5634829E-02,  5.6514074E+04
   12293,  7077,  1.0869276E-01,  2.6810169E+05
   12295,  7077,  3.6477707E-03,  2.6810169E+05
   12296,  7077,  1.1402433E-01,  2.6810169E+05
   12299,  7065,  1.0513186E-02,  5.2808050E+05
   12300,  7065,  8.3139360E-02,  5.2808050E+05
   12301,  7065,  3.4036692E-02,  5.2808050E+05
   12304, 27017,  1.5234165E-02,  4.0618397E+05
   12305, 27017,  2.8188456E-02,  4.0618397E+05
   12306, 27017,  4.6901617E-02,  4.0618397E+05
   12307, 27017,  4.4044331E-02,  4.0618397E+05
   12308, 27017,  4.3312065E-02,  4.0618397E+05
   12535, 12038,  2.4345499E-02,  3.1860588E+05
   12536, 12038,  1.0709730E-01,  3.1860588E+05
   12537, 12038,  9.7869240E-02,  3.1860588E+05
   12538, 12038,  5.9779719E-02,  3.1860588E+05
   12539, 12048,  1.8093554E-02,  2.9459269E+05
   12540, 12048,  2.5165850E-02,  2.9459269E+05
   12541, 12048,  1.6702445E-02,  2.9459269E+05
   12545, 12022,  5.2744737E-03,  3.2179475E+05
   12551, 12054,  9.0840459E-02,  2.6680000E+05
   12552, 12054,  1.5463809E-02,  2.6680000E+05
   12555, 12032,  9.3471512E-02,  6.7378102E+04
   12556, 12040,  9.1570288E-02,  1.4408508E+05
   12557, 12040,  8.2998708E-02,  1.4408508E+05
   12558, 12075,  7.7353485E-02,  3.3378788E+05
   12560, 12075,  7.0028983E-02,  3.3378788E+05
   12561, 12075,  1.6566204E-01,  3.3378788E+05
   12562, 12061,  1.6017687E-02,  7.6666766E+04
   12563, 12042,  3.7771821E-01,  8.8852062E+04
   12564, 12074,  9.1313493E-01,  3.3645844E+04
   12565, 12074,  1.5812542E-01,  3.3645844E+04
   12566, 12002,  2.3107770E-01,  7.4565719E+04
   12567, 12002,  4.1849276E-01,  7.4565719E+04
   12568, 12002,  6.6585680E-03,  7.4565719E+04
   12570, 12024,  4.4920188E-01,  4.1557586E+04
   12571, 12033,  1.2465996E-01,  9.7906711E+04
   12572, 12033,  3.2243502E-01,  9.7906711E+04
   12573, 20567,  1.7782649E-01,  8.3589094E+04
   12574, 20251,  1.7759892E+00,  1.5339938E+04
   12575, 20199,  5.3927290E-01,  3.8673555E+04
   12576, 20484,  4.1995478E-01,  3.8325922E+04
   12577, 20164,  6.2254441E-01,  9.7977256E+03
   12578, 20520,  2.1727897E-01,  5.3082984E+04
   12579, 20520,  6.1726451E-01,  5.3082984E+04
   12580, 20237,  2.2060591E-01,  3.8983074E+04
   12581, 20549,  6.1262482E-01,  4.9878168E+04
   12582, 20456,  6.2573719E-01,  3.9781254E+04
   12583, 20405,  3.6866608E+00,  9.0119355E+03
   12584, 20540,  6.8631947E-01,  4.7751715E+04
   12585, 20129,  9.8276198E-01,  3.2306076E+04
   12586, 20176,  5.2218580E-01,  5.8385723E+04
   12587, 20176,  5.0807232E-01,  5.8385723E+04
   12588, 20176,  6.3024688E-01,  5.8385723E+04
   12589, 20451,  1.5745246E+00,  1.2096945E+04
   12590, 20311,  1.4189003E-01,  9.0572373E+03
   12591, 20177,  1.2309395E-01,  2.0457464E+05
   12597, 20458,  1.8344857E-01,  8.7689352E+04
   12598, 20458,  3.1954291E-01,  8.7689352E+04
   12605, 30212,  1.5096046E-01,  1.0391161E+05
   12606, 30212,  1.3350748E-01,  1.0391161E+05
   12607, 30212,  2.6860914E-01,  1.0391161E+05
   12608, 30130,  1.0167307E-01,  3.7588400E+05
   12609, 30130,  1.2056602E-02,  3.7588400E+05
   12613, 30142,  6.4655937E-02,  3.1004362E+05
   12615, 30091,  3.0733148E-02,  3.2148875E+05
   12616, 30091,  7.7280670E-02,  3.2148875E+05
   12617, 30070,  1.6945177E-01,  2.1605836E+05
   12618, 30070,  9.2096739E-02,  2.1605836E+05
   12619, 30070,  9.6899025E-02,  2.1605836E+05
   12620, 30108,  7.4849479E-02,  3.5664950E+05
   12621, 30108,  5.0807126E-02,  3.5664950E+05
   12622, 30108,  1.0151456E-01,  3.5664950E+05
   12623, 30108,  3.7051648E-02,  3.5664950E+05
   12624, 30061,  5.2566148E-02,  4.0983447E+05
   12627, 30061,  4.4926211E-02,  4.0983447E+05
   12628, 30061,  3.4015026E-02,  4.0983447E+05
   12632, 27008,  4.3805983E-02,  9.1048900E+05
   12633,  7062,  4.1939071E-01,  1.0182604E+05
   12634,  7068,  2.0765724E-02,  2.2867348E+05
   12635,  7068,  1.1124104E-01,  2.2867348E+05
   12636,  7068,  2.2317731E-01,  2.2867348E+05
   12637,  7084,  5.7064641E-01,  3.9039344E+04
   12640, 27015,  2.0076111E-01,  2.3142977E+05
   12641, 27015,  1.3549422E-02,  2.3142977E+05
   12643,  7096,  8.7789193E-02,  1.0626098E+05
   12644,  7096,  1.3296555E-01,  1.0626098E+05
   12645,  7096,  9.0040497E-02,  1.0626098E+05
   12646,  7077,  5.4971073E-02,  2.6810169E+05
   12647,  7077,  6.4994045E-02,  2.6810169E+05
   12648,  7077,  8.2035527E-02,  2.6810169E+05
   12649,  7077,  1.0404576E-01,  2.6810169E+05
   12650,  7065,  3.2036334E-02,  5.2808050E+05
   12651,  7065,  3.5207946E-02,  5.2808050E+05
   12652,  7065,  3.7073150E-02,  5.2808050E+05
   12653,  7065,  2.4024248E-02,  5.2808050E+05
   12656, 27017,  5.1259510E-03,  4.0618397E+05
   12657, 27017,  5.2515652E-02,  4.0618397E+05
   12658, 27017,  6.5431610E-02,  4.0618397E+05
   12659, 27017,  7.6897994E-02,  4.0618397E+05
   12660, 27017,  1.8164834E-02,  4.0618397E+05
   12661, 27017,  3.0198030E-02,  4.0618397E+05
   12888, 12038,  6.7400694E-02,  3.1860588E+05
   12890, 12038,  1.1184945E-02,  3.1860588E+05
   12891, 12038,  9.3169518E-02,  3.1860588E+05
   12892, 12038,  1.1800099E-03,  3.1860588E+05
   12893, 12048,  1.0272169E-02,  2.9459269E+05
   12894, 12022,  8.3321817E-02,  3.2179475E+05
   12895, 12022,  2.9259853E-02,  3.2179475E+05
   12905, 12054,  1.1348110E-01,  2.6680000E+05
   12908, 12032,  6.5175153E-02,  6.7378102E+04
   12911, 12075,  2.5046555E-02,  3.3378788E+05
   12912, 12075,  7.5850949E-02,  3.3378788E+05
   12913, 12075,  1.0384274E-01,  3.3378788E+05
   12914, 12075,  1.2979259E-01,  3.3378788E+05
   12920, 12002,  7.5992107E-02,  7.4565719E+04
   12922, 12045,  1.9949889E-02,  1.1643589E+05
   12923, 12045,  2.8150481E-01,  1.1643589E+05
   12924, 12033,  6.9178224E-02,  9.7906711E+04
   12925, 12033,  2.8804380E-01,  9.7906711E+04
   12926, 20567,  1.0327494E-01,  8.3589094E+04
   12927, 20567,  5.6887662E-01,  8.3589094E+04
   12928, 20199,  1.1735142E+00,  3.8673555E+04
   12929, 20537,  1.9751281E-01,  1.0829947E+05
   12930, 20290,  4.4637551E+00,  1.8825908E+03
   12931, 20245,  2.4847577E+00,  1.4391636E+04
   12932, 20237,  3.8685125E-01,  3.8983074E+04
   12933, 20160,  7.0565152E-01,  2.5894000E+04
   12934, 20039,  4.3852979E-01,  1.0346757E+05
   12935, 20456,  7.1789783E-01,  3.9781254E+04
   12936, 20089,  5.3443469E-02,  3.5469422E+04
   12937, 20106,  7.1703062E+00,  4.5276631E+03
   12938, 20287,  1.2247325E+00,  1.1539608E+04
   12939, 20176,  7.3836941E-01,  5.8385723E+04
   12940, 20176,  8.6367808E-02,  5.8385723E+04
   12941, 20176,  1.0042967E-01,  5.8385723E+04
   12942, 20313,  7.6631451E-01,  8.8041064E+03
   12943, 20311,  3.1491222E+00,  9.0572373E+03
   12944, 20177,  2.5224566E-01,  2.0457464E+05
   12945, 20220,  1.0679966E+00,  2.6403746E+04
   12946, 20220,  2.4618869E-01,  2.6403746E+04
   12951, 20559,  3.1249481E-01,  9.2575867E+04
   12952, 20009,  7.6394546E-01,  1.4656806E+04
   12953, 20009,  7.2029716E-01,  1.4656806E+04
   12954, 20009,  8.2608536E-02,  1.4656806E+04
   12956, 20205,  1.2307887E-02,  6.5975836E+04
   12957, 30130,  4.1323155E-02,  3.7588400E+05
   12958, 30130,  6.6896871E-02,  3.7588400E+05
   12959, 30212,  1.5019262E-01,  1.0391161E+05
   12960, 30212,  1.9063860E-02,  1.0391161E+05
   12961, 30130,  5.5489875E-02,  3.7588400E+05
   12962, 30130,  6.3524187E-02,  3.7588400E+05
   12963, 30142,  2.7713627E-02,  3.1004362E+05
   12966, 30144,  1.1083299E-01,  2.1990583E+05
   12967, 30144,  9.1142729E-02,  2.1990583E+05
   12968, 30144,  1.0694104E-01,  2.1990583E+05
   12969, 30172,  1.3070920E-01,  1.8760877E+05
   12970, 30070,  1.9162115E-01,  2.1605836E+05
   12971, 30070,  5.0540466E-02,  2.1605836E+05
   12974, 30108,  7.2349861E-02,  3.5664950E+05
   12975, 30108,  3.9559929E-03,  3.5664950E+05
   12976, 30108,  6.4779617E-02,  3.5664950E+05
   12977, 30061,  6.0827427E-02,  4.0983447E+05
   12978, 30061,  3.0726450E-02,  4.0983447E+05
   12979, 30061,  2.0278800E-02,  4.0983447E+05
   12980, 30061,  4.6342108E-02,  4.0983447E+05
   12984, 27008,  1.9988852E-02,  9.1048900E+05
   12985, 27008,  2.9196573E-02,  9.1048900E+05
   12986, 27008,  1.3963560E-02,  9.1048900E+05
   12987,  7068,  1.7457241E-01,  2.2867348E+05
   12988,  7068,  6.8406790E-02,  2.2867348E+05
   12989,  7068,  1.7947297E-01,  2.2867348E+05
   12990,  7068,  1.4715268E-01,  2.2867348E+05
   12991, 27016,  3.4135714E-01,  1.1155689E+05
   12992, 27015,  9.5014371E-02,  2.3142977E+05
   12993, 27015,  2.0881148E-01,  2.3142977E+05
   12994, 27015,  6.9253549E-02,  2.3142977E+05
   12995, 27015,  1.4448611E-01,  2.3142977E+05
   12998,  7096,  2.6739576E-01,  1.0626098E+05
   12999,  7077,  1.5189628E-01,  2.6810169E+05
   13000,  7077,  2.2149611E-02,  2.6810169E+05
   13002,  7065,  5.7714209E-02,  5.2808050E+05
   13003,  7065,  4.6976887E-02,  5.2808050E+05
   13006,  7065,  2.6373309E-03,  5.2808050E+05
   13007, 27017,  9.2568941E-02,  4.0618397E+05
   13008, 27017,  5.6899481E-02,  4.0618397E+05
   13009, 27017,  8.8965595E-02,  4.0618397E+05
   13010, 27017,  8.5426286E-02,  4.0618397E+05
   13011, 27017,  9.8363943E-02,  4.0618397E+05
   13012, 27017,  7.0884429E-02,  4.0618397E+05
   13013, 27017,  5.9483908E-02,  4.0618397E+05
   13014, 27017,  6.2228856E-03,  4.0618397E+05
   13235, 16052,  1.3679987E-02,  3.1551781E+05
   13236, 16052,  1.9276928E-02,  3.1551781E+05
   13239, 12068,  1.6727870E-02,  2.4069012E+05
   13240, 12068,  1.0473369E-01,  2.4069012E+05
   13241, 12068,  6.5147340E-02,  2.4069012E+05
   13245, 12038,  1.0336250E-01,  3.1860588E+05
   13246, 12038,  1.1267783E-01,  3.1860588E+05
   13247, 12048,  5.0209360E-03,  2.9459269E+05
   13258, 12054,  9.7894087E-02,  2.6680000E+05
   13264, 12075,  1.1286681E-03,  3.3378788E+05
   13266, 12075,  6.2157027E-02,  3.3378788E+05
   13267, 12075,  1.0152165E-02,  3.3378788E+05
   13268, 12075,  1.6162772E-01,  3.3378788E+05
   13275, 12045,  1.6288003E-01,  1.1643589E+05
   13276, 12045,  1.2904215E-01,  1.1643589E+05
   13278, 12033,  3.9947534E-01,  9.7906711E+04
   13279, 12070,  5.0380135E-01,  7.0121023E+04
   13281, 20186,  1.1879213E+00,  1.6311267E+04
   13283, 20055,  1.1471776E+00,  2.8354498E+04
   13284, 20245,  9.5757389E-01,  1.4391636E+04
   13285, 20352,  3.1677282E+00,  7.4968276E+03
   13286, 20039,  4.3707222E-01,  1.0346757E+05
   13287, 20568,  1.5936779E+00,  3.1185963E+04
   13288, 20462,  1.0527557E+00,  1.7040930E+04
   13290, 20321,  4.7926852E-01,  5.3765605E+03
   13291, 20464,  3.1109624E+00,  7.2490923E+03
   13292, 20283,  1.1151094E+00,  2.6096408E+04
   13293, 20416,  2.2927737E-01,  1.3790410E+04
   13294, 20416,  7.7072263E-01,  1.3790410E+04
   13295, 20313,  4.5557147E-01,  8.8041064E+03
   13296, 20558,  9.2993492E-01,  4.9504598E+04
   13297, 20177,  3.2823730E-01,  2.0457464E+05
   13298, 20019,  4.3030542E-01,  6.9649914E+04
   13299, 20019,  5.4723358E-01,  6.9649914E+04
   13304, 20559,  3.5095990E-01,  9.2575867E+04
   13305, 20559,  3.4029406E-01,  9.2575867E+04
   13309, 20044,  1.7848503E-02,  1.2415251E+05
   13310, 30130,  1.4310209E-01,  3.7588400E+05
   13311, 30130,  8.7262228E-02,  3.7588400E+05
   13312, 30212,  2.5878546E-01,  1.0391161E+05
   13313, 30130,  5.8510985E-02,  3.7588400E+05
   13314, 30130,  7.0600033E-02,  3.7588400E+05
   13315, 30130,  2.0977700E-02,  3.7588400E+05
   13316, 30142,  5.5923160E-02,  3.1004362E+05
   13317, 30142,  4.6063699E-02,  3.1004362E+05
   13318, 30142,  1.1947805E-02,  3.1004362E+05
   13319, 30144,  1.3737053E-01,  2.1990583E+05
   13321, 30172,  1.3405278E-01,  1.8760877E+05
   13322, 30172,  5.0858669E-03,  1.8760877E+05
   13323, 30089,  2.3575699E-01,  1.7531297E+05
   13324, 30070,  5.5314448E-02,  2.1605836E+05
   13326, 30108,  7.4492440E-02,  3.5664950E+05
   13327, 30108,  3.8035188E-02,  3.5664950E+05
   13328, 30108,  2.2421082E-02,  3.5664950E+05
   13330, 30061,  8.7750331E-03,  4.0983447E+05
   13331, 30061,  5.5155784E-02,  4.0983447E+05
   13332, 30061,  9.5028663E-03,  4.0983447E+05
   13338, 27008,  2.4916621E-02,  9.1048900E+05
   13339, 27008,  5.0564092E-02,  9.1048900E+05
   13340,  7048,  2.1641502E-02,  2.3874708E+05
   13341,  7048,  2.1873252E-01,  2.3874708E+05
   13342,  7068,  1.4353131E-01,  2.2867348E+05
   13343, 27016,  2.6240200E-01,  1.1155689E+05
   13344, 27016,  1.8288732E-01,  1.1155689E+05
   13345, 27015,  1.7341286E-01,  2.3142977E+05
   13346, 27015,  4.1703016E-02,  2.3142977E+05
   13347, 27015,  6.3032612E-02,  2.3142977E+05
   13348, 27012,  2.2042084E-02,  4.4394109E+05
   13349, 27012,  1.2786113E-02,  4.4394109E+05
   13350, 27012,  1.6101941E-02,  4.4394109E+05
   13351,  7077,  8.2467727E-02,  2.6810169E+05
   13353,  7065,  2.8815124E-02,  5.2808050E+05
   13354,  7016,  1.3603558E-01,  1.0327248E+05
   13355,  7065,  7.0910521E-02,  5.2808050E+05
   13356,  7065,  4.4036891E-02,  5.2808050E+05
   13357,  7065,  1.9705871E-02,  5.2808050E+05
   13358,  7065,  3.5468809E-02,  5.2808050E+05
   13359,  7050,  1.4593630E-01,  7.5424281E+04
   13360, 27007,  1.0658824E-01,  1.7186897E+05
   13362, 27017,  4.8105467E-02,  4.0618397E+05
   13363, 27017,  6.4196172E-03,  4.0618397E+05
   13365, 27001,  2.1243600E-02,  4.8531341E+05
   13366, 27001,  3.7207957E-02,  4.8531341E+05
   13585, 16052,  1.2250543E-02,  3.1551781E+05
   13586, 16052,  7.5671427E-02,  3.1551781E+05
   13587, 16052,  4.3939382E-02,  3.1551781E+05
   13588, 16052,  2.6035541E-01,  3.1551781E+05
   13589, 16052,  1.6009210E-01,  3.1551781E+05
   13590, 12068,  7.9916827E-02,  2.4069012E+05
   13591, 12068,  9.3576401E-02,  2.4069012E+05
   13592, 12068,  8.2990564E-02,  2.4069012E+05
   13593, 12068,  1.2689698E-01,  2.4069012E+05
   13594, 12068,  4.6339933E-02,  2.4069012E+05
   13598, 12038,  5.8652703E-02,  3.1860588E+05
   13599, 12038,  1.1304019E-01,  3.1860588E+05
   13600, 12022,  8.9440726E-02,  3.2179475E+05
   13601, 12022,  4.4220504E-03,  3.2179475E+05
   13611, 12054,  1.0338118E-01,  2.6680000E+05
   13614, 12006,  1.4493373E-01,  1.2023487E+05
   13615, 12006,  8.6869866E-02,  1.2023487E+05
   13619, 12075,  6.7928024E-02,  3.3378788E+05
   13621, 12059,  1.3393146E-01,  1.5299862E+05
   13622, 12034,  9.2356570E-02,  3.4562166E+05
   13627, 12045,  1.4269759E-01,  1.1643589E+05
   13628, 12045,  1.1525306E-01,  1.1643589E+05
   13631, 21011,  7.0182937E-01,  3.3416668E+04
   13632, 12070,  3.3075425E-01,  7.0121023E+04
   13634, 21003,  1.7182961E-01,  1.4956422E+05
   13636, 20032,  9.1148913E-01,  1.0788492E+04
   13637, 20455,  1.6754479E+00,  1.3943838E+04
   13638, 20455,  1.5900947E+00,  1.3943838E+04
   13639, 20568,  1.1888294E+00,  3.1185963E+04
   13640, 20568,  7.1429409E-02,  3.1185963E+04
   13641, 20400,  2.8463516E+00,  7.4652715E+03
   13644, 20018,  4.0230873E-01,  4.1412734E+03
   13645, 20548,  3.0337232E-01,  1.0867089E+05
   13649, 20177,  1.9508639E-01,  2.0457464E+05
   13650, 20177,  1.4237595E-01,  2.0457464E+05
   13651, 20019,  4.3137795E-01,  6.9649914E+04
   13652, 20276,  6.2523460E-01,  1.5384007E+04
   13653, 20019,  4.2104043E-02,  6.9649914E+04
   13654, 20182,  8.6064696E-01,  9.2690908E+03
   13655, 20136,  5.1123059E-01,  3.8122941E+04
   13657, 20559,  3.1466044E-02,  9.2575867E+04
   13658, 20559,  4.2526577E-02,  9.2575867E+04
   13659, 20417,  6.5603089E-01,  2.6554521E+04
   13661, 20184,  4.4853259E-02,  2.5524002E+05
   13662, 20044,  2.8399810E-01,  1.2415251E+05
   13663, 30130,  7.8286648E-02,  3.7588400E+05
   13664, 30130,  5.9235737E-02,  3.7588400E+05
   13665, 30130,  2.2607824E-02,  3.7588400E+05
   13666, 30130,  4.8720259E-02,  3.7588400E+05
   13667, 30130,  7.9378918E-02,  3.7588400E+05
   13668, 30094,  4.2736039E-02,  3.4269800E+05
   13669, 30094,  1.6082477E-02,  3.4269800E+05
   13670, 30142,  9.8035723E-02,  3.1004362E+05
   13671, 30142,  3.2770328E-02,  3.1004362E+05
   13672, 30144,  6.4853147E-02,  2.1990583E+05
   13673, 30144,  1.7898008E-01,  2.1990583E+05
   13674, 30172,  1.7356132E-01,  1.8760877E+05
   13675, 30172,  2.3585252E-01,  1.8760877E+05
   13676, 30089,  2.0449664E-01,  1.7531297E+05
   13677, 30070,  5.6686953E-02,  2.1605836E+05
   13679, 30108,  4.1623641E-02,  3.5664950E+05
   13680, 30108,  2.9678592E-02,  3.5664950E+05
   13681, 30108,  3.4392264E-02,  3.5664950E+05
   13683, 30061,  6.5441921E-02,  4.0983447E+05
   13684, 30061,  5.8143366E-02,  4.0983447E+05
   13685, 30061,  6.1557133E-02,  4.0983447E+05
   13686, 27008,  6.2271408E-03,  9.1048900E+05
   13687, 27008,  2.2296369E-02,  9.1048900E+05
   13688, 27008,  2.4611326E-02,  9.1048900E+05
   13689, 27008,  1.7659018E-02,  9.1048900E+05
   13691, 27008,  4.2389784E-02,  9.1048900E+05
   13692, 27008,  2.5093954E-02,  9.1048900E+05
   13693,  7048,  9.2426829E-02,  2.3874708E+05
   13694,  7048,  1.7239903E-01,  2.3874708E+05
   13695,  7048,  8.2119957E-02,  2.3874708E+05
   13696, 27016,  2.1703316E-02,  1.1155689E+05
   13697, 27009,  1.4367926E-01,  2.3237680E+05
   13698, 27009,  1.8462612E-01,  2.3237680E+05
   13699, 27009,  1.1333813E-01,  2.3237680E+05
   13700, 27012,  5.2856885E-02,  4.4394109E+05
   13701, 27012,  8.8633321E-02,  4.4394109E+05
   13702, 27012,  5.6211930E-02,  4.4394109E+05
   13703, 27012,  6.7234144E-02,  4.4394109E+05
   13704, 27012,  4.9466819E-02,  4.4394109E+05
   13705,  7065,  6.6719711E-02,  5.2808050E+05
   13706,  7065,  3.2882202E-02,  5.2808050E+05
   13707,  7065,  1.7740767E-02,  5.2808050E+05
   13708,  7065,  3.6216885E-02,  5.2808050E+05
   13709,  7065,  3.7943065E-02,  5.2808050E+05
   13710,  7065,  3.0141674E-02,  5.2808050E+05
   13711,  7050,  1.8348351E-02,  7.5424281E+04
   13712,  7050,  1.3354227E-01,  7.5424281E+04
   13713, 27001,  6.5149389E-02,  4.8531341E+05
   13716, 27001,  4.4269968E-02,  4.8531341E+05
   13717, 27001,  2.5076004E-02,  4.8531341E+05
   13718, 27001,  4.9685866E-02,  4.8531341E+05
   13719, 27001,  3.7190113E-02,  4.8531341E+05
   13934, 16008,  4.6155479E-02,  3.4349553E+05
   13935, 16052,  6.9094375E-02,  3.1551781E+05
   13936, 16052,  6.9472432E-02,  3.1551781E+05
   13937, 16052,  7.2597347E-02,  3.1551781E+05
   13938, 16052,  4.8693996E-02,  3.1551781E+05
   13939, 16052,  1.9598100E-02,  3.1551781E+05
   13940, 16052,  8.8237077E-02,  3.1551781E+05
   13941, 16052,  6.0326260E-02,  3.1551781E+05
   13943, 12068,  1.1063426E-02,  2.4069012E+05
   13944, 12068,  4.6235006E-02,  2.4069012E+05
   13946, 12068,  1.9760478E-02,  2.4069012E+05
   13947, 12016,  1.6531678E-01,  1.3674322E+05
   13949, 12016,  1.0130350E-01,  1.3674322E+05
   13951, 12038,  2.6945486E-03,  3.1860588E+05
   13952, 12038,  8.7938368E-02,  3.1860588E+05
   13953, 12022,  8.7515952E-04,  3.2179475E+05
   13954, 12022,  6.5632276E-02,  3.2179475E+05
   13955, 12022,  8.9603618E-02,  3.2179475E+05
   13956, 12022,  4.8847985E-02,  3.2179475E+05
   13961, 12003,  2.8753007E-02,  1.0410989E+05
   13964, 12054,  8.4620394E-02,  2.6680000E+05
   13967, 12006,  2.1434200E-01,  1.2023487E+05
   13968, 12006,  8.7233737E-02,  1.2023487E+05
   13969, 12026,  2.0381221E-01,  9.3179430E+04
   13970, 12017,  1.7740121E-01,  9.7482195E+04
   13971, 12035,  1.4346018E-02,  1.4094848E+05
   13972, 12059,  1.3333341E-01,  1.5299862E+05
   13975, 12034,  5.2241690E-02,  3.4562166E+05
   13976, 12008,  3.9717257E-01,  1.0183360E+05
   13977, 12008,  2.9057164E-02,  1.0183360E+05
   13978, 12019,  3.5586980E-01,  6.5466992E+04
   13979, 12019,  3.3637390E-01,  6.5466992E+04
   13980, 12019,  3.8938707E-01,  6.5466992E+04
   13982, 21198,  2.7845356E-01,  3.8997207E+04
   13984, 21198,  7.3271722E-01,  3.8997207E+04
   13985, 21191,  7.5386226E-01,  5.2251480E+04
   13986, 21191,  2.3874287E-01,  5.2251480E+04
   13987, 21113,  5.1973236E-01,  4.2948992E+04
   13988, 21003,  1.7784818E-01,  1.4956422E+05
   13989, 21066,  4.8753947E-01,  3.7239953E+04
   13991, 21055,  8.0141015E-02,  5.0381684E+04
   13992, 21112,  9.6712011E-01,  4.5262000E+04
   13993, 20039,  3.9067663E-02,  1.0346757E+05
   13994, 20181,  7.7983780E+00,  3.2637278E+03
   13998, 20548,  1.9232962E-01,  1.0867089E+05
   14001, 20206,  4.2174712E-02,  2.5580318E+04
   14002, 20431,  1.0464678E+00,  3.4417105E+04
   14003, 20431,  4.8723665E-01,  3.4417105E+04
   14004, 20355,  1.8846594E+00,  1.4239461E+04
   14005, 20438,  6.6255608E+00,  5.2416460E+03
   14008, 20136,  8.3588678E-01,  3.8122941E+04
   14012, 20166,  1.0289525E+00,  2.1141053E+04
   14013, 20184,  7.8105383E-02,  2.5524002E+05
   14014, 20184,  6.3711800E-02,  2.5524002E+05
   14015, 20044,  1.7758480E-01,  1.2415251E+05
   14016, 20044,  2.7390477E-01,  1.2415251E+05
   14017, 30169,  1.3289545E-02,  1.7278891E+05
   14018, 30130,  7.0933267E-02,  3.7588400E+05
   14019, 30130,  4.7308899E-02,  3.7588400E+05
   14020, 30094,  2.8551362E-02,  3.4269800E+05
   14021, 30094,  7.2034225E-02,  3.4269800E+05
   14022, 30094,  9.8977081E-02,  3.4269800E+05
   14023, 30142,  2.3453191E-02,  3.1004362E+05
   14024, 30142,  1.0257393E-01,  3.1004362E+05
   14025, 30142,  1.2172556E-01,  3.1004362E+05
   14026, 30144,  3.7699452E-01,  2.1990583E+05
   14027, 30172,  4.1189298E-01,  1.8760877E+05
   14028, 30172,  3.4958410E-01,  1.8760877E+05
   14029, 30089,  1.5064968E-01,  1.7531297E+05
   14031, 30108,  7.3848427E-03,  3.5664950E+05
   14032, 30108,  3.6309034E-02,  3.5664950E+05
   14033, 30108,  1.8045278E-02,  3.5664950E+05
   14034, 30111,  7.8477897E-02,  1.5603133E+05
   14035, 30061,  4.1254349E-02,  4.0983447E+05
   14036, 30061,  9.5749594E-02,  4.0983447E+05
   14038, 27008,  1.2058351E-02,  9.1048900E+05
   14039, 27008,  2.0850038E-02,  9.1048900E+05
   14040, 27008,  1.9410574E-03,  9.1048900E+05
   14041, 27008,  2.8541448E-02,  9.1048900E+05
   14042, 27008,  3.4150653E-02,  9.1048900E+05
   14043, 27008,  3.5981514E-02,  9.1048900E+05
   14044, 27008,  3.9308503E-02,  9.1048900E+05
   14045, 27008,  4.7260832E-02,  9.1048900E+05
   14046,  7074,  1.9484809E-01,  1.5664788E+05
   14047,  7074,  2.1293791E-01,  1.5664788E+05
   14048,  7048,  1.5002632E-01,  2.3874708E+05
   14049, 27004,  1.4387174E-02,  7.7844700E+05
   14050, 27004,  4.2061206E-02,  7.7844700E+05
   14051, 27009,  1.2212577E-01,  2.3237680E+05
   14052, 27009,  3.3608329E-02,  2.3237680E+05
   14053, 27009,  1.7653044E-01,  2.3237680E+05
   14054, 27012,  9.8472401E-02,  4.4394109E+05
   14055, 27012,  1.8389227E-02,  4.4394109E+05
   14056, 27012,  5.4833300E-02,  4.4394109E+05
   14057, 27012,  1.4781490E-02,  4.4394109E+05
   14058, 27012,  3.9478615E-02,  4.4394109E+05
   14059,  7065,  1.8492524E-02,  5.2808050E+05
   14060, 27012,  8.0299363E-02,  4.4394109E+05
   14061,  7016,  2.7140120E-01,  1.0327248E+05
   14062,  7065,  5.9202958E-02,  5.2808050E+05
   14063,  7065,  3.5430729E-02,  5.2808050E+05
   14064,  7050,  6.9900513E-01,  7.5424281E+04
   14065, 27007,  1.2509505E-01,  1.7186897E+05
   14066, 27001,  4.7175668E-02,  4.8531341E+05
   14067, 27001,  2.5329315E-03,  4.8531341E+05
   14070, 27001,  5.7088692E-02,  4.8531341E+05
   14071, 27001,  1.6103150E-02,  4.8531341E+05
   14072, 27001,  3.7196867E-02,  4.8531341E+05
   14285, 16008,  7.0313856E-02,  3.4349553E+05
   14286, 16008,  6.7829050E-02,  3.4349553E+05
   14287, 16008,  1.8964456E-02,  3.4349553E+05
   14293, 16052,  6.7925125E-02,  3.1551781E+05
   14299, 12016,  7.0998907E-02,  1.3674322E+05
   14300, 12016,  1.0031583E-01,  1.3674322E+05
   14302, 12016,  1.4482713E-01,  1.3674322E+05
   14309, 12022,  8.7420724E-02,  3.2179475E+05
   14314, 12003,  2.7108246E-01,  1.0410989E+05
   14315, 12054,  8.6881883E-02,  2.6680000E+05
   14316, 12054,  1.0597368E-01,  2.6680000E+05
   14317, 12054,  1.1734033E-01,  2.6680000E+05
   14321, 12006,  3.3203974E-01,  1.2023487E+05
   14322, 12026,  2.5590301E-01,  9.3179430E+04
   14323, 12017,  2.2042561E-01,  9.7482195E+04
   14324, 12035,  3.8019057E-02,  1.4094848E+05
   14325, 12035,  2.1161011E-01,  1.4094848E+05
   14329, 12008,  4.9164820E-01,  1.0183360E+05
   14330, 12008,  1.9716564E-01,  1.0183360E+05
   14331, 12019,  1.7771581E-01,  6.5466992E+04
   14332, 12019,  3.6313292E-01,  6.5466992E+04
   14335, 21198,  1.5263464E-01,  3.8997207E+04
   14336, 21198,  4.4160375E-01,  3.8997207E+04
   14337, 21056,  3.1050086E-01,  5.5801832E+04
   14338, 21056,  7.3960716E-01,  5.5801832E+04
   14339, 21056,  4.4614446E-01,  5.5801832E+04
   14340, 21155,  5.5242556E-01,  4.4812531E+04
   14342, 21066,  8.3851808E-01,  3.7239953E+04
   14343, 21141,  4.6301967E-01,  2.4026279E+04
   14344, 21112,  5.7842875E-01,  4.5262000E+04
   14345, 21112,  2.0319891E-01,  4.5262000E+04
   14346, 20340,  3.6774802E-01,  9.0202594E+04
   14347, 20459,  5.7127118E-01,  8.3063047E+04
   14348, 20340,  2.0911010E-01,  9.0202594E+04
   14351, 20548,  1.7538597E-01,  1.0867089E+05
   14354, 20206,  8.4588748E-01,  2.5580318E+04
   14356, 20234,  1.0288208E+00,  4.4638109E+04
   14358, 20040,  1.6464705E+00,  1.8425664E+04
   14359, 20134,  3.4615654E-01,  7.7855750E+04
   14360, 20134,  3.1856579E-01,  7.7855750E+04
   14361, 20134,  4.1566664E-01,  7.7855750E+04
   14362, 20232,  1.2852684E-01,  5.5408062E+04
   14364, 20232,  3.0884802E-01,  5.5408062E+04
   14365, 20184,  1.9433823E-01,  2.5524002E+05
   14366, 20184,  2.1767259E-02,  2.5524002E+05
   14368, 20044,  1.0552727E-01,  1.2415251E+05
   14369, 20044,  1.5955552E-02,  1.2415251E+05
   14370, 30169,  6.0079884E-02,  1.7278891E+05
   14372, 30077,  1.4975289E-01,  2.4606742E+05
   14373, 30094,  1.8438108E-02,  3.4269800E+05
   14374, 30094,  1.4013204E-01,  3.4269800E+05
   14375, 30094,  1.3312529E-01,  3.4269800E+05
   14376, 30142,  1.6497509E-01,  3.1004362E+05
   14377, 30142,  1.1853526E-01,  3.1004362E+05
   14378, 30142,  5.7503600E-02,  3.1004362E+05
   14379, 30003,  1.4423986E-01,  1.7041575E+05
   14380, 30003,  2.3467663E-01,  1.7041575E+05
   14381, 30172,  1.8613739E-01,  1.8760877E+05
   14382, 30089,  4.9232703E-01,  1.7531297E+05
   14383, 30199,  4.9363236E+00,  1.4885937E+04
   14384, 30108,  6.5991633E-02,  3.5664950E+05
   14386, 30111,  1.8471141E-01,  1.5603133E+05
   14387, 30111,  2.6452589E-01,  1.5603133E+05
   14388, 30111,  2.7001581E-01,  1.5603133E+05
   14389, 30204,  3.2591158E-01,  1.3743797E+05
   14391, 27008,  6.4073328E-04,  9.1048900E+05
   14392, 27008,  2.3215372E-02,  9.1048900E+05
   14393, 27008,  1.1820384E-02,  9.1048900E+05
   14394, 27008,  2.2469714E-02,  9.1048900E+05
   14396, 27008,  3.9610855E-02,  9.1048900E+05
   14397, 27008,  2.9829627E-02,  9.1048900E+05
   14398, 27008,  5.0286971E-02,  9.1048900E+05
   14399,  7074,  9.2958314E-03,  1.5664788E+05
   14400,  7074,  2.7722114E-01,  1.5664788E+05
   14401, 27004,  8.2137793E-02,  7.7844700E+05
   14402, 27004,  2.9151550E-02,  7.7844700E+05
   14403, 27004,  4.2331703E-02,  7.7844700E+05
   14404, 27009,  9.5952712E-02,  2.3237680E+05
   14405, 27009,  1.4001596E-01,  2.3237680E+05
   14406, 27012,  5.7458464E-02,  4.4394109E+05
   14407, 27012,  5.5611033E-02,  4.4394109E+05
   14408, 27012,  1.0120546E-01,  4.4394109E+05
   14410, 27012,  5.5776179E-02,  4.4394109E+05
   14411, 27012,  5.4965083E-02,  4.4394109E+05
   14412, 27011,  3.1324789E-02,  3.1635244E+05
   14413, 27012,  1.8319895E-02,  4.4394109E+05
   14416,  7065,  5.9159342E-02,  5.2808050E+05
   14417, 27007,  5.4184776E-02,  1.7186897E+05
   14419, 27001,  5.2991705E-03,  4.8531341E+05
   14420, 27001,  3.6832370E-02,  4.8531341E+05
   14422, 27001,  1.0125666E-02,  4.8531341E+05
   14423, 27001,  5.6684777E-02,  4.8531341E+05
   14424, 27001,  2.9018993E-02,  4.8531341E+05
   14425, 27001,  4.6563219E-02,  4.8531341E+05
   14634, 16008,  2.5386680E-02,  3.4349553E+05
   14635, 16008,  6.6181347E-02,  3.4349553E+05
   14636, 16008,  1.2594685E-01,  3.4349553E+05
   14637, 16008,  6.4053155E-02,  3.4349553E+05
   14638, 16008,  1.3076498E-02,  3.4349553E+05
   14646, 16010,  8.4732063E-02,  2.8378581E+05
   14647, 16052,  5.0665304E-04,  3.1551781E+05
   14652, 12016,  7.9243451E-02,  1.3674322E+05
   14655, 12016,  1.3341242E-01,  1.3674322E+05
   14659, 12073,  4.8685204E-02,  1.8812252E+05
   14660, 12073,  2.8794149E-02,  1.8812252E+05
   14662, 12022,  5.9963189E-02,  3.2179475E+05
   14663, 12022,  3.7959196E-02,  3.2179475E+05
   14666, 12003,  1.8634477E-01,  1.0410989E+05
   14667, 12003,  3.1512845E-01,  1.0410989E+05
   14668, 12067,  1.9680010E-01,  9.5143359E+04
   14669, 12054,  3.6880113E-02,  2.6680000E+05
   14674, 12026,  3.9770138E-01,  9.3179430E+04
   14675, 12058,  9.1159947E-02,  2.0507619E+05
   14676, 12017,  3.9313811E-01,  9.7482195E+04
   14677, 12017,  2.3300664E-01,  9.7482195E+04
   14678, 12035,  1.5849718E-01,  1.4094848E+05
   14679, 12059,  1.4605103E-01,  1.5299862E+05
   14680, 12034,  4.1189831E-02,  3.4562166E+05
   14681, 12034,  2.7211217E-02,  3.4562166E+05
   14682, 12008,  5.6278443E-01,  1.0183360E+05
   14683, 12008,  1.1890481E-01,  1.0183360E+05
   14685, 21087,  2.4370775E-01,  8.1268328E+04
   14687, 21032,  3.0241799E-01,  2.7319285E+04
   14689, 21198,  1.3958003E-01,  3.8997207E+04
   14690, 21056,  6.0107684E-01,  5.5801832E+04
   14691, 21056,  7.0199102E-02,  5.5801832E+04
   14692, 21024,  6.6463524E-01,  4.2025168E+04
   14693, 21059,  7.7848959E-01,  3.0357354E+04
   14694, 21009,  6.0540747E-02,  2.5563738E+04
   14695, 21003,  1.7077419E-01,  1.4956422E+05
   14696, 21003,  2.8987131E-01,  1.4956422E+05
   14697, 21127,  1.7488550E-01,  3.4931910E+04
   14698, 20459,  6.9776893E-02,  8.3063047E+04
   14699, 20459,  7.5434208E-01,  8.3063047E+04
   14700, 20459,  5.0495297E-01,  8.3063047E+04
   14702, 21027,  1.7603385E-01,  4.3211031E+04
   14703, 21027,  7.7918274E-03,  4.3211031E+04
   14704, 20548,  1.4363469E-01,  1.0867089E+05
   14705, 21129,  3.0633867E-01,  6.6644930E+04
   14706, 21035,  2.6930556E-02,  9.8969242E+04
   14707, 21035,  6.7291838E-01,  9.8969242E+04
   14708, 21035,  3.5644674E-01,  9.8969242E+04
   14709, 20163,  4.1355605E+00,  2.2484285E+04
   14710, 20041,  2.3004882E+00,  2.9033270E+04
   14711, 20041,  5.1771694E-01,  2.9033270E+04
   14713, 20309,  7.2742057E-01,  2.5131098E+04
   14714, 20309,  1.5650439E+00,  2.5131098E+04
   14715, 20278,  4.7908235E-01,  7.7024945E+04
   14716, 20278,  2.8512886E-01,  7.7024945E+04
   14717, 20232,  3.4753838E-01,  5.5408062E+04
   14718, 20184,  1.6764103E-01,  2.5524002E+05
   14719, 20184,  1.3693275E-01,  2.5524002E+05
   14720, 20044,  1.7264313E-01,  1.2415251E+05
   14721, 20044,  3.4706372E-01,  1.2415251E+05
   14722, 30169,  1.6901265E-01,  1.7278891E+05
   14723, 30169,  3.6131749E-01,  1.7278891E+05
   14724, 30077,  1.4550419E-01,  2.4606742E+05
   14725, 30077,  1.5355131E-01,  2.4606742E+05
   14726, 30094,  9.8132007E-02,  3.4269800E+05
   14727, 30094,  1.3186359E-01,  3.4269800E+05
   14728, 30094,  8.3207220E-02,  3.4269800E+05
   14731, 30003,  1.1405637E-01,  1.7041575E+05
   14732, 30003,  1.8174133E-01,  1.7041575E+05
   14733, 30104,  7.0567960E-01,  4.7071828E+04
   14734, 30145,  1.0920887E+00,  3.1550467E+04
   14735, 30059,  7.3003209E-01,  4.8761121E+04
   14736, 30048,  2.0135313E-01,  1.3045579E+05
   14737, 30108,  2.0038953E-01,  3.5664950E+05
   14738, 30108,  1.3997236E-01,  3.5664950E+05
   14739, 30206,  3.7907112E+00,  2.8584430E+04
   14740, 30111,  2.9395211E-01,  1.5603133E+05
   14741, 30111,  2.8760827E-01,  1.5603133E+05
   14742, 30204,  3.1059566E-01,  1.3743797E+05
   14743, 27008,  1.2654271E-02,  9.1048900E+05
   14744, 27008,  3.0004654E-02,  9.1048900E+05
   14745, 27008,  1.1439739E-02,  9.1048900E+05
   14746, 27008,  2.0412412E-02,  9.1048900E+05
   14747, 27008,  3.7880782E-02,  9.1048900E+05
   14748, 27002,  5.6212246E-02,  7.2205831E+05
   14749, 27002,  8.6684391E-02,  7.2205831E+05
   14750, 27002,  8.6654171E-02,  7.2205831E+05
   14751, 27002,  1.0912191E-01,  7.2205831E+05
   14752, 27006,  2.5861466E-01,  3.5240528E+05
   14753, 27006,  2.8120551E-01,  3.5240528E+05
   14754, 27004,  1.4479846E-01,  7.7844700E+05
   14755, 27004,  1.6108599E-01,  7.7844700E+05
   14756, 27004,  5.7856753E-02,  7.7844700E+05
   14757, 27004,  1.9549647E-02,  7.7844700E+05
   14758, 27004,  2.9616702E-02,  7.7844700E+05
   14761, 27012,  4.5704786E-02,  4.4394109E+05
   14762, 27012,  8.0111064E-03,  4.4394109E+05
   14763, 27012,  5.0063280E-04,  4.4394109E+05
   14764, 27011,  5.5482291E-02,  3.1635244E+05
   14765, 27011,  6.4418979E-02,  3.1635244E+05
   14766, 27011,  2.4798012E-04,  3.1635244E+05
   14767, 27011,  5.7817888E-02,  3.1635244E+05
   14768, 27011,  7.5285524E-02,  3.1635244E+05
   14769, 27011,  6.8386942E-02,  3.1635244E+05
   14770, 27007,  1.3446467E-01,  1.7186897E+05
   14771,  4003,  1.9012004E-02,  7.7782056E+05
   14772, 27001,  5.0412610E-02,  4.8531341E+05
   14773, 27001,  5.5612344E-02,  4.8531341E+05
   14774, 27001,  3.7200160E-02,  4.8531341E+05
   14775, 27001,  3.7195709E-02,  4.8531341E+05
   14776, 27001,  7.1613401E-02,  4.8531341E+05
   14777, 27001,  5.6879643E-02,  4.8531341E+05
   14778, 27001,  4.9225215E-02,  4.8531341E+05
   14779, 27001,  8.4478091E-03,  4.8531341E+05
   14985, 16008,  4.1153148E-02,  3.4349553E+05
   14986, 16008,  6.0562134E-02,  3.4349553E+05
   14987, 16008,  3.3563539E-02,  3.4349553E+05
   14989, 16008,  2.5842616E-02,  3.4349553E+05
   14999, 16010,  1.1412268E-01,  2.8378581E+05
   15004, 16010,  5.8765206E-02,  2.8378581E+05
   15005, 12016,  4.5360181E-02,  1.3674322E+05
   15006, 12016,  1.6150099E-01,  1.3674322E+05
   15007, 12016,  5.6691930E-02,  1.3674322E+05
   15011, 12073,  8.6237490E-02,  1.8812252E+05
   15012, 12073,  6.9396704E-02,  1.8812252E+05
   15013, 12073,  2.7386865E-02,  1.8812252E+05
   15014, 12073,  5.1896889E-02,  1.8812252E+05
   15015, 12022,  2.1778395E-02,  3.2179475E+05
   15016, 12022,  8.0548272E-02,  3.2179475E+05
   15017, 12022,  7.4447334E-02,  3.2179475E+05
   15018, 12022,  1.3602158E-01,  3.2179475E+05
   15019, 12050,  6.2552810E-01,  7.7879180E+04
   15020, 12067,  8.4356047E-02,  9.5143359E+04
   15021, 12064,  5.6087732E-01,  6.6759914E+04
   15022, 12067,  4.2152643E-01,  9.5143359E+04
   15023, 12007,  2.9063469E-02,  8.7491062E+04
   15027, 12058,  1.0396199E-01,  2.0507619E+05
   15028, 12058,  1.8241554E-01,  2.0507619E+05
   15029, 12026,  1.0811603E-01,  9.3179430E+04
   15030, 12035,  1.9918141E-01,  1.4094848E+05
   15031, 12035,  6.3466206E-02,  1.4094848E+05
   15032, 12059,  2.5277045E-01,  1.5299862E+05
   15033, 12034,  6.4428002E-02,  3.4562166E+05
   15034, 12034,  9.7591087E-02,  3.4562166E+05
   15035, 12034,  1.4266524E-01,  3.4562166E+05
   15038, 21087,  3.5732588E-01,  8.1268328E+04
   15040, 21032,  5.3275996E-01,  2.7319285E+04
   15041, 21032,  6.3328624E-01,  2.7319285E+04
   15042, 21047,  1.1244394E-01,  1.5190505E+05
   15043, 21047,  1.2119746E-01,  1.5190505E+05
   15045, 21059,  1.7478725E-01,  3.0357354E+04
   15046, 21157,  1.8869689E-01,  1.0334702E+05
   15047, 21009,  1.6632446E+00,  2.5563738E+04
   15048, 21003,  7.5216301E-02,  1.4956422E+05
   15049, 21003,  3.2420558E-01,  1.4956422E+05
   15050, 21127,  8.0996513E-01,  3.4931910E+04
   15051, 21190,  7.9429132E-01,  4.8833973E+04
   15052, 21190,  1.0844259E-02,  4.8833973E+04
   15053, 20459,  1.6006058E-01,  8.3063047E+04
   15054, 21027,  7.1133041E-01,  4.3211031E+04
   15055, 21027,  6.8525910E-01,  4.3211031E+04
   15057, 21129,  1.9862282E-01,  6.6644930E+04
   15058, 21129,  2.3970583E-01,  6.6644930E+04
   15059, 21129,  4.4696698E-01,  6.6644930E+04
   15060, 21035,  1.4354832E-02,  9.8969242E+04
   15061, 20490,  1.8358202E+00,  1.2774482E+04
   15062, 20322,  3.1988418E+00,  6.0856221E+03
   15063, 20406,  4.9024034E-01,  4.5771004E+04
   15068, 20278,  1.1468292E-03,  7.7024945E+04
   15069, 20278,  2.2046114E-03,  7.7024945E+04
   15071, 30207,  1.1460407E-01,  1.2720189E+05
   15072, 30119,  2.3090451E+00,  2.4974826E+04
   15073, 30176,  7.0390505E-01,  4.6991598E+04
   15074, 30176,  3.5296896E-01,  4.6991598E+04
   15075, 30054,  1.4960870E-01,  1.1867895E+05
   15076, 30054,  2.8125194E-01,  1.1867895E+05
   15077, 30169,  1.7753169E-01,  1.7278891E+05
   15078, 30077,  2.4722883E-01,  2.4606742E+05
   15079, 30094,  8.4942095E-02,  3.4269800E+05
   15081, 30073,  1.3735169E-01,  1.3354295E+05
   15082, 30073,  1.7353329E-01,  1.3354295E+05
   15083, 30073,  3.1396383E-01,  1.3354295E+05
   15084, 30003,  1.5062257E-02,  1.7041575E+05
   15085, 30149,  1.6193593E-01,  1.2577101E+05
   15086, 30104,  9.5833319E-01,  4.7071828E+04
   15087, 30104,  9.5614123E-01,  4.7071828E+04
   15088, 30059,  2.0968819E-01,  4.8761121E+04
   15090, 30039,  1.8507230E-01,  1.4512119E+05
   15091, 30039,  2.5844339E-01,  1.4512119E+05
   15092, 30039,  3.8594615E-01,  1.4512119E+05
   15093, 30039,  4.2030537E-01,  1.4512119E+05
   15094, 30204,  1.3773194E-01,  1.3743797E+05
   15095, 30204,  2.4632332E-01,  1.3743797E+05
   15096, 27008,  5.2157760E-02,  9.1048900E+05
   15097, 27008,  2.6845496E-02,  9.1048900E+05
   15098, 27008,  3.6262516E-02,  9.1048900E+05
   15100, 27002,  1.6540833E-02,  7.2205831E+05
   15101, 27002,  8.2680270E-02,  7.2205831E+05
   15102, 27002,  7.4927449E-02,  7.2205831E+05
   15103, 27002,  6.4488538E-02,  7.2205831E+05
   15104, 27002,  7.5223416E-02,  7.2205831E+05
   15105, 27006,  9.6774802E-02,  3.5240528E+05
   15106, 27006,  1.6587716E-01,  3.5240528E+05
   15107, 27006,  6.4024553E-02,  3.5240528E+05
   15108, 27010,  2.3593981E-02,  1.6078227E+05
   15109, 27004,  1.3666798E-01,  7.7844700E+05
   15110, 27004,  6.0964484E-02,  7.7844700E+05
   15111, 27004,  1.1575013E-02,  7.7844700E+05
   15114, 27012,  7.6222164E-04,  4.4394109E+05
   15115, 27012,  5.2708607E-02,  4.4394109E+05
   15116, 27012,  5.6599885E-02,  4.4394109E+05
   15117, 27011,  6.9585264E-02,  3.1635244E+05
   15118, 27011,  1.4898953E-01,  3.1635244E+05
   15119, 27011,  6.9046326E-02,  3.1635244E+05
   15120, 27011,  1.6036164E-02,  3.1635244E+05
   15121, 27011,  3.9641879E-04,  3.1635244E+05
   15122,  4007,  2.5795635E-02,  1.8159777E+05
   15123,  4007,  2.4266702E-01,  1.8159777E+05
   15124,  4003,  7.2130603E-03,  7.7782056E+05
   15125, 27001,  2.0714918E-02,  4.8531341E+05
   15128, 27001,  5.1739032E-04,  4.8531341E+05
   15129, 27001,  3.5208131E-03,  4.8531341E+05
   15130, 27001,  3.5708982E-02,  4.8531341E+05
   15133,  4011,  3.9509375E-02,  3.1661641E+05
   15134,  4011,  6.4000033E-02,  3.1661641E+05
   15135,  4011,  3.6286585E-02,  3.1661641E+05
   15136,  4011,  4.1102454E-02,  3.1661641E+05
   15137,  4011,  1.2639962E-02,  3.1661641E+05
   15138,  4011,  2.7044518E-02,  3.1661641E+05
   15337, 16008,  9.8052993E-03,  3.4349553E+05
   15338, 16008,  4.9541678E-02,  3.4349553E+05
   15351, 16010,  9.2113160E-02,  2.8378581E+05
   15352, 16010,  1.1193793E-01,  2.8378581E+05
   15353, 16010,  7.4812554E-02,  2.8378581E+05
   15354, 16010,  7.1476921E-02,  2.8378581E+05
   15356, 16010,  3.9637793E-02,  2.8378581E+05
   15357, 16010,  6.1781909E-02,  2.8378581E+05
   15363, 12073,  4.3493241E-02,  1.8812252E+05
   15364, 12073,  8.4029309E-02,  1.8812252E+05
   15367, 12073,  3.2565251E-02,  1.8812252E+05
   15368, 12073,  1.2989509E-01,  1.8812252E+05
   15369, 12022,  3.1694066E-02,  3.2179475E+05
   15370, 12022,  1.1727650E-02,  3.2179475E+05
   15371, 16077,  4.5387954E-01,  1.3524448E+05
   15372, 12050,  5.3225315E-01,  7.7879180E+04
   15373, 12064,  4.1307676E-01,  6.6759914E+04
   15374, 12064,  1.7715147E-01,  6.6759914E+04
   15375, 15105,  8.2704425E-02,  2.2888345E+05
   15376, 15105,  1.6540812E-01,  2.2888345E+05
   15377, 12007,  3.1542656E-01,  8.7491062E+04
   15378, 12031,  6.1171681E-01,  4.8037766E+04
   15379, 12058,  5.8346376E-02,  2.0507619E+05
   15380, 12058,  1.3107325E-01,  2.0507619E+05
   15381, 12037,  3.6376005E-01,  7.5536617E+04
   15382, 12055,  3.5150770E-02,  2.0844569E+05
   15383, 12035,  1.8520799E-01,  1.4094848E+05
   15384, 12035,  2.4365006E-01,  1.4094848E+05
   15385, 12015,  4.3129173E-01,  9.0160367E+04
   15386, 12059,  1.0999677E-01,  1.5299862E+05
   15388, 12034,  7.6207995E-02,  3.4562166E+05
   15389, 12034,  3.7040580E-02,  3.4562166E+05
   15391, 21087,  1.7662670E-02,  8.1268328E+04
   15392, 21087,  2.5370911E-01,  8.1268328E+04
   15393, 21160,  6.7418641E-01,  2.5121324E+04
   15394, 21047,  1.1297008E-01,  1.5190505E+05
   15395, 21047,  2.4362117E-01,  1.5190505E+05
   15396, 21085,  1.2546209E-01,  1.9855877E+05
   15399, 21157,  3.6097345E-01,  1.0334702E+05
   15400, 21157,  1.6088958E-01,  1.0334702E+05
   15402, 21003,  1.6151625E-01,  1.4956422E+05
   15404, 21190,  3.3684161E-01,  4.8833973E+04
   15405, 21190,  9.7401306E-02,  4.8833973E+04
   15406, 21018,  9.4380148E-02,  5.1685852E+04
   15408, 21209,  2.8356749E-01,  7.1379859E+04
   15409, 21209,  1.8731894E-01,  7.1379859E+04
   15410, 21129,  4.4404480E-01,  6.6644930E+04
   15411, 21013,  1.6738074E+00,  2.3530684E+04
   15412, 21214,  9.6404016E-01,  3.0788021E+04
   15413, 21217,  6.4623934E-01,  4.5531156E+04
   15414, 21217,  5.4246688E-01,  4.5531156E+04
   15416, 20406,  1.7847432E-01,  4.5771004E+04
   15417, 20406,  1.5657854E-01,  4.5771004E+04
   15421, 20278,  1.5712112E-01,  7.7024945E+04
   15422, 20278,  3.6832303E-01,  7.7024945E+04
   15423, 30207,  6.9293283E-02,  1.2720189E+05
   15424, 30207,  3.0187631E-01,  1.2720189E+05
   15425, 30207,  1.1551978E-01,  1.2720189E+05
   15426, 30045,  1.8687102E-01,  2.2276272E+05
   15427, 30054,  4.5459884E-01,  1.1867895E+05
   15428, 30208,  9.5313489E-02,  1.1803056E+05
   15429, 30208,  5.0755185E-01,  1.1803056E+05
   15430, 30208,  3.9333883E-01,  1.1803056E+05
   15432, 30143,  1.2079950E-01,  1.4127102E+05
   15433, 30141,  6.9555022E-02,  1.9631511E+05
   15434, 30073,  1.7742205E-01,  1.3354295E+05
   15435, 30073,  1.2008560E-01,  1.3354295E+05
   15436, 30073,  1.5493989E-01,  1.3354295E+05
   15438, 30149,  8.6907811E-02,  1.2577101E+05
   15439, 30104,  6.7287749E-01,  4.7071828E+04
   15440, 30104,  3.7118438E-01,  4.7071828E+04
   15441, 30209,  4.0865970E-01,  2.0229477E+04
   15445, 30039,  1.1451068E-01,  1.4512119E+05
   15446, 30039,  8.5652590E-02,  1.4512119E+05
   15448, 30204,  3.8419928E-02,  1.3743797E+05
   15449, 27002,  3.0685311E-02,  7.2205831E+05
   15450, 27002,  5.0350554E-02,  7.2205831E+05
   15451, 27002,  9.4822301E-03,  7.2205831E+05
   15454, 27002,  3.6314808E-02,  7.2205831E+05
   15455, 27002,  7.5918853E-02,  7.2205831E+05
   15456, 27002,  7.8196704E-02,  7.2205831E+05
   15457, 27006,  1.0848694E-01,  3.5240528E+05
   15458, 27005,  1.2981945E-01,  3.7996891E+05
   15459, 27010,  2.0204090E-01,  1.6078227E+05
   15460, 27010,  1.7933944E-01,  1.6078227E+05
   15461, 27013,  3.4639269E-01,  1.1686852E+05
   15462, 27013,  2.9520795E-01,  1.1686852E+05
   15463, 27004,  4.0828843E-02,  7.7844700E+05
   15464, 27004,  4.0368427E-02,  7.7844700E+05
   15465, 27004,  1.4403997E-03,  7.7844700E+05
   15471, 27011,  1.2591000E-01,  3.1635244E+05
   15472,  4007,  2.1744896E-02,  1.8159777E+05
   15473,  4007,  1.1860339E-01,  1.8159777E+05
   15474,  4007,  9.9891141E-02,  1.8159777E+05
   15475,  4007,  9.7771429E-02,  1.8159777E+05
   15477,  4003,  2.5912844E-02,  7.7782056E+05
   15478, 27001,  2.2457004E-02,  4.8531341E+05
   15480, 27001,  4.9457936E-05,  4.8531341E+05
   15483,  4011,  1.4242517E-02,  3.1661641E+05
   15485,  4011,  3.1434633E-02,  3.1661641E+05
   15486,  4011,  5.1231675E-02,  3.1661641E+05
   15488,  4011,  3.5846919E-02,  3.1661641E+05
   15489,  4011,  4.1185929E-03,  3.1661641E+05
   15490,  4011,  1.8537842E-02,  3.1661641E+05
   15690, 16008,  8.6943612E-02,  3.4349553E+05
   15695, 16015,  8.2572423E-02,  2.3114420E+05
   15704, 16010,  7.7333953E-04,  2.8378581E+05
   15707, 16010,  9.7182142E-03,  2.8378581E+05
   15708, 16010,  1.1704455E-01,  2.8378581E+05
   15709, 16010,  9.1773942E-02,  2.8378581E+05
   15716, 12073,  8.9831911E-02,  1.8812252E+05
   15718, 12073,  1.1820315E-02,  1.8812252E+05
   15719, 12073,  5.2243210E-02,  1.8812252E+05
   15720, 12073,  2.1840988E-01,  1.8812252E+05
   15721, 12073,  1.1206084E-02,  1.8812252E+05
   15723, 16077,  1.2174112E-01,  1.3524448E+05
   15724, 16077,  1.2356704E-01,  1.3524448E+05
   15725, 12027,  1.9787367E-01,  2.3965094E+05
   15726, 12064,  1.5052730E-01,  6.6759914E+04
   15728, 15105,  9.1913417E-02,  2.2888345E+05
   15729, 15105,  1.5989846E-01,  2.2888345E+05
   15730, 15105,  7.5642601E-02,  2.2888345E+05
   15731, 12031,  8.0914043E-02,  4.8037766E+04
   15732, 12058,  4.6844114E-02,  2.0507619E+05
   15733, 12047,  4.2303497E-01,  7.1779805E+04
   15734, 12037,  1.6785978E-01,  7.5536617E+04
   15735, 12055,  9.6266471E-02,  2.0844569E+05
   15736, 12055,  1.0524148E-02,  2.0844569E+05
   15737, 12055,  1.3237998E-01,  2.0844569E+05
   15738, 12015,  2.4400486E-01,  9.0160367E+04
   15739, 12015,  1.4611556E-01,  9.0160367E+04
   15740, 17017,  1.1735863E-02,  1.8732638E+05
   15741, 17025,  3.2257199E-01,  9.8899258E+04
   15742, 12034,  9.0113975E-02,  3.4562166E+05
   15743, 17025,  1.1485000E-02,  9.8899258E+04
   15746, 21160,  1.2528577E+00,  2.5121324E+04
   15747, 21051,  3.5302982E-01,  7.8281273E+04
   15748, 21051,  8.3275452E-02,  7.8281273E+04
   15749, 21085,  9.4810493E-02,  1.9855877E+05
   15750, 21085,  3.2712065E-02,  1.9855877E+05
   15751, 21157,  2.1541096E-01,  1.0334702E+05
   15752, 21157,  6.3144706E-02,  1.0334702E+05
   15753, 21157,  1.9532195E-01,  1.0334702E+05
   15754, 21147,  2.0718594E-01,  5.5204961E+04
   15755, 21147,  5.0607014E-01,  5.5204961E+04
   15757, 21037,  6.4042085E-01,  3.4300801E+04
   15758, 21082,  3.8291365E-01,  6.1708637E+04
   15759, 21018,  5.9760869E-01,  5.1685852E+04
   15760, 21156,  5.3310461E-02,  2.0105714E+05
   15762, 21156,  1.8776587E-01,  2.0105714E+05
   15763, 21156,  3.5793877E-01,  2.0105714E+05
   15764, 21013,  1.0070524E+00,  2.3530684E+04
   15766, 21217,  7.2686934E-01,  4.5531156E+04
   15769, 21145,  1.2283590E-01,  3.7688691E+04
   15770, 21145,  1.0359987E+00,  3.7688691E+04
   15773, 20002,  2.9308317E-02,  1.1650658E+05
   15774, 20002,  2.2631942E-01,  1.1650658E+05
   15775, 20278,  2.0152240E-01,  7.7024945E+04
   15776, 30207,  2.5162530E-01,  1.2720189E+05
   15777, 30207,  1.2762067E-01,  1.2720189E+05
   15778, 30045,  4.6305070E-03,  2.2276272E+05
   15779, 30045,  8.1777424E-02,  2.2276272E+05
   15780, 30045,  1.2320463E-01,  2.2276272E+05
   15781, 30045,  4.7513968E-01,  2.2276272E+05
   15782, 30208,  2.8021067E-01,  1.1803056E+05
   15783, 30208,  4.8306677E-02,  1.1803056E+05
   15786, 30143,  1.8610115E-01,  1.4127102E+05
   15787, 30141,  1.2721911E-01,  1.9631511E+05
   15788, 30141,  1.1600657E-01,  1.9631511E+05
   15789, 30073,  1.6986066E-01,  1.3354295E+05
   15790, 30149,  4.6778809E-02,  1.2577101E+05
   15791, 30149,  9.2395507E-03,  1.2577101E+05
   15792, 30149,  8.5124327E-03,  1.2577101E+05
   15794, 30122,  6.5696657E-01,  1.0162904E+04
   15802, 27002,  9.8920744E-03,  7.2205831E+05
   15803, 27002,  3.9805122E-02,  7.2205831E+05
   15804, 27002,  7.2047845E-03,  7.2205831E+05
   15806, 27002,  4.4580232E-03,  7.2205831E+05
   15807, 27002,  3.6297191E-02,  7.2205831E+05
   15808, 27002,  5.0699517E-02,  7.2205831E+05
   15809, 27005,  6.9795191E-02,  3.7996891E+05
   15810, 27005,  1.0887565E-01,  3.7996891E+05
   15811, 27005,  1.5769306E-01,  3.7996891E+05
   15812, 27005,  1.2464887E-01,  3.7996891E+05
   15813, 27010,  3.6589131E-01,  1.6078227E+05
   15814, 27013,  1.3640122E-01,  1.1686852E+05
   15815, 27013,  1.1933000E-01,  1.1686852E+05
   15816, 27004,  4.4043586E-02,  7.7844700E+05
   15817, 27003,  9.1046661E-02,  3.4176350E+05
   15818, 27003,  1.3193072E-02,  3.4176350E+05
   15823, 27011,  3.1369634E-02,  3.1635244E+05
   15824, 27011,  1.4023086E-01,  3.1635244E+05
   15825,  4007,  9.7901747E-02,  1.8159777E+05
   15830,  4003,  3.0427415E-02,  7.7782056E+05
   15831, 27001,  3.7103402E-03,  4.8531341E+05
   15836,  4011,  3.9220959E-02,  3.1661641E+05
   15837,  4011,  8.9094974E-02,  3.1661641E+05
   15838,  4011,  4.4655535E-02,  3.1661641E+05
   15859, 23004,  1.3924481E-02,  1.3153341E+06
   15863, 23004,  5.9844060E-03,  1.3153341E+06
   16042, 16008,  4.9273510E-02,  3.4349553E+05
   16043, 16008,  8.4797919E-02,  3.4349553E+05
   16044, 16008,  7.5233895E-03,  3.4349553E+05
   16048, 16015,  1.1117659E-01,  2.3114420E+05
   16062, 16010,  7.7466637E-02,  2.8378581E+05
   16067, 16029,  7.4667288E-03,  6.6626039E+04
   16069, 12073,  1.0375497E-01,  1.8812252E+05
   16070, 12073,  1.5255105E-01,  1.8812252E+05
   16071, 12073,  1.6078058E-01,  1.8812252E+05
   16072, 16038,  4.2649824E-02,  3.1036838E+05
   16073, 16038,  7.1151897E-02,  3.1036838E+05
   16074, 16038,  4.0303558E-02,  3.1036838E+05
   16075, 16038,  6.7243837E-02,  3.1036838E+05
   16076, 16077,  1.6937855E-01,  1.3524448E+05
   16077, 12027,  7.1454547E-02,  2.3965094E+05
   16078, 12027,  1.3379869E-01,  2.3965094E+05
   16079, 12064,  2.1494882E-01,  6.6759914E+04
   16081, 15105,  9.3023024E-02,  2.2888345E+05
   16082, 15105,  8.9756526E-02,  2.2888345E+05
   16083, 15105,  6.3686259E-02,  2.2888345E+05
   16084, 15105,  8.7916322E-02,  2.2888345E+05
   16086, 12047,  2.2680429E-01,  7.1779805E+04
   16087, 12037,  4.7674751E-01,  7.5536617E+04
   16088, 12055,  1.6696902E-01,  2.0844569E+05
   16089, 12055,  2.0637575E-01,  2.0844569E+05
   16090, 12055,  9.3200855E-02,  2.0844569E+05
   16091, 12015,  5.4509771E-01,  9.0160367E+04
   16092, 17001,  2.9854089E-01,  6.2081445E+04
   16093, 17017,  1.2659289E-01,  1.8732638E+05
   16094, 17025,  4.1807297E-01,  9.8899258E+04
   16095, 17025,  7.8582719E-02,  9.8899258E+04
   16096, 17025,  1.1535504E-01,  9.8899258E+04
   16099, 17003,  3.2682532E-01,  6.9256477E+04
   16100, 21051,  6.2130249E-01,  7.8281273E+04
   16101, 21051,  4.5115831E-01,  7.8281273E+04
   16102, 21021,  4.3358645E+00,  5.0576772E+03
   16103, 21085,  8.0392122E-02,  1.9855877E+05
   16104, 21085,  9.0818450E-02,  1.9855877E+05
   16105, 21007,  3.6184669E-01,  5.7962355E+04
   16106, 21206,  2.6585275E-01,  9.9006812E+04
   16107, 21206,  2.3425008E-01,  9.9006812E+04
   16108, 21169,  1.4311856E-01,  6.2880676E+04
   16109, 21169,  3.1465158E-01,  6.2880676E+04
   16110, 21082,  5.2057528E-01,  6.1708637E+04
   16111, 21092,  1.1123873E+00,  3.4697246E+04
   16112, 21092,  5.0196171E-01,  3.4697246E+04
   16113, 21156,  7.6633394E-02,  2.0105714E+05
   16114, 21161,  3.4648961E-01,  8.2041234E+04
   16115, 21161,  7.8550375E-01,  8.2041234E+04
   16116, 21156,  1.1017416E-01,  2.0105714E+05
   16117, 21120,  3.8715580E-01,  2.3655953E+04
   16118, 21195,  2.2293352E-01,  7.7039695E+04
   16119, 21195,  1.9690406E-01,  7.7039695E+04
   16122, 21217,  5.4971457E-01,  4.5531156E+04
   16123, 30173,  1.0690828E-01,  9.6934953E+04
   16126, 20002,  2.3197468E-01,  1.1650658E+05
   16127, 30174,  9.0735942E-02,  3.5925069E+05
   16128, 30174,  8.2978390E-02,  3.5925069E+05
   16129, 30174,  4.8306253E-04,  3.5925069E+05
   16132, 30174,  1.0028607E-01,  3.5925069E+05
   16133, 30084,  4.1935411E-01,  9.2257438E+04
   16134, 30084,  2.2623043E-01,  9.2257438E+04
   16135, 30012,  7.8231001E-01,  2.9546025E+04
   16139, 30143,  2.2809254E-01,  1.4127102E+05
   16140, 30141,  7.3397703E-02,  1.9631511E+05
   16141, 30141,  2.0765178E-01,  1.9631511E+05
   16142, 30032,  3.2650292E-01,  1.1491019E+05
   16143, 30032,  1.1788861E-01,  1.1491019E+05
   16157, 27002,  2.5942689E-03,  7.2205831E+05
   16162, 27005,  1.2455793E-01,  3.7996891E+05
   16163, 27005,  8.5158847E-02,  3.7996891E+05
   16164, 27005,  1.6181701E-01,  3.7996891E+05
   16165, 27014,  2.5039145E-01,  2.5286800E+05
   16166, 27014,  1.2447102E-01,  2.5286800E+05
   16169, 27003,  6.2440611E-02,  3.4176350E+05
   16171, 27003,  2.1711411E-02,  3.4176350E+05
   16175, 27003,  5.9786547E-02,  3.4176350E+05
   16176, 27011,  8.8363938E-02,  3.1635244E+05
   16177,  4007,  1.1024450E-01,  1.8159777E+05
   16178,  4007,  2.2195552E-02,  1.8159777E+05
   16183,  4003,  1.3705512E-03,  7.7782056E+05
   16184,  4003,  3.0548409E-02,  7.7782056E+05
   16185,  4003,  5.3726356E-03,  7.7782056E+05
   16187,  4003,  5.3516374E-04,  7.7782056E+05
   16190,  4011,  1.0166895E-01,  3.1661641E+05
   16192,  4011,  1.9706141E-02,  3.1661641E+05
   16194,  4011,  2.8656386E-03,  3.1661641E+05
   16212, 23004,  9.4447006E-03,  1.3153341E+06
   16215, 23004,  2.8994035E-03,  1.3153341E+06
   16216, 23004,  1.7510947E-02,  1.3153341E+06
   16395, 16014,  2.6431718E-01,  8.4302750E+04
   16396, 16008,  2.5681391E-02,  3.4349553E+05
   16397, 16026,  1.2681545E-01,  1.2162005E+05
   16398, 16026,  4.9378775E-02,  1.2162005E+05
   16401, 16015,  8.5491881E-02,  2.3114420E+05
   16415, 16035,  7.8119032E-02,  2.9408359E+05
   16418, 16029,  8.2588442E-02,  6.6626039E+04
   16419, 16029,  5.0341541E-01,  6.6626039E+04
   16420, 16029,  2.7426707E-02,  6.6626039E+04
   16427, 16038,  1.5552644E-01,  3.1036838E+05
   16428, 16077,  1.0938093E-01,  1.3524448E+05
   16429, 16077,  7.2971538E-02,  1.3524448E+05
   16430, 12027,  7.9416379E-02,  2.3965094E+05
   16431, 12027,  7.8631960E-02,  2.3965094E+05
   16433, 15008,  1.7153429E-02,  1.8674797E+05
   16434, 15008,  6.3650325E-02,  1.8674797E+05
   16435, 15008,  1.8850641E-01,  1.8674797E+05
   16436, 15105,  7.5055934E-02,  2.2888345E+05
   16437, 15105,  5.0103776E-02,  2.2888345E+05
   16438, 15080,  1.8498914E-01,  1.4679403E+05
   16439, 15080,  1.7187694E-01,  1.4679403E+05
   16440, 15117,  3.5327050E-01,  1.3089638E+05
   16441, 12055,  9.4919309E-02,  2.0844569E+05
   16442, 12055,  2.1031494E-01,  2.0844569E+05
   16443, 12055,  1.8003221E-01,  2.0844569E+05
   16444, 17001,  4.9587876E-01,  6.2081445E+04
   16445, 17001,  9.1225857E-01,  6.2081445E+04
   16446, 17017,  5.9088254E-01,  1.8732638E+05
   16447, 17012,  6.1166948E-01,  1.8410700E+05
   16448, 17025,  2.8177956E-01,  9.8899258E+04
   16449, 17024,  2.2916190E-01,  1.2510341E+05
   16450, 17019,  1.3973519E-01,  7.0470672E+04
   16451, 17019,  4.3336320E-01,  7.0470672E+04
   16452, 17013,  1.0575223E+00,  3.9480383E+04
   16453, 21168,  4.6615285E-01,  5.3500957E+04
   16454, 21051,  5.9401356E-02,  7.8281273E+04
   16455, 21176,  2.0321908E+00,  3.0456930E+04
   16456, 21085,  3.5470361E-01,  1.9855877E+05
   16457, 21085,  1.2798536E-01,  1.9855877E+05
   16458, 21007,  5.6598991E-01,  5.7962355E+04
   16459, 21070,  1.3124609E+00,  1.6155365E+04
   16460, 21146,  1.5874766E+00,  3.0095398E+04
   16461, 21206,  1.5374324E-01,  9.9006812E+04
   16462, 21206,  3.7401962E-01,  9.9006812E+04
   16464, 21092,  8.4540963E-02,  3.4697246E+04
   16465, 21177,  1.6804036E-01,  9.7506070E+04
   16466, 21161,  4.9877816E-01,  8.2041234E+04
   16467, 21149,  6.3263613E-01,  3.7202188E+04
   16468, 21149,  1.2501822E+00,  3.7202188E+04
   16469, 21195,  1.1600835E-02,  7.7039695E+04
   16470, 21195,  6.0987437E-01,  7.7039695E+04
   16471, 30184,  1.5372468E+00,  3.0994490E+04
   16472, 30159,  1.5384560E+00,  2.3232215E+04
   16474, 30201,  1.8645710E-01,  9.0892891E+04
   16475, 30201,  3.0383524E-01,  9.0892891E+04
   16476, 30173,  2.2627877E-01,  9.6934953E+04
   16477, 20002,  1.0990784E-01,  1.1650658E+05
   16478, 20002,  1.8937743E-01,  1.1650658E+05
   16479, 20002,  2.5518212E-01,  1.1650658E+05
   16480, 30174,  9.2527382E-02,  3.5925069E+05
   16483, 30174,  6.0997941E-02,  3.5925069E+05
   16484, 30174,  1.1809959E-01,  3.5925069E+05
   16485, 30174,  9.8048532E-03,  3.5925069E+05
   16487, 30084,  1.7705259E-01,  9.2257438E+04
   16488, 30005,  1.0892568E+00,  2.0482525E+04
   16491, 30143,  1.3428149E-01,  1.4127102E+05
   16492, 30143,  9.0643495E-02,  1.4127102E+05
   16493, 30143,  2.7490810E-01,  1.4127102E+05
   16494, 30141,  8.8293239E-02,  1.9631511E+05
   16495, 30032,  9.2829496E-02,  1.1491019E+05
   16496, 30032,  2.9556307E-01,  1.1491019E+05
   16514, 27005,  4.9936760E-02,  3.7996891E+05
   16515, 27005,  1.1369666E-01,  3.7996891E+05
   16516, 27005,  6.2082991E-02,  3.7996891E+05
   16517, 27014,  2.2509773E-01,  2.5286800E+05
   16518, 27014,  2.1222690E-02,  2.5286800E+05
   16519, 27010,  1.5189342E-01,  1.6078227E+05
   16520, 27003,  2.4615666E-03,  3.4176350E+05
   16521, 27003,  5.5083886E-02,  3.4176350E+05
   16522, 27003,  1.1209425E-01,  3.4176350E+05
   16525, 27003,  5.2524753E-02,  3.4176350E+05
   16526, 27003,  7.7179693E-02,  3.4176350E+05
   16527, 27003,  6.0335118E-02,  3.4176350E+05
   16528, 27003,  1.6618650E-02,  3.4176350E+05
   16530,  4007,  8.9863226E-02,  1.8159777E+05
   16531,  4007,  8.2871042E-02,  1.8159777E+05
   16534,  4003,  8.7355281E-04,  7.7782056E+05
   16538,  4003,  2.0439651E-02,  7.7782056E+05
   16539,  4003,  4.0547721E-02,  7.7782056E+05
   16540,  4003,  2.2672676E-02,  7.7782056E+05
   16541,  4011,  1.1149850E-03,  3.1661641E+05
   16542,  4011,  2.8986035E-02,  3.1661641E+05
   16543,  4011,  5.9114031E-02,  3.1661641E+05
   16544,  4011,  1.1409773E-01,  3.1661641E+05
   16545,  4011,  5.1710803E-02,  3.1661641E+05
   16557,  4010,  2.9289708E-03,  5.6990525E+05
   16558,  4010,  2.9236905E-02,  5.6990525E+05
   16562,  4010,  5.4847416E-02,  5.6990525E+05
   16563,  4010,  8.8696145E-03,  5.6990525E+05
   16565, 23004,  8.0548702E-03,  1.3153341E+06
   16566, 23004,  1.6922768E-02,  1.3153341E+06
   16567, 23004,  2.8606616E-03,  1.3153341E+06
   16569, 23004,  9.0122316E-03,  1.3153341E+06
   16570, 23004,  1.1791157E-02,  1.3153341E+06
   16747, 16014,  1.6876253E-01,  8.4302750E+04
   16748, 16014,  3.5510391E-01,  8.4302750E+04
   16751, 16026,  1.4076596E-01,  1.2162005E+05
   16752, 16026,  2.5581986E-01,  1.2162005E+05
   16753, 16015,  7.3766761E-02,  2.3114420E+05
   16754, 16015,  9.9261373E-02,  2.3114420E+05
   16758, 16002,  4.7379993E-02,  1.7230073E+05
   16767, 16035,  6.5705247E-02,  2.9408359E+05
   16768, 16035,  8.2427636E-03,  2.9408359E+05
   16769, 16035,  5.3411778E-02,  2.9408359E+05
   16770, 16035,  9.5891103E-02,  2.9408359E+05
   16771, 16029,  2.0795785E-01,  6.6626039E+04
   16777, 16038,  6.1699506E-03,  3.1036838E+05
   16780, 16038,  7.4465416E-02,  3.1036838E+05
   16781, 16077,  1.8960330E-01,  1.3524448E+05
   16782, 12027,  5.3479169E-03,  2.3965094E+05
   16783, 12027,  7.2359741E-02,  2.3965094E+05
   16784, 12027,  8.6932801E-02,  2.3965094E+05
   16785, 12027,  4.9906872E-02,  2.3965094E+05
   16786, 15008,  1.1968764E-01,  1.8674797E+05
   16787, 15008,  1.6683458E-01,  1.8674797E+05
   16788, 15008,  1.6225481E-01,  1.8674797E+05
   16789, 15008,  1.3815425E-01,  1.8674797E+05
   16790, 15008,  1.2855150E-01,  1.8674797E+05
   16791, 15080,  9.5623188E-02,  1.4679403E+05
   16792, 15004,  5.2507497E-02,  4.5645832E+04
   16793, 15004,  9.0893161E-01,  4.5645832E+04
   16794, 12060,  2.4453065E-01,  8.6713648E+04
   16795, 12060,  4.5237544E-01,  8.6713648E+04
   16796, 12060,  2.9838121E-01,  8.6713648E+04
   16797, 17005,  1.1829134E+00,  3.7729523E+04
   16798, 17015,  5.6477147E-01,  7.8130758E+04
   16799, 17015,  1.1445681E+00,  7.8130758E+04
   16800, 17024,  6.5772474E-01,  1.2510341E+05
   16801, 17024,  4.8379287E-01,  1.2510341E+05
   16802, 17024,  1.7604351E-01,  1.2510341E+05
   16803, 17004,  2.8048742E-01,  1.4137148E+05
   16804, 17004,  1.1287868E-01,  1.4137148E+05
   16805, 17010,  7.9265249E-01,  6.3332941E+04
   16806, 21168,  6.1326545E-01,  5.3500957E+04
   16807, 21165,  3.0066755E+00,  1.1127028E+04
   16808, 21185,  1.0762725E+00,  2.6204828E+04
   16809, 21085,  1.1057813E-01,  1.9855877E+05
   16810, 21201,  1.4372351E+00,  2.7504303E+04
   16811, 21201,  4.6990165E-01,  2.7504303E+04
   16813, 21052,  6.5407759E-01,  1.3469967E+04
   16814, 21070,  1.9700688E+00,  1.6155365E+04
   16815, 21206,  3.7044388E-01,  9.9006812E+04
   16817, 21203,  2.3784362E-01,  4.5829875E+04
   16818, 21177,  2.5184649E-01,  9.7506070E+04
   16819, 21177,  2.3443201E-01,  9.7506070E+04
   16820, 21161,  1.1923569E-01,  8.2041234E+04
   16821, 21099,  3.5854217E-01,  1.1546791E+05
   16822, 21103,  5.9290695E-01,  6.6725758E+04
   16823, 21103,  3.4883818E-01,  6.6725758E+04
   16824, 30195,  2.0705948E+00,  1.2910690E+04
   16825, 30184,  3.4924370E-01,  3.0994490E+04
   16826, 30201,  3.3831459E-01,  9.0892891E+04
   16827, 30201,  5.4449223E-02,  9.0892891E+04
   16829, 30173,  2.2747916E-01,  9.6934953E+04
   16830, 30173,  1.8360375E-01,  9.6934953E+04
   16831, 30174,  2.4040898E-02,  3.5925069E+05
   16832, 30174,  6.2148944E-02,  3.5925069E+05
   16833, 30174,  1.1218126E-01,  3.5925069E+05
   16834, 30174,  3.9782848E-02,  3.5925069E+05
   16835, 30174,  1.3310006E-01,  3.5925069E+05
   16836, 30174,  5.7067897E-02,  3.5925069E+05
   16841, 30178,  4.9736595E-01,  5.0770668E+04
   16842, 30178,  1.2471278E-01,  5.0770668E+04
   16843, 30139,  5.9216321E-01,  1.5277840E+04
   16844, 30015,  3.5908055E-01,  7.6829852E+04
   16845, 30015,  3.0094084E-01,  7.6829852E+04
   16846, 30143,  8.4482409E-02,  1.4127102E+05
   16848, 30141,  5.3795165E-04,  1.9631511E+05
   16849, 30141,  6.0418937E-02,  1.9631511E+05
   16868, 27014,  1.3580609E-02,  2.5286800E+05
   16869, 27014,  7.6529361E-02,  2.5286800E+05
   16870, 27014,  9.7870894E-02,  2.5286800E+05
   16871, 27014,  7.4511103E-02,  2.5286800E+05
   16872, 27014,  9.2169195E-02,  2.5286800E+05
   16873, 27003,  5.2850239E-02,  3.4176350E+05
   16874, 27003,  4.2794991E-02,  3.4176350E+05
   16875, 27003,  8.7379277E-02,  3.4176350E+05
   16876, 27003,  1.9256609E-02,  3.4176350E+05
   16877, 27003,  7.2396204E-02,  3.4176350E+05
   16878, 27003,  3.3274680E-02,  3.4176350E+05
   16884,  4007,  3.8868006E-04,  1.8159777E+05
   16892,  4003,  1.4332328E-02,  7.7782056E+05
   16893,  4003,  1.0957801E-02,  7.7782056E+05
   16894,  4003,  2.4535399E-02,  7.7782056E+05
   16895,  4011,  6.8156108E-02,  3.1661641E+05
   16897,  4009,  5.3085327E-02,  3.2540853E+05
   16898,  4009,  4.2160798E-02,  3.2540853E+05
   16910,  4010,  1.6640624E-02,  5.6990525E+05
   16911,  4010,  3.9338034E-02,  5.6990525E+05
   16914,  4010,  9.8512946E-03,  5.6990525E+05
   16915,  4010,  2.0415653E-02,  5.6990525E+05
   16917,  4010,  3.1496194E-04,  5.6990525E+05
   16918, 23004,  5.1014610E-03,  1.3153341E+06
   16919, 23004,  7.4293464E-05,  1.3153341E+06
   16920, 23004,  1.6671862E-02,  1.3153341E+06
   16923, 23004,  1.4583529E-02,  1.3153341E+06
   17099,  6009,  3.3719618E-02,  2.7122834E+05
   17100,  6009,  9.5666341E-02,  2.7122834E+05
   17101, 16014,  1.2348247E-01,  8.4302750E+04
   17102, 16014,  1.6973241E-01,  8.4302750E+04
   17103, 16026,  8.3563276E-02,  1.2162005E+05
   17104, 16026,  1.4148055E-01,  1.2162005E+05
   17106, 16015,  8.4469266E-02,  2.3114420E+05
   17107, 16015,  1.4498544E-01,  2.3114420E+05
   17110, 16002,  1.4750509E-01,  1.7230073E+05
   17111, 16002,  2.4356955E-01,  1.7230073E+05
   17112, 16002,  6.7980760E-03,  1.7230073E+05
   17118, 16035,  3.7463058E-02,  2.9408359E+05
   17119, 16035,  8.6599469E-02,  2.9408359E+05
   17120, 16035,  7.9342358E-02,  2.9408359E+05
   17121, 16035,  6.6983528E-02,  2.9408359E+05
   17122, 16035,  2.5083557E-02,  2.9408359E+05
   17123, 16035,  6.7403659E-02,  2.9408359E+05
   17130, 16038,  3.9245162E-02,  3.1036838E+05
   17131, 16038,  6.7588508E-02,  3.1036838E+05
   17132, 16038,  6.8090938E-02,  3.1036838E+05
   17133, 16038,  1.1494843E-01,  3.1036838E+05
   17135, 12027,  5.5806383E-02,  2.3965094E+05
   17136, 12027,  1.8022669E-03,  2.3965094E+05
   17138, 12027,  3.9094128E-02,  2.3965094E+05
   17139, 15082,  1.9769524E-01,  2.0332598E+05
   17140, 15008,  2.4622501E-01,  1.8674797E+05
   17141, 15082,  1.4915651E-01,  2.0332598E+05
   17142, 15008,  1.4888805E-01,  1.8674797E+05
   17143, 15080,  4.9253970E-02,  1.4679403E+05
   17144, 15080,  1.4013675E-01,  1.4679403E+05
   17145, 15080,  1.8112537E-01,  1.4679403E+05
   17146, 15004,  6.6112977E-01,  4.5645832E+04
   17147, 12049,  5.4837948E-01,  7.2157492E+04
   17148, 15107,  1.2462505E+00,  3.1598176E+04
   17149, 15119,  3.7684703E-01,  6.3547004E+04
   17150, 17005,  1.1891931E+00,  3.7729523E+04
   17151, 17015,  3.9751014E-01,  7.8130758E+04
   17152, 17015,  5.3421247E-01,  7.8130758E+04
   17153, 17024,  9.6844685E-01,  1.2510341E+05
   17154, 17024,  2.3045483E-01,  1.2510341E+05
   17156, 17004,  3.3214372E-01,  1.4137148E+05
   17157, 17004,  2.5022194E-01,  1.4137148E+05
   17158, 17033,  2.7674162E+00,  1.5438095E+04
   17159, 21033,  5.2893716E-01,  2.6608854E+04
   17160, 21165,  3.6163902E-01,  1.1127028E+04
   17161, 21185,  9.8205829E-01,  2.6204828E+04
   17162, 21166,  9.7505331E-01,  3.7247258E+04
   17163, 21166,  3.8485020E-01,  3.7247258E+04
   17164, 21159,  3.4128988E-01,  3.9926641E+04
   17165, 21150,  4.4672936E-01,  5.3421070E+04
   17166, 21150,  6.6776311E-01,  5.3421070E+04
   17167, 21131,  1.2371299E+00,  2.6640277E+04
   17168, 21079,  1.2752553E+00,  2.9366631E+04
   17169, 21203,  5.5154252E-01,  4.5829875E+04
   17170, 21203,  5.7517052E-01,  4.5829875E+04
   17171, 21177,  3.5754102E-01,  9.7506070E+04
   17172, 21177,  2.0334087E-01,  9.7506070E+04
   17173, 21177,  3.0338794E-01,  9.7506070E+04
   17174, 21099,  5.2471316E-01,  1.1546791E+05
   17175, 21046,  7.7547252E-01,  3.7334023E+04
   17176, 30006,  3.9938086E-01,  6.3821242E+04
   17177, 30147,  8.4612602E-01,  5.1031691E+04
   17178, 30168,  1.4600278E+00,  3.2026496E+04
   17179, 30201,  2.5487927E-01,  9.0892891E+04
   17180, 30201,  1.5796512E-01,  9.0892891E+04
   17181, 30117,  2.1781713E-01,  5.5132539E+04
   17182, 30117,  4.6560031E-01,  5.5132539E+04
   17183, 30117,  3.0563280E-01,  5.5132539E+04
   17184, 30174,  4.1818280E-02,  3.5925069E+05
   17185, 30174,  3.3567246E-02,  3.5925069E+05
   17186, 30181,  1.4784478E-01,  2.1582178E+05
   17187, 30181,  1.8326207E-01,  2.1582178E+05
   17188, 30181,  7.1247056E-02,  2.1582178E+05
   17189, 30181,  9.1714717E-02,  2.1582178E+05
   17190, 30181,  7.3411681E-02,  2.1582178E+05
   17191, 30075,  2.5679344E-01,  1.3459079E+04
   17195, 30011,  1.0924467E-01,  1.9142453E+05
   17196, 30097,  1.1751702E+00,  2.5052951E+04
   17197, 30097,  1.0376114E-01,  2.5052951E+04
   17198, 30015,  2.7872467E-01,  7.6829852E+04
   17199, 30141,  6.3906744E-02,  1.9631511E+05
   17200, 30141,  2.2649758E-02,  1.9631511E+05
   17201, 30141,  5.5985712E-02,  1.9631511E+05
   17229, 27003,  5.1768553E-02,  3.4176350E+05
   17230, 27003,  9.3308076E-02,  3.4176350E+05
   17247,  4003,  3.4619179E-02,  7.7782056E+05
   17248,  4003,  3.9839754E-03,  7.7782056E+05
   17249,  4009,  3.4008916E-02,  3.2540853E+05
   17250,  4009,  1.3247051E-02,  3.2540853E+05
   17251,  4009,  6.7528129E-02,  3.2540853E+05
   17262,  4010,  6.0602315E-03,  5.6990525E+05
   17263,  4010,  3.4130104E-02,  5.6990525E+05
   17267,  4010,  1.5943166E-02,  5.6990525E+05
   17272, 23004,  1.3760708E-02,  1.3153341E+06
   17273, 23004,  5.5682594E-03,  1.3153341E+06
   17276, 23004,  7.8550922E-03,  1.3153341E+06
   17277, 23004,  8.9841913E-03,  1.3153341E+06
   17451,  6009,  1.1318581E-02,  2.7122834E+05
   17452,  6009,  1.2051961E-01,  2.7122834E+05
   17453,  6009,  5.9772596E-02,  2.7122834E+05
   17454,  6006,  3.9921147E-01,  7.1238672E+04
   17455, 16014,  1.4939465E-01,  8.4302750E+04
   17456, 16026,  1.0286848E-02,  1.2162005E+05
   17457, 16026,  9.5327638E-02,  1.2162005E+05
   17458, 16015,  3.6574446E-02,  2.3114420E+05
   17459, 16015,  3.0854115E-02,  2.3114420E+05
   17460, 16015,  1.0118169E-01,  2.3114420E+05
   17464, 16002,  1.0182886E-01,  1.7230073E+05
   17465, 16002,  3.7167218E-02,  1.7230073E+05
   17472, 16055,  2.0454888E-01,  9.9768641E+04
   17474, 16035,  1.0927771E-01,  2.9408359E+05
   17475, 16035,  2.7413715E-03,  2.9408359E+05
   17476, 16035,  7.0342511E-02,  2.9408359E+05
   17477, 16035,  4.1976609E-04,  2.9408359E+05
   17485, 16013,  1.2324058E-01,  7.7354578E+04
   17486, 16013,  3.8766116E-01,  7.7354578E+04
   17487, 16092,  2.3984350E-01,  1.1275944E+05
   17488, 16092,  1.7202623E-01,  1.1275944E+05
   17492, 15123,  2.4760066E-02,  9.0175516E+04
   17493, 15123,  4.8358530E-02,  9.0175516E+04
   17494, 15123,  4.0999216E-01,  9.0175516E+04
   17495, 15082,  1.9080673E-01,  2.0332598E+05
   17496, 15082,  1.5744364E-01,  2.0332598E+05
   17497, 15080,  2.9966712E-01,  1.4679403E+05
   17498, 15097,  3.5142225E-01,  6.4081848E+04
   17499, 15021,  2.2445248E-01,  1.3476989E+05
   17500, 15040,  6.4578176E-01,  6.7577180E+04
   17501, 15040,  6.6976821E-01,  6.7577180E+04
   17502, 15119,  1.6027357E-01,  6.3547004E+04
   17503, 17015,  4.4088477E-01,  7.8130758E+04
   17504, 17015,  1.6990128E-01,  7.8130758E+04
   17505, 17018,  2.6825023E-01,  6.2391828E+04
   17506, 17008,  1.9633905E+00,  5.4579418E+04
   17507, 17029,  4.1908127E-01,  1.3409362E+05
   17508, 17029,  1.9588201E-01,  1.3409362E+05
   17509, 17006,  1.0986170E+00,  7.2588992E+04
   17510, 17030,  3.8561600E-01,  2.5599775E+04
   17511, 17016,  8.9097488E-01,  2.9819141E+04
   17512, 21022,  2.7162881E+00,  2.0432967E+04
   17513, 21188,  5.3935885E-01,  4.7351914E+04
   17514, 21069,  6.9433466E-02,  5.5981910E+04
   17515, 21069,  3.2766986E-01,  5.5981910E+04
   17516, 21121,  7.1098638E-01,  3.4894488E+04
   17517, 21159,  3.9397353E-01,  3.9926641E+04
   17518, 21114,  1.7348269E-02,  3.5851556E+05
   17519, 21193,  5.2471453E-01,  6.1623031E+04
   17520, 21193,  3.1991348E-02,  6.1623031E+04
   17521, 21182,  2.2806835E+00,  1.5092501E+04
   17522, 21189,  1.2179556E+00,  2.7864896E+04
   17523, 21189,  9.9771047E-01,  2.7864896E+04
   17524, 21205,  5.9091014E-01,  4.5980266E+04
   17525, 21110,  5.7309303E-02,  1.9700350E+05
   17526, 21110,  4.3858939E-01,  1.9700350E+05
   17527, 21110,  2.0587867E-01,  1.9700350E+05
   17528, 21063,  7.5963897E-01,  7.7322000E+04
   17529, 30099,  6.0288370E-01,  1.1328177E+05
   17530, 30030,  2.7961025E+00,  2.7850045E+04
   17531, 30185,  4.8126798E+00,  1.1802600E+04
   17532, 30068,  1.1441664E+00,  6.6476047E+04
   17533, 30052,  7.5609219E-01,  3.5967461E+04
   17534, 30117,  8.1413871E-01,  5.5132539E+04
   17535, 30053,  4.6984464E-01,  1.2462450E+05
   17536, 30031,  5.4642344E-01,  1.2036895E+05
   17537, 30031,  5.9964287E-01,  1.2036895E+05
   17538, 30049,  2.9457128E-01,  2.7325262E+05
   17539, 30049,  2.1488708E-01,  2.7325262E+05
   17540, 30181,  8.8697463E-02,  2.1582178E+05
   17541, 30181,  9.1346048E-02,  2.1582178E+05
   17542, 30181,  1.7376320E-01,  2.1582178E+05
   17543, 30181,  3.4848608E-02,  2.1582178E+05
   17544, 30075,  1.9478378E-01,  1.3459079E+04
   17546, 30011,  7.3111162E-02,  1.9142453E+05
   17547, 30011,  1.1740529E-01,  1.9142453E+05
   17548, 30011,  1.2180501E-01,  1.9142453E+05
   17552, 30141,  4.3923445E-02,  1.9631511E+05
   17553, 30141,  8.9711122E-02,  1.9631511E+05
   17583, 27003,  2.9084515E-02,  3.4176350E+05
   17584, 27003,  5.1578883E-02,  3.4176350E+05
   17600,  4003,  4.4468031E-03,  7.7782056E+05
   17601,  4003,  3.3448100E-02,  7.7782056E+05
   17604,  4009,  7.6897754E-03,  3.2540853E+05
   17605,  4009,  5.2881293E-02,  3.2540853E+05
   17615,  4010,  3.5174914E-02,  5.6990525E+05
   17620,  4010,  1.5935794E-02,  5.6990525E+05
   17625, 23004,  1.3778265E-02,  1.3153341E+06
   17629, 23004,  1.0725849E-03,  1.3153341E+06
   17630, 23004,  2.6293609E-02,  1.3153341E+06
   17801,  6007,  6.4983808E-02,  4.8290972E+05
   17802,  6001,  3.1526527E-01,  1.7534000E+05
   17803,  6001,  3.4383428E-01,  1.7534000E+05
   17804,  6001,  3.8869604E-01,  1.7534000E+05
   17805,  6009,  9.5074154E-02,  2.7122834E+05
   17806,  6006,  2.5948711E-02,  7.1238672E+04
   17807,  6006,  2.8817180E-01,  7.1238672E+04
   17808,  6002,  3.3157095E-02,  3.6435453E+05
   17809,  6002,  5.7361878E-02,  3.6435453E+05
   17810, 16026,  8.7019280E-02,  1.2162005E+05
   17811, 16026,  2.4417700E-02,  1.2162005E+05
   17813, 16015,  4.9421098E-02,  2.3114420E+05
   17814, 16015,  7.6534420E-02,  2.3114420E+05
   17817, 16089,  3.9434088E-03,  8.2907484E+04
   17818, 16002,  1.5298249E-01,  1.7230073E+05
   17819, 16006,  2.9928595E-01,  8.6779828E+04
   17824, 16064,  1.1452487E-01,  9.5195602E+04
   17825, 16055,  3.4673107E-01,  9.9768641E+04
   17827, 16035,  3.3010595E-02,  2.9408359E+05
   17828, 16035,  7.0313543E-02,  2.9408359E+05
   17829, 16035,  8.0861680E-02,  2.9408359E+05
   17830, 16035,  1.2271478E-03,  2.9408359E+05
   17837, 16013,  2.7246058E-01,  7.7354578E+04
   17838, 16013,  2.6094335E-01,  7.7354578E+04
   17841, 16092,  1.6638085E-01,  1.1275944E+05
   17845, 15123,  1.0936970E-01,  9.0175516E+04
   17846, 15123,  4.0913874E-01,  9.0175516E+04
   17847, 15123,  3.2145720E-02,  9.0175516E+04
   17848, 15082,  1.1833452E-01,  2.0332598E+05
   17849, 15077,  2.8704906E-01,  5.7336215E+04
   17850, 15097,  1.4364356E-01,  6.4081848E+04
   17851, 15021,  2.7671713E-01,  1.3476989E+05
   17852, 15021,  2.8987408E-01,  1.3476989E+05
   17853, 15113,  4.8159701E-01,  8.8519766E+04
   17854, 15113,  7.5458050E-01,  8.8519766E+04
   17855, 15052,  3.5701054E-01,  8.8688867E+04
   17856, 15052,  5.9169066E-01,  8.8688867E+04
   17857, 15063,  9.0393610E-03,  1.1902071E+05
   17858, 17007,  1.0696970E-01,  1.4060408E+05
   17859, 17007,  7.1405768E-01,  1.4060408E+05
   17860, 17011,  1.8922104E-01,  6.4749918E+04
   17861, 17020,  5.6743103E-01,  1.2359290E+05
   17862, 17002,  1.2384467E+00,  4.6753105E+04
   17863, 15068,  1.0454233E+00,  4.1429512E+04
   17864, 17016,  8.7411702E-01,  2.9819141E+04
   17865, 21188,  5.5724472E-01,  4.7351914E+04
   17866, 21188,  2.8224316E-01,  4.7351914E+04
   17867, 21019,  2.8056890E-01,  1.3577989E+05
   17868, 21019,  4.9255091E-01,  1.3577989E+05
   17869, 21019,  2.5380519E-01,  1.3577989E+05
   17870, 21106,  5.8533067E-01,  5.1324953E+04
   17871, 21114,  8.1930369E-02,  3.5851556E+05
   17872, 21040,  1.1729368E+00,  3.9226914E+04
   17873, 21153,  3.9661589E-01,  6.9724883E+04
   17874, 21097,  7.3341422E+00,  3.9585586E+03
   17875, 21151,  2.9618220E+00,  2.2617520E+04
   17876, 21154,  6.0585344E-01,  1.0013091E+05
   17877, 21115,  6.1099738E-01,  1.2584089E+05
   17878, 21115,  4.2548457E-01,  1.2584089E+05
   17879, 21110,  1.3775957E-01,  1.9700350E+05
   17880, 21063,  9.4503182E-01,  7.7322000E+04
   17881, 21023,  1.7765231E+00,  2.8813223E+04
   17882, 21023,  1.7216235E+00,  2.8813223E+04
   17883, 30101,  7.0385033E-01,  3.8782582E+04
   17884, 30022,  3.5483737E+00,  3.0587934E+04
   17885, 30044,  1.1103678E+00,  8.6719914E+04
   17886, 30044,  8.9966458E-01,  8.6719914E+04
   17887, 30021,  1.8958015E+00,  4.5549371E+04
   17888, 30125,  3.9784634E-01,  1.6285303E+05
   17889, 30125,  3.8503267E-02,  1.6285303E+05
   17892, 30049,  2.4932574E-01,  2.7325262E+05
   17893, 30181,  1.4258707E-01,  2.1582178E+05
   17895, 30181,  3.3905739E-03,  2.1582178E+05
   17896, 30181,  9.6731201E-02,  2.1582178E+05
   17897, 30011,  1.1308254E-02,  1.9142453E+05
   17898, 30011,  1.1321112E-01,  1.9142453E+05
   17899, 30011,  4.9437359E-02,  1.9142453E+05
   17937, 27003,  1.6871756E-02,  3.4176350E+05
   17938,  4003,  2.4512386E-02,  7.7782056E+05
   17939,  4003,  2.3832157E-02,  7.7782056E+05
   17940,  4003,  2.3210768E-02,  7.7782056E+05
   17941,  4003,  2.3816187E-02,  7.7782056E+05
   17942,  4003,  2.3298530E-02,  7.7782056E+05
   17943,  4003,  2.3351194E-02,  7.7782056E+05
   17944,  4003,  3.3692848E-02,  7.7782056E+05
   17945,  4003,  3.0740766E-02,  7.7782056E+05
   17946,  4003,  9.8656975E-03,  7.7782056E+05
   17954,  4003,  1.9689007E-02,  7.7782056E+05
   17955,  4003,  7.7698152E-03,  7.7782056E+05
   17958,  4009,  5.7747614E-02,  3.2540853E+05
   17968,  4010,  3.2946955E-02,  5.6990525E+05
   17973,  4010,  1.2499774E-02,  5.6990525E+05
   17974,  4010,  4.1624703E-03,  5.6990525E+05
   17978, 23004,  9.1668740E-03,  1.3153341E+06
   17979, 23004,  4.7233701E-03,  1.3153341E+06
   17983, 23004,  1.0263485E-02,  1.3153341E+06
   17984, 23004,  7.4025807E-03,  1.3153341E+06
   17992, 23004,  9.1993399E-03,  1.3153341E+06
   18152,  6007,  2.9500011E-02,  4.8290972E+05
   18153,  6007,  1.9901809E-01,  4.8290972E+05
   18154,  6007,  6.7128778E-02,  4.8290972E+05
   18155,  6001,  1.0258401E-01,  1.7534000E+05
   18156,  6001,  8.4282018E-02,  1.7534000E+05
   18157,  6009,  7.8934468E-02,  2.7122834E+05
   18158,  6009,  1.8314089E-01,  2.7122834E+05
   18159,  6006,  6.9795346E-01,  7.1238672E+04
   18161,  6002,  5.8898743E-02,  3.6435453E+05
   18162,  6002,  6.3871667E-02,  3.6435453E+05
   18163, 14065,  1.0344422E-01,  9.8412422E+04
   18167, 16089,  8.2277857E-02,  8.2907484E+04
   18168, 16089,  2.7411681E-01,  8.2907484E+04
   18169, 16089,  1.4893878E-01,  8.2907484E+04
   18171, 16002,  8.6825550E-02,  1.7230073E+05
   18172, 16002,  1.3164067E-01,  1.7230073E+05
   18175, 16006,  6.2598921E-02,  8.6779828E+04
   18176, 16064,  3.8459224E-01,  9.5195602E+04
   18177, 16064,  1.9232278E-01,  9.5195602E+04
   18178, 16055,  2.5815198E-01,  9.9768641E+04
   18179, 16033,  1.5056971E-02,  9.6467375E+04
   18181, 16035,  1.8964415E-02,  2.9408359E+05
   18182, 16009,  1.7894273E-01,  1.1172838E+05
   18185, 16097,  1.1818929E-04,  4.7835141E+04
   18186, 16097,  3.4953666E-01,  4.7835141E+04
   18188, 16057,  3.3252129E-01,  7.6584844E+04
   18189, 16057,  3.7195051E-01,  7.6584844E+04
   18190, 16013,  1.5652290E-01,  7.7354578E+04
   18194, 16092,  2.6801041E-01,  1.1275944E+05
   18195, 16099,  7.8529984E-02,  1.1920076E+05
   18196, 16099,  2.2528991E-02,  1.1920076E+05
   18197, 16099,  1.3278913E-01,  1.1920076E+05
   18198, 15123,  1.8834537E-01,  9.0175516E+04
   18199, 15116,  5.2268136E-01,  3.1069340E+04
   18200, 15086,  1.1778462E-01,  2.5486162E+05
   18201, 15086,  9.2716329E-02,  2.5486162E+05
   18202, 15086,  2.8188509E-01,  2.5486162E+05
   18203, 15077,  1.0331228E+00,  5.7336215E+04
   18204, 15021,  3.6390266E-01,  1.3476989E+05
   18205, 15021,  2.4044991E-01,  1.3476989E+05
   18207, 15090,  1.8801758E-01,  1.4626117E+05
   18208, 15049,  1.7196507E+00,  2.8800643E+04
   18209, 15049,  1.1699411E+00,  2.8800643E+04
   18210, 15063,  3.1253612E-01,  1.1902071E+05
   18211, 15063,  3.8652730E-01,  1.1902071E+05
   18212, 17009,  7.8110975E-01,  1.4592236E+05
   18213, 17020,  5.8746684E-01,  1.2359290E+05
   18214, 17020,  3.2668930E-02,  1.2359290E+05
   18215, 17027,  1.9053608E+00,  3.0845061E+04
   18216, 15068,  5.7516664E-01,  4.1429512E+04
   18217, 15068,  1.4730067E+00,  4.1429512E+04
   18221, 21126,  5.4187435E-01,  1.1485916E+04
   18222, 21140,  1.0169382E+00,  8.1335383E+04
   18223, 21106,  1.4487793E+00,  5.1324953E+04
   18224, 21114,  9.0014659E-02,  3.5851556E+05
   18226, 21040,  4.0864027E-01,  3.9226914E+04
   18227, 21164,  9.7344685E-01,  8.4824852E+04
   18228, 21164,  7.7533841E-01,  8.4824852E+04
   18229, 21065,  2.5089200E+00,  3.1507596E+04
   18230, 21115,  3.1732300E-01,  1.2584089E+05
   18232, 21045,  2.0778008E-01,  1.0566346E+05
   18233, 21045,  2.1878217E-01,  1.0566346E+05
   18235, 30101,  3.2699639E-01,  3.8782582E+04
   18236, 30127,  7.2565784E+00,  2.6368865E+03
   18237, 30062,  1.3867062E+00,  2.7513326E+04
   18238, 30044,  3.9418077E-01,  8.6719914E+04
   18239, 30044,  1.3512221E-01,  8.6719914E+04
   18240, 30125,  5.4326259E-02,  1.6285303E+05
   18241, 30125,  2.9437929E-01,  1.6285303E+05
   18242, 30125,  2.2098948E-01,  1.6285303E+05
   18243, 30125,  1.2403594E-01,  1.6285303E+05
   18244, 30125,  1.1955955E-01,  1.6285303E+05
   18245, 30148,  4.5418823E-01,  6.5385352E+04
   18246, 30090,  7.4354273E-01,  5.9517391E+04
   18247, 30105,  1.4987177E-01,  1.7338733E+05
   18249, 30181,  1.9518781E-01,  2.1582178E+05
   18250, 30011,  9.9047430E-02,  1.9142453E+05
   18299,  4003,  2.0763382E-02,  7.7782056E+05
   18300,  4003,  2.3975942E-02,  7.7782056E+05
   18307,  4003,  9.1507362E-05,  7.7782056E+05
   18308,  4003,  3.7632573E-02,  7.7782056E+05
   18309,  4009,  5.5331312E-02,  3.2540853E+05
   18310,  4009,  5.5327903E-02,  3.2540853E+05
   18311,  4009,  1.1985102E-01,  3.2540853E+05
   18312,  4009,  5.8308244E-02,  3.2540853E+05
   18313,  4009,  5.5841986E-02,  3.2540853E+05
   18314,  4004,  2.1988470E-02,  8.2096738E+05
   18315,  4009,  7.0655659E-02,  3.2540853E+05
   18318,  4010,  1.1460269E-03,  5.6990525E+05
   18319,  4010,  3.5607517E-02,  5.6990525E+05
   18320,  4010,  3.4705468E-02,  5.6990525E+05
   18321,  4010,  4.3186400E-02,  5.6990525E+05
   18322,  4010,  3.5728868E-02,  5.6990525E+05
   18323,  4010,  3.1825684E-02,  5.6990525E+05
   18324,  4010,  3.2225244E-02,  5.6990525E+05
   18325,  4010,  3.4239352E-02,  5.6990525E+05
   18326,  4010,  3.1591021E-02,  5.6990525E+05
   18327,  4010,  5.8171369E-02,  5.6990525E+05
   18328,  4010,  3.1611126E-02,  5.6990525E+05
   18329,  4010,  3.1772733E-02,  5.6990525E+05
   18330, 23004,  1.3698030E-02,  1.3153341E+06
   18331, 23004,  1.3696709E-02,  1.3153341E+06
   18332, 23004,  1.7144598E-02,  1.3153341E+06
   18333, 23004,  1.8511664E-02,  1.3153341E+06
   18334, 23004,  2.7877824E-02,  1.3153341E+06
   18335, 23004,  1.2468621E-02,  1.3153341E+06
   18336, 23004,  1.5622581E-03,  1.3153341E+06
   18337, 23004,  1.4565363E-02,  1.3153341E+06
   18345, 23004,  9.0232253E-04,  1.3153341E+06
   18346, 23004,  6.9886451E-03,  1.3153341E+06
   18504,  6007,  2.7722355E-02,  4.8290972E+05
   18505,  6007,  1.3958928E-01,  4.8290972E+05
   18506,  6007,  1.3008451E-01,  4.8290972E+05
   18509,  6004,  1.9408371E-01,  1.0588727E+05
   18511,  6002,  7.0980616E-02,  3.6435453E+05
   18512,  6002,  2.2137134E-01,  3.6435453E+05
   18513,  6002,  3.5183650E-02,  3.6435453E+05
   18514,  6002,  7.7552743E-02,  3.6435453E+05
   18515,  6002,  5.7563593E-04,  3.6435453E+05
   18516, 14065,  1.5955515E-01,  9.8412422E+04
   18522, 16089,  2.4551991E-01,  8.2907484E+04
   18524, 16012,  7.7699080E-02,  2.1079197E+05
   18525, 16012,  3.8334932E-02,  2.1079197E+05
   18526, 16012,  1.7149560E-01,  2.1079197E+05
   18527, 16006,  4.2122623E-01,  8.6779828E+04
   18528, 16006,  3.7560356E-01,  8.6779828E+04
   18530, 16064,  2.2874436E-01,  9.5195602E+04
   18531, 16064,  1.2978937E-01,  9.5195602E+04
   18532, 16055,  4.6697047E-01,  9.9768641E+04
   18533, 16033,  6.7538455E-02,  9.6467375E+04
   18534, 16059,  1.3867668E-02,  4.9936309E+04
   18535, 16009,  1.0102201E-01,  1.1172838E+05
   18536, 16009,  1.0954135E-01,  1.1172838E+05
   18538, 16082,  1.1561995E-01,  2.1766900E+05
   18539, 16082,  1.6371958E-01,  2.1766900E+05
   18540, 16082,  7.1004905E-02,  2.1766900E+05
   18541, 16057,  1.1210279E-01,  7.6584844E+04
   18542, 16057,  4.2383008E-02,  7.6584844E+04
   18547, 16092,  8.0559134E-02,  1.1275944E+05
   18548, 16099,  1.6290990E-01,  1.1920076E+05
   18550, 16099,  8.9346789E-02,  1.1920076E+05
   18551, 15066,  6.2189782E-01,  5.2390633E+04
   18552, 15066,  6.1953074E-01,  5.2390633E+04
   18553, 15116,  3.7320849E-01,  3.1069340E+04
   18555, 15110,  1.8074997E-01,  1.3875641E+05
   18556, 15086,  9.2056185E-02,  2.5486162E+05
   18557, 15086,  5.1374167E-02,  2.5486162E+05
   18558, 15021,  3.0428368E-01,  1.3476989E+05
   18559, 15106,  1.6221628E-02,  4.1911550E+05
   18560, 15090,  5.3625095E-01,  1.4626117E+05
   18561, 15090,  3.5844076E-01,  1.4626117E+05
   18562, 15101,  2.7467564E-01,  6.8883922E+04
   18563, 15101,  4.5254120E-01,  6.8883922E+04
   18564, 17009,  6.7847818E-02,  1.4592236E+05
   18565,  9012,  3.1636572E-01,  2.4982303E+05
   18566, 17009,  1.8076517E-02,  1.4592236E+05
   18568, 15050,  5.6362402E-01,  6.3409770E+04
   18569, 15050,  4.7110313E-01,  6.3409770E+04
   18570, 15015,  8.6961484E-01,  5.2570668E+04
   18571, 15009,  5.5521762E-01,  5.9638156E+04
   18572, 21138,  8.3035189E-01,  2.5676139E+04
   18573, 21138,  6.7772824E-01,  2.5676139E+04
   18574, 21140,  3.4595972E-01,  8.1335383E+04
   18575, 21140,  9.0417951E-01,  8.1335383E+04
   18576, 21041,  4.0656834E+00,  2.7288680E+04
   18577, 21114,  2.9855663E-01,  3.5851556E+05
   18578, 21114,  1.8840110E-01,  3.5851556E+05
   18579, 21001,  1.1590929E+00,  7.6178617E+04
   18580, 21001,  1.3984492E-01,  7.6178617E+04
   18581, 21004,  8.7600562E-04,  7.0777914E+04
   18582, 21004,  9.6995085E-02,  7.0777914E+04
   18583, 21096,  1.1912313E+00,  1.6499695E+04
   18584, 21130,  2.4605650E-01,  1.8779379E+04
   18585, 21045,  2.6005307E-01,  1.0566346E+05
   18586, 21179,  2.0056230E-01,  7.5560289E+04
   18587, 21179,  1.3345124E-03,  7.5560289E+04
   18589, 30047,  7.8641959E-02,  7.1173055E+04
   18590, 30186,  1.2677643E+01,  3.5235190E+03
   18591, 30080,  6.9366825E-01,  3.9740254E+04
   18592, 30080,  4.6568790E-01,  3.9740254E+04
   18593, 30165,  1.1955777E+00,  2.7675137E+04
   18594, 30200,  6.0587609E-01,  5.3237773E+04
   18595, 30200,  5.7319075E-01,  5.3237773E+04
   18596, 30007,  4.8907143E-01,  4.1645113E+04
   18597, 30148,  4.6125129E-01,  6.5385352E+04
   18598, 30148,  1.7777450E-01,  6.5385352E+04
   18599, 30105,  2.2482175E-01,  1.7338733E+05
   18600, 30105,  1.9582894E-01,  1.7338733E+05
   18601, 30105,  2.6690003E-01,  1.7338733E+05
   18602, 30011,  1.1233027E-01,  1.9142453E+05
   18603, 30011,  3.0848557E-02,  1.9142453E+05
   18653,  4003,  4.4224490E-03,  7.7782056E+05
   18654,  4003,  2.6287602E-02,  7.7782056E+05
   18655,  4003,  2.0699959E-02,  7.7782056E+05
   18660,  4003,  2.1556218E-03,  7.7782056E+05
   18661,  4003,  3.4819972E-02,  7.7782056E+05
   18662,  4003,  1.4856104E-04,  7.7782056E+05
   18664,  4009,  5.5379786E-02,  3.2540853E+05
   18668,  4009,  7.2035571E-03,  3.2540853E+05
   18669,  4009,  6.3205235E-02,  3.2540853E+05
   18670,  4009,  5.5648986E-02,  3.2540853E+05
   18671,  4010,  3.2276124E-02,  5.6990525E+05
   18680,  4010,  3.2277163E-02,  5.6990525E+05
   18686, 23004,  4.5125834E-03,  1.3153341E+06
   18687, 23004,  9.4355466E-03,  1.3153341E+06
   18688, 23004,  1.6749944E-03,  1.3153341E+06
   18689, 23004,  1.3230223E-02,  1.3153341E+06
   18690, 23004,  2.1521861E-02,  1.3153341E+06
   18691, 23004,  2.0203259E-02,  1.3153341E+06
   18692, 23004,  1.6700203E-02,  1.3153341E+06
   18693, 23004,  8.7358244E-03,  1.3153341E+06
   18699, 23004,  7.0392434E-03,  1.3153341E+06
   18854, 14022,  2.7333280E-02,  9.0512664E+04
   18855, 14022,  9.8239027E-02,  9.0512664E+04
   18856,  6007,  7.6093949E-02,  4.8290972E+05
   18857,  6007,  2.2400580E-02,  4.8290972E+05
   18859,  6007,  5.4983478E-02,  4.8290972E+05
   18860,  6007,  4.0446497E-02,  4.8290972E+05
   18862,  6004,  1.2107758E-01,  1.0588727E+05
   18863,  6004,  1.8510208E-01,  1.0588727E+05
   18864,  6004,  4.7728378E-01,  1.0588727E+05
   18865,  6002,  1.9306706E-01,  3.6435453E+05
   18866,  6002,  8.6561166E-02,  3.6435453E+05
   18867,  6002,  5.8632594E-02,  3.6435453E+05
   18868, 14065,  4.9981397E-01,  9.8412422E+04
   18869, 14065,  1.5091597E-01,  9.8412422E+04
   18871, 14087,  4.9317591E-02,  2.3159536E+05
   18872, 14087,  2.0280799E-03,  2.3159536E+05
   18875, 16089,  3.4492189E-01,  8.2907484E+04
   18876, 16089,  8.8790327E-02,  8.2907484E+04
   18877, 16012,  1.2824306E-01,  2.1079197E+05
   18878, 14049,  1.3119993E-01,  1.5996328E+05
   18879, 16012,  1.3972104E-01,  2.1079197E+05
   18880, 16012,  2.3213264E-02,  2.1079197E+05
   18883, 16064,  2.8106791E-01,  9.5195602E+04
   18885, 16033,  2.2068399E-01,  9.6467375E+04
   18886, 16033,  1.9770263E-01,  9.6467375E+04
   18887, 16059,  6.7661929E-01,  4.9936309E+04
   18888, 16009,  1.7704991E-01,  1.1172838E+05
   18889, 16009,  2.9425627E-01,  1.1172838E+05
   18890, 16082,  8.6234711E-02,  2.1766900E+05
   18891, 16082,  1.0906421E-01,  2.1766900E+05
   18892, 16082,  1.5607153E-01,  2.1766900E+05
   18893, 16049,  4.0061897E-01,  4.8541727E+04
   18900, 16092,  8.1016399E-02,  1.1275944E+05
   18901, 16099,  1.4668199E-01,  1.1920076E+05
   18902, 16099,  1.8377107E-01,  1.1920076E+05
   18903, 16099,  1.3986200E-01,  1.1920076E+05
   18904, 16081,  2.9528460E-01,  6.4728305E+04
   18905, 16081,  4.5627326E-01,  6.4728305E+04
   18906, 15078,  1.3137985E+00,  3.3247098E+04
   18907, 15110,  3.1371570E-01,  1.3875641E+05
   18908, 15110,  1.2210605E-01,  1.3875641E+05
   18909, 15086,  1.0400241E-01,  2.5486162E+05
   18910, 15086,  1.3993986E-01,  2.5486162E+05
   18911, 15118,  2.1187119E-01,  1.5595122E+05
   18912, 15106,  2.7703855E-03,  4.1911550E+05
   18913, 15018,  9.0686911E-01,  5.0917000E+04
   18914, 15018,  1.5400884E+00,  5.0917000E+04
   18915, 15019,  3.3759611E+00,  2.5404924E+04
   18916, 15043,  8.6497974E-01,  5.3385039E+04
   18917, 15043,  4.5373532E-01,  5.3385039E+04
   18918,  9012,  8.4472865E-02,  2.4982303E+05
   18919,  9013,  7.4713457E-01,  8.6341953E+04
   18920,  9009,  6.8841857E-01,  9.8964344E+04
   18921, 15025,  1.6278358E-01,  1.6823638E+05
   18922, 15017,  2.1567569E+00,  1.8116547E+04
   18923, 15017,  2.1445491E+00,  1.8116547E+04
   18926, 21074,  9.7021006E-02,  9.4433672E+04
   18927, 21060,  2.8805552E+00,  1.6864096E+04
   18928, 21136,  3.2026825E+00,  2.4382164E+04
   18929, 21041,  2.9809964E+00,  2.7288680E+04
   18930, 21114,  1.4444055E-01,  3.5851556E+05
   18931, 29025,  5.5693382E-01,  4.2312934E+04
   18932, 21001,  3.2640625E-02,  7.6178617E+04
   18933, 21104,  5.3458554E-01,  5.7189430E+04
   18934, 21104,  6.4915023E-03,  5.7189430E+04
   18935, 21152,  1.2150177E+00,  1.0414611E+04
   18936, 21152,  3.8521662E+00,  1.0414611E+04
   18937, 21137,  4.8064905E-01,  6.3262664E+04
   18938, 21179,  3.7527889E-01,  7.5560289E+04
   18939, 21179,  3.5990086E-01,  7.5560289E+04
   18940, 21179,  4.4913039E-02,  7.5560289E+04
   18942, 30008,  2.5570167E-02,  9.7836367E+03
   18943, 21050,  1.1703315E+00,  4.0644488E+04
   18944, 30071,  5.4690427E-01,  7.4483602E+04
   18945, 30165,  1.3724474E+00,  2.7675137E+04
   18946, 30043,  4.2947125E-01,  4.3075641E+04
   18947, 30043,  2.2207755E-01,  4.3075641E+04
   18948, 30043,  2.2037612E-01,  4.3075641E+04
   18949, 30148,  1.4418370E-01,  6.5385352E+04
   18950, 30148,  5.6958854E-02,  6.5385352E+04
   18951, 30100,  2.2822613E-01,  7.0504680E+04
   18952, 30105,  2.1378520E-01,  1.7338733E+05
   18953, 30193,  3.1077120E-01,  2.2843291E+05
   18954, 30193,  2.0412341E-01,  2.2843291E+05
   18955, 30011,  1.0080403E-01,  1.9142453E+05
   18956, 30011,  2.4058025E-02,  1.9142453E+05
   19008,  4003,  1.0137877E-02,  7.7782056E+05
   19009,  4003,  1.9227173E-02,  7.7782056E+05
   19011,  4003,  4.7401038E-05,  7.7782056E+05
   19014,  4003,  2.6252741E-02,  7.7782056E+05
   19015,  4003,  1.8737648E-02,  7.7782056E+05
   19017,  4004,  2.3237120E-02,  8.2096738E+05
   19018,  4004,  2.3227741E-04,  8.2096738E+05
   19033,  4010,  3.1604506E-02,  5.6990525E+05
   19039, 23004,  5.7944120E-03,  1.3153341E+06
   19040, 23004,  1.7167985E-02,  1.3153341E+06
   19044, 23004,  2.0733798E-02,  1.3153341E+06
   19045, 23004,  1.1887514E-03,  1.3153341E+06
   19046, 23004,  4.1625602E-03,  1.3153341E+06
   19052, 23004,  7.3331096E-03,  1.3153341E+06
   19206, 14022,  1.7029442E-01,  9.0512664E+04
   19207, 14022,  4.5797041E-01,  9.0512664E+04
   19208, 14022,  1.3236627E-01,  9.0512664E+04
   19209, 14022,  7.9729177E-02,  9.0512664E+04
   19211, 14027,  7.3073201E-02,  1.3857789E+05
   19212,  6007,  4.1362483E-02,  4.8290972E+05
   19213,  6008,  2.1302734E-01,  1.1091052E+05
   19216,  6010,  5.7599828E-02,  7.8010438E+04
   19217,  6003,  2.3378907E-01,  6.9392438E+04
   19218,  6003,  9.8431021E-01,  6.9392438E+04
   19219,  6005,  1.9069019E-01,  1.5255750E+05
   19220,  6005,  1.9206485E-01,  1.5255750E+05
   19221,  6005,  6.2790871E-02,  1.5255750E+05
   19222, 14065,  2.8555083E-01,  9.8412422E+04
   19224, 14087,  1.5942100E-01,  2.3159536E+05
   19227, 14049,  7.4702285E-02,  1.5996328E+05
   19228, 14049,  1.6944751E-01,  1.5996328E+05
   19229, 16012,  2.4873847E-02,  2.1079197E+05
   19230, 16012,  4.9446315E-02,  2.1079197E+05
   19231, 14049,  8.5881442E-02,  1.5996328E+05
   19232, 16012,  1.0658266E-01,  2.1079197E+05
   19233, 16083,  1.2032034E-01,  9.0745148E+04
   19234, 16083,  3.2855544E-02,  9.0745148E+04
   19235, 16083,  1.0038230E-01,  9.0745148E+04
   19237, 16102,  9.0372982E-03,  2.5924762E+05
   19238, 16102,  8.3195291E-02,  2.5924762E+05
   19239, 16087,  8.1273869E-02,  2.2566939E+04
   19240, 16087,  5.0928158E-01,  2.2566939E+04
   19241, 16009,  9.9887224E-03,  1.1172838E+05
   19242, 16079,  2.9685396E-01,  6.5011074E+04
   19243, 16079,  3.2929398E-02,  6.5011074E+04
   19245, 16082,  1.5621468E-01,  2.1766900E+05
   19246, 16049,  5.8502787E-01,  4.8541727E+04
   19252, 16101,  1.3587576E-01,  6.0880727E+04
   19253, 16092,  1.1618501E-02,  1.1275944E+05
   19255, 16099,  3.0196605E-02,  1.1920076E+05
   19256, 16046,  4.9128678E-01,  4.6634477E+04
   19257, 16081,  5.2710044E-01,  6.4728305E+04
   19258, 15041,  3.9595184E-01,  4.0060141E+04
   19259, 15041,  7.1598750E-01,  4.0060141E+04
   19260, 15032,  7.5477320E-01,  7.0312586E+04
   19261, 15007,  7.0568609E-01,  4.6256168E+04
   19262, 15007,  5.3193182E-01,  4.6256168E+04
   19263, 15005,  8.7880589E-02,  2.4013297E+05
   19264, 15118,  2.5087067E-01,  1.5595122E+05
   19265, 15106,  2.0601878E-01,  4.1911550E+05
   19266, 15106,  2.6544464E-01,  4.1911550E+05
   19267, 15051,  4.5192719E-01,  1.7182852E+05
   19268, 15051,  7.4682361E-01,  1.7182852E+05
   19269, 15062,  5.5401754E-01,  2.0853886E+05
   19270,  9012,  4.9876448E-02,  2.4982303E+05
   19271,  9012,  2.7545309E-01,  2.4982303E+05
   19272,  9013,  9.6058679E-01,  8.6341953E+04
   19273,  9011,  9.1628134E-01,  6.3519695E+04
   19274, 15039,  4.0306300E-01,  2.0190153E+05
   19275, 15039,  4.2824367E-01,  2.0190153E+05
   19276, 15025,  4.1507319E-02,  1.6823638E+05
   19277, 15025,  3.2166388E-02,  1.6823638E+05
   19279, 21048,  1.1625452E+00,  2.8532307E+04
   19280, 21132,  8.4147477E-01,  1.3146656E+05
   19281, 29023,  1.7954561E+00,  5.6998711E+04
   19282, 29059,  1.1514511E+01,  6.7139165E+03
   19283, 29048,  3.3701837E+00,  2.2670568E+04
   19284, 29010,  5.6519663E-01,  6.1203172E+04
   19286, 29016,  1.8080719E+00,  1.3859084E+04
   19287, 21128,  1.3643035E+00,  3.6086309E+04
   19288, 21104,  2.3029859E-01,  5.7189430E+04
   19290, 21142,  5.0063747E-01,  6.3278113E+04
   19291, 21179,  2.6380714E-02,  7.5560289E+04
   19292, 21179,  3.1489110E-01,  7.5560289E+04
   19294, 21058,  2.5758460E-01,  5.2526664E+04
   19295, 21116,  5.3569484E-01,  4.0088867E+04
   19296, 30071,  4.4000956E-01,  7.4483602E+04
   19297, 30188,  8.8280576E-01,  7.2565039E+04
   19298, 30043,  1.1917573E+00,  4.3075641E+04
   19299, 30043,  1.0256042E+00,  4.3075641E+04
   19300, 30134,  1.0239321E-01,  2.0709983E+05
   19301, 30134,  7.4021718E-03,  2.0709983E+05
   19302, 30126,  1.0026826E-02,  7.0391531E+04
   19303, 30148,  1.7518064E-03,  6.5385352E+04
   19304, 30193,  4.4447228E-02,  2.2843291E+05
   19305, 30193,  2.6834157E-01,  2.2843291E+05
   19306, 30193,  2.3809260E-01,  2.2843291E+05
   19307, 30193,  2.3420501E-01,  2.2843291E+05
   19362,  4003,  1.6829992E-02,  7.7782056E+05
   19363,  4003,  2.2186235E-02,  7.7782056E+05
   19366,  4003,  2.3841647E-02,  7.7782056E+05
   19367,  4003,  2.6203554E-02,  7.7782056E+05
   19368,  4004,  8.5598445E-03,  8.2096738E+05
   19370,  4004,  2.2726623E-02,  8.2096738E+05
   19386,  4010,  3.4336377E-02,  5.6990525E+05
   19392, 23004,  1.5553671E-02,  1.3153341E+06
   19393, 23004,  4.9368589E-04,  1.3153341E+06
   19397, 23004,  1.6695008E-02,  1.3153341E+06
   19405, 23004,  6.9055683E-03,  1.3153341E+06
   19557, 14043,  8.2697511E-02,  2.3681606E+05
   19558, 14043,  1.4155683E-01,  2.3681606E+05
   19559, 14022,  1.3237961E-01,  9.0512664E+04
   19560, 14022,  2.6424098E-01,  9.0512664E+04
   19566,  6008,  1.9849325E-02,  1.1091052E+05
   19567,  6008,  2.5280079E-01,  1.1091052E+05
   19568,  6008,  7.8294054E-03,  1.1091052E+05
   19569,  6008,  2.3618379E-01,  1.1091052E+05
   19570,  6003,  1.2528528E-01,  6.9392438E+04
   19571,  6003,  3.2730061E-01,  6.9392438E+04
   19572,  6003,  6.5598600E-02,  6.9392438E+04
   19573, 14103,  1.1413795E+00,  6.5488727E+04
   19574, 14103,  3.2264656E-01,  6.5488727E+04
   19575, 14108,  1.8363728E-01,  1.7965975E+05
   19576, 14087,  6.5130360E-02,  2.3159536E+05
   19577, 14087,  9.9715009E-02,  2.3159536E+05
   19578, 14049,  1.5333737E-01,  1.5996328E+05
   19579, 14049,  2.0047300E-01,  1.5996328E+05
   19580, 14049,  1.6057584E-01,  1.5996328E+05
   19584, 14049,  1.2089615E-01,  1.5996328E+05
   19585, 16012,  8.8553593E-02,  2.1079197E+05
   19586, 16083,  3.6610943E-01,  9.0745148E+04
   19587, 16083,  2.4697600E-01,  9.0745148E+04
   19588, 16083,  1.1264530E-01,  9.0745148E+04
   19589, 16058,  6.8026543E-01,  4.1709074E+04
   19590, 16058,  1.7969096E-01,  4.1709074E+04
   19591, 16102,  1.4283261E-01,  2.5924762E+05
   19592, 16111,  4.1552711E-01,  6.7116383E+04
   19595, 16079,  2.4458551E-01,  6.5011074E+04
   19596, 16079,  9.1344357E-02,  6.5011074E+04
   19597, 16079,  4.6943924E-01,  6.5011074E+04
   19598, 16082,  7.2205424E-02,  2.1766900E+05
   19599, 16049,  6.7951441E-01,  4.8541727E+04
   19600, 16049,  1.8536568E-01,  4.8541727E+04
   19604, 16101,  1.3141770E-02,  6.0880727E+04
   19605, 16101,  2.3972422E-01,  6.0880727E+04
   19609, 16047,  1.0386460E-02,  2.8467758E+04
   19610, 16112,  3.2644150E-01,  1.3279191E+05
   19611, 15032,  2.1596365E-03,  7.0312586E+04
   19612, 15111,  8.8016137E-02,  1.5790809E+05
   19613, 15111,  2.9265657E-01,  1.5790809E+05
   19614, 15032,  7.4429500E-01,  7.0312586E+04
   19615, 15114,  1.3245966E-02,  1.7463147E+05
   19616, 15005,  2.0427319E-01,  2.4013297E+05
   19617, 15005,  2.0161228E-01,  2.4013297E+05
   19618, 15005,  3.3923846E-01,  2.4013297E+05
   19619, 15106,  2.6417738E-01,  4.1911550E+05
   19620, 15106,  1.7783877E-01,  4.1911550E+05
   19621, 15051,  3.4892097E-01,  1.7182852E+05
   19622, 15037,  6.9642723E-01,  1.7266478E+05
   19623,  9010,  1.7196031E+00,  9.9600664E+04
   19624,  9014,  1.2356236E+00,  7.2320086E+04
   19625,  9007,  9.6185857E-01,  1.2200375E+05
   19626, 15070,  1.8483068E+00,  3.0566604E+04
   19627, 15070,  2.5019009E+00,  3.0566604E+04
   19628, 15025,  4.3719542E-01,  1.6823638E+05
   19629, 15025,  4.6866441E-01,  1.6823638E+05
   19630, 15025,  4.9042585E-01,  1.6823638E+05
   19631, 21180,  5.6572962E-01,  1.2019373E+05
   19632, 21134,  1.9736630E+00,  4.6869074E+04
   19633, 29015,  6.3428491E-01,  1.4951377E+05
   19634, 29015,  6.3425821E-01,  1.4951377E+05
   19635, 29033,  1.8047843E+00,  6.4728926E+04
   19636, 29002,  7.3550391E+00,  1.7773877E+04
   19637, 29052,  1.7831178E+00,  2.8634135E+04
   19638, 29052,  1.2873263E+00,  2.8634135E+04
   19639, 29013,  3.4588557E-01,  1.5326591E+05
   19640, 21128,  8.3361536E-01,  3.6086309E+04
   19641, 21128,  1.2445304E+00,  3.6086309E+04
   19642, 29007,  1.3093171E+00,  3.0888578E+04
   19643, 21137,  6.6607732E-01,  6.3262664E+04
   19644, 21137,  7.7750885E-01,  6.3262664E+04
   19645, 21067,  2.4058984E-01,  1.1127709E+05
   19646, 21093,  7.4414837E-01,  7.2464672E+04
   19647, 21058,  7.1477383E-01,  5.2526664E+04
   19648, 21116,  7.6682872E-01,  4.0088867E+04
   19649, 21116,  2.3433083E-01,  4.0088867E+04
   19650, 30024,  2.9165921E-01,  7.8541648E+04
   19651, 30024,  1.5071766E-01,  7.8541648E+04
   19653, 30017,  3.3843243E-01,  5.5651023E+04
   19654, 30134,  8.4503949E-02,  2.0709983E+05
   19655, 30134,  1.4082275E-01,  2.0709983E+05
   19656, 30126,  2.8634572E-01,  7.0391531E+04
   19657, 30126,  4.2798269E-01,  7.0391531E+04
   19658, 30193,  2.0624024E-01,  2.2843291E+05
   19659, 30193,  1.4185214E-01,  2.2843291E+05
   19716,  4003,  4.8599127E-03,  7.7782056E+05
   19717,  4003,  2.8504925E-02,  7.7782056E+05
   19718,  4003,  4.1909426E-02,  7.7782056E+05
   19719,  4003,  3.7733798E-03,  7.7782056E+05
   19721,  4004,  2.3858013E-02,  8.2096738E+05
   19723,  4004,  3.6519133E-02,  8.2096738E+05
   19724,  4004,  2.3111202E-02,  8.2096738E+05
   19739,  4010,  3.1590383E-02,  5.6990525E+05
   19746, 23004,  1.9340502E-02,  1.3153341E+06
   19747, 23004,  5.8206441E-03,  1.3153341E+06
   19748, 23004,  8.6297505E-03,  1.3153341E+06
   19749, 23004,  1.4976270E-02,  1.3153341E+06
   19750, 23004,  1.4896031E-02,  1.3153341E+06
   19751, 23004,  1.4050233E-02,  1.3153341E+06
   19758, 23004,  7.8849932E-03,  1.3153341E+06
   19909, 14043,  4.9394906E-02,  2.3681606E+05
   19910, 14043,  7.8001373E-02,  2.3681606E+05
   19913, 14043,  1.1226325E-01,  2.3681606E+05
   19914, 14043,  1.5658639E-02,  2.3681606E+05
   19915, 14027,  1.0955565E-01,  1.3857789E+05
   19916, 14027,  1.3173583E-01,  1.3857789E+05
   19917, 14027,  1.7383441E-01,  1.3857789E+05
   19918, 14027,  1.4825393E-01,  1.3857789E+05
   19919, 14027,  1.3289852E-01,  1.3857789E+05
   19920, 14027,  3.4842476E-02,  1.3857789E+05
   19921,  6008,  3.9316434E-01,  1.1091052E+05
   19922,  6008,  3.6277886E-02,  1.1091052E+05
   19923, 14099,  1.7161654E-01,  1.0043820E+05
   19924, 14122,  3.7696323E-01,  7.1738773E+04
   19925, 14122,  4.9326101E-01,  7.1738773E+04
   19926, 14103,  2.3354876E-01,  6.5488727E+04
   19927, 14103,  7.2721940E-01,  6.5488727E+04
   19928, 14108,  5.5893127E-02,  1.7965975E+05
   19929, 14087,  2.1422377E-01,  2.3159536E+05
   19930, 14085,  1.5456586E-01,  2.2495208E+05
   19931, 14087,  8.2160816E-02,  2.3159536E+05
   19937, 14049,  4.0540945E-02,  1.5996328E+05
   19939, 16068,  3.5121420E-01,  1.0245986E+05
   19940, 16068,  1.2162212E-01,  1.0245986E+05
   19943, 16058,  1.4301397E-01,  4.1709074E+04
   19944, 16102,  2.4147743E-01,  2.5924762E+05
   19945, 16111,  7.6030868E-01,  6.7116383E+04
   19946, 16111,  3.1887370E-01,  6.7116383E+04
   19947, 16066,  1.2905046E-02,  1.8975405E+05
   19948, 16079,  3.1314418E-02,  6.5011074E+04
   19949, 16066,  1.9229287E-01,  1.8975405E+05
   19950, 16066,  1.1425519E-01,  1.8975405E+05
   19951, 16066,  1.1106121E-03,  1.8975405E+05
   19952, 16001,  5.5112249E-01,  3.0527791E+04
   19953, 16001,  2.6336715E-01,  3.0527791E+04
   19957, 16101,  1.8992111E-01,  6.0880727E+04
   19962, 16047,  2.0692661E-01,  2.8467758E+04
   19963, 16112,  1.1395130E-01,  1.3279191E+05
   19964, 16112,  2.6196894E-01,  1.3279191E+05
   19965, 16112,  1.7885080E-01,  1.3279191E+05
   19966, 15111,  1.9727364E-01,  1.5790809E+05
   19967, 15111,  3.1627345E-01,  1.5790809E+05
   19968, 15114,  2.4795200E-01,  1.7463147E+05
   19969, 15005,  2.3934945E-01,  2.4013297E+05
   19970, 15005,  1.3069229E-01,  2.4013297E+05
   19971, 15106,  2.3215111E-01,  4.1911550E+05
   19972, 15106,  1.9026071E-01,  4.1911550E+05
   19973, 15067,  8.6952418E-01,  8.6676102E+04
   19974, 15067,  5.3635222E-01,  8.6676102E+04
   19975, 15037,  2.9574847E-01,  1.7266478E+05
   19976, 15057,  6.2977874E-01,  1.5269266E+05
   19977,  9015,  1.9254767E+00,  7.3302008E+04
   19978,  9017,  2.7686896E+00,  5.6937895E+04
   19979, 15058,  1.0373054E+00,  5.1744629E+04
   19980, 15029,  1.8242826E+00,  3.9974750E+04
   19981, 15029,  7.1812725E-01,  3.9974750E+04
   19985, 21180,  2.5746137E-01,  1.2019373E+05
   19986, 29015,  2.2551268E-01,  1.4951377E+05
   19987, 29014,  5.1955998E-01,  7.5496188E+04
   19988, 29040,  6.5724504E-01,  4.2581008E+04
   19989, 29040,  2.5668571E+00,  4.2581008E+04
   19990, 29005,  1.5940832E+00,  6.2926559E+04
   19991, 29031,  5.7043123E-01,  9.7499602E+04
   19992, 29013,  1.7380042E-01,  1.5326591E+05
   19993, 29004,  4.8939514E-01,  7.5643477E+04
   19994, 29004,  1.6889894E-01,  7.5643477E+04
   19995, 21170,  1.9131979E-01,  1.3873275E+05
   19996, 21170,  1.4846128E-01,  1.3873275E+05
   19997, 21170,  1.8874915E-01,  1.3873275E+05
   19998, 21170,  3.1821209E-01,  1.3873275E+05
   19999, 21093,  5.2150565E-01,  7.2464672E+04
   20000, 30025,  4.2763457E-01,  6.5301453E+04
   20001, 30025,  3.8043350E-01,  6.5301453E+04
   20002, 30079,  1.0093788E+00,  6.6755422E+04
   20003, 30164,  1.5733078E+00,  3.3433906E+04
   20004, 30038,  3.2512277E-01,  1.0646568E+05
   20005, 30088,  2.0825603E+00,  2.1597785E+04
   20006, 30088,  1.5837227E+00,  2.1597785E+04
   20007, 30134,  3.0906865E-01,  2.0709983E+05
   20008, 30134,  2.3683883E-01,  2.0709983E+05
   20009, 30134,  1.9990614E-01,  2.0709983E+05
   20010, 30016,  6.8530363E-01,  8.5820391E+04
   20011, 30016,  2.5534701E-01,  8.5820391E+04
   20071,  4004,  1.6999366E-02,  8.2096738E+05
   20072,  4004,  1.7000455E-02,  8.2096738E+05
   20074,  4004,  1.8137122E-02,  8.2096738E+05
   20075,  4004,  3.8136173E-02,  8.2096738E+05
   20076,  4004,  2.6843779E-02,  8.2096738E+05
   20080,  4004,  1.9105906E-02,  8.2096738E+05
   20081,  4004,  1.3239520E-02,  8.2096738E+05
   20092,  4010,  3.8238455E-02,  5.6990525E+05
   20100, 23004,  1.8699965E-02,  1.3153341E+06
   20101, 23004,  9.2586419E-03,  1.3153341E+06
   20104, 23004,  1.1828369E-02,  1.3153341E+06
   20105, 23004,  4.3934565E-03,  1.3153341E+06
   20110, 23004,  2.6937784E-03,  1.3153341E+06
   20111, 23004,  2.3257310E-02,  1.3153341E+06
   20112, 23004,  5.6435401E-03,  1.3153341E+06
   20262, 14043,  1.2102652E-01,  2.3681606E+05
   20265, 14043,  9.7580196E-04,  2.3681606E+05
   20266, 14043,  9.4058120E-04,  2.3681606E+05
   20267, 14043,  8.2801923E-02,  2.3681606E+05
   20268, 14021,  2.0666729E-01,  1.5350169E+05
   20269, 14027,  1.7424394E-01,  1.3857789E+05
   20270, 14027,  1.0086106E-02,  1.3857789E+05
   20271, 14027,  1.7624504E-03,  1.3857789E+05
   20272, 14027,  5.6408156E-02,  1.3857789E+05
   20273, 14027,  1.4399594E-01,  1.3857789E+05
   20274,  6008,  4.6599310E-02,  1.1091052E+05
   20275, 14099,  6.4590290E-02,  1.0043820E+05
   20276, 14099,  3.4668046E-01,  1.0043820E+05
   20280, 14108,  3.6081173E-03,  1.7965975E+05
   20281, 14108,  3.6386725E-01,  1.7965975E+05
   20282, 14087,  1.3059269E-01,  2.3159536E+05
   20283, 14085,  2.3080176E-03,  2.2495208E+05
   20285, 14085,  3.6894042E-02,  2.2495208E+05
   20286, 14085,  1.2212135E-01,  2.2495208E+05
   20287, 14056,  2.6157820E-01,  6.0588984E+04
   20291, 16075,  2.4042357E-02,  1.5002862E+05
   20292, 16075,  2.4509795E-01,  1.5002862E+05
   20293, 16068,  3.2728311E-01,  1.0245986E+05
   20294, 16075,  1.3527380E-01,  1.5002862E+05
   20295, 16102,  1.0550573E-01,  2.5924762E+05
   20296, 16102,  9.6396543E-02,  2.5924762E+05
   20297, 16102,  9.7318456E-02,  2.5924762E+05
   20298, 16056,  3.8423568E-02,  8.9160961E+04
   20299, 16090,  5.6356400E-01,  4.4526320E+04
   20300, 16090,  8.4741169E-01,  4.4526320E+04
   20301, 16066,  2.3741886E-01,  1.8975405E+05
   20302, 16100,  1.2378241E+00,  4.6684359E+04
   20303, 16066,  2.6548499E-01,  1.8975405E+05
   20304, 16048,  1.0945745E+00,  3.9010227E+04
   20305, 16053,  1.6613379E-01,  2.9439284E+05
   20310, 16101,  1.9814010E-01,  6.0880727E+04
   20312, 16034,  5.4336391E-02,  2.8036769E+05
   20313, 16034,  1.1657682E-02,  2.8036769E+05
   20314, 16034,  1.1606554E-02,  2.8036769E+05
   20315, 16098,  9.2156631E-01,  5.1568070E+04
   20316, 16098,  9.5912272E-01,  5.1568070E+04
   20317, 16061,  1.1055402E-01,  2.1416391E+04
   20319, 15124,  1.0678209E-01,  1.3834881E+05
   20320, 15124,  1.5654245E-01,  1.3834881E+05
   20321, 15005,  1.4095755E-01,  2.4013297E+05
   20322, 15005,  7.7884421E-02,  2.4013297E+05
   20323, 15042,  3.5962593E-02,  2.0118856E+05
   20324, 15042,  2.7750033E-01,  2.0118856E+05
   20325, 15047,  3.5808295E-01,  1.0563080E+05
   20326, 15067,  7.2780138E-01,  8.6676102E+04
   20327, 15038,  7.5482631E-01,  6.7823820E+04
   20328, 15046,  7.6257861E-01,  5.8845273E+04
   20329, 15013,  8.2142049E-01,  9.8020312E+04
   20330,  9005,  6.1770630E-01,  9.8782484E+04
   20331, 15033,  4.6543702E-01,  2.0172255E+05
   20332, 15033,  4.2548940E-01,  2.0172255E+05
   20333, 15099,  2.2568786E-01,  2.6866156E+05
   20334, 15099,  4.5309111E-01,  2.6866156E+05
   20335, 15093,  2.7841029E-01,  7.4932945E+04
   20337, 29006,  1.2577078E-01,  1.3224586E+05
   20338, 21180,  4.3208459E-01,  1.2019373E+05
   20339, 29020,  5.9500861E-01,  6.2847191E+04
   20340, 29012,  9.3988299E-01,  3.6807141E+04
   20341, 29003,  7.7815557E-01,  7.1017398E+04
   20342, 29040,  1.1027935E+00,  4.2581008E+04
   20343, 29031,  7.5632560E-01,  9.7499602E+04
   20344, 29030,  4.9812874E-01,  4.1830523E+04
   20345, 29004,  3.1377235E-01,  7.5643477E+04
   20346, 21083,  5.4769921E-01,  8.5588086E+04
   20347, 21094,  5.3572334E-02,  4.3679020E+04
   20348, 21108,  2.8261372E-01,  8.5816289E+04
   20349, 21170,  9.8980404E-02,  1.3873275E+05
   20350, 21170,  1.6010816E-01,  1.3873275E+05
   20351, 21170,  2.8461820E-01,  1.3873275E+05
   20352, 30128,  9.2119733E-03,  2.2651947E+05
   20353, 30128,  1.5217215E-01,  2.2651947E+05
   20354, 30092,  2.5241220E-01,  9.1725688E+04
   20355, 30092,  4.7606710E-01,  9.1725688E+04
   20356, 30092,  6.3500452E-01,  9.1725688E+04
   20357, 30065,  2.6526397E-01,  2.1101409E+05
   20358, 30065,  2.0107198E-01,  2.1101409E+05
   20359, 30065,  1.0100472E-01,  2.1101409E+05
   20360, 30004,  1.1525859E-01,  2.9841238E+05
   20361, 30004,  1.1251449E-01,  2.9841238E+05
   20362, 30191,  5.2561557E-01,  5.5160980E+04
   20363, 30191,  7.6040792E-01,  5.5160980E+04
   20425,  4004,  1.1191214E-02,  8.2096738E+05
   20426,  4004,  2.4355553E-02,  8.2096738E+05
   20427,  4004,  4.6142428E-03,  8.2096738E+05
   20428,  4004,  9.7356429E-03,  8.2096738E+05
   20429,  4004,  2.5940472E-02,  8.2096738E+05
   20431,  4004,  2.0743851E-02,  8.2096738E+05
   20432,  4004,  2.4341417E-02,  8.2096738E+05
   20433,  4004,  4.4734594E-03,  8.2096738E+05
   20434,  4004,  1.2584425E-02,  8.2096738E+05
   20435,  4004,  7.0470618E-04,  8.2096738E+05
   20445,  4006,  2.3149356E-02,  6.7732869E+05
   20446,  4006,  7.7576935E-03,  6.7732869E+05
   20453, 23004,  7.3527889E-03,  1.3153341E+06
   20458, 23004,  1.6692275E-02,  1.3153341E+06
   20462, 23004,  4.6531446E-03,  1.3153341E+06
   20463, 23004,  1.5740452E-02,  1.3153341E+06
   20465, 23004,  9.2919404E-03,  1.3153341E+06
   20614, 14043,  6.8903849E-02,  2.3681606E+05
   20615, 14043,  4.7744229E-02,  2.3681606E+05
   20618, 14043,  3.2158807E-04,  2.3681606E+05
   20621, 14021,  1.9851910E-01,  1.5350169E+05
   20622, 14021,  2.2482742E-01,  1.5350169E+05
   20627, 14106,  4.5720909E-02,  1.2522639E+05
   20628, 14099,  3.9184031E-01,  1.0043820E+05
   20629, 14099,  3.1411532E-01,  1.0043820E+05
   20630, 14099,  1.5968263E-01,  1.0043820E+05
   20631, 14113,  2.6245885E-02,  2.3471575E+05
   20632, 14113,  1.7655863E-01,  2.3471575E+05
   20633, 14023,  3.4836033E-01,  1.2495645E+05
   20634, 14121,  4.2368850E-01,  1.2042568E+05
   20635, 14121,  3.0020654E-01,  1.2042568E+05
   20636, 14085,  1.1210943E-01,  2.2495208E+05
   20637, 14085,  4.0579336E-03,  2.2495208E+05
   20638, 14085,  1.0277008E-01,  2.2495208E+05
   20640, 14056,  3.9989790E-01,  6.0588984E+04
   20644, 16075,  6.1730824E-02,  1.5002862E+05
   20645, 16075,  2.9111955E-01,  1.5002862E+05
   20646, 16075,  2.5724331E-01,  1.5002862E+05
   20647, 16075,  1.2094706E-01,  1.5002862E+05
   20648, 16021,  6.4416844E-01,  5.3775875E+04
   20649, 16065,  3.3836839E-01,  1.0418231E+05
   20650, 16065,  1.1482079E-01,  1.0418231E+05
   20651, 16056,  3.1082681E-01,  8.9160961E+04
   20652, 16056,  3.4024590E-01,  8.9160961E+04
   20653, 16032,  1.0427853E-01,  4.6964863E+04
   20654, 16032,  7.1824533E-01,  4.6964863E+04
   20655, 16100,  5.2841485E-01,  4.6684359E+04
   20656, 16073,  2.1237804E-01,  6.1076133E+04
   20657, 16053,  1.2659134E-01,  2.9439284E+05
   20658, 16053,  3.8793024E-02,  2.9439284E+05
   20659, 16053,  1.6395006E-01,  2.9439284E+05
   20662, 16022,  3.7836473E-02,  1.0762245E+05
   20663, 16101,  3.8689703E-01,  6.0880727E+04
   20665, 16034,  9.5383801E-02,  2.8036769E+05
   20666, 16034,  7.0020989E-02,  2.8036769E+05
   20667, 16034,  7.5110115E-02,  2.8036769E+05
   20668, 16098,  4.5138124E-01,  5.1568070E+04
   20670, 16005,  1.1520631E+00,  3.3343855E+04
   20672, 15124,  1.3179088E-01,  1.3834881E+05
   20673, 15074,  1.9749205E-01,  2.2066883E+05
   20674, 15074,  1.8951379E-01,  2.2066883E+05
   20675, 15074,  1.6386256E-01,  2.2066883E+05
   20676, 15042,  3.5707518E-01,  2.0118856E+05
   20677, 15047,  4.5727271E-01,  1.0563080E+05
   20678, 15047,  3.7743655E-01,  1.0563080E+05
   20679, 15060,  2.6920918E-01,  1.6088369E+05
   20680, 15060,  1.7782360E-01,  1.6088369E+05
   20681, 15060,  2.9836178E-01,  1.6088369E+05
   20682, 15013,  1.0688975E+00,  9.8020312E+04
   20683, 15109,  1.4593550E+00,  8.4681531E+04
   20684, 15033,  8.2423970E-02,  2.0172255E+05
   20685, 15033,  7.0010465E-01,  2.0172255E+05
   20686, 15011,  1.8131932E+00,  5.4962227E+04
   20687, 15093,  9.0686333E-01,  7.4932945E+04
   20688, 15093,  5.9383380E-01,  7.4932945E+04
   20689, 29006,  2.8698209E-01,  1.3224586E+05
   20690, 29006,  5.0363779E-01,  1.3224586E+05
   20691, 29006,  2.7534121E-01,  1.3224586E+05
   20692, 29006,  2.0421222E-01,  1.3224586E+05
   20693, 29014,  2.2557542E-01,  7.5496188E+04
   20694, 29003,  4.8865032E-01,  7.1017398E+04
   20695, 29034,  3.8623267E-01,  1.5422245E+05
   20696, 29031,  3.3567196E-01,  9.7499602E+04
   20697, 29031,  2.7160370E-01,  9.7499602E+04
   20698, 21083,  4.1106594E-01,  8.5588086E+04
   20699, 21083,  2.1764739E-01,  8.5588086E+04
   20700, 21094,  5.1432222E-01,  4.3679020E+04
   20701, 21105,  1.6108732E+00,  1.3094486E+04
   20703, 21170,  1.1689202E-01,  1.3873275E+05
   20704, 30128,  1.7107816E-03,  2.2651947E+05
   20705, 30128,  1.6279764E-01,  2.2651947E+05
   20706, 30128,  2.2775877E-01,  2.2651947E+05
   20707, 30132,  7.8685153E-01,  7.1561164E+04
   20708, 30001,  6.8637654E-02,  2.4417477E+04
   20709, 30182,  6.9596319E+00,  8.7692939E+03
   20710, 30087,  6.1257428E-01,  1.0047490E+05
   20711, 30004,  8.7422319E-02,  2.9841238E+05
   20712, 30004,  6.9075771E-02,  2.9841238E+05
   20713, 30004,  1.6267738E-01,  2.9841238E+05
   20714, 30004,  5.4406546E-02,  2.9841238E+05
   20715, 30004,  1.0337279E-01,  2.9841238E+05
   20716, 30004,  6.9352530E-02,  2.9841238E+05
   20779,  4004,  4.0831966E-03,  8.2096738E+05
   20780,  4004,  2.6357420E-02,  8.2096738E+05
   20782,  4004,  2.2101572E-02,  8.2096738E+05
   20783,  4004,  4.2488719E-03,  8.2096738E+05
   20784,  4004,  2.3403129E-02,  8.2096738E+05
   20787,  4004,  1.7340010E-02,  8.2096738E+05
   20788,  4004,  6.3705822E-03,  8.2096738E+05
   20798,  4006,  3.0921934E-02,  6.7732869E+05
   20805, 23004,  1.9275315E-02,  1.3153341E+06
   20806, 23004,  6.9766860E-03,  1.3153341E+06
   20807, 23004,  2.0301217E-04,  1.3153341E+06
   20808, 23004,  1.0105514E-04,  1.3153341E+06
   20809, 23004,  9.8976474E-03,  1.3153341E+06
   20810, 23004,  1.3796913E-02,  1.3153341E+06
   20811, 23004,  2.4619207E-02,  1.3153341E+06
   20812, 23004,  2.1518581E-02,  1.3153341E+06
   20813, 23004,  1.3694410E-02,  1.3153341E+06
   20814, 23004,  1.3762596E-02,  1.3153341E+06
   20815, 23004,  1.3932641E-02,  1.3153341E+06
   20818, 23004,  7.3333508E-03,  1.3153341E+06
   20966, 14100,  3.5456881E-02,  3.9893241E+05
   20967, 14100,  2.8444592E-02,  3.9893241E+05
   20973, 14068,  6.1239493E-01,  2.8505381E+04
   20974, 14021,  1.2590973E-01,  1.5350169E+05
   20975, 14021,  2.0665990E-01,  1.5350169E+05
   20976, 14021,  1.3735507E-01,  1.5350169E+05
   20978, 14037,  7.4149352E-03,  7.5382430E+04
   20979, 14037,  4.1033235E-01,  7.5382430E+04
   20980, 14106,  4.9510407E-01,  1.2522639E+05
   20981, 14106,  2.2856331E-01,  1.2522639E+05
   20982, 14113,  1.8638252E-01,  2.3471575E+05
   20983, 14113,  1.5163976E-01,  2.3471575E+05
   20984, 14113,  8.3918862E-02,  2.3471575E+05
   20985, 14113,  8.9319952E-02,  2.3471575E+05
   20986, 14023,  6.2833589E-01,  1.2495645E+05
   20987, 14121,  1.5126882E-01,  1.2042568E+05
   20988, 14085,  1.8426833E-01,  2.2495208E+05
   20989, 14085,  1.4475021E-01,  2.2495208E+05
   20990, 14085,  2.0564875E-02,  2.2495208E+05
   20991, 14085,  8.9083456E-02,  2.2495208E+05
   20993, 14069,  1.5849259E-01,  1.6292645E+05
   20997, 16095,  2.6006424E-01,  7.5892141E+04
   20998, 16091,  1.1770248E+00,  3.7805164E+04
   20999, 16075,  4.5415856E-02,  1.5002862E+05
   21000, 16021,  6.7735535E-01,  5.3775875E+04
   21001, 16021,  2.1633224E-01,  5.3775875E+04
   21002, 16065,  2.0935743E-01,  1.0418231E+05
   21003, 16024,  8.9598465E-01,  5.9706246E+04
   21004, 16056,  5.3977782E-01,  8.9160961E+04
   21005, 16056,  2.1339498E-01,  8.9160961E+04
   21006, 16107,  3.6835965E-02,  9.6071711E+04
   21007, 16032,  1.5996512E-02,  4.6964863E+04
   21008, 16073,  7.7428210E-01,  6.1076133E+04
   21009, 16073,  3.2158208E-01,  6.1076133E+04
   21010, 16053,  2.2814417E-02,  2.9439284E+05
   21011, 16053,  1.1352354E-01,  2.9439284E+05
   21012, 16053,  1.8528973E-01,  2.9439284E+05
   21013, 16053,  1.7750996E-01,  2.9439284E+05
   21014, 16053,  6.5086208E-02,  2.9439284E+05
   21015, 16022,  3.7780321E-01,  1.0762245E+05
   21016, 16022,  2.7201059E-01,  1.0762245E+05
   21017, 16034,  1.1469368E-01,  2.8036769E+05
   21018, 16034,  1.7376828E-01,  2.8036769E+05
   21019, 16034,  1.1112128E-01,  2.8036769E+05
   21020, 16034,  1.5525313E-01,  2.8036769E+05
   21021, 16041,  6.8179190E-01,  5.5362562E+04
   21022, 16007,  1.2252458E+00,  1.9645762E+04
   21023, 16005,  2.0061228E-01,  3.3343855E+04
   21024, 16093,  4.0310019E-01,  7.1375016E+04
   21025, 15124,  2.4680230E-01,  1.3834881E+05
   21026, 15074,  1.7651144E-01,  2.2066883E+05
   21027, 15074,  2.9424244E-01,  2.2066883E+05
   21028, 15042,  2.9908302E-01,  2.0118856E+05
   21029, 15048,  4.2444611E-01,  2.4938048E+05
   21030, 15048,  2.7903169E-01,  2.4938048E+05
   21031, 15047,  8.6974315E-02,  1.0563080E+05
   21032, 15112,  1.6274013E-01,  1.0242827E+05
   21033, 15060,  1.7149396E-01,  1.6088369E+05
   21034, 15060,  3.3948949E-01,  1.6088369E+05
   21035, 15121,  4.6159101E-01,  1.4362302E+05
   21036, 15121,  7.8601456E-01,  1.4362302E+05
   21037, 15059,  2.3380055E+00,  4.1624289E+04
   21038, 15033,  4.9884722E-01,  2.0172255E+05
   21039, 15081,  4.5490533E-01,  1.8409516E+05
   21040, 15092,  8.8173032E-01,  7.7834703E+04
   21041, 15065,  1.0852360E-01,  1.7634861E+04
   21043, 13021,  7.6404244E-01,  1.4346945E+04
   21044, 13008,  4.4896179E-01,  6.1682109E+04
   21045, 13008,  1.8891288E-01,  6.1682109E+04
   21046, 29034,  1.9827977E-01,  1.5422245E+05
   21047, 29034,  1.2835477E-01,  1.5422245E+05
   21048, 29034,  1.5422077E-01,  1.5422245E+05
   21049, 29034,  8.4055394E-02,  1.5422245E+05
   21051, 21083,  1.0820760E-01,  8.5588086E+04
   21052, 21083,  2.4206528E-01,  8.5588086E+04
   21053, 21083,  1.0949215E-01,  8.5588086E+04
   21054, 21044,  2.7160138E-01,  3.0836406E+04
   21055, 21044,  6.3029474E-01,  3.0836406E+04
   21056, 21170,  9.3543805E-02,  1.3873275E+05
   21057, 21199,  1.3773718E+00,  2.4454994E+04
   21058, 30128,  7.0961982E-02,  2.2651947E+05
   21059, 30194,  1.8395913E+00,  3.0703250E+04
   21060, 30132,  7.7465260E-01,  7.1561164E+04
   21061, 30001,  1.2196512E+00,  2.4417477E+04
   21062, 30093,  2.2746296E+00,  2.9813277E+04
   21063, 30093,  1.2981513E+00,  2.9813277E+04
   21064, 30004,  2.4708423E-01,  2.9841238E+05
   21065, 30009,  1.1858721E-01,  2.2025081E+05
   21066, 30004,  9.4612971E-02,  2.9841238E+05
   21067, 30009,  5.0595701E-02,  2.2025081E+05
   21068, 30004,  3.2908753E-02,  2.9841238E+05
   21069, 30004,  3.8848072E-02,  2.9841238E+05
   21133,  4004,  5.7293731E-03,  8.2096738E+05
   21134,  4004,  2.4279501E-02,  8.2096738E+05
   21135,  4004,  4.7304306E-02,  8.2096738E+05
   21136,  4004,  2.9585883E-02,  8.2096738E+05
   21140,  4004,  1.9095814E-03,  8.2096738E+05
   21141,  4004,  2.0839732E-02,  8.2096738E+05
   21151,  4006,  2.6705660E-02,  6.7732869E+05
   21161, 23004,  1.4189746E-02,  1.3153341E+06
   21162, 23004,  5.4283449E-03,  1.3153341E+06
   21164, 23004,  3.4308087E-03,  1.3153341E+06
   21165, 23004,  1.9183658E-02,  1.3153341E+06
   21171, 23004,  1.4843453E-02,  1.3153341E+06
   21319, 14100,  5.3708181E-02,  3.9893241E+05
   21326, 14068,  6.1700497E-02,  2.8505381E+04
   21329, 14015,  3.0068123E-01,  1.0733791E+05
   21330, 14015,  1.8580723E-01,  1.0733791E+05
   21331, 14037,  1.9046283E-01,  7.5382430E+04
   21332, 14037,  1.6413562E-02,  7.5382430E+04
   21333, 14054,  5.1083690E-01,  4.3459711E+04
   21334, 14102,  8.0036741E-01,  2.9518984E+04
   21335, 14113,  4.8615463E-02,  2.3471575E+05
   21336, 14113,  1.5608159E-01,  2.3471575E+05
   21337, 14113,  8.4953569E-02,  2.3471575E+05
   21339, 14079,  3.2785058E-01,  1.4952362E+05
   21341, 14085,  9.9394329E-02,  2.2495208E+05
   21342, 14085,  2.4436249E-03,  2.2495208E+05
   21343, 14085,  1.7100970E-01,  2.2495208E+05
   21344, 14085,  3.8244586E-02,  2.2495208E+05
   21345, 14069,  9.8324135E-02,  1.6292645E+05
   21346, 14069,  6.8549842E-02,  1.6292645E+05
   21347, 16019,  5.6844056E-02,  1.0444830E+05
   21348, 16019,  2.9178318E-01,  1.0444830E+05
   21349, 16019,  2.6964790E-01,  1.0444830E+05
   21350, 16084,  2.0324269E-01,  7.2636625E+04
   21351, 16091,  4.0327847E-01,  3.7805164E+04
   21353, 16085,  1.8064575E-01,  1.0574125E+05
   21354, 16021,  3.0614650E-01,  5.3775875E+04
   21355, 16024,  9.7698029E-03,  5.9706246E+04
   21356, 16025,  4.1238999E-01,  7.7591688E+04
   21359, 16107,  2.4610111E-01,  9.6071711E+04
   21360, 16016,  4.3134338E-01,  7.9384562E+04
   21361, 16016,  2.0160003E-01,  7.9384562E+04
   21364, 16053,  1.9651039E-02,  2.9439284E+05
   21365, 16088,  1.0748997E-01,  1.3460969E+05
   21366, 16088,  4.1387856E-01,  1.3460969E+05
   21367, 16088,  3.2586607E-01,  1.3460969E+05
   21368, 16040,  6.5037018E-01,  6.0096684E+04
   21369, 16040,  3.7161905E-01,  6.0096684E+04
   21370, 16072,  3.0635816E-01,  7.9745141E+04
   21371, 16110,  9.2549026E-02,  3.3407484E+05
   21372, 16110,  1.0589169E-01,  3.3407484E+05
   21374, 16050,  1.2101978E-01,  2.3324514E+05
   21375, 16080,  5.1474649E-01,  4.0259543E+04
   21376, 16080,  4.6709579E-01,  4.0259543E+04
   21377, 16093,  5.5330992E-01,  7.1375016E+04
   21378, 15064,  4.4071126E-01,  7.0467828E+04
   21379, 15048,  1.0757066E-01,  2.4938048E+05
   21380, 15048,  1.7893703E-01,  2.4938048E+05
   21381, 15048,  3.7854135E-01,  2.4938048E+05
   21382, 15014,  2.9644412E-01,  1.8159659E+05
   21383, 15056,  5.9792471E-01,  7.6017297E+04
   21384, 15026,  2.1891105E-01,  1.2983352E+05
   21385, 15026,  1.9631015E-01,  1.2983352E+05
   21386, 15112,  3.7746260E-01,  1.0242827E+05
   21387, 13063,  1.4458090E-01,  2.0772041E+05
   21388, 15095,  4.0118780E-04,  1.1903780E+05
   21389, 15024,  2.4620833E+00,  4.2678211E+04
   21390, 15059,  1.7023312E+00,  4.1624289E+04
   21391, 15081,  2.2825353E-01,  1.8409516E+05
   21392, 15081,  5.0375593E-01,  1.8409516E+05
   21393, 15092,  6.0728943E-01,  7.7834703E+04
   21394, 15016,  8.6507094E-01,  1.0732251E+05
   21395, 15061,  4.6447888E-01,  4.7515945E+04
   21396, 13061,  4.0526596E-01,  1.1761558E+05
   21397, 13008,  4.0290099E-01,  6.1682109E+04
   21398, 13008,  3.6196041E-01,  6.1682109E+04
   21403, 21053,  3.0970064E-01,  6.7264422E+04
   21406, 21212,  1.1394795E-02,  2.4238010E+04
   21407, 21212,  7.8934109E-01,  2.4238010E+04
   21408, 21186,  1.3909048E-01,  1.3755648E+05
   21409, 21054,  8.9777303E-01,  3.3148730E+04
   21411, 30194,  2.5034177E-01,  3.0703250E+04
   21412, 30194,  5.5946666E-01,  3.0703250E+04
   21413, 30107,  1.7214906E+00,  1.5662889E+04
   21414, 30177,  5.3326052E-01,  2.1286840E+04
   21415, 30187,  2.9614322E+00,  8.5494717E+03
   21416, 30096,  7.5427194E+00,  8.4994297E+03
   21417, 30166,  5.4792714E-01,  5.0629922E+04
   21418, 30009,  2.3245688E-01,  2.2025081E+05
   21420, 30009,  1.2335812E-01,  2.2025081E+05
   21421, 30004,  1.1991364E-01,  2.9841238E+05
   21487,  4004,  1.0585939E-02,  8.2096738E+05
   21488,  4004,  2.3799255E-02,  8.2096738E+05
   21489,  4004,  3.3405950E-04,  8.2096738E+05
   21493,  4002,  8.6537860E-03,  6.8218044E+05
   21494,  4002,  9.7254897E-03,  6.8218044E+05
   21502,  4006,  3.7670650E-03,  6.7732869E+05
   21503,  4006,  2.9337343E-02,  6.7732869E+05
   21504,  4006,  2.4437519E-02,  6.7732869E+05
   21513, 23002,  1.2422987E-02,  1.2777081E+06
   21514, 23004,  6.0717766E-03,  1.3153341E+06
   21517, 23002,  1.0068776E-02,  1.2777081E+06
   21518, 23004,  2.4291568E-02,  1.3153341E+06
   21524, 23004,  3.3182336E-03,  1.3153341E+06
   21525, 23002,  1.2050051E-02,  1.2777081E+06
   21671, 14100,  4.7484759E-02,  3.9893241E+05
   21672, 14100,  1.2679656E-02,  3.9893241E+05
   21674, 14100,  2.0957936E-02,  3.9893241E+05
   21675, 14100,  7.2820680E-03,  3.9893241E+05
   21681, 14015,  3.4992386E-02,  1.0733791E+05
   21682, 14015,  2.7580035E-01,  1.0733791E+05
   21683, 14037,  5.1873124E-01,  7.5382430E+04
   21684, 14054,  9.3142700E-01,  4.3459711E+04
   21685, 14054,  8.6010200E-01,  4.3459711E+04
   21688, 14086,  3.1641625E-02,  1.5477333E+05
   21689, 14086,  1.2545986E-01,  1.5477333E+05
   21690, 14086,  2.1656790E-01,  1.5477333E+05
   21691, 14082,  4.0917554E-01,  9.9097211E+04
   21692, 14079,  4.8133653E-01,  1.4952362E+05
   21693, 14079,  2.0827490E-01,  1.4952362E+05
   21694, 14079,  2.0265618E-01,  1.4952362E+05
   21696, 14059,  1.5437862E-02,  1.2702024E+05
   21697, 14059,  3.5568675E-01,  1.2702024E+05
   21698, 14069,  1.8885840E-01,  1.6292645E+05
   21699, 14069,  6.4397283E-02,  1.6292645E+05
   21700, 14069,  5.8570690E-02,  1.6292645E+05
   21701, 16019,  2.9712459E-01,  1.0444830E+05
   21702, 16019,  1.7205229E-01,  1.0444830E+05
   21703, 16084,  2.1042754E-01,  7.2636625E+04
   21704, 16084,  3.3277974E-01,  7.2636625E+04
   21705, 16084,  3.5310286E-01,  7.2636625E+04
   21706, 16085,  2.4437169E-02,  1.0574125E+05
   21707, 16085,  3.3331588E-01,  1.0574125E+05
   21708, 16025,  2.6395655E-01,  7.7591688E+04
   21709, 16025,  4.0836558E-01,  7.7591688E+04
   21710, 16107,  2.3725815E-01,  9.6071711E+04
   21711, 16107,  2.1564844E-01,  9.6071711E+04
   21712, 16107,  2.8978896E-01,  9.6071711E+04
   21714, 16037,  1.7258029E-01,  9.2404047E+04
   21715, 16037,  4.3617296E-01,  9.2404047E+04
   21716, 16027,  4.3086091E-01,  8.7222094E+04
   21717, 16027,  4.5129645E-01,  8.7222094E+04
   21718, 16018,  1.7282668E-01,  1.2838986E+05
   21719, 16088,  6.6318035E-01,  1.3460969E+05
   21720, 16003,  3.8512176E-01,  1.1113391E+05
   21721, 16110,  2.3020771E-01,  3.3407484E+05
   21722, 16072,  7.8902739E-01,  7.9745141E+04
   21723, 16110,  1.5612523E-01,  3.3407484E+05
   21724, 16110,  1.1838380E-01,  3.3407484E+05
   21725, 16110,  1.4885929E-01,  3.3407484E+05
   21727, 16050,  9.3455590E-02,  2.3324514E+05
   21728, 16050,  1.0474666E-01,  2.3324514E+05
   21729, 16017,  1.4782029E-01,  1.8345864E+05
   21730, 16017,  1.3159707E-01,  1.8345864E+05
   21731, 16093,  8.1631577E-01,  7.1375016E+04
   21732, 15085,  4.5040113E-01,  1.7906650E+05
   21733, 15085,  2.3754758E-01,  1.7906650E+05
   21734, 15014,  3.7855050E-01,  1.8159659E+05
   21735, 15014,  3.3499129E-02,  1.8159659E+05
   21736, 15102,  5.8858824E-01,  6.6975758E+04
   21737, 15026,  2.1108440E-01,  1.2983352E+05
   21738, 15026,  4.2226508E-01,  1.2983352E+05
   21739, 15026,  1.5770881E-01,  1.2983352E+05
   21740, 15112,  5.0785249E-01,  1.0242827E+05
   21741, 15035,  9.6025425E-01,  7.9942273E+04
   21742, 15035,  8.0355608E-01,  7.9942273E+04
   21743, 15096,  1.3382316E+00,  4.5301723E+04
   21744, 13069,  7.0066869E-01,  9.3470680E+04
   21745, 13069,  8.8595372E-01,  9.3470680E+04
   21746, 15084,  4.2822054E-01,  9.4315266E+04
   21747, 15061,  3.6967188E-01,  4.7515945E+04
   21748, 15061,  5.9627575E-01,  4.7515945E+04
   21749, 13061,  5.4640806E-01,  1.1761558E+05
   21750, 13061,  2.5141120E-01,  1.1761558E+05
   21751, 13061,  5.0786510E-02,  1.1761558E+05
   21755, 21053,  1.5713754E-01,  6.7264422E+04
   21756, 21053,  4.0755287E-01,  6.7264422E+04
   21757, 21172,  6.6196275E-01,  3.7290199E+04
   21758, 21172,  5.6715679E-01,  3.7290199E+04
   21760, 21207,  2.1025561E-01,  9.4379562E+04
   21761, 21186,  3.9206338E-01,  1.3755648E+05
   21762, 21017,  7.9402409E-02,  1.8509641E+04
   21763, 21174,  6.8064058E-01,  5.9282801E+04
   21764, 30086,  1.1159947E+00,  2.5174068E+04
   21765, 30023,  2.8958055E-01,  8.9365266E+04
   21768, 30163,  3.1035414E-02,  1.3263773E+04
   21769, 30197,  2.1303250E-01,  7.2842641E+04
   21770, 30057,  3.8140163E-01,  2.9836557E+04
   21771, 30095,  7.1702164E-01,  4.0181262E+04
   21772, 30095,  5.1299256E-01,  4.0181262E+04
   21773, 30009,  1.0493776E-01,  2.2025081E+05
   21774, 30009,  1.3541515E-01,  2.2025081E+05
   21840,  4004,  3.5825025E-03,  8.2096738E+05
   21841,  4004,  1.8955804E-02,  8.2096738E+05
   21846,  4002,  3.2863638E-03,  6.8218044E+05
   21853,  4006,  7.4084182E-03,  6.7732869E+05
   21854,  4006,  4.1605789E-02,  6.7732869E+05
   21855,  4006,  2.6676008E-02,  6.7732869E+05
   21862, 23006,  2.1737188E-02,  5.0972497E+05
   21863, 23006,  5.2162327E-02,  5.0972497E+05
   21864, 23006,  3.6503788E-02,  5.0972497E+05
   21865, 23006,  3.6924563E-02,  5.0972497E+05
   21866, 23002,  2.0978071E-02,  1.2777081E+06
   21870, 23002,  1.6683239E-02,  1.2777081E+06
   21871, 23002,  1.4106864E-02,  1.2777081E+06
   21878, 23002,  5.2094301E-03,  1.2777081E+06
   22024, 14100,  9.8489583E-02,  3.9893241E+05
   22025, 14100,  5.9382889E-02,  3.9893241E+05
   22026, 14100,  6.8344571E-02,  3.9893241E+05
   22027, 14100,  3.6762886E-02,  3.9893241E+05
   22028, 14100,  4.9876206E-02,  3.9893241E+05
   22035, 14110,  1.2004774E-01,  1.3912322E+05
   22036, 14110,  2.2367674E-01,  1.3912322E+05
   22037, 14034,  8.9681572E-01,  3.7516781E+04
   22038, 14034,  2.7401274E-01,  3.7516781E+04
   22039, 14034,  9.6109575E-03,  3.7516781E+04
   22041, 14086,  8.4615257E-03,  1.5477333E+05
   22042, 14086,  2.4753435E-01,  1.5477333E+05
   22043, 14086,  2.6989761E-01,  1.5477333E+05
   22044, 14014,  1.4541239E-01,  1.3371938E+05
   22045, 14014,  2.7994472E-01,  1.3371938E+05
   22046, 14079,  1.2191743E-01,  1.4952362E+05
   22047, 14079,  1.3591954E-01,  1.4952362E+05
   22048, 14026,  4.0704492E-02,  9.1143516E+04
   22049, 14057,  6.7737883E-01,  5.1782180E+04
   22050, 14059,  3.2852811E-01,  1.2702024E+05
   22051, 14059,  3.7386689E-01,  1.2702024E+05
   22052, 14069,  2.0846987E-01,  1.6292645E+05
   22053, 14069,  2.4127093E-01,  1.6292645E+05
   22054, 16045,  4.8054159E-02,  9.4576609E+04
   22055, 16104,  3.4033332E-02,  1.1591745E+05
   22056, 16104,  1.8384132E-01,  1.1591745E+05
   22057, 16084,  1.1800150E-01,  7.2636625E+04
   22058, 16043,  7.5087559E-01,  4.9863352E+04
   22059, 16043,  9.2941087E-01,  4.9863352E+04
   22060, 16085,  2.5766915E-01,  1.0574125E+05
   22061, 16094,  6.9525641E-01,  3.4090996E+04
   22062, 16094,  6.7755675E-01,  3.4090996E+04
   22065, 16063,  2.7218658E-01,  1.5403417E+05
   22066, 16044,  6.8811029E-01,  7.4532547E+04
   22067, 16044,  5.5174863E-01,  7.4532547E+04
   22068, 16054,  4.2237440E-01,  8.6819953E+04
   22070, 16027,  3.2960013E-01,  8.7222094E+04
   22071, 16018,  4.0351820E-01,  1.2838986E+05
   22072, 16020,  8.0727166E-01,  7.3036820E+04
   22073, 16020,  4.6798366E-01,  7.3036820E+04
   22075, 16110,  9.3281239E-02,  3.3407484E+05
   22076, 16110,  1.4483652E-01,  3.3407484E+05
   22077, 16110,  1.5102048E-01,  3.3407484E+05
   22078, 16110,  8.1478640E-02,  3.3407484E+05
   22079, 11038,  1.0573465E+00,  3.8650090E+04
   22080, 16050,  2.6554388E-01,  2.3324514E+05
   22081, 16050,  1.7198826E-01,  2.3324514E+05
   22082, 16017,  7.6579995E-02,  1.8345864E+05
   22083, 16017,  1.2294908E-01,  1.8345864E+05
   22084, 16017,  1.4596327E-01,  1.8345864E+05
   22085, 15085,  9.3124561E-02,  1.7906650E+05
   22086, 15085,  2.1804443E-01,  1.7906650E+05
   22087, 15001,  3.6650500E-01,  1.8633222E+05
   22088, 15001,  1.1719316E-01,  1.8633222E+05
   22089, 15045,  1.1148445E-01,  3.0596469E+05
   22090, 15045,  1.0591620E-01,  3.0596469E+05
   22091, 15045,  1.1265451E-01,  3.0596469E+05
   22092, 13063,  1.7282942E-02,  2.0772041E+05
   22093, 13063,  3.4830642E-01,  2.0772041E+05
   22094, 13013,  4.2095268E-01,  1.1075573E+05
   22095, 15096,  5.4740828E-01,  4.5301723E+04
   22096, 15036,  7.6764989E-01,  6.5692391E+04
   22097, 15036,  2.3026110E-01,  6.5692391E+04
   22098, 13075,  1.4498943E+00,  4.3774750E+04
   22099, 15084,  4.0029332E-01,  9.4315266E+04
   22100, 13083,  1.5253530E-01,  1.1456994E+05
   22101, 13083,  4.3876910E-01,  1.1456994E+05
   22102, 13083,  3.6658406E-01,  1.1456994E+05
   22104, 13057,  2.4120814E-01,  9.6233828E+04
   22105, 13016,  8.2894899E-02,  1.5356550E+05
   22107, 21053,  1.7154497E-01,  6.7264422E+04
   22108, 21053,  1.4797151E-01,  6.7264422E+04
   22109, 21208,  1.7172588E-01,  1.4683702E+05
   22111, 21039,  1.1123719E+00,  1.6994510E+04
   22112, 21078,  6.6915536E-03,  3.5946969E+04
   22113, 21207,  1.5293503E-01,  9.4379562E+04
   22114, 21207,  5.8697629E-01,  9.4379562E+04
   22115, 21075,  5.6666741E+00,  1.2122085E+04
   22116, 21174,  6.1986494E-01,  5.9282801E+04
   22117, 21174,  2.8410083E-01,  5.9282801E+04
   22118, 30023,  2.7330384E-01,  8.9365266E+04
   22119, 30023,  1.1277141E-01,  8.9365266E+04
   22121, 30163,  1.1359843E+00,  1.3263773E+04
   22122, 30109,  9.1075137E-02,  1.5351605E+05
   22123, 30197,  7.3710501E-01,  7.2842641E+04
   22124, 30095,  7.9035068E-01,  4.0181262E+04
   22126, 30009,  1.7051475E-02,  2.2025081E+05
   22127, 30009,  8.2088560E-02,  2.2025081E+05
   22194,  4004,  7.8621790E-02,  8.2096738E+05
   22195,  4004,  2.2848364E-02,  8.2096738E+05
   22196,  4004,  2.4326248E-02,  8.2096738E+05
   22197,  4004,  2.9783433E-02,  8.2096738E+05
   22198,  4002,  3.5685662E-03,  6.8218044E+05
   22199,  4002,  1.0610919E-02,  6.8218044E+05
   22200,  4002,  2.6837185E-02,  6.8218044E+05
   22204,  4006,  1.2915442E-02,  6.7732869E+05
   22205,  4006,  4.8782401E-02,  6.7732869E+05
   22206,  4006,  2.5625832E-02,  6.7732869E+05
   22207,  4006,  4.2050201E-02,  6.7732869E+05
   22208,  4006,  3.5815125E-03,  6.7732869E+05
   22213, 23006,  1.6203336E-02,  5.0972497E+05
   22214, 23006,  3.9240673E-02,  5.0972497E+05
   22215, 23006,  2.0587880E-02,  5.0972497E+05
   22219, 23002,  1.7271038E-02,  1.2777081E+06
   22221, 23002,  4.6118861E-03,  1.2777081E+06
   22222, 23002,  1.5183471E-02,  1.2777081E+06
   22223, 23002,  6.0206847E-03,  1.2777081E+06
   22224, 23002,  1.4422207E-02,  1.2777081E+06
   22375, 14100,  3.7661400E-03,  3.9893241E+05
   22376, 14100,  3.6886826E-02,  3.9893241E+05
   22377, 14100,  1.3302898E-01,  3.9893241E+05
   22378, 14100,  6.9729999E-02,  3.9893241E+05
   22379, 14100,  6.1232980E-02,  3.9893241E+05
   22381, 14100,  4.0254023E-02,  3.9893241E+05
   22382, 14100,  4.2198341E-02,  3.9893241E+05
   22387, 14017,  1.1078416E-01,  1.3017105E+05
   22388, 14110,  1.3184553E-01,  1.3912322E+05
   22389, 14110,  2.2808033E-01,  1.3912322E+05
   22392, 14032,  6.5946351E-03,  8.5416914E+04
   22393, 14032,  7.2769985E-02,  8.5416914E+04
   22394, 14032,  2.0248254E-01,  8.5416914E+04
   22395, 14086,  1.6540909E-01,  1.5477333E+05
   22396, 14086,  1.6285625E-01,  1.5477333E+05
   22397, 14004,  5.3150165E-01,  7.0508945E+04
   22398, 14014,  4.2087293E-01,  1.3371938E+05
   22399, 14014,  7.6321485E-03,  1.3371938E+05
   22400, 14092,  8.5384376E-02,  8.3448391E+04
   22401, 14092,  4.7923282E-01,  8.3448391E+04
   22402, 14057,  8.6412144E-01,  5.1782180E+04
   22403, 14096,  9.0246066E-02,  5.5404379E+04
   22404, 16051,  6.0200089E-01,  5.3806746E+04
   22405, 16051,  3.3259428E-01,  5.3806746E+04
   22406, 16045,  2.3261856E-01,  9.4576609E+04
   22407, 16045,  5.9243792E-01,  9.4576609E+04
   22408, 16104,  6.4163256E-01,  1.1591745E+05
   22409, 16104,  1.7125235E-01,  1.1591745E+05
   22410, 16023,  6.5681940E-01,  7.3590281E+04
   22411, 16023,  3.3300638E-01,  7.3590281E+04
   22412, 16108,  4.8202106E-01,  1.4683644E+05
   22413, 16108,  1.3607553E-01,  1.4683644E+05
   22415, 16094,  5.8422834E-01,  3.4090996E+04
   22416, 16067,  2.3900826E-01,  1.4461172E+05
   22417, 16063,  2.6738161E-01,  1.5403417E+05
   22418, 16063,  2.5122219E-01,  1.5403417E+05
   22419, 16063,  2.3400554E-01,  1.5403417E+05
   22420, 16071,  8.3652951E-02,  2.5329636E+05
   22421, 16071,  5.3267241E-02,  2.5329636E+05
   22422, 16054,  4.9676672E-01,  8.6819953E+04
   22423, 11046,  2.6114997E-01,  2.2013922E+05
   22424, 16036,  3.5085112E-01,  4.1836902E+04
   22425, 16020,  2.5597739E-01,  7.3036820E+04
   22426, 16078,  2.0691067E-01,  7.6705047E+04
   22427, 16078,  5.5192703E-01,  7.6705047E+04
   22428, 11002,  4.3232825E-02,  2.8607734E+05
   22429, 11002,  7.9646707E-02,  2.8607734E+05
   22430, 11002,  2.4238224E-01,  2.8607734E+05
   22431, 11002,  7.7268690E-02,  2.8607734E+05
   22432, 11038,  7.8299445E-01,  3.8650090E+04
   22433, 11038,  4.9903685E-01,  3.8650090E+04
   22434, 11019,  1.0689057E-01,  2.1472525E+05
   22435, 16031,  3.1192201E-01,  8.7736141E+04
   22436, 16017,  2.2179556E-01,  1.8345864E+05
   22437, 15085,  1.2833717E-01,  1.7906650E+05
   22438, 22001,  1.8216550E-01,  2.3725794E+05
   22439, 15001,  2.5323021E-01,  1.8633222E+05
   22440, 15003,  2.4200404E-01,  1.9308811E+05
   22441, 15001,  1.2158465E-01,  1.8633222E+05
   22442, 15001,  8.3946615E-02,  1.8633222E+05
   22443, 15045,  9.2561230E-02,  3.0596469E+05
   22444, 15045,  2.1804787E-01,  3.0596469E+05
   22445, 13063,  2.6209253E-01,  2.0772041E+05
   22446, 13063,  2.7010891E-01,  2.0772041E+05
   22447, 13013,  7.2991037E-01,  1.1075573E+05
   22448, 13013,  4.5359579E-01,  1.1075573E+05
   22450, 15036,  5.7442564E-01,  6.5692391E+04
   22451, 13082,  1.0912401E-01,  6.2977945E+04
   22452, 13082,  8.3760017E-01,  6.2977945E+04
   22453, 13051,  1.0630946E-01,  5.0148559E+04
   22454, 13022,  3.8359866E-01,  6.5184672E+04
   22455, 13022,  3.4491032E-01,  6.5184672E+04
   22456, 13057,  2.4792805E-01,  9.6233828E+04
   22457, 13056,  6.5484709E-01,  3.1182619E+04
   22458, 13016,  1.6690116E-01,  1.5356550E+05
   22459, 21053,  5.7467806E-01,  6.7264422E+04
   22460, 21053,  7.2179757E-02,  6.7264422E+04
   22461, 21208,  1.8275979E-01,  1.4683702E+05
   22462, 21208,  3.4086215E-01,  1.4683702E+05
   22463, 21208,  9.1067413E-03,  1.4683702E+05
   22464, 21167,  1.3749442E+00,  9.8636113E+03
   22465, 21078,  9.6025968E-01,  3.5946969E+04
   22466, 21202,  1.3709444E+00,  6.1464262E+04
   22467, 21101,  8.1174624E-01,  2.2571219E+04
   22468, 21204,  1.5415707E+00,  2.7976039E+04
   22470, 21076,  3.8354087E-01,  8.8266172E+04
   22471, 30183,  7.7940398E-01,  8.3998547E+04
   22472, 30023,  1.3216767E-01,  8.9365266E+04
   22474, 30109,  4.7888827E-02,  1.5351605E+05
   22475, 30109,  2.8627911E-01,  1.5351605E+05
   22476, 30042,  1.0522853E+00,  2.2680676E+04
   22477, 30042,  7.2356874E-01,  2.2680676E+04
   22478, 30192,  5.8924802E-02,  8.0287109E+04
   22479, 30192,  2.7263141E-01,  8.0287109E+04
   22547,  4004,  8.3696306E-02,  8.2096738E+05
   22548,  4004,  2.5639089E-02,  8.2096738E+05
   22549,  4004,  1.8968642E-02,  8.2096738E+05
   22550,  4002,  3.3631820E-02,  6.8218044E+05
   22551,  4002,  2.8750550E-02,  6.8218044E+05
   22552,  4002,  1.4680366E-02,  6.8218044E+05
   22553,  4002,  2.2431191E-02,  6.8218044E+05
   22557,  4006,  3.0907458E-02,  6.7732869E+05
   22558,  4006,  1.8471930E-02,  6.7732869E+05
   22559,  4006,  2.5429355E-02,  6.7732869E+05
   22560,  4006,  2.9346999E-02,  6.7732869E+05
   22561,  4006,  1.2949182E-02,  6.7732869E+05
   22566, 23006,  4.0729597E-02,  5.0972497E+05
   22568, 23006,  2.7900115E-03,  5.0972497E+05
   22569, 23006,  3.7051465E-02,  5.0972497E+05
   22571, 23002,  1.0231758E-02,  1.2777081E+06
   22572, 23002,  4.9297195E-03,  1.2777081E+06
   22573, 23002,  1.2280486E-02,  1.2777081E+06
   22574, 23002,  1.2656789E-02,  1.2777081E+06
   22577, 23002,  1.4512611E-02,  1.2777081E+06
   22730, 14100,  4.7032621E-02,  3.9893241E+05
   22731, 14100,  7.9220945E-06,  3.9893241E+05
   22735, 14084,  1.9176696E-01,  1.2436638E+05
   22736, 14100,  5.8212783E-04,  3.9893241E+05
   22740, 14017,  1.3055077E-01,  1.3017105E+05
   22741, 14017,  2.3686811E-01,  1.3017105E+05
   22742, 14017,  2.3098114E-01,  1.3017105E+05
   22743, 14090,  4.4909123E-01,  6.1302465E+04
   22744, 14052,  6.5891594E-01,  4.9493023E+04
   22745, 14052,  2.4590857E-01,  4.9493023E+04
   22746, 14032,  2.0836641E-01,  8.5416914E+04
   22747, 14032,  3.8363656E-01,  8.5416914E+04
   22748, 14010,  6.0982503E-02,  6.1610027E+04
   22749, 14010,  1.9713217E-01,  6.1610027E+04
   22750, 14119,  1.6006087E-01,  1.8698295E+05
   22751, 14092,  9.5840269E-01,  8.3448391E+04
   22752, 14092,  3.1211391E-01,  8.3448391E+04
   22753, 14092,  3.6298829E-01,  8.3448391E+04
   22754, 14107,  2.7145299E-01,  7.7514234E+04
   22755, 14057,  5.8540887E-01,  5.1782180E+04
   22757, 16051,  4.9200151E-02,  5.3806746E+04
   22758, 16074,  8.1754908E-02,  4.5504809E+04
   22759, 16074,  4.5045078E-01,  4.5504809E+04
   22760, 16103,  4.2439514E-01,  1.1828852E+05
   22761, 16103,  3.7710351E-01,  1.1828852E+05
   22762, 16062,  4.4358194E-01,  8.3829016E+04
   22763, 16042,  5.8835185E-01,  6.8142047E+04
   22764, 16042,  7.3055482E-01,  6.8142047E+04
   22765, 16030,  1.7334373E-01,  1.3707923E+05
   22766, 16108,  4.1065175E-02,  1.4683644E+05
   22767, 16028,  6.3988883E-03,  1.3118102E+05
   22768, 16028,  4.7428858E-01,  1.3118102E+05
   22769, 16067,  3.1818864E-01,  1.4461172E+05
   22770, 16067,  1.1196264E-01,  1.4461172E+05
   22771, 16004,  3.5202721E-01,  5.9865496E+04
   22772, 16004,  5.5954671E-01,  5.9865496E+04
   22773, 16071,  1.1298791E-01,  2.5329636E+05
   22774, 16071,  1.7582844E-01,  2.5329636E+05
   22775, 11046,  1.9407193E-01,  2.2013922E+05
   22776, 11046,  8.7317787E-02,  2.2013922E+05
   22777, 11021,  5.5467540E-01,  5.8956676E+04
   22778, 11021,  9.0016717E-01,  5.8956676E+04
   22779, 11046,  1.7146808E-01,  2.2013922E+05
   22780, 11028,  9.4581597E-02,  1.9165325E+05
   22781, 11036,  2.2126880E-01,  3.1352303E+04
   22782, 11002,  1.0293321E-01,  2.8607734E+05
   22783, 11002,  1.6327432E-01,  2.8607734E+05
   22784, 11002,  9.0728663E-02,  2.8607734E+05
   22785, 11002,  3.4156326E-02,  2.8607734E+05
   22786, 11019,  9.3901411E-02,  2.1472525E+05
   22787, 11019,  2.4948858E-03,  2.1472525E+05
   22788, 16031,  2.2952278E-01,  8.7736141E+04
   22789, 22001,  5.2041221E-02,  2.3725794E+05
   22790, 22001,  1.1881331E-01,  2.3725794E+05
   22791, 22001,  8.3689004E-02,  2.3725794E+05
   22793, 15003,  1.6816500E-01,  1.9308811E+05
   22794, 15003,  9.7672343E-02,  1.9308811E+05
   22795, 15045,  2.8885505E-01,  3.0596469E+05
   22796, 15045,  2.4194224E-01,  3.0596469E+05
   22797, 15045,  7.3220894E-02,  3.0596469E+05
   22798, 13076,  1.7418469E-01,  1.9503602E+05
   22799, 13076,  3.4002453E-01,  1.9503602E+05
   22800, 13074,  1.6546496E+00,  2.9421234E+04
   22801, 13074,  2.2344258E+00,  2.9421234E+04
   22802, 13005,  1.9705103E-01,  5.7237098E+04
   22803, 13052,  2.1406811E-01,  1.1532399E+05
   22804, 13052,  1.1090383E-02,  1.1532399E+05
   22805, 13052,  2.1768329E-01,  1.1532399E+05
   22806, 13051,  1.3546138E+00,  5.0148559E+04
   22807, 13051,  5.2182919E-01,  5.0148559E+04
   22808, 13057,  5.0666559E-01,  9.6233828E+04
   22809, 13056,  1.0297629E+00,  3.1182619E+04
   22810, 13077,  3.0140519E-01,  1.2596845E+05
   22811, 13016,  2.7771920E-01,  1.5356550E+05
   22812, 13016,  3.7736371E-01,  1.5356550E+05
   22813, 13016,  2.4788824E-01,  1.5356550E+05
   22814, 21208,  2.6324121E-02,  1.4683702E+05
   22815, 21208,  1.7966492E-01,  1.4683702E+05
   22816, 21208,  2.5542462E-01,  1.4683702E+05
   22817, 21123,  3.9656956E+00,  1.4223492E+04
   22818, 21107,  6.1273284E+00,  1.2766151E+04
   22819, 21029,  1.6741642E+00,  1.1060838E+04
   22820, 21192,  2.6685162E+00,  1.7440963E+04
   22821, 21043,  6.3181990E-01,  6.0637379E+04
   22822, 21186,  6.3210323E-02,  1.3755648E+05
   22823, 21076,  4.2079666E-01,  8.8266172E+04
   22824, 21076,  3.8942444E-01,  8.8266172E+04
   22825, 30183,  2.3541683E-01,  8.3998547E+04
   22826, 30102,  1.8246742E-01,  9.8817422E+04
   22827, 30109,  1.3077083E-01,  1.5351605E+05
   22828, 30109,  1.6482198E-01,  1.5351605E+05
   22829, 30114,  2.5453812E-01,  8.1665617E+04
   22830, 30192,  4.4464439E-01,  8.0287109E+04
   22831, 30192,  3.1313694E-01,  8.0287109E+04
   22900,  4002,  1.0537514E-01,  6.8218044E+05
   22902,  4002,  5.3831302E-03,  6.8218044E+05
   22903,  4002,  2.8024498E-02,  6.8218044E+05
   22904,  4002,  2.8833501E-02,  6.8218044E+05
   22905,  4002,  3.8663425E-02,  6.8218044E+05
   22906,  4002,  9.3368404E-03,  6.8218044E+05
   22909,  4006,  2.5873080E-02,  6.7732869E+05
   22910,  4006,  8.3768656E-03,  6.7732869E+05
   22912,  4006,  2.5653489E-02,  6.7732869E+05
   22913,  4006,  1.7742228E-02,  6.7732869E+05
   22918, 23006,  1.3291274E-02,  5.0972497E+05
   22919, 23006,  1.8394802E-02,  5.0972497E+05
   22922, 23006,  1.6319806E-02,  5.0972497E+05
   22923, 23006,  4.0823780E-02,  5.0972497E+05
   22924, 23002,  2.3060653E-02,  1.2777081E+06
   22926, 23002,  1.1592282E-02,  1.2777081E+06
   22927, 23002,  5.7874154E-03,  1.2777081E+06
   22930, 23002,  1.9770370E-04,  1.2777081E+06
   22931, 23002,  1.4442827E-02,  1.2777081E+06
   23083, 14100,  5.7849031E-02,  3.9893241E+05
   23088, 14084,  1.0072527E-01,  1.2436638E+05
   23089, 14084,  1.0324471E-01,  1.2436638E+05
   23093, 14028,  2.9647833E-02,  3.6152902E+04
   23094, 14017,  2.8132513E-01,  1.3017105E+05
   23095, 14090,  2.5346267E-01,  6.1302465E+04
   23096, 14090,  1.5787615E-01,  6.1302465E+04
   23097, 14090,  1.7077284E-01,  6.1302465E+04
   23098, 14088,  2.3469400E-01,  1.1838496E+05
   23099, 14088,  2.4894625E-01,  1.1838496E+05
   23100, 14010,  1.7744499E-01,  6.1610027E+04
   23101, 14010,  4.3148401E-01,  6.1610027E+04
   23102, 14010,  1.8964230E-01,  6.1610027E+04
   23103, 14119,  1.3112125E-01,  1.8698295E+05
   23104, 14119,  2.3983467E-01,  1.8698295E+05
   23105, 14092,  1.2649918E-01,  8.3448391E+04
   23106, 14050,  1.5115023E-01,  1.0641770E+05
   23107, 14107,  2.5510648E-01,  7.7514234E+04
   23108, 14107,  3.5540730E-01,  7.7514234E+04
   23109, 14096,  3.6563119E-01,  5.5404379E+04
   23110, 16074,  4.3311280E-01,  4.5504809E+04
   23111, 16074,  4.6979770E-01,  4.5504809E+04
   23113, 16011,  5.5849725E-01,  5.2557469E+04
   23114, 16011,  4.5292765E-01,  5.2557469E+04
   23115, 16062,  1.7449343E-01,  8.3829016E+04
   23116, 16105,  4.7991264E-01,  1.0300016E+05
   23117, 16042,  6.9715893E-01,  6.8142047E+04
   23118, 16086,  3.0873492E-01,  1.3281500E+05
   23119, 16030,  5.1206219E-01,  1.3707923E+05
   23120, 16069,  4.3906245E-01,  1.2231112E+05
   23121, 16109,  9.4809675E-01,  5.2072309E+04
   23122, 16067,  2.1543556E-01,  1.4461172E+05
   23123, 16067,  1.9378276E-01,  1.4461172E+05
   23124, 16004,  5.3814626E-01,  5.9865496E+04
   23125, 16004,  6.7966288E-01,  5.9865496E+04
   23126, 16113,  3.8018522E-01,  8.8136383E+04
   23127, 16071,  7.4178420E-02,  2.5329636E+05
   23128, 11046,  1.4186116E-01,  2.2013922E+05
   23129, 11046,  6.9995873E-02,  2.2013922E+05
   23130, 11046,  1.3313687E-01,  2.2013922E+05
   23131, 11041,  8.0222046E-01,  4.4159043E+04
   23132, 11046,  1.9032422E-01,  2.2013922E+05
   23133, 11028,  1.6637325E-01,  1.9165325E+05
   23134, 11028,  1.9074689E-01,  1.9165325E+05
   23135, 11028,  1.9087872E-02,  1.9165325E+05
   23136, 11002,  8.0815509E-02,  2.8607734E+05
   23138, 11019,  8.2559407E-02,  2.1472525E+05
   23139, 11019,  2.3653856E-01,  2.1472525E+05
   23140, 11010,  5.5016804E-01,  4.6357973E+04
   23141, 16031,  3.8023433E-01,  8.7736141E+04
   23142, 22001,  7.8480594E-02,  2.3725794E+05
   23143, 22001,  1.9674487E-01,  2.3725794E+05
   23144, 22001,  1.6082478E-01,  2.3725794E+05
   23145, 15003,  2.3307002E-01,  1.9308811E+05
   23146, 15003,  2.3433785E-01,  1.9308811E+05
   23147, 15071,  2.3022711E-01,  1.7855239E+05
   23148, 13044,  2.0244800E-01,  1.5399348E+05
   23149, 13044,  3.4752738E-01,  1.5399348E+05
   23150, 15045,  1.4104787E-01,  3.0596469E+05
   23151, 13017,  1.2068863E-01,  7.5124633E+04
   23152, 13076,  3.1782889E-01,  1.9503602E+05
   23153, 13067,  8.1808680E-01,  8.5527297E+04
   23154, 13041,  6.1077964E-01,  8.9198703E+04
   23155, 13005,  3.9767465E-01,  5.7237098E+04
   23156, 13005,  5.5722582E-01,  5.7237098E+04
   23157, 13052,  4.4280398E-01,  1.1532399E+05
   23158, 13009,  8.4477592E-01,  5.8280949E+04
   23159, 13048,  5.5243343E-01,  1.2775209E+05
   23160, 13045,  1.4311718E+00,  2.9014264E+04
   23161, 13057,  9.5339544E-02,  9.6233828E+04
   23163, 13077,  2.3211615E-01,  1.2596845E+05
   23164, 13077,  4.8723921E-01,  1.2596845E+05
   23165, 13002,  3.1147444E-01,  1.6091095E+05
   23166, 13002,  4.1123575E-01,  1.6091095E+05
   23167, 21071,  3.0211791E-01,  8.8694859E+04
   23168, 21183,  1.5089794E+00,  3.1051170E+04
   23169, 21184,  1.7974720E+00,  1.0287945E+04
   23170, 21123,  8.8997245E-01,  1.4223492E+04
   23171, 21107,  7.3012376E-01,  1.2766151E+04
   23172, 21029,  1.7831964E+00,  1.1060838E+04
   23173, 30203,  1.1312976E+00,  2.9136271E+04
   23174, 21158,  3.4810010E-01,  4.8049172E+04
   23175, 21158,  7.1917522E-01,  4.8049172E+04
   23176, 21002,  2.3483247E-01,  5.6997793E+04
   23177, 30183,  4.0281335E-01,  8.3998547E+04
   23178, 30183,  1.5738805E-01,  8.3998547E+04
   23179, 30102,  3.6269432E-01,  9.8817422E+04
   23180, 30109,  1.6303959E-01,  1.5351605E+05
   23181, 30109,  4.4567827E-02,  1.5351605E+05
   23182, 30114,  2.4014196E-01,  8.1665617E+04
   23183, 30192,  2.9919767E-01,  8.0287109E+04
   23253,  4002,  4.4815876E-02,  6.8218044E+05
   23254,  4002,  6.7060202E-02,  6.8218044E+05
   23255,  4002,  3.9068006E-02,  6.8218044E+05
   23256,  4002,  3.7370998E-02,  6.8218044E+05
   23257,  4002,  1.0573408E-02,  6.8218044E+05
   23258,  4002,  1.8425575E-02,  6.8218044E+05
   23259,  4002,  5.0082643E-02,  6.8218044E+05
   23260,  4006,  2.9669711E-02,  6.7732869E+05
   23261,  4006,  2.5312724E-02,  6.7732869E+05
   23262,  4006,  2.9858770E-02,  6.7732869E+05
   23266,  4006,  1.3255977E-02,  6.7732869E+05
   23272, 23006,  4.1681565E-02,  5.0972497E+05
   23277, 23002,  2.0324672E-02,  1.2777081E+06
   23278, 23002,  4.7091702E-03,  1.2777081E+06
   23279, 23002,  1.5140556E-02,  1.2777081E+06
   23283, 23002,  1.1238365E-02,  1.2777081E+06
   23284, 23002,  3.7600577E-03,  1.2777081E+06
   23436, 14020,  1.9563909E-01,  1.0750455E+05
   23442, 14084,  1.9667849E-01,  1.2436638E+05
   23445, 14028,  1.7840090E-01,  3.6152902E+04
   23446, 14028,  8.2626605E-01,  3.6152902E+04
   23447, 14028,  4.2997271E-02,  3.6152902E+04
   23448, 14090,  1.4529600E-02,  6.1302465E+04
   23449, 14011,  1.5480185E+00,  2.5754627E+04
   23450, 14090,  2.0334239E-01,  6.1302465E+04
   23451, 14088,  7.3560983E-02,  1.1838496E+05
   23452, 14088,  3.4239754E-01,  1.1838496E+05
   23455, 14119,  1.5096562E-01,  1.8698295E+05
   23456, 14119,  2.0063345E-01,  1.8698295E+05
   23457, 14119,  1.4398061E-01,  1.8698295E+05
   23458, 14050,  4.0086174E-01,  1.0641770E+05
   23459, 14050,  2.2216900E-01,  1.0641770E+05
   23460, 14030,  1.5953919E-01,  7.6950336E+04
   23461, 14030,  9.1638297E-02,  7.6950336E+04
   23466, 14047,  6.7785442E-01,  4.9650613E+04
   23467, 16011,  8.7877572E-01,  5.2557469E+04
   23468, 16011,  1.0364652E+00,  5.2557469E+04
   23469, 16105,  6.8226665E-01,  1.0300016E+05
   23470, 16086,  3.7595797E-01,  1.3281500E+05
   23471, 16086,  2.3026520E-01,  1.3281500E+05
   23472, 16106,  2.5960630E-01,  4.8799617E+04
   23473, 16069,  2.3637152E-01,  1.2231112E+05
   23474, 16069,  1.0201983E-01,  1.2231112E+05
   23475, 11023,  1.2227900E-01,  4.2032862E+05
   23476, 11023,  1.0578845E-01,  4.2032862E+05
   23477, 11023,  3.6910363E-02,  4.2032862E+05
   23478, 11023,  3.9310321E-02,  4.2032862E+05
   23479, 16113,  4.5425078E-01,  8.8136383E+04
   23480, 16113,  4.6089327E-01,  8.8136383E+04
   23481, 11042,  9.1054365E-02,  1.6187322E+05
   23482, 11042,  1.9751240E-01,  1.6187322E+05
   23483, 11046,  5.7556696E-02,  2.2013922E+05
   23484, 11046,  1.6112147E-01,  2.2013922E+05
   23485, 11018,  2.3574223E-01,  8.7911984E+04
   23486, 11018,  4.9509823E-01,  8.7911984E+04
   23487, 11028,  1.9375922E-01,  1.9165325E+05
   23488, 11039,  4.4885671E-01,  1.3395845E+05
   23489, 11039,  2.8396535E-01,  1.3395845E+05
   23490, 11039,  1.9437317E-02,  1.3395845E+05
   23491, 11019,  1.0592422E-01,  2.1472525E+05
   23492, 11019,  1.0351180E-01,  2.1472525E+05
   23493, 11010,  5.8382416E-01,  4.6357973E+04
   23495, 22001,  2.1254636E-02,  2.3725794E+05
   23496, 22001,  1.3364208E-01,  2.3725794E+05
   23497, 22016,  8.6215362E-02,  3.9969803E+05
   23498, 22016,  2.6311181E-02,  3.9969803E+05
   23499, 22016,  2.2743523E-01,  3.9969803E+05
   23500, 13044,  3.7569055E-01,  1.5399348E+05
   23501, 13044,  2.1593742E-01,  1.5399348E+05
   23502, 13044,  3.7377894E-01,  1.5399348E+05
   23503, 13017,  4.7886431E-01,  7.5124633E+04
   23504, 13017,  6.1502063E-01,  7.5124633E+04
   23505, 13064,  3.4128437E-03,  6.5716648E+04
   23506, 13019,  5.3293216E-01,  5.0197988E+04
   23507, 13050,  1.5418353E+00,  4.3213707E+04
   23508, 13023,  8.1409198E-01,  7.3642906E+04
   23509, 13054,  7.5306088E-01,  6.9686766E+04
   23510, 13009,  1.0408173E+00,  5.8280949E+04
   23511, 13009,  4.2467034E-01,  5.8280949E+04
   23512, 13038,  4.8681283E-01,  6.2813262E+04
   23513, 13045,  1.4730167E+00,  2.9014264E+04
   23514, 13024,  6.0609519E-01,  5.4491789E+04
   23515, 13001,  6.2537670E-01,  5.7147574E+04
   23516, 13035,  2.3252968E-01,  9.1140266E+04
   23517, 13035,  6.0313445E-01,  9.1140266E+04
   23518, 13002,  3.1962371E-01,  1.6091095E+05
   23519, 21100,  1.7874545E+00,  3.9445180E+04
   23520, 21100,  9.8998404E-01,  3.9445180E+04
   23521, 21183,  1.4351149E+00,  3.1051170E+04
   23522, 21213,  4.1856536E-01,  2.3635197E+04
   23523, 21089,  1.0586907E-01,  7.6301616E+03
   23524, 30103,  3.6524670E+00,  7.9627817E+03
   23525, 30050,  3.1855395E-01,  2.0013758E+04
   23526, 30050,  7.3430020E-01,  2.0013758E+04
   23527, 21158,  6.6441512E-01,  4.8049172E+04
   23528, 21158,  2.6556095E-01,  4.8049172E+04
   23530, 21002,  5.8457319E-02,  5.6997793E+04
   23532, 30211,  2.5574985E-01,  8.0651109E+04
   23533, 30211,  3.2882640E-01,  8.0651109E+04
   23534, 30211,  4.0111548E-01,  8.0651109E+04
   23535, 30114,  3.5294172E-01,  8.1665617E+04
   23536, 30114,  7.5296082E-02,  8.1665617E+04
   23606,  4002,  2.3458790E-04,  6.8218044E+05
   23607,  4002,  1.1509369E-01,  6.8218044E+05
   23608,  4002,  5.4237593E-02,  6.8218044E+05
   23609,  4002,  3.6616396E-02,  6.8218044E+05
   23610,  4002,  4.2747784E-02,  6.8218044E+05
   23611,  4008,  5.9022360E-02,  2.0361639E+05
   23612,  4008,  1.1202031E-01,  2.0361639E+05
   23614,  4006,  1.2835800E-02,  6.7732869E+05
   23615,  4006,  4.8900098E-02,  6.7732869E+05
   23616,  4006,  6.6984952E-03,  6.7732869E+05
   23618,  4006,  1.0193608E-02,  6.7732869E+05
   23620, 31079,  1.6188188E-03,  3.1833088E+05
   23622, 31079,  6.0106553E-02,  3.1833088E+05
   23623, 31079,  5.7812832E-02,  3.1833088E+05
   23624, 31079,  4.2349644E-02,  3.1833088E+05
   23625, 31098,  1.3465327E-01,  1.8445105E+05
   23626, 23006,  1.3931075E-02,  5.0972497E+05
   23629, 23006,  2.8066153E-02,  5.0972497E+05
   23630, 23002,  1.0645662E-02,  1.2777081E+06
   23631, 23002,  1.1150873E-02,  1.2777081E+06
   23632, 23002,  2.3746053E-02,  1.2777081E+06
   23633, 23002,  1.4101227E-02,  1.2777081E+06
   23634, 23002,  1.4193263E-02,  1.2777081E+06
   23635, 23002,  1.4408858E-02,  1.2777081E+06
   23636, 23002,  3.4600127E-02,  1.2777081E+06
   23637, 23002,  1.1106543E-02,  1.2777081E+06
   23786, 14020,  9.2580348E-02,  1.0750455E+05
   23787, 14020,  1.4034215E-01,  1.0750455E+05
   23789, 14020,  2.0199737E-01,  1.0750455E+05
   23795, 14084,  1.5842897E-01,  1.2436638E+05
   23798, 14012,  2.7291092E-01,  9.8195836E+04
   23802, 14011,  2.9716945E-01,  2.5754627E+04
   23803, 14088,  2.0171816E-02,  1.1838496E+05
   23804, 14088,  8.7545104E-02,  1.1838496E+05
   23805, 14024,  7.8149773E-02,  9.6623672E+04
   23806, 14024,  2.4281400E-01,  9.6623672E+04
   23807, 14114,  2.9294127E-01,  4.8456723E+04
   23808, 14119,  5.8748793E-02,  1.8698295E+05
   23809, 14119,  3.2595140E-01,  1.8698295E+05
   23810, 14050,  2.5060484E-01,  1.0641770E+05
   23811, 14050,  1.3994102E-03,  1.0641770E+05
   23813, 14044,  1.9806273E-01,  1.0279108E+05
   23814, 14044,  5.3443599E-01,  1.0279108E+05
   23815, 14066,  4.2970199E-02,  9.7475938E+04
   23816, 14066,  5.5756405E-02,  9.7475938E+04
   23817, 14066,  3.7135291E-01,  9.7475938E+04
   23818, 14063,  3.3019835E-01,  1.0504743E+05
   23819, 14063,  1.7422947E-01,  1.0504743E+05
   23820, 14063,  3.9938253E-01,  1.0504743E+05
   23821, 14018,  2.4534541E-01,  2.2825370E+05
   23822, 14018,  2.1099463E-01,  2.2825370E+05
   23823, 14018,  2.5048947E-01,  2.2825370E+05
   23824, 14016,  3.9587149E-01,  1.3290655E+05
   23825, 16106,  3.9282650E-01,  4.8799617E+04
   23826, 16069,  3.8455975E-01,  1.2231112E+05
   23827, 11023,  1.2169492E-01,  4.2032862E+05
   23828, 11023,  6.0987253E-02,  4.2032862E+05
   23829, 11023,  1.0032374E-01,  4.2032862E+05
   23830, 11023,  7.1571797E-02,  4.2032862E+05
   23831, 11023,  5.8852058E-02,  4.2032862E+05
   23832, 11001,  2.5174055E-01,  1.9089219E+05
   23833, 11016,  5.4906172E-01,  4.5567020E+04
   23834, 11016,  8.4681541E-02,  4.5567020E+04
   23835, 11042,  1.0925259E-01,  1.6187322E+05
   23836, 11042,  3.2214247E-04,  1.6187322E+05
   23837, 11042,  2.2260779E-01,  1.6187322E+05
   23838, 11018,  4.6923521E-01,  8.7911984E+04
   23839, 11018,  5.1434833E-01,  8.7911984E+04
   23840, 11011,  2.4024341E-01,  1.0396580E+05
   23841, 11028,  1.0798756E-01,  1.9165325E+05
   23842, 11039,  2.3739804E-01,  1.3395845E+05
   23843, 11019,  2.2626663E-02,  2.1472525E+05
   23844, 11019,  1.0528835E-01,  2.1472525E+05
   23845, 11019,  7.1186304E-02,  2.1472525E+05
   23846, 22008,  1.4155626E-01,  1.4641264E+05
   23847, 22008,  2.2363280E-01,  1.4641264E+05
   23848, 22001,  8.5737862E-02,  2.3725794E+05
   23849, 22001,  1.0021459E-01,  2.3725794E+05
   23850, 22016,  6.3270256E-02,  3.9969803E+05
   23851, 22016,  1.8322439E-01,  3.9969803E+05
   23852, 13029,  1.3756134E-01,  2.2130991E+05
   23853, 13029,  1.1293048E-01,  2.2130991E+05
   23854, 13029,  2.7415028E-01,  2.2130991E+05
   23855, 13029,  7.1043238E-02,  2.2130991E+05
   23856, 13029,  3.1016983E-02,  2.2130991E+05
   23857, 13017,  1.0093720E-01,  7.5124633E+04
   23858, 13006,  2.0971718E-01,  1.0783771E+05
   23859, 13019,  5.6322485E-01,  5.0197988E+04
   23860, 13050,  5.7328016E-01,  4.3213707E+04
   23861, 13054,  1.1695348E-02,  6.9686766E+04
   23862, 13054,  7.5043237E-01,  6.9686766E+04
   23863, 13055,  5.7611686E-01,  6.6156609E+04
   23864, 13003,  2.3856865E-01,  1.0305270E+05
   23865, 13012,  1.9995224E-01,  1.4901688E+05
   23866, 13012,  2.5542694E-01,  1.4901688E+05
   23868, 13024,  2.0892459E-01,  5.4491789E+04
   23869, 13004,  5.4331827E-01,  5.2202715E+04
   23870, 13035,  4.5173365E-01,  9.1140266E+04
   23871, 13060,  4.9903077E-01,  7.6604992E+04
   23872, 21109,  7.4621481E-01,  8.8477969E+04
   23873, 21178,  7.4018002E-01,  2.0640076E+04
   23874, 21197,  2.4478915E-01,  9.3162812E+04
   23875, 21213,  1.4817556E+00,  2.3635197E+04
   23876, 21089,  4.4287272E-02,  7.6301616E+03
   23877, 30067,  7.0351505E-01,  2.0269857E+04
   23878, 30066,  4.4113243E-01,  8.9489734E+04
   23879, 30066,  4.0190244E-01,  8.9489734E+04
   23880, 30066,  3.5412207E-01,  8.9489734E+04
   23881, 30124,  6.4717971E-02,  4.1849422E+05
   23882, 30124,  7.3510490E-02,  4.1849422E+05
   23884, 30158,  1.2712070E-01,  1.5920178E+05
   23885, 30158,  9.2768595E-02,  1.5920178E+05
   23887, 30158,  1.0800967E-01,  1.5920178E+05
   23888, 30211,  1.6923293E-01,  8.0651109E+04
   23961,  4002,  5.0331332E-02,  6.8218044E+05
   23962,  4002,  1.6425090E-02,  6.8218044E+05
   23963,  4008,  9.2740156E-02,  2.0361639E+05
   23964,  4008,  1.1029273E-01,  2.0361639E+05
   23965,  4008,  5.8405180E-03,  2.0361639E+05
   23968,  4006,  1.8017001E-02,  6.7732869E+05
   23969,  4006,  1.9724809E-02,  6.7732869E+05
   23970,  4006,  3.1207545E-02,  6.7732869E+05
   23971,  4006,  2.4402438E-02,  6.7732869E+05
   23972, 31079,  5.8807421E-02,  3.1833088E+05
   23973, 31079,  4.8892729E-02,  3.1833088E+05
   23974, 31079,  8.5824691E-02,  3.1833088E+05
   23975, 31079,  1.9420004E-02,  3.1833088E+05
   23977, 31098,  7.5010717E-02,  1.8445105E+05
   23978, 31098,  7.2480120E-02,  1.8445105E+05
   23979, 23006,  3.9946057E-02,  5.0972497E+05
   23980, 23006,  4.7032449E-02,  5.0972497E+05
   23981, 23006,  4.7049426E-02,  5.0972497E+05
   23982, 23006,  1.9845387E-02,  5.0972497E+05
   23985, 23002,  1.4284400E-02,  1.2777081E+06
   23986, 23002,  3.3327864E-04,  1.2777081E+06
   23989, 23002,  1.5089976E-02,  1.2777081E+06
   23990, 23002,  1.6265001E-02,  1.2777081E+06
   23991, 23002,  1.4987749E-04,  1.2777081E+06
   24142, 14020,  1.8069869E-01,  1.0750455E+05
   24147, 14084,  4.4270668E-02,  1.2436638E+05
   24148, 14084,  2.5373071E-01,  1.2436638E+05
   24149, 14058,  1.5094149E-01,  1.1966624E+05
   24150, 14058,  2.1192931E-01,  1.1966624E+05
   24151, 14012,  2.5863811E-01,  9.8195836E+04
   24152, 14012,  2.3660237E-01,  9.8195836E+04
   24153, 14062,  6.0253240E-02,  6.4345258E+04
   24155, 14011,  8.2328385E-03,  2.5754627E+04
   24157, 14077,  2.2376804E-01,  9.3991305E+04
   24158, 14077,  2.7706873E-01,  9.3991305E+04
   24159, 14077,  2.5327715E-01,  9.3991305E+04
   24160, 14024,  3.3820820E-01,  9.6623672E+04
   24161, 14002,  2.6203042E-01,  1.0584102E+05
   24162, 14002,  6.8086845E-01,  1.0584102E+05
   24163, 14097,  1.0691160E-01,  3.1164203E+05
   24164, 14097,  5.5724390E-02,  3.1164203E+05
   24165, 14050,  2.8245795E-01,  1.0641770E+05
   24166, 14044,  7.1597952E-01,  1.0279108E+05
   24167, 14051,  9.8284316E-01,  3.9940551E+04
   24168, 14123,  2.0757617E-01,  1.9887734E+05
   24169, 14123,  1.8359768E-01,  1.9887734E+05
   24170, 14123,  2.0920733E-01,  1.9887734E+05
   24171, 14063,  3.5769668E-01,  1.0504743E+05
   24172, 14063,  5.1942790E-01,  1.0504743E+05
   24174, 14018,  1.0074979E-01,  2.2825370E+05
   24175, 14018,  1.0180057E-01,  2.2825370E+05
   24176, 14018,  8.1738368E-02,  2.2825370E+05
   24178, 14033,  3.6695406E-02,  8.4647625E+04
   24179, 14033,  3.8670477E-01,  8.4647625E+04
   24180, 11023,  2.0839376E-02,  4.2032862E+05
   24181, 11023,  4.7074884E-02,  4.2032862E+05
   24182, 11023,  2.9049516E-03,  4.2032862E+05
   24183, 11023,  3.9021395E-02,  4.2032862E+05
   24184, 11023,  1.2940300E-01,  4.2032862E+05
   24185, 11001,  1.5145981E-01,  1.9089219E+05
   24186, 11001,  2.2960415E-01,  1.9089219E+05
   24187, 11016,  2.7329752E-01,  4.5567020E+04
   24188, 11042,  1.9296087E-02,  1.6187322E+05
   24189, 11042,  1.1529934E-01,  1.6187322E+05
   24190, 11042,  2.0705763E-01,  1.6187322E+05
   24191, 11018,  2.7101332E-01,  8.7911984E+04
   24192, 11011,  3.5943457E-01,  1.0396580E+05
   24193, 11011,  1.9031521E-02,  1.0396580E+05
   24194, 11007,  9.5793277E-02,  2.8936900E+05
   24195, 11039,  2.3286951E-01,  1.3395845E+05
   24196, 11004,  1.5259862E-01,  1.4552212E+05
   24197, 11004,  1.9605231E-01,  1.4552212E+05
   24198, 22006,  1.4043590E-01,  1.4704814E+05
   24199, 22008,  2.3944342E-01,  1.4641264E+05
   24200, 22008,  2.5089940E-01,  1.4641264E+05
   24202, 22012,  1.8685742E-01,  1.7117258E+05
   24203, 22016,  2.6589191E-01,  3.9969803E+05
   24204, 22016,  1.3111283E-01,  3.9969803E+05
   24205, 22016,  2.2118282E-02,  3.9969803E+05
   24206, 13029,  7.6390557E-02,  2.2130991E+05
   24207, 13029,  1.4484420E-01,  2.2130991E+05
   24208, 13029,  1.2282120E-01,  2.2130991E+05
   24209, 13029,  9.4748557E-02,  2.2130991E+05
   24210, 13006,  2.0796026E-01,  1.0783771E+05
   24211, 13006,  4.2242151E-01,  1.0783771E+05
   24212, 13030,  6.8291812E-04,  1.6241783E+05
   24213, 13019,  5.8704370E-01,  5.0197988E+04
   24214, 13054,  3.6387801E-01,  6.9686766E+04
   24215, 13055,  2.6126212E-01,  6.6156609E+04
   24216, 13055,  2.0934382E-01,  6.6156609E+04
   24218, 13012,  1.1164854E-01,  1.4901688E+05
   24219, 13036,  4.8167956E-01,  8.4884383E+04
   24220, 13012,  1.0989473E-01,  1.4901688E+05
   24221, 30198,  1.1886704E-01,  1.0648631E+05
   24222, 30198,  5.0507951E-01,  1.0648631E+05
   24223, 13053,  6.6378631E-02,  4.4265055E+04
   24224, 13053,  1.4104770E+00,  4.4265055E+04
   24225, 13060,  3.1635416E-01,  7.6604992E+04
   24226, 21187,  1.1406659E+00,  2.8383092E+04
   24227, 21197,  1.2308530E-01,  9.3162812E+04
   24228, 21086,  5.1735389E-01,  7.0543422E+04
   24229, 21086,  2.4985302E-02,  7.0543422E+04
   24230, 30051,  7.8090027E-02,  8.2771031E+04
   24231, 30066,  4.4074047E-01,  8.9489734E+04
   24232, 30040,  4.3749693E-01,  7.0015547E+04
   24233, 30124,  3.1543005E-02,  4.1849422E+05
   24234, 30124,  4.5597784E-02,  4.1849422E+05
   24235, 30124,  8.1113793E-02,  4.1849422E+05
   24236, 30124,  9.2484049E-02,  4.1849422E+05
   24237, 30158,  1.0205571E-01,  1.5920178E+05
   24238, 30158,  5.9690248E-02,  1.5920178E+05
   24239, 30158,  1.0390321E-01,  1.5920178E+05
   24240, 30158,  8.2393065E-02,  1.5920178E+05
   24315,  4008,  5.8075622E-02,  2.0361639E+05
   24316,  4008,  8.8972390E-02,  2.0361639E+05
   24317,  4008,  1.5904254E-01,  2.0361639E+05
   24318,  4008,  2.9420473E-02,  2.0361639E+05
   24322,  4006,  5.2740030E-02,  6.7732869E+05
   24325, 31079,  5.9516795E-02,  3.1833088E+05
   24327, 31079,  5.6699635E-03,  3.1833088E+05
   24328, 31079,  8.0481052E-02,  3.1833088E+05
   24329, 31079,  2.0826658E-02,  3.1833088E+05
   24330, 31098,  9.4089225E-02,  1.8445105E+05
   24331, 31098,  5.2849870E-02,  1.8445105E+05
   24333, 23006,  2.0900412E-02,  5.0972497E+05
   24334, 23006,  2.1714009E-02,  5.0972497E+05
   24338, 23002,  9.5772110E-03,  1.2777081E+06
   24339, 23002,  1.5688088E-02,  1.2777081E+06
   24341, 23002,  1.3948380E-02,  1.2777081E+06
   24342, 23002,  1.9543644E-03,  1.2777081E+06
   24344, 23002,  1.5749369E-02,  1.2777081E+06
   24495, 14020,  1.9594400E-01,  1.0750455E+05
   24500, 14084,  1.3886470E-01,  1.2436638E+05
   24501, 14058,  5.2031506E-02,  1.1966624E+05
   24502, 14058,  1.8866836E-01,  1.1966624E+05
   24504, 14062,  1.6825743E-02,  6.4345258E+04
   24505, 14062,  4.7889137E-01,  6.4345258E+04
   24506, 14062,  4.9654609E-01,  6.4345258E+04
   24507, 14038,  3.7554294E-02,  1.2374941E+05
   24508, 14006,  4.7203258E-02,  1.8471439E+05
   24509, 14006,  8.7474376E-02,  1.8471439E+05
   24510, 14006,  1.7004672E-01,  1.8471439E+05
   24511, 14006,  1.0424434E-01,  1.8471439E+05
   24512, 14077,  4.5087457E-01,  9.3991305E+04
   24513, 14024,  5.0220098E-02,  9.6623672E+04
   24514, 14083,  1.2254364E-01,  1.2355991E+05
   24515, 14083,  2.4651715E-01,  1.2355991E+05
   24516, 14097,  1.7255844E-01,  3.1164203E+05
   24517, 14097,  1.0871388E-01,  3.1164203E+05
   24518, 14097,  1.0312033E-01,  3.1164203E+05
   24519, 14097,  2.3312046E-01,  3.1164203E+05
   24520, 14051,  4.7279203E-01,  3.9940551E+04
   24521, 14124,  6.7913145E-02,  3.3661597E+05
   24522, 14123,  3.8740075E-01,  1.9887734E+05
   24523, 14123,  1.5972741E-01,  1.9887734E+05
   24524, 14123,  6.7839831E-02,  1.9887734E+05
   24525, 14123,  5.7619028E-02,  1.9887734E+05
   24526, 14013,  7.5961053E-02,  1.3923464E+05
   24527, 14013,  2.8380048E-01,  1.3923464E+05
   24528, 14013,  3.7662998E-02,  1.3923464E+05
   24529, 14016,  2.2497585E-01,  1.3290655E+05
   24530, 14016,  2.6792774E-01,  1.3290655E+05
   24531, 14048,  9.4615281E-02,  2.0231264E+05
   24532, 14048,  5.6417938E-02,  2.0231264E+05
   24533, 14033,  2.6973763E-01,  8.4647625E+04
   24534, 11023,  5.5594422E-02,  4.2032862E+05
   24536, 11023,  6.7893248E-03,  4.2032862E+05
   24537, 11023,  1.1536770E-02,  4.2032862E+05
   24538, 11001,  6.7514136E-02,  1.9089219E+05
   24539, 11001,  9.9883214E-02,  1.9089219E+05
   24540, 11001,  2.1184132E-01,  1.9089219E+05
   24541, 11024,  1.8311621E-01,  3.7041602E+04
   24542, 11027,  1.5481121E-02,  2.4833158E+05
   24543, 11027,  6.6173762E-02,  2.4833158E+05
   24544, 11027,  1.4690852E-01,  2.4833158E+05
   24545, 11011,  4.9002308E-01,  1.0396580E+05
   24546, 11044,  3.5979813E-01,  6.9003977E+04
   24547, 11007,  1.4628503E-01,  2.8936900E+05
   24548, 11005,  2.3037796E-01,  2.6338838E+05
   24549, 11005,  2.9866165E-01,  2.6338838E+05
   24550, 11005,  1.8274944E-01,  2.6338838E+05
   24551, 22006,  3.0431494E-01,  1.4704814E+05
   24552, 22008,  3.2966536E-01,  1.4641264E+05
   24553, 22011,  1.1263818E-01,  4.1247475E+05
   24554, 22012,  2.9689211E-01,  1.7117258E+05
   24555, 22012,  5.7094043E-01,  1.7117258E+05
   24556, 22016,  9.7306550E-02,  3.9969803E+05
   24557, 22017,  1.9340234E-01,  1.3949522E+05
   24558, 13059,  2.0483793E-01,  1.2808055E+05
   24559, 13059,  1.7312831E-01,  1.2808055E+05
   24560, 13059,  2.2705045E-01,  1.2808055E+05
   24561, 13029,  8.1134483E-02,  2.2130991E+05
   24562, 13029,  4.7247358E-02,  2.2130991E+05
   24564, 13006,  2.5405818E-01,  1.0783771E+05
   24565, 13030,  1.5014355E-01,  1.6241783E+05
   24566, 13030,  3.1123802E-01,  1.6241783E+05
   24567, 13015,  6.9551051E-02,  1.5120566E+05
   24568, 13015,  1.5136154E-01,  1.5120566E+05
   24569, 13055,  6.3661717E-02,  6.6156609E+04
   24571, 13037,  2.7043642E-02,  1.4365045E+05
   24572, 13036,  7.1559131E-01,  8.4884383E+04
   24574, 30198,  2.0853642E-01,  1.0648631E+05
   24575, 30198,  5.9179878E-01,  1.0648631E+05
   24576, 30198,  2.6576695E-01,  1.0648631E+05
   24578, 13027,  8.1040144E-02,  8.4340797E+04
   24579, 13027,  3.3859169E-01,  8.4340797E+04
   24580, 21086,  1.3175745E-01,  7.0543422E+04
   24581, 21086,  3.4874749E-01,  7.0543422E+04
   24582, 21194,  3.0881244E-01,  1.0885426E+05
   24583, 21194,  4.4788292E-01,  1.0885426E+05
   24584, 21194,  8.8078633E-02,  1.0885426E+05
   24585, 30040,  2.7730843E-01,  7.0015547E+04
   24586, 30040,  3.0669096E-01,  7.0015547E+04
   24587, 30124,  1.3657449E-01,  4.1849422E+05
   24588, 30124,  9.3062676E-02,  4.1849422E+05
   24589, 30069,  5.1093239E-01,  6.6681828E+04
   24590, 30069,  5.3124511E-01,  6.6681828E+04
   24591, 30158,  1.5621768E-01,  1.5920178E+05
   24592, 30158,  1.4687099E-01,  1.5920178E+05
   24667,  4008,  7.6422825E-02,  2.0361639E+05
   24668,  4008,  8.8418402E-02,  2.0361639E+05
   24669,  4008,  1.2518275E-01,  2.0361639E+05
   24670,  4008,  1.6560905E-01,  2.0361639E+05
   24671,  4008,  1.2105927E-01,  2.0361639E+05
   24675,  4006,  4.6623785E-02,  6.7732869E+05
   24678, 31079,  6.0392760E-02,  3.1833088E+05
   24682, 31079,  6.1573531E-02,  3.1833088E+05
   24683, 31098,  6.0454924E-02,  1.8445105E+05
   24684, 31098,  9.7640663E-02,  1.8445105E+05
   24685, 31058,  1.3874830E-01,  1.9093956E+05
   24686, 23006,  6.2950023E-02,  5.0972497E+05
   24687, 23006,  9.9095916E-03,  5.0972497E+05
   24690, 23002,  5.2421521E-03,  1.2777081E+06
   24691, 23002,  1.2831459E-02,  1.2777081E+06
   24692, 23002,  1.5362086E-02,  1.2777081E+06
   24693, 23002,  6.8165958E-03,  1.2777081E+06
   24694, 23002,  1.1995884E-02,  1.2777081E+06
   24697, 23002,  1.4766575E-02,  1.2777081E+06
   24699, 23002,  1.7764054E-02,  1.2777081E+06
   24700, 23002,  9.2006540E-03,  1.2777081E+06
   24702, 23009,  5.5017766E-02,  3.3262150E+05
   24848, 14067,  6.3834883E-02,  1.6989683E+05
   24849, 14067,  1.0120646E-01,  1.6989683E+05
   24853, 14058,  8.7971881E-02,  1.1966624E+05
   24854, 14058,  8.6640045E-02,  1.1966624E+05
   24855, 14058,  7.2959866E-03,  1.1966624E+05
   24857, 14062,  1.2427050E-01,  6.4345258E+04
   24858, 14062,  2.9636011E-03,  6.4345258E+04
   24859, 14038,  1.7780405E-01,  1.2374941E+05
   24860, 14006,  9.8566107E-02,  1.8471439E+05
   24861, 14006,  7.8384332E-02,  1.8471439E+05
   24862, 14006,  3.5253517E-02,  1.8471439E+05
   24863, 14006,  1.9342995E-01,  1.8471439E+05
   24864, 14006,  1.2919392E-01,  1.8471439E+05
   24865, 14006,  2.2457282E-01,  1.8471439E+05
   24866, 14083,  7.1933210E-02,  1.2355991E+05
   24867, 14083,  2.0112729E-01,  1.2355991E+05
   24869, 14120,  2.4767974E-02,  3.1805981E+05
   24870, 14098,  6.9406939E-01,  9.9600430E+04
   24871, 14097,  2.2903049E-01,  3.1164203E+05
   24872, 14101,  5.1800489E-01,  1.5179525E+05
   24873, 14124,  2.2460116E-01,  3.3661597E+05
   24874, 14124,  2.8778124E-01,  3.3661597E+05
   24875, 14124,  6.2374093E-02,  3.3661597E+05
   24876, 14093,  6.7536883E-02,  4.5322591E+05
   24877, 14105,  2.0479694E-01,  9.5730094E+04
   24878, 14093,  8.5485347E-02,  4.5322591E+05
   24879, 14105,  7.9181209E-02,  9.5730094E+04
   24880, 14013,  1.4446133E-01,  1.3923464E+05
   24881, 14013,  3.9003450E-01,  1.3923464E+05
   24882, 14008,  1.1865132E-01,  1.6484942E+05
   24883, 14016,  1.3446905E-01,  1.3290655E+05
   24884, 14048,  1.8553501E-01,  2.0231264E+05
   24885, 14033,  1.3272497E-01,  8.4647625E+04
   24886, 14048,  1.3887985E-01,  2.0231264E+05
   24887, 14048,  1.5867290E-01,  2.0231264E+05
   24890, 11012,  2.2002108E-01,  8.7700383E+04
   24891, 11012,  3.1307188E-01,  8.7700383E+04
   24892, 11001,  1.2727927E-01,  1.9089219E+05
   24893, 11017,  9.8992988E-02,  5.1775722E+05
   24894, 11017,  1.1231418E-01,  5.1775722E+05
   24895, 11017,  1.3718902E-01,  5.1775722E+05
   24896, 11027,  2.9292837E-01,  2.4833158E+05
   24897, 11027,  2.0976359E-01,  2.4833158E+05
   24898, 11035,  4.0814531E-01,  1.9267989E+05
   24899, 11035,  3.7213141E-01,  1.9267989E+05
   24900, 11007,  2.8231087E-01,  2.8936900E+05
   24901, 11007,  9.1466837E-02,  2.8936900E+05
   24902, 11005,  1.4620793E-01,  2.6338838E+05
   24903, 11005,  2.0166008E-01,  2.6338838E+05
   24904, 22006,  4.7621360E-01,  1.4704814E+05
   24905, 22014,  2.8709996E-01,  3.9572438E+05
   24906, 22011,  2.0947415E-01,  4.1247475E+05
   24907, 22011,  2.5745422E-01,  4.1247475E+05
   24908, 22005,  2.3048380E-01,  2.3918539E+05
   24909, 22017,  2.2873737E-01,  1.3949522E+05
   24910, 22017,  2.2980988E-01,  1.3949522E+05
   24911, 22017,  2.5561959E-01,  1.3949522E+05
   24912, 22007,  2.3105474E-01,  1.0945302E+05
   24913, 13059,  2.9354757E-01,  1.2808055E+05
   24914, 13059,  2.1543084E-01,  1.2808055E+05
   24917, 13058,  6.4516187E-01,  3.6917199E+04
   24918, 13030,  1.2914939E-03,  1.6241783E+05
   24919, 13030,  2.1967228E-01,  1.6241783E+05
   24920, 13015,  1.3419214E-01,  1.5120566E+05
   24921, 13015,  9.0593219E-02,  1.5120566E+05
   24923, 13037,  4.6971835E-02,  1.4365045E+05
   24924, 13037,  2.4677908E-01,  1.4365045E+05
   24925, 13081,  7.0273775E-01,  4.6655863E+04
   24926, 13036,  2.0215732E-01,  8.4884383E+04
   24927, 30072,  3.1106693E-01,  1.0809996E+05
   24928, 30198,  2.8604758E-01,  1.0648631E+05
   24929, 30180,  8.9778997E-02,  5.9305078E+04
   24930, 30180,  3.2157281E-01,  5.9305078E+04
   24931, 13053,  1.0576252E-02,  4.4265055E+04
   24932, 13053,  5.5086845E-01,  4.4265055E+04
   24933, 21111,  3.2943819E-02,  6.1991250E+04
   24934, 21111,  7.6950371E-01,  6.1991250E+04
   24935, 21111,  2.3792684E-01,  6.1991250E+04
   24936, 21194,  7.5060673E-02,  1.0885426E+05
   24937, 30175,  1.7676914E-01,  1.9723739E+05
   24938, 30175,  2.1038704E-01,  1.9723739E+05
   24939, 30175,  3.1365299E-01,  1.9723739E+05
   24940, 30124,  5.6063976E-02,  4.1849422E+05
   24941, 30124,  9.0213642E-02,  4.1849422E+05
   24942, 30158,  2.4851233E-02,  1.5920178E+05
   24943, 30158,  1.1775492E-01,  1.5920178E+05
   24944, 30158,  6.8297677E-02,  1.5920178E+05
   25023,  4005,  1.9839454E-01,  1.5157953E+05
   25024,  4005,  8.4924415E-02,  1.5157953E+05
   25026,  4005,  1.5230016E-01,  1.5157953E+05
   25027,  4006,  3.1269480E-02,  6.7732869E+05
   25028,  4006,  5.2009799E-02,  6.7732869E+05
   25031, 31056,  1.7421991E-01,  2.2132105E+05
   25035, 31079,  1.0547624E-01,  3.1833088E+05
   25036, 31098,  2.1686995E-01,  1.8445105E+05
   25037, 31098,  1.0445576E-01,  1.8445105E+05
   25038, 31058,  1.0814296E-01,  1.9093956E+05
   25040, 23006,  2.7994987E-02,  5.0972497E+05
   25041, 23006,  4.0251222E-02,  5.0972497E+05
   25042, 23006,  2.7147751E-02,  5.0972497E+05
   25043, 23002,  3.1602201E-03,  1.2777081E+06
   25044, 23002,  1.5102823E-02,  1.2777081E+06
   25045, 23002,  3.2960948E-02,  1.2777081E+06
   25046, 23002,  2.1681663E-02,  1.2777081E+06
   25050, 23002,  4.6681953E-03,  1.2777081E+06
   25051, 23002,  2.6675887E-02,  1.2777081E+06
   25052, 23002,  4.4268500E-03,  1.2777081E+06
   25055, 23009,  6.6472709E-02,  3.3262150E+05
   25202, 14067,  1.8652678E-01,  1.6989683E+05
   25206, 14058,  1.6519471E-01,  1.1966624E+05
   25211, 14038,  1.9491544E-01,  1.2374941E+05
   25212, 14038,  7.6146096E-02,  1.2374941E+05
   25216, 14006,  1.9634956E-01,  1.8471439E+05
   25217, 14003,  3.7301272E-01,  5.9433414E+04
   25218, 14095,  5.7264626E-01,  3.3518574E+04
   25219, 14083,  2.9320401E-01,  1.2355991E+05
   25220, 14083,  2.0546353E-01,  1.2355991E+05
   25221, 14120,  4.3280856E-03,  3.1805981E+05
   25222, 14120,  3.6193768E-04,  3.1805981E+05
   25223, 14120,  8.9552507E-02,  3.1805981E+05
   25224, 14039,  7.5853360E-01,  7.3737945E+04
   25225, 14101,  3.8690937E-01,  1.5179525E+05
   25226, 14124,  5.7657894E-02,  3.3661597E+05
   25227, 14124,  1.7041127E-01,  3.3661597E+05
   25228, 14124,  1.8624340E-01,  3.3661597E+05
   25229, 14093,  1.0871819E-02,  4.5322591E+05
   25230, 14093,  4.9478605E-02,  4.5322591E+05
   25231, 14093,  2.8989080E-02,  4.5322591E+05
   25232, 14093,  4.3308042E-02,  4.5322591E+05
   25233, 14093,  5.9592046E-02,  4.5322591E+05
   25234, 14125,  2.4216856E-01,  7.7595344E+04
   25235, 14008,  1.5715788E-01,  1.6484942E+05
   25236, 14008,  1.1209599E-01,  1.6484942E+05
   25237, 14048,  1.5623315E-01,  2.0231264E+05
   25238, 14048,  1.6319315E-01,  2.0231264E+05
   25239, 14048,  9.2289910E-02,  2.0231264E+05
   25240, 11008,  1.8098751E-01,  2.3451120E+05
   25241, 11008,  1.3187243E-01,  2.3451120E+05
   25242, 11012,  2.3845528E-01,  8.7700383E+04
   25243, 11012,  4.5227933E-01,  8.7700383E+04
   25244, 11001,  1.3280657E-01,  1.9089219E+05
   25245, 11001,  9.0992488E-02,  1.9089219E+05
   25246, 11017,  5.6752976E-02,  5.1775722E+05
   25247, 11017,  2.0388526E-01,  5.1775722E+05
   25248, 11027,  2.4910967E-01,  2.4833158E+05
   25249, 11027,  2.8907482E-02,  2.4833158E+05
   25250, 11035,  1.5073237E-02,  1.9267989E+05
   25251, 11035,  1.5831408E-01,  1.9267989E+05
   25252, 11035,  8.0905139E-02,  1.9267989E+05
   25253, 11007,  5.3838074E-02,  2.8936900E+05
   25254, 11007,  1.2551299E-01,  2.8936900E+05
   25255, 11005,  7.7900246E-02,  2.6338838E+05
   25256, 11005,  5.3006895E-02,  2.6338838E+05
   25257, 22014,  1.0944584E-01,  3.9572438E+05
   25258, 22014,  8.8753521E-02,  3.9572438E+05
   25259, 22011,  1.6367534E-01,  4.1247475E+05
   25260, 22011,  1.0830067E-01,  4.1247475E+05
   25261, 22005,  1.1308938E-01,  2.3918539E+05
   25262, 22017,  2.0129806E-01,  1.3949522E+05
   25263, 22017,  1.2156782E-01,  1.3949522E+05
   25264, 22007,  3.2447320E-01,  1.0945302E+05
   25265, 22007,  3.4052335E-02,  1.0945302E+05
   25266, 22004,  3.4147911E-02,  3.3286575E+05
   25267, 22004,  2.9352369E-02,  3.3286575E+05
   25268, 13084,  1.1640851E-01,  2.4441958E+05
   25269, 13084,  8.8964894E-02,  2.4441958E+05
   25270, 13084,  1.2102672E-01,  2.4441958E+05
   25271, 13030,  2.0689802E-01,  1.6241783E+05
   25272, 13015,  5.4858435E-02,  1.5120566E+05
   25273, 13015,  2.1651986E-01,  1.5120566E+05
   25274, 13015,  4.9416807E-02,  1.5120566E+05
   25276, 13037,  1.5770340E-01,  1.4365045E+05
   25277, 13037,  2.8891569E-01,  1.4365045E+05
   25278, 13081,  7.3064548E-01,  4.6655863E+04
   25280, 30072,  8.4544748E-02,  1.0809996E+05
   25281, 30072,  9.1714822E-02,  1.0809996E+05
   25283, 30180,  2.0273556E-01,  5.9305078E+04
   25285, 13027,  3.7972191E-01,  8.4340797E+04
   25286, 30083,  1.2561835E-01,  1.6482773E+05
   25287, 21111,  2.2616485E-01,  6.1991250E+04
   25290, 30175,  4.4086408E-03,  1.9723739E+05
   25291, 30175,  9.0519443E-02,  1.9723739E+05
   25292, 30131,  3.6080104E-01,  4.9653152E+04
   25293, 30124,  2.4262745E-02,  4.1849422E+05
   25294, 30124,  5.6828532E-02,  4.1849422E+05
   25295, 30158,  1.4705525E-01,  1.5920178E+05
   25296, 30158,  1.1429000E-02,  1.5920178E+05
   25376,  4005,  9.8792790E-03,  1.5157953E+05
   25377,  4005,  2.5448853E-01,  1.5157953E+05
   25378,  4005,  1.3672967E-01,  1.5157953E+05
   25379,  4005,  2.6064275E-02,  1.5157953E+05
   25380,  4006,  1.6679846E-02,  6.7732869E+05
   25381,  4006,  2.0309545E-02,  6.7732869E+05
   25382, 31056,  1.4004651E-01,  2.2132105E+05
   25383, 31056,  6.9681101E-02,  2.2132105E+05
   25384, 31056,  8.9792356E-02,  2.2132105E+05
   25385, 31056,  3.0917641E-02,  2.2132105E+05
   25386, 31079,  2.5775055E-03,  3.1833088E+05
   25387, 31079,  5.3257398E-02,  3.1833088E+05
   25388, 31079,  7.4435040E-02,  3.1833088E+05
   25389, 31098,  8.0259524E-02,  1.8445105E+05
   25390, 31058,  1.4895558E-01,  1.9093956E+05
   25391, 31058,  2.1986832E-01,  1.9093956E+05
   25392, 31058,  9.9892959E-02,  1.9093956E+05
   25393, 31058,  8.3249077E-02,  1.9093956E+05
   25394, 23006,  4.0189296E-02,  5.0972497E+05
   25395, 23006,  4.2608205E-02,  5.0972497E+05
   25397, 23002,  1.1445654E-02,  1.2777081E+06
   25398, 23002,  7.2590224E-03,  1.2777081E+06
   25399, 23002,  1.5060996E-02,  1.2777081E+06
   25400, 23002,  2.7154787E-03,  1.2777081E+06
   25403, 23002,  1.6351737E-02,  1.2777081E+06
   25404, 23002,  1.6431954E-02,  1.2777081E+06
   25405, 23002,  1.4738692E-02,  1.2777081E+06
   25407, 23009,  1.7132498E-02,  3.3262150E+05
   25408, 23009,  4.5402754E-02,  3.3262150E+05
   25553, 18020,  8.2406998E-02,  1.9478441E+05
   25554, 18020,  6.2903300E-02,  1.9478441E+05
   25555, 18020,  3.1034908E-01,  1.9478441E+05
   25556, 14067,  1.0078608E-01,  1.6989683E+05
   25559, 14080,  1.7239518E-01,  1.3864744E+05
   25560, 14080,  1.9689698E-02,  1.3864744E+05
   25565, 18003,  6.7866758E-02,  8.5297352E+04
   25566, 14075,  4.5314491E-01,  2.1169744E+04
   25567, 14075,  1.6074309E-01,  2.1169744E+04
   25568, 14036,  8.3686119E-01,  2.4600789E+04
   25569, 14007,  7.0804977E-01,  4.2899168E+04
   25570, 14003,  1.8978143E-01,  5.9433414E+04
   25573, 14009,  7.2718984E-01,  5.9757492E+04
   25574, 14120,  2.5724295E-01,  3.1805981E+05
   25575, 14120,  1.5675339E-01,  3.1805981E+05
   25576, 14120,  1.9065771E-01,  3.1805981E+05
   25577, 14120,  8.0581345E-02,  3.1805981E+05
   25578, 14039,  5.9584290E-02,  7.3737945E+04
   25581, 14001,  5.8000557E-02,  1.4794461E+05
   25582, 14001,  4.9550241E-01,  1.4794461E+05
   25583, 14001,  4.2344928E-01,  1.4794461E+05
   25584, 14093,  1.9392984E-02,  4.5322591E+05
   25585, 14093,  6.9805920E-02,  4.5322591E+05
   25586, 14125,  2.8040010E-01,  7.7595344E+04
   25587, 14125,  4.8454726E-01,  7.7595344E+04
   25588, 14008,  6.8807952E-02,  1.6484942E+05
   25589, 14008,  7.4613348E-02,  1.6484942E+05
   25593, 11008,  2.2342093E-01,  2.3451120E+05
   25594, 11008,  6.8450369E-02,  2.3451120E+05
   25595, 11008,  7.9669274E-02,  2.3451120E+05
   25596, 11026,  2.9451880E-01,  1.3788902E+05
   25597, 11026,  8.5306190E-02,  1.3788902E+05
   25598, 11026,  1.6340581E-01,  1.3788902E+05
   25599, 11017,  9.6853420E-02,  5.1775722E+05
   25600, 11017,  1.3403781E-01,  5.1775722E+05
   25601, 11017,  5.5857703E-02,  5.1775722E+05
   25602, 11027,  1.4092566E-02,  2.4833158E+05
   25603, 11035,  5.4530554E-02,  1.9267989E+05
   25604, 11035,  7.5479947E-02,  1.9267989E+05
   25606, 11009,  2.5528076E-01,  8.2388367E+04
   25607, 11009,  3.1132513E-01,  8.2388367E+04
   25608, 11003,  3.5130456E-02,  3.2564362E+05
   25609, 22014,  9.3581207E-04,  3.9572438E+05
   25610, 22014,  1.6438338E-01,  3.9572438E+05
   25611, 22014,  1.6062103E-01,  3.9572438E+05
   25612, 22011,  9.0399995E-02,  4.1247475E+05
   25613, 22011,  3.1123430E-02,  4.1247475E+05
   25614, 22005,  5.8735635E-02,  2.3918539E+05
   25615, 22005,  9.7673371E-02,  2.3918539E+05
   25616, 22007,  3.2978958E-01,  1.0945302E+05
   25617, 22004,  7.8054860E-02,  3.3286575E+05
   25618, 22004,  5.5555161E-02,  3.3286575E+05
   25619, 22004,  1.1575747E-01,  3.3286575E+05
   25620, 22004,  4.3598067E-02,  3.3286575E+05
   25623, 13084,  2.6007974E-01,  2.4441958E+05
   25624, 13084,  6.5601401E-02,  2.4441958E+05
   25625, 13043,  2.8333727E-01,  5.7972152E+04
   25626, 13015,  1.1268149E-01,  1.5120566E+05
   25627, 13015,  1.5663397E-01,  1.5120566E+05
   25628, 13020,  1.4738685E-01,  7.6807008E+04
   25629, 13020,  7.6909083E-01,  7.6807008E+04
   25630, 13020,  5.8620238E-01,  7.6807008E+04
   25631, 13068,  3.4733617E-01,  8.4735844E+04
   25632, 13068,  1.1245722E-01,  8.4735844E+04
   25634, 30202,  5.8609623E-01,  6.2433262E+04
   25636, 30180,  2.1245149E-01,  5.9305078E+04
   25637, 30180,  4.0966889E-01,  5.9305078E+04
   25638, 30083,  2.1904038E-01,  1.6482773E+05
   25639, 30083,  2.0312083E-01,  1.6482773E+05
   25640, 21064,  3.5224122E-01,  7.7267172E+04
   25641, 21064,  1.5473899E-01,  7.7267172E+04
   25642, 30157,  1.8058248E-01,  4.2057777E+04
   25643, 30175,  1.4318970E-01,  1.9723739E+05
   25644, 30175,  2.6174974E-01,  1.9723739E+05
   25646, 30033,  3.2486799E-01,  7.5860453E+04
   25647, 30033,  3.8830981E-01,  7.5860453E+04
   25648, 30033,  1.2766460E-01,  7.5860453E+04
   25729,  4001,  1.3213350E-01,  2.3318167E+05
   25730,  4001,  1.2062629E-01,  2.3318167E+05
   25733, 31066,  7.4616484E-02,  1.2504018E+05
   25735, 31066,  2.2341356E-01,  1.2504018E+05
   25736, 31056,  1.7106870E-01,  2.2132105E+05
   25737, 31056,  2.2857964E-01,  2.2132105E+05
   25738, 31003,  6.4477056E-01,  2.8725320E+04
   25739, 31079,  1.1594521E-01,  3.1833088E+05
   25740, 31079,  6.3245654E-02,  3.1833088E+05
   25741, 31094,  6.2847042E-01,  1.6047937E+04
   25742, 31094,  6.6887629E-01,  1.6047937E+04
   25743, 31073,  2.7467299E-01,  5.4446957E+04
   25744, 31073,  3.2539490E-01,  5.4446957E+04
   25746, 31058,  2.0638531E-02,  1.9093956E+05
   25747, 31022,  2.8274277E-01,  8.7910461E+04
   25748, 31022,  7.4196666E-02,  8.7910461E+04
   25749, 23002,  1.9656215E-02,  1.2777081E+06
   25750, 23002,  1.7685175E-02,  1.2777081E+06
   25752, 23002,  8.2157651E-04,  1.2777081E+06
   25753, 23002,  2.5533743E-02,  1.2777081E+06
   25754, 23002,  3.1087617E-03,  1.2777081E+06
   25755, 23002,  1.9668693E-02,  1.2777081E+06
   25756, 23002,  5.3461519E-04,  1.2777081E+06
   25758, 23002,  5.8602393E-03,  1.2777081E+06
   25759, 23002,  1.1512439E-02,  1.2777081E+06
   25760, 23009,  2.7525861E-02,  3.3262150E+05
   25905, 18020,  7.9588495E-02,  1.9478441E+05
   25906, 18020,  6.4572677E-02,  1.9478441E+05
   25907, 18020,  9.8380744E-02,  1.9478441E+05
   25908, 18020,  1.7910665E-01,  1.9478441E+05
   25909, 14067,  2.0583041E-01,  1.6989683E+05
   25910, 14067,  1.3763493E-01,  1.6989683E+05
   25911, 14080,  1.6471983E-01,  1.3864744E+05
   25912, 14080,  2.5493729E-01,  1.3864744E+05
   25913, 14080,  1.0039979E-01,  1.3864744E+05
   25916, 14038,  2.6717111E-01,  1.2374941E+05
   25917, 18003,  5.6907691E-02,  8.5297352E+04
   25918, 18003,  1.5808976E-01,  8.5297352E+04
   25920, 14075,  5.8565146E-01,  2.1169744E+04
   25922, 14007,  4.1143852E-01,  4.2899168E+04
   25923, 14055,  4.8421495E-02,  1.3236705E+05
   25924, 14094,  4.0326011E-01,  1.4460202E+05
   25925, 14005,  8.3188117E-01,  7.0368070E+04
   25926, 14009,  5.6514883E-01,  5.9757492E+04
   25928, 14120,  3.6509227E-02,  3.1805981E+05
   25929, 14120,  5.8908097E-02,  3.1805981E+05
   25930, 14120,  1.5340745E-01,  3.1805981E+05
   25931, 14045,  2.4861369E-01,  1.4142681E+05
   25932, 14045,  8.1450574E-02,  1.4142681E+05
   25936, 14093,  1.2306403E-01,  4.5322591E+05
   25937, 14093,  1.0953327E-01,  4.5322591E+05
   25938, 14093,  6.9432296E-02,  4.5322591E+05
   25939, 14093,  8.6333930E-02,  4.5322591E+05
   25940, 14093,  5.3551506E-02,  4.5322591E+05
   25941, 14008,  1.5704378E-01,  1.6484942E+05
   25942, 14008,  2.7034977E-03,  1.6484942E+05
   25943, 14008,  5.8587007E-02,  1.6484942E+05
   25944, 14008,  5.7376243E-02,  1.6484942E+05
   25945, 11025,  2.3943959E-01,  1.1696662E+05
   25946, 11008,  7.8962445E-02,  2.3451120E+05
   25947, 11008,  1.2067729E-01,  2.3451120E+05
   25948, 11031,  1.4790754E-03,  1.3898762E+05
   25949, 11026,  2.0383523E-01,  1.3788902E+05
   25950, 11026,  1.5081215E-01,  1.3788902E+05
   25951, 11026,  2.4945650E-01,  1.3788902E+05
   25952, 11037,  8.7008491E-02,  2.6255497E+05
   25953, 11017,  1.3840021E-01,  5.1775722E+05
   25954, 11017,  2.0654371E-02,  5.1775722E+05
   25956, 11003,  5.0447737E-03,  3.2564362E+05
   25957, 11035,  9.4173692E-02,  1.9267989E+05
   25958, 11003,  3.0694758E-03,  3.2564362E+05
   25959, 11003,  1.3414814E-01,  3.2564362E+05
   25961, 11003,  3.0986294E-02,  3.2564362E+05
   25962, 11003,  1.7729631E-02,  3.2564362E+05
   25963, 22014,  2.0407788E-01,  3.9572438E+05
   25964, 22014,  7.3678941E-02,  3.9572438E+05
   25966, 22005,  7.6599985E-02,  2.3918539E+05
   25967, 22005,  4.2696863E-02,  2.3918539E+05
   25968, 22005,  1.0408711E-01,  2.3918539E+05
   25969, 22018,  8.3542531E-03,  1.3345823E+05
   25970, 22018,  2.0857438E-01,  1.3345823E+05
   25972, 22004,  5.6154858E-02,  3.3286575E+05
   25974, 22004,  7.9368763E-02,  3.3286575E+05
   25976, 13084,  1.1501989E-01,  2.4441958E+05
   25977, 13084,  1.4975056E-01,  2.4441958E+05
   25978, 13043,  6.4922142E-01,  5.7972152E+04
   25979, 13071,  9.4132960E-02,  7.1954141E+04
   25980, 13071,  5.5950865E-02,  7.1954141E+04
   25981, 13033,  3.5838041E-02,  5.3180344E+04
   25982, 13033,  8.6366522E-01,  5.3180344E+04
   25983, 13020,  5.5724669E-01,  7.6807008E+04
   25984, 13079,  2.0460486E-01,  2.5773439E+04
   25985, 13068,  2.6758170E-01,  8.4735844E+04
   25986, 30076,  4.5987225E-01,  4.6581520E+04
   25987, 30076,  9.7840059E-01,  4.6581520E+04
   25988, 30202,  3.8396478E-01,  6.2433262E+04
   25989, 30027,  4.6596164E-01,  7.7976344E+04
   25990, 30027,  1.3463716E-01,  7.7976344E+04
   25991, 30083,  1.0901922E-01,  1.6482773E+05
   25992, 30083,  5.9852891E-02,  1.6482773E+05
   25993, 21064,  2.1506825E-01,  7.7267172E+04
   25994, 21064,  2.0449513E-01,  7.7267172E+04
   25995, 30157,  3.0326012E-01,  4.2057777E+04
   25996, 30157,  2.5200856E-01,  4.2057777E+04
   25997, 30175,  2.6400700E-01,  1.9723739E+05
   25999, 30189,  4.6981439E-02,  2.5620422E+05
   26000, 30033,  9.0372920E-02,  7.5860453E+04
   26001, 30033,  1.4228533E-02,  7.5860453E+04
   26081,  4001,  1.1598565E-01,  2.3318167E+05
   26082,  4001,  1.1566409E-01,  2.3318167E+05
   26083,  4001,  1.7950284E-01,  2.3318167E+05
   26086, 31066,  4.2068426E-02,  1.2504018E+05
   26087, 31066,  1.8986851E-01,  1.2504018E+05
   26088, 31066,  3.3208859E-01,  1.2504018E+05
   26089, 31089,  6.5458409E-02,  1.0007027E+05
   26090, 31089,  3.2507348E-01,  1.0007027E+05
   26091, 31056,  1.7329118E-01,  2.2132105E+05
   26092, 31003,  2.3089405E-02,  2.8725320E+04
   26095, 31094,  1.4100010E-02,  1.6047937E+04
   26096, 31073,  3.3870795E-01,  5.4446957E+04
   26097, 31073,  1.0757629E-01,  5.4446957E+04
   26098, 31073,  3.7471589E-01,  5.4446957E+04
   26099, 31104,  3.6574677E-02,  2.1555458E+05
   26101, 31022,  2.2680180E-01,  8.7910461E+04
   26103, 23002,  1.4520600E-02,  1.2777081E+06
   26104, 23002,  2.0548381E-02,  1.2777081E+06
   26105, 23002,  1.6414857E-02,  1.2777081E+06
   26106, 23002,  3.2144645E-03,  1.2777081E+06
   26107, 23002,  1.1137821E-02,  1.2777081E+06
   26112, 23002,  1.6674655E-02,  1.2777081E+06
   26113, 23009,  2.9299306E-02,  3.3262150E+05
   26114, 23009,  3.2186196E-03,  3.3262150E+05
   26259, 18020,  1.4989024E-01,  1.9478441E+05
   26260, 18020,  7.4563362E-03,  1.9478441E+05
   26262, 18020,  6.4871028E-02,  1.9478441E+05
   26263, 18020,  1.6879303E-02,  1.9478441E+05
   26267, 14080,  1.6163200E-01,  1.3864744E+05
   26268, 14080,  1.4606145E-01,  1.3864744E+05
   26269, 18003,  3.0061397E-01,  8.5297352E+04
   26270, 18003,  2.3941925E-01,  8.5297352E+04
   26275, 14055,  2.7521431E-01,  1.3236705E+05
   26276, 14055,  4.7893214E-01,  1.3236705E+05
   26277, 14094,  2.7538964E-01,  1.4460202E+05
   26278, 14005,  2.0519897E-01,  7.0368070E+04
   26279, 14005,  1.6070968E-01,  7.0368070E+04
   26282, 14120,  6.4998180E-02,  3.1805981E+05
   26284, 14045,  2.3905097E-01,  1.4142681E+05
   26285, 14045,  1.0587177E-01,  1.4142681E+05
   26286, 14045,  1.5118764E-01,  1.4142681E+05
   26287, 14029,  1.4584956E-01,  5.6109863E+04
   26289, 14093,  5.3805884E-02,  4.5322591E+05
   26290, 14093,  1.0023066E-01,  4.5322591E+05
   26291, 14093,  1.2617674E-01,  4.5322591E+05
   26292, 14093,  4.4949315E-02,  4.5322591E+05
   26293, 14008,  1.4787580E-01,  1.6484942E+05
   26294, 14008,  1.8794623E-01,  1.6484942E+05
   26295, 14008,  3.9485533E-02,  1.6484942E+05
   26296, 14078,  5.6985509E-02,  2.1113106E+05
   26297, 14072,  2.4464014E-03,  8.5666641E+04
   26298, 14072,  4.8797503E-03,  8.5666641E+04
   26299, 11025,  4.0070936E-01,  1.1696662E+05
   26300, 11031,  2.8683212E-01,  1.3898762E+05
   26301, 11031,  3.7560340E-03,  1.3898762E+05
   26302, 11020,  2.9465076E-02,  4.6259228E+05
   26303, 11020,  2.9053534E-03,  4.6259228E+05
   26304, 11026,  1.4600882E-01,  1.3788902E+05
   26305, 11037,  3.0794862E-01,  2.6255497E+05
   26306, 11037,  2.0575880E-01,  2.6255497E+05
   26307, 11015,  6.3323259E-02,  2.6916741E+05
   26308, 11015,  7.7284001E-02,  2.6916741E+05
   26309, 11014,  2.5085155E-02,  3.0574241E+05
   26310, 11014,  1.1514287E-01,  3.0574241E+05
   26311, 11003,  9.2243537E-02,  3.2564362E+05
   26312, 11003,  2.1855956E-02,  3.2564362E+05
   26313, 11003,  1.2700497E-01,  3.2564362E+05
   26314, 11003,  8.1613198E-02,  3.2564362E+05
   26315, 11003,  4.8712354E-02,  3.2564362E+05
   26317, 11032,  2.1382460E-01,  2.2853895E+05
   26319, 22005,  8.1088401E-02,  2.3918539E+05
   26321, 22005,  6.3246347E-02,  2.3918539E+05
   26322, 22018,  2.8121331E-01,  1.3345823E+05
   26323, 22018,  1.9135062E-01,  1.3345823E+05
   26324, 22004,  5.9458826E-02,  3.3286575E+05
   26325, 22004,  1.4685780E-01,  3.3286575E+05
   26326, 22004,  1.4204392E-01,  3.3286575E+05
   26327, 22004,  1.1285863E-01,  3.3286575E+05
   26328, 22004,  3.8471516E-02,  3.3286575E+05
   26329, 13084,  1.2946871E-01,  2.4441958E+05
   26330, 13084,  1.1397783E-01,  2.4441958E+05
   26331, 13084,  1.8264387E-02,  2.4441958E+05
   26333, 13071,  1.8772206E-01,  7.1954141E+04
   26334, 13071,  6.1049044E-01,  7.1954141E+04
   26335, 13033,  1.7533084E-02,  5.3180344E+04
   26336, 13034,  5.8360547E-01,  4.2428379E+04
   26337, 13034,  7.9490465E-01,  4.2428379E+04
   26338, 13014,  2.6977682E-01,  9.2917797E+04
   26339, 13080,  7.4783695E-01,  6.7502289E+04
   26340, 13080,  2.6059490E-01,  6.7502289E+04
   26341, 13078,  7.9577667E-01,  3.2442592E+04
   26342, 30058,  1.1506148E-01,  3.0172750E+05
   26343, 30058,  2.6911154E-02,  3.0172750E+05
   26344, 30058,  5.7179637E-02,  3.0172750E+05
   26345, 30083,  9.4660990E-02,  1.6482773E+05
   26346, 30160,  3.5715934E-02,  3.7642522E+05
   26347, 30160,  6.3882381E-02,  3.7642522E+05
   26348, 30160,  6.0363676E-02,  3.7642522E+05
   26349, 30175,  1.2729734E-01,  1.9723739E+05
   26350, 30189,  3.0276312E-02,  2.5620422E+05
   26351, 30189,  1.2819566E-01,  2.5620422E+05
   26352, 30189,  7.7963673E-02,  2.5620422E+05
   26434,  4001,  7.9057164E-02,  2.3318167E+05
   26435,  4001,  5.1628046E-02,  2.3318167E+05
   26436,  4001,  1.8077284E-01,  2.3318167E+05
   26437,  4001,  1.1040001E-02,  2.3318167E+05
   26439, 31053,  8.8142239E-02,  1.0735327E+05
   26440, 31053,  2.9425299E-01,  1.0735327E+05
   26441, 31062,  2.5969329E-01,  6.5269141E+04
   26442, 31089,  4.8090827E-01,  1.0007027E+05
   26443, 31089,  2.3963875E-01,  1.0007027E+05
   26444, 31047,  8.0568779E-01,  3.1922990E+04
   26445, 31075,  1.2501185E+00,  1.8762150E+04
   26446, 31075,  4.0402071E-04,  1.8762150E+04
   26448, 31010,  2.2468792E-01,  7.9811867E+04
   26449, 31010,  1.6716067E-01,  7.9811867E+04
   26452, 31104,  1.3640913E-01,  2.1555458E+05
   26453, 31017,  7.2578931E-01,  2.5204842E+04
   26454, 31022,  3.7868100E-01,  8.7910461E+04
   26455, 31092,  6.3384622E-03,  5.5849277E+04
   26457, 23002,  1.4186219E-02,  1.2777081E+06
   26466, 23009,  1.0778682E-01,  3.3262150E+05
   26467, 23009,  7.2141327E-02,  3.3262150E+05
   26613, 18004,  9.5158204E-02,  2.7187769E+05
   26614, 18004,  2.1345370E-02,  2.7187769E+05
   26621, 18003,  4.3309446E-02,  8.5297352E+04
   26622, 18003,  4.4587567E-02,  8.5297352E+04
   26623, 18003,  1.5052287E-01,  8.5297352E+04
   26626, 14040,  2.1119194E-01,  1.8357198E+05
   26627, 14040,  3.6953607E-01,  1.8357198E+05
   26628, 14055,  3.3436686E-01,  1.3236705E+05
   26631, 14094,  5.3897657E-02,  1.4460202E+05
   26632, 14094,  3.9990194E-02,  1.4460202E+05
   26635, 14071,  4.1823047E-01,  4.8049273E+04
   26637, 14045,  8.2349135E-03,  1.4142681E+05
   26638, 14045,  1.6358976E-01,  1.4142681E+05
   26640, 14029,  3.8014212E-01,  5.6109863E+04
   26641, 14029,  1.6601654E-03,  5.6109863E+04
   26642, 14111,  1.6677740E-01,  1.8392583E+05
   26643, 14111,  4.1700672E-02,  1.8392583E+05
   26644, 14111,  3.2644847E-01,  1.8392583E+05
   26645, 14111,  2.3693125E-01,  1.8392583E+05
   26646, 14078,  9.0630420E-02,  2.1113106E+05
   26647, 14078,  1.0874110E-01,  2.1113106E+05
   26648, 14078,  1.7443648E-01,  2.1113106E+05
   26649, 14074,  7.8252232E-01,  4.7605070E+04
   26650, 14074,  3.8447970E-01,  4.7605070E+04
   26651, 14072,  3.4649175E-01,  8.5666641E+04
   26652, 14072,  4.2844850E-01,  8.5666641E+04
   26653, 11031,  5.7809162E-01,  1.3898762E+05
   26654, 11025,  1.2763245E-01,  1.1696662E+05
   26655, 11020,  6.3027240E-02,  4.6259228E+05
   26656, 11020,  5.0461799E-02,  4.6259228E+05
   26657, 11037,  1.8884209E-01,  2.6255497E+05
   26658, 11037,  1.2829691E-01,  2.6255497E+05
   26659, 11015,  2.5680980E-01,  2.6916741E+05
   26660, 11015,  1.7875171E-01,  2.6916741E+05
   26663, 11014,  7.3404796E-02,  3.0574241E+05
   26664, 11014,  1.7728191E-02,  3.0574241E+05
   26665, 11003,  3.9898645E-02,  3.2564362E+05
   26666, 11003,  2.1507028E-02,  3.2564362E+05
   26667, 11003,  6.1879039E-02,  3.2564362E+05
   26668, 11032,  7.5262398E-03,  2.2853895E+05
   26669, 11032,  1.4875014E-01,  2.2853895E+05
   26670, 11032,  1.8858443E-01,  2.2853895E+05
   26671, 11032,  7.9264836E-03,  2.2853895E+05
   26675, 22018,  1.5588164E-01,  1.3345823E+05
   26677, 22004,  8.3498746E-02,  3.3286575E+05
   26682, 13047,  2.1873111E-01,  8.2906727E+04
   26683, 13031,  1.7505142E-01,  8.4553711E+04
   26684, 13031,  2.1654031E-01,  8.4553711E+04
   26685, 13040,  1.4643095E-01,  7.1152523E+04
   26686, 13071,  1.7382729E-01,  7.1954141E+04
   26687, 13071,  1.4051731E-01,  7.1954141E+04
   26688, 13062,  2.8856951E-01,  1.3222916E+05
   26689, 13062,  2.8129163E-01,  1.3222916E+05
   26690, 13073,  2.2264987E-01,  1.4847978E+05
   26691, 13026,  1.1070658E+00,  4.6618742E+04
   26692, 13026,  1.9679908E-01,  4.6618742E+04
   26693, 13080,  6.2173039E-01,  6.7502289E+04
   26694, 13025,  3.5894978E-01,  1.3063829E+05
   26695, 30058,  1.1448156E-01,  3.0172750E+05
   26696, 30058,  1.5535302E-01,  3.0172750E+05
   26697, 30058,  7.9784520E-02,  3.0172750E+05
   26698, 30058,  2.8455917E-02,  3.0172750E+05
   26699, 30160,  8.4890418E-02,  3.7642522E+05
   26700, 30160,  7.3631987E-02,  3.7642522E+05
   26701, 30160,  1.5871704E-01,  3.7642522E+05
   26702, 30160,  9.7153731E-02,  3.7642522E+05
   26703, 30160,  8.0962755E-02,  3.7642522E+05
   26704, 30189,  2.1902846E-01,  2.5620422E+05
   26705, 30189,  1.4994685E-01,  2.5620422E+05
   26706, 30189,  1.0564725E-02,  2.5620422E+05
   26785,  4001,  4.8623517E-02,  2.3318167E+05
   26786,  4001,  3.8782600E-02,  2.3318167E+05
   26787, 31033,  1.2532933E-01,  8.8298766E+04
   26788, 31033,  2.4837652E-01,  8.8298766E+04
   26789, 31033,  2.5347593E-01,  8.8298766E+04
   26790, 31048,  9.9748455E-02,  1.0579866E+05
   26791, 31055,  1.1709166E-01,  3.8843262E+04
   26792, 31055,  3.4478673E-01,  3.8843262E+04
   26793, 31053,  3.3524024E-01,  1.0735327E+05
   26794, 31062,  2.9321465E-01,  6.5269141E+04
   26795, 31089,  2.7269578E-01,  1.0007027E+05
   26796, 31018,  4.0398705E-01,  3.0114725E+04
   26797, 31046,  9.2870301E-01,  3.0366211E+04
   26798, 31024,  8.3051956E-01,  1.7987898E+04
   26799, 31010,  2.6575646E-01,  7.9811867E+04
   26800, 31010,  3.1021726E-01,  7.9811867E+04
   26801, 31010,  7.6971687E-02,  7.9811867E+04
   26802, 31010,  8.4317259E-02,  7.9811867E+04
   26803, 31104,  3.9956726E-02,  2.1555458E+05
   26804, 31104,  9.9772394E-02,  2.1555458E+05
   26805, 31104,  3.5248820E-02,  2.1555458E+05
   26806, 31017,  2.0568041E-02,  2.5204842E+04
   26807, 31081,  2.9757220E-01,  2.9862189E+04
   26808, 31081,  1.3278922E-02,  2.9862189E+04
   26810, 31092,  3.2694107E-01,  5.5849277E+04
   26818, 23009,  5.1899895E-02,  3.3262150E+05
   26819, 23009,  3.8442757E-02,  3.3262150E+05
   26820, 23001,  1.4447653E-01,  1.6024972E+05
   26825, 23001,  1.9272558E-02,  1.6024972E+05
   26967, 18004,  8.2265727E-02,  2.7187769E+05
   26968, 18004,  2.4316516E-02,  2.7187769E+05
   26972, 18013,  5.0375719E-02,  9.0680430E+04
   26973, 18013,  1.7440318E-01,  9.0680430E+04
   26975, 18002,  2.4287255E-01,  7.8233914E+04
   26976, 18002,  6.7493379E-01,  7.8233914E+04
   26977, 18006,  5.0058782E-01,  1.2895333E+05
   26978, 18006,  4.4240940E-01,  1.2895333E+05
   26979, 14040,  3.0688044E-01,  1.8357198E+05
   26980, 14040,  5.8672260E-03,  1.8357198E+05
   26981, 14040,  4.2745870E-02,  1.8357198E+05
   26988, 14071,  4.3327963E-01,  4.8049273E+04
   26991, 32033,  2.2297192E-01,  8.9772367E+04
   26993, 14029,  1.5226507E-01,  5.6109863E+04
   26994, 14118,  2.5091052E-01,  1.1822317E+05
   26995, 14111,  8.7379187E-02,  1.8392583E+05
   26996, 14111,  9.0666264E-02,  1.8392583E+05
   26997, 14111,  9.0323314E-02,  1.8392583E+05
   26998, 14111,  3.1079391E-01,  1.8392583E+05
   26999, 14046,  2.5129095E-01,  1.7653569E+05
   27000, 14078,  6.5942667E-02,  2.1113106E+05
   27001, 14073,  7.4160226E-02,  2.6277400E+05
   27002, 14074,  1.0373797E-01,  4.7605070E+04
   27003, 14109,  2.5669726E-02,  2.0385528E+05
   27004, 14109,  9.2042230E-02,  2.0385528E+05
   27006, 11025,  1.6600706E-01,  1.1696662E+05
   27007, 11020,  1.9722454E-01,  4.6259228E+05
   27008, 11020,  2.2152817E-01,  4.6259228E+05
   27009, 11020,  1.5812361E-01,  4.6259228E+05
   27010, 11037,  1.0732584E-01,  2.6255497E+05
   27011, 11015,  8.7013982E-02,  2.6916741E+05
   27012, 11015,  3.2801237E-02,  2.6916741E+05
   27013, 11015,  1.6453755E-01,  2.6916741E+05
   27014, 11014,  1.1680534E-01,  3.0574241E+05
   27016, 11014,  6.4000330E-04,  3.0574241E+05
   27017, 11014,  1.2530126E-01,  3.0574241E+05
   27018, 11014,  9.2748389E-02,  3.0574241E+05
   27019, 11014,  3.5521828E-02,  3.0574241E+05
   27020, 11003,  7.0812456E-02,  3.2564362E+05
   27021, 11033,  8.7349437E-02,  4.5066703E+05
   27022, 11032,  3.1185353E-01,  2.2853895E+05
   27023, 11032,  1.2218513E-01,  2.2853895E+05
   27024, 11032,  1.7409506E-01,  2.2853895E+05
   27025, 11040,  4.0310973E-01,  5.5615762E+04
   27026, 11040,  8.3101794E-02,  5.5615762E+04
   27028, 22013,  2.2460641E-01,  2.2758952E+05
   27029, 22013,  1.0388304E-01,  2.2758952E+05
   27030, 22013,  1.6750683E-01,  2.2758952E+05
   27031, 22013,  5.2060768E-02,  2.2758952E+05
   27032, 22002,  9.9958934E-02,  1.6899022E+05
   27035, 13047,  9.8038316E-02,  8.2906727E+04
   27036, 13047,  4.7161928E-01,  8.2906727E+04
   27037, 13031,  3.4773859E-01,  8.4553711E+04
   27038, 13040,  5.9925377E-01,  7.1152523E+04
   27039, 13040,  3.4102190E-01,  7.1152523E+04
   27040, 13062,  2.5334519E-01,  1.3222916E+05
   27041, 13062,  2.3333605E-01,  1.3222916E+05
   27042, 13073,  1.1127295E-02,  1.4847978E+05
   27043, 13073,  2.5881925E-01,  1.4847978E+05
   27044, 13073,  2.9841673E-01,  1.4847978E+05
   27045, 13028,  2.3269905E-01,  1.0415114E+05
   27046, 13028,  2.8001022E-01,  1.0415114E+05
   27047, 13025,  4.2019349E-01,  1.3063829E+05
   27048, 13025,  2.7387783E-01,  1.3063829E+05
   27049, 30058,  1.2412186E-01,  3.0172750E+05
   27050, 30058,  3.2524288E-02,  3.0172750E+05
   27051, 30058,  4.4275954E-02,  3.0172750E+05
   27053, 30160,  7.6904058E-02,  3.7642522E+05
   27054, 30160,  8.1151098E-02,  3.7642522E+05
   27055, 30189,  8.7915882E-02,  2.5620422E+05
   27056, 30189,  3.3355743E-02,  2.5620422E+05
   27057, 30189,  8.9704856E-02,  2.5620422E+05
   27058, 30189,  6.0300767E-02,  2.5620422E+05
   27138,  4001,  4.2267144E-02,  2.3318167E+05
   27140, 31048,  2.1168436E-01,  1.0579866E+05
   27141, 31048,  1.8101567E-01,  1.0579866E+05
   27142, 31048,  2.2292578E-01,  1.0579866E+05
   27143, 31045,  1.1448202E+00,  3.4878020E+04
   27144, 31045,  5.8528817E-01,  3.4878020E+04
   27145, 31053,  5.3899225E-02,  1.0735327E+05
   27146, 31053,  2.1563771E-01,  1.0735327E+05
   27147, 31001,  2.8057000E-01,  6.5786516E+04
   27148, 31018,  1.2179227E-01,  3.0114725E+04
   27149, 31076,  1.3077438E-01,  6.5314465E+04
   27150, 31076,  4.2311314E-01,  6.5314465E+04
   27151, 31080,  2.8550336E-02,  2.1187508E+04
   27153, 31010,  2.9374734E-02,  7.9811867E+04
   27154, 31010,  1.0415839E-01,  7.9811867E+04
   27156, 31104,  8.9961179E-02,  2.1555458E+05
   27158, 31104,  3.9913850E-03,  2.1555458E+05
   27160, 31081,  1.8741122E-01,  2.9862189E+04
   27161, 31081,  2.0397328E-01,  2.9862189E+04
   27163, 31092,  3.2691473E-01,  5.5849277E+04
   27165, 31102,  3.6465049E-02,  2.6158445E+05
   27166, 23002,  1.7165311E-02,  1.2777081E+06
   27167, 23009,  6.0266137E-02,  3.3262150E+05
   27168, 23009,  2.0829111E-02,  3.3262150E+05
   27170, 23009,  6.1745934E-02,  3.3262150E+05
   27171, 23009,  1.8444778E-02,  3.3262150E+05
   27173, 23009,  2.1353392E-02,  3.3262150E+05
   27174, 23009,  3.9859433E-02,  3.3262150E+05
   27177, 23001,  1.1736879E-01,  1.6024972E+05
   27178, 23001,  1.6490577E-01,  1.6024972E+05
   27179, 23001,  4.8603304E-02,  1.6024972E+05
   27321, 18004,  9.9617556E-02,  2.7187769E+05
   27324, 18004,  3.4431618E-02,  2.7187769E+05
   27325, 18004,  7.4753419E-02,  2.7187769E+05
   27326, 18013,  8.8908058E-03,  9.0680430E+04
   27327, 18013,  3.0690458E-01,  9.0680430E+04
   27328, 18014,  6.7991138E-02,  3.1447091E+05
   27329, 18007,  7.3491269E-01,  9.6138766E+04
   27341, 32028,  7.5571191E-01,  5.4122406E+04
   27342, 32028,  7.6829337E-02,  5.4122406E+04
   27344, 32033,  2.6439750E-01,  8.9772367E+04
   27347, 14118,  3.2780439E-01,  1.1822317E+05
   27348, 14117,  3.4243217E-01,  5.9817613E+04
   27349, 14117,  3.9929721E-01,  5.9817613E+04
   27350, 14117,  4.6242067E-01,  5.9817613E+04
   27351, 14046,  8.1156706E-03,  1.7653569E+05
   27352, 14046,  3.1385252E-01,  1.7653569E+05
   27353, 14073,  1.6252811E-01,  2.6277400E+05
   27354, 14073,  8.0746166E-02,  2.6277400E+05
   27356, 14109,  3.8054816E-02,  2.0385528E+05
   27357, 14109,  1.0003120E-01,  2.0385528E+05
   27358, 14109,  1.7007002E-01,  2.0385528E+05
   27359, 14109,  2.4945453E-01,  2.0385528E+05
   27360, 11020,  3.3153728E-02,  4.6259228E+05
   27361, 11020,  8.1277013E-02,  4.6259228E+05
   27364, 11020,  1.5402297E-02,  4.6259228E+05
   27365, 11030,  1.8994581E-02,  4.6586797E+05
   27367, 11015,  9.6820453E-03,  2.6916741E+05
   27368, 11014,  8.4143937E-02,  3.0574241E+05
   27369, 11014,  8.0468841E-02,  3.0574241E+05
   27370, 11014,  1.5907247E-01,  3.0574241E+05
   27371, 11014,  2.7779542E-02,  3.0574241E+05
   27372, 11014,  3.3164822E-04,  3.0574241E+05
   27373, 11014,  1.8408974E-03,  3.0574241E+05
   27374, 11033,  1.0778452E-01,  4.5066703E+05
   27375, 11033,  5.7113942E-02,  4.5066703E+05
   27376, 11013,  2.1410228E-01,  5.4059148E+04
   27377, 11043,  1.9913778E-01,  1.7531053E+05
   27378, 11043,  9.4284557E-02,  1.7531053E+05
   27379, 11043,  2.7154154E-01,  1.7531053E+05
   27380, 22013,  9.8574184E-02,  2.2758952E+05
   27381, 22013,  4.0254310E-02,  2.2758952E+05
   27382, 11006,  3.5097653E-01,  1.2842201E+05
   27383, 22013,  1.0611536E-01,  2.2758952E+05
   27384, 22013,  1.5724248E-01,  2.2758952E+05
   27385, 22002,  2.1807328E-01,  1.6899022E+05
   27387, 22009,  8.0343768E-02,  1.6635348E+05
   27388, 22010,  1.5827712E-01,  9.0458750E+04
   27390, 13040,  2.9521341E-02,  7.1152523E+04
   27392, 13018,  4.4056129E-01,  1.2812519E+05
   27393, 13062,  3.5321432E-01,  1.3222916E+05
   27394, 13062,  1.5868032E-01,  1.3222916E+05
   27395, 13073,  6.0823038E-02,  1.4847978E+05
   27396, 13046,  1.4378829E-01,  1.0044312E+05
   27397, 13032,  1.6489124E+00,  2.1980672E+04
   27398, 13032,  1.5467749E+00,  2.1980672E+04
   27399, 30055,  2.6207072E-01,  1.0503788E+05
   27400, 30055,  1.9160010E-01,  1.0503788E+05
   27401, 30055,  5.0315815E-01,  1.0503788E+05
   27402, 30058,  1.0085651E-01,  3.0172750E+05
   27403, 30058,  1.0510343E-01,  3.0172750E+05
   27404, 30167,  2.4886391E-01,  6.9790172E+04
   27405, 30167,  7.4110627E-02,  6.9790172E+04
   27406, 30160,  1.3078289E-01,  3.7642522E+05
   27407, 30160,  6.5803289E-02,  3.7642522E+05
   27408, 30151,  6.3623995E-02,  1.3685877E+05
   27409, 30151,  1.0500722E-01,  1.3685877E+05
   27410, 30189,  6.0847685E-02,  2.5620422E+05
   27490,  4001,  4.5340908E-05,  2.3318167E+05
   27491,  4001,  2.4921161E-03,  2.3318167E+05
   27493, 31048,  8.6217381E-02,  1.0579866E+05
   27497, 31045,  6.5605271E-01,  3.4878020E+04
   27499, 31001,  3.6208564E-01,  6.5786516E+04
   27500, 31001,  3.7918773E-01,  6.5786516E+04
   27501, 31076,  6.3325830E-02,  6.5314465E+04
   27502, 31076,  3.9315236E-01,  6.5314465E+04
   27506, 31037,  2.8736857E-01,  4.1175492E+04
   27507, 31069,  4.0166461E-01,  9.8230383E+04
   27508, 31069,  2.5165486E-01,  9.8230383E+04
   27509, 31104,  1.5035075E-01,  2.1555458E+05
   27513, 31017,  3.8631111E-01,  2.5204842E+04
   27516, 31081,  6.0486698E-01,  2.9862189E+04
   27517, 31102,  3.2888226E-02,  2.6158445E+05
   27518, 31102,  1.1731458E-02,  2.6158445E+05
   27521, 23009,  3.7999075E-02,  3.3262150E+05
   27522, 23009,  1.0481058E-01,  3.3262150E+05
   27523, 23009,  1.2997466E-02,  3.3262150E+05
   27527, 23009,  6.3510552E-02,  3.3262150E+05
   27530, 23001,  1.2204095E-01,  1.6024972E+05
   27532, 23001,  1.5017444E-01,  1.6024972E+05
   27674, 18004,  9.1999933E-02,  2.7187769E+05
   27675, 18004,  7.4662790E-02,  2.7187769E+05
   27676, 18004,  1.0519995E-01,  2.7187769E+05
   27677, 18004,  1.5723576E-01,  2.7187769E+05
   27678, 18004,  8.0841005E-02,  2.7187769E+05
   27679, 18013,  2.5747764E-01,  9.0680430E+04
   27680, 18014,  1.7704833E-01,  3.1447091E+05
   27681, 18014,  1.2285929E-01,  3.1447091E+05
   27692, 32047,  1.1068686E-01,  1.1776233E+05
   27693, 32011,  7.6324567E-02,  3.9881711E+04
   27694, 32011,  4.4471189E-01,  3.9881711E+04
   27695, 32028,  3.2056153E-01,  5.4122406E+04
   27696, 32033,  1.0764156E-01,  8.9772367E+04
   27697, 32033,  2.3206916E-01,  8.9772367E+04
   27700, 32034,  7.6468639E-02,  1.2677008E+05
   27701, 14060,  5.9168023E-01,  5.6927148E+04
   27702, 14060,  2.2204000E-01,  5.6927148E+04
   27703, 14060,  4.6985388E-02,  5.6927148E+04
   27704, 14046,  6.9734670E-02,  1.7653569E+05
   27705, 14046,  1.8067212E-01,  1.7653569E+05
   27706, 14073,  8.7998942E-02,  2.6277400E+05
   27707, 14073,  3.1279275E-01,  2.6277400E+05
   27708, 14073,  1.5724100E-02,  2.6277400E+05
   27709, 14109,  8.8735037E-02,  2.0385528E+05
   27710, 14053,  4.0020258E-03,  5.9019931E+05
   27711, 14109,  3.4598529E-01,  2.0385528E+05
   27712, 14109,  3.5798378E-02,  2.0385528E+05
   27713, 11020,  4.6586100E-02,  4.6259228E+05
   27714, 11020,  5.4888360E-02,  4.6259228E+05
   27717, 11020,  1.8471329E-02,  4.6259228E+05
   27718, 11030,  3.0179439E-02,  4.6586797E+05
   27719, 11030,  1.9351751E-02,  4.6586797E+05
   27721, 11014,  7.0677958E-02,  3.0574241E+05
   27722, 11014,  5.5377819E-02,  3.0574241E+05
   27723, 11014,  6.4367488E-02,  3.0574241E+05
   27724, 11014,  6.3597962E-02,  3.0574241E+05
   27725, 11033,  5.2125081E-02,  4.5066703E+05
   27726, 11033,  1.6555203E-02,  4.5066703E+05
   27727, 11033,  8.1488810E-02,  4.5066703E+05
   27728, 11033,  4.3060198E-02,  4.5066703E+05
   27729, 11043,  6.5638356E-02,  1.7531053E+05
   27730, 11043,  2.1076468E-01,  1.7531053E+05
   27731, 11043,  2.7249125E-01,  1.7531053E+05
   27732, 11043,  5.9920039E-02,  1.7531053E+05
   27735, 11006,  1.2989696E-02,  1.2842201E+05
   27736, 11006,  5.5547410E-01,  1.2842201E+05
   27737, 11006,  2.0167965E-03,  1.2842201E+05
   27738, 22002,  1.7265379E-01,  1.6899022E+05
   27739, 22002,  2.5879732E-01,  1.6899022E+05
   27740, 22009,  6.6602714E-02,  1.6635348E+05
   27741, 22010,  8.8301688E-02,  9.0458750E+04
   27742, 22010,  2.0040883E-01,  9.0458750E+04
   27743, 22010,  2.0998679E-02,  9.0458750E+04
   27745, 13049,  8.8023138E-01,  6.1964301E+04
   27746, 24037,  3.0523854E-01,  1.4559461E+05
   27747, 24037,  2.8919255E-02,  1.4559461E+05
   27748, 13046,  3.4313747E-01,  1.0044312E+05
   27749, 13046,  5.1396918E-01,  1.0044312E+05
   27750, 13046,  2.9917809E-01,  1.0044312E+05
   27751, 30055,  3.5212052E-01,  1.0503788E+05
   27752, 30055,  4.2645073E-01,  1.0503788E+05
   27753, 30055,  2.8711683E-01,  1.0503788E+05
   27754, 30055,  1.1678195E-01,  1.0503788E+05
   27755, 30155,  1.2703167E-01,  2.7441544E+05
   27756, 30078,  6.0439152E-01,  5.5631371E+04
   27757, 30167,  3.0333081E-01,  6.9790172E+04
   27758, 30167,  4.7840732E-01,  6.9790172E+04
   27759, 30034,  1.1489117E+00,  3.8882445E+04
   27760, 30151,  2.9849195E-01,  1.3685877E+05
   27761, 30151,  3.2920092E-01,  1.3685877E+05
   27762, 30151,  2.0431313E-01,  1.3685877E+05
   27846, 31048,  8.5909814E-02,  1.0579866E+05
   27850, 31023,  4.8971978E-01,  2.2534367E+04
   27851, 31101,  5.4901592E-02,  1.4625675E+05
   27852, 31001,  2.8839123E-01,  6.5786516E+04
   27853, 31001,  4.3720353E-01,  6.5786516E+04
   27854, 31002,  4.6515275E-02,  7.7977320E+04
   27855, 31002,  2.3297755E-01,  7.7977320E+04
   27856, 31015,  1.0513408E+00,  1.3948676E+04
   27857, 31015,  9.6986246E-01,  1.3948676E+04
   27858, 31037,  4.7711796E-01,  4.1175492E+04
   27859, 31037,  2.8233442E-01,  4.1175492E+04
   27861, 31042,  1.8160805E-01,  1.1081132E+05
   27862, 31104,  1.2479651E-01,  2.1555458E+05
   27863, 31104,  2.5627214E-02,  2.1555458E+05
   27865, 31091,  9.4137922E-02,  1.9839708E+05
   27866, 31017,  9.1321754E-01,  2.5204842E+04
   27867, 31014,  6.0462326E-01,  3.0659076E+04
   27868, 31014,  1.0039841E+00,  3.0659076E+04
   27869, 31081,  1.0506585E+00,  2.9862189E+04
   27870, 31102,  2.6006822E-02,  2.6158445E+05
   27875, 23008,  8.6695991E-02,  2.1406855E+05
   27876, 23008,  7.1442518E-03,  2.1406855E+05
   27880, 23008,  1.5814641E-02,  2.1406855E+05
   27881, 23008,  9.6052170E-02,  2.1406855E+05
   27883, 23001,  3.2265084E-03,  1.6024972E+05
   27884, 23001,  2.2163591E-01,  1.6024972E+05
   27885, 23001,  6.6554494E-02,  1.6024972E+05
   28027, 18004,  9.6978866E-02,  2.7187769E+05
   28028, 18004,  6.6941336E-04,  2.7187769E+05
   28030, 18004,  8.3064124E-02,  2.7187769E+05
   28033, 18014,  2.4172090E-01,  3.1447091E+05
   28034, 18014,  4.2517722E-02,  3.1447091E+05
   28045, 32047,  2.9171547E-01,  1.1776233E+05
   28046, 32047,  2.1615383E-01,  1.1776233E+05
   28047, 32047,  6.4230025E-02,  1.1776233E+05
   28048, 32028,  7.4630645E-03,  5.4122406E+04
   28049, 32033,  1.2100454E-01,  8.9772367E+04
   28050, 32033,  4.0721425E-01,  8.9772367E+04
   28054, 32034,  2.4304172E-01,  1.2677008E+05
   28057, 14091,  1.1980674E-01,  2.0980623E+05
   28058, 14073,  5.3369768E-02,  2.6277400E+05
   28060, 14073,  1.2265519E-01,  2.6277400E+05
   28061, 14073,  1.3731885E-01,  2.6277400E+05
   28062, 14053,  1.1123871E-01,  5.9019931E+05
   28063, 14053,  1.3222694E-01,  5.9019931E+05
   28064, 14053,  7.7254668E-02,  5.9019931E+05
   28065, 14053,  6.8732925E-02,  5.9019931E+05
   28066, 14053,  4.5311514E-02,  5.9019931E+05
   28067, 11030,  5.6929950E-02,  4.6586797E+05
   28068, 11020,  7.8275643E-02,  4.6259228E+05
   28069, 11030,  6.1358452E-02,  4.6586797E+05
   28070, 11030,  5.9248652E-02,  4.6586797E+05
   28071, 11030,  5.5597935E-02,  4.6586797E+05
   28072, 11030,  8.9213088E-02,  4.6586797E+05
   28073, 11030,  1.9596830E-02,  4.6586797E+05
   28074, 11030,  3.0605180E-02,  4.6586797E+05
   28076, 11014,  5.9603993E-02,  3.0574241E+05
   28078, 11029,  1.3983557E-01,  2.4936134E+05
   28079, 11033,  1.1042335E-01,  4.5066703E+05
   28080, 11033,  9.1883220E-02,  4.5066703E+05
   28081, 11033,  5.6045584E-02,  4.5066703E+05
   28082, 11043,  1.0550696E-01,  1.7531053E+05
   28083, 11043,  9.4862238E-02,  1.7531053E+05
   28084, 11043,  9.9015802E-02,  1.7531053E+05
   28085, 11043,  9.8705500E-02,  1.7531053E+05
   28086, 11045,  2.5737941E-01,  8.5739156E+04
   28087, 11045,  4.4334304E-01,  8.5739156E+04
   28088, 11006,  2.8720903E-01,  1.2842201E+05
   28089, 11006,  4.3407228E-02,  1.2842201E+05
   28090, 22003,  6.5200850E-02,  1.6552691E+05
   28091, 22002,  2.6736420E-01,  1.6899022E+05
   28092, 22009,  1.4837594E-01,  1.6635348E+05
   28094, 22009,  3.3620782E-02,  1.6635348E+05
   28095, 22009,  2.5300819E-01,  1.6635348E+05
   28096, 22010,  2.3799755E-01,  9.0458750E+04
   28097, 24054,  4.0725985E-01,  6.4528289E+04
   28098, 13049,  1.4817700E-01,  6.1964301E+04
   28099, 24037,  6.3304260E-02,  1.4559461E+05
   28100, 24057,  1.1151863E+00,  4.7982059E+04
   28101, 24029,  4.5220423E-01,  6.7845867E+04
   28103, 30056,  5.1104134E-01,  5.1722832E+04
   28104, 30055,  1.9028895E-01,  1.0503788E+05
   28105, 30155,  1.4919455E-01,  2.7441544E+05
   28106, 30155,  8.4443137E-02,  2.7441544E+05
   28107, 30155,  6.4465560E-02,  2.7441544E+05
   28108, 30155,  2.8685378E-02,  2.7441544E+05
   28109, 30078,  5.2794409E-01,  5.5631371E+04
   28110, 30063,  9.4847715E-01,  1.7527822E+04
   28112, 30153,  7.4143523E-01,  6.9705484E+04
   28113, 30153,  1.9201666E-01,  6.9705484E+04
   28114, 30151,  4.8517920E-02,  1.3685877E+05
   28115, 30151,  1.8209386E-01,  1.3685877E+05
   28116, 30151,  9.0408355E-02,  1.3685877E+05
   28197, 31011,  2.9640520E-01,  5.1785141E+04
   28198, 31011,  3.5222477E-01,  5.1785141E+04
   28199, 31044,  3.0762392E-01,  7.1224727E+04
   28200, 31044,  2.5924909E-01,  7.1224727E+04
   28201, 31087,  1.0314124E+00,  1.5835397E+04
   28203, 31063,  7.4215746E-01,  2.1136775E+04
   28204, 31101,  2.8358001E-01,  1.4625675E+05
   28205, 31101,  1.0240187E-01,  1.4625675E+05
   28206, 31050,  8.3150320E-02,  4.8545259E+05
   28207, 31002,  4.4908175E-01,  7.7977320E+04
   28208, 31002,  5.1955521E-01,  7.7977320E+04
   28209, 31015,  5.1456136E-01,  1.3948676E+04
   28210, 31034,  6.7771721E-01,  2.4612764E+04
   28211, 31103,  6.3251263E-01,  3.6302055E+04
   28212, 31042,  2.1536431E-01,  1.1081132E+05
   28213, 31040,  4.1205069E-01,  1.4590091E+05
   28214, 31071,  9.3523979E-01,  6.6763000E+04
   28215, 31071,  6.7222440E-01,  6.6763000E+04
   28216, 31071,  7.3241073E-01,  6.6763000E+04
   28217, 31091,  2.7250451E-01,  1.9839708E+05
   28218, 31091,  3.0193630E-01,  1.9839708E+05
   28219, 31091,  1.8306121E-01,  1.9839708E+05
   28220, 31091,  2.1199100E-01,  1.9839708E+05
   28221, 31099,  7.7992451E-01,  6.0741039E+04
   28222, 31102,  2.3007891E-01,  2.6158445E+05
   28223, 31102,  7.0767768E-02,  2.6158445E+05
   28224, 31102,  7.2257057E-02,  2.6158445E+05
   28225, 31019,  8.2785234E-02,  2.3525405E+05
   28226, 31019,  5.5234514E-02,  2.3525405E+05
   28229, 23007,  9.0568252E-02,  2.2951944E+05
   28234, 23001,  5.2102715E-02,  1.6024972E+05
   28235, 23001,  1.3633239E-01,  1.6024972E+05
   28237, 23001,  3.0925823E-02,  1.6024972E+05
   28379, 18012,  3.4467921E-02,  3.5937931E+05
   28380, 18012,  6.6373333E-02,  3.5937931E+05
   28382, 18008,  3.7464590E-03,  5.7360023E+04
   28383, 18008,  4.3965939E-01,  5.7360023E+04
   28384, 18017,  5.0025564E-03,  5.1559294E+05
   28385, 18014,  2.1358511E-01,  3.1447091E+05
   28386, 18014,  9.1509931E-02,  3.1447091E+05
   28387, 18014,  1.5948510E-02,  3.1447091E+05
   28399, 32047,  2.6781860E-01,  1.1776233E+05
   28400, 32047,  2.5091772E-03,  1.1776233E+05
   28403, 32023,  2.7388766E-01,  6.2231766E+04
   28404, 32023,  4.5571721E-01,  6.2231766E+04
   28406, 32034,  8.1842050E-02,  1.2677008E+05
   28407, 32034,  1.2771614E-01,  1.2677008E+05
   28408, 32034,  1.9384004E-01,  1.2677008E+05
   28409, 14091,  1.5846524E-01,  2.0980623E+05
   28410, 14091,  1.7765309E-01,  2.0980623E+05
   28411, 14091,  8.6259268E-02,  2.0980623E+05
   28412, 14073,  3.3164218E-02,  2.6277400E+05
   28413, 14035,  4.6386175E-02,  4.0193350E+05
   28414, 14035,  5.4245025E-02,  4.0193350E+05
   28415, 14053,  4.9548477E-02,  5.9019931E+05
   28416, 14053,  1.1973023E-02,  5.9019931E+05
   28417, 14053,  6.0647741E-02,  5.9019931E+05
   28418, 14053,  5.4744825E-02,  5.9019931E+05
   28419, 14053,  3.1339610E-03,  5.9019931E+05
   28421, 11030,  7.1244282E-03,  4.6586797E+05
   28422, 11022,  1.3492125E-01,  1.4967630E+05
   28423, 11030,  6.5617950E-04,  4.6586797E+05
   28425, 11030,  4.0658910E-02,  4.6586797E+05
   28426, 11030,  7.2536349E-02,  4.6586797E+05
   28429, 11029,  7.6839708E-02,  2.4936134E+05
   28430, 11029,  1.6425788E-02,  2.4936134E+05
   28431, 11029,  2.0714793E-01,  2.4936134E+05
   28432, 11029,  7.9710148E-02,  2.4936134E+05
   28433, 11033,  5.8650635E-02,  4.5066703E+05
   28434, 11033,  8.7709017E-03,  4.5066703E+05
   28435, 11033,  1.4205682E-03,  4.5066703E+05
   28441, 11006,  1.5858728E-01,  1.2842201E+05
   28442, 11006,  2.5711155E-01,  1.2842201E+05
   28443, 22003,  1.9219354E-02,  1.6552691E+05
   28444, 22002,  1.7872471E-01,  1.6899022E+05
   28445, 22003,  1.6692884E-02,  1.6552691E+05
   28447, 22009,  6.5563619E-02,  1.6635348E+05
   28448, 22009,  1.2638861E-01,  1.6635348E+05
   28450, 24054,  1.7425147E-01,  6.4528289E+04
   28451, 24054,  4.4198692E-01,  6.4528289E+04
   28452, 24053,  1.1565850E-01,  9.7278570E+04
   28453, 24038,  8.5839045E-01,  5.6432117E+04
   28454, 24038,  4.8829067E-01,  5.6432117E+04
   28455, 24029,  2.9964373E-01,  6.7845867E+04
   28458, 30161,  8.1829026E-02,  2.3130419E+05
   28459, 30155,  9.2579953E-02,  2.7441544E+05
   28460, 30155,  1.7568463E-01,  2.7441544E+05
   28461, 30155,  2.2226319E-02,  2.7441544E+05
   28463, 30154,  1.2266250E-01,  9.8170539E+04
   28464, 30035,  2.0703855E+00,  2.2344891E+04
   28465, 30150,  6.7212939E-01,  5.2906383E+04
   28466, 30013,  6.7040086E-01,  6.0047613E+04
   28467, 30013,  9.1124035E-02,  6.0047613E+04
   28554, 31087,  2.5444925E-01,  1.5835397E+04
   28555, 31044,  4.6310684E-01,  7.1224727E+04
   28556, 31063,  1.2906493E+00,  2.1136775E+04
   28557, 31101,  2.8874969E-01,  1.4625675E+05
   28558, 31050,  1.5818013E-01,  4.8545259E+05
   28559, 31050,  1.4115387E-01,  4.8545259E+05
   28560, 31041,  6.5219510E-01,  6.7161586E+04
   28561, 31002,  4.5722157E-01,  7.7977320E+04
   28562, 31074,  5.9625798E-01,  3.1345562E+04
   28563, 31074,  8.8911009E-01,  3.1345562E+04
   28564, 31035,  1.7453718E+00,  2.0469055E+04
   28566, 31071,  3.1192082E-01,  6.6763000E+04
   28570, 31060,  4.4504013E-02,  1.9356840E+04
   28571, 31030,  5.1295006E-01,  6.2976953E+04
   28572, 31091,  9.9767439E-02,  1.9839708E+05
   28573, 31091,  5.6574490E-02,  1.9839708E+05
   28575, 31102,  1.9894536E-01,  2.6158445E+05
   28576, 31102,  1.4594330E-01,  2.6158445E+05
   28577, 31102,  1.4866947E-01,  2.6158445E+05
   28578, 31019,  1.0138681E-01,  2.3525405E+05
   28579, 31019,  5.3488947E-02,  2.3525405E+05
   28580, 31019,  5.9197988E-02,  2.3525405E+05
   28582, 23007,  8.1216976E-02,  2.2951944E+05
   28588, 23008,  1.1132212E-01,  2.1406855E+05
   28589, 23008,  8.5502654E-02,  2.1406855E+05
   28733, 18012,  1.1161646E-01,  3.5937931E+05
   28734, 18012,  3.9802611E-02,  3.5937931E+05
   28736, 18008,  5.6658471E-01,  5.7360023E+04
   28737, 18017,  1.7686418E-01,  5.1559294E+05
   28738, 18017,  3.1712145E-02,  5.1559294E+05
   28739, 18014,  5.6818530E-02,  3.1447091E+05
   28740, 18014,  5.0662111E-02,  3.1447091E+05
   28741, 18009,  1.7914321E-02,  3.8617547E+05
   28744, 18019,  6.4738216E-03,  2.8221672E+05
   28745, 18019,  4.6698559E-02,  2.8221672E+05
   28752, 32004,  7.3087168E-01,  4.6530832E+04
   28753, 32047,  2.9438382E-01,  1.1776233E+05
   28757, 32001,  8.6052424E-01,  3.5463555E+04
   28759, 32034,  3.1355102E-02,  1.2677008E+05
   28760, 32034,  2.0288974E-01,  1.2677008E+05
   28761, 32002,  3.8208228E-01,  5.7673832E+04
   28763, 14091,  1.6679481E-01,  2.0980623E+05
   28764, 14091,  6.0584970E-02,  2.0980623E+05
   28766, 14035,  8.3172187E-02,  4.0193350E+05
   28767, 14035,  2.1610910E-01,  4.0193350E+05
   28768, 14035,  4.7554489E-02,  4.0193350E+05
   28769, 14053,  3.0894002E-02,  5.9019931E+05
   28770, 14053,  2.8134203E-02,  5.9019931E+05
   28771, 14053,  8.5241096E-03,  5.9019931E+05
   28772, 14053,  4.0032841E-02,  5.9019931E+05
   28773, 14053,  8.0654062E-03,  5.9019931E+05
   28775, 11022,  1.6064709E-01,  1.4967630E+05
   28778, 11030,  6.5969877E-02,  4.6586797E+05
   28779, 11030,  5.9579879E-02,  4.6586797E+05
   28782, 11029,  5.1350303E-02,  2.4936134E+05
   28783, 11029,  1.2792701E-01,  2.4936134E+05
   28784, 11029,  1.7859961E-01,  2.4936134E+05
   28785, 11033,  4.9704574E-02,  4.5066703E+05
   28786, 11033,  1.2791274E-02,  4.5066703E+05
   28787, 11033,  1.1039355E-01,  4.5066703E+05
   28796, 22003,  2.4069828E-01,  1.6552691E+05
   28797, 22003,  1.1264903E-01,  1.6552691E+05
   28798, 24031,  8.8139307E-03,  8.8365914E+04
   28799, 24031,  1.1649381E-01,  8.8365914E+04
   28801, 22009,  1.2211889E-01,  1.6635348E+05
   28802, 22009,  4.7544520E-02,  1.6635348E+05
   28804, 24014,  4.6537820E-01,  3.6090895E+04
   28805, 24053,  6.0261339E-01,  9.7278570E+04
   28806, 24039,  3.2543948E-01,  1.1356830E+05
   28807, 24038,  3.8357460E-01,  5.6432117E+04
   28808, 24029,  3.1477076E-01,  6.7845867E+04
   28811, 30161,  1.1304100E-01,  2.3130419E+05
   28812, 30155,  1.4316325E-01,  2.7441544E+05
   28816, 30154,  3.7687950E-02,  9.8170539E+04
   28817, 30154,  1.2003519E-01,  9.8170539E+04
   28818, 30150,  4.2377692E-01,  5.2906383E+04
   28819, 30154,  1.9200942E-01,  9.8170539E+04
   28820, 30154,  1.3161576E-01,  9.8170539E+04
   28908, 31038,  1.9842678E-01,  9.7586820E+04
   28909, 31038,  3.7379873E-01,  9.7586820E+04
   28910, 31100,  1.1453854E+00,  1.6091688E+04
   28911, 31050,  1.5584567E-01,  4.8545259E+05
   28912, 31050,  1.9004150E-01,  4.8545259E+05
   28913, 31095,  8.7966895E-01,  2.3771502E+04
   28914, 31093,  7.1601772E-01,  3.6689965E+04
   28915, 31093,  5.1255935E-01,  3.6689965E+04
   28916, 31007,  5.6536555E-01,  3.6612387E+04
   28917, 31078,  1.6771388E+00,  1.8372322E+04
   28918, 31040,  1.5037102E-01,  1.4590091E+05
   28919, 31040,  3.1013772E-01,  1.4590091E+05
   28920, 31097,  3.6286214E-01,  5.3207859E+04
   28921, 31097,  3.4383199E-01,  5.3207859E+04
   28922, 31097,  5.7529867E-01,  5.3207859E+04
   28923, 31012,  3.9196792E-01,  6.5923273E+04
   28924, 31030,  2.1659385E-02,  6.2976953E+04
   28925, 31032,  2.3992690E-01,  1.0090846E+05
   28926, 31032,  2.0871414E-02,  1.0090846E+05
   28928, 31085,  4.6834198E-01,  4.8248746E+04
   28929, 31085,  9.4571687E-02,  4.8248746E+04
   28931, 31019,  6.4175844E-02,  2.3525405E+05
   28932, 31019,  1.6709328E-01,  2.3525405E+05
   28933, 31019,  2.0839515E-01,  2.3525405E+05
   28934, 31019,  8.1379421E-02,  2.3525405E+05
   28935, 23007,  7.9658590E-02,  2.2951944E+05
   28942, 23008,  2.0975581E-01,  2.1406855E+05
   29085, 18012,  9.6860811E-02,  3.5937931E+05
   29086, 18012,  1.1523768E-01,  3.5937931E+05
   29087, 18012,  9.2488460E-02,  3.5937931E+05
   29088, 18017,  7.4044824E-02,  5.1559294E+05
   29089, 18017,  1.2002067E-01,  5.1559294E+05
   29090, 18017,  7.3367782E-02,  5.1559294E+05
   29091, 18017,  1.3639614E-02,  5.1559294E+05
   29093, 18014,  1.7495712E-02,  3.1447091E+05
   29094, 18019,  7.7835679E-02,  2.8221672E+05
   29095, 18019,  5.7831135E-02,  2.8221672E+05
   29097, 18019,  1.1655094E-01,  2.8221672E+05
   29098, 18019,  4.8058022E-02,  2.8221672E+05
   29102, 14076,  2.2429466E-01,  3.5709625E+04
   29105, 32045,  2.7851531E-01,  6.7840062E+04
   29106, 32058,  4.0469620E-01,  2.5649143E+04
   29107, 32058,  4.9083295E-01,  2.5649143E+04
   29110, 32019,  1.5811588E-01,  1.2644722E+05
   29112, 32019,  1.4338373E-03,  1.2644722E+05
   29113, 32034,  1.7647409E-01,  1.2677008E+05
   29114, 32034,  1.6146825E-01,  1.2677008E+05
   29115, 32002,  3.3526459E-01,  5.7673832E+04
   29116, 14091,  1.1628792E-01,  2.0980623E+05
   29117, 14091,  4.6350352E-02,  2.0980623E+05
   29118, 14091,  1.3825858E-01,  2.0980623E+05
   29119, 14035,  1.3422807E-01,  4.0193350E+05
   29120, 14035,  2.6797783E-02,  4.0193350E+05
   29121, 14035,  4.7744732E-02,  4.0193350E+05
   29123, 14053,  2.6163455E-02,  5.9019931E+05
   29126, 14053,  3.9252900E-02,  5.9019931E+05
   29128, 11022,  1.2774462E-01,  1.4967630E+05
   29129, 11022,  9.1840193E-02,  1.4967630E+05
   29130, 11022,  1.3779813E-01,  1.4967630E+05
   29131, 11030,  1.4804514E-02,  4.6586797E+05
   29132, 11030,  9.2760148E-03,  4.6586797E+05
   29133, 11030,  3.5256777E-02,  4.6586797E+05
   29136, 11029,  2.7578126E-03,  2.4936134E+05
   29137, 11029,  1.7722170E-01,  2.4936134E+05
   29140, 11033,  5.6410171E-02,  4.5066703E+05
   29146, 24027,  6.6197343E-02,  7.9918906E+04
   29148, 24027,  3.0606125E-02,  7.9918906E+04
   29149, 24019,  3.4480968E-01,  8.5934852E+04
   29150, 24019,  1.8162474E-01,  8.5934852E+04
   29151, 24019,  3.0059209E-01,  8.5934852E+04
   29155, 22009,  1.1035024E-01,  1.6635348E+05
   29157, 24014,  1.2105097E+00,  3.6090895E+04
   29158, 24014,  1.2734591E+00,  3.6090895E+04
   29159, 24039,  3.6461699E-01,  1.1356830E+05
   29160, 24039,  2.9830095E-01,  1.1356830E+05
   29161, 30161,  7.2431006E-02,  2.3130419E+05
   29162, 30161,  4.1290700E-02,  2.3130419E+05
   29163, 30161,  4.3024685E-02,  2.3130419E+05
   29164, 30161,  1.7724615E-01,  2.3130419E+05
   29165, 30161,  9.6386984E-02,  2.3130419E+05
   29166, 30161,  1.1893258E-03,  2.3130419E+05
   29168, 30063,  6.5477146E-03,  1.7527822E+04
   29170, 30154,  1.7504661E-01,  9.8170539E+04
   29171, 30150,  2.8353468E-01,  5.2906383E+04
   29172, 30150,  3.6195955E-01,  5.2906383E+04
   29173, 30154,  2.0009378E-02,  9.8170539E+04
   29260, 31038,  1.4026330E-01,  9.7586820E+04
   29261, 31038,  1.3313879E-01,  9.7586820E+04
   29263, 31050,  1.4592454E-02,  4.8545259E+05
   29264, 31050,  1.5068859E-01,  4.8545259E+05
   29265, 31050,  1.0809845E-01,  4.8545259E+05
   29266, 31013,  1.1016096E+00,  3.0304689E+04
   29267, 31004,  5.8247548E-01,  3.9564656E+04
   29268, 31052,  2.5612074E-01,  8.1629391E+04
   29269, 31052,  2.6387095E-01,  8.1629391E+04
   29270, 31078,  1.3909460E+00,  1.8372322E+04
   29271, 31086,  2.8584590E+00,  1.1072891E+04
   29272, 31077,  1.1411431E+00,  1.7631320E+04
   29276, 31012,  5.0575954E-01,  6.5923273E+04
   29277, 31012,  7.5206980E-03,  6.5923273E+04
   29279, 31032,  2.4630786E-01,  1.0090846E+05
   29280, 31032,  9.3646739E-03,  1.0090846E+05
   29281, 31008,  4.3630129E-01,  4.1345523E+04
   29285, 31019,  5.5917080E-05,  2.3525405E+05
   29286, 31019,  2.5577301E-03,  2.3525405E+05
   29287, 31019,  5.5867530E-02,  2.3525405E+05
   29288, 23007,  1.4240094E-01,  2.2951944E+05
   29289, 23007,  8.8692829E-02,  2.2951944E+05
   29290, 23007,  4.9929570E-02,  2.2951944E+05
   29295, 23008,  1.4502566E-02,  2.1406855E+05
   29296, 23005,  8.4406950E-02,  5.0415512E+05
   29422, 18012,  1.0089668E-02,  3.5937931E+05
   29423, 18012,  3.5995208E-02,  3.5937931E+05
   29424, 18012,  2.6745155E-02,  3.5937931E+05
   29437, 18012,  2.0155394E-02,  3.5937931E+05
   29438, 18012,  3.8716774E-02,  3.5937931E+05
   29439, 18012,  9.8834187E-02,  3.5937931E+05
   29440, 18012,  2.6466589E-02,  3.5937931E+05
   29441, 18017,  1.0260920E-01,  5.1559294E+05
   29442, 18017,  2.1121049E-02,  5.1559294E+05
   29443, 18017,  6.0609937E-02,  5.1559294E+05
   29444, 18017,  2.3873365E-02,  5.1559294E+05
   29448, 18019,  1.2854840E-01,  2.8221672E+05
   29449, 18019,  1.1628234E-01,  2.8221672E+05
   29450, 18019,  4.1494895E-02,  2.8221672E+05
   29451, 18019,  5.1885653E-02,  2.8221672E+05
   29452, 18019,  2.6670260E-02,  2.8221672E+05
   29455, 14076,  4.0113011E-01,  3.5709625E+04
   29457, 14031,  8.9574188E-02,  5.9524703E+04
   29458, 32045,  4.9585351E-01,  6.7840062E+04
   29460, 32045,  5.1078320E-01,  6.7840062E+04
   29462, 32048,  8.2311772E-02,  1.0612550E+05
   29463, 32048,  1.8293545E-01,  1.0612550E+05
   29464, 32019,  3.0484232E-01,  1.2644722E+05
   29465, 32019,  2.5488621E-01,  1.2644722E+05
   29466, 32019,  1.8127698E-02,  1.2644722E+05
   29469, 14116,  4.5919630E-01,  6.6535180E+04
   29470, 14091,  9.0309829E-02,  2.0980623E+05
   29471, 14091,  1.5402139E-03,  2.0980623E+05
   29472,  1001,  1.0856558E-01,  4.8474619E+05
   29473,  1001,  1.0272140E-02,  4.8474619E+05
   29474, 14035,  6.0377896E-02,  4.0193350E+05
   29475, 14035,  3.5728704E-02,  4.0193350E+05
   29476, 14053,  1.8086182E-02,  5.9019931E+05
   29479, 14064,  2.2719333E-02,  1.8346967E+05
   29480, 14064,  8.1931315E-02,  1.8346967E+05
   29481, 11022,  1.6454937E-01,  1.4967630E+05
   29482, 11022,  1.6284540E-01,  1.4967630E+05
   29483, 11022,  1.2671956E-01,  1.4967630E+05
   29484, 11030,  2.5092317E-02,  4.6586797E+05
   29486, 11030,  4.4221979E-02,  4.6586797E+05
   29490, 24032,  1.7702246E-01,  2.6878541E+05
   29491, 24043,  9.5645234E-02,  3.1428361E+04
   29492, 24043,  3.4418482E-01,  3.1428361E+04
   29493, 24043,  5.2703470E-01,  3.1428361E+04
   29496, 11043,  7.0048228E-04,  1.7531053E+05
   29498, 24024,  7.5159748E-03,  3.0514591E+05
   29499, 24027,  1.9257067E-01,  7.9918906E+04
   29500, 24027,  3.9684057E-01,  7.9918906E+04
   29501, 24027,  3.7311617E-01,  7.9918906E+04
   29503, 24019,  7.8870408E-02,  8.5934852E+04
   29504, 24019,  3.5653093E-01,  8.5934852E+04
   29509, 24003,  6.3078828E-02,  1.7524527E+05
   29510, 24003,  2.8010955E-01,  1.7524527E+05
   29511, 24026,  1.6313970E+00,  1.8727559E+04
   29512, 24039,  1.1283998E-01,  1.1356830E+05
   29513, 24039,  1.3862313E-01,  1.1356830E+05
   29514, 24042,  9.2044216E-01,  5.3218148E+04
   29517, 30161,  8.1377394E-02,  2.3130419E+05
   29518, 30161,  8.1090620E-03,  2.3130419E+05
   29519, 30161,  8.5659474E-02,  2.3130419E+05
   29520, 30161,  1.8028433E-02,  2.3130419E+05
   29522, 30121,  1.5797653E-03,  3.2741491E+05
   29523, 30121,  8.1552133E-02,  3.2741491E+05
   29525, 30150,  2.0028274E-01,  5.2906383E+04
   29613, 31038,  7.3824883E-02,  9.7586820E+04
   29615, 31100,  5.3407514E-01,  1.6091688E+04
   29616, 31050,  1.7854005E-02,  4.8545259E+05
   29617, 31059,  2.1830736E-01,  1.7026391E+05
   29618, 31020,  3.5406703E-01,  2.0962135E+04
   29619, 31020,  1.5990363E+00,  2.0962135E+04
   29620, 31052,  4.6687824E-01,  8.1629391E+04
   29621, 31052,  5.1282865E-01,  8.1629391E+04
   29622, 31052,  2.2857329E-01,  8.1629391E+04
   29623, 31072,  1.6619730E+00,  1.7221408E+04
   29625, 31077,  1.0532948E+00,  1.7631320E+04
   29626, 31031,  6.7051488E-01,  1.3702808E+03
   29630, 31012,  3.3748257E-01,  6.5923273E+04
   29633, 31032,  3.5431403E-01,  1.0090846E+05
   29634, 31008,  7.1677822E-01,  4.1345523E+04
   29640, 31096,  8.0842040E-03,  4.1522309E+05
   29641, 23007,  8.5525319E-02,  2.2951944E+05
   29642, 23007,  6.9713853E-02,  2.2951944E+05
   29643, 23007,  3.8325284E-02,  2.2951944E+05
   29644, 23007,  8.8564031E-02,  2.2951944E+05
   29645, 23005,  1.9564442E-02,  5.0415512E+05
   29649, 23005,  7.7572770E-02,  5.0415512E+05
   29775, 18012,  4.5864485E-02,  3.5937931E+05
   29776, 18012,  8.5321844E-02,  3.5937931E+05
   29777, 18012,  2.7117985E-03,  3.5937931E+05
   29789, 18015,  4.9093336E-02,  4.1985356E+05
   29790, 18012,  1.0707882E-01,  3.5937931E+05
   29791, 18012,  6.0770117E-02,  3.5937931E+05
   29792, 18015,  7.6001682E-03,  4.1985356E+05
   29793, 18012,  1.2098719E-01,  3.5937931E+05
   29794, 18017,  4.1529153E-02,  5.1559294E+05
   29795, 18017,  1.5439834E-02,  5.1559294E+05
   29796, 18017,  4.3192722E-02,  5.1559294E+05
   29801, 18019,  7.6182380E-02,  2.8221672E+05
   29802, 18019,  1.8784612E-02,  2.8221672E+05
   29805, 18019,  6.9030568E-02,  2.8221672E+05
   29808, 14076,  6.8640703E-01,  3.5709625E+04
   29810, 14031,  1.0659947E-01,  5.9524703E+04
   29811, 32003,  1.3145375E-01,  8.2833430E+04
   29812, 32003,  4.0401155E-01,  8.2833430E+04
   29813, 32045,  2.9155362E-01,  6.7840062E+04
   29815, 32048,  1.3669075E-01,  1.0612550E+05
   29817, 32019,  1.4257430E-01,  1.2644722E+05
   29818, 32019,  4.7418222E-02,  1.2644722E+05
   29819,  1003,  1.0247874E-01,  1.9755333E+05
   29822,  1001,  4.0352464E-02,  4.8474619E+05
   29823,  1001,  6.3637823E-02,  4.8474619E+05
   29824,  1001,  4.1526079E-02,  4.8474619E+05
   29825,  1001,  1.3800205E-01,  4.8474619E+05
   29826,  1001,  6.0731430E-02,  4.8474619E+05
   29827,  1001,  8.1440471E-03,  4.8474619E+05
   29828, 14053,  6.1743498E-02,  5.9019931E+05
   29829, 14053,  3.4373861E-02,  5.9019931E+05
   29830, 14053,  2.9371599E-02,  5.9019931E+05
   29833, 14064,  9.9332720E-02,  1.8346967E+05
   29834, 11022,  1.3169923E-01,  1.4967630E+05
   29837, 11030,  8.8683572E-03,  4.6586797E+05
   29839, 11030,  9.5189339E-04,  4.6586797E+05
   29840, 24050,  2.7337015E-01,  1.3673225E+05
   29841, 24050,  1.1866862E-02,  1.3673225E+05
   29843, 24032,  1.6929001E-01,  2.6878541E+05
   29844, 24032,  8.5997991E-02,  2.6878541E+05
   29851, 24024,  8.2788222E-02,  3.0514591E+05
   29852, 24024,  1.1339722E-02,  3.0514591E+05
   29853, 24024,  1.2979046E-01,  3.0514591E+05
   29854, 24019,  2.9205176E-01,  8.5934852E+04
   29856, 24019,  1.3330123E-01,  8.5934852E+04
   29857, 24019,  1.7514625E-01,  8.5934852E+04
   29858, 24031,  2.5531465E-01,  8.8365914E+04
   29859, 24031,  2.6304185E-01,  8.8365914E+04
   29861, 24003,  1.7118825E-02,  1.7524527E+05
   29862, 24003,  2.3569235E-01,  1.7524527E+05
   29863, 24041,  4.2717993E-01,  6.8304719E+04
   29864, 24041,  3.9235842E-01,  6.8304719E+04
   29867, 24034,  3.5663360E-01,  9.0282945E+04
   29868, 30205,  2.2473626E-01,  9.3021578E+04
   29869, 30205,  2.9824117E-02,  9.3021578E+04
   29870, 30205,  2.7633986E-01,  9.3021578E+04
   29871, 30205,  2.6592878E-01,  9.3021578E+04
   29872, 30161,  1.3461159E-01,  2.3130419E+05
   29873, 30121,  5.2511178E-02,  3.2741491E+05
   29874, 30121,  1.0577649E-02,  3.2741491E+05
   29875, 30121,  5.7835490E-02,  3.2741491E+05
   29876, 30121,  1.3298893E-01,  3.2741491E+05
   29877, 30121,  3.1756692E-02,  3.2741491E+05
   29878, 30121,  4.0118758E-02,  3.2741491E+05
   29968, 31059,  8.6061537E-02,  1.7026391E+05
   29969, 31059,  1.2997246E-01,  1.7026391E+05
   29970, 31059,  2.5625357E-01,  1.7026391E+05
   29971, 31059,  1.2425244E-01,  1.7026391E+05
   29974, 31082,  1.1959957E+00,  3.1438609E+04
   29975, 31068,  4.5396867E-01,  4.5396512E+04
   29976, 31052,  3.3451974E-01,  8.1629391E+04
   29977, 31009,  6.1153167E-01,  4.7979496E+04
   29978, 31084,  3.6798266E-01,  8.6482641E+04
   29979, 31084,  2.6551297E-01,  8.6482641E+04
   29980, 31006,  1.7677887E-01,  1.0738439E+05
   29981, 31006,  1.7077745E-01,  1.0738439E+05
   29982, 31006,  1.5310460E-01,  1.0738439E+05
   29983, 31012,  1.4456618E-01,  6.5923273E+04
   29984, 31032,  3.3435932E-01,  1.0090846E+05
   29985, 31070,  4.5252085E-01,  6.1313258E+04
   29986, 31032,  2.1259010E-01,  1.0090846E+05
   29987, 31096,  5.2444112E-02,  4.1522309E+05
   29993, 31096,  6.0702935E-02,  4.1522309E+05
   29995, 23007,  7.8493275E-02,  2.2951944E+05
   29998, 23005,  2.0696767E-02,  5.0415512E+05
   29999, 23005,  4.3200381E-02,  5.0415512E+05
   30000, 23005,  1.4818687E-02,  5.0415512E+05
   30001, 23005,  1.8090306E-02,  5.0415512E+05
   30002, 23005,  8.9226633E-02,  5.0415512E+05
   30143, 18015,  3.9267786E-02,  4.1985356E+05
   30144, 18015,  8.7785318E-02,  4.1985356E+05
   30145, 18015,  1.1685979E-01,  4.1985356E+05
   30146, 18015,  7.3027484E-02,  4.1985356E+05
   30147, 18015,  5.0743464E-02,  4.1985356E+05
   30148, 18017,  6.8885232E-03,  5.1559294E+05
   30149, 18017,  9.0536237E-02,  5.1559294E+05
   30154, 18019,  6.9349214E-02,  2.8221672E+05
   30158, 14019,  1.6514957E-01,  1.7586162E+05
   30161, 14019,  2.0365375E-01,  1.7586162E+05
   30162, 14019,  8.3388975E-03,  1.7586162E+05
   30165, 32003,  4.0673599E-01,  8.2833430E+04
   30166, 32048,  2.5028437E-01,  1.0612550E+05
   30167, 32048,  1.5877451E-01,  1.0612550E+05
   30168, 32048,  8.0770157E-02,  1.0612550E+05
   30169, 32048,  2.7657166E-01,  1.0612550E+05
   30170, 32018,  3.2793230E-01,  7.9638031E+04
   30171,  1003,  1.3660370E-01,  1.9755333E+05
   30172,  1003,  2.0912755E-01,  1.9755333E+05
   30173,  1003,  1.0609537E-01,  1.9755333E+05
   30176,  1001,  2.5472907E-02,  4.8474619E+05
   30177,  1001,  4.2156186E-02,  4.8474619E+05
   30178,  1001,  6.2427077E-02,  4.8474619E+05
   30179,  1001,  2.9574908E-02,  4.8474619E+05
   30180,  1010,  2.3971851E-01,  1.6681005E+05
   30181,  1010,  1.8626806E-01,  1.6681005E+05
   30182, 14053,  3.0077348E-02,  5.9019931E+05
   30183, 14053,  1.2241247E-02,  5.9019931E+05
   30184, 14064,  1.1345766E-01,  1.8346967E+05
   30185, 14064,  4.0081758E-02,  1.8346967E+05
   30186, 14064,  1.8436053E-01,  1.8346967E+05
   30187, 11022,  5.1275682E-02,  1.4967630E+05
   30189, 11030,  2.6767066E-02,  4.6586797E+05
   30191, 24050,  1.4609750E-02,  1.3673225E+05
   30192, 24050,  1.7064489E-01,  1.3673225E+05
   30193, 24050,  2.2928442E-01,  1.3673225E+05
   30194, 24050,  1.1499213E-01,  1.3673225E+05
   30196, 24032,  1.7208721E-01,  2.6878541E+05
   30197, 24032,  6.6035815E-02,  2.6878541E+05
   30198, 24032,  8.1687413E-02,  2.6878541E+05
   30199, 24032,  2.3985617E-02,  2.6878541E+05
   30204, 24024,  1.1579445E-02,  3.0514591E+05
   30205, 24024,  1.0779476E-01,  3.0514591E+05
   30206, 24024,  5.1681618E-03,  3.0514591E+05
   30207, 24023,  7.6367125E-02,  2.1181438E+05
   30208, 24023,  1.3650557E-01,  2.1181438E+05
   30209, 24023,  1.0072266E-01,  2.1181438E+05
   30211, 24036,  5.7896275E-02,  1.9437114E+05
   30212, 24036,  5.2012563E-02,  1.9437114E+05
   30214, 24003,  1.2017626E-01,  1.7524527E+05
   30215, 24003,  1.2086397E-01,  1.7524527E+05
   30216, 24013,  6.6026717E-02,  5.1444722E+05
   30217, 24041,  2.8665492E-01,  6.8304719E+04
   30218, 24040,  6.5666176E-02,  3.0269228E+05
   30220, 24034,  2.4062417E-01,  9.0282945E+04
   30221, 24034,  1.8923560E-01,  9.0282945E+04
   30222, 30205,  3.4367448E-01,  9.3021578E+04
   30223, 30205,  3.3928204E-01,  9.3021578E+04
   30225, 30123,  3.3324089E-02,  6.7343181E+05
   30226, 30121,  3.6628585E-02,  3.2741491E+05
   30227, 30121,  4.3789195E-03,  3.2741491E+05
   30228, 30121,  6.3850693E-02,  3.2741491E+05
   30229, 30121,  4.2613894E-02,  3.2741491E+05
   30230, 30121,  4.3710239E-02,  3.2741491E+05
   30231, 30121,  4.0808253E-02,  3.2741491E+05
   30323, 31059,  1.0958486E-01,  1.7026391E+05
   30324, 31059,  1.4138274E-01,  1.7026391E+05
   30325, 31026,  3.5647655E-01,  5.1769672E+04
   30326, 31026,  3.5667962E-01,  5.1769672E+04
   30327, 31082,  8.1643784E-01,  3.1438609E+04
   30328, 31068,  1.9832040E-01,  4.5396512E+04
   30329, 31106,  4.8869690E-01,  3.9415500E+04
   30330, 31027,  5.8282644E-01,  6.5942648E+04
   30331, 31029,  3.2397550E-01,  9.3102320E+04
   30332, 31006,  1.8200955E-01,  1.0738439E+05
   30333, 31006,  8.6113207E-02,  1.0738439E+05
   30334, 31006,  6.7950785E-02,  1.0738439E+05
   30335, 31006,  5.7521861E-02,  1.0738439E+05
   30336, 31006,  1.4833249E-01,  1.0738439E+05
   30338, 31070,  1.2150139E-01,  6.1313258E+04
   30339, 31070,  2.9191491E-01,  6.1313258E+04
   30340, 31096,  8.3609611E-02,  4.1522309E+05
   30341, 31096,  4.4356041E-02,  4.1522309E+05
   30342, 31096,  4.4907697E-02,  4.1522309E+05
   30343, 31096,  4.7271140E-02,  4.1522309E+05
   30345, 31096,  3.2818574E-02,  4.1522309E+05
   30346, 31096,  2.5078513E-02,  4.1522309E+05
   30348, 23007,  7.8464553E-02,  2.2951944E+05
   30353, 23005,  4.6220858E-02,  5.0415512E+05
   30354, 23005,  6.9576018E-02,  5.0415512E+05
   30355, 23005,  1.2173992E-01,  5.0415512E+05
   30356, 23005,  7.9087988E-02,  5.0415512E+05
   30494, 18015,  1.1809568E-02,  4.1985356E+05
   30495, 18015,  5.1125381E-02,  4.1985356E+05
   30496, 18015,  3.9143957E-02,  4.1985356E+05
   30497, 18015,  5.9274904E-02,  4.1985356E+05
   30498, 18015,  6.7539275E-02,  4.1985356E+05
   30499, 18015,  4.4895109E-02,  4.1985356E+05
   30502, 18009,  3.2166187E-02,  3.8617547E+05
   30507, 18019,  7.0160106E-02,  2.8221672E+05
   30508, 18019,  5.2413479E-03,  2.8221672E+05
   30511, 14019,  7.7382848E-02,  1.7586162E+05
   30512, 14019,  1.8159278E-01,  1.7586162E+05
   30513, 14019,  1.3599858E-01,  1.7586162E+05
   30514, 14019,  7.1673393E-02,  1.7586162E+05
   30515, 14019,  1.0763184E-01,  1.7586162E+05
   30518, 14104,  3.1421992E-01,  7.8328797E+04
   30519, 32030,  2.4952540E-01,  2.3471605E+04
   30520, 32048,  1.2536514E-01,  1.0612550E+05
   30522, 32044,  7.4684896E-02,  8.6684438E+04
   30523, 32044,  1.6852634E-01,  8.6684438E+04
   30524, 32044,  4.4235358E-01,  8.6684438E+04
   30525,  1003,  4.3198556E-02,  1.9755333E+05
   30526,  1003,  1.0443827E-01,  1.9755333E+05
   30527,  1003,  1.5607193E-01,  1.9755333E+05
   30528,  1003,  1.1828931E-01,  1.9755333E+05
   30529,  1005,  1.4808375E-01,  1.3016880E+05
   30530,  1001,  8.5167736E-02,  4.8474619E+05
   30531,  1001,  2.5141573E-01,  4.8474619E+05
   30532,  1001,  9.4237342E-02,  4.8474619E+05
   30533,  1001,  4.5702279E-02,  4.8474619E+05
   30534,  1010,  9.5790967E-02,  1.6681005E+05
   30535,  1010,  1.5840480E-01,  1.6681005E+05
   30538, 14064,  1.0215118E-01,  1.8346967E+05
   30539, 14064,  2.3454143E-01,  1.8346967E+05
   30540, 32038,  5.9536204E-02,  3.0542166E+05
   30541, 24046,  2.1710062E-01,  1.0654162E+05
   30542, 24046,  1.6256756E-01,  1.0654162E+05
   30544, 24046,  1.0259602E-01,  1.0654162E+05
   30547, 24050,  1.4930101E-01,  1.3673225E+05
   30548, 24050,  2.5334722E-01,  1.3673225E+05
   30549, 24032,  4.8193477E-02,  2.6878541E+05
   30551, 24032,  9.7131096E-02,  2.6878541E+05
   30552, 24032,  4.7933899E-02,  2.6878541E+05
   30557, 24024,  3.9498642E-02,  3.0514591E+05
   30558, 24024,  1.0150411E-01,  3.0514591E+05
   30559, 24024,  6.2111646E-02,  3.0514591E+05
   30560, 24005,  4.6405098E-01,  4.2628230E+04
   30561, 24023,  1.3708481E-01,  2.1181438E+05
   30562, 24023,  2.0885919E-01,  2.1181438E+05
   30563, 24023,  1.5853925E-01,  2.1181438E+05
   30564, 24036,  2.5638303E-01,  1.9437114E+05
   30565, 24036,  1.1113328E-01,  1.9437114E+05
   30566, 24036,  5.8336157E-02,  1.9437114E+05
   30567, 24003,  1.0759792E-01,  1.7524527E+05
   30569, 24013,  5.9296463E-02,  5.1444722E+05
   30570, 24013,  8.9349456E-02,  5.1444722E+05
   30571, 24040,  5.5967037E-02,  3.0269228E+05
   30572, 24040,  1.0577022E-01,  3.0269228E+05
   30573, 24034,  4.1208990E-02,  9.0282945E+04
   30575, 30205,  4.1008480E-02,  9.3021578E+04
   30576, 30205,  9.9094018E-02,  9.3021578E+04
   30577, 30123,  2.6970390E-02,  6.7343181E+05
   30578, 30123,  3.4849513E-02,  6.7343181E+05
   30579, 30123,  3.6226787E-02,  6.7343181E+05
   30580, 30121,  7.5132459E-02,  3.2741491E+05
   30581, 30121,  1.4787118E-03,  3.2741491E+05
   30583, 30121,  1.2546866E-01,  3.2741491E+05
   30679, 31026,  6.4110823E-02,  5.1769672E+04
   30680, 31083,  6.8988305E-01,  3.2346238E+04
   30681, 31083,  6.3152766E-01,  3.2346238E+04
   30682, 31106,  4.5478857E-01,  3.9415500E+04
   30683, 31027,  3.7210071E-01,  6.5942648E+04
   30684, 31028,  5.0264943E-01,  4.2130977E+04
   30685, 31028,  2.1366310E-01,  4.2130977E+04
   30686, 31028,  2.1380413E-01,  4.2130977E+04
   30687, 31028,  1.7587292E-01,  4.2130977E+04
   30688, 31006,  1.6756757E-01,  1.0738439E+05
   30691, 31057,  7.6867469E-02,  1.6543658E+05
   30692, 31057,  1.6098332E-01,  1.6543658E+05
   30693, 31096,  4.3851085E-02,  4.1522309E+05
   30696, 31096,  4.1914051E-03,  4.1522309E+05
   30697, 31096,  4.4142988E-02,  4.1522309E+05
   30698, 31096,  7.6916888E-02,  4.1522309E+05
   30701, 23007,  8.8029437E-02,  2.2951944E+05
   30705, 23005,  3.4507674E-03,  5.0415512E+05
   30707, 23005,  3.8333870E-02,  5.0415512E+05
   30708, 23005,  1.4068668E-01,  5.0415512E+05
   30709, 23005,  1.0992311E-01,  5.0415512E+05
   30846, 18015,  2.3945380E-02,  4.1985356E+05
   30847, 18015,  7.5178981E-02,  4.1985356E+05
   30848, 18015,  4.3193165E-02,  4.1985356E+05
   30849, 18018,  5.3002715E-02,  7.4762719E+04
   30850, 18010,  3.1090036E-01,  1.5421462E+05
   30851, 18018,  5.7808405E-01,  7.4762719E+04
   30852, 18010,  1.3033856E-01,  1.5421462E+05
   30853, 18011,  1.4791997E-01,  1.2875312E+05
   30854, 18011,  9.1183595E-02,  1.2875312E+05
   30866, 14019,  1.3950102E-01,  1.7586162E+05
   30868, 14019,  1.3197516E-01,  1.7586162E+05
   30869, 14115,  3.0112082E-01,  8.2053086E+04
   30870, 14104,  2.7089471E-01,  7.8328797E+04
   30871, 14104,  2.4289076E-01,  7.8328797E+04
   30872, 32030,  1.3764396E+00,  2.3471605E+04
   30873, 32030,  7.0134646E-01,  2.3471605E+04
   30875, 32015,  2.0691054E-01,  7.2985953E+04
   30876, 32044,  1.8693373E-02,  8.6684438E+04
   30877, 32044,  2.1932027E-01,  8.6684438E+04
   30879,  1003,  8.2777418E-02,  1.9755333E+05
   30880,  1003,  8.1482612E-02,  1.9755333E+05
   30883,  1005,  1.2177338E-01,  1.3016880E+05
   30884,  1001,  1.3217956E-01,  4.8474619E+05
   30885,  1001,  7.1350291E-02,  4.8474619E+05
   30886,  1010,  5.3517073E-02,  1.6681005E+05
   30887,  1010,  1.8786448E-01,  1.6681005E+05
   30888,  1010,  1.4432035E-01,  1.6681005E+05
   30889, 14064,  6.2323216E-02,  1.8346967E+05
   30890, 14064,  5.2143529E-02,  1.8346967E+05
   30892, 32038,  5.8973849E-02,  3.0542166E+05
   30895, 24046,  1.5915690E-01,  1.0654162E+05
   30896, 24046,  1.3267508E-01,  1.0654162E+05
   30897, 24046,  9.1482200E-02,  1.0654162E+05
   30900, 24050,  1.1590878E-02,  1.3673225E+05
   30901, 24028,  1.3990563E-01,  5.5502350E+05
   30902, 24055,  2.1567717E-02,  1.8256928E+05
   30903, 24055,  6.3470043E-02,  1.8256928E+05
   30904, 24055,  2.5961692E-02,  1.8256928E+05
   30908, 24024,  3.9491761E-03,  3.0514591E+05
   30909, 24011,  2.3244141E-01,  1.0238955E+05
   30910, 24011,  3.7395006E-01,  1.0238955E+05
   30914, 24005,  4.7949529E-01,  4.2628230E+04
   30915, 24005,  1.7054169E-01,  4.2628230E+04
   30917, 24036,  9.6852802E-02,  1.9437114E+05
   30918, 24036,  1.9364788E-01,  1.9437114E+05
   30919, 24013,  1.1898892E-01,  5.1444722E+05
   30920, 24003,  1.8019000E-01,  1.7524527E+05
   30921, 24013,  7.3070377E-03,  5.1444722E+05
   30922, 24013,  8.3866760E-02,  5.1444722E+05
   30923, 24040,  1.1095232E-01,  3.0269228E+05
   30924, 24040,  9.8058715E-02,  3.0269228E+05
   30925, 24040,  6.1573211E-02,  3.0269228E+05
   30928, 30123,  8.9731871E-04,  6.7343181E+05
   30929, 30123,  2.5630668E-03,  6.7343181E+05
   30930, 30123,  5.7190925E-02,  6.7343181E+05
   30931, 30123,  3.5127893E-02,  6.7343181E+05
   30933, 30121,  2.6477543E-03,  3.2741491E+05
   30936, 30152,  3.3385158E-01,  1.1023168E+05
   31037, 31028,  2.5687951E-01,  4.2130977E+04
   31038, 31028,  3.1531237E-03,  4.2130977E+04
   31040, 31028,  6.8679959E-02,  4.2130977E+04
   31041, 31029,  1.5995306E-01,  9.3102320E+04
   31042, 31057,  1.9918567E-01,  1.6543658E+05
   31043, 31057,  1.2651287E-01,  1.6543658E+05
   31044, 31057,  4.9024317E-02,  1.6543658E+05
   31045, 31057,  1.3712424E-01,  1.6543658E+05
   31046, 31096,  9.9716499E-02,  4.1522309E+05
   31047, 31096,  1.6706774E-02,  4.1522309E+05
   31050, 31096,  1.1100759E-02,  4.1522309E+05
   31051, 31096,  3.8849853E-02,  4.1522309E+05
   31054, 23007,  7.8476258E-02,  2.2951944E+05
   31061, 23003,  4.8113137E-01,  2.8321201E+04
   31062, 23003,  8.6864561E-01,  2.8321201E+04
   31063, 23003,  9.4006754E-02,  2.8321201E+04
   31199, 18015,  4.7431953E-02,  4.1985356E+05
   31201, 18010,  9.0097614E-02,  1.5421462E+05
   31202, 18010,  2.5117323E-01,  1.5421462E+05
   31203, 18010,  1.2602597E-01,  1.5421462E+05
   31204, 18010,  1.4190105E-01,  1.5421462E+05
   31207, 18011,  2.0806926E-01,  1.2875312E+05
   31208, 18011,  3.1150693E-01,  1.2875312E+05
   31209, 18009,  4.6634772E-03,  3.8617547E+05
   31217, 14061,  3.2632910E-02,  2.0480322E+05
   31218, 14061,  6.6585749E-02,  2.0480322E+05
   31219, 14061,  9.1822170E-02,  2.0480322E+05
   31221, 14115,  3.5364789E-01,  8.2053086E+04
   31222, 14115,  8.9786686E-02,  8.2053086E+04
   31226, 14025,  1.9028988E-01,  1.1517935E+05
   31227, 14025,  2.2734229E-01,  1.1517935E+05
   31228, 32015,  3.4281111E-01,  7.2985953E+04
   31229, 32015,  4.4370544E-01,  7.2985953E+04
   31230, 32044,  5.5241171E-02,  8.6684438E+04
   31231, 32055,  8.0300599E-02,  2.9148359E+05
   31232,  1003,  1.6298242E-01,  1.9755333E+05
   31237,  1006,  5.8665407E-01,  1.0042104E+05
   31239,  1002,  9.7951315E-02,  1.9882936E+05
   31240,  1010,  1.6460964E-01,  1.6681005E+05
   31241,  1002,  2.0074204E-01,  1.9882936E+05
   31242, 32052,  3.8007116E-01,  4.5366074E+04
   31243, 32038,  3.5138547E-02,  3.0542166E+05
   31244, 32038,  2.1335566E-02,  3.0542166E+05
   31245, 32038,  6.1138183E-02,  3.0542166E+05
   31249, 24046,  8.1282295E-02,  1.0654162E+05
   31250, 24046,  2.9011500E-01,  1.0654162E+05
   31251, 24028,  8.9344764E-03,  5.5502350E+05
   31253, 24028,  1.0717200E-01,  5.5502350E+05
   31254, 24028,  7.4847043E-02,  5.5502350E+05
   31255, 24055,  1.6796663E-01,  1.8256928E+05
   31256, 24055,  1.2526041E-01,  1.8256928E+05
   31257, 24030,  2.4266946E-01,  1.1375931E+05
   31258, 24030,  2.7680770E-01,  1.1375931E+05
   31259, 24011,  2.1095756E-01,  1.0238955E+05
   31260, 24011,  2.9200080E-01,  1.0238955E+05
   31261, 24011,  1.9082217E-01,  1.0238955E+05
   31262, 24011,  2.8112486E-03,  1.0238955E+05
   31263, 24011,  1.9051518E-01,  1.0238955E+05
   31265, 24024,  5.2815541E-03,  3.0514591E+05
   31267, 24002,  2.1788415E-01,  7.2989844E+04
   31268, 24002,  3.6135119E-01,  7.2989844E+04
   31271, 24036,  3.9398309E-02,  1.9437114E+05
   31272, 24013,  5.6517184E-02,  5.1444722E+05
   31273, 24013,  3.5751600E-02,  5.1444722E+05
   31274, 24013,  6.9237582E-02,  5.1444722E+05
   31275, 24013,  4.5040052E-02,  5.1444722E+05
   31277, 24040,  1.0371462E-01,  3.0269228E+05
   31278, 24040,  7.3510401E-02,  3.0269228E+05
   31281, 30123,  2.2644112E-03,  6.7343181E+05
   31282, 30123,  3.6340818E-02,  6.7343181E+05
   31283, 30123,  3.5552196E-02,  6.7343181E+05
   31284, 30123,  5.5716086E-02,  6.7343181E+05
   31286, 30152,  4.3353895E-03,  1.1023168E+05
   31287, 30152,  8.2450174E-03,  1.1023168E+05
   31288, 30152,  5.2295987E-02,  1.1023168E+05
   31289, 30152,  3.0254525E-01,  1.1023168E+05
   31398, 31065,  2.9874966E-01,  3.1096211E+04
   31399, 31057,  1.1100436E-01,  1.6543658E+05
   31400, 31096,  4.7372811E-02,  4.1522309E+05
   31401, 31096,  4.8819285E-02,  4.1522309E+05
   31402, 31096,  5.0657552E-02,  4.1522309E+05
   31403, 31096,  5.0934393E-02,  4.1522309E+05
   31404, 31096,  8.1618518E-02,  4.1522309E+05
   31407, 23007,  2.2486571E-02,  2.2951944E+05
   31415, 23003,  1.5893466E-03,  2.8321201E+04
   31552, 18015,  5.0214905E-02,  4.1985356E+05
   31556, 18010,  8.9278584E-03,  1.5421462E+05
   31557, 18010,  1.3651620E-01,  1.5421462E+05
   31562, 18009,  8.6542115E-02,  3.8617547E+05
   31570, 14061,  5.5099111E-02,  2.0480322E+05
   31571, 14061,  8.0816485E-02,  2.0480322E+05
   31578, 14025,  5.6031641E-02,  1.1517935E+05
   31579, 14025,  3.5048917E-01,  1.1517935E+05
   31582, 32015,  2.3228502E-01,  7.2985953E+04
   31584, 32055,  7.7603318E-02,  2.9148359E+05
   31585,  1003,  1.4530683E-02,  1.9755333E+05
   31586,  1008,  2.5561690E-01,  1.1890625E+05
   31587,  1008,  1.8159164E-01,  1.1890625E+05
   31588,  1008,  2.1083646E-01,  1.1890625E+05
   31589,  1006,  3.0216268E-01,  1.0042104E+05
   31590,  1007,  6.5802103E-01,  1.2318747E+05
   31591,  1002,  1.4531387E-01,  1.9882936E+05
   31592,  1002,  1.1872862E-01,  1.9882936E+05
   31593, 32052,  9.2329460E-01,  4.5366074E+04
   31594, 32052,  5.4208106E-01,  4.5366074E+04
   31595, 32052,  2.4211974E-01,  4.5366074E+04
   31596, 32052,  2.1194670E-01,  4.5366074E+04
   31597, 32038,  5.6167006E-02,  3.0542166E+05
   31598, 32038,  8.1709929E-02,  3.0542166E+05
   31599, 32038,  3.1962132E-04,  3.0542166E+05
   31600, 32038,  1.2818986E-03,  3.0542166E+05
   31604, 24028,  6.5378457E-02,  5.5502350E+05
   31605, 24028,  1.4555119E-01,  5.5502350E+05
   31606, 24035,  5.7536680E-01,  1.5112294E+05
   31607, 24009,  2.7030377E+00,  2.0587842E+04
   31608, 24004,  3.9174068E-01,  1.0816326E+05
   31609, 24004,  5.3578760E-02,  1.0816326E+05
   31610, 24030,  1.3099161E-01,  1.1375931E+05
   31611, 24030,  6.3479051E-02,  1.1375931E+05
   31612, 24011,  9.9703074E-02,  1.0238955E+05
   31615, 24024,  1.9069018E-02,  3.0514591E+05
   31616, 24024,  4.8117347E-02,  3.0514591E+05
   31617, 24024,  3.0921854E-02,  3.0514591E+05
   31618, 24024,  1.4238584E-02,  3.0514591E+05
   31620, 24002,  1.2433504E-01,  7.2989844E+04
   31621, 24002,  4.0326011E-01,  7.2989844E+04
   31624, 24036,  1.0762718E-01,  1.9437114E+05
   31625, 24013,  4.2218372E-02,  5.1444722E+05
   31626, 24013,  2.2260413E-02,  5.1444722E+05
   31627, 24013,  1.4087189E-02,  5.1444722E+05
   31628, 24013,  3.6633063E-02,  5.1444722E+05
   31630, 24040,  8.5872494E-02,  3.0269228E+05
   31631, 24040,  5.3640444E-02,  3.0269228E+05
   31632, 24040,  7.6999046E-02,  3.0269228E+05
   31633, 24040,  5.3286754E-02,  3.0269228E+05
   31636, 30123,  2.1230601E-02,  6.7343181E+05
   31637, 30123,  6.2729359E-02,  6.7343181E+05
   31638, 30123,  7.8959554E-02,  6.7343181E+05
   31639, 30123,  7.3936414E-03,  6.7343181E+05
   31641, 30152,  2.0260195E-01,  1.1023168E+05
   31642, 30152,  1.3580288E-01,  1.1023168E+05
   31751, 31065,  6.3823336E-01,  3.1096211E+04
   31752, 31057,  1.1396110E-01,  1.6543658E+05
   31757, 31096,  4.7999196E-02,  4.1522309E+05
   31905, 18015,  3.5338826E-03,  4.1985356E+05
   31909, 18010,  1.2553445E-01,  1.5421462E+05
   31915, 18009,  4.7372561E-02,  3.8617547E+05
   31916, 18009,  1.1302307E-01,  3.8617547E+05
   31917, 18009,  2.8941259E-02,  3.8617547E+05
   31921, 14061,  7.1434669E-02,  2.0480322E+05
   31932, 14081,  1.5283212E-01,  3.2528107E+04
   31933, 14081,  5.2486533E-01,  3.2528107E+04
   31935, 32055,  8.5253306E-03,  2.9148359E+05
   31936, 32055,  3.0881930E-02,  2.9148359E+05
   31937, 32055,  7.1229182E-02,  2.9148359E+05
   31939,  1008,  9.9607602E-02,  1.1890625E+05
   31940,  1008,  2.3656359E-02,  1.1890625E+05
   31941,  1008,  1.6711114E-02,  1.1890625E+05
   31942,  1007,  2.0056131E-01,  1.2318747E+05
   31943,  1007,  4.2283544E-01,  1.2318747E+05
   31944,  1009,  4.9902895E-01,  7.2919531E+04
   31945,  1002,  1.1289814E-01,  1.9882936E+05
   31946,  1002,  1.7715520E-01,  1.9882936E+05
   31947, 32024,  8.0160890E-03,  1.1610291E+05
   31948, 32024,  1.1345367E-02,  1.1610291E+05
   31949, 32038,  1.4209717E-02,  3.0542166E+05
   31951, 32038,  5.8975421E-02,  3.0542166E+05
   31957, 24028,  4.6536375E-02,  5.5502350E+05
   31958, 24028,  7.5959601E-02,  5.5502350E+05
   31959, 24035,  2.8067306E-01,  1.5112294E+05
   31960, 24035,  3.2152933E-01,  1.5112294E+05
   31961, 24004,  5.5418897E-02,  1.0816326E+05
   31962, 24004,  1.4205407E-01,  1.0816326E+05
   31963, 24030,  2.0134459E-01,  1.1375931E+05
   31964, 24030,  5.7958115E-02,  1.1375931E+05
   31965, 24030,  7.4780889E-02,  1.1375931E+05
   31966, 24030,  9.5324062E-02,  1.1375931E+05
   31968, 24024,  7.3167793E-02,  3.0514591E+05
   31970, 24024,  1.4700663E-02,  3.0514591E+05
   31971, 24010,  2.5122249E-02,  2.7188319E+05
   31973, 24002,  3.1251049E-01,  7.2989844E+04
   31977, 24013,  3.7740197E-02,  5.1444722E+05
   31978, 24013,  5.1756337E-02,  5.1444722E+05
   31979, 24013,  2.0404048E-02,  5.1444722E+05
   31981, 24013,  4.0402856E-02,  5.1444722E+05
   31982, 24040,  1.7898584E-02,  3.0269228E+05
   31983, 24040,  1.2513333E-02,  3.0269228E+05
   31984, 24040,  2.3431531E-03,  3.0269228E+05
   31985, 24016,  4.1349471E-02,  1.0231302E+05
   31986, 24016,  4.5534140E-01,  1.0231302E+05
   31987, 24016,  2.1134952E-01,  1.0231302E+05
   31988, 30123,  3.9084971E-02,  6.7343181E+05
   31989, 30123,  5.2833088E-02,  6.7343181E+05
   31990, 30123,  6.0023755E-02,  6.7343181E+05
   31991, 30123,  3.9923325E-02,  6.7343181E+05
   31992, 30123,  2.9570289E-02,  6.7343181E+05
   31993, 30133,  1.6328202E-01,  6.6528008E+04
   31994, 30152,  4.4626299E-01,  1.1023168E+05
   32104, 31061,  4.5050770E-02,  8.9425078E+04
   32105, 31061,  2.4022111E-01,  8.9425078E+04
   32106, 31061,  1.4268500E-01,  8.9425078E+04
   32107, 31061,  2.0612480E-01,  8.9425078E+04
   32108, 31061,  9.6604995E-02,  8.9425078E+04
   32110, 31096,  1.9117051E-03,  4.1522309E+05
   32258, 18015,  2.1161692E-02,  4.1985356E+05
   32260, 18016,  2.0480382E-03,  1.5785572E+05
   32262, 18016,  1.5421820E-01,  1.5785572E+05
   32263, 18010,  4.9356826E-02,  1.5421462E+05
   32268, 18009,  5.3223524E-02,  3.8617547E+05
   32269, 18009,  2.7604629E-03,  3.8617547E+05
   32270, 18009,  2.5719140E-02,  3.8617547E+05
   32271, 18009,  8.1619971E-02,  3.8617547E+05
   32272, 18009,  3.7594486E-02,  3.8617547E+05
   32273, 14061,  6.2879473E-02,  2.0480322E+05
   32274, 14061,  5.2860677E-02,  2.0480322E+05
   32280, 14061,  3.1317376E-02,  2.0480322E+05
   32281, 32031,  5.7804622E-02,  1.3271853E+05
   32282, 32031,  2.3006326E-01,  1.3271853E+05
   32283, 32031,  1.4211597E-01,  1.3271853E+05
   32284, 14041,  2.4856091E-01,  7.6080625E+04
   32285, 14041,  4.4954714E-01,  7.6080625E+04
   32286, 14041,  1.4110264E-01,  7.6080625E+04
   32288, 32055,  9.1728615E-03,  2.9148359E+05
   32289, 32055,  7.2366655E-02,  2.9148359E+05
   32290, 32055,  8.0556624E-02,  2.9148359E+05
   32291, 32055,  9.5557934E-03,  2.9148359E+05
   32295,  1007,  2.1449525E-02,  1.2318747E+05
   32296,  1004,  4.6627834E-01,  3.9668340E+04
   32297,  1009,  2.4933204E-01,  7.2919531E+04
   32298, 32024,  1.9662834E-03,  1.1610291E+05
   32299, 32024,  1.9662036E-01,  1.1610291E+05
   32300, 32024,  3.3061904E-01,  1.1610291E+05
   32301, 32024,  1.7001395E-01,  1.1610291E+05
   32302, 32038,  8.3328839E-03,  3.0542166E+05
   32303, 32054,  5.1812238E-01,  3.6400656E+04
   32304, 32038,  1.1314981E-01,  3.0542166E+05
   32308, 24001,  1.0730220E-01,  9.7264172E+04
   32309, 24021,  3.6533153E-01,  7.9964211E+04
   32310, 24021,  4.2507339E-02,  7.9964211E+04
   32311, 24028,  4.2274941E-02,  5.5502350E+05
   32312, 24028,  1.4324293E-02,  5.5502350E+05
   32313, 24004,  4.4607535E-01,  1.0816326E+05
   32314, 24004,  1.0124943E-01,  1.0816326E+05
   32315, 24004,  2.0287392E-01,  1.0816326E+05
   32316, 24004,  8.3833165E-02,  1.0816326E+05
   32319, 24052,  2.7130657E-01,  7.0266984E+04
   32320, 24052,  2.9225904E-01,  7.0266984E+04
   32321, 24052,  8.1999518E-02,  7.0266984E+04
   32324, 24010,  1.3041547E-03,  2.7188319E+05
   32326, 24010,  6.5935716E-02,  2.7188319E+05
   32327, 24010,  2.4491187E-02,  2.7188319E+05
   32331, 24013,  3.8491935E-02,  5.1444722E+05
   32332, 24013,  2.8370328E-02,  5.1444722E+05
   32333, 24013,  4.7107209E-02,  5.1444722E+05
   32334, 24013,  1.7650131E-03,  5.1444722E+05
   32335, 24040,  3.2343082E-02,  3.0269228E+05
   32338, 24016,  9.9143088E-02,  1.0231302E+05
   32339, 24016,  2.8531007E-02,  1.0231302E+05
   32341, 30123,  6.6293642E-02,  6.7343181E+05
   32342, 30123,  2.1574993E-02,  6.7343181E+05
   32343, 30123,  3.4760240E-02,  6.7343181E+05
   32345, 30123,  2.7373109E-02,  6.7343181E+05
   32346, 30133,  4.5534980E-01,  6.6528008E+04
   32347, 30133,  5.0512469E-01,  6.6528008E+04
   32611, 18016,  9.1994613E-02,  1.5785572E+05
   32612, 18016,  8.8553526E-02,  1.5785572E+05
   32613, 18016,  1.6866994E-01,  1.5785572E+05
   32614, 18016,  2.2944957E-02,  1.5785572E+05
   32615, 18016,  1.3566038E-01,  1.5785572E+05
   32620, 18009,  4.1853733E-02,  3.8617547E+05
   32621, 18009,  5.3220231E-02,  3.8617547E+05
   32625, 18009,  9.0838715E-02,  3.8617547E+05
   32626, 32049,  1.1895635E-01,  3.3031956E+05
   32632, 14061,  7.5570410E-03,  2.0480322E+05
   32633, 14061,  1.8933727E-01,  2.0480322E+05
   32634, 32031,  1.6133526E-01,  1.3271853E+05
   32635, 32031,  1.4710476E-01,  1.3271853E+05
   32637, 14041,  7.2546713E-03,  7.6080625E+04
   32638, 14041,  1.1718285E-01,  7.6080625E+04
   32639, 14041,  3.0770013E-01,  7.6080625E+04
   32640, 32046,  8.1270508E-02,  6.9696812E+04
   32641, 32055,  6.4302258E-02,  2.9148359E+05
   32642, 32055,  8.0553979E-02,  2.9148359E+05
   32643, 32055,  3.3253439E-02,  2.9148359E+05
   32644, 32055,  6.3862190E-02,  2.9148359E+05
   32649,  1004,  8.3997333E-01,  3.9668340E+04
   32650, 32025,  4.8090088E-01,  7.0834898E+04
   32651, 32035,  3.1388992E-01,  6.3577984E+04
   32652, 32035,  2.3935384E-01,  6.3577984E+04
   32653, 32035,  2.8847569E-01,  6.3577984E+04
   32654, 32054,  4.9427795E-01,  3.6400656E+04
   32655, 32054,  5.3684896E-01,  3.6400656E+04
   32656, 32054,  1.7074761E-01,  3.6400656E+04
   32657, 32038,  6.4395592E-02,  3.0542166E+05
   32659, 24001,  1.8973815E-01,  9.7264172E+04
   32660, 24001,  2.0325445E-01,  9.7264172E+04
   32661, 24001,  1.0364481E-01,  9.7264172E+04
   32662, 24001,  2.0655723E-01,  9.7264172E+04
   32663, 24021,  8.3628282E-02,  7.9964211E+04
   32664, 24028,  3.4688789E-02,  5.5502350E+05
   32665, 24028,  4.2117644E-02,  5.5502350E+05
   32666, 24035,  1.2073753E-01,  1.5112294E+05
   32667, 24004,  2.6123506E-01,  1.0816326E+05
   32668, 24004,  1.3111988E-01,  1.0816326E+05
   32672, 24008,  2.4070635E-01,  7.7351070E+04
   32673, 24052,  2.5177612E-03,  7.0266984E+04
   32679, 24010,  4.2546805E-02,  2.7188319E+05
   32680, 24010,  4.8212104E-02,  2.7188319E+05
   32683, 24058,  7.1842164E-02,  1.8395300E+05
   32684, 24058,  3.9749105E-02,  1.8395300E+05
   32686, 24013,  3.9399426E-02,  5.1444722E+05
   32688, 28021,  3.5796396E-02,  2.6795381E+05
   32691, 30123,  1.5476882E-02,  6.7343181E+05
   32693, 30123,  1.5823178E-02,  6.7343181E+05
   32694, 30123,  1.8697580E-02,  6.7343181E+05
   32695, 30123,  3.4475446E-02,  6.7343181E+05
   32696, 30123,  2.7609343E-02,  6.7343181E+05
   32699, 28038,  9.5605457E-01,  3.8904500E+04
   32700, 28038,  3.0981621E-02,  3.8904500E+04
   32963, 18016,  2.2529771E-03,  1.5785572E+05
   32964, 18016,  1.5334177E-01,  1.5785572E+05
   32965, 18016,  1.3607065E-01,  1.5785572E+05
   32966, 18016,  1.5907927E-01,  1.5785572E+05
   32967, 18001,  3.5594517E-01,  1.2903837E+05
   32968, 18001,  8.8263275E-03,  1.2903837E+05
   32973, 18009,  6.0056947E-02,  3.8617547E+05
   32974, 18009,  4.1471571E-03,  3.8617547E+05
   32979, 32049,  7.5492285E-02,  3.3031956E+05
   32985, 14061,  5.7798073E-02,  2.0480322E+05
   32986, 14061,  5.6214135E-02,  2.0480322E+05
   32988, 32031,  6.4673938E-02,  1.3271853E+05
   32989, 32031,  3.5830166E-02,  1.3271853E+05
   32992, 32046,  1.9077902E-01,  6.9696812E+04
   32993, 32046,  4.5904928E-01,  6.9696812E+04
   32994, 32046,  8.1251637E-04,  6.9696812E+04
   32996, 32055,  9.3270369E-02,  2.9148359E+05
   32997, 32055,  7.3155802E-04,  2.9148359E+05
   33000, 32012,  2.6262993E-01,  8.1438523E+04
   33001, 32008,  4.5701051E-01,  8.4358930E+04
   33002, 32008,  4.6253234E-01,  8.4358930E+04
   33003, 32025,  1.7183936E-01,  7.0834898E+04
   33005, 32053,  1.1062569E-01,  9.4370164E+04
   33006, 32053,  3.3257031E-01,  9.4370164E+04
   33007, 32035,  1.5008707E-01,  6.3577984E+04
   33010, 32038,  5.0749905E-02,  3.0542166E+05
   33011, 32038,  9.1973692E-02,  3.0542166E+05
   33012, 32038,  1.9022654E-03,  3.0542166E+05
   33014, 24001,  7.8307983E-04,  9.7264172E+04
   33015, 24001,  3.3830643E-01,  9.7264172E+04
   33016, 24028,  4.5211632E-02,  5.5502350E+05
   33017, 24028,  2.8092120E-02,  5.5502350E+05
   33018, 24028,  3.7288863E-02,  5.5502350E+05
   33020, 24051,  6.3092217E-02,  2.1963545E+05
   33021, 24051,  7.2340295E-02,  2.1963545E+05
   33022, 24051,  7.8935204E-03,  2.1963545E+05
   33023, 24008,  1.5235455E-02,  7.7351070E+04
   33024, 24008,  2.7657664E-01,  7.7351070E+04
   33025, 24008,  3.8689351E-01,  7.7351070E+04
   33030, 24010,  6.0964021E-04,  2.7188319E+05
   33031, 24010,  2.9512776E-02,  2.7188319E+05
   33032, 24010,  8.2344308E-02,  2.7188319E+05
   33033, 24010,  1.2059560E-01,  2.7188319E+05
   33034, 24010,  6.1817765E-02,  2.7188319E+05
   33036, 24058,  1.0779209E-01,  1.8395300E+05
   33037, 28028,  1.4143559E-01,  5.2724148E+04
   33039, 28004,  1.8943007E-01,  1.0730843E+05
   33041, 28021,  3.4032959E-02,  2.6795381E+05
   33044, 28021,  1.3418256E-02,  2.6795381E+05
   33046, 28012,  3.2402717E-02,  5.7630888E+05
   33047, 28012,  1.1243000E-02,  5.7630888E+05
   33051, 28003,  5.0185863E-02,  3.8706025E+05
   33052, 28003,  1.6328420E-01,  3.8706025E+05
   33053, 28003,  3.3062578E-03,  3.8706025E+05
   33316, 25009,  4.2558927E-03,  2.5615420E+05
   33317, 18016,  6.3212112E-02,  1.5785572E+05
   33318, 25009,  2.6481325E-02,  2.5615420E+05
   33319, 25009,  7.8059770E-02,  2.5615420E+05
   33320, 18001,  3.4522539E-01,  1.2903837E+05
   33327, 18009,  1.6422022E-02,  3.8617547E+05
   33332, 32049,  7.4586183E-02,  3.3031956E+05
   33337, 32049,  1.6176471E-02,  3.3031956E+05
   33338, 32049,  1.0232659E-01,  3.3031956E+05
   33342, 32031,  1.3655022E-01,  1.3271853E+05
   33343, 32031,  5.9811184E-03,  1.3271853E+05
   33346, 32046,  1.7204903E-01,  6.9696812E+04
   33347, 32020,  4.9234141E-02,  1.8094742E+05
   33349, 32055,  5.3773981E-02,  2.9148359E+05
   33350, 32055,  1.8460797E-02,  2.9148359E+05
   33351, 32012,  3.9308850E-04,  8.1438523E+04
   33352, 32017,  1.2424858E-01,  1.5263200E+05
   33353, 32012,  3.6613256E-01,  8.1438523E+04
   33354, 32036,  1.3801876E-01,  1.2995946E+05
   33355, 32036,  2.3393771E-01,  1.2995946E+05
   33356, 32036,  2.2344522E-01,  1.2995946E+05
   33357, 32036,  1.9948210E-01,  1.2995946E+05
   33358, 32053,  1.9254927E-01,  9.4370164E+04
   33359, 32053,  2.5092244E-01,  9.4370164E+04
   33362, 24025,  6.8228953E-02,  1.2171487E+05
   33363, 24025,  1.5723774E-01,  1.2171487E+05
   33368, 24022,  1.0661501E-01,  1.8223588E+05
   33369, 24028,  3.4986278E-03,  5.5502350E+05
   33370, 24028,  3.7888631E-02,  5.5502350E+05
   33371, 24051,  8.2890652E-02,  2.1963545E+05
   33372, 24056,  5.5771787E-02,  1.0457987E+05
   33374, 24051,  1.3368985E-01,  2.1963545E+05
   33375, 24051,  8.7850660E-02,  2.1963545E+05
   33376, 24008,  1.9482106E-01,  7.7351070E+04
   33378, 24017,  5.5233307E-02,  3.5378462E+05
   33379, 24008,  2.5892255E-01,  7.7351070E+04
   33383, 24010,  4.1668016E-02,  2.7188319E+05
   33384, 24010,  5.8053397E-02,  2.7188319E+05
   33385, 24010,  6.8851374E-03,  2.7188319E+05
   33386, 24010,  8.6022608E-02,  2.7188319E+05
   33387, 24010,  2.9285384E-02,  2.7188319E+05
   33388, 24058,  2.4436344E-01,  1.8395300E+05
   33389, 24058,  2.5346461E-01,  1.8395300E+05
   33390, 28028,  6.8564475E-01,  5.2724148E+04
   33391, 28028,  4.2675039E-01,  5.2724148E+04
   33392, 28004,  1.9585474E-01,  1.0730843E+05
   33393, 28021,  5.3669635E-02,  2.6795381E+05
   33394, 28021,  8.6623117E-02,  2.6795381E+05
   33395, 28021,  6.7203641E-02,  2.6795381E+05
   33396, 28021,  6.8282150E-02,  2.6795381E+05
   33397, 28021,  4.0426344E-02,  2.6795381E+05
   33398, 28012,  3.9206181E-02,  5.7630888E+05
   33399, 28012,  6.3667722E-02,  5.7630888E+05
   33400, 28012,  8.4875068E-03,  5.7630888E+05
   33401, 28003,  4.1368539E-03,  3.8706025E+05
   33402, 28003,  2.9192580E-02,  3.8706025E+05
   33403, 28003,  8.5194223E-02,  3.8706025E+05
   33404, 28003,  1.1268808E-01,  3.8706025E+05
   33405, 28003,  1.7927969E-01,  3.8706025E+05
   33406, 28003,  1.5597844E-04,  3.8706025E+05
   33668, 25009,  3.8628960E-03,  2.5615420E+05
   33669, 25009,  7.3153213E-02,  2.5615420E+05
   33670, 25009,  4.4169351E-02,  2.5615420E+05
   33671, 25009,  5.6226648E-02,  2.5615420E+05
   33673, 18005,  1.5798980E-01,  1.1967098E+05
   33674, 18005,  1.0908999E-02,  1.1967098E+05
   33685, 32049,  4.6426538E-02,  3.3031956E+05
   33686, 32049,  4.0414631E-02,  3.3031956E+05
   33687, 32049,  4.9132552E-02,  3.3031956E+05
   33688, 32049,  2.1278574E-03,  3.3031956E+05
   33689, 14042,  1.3357218E-01,  7.6582156E+04
   33690, 14042,  4.3782324E-01,  7.6582156E+04
   33691, 14042,  4.1686859E-02,  7.6582156E+04
   33695, 32031,  7.5309381E-02,  1.3271853E+05
   33696, 32049,  1.4528779E-02,  3.3031956E+05
   33699, 32043,  3.4267218E+00,  3.1364214E+03
   33700, 32020,  1.9039249E-01,  1.8094742E+05
   33701, 32020,  1.2981051E-01,  1.8094742E+05
   33702, 32020,  1.0606126E-01,  1.8094742E+05
   33703, 32056,  2.5969079E-01,  1.1009295E+05
   33704, 32056,  1.9505024E-01,  1.1009295E+05
   33706, 32017,  2.0050427E-01,  1.5263200E+05
   33707, 32017,  9.4341941E-02,  1.5263200E+05
   33708, 32036,  1.1708572E-01,  1.2995946E+05
   33709, 32036,  1.8790039E-01,  1.2995946E+05
   33710, 32016,  2.5400648E-01,  1.1439555E+05
   33711, 32016,  1.9878541E-01,  1.1439555E+05
   33712, 24049,  9.9370658E-02,  2.2856791E+05
   33713, 24025,  1.5049888E-01,  1.2171487E+05
   33714, 24025,  1.8680641E-01,  1.2171487E+05
   33715, 24025,  2.5200269E-01,  1.2171487E+05
   33721, 24022,  1.2685490E-01,  1.8223588E+05
   33723, 24028,  2.0643087E-02,  5.5502350E+05
   33724, 24056,  3.7081385E-01,  1.0457987E+05
   33725, 24056,  1.7742305E-01,  1.0457987E+05
   33726, 24051,  1.0580803E-01,  2.1963545E+05
   33727, 24017,  6.7272618E-02,  3.5378462E+05
   33728, 24017,  1.0752705E-01,  3.5378462E+05
   33729, 24017,  6.5746322E-02,  3.5378462E+05
   33730, 24017,  7.5643241E-02,  3.5378462E+05
   33731, 24017,  3.8895648E-02,  3.5378462E+05
   33732, 24017,  2.3877828E-03,  3.5378462E+05
   33733, 24017,  2.6277904E-03,  3.5378462E+05
   33735, 24010,  2.7651364E-02,  2.7188319E+05
   33736, 24010,  5.7013113E-02,  2.7188319E+05
   33738, 24010,  7.2173424E-02,  2.7188319E+05
   33741, 28029,  9.1100089E-02,  2.5441203E+05
   33742, 24058,  3.1634554E-02,  1.8395300E+05
   33744, 28004,  6.2069122E-02,  1.0730843E+05
   33745, 28021,  1.5131345E-01,  2.6795381E+05
   33746, 28021,  5.0599605E-02,  2.6795381E+05
   33749, 28012,  1.0478418E-02,  5.7630888E+05
   33750, 28012,  2.1400370E-02,  5.7630888E+05
   33751, 28012,  3.2292683E-02,  5.7630888E+05
   33752, 28012,  1.0628010E-02,  5.7630888E+05
   33753, 28003,  7.0551589E-02,  3.8706025E+05
   33754, 28003,  2.8855048E-02,  3.8706025E+05
   33755, 28003,  7.5085096E-02,  3.8706025E+05
   33756, 28003,  3.1885751E-02,  3.8706025E+05
   33757, 28003,  4.8697062E-02,  3.8706025E+05
   33758, 28003,  2.3658143E-02,  3.8706025E+05
   34021, 25009,  8.1986248E-02,  2.5615420E+05
   34023, 25009,  7.0493758E-02,  2.5615420E+05
   34027, 18005,  1.8772015E-01,  1.1967098E+05
   34028, 18005,  1.9974428E-01,  1.1967098E+05
   34041, 32049,  4.0973477E-02,  3.3031956E+05
   34042, 14042,  1.1590504E-01,  7.6582156E+04
   34044, 32049,  5.8262739E-02,  3.3031956E+05
   34045, 32049,  6.7260757E-02,  3.3031956E+05
   34046, 32049,  7.7468172E-02,  3.3031956E+05
   34049, 32049,  3.4713000E-02,  3.3031956E+05
   34053, 32020,  1.1453556E-01,  1.8094742E+05
   34056, 32056,  9.7381435E-02,  1.1009295E+05
   34057, 32056,  1.4230479E-01,  1.1009295E+05
   34058, 32056,  1.4925139E-01,  1.1009295E+05
   34059, 32017,  2.5320145E-01,  1.5263200E+05
   34060, 32017,  1.2951203E-01,  1.5263200E+05
   34061, 32057,  7.7775681E-01,  4.2756383E+04
   34062, 32036,  1.4200169E-01,  1.2995946E+05
   34063, 32016,  2.4209733E-01,  1.1439555E+05
   34064, 24049,  9.8655567E-02,  2.2856791E+05
   34065, 24049,  7.5379454E-02,  2.2856791E+05
   34066, 24049,  1.7000873E-02,  2.2856791E+05
   34068, 24025,  1.9067925E-01,  1.2171487E+05
   34071, 24022,  2.8722176E-02,  1.8223588E+05
   34072, 24022,  5.5234104E-02,  1.8223588E+05
   34073, 24022,  5.1997520E-02,  1.8223588E+05
   34074, 24022,  8.3618060E-02,  1.8223588E+05
   34075, 24022,  1.2769037E-01,  1.8223588E+05
   34076, 24022,  6.6987060E-02,  1.8223588E+05
   34077, 24056,  2.2421756E-01,  1.0457987E+05
   34078, 24056,  7.2667390E-02,  1.0457987E+05
   34080, 24051,  8.3959050E-02,  2.1963545E+05
   34081, 24017,  5.1740523E-02,  3.5378462E+05
   34082, 24017,  3.9771781E-03,  3.5378462E+05
   34083, 24017,  2.5481994E-03,  3.5378462E+05
   34087, 24010,  2.4487874E-02,  2.7188319E+05
   34088, 24010,  7.6230682E-02,  2.7188319E+05
   34091, 28039,  2.6281164E-03,  4.6886081E+05
   34094, 28029,  5.4581121E-02,  2.5441203E+05
   34095, 28029,  3.6433604E-02,  2.5441203E+05
   34097, 28004,  1.2921430E-01,  1.0730843E+05
   34098, 28021,  6.4680353E-02,  2.6795381E+05
   34099, 28021,  5.4564901E-02,  2.6795381E+05
   34100, 28021,  2.6311733E-02,  2.6795381E+05
   34102, 28012,  3.0964382E-02,  5.7630888E+05
   34103, 28012,  4.2174123E-03,  5.7630888E+05
   34104, 28012,  1.3357737E-02,  5.7630888E+05
   34105, 28012,  1.4053728E-02,  5.7630888E+05
   34106, 28012,  4.0312830E-02,  5.7630888E+05
   34107, 28003,  6.3076533E-02,  3.8706025E+05
   34109, 28003,  2.1867394E-02,  3.8706025E+05
   34110, 28003,  2.9415827E-02,  3.8706025E+05
   34111, 28002,  2.6377345E-02,  3.7149041E+05
   34373, 25009,  3.2349902E-03,  2.5615420E+05
   34374, 25009,  1.0996157E-01,  2.5615420E+05
   34375, 25009,  6.2882141E-03,  2.5615420E+05
   34376, 25009,  9.7406954E-02,  2.5615420E+05
   34381, 18005,  1.7468394E-01,  1.1967098E+05
   34382, 18005,  1.2885060E-02,  1.1967098E+05
   34399, 32049,  1.2971321E-03,  3.3031956E+05
   34400, 32049,  9.9736005E-02,  3.3031956E+05
   34401, 32049,  6.8673834E-02,  3.3031956E+05
   34402, 32049,  1.2258714E-02,  3.3031956E+05
   34406, 32020,  7.0181541E-02,  1.8094742E+05
   34407, 32020,  3.9168961E-02,  1.8094742E+05
   34410, 32032,  5.4587942E-01,  5.8938492E+04
   34411, 32050,  9.1066957E-01,  6.3499543E+04
   34412, 32050,  4.2613873E-01,  6.3499543E+04
   34413, 32017,  2.0433068E-01,  1.5263200E+05
   34417, 24049,  4.4974010E-02,  2.2856791E+05
   34418, 24049,  5.3029310E-02,  2.2856791E+05
   34419, 24049,  5.0104810E-03,  2.2856791E+05
   34421, 24025,  9.3283013E-02,  1.2171487E+05
   34423, 24025,  8.1787273E-02,  1.2171487E+05
   34424, 24022,  2.6935615E-02,  1.8223588E+05
   34427, 24022,  8.3706543E-02,  1.8223588E+05
   34428, 24022,  1.7324734E-01,  1.8223588E+05
   34429, 24045,  5.9305958E-02,  1.7790289E+05
   34430, 24022,  1.3639320E-01,  1.8223588E+05
   34431, 24051,  3.7304632E-02,  2.1963545E+05
   34432, 24051,  9.7012192E-02,  2.1963545E+05
   34433, 24051,  8.3540834E-02,  2.1963545E+05
   34434, 24017,  1.3972655E-03,  3.5378462E+05
   34435, 24017,  4.9672958E-02,  3.5378462E+05
   34439, 28039,  2.3920931E-02,  4.6886081E+05
   34440, 24010,  6.7177184E-02,  2.7188319E+05
   34441, 28039,  4.8121668E-02,  4.6886081E+05
   34443, 28039,  1.0848598E-02,  4.6886081E+05
   34444, 28039,  2.8187739E-02,  4.6886081E+05
   34447, 28029,  8.0344535E-02,  2.5441203E+05
   34448, 28029,  1.0070768E-01,  2.5441203E+05
   34449, 28029,  7.3277488E-02,  2.5441203E+05
   34450, 28029,  2.9626213E-02,  2.5441203E+05
   34451, 28021,  4.1191958E-02,  2.6795381E+05
   34452, 28021,  1.4599594E-01,  2.6795381E+05
   34453, 28021,  1.0201360E-01,  2.6795381E+05
   34454, 28012,  3.4713671E-02,  5.7630888E+05
   34455, 28012,  2.3087589E-02,  5.7630888E+05
   34456, 28012,  1.2009731E-02,  5.7630888E+05
   34457, 28012,  3.1401686E-02,  5.7630888E+05
   34458, 28012,  7.7595948E-03,  5.7630888E+05
   34459, 28012,  8.0683753E-02,  5.7630888E+05
   34460, 28003,  5.9346418E-04,  3.8706025E+05
   34462, 28003,  3.3938289E-03,  3.8706025E+05
   34464, 28002,  2.7832385E-02,  3.7149041E+05
   34725, 25014,  3.2010134E-03,  3.8003269E+05
   34727, 25009,  1.0033302E-01,  2.5615420E+05
   34728, 25009,  1.4523405E-01,  2.5615420E+05
   34734, 18005,  1.1194975E-03,  1.1967098E+05
   34735, 18005,  2.8141174E-01,  1.1967098E+05
   34744, 10014,  1.5640197E-02,  5.4143206E+05
   34753, 32049,  2.1145934E-02,  3.3031956E+05
   34754, 32049,  4.2113904E-02,  3.3031956E+05
   34755, 32049,  6.8403207E-02,  3.3031956E+05
   34756, 32049,  2.0622141E-03,  3.3031956E+05
   34757, 32020,  5.4398817E-03,  1.8094742E+05
   34758, 32010,  5.1053481E-05,  1.1773068E+06
   34759, 32020,  1.1309696E-01,  1.8094742E+05
   34760, 32020,  1.1946339E-01,  1.8094742E+05
   34762, 32032,  5.7136878E-02,  5.8938492E+04
   34763, 32032,  7.1438301E-01,  5.8938492E+04
   34764, 32037,  3.6658517E-01,  1.4943022E+05
   34765, 32037,  7.7955432E-02,  1.4943022E+05
   34766, 32017,  1.9613817E-01,  1.5263200E+05
   34767, 32017,  6.2374800E-02,  1.5263200E+05
   34769, 24049,  1.5216677E-02,  2.2856791E+05
   34770, 24049,  3.6540255E-02,  2.2856791E+05
   34771, 24049,  6.7759573E-02,  2.2856791E+05
   34773, 24049,  2.9841824E-02,  2.2856791E+05
   34774, 24049,  8.1624225E-02,  2.2856791E+05
   34775, 24049,  4.2883884E-02,  2.2856791E+05
   34776, 24049,  1.0068255E-02,  2.2856791E+05
   34780, 24045,  2.4122085E-02,  1.7790289E+05
   34781, 24045,  1.5159927E-01,  1.7790289E+05
   34782, 24045,  1.2212701E-01,  1.7790289E+05
   34783, 24045,  5.8983207E-02,  1.7790289E+05
   34784, 24045,  7.6269768E-02,  1.7790289E+05
   34788, 24017,  5.1195502E-02,  3.5378462E+05
   34789, 24017,  4.0035535E-02,  3.5378462E+05
   34790, 24017,  5.7820063E-02,  3.5378462E+05
   34791, 24017,  5.3242523E-02,  3.5378462E+05
   34792, 24017,  3.2840949E-02,  3.5378462E+05
   34794, 28039,  1.3322430E-02,  4.6886081E+05
   34795, 28039,  4.6030328E-02,  4.6886081E+05
   34796, 28039,  2.6956998E-02,  4.6886081E+05
   34799, 28029,  5.5130996E-02,  2.5441203E+05
   34800, 28029,  1.1774382E-01,  2.5441203E+05
   34801, 28029,  9.0818658E-02,  2.5441203E+05
   34802, 28029,  1.1064848E-01,  2.5441203E+05
   34803, 28011,  2.7667251E-01,  9.4330898E+04
   34804, 28021,  1.7500493E-01,  2.6795381E+05
   34805, 28043,  2.2338879E-01,  1.4492123E+05
   34806, 28043,  5.2650075E-02,  1.4492123E+05
   34808, 28012,  2.5854329E-02,  5.7630888E+05
   34809, 28012,  4.3902002E-02,  5.7630888E+05
   34810, 28012,  5.4083414E-02,  5.7630888E+05
   34811, 28012,  8.6540028E-02,  5.7630888E+05
   34812, 28012,  4.1650724E-02,  5.7630888E+05
   34813, 28002,  4.4139542E-02,  3.7149041E+05
   34814, 28002,  6.0801529E-03,  3.7149041E+05
   34815, 28002,  4.7750682E-02,  3.7149041E+05
   34816, 28002,  5.9106860E-02,  3.7149041E+05
   34817, 28002,  3.3595499E-02,  3.7149041E+05
   35077, 25014,  3.6650613E-02,  3.8003269E+05
   35078, 25014,  7.2546348E-02,  3.8003269E+05
   35079, 25014,  5.6221623E-02,  3.8003269E+05
   35080, 25009,  7.9046473E-02,  2.5615420E+05
   35081, 25009,  3.5348564E-02,  2.5615420E+05
   35082, 25009,  1.1974487E-01,  2.5615420E+05
   35083, 25014,  1.4203322E-02,  3.8003269E+05
   35094, 10014,  2.4294969E-02,  5.4143206E+05
   35095, 10014,  4.8832189E-02,  5.4143206E+05
   35096, 10014,  4.4009026E-02,  5.4143206E+05
   35097, 10014,  5.7008684E-02,  5.4143206E+05
   35107, 32049,  3.7896276E-02,  3.3031956E+05
   35108, 32049,  1.3224986E-02,  3.3031956E+05
   35109, 32049,  7.5446017E-02,  3.3031956E+05
   35110, 32010,  6.1329347E-03,  1.1773068E+06
   35111, 32010,  2.4288647E-02,  1.1773068E+06
   35113, 32005,  2.6991984E-01,  9.5791242E+04
   35114, 32005,  3.8498298E-03,  9.5791242E+04
   35115, 32005,  4.1348401E-01,  9.5791242E+04
   35116, 32013,  4.0382189E-01,  6.8544633E+04
   35117, 32037,  2.2047293E-01,  1.4943022E+05
   35118, 32037,  1.5871637E-01,  1.4943022E+05
   35123, 24049,  7.9110295E-02,  2.2856791E+05
   35124, 24049,  5.5564277E-02,  2.2856791E+05
   35125, 24049,  4.8110392E-02,  2.2856791E+05
   35126, 24049,  1.1432460E-02,  2.2856791E+05
   35127, 24049,  4.3545537E-02,  2.2856791E+05
   35133, 24045,  4.8518036E-03,  1.7790289E+05
   35134, 24045,  2.4547563E-01,  1.7790289E+05
   35135, 24045,  1.1376775E-01,  1.7790289E+05
   35136, 24045,  2.5912266E-02,  1.7790289E+05
   35141, 24017,  9.2723459E-02,  3.5378462E+05
   35142, 24017,  1.6247526E-02,  3.5378462E+05
   35148, 28039,  1.0977342E-02,  4.6886081E+05
   35149, 28039,  7.6215021E-02,  4.6886081E+05
   35150, 28039,  2.1696590E-02,  4.6886081E+05
   35151, 28029,  1.0794349E-01,  2.5441203E+05
   35152, 28029,  1.4987297E-01,  2.5441203E+05
   35157, 28011,  3.0610606E-01,  9.4330898E+04
   35158, 28043,  2.9025054E-01,  1.4492123E+05
   35162, 28012,  3.6602475E-02,  5.7630888E+05
   35163, 28012,  2.0439323E-02,  5.7630888E+05
   35164, 28012,  3.1736895E-02,  5.7630888E+05
   35166, 28002,  1.2154809E-02,  3.7149041E+05
   35167, 28002,  5.5396251E-02,  3.7149041E+05
   35168, 28002,  1.3395815E-01,  3.7149041E+05
   35169, 28002,  8.2648076E-02,  3.7149041E+05
   35170, 28002,  2.2044774E-02,  3.7149041E+05
   35429, 25014,  5.5428829E-02,  3.8003269E+05
   35430, 25014,  4.8044007E-03,  3.8003269E+05
   35432, 25014,  8.1475683E-02,  3.8003269E+05
   35433, 25014,  1.0697939E-01,  3.8003269E+05
   35434, 25014,  2.1914415E-02,  3.8003269E+05
   35435, 25014,  1.0110390E-01,  3.8003269E+05
   35447, 10014,  2.4371194E-02,  5.4143206E+05
   35448, 10014,  3.8961060E-02,  5.4143206E+05
   35449, 10014,  2.3550983E-03,  5.4143206E+05
   35450, 10014,  6.1799489E-02,  5.4143206E+05
   35451, 10014,  1.2416147E-02,  5.4143206E+05
   35454, 32049,  1.8153936E-05,  3.3031956E+05
   35460, 32049,  6.1586160E-02,  3.3031956E+05
   35463, 32010,  2.7024485E-02,  1.1773068E+06
   35464, 32010,  5.1661949E-03,  1.1773068E+06
   35466, 32013,  1.2873299E-01,  6.8544633E+04
   35467, 32013,  1.9553427E-01,  6.8544633E+04
   35468, 32010,  4.6911184E-02,  1.1773068E+06
   35469, 32005,  3.1827873E-01,  9.5791242E+04
   35470, 32037,  1.2883037E-02,  1.4943022E+05
   35471, 32037,  1.9505346E-01,  1.4943022E+05
   35475, 24049,  4.1907344E-02,  2.2856791E+05
   35476, 24049,  8.8148117E-02,  2.2856791E+05
   35477, 24049,  1.5468833E-02,  2.2856791E+05
   35479, 24049,  4.2337693E-02,  2.2856791E+05
   35480, 24049,  3.5281437E-03,  2.2856791E+05
   35483, 24015,  6.7725308E-02,  2.4438889E+05
   35484, 24015,  1.2059497E-02,  2.4438889E+05
   35487, 24015,  7.7027164E-02,  2.4438889E+05
   35489, 24015,  9.2608772E-02,  2.4438889E+05
   35493, 24047,  4.1676011E-02,  1.6334534E+05
   35494, 24017,  3.3638962E-02,  3.5378462E+05
   35500, 28039,  5.9302792E-02,  4.6886081E+05
   35501, 28039,  4.6751227E-02,  4.6886081E+05
   35502, 28039,  9.4672449E-02,  4.6886081E+05
   35503, 28039,  6.5180600E-02,  4.6886081E+05
   35504, 28039,  3.0649604E-02,  4.6886081E+05
   35505, 28029,  8.0862097E-02,  2.5441203E+05
   35509, 28011,  3.1521749E-01,  9.4330898E+04
   35510, 28011,  9.5575549E-02,  9.4330898E+04
   35511, 28043,  1.1343472E-01,  1.4492123E+05
   35512, 28043,  1.5156312E-01,  1.4492123E+05
   35513, 28012,  3.8882252E-02,  5.7630888E+05
   35514, 28012,  3.6242228E-02,  5.7630888E+05
   35515, 28012,  3.8473338E-03,  5.7630888E+05
   35517, 28012,  3.6296252E-02,  5.7630888E+05
   35521, 28002,  6.1876591E-02,  3.7149041E+05
   35522, 28002,  1.4954647E-02,  3.7149041E+05
   35523, 28002,  5.1156551E-02,  3.7149041E+05
   35524, 28002,  6.2947609E-02,  3.7149041E+05
   35739,  3008,  2.4698343E-02,  8.5057844E+05
   35740,  3008,  6.1312065E-02,  8.5057844E+05
   35741,  3008,  3.5822853E-02,  8.5057844E+05
   35781, 25014,  3.1846926E-02,  3.8003269E+05
   35782, 25014,  3.9456293E-02,  3.8003269E+05
   35784, 25004,  6.8986170E-02,  2.5900541E+05
   35785, 25014,  2.3640111E-02,  3.8003269E+05
   35786, 25014,  5.3676851E-02,  3.8003269E+05
   35787, 25014,  1.2668591E-02,  3.8003269E+05
   35788, 25014,  3.7441868E-02,  3.8003269E+05
   35789, 25014,  5.7300940E-02,  3.8003269E+05
   35790, 25014,  1.4186824E-04,  3.8003269E+05
   35799, 10014,  8.5298212E-05,  5.4143206E+05
   35801, 10014,  4.1867990E-02,  5.4143206E+05
   35803, 10014,  1.3407630E-02,  5.4143206E+05
   35804, 10014,  1.3165821E-02,  5.4143206E+05
   35813, 32049,  7.6958008E-02,  3.3031956E+05
   35814, 32010,  2.0531453E-02,  1.1773068E+06
   35815, 32010,  7.1786465E-03,  1.1773068E+06
   35816, 32010,  1.5706541E-02,  1.1773068E+06
   35817, 32010,  1.8889999E-02,  1.1773068E+06
   35818, 32010,  8.1793368E-03,  1.1773068E+06
   35819, 32010,  6.8740263E-03,  1.1773068E+06
   35820, 32010,  4.1233964E-02,  1.1773068E+06
   35821, 32010,  1.5948847E-02,  1.1773068E+06
   35822, 32010,  2.8138220E-02,  1.1773068E+06
   35823, 32037,  1.2126894E-01,  1.4943022E+05
   35824, 32037,  9.7174548E-02,  1.4943022E+05
   35825, 32051,  1.8230636E-02,  7.4959344E+05
   35826, 32051,  3.2194987E-02,  7.4959344E+05
   35827, 24033,  2.7610876E-02,  2.8762534E+05
   35828, 24049,  1.2983322E-02,  2.2856791E+05
   35832, 24033,  3.7090268E-02,  2.8762534E+05
   35837, 24015,  8.4715940E-02,  2.4438889E+05
   35839, 24015,  8.0923095E-02,  2.4438889E+05
   35840, 24015,  1.4608209E-01,  2.4438889E+05
   35842, 24015,  3.0694610E-02,  2.4438889E+05
   35843, 24015,  5.0244052E-02,  2.4438889E+05
   35846, 24047,  1.5037550E-01,  1.6334534E+05
   35847, 24017,  2.8000895E-02,  3.5378462E+05
   35851, 28006,  1.6153599E-03,  3.1717131E+05
   35852, 28039,  3.9338116E-02,  4.6886081E+05
   35853, 28039,  6.7481403E-03,  4.6886081E+05
   35854, 28039,  1.9311735E-02,  4.6886081E+05
   35855, 28039,  9.5818371E-02,  4.6886081E+05
   35856, 28039,  1.9936888E-03,  4.6886081E+05
   35857, 28031,  1.5806045E-02,  1.3406800E+05
   35858, 28029,  2.0062474E-03,  2.5441203E+05
   35862, 28019,  6.6786468E-02,  3.7640938E+05
   35866, 28019,  6.5151811E-02,  3.7640938E+05
   35867, 28019,  5.2721541E-02,  3.7640938E+05
   35868, 28019,  5.1445920E-02,  3.7640938E+05
   35869, 28012,  1.9143557E-02,  5.7630888E+05
   35870, 28012,  6.5017585E-04,  5.7630888E+05
   35874, 28002,  5.3933926E-02,  3.7149041E+05
   35877, 28002,  1.7877666E-02,  3.7149041E+05
   36091,  3008,  2.3666231E-02,  8.5057844E+05
   36092,  3008,  2.9370461E-02,  8.5057844E+05
   36093,  3008,  6.6442518E-03,  8.5057844E+05
   36094,  3008,  1.9309985E-02,  8.5057844E+05
   36095,  3008,  5.6648474E-02,  8.5057844E+05
   36133, 25012,  1.9143641E-02,  3.9955919E+05
   36134, 25012,  8.6821958E-02,  3.9955919E+05
   36135, 25012,  2.5023222E-02,  3.9955919E+05
   36136, 25004,  8.8932581E-02,  2.5900541E+05
   36137, 25004,  2.8567886E-02,  2.5900541E+05
   36138, 25014,  1.7574381E-03,  3.8003269E+05
   36139, 25014,  5.2692428E-02,  3.8003269E+05
   36154, 10014,  1.9272184E-02,  5.4143206E+05
   36156, 10014,  2.1099662E-02,  5.4143206E+05
   36163, 32021,  3.4398165E-01,  5.6334781E+04
   36164, 32042,  3.7266530E-02,  6.1595100E+05
   36165, 32042,  3.5342652E-02,  6.1595100E+05
   36166, 32010,  2.1838931E-02,  1.1773068E+06
   36167, 32010,  1.7751997E-02,  1.1773068E+06
   36168, 32010,  3.5803944E-02,  1.1773068E+06
   36169, 32010,  1.2107635E-02,  1.1773068E+06
   36170, 32010,  3.0747572E-02,  1.1773068E+06
   36171, 32010,  2.0960309E-02,  1.1773068E+06
   36172, 32010,  5.1997595E-02,  1.1773068E+06
   36173, 32010,  7.9020388E-02,  1.1773068E+06
   36174, 32010,  2.7168609E-02,  1.1773068E+06
   36175, 32010,  1.5381303E-02,  1.1773068E+06
   36176, 32010,  2.0648072E-02,  1.1773068E+06
   36177, 32051,  4.1379672E-02,  7.4959344E+05
   36178, 32051,  4.3464940E-02,  7.4959344E+05
   36179, 32051,  3.8064232E-03,  7.4959344E+05
   36180, 24033,  1.3769232E-02,  2.8762534E+05
   36181, 24033,  8.4696531E-02,  2.8762534E+05
   36185, 24033,  2.3382155E-02,  2.8762534E+05
   36186, 24033,  8.7777823E-03,  2.8762534E+05
   36190, 24015,  3.8561527E-02,  2.4438889E+05
   36191, 24015,  8.3147749E-02,  2.4438889E+05
   36192, 24015,  2.1274207E-02,  2.4438889E+05
   36193, 24015,  6.4221196E-02,  2.4438889E+05
   36194, 24015,  1.2688452E-01,  2.4438889E+05
   36195, 24015,  1.1288589E-02,  2.4438889E+05
   36196, 24047,  1.1536915E-01,  1.6334534E+05
   36199, 24020,  7.6423690E-02,  2.4404519E+05
   36205, 28006,  7.1647033E-02,  3.1717131E+05
   36207, 28006,  7.0400976E-02,  3.1717131E+05
   36208, 28006,  6.1004054E-02,  3.1717131E+05
   36209, 28039,  3.9621629E-02,  4.6886081E+05
   36210, 28031,  1.7190453E-01,  1.3406800E+05
   36211, 28017,  4.4270087E-02,  2.3657000E+05
   36214, 28019,  3.3400025E-02,  3.7640938E+05
   36215, 28019,  7.4021064E-02,  3.7640938E+05
   36216, 28019,  1.2140670E-03,  3.7640938E+05
   36219, 28019,  6.8282738E-02,  3.7640938E+05
   36222, 28019,  3.8447253E-02,  3.7640938E+05
   36227, 28002,  3.3316815E-03,  3.7149041E+05
   36228, 28002,  6.2991209E-02,  3.7149041E+05
   36444,  3008,  2.3844736E-02,  8.5057844E+05
   36445,  3008,  3.1023690E-02,  8.5057844E+05
   36446,  3008,  2.9916710E-03,  8.5057844E+05
   36447,  3008,  2.4061063E-02,  8.5057844E+05
   36448,  3008,  6.5225221E-02,  8.5057844E+05
   36449,  3008,  2.3063434E-02,  8.5057844E+05
   36450,  3008,  2.7255353E-02,  8.5057844E+05
   36485, 25012,  2.1886012E-02,  3.9955919E+05
   36486, 25012,  7.7593349E-02,  3.9955919E+05
   36487, 25012,  8.9730658E-02,  3.9955919E+05
   36488, 25012,  1.4837253E-01,  3.9955919E+05
   36489, 25004,  5.0442196E-02,  2.5900541E+05
   36491, 25014,  3.4358099E-02,  3.8003269E+05
   36498, 10023,  7.2370637E-03,  4.8952769E+05
   36507, 10014,  3.1968632E-03,  5.4143206E+05
   36509, 10014,  3.6538772E-02,  5.4143206E+05
   36515, 32021,  4.6900082E-01,  5.6334781E+04
   36516, 32021,  4.0218920E-01,  5.6334781E+04
   36517, 32042,  1.4238497E-02,  6.1595100E+05
   36519, 32010,  3.6342291E-04,  1.1773068E+06
   36520, 32010,  1.4257928E-02,  1.1773068E+06
   36521, 32010,  1.6171815E-02,  1.1773068E+06
   36523, 32010,  3.3145994E-03,  1.1773068E+06
   36524, 32010,  2.1371059E-02,  1.1773068E+06
   36525, 32010,  3.9105829E-02,  1.1773068E+06
   36526, 32010,  4.5169692E-04,  1.1773068E+06
   36527, 32010,  1.1442707E-02,  1.1773068E+06
   36529, 32010,  9.7610960E-03,  1.1773068E+06
   36530, 32051,  2.6972249E-02,  7.4959344E+05
   36531, 32051,  3.1680670E-02,  7.4959344E+05
   36532, 32051,  3.5265565E-02,  7.4959344E+05
   36533, 24033,  3.5643745E-02,  2.8762534E+05
   36534, 24033,  3.6443283E-03,  2.8762534E+05
   36535, 24033,  7.3601514E-02,  2.8762534E+05
   36536, 24033,  7.8002438E-02,  2.8762534E+05
   36537, 24033,  3.5212670E-02,  2.8762534E+05
   36538, 24033,  4.1751154E-02,  2.8762534E+05
   36546, 24015,  1.3956655E-03,  2.4438889E+05
   36547, 24015,  9.5842011E-02,  2.4438889E+05
   36548, 24047,  1.0523499E-01,  1.6334534E+05
   36549, 24047,  1.3627025E-01,  1.6334534E+05
   36552, 24020,  7.6386295E-02,  2.4404519E+05
   36554, 19014,  2.3847962E-02,  6.6594900E+05
   36557, 28006,  7.6396897E-02,  3.1717131E+05
   36558, 28006,  7.7669099E-02,  3.1717131E+05
   36559, 28006,  3.6247633E-02,  3.1717131E+05
   36560, 28006,  3.5824440E-02,  3.1717131E+05
   36561, 28006,  5.8121137E-02,  3.1717131E+05
   36562, 28006,  1.0308510E-01,  3.1717131E+05
   36563, 28031,  2.1015275E-01,  1.3406800E+05
   36564, 28017,  8.1534430E-02,  2.3657000E+05
   36567, 28019,  1.6299659E-02,  3.7640938E+05
   36568, 28019,  2.9294420E-02,  3.7640938E+05
   36569, 28019,  4.6773393E-02,  3.7640938E+05
   36570, 28019,  2.8144520E-02,  3.7640938E+05
   36571, 28019,  8.6283252E-02,  3.7640938E+05
   36572, 28019,  2.4861449E-02,  3.7640938E+05
   36581, 28002,  5.0720900E-02,  3.7149041E+05
   36796,  3003,  3.3728641E-03,  1.8502976E+06
   36797,  3008,  1.6855745E-02,  8.5057844E+05
   36798,  3008,  4.8865736E-03,  8.5057844E+05
   36801,  3008,  4.5205671E-02,  8.5057844E+05
   36802,  3008,  3.0877410E-02,  8.5057844E+05
   36803,  3008,  2.3333080E-02,  8.5057844E+05
   36804,  3008,  4.0778756E-02,  8.5057844E+05
   36838, 25012,  7.1050286E-02,  3.9955919E+05
   36839, 25012,  5.7375338E-02,  3.9955919E+05
   36841, 25004,  6.1009757E-02,  2.5900541E+05
   36842, 25004,  1.3599500E-01,  2.5900541E+05
   36843, 25004,  1.1639787E-01,  2.5900541E+05
   36844, 25004,  1.7469855E-02,  2.5900541E+05
   36849, 10023,  2.1715257E-02,  4.8952769E+05
   36850, 10023,  5.0841041E-02,  4.8952769E+05
   36851, 10023,  2.2505488E-02,  4.8952769E+05
   36856, 10023,  6.0234019E-03,  4.8952769E+05
   36858, 10014,  4.1796476E-02,  5.4143206E+05
   36860, 10014,  4.2967003E-02,  5.4143206E+05
   36862, 10014,  2.9819246E-02,  5.4143206E+05
   36863, 10014,  2.4313947E-02,  5.4143206E+05
   36864, 10033,  1.2690762E-02,  1.0929887E+05
   36867, 32009,  1.5668821E-01,  1.0787718E+05
   36868, 32021,  1.8064593E-01,  5.6334781E+04
   36871, 32042,  2.6489308E-02,  6.1595100E+05
   36872, 32010,  2.0683516E-02,  1.1773068E+06
   36873, 32010,  8.4445532E-03,  1.1773068E+06
   36874, 32010,  2.6523666E-02,  1.1773068E+06
   36875, 32010,  1.8603493E-02,  1.1773068E+06
   36876, 32010,  2.4274128E-02,  1.1773068E+06
   36877, 32010,  2.3224063E-02,  1.1773068E+06
   36878, 32010,  3.0579260E-02,  1.1773068E+06
   36880, 32010,  1.1344982E-03,  1.1773068E+06
   36881, 32010,  1.6607825E-02,  1.1773068E+06
   36884, 32051,  1.2317748E-02,  7.4959344E+05
   36885, 24033,  4.0608216E-02,  2.8762534E+05
   36886, 24033,  3.4701392E-02,  2.8762534E+05
   36888, 32051,  3.1778358E-02,  7.4959344E+05
   36889, 24033,  2.8687838E-02,  2.8762534E+05
   36890, 24033,  2.8658509E-02,  2.8762534E+05
   36891, 24033,  5.7197522E-02,  2.8762534E+05
   36892, 24033,  7.4798986E-02,  2.8762534E+05
   36900, 24006,  9.9905118E-02,  1.8457939E+05
   36902, 24047,  9.6249111E-02,  1.6334534E+05
   36903, 24047,  3.5433479E-02,  1.6334534E+05
   36904, 24020,  5.0673984E-02,  2.4404519E+05
   36905, 24020,  2.5812706E-02,  2.4404519E+05
   36907, 19014,  2.7177770E-02,  6.6594900E+05
   36910, 28006,  6.3407965E-02,  3.1717131E+05
   36911, 28006,  3.5161573E-02,  3.1717131E+05
   36912, 28006,  1.7504215E-01,  3.1717131E+05
   36913, 28006,  7.7878144E-03,  3.1717131E+05
   36914, 28006,  1.0005949E-01,  3.1717131E+05
   36915, 28031,  1.1807037E-01,  1.3406800E+05
   36916, 28031,  2.6570392E-01,  1.3406800E+05
   36917, 28031,  2.4765845E-01,  1.3406800E+05
   36918, 28017,  2.2864858E-02,  2.3657000E+05
   36922, 28019,  1.0520247E-01,  3.7640938E+05
   36923, 28019,  2.6402876E-02,  3.7640938E+05
   36924, 28019,  1.2149504E-02,  3.7640938E+05
   36925, 28019,  3.6533229E-02,  3.7640938E+05
   36934, 28037,  2.6566163E-02,  7.6731362E+05
   37149,  3003,  1.0869585E-02,  1.8502976E+06
   37150,  3003,  1.2740002E-02,  1.8502976E+06
   37151,  3003,  7.4673076E-03,  1.8502976E+06
   37152,  3008,  1.4610688E-02,  8.5057844E+05
   37153,  3008,  1.9784642E-02,  8.5057844E+05
   37154,  3008,  3.0719880E-02,  8.5057844E+05
   37156,  3008,  2.4854254E-02,  8.5057844E+05
   37157,  3008,  2.3477491E-02,  8.5057844E+05
   37190, 25012,  4.5740575E-02,  3.9955919E+05
   37191, 25012,  1.1273441E-01,  3.9955919E+05
   37192, 25012,  9.5053790E-03,  3.9955919E+05
   37195, 25004,  4.8031107E-02,  2.5900541E+05
   37197, 25004,  1.0023149E-01,  2.5900541E+05
   37198, 25004,  6.1071359E-02,  2.5900541E+05
   37203, 10023,  6.0588390E-02,  4.8952769E+05
   37206, 10023,  4.3662805E-02,  4.8952769E+05
   37207, 10023,  6.0375847E-02,  4.8952769E+05
   37208, 10023,  9.3249930E-03,  4.8952769E+05
   37209, 10023,  4.1938659E-02,  4.8952769E+05
   37211, 10014,  4.8526078E-02,  5.4143206E+05
   37213, 10014,  4.7128744E-02,  5.4143206E+05
   37214, 10014,  3.6770117E-03,  5.4143206E+05
   37215, 10014,  3.1880509E-02,  5.4143206E+05
   37216, 10014,  9.5826946E-03,  5.4143206E+05
   37217, 10033,  1.0740767E-01,  1.0929887E+05
   37219, 32009,  2.6835878E-03,  1.0787718E+05
   37220, 32009,  2.6416913E-01,  1.0787718E+05
   37224, 32042,  3.8608443E-02,  6.1595100E+05
   37229, 32040,  1.1007795E-01,  1.5251744E+05
   37230, 32010,  6.9531086E-03,  1.1773068E+06
   37231, 32010,  3.0650558E-02,  1.1773068E+06
   37232, 32010,  1.7450595E-02,  1.1773068E+06
   37233, 32010,  6.7717058E-04,  1.1773068E+06
   37234, 32010,  1.5761586E-02,  1.1773068E+06
   37235, 32010,  3.5492745E-03,  1.1773068E+06
   37237, 32051,  1.8157849E-02,  7.4959344E+05
   37239, 24033,  6.2127236E-02,  2.8762534E+05
   37240, 32051,  3.8045332E-02,  7.4959344E+05
   37241, 32051,  5.6843780E-04,  7.4959344E+05
   37245, 24033,  2.2875430E-02,  2.8762534E+05
   37246, 24033,  5.7716854E-02,  2.8762534E+05
   37253, 24006,  1.0052036E-01,  1.8457939E+05
   37256, 24020,  9.4720647E-02,  2.4404519E+05
   37257, 24020,  1.6078135E-01,  2.4404519E+05
   37260, 19014,  2.8643774E-02,  6.6594900E+05
   37261, 19036,  3.4824353E-02,  1.0321901E+05
   37262, 19036,  2.1920606E-01,  1.0321901E+05
   37263, 19036,  2.9057348E-01,  1.0321901E+05
   37264, 19036,  2.0541947E-01,  1.0321901E+05
   37266, 28006,  8.1837617E-02,  3.1717131E+05
   37267, 28006,  9.8480701E-02,  3.1717131E+05
   37268, 28031,  1.5915762E-01,  1.3406800E+05
   37269, 28031,  1.6139926E-01,  1.3406800E+05
   37270, 28031,  1.1462022E-01,  1.3406800E+05
   37271, 28017,  1.5135540E-01,  2.3657000E+05
   37272, 28017,  1.9560056E-02,  2.3657000E+05
   37275, 28019,  2.6280349E-02,  3.7640938E+05
   37276, 28019,  2.7074873E-02,  3.7640938E+05
   37277, 28019,  5.3670362E-02,  3.7640938E+05
   37286, 28037,  2.2539385E-02,  7.6731362E+05
   37287, 28037,  4.8220130E-03,  7.6731362E+05
   37502,  3003,  1.2068392E-02,  1.8502976E+06
   37504,  3003,  1.2542920E-02,  1.8502976E+06
   37507,  3008,  4.1371852E-02,  8.5057844E+05
   37508,  3008,  3.4478663E-03,  8.5057844E+05
   37510,  3008,  1.9089101E-02,  8.5057844E+05
   37511,  3008,  3.3960573E-03,  8.5057844E+05
   37542, 25012,  2.4411273E-03,  3.9955919E+05
   37543, 25012,  1.1206785E-01,  3.9955919E+05
   37544, 25012,  4.9334463E-02,  3.9955919E+05
   37551, 25004,  1.0244916E-01,  2.5900541E+05
   37556, 10023,  2.5868557E-02,  4.8952769E+05
   37557, 10023,  1.8079564E-02,  4.8952769E+05
   37561, 10023,  3.3058818E-02,  4.8952769E+05
   37562, 10023,  6.5377221E-02,  4.8952769E+05
   37563, 10005,  2.6658824E-02,  1.2336961E+06
   37564, 10005,  2.1554798E-02,  1.2336961E+06
   37566, 10014,  3.9802175E-03,  5.4143206E+05
   37567, 10014,  6.2324811E-02,  5.4143206E+05
   37568, 10014,  1.2349784E-02,  5.4143206E+05
   37570, 10033,  7.7894464E-02,  1.0929887E+05
   37571, 10033,  1.7655037E-02,  1.0929887E+05
   37572, 32009,  1.5961645E-02,  1.0787718E+05
   37573, 32009,  2.7206123E-01,  1.0787718E+05
   37574, 32009,  9.7718135E-02,  1.0787718E+05
   37575, 32042,  2.9591799E-02,  6.1595100E+05
   37576, 32042,  4.2127676E-02,  6.1595100E+05
   37577, 32042,  9.2657115E-03,  6.1595100E+05
   37580, 32040,  5.6567427E-02,  1.5251744E+05
   37581, 32040,  1.2843053E-01,  1.5251744E+05
   37582, 32040,  8.0821119E-02,  1.5251744E+05
   37584, 32040,  2.3648071E-01,  1.5251744E+05
   37585, 32006,  2.3043281E-01,  6.1334078E+04
   37587, 32006,  1.7627139E-02,  6.1334078E+04
   37588, 32051,  4.4301260E-02,  7.4959344E+05
   37589, 32051,  1.3272678E-02,  7.4959344E+05
   37590, 32051,  8.4139907E-04,  7.4959344E+05
   37593, 32051,  3.7195504E-02,  7.4959344E+05
   37594, 32051,  1.3014199E-02,  7.4959344E+05
   37599, 24033,  4.0587604E-02,  2.8762534E+05
   37600, 24033,  6.0058977E-02,  2.8762534E+05
   37606, 24006,  8.6548284E-02,  1.8457939E+05
   37609, 24020,  1.4121254E-03,  2.4404519E+05
   37610, 24020,  7.6127328E-02,  2.4404519E+05
   37613, 19014,  2.8311677E-02,  6.6594900E+05
   37614, 19014,  2.8179359E-02,  6.6594900E+05
   37618, 28026,  6.3629739E-02,  2.3026408E+05
   37619, 28026,  1.0358897E-01,  2.3026408E+05
   37620, 28006,  4.4114158E-02,  3.1717131E+05
   37621, 28017,  1.3858290E-01,  2.3657000E+05
   37622, 28017,  8.2992353E-02,  2.3657000E+05
   37624, 28017,  7.8944601E-02,  2.3657000E+05
   37628, 28019,  1.4181912E-02,  3.7640938E+05
   37629, 28019,  3.7443593E-02,  3.7640938E+05
   37630, 28019,  3.5833199E-02,  3.7640938E+05
   37639, 28037,  2.9465301E-02,  7.6731362E+05
   37642, 28037,  9.6447971E-03,  7.6731362E+05
   37855,  3003,  1.4286734E-02,  1.8502976E+06
   37856,  3003,  1.0552918E-02,  1.8502976E+06
   37857,  3003,  2.6359612E-03,  1.8502976E+06
   37860,  3008,  2.3485135E-02,  8.5057844E+05
   37861,  3008,  3.0357908E-02,  8.5057844E+05
   37863,  3008,  1.5604256E-02,  8.5057844E+05
   37864,  3008,  9.2770755E-03,  8.5057844E+05
   37895, 25016,  1.1098013E-01,  4.7262056E+05
   37896, 25012,  3.0226996E-02,  3.9955919E+05
   37897, 25012,  2.6102431E-02,  3.9955919E+05
   37904, 10026,  8.9295484E-02,  3.7333116E+05
   37908, 10023,  1.7777809E-03,  4.8952769E+05
   37909, 10023,  4.4372585E-02,  4.8952769E+05
   37910, 10023,  1.7644387E-03,  4.8952769E+05
   37916, 10005,  5.0086048E-03,  1.2336961E+06
   37917, 10005,  5.3863246E-03,  1.2336961E+06
   37921, 10014,  3.4738012E-02,  5.4143206E+05
   37924, 10033,  1.2201042E-01,  1.0929887E+05
   37925, 10033,  2.0164931E-01,  1.0929887E+05
   37926, 10033,  3.0888548E-01,  1.0929887E+05
   37927, 32009,  1.2293201E-01,  1.0787718E+05
   37929, 32042,  4.3892182E-02,  6.1595100E+05
   37931, 32042,  6.0047116E-03,  6.1595100E+05
   37932, 32042,  3.2023955E-02,  6.1595100E+05
   37933, 32040,  1.5124768E-01,  1.5251744E+05
   37934, 32040,  1.3381226E-01,  1.5251744E+05
   37935, 32040,  1.7358033E-02,  1.5251744E+05
   37936, 32039,  1.5551649E-02,  2.8029206E+05
   37937, 32040,  9.1792345E-02,  1.5251744E+05
   37938, 32006,  6.6872112E-02,  6.1334078E+04
   37939, 32006,  3.0714330E-01,  6.1334078E+04
   37940, 32006,  1.4018044E-01,  6.1334078E+04
   37941, 32051,  4.2255181E-03,  7.4959344E+05
   37942, 32051,  2.3264445E-02,  7.4959344E+05
   37946, 32051,  1.2474178E-02,  7.4959344E+05
   37947, 32051,  1.9655878E-02,  7.4959344E+05
   37948, 32051,  1.5629917E-02,  7.4959344E+05
   37949, 32051,  1.0229903E-02,  7.4959344E+05
   37950, 32051,  1.1946475E-02,  7.4959344E+05
   37953, 24033,  1.9752035E-02,  2.8762534E+05
   37954, 24033,  6.3426636E-02,  2.8762534E+05
   37959, 24006,  7.2897486E-02,  1.8457939E+05
   37962, 24020,  1.7605523E-02,  2.4404519E+05
   37963, 24020,  1.0430022E-01,  2.4404519E+05
   37965, 19014,  1.7565260E-02,  6.6594900E+05
   37966, 19014,  1.3535270E-02,  6.6594900E+05
   37967, 19014,  1.2358871E-02,  6.6594900E+05
   37968, 19014,  1.7464953E-02,  6.6594900E+05
   37969, 19014,  1.7389070E-02,  6.6594900E+05
   37970, 19014,  8.7584425E-03,  6.6594900E+05
   37971, 28026,  9.2409275E-02,  2.3026408E+05
   37972, 28026,  3.1769540E-02,  2.3026408E+05
   37973, 28026,  2.2613889E-01,  2.3026408E+05
   37974, 28017,  6.7808643E-02,  2.3657000E+05
   37975, 28017,  2.0738270E-02,  2.3657000E+05
   37977, 28017,  4.4169068E-02,  2.3657000E+05
   37978, 28017,  1.1069696E-01,  2.3657000E+05
   37979, 28041,  6.0272820E-02,  3.6598475E+05
   37980, 28041,  4.7715660E-03,  3.6598475E+05
   37981, 28019,  9.0088293E-02,  3.7640938E+05
   37982, 28008,  1.1075950E-01,  1.8188914E+05
   37985, 28008,  2.5223337E-02,  1.8188914E+05
   37986, 28008,  1.2054890E-01,  1.8188914E+05
   37987, 28037,  2.8017741E-02,  7.6731362E+05
   37988, 28037,  2.1013601E-02,  7.6731362E+05
   37992, 28037,  3.8243875E-02,  7.6731362E+05
   37993, 28037,  2.5150578E-02,  7.6731362E+05
   37994, 28037,  2.7398568E-02,  7.6731362E+05
   37995, 28037,  1.0276061E-02,  7.6731362E+05
   38207,  3003,  9.9161444E-03,  1.8502976E+06
   38208,  3003,  1.2269892E-02,  1.8502976E+06
   38213,  3008,  4.6404996E-03,  8.5057844E+05
   38214,  3008,  3.3807769E-02,  8.5057844E+05
   38215,  3008,  4.4886896E-04,  8.5057844E+05
   38216,  3008,  3.0341517E-02,  8.5057844E+05
   38247, 25016,  8.9673266E-02,  4.7262056E+05
   38248, 25016,  1.8469888E-03,  4.7262056E+05
   38249, 25016,  6.2416568E-02,  4.7262056E+05
   38257, 10026,  5.5732083E-02,  3.7333116E+05
   38258, 10023,  7.3426276E-02,  4.8952769E+05
   38260, 10023,  1.9759998E-02,  4.8952769E+05
   38261, 10023,  3.2719903E-02,  4.8952769E+05
   38262, 10023,  6.6588372E-02,  4.8952769E+05
   38269, 10005,  2.1162079E-05,  1.2336961E+06
   38270, 10005,  9.6012652E-03,  1.2336961E+06
   38273, 10014,  2.1408904E-02,  5.4143206E+05
   38274, 10014,  2.0525642E-02,  5.4143206E+05
   38277, 10038,  7.2755502E-04,  6.8318438E+04
   38278, 10038,  2.8659779E-01,  6.8318438E+04
   38279, 10033,  3.2132670E-02,  1.0929887E+05
   38280, 32042,  1.1319416E-02,  6.1595100E+05
   38281, 32042,  6.3919619E-02,  6.1595100E+05
   38282, 32042,  2.7153656E-02,  6.1595100E+05
   38283, 32042,  5.7200350E-02,  6.1595100E+05
   38284, 32042,  5.7521887E-02,  6.1595100E+05
   38288, 32039,  1.0626677E-01,  2.8029206E+05
   38289, 32039,  1.1113226E-01,  2.8029206E+05
   38290, 32039,  1.0317371E-03,  2.8029206E+05
   38295, 32051,  2.5464322E-02,  7.4959344E+05
   38297, 32051,  2.0891430E-02,  7.4959344E+05
   38298, 32051,  2.6183397E-02,  7.4959344E+05
   38299, 32051,  3.1585731E-02,  7.4959344E+05
   38301, 32051,  1.8402385E-02,  7.4959344E+05
   38302, 32051,  3.8893390E-02,  7.4959344E+05
   38309, 24006,  6.9948524E-02,  1.8457939E+05
   38310, 24006,  1.1904021E-01,  1.8457939E+05
   38311, 24006,  1.0057729E-01,  1.8457939E+05
   38312, 24006,  1.9898999E-01,  1.8457939E+05
   38313, 24006,  5.1108297E-02,  1.8457939E+05
   38315, 24048,  1.0635054E+00,  1.4473890E+04
   38316, 24020,  2.7335680E-01,  2.4404519E+05
   38317, 24020,  8.0652162E-02,  2.4404519E+05
   38318, 19014,  3.9950453E-02,  6.6594900E+05
   38319, 19014,  4.3056607E-02,  6.6594900E+05
   38320, 19014,  2.9173436E-02,  6.6594900E+05
   38321, 19014,  5.5771023E-02,  6.6594900E+05
   38322, 19014,  2.4482353E-02,  6.6594900E+05
   38323, 19014,  1.5512927E-02,  6.6594900E+05
   38324, 28026,  2.9152917E-02,  2.3026408E+05
   38325, 28026,  1.5407258E-01,  2.3026408E+05
   38326, 28026,  1.2824285E-01,  2.3026408E+05
   38327, 28017,  4.3115981E-02,  2.3657000E+05
   38328, 28017,  1.4978538E-02,  2.3657000E+05
   38330, 28017,  3.3004535E-03,  2.3657000E+05
   38332, 28041,  6.7063130E-02,  3.6598475E+05
   38333, 28041,  1.1233777E-01,  3.6598475E+05
   38334, 28041,  1.0712111E-02,  3.6598475E+05
   38335, 28008,  7.0726216E-02,  1.8188914E+05
   38336, 28008,  4.1306913E-02,  1.8188914E+05
   38337, 28008,  2.3548389E-02,  1.8188914E+05
   38338, 28008,  1.3060971E-01,  1.8188914E+05
   38341, 28037,  1.3437349E-02,  7.6731362E+05
   38342, 28037,  2.3633994E-02,  7.6731362E+05
   38343, 28037,  3.6571170E-03,  7.6731362E+05
   38344, 28037,  3.0631915E-02,  7.6731362E+05
   38345, 28037,  4.5774509E-03,  7.6731362E+05
   38559,  3003,  4.6744817E-03,  1.8502976E+06
   38560,  3003,  8.2810558E-03,  1.8502976E+06
   38561,  3003,  1.4598973E-02,  1.8502976E+06
   38562,  3003,  5.1608542E-05,  1.8502976E+06
   38567,  3008,  2.7592720E-02,  8.5057844E+05
   38568,  3008,  2.0969687E-02,  8.5057844E+05
   38569,  3008,  2.0211642E-03,  8.5057844E+05
   38600, 25016,  1.1679691E-01,  4.7262056E+05
   38602, 25016,  4.1925985E-02,  4.7262056E+05
   38611, 10026,  4.4902660E-02,  3.7333116E+05
   38612, 10023,  4.4030372E-02,  4.8952769E+05
   38613, 10023,  5.8376178E-02,  4.8952769E+05
   38614, 10023,  5.4279719E-02,  4.8952769E+05
   38615, 10023,  8.4487669E-02,  4.8952769E+05
   38616, 10023,  5.4447888E-03,  4.8952769E+05
   38622, 10005,  9.7046904E-03,  1.2336961E+06
   38626, 10014,  4.6600554E-02,  5.4143206E+05
   38627, 10016,  9.1068456E-03,  1.9955911E+05
   38630, 10016,  1.0888217E-01,  1.9955911E+05
   38631, 10038,  5.9512818E-01,  6.8318438E+04
   38632, 10038,  2.7496862E-01,  6.8318438E+04
   38633, 32042,  3.4283623E-02,  6.1595100E+05
   38634, 32042,  9.9587347E-03,  6.1595100E+05
   38635, 32042,  2.8994493E-02,  6.1595100E+05
   38636, 32042,  3.0217197E-02,  6.1595100E+05
   38637, 32042,  1.3712895E-02,  6.1595100E+05
   38638, 32042,  1.4040722E-02,  6.1595100E+05
   38641, 32039,  1.4808303E-01,  2.8029206E+05
   38642, 32039,  7.1679637E-02,  2.8029206E+05
   38648, 32051,  2.5722757E-02,  7.4959344E+05
   38652, 32051,  2.5498653E-02,  7.4959344E+05
   38654, 32051,  2.7187409E-02,  7.4959344E+05
   38655, 32051,  2.7603868E-02,  7.4959344E+05
   38656, 32051,  3.1086652E-02,  7.4959344E+05
   38657, 32051,  2.4083689E-02,  7.4959344E+05
   38658, 32051,  1.5600846E-02,  7.4959344E+05
   38662, 24006,  1.1669198E-03,  1.8457939E+05
   38665, 24006,  1.0007607E-01,  1.8457939E+05
   38666, 24006,  4.3882351E-02,  1.8457939E+05
   38667, 24044,  7.3252302E-03,  2.1882986E+05
   38668, 24007,  8.9447491E-02,  2.3138888E+05
   38669, 24007,  7.4184842E-02,  2.3138888E+05
   38670, 24007,  1.8053466E-02,  2.3138888E+05
   38672, 19014,  3.2089945E-02,  6.6594900E+05
   38675, 19014,  5.6311786E-02,  6.6594900E+05
   38676, 19014,  3.1835001E-02,  6.6594900E+05
   38677, 19014,  2.3422744E-02,  6.6594900E+05
   38685, 28041,  1.5294063E-01,  3.6598475E+05
   38686, 28041,  3.2424513E-01,  3.6598475E+05
   38687, 28041,  5.4175891E-02,  3.6598475E+05
   38688, 28013,  8.3188817E-02,  2.1638247E+05
   38689, 28013,  8.4530815E-02,  2.1638247E+05
   38690, 28008,  1.6004142E-01,  1.8188914E+05
   38691, 28008,  1.7485034E-02,  1.8188914E+05
   38695, 28037,  8.7997336E-03,  7.6731362E+05
   38696, 28037,  4.6004027E-02,  7.6731362E+05
   38912,  3003,  5.8544055E-03,  1.8502976E+06
   38913,  3003,  5.3817178E-03,  1.8502976E+06
   38914,  3003,  1.1214357E-02,  1.8502976E+06
   38919,  3003,  4.8931767E-03,  1.8502976E+06
   38920,  3003,  1.3845818E-02,  1.8502976E+06
   38952, 25008,  1.1888766E-01,  4.3591284E+05
   38953, 25016,  1.2965727E-02,  4.7262056E+05
   38954, 25016,  5.0986230E-02,  4.7262056E+05
   38955, 25016,  7.8999430E-02,  4.7262056E+05
   38956, 25016,  5.1794131E-04,  4.7262056E+05
   38968, 10023,  1.0102618E-02,  4.8952769E+05
   38969, 10023,  5.9207089E-02,  4.8952769E+05
   38970, 10023,  2.1981355E-02,  4.8952769E+05
   38975, 10005,  1.6674735E-02,  1.2336961E+06
   38978, 10005,  2.0963410E-03,  1.2336961E+06
   38979, 10005,  1.5512783E-02,  1.2336961E+06
   38980, 10016,  5.7178210E-03,  1.9955911E+05
   38981, 10016,  2.2156580E-01,  1.9955911E+05
   38982, 10016,  1.7197514E-01,  1.9955911E+05
   38983, 10022,  6.4169452E-02,  1.1050942E+05
   38984, 10022,  6.1755892E-02,  1.1050942E+05
   38988, 32042,  2.9904950E-02,  6.1595100E+05
   38989, 32042,  1.4037092E-02,  6.1595100E+05
   38990, 32042,  2.5481666E-02,  6.1595100E+05
   38991, 32042,  4.8468146E-02,  6.1595100E+05
   38992, 32039,  5.8675488E-04,  2.8029206E+05
   38993, 32039,  1.6958704E-02,  2.8029206E+05
   38994, 32039,  5.7337519E-02,  2.8029206E+05
   38995, 32039,  1.1299559E-01,  2.8029206E+05
   38996, 32039,  6.7156225E-02,  2.8029206E+05
   38997, 32039,  6.8536893E-02,  2.8029206E+05
   38998, 32014,  4.2344704E-02,  4.5732825E+05
   38999, 32014,  4.7950600E-03,  4.5732825E+05
   39000, 32014,  5.0810874E-03,  4.5732825E+05
   39001, 32051,  4.9063116E-02,  7.4959344E+05
   39005, 32051,  2.6295461E-02,  7.4959344E+05
   39007, 32051,  3.4585313E-03,  7.4959344E+05
   39009, 32051,  2.8908502E-02,  7.4959344E+05
   39010, 32026,  6.7954574E-04,  1.0122236E+06
   39018, 24044,  8.3676755E-02,  2.1882986E+05
   39019, 24044,  9.5196649E-02,  2.1882986E+05
   39020, 24007,  9.6346408E-02,  2.3138888E+05
   39021, 24007,  1.7841053E-01,  2.3138888E+05
   39022, 24007,  8.3322294E-02,  2.3138888E+05
   39023, 19014,  4.2795986E-02,  6.6594900E+05
   39024, 19014,  2.1013275E-03,  6.6594900E+05
   39025, 19014,  2.9334817E-02,  6.6594900E+05
   39027, 19014,  2.7656285E-04,  6.6594900E+05
   39028, 19014,  2.9158579E-02,  6.6594900E+05
   39029, 19014,  6.4074196E-04,  6.6594900E+05
   39030, 19024,  1.4576046E-01,  2.0431086E+05
   39031, 19024,  1.0421671E-01,  2.0431086E+05
   39032, 19024,  9.0795020E-03,  2.0431086E+05
   39038, 28041,  5.5550002E-02,  3.6598475E+05
   39039, 28013,  1.6975282E-01,  2.1638247E+05
   39040, 28013,  3.4631509E-02,  2.1638247E+05
   39043, 28008,  2.4553955E-02,  1.8188914E+05
   39044, 28008,  2.0116463E-02,  1.8188914E+05
   39046, 28001,  1.1533020E-02,  4.4088275E+05
   39047, 28001,  1.9941360E-03,  4.4088275E+05
   39048, 28037,  2.7976185E-02,  7.6731362E+05
   39049, 28037,  6.1430033E-02,  7.6731362E+05
   39050, 28037,  2.6547078E-02,  7.6731362E+05
   39051, 28037,  3.9039738E-02,  7.6731362E+05
   39052, 28037,  3.4554176E-02,  7.6731362E+05
   39053, 28037,  3.1475097E-02,  7.6731362E+05
   39054, 28037,  2.5778292E-02,  7.6731362E+05
   39266,  3003,  3.0023179E-03,  1.8502976E+06
   39267,  3003,  1.1717826E-02,  1.8502976E+06
   39269,  3003,  4.6948306E-03,  1.8502976E+06
   39270,  3003,  1.0298808E-02,  1.8502976E+06
   39271,  3003,  1.0697857E-02,  1.8502976E+06
   39272,  3003,  7.6806727E-03,  1.8502976E+06
   39273,  3003,  5.0553512E-03,  1.8502976E+06
   39304, 25008,  8.5568994E-02,  4.3591284E+05
   39305, 25008,  5.8820699E-03,  4.3591284E+05
   39306, 25008,  3.0909337E-02,  4.3591284E+05
   39307, 25016,  6.7840040E-02,  4.7262056E+05
   39308, 25016,  5.4655890E-03,  4.7262056E+05
   39309, 25016,  4.6604350E-02,  4.7262056E+05
   39310, 25016,  3.3959899E-02,  4.7262056E+05
   39311, 25016,  4.6161234E-02,  4.7262056E+05
   39312, 25016,  1.1702431E-02,  4.7262056E+05
   39321, 10005,  4.5692991E-04,  1.2336961E+06
   39322, 10005,  9.6828863E-03,  1.2336961E+06
   39323, 10005,  7.2993999E-03,  1.2336961E+06
   39324, 10005,  2.4819599E-02,  1.2336961E+06
   39325, 10005,  1.5838671E-02,  1.2336961E+06
   39326, 10005,  1.9500554E-02,  1.2336961E+06
   39327, 10005,  2.1709392E-02,  1.2336961E+06
   39328, 10005,  8.5806902E-03,  1.2336961E+06
   39329, 10005,  3.5096996E-02,  1.2336961E+06
   39330, 10005,  7.9449592E-03,  1.2336961E+06
   39331, 10005,  2.6202239E-02,  1.2336961E+06
   39332, 10005,  7.5918855E-03,  1.2336961E+06
   39333, 10016,  1.1718929E-01,  1.9955911E+05
   39334, 10016,  1.0483360E-01,  1.9955911E+05
   39335, 10022,  1.3875756E-01,  1.1050942E+05
   39336, 10022,  3.1553987E-01,  1.1050942E+05
   39339, 32042,  1.0683087E-02,  6.1595100E+05
   39340, 32042,  2.5774822E-02,  6.1595100E+05
   39341, 32042,  5.1136896E-02,  6.1595100E+05
   39342, 32042,  3.0667800E-02,  6.1595100E+05
   39343, 32042,  5.7546444E-02,  6.1595100E+05
   39344, 32042,  4.4597551E-02,  6.1595100E+05
   39345, 32042,  3.1353001E-02,  6.1595100E+05
   39346, 32014,  4.3555737E-02,  4.5732825E+05
   39347, 32014,  5.9554175E-02,  4.5732825E+05
   39348, 32014,  2.6621372E-02,  4.5732825E+05
   39352, 32014,  4.1844908E-02,  4.5732825E+05
   39353, 32014,  3.6138047E-02,  4.5732825E+05
   39354, 32051,  1.3761366E-02,  7.4959344E+05
   39355, 32051,  1.2381847E-02,  7.4959344E+05
   39358, 32026,  1.9145289E-02,  1.0122236E+06
   39363, 32026,  2.0539794E-02,  1.0122236E+06
   39370, 24044,  1.0702454E-02,  2.1882986E+05
   39371, 24044,  1.9615847E-01,  2.1882986E+05
   39372, 24044,  2.1144105E-03,  2.1882986E+05
   39374, 24007,  1.2562551E-01,  2.3138888E+05
   39375, 24007,  1.1485520E-01,  2.3138888E+05
   39377, 19014,  3.1348132E-02,  6.6594900E+05
   39378, 19014,  2.2122346E-02,  6.6594900E+05
   39379, 19014,  5.8177481E-03,  6.6594900E+05
   39381, 19014,  9.7886203E-03,  6.6594900E+05
   39382, 19014,  5.4075681E-02,  6.6594900E+05
   39383, 19024,  1.7360760E-01,  2.0431086E+05
   39384, 19024,  1.5239450E-01,  2.0431086E+05
   39385, 19024,  1.3134584E-01,  2.0431086E+05
   39390, 28041,  5.0617076E-02,  3.6598475E+05
   39391, 28041,  2.1128582E-03,  3.6598475E+05
   39392, 28013,  1.3649672E-01,  2.1638247E+05
   39393, 28013,  1.4999036E-01,  2.1638247E+05
   39394, 28030,  5.6114644E-02,  1.9374419E+05
   39399, 28001,  3.6867421E-02,  4.4088275E+05
   39400, 28001,  3.1813279E-02,  4.4088275E+05
   39401, 28001,  7.8519834E-03,  4.4088275E+05
   39402, 28037,  3.1348467E-02,  7.6731362E+05
   39403, 28037,  2.2272293E-02,  7.6731362E+05
   39404, 28037,  5.2928561E-03,  7.6731362E+05
   39405, 28037,  6.8451520E-03,  7.6731362E+05
   39406, 28037,  1.7667547E-02,  7.6731362E+05
   39615,  3003,  6.7229001E-03,  1.8502976E+06
   39619,  3003,  2.5621240E-03,  1.8502976E+06
   39620,  3003,  1.4670854E-02,  1.8502976E+06
   39621,  3003,  1.3994116E-02,  1.8502976E+06
   39622,  3003,  1.3564513E-02,  1.8502976E+06
   39625,  3003,  4.2864713E-03,  1.8502976E+06
   39626,  3003,  2.1472776E-03,  1.8502976E+06
   39657, 25008,  1.4677548E-01,  4.3591284E+05
   39658, 25008,  6.2765829E-02,  4.3591284E+05
   39659, 25008,  9.2050731E-02,  4.3591284E+05
   39660, 25016,  3.5385039E-02,  4.7262056E+05
   39663, 25016,  3.4666717E-02,  4.7262056E+05
   39664, 25016,  1.4960922E-02,  4.7262056E+05
   39665, 25016,  7.0977144E-02,  4.7262056E+05
   39666, 25016,  3.2252304E-02,  4.7262056E+05
   39674, 10005,  1.1269296E-02,  1.2336961E+06
   39679, 10005,  9.8692905E-03,  1.2336961E+06
   39680, 10005,  1.5587817E-02,  1.2336961E+06
   39681, 10005,  3.9223325E-02,  1.2336961E+06
   39682, 10005,  6.5787554E-02,  1.2336961E+06
   39683, 10005,  7.5730123E-02,  1.2336961E+06
   39684, 10005,  6.6890202E-02,  1.2336961E+06
   39685, 10005,  2.2198701E-02,  1.2336961E+06
   39686, 10005,  2.3379998E-02,  1.2336961E+06
   39687, 10016,  1.4967526E-01,  1.9955911E+05
   39689, 10022,  1.9507508E-01,  1.1050942E+05
   39690, 10022,  1.2442712E-01,  1.1050942E+05
   39691, 10022,  2.6344810E-02,  1.1050942E+05
   39693, 32042,  1.5833717E-02,  6.1595100E+05
   39694, 32029,  2.1592008E-01,  1.1803969E+05
   39698, 32014,  1.3441073E-02,  4.5732825E+05
   39699, 32014,  3.3387125E-02,  4.5732825E+05
   39700, 32014,  1.1402147E-01,  4.5732825E+05
   39701, 32014,  1.2882337E-01,  4.5732825E+05
   39702, 32014,  2.9068284E-02,  4.5732825E+05
   39708, 32014,  1.6364546E-02,  4.5732825E+05
   39710, 32026,  8.3319396E-03,  1.0122236E+06
   39711, 32026,  9.5492322E-03,  1.0122236E+06
   39716, 32026,  8.5934801E-03,  1.0122236E+06
   39717, 32026,  2.0304587E-02,  1.0122236E+06
   39718, 32026,  1.6906442E-02,  1.0122236E+06
   39721, 32026,  1.7921191E-02,  1.0122236E+06
   39722, 24044,  1.3609502E-02,  2.1882986E+05
   39723, 24044,  1.2081288E-01,  2.1882986E+05
   39724, 24044,  6.2069371E-03,  2.1882986E+05
   39725, 24044,  7.7768132E-02,  2.1882986E+05
   39727, 24007,  3.1514950E-02,  2.3138888E+05
   39728, 24007,  1.6813067E-01,  2.3138888E+05
   39730, 19014,  3.5263404E-02,  6.6594900E+05
   39731, 19014,  2.8830659E-02,  6.6594900E+05
   39732, 19014,  3.2616504E-02,  6.6594900E+05
   39733, 19014,  9.5977951E-03,  6.6594900E+05
   39734, 19007,  3.6174774E-02,  4.0053578E+05
   39735, 19007,  7.2382390E-02,  4.0053578E+05
   39736, 19007,  5.2390277E-02,  4.0053578E+05
   39737, 19024,  1.3203232E-01,  2.0431086E+05
   39738, 19024,  4.7134556E-02,  2.0431086E+05
   39742, 28013,  1.3578671E-02,  2.1638247E+05
   39743, 28016,  1.6079828E-01,  1.8663497E+05
   39744, 28013,  1.8036860E-01,  2.1638247E+05
   39745, 28013,  1.8629889E-01,  2.1638247E+05
   39747, 28030,  9.5853552E-02,  1.9374419E+05
   39750, 28030,  8.7218150E-02,  1.9374419E+05
   39751, 28018,  8.6223483E-02,  2.1113302E+05
   39752, 28001,  4.1761044E-02,  4.4088275E+05
   39753, 28001,  9.3083106E-02,  4.4088275E+05
   39754, 28001,  1.0356524E-01,  4.4088275E+05
   39755, 28037,  7.1488820E-02,  7.6731362E+05
   39756, 28037,  8.9268545E-03,  7.6731362E+05
   39758, 28037,  2.5596408E-02,  7.6731362E+05
   39759, 28037,  2.1864049E-02,  7.6731362E+05
   39968,  3003,  8.8948105E-03,  1.8502976E+06
   39969,  3003,  4.2336453E-03,  1.8502976E+06
   39972,  3003,  6.1109540E-04,  1.8502976E+06
   39973,  3003,  1.3728153E-02,  1.8502976E+06
   39974,  3003,  1.1326876E-02,  1.8502976E+06
   39975,  3003,  4.5450227E-03,  1.8502976E+06
   39976,  3003,  2.1163460E-03,  1.8502976E+06
   39977,  3003,  7.4322480E-03,  1.8502976E+06
   39978,  3003,  3.8441743E-03,  1.8502976E+06
   40009, 25008,  8.1356183E-02,  4.3591284E+05
   40010, 25008,  5.3797007E-02,  4.3591284E+05
   40011, 25008,  6.6960931E-02,  4.3591284E+05
   40012, 25008,  5.5931509E-02,  4.3591284E+05
   40013, 25008,  1.3014509E-02,  4.3591284E+05
   40021, 10026,  1.5783843E-02,  3.7333116E+05
   40022, 10026,  7.4712761E-02,  3.7333116E+05
   40023, 10026,  6.3016579E-02,  3.7333116E+05
   40024, 10026,  6.1223879E-02,  3.7333116E+05
   40025, 10026,  1.4235385E-02,  3.7333116E+05
   40027, 10005,  8.7856408E-03,  1.2336961E+06
   40031, 10005,  1.8280739E-04,  1.2336961E+06
   40032, 10005,  3.2940058E-03,  1.2336961E+06
   40033, 10005,  7.7881990E-03,  1.2336961E+06
   40035, 10005,  1.2055909E-02,  1.2336961E+06
   40036, 10005,  3.9604414E-02,  1.2336961E+06
   40037, 10005,  2.7937863E-02,  1.2336961E+06
   40039, 10005,  5.7872618E-03,  1.2336961E+06
   40042, 10022,  1.3929383E-01,  1.1050942E+05
   40043, 10022,  7.0140868E-02,  1.1050942E+05
   40047, 32029,  8.8129714E-02,  1.1803969E+05
   40050, 32029,  9.3200989E-02,  1.1803969E+05
   40051, 32029,  2.2190942E-01,  1.1803969E+05
   40052, 32014,  4.1094732E-02,  4.5732825E+05
   40053, 32014,  1.1841440E-02,  4.5732825E+05
   40054, 32014,  3.0151794E-02,  4.5732825E+05
   40064, 32026,  1.7868772E-02,  1.0122236E+06
   40069, 32026,  1.7514611E-02,  1.0122236E+06
   40070, 32026,  1.4106773E-02,  1.0122236E+06
   40071, 32026,  3.3809494E-02,  1.0122236E+06
   40072, 32026,  1.8661721E-02,  1.0122236E+06
   40073, 32026,  2.0532660E-02,  1.0122236E+06
   40074, 32026,  1.2925660E-03,  1.0122236E+06
   40075, 24044,  7.5440183E-02,  2.1882986E+05
   40078, 24044,  8.3770320E-02,  2.1882986E+05
   40081, 24007,  7.1139440E-02,  2.3138888E+05
   40083, 19014,  6.0475501E-03,  6.6594900E+05
   40084, 19014,  3.4249693E-02,  6.6594900E+05
   40085, 19014,  4.7084544E-02,  6.6594900E+05
   40086, 19014,  1.9806668E-02,  6.6594900E+05
   40087, 19007,  4.8029944E-02,  4.0053578E+05
   40088, 19007,  1.6674772E-02,  4.0053578E+05
   40089, 19007,  1.0259043E-01,  4.0053578E+05
   40090, 19007,  7.2817795E-02,  4.0053578E+05
   40095, 28016,  3.4242991E-02,  1.8663497E+05
   40096, 28016,  2.7364468E-02,  1.8663497E+05
   40097, 28016,  7.5477056E-02,  1.8663497E+05
   40098, 28030,  1.9494237E-01,  1.9374419E+05
   40099, 28030,  9.6222945E-02,  1.9374419E+05
   40100, 28030,  1.4272808E-01,  1.9374419E+05
   40101, 28030,  8.3151296E-02,  1.9374419E+05
   40102, 28030,  6.3483164E-02,  1.9374419E+05
   40103, 28018,  2.5034383E-01,  2.1113302E+05
   40104, 28018,  2.5970533E-02,  2.1113302E+05
   40105, 28001,  6.3398451E-02,  4.4088275E+05
   40106, 28001,  9.3436487E-02,  4.4088275E+05
   40107, 28001,  7.5720616E-02,  4.4088275E+05
   40108, 28001,  1.2737434E-01,  4.4088275E+05
   40109, 28037,  1.9547720E-02,  7.6731362E+05
   40111, 28037,  4.8273914E-03,  7.6731362E+05
   40112, 28037,  2.0321021E-02,  7.6731362E+05
   40322,  3003,  1.1164342E-02,  1.8502976E+06
   40325,  3003,  1.0295466E-02,  1.8502976E+06
   40327,  3003,  9.1499435E-03,  1.8502976E+06
   40328,  3003,  9.4117802E-03,  1.8502976E+06
   40329,  3003,  1.7092085E-02,  1.8502976E+06
   40330,  3003,  1.4752748E-02,  1.8502976E+06
   40361, 25006,  7.9503991E-03,  1.4522308E+06
   40362, 25008,  7.3300898E-02,  4.3591284E+05
   40363, 25008,  3.5380024E-02,  4.3591284E+05
   40364, 25008,  5.1975049E-02,  4.3591284E+05
   40365, 25008,  5.2682526E-02,  4.3591284E+05
   40366, 25008,  2.4761779E-02,  4.3591284E+05
   40374, 10026,  4.7623061E-02,  3.7333116E+05
   40376, 10026,  2.5687125E-02,  3.7333116E+05
   40378, 10026,  6.0795337E-02,  3.7333116E+05
   40379, 10026,  1.1734125E-01,  3.7333116E+05
   40380, 10026,  4.8653886E-02,  3.7333116E+05
   40388, 10005,  2.3173869E-02,  1.2336961E+06
   40389, 10005,  1.1837660E-02,  1.2336961E+06
   40390, 10005,  4.5795854E-02,  1.2336961E+06
   40391, 10005,  2.4709725E-03,  1.2336961E+06
   40395, 10008,  8.5468078E-03,  2.1725880E+05
   40396, 10022,  6.7268349E-02,  1.1050942E+05
   40399, 10004,  2.0084982E-03,  5.9735656E+05
   40400, 10004,  3.7332445E-02,  5.9735656E+05
   40403, 32022,  1.4324138E-01,  1.1807983E+05
   40404, 32022,  2.5204718E-01,  1.1807983E+05
   40405, 32014,  4.6620075E-02,  4.5732825E+05
   40406, 32014,  5.5289149E-02,  4.5732825E+05
   40407, 32014,  3.6399562E-02,  4.5732825E+05
   40408, 32014,  2.1352537E-02,  4.5732825E+05
   40417, 32026,  3.1865902E-02,  1.0122236E+06
   40418, 32026,  1.7841984E-02,  1.0122236E+06
   40419, 32026,  1.9880917E-02,  1.0122236E+06
   40420, 32026,  1.9448970E-02,  1.0122236E+06
   40421, 32026,  2.1800680E-02,  1.0122236E+06
   40422, 32026,  7.8641862E-04,  1.0122236E+06
   40423, 32026,  1.0946753E-02,  1.0122236E+06
   40424, 32026,  2.6312692E-02,  1.0122236E+06
   40425, 32026,  3.8777967E-03,  1.0122236E+06
   40431, 24044,  8.3513349E-02,  2.1882986E+05
   40437, 19014,  2.7032912E-02,  6.6594900E+05
   40440, 19007,  6.8568796E-02,  4.0053578E+05
   40442, 19007,  4.9096756E-02,  4.0053578E+05
   40443, 19007,  3.7644997E-02,  4.0053578E+05
   40444, 19007,  3.2449588E-02,  4.0053578E+05
   40448, 28016,  6.6399038E-02,  1.8663497E+05
   40449, 28016,  1.2720220E-01,  1.8663497E+05
   40450, 28016,  2.6951998E-02,  1.8663497E+05
   40451, 28030,  6.5697856E-02,  1.9374419E+05
   40452, 28034,  2.6440404E-02,  3.1428994E+05
   40454, 28030,  2.5191812E-02,  1.9374419E+05
   40455, 28030,  4.9801596E-02,  1.9374419E+05
   40456, 28030,  1.7346425E-02,  1.9374419E+05
   40457, 28018,  1.2710585E-01,  2.1113302E+05
   40458, 28001,  7.4428253E-02,  4.4088275E+05
   40459, 28018,  1.6847686E-01,  2.1113302E+05
   40460, 28001,  6.4223424E-02,  4.4088275E+05
   40461, 28001,  7.7833384E-02,  4.4088275E+05
   40463, 28037,  1.4496994E-02,  7.6731362E+05
   40464, 28037,  4.6679255E-02,  7.6731362E+05
   40465, 28037,  1.3345935E-03,  7.6731362E+05
   40672,  3003,  1.5510250E-02,  1.8502976E+06
   40673,  3003,  4.5758309E-03,  1.8502976E+06
   40674,  3003,  1.0562268E-02,  1.8502976E+06
   40675,  3003,  2.0560833E-02,  1.8502976E+06
   40677,  3003,  1.8892928E-03,  1.8502976E+06
   40678,  3003,  1.1495578E-02,  1.8502976E+06
   40679,  3003,  6.7679859E-03,  1.8502976E+06
   40680,  3003,  1.2376174E-02,  1.8502976E+06
   40681,  3003,  1.4324192E-03,  1.8502976E+06
   40682,  3003,  7.4703284E-03,  1.8502976E+06
   40683,  3003,  3.3902889E-03,  1.8502976E+06
   40714, 25006,  2.8919257E-02,  1.4522308E+06
   40715, 25008,  5.2477725E-02,  4.3591284E+05
   40716, 25008,  1.0853040E-02,  4.3591284E+05
   40718, 25005,  1.5032305E-01,  1.5765850E+05
   40732, 10026,  3.0552171E-02,  3.7333116E+05
   40733, 10026,  1.7404888E-02,  3.7333116E+05
   40737, 10005,  1.8547515E-03,  1.2336961E+06
   40741, 10005,  1.5473350E-02,  1.2336961E+06
   40742, 10005,  1.9288519E-03,  1.2336961E+06
   40743, 10005,  6.0894950E-03,  1.2336961E+06
   40744, 10005,  5.7395943E-02,  1.2336961E+06
   40745, 10005,  2.9580232E-03,  1.2336961E+06
   40746, 10005,  2.8994922E-03,  1.2336961E+06
   40748, 10008,  2.0493850E-02,  2.1725880E+05
   40749, 10008,  9.3537658E-02,  2.1725880E+05
   40750, 10008,  8.6981237E-02,  2.1725880E+05
   40751, 10004,  3.4944925E-02,  5.9735656E+05
   40752, 10004,  3.3685513E-02,  5.9735656E+05
   40753, 10004,  1.5883649E-03,  5.9735656E+05
   40754, 10031,  2.5321031E-01,  8.7094180E+04
   40755, 32029,  2.0192768E-01,  1.1803969E+05
   40756, 32022,  2.5708181E-01,  1.1807983E+05
   40757, 32022,  1.8285871E-01,  1.1807983E+05
   40758, 32022,  1.0953634E-01,  1.1807983E+05
   40761, 32014,  4.5851469E-02,  4.5732825E+05
   40762, 32014,  2.0367708E-02,  4.5732825E+05
   40763, 32014,  2.0167625E-02,  4.5732825E+05
   40764, 32014,  2.2246255E-02,  4.5732825E+05
   40765, 32014,  4.0558968E-03,  4.5732825E+05
   40768, 32026,  8.7389005E-03,  1.0122236E+06
   40769, 32026,  1.9986028E-02,  1.0122236E+06
   40770, 32026,  5.9705749E-03,  1.0122236E+06
   40772, 32026,  2.4815790E-02,  1.0122236E+06
   40778, 32026,  1.9356070E-02,  1.0122236E+06
   40784, 24044,  8.3700299E-02,  2.1882986E+05
   40790, 19014,  2.7136339E-02,  6.6594900E+05
   40792, 19007,  3.0136574E-02,  4.0053578E+05
   40793, 19007,  7.2439514E-02,  4.0053578E+05
   40794, 19007,  6.8831430E-03,  4.0053578E+05
   40795, 19007,  4.9876258E-02,  4.0053578E+05
   40797, 19007,  1.9329662E-02,  4.0053578E+05
   40799, 28016,  1.1670747E-01,  1.8663497E+05
   40800, 28016,  1.5802392E-01,  1.8663497E+05
   40801, 28016,  4.7913365E-02,  1.8663497E+05
   40805, 28034,  6.4860255E-02,  3.1428994E+05
   40811, 28018,  1.4084668E-01,  2.1113302E+05
   40814, 28001,  4.6161138E-02,  4.4088275E+05
   40816, 28037,  8.8915687E-05,  7.6731362E+05
   40817, 28037,  3.2751087E-02,  7.6731362E+05
   40818, 28037,  4.0158734E-02,  7.6731362E+05
   40819, 28037,  1.2301465E-02,  7.6731362E+05
   41026,  3003,  1.8127903E-02,  1.8502976E+06
   41027,  3003,  1.0524265E-02,  1.8502976E+06
   41028,  3003,  4.2850301E-03,  1.8502976E+06
   41029,  3003,  1.7474411E-02,  1.8502976E+06
   41030,  3003,  1.9772559E-02,  1.8502976E+06
   41031,  3003,  2.6328852E-02,  1.8502976E+06
   41032,  3003,  5.9489077E-03,  1.8502976E+06
   41065, 25006,  1.5617554E-03,  1.4522308E+06
   41066, 25006,  1.5688600E-02,  1.4522308E+06
   41067, 25006,  2.2658689E-02,  1.4522308E+06
   41068, 25006,  4.2844196E-03,  1.4522308E+06
   41071, 25005,  1.2009943E-01,  1.5765850E+05
   41080, 10026,  1.9725097E-02,  3.7333116E+05
   41085, 10026,  5.0356977E-02,  3.7333116E+05
   41094, 10001,  5.0220329E-02,  3.7040209E+05
   41096, 10020,  3.9107971E-02,  2.3552802E+05
   41097, 10005,  2.1479739E-02,  1.2336961E+06
   41098, 10020,  2.2643989E-01,  2.3552802E+05
   41099, 10020,  1.6068050E-01,  2.3552802E+05
   41101, 10008,  2.4453137E-02,  2.1725880E+05
   41102, 10008,  7.8609079E-02,  2.1725880E+05
   41107, 10031,  4.0853634E-03,  8.7094180E+04
   41108, 32029,  1.3696374E-01,  1.1803969E+05
   41109, 32022,  2.1445213E-01,  1.1807983E+05
   41113, 32014,  1.7646430E-02,  4.5732825E+05
   41114, 32014,  3.8112838E-02,  4.5732825E+05
   41118, 32014,  1.8150842E-02,  4.5732825E+05
   41119, 32026,  9.8116659E-03,  1.0122236E+06
   41121, 32026,  2.0805154E-02,  1.0122236E+06
   41125, 32026,  1.4722401E-03,  1.0122236E+06
   41126, 32026,  2.4089206E-02,  1.0122236E+06
   41131, 32026,  1.8425940E-02,  1.0122236E+06
   41137, 24044,  8.3676063E-02,  2.1882986E+05
   41142, 19014,  2.0240773E-02,  6.6594900E+05
   41143, 19017,  1.1802778E-02,  1.0035278E+06
   41144, 19017,  2.1859095E-03,  1.0035278E+06
   41145, 19017,  2.0731065E-02,  1.0035278E+06
   41147, 19007,  4.3164942E-02,  4.0053578E+05
   41148, 19007,  6.9949083E-02,  4.0053578E+05
   41149, 19007,  2.6767628E-02,  4.0053578E+05
   41152, 28016,  3.5147376E-02,  1.8663497E+05
   41153, 28016,  8.9844033E-02,  1.8663497E+05
   41158, 28034,  6.3992307E-02,  3.1428994E+05
   41164, 28018,  8.0489784E-02,  2.1113302E+05
   41165, 28018,  1.6117644E-02,  2.1113302E+05
   41166, 28018,  7.7213749E-02,  2.1113302E+05
   41167, 28001,  1.3052206E-02,  4.4088275E+05
   41171, 28037,  2.2927875E-02,  7.6731362E+05
   41377,  3003,  1.0449303E-02,  1.8502976E+06
   41378,  3003,  1.1099544E-02,  1.8502976E+06
   41379,  3003,  3.9121322E-03,  1.8502976E+06
   41381,  3003,  8.2447352E-03,  1.8502976E+06
   41382,  3003,  5.9971167E-03,  1.8502976E+06
   41384,  3003,  1.6290724E-02,  1.8502976E+06
   41385,  3003,  2.3020264E-02,  1.8502976E+06
   41386,  3003,  1.2168128E-02,  1.8502976E+06
   41387,  3003,  2.2382573E-03,  1.8502976E+06
   41417, 25006,  1.3392688E-02,  1.4522308E+06
   41418, 25006,  8.5672941E-03,  1.4522308E+06
   41419, 25006,  2.9979587E-02,  1.4522308E+06
   41420, 25006,  1.2614670E-02,  1.4522308E+06
   41423, 25005,  8.7868825E-02,  1.5765850E+05
   41424, 25005,  1.9847846E-01,  1.5765850E+05
   41433, 10026,  6.5335065E-02,  3.7333116E+05
   41434, 10026,  7.3918305E-02,  3.7333116E+05
   41435, 10026,  1.1616957E-02,  3.7333116E+05
   41437, 10026,  2.2763511E-02,  3.7333116E+05
   41438, 10026,  2.4412353E-02,  3.7333116E+05
   41447, 10001,  5.4849088E-02,  3.7040209E+05
   41449, 10020,  5.1295333E-02,  2.3552802E+05
   41450, 10020,  2.3877257E-02,  2.3552802E+05
   41451, 10020,  1.5079917E-01,  2.3552802E+05
   41452, 10020,  2.6107976E-01,  2.3552802E+05
   41453, 10020,  1.7252842E-01,  2.3552802E+05
   41454, 10008,  1.2935659E-01,  2.1725880E+05
   41461, 10031,  2.4034572E-01,  8.7094180E+04
   41472, 32026,  8.1816182E-04,  1.0122236E+06
   41473, 32026,  1.9249346E-02,  1.0122236E+06
   41474, 32026,  7.1286988E-03,  1.0122236E+06
   41476, 32026,  1.6548041E-02,  1.0122236E+06
   41477, 32026,  2.3867558E-03,  1.0122236E+06
   41479, 32026,  1.8009163E-02,  1.0122236E+06
   41484, 32026,  1.7939357E-02,  1.0122236E+06
   41490, 32041,  3.1066248E-01,  6.0241000E+04
   41495, 19017,  5.8184639E-03,  1.0035278E+06
   41496, 19017,  4.2665750E-02,  1.0035278E+06
   41497, 19017,  2.0757537E-02,  1.0035278E+06
   41500, 19007,  2.2808602E-02,  4.0053578E+05
   41501, 19007,  3.3675164E-02,  4.0053578E+05
   41505, 28042,  1.6426818E-01,  1.1488062E+05
   41509, 28034,  4.6808895E-02,  3.1428994E+05
   41510, 28034,  8.9262910E-03,  3.1428994E+05
   41511, 28034,  1.0520445E-01,  3.1428994E+05
   41512, 28034,  5.6350473E-02,  3.1428994E+05
   41516, 28018,  1.0810955E-03,  2.1113302E+05
   41518, 28018,  9.5471285E-02,  2.1113302E+05
   41519, 28018,  8.8944882E-02,  2.1113302E+05
   41730,  3003,  1.0174956E-02,  1.8502976E+06
   41734,  3003,  1.0740683E-02,  1.8502976E+06
   41737,  3003,  1.3605395E-02,  1.8502976E+06
   41738,  3003,  4.8917099E-03,  1.8502976E+06
   41770, 25006,  1.2979764E-02,  1.4522308E+06
   41771, 25006,  4.0729512E-02,  1.4522308E+06
   41772, 25006,  1.3826531E-02,  1.4522308E+06
   41773, 25006,  1.7293876E-02,  1.4522308E+06
   41774, 25005,  7.3695295E-02,  1.5765850E+05
   41775, 25005,  4.5175504E-04,  1.5765850E+05
   41776, 25005,  9.5163547E-02,  1.5765850E+05
   41777, 25005,  5.0147329E-02,  1.5765850E+05
   41778, 25005,  1.1998507E-01,  1.5765850E+05
   41786, 10026,  8.7754447E-03,  3.7333116E+05
   41787, 10026,  5.5113914E-03,  3.7333116E+05
   41788, 10026,  2.1325562E-02,  3.7333116E+05
   41789, 10026,  2.7102681E-02,  3.7333116E+05
   41790, 10026,  1.0357316E-02,  3.7333116E+05
   41795, 10001,  8.8241838E-02,  3.7040209E+05
   41796, 10001,  1.8837359E-02,  3.7040209E+05
   41799, 10001,  1.8306319E-03,  3.7040209E+05
   41800, 10001,  1.0097870E-01,  3.7040209E+05
   41801, 10001,  1.6297825E-02,  3.7040209E+05
   41802, 10001,  5.4994011E-03,  3.7040209E+05
   41803, 10020,  1.6209182E-01,  2.3552802E+05
   41804, 10020,  3.1527326E-02,  2.3552802E+05
   41806, 10020,  1.1660461E-01,  2.3552802E+05
   41807, 10008,  2.3386315E-01,  2.1725880E+05
   41808, 10021,  5.2912377E-02,  3.4959250E+05
   41813, 10031,  1.7613046E-01,  8.7094180E+04
   41814, 10031,  3.4783218E-02,  8.7094180E+04
   41815, 10031,  2.1347690E-01,  8.7094180E+04
   41823, 10027,  9.0645470E-02,  9.8931547E+04
   41824, 10027,  6.0705006E-02,  9.8931547E+04
   41826, 32026,  1.0664125E-02,  1.0122236E+06
   41827, 32026,  1.8026102E-02,  1.0122236E+06
   41828, 32026,  1.9159963E-02,  1.0122236E+06
   41829, 32026,  4.5915265E-03,  1.0122236E+06
   41830, 32026,  1.9359808E-02,  1.0122236E+06
   41832, 32026,  2.0709592E-03,  1.0122236E+06
   41837, 32007,  9.0417713E-02,  1.6154341E+05
   41838, 32007,  2.1829508E-02,  1.6154341E+05
   41843, 32041,  4.0137506E-01,  6.0241000E+04
   41844, 32041,  5.5197701E-02,  6.0241000E+04
   41846, 19017,  2.5323359E-02,  1.0035278E+06
   41847, 19017,  2.0906558E-02,  1.0035278E+06
   41848, 19017,  1.8364280E-02,  1.0035278E+06
   41849, 19017,  9.9166036E-03,  1.0035278E+06
   41850, 19017,  2.2840530E-02,  1.0035278E+06
   41853, 19007,  7.4033447E-02,  4.0053578E+05
   41855, 19030,  2.1936420E-02,  8.7103727E+04
   41856, 19030,  1.1493782E-02,  8.7103727E+04
   41858, 28042,  1.9352570E-01,  1.1488062E+05
   41859, 28042,  3.8345579E-02,  1.1488062E+05
   41862, 28042,  2.0644499E-01,  1.1488062E+05
   41863, 28034,  1.0996252E-01,  3.1428994E+05
   41864, 28034,  1.8518737E-02,  3.1428994E+05
   41865, 28034,  5.9774075E-02,  3.1428994E+05
   41871, 28010,  1.5475194E-01,  1.4405116E+05
   41872, 28010,  6.9280781E-02,  1.4405116E+05
   42080,  3003,  2.3355039E-03,  1.8502976E+06
   42081,  3003,  4.8169731E-03,  1.8502976E+06
   42082,  3003,  6.5507386E-03,  1.8502976E+06
   42083,  3003,  7.3614363E-03,  1.8502976E+06
   42086,  3003,  8.8546798E-03,  1.8502976E+06
   42087,  3003,  5.2274502E-04,  1.8502976E+06
   42090,  3003,  2.5912295E-03,  1.8502976E+06
   42091,  3003,  3.4048606E-03,  1.8502976E+06
   42121, 25018,  2.8206552E-05,  4.0827166E+05
   42122, 25006,  5.6492146E-03,  1.4522308E+06
   42123, 25006,  3.6614753E-02,  1.4522308E+06
   42124, 25006,  5.2047716E-03,  1.4522308E+06
   42125, 25006,  1.1662995E-02,  1.4522308E+06
   42126, 25006,  1.1667795E-02,  1.4522308E+06
   42130, 25005,  8.1131727E-02,  1.5765850E+05
   42131, 25005,  1.0393955E-02,  1.5765850E+05
   42148, 10001,  4.5991237E-03,  3.7040209E+05
   42149, 10001,  6.6737078E-02,  3.7040209E+05
   42150, 10001,  5.6752160E-02,  3.7040209E+05
   42151, 10001,  6.4951412E-02,  3.7040209E+05
   42152, 10001,  6.6063553E-02,  3.7040209E+05
   42154, 10001,  4.9929630E-02,  3.7040209E+05
   42155, 10028,  3.1148918E-02,  2.3343119E+05
   42156, 10028,  7.2082631E-02,  2.3343119E+05
   42160, 10008,  5.0856374E-02,  2.1725880E+05
   42161, 10021,  1.3113713E-01,  3.4959250E+05
   42162, 10021,  5.7801168E-02,  3.4959250E+05
   42163, 10004,  1.2090786E-03,  5.9735656E+05
   42166, 10004,  3.0790178E-02,  5.9735656E+05
   42167, 10031,  6.8849607E-05,  8.7094180E+04
   42168, 10031,  1.6684052E-01,  8.7094180E+04
   42169, 10006,  1.7820468E-02,  2.5053131E+05
   42174, 10027,  2.0675914E-01,  9.8931547E+04
   42175, 10027,  1.4183399E-01,  9.8931547E+04
   42176, 10027,  1.7047234E-01,  9.8931547E+04
   42179, 32026,  9.4745448E-04,  1.0122236E+06
   42180, 32026,  8.0704270E-03,  1.0122236E+06
   42183, 32026,  2.1302881E-02,  1.0122236E+06
   42184, 32026,  9.3085412E-03,  1.0122236E+06
   42189, 32026,  4.4128005E-03,  1.0122236E+06
   42190, 32007,  1.3079588E-01,  1.6154341E+05
   42191, 32007,  8.6421557E-02,  1.6154341E+05
   42196,  5030,  1.0981740E-02,  8.6411950E+05
   42197,  5030,  2.0801406E-02,  8.6411950E+05
   42198, 19017,  1.8672580E-02,  1.0035278E+06
   42199, 19017,  3.3426020E-02,  1.0035278E+06
   42200, 19017,  1.9620979E-02,  1.0035278E+06
   42201, 19017,  3.9332006E-03,  1.0035278E+06
   42203, 19017,  1.8854212E-02,  1.0035278E+06
   42205, 19017,  3.7908985E-04,  1.0035278E+06
   42206, 19017,  2.3398707E-02,  1.0035278E+06
   42208, 19030,  2.5070816E-01,  8.7103727E+04
   42209, 19030,  3.7168715E-02,  8.7103727E+04
   42210, 28020,  2.1158509E-01,  3.7335621E+04
   42211, 28020,  7.8072989E-01,  3.7335621E+04
   42214, 28042,  2.4729908E-02,  1.1488062E+05
   42215, 28042,  1.5012294E-01,  1.1488062E+05
   42217, 28034,  1.9283596E-02,  3.1428994E+05
   42218, 28034,  1.1006668E-01,  3.1428994E+05
   42219, 28036,  3.5725236E-01,  4.7055871E+04
   42225, 28010,  1.5232286E-01,  1.4405116E+05
   42227, 28035,  3.2817408E-02,  5.0848353E+05
   42228, 28035,  1.2864398E-03,  5.0848353E+05
   42427,  3001,  2.2838749E-03,  1.4101531E+06
   42428,  3001,  3.8568268E-03,  1.4101531E+06
   42429,  3003,  1.0617651E-04,  1.8502976E+06
   42434,  3003,  1.3312617E-02,  1.8502976E+06
   42435,  3003,  9.1093816E-03,  1.8502976E+06
   42439,  3003,  5.6339963E-03,  1.8502976E+06
   42473, 25018,  4.7952499E-02,  4.0827166E+05
   42474, 25018,  3.6454566E-02,  4.0827166E+05
   42475, 25006,  2.3944341E-02,  1.4522308E+06
   42476, 25006,  3.0437220E-02,  1.4522308E+06
   42477, 25006,  1.7062413E-02,  1.4522308E+06
   42478, 25006,  1.5291880E-02,  1.4522308E+06
   42482, 25005,  2.3386126E-02,  1.5765850E+05
   42483, 25005,  5.1806025E-02,  1.5765850E+05
   42505, 10001,  6.8773374E-02,  3.7040209E+05
   42506, 10001,  2.3981735E-02,  3.7040209E+05
   42507, 10001,  8.9270532E-02,  3.7040209E+05
   42509, 10028,  9.3547240E-02,  2.3343119E+05
   42514, 10021,  3.2039076E-02,  3.4959250E+05
   42515, 10021,  1.5677671E-01,  3.4959250E+05
   42516, 10021,  1.2606547E-02,  3.4959250E+05
   42519, 10004,  3.7908647E-02,  5.9735656E+05
   42522, 10006,  1.4178185E-01,  2.5053131E+05
   42523, 10006,  5.1200595E-02,  2.5053131E+05
   42527, 10027,  9.3930803E-02,  9.8931547E+04
   42528, 10027,  1.3194591E-01,  9.8931547E+04
   42533, 32026,  1.1106415E-02,  1.0122236E+06
   42535, 32026,  9.8640111E-04,  1.0122236E+06
   42536, 32026,  1.1922751E-02,  1.0122236E+06
   42537, 32026,  4.4429842E-03,  1.0122236E+06
   42538, 32026,  9.2283022E-03,  1.0122236E+06
   42539, 32026,  2.2915779E-02,  1.0122236E+06
   42540, 32026,  9.0056425E-03,  1.0122236E+06
   42541, 32026,  9.4913580E-03,  1.0122236E+06
   42542, 32026,  1.3977155E-02,  1.0122236E+06
   42543, 32007,  1.4352143E-01,  1.6154341E+05
   42544, 32007,  1.5644777E-01,  1.6154341E+05
   42545, 32007,  7.0882373E-02,  1.6154341E+05
   42549,  5030,  2.5150493E-02,  8.6411950E+05
   42554, 19017,  1.9512791E-02,  1.0035278E+06
   42555, 19017,  3.0115046E-02,  1.0035278E+06
   42556, 19017,  2.5845319E-02,  1.0035278E+06
   42557, 19017,  1.9657005E-02,  1.0035278E+06
   42558, 19017,  2.1214340E-02,  1.0035278E+06
   42559, 19017,  7.6578092E-03,  1.0035278E+06
   42560, 19030,  7.3529616E-02,  8.7103727E+04
   42561, 19030,  1.7765181E-01,  8.7103727E+04
   42564, 28020,  4.9086183E-01,  3.7335621E+04
   42566, 28042,  1.0218938E-01,  1.1488062E+05
   42567, 28042,  1.4129335E-01,  1.1488062E+05
   42570, 28034,  6.3575752E-02,  3.1428994E+05
   42572, 28036,  4.3919739E-01,  4.7055871E+04
   42576, 28010,  6.0049325E-02,  1.4405116E+05
   42577, 28010,  1.3287586E-01,  1.4405116E+05
   42578, 28035,  4.9918905E-02,  5.0848353E+05
   42580, 28035,  1.7376622E-02,  5.0848353E+05
   42583, 28035,  2.0784279E-02,  5.0848353E+05
   42584, 28035,  3.1193769E-02,  5.0848353E+05
   42779,  3001,  2.6971151E-03,  1.4101531E+06
   42780,  3001,  7.9406807E-03,  1.4101531E+06
   42782,  3003,  5.1355560E-04,  1.8502976E+06
   42783,  3003,  5.3272801E-03,  1.8502976E+06
   42785,  3003,  8.9910915E-03,  1.8502976E+06
   42786,  3003,  1.0441642E-02,  1.8502976E+06
   42787,  3003,  3.7677537E-03,  1.8502976E+06
   42788,  3003,  6.2095961E-03,  1.8502976E+06
   42791,  3003,  5.3077826E-04,  1.8502976E+06
   42792,  3003,  5.0848238E-03,  1.8502976E+06
   42823, 25018,  3.8518488E-02,  4.0827166E+05
   42824, 25018,  2.6333338E-02,  4.0827166E+05
   42826, 25018,  6.8087481E-02,  4.0827166E+05
   42827, 25018,  8.9556225E-02,  4.0827166E+05
   42828, 25018,  1.1130643E-01,  4.0827166E+05
   42829, 25006,  3.3615846E-02,  1.4522308E+06
   42830, 25006,  2.2044266E-02,  1.4522308E+06
   42831, 25006,  1.1482600E-03,  1.4522308E+06
   42832, 25006,  2.1566984E-05,  1.4522308E+06
   42835, 25005,  2.6261099E-02,  1.5765850E+05
   42836, 25005,  6.9329225E-02,  1.5765850E+05
   42845, 10019,  3.3488140E-01,  9.4897883E+04
   42857, 10001,  6.5232456E-02,  3.7040209E+05
   42858, 10001,  1.7696094E-02,  3.7040209E+05
   42859, 10001,  5.6989376E-02,  3.7040209E+05
   42860, 10028,  8.2228258E-02,  2.3343119E+05
   42861, 10028,  6.0994457E-02,  2.3343119E+05
   42862, 10028,  8.2873985E-02,  2.3343119E+05
   42863, 10028,  5.2011132E-02,  2.3343119E+05
   42864, 10028,  3.4533620E-03,  2.3343119E+05
   42867, 10021,  3.7098553E-02,  3.4959250E+05
   42868, 10021,  9.3231335E-02,  3.4959250E+05
   42869, 10021,  1.7813346E-01,  3.4959250E+05
   42870, 10004,  1.8993847E-02,  5.9735656E+05
   42871, 10004,  1.8327605E-02,  5.9735656E+05
   42872, 10004,  3.4460247E-02,  5.9735656E+05
   42875, 10006,  9.0656370E-02,  2.5053131E+05
   42876, 10006,  1.1432216E-01,  2.5053131E+05
   42877, 10006,  7.2949640E-02,  2.5053131E+05
   42878, 10006,  8.2843922E-02,  2.5053131E+05
   42879,  5036,  6.5132022E-02,  3.8216378E+05
   42880,  5036,  4.3686535E-02,  3.8216378E+05
   42881, 10027,  9.8240329E-04,  9.8931547E+04
   42886, 32026,  3.6174175E-03,  1.0122236E+06
   42887, 32026,  2.4193052E-02,  1.0122236E+06
   42888, 32026,  1.1117855E-02,  1.0122236E+06
   42890, 32027,  4.3072738E-02,  2.5313628E+05
   42891, 32027,  7.9546504E-02,  2.5313628E+05
   42892, 32027,  1.6374124E-02,  2.5313628E+05
   42893, 32027,  8.8889449E-04,  2.5313628E+05
   42895,  5030,  2.3737054E-02,  8.6411950E+05
   42898, 32007,  7.0177428E-02,  1.6154341E+05
   42899,  5030,  1.9949818E-02,  8.6411950E+05
   42901,  5030,  1.0565598E-04,  8.6411950E+05
   42902,  5030,  2.9536325E-02,  8.6411950E+05
   42903,  5030,  1.1331432E-02,  8.6411950E+05
   42908, 19017,  1.8198242E-02,  1.0035278E+06
   42911, 19017,  3.2355815E-02,  1.0035278E+06
   42912, 19017,  2.1660840E-02,  1.0035278E+06
   42913, 19030,  2.9912940E-01,  8.7103727E+04
   42914, 19030,  2.3028621E-01,  8.7103727E+04
   42915, 19033,  6.7989975E-02,  2.8841897E+05
   42916, 19033,  7.4656866E-04,  2.8841897E+05
   42917, 19033,  6.3573711E-02,  2.8841897E+05
   42918, 28042,  1.4358763E-01,  1.1488062E+05
   42919, 28042,  1.5365586E-01,  1.1488062E+05
   42923, 28034,  6.5146588E-02,  3.1428994E+05
   42924, 28036,  2.0817168E-02,  4.7055871E+04
   42925, 28036,  3.9670736E-01,  4.7055871E+04
   42928, 28010,  7.2758242E-02,  1.4405116E+05
   42929, 28010,  1.2603949E-01,  1.4405116E+05
   42930, 28010,  7.5291134E-03,  1.4405116E+05
   42931, 28035,  3.8341377E-02,  5.0848353E+05
   42933, 28035,  6.7939069E-03,  5.0848353E+05
   42934, 28035,  2.6519896E-02,  5.0848353E+05
   42935, 28035,  4.3207899E-02,  5.0848353E+05
   42936, 28035,  1.8618276E-02,  5.0848353E+05
   43132,  3001,  5.0069718E-03,  1.4101531E+06
   43136,  3003,  6.4461287E-03,  1.8502976E+06
   43137,  3003,  1.1531747E-02,  1.8502976E+06
   43138,  3003,  4.1322866E-03,  1.8502976E+06
   43141,  3003,  1.0615628E-02,  1.8502976E+06
   43144,  3003,  2.5455098E-04,  1.8502976E+06
   43145,  3003,  5.1468587E-03,  1.8502976E+06
   43176, 25018,  1.1906168E-02,  4.0827166E+05
   43177, 25018,  2.5314091E-02,  4.0827166E+05
   43178, 25018,  5.1368929E-02,  4.0827166E+05
   43179, 25018,  9.1935217E-02,  4.0827166E+05
   43180, 25018,  1.5564466E-01,  4.0827166E+05
   43181, 25006,  6.5189555E-02,  1.4522308E+06
   43182, 25006,  4.5356102E-02,  1.4522308E+06
   43183, 25006,  1.6210616E-02,  1.4522308E+06
   43184, 25006,  1.3624298E-02,  1.4522308E+06
   43185, 25006,  1.4183978E-02,  1.4522308E+06
   43186, 25006,  4.9468013E-03,  1.4522308E+06
   43188, 25005,  1.1064778E-02,  1.5765850E+05
   43189, 10034,  2.6271266E-01,  1.2929859E+05
   43198, 10019,  1.1106364E-01,  9.4897883E+04
   43199, 10019,  2.4952000E-01,  9.4897883E+04
   43205, 10032,  5.1005386E-02,  4.9241659E+05
   43207, 10039,  1.8072484E-02,  2.1432819E+05
   43208, 10039,  4.4367228E-02,  2.1432819E+05
   43209, 10039,  4.5869213E-02,  2.1432819E+05
   43210, 10039,  1.4815035E-01,  2.1432819E+05
   43211, 10001,  6.1564457E-02,  3.7040209E+05
   43213, 10028,  3.9923550E-03,  2.3343119E+05
   43214, 10028,  1.3761041E-01,  2.3343119E+05
   43215, 10028,  1.2160978E-01,  2.3343119E+05
   43216, 10028,  5.3808820E-02,  2.3343119E+05
   43217, 10028,  8.6239442E-02,  2.3343119E+05
   43218, 10021,  1.9537831E-02,  3.4959250E+05
   43219, 10021,  6.7488886E-02,  3.4959250E+05
   43220, 10021,  8.0416098E-02,  3.4959250E+05
   43222, 10004,  6.5337501E-02,  5.9735656E+05
   43223, 10004,  4.5143224E-02,  5.9735656E+05
   43224, 10004,  6.2980443E-02,  5.9735656E+05
   43225, 10004,  2.3487920E-02,  5.9735656E+05
   43227, 10006,  4.9011171E-02,  2.5053131E+05
   43228, 10006,  2.1447130E-02,  2.5053131E+05
   43229, 10006,  6.3212797E-02,  2.5053131E+05
   43230, 10006,  2.4551179E-02,  2.5053131E+05
   43232,  5036,  2.8011443E-03,  3.8216378E+05
   43235, 10027,  1.3058540E-02,  9.8931547E+04
   43238, 32026,  1.6575331E-02,  1.0122236E+06
   43239, 32026,  3.4855045E-02,  1.0122236E+06
   43242, 32027,  1.7203072E-02,  2.5313628E+05
   43243, 32027,  1.3497406E-01,  2.5313628E+05
   43244, 32027,  4.7882792E-02,  2.5313628E+05
   43245, 32027,  7.6688506E-02,  2.5313628E+05
   43246, 32027,  7.9340592E-02,  2.5313628E+05
   43247,  5030,  2.1593440E-02,  8.6411950E+05
   43248,  5030,  1.4613601E-02,  8.6411950E+05
   43252,  5030,  2.1121074E-02,  8.6411950E+05
   43253,  5030,  1.6175024E-02,  8.6411950E+05
   43254,  5030,  2.9051539E-02,  8.6411950E+05
   43255,  5030,  2.3801721E-04,  8.6411950E+05
   43256, 19017,  1.5844706E-02,  1.0035278E+06
   43261, 19017,  3.5132136E-02,  1.0035278E+06
   43263, 19017,  2.8502937E-02,  1.0035278E+06
   43264, 19017,  2.9395366E-02,  1.0035278E+06
   43268, 19033,  2.3306794E-03,  2.8841897E+05
   43269, 19033,  8.1294663E-02,  2.8841897E+05
   43270, 19033,  1.6535521E-01,  2.8841897E+05
   43271, 19033,  3.6975831E-02,  2.8841897E+05
   43276, 28034,  6.5928482E-02,  3.1428994E+05
   43280, 28005,  7.8302033E-02,  2.0530516E+05
   43281, 28010,  8.7780640E-02,  1.4405116E+05
   43284, 28035,  7.1289074E-03,  5.0848353E+05
   43285, 28035,  3.8732592E-02,  5.0848353E+05
   43286, 28035,  1.9935468E-02,  5.0848353E+05
   43287, 28035,  5.9706464E-02,  5.0848353E+05
   43288, 28035,  3.5431825E-02,  5.0848353E+05
   43289, 28035,  1.3163656E-03,  5.0848353E+05
   43489,  3003,  1.0301124E-02,  1.8502976E+06
   43494,  3003,  3.9618774E-03,  1.8502976E+06
   43498,  3003,  6.0693994E-03,  1.8502976E+06
   43531, 25018,  8.0947619E-04,  4.0827166E+05
   43532, 25018,  8.0938727E-02,  4.0827166E+05
   43533, 25006,  5.1350236E-02,  1.4522308E+06
   43534, 25006,  1.5074035E-02,  1.4522308E+06
   43535, 25006,  4.3403145E-02,  1.4522308E+06
   43536, 25006,  2.0799719E-02,  1.4522308E+06
   43537, 25006,  8.7248096E-03,  1.4522308E+06
   43538, 25006,  1.2326526E-02,  1.4522308E+06
   43539, 25006,  2.4890302E-02,  1.4522308E+06
   43540, 25006,  6.5345652E-03,  1.4522308E+06
   43542, 10034,  1.0925556E-02,  1.2929859E+05
   43551, 10032,  1.6609911E-02,  4.9241659E+05
   43552, 10019,  2.0169726E-01,  9.4897883E+04
   43558, 10032,  4.2085078E-02,  4.9241659E+05
   43561, 10039,  1.5628055E-01,  2.1432819E+05
   43562, 10039,  5.9381243E-02,  2.1432819E+05
   43563, 10039,  6.5798476E-02,  2.1432819E+05
   43564, 10003,  2.0526432E-01,  1.5480839E+05
   43565, 10039,  1.0758280E-01,  2.1432819E+05
   43566, 10028,  1.0317680E-01,  2.3343119E+05
   43570, 10028,  8.0034964E-02,  2.3343119E+05
   43571, 10021,  5.5278171E-02,  3.4959250E+05
   43572, 10021,  5.2266914E-02,  3.4959250E+05
   43573, 10021,  4.2567212E-02,  3.4959250E+05
   43575, 10004,  1.4899702E-02,  5.9735656E+05
   43576, 10004,  9.0188667E-02,  5.9735656E+05
   43577, 10004,  3.7558419E-03,  5.9735656E+05
   43578, 10004,  7.8004873E-03,  5.9735656E+05
   43579, 10004,  3.0792836E-02,  5.9735656E+05
   43580, 10006,  4.6417985E-02,  2.5053131E+05
   43581, 10006,  3.2348350E-02,  2.5053131E+05
   43582, 10006,  7.3842980E-02,  2.5053131E+05
   43589, 32026,  1.4262505E-02,  1.0122236E+06
   43590, 32026,  1.9754834E-02,  1.0122236E+06
   43591, 32026,  5.1682694E-03,  1.0122236E+06
   43592, 32026,  1.9896314E-02,  1.0122236E+06
   43594, 32027,  8.3336085E-02,  2.5313628E+05
   43595, 32027,  7.8538626E-02,  2.5313628E+05
   43596, 32027,  8.7748216E-03,  2.5313628E+05
   43597, 32027,  2.4315670E-02,  2.5313628E+05
   43600,  5024,  1.9174550E-03,  1.1658044E+06
   43601,  5030,  2.1041259E-02,  8.6411950E+05
   43602,  5030,  2.3601096E-02,  8.6411950E+05
   43603,  5030,  2.7561046E-02,  8.6411950E+05
   43604,  5030,  2.5410235E-02,  8.6411950E+05
   43605,  5030,  1.3887907E-02,  8.6411950E+05
   43606,  5030,  3.9382424E-02,  8.6411950E+05
   43607,  5030,  7.8482358E-03,  8.6411950E+05
   43609, 19017,  5.4468983E-03,  1.0035278E+06
   43610, 19017,  1.3786023E-02,  1.0035278E+06
   43613, 19017,  2.3629006E-02,  1.0035278E+06
   43614, 19017,  1.3782478E-02,  1.0035278E+06
   43615, 19017,  5.1075637E-02,  1.0035278E+06
   43616, 19017,  1.8406177E-02,  1.0035278E+06
   43617, 19017,  2.4147442E-02,  1.0035278E+06
   43620, 19033,  8.1033749E-04,  2.8841897E+05
   43621, 19029,  6.9098276E-01,  4.5602344E+04
   43622, 19029,  8.5118800E-01,  4.5602344E+04
   43623, 19033,  6.5076888E-02,  2.8841897E+05
   43624, 19033,  4.9608007E-02,  2.8841897E+05
   43625, 19033,  3.6084425E-02,  2.8841897E+05
   43626, 19033,  2.9216699E-02,  2.8841897E+05
   43627, 19033,  6.4259969E-02,  2.8841897E+05
   43628, 28005,  9.0643197E-02,  2.0530516E+05
   43629, 28005,  1.6006674E-01,  2.0530516E+05
   43630, 28005,  9.8380730E-02,  2.0530516E+05
   43631, 28005,  8.2849346E-02,  2.0530516E+05
   43633, 28005,  1.4142653E-01,  2.0530516E+05
   43638, 28035,  1.8351704E-02,  5.0848353E+05
   43639, 28035,  4.3762155E-02,  5.0848353E+05
   43842,  3001,  1.3511153E-02,  1.4101531E+06
   43846,  3003,  5.6514279E-03,  1.8502976E+06
   43847,  3003,  3.0828998E-03,  1.8502976E+06
   43851,  3003,  2.7507516E-03,  1.8502976E+06
   43852,  3003,  1.1777004E-04,  1.8502976E+06
   43884, 25013,  2.1186866E-02,  5.4133931E+05
   43885, 25018,  1.2921548E-01,  4.0827166E+05
   43886, 25006,  2.2772735E-02,  1.4522308E+06
   43887, 25006,  2.5051091E-02,  1.4522308E+06
   43888, 25006,  4.3661031E-03,  1.4522308E+06
   43889, 25006,  9.6554365E-03,  1.4522308E+06
   43890, 25006,  3.5977107E-03,  1.4522308E+06
   43893, 10034,  2.8680095E-01,  1.2929859E+05
   43894, 10034,  1.3765749E-01,  1.2929859E+05
   43897, 10032,  1.9061422E-02,  4.9241659E+05
   43898, 10032,  4.0679261E-02,  4.9241659E+05
   43904, 10032,  4.6755813E-02,  4.9241659E+05
   43905, 10032,  4.2611562E-02,  4.9241659E+05
   43910, 10032,  2.0456027E-02,  4.9241659E+05
   43911, 10032,  1.0150635E-02,  4.9241659E+05
   43913, 10032,  4.3878511E-02,  4.9241659E+05
   43914, 10039,  1.9262016E-02,  2.1432819E+05
   43916, 10039,  1.2117053E-01,  2.1432819E+05
   43917, 10003,  1.3324107E-01,  1.5480839E+05
   43918, 10003,  1.7971498E-01,  1.5480839E+05
   43919, 10003,  1.4782482E-01,  1.5480839E+05
   43920, 10028,  1.4642963E-01,  2.3343119E+05
   43921, 10024,  4.7314506E-02,  1.7453322E+05
   43925, 10021,  3.3901405E-02,  3.4959250E+05
   43926, 10015,  4.7721572E-02,  2.1689256E+05
   43929, 10004,  9.9655703E-02,  5.9735656E+05
   43934,  5035,  2.7697884E-02,  3.2693925E+05
   43935,  5035,  4.2633209E-02,  3.2693925E+05
   43942, 32026,  2.0916127E-02,  1.0122236E+06
   43945, 32027,  9.5607534E-02,  2.5313628E+05
   43946, 32027,  9.9785253E-02,  2.5313628E+05
   43947, 32027,  2.2333339E-02,  2.5313628E+05
   43956,  5030,  2.2628177E-02,  8.6411950E+05
   43959,  5030,  2.3476820E-02,  8.6411950E+05
   43963, 19017,  1.9856956E-02,  1.0035278E+06
   43964, 19017,  1.9588126E-02,  1.0035278E+06
   43965, 19017,  2.4715783E-02,  1.0035278E+06
   43966, 19017,  2.4536019E-03,  1.0035278E+06
   43967, 19017,  3.9466857E-03,  1.0035278E+06
   43968, 19017,  1.9243503E-02,  1.0035278E+06
   43969, 19043,  2.3957442E-04,  1.3043872E+05
   43970, 19043,  2.7640966E-01,  1.3043872E+05
   43971, 19043,  3.0901005E-02,  1.3043872E+05
   43973, 19038,  4.6116266E-02,  2.6863200E+05
   43974, 19038,  1.2736833E-01,  2.6863200E+05
   43984, 28005,  1.0485010E-01,  2.0530516E+05
   43986, 28005,  2.5708066E-02,  2.0530516E+05
   43989, 28035,  2.0440859E-03,  5.0848353E+05
   43990, 28035,  2.9913252E-02,  5.0848353E+05
   43991, 28035,  4.2217653E-02,  5.0848353E+05
   43992, 28035,  4.8970066E-02,  5.0848353E+05
   44188,  3001,  1.1737031E-03,  1.4101531E+06
   44189,  3001,  8.1972638E-04,  1.4101531E+06
   44194,  3001,  2.1524609E-03,  1.4101531E+06
   44195,  3001,  1.1342295E-02,  1.4101531E+06
   44200,  3003,  1.4070801E-02,  1.8502976E+06
   44201,  3003,  1.0772682E-02,  1.8502976E+06
   44202,  3003,  1.3368295E-02,  1.8502976E+06
   44203,  3003,  1.1708051E-02,  1.8502976E+06
   44204,  3003,  6.4814445E-03,  1.8502976E+06
   44236, 25018,  3.1419523E-02,  4.0827166E+05
   44237, 25013,  1.0871231E-01,  5.4133931E+05
   44238, 25013,  8.1522303E-04,  5.4133931E+05
   44239, 25006,  1.7445600E-02,  1.4522308E+06
   44240, 25006,  1.4645420E-03,  1.4522308E+06
   44242, 25006,  1.2447961E-02,  1.4522308E+06
   44243, 25006,  1.9272827E-02,  1.4522308E+06
   44244, 25006,  3.5004828E-03,  1.4522308E+06
   44246, 10034,  4.7862761E-02,  1.2929859E+05
   44251, 10002,  1.3546233E-01,  1.5759712E+05
   44253, 10032,  8.5684946E-03,  4.9241659E+05
   44254, 10002,  1.3157789E-01,  1.5759712E+05
   44255, 10002,  5.6575807E-03,  1.5759712E+05
   44258, 10032,  3.3702191E-02,  4.9241659E+05
   44259, 10032,  7.3624343E-02,  4.9241659E+05
   44260, 10032,  4.7056712E-02,  4.9241659E+05
   44261, 10032,  3.8642239E-02,  4.9241659E+05
   44263, 10032,  4.9198400E-02,  4.9241659E+05
   44264, 10032,  5.1173739E-02,  4.9241659E+05
   44265, 10032,  6.4164735E-02,  4.9241659E+05
   44266, 10032,  6.8896473E-03,  4.9241659E+05
   44268, 10039,  2.5703504E-03,  2.1432819E+05
   44269, 10039,  6.5126843E-03,  2.1432819E+05
   44270, 10003,  1.4801167E-01,  1.5480839E+05
   44273, 10024,  4.3344181E-02,  1.7453322E+05
   44274, 10024,  8.7378554E-02,  1.7453322E+05
   44278, 10015,  3.0579995E-02,  2.1689256E+05
   44279, 10015,  7.6127753E-02,  2.1689256E+05
   44281, 10004,  1.9144451E-03,  5.9735656E+05
   44282, 10004,  1.2933522E-01,  5.9735656E+05
   44286,  5035,  5.9006265E-03,  3.2693925E+05
   44287,  5035,  6.7001924E-02,  3.2693925E+05
   44288,  5035,  6.7174204E-02,  3.2693925E+05
   44289,  5036,  5.1481199E-02,  3.8216378E+05
   44290,  5036,  5.0544750E-02,  3.8216378E+05
   44291,  5036,  3.9526787E-02,  3.8216378E+05
   44294,  5036,  3.5786629E-03,  3.8216378E+05
   44295, 32026,  2.6278924E-03,  1.0122236E+06
   44298, 32027,  4.6633694E-02,  2.5313628E+05
   44304,  5024,  8.9409426E-03,  1.1658044E+06
   44308,  5030,  2.2713087E-02,  8.6411950E+05
   44309,  5030,  2.5392048E-02,  8.6411950E+05
   44310,  5030,  2.3249630E-02,  8.6411950E+05
   44311,  5030,  3.4389898E-02,  8.6411950E+05
   44312,  5030,  1.4064719E-02,  8.6411950E+05
   44316, 19017,  6.2568528E-03,  1.0035278E+06
   44317, 19017,  2.2849560E-02,  1.0035278E+06
   44320, 19017,  2.1436425E-02,  1.0035278E+06
   44322, 19043,  1.9726470E-01,  1.3043872E+05
   44324, 19038,  1.3314174E-01,  2.6863200E+05
   44326, 19038,  1.5425226E-01,  2.6863200E+05
   44335, 19013,  3.1402897E-02,  5.6260838E+05
   44336, 19013,  4.1982297E-02,  5.6260838E+05
   44337, 28005,  8.9950725E-02,  2.0530516E+05
   44338, 28005,  9.3438504E-03,  2.0530516E+05
   44339, 28005,  1.1977517E-01,  2.0530516E+05
   44341, 28023,  7.7257097E-02,  2.1393236E+05
   44342, 28035,  3.9798796E-02,  5.0848353E+05
   44343, 28035,  7.5368518E-03,  5.0848353E+05
   44345, 28035,  3.8204145E-02,  5.0848353E+05
   44541,  3001,  1.3700749E-03,  1.4101531E+06
   44542,  3001,  1.9429831E-02,  1.4101531E+06
   44547,  3001,  1.5314764E-02,  1.4101531E+06
   44550,  3001,  7.2411303E-03,  1.4101531E+06
   44551,  3001,  1.9778982E-03,  1.4101531E+06
   44553,  3003,  6.2550902E-03,  1.8502976E+06
   44554,  3003,  2.3186803E-03,  1.8502976E+06
   44557,  3003,  4.6685534E-03,  1.8502976E+06
   44587, 25002,  8.7345410E-03,  3.1588450E+05
   44588, 25002,  6.3918896E-02,  3.1588450E+05
   44589, 25013,  1.1268318E-01,  5.4133931E+05
   44590, 25013,  2.4465576E-02,  5.4133931E+05
   44591, 25013,  5.7073478E-02,  5.4133931E+05
   44592, 25013,  1.4855100E-02,  5.4133931E+05
   44593, 25006,  1.8872481E-04,  1.4522308E+06
   44594, 25003,  4.4475064E-02,  3.4688981E+05
   44596, 25006,  1.8188424E-02,  1.4522308E+06
   44604, 10002,  2.5453269E-01,  1.5759712E+05
   44605, 10002,  1.4951819E-01,  1.5759712E+05
   44606, 10032,  4.7881145E-02,  4.9241659E+05
   44608, 10032,  3.4318447E-02,  4.9241659E+05
   44609, 10032,  5.3635292E-02,  4.9241659E+05
   44610, 10035,  1.5054155E-02,  4.1555012E+05
   44611, 10035,  2.8886467E-02,  4.1555012E+05
   44612, 10035,  2.6185220E-02,  4.1555012E+05
   44614, 10032,  3.4979764E-02,  4.9241659E+05
   44615, 10032,  8.6183414E-02,  4.9241659E+05
   44616, 10032,  4.2080600E-02,  4.9241659E+05
   44617, 10032,  1.7090153E-03,  4.9241659E+05
   44618, 10032,  5.4856520E-02,  4.9241659E+05
   44622, 10003,  1.3865556E-01,  1.5480839E+05
   44623, 10003,  3.4337215E-02,  1.5480839E+05
   44626, 10024,  1.5852129E-01,  1.7453322E+05
   44627, 10024,  1.1342865E-01,  1.7453322E+05
   44628, 10024,  1.1967684E-01,  1.7453322E+05
   44629, 10015,  9.5378548E-02,  2.1689256E+05
   44630, 10015,  3.5723232E-02,  2.1689256E+05
   44631, 10015,  1.0724966E-01,  2.1689256E+05
   44634, 10004,  4.4096593E-02,  5.9735656E+05
   44635, 10004,  8.7076247E-02,  5.9735656E+05
   44638, 10006,  8.3052935E-03,  2.5053131E+05
   44639, 10006,  1.0645580E-01,  2.5053131E+05
   44647,  5036,  5.1363707E-02,  3.8216378E+05
   44653,  5024,  1.1342399E-02,  1.1658044E+06
   44654,  5024,  1.8897364E-02,  1.1658044E+06
   44655,  5024,  1.5461520E-02,  1.1658044E+06
   44656,  5024,  1.7925065E-02,  1.1658044E+06
   44657,  5024,  5.9321048E-03,  1.1658044E+06
   44660,  5030,  2.3065062E-02,  8.6411950E+05
   44661,  5030,  7.1477946E-03,  8.6411950E+05
   44664,  5030,  1.5986994E-02,  8.6411950E+05
   44665,  5030,  5.7277568E-03,  8.6411950E+05
   44668, 19017,  2.4218552E-03,  1.0035278E+06
   44669, 19017,  2.8442923E-02,  1.0035278E+06
   44672, 19017,  2.6289310E-02,  1.0035278E+06
   44673, 19017,  4.5376807E-03,  1.0035278E+06
   44674, 19043,  1.6518109E-02,  1.3043872E+05
   44675, 19043,  1.7985596E-01,  1.3043872E+05
   44677, 19038,  6.7702495E-02,  2.6863200E+05
   44678, 19038,  1.3805600E-01,  2.6863200E+05
   44679, 19038,  1.5678376E-01,  2.6863200E+05
   44684, 19022,  2.1963941E-02,  3.1802731E+05
   44685, 19022,  6.5405913E-02,  3.1802731E+05
   44686, 19022,  6.2243599E-02,  3.1802731E+05
   44687, 19022,  6.5138787E-02,  3.1802731E+05
   44688, 19022,  2.4848985E-02,  3.1802731E+05
   44689, 19013,  4.1012041E-02,  5.6260838E+05
   44691, 28023,  2.4833274E-03,  2.1393236E+05
   44692, 28023,  2.0103367E-01,  2.1393236E+05
   44693, 28023,  1.0559282E-01,  2.1393236E+05
   44694, 28023,  2.3795618E-02,  2.1393236E+05
   44696, 28035,  1.3433869E-02,  5.0848353E+05
   44697, 28035,  5.1749475E-02,  5.0848353E+05
   44698, 28035,  4.2573903E-02,  5.0848353E+05
   44699, 28035,  3.4626309E-02,  5.0848353E+05
   44895,  3001,  1.7572112E-03,  1.4101531E+06
   44896,  3001,  1.4019312E-02,  1.4101531E+06
   44897,  3001,  1.4246919E-02,  1.4101531E+06
   44898,  3001,  5.7336316E-04,  1.4101531E+06
   44900,  3001,  1.4166954E-02,  1.4101531E+06
   44901,  3001,  6.7491694E-03,  1.4101531E+06
   44902,  3001,  9.2702340E-03,  1.4101531E+06
   44903,  3001,  8.6991470E-03,  1.4101531E+06
   44939, 25002,  3.5432883E-02,  3.1588450E+05
   44940, 25002,  9.2634842E-02,  3.1588450E+05
   44941, 25002,  2.1584076E-01,  3.1588450E+05
   44942, 25013,  5.1655248E-02,  5.4133931E+05
   44943, 25013,  4.1171122E-02,  5.4133931E+05
   44944, 25013,  4.2302102E-02,  5.4133931E+05
   44947, 25003,  8.8250119E-04,  3.4688981E+05
   44949, 25006,  1.3191354E-02,  1.4522308E+06
   44950, 25006,  1.0704587E-03,  1.4522308E+06
   44956, 10037,  1.7062981E-02,  2.5765820E+04
   44957, 10002,  1.3605197E-01,  1.5759712E+05
   44958, 10002,  6.2085103E-02,  1.5759712E+05
   44963, 10035,  4.5572337E-02,  4.1555012E+05
   44964, 10035,  8.8312045E-02,  4.1555012E+05
   44967, 10035,  2.1431575E-02,  4.1555012E+05
   44968, 10032,  3.6425538E-02,  4.9241659E+05
   44970, 10032,  4.1214772E-02,  4.9241659E+05
   44978, 10024,  6.7385882E-02,  1.7453322E+05
   44979, 10024,  7.3950671E-02,  1.7453322E+05
   44983, 10015,  7.9602927E-02,  2.1689256E+05
   44984, 10015,  2.0532924E-01,  2.1689256E+05
   44985, 10015,  8.7463468E-02,  2.1689256E+05
   44986, 10015,  1.1390749E-01,  2.1689256E+05
   44987, 10015,  1.0614451E-02,  2.1689256E+05
   44988, 10012,  5.2177928E-02,  5.4155262E+05
   44989, 10012,  1.4418232E-01,  5.4155262E+05
   44990, 10012,  2.0865308E-02,  5.4155262E+05
   44991, 10006,  1.9624577E-01,  2.5053131E+05
   44992,  5035,  1.4277558E-02,  3.2693925E+05
   44999,  5036,  2.9095801E-02,  3.8216378E+05
   45000,  5036,  7.2166398E-02,  3.8216378E+05
   45004,  5024,  4.3729278E-03,  1.1658044E+06
   45005,  5024,  4.5714634E-03,  1.1658044E+06
   45006,  5024,  5.4823421E-03,  1.1658044E+06
   45008,  5024,  7.7903215E-03,  1.1658044E+06
   45010,  5024,  5.0457227E-03,  1.1658044E+06
   45016,  5030,  2.3443151E-02,  8.6411950E+05
   45017,  5030,  2.1776238E-02,  8.6411950E+05
   45018,  5030,  4.6669960E-02,  8.6411950E+05
   45019,  5030,  2.1468341E-02,  8.6411950E+05
   45020,  5004,  5.3730581E-02,  3.8183850E+05
   45021,  5004,  1.4753751E-01,  3.8183850E+05
   45023,  5004,  2.7594784E-02,  3.8183850E+05
   45024,  5004,  4.8941437E-02,  3.8183850E+05
   45025,  5004,  5.4294370E-02,  3.8183850E+05
   45026,  5004,  3.1341027E-02,  3.8183850E+05
   45027,  5004,  6.3236043E-02,  3.8183850E+05
   45029, 19004,  2.6677486E-03,  8.0000852E+04
   45030, 19004,  5.6820083E-01,  8.0000852E+04
   45031, 19038,  1.0310782E-01,  2.6863200E+05
   45032, 19022,  5.6342971E-02,  3.1802731E+05
   45033, 19022,  7.9451665E-02,  3.1802731E+05
   45034, 19022,  7.9470336E-02,  3.1802731E+05
   45035, 19022,  6.0040556E-02,  3.1802731E+05
   45036, 19022,  6.1495125E-02,  3.1802731E+05
   45037, 19022,  6.6229939E-02,  3.1802731E+05
   45042, 19013,  3.4267318E-02,  5.6260838E+05
   45044, 28023,  1.2156316E-04,  2.1393236E+05
   45045, 28023,  8.9654960E-02,  2.1393236E+05
   45050, 28035,  3.5638571E-02,  5.0848353E+05
   45052, 28035,  1.9106586E-02,  5.0848353E+05
   45053, 28035,  2.8007712E-02,  5.0848353E+05
   45251,  3001,  1.5217412E-02,  1.4101531E+06
   45252,  3001,  1.6471311E-02,  1.4101531E+06
   45253,  3001,  2.4235740E-02,  1.4101531E+06
   45254,  3001,  9.8935515E-04,  1.4101531E+06
   45292, 25002,  7.1782976E-02,  3.1588450E+05
   45293, 25002,  9.7851112E-02,  3.1588450E+05
   45294, 25015,  1.8586241E-01,  2.5463734E+05
   45295, 25013,  5.0317641E-02,  5.4133931E+05
   45296, 25013,  6.4423522E-03,  5.4133931E+05
   45297, 25013,  6.0527744E-03,  5.4133931E+05
   45298, 25003,  6.1013933E-02,  3.4688981E+05
   45299, 25003,  5.6165713E-03,  3.4688981E+05
   45302, 25006,  2.5869545E-03,  1.4522308E+06
   45303, 10034,  1.6138700E-01,  1.2929859E+05
   45304, 10034,  9.6831493E-02,  1.2929859E+05
   45317, 10035,  5.1981829E-02,  4.1555012E+05
   45318, 10035,  3.0670652E-02,  4.1555012E+05
   45319, 10035,  3.1607114E-02,  4.1555012E+05
   45320, 10035,  5.7271160E-02,  4.1555012E+05
   45323, 10032,  5.9246714E-03,  4.9241659E+05
   45324, 10032,  4.6500929E-02,  4.9241659E+05
   45331, 10024,  1.1496963E-01,  1.7453322E+05
   45336, 10029,  6.7041799E-02,  5.0923430E+04
   45337, 10029,  3.1012741E-01,  5.0923430E+04
   45341, 10012,  3.1757429E-03,  5.4155262E+05
   45342, 10012,  1.1203359E-01,  5.4155262E+05
   45344,  5035,  7.7507004E-02,  3.2693925E+05
   45348,  5036,  1.6233211E-03,  3.8216378E+05
   45351,  5036,  3.8450204E-02,  3.8216378E+05
   45352,  5036,  6.7281842E-02,  3.8216378E+05
   45357,  5024,  5.2226195E-03,  1.1658044E+06
   45358,  5024,  1.9814080E-02,  1.1658044E+06
   45359,  5024,  1.1518674E-03,  1.1658044E+06
   45361,  5024,  2.8699562E-03,  1.1658044E+06
   45362,  5024,  1.6923878E-02,  1.1658044E+06
   45363,  5024,  2.5530845E-02,  1.1658044E+06
   45364,  5011,  5.7790503E-02,  3.4896453E+05
   45365,  5011,  5.1231440E-02,  3.4896453E+05
   45366,  5011,  2.2151954E-02,  3.4896453E+05
   45367,  5011,  6.0302243E-02,  3.4896453E+05
   45368,  5030,  2.2110006E-02,  8.6411950E+05
   45369,  5030,  1.1880433E-03,  8.6411950E+05
   45371,  5030,  3.2463163E-02,  8.6411950E+05
   45374,  5004,  1.3848193E-01,  3.8183850E+05
   45375,  5004,  8.6246207E-02,  3.8183850E+05
   45376,  5004,  2.2908378E-02,  3.8183850E+05
   45378,  5004,  2.1704650E-02,  3.8183850E+05
   45379, 19049,  7.3810369E-02,  2.0804388E+05
   45381, 19049,  5.4568272E-02,  2.0804388E+05
   45382, 19004,  7.2268116E-01,  8.0000852E+04
   45383, 19004,  2.9716867E-01,  8.0000852E+04
   45385, 19022,  3.2872319E-02,  3.1802731E+05
   45386, 19022,  4.4742532E-02,  3.1802731E+05
   45387, 19022,  7.5367346E-02,  3.1802731E+05
   45388, 19022,  3.1445991E-02,  3.1802731E+05
   45395, 19013,  5.1452969E-03,  5.6260838E+05
   45397, 28023,  1.5899043E-04,  2.1393236E+05
   45398, 28023,  8.7903216E-02,  2.1393236E+05
   45403, 28023,  8.4669054E-02,  2.1393236E+05
   45406, 28035,  3.8050357E-02,  5.0848353E+05
   45407, 28035,  4.4307387E-03,  5.0848353E+05
   45411, 28022,  2.1050902E-02,  6.2988762E+05
   45412, 28022,  2.4849983E-04,  6.2988762E+05
   45602,  3001,  9.1996545E-04,  1.4101531E+06
   45603,  3001,  2.2969963E-03,  1.4101531E+06
   45605,  3001,  1.3498412E-02,  1.4101531E+06
   45607,  3001,  2.0255990E-02,  1.4101531E+06
   45608,  3001,  1.0223989E-03,  1.4101531E+06
   45641, 25011,  8.9230258E-03,  9.6544762E+05
   45645, 25002,  1.1950488E-01,  3.1588450E+05
   45646, 25002,  1.0834801E-01,  3.1588450E+05
   45647, 25015,  8.0988139E-02,  2.5463734E+05
   45648, 25015,  9.3147479E-02,  2.5463734E+05
   45651, 25003,  5.9417717E-02,  3.4688981E+05
   45652, 25003,  3.6066506E-02,  3.4688981E+05
   45653, 25003,  3.8988739E-02,  3.4688981E+05
   45654, 25003,  2.8840575E-02,  3.4688981E+05
   45657, 10034,  1.4977789E-02,  1.2929859E+05
   45668, 10035,  2.1649845E-02,  4.1555012E+05
   45669, 10035,  3.0100690E-02,  4.1555012E+05
   45670, 10035,  1.6077369E-03,  4.1555012E+05
   45671, 10035,  3.8355850E-02,  4.1555012E+05
   45672, 10035,  3.2802634E-02,  4.1555012E+05
   45677, 10032,  5.8212992E-02,  4.9241659E+05
   45678, 10018,  1.5065349E-02,  3.7538116E+05
   45680, 10018,  3.0338382E-02,  3.7538116E+05
   45684, 10030,  1.3887170E-01,  1.4701238E+05
   45688, 10029,  3.4044325E-01,  5.0923430E+04
   45689, 10029,  3.9765242E-01,  5.0923430E+04
   45694, 10012,  1.2058519E-02,  5.4155262E+05
   45695, 10012,  6.7012548E-02,  5.4155262E+05
   45697, 10012,  3.5836358E-02,  5.4155262E+05
   45698,  5017,  7.9788372E-02,  3.1656122E+05
   45699,  5017,  6.7572042E-02,  3.1656122E+05
   45701,  5017,  3.6121897E-02,  3.1656122E+05
   45703,  5036,  3.1028228E-02,  3.8216378E+05
   45704,  5036,  4.2656977E-02,  3.8216378E+05
   45705,  5036,  1.1516627E-02,  3.8216378E+05
   45706,  5036,  5.3571209E-02,  3.8216378E+05
   45707,  5024,  8.3222929E-03,  1.1658044E+06
   45711,  5024,  1.3764775E-02,  1.1658044E+06
   45712,  5024,  1.8789001E-02,  1.1658044E+06
   45713,  5024,  2.5524380E-02,  1.1658044E+06
   45714,  5024,  2.2066481E-02,  1.1658044E+06
   45715,  5024,  1.5021410E-02,  1.1658044E+06
   45718,  5011,  8.1038317E-03,  3.4896453E+05
   45719,  5011,  4.9491197E-02,  3.4896453E+05
   45721,  5030,  1.6548283E-02,  8.6411950E+05
   45722,  5030,  2.2402236E-02,  8.6411950E+05
   45723,  5030,  9.4279638E-03,  8.6411950E+05
   45724,  5030,  2.2271778E-02,  8.6411950E+05
   45725,  5030,  5.2733131E-02,  8.6411950E+05
   45726,  5004,  5.4624736E-02,  3.8183850E+05
   45727,  5004,  1.2505430E-01,  3.8183850E+05
   45728,  5004,  1.8701768E-02,  3.8183850E+05
   45729,  5004,  4.9288206E-02,  3.8183850E+05
   45730,  5004,  2.5365295E-02,  3.8183850E+05
   45731,  5004,  2.4739126E-02,  3.8183850E+05
   45732, 19049,  6.0824014E-02,  2.0804388E+05
   45733, 19049,  9.8966815E-02,  2.0804388E+05
   45734, 19049,  2.9320499E-01,  2.0804388E+05
   45735, 19049,  3.4734242E-02,  2.0804388E+05
   45736, 19009,  6.3275948E-02,  3.6884962E+05
   45737, 19009,  6.0938824E-02,  3.6884962E+05
   45738, 19009,  4.3473136E-02,  3.6884962E+05
   45740, 19022,  3.5522494E-02,  3.1802731E+05
   45741, 19022,  6.4851522E-02,  3.1802731E+05
   45742, 19022,  4.1233312E-02,  3.1802731E+05
   45750, 19013,  1.9230761E-02,  5.6260838E+05
   45751, 19013,  1.4316319E-02,  5.6260838E+05
   45752, 28023,  6.1474793E-02,  2.1393236E+05
   45753, 28023,  9.5025174E-02,  2.1393236E+05
   45755, 28023,  3.8244799E-02,  2.1393236E+05
   45756, 28023,  4.7989264E-02,  2.1393236E+05
   45757, 28035,  3.9384034E-03,  5.0848353E+05
   45758, 28035,  7.5266548E-03,  5.0848353E+05
   45759, 28022,  2.8536668E-02,  6.2988762E+05
   45760, 28022,  2.7816463E-03,  6.2988762E+05
   45764, 28022,  1.4388110E-03,  6.2988762E+05
   45765, 28022,  4.0649284E-02,  6.2988762E+05
   45954,  3001,  1.5452422E-02,  1.4101531E+06
   45955,  3001,  1.1683524E-03,  1.4101531E+06
   45956,  3001,  5.8099171E-03,  1.4101531E+06
   45958,  3001,  1.3497045E-02,  1.4101531E+06
   45960,  3001,  1.0629506E-02,  1.4101531E+06
   45961,  3001,  1.2829301E-02,  1.4101531E+06
   45962,  3001,  1.6831098E-02,  1.4101531E+06
   45963,  3001,  1.0918049E-03,  1.4101531E+06
   45994, 25011,  5.4755015E-03,  9.6544762E+05
   45995, 25011,  1.9048214E-02,  9.6544762E+05
   45997, 25002,  8.7916828E-04,  3.1588450E+05
   45998, 25002,  2.1476945E-01,  3.1588450E+05
   45999, 25002,  5.5520721E-02,  3.1588450E+05
   46000, 25015,  6.3919701E-02,  2.5463734E+05
   46001, 25013,  2.7929578E-02,  5.4133931E+05
   46003, 25003,  9.0631773E-04,  3.4688981E+05
   46004, 25003,  2.8356511E-02,  3.4688981E+05
   46005, 25003,  1.0473217E-01,  3.4688981E+05
   46007, 25003,  6.1810311E-02,  3.4688981E+05
   46020, 10035,  1.8625544E-02,  4.1555012E+05
   46021, 10035,  1.3005361E-02,  4.1555012E+05
   46023, 10035,  2.0329019E-02,  4.1555012E+05
   46024, 10035,  4.4834487E-02,  4.1555012E+05
   46030, 10018,  2.1912707E-02,  3.7538116E+05
   46031, 10018,  1.0326535E-01,  3.7538116E+05
   46032, 10018,  5.1759955E-02,  3.7538116E+05
   46033, 10018,  9.8862469E-02,  3.7538116E+05
   46037, 10030,  2.4218544E-02,  1.4701238E+05
   46038, 10030,  1.1718011E-01,  1.4701238E+05
   46041, 10030,  1.3838983E-01,  1.4701238E+05
   46047, 10012,  1.9215480E-03,  5.4155262E+05
   46048, 10012,  1.4951761E-01,  5.4155262E+05
   46049, 10012,  7.0143305E-02,  5.4155262E+05
   46050, 10012,  5.3896129E-02,  5.4155262E+05
   46051,  5035,  7.2213635E-02,  3.2693925E+05
   46052,  5017,  3.1525377E-02,  3.1656122E+05
   46053,  5017,  3.3439942E-02,  3.1656122E+05
   46054,  5017,  1.0522360E-01,  3.1656122E+05
   46055,  5036,  4.8317071E-02,  3.8216378E+05
   46056,  5036,  6.9545016E-02,  3.8216378E+05
   46060,  5024,  2.3656480E-02,  1.1658044E+06
   46061,  5024,  1.2080172E-02,  1.1658044E+06
   46063,  5024,  1.5385761E-02,  1.1658044E+06
   46064,  5024,  3.2790646E-02,  1.1658044E+06
   46065,  5024,  1.7127115E-03,  1.1658044E+06
   46066,  5024,  5.3438349E-03,  1.1658044E+06
   46067,  5024,  1.7958650E-02,  1.1658044E+06
   46068,  5024,  4.7145700E-03,  1.1658044E+06
   46069,  5024,  6.1240452E-03,  1.1658044E+06
   46070,  5011,  1.6426153E-02,  3.4896453E+05
   46071,  5011,  5.3874023E-02,  3.4896453E+05
   46072,  5011,  5.3833943E-02,  3.4896453E+05
   46073,  5011,  8.7593846E-02,  3.4896453E+05
   46074,  5011,  6.9625735E-02,  3.4896453E+05
   46075,  5030,  2.7325188E-03,  8.6411950E+05
   46076,  5030,  3.7526216E-02,  8.6411950E+05
   46077,  5030,  3.8666204E-02,  8.6411950E+05
   46078,  5030,  4.6580322E-02,  8.6411950E+05
   46079,  5027,  7.2414212E-02,  6.4107131E+05
   46080,  5004,  1.0752920E-02,  3.8183850E+05
   46086, 19039,  4.0451784E-02,  2.1256455E+05
   46087, 19009,  1.5153310E-01,  3.6884962E+05
   46088, 19049,  1.4287384E-01,  2.0804388E+05
   46089, 19009,  1.0879046E-01,  3.6884962E+05
   46093, 19022,  6.2427957E-02,  3.1802731E+05
   46095, 19022,  2.9328234E-02,  3.1802731E+05
   46096, 19022,  6.8336084E-02,  3.1802731E+05
   46100, 19013,  2.5602140E-02,  5.6260838E+05
   46102, 19013,  2.4458420E-02,  5.6260838E+05
   46103, 19013,  4.9925365E-02,  5.6260838E+05
   46104, 28032,  2.6265901E-02,  5.3033194E+05
   46108, 28032,  3.4159638E-02,  5.3033194E+05
   46113, 28022,  4.0501695E-02,  6.2988762E+05
   46117, 28022,  1.9750264E-02,  6.2988762E+05
   46118, 28022,  1.8436249E-02,  6.2988762E+05
   46308,  3001,  1.2187479E-02,  1.4101531E+06
   46309,  3001,  1.3129097E-02,  1.4101531E+06
   46310,  3001,  1.7728996E-02,  1.4101531E+06
   46311,  3001,  2.1751247E-02,  1.4101531E+06
   46312,  3001,  2.0708313E-02,  1.4101531E+06
   46313,  3001,  4.5678392E-03,  1.4101531E+06
   46314,  3001,  1.6180957E-03,  1.4101531E+06
   46315,  3001,  8.4548752E-04,  1.4101531E+06
   46316,  3001,  1.3976560E-02,  1.4101531E+06
   46317,  3001,  1.5149946E-02,  1.4101531E+06
   46345, 25011,  7.2816893E-04,  9.6544762E+05
   46346, 25011,  2.3049947E-03,  9.6544762E+05
   46347, 25011,  3.8052745E-02,  9.6544762E+05
   46348, 25011,  4.7332861E-02,  9.6544762E+05
   46349, 25011,  2.6986275E-02,  9.6544762E+05
   46350, 25011,  4.3669451E-02,  9.6544762E+05
   46351, 25002,  1.6126801E-01,  3.1588450E+05
   46352, 25015,  1.8880138E-01,  2.5463734E+05
   46353, 25013,  3.5902530E-02,  5.4133931E+05
   46354, 25013,  4.2847138E-02,  5.4133931E+05
   46355, 25013,  2.2259356E-02,  5.4133931E+05
   46357, 25003,  3.9431386E-02,  3.4688981E+05
   46358, 25003,  3.1369500E-02,  3.4688981E+05
   46359, 25003,  7.0243082E-03,  3.4688981E+05
   46364, 10034,  3.2791238E-02,  1.2929859E+05
   46365, 10034,  1.7473163E-02,  1.2929859E+05
   46375, 10035,  4.9774186E-03,  4.1555012E+05
   46376, 10035,  6.6781089E-02,  4.1555012E+05
   46381, 10018,  3.5415327E-03,  3.7538116E+05
   46382, 10018,  6.1849912E-04,  3.7538116E+05
   46383, 10018,  7.1565464E-02,  3.7538116E+05
   46385, 10018,  1.3758454E-02,  3.7538116E+05
   46386, 10011,  8.1127159E-02,  2.5317261E+05
   46390, 10030,  5.1477313E-02,  1.4701238E+05
   46391, 10030,  8.4965989E-02,  1.4701238E+05
   46394, 10030,  1.2513690E-01,  1.4701238E+05
   46400, 10012,  4.0091138E-02,  5.4155262E+05
   46401, 10012,  6.0094379E-02,  5.4155262E+05
   46402, 10007,  1.2698048E-01,  4.0454156E+05
   46403, 10007,  1.5729322E-01,  4.0454156E+05
   46404,  5035,  3.7903455E-01,  3.2693925E+05
   46405,  5017,  1.9363335E-01,  3.1656122E+05
   46406,  5017,  2.1036842E-01,  3.1656122E+05
   46407,  5036,  9.4278470E-02,  3.8216378E+05
   46408,  5036,  1.0319584E-01,  3.8216378E+05
   46409,  5036,  1.2767428E-01,  3.8216378E+05
   46411,  5033,  2.9232200E-02,  6.5390619E+05
   46412,  5024,  1.3586160E-02,  1.1658044E+06
   46413,  5024,  1.9635919E-02,  1.1658044E+06
   46414,  5024,  1.0076428E-02,  1.1658044E+06
   46415,  5024,  1.5993558E-02,  1.1658044E+06
   46416,  5024,  2.4772745E-03,  1.1658044E+06
   46417,  5024,  1.3124728E-02,  1.1658044E+06
   46418,  5024,  4.1284962E-03,  1.1658044E+06
   46420,  5024,  1.4764177E-02,  1.1658044E+06
   46421,  5024,  2.8907843E-02,  1.1658044E+06
   46422,  5011,  5.3825334E-02,  3.4896453E+05
   46423,  5011,  3.8016293E-02,  3.4896453E+05
   46425,  5011,  2.8083438E-02,  3.4896453E+05
   46426,  5011,  6.2252551E-02,  3.4896453E+05
   46429,  5027,  8.1940079E-03,  6.4107131E+05
   46430,  5027,  3.9343078E-02,  6.4107131E+05
   46431,  5027,  5.0255734E-02,  6.4107131E+05
   46432,  5027,  7.4707896E-02,  6.4107131E+05
   46439, 19039,  2.5282609E-01,  2.1256455E+05
   46440, 19009,  5.2959446E-02,  3.6884962E+05
   46441, 19009,  1.6472353E-02,  3.6884962E+05
   46442, 19009,  1.7166044E-01,  3.6884962E+05
   46443, 19009,  5.2444957E-02,  3.6884962E+05
   46444, 19009,  5.0006341E-02,  3.6884962E+05
   46445, 19009,  2.9788233E-02,  3.6884962E+05
   46446, 19042,  5.5832271E-02,  3.3600209E+05
   46449, 19013,  2.8706677E-03,  5.6260838E+05
   46450, 19013,  3.5313800E-02,  5.6260838E+05
   46453, 19013,  2.8230924E-02,  5.6260838E+05
   46454, 19013,  3.7927195E-02,  5.6260838E+05
   46455, 19013,  1.1917929E-02,  5.6260838E+05
   46456, 19013,  1.8381674E-02,  5.6260838E+05
   46457, 28032,  7.0888855E-02,  5.3033194E+05
   46458, 28032,  2.9365458E-03,  5.3033194E+05
   46461, 28032,  3.4151722E-02,  5.3033194E+05
   46466, 28022,  4.2146370E-02,  6.2988762E+05
   46467, 28022,  3.4379784E-02,  6.2988762E+05
   46468, 28022,  2.5349122E-03,  6.2988762E+05
   46470, 28022,  3.4236711E-02,  6.2988762E+05
   46663,  3001,  1.3516525E-02,  1.4101531E+06
   46665,  3001,  8.2599958E-03,  1.4101531E+06
   46666,  3001,  1.6005542E-02,  1.4101531E+06
   46667,  3001,  1.6361851E-02,  1.4101531E+06
   46668,  3001,  1.0999537E-03,  1.4101531E+06
   46670,  3001,  5.8333767E-03,  1.4101531E+06
   46671,  3001,  1.0908900E-02,  1.4101531E+06
   46696, 25001,  1.7675914E-02,  9.1480531E+05
   46698, 25011,  1.7961895E-02,  9.6544762E+05
   46699, 25011,  2.1231387E-02,  9.6544762E+05
   46700, 25011,  4.5755468E-02,  9.6544762E+05
   46701, 25011,  3.4277953E-02,  9.6544762E+05
   46702, 25011,  6.4158507E-02,  9.6544762E+05
   46703, 25011,  2.4941662E-02,  9.6544762E+05
   46705, 25015,  1.1586728E-01,  2.5463734E+05
   46706, 25013,  3.3909332E-02,  5.4133931E+05
   46707, 25013,  2.2007305E-02,  5.4133931E+05
   46708, 25013,  9.8718209E-03,  5.4133931E+05
   46709, 25013,  2.1320587E-02,  5.4133931E+05
   46710, 25003,  9.2861496E-02,  3.4688981E+05
   46712, 25003,  2.4874492E-02,  3.4688981E+05
   46713, 25003,  2.5407884E-02,  3.4688981E+05
   46717, 10034,  4.9643368E-02,  1.2929859E+05
   46718, 10034,  3.2637995E-02,  1.2929859E+05
   46726, 10035,  1.6750187E-02,  4.1555012E+05
   46727, 10035,  8.2470328E-02,  4.1555012E+05
   46728, 10035,  6.5364711E-02,  4.1555012E+05
   46731, 10009,  4.0076517E-02,  3.9107275E+05
   46732, 10009,  2.6575541E-02,  3.9107275E+05
   46734, 10018,  8.3056636E-02,  3.7538116E+05
   46735, 10018,  7.3938794E-02,  3.7538116E+05
   46739, 10011,  1.1448916E-01,  2.5317261E+05
   46743, 10030,  1.4519787E-01,  1.4701238E+05
   46747, 10030,  1.3022837E-01,  1.4701238E+05
   46755, 10007,  7.8490444E-02,  4.0454156E+05
   46756, 10007,  1.5207334E-01,  4.0454156E+05
   46757,  5017,  1.3503549E-01,  3.1656122E+05
   46758,  5017,  8.3319195E-02,  3.1656122E+05
   46760,  5033,  8.4885545E-03,  6.5390619E+05
   46761,  5033,  4.4919183E-03,  6.5390619E+05
   46762,  5033,  4.9160004E-02,  6.5390619E+05
   46763,  5033,  6.4467356E-02,  6.5390619E+05
   46764,  5033,  2.8604599E-02,  6.5390619E+05
   46765,  5024,  1.9839250E-02,  1.1658044E+06
   46766,  5024,  3.3765811E-02,  1.1658044E+06
   46767,  5024,  3.1532273E-02,  1.1658044E+06
   46768,  5024,  3.5225388E-02,  1.1658044E+06
   46769,  5024,  3.1074332E-02,  1.1658044E+06
   46770,  5024,  3.9423227E-02,  1.1658044E+06
   46771,  5024,  3.8651198E-02,  1.1658044E+06
   46772,  5024,  3.1312518E-02,  1.1658044E+06
   46773,  5024,  4.1792333E-02,  1.1658044E+06
   46774,  5011,  5.1790088E-02,  3.4896453E+05
   46775,  5011,  6.3942544E-02,  3.4896453E+05
   46776,  5011,  5.1623363E-02,  3.4896453E+05
   46777,  5011,  5.4807454E-02,  3.4896453E+05
   46778,  5011,  3.8479678E-02,  3.4896453E+05
   46779,  5011,  6.1808068E-02,  3.4896453E+05
   46782,  5027,  3.0284679E-02,  6.4107131E+05
   46784,  5027,  2.7519733E-02,  6.4107131E+05
   46785,  5027,  1.1409028E-02,  6.4107131E+05
   46786, 19018,  8.2155146E-02,  4.2146841E+05
   46787, 19018,  6.3661918E-02,  4.2146841E+05
   46789, 19048,  1.1064861E-01,  1.4050758E+05
   46790, 19019,  2.1632481E+00,  1.4846903E+04
   46791, 19019,  3.2434311E+00,  1.4846903E+04
   46792, 19039,  2.0451126E-01,  2.1256455E+05
   46793, 19031,  3.7973145E-01,  1.2111212E+05
   46794, 19031,  7.3741680E-01,  1.2111212E+05
   46795, 19009,  1.3952821E-01,  3.6884962E+05
   46796, 19009,  1.0070910E-01,  3.6884962E+05
   46797, 19009,  1.3032804E-01,  3.6884962E+05
   46798, 19042,  1.5295380E-01,  3.3600209E+05
   46799, 19042,  1.8068311E-01,  3.3600209E+05
   46800, 19042,  5.1846553E-02,  3.3600209E+05
   46803, 19013,  3.2103628E-02,  5.6260838E+05
   46804, 19020,  1.4798065E-02,  4.9597575E+05
   46805, 19020,  3.9487507E-02,  4.9597575E+05
   46806, 19013,  4.0750496E-02,  5.6260838E+05
   46811, 28032,  3.7445176E-02,  5.3033194E+05
   46814, 28032,  3.4124557E-02,  5.3033194E+05
   46819, 28040,  1.0122225E-01,  1.7793583E+05
   46821, 28022,  3.1942133E-02,  6.2988762E+05
   46822, 28022,  3.3161324E-02,  6.2988762E+05
   46823, 28022,  1.8681600E-03,  6.2988762E+05
   47016,  3001,  1.3493733E-02,  1.4101531E+06
   47019,  3001,  3.6719495E-03,  1.4101531E+06
   47020,  3001,  1.4222967E-02,  1.4101531E+06
   47025,  3009,  4.2134845E-03,  5.4352794E+05
   47047, 25001,  7.8088888E-03,  9.1480531E+05
   47049, 25001,  4.2019196E-02,  9.1480531E+05
   47050, 25011,  4.8154225E-03,  9.6544762E+05
   47051, 25011,  3.4424365E-02,  9.6544762E+05
   47052, 25011,  2.5010539E-02,  9.6544762E+05
   47053, 25011,  5.7870664E-02,  9.6544762E+05
   47054, 25011,  8.2270689E-02,  9.6544762E+05
   47055, 25011,  1.9113075E-02,  9.6544762E+05
   47056, 25011,  1.6917845E-02,  9.6544762E+05
   47057, 25011,  1.7857764E-02,  9.6544762E+05
   47058, 25017,  7.6060444E-02,  6.3857044E+05
   47059, 25013,  6.2592857E-02,  5.4133931E+05
   47060, 25013,  4.7919252E-03,  5.4133931E+05
   47061, 25013,  2.7409028E-02,  5.4133931E+05
   47062, 25013,  1.7150614E-02,  5.4133931E+05
   47063, 25003,  2.2273981E-03,  3.4688981E+05
   47064, 25003,  2.9841494E-02,  3.4688981E+05
   47066, 25003,  5.2083731E-02,  3.4688981E+05
   47070, 10034,  7.0389852E-02,  1.2929859E+05
   47071,  8029,  3.4704983E-02,  5.0303738E+05
   47079, 10035,  4.3831196E-02,  4.1555012E+05
   47085, 10009,  6.3366279E-02,  3.9107275E+05
   47086, 10009,  1.7228372E-03,  3.9107275E+05
   47087, 10018,  6.2303528E-02,  3.7538116E+05
   47091, 10011,  2.6594475E-02,  2.5317261E+05
   47092, 10011,  1.2530354E-01,  2.5317261E+05
   47093, 10011,  1.0755926E-01,  2.5317261E+05
   47094, 10010,  3.7847117E-02,  4.3264731E+05
   47095, 10010,  3.8485344E-02,  4.3264731E+05
   47096, 10010,  1.0922516E-02,  4.3264731E+05
   47100, 10030,  1.2848365E-01,  1.4701238E+05
   47104, 10012,  1.4406348E-03,  5.4155262E+05
   47105, 10012,  5.3574094E-03,  5.4155262E+05
   47108, 10007,  9.4569720E-02,  4.0454156E+05
   47109, 10007,  9.4847366E-02,  4.0454156E+05
   47110, 10007,  1.0449417E-01,  4.0454156E+05
   47111,  5017,  2.6249209E-01,  3.1656122E+05
   47112,  5009,  1.5178713E-01,  3.2670934E+05
   47113,  5033,  7.0917934E-02,  6.5390619E+05
   47114,  5033,  1.0069032E-01,  6.5390619E+05
   47115,  5033,  3.1908005E-02,  6.5390619E+05
   47121,  5024,  1.5849626E-02,  1.1658044E+06
   47123,  5024,  1.6665684E-02,  1.1658044E+06
   47125,  5024,  5.5411030E-03,  1.1658044E+06
   47126,  5024,  4.5090080E-03,  1.1658044E+06
   47128,  5011,  5.1260244E-02,  3.4896453E+05
   47132,  5027,  1.5947387E-02,  6.4107131E+05
   47133,  5027,  1.8496115E-02,  6.4107131E+05
   47135,  5027,  3.1156803E-02,  6.4107131E+05
   47140, 19018,  6.5382779E-02,  4.2146841E+05
   47141, 19048,  3.7587184E-01,  1.4050758E+05
   47142, 19018,  2.7084681E-01,  4.2146841E+05
   47143, 19039,  1.3640587E-01,  2.1256455E+05
   47144, 19046,  1.5828609E+00,  5.3512715E+04
   47145, 19026,  8.2384455E-01,  1.2270522E+05
   47146, 19026,  8.1331384E-01,  1.2270522E+05
   47147, 19031,  1.7193484E-01,  1.2111212E+05
   47148, 19041,  1.7220666E-01,  1.4130402E+05
   47149, 19016,  2.7953488E-01,  1.1109602E+05
   47150, 19041,  1.3949795E-01,  1.4130402E+05
   47151, 19042,  4.7556244E-02,  3.3600209E+05
   47152, 19042,  1.4104030E-01,  3.3600209E+05
   47153, 19042,  1.1988532E-01,  3.3600209E+05
   47154, 19042,  1.6280115E-01,  3.3600209E+05
   47155, 19013,  4.6468887E-02,  5.6260838E+05
   47156, 19013,  7.4325554E-02,  5.6260838E+05
   47157, 19020,  2.6053667E-02,  4.9597575E+05
   47158, 19020,  1.2406250E-03,  4.9597575E+05
   47159, 19020,  4.9726635E-02,  4.9597575E+05
   47161, 19020,  1.5943758E-02,  4.9597575E+05
   47164, 28032,  4.6914626E-02,  5.3033194E+05
   47165, 28032,  1.1262182E-02,  5.3033194E+05
   47166, 28032,  3.2569971E-02,  5.3033194E+05
   47167, 28032,  4.3307878E-02,  5.3033194E+05
   47168, 28033,  3.9481532E-02,  2.2376456E+05
   47169, 28033,  1.1432876E-01,  2.2376456E+05
   47170, 28033,  8.1450865E-02,  2.2376456E+05
   47171, 28040,  1.1821003E-01,  1.7793583E+05
   47172, 28040,  2.0633139E-01,  1.7793583E+05
   47173, 28022,  2.8588954E-02,  6.2988762E+05
   47174, 28022,  5.2312940E-02,  6.2988762E+05
   47175, 28022,  3.8968626E-02,  6.2988762E+05
   47368,  3001,  5.9419288E-03,  1.4101531E+06
   47369,  3001,  1.9558277E-02,  1.4101531E+06
   47370,  3001,  1.4196167E-02,  1.4101531E+06
   47373,  3001,  4.7994633E-03,  1.4101531E+06
   47374,  3001,  1.5542062E-02,  1.4101531E+06
   47375,  3009,  8.9429109E-04,  5.4352794E+05
   47376,  3009,  4.6359528E-02,  5.4352794E+05
   47377,  3009,  5.4260943E-02,  5.4352794E+05
   47378,  3009,  2.4758766E-03,  5.4352794E+05
   47400, 25001,  3.9444782E-02,  9.1480531E+05
   47402, 25001,  2.1935977E-02,  9.1480531E+05
   47403, 25011,  6.1138868E-02,  9.6544762E+05
   47404, 25017,  7.5962648E-02,  6.3857044E+05
   47405, 25011,  3.6795482E-02,  9.6544762E+05
   47406, 25011,  2.9607896E-02,  9.6544762E+05
   47407, 25011,  3.3013657E-02,  9.6544762E+05
   47408, 25011,  5.7302199E-02,  9.6544762E+05
   47409, 25017,  2.2786062E-02,  6.3857044E+05
   47410, 25017,  1.5176159E-02,  6.3857044E+05
   47411, 25017,  3.8216118E-02,  6.3857044E+05
   47412, 25017,  3.2639977E-02,  6.3857044E+05
   47413, 25017,  1.7917689E-02,  6.3857044E+05
   47415, 25013,  7.3554559E-04,  5.4133931E+05
   47417, 25003,  3.0759590E-02,  3.4688981E+05
   47419, 25003,  3.6243107E-02,  3.4688981E+05
   47421, 25003,  1.1245074E-02,  3.4688981E+05
   47424,  8029,  9.5840858E-04,  5.0303738E+05
   47425,  8029,  3.0817771E-02,  5.0303738E+05
   47436, 10009,  1.2527854E-02,  3.9107275E+05
   47439, 10018,  8.8520877E-02,  3.7538116E+05
   47440, 10009,  4.8477482E-02,  3.9107275E+05
   47442, 10018,  1.7868194E-03,  3.7538116E+05
   47444, 10011,  1.1036912E-01,  2.5317261E+05
   47445, 10011,  5.9733675E-03,  2.5317261E+05
   47447, 10010,  2.0541573E-02,  4.3264731E+05
   47448, 10010,  8.5135400E-02,  4.3264731E+05
   47449, 10010,  4.2705357E-02,  4.3264731E+05
   47450, 10010,  4.5189481E-02,  4.3264731E+05
   47451, 10030,  1.2770349E-01,  1.4701238E+05
   47452, 10030,  1.2407397E-01,  1.4701238E+05
   47453, 10030,  1.7290826E-01,  1.4701238E+05
   47457, 10012,  2.0685237E-02,  5.4155262E+05
   47458, 10013,  2.7553476E-02,  7.6793094E+05
   47459, 10013,  3.8029933E-03,  7.6793094E+05
   47461, 10007,  1.1083068E-01,  4.0454156E+05
   47463, 10007,  1.1726845E-01,  4.0454156E+05
   47464,  5009,  1.0585605E-01,  3.2670934E+05
   47465,  5033,  2.8938610E-02,  6.5390619E+05
   47466,  5033,  5.6663174E-02,  6.5390619E+05
   47467,  5033,  2.8760850E-03,  6.5390619E+05
   47468,  5033,  3.4400370E-02,  6.5390619E+05
   47474,  5033,  2.8238701E-02,  6.5390619E+05
   47476,  5024,  1.5821273E-02,  1.1658044E+06
   47481,  5027,  3.0106682E-02,  6.4107131E+05
   47486,  5027,  3.1429924E-02,  6.4107131E+05
   47488,  5027,  2.9939093E-02,  6.4107131E+05
   47493, 19018,  5.6866676E-02,  4.2146841E+05
   47494, 19018,  1.4545105E-01,  4.2146841E+05
   47495, 19018,  1.6265400E-01,  4.2146841E+05
   47496, 19021,  6.0384631E-01,  2.0675975E+05
   47497, 19021,  5.7709837E-01,  2.0675975E+05
   47498, 19006,  3.6509615E-01,  2.5190336E+05
   47499, 19006,  3.3921123E-01,  2.5190336E+05
   47500, 19041,  2.9546723E-01,  1.4130402E+05
   47501, 19016,  5.1458009E-02,  1.1109602E+05
   47502, 19016,  2.1716972E-01,  1.1109602E+05
   47504, 19042,  4.5535266E-03,  3.3600209E+05
   47505, 19042,  6.3544631E-02,  3.3600209E+05
   47507, 19013,  1.9255573E-02,  5.6260838E+05
   47508, 19013,  8.8606715E-02,  5.6260838E+05
   47509, 19013,  7.3193118E-02,  5.6260838E+05
   47510, 19020,  1.4394982E-01,  4.9597575E+05
   47511, 19020,  8.8998683E-02,  4.9597575E+05
   47512, 19020,  3.4328557E-03,  4.9597575E+05
   47514, 19020,  2.3082806E-02,  4.9597575E+05
   47516, 19020,  3.6943503E-02,  4.9597575E+05
   47517, 28032,  1.9236142E-03,  5.3033194E+05
   47520, 28032,  3.4140147E-02,  5.3033194E+05
   47521, 28033,  8.0496036E-02,  2.2376456E+05
   47525, 28040,  2.0112407E-01,  1.7793583E+05
   47526, 28022,  5.5423058E-03,  6.2988762E+05
   47528, 28022,  4.5671020E-02,  6.2988762E+05
   47721,  3001,  1.3493535E-02,  1.4101531E+06
   47723,  3001,  1.4887450E-03,  1.4101531E+06
   47724,  3001,  1.4678502E-02,  1.4101531E+06
   47725,  3001,  1.2238000E-02,  1.4101531E+06
   47727,  3009,  8.7064328E-03,  5.4352794E+05
   47728,  3009,  4.0602241E-02,  5.4352794E+05
   47729,  3009,  1.7305693E-02,  5.4352794E+05
   47750, 25001,  1.7047302E-03,  9.1480531E+05
   47752, 25001,  1.4423460E-02,  9.1480531E+05
   47753, 25001,  3.3349194E-02,  9.1480531E+05
   47754, 25001,  5.5275582E-02,  9.1480531E+05
   47755, 25001,  2.3619939E-02,  9.1480531E+05
   47756, 25011,  5.1981121E-02,  9.6544762E+05
   47757, 25011,  4.5002330E-02,  9.6544762E+05
   47758, 25017,  2.6656451E-02,  6.3857044E+05
   47759, 25017,  6.2395424E-02,  6.3857044E+05
   47760, 25017,  2.5402443E-02,  6.3857044E+05
   47761, 25011,  1.5513289E-02,  9.6544762E+05
   47762, 25017,  5.0064936E-02,  6.3857044E+05
   47763, 25017,  4.3908294E-02,  6.3857044E+05
   47764, 25017,  3.8091708E-02,  6.3857044E+05
   47766, 25017,  5.3308509E-02,  6.3857044E+05
   47767, 25017,  6.4236075E-03,  6.3857044E+05
   47770, 25003,  1.7474758E-02,  3.4688981E+05
   47772, 25003,  6.3669890E-02,  3.4688981E+05
   47774,  8029,  7.2700225E-02,  5.0303738E+05
   47778,  8029,  2.2296062E-02,  5.0303738E+05
   47780,  8029,  4.9660271E-06,  5.0303738E+05
   47785, 10009,  3.7115902E-02,  3.9107275E+05
   47786, 10009,  5.9595730E-02,  3.9107275E+05
   47787, 10009,  2.3226075E-02,  3.9107275E+05
   47789, 10009,  2.8795321E-02,  3.9107275E+05
   47793, 10009,  7.5159624E-02,  3.9107275E+05
   47794, 10018,  4.0608771E-02,  3.7538116E+05
   47795, 10018,  5.5867732E-02,  3.7538116E+05
   47796, 10011,  8.5921265E-02,  2.5317261E+05
   47797, 10011,  6.6447169E-02,  2.5317261E+05
   47800, 10010,  4.9444612E-02,  4.3264731E+05
   47806, 10013,  2.0867644E-02,  7.6793094E+05
   47807, 10013,  2.3749040E-02,  7.6793094E+05
   47808, 10013,  2.3546699E-02,  7.6793094E+05
   47809, 10013,  2.4860475E-02,  7.6793094E+05
   47810, 10013,  1.3011619E-02,  7.6793094E+05
   47811, 10013,  4.8319255E-03,  7.6793094E+05
   47812, 10013,  2.9519878E-02,  7.6793094E+05
   47813, 10013,  5.7909396E-02,  7.6793094E+05
   47814, 10036,  7.2394989E-02,  6.5471150E+05
   47815, 10036,  8.2268408E-03,  6.5471150E+05
   47816, 10036,  5.7122428E-02,  6.5471150E+05
   47817,  5009,  1.3631691E-01,  3.2670934E+05
   47818,  5033,  2.9971130E-02,  6.5390619E+05
   47819,  5033,  3.8101066E-02,  6.5390619E+05
   47821,  5033,  1.8814975E-02,  6.5390619E+05
   47822,  5033,  2.1107199E-02,  6.5390619E+05
   47827,  5033,  2.8129175E-02,  6.5390619E+05
   47829,  5024,  1.5524808E-02,  1.1658044E+06
   47834,  5027,  2.8771108E-02,  6.4107131E+05
   47839,  5027,  2.9070765E-02,  6.4107131E+05
   47840,  5027,  1.6804716E-02,  6.4107131E+05
   47841,  5027,  5.7566732E-02,  6.4107131E+05
   47842,  5027,  1.4028484E-02,  6.4107131E+05
   47844,  5027,  4.3453634E-02,  6.4107131E+05
   47845, 19018,  3.2324124E-02,  4.2146841E+05
   47846, 19018,  8.0994770E-02,  4.2146841E+05
   47848, 19018,  2.2427823E-02,  4.2146841E+05
   47849, 19010,  4.2475915E-01,  4.7512438E+04
   47850, 19010,  5.5535644E-01,  4.7512438E+04
   47851, 19012,  1.6231152E+00,  3.1361785E+04
   47852, 19025,  5.5981749E-01,  5.8221844E+04
   47853, 19034,  6.8184829E-01,  5.5304707E+04
   47854, 19028,  2.7396424E+00,  1.2318428E+04
   47855, 19016,  1.9972721E-01,  1.1109602E+05
   47856, 19016,  1.7699535E-01,  1.1109602E+05
   47857, 19016,  2.3545498E-01,  1.1109602E+05
   47860, 19027,  3.4175009E-01,  7.7855031E+04
   47861, 19027,  9.9301539E-02,  7.7855031E+04
   47863, 19015,  1.0629308E-01,  1.7566355E+05
   47864, 19015,  1.1712836E-01,  1.7566355E+05
   47865, 19020,  1.5072513E-01,  4.9597575E+05
   47866, 19020,  1.1340962E-01,  4.9597575E+05
   47867, 19020,  1.1180202E-01,  4.9597575E+05
   47868, 19020,  3.0054169E-02,  4.9597575E+05
   47869, 19020,  1.5503323E-03,  4.9597575E+05
   47871, 28032,  1.6022857E-02,  5.3033194E+05
   47873, 28032,  3.4153122E-02,  5.3033194E+05
   47874, 28033,  8.0458216E-02,  2.2376456E+05
   47876, 28033,  4.1584950E-04,  2.2376456E+05
   47878, 28022,  4.0837221E-02,  6.2988762E+05
   47879, 28022,  3.6352638E-02,  6.2988762E+05
   47880, 28022,  4.0968567E-02,  6.2988762E+05
   47881, 28022,  8.7456584E-02,  6.2988762E+05
   47882, 28022,  3.1535387E-02,  6.2988762E+05
   47883, 28022,  2.9908163E-02,  6.2988762E+05
   47884, 28022,  2.9911701E-02,  6.2988762E+05
   47885, 28022,  1.8833237E-02,  6.2988762E+05
   48074,  3001,  1.3492111E-02,  1.4101531E+06
   48078,  3009,  3.5766102E-02,  5.4352794E+05
   48079,  3009,  1.9862372E-02,  5.4352794E+05
   48081,  3009,  1.9832349E-03,  5.4352794E+05
   48082,  3009,  3.7943117E-02,  5.4352794E+05
   48103, 25001,  7.1834819E-03,  9.1480531E+05
   48104, 25001,  4.8012328E-03,  9.1480531E+05
   48105, 25001,  1.0841284E-02,  9.1480531E+05
   48106, 25001,  5.2248657E-02,  9.1480531E+05
   48107, 25001,  1.1216069E-01,  9.1480531E+05
   48108, 25001,  3.4453206E-02,  9.1480531E+05
   48109, 25001,  5.8793765E-03,  9.1480531E+05
   48110, 25011,  4.5012855E-03,  9.6544762E+05
   48112, 25017,  4.1668492E-04,  6.3857044E+05
   48113, 25017,  2.0605979E-02,  6.3857044E+05
   48114, 25017,  3.2730501E-02,  6.3857044E+05
   48115, 25017,  8.3372757E-02,  6.3857044E+05
   48116, 25017,  2.2509340E-02,  6.3857044E+05
   48117, 25017,  3.6368929E-02,  6.3857044E+05
   48118, 25017,  3.4003694E-02,  6.3857044E+05
   48119, 25017,  2.3130888E-02,  6.3857044E+05
   48125, 25003,  4.6637472E-02,  3.4688981E+05
   48127,  8029,  1.0793922E-02,  5.0303738E+05
   48131,  8029,  1.9482991E-02,  5.0303738E+05
   48132,  8029,  1.0932244E-02,  5.0303738E+05
   48133,  8029,  6.0923070E-02,  5.0303738E+05
   48134,  8029,  2.7864924E-02,  5.0303738E+05
   48138, 10009,  3.1133590E-02,  3.9107275E+05
   48139, 10009,  1.5329381E-02,  3.9107275E+05
   48140, 10009,  6.3148580E-02,  3.9107275E+05
   48141, 10009,  1.4969255E-02,  3.9107275E+05
   48142, 10009,  6.5489791E-02,  3.9107275E+05
   48143, 10009,  2.4196967E-03,  3.9107275E+05
   48146, 10025,  1.2164965E-01,  1.7989956E+05
   48147, 10018,  8.5582361E-02,  3.7538116E+05
   48148, 10018,  1.7408511E-02,  3.7538116E+05
   48149, 10011,  3.7609257E-02,  2.5317261E+05
   48152, 10010,  3.2359585E-02,  4.3264731E+05
   48153, 10010,  1.7091077E-02,  4.3264731E+05
   48166, 10036,  8.6546250E-02,  6.5471150E+05
   48167, 10036,  2.2379199E-02,  6.5471150E+05
   48168, 10036,  3.8443953E-03,  6.5471150E+05
   48169, 10036,  2.9416531E-02,  6.5471150E+05
   48170,  5009,  3.9978813E-02,  3.2670934E+05
   48171,  5009,  1.2847288E-01,  3.2670934E+05
   48172,  5009,  2.8500848E-02,  3.2670934E+05
   48175,  5033,  1.6898490E-02,  6.5390619E+05
   48176,  5033,  2.2978054E-02,  6.5390619E+05
   48180,  5033,  2.0254632E-03,  6.5390619E+05
   48182,  5024,  1.5505427E-02,  1.1658044E+06
   48187,  5027,  3.5450328E-02,  6.4107131E+05
   48192,  5027,  2.0297308E-02,  6.4107131E+05
   48193,  5027,  3.1487688E-02,  6.4107131E+05
   48195,  5027,  1.4628340E-02,  6.4107131E+05
   48196,  5027,  2.9207703E-02,  6.4107131E+05
   48197,  5027,  1.0473361E-03,  6.4107131E+05
   48198, 19018,  1.7191183E-02,  4.2146841E+05
   48199, 19018,  1.4240230E-02,  4.2146841E+05
   48200, 19037,  1.1551641E-01,  1.8005858E+05
   48201, 19037,  1.0544144E-01,  1.8005858E+05
   48202, 19001,  1.5926269E+00,  1.9445670E+04
   48203, 19045,  1.6067645E-01,  2.2817923E+05
   48204, 19045,  9.4182556E-03,  2.2817923E+05
   48205, 19012,  6.8627650E-01,  3.1361785E+04
   48206, 19028,  4.0926805E-01,  1.2318428E+04
   48207, 19028,  2.6412511E-01,  1.2318428E+04
   48210, 19016,  2.0057726E-01,  1.1109602E+05
   48211, 19035,  2.6772177E-02,  6.0735598E+04
   48212, 19027,  3.0114138E-01,  7.7855031E+04
   48213, 19027,  1.3318427E-01,  7.7855031E+04
   48214, 19027,  2.2123043E-01,  7.7855031E+04
   48215, 19003,  2.5784954E-01,  7.2639422E+04
   48216, 19015,  2.0092690E-01,  1.7566355E+05
   48217, 19015,  1.8858765E-01,  1.7566355E+05
   48218, 19015,  1.4643830E-01,  1.7566355E+05
   48220, 19020,  1.7222844E-02,  4.9597575E+05
   48221, 19020,  1.1996160E-01,  4.9597575E+05
   48222, 28032,  7.9848602E-02,  5.3033194E+05
   48223, 28032,  5.3603658E-03,  5.3033194E+05
   48224, 28032,  2.0299383E-02,  5.3033194E+05
   48226, 28032,  3.4164287E-02,  5.3033194E+05
   48227, 28033,  8.0474593E-02,  2.2376456E+05
   48228, 28033,  2.4229599E-02,  2.2376456E+05
   48229, 28033,  1.0419179E-01,  2.2376456E+05
   48230, 28033,  8.6807318E-02,  2.2376456E+05
   48231, 28022,  6.5330192E-02,  6.2988762E+05
   48232, 28022,  2.4528220E-02,  6.2988762E+05
   48233, 28022,  4.8765317E-02,  6.2988762E+05
   48234, 28022,  2.2384297E-02,  6.2988762E+05
   48426,  3001,  6.2468718E-03,  1.4101531E+06
   48427,  3001,  7.1820719E-03,  1.4101531E+06
   48432,  3009,  3.8587112E-02,  5.4352794E+05
   48434,  3009,  4.7379680E-02,  5.4352794E+05
   48456, 25001,  4.2621922E-03,  9.1480531E+05
   48457, 25001,  1.4290614E-02,  9.1480531E+05
   48458, 25001,  5.4832447E-02,  9.1480531E+05
   48459, 25001,  6.5225653E-02,  9.1480531E+05
   48460, 25001,  5.1178098E-02,  9.1480531E+05
   48461, 25010,  5.8855694E-02,  7.1693731E+05
   48462, 25010,  2.5004033E-02,  7.1693731E+05
   48466, 25017,  4.0052898E-02,  6.3857044E+05
   48467, 25017,  2.2453114E-02,  6.3857044E+05
   48468, 25017,  6.6725679E-02,  6.3857044E+05
   48470, 25017,  1.0699475E-02,  6.3857044E+05
   48478, 25003,  2.2168312E-02,  3.4688981E+05
   48480,  8029,  1.3252907E-02,  5.0303738E+05
   48481,  8029,  5.8649331E-02,  5.0303738E+05
   48482,  8029,  3.4001991E-02,  5.0303738E+05
   48484,  8029,  1.0907413E-02,  5.0303738E+05
   48485,  8029,  3.4680396E-02,  5.0303738E+05
   48487,  8029,  5.5615485E-02,  5.0303738E+05
   48490, 10009,  4.3419782E-02,  3.9107275E+05
   48491, 10009,  2.9837547E-02,  3.9107275E+05
   48495, 10009,  9.1886856E-03,  3.9107275E+05
   48496, 10025,  1.5922202E-01,  1.7989956E+05
   48497, 10025,  4.2054486E-02,  1.7989956E+05
   48498, 10025,  1.4768782E-01,  1.7989956E+05
   48499, 10025,  1.3439330E-01,  1.7989956E+05
   48500, 10025,  6.0481813E-02,  1.7989956E+05
   48501, 10018,  6.5043464E-02,  3.7538116E+05
   48502, 10011,  9.0095736E-03,  2.5317261E+05
   48504, 10010,  4.6918620E-03,  4.3264731E+05
   48505, 10010,  4.4707507E-02,  4.3264731E+05
   48518, 10036,  1.1654793E-03,  6.5471150E+05
   48519, 10036,  1.0058922E-01,  6.5471150E+05
   48520, 10036,  2.1946516E-02,  6.5471150E+05
   48521, 10036,  1.4731217E-02,  6.5471150E+05
   48522, 10036,  2.8142557E-02,  6.5471150E+05
   48524,  5009,  2.0634066E-02,  3.2670934E+05
   48525,  5033,  2.0334413E-02,  6.5390619E+05
   48529,  5033,  2.8913889E-02,  6.5390619E+05
   48530,  5033,  6.1671063E-03,  6.5390619E+05
   48535,  5007,  2.8553700E-02,  6.2037869E+05
   48540,  5027,  1.1739489E-03,  6.4107131E+05
   48545,  5027,  5.9570786E-02,  6.4107131E+05
   48546,  5027,  1.2622250E-03,  6.4107131E+05
   48552, 19037,  1.2688124E-02,  1.8005858E+05
   48553, 19037,  1.2794961E-01,  1.8005858E+05
   48556, 19045,  8.1802681E-02,  2.2817923E+05
   48558, 19045,  8.2876794E-02,  2.2817923E+05
   48563, 19011,  9.0987876E-02,  1.0287894E+05
   48564, 19011,  4.1027409E-01,  1.0287894E+05
   48565, 19035,  3.9437884E-01,  6.0735598E+04
   48566, 19027,  1.6876353E-01,  7.7855031E+04
   48568, 19003,  4.6265799E-01,  7.2639422E+04
   48569, 28025,  1.8409742E-01,  9.6061109E+04
   48570, 19015,  1.2386335E-01,  1.7566355E+05
   48571, 28007,  8.0672033E-02,  2.2383272E+05
   48574, 28007,  4.5278065E-02,  2.2383272E+05
   48575, 28032,  3.3965666E-02,  5.3033194E+05
   48576, 28032,  6.9491550E-02,  5.3033194E+05
   48577, 28032,  8.6698107E-02,  5.3033194E+05
   48578, 28032,  2.8959282E-02,  5.3033194E+05
   48579, 28032,  1.1886031E-01,  5.3033194E+05
   48580, 28033,  1.9087623E-01,  2.2376456E+05
   48581, 28033,  1.3747780E-01,  2.2376456E+05
   48582, 28033,  1.5242967E-01,  2.2376456E+05
   48583, 28033,  8.4980711E-02,  2.2376456E+05
   48584, 28022,  3.1480417E-02,  6.2988762E+05
   48585, 28022,  3.8893312E-02,  6.2988762E+05
   48779,  3001,  1.8443814E-02,  1.4101531E+06
   48780,  3001,  7.1765977E-04,  1.4101531E+06
   48785,  3009,  3.9132010E-02,  5.4352794E+05
   48787,  3009,  3.6931153E-02,  5.4352794E+05
   48810, 25001,  3.0662106E-02,  9.1480531E+05
   48811, 25001,  1.4019444E-02,  9.1480531E+05
   48812, 25001,  3.6237493E-02,  9.1480531E+05
   48813, 25001,  5.4519340E-02,  9.1480531E+05
   48814, 25010,  5.7513986E-02,  7.1693731E+05
   48815, 25010,  2.3238400E-02,  7.1693731E+05
   48816, 25010,  1.6119746E-02,  7.1693731E+05
   48817, 25010,  3.0224418E-02,  7.1693731E+05
   48818, 25017,  2.6898060E-03,  6.3857044E+05
   48820, 25017,  2.3118407E-02,  6.3857044E+05
   48821, 25017,  1.2283884E-03,  6.3857044E+05
   48834,  8029,  3.6418475E-02,  5.0303738E+05
   48835,  8029,  7.3177859E-02,  5.0303738E+05
   48836,  8029,  2.8221080E-02,  5.0303738E+05
   48837,  8029,  3.1202408E-02,  5.0303738E+05
   48838,  8029,  2.3063404E-02,  5.0303738E+05
   48842, 10009,  7.4666976E-03,  3.9107275E+05
   48843, 10009,  2.8596509E-02,  3.9107275E+05
   48849, 10025,  4.2402106E-03,  1.7989956E+05
   48850, 10025,  8.0684818E-02,  1.7989956E+05
   48855, 10011,  8.2593717E-02,  2.5317261E+05
   48856, 10010,  5.2885976E-02,  4.3264731E+05
   48857, 10010,  7.8585476E-02,  4.3264731E+05
   48871, 10036,  7.8446083E-02,  6.5471150E+05
   48872, 10036,  3.5033114E-02,  6.5471150E+05
   48873, 10036,  2.9802967E-02,  6.5471150E+05
   48874, 10036,  4.7867842E-02,  6.5471150E+05
   48875, 10036,  3.0529756E-02,  6.5471150E+05
   48878,  5009,  5.6582794E-02,  3.2670934E+05
   48882,  5033,  3.0124281E-02,  6.5390619E+05
   48898,  5027,  2.8109133E-02,  6.4107131E+05
   48901,  5027,  9.8239584E-04,  6.4107131E+05
   48905, 19037,  1.0432351E-01,  1.8005858E+05
   48909, 19045,  1.0265008E-01,  2.2817923E+05
   48911, 19045,  7.9845563E-02,  2.2817923E+05
   48916, 19011,  3.1503960E-02,  1.0287894E+05
   48917, 19011,  3.5345274E-01,  1.0287894E+05
   48918, 19011,  5.7869758E-02,  1.0287894E+05
   48921, 19003,  1.4630583E-02,  7.2639422E+04
   48922, 28025,  1.9126752E-01,  9.6061109E+04
   48923, 28025,  6.1174706E-02,  9.6061109E+04
   48924, 28007,  9.2842981E-02,  2.2383272E+05
   48925, 28007,  9.6157722E-02,  2.2383272E+05
   48926, 28007,  8.6807422E-02,  2.2383272E+05
   48927, 28015,  5.8585621E-02,  9.4661242E+04
   48928, 28015,  1.9055162E-01,  9.4661242E+04
   48931, 28032,  8.4127299E-02,  5.3033194E+05
   48932, 28032,  1.4193288E-02,  5.3033194E+05
   48935, 28033,  1.9616571E-03,  2.2376456E+05
   49132,  3001,  1.3474987E-02,  1.4101531E+06
   49133,  3001,  8.5385321E-03,  1.4101531E+06
   49136,  3009,  9.5928703E-03,  5.4352794E+05
   49137,  3009,  4.2762771E-02,  5.4352794E+05
   49138,  3009,  4.1177377E-02,  5.4352794E+05
   49139,  3009,  1.1650962E-02,  5.4352794E+05
   49140,  3009,  3.6510818E-02,  5.4352794E+05
   49163, 25001,  4.9104057E-03,  9.1480531E+05
   49164, 25001,  3.2003697E-03,  9.1480531E+05
   49166, 25001,  4.3720897E-02,  9.1480531E+05
   49167, 25010,  3.1205049E-02,  7.1693731E+05
   49168, 25010,  2.6849857E-02,  7.1693731E+05
   49169, 25010,  4.1025378E-02,  7.1693731E+05
   49173, 25017,  5.8248439E-03,  6.3857044E+05
   49174, 25017,  1.1911460E-02,  6.3857044E+05
   49187,  8029,  4.5301333E-02,  5.0303738E+05
   49188,  8029,  1.0706225E-02,  5.0303738E+05
   49191,  8029,  1.3857462E-02,  5.0303738E+05
   49192,  8029,  2.8956300E-02,  5.0303738E+05
   49193,  8029,  6.6822059E-03,  5.0303738E+05
   49195, 10009,  3.3106443E-02,  3.9107275E+05
   49196, 10009,  6.7358360E-02,  3.9107275E+05
   49197, 10009,  5.9917741E-02,  3.9107275E+05
   49198, 10009,  2.6568145E-02,  3.9107275E+05
   49203, 10025,  1.6577777E-01,  1.7989956E+05
   49204, 10025,  6.4596664E-03,  1.7989956E+05
   49209, 10010,  2.7550299E-02,  4.3264731E+05
   49210, 10010,  5.3725727E-02,  4.3264731E+05
   49211, 10010,  2.0757958E-02,  4.3264731E+05
   49216, 10013,  1.2665396E-02,  7.6793094E+05
   49223, 10036,  9.5869608E-02,  6.5471150E+05
   49224, 10036,  5.2028254E-02,  6.5471150E+05
   49225, 10036,  2.3550339E-02,  6.5471150E+05
   49231,  5009,  6.2236995E-02,  3.2670934E+05
   49235,  5033,  1.7415350E-02,  6.5390619E+05
   49236,  5033,  1.3179080E-02,  6.5390619E+05
   49247,  5027,  4.3098340E-03,  6.4107131E+05
   49248,  5027,  3.0397158E-02,  6.4107131E+05
   49249,  5027,  2.6504954E-02,  6.4107131E+05
   49251,  5027,  2.8105928E-02,  6.4107131E+05
   49258, 19037,  1.2601417E-01,  1.8005858E+05
   49261, 19045,  2.2105701E-02,  2.2817923E+05
   49262, 19045,  6.0050827E-02,  2.2817923E+05
   49264, 19045,  1.6924891E-01,  2.2817923E+05
   49268, 19002,  2.3374019E-02,  1.3183003E+05
   49269, 19002,  2.6417860E-01,  1.3183003E+05
   49271, 19023,  4.6546251E-01,  6.1605246E+04
   49272, 19023,  3.4725953E-02,  6.1605246E+04
   49275, 28025,  1.1818733E-01,  9.6061109E+04
   49277, 28007,  6.9230549E-02,  2.2383272E+05
   49278, 28007,  1.0940094E-01,  2.2383272E+05
   49280, 28015,  5.3761624E-02,  9.4661242E+04
   49281, 28015,  3.8212287E-01,  9.4661242E+04
   49282, 28032,  3.5956353E-02,  5.3033194E+05
   49283, 28032,  3.8620222E-02,  5.3033194E+05
   49284, 28032,  1.3402034E-02,  5.3033194E+05
   49484,  3001,  8.4732380E-03,  1.4101531E+06
   49485,  3001,  1.0505259E-02,  1.4101531E+06
   49486,  3001,  3.3624080E-04,  1.4101531E+06
   49487,  3001,  1.0110174E-02,  1.4101531E+06
   49488,  3001,  9.0408251E-03,  1.4101531E+06
   49489,  3001,  1.7679673E-02,  1.4101531E+06
   49492,  3009,  9.5210234E-03,  5.4352794E+05
   49493,  3009,  5.0002996E-02,  5.4352794E+05
   49517, 25001,  1.6553210E-03,  9.1480531E+05
   49518, 25001,  2.7531672E-02,  9.1480531E+05
   49519, 25001,  3.0673724E-02,  9.1480531E+05
   49520, 25010,  1.5629930E-02,  7.1693731E+05
   49521, 25010,  5.5306783E-04,  7.1693731E+05
   49522, 25010,  6.0490362E-02,  7.1693731E+05
   49540,  8029,  4.6253409E-02,  5.0303738E+05
   49546,  8029,  3.6103569E-02,  5.0303738E+05
   49547,  8007,  4.3684758E-02,  4.7989984E+05
   49548,  8007,  2.8393805E-02,  4.7989984E+05
   49551, 10009,  2.1994909E-02,  3.9107275E+05
   49552, 10009,  3.9464530E-02,  3.9107275E+05
   49556, 10025,  1.1189520E-01,  1.7989956E+05
   49561, 10017,  2.1190153E-02,  3.4863441E+05
   49562, 10010,  3.8095918E-02,  4.3264731E+05
   49564, 10010,  3.6303263E-02,  4.3264731E+05
   49565, 10010,  5.2697688E-02,  4.3264731E+05
   49566, 10010,  4.0261773E-03,  4.3264731E+05
   49568, 10013,  1.2815263E-02,  7.6793094E+05
   49569, 10013,  1.0562450E-02,  7.6793094E+05
   49570, 10013,  3.2576341E-02,  7.6793094E+05
   49571, 10013,  7.5903843E-04,  7.6793094E+05
   49574, 10013,  6.6274131E-04,  7.6793094E+05
   49575, 10036,  4.7380224E-02,  6.5471150E+05
   49576, 10036,  5.0433699E-02,  6.5471150E+05
   49584,  5009,  1.2198992E-02,  3.2670934E+05
   49585,  5009,  5.1931236E-02,  3.2670934E+05
   49589,  5033,  3.1041285E-02,  6.5390619E+05
   49602,  5006,  1.1263240E-02,  3.0457197E+05
   49603,  5006,  8.0664754E-02,  3.0457197E+05
   49604,  5027,  2.7937641E-02,  6.4107131E+05
   49609, 19037,  4.1268565E-02,  1.8005858E+05
   49610, 19037,  1.1954123E-01,  1.8005858E+05
   49611, 19037,  2.1301690E-02,  1.8005858E+05
   49614, 19045,  8.0684379E-02,  2.2817923E+05
   49617, 19045,  8.9434586E-02,  2.2817923E+05
   49618, 19044,  1.6905469E-01,  1.8553030E+05
   49620, 19002,  2.0704163E-02,  1.3183003E+05
   49621, 19002,  1.7681271E-01,  1.3183003E+05
   49622, 19002,  3.5008840E-02,  1.3183003E+05
   49623, 19002,  1.6151015E-01,  1.3183003E+05
   49624, 19002,  1.8062113E-01,  1.3183003E+05
   49625, 19023,  3.2418457E-01,  6.1605246E+04
   49626, 28024,  7.4719891E-02,  1.4636842E+05
   49628, 28025,  2.0169213E-02,  9.6061109E+04
   49629, 28025,  9.9545896E-02,  9.6061109E+04
   49631, 28007,  1.7634921E-01,  2.2383272E+05
   49632, 28007,  8.8483244E-02,  2.2383272E+05
   49633, 28007,  7.9847820E-02,  2.2383272E+05
   49634, 28015,  3.4805652E-02,  9.4661242E+04
   49838,  3001,  1.2872756E-02,  1.4101531E+06
   49840,  3001,  1.3828935E-02,  1.4101531E+06
   49841,  3001,  1.8473146E-02,  1.4101531E+06
   49845,  3009,  3.4384847E-02,  5.4352794E+05
   49846,  3009,  1.8296707E-02,  5.4352794E+05
   49871, 25001,  2.4129488E-02,  9.1480531E+05
   49872, 25001,  3.7371613E-02,  9.1480531E+05
   49873, 25010,  4.5948550E-02,  7.1693731E+05
   49874, 25010,  5.1594503E-02,  7.1693731E+05
   49875, 25010,  2.6952913E-02,  7.1693731E+05
   49884,  8046,  1.3747195E-02,  1.8857870E+05
   49885,  8029,  2.1656243E-02,  5.0303738E+05
   49892,  8029,  1.8489426E-02,  5.0303738E+05
   49893,  8029,  3.5752323E-02,  5.0303738E+05
   49900,  8007,  7.7736400E-02,  4.7989984E+05
   49901,  8007,  9.6648540E-03,  4.7989984E+05
   49903, 10009,  3.0358020E-02,  3.9107275E+05
   49909, 10017,  7.0165694E-02,  3.4863441E+05
   49910, 10017,  4.7031255E-03,  3.4863441E+05
   49912, 10017,  1.2973399E-02,  3.4863441E+05
   49913, 10017,  6.0068980E-02,  3.4863441E+05
   49914, 10017,  4.6274398E-02,  3.4863441E+05
   49919, 10010,  3.9848156E-02,  4.3264731E+05
   49920, 10010,  4.2014908E-02,  4.3264731E+05
   49921, 10010,  2.5541818E-02,  4.3264731E+05
   49922, 10013,  2.1423135E-02,  7.6793094E+05
   49923, 10013,  2.7308211E-02,  7.6793094E+05
   49924, 10013,  3.3108026E-02,  7.6793094E+05
   49927, 10036,  2.0956764E-02,  6.5471150E+05
   49928, 10036,  7.6026842E-02,  6.5471150E+05
   49938,  5009,  5.6756720E-02,  3.2670934E+05
   49941,  5033,  1.9511592E-02,  6.5390619E+05
   49942,  5033,  3.8550586E-02,  6.5390619E+05
   49943,  5033,  2.9222758E-02,  6.5390619E+05
   49955,  5006,  6.5642118E-02,  3.0457197E+05
   49956,  5006,  7.0486136E-02,  3.0457197E+05
   49957,  5006,  5.8415215E-02,  3.0457197E+05
   49961, 19037,  1.0437360E-01,  1.8005858E+05
   49962, 19037,  7.8162417E-02,  1.8005858E+05
   49967, 19051,  2.1067019E-01,  1.0284447E+05
   49970, 19044,  1.0471670E-01,  1.8553030E+05
   49971, 19044,  2.7538836E-01,  1.8553030E+05
   49972, 19002,  1.4095233E-01,  1.3183003E+05
   49973, 19002,  1.2448888E-01,  1.3183003E+05
   49977, 19002,  1.3755935E-01,  1.3183003E+05
   49979, 28024,  7.6572947E-02,  1.4636842E+05
   49980, 28024,  1.3531832E-01,  1.4636842E+05
   49981, 28025,  5.9705541E-02,  9.6061109E+04
   49982, 28025,  3.2373396E-01,  9.6061109E+04
   49983, 28025,  2.0304763E-01,  9.6061109E+04
   49984, 28007,  1.5049075E-01,  2.2383272E+05
   49985, 28007,  2.8322922E-02,  2.2383272E+05
   50189,  3001,  1.2275794E-02,  1.4101531E+06
   50190,  3001,  1.5023689E-02,  1.4101531E+06
   50191,  3001,  2.2148814E-02,  1.4101531E+06
   50192,  3001,  8.0090007E-03,  1.4101531E+06
   50193,  3001,  9.1530178E-03,  1.4101531E+06
   50198,  3009,  3.8155321E-02,  5.4352794E+05
   50225, 25001,  4.7142733E-02,  9.1480531E+05
   50226, 25001,  2.6678463E-02,  9.1480531E+05
   50227, 25010,  1.0352785E-02,  7.1693731E+05
   50228, 25010,  2.7347371E-02,  7.1693731E+05
   50229, 25010,  2.2771996E-02,  7.1693731E+05
   50230, 25010,  4.3208597E-04,  7.1693731E+05
   50231, 25010,  1.0796580E-02,  7.1693731E+05
   50232, 25010,  1.0881574E-02,  7.1693731E+05
   50237,  8046,  1.8384071E-01,  1.8857870E+05
   50244,  8029,  5.8133579E-03,  5.0303738E+05
   50245,  8029,  4.3740891E-02,  5.0303738E+05
   50253,  8007,  9.4488999E-03,  4.7989984E+05
   50254,  8007,  4.3807514E-02,  4.7989984E+05
   50262, 10017,  1.4735304E-02,  3.4863441E+05
   50263, 10017,  1.1385821E-01,  3.4863441E+05
   50264, 10017,  8.3509132E-02,  3.4863441E+05
   50265, 10017,  4.8405629E-02,  3.4863441E+05
   50277, 10013,  2.1149917E-02,  7.6793094E+05
   50278, 10013,  1.6625041E-02,  7.6793094E+05
   50279, 10013,  1.2734631E-02,  7.6793094E+05
   50280, 10013,  3.6617905E-02,  7.6793094E+05
   50281, 10036,  4.2819716E-02,  6.5471150E+05
   50291,  5009,  5.5887762E-02,  3.2670934E+05
   50293,  5033,  1.8051352E-02,  6.5390619E+05
   50294,  5033,  1.3019002E-02,  6.5390619E+05
   50296,  5033,  1.3363329E-02,  6.5390619E+05
   50297,  5007,  1.9577052E-02,  6.2037869E+05
   50303,  5007,  2.7243245E-02,  6.2037869E+05
   50307,  5007,  2.8440656E-02,  6.2037869E+05
   50308,  5007,  1.2443996E-02,  6.2037869E+05
   50310,  5006,  5.9143804E-02,  3.0457197E+05
   50312,  5006,  2.8058309E-02,  3.0457197E+05
   50313,  5006,  7.0673019E-02,  3.0457197E+05
   50314, 19037,  1.5194627E-02,  1.8005858E+05
   50320, 19051,  2.5367302E-01,  1.0284447E+05
   50321, 19051,  1.5305801E-01,  1.0284447E+05
   50322, 19044,  9.3957104E-02,  1.8553030E+05
   50323, 19044,  1.0289919E-01,  1.8553030E+05
   50324, 19050,  1.3207400E-01,  2.9523053E+05
   50325, 19050,  5.0268330E-02,  2.9523053E+05
   50326, 19050,  6.2172342E-02,  2.9523053E+05
   50327, 19050,  3.6683954E-02,  2.9523053E+05
   50328, 19040,  5.8832765E-03,  9.2803594E+04
   50330, 19040,  1.9513275E-01,  9.2803594E+04
   50333, 28024,  1.7116698E-02,  1.4636842E+05
   50334, 28024,  2.1630460E-01,  1.4636842E+05
   50540,  3001,  1.4285522E-03,  1.4101531E+06
   50541,  3001,  1.9241145E-02,  1.4101531E+06
   50542,  3001,  4.0289983E-03,  1.4101531E+06
   50544,  3001,  4.3253182E-03,  1.4101531E+06
   50545,  3001,  1.2691078E-02,  1.4101531E+06
   50550,  3009,  2.0511851E-02,  5.4352794E+05
   50551,  3009,  1.7629877E-02,  5.4352794E+05
   50578, 25001,  5.1843945E-02,  9.1480531E+05
   50581, 25010,  1.7559232E-02,  7.1693731E+05
   50582, 25010,  5.4373343E-02,  7.1693731E+05
   50583, 25010,  3.8069811E-02,  7.1693731E+05
   50584, 25010,  2.0809943E-02,  7.1693731E+05
   50585, 25010,  5.2623730E-02,  7.1693731E+05
   50586, 25007,  5.0046887E-02,  2.4207395E+05
   50587, 25007,  7.6844186E-02,  2.4207395E+05
   50588, 25007,  2.1823561E-02,  2.4207395E+05
   50589,  8046,  1.4793622E-01,  1.8857870E+05
   50590,  8046,  1.4339098E-01,  1.8857870E+05
   50591,  8046,  6.9942370E-02,  1.8857870E+05
   50597,  8029,  6.4477157E-03,  5.0303738E+05
   50606,  8007,  3.0185061E-03,  4.7989984E+05
   50607,  8007,  8.1309855E-02,  4.7989984E+05
   50614, 10017,  6.0987446E-02,  3.4863441E+05
   50615, 10017,  5.5967793E-02,  3.4863441E+05
   50616, 10017,  4.1600955E-03,  3.4863441E+05
   50617,  8044,  1.1305583E-01,  1.6323020E+05
   50627,  8036,  7.4064438E-03,  8.9045725E+05
   50630, 10013,  3.1019410E-03,  7.6793094E+05
   50631, 10013,  1.3140626E-02,  7.6793094E+05
   50632, 10013,  6.3475214E-02,  7.6793094E+05
   50633, 10013,  8.3890893E-02,  7.6793094E+05
   50634, 10036,  7.9224426E-03,  6.5471150E+05
   50643,  5009,  2.2701889E-02,  3.2670934E+05
   50644,  5009,  4.5075830E-02,  3.2670934E+05
   50650,  5007,  2.6503325E-02,  6.2037869E+05
   50651,  5007,  2.7993644E-02,  6.2037869E+05
   50653,  5007,  4.5849816E-03,  6.2037869E+05
   50654,  5007,  1.6116468E-02,  6.2037869E+05
   50655,  5007,  6.1410386E-03,  6.2037869E+05
   50656,  5007,  2.5068842E-02,  6.2037869E+05
   50663,  5006,  6.5286338E-02,  3.0457197E+05
   50664,  5006,  6.5507941E-02,  3.0457197E+05
   50665,  5006,  4.2599440E-02,  3.0457197E+05
   50671, 19008,  2.0910183E-01,  4.6909906E+04
   50672, 19008,  7.8968298E-01,  4.6909906E+04
   50673, 19051,  1.5687421E-01,  1.0284447E+05
   50674, 19051,  4.5677692E-02,  1.0284447E+05
   50675, 19044,  2.4761185E-02,  1.8553030E+05
   50676, 19044,  1.3937727E-01,  1.8553030E+05
   50677, 19050,  6.8145871E-02,  2.9523053E+05
   50678, 19050,  8.7307416E-02,  2.9523053E+05
   50680, 19050,  2.7702563E-02,  2.9523053E+05
   50681, 19040,  2.0169541E-01,  9.2803594E+04
   50682, 19040,  2.1203001E-01,  9.2803594E+04
   50683, 19040,  2.5626007E-01,  9.2803594E+04
   50684, 28024,  1.2961349E-01,  1.4636842E+05
   50685, 28024,  1.2562081E-01,  1.4636842E+05
   50686, 28024,  2.5435776E-01,  1.4636842E+05
   50687, 28014,  8.8520601E-02,  2.6736197E+05
   50893,  3001,  2.0698914E-02,  1.4101531E+06
   50900,  3001,  5.7765460E-03,  1.4101531E+06
   50903,  3009,  4.4667825E-02,  5.4352794E+05
   50930, 26033,  7.0995837E-02,  3.6524769E+05
   50931, 26033,  4.9708661E-02,  3.6524769E+05
   50935, 25010,  1.0549423E-02,  7.1693731E+05
   50936, 25010,  3.0361727E-02,  7.1693731E+05
   50937, 25010,  3.6942177E-02,  7.1693731E+05
   50938, 25010,  3.7254640E-03,  7.1693731E+05
   50940, 25007,  3.2582257E-02,  2.4207395E+05
   50941, 25007,  6.8151720E-02,  2.4207395E+05
   50944,  8046,  1.3940626E-01,  1.8857870E+05
   50945,  8046,  1.2605673E-02,  1.8857870E+05
   50946,  8046,  9.1968350E-02,  1.8857870E+05
   50956,  8007,  5.6683377E-04,  4.7989984E+05
   50957,  8007,  1.6381830E-02,  4.7989984E+05
   50958,  8007,  5.7031900E-02,  4.7989984E+05
   50959,  8007,  4.5702487E-02,  4.7989984E+05
   50960,  8007,  5.5373814E-03,  4.7989984E+05
   50961,  8007,  6.4855091E-02,  4.7989984E+05
   50966, 10017,  6.0507078E-02,  3.4863441E+05
   50967, 10017,  2.1342384E-02,  3.4863441E+05
   50969,  8044,  1.1895723E-02,  1.6323020E+05
   50970,  8044,  1.1355048E-01,  1.6323020E+05
   50972,  8014,  2.5434587E-02,  1.1211003E+05
   50973,  8014,  8.7103546E-02,  1.1211003E+05
   50974,  8014,  1.6124481E-02,  1.1211003E+05
   50983, 10013,  2.9635279E-02,  7.6793094E+05
   50984, 10013,  3.3825137E-02,  7.6793094E+05
   50985, 10013,  5.3065348E-02,  7.6793094E+05
   50986, 10013,  2.1650854E-02,  7.6793094E+05
   50995,  5009,  1.4260699E-02,  3.2670934E+05
   50996,  5009,  6.2207546E-02,  3.2670934E+05
   51004,  5033,  4.2089685E-03,  6.5390619E+05
   51005,  5007,  3.0423779E-02,  6.2037869E+05
   51006,  5007,  4.9437709E-02,  6.2037869E+05
   51007,  5007,  3.8954042E-02,  6.2037869E+05
   51008,  5007,  2.9904522E-02,  6.2037869E+05
   51015,  5006,  5.5834353E-02,  3.0457197E+05
   51016,  5006,  9.2431605E-02,  3.0457197E+05
   51017,  5006,  5.1056109E-03,  3.0457197E+05
   51025, 19032,  7.3881887E-02,  2.4609250E+05
   51030, 19050,  9.4291031E-02,  2.9523053E+05
   51031, 19050,  1.7411534E-01,  2.9523053E+05
   51038, 28014,  8.0687314E-02,  2.6736197E+05
   51039, 28024,  1.1234390E-02,  1.4636842E+05
   51244,  3001,  5.7795439E-03,  1.4101531E+06
   51245,  3001,  1.5764376E-02,  1.4101531E+06
   51246,  3001,  6.0307733E-03,  1.4101531E+06
   51255,  3009,  4.3400012E-02,  5.4352794E+05
   51256,  3009,  6.8104302E-04,  5.4352794E+05
   51282, 26033,  2.1135313E-02,  3.6524769E+05
   51283, 26033,  1.0044865E-01,  3.6524769E+05
   51288, 25007,  9.1528185E-02,  2.4207395E+05
   51290, 25007,  1.0491601E-01,  2.4207395E+05
   51291, 25007,  9.2721239E-02,  2.4207395E+05
   51299,  8046,  1.3600533E-01,  1.8857870E+05
   51314,  8007,  1.2658006E-02,  4.7989984E+05
   51315,  8007,  6.9435760E-02,  4.7989984E+05
   51316,  8007,  1.0517828E-02,  4.7989984E+05
   51317, 10017,  7.1480533E-04,  3.4863441E+05
   51318, 10017,  5.6383438E-02,  3.4863441E+05
   51319, 10017,  2.0670123E-02,  3.4863441E+05
   51321,  8044,  3.5619002E-02,  1.6323020E+05
   51322,  8044,  2.0277336E-01,  1.6323020E+05
   51323,  8044,  1.3910098E-01,  1.6323020E+05
   51327,  8014,  8.4111363E-02,  1.1211003E+05
   51336,  8036,  1.9637594E-02,  8.9045725E+05
   51337, 10013,  7.2197691E-02,  7.6793094E+05
   51338, 10013,  5.5309245E-03,  7.6793094E+05
   51348,  5009,  5.8157250E-02,  3.2670934E+05
   51360,  5007,  3.4059346E-02,  6.2037869E+05
   51363,  5007,  3.2094650E-02,  6.2037869E+05
   51366,  5006,  1.1862499E-02,  3.0457197E+05
   51368,  5006,  8.7403864E-02,  3.0457197E+05
   51375,  5005,  8.9863449E-02,  1.1081249E+05
   51378, 19032,  7.3864795E-02,  2.4609250E+05
   51383, 19050,  2.3118900E-03,  2.9523053E+05
   51384, 19050,  9.9858224E-02,  2.9523053E+05
   51385, 19050,  3.2330118E-02,  2.9523053E+05
   51390, 28014,  5.7077751E-02,  2.6736197E+05
   51391, 28014,  2.7859934E-02,  2.6736197E+05
   51597,  3001,  1.5469342E-02,  1.4101531E+06
   51607,  3009,  2.5841888E-02,  5.4352794E+05
   51608,  3009,  5.0495740E-02,  5.4352794E+05
   51609,  3009,  2.9796621E-02,  5.4352794E+05
   51634, 26033,  4.9636774E-02,  3.6524769E+05
   51635, 26033,  1.2007625E-01,  3.6524769E+05
   51639, 26003,  5.5273805E-02,  4.2087950E+05
   51641, 25007,  3.7832886E-02,  2.4207395E+05
   51642, 25007,  5.3415217E-02,  2.4207395E+05
   51643, 25007,  8.5582763E-02,  2.4207395E+05
   51644, 25007,  6.8325095E-02,  2.4207395E+05
   51645, 25007,  6.9530278E-02,  2.4207395E+05
   51652,  8046,  1.1801404E-01,  1.8857870E+05
   51668,  8007,  4.6027824E-03,  4.7989984E+05
   51669,  8007,  3.8150880E-02,  4.7989984E+05
   51670, 10017,  1.0559279E-01,  3.4863441E+05
   51671,  8060,  3.0006453E-01,  6.9794133E+04
   51672,  8060,  2.8231087E-01,  6.9794133E+04
   51675,  8044,  2.1638475E-01,  1.6323020E+05
   51677,  8044,  1.0913137E-01,  1.6323020E+05
   51678,  8044,  2.4693110E-03,  1.6323020E+05
   51679,  8014,  1.2822470E-01,  1.1211003E+05
   51680,  8014,  2.7521458E-01,  1.1211003E+05
   51688,  8036,  3.9726797E-02,  8.9045725E+05
   51689, 10013,  1.0520097E-01,  7.6793094E+05
   51690,  8036,  2.5474763E-02,  8.9045725E+05
   51691,  8036,  2.1796313E-03,  8.9045725E+05
   51700,  5034,  1.0331128E-02,  4.1879138E+05
   51701,  5034,  4.9006738E-02,  4.1879138E+05
   51713,  5007,  3.1758945E-02,  6.2037869E+05
   51714,  5007,  4.1310741E-03,  6.2037869E+05
   51715,  5007,  2.6238088E-02,  6.2037869E+05
   51716,  5007,  2.4364898E-02,  6.2037869E+05
   51719,  5006,  4.1855935E-02,  3.0457197E+05
   51720,  5006,  6.4049438E-02,  3.0457197E+05
   51721,  5006,  1.2163546E-01,  3.0457197E+05
   51724,  5018,  2.3476396E-02,  2.1247797E+05
   51725,  5005,  2.0307480E-01,  1.1081249E+05
   51726,  5005,  1.7676045E-01,  1.1081249E+05
   51727,  5005,  1.6441816E-01,  1.1081249E+05
   51728,  5005,  1.3673773E-01,  1.1081249E+05
   51729,  5005,  1.7050490E-01,  1.1081249E+05
   51731, 19032,  7.3349066E-02,  2.4609250E+05
   51738, 19050,  1.3149604E-01,  2.9523053E+05
   51743, 28014,  7.0722148E-02,  2.6736197E+05
   51949,  3001,  1.7120734E-02,  1.4101531E+06
   51950,  3001,  1.6268432E-03,  1.4101531E+06
   51959,  3002,  2.1097837E-03,  1.6202756E+06
   51960,  3001,  1.2523783E-02,  1.4101531E+06
   51984, 26033,  3.3239465E-02,  3.6524769E+05
   51985, 26033,  1.3265673E-02,  3.6524769E+05
   51987, 26042,  8.9251228E-02,  5.7567019E+05
   51988, 26033,  3.1844001E-02,  3.6524769E+05
   51991, 26003,  4.6116136E-02,  4.2087950E+05
   51992, 26003,  1.1067850E-02,  4.2087950E+05
   51995, 25007,  5.1028620E-02,  2.4207395E+05
   51996, 25007,  2.4756346E-02,  2.4207395E+05
   51997, 25007,  9.6084222E-02,  2.4207395E+05
   51998, 25007,  8.0889530E-02,  2.4207395E+05
   52005,  8008,  3.0873400E-01,  8.3546773E+04
   52009,  8027,  1.0900742E-02,  5.6290894E+05
   52010,  8027,  2.9333564E-02,  5.6290894E+05
   52011,  8027,  1.8224472E-02,  5.6290894E+05
   52012,  8027,  1.5768263E-02,  5.6290894E+05
   52013,  8027,  7.5186859E-03,  5.6290894E+05
   52014,  8007,  1.5902733E-04,  4.7989984E+05
   52022,  8059,  1.6895586E-01,  1.0552410E+05
   52023,  8059,  3.5481125E-01,  1.0552410E+05
   52024,  8059,  2.9169569E-02,  1.0552410E+05
   52025,  8060,  4.1510996E-01,  6.9794133E+04
   52026,  8060,  1.3843554E-01,  6.9794133E+04
   52028,  8044,  1.1699534E-01,  1.6323020E+05
   52030,  8044,  1.2375622E-02,  1.6323020E+05
   52032,  8014,  1.7458603E-01,  1.1211003E+05
   52033,  8039,  2.3444672E-01,  1.6985608E+05
   52039,  8036,  5.7980404E-03,  8.9045725E+05
   52040,  8036,  8.4696285E-02,  8.9045725E+05
   52041,  8036,  4.8814714E-02,  8.9045725E+05
   52044,  8036,  2.3989568E-02,  8.9045725E+05
   52045,  8036,  2.0341994E-02,  8.9045725E+05
   52046,  8036,  4.7908402E-03,  8.9045725E+05
   52052,  5034,  1.4151795E-02,  4.1879138E+05
   52053,  5034,  4.8244085E-02,  4.1879138E+05
   52066,  5007,  2.9717647E-02,  6.2037869E+05
   52068,  5007,  3.3565320E-02,  6.2037869E+05
   52069,  5007,  4.4306886E-04,  6.2037869E+05
   52073,  5010,  1.2688422E-02,  3.4983559E+04
   52074,  5018,  2.2799794E-01,  2.1247797E+05
   52076,  5018,  4.0843312E-02,  2.1247797E+05
   52077,  5018,  1.1566646E-01,  2.1247797E+05
   52082,  5005,  1.0289221E-01,  1.1081249E+05
   52083,  5005,  8.4972396E-02,  1.1081249E+05
   52084, 19032,  7.3515698E-02,  2.4609250E+05
   52089, 19032,  6.3023590E-03,  2.4609250E+05
   52091, 19005,  6.7529708E-02,  5.9594950E+05
   52096, 28014,  6.7633800E-02,  2.6736197E+05
   52301,  3002,  9.8748803E-03,  1.6202756E+06
   52302,  3002,  4.3431446E-03,  1.6202756E+06
   52311,  3002,  3.0632121E-03,  1.6202756E+06
   52312,  3002,  1.4873118E-02,  1.6202756E+06
   52336, 26033,  7.2716415E-02,  3.6524769E+05
   52337, 26033,  3.5776531E-03,  3.6524769E+05
   52339, 26042,  1.1030790E-02,  5.7567019E+05
   52340, 26042,  6.9364406E-02,  5.7567019E+05
   52341, 26042,  3.0196847E-02,  5.7567019E+05
   52342, 26003,  4.3930657E-02,  4.2087950E+05
   52343, 26003,  5.2524619E-02,  4.2087950E+05
   52344, 26003,  8.0578193E-02,  4.2087950E+05
   52350, 25007,  5.4723203E-02,  2.4207395E+05
   52358,  8008,  5.1537737E-02,  8.3546773E+04
   52360,  8027,  2.5511332E-04,  5.6290894E+05
   52361,  8027,  4.5369525E-02,  5.6290894E+05
   52362,  8027,  3.7134208E-02,  5.6290894E+05
   52364,  8027,  3.3754434E-02,  5.6290894E+05
   52365,  8027,  3.8396977E-02,  5.6290894E+05
   52366,  8027,  4.5052059E-02,  5.6290894E+05
   52367,  8027,  4.6867266E-02,  5.6290894E+05
   52368,  8007,  5.4782972E-02,  4.7989984E+05
   52373,  8007,  6.0015634E-02,  4.7989984E+05
   52374,  8064,  3.8147449E-01,  6.2552680E+04
   52375,  8059,  2.5325287E-02,  1.0552410E+05
   52376,  8033,  1.5032795E-01,  6.7674414E+04
   52377,  8059,  2.7641928E-01,  1.0552410E+05
   52378,  8059,  2.2205432E-01,  1.0552410E+05
   52379,  8060,  4.5617425E-01,  6.9794133E+04
   52380,  8032,  1.4206184E-01,  2.4368406E+05
   52381,  8032,  1.3260005E-01,  2.4368406E+05
   52382,  8032,  1.3125557E-02,  2.4368406E+05
   52383,  8003,  6.2228344E-02,  1.8460361E+05
   52384,  8003,  5.3000070E-02,  1.8460361E+05
   52385,  8003,  2.9624771E-02,  1.8460361E+05
   52386,  8039,  1.7959347E-01,  1.6985608E+05
   52387,  8039,  1.1481890E-01,  1.6985608E+05
   52391,  8036,  4.0482469E-02,  8.9045725E+05
   52392,  8036,  8.0682635E-02,  8.9045725E+05
   52405,  5034,  1.5668588E-02,  4.1879138E+05
   52406,  5023,  8.7648658E-03,  1.3595351E+06
   52415,  5007,  2.5874699E-02,  6.2037869E+05
   52416,  5007,  3.2616176E-02,  6.2037869E+05
   52417,  5007,  2.9626539E-02,  6.2037869E+05
   52418,  5007,  3.0431343E-02,  6.2037869E+05
   52419,  5007,  5.7792280E-02,  6.2037869E+05
   52420,  5007,  4.3417014E-02,  6.2037869E+05
   52421,  5007,  1.5432008E-02,  6.2037869E+05
   52422,  5007,  4.2157806E-02,  6.2037869E+05
   52423,  5029,  3.1457175E-02,  3.9216883E+04
   52426,  5010,  6.4468455E-01,  3.4983559E+04
   52427,  5018,  2.7552587E-01,  2.1247797E+05
   52428,  5018,  8.6443044E-02,  2.1247797E+05
   52429,  5018,  4.8179045E-02,  2.1247797E+05
   52437, 19032,  7.3542885E-02,  2.4609250E+05
   52442, 19032,  7.6525435E-02,  2.4609250E+05
   52444, 19005,  2.1439597E-03,  5.9594950E+05
   52445, 19005,  7.1803510E-02,  5.9594950E+05
   52448, 28014,  2.8916581E-02,  2.6736197E+05
   52449, 28014,  4.7143020E-02,  2.6736197E+05
   52653,  3002,  1.4920088E-02,  1.6202756E+06
   52654,  3002,  7.6167188E-03,  1.6202756E+06
   52660,  3002,  5.5286484E-03,  1.6202756E+06
   52661,  3002,  1.4814873E-03,  1.6202756E+06
   52662,  3002,  7.6611633E-03,  1.6202756E+06
   52664,  3002,  9.0487767E-03,  1.6202756E+06
   52665,  3002,  4.8685125E-03,  1.6202756E+06
   52688, 26033,  1.1239067E-02,  3.6524769E+05
   52689, 26033,  1.0353252E-01,  3.6524769E+05
   52690, 26026,  9.2384607E-02,  2.5405033E+05
   52691, 26033,  1.0471871E-01,  3.6524769E+05
   52692, 26042,  1.0480189E-01,  5.7567019E+05
   52693, 26042,  5.1264688E-03,  5.7567019E+05
   52697, 26003,  7.2667576E-02,  4.2087950E+05
   52717,  8027,  3.7661519E-02,  5.6290894E+05
   52721,  8007,  4.4388296E-03,  4.7989984E+05
   52722,  8007,  7.7853352E-02,  4.7989984E+05
   52723,  8007,  4.2406458E-02,  4.7989984E+05
   52724,  8007,  4.8143264E-02,  4.7989984E+05
   52725,  8007,  4.8249993E-02,  4.7989984E+05
   52726,  8007,  4.9059767E-02,  4.7989984E+05
   52728,  8033,  1.5321052E-01,  6.7674414E+04
   52729,  8033,  6.0473010E-02,  6.7674414E+04
   52733,  8032,  7.8549862E-02,  2.4368406E+05
   52735,  8003,  8.8656604E-02,  1.8460361E+05
   52736,  8003,  1.4201014E-01,  1.8460361E+05
   52737,  8003,  1.8612562E-01,  1.8460361E+05
   52738,  8039,  1.0606708E-01,  1.6985608E+05
   52739,  8039,  5.4074567E-02,  1.6985608E+05
   52740,  8039,  2.9733679E-01,  1.6985608E+05
   52741,  8036,  8.6652860E-03,  8.9045725E+05
   52743,  8036,  5.8589365E-02,  8.9045725E+05
   52744,  8036,  3.6828302E-02,  8.9045725E+05
   52754,  5034,  3.4959264E-02,  4.1879138E+05
   52755,  5034,  4.7546983E-02,  4.1879138E+05
   52756,  5034,  1.9677952E-02,  4.1879138E+05
   52758,  5023,  1.1161353E-02,  1.3595351E+06
   52759,  5023,  1.6457498E-03,  1.3595351E+06
   52772,  5007,  3.8657013E-02,  6.2037869E+05
   52773,  5007,  6.2589888E-03,  6.2037869E+05
   52774,  5007,  1.8702136E-02,  6.2037869E+05
   52775,  5007,  4.2931430E-02,  6.2037869E+05
   52776,  5016,  3.2657981E+00,  1.0864332E+04
   52777,  5021,  3.8158277E-01,  5.1238043E+04
   52778,  5031,  1.3058493E-01,  3.0224584E+05
   52779,  5031,  1.0106377E-01,  3.0224584E+05
   52780,  5018,  2.5956290E-02,  2.1247797E+05
   52781,  5018,  1.2181728E-01,  2.1247797E+05
   52790, 19032,  8.2664967E-02,  2.4609250E+05
   52795, 19005,  3.5860393E-02,  5.9594950E+05
   52798, 19005,  6.9149062E-02,  5.9594950E+05
   52801, 28014,  7.5038746E-02,  2.6736197E+05
   52999,  3002,  3.5729583E-03,  1.6202756E+06
   53005,  3002,  1.5485626E-02,  1.6202756E+06
   53006,  3002,  7.2238734E-04,  1.6202756E+06
   53013,  3002,  2.4854145E-03,  1.6202756E+06
   53014,  3002,  1.1710405E-02,  1.6202756E+06
   53015,  3002,  1.0864778E-02,  1.6202756E+06
   53016,  3002,  2.0747527E-03,  1.6202756E+06
   53017,  3002,  2.4281624E-03,  1.6202756E+06
   53018,  3002,  1.1386578E-02,  1.6202756E+06
   53041, 26026,  7.7115960E-02,  2.5405033E+05
   53042, 26026,  1.0240472E-01,  2.5405033E+05
   53043, 26042,  4.8512358E-02,  5.7567019E+05
   53044, 26042,  6.4965067E-03,  5.7567019E+05
   53045, 26042,  6.9063008E-02,  5.7567019E+05
   53046, 26042,  1.9627588E-02,  5.7567019E+05
   53050, 26003,  5.8538474E-02,  4.2087950E+05
   53051, 26003,  3.2266136E-02,  4.2087950E+05
   53063,  8008,  3.4900520E-02,  8.3546773E+04
   53064,  8008,  9.1399170E-02,  8.3546773E+04
   53069,  8027,  1.7345719E-02,  5.6290894E+05
   53070,  8027,  4.1380592E-02,  5.6290894E+05
   53079,  8064,  7.4423301E-01,  6.2552680E+04
   53080,  8033,  3.1687513E-01,  6.7674414E+04
   53081,  8033,  3.9451987E-01,  6.7674414E+04
   53086,  8032,  4.6623021E-02,  2.4368406E+05
   53087,  8032,  3.9631203E-02,  2.4368406E+05
   53089,  8003,  6.0833894E-02,  1.8460361E+05
   53090,  8003,  1.2937726E-01,  1.8460361E+05
   53091,  8039,  5.2053764E-02,  1.6985608E+05
   53092,  8039,  1.1242914E-01,  1.6985608E+05
   53093,  8036,  2.2504894E-02,  8.9045725E+05
   53094,  8036,  6.5441780E-02,  8.9045725E+05
   53095,  8036,  6.6878185E-02,  8.9045725E+05
   53096,  8036,  1.8000316E-02,  8.9045725E+05
   53109,  5034,  3.3893675E-02,  4.1879138E+05
   53110,  5023,  7.7414629E-03,  1.3595351E+06
   53111,  5023,  6.6906093E-03,  1.3595351E+06
   53124,  5007,  3.5530534E-02,  6.2037869E+05
   53125,  5007,  2.1141598E-03,  6.2037869E+05
   53130,  5021,  2.1064053E-01,  5.1238043E+04
   53131,  5031,  5.3397454E-02,  3.0224584E+05
   53132,  5001,  3.0101225E-01,  8.1995312E+04
   53133,  5001,  9.5018949E-03,  8.1995312E+04
   53134,  5001,  2.0478988E-01,  8.1995312E+04
   53135,  5001,  4.5966916E-02,  8.1995312E+04
   53143, 19032,  3.3715844E-02,  2.4609250E+05
   53144, 19032,  1.2012495E-01,  2.4609250E+05
   53145, 19032,  3.3960935E-02,  2.4609250E+05
   53148, 19005,  3.1145433E-02,  5.9594950E+05
   53151, 19005,  1.3619047E-02,  5.9594950E+05
   53152, 28014,  1.1785392E-01,  2.6736197E+05
   53154, 28014,  6.7734614E-02,  2.6736197E+05
   53351,  3002,  2.1040407E-03,  1.6202756E+06
   53352,  3002,  4.0170754E-04,  1.6202756E+06
   53353,  3002,  6.4312443E-03,  1.6202756E+06
   53357,  3002,  1.3228002E-02,  1.6202756E+06
   53358,  3002,  6.6517641E-05,  1.6202756E+06
   53369,  3002,  6.6332459E-03,  1.6202756E+06
   53370,  3002,  1.4382087E-02,  1.6202756E+06
   53393, 26071,  1.3354206E-01,  8.4085289E+04
   53394, 26026,  1.0120912E-01,  2.5405033E+05
   53395, 26026,  1.1339238E-01,  2.5405033E+05
   53396, 26026,  5.2149374E-02,  2.5405033E+05
   53397, 26042,  3.7307009E-02,  5.7567019E+05
   53398, 26042,  8.0622263E-02,  5.7567019E+05
   53399, 26042,  3.0609833E-02,  5.7567019E+05
   53402, 26003,  4.5800537E-02,  4.2087950E+05
   53403, 26003,  6.2444054E-02,  4.2087950E+05
   53417,  8008,  2.7683616E-01,  8.3546773E+04
   53418,  8008,  3.1042519E-01,  8.3546773E+04
   53421,  8027,  3.6646832E-02,  5.6290894E+05
   53422,  8027,  2.0651873E-02,  5.6290894E+05
   53423,  8027,  3.6230940E-02,  5.6290894E+05
   53432,  8064,  4.0004799E-01,  6.2552680E+04
   53433,  8064,  4.2805176E-02,  6.2552680E+04
   53437,  8032,  4.8676271E-02,  2.4368406E+05
   53438,  8032,  1.2086387E-02,  2.4368406E+05
   53439,  8032,  8.0201313E-02,  2.4368406E+05
   53443,  8003,  2.7608220E-03,  1.8460361E+05
   53447,  8036,  7.5863704E-02,  8.9045725E+05
   53448,  8036,  2.5149874E-02,  8.9045725E+05
   53463,  5023,  1.7919041E-02,  1.3595351E+06
   53464,  5023,  1.1977910E-02,  1.3595351E+06
   53465,  5023,  1.3636541E-02,  1.3595351E+06
   53466,  5023,  1.4467642E-02,  1.3595351E+06
   53467,  5023,  9.3139205E-03,  1.3595351E+06
   53476,  5007,  3.0789731E-02,  6.2037869E+05
   53477,  5007,  9.3588736E-03,  6.2037869E+05
   53482,  5021,  2.3411224E-02,  5.1238043E+04
   53483,  5021,  4.1572890E-01,  5.1238043E+04
   53486,  5001,  4.1010839E-01,  8.1995312E+04
   53487,  5001,  2.2540420E-01,  8.1995312E+04
   53488,  5008,  2.8398642E-01,  1.0156948E+05
   53497, 19032,  1.4350148E-02,  2.4609250E+05
   53498, 19032,  5.0990433E-02,  2.4609250E+05
   53499, 19005,  3.2997046E-02,  5.9594950E+05
   53500, 19005,  2.4570042E-02,  5.9594950E+05
   53501, 19005,  2.1787757E-02,  5.9594950E+05
   53505, 28014,  1.4813258E-01,  2.6736197E+05
   53507, 28014,  7.4758336E-02,  2.6736197E+05
   53703,  3002,  8.1826355E-03,  1.6202756E+06
   53704,  3002,  4.4524972E-03,  1.6202756E+06
   53706,  3002,  5.9066643E-03,  1.6202756E+06
   53707,  3002,  7.9715930E-05,  1.6202756E+06
   53710,  3002,  8.4223002E-03,  1.6202756E+06
   53711,  3002,  5.4560392E-03,  1.6202756E+06
   53722,  3002,  1.2302402E-02,  1.6202756E+06
   53746, 26071,  4.3879557E-01,  8.4085289E+04
   53747, 26071,  2.1442749E-01,  8.4085289E+04
   53748, 26026,  1.2018822E-01,  2.5405033E+05
   53749, 26026,  9.6609481E-02,  2.5405033E+05
   53750, 26042,  3.7844967E-02,  5.7567019E+05
   53751, 26042,  8.3380595E-02,  5.7567019E+05
   53752, 26042,  1.3279129E-02,  5.7567019E+05
   53753, 26003,  4.3521214E-02,  4.2087950E+05
   53754, 26003,  6.2634982E-02,  4.2087950E+05
   53755, 26003,  1.4094769E-03,  4.2087950E+05
   53756, 26003,  2.3498408E-02,  4.2087950E+05
   53767,  8065,  3.5568699E-02,  9.7074773E+04
   53768,  8065,  5.6925979E-03,  9.7074773E+04
   53771,  8027,  1.0893865E-02,  5.6290894E+05
   53772,  8027,  2.8198842E-02,  5.6290894E+05
   53773,  8027,  2.3884153E-02,  5.6290894E+05
   53774,  8027,  1.9146537E-02,  5.6290894E+05
   53776,  8027,  3.7522357E-02,  5.6290894E+05
   53785,  8056,  2.8923255E-01,  7.7000297E+04
   53789,  8067,  1.0414571E-01,  2.1123570E+05
   53790,  8032,  4.6660010E-02,  2.4368406E+05
   53791,  8032,  8.1173815E-02,  2.4368406E+05
   53792,  8032,  1.2838049E-01,  2.4368406E+05
   53797,  8003,  1.4915165E-03,  1.8460361E+05
   53798,  8003,  3.0844975E-02,  1.8460361E+05
   53799,  8036,  2.6659124E-02,  8.9045725E+05
   53800,  8036,  4.3513130E-02,  8.9045725E+05
   53801,  8036,  2.1245565E-02,  8.9045725E+05
   53814,  5034,  3.5874318E-02,  4.1879138E+05
   53815,  5034,  2.2175934E-02,  4.1879138E+05
   53816,  5023,  2.1753649E-03,  1.3595351E+06
   53820,  5023,  1.6849689E-02,  1.3595351E+06
   53821,  5023,  2.0974554E-02,  1.3595351E+06
   53822,  5023,  1.3292282E-02,  1.3595351E+06
   53823,  5023,  1.3770908E-02,  1.3595351E+06
   53824,  5023,  1.3540859E-02,  1.3595351E+06
   53825,  5023,  1.5020337E-02,  1.3595351E+06
   53826,  5023,  1.6652144E-02,  1.3595351E+06
   53827,  5023,  1.4778585E-02,  1.3595351E+06
   53828,  5023,  2.0264361E-02,  1.3595351E+06
   53829,  5007,  1.1205673E-02,  6.2037869E+05
   53841,  5008,  1.9259447E-01,  1.0156948E+05
   53842,  5008,  2.4024124E-01,  1.0156948E+05
   53843,  5026,  6.7197859E-02,  2.7104256E+05
   53844,  5026,  4.6565151E-03,  2.7104256E+05
   53848, 19032,  3.7279416E-02,  2.4609250E+05
   53849, 19032,  7.7527590E-02,  2.4609250E+05
   53850, 19032,  2.9761268E-02,  2.4609250E+05
   53851, 19005,  1.7070973E-02,  5.9594950E+05
   53852, 19005,  3.9993662E-02,  5.9594950E+05
   53853, 19005,  4.6449289E-02,  5.9594950E+05
   53854, 19005,  3.1403504E-02,  5.9594950E+05
   53858, 28014,  5.6843039E-02,  2.6736197E+05
   53859, 28027,  1.7228957E-01,  2.3067327E+05
   53860, 28014,  6.0847048E-02,  2.6736197E+05
   54055,  3002,  2.6314284E-04,  1.6202756E+06
   54056,  3002,  1.3834232E-02,  1.6202756E+06
   54060,  3002,  5.9727528E-03,  1.6202756E+06
   54064,  3002,  1.1464456E-02,  1.6202756E+06
   54065,  3002,  4.8631593E-03,  1.6202756E+06
   54074,  3002,  4.9941218E-03,  1.6202756E+06
   54075,  3002,  1.0049975E-02,  1.6202756E+06
   54098, 26071,  1.9875358E-01,  8.4085289E+04
   54099, 26071,  3.2125083E-01,  8.4085289E+04
   54101, 26026,  9.1480695E-02,  2.5405033E+05
   54102, 26026,  1.5349054E-01,  2.5405033E+05
   54103, 26042,  5.5998527E-02,  5.7567019E+05
   54107, 26003,  1.4181661E-02,  4.2087950E+05
   54108, 26003,  1.0230172E-03,  4.2087950E+05
   54109, 26003,  9.6723428E-03,  4.2087950E+05
   54110, 26003,  6.4577430E-02,  4.2087950E+05
   54111, 26003,  2.7168522E-02,  4.2087950E+05
   54112,  8020,  2.6271760E-01,  9.8832398E+04
   54113,  8020,  9.3390062E-02,  9.8832398E+04
   54116,  8030,  9.0117797E-02,  8.7159758E+04
   54117,  8030,  9.0784214E-02,  8.7159758E+04
   54119,  8065,  5.9940450E-02,  9.7074773E+04
   54120,  8065,  3.1006330E-01,  9.7074773E+04
   54124,  8027,  1.4482386E-02,  5.6290894E+05
   54125,  8027,  8.4699310E-02,  5.6290894E+05
   54126,  8027,  3.2933269E-02,  5.6290894E+05
   54129,  8027,  2.0573635E-02,  5.6290894E+05
   54138,  8056,  2.5474644E-01,  7.7000297E+04
   54139,  8056,  1.0232349E-01,  7.7000297E+04
   54141,  8067,  1.1160751E-02,  2.1123570E+05
   54142,  8067,  8.5379131E-02,  2.1123570E+05
   54144,  8067,  2.6880056E-02,  2.1123570E+05
   54145,  8067,  6.9416881E-02,  2.1123570E+05
   54151,  8003,  6.7357749E-02,  1.8460361E+05
   54153,  8036,  4.0432744E-02,  8.9045725E+05
   54154,  8036,  2.4875145E-02,  8.9045725E+05
   54167,  5034,  4.7272377E-02,  4.1879138E+05
   54179,  5023,  2.6653991E-03,  1.3595351E+06
   54181,  5023,  2.0564487E-02,  1.3595351E+06
   54182,  5023,  1.3387907E-02,  1.3595351E+06
   54183,  5023,  1.4682127E-02,  1.3595351E+06
   54184,  5023,  2.0697406E-02,  1.3595351E+06
   54185,  5023,  8.2795387E-03,  1.3595351E+06
   54194,  5026,  1.0136509E-01,  2.7104256E+05
   54195,  5026,  1.3234857E-02,  2.7104256E+05
   54196,  5026,  1.9829154E-02,  2.7104256E+05
   54197,  5026,  8.5177943E-02,  2.7104256E+05
   54198,  5026,  6.7159504E-02,  2.7104256E+05
   54199,  5026,  5.9582278E-02,  2.7104256E+05
   54201, 19032,  2.6214829E-02,  2.4609250E+05
   54203, 19005,  3.1941239E-02,  5.9594950E+05
   54204, 19005,  2.5509309E-02,  5.9594950E+05
   54207, 19005,  7.9092775E-03,  5.9594950E+05
   54208, 19005,  5.5642024E-02,  5.9594950E+05
   54209, 19005,  5.1851626E-03,  5.9594950E+05
   54212, 28027,  1.7983069E-01,  2.3067327E+05
   54406,  3002,  2.7665414E-03,  1.6202756E+06
   54407,  3002,  1.2131165E-02,  1.6202756E+06
   54408,  3002,  1.2521408E-02,  1.6202756E+06
   54413,  3002,  5.6998460E-03,  1.6202756E+06
   54414,  3002,  1.8364663E-03,  1.6202756E+06
   54418,  3002,  1.2558797E-02,  1.6202756E+06
   54419,  3002,  2.7602613E-03,  1.6202756E+06
   54427,  3002,  1.2489865E-02,  1.6202756E+06
   54428,  3002,  5.5870408E-04,  1.6202756E+06
   54449, 26012,  1.1338488E-01,  2.3709842E+05
   54450, 26018,  3.9999884E-02,  7.3233050E+05
   54451, 26018,  5.1848970E-02,  7.3233050E+05
   54452, 26018,  4.5042638E-02,  7.3233050E+05
   54453, 26018,  4.7392778E-02,  7.3233050E+05
   54454, 26026,  1.2904224E-01,  2.5405033E+05
   54455, 26042,  5.0727315E-02,  5.7567019E+05
   54463, 26003,  5.3346343E-02,  4.2087950E+05
   54464, 26003,  2.7252750E-02,  4.2087950E+05
   54466,  8020,  2.1898112E-01,  9.8832398E+04
   54467,  8020,  6.3132726E-02,  9.8832398E+04
   54469,  8030,  1.2127720E-01,  8.7159758E+04
   54470,  8030,  2.4718146E-01,  8.7159758E+04
   54471,  8030,  2.3566663E-01,  8.7159758E+04
   54472,  8065,  2.3674467E-01,  9.7074773E+04
   54477,  8027,  4.8324842E-02,  5.6290894E+05
   54478,  8027,  4.8760843E-02,  5.6290894E+05
   54492,  8061,  1.1690874E-01,  2.6356059E+05
   54497,  8067,  1.0302787E-01,  2.1123570E+05
   54506,  8036,  5.1998019E-02,  8.9045725E+05
   54507,  8036,  2.0645855E-02,  8.9045725E+05
   54520,  5034,  4.5317471E-02,  4.1879138E+05
   54534,  5023,  1.3479227E-02,  1.3595351E+06
   54537,  5023,  1.0896174E-02,  1.3595351E+06
   54541,  5031,  3.8553573E-02,  3.0224584E+05
   54542,  5031,  4.2802379E-02,  3.0224584E+05
   54544,  5008,  5.7469741E-02,  1.0156948E+05
   54545,  5008,  1.8217558E-01,  1.0156948E+05
   54547,  5026,  6.6598654E-02,  2.7104256E+05
   54549,  5026,  2.4558468E-02,  2.7104256E+05
   54550,  5026,  7.2076596E-02,  2.7104256E+05
   54551,  5015,  3.0469319E-02,  3.1496147E+05
   54555,  5015,  5.4657765E-02,  3.1496147E+05
   54556,  5015,  5.0944954E-02,  3.1496147E+05
   54560, 19005,  2.9810611E-02,  5.9594950E+05
   54561, 19005,  4.1442667E-03,  5.9594950E+05
   54562, 19005,  2.9195674E-02,  5.9594950E+05
   54563, 28027,  8.3068646E-02,  2.3067327E+05
   54564, 28027,  4.5874756E-02,  2.3067327E+05
   54565, 28027,  9.6734427E-02,  2.3067327E+05
   54566, 28027,  8.8656463E-02,  2.3067327E+05
   54759,  3002,  1.3627164E-02,  1.6202756E+06
   54767,  3002,  6.7862882E-03,  1.6202756E+06
   54768,  3002,  4.0798780E-04,  1.6202756E+06
   54772,  3002,  1.5280765E-02,  1.6202756E+06
   54779,  3002,  1.2470609E-02,  1.6202756E+06
   54780,  3002,  5.3470456E-03,  1.6202756E+06
   54801, 26072,  1.3416284E-01,  1.4936409E+05
   54802, 26072,  2.9213443E-02,  1.4936409E+05
   54803, 26018,  2.7860098E-02,  7.3233050E+05
   54804, 26018,  4.9230404E-02,  7.3233050E+05
   54805, 26018,  6.6010118E-02,  7.3233050E+05
   54806, 26018,  4.5345724E-02,  7.3233050E+05
   54807, 26049,  1.8454172E-01,  2.7422659E+05
   54808, 26049,  3.5499536E-02,  2.7422659E+05
   54812, 26049,  8.8596549E-03,  2.7422659E+05
   54813, 26049,  7.5585619E-02,  2.7422659E+05
   54814, 26049,  4.3184303E-02,  2.7422659E+05
   54815, 26003,  6.7447578E-03,  4.2087950E+05
   54816, 26003,  6.8693489E-02,  4.2087950E+05
   54820,  8020,  2.7026212E-01,  9.8832398E+04
   54821,  8020,  2.4717425E-01,  9.8832398E+04
   54822,  8030,  1.3180189E-01,  8.7159758E+04
   54824,  8030,  8.0736384E-02,  8.7159758E+04
   54825,  8065,  2.0807822E-01,  9.7074773E+04
   54831,  8027,  4.3033473E-02,  5.6290894E+05
   54840,  8049,  8.6910687E-02,  7.6694031E+04
   54845,  8061,  1.0704593E-01,  2.6356059E+05
   54849,  8067,  1.0186853E-01,  2.1123570E+05
   54850,  8067,  9.5320940E-02,  2.1123570E+05
   54858,  8011,  2.6976772E-02,  8.3284806E+05
   54859,  8011,  5.5665351E-02,  8.3284806E+05
   54860,  8011,  2.3587981E-02,  8.3284806E+05
   54861,  8011,  2.4463162E-02,  8.3284806E+05
   54862,  8036,  5.7724519E-03,  8.9045725E+05
   54873,  5034,  4.5949657E-02,  4.1879138E+05
   54887,  5023,  1.3513343E-02,  1.3595351E+06
   54893,  5031,  3.6477761E-03,  3.0224584E+05
   54894,  5031,  1.0683241E-01,  3.0224584E+05
   54895,  5031,  7.0899650E-02,  3.0224584E+05
   54900,  5026,  6.8507344E-02,  2.7104256E+05
   54904,  5015,  5.3939037E-02,  3.1496147E+05
   54905,  5015,  2.5718935E-02,  3.1496147E+05
   54906,  5015,  2.8227640E-02,  3.1496147E+05
   54907,  5015,  7.7498332E-02,  3.1496147E+05
   54908,  5015,  2.1353772E-02,  3.1496147E+05
   54913, 19005,  3.1157291E-02,  5.9594950E+05
   54914, 19005,  4.1164059E-02,  5.9594950E+05
   54917, 28027,  3.6464125E-02,  2.3067327E+05
   54918, 28027,  1.5329669E-01,  2.3067327E+05
   54919, 28027,  3.9015364E-02,  2.3067327E+05
   55110,  3002,  1.4325337E-02,  1.6202756E+06
   55111,  3002,  1.3081386E-02,  1.6202756E+06
   55112,  3002,  1.6423798E-03,  1.6202756E+06
   55121,  3002,  7.5482903E-03,  1.6202756E+06
   55122,  3002,  2.1671273E-03,  1.6202756E+06
   55125,  3002,  1.2458383E-02,  1.6202756E+06
   55132,  3002,  1.1869970E-02,  1.6202756E+06
   55152, 26072,  9.8455407E-02,  1.4936409E+05
   55153, 26072,  1.6996141E-01,  1.4936409E+05
   55154, 26072,  2.4542502E-01,  1.4936409E+05
   55155, 26072,  1.2069280E-01,  1.4936409E+05
   55156, 26012,  7.9716988E-02,  2.3709842E+05
   55157, 26018,  2.4617402E-02,  7.3233050E+05
   55158, 26018,  8.6623281E-02,  7.3233050E+05
   55159, 26018,  7.6868750E-02,  7.3233050E+05
   55161, 26049,  2.4931200E-02,  2.7422659E+05
   55163, 26049,  3.6316849E-02,  2.7422659E+05
   55165, 26049,  8.6836964E-02,  2.7422659E+05
   55167, 26049,  6.4736627E-02,  2.7422659E+05
   55168, 26003,  5.6020740E-02,  4.2087950E+05
   55180,  8065,  8.5275553E-02,  9.7074773E+04
   55181,  8065,  4.9357526E-02,  9.7074773E+04
   55184,  8027,  4.3823566E-02,  5.6290894E+05
   55193,  8049,  5.5628347E-01,  7.6694031E+04
   55198,  8061,  8.5082263E-02,  2.6356059E+05
   55201,  8067,  4.3146733E-02,  2.1123570E+05
   55202,  8067,  6.9423653E-02,  2.1123570E+05
   55203,  8067,  5.8822080E-02,  2.1123570E+05
   55207,  8058,  2.3860747E-01,  3.8689988E+04
   55208,  8058,  7.1591109E-01,  3.8689988E+04
   55209,  8058,  1.3444299E-01,  3.8689988E+04
   55210,  8011,  1.2227049E-02,  8.3284806E+05
   55211,  8011,  5.3975403E-02,  8.3284806E+05
   55212,  8011,  2.1927845E-02,  8.3284806E+05
   55225,  5034,  3.0479016E-02,  4.1879138E+05
   55226,  5034,  1.6735047E-02,  4.1879138E+05
   55240,  5023,  1.9911529E-02,  1.3595351E+06
   55245,  5031,  4.8446760E-02,  3.0224584E+05
   55246,  5031,  6.8986811E-02,  3.0224584E+05
   55247,  5031,  7.7557303E-02,  3.0224584E+05
   55249,  5026,  1.1883860E-02,  2.7104256E+05
   55250,  5026,  7.7940509E-02,  2.7104256E+05
   55251,  5020,  5.6973007E-02,  6.2003856E+05
   55252,  5020,  9.0531418E-03,  6.2003856E+05
   55253,  5026,  1.2591839E-01,  2.7104256E+05
   55258,  5015,  6.8225190E-02,  3.1496147E+05
   55259,  5015,  6.6506594E-02,  3.1496147E+05
   55262,  5015,  3.1026764E-02,  3.1496147E+05
   55263, 19005,  3.1399850E-02,  5.9594950E+05
   55264, 19005,  3.1387508E-02,  5.9594950E+05
   55265, 19005,  3.1382404E-02,  5.9594950E+05
   55266, 19005,  2.4390192E-04,  5.9594950E+05
   55267, 19005,  2.5338547E-02,  5.9594950E+05
   55268, 19005,  1.4592017E-02,  5.9594950E+05
   55269, 28027,  3.2181889E-03,  2.3067327E+05
   55270, 28027,  9.3729086E-02,  2.3067327E+05
   55271, 28027,  4.4276204E-02,  2.3067327E+05
   55463,  3002,  1.6385417E-03,  1.6202756E+06
   55464,  3002,  9.4802333E-03,  1.6202756E+06
   55475,  3002,  6.0360227E-03,  1.6202756E+06
   55476,  3002,  1.5511200E-02,  1.6202756E+06
   55477,  3002,  1.3667992E-02,  1.6202756E+06
   55478,  3002,  1.5352248E-02,  1.6202756E+06
   55479,  3002,  1.2363524E-02,  1.6202756E+06
   55480,  3002,  1.2251372E-02,  1.6202756E+06
   55483,  3002,  1.0183227E-02,  1.6202756E+06
   55484,  3002,  1.2525349E-02,  1.6202756E+06
   55485,  3002,  1.3934162E-02,  1.6202756E+06
   55506, 26072,  1.2070952E-01,  1.4936409E+05
   55507, 26072,  9.4443619E-02,  1.4936409E+05
   55508, 26072,  2.6853877E-01,  1.4936409E+05
   55509, 26018,  9.6209928E-02,  7.3233050E+05
   55510, 26018,  1.0120717E-01,  7.3233050E+05
   55511, 26018,  1.0415183E-01,  7.3233050E+05
   55512, 26018,  5.9012845E-03,  7.3233050E+05
   55516, 26049,  4.6967395E-02,  2.7422659E+05
   55517, 26049,  8.2533091E-02,  2.7422659E+05
   55518, 26049,  1.0844937E-01,  2.7422659E+05
   55534,  8009,  3.7500132E-02,  4.0512775E+05
   55537,  8027,  3.8957007E-02,  5.6290894E+05
   55546,  8049,  8.4697127E-02,  7.6694031E+04
   55547,  8061,  9.7000301E-02,  2.6356059E+05
   55551,  8061,  4.0472418E-02,  2.6356059E+05
   55552,  8067,  9.7962283E-02,  2.1123570E+05
   55553,  8067,  8.5160658E-02,  2.1123570E+05
   55554,  8067,  9.8962076E-02,  2.1123570E+05
   55562,  8011,  1.9145736E-02,  8.3284806E+05
   55563,  8011,  7.8783467E-02,  8.3284806E+05
   55564,  8011,  3.6281556E-02,  8.3284806E+05
   55565,  8011,  2.2461809E-02,  8.3284806E+05
   55578,  5034,  2.7761672E-02,  4.1879138E+05
   55579,  5034,  1.8961441E-02,  4.1879138E+05
   55592,  5023,  1.2695340E-02,  1.3595351E+06
   55593,  5023,  1.2794468E-02,  1.3595351E+06
   55599,  5031,  9.9192793E-03,  3.0224584E+05
   55600,  5031,  6.4486951E-02,  3.0224584E+05
   55601,  5031,  5.2899424E-02,  3.0224584E+05
   55602,  5026,  7.9912841E-02,  2.7104256E+05
   55605,  5020,  5.6332823E-02,  6.2003856E+05
   55606,  5028,  3.9292946E-02,  3.4229500E+05
   55607,  5028,  1.6530756E-02,  3.4229500E+05
   55609,  5015,  1.7252457E-03,  3.1496147E+05
   55610,  5015,  6.3706800E-02,  3.1496147E+05
   55611,  5015,  6.2934533E-02,  3.1496147E+05
   55612,  5015,  4.5254793E-02,  3.1496147E+05
   55613,  5015,  5.9399128E-02,  3.1496147E+05
   55614,  5015,  5.9344392E-02,  3.1496147E+05
   55615,  5015,  2.8389327E-02,  3.1496147E+05
   55621, 19005,  3.4967586E-02,  5.9594950E+05
   55622, 19005,  7.5742140E-02,  5.9594950E+05
   55817,  3002,  3.4496060E-03,  1.6202756E+06
   55818,  3002,  3.2516979E-03,  1.6202756E+06
   55827,  3002,  3.8385445E-03,  1.6202756E+06
   55828,  3002,  1.3489082E-02,  1.6202756E+06
   55833,  3002,  2.6720564E-04,  1.6202756E+06
   55834,  3002,  1.2789183E-02,  1.6202756E+06
   55835,  3002,  1.1954750E-02,  1.6202756E+06
   55836,  3002,  1.4259609E-03,  1.6202756E+06
   55859, 26029,  2.3082694E-02,  8.0487525E+05
   55860, 26029,  3.4666152E-03,  8.0487525E+05
   55861, 26012,  2.6663266E-02,  2.3709842E+05
   55862, 26012,  2.2223163E-01,  2.3709842E+05
   55863, 26018,  5.3215221E-02,  7.3233050E+05
   55864, 26018,  7.7193141E-02,  7.3233050E+05
   55865, 26018,  1.2785542E-02,  7.3233050E+05
   55871, 26049,  7.3227659E-02,  2.7422659E+05
   55887,  8009,  1.4090856E-02,  4.0512775E+05
   55888,  8009,  4.9263228E-02,  4.0512775E+05
   55889,  8009,  3.3500984E-02,  4.0512775E+05
   55890,  8027,  1.9583836E-02,  5.6290894E+05
   55891,  8009,  3.6848661E-02,  4.0512775E+05
   55892,  8009,  1.5495557E-02,  4.0512775E+05
   55900,  8061,  7.9234809E-02,  2.6356059E+05
   55904,  8061,  3.9529447E-03,  2.6356059E+05
   55906,  8067,  1.4288983E-01,  2.1123570E+05
   55915,  8011,  9.2207119E-03,  8.3284806E+05
   55916,  8011,  7.1146801E-02,  8.3284806E+05
   55918,  8011,  2.2432904E-03,  8.3284806E+05
   55919,  8011,  2.8424768E-02,  8.3284806E+05
   55920,  8011,  2.5735332E-03,  8.3284806E+05
   55932,  5034,  5.8800310E-02,  4.1879138E+05
   55933,  5034,  1.9809240E-04,  4.1879138E+05
   55945,  5023,  1.4743811E-02,  1.3595351E+06
   55953,  5031,  5.4951884E-02,  3.0224584E+05
   55954,  5031,  3.3903211E-02,  3.0224584E+05
   55957,  5020,  3.0642832E-02,  6.2003856E+05
   55958,  5020,  1.1340825E-02,  6.2003856E+05
   55960,  5028,  5.5333238E-02,  3.4229500E+05
   55961,  5028,  5.2923791E-02,  3.4229500E+05
   55962,  5015,  5.9484813E-02,  3.1496147E+05
   55963,  5015,  4.3902673E-02,  3.1496147E+05
   55964,  5015,  6.4175069E-02,  3.1496147E+05
   55965,  5015,  1.7419927E-02,  3.1496147E+05
   55973,  5013,  9.2299275E-02,  8.9152703E+04
   55974,  5013,  2.3780112E-01,  8.9152703E+04
   56171,  3002,  8.4252069E-03,  1.6202756E+06
   56172,  3002,  5.5772671E-03,  1.6202756E+06
   56173,  3002,  5.2910666E-03,  1.6202756E+06
   56180,  3002,  1.6604003E-02,  1.6202756E+06
   56181,  3002,  1.3310635E-02,  1.6202756E+06
   56182,  3002,  1.7456142E-03,  1.6202756E+06
   56211, 26029,  1.9745773E-02,  8.0487525E+05
   56212, 26029,  2.7498843E-02,  8.0487525E+05
   56213, 26029,  8.2360424E-02,  8.0487525E+05
   56214, 26029,  3.8393322E-02,  8.0487525E+05
   56216, 26018,  1.0503536E-02,  7.3233050E+05
   56217, 26018,  2.5434418E-02,  7.3233050E+05
   56224, 26051,  5.3802650E-02,  3.7355128E+05
   56241,  8009,  1.4038377E-02,  4.0512775E+05
   56242,  8009,  7.3908150E-02,  4.0512775E+05
   56243,  8009,  6.5514021E-02,  4.0512775E+05
   56244,  8009,  4.0399104E-02,  4.0512775E+05
   56253,  8057,  1.8568097E-01,  1.0579433E+05
   56258,  8061,  6.2059648E-02,  2.6356059E+05
   56259,  8061,  1.7596316E-02,  2.6356059E+05
   56263,  8062,  5.8856629E-02,  3.0425872E+05
   56264,  8062,  6.9901891E-02,  3.0425872E+05
   56265,  8062,  7.5188614E-03,  3.0425872E+05
   56268,  8016,  1.9197679E-01,  1.2810015E+05
   56269,  8016,  3.6730820E-01,  1.2810015E+05
   56273,  8011,  2.5808692E-02,  8.3284806E+05
   56274,  8011,  7.5942501E-03,  8.3284806E+05
   56282,  5034,  6.2657287E-03,  4.1879138E+05
   56283,  5034,  1.5094305E-02,  4.1879138E+05
   56286,  5034,  6.9619335E-02,  4.1879138E+05
   56292,  5023,  1.2129963E-02,  1.3595351E+06
   56293,  5023,  1.1486937E-02,  1.3595351E+06
   56295,  5023,  6.9735860E-03,  1.3595351E+06
   56296,  5023,  1.1179356E-02,  1.3595351E+06
   56297,  5023,  6.9681779E-03,  1.3595351E+06
   56298,  5023,  8.8070696E-03,  1.3595351E+06
   56308,  5020,  7.0687854E-03,  6.2003856E+05
   56309,  5020,  6.2497266E-02,  6.2003856E+05
   56310,  5020,  6.5702513E-02,  6.2003856E+05
   56313,  5028,  1.7735773E-01,  3.4229500E+05
   56314,  5015,  8.5048795E-02,  3.1496147E+05
   56315,  5015,  6.4082108E-02,  3.1496147E+05
   56316,  5015,  2.0337353E-02,  3.1496147E+05
   56326,  5013,  2.2340864E-01,  8.9152703E+04
   56522,  3002,  4.5070597E-03,  1.6202756E+06
   56523,  3002,  6.0531520E-03,  1.6202756E+06
   56524,  3002,  3.2639152E-03,  1.6202756E+06
   56526,  3002,  4.3243918E-04,  1.6202756E+06
   56527,  3002,  5.7947580E-03,  1.6202756E+06
   56528,  3002,  5.7870285E-03,  1.6202756E+06
   56529,  3002,  1.0078594E-02,  1.6202756E+06
   56530,  3002,  3.9716181E-03,  1.6202756E+06
   56532,  3002,  3.1546105E-03,  1.6202756E+06
   56533,  3002,  8.9982897E-03,  1.6202756E+06
   56535,  3002,  1.4844137E-02,  1.6202756E+06
   56536,  3002,  7.5270873E-03,  1.6202756E+06
   56565, 26029,  6.2020980E-02,  8.0487525E+05
   56570, 26018,  3.8798206E-02,  7.3233050E+05
   56571, 26018,  2.5450988E-02,  7.3233050E+05
   56572, 26018,  2.7179949E-02,  7.3233050E+05
   56573, 26049,  6.5979466E-02,  2.7422659E+05
   56574, 26049,  7.2526008E-02,  2.7422659E+05
   56575, 26049,  1.0013396E-02,  2.7422659E+05
   56576, 26051,  3.8165074E-02,  3.7355128E+05
   56577, 26051,  4.8326503E-02,  3.7355128E+05
   56587,  8066,  2.0234495E-02,  8.7939727E+04
   56588,  8066,  5.8681611E-03,  8.7939727E+04
   56591,  8041,  6.3281588E-02,  4.6905621E+04
   56595,  8009,  6.3908674E-02,  4.0512775E+05
   56596,  8009,  5.2039057E-02,  4.0512775E+05
   56597,  8009,  5.8666259E-02,  4.0512775E+05
   56598,  8009,  2.5771191E-02,  4.0512775E+05
   56600,  8012,  1.5225788E-02,  1.0815673E+05
   56601,  8012,  1.3715492E-01,  1.0815673E+05
   56604,  8057,  1.1411670E-01,  1.0579433E+05
   56605,  8057,  2.1749251E-01,  1.0579433E+05
   56606,  8057,  2.2648039E-01,  1.0579433E+05
   56611,  8061,  8.8435948E-02,  2.6356059E+05
   56618,  8062,  1.1640801E-01,  3.0425872E+05
   56619,  8062,  7.0371285E-02,  3.0425872E+05
   56620,  8062,  2.9465325E-02,  3.0425872E+05
   56621,  8016,  5.7069784E-01,  1.2810015E+05
   56622,  8016,  7.0305280E-03,  1.2810015E+05
   56627,  8011,  2.2023726E-02,  8.3284806E+05
   56628,  8011,  7.1450374E-03,  8.3284806E+05
   56636,  5034,  2.4518618E-02,  4.1879138E+05
   56639,  5023,  1.2095816E-02,  1.3595351E+06
   56640,  5023,  1.3354381E-02,  1.3595351E+06
   56641,  5023,  1.2482869E-02,  1.3595351E+06
   56644,  5023,  1.5577788E-02,  1.3595351E+06
   56645,  5023,  3.1754368E-03,  1.3595351E+06
   56646,  5023,  9.4347363E-03,  1.3595351E+06
   56647,  5023,  1.8937627E-02,  1.3595351E+06
   56648,  5023,  1.1402276E-02,  1.3595351E+06
   56649,  5023,  1.2300773E-02,  1.3595351E+06
   56650,  5023,  1.9793198E-02,  1.3595351E+06
   56661,  5020,  3.3717968E-02,  6.2003856E+05
   56662,  5020,  1.1649529E-03,  6.2003856E+05
   56663,  5032,  1.8644603E-01,  1.1506524E+05
   56664,  5032,  3.2403642E-01,  1.1506524E+05
   56665,  5032,  4.7514424E-01,  1.1506524E+05
   56666,  5028,  1.4851774E-02,  3.4229500E+05
   56678,  5013,  9.3700804E-02,  8.9152703E+04
   56679,  5013,  1.4411275E-01,  8.9152703E+04
   56872,  3002,  4.6653114E-03,  1.6202756E+06
   56873,  3002,  5.6949104E-03,  1.6202756E+06
   56874,  3002,  6.2878141E-03,  1.6202756E+06
   56875,  3002,  1.7903253E-03,  1.6202756E+06
   56883,  3002,  8.4239915E-03,  1.6202756E+06
   56884,  3002,  1.4205116E-02,  1.6202756E+06
   56885,  3002,  1.8303685E-02,  1.6202756E+06
   56917, 26029,  3.9093107E-02,  8.0487525E+05
   56918, 26029,  1.1676880E-02,  8.0487525E+05
   56923, 26018,  2.0420654E-02,  7.3233050E+05
   56928, 26051,  5.4338057E-02,  3.7355128E+05
   56929, 26051,  1.0578589E-01,  3.7355128E+05
   56940,  8066,  1.3530389E-02,  8.7939727E+04
   56941,  8066,  4.6000081E-01,  8.7939727E+04
   56942,  8066,  1.5902649E-01,  8.7939727E+04
   56944,  8041,  2.2953261E-01,  4.6905621E+04
   56945,  8041,  4.0869796E-01,  4.6905621E+04
   56947,  8009,  1.0200082E-02,  4.0512775E+05
   56948,  8009,  4.6960481E-02,  4.0512775E+05
   56950,  8012,  1.4345312E-01,  1.0815673E+05
   56951,  8009,  8.3035514E-02,  4.0512775E+05
   56952,  8012,  1.9110624E-01,  1.0815673E+05
   56953,  8012,  1.9357225E-01,  1.0815673E+05
   56954,  8012,  1.6027348E-01,  1.0815673E+05
   56955,  8012,  2.4272108E-02,  1.0815673E+05
   56958,  8057,  4.0177241E-02,  1.0579433E+05
   56959,  8057,  1.9195695E-01,  1.0579433E+05
   56961,  8061,  6.2245075E-02,  2.6356059E+05
   56962,  8061,  9.2356235E-02,  2.6356059E+05
   56963,  8061,  7.3025979E-02,  2.6356059E+05
   56964,  8061,  1.1750993E-01,  2.6356059E+05
   56965,  8061,  4.1679442E-02,  2.6356059E+05
   56971,  8062,  5.9361450E-02,  3.0425872E+05
   56973,  8062,  1.1456305E-01,  3.0425872E+05
   56974,  8062,  1.6700797E-01,  3.0425872E+05
   56981,  8011,  4.0597118E-02,  8.3284806E+05
   56982,  8011,  2.4620637E-02,  8.3284806E+05
   56983,  8011,  2.4445723E-03,  8.3284806E+05
   56989,  5034,  1.4528219E-02,  4.1879138E+05
   56990,  5034,  2.7096584E-02,  4.1879138E+05
   56992,  5034,  2.4892606E-02,  4.1879138E+05
   56993,  5023,  1.2852295E-04,  1.3595351E+06
   56994,  5023,  8.7261444E-04,  1.3595351E+06
   56995,  5023,  1.8236563E-02,  1.3595351E+06
   56996,  5023,  1.6197136E-02,  1.3595351E+06
   56997,  5023,  3.9431462E-03,  1.3595351E+06
   57000,  5023,  2.9864658E-03,  1.3595351E+06
   57001,  5023,  1.5087076E-02,  1.3595351E+06
   57002,  5023,  7.4026338E-03,  1.3595351E+06
   57012,  5020,  6.5294810E-04,  6.2003856E+05
   57013,  5020,  1.8962097E-04,  6.2003856E+05
   57014,  5020,  3.1958394E-02,  6.2003856E+05
   57016,  5032,  1.0223727E-01,  1.1506524E+05
   57017,  5032,  1.5274593E-01,  1.1506524E+05
   57018,  5028,  6.5000489E-02,  3.4229500E+05
   57019,  5028,  2.4096968E-02,  3.4229500E+05
   57030,  5013,  1.0786088E-02,  8.9152703E+04
   57031,  5013,  2.4995399E-01,  8.9152703E+04
   57224,  3002,  1.2850689E-03,  1.6202756E+06
   57225,  3002,  5.6831562E-03,  1.6202756E+06
   57237,  3002,  3.9170096E-03,  1.6202756E+06
   57238,  3002,  1.0968998E-02,  1.6202756E+06
   57269, 26029,  2.5147911E-02,  8.0487525E+05
   57270, 26029,  4.3237217E-02,  8.0487525E+05
   57281, 26051,  3.5182305E-03,  3.7355128E+05
   57282, 26051,  6.2505879E-02,  3.7355128E+05
   57283, 26051,  7.8898907E-02,  3.7355128E+05
   57295,  8066,  3.3224449E-01,  8.7939727E+04
   57298,  8051,  6.1828874E-02,  2.6943956E+05
   57299,  8009,  6.0512066E-02,  4.0512775E+05
   57300,  8009,  2.0067049E-02,  4.0512775E+05
   57301,  8009,  8.1131876E-02,  4.0512775E+05
   57302,  8009,  5.2755903E-02,  4.0512775E+05
   57303,  8012,  1.7726061E-01,  1.0815673E+05
   57308,  8012,  1.9028497E-01,  1.0815673E+05
   57310,  8057,  4.3899524E-03,  1.0579433E+05
   57312,  8057,  1.3440199E-01,  1.0579433E+05
   57313,  8022,  2.0259476E-01,  1.2685468E+05
   57314,  8061,  3.5820723E-02,  2.6356059E+05
   57316,  8061,  1.4075758E-02,  2.6356059E+05
   57317,  8061,  9.8848507E-02,  2.6356059E+05
   57324,  8021,  8.2054868E-02,  2.2269644E+05
   57325,  8021,  3.9992180E-02,  2.2269644E+05
   57326,  8062,  1.9271934E-01,  3.0425872E+05
   57327,  8062,  8.0354419E-03,  3.0425872E+05
   57334,  8011,  2.2084270E-02,  8.3284806E+05
   57336,  8011,  2.1940921E-02,  8.3284806E+05
   57337,  8011,  2.2870356E-02,  8.3284806E+05
   57338,  8011,  2.1795679E-02,  8.3284806E+05
   57339,  8011,  2.1612933E-02,  8.3284806E+05
   57340,  8011,  2.2412527E-02,  8.3284806E+05
   57341,  8011,  2.3759054E-02,  8.3284806E+05
   57342,  5034,  3.4491453E-02,  4.1879138E+05
   57344,  5034,  2.1948775E-02,  4.1879138E+05
   57348,  5023,  1.0246777E-02,  1.3595351E+06
   57349,  5023,  8.5529424E-03,  1.3595351E+06
   57353,  5023,  1.4509516E-02,  1.3595351E+06
   57366,  5020,  1.3982502E-02,  6.2003856E+05
   57367,  5020,  1.7940365E-02,  6.2003856E+05
   57370,  5028,  2.3714799E-02,  3.4229500E+05
   57371,  5028,  5.8563419E-02,  3.4229500E+05
   57372,  5028,  5.5489179E-02,  3.4229500E+05
   57382,  5012,  4.6834219E-02,  2.2874830E+05
   57383,  5012,  8.7326512E-02,  2.2874830E+05
   57575,  3002,  1.2663618E-03,  1.6202756E+06
   57576,  3002,  4.8463508E-03,  1.6202756E+06
   57577,  3002,  6.1528394E-03,  1.6202756E+06
   57588,  3002,  7.7649642E-04,  1.6202756E+06
   57589,  3002,  1.2746680E-02,  1.6202756E+06
   57590,  3002,  9.0185348E-03,  1.6202756E+06
   57617, 26029,  3.1531245E-02,  8.0487525E+05
   57618, 26029,  6.3649662E-02,  8.0487525E+05
   57619, 26025,  1.0178011E-01,  2.3332997E+05
   57620, 26025,  2.4600749E-01,  2.3332997E+05
   57621, 26025,  1.8213107E-01,  2.3332997E+05
   57622, 26029,  2.5618650E-02,  8.0487525E+05
   57634, 26051,  4.2762779E-02,  3.7355128E+05
   57635, 26051,  1.5603891E-02,  3.7355128E+05
   57636, 26051,  5.1570833E-02,  3.7355128E+05
   57648,  8066,  3.0440646E-01,  8.7939727E+04
   57649,  8051,  2.1513145E-02,  2.6943956E+05
   57650,  8051,  4.5341432E-02,  2.6943956E+05
   57651,  8031,  4.6887469E-02,  3.2569981E+05
   57652,  8009,  2.1007054E-02,  4.0512775E+05
   57654,  8031,  3.5800464E-02,  3.2569981E+05
   57655,  8031,  6.1575867E-02,  3.2569981E+05
   57661,  8018,  2.1263817E-01,  8.9615289E+04
   57666,  8022,  1.5749682E-01,  1.2685468E+05
   57667,  8022,  4.6892356E-02,  1.2685468E+05
   57668,  8022,  1.0718226E-02,  1.2685468E+05
   57669,  8061,  7.0496008E-02,  2.6356059E+05
   57670,  8019,  1.7661234E-02,  1.0066269E+06
   57676,  8055,  2.4773578E-01,  1.1016675E+05
   57677,  8021,  1.8816122E-01,  2.2269644E+05
   57678,  8021,  2.5773790E-01,  2.2269644E+05
   57679,  8062,  7.2210014E-02,  3.0425872E+05
   57687,  8011,  2.2122841E-02,  8.3284806E+05
   57697,  5034,  3.4203071E-02,  4.1879138E+05
   57698,  5034,  1.1180255E-02,  4.1879138E+05
   57701,  5023,  1.3246923E-02,  1.3595351E+06
   57706,  5023,  1.4511015E-02,  1.3595351E+06
   57720,  5020,  3.1081144E-02,  6.2003856E+05
   57723,  5028,  4.5188431E-02,  3.4229500E+05
   57725,  5028,  6.1345626E-02,  3.4229500E+05
   57726,  5028,  2.5207130E-02,  3.4229500E+05
   57729,  5037,  2.4376424E-02,  5.7023641E+04
   57730,  5012,  8.1819095E-02,  2.2874830E+05
   57731,  5012,  1.6581962E-02,  2.2874830E+05
   57734,  5012,  3.2265943E-02,  2.2874830E+05
   57735,  5012,  6.9658637E-02,  2.2874830E+05
   57927,  3002,  7.3864753E-03,  1.6202756E+06
   57928,  3002,  5.8579482E-03,  1.6202756E+06
   57929,  3002,  1.5653757E-03,  1.6202756E+06
   57940,  3002,  1.4137022E-02,  1.6202756E+06
   57941,  3002,  1.2898430E-02,  1.6202756E+06
   57970, 26029,  6.6953474E-03,  8.0487525E+05
   57971, 26029,  8.9910299E-02,  8.0487525E+05
   57972, 26029,  5.1136367E-02,  8.0487525E+05
   57973, 26025,  1.8575396E-01,  2.3332997E+05
   57974, 26025,  1.3313867E-01,  2.3332997E+05
   57975, 26025,  1.2478398E-02,  2.3332997E+05
   57988, 26051,  8.8661924E-02,  3.7355128E+05
   57989, 26051,  6.7188375E-02,  3.7355128E+05
   57996,  8047,  1.7563807E-02,  1.0083712E+05
   57997,  8047,  3.4461072E-01,  1.0083712E+05
   57998,  8047,  1.9596742E-01,  1.0083712E+05
   57999,  8051,  3.3383898E-04,  2.6943956E+05
   58000,  8051,  2.6629722E-02,  2.6943956E+05
   58001,  8051,  3.6276549E-02,  2.6943956E+05
   58002,  8051,  9.1567099E-02,  2.6943956E+05
   58003,  8051,  9.7497348E-03,  2.6943956E+05
   58008,  8031,  4.8536677E-03,  3.2569981E+05
   58009,  8031,  6.7611650E-02,  3.2569981E+05
   58014,  8018,  2.6743892E-01,  8.9615289E+04
   58019,  8026,  7.8594573E-03,  1.3698178E+05
   58020,  8026,  1.6070037E-01,  1.3698178E+05
   58022,  8024,  1.1854821E-01,  1.5985286E+05
   58023,  8019,  1.0215179E-02,  1.0066269E+06
   58030,  8055,  2.8653830E-01,  1.1016675E+05
   58031,  8021,  3.9879197E-01,  2.2269644E+05
   58032,  8021,  1.4821005E-01,  2.2269644E+05
   58040,  8011,  2.3744650E-02,  8.3284806E+05
   58050,  5034,  4.1135516E-02,  4.1879138E+05
   58051,  5034,  3.4129824E-03,  4.1879138E+05
   58054,  5023,  1.3294630E-02,  1.3595351E+06
   58059,  5023,  1.3481658E-02,  1.3595351E+06
   58072,  5020,  1.5352448E-02,  6.2003856E+05
   58073,  5020,  1.9395329E-02,  6.2003856E+05
   58078,  5028,  2.8271934E-03,  3.4229500E+05
   58079,  5003,  3.7318534E-01,  6.0139316E+04
   58080,  5003,  1.3966538E-01,  6.0139316E+04
   58081,  5037,  1.2235187E-02,  5.7023641E+04
   58082,  5037,  4.6526298E-01,  5.7023641E+04
   58083,  5037,  3.8224545E-03,  5.7023641E+04
   58084,  5012,  6.6323258E-02,  2.2874830E+05
   58085,  5012,  9.1723569E-02,  2.2874830E+05
   58086,  5012,  5.0491057E-02,  2.2874830E+05
   58087,  5012,  9.8717310E-02,  2.2874830E+05
   58279,  3002,  6.1266860E-03,  1.6202756E+06
   58280,  3002,  1.3918552E-03,  1.6202756E+06
   58291,  3002,  5.9872982E-03,  1.6202756E+06
   58292,  3002,  1.3156088E-02,  1.6202756E+06
   58293,  3002,  1.4202392E-03,  1.6202756E+06
   58294,  3002,  5.0632944E-03,  1.6202756E+06
   58295,  3002,  6.0153622E-03,  1.6202756E+06
   58296,  3002,  3.3103540E-03,  1.6202756E+06
   58324, 26029,  4.6361487E-02,  8.0487525E+05
   58326, 26025,  3.9919843E-03,  2.3332997E+05
   58327, 26029,  3.7523188E-02,  8.0487525E+05
   58340, 26051,  4.3702360E-02,  3.7355128E+05
   58341, 26051,  3.7659973E-02,  3.7355128E+05
   58342, 26051,  5.1558547E-02,  3.7355128E+05
   58349,  8047,  1.9065776E-01,  1.0083712E+05
   58350,  8047,  8.1478283E-02,  1.0083712E+05
   58351,  8047,  1.3834353E-01,  1.0083712E+05
   58352,  8051,  1.2328544E-01,  2.6943956E+05
   58353,  8051,  1.3961142E-01,  2.6943956E+05
   58354,  8051,  8.9854322E-02,  2.6943956E+05
   58355,  8051,  5.6347255E-02,  2.6943956E+05
   58362,  8031,  6.2090911E-02,  3.2569981E+05
   58367,  8018,  8.2881823E-02,  8.9615289E+04
   58368,  8018,  2.1953958E-01,  8.9615289E+04
   58369,  8018,  4.7630548E-02,  8.9615289E+04
   58370,  8026,  1.2568040E-02,  1.3698178E+05
   58371,  8026,  7.5928226E-02,  1.3698178E+05
   58372,  8026,  2.9984215E-01,  1.3698178E+05
   58373,  8026,  1.9555932E-01,  1.3698178E+05
   58375,  8024,  1.1579739E-01,  1.5985286E+05
   58376,  8019,  9.8798126E-03,  1.0066269E+06
   58383,  8045,  2.6520506E-01,  1.8517256E+05
   58384,  8045,  1.5623552E-01,  1.8517256E+05
   58385,  8045,  2.7789444E-02,  1.8517256E+05
   58393,  8011,  1.2187253E-02,  8.3284806E+05
   58394,  8011,  1.4676385E-02,  8.3284806E+05
   58404,  5034,  3.5764258E-02,  4.1879138E+05
   58407,  5023,  1.3323698E-02,  1.3595351E+06
   58411,  5023,  7.4524470E-03,  1.3595351E+06
   58412,  5023,  7.3120850E-03,  1.3595351E+06
   58425,  5020,  3.2609109E-02,  6.2003856E+05
   58433,  5003,  1.9127341E-01,  6.0139316E+04
   58434,  5003,  8.1723076E-01,  6.0139316E+04
   58435,  5003,  2.8303844E-01,  6.0139316E+04
   58438,  5012,  8.5482791E-02,  2.2874830E+05
   58439,  5012,  1.7936507E-01,  2.2874830E+05
   58643,  3002,  4.5274366E-03,  1.6202756E+06
   58644,  2001,  6.9284616E-03,  3.4392658E+06
   58649,  3002,  2.6798456E-03,  1.6202756E+06
   58650,  2001,  2.3449440E-03,  3.4392658E+06
   58676, 26029,  1.6616058E-02,  8.0487525E+05
   58677, 26029,  3.1735078E-02,  8.0487525E+05
   58680, 26029,  3.3886950E-02,  8.0487525E+05
   58693, 26051,  6.4442962E-02,  3.7355128E+05
   58695, 26051,  5.7767089E-02,  3.7355128E+05
   58702,  8047,  2.0043699E-01,  1.0083712E+05
   58706,  8051,  9.9909432E-02,  2.6943956E+05
   58715,  8031,  6.1161019E-02,  3.2569981E+05
   58721,  8017,  6.6721678E-02,  3.0341169E+05
   58722,  8018,  1.3631104E-01,  8.9615289E+04
   58723,  8026,  3.7210763E-01,  1.3698178E+05
   58724,  8026,  2.7230904E-01,  1.3698178E+05
   58725,  8026,  1.9383049E-01,  1.3698178E+05
   58726,  8024,  8.5515022E-02,  1.5985286E+05
   58727,  8024,  2.4510339E-01,  1.5985286E+05
   58728,  8024,  3.5996038E-01,  1.5985286E+05
   58729,  8019,  6.7192349E-03,  1.0066269E+06
   58735,  8045,  3.2844827E-01,  1.8517256E+05
   58736,  8045,  1.1451379E-01,  1.8517256E+05
   58737,  8038,  5.1190990E-01,  7.1845312E+04
   58738,  8038,  2.9207880E-02,  7.1845312E+04
   58747,  8011,  2.3844659E-02,  8.3284806E+05
   58760,  5023,  1.4143031E-02,  1.3595351E+06
   58764,  5023,  1.3385169E-02,  1.3595351E+06
   58777,  5020,  9.3539478E-03,  6.2003856E+05
   58778,  5020,  2.5518244E-02,  6.2003856E+05
   58786,  5019,  1.5932997E-01,  8.1503984E+04
   58787,  5019,  7.1744788E-01,  8.1503984E+04
   58788,  5022,  1.9677994E-01,  2.0656622E+05
   58789,  5022,  7.0147067E-02,  2.0656622E+05
   58790,  5022,  9.7160079E-02,  2.0656622E+05
   58791,  5022,  2.8688841E-02,  2.0656622E+05
   58792,  5012,  6.4156510E-02,  2.2874830E+05
   58997,  2001,  5.7602837E-03,  3.4392658E+06
   59029, 26029,  4.6433747E-02,  8.0487525E+05
   59033, 26029,  2.2587372E-02,  8.0487525E+05
   59034, 26029,  9.7411564E-03,  8.0487525E+05
   59045, 26051,  1.4072887E-02,  3.7355128E+05
   59046, 26051,  5.4729477E-02,  3.7355128E+05
   59048, 26069,  2.5327833E-02,  4.4126306E+05
   59049, 26069,  3.1965073E-02,  4.4126306E+05
   59050, 26069,  1.4354848E-02,  4.4126306E+05
   59051, 26069,  1.0218939E-01,  4.4126306E+05
   59052, 26069,  4.9841080E-02,  4.4126306E+05
   59053, 26069,  7.1124189E-02,  4.4126306E+05
   59054, 26069,  7.8765191E-02,  4.4126306E+05
   59055, 26069,  8.5587084E-02,  4.4126306E+05
   59056, 26069,  3.1494096E-02,  4.4126306E+05
   59058,  8063,  3.8530670E-02,  1.7327331E+05
   59059,  8063,  1.3762672E-01,  1.7327331E+05
   59067,  8031,  6.1844613E-02,  3.2569981E+05
   59068,  8031,  1.0086765E-01,  3.2569981E+05
   59069,  8031,  8.6195394E-03,  3.2569981E+05
   59070,  8031,  1.7590018E-02,  3.2569981E+05
   59071,  8031,  5.8831386E-02,  3.2569981E+05
   59072,  8031,  6.9615602E-02,  3.2569981E+05
   59073,  8031,  5.8542211E-02,  3.2569981E+05
   59074,  8017,  7.0415452E-02,  3.0341169E+05
   59075,  8017,  1.6608453E-01,  3.0341169E+05
   59076,  8017,  9.5165208E-02,  3.0341169E+05
   59079,  8024,  1.3081466E-01,  1.5985286E+05
   59081,  8019,  1.0259002E-02,  1.0066269E+06
   59082,  8019,  3.8288597E-02,  1.0066269E+06
   59085,  8019,  1.2964549E-02,  1.0066269E+06
   59086,  8004,  5.3405946E-01,  7.4453680E+04
   59087,  8055,  3.8240969E-01,  1.1016675E+05
   59088,  8055,  2.3430353E-04,  1.1016675E+05
   59091,  8038,  1.0428561E-01,  7.1845312E+04
   59092,  8038,  1.3445051E-01,  7.1845312E+04
   59093,  8038,  1.2674299E-01,  7.1845312E+04
   59094,  8038,  1.4438437E-03,  7.1845312E+04
   59095,  8038,  7.3930539E-02,  7.1845312E+04
   59100,  8011,  7.4105402E-03,  8.3284806E+05
   59101,  8011,  1.5345944E-02,  8.3284806E+05
   59113,  5023,  5.8881060E-04,  1.3595351E+06
   59114,  5023,  1.4448133E-02,  1.3595351E+06
   59117,  5023,  1.5025370E-02,  1.3595351E+06
   59120,  5023,  2.5702941E-05,  1.3595351E+06
   59128,  5020,  2.2304859E-02,  6.2003856E+05
   59129,  5020,  3.2898139E-02,  6.2003856E+05
   59130,  5020,  5.1149592E-02,  6.2003856E+05
   59131,  5020,  5.3081699E-02,  6.2003856E+05
   59132,  5038,  1.0689501E-01,  2.9544434E+05
   59133,  5038,  3.5423844E-03,  2.9544434E+05
   59137,  5038,  2.6294141E-04,  2.9544434E+05
   59138,  5038,  3.1807800E-03,  2.9544434E+05
   59139,  5038,  1.3109753E-01,  2.9544434E+05
   59141,  5022,  1.0894562E-01,  2.0656622E+05
   59142,  5022,  7.7775024E-02,  2.0656622E+05
   59144,  5012,  9.0391546E-02,  2.2874830E+05
   59337,  2001,  1.7724346E-03,  3.4392658E+06
   59350,  2001,  5.2824109E-03,  3.4392658E+06
   59361,  2001,  9.1490010E-04,  3.4392658E+06
   59379, 26030,  7.5682835E-03,  1.8747929E+06
   59380, 26030,  1.0062607E-02,  1.8747929E+06
   59381, 26030,  9.9663474E-03,  1.8747929E+06
   59382, 26029,  5.9907448E-02,  8.0487525E+05
   59387, 26029,  5.5787847E-03,  8.0487525E+05
   59388, 26029,  6.0313735E-03,  8.0487525E+05
   59394, 26062,  2.1028531E-01,  4.2125324E+04
   59395, 26062,  1.4528197E-01,  4.2125324E+04
   59398, 26051,  2.5789721E-02,  3.7355128E+05
   59399, 26051,  3.7777521E-02,  3.7355128E+05
   59401, 26069,  2.6631998E-02,  4.4126306E+05
   59402, 26069,  1.3172904E-01,  4.4126306E+05
   59403, 26069,  5.1378012E-02,  4.4126306E+05
   59407, 26069,  4.9551050E-03,  4.4126306E+05
   59408, 26069,  7.6868297E-03,  4.4126306E+05
   59409, 26069,  4.1300751E-02,  4.4126306E+05
   59410,  8063,  1.7156672E-01,  1.7327331E+05
   59411,  8063,  1.0450641E-01,  1.7327331E+05
   59421,  8031,  3.3031829E-02,  3.2569981E+05
   59422,  8031,  6.6153899E-02,  3.2569981E+05
   59423,  8031,  8.3082810E-02,  3.2569981E+05
   59424,  8031,  7.4815187E-03,  3.2569981E+05
   59429,  8017,  5.9472114E-02,  3.0341169E+05
   59430,  8054,  9.3424685E-02,  1.9992438E+05
   59431,  8054,  1.8182997E-01,  1.9992438E+05
   59432,  8054,  8.7694958E-02,  1.9992438E+05
   59435,  8019,  4.0761024E-02,  1.0066269E+06
   59436,  8019,  3.3382631E-03,  1.0066269E+06
   59437,  8004,  1.2429419E-01,  7.4453680E+04
   59438,  8004,  5.2070343E-01,  7.4453680E+04
   59446,  8038,  8.6984597E-03,  7.1845312E+04
   59447,  8038,  1.2551254E-01,  7.1845312E+04
   59454,  8011,  2.1616861E-02,  8.3284806E+05
   59467,  5023,  1.4816548E-02,  1.3595351E+06
   59468,  5023,  7.6502492E-03,  1.3595351E+06
   59469,  5023,  8.7310374E-03,  1.3595351E+06
   59470,  5023,  2.1311291E-02,  1.3595351E+06
   59479,  5020,  3.0759647E-02,  6.2003856E+05
   59480,  5020,  3.2693010E-02,  6.2003856E+05
   59481,  5020,  9.3301851E-03,  6.2003856E+05
   59483,  5038,  3.0006213E-02,  2.9544434E+05
   59484,  5038,  4.0845979E-02,  2.9544434E+05
   59491,  5038,  2.6844598E-02,  2.9544434E+05
   59492,  5038,  9.0124369E-02,  2.9544434E+05
   59495,  5022,  9.5439672E-02,  2.0656622E+05
   59496,  5022,  1.7121470E-01,  2.0656622E+05
   59497,  5022,  5.4882523E-02,  2.0656622E+05
   59690,  2001,  3.3358636E-04,  3.4392658E+06
   59703,  2001,  5.2651861E-03,  3.4392658E+06
   59714,  2001,  1.6688667E-03,  3.4392658E+06
   59715,  2001,  9.4876466E-03,  3.4392658E+06
   59732, 26030,  1.0542594E-02,  1.8747929E+06
   59735, 26030,  1.9328639E-02,  1.8747929E+06
   59747, 26062,  4.7090802E-01,  4.2125324E+04
   59752, 26044,  4.0168762E-01,  8.8704578E+04
   59753, 26044,  3.1589234E-01,  8.8704578E+04
   59754, 26069,  3.0509286E-02,  4.4126306E+05
   59755, 26069,  1.0299865E-02,  4.4126306E+05
   59756, 26069,  8.3991334E-02,  4.4126306E+05
   59758, 26069,  2.8914414E-02,  4.4126306E+05
   59773,  8031,  2.8331783E-02,  3.2569981E+05
   59774,  8031,  7.4945532E-02,  3.2569981E+05
   59775,  8031,  8.5391235E-03,  3.2569981E+05
   59777,  8031,  2.5271650E-03,  3.2569981E+05
   59783,  8054,  5.9490718E-02,  1.9992438E+05
   59784,  8054,  7.1908221E-02,  1.9992438E+05
   59789,  8019,  6.5342791E-02,  1.0066269E+06
   59790,  8019,  9.0839326E-02,  1.0066269E+06
   59791,  8004,  2.8348583E-01,  7.4453680E+04
   59792,  8004,  1.8199362E-01,  7.4453680E+04
   59807,  8011,  2.2049218E-02,  8.3284806E+05
   59820,  5023,  2.1827506E-02,  1.3595351E+06
   59821,  5023,  9.6876398E-03,  1.3595351E+06
   59822,  5023,  5.1373430E-03,  1.3595351E+06
   59823,  5023,  4.4490746E-04,  1.3595351E+06
   59829,  5020,  2.1644058E-02,  6.2003856E+05
   59830,  5020,  4.3590374E-02,  6.2003856E+05
   59831,  5020,  4.3471795E-02,  6.2003856E+05
   59832,  5020,  4.8718294E-03,  6.2003856E+05
   59845,  5038,  6.0970742E-02,  2.9544434E+05
   59849,  5025,  3.7984899E-01,  8.6433039E+04
   60055,  2001,  9.6274703E-04,  3.4392658E+06
   60056,  2001,  7.9942085E-03,  3.4392658E+06
   60065,  2001,  1.4704173E-04,  3.4392658E+06
   60066,  2001,  6.9363229E-03,  3.4392658E+06
   60067,  2001,  8.2737394E-03,  3.4392658E+06
   60068,  2001,  5.2631851E-03,  3.4392658E+06
   60084, 26030,  8.4185246E-03,  1.8747929E+06
   60085, 26030,  1.3202329E-03,  1.8747929E+06
   60088, 26030,  2.4471730E-02,  1.8747929E+06
   60089, 26030,  2.6707989E-03,  1.8747929E+06
   60100, 26062,  4.7024110E-01,  4.2125324E+04
   60102, 26054,  4.8808587E-01,  6.4926211E+04
   60103, 26054,  3.6941293E-01,  6.4926211E+04
   60104, 26061,  1.7427327E-01,  2.2682148E+05
   60105, 26061,  1.0042860E-01,  2.2682148E+05
   60109, 26052,  8.9406952E-02,  3.1195666E+05
   60111, 26052,  7.1607269E-02,  3.1195666E+05
   60126,  8031,  6.0466096E-02,  3.2569981E+05
   60136,  8054,  1.2261643E-01,  1.9992438E+05
   60141,  8019,  8.7241624E-03,  1.0066269E+06
   60142,  8019,  4.7020625E-02,  1.0066269E+06
   60143,  8019,  3.0220529E-02,  1.0066269E+06
   60160,  8052,  5.2209105E-02,  3.4487988E+05
   60172,  5023,  4.2139989E-04,  1.3595351E+06
   60173,  5023,  1.0338793E-02,  1.3595351E+06
   60179,  5023,  1.0853359E-02,  1.3595351E+06
   60180,  5020,  3.1743202E-02,  6.2003856E+05
   60181,  5020,  4.0787365E-02,  6.2003856E+05
   60182,  5020,  1.0157215E-02,  6.2003856E+05
   60183,  5020,  3.1519528E-02,  6.2003856E+05
   60196,  5038,  6.3113622E-02,  2.9544434E+05
   60197,  5038,  3.2210879E-02,  2.9544434E+05
   60198,  5038,  8.2760058E-02,  2.9544434E+05
   60201,  5025,  1.2575203E-02,  8.6433039E+04
   60202,  5025,  3.3817622E-01,  8.6433039E+04
   60203,  5025,  1.0309656E-02,  8.6433039E+04
   60409,  2001,  5.3851935E-03,  3.4392658E+06
   60418,  2001,  6.4056953E-03,  3.4392658E+06
   60437, 26030,  1.7363977E-02,  1.8747929E+06
   60438, 26030,  1.2127353E-02,  1.8747929E+06
   60441, 26030,  1.0581750E-02,  1.8747929E+06
   60442, 26030,  9.9555161E-03,  1.8747929E+06
   60450, 26021,  3.0124839E-02,  3.2127966E+05
   60451, 26021,  5.9290409E-02,  3.2127966E+05
   60452, 26021,  5.6048874E-02,  3.2127966E+05
   60453, 26021,  8.3376817E-02,  3.2127966E+05
   60454, 26054,  3.0959287E-01,  6.4926211E+04
   60455, 26054,  1.4565498E-01,  6.4926211E+04
   60457, 26061,  1.0046649E-01,  2.2682148E+05
   60460, 26009,  1.0650287E-01,  1.8614761E+05
   60462, 26052,  1.0165204E-01,  3.1195666E+05
   60464, 26052,  7.1209803E-02,  3.1195666E+05
   60478,  8031,  6.5759316E-02,  3.2569981E+05
   60479,  8031,  2.8542429E-02,  3.2569981E+05
   60482,  8006,  9.4381176E-02,  8.2543344E+04
   60483,  8006,  6.5917224E-02,  8.2543344E+04
   60484,  8017,  5.6940805E-02,  3.0341169E+05
   60485,  8017,  6.1504032E-02,  3.0341169E+05
   60486,  8054,  1.0543495E-01,  1.9992438E+05
   60487,  8054,  4.7542457E-02,  1.9992438E+05
   60488,  8054,  3.8211703E-02,  1.9992438E+05
   60489,  8054,  2.8942231E-02,  1.9992438E+05
   60491,  8019,  5.4951371E-03,  1.0066269E+06
   60494,  8019,  3.7241228E-02,  1.0066269E+06
   60496,  8002,  3.7766512E-02,  2.9424584E+05
   60497,  8002,  3.9751288E-02,  2.9424584E+05
   60513,  8052,  5.2213114E-02,  3.4487988E+05
   60531,  5023,  6.6592372E-03,  1.3595351E+06
   60532,  5023,  8.8529866E-03,  1.3595351E+06
   60536,  5020,  3.3428635E-02,  6.2003856E+05
   60551,  5014,  5.4838225E-02,  3.2850734E+05
   60554,  5025,  2.1503806E-01,  8.6433039E+04
   60762,  2001,  5.5783680E-03,  3.4392658E+06
   60771,  2001,  3.8156670E-03,  3.4392658E+06
   60772,  2001,  2.2743822E-03,  3.4392658E+06
   60790, 26030,  9.6204542E-03,  1.8747929E+06
   60791, 26030,  1.1021681E-02,  1.8747929E+06
   60792, 26030,  2.2467705E-03,  1.8747929E+06
   60795, 26030,  2.0641517E-02,  1.8747929E+06
   60802, 26021,  5.9159666E-02,  3.2127966E+05
   60803, 26021,  5.2621249E-02,  3.2127966E+05
   60809, 26061,  5.6713503E-03,  2.2682148E+05
   60810, 26061,  1.0167548E-01,  2.2682148E+05
   60813, 26009,  1.3057737E-01,  1.8614761E+05
   60815, 26052,  7.8811124E-02,  3.1195666E+05
   60817, 26052,  7.5679503E-02,  3.1195666E+05
   60830,  8043,  3.7196702E-01,  4.7030758E+04
   60831,  8043,  6.5564319E-02,  4.7030758E+04
   60835,  8006,  2.4426547E-01,  8.2543344E+04
   60836,  8017,  6.0930144E-02,  3.0341169E+05
   60837,  8017,  4.7008819E-03,  3.0341169E+05
   60840,  8054,  9.3084887E-02,  1.9992438E+05
   60841,  8054,  2.4723655E-02,  1.9992438E+05
   60844,  8019,  3.6487221E-03,  1.0066269E+06
   60845,  8019,  1.0795318E-02,  1.0066269E+06
   60846,  8019,  1.3334809E-02,  1.0066269E+06
   60847,  8019,  4.1867942E-02,  1.0066269E+06
   60850,  8002,  4.1989107E-02,  2.9424584E+05
   60851,  8002,  6.7745954E-02,  2.9424584E+05
   60852,  8002,  3.1149641E-02,  2.9424584E+05
   60866,  8052,  5.2860633E-02,  3.4487988E+05
   60884,  5023,  1.4750589E-02,  1.3595351E+06
   60888,  5020,  1.8267909E-02,  6.2003856E+05
   60889,  5020,  1.4016406E-02,  6.2003856E+05
   60904,  5014,  5.5045098E-02,  3.2850734E+05
   60907,  5014,  6.6063516E-02,  3.2850734E+05
   61115,  2001,  5.8464585E-03,  3.4392658E+06
   61123,  2001,  2.5119262E-03,  3.4392658E+06
   61124,  2001,  5.9534642E-03,  3.4392658E+06
   61125,  2001,  4.3516057E-03,  3.4392658E+06
   61140, 26030,  7.0834509E-04,  1.8747929E+06
   61143, 26030,  1.6789597E-02,  1.8747929E+06
   61144, 26030,  8.9230221E-03,  1.8747929E+06
   61145, 26030,  1.2219433E-02,  1.8747929E+06
   61148, 26030,  2.0140948E-02,  1.8747929E+06
   61150, 26021,  1.2580104E-02,  3.2127966E+05
   61152, 26021,  1.0378073E-02,  3.2127966E+05
   61153, 26021,  6.5170377E-02,  3.2127966E+05
   61154, 26021,  6.2412661E-02,  3.2127966E+05
   61155, 26021,  7.6781422E-02,  3.2127966E+05
   61162, 26061,  1.1345328E-01,  2.2682148E+05
   61165, 26009,  2.7300540E-02,  1.8614761E+05
   61166, 26009,  1.4212272E-01,  1.8614761E+05
   61168, 26005,  1.7962657E-01,  1.1183426E+05
   61169, 26005,  1.3438587E-01,  1.1183426E+05
   61170, 26005,  1.7565759E-01,  1.1183426E+05
   61178,  8040,  2.6059251E-02,  4.5070794E+05
   61183,  8063,  1.1539771E-01,  1.7327331E+05
   61187,  8006,  1.0113383E-02,  8.2543344E+04
   61188,  8006,  2.3105536E-01,  8.2543344E+04
   61194,  8054,  1.3437414E-01,  1.9992438E+05
   61199,  8019,  4.1098557E-02,  1.0066269E+06
   61200,  8019,  1.0033513E-03,  1.0066269E+06
   61205,  8002,  5.5593498E-02,  2.9424584E+05
   61206,  8002,  3.2238826E-02,  2.9424584E+05
   61209,  8002,  1.0111893E-02,  2.9424584E+05
   61210,  8002,  1.3539084E-02,  2.9424584E+05
   61218,  8052,  4.0788185E-02,  3.4487988E+05
   61219,  8052,  1.2741492E-02,  3.4487988E+05
   61226,  8042,  6.6388756E-02,  7.6918742E+04
   61237,  5023,  9.0916744E-03,  1.3595351E+06
   61241,  5020,  1.4919060E-02,  6.2003856E+05
   61242,  5020,  1.6896438E-02,  6.2003856E+05
   61257,  5014,  6.8400495E-02,  3.2850734E+05
   61258,  5014,  6.0722820E-02,  3.2850734E+05
   61259,  5014,  7.3109403E-02,  3.2850734E+05
   61260,  5014,  6.8934843E-02,  3.2850734E+05
   61468,  2001,  6.4757029E-03,  3.4392658E+06
   61474,  2001,  2.7117834E-03,  3.4392658E+06
   61475,  2001,  5.6802477E-03,  3.4392658E+06
   61476,  2001,  4.1547599E-03,  3.4392658E+06
   61493, 26030,  9.6211517E-03,  1.8747929E+06
   61494, 26030,  1.8468992E-03,  1.8747929E+06
   61495, 26030,  5.5790949E-03,  1.8747929E+06
   61496, 26030,  1.6097702E-02,  1.8747929E+06
   61497, 26030,  5.6447843E-03,  1.8747929E+06
   61498, 26030,  1.1232302E-02,  1.8747929E+06
   61499, 26030,  1.1119774E-02,  1.8747929E+06
   61501, 26030,  1.9417820E-02,  1.8747929E+06
   61503, 26021,  2.9477198E-02,  3.2127966E+05
   61504, 26021,  6.0627975E-02,  3.2127966E+05
   61505, 26021,  5.4054487E-02,  3.2127966E+05
   61508, 26021,  5.1931880E-02,  3.2127966E+05
   61509, 26021,  5.9601597E-02,  3.2127966E+05
   61510, 26021,  1.0145019E-02,  3.2127966E+05
   61512, 26068,  7.0417635E-02,  1.0844263E+05
   61513, 26068,  1.8605411E-01,  1.0844263E+05
   61514, 26061,  1.1630835E-01,  2.2682148E+05
   61515, 26061,  6.1859738E-02,  2.2682148E+05
   61516, 26061,  2.2873875E-02,  2.2682148E+05
   61517, 26009,  2.3918282E-02,  1.8614761E+05
   61518, 26009,  1.3394663E-01,  1.8614761E+05
   61521, 26005,  3.5823920E-01,  1.1183426E+05
   61522, 26005,  1.5229119E-01,  1.1183426E+05
   61531,  8040,  6.5824829E-02,  4.5070794E+05
   61535,  8063,  9.3586326E-02,  1.7327331E+05
   61536,  8063,  2.8103761E-02,  1.7327331E+05
   61539,  8048,  1.3804832E-03,  1.7994612E+05
   61540,  8048,  1.4183328E-01,  1.7994612E+05
   61547,  8054,  9.0043806E-02,  1.9992438E+05
   61552,  8019,  3.0544039E-02,  1.0066269E+06
   61559,  8002,  7.2894126E-02,  2.9424584E+05
   61560,  8002,  1.3454640E-02,  2.9424584E+05
   61561,  8002,  3.1073669E-02,  2.9424584E+05
   61562,  8002,  3.6314901E-02,  2.9424584E+05
   61571,  8052,  5.3518169E-02,  3.4487988E+05
   61578,  8042,  1.4653884E-01,  7.6918742E+04
   61579,  8042,  1.8710858E-01,  7.6918742E+04
   61590,  5023,  3.9133374E-04,  1.3595351E+06
   61594,  5002,  7.1870409E-02,  3.3203728E+05
   61608,  5014,  2.5543908E-02,  3.2850734E+05
   61609,  5014,  9.6223570E-02,  3.2850734E+05
   61610,  5014,  5.8678322E-02,  3.2850734E+05
   61612,  5014,  2.1927124E-02,  3.2850734E+05
   61613,  5014,  4.3693047E-02,  3.2850734E+05
   61820,  2001,  2.4710926E-03,  3.4392658E+06
   61821,  2001,  4.1865101E-03,  3.4392658E+06
   61827,  2001,  6.3500926E-03,  3.4392658E+06
   61843, 26030,  6.1937254E-03,  1.8747929E+06
   61844, 26030,  1.0955455E-02,  1.8747929E+06
   61845, 26030,  9.6151326E-03,  1.8747929E+06
   61846, 26030,  1.9246455E-02,  1.8747929E+06
   61847, 26030,  7.7690161E-03,  1.8747929E+06
   61848, 26030,  7.9373773E-03,  1.8747929E+06
   61849, 26030,  2.2896711E-02,  1.8747929E+06
   61850, 26030,  1.9356972E-02,  1.8747929E+06
   61851, 26030,  1.3781605E-02,  1.8747929E+06
   61852, 26030,  3.5464088E-03,  1.8747929E+06
   61853, 26030,  9.1475686E-03,  1.8747929E+06
   61854, 26030,  5.4952991E-03,  1.8747929E+06
   61855, 26030,  1.4523713E-02,  1.8747929E+06
   61856, 26030,  1.7043544E-02,  1.8747929E+06
   61857, 26021,  7.6359790E-03,  3.2127966E+05
   61862, 26021,  6.6801300E-03,  3.2127966E+05
   61863, 26021,  8.9790449E-02,  3.2127966E+05
   61864, 26037,  2.2578731E-01,  1.0951466E+05
   61865, 26068,  1.2481952E-01,  1.0844263E+05
   61868, 26061,  1.0217424E-01,  2.2682148E+05
   61869, 26061,  1.3698444E-01,  2.2682148E+05
   61870, 26009,  9.9065311E-02,  1.8614761E+05
   61871, 26009,  2.2476360E-01,  1.8614761E+05
   61872, 26052,  7.4890316E-02,  3.1195666E+05
   61873, 26052,  9.8908328E-02,  3.1195666E+05
   61874, 26052,  4.6734452E-02,  3.1195666E+05
   61875, 26052,  4.0141340E-02,  3.1195666E+05
   61876, 26052,  6.4145587E-02,  3.1195666E+05
   61877, 26052,  6.8300217E-02,  3.1195666E+05
   61878, 26052,  8.3939463E-02,  3.1195666E+05
   61884,  8040,  4.6433337E-02,  4.5070794E+05
   61888,  8063,  1.3180998E-01,  1.7327331E+05
   61892,  8048,  1.4043465E-01,  1.7994612E+05
   61893,  8048,  1.2132357E-01,  1.7994612E+05
   61900,  8054,  3.5480481E-02,  1.9992438E+05
   61904,  8019,  2.1681342E-02,  1.0066269E+06
   61905,  8019,  1.4994937E-02,  1.0066269E+06
   61913,  8002,  8.8484943E-02,  2.9424584E+05
   61914,  8002,  3.6582287E-02,  2.9424584E+05
   61915,  8002,  8.3243689E-03,  2.9424584E+05
   61924,  8052,  3.6026686E-02,  3.4487988E+05
   61925,  8052,  2.4731081E-02,  3.4487988E+05
   61930,  8042,  8.2017146E-02,  7.6918742E+04
   61931,  8042,  6.7870162E-02,  7.6918742E+04
   61946,  5002,  8.2788609E-02,  3.3203728E+05
   61947,  5002,  2.3629102E-03,  3.3203728E+05
   61962,  5014,  6.5362252E-02,  3.2850734E+05
   61963,  5014,  1.1415434E-01,  3.2850734E+05
   61964,  5014,  1.5192756E-02,  3.2850734E+05
   61965,  5014,  6.1497554E-02,  3.2850734E+05
   62171,  2001,  2.3523096E-03,  3.4392658E+06
   62173,  2001,  5.4857275E-03,  3.4392658E+06
   62180,  2001,  5.3625647E-03,  3.4392658E+06
   62195, 26030,  4.2484072E-04,  1.8747929E+06
   62196, 26030,  4.3006237E-03,  1.8747929E+06
   62198, 26030,  1.1224791E-03,  1.8747929E+06
   62199, 26030,  1.9328827E-02,  1.8747929E+06
   62200, 26030,  1.5683550E-02,  1.8747929E+06
   62201, 26030,  5.9287790E-03,  1.8747929E+06
   62202, 26030,  9.6192108E-03,  1.8747929E+06
   62204, 26030,  5.3297654E-03,  1.8747929E+06
   62205, 26030,  1.1258904E-02,  1.8747929E+06
   62206, 26030,  7.8368159E-03,  1.8747929E+06
   62207, 26030,  2.1241676E-02,  1.8747929E+06
   62208, 26030,  2.4370287E-02,  1.8747929E+06
   62209, 26030,  1.3076656E-02,  1.8747929E+06
   62210, 26030,  1.0240369E-02,  1.8747929E+06
   62211, 26030,  4.0555117E-03,  1.8747929E+06
   62212, 26066,  9.5831035E-03,  2.1521470E+05
   62213, 26030,  1.0499391E-02,  1.8747929E+06
   62214, 26037,  1.7938772E-01,  1.0951466E+05
   62215, 26037,  1.6892268E-01,  1.0951466E+05
   62216, 26037,  2.1814878E-01,  1.0951466E+05
   62217, 26068,  1.9590753E-01,  1.0844263E+05
   62218, 26068,  5.6879606E-02,  1.0844263E+05
   62226, 26052,  2.9175598E-02,  3.1195666E+05
   62227, 26052,  4.2782109E-02,  3.1195666E+05
   62228, 26052,  6.7824140E-02,  3.1195666E+05
   62229, 26052,  2.0546408E-02,  3.1195666E+05
   62230, 26052,  2.2739384E-02,  3.1195666E+05
   62237,  8040,  2.6873216E-02,  4.5070794E+05
   62238,  8040,  3.9745074E-02,  4.5070794E+05
   62239,  8040,  5.2951900E-03,  4.5070794E+05
   62240,  8063,  3.9138976E-02,  1.7327331E+05
   62241,  8063,  1.2670639E-01,  1.7327331E+05
   62244,  8048,  1.4903505E-01,  1.7994612E+05
   62245,  8048,  4.9618934E-03,  1.7994612E+05
   62246,  8048,  1.1304323E-01,  1.7994612E+05
   62257,  8019,  3.0442283E-02,  1.0066269E+06
   62267,  8002,  8.9276135E-02,  2.9424584E+05
   62268,  8002,  4.7612533E-02,  2.9424584E+05
   62278,  8052,  5.9437778E-02,  3.4487988E+05
   62280,  8042,  8.3873935E-02,  7.6918742E+04
   62281,  8042,  1.3728073E-01,  7.6918742E+04
   62282,  8042,  1.3509065E-01,  7.6918742E+04
   62283,  8042,  7.6902665E-02,  7.6918742E+04
   62299,  5002,  5.9642471E-02,  3.3203728E+05
   62308,  5038,  2.2486399E-03,  2.9544434E+05
   62309,  5038,  7.4165426E-02,  2.9544434E+05
   62310,  5038,  7.0746630E-02,  2.9544434E+05
   62311,  5038,  6.0996160E-02,  2.9544434E+05
   62312,  5038,  6.2542357E-02,  2.9544434E+05
   62313,  5002,  5.4892115E-02,  3.3203728E+05
   62316,  5002,  5.6049876E-02,  3.3203728E+05
   62317,  5002,  4.4702258E-02,  3.3203728E+05
   62523,  2001,  3.8611898E-03,  3.4392658E+06
   62524,  2001,  4.7967164E-03,  3.4392658E+06
   62526,  2001,  6.1677056E-03,  3.4392658E+06
   62532,  2001,  1.2881376E-03,  3.4392658E+06
   62533,  2001,  4.6826433E-03,  3.4392658E+06
   62548, 26030,  6.9927932E-03,  1.8747929E+06
   62552, 26030,  9.9620149E-03,  1.8747929E+06
   62555, 26030,  4.4767694E-03,  1.8747929E+06
   62558, 26030,  6.0997083E-04,  1.8747929E+06
   62559, 26030,  1.2635424E-02,  1.8747929E+06
   62560, 26030,  1.7200876E-02,  1.8747929E+06
   62561, 26030,  4.3395288E-02,  1.8747929E+06
   62562, 26030,  9.6862391E-03,  1.8747929E+06
   62563, 26030,  1.6069486E-03,  1.8747929E+06
   62564, 26030,  5.6047966E-03,  1.8747929E+06
   62565, 26030,  9.6505089E-03,  1.8747929E+06
   62571, 26068,  1.5090834E-01,  1.0844263E+05
   62572, 26068,  4.7756091E-02,  1.0844263E+05
   62591,  8040,  6.0968094E-02,  4.5070794E+05
   62594,  8040,  8.0486849E-02,  4.5070794E+05
   62595,  8063,  1.1637654E-01,  1.7327331E+05
   62596,  8025,  2.5756472E-01,  8.4379500E+04
   62597,  8025,  6.3285835E-02,  8.4379500E+04
   62599,  8048,  1.3841730E-01,  1.7994612E+05
   62600,  8048,  7.8260131E-02,  1.7994612E+05
   62610,  8019,  3.6107142E-02,  1.0066269E+06
   62620,  8002,  7.0086211E-02,  2.9424584E+05
   62621,  8002,  5.1850356E-02,  2.9424584E+05
   62622,  8002,  3.1861588E-02,  2.9424584E+05
   62631,  8052,  3.7882607E-02,  3.4487988E+05
   62632,  8052,  5.7876319E-02,  3.4487988E+05
   62633,  8042,  5.3399082E-02,  7.6918742E+04
   62650,  5002,  1.4563547E-02,  3.3203728E+05
   62651,  5002,  8.4645927E-02,  3.3203728E+05
   62652,  5002,  6.3727284E-03,  3.3203728E+05
   62660,  5002,  7.1317904E-02,  3.3203728E+05
   62661,  5038,  6.2768750E-02,  2.9544434E+05
   62666,  5002,  1.0550968E-02,  3.3203728E+05
   62667,  5002,  6.3146621E-02,  3.3203728E+05
   62668,  5002,  8.4208176E-02,  3.3203728E+05
   62669,  5002,  5.8113113E-02,  3.3203728E+05
   62875,  2001,  2.4755164E-03,  3.4392658E+06
   62876,  2001,  5.7642600E-03,  3.4392658E+06
   62879,  2001,  5.5190823E-03,  3.4392658E+06
   62883,  2001,  3.2668870E-03,  3.4392658E+06
   62884,  2001,  5.7438682E-03,  3.4392658E+06
   62885,  2001,  7.7533377E-03,  3.4392658E+06
   62886,  2001,  1.7942300E-04,  3.4392658E+06
   62901, 26030,  4.8867576E-03,  1.8747929E+06
   62905, 26030,  1.0007861E-02,  1.8747929E+06
   62914, 26030,  2.5592815E-02,  1.8747929E+06
   62915, 26030,  1.5464382E-02,  1.8747929E+06
   62916, 26030,  6.1241761E-03,  1.8747929E+06
   62925, 26068,  9.2021637E-02,  1.0844263E+05
   62944,  8040,  4.3911416E-02,  4.5070794E+05
   62949,  8025,  2.5980115E-01,  8.4379500E+04
   62953,  8048,  1.0284922E-01,  1.7994612E+05
   62963,  8019,  3.1788405E-02,  1.0066269E+06
   62973,  8002,  1.1195499E-02,  2.9424584E+05
   62974,  8002,  5.4423060E-02,  2.9424584E+05
   62975,  8015,  1.2333187E-01,  1.6603780E+05
   62976,  8015,  1.2799270E-01,  1.6603780E+05
   62977,  8015,  8.1137849E-05,  1.6603780E+05
   62984,  8052,  2.0723866E-02,  3.4487988E+05
   62985,  8052,  3.4031332E-02,  3.4487988E+05
   62986,  8052,  6.7116551E-02,  3.4487988E+05
   62987,  8052,  9.6870661E-03,  3.4487988E+05
   63002,  5002,  6.7682788E-02,  3.3203728E+05
   63003,  5002,  5.3390089E-02,  3.3203728E+05
   63012,  5002,  2.4301419E-02,  3.3203728E+05
   63013,  5002,  3.3337831E-02,  3.3203728E+05
   63020,  5002,  4.3811705E-02,  3.3203728E+05
   63021,  5002,  2.0636914E-02,  3.3203728E+05
   63228,  2001,  8.2110410E-04,  3.4392658E+06
   63232,  2001,  7.2777388E-03,  3.4392658E+06
   63233,  2001,  5.6499289E-03,  3.4392658E+06
   63234,  2001,  5.8322586E-03,  3.4392658E+06
   63235,  2001,  5.6878040E-03,  3.4392658E+06
   63236,  2001,  3.6697057E-03,  3.4392658E+06
   63239,  2001,  5.9964391E-04,  3.4392658E+06
   63253, 26030,  3.6234818E-03,  1.8747929E+06
   63254, 26030,  1.7466459E-03,  1.8747929E+06
   63258, 26030,  9.7270329E-03,  1.8747929E+06
   63259, 26030,  4.2380015E-03,  1.8747929E+06
   63265, 26030,  2.4338698E-03,  1.8747929E+06
   63266, 26030,  1.3221629E-02,  1.8747929E+06
   63267, 26030,  2.8169353E-02,  1.8747929E+06
   63268, 26030,  1.3472781E-02,  1.8747929E+06
   63269, 26030,  1.6301356E-02,  1.8747929E+06
   63270, 26030,  1.1433031E-02,  1.8747929E+06
   63271, 26030,  2.0242092E-04,  1.8747929E+06
   63273, 26066,  2.6080417E-02,  2.1521470E+05
   63274, 26066,  8.3415709E-02,  2.1521470E+05
   63278, 26057,  5.1561099E-01,  1.9158877E+04
   63279, 26057,  5.8089298E-01,  1.9158877E+04
   63280, 26057,  2.8830415E-01,  1.9158877E+04
   63297,  8040,  3.5959695E-02,  4.5070794E+05
   63298,  8040,  8.5308570E-03,  4.5070794E+05
   63302,  8025,  2.4937028E-01,  8.4379500E+04
   63305,  8048,  1.5657365E-02,  1.7994612E+05
   63306,  8048,  1.3166904E-01,  1.7994612E+05
   63316,  8019,  2.2722270E-02,  1.0066269E+06
   63327,  8015,  1.2469664E-01,  1.6603780E+05
   63330,  8015,  1.7247601E-01,  1.6603780E+05
   63337,  8052,  5.1583569E-02,  3.4487988E+05
   63338,  8052,  1.0578982E-02,  3.4487988E+05
   63339,  8052,  2.2437111E-02,  3.4487988E+05
   63355,  5002,  1.5090391E-02,  3.3203728E+05
   63373,  5002,  1.7198645E-02,  3.3203728E+05
   63374,  5002,  2.6751687E-03,  3.3203728E+05
   63585,  2001,  5.3262147E-03,  3.4392658E+06
   63606, 26030,  4.8808805E-03,  1.8747929E+06
   63610, 26030,  1.0039131E-02,  1.8747929E+06
   63611, 26030,  2.5425069E-03,  1.8747929E+06
   63616, 26030,  2.6336277E-03,  1.8747929E+06
   63617, 26030,  1.2138506E-02,  1.8747929E+06
   63618, 26030,  1.0058639E-02,  1.8747929E+06
   63620, 26030,  1.9506274E-02,  1.8747929E+06
   63621, 26030,  1.4379706E-02,  1.8747929E+06
   63622, 26056,  9.1566481E-02,  1.5454167E+05
   63624, 26030,  1.1518886E-02,  1.8747929E+06
   63625, 26066,  1.0103980E-01,  2.1521470E+05
   63626, 26066,  8.5832372E-02,  2.1521470E+05
   63643, 26040,  5.8134063E-03,  2.7908588E+05
   63644, 26040,  1.0410891E-02,  2.7908588E+05
   63650,  8040,  4.4271484E-02,  4.5070794E+05
   63655,  8034,  1.2435389E-01,  1.4852822E+05
   63658,  8048,  9.4855567E-03,  1.7994612E+05
   63668,  8019,  3.0967216E-03,  1.0066269E+06
   63669,  8019,  4.8664913E-02,  1.0066269E+06
   63670,  8019,  7.0865029E-03,  1.0066269E+06
   63680,  8015,  5.6526076E-02,  1.6603780E+05
   63683,  8015,  3.1475013E-03,  1.6603780E+05
   63684,  8015,  1.3652390E-01,  1.6603780E+05
   63685,  8015,  9.2116408E-02,  1.6603780E+05
   63686,  8015,  1.3256475E-01,  1.6603780E+05
   63687,  8052,  7.7305578E-02,  3.4487988E+05
   63688,  8052,  5.7274960E-02,  3.4487988E+05
   63689,  8052,  5.8527365E-02,  3.4487988E+05
   63690,  8052,  9.1550790E-02,  3.4487988E+05
   63691,  8052,  4.1189924E-02,  3.4487988E+05
   63938,  2001,  5.3578718E-03,  3.4392658E+06
   63959, 26030,  5.4740752E-03,  1.8747929E+06
   63961, 26030,  5.1398267E-04,  1.8747929E+06
   63962, 26030,  1.1672820E-02,  1.8747929E+06
   63963, 26030,  4.7293203E-03,  1.8747929E+06
   63968, 26030,  4.9436493E-03,  1.8747929E+06
   63969, 26030,  9.7014885E-03,  1.8747929E+06
   63973, 26030,  2.7123710E-02,  1.8747929E+06
   63974, 26056,  1.4857301E-01,  1.5454167E+05
   63975, 26056,  1.0753754E-01,  1.5454167E+05
   63978, 26066,  8.9280531E-03,  2.1521470E+05
   63979, 26066,  2.0082456E-01,  2.1521470E+05
   63980, 26066,  8.9924581E-02,  2.1521470E+05
   63981, 26066,  5.3697653E-02,  2.1521470E+05
   63995, 26040,  4.4056509E-02,  2.7908588E+05
   63996, 26040,  8.5450418E-02,  2.7908588E+05
   64003,  8040,  4.5140114E-02,  4.5070794E+05
   64004,  8040,  3.3769963E-04,  4.5070794E+05
   64008,  8034,  1.2574434E-01,  1.4852822E+05
   64012,  8010,  1.2804409E-02,  4.6960759E+05
   64021,  8019,  2.4107713E-02,  1.0066269E+06
   64022,  8019,  1.7618733E-02,  1.0066269E+06
   64023,  8019,  3.8241170E-02,  1.0066269E+06
   64038,  8015,  7.2003685E-02,  1.6603780E+05
   64039,  8015,  2.6461948E-02,  1.6603780E+05
   64290,  2001,  1.7047609E-03,  3.4392658E+06
   64291,  2001,  6.2293848E-03,  3.4392658E+06
   64311, 26047,  2.3609249E-02,  2.6356269E+05
   64312, 26047,  1.6040592E-02,  2.6356269E+05
   64313, 26047,  3.1478152E-02,  2.6356269E+05
   64314, 26030,  1.1277074E-02,  1.8747929E+06
   64325, 26020,  6.6637076E-02,  1.9055392E+05
   64326, 26056,  1.5270527E-01,  1.5454167E+05
   64328, 26056,  7.6297946E-02,  1.5454167E+05
   64332, 26066,  8.6510763E-02,  2.1521470E+05
   64334, 26066,  5.7091448E-02,  2.1521470E+05
   64335, 26014,  2.1967869E-01,  1.1552535E+05
   64336, 26014,  1.2799232E-01,  1.1552535E+05
   64341, 26063,  2.5776997E-01,  9.4260898E+03
   64342, 26063,  1.6491902E+00,  9.4260898E+03
   64347, 26040,  5.7027135E-02,  2.7908588E+05
   64348, 26040,  5.5697933E-02,  2.7908588E+05
   64354,  8040,  2.1736354E-02,  4.5070794E+05
   64355,  8040,  7.1128234E-03,  4.5070794E+05
   64356,  8040,  2.9221466E-02,  4.5070794E+05
   64360,  8034,  5.2409396E-02,  1.4852822E+05
   64361,  8034,  1.1791928E-01,  1.4852822E+05
   64365,  8010,  9.8172277E-03,  4.6960759E+05
   64366,  8010,  1.2928447E-02,  4.6960759E+05
   64373,  8010,  5.2521706E-02,  4.6960759E+05
   64374,  8019,  8.2759092E-05,  1.0066269E+06
   64376,  8019,  3.3253349E-02,  1.0066269E+06
   64642,  2001,  2.9310177E-03,  3.4392658E+06
   64643,  2001,  5.2644121E-03,  3.4392658E+06
   64664, 26047,  3.7503865E-02,  2.6356269E+05
   64666, 26047,  8.5288778E-02,  2.6356269E+05
   64678, 26020,  1.9046596E-01,  1.9055392E+05
   64684, 26066,  7.9669245E-02,  2.1521470E+05
   64685, 26066,  1.9060478E-02,  2.1521470E+05
   64688, 26014,  2.0846638E-01,  1.1552535E+05
   64689, 26014,  1.9718872E-01,  1.1552535E+05
   64690, 26038,  9.0191603E-02,  2.0704331E+05
   64693, 26038,  1.7657874E-02,  2.0704331E+05
   64694, 26063,  2.4058685E+00,  9.4260898E+03
   64695, 26024,  2.2286591E-01,  1.6509330E+04
   64700, 26040,  8.5609570E-02,  2.7908588E+05
   64704,  8040,  5.4835442E-02,  4.5070794E+05
   64705,  8040,  6.7309931E-02,  4.5070794E+05
   64706,  8040,  6.2084820E-02,  4.5070794E+05
   64707,  8040,  1.6199378E-02,  4.5070794E+05
   64708,  8040,  4.7113966E-02,  4.5070794E+05
   64709,  8040,  8.3195027E-03,  4.5070794E+05
   64713,  8034,  9.9322632E-02,  1.4852822E+05
   64714,  8034,  1.5459533E-01,  1.4852822E+05
   64716,  8034,  1.2414448E-02,  1.4852822E+05
   64718,  8010,  1.9063810E-02,  4.6960759E+05
   64719,  8010,  3.1867812E-03,  4.6960759E+05
   64724,  8010,  3.9419318E-03,  4.6960759E+05
   64725,  8010,  5.2461408E-02,  4.6960759E+05
   64726,  8001,  1.8485439E-03,  8.8392762E+05
   64728,  8001,  3.4256667E-02,  8.8392762E+05
   64729,  8001,  8.4753418E-03,  8.8392762E+05
   64994,  2001,  3.2970405E-04,  3.4392658E+06
   64995,  2001,  7.5371554E-03,  3.4392658E+06
   64996,  2001,  3.8104730E-03,  3.4392658E+06
   65018, 26047,  6.4716898E-02,  2.6356269E+05
   65019, 26047,  1.6180107E-02,  2.6356269E+05
   65031, 26020,  1.9049640E-01,  1.9055392E+05
   65036, 26050,  2.0748271E-02,  5.7805723E+04
   65037, 26066,  1.0080726E-01,  2.1521470E+05
   65041, 26014,  1.6751231E-01,  1.1552535E+05
   65043, 26038,  4.2364947E-02,  2.0704331E+05
   65044, 26038,  1.0624401E-01,  2.0704331E+05
   65046, 26038,  9.1676801E-02,  2.0704331E+05
   65053, 26040,  8.0501795E-02,  2.7908588E+05
   65054, 26040,  1.0183202E-01,  2.7908588E+05
   65055, 26040,  6.1683174E-02,  2.7908588E+05
   65056, 26040,  1.9218545E-02,  2.7908588E+05
   65057,  8040,  5.2114800E-02,  4.5070794E+05
   65061,  8040,  2.8998079E-02,  4.5070794E+05
   65065,  8034,  5.8971807E-02,  1.4852822E+05
   65066,  8034,  3.1566385E-02,  1.4852822E+05
   65067,  8034,  1.7438367E-02,  1.4852822E+05
   65068,  8034,  1.4217672E-01,  1.4852822E+05
   65069,  8034,  1.8351138E-01,  1.4852822E+05
   65070,  8010,  6.9428622E-03,  4.6960759E+05
   65071,  8010,  2.1048836E-02,  4.6960759E+05
   65076,  8010,  3.6853068E-02,  4.6960759E+05
   65077,  8010,  4.1532367E-02,  4.6960759E+05
   65081,  8001,  4.0851697E-02,  8.8392762E+05
   65347,  2001,  6.3907229E-03,  3.4392658E+06
   65349,  2001,  7.8846989E-03,  3.4392658E+06
   65370, 26047,  4.8898149E-02,  2.6356269E+05
   65371, 26047,  5.5890817E-02,  2.6356269E+05
   65384, 26020,  2.2046009E-01,  1.9055392E+05
   65385, 26020,  6.1967764E-02,  1.9055392E+05
   65389, 26050,  3.4145725E-01,  5.7805723E+04
   65393, 26001,  6.3817918E-01,  2.3016109E+04
   65394, 26014,  4.7514059E-02,  1.1552535E+05
   65397, 26038,  2.5010008E-02,  2.0704331E+05
   65398, 26038,  9.5978573E-02,  2.0704331E+05
   65399, 26038,  1.9460502E-01,  2.0704331E+05
   65400, 26038,  9.5649973E-02,  2.0704331E+05
   65401, 26038,  1.2021471E-02,  2.0704331E+05
   65405, 26008,  2.9507682E-01,  9.1631891E+04
   65406, 26008,  1.3464843E-01,  9.1631891E+04
   65408, 26040,  3.7612371E-02,  2.7908588E+05
   65409, 26040,  1.5752938E-01,  2.7908588E+05
   65410, 26040,  1.4329160E-02,  2.7908588E+05
   65414,  8040,  4.6840265E-02,  4.5070794E+05
   65422,  8010,  2.3449535E-02,  4.6960759E+05
   65423,  8010,  6.6496760E-02,  4.6960759E+05
   65424,  8010,  4.6182744E-02,  4.6960759E+05
   65425,  8010,  3.9569125E-02,  4.6960759E+05
   65426,  8010,  4.9856254E-03,  4.6960759E+05
   65428,  8010,  2.4905071E-02,  4.6960759E+05
   65429,  8010,  5.1003560E-02,  4.6960759E+05
   65430,  8010,  4.1558437E-02,  4.6960759E+05
   65431,  8010,  4.0538672E-02,  4.6960759E+05
   65432,  8010,  4.3878019E-02,  4.6960759E+05
   65433,  8001,  2.3004917E-02,  8.8392762E+05
   65434,  8001,  5.7858717E-02,  8.8392762E+05
   65435,  8001,  2.3621810E-03,  8.8392762E+05
   65699,  2001,  3.6528378E-03,  3.4392658E+06
   65700,  2001,  3.0834251E-03,  3.4392658E+06
   65701,  2001,  4.4860919E-03,  3.4392658E+06
   65702,  2001,  2.5481528E-03,  3.4392658E+06
   65722, 26047,  6.8931982E-02,  2.6356269E+05
   65723, 26047,  3.4066208E-02,  2.6356269E+05
   65737, 26020,  1.9599997E-01,  1.9055392E+05
   65742, 26045,  9.7765297E-02,  1.9211198E+05
   65746, 26053,  3.5218289E+00,  6.5002559E+03
   65752, 26023,  1.4828484E-01,  1.3159859E+05
   65754, 26038,  8.9006387E-02,  2.0704331E+05
   65755, 26032,  1.5886413E-01,  9.0188891E+04
   65756, 26032,  2.3110008E-01,  9.0188891E+04
   65758, 26008,  2.1766147E-01,  9.1631891E+04
   65763,  8013,  2.4550727E-01,  1.3180022E+05
   65767,  8040,  5.1872246E-02,  4.5070794E+05
   65775,  8010,  4.2323597E-02,  4.6960759E+05
   65778,  8010,  2.3786768E-02,  4.6960759E+05
   65779,  8010,  3.7242085E-02,  4.6960759E+05
   65780,  8010,  4.1590601E-02,  4.6960759E+05
   65781,  8010,  7.6752946E-02,  4.6960759E+05
   65782,  8010,  1.5808221E-02,  4.6960759E+05
   65787,  8001,  4.0430397E-02,  8.8392762E+05
   65788,  8001,  2.3800436E-02,  8.8392762E+05
   66051,  2001,  1.7934709E-03,  3.4392658E+06
   66052,  2001,  5.2440073E-03,  3.4392658E+06
   66054,  2001,  5.4113334E-03,  3.4392658E+06
   66074, 26047,  7.0610613E-02,  2.6356269E+05
   66075, 26047,  2.4759976E-02,  2.6356269E+05
   66090, 26020,  2.0220497E-01,  1.9055392E+05
   66095, 26045,  1.2119754E-01,  1.9211198E+05
   66099, 26013,  4.5913166E-01,  3.9720004E+04
   66104, 26023,  9.9367104E-02,  1.3159859E+05
   66105, 26023,  1.2037201E-01,  1.3159859E+05
   66106, 26023,  7.4591957E-02,  1.3159859E+05
   66109, 26032,  1.6521890E-01,  9.0188891E+04
   66110, 26008,  2.6654297E-01,  9.1631891E+04
   66111, 26008,  2.8310567E-01,  9.1631891E+04
   66116,  8013,  5.7626788E-02,  1.3180022E+05
   66117,  8013,  3.2211851E-02,  1.3180022E+05
   66120,  8040,  2.1598017E-02,  4.5070794E+05
   66127,  8023,  1.3650490E-01,  8.4628758E+04
   66128,  8023,  1.1363410E-01,  8.4628758E+04
   66131,  8010,  3.2097094E-02,  4.6960759E+05
   66135,  8010,  4.0951848E-02,  4.6960759E+05
   66140,  8001,  4.2726547E-02,  8.8392762E+05
   66395,  2001,  7.3681674E-03,  3.4392658E+06
   66396,  2001,  1.3437793E-04,  3.4392658E+06
   66403,  2001,  2.4168787E-04,  3.4392658E+06
   66404,  2001,  7.4614049E-03,  3.4392658E+06
   66407,  2001,  5.2543366E-03,  3.4392658E+06
   66426, 26047,  6.9120049E-02,  2.6356269E+05
   66427, 26047,  3.0290956E-02,  2.6356269E+05
   66443, 26045,  1.8292896E-01,  1.9211198E+05
   66447, 26045,  7.1049415E-02,  1.9211198E+05
   66448, 26045,  3.9196864E-02,  1.9211198E+05
   66452, 26013,  4.8367536E-01,  3.9720004E+04
   66457, 26023,  1.4277022E-01,  1.3159859E+05
   66459, 26032,  7.7771194E-02,  9.0188891E+04
   66462, 26067,  1.0260723E-01,  9.5873617E+04
   66464, 26031,  2.4093482E-01,  3.8198234E+04
   66465, 26031,  2.5991708E-01,  3.8198234E+04
   66480,  8023,  2.6555198E-01,  8.4628758E+04
   66483,  8010,  3.1916145E-02,  4.6960759E+05
   66484,  8010,  1.5195282E-02,  4.6960759E+05
   66488,  8010,  4.4805285E-02,  4.6960759E+05
   66493,  8001,  4.4022635E-02,  8.8392762E+05
   66748,  2001,  5.7131676E-03,  3.4392658E+06
   66756,  2001,  6.1317589E-03,  3.4392658E+06
   66760,  2001,  5.8398405E-03,  3.4392658E+06
   66779, 26047,  2.7905319E-02,  2.6356269E+05
   66796, 26045,  2.5089145E-01,  1.9211198E+05
   66797, 26045,  1.6961791E-02,  1.9211198E+05
   66800, 26045,  9.3973875E-03,  1.9211198E+05
   66805, 26006,  1.3472179E-01,  1.4969627E+05
   66810, 26023,  1.3987574E-01,  1.3159859E+05
   66815, 26067,  1.2448796E-01,  9.5873617E+04
   66818, 26031,  9.3125120E-02,  3.8198234E+04
   66819, 26031,  2.2041617E-01,  3.8198234E+04
   66829,  8013,  7.7460915E-02,  1.3180022E+05
   66830,  8050,  1.6373504E-02,  2.1151605E+05
   66832,  8023,  1.2851843E-01,  8.4628758E+04
   66833,  8023,  2.3168164E-01,  8.4628758E+04
   66835,  8010,  1.3581048E-03,  4.6960759E+05
   66841,  8010,  1.8890725E-02,  4.6960759E+05
   66842,  8010,  3.1198349E-02,  4.6960759E+05
   66845,  8001,  1.3972693E-02,  8.8392762E+05
   66846,  8001,  2.9711971E-02,  8.8392762E+05
   67101,  2001,  3.2485574E-03,  3.4392658E+06
   67102,  2001,  5.3871209E-03,  3.4392658E+06
   67108,  2001,  4.6441518E-03,  3.4392658E+06
   67109,  2001,  3.4396499E-03,  3.4392658E+06
   67112,  2001,  3.0095356E-03,  3.4392658E+06
   67113,  2001,  3.8649354E-03,  3.4392658E+06
   67149, 26016,  3.0163112E-01,  1.1957981E+05
   67150, 26016,  8.7405488E-02,  1.1957981E+05
   67151, 26016,  1.4848736E-02,  1.1957981E+05
   67158, 26006,  1.3089705E-01,  1.4969627E+05
   67163, 26023,  2.2563094E-01,  1.3159859E+05
   67164, 26023,  6.2075913E-02,  1.3159859E+05
   67168, 26067,  2.1696913E-01,  9.5873617E+04
   67172, 26031,  2.8383577E-01,  3.8198234E+04
   67181,  8013,  1.3551127E-02,  1.3180022E+05
   67182,  8013,  1.7726764E-01,  1.3180022E+05
   67183,  8050,  9.7357638E-02,  2.1151605E+05
   67184,  8050,  5.3541489E-02,  2.1151605E+05
   67185,  8023,  1.6920678E-01,  8.4628758E+04
   67195,  8001,  1.8401423E-02,  8.8392762E+05
   67196,  8001,  5.5825147E-03,  8.8392762E+05
   67198,  8001,  4.2367797E-02,  8.8392762E+05
   67204,  8001,  1.7708946E-04,  8.8392762E+05
   67454,  2001,  6.0049109E-03,  3.4392658E+06
   67458,  2001,  2.4851623E-03,  3.4392658E+06
   67459,  2001,  5.6148744E-03,  3.4392658E+06
   67460,  2001,  5.9531885E-03,  3.4392658E+06
   67461,  2001,  1.7385787E-03,  3.4392658E+06
   67465,  2001,  5.9733437E-03,  3.4392658E+06
   67502, 26016,  3.6204433E-01,  1.1957981E+05
   67504, 26058,  9.9053517E-02,  1.9724952E+05
   67508, 26022,  5.5314172E-02,  1.1200784E+05
   67511, 26006,  1.2484984E-01,  1.4969627E+05
   67516, 26023,  1.3843087E-02,  1.3159859E+05
   67517, 26023,  1.9009210E-01,  1.3159859E+05
   67518, 26041,  2.0544356E-02,  1.3194006E+05
   67520, 26067,  1.5472078E-01,  9.5873617E+04
   67521, 26067,  1.2521717E-01,  9.5873617E+04
   67525, 26010,  5.4891294E-01,  2.0029014E+04
   67534,  8013,  2.0133598E-02,  1.3180022E+05
   67535,  8013,  1.7963170E-01,  1.3180022E+05
   67536,  8050,  1.6261999E-01,  2.1151605E+05
   67537,  8050,  8.6149521E-02,  2.1151605E+05
   67549,  8001,  2.2580767E-02,  8.8392762E+05
   67551,  8001,  4.1623157E-02,  8.8392762E+05
   67807,  2001,  6.3283355E-03,  3.4392658E+06
   67810,  2001,  2.9856556E-03,  3.4392658E+06
   67811,  2001,  4.4392892E-03,  3.4392658E+06
   67817,  2001,  2.6599702E-03,  3.4392658E+06
   67818,  2001,  3.2226860E-03,  3.4392658E+06
   67855, 26016,  3.0159980E-01,  1.1957981E+05
   67859, 26022,  8.6947732E-02,  1.1200784E+05
   67860, 26022,  2.1739569E-01,  1.1200784E+05
   67861, 26022,  1.9202238E-01,  1.1200784E+05
   67864, 26006,  1.1961719E-02,  1.4969627E+05
   67865, 26006,  1.7158820E-01,  1.4969627E+05
   67870, 26041,  2.2150011E-01,  1.3194006E+05
   67871, 26041,  2.1184306E-01,  1.3194006E+05
   67872, 26041,  1.8259683E-01,  1.3194006E+05
   67873, 26067,  1.6306789E-01,  9.5873617E+04
   67878, 26010,  5.1634723E-01,  2.0029014E+04
   67889,  8050,  1.4752145E-01,  2.1151605E+05
   67902,  8001,  2.1780409E-02,  8.8392762E+05
   67904,  8001,  4.0739868E-02,  8.8392762E+05
   68158,  2001,  2.7236540E-03,  3.4392658E+06
   68159,  2001,  4.9970988E-03,  3.4392658E+06
   68160,  2001,  7.1426216E-03,  3.4392658E+06
   68161,  2001,  6.3093416E-03,  3.4392658E+06
   68162,  2001,  5.8812229E-03,  3.4392658E+06
   68163,  2001,  3.8116213E-03,  3.4392658E+06
   68170,  2001,  5.8129593E-03,  3.4392658E+06
   68208, 26058,  1.8486309E-01,  1.9724952E+05
   68212, 26022,  2.0533927E-01,  1.1200784E+05
   68218, 26006,  1.6488077E-02,  1.4969627E+05
   68219, 26006,  1.7232823E-01,  1.4969627E+05
   68220, 26006,  6.3133642E-02,  1.4969627E+05
   68223, 26041,  1.4613536E-01,  1.3194006E+05
   68224, 26041,  1.2493057E-03,  1.3194006E+05
   68231, 26010,  5.6121486E-01,  2.0029014E+04
   68242,  8050,  1.7661944E-01,  2.1151605E+05
   68254,  8001,  2.7493585E-04,  8.8392762E+05
   68255,  8001,  3.1523366E-04,  8.8392762E+05
   68256,  8001,  2.8632395E-02,  8.8392762E+05
   68257,  8001,  4.0962830E-02,  8.8392762E+05
   68511,  2001,  6.1811972E-03,  3.4392658E+06
   68512,  2001,  1.6281995E-03,  3.4392658E+06
   68523,  2001,  5.8002593E-03,  3.4392658E+06
   68556, 26064,  7.7311769E-02,  8.7282477E+04
   68557, 26064,  1.2436033E-01,  8.7282477E+04
   68560, 26058,  4.4821132E-02,  1.9724952E+05
   68561, 26058,  1.8393300E-01,  1.9724952E+05
   68564, 26022,  1.6065131E-01,  1.1200784E+05
   68565, 26022,  1.1200964E-01,  1.1200784E+05
   68573, 26006,  9.6156940E-02,  1.4969627E+05
   68574, 26006,  9.6718118E-02,  1.4969627E+05
   68576, 26041,  6.9183223E-02,  1.3194006E+05
   68577, 26041,  1.8308181E-01,  1.3194006E+05
   68584, 26015,  5.1200390E-01,  2.5833645E+04
   68594,  8013,  9.3763307E-02,  1.3180022E+05
   68595,  8050,  6.4297840E-02,  2.1151605E+05
   68596,  8050,  5.0772779E-02,  2.1151605E+05
   68609,  8001,  2.8286236E-03,  8.8392762E+05
   68610,  8001,  5.6976546E-02,  8.8392762E+05
   68864,  2001,  5.2738423E-03,  3.4392658E+06
   68876,  2001,  5.7454845E-03,  3.4392658E+06
   68909, 26064,  1.3734902E-01,  8.7282477E+04
   68910, 26064,  1.0548560E-01,  8.7282477E+04
   68913, 26058,  6.6682518E-02,  1.9724952E+05
   68914, 26058,  3.5473162E-01,  1.9724952E+05
   68916, 26036,  1.6507089E-02,  1.8465023E+05
   68917, 26036,  1.1399595E-01,  1.8465023E+05
   68918, 26022,  1.1506225E-02,  1.1200784E+05
   68919, 26022,  5.5199852E-03,  1.1200784E+05
   68924, 26006,  8.3996048E-03,  1.4969627E+05
   68926, 26011,  1.0996739E-02,  1.2234208E+05
   68927, 26011,  3.2963586E-01,  1.2234208E+05
   68928, 26011,  8.1101567E-02,  1.2234208E+05
   68929, 26027,  5.4638609E-02,  1.8141686E+05
   68930, 26027,  2.0332730E-01,  1.8141686E+05
   68937, 26015,  2.7383683E-02,  2.5833645E+04
   68947,  8035,  4.6486966E-02,  4.0754219E+05
   68949,  8050,  6.3430190E-02,  2.1151605E+05
   68950,  8050,  9.4481990E-02,  2.1151605E+05
   68951,  8005,  3.6885437E-02,  5.7231875E+05
   68952,  8005,  1.1158057E-03,  5.7231875E+05
   68963,  8001,  4.0756572E-02,  8.8392762E+05
   69217,  2001,  5.3143827E-03,  3.4392658E+06
   69229,  2001,  5.4720370E-03,  3.4392658E+06
   69259, 26004,  4.6965949E-02,  1.8789147E+05
   69262, 26064,  3.0076659E-01,  8.7282477E+04
   69263, 26064,  2.1154229E-01,  8.7282477E+04
   69264, 26064,  2.1184194E-01,  8.7282477E+04
   69265, 26058,  9.2917331E-02,  1.9724952E+05
   69266, 26058,  4.1920364E-02,  1.9724952E+05
   69267, 26058,  1.7422311E-02,  1.9724952E+05
   69268, 26036,  2.7330941E-01,  1.8465023E+05
   69269, 26036,  3.2583112E-01,  1.8465023E+05
   69276, 26006,  7.5913504E-02,  1.4969627E+05
   69277, 26006,  1.7389389E-03,  1.4969627E+05
   69279, 26011,  1.6654004E-01,  1.2234208E+05
   69281, 26011,  1.0640459E-01,  1.2234208E+05
   69282, 26027,  5.7696611E-02,  1.8141686E+05
   69283, 26027,  9.3497030E-02,  1.8141686E+05
   69284, 26027,  1.0276084E-02,  1.8141686E+05
   69296,  8035,  4.0785629E-02,  4.0754219E+05
   69299,  8035,  8.5478472E-03,  4.0754219E+05
   69300,  8035,  4.2468172E-02,  4.0754219E+05
   69305,  8005,  1.2869950E-02,  5.7231875E+05
   69316,  8001,  3.9709028E-02,  8.8392762E+05
   69317,  8001,  2.4721175E-03,  8.8392762E+05
   69569,  2001,  2.5265913E-03,  3.4392658E+06
   69570,  2001,  4.1655093E-03,  3.4392658E+06
   69582,  2001,  5.3208498E-03,  3.4392658E+06
   69600, 26017,  3.2227132E-02,  4.9372716E+05
   69611, 26004,  7.1018063E-02,  1.8789147E+05
   69612, 26004,  5.4788981E-02,  1.8789147E+05
   69613, 26004,  5.3505629E-02,  1.8789147E+05
   69614, 26046,  1.9448061E-01,  1.0424655E+05
   69615, 26046,  6.3202269E-02,  1.0424655E+05
   69620, 26058,  5.4812938E-02,  1.9724952E+05
   69621, 26058,  1.7027259E-03,  1.9724952E+05
   69622, 26036,  1.0138286E-01,  1.8465023E+05
   69623, 26035,  1.2394775E-01,  3.1912838E+05
   69624, 26035,  1.2767505E-02,  3.1912838E+05
   69629, 26006,  6.9282934E-02,  1.4969627E+05
   69632, 26011,  1.5898702E-01,  1.2234208E+05
   69637, 26027,  1.0193961E-01,  1.8141686E+05
   69647,  8035,  1.6956653E-02,  4.0754219E+05
   69649,  8035,  4.7987524E-02,  4.0754219E+05
   69652,  8035,  5.3853728E-02,  4.0754219E+05
   69670,  8001,  4.3368272E-02,  8.8392762E+05
   69922,  2001,  5.7414109E-03,  3.4392658E+06
   69935,  2001,  5.8691376E-03,  3.4392658E+06
   69953, 26017,  2.1401633E-02,  4.9372716E+05
   69954, 26017,  3.2405637E-02,  4.9372716E+05
   69959, 26017,  4.9309880E-03,  4.9372716E+05
   69960, 26017,  5.4499868E-02,  4.9372716E+05
   69961, 26017,  3.8446803E-02,  4.9372716E+05
   69962, 26017,  5.9677258E-02,  4.9372716E+05
   69963, 26047,  7.8441858E-02,  2.6356269E+05
   69964, 26047,  8.4159702E-02,  2.6356269E+05
   69965, 26004,  9.6493036E-02,  1.8789147E+05
   69966, 26004,  2.1833679E-01,  1.8789147E+05
   69967, 26046,  1.3200836E-01,  1.0424655E+05
   69972, 26036,  2.2634508E-02,  1.8465023E+05
   69973, 26036,  3.9845549E-02,  1.8465023E+05
   69975, 26035,  5.4268385E-03,  3.1912838E+05
   69976, 26035,  2.3982748E-01,  3.1912838E+05
   69977, 26035,  5.1760435E-02,  3.1912838E+05
   69982, 26019,  4.4642072E-02,  2.6250481E+05
   69984, 26019,  1.7051397E-02,  2.6250481E+05
   69985, 26011,  1.5023273E-01,  1.2234208E+05
   69989, 26027,  4.7503144E-02,  1.8141686E+05
   69990, 26027,  1.1026976E-01,  1.8141686E+05
   69993, 26002,  5.7557628E-02,  3.1925816E+05
   69999,  8035,  2.1570884E-02,  4.0754219E+05
   70000,  8035,  3.9126977E-02,  4.0754219E+05
   70002,  8035,  7.5031151E-03,  4.0754219E+05
   70003,  8035,  5.5155091E-02,  4.0754219E+05
   70004,  8035,  5.3415131E-02,  4.0754219E+05
   70005,  8035,  4.8308257E-02,  4.0754219E+05
   70023,  8001,  4.4127584E-02,  8.8392762E+05
   70032,  8028,  1.4824049E-02,  1.4560375E+05
   70275,  2001,  5.3521888E-03,  3.4392658E+06
   70288,  2001,  5.5560442E-03,  3.4392658E+06
   70306, 26017,  3.5117373E-03,  4.9372716E+05
   70307, 26017,  1.0249460E-02,  4.9372716E+05
   70308, 26017,  4.1089766E-02,  4.9372716E+05
   70309, 26017,  2.6447264E-02,  4.9372716E+05
   70311, 26017,  4.0383168E-02,  4.9372716E+05
   70312, 26017,  3.4644112E-02,  4.9372716E+05
   70314, 26017,  2.2119103E-02,  4.9372716E+05
   70315, 26017,  2.2592248E-02,  4.9372716E+05
   70319, 26004,  9.7513817E-02,  1.8789147E+05
   70320, 26046,  9.4914638E-02,  1.0424655E+05
   70321, 26007,  8.1547976E-01,  2.5345951E+04
   70322, 26007,  2.5399908E-01,  2.5345951E+04
   70323, 26065,  1.1399411E-01,  6.7801523E+04
   70324, 26065,  1.4925317E-01,  6.7801523E+04
   70325, 26065,  1.0673755E-01,  6.7801523E+04
   70329, 26035,  1.1642554E-01,  3.1912838E+05
   70330, 26035,  6.6292852E-02,  3.1912838E+05
   70331, 26035,  8.9633144E-02,  3.1912838E+05
   70332, 26035,  2.4225714E-02,  3.1912838E+05
   70335, 26019,  4.3396611E-02,  2.6250481E+05
   70337, 26019,  8.3585426E-02,  2.6250481E+05
   70343, 26027,  1.2259841E-01,  1.8141686E+05
   70346, 26002,  5.8937393E-02,  3.1925816E+05
   70356,  8035,  5.2037951E-02,  4.0754219E+05
   70358,  8035,  5.6152239E-02,  4.0754219E+05
   70359,  8035,  3.9789040E-02,  4.0754219E+05
   70376,  8001,  4.2607877E-02,  8.8392762E+05
   70385,  8028,  1.6580041E-01,  1.4560375E+05
   70628,  2001,  5.4307398E-03,  3.4392658E+06
   70641,  2001,  5.3877621E-03,  3.4392658E+06
   70660, 26017,  2.7668826E-02,  4.9372716E+05
   70661, 26017,  3.8061786E-02,  4.9372716E+05
   70662, 26017,  4.6280686E-02,  4.9372716E+05
   70663, 26017,  3.8439274E-02,  4.9372716E+05
   70664, 26017,  1.0691595E-02,  4.9372716E+05
   70667, 26017,  4.6820287E-02,  4.9372716E+05
   70672, 26004,  9.8092161E-02,  1.8789147E+05
   70675, 26065,  2.0762494E-01,  6.7801523E+04
   70676, 26065,  3.5858071E-01,  6.7801523E+04
   70682, 26035,  1.2630366E-01,  3.1912838E+05
   70685, 26035,  9.5172934E-02,  3.1912838E+05
   70686, 26019,  6.1056420E-02,  2.6250481E+05
   70687, 26019,  4.2439234E-02,  2.6250481E+05
   70688, 26019,  1.1537900E-01,  2.6250481E+05
   70689, 26019,  1.1693986E-01,  2.6250481E+05
   70690, 26019,  3.7920460E-02,  2.6250481E+05
   70696, 26027,  1.0519631E-01,  1.8141686E+05
   70699, 26002,  3.1806707E-02,  3.1925816E+05
   70708,  8035,  4.6070933E-02,  4.0754219E+05
   70709,  8035,  3.0762029E-03,  4.0754219E+05
   70712,  8005,  2.5606062E-02,  5.7231875E+05
   70713,  8005,  2.9630890E-02,  5.7231875E+05
   70729,  8001,  4.1887280E-02,  8.8392762E+05
   70736,  8028,  5.1440302E-02,  1.4560375E+05
   70737,  8028,  1.5200436E-01,  1.4560375E+05
   70738,  8028,  3.2328252E-02,  1.4560375E+05
   70980,  2001,  3.9682453E-03,  3.4392658E+06
   70981,  2001,  1.3228849E-03,  3.4392658E+06
   70994,  2001,  5.3627044E-03,  3.4392658E+06
   71013, 26017,  4.1544322E-02,  4.9372716E+05
   71019, 26017,  3.0688901E-02,  4.9372716E+05
   71020, 26017,  1.1191322E-02,  4.9372716E+05
   71025, 26004,  9.9378139E-02,  1.8789147E+05
   71029, 26060,  1.0676385E-01,  1.8244981E+05
   71035, 26035,  1.1645751E-01,  3.1912838E+05
   71037, 26059,  5.0240982E-02,  1.3184622E+05
   71038, 26059,  1.1262300E-01,  1.3184622E+05
   71039, 26059,  3.8608100E-02,  1.3184622E+05
   71040, 26019,  4.8570834E-02,  2.6250481E+05
   71041, 26019,  1.7521303E-02,  2.6250481E+05
   71042, 26019,  4.0436901E-02,  2.6250481E+05
   71043, 26019,  7.6847680E-02,  2.6250481E+05
   71044, 26019,  4.4122245E-02,  2.6250481E+05
   71049, 26002,  6.1981522E-02,  3.1925816E+05
   71052, 26002,  2.0594040E-02,  3.1925816E+05
   71060,  8035,  1.5086101E-02,  4.0754219E+05
   71061,  8035,  4.0903356E-02,  4.0754219E+05
   71063,  8035,  3.6226053E-02,  4.0754219E+05
   71064,  8035,  3.3191670E-02,  4.0754219E+05
   71065,  8005,  2.1448098E-02,  5.7231875E+05
   71066,  8005,  3.7732661E-02,  5.7231875E+05
   71067,  8005,  1.9856589E-02,  5.7231875E+05
   71082,  8037,  7.4859485E-02,  4.8220075E+05
   71088,  8053,  7.2983548E-02,  1.1496370E+05
   71089,  8028,  1.7927699E-01,  1.4560375E+05
   71333,  2001,  5.7420484E-03,  3.4392658E+06
   71347,  2001,  5.9489165E-03,  3.4392658E+06
   71366, 26017,  3.8451768E-02,  4.9372716E+05
   71372, 26017,  3.8074423E-02,  4.9372716E+05
   71378, 26004,  3.3184815E-02,  1.8789147E+05
   71379, 26004,  8.0287255E-02,  1.8789147E+05
   71382, 26060,  4.5887899E-02,  1.8244981E+05
   71383, 26060,  8.4659494E-02,  1.8244981E+05
   71385, 26043,  9.3576740E-03,  2.7832744E+05
   71386, 26043,  6.4055629E-02,  2.7832744E+05
   71387, 26043,  4.2763073E-02,  2.7832744E+05
   71388, 26043,  1.0545621E-01,  2.7832744E+05
   71390, 26059,  2.4782746E-01,  1.3184622E+05
   71391, 26059,  1.3587050E-01,  1.3184622E+05
   71395, 26019,  8.0609344E-02,  2.6250481E+05
   71397, 26019,  3.6347020E-02,  2.6250481E+05
   71398, 26019,  7.1870878E-02,  2.6250481E+05
   71402, 26002,  7.7502362E-02,  3.1925816E+05
   71412,  8035,  7.8567024E-03,  4.0754219E+05
   71413,  8035,  5.2015197E-02,  4.0754219E+05
   71418,  8005,  1.6156921E-02,  5.7231875E+05
   71420,  8005,  3.0117607E-02,  5.7231875E+05
   71421,  8005,  4.8531156E-02,  5.7231875E+05
   71422,  8005,  2.7589543E-02,  5.7231875E+05
   71435,  8037,  7.4958980E-02,  4.8220075E+05
   71440,  8053,  7.8848973E-02,  1.1496370E+05
   71441,  8053,  4.0548775E-01,  1.1496370E+05
   71442,  8053,  1.0339749E-02,  1.1496370E+05
   71686,  2001,  6.0613630E-03,  3.4392658E+06
   71699,  2002,  3.9054935E-03,  1.8330056E+06
   71700,  2002,  1.0538002E-02,  1.8330056E+06
   71719, 26017,  4.0620379E-02,  4.9372716E+05
   71725, 26017,  3.7930127E-02,  4.9372716E+05
   71732, 26004,  1.0279401E-01,  1.8789147E+05
   71735, 26060,  1.3856193E-01,  1.8244981E+05
   71736, 26060,  5.4421533E-02,  1.8244981E+05
   71737, 26060,  6.4334631E-02,  1.8244981E+05
   71738, 26043,  6.9052637E-02,  2.7832744E+05
   71739, 26043,  3.8667232E-02,  2.7832744E+05
   71740, 26043,  1.8444991E-01,  2.7832744E+05
   71742, 26043,  4.0310957E-02,  2.7832744E+05
   71743, 26059,  6.3100018E-02,  1.3184622E+05
   71744, 26059,  1.4213777E-01,  1.3184622E+05
   71747, 26019,  4.1075207E-02,  2.6250481E+05
   71748, 26019,  3.0914716E-02,  2.6250481E+05
   71751, 26039,  2.7374375E-01,  9.3512547E+04
   71752, 26039,  2.4893218E-01,  9.3512547E+04
   71753, 26002,  5.8865461E-02,  3.1925816E+05
   71754, 26002,  2.0078877E-02,  3.1925816E+05
   71755, 26002,  7.7542767E-02,  3.1925816E+05
   71760, 26002,  3.5742410E-02,  3.1925816E+05
   71761, 26002,  3.8682245E-02,  3.1925816E+05
   71762, 26002,  3.1429823E-02,  3.1925816E+05
   71763, 26002,  5.7598177E-02,  3.1925816E+05
   71764,  8035,  5.0302576E-02,  4.0754219E+05
   71765,  8035,  6.3783668E-02,  4.0754219E+05
   71766,  8035,  4.9772073E-02,  4.0754219E+05
   71771,  8005,  2.3858009E-02,  5.7231875E+05
   71774,  8005,  4.1940548E-02,  5.7231875E+05
   71788,  8037,  5.5300429E-02,  4.8220075E+05
   71789,  8037,  5.3722155E-04,  4.8220075E+05
   71791,  8028,  1.2728911E-02,  1.4560375E+05
   71792,  8028,  2.3475069E-01,  1.4560375E+05
   71793,  8028,  2.7496034E-01,  1.4560375E+05
   71794,  8053,  2.1564089E-02,  1.1496370E+05
   72038,  2001,  5.4965829E-03,  3.4392658E+06
   72039,  2001,  1.2765665E-03,  3.4392658E+06
   72040,  2001,  3.2474163E-03,  3.4392658E+06
   72041,  2001,  3.4047354E-03,  3.4392658E+06
   72042,  2001,  2.2991141E-03,  3.4392658E+06
   72043,  2001,  7.4955923E-03,  3.4392658E+06
   72044,  2001,  6.1655305E-03,  3.4392658E+06
   72052,  2002,  1.0359224E-02,  1.8330056E+06
   72071, 26048,  4.1507129E-02,  3.2842881E+05
   72072, 26048,  2.5067890E-02,  3.2842881E+05
   72077, 26017,  3.8751051E-02,  4.9372716E+05
   72078, 26017,  1.6376568E-03,  4.9372716E+05
   72085, 26004,  6.7548677E-02,  1.8789147E+05
   72086, 26004,  4.5271777E-02,  1.8789147E+05
   72088, 26060,  1.0264920E-01,  1.8244981E+05
   72093, 26043,  8.8222228E-02,  2.7832744E+05
   72094, 26043,  6.8125613E-02,  2.7832744E+05
   72095, 26043,  1.4876583E-01,  2.7832744E+05
   72096, 26043,  2.9842250E-02,  2.7832744E+05
   72097, 26059,  1.8478674E-01,  1.3184622E+05
   72104, 26039,  1.6575848E-01,  9.3512547E+04
   72105, 26039,  1.8368490E-02,  9.3512547E+04
   72107, 26002,  3.7584029E-02,  3.1925816E+05
   72108, 26002,  7.2514623E-02,  3.1925816E+05
   72109, 26002,  6.0070075E-02,  3.1925816E+05
   72110, 26002,  5.8067545E-02,  3.1925816E+05
   72111, 26002,  5.6808449E-02,  3.1925816E+05
   72112, 26002,  5.7868842E-02,  3.1925816E+05
   72113, 26002,  2.4403580E-02,  3.1925816E+05
   72114, 26002,  3.1017445E-02,  3.1925816E+05
   72115, 26002,  2.6153272E-02,  3.1925816E+05
   72123,  8005,  1.0719183E-02,  5.7231875E+05
   72124,  8005,  2.0825915E-02,  5.7231875E+05
   72127,  8005,  1.6787840E-02,  5.7231875E+05
   72128,  8005,  3.5629041E-02,  5.7231875E+05
   72129,  8005,  8.1451866E-04,  5.7231875E+05
   72141,  8037,  9.6729547E-02,  4.8220075E+05
   72143,  8037,  1.1842030E-03,  4.8220075E+05
   72144,  8028,  3.3295304E-01,  1.4560375E+05
   72145,  8028,  5.3917080E-02,  1.4560375E+05
   72391,  2001,  7.7480054E-03,  3.4392658E+06
   72392,  2001,  2.7015782E-03,  3.4392658E+06
   72395,  2001,  2.2853692E-03,  3.4392658E+06
   72396,  2001,  1.4459097E-03,  3.4392658E+06
   72397,  2001,  1.8345588E-03,  3.4392658E+06
   72398,  2001,  6.5082787E-03,  3.4392658E+06
   72404,  2002,  5.4863743E-03,  1.8330056E+06
   72405,  2002,  4.7289073E-03,  1.8330056E+06
   72423, 26048,  4.0810455E-02,  3.2842881E+05
   72424, 26048,  4.3409016E-02,  3.2842881E+05
   72429, 26017,  1.6741742E-03,  4.9372716E+05
   72430, 26017,  4.9853310E-02,  4.9372716E+05
   72439, 26060,  1.2441520E-01,  1.8244981E+05
   72440, 26060,  8.8594317E-02,  1.8244981E+05
   72441, 26060,  1.6651241E-02,  1.8244981E+05
   72446, 26043,  9.3939231E-04,  2.7832744E+05
   72447, 26043,  4.4842176E-03,  2.7832744E+05
   72449, 26059,  8.9708023E-02,  1.3184622E+05
   72450, 26059,  6.4809948E-02,  1.3184622E+05
   72481,  8005,  2.3063451E-02,  5.7231875E+05
   72482,  8005,  7.1212426E-02,  5.7231875E+05
   72483,  8005,  3.1975210E-02,  5.7231875E+05
   72484,  8005,  3.1983186E-02,  5.7231875E+05
   72485,  8005,  3.1986546E-02,  5.7231875E+05
   72486,  8005,  1.8895103E-02,  5.7231875E+05
   72494,  8037,  6.0281657E-02,  4.8220075E+05
   72496,  8037,  8.0554649E-02,  4.8220075E+05
   72497,  8037,  9.6735880E-03,  4.8220075E+05
   72743,  2001,  1.4380197E-03,  3.4392658E+06
   72744,  2001,  6.5975911E-03,  3.4392658E+06
   72757,  2002,  1.0252749E-02,  1.8330056E+06
   72772, 26048,  2.7921688E-02,  3.2842881E+05
   72773, 26048,  5.1950803E-03,  3.2842881E+05
   72774, 26048,  2.6312869E-02,  3.2842881E+05
   72775, 26048,  6.2782638E-02,  3.2842881E+05
   72776, 26048,  2.6761398E-02,  3.2842881E+05
   72782, 26017,  4.2065755E-02,  4.9372716E+05
   72792, 26060,  1.2395770E-02,  1.8244981E+05
   72793, 26060,  1.8026990E-01,  1.8244981E+05
   72834,  8005,  5.6009847E-03,  5.7231875E+05
   72835,  8005,  3.1932622E-02,  5.7231875E+05
   72839,  8005,  1.3088990E-02,  5.7231875E+05
   72840,  8005,  3.1980641E-02,  5.7231875E+05
   72841,  8005,  3.1992070E-02,  5.7231875E+05
   72842,  8005,  3.1778030E-02,  5.7231875E+05
   72843,  8005,  3.1451445E-02,  5.7231875E+05
   72844,  8005,  3.1451218E-02,  5.7231875E+05
   72845,  8037,  5.3303421E-02,  4.8220075E+05
   72846,  8037,  3.7329953E-02,  4.8220075E+05
   72847,  8037,  9.5608778E-02,  4.8220075E+05
   72848,  8037,  4.4122089E-02,  4.8220075E+05
   72849,  8037,  7.6755352E-02,  4.8220075E+05
   73097,  2001,  6.8483707E-03,  3.4392658E+06
   73110,  2002,  1.0259169E-02,  1.8330056E+06
   73125, 26048,  5.2063406E-02,  3.2842881E+05
   73126, 26048,  6.2151194E-02,  3.2842881E+05
   73127, 26048,  3.1615276E-02,  3.2842881E+05
   73134, 26048,  1.6801707E-02,  3.2842881E+05
   73135, 26048,  4.5558982E-02,  3.2842881E+05
   73146, 26060,  6.1599802E-02,  1.8244981E+05
   73188,  8005,  3.1524934E-02,  5.7231875E+05
   73198,  8037,  3.7349720E-02,  4.8220075E+05
   73200,  8037,  4.8164826E-02,  4.8220075E+05
   73201,  8037,  4.8099339E-02,  4.8220075E+05
   73202,  8037,  5.5578635E-03,  4.8220075E+05
   73449,  2001,  5.8940980E-03,  3.4392658E+06
   73450,  2001,  8.3769113E-03,  3.4392658E+06
   73451,  2001,  6.4484547E-03,  3.4392658E+06
   73452,  2001,  5.5793999E-03,  3.4392658E+06
   73453,  2001,  4.4827294E-03,  3.4392658E+06
   73454,  2001,  2.7564699E-03,  3.4392658E+06
   73457,  2001,  2.6439887E-03,  3.4392658E+06
   73458,  2001,  5.8043883E-03,  3.4392658E+06
   73459,  2002,  1.0298597E-02,  1.8330056E+06
   73460,  2002,  1.2360769E-02,  1.8330056E+06
   73462,  2002,  2.2230668E-03,  1.8330056E+06
   73463,  2002,  8.0371900E-03,  1.8330056E+06
   73479, 26048,  6.5346137E-02,  3.2842881E+05
   73487, 26070,  5.3534869E-02,  3.8233094E+05
   73541,  8005,  4.9489744E-02,  5.7231875E+05
   73542,  8005,  8.5529983E-03,  5.7231875E+05
   73551,  8037,  3.0149601E-02,  4.8220075E+05
   73553,  8037,  2.7465539E-03,  4.8220075E+05
   73800,  2001,  1.5094535E-03,  3.4392658E+06
   73801,  2001,  7.2455974E-03,  3.4392658E+06
   73802,  2001,  9.0290410E-03,  3.4392658E+06
   73803,  2001,  4.8097000E-03,  3.4392658E+06
   73805,  2001,  1.1390897E-03,  3.4392658E+06
   73806,  2001,  2.7786735E-03,  3.4392658E+06
   73807,  2001,  6.7593292E-03,  3.4392658E+06
   73808,  2001,  8.8835331E-03,  3.4392658E+06
   73809,  2001,  6.1598336E-03,  3.4392658E+06
   73810,  2001,  3.0709861E-03,  3.4392658E+06
   73813,  2002,  7.3201564E-04,  1.8330056E+06
   73814,  2002,  1.1845124E-02,  1.8330056E+06
   73815,  2002,  1.7703574E-02,  1.8330056E+06
   73832, 26048,  2.3142420E-02,  3.2842881E+05
   73833, 26048,  4.2267296E-02,  3.2842881E+05
   73839, 26070,  2.2862669E-02,  3.8233094E+05
   73840, 26070,  3.0769158E-02,  3.8233094E+05
   73891,  8005,  1.6684454E-02,  5.7231875E+05
   73892,  8005,  3.1481642E-02,  5.7231875E+05
   73893,  8005,  3.1465992E-02,  5.7231875E+05
   73894,  8005,  1.6235214E-02,  5.7231875E+05
   74153,  2001,  6.4014317E-03,  3.4392658E+06
   74155,  2001,  1.0391220E-02,  3.4392658E+06
   74161,  2001,  7.7773295E-03,  3.4392658E+06
   74168,  2002,  1.0001074E-02,  1.8330056E+06
   74186, 26048,  5.8416449E-02,  3.2842881E+05
   74187, 26048,  6.8322900E-03,  3.2842881E+05
   74192, 26070,  5.2500885E-02,  3.8233094E+05
   74194, 26070,  1.8647445E-02,  3.8233094E+05
   74195, 26070,  5.0661013E-02,  3.8233094E+05
   74505,  2001,  2.2156090E-03,  3.4392658E+06
   74506,  2001,  8.4977597E-03,  3.4392658E+06
   74507,  2001,  7.0931297E-03,  3.4392658E+06
   74508,  2001,  6.2069437E-03,  3.4392658E+06
   74513,  2001,  3.6716287E-03,  3.4392658E+06
   74514,  2001,  2.5548323E-03,  3.4392658E+06
   74521,  2002,  9.8816119E-03,  1.8330056E+06
   74540, 26048,  6.4470723E-02,  3.2842881E+05
   74541, 26048,  7.7572517E-02,  3.2842881E+05
   74542, 26070,  5.1417209E-02,  3.8233094E+05
   74543, 26070,  1.2611851E-02,  3.8233094E+05
   74545, 26070,  4.9311344E-02,  3.8233094E+05
   74547, 26070,  5.7005335E-02,  3.8233094E+05
   74858,  2001,  8.9946378E-04,  3.4392658E+06
   74860,  2001,  1.0083535E-02,  3.4392658E+06
   74861,  2001,  3.6083059E-03,  3.4392658E+06
   74865,  2001,  3.5339050E-04,  3.4392658E+06
   74866,  2001,  6.2776669E-03,  3.4392658E+06
   74874,  2002,  1.0194191E-02,  1.8330056E+06
   74880, 26055,  1.8239617E-02,  5.8289681E+05
   74896, 26070,  4.6758454E-02,  3.8233094E+05
   74897, 26070,  5.8231078E-02,  3.8233094E+05
   74898, 26070,  4.1466281E-02,  3.8233094E+05
   74899, 26070,  6.1108500E-02,  3.8233094E+05
   74900, 26070,  2.9668061E-03,  3.8233094E+05
   75211,  2001,  2.4972865E-03,  3.4392658E+06
   75212,  2001,  9.6221268E-03,  3.4392658E+06
   75213,  2001,  7.8984257E-03,  3.4392658E+06
   75218,  2001,  5.5453782E-03,  3.4392658E+06
   75227,  2002,  1.0877740E-02,  1.8330056E+06
   75232, 26055,  3.3211177E-03,  5.8289681E+05
   75233, 26055,  3.1814437E-02,  5.8289681E+05
   75250, 26070,  5.5615991E-02,  3.8233094E+05
   75251, 26070,  8.3982825E-02,  3.8233094E+05
   75564,  2001,  3.5078921E-03,  3.4392658E+06
   75565,  2001,  5.3217383E-03,  3.4392658E+06
   75570,  2001,  1.4014613E-03,  3.4392658E+06
   75571,  2001,  5.5171722E-03,  3.4392658E+06
   75579,  2002,  1.2872944E-03,  1.8330056E+06
   75580,  2002,  1.2431419E-02,  1.8330056E+06
   75585, 26055,  3.7349004E-02,  5.8289681E+05
   75599, 26070,  1.6102778E-02,  3.8233094E+05
   75600, 26070,  2.5712453E-02,  3.8233094E+05
   75601, 26070,  5.0673816E-02,  3.8233094E+05
   75602, 26070,  5.1434815E-02,  3.8233094E+05
   75603, 26070,  1.9197760E-02,  3.8233094E+05
   75916,  2001,  4.4305748E-03,  3.4392658E+06
   75917,  2001,  1.2239750E-02,  3.4392658E+06
   75923,  2001,  5.9174746E-03,  3.4392658E+06
   75932,  2002,  1.0405764E-02,  1.8330056E+06
   75937, 26055,  2.4121741E-02,  5.8289681E+05
   75938, 26055,  1.5635304E-02,  5.8289681E+05
   75950, 26048,  4.8638675E-03,  3.2842881E+05
   75951, 26070,  5.3644352E-02,  3.8233094E+05
   75952, 26070,  6.5275744E-02,  3.8233094E+05
   75953, 26070,  2.2656219E-02,  3.8233094E+05
   76270,  2001,  1.4621010E-02,  3.4392658E+06
   76271,  2001,  6.2694051E-03,  3.4392658E+06
   76272,  2001,  3.0574466E-03,  3.4392658E+06
   76273,  2001,  6.3954978E-03,  3.4392658E+06
   76274,  2001,  5.5970224E-03,  3.4392658E+06
   76275,  2001,  5.6170551E-03,  3.4392658E+06
   76276,  2001,  2.2703463E-03,  3.4392658E+06
   76285,  2002,  9.9777319E-03,  1.8330056E+06
   76289, 26055,  8.8219456E-03,  5.8289681E+05
   76290, 26055,  2.8724367E-02,  5.8289681E+05
   76301, 26055,  3.8958993E-02,  5.8289681E+05
   76302, 26055,  3.2445751E-02,  5.8289681E+05
   76303, 26055,  2.9553123E-02,  5.8289681E+05
   76622,  2001,  1.9643551E-02,  3.4392658E+06
   76623,  2001,  3.9876406E-03,  3.4392658E+06
   76625,  2001,  2.9936833E-03,  3.4392658E+06
   76638,  2002,  9.9845305E-03,  1.8330056E+06
   76640,  2002,  8.9570023E-03,  1.8330056E+06
   76642, 26055,  3.8054429E-02,  5.8289681E+05
   76652, 26055,  3.9694730E-02,  5.8289681E+05
   76653, 26055,  3.2386307E-02,  5.8289681E+05
   76654, 26055,  1.1507558E-03,  5.8289681E+05
   76974,  2001,  1.0745463E-02,  3.4392658E+06
   76975,  2001,  1.4268775E-02,  3.4392658E+06
   76976,  2001,  8.3085177E-03,  3.4392658E+06
   76977,  2001,  5.7757087E-04,  3.4392658E+06
   76990,  2002,  2.9990850E-03,  1.8330056E+06
   76991,  2002,  8.1494059E-03,  1.8330056E+06
   76992,  2002,  2.8689201E-03,  1.8330056E+06
   76993,  2002,  1.8724794E-02,  1.8330056E+06
   76994, 26055,  3.2600924E-02,  5.8289681E+05
   76995, 26055,  5.8261855E-03,  5.8289681E+05
   77003, 26055,  4.5230640E-03,  5.8289681E+05
   77004, 26055,  4.7728844E-02,  5.8289681E+05
   77005, 26055,  6.8690081E-04,  5.8289681E+05
   77327,  2005,  3.4176195E-01,  1.7868900E+05
   77328,  2001,  1.5466054E-03,  3.4392658E+06
   77329,  2001,  4.4537356E-04,  3.4392658E+06
   77330,  2001,  9.1742743E-03,  3.4392658E+06
   77339,  2002,  3.1768461E-03,  1.8330056E+06
   77340,  2002,  4.4271583E-03,  1.8330056E+06
   77343,  2002,  1.0190498E-02,  1.8330056E+06
   77344,  2002,  4.2425040E-03,  1.8330056E+06
   77345,  2002,  2.5498113E-02,  1.8330056E+06
   77346,  2002,  1.7847219E-02,  1.8330056E+06
   77347, 26055,  8.8843390E-02,  5.8289681E+05
   77355, 26055,  2.4644662E-02,  5.8289681E+05
   77356, 26055,  3.4609985E-02,  5.8289681E+05
   77680,  2005,  2.0928425E-01,  1.7868900E+05
   77683,  2001,  8.7514875E-04,  3.4392658E+06
   77684,  2001,  6.1821728E-03,  3.4392658E+06
   77692,  2002,  1.2138362E-02,  1.8330056E+06
   77696,  2002,  1.2291175E-02,  1.8330056E+06
   77697,  2002,  7.7888588E-03,  1.8330056E+06
   77698,  2002,  2.2785269E-02,  1.8330056E+06
   77699,  2002,  1.6306747E-02,  1.8330056E+06
   77700,  2002,  2.2367094E-02,  1.8330056E+06
   77701, 26055,  1.3339979E-02,  5.8289681E+05
   77706, 26055,  3.2641929E-02,  5.8289681E+05
   77707, 26055,  3.3895802E-02,  5.8289681E+05
   77708, 26055,  9.3346853E-03,  5.8289681E+05
   78032,  2005,  1.3425386E-01,  1.7868900E+05
   78033,  2005,  9.8767564E-02,  1.7868900E+05
   78037,  2001,  5.8303988E-03,  3.4392658E+06
   78044,  2002,  7.9914732E-03,  1.8330056E+06
   78045,  2002,  2.7003428E-03,  1.8330056E+06
   78049,  2002,  1.0248313E-02,  1.8330056E+06
   78051,  2002,  1.4990697E-02,  1.8330056E+06
   78052,  2002,  1.4600376E-02,  1.8330056E+06
   78053,  2002,  2.1010300E-02,  1.8330056E+06
   78054, 26055,  5.0618377E-02,  5.8289681E+05
   78055, 26055,  8.5420758E-03,  5.8289681E+05
   78056, 26055,  2.3193290E-03,  5.8289681E+05
   78057, 26055,  3.4008548E-02,  5.8289681E+05
   78058, 26055,  3.4001593E-02,  5.8289681E+05
   78059, 26055,  3.5246890E-03,  5.8289681E+05
   78384,  2005,  1.6523072E-01,  1.7868900E+05
   78385,  2005,  1.2082737E-01,  1.7868900E+05
   78389,  2003,  9.0768248E-02,  3.5886869E+05
   78390,  2003,  2.0805582E-02,  3.5886869E+05
   78397,  2002,  1.0123034E-02,  1.8330056E+06
   78402,  2002,  1.0058879E-02,  1.8330056E+06
   78403,  2002,  1.3145486E-02,  1.8330056E+06
   78404,  2002,  3.1191479E-02,  1.8330056E+06
   78405,  2002,  2.5942300E-02,  1.8330056E+06
   78406,  2002,  1.8337086E-02,  1.8330056E+06
   78407,  2002,  2.6251677E-02,  1.8330056E+06
   78408,  2002,  3.6717046E-02,  1.8330056E+06
   78409, 26055,  4.6508614E-02,  5.8289681E+05
   78737,  2005,  2.0300604E-01,  1.7868900E+05
   78740,  2004,  2.5031220E-03,  3.5956303E+05
   78741,  2004,  1.6729906E-02,  3.5956303E+05
   78742,  2003,  5.7222359E-02,  3.5886869E+05
   78746,  2003,  6.7209736E-03,  3.5886869E+05
   78747,  2003,  3.9269980E-02,  3.5886869E+05
   78750,  2002,  2.1851982E-03,  1.8330056E+06
   78751,  2002,  7.7924929E-03,  1.8330056E+06
   78755,  2002,  1.9617567E-02,  1.8330056E+06
   78756,  2002,  8.3106477E-03,  1.8330056E+06
   78757,  2002,  1.8327393E-02,  1.8330056E+06
   78758,  2002,  1.7027833E-02,  1.8330056E+06
   78759,  2002,  2.0029899E-02,  1.8330056E+06
   78760,  2002,  1.4168403E-02,  1.8330056E+06
   78761,  2002,  1.0278443E-02,  1.8330056E+06
   79090,  2005,  2.5059205E-01,  1.7868900E+05
   79091,  2004,  9.7036801E-02,  3.5956303E+05
   79092,  2004,  7.2892092E-02,  3.5956303E+05
   79093,  2004,  6.7352504E-02,  3.5956303E+05
   79094,  2004,  5.4178786E-02,  3.5956303E+05
   79095,  2003,  7.0717379E-02,  3.5886869E+05
   79097,  2003,  2.5953263E-02,  3.5886869E+05
   79098,  2003,  5.6723814E-02,  3.5886869E+05
   79099,  2003,  5.3475864E-02,  3.5886869E+05
   79100,  2003,  1.9862479E-02,  3.5886869E+05
   79101,  2003,  8.6822197E-02,  3.5886869E+05
   79102,  2003,  4.3458372E-02,  3.5886869E+05
   79103,  2002,  9.8875072E-03,  1.8330056E+06
   79104,  2002,  1.6774382E-02,  1.8330056E+06
   79105,  2002,  1.1571885E-02,  1.8330056E+06
   79106,  2002,  1.5503289E-02,  1.8330056E+06
   79107,  2002,  2.3102958E-02,  1.8330056E+06
   79108,  2002,  2.0186642E-02,  1.8330056E+06
   79109,  2002,  1.0600318E-02,  1.8330056E+06
   79110,  2002,  9.9514853E-03,  1.8330056E+06
   79111,  2002,  9.8664714E-03,  1.8330056E+06
   79112,  2002,  2.0218968E-02,  1.8330056E+06
   79113,  2002,  2.0598792E-02,  1.8330056E+06
   79114,  2002,  2.9992189E-02,  1.8330056E+06
   79115,  2002,  4.3176119E-03,  1.8330056E+06
   79443,  2004,  1.4270440E-01,  3.5956303E+05
   79444,  2004,  1.5087755E-01,  3.5956303E+05
   79445,  2004,  6.0644735E-02,  3.5956303E+05
   79446,  2004,  1.1369793E-01,  3.5956303E+05
   79447,  2004,  1.2698293E-01,  3.5956303E+05
   79448,  2003,  1.2204602E-01,  3.5886869E+05
   79449,  2003,  5.4549161E-02,  3.5886869E+05
   79450,  2003,  3.4251131E-02,  3.5886869E+05
   79454,  2003,  4.8248254E-02,  3.5886869E+05
   79455,  2003,  8.7089844E-02,  3.5886869E+05
   79456,  2002,  1.0205813E-02,  1.8330056E+06
   79457,  2002,  1.0524858E-02,  1.8330056E+06
   79458,  2002,  1.0896312E-02,  1.8330056E+06
   79459,  2002,  3.8859725E-03,  1.8330056E+06
   79460,  2002,  6.9692889E-03,  1.8330056E+06
   79461,  2002,  1.2054194E-02,  1.8330056E+06
   79462,  2002,  4.9132742E-03,  1.8330056E+06
   79468,  2002,  1.0625967E-02,  1.8330056E+06
