LATC,LONC,SCC,ANNCO,ANNNOX,ANNPM10,ANNPM25,ANNSO2,ANNVOC,Capa,STKHGT,STKDIAM,STKTEMP,STKFLOW,STKVEL,F,H efectiva
25.781388,-100.1886,39990001,,,3311.3,3190.5,,,3,57.9,3.0839,368,226.45,30.3,5.4,161.2
25.590277,-100.0011,30600111,434.64,259.72,137.94,89.66,2089.95,1067.7,2,131,9.8425,566,2646.02,34.8,222.7,536.3
25.590277,-100.0011,30600105,41,24.5,13.01,8.46,197.16,100.73,3,98.4,6.5616,427,166.42,4.9,7,186.3
25.590277,-100.0011,30600111,104.56,62.48,33.18,21.57,502.77,256.85,2,144,14.763,654,954.81,5.6,106,431.4
25.590277,-100.0011,30600111,43.05,25.73,13.66,8.88,207.02,105.76,2,144,14.763,654,393.16,2.3,43.6,332.2
25.590277,-100.0011,30600105,35.54,21.24,11.28,7.33,170.88,87.3,3,98.4,6.5616,427,144.23,4.3,6,179
25.590277,-100.0011,30600105,35.54,21.24,11.28,7.33,170.88,87.3,3,98.4,6.5616,427,144.23,4.3,6,179
25.590277,-100.0011,30600111,46.47,27.77,14.75,9.59,223.45,114.16,3,98.4,6.5616,427,188.61,5.6,7.9,193
25.590277,-100.0011,30600111,60.14,35.94,19.09,12.41,289.17,147.73,3,98.4,6.5616,427,244.08,7.2,10.2,207.6
25.590277,-100.0011,30600111,18.45,11.03,5.86,3.81,88.72,45.33,2,131,14.763,935,168.5,1,33.1,303
25.590277,-100.0011,30600111,147.61,88.21,46.85,30.45,709.79,362.62,2,131,14.763,598,1347.97,7.9,126.6,451.1
25.590277,-100.0011,30600111,146.93,87.8,46.63,30.31,706.51,360.94,2,114,8.2021,519,745.41,14.1,52,340.5
31.863611,-116.6108,31499999,4.94,0.07,9.78,9.42,0.07,7750.4,4,29.8,1.8044,141,37.08,14.5,1.7,106.5
31.863611,-116.6108,30500606,,22.61,10.66,7.18,268.62,,3,74,3.2808,175,418.81,49.5,14.7,223.1
31.863611,-116.6108,30900199,,,880.92,528.55,,648.03,4,29.5,2.0997,177,86.45,25,3,126.8
31.863611,-116.6108,40400101,,,,,,686.89,7,10.4,0.5249,67.7,0.59,2.7,0,31.2
32.663333,-115.4677,10102101,0.19,50.99,0.67,0.66,29.25,0.02,3,45.9,10.301,265,2023.65,24.3,15.4,217.9
32.627777,-115.4588,30200701,,,12.34,0.43,,,3,63.8,2.6902,137,250.09,44,11.7,205.2
32.5875,-115.3886,30200701,1.29,17.43,1.61,1.41,28.86,0.07,3,63.8,2.6902,137,250.09,44,11.7,205.2
32.599444,-115.4111,30201901,10,76.67,34.02,21.78,659.74,0.48,3,35,1.8044,112,86.17,33.7,4.7,147.6
32.595277,-115.3613,30299999,0.83,9.13,5.58,4.88,10.05,0.21,3,49.1,1.8372,157,95.59,36.1,3.9,143.6
31.054166,-115.3977,30302401,2.52,10.28,494,144.25,34.46,0.11,3,40.2,3.2152,108,616.13,75.9,34.2,278.1
32.599444,-115.4016,30101801,,,,,,58.2,4,53.8,1.706,190,69,30.2,2.1,121.3
32.597777,-115.4213,30101801,,,,,,22.38,4,53.8,1.706,190,69,30.2,2.1,121.3
32.606388,-115.433,30101801,0.06,0.36,0.06,0.06,,13.71,4,53.8,1.706,190,69,30.2,2.1,121.3
32.6,-115.4033,30101401,0.11,0.68,0.02,0.02,,28.32,4,27.9,2.6902,126,81.31,14.3,4.1,139.2
32.6075,-115.5127,30101401,10.2,12.45,552.91,532.75,81.05,80.61,4,27.9,2.6902,126,81.31,14.3,4.1,139.2
32.66333,-115.4677,30800801,1.05,26.35,6.92,6.05,169.34,60.48,4,25.5,1.706,128,81.15,35.5,4,137.9
32.62,-115.4455,30800801,0.68,7.57,4.63,4.05,83.47,27.54,4,25.5,1.706,128,81.15,35.5,4,137.9
32.561111,-115.42,30500301,0.29,1.37,8.77,8.03,1.8,0.02,3,35.3,2.6574,230,235.48,42.5,4.3,144
32.596111,-115.4136,30501401,10.81,101.11,807.77,772.39,828.04,432.34,3,118,5.643,458,432.43,17.3,22.2,266
32.523888,-115.4141,30501401,,766.48,58.17,0.17,35.16,342.55,4,59,2.6246,331,240.17,44.4,3,136.1
32.596111,-115.3894,30501101,,,10.36,6.98,,,3,31.4,2.8871,112,170.11,26,9.2,181.4
32.669444,-115.4072,30499999,0.14,0.01,0.54,0.52,,79.56,4,41.4,2.0997,242,124.97,36.1,1.8,112.8
32.513055,-115.3458,30400701,10.03,32.32,345.64,328.01,,,3,39.4,2.6902,157,190.97,33.6,7.7,174
32.614166,-115.3894,30400701,38.63,0.01,3.58,3.39,0.32,0.06,3,39.4,2.6902,157,190.97,33.6,7.7,174
32.596666,-115.4016,30499999,0.36,4.05,2.47,2.16,44.52,12.8,4,41.4,2.0997,242,124.97,36.1,1.8,112.8
32.603888,-115.5194,30900199,,,,,,33.87,4,29.5,2.0997,177,86.45,25,3,126.8
32.66333,-115.4677,30900199,0.4,2.39,9.82,5.89,,0.07,4,29.5,2.0997,177,86.45,25,3,126.8
32.600277,-115.4013,31299999,0.75,4.49,0.13,0.13,,10.48,4,30.5,1.9028,163,65.41,23,2.5,120.9
32.595,-115.4025,31399999,0.33,1.95,0.05,0.03,,18.3,4,37.4,1.706,122,60.37,26.4,3.1,130.7
32.636944,-115.493,31399999,,,,,,11.35,4,37.4,1.706,122,60.37,26.4,3.1,130.7
32.616388,-115.4238,31400901,2.76,0.98,,,,142.3,7,20.9,1.706,291,37.72,16.5,0,24.9
32.594722,-115.4022,31499999,13.86,13,0.36,0.36,0.21,0.5,4,29.8,1.8044,141,37.08,14.5,1.7,106.5
32.66333,-115.4677,31499999,1.11,4.85,,,9.92,0.08,4,29.8,1.8044,141,37.08,14.5,1.7,106.5
32.66333,-115.4677,30702001,,,,,,14.88,3,34.5,3.2152,107,296.48,36.5,16.5,219.2
32.66333,-115.4677,39990001,,,26.23,25.28,,58.31,3,57.9,3.0839,368,226.45,30.3,5.4,161.2
32.668055,-115.4102,39990001,1.08,6.53,0.2,0.2,0.01,40.86,3,57.9,3.0839,368,226.45,30.3,5.4,161.2
32.66333,-115.4677,40400101,,,,,,16.98,7,10.4,0.5249,67.7,0.59,2.7,0,31.2
32.623333,-115.4038,30299999,2.04,12.04,3.65,,,0.21,3,49.1,1.8372,157,95.59,36.1,3.9,143.6
32.572222,-116.6402,39990001,1.61,6.44,,,0.07,18.79,3,57.9,3.0839,368,226.45,30.3,5.4,161.2
32.534722,-117.0436,10102101,0.25,67.63,0.89,0.88,38.8,0.03,3,49.2,10.301,267,2051,24.6,14.4,214.2
32.534722,-117.0436,10100404,2.73,728.42,9.63,9.47,417.89,0.34,3,52.4,10.301,269,2078.35,24.9,13.3,210
32.534722,-117.0436,30203001,1.05,11.22,5.71,4.99,117.86,0.32,3,58.4,3.2808,204,388.86,46,10.2,195.4
32.534722,-117.0436,30299999,0.27,2.73,1.38,1.2,28.45,0.08,3,49.1,1.8372,157,95.59,36.1,3.9,143.6
32.534722,-117.0436,30203201,48.91,288.04,8.74,8.74,0.16,12.79,5,40.2,1.2139,316,28.36,24.5,0.2,62.1
32.534722,-117.0436,30299999,0.21,1.26,0.04,0.04,,13.09,3,49.1,1.8372,157,95.59,36.1,3.9,143.6
32.534722,-117.0436,30799901,0.15,0.88,0.03,0.02,,33.23,3,41,3.9042,145,323.25,27,14.3,211.2
32.534722,-117.0436,30799901,,,,,,150.42,3,41,3.9042,145,323.25,27,14.3,211.2
32.534722,-117.0436,30799901,,,,,,58.29,3,41,3.9042,145,323.25,27,14.3,211.2
32.534722,-117.0436,30799901,,,,,,34.2,3,41,3.9042,145,323.25,27,14.3,211.2
32.534722,-117.0436,30799901,,,,,,31.61,3,41,3.9042,145,323.25,27,14.3,211.2
32.534722,-117.0436,30799901,,,,,,15.52,3,41,3.9042,145,323.25,27,14.3,211.2
32.534722,-117.0436,30799901,,,,,,17.26,3,41,3.9042,145,323.25,27,14.3,211.2
32.534722,-117.0436,30799901,,,,,,16.81,3,41,3.9042,145,323.25,27,14.3,211.2
32.534722,-117.0436,30799901,,,,,,14.53,3,41,3.9042,145,323.25,27,14.3,211.2
32.534722,-117.0436,30799901,,,,,,102.97,3,41,3.9042,145,323.25,27,14.3,211.2
32.534722,-117.0436,30799901,,,,,,72,3,41,3.9042,145,323.25,27,14.3,211.2
32.534722,-117.0436,30701201,0.1,1.12,0.59,0.51,12.14,1.45,4,48.4,2.5918,99.4,61.97,11.7,3.6,140.3
32.534722,-117.0436,30701201,0.37,3.96,2.06,1.8,42.67,0.11,3,68.2,4.3963,260,368.54,24.3,3.4,143.6
32.534722,-117.0436,30701201,,,,,,70.96,4,48.4,2.5918,99.4,61.97,11.7,3.6,140.3
32.45,-116.9666,30701201,0.13,0.79,0.02,0.02,,238.63,4,48.4,2.5918,99.4,61.97,11.7,3.6,140.3
32.534722,-117.0436,30101801,,,,,,95.01,4,53.8,1.706,190,69,30.2,2.1,121.3
32.534722,-117.0436,30101801,,,,,,21.16,4,53.8,1.706,190,69,30.2,2.1,121.3
32.534722,-117.0436,30101801,,,,,,15.62,4,53.8,1.706,190,69,30.2,2.1,121.3
32.534722,-117.0436,30101801,,,,,,93.58,4,53.8,1.706,190,69,30.2,2.1,121.3
32.534722,-117.0436,30101801,,,,,,11.43,4,53.8,1.706,190,69,30.2,2.1,121.3
32.534722,-117.0436,30101401,3.67,0.87,0.03,0.03,0.14,34.28,4,27.9,2.6902,126,81.31,14.3,4.1,139.2
32.534722,-117.0436,31600301,0.03,0.19,0.01,0.01,,100.13,4,36.6,2.9199,247,236.61,35.3,3.1,130.6
32.534722,-117.0436,30800801,0.72,7.91,4.14,3.62,85.64,0.22,4,25.5,1.706,128,81.15,35.5,4,137.9
32.534722,-117.0436,30800801,0.63,6.96,3.65,3.19,75.53,0.16,4,25.5,1.706,128,81.15,35.5,4,137.9
32.534722,-117.0436,30500801,1.52,0.91,,,,94.5,3,32.3,1.8372,140,115.34,43.5,5.3,152.4
32.534722,-117.0436,30501401,,,,,,355.18,3,78.3,3.412,331,405.89,44.4,5.1,164.6
32.534722,-117.0436,30501101,,,15.09,10.17,,,3,31.4,2.8871,112,170.11,26,9.2,181.4
32.534722,-117.0436,30400701,,,,,,19.84,3,39.4,2.6902,157,190.97,33.6,7.7,174
32.534722,-117.0436,30499999,0.16,0.94,0.03,0.03,,32.02,4,41.4,2.0997,242,124.97,36.1,1.8,112.8
32.534722,-117.0436,30499999,6.4,37.72,11.43,,,68.47,4,41.4,2.0997,242,124.97,36.1,1.8,112.8
32.534722,-117.0436,30900199,,,,,,20.09,4,29.5,2.0997,177,86.45,25,3,126.8
32.534722,-117.0436,30900199,,,,,,21.86,4,29.5,2.0997,177,86.45,25,3,126.8
32.534722,-117.0436,30900199,0.16,0.94,0.03,0.03,,1071.3,4,29.5,2.0997,177,86.45,25,3,126.8
32.534722,-117.0436,30900199,0.11,0.63,0.02,0.02,,13.21,4,29.5,2.0997,177,86.45,25,3,126.8
32.534722,-117.0436,30900199,,,,,,19.13,4,29.5,2.0997,177,86.45,25,3,126.8
32.534722,-117.0436,30900199,0.01,0.04,,,,33.68,4,29.5,2.0997,177,86.45,25,3,126.8
32.534722,-117.0436,30900199,0.02,0.13,,,,12.11,4,29.5,2.0997,177,86.45,25,3,126.8
32.534722,-117.0436,31502001,,,,,,16.97,6,39.9,0.6889,90.9,0.64,1.7,0,39.8
32.534722,-117.0436,31502001,,,,,,66.52,6,39.9,0.6889,90.9,0.64,1.7,0,39.8
32.534722,-117.0436,31502001,,,,,,37.34,6,39.9,0.6889,90.9,0.64,1.7,0,39.8
32.534722,-117.0436,31502001,,,,,,13.06,6,39.9,0.6889,90.9,0.64,1.7,0,39.8
32.534722,-117.0436,31501000,,,,,,20.27,6,39.9,0.6889,90.9,0.64,1.7,0,39.8
32.534722,-117.0436,31399999,,,,,,34.11,4,37.4,1.706,122,60.37,26.4,3.1,130.7
32.534722,-117.0436,31399999,,,,,,34.38,4,37.4,1.706,122,60.37,26.4,3.1,130.7
32.534722,-117.0436,31399999,,,,,,29.69,4,37.4,1.706,122,60.37,26.4,3.1,130.7
32.534722,-117.0436,31399999,,,,,,22.08,4,37.4,1.706,122,60.37,26.4,3.1,130.7
32.534722,-117.0436,31399999,2.52,10.86,0.49,0.49,2.99,266.84,4,37.4,1.706,122,60.37,26.4,3.1,130.7
32.534722,-117.0436,31399999,,,,,,22.35,4,37.4,1.706,122,60.37,26.4,3.1,130.7
32.534722,-117.0436,31399999,,,,,,32.76,4,37.4,1.706,122,60.37,26.4,3.1,130.7
32.534722,-117.0436,31399999,,,,,,11.67,4,37.4,1.706,122,60.37,26.4,3.1,130.7
32.534722,-117.0436,31399999,,,,,,1069.2,4,37.4,1.706,122,60.37,26.4,3.1,130.7
32.534722,-117.0436,31399999,,,,,,16.12,4,37.4,1.706,122,60.37,26.4,3.1,130.7
32.534722,-117.0436,31399999,,,,,,12.32,4,37.4,1.706,122,60.37,26.4,3.1,130.7
32.534722,-117.0436,31399999,,,,,,22.9,4,37.4,1.706,122,60.37,26.4,3.1,130.7
32.534722,-117.0436,31399999,,,,,,22.35,4,37.4,1.706,122,60.37,26.4,3.1,130.7
32.534722,-117.0436,31399999,,,,,,29.11,4,37.4,1.706,122,60.37,26.4,3.1,130.7
32.534722,-117.0436,31399999,,,,,,87.5,4,37.4,1.706,122,60.37,26.4,3.1,130.7
32.534722,-117.0436,31399999,,,,,,65.42,4,37.4,1.706,122,60.37,26.4,3.1,130.7
32.534722,-117.0436,31399999,,,,,,11.12,4,37.4,1.706,122,60.37,26.4,3.1,130.7
32.534722,-117.0436,31399999,,,,,,25.75,4,37.4,1.706,122,60.37,26.4,3.1,130.7
32.534722,-117.0436,31399999,,,,,,22.03,4,37.4,1.706,122,60.37,26.4,3.1,130.7
32.534722,-117.0436,31399999,,,,,,20.33,4,37.4,1.706,122,60.37,26.4,3.1,130.7
32.534722,-117.0436,31399999,1.55,9.11,,,,4.59,4,37.4,1.706,122,60.37,26.4,3.1,130.7
32.534722,-117.0436,31399999,0.01,0.06,,,0.02,101.64,4,37.4,1.706,122,60.37,26.4,3.1,130.7
32.534722,-117.0436,31399999,,,,,,12.86,4,37.4,1.706,122,60.37,26.4,3.1,130.7
32.534722,-117.0436,31399999,,,,,,13.34,4,37.4,1.706,122,60.37,26.4,3.1,130.7
32.534722,-117.0436,31301001,153.44,0.11,12.86,12.2,1.27,0.48,3,29.9,2.0013,108,200.43,63.7,11.1,191.9
32.534722,-117.0436,39990001,0.41,2.41,0.07,0.07,,239.49,3,57.9,3.0839,368,226.45,30.3,5.4,161.2
32.534722,-117.0436,31399999,,,15.39,9.23,,0.04,4,37.4,1.706,122,60.37,26.4,3.1,130.7
32.534722,-117.0436,31400901,,,,,,29.08,7,20.9,1.706,291,37.72,16.5,0,24.9
32.534722,-117.0436,31499999,1.18,0.23,,,0.04,108.42,4,29.8,1.8044,141,37.08,14.5,1.7,106.5
32.534722,-117.0436,31499999,,,,,,16.3,4,29.8,1.8044,141,37.08,14.5,1.7,106.5
32.534722,-117.0436,30799901,,,,,,30.14,3,41,3.9042,145,323.25,27,14.3,211.2
32.534722,-117.0436,30702001,,,,,,164.24,3,34.5,3.2152,107,296.48,36.5,16.5,219.2
32.534722,-117.0436,30702001,,,,,,194.13,3,34.5,3.2152,107,296.48,36.5,16.5,219.2
32.534722,-117.0436,30702001,,,,,,146.19,3,34.5,3.2152,107,296.48,36.5,16.5,219.2
32.534722,-117.0436,30702001,,0.02,,,,30.22,3,34.5,3.2152,107,296.48,36.5,16.5,219.2
32.534722,-117.0436,30702001,,,,,,30.73,3,34.5,3.2152,107,296.48,36.5,16.5,219.2
32.534722,-117.0436,30702001,,,,,,83.08,3,34.5,3.2152,107,296.48,36.5,16.5,219.2
32.534722,-117.0436,30702001,,,,,,17.81,3,34.5,3.2152,107,296.48,36.5,16.5,219.2
32.534722,-117.0436,30702001,0.19,1.12,0.03,0.03,,129.03,3,34.5,3.2152,107,296.48,36.5,16.5,219.2
32.534722,-117.0436,30702001,,,,,,105.56,3,34.5,3.2152,107,296.48,36.5,16.5,219.2
32.534722,-117.0436,30702001,,,,,,22.31,3,34.5,3.2152,107,296.48,36.5,16.5,219.2
32.534722,-117.0436,39990001,,,,,,19.29,3,57.9,3.0839,368,226.45,30.3,5.4,161.2
32.534722,-117.0436,39990001,0.72,4.25,0.13,0.13,,23.12,3,57.9,3.0839,368,226.45,30.3,5.4,161.2
32.534722,-117.0436,39990001,,,,,,23.8,3,57.9,3.0839,368,226.45,30.3,5.4,161.2
32.534722,-117.0436,39990001,,,,,,129.86,3,57.9,3.0839,368,226.45,30.3,5.4,161.2
32.534722,-117.0436,39990001,,0.01,,,,13.04,3,57.9,3.0839,368,226.45,30.3,5.4,161.2
32.534722,-117.0436,39990001,,,,,,14.41,3,57.9,3.0839,368,226.45,30.3,5.4,161.2
32.534722,-117.0436,39990001,,,,,,31.14,3,57.9,3.0839,368,226.45,30.3,5.4,161.2
32.534722,-117.0436,39990001,,,,,,30.93,3,57.9,3.0839,368,226.45,30.3,5.4,161.2
32.534722,-117.0436,39990001,0.01,0.05,,,,16.41,3,57.9,3.0839,368,226.45,30.3,5.4,161.2
32.534722,-117.0436,39990001,,,,,,32.03,3,57.9,3.0839,368,226.45,30.3,5.4,161.2
32.534722,-117.0436,39990001,,,,,,17.74,3,57.9,3.0839,368,226.45,30.3,5.4,161.2
32.534722,-117.0436,39990001,0.03,0.16,,,,52.82,3,57.9,3.0839,368,226.45,30.3,5.4,161.2
32.534722,-117.0436,39990001,,,,,,20.8,3,57.9,3.0839,368,226.45,30.3,5.4,161.2
32.534722,-117.0436,39990001,,,,,,59.84,3,57.9,3.0839,368,226.45,30.3,5.4,161.2
32.534722,-117.0436,39990001,,,,,,18.32,3,57.9,3.0839,368,226.45,30.3,5.4,161.2
32.534722,-117.0436,39990001,,,,,,18.48,3,57.9,3.0839,368,226.45,30.3,5.4,161.2
32.534722,-117.0436,39990001,,,,,,30.66,3,57.9,3.0839,368,226.45,30.3,5.4,161.2
32.534722,-117.0436,39990001,,,,,,18.8,3,57.9,3.0839,368,226.45,30.3,5.4,161.2
32.534722,-117.0436,39990001,,,,,,19.97,3,57.9,3.0839,368,226.45,30.3,5.4,161.2
32.534722,-117.0436,39990001,,,,,,37.04,3,57.9,3.0839,368,226.45,30.3,5.4,161.2
32.534722,-117.0436,39990001,0.67,3.93,0.12,0.12,,20.37,3,57.9,3.0839,368,226.45,30.3,5.4,161.2
32.534722,-117.0436,39990001,,,,,,48.62,3,57.9,3.0839,368,226.45,30.3,5.4,161.2
32.534722,-117.0436,39990001,,,,,,26.85,3,57.9,3.0839,368,226.45,30.3,5.4,161.2
32.534722,-117.0436,39990001,,0.02,,,,13.19,3,57.9,3.0839,368,226.45,30.3,5.4,161.2
32.534722,-117.0436,33000101,,,,,,287.35,4,36.6,2.9199,247,236.61,35.3,3.1,130.6
32.534722,-117.0436,33000101,,,,,,36.99,4,36.6,2.9199,247,236.61,35.3,3.1,130.6
32.534722,-117.0436,30610001,0.28,3.06,4.31,3.76,33.14,4.7,5,38.6,2.2965,294,147.25,35.5,0.2,58
32.354722,-117.0666,10100202,54.82,402.9412,447.3,439.45,6546.25,18.65,3,125,8.6056,319,2545.64,43.8,22.5,269.3
32.354722,-117.0666,10100202,54.82,402.9412,447.3,439.45,6546.25,18.65,3,125,8.6056,319,2545.64,43.8,22.5,269.3
32.354722,-117.0666,10100202,54.82,402.9412,447.3,439.45,6546.25,18.65,3,125,8.6056,319,2545.64,43.8,22.5,269.3
32.354722,-117.0666,10100202,54.82,402.9412,447.3,439.45,6546.25,18.65,2,125,11.482,319,3910.71,37.8,34.6,304.9
32.354722,-117.0666,10100202,94.89,697.537,,,,,2,328,12.5,319,7049.86,57.4,62.3,424.7
32.354722,-117.0666,10100202,94.89,697.537,,,,,2,328,12.5,319,7049.86,57.4,62.3,424.7
32.354722,-117.0666,10100202,59.86,440.0182,,,,,6,131,18.044,199,0,0,0,39.9
32.354722,-117.0666,10100202,59.86,440.0182,,,,,6,131,18.044,199,0,0,0,39.9
32.24939,-116.91,40400101,0.02,0.1,0.01,0.01,0.01,90.88,5,10.4,1.4763,67.7,4.66,2.7,0.3,58.9
26.783888,-101.4338,39999999,4.22,25.21,13.15,8.44,69.68,0.17,3,39.3,3.8057,194,253.79,22.3,7.4,171.8
26.985833,-102.0666,30504001,9.24,,218.36,122.83,104.8,,3,33.9,3.7073,143,439.51,40.7,19.7,231.5
25.775,-103.273,10100601,10.84,42.93,0.85,0.84,0.15,0.28,3,49.2,10.301,267,2051,24.6,14.4,214.2
26.926388,-101.4491,31499999,19.34,23.03,16.8,15.06,0.14,2,4,29.8,1.8044,141,37.08,14.5,1.7,106.5
26.900833,-101.418,30504001,226.11,376.85,20.46,,0.48,23.42,3,33.9,3.7073,143,439.51,40.7,19.7,231.5
26.900833,-101.418,10100601,13.58,53.74,1.06,1.05,0.16,0.35,3,49.2,10.301,267,2051,24.6,14.4,214.2
26.900833,-101.418,30103301,0.18,1038,9.51,9.41,,,4,59.7,2.3293,333,131.29,30.8,1.7,116.3
26.900833,-101.418,30300933,,,9369,9181.62,,,1,91.8,19.685,209,26759.74,87.9,660.9,741.4
26.900833,-101.418,30300913,,,11.5,11.27,,75,2,164,3.937,130,547.18,44.9,26.7,294.7
26.900833,-101.418,30300931,12,1386,89.5,87.71,,24,1,131,13.123,843,6301.63,46.6,1062.5,875.6
26.900833,-101.418,30300931,13,1386,89.5,87.71,,26,1,131,13.123,818,6301.63,46.6,1014.4,862.8
26.900833,-101.418,30300931,33,1386,346,339.08,,66,1,104,11.811,911,4313.51,39.4,816.7,797.2
26.900833,-101.418,30300931,33,1386,346,339.08,,66,1,104,11.811,911,4313.51,39.4,816.7,797.2
26.900833,-101.418,30300933,575,,36,35.28,,1150,2,209,4.8228,1703,899.02,49.2,387.3,660.7
26.900833,-101.418,10200402,145,604,58.5,57.33,318.75,290,2,124,5.9055,751,1617.57,59.1,227.4,537.7
26.900833,-101.418,10200704,145,1753,58.5,57.33,318.75,290,2,98.4,7.4803,751,2595.3,59.1,364.8,615.2
26.900833,-101.418,10200704,16,4682,,,,32,2,98.4,7.4803,721,1874.38,42.7,246.3,543.4
26.900833,-101.418,10200402,41,1283,,,,82,2,99,11.417,638,1679.47,16.4,178.2,491
26.900833,-101.418,30300317,140,1036,,,,280,2,328,13.451,400,1958.22,13.8,65.7,430.4
26.900833,-101.418,10200402,41,1283,,,,82,2,99,11.417,638,1679.47,16.4,178.2,491
26.900833,-101.418,10200402,48,1082,,,5368,96,2,131,11.056,319,5291.92,55.1,46.8,335
26.900833,-101.418,10200704,48,1082,,,5368,96,2,131,11.056,319,5291.92,55.1,46.8,335
26.900833,-101.418,30300814,,,369.5,362.11,30,,1,131,14.435,460,10041.34,61.4,520.4,698.7
26.900833,-101.418,30300815,,,4647,4554.06,,,2,82,4.9212,422,1460.3,76.8,58.8,343.4
26.900833,-101.418,30300317,140,1036,,,,280,2,328,13.451,400,1958.22,13.8,65.7,430.4
26.900833,-101.418,30300317,158,3009,,,,316,2,377,13.779,433,2299.54,15.4,100.3,495.4
26.900833,-101.418,30300317,639,1303,112,109.76,,1278,2,157,12.467,481,4726,38.7,275.2,580.6
26.900833,-101.418,30300828,,,36.5,35.77,,,2,164,4.5931,139,1141.62,68.9,52.6,356.8
26.900833,-101.418,30300828,,,26.5,25.97,,,2,164,4.5931,148,1359.07,82,58.8,368.5
26.900833,-101.418,30300913,,,11.5,11.27,,75,2,164,3.937,130,547.18,44.9,26.7,294.7
26.900833,-101.418,30300913,,,11.5,11.27,,75,2,164,3.937,130,547.18,44.9,26.7,294.7
26.8885,-101.1995,40400101,0.02,0.08,0.01,0.01,0.01,154.29,7,10.4,0.5249,67.7,0.59,2.7,0,31.2
27.878611,-101.5172,30504001,,15.98,21.02,6.14,206.47,,3,33.9,3.7073,143,439.51,40.7,19.7,231.5
28.241111,-101.5902,10102101,0.05,13.5,0.18,0.18,7.74,0.01,2,287,12.04,311,5999.6,52.7,38.4,363.8
28.420833,-100.7683,30501005,2.59,12.42,,,36.75,,3,72,3.9698,118,510.45,41.2,26.8,266.9
28.420833,-100.7683,30501005,6.48,31.11,,,92.04,,3,72,3.9698,118,510.45,41.2,26.8,266.9
28.420833,-100.7683,30501005,19.57,93.94,,,277.92,,3,72,3.9698,118,510.45,41.2,26.8,266.9
28.420833,-100.7683,10100202,320.15,15343.5,1208.03,1186.85,22319.75,25.65,2,393,17.552,258,19053,78.7,185.9,587.2
28.420833,-100.7683,10100202,320.15,15343.5,1208.03,1186.85,22319.75,25.65,2,393,17.552,254,19449.94,80.4,213.5,609.3
28.420833,-100.7683,10100202,320.15,15343.5,1208.03,1186.85,22319.75,25.65,2,393,17.552,280,19211.78,79.4,58.6,437.8
28.420833,-100.7683,10100202,320.15,15343.5,1208.03,1186.85,22319.75,25.65,2,393,17.552,272,20402.59,84.3,112,514.5
28.420833,-100.7683,10100212,276.45,10554.6,1037.88,1019.68,19196.5,22.25,2,393,18.044,247,17619.32,68.9,231,622.3
28.420833,-100.7683,10100212,276.45,10554.6,1037.88,1019.68,19196.5,22.25,2,393,18.044,247,17619.32,68.9,231,622.3
28.420833,-100.7683,10100202,276.45,15831.9,1037.88,1019.68,19196.5,22.25,2,393,18.044,247,17619.32,68.9,231,622.3
28.420833,-100.7683,10100202,276.45,15831.9,1037.88,1019.68,19196.5,22.25,2,393,18.044,247,17619.32,68.9,231,622.3
27.030555,-103.3666,30107001,462.23,509.87,132.31,51.6,61.6,,4,43.2,1.6404,157,34.18,16.2,1.4,104.5
27.313888,-102.3972,30399999,59.77,61.62,17.3,17.3,70.49,,3,56.2,2.6902,191,149.57,26.3,4.5,152.5
28.7,-100.523,50490004,,9.88,3.87,3.87,,3.43,3,42.2,3.5104,98.5,89.87,9.3,5.2,155.2
28.689444,-100.5227,31499999,24.15,28.74,5.32,5.13,0.17,17.57,4,29.8,1.8044,141,37.08,14.5,1.7,106.5
28.7,-100.523,30500301,10.04,11.95,12.66,11.59,0.07,1.04,3,35.3,2.6574,230,235.48,42.5,4.3,144
25.583333,-100.8833,30701201,44.35,52.8,51.52,39.16,0.32,4.59,3,108,4.9212,314,540.44,28.4,4,162.4
25.53944,-100.9475,30103301,124.73,735.02,22.27,,0.03,12.62,4,59.7,2.3293,333,131.29,30.8,1.7,116.3
25.54,-100.9388,30199999,,82.25,,,5.75,4.08,4,46.2,2.0997,202,85.55,24.7,2.3,122.1
25.526666,-100.9466,30199999,2.04,22.4,12.86,8.37,230.2,0.41,4,46.2,2.0997,202,85.55,24.7,2.3,122.1
25.53944,-100.9475,30400701,7.32,0.12,122.16,119.66,0.06,,3,39.4,2.6902,157,190.97,33.6,7.7,174
25.53944,-100.9475,31400901,10.29,,35.63,34.33,,381.91,7,20.9,1.706,291,37.72,16.5,0,24.9
25.909444,-101.5875,30500613,,,13.86,9.34,,,2,32.4,4.9212,92.9,686.47,36.1,41.3,292.9
25.909444,-101.5875,30500614,4503,767.6,27.73,18.69,4.87,93.29,2,78.7,9.8425,224,4643.02,61,93.4,395.6
25.909444,-101.5875,30500629,,,13.86,9.34,,,2,39.3,6.5616,83.9,1564.31,46.3,98.3,390
25.909444,-101.5875,30500699,237,40.4,,,0.26,4.91,8,38.7,2.9527,290,51.67,7.5,0,11.8
25.909444,-101.5875,39999999,,5.56,2.18,2.18,,1.93,3,39.3,3.8057,194,253.79,22.3,7.4,171.8
27.94621,-101.1326,40400101,0.01,0.01,,,,148.16,7,10.4,0.5249,67.7,0.59,2.7,0,31.2
25.433333,-101,30199999,8.8,10.48,34.42,33.68,0.06,0.91,4,46.2,2.0997,202,85.55,24.7,2.3,122.1
25.433333,-101,30101401,7.11,8.47,0.64,0.64,0.05,0.74,4,27.9,2.6902,126,81.31,14.3,4.1,139.2
25.433333,-101,30399999,1.77,16.69,8.73,5.65,160.55,0.29,3,56.2,2.6902,191,149.57,26.3,4.5,152.5
25.440277,-101.0069,30400701,,,36.6,35.85,,,3,39.4,2.6902,157,190.97,33.6,7.7,174
25.4575,-100.9972,30400701,,,3393.4,3324.2,,,3,39.4,2.6902,157,190.97,33.6,7.7,174
25.191666,-101.0916,31400901,26.68,31.76,26.42,25.46,0.19,2.76,7,20.9,1.706,291,37.72,16.5,0,24.9
25.433333,-101,40400101,,,,,,200.35,7,10.4,0.5249,67.7,0.59,2.7,0,31.2
25.433333,-101,31499999,24,0.1,8.65,8.33,,15.87,4,29.8,1.8044,141,37.08,14.5,1.7,106.5
25.433333,-101,39990001,,48.03,23.47,14.08,,0.11,3,57.9,3.0839,368,226.45,30.3,5.4,161.2
27.920833,-101.2405,30501005,60.61,69.88,39.56,11.55,882.13,201.34,3,72,3.9698,118,510.45,41.2,26.8,266.9
25.54444,-103.4416,30504001,8547.2,9.45,86.82,33.86,,,3,33.9,3.7073,143,439.51,40.7,19.7,231.5
25.524722,-103.4416,30107001,,,30.52,18.31,70.55,,4,43.2,1.6404,157,34.18,16.2,1.4,104.5
25.54444,-103.4416,30103301,0.23,1.61,14.02,13.88,67.84,0.02,4,59.7,2.3293,333,131.29,30.8,1.7,116.3
25.524722,-103.4416,30399999,,,23.03,13.82,299.28,,3,56.2,2.6902,191,149.57,26.3,4.5,152.5
25.54444,-103.4416,30499999,,,80.85,48.51,2028.3,,4,41.4,2.0997,242,124.97,36.1,1.8,112.8
25.523888,-103.448,30499999,,,27.66,16.59,,,4,41.4,2.0997,242,124.97,36.1,1.8,112.8
25.54444,-103.4416,30500613,,,20.22,13.63,,,2,118,2.8871,146,915,139.8,40.2,316.5
25.54444,-103.4416,30500614,71.09,54.88,3.15,2.12,8.01,3.57,3,91.8,6.9881,251,383.8,10,4.6,163.8
25.54444,-103.4416,30500614,741.32,572.34,46.66,31.45,83.49,37.22,3,91.8,6.9881,251,383.8,10,4.6,163.8
25.54444,-103.4416,30500629,,,16.91,11.4,,,3,95.1,2.395,220,178.55,39.6,3.8,156.9
25.54444,-103.4416,31499999,,,6.21,5.99,,10.16,4,29.8,1.8044,141,37.08,14.5,1.7,106.5
25.536111,-103.3541,31399999,,,25.76,15.46,,,4,37.4,1.706,122,60.37,26.4,3.1,130.7
25.54444,-103.4416,39990001,0.96,10.51,6.03,3.93,108,0.19,3,57.9,3.0839,368,226.45,30.3,5.4,161.2
31.235833,-107.5891,30302401,,,6.31,1.77,,,3,40.2,3.2152,108,616.13,75.9,34.2,278.1
27.6869,-105.1725,30103301,39.27,110.26,0.13,0.11,,21.78,4,59.7,2.3293,333,131.29,30.8,1.7,116.3
27.6869,-105.1725,30103301,322.87,10.48,766.41,766.41,7.43,,4,59.7,2.3293,333,131.29,30.8,1.7,116.3
28.48,-106.7441,30107001,0.03,15.1,21.98,6.15,,,4,43.2,1.6404,157,34.18,16.2,1.4,104.5
28.1311,-106.195,30302401,,,34.17,9.57,,,3,40.2,3.2152,108,616.13,75.9,34.2,278.1
28.6353,-106.0888,10100601,0.34,91.07,1.2,1.18,52.25,0.04,3,49.2,10.301,268,2051,24.6,13.8,211.2
28.6353,-106.0888,30799901,13.2,0.29,,,0.76,,3,41,3.9042,145,323.25,27,14.3,211.2
28.6353,-106.0888,30799901,6620.8,290.77,1813.6,1378.3,5460.1,,3,108,4.9212,314,540.44,28.4,4,162.4
28.6353,-106.0888,30701201,78.17,64.66,,,0.66,,3,108,4.9212,314,540.44,28.4,4,162.4
28.6353,-106.0888,30700801,25.97,0.6,0.02,0.02,0.57,0.08,3,47.5,2.8871,135,209.2,32,9.9,190.3
28.6353,-106.0888,30199999,367.33,2.29,3.97,3.97,,,4,46.2,2.0997,202,85.55,24.7,2.3,122.1
28.6353,-106.0888,30101801,,0.11,3.07,2.96,,19.23,4,53.8,1.706,190,69,30.2,2.1,121.3
28.686666,-106.0872,30500613,,,25.15,4.25,,,3,82,1.9685,130,259.61,85.3,12.7,215.9
28.686666,-106.0872,30500614,2130.1,2085.4,40.24,27.12,,,3,147,4.9212,260,873.69,45.9,8,208.5
28.686666,-106.0872,30500629,,,35.21,23.73,,,3,65.6,1.9685,170,169.74,55.8,6.2,170.5
28.6353,-106.0888,30499999,7.46,0.18,29.05,27.61,,,4,41.4,2.0997,242,124.97,36.1,1.8,112.8
28.597222,-105.9772,40400101,,,,,,22.19,5,10.4,1.4763,67.7,4.66,2.7,0.3,58.9
28.6353,-106.0888,30800101,0.37,,,,,91.71,3,35.4,2.0997,113,121.22,35,6.5,164
28.636666,-106.0783,30399999,,8.78,2.94,2.94,6.51,,3,56.2,2.6902,191,149.57,26.3,4.5,152.5
28.6353,-106.0888,31499999,92.3,,,,,,4,29.8,1.8044,141,37.08,14.5,1.7,106.5
28.6353,-106.0888,39990001,26.78,7.75,,,2.19,,3,57.9,3.0839,368,226.45,30.3,5.4,161.2
28.6353,-106.0888,30799901,414.84,26.19,8.45,8.45,24.28,104.31,3,41,3.9042,145,323.25,27,14.3,211.2
28.6353,-106.0888,39990001,54.72,,2.86,1.72,,47.33,3,57.9,3.0839,368,226.45,30.3,5.4,161.2
28.6353,-106.0888,30500801,,439.31,,,,,3,32.3,1.8372,140,115.34,43.5,5.3,152.4
28.6353,-106.0888,30500801,,67.21,,,,,3,32.3,1.8372,140,115.34,43.5,5.3,152.4
28.6353,-106.0888,30500801,7.29,,6.38,5.85,0.19,,3,32.3,1.8372,140,115.34,43.5,5.3,152.4
28.6353,-106.0888,30500801,,171.63,,,,,3,32.3,1.8372,140,115.34,43.5,5.3,152.4
28.6353,-106.0888,39990001,0.08,0.56,0.06,0.06,4.03,12.8,3,57.9,3.0839,368,226.45,30.3,5.4,161.2
28.6353,-106.0888,30900199,0.01,0.07,0.26,0.25,0.53,16.43,4,29.5,2.0997,177,86.45,25,3,126.8
28.6353,-106.0888,30900199,0.01,1620.9,,,,,4,29.5,2.0997,177,86.45,25,3,126.8
28.6353,-106.0888,39990001,,,3.81,3.67,,14.02,3,57.9,3.0839,368,226.45,30.3,5.4,161.2
28.6353,-106.0888,39990001,0.16,6.1,1.28,1.28,8.85,,3,57.9,3.0839,368,226.45,30.3,5.4,161.2
28.6353,-106.0888,39990001,12.39,,,,0.42,,3,57.9,3.0839,368,226.45,30.3,5.4,161.2
28.6353,-106.0888,39990001,223.32,0.23,,,0.16,0.47,3,57.9,3.0839,368,226.45,30.3,5.4,161.2
28.6353,-106.0888,39990001,,0.2,4.67,4.49,,30.15,3,57.9,3.0839,368,226.45,30.3,5.4,161.2
28.6353,-106.0888,39990001,0.12,12.07,,,,,3,57.9,3.0839,368,226.45,30.3,5.4,161.2
28.6353,-106.0888,30799901,26,0.76,2.8,2.7,0.41,,3,41,3.9042,145,323.25,27,14.3,211.2
28.6353,-106.0888,30799901,14.29,,4.31,4.15,0.35,0.09,3,41,3.9042,145,323.25,27,14.3,211.2
28.6353,-106.0888,30799901,63.65,1.4,2.55,2.45,32.2,2.23,3,41,3.9042,145,323.25,27,14.3,211.2
28.6353,-106.0888,30799901,17.14,0.03,0.88,0.84,,,3,41,3.9042,145,323.25,27,14.3,211.2
28.6353,-106.0888,30799901,24.46,0.58,1.01,0.97,,0.46,3,41,3.9042,145,323.25,27,14.3,211.2
28.6353,-106.0888,30799901,17.49,1.37,0.72,0.69,,,3,41,3.9042,145,323.25,27,14.3,211.2
28.1933,-105.4711,10100202,38.54,264.14,,,,34.8,2,196,8.9895,361,2413.4,38,52.2,365.9
28.1933,-105.4711,10100202,38.54,264.14,,,,34.8,2,196,8.9895,366,2998.53,47.2,69.5,396.4
28.1933,-105.4711,10100202,38.54,264.14,,,,34.8,2,196,8.9895,366,2367.59,37.3,54.9,370.9
28.1933,-105.4711,10100202,175.24,1200.91,1321.65,1298.45,21242.5,158.21,2,196,8.9895,328,4997.55,78.7,57.9,376.6
28.1933,-105.4711,10100202,175.24,1200.91,1321.65,1298.45,21242.5,158.21,2,196,8.9895,328,5205.78,82,60.3,380.9
28.1933,-105.4711,30106001,3.38,1.33,5.47,3.28,,,4,47.3,1.5091,139,29.87,16.7,1.4,105.5
28.1933,-105.4711,39990001,3.56,6.17,4.34,2.6,,,3,57.9,3.0839,368,226.45,30.3,5.4,161.2
28.1933,-105.4711,39990001,1746.2,1187.5,,,,,3,57.9,3.0839,368,226.45,30.3,5.4,161.2
28.1933,-105.4711,39990001,23.65,4.19,,,0.12,,3,57.9,3.0839,368,226.45,30.3,5.4,161.2
26.9325,-105.663,40400101,,,,,,84.68,7,10.4,0.5249,67.7,0.59,2.7,0,31.2
26.9325,-105.663,39990001,10.93,1.12,1.12,1.12,0.03,0.76,3,57.9,3.0839,368,226.45,30.3,5.4,161.2
26.9325,-105.663,39990001,10.06,,1.25,1.25,,,3,57.9,3.0839,368,226.45,30.3,5.4,161.2
26.9325,-105.663,39990001,4.65,1.98,6.72,6.46,,,3,57.9,3.0839,368,226.45,30.3,5.4,161.2
26.9325,-105.663,39990001,19.46,1.41,2.72,2.72,,,3,57.9,3.0839,368,226.45,30.3,5.4,161.2
31.7394,-106.4869,30302401,0.7,2.8,0.14,0.04,9.95,0.03,3,40.2,3.2152,108,616.13,75.9,34.2,278.1
31.7394,-106.4869,30504001,,46.85,9.14,6.16,,,3,33.9,3.7073,143,439.51,40.7,19.7,231.5
31.3431,-106.4772,10100202,735.35,2905.8,57.66,56.65,8.6,18.92,3,220,12.467,294,9411.95,77.1,11.5,251.8
31.3431,-106.4772,10100202,735.35,2905.8,57.66,56.65,8.6,18.92,3,220,12.467,294,9251.75,75.8,11.3,250.7
31.7394,-106.4869,10102101,0.06,14.59,0.19,0.19,8.37,0.01,3,49.2,10.301,269,2078.35,24.9,13.3,209.1
31.7394,-106.4869,10102101,0.48,128.12,1.69,1.67,73.5,0.06,3,49.2,10.301,269,2078.35,24.9,13.3,209.1
31.3431,-106.4772,10100601,313.64,1943.3,1451.3,1425.9,23200,41.72,2,263,10.301,268,3910.57,46.9,26.2,323.5
31.738333,-106.4836,30201201,0.13,1.06,0.13,0.12,0.13,27.12,2,95,4.954,197,1457.07,75.6,41.3,312.1
31.738333,-106.4836,30201201,2.28,,0.61,0.59,,19.29,2,95,4.954,197,1457.07,75.6,41.3,312.1
31.7394,-106.4869,30799901,0.13,0.13,0.12,0.12,0.13,14.29,3,41,3.9042,145,323.25,27,14.3,211.2
31.7394,-106.4869,30107001,7.01,37.43,25.95,25.66,403.84,0.79,4,39.3,1.9685,224,62.91,20.7,1.3,100.6
31.7394,-106.4869,30101801,7.94,0.13,0.13,0.13,0.13,6.35,4,53.8,1.706,190,69,30.2,2.1,121.3
31.686111,-106.4588,30101801,11.32,,0.04,0.04,,3.04,4,53.8,1.706,190,69,30.2,2.1,121.3
31.7394,-106.4869,30500801,68.78,265.22,5.82,5.82,1.98,13.63,3,32.3,1.8372,140,115.34,43.5,5.3,152.4
31.7394,-106.4869,30501401,19.84,2.25,0.13,0.13,0.13,3.97,3,78.3,3.412,331,405.89,44.4,5.1,164.6
31.7394,-106.4869,30500606,,,40.47,27.28,,,3,74,3.2808,175,418.81,49.5,14.7,223.1
31.644166,-106.5036,30501101,5.95,27.51,1.83,1.23,1.72,1.85,3,31.4,2.8871,112,170.11,26,9.2,181.4
31.3431,-106.4772,30500613,,,5.11,3.45,,,2,40.3,3.0511,62.3,597.32,81.7,41.5,295.8
31.3431,-106.4772,30500614,,1737.1,20.45,13.78,21,33.49,2,278,10.498,233,3749.03,43.3,65.1,414.3
31.3431,-106.4772,30500614,,,10.23,6.89,,,3,91.8,9.1863,263,1478.66,22.3,12.2,216.4
31.3431,-106.4772,30500629,,,5.11,3.45,,,3,19.6,1.6404,80.3,124.81,59.1,8,169.6
31.7394,-106.4869,30400701,48.02,0.13,4.54,4.31,0.26,0.13,3,39.4,2.6902,157,190.97,33.6,7.7,174
31.668333,-106.5555,33000101,17.96,,,,,,4,36.6,2.9199,247,236.61,35.3,3.1,130.6
31.7394,-106.4869,31399999,0.21,,0.17,0.17,,16.86,4,37.4,1.706,122,60.37,26.4,3.1,130.7
31.7394,-106.4869,31399999,0.13,0.13,,,0.13,11.24,4,37.4,1.706,122,60.37,26.4,3.1,130.7
31.7394,-106.4869,31399999,18.67,110,,33.33,,1.89,4,37.4,1.706,122,60.37,26.4,3.1,130.7
31.7394,-106.4869,31399999,0.13,1.32,0.13,0.12,0.13,21.16,4,37.4,1.706,122,60.37,26.4,3.1,130.7
31.735,-106.4783,31399999,4.41,,6.3,6.07,,56.43,4,37.4,1.706,122,60.37,26.4,3.1,130.7
31.7394,-106.4869,31399999,61.22,,,,,,4,37.4,1.706,122,60.37,26.4,3.1,130.7
31.7394,-106.4869,31399999,0.13,7.54,0.63,0.61,0.13,12.96,4,37.4,1.706,122,60.37,26.4,3.1,130.7
31.7394,-106.4869,31399999,0.13,0.13,0.13,0.12,0.13,14.29,4,37.4,1.706,122,60.37,26.4,3.1,130.7
31.7394,-106.4869,31399999,0.26,15.21,0.53,0.53,0.13,1.98,4,37.4,1.706,122,60.37,26.4,3.1,130.7
31.7394,-106.4869,31399999,0.66,0.13,0.13,0.12,0.13,160.98,4,37.4,1.706,122,60.37,26.4,3.1,130.7
31.738333,-106.4836,31399999,1.59,0.66,1.9,1.84,0.66,6.35,4,37.4,1.706,122,60.37,26.4,3.1,130.7
31.705277,-106.4488,31399999,0.1,,86.42,83.27,,156.53,4,37.4,1.706,122,60.37,26.4,3.1,130.7
31.7394,-106.4869,31399999,0.13,0.53,60.41,59.36,0.13,57.81,4,37.4,1.706,122,60.37,26.4,3.1,130.7
31.7394,-106.4869,31399999,1.91,,,,,69,4,37.4,1.706,122,60.37,26.4,3.1,130.7
31.7394,-106.4869,31399999,0.13,0.13,0.13,0.12,0.13,323.29,4,37.4,1.706,122,60.37,26.4,3.1,130.7
31.658611,-106.4269,31399999,6.27,0.02,,,,9.3,4,37.4,1.706,122,60.37,26.4,3.1,130.7
31.652777,-106.6527,31399999,1.37,0.04,0.13,0.13,,18.85,4,37.4,1.706,122,60.37,26.4,3.1,130.7
31.738333,-106.4836,31399999,0.53,0.26,0.13,0.12,0.13,47.62,4,37.4,1.706,122,60.37,26.4,3.1,130.7
31.7394,-106.4869,31399999,0.66,43.26,1.19,1.19,0.13,1.19,4,37.4,1.706,122,60.37,26.4,3.1,130.7
31.7394,-106.4869,31399999,0.53,36.38,1.06,1.06,0.13,1.06,4,37.4,1.706,122,60.37,26.4,3.1,130.7
31.7394,-106.4869,31399999,0.13,0.13,0.13,0.12,0.13,55.56,4,37.4,1.706,122,60.37,26.4,3.1,130.7
31.7394,-106.4869,31399999,8.99,55.95,0.13,0.13,0.13,0.13,4,37.4,1.706,122,60.37,26.4,3.1,130.7
31.7394,-106.4869,31399999,0.4,0.53,0.13,0.12,0.13,42.86,4,37.4,1.706,122,60.37,26.4,3.1,130.7
31.7394,-106.4869,31399999,0.13,0.93,0.13,0.12,0.13,51.59,4,37.4,1.706,122,60.37,26.4,3.1,130.7
31.7394,-106.4869,31399999,0.26,0.66,0.13,0.12,0.13,10.58,4,37.4,1.706,122,60.37,26.4,3.1,130.7
31.738333,-106.4836,31399999,21.16,0.79,0.13,0.13,0.13,0.13,4,37.4,1.706,122,60.37,26.4,3.1,130.7
31.7394,-106.4869,31399999,0.8,0.47,0.09,0.09,0.01,21,4,37.4,1.706,122,60.37,26.4,3.1,130.7
31.732222,-106.4036,31399999,2.47,,,,,13.12,4,37.4,1.706,122,60.37,26.4,3.1,130.7
31.733888,-106.4783,31499999,0.02,,0.01,0.01,,21.91,4,29.8,1.8044,141,37.08,14.5,1.7,106.5
31.7394,-106.4869,31499999,31.65,186.5,56.52,,0.01,3.2,4,29.8,1.8044,141,37.08,14.5,1.7,106.5
31.700277,-106.5563,31499999,17.28,,,,,,4,29.8,1.8044,141,37.08,14.5,1.7,106.5
31.7,-106.4666,31499999,1.5,,0.84,0.75,,20.69,4,29.8,1.8044,141,37.08,14.5,1.7,106.5
31.718611,-106.4013,31499999,5.34,,1.28,1.15,,30.27,4,29.8,1.8044,141,37.08,14.5,1.7,106.5
31.735,-106.4783,31499999,140.58,,,,,15.65,4,29.8,1.8044,141,37.08,14.5,1.7,106.5
31.7394,-106.4869,39990001,0.13,0.13,0.13,0.12,0.13,27.78,3,57.9,3.0839,368,226.45,30.3,5.4,161.2
31.7394,-106.4869,39990001,0.2,,,,,57.35,3,57.9,3.0839,368,226.45,30.3,5.4,161.2
31.7394,-106.4869,39990001,0.13,0.13,0.13,0.12,0.13,79.37,3,57.9,3.0839,368,226.45,30.3,5.4,161.2
31.7394,-106.4869,39990001,1.06,66.14,1.85,1.85,0.13,1.85,3,57.9,3.0839,368,226.45,30.3,5.4,161.2
31.7394,-106.4869,30702001,0.13,0.13,0.12,0.12,1.46,9.39,3,34.5,3.2152,107,296.48,36.5,16.5,219.2
31.450566,-106.5691,40400101,0.03,0.13,0.09,0.09,0.01,644.31,7,10.4,0.5249,67.7,0.59,2.7,0,31.2
28.183333,-108.5333,30302401,1.15,4.59,543.33,152.13,16.3,0.05,3,59,2.9527,108,519.64,75.9,28.8,269.1
26.8022,-105.8202,30302401,,,21.79,6.1,,,3,40.2,3.2152,108,616.13,75.9,34.2,278.1
26.8022,-105.8202,39990001,38.49,0.64,8.97,8.63,1.04,,3,57.9,3.0839,368,226.45,30.3,5.4,161.2
27.8547,-105.4925,30302401,0.66,2.66,0.13,0.03,9.43,0.03,3,40.2,3.2152,108,616.13,75.9,34.2,278.1
25.721944,-100.1413,10100212,124.52,492.9,9.76,9.59,1.46,3.2,2,68.8,14.435,328,11276.37,68.9,130.6,436.5
25.721944,-100.1413,10100212,124.52,492.9,9.76,9.59,1.46,3.2,2,68.8,14.435,328,10739.4,65.6,124.4,429.8
25.721944,-100.1413,10100212,124.52,492.9,9.76,9.59,1.46,3.2,2,68.8,14.435,328,10202.43,62.3,118.2,422.9
25.721944,-100.1413,10100212,124.52,492.9,9.76,9.59,1.46,3.2,2,68.8,14.435,328,11813.34,72.2,136.9,443
25.721944,-100.1413,10100212,259.43,1026.88,20.34,19.98,3.04,6.68,2,131,17.998,229,14683.25,57.7,273.1,571.3
25.721944,-100.1413,10100212,280.18,1109.03,21.97,21.58,3.28,7.21,2,131,17.998,229,14683.25,57.7,273.1,571.3
25.736944,-100.2122,30700801,,7.08,8.03,8.03,244.23,,3,47.5,2.8871,135,209.2,32,9.9,190.3
25.736944,-100.2122,30700801,,7.08,8.04,8.04,244.24,,3,47.5,2.8871,135,209.2,32,9.9,190.3
25.75,-100.2166,30105001,13.66,3,0.32,0.32,0.03,0.21,7,36.2,0.1968,103,0.07,2.2,0,23.8
25.747777,-100.2011,30499999,5.88,9.46,11.17,10.62,24.91,28.56,4,41.4,2.0997,242,124.97,36.1,1.8,112.8
25.781388,-100.1886,30900199,,15.74,0.48,0.43,0.1,,4,29.5,2.0997,177,86.45,25,3,126.8
25.590277,-100.0011,30600111,392.96,234.81,124.71,81.06,1889.5,965.3,2,114,8.2021,755,1993.53,37.7,282.6,572.2
25.590277,-100.0011,30600111,73.81,44.1,23.42,15.23,354.9,181.31,2,131,14.763,1171,673.99,3.9,181,503.2
25.590277,-100.0011,30600111,9.02,5.39,2.86,1.86,43.38,22.16,3,98.4,3.6089,811,20.14,2,3.2,150.7
25.590277,-100.0011,30600111,106.88,63.87,33.92,22.05,513.94,262.56,2,121,7.5459,487,498.86,11.2,30,291.3
25.590277,-100.0011,30600111,301.38,180.09,95.65,62.17,1449.16,740.34,2,131,14.763,409,2752.11,16.1,99.8,419.9
25.590277,-100.0011,30600105,23.92,14.29,7.59,4.93,115.01,58.76,3,114,8.2021,488,121.35,2.3,7.3,193.8
25.590277,-100.0011,30600105,20.5,12.25,6.51,4.23,98.58,50.36,3,131,9.8425,431,124.81,1.6,5.4,183.3
25.590277,-100.0011,30600111,229.62,137.21,72.88,47.37,1104.12,564.07,2,78.7,11.482,499,1630.88,15.7,103.9,409
25.590277,-100.0011,30600111,82.01,49,26.03,16.92,394.33,201.45,2,131,13.123,436,665.67,4.9,29.6,293.4
25.590277,-100.0011,30600111,184.52,110.26,58.56,38.06,887.24,453.27,2,144,14.763,418,1684.97,9.8,65.8,374.4
25.590277,-100.0011,30600111,61.51,36.75,19.52,12.69,295.75,151.09,2,144,14.763,704,561.66,3.3,70.9,382.8
25.590277,-100.0011,30600111,53.31,31.85,16.92,11,256.31,130.94,3,131,9.8425,517,324.51,4.3,22.5,271
25.590277,-100.0011,10200401,768.83,459.42,244.01,158.6,3696.84,1888.62,2,144,14.763,370,7020.69,41,171.2,498.7
25.590277,-100.0011,10200401,344.43,205.82,109.31,71.05,1656.18,846.1,2,144,14.763,368,3145.27,18.4,74.8,389
25.590277,-100.0011,10200401,897.99,536.6,285,185.25,4317.91,2205.91,2,144,14.763,398,8200.16,47.9,270,573.2
25.590277,-100.0011,10200401,725.77,433.69,230.34,149.72,3489.82,1782.86,1,144,14.763,690,6627.53,38.7,808.2,806.8
25.590277,-100.0011,10200401,92.26,55.13,29.28,19.03,443.62,226.63,2,144,14.763,499,842.48,4.9,53.7,352.8
25.590277,-100.0011,10200401,461.3,275.65,146.4,95.16,2218.1,1133.17,2,144,14.763,382,4212.41,24.6,118.2,445.8
25.590277,-100.0011,10200401,399.79,238.9,126.88,82.47,1922.36,982.08,2,144,14.763,391,3650.76,21.3,112.4,439.2
25.590277,-100.0011,10200401,92.26,55.13,29.28,19.03,443.62,226.63,2,144,14.763,499,842.48,4.9,53.7,352.8
25.590277,-100.0011,10200401,239.87,143.34,76.13,49.48,1153.41,589.25,2,144,14.763,391,2190.46,12.8,67.4,377.3
25.590277,-100.0011,30600111,448.99,268.3,142.5,92.62,2158.95,1102.95,1,144,14.763,640,4100.08,24,437.5,665.6
25.590277,-100.0011,30600111,49.2,29.4,15.62,10.15,236.6,120.87,2,144,14.763,659,449.32,2.6,50.5,346.7
25.590277,-100.0011,30600111,109.34,65.34,34.7,22.56,525.77,268.6,2,114,8.2021,508,554.72,10.5,36.9,307.3
25.590277,-100.0011,30600111,112.76,67.38,35.79,23.26,542.2,277,2,131,8.2021,499,572.06,10.8,36.5,311.5
25.590277,-100.0011,30600111,112.76,67.38,35.79,23.26,542.2,277,2,131,8.2021,499,572.06,10.8,36.5,311.5
25.590277,-100.0011,30600111,54.67,32.67,17.35,11.28,262.89,134.3,3,98.4,6.5616,427,221.89,6.6,9.3,202
25.522,-99.901,40400101,0.03,0.13,0.09,0.09,0.01,29.77,7,10.4,0.5249,67.7,0.59,2.7,0,31.2
25.953055,-100.1666,30101401,,135.06,30.57,29.46,0.05,,4,27.9,2.6902,126,81.31,14.3,4.1,139.2
25.953055,-100.1666,30399999,1830.9,497.4,14.22,8.53,153.35,,3,56.2,2.6902,191,149.57,26.3,4.5,152.5
25.953055,-100.1666,30499999,,2.08,15.92,14.26,,,4,41.4,2.0997,242,124.97,36.1,1.8,112.8
25.941666,-100.1741,30900199,,12.81,30.53,27.35,,,4,29.5,2.0997,177,86.45,25,3,126.8
25.953055,-100.1666,31499999,3.19,5.7,10.91,9.77,0.05,0.23,4,29.8,1.8044,141,37.08,14.5,1.7,106.5
25.811944,-100.5988,30504001,5.06,30.25,15.78,10.13,83.62,0.21,3,33.9,3.7073,143,439.51,40.7,19.7,231.5
25.816666,-100.6,30107001,465.73,709.18,17.32,17.13,,,4,43.2,1.6404,157,34.18,16.2,1.4,104.5
25.763333,-100.5494,30107001,859.09,20.62,30.6,30.26,246.27,,4,43.2,1.6404,157,34.18,16.2,1.4,104.5
25.788333,-100.4486,30101801,41.13,3.49,5.2,5.14,19.38,,4,53.8,1.706,190,69,30.2,2.1,121.3
25.766666,-100.5666,30501401,140.88,478.54,,,1834.7,12.91,3,78.3,3.412,331,405.89,44.4,5.1,164.6
25.811944,-100.5988,30501401,5.96,,0.13,0.13,,1.53,3,78.3,3.412,331,405.89,44.4,5.1,164.6
25.816666,-100.5666,30400701,8.29,27.55,2.4,2.28,155.5,,3,39.4,2.6902,157,190.97,33.6,7.7,174
25.811944,-100.5988,31499999,,31.74,118.16,105.85,2.69,,4,29.8,1.8044,141,37.08,14.5,1.7,106.5
25.663888,-100.4013,30102401,38.03,45.39,2.7,2.7,0.31,,4,44.1,1.706,193,70.42,30.8,2.1,118
25.663888,-100.4013,30102401,12.6,14.99,,,0.09,1.3,4,44.1,1.706,193,70.42,30.8,2.1,118
25.663888,-100.4013,30501401,3.7,244.71,53.93,52.99,306.35,,3,78.3,3.412,331,405.89,44.4,5.1,164.6
25.663888,-100.4013,31299999,1.72,23.68,5.12,4.94,0.03,8.44,4,30.5,1.9028,163,65.41,23,2.5,120.9
25.808333,-100.3266,31399999,238.46,1.64,2.58,1.55,,,4,37.4,1.706,122,60.37,26.4,3.1,130.7
25.833055,-100.3227,31400901,4.86,0.33,44.22,42.61,,38.22,7,20.9,1.706,291,37.72,16.5,0,24.9
25.808333,-100.3266,31499999,,4.7,8.84,7.92,0.07,,4,29.8,1.8044,141,37.08,14.5,1.7,106.5
25.808333,-100.3266,39990001,,,10.87,9.95,,,3,57.9,3.0839,368,226.45,30.3,5.4,161.2
25.678888,-100.2347,30101401,0.07,,1403,1351.8,,,4,27.9,2.6902,126,81.31,14.3,4.1,139.2
25.678888,-100.2347,39990001,,,8.18,0.28,,,3,57.9,3.0839,368,226.45,30.3,5.4,161.2
25.678888,-100.2347,39990001,108.41,129.06,,,0.77,11.23,3,57.9,3.0839,368,226.45,30.3,5.4,161.2
25.671111,-100.3083,30302401,36.45,43.39,54.82,17.73,0.26,3.77,3,40.2,3.2152,108,616.13,75.9,34.2,278.1
25.671111,-100.3083,30504001,119.93,199.88,10.85,,0.26,12.42,3,33.9,3.7073,143,439.51,40.7,19.7,231.5
25.671111,-100.3083,30532001,15.95,149.95,83.66,60.39,1803.3,2.42,8,0,0.2952,81.9,0,0,0,0
25.671111,-100.3083,10100601,72.48,245.12,9.92,9.74,2.45,7.4,2,263,10.301,268,3910.57,46.9,26.2,323.5
25.671111,-100.3083,10100212,124.28,635.67,343.86,337.83,5365.64,7.21,2,126,10.17,389,5524.11,68,166.7,489.2
25.671111,-100.3083,10100212,124.28,635.67,343.86,337.83,5365.64,7.21,2,126,10.17,348,5076.05,62.5,89.8,405.1
25.671111,-100.3083,10100212,124.28,635.67,343.86,337.83,5365.64,7.21,2,126,10.17,384,4866.55,59.9,139.5,463.1
25.671111,-100.3083,10100202,132.52,677.83,366.67,360.24,5721.58,7.69,2,119,9.0223,321,7175.47,112.2,67.8,370.3
25.671111,-100.3083,10100202,132.52,677.83,366.67,360.24,5721.58,7.69,2,119,9.0223,389,7269.65,113.7,219.4,530.3
25.671111,-100.3083,10100202,132.52,677.83,366.67,360.24,5721.58,7.69,2,119,9.0223,355,9904.37,154.9,196.3,512.2
25.671111,-100.3083,10100601,5.89,23.31,0.46,0.45,0.07,0.15,3,49.2,10.301,267,2051,24.6,14.4,214.2
25.671111,-100.3083,10100601,12.55,49.67,0.98,0.97,0.15,0.32,3,49.2,10.301,267,2051,24.6,14.4,214.2
25.671111,-100.3083,10102101,0.1,27,0.36,0.35,15.49,0.01,3,49.2,10.301,267,2051,24.6,14.4,214.2
25.671111,-100.3083,10100601,12.06,47.75,0.95,0.93,0.42,0.31,3,49.2,10.301,267,2051,24.6,14.4,214.2
25.691666,-100.3166,10100404,32.39,259.11,,,3661.2,,2,287,12.04,311,5999.6,52.7,38.4,363.8
25.671111,-100.3083,10100404,177.78,211.64,,,1.27,18.41,2,287,12.04,311,5999.6,52.7,38.4,363.8
25.671111,-100.3083,30799901,,,,,,405.77,3,41,3.9042,145,323.25,27,14.3,211.2
25.671111,-100.3083,30700801,0.53,7.94,2.38,1.81,35.72,0.13,3,47.5,2.8871,135,209.2,32,9.9,190.3
25.671111,-100.3083,30700801,33.8,135.2,0.97,0.07,0.58,,3,47.5,2.8871,135,209.2,32,9.9,190.3
25.696388,-100.3194,30701201,491.42,11.56,1.29,1.29,3.78,6.36,4,48.4,2.5918,99.4,61.97,11.7,3.6,140.3
25.680277,-100.2972,30701201,3.23,12.9,0.09,0.09,0.06,,4,48.4,2.5918,99.4,61.97,11.7,3.6,140.3
25.671111,-100.3083,30199999,0.4,1.46,5.71,5.65,5.16,,4,46.2,2.0997,202,85.55,24.7,2.3,122.1
25.671111,-100.3083,30199999,192.99,,,,,33.47,4,46.2,2.0997,202,85.55,24.7,2.3,122.1
25.671111,-100.3083,30103501,0.2,33.48,0.03,0.03,0.05,,3,82.4,2.2965,185,166.49,40.2,5.3,168.2
25.671111,-100.3083,30103501,4.75,5.65,0.43,0.43,0.03,0.49,3,82.4,2.2965,185,166.49,40.2,5.3,168.2
25.671111,-100.3083,30107001,0.13,0.13,0.13,0.13,0.13,17.2,4,43.2,1.6404,157,34.18,16.2,1.4,104.5
25.671111,-100.3083,30107001,38.49,,0.4,0.4,,,4,43.2,1.6404,157,34.18,16.2,1.4,104.5
25.671111,-100.3083,30107001,,,,,,105.82,4,43.2,1.6404,157,34.18,16.2,1.4,104.5
25.671111,-100.3083,30107001,0.66,2.65,357.15,353.18,,390.35,4,43.2,1.6404,157,34.18,16.2,1.4,104.5
25.671111,-100.3083,30107001,5.69,80.43,21.84,19.57,331.35,0.79,4,43.2,1.6404,157,34.18,16.2,1.4,104.5
25.671111,-100.3083,30101801,3.31,1.98,0.13,0.13,,89.95,4,53.8,1.706,190,69,30.2,2.1,121.3
25.671111,-100.3083,30102401,248.68,139.16,52.86,52.27,0.66,11.91,4,44.1,1.706,193,70.42,30.8,2.1,118
25.671111,-100.3083,30102401,37.99,97.29,33.39,33.02,0.65,,4,44.1,1.706,193,70.42,30.8,2.1,118
25.671111,-100.3083,30199999,1.19,4.76,0.48,0.47,16.93,361.12,4,46.2,2.0997,202,85.55,24.7,2.3,122.1
25.671111,-100.3083,30101401,,,17.78,17.13,,301.59,4,27.9,2.6902,126,81.31,14.3,4.1,139.2
25.671111,-100.3083,30101401,,,0.13,0.12,,18.52,4,27.9,2.6902,126,81.31,14.3,4.1,139.2
25.671111,-100.3083,30501401,0.06,0.35,,,,31.75,3,78.3,3.412,331,405.89,44.4,5.1,164.6
25.675,-100.3166,30501401,,402.35,115.67,113.67,102.05,,3,78.3,3.412,331,405.89,44.4,5.1,164.6
25.6,-100.3166,30501401,100.79,281.98,,,0.72,10.44,3,78.3,3.412,331,405.89,44.4,5.1,164.6
25.671111,-100.3083,30501401,88.82,248.47,,,0.63,9.2,3,121,6.0695,422,489.82,16.9,19.7,258.1
25.671111,-100.3083,30500606,69.83,417.2,,,5369.3,2.31,3,91.8,6.9881,251,383.8,10,4.6,163.8
25.694722,-100.275,30400701,284.93,24.02,3.4,3.04,0.86,,3,39.4,2.6902,157,190.97,33.6,7.7,174
25.671111,-100.3083,30400701,0.75,41,3.2,2.86,59.62,0.07,3,39.4,2.6902,157,190.97,33.6,7.7,174
25.671111,-100.3083,30499999,58.73,14.68,45.11,42.81,16.27,3.17,4,41.4,2.0997,242,124.97,36.1,1.8,112.8
25.671111,-100.3083,30499999,229.9,5.82,8.89,8.8,0.13,4.37,4,41.4,2.0997,242,124.97,36.1,1.8,112.8
25.701666,-100.3019,30400701,242.78,1213.9,12.64,11.99,7.29,,3,26.5,3.937,64.1,426.96,35.1,29.4,260.9
25.671111,-100.3083,30400701,0.13,0.4,,,0.13,130.43,3,39.4,2.6902,157,190.97,33.6,7.7,174
25.671111,-100.3083,31399999,5.95,23.55,131.85,79.11,0.13,0.53,4,37.4,1.706,122,60.37,26.4,3.1,130.7
25.690555,-100.2855,31399999,328.54,1.16,6.06,3.64,0.32,1.17,4,37.4,1.706,122,60.37,26.4,3.1,130.7
25.671111,-100.3083,31499999,2.93,11.71,3.02,2.7,0.05,,4,29.8,1.8044,141,37.08,14.5,1.7,106.5
25.671111,-100.3083,31499999,,39.01,2.92,2.77,,,4,29.8,1.8044,141,37.08,14.5,1.7,106.5
25.671111,-100.3083,50300501,,17.28,6.77,6.77,,6,3,85.1,3.248,387,243.03,29.3,7.2,184
25.671111,-100.3083,30299999,6.22,7.41,53.71,32.22,0.04,0.64,3,49.1,1.8372,157,95.59,36.1,3.9,143.6
25.671111,-100.3083,30599999,7.11,8.47,0.64,0.64,0.05,0.74,3,55.9,2.2965,211,224.11,54.1,5.4,160.7
25.671111,-100.3083,30599999,2.38,9.39,0.38,0.37,0.13,0.26,3,55.9,2.2965,211,224.11,54.1,5.4,160.7
25.671111,-100.3083,30900199,0.26,12.96,2.38,0.89,85.98,0.13,4,29.5,2.0997,177,86.45,25,3,126.8
25.671111,-100.3083,30900199,0.13,0.13,0.13,0.11,0.13,291.14,4,29.5,2.0997,177,86.45,25,3,126.8
25.671111,-100.3083,30900199,19.97,0.53,,,,,4,29.5,2.0997,177,86.45,25,3,126.8
25.671111,-100.3083,30900199,0.13,,,,,12.3,4,29.5,2.0997,177,86.45,25,3,126.8
25.671111,-100.3083,30900199,,,,,,15.87,4,29.5,2.0997,177,86.45,25,3,126.8
25.671111,-100.3083,30900199,11.78,14.02,21.84,20.76,0.08,1.22,4,29.5,2.0997,177,86.45,25,3,126.8
25.671111,-100.3083,31399999,,,,,,17.2,4,37.4,1.706,122,60.37,26.4,3.1,130.7
25.671111,-100.3083,31399999,8.33,10.71,0.4,0.4,0.13,0.26,4,37.4,1.706,122,60.37,26.4,3.1,130.7
25.671111,-100.3083,39990001,7.28,29.23,1.06,1.06,0.13,0.66,3,57.9,3.0839,368,226.45,30.3,5.4,161.2
25.671111,-100.3083,31399999,,,,,,22.49,4,37.4,1.706,122,60.37,26.4,3.1,130.7
25.671111,-100.3083,31399999,,,0.26,0.26,,29.76,4,37.4,1.706,122,60.37,26.4,3.1,130.7
25.671111,-100.3083,31399999,412.84,1.59,0.13,0.13,0.13,35.98,4,37.4,1.706,122,60.37,26.4,3.1,130.7
25.671111,-100.3083,31399999,103.59,4.31,0.78,0.75,,5.37,4,37.4,1.706,122,60.37,26.4,3.1,130.7
25.671111,-100.3083,31399999,,,,,,211.64,4,37.4,1.706,122,60.37,26.4,3.1,130.7
25.671111,-100.3083,31399999,0.26,0.13,3.68,3.55,,44.71,4,37.4,1.706,122,60.37,26.4,3.1,130.7
25.671111,-100.3083,31399999,6.88,27.78,1.06,1.06,0.13,0.53,4,37.4,1.706,122,60.37,26.4,3.1,130.7
25.671111,-100.3083,31399999,16.27,64.82,2.02,1.8,0.26,1.32,4,37.4,1.706,122,60.37,26.4,3.1,130.7
25.671111,-100.3083,39990001,,,35.19,21.11,,,3,57.9,3.0839,368,226.45,30.3,5.4,161.2
25.671111,-100.3083,39990001,37.7,7.94,2.13,1.28,0.13,0.13,3,57.9,3.0839,368,226.45,30.3,5.4,161.2
25.671111,-100.3083,39990001,0.53,13.89,3.91,3.42,66.93,0.13,3,57.9,3.0839,368,226.45,30.3,5.4,161.2
25.671111,-100.3083,30299999,,,28.63,0.99,,,3,49.1,1.8372,157,95.59,36.1,3.9,143.6
25.671111,-100.3083,30299999,19.45,131.62,16.3,9.78,308.47,1.85,3,49.1,1.8372,157,95.59,36.1,3.9,143.6
25.671111,-100.3083,30299999,5.34,6.36,0.48,0.48,0.04,0.55,3,49.1,1.8372,157,95.59,36.1,3.9,143.6
25.671111,-100.3083,39990001,8.73,34.39,1.72,1.72,21.03,0.93,3,57.9,3.0839,368,226.45,30.3,5.4,161.2
25.671111,-100.3083,30599999,5.56,21.96,18.89,17.3,0.13,0.53,3,55.9,2.2965,211,224.11,54.1,5.4,160.7
25.671111,-100.3083,30599999,20,23.81,1.81,,0.14,2.07,3,55.9,2.2965,211,224.11,54.1,5.4,160.7
25.784722,-100.0508,30400701,0.05,0.01,28.28,26.84,,2.2,3,39.4,2.6902,157,190.97,33.6,7.7,174
25.95,-100.45,30500606,161.05,419.37,74.64,50.3,3.4,,3,74,3.2808,175,418.81,49.5,14.7,223.1
25.722222,-100.3,10100404,139.61,527.68,,,5265.8,9.64,1,68.8,12.795,622,9998.21,77.8,1012.1,843.2
25.727222,-100.2897,30701201,20.98,40.73,3,2.28,1.81,,3,108,4.9212,314,540.44,28.4,4,162.4
25.741388,-100.3019,30701201,17.77,21.16,,,0.13,1.84,4,48.4,2.5918,99.4,61.97,11.7,3.6,140.3
25.739722,-100.2402,30701201,52.91,62.99,,,0.38,5.48,3,114,3.937,350,163.75,13.5,3,152.8
25.741388,-100.3019,30103501,,65.62,2.71,2.68,0.29,,3,82.4,2.2965,185,166.49,40.2,5.3,168.2
25.741388,-100.3019,30107001,1.81,7.05,21.27,21.03,20.68,,4,43.2,1.6404,157,34.18,16.2,1.4,104.5
25.741388,-100.3019,30107001,1.22,17.58,6.18,6.11,0.01,,4,43.2,1.6404,157,34.18,16.2,1.4,104.5
25.745555,-100.3008,30107001,,632.89,60.09,59.42,0.52,,4,65.6,1.9685,305,74.89,24.6,0.3,77.3
25.741388,-100.3019,30101401,18.74,30.9,97.42,93.87,,44.53,4,27.9,2.6902,126,81.31,14.3,4.1,139.2
25.741388,-100.3019,30800801,0.13,0.13,0.13,0.13,0.13,132.28,4,25.5,1.706,128,81.15,35.5,4,137.9
25.741388,-100.3019,30400701,8.92,137.31,24.91,24.91,184.8,,1,84.6,18.372,134,11742.33,44.3,558.5,700.2
25.741388,-100.3019,30400701,2.54,12.7,,,,0.45,2,34.1,3.1167,-391,12340.67,1617.5,380,603.6
25.741388,-100.3019,30400701,2.72,13.6,,,,0.48,1,16.4,7.2178,-426,54368.21,1328.7,2254.5,1078.9
25.741388,-100.3019,30400701,0.52,2.6,,,,0.09,1,66.6,2.8871,-455,9880.25,1509.2,497.1,669
25.741388,-100.3019,30400701,3.14,15.7,,,,0.56,1,67.2,5.4461,-451,27208.89,1168,1335.6,922.4
25.741388,-100.3019,30400701,19.22,96.1,,,,3.4,1,100,6.2335,-446,82604.89,2706.7,3929,1322.8
25.741388,-100.3019,30400701,0.94,4.7,,,,0.17,3,20.7,0.5905,-449,449.32,1640.4,21.8,235
25.741388,-100.3019,30400701,1,5,,,,0.18,2,49.2,2.1653,-452,8131.07,2208,401.6,619.2
25.741388,-100.3019,30400701,8.44,42.2,,,,1.5,2,26.2,0.9842,-455,948.57,1246.7,47.7,305
25.741388,-100.3019,30400701,0.96,4.8,,,,0.17,1,72.1,17.388,-436,323328.9,1361.5,14392.7,2014.1
25.741388,-100.3019,30400701,8.64,43.2,,,,1.53,1,100,5.0196,-437,40254.93,2034.1,1804.2,1027.5
25.741388,-100.3019,30400701,23.54,117.7,,,,4.17,1,28.2,8.5301,-436,98060.26,1715.9,4365.2,1347.1
25.741388,-100.3019,30400701,2.34,11.7,,,,0.41,2,34.1,3.1167,-380,12565.96,1647,344.8,584.7
25.741388,-100.3019,30400701,14.26,71.3,,,,2.53,1,125,7.5459,-448,76736.5,1715.9,3696.8,1304.4
25.741388,-100.3019,30400701,12.06,60.3,,,,2.14,1,125,7.5459,-448,77763.56,1738.8,3746.2,1310.1
25.741388,-100.3019,10200701,49.13,9,1.74,1.74,,0.9,1,56.7,4.954,-449,20237.11,1049.9,981.1,831.1
25.741388,-100.3019,10200701,,,6.18,6.18,,,3,30.1,0.9842,-439,708.93,931.8,32.2,269.7
25.741388,-100.3019,10200701,,,16.3,16.297,,,1,73.4,17.716,-441,252340.4,1023.6,11617.3,1877.2
25.741388,-100.3019,10200701,,,82.72,82.72,,,1,73.4,17.716,-436,164991.8,669.3,7344.4,1614.3
25.741388,-100.3019,30300814,5937,,152.45,152.45,,,1,213,7.55,-436,8.15,1715.9,3419.7,1298.8
25.741388,-100.3019,10200701,3.84,19.2,,,,0.68,1,50.8,4.1994,-447,23630.22,1706,1131.1,868.8
25.741388,-100.3019,10200701,1.72,8.6,,,,0.3,1,49.2,3.0183,-449,12888.21,1801.2,624.8,715.1
25.741388,-100.3019,10200701,2.5,12.5,,,,0.44,1,49.8,3.0183,-451,11151,1558.4,547.4,685.1
25.741388,-100.3019,10200701,1.38,6.9,,,,0.24,2,23.9,1.5091,-438,3257.27,1820.9,147,439.5
25.741388,-100.3019,10200701,1,5,,,,0.18,2,14.4,1.3123,-446,2099.06,1551.8,99.8,384.3
25.741388,-100.3019,10200701,0.13,0.65,,,,0.02,3,9.84,0.4921,-456,185.97,977.7,9.4,175.9
25.741388,-100.3019,30300814,1.98,9.9,,,,0.35,1,26.2,9.1863,-438,84805.75,1279.5,3826.9,1289
25.733333,-100.2833,30400101,6.97,50.49,16.81,16.81,0.21,70.31,4,46.2,2.8543,335,195.24,30.5,2.7,127.8
25.708333,-100.2777,30400101,3.21,12.85,0.17,0.16,0.06,,4,46.2,2.8543,335,195.24,30.5,2.7,127.8
25.741388,-100.3019,30400204,739.79,,113.21,107.44,,,3,32.8,1.9685,620,97.85,32.2,9.8,185.5
25.741388,-100.3019,31299999,1.43,2.13,0.83,0.5,,12.75,4,30.5,1.9028,163,65.41,23,2.5,120.9
25.741388,-100.3019,39990001,13.87,16.51,1.25,1.25,0.1,1.44,3,57.9,3.0839,368,226.45,30.3,5.4,161.2
25.741388,-100.3019,39990001,,0.84,2.15,2.15,,29.04,3,57.9,3.0839,368,226.45,30.3,5.4,161.2
25.675277,-100.4619,30610001,0.13,0.26,0.13,0.13,0.13,926.07,3,39.3,2.2965,112,147.25,35.5,8,175.7
25.675277,-100.4619,30107001,93.98,0.13,6.19,6.12,19.36,,4,43.2,1.6404,157,34.18,16.2,1.4,104.5
25.675277,-100.4619,30199999,93.98,0.13,6.29,6.29,19.36,,4,46.2,2.0997,202,85.55,24.7,2.3,122.1
25.670833,-100.4319,30101401,,,9.46,9.12,,23.17,4,27.9,2.6902,126,81.31,14.3,4.1,139.2
25.675277,-100.4619,30400701,,0.26,3.05,2.73,,39.02,3,39.4,2.6902,157,190.97,33.6,7.7,174
25.669444,-100.4444,30400701,77.61,0.06,2.89,2.59,2.28,,3,39.4,2.6902,157,190.97,33.6,7.7,174
25.731388,-100.5216,31299999,2.35,11.72,0.12,0.11,0.07,,4,30.5,1.9028,163,65.41,23,2.5,120.9
25.67,-100.4388,31499999,0.42,5.19,6.79,6.45,0.01,,4,29.8,1.8044,141,37.08,14.5,1.7,106.5
25.675277,-100.4619,50300501,0.4,0.96,10.2,10.09,0.07,,4,32.8,1.3123,173,88.76,65.6,3.2,130.3
25.675277,-100.4619,39990001,,,,,,53.31,3,57.9,3.0839,368,226.45,30.3,5.4,161.2
25.675277,-100.4619,39999999,,13.33,5.23,5.23,,4.63,3,39.3,3.8057,194,253.79,22.3,7.4,171.8
25.567977,-100.4693,40400101,0.03,0.16,0.01,0.01,0.01,1776.9,7,10.4,0.5249,67.7,0.59,2.7,0,31.2
31.258611,-109.64,30504001,70.63,246.17,110.92,76.79,687.94,5.21,1,88.5,8.8582,800,3297.81,53.5,512.8,682.5
31.311388,-109.5394,31499999,1.43,10.7,0.25,0.24,0.01,0.12,4,29.8,1.8044,141,37.08,14.5,1.7,106.5
31.171944,-112.8072,30302401,,,16955,4950.8,,,3,40.2,3.2152,108,616.13,75.9,34.2,278.1
30.871111,-112.2755,10102101,0.4,107.49,1.42,1.4,61.66,0.05,3,49.2,10.301,267,2051,24.6,14.4,214.2
27.455833,-109.9733,10102101,0.13,34.27,0.45,0.45,19.66,0.02,3,49.2,10.301,267,2051,24.6,14.4,214.2
27.489167,-109.935,40400101,,,,,,240.59,7,10.4,0.5249,67.7,0.59,2.7,0,31.2
27.489167,-109.935,39990001,11.55,103.08,54.33,33.29,1010.9,0.63,3,57.9,3.0839,368,226.45,30.3,5.4,161.2
27.489167,-109.935,39990001,3.88,96.83,27.4,23.94,466.03,0.77,3,57.9,3.0839,368,226.45,30.3,5.4,161.2
30.981944,-110.3005,30302401,152.04,430.45,3925.2,1146.2,2513.8,12.04,2,196,8.2021,211,2461.57,46.6,59.3,379.1
28.8025,-110.5666,30302401,3.22,13.11,630.1,183.99,43.95,0.14,3,40.2,3.2152,108,616.13,75.9,34.2,278.1
28.804444,-110.58,30399999,,,18.22,5.32,,,3,56.2,2.6902,191,149.57,26.3,4.5,152.5
30.008333,-109.7875,30399999,0.4,1.62,1.59,0.89,13148,0.02,3,273,3.6089,132,275.2,26.9,13.3,277
27.918333,-110.8988,10100212,82.02,649.79,604.95,594.34,9777.96,12.47,2,65.6,8.8582,319,6126.53,99.4,54.2,329.9
27.918333,-110.8988,10100212,82.02,649.79,604.95,594.34,9777.96,12.47,2,65.6,8.8582,319,6126.53,99.4,54.2,329.9
27.918333,-110.8988,10100202,155.04,1228.21,1143.45,1123.41,18482.04,23.57,2,164,10.498,317,10082.61,116.5,83,407.2
27.918333,-110.8988,10100202,155.04,1228.21,1143.45,1123.41,18482.04,23.57,2,164,10.498,317,10082.61,116.5,83,407.2
27.918333,-110.8988,10100404,47.23,374.15,348.46,342.35,5632.4,7.4,2,164,10.498,317,10082.61,116.5,83,407.2
27.918333,-110.8988,40400101,104.72,,,,1.23,439.52,7,10.4,0.5249,67.7,0.59,2.7,0,31.2
27.918333,-110.8988,39990001,2.14,23.51,27.37,23.91,134.24,4.74,3,57.9,3.0839,368,226.45,30.3,5.4,161.2
27.918333,-110.8988,30201201,1.99,19.3,36.48,31.87,241.69,4.96,2,95,4.954,197,1457.07,75.6,41.3,312.1
27.918333,-110.8988,30201201,1288.2,26.49,2.1,2.1,,1.39,2,95,4.954,197,1457.07,75.6,41.3,312.1
27.918333,-110.8988,30201201,4.06,34.77,16.99,10.88,316.77,0.21,2,95,4.954,197,1457.07,75.6,41.3,312.1
27.918333,-110.8988,30201201,0.02,616.83,0.24,0.24,312.28,3.86,2,95,4.954,197,1457.07,75.6,41.3,312.1
29.058333,-110.7458,30500613,,,19.95,13.44,,,3,16.4,2.395,69.5,172.05,38.2,11.6,190.2
29.058333,-110.7458,30500613,,,19.95,13.44,,,4,19.6,1.6732,71.3,58.58,26.6,3.9,135
29.058333,-110.7458,30500614,44.02,1089.56,112.56,75.85,5241.72,8.7,3,134,1.9685,505,120.42,39.6,7.9,203.9
29.058333,-110.7458,30500614,,,19.95,13.44,,,2,82,6.8241,103,1700.36,46.5,96.9,401.2
29.058333,-110.7458,30500613,,,19.95,13.44,,,3,111,1.3779,60.5,73.59,49.3,5.1,175.3
29.058333,-110.7458,30500613,,,19.95,13.44,,,3,6.56,1.8044,69.5,199.27,77.9,13.4,196.5
29.058333,-110.7458,30500613,2.32,57.35,7.18,4.84,275.88,0.46,3,32.8,1.9685,152,175.94,57.8,7.4,169.6
29.058333,-110.7458,30500613,,,19.95,13.44,,,3,82,1.3123,71.3,95.59,70.7,6.4,176.8
29.098889,-110.9541,30500613,,,105.8,71.2,,,3,114,2.9527,116,359.46,52.5,19.1,253.6
29.098889,-110.9541,30500614,17.09,649.55,264.5,178,8530.1,3.25,6,144,,278,,18.4,0,43.9
29.098889,-110.9541,30500629,,,158.7,106.8,,,2,127,8.1692,164,2510.71,47.9,96.5,414.3
29.098889,-110.9541,30302401,,,9.06,5.44,,,3,40.2,3.2152,108,616.13,75.9,34.2,278.1
29.174722,-111.595,30504001,2.93,32.24,13.35,5.21,394.85,0.75,3,98.4,3.7073,215,439.51,40.7,10.1,206.7
29.098889,-110.9541,30504001,1.96,8.47,31.29,9.14,3.78,19.02,3,33.9,3.7073,143,439.51,40.7,19.7,231.5
29.174722,-111.595,10100601,86.46,342.25,6.78,6.66,1.01,2.22,2,263,10.301,268,3910.57,46.9,26.2,323.5
29.098889,-110.9541,31400901,9.91,5.91,51.53,49.65,0.12,611.52,3,65.6,2.9527,110,273.64,40,15,222.1
29.098889,-110.9541,39990001,,7.12,5.56,4.86,73.5,,3,57.9,3.0839,368,226.45,30.3,5.4,161.2
29.098889,-110.9541,30299999,,3.98,4.48,3.91,18.93,0.06,3,49.1,1.8372,157,95.59,36.1,3.9,143.6
29.098889,-110.9541,30299999,,3.7,5.99,5.24,22.32,0.07,3,49.1,1.8372,157,95.59,36.1,3.9,143.6
29.098889,-110.9541,30299999,401.56,4,0.17,0.17,0.02,0.09,3,49.1,1.8372,157,95.59,36.1,3.9,143.6
29.098889,-110.9541,30299999,0.3,1.45,2.44,2.13,27.26,,3,49.1,1.8372,157,95.59,36.1,3.9,143.6
29.098889,-110.9541,30299999,1.43,4.92,5.94,5.19,28.96,,3,49.1,1.8372,157,95.59,36.1,3.9,143.6
29.098889,-110.9541,30299999,0.84,2.79,2.93,2.56,10.03,,3,49.1,1.8372,157,95.59,36.1,3.9,143.6
29.021034,-111.4747,40400101,0.03,0.13,0.09,0.09,0.01,0.01,7,10.4,0.5249,67.7,0.59,2.7,0,31.2
30.626944,-110.9675,40400101,,,,,,22.12,7,10.4,0.5249,67.7,0.59,2.7,0,31.2
30.35,-109.55,30300502,87.58,1124.7,2859.1,834.87,3092.9,,2,114,11.482,193,3839.36,37.1,113.5,431.3
27.080833,-109.4452,30799901,3.05,,0.57,0.49,28.76,,5,59,2.9527,296,125.81,18.4,0.2,68.2
27.080833,-109.4452,30504001,2.77,16.58,8.65,5.55,45.82,0.11,3,33.9,3.7073,143,439.51,40.7,19.7,231.5
27.080833,-109.4452,30504001,,,0.32,1.82,64.49,,3,33.9,3.7073,143,439.51,40.7,19.7,231.5
27.080833,-109.4452,40400101,,,,,,28.51,7,10.4,0.5249,67.7,0.59,2.7,0,31.2
27.080833,-109.4452,30299999,,,6.57,0.23,,,3,49.1,1.8372,157,95.59,36.1,3.9,143.6
27.080833,-109.4452,30299999,0.6,6.55,3.76,2.45,67.29,0.03,3,49.1,1.8372,157,95.59,36.1,3.9,143.6
27.080833,-109.4452,30299999,1.08,5.97,4.32,3.77,48.25,1.7,3,49.1,1.8372,157,95.59,36.1,3.9,143.6
27.080833,-109.4452,30299999,3.88,96.83,27.4,23.94,466.03,,3,49.1,1.8372,157,95.59,36.1,3.9,143.6
31.318611,-110.9458,30500801,9.45,5.62,0.85,,0.07,0.26,3,32.3,1.8372,140,115.34,43.5,5.3,152.4
31.318611,-110.9458,40400101,,,,,,139.12,7,10.4,0.5249,67.7,0.59,2.7,0,31.2
31.318611,-110.9458,31399999,0.55,0.45,0.05,0.05,1.17,56.75,4,37.4,1.706,122,60.37,26.4,3.1,130.7
29.904167,-112.683,10100212,154.78,1226.15,1140.6,1120.63,18435,23.53,2,393,9.8425,334,6587.59,86.6,88.4,484.6
29.904167,-112.683,10100212,154.78,1226.15,1140.6,1120.63,18435,23.53,2,393,9.8425,337,7383.89,97,105.8,507.2
29.904167,-112.683,10100212,154.78,1226.15,1140.6,1120.63,18435,23.53,2,393,9.8425,321,5201.18,68.4,49.2,419.8
29.904167,-112.683,10100212,154.78,1226.15,1140.6,1120.63,18435,23.53,2,393,9.8425,339,6779.8,89.1,101.3,501.6
30.349444,-111.1708,30302401,4.37,15.94,0.93,,56.22,0.04,3,40.2,3.2152,108,616.13,75.9,34.2,278.1
28.371111,-108.9255,10102101,0.32,1.27,0.06,0.02,4.5,0.01,2,287,12.04,311,5999.6,52.7,38.4,363.8
31.4,-112.7166,30302401,1,4.14,3.88,1.13,13.33,0.04,3,40.2,3.2152,108,616.13,75.9,34.2,278.1
22.395833,-97.93694,10100202,256.25,2002.19,,,29844.38,38.64,2,171,10.662,303,12298.55,137.7,48.7,351.3
22.395833,-97.93694,10100202,256.25,2002.19,,,29844.38,38.64,2,171,10.761,310,13824.67,152,84.3,411.2
22.395833,-97.93694,10100202,153.75,1201.31,,,17906.63,23.19,2,163,11.154,303,6996.12,71.6,27.7,297.6
22.395833,-97.93694,10100202,153.75,1201.31,,,17906.63,23.19,2,163,11.154,308,6396.54,65.5,35.1,317.8
22.345,-97.86888,30103501,192.9,54.56,105.16,103.99,8.52,,3,82.4,2.2965,185,166.49,40.2,5.3,168.2
22.395833,-97.93694,30100501,,0.05,0.62,0.61,,7.56,4,67.2,2.2965,336,133.32,32.2,1.9,121.4
22.395833,-97.93694,30199999,2.54,2.36,12.97,11.33,33.81,7.63,4,46.2,2.0997,202,85.55,24.7,2.3,122.1
22.395833,-97.93694,30199999,12.46,7.47,,,,,4,46.2,2.0997,202,85.55,24.7,2.3,122.1
22.395833,-97.93694,30199999,198.92,454.62,252.01,171.89,5133.6,,3,134,7.0866,278,776.43,19.7,2.8,156.8
22.395833,-97.93694,30101801,8.6,5.84,0.8,0.01,3.07,5.27,4,53.8,1.706,190,69,30.2,2.1,121.3
22.395833,-97.93694,30101801,3.12,34.34,19.7,12.83,352.84,0.17,4,53.8,1.706,190,69,30.2,2.1,121.3
22.395833,-97.93694,30101801,10.94,6.51,0.99,,0.08,1.43,4,53.8,1.706,190,69,30.2,2.1,121.3
22.395833,-97.93694,30102600,41.38,24.63,3.74,,0.3,2.72,4,47.9,2.0013,189,81.74,26,2.5,126
22.666666,-98.16666,30102600,60.77,36.17,5.5,,0.43,,4,47.9,2.0013,189,81.74,26,2.5,126
22.395833,-97.93694,30102401,98.16,58.43,8.88,,0.7,93.52,4,44.1,1.706,193,70.42,30.8,2.1,118
22.395833,-97.93694,40400101,,,,,,60.35,5,30.5,2.6902,112,4.48,0.8,0.2,60.4
22.395833,-97.93694,39999999,,12.35,4.84,4.84,,4.29,3,39.3,3.8057,194,253.79,22.3,7.4,171.8
25.533333,-99.21944,30501601,1.73,10.36,5.4,3.47,28.64,0.07,3,60.1,3.8057,190,421.73,37.1,12.9,210.2
22.276388,-97.83138,30600105,90.78,49.16,4.48,4.17,21.78,550.8,1,134,9.8425,895,2878.17,37.8,530.9,704
22.276388,-97.83138,30600111,96.12,52.06,4.75,4.42,23.06,583.2,2,209,9.5144,688,2799.12,39.4,339.7,635.1
22.276388,-97.83138,30600111,96.12,52.06,4.75,4.42,23.06,583.2,2,96.7,4.9212,668,1060.9,55.8,122.3,436
22.276388,-97.83138,30600111,96.12,52.06,4.75,4.42,23.06,583.2,2,82,4.9212,728,1092.11,57.4,145.8,456.1
22.276388,-97.83138,30600105,69.42,37.6,3.43,3.19,16.65,421.2,2,89.5,5.5774,649,1034.03,42.3,113.2,423.4
22.276388,-97.83138,30600105,69.42,37.6,3.43,3.19,16.65,421.2,2,85.9,5.5774,512,937.84,38.4,63.5,352.9
22.276388,-97.83138,30600105,58.74,31.81,2.9,2.7,14.09,356.4,2,88.5,4.9212,609,661.5,34.8,64.3,355.1
22.276388,-97.83138,30600105,58.74,31.81,2.9,2.7,14.09,356.4,2,115,5.5774,1091,897.76,36.7,219.3,528.9
22.276388,-97.83138,30600105,78.32,42.42,3.87,3.6,18.79,475.2,2,115,5.5774,1225,1042.04,42.7,297.1,581.5
22.276388,-97.83138,30600105,64.08,34.7,3.16,2.94,15.37,388.8,2,115,5.5774,1244,1066.09,43.6,310.1,589.4
22.276388,-97.83138,30600105,64.08,34.7,3.16,2.94,15.37,388.8,2,115,5.5774,456,969.9,39.7,49.1,334.9
22.276388,-97.83138,30600105,90.78,49.16,4.48,4.17,21.78,550.8,1,140,10.498,895,2840.17,32.8,523.9,702.9
22.276388,-97.83138,10200401,406.82,206.91,137.94,88.35,2405.4,963.3,2,169,11.482,339,3669.48,35.4,54.8,362.6
22.276388,-97.83138,10200401,435.36,221.43,147.62,94.55,2574.2,1030.9,2,169,11.482,-0.6,2820.06,27.2,248.8,566.6
22.276388,-97.83138,10200401,435.36,221.43,147.62,94.55,2574.2,1030.9,2,169,11.482,346,2548.25,24.6,43.5,339.5
22.276388,-97.83138,10200401,1591.58,809.49,539.66,345.65,9410.6,3768.7,2,169,11.482,440,3941.29,38.1,180.2,514.1
22.276388,-97.83138,10200401,1234.72,627.99,418.66,268.15,7300.6,2923.7,2,169,11.482,373,3771.41,36.4,95.4,425.8
22.276388,-97.83138,10200401,1677.22,853.05,568.7,364.25,9917,3971.5,2,169,11.482,368,3397.67,32.8,80.8,405.6
22.276388,-97.83138,10200401,1356.05,689.7,459.8,294.5,8018,3211,2,169,11.482,325,2582.23,24.9,27.6,298.9
22.276388,-97.83138,30600105,72.98,39.52,3.6,3.35,17.51,442.8,3,98.4,3.937,253,603.09,49.5,6.8,185.2
22.276388,-97.83138,30600105,72.98,39.52,3.6,3.35,17.51,442.8,3,112,3.6089,373,463.14,45.3,11.7,220.2
22.276388,-97.83138,30600105,44.5,24.1,2.2,2.05,10.68,270,2,98.4,5.2493,942,1006.13,46.5,200,508.9
22.276388,-97.83138,30600105,44.5,24.1,2.2,2.05,10.68,270,2,98.4,5.2493,796,809.45,37.4,124.9,439.4
22.276388,-97.83138,30600111,199.36,107.97,9.84,9.16,47.82,1209.6,2,102,7.2178,715,1073.94,26.2,139.2,455.5
22.276388,-97.83138,30600111,206.48,111.82,10.2,9.49,49.53,1252.8,2,112,5.5774,847,961.89,39.4,163.4,481.8
22.276388,-97.83138,30600111,206.48,111.82,10.2,9.49,49.53,1252.8,2,112,5.5774,1149,1042.04,42.7,272.9,565.4
22.276388,-97.83138,40400101,,,,,,198.54,5,10.4,1.4763,67.7,4.66,2.7,0.3,58.9
22.549189,-98.80728,30299999,576.66,258.66,817.3,362.09,1870.5,254.99,3,49.1,1.8372,157,95.59,36.1,3.9,143.6
22.549,-98.80728,40400101,0.01,0.01,,,,45.86,7,10.4,0.5249,67.7,0.59,2.7,0,31.2
25.879722,-97.50416,30200701,,32.54,3.97,3.97,0.16,,3,63.8,2.6902,137,250.09,44,11.7,205.2
25.879722,-97.50416,30599999,,0.57,0.01,0.01,5.57,5.55,3,55.9,2.2965,211,224.11,54.1,5.4,160.7
25.879722,-97.50416,30107001,198.86,8.92,17.74,17.74,482.92,,4,43.2,1.6404,157,34.18,16.2,1.4,104.5
25.879722,-97.50416,31399999,,,12.91,7.74,,,4,37.4,1.706,122,60.37,26.4,3.1,130.7
25.879722,-97.50416,31399999,11.11,0.5,4.81,2.89,,27.3,4,37.4,1.706,122,60.37,26.4,3.1,130.7
25.879722,-97.50416,39990001,,,,,,16.91,3,57.9,3.0839,368,226.45,30.3,5.4,161.2
25.879722,-97.50416,31399999,,,227.47,136.48,,,4,37.4,1.706,122,60.37,26.4,3.1,130.7
25.879722,-97.50416,31499999,7.34,0.01,11.77,11.34,0.01,25.07,4,29.8,1.8044,141,37.08,14.5,1.7,106.5
25.879722,-97.50416,31499999,,0.22,11.86,11.43,,,4,29.8,1.8044,141,37.08,14.5,1.7,106.5
25.879722,-97.50416,31499999,0.43,,1.7,1.64,,19.65,4,29.8,1.8044,141,37.08,14.5,1.7,106.5
25.866666,-97.5,31499999,,,43.05,40.85,,1.44,4,29.8,1.8044,141,37.08,14.5,1.7,106.5
25.879722,-97.50416,31499999,,,28.55,27.1,,11.77,4,29.8,1.8044,141,37.08,14.5,1.7,106.5
25.879722,-97.50416,31499999,,,47.99,45.54,,12.92,4,29.8,1.8044,141,37.08,14.5,1.7,106.5
25.866666,-97.5,31499999,3.41,,8.65,8.65,,,4,29.8,1.8044,141,37.08,14.5,1.7,106.5
25.879722,-97.50416,31499999,32.95,,,,,,4,29.8,1.8044,141,37.08,14.5,1.7,106.5
27.486388,-99.50805,30899999,309.03,1452.4,,,,,3,36.2,2.0013,147,104.13,33.1,4.5,146.6
27.486388,-99.50805,10102101,0.08,20.21,0.27,0.26,11.6,0.01,3,49.2,10.301,267,2051,24.6,14.4,214.2
27.486388,-99.50805,30900199,,0.22,154.67,92.8,,,4,29.5,2.0997,177,86.45,25,3,126.8
27.486388,-99.50805,31399999,,,130.8,78.48,,,4,37.4,1.706,122,60.37,26.4,3.1,130.7
27.486388,-99.50805,31400901,,3.09,6.12,3.67,1.18,,7,20.9,1.706,291,37.72,16.5,0,24.9
27.486388,-99.50805,31499999,48.94,0.66,15.88,15.07,,58.07,4,29.8,1.8044,141,37.08,14.5,1.7,106.5
27.486388,-99.50805,31499999,8.08,4.81,0.73,,0.06,1.78,4,29.8,1.8044,141,37.08,14.5,1.7,106.5
27.486388,-99.50805,40400101,,,,,,95.55,7,10.4,0.5249,67.7,0.59,2.7,0,31.2
26.092222,-98.27777,30800801,,,22.06,21.82,,,4,25.5,1.706,128,81.15,35.5,4,137.9
26.092222,-98.27777,30501501,0.02,0.02,1.44,0.81,,21.1,3,53.9,1.9028,180,113.74,40,3.8,144.4
26.092222,-98.27777,31299999,,,12.34,11.05,,,4,30.5,1.9028,163,65.41,23,2.5,120.9
26.092222,-98.27777,30199999,73.24,376.56,4.57,4.57,1.1,,2,85.9,5.5774,512,937.84,38.4,63.5,352.9
26.092222,-98.27777,30107001,17.04,10.14,1.54,,0.12,,4,43.2,1.6404,157,34.18,16.2,1.4,104.5
26.092222,-98.27777,30107001,2.13,12.71,7.04,4.52,561.04,0.06,4,43.2,1.6404,157,34.18,16.2,1.4,104.5
26.092222,-98.27777,30101801,46.75,28.34,134,132.51,,296.79,4,53.8,1.706,190,69,30.2,2.1,121.3
26,-98.21666,30400701,15.53,,18.53,17.58,10.59,,3,39.4,2.6902,157,190.97,33.6,7.7,174
26.092222,-98.27777,30900199,0.02,0.02,1.44,1.29,,21.09,4,29.5,2.0997,177,86.45,25,3,126.8
26.092222,-98.27777,30900199,,,10.74,6.45,,,4,29.5,2.0997,177,86.45,25,3,126.8
26.092222,-98.27777,31399999,,,15.73,9.44,,,4,37.4,1.706,122,60.37,26.4,3.1,130.7
26.092222,-98.27777,31399999,20.72,2.98,2.39,2.39,,7.28,4,37.4,1.706,122,60.37,26.4,3.1,130.7
26.092222,-98.27777,31399999,,,9.32,5.59,,,4,37.4,1.706,122,60.37,26.4,3.1,130.7
26.092222,-98.27777,31499999,,,83.7,74.98,,0.74,4,29.8,1.8044,141,37.08,14.5,1.7,106.5
26.016111,-98.21805,31499999,21.1,,4.65,4.16,,,4,29.8,1.8044,141,37.08,14.5,1.7,106.5
25.791485,-98.35922,40400101,0.01,0.01,,,,43,7,10.4,0.5249,67.7,0.59,2.7,0,31.2
25.981666,-98.09027,30200701,,,16.81,0.58,,22.85,3,63.8,2.6902,137,250.09,44,11.7,205.2
25.981666,-98.09027,10100212,436.88,2035.36,1214.8,1193.5,18822,50.73,2,183,16.076,310,17893.88,88.2,109.1,447.1
25.981666,-98.09027,10100212,54.61,254.42,,,,6.34,2,104,6.7257,235,1825.34,51.4,30.6,287.9
25.981666,-98.09027,10100202,54.61,254.42,,,,6.34,3,104,6.7257,272,2465.26,69.4,13.5,226.9
22.255277,-97.86861,30504001,6.93,41.44,21.62,13.87,114.55,0.29,3,33.9,3.7073,143,439.51,40.7,19.7,231.5
22.255277,-97.86861,39990001,2.03,21.46,12.05,7.84,217.12,0.11,3,57.9,3.0839,368,226.45,30.3,5.4,161.2
25.673611,-97.81444,31499999,,,2.17,1.94,,11.29,4,29.8,1.8044,141,37.08,14.5,1.7,106.5
23.736111,-99.14611,30107001,0.08,0.83,0.48,0.31,20.17,,4,43.2,1.6404,157,34.18,16.2,1.4,104.5
23.683648,-99.16398,40400101,0.03,0.13,0.09,0.09,0.01,50.38,7,10.4,0.5249,67.7,0.59,2.7,0,31.2
22.992319,-98.9063,30299999,622.85,256.27,863.77,377.57,1593.9,277.13,3,49.1,1.8372,157,95.59,36.1,3.9,143.6
21.814615,-102.286,30203001,1.64068,8.861478,1.053148,0.6859682,32.89054,0.3592432,3,58.4,3.2964,205,392.46,46,10.2,195.2
21.814615,-102.286,30203001,5.199711,48.74904,28.47313,20.56207,616.7692,1.080706,3,58.4,3.2964,205,392.46,46,10.2,195.2
21.814615,-102.286,30299999,0.447869,4.780282,2.812546,1.830608,50.64888,0.1398833,3,49.1,1.8532,157,97.23,36,3.9,144.4
21.814615,-102.286,30299999,0.4682617,4.837272,2.649515,1.725006,47.57519,0.1448437,3,49.1,1.8532,157,97.23,36,3.9,144.4
21.814615,-102.286,30201301,0.6908183,7.572436,4.546702,2.961248,81.77902,0.2212338,4,26.9,1.394,242,35.24,23.1,0.5,73.9
21.814615,-102.286,30299999,0.08906673,0.9299096,0.5453132,0.3546135,9.842204,0.02711685,4,39.3,1.8532,314,66.35,24.6,0.5,76.3
21.814615,-102.286,30299999,0.2922226,1.174071,0.05842248,0.01466074,2.476342,0.03273864,4,39.3,1.8532,314,66.35,24.6,0.5,76.3
21.814615,-102.286,30299999,0.1735038,0.694015,0.0347228,0.008708257,1.478309,0.01929044,4,39.3,1.8532,314,66.35,24.6,0.5,76.3
21.814615,-102.286,30299999,0.4761984,5.238182,3.159003,2.057463,56.81995,0.1528905,3,49.1,1.8532,157,97.23,36,3.9,144.4
21.814615,-102.286,33000101,0.2198008,0.8795339,0.04398221,0.01102311,1.871063,0.02447131,4,36.6,2.9356,247,239.21,35.3,3.1,131
21.814615,-102.286,33000101,1.071005,11.70015,7.020949,4.572165,126.3256,0.3416062,4,36.6,2.9356,247,239.21,35.3,3.1,131
21.814615,-102.286,30801001,1.86985,20.41094,26.30952,15.00763,220.5538,0.5955787,4,29.3,0.6888,110,7.57,20.3,0.4,70
21.814615,-102.286,30801001,1.071005,11.70015,7.020949,4.572165,126.3256,0.3416062,4,29.3,0.6888,110,7.57,20.3,0.4,70
21.814615,-102.286,32099997,1.156545,5.697515,3.558921,1.527803,10.32788,0.2447131,4,24,1.7056,113,49.54,21.7,2.7,121
21.814615,-102.286,33000101,1.156545,5.697515,3.558921,1.527803,10.32788,0.2447131,4,36.6,2.9356,247,239.21,35.3,3.1,131
21.814615,-102.286,30200901,1.156545,5.697515,3.558921,1.527803,10.32788,0.2447131,3,81.4,2.3944,143,96.74,21.5,4.3,158.4
21.814615,-102.286,30900199,0.06724098,0.4828122,11.11438,4.769369,0.01157427,13.65411,4,29.5,2.0992,178,86.33,24.9,2.9,126.4
21.814615,-102.286,30900199,1.048518,6.041215,0.06580797,0.04596637,5.960637,0.2466972,4,29.5,2.0992,178,86.33,24.9,2.9,126.4
21.814615,-102.286,30900199,0.06724098,0.4828122,11.11438,4.769369,0.01157427,13.65411,4,29.5,2.0992,178,86.33,24.9,2.9,126.4
21.814615,-102.286,30900199,0.003858089,0.02766801,0.000551156,0.000551156,0.000661387,62.0061,4,29.5,2.0992,178,86.33,24.9,2.9,126.4
21.814615,-102.286,30900199,0.000551156,0.00396832,0.000110231,0.000110231,0.000110231,3.68227,4,29.5,2.0992,178,86.33,24.9,2.9,126.4
21.814615,-102.286,31299901,0.005511555,0.03725811,1.342725,0.5756268,0.006283173,1.628444,4,30.5,1.9024,163,65.36,23,2.5,120.9
21.814615,-102.286,31499901,0.1234588,0.8864785,9.59694,4.123966,0.0212746,4.690223,4,29.8,1.804,141,37.06,14.5,1.7,106.5
21.814615,-102.286,31400901,,,,,,2.139696,7,20.9,1.7056,291,37.7,16.5,0,24.9
21.814615,-102.286,31299901,0.04265944,0.2225566,1.674521,0.717384,0.2281784,14.85551,4,30.5,1.9024,163,65.36,23,2.5,120.9
21.814615,-102.286,30400201,0.07484692,0.5407938,3.647217,2.723921,0.01333796,0.02072345,4,44.3,3.362,269,395.42,44.5,2.5,125.1
21.814615,-102.286,30501601,11.11129,44.44518,124.3433,120.1587,14.20019,1.23525,3,52.4,3.2144,111,284.8,35.1,15.5,220.4
21.831388,-102.2869,30499901,0.1019638,0.4192089,1.327954,0.5658162,0.8388587,0.01190496,4,41.3,2.0992,242,124.87,36.1,1.8,112.7
21.883333,-102.3,30499901,0.07914593,0.5716585,3.347278,1.441602,0.01410958,0.02193599,4,41.3,2.0992,242,124.87,36.1,1.8,112.7
21.814615,-102.286,31499901,0.2076754,1.244509,5.987533,2.568715,0.6990857,0.04442313,4,29.8,1.804,141,37.06,14.5,1.7,106.5
21.839722,-102.2819,30400301,0.008377564,0.06084757,15.20219,6.515981,0.001543235,14.18465,3,43.6,3.4112,179,468.83,51.3,15.9,219.1
21.885,-102.2833,30900199,0.001543235,0.006503635,1.771744,0.7592719,0.01366866,0.971136,4,29.5,2.0992,178,86.33,24.9,2.9,126.4
21.814615,-102.286,30900199,0.01818813,0.1316159,1.615657,0.694015,0.003306933,0.1814404,4,29.5,2.0992,178,86.33,24.9,2.9,126.4
21.878055,-102.2963,30900199,1.0731,5.739513,3.904716,1.670222,5.405182,0.1818813,4,29.5,2.0992,178,86.33,24.9,2.9,126.4
21.702777,-102.2822,31400901,1.250388,9.037371,0.8077221,0.4234197,0.2234752,125.4877,3,24.6,1.9352,965,131.69,44.8,27.1,253.5
21.702777,-102.2822,31400901,1.250388,9.037371,0.8077221,0.4234197,0.2234752,125.4877,5,27.5,1.7384,280,109.54,46.1,0.3,65.2
21.702777,-102.2822,31400901,1.250388,9.037371,0.8077221,0.4234197,0.2234752,125.4877,4,36,1.4104,359,35.36,22.6,0.7,85.2
21.702777,-102.2822,31400901,,,4.846333,2.540518,,439.2068,4,17.7,2.46,69.8,49.42,10.4,3.3,127.5
21.702777,-102.2822,31400901,,,4.846333,2.540518,,439.2068,3,18,2.46,70.7,142.18,29.9,9.5,179
21.814615,-102.286,31400901,0.001212542,0.00903895,0.8070019,0.4036663,0.000220462,16.53092,7,20.9,1.7056,291,37.7,16.5,0,24.9
21.814615,-102.286,40400101,0.01080265,0.04861192,0.003417164,0.003417164,0.003196702,591.8898,7,10.4,0.5248,68,0.59,2.7,0,31.1
21.897222,-102.2936,30499901,0.1837552,0.7064711,2.248935,0.9577981,1.505867,0.0216053,4,41.3,2.0992,242,124.87,36.1,1.8,112.7
21.814615,-102.286,10300502,0.5802565,2.79039,0.000330693,0.000220462,5.445196,0.1644648,5,39.3,1.476,314,46.58,27.2,0.3,69.2
21.814615,-102.286,10300502,0.4221851,1.811648,0.08267333,0.02336899,3.274966,0.05324162,5,39.3,1.476,314,46.58,27.2,0.3,69.2
21.814615,-102.286,10300502,0.1719605,0.6878421,0.0343921,0.008598026,1.465082,0.01906998,5,39.3,1.476,314,46.58,27.2,0.3,69.2
21.901838,-102.7033,30299901,0.0396832,0.4365152,0.2632319,0.1714094,4.734977,0.01278681,3,49.1,1.8532,157,97.23,36,3.9,144.4
21.931586,-102.4436,30203001,0.2501144,1.796106,0.03880135,0.03880135,0.04321059,0.06889444,3,58.4,3.2964,205,392.46,46,10.2,195.2
21.931586,-102.4436,30203001,0.5438803,5.973975,3.593093,2.340317,64.62364,0.1744958,3,58.4,3.2964,205,392.46,46,10.2,195.2
21.931586,-102.4436,33000101,0.1137585,0.8761168,0.4056505,0.2599249,7.553586,0.02535315,4,36.6,2.9356,247,239.21,35.3,3.1,131
21.931586,-102.4436,33000101,1.239659,10.51891,5.354035,3.451556,98.48697,3.192623,4,36.6,2.9356,247,239.21,35.3,3.1,131
21.931586,-102.4436,33000101,0.9380667,7.604403,6.752647,3.693293,68.96311,0.2198008,4,36.6,2.9356,247,239.21,35.3,3.1,131
21.931586,-102.4436,33000101,0.04144689,0.4526089,8.00862,3.492893,4.896245,0.1785744,4,36.6,2.9356,247,239.21,35.3,3.1,131
21.931586,-102.4436,30500801,7.280544,42.75192,23.86735,10.95444,0.7640117,1.185205,3,32.2,1.8532,141,117.31,43.5,5.3,152.9
21.931586,-102.4436,31499901,0.08476771,0.6123338,99.11771,42.4866,0.01510166,13.10714,4,29.8,1.804,141,37.06,14.5,1.7,106.5
21.931586,-102.4436,31499901,0.2730424,1.132184,50.24962,37.00061,2.222369,0.01653467,4,29.8,1.804,141,37.06,14.5,1.7,106.5
22.266766,-102.3416,30106001,0.1157427,0.4629706,0.02314853,0.005842248,0.9861274,289.9624,4,47.2,1.5088,139,29.85,16.7,1.4,105.4
22.032638,-102.2301,30503501,,,1.929044,0.8267333,,,4,41.4,2.6564,208,125.59,22.7,3.1,132.5
22.032638,-102.2301,31499901,0.0049604,0.02788847,0.000881849,0.000440924,0.0212746,2.712677,4,29.8,1.804,141,37.06,14.5,1.7,106.5
22.038055,-102.2716,31499901,0.05346208,0.3862498,4.632242,1.990002,0.009590106,0.01477097,4,29.8,1.804,141,37.06,14.5,1.7,106.5
22.048333,-102.2752,30900199,0.303356,2.192827,14.73404,6.341816,0.0542337,0.08410633,4,29.5,2.0992,178,86.33,24.9,2.9,126.4
24.813333,-112.0852,10100201,37.20939,325.7178,181.3309,130.5395,3946.345,54.89421,2,229,7.544,518,3474.68,77.7,241.6,579.8
25.020833,-111.6669,20100209,80.80519,376.9171,25.54487,25.54487,24.50222,29.71546,3,40.5,2.6568,545,81.83,14.8,6.4,164.1
25.020833,-111.6669,20100209,80.80519,376.9171,25.54487,25.54487,24.50222,29.71546,3,40.5,2.6568,548,100.01,18,7.9,175.2
25.020833,-111.6669,20100209,80.80519,376.9171,25.54487,25.54487,24.50222,29.71546,3,40.5,2.6568,606,80.01,14.4,7.7,174.1
25.020833,-111.6669,20100209,80.80519,376.9171,25.54487,25.54487,24.50222,29.71546,3,40.5,2.6568,588,80.01,14.4,7.3,171
25.558783,-111.8185,30299901,1.390648,15.28498,33.51991,12.9457,165.7398,0.4460338,3,49.1,1.8532,157,97.23,36,3.9,144.4
27.351388,-112.395,20100109,34.17164,159.4454,10.80265,10.80265,10.36505,12.56635,4,23.3,1.3329,725,17.85,12.8,2.4,116.3
27.351388,-112.395,20100109,34.17164,159.4454,10.80265,10.80265,10.36505,12.56635,4,23.3,1.3329,690,17.39,12.5,2.1,112.3
27.351388,-112.395,20100109,34.17164,159.4454,10.80265,10.80265,10.36505,12.56635,3,28.8,1.9994,640,53.56,17.1,5.7,155.2
27.351388,-112.395,20100109,34.17164,159.4454,10.80265,10.80265,10.36505,12.56635,3,28.8,1.9994,631,53.56,17.1,5.6,153.9
27.351388,-112.395,20100109,34.17164,159.4454,10.80265,10.80265,10.36505,12.56635,3,23.5,2.6659,611,124.51,22.3,12.2,195.6
27.351388,-112.395,20100109,34.17164,159.4454,10.80265,10.80265,10.36505,12.56635,4,6.88,1.9994,530,58.71,18.7,4.3,135.2
27.351388,-112.395,20100109,34.17164,159.4454,10.80265,10.80265,10.36505,12.56635,4,10.6,1.4996,435,55.04,31.2,2.4,113.4
27.288264,-113.2273,20100109,25.62873,57.20802,8.1086,8.113009,3.718917,5.015515,4,17.7,0.9997,748,13.39,17.1,1.9,106.3
27.288264,-113.2273,20100109,13.36119,75.18803,4.22386,4.22386,4.887742,4.91347,3,18,1.148,923,26.48,25.6,5.1,146.6
27.288264,-113.2273,20100109,16.11915,93.02001,5.095731,5.095731,6.046944,5.927687,3,18.8,1.476,870,43.21,25.3,7.6,167
27.288264,-113.2273,20100109,19.94205,119.5848,6.304261,6.304261,7.773837,7.333528,3,12.4,2.0992,743,90.82,26.2,12.5,194.1
27.288264,-113.2273,20100109,12.26451,57.80482,3.877169,3.877169,3.757713,4.510176,4,8.2,0.9997,761,13.13,16.7,1.9,103.7
27.288264,-113.2273,20100109,12.39246,60.95937,3.917616,3.917616,3.96278,4.557227,4,13.2,0.9997,827,20.86,26.6,3.4,127.3
27.288264,-113.2273,20100109,13.06874,43.41046,4.131409,4.131409,2.82198,4.805925,4,13.4,0.8331,640,13.95,25.6,1.5,97.6
27.288264,-113.2273,20100109,9.306529,126.3875,2.942064,2.942064,8.216061,3.422401,3,18.8,2.0992,811,88.55,25.6,14.1,203.4
27.288264,-113.2273,20100109,27.09552,70.76402,8.565681,8.565681,4.600151,9.964159,4,6.46,1.6662,437,57.22,26.2,2.6,114.1
27.288264,-113.2273,20100109,15.17071,69.16012,4.795902,4.795902,4.495886,5.578906,4,12.4,1.4104,575,42.53,27.2,3.7,130.4
27.288264,-113.2273,20100109,14.82686,73.49014,4.6872,4.6872,4.777368,5.452457,4,11.6,1.4104,640,42.02,26.9,4.5,138.6
27.288264,-113.2273,20100109,15.75515,62.32349,4.98066,4.98066,4.051458,5.793828,4,17.7,0.9997,856,11.07,14.1,1.9,107
27.963888,-114.0544,30107001,,13.7348,,,3.053401,0.6393404,4,43.2,1.6564,158,34.81,16.2,1.4,104.8
27.861666,-114.1155,30107001,0.3240795,1.296318,2.165931,0.6165226,2.761157,0.016312,4,43.2,1.6564,158,34.81,16.2,1.4,104.8
24.1341,-110.1812,10100404,36.19889,329.8457,189.1606,136.4326,4105.37,57.21151,3,92.8,7.2488,302,1621.63,39.3,5.9,176.6
24.1341,-110.1812,10100404,36.19889,329.8457,189.1606,136.4326,4105.37,57.21151,3,92.8,7.2488,302,1797.6,43.6,6.6,181.7
24.1341,-110.1812,10100401,72.39777,659.6915,378.3211,272.8651,8210.74,114.423,3,196,8.528,302,2892.71,50.6,10.6,239.6
24.186486,-110.6525,30299901,0.3310174,1.335617,0.06604127,0.01676367,2.789977,0.03740538,3,49.1,1.8532,157,97.23,36,3.9,144.4
24.186486,-110.6525,30800801,0.0595248,0.2380992,0.01190496,0.00297624,0.5071512,2.784443,4,25.5,1.7056,128,81.09,35.5,4,137.8
24.186486,-110.6525,30201201,0.5231568,2.092627,5.505955,1.569393,4.457296,0.05817504,2,95,4.9528,197,1455.95,75.6,41.3,312
24.15,-110.3166,40400101,,,,,,251.9557,7,10.4,0.5248,68,0.59,2.7,0,31.1
23.276983,-109.7529,10100201,1.725087,8.046696,0.5453501,0.5453501,0.5230909,0.6343868,2,16.4,5.904,530,727.35,26.6,53.2,313.1
23.276983,-109.7529,10100201,12.51177,50.04708,2.502354,0.6255886,106.6003,0.6297591,2,32.8,13.612,710,3484.42,23.9,446.2,635.8
19.645698,-90.27607,10100401,41.242,453.6523,216.2805,156.1233,4661.851,8.578118,2,81.3,6.0024,405,3448.97,121.9,120.9,429.8
19.645698,-90.27607,10100401,41.242,453.6523,216.2805,156.1233,4661.851,8.578118,2,81.3,6.0024,432,3639.23,128.6,157.6,467.1
19.645698,-90.27607,10100401,41.242,453.6523,216.2805,156.1233,4661.851,8.578118,2,81.3,6.0024,567,3259.63,115.2,275.3,557.6
19.645698,-90.27607,10100401,82.48401,907.3046,432.561,312.2466,9323.702,17.15624,3,92.8,8.528,295,3542.82,62,5.4,172
19.645698,-90.27607,31000160,636.1412,1668.238,118.0938,79.20431,6392.39,59.31293,3,157,2.0008,1472,67.03,21.3,24.2,284.6
19.645698,-90.27607,31000160,522.5445,1370.338,97.00565,65.06068,5250.892,48.72133,2,180,2.4928,1515,68.83,14.1,25.7,296.6
19.645698,-90.27607,31000160,704.2991,1846.977,130.7467,87.69048,7077.289,65.66788,2,173,2.0008,1445,75.49,24,26.6,297.2
19.645698,-90.27607,31000160,408.9479,1072.438,75.91747,50.91705,4109.394,38.12974,3,157,2.4928,1520,53.63,11,20.1,270.6
19.8,-90.58333,40400101,,,,,,86.7015,7,10.4,0.5248,68,0.59,2.7,0,31.1
19.645698,-90.27607,31000101,71.39933,157.242,17.27035,10.32579,1141.197,7.828723,4,73.1,3.6408,263,111.83,10.7,0.9,102
18.345693,-91.19365,30199901,1111.13,3703.765,100.5308,100.5308,7.936639,72.75253,2,168,18.04,233,11895.65,46.5,206.7,535.5
18.345693,-91.19365,31000160,3419.491,3884.654,631.6848,423.3435,34690.06,167.8418,2,164,2.0008,1542,67.03,21.3,25.6,291.3
18.345693,-91.19365,31000160,2507.627,2848.747,463.2355,310.4519,25439.38,123.084,3,180,2.0008,1448,53.63,17.1,18.9,273.1
18.345693,-91.19365,31000160,3077.542,3496.189,568.5163,381.0092,31221.05,151.0576,3,173,2.0008,1427,64.97,20.7,22.5,284
18.345693,-91.19365,31000160,2393.644,2719.258,442.1793,296.3405,24283.04,117.4892,3,164,2.4928,1430,65.63,13.4,22.8,282.3
18.345693,-91.19365,31000101,24.73443,272.0782,129.7158,93.63614,2795.976,2350.551,4,73.1,3.6408,263,111.83,10.7,0.9,102
18.647644,-90.16699,10201101,28.61071,12.54253,40.31108,17.79486,87.4395,12.67276,3,246,8.2,262,658.23,12.5,5.6,220.6
18.647644,-90.16699,10201101,74.08669,32.47856,104.3845,46.07931,226.4223,32.81579,3,183,6.56,260,1363.57,40.3,12.5,245.7
18.647644,-90.16699,10201101,98.17992,43.0407,138.3307,61.06445,300.0555,43.48759,3,82,6.56,260,1807,53.5,16.5,233.6
19.115901,-103.634,40400101,2.020316,0.05247001,0.003196702,0.003196702,0.002645546,95.10419,7,10.4,0.5248,68,0.59,2.7,0,31.1
19.188726,-103.9262,30302401,0.07438615,0.2975446,55.0344,31.35925,0.6694754,0.008269261,3,40.2,3.2144,108,615.66,75.9,34.2,278
19.327287,-103.5956,30302401,11.99094,131.9003,239.302,164.9543,1430.759,3.06968,3,40.2,3.2144,108,615.66,75.9,34.2,278
19.327287,-103.5956,10201101,120.3312,35.79699,155.5988,64.91781,54.96563,54.55892,3,98.4,6.396,356,874.7,27.2,17.6,243
19.327287,-103.5956,10201101,165.6088,49.26647,214.1466,89.34471,75.64778,75.08804,2,246,9.02,347,1697.7,26.6,29.5,328.1
19.327287,-103.5956,10201101,151.7578,45.146,196.2362,81.87225,69.32088,68.80795,2,98.4,7.9704,365,1374.68,27.6,31.4,288.5
19.327287,-103.5956,10201101,118.8814,35.3657,153.7241,64.13567,54.30339,53.90158,3,98.4,6.396,365,864.16,26.9,19.8,251.4
19.150411,-104.2758,10100404,288.8958,2714.733,1590.562,1148.715,34452.83,481.2373,2,180,16.072,275,15970.35,78.7,73,397.2
19.150411,-104.2758,10100404,288.8958,2714.733,1590.562,1148.715,34452.83,481.2373,2,180,16.072,296,15970.35,78.7,29.2,307.1
19.150411,-104.2758,10100404,288.8958,2714.733,1590.562,1148.715,34452.83,481.2373,2,406,17.712,287,16163.24,65.6,14.8,324.8
19.150411,-104.2758,10100404,288.8958,2714.733,1590.562,1148.715,34452.83,481.2373,2,406,17.712,284,16163.24,65.6,29.6,377
19.150411,-104.2758,10100404,288.8958,2714.733,1590.562,1148.715,34452.83,481.2373,2,406,19.68,242,15963.7,52.5,233.6,628.2
19.150411,-104.2758,10100404,288.8958,2714.733,1590.562,1148.715,34452.83,481.2373,2,406,19.68,257,15963.7,52.5,160.6,568.9
19.150411,-104.2758,30302401,19.53538,214.8891,789.3064,487.5653,2330.961,6.270856,3,40.2,3.2144,108,615.66,75.9,34.2,278
19.150411,-104.2758,30501101,,,1.940067,,,,3,32.8,1.968,80.6,89.8,29.5,5.7,156.6
19.150411,-104.2758,30302401,0.1587328,0.6349311,1.725337,0.8447009,0.2028252,0.01763698,3,40.2,3.2144,108,615.66,75.9,34.2,278
19.150411,-104.2758,40400101,0.05533601,0.2491223,0.01730628,0.01730628,0.01620397,132.2974,7,10.4,0.5248,68,0.59,2.7,0,31.1
19.150411,-104.2758,40400101,0.003196702,0.004739937,0.003306933,0.003306933,0.003086471,377.4698,7,10.4,0.5248,68,0.59,2.7,0,31.1
18.886891,-103.8114,30500601,21.25297,231.9979,235.4152,158.6494,376.1483,6.768752,2,137,10.496,224,5108.38,59,102.8,425.4
16.244444,-93.9125,30200701,2.357182,13.9288,30.77839,11.82464,87.27573,0.2509756,3,63.8,2.6896,138,249.9,44,11.6,204.7
16.708055,-93.01166,10300502,2.799777,11.19911,1.128649,0.33609,23.8541,4.512544,3,39.3,1.476,1250,67.35,39.4,19.7,233.2
16.705555,-93.00361,30203001,2.824835,30.95189,17.72305,11.54346,317.5082,0.7195951,3,58.4,3.2964,205,392.46,46,10.2,195.2
16.7,-93,30501601,3.596062,39.55668,183.591,92.09625,64.36229,0.920592,3,23.2,1.9024,363,209.77,73.8,4.7,144
15.089018,-92.5546,10201101,41.8777,14.06619,55.47391,23.53399,48.79675,18.86813,3,246,8.2,262,658.23,12.5,5.6,220.6
15.089018,-92.5546,10201101,108.4412,36.42403,143.6482,60.94064,126.3579,48.85852,3,183,6.56,260,1363.57,40.3,12.5,245.7
15.089018,-92.5546,10201101,143.7066,48.26925,190.3631,80.75873,167.4499,64.74747,3,82,6.56,260,1807,53.5,16.5,233.6
15.089018,-92.5546,10201101,7.142975,607.682,1526.589,823.0311,807.442,530.9379,2,99.9,5.904,464,718.37,26.2,38.1,306.1
17.704694,-93.18782,31000201,1.510276,5.034255,0.1366866,0.1366866,0.01080265,0.0988773,3,4.92,2.8864,890,215.91,33,39.5,280.4
16.818539,-93.49064,30200701,5.555647,26.66711,58.66327,20.12335,52.3342,1.155575,3,63.8,2.6896,138,249.9,44,11.6,204.7
17.383333,-93.35222,31000201,0.04195154,0.1398385,0.003795615,0.003795615,0.000299654,20.78353,3,4.92,2.8864,890,215.91,33,39.5,280.4
17.483333,-93.47083,31000201,0.1872837,1.345321,0.02278618,0.02278618,,38.06656,3,4.92,2.8864,890,215.91,33,39.5,280.4
17.544553,-93.19613,31000201,0.04195176,0.1398392,0.003795636,0.003795636,0.000299656,5.942658,3,4.92,2.8864,890,215.91,33,39.5,280.4
17.516666,-93.11666,31000201,0.1872846,1.345328,0.02278629,0.02278629,,2.879419,3,4.92,2.8864,890,215.91,33,39.5,280.4
17.864088,-93.22847,31000201,3.366195,11.22065,0.3045605,0.3045605,0.02404425,0.9151123,3,4.92,2.8864,890,215.91,33,39.5,280.4
17.864088,-93.22847,31000201,3.366237,11.22075,0.3045685,0.3045685,0.02403038,1.265939,3,4.92,2.8864,890,215.91,33,39.5,280.4
17.864088,-93.22847,31000201,3.366237,11.22075,0.3045685,0.3045685,0.02403038,3.085396,3,4.92,2.8864,890,215.91,33,39.5,280.4
17.864088,-93.22847,31000201,2.144546,7.148597,0.1940067,0.1940067,0.1532212,61.15008,3,35.5,2.8864,430,215.91,33,9.2,182.5
17.866666,-93.15,30600102,16.92689,20.14304,1.531354,1.531354,194.537,2.849199,3,128,4.9856,383,184.41,9.4,5.2,181.2
17.866666,-93.15,30600102,15.08016,17.94542,1.364282,1.364282,194.537,2.538349,3,34.4,3.28,552,108.09,12.8,8.6,178.5
17.866666,-93.15,30600102,10.82678,12.88389,0.9794845,0.9794845,194.537,1.822405,3,34.4,3.28,572,77.6,9.2,6.7,164.7
17.866666,-93.15,10200601,188.5406,224.3637,17.05702,17.05702,194.537,31.73587,3,147,7.544,307,3108.15,69.5,16.1,251.7
17.866666,-93.15,10200601,188.5406,224.3637,17.05702,17.05702,194.537,31.73587,3,147,7.544,307,3108.15,69.5,16.1,251.7
17.866666,-93.15,10200601,177.8685,211.6639,16.09153,16.09153,194.537,29.9395,3,147,7.544,307,2932.22,65.6,15.2,247.7
17.866666,-93.15,30600102,10.90798,12.98052,0.9868307,0.9868307,194.537,1.836073,3,44.7,2.9848,500,71.15,10.2,4.6,149.4
17.866666,-93.15,30609904,88.93425,105.8319,8.045766,8.045766,23830.78,14.96975,2,100,6.56,1112,1274.88,37.7,319.5,590.4
17.866666,-93.15,30609904,88.93425,105.8319,8.045766,8.045766,23830.78,14.96975,2,100,6.56,1112,1274.88,37.7,319.5,590.4
17.866666,-93.15,30609904,88.93425,105.8319,8.045766,8.045766,23830.78,14.96975,2,100,6.56,1112,1274.88,37.7,319.5,590.4
17.866666,-93.15,30609904,88.93425,105.8319,8.045766,8.045766,23830.78,14.96975,2,100,6.56,1112,1274.88,37.7,319.5,590.4
17.866666,-93.15,30600102,10.82678,12.88389,0.9794845,0.9794845,194.537,1.822405,3,34.4,3.28,527,77.6,9.2,5.6,156
17.866666,-93.15,30600906,15.33149,18.2445,1.38702,1.38702,194.537,2.580655,2,157,2.0008,1963,67.03,21.3,34.2,313.7
17.866666,-93.15,30600102,13.53347,16.10486,1.224356,1.224356,194.537,2.278006,3,34.4,3.28,537,97,11.5,7.3,169.4
16.733333,-92.63333,30799901,0.6084757,2.433903,0.1216951,0.03042378,5.184213,0.03066717,3,41,3.9032,145,323,27,14.3,211.2
14.9,-92.26666,40400101,,,,,,122.3741,7,10.4,0.5248,68,0.59,2.7,0,31.1
14.881666,-92.28083,30701201,0.4961061,5.350221,3.037802,1.977608,54.48298,1.490728,4,48.4,2.5912,99.6,61.92,11.7,3.6,140.2
16.732431,-93.13772,30501601,0.9241776,10.1654,92.0993,45.58298,16.53985,0.2365559,3,60.1,3.8048,190,421.22,37,12.8,210.1
16.766388,-93.19166,40400101,,,,,,305.7616,7,10.4,0.5248,68,0.59,2.7,0,31.1
16.766388,-93.19166,10201101,167.5944,51.77437,218.2907,91.53812,111.9246,75.84588,3,98.4,6.396,356,853.62,26.6,17.2,241.3
16.766388,-93.19166,10201101,230.6558,71.25573,300.4279,125.9816,154.039,104.3847,2,246,9.02,347,1739.62,27.2,30.2,330.1
16.766388,-93.19166,10201101,211.3646,65.29617,275.3012,115.4449,141.1557,95.65438,2,98.4,7.9704,365,1374.68,27.6,31.4,288.5
16.766388,-93.19166,10201101,165.5751,51.15058,215.6607,90.43525,110.5761,74.93208,3,98.4,6.396,365,864.16,26.9,19.8,251.4
16.102823,-93.20101,10201101,1.192956,110.3888,279.875,150.8041,134.8517,97.57171,3,98.4,6.396,356,843.08,26.2,17,240.4
16.102823,-93.20101,10201101,1.641834,151.9253,385.1848,207.5478,185.593,134.2854,2,246,9.02,347,1676.74,26.2,29.1,327
16.102823,-93.20101,10201101,1.504517,139.2188,352.9694,190.1893,170.0706,123.0543,3,98.4,7.9704,365,1309.22,26.2,29.9,284.3
16.102823,-93.20101,10201101,1.178583,109.0588,276.503,148.9872,133.227,96.39615,3,98.4,6.396,365,843.08,26.2,19.3,249.6
17.192253,-92.32249,30299901,0.4807487,2.189878,0.09828205,0.03875726,3.382185,0.04311182,3,49.1,1.8532,157,97.23,36,3.9,144.4
19.484299,-99.18233,30799901,,,,,,19.97608,3,41,3.9032,145,323,27,14.3,211.2
19.484299,-99.18233,30801001,,,,,,3.54102,4,29.3,0.6888,110,7.57,20.3,0.4,70
19.484299,-99.18233,31299901,,,,,,4.532879,4,30.5,1.9024,163,65.36,23,2.5,120.9
19.484299,-99.18233,30501101,,,3.823169,3.398373,,,3,32.8,1.968,80.6,89.8,29.5,5.7,156.6
19.484299,-99.18233,30799901,0.2565122,1.853999,0.04012765,0.04012765,0.04584203,9.863555,3,41,3.9032,145,323,27,14.3,211.2
19.484299,-99.18233,30103301,,,,,,8.631051,4,59.7,2.3452,333,133.04,30.8,1.7,116.8
19.484299,-99.18233,30203201,2.884315,3.433708,0.7285954,0.3945714,0.02060225,0.1888539,5,40.2,1.2136,316,28.34,24.5,0.2,62
19.484299,-99.18233,30700801,0.06858579,0.2743432,0.0826157,0.05380967,2.914896,0.003452152,3,47.4,2.8864,136,209.04,31.9,9.8,189.8
19.484299,-99.18233,30203201,2.421286,2.882483,2.698188,0.9273886,0.0172949,0.1585366,5,40.2,1.2136,316,28.34,24.5,0.2,62
19.484299,-99.18233,30899901,1.081642,1.32291,0.09824785,0.09824785,0.00872751,12.17559,3,36.2,2.0008,148,104.05,33.1,4.5,146.3
19.484299,-99.18233,30200901,14.93371,17.77822,6.906792,2.938473,0.1066693,0.9778021,3,81.4,2.3944,143,96.74,21.5,4.3,158.4
19.484299,-99.18233,31399901,0.001818376,0.01314271,0.000284459,0.000284459,0.000324967,5.199254,4,37.3,1.7056,122,60.33,26.4,3.1,130.7
19.484299,-99.18233,30799901,,,,,,26.2835,3,41,3.9032,145,323,27,14.3,211.2
19.484299,-99.18233,30299901,0.06680005,0.4828122,2.092418,0.6052979,0.01193803,0.01851883,3,49.1,1.8532,157,97.23,36,3.9,144.4
19.484299,-99.18233,31499901,1.778463,12.85424,0.278215,0.278215,0.3178343,6.505423,4,29.8,1.804,141,37.06,14.5,1.7,106.5
19.484299,-99.18233,30799901,0.02484962,0.1796062,11.01064,7.727922,0.004440947,0.9522558,3,41,3.9032,145,323,27,14.3,211.2
19.484299,-99.18233,30900199,0.000399732,0.002889148,6.25E-05,6.25E-05,7.14E-05,1.957274,4,29.5,2.0992,178,86.33,24.9,2.9,126.4
19.484299,-99.18233,33000101,0.7061405,5.10359,1.103193,0.7740428,0.1262146,0.1957704,4,36.6,2.9356,247,239.21,35.3,3.1,131
19.496944,-99.17027,30200701,1.351133,1.608492,0.1222454,0.1222454,0.009650953,0.08846708,3,63.8,2.6896,138,249.9,44,11.6,204.7
19.506111,-99.2,31499901,0.8347802,6.03383,1.304254,1.252115,0.1491427,0.2314853,4,29.8,1.804,141,37.06,14.5,1.7,106.5
19.484299,-99.18233,31399901,2.199233,15.89545,0.3440385,0.3440385,0.3930313,0.6096884,4,37.3,1.7056,122,60.33,26.4,3.1,130.7
19.484299,-99.18233,30799901,,,1.110027,0.7789664,,2.543031,3,41,3.9032,145,323,27,14.3,211.2
19.484299,-99.18233,30701201,2.455352,2.923038,0.2221509,0.2221509,0.01753823,38.71961,4,48.4,2.5912,99.6,61.92,11.7,3.6,140.2
19.484299,-99.18233,30501101,,,21.49507,19.10672,,,3,32.8,1.968,80.6,89.8,29.5,5.7,156.6
19.484299,-99.18233,36000101,,,,,,1.308374,3,39.9,2.0008,170,154.69,49.2,5.7,158.1
19.464444,-99.15611,30799901,6.776099,8.066784,0.6130756,0.6130756,0.04840071,0.4436731,3,41,3.9032,145,323,27,14.3,211.2
19.484299,-99.18233,30801001,,,,,,16.7139,4,29.3,0.6888,110,7.57,20.3,0.4,70
19.484299,-99.18233,30701201,,,,,,48.86192,4,48.4,2.5912,99.6,61.92,11.7,3.6,140.2
19.484299,-99.18233,30700401,2.020659,2.405547,0.1828216,0.1828216,0.01443328,1.613811,3,50.9,2.5912,131,112,21.2,5.4,159.5
19.484299,-99.18233,30900199,0.3340002,2.414061,0.05224954,0.05224954,0.05969014,0.09259412,4,29.5,2.0992,178,86.33,24.9,2.9,126.4
19.484299,-99.18233,30899901,,,,,,1.367218,3,36.2,2.0008,148,104.05,33.1,4.5,146.3
19.505,-99.16666,31299901,52.62969,62.65439,4.761734,4.761734,0.3759263,3.445992,4,30.5,1.9024,163,65.36,23,2.5,120.9
19.483333,-99.19166,33000101,0.2248714,0.8994858,0.04497429,0.01124357,1.915905,0.02499821,4,36.6,2.9356,247,239.21,35.3,3.1,131
19.464444,-99.15611,30799901,8.164629,9.719796,0.7387045,0.7387045,0.05831878,0.5345888,3,41,3.9032,145,323,27,14.3,211.2
19.484299,-99.18233,30801001,,,,,,75.97943,4,29.3,0.6888,110,7.57,20.3,0.4,70
19.484299,-99.18233,31399901,0.1960416,1.416935,0.0306679,0.0306679,0.03503516,31.27048,4,37.3,1.7056,122,60.33,26.4,3.1,130.7
19.484299,-99.18233,30900199,0.1736801,1.255312,0.02716976,0.02716976,0.03103887,0.04814894,4,29.5,2.0992,178,86.33,24.9,2.9,126.4
19.484299,-99.18233,32099901,,,,,,8.586739,4,24,1.7056,113,49.54,21.7,2.7,121
19.484299,-99.18233,31299901,1.714446,2.041007,0.1551165,0.1551165,0.01224604,2.349947,4,30.5,1.9024,163,65.36,23,2.5,120.9
19.5,-99.16111,30101401,0.01587328,0.06349312,0.003174656,0.000793664,0.1352403,43.99323,4,27.9,2.6896,127,81.25,14.3,4,138.9
19.484299,-99.18233,30899901,,,,,,12.38871,3,36.2,2.0008,148,104.05,33.1,4.5,146.3
19.484299,-99.18233,30999901,0.01587328,0.06349312,0.003174656,0.000793664,0.1352403,92.28349,4,33.8,1.7056,156,81.31,35.6,3.3,132.5
19.485,-99.16055,30201901,0.3174656,1.269862,2.27517,0.7898604,13.49229,0.0159791,3,34.9,1.804,112,86.1,33.7,4.7,147.6
19.5,-99.17222,30203001,0.3571488,3.928637,2.369212,1.543127,42.61499,0.1146448,3,58.4,3.2964,205,392.46,46,10.2,195.2
19.493055,-99.16888,30203001,0.2063526,0.8254105,1.706378,0.4860625,1.758124,0.02293953,3,58.4,3.2964,205,392.46,46,10.2,195.2
19.490277,-99.18055,30299901,0.1603201,1.158749,0.02507978,0.02507978,0.02865127,0.04444518,3,49.1,1.8532,157,97.23,36,3.9,144.4
19.483888,-99.15277,30203001,1.11113,4.444518,0.2222259,0.05555648,9.466824,0.1235206,3,58.4,3.2964,205,392.46,46,10.2,195.2
19.484299,-99.18233,30299901,2.631319,3.188581,1.539891,0.6100216,0.02038824,0.1742549,3,49.1,1.8532,157,97.23,36,3.9,144.4
19.484299,-99.18233,30201801,0.501331,2.005324,0.1002662,0.02506655,4.27134,0.0557313,3,44.4,1.9024,170,133.88,47.1,4.9,152.6
19.484299,-99.18233,30204001,4.12794,4.914215,0.3734803,0.3734803,0.02948529,0.2702818,3,74.2,2.0008,122,155.93,49.6,8,186.3
19.4875,-99.16777,30201901,7.200119,8.57157,0.6514394,0.6514394,0.05142942,0.4714364,3,34.9,1.804,112,86.1,33.7,4.7,147.6
19.484299,-99.18233,30203201,14.63841,17.42668,14.50143,5.089286,0.1045601,1.506316,5,40.2,1.2136,316,28.34,24.5,0.2,62
19.484299,-99.18233,30203201,5.760947,6.858271,1.367517,0.7630252,0.04114962,0.3772049,5,40.2,1.2136,316,28.34,24.5,0.2,62
19.484299,-99.18233,30203201,4.580759,5.453284,1.018516,0.58704,0.03271971,0.2999306,5,40.2,1.2136,316,28.34,24.5,0.2,62
19.484299,-99.18233,30201801,0.3333389,1.333355,0.06666777,0.01666694,2.840047,0.03705617,3,44.4,1.9024,170,133.88,47.1,4.9,152.6
19.484299,-99.18233,30203201,2.811261,3.346739,0.2543522,0.2543522,0.02008044,757.5986,5,40.2,1.2136,316,28.34,24.5,0.2,62
19.483333,-99.16666,30101401,0.2357744,0.9430977,0.04715488,0.01178872,2.008798,4.701476,4,27.9,2.6896,127,81.25,14.3,4,138.9
19.484299,-99.18233,30299901,0.3650854,1.460342,0.07301708,0.01825427,3.110528,0.04058533,4,39.3,1.8532,314,66.35,24.6,0.5,76.3
19.484444,-99.18388,30299901,0.396832,1.587328,0.396832,0.110546,3.381008,0.04411449,4,39.3,1.8532,314,66.35,24.6,0.5,76.3
19.500277,-99.16638,30203001,0.001511136,0.001798972,1.98416,0.5670004,1.08E-05,9.89E-05,3,58.4,3.2964,205,392.46,46,10.2,195.2
19.484299,-99.18233,30203001,0.3095289,1.238116,2.27517,0.7863651,13.15498,0.01557962,3,58.4,3.2964,205,392.46,46,10.2,195.2
19.484299,-99.18233,30700801,73.20791,87.15228,6.623573,6.623573,0.5229136,89.89181,3,82,4.92,404,513.21,27,17.8,239
19.479722,-99.19722,30299901,1.866698,2.222259,0.1688917,0.1688917,0.01333355,0.1222242,4,39.3,1.8532,314,66.35,24.6,0.5,76.3
19.484299,-99.18233,33000101,1.111537,5.937614,0.928608,0.6012056,15.20737,0.7412,4,36.6,2.9356,247,239.21,35.3,3.1,131
19.476111,-99.19055,30299901,5.706761,6.793763,0.516326,0.516326,0.04076258,0.373657,4,39.3,1.8532,314,66.35,24.6,0.5,76.3
19.5,-99.16666,30501001,19.6107,23.34608,71.21989,63.58088,0.1400765,1.284034,3,71.9,3.9524,119,506.05,41.2,26.4,265.7
19.483055,-99.16277,30700801,0.1923841,1.390499,0.03009574,0.03009574,0.03438152,0.05333422,3,47.4,2.8864,136,209.04,31.9,9.8,189.8
19.484299,-99.18233,30701201,,,,,,4.228906,4,48.4,2.5912,99.6,61.92,11.7,3.6,140.2
19.484299,-99.18233,30799901,,,,,,10.02006,3,41,3.9032,145,323,27,14.3,211.2
19.486666,-99.18111,30799901,,,,,,53.40237,3,41,3.9032,145,323,27,14.3,211.2
19.484299,-99.18233,30799901,0.00793664,0.03174656,0.001587328,0.000396832,0.06762017,2.277286,3,41,3.9032,145,323,27,14.3,211.2
19.484299,-99.18233,36000101,0.003206402,0.02317499,0.000501596,0.000501596,0.000573025,7.40753,3,39.9,2.0008,170,154.69,49.2,5.7,158.1
19.475833,-99.18055,36000101,,,,,,2.380992,3,39.9,2.0008,170,154.69,49.2,5.7,158.1
19.484299,-99.18233,36000101,,,,,,2.777824,3,39.9,2.0008,170,154.69,49.2,5.7,158.1
19.484299,-99.18233,30701201,,,,,,8.26138,4,48.4,2.5912,99.6,61.92,11.7,3.6,140.2
19.484299,-99.18233,36000101,0.589978,4.264198,15.51953,12.43408,0.1054367,10.19251,3,39.9,2.0008,170,154.69,49.2,5.7,158.1
19.493888,-99.16027,36000101,,,,,,13.22773,3,39.9,2.0008,170,154.69,49.2,5.7,158.1
19.484299,-99.18233,36000101,,,,,,1.851882,3,39.9,2.0008,170,154.69,49.2,5.7,158.1
19.499166,-99.1625,30300501,15.38685,19.78597,1.408185,1.408185,0.1516329,35.28517,2,245,6.4944,172,1072.95,32.4,38.6,351.5
19.476388,-99.19777,36000101,,,,,,1.587328,3,39.9,2.0008,170,154.69,49.2,5.7,158.1
19.469444,-99.15555,36000101,,,,,,2.910101,3,39.9,2.0008,170,154.69,49.2,5.7,158.1
19.484299,-99.18233,30900199,0.04969924,0.3592123,0.007774732,0.007774732,0.008881893,7.788033,4,29.5,2.0992,178,86.33,24.9,2.9,126.4
19.484299,-99.18233,30899901,,,,,,2.740345,3,36.2,2.0008,148,104.05,33.1,4.5,146.3
19.5,-99.16666,30801001,4.355628,5.185271,0.3940806,0.3940806,0.03111163,237.2896,4,29.3,0.6888,110,7.57,20.3,0.4,70
19.476111,-99.19888,31399901,,,0.396832,0.3924227,,23.95435,4,37.3,1.7056,122,60.33,26.4,3.1,130.7
19.490555,-99.16472,30400101,0.02939202,0.2124374,5.405922,5.345907,0.005252732,0.008148283,4,46.2,2.8372,335,192.85,30.5,2.6,127.4
19.476666,-99.19444,30899901,,,,,,2.824876,3,36.2,2.0008,148,104.05,33.1,4.5,146.3
19.461111,-99.17722,30801001,,,,,,1.468935,4,29.3,0.6888,110,7.57,20.3,0.4,70
19.477777,-99.19666,30900199,0.009619207,0.06952496,0.001504787,0.001504787,0.001719076,2.465889,4,29.5,2.0992,178,86.33,24.9,2.9,126.4
19.469444,-99.16333,30801001,0.02244482,0.1622249,0.003511169,0.003511169,0.004011177,3.841831,4,29.3,0.6888,110,7.57,20.3,0.4,70
19.480277,-99.17972,31301001,0.01603201,0.1158749,0.002507978,0.002507978,0.002865127,6.340857,3,29.9,2.0008,109,200.27,63.7,11.1,191.5
19.484299,-99.18233,30799901,,,,,,7.275253,3,41,3.9032,145,323,27,14.3,211.2
19.484299,-99.18233,30701201,0.2182576,0.8730303,0.04365152,0.01091288,1.859555,1.294403,4,48.4,2.5912,99.6,61.92,11.7,3.6,140.2
19.484299,-99.18233,30701201,0.1544973,1.116664,0.02416888,0.02416888,0.02761065,0.6915946,4,48.4,2.5912,99.6,61.92,11.7,3.6,140.2
19.484444,-99.16055,30101801,0.07473668,66.81658,2.279689,2.279689,1.484813,4.585063,4,53.7,1.7056,191,68.95,30.2,2.1,120.9
19.484299,-99.18233,30701201,,,,,,24.66289,4,48.4,2.5912,99.6,61.92,11.7,3.6,140.2
19.484299,-99.18233,30299901,0.7849273,5.673237,0.1227906,0.1227906,0.1402766,0.2176036,4,39.3,1.8532,314,66.35,24.6,0.5,76.3
19.493055,-99.15777,30900199,3.111163,3.703765,7.306787,4.965021,0.02222259,11.94808,4,29.5,2.0992,178,86.33,24.9,2.9,126.4
19.484299,-99.18233,30900199,0.09178226,0.1092646,0.008304109,0.008304109,0.000655588,10.50607,4,29.5,2.0992,178,86.33,24.9,2.9,126.4
19.484299,-99.18233,30501101,0.00016032,0.001158749,1.499558,1.332936,2.87E-05,4.44E-05,3,32.8,1.968,80.6,89.8,29.5,5.7,156.6
19.484299,-99.18233,30501101,0.00014696,0.001062187,2.343385,2.083005,2.63E-05,4.07E-05,3,32.8,1.968,80.6,89.8,29.5,5.7,156.6
19.484299,-99.18233,30199901,,,,,,20.68889,4,46.1,2.0992,202,85.48,24.7,2.3,122.1
19.484299,-99.18233,30199901,3.160888,3.844804,0.2878177,0.2856558,0.1252983,0.2092043,4,46.1,2.0992,202,85.48,24.7,2.3,122.1
19.484299,-99.18233,31499901,6.862336,8.169448,0.620878,0.620878,0.04901668,0.4493196,4,29.8,1.804,141,37.06,14.5,1.7,106.5
19.501388,-99.16694,30799901,0.03206402,0.2317499,0.005015956,0.005015956,0.005730254,6.039588,3,41,3.9032,145,323,27,14.3,211.2
19.484299,-99.18233,30999901,0.04985635,0.3603479,0.8911869,0.8813714,0.008909971,3.707966,4,33.8,1.7056,156,81.31,35.6,3.3,132.5
19.484299,-99.18233,30899901,,,,,,1.427469,3,36.2,2.0008,148,104.05,33.1,4.5,146.3
19.484299,-99.18233,30199901,,,0.4833634,0.4301934,,5.515413,4,46.1,2.0992,202,85.48,24.7,2.3,122.1
19.484299,-99.18233,30300501,4.027835,5.30125,7.887917,5.978593,0.04315594,0.2814821,2,245,6.4944,172,1072.95,32.4,38.6,351.5
19.484299,-99.18233,39990001,,,,,,6.613132,3,57.8,3.0832,368,226.28,30.3,5.4,161.1
19.484299,-99.18233,31399901,,,2.547984,2.267706,,2.378135,4,37.3,1.7056,122,60.33,26.4,3.1,130.7
19.484299,-99.18233,36000101,,,,,,2.193191,3,39.9,2.0008,170,154.69,49.2,5.7,158.1
19.484299,-99.18233,30800101,1.30313,5.21252,0.260626,0.0651565,11.10267,0.1448646,3,35.3,2.0992,113,121.13,35,6.5,163.9
19.484299,-99.18233,30900199,0.03555896,0.2570103,0.005562689,0.005562689,0.006354844,1.829725,4,29.5,2.0992,178,86.33,24.9,2.9,126.4
19.475555,-99.19722,30800101,0.1927899,6.936967,1.257908,0.5786845,14.77574,99.8858,3,35.3,2.0992,113,121.13,35,6.5,163.9
19.484299,-99.18233,30203001,0.6062329,2.424932,0.1212466,0.03031164,5.165104,0.06739289,3,58.4,3.2964,205,392.46,46,10.2,195.2
19.484299,-99.18233,36000101,,,,,,11.17003,3,39.9,2.0008,170,154.69,49.2,5.7,158.1
19.484299,-99.18233,36000101,0.09619207,0.6952496,0.01504787,0.01504787,0.01719076,221.7986,3,39.9,2.0008,80.6,123.75,39.4,7.9,175.3
19.466388,-99.15805,30101401,0.00793664,0.03174656,2.590431,2.560476,0.06762017,1.654349,4,27.9,2.6896,127,81.25,14.3,4,138.9
19.484299,-99.18233,30801001,,,,,,1.467176,4,29.3,0.6888,110,7.57,20.3,0.4,70
19.484299,-99.18233,30203301,3.241979,3.859499,2.815533,1.013954,0.02315699,0.2122724,3,47.2,3.2144,162,322.87,39.8,12.6,205
19.484299,-99.18233,30899901,,,,,,67.11752,3,36.2,2.0008,148,104.05,33.1,4.5,146.3
19.484299,-99.18233,36000101,,,,,,1.326962,3,39.9,2.0008,170,154.69,49.2,5.7,158.1
19.484299,-99.18233,30701201,2.238929,2.665392,0.2025698,0.2025698,0.01599235,0.1465965,4,48.4,2.5912,99.6,61.92,11.7,3.6,140.2
19.484299,-99.18233,30701201,1.688917,2.010615,0.1528068,0.1528068,0.01206369,0.1105838,4,48.4,2.5912,99.6,61.92,11.7,3.6,140.2
19.484299,-99.18233,30501001,1.152122,4.608489,1.3878,0.903909,48.96519,0.05799015,3,71.9,3.9524,119,506.05,41.2,26.4,265.7
19.484299,-99.18233,30899901,0.00016032,0.001158749,1.904068,1.694616,2.87E-05,1.550979,3,36.2,2.0008,148,104.05,33.1,4.5,146.3
19.484299,-99.18233,31499901,2.098347,2.498033,0.1898505,0.1898505,0.0149882,0.1373918,4,29.8,1.804,141,37.06,14.5,1.7,106.5
19.466111,-99.15833,30107001,0.3174656,1.269862,1.023826,0.883364,13.49229,0.0159791,4,43.2,1.6564,158,34.81,16.2,1.4,104.8
19.505,-99.16666,31299901,2.451087,2.91796,0.221765,0.221765,0.01750776,21.80989,4,30.5,1.9024,163,65.36,23,2.5,120.9
19.484299,-99.18233,30105001,0.03691199,0.1476479,0.007382398,0.001845599,0.3144901,4.892145,7,36.2,0.1968,103,,2.2,0,23.8
19.473611,-99.19083,30500801,,,23.28081,20.69405,,0.3142909,3,32.2,1.8532,141,117.31,43.5,5.3,152.9
19.474166,-99.19166,30103501,0.4523884,4.976273,3.001002,1.954628,53.97899,0.1452167,3,82.3,2.296,185,166.36,40.2,5.3,168.1
19.483333,-99.16111,30500101,3.200053,3.809587,0.2895286,0.2895286,0.02285752,0.2095273,4,36.1,2.7388,266,259.42,44,1.9,112.4
19.492777,-99.17666,30701201,9.546824,11.36527,0.8637604,0.8637604,0.0681916,0.6250897,4,48.4,2.5912,99.6,61.92,11.7,3.6,140.2
19.502777,-99.18638,31499901,0.01937128,0.02306105,1.908312,0.8188495,0.000138366,43.21004,4,29.8,1.804,141,37.06,14.5,1.7,106.5
19.491666,-99.18888,30400101,4.603559,5.480428,0.4165125,0.4165125,0.03288257,9.538849,4,46.2,2.8372,335,192.85,30.5,2.6,127.4
19.484299,-99.18233,30106001,3.001531,3.573251,0.2715671,0.2715671,0.02143951,0.1965288,4,47.2,1.5088,139,29.85,16.7,1.4,105.4
19.477222,-99.19555,30899901,0.1818813,0.7275253,0.03637626,0.009094066,1.549629,0.02021914,3,36.2,2.0008,148,104.05,33.1,4.5,146.3
19.484299,-99.18233,30105001,0.07062286,0.2824914,0.01412457,0.003531143,0.6017068,3.057052,7,36.2,0.1968,103,,2.2,0,23.8
19.484166,-99.16111,30101401,1.244465,1.481506,0.1125945,0.1125945,0.008889036,0.08148283,4,27.9,2.6896,127,81.25,14.3,4,138.9
19.505555,-99.19861,30801001,1.777807,2.116437,1.058219,1.048248,0.01269862,9.381329,4,29.3,0.6888,110,7.57,20.3,0.4,70
19.484299,-99.18233,30101401,,,0.2204622,0.2180126,,2.372896,4,27.9,2.6896,127,81.25,14.3,4,138.9
19.496111,-99.16305,30501001,0.9523968,3.809587,6.711751,6.249917,40.47686,0.0479373,3,71.9,3.9524,119,506.05,41.2,26.4,265.7
19.484299,-99.18233,30499901,3.215505,3.827982,0.2909267,0.2909267,0.02296789,0.210539,4,41.3,2.0992,242,124.87,36.1,1.8,112.7
19.485555,-99.21388,30900199,,,,,,1.239895,4,29.5,2.0992,178,86.33,24.9,2.9,126.4
19.501388,-99.16527,30199901,0.04809603,0.3476248,34.52438,34.14086,0.00859538,4.417066,4,46.1,2.0992,202,85.48,24.7,2.3,122.1
19.466666,-99.18333,30400701,21.80836,25.96234,1.973137,1.973137,0.155774,1.427928,3,39.3,2.6896,158,190.83,33.6,7.7,173.6
19.484299,-99.18233,10300502,0.1587328,0.6349311,0.03174656,0.00793664,1.352403,0.01764579,4,24.9,0.5904,132,13.95,51,0.7,79.3
19.461111,-99.16388,30299901,0.0396832,0.1587328,0.04780079,0.03113385,1.686536,0.001997388,4,39.3,1.8532,314,66.35,24.6,0.5,76.3
19.491666,-99.155,30900199,1.440024,1.714314,0.1302879,0.1302879,0.01028588,31.70428,4,29.5,2.0992,178,86.33,24.9,2.9,126.4
19.458333,-99.17527,36000101,,,,,,1.719605,3,39.9,2.0008,632,200.27,63.7,20.9,237.7
19.480833,-99.16111,30502601,5.301675,21.2067,1.060335,0.2650838,45.17027,0.5893695,3,44.6,2.46,133,108.58,22.8,5.2,155.5
19.502777,-99.18638,30899901,0.1640239,0.6560955,0.03280478,0.008201194,1.397483,2.09067,3,36.2,2.0008,148,104.05,33.1,4.5,146.3
19.484299,-99.18233,36000101,0.003206402,0.02317499,0.000501596,0.000501596,0.000573025,166.2726,3,39.9,2.0008,170,154.69,49.2,5.7,158.1
19.484299,-99.18233,30701201,0.01923841,0.1390499,0.003009574,0.003009574,0.003438152,145.1082,4,48.4,2.5912,99.6,61.92,11.7,3.6,140.2
19.493888,-99.15861,30499901,0.1892038,0.8142006,0.03706622,0.01051812,1.463717,1.899919,4,41.3,2.0992,242,124.87,36.1,1.8,112.7
19.489722,-99.1925,30801001,,,,,,10.31763,4,29.3,0.6888,110,7.57,20.3,0.4,70
19.486111,-99.1625,30501101,,,3.505349,3.115866,,,3,32.8,1.968,80.6,89.8,29.5,5.7,156.6
19.469166,-99.15416,36000101,0.003206402,0.02317499,0.000501596,0.000501596,0.000573025,12.16951,3,39.9,2.0008,170,154.69,49.2,5.7,158.1
19.486111,-99.17638,30199901,0.1322773,0.5291093,0.02645546,0.006613866,1.127003,0.01470483,4,46.1,2.0992,202,85.48,24.7,2.3,122.1
19.497222,-99.16666,30200701,,,5.820202,1.662915,,,3,63.8,2.6896,138,249.9,44,11.6,204.7
19.484299,-99.18233,30799901,,,,,,1.821829,3,41,3.9032,145,323,27,14.3,211.2
19.486111,-99.16055,31299901,0.04929563,0.05868528,0.004460081,0.004460081,0.000352112,83.66409,4,30.5,1.9024,163,65.36,23,2.5,120.9
19.484444,-99.16666,30501101,,,6.349311,5.643832,,,3,32.8,1.968,80.6,89.8,29.5,5.7,156.6
19.481666,-99.16805,30900199,0.02565122,0.1853999,0.004012765,0.004012765,0.004584203,24.65889,4,29.5,2.0992,178,86.33,24.9,2.9,126.4
19.484299,-99.18233,30900199,1.603201,11.58749,0.2507978,0.2507978,0.2865127,0.4444518,4,29.5,2.0992,178,86.33,24.9,2.9,126.4
19.4925,-99.16388,30400701,17.08473,20.33896,3.335593,2.801784,0.1220338,7.397666,3,39.3,2.6896,158,190.83,33.6,7.7,173.6
19.461666,-99.18388,30103301,,,,,,25.31089,4,59.7,2.3452,333,133.04,30.8,1.7,116.8
19.490277,-99.17,30900199,,,,,,1.761349,4,29.5,2.0992,178,86.33,24.9,2.9,126.4
19.461111,-99.175,30101401,,,,,,4.519801,4,27.9,2.6896,127,81.25,14.3,4,138.9
19.479722,-99.15277,30999901,,,,,,1.761349,4,33.8,1.7056,156,81.31,35.6,3.3,132.5
19.497222,-99.15833,30899901,0.1587328,0.6349311,0.03174656,0.00793664,1.352403,10.79274,3,36.2,2.0008,148,104.05,33.1,4.5,146.3
19.505555,-99.18888,30799901,,,,,,3.074337,3,41,3.9032,145,323,27,14.3,211.2
19.5,-99.19305,30801001,0.009619207,0.06952496,0.001504787,0.001504787,0.001719076,1.468935,4,29.3,0.6888,110,7.57,20.3,0.4,70
19.483333,-99.15444,30900199,1.600026,1.904794,0.1447643,0.1447643,0.01142876,1.162938,4,29.5,2.0992,178,86.33,24.9,2.9,126.4
19.477777,-99.21388,30799901,,,,,,2.960472,3,41,3.9032,145,323,27,14.3,211.2
19.483333,-99.19583,31299901,,,,,,1.409079,4,30.5,1.9024,163,65.36,23,2.5,120.9
19.483333,-99.175,30999901,0.003206402,0.02317499,0.000501596,0.000501596,0.000573025,43.50533,4,33.8,1.7056,156,81.31,35.6,3.3,132.5
19.469444,-99.1475,30899901,,,,,,2.937871,3,36.2,2.0008,148,104.05,33.1,4.5,146.3
19.484299,-99.18233,40400101,0.05467463,0.2550307,0.01728424,0.01728424,0.01657876,231.8564,4,22.9,1.476,68,19.64,11.5,1.3,97
19.341388,-99.14444,30899901,0.3650854,1.460342,0.07301708,0.01825427,3.110528,3.954826,3,36.2,2.0008,148,104.05,33.1,4.5,146.3
19.341388,-99.14444,30899901,0.3650854,1.460342,0.07301708,0.01825427,3.110528,4.645222,3,36.2,2.0008,148,104.05,33.1,4.5,146.3
19.326569,-99.14995,30199901,0.2877414,1.176706,0.05720086,0.01486161,2.385036,0.03331156,4,46.1,2.0992,202,85.48,24.7,2.3,122.1
19.311111,-99.14722,30299901,0.5297514,2.119006,0.1059503,0.02648757,4.513482,0.0588907,4,39.3,1.8532,314,66.35,24.6,0.5,76.3
19.308333,-99.14027,30299901,0.5555648,2.222259,0.111113,0.02777824,4.733412,0.06176028,4,39.3,1.8532,314,66.35,24.6,0.5,76.3
19.311111,-99.14722,30299901,0.1349229,0.5396914,0.02698457,0.006746144,1.149543,0.01499893,4,39.3,1.8532,314,66.35,24.6,0.5,76.3
19.305,-99.14305,30299901,0.3809587,1.523835,2.730204,1.892791,16.19074,0.01917492,4,39.3,1.8532,314,66.35,24.6,0.5,76.3
19.326569,-99.14995,31400901,,,,,,1.455051,7,20.9,1.7056,291,37.7,16.5,0,24.9
19.352222,-99.13833,30199901,0.2328081,0.9312323,0.04656162,0.0116404,1.983525,1.208109,4,46.1,2.0992,202,85.48,24.7,2.3,122.1
19.326569,-99.14995,30106001,0.1587328,0.6349311,0.03174656,0.00793664,1.352403,0.01764579,4,47.2,1.5088,139,29.85,16.7,1.4,105.4
19.326569,-99.14995,30899901,1.565814,11.31727,2.43094,2.190481,0.2798312,134.9067,3,36.2,2.0008,148,104.05,33.1,4.5,146.3
19.326569,-99.14995,30799901,,,1.776925,1.246965,,0.875235,3,41,3.9032,145,323,27,14.3,211.2
19.326569,-99.14995,30299901,5.735799,6.854346,0.5199673,0.5185784,0.119794,0.3759813,4,39.3,1.8532,314,66.35,24.6,0.5,76.3
19.3125,-99.13888,30199901,0.2995883,1.198353,0.05991766,0.01497941,2.552492,1.250256,4,46.1,2.0992,202,85.48,24.7,2.3,122.1
19.326569,-99.14995,30199901,0.1587328,0.6349311,0.03174656,0.00793664,1.352403,0.01764579,4,46.1,2.0992,202,85.48,24.7,2.3,122.1
19.329722,-99.16333,30101401,,,,,,1.42639,4,27.9,2.6896,127,81.25,14.3,4,138.9
19.326569,-99.14995,30299901,0.6349311,2.539725,0.1269862,0.03174656,5.409614,0.07058318,4,39.3,1.8532,314,66.35,24.6,0.5,76.3
19.313888,-99.13888,40200101,,,,,,1.352612,3,29.5,1.968,80.6,119.73,39.4,7.6,170.3
19.324444,-99.1375,40200101,,,,,,3.268813,3,29.5,1.968,80.6,119.73,39.4,7.6,170.3
19.308333,-99.14166,31499901,,,,,,2.141636,4,29.8,1.804,141,37.06,14.5,1.7,106.5
19.303611,-99.11166,30199901,0.7417564,2.968898,0.148326,0.03712234,6.314926,1.184866,4,46.1,2.0992,202,85.48,24.7,2.3,122.1
19.349444,-99.28833,30299901,0.3174656,1.269862,0.3824063,0.2490708,13.49229,0.0159791,3,49.1,1.8532,157,97.23,36,3.9,144.4
19.327426,-99.3131,30199901,0.06412805,0.4634997,0.01003191,0.007022338,1.587328,0.01777807,4,46.1,2.0992,202,85.48,24.7,2.3,122.1
19.50525,-99.11589,30899901,,,,,,3.124831,3,36.2,2.0008,148,104.05,33.1,4.5,146.3
19.50525,-99.11589,31299901,,,,,,2.206827,4,30.5,1.9024,163,65.36,23,2.5,120.9
19.50525,-99.11589,30900199,0.08062338,0.5827234,0.01261237,0.01261237,0.01440844,1.635378,4,29.5,2.0992,178,86.33,24.9,2.9,126.4
19.50525,-99.11589,30701201,,,,,,7.156754,4,48.4,2.5912,99.6,61.92,11.7,3.6,140.2
19.50525,-99.11589,30799901,,,,,,2.414061,3,41,3.9032,145,323,27,14.3,211.2
19.50525,-99.11589,30900199,0.02100194,0.1517962,0.003285451,0.003285451,0.003753316,1.606828,4,29.5,2.0992,178,86.33,24.9,2.9,126.4
19.50525,-99.11589,30899901,1.200477,8.676715,0.1877974,0.1877974,0.2145407,0.3328055,3,36.2,2.0008,148,104.05,33.1,4.5,146.3
19.50525,-99.11589,30799901,,,,,,3.121745,3,41,3.9032,145,323,27,14.3,211.2
19.507222,-99.12611,30501401,21.45719,25.54427,81.28681,79.66752,0.1532656,1.404935,3,75.4,2.1648,845,105.03,28.5,17.8,236.7
19.50525,-99.11589,30900199,0.2734412,1.976357,0.04277595,0.04277595,0.04886746,20.56112,4,29.5,2.0992,178,86.33,24.9,2.9,126.4
19.50525,-99.11589,30900199,,,,,,2.14448,4,29.5,2.0992,178,86.33,24.9,2.9,126.4
19.50525,-99.11589,30801001,0.01435827,0.1037776,0.002246145,0.002246145,0.002566008,18.6053,4,29.3,0.6888,110,7.57,20.3,0.4,70
19.50525,-99.11589,30899901,,,,,,2.636728,3,36.2,2.0008,148,104.05,33.1,4.5,146.3
19.50525,-99.11589,30199901,,,,,,4.448387,4,46.1,2.0992,202,85.48,24.7,2.3,122.1
19.50525,-99.11589,30203201,4.428259,5.271737,2.847558,1.099768,0.03163042,0.2899455,5,40.2,1.2136,316,28.34,24.5,0.2,62
19.50525,-99.11589,30801001,0.000288576,0.002085749,4.51E-05,3.16E-05,5.16E-05,5.104915,4,29.3,0.6888,110,7.57,20.3,0.4,70
19.50525,-99.11589,30200701,,,4.6889,1.339686,,,3,63.8,2.6896,138,249.9,44,11.6,204.7
19.50525,-99.11589,30203201,3.403166,4.051388,14.55392,4.378195,0.02430833,0.2228263,5,40.2,1.2136,316,28.34,24.5,0.2,62
19.50525,-99.11589,30200701,0.003030626,0.02190452,8.903255,2.544126,0.000541612,0.000840174,3,63.8,2.6896,138,249.9,44,11.6,204.7
19.499722,-99.15555,30400701,0.4623291,1.849316,0.09246582,0.02311645,3.939044,0.05139558,3,39.3,2.6896,158,190.83,33.6,7.7,173.6
19.50525,-99.11589,30299901,0.396832,1.587328,0.07936639,0.0198416,3.381008,0.04411449,4,39.3,1.8532,314,66.35,24.6,0.5,76.3
19.5,-99.1,30199901,15.0289,17.89155,1.359758,1.359758,0.1073493,0.9840354,4,46.1,2.0992,202,85.48,24.7,2.3,122.1
19.50525,-99.11589,33000101,,,2.558905,1.795723,,3.010522,4,36.6,2.9356,247,239.21,35.3,3.1,131
19.50525,-99.11589,33000101,4.875618,5.804308,10.96048,7.82313,0.03482585,22.35763,4,36.6,2.9356,247,239.21,35.3,3.1,131
19.50525,-99.11589,33000101,1.30334,5.942894,0.7101679,0.4009648,9.219143,0.1824213,4,36.6,2.9356,247,239.21,35.3,3.1,131
19.475,-99.13055,39999901,0.003206402,0.02317499,0.000501596,0.000501596,0.000573025,2.141636,3,39.2,3.8048,194,253.59,22.3,7.4,171.7
19.494444,-99.11583,32099901,,,,,,1.322773,4,24,1.7056,113,49.54,21.7,2.7,121
19.5,-99.11333,32099901,,,,,,3.042378,4,24,1.7056,113,49.54,21.7,2.7,121
19.488888,-99.06944,30799901,,,,,,2.846608,3,41,3.9032,145,323,27,14.3,211.2
19.470833,-99.10694,30799901,,,,,,4.668437,3,41,3.9032,145,323,27,14.3,211.2
19.495,-99.07166,30799901,,,,,,1.138643,3,41,3.9032,145,323,27,14.3,211.2
19.475,-99.09444,30799901,0.001813363,0.002158766,10.58219,7.426144,1.30E-05,0.000118732,3,41,3.9032,145,323,27,14.3,211.2
19.477222,-99.08916,30799901,,,,,,1.707965,3,41,3.9032,145,323,27,14.3,211.2
19.477777,-99.10472,30799901,,,,,,1.935693,3,41,3.9032,145,323,27,14.3,211.2
19.475,-99.10055,30999901,0.003206402,0.02317499,0.000501596,0.000501596,0.000573025,53.19275,4,33.8,1.7056,156,81.31,35.6,3.3,132.5
19.50525,-99.11589,30801001,,,,,,6.50584,4,29.3,0.6888,110,7.57,20.3,0.4,70
19.50525,-99.11589,36000101,,,,,,39.81548,3,39.9,2.0008,170,154.69,49.2,5.7,158.1
19.50525,-99.11589,36000101,,,,,,11.37585,3,39.9,2.0008,80.6,123.75,39.4,7.9,175.3
19.469444,-99.10694,30900199,0.006412805,0.04634997,0.001003191,0.001003191,0.001146051,6.779702,4,29.5,2.0992,178,86.33,24.9,2.9,126.4
19.4725,-99.10555,30102001,0.004809604,0.03476248,0.2218908,0.2194337,0.000859538,132.5427,4,33.9,1.6564,159,33.71,15.6,1.3,100.8
19.50525,-99.11589,30500801,0.000907924,0.001080862,0.3953709,0.3514499,6.49E-06,4.206478,3,32.2,1.8532,141,117.31,43.5,5.3,152.9
19.472777,-99.13527,30899901,0.009619207,0.06952496,0.001504787,0.001504787,0.001719076,12.42945,3,36.2,2.0008,148,104.05,33.1,4.5,146.3
19.483333,-99.15,31399901,0.09523967,0.3809587,1.121359,0.7783136,2.645546,0.7045397,4,37.3,1.7056,122,60.33,26.4,3.1,130.7
19.486944,-99.14583,30899901,,,,,,7.570667,3,36.2,2.0008,148,104.05,33.1,4.5,146.3
19.50525,-99.11589,30899901,,,,,,4.012412,3,36.2,2.0008,148,104.05,33.1,4.5,146.3
19.50525,-99.11589,31299901,0.002538402,0.01834686,5.390413,5.330524,0.000453645,0.9129755,4,30.5,1.9024,163,65.36,23,2.5,120.9
19.479166,-99.09916,33000101,0.08000132,0.09523967,0.5291093,0.3734635,0.000571438,8.598026,4,36.6,2.9356,247,239.21,35.3,3.1,131
19.50525,-99.11589,30900199,2.433611,2.897156,2.711297,2.683617,0.01738293,14.63446,4,29.5,2.0992,178,86.33,24.9,2.9,126.4
19.50525,-99.11589,30200701,,,2.192386,0.6263961,,,3,63.8,2.6896,138,249.9,44,11.6,204.7
19.50525,-99.11589,30999901,,,,,,2.739133,4,33.8,1.7056,156,81.31,35.6,3.3,132.5
19.50525,-99.11589,30899901,,,,,,2.296004,3,36.2,2.0008,148,104.05,33.1,4.5,146.3
19.50525,-99.11589,30900199,0.5585138,0.6648974,0.0505322,0.0505322,0.003989384,1.389105,4,29.5,2.0992,178,86.33,24.9,2.9,126.4
19.50525,-99.11589,36000101,0.01190496,0.04761983,0.002380992,0.000595248,0.1014303,5.405348,3,39.9,2.0008,170,154.69,49.2,5.7,158.1
19.50525,-99.11589,30501101,,,14.26137,12.67677,,,3,32.8,1.968,80.6,89.8,29.5,5.7,156.6
19.474166,-99.10111,30199901,0.1190496,1.309546,0.7897373,0.5143757,14.205,0.03821492,4,46.1,2.0992,202,85.48,24.7,2.3,122.1
19.50525,-99.11589,30799901,0.001818376,0.01314271,0.000284459,0.000284459,0.000324967,2.150208,3,41,3.9032,145,323,27,14.3,211.2
19.50525,-99.11589,30800101,0.1190496,0.4761984,0.02380992,0.005952479,1.014302,4.181117,3,35.3,2.0992,113,121.13,35,6.5,163.9
19.50525,-99.11589,30899901,,,,,,3.52497,3,36.2,2.0008,148,104.05,33.1,4.5,146.3
19.50525,-99.11589,30999901,0.03206402,0.2317499,0.005015956,0.005015956,0.005730254,1.644453,4,33.8,1.7056,156,81.31,35.6,3.3,132.5
19.50525,-99.11589,30801001,,,,,,2.021308,4,29.3,0.6888,110,7.57,20.3,0.4,70
19.50525,-99.11589,30799901,,,,,,5.608559,3,41,3.9032,145,323,27,14.3,211.2
19.50525,-99.11589,30999901,0.009619207,0.06952496,0.001504787,0.001504787,0.001719076,5.998059,4,33.8,1.7056,156,81.31,35.6,3.3,132.5
19.50525,-99.11589,30899901,,,,,,13.58929,3,36.2,2.0008,148,104.05,33.1,4.5,146.3
19.469444,-99.1075,33000101,0.07936639,0.3174656,0.5687925,0.3943315,3.373072,0.003994775,4,36.6,2.9356,247,239.21,35.3,3.1,131
19.50525,-99.11589,30106001,0.05555648,0.2222259,0.01111129,0.002777824,0.4733412,1.549411,4,47.2,1.5088,139,29.85,16.7,1.4,105.4
19.475277,-99.10527,30102001,0.02885762,0.2085749,1.132929,1.120391,0.005157228,388.9003,4,33.9,1.6564,159,33.71,15.6,1.3,100.8
19.492222,-99.09083,30400101,0.4194402,3.031597,0.06561539,0.06561539,0.07495936,0.1162804,4,46.2,2.8372,335,192.85,30.5,2.6,127.4
19.4625,-99.12222,30400301,1.031763,11.34939,9.324591,6.198413,123.11,0.2146067,3,43.6,3.4112,179,468.83,51.3,15.9,219.1
19.479166,-99.09583,30899901,0.9074119,6.558521,0.1419516,0.1419516,0.1621662,0.2515597,3,36.2,2.0008,148,104.05,33.1,4.5,146.3
19.50525,-99.11589,31299901,0.009619207,0.06952496,0.001504787,0.001504787,0.001719076,1.585214,4,30.5,1.9024,163,65.36,23,2.5,120.9
19.498333,-99.095,30400701,0.5070631,0.000158733,4.095306,4.042065,0.01595264,0.01666694,3,39.3,2.6896,158,190.83,33.6,7.7,173.6
19.502222,-99.11944,31499901,0.1666694,0.6666777,0.03333389,0.008333472,1.420024,0.01852809,4,29.8,1.804,141,37.06,14.5,1.7,106.5
19.5,-99.14722,31299901,0.05333422,0.06349312,0.004825477,0.004825477,0.000380959,6.340857,4,30.5,1.9024,163,65.36,23,2.5,120.9
19.492777,-99.09972,30899901,0.5267812,2.107125,0.6345395,0.4132915,22.3882,3.833697,3,36.2,2.0008,148,104.05,33.1,4.5,146.3
19.477222,-99.11055,30101401,0.01468278,0.05873113,0.002936556,0.000734139,0.1250973,3.560465,4,27.9,2.6896,127,81.25,14.3,4,138.9
19.50525,-99.11589,30501001,0.396832,1.587328,2.843962,2.651005,16.86536,0.01997388,3,71.9,3.9524,119,506.05,41.2,26.4,265.7
19.50525,-99.11589,30501001,0.3174656,1.269862,2.27517,2.120804,13.49229,0.0159791,3,71.9,3.9524,119,506.05,41.2,26.4,265.7
19.474444,-99.10166,30701201,0.1587328,1.746061,1.851882,1.324954,18.94,0.05095322,4,48.4,2.5912,99.6,61.92,11.7,3.6,140.2
19.50525,-99.11589,30801001,,,,,,1.35594,4,29.3,0.6888,110,7.57,20.3,0.4,70
19.50525,-99.11589,36000101,0.003206402,0.02317499,0.000501596,0.000501596,0.000573025,13.09546,3,39.9,2.0008,80.6,123.75,39.4,7.9,175.3
19.466944,-99.1075,31299901,0.003206402,0.02317499,0.000501596,0.000501596,0.000573025,10.5681,4,30.5,1.9024,163,65.36,23,2.5,120.9
19.492222,-99.09861,30999901,,,,,,5.284048,4,33.8,1.7056,156,81.31,35.6,3.3,132.5
19.500555,-99.11388,30102001,,,1.124357,1.111864,,1.12995,4,33.9,1.6564,159,33.71,15.6,1.3,100.8
19.493055,-99.15138,30499901,,,0.2645546,0.1856524,,21.84073,4,41.3,2.0992,242,124.87,36.1,1.8,112.7
19.473055,-99.09444,40200101,,,,,,2.367071,3,29.5,1.968,80.6,119.73,39.4,7.6,170.3
19.475,-99.1,30101401,,,,,,11.2995,4,27.9,2.6896,127,81.25,14.3,4,138.9
19.506944,-99.15833,30801001,0.003206402,0.02317499,0.000501596,0.000501596,0.000573025,1.98416,4,29.3,0.6888,110,7.57,20.3,0.4,70
19.468888,-99.14444,30999901,0.0396832,0.1587328,0.00793664,0.00198416,0.3381009,17.78963,4,33.8,1.7056,156,81.31,35.6,3.3,132.5
19.508333,-99.15277,40200101,,,,,,1.585214,3,29.5,1.968,80.6,119.73,39.4,7.6,170.3
19.50525,-99.11589,30400201,,,,,,2.113619,4,44.3,3.362,269,395.42,44.5,2.5,125.1
19.475,-99.10138,30499901,0.1260137,0.9107924,0.01971304,0.01971304,0.02252028,206.8737,4,41.3,2.0992,242,124.87,36.1,1.8,112.7
19.491111,-99.1375,30899901,,,,,,1.242945,3,36.2,2.0008,148,104.05,33.1,4.5,146.3
19.477777,-99.1,40600101,,,,,,1.46533,4,20,2.05,155,36.27,11,1.5,99.7
19.468888,-99.08444,30799901,,,5.119133,3.592374,,11.84189,3,41,3.9032,145,323,27,14.3,211.2
19.483333,-99.1,30199901,0.7295094,2.918038,0.1459019,0.03647547,6.21542,0.9563346,4,46.1,2.0992,202,85.48,24.7,2.3,122.1
19.50525,-99.11589,30999901,0.006412805,0.04634997,0.001003191,0.001003191,0.001146051,4.579508,4,33.8,1.7056,156,81.31,35.6,3.3,132.5
19.477222,-99.09611,30900199,,,,,,3.874968,4,29.5,2.0992,178,86.33,24.9,2.9,126.4
19.488888,-99.10555,30999901,0.003206402,0.02317499,0.000501596,0.000501596,0.000573025,5.988587,4,33.8,1.7056,156,81.31,35.6,3.3,132.5
19.50525,-99.11589,30900199,,,16.66694,12.43407,,,4,29.5,2.0992,178,86.33,24.9,2.9,126.4
19.473611,-99.10555,30999901,0.04168323,0.3012748,0.006520743,0.006520743,0.00744933,1.585214,4,33.8,1.7056,156,81.31,35.6,3.3,132.5
19.50525,-99.11589,30103501,11.3185,13.4744,1.024054,1.024054,0.08084641,0.741092,3,82.3,2.296,185,166.36,40.2,5.3,168.1
19.50525,-99.11589,30799901,,,,,,1.5941,3,41,3.9032,145,323,27,14.3,211.2
19.50525,-99.11589,30700801,0.003206402,0.02317499,0.000501596,0.000501596,0.000573025,5.465487,3,47.4,2.8864,136,209.04,31.9,9.8,189.8
19.395579,-99.09644,30899901,,,,,,4.111442,3,36.2,2.0008,148,104.05,33.1,4.5,146.3
19.395579,-99.09644,30900199,0.001282561,0.009269995,0.000200638,0.000200638,0.00022921,2.208757,4,29.5,2.0992,178,86.33,24.9,2.9,126.4
19.395579,-99.09644,33000101,0.1896035,1.370402,0.02966075,0.02966075,0.03388459,0.05256336,4,36.6,2.9356,247,239.21,35.3,3.1,131
19.395579,-99.09644,30501101,,,2.339761,2.079787,,,3,32.8,1.968,80.6,89.8,29.5,5.7,156.6
19.395579,-99.09644,30799901,0.2788287,2.015297,0.04361875,0.04361875,0.04983028,10.29722,3,41,3.9032,145,323,27,14.3,211.2
19.395579,-99.09644,30900199,,,,,,1.516019,4,29.5,2.0992,178,86.33,24.9,2.9,126.4
19.395579,-99.09644,30700701,,,,,,500.1241,3,48.2,3.4112,176,370.96,40.6,12.9,206.7
19.395579,-99.09644,33000101,0.4923234,1.994443,5.037393,3.504755,19.65009,0.02823798,4,36.6,2.9356,247,239.21,35.3,3.1,131
19.395579,-99.09644,30899901,,,,,,4.357436,3,36.2,2.0008,148,104.05,33.1,4.5,146.3
19.400833,-99.07583,33000101,0.230861,1.668599,0.03611488,0.03611488,0.04125782,0.06400106,4,36.6,2.9356,247,239.21,35.3,3.1,131
19.395579,-99.09644,30899901,0.001587615,0.01147484,0.00024836,0.000173852,0.000283727,27.76228,3,36.2,2.0008,148,104.05,33.1,4.5,146.3
19.395579,-99.09644,30899901,,,,,,4.682617,3,36.2,2.0008,148,104.05,33.1,4.5,146.3
19.395579,-99.09644,30899901,,,,,,5.202908,3,36.2,2.0008,148,104.05,33.1,4.5,146.3
19.395579,-99.09644,31299901,,,,,,15.32025,4,30.5,1.9024,163,65.36,23,2.5,120.9
19.395579,-99.09644,30900199,1.172755,7.276604,0.1996535,0.1063045,3.310037,0.5076052,4,29.5,2.0992,178,86.33,24.9,2.9,126.4
19.395579,-99.09644,30801001,,,,,,21.57906,4,29.3,0.6888,110,7.57,20.3,0.4,70
19.395579,-99.09644,30801001,,,,,,2.185221,4,29.3,0.6888,110,7.57,20.3,0.4,70
19.395579,-99.09644,30899901,,,,,,3.121745,3,36.2,2.0008,148,104.05,33.1,4.5,146.3
19.404166,-99.10555,30105001,,,29.36557,29.03928,,3.858088,7,36.2,0.1968,103,,2.2,0,23.8
19.4,-99.09388,30203001,0.1349229,0.5396914,0.02698457,0.006746144,1.149543,0.01499893,3,58.4,3.2964,205,392.46,46,10.2,195.2
19.399444,-99.07555,30299901,0.1587328,0.6349311,1.137585,0.3949302,6.746143,0.00798955,3,49.1,1.8532,157,97.23,36,3.9,144.4
19.400833,-99.1125,30201901,0.2380992,0.9523968,0.04761983,0.01190496,2.028605,0.02646869,3,34.9,1.804,112,86.1,33.7,4.7,147.6
19.404444,-99.11333,30203201,0.1795585,1.297799,0.02808935,0.02808935,0.03208942,0.0497786,5,40.2,1.2136,316,28.34,24.5,0.2,62
19.395579,-99.09644,30201801,0.5856152,2.439455,0.1158139,0.03106891,4.738782,0.07009108,3,44.4,1.9024,170,133.88,47.1,4.9,152.6
19.395579,-99.09644,30299901,0.4606552,3.329488,0.07206289,0.07206289,0.082325,0.1277064,4,39.3,1.8532,314,66.35,24.6,0.5,76.3
19.401666,-99.09694,30101401,0.03306933,0.1322773,0.006613866,0.001653466,0.2817507,5.987374,4,27.9,2.6896,127,81.25,14.3,4,138.9
19.398611,-99.08194,30801001,0.02380992,0.2619091,0.1579475,0.1028751,2.840999,0.007642984,4,29.3,0.6888,110,7.57,20.3,0.4,70
19.395579,-99.09644,33000101,0.134987,0.540155,0.02699461,0.006753166,1.149554,11.36448,4,36.6,2.9356,247,239.21,35.3,3.1,131
19.395579,-99.09644,33000101,0.1870401,1.351874,0.02925974,0.02925974,0.03342648,0.05185271,4,36.6,2.9356,247,239.21,35.3,3.1,131
19.409166,-99.06888,30799901,,,,,,7.287316,3,41,3.9032,145,323,27,14.3,211.2
19.4,-99.11111,30700701,,,,,,10.36165,3,48.2,3.4112,176,370.96,40.6,12.9,206.7
19.395579,-99.09644,36000101,,,,,,4.894261,3,39.9,2.0008,170,154.69,49.2,5.7,158.1
19.395579,-99.09644,30899901,,,,,,10.3798,3,36.2,2.0008,148,104.05,33.1,4.5,146.3
19.395579,-99.09644,36000101,0.006412805,0.04634997,0.001003191,0.001003191,0.001146051,12.03724,3,39.9,2.0008,80.6,123.75,39.4,7.9,175.3
19.395579,-99.09644,36000101,,,,,,1.98416,3,39.9,2.0008,170,154.69,49.2,5.7,158.1
19.395579,-99.09644,36000101,,,0.2645546,0.2116437,,1.587328,3,39.9,2.0008,170,154.69,49.2,5.7,158.1
19.401944,-99.11027,36000101,,,,,,1.587328,3,39.9,2.0008,170,154.69,49.2,5.7,158.1
19.397222,-99.12777,36000101,,,,,,3.96832,3,39.9,2.0008,170,154.69,49.2,5.7,158.1
19.395579,-99.09644,30899901,,,,,,3.121745,3,36.2,2.0008,148,104.05,33.1,4.5,146.3
19.395579,-99.09644,30899901,,,,,,1.962114,3,36.2,2.0008,148,104.05,33.1,4.5,146.3
19.395579,-99.09644,30899901,,,,,,2.965657,3,36.2,2.0008,148,104.05,33.1,4.5,146.3
19.395579,-99.09644,30899901,,,,,,2.601454,3,36.2,2.0008,148,104.05,33.1,4.5,146.3
19.398611,-99.07527,30799901,,,,,,7.890238,3,41,3.9032,145,323,27,14.3,211.2
19.395579,-99.09644,30700801,,,,,,2.248714,3,47.4,2.8864,136,209.04,31.9,9.8,189.8
19.395579,-99.09644,30801001,,,,,,23.19296,4,29.3,0.6888,110,7.57,20.3,0.4,70
19.395579,-99.09644,30899901,,,,,,35.30085,3,36.2,2.0008,148,104.05,33.1,4.5,146.3
19.395579,-99.09644,30999901,0.2084161,1.506374,0.4082784,0.4041042,0.03724665,31.97787,4,33.8,1.7056,156,81.31,35.6,3.3,132.5
19.395579,-99.09644,30799901,0.04352424,0.3145811,1.484455,1.484482,0.007778342,0.7449624,3,41,3.9032,145,323,27,14.3,211.2
19.395579,-99.09644,30400201,0.04365152,0.1746061,24.20005,23.92471,0.3719109,0.004852593,4,44.3,3.362,269,395.42,44.5,2.5,125.1
19.395579,-99.09644,30500101,0.3492121,1.396849,9.678092,8.568803,2.975287,0.03882075,4,36.1,2.7388,266,259.42,44,1.9,112.4
19.395579,-99.09644,30899901,,,,,,13.67483,3,36.2,2.0008,148,104.05,33.1,4.5,146.3
19.395579,-99.09644,31499901,,,,,,21.7994,4,29.8,1.804,141,37.06,14.5,1.7,106.5
19.395579,-99.09644,31399901,0.003086162,0.02230592,0.000482786,0.000482786,0.000551537,6.857652,4,37.3,1.7056,122,60.33,26.4,3.1,130.7
19.395579,-99.09644,30900199,,,,,,4.563027,4,29.5,2.0992,178,86.33,24.9,2.9,126.4
19.395579,-99.09644,30899901,0.198416,0.7936639,0.239004,0.1556692,8.432679,3.343653,3,36.2,2.0008,148,104.05,33.1,4.5,146.3
19.395579,-99.09644,30400301,,,1.456176,1.021878,,10.46139,3,43.6,3.4112,179,468.83,51.3,15.9,219.1
19.395579,-99.09644,36000101,,,,,,1.826049,3,39.9,2.0008,170,154.69,49.2,5.7,158.1
19.395579,-99.09644,31299901,,,,,,14.96128,4,30.5,1.9024,163,65.36,23,2.5,120.9
19.395579,-99.09644,36000101,0.0001336,0.000965625,2.09E-05,2.09E-05,2.39E-05,2.330088,3,39.9,2.0008,170,154.69,49.2,5.7,158.1
19.395579,-99.09644,30900199,0.003206402,0.02317499,8.135083,8.0447,0.000573025,0.000888904,4,29.5,2.0992,178,86.33,24.9,2.9,126.4
19.395579,-99.09644,30899901,0.000363675,0.002628543,5.69E-05,5.69E-05,6.50E-05,1.504717,3,36.2,2.0008,148,104.05,33.1,4.5,146.3
19.395579,-99.09644,33000101,0.9619207,6.952496,0.1504787,0.1504787,0.1719076,0.2666711,4,36.6,2.9356,247,239.21,35.3,3.1,131
19.395579,-99.09644,30801001,,,,,,14.83358,4,29.3,0.6888,110,7.57,20.3,0.4,70
19.395579,-99.09644,30900199,0.01314598,0.09501552,0.0020565,0.0020565,0.002349356,14.73796,4,29.5,2.0992,178,86.33,24.9,2.9,126.4
19.395579,-99.09644,30899901,,,,,,1.566693,3,36.2,2.0008,148,104.05,33.1,4.5,146.3
19.395579,-99.09644,39999901,0.1955905,1.413674,0.03059733,0.03059733,0.03495455,0.05422312,3,39.2,3.8048,194,253.59,22.3,7.4,171.7
19.402777,-99.11611,30900199,0.2034681,1.470611,1.76143,1.322166,0.03636238,12.32944,4,29.5,2.0992,178,86.33,24.9,2.9,126.4
19.395579,-99.09644,30400701,1.904794,7.619174,0.3809587,0.09523967,16.22884,0.2117495,3,39.3,2.6896,158,190.83,33.6,7.7,173.6
19.4,-99.07583,30400301,0.8267333,0.000529109,1.071446,0.7501053,0.05317548,0.05555648,3,43.6,3.4112,179,468.83,51.3,15.9,219.1
19.397222,-99.10083,31400901,0.04761983,0.1904793,0.009523967,0.002380992,0.405721,4.403373,7,20.9,1.7056,291,37.7,16.5,0,24.9
19.395579,-99.09644,30300901,0.2244482,1.622249,0.03511169,0.03511169,0.04011178,0.06222325,3,89.9,6.0024,268,812.12,28.7,5.4,171.5
19.400277,-99.1075,30500101,0.1349229,0.5396914,0.02698457,0.006746144,1.149543,2.146906,4,36.1,2.7388,266,259.42,44,1.9,112.4
19.402222,-99.10916,30799901,0.2372738,1.714949,0.03711807,0.03711807,0.04240388,2.248714,3,41,3.9032,145,323,27,14.3,211.2
19.395579,-99.09644,30101401,,,,,,19.16919,4,27.9,2.6896,127,81.25,14.3,4,138.9
19.416666,-99.06666,30999901,0.003206402,0.02317499,0.000501596,0.000501596,0.000573025,3.522698,4,33.8,1.7056,156,81.31,35.6,3.3,132.5
19.4,-99.08833,36000101,,,,,,1.719605,3,39.9,2.0008,170,154.69,49.2,5.7,158.1
19.395579,-99.09644,31301001,0.003206402,0.02317499,0.000501596,0.000501596,0.000573025,10.03969,3,29.9,2.0008,109,200.27,63.7,11.1,191.5
19.395833,-99.08333,30900199,,,,,,1.232944,4,29.5,2.0992,178,86.33,24.9,2.9,126.4
19.403888,-99.1175,39999901,,,,,,3.156095,3,39.2,3.8048,194,253.59,22.3,7.4,171.7
19.399166,-99.09861,30900199,,,,,,1.232944,4,29.5,2.0992,178,86.33,24.9,2.9,126.4
19.397222,-99.08194,30501101,,,2.380992,2.116437,,,3,32.8,1.968,80.6,89.8,29.5,5.7,156.6
19.402777,-99.10138,30503501,,,,,,1.1524,4,41.4,2.6564,208,125.59,22.7,3.1,132.5
19.408333,-99.05833,30101401,0.003206402,0.02317499,0.000501596,0.000501596,0.000573025,1.587328,4,27.9,2.6896,127,81.25,14.3,4,138.9
19.397222,-99.10277,31499901,,,,,,22.54527,4,29.8,1.804,141,37.06,14.5,1.7,106.5
19.408888,-99.06666,30900199,0.03527043,0.2549249,0.005517552,0.005517552,0.006303279,1.937484,4,29.5,2.0992,178,86.33,24.9,2.9,126.4
19.398055,-99.11111,30900199,,,,,,3.522698,4,29.5,2.0992,178,86.33,24.9,2.9,126.4
19.405555,-99.075,40200101,,,,,,2.705225,3,29.5,1.968,80.6,119.73,39.4,7.6,170.3
19.395579,-99.09644,30900199,0.05130244,0.3707998,0.00802553,0.00802553,0.009168406,3.698833,4,29.5,2.0992,178,86.33,24.9,2.9,126.4
19.395579,-99.09644,30799901,,,2.957721,2.075594,,,3,41,3.9032,145,323,27,14.3,211.2
19.395579,-99.09644,40400101,0.03417164,0.1593942,0.01080265,0.01080265,0.01036172,622.8142,4,22.9,1.476,68,19.64,11.5,1.3,97
19.348361,-99.05621,30900199,0.01287905,0.0930862,0.002014742,0.002014742,0.002301652,1.159011,4,29.5,2.0992,178,86.33,24.9,2.9,126.4
19.348361,-99.05621,36000101,,,,,,2.395679,3,39.9,2.0008,170,154.69,49.2,5.7,158.1
19.348361,-99.05621,30203201,0.4267075,3.084124,0.06675227,0.06675227,0.07625813,0.1182952,5,40.2,1.2136,316,28.34,24.5,0.2,62
19.348361,-99.05621,30900199,,,,,,10.54898,4,29.5,2.0992,178,86.33,24.9,2.9,126.4
19.348361,-99.05621,30999901,0.001362721,0.00984937,0.000213178,0.000213178,0.000243536,5.739007,4,33.8,1.7056,156,81.31,35.6,3.3,132.5
19.348361,-99.05621,30899901,0.04008003,0.2896873,0.006269945,0.006269945,0.007162817,13.74172,3,36.2,2.0008,148,104.05,33.1,4.5,146.3
19.348361,-99.05621,31499901,0.005940027,0.04293287,0.000929232,0.000929232,0.001061559,1.820941,4,29.8,1.804,141,37.06,14.5,1.7,106.5
19.348361,-99.05621,30299901,0.1397671,1.010198,1.542043,0.4562014,0.02497818,0.03874731,3,49.1,1.8532,157,97.23,36,3.9,144.4
19.348361,-99.05621,36000101,,,,,,22.90602,3,39.9,2.0008,170,154.69,49.2,5.7,158.1
19.348361,-99.05621,30801001,0.1593731,0.9591348,0.02753344,0.01389832,0.5266505,16.30024,4,29.3,0.6888,110,7.57,20.3,0.4,70
19.348361,-99.05621,30201301,0.6569715,2.645657,0.1311544,0.03317618,5.551473,0.0739476,4,26.9,1.394,242,35.24,23.1,0.5,73.9
19.348361,-99.05621,30899901,,,,,,3.46203,3,36.2,2.0008,148,104.05,33.1,4.5,146.3
19.348361,-99.05621,30299901,0.278576,1.373039,0.05222309,0.01869872,1.70483,0.04427983,3,49.1,1.8532,157,97.23,36,3.9,144.4
19.348361,-99.05621,33000101,0.1599995,1.156432,0.02502962,0.02502962,0.02859396,0.04435629,4,36.6,2.9356,247,239.21,35.3,3.1,131
19.348361,-99.05621,30799901,,,,,,50.81169,3,41,3.9032,145,323,27,14.3,211.2
19.348361,-99.05621,30899901,,,,,,3.708395,3,36.2,2.0008,148,104.05,33.1,4.5,146.3
19.319444,-99.05111,30106001,0.1812199,0.7248797,0.03624399,0.009060997,1.543994,0.02014562,4,47.2,1.5088,139,29.85,16.7,1.4,105.4
19.348361,-99.05621,31299901,0.3225641,2.331404,0.05046052,0.05046052,0.05764635,0.0894237,4,30.5,1.9024,163,65.36,23,2.5,120.9
19.348361,-99.05621,30999901,0.000737473,0.005330247,0.000115367,8.08E-05,0.000131796,12.80567,4,33.8,1.7056,156,81.31,35.6,3.3,132.5
19.348361,-99.05621,30199901,0.01118286,0.08082663,0.001749398,0.001749398,0.001998521,2.280324,4,46.1,2.0992,202,85.48,24.7,2.3,122.1
19.348361,-99.05621,31299901,0.1750696,1.265354,0.02738712,0.02738712,0.03128719,0.04853414,4,30.5,1.9024,163,65.36,23,2.5,120.9
19.348361,-99.05621,30899901,0.0396832,0.1587328,0.00793664,0.00198416,0.3381009,156.1418,3,36.2,2.0008,148,104.05,33.1,4.5,146.3
19.348361,-99.05621,30900199,,,,,,59.58432,4,29.5,2.0992,178,86.33,24.9,2.9,126.4
19.348361,-99.05621,30899901,0.01282561,0.09269994,0.002006382,0.002006382,0.002292102,59.20723,3,36.2,2.0008,148,104.05,33.1,4.5,146.3
19.348361,-99.05621,30899901,0.000801601,0.005793747,0.000125399,8.78E-05,0.000143256,1.441432,3,36.2,2.0008,148,104.05,33.1,4.5,146.3
19.348361,-99.05621,30701201,0.008016006,0.05793747,0.4115632,0.3295014,0.001432563,1.932338,4,48.4,2.5912,99.6,61.92,11.7,3.6,140.2
19.348361,-99.05621,30899901,0.4447285,3.214375,0.06957139,0.06957139,0.07947871,22.32717,3,36.2,2.0008,148,104.05,33.1,4.5,146.3
19.353333,-99.11611,30900199,0.009619207,0.06952496,0.001504787,0.001504787,0.001719076,44.386,4,29.5,2.0992,178,86.33,24.9,2.9,126.4
19.348361,-99.05621,30900199,1.862812,2.393542,0.1709312,0.1688009,0.06850225,1.915147,4,29.5,2.0992,178,86.33,24.9,2.9,126.4
19.348361,-99.05621,30503501,0.4219026,3.046193,3.600382,3.187775,0.08367465,0.1167983,4,41.4,2.6564,208,125.59,22.7,3.1,132.5
19.369444,-99.06916,30799901,0.2244482,1.622249,0.03511169,0.03511169,0.04011178,2.222439,3,41,3.9032,145,323,27,14.3,211.2
19.348361,-99.05621,30299901,0.3259837,2.35612,9.456193,2.738195,0.05825748,0.09037172,3,49.1,1.8532,157,97.23,36,3.9,144.4
19.348361,-99.05621,30201001,0.2757506,1.993049,0.04313722,0.04313722,0.04928018,0.07644571,3,145,4.1984,114,356.91,25.8,19.2,263.3
19.348361,-99.05621,30201801,0.2749331,1.099733,0.05498663,0.01374666,2.34243,0.0305634,3,44.4,1.9024,170,133.88,47.1,4.9,152.6
19.348361,-99.05621,30201801,0.3847683,2.780998,0.06019147,0.06019147,0.06876304,0.1066684,3,44.4,1.9024,170,133.88,47.1,4.9,152.6
19.327222,-99.07472,30101401,,,,,,27.13339,4,27.9,2.6896,127,81.25,14.3,4,138.9
19.348361,-99.05621,33000101,0.4286447,2.167364,1.126497,0.7729687,12.28056,0.05340388,4,36.6,2.9356,247,239.21,35.3,3.1,131
19.333333,-99.08055,30101401,,,,,,19.61011,4,27.9,2.6896,127,81.25,14.3,4,138.9
19.318888,-99.08333,33000101,0.1587328,0.6349311,1.137585,0.788663,6.746143,0.00798955,4,36.6,2.9356,247,239.21,35.3,3.1,131
19.348361,-99.05621,33000101,1.739584,8.986815,3.190349,2.171173,47.33532,105.0021,4,36.6,2.9356,247,239.21,35.3,3.1,131
19.342777,-99.07638,33000101,0.1587328,0.6349311,1.137585,0.788663,6.746143,0.00798955,4,36.6,2.9356,247,239.21,35.3,3.1,131
19.333333,-99.07638,33000101,0.1904793,0.7619174,0.03809587,0.009523967,1.622884,0.02117495,4,36.6,2.9356,247,239.21,35.3,3.1,131
19.348361,-99.05621,33000101,1.069399,4.674129,1.031822,0.6385306,8.086539,0.1392825,4,36.6,2.9356,247,239.21,35.3,3.1,131
19.343611,-99.10833,31499901,0.04232874,0.001322773,3.571488,2.50184,0.1329387,0.1388912,4,29.8,1.804,141,37.06,14.5,1.7,106.5
19.348361,-99.05621,33000101,0.1587328,0.6349311,0.03174656,0.00793664,1.352403,0.01764579,4,36.6,2.9356,247,239.21,35.3,3.1,131
19.341666,-99.08055,33000101,0.2539725,1.01589,0.05079449,0.01269862,2.163845,0.02823327,4,36.6,2.9356,247,239.21,35.3,3.1,131
19.318888,-99.08555,30799901,,,,,,29.49086,3,41,3.9032,145,323,27,14.3,211.2
19.371944,-99.10861,30799901,,,,,,2.732744,3,41,3.9032,145,323,27,14.3,211.2
19.348361,-99.05621,30799901,,,,,,16.05487,3,41,3.9032,145,323,27,14.3,211.2
19.347222,-99.025,30799901,,,,,,6.604131,3,41,3.9032,145,323,27,14.3,211.2
19.301666,-99.07666,30799901,,,,,,1.252508,3,41,3.9032,145,323,27,14.3,211.2
19.346388,-99.07638,36000101,0.003206402,0.02317499,0.000501596,0.000501596,0.000573025,1.322773,3,39.9,2.0008,170,154.69,49.2,5.7,158.1
19.372222,-99.06944,36000101,,,,,,1.322773,3,39.9,2.0008,170,154.69,49.2,5.7,158.1
19.361111,-99.10611,36000101,0.006412805,0.04634997,0.001003191,0.001003191,0.001146051,10.44991,3,39.9,2.0008,80.6,123.75,39.4,7.9,175.3
19.363888,-99.10638,36000101,,,,,,26.19091,3,39.9,2.0008,80.6,123.75,39.4,7.9,175.3
19.363888,-99.1075,36000101,,,,,,4.761983,3,39.9,2.0008,170,154.69,49.2,5.7,158.1
19.348361,-99.05621,36000101,,,,,,1.832592,3,39.9,2.0008,170,154.69,49.2,5.7,158.1
19.363888,-99.10861,36000101,0.003206402,0.02317499,0.000501596,0.000501596,0.000573025,1.455051,3,39.9,2.0008,170,154.69,49.2,5.7,158.1
19.348361,-99.05621,30799901,0.4605882,3.329004,0.07205241,0.07205241,0.08231304,0.894016,3,41,3.9032,145,323,27,14.3,211.2
19.348361,-99.05621,36000101,,,,,,9.259413,3,39.9,2.0008,80.6,123.75,39.4,7.9,175.3
19.348361,-99.05621,36000101,0.001181826,0.008541914,0.00018488,0.00018488,0.000211208,1.854291,3,39.9,2.0008,170,154.69,49.2,5.7,158.1
19.348361,-99.05621,36000101,0.001575412,0.01138664,0.000246451,0.000172515,0.000281547,27.09243,3,39.9,2.0008,80.6,123.75,39.4,7.9,175.3
19.319444,-99.075,36000101,,,,,,1.851882,3,39.9,2.0008,170,154.69,49.2,5.7,158.1
19.348361,-99.05621,30999901,0.003206402,0.02317499,0.000501596,0.000501596,0.000573025,1.409079,4,33.8,1.7056,156,81.31,35.6,3.3,132.5
19.358333,-99.09305,36000101,,,,,,12.16951,3,39.9,2.0008,170,154.69,49.2,5.7,158.1
19.348361,-99.05621,36000101,,,,,,2.116988,3,39.9,2.0008,170,154.69,49.2,5.7,158.1
19.348361,-99.05621,30799901,0.04437226,0.1945752,9.286785,6.51351,0.3338965,169.4838,3,41,3.9032,145,323,27,14.3,211.2
19.348361,-99.05621,30801001,,,,,,9.655473,4,29.3,0.6888,110,7.57,20.3,0.4,70
19.348361,-99.05621,32099901,0.009352007,0.06759371,0.001462987,0.001462987,0.001671324,4.507201,4,24,1.7056,113,49.54,21.7,2.7,121
19.348361,-99.05621,33000101,,,9.758098,6.847788,,1.735479,4,36.6,2.9356,247,239.21,35.3,3.1,131
19.348361,-99.05621,30899901,,,3.316854,2.952,,15.83849,3,36.2,2.0008,148,104.05,33.1,4.5,146.3
19.348361,-99.05621,39999901,,,,,,3.341546,3,39.2,3.8048,194,253.59,22.3,7.4,171.7
19.348361,-99.05621,30801001,0.000404084,0.002920603,6.32E-05,6.32E-05,7.22E-05,1.644718,4,29.3,0.6888,110,7.57,20.3,0.4,70
19.348361,-99.05621,30900199,0.02244482,0.1622249,0.003511169,0.003511169,0.004011177,2.043989,4,29.5,2.0992,178,86.33,24.9,2.9,126.4
19.363888,-99.08055,31399901,0.3046082,2.201624,0.04765158,0.04765158,0.05443741,24.30662,4,37.3,1.7056,122,60.33,26.4,3.1,130.7
19.348361,-99.05621,31299901,,,,,,1.374461,4,30.5,1.9024,163,65.36,23,2.5,120.9
19.372222,-99.00833,30799901,,,,,,2.645546,3,41,3.9032,145,323,27,14.3,211.2
19.348361,-99.05621,30799901,0.1775585,1.155257,0.02950525,0.02954194,0.3627409,0.0426343,3,41,3.9032,145,323,27,14.3,211.2
19.348361,-99.05621,36000101,,,,,,11.49225,3,39.9,2.0008,170,154.69,49.2,5.7,158.1
19.348361,-99.05621,30999901,0.007273502,0.05257086,0.001137835,0.001137835,0.001299868,2.878729,4,33.8,1.7056,156,81.31,35.6,3.3,132.5
19.348361,-99.05621,30800801,0.06582186,0.2632874,0.01316437,0.003291093,0.5608022,4.700047,4,25.5,1.7056,128,81.09,35.5,4,137.8
19.348361,-99.05621,30701201,0.2811025,1.12441,0.2570362,0.1608967,9.187735,7.034145,4,48.4,2.5912,99.6,61.92,11.7,3.6,140.2
19.348361,-99.05621,30701201,0.3341487,1.373344,0.06633374,0.01738492,2.751978,922.4105,3,48.4,2.5912,591,61.92,11.7,5.7,160.9
19.348361,-99.05621,30501101,0.00032064,0.002317499,1.613441,1.43416,5.73E-05,8.89E-05,3,32.8,1.968,80.6,89.8,29.5,5.7,156.6
19.348361,-99.05621,30801001,,,,,,41.91317,4,29.3,0.6888,110,7.57,20.3,0.4,70
19.348361,-99.05621,30701201,,,,,,26.55577,4,48.4,2.5912,99.6,61.92,11.7,3.6,140.2
19.348361,-99.05621,30900199,,,,,,25.39725,4,29.5,2.0992,178,86.33,24.9,2.9,126.4
19.348361,-99.05621,33000101,0.4133465,1.655456,0.08264137,0.02070549,3.516363,0.6942794,4,36.6,2.9356,247,239.21,35.3,3.1,131
19.327222,-99.08055,30101401,0.02380992,0.09523967,0.004761984,0.001190496,0.2028605,56.49752,4,27.9,2.6896,127,81.25,14.3,4,138.9
19.348361,-99.05621,30799901,0.001603201,0.01158749,0.000250798,0.000175559,0.000286513,6.719965,3,41,3.9032,145,323,27,14.3,211.2
19.348361,-99.05621,31299901,0.006412805,0.04634997,0.001003191,0.001003191,0.001146051,10.91547,4,30.5,1.9024,163,65.36,23,2.5,120.9
19.348361,-99.05621,30799901,0.007273502,0.05257086,2.833536,1.988786,0.001299868,18.14375,3,41,3.9032,145,323,27,14.3,211.2
19.348361,-99.05621,31399901,0.6488203,3.888953,1.916305,1.840248,2.184758,0.5210865,4,37.3,1.7056,122,60.33,26.4,3.1,130.7
19.348361,-99.05621,30701301,0.1508882,1.090578,0.02360429,0.02360429,0.02696567,31.01312,3,38.6,4.592,154,580.42,35,24.1,248.2
19.348361,-99.05621,36000101,,,,,,5.673075,3,39.9,2.0008,170,154.69,49.2,5.7,158.1
19.348361,-99.05621,30799901,7.373799,29.4952,8.882184,5.785188,313.3865,0.3711479,3,41,3.9032,145,323,27,14.3,211.2
19.348361,-99.05621,30101401,,,2.225897,1.981048,,10.62233,4,27.9,2.6896,127,81.25,14.3,4,138.9
19.348361,-99.05621,30499901,0.7984887,5.771255,8.930158,6.304032,0.1427002,2.103314,4,41.3,2.0992,242,124.87,36.1,1.8,112.7
19.348361,-99.05621,36000101,,,,,,4.353798,3,39.9,2.0008,170,154.69,49.2,5.7,158.1
19.348361,-99.05621,30799901,,,,,,1.848201,3,41,3.9032,145,323,27,14.3,211.2
19.348361,-99.05621,30801001,,,,,,132.6741,4,29.3,0.6888,110,7.57,20.3,0.4,70
19.348361,-99.05621,39990001,0.273256,1.975019,7.733877,7.648419,0.04883437,45.17245,3,57.8,3.0832,368,226.28,30.3,5.4,161.1
19.336388,-99.10194,30106001,2.222259,8.889036,2.676844,1.743496,94.44601,0.1118537,4,47.2,1.5088,139,29.85,16.7,1.4,105.4
19.348361,-99.05621,30899901,0.007273502,0.05257086,0.001137835,0.001137835,0.001299868,2.517314,3,36.2,2.0008,148,104.05,33.1,4.5,146.3
19.348361,-99.05621,30900199,0.003847683,0.02780998,0.000601915,0.000601915,0.00068763,12.33001,4,29.5,2.0992,178,86.33,24.9,2.9,126.4
19.348361,-99.05621,30801001,,,,,,3.511963,4,29.3,0.6888,110,7.57,20.3,0.4,70
19.348361,-99.05621,30899901,,,2.765698,2.461472,,0.6503635,3,36.2,2.0008,148,104.05,33.1,4.5,146.3
19.348361,-99.05621,50100505,2.624382,1.915799,0.04146524,0.04146524,0.04737009,0.0734827,3,39.3,1.476,1250,67.35,39.4,19.7,233.2
19.363888,-99.02222,30500101,0.002660318,0.01922804,0.000416169,0.000416169,0.000475433,2.315313,4,36.1,2.7388,266,259.42,44,1.9,112.4
19.35,-99.08333,30899901,0.1693811,0.6775244,0.2040297,0.1328896,7.198697,0.008525516,3,36.2,2.0008,148,104.05,33.1,4.5,146.3
19.349166,-99.11388,30101401,0.02645546,0.1058219,0.005291093,0.001322773,0.2254006,6.669894,4,27.9,2.6896,127,81.25,14.3,4,138.9
19.345833,-99.07555,30101401,0.00793664,0.03174656,0.009559683,0.006226294,0.1666694,6.101732,4,27.9,2.6896,127,81.25,14.3,4,138.9
19.351944,-99.10472,30801001,0.1587328,0.6349311,0.4519475,0.4234687,1.352403,1.340419,4,29.3,0.6888,110,7.57,20.3,0.4,70
19.354166,-99.07222,30101401,,,0.5291093,0.5232303,,20.85277,4,27.9,2.6896,127,81.25,14.3,4,138.9
19.358333,-99.08527,30400701,0.03174656,0.1269862,0.03824063,0.02490708,1.349229,0.00159791,3,39.3,2.6896,158,190.83,33.6,7.7,173.6
19.363888,-99.07722,39990001,0.1859713,1.344149,0.02909254,0.02909254,0.03323547,58.47679,3,57.8,3.0832,368,226.28,30.3,5.4,161.1
19.359722,-99.10111,30899901,0.1190496,1.309546,0.7897373,0.5143757,14.205,0.03821492,3,36.2,2.0008,148,104.05,33.1,4.5,146.3
19.384166,-99.08611,30400701,0.4761984,1.904794,3.298996,2.286158,20.23843,0.02396865,3,39.3,2.6896,158,190.83,33.6,7.7,173.6
19.363888,-99.10638,30102001,,,,,,6.892697,4,33.9,1.6564,159,33.71,15.6,1.3,100.8
19.348361,-99.05621,30499901,0.06349312,0.6984243,0.4211933,0.2743337,7.575998,0.02038129,4,41.3,2.0992,242,124.87,36.1,1.8,112.7
19.355,-99.11666,30899901,0.003206402,0.02317499,0.000501596,0.000501596,0.000573025,1.455051,3,36.2,2.0008,148,104.05,33.1,4.5,146.3
19.356111,-99.10833,30701201,,,,,,5.026538,4,48.4,2.5912,99.6,61.92,11.7,3.6,140.2
19.35,-99.10416,30900199,0.7310597,5.283897,0.1143638,0.1143638,0.1306498,0.20267,4,29.5,2.0992,178,86.33,24.9,2.9,126.4
19.345833,-99.07166,30501101,,,3.43921,3.057076,,,3,32.8,1.968,80.6,89.8,29.5,5.7,156.6
19.327777,-99.08055,30501101,,,5.820202,5.173513,,,3,32.8,1.968,80.6,89.8,29.5,5.7,156.6
19.356944,-99.11944,30799901,,,,,,3.985251,3,41,3.9032,145,323,27,14.3,211.2
19.388333,-99.07972,30799901,,,,,,1.935693,3,41,3.9032,145,323,27,14.3,211.2
19.356388,-99.10833,30900199,0.03847683,0.2780998,2.497903,1.177204,0.006876304,6.164722,4,29.5,2.0992,178,86.33,24.9,2.9,126.4
19.356388,-99.10833,30900199,,,,,,5.284048,4,29.5,2.0992,178,86.33,24.9,2.9,126.4
19.325,-99.08194,30900199,,,,,,10.21583,4,29.5,2.0992,178,86.33,24.9,2.9,126.4
19.361111,-99.0775,30801001,,,,,,90.84801,4,29.3,0.6888,110,7.57,20.3,0.4,70
19.362777,-99.105,30900199,,,,,,2.289754,4,29.5,2.0992,178,86.33,24.9,2.9,126.4
19.348361,-99.05621,30900199,0.2811133,2.031809,0.04397614,0.04397614,0.05023856,7.921252,4,29.5,2.0992,178,86.33,24.9,2.9,126.4
19.348361,-99.05621,30900199,0.009268641,0.06699117,0.001449946,0.001449946,0.001656425,7.979025,4,29.5,2.0992,178,86.33,24.9,2.9,126.4
19.322222,-99.07444,30999901,,,10.44991,10.3338,,,4,33.8,1.7056,156,81.31,35.6,3.3,132.5
19.325,-99.07277,30799901,0.3809587,1.523835,2.27517,1.751911,16.19074,0.01917492,3,41,3.9032,145,323,27,14.3,211.2
19.327222,-99.07583,30999901,1.048906,1.248698,1.587328,1.570745,0.007492187,0.06867839,4,33.8,1.7056,156,81.31,35.6,3.3,132.5
19.338888,-99.11111,30900199,,,,,,4.051103,4,29.5,2.0992,178,86.33,24.9,2.9,126.4
19.358333,-99.10555,30799901,,,1.521189,1.067501,,,3,41,3.9032,145,323,27,14.3,211.2
19.316666,-99.08333,31499901,,,,,,1.937484,4,29.8,1.804,141,37.06,14.5,1.7,106.5
19.35,-99.06777,30900199,0.2380992,0.9523968,1.706378,1.590603,5.000083,0.5635884,4,29.5,2.0992,178,86.33,24.9,2.9,126.4
19.351388,-99.10277,31299901,0.7278533,5.260722,0.4519475,0.448191,0.1300768,0.2017811,4,30.5,1.9024,163,65.36,23,2.5,120.9
19.322222,-99.08055,30106001,,,,,,5.084776,4,47.2,1.5088,139,29.85,16.7,1.4,105.4
19.346111,-99.07777,30999901,0.09523967,0.3809587,0.01904793,0.004761984,0.811442,218.055,4,33.8,1.7056,156,81.31,35.6,3.3,132.5
19.358333,-99.09305,31400901,,,,,,2.818159,7,20.9,1.7056,291,37.7,16.5,0,24.9
19.352777,-99.03888,30799901,,,,,,3.41593,3,41,3.9032,145,323,27,14.3,211.2
19.351111,-99.09833,30101401,,,,,,2.033911,4,27.9,2.6896,127,81.25,14.3,4,138.9
19.321666,-99.08388,31499901,0.1587328,0.6349311,0.03174656,0.00793664,1.352403,0.01764579,4,29.8,1.804,141,37.06,14.5,1.7,106.5
19.345,-99.02777,30700701,,,,,,8.42596,3,48.2,3.4112,176,370.96,40.6,12.9,206.7
19.348611,-99.02777,30999901,0.5486155,3.96524,0.08582301,0.08582301,0.09804464,0.8806746,4,33.8,1.7056,156,81.31,35.6,3.3,132.5
19.35,-99.08055,30999901,0.006412805,0.04634997,0.001003191,0.001003191,0.001146051,8.982881,4,33.8,1.7056,156,81.31,35.6,3.3,132.5
19.35,-99.11666,30899901,0.03527043,0.2549249,0.005517552,0.005517552,0.006303279,8.278341,3,36.2,2.0008,148,104.05,33.1,4.5,146.3
19.373611,-99.02361,30203201,0.1955905,1.413674,0.7936639,0.2486164,0.03495455,0.05422312,5,40.2,1.2136,316,28.34,24.5,0.2,62
19.355277,-99.03861,30900199,,,,,,6.516992,4,29.5,2.0992,178,86.33,24.9,2.9,126.4
19.340277,-99.05333,30900199,0.003206402,0.02317499,0.000501596,0.000501596,0.000573025,14.26693,4,29.5,2.0992,178,86.33,24.9,2.9,126.4
19.330555,-99.075,30799901,,,,,,10.36165,3,41,3.9032,145,323,27,14.3,211.2
19.329166,-99.06888,31299901,0.003206402,0.02317499,0.000501596,0.000501596,0.000573025,5.812452,4,30.5,1.9024,163,65.36,23,2.5,120.9
19.348361,-99.05621,30900199,,,,,,1.232944,4,29.5,2.0992,178,86.33,24.9,2.9,126.4
19.351388,-99.07722,31499901,0.2539725,1.01589,0.05079449,0.01269862,2.163845,0.02823327,4,29.8,1.804,141,37.06,14.5,1.7,106.5
19.339444,-99.055,30999901,,,,,,2.994294,4,33.8,1.7056,156,81.31,35.6,3.3,132.5
19.368055,-99.12083,30900199,,,,,,4.734143,4,29.5,2.0992,178,86.33,24.9,2.9,126.4
19.394444,-99.05611,30900199,0.03206402,0.2317499,0.005015956,0.005015956,0.005730254,1.239895,4,29.5,2.0992,178,86.33,24.9,2.9,126.4
19.346666,-99.06805,31499901,0.2619091,1.047636,0.05238182,0.01309546,2.231466,17.61349,4,29.8,1.804,141,37.06,14.5,1.7,106.5
19.326111,-99.08055,30900199,,,,,,6.516992,4,29.5,2.0992,178,86.33,24.9,2.9,126.4
19.366666,-99.08,39990001,0.003206402,0.02317499,0.000501596,0.000501596,0.000573025,11.6249,3,57.8,3.0832,368,226.28,30.3,5.4,161.1
19.348361,-99.05621,40200101,,,,,,4.057837,3,29.5,1.968,80.6,119.73,39.4,7.6,170.3
19.348361,-99.05621,40200101,,,,,,19.61288,3,29.5,1.968,80.6,119.73,39.4,7.6,170.3
19.270748,-99.27311,30500801,0.006061252,0.04380905,0.000948196,0.000948196,0.001083224,1.317471,3,32.2,1.8532,141,117.31,43.5,5.3,152.9
19.334681,-99.2505,30501101,,,7.052299,6.268711,,,3,32.8,1.968,80.6,89.8,29.5,5.7,156.6
19.334681,-99.2505,30501101,,,7.05113,6.267671,,,3,32.8,1.968,80.6,89.8,29.5,5.7,156.6
19.334681,-99.2505,30799901,,,5.28988,4.707994,,,3,41,3.9032,145,323,27,14.3,211.2
19.334681,-99.2505,30799901,,,,,,1.40214,3,41,3.9032,145,323,27,14.3,211.2
19.334681,-99.2505,30801001,,,,,,66.7429,4,29.3,0.6888,110,7.57,20.3,0.4,70
19.334681,-99.2505,30900199,1.617163,1.925194,0.1463148,0.1463148,0.01155117,0.1058857,4,29.5,2.0992,178,86.33,24.9,2.9,126.4
19.334681,-99.2505,31301001,,,0.3692742,0.3651711,,7.253207,3,29.9,2.0008,109,200.27,63.7,11.1,191.5
19.334681,-99.2505,30899901,,,,,,2.081163,3,36.2,2.0008,148,104.05,33.1,4.5,146.3
19.387777,-99.19416,30107001,0.1263579,0.5054317,0.1522057,0.09913536,5.370211,0.006360015,4,43.2,1.6564,158,34.81,16.2,1.4,104.8
19.356666,-99.20138,33000101,0.2063526,0.8254105,1.47886,0.5134093,8.769986,0.01038642,4,36.6,2.9356,247,239.21,35.3,3.1,131
19.338888,-99.21444,33000101,0.7222342,2.888937,4.55034,3.149349,30.69495,0.03635246,4,36.6,2.9356,247,239.21,35.3,3.1,131
19.334681,-99.2505,33000101,2.645276,19.11932,1.700057,1.316441,0.4727448,10.74138,4,36.6,2.9356,247,239.21,35.3,3.1,131
19.334681,-99.2505,30799901,,,1.365102,0.9579663,,,3,41,3.9032,145,323,27,14.3,211.2
19.334681,-99.2505,30799901,,,,,,49.19195,3,41,3.9032,145,323,27,14.3,211.2
19.334681,-99.2505,30899901,,,,,,4.893269,3,36.2,2.0008,148,104.05,33.1,4.5,146.3
19.334681,-99.2505,30501101,0.00010688,0.0007725,2.053298,1.825151,1.91E-05,2.96E-05,3,32.8,1.968,80.6,89.8,29.5,5.7,156.6
19.334681,-99.2505,30501101,0.00016032,0.001158749,2.05331,1.825159,2.87E-05,4.44E-05,3,32.8,1.968,80.6,89.8,29.5,5.7,156.6
19.334681,-99.2505,30501101,0.00032064,0.002317499,4.028245,3.580653,5.73E-05,8.89E-05,3,32.8,1.968,80.6,89.8,29.5,5.7,156.6
19.334681,-99.2505,30801001,,,,,,10.92611,4,29.3,0.6888,110,7.57,20.3,0.4,70
19.334681,-99.2505,30900199,,,,,,7.94451,4,29.5,2.0992,178,86.33,24.9,2.9,126.4
19.334681,-99.2505,30799901,,,,,,3.218891,3,41,3.9032,145,323,27,14.3,211.2
19.334681,-99.2505,30199901,4.696205,5.590721,0.4248948,0.4248948,0.03354432,0.3074896,4,46.1,2.0992,202,85.48,24.7,2.3,122.1
19.334681,-99.2505,30801001,,,,,,1.391778,4,29.3,0.6888,110,7.57,20.3,0.4,70
19.334681,-99.2505,36000101,,,,,,1.486488,3,39.9,2.0008,170,154.69,49.2,5.7,158.1
19.352777,-99.17555,30106001,0.01717028,0.1241021,0.002686044,0.002686044,0.003068551,17.63994,4,47.2,1.5088,139,29.85,16.7,1.4,105.4
19.334681,-99.2505,30599901,0.111113,0.4444518,2.730204,2.41265,0.9466823,0.01235206,3,55.8,2.296,211,223.94,54.1,5.4,160.6
19.388055,-99.19444,30900199,4.302293,14.34098,0.3892551,0.3892551,0.03073067,0.2816978,4,29.5,2.0992,178,86.33,24.9,2.9,126.4
19.338888,-99.21111,30800801,0.6508044,2.603218,0.1301609,0.03254022,5.544854,5.505867,4,25.5,1.7056,128,81.09,35.5,4,137.8
19.334681,-99.2505,30801001,,,,,,2.824876,4,29.3,0.6888,110,7.57,20.3,0.4,70
19.334681,-99.2505,30500101,,,1.058219,1.046461,,2.824876,4,36.1,2.7388,266,259.42,44,1.9,112.4
19.35,-99.21666,30899901,,,,,,12.76844,3,36.2,2.0008,148,104.05,33.1,4.5,146.3
19.334681,-99.2505,31499901,0.003206402,0.02317499,0.000501596,0.000501596,0.000573025,1.585214,4,29.8,1.804,141,37.06,14.5,1.7,106.5
19.361944,-99.18888,30106001,0.3306933,1.322773,0.06613866,0.01653467,2.817507,0.03676207,4,47.2,1.5088,139,29.85,16.7,1.4,105.4
19.334681,-99.2505,30501101,,,3.571488,3.174656,,,3,32.8,1.968,80.6,89.8,29.5,5.7,156.6
19.334681,-99.2505,30799901,,,,,,10.24779,3,41,3.9032,145,323,27,14.3,211.2
19.352777,-99.17555,30106001,0.005152688,0.0372422,0.000806064,0.000806064,0.000920852,6.614756,4,47.2,1.5088,139,29.85,16.7,1.4,105.4
19.339166,-99.24027,30900199,0.006412805,0.04634997,0.001003191,0.001003191,0.001146051,1.578048,4,29.5,2.0992,178,86.33,24.9,2.9,126.4
19.397222,-99.19527,30501101,,,9.803954,8.714626,,,3,32.8,1.968,80.6,89.8,29.5,5.7,156.6
19.334681,-99.2505,30501101,0.2380992,0.9523968,1.689843,1.433948,10.11922,0.01198433,4,26.8,1.1955,83.8,19.38,17.3,1.2,95.6
19.381944,-99.2,30501101,,,3.571488,3.174656,,,3,32.8,1.968,80.6,89.8,29.5,5.7,156.6
19.334681,-99.2505,31299901,0.2436866,1.761299,0.03812126,0.03812126,0.04354993,1.05681,4,30.5,1.9024,163,65.36,23,2.5,120.9
19.338888,-99.21611,30400101,0.4873731,3.522598,0.07624253,0.07624253,0.08709986,0.1351133,4,46.2,2.8372,335,192.85,30.5,2.6,127.4
19.384722,-99.22361,31400901,,,,,,8.63061,7,20.9,1.7056,291,37.7,16.5,0,24.9
19.334681,-99.2505,30501101,,,6.443338,5.727412,,,3,32.8,1.968,80.6,89.8,29.5,5.7,156.6
19.365277,-99.23611,30500101,,,,,,43.26738,4,36.1,2.7388,266,259.42,44,1.9,112.4
19.391111,-99.19722,30999901,0.003206402,0.02317499,0.000501596,0.000501596,0.000573025,13.38625,4,33.8,1.7056,156,81.31,35.6,3.3,132.5
19.342222,-99.20833,30103301,1.282561,9.269995,0.2006382,0.2006382,0.2292101,0.3555614,4,59.7,2.3452,333,133.04,30.8,1.7,116.8
19.361111,-99.18888,40200101,,,,,,4.057837,3,29.5,1.968,80.6,119.73,39.4,7.6,170.3
19.334681,-99.2505,30799901,,,,,,4.21298,3,41,3.9032,145,323,27,14.3,211.2
19.344444,-99.23833,30501101,,,6.507493,5.784438,,,3,32.8,1.968,80.6,89.8,29.5,5.7,156.6
19.346111,-99.23888,30501101,,,5.59252,4.971129,,,3,32.8,1.968,80.6,89.8,29.5,5.7,156.6
19.334681,-99.2505,40400101,0.02050298,0.0956365,0.006481589,0.006481589,0.006217034,157.7692,4,22.9,1.476,68,19.64,11.5,1.3,97
19.272061,-98.99591,33000101,0.1021939,0.7386295,0.01598678,0.01598678,0.01826337,36.50061,4,36.6,2.9356,247,239.21,35.3,3.1,131
19.272061,-98.99591,39990001,,,,,,16.6008,3,57.8,3.0832,368,226.28,30.3,5.4,161.1
19.302777,-99.05138,30299901,0.1578666,0.6314663,0.1901598,0.1238558,6.709329,0.007945951,3,49.1,1.8532,157,97.23,36,3.9,144.4
19.272061,-98.99591,10300502,0.4805284,1.922114,0.09610568,0.02402642,4.094102,0.05341874,5,39.3,1.476,314,46.58,27.2,0.3,69.2
19.272061,-98.99591,36000101,,,,,,4.761983,3,39.9,2.0008,170,154.69,49.2,5.7,158.1
19.304166,-99.05833,31301001,0.00793664,0.03174656,0.009559683,0.006226294,0.1666694,1.585214,3,29.9,2.0008,109,200.27,63.7,11.1,191.5
19.272061,-98.99591,30899901,,,,,,4.214355,3,36.2,2.0008,148,104.05,33.1,4.5,146.3
19.272061,-98.99591,30899901,,,,,,5.63805,3,36.2,2.0008,148,104.05,33.1,4.5,146.3
19.272061,-98.99591,30501101,0.9523968,3.809587,0.5815573,0.2866119,8.11442,0.1058748,3,32.8,1.968,80.6,89.8,29.5,5.7,156.6
19.272061,-98.99591,31499901,,,,,,18.53884,4,29.8,1.804,141,37.06,14.5,1.7,106.5
19.272061,-98.99591,30799901,,,,,,2.707893,3,41,3.9032,145,323,27,14.3,211.2
19.272061,-98.99591,31499901,0.00064128,0.004634997,0.000100319,7.02E-05,0.000114605,2.341419,4,29.8,1.804,141,37.06,14.5,1.7,106.5
19.272061,-98.99591,30501101,,,1.541692,1.370393,,,3,32.8,1.968,80.6,89.8,29.5,5.7,156.6
19.272061,-98.99591,30610001,0.4571795,3.304367,0.07151917,0.07151917,0.08170386,0.1267428,5,38.6,2.296,294,137.84,33.3,0.2,57
19.272061,-98.99591,30299901,0.1269862,0.5079449,0.910068,0.3159442,5.396915,0.00639164,3,49.1,1.8532,157,97.23,36,3.9,144.4
19.291666,-99.02277,30801001,0.2460358,0.9841433,0.04920717,0.01230179,2.096225,1.129662,4,29.3,0.6888,110,7.57,20.3,0.4,70
19.295833,-99.03055,30113201,0.02380992,0.09523967,0.004761984,0.001190496,0.2028605,3.050866,3,77.7,6.4944,257,418.86,12.6,4.2,156
19.272061,-98.99591,30899901,0.009504957,0.03801983,0.001900991,0.000475248,0.08098224,1.35594,3,36.2,2.0008,148,104.05,33.1,4.5,146.3
19.272061,-98.99591,30999901,,,,,,4.403373,4,33.8,1.7056,156,81.31,35.6,3.3,132.5
19.290277,-99.06111,30500801,0.02565122,0.1853999,0.004012765,0.004012765,0.004584203,1.322773,3,32.2,1.8532,141,117.31,43.5,5.3,152.9
19.3,-99.0625,30999901,,,,,,1.409079,4,33.8,1.7056,156,81.31,35.6,3.3,132.5
19.306944,-99.05277,30103301,,,15.58491,15.41175,,,4,59.7,2.3452,333,133.04,30.8,1.7,116.8
19.305,-99.0575,40200101,,,,,,3.606966,3,29.5,1.968,80.6,119.73,39.4,7.6,170.3
19.302777,-99.05694,30900199,,,,,,1.232944,4,29.5,2.0992,178,86.33,24.9,2.9,126.4
19.272061,-98.99591,30300901,0.02565122,0.1853999,0.004012765,0.004012765,0.004584203,4.931777,3,89.9,6.0024,268,812.12,28.7,5.4,171.5
19.283333,-99,30501401,,,,,,1.501348,3,78.2,3.4112,332,405.58,44.4,5.2,165.7
19.272061,-98.99591,30900199,,,,,,6.516992,4,29.5,2.0992,178,86.33,24.9,2.9,126.4
19.196707,-99.20438,30299901,7.003086,16.76024,1.429178,1.219351,0.2893986,0.7539737,4,39.3,1.8532,314,66.35,24.6,0.5,76.3
19.286111,-99.17638,30299901,0.2178839,1.574804,0.0340848,0.0340848,0.03893865,0.06040344,4,39.3,1.8532,314,66.35,24.6,0.5,76.3
19.196707,-99.20438,30299901,0.02484962,0.1796062,0.003887366,0.003887366,0.004440947,2.173529,4,39.3,1.8532,314,66.35,24.6,0.5,76.3
19.292777,-99.125,30102601,14.10142,56.4057,16.98601,11.06341,599.3105,0.7097717,4,47.9,2.0008,190,81.68,26,2.5,125.6
19.196707,-99.20438,30299901,0.4285785,1.714314,0.0857157,0.02142893,3.651489,0.04764365,4,39.3,1.8532,314,66.35,24.6,0.5,76.3
19.196707,-99.20438,30299901,0.1587328,0.6349311,1.137585,0.788663,6.746143,0.00798955,4,39.3,1.8532,314,66.35,24.6,0.5,76.3
19.269166,-99.16555,30799901,,,36.40272,25.54577,,3.529794,3,41,3.9032,145,323,27,14.3,211.2
19.275,-99.175,36000101,,,,,,1.322773,3,39.9,2.0008,170,154.69,49.2,5.7,158.1
19.196707,-99.20438,36000101,,,,,,7.539807,3,39.9,2.0008,170,154.69,49.2,5.7,158.1
19.298055,-99.15833,30801001,,,,,,3.615841,4,29.3,0.6888,110,7.57,20.3,0.4,70
19.196707,-99.20438,30799901,,,,,,1.460562,3,41,3.9032,145,323,27,14.3,211.2
19.196707,-99.20438,30799901,,,,,,2.436178,3,41,3.9032,145,323,27,14.3,211.2
19.196707,-99.20438,30299901,0.3505349,1.40214,0.07010698,0.01752675,2.986557,0.0389678,3,49.1,1.8532,157,97.23,36,3.9,144.4
19.196707,-99.20438,30299901,0.1394109,1.007623,0.02180883,0.02180883,0.02491452,23.83664,4,39.3,1.8532,314,66.35,24.6,0.5,76.3
19.196707,-99.20438,30299901,0.2303276,1.664744,0.03603144,0.03603144,0.0411625,0.06385319,4,39.3,1.8532,314,66.35,24.6,0.5,76.3
19.196707,-99.20438,30799901,,,,,,5.654856,3,41,3.9032,145,323,27,14.3,211.2
19.284166,-99.20222,30501401,0.2777824,1.11113,1.933895,1.639527,11.80575,0.01398171,3,78.2,3.4112,332,405.58,44.4,5.2,165.7
19.294444,-99.15555,30106001,0.08856496,0.3542598,0.01771299,0.004428248,0.7545735,149.3199,4,47.2,1.5088,139,29.85,16.7,1.4,105.4
19.196707,-99.20438,30900199,,,,,,2.994294,4,29.5,2.0992,178,86.33,24.9,2.9,126.4
19.196707,-99.20438,30299901,,,,,,7.173452,4,39.3,1.8532,314,66.35,24.6,0.5,76.3
19.281666,-99.16805,31299901,,,,,,1.409079,4,30.5,1.9024,163,65.36,23,2.5,120.9
19.241325,-99.09069,30501101,,,5.885279,5.231359,,,3,32.8,1.968,80.6,89.8,29.5,5.7,156.6
19.241325,-99.09069,30701301,0.2326376,1.68144,7.458204,7.148962,0.04157533,81.5837,3,38.6,4.592,154,580.42,35,24.1,248.2
19.241325,-99.09069,33000101,3.239089,16.6181,2.779233,1.78478,46.72149,2.761197,4,36.6,2.9356,247,239.21,35.3,3.1,131
19.266388,-99.11416,36000101,0.01923841,0.1390499,0.003009574,0.003009574,0.003438152,6.613866,3,39.9,2.0008,170,154.69,49.2,5.7,158.1
19.241325,-99.09069,30701201,,,,,,8.895374,4,48.4,2.5912,99.6,61.92,11.7,3.6,140.2
19.241325,-99.09069,30899901,,,,,,3.171506,3,36.2,2.0008,148,104.05,33.1,4.5,146.3
19.241325,-99.09069,36000101,,,,,,3.417164,3,39.9,2.0008,170,154.69,49.2,5.7,158.1
19.250833,-99.10833,30106001,0.4980717,1.992287,0.09961434,0.02490359,4.243571,0.05536897,4,47.2,1.5088,139,29.85,16.7,1.4,105.4
19.241325,-99.09069,30900199,0.006412805,0.04634997,0.001003191,0.001003191,0.001146051,4.755643,4,29.5,2.0992,178,86.33,24.9,2.9,126.4
19.241325,-99.09069,40200101,,,,,,2.592507,3,29.5,1.968,80.6,119.73,39.4,7.6,170.3
19.381477,-99.16286,36000101,,,,,,56.38537,3,39.9,2.0008,170,154.69,49.2,5.7,158.1
19.381477,-99.16286,30899901,,,,,,19.7781,3,36.2,2.0008,148,104.05,33.1,4.5,146.3
19.381477,-99.16286,30799901,,,,,,17.8974,3,41,3.9032,145,323,27,14.3,211.2
19.381477,-99.16286,30201801,0.4285785,1.714314,0.0857157,0.02142893,3.651489,0.04764365,3,44.4,1.9024,170,133.88,47.1,4.9,152.6
19.361111,-99.16055,30299901,0.3412755,1.365102,0.0682551,0.01706377,2.907667,0.03793846,4,39.3,1.8532,314,66.35,24.6,0.5,76.3
19.371666,-99.175,33000101,0.4761984,1.904794,3.298996,2.286158,20.23843,0.02396865,4,36.6,2.9356,247,239.21,35.3,3.1,131
19.369166,-99.16805,30106001,0.1666694,0.6666777,0.03333389,0.008333472,1.420024,0.01852809,4,47.2,1.5088,139,29.85,16.7,1.4,105.4
19.361666,-99.15611,36000101,,,,,,33.33389,3,39.9,2.0008,170,154.69,49.2,5.7,158.1
19.384166,-99.13972,36000101,,,,,,2.116437,3,39.9,2.0008,80.6,123.75,39.4,7.9,175.3
19.381477,-99.16286,36000101,,,,,,1.587328,3,39.9,2.0008,170,154.69,49.2,5.7,158.1
19.381477,-99.16286,36000101,,,,,,4.047686,3,39.9,2.0008,170,154.69,49.2,5.7,158.1
19.358333,-99.16888,36000101,,,,,,20.10615,3,39.9,2.0008,170,154.69,49.2,5.7,158.1
19.360555,-99.15833,30701201,,,,,,1.98416,4,48.4,2.5912,99.6,61.92,11.7,3.6,140.2
19.381477,-99.16286,30899901,0.006733445,0.04866747,0.001053351,0.001053351,0.001203353,10.81087,3,36.2,2.0008,148,104.05,33.1,4.5,146.3
19.381477,-99.16286,36000101,,,,,,7.536346,3,39.9,2.0008,170,154.69,49.2,5.7,158.1
19.381477,-99.16286,30899901,,,,,,3.607467,3,36.2,2.0008,148,104.05,33.1,4.5,146.3
19.371944,-99.14722,30199901,0.09523967,0.3809587,0.682551,0.6362411,5.952479,0.00479373,4,46.1,2.0992,202,85.48,24.7,2.3,122.1
19.368611,-99.16666,30106001,0.3175369,1.270147,0.06350737,0.01587684,2.705414,0.03529951,4,47.2,1.5088,139,29.85,16.7,1.4,105.4
19.3675,-99.17083,30106001,0.2419615,1.748831,0.03785141,0.03785141,0.04324164,0.06707844,4,47.2,1.5088,139,29.85,16.7,1.4,105.4
19.367777,-99.15416,30106001,0.1269862,1.396849,0.8423865,0.5486674,15.152,11.71159,4,47.2,1.5088,139,29.85,16.7,1.4,105.4
19.381477,-99.16286,10300502,0.3174656,1.269862,0.06349312,0.01587328,2.704807,0.03529159,5,39.3,1.476,314,46.58,27.2,0.3,69.2
19.391666,-99.15583,30106001,,,,,,3.995878,4,47.2,1.5088,139,29.85,16.7,1.4,105.4
19.395833,-99.1875,10300502,0.3174656,1.269862,0.3824063,0.2490708,13.49229,0.0159791,4,24.9,0.5904,132,13.95,51,0.7,79.3
19.375,-99.14722,36000101,,,,,,37.3022,3,39.9,2.0008,80.6,123.75,39.4,7.9,175.3
19.391666,-99.17361,40200101,,,,,,3.156095,3,29.5,1.968,80.6,119.73,39.4,7.6,170.3
19.381477,-99.16286,30799901,,,,,,8.653688,3,41,3.9032,145,323,27,14.3,211.2
19.386111,-99.145,30799901,,,,,,1.252508,3,41,3.9032,145,323,27,14.3,211.2
19.380555,-99.14166,40200101,,,,,,1.803483,3,29.5,1.968,80.6,119.73,39.4,7.6,170.3
19.394444,-99.14388,30799901,,,,,,9.564603,3,41,3.9032,145,323,27,14.3,211.2
19.381477,-99.16286,40200101,0.003206402,0.02317499,1.190496,0.8355853,0.000573025,0.5520444,3,29.5,1.968,80.6,119.73,39.4,7.6,170.3
19.432028,-99.14876,30700701,,,,,,2.028252,3,48.2,3.4112,176,370.96,40.6,12.9,206.7
19.432028,-99.14876,30200701,4.523951,5.385655,0.4093098,0.4093098,0.03231393,0.296211,3,63.8,2.6896,138,249.9,44,11.6,204.7
19.419444,-99.12777,30299901,0.3015923,1.206369,0.06031846,0.01507961,2.569566,0.03352701,4,39.3,1.8532,314,66.35,24.6,0.5,76.3
19.432028,-99.14876,31299901,0.02511682,0.1815374,1.179906,0.8291762,0.004488699,7.274244,4,30.5,1.9024,163,65.36,23,2.5,120.9
19.432028,-99.14876,30700701,0.3847683,2.780998,0.06019147,0.06019147,0.06876304,5.330776,3,48.2,3.4112,176,370.96,40.6,12.9,206.7
19.432028,-99.14876,30799901,0.01587328,0.06349312,0.003174656,0.000793664,0.1352403,3.306933,3,41,3.9032,145,323,27,14.3,211.2
19.432028,-99.14876,30899901,,,,,,29.31839,3,36.2,2.0008,148,104.05,33.1,4.5,146.3
19.432028,-99.14876,30200901,0.583122,4.214644,0.09122106,0.09122106,0.1042114,5.186103,3,81.4,2.3944,143,96.74,21.5,4.3,158.4
19.46,-99.15416,30299901,2.275593,2.709039,0.205887,0.205887,0.01625424,0.1489972,3,49.1,1.8532,157,97.23,36,3.9,144.4
19.459166,-99.15222,30203201,1.93781,2.306916,36.1084,10.44192,0.0138415,24.07447,5,40.2,1.2136,316,28.34,24.5,0.2,62
19.461944,-99.15277,30203201,1.706695,2.03178,0.1544152,0.1544152,0.01219068,0.1117479,5,40.2,1.2136,316,28.34,24.5,0.2,62
19.432028,-99.14876,30200701,1.190496,4.761983,0.2380992,0.0595248,10.14303,0.1323435,3,63.8,2.6896,138,249.9,44,11.6,204.7
19.421944,-99.13055,30203001,0.3571488,1.428595,0.07142975,0.01785744,3.042907,0.03970304,3,58.4,3.2964,205,392.46,46,10.2,195.2
19.432028,-99.14876,30299901,2.82567,3.363894,0.2556559,0.2556559,0.02018336,0.1850141,4,39.3,1.8532,314,66.35,24.6,0.5,76.3
19.418888,-99.15277,30299901,0.3174656,1.269862,2.27517,0.7898604,13.49229,0.0159791,4,39.3,1.8532,314,66.35,24.6,0.5,76.3
19.419444,-99.13055,30299901,0.1587328,0.6349311,0.9584153,0.3437389,6.746143,0.00798955,4,39.3,1.8532,314,66.35,24.6,0.5,76.3
19.419444,-99.13055,30299901,0.8402917,3.361167,1.012182,0.6592593,35.7124,0.04229468,4,39.3,1.8532,314,66.35,24.6,0.5,76.3
19.432028,-99.14876,30200701,0.003030626,0.02190452,3.11061,0.8890844,0.000541612,0.000840174,3,63.8,2.6896,138,249.9,44,11.6,204.7
19.432028,-99.14876,30299901,0.396832,1.587328,2.843962,0.9873255,16.86536,7.936639,3,49.1,1.8532,157,97.23,36,3.9,144.4
19.461111,-99.14166,33000101,0.2222259,0.8889036,1.592619,1.104128,9.444601,0.01118537,4,36.6,2.9356,247,239.21,35.3,3.1,131
19.432777,-99.14944,36000101,,,,,,9.920799,3,39.9,2.0008,80.6,123.75,39.4,7.9,175.3
19.435555,-99.14777,36000101,,,,,,10.97902,3,39.9,2.0008,80.6,123.75,39.4,7.9,175.3
19.432028,-99.14876,36000101,,,,,,9.523967,3,39.9,2.0008,80.6,123.75,39.4,7.9,175.3
19.4375,-99.15388,36000101,,,1.058219,0.8465748,,5.026538,3,39.9,2.0008,170,154.69,49.2,5.7,158.1
19.46,-99.14833,36000101,,,,,,4.232874,3,39.9,2.0008,170,154.69,49.2,5.7,158.1
19.432028,-99.14876,36000101,,,,,,3.941864,3,39.9,2.0008,170,154.69,49.2,5.7,158.1
19.432028,-99.14876,36000101,,,,,,11.3042,3,39.9,2.0008,170,154.69,49.2,5.7,158.1
19.451388,-99.1625,36000101,0.01603201,0.1158749,0.002507978,0.002507978,0.002865127,737.0493,3,39.9,2.0008,170,154.69,49.2,5.7,158.1
19.432028,-99.14876,30999901,0.02107835,0.1523485,0.003297406,0.003297406,0.003766973,1.12738,4,33.8,1.7056,156,81.31,35.6,3.3,132.5
19.432028,-99.14876,30801001,,,,,,2.486814,4,29.3,0.6888,110,7.57,20.3,0.4,70
19.432028,-99.14876,30201801,0.8274845,3.334052,0.1651714,0.04181878,6.987851,0.09322932,3,44.4,1.9024,170,133.88,47.1,4.9,152.6
19.432028,-99.14876,30801001,0.0004849,0.003504724,7.59E-05,7.59E-05,8.67E-05,14.72255,4,29.3,0.6888,110,7.57,20.3,0.4,70
19.432028,-99.14876,30799901,,,,,,1.153035,3,41,3.9032,145,323,27,14.3,211.2
19.432028,-99.14876,30299901,0.7142975,2.85719,0.1428595,0.03571488,6.085815,0.07940608,4,39.3,1.8532,314,66.35,24.6,0.5,76.3
19.432028,-99.14876,36000101,,,,,,1.851882,3,39.9,2.0008,170,154.69,49.2,5.7,158.1
19.432028,-99.14876,30700701,0.06412805,0.4634997,0.01003191,0.007022338,0.01146051,2.537786,3,48.2,3.4112,176,370.96,40.6,12.9,206.7
19.432028,-99.14876,36000101,0.0014547,0.01051417,0.000227567,0.000227567,0.000259974,1.508213,3,39.9,2.0008,170,154.69,49.2,5.7,158.1
19.432028,-99.14876,30900199,0.001262761,0.009126885,0.000197541,0.000197541,0.000225672,6.999893,4,29.5,2.0992,178,86.33,24.9,2.9,126.4
19.432028,-99.14876,30101401,0.06412805,0.4634997,0.01003191,0.007022338,0.01146051,113.5293,4,27.9,2.6896,127,81.25,14.3,4,138.9
19.45,-99.14166,10100201,35.13119,41.82285,3.178536,3.178536,0.2509371,2.300256,2,32.8,13.612,710,3484.42,23.9,446.2,635.8
19.456388,-99.16194,30299901,0.2777824,1.11113,1.542133,0.4386253,2.366706,0.03088014,4,39.3,1.8532,314,66.35,24.6,0.5,76.3
19.432028,-99.14876,30801001,,,,,,2.824876,4,29.3,0.6888,110,7.57,20.3,0.4,70
19.432028,-99.14876,30900199,0.003206402,0.02317499,0.000501596,0.000501596,0.000573025,5.107913,4,29.5,2.0992,178,86.33,24.9,2.9,126.4
19.445,-99.13472,30999901,0.003206402,0.02317499,0.000501596,0.000501596,0.000573025,2.465889,4,33.8,1.7056,156,81.31,35.6,3.3,132.5
19.461111,-99.13666,30102001,,,,,,25.2319,4,33.9,1.6564,159,33.71,15.6,1.3,100.8
19.455833,-99.15972,40200101,,,,,,3.381531,3,29.5,1.968,80.6,119.73,39.4,7.6,170.3
19.461111,-99.15555,31499901,0.006412805,0.04634997,0.001003191,0.001003191,0.001146051,7.573802,4,29.8,1.804,141,37.06,14.5,1.7,106.5
19.432028,-99.14876,36000101,8.160135,9.714447,0.7382979,0.7382979,0.05828668,0.5342945,3,39.9,2.0008,80.6,123.75,39.4,7.9,175.3
19.456944,-99.15,30799901,0.6092165,4.403247,0.09530316,0.09530316,0.1088748,0.1688917,3,41,3.9032,145,323,27,14.3,211.2
19.458333,-99.15111,31301001,0.003206402,0.02317499,0.000501596,0.000501596,0.000573025,31.70428,3,29.9,2.0008,109,200.27,63.7,11.1,191.5
19.459722,-99.15,30799901,,,,,,1.252508,3,41,3.9032,145,323,27,14.3,211.2
19.461111,-99.14722,33000101,0.1587328,0.6349311,1.190496,0.8257934,6.746143,2.367071,4,36.6,2.9356,247,239.21,35.3,3.1,131
19.432028,-99.14876,40200101,0.00058784,0.004248748,1.98416,1.392393,0.000105055,0.000162966,3,29.5,1.968,80.6,119.73,39.4,7.6,170.3
19.42633,-99.20376,30900199,0.4008003,2.896873,0.06269945,0.06269945,0.07162817,0.111113,4,29.5,2.0992,178,86.33,24.9,2.9,126.4
19.455555,-99.20472,36000101,,,,,,6.613866,3,39.9,2.0008,170,154.69,49.2,5.7,158.1
19.42633,-99.20376,30799901,0.002885762,0.02085749,0.000451436,0.000451436,0.000515723,2.549186,3,41,3.9032,145,323,27,14.3,211.2
19.42633,-99.20376,30203001,0.4854406,1.941762,0.4132089,0.1145922,4.135954,0.05396481,3,58.4,3.2964,205,392.46,46,10.2,195.2
19.42633,-99.20376,30199901,0.00969429,0.07006764,0.2396597,0.2134639,0.001732494,10.25559,4,46.1,2.0992,202,85.48,24.7,2.3,122.1
19.42633,-99.20376,10300502,1.704034,2.028612,0.1541745,0.1541745,0.01217167,0.1115737,5,39.3,1.476,314,46.58,27.2,0.3,69.2
19.42633,-99.20376,33000101,0.7746795,0.9222375,0.07009005,0.07009005,0.005533425,2.806501,4,36.6,2.9356,247,239.21,35.3,3.1,131
19.42633,-99.20376,30801001,,,,,,14.36311,4,29.3,0.6888,110,7.57,20.3,0.4,70
19.433888,-99.17222,40200101,0.003206402,0.02317499,0.000501596,0.000501596,0.000573025,4.846861,3,29.5,1.968,80.6,119.73,39.4,7.6,170.3
19.42633,-99.20376,30501401,532.5873,36.46915,34.46294,34.46298,0.344988,14.83586,2,137,5.904,561,350.2,12.8,28.9,293.2
19.42633,-99.20376,30200701,2.584695,3.077018,0.2338533,0.2338533,0.0184621,0.169236,3,63.8,2.6896,138,249.9,44,11.6,204.7
19.42633,-99.20376,30701201,,,,,,8.539559,4,48.4,2.5912,99.6,61.92,11.7,3.6,140.2
19.42633,-99.20376,30801001,,,,,,9.936408,4,29.3,0.6888,110,7.57,20.3,0.4,70
19.42633,-99.20376,30800101,1.851882,7.40753,0.3703765,0.09259412,15.77804,0.2058676,3,35.3,2.0992,113,121.13,35,6.5,163.9
19.42633,-99.20376,40200101,,,,,,2.592507,3,29.5,1.968,80.6,119.73,39.4,7.6,170.3
19.42633,-99.20376,36000101,,,,,,2.167408,3,39.9,2.0008,170,154.69,49.2,5.7,158.1
19.45,-99.20833,30199901,32.92065,39.19125,2.978535,2.978535,0.2351475,2.155519,4,46.1,2.0992,202,85.48,24.7,2.3,122.1
19.399166,-99.18416,30203001,0.1587328,0.6349311,0.03174656,0.00793664,1.352403,0.01764579,3,58.4,3.2964,205,392.46,46,10.2,195.2
19.42633,-99.20376,30201801,0.1746061,0.6984243,0.03492121,0.008730303,1.487644,0.01941037,3,44.4,1.9024,170,133.88,47.1,4.9,152.6
19.42633,-99.20376,30200701,,,13.05136,3.728961,,,3,63.8,2.6896,138,249.9,44,11.6,204.7
19.42633,-99.20376,30200901,95.6111,113.8227,8.960949,8.73922,0.6829364,66.82596,4,82,2.4928,298,104.85,21.5,0.3,77
19.42633,-99.20376,33000101,0.682551,2.730204,0.8221736,0.5355022,29.00842,0.03435507,4,36.6,2.9356,247,239.21,35.3,3.1,131
19.435277,-99.175,33000101,1.269862,5.079449,0.2539725,0.06349312,10.81923,0.1411664,4,36.6,2.9356,247,239.21,35.3,3.1,131
19.445277,-99.17722,33000101,0.1031763,1.134939,0.6844391,0.4457922,12.311,0.0331196,4,36.6,2.9356,247,239.21,35.3,3.1,131
19.42633,-99.20376,32099901,,,,,,5.092677,4,24,1.7056,113,49.54,21.7,2.7,121
19.42633,-99.20376,30799901,,,,,,4.554573,3,41,3.9032,145,323,27,14.3,211.2
19.42633,-99.20376,30799901,,,,,,3.529794,3,41,3.9032,145,323,27,14.3,211.2
19.448611,-99.18333,30799901,,,,,,7.970502,3,41,3.9032,145,323,27,14.3,211.2
19.42633,-99.20376,36000101,0.000801601,0.005793747,0.000125399,8.78E-05,0.000143256,1.494542,3,39.9,2.0008,170,154.69,49.2,5.7,158.1
19.42633,-99.20376,30304001,0.01923841,0.1390499,0.003009574,0.003009574,0.003438152,44.79044,2,131,8.2984,121,1903.5,35.2,98.1,417.6
19.42633,-99.20376,36000101,0.006412805,0.04634997,0.001003191,0.001003191,0.001146051,3.678825,3,39.9,2.0008,170,154.69,49.2,5.7,158.1
19.401388,-99.19305,36000101,1.462119,10.56779,0.2287276,0.2287276,0.2612996,0.40534,3,39.9,2.0008,80.6,123.75,39.4,7.9,175.3
19.405,-99.19305,36000101,,,,,,160.5847,3,39.9,2.0008,170,154.69,49.2,5.7,158.1
19.408333,-99.19444,36000101,,,,,,121.9597,3,39.9,2.0008,170,154.69,49.2,5.7,158.1
19.42633,-99.20376,36000101,,,,,,1.851882,3,39.9,2.0008,170,154.69,49.2,5.7,158.1
19.42633,-99.20376,36000101,,,,,,1.98416,3,39.9,2.0008,170,154.69,49.2,5.7,158.1
19.411388,-99.18388,36000101,,,,,,5.555647,3,39.9,2.0008,80.6,123.75,39.4,7.9,175.3
19.42633,-99.20376,36000101,,,,,,2.006945,3,39.9,2.0008,170,154.69,49.2,5.7,158.1
19.438888,-99.1925,36000101,,,,,,1.98416,3,39.9,2.0008,170,154.69,49.2,5.7,158.1
19.447222,-99.20277,36000101,,,,,,1.719605,3,39.9,2.0008,80.6,123.75,39.4,7.9,175.3
19.42633,-99.20376,36000101,,,,,,1.719936,3,39.9,2.0008,170,154.69,49.2,5.7,158.1
19.42633,-99.20376,30801001,,,,,,8.454725,4,29.3,0.6888,110,7.57,20.3,0.4,70
19.444166,-99.175,30899901,,,,,,1.12995,3,36.2,2.0008,148,104.05,33.1,4.5,146.3
19.42633,-99.20376,30899901,,,,,,21.68246,3,36.2,2.0008,148,104.05,33.1,4.5,146.3
19.42633,-99.20376,30900199,0.4231975,1.69279,0.0846395,0.02115987,3.605643,1.535649,4,29.5,2.0992,178,86.33,24.9,2.9,126.4
19.42633,-99.20376,30299901,2.257815,2.687875,0.2042785,0.2042785,0.01612725,0.1478331,3,49.1,1.8532,157,97.23,36,3.9,144.4
19.42633,-99.20376,33000101,15.49395,18.44517,1.401833,1.401833,0.110671,2.960945,4,36.6,2.9356,247,239.21,35.3,3.1,131
19.42633,-99.20376,30899901,0.9523968,3.809587,0.1904793,0.04761983,8.11442,0.4299628,3,36.2,2.0008,148,104.05,33.1,4.5,146.3
19.42633,-99.20376,30200701,0.003030626,0.02190452,11.19397,3.198615,0.000541612,0.000840174,3,63.8,2.6896,138,249.9,44,11.6,204.7
19.440833,-99.18194,30201801,0.1746061,0.6984243,0.03492121,0.008730303,1.487644,0.01941037,3,44.4,1.9024,170,133.88,47.1,4.9,152.6
19.440277,-99.17916,30199901,0.1501348,0.600539,0.03002695,0.007506738,1.279148,0.01668998,4,46.1,2.0992,202,85.48,24.7,2.3,122.1
19.438888,-99.18472,31400901,7.399628,8.809081,0.6694902,0.6694902,0.05285449,475.9763,7,20.9,1.7056,291,37.7,16.5,0,24.9
19.441666,-99.18333,30800101,3.905588,4.649509,0.3533627,0.3533627,0.02789705,37.02882,3,35.3,2.0992,113,121.13,35,6.5,163.9
19.444444,-99.19,30801001,0.00793664,0.03174656,0.001587328,0.000396832,0.06762017,75.39807,4,29.3,0.6888,110,7.57,20.3,0.4,70
19.42633,-99.20376,10301003,1.715425,12.39862,0.2683536,0.2683536,0.3065686,0.4755634,5,39.3,1.476,314,46.58,27.2,0.3,69.2
19.453055,-99.18972,36000101,0.003206402,0.02317499,0.000501596,0.000501596,0.000573025,2.116437,3,39.9,2.0008,170,154.69,49.2,5.7,158.1
19.42633,-99.20376,10301003,1.208909,1.439177,0.1093775,0.1093775,0.008635064,0.07915475,5,39.3,1.476,314,46.58,27.2,0.3,69.2
19.439722,-99.19472,30900199,,,,,,19.37484,4,29.5,2.0992,178,86.33,24.9,2.9,126.4
19.444166,-99.18638,36000101,,,,,,1.322773,3,39.9,2.0008,170,154.69,49.2,5.7,158.1
19.461111,-99.19305,30900199,0.006412805,0.04634997,0.001003191,0.001003191,0.001146051,8.454476,4,29.5,2.0992,178,86.33,24.9,2.9,126.4
19.42633,-99.20376,30900199,0.1827649,1.320974,0.02859095,0.02859095,0.03266244,0.05066751,4,29.5,2.0992,178,86.33,24.9,2.9,126.4
19.445833,-99.1725,30701201,,,,,,21.16437,4,48.4,2.5912,99.6,61.92,11.7,3.6,140.2
19.445833,-99.18888,30900199,,,,,,2.994294,4,29.5,2.0992,178,86.33,24.9,2.9,126.4
19.463333,-99.195,30199901,0.006412805,0.04634997,0.001003191,0.001003191,0.001146051,8.79198,4,46.1,2.0992,202,85.48,24.7,2.3,122.1
19.4375,-99.18333,30900199,0.4232451,3.059098,0.06621062,0.06621062,0.07563934,0.1173353,4,29.5,2.0992,178,86.33,24.9,2.9,126.4
19.45,-99.16666,30299901,0.3174656,1.269862,0.06349312,0.01587328,2.704807,0.03529159,3,49.1,1.8532,157,97.23,36,3.9,144.4
19.408333,-99.19166,40200101,,,,,,5.072296,3,29.5,1.968,80.6,119.73,39.4,7.6,170.3
19.442222,-99.21666,40200101,,,,,,2.254354,3,29.5,1.968,80.6,119.73,39.4,7.6,170.3
19.455555,-99.17222,10300502,0.373022,1.492088,0.4493274,0.2926582,15.85344,0.01877544,3,29.5,1.968,80.6,119.73,39.4,7.6,170.3
19.451388,-99.18888,10300502,0.1031763,0.4127052,0.682551,0.4727157,4.384993,0.005193208,3,29.5,1.968,80.6,119.73,39.4,7.6,170.3
19.43068,-99.09192,36000101,,,,,,49.20716,3,39.9,2.0008,170,154.69,49.2,5.7,158.1
19.43068,-99.09192,30899901,,,,,,1.170654,3,36.2,2.0008,148,104.05,33.1,4.5,146.3
19.43068,-99.09192,30899901,,,,,,11.15208,3,36.2,2.0008,148,104.05,33.1,4.5,146.3
19.451944,-99.12,30701201,3.128359,12.51343,3.768296,2.454385,132.9552,0.1574607,4,48.4,2.5912,99.6,61.92,11.7,3.6,140.2
19.43068,-99.09192,31400901,,,,,,4.20945,7,20.9,1.7056,291,37.7,16.5,0,24.9
19.43068,-99.09192,36000101,0.3847683,2.780998,0.06019147,0.06019147,0.06876304,0.1066684,3,39.9,2.0008,170,154.69,49.2,5.7,158.1
19.43068,-99.09192,30800101,0.09940381,0.7184632,1.692712,1.508224,0.01776474,0.02755749,3,35.3,2.0992,113,121.13,35,6.5,163.9
19.43068,-99.09192,36000101,5.235765,6.233054,0.4737121,0.4737121,0.03739832,15.11555,3,39.9,2.0008,80.6,123.75,39.4,7.9,175.3
19.43068,-99.09192,30201801,0.1904793,0.7619174,0.03809587,0.009523967,1.622884,0.02117495,3,44.4,1.9024,170,133.88,47.1,4.9,152.6
19.43068,-99.09192,30201801,0.396832,1.587328,0.07936639,0.0198416,3.381008,0.04411449,3,44.4,1.9024,170,133.88,47.1,4.9,152.6
19.45,-99.12027,30201901,0.1587328,0.6349311,1.137585,0.3949302,6.746143,0.00798955,3,34.9,1.804,112,86.1,33.7,4.7,147.6
19.433333,-99.11777,33000101,0.01587328,0.06349312,3.412755,0.9749594,0.1352403,0.001764579,4,36.6,2.9356,247,239.21,35.3,3.1,131
19.4375,-99.1075,32099901,,,,,,1.322773,4,24,1.7056,113,49.54,21.7,2.7,121
19.43068,-99.09192,32099901,0.3492121,3.841333,7.621819,5.231822,41.66799,57.27608,4,24,1.7056,113,49.54,21.7,2.7,121
19.43068,-99.09192,36000101,,,,,,1.841962,3,39.9,2.0008,170,154.69,49.2,5.7,158.1
19.423333,-99.12361,36000101,,,,,,279.1052,3,39.3,2.0008,102,200.27,63.7,11.5,196.7
19.423333,-99.12361,36000101,,,,,,279.1052,3,39.3,2.0008,80.6,206.25,65.6,13.2,205.4
19.423333,-99.12361,36000101,,,,,,279.1052,3,45.9,2.0008,122,226.88,72.2,11.6,199.5
19.408333,-99.08333,30799901,,,,,,1.190496,3,41,3.9032,145,323,27,14.3,211.2
19.43068,-99.09192,30701301,,,,,,31.78547,3,38.6,4.592,154,580.42,35,24.1,248.2
19.418055,-99.12361,30199901,0.9138247,6.604871,0.1429548,0.1429548,0.1633122,0.2533375,4,46.1,2.0992,202,85.48,24.7,2.3,122.1
19.434722,-99.11194,30500801,1.846888,13.34879,0.2889191,0.2889191,0.3300626,0.5120085,3,32.2,1.8532,141,117.31,43.5,5.3,152.9
19.43068,-99.09192,31301001,0.002560042,0.00304767,0.000231623,0.000231623,1.83E-05,1.963714,3,29.9,2.0008,109,200.27,63.7,11.1,191.5
19.43068,-99.09192,30700801,0.662048,2.648192,0.1324096,0.0331024,5.640649,36.84151,3,47.4,2.8864,136,209.04,31.9,9.8,189.8
19.43068,-99.09192,30701201,,,,,,3.409948,4,48.4,2.5912,99.6,61.92,11.7,3.6,140.2
19.43068,-99.09192,30701201,,,,,,72.44388,4,48.4,2.5912,99.6,61.92,11.7,3.6,140.2
19.43068,-99.09192,33000101,0.8515419,3.406168,3.477572,2.363464,7.255137,11.70036,4,36.6,2.9356,247,239.21,35.3,3.1,131
19.43068,-99.09192,30999901,0.01459154,0.1054636,0.002282636,0.002282636,0.002607695,58.18679,4,33.8,1.7056,156,81.31,35.6,3.3,132.5
19.43068,-99.09192,30800101,0.06349312,0.2539725,0.01269862,0.003174656,0.5409613,7.618686,3,35.3,2.0992,113,121.13,35,6.5,163.9
19.43068,-99.09192,30201801,0.06793366,0.4269753,15.15623,4.342526,0.177612,0.01553884,3,44.4,1.9024,170,133.88,47.1,4.9,152.6
19.43068,-99.09192,30701301,,,,,,1.481506,3,38.6,4.592,154,580.42,35,24.1,248.2
19.43068,-99.09192,36000101,,,,,,2.666711,3,39.9,2.0008,170,154.69,49.2,5.7,158.1
19.43068,-99.09192,30299901,0.1923841,1.390499,0.03009574,0.03009574,0.03438152,0.05333422,3,49.1,1.8532,157,97.23,36,3.9,144.4
19.43068,-99.09192,30701201,,,,,,7.245491,4,48.4,2.5912,99.6,61.92,11.7,3.6,140.2
19.43068,-99.09192,30701201,,,,,,2.541929,4,48.4,2.5912,99.6,61.92,11.7,3.6,140.2
19.433888,-99.10472,30200701,0.6468361,2.587344,0.7791529,0.5074818,27.49053,0.03255742,3,63.8,2.6896,138,249.9,44,11.6,204.7
19.428888,-99.1,30999901,6.488997,7.724996,0.5870997,0.5870997,0.04634997,46.06055,4,33.8,1.7056,156,81.31,35.6,3.3,132.5
19.422222,-99.125,31400901,0.03174656,0.1269862,4.55034,3.190353,0.2704807,0.003529159,7,20.9,1.7056,291,37.7,16.5,0,24.9
19.43068,-99.09192,31400901,,,,,,4.755643,7,20.9,1.7056,291,37.7,16.5,0,24.9
19.430555,-99.09305,30900199,,,,,,2.642024,4,29.5,2.0992,178,86.33,24.9,2.9,126.4
19.43068,-99.09192,30101401,,,,,,6.673391,4,27.9,2.6896,127,81.25,14.3,4,138.9
19.43068,-99.09192,30801001,,,,,,153.2213,4,29.3,0.6888,110,7.57,20.3,0.4,70
19.427777,-99.11333,30501001,0.1666694,0.6666777,0.03333389,0.008333472,1.420024,0.01852809,3,71.9,3.9524,119,506.05,41.2,26.4,265.7
19.424444,-99.09722,30701201,0.4761984,1.904794,3.298996,2.553916,20.23843,0.02396865,4,48.4,2.5912,99.6,61.92,11.7,3.6,140.2
19.405555,-99.12611,30900199,,,,,,31.88042,4,29.5,2.0992,178,86.33,24.9,2.9,126.4
19.434722,-99.09444,31299901,0.00793664,0.03174656,0.001587328,0.000396832,0.06762017,1.920916,4,30.5,1.9024,163,65.36,23,2.5,120.9
19.434722,-99.1,30999901,0.00793664,0.03174656,0.001587328,0.000396832,0.06762017,2.994294,4,33.8,1.7056,156,81.31,35.6,3.3,132.5
19.43068,-99.09192,30400701,0.07936639,0.3174656,0.09560158,0.0622677,3.373072,7.397666,3,39.3,2.6896,158,190.83,33.6,7.7,173.6
19.425,-99.08944,40200101,,,,,,1.761349,3,29.5,1.968,80.6,119.73,39.4,7.6,170.3
19.433333,-99.10416,30400701,1.928921,21.21813,12.79585,8.334257,230.1588,0.4938037,3,39.3,2.6896,158,190.83,33.6,7.7,173.6
19.43068,-99.09192,39999901,,,,,,1.780982,3,39.2,3.8048,194,253.59,22.3,7.4,171.7
25.170833,-106.4361,30302401,0.141669,0.566676,14.24153,4.271043,1.20702,0.01574887,3,40.2,3.2144,108,615.66,75.9,34.2,278
24.690176,-103.7008,30302401,0.001653466,0.006613866,0.2869315,0.08606293,0.01408753,0.00018381,3,40.2,3.2144,108,615.66,75.9,34.2,278
25.057777,-103.7325,30302401,,,1.884952,0.5654855,,,3,40.2,3.2144,108,615.66,75.9,34.2,278
23.966666,-104.5583,30302401,0.4410273,1.764109,25.1757,7.04655,3.757552,0.04902753,3,40.2,3.2144,108,615.66,75.9,34.2,278
23.96817,-104.8447,10200401,11.85287,111.417,142.9736,109.3001,1414.285,19.75489,2,55.7,4.264,671,765.33,53.6,88.9,382.5
23.96817,-104.8447,10200401,11.85287,111.417,142.9736,109.3001,1414.285,19.75489,2,34.7,4.264,624,835.12,58.5,85,370.7
23.96817,-104.8447,10200401,23.70575,222.834,285.9471,218.6001,2828.57,39.50979,2,65.6,7.544,588,2269.54,50.8,206.2,503.8
23.96817,-104.8447,31499901,0.004866861,0.03517632,0.000761351,0.000761351,0.000869771,52.29565,4,29.8,1.804,141,37.06,14.5,1.7,106.5
23.96817,-104.8447,31499901,0.000440924,0.002866009,0.000110231,0.000110231,0.000110231,4.299123,4,29.8,1.804,141,37.06,14.5,1.7,106.5
24.068333,-104.6086,31499901,0.004866861,0.03517632,0.000761351,0.000761351,0.000869771,3.726609,4,29.8,1.804,141,37.06,14.5,1.7,106.5
23.96817,-104.8447,30101801,0.1200681,0.4802725,42.46299,22.92305,1.02298,102.521,4,53.7,1.7056,191,68.95,30.2,2.1,120.9
24.032222,-104.6263,40400101,,,,,,15508.69,7,10.4,0.5248,68,0.59,2.7,0,31.1
24.068888,-104.6058,40600101,0.04761983,0.5238182,0.3158949,0.2057503,5.681999,1.726073,4,20,2.05,155,36.27,11,1.5,99.7
25.55,-103.4833,30201901,1.443579,17.18547,46.41817,25.66662,0.1031128,0.9452009,3,34.9,1.804,112,86.1,33.7,4.7,147.6
25.721861,-103.4882,10100404,90.84807,853.9718,500.4529,361.4354,10839.99,151.4135,2,214,14.76,359,10124.48,59.2,213,554.3
25.721861,-103.4882,10100404,90.84807,853.9718,500.4529,361.4354,10839.99,151.4135,2,210,14.76,379,10012.23,58.5,271.7,594.4
25.721861,-103.4882,10100201,10.44991,332.3468,9.021314,9.021314,0.7120929,6.528988,2,220,8.2,338,3568.28,67.6,52.2,373.2
25.566666,-103.4666,10100201,373.2205,1730.452,157.7958,157.7958,4.056505,75.72877,3,73.1,12.464,299,2941.48,24.1,8.1,186.6
25.721861,-103.4882,10100201,60.59404,242.3982,23.04932,23.04932,0.3365355,9.88773,1,16.4,10.824,914,9295.86,101,1768.6,995.4
25.721861,-103.4882,30899901,,,0.621042,0.3353627,,1.497159,3,36.2,2.0008,148,104.05,33.1,4.5,146.3
25.561944,-103.4616,30400701,0.08561087,0.03085954,2.508511,2.13469,0.2572716,0.3132382,3,39.3,2.6896,158,190.83,33.6,7.7,173.6
25.721861,-103.4882,30499901,8.002954,0.2500923,40.02558,27.38538,3.770142,26.25969,4,41.3,2.0992,242,124.87,36.1,1.8,112.7
25.716111,-103.6583,30101001,,,0.2138483,0.2094391,,2.257533,4,43,1.5088,185,28.44,15.9,0.9,92.5
25.743611,-103.3544,30302401,0.7816514,9.305374,25.20476,7.912371,0.05583225,0.5117956,3,40.2,3.2144,108,615.66,75.9,34.2,278
25.587777,-103.5313,40400101,,,,,,1307.146,7,10.4,0.5248,68,0.59,2.7,0,31.1
25.561944,-103.4616,30501501,0.3786729,4.508011,27.95826,8.313861,0.00405721,0.2479406,4,32.8,1.968,359,134.69,44.3,2.8,125.9
25.721861,-103.4882,30501501,0.238981,7.964528,18.18549,5.403088,0.002535315,0.1564179,4,32.8,1.968,359,134.69,44.3,2.8,125.9
25.920277,-105.9525,30302401,0.009623586,0.05744818,1.210992,0.3636276,0.03301124,0.002044966,3,40.2,3.2144,108,615.66,75.9,34.2,278
25.882777,-103.6186,30499901,,,17.80168,13.28062,,,4,41.3,2.0992,242,124.87,36.1,1.8,112.7
24.561388,-105.885,30302401,69.79494,325.5596,23.43449,22.74125,21.16363,25.66653,3,40.2,3.2144,108,615.66,75.9,34.2,278
24.525,-104.3088,30302401,0.0416872,0.1667488,1.78218,0.5238026,0.3551749,0.004634227,3,40.2,3.2144,108,615.66,75.9,34.2,278
24.105555,-105.925,30499901,0.06968237,0.2787295,3.380471,1.686752,2.156881,0.007746357,4,41.3,2.0992,242,124.87,36.1,1.8,112.7
24.962586,-105.6956,30302401,,,0.2411967,0.072359,,,3,40.2,3.2144,108,615.66,75.9,34.2,278
20.533714,-101.5345,40400101,0.08465748,0.3809587,0.02645546,0.02645546,0.024802,70.27872,7,10.4,0.5248,68,0.59,2.7,0,31.1
20.575808,-100.6205,30201901,7.782272,85.41239,60.55497,36.10919,925.5322,2.114822,3,34.9,1.804,112,86.1,33.7,4.7,147.6
20.575808,-100.6205,30199901,1.072769,4.291076,0.2145538,0.05363845,17.1528,0.05399605,4,46.1,2.0992,202,85.48,24.7,2.3,122.1
20.575808,-100.6205,30400201,0.2885762,2.085749,2.307714,2.188632,0.05157228,0.08000132,4,44.3,3.362,269,395.42,44.5,2.5,125.1
20.541791,-100.7911,31499901,0.3976637,2.259388,3.145955,2.936801,1.659911,0.0786122,4,29.8,1.804,141,37.06,14.5,1.7,106.5
20.541791,-100.7911,30199998,,,,,,204.117,6,9.84,0.164,104,2.43,114.8,0.1,45.3
20.541791,-100.7911,30199998,,,,,,204.117,2,48.5,1.64,982,381.08,180.4,80.4,368.3
20.541791,-100.7911,30199998,,,,,,204.117,5,49.2,0.2296,176,4.89,118.1,0.2,60.4
20.541791,-100.7911,30199998,,,,,,204.117,6,13.1,0.164,104,2.43,114.8,0.1,46.3
20.541791,-100.7911,30199998,,,,,,204.117,6,13.1,0.164,104,2.77,131.2,0.2,48.2
20.541791,-100.7911,10200602,1.940353,34.16576,1.755557,1.755557,0.1385966,26.80324,3,40,2.9848,536,201.97,28.9,15.1,214.8
20.541791,-100.7911,30199998,,,,,,204.117,3,64.9,0.4592,1328,10.86,65.6,3.4,143.4
20.541791,-100.7911,30199998,,,,,,204.117,5,65.6,0.164,104,2.84,134.5,0.2,64.6
20.541791,-100.7911,30199998,,,,,,204.117,5,65.6,0.164,104,3.33,157.4,0.2,67
20.541791,-100.7911,30199998,,,,,,204.117,6,49.2,0.164,176,3.33,157.4,0.1,54.9
20.541791,-100.7911,30199998,,,,,,204.117,6,49.2,0.164,176,2.7,127.9,0.1,52.2
20.541791,-100.7911,30199998,,,,,,204.117,6,19.6,0.0984,68,1.25,164,0.1,41.9
20.541791,-100.7911,30199998,,,,,,204.117,6,16.4,0.164,176,2.77,131.2,0.1,42.5
20.541791,-100.7911,30199998,,,,,,204.117,5,49.2,0.2296,176,6.11,147.6,0.2,63.9
20.541791,-100.7911,31399901,0.4046839,2.906371,34.15224,14.65341,0.1203185,0.1112341,4,37.3,1.7056,122,60.33,26.4,3.1,130.7
20.541791,-100.7911,30103301,0.001860859,0.01344977,0.000291105,0.000291105,0.000332559,94.07174,4,59.7,2.3452,333,133.04,30.8,1.7,116.8
20.541791,-100.7911,31400901,2.073557,14.98713,0.06422593,0.06480981,0.3705602,180.0783,3,24.6,1.9352,965,131.69,44.8,27.1,253.5
20.541791,-100.7911,31400901,2.073557,14.98713,0.06422593,0.06480981,0.3705602,180.0783,5,27.5,1.7384,280,109.54,46.1,0.3,65.2
20.541791,-100.7911,31400901,2.073557,14.98713,0.06422593,0.06422593,0.3705602,180.0783,4,36,1.4104,359,35.36,22.6,0.7,85.2
20.541791,-100.7911,31400901,,,0.3892481,0.3892481,,630.274,4,17.7,2.46,69.8,49.42,10.4,3.3,127.5
20.541791,-100.7911,31400901,,,0.3892481,0.3892481,,630.274,3,18,2.46,70.7,142.18,29.9,9.5,179
20.541791,-100.7911,30199901,0.05307627,0.2123051,0.01061525,0.002653814,0.4522099,36.68684,4,46.1,2.0992,202,85.48,24.7,2.3,122.1
20.541791,-100.7911,40400101,,,,,,240.4251,7,10.4,0.5248,68,0.59,2.7,0,31.1
20.541791,-100.7911,30103301,0.01398872,0.07548934,0.00253409,0.001059565,0.06870175,2.262298,4,59.7,2.3452,333,133.04,30.8,1.7,116.8
21.020902,-101.2343,30302401,0.1856048,1.10665,0.3073418,0.2051516,0.6400859,0.03937212,3,40.2,3.2144,108,615.66,75.9,34.2,278
21.020902,-101.2343,30302401,0.1452633,0.4125412,3.369717,1.861097,0.4023922,0.2817096,3,40.2,3.2144,108,615.66,75.9,34.2,278
20.70508,-101.3677,30500101,0.05291093,0.2116437,0.01058219,0.002645546,0.4508011,257.3358,4,36.1,2.7388,266,259.42,44,1.9,112.4
20.70508,-101.3677,30199901,2.606662,28.57047,26.00962,16.48442,307.7798,0.6678841,4,46.1,2.0992,202,85.48,24.7,2.3,122.1
20.70508,-101.3677,40400101,0.02733731,0.1275374,0.08598026,0.08598026,0.008267333,833.0024,7,10.4,0.5248,68,0.59,2.7,0,31.1
21.127356,-101.6064,30105001,0.08708724,0.363597,0.01721164,0.004635469,0.7025782,33.46561,7,36.2,0.1968,103,,2.2,0,23.8
21.127356,-101.6064,40400101,6.633267,29.8497,2.072896,2.072896,1.948445,444.0945,7,10.4,0.5248,68,0.59,2.7,0,31.1
21.127356,-101.6064,30103301,0.05291093,0.5820202,0.3509944,0.2286114,6.313332,0.01698441,4,59.7,2.3452,333,133.04,30.8,1.7,116.8
20.62223,-101.1656,10100401,208.7493,1963.172,1148.228,829.3625,24863.81,347.5409,2,167,12.726,305,12066.26,94.9,55.2,362.7
20.62223,-101.1656,10100404,208.7493,1963.172,1148.228,829.3625,24863.81,347.5409,2,167,12.726,302,13142.71,103.3,48.1,348.7
20.62223,-101.1656,10100404,208.7493,1963.172,1148.228,829.3625,24863.81,347.5409,2,211,8.856,329,4069.1,66.1,48.4,362.7
20.62223,-101.1656,10100404,208.7493,1963.172,1148.228,829.3625,24863.81,347.5409,6,163,11.152,290,9345.56,95.7,0,49.7
20.62223,-101.1656,30105001,0.5135217,6.113353,127.0937,125.6867,0.03668012,71.2166,7,36.2,0.1968,103,,2.2,0,23.8
20.62223,-101.1656,30600102,52.144,300.2741,32.72635,32.38896,951.1741,107.848,2,200,8.856,651,1190.02,19.3,131,476.9
20.62223,-101.1656,30600106,52.144,300.2741,32.72635,32.38896,951.1741,107.848,2,129,7.4784,829,345.77,7.9,56.8,354.2
20.62223,-101.1656,30600106,52.144,300.2741,32.72635,32.38896,951.1741,107.848,2,129,7.4784,755,648.33,14.8,91.9,408.9
20.62223,-101.1656,30600106,52.144,300.2741,32.72635,32.38896,951.1741,107.848,2,159,7.6424,827,646.98,14.1,105.9,436
20.62223,-101.1656,10200401,52.144,300.2741,32.72635,32.38896,951.1741,107.848,2,82,8.2,388,2407.72,45.6,71.9,365.6
20.62223,-101.1656,10200401,52.144,300.2741,32.72635,32.38896,951.1741,107.848,3,141,8.856,307,3050.81,49.5,15.8,248.5
20.62223,-101.1656,10200401,52.144,300.2741,32.72635,32.38896,951.1741,107.848,2,141,8.856,321,3071.02,49.9,29,294.7
20.62223,-101.1656,10200401,52.144,300.2741,32.72635,32.38896,951.1741,107.848,2,131,8.2,554,1351.09,25.6,108.8,430.9
20.62223,-101.1656,30609904,178.7794,1029.511,112.2046,111.0479,3261.168,369.7647,2,199,8.4952,878,1933.5,34.1,346.6,636
20.62223,-101.1656,30609904,178.7794,1029.511,112.2046,111.0479,3261.168,369.7647,2,252,6.888,984,735.78,19.7,155.7,517.4
20.62223,-101.1656,30600102,52.144,300.2741,32.72635,32.38896,951.1741,107.848,2,153,5.8712,723,417.36,15.4,55.1,358.3
20.62223,-101.1656,30600102,52.144,300.2741,32.72635,32.38896,951.1741,107.848,2,231,12.464,725,1680.84,13.8,222.9,567
20.62223,-101.1656,30600102,52.144,300.2741,32.72635,32.38896,951.1741,107.848,2,106,9.4792,595,486.1,6.9,45.2,324.1
20.62223,-101.1656,30600103,52.144,300.2741,32.72635,32.38896,951.1741,107.848,2,106,9.4792,1333,425.92,6,135.4,452.9
20.62223,-101.1656,30600103,52.144,300.2741,32.72635,32.38896,951.1741,107.848,2,228,9.2824,602,796.85,11.8,75.8,416.1
20.62223,-101.1656,30600103,52.144,300.2741,32.72635,32.38896,951.1741,107.848,2,99.9,7.6424,748,285.88,6.2,39.9,310.4
20.62223,-101.1656,30600103,52.144,300.2741,32.72635,32.38896,951.1741,107.848,3,100,5.412,516,336.52,14.6,23.2,264
20.62223,-101.1656,30600106,52.144,300.2741,32.72635,32.38896,951.1741,107.848,2,112,6.56,1104,1079.77,31.9,268,562.2
20.62223,-101.1656,40400101,0.02050298,0.09568059,0.006503635,0.006503635,0.006172942,23.15614,7,10.4,0.5248,68,0.59,2.7,0,31.1
20.62223,-101.1656,30107001,67.41875,14.06549,54.63706,23.5078,0.01269862,45.86231,2,49.2,3.0176,1412,220.5,30.8,75.4,361
20.62223,-101.1656,30103301,0.001947124,0.02318005,32.78449,17.70444,0.00013908,121.6303,4,59.7,2.3452,333,133.04,30.8,1.7,116.8
20.62223,-101.1656,30101301,,1084.689,,,,,2,114,2.9848,546,601.31,85.9,46.9,330.2
20.62223,-101.1656,30121004,,,,,177.8028,,2,55.7,2.9848,631,564.58,80.7,58.7,335.3
20.62223,-101.1656,30121007,,31.90261,,,,,3,55.7,2.9848,973,52.79,7.5,11,199.1
20.62223,-101.1656,10300601,70.31413,63.80523,2.19205,2.19205,,1.586352,2,68.8,7.38,973,1557.4,36.4,324.3,583.7
20.62223,-101.1656,10300601,70.31413,31.90261,2.19205,2.19205,,1.586352,2,39.3,4.756,977,442.85,24.9,92.8,382.7
20.62223,-101.1656,10300601,70.31413,31.90261,2.19205,2.19205,,1.586352,2,49.2,4.92,838,361.68,19,60.4,336.4
20.62223,-101.1656,10300601,70.31413,31.90261,2.19205,2.19205,,1.586352,2,45.9,8.036,721,2911.26,57.4,382.6,608.5
20.206993,-100.9168,30103501,0.2969626,1.18785,0.05939252,0.01484813,2.530121,0.0221893,3,82.3,2.296,185,166.36,40.2,5.3,168.1
20.921366,-101.7886,30101401,9.447577,,,,,9.447599,4,27.9,2.6896,127,81.25,14.3,4,138.9
20.921366,-101.7886,30107001,1.095807,9.48693,4.988387,3.347244,71.07757,0.2606701,4,43.2,1.6564,158,34.81,16.2,1.4,104.8
21.004475,-100.3871,30199901,0.2252021,0.9281459,3.748409,1.599012,1.847584,0.01322773,4,46.1,2.0992,202,85.48,24.7,2.3,122.1
21.004475,-100.3871,30199901,0.2252021,0.9281459,2.701324,1.446292,1.847584,0.01322773,4,46.1,2.0992,202,85.48,24.7,2.3,122.1
21.004475,-100.3871,30302401,3.198576,19.46229,11.60926,8.130341,86.29809,1.096141,3,40.2,3.2144,108,615.66,75.9,34.2,278
20.541922,-100.9943,30103501,0.1828178,2.176403,22.66586,9.808456,0.01305842,0.1197022,3,82.3,2.296,185,166.36,40.2,5.3,168.1
16.957411,-99.71648,30500601,1.667554,15.67501,41.46629,33.42288,29.84588,2.779271,3,157,2.0992,71.6,72.43,20.9,4.8,186.2
16.957411,-99.71648,10100201,12.26277,49.05107,2.452554,0.6131384,104.4788,0.6172261,2,32.8,13.612,710,3484.42,23.9,446.2,635.8
16.957411,-99.71648,40400101,0.03527395,0.1587328,0.01102311,0.01102311,0.01036172,414.9063,7,10.4,0.5248,68,0.59,2.7,0,31.1
18.225578,-99.58221,40400101,0.01366866,0.006371357,0.004299013,0.004299013,0.004188782,78.51376,7,10.4,0.5248,68,0.59,2.7,0,31.1
18.518069,-99.59607,30302401,0.01220655,0.04882621,17.21393,5.164056,0.1039998,0.001356962,3,40.2,3.2144,108,615.66,75.9,34.2,278
18.022886,-101.8545,10100404,288.6108,2709.943,1586.917,1146.045,34375.52,480.1206,2,393,19.68,296,19655.31,64.6,36,390.1
18.022886,-101.8545,10100404,288.6108,2709.943,1586.917,1146.045,34375.52,480.1206,2,393,19.68,264,22049.86,72.5,174.8,577.7
18.022886,-101.8545,10100404,288.6108,2709.943,1586.917,1146.045,34375.52,480.1206,2,393,19.68,293,20653.04,67.9,18.9,337.9
18.022886,-101.8545,10100404,288.6108,2709.943,1586.917,1146.045,34375.52,480.1206,2,393,19.68,314,18258.48,60,133.6,538.5
18.022886,-101.8545,10100404,288.6108,2709.943,1586.917,1146.045,34375.52,480.1206,2,393,19.68,264,18956.89,62.3,150.3,555.2
18.022886,-101.8545,10100404,288.6108,2709.943,1586.917,1146.045,34375.52,480.1206,2,393,19.68,287,23945.55,78.7,21.9,348.9
17.801601,-99.61007,30302401,,3.009309,20.06206,10.03103,,,3,40.2,3.2144,108,615.66,75.9,34.2,278
20.158333,-98.20277,33000101,0.7995349,3.715569,0.5256736,0.4122569,4.536717,0.06856491,4,36.6,2.9356,247,239.21,35.3,3.1,131
20.159722,-98.205,33000101,0.1587328,1.746061,1.001805,0.6526248,17.94315,0.04063559,4,36.6,2.9356,247,239.21,35.3,3.1,131
20.066666,-99.21666,30107001,0.3174656,2.0988,0.3813996,0.2491223,14.19115,0.01543235,4,43.2,1.6564,158,34.81,16.2,1.4,104.8
20.066666,-99.21666,30199901,1.333796,1.58843,0.1201519,0.1201519,0.009920799,0.1752675,4,46.1,2.0992,202,85.48,24.7,2.3,122.1
20.053333,-99.26305,30899901,0.2645546,3.545032,7.734035,1.937091,2.020536,0.01653467,3,36.2,2.0008,148,104.05,33.1,4.5,146.3
20.033333,-99.25,30201901,18.66698,22.22259,5.444843,2.627898,0.1333355,14.7562,3,34.9,1.804,112,86.1,33.7,4.7,147.6
20.066666,-99.21666,30199901,0.7216223,0.8590742,19.97226,5.042031,0.005154445,0.09449816,4,46.1,2.0992,202,85.48,24.7,2.3,122.1
20.066666,-99.21666,30203201,3.107661,3.699596,0.2811693,0.2811693,0.02219758,0.4069556,5,40.2,1.2136,316,28.34,24.5,0.2,62
19.991944,-99.2,30400301,,,8.453844,2.113461,,,3,43.6,3.4112,179,468.83,51.3,15.9,219.1
19.973655,-99.22524,30500606,28.26142,305.6345,210.3017,148.6901,470.1413,7.167593,2,167,11.48,222,7129.62,68.9,147.8,483.9
19.973655,-99.22524,30500610,,,18.55603,13.11971,,,3,49.2,4.264,150,546.13,38.2,23.3,249
19.973655,-99.22524,30500606,28.26142,305.6345,210.3017,148.6901,470.1413,7.167593,2,268,9.02,203,5669.49,88.7,150.4,517.2
19.973655,-99.22524,30500614,,,37.11206,26.23942,,,2,49.8,11.48,194,1643.21,15.9,48.1,313
19.973655,-99.22524,30500606,28.26142,305.6345,210.3017,148.6901,470.1413,7.167593,3,167,11.48,320,1938.58,18.7,17.7,264.5
19.973655,-99.22524,30500617,,,18.55603,13.11971,,,2,59,6.56,195,2008.77,59.4,58.2,335.3
19.973655,-99.22524,30500611,,,18.55603,13.11971,,,3,48.5,4.92,142,480.16,25.3,21.7,243.1
19.973655,-99.22524,30500618,,,18.55603,13.11971,,,3,24.6,2.624,65,433.15,80.1,29.7,261.2
19.973655,-99.22524,30501601,47.58456,56.64997,231.0147,60.98125,0.343921,6.234671,4,91.8,1.968,266,112.74,37.1,0.8,104.8
19.973655,-99.22524,30501601,1.269862,31.96702,34.8661,11.93334,91.6748,0.3251818,3,60.1,3.8048,190,421.22,37,12.8,210.1
20.018888,-99.23777,30501601,4.465683,49.12251,162.0865,67.86444,79.92681,1.143207,3,60.1,3.8048,190,421.22,37,12.8,210.1
20.016666,-99.21805,30501601,1.446232,15.91406,29.29888,10.98963,27.20504,0.3703765,3,60.1,3.8048,190,421.22,37,12.8,210.1
20,-99.21666,30501101,,,9.898753,2.474688,,,3,32.8,1.968,80.6,89.8,29.5,5.7,156.6
19.977515,-98.28053,33000101,0.1486096,1.427786,0.7572659,0.4909466,13.70922,0.03196652,4,36.6,2.9356,247,239.21,35.3,3.1,131
20.385277,-99.68444,30500610,,,11.64839,3.661905,,,3,58.3,4.592,181,733.33,44.3,24.4,255.2
20.385277,-99.68444,10200402,20.26861,222.9534,40.76936,12.81667,400.9539,5.188578,3,25.5,1.968,381,349.8,115,9.7,182.5
20.385277,-99.68444,10200402,20.26861,222.9534,40.76936,12.81667,400.9539,5.188578,3,25.5,1.968,375,497.47,163.5,12.9,199.8
20.385277,-99.68444,10200402,20.26861,222.9534,40.76936,12.81667,400.9539,5.188578,3,25.5,1.968,460,341.22,112.2,17.7,221.2
20.385277,-99.68444,30500614,,,11.64839,3.661905,,,3,15.7,7.052,156,436.86,11.2,17.8,218.8
20.385277,-99.68444,30500614,,,11.64839,3.661905,,,4,15.7,7.052,278,516.29,13.2,1.9,106
20.385277,-99.68444,30500610,,,11.64839,3.661905,,,2,33.4,8.364,212,2391.46,43.5,56.9,325.1
20.385277,-99.68444,30500617,,,11.64839,3.661905,,,3,47.8,3.608,167,261.91,25.6,9.8,190
20.385277,-99.68444,30500617,,,11.64839,3.661905,,,3,47.2,2.624,183,377.98,69.9,12.3,203.6
20.385277,-99.68444,30500617,,,11.64839,3.661905,,,3,47.8,3.608,212,276.66,27.1,6.6,168
20.385277,-99.68444,30500606,20.26861,222.9534,101.9234,32.04167,257.7561,5.188578,2,133,7.872,174,1724.08,35.4,61,362.9
20.385277,-99.68444,30500606,20.26861,222.9534,101.9234,32.04167,257.7561,5.188578,2,133,7.872,174,1724.08,35.4,61,362.9
20.967777,-98.74361,30302411,1020.156,124.8751,92.0107,26.03174,2915.028,5.845335,3,252,11.316,280,3150.31,31.3,9.6,250.9
20.967777,-98.74361,30302411,56.67532,6.937505,5.111706,1.446208,161.946,0.3247408,2,61.1,10.168,422,1502.15,18.5,60.5,340.1
20.967777,-98.74361,30302411,56.67532,6.937505,5.111706,1.446208,161.946,0.3247408,2,59.2,10.168,370,1941.61,23.9,47.4,314.4
20.116666,-98.73333,30302401,0.2226668,1.155222,8.495731,2.143223,0.7120929,0.02645546,3,40.2,3.2144,108,615.66,75.9,34.2,278
20.107846,-98.77043,30400701,0.05612968,0.3306933,1.785744,0.6305076,,0.009355314,3,39.3,2.6896,158,190.83,33.6,7.7,173.6
20.1225,-98.73583,40400101,,,,,,457.9121,7,10.4,0.5248,68,0.59,2.7,0,31.1
20.116666,-98.73333,31299901,0.002783538,0.01652726,0.000521913,0.000521913,3.62E-07,70.48551,4,30.5,1.9024,163,65.36,23,2.5,120.9
20.107846,-98.77043,30500801,0.6170769,0.7346153,1.985647,0.5382847,0.004407692,0.08080769,3,32.2,1.8532,141,117.31,43.5,5.3,152.9
20.131944,-98.75027,10300403,0.4107211,4.517932,2.592171,1.688667,46.42791,0.1051446,4,24.9,0.5904,132,13.95,51,0.7,79.3
20.316666,-99.18333,30501603,11.68174,128.4991,110.2305,61.1153,198.0737,3.211611,3,98.4,1.64,910,152.43,72.2,28.8,281.1
20.316666,-99.18333,30501603,11.68174,128.4991,110.2305,61.1153,198.0737,3.211611,3,98.4,1.476,914,123.47,72.2,23.5,264.5
20.316666,-99.18333,30501603,11.68174,128.4991,110.2305,61.1153,198.0737,3.211611,3,98.4,1.0824,915,63.38,68.9,12.1,217.9
20.316666,-99.18333,30501603,11.68174,128.4991,110.2305,61.1153,198.0737,3.211611,3,98.4,1.476,901,129.08,75.4,24,266.4
20.316666,-99.18333,30501609,,,6.249001,3.464644,,,3,78.7,2.3288,644,44.71,10.5,4.8,162.4
20.316666,-99.18333,10200402,5.191885,57.11073,49.68568,27.54731,88.03276,1.427383,3,98.4,2.952,1004,105.51,15.4,23,262.8
20.05588,-98.71307,30200701,0.2380992,2.619091,1.502708,0.9789371,26.91473,0.06095339,3,63.8,2.6896,138,249.9,44,11.6,204.7
20.033333,-98.35,32099901,2.031462,11.71051,0.3411168,0.329688,0.6493443,0.3297185,4,24,1.7056,113,49.54,21.7,2.7,121
19.755277,-98.56055,31400901,0.3097494,0.3692742,2.081604,0.5410694,0.002204622,16.22051,7,20.9,1.7056,291,37.7,16.5,0,24.9
19.75,-98.53333,31400901,0.5004492,1.843064,0.07002982,0.04809659,0.004409244,4.936149,7,20.9,1.7056,291,37.7,16.5,0,24.9
19.758333,-98.59166,31299901,0.06283173,0.3692742,0.07969709,0.0281916,6.55E-06,21.49396,4,30.5,1.9024,163,65.36,23,2.5,120.9
19.75,-98.53333,31400901,1.420879,1.692047,5.806533,1.548361,0.01102311,15.2648,7,20.9,1.7056,291,37.7,16.5,0,24.9
19.75,-98.53333,31499901,0.05070631,0.06172942,0.7772395,0.1967901,,17.51241,4,29.8,1.804,141,37.06,14.5,1.7,106.5
19.9,-99.33333,33000101,3.076513,3.662516,0.2783512,0.2783512,0.02197509,0.4028767,4,36.6,2.9356,247,239.21,35.3,3.1,131
19.903888,-99.43444,33000101,6.723664,8.004362,0.6083315,0.6083315,0.04802617,0.8694567,4,36.6,2.9356,247,239.21,35.3,3.1,131
19.9,-99.33333,30202101,16.61902,19.78455,1.503626,1.503626,0.1187073,2.176301,3,14.9,2.1976,82.2,246.46,65,15.6,209.2
19.903182,-99.36366,33000101,3.165837,4.370663,0.3527395,0.3527395,1.846371,1.66449,4,36.6,2.9356,247,239.21,35.3,3.1,131
19.925555,-99.31722,30501501,,,71.52896,17.88224,,,4,32.8,1.968,359,134.69,44.3,2.8,125.9
19.925,-99.25833,30499901,0.3417164,2.000695,0.1603862,0.08225996,6.55E-06,0.05621786,4,41.3,2.0992,242,124.87,36.1,1.8,112.7
19.929444,-99.33944,31400901,135.1874,,11.48608,10.73651,1.113334,,7,20.9,1.7056,291,37.7,16.5,0,24.9
19.841666,-98.98333,30599901,2.658774,4.242795,1.741321,0.5312312,0.03306933,0.2678616,3,55.8,2.296,211,223.94,54.1,5.4,160.6
19.850177,-98.96149,30199901,1.428595,6.549932,12.90916,3.918164,63.85798,21.40137,4,46.1,2.0992,202,85.48,24.7,2.3,122.1
19.815,-98.97388,30800801,0.1102311,1.214747,1.286507,0.6013382,12.48588,8.626686,4,25.5,1.7056,128,81.09,35.5,4,137.8
19.833333,-98.98333,30400201,0.0198416,0.148812,0.09347598,0.05313139,1.564179,0.03306933,4,44.3,3.362,269,395.42,44.5,2.5,125.1
19.819444,-98.97388,30101401,0.02314853,0.09038951,1.201519,0.6635912,0.1929044,6.686619,4,27.9,2.6896,127,81.25,14.3,4,138.9
19.833333,-98.98333,30102601,0.2711685,1.081367,15.25554,3.789084,4.889852,0.01322773,4,47.9,2.0008,190,81.68,26,2.5,125.6
19.833333,-98.98333,30107001,1.080265,4.319957,31.44452,8.147732,30.66629,0.04409244,4,43.2,1.6564,158,34.81,16.2,1.4,104.8
19.819166,-98.97361,30400701,0.4442313,2.619091,2.655026,0.7232814,,2.893566,3,39.3,2.6896,158,190.83,33.6,7.7,173.6
19.819722,-98.97416,30199901,0.2171553,1.277578,0.03858089,0.03858089,,0.03527395,4,46.1,2.0992,202,85.48,24.7,2.3,122.1
19.818888,-98.97333,50100501,0.02314853,0.1366866,0.004409244,0.004409244,,48.20626,3,39.3,1.476,1250,67.35,39.4,19.7,233.2
19.850177,-98.96149,30700801,320.0053,380.9587,28.95286,28.95286,2.285752,41.90546,3,47.4,2.8864,136,209.04,31.9,9.8,189.8
19.823333,-98.97333,30107001,0.198416,0.7936639,0.0396832,0.009920799,1.690504,0.01000017,4,43.2,1.6564,158,34.81,16.2,1.4,104.8
19.866944,-98.93444,30299901,0.2336547,1.387325,0.04381025,0.04381025,3.04E-05,0.03650854,3,49.1,1.8532,157,97.23,36,3.9,144.4
19.813055,-98.97222,33000101,27.92237,33.24091,2.526309,2.526309,0.1994455,3.656501,4,36.6,2.9356,247,239.21,35.3,3.1,131
19.814722,-98.97388,33000101,1.334678,12.10999,5.313029,3.494326,93.45404,3.223157,4,36.6,2.9356,247,239.21,35.3,3.1,131
19.833333,-98.98333,40600101,0.148812,1.636932,0.9391924,0.6118357,16.82171,0.03809587,4,20,2.05,155,36.27,11,1.5,99.7
19.815,-98.97388,30201801,0.3226809,3.355674,1.802079,1.176464,32.14816,0.07878742,3,44.4,1.9024,170,133.88,47.1,4.9,152.6
19.819444,-98.97388,30504001,,,14.12415,3.531039,,,3,33.9,3.7064,143,439.18,40.7,19.7,231.5
19.850177,-98.96149,30203201,2.265992,2.69761,0.2050183,0.2050183,0.01618566,0.296737,5,40.2,1.2136,316,28.34,24.5,0.2,62
19.850177,-98.96149,30701201,0.5689027,0.6772599,0.1167105,0.06778607,0.004078551,25.45545,4,48.4,2.5912,99.6,61.92,11.7,3.6,140.2
19.834444,-98.97555,30203001,0.5256921,2.102879,0.1051605,0.026235,4.479131,0.02645546,3,58.4,3.2964,205,392.46,46,10.2,195.2
19.966666,-98.91666,31399901,58.19761,0.1201519,5.575489,1.395526,0.2866009,5.511555,4,37.3,1.7056,122,60.33,26.4,3.1,130.7
20.065388,-99.37093,40400101,0.02733731,0.1275374,0.08598026,0.08598026,0.008267333,395.407,7,10.4,0.5248,68,0.59,2.7,0,31.1
19.9875,-99.32916,30500610,,,11.83123,9.699871,,,3,18,3.4768,142,410.43,43.2,18.5,222.2
19.9875,-99.32916,30500617,,,11.83123,9.699871,,,3,72.1,5.576,212,406.89,16.7,9.7,196.5
19.9875,-99.32916,10200402,9.096546,74.14651,47.32492,38.79948,109.4484,1.99838,4,23.6,1.968,342,144.17,47.4,2.3,115.1
19.9875,-99.32916,30500606,38.66032,315.1227,189.2997,155.1979,465.1555,8.493114,3,197,8.528,281,1929.72,33.8,5.3,202.8
19.9875,-99.32916,30500623,9.096546,74.14651,47.32492,38.79948,109.4484,1.99838,3,33.1,7.872,238,1483.03,30.5,23.5,244.7
19.9875,-99.32916,30500623,9.096546,74.14651,47.32492,38.79948,109.4484,1.99838,2,111,9.9056,258,5062.98,65.7,49.4,334.3
19.9875,-99.32916,30500606,38.66032,315.1227,189.2997,155.1979,465.1555,8.493114,2,232,14.76,320,6235.2,36.4,57,386
19.9875,-99.32916,30500606,38.66032,315.1227,189.2997,155.1979,465.1555,8.493114,2,108,10.332,340,2689.5,32.1,41,315.3
19.9875,-99.32916,30500606,38.66032,315.1227,189.2997,155.1979,465.1555,8.493114,3,67.7,14.76,306,6409.18,37.5,31.3,278.6
19.9875,-99.32916,30500617,,,11.83123,9.699871,,,3,30.8,1.7056,113,133.24,58.3,7.2,167.5
19.9875,-99.32916,30500617,,,11.83123,9.699871,,,2,75.2,6.232,165,2089.05,68.5,79.6,375.3
20.065388,-99.37093,30600102,95.33312,644.902,0.9390872,0.661112,21.70418,62.05284,2,213,9.02,599,1366.55,21.4,128.8,478.5
20.065388,-99.37093,30600103,131.1389,887.118,71.79554,50.54365,1659.338,85.35899,2,248,10.66,698,319.08,3.6,39.7,355
20.065388,-99.37093,30600103,29.9983,202.9301,71.79554,50.54365,1659.338,19.52605,2,101,5.9696,690,311.21,11.1,38,306
20.065388,-99.37093,30600103,24.93655,168.6888,71.79554,50.54365,1659.338,16.23133,3,114,4.3952,626,54.74,3.6,5.6,180.3
20.065388,-99.37093,30600103,43.9415,297.252,71.79554,50.54365,1659.338,28.60176,3,127,6.9864,512,41.49,1.1,2.8,154.3
20.065388,-99.37093,30600103,29.82815,201.7792,71.79554,50.54365,1659.338,19.41531,3,108,5.576,591,234.68,9.6,21.5,260.8
20.065388,-99.37093,30600103,35.79379,242.135,71.79554,50.54365,1659.338,23.29837,2,111,6.4944,722,292.28,8.8,38.5,310.4
20.065388,-99.37093,30600103,23.13942,156.5317,71.79554,50.54365,1659.338,15.06157,3,111,4.1984,536,82.64,6,6.2,184.3
20.065388,-99.37093,30600103,28.95086,195.8445,71.79554,50.54365,1659.338,18.84427,3,108,5.412,455,136.57,5.9,6.9,188.6
20.065388,-99.37093,30600103,106.1478,718.0605,71.79554,50.54365,1659.338,69.09219,2,203,10.561,629,724.14,8.3,74.8,407
20.065388,-99.37093,30600103,103.5106,700.2205,71.79554,50.54365,1659.338,67.37561,2,203,10.299,635,737.79,8.9,77.6,411.2
20.065388,-99.37093,30600102,95.33312,644.902,0.9938193,0.6996431,22.96914,62.05284,2,213,9.02,593,1446.19,22.6,133.6,483.6
20.065388,-99.37093,30600103,106.1478,718.0605,71.79554,50.54365,1659.338,69.09219,2,203,10.561,543,295.98,3.4,22.8,294.2
20.065388,-99.37093,30600103,106.1478,718.0605,71.79554,50.54365,1659.338,69.09219,2,203,10.561,554,471.27,5.4,37.9,337
20.065388,-99.37093,30600103,28.75413,194.5137,71.79554,50.54365,1659.338,18.71622,3,104,5.5432,516,77.57,3.2,5.3,174.9
20.065388,-99.37093,30600106,50.24529,339.8954,71.79554,50.54365,1659.338,32.70493,3,177,5.74,435,35.65,1.4,1.6,149.3
20.065388,-99.37093,30600106,30.56296,206.7499,71.79554,50.54365,1659.338,19.89359,3,114,5.3792,633,175.17,7.7,18.3,250.6
20.065388,-99.37093,30600106,24.04037,162.6265,71.79554,50.54365,1659.338,15.64801,3,114,4.2312,602,124.99,8.9,11.9,221.7
20.065388,-99.37093,30600106,30.56296,206.7499,71.79554,50.54365,1659.338,19.89359,3,114,5.3792,617,34.29,1.5,3.4,158.1
20.065388,-99.37093,30600106,24.04037,162.6265,71.79554,50.54365,1659.338,15.64801,2,114,4.2312,716,728.7,51.8,94.7,408
20.065388,-99.37093,30600106,29.51445,199.6571,71.79554,50.54365,1659.338,19.21112,3,104,5.74,590,124.77,4.8,11.4,216.1
20.065388,-99.37093,30600106,29.3458,198.5162,71.79554,50.54365,1659.338,19.10134,3,104,5.7072,568,155.23,6.1,13.2,225
20.065388,-99.37093,30600102,162.1806,1097.107,0.9607182,0.6763401,22.20411,105.5642,2,241,13.612,612,2109.74,14.5,207.1,558
20.065388,-99.37093,30600106,31.45514,212.7853,71.79554,50.54365,1659.338,20.47432,3,111,5.7072,716,169.5,6.6,22,263.4
20.065388,-99.37093,30600106,31.63592,214.0082,71.79554,50.54365,1659.338,20.59199,3,111,5.74,581,165.51,6.4,14.7,234.4
20.065388,-99.37093,30600106,32.38987,219.1084,71.79554,50.54365,1659.338,21.08274,3,139,4.6904,559,108.81,6.3,8.9,212.2
20.065388,-99.37093,30600106,26.70178,180.6301,71.79554,50.54365,1659.338,17.38033,3,122,4.428,532,56.07,3.6,4.1,168.7
20.065388,-99.37093,30600106,81.7754,553.1879,71.79554,50.54365,1659.338,53.22805,3,219,7.544,465,55.71,1.2,3,184.5
20.065388,-99.37093,30600106,72.96201,493.5677,71.79554,50.54365,1659.338,47.49136,3,163,9.02,613,115.28,1.8,11.4,233.7
20.065388,-99.37093,30609904,72.96201,493.5677,1161.703,817.8266,17257.12,47.49136,3,163,9.02,613,60.78,1,6,198.4
20.065388,-99.37093,30609904,61.02277,412.8021,1120.01,788.481,17257.12,39.72005,3,163,7.544,804,92.36,2.1,14.5,249.3
20.065388,-99.37093,30609904,61.02277,412.8021,1120.01,788.481,17257.12,39.72005,3,163,7.544,811,65.97,1.5,10.5,228.9
20.065388,-99.37093,30609904,31.58275,213.6485,1120.01,788.481,17257.12,20.55738,2,108,5.904,984,159.84,5.8,33.8,297.8
20.065388,-99.37093,30600102,31.71514,214.5441,0.05191429,0.03654736,1.199843,20.64356,3,110,5.8056,652,48.62,1.8,5.4,176.9
20.065388,-99.37093,30609904,31.58275,213.6485,1120.01,788.481,17257.12,20.55738,3,108,5.904,991,124.82,4.6,26.7,277.6
20.065388,-99.37093,10200401,55.60558,376.1563,266.6692,187.7336,13290.06,36.19397,2,101,11.119,314,4309.32,44.4,31.5,289.5
20.065388,-99.37093,10200401,55.60558,376.1563,266.6692,187.7336,12326.51,36.19397,3,101,11.119,307,4089.55,42.1,21.2,257.4
20.065388,-99.37093,10200401,54.0735,365.7922,266.6692,187.7336,12326.51,35.19673,3,98.4,11.119,303,5162.9,53.2,20.5,254
20.065388,-99.37093,10200401,52.11686,352.5561,266.6692,187.7336,12326.51,33.92314,3,95.1,11.086,329,2051.73,21.3,24.4,266.5
20.065388,-99.37093,10200401,90.92004,615.0488,266.6692,187.7336,12326.51,59.18034,1,147,12.464,730,5782.91,47.4,775.8,797.3
20.065388,-99.37093,10200401,95.70531,647.4198,266.6692,187.7336,12326.51,62.2951,2,147,13.12,336,6194.8,45.8,86.9,407.5
20.065388,-99.37093,10200401,90.92004,615.0488,266.6692,187.7336,12326.51,59.18034,2,147,12.464,320,7155.59,58.6,65.5,374.9
20.065388,-99.37093,30600102,60.53361,409.493,0.8521549,0.5999122,19.695,39.40165,2,180,6.7896,618,933.41,25.8,93.4,426.4
20.065388,-99.37093,30600102,32.00385,216.4972,0.05254279,0.03698983,1.214369,20.83148,3,112,5.7728,614,48.93,1.9,4.8,172.6
20.065388,-99.37093,30600102,119.8842,810.9832,0.3029695,0.2132888,7.00223,78.03326,2,237,10.2,575,498.59,6.1,43.3,359.9
20.065388,-99.37093,30600102,47.54905,321.6562,0.6075261,0.4276949,14.04114,30.94994,2,158,6.068,718,594.73,20.6,77.6,397.5
20.065388,-99.37093,30600102,47.98185,324.5839,0.4505576,0.31719,10.41328,31.23165,2,159,6.068,596,441.07,15.3,41.2,331.2
20.05,-99.35,30199901,49.92786,139.6802,4.517601,4.517601,0.3564874,6.537807,4,46.1,2.0992,202,85.48,24.7,2.3,122.1
20.05,-99.35,20100209,257.8337,721.3206,23.32781,23.32781,1.84167,33.76394,2,84.9,16.564,257,10601.93,49.2,106.7,414.3
20.05,-99.35,20100209,257.8337,721.3206,23.32781,23.32781,1.84167,33.76394,3,84.9,16.564,287,8481.55,39.4,7.8,188
20.05,-99.35,20100209,257.8337,721.3206,23.32781,23.32781,1.84167,33.76394,2,84.9,16.564,264,9259.02,43,73.4,368.8
20.05,-99.35,20100209,257.8337,721.3206,23.32781,23.32781,1.84167,33.76394,2,84.9,16.564,237,8410.87,39,135.9,447
20.05,-99.35,10100404,389.4937,3030.047,1549.929,1121.246,33222.33,73.64886,2,213,11.25,368,9018.86,90.7,214.5,555.2
20.05,-99.35,10100401,389.4937,3030.047,1549.929,1121.246,33222.33,73.64886,2,213,11.25,342,8868.87,89.2,140.6,490.8
20.05,-99.35,10100401,389.4937,3030.047,1549.929,1121.246,33222.33,73.64886,1,213,17.482,357,20266.28,84.4,414,675.3
20.05,-99.35,10100404,389.4937,3030.047,1549.929,1121.246,33222.33,73.64886,2,213,17.482,333,22344.87,93.1,292.9,608.8
20.05,-99.35,10100404,389.4937,3030.047,1549.929,1121.246,33222.33,73.64886,2,213,17.384,316,21237.69,89.5,168.4,517.1
20.121191,-98.35023,30503501,0.3086471,1.259941,0.06062711,0.01653467,2.511065,0.01653467,4,41.4,2.6564,208,125.59,22.7,3.1,132.5
20.083333,-98.36666,30203001,0.2384378,0.9544073,0.04768333,0.01196845,2.028605,0.01205311,3,58.4,3.2964,205,392.46,46,10.2,195.2
20.083333,-98.36666,30203001,0.2285752,0.9143009,0.04571504,0.01142876,1.947461,0.01152019,3,58.4,3.2964,205,392.46,46,10.2,195.2
20.083333,-98.36666,33000101,3.698474,40.04034,22.56443,14.70787,403.721,0.9341425,4,36.6,2.9356,247,239.21,35.3,3.1,131
20.09,-98.36777,30799901,,,24.14338,6.035844,,,3,41,3.9032,145,323,27,14.3,211.2
20.083333,-98.36666,33000101,1.13758,12.51338,7.18094,4.677125,128.5921,0.2912206,4,36.6,2.9356,247,239.21,35.3,3.1,131
20.825,-99.36666,30302401,,,64.43008,18.80543,6.55E-06,,3,40.2,3.2144,108,615.66,75.9,34.2,278
20.770496,-102.9105,30201901,2.520472,77.20483,2.280427,2.280427,0.1800337,38.40268,3,34.9,1.804,112,86.1,33.7,4.7,147.6
20.42602,-103.6089,10201101,46.58665,13.46802,59.91917,24.90434,14.0684,21.15172,3,246,8.2,262,658.23,12.5,5.6,220.6
20.42602,-103.6089,10201101,120.6349,34.87508,155.1591,64.48914,36.42975,54.77182,3,183,6.56,260,1363.57,40.3,12.5,245.7
20.42602,-103.6089,10201101,159.8658,46.21658,205.6174,85.46123,48.27682,72.58379,3,82,6.56,260,1807,53.5,16.5,233.6
20.42602,-103.6089,10201101,113.9195,37.56736,150.3322,63.61144,119.8869,51.37856,3,98.4,6.396,356,853.62,26.6,17.2,241.3
20.42602,-103.6089,10201101,156.7845,51.70299,206.8983,87.54679,164.9972,70.71099,2,246,9.02,347,1739.62,27.2,30.2,330.1
20.42602,-103.6089,10201101,143.6716,47.37874,189.5941,80.2247,151.1974,64.79698,2,98.4,7.9704,365,1374.68,27.6,31.4,288.5
20.42602,-103.6089,10201101,112.547,37.11474,148.521,62.84504,118.4425,50.75954,3,98.4,6.396,365,864.16,26.9,19.8,251.4
19.742626,-104.3145,10201101,97.94186,28.17845,125.8596,52.27817,27.06475,44.47863,3,98.4,6.396,356,853.62,26.6,17.2,241.3
19.742626,-104.3145,10201101,134.7949,38.78127,173.2174,71.9491,37.24852,61.21479,2,246,9.02,347,1739.62,27.2,30.2,330.1
19.742626,-104.3145,10201101,123.5211,35.53775,158.7301,65.93154,34.13319,56.09501,2,98.4,7.9704,365,1374.68,27.6,31.4,288.5
19.742626,-104.3145,10201101,96.76184,27.83895,124.3433,51.64832,26.73867,43.94274,3,98.4,6.396,365,864.16,26.9,19.8,251.4
19.601208,-104.4744,10201101,56.20097,17.91731,73.65811,31.02138,47.77782,25.39284,3,246,8.2,262,658.23,12.5,5.6,220.6
19.601208,-104.4744,10201101,145.5309,46.3964,190.7357,80.32904,123.7194,65.7541,3,183,6.56,260,1363.57,40.3,12.5,245.7
19.601208,-104.4744,10201101,192.8581,61.48466,252.7636,106.4523,163.9534,87.13754,3,82,6.56,260,1807,53.5,16.5,233.6
20.260206,-103.187,30103501,2.533993,25.10557,19.32561,11.84649,228.0787,12.3698,3,82.3,2.296,185,166.36,40.2,5.3,168.1
20.676229,-103.3337,30199999,,,0.08642118,0.04666744,,11.06191,4,46.1,2.0992,202,85.48,24.7,2.3,122.1
20.676229,-103.3337,30199999,0.009259413,0.03703765,0.8561429,0.4617801,0.0788902,5.688954,4,46.1,2.0992,202,85.48,24.7,2.3,122.1
20.676229,-103.3337,30201901,0.6463216,5.000645,1.780039,0.7958952,2.925137,5.669697,3,34.9,1.804,112,86.1,33.7,4.7,147.6
20.676229,-103.3337,30900199,0.004168323,0.03012748,0.000652074,0.000652074,5.88E-05,11.26457,4,29.5,2.0992,178,86.33,24.9,2.9,126.4
20.675555,-103.3858,30899999,0.08079782,0.3278115,0.0160972,0.004125068,0.6762218,16.68719,3,36.2,2.0008,148,104.05,33.1,4.5,146.3
20.634444,-103.3408,30400300,0.41976,0.03831633,12.59127,11.3997,1.352464,3.358566,3,43.6,3.4112,179,468.83,51.3,15.9,219.1
20.666666,-103.3858,30501401,0.1714385,3.500836,2.949972,2.892934,0.9628786,0.1801538,3,78.2,3.4112,332,405.58,44.4,5.2,165.7
20.676229,-103.3337,30107001,0.000189337,0.002254006,6.777951,3.660172,1.35E-05,0.00012397,4,43.2,1.6564,158,34.81,16.2,1.4,104.8
20.676229,-103.3337,30899999,,,1.060974,0.5729262,,64.55133,3,36.2,2.0008,148,104.05,33.1,4.5,146.3
20.676229,-103.3337,30799901,,,,,,45.43285,3,41,3.9032,145,323,27,14.3,211.2
20.676229,-103.3337,31400901,,,,,,22.71642,7,20.9,1.7056,291,37.7,16.5,0,24.9
20.676229,-103.3337,32099900,,,,,,4.078551,4,24,1.7056,113,49.54,21.7,2.7,121
20.676229,-103.3337,30203201,1.840789,13.21747,0.4164408,0.4164408,0.02580122,0.5069714,5,40.2,1.2136,316,28.34,24.5,0.2,62
20.676229,-103.3337,30299999,0.01613783,0.1158749,1.309779,0.4540551,0.000226194,0.004444518,3,49.1,1.8532,157,97.23,36,3.9,144.4
20.676229,-103.3337,32099900,,,,,,24.19022,4,24,1.7056,113,49.54,21.7,2.7,121
20.676229,-103.3337,30500801,1.777807,5.926024,1.417925,1.30572,0.01269862,0.116404,3,32.2,1.8532,141,117.31,43.5,5.3,152.9
20.676229,-103.3337,32099900,,,,,,10.18408,4,24,1.7056,113,49.54,21.7,2.7,121
20.676229,-103.3337,32099900,,,,,,1.322773,4,24,1.7056,113,49.54,21.7,2.7,121
20.676229,-103.3337,30400300,,,,,,2.271642,3,43.6,3.4112,179,468.83,51.3,15.9,219.1
20.676229,-103.3337,32099900,0.001468543,0.01054462,0.000332228,0.000332228,2.06E-05,30.86067,4,24,1.7056,113,49.54,21.7,2.7,121
20.676229,-103.3337,36000100,,,,,,5.240717,3,39.9,2.0008,170,154.69,49.2,5.7,158.1
20.676229,-103.3337,32099900,,,,,,158.9841,4,24,1.7056,113,49.54,21.7,2.7,121
20.676229,-103.3337,32099900,,,,,,6.789387,4,24,1.7056,113,49.54,21.7,2.7,121
20.676229,-103.3337,32099900,0.000290481,0.002085749,6.57E-05,6.57E-05,4.07E-06,1.98424,4,24,1.7056,113,49.54,21.7,2.7,121
20.676229,-103.3337,32099900,0.08068917,0.5793747,0.01825427,0.01825427,0.001130971,8.504925,4,24,1.7056,113,49.54,21.7,2.7,121
20.676229,-103.3337,30799901,0.2920501,2.400169,0.5491025,0.374417,8.974558,0.07889299,3,41,3.9032,145,323,27,14.3,211.2
20.676229,-103.3337,30501101,,,4.728033,2.626697,,,3,32.8,1.968,80.6,89.8,29.5,5.7,156.6
20.676229,-103.3337,32099900,,,,,,6.77326,4,24,1.7056,113,49.54,21.7,2.7,121
20.676229,-103.3337,32099900,,,,,,16.12681,4,24,1.7056,113,49.54,21.7,2.7,121
20.676229,-103.3337,30104500,,,,,,32.93882,4,35.8,6.1008,141,11.51,0.4,0.5,76.9
20.676229,-103.3337,32099900,,,,,,88.82122,4,24,1.7056,113,49.54,21.7,2.7,121
20.676229,-103.3337,32099900,0.00387308,0.02780998,0.000876205,0.000876205,5.43E-05,16.12788,4,24,1.7056,113,49.54,21.7,2.7,121
20.676229,-103.3337,30799901,,,,,,73.80215,3,41,3.9032,145,323,27,14.3,211.2
20.676229,-103.3337,33000101,0.01993049,0.2183634,0.1252548,0.08158347,2.242895,0.005085269,4,36.6,2.9356,247,239.21,35.3,3.1,131
20.676229,-103.3337,30299999,0.3174656,1.269862,0.06349312,0.01587328,2.704807,0.01600027,3,49.1,1.8532,157,97.23,36,3.9,144.4
20.676229,-103.3337,32099900,,,,,,3.225362,4,24,1.7056,113,49.54,21.7,2.7,121
20.676229,-103.3337,30700700,,,1.543235,1.080265,,,3,48.2,3.4112,176,370.96,40.6,12.9,206.7
20.676229,-103.3337,30801000,0.6904876,7.595364,4.358588,2.838825,78.05272,0.1767648,4,29.3,0.6888,110,7.57,20.3,0.4,70
20.676229,-103.3337,31399999,0.000274343,0.001969874,6.21E-05,6.21E-05,3.85E-06,55.08741,4,37.3,1.7056,122,60.33,26.4,3.1,130.7
20.676229,-103.3337,30799901,,,,,,9.192282,3,41,3.9032,145,323,27,14.3,211.2
20.676229,-103.3337,30900199,,,,,,31.00801,4,29.5,2.0992,178,86.33,24.9,2.9,126.4
20.676229,-103.3337,30302401,0.06746143,0.7420758,0.4258391,0.2773564,7.625841,0.01727013,3,40.2,3.2144,108,615.66,75.9,34.2,278
20.676229,-103.3337,30201300,0.00290481,0.02085749,3.743003,3.665841,4.07E-05,0.000800013,4,26.9,1.394,242,35.24,23.1,0.5,73.9
20.676229,-103.3337,30501401,0.000096827,0.00069525,2.19E-05,2.19E-05,1.36E-06,73.11235,3,78.2,3.4112,332,405.58,44.4,5.2,165.7
20.676229,-103.3337,30501401,0.8198019,5.886446,2.547936,2.499765,0.01149067,0.2257815,3,78.2,3.4112,332,405.58,44.4,5.2,165.7
20.676229,-103.3337,32099900,,,,,,8.063405,4,24,1.7056,113,49.54,21.7,2.7,121
20.676229,-103.3337,32099900,,,,,,3.527395,4,24,1.7056,113,49.54,21.7,2.7,121
20.676229,-103.3337,30900199,0.0387308,0.2780998,0.008762049,0.008762049,0.000542866,2.656213,4,29.5,2.0992,178,86.33,24.9,2.9,126.4
20.676229,-103.3337,40100304,0.008068916,0.05793747,0.001825427,0.001825427,0.000113097,1.324996,3,39.3,1.968,82.2,69.84,23,4.4,146.4
20.676229,-103.3337,30501401,0.193654,1.390499,0.04381025,0.04381025,0.002714331,0.05333422,3,78.2,3.4112,332,405.58,44.4,5.2,165.7
20.676229,-103.3337,30700700,,,1.818813,1.273169,,,3,48.2,3.4112,176,370.96,40.6,12.9,206.7
20.676229,-103.3337,32099900,,,,,,4.031703,4,24,1.7056,113,49.54,21.7,2.7,121
20.676229,-103.3337,32099900,,,,,,1.873929,4,24,1.7056,113,49.54,21.7,2.7,121
20.676229,-103.3337,30299999,,,2.202417,0.4078551,,,3,49.1,1.8532,157,97.23,36,3.9,144.4
20.676229,-103.3337,30200701,21.33369,71.11229,5.918352,2.067649,0.1523835,1.396849,3,63.8,2.6896,138,249.9,44,11.6,204.7
20.676229,-103.3337,30203201,1.086605,6.748366,0.2371309,0.1874277,2.833728,0.2247037,5,40.2,1.2136,316,28.34,24.5,0.2,62
20.676229,-103.3337,30299999,0.9523968,3.809587,0.1904793,0.04761983,8.11442,0.04800079,3,49.1,1.8532,157,97.23,36,3.9,144.4
20.676229,-103.3337,32099900,,,,,,4.838043,4,24,1.7056,113,49.54,21.7,2.7,121
20.676229,-103.3337,32099900,6.595336,32.76257,8.297422,5.526313,142.7969,0.7137463,4,24,1.7056,113,49.54,21.7,2.7,121
20.676229,-103.3337,36000100,,,,,,3.157019,3,39.9,2.0008,80.6,123.75,39.4,7.9,175.3
20.676229,-103.3337,30203001,0.3812232,2.131781,0.5617818,0.3442385,11.40613,0.03916255,3,58.4,3.2964,205,392.46,46,10.2,195.2
20.676229,-103.3337,30201800,0.1587328,0.6349311,0.03174656,0.00793664,1.352403,0.008000133,3,44.4,1.9024,170,133.88,47.1,4.9,152.6
20.676229,-103.3337,32099900,,,,,,2.535315,4,24,1.7056,113,49.54,21.7,2.7,121
20.676229,-103.3337,30799901,,,,,,32.89869,3,41,3.9032,145,323,27,14.3,211.2
20.676229,-103.3337,30201800,0.5568875,4.706427,2.053949,1.331398,37.23984,0.1114939,3,44.4,1.9024,170,133.88,47.1,4.9,152.6
20.676229,-103.3337,30501401,0.2807983,2.016224,0.06352486,0.06352486,0.003935779,0.07733461,3,78.2,3.4112,332,405.58,44.4,5.2,165.7
20.676229,-103.3337,30700700,,,2.566952,1.796877,,,3,48.2,3.4112,176,370.96,40.6,12.9,206.7
20.676229,-103.3337,31299000,11.70936,56.2872,2.342779,0.5915592,109.9771,2.437877,4,30.5,1.9024,163,65.36,23,2.5,120.9
20.676229,-103.3337,32099900,,,,,,2.645546,4,24,1.7056,113,49.54,21.7,2.7,121
20.676229,-103.3337,30201800,0.373022,1.492088,0.07460441,0.0186511,3.178148,0.01880031,3,44.4,1.9024,170,133.88,47.1,4.9,152.6
20.676229,-103.3337,30200701,0.1356044,0.4520148,2.295706,0.7996497,0.000968603,0.008878862,3,63.8,2.6896,138,249.9,44,11.6,204.7
20.676229,-103.3337,30299999,4.622299,15.40766,0.418208,0.418208,0.03301642,0.3026505,3,49.1,1.8532,157,97.23,36,3.9,144.4
20.676229,-103.3337,30799901,,,,,,15.61754,3,41,3.9032,145,323,27,14.3,211.2
20.676229,-103.3337,30799901,,,,,,183.8456,3,41,3.9032,145,323,27,14.3,211.2
20.676229,-103.3337,30799901,,,,,,64.50724,3,41,3.9032,145,323,27,14.3,211.2
20.676229,-103.3337,30799901,,,,,,154.8174,3,41,3.9032,145,323,27,14.3,211.2
20.676229,-103.3337,30700700,,,,,,58.05652,3,48.2,3.4112,176,370.96,40.6,12.9,206.7
20.676229,-103.3337,36000100,,,,,,14.18773,3,39.9,2.0008,80.6,123.75,39.4,7.9,175.3
20.676229,-103.3337,30799901,,,,,,277.7083,3,41,3.9032,145,323,27,14.3,211.2
20.676229,-103.3337,36000100,,,,,,3.134091,3,39.9,2.0008,170,154.69,49.2,5.7,158.1
20.676229,-103.3337,31499999,,,,,,22.71642,4,29.8,1.804,141,37.06,14.5,1.7,106.5
20.675555,-103.3858,30599999,0.423088,14.10293,1.058982,1.04504,0.03022057,0.2770219,3,55.8,2.296,211,223.94,54.1,5.4,160.6
20.675555,-103.3858,30899999,,,,,,175.8407,3,36.2,2.0008,148,104.05,33.1,4.5,146.3
20.637222,-103.3316,30201901,0.5361736,6.383019,11.0706,10.85234,0.03829812,8.611785,3,34.9,1.804,112,86.1,33.7,4.7,147.6
20.679166,-103.3305,30899999,0.07142975,0.7301708,0.4227806,0.2747305,7.643619,0.02126358,3,36.2,2.0008,148,104.05,33.1,4.5,146.3
20.675555,-103.3858,30400701,0.05424693,0.2213,5.211733,5.030825,0.4762172,0.4581998,3,39.3,2.6896,158,190.83,33.6,7.7,173.6
20.631111,-103.3666,30400300,0.09970227,0.009845842,7.703415,6.708481,0.3102035,0.3243387,3,43.6,3.4112,179,468.83,51.3,15.9,219.1
20.7,-103.3569,30199999,0.03305801,0.2389341,0.005171451,0.005171451,0.000466413,13.03848,4,46.1,2.0992,202,85.48,24.7,2.3,122.1
20.676229,-103.3337,30900199,0.3642545,2.632731,0.2383048,0.1922547,0.005139234,4.471645,4,29.5,2.0992,178,86.33,24.9,2.9,126.4
20.676229,-103.3337,30899999,0.08730303,0.3492121,0.01746061,0.004365152,0.7438219,6.51334,3,36.2,2.0008,148,104.05,33.1,4.5,146.3
20.631111,-103.3669,31499999,0.2411079,0.9741426,0.0480905,0.01223442,2.028647,0.02730278,4,29.8,1.804,141,37.06,14.5,1.7,106.5
20.663611,-103.3688,30201901,1.080932,12.86823,0.9779858,0.9779858,0.07720941,10.15235,3,34.9,1.804,112,86.1,33.7,4.7,147.6
20.663611,-103.368,30201901,0.6379648,7.59482,0.5772063,0.5772063,0.04556892,3.735583,3,34.9,1.804,112,86.1,33.7,4.7,147.6
20.653611,-103.3416,30400701,0.447542,1.825759,0.9188014,0.7563214,3.719265,2.045895,3,39.3,2.6896,158,190.83,33.6,7.7,173.6
20.641388,-103.3666,30801000,0.01082686,0.07825352,0.001693706,0.001693706,0.000152755,22.80177,4,29.3,0.6888,110,7.57,20.3,0.4,70
20.676229,-103.3337,30199999,2.51057,27.61627,16.65433,10.84738,299.5612,0.6427058,4,46.1,2.0992,202,85.48,24.7,2.3,122.1
20.649444,-103.3402,31299000,0.1135951,1.352322,0.1027765,0.1027765,0.008113934,0.07437772,4,30.5,1.9024,163,65.36,23,2.5,120.9
20.676229,-103.3337,30801000,0.3174656,1.269862,0.06349312,0.01587328,2.704807,50.86946,4,29.3,0.6888,110,7.57,20.3,0.4,70
20.675555,-103.3858,31399999,0.1314079,0.5275049,0.0262563,0.00660493,1.114659,0.01470456,4,37.3,1.7056,122,60.33,26.4,3.1,130.7
20.676229,-103.3337,30103501,0.02137602,0.1544999,1.889486,1.850597,0.000301592,0.005926024,3,82.3,2.296,185,166.36,40.2,5.3,168.1
20.676229,-103.3337,30101401,,,0.2094391,0.1130971,,3.96832,4,27.9,2.6896,127,81.25,14.3,4,138.9
20.676229,-103.3337,30101401,,,33.3427,16.67135,,197.7325,4,27.9,2.6896,127,81.25,14.3,4,138.9
20.690277,-103.3008,30199999,,,0.6349311,0.3174656,,2.469177,4,46.1,2.0992,202,85.48,24.7,2.3,122.1
20.652777,-103.3344,30801000,0.1815107,1.939818,30.88423,15.53686,10.45349,369.2978,4,29.3,0.6888,110,7.57,20.3,0.4,70
20.675555,-103.3858,30104500,0.02645546,0.1058219,13.17129,6.584324,0.2254006,28.17801,4,35.8,6.1008,141,11.51,0.4,0.5,76.9
20.676229,-103.3337,30101401,,,61.56187,30.78093,,2.244416,4,27.9,2.6896,127,81.25,14.3,4,138.9
20.676229,-103.3337,30101401,0.1951091,0.7804362,0.03902181,0.009755452,1.662329,31.95564,4,27.9,2.6896,127,81.25,14.3,4,138.9
20.647222,-103.3402,30400701,9.445704,129.8787,104.4792,90.54868,0.1421981,,3,39.3,2.6896,158,190.83,33.6,7.7,173.6
20.676229,-103.3337,30899999,0.00030682,0.003652618,0.000277599,0.000277599,2.19E-05,112.1052,3,36.2,2.0008,148,104.05,33.1,4.5,146.3
20.645555,-103.3652,32099900,,,6.748091,6.608955,,119.6338,4,24,1.7056,113,49.54,21.7,2.7,121
20.676229,-103.3337,30999900,0.1122578,0.9608854,0.05215075,0.04703638,0.1661894,4.24259,4,33.8,1.7056,156,81.31,35.6,3.3,132.5
20.645833,-103.3652,30400300,507.6134,0.2052415,52.72094,46.39247,1.994443,2.509357,3,43.6,3.4112,179,468.83,51.3,15.9,219.1
20.656111,-103.3375,30400300,27.07421,0.005809091,2.460108,2.263337,0.1063602,0.1112952,3,43.6,3.4112,179,468.83,51.3,15.9,219.1
20.676229,-103.3337,30999900,0.01571137,0.1135574,0.002457818,0.002457818,0.00022167,14.05662,4,33.8,1.7056,156,81.31,35.6,3.3,132.5
20.633333,-103.3683,30900199,0.4791604,1.958224,136.7991,133.9099,3.972867,4.861482,4,29.5,2.0992,178,86.33,24.9,2.9,126.4
20.666666,-103.3833,30107001,,,1.076352,0.5812299,,,4,43.2,1.6564,158,34.81,16.2,1.4,104.8
20.676229,-103.3337,30900199,0.3290875,3.917709,82.63267,80.93504,0.02350625,0.215474,4,29.5,2.0992,178,86.33,24.9,2.9,126.4
20.401666,-103.1572,30199999,0.8184591,8.714813,5.747984,3.653824,88.54248,26.92092,4,46.1,2.0992,202,85.48,24.7,2.3,122.1
20.393998,-103.2111,30201901,1.313027,15.63127,1.187977,1.187977,0.09378764,26.63396,3,34.9,1.804,112,86.1,33.7,4.7,147.6
20.31578,-103.4161,32099900,,,,,,6.37009,4,24,1.7056,113,49.54,21.7,2.7,121
20.31578,-103.4161,30900199,0.00774616,0.05561997,0.00175241,0.00175241,0.000108573,227.1664,4,29.5,2.0992,178,86.33,24.9,2.9,126.4
21.324722,-101.9169,30610001,0.2518534,1.578518,0.04260653,0.04260653,0.002514526,0.04940823,5,38.6,2.296,294,137.84,33.3,0.2,57
20.401561,-102.7226,30799901,,,,,,2.707607,3,41,3.9032,145,323,27,14.3,211.2
20.401561,-102.7226,30201000,0.4505551,4.80227,2.709726,1.763128,48.63376,0.1108237,3,145,4.1984,114,356.91,25.8,19.2,263.3
20.401561,-102.7226,30801000,,,,,,170.3732,4,29.3,0.6888,110,7.57,20.3,0.4,70
20.27053,-102.8938,30102403,,,0.3002799,0.2511646,,,5,39.3,0.5248,100,2.7,12.5,0.2,56.1
20.27053,-102.8938,30102403,,,6.005598,5.023291,,,3,10.1,3.6736,107,438.04,41.3,24.4,240.8
20.27053,-102.8938,30102403,2.044346,22.48781,23.72211,19.842,243.9314,993.5844,1,98.4,9.5448,1347,2081.71,29.1,670.9,747
20.27053,-102.8938,30101822,,,7.539544,5.284573,,,3,104,1.1808,604,28.38,25.9,2.7,146
20.27053,-102.8938,30101822,,,7.495715,5.284573,,,3,19.6,3.936,581,227.48,18.7,20.2,229
20.27053,-102.8938,10200401,8.842883,92.71226,61.33405,42.9899,1055.133,109.1019,2,98.4,6.0024,917,631.13,22.3,120.7,434.7
20.27053,-102.8938,10200401,5.660042,59.3421,39.25793,27.51644,675.3562,69.83259,2,98.4,5.8056,836,390.72,14.8,65,359.4
20.27053,-102.8938,10200401,6.482507,67.96515,44.96253,31.51487,773.4927,79.98001,2,98.4,5.5104,806,424.75,17.8,66.8,362.3
20.27053,-102.8938,10200401,9.102967,95.43909,63.13799,44.25431,1086.166,112.3108,2,98.4,6.0024,1014,649.7,23,143.4,458.7
20.27053,-102.8938,10200401,7.043608,73.84795,48.85432,34.24268,840.4433,86.90277,2,104,5.5104,815,461.51,19.4,73.9,375.3
20.27053,-102.8938,10200401,20.28661,212.6928,118.6613,77.24995,2420.599,250.2926,2,104,6.0024,816,1447.9,51.2,232.2,535.1
20.27053,-102.8938,10200401,7.802544,81.80493,54.11828,43.44382,930.9995,96.26639,3,104,6.0024,222,556.88,19.7,11.5,216.8
20.27053,-102.8938,30101822,,,7.209114,5.284573,,,4,19.6,1.148,570,25.8,24.9,2.2,112.5
20.27053,-102.8938,30102600,,,0.1322608,0.09281459,,53.40697,4,47.9,2.0008,190,81.68,26,2.5,125.6
20.537786,-103.2474,30102600,15.68127,522.7091,23.72689,23.72689,1.120091,111.0959,4,47.9,2.0008,190,81.68,26,2.5,125.6
20.537786,-103.2474,30101401,0.4903578,3.54417,9.638155,5.23989,0.006918414,0.1359408,4,27.9,2.6896,127,81.25,14.3,4,138.9
20.537786,-103.2474,30900199,0.1535307,1.827746,0.1389087,0.1389087,0.01096648,102.2186,4,29.5,2.0992,178,86.33,24.9,2.9,126.4
20.537786,-103.2474,30799901,,,,,,36.28532,3,41,3.9032,145,323,27,14.3,211.2
20.537786,-103.2474,30201901,0.1587328,0.6349311,0.03174656,0.00793664,1.352403,0.008000133,3,34.9,1.804,112,86.1,33.7,4.7,147.6
20.537786,-103.2474,30299999,0.2222259,0.8889036,0.04444518,0.01111129,1.893365,0.01120019,3,49.1,1.8532,157,97.23,36,3.9,144.4
20.537786,-103.2474,30800101,2.691776,86.15092,7.46201,5.149777,0.1922697,224.0986,3,35.3,2.0992,113,121.13,35,6.5,163.9
20.496388,-103.2322,30102600,1.222967,9.594582,73.78228,51.50249,84.8569,8.411943,4,47.9,2.0008,190,81.68,26,2.5,125.6
20.569722,-103.2836,30101401,,,0.755083,0.4077449,,1.157427,4,27.9,2.6896,127,81.25,14.3,4,138.9
20.537786,-103.2474,30107001,1.073784,12.78314,0.9715184,0.9715184,0.07669882,0.7030725,4,43.2,1.6564,158,34.81,16.2,1.4,104.8
20.537786,-103.2474,40400101,0.01708582,0.07969709,0.005401324,0.005401324,0.005180862,1023.724,7,10.4,0.5248,68,0.59,2.7,0,31.1
20.537786,-103.2474,30113200,3.028993,33.31577,20.09049,13.0854,361.3696,27.53711,3,77.7,6.4944,257,418.86,12.6,4.2,156
20.537786,-103.2474,30201901,2.464362,11.26932,0.61875,0.2758872,19.48737,11.575,3,34.9,1.804,112,86.1,33.7,4.7,147.6
20.563473,-103.95,10201101,234.7254,74.25568,307.1616,129.2244,188.9082,106.097,3,98.4,6.396,356,874.7,27.2,17.6,243
20.563473,-103.95,10201101,323.0465,102.1962,422.7386,177.8482,259.9894,146.0185,2,246,9.02,347,1697.7,26.6,29.5,328.1
20.563473,-103.95,10201101,296.0281,93.64887,387.3823,162.9736,238.2449,133.8061,2,98.4,7.9704,365,1374.68,27.6,31.4,288.5
20.563473,-103.95,10201101,231.8974,73.36103,303.4609,127.6675,186.6322,104.8187,3,98.4,6.396,365,864.16,26.9,19.8,251.4
19.694977,-103.1849,10201101,180.2656,73.47967,249.4246,108.8725,448.6036,80.25851,3,98.4,6.396,356,874.7,27.2,17.6,243
19.694977,-103.1849,10201101,248.0949,101.1282,343.2767,149.8384,617.4016,110.4577,2,246,9.02,347,1697.7,26.6,29.5,328.1
19.694977,-103.1849,10201101,227.3452,92.67018,314.5663,137.3065,565.7643,101.2194,2,98.4,7.9704,365,1374.68,27.6,31.4,288.5
19.694977,-103.1849,10201101,178.0937,72.59437,246.4195,107.5608,443.1987,79.29153,3,98.4,6.396,365,864.16,26.9,19.8,251.4
20.167222,-103.9922,30501601,13.63776,148.203,231.2654,197.3438,239.7857,3.453769,4,91.8,1.968,266,112.74,37.1,0.8,104.8
21.481278,-102.5549,32099900,,,,,,2.535315,4,24,1.7056,113,49.54,21.7,2.7,121
20.485908,-103.4295,30501601,,,60.41205,59.16644,,,4,91.8,1.968,266,112.74,37.1,0.8,104.8
20.485908,-103.4295,30701201,0.3734993,3.773058,2.063244,1.340048,37.18112,0.08583584,4,48.4,2.5912,99.6,61.92,11.7,3.6,140.2
20.485908,-103.4295,50200501,0.0096827,0.06952496,2.74463,2.688082,0.000135717,0.002666711,3,39.3,1.476,1088,84.18,49.2,20.5,236.1
20.485908,-103.4295,30202100,0.4285785,1.714314,0.0857157,0.02142893,3.651489,0.02160036,3,14.9,2.1976,82.2,246.46,65,15.6,209.2
20.485908,-103.4295,30900199,,,,,,1.703732,4,29.5,2.0992,178,86.33,24.9,2.9,126.4
20.485908,-103.4295,30799901,,,,,,8.063405,3,41,3.9032,145,323,27,14.3,211.2
20.485908,-103.4295,30799901,,,,,,4.132895,3,41,3.9032,145,323,27,14.3,211.2
20.485908,-103.4295,30201300,0.1746061,1.253989,0.5200351,0.3310637,9.783019,0.02511788,4,26.9,1.394,242,35.24,23.1,0.5,73.9
20.485908,-103.4295,32099900,,,,,,10.48243,4,24,1.7056,113,49.54,21.7,2.7,121
20.588784,-103.353,30104500,0.0506728,0.2026912,0.01013456,0.00253364,236.3263,0.005633126,4,35.8,6.1008,141,11.51,0.4,0.5,76.9
20.588784,-103.353,30610001,0.4017924,1.60717,0.4826302,0.3142345,3.615496,0.02052531,5,38.6,2.296,294,137.84,33.3,0.2,57
20.59,-103.35,30101801,,,1.414541,0.7638519,,177.6841,4,53.7,1.7056,191,68.95,30.2,2.1,120.9
20.588784,-103.353,30700700,0.004744523,0.03406723,2.690051,1.88338,6.65E-05,0.001306688,3,48.2,3.4112,176,370.96,40.6,12.9,206.7
20.588784,-103.353,32099900,0.001397536,0.01003477,0.000316164,0.000316164,1.96E-05,12.56156,4,24,1.7056,113,49.54,21.7,2.7,121
20.588784,-103.353,30201800,1.954794,8.83586,7.310563,5.449594,31.83538,0.1283831,3,44.4,1.9024,170,133.88,47.1,4.9,152.6
20.588784,-103.353,41000100,0.3227567,2.317499,0.07301708,0.07301708,0.004523885,0.08889036,4,24.9,0.5904,132,13.95,51,0.7,79.3
20.588784,-103.353,32099900,0.1032821,0.7415996,0.02336547,0.02336547,0.001447643,4.988844,4,24,1.7056,113,49.54,21.7,2.7,121
20.588784,-103.353,30201800,1.555915,16.34527,9.149279,5.950259,164.3865,0.3757043,3,44.4,1.9024,170,133.88,47.1,4.9,152.6
20.588784,-103.353,30799901,,,,,,45.96141,3,41,3.9032,145,323,27,14.3,211.2
20.588784,-103.353,30801000,,,,,,1.946571,4,29.3,0.6888,110,7.57,20.3,0.4,70
20.579166,-103.3533,30103301,,,0.8812976,0.4759007,,,4,59.7,2.3452,333,133.04,30.8,1.7,116.8
20.583333,-103.3666,30400701,0.07741877,0.05186531,2.568265,2.198602,0.2216614,0.2333901,3,39.3,2.6896,158,190.83,33.6,7.7,173.6
20.588784,-103.353,31499999,0.07690717,0.5558637,2.38696,1.294493,0.001085076,0.0213208,4,29.8,1.804,141,37.06,14.5,1.7,106.5
20.579166,-103.4097,30103301,0.00099208,0.00396832,0.000198416,0.000049604,0.008452521,3.494436,4,59.7,2.3452,333,133.04,30.8,1.7,116.8
20.577222,-103.355,30199999,0.3809587,3.523868,1.914418,1.239264,34.90343,3.850161,4,46.1,2.0992,202,85.48,24.7,2.3,122.1
20.589444,-103.3858,30900199,0.07936639,0.8730303,2.274563,2.054945,9.469998,0.8852792,4,29.5,2.0992,178,86.33,24.9,2.9,126.4
20.633333,-103.3166,31499999,0.08657286,0.6257247,1.297691,1.163926,0.001221449,3.462329,4,29.8,1.804,141,37.06,14.5,1.7,106.5
20.588784,-103.353,30101801,,,0.3703765,0.1851882,,1.322773,4,53.7,1.7056,191,68.95,30.2,2.1,120.9
20.616359,-103.2134,32099900,,,,,,8.48754,4,24,1.7056,113,49.54,21.7,2.7,121
19.527777,-103.4375,30701201,35.32869,366.5257,218.8274,147.9193,4215.42,28.5446,3,82,4.92,404,513.21,27,17.8,239
20.23614,-103.5669,30501101,2.298318,24.19352,19.44342,10.79508,257.0142,0.5658587,3,31.4,2.8864,112,169.98,26,9.2,181.3
20.794622,-103.4937,30899999,0.1028152,0.4229038,0.6145515,0.326194,0.845303,27.26116,3,36.2,2.0008,148,104.05,33.1,4.5,146.3
20.794622,-103.4937,30299999,0.07014725,0.6441476,0.2480195,0.1638002,4.32715,0.01820668,3,49.1,1.8532,157,97.23,36,3.9,144.4
20.794622,-103.4937,32099900,,,,,,33.8663,4,24,1.7056,113,49.54,21.7,2.7,121
20.794622,-103.4937,32099900,7.70E-05,9.17E-05,6.97E-06,6.97E-06,5.50E-07,30.64095,4,24,1.7056,113,49.54,21.7,2.7,121
20.794622,-103.4937,32099900,,,,,,8.063405,4,24,1.7056,113,49.54,21.7,2.7,121
20.794622,-103.4937,39999999,,,,,,34.35011,3,39.2,3.8048,194,253.59,22.3,7.4,171.7
20.794622,-103.4937,30701201,0.7459647,8.150611,4.660752,3.034999,83.50261,0.1893515,4,48.4,2.5912,99.6,61.92,11.7,3.6,140.2
20.794622,-103.4937,30203001,0.374803,3.196681,1.29029,0.8416715,23.1065,0.081515,3,58.4,3.2964,205,392.46,46,10.2,195.2
20.794622,-103.4937,31499999,,,,,,50.88008,4,29.8,1.804,141,37.06,14.5,1.7,106.5
20.794622,-103.4937,10300403,0.1412722,1.553994,0.8917571,0.580817,15.96941,0.03616568,5,39.3,1.476,314,46.58,27.2,0.3,69.2
20.794622,-103.4937,30201800,0.396832,4.087369,2.262379,1.470342,40.7102,0.09343012,3,44.4,1.9024,170,133.88,47.1,4.9,152.6
20.794622,-103.4937,30203201,1.116338,3.721128,0.1010021,0.1010021,0.007973846,0.07309359,5,40.2,1.2136,316,28.34,24.5,0.2,62
20.794622,-103.4937,30203001,1.158749,12.63513,7.21739,4.699538,129.326,0.2933763,3,58.4,3.2964,205,392.46,46,10.2,195.2
20.794622,-103.4937,30203201,4.561036,15.20345,0.4126651,0.4126651,0.03257883,0.2986392,5,40.2,1.2136,316,28.34,24.5,0.2,62
20.794622,-103.4937,30799901,,,,,,3.170247,3,41,3.9032,145,323,27,14.3,211.2
20.794622,-103.4937,32099900,0.003227567,0.02317499,0.000730171,0.000730171,4.52E-05,25.31998,4,24,1.7056,113,49.54,21.7,2.7,121
20.794622,-103.4937,31499999,0.2565376,0.8551252,0.02321054,0.02321054,0.001832411,113.5989,4,29.8,1.804,141,37.06,14.5,1.7,106.5
20.794622,-103.4937,30200701,0.008520776,0.06118197,0.001927651,0.001927651,0.000119431,170.3755,3,63.8,2.6896,138,249.9,44,11.6,204.7
20.794622,-103.4937,30500801,0.1942995,1.395134,0.04395628,0.04395628,0.002723378,0.053512,3,32.2,1.8532,141,117.31,43.5,5.3,152.9
20.794622,-103.4937,30701201,48.34255,236.5229,14.08262,5.350168,530.2122,10.08995,3,82,4.92,404,513.21,27,17.8,239
20.794622,-103.4937,30200701,61.49785,204.9928,9.076495,6.775201,0.4392704,4.026645,3,63.8,2.6896,138,249.9,44,11.6,204.7
20.794622,-103.4937,30501005,0.2380992,0.9523968,0.04761983,0.01190496,2.028605,0.0120002,3,71.9,3.9524,119,506.05,41.2,26.4,265.7
20.794622,-103.4937,30801000,,,,,,4.786565,4,29.3,0.6888,110,7.57,20.3,0.4,70
20.794622,-103.4937,32099900,0.1349229,0.5396914,0.02698457,0.006746144,1.149543,0.006800113,4,24,1.7056,113,49.54,21.7,2.7,121
20.794622,-103.4937,30799901,,,,,,183.8456,3,41,3.9032,145,323,27,14.3,211.2
20.716666,-103.3833,30701201,,1.41E-05,1.07E-06,1.07E-06,8.47E-08,1.496168,4,48.4,2.5912,99.6,61.92,11.7,3.6,140.2
20.741666,-103.3666,40200101,0.0958391,0.6926984,0.01499265,0.01049486,0.001352185,1.870736,3,29.5,1.968,80.6,119.73,39.4,7.6,170.3
20.794622,-103.4937,30107001,0.3448998,2.8604,30.03974,29.04457,20.40678,0.07892618,2,98.4,4.92,440,685.94,36.1,31.4,288.3
20.794622,-103.4937,31603001,1.760475,39.82027,2.120597,1.963187,0.1257482,1.52395,4,36.6,2.9356,247,239.21,35.3,3.1,131
20.625,-103.5388,30701201,0.0284782,0.2058325,13.60697,6.402268,0.000401796,4.52737,4,48.4,2.5912,99.6,61.92,11.7,3.6,140.2
20.716666,-103.3833,30701201,0.01360699,0.09834754,4.314369,2.158249,0.00019198,34.70452,4,48.4,2.5912,99.6,61.92,11.7,3.6,140.2
20.605555,-103.4277,30701201,,,2.631525,1.315763,,3.289406,4,48.4,2.5912,99.6,61.92,11.7,3.6,140.2
20.794622,-103.4937,40400101,0.03417164,0.1593942,0.01080265,0.01080265,0.01036172,1891.574,7,10.4,0.5248,68,0.59,2.7,0,31.1
20.752777,-103.4194,30899999,0.1746061,1.698441,0.9540341,0.6188381,17.31648,26.76941,3,36.2,2.0008,148,104.05,33.1,4.5,146.3
20.794622,-103.4937,30100800,17.04692,202.9396,15.42341,15.42341,1.217637,11.16168,3,52.8,6.396,143,803.04,25,36,286.5
20.729166,-103.3411,30199999,,,2.606966,1.407761,,13.4526,4,46.1,2.0992,202,85.48,24.7,2.3,122.1
20.683333,-103.45,30400300,169.2216,0.1920138,17.57265,15.46603,0.6650555,0.8448676,3,43.6,3.4112,179,468.83,51.3,15.9,219.1
20.794622,-103.4937,30501401,1.752532,208.6133,41.86235,40.16649,103.0856,7.198301,2,131,4.8216,953,988.17,54.1,199.8,518.7
20.794622,-103.4937,30501401,1.482661,176.4892,35.41602,33.9813,87.21156,6.089843,2,98.4,3.7392,986,648.33,59,137.6,452.8
20.794622,-103.4937,30501401,1.962503,233.6073,46.8779,44.97885,115.4363,8.060732,2,134,5.1496,973,1181.83,56.7,246.1,554.1
20.636035,-103.0488,30501101,,,5.830343,3.239031,,,3,32.8,1.968,80.6,89.8,29.5,5.7,156.6
20.636035,-103.0488,30199999,,,,,,10.24697,4,46.1,2.0992,202,85.48,24.7,2.3,122.1
19.645,-98.93333,30101401,1.060533,4.242134,0.2121067,0.05302667,9.035745,54.35778,4,27.9,2.6896,127,81.25,14.3,4,138.9
19.630553,-98.90684,10100201,55.61652,111.233,15.03706,15.03706,0.2059871,17.30292,2,32.8,13.612,710,3484.42,23.9,446.2,635.8
19.630553,-98.90684,10100604,464.2134,1519.333,42.00026,42.00026,3.31581,30.39493,2,138,12.496,269,8247.36,67.2,52.8,349.3
19.630553,-98.90684,10100604,464.2134,1519.333,42.00026,42.00026,3.31581,30.39493,2,146,12.792,253,8641.6,67.2,97.5,421.4
19.630553,-98.90684,10100604,464.2134,1519.333,42.00026,42.00026,3.31581,30.39493,2,146,12.792,278,8641.6,67.2,31.6,303.5
19.630553,-98.90684,10100604,464.2134,1519.333,42.00026,42.00026,3.31581,30.39493,3,183,10.496,291,7378.78,85.3,2.2,163.1
19.982112,-99.1484,30501601,2.304271,27.36906,46.97718,32.33543,0.0921532,1.504434,4,91.8,1.968,266,112.74,37.1,0.8,104.8
19.982112,-99.1484,30501601,4.042946,48.12999,66.83624,46.23461,0.04332082,2.6472,4,91.8,1.968,266,112.74,37.1,0.8,104.8
19.982112,-99.1484,30500606,47.04002,496.1441,134.8246,90.57883,746.2856,12.1036,2,141,7.7736,212,2132.69,44.9,50.7,346.1
19.982112,-99.1484,30500610,,,14.98052,10.06431,,,3,49.2,4.264,150,546.13,38.2,23.3,249
19.982112,-99.1484,30500617,,,14.98052,10.06431,,,3,47.8,3.608,167,261.91,25.6,9.8,190
19.982112,-99.1484,30500606,47.04002,496.1441,134.8246,90.57883,746.2856,12.1036,2,229,13.021,194,5066.99,38,148.3,503.3
19.584444,-99.25722,33000101,2.103209,8.412838,0.4206419,0.1051605,17.91934,33.61718,4,36.6,2.9356,247,239.21,35.3,3.1,131
19.565467,-99.26367,30500101,2.380992,9.523967,0.7963095,0.2919096,20.28605,0.2646869,4,36.1,2.7388,266,259.42,44,1.9,112.4
19.565467,-99.26367,30899901,0.3306933,1.322773,0.06613866,0.01653467,2.817507,24.48872,3,36.2,2.0008,148,104.05,33.1,4.5,146.3
19.565467,-99.26367,31499901,2.666711,3.174656,0.2412738,0.2412738,0.01904793,0.1746061,4,29.8,1.804,141,37.06,14.5,1.7,106.5
19.563333,-99.24111,30799901,,,,,,4.440709,3,41,3.9032,145,323,27,14.3,211.2
19.584722,-99.25,31399901,0.006412805,0.04634997,2.248714,1.677566,0.001146051,0.7045397,4,37.3,1.7056,122,60.33,26.4,3.1,130.7
19.565467,-99.26367,32099901,0.4809603,3.476248,0.07523934,0.07523934,0.0859538,0.1333355,4,24,1.7056,113,49.54,21.7,2.7,121
19.567222,-99.24222,31499901,0.003206402,0.02317499,0.000501596,0.000351117,0.000573025,1.937484,4,29.8,1.804,141,37.06,14.5,1.7,106.5
19.558333,-99.26166,30900199,0.04168323,0.3012748,0.006520743,0.006520743,0.00744933,38.74968,4,29.5,2.0992,178,86.33,24.9,2.9,126.4
19.575,-99.25972,31499901,0.003206402,0.02317499,0.000501596,0.000501596,0.000573025,1.409079,4,29.8,1.804,141,37.06,14.5,1.7,106.5
19.578611,-99.27555,30501101,,,5.820202,3.608525,,,3,32.8,1.968,80.6,89.8,29.5,5.7,156.6
19.580555,-99.26666,36000101,,,,,,2.645546,3,39.9,2.0008,80.6,123.75,39.4,7.9,175.3
19.5625,-99.26111,31499901,0.04168323,0.3012748,12.69862,8.911303,0.00744933,7.40753,4,29.8,1.804,141,37.06,14.5,1.7,106.5
19.569444,-99.23611,30799901,,,,,,1.937484,3,41,3.9032,145,323,27,14.3,211.2
19.563888,-99.24305,30500801,0.003206402,0.02317499,0.000501596,0.000501596,0.000573025,1.361931,3,32.2,1.8532,141,117.31,43.5,5.3,152.9
19.5625,-99.26666,30701201,,,,,,8.333471,4,48.4,2.5912,99.6,61.92,11.7,3.6,140.2
19.575,-99.25972,31499901,0.009619207,0.06952496,0.001504787,0.001504787,0.001719076,3.698833,4,29.8,1.804,141,37.06,14.5,1.7,106.5
19.564444,-99.24722,30701201,0.009619207,0.06952496,0.001504787,0.001504787,0.001719076,31.70428,4,48.4,2.5912,99.6,61.92,11.7,3.6,140.2
19.563888,-99.26388,30701201,12.82561,92.69995,2.645546,1.881304,2.292101,3.555614,4,48.4,2.5912,99.6,61.92,11.7,3.6,140.2
19.566666,-99.24083,30400201,0.003206402,0.02317499,1.455051,1.26096,0.000573025,1.937484,4,44.3,3.362,269,395.42,44.5,2.5,125.1
19.569444,-99.2625,30701201,,,0.1322773,0.06349312,,5.084776,4,48.4,2.5912,99.6,61.92,11.7,3.6,140.2
19.568055,-99.26527,30799901,,,,,,11.84189,3,41,3.9032,145,323,27,14.3,211.2
19.565467,-99.26367,30400301,0.02469882,0.1298434,136.7083,118.4764,0.6426027,73.85996,3,43.6,3.4112,179,468.83,51.3,15.9,219.1
19.565467,-99.26367,30899901,0.396832,1.587328,3.174656,1.767528,16.86536,0.01997388,3,36.2,2.0008,148,104.05,33.1,4.5,146.3
19.55,-99.23333,30199901,0.08437901,0.609868,0.01319988,0.01319988,0.01507961,1.808892,4,46.1,2.0992,202,85.48,24.7,2.3,122.1
19.565467,-99.26367,30701201,0.4542403,3.283123,0.07105938,0.04974157,0.08117859,0.125928,4,48.4,2.5912,99.6,61.92,11.7,3.6,140.2
19.530555,-99.26305,33000101,1.617906,7.341361,3.097117,2.051508,11.53693,0.2246037,4,36.6,2.9356,247,239.21,35.3,3.1,131
19.566666,-99.25,31499901,0.1818375,1.314271,0.02844586,0.02844586,0.0324967,0.05041039,4,29.8,1.804,141,37.06,14.5,1.7,106.5
19.566666,-99.25,30701201,0.08267333,0.9094066,0.5484287,0.3572053,9.864581,0.02653814,4,48.4,2.5912,99.6,61.92,11.7,3.6,140.2
19.565467,-99.26367,30799901,,,,,,1.323435,3,41,3.9032,145,323,27,14.3,211.2
19.808919,-99.85282,30801001,,,,,,135.8764,4,29.3,0.6888,110,7.57,20.3,0.4,70
19.626127,-99.09656,30501101,,,3.96832,2.460358,,,3,32.8,1.968,80.6,89.8,29.5,5.7,156.6
19.6375,-99.11666,30501101,,,3.571488,2.214322,,,3,32.8,1.968,80.6,89.8,29.5,5.7,156.6
19.626127,-99.09656,30900199,,,,,,3.698833,4,29.5,2.0992,178,86.33,24.9,2.9,126.4
19.616666,-99.08333,36000101,0.000961921,0.006952496,0.000150479,0.000105335,0.000171908,1.349229,3,39.9,2.0008,80.6,123.75,39.4,7.9,175.3
19.681289,-99.16762,30800801,,,,,,5.566671,4,25.5,1.7056,128,81.09,35.5,4,137.8
19.681289,-99.16762,30102601,5.056676,6.019853,0.4575088,0.4575088,0.03611912,0.3310919,4,47.9,2.0008,190,81.68,26,2.5,125.6
19.681289,-99.16762,30102601,0.06285289,0.2514116,0.01257058,0.003142645,0.5355067,8.181886,4,47.9,2.0008,190,81.68,26,2.5,125.6
19.681289,-99.16762,30299901,0.1587328,0.6349311,1.190496,0.4100476,6.746143,0.00798955,3,49.1,1.8532,157,97.23,36,3.9,144.4
19.681289,-99.16762,30900199,7.873096,9.372734,0.7123278,0.7123278,0.0562364,0.5155004,4,29.5,2.0992,178,86.33,24.9,2.9,126.4
19.681289,-99.16762,30201901,0.2380992,2.619091,1.579475,1.028751,28.40999,0.07642984,3,34.9,1.804,112,86.1,33.7,4.7,147.6
19.681289,-99.16762,30400301,0.612702,0.7294071,0.05543494,0.05543494,0.004376443,1.418006,3,43.6,3.4112,179,468.83,51.3,15.9,219.1
19.681289,-99.16762,30113201,0.08730303,0.3492121,0.5687925,0.3188551,3.710379,0.004394253,3,77.7,6.4944,257,418.86,12.6,4.2,156
19.681289,-99.16762,30106001,3.164497,3.767258,0.2863116,0.2863116,0.02260355,0.2071992,4,47.2,1.5088,139,29.85,16.7,1.4,105.4
19.681289,-99.16762,30700701,,,,,,10.18535,3,48.2,3.4112,176,370.96,40.6,12.9,206.7
19.681289,-99.16762,30102601,0.1793284,0.7173135,0.2160118,0.1406939,7.621456,0.009026194,4,47.9,2.0008,190,81.68,26,2.5,125.6
19.681289,-99.16762,30107001,5.935691,7.066298,0.5370387,0.5370387,0.04239779,0.3886464,4,43.2,1.6564,158,34.81,16.2,1.4,104.8
19.681289,-99.16762,30101001,0.2380992,0.9523968,0.04761983,0.01190496,2.028605,0.02646869,4,43,1.5088,185,28.44,15.9,0.9,92.5
19.681289,-99.16762,30799901,0.1746061,0.6984243,1.251343,0.9698049,7.420758,0.008788506,3,41,3.9032,145,323,27,14.3,211.2
19.681289,-99.16762,30106001,0.01587328,0.06349312,2.730204,1.47339,0.1352403,0.001764579,4,47.2,1.5088,139,29.85,16.7,1.4,105.4
19.681289,-99.16762,30201901,0.1587328,0.6349311,0.1912032,0.1245354,6.746143,0.00798955,3,34.9,1.804,112,86.1,33.7,4.7,147.6
19.681289,-99.16762,30899901,0.8497078,3.398831,0.1699416,0.04248539,7.239511,65.13081,3,36.2,2.0008,148,104.05,33.1,4.5,146.3
19.681289,-99.16762,31400901,0.003206402,0.02317499,0.000501596,0.000501596,0.000573025,31.88042,7,20.9,1.7056,291,37.7,16.5,0,24.9
19.681289,-99.16762,30200701,4.248959,5.058285,0.3844296,0.3844296,0.03034971,0.2782057,3,63.8,2.6896,138,249.9,44,11.6,204.7
19.681289,-99.16762,30700701,0.03174656,0.1269862,0.006349312,0.001587328,0.2704807,2.163422,3,48.2,3.4112,176,370.96,40.6,12.9,206.7
19.681289,-99.16762,30801001,,,,,,1.12995,4,29.3,0.6888,110,7.57,20.3,0.4,70
19.665277,-99.18388,30799901,0.1587328,0.6349311,0.1912032,0.1245354,6.746143,0.00798955,3,41,3.9032,145,323,27,14.3,211.2
19.681289,-99.16762,30299901,0.5396914,2.158766,0.1079383,0.02698457,4.598171,0.0599957,4,39.3,1.8532,314,66.35,24.6,0.5,76.3
19.681289,-99.16762,33000101,0.246893,1.784474,0.03862286,0.03862286,0.04412295,0.06844558,4,36.6,2.9356,247,239.21,35.3,3.1,131
19.681289,-99.16762,30299901,0.4809603,3.476248,0.07523934,0.07523934,0.0859538,0.1333355,3,49.1,1.8532,157,97.23,36,3.9,144.4
19.681289,-99.16762,30801001,6.772757,8.062805,0.6127732,0.6127732,0.04837683,0.4434543,4,29.3,0.6888,110,7.57,20.3,0.4,70
19.681289,-99.16762,30801001,4.182292,4.978919,0.3783978,0.3783978,0.02987351,115.1143,4,29.3,0.6888,110,7.57,20.3,0.4,70
19.666666,-99.18333,33000101,0.396832,1.587328,0.6807312,0.4500759,12.82005,0.02721606,4,36.6,2.9356,247,239.21,35.3,3.1,131
19.681289,-99.16762,30299901,2.584216,3.076448,0.23381,0.23381,0.01845869,592.9744,3,49.1,1.8532,157,97.23,36,3.9,144.4
19.681289,-99.16762,30799901,0.4384464,1.753786,6.857297,5.407317,18.63397,0.02206847,3,41,3.9032,145,323,27,14.3,211.2
19.681289,-99.16762,30400301,,,0.2425084,0.180919,,2.370806,3,43.6,3.4112,179,468.83,51.3,15.9,219.1
19.681289,-99.16762,33000101,0.3141586,1.256635,0.3784229,0.2464763,13.35174,0.01581265,4,36.6,2.9356,247,239.21,35.3,3.1,131
19.681289,-99.16762,30299901,0.06613866,0.2645546,0.07966799,0.05188975,2.810893,0.003328979,4,39.3,1.8532,314,66.35,24.6,0.5,76.3
19.256356,-98.84064,33000101,1.81749,19.9924,12.05666,7.852802,216.863,0.5834144,4,36.6,2.9356,247,239.21,35.3,3.1,131
19.256356,-98.84064,30501401,26.66711,31.74656,2.412738,2.412738,0.1904793,1.746061,3,78.2,3.4112,332,405.58,44.4,5.2,165.7
19.256356,-98.84064,30400101,0.05555648,0.6111212,0.3685441,0.240042,6.628999,0.01783363,4,46.2,2.8372,335,192.85,30.5,2.6,127.4
19.280277,-98.89194,30900199,0.003206402,0.02317499,1.719605,1.490241,0.000573025,0.8806746,4,29.5,2.0992,178,86.33,24.9,2.9,126.4
19.256356,-98.84064,30203001,0.3809587,1.523835,2.730204,0.9478325,16.19074,0.01917492,3,58.4,3.2964,205,392.46,46,10.2,195.2
19.256356,-98.84064,30400701,0.003206402,0.02317499,2.97624,2.220346,0.000573025,0.000888904,3,39.3,2.6896,158,190.83,33.6,7.7,173.6
19.256356,-98.84064,30900199,0.003206402,0.02317499,1.98416,1.392392,0.000573025,0.5284048,4,29.5,2.0992,178,86.33,24.9,2.9,126.4
19.256356,-98.84064,30200701,0.1587328,0.6349311,24.96734,7.132393,1.352403,0.01764579,3,63.8,2.6896,138,249.9,44,11.6,204.7
19.256356,-98.84064,30799901,,,,,,3.369765,3,41,3.9032,145,323,27,14.3,211.2
19.256356,-98.84064,30400701,0.09523967,0.3809587,0.1147219,0.07472124,4.047686,0.00479373,3,39.3,2.6896,158,190.83,33.6,7.7,173.6
19.256356,-98.84064,30203001,0.05092677,0.5601944,0.3378321,0.2200385,6.076582,0.01634749,3,58.4,3.2964,205,392.46,46,10.2,195.2
19.403744,-98.88463,30499901,3.556435,25.70492,1.056367,0.8227923,0.6355807,0.9859422,4,41.3,2.0992,242,124.87,36.1,1.8,112.7
19.403744,-98.88463,30499901,0.1757278,0.05164107,1.59685,1.228035,0.5329009,0.5573426,4,41.3,2.0992,242,124.87,36.1,1.8,112.7
19.403744,-98.88463,30400301,0.006061252,0.04380905,1.190496,1.031605,0.001083224,0.001680347,3,43.6,3.4112,179,468.83,51.3,15.9,219.1
19.403744,-98.88463,30201201,0.1587328,0.6349311,1.137585,0.3949302,6.746143,0.00798955,2,95,4.9528,197,1455.95,75.6,41.3,312
19.41579,-98.94397,30500101,0.01282561,0.09269994,21.82576,13.53213,0.002292102,0.003555615,4,36.1,2.7388,266,259.42,44,1.9,112.4
19.41579,-98.94397,30700701,0.2380992,0.9523968,1.706378,1.544655,10.11922,0.01198433,3,48.2,3.4112,176,370.96,40.6,12.9,206.7
19.551388,-99.05055,30199901,11.32793,13.48563,1.024908,1.024908,0.08091376,2.158325,4,46.1,2.0992,202,85.48,24.7,2.3,122.1
19.529166,-99.06638,30499901,0.03386299,0.001058219,2.85719,2.445085,0.106351,0.111113,4,41.3,2.0992,242,124.87,36.1,1.8,112.7
19.57095,-99.03941,30200701,0.3174656,3.492121,2.105966,1.371668,37.87999,0.1019064,3,63.8,2.6896,138,249.9,44,11.6,204.7
19.543888,-99.05416,30500801,16.04136,19.09685,3.04789,2.441209,0.1145811,1.571455,3,32.2,1.8532,141,117.31,43.5,5.3,152.9
19.524444,-99.075,30101801,0.1923841,1.390499,0.03009574,0.03009574,0.03438152,13.5594,4,53.7,1.7056,191,68.95,30.2,2.1,120.9
19.55,-99.05,30500801,15.43181,18.3712,2.248714,1.924763,0.1102272,1.010416,3,32.2,1.8532,141,117.31,43.5,5.3,152.9
19.530555,-99.06888,31401501,2.986716,3.555614,0.2702267,0.2702267,0.02133369,24.65889,7,4,0.492,94.1,0.73,3.9,0,30.1
19.5225,-99.07444,30501401,7.697905,9.164173,1.102311,0.9156274,0.05498504,0.5040295,3,78.2,3.4112,332,405.58,44.4,5.2,165.7
19.509722,-99.67194,30107001,35.55614,42.32874,3.216985,3.216985,0.2539725,2.328081,4,43.2,1.6564,158,34.81,16.2,1.4,104.8
19.513888,-99.08333,30199901,53.68972,63.91633,4.857641,4.857641,0.383498,3.515398,4,46.1,2.0992,202,85.48,24.7,2.3,122.1
19.56,-99.04111,30103501,4.789485,5.701768,1.734943,1.2143,0.03421061,162.673,3,65.6,3.936,368,478.91,39.4,11.4,204.3
19.557222,-99.04055,30199901,1.617805,1.925958,0.1463728,0.1463728,0.01155575,0.1059277,4,46.1,2.0992,202,85.48,24.7,2.3,122.1
19.56,-99.04111,30107001,1.066684,1.269862,0.09650953,0.09650953,0.007619174,0.06984243,4,43.2,1.6564,158,34.81,16.2,1.4,104.8
19.57095,-99.03941,30107001,0.1587328,0.6349311,0.03174656,0.00793664,1.352403,0.01764579,4,43.2,1.6564,158,34.81,16.2,1.4,104.8
19.509444,-99.08277,30107001,3.733395,4.444518,0.3377834,0.3377834,0.02666711,0.2444485,4,43.2,1.6564,158,34.81,16.2,1.4,104.8
19.546666,-99.07916,30799901,11.0281,13.12868,0.99778,0.99778,0.07877211,0.7220777,3,41,3.9032,145,323,27,14.3,211.2
19.525,-99.07222,30701201,0.4761984,5.238182,3.158949,2.057503,56.81999,0.1528597,4,48.4,2.5912,99.6,61.92,11.7,3.6,140.2
19.575,-99.03333,30701201,88.89036,105.8219,8.042461,8.042461,0.6349311,5.820202,4,48.4,2.5912,99.6,61.92,11.7,3.6,140.2
19.57095,-99.03941,30102601,47.61983,190.4793,9.523967,2.380992,405.721,5.293738,4,47.9,2.0008,190,81.68,26,2.5,125.6
19.543611,-99.05305,30400301,0.09312323,0.002910101,45.75737,39.57074,0.2924652,242.5378,3,43.6,3.4112,179,468.83,51.3,15.9,219.1
19.57095,-99.03941,30400701,,,21.42893,15.03784,,2.289754,3,39.3,2.6896,158,190.83,33.6,7.7,173.6
19.609722,-99.06,30199901,0.4299064,5.117933,0.7776898,0.5988754,0.0307076,3.238705,4,46.1,2.0992,202,85.48,24.7,2.3,122.1
19.57095,-99.03941,30400101,4.982739,5.931832,0.4508192,0.4508192,0.03559099,26.46483,4,46.2,2.8372,335,192.85,30.5,2.6,127.4
19.57095,-99.03941,30899901,2.710888,3.227247,0.2452708,0.2452708,0.01936349,0.1774986,3,36.2,2.0008,148,104.05,33.1,4.5,146.3
19.526111,-99.07444,30201901,0.3174656,3.492121,2.105966,1.371668,37.87999,0.1019064,3,34.9,1.804,112,86.1,33.7,4.7,147.6
19.57095,-99.03941,30101401,,,,,,2.3132,4,27.9,2.6896,127,81.25,14.3,4,138.9
19.57095,-99.03941,30500601,120.2631,143.1703,186.2366,182.621,0.8590219,7.874367,1,196,9.84,620,4564.62,60,459.3,691.6
19.508333,-99.05194,31499901,13.59992,16.19038,1.230469,1.230469,0.09714226,22.06606,4,29.8,1.804,141,37.06,14.5,1.7,106.5
19.516388,-99.08388,30900199,1.653361,1.968287,0.1495898,0.1495898,0.01180972,0.1082558,4,29.5,2.0992,178,86.33,24.9,2.9,126.4
19.524166,-99.07416,30499901,0.1746061,0.6984243,0.8377564,0.7045208,1.487644,0.01941037,4,41.3,2.0992,242,124.87,36.1,1.8,112.7
19.57095,-99.03941,30105001,2.973938,21.4948,0.883348,0.5514447,0.531481,0.8244581,7,36.2,0.1968,103,,2.2,0,23.8
19.523611,-99.07083,30199901,0.07936639,0.8730303,0.7963095,0.4886188,9.469998,0.02547661,4,46.1,2.0992,202,85.48,24.7,2.3,122.1
19.6,-99.05,30400201,0.7000116,2.800046,0.1400023,0.03500058,5.964099,0.07781795,4,44.3,3.362,269,395.42,44.5,2.5,125.1
19.519444,-99.07222,30400701,0.1653467,0.6613866,1.706378,1.435971,7.027233,0.008322448,3,39.3,2.6896,158,190.83,33.6,7.7,173.6
19.57095,-99.03941,30799901,5.095323,20.38129,6.137621,3.997586,216.5512,0.2564646,3,41,3.9032,145,323,27,14.3,211.2
19.523611,-99.08277,30199901,1.06351,4.254039,0.2127019,0.05317548,9.061103,0.1182268,4,46.1,2.0992,202,85.48,24.7,2.3,122.1
19.524444,-99.07,30400301,0.06772599,0.002116437,3.571488,3.032995,0.2127019,0.2222259,3,43.6,3.4112,179,468.83,51.3,15.9,219.1
19.5475,-99.05027,30199901,0.009404601,0.01119595,0.000850892,0.000850892,6.72E-05,166.4936,4,46.1,2.0992,202,85.48,24.7,2.3,122.1
19.559722,-99.03333,30500801,2.458165,2.926387,0.2224054,0.2224054,0.01755832,0.1609513,3,32.2,1.8532,141,117.31,43.5,5.3,152.9
19.602777,-99.05972,30101401,,,,,,3.378583,4,27.9,2.6896,127,81.25,14.3,4,138.9
19.552777,-99.05,31399901,0.2844492,0.3386299,0.02573588,0.02573588,0.00203178,10.74423,4,37.3,1.7056,122,60.33,26.4,3.1,130.7
19.561111,-99.05833,30400701,6.26392,7.457047,2.436107,2.186858,0.04474229,0.4101376,3,39.3,2.6896,158,190.83,33.6,7.7,173.6
19.524444,-99.07222,30400701,0.1428595,0.571438,0.1720829,0.1120819,6.071529,0.1761349,3,39.3,2.6896,158,190.83,33.6,7.7,173.6
19.57095,-99.03941,30199901,19.98826,23.79555,1.808462,1.808462,0.1427733,1.308755,4,46.1,2.0992,202,85.48,24.7,2.3,122.1
19.57095,-99.03941,31499901,0.1663588,1.202396,0.02602445,0.02602445,0.02973047,0.04611928,4,29.8,1.804,141,37.06,14.5,1.7,106.5
19.57095,-99.03941,30101801,10.21002,12.15479,0.9237638,0.9237638,0.07292872,0.6685133,4,53.7,1.7056,191,68.95,30.2,2.1,120.9
19.511666,-99.0825,30101401,0.006904876,0.02761951,0.001380975,0.000345244,0.05882955,38.26122,4,27.9,2.6896,127,81.25,14.3,4,138.9
19.526388,-99.06805,31299901,1.218663,1.450789,0.11026,0.11026,0.008704737,0.07979342,4,30.5,1.9024,163,65.36,23,2.5,120.9
19.526666,-99.07166,30101401,0.00793664,0.03174656,1.014126,0.5471678,0.06762017,1.694925,4,27.9,2.6896,127,81.25,14.3,4,138.9
19.527222,-99.06388,30199901,0.06349312,0.6984243,0.4211933,0.2743337,7.575998,0.02038129,4,46.1,2.0992,202,85.48,24.7,2.3,122.1
19.522777,-99.07611,30799901,0.003206402,0.02317499,0.000501596,0.000501596,0.000573025,4.403373,3,41,3.9032,145,323,27,14.3,211.2
19.530555,-99.06388,30400701,1.261618,1.501926,0.1141464,0.1141464,0.009011556,0.08260594,3,39.3,2.6896,158,190.83,33.6,7.7,173.6
19.531666,-99.07222,30400701,0.1653467,0.6613866,0.19917,0.1297244,7.027233,0.008322448,3,39.3,2.6896,158,190.83,33.6,7.7,173.6
19.531666,-99.07222,30900199,0.1653467,0.6613866,0.19917,0.1297244,7.027233,0.008322448,4,29.5,2.0992,178,86.33,24.9,2.9,126.4
19.57095,-99.03941,30400701,0.1825427,0.7301708,1.251343,1.037148,7.758065,0.009187982,3,39.3,2.6896,158,190.83,33.6,7.7,173.6
19.523611,-99.07638,30400701,0.1428595,0.571438,0.1720829,0.1120819,6.071529,0.007190595,3,39.3,2.6896,158,190.83,33.6,7.7,173.6
19.522222,-99.07555,30900199,0.396832,1.587328,2.730204,1.991548,16.86536,0.01997388,4,29.5,2.0992,178,86.33,24.9,2.9,126.4
19.526944,-99.06777,30102001,,,,,,5.291093,4,33.9,1.6564,159,33.71,15.6,1.3,100.8
19.525833,-99.07083,30299901,0.5555648,2.222259,0.111113,0.02777824,4.733412,0.06176028,3,49.1,1.8532,157,97.23,36,3.9,144.4
19.522777,-99.08444,30701201,0.0396832,0.1587328,0.7963095,0.6299408,1.686536,7.539807,4,48.4,2.5912,99.6,61.92,11.7,3.6,140.2
19.57095,-99.03941,30106001,0.347056,1.388224,0.0694112,0.0173528,2.956917,0.03858106,4,47.2,1.5088,139,29.85,16.7,1.4,105.4
19.57095,-99.03941,50100505,1.355244,1.613386,0.1226173,0.1226173,0.009680314,0.3499838,3,39.3,1.476,1250,67.35,39.4,19.7,233.2
19.539722,-99.05777,30103301,1.833582,2.305475,0.1706764,0.1641287,0.3846961,3.338351,4,59.7,2.3452,333,133.04,30.8,1.7,116.8
19.521666,-99.06944,30300901,0.2180354,1.575899,0.0341085,0.0341085,0.03896572,0.06044545,3,89.9,6.0024,268,812.12,28.7,5.4,171.5
19.513333,-99.0875,30199901,4.533408,5.396915,6.23908,3.55778,0.03238149,5.762747,4,46.1,2.0992,202,85.48,24.7,2.3,122.1
19.57095,-99.03941,30106001,0.2137602,1.544999,0.03343971,0.03343971,0.03820169,0.05926024,4,47.2,1.5088,139,29.85,16.7,1.4,105.4
19.523611,-99.08333,30400701,0.2063526,0.8254105,1.47886,1.228153,8.769986,0.01038642,3,39.3,2.6896,158,190.83,33.6,7.7,173.6
19.57095,-99.03941,30799901,59.9991,71.4275,5.42849,5.42849,0.428565,3.928512,3,82,4.92,404,513.21,27,17.8,239
19.57095,-99.03941,30106001,1.898168,2.259723,0.171739,0.171739,0.01355834,0.1242848,4,47.2,1.5088,139,29.85,16.7,1.4,105.4
19.531388,-99.075,30501501,,,19.37144,11.8381,,,4,32.8,1.968,359,134.69,44.3,2.8,125.9
19.524166,-99.07083,30200701,0.5555648,2.222259,3.306933,1.189509,23.6115,0.02796343,3,63.8,2.6896,138,249.9,44,11.6,204.7
19.525,-99.06888,30900199,0.9523968,3.809587,6.597993,5.471216,40.47686,0.0479373,4,29.5,2.0992,178,86.33,24.9,2.9,126.4
19.57095,-99.03941,30900199,,,0.682551,0.5915442,,21.84073,4,29.5,2.0992,178,86.33,24.9,2.9,126.4
19.57095,-99.03941,30400701,0.1653467,0.6613866,0.19917,0.1297244,7.027233,0.008322448,3,39.3,2.6896,158,190.83,33.6,7.7,173.6
19.57095,-99.03941,30400701,,,9.281459,8.043931,,,3,39.3,2.6896,158,190.83,33.6,7.7,173.6
19.529166,-99.06861,30400701,0.1587328,0.6349311,0.1912032,0.1245354,6.746143,0.00798955,3,39.3,2.6896,158,190.83,33.6,7.7,173.6
19.57095,-99.03941,30101401,0.0396832,0.1587328,0.00793664,0.00198416,0.3381009,257.1489,4,27.9,2.6896,127,81.25,14.3,4,138.9
19.558333,-99.04166,30400701,8.000133,9.523967,0.7238215,0.7238215,0.0571438,0.5238182,3,39.3,2.6896,158,190.83,33.6,7.7,173.6
19.527222,-99.07416,33000101,1.666694,18.33364,11.05632,7.201259,198.87,73.81075,4,36.6,2.9356,247,239.21,35.3,3.1,131
19.57095,-99.03941,30400701,16.16222,19.24073,1.462296,1.462296,0.1154444,1.05824,3,39.3,2.6896,158,190.83,33.6,7.7,173.6
19.57095,-99.03941,30900199,0.9629789,1.146403,0.08712666,0.08712666,0.006878421,3.071038,4,29.5,2.0992,178,86.33,24.9,2.9,126.4
19.57095,-99.03941,10301003,0.222551,1.608537,0.03481492,0.02437044,0.03977273,0.06169732,3,39.3,1.476,1250,67.35,39.4,19.7,233.2
19.544444,-99.04166,31499901,,,2.388928,1.782216,,,4,29.8,1.804,141,37.06,14.5,1.7,106.5
19.524444,-99.07222,33000101,1.690504,6.762017,11.94464,8.279515,71.84643,0.396832,4,36.6,2.9356,247,239.21,35.3,3.1,131
19.524444,-99.07222,30800801,,,,,,2.146906,4,25.5,1.7056,128,81.09,35.5,4,137.8
19.57095,-99.03941,30102601,0.1190496,0.4761984,0.7963095,0.4459714,5.059608,0.005992163,4,47.9,2.0008,190,81.68,26,2.5,125.6
19.57095,-99.03941,30799901,,,,,,3.302065,3,41,3.9032,145,323,27,14.3,211.2
19.57095,-99.03941,30599901,0.7229208,2.926459,0.1441148,0.03678715,6.069416,1.062952,3,55.8,2.296,211,223.94,54.1,5.4,160.6
19.57095,-99.03941,30799901,66.96628,79.72176,6.058854,6.058854,0.4783306,4.384697,3,82,4.92,404,513.21,27,17.8,239
19.524166,-99.07277,30304001,0.1904793,0.7619174,1.365102,1.13368,8.095372,0.00958746,2,131,8.2984,121,1903.5,35.2,98.1,417.6
19.525,-99.07861,30501101,,,5.820202,3.608525,,,3,32.8,1.968,80.6,89.8,29.5,5.7,156.6
19.524722,-99.07277,33000101,0.1827649,1.320974,0.02859095,0.02859095,0.03266244,0.05066751,4,36.6,2.9356,247,239.21,35.3,3.1,131
19.57095,-99.03941,30501401,3.555614,4.232874,0.3216985,0.3216985,0.02539725,0.2328081,3,78.2,3.4112,332,405.58,44.4,5.2,165.7
19.525,-99.06944,31499901,0.1686536,0.6746144,0.03373072,0.008432679,1.436929,0.01874866,4,29.8,1.804,141,37.06,14.5,1.7,106.5
19.627777,-99.00277,30501101,,,2.116437,1.312191,,,3,31.4,2.8864,112,169.98,26,9.2,181.3
19.522222,-99.08333,30200701,0.07936639,0.3174656,0.5687925,0.1974651,3.373072,0.003994775,3,63.8,2.6896,138,249.9,44,11.6,204.7
19.57095,-99.03941,30499901,0.09197947,0.004797257,1.316294,1.056425,0.2880816,0.301005,4,41.3,2.0992,242,124.87,36.1,1.8,112.7
19.53,-99.06805,31499901,,,,,,3.874968,4,29.8,1.804,141,37.06,14.5,1.7,106.5
19.511111,-99.08333,31299901,10.6221,12.64536,0.9610473,0.9610473,0.07587215,0.6954948,4,30.5,1.9024,163,65.36,23,2.5,120.9
19.527777,-99.075,30799901,,,,,,1.5941,3,41,3.9032,145,323,27,14.3,211.2
19.57095,-99.03941,30501101,0.2757506,1.993049,0.04313722,0.04313722,0.04928018,95.33527,3,31.4,2.8864,112,169.98,26,9.2,181.3
19.527777,-99.05,30501401,0.1190496,0.4761984,0.7963095,0.732984,5.059608,0.005992163,3,78.2,3.4112,332,405.58,44.4,5.2,165.7
19.57095,-99.03941,30900199,,,,,,2.113619,4,29.5,2.0992,178,86.33,24.9,2.9,126.4
19.57095,-99.03941,36000101,0.6733445,4.866747,0.1053351,0.1053351,0.1203353,6.217034,3,39.9,2.0008,80.6,123.75,39.4,7.9,175.3
19.520833,-99.08055,30400701,1.044652,1.243633,1.365102,1.195691,0.007461798,0.06839982,3,39.3,2.6896,158,190.83,33.6,7.7,173.6
19.527777,-99.07222,30101401,,,0.3417164,0.1845269,,1.58193,4,27.9,2.6896,127,81.25,14.3,4,138.9
19.519444,-99.08055,30199901,,,,,,3.276856,4,46.1,2.0992,202,85.48,24.7,2.3,122.1
19.525,-99.07222,30400701,0.07936639,0.3174656,0.5687925,0.4723665,3.373072,0.003994775,3,39.3,2.6896,158,190.83,33.6,7.7,173.6
19.57095,-99.03941,31499901,0.04061443,0.2935498,0.006353545,0.006353545,0.007258321,3.591729,4,29.8,1.804,141,37.06,14.5,1.7,106.5
19.57095,-99.03941,30501401,,,,,,3.561964,3,78.2,3.4112,332,405.58,44.4,5.2,165.7
19.513888,-99.08611,30900199,0.06733445,0.4866747,6.327265,5.481874,0.01203353,7.045397,4,29.5,2.0992,178,86.33,24.9,2.9,126.4
19.57095,-99.03941,30900199,0.00064128,0.004634997,0.000100319,7.02E-05,0.000114605,3.703876,4,29.5,2.0992,178,86.33,24.9,2.9,126.4
19.563888,-99.02166,30799901,,,,,,5.01003,3,41,3.9032,145,323,27,14.3,211.2
19.515277,-99.08333,30799901,5.33E-05,6.35E-05,4.83E-06,4.83E-06,3.81E-07,283.5222,3,41,3.9032,145,323,27,14.3,211.2
19.54,-99.06833,30400701,,,2.023843,1.753997,,,3,39.3,2.6896,158,190.83,33.6,7.7,173.6
19.57095,-99.03941,31301001,1.21823,1.450274,0.1102209,0.1102209,0.008701647,0.0797651,3,29.9,2.0008,109,200.27,63.7,11.1,191.5
19.527777,-99.05055,30701201,,,,,,6.869262,4,48.4,2.5912,99.6,61.92,11.7,3.6,140.2
19.616666,-98.98333,31400901,0.003206402,0.02317499,0.000501596,0.000501596,0.000573025,11.44877,7,20.9,1.7056,291,37.7,16.5,0,24.9
19.57095,-99.03941,30101401,1.78E-05,2.12E-05,1.61E-06,1.61E-06,1.27E-07,2.033911,4,27.9,2.6896,127,81.25,14.3,4,138.9
19.559444,-99.08888,33000101,1.880983,7.523934,13.19599,9.14608,79.9418,0.5291093,4,36.6,2.9356,247,239.21,35.3,3.1,131
19.57095,-99.03941,30101401,0.8389188,5.563936,3.643328,1.975545,1.44086,62.00243,4,27.9,2.6896,127,81.25,14.3,4,138.9
19.533333,-99.07083,30299901,0.6984243,2.793697,0.1396849,0.03492121,5.950575,0.07764149,3,49.1,1.8532,157,97.23,36,3.9,144.4
19.522222,-99.07638,30400301,0.111113,0.4444518,0.7963095,0.6613131,4.722301,0.005592685,3,43.6,3.4112,179,468.83,51.3,15.9,219.1
19.57095,-99.03941,30799901,,,,,,48.39233,3,41,3.9032,145,323,27,14.3,211.2
19.501388,-99.06388,30799901,,,,,,1.5941,3,41,3.9032,145,323,27,14.3,211.2
19.519166,-99.07388,30799901,,,,,,6.299708,3,41,3.9032,145,323,27,14.3,211.2
19.6,-99.05,30201301,6.376387,7.590937,0.5769112,0.5769112,0.04554562,0.4175015,4,26.9,1.394,242,35.24,23.1,0.5,73.9
19.525,-99.06666,30299901,0.1478232,1.626055,0.9806125,0.6386974,17.63827,0.04745125,3,49.1,1.8532,157,97.23,36,3.9,144.4
19.57095,-99.03941,30299901,0.3673705,1.469482,0.0734741,0.01836853,3.129997,0.04083936,3,49.1,1.8532,157,97.23,36,3.9,144.4
19.530555,-99.0675,30500801,18.42822,21.93835,1.667315,1.667315,0.1316301,1.206609,3,32.2,1.8532,141,117.31,43.5,5.3,152.9
19.6,-99.05,33000101,0.1190496,1.309546,0.7897373,0.5143757,14.205,0.03821492,4,36.6,2.9356,247,239.21,35.3,3.1,131
19.6,-99.05,30201901,0.06613866,0.2645546,0.07966799,0.05188975,2.810893,0.003328979,3,34.9,1.804,112,86.1,33.7,4.7,147.6
19.57095,-99.03941,30701201,0.838748,3.354992,0.4210828,0.244604,7.146133,0.09324082,4,48.4,2.5912,99.6,61.92,11.7,3.6,140.2
19.57095,-99.03941,30500101,0.5158815,2.063526,0.1031763,0.02579408,4.395311,0.05734883,4,36.1,2.7388,266,259.42,44,1.9,112.4
19.57095,-99.03941,30500101,0.1851882,0.740753,0.03703765,0.009259413,1.577804,0.02058676,4,36.1,2.7388,266,259.42,44,1.9,112.4
19.619722,-98.98166,30501101,0.373022,1.492088,0.07460441,0.0186511,3.178148,0.04146762,3,32.8,1.968,80.6,89.8,29.5,5.7,156.6
19.57095,-99.03941,30700701,,,,,,21.67143,3,48.2,3.4112,176,370.96,40.6,12.9,206.7
19.530555,-99.06944,30701201,0.07029746,0.08368745,0.006360246,0.006360246,0.000502125,45.15948,4,48.4,2.5912,99.6,61.92,11.7,3.6,140.2
19.57095,-99.03941,31400901,0.977794,1.16404,0.08846708,0.08846708,0.006984243,6.501519,7,20.9,1.7056,291,37.7,16.5,0,24.9
19.57095,-99.03941,33000101,0.003474382,0.0382182,0.02304795,0.0150117,0.4145632,5.348426,4,36.6,2.9356,247,239.21,35.3,3.1,131
19.533333,-99.01666,30501101,,,2.028252,1.257516,,,3,32.8,1.968,80.6,89.8,29.5,5.7,156.6
19.57095,-99.03941,30501401,,,,,,3.902843,3,78.2,3.4112,332,405.58,44.4,5.2,165.7
19.551388,-99.05055,30199901,0.2839514,0.3380373,0.02569084,0.02569084,0.002028224,91.01807,4,46.1,2.0992,202,85.48,24.7,2.3,122.1
19.57095,-99.03941,30102601,1.269,1.510715,0.1148143,0.1148143,0.009064288,27.49164,4,47.9,2.0008,190,81.68,26,2.5,125.6
19.377777,-99.29694,30500101,0.9920799,3.96832,0.198416,0.04960399,8.452521,0.1102862,4,36.1,2.7388,266,259.42,44,1.9,112.4
19.382289,-99.33803,30501101,,,2.028252,1.257516,,,3,32.8,1.968,80.6,89.8,29.5,5.7,156.6
19.350402,-98.80768,30701201,12.83485,15.27958,1.161248,1.161248,0.09167751,0.8403772,4,48.4,2.5912,99.6,61.92,11.7,3.6,140.2
19.316944,-98.94166,30501501,0.04761983,0.5238182,0.3158949,0.2057503,5.681999,0.01528597,4,32.8,1.968,359,134.69,44.3,2.8,125.9
19.350402,-98.80768,30101801,0.396832,1.587328,0.07936639,0.0198416,3.381008,1.603757,4,53.7,1.7056,191,68.95,30.2,2.1,120.9
19.350402,-98.80768,30700701,1.238116,13.61927,14.7886,11.63896,147.732,0.3974352,3,48.2,3.4112,176,370.96,40.6,12.9,206.7
19.350402,-98.80768,30400301,0.2285752,0.007142975,15.54259,13.26,0.717869,0.7500124,3,43.6,3.4112,179,468.83,51.3,15.9,219.1
19.310277,-98.88472,30701201,1.285736,5.142942,1.548746,1.008737,54.64376,0.06471536,4,48.4,2.5912,99.6,61.92,11.7,3.6,140.2
19.350402,-98.80768,30799901,0.9523968,3.809587,0.1904793,0.04761983,8.11442,0.1058748,3,41,3.9032,145,323,27,14.3,211.2
19.350402,-98.80768,30400701,0.3042378,1.216951,0.3664727,0.2386928,12.93011,0.0153133,3,39.3,2.6896,158,190.83,33.6,7.7,173.6
19.350402,-98.80768,30400301,0.101589,0.003174656,1.071446,0.8351461,0.3190529,0.3333389,3,43.6,3.4112,179,468.83,51.3,15.9,219.1
19.291666,-98.88333,30201801,0.01587328,0.06349312,7.963095,2.282161,0.6746144,0.000798955,3,44.4,1.9024,170,133.88,47.1,4.9,152.6
19.350402,-98.80768,30900199,1.523843,11.01391,3.836042,3.284839,0.2723303,2.994294,4,29.5,2.0992,178,86.33,24.9,2.9,126.4
19.350402,-98.80768,30701201,0.1269862,1.396849,0.8423865,0.5486674,15.152,0.04076258,4,48.4,2.5912,99.6,61.92,11.7,3.6,140.2
19.350402,-98.80768,30899901,0.003206402,0.02317499,0.000501596,0.000501596,0.000573025,1.242945,3,36.2,2.0008,148,104.05,33.1,4.5,146.3
19.350402,-98.80768,33000101,0.1923841,1.390499,0.2204622,0.1546575,0.03438152,0.2645546,4,36.6,2.9356,247,239.21,35.3,3.1,131
19.312222,-98.87777,30700701,0.4365152,1.746061,2.957721,2.668649,18.5519,0.02197126,3,48.2,3.4112,176,370.96,40.6,12.9,206.7
19.350402,-98.80768,30105001,0.01282561,0.09269994,0.002006382,0.002006382,0.002292102,8.402927,7,36.2,0.1968,103,,2.2,0,23.8
19.309722,-98.89583,30203001,1.808892,7.235569,0.9094066,0.2469098,15.41176,0.2010885,3,58.4,3.2964,205,392.46,46,10.2,195.2
19.316666,-98.88333,30203001,0.1428595,1.571455,0.9476848,0.6172508,17.046,0.0458579,3,58.4,3.2964,205,392.46,46,10.2,195.2
19.350402,-98.80768,30199901,3.17E-05,0.000349212,1.069065,0.5773187,0.003787999,1.02E-05,4,46.1,2.0992,202,85.48,24.7,2.3,122.1
19.350402,-98.80768,33000101,0.1382298,1.520528,0.9169728,0.5972473,16.49358,0.04437177,4,36.6,2.9356,247,239.21,35.3,3.1,131
19.283333,-99.51666,33000101,0.000431118,0.000513236,3.90E-05,3.90E-05,3.08E-06,5.838942,4,36.6,2.9356,247,239.21,35.3,3.1,131
19.287777,-99.54277,30199998,11.30103,106.2297,74.96745,48.82817,1348.439,545.0183,2,45.9,3.1816,588,600.81,75.6,54.6,324.7
19.287777,-99.54277,30199998,11.30103,106.2297,74.96745,48.82817,1348.439,545.0183,2,49.8,6.4616,402,1541.31,47,52.6,322.1
19.287777,-99.51222,30104501,6.966782,75.82626,45.47248,29.60809,818.4814,2.212106,4,35.8,6.1008,141,11.51,0.4,0.5,76.9
19.2975,-99.53722,30106001,1.288937,13.04162,9.444129,5.922365,135.8038,0.3796752,4,47.2,1.5088,139,29.85,16.7,1.4,105.4
19.347226,-99.46769,30900199,0.1320215,0.1571685,0.0119448,0.0119448,0.000943011,1.344819,4,29.5,2.0992,178,86.33,24.9,2.9,126.4
19.347226,-99.46769,40200101,1.288947,1.534461,94.20988,92.26982,0.009206766,15.51675,3,29.5,1.968,80.6,119.73,39.4,7.6,170.3
19.347226,-99.46769,30501401,11.10304,13.21791,1.004561,1.004561,0.07930744,0.7269849,3,78.2,3.4112,332,405.58,44.4,5.2,165.7
19.347226,-99.46769,30201801,6.142918,7.312998,0.5557878,0.5557878,0.04387799,0.4022149,3,44.4,1.9024,170,133.88,47.1,4.9,152.6
19.280555,-99.51388,31400901,,,,,,5.043073,7,20.9,1.7056,291,37.7,16.5,0,24.9
19.283333,-99.51666,30299901,0.8531861,9.385047,5.659767,3.686347,101.8022,0.2738727,3,49.1,1.8532,157,97.23,36,3.9,144.4
19.291666,-99.53333,33000101,1.934446,8.282214,6.626438,4.500115,15.89973,16.08183,4,36.6,2.9356,247,239.21,35.3,3.1,131
19.291666,-99.53333,32099901,0.2169232,0.8666105,0.2869183,0.1817922,1.844906,0.02409703,4,24,1.7056,113,49.54,21.7,2.7,121
19.286111,-99.5225,50100701,0.2824616,2.041554,0.04418706,0.04418706,0.05047952,0.07830618,3,39.3,1.476,1250,67.35,39.4,19.7,233.2
19.347226,-99.46769,31499901,0.05303643,0.06313861,2.841758,2.12126,0.000378832,4.839145,4,29.8,1.804,141,37.06,14.5,1.7,106.5
19.25,-99.6,30701301,,,,,,10.84894,3,38.6,4.592,154,580.42,35,24.1,248.2
19.247556,-99.58296,30701201,0.2486814,1.86511,0.8497049,0.5434538,15.89571,0.0537359,4,48.4,2.5912,99.6,61.92,11.7,3.6,140.2
19.468215,-99.29073,30799901,0.2178286,0.915669,0.2568703,0.1618167,1.741275,0.02649726,3,41,3.9032,145,323,27,14.3,211.2
19.459722,-99.22527,33000101,0.1587328,0.6349311,1.137585,0.788663,6.746143,0.00798955,4,36.6,2.9356,247,239.21,35.3,3.1,131
19.472222,-99.21944,33000101,1.928603,7.714414,13.65102,9.462509,81.96564,0.396832,4,36.6,2.9356,247,239.21,35.3,3.1,131
19.468215,-99.29073,30400701,0.3571488,1.428595,0.4302071,0.2802047,15.17882,0.01797649,3,39.3,2.6896,158,190.83,33.6,7.7,173.6
19.468215,-99.29073,30199901,3.009891,3.583204,0.2723235,0.2723235,0.02149922,0.1970762,4,46.1,2.0992,202,85.48,24.7,2.3,122.1
19.458333,-99.21944,30899901,0.3174656,1.269862,0.06349312,0.01587328,2.704807,0.03529159,3,36.2,2.0008,148,104.05,33.1,4.5,146.3
19.468215,-99.29073,30107001,2.85719,31.42909,18.9537,12.34502,340.9199,1.920916,4,43.2,1.6564,158,34.81,16.2,1.4,104.8
19.468215,-99.29073,30101401,0.01833364,0.07333454,0.003666727,0.000916682,0.1562026,7.561474,4,27.9,2.6896,127,81.25,14.3,4,138.9
19.468215,-99.29073,30199901,0.3982894,1.602558,0.079531,0.02008778,3.369132,0.04476016,4,46.1,2.0992,202,85.48,24.7,2.3,122.1
19.468215,-99.29073,30400301,39.40652,46.91252,220.3806,191.4719,0.2814751,13.7111,2,43.6,3.4112,620,468.83,51.3,47.2,309.2
19.473611,-99.225,30900199,1.919916,2.285614,0.1737067,0.1737067,0.01371369,0.1257088,4,29.5,2.0992,178,86.33,24.9,2.9,126.4
19.466111,-99.24166,30106001,0.1805949,0.7223797,0.03611898,0.009029746,1.538669,0.02007614,4,47.2,1.5088,139,29.85,16.7,1.4,105.4
19.466666,-99.23277,33000101,1.825427,20.0797,12.74095,8.330354,217.81,0.5859621,4,36.6,2.9356,247,239.21,35.3,3.1,131
19.468215,-99.29073,30199901,0.6021436,2.532767,0.1187525,0.03239674,4.809317,0.07332779,4,46.1,2.0992,202,85.48,24.7,2.3,122.1
19.468215,-99.29073,30899901,0.1904793,2.095273,1.26358,0.823001,22.72799,0.06114387,3,36.2,2.0008,148,104.05,33.1,4.5,146.3
19.468215,-99.29073,30499901,0.08016006,0.5793747,7.888799,6.834869,0.01432563,0.02222259,4,41.3,2.0992,242,124.87,36.1,1.8,112.7
19.468333,-99.23666,30501401,0.1923841,1.390499,0.03009574,0.03009574,0.03438152,0.05333422,3,78.2,3.4112,332,405.58,44.4,5.2,165.7
19.468215,-99.29073,30400701,0.08465748,0.002645546,12.97641,11.16835,0.2658774,0.2777824,3,39.3,2.6896,158,190.83,33.6,7.7,173.6
19.477777,-99.22277,30106001,0.2850973,1.140389,0.05701946,0.01425487,2.429029,0.03169332,4,47.2,1.5088,139,29.85,16.7,1.4,105.4
19.475,-99.21972,30201801,0.396832,1.587328,0.07936639,0.0198416,3.381008,0.04411449,3,44.4,1.9024,170,133.88,47.1,4.9,152.6
19.502777,-99.23333,30799901,,,,,,69.79883,3,41,3.9032,145,323,27,14.3,211.2
19.471944,-99.22222,32099901,0.396832,1.587328,0.07936639,0.0198416,3.381008,0.04411449,4,24,1.7056,113,49.54,21.7,2.7,121
19.468215,-99.29073,30799901,4.462296,5.312257,0.4037316,0.4037316,0.03187354,0.2921742,3,41,3.9032,145,323,27,14.3,211.2
19.468215,-99.29073,31499901,,,2.932147,2.541194,,3.346563,4,29.8,1.804,141,37.06,14.5,1.7,106.5
19.465277,-99.21777,30107001,0.1587328,0.6349311,1.322773,0.7355832,6.746143,0.00798955,4,43.2,1.6564,158,34.81,16.2,1.4,104.8
19.505555,-99.22083,30101401,0.02380992,0.09523967,0.004761984,0.001190496,0.2028605,10.08797,4,27.9,2.6896,127,81.25,14.3,4,138.9
19.468215,-99.29073,31399901,14.40718,103.1876,6.459679,5.194324,5.013182,51.11296,4,37.3,1.7056,122,60.33,26.4,3.1,130.7
19.456666,-99.22416,30201201,0.198416,0.7936639,0.5687925,0.1610949,1.690504,0.02205724,2,95,4.9528,197,1455.95,75.6,41.3,312
19.478055,-99.22222,31399901,,,2.039275,1.767372,,,4,37.3,1.7056,122,60.33,26.4,3.1,130.7
19.463888,-99.22,33000101,1.600026,1.904794,0.9259412,0.6929587,0.01142876,14.0214,4,36.6,2.9356,247,239.21,35.3,3.1,131
19.468215,-99.29073,31299901,9.379663,11.16627,0.8486362,0.8486362,0.0669976,0.6141446,4,30.5,1.9024,163,65.36,23,2.5,120.9
19.466666,-99.21805,33000101,3.43809,4.092965,0.3110653,0.3110653,0.02455779,0.4156597,4,36.6,2.9356,247,239.21,35.3,3.1,131
19.461111,-99.21944,31299901,,,1.706378,1.273012,,,4,30.5,1.9024,163,65.36,23,2.5,120.9
19.466666,-99.22916,30106001,0.1479171,0.5916685,0.02958343,0.007395857,1.260254,0.01644345,4,47.2,1.5088,139,29.85,16.7,1.4,105.4
19.468611,-99.23333,30899901,0.6028036,4.356897,0.09429997,0.09429997,0.1077288,0.4519801,3,36.2,2.0008,148,104.05,33.1,4.5,146.3
19.4675,-99.24444,33000101,0.7142975,2.85719,7.166785,4.985933,30.35765,0.03595298,4,36.6,2.9356,247,239.21,35.3,3.1,131
19.468215,-99.29073,30801001,0.3085276,1.889571,0.05285881,0.02751018,0.934772,4.353271,4,29.3,0.6888,110,7.57,20.3,0.4,70
19.4625,-99.21666,30199901,1.10224,1.312191,0.09972652,0.09972652,0.007873146,0.07217051,4,46.1,2.0992,202,85.48,24.7,2.3,122.1
19.4675,-99.22,33000101,0.2936557,1.174623,1.706378,1.170926,2.501946,0.03264472,4,36.6,2.9356,247,239.21,35.3,3.1,131
19.467222,-99.225,33000101,0.1507961,0.6031846,1.137585,0.7891451,6.408836,0.007590073,4,36.6,2.9356,247,239.21,35.3,3.1,131
19.454166,-99.21666,33000101,2.808935,3.343971,0.2541418,0.2541418,0.02006382,0.1839184,4,36.6,2.9356,247,239.21,35.3,3.1,131
19.468611,-99.2225,30199901,0.006412805,0.04634997,7.936639,6.878253,0.001146051,1.409079,4,46.1,2.0992,202,85.48,24.7,2.3,122.1
19.468215,-99.29073,30102001,,,,,,1.785744,4,33.9,1.6564,159,33.71,15.6,1.3,100.8
19.468215,-99.29073,30501001,0.3174656,1.269862,0.06349312,0.01587328,2.704807,0.03529159,3,71.9,3.9524,119,506.05,41.2,26.4,265.7
19.474444,-99.21944,30199901,0.03174656,0.1269862,0.006349312,0.001587328,0.2704807,20.11312,4,46.1,2.0992,202,85.48,24.7,2.3,122.1
19.472222,-99.22111,33000101,0.0396832,0.1587328,0.2645546,0.1832418,1.686536,0.001997388,4,36.6,2.9356,247,239.21,35.3,3.1,131
19.475,-99.225,33000101,3.555614,4.232874,0.3216985,0.3216985,0.02539725,0.2328081,4,36.6,2.9356,247,239.21,35.3,3.1,131
19.488888,-99.22166,32099901,,,7.533194,5.286452,,,4,24,1.7056,113,49.54,21.7,2.7,121
19.472222,-99.25416,36000101,0.003206402,0.02317499,0.000501596,0.000501596,0.000573025,17.59288,3,39.9,2.0008,80.6,123.75,39.4,7.9,175.3
19.472222,-99.23777,36000101,,,,,,6.746143,3,39.9,2.0008,170,154.69,49.2,5.7,158.1
19.468215,-99.29073,30102001,,,5.621786,3.035764,,7.344677,4,33.9,1.6564,159,33.71,15.6,1.3,100.8
19.463333,-99.23083,36000101,,,,,,3.042378,3,39.9,2.0008,80.6,123.75,39.4,7.9,175.3
19.468215,-99.29073,36000101,,,,,,19.31249,3,39.9,2.0008,80.6,123.75,39.4,7.9,175.3
19.466666,-99.21805,33000101,3.43809,4.092965,0.3110653,0.3110653,0.02455779,0.4156597,4,36.6,2.9356,247,239.21,35.3,3.1,131
19.468215,-99.29073,31299901,0.2619091,1.047636,0.05238182,0.01309546,2.231466,0.02911556,4,30.5,1.9024,163,65.36,23,2.5,120.9
19.468215,-99.29073,30107001,0.006412805,0.04634997,0.001003191,0.000702234,0.001146051,9.039602,4,43.2,1.6564,158,34.81,16.2,1.4,104.8
19.465833,-99.24305,30900199,0.006412805,0.04634997,0.001003191,0.001003191,0.001146051,2.113619,4,29.5,2.0992,178,86.33,24.9,2.9,126.4
19.468215,-99.29073,33000301,0.07142975,0.285719,0.4519475,0.3128171,3.035764,0.003595298,4,28.2,1.7056,128,40.39,17.7,2,111.7
19.461111,-99.23277,30801001,,,,,,2.937871,4,29.3,0.6888,110,7.57,20.3,0.4,70
19.468215,-99.29073,33000101,0.07936639,0.8730303,0.5264916,0.3429171,9.469998,0.02547661,4,36.6,2.9356,247,239.21,35.3,3.1,131
19.464722,-99.23194,30701301,0.009619207,0.06952496,0.001504787,0.001504787,0.001719076,2.777824,3,38.6,4.592,154,580.42,35,24.1,248.2
19.459722,-99.22138,31499901,0.3174656,1.269862,0.06349312,0.01587328,2.704807,0.03529159,4,29.8,1.804,141,37.06,14.5,1.7,106.5
19.463611,-99.23138,30900199,0.02565122,0.1853999,0.004012765,0.004012765,0.004584203,31.35201,4,29.5,2.0992,178,86.33,24.9,2.9,126.4
19.471666,-99.21694,30999901,2.524486,3.005341,0.2284059,0.2284059,0.01803204,0.1652937,4,33.8,1.7056,156,81.31,35.6,3.3,132.5
19.470833,-99.23777,36000101,0.003206402,0.02317499,0.000501596,0.000501596,0.000573025,1.322773,3,39.9,2.0008,80.6,123.75,39.4,7.9,175.3
19.469444,-99.21666,30799901,,,,,,1.127177,3,41,3.9032,145,323,27,14.3,211.2
19.4875,-99.23888,33000101,0.2063526,0.8254105,1.365102,0.9454314,8.769986,0.01038642,4,36.6,2.9356,247,239.21,35.3,3.1,131
19.468215,-99.29073,33000301,3.206402,23.17499,0.5015956,0.5015956,0.5730253,0.8889036,4,28.2,1.7056,128,40.39,17.7,2,111.7
19.456388,-99.24388,30501101,,,6.349311,3.936573,,,3,32.8,1.968,80.6,89.8,29.5,5.7,156.6
19.476388,-99.22222,30900199,0.01603201,0.1158749,0.002507978,0.002507978,0.002865127,4.227238,4,29.5,2.0992,178,86.33,24.9,2.9,126.4
19.475,-99.22722,30900199,0.05130244,0.3707998,0.00802553,0.00802553,0.009168406,1.232944,4,29.5,2.0992,178,86.33,24.9,2.9,126.4
19.460277,-99.21527,33000101,11.55575,13.75684,1.04552,1.04552,0.08254105,0.7566263,4,36.6,2.9356,247,239.21,35.3,3.1,131
19.45,-99.23277,30501101,,,3.571488,2.214322,,,3,32.8,1.968,80.6,89.8,29.5,5.7,156.6
19.477777,-99.22777,30299901,12.64021,15.04787,4.508452,2.105013,0.09028721,1.190496,3,49.1,1.8532,157,97.23,36,3.9,144.4
19.460277,-99.23333,31299901,0.006412805,0.04634997,0.001003191,0.001003191,0.001146051,1.761349,4,30.5,1.9024,163,65.36,23,2.5,120.9
19.468215,-99.29073,30200701,0.003206402,0.02317499,1.102311,0.3151538,0.000573025,0.000888904,3,63.8,2.6896,138,249.9,44,11.6,204.7
19.481111,-99.225,33000101,0.003206402,0.02317499,0.000501596,0.000501596,0.000573025,13.88912,4,36.6,2.9356,247,239.21,35.3,3.1,131
19.4625,-99.23888,33000101,0.3142274,2.271149,0.04915637,0.03440946,0.05615649,3.96832,4,36.6,2.9356,247,239.21,35.3,3.1,131
19.518055,-99.23138,31400901,,,,,,10.74423,7,20.9,1.7056,291,37.7,16.5,0,24.9
19.467777,-99.23388,30499901,0.2096105,1.515007,0.03279056,0.03279056,0.0374601,0.05810985,4,41.3,2.0992,242,124.87,36.1,1.8,112.7
19.466111,-99.22083,30900199,,,,,,4.755643,4,29.5,2.0992,178,86.33,24.9,2.9,126.4
19.454166,-99.23944,33000101,0.07936639,0.3174656,0.01587328,0.00396832,0.6762017,10.58219,4,36.6,2.9356,247,239.21,35.3,3.1,131
19.473333,-99.22305,30101401,,,,,,5.649752,4,27.9,2.6896,127,81.25,14.3,4,138.9
19.468055,-99.24166,30199901,,,,,,8.248637,4,46.1,2.0992,202,85.48,24.7,2.3,122.1
19.468215,-99.29073,30101401,0.02460358,0.09841433,0.004920716,0.001230179,0.2096225,3.966838,4,27.9,2.6896,127,81.25,14.3,4,138.9
19.468055,-99.24027,30112101,0.01923841,0.1390499,0.003009574,0.003009574,0.003438152,271.1881,4,41.7,1.9024,143,73.56,25.9,3.3,134.6
19.475,-99.22638,33000101,0.1587328,0.6349311,0.03174656,0.00793664,1.352403,0.01764579,4,36.6,2.9356,247,239.21,35.3,3.1,131
19.466666,-99.225,30701301,0.01282561,0.09269994,0.002006382,0.002006382,0.002292102,3.571488,3,38.6,4.592,154,580.42,35,24.1,248.2
19.462222,-99.245,30900199,,,,,,6.693127,4,29.5,2.0992,178,86.33,24.9,2.9,126.4
19.469444,-99.21944,31301001,0.1587328,0.6349311,1.190496,0.8210941,1.352403,352.446,3,29.9,2.0008,109,200.27,63.7,11.1,191.5
19.463888,-99.22222,33000101,0.07142975,0.285719,0.7963095,0.5523599,0.6085815,121.8274,4,36.6,2.9356,247,239.21,35.3,3.1,131
19.458333,-99.225,30799901,,,,,,2.479789,3,41,3.9032,145,323,27,14.3,211.2
19.494444,-99.25555,30700801,,,,,,1.138643,3,47.4,2.8864,136,209.04,31.9,9.8,189.8
19.472222,-99.23194,30799901,,,,,,11.84189,3,41,3.9032,145,323,27,14.3,211.2
19.461111,-99.24194,30900199,,,,,,2.818159,4,29.5,2.0992,178,86.33,24.9,2.9,126.4
19.472222,-99.22472,30799901,,,,,,4.579508,3,41,3.9032,145,323,27,14.3,211.2
19.468215,-99.29073,30900199,0.1349229,0.5396914,0.02698457,0.006746144,1.149543,0.3522698,4,29.5,2.0992,178,86.33,24.9,2.9,126.4
19.456111,-99.25055,30801001,,,,,,2.372896,4,29.3,0.6888,110,7.57,20.3,0.4,70
19.468215,-99.29073,30499901,0.04737918,0.01244112,1.859072,1.568978,0.1442891,0.1508877,4,41.3,2.0992,242,124.87,36.1,1.8,112.7
19.502777,-99.2625,36000101,,,,,,11.24357,3,39.9,2.0008,80.6,123.75,39.4,7.9,175.3
19.468215,-99.29073,31301001,0.1190496,0.4761984,2.899078,2.497851,1.014302,162.3964,3,29.9,2.0008,109,200.27,63.7,11.1,191.5
19.468215,-99.29073,30107001,29.18567,34.74484,2.640608,2.640608,0.2084691,1.910966,4,43.2,1.6564,158,34.81,16.2,1.4,104.8
19.468215,-99.29073,30201801,0.2619091,1.047636,0.05238182,0.01309546,2.231466,0.02911556,3,44.4,1.9024,170,133.88,47.1,4.9,152.6
19.468215,-99.29073,30799901,,,30.95289,29.60711,,45.20414,3,41,3.9032,145,323,27,14.3,211.2
19.468215,-99.29073,30799901,0.003206402,0.02317499,0.000501596,0.000501596,0.000573025,7.045397,3,41,3.9032,145,323,27,14.3,211.2
19.468215,-99.29073,30101801,0.3174656,1.269862,0.06349312,0.01587328,2.704807,17.65766,4,53.7,1.7056,191,68.95,30.2,2.1,120.9
19.468215,-99.29073,10300502,0.3571488,1.428595,2.502687,0.2802047,15.17882,0.01797649,4,24.9,0.5904,132,13.95,51,0.7,79.3
19.468215,-99.29073,30799901,,,,,,1.707965,3,41,3.9032,145,323,27,14.3,211.2
19.468215,-99.29073,33000101,0.1843681,1.332562,0.02884175,0.02884175,0.03294896,0.05111196,4,36.6,2.9356,247,239.21,35.3,3.1,131
19.468215,-99.29073,30900199,,,,,,5.008902,4,29.5,2.0992,178,86.33,24.9,2.9,126.4
19.466666,-99.23333,30799901,38.2612,45.54905,3.461728,3.461728,0.2732943,2.505198,3,82,4.92,404,513.21,27,17.8,239
19.479166,-99.225,30799901,,,,,,1.485915,3,41,3.9032,145,323,27,14.3,211.2
19.466666,-99.23333,30701201,0.396832,1.587328,0.2888055,0.1873929,3.381008,0.04411449,4,48.4,2.5912,99.6,61.92,11.7,3.6,140.2
19.468215,-99.29073,33000101,3.352103,3.990599,0.5875317,0.5027566,0.02394359,0.2194829,4,36.6,2.9356,247,239.21,35.3,3.1,131
19.468215,-99.29073,36000101,0.002565122,0.01853999,0.000401277,0.000401277,0.00045842,338.4558,3,39.9,2.0008,80.6,123.75,39.4,7.9,175.3
19.468215,-99.29073,30799901,0.003607203,0.02607186,0.000564295,0.000564295,0.000644654,8.115213,3,41,3.9032,145,323,27,14.3,211.2
19.462222,-99.21388,33000101,3.529958,4.202331,0.3193771,0.3193771,0.02521398,0.2311282,4,36.6,2.9356,247,239.21,35.3,3.1,131
19.466666,-99.23333,31299901,0.1950561,1.409812,0.03051373,0.03051373,0.03485904,0.05407497,4,30.5,1.9024,163,65.36,23,2.5,120.9
19.466666,-99.23333,30500301,0.03571488,0.1428595,0.04302071,0.02802046,1.517882,0.001797649,3,35.3,2.6404,230,232.31,42.4,4.2,143.4
19.468215,-99.29073,31301001,0.3698331,2.673051,0.05785508,0.05785508,0.06609394,0.102528,3,29.9,2.0008,109,200.27,63.7,11.1,191.5
19.459444,-99.22805,30900199,,,,,,2.691844,4,29.5,2.0992,178,86.33,24.9,2.9,126.4
19.466666,-99.21666,33000101,6.656675,8.965828,1.649185,1.299891,10.58048,1.472017,4,36.6,2.9356,247,239.21,35.3,3.1,131
19.457777,-99.21944,30102601,2.149387,2.558794,0.1944683,0.1944683,0.01535276,0.1407337,4,47.9,2.0008,190,81.68,26,2.5,125.6
19.468215,-99.29073,30999901,,,,,,1.377889,4,33.8,1.7056,156,81.31,35.6,3.3,132.5
19.479166,-99.305,33000101,0.2910101,1.16404,0.3505391,0.2283149,12.36793,0.01464751,4,36.6,2.9356,247,239.21,35.3,3.1,131
19.466666,-99.23333,30701201,0.1886265,0.7545061,0.0377253,0.009431325,1.607098,0.02096898,4,48.4,2.5912,99.6,61.92,11.7,3.6,140.2
19.468215,-99.29073,30801001,0.01982907,0.143319,0.003101973,0.003101973,0.003543709,16.15657,4,29.3,0.6888,110,7.57,20.3,0.4,70
19.468215,-99.29073,30203201,0.1311847,0.5247388,0.02623694,0.006559236,1.117694,0.01458337,5,40.2,1.2136,316,28.34,24.5,0.2,62
19.468215,-99.29073,31499901,0.8016006,5.793747,0.1253989,0.1253989,0.1432563,0.2222259,4,29.8,1.804,141,37.06,14.5,1.7,106.5
19.468215,-99.29073,30900199,,,,,,2.619091,4,29.5,2.0992,178,86.33,24.9,2.9,126.4
19.468215,-99.29073,30900199,,,,,,2.619091,4,29.5,2.0992,178,86.33,24.9,2.9,126.4
19.466666,-99.23333,36000101,,,,,,10.52018,3,39.9,2.0008,80.6,123.75,39.4,7.9,175.3
19.466666,-99.23333,31299901,,,9.385076,7.001565,,3.15261,4,30.5,1.9024,163,65.36,23,2.5,120.9
19.466666,-99.23333,30101801,,,,,,31.94497,4,53.7,1.7056,191,68.95,30.2,2.1,120.9
19.468215,-99.29073,30900199,0.01603201,0.1158749,0.002507978,0.002507978,0.002865127,4.972939,4,29.5,2.0992,178,86.33,24.9,2.9,126.4
19.468215,-99.29073,30801001,,,,,,27.55778,4,29.3,0.6888,110,7.57,20.3,0.4,70
19.468215,-99.29073,33000101,0.1909007,2.099907,1.266375,0.8248214,22.77826,0.06127911,4,36.6,2.9356,247,239.21,35.3,3.1,131
19.427324,-99.02308,30610001,0.2149507,0.8598026,0.04299013,0.01074753,1.83138,0.02389535,5,38.6,2.296,294,137.84,33.3,0.2,57
19.400555,-99.03333,30101838,0.000800278,0.003201111,,,0.006818367,874.8062,4,49.2,0.984,523,49.89,65.6,3.5,139.9
19.400555,-99.03333,30101837,,,,,,48.60034,3,49.2,0.984,80.6,130.65,171.8,8.3,181.1
19.400555,-99.03333,30101837,,,,,,48.60034,4,49.2,0.984,78.8,32.38,42.6,2.1,119.6
19.400555,-99.03333,30101814,,,0.000160056,4.00E-05,,,3,49.2,0.984,95,114.64,150.7,6.8,170.3
19.427324,-99.02308,30102401,,,,,,7.796657,4,44.1,1.7056,194,70.37,30.8,2.1,117.6
19.427324,-99.02308,30501101,,,3.174656,1.968287,,,3,32.8,1.968,80.6,89.8,29.5,5.7,156.6
19.427324,-99.02308,30400701,0.04575845,0.01088087,1.578307,1.326951,0.1398203,0.1461998,3,39.3,2.6896,158,190.83,33.6,7.7,173.6
19.4,-99.01388,30900199,0.003206402,0.02317499,0.000501596,0.000501596,0.000573025,1.937484,4,29.5,2.0992,178,86.33,24.9,2.9,126.4
19.427324,-99.02308,30400701,0.01603201,0.1158749,1.190496,1.031345,0.002865127,1.761349,3,39.3,2.6896,158,190.83,33.6,7.7,173.6
19.427324,-99.02308,30799901,0.359198,2.596184,0.4993469,0.3503203,0.06419331,0.09957965,3,41,3.9032,145,323,27,14.3,211.2
19.427324,-99.02308,31499901,,,,,,2.116437,4,29.8,1.804,141,37.06,14.5,1.7,106.5
19.4,-98.98333,30700801,,,,,,2.47524,3,47.4,2.8864,136,209.04,31.9,9.8,189.8
19.601666,-99.28361,30701201,0.6349311,2.539725,4.436582,3.435557,26.98457,0.0319582,4,48.4,2.5912,99.6,61.92,11.7,3.6,140.2
19.613333,-99.2875,30701201,0.5291093,2.116437,0.6373439,0.415118,22.48714,0.02663183,4,48.4,2.5912,99.6,61.92,11.7,3.6,140.2
19.613333,-99.2875,33000101,1.513078,16.64386,10.03728,6.537532,180.5405,0.485698,4,36.6,2.9356,247,239.21,35.3,3.1,131
19.261028,-99.40805,30113201,1.231047,8.897669,0.1925797,0.1925797,0.220004,0.3412805,3,77.7,6.4944,257,418.86,12.6,4.2,156
19.266666,-99.46666,30106001,0.5149636,2.515227,6.958913,3.739659,3.210686,0.5342759,4,47.2,1.5088,139,29.85,16.7,1.4,105.4
19.266666,-99.46666,30899901,0.01244351,0.08993826,0.001946609,0.001946609,0.002223816,6.294196,3,36.2,2.0008,148,104.05,33.1,4.5,146.3
19.276666,-99.47722,30599901,0.01542814,0.1115103,0.002413511,0.002413511,0.002757207,18.5078,3,55.8,2.296,211,223.94,54.1,5.4,160.6
19.266666,-99.46666,33000101,0.06372753,0.2547458,0.07669847,0.04995748,2.705935,1.37448,4,36.6,2.9356,247,239.21,35.3,3.1,131
19.366944,-98.9475,30701201,2.035087,8.140347,1.940292,1.222924,69.20312,0.133383,4,48.4,2.5912,99.6,61.92,11.7,3.6,140.2
19.35,-98.95833,30199901,0.4552589,1.821036,0.09105177,0.02276294,3.878805,89.94202,4,46.1,2.0992,202,85.48,24.7,2.3,122.1
19.35972,-98.9481,30199901,11.797,14.04404,1.067347,1.067347,0.08426426,122.7765,4,46.1,2.0992,202,85.48,24.7,2.3,122.1
19.366666,-98.95,30700801,0.4365152,4.801667,3.071479,2.026665,52.08499,0.1401214,3,47.4,2.8864,136,209.04,31.9,9.8,189.8
19.35972,-98.9481,30101801,3.210615,12.84246,0.642123,0.1605308,27.35444,0.3569134,4,53.7,1.7056,191,68.95,30.2,2.1,120.9
19.35972,-98.9481,30400701,0.3042378,1.216951,0.3664727,0.2386928,12.93011,0.0153133,3,39.3,2.6896,158,190.83,33.6,7.7,173.6
19.35972,-98.9481,30701201,2.837348,11.34939,3.417757,2.22607,120.5873,0.1428132,4,48.4,2.5912,99.6,61.92,11.7,3.6,140.2
19.355555,-98.95833,30101401,0.06349312,0.2539725,4.497429,2.437124,1.333355,0.007060434,4,27.9,2.6896,127,81.25,14.3,4,138.9
19.35972,-98.9481,30701201,1.944477,7.777906,13.65102,10.57258,82.64026,0.396832,4,48.4,2.5912,99.6,61.92,11.7,3.6,140.2
19.35972,-98.9481,30700701,0.3254022,3.579424,5.687925,4.781821,38.82699,0.1044541,3,48.2,3.4112,176,370.96,40.6,12.9,206.7
19.35972,-98.9481,30299901,0.7777907,3.111163,0.1555581,0.03888953,6.626776,0.0864644,3,49.1,1.8532,157,97.23,36,3.9,144.4
19.373055,-98.94388,30202101,0.2380992,0.9523968,0.04761983,0.01190496,2.028605,0.9017415,3,14.9,2.1976,82.2,246.46,65,15.6,209.2
19.35,-98.98,30500101,1.98416,7.936639,0.396832,0.09920799,16.90504,0.2205724,4,36.1,2.7388,266,259.42,44,1.9,112.4
19.352222,-98.95833,30113201,0.05555648,0.6111212,0.3685441,0.240042,6.628999,0.01783363,3,77.7,6.4944,257,418.86,12.6,4.2,156
19.35972,-98.9481,30701201,0.3174656,1.269862,2.27517,1.763282,13.49229,0.0159791,4,48.4,2.5912,99.6,61.92,11.7,3.6,140.2
19.366666,-98.95416,30700801,0.4127052,4.539758,2.737756,1.783169,49.24399,0.1324784,3,47.4,2.8864,136,209.04,31.9,9.8,189.8
19.368055,-98.95416,30700801,0.4365152,1.746061,3.071479,2.379009,18.5519,0.02197126,3,47.4,2.8864,136,209.04,31.9,9.8,189.8
19.35972,-98.9481,30999901,0.0396832,0.1587328,0.00793664,0.00198416,0.3381009,17.96576,4,33.8,1.7056,156,81.31,35.6,3.3,132.5
19.356944,-98.96388,30400701,0.000355561,0.000423287,1.322773,1.146408,2.54E-06,2.33E-05,3,39.3,2.6896,158,190.83,33.6,7.7,173.6
19.35972,-98.9481,30899901,,,,,,9.768681,3,36.2,2.0008,148,104.05,33.1,4.5,146.3
19.35972,-98.9481,30701201,0.003206402,0.02317499,0.000501596,0.000501596,0.000573025,2.910101,4,48.4,2.5912,99.6,61.92,11.7,3.6,140.2
19.35972,-98.9481,30701201,0.00793664,0.03174656,0.001587328,0.000396832,0.06762017,1.937484,4,48.4,2.5912,99.6,61.92,11.7,3.6,140.2
19.35972,-98.9481,30101801,,,,,,6.327722,4,53.7,1.7056,191,68.95,30.2,2.1,120.9
19.35972,-98.9481,30501101,0.198416,0.7936639,1.365102,0.85385,8.432679,0.009986938,3,31.4,2.8864,112,169.98,26,9.2,181.3
19.35972,-98.9481,33000101,0.05130244,0.3707998,1.706378,1.197444,0.009168406,0.01422246,4,36.6,2.9356,247,239.21,35.3,3.1,131
19.353333,-98.98194,30700701,0.765346,3.061384,0.1530692,0.0382673,6.520748,0.08508097,3,48.2,3.4112,176,370.96,40.6,12.9,206.7
19.701362,-98.98287,30101401,0.01382298,0.05529192,0.002764596,0.000691149,0.1177718,41.00688,4,27.9,2.6896,127,81.25,14.3,4,138.9
19.701362,-98.98287,30400701,0.1269862,1.396849,0.8423865,0.5486674,15.152,0.04076258,3,39.3,2.6896,158,190.83,33.6,7.7,173.6
19.701362,-98.98287,30701201,0.3254022,1.301609,1.706378,1.306826,13.82959,0.01637858,4,48.4,2.5912,99.6,61.92,11.7,3.6,140.2
19.701362,-98.98287,30400201,0.1428595,0.571438,0.3417164,0.2407587,1.217163,0.01588122,4,44.3,3.362,269,395.42,44.5,2.5,125.1
19.701362,-98.98287,30199901,,,,,,39.54826,4,46.1,2.0992,202,85.48,24.7,2.3,122.1
19.701362,-98.98287,31499901,1.253398,5.013594,0.6294196,0.3284523,10.67895,0.1393361,4,29.8,1.804,141,37.06,14.5,1.7,106.5
19.701362,-98.98287,30701201,0.2573376,1.091447,2.669255,2.092462,10.12265,0.01731775,4,48.4,2.5912,99.6,61.92,11.7,3.6,140.2
19.132541,-99.41694,30400701,1.149762,8.310164,2.537156,1.472929,0.2054773,733.0068,3,39.3,2.6896,158,190.83,33.6,7.7,173.6
19.537986,-99.16784,30105001,,,,,,136.9699,7,36.2,0.1968,103,,2.2,0,23.8
19.551388,-99.20777,30701201,1.53582,1.828357,0.1389551,0.1389551,0.01097014,0.1005596,4,48.4,2.5912,99.6,61.92,11.7,3.6,140.2
19.544444,-99.20861,30900199,0.1455051,0.5820202,0.02910101,0.007275253,1.239703,0.01617531,4,29.5,2.0992,178,86.33,24.9,2.9,126.4
19.5725,-99.20138,30103301,0.2238132,1.857174,0.446273,0.2918895,7.60465,0.06482647,4,59.7,2.3452,333,133.04,30.8,1.7,116.8
19.523611,-99.20833,30701201,0.05555648,0.2222259,4.435699,3.53861,2.36115,0.002796343,4,48.4,2.5912,99.6,61.92,11.7,3.6,140.2
19.537986,-99.16784,30199901,0.170856,0.683424,0.0341712,0.0085428,1.455693,0.01899349,4,46.1,2.0992,202,85.48,24.7,2.3,122.1
19.538888,-99.19416,30103501,0.6076152,5.671741,3.89619,2.43751,56.48172,0.1647078,3,82.3,2.296,185,166.36,40.2,5.3,168.1
19.537986,-99.16784,30400101,,,,,,1.636932,4,46.2,2.8372,335,192.85,30.5,2.6,127.4
19.552222,-99.19916,30900199,35.55614,42.32874,3.216985,3.216985,0.2539725,2.328081,4,29.5,2.0992,178,86.33,24.9,2.9,126.4
19.546666,-99.20416,30400301,0.3216985,0.01005308,3.028489,2.328795,1.010334,1.055573,3,43.6,3.4112,179,468.83,51.3,15.9,219.1
19.556666,-99.19305,30101801,1.031763,11.34939,6.84439,4.457922,123.11,0.331196,4,53.7,1.7056,191,68.95,30.2,2.1,120.9
19.583333,-99.20166,30599901,4.622299,5.502737,0.7936639,0.7860016,0.03301642,0.3026505,3,55.8,2.296,211,223.94,54.1,5.4,160.6
19.537986,-99.16784,30103301,0.1337324,0.5349295,0.1610887,0.1049211,5.683626,0.006731196,4,59.7,2.3452,333,133.04,30.8,1.7,116.8
19.527777,-99.19166,30501401,98.44453,117.1959,100.0918,98.21172,39.28406,6.445773,2,278,11.972,563,1218.46,10.8,101.4,466.7
19.506944,-99.17916,30701201,96.16159,114.4781,8.700335,8.700335,0.6868685,63.55925,3,82,4.92,404,513.21,27,17.8,239
19.537986,-99.16784,30799901,8.889036,10.58219,0.8042461,0.8042461,0.06349312,0.5820202,3,41,3.9032,145,323,27,14.3,211.2
19.537986,-99.16784,30501401,80.00133,95.23967,41.45395,40.74847,40.69556,5.238182,3,157,2.0992,71.6,72.43,20.9,4.8,186.2
19.531944,-99.22916,30107001,1.587328,17.46061,10.52983,6.858342,189.4,0.9039602,4,43.2,1.6564,158,34.81,16.2,1.4,104.8
19.537986,-99.16784,30400701,6.903292,8.218204,0.6245835,0.6245835,0.04930923,0.4520013,3,39.3,2.6896,158,190.83,33.6,7.7,173.6
19.573611,-99.20138,30101401,0.1784889,0.2124868,0.01614899,0.01614899,0.001274921,29.1203,4,27.9,2.6896,127,81.25,14.3,4,138.9
19.544444,-99.20861,30400701,8.606514,10.24585,0.7786846,0.7786846,0.0614751,0.5635218,3,39.3,2.6896,158,190.83,33.6,7.7,173.6
19.524722,-99.11333,30800101,7.46679,8.889036,0.6755667,0.6755667,0.05333422,0.488897,3,35.3,2.0992,113,121.13,35,6.5,163.9
19.537986,-99.16784,30103501,68.51067,81.56031,6.198584,6.198584,0.4893619,161.0912,2,98.4,4.92,442,779.48,41,36.1,300.7
19.582777,-99.2,30400101,5.148079,6.128666,4.9604,4.361117,0.03677199,14.79533,4,46.2,2.8372,335,192.85,30.5,2.6,127.4
19.544444,-99.20527,30103301,0.2380992,0.9523968,0.04761983,0.01190496,2.028605,1.3319,4,59.7,2.3452,333,133.04,30.8,1.7,116.8
19.545555,-99.20305,30101401,0.09329943,0.4651347,0.01741902,0.006359883,0.5573217,83.48151,4,27.9,2.6896,127,81.25,14.3,4,138.9
19.519444,-99.20888,30102001,,,0.2094391,0.1005308,,27.3448,4,33.9,1.6564,159,33.71,15.6,1.3,100.8
19.543611,-99.20833,30101401,0.003740803,0.02703748,0.000585195,0.000585195,0.00066853,90.19835,4,27.9,2.6896,127,81.25,14.3,4,138.9
19.537986,-99.16784,30500601,17.64388,101.0034,88.42379,58.6479,145.9722,3.239106,2,232,14.76,320,6235.2,36.4,57,386
19.521111,-99.20833,30199901,0.01282561,0.09269994,26.45547,14.28627,0.002292102,0.003555615,4,46.1,2.0992,202,85.48,24.7,2.3,122.1
19.520833,-99.20833,30199901,0.7777907,3.111163,2.047653,1.060621,6.626776,0.3389851,4,46.1,2.0992,202,85.48,24.7,2.3,122.1
19.537986,-99.16784,30400301,0.4571865,3.304417,0.07152026,0.07152026,0.08170511,0.1267448,3,43.6,3.4112,179,468.83,51.3,15.9,219.1
19.537986,-99.16784,30400701,0.00793664,0.03174656,19.40067,16.81294,0.06762017,0.00088229,3,39.3,2.6896,158,190.83,33.6,7.7,173.6
19.5325,-99.16111,30107001,0.02380992,0.09523967,0.004761984,0.001190496,0.2028605,7.909652,4,43.2,1.6564,158,34.81,16.2,1.4,104.8
19.537986,-99.16784,30400101,3.898019,4.640498,0.3526779,0.3526779,0.02784299,0.2552274,4,46.2,2.8372,335,192.85,30.5,2.6,127.4
19.583888,-99.20277,30900199,0.003206402,0.02317499,0.000501596,0.000501596,0.000573025,5.636317,4,29.5,2.0992,178,86.33,24.9,2.9,126.4
19.537986,-99.16784,30701201,2.405,9.620001,0.481,0.12025,20.4906,0.2673559,4,48.4,2.5912,99.6,61.92,11.7,3.6,140.2
19.520833,-99.20638,33000101,1.190496,13.09546,7.897374,5.143756,142.05,0.7936639,4,36.6,2.9356,247,239.21,35.3,3.1,131
19.522777,-99.20416,33000101,,,105.8219,74.26096,,,4,36.6,2.9356,247,239.21,35.3,3.1,131
19.546944,-99.20083,36000101,,,,,,437.1765,3,39.9,2.0008,170,154.69,49.2,5.7,158.1
19.537986,-99.16784,30107001,28.48399,33.90951,2.577123,2.577123,0.2034571,1.865023,4,43.2,1.6564,158,34.81,16.2,1.4,104.8
19.526666,-99.20027,31399901,0.09298567,0.6720746,2.116437,1.57826,0.01661774,2.113619,4,37.3,1.7056,122,60.33,26.4,3.1,130.7
19.543888,-99.20027,30500501,12.78243,15.21718,1.156506,1.156506,0.0913031,0.8369451,3,43.9,2.6896,193,180.02,31.7,5.3,156.4
19.537986,-99.16784,30499901,0.4629706,1.851882,0.5576759,0.3632282,19.67625,0.02330285,4,41.3,2.0992,242,124.87,36.1,1.8,112.7
19.539444,-99.19416,30899901,0.04960399,0.198416,0.009920799,0.0024802,0.422626,292.3347,3,36.2,2.0008,148,104.05,33.1,4.5,146.3
19.537986,-99.16784,30106001,0.1557767,0.6677884,0.03055227,0.008612568,1.211748,51.5733,4,47.2,1.5088,139,29.85,16.7,1.4,105.4
19.558333,-99.21111,30900199,0.6195976,3.689267,0.1075764,0.0533031,2.149745,0.1311762,4,29.5,2.0992,178,86.33,24.9,2.9,126.4
19.558333,-99.21111,30900199,0.619609,3.689214,2.832973,2.086577,2.149727,0.131175,4,29.5,2.0992,178,86.33,24.9,2.9,126.4
19.526944,-99.08333,30300501,0.07936639,0.3174656,0.7963095,0.585018,3.373072,0.1761349,2,245,6.4944,172,1072.95,32.4,38.6,351.5
19.506944,-99.21472,30102001,,,,,,12.42945,4,33.9,1.6564,159,33.71,15.6,1.3,100.8
19.537986,-99.16784,33000101,0.8730303,3.492121,0.3417164,0.1609219,7.438219,0.09705187,4,36.6,2.9356,247,239.21,35.3,3.1,131
19.556944,-99.17638,30101401,0.003206402,0.02317499,3.373072,1.619185,0.000573025,44.52004,4,27.9,2.6896,127,81.25,14.3,4,138.9
19.540833,-99.20361,30801001,1.368912,1.629657,0.1238539,0.1238539,0.00977794,0.08963111,4,29.3,0.6888,110,7.57,20.3,0.4,70
19.537986,-99.16784,30900199,1.068502,1.272026,0.096674,0.096674,0.007632158,0.06996145,4,29.5,2.0992,178,86.33,24.9,2.9,126.4
19.537986,-99.16784,33000101,0.6428678,7.071546,8.759404,5.93189,76.70699,1.455051,4,36.6,2.9356,247,239.21,35.3,3.1,131
19.582222,-99.20027,30200701,0.00793664,0.03174656,6.82551,1.950089,0.06762017,0.00088229,3,63.8,2.6896,138,249.9,44,11.6,204.7
19.537986,-99.16784,30199901,0.1322773,0.5291093,0.159336,0.1037795,5.621786,0.006657958,4,46.1,2.0992,202,85.48,24.7,2.3,122.1
19.537986,-99.16784,30701201,2.452911,9.811644,0.4905822,0.1226455,20.8988,0.272682,4,48.4,2.5912,99.6,61.92,11.7,3.6,140.2
19.535555,-99.21111,30799901,,,0.396832,0.2784786,,1.761349,3,41,3.9032,145,323,27,14.3,211.2
19.513888,-99.21472,30701201,0.9841433,3.936573,6.82551,5.28416,41.82609,0.04953521,4,48.4,2.5912,99.6,61.92,11.7,3.6,140.2
19.519166,-99.20638,30199901,0.01587328,0.06349312,0.003174656,0.000793664,0.1352403,1.80792,4,46.1,2.0992,202,85.48,24.7,2.3,122.1
19.530555,-99.11388,30400101,10.14443,12.0767,0.9178295,0.9178295,0.07246023,0.6642187,4,46.2,2.8372,335,192.85,30.5,2.6,127.4
19.538888,-99.19416,31499901,0.003206402,0.02317499,1.98416,1.392392,0.000573025,0.1761349,4,29.8,1.804,141,37.06,14.5,1.7,106.5
19.520833,-99.12083,31399901,,,,,,6.650242,4,37.3,1.7056,122,60.33,26.4,3.1,130.7
19.537986,-99.16784,30400101,7.993157,9.515664,13.73259,11.998,0.05709398,1.274271,4,46.2,2.8372,335,192.85,30.5,2.6,127.4
19.523611,-99.21138,30900199,0.1653467,0.6613866,2.27517,1.928924,7.027233,0.008322448,4,29.5,2.0992,178,86.33,24.9,2.9,126.4
19.5125,-99.10555,30199901,0.5555648,2.222259,0.111113,0.02777824,4.733412,0.06176028,4,46.1,2.0992,202,85.48,24.7,2.3,122.1
19.520555,-99.20055,30700801,1.066684,1.269862,0.09650953,0.09650953,0.007619174,0.06984243,3,47.4,2.8864,136,209.04,31.9,9.8,189.8
19.537986,-99.16784,30304001,0.03174656,0.1269862,0.03824063,0.02490708,1.349229,0.00159791,2,131,8.2984,121,1903.5,35.2,98.1,417.6
19.537986,-99.16784,30899901,0.2131695,0.8526781,0.04263391,0.01065848,1.816204,35.27206,3,36.2,2.0008,148,104.05,33.1,4.5,146.3
19.537986,-99.16784,33000101,,,9.622073,6.752332,,24.86814,4,36.6,2.9356,247,239.21,35.3,3.1,131
19.551944,-99.19583,30107001,7.733461,9.206502,0.6996941,0.6996941,0.05523901,0.5063576,4,43.2,1.6564,158,34.81,16.2,1.4,104.8
19.552777,-99.20166,31499901,1.481398,1.763569,0.1340312,0.1340312,0.01058141,0.09699629,4,29.8,1.804,141,37.06,14.5,1.7,106.5
19.537986,-99.16784,30199901,1.0087,1.200833,0.0912633,0.0912633,0.007204998,182.2009,4,46.1,2.0992,202,85.48,24.7,2.3,122.1
19.537986,-99.16784,30106001,0.5878404,6.518097,0.1175681,0.02939202,5.0084,0.06534826,4,47.2,1.5088,139,29.85,16.7,1.4,105.4
19.516666,-99.20944,30799901,37.47147,44.60889,3.390275,3.390275,0.2676533,2.453489,3,82,4.92,404,513.21,27,17.8,239
19.550277,-99.19666,30199901,0.1144199,0.4576795,0.02288398,0.005720994,0.9748574,33.7373,4,46.1,2.0992,202,85.48,24.7,2.3,122.1
19.537986,-99.16784,30101801,0.2063526,0.8254105,0.04127052,0.01031763,1.758124,0.3618667,4,53.7,1.7056,191,68.95,30.2,2.1,120.9
19.537986,-99.16784,30799901,18.17996,21.64281,1.644853,1.644853,0.1298569,1.190354,3,41,3.9032,145,323,27,14.3,211.2
19.537986,-99.16784,30500101,,,0.3086471,0.1666694,,3.262841,4,36.1,2.7388,266,259.42,44,1.9,112.4
19.541666,-99.16666,30400301,0.03386299,0.001058219,2.500041,2.135556,0.106351,0.111113,3,43.6,3.4112,179,468.83,51.3,15.9,219.1
19.537986,-99.16784,30101801,0.4835698,3.010547,0.08218765,0.04402012,1.338655,45.95824,4,53.7,1.7056,191,68.95,30.2,2.1,120.9
19.545,-99.20277,30199901,29.15604,34.70957,2.637927,2.637927,0.2082574,1.909026,4,46.1,2.0992,202,85.48,24.7,2.3,122.1
19.537986,-99.16784,50100505,0.1870401,1.351874,0.02925974,0.02925974,0.03342648,0.05185271,3,39.3,1.476,1250,67.35,39.4,19.7,233.2
19.517222,-99.20472,33000101,0.1190496,1.309546,0.7897373,0.5143757,14.205,0.03821492,4,36.6,2.9356,247,239.21,35.3,3.1,131
19.524444,-99.19444,30801001,,,,,,16.94925,4,29.3,0.6888,110,7.57,20.3,0.4,70
19.537986,-99.16784,30201901,0.02580735,0.03072303,2.335797,0.6690384,0.000184338,22.1807,3,34.9,1.804,112,86.1,33.7,4.7,147.6
19.533888,-99.21055,33000101,0.2142893,2.357182,1.592619,1.045941,25.56899,0.06878685,4,36.6,2.9356,247,239.21,35.3,3.1,131
19.558333,-99.19444,30900199,0.2666711,0.3174656,0.02412738,0.02412738,0.001904793,14.79533,4,29.5,2.0992,178,86.33,24.9,2.9,126.4
19.559722,-99.20555,31499901,0.01923841,0.1390499,0.003009574,0.003009574,0.003438152,18.31803,4,29.8,1.804,141,37.06,14.5,1.7,106.5
19.537986,-99.16784,30900199,0.02244482,0.1622249,0.003511169,0.003511169,0.004011177,4.227238,4,29.5,2.0992,178,86.33,24.9,2.9,126.4
19.543333,-99.20277,31499901,0.03847683,0.2780998,0.006019147,0.006019147,0.006876304,58.65293,4,29.8,1.804,141,37.06,14.5,1.7,106.5
19.537986,-99.16784,30199901,2.074108,2.469177,0.1876574,0.1876574,0.01481506,0.1358047,4,46.1,2.0992,202,85.48,24.7,2.3,122.1
19.537986,-99.16784,30900199,0.1587328,1.746061,1.052983,0.6858342,18.94,0.05095322,4,29.5,2.0992,178,86.33,24.9,2.9,126.4
19.537986,-99.16784,30107001,0.2936557,1.174623,0.05873113,0.01468278,2.501946,0.03264472,4,43.2,1.6564,158,34.81,16.2,1.4,104.8
19.537986,-99.16784,30400301,0.07846744,0.07975265,3.764011,3.199569,0.2146216,0.2252037,3,43.6,3.4112,179,468.83,51.3,15.9,219.1
19.5625,-99.21027,30900199,0.1378753,0.9965245,0.02156861,0.02156861,0.02464009,7.749937,4,29.5,2.0992,178,86.33,24.9,2.9,126.4
19.522222,-99.20527,33000101,0.7142975,2.85719,5.005374,3.469153,30.35765,0.03595298,4,36.6,2.9356,247,239.21,35.3,3.1,131
19.537986,-99.16784,33000101,0.198416,0.7936639,1.365102,0.9459134,8.432679,0.009986938,4,36.6,2.9356,247,239.21,35.3,3.1,131
19.537986,-99.16784,30801001,0.09298567,0.6720746,2.965217,1.603544,0.01661774,117.1758,4,29.3,0.6888,110,7.57,20.3,0.4,70
19.5125,-99.21111,33000101,0.3911176,0.4656162,1.587328,1.124468,0.002793697,0.02560889,4,36.6,2.9356,247,239.21,35.3,3.1,131
19.537986,-99.16784,30400701,0.3174656,1.269862,2.27517,1.889466,13.49229,0.0159791,3,39.3,2.6896,158,190.83,33.6,7.7,173.6
19.537986,-99.16784,30199901,0.2333822,0.9335287,0.04667643,0.01166911,1.988416,0.5272133,4,46.1,2.0992,202,85.48,24.7,2.3,122.1
19.537986,-99.16784,30400701,3.520058,4.190546,0.3184815,0.3184815,0.02514327,0.23048,3,39.3,2.6896,158,190.83,33.6,7.7,173.6
19.522777,-99.20416,30201901,16.97806,20.21198,1.53611,1.53611,0.1212718,1.111659,3,34.9,1.804,112,86.1,33.7,4.7,147.6
19.522222,-99.21,30400101,0.3174656,1.269862,2.27517,1.889466,13.49229,0.0159791,4,46.2,2.8372,335,192.85,30.5,2.6,127.4
19.537986,-99.16784,30400701,0.07936639,0.3174656,0.5687925,0.4152831,3.373072,0.1761349,3,39.3,2.6896,158,190.83,33.6,7.7,173.6
19.537986,-99.16784,30400101,2.534257,3.016972,0.2292899,0.2292899,0.01810183,0.1659335,4,46.2,2.8372,335,192.85,30.5,2.6,127.4
19.544722,-99.20861,31400901,,,,,,74.85734,7,20.9,1.7056,291,37.7,16.5,0,24.9
19.526666,-99.19861,30400701,1.567184,1.865696,0.1417929,0.1417929,0.01119418,0.1026133,3,39.3,2.6896,158,190.83,33.6,7.7,173.6
19.537986,-99.16784,30501401,,,,,,2.723855,3,78.2,3.4112,332,405.58,44.4,5.2,165.7
19.537986,-99.16784,30800101,,,,,,2.372896,3,35.3,2.0992,113,121.13,35,6.5,163.9
19.507777,-99.21333,32099901,0.05555648,0.2222259,0.01111129,0.002777824,0.4733412,2.380992,4,24,1.7056,113,49.54,21.7,2.7,121
19.556111,-99.19583,31299901,,,,,,6.164722,4,30.5,1.9024,163,65.36,23,2.5,120.9
19.537986,-99.16784,30900199,0.003206402,0.02317499,0.000501596,0.000501596,0.000573025,4.227238,4,29.5,2.0992,178,86.33,24.9,2.9,126.4
19.514166,-99.21472,30900199,0.3541297,1.478325,0.06999175,0.01884592,2.857461,0.04254726,4,29.5,2.0992,178,86.33,24.9,2.9,126.4
19.552777,-99.20277,31499901,2.666711,3.174656,11.50813,8.147838,0.01904793,0.1746061,4,29.8,1.804,141,37.06,14.5,1.7,106.5
19.555,-99.19361,30105001,0.2447131,0.9788522,0.04894261,0.01223565,2.084955,1.626658,7,36.2,0.1968,103,,2.2,0,23.8
19.506944,-99.21194,30400301,0.003206402,0.02317499,0.000501596,0.000501596,0.000573025,5.460182,3,43.6,3.4112,179,468.83,51.3,15.9,219.1
19.545277,-99.20416,33000101,0.2380992,0.9523968,0.04761983,0.01190496,2.028605,0.02646869,4,36.6,2.9356,247,239.21,35.3,3.1,131
19.537986,-99.16784,30299901,0.1666694,0.6666777,0.6007595,0.4065269,1.420024,0.01852809,4,39.3,1.8532,314,66.35,24.6,0.5,76.3
19.520833,-99.12222,30201901,0.07936639,0.3174656,0.09560158,0.0622677,3.373072,0.003994775,3,34.9,1.804,112,86.1,33.7,4.7,147.6
19.537986,-99.16784,30799901,1.295796,1.542615,0.1172387,0.1172387,0.009255688,0.6360335,3,41,3.9032,145,323,27,14.3,211.2
19.538055,-99.15555,30799901,0.6840325,4.943997,0.1070071,0.07490494,0.1222454,179.3053,3,41,3.9032,145,323,27,14.3,211.2
19.552777,-99.20138,30102001,,,,,,5.291093,4,33.9,1.6564,159,33.71,15.6,1.3,100.8
19.537986,-99.16784,30700801,0.003206402,0.02317499,0.000501596,0.000501596,0.000573025,1.455051,3,47.4,2.8864,136,209.04,31.9,9.8,189.8
19.505555,-99.21111,30501101,,,2.579408,1.599233,,,3,32.8,1.968,80.6,89.8,29.5,5.7,156.6
19.537986,-99.16784,30799901,0.01282561,0.09269994,0.002006382,0.002006382,0.002292102,3.346563,3,41,3.9032,145,323,27,14.3,211.2
19.530555,-99.17361,30900199,,,,,,33.46563,4,29.5,2.0992,178,86.33,24.9,2.9,126.4
19.537986,-99.16784,30900199,0.05555648,0.2222259,0.3417164,0.2817433,2.36115,0.002796343,4,29.5,2.0992,178,86.33,24.9,2.9,126.4
19.516666,-99.20972,36000101,,,,,,1.719605,3,39.9,2.0008,80.6,123.75,39.4,7.9,175.3
19.513888,-99.1,30400301,0.1746061,0.6984243,0.2103235,0.1369889,7.420758,0.008788506,3,43.6,3.4112,179,468.83,51.3,15.9,219.1
19.543611,-99.20111,40200101,0.2179392,1.575204,0.03409345,0.03409345,0.03894853,0.06041878,3,29.5,1.968,80.6,119.73,39.4,7.6,170.3
19.537986,-99.16784,30500101,0.3809587,1.523835,2.27517,1.279677,16.19074,0.01917492,4,36.1,2.7388,266,259.42,44,1.9,112.4
19.537986,-99.16784,30400201,,,,,,7.397666,4,44.3,3.362,269,395.42,44.5,2.5,125.1
19.516666,-99.20972,30101401,,,,,,17.58186,4,27.9,2.6896,127,81.25,14.3,4,138.9
19.537986,-99.16784,31400901,0.05130244,0.3707998,0.00802553,0.00802553,0.009168406,92.47083,7,20.9,1.7056,291,37.7,16.5,0,24.9
19.519444,-99.20555,30700801,0.1428595,0.571438,0.0285719,0.007142975,1.217163,0.01588122,3,47.4,2.8864,136,209.04,31.9,9.8,189.8
19.557777,-99.17083,30900199,,,,,,1.409079,4,29.5,2.0992,178,86.33,24.9,2.9,126.4
19.531944,-99.20972,30799901,0.003206402,0.02317499,0.000501596,0.000501596,0.000573025,7.856638,3,41,3.9032,145,323,27,14.3,211.2
19.537986,-99.16784,30400701,0.2380992,0.9523968,0.2868047,0.1868031,10.11922,0.01198433,3,39.3,2.6896,158,190.83,33.6,7.7,173.6
19.544444,-99.19305,30899901,,,,,,13.78539,3,36.2,2.0008,148,104.05,33.1,4.5,146.3
19.537986,-99.16784,31400901,,,,,,71.51077,7,20.9,1.7056,291,37.7,16.5,0,24.9
19.537986,-99.16784,30801001,,,,,,3.807382,4,29.3,0.6888,110,7.57,20.3,0.4,70
19.538333,-99.195,30899901,0.009619207,0.06952496,0.001504787,0.001504787,0.001719076,1.920916,3,36.2,2.0008,148,104.05,33.1,4.5,146.3
19.568055,-99.20333,33000101,1.880983,7.523934,13.19599,9.14608,79.9418,0.09467617,4,36.6,2.9356,247,239.21,35.3,3.1,131
19.549444,-99.20333,30900199,0.003206402,0.02317499,0.000501596,0.000501596,0.000573025,4.403373,4,29.5,2.0992,178,86.33,24.9,2.9,126.4
19.537986,-99.16784,30799901,,,,,,11.04484,3,41,3.9032,145,323,27,14.3,211.2
19.552222,-99.20416,30701201,,,,,,2.380992,4,48.4,2.5912,99.6,61.92,11.7,3.6,140.2
19.535555,-99.20972,30800801,,,,,,8.044666,4,25.5,1.7056,128,81.09,35.5,4,137.8
19.520277,-99.23611,30199901,0.3174656,1.269862,0.06349312,0.01587328,2.704807,0.03529159,4,46.1,2.0992,202,85.48,24.7,2.3,122.1
19.533333,-99.21666,30300501,1.319129,1.570391,0.1193497,0.1193497,0.009422347,0.08637151,2,245,6.4944,172,1072.95,32.4,38.6,351.5
19.547222,-99.20416,30299901,0.01923841,0.1390499,1.322773,0.379182,0.003438152,1.322773,3,49.1,1.8532,157,97.23,36,3.9,144.4
19.537986,-99.16784,30107001,24.71152,29.41848,2.235804,2.235804,0.1765109,1.618016,4,43.2,1.6564,158,34.81,16.2,1.4,104.8
19.537986,-99.16784,30799901,,,,,,1.5941,3,41,3.9032,145,323,27,14.3,211.2
19.537986,-99.16784,33000101,0.1190496,0.4761984,0.7963095,0.551582,5.059608,0.005992163,4,36.6,2.9356,247,239.21,35.3,3.1,131
19.537986,-99.16784,30900199,0.007500356,0.0542105,0.001173323,0.001173323,0.00134041,2.128563,4,29.5,2.0992,178,86.33,24.9,2.9,126.4
19.537986,-99.16784,36000101,,,25.10624,17.61841,,,3,39.9,2.0008,80.6,123.75,39.4,7.9,175.3
19.533333,-99.21666,33000101,7.936639,31.74656,3.987059,2.080854,67.62017,0.8822898,4,36.6,2.9356,247,239.21,35.3,3.1,131
19.533333,-99.21666,36000101,,,,,,4.128155,3,39.9,2.0008,80.6,123.75,39.4,7.9,175.3
19.537986,-99.16784,30799901,52.80695,62.86542,4.777772,4.777772,0.3771925,3.457598,3,82,4.92,404,513.21,27,17.8,239
19.537986,-99.16784,30799901,1.853771,2.206871,0.1677222,0.1677222,0.01324122,0.1213779,3,41,3.9032,145,323,27,14.3,211.2
19.527222,-99.20194,31499901,,,1.609374,1.200644,,,4,29.8,1.804,141,37.06,14.5,1.7,106.5
19.537986,-99.16784,30200701,0.5264637,2.105855,0.1052928,0.02632319,4.485471,0.05852522,3,63.8,2.6896,138,249.9,44,11.6,204.7
19.533333,-99.21666,30199901,,,,,,4.519475,4,46.1,2.0992,202,85.48,24.7,2.3,122.1
19.516666,-99.21666,30200701,47.25887,56.26056,4.275803,4.275803,0.3375634,5.662715,3,63.8,2.6896,138,249.9,44,11.6,204.7
19.532777,-99.20611,30799901,1.100732,1.310396,0.3273864,0.2226001,0.007862373,0.07207176,3,41,3.9032,145,323,27,14.3,211.2
19.537986,-99.16784,33000101,8.040017,9.571449,0.7274302,0.7274302,0.0574287,1.410483,4,36.6,2.9356,247,239.21,35.3,3.1,131
19.516944,-99.20361,30199901,0.2571121,1.858335,0.04022149,0.04022149,0.04594923,0.07127859,4,46.1,2.0992,202,85.48,24.7,2.3,122.1
19.537986,-99.16784,31499901,0.6680822,0.7953359,0.06044553,0.06044553,0.004772015,5.67545,4,29.8,1.804,141,37.06,14.5,1.7,106.5
19.537986,-99.16784,30701201,1.896823,2.258122,0.1716173,0.1716173,0.01354873,0.1241967,4,48.4,2.5912,99.6,61.92,11.7,3.6,140.2
19.538888,-99.19416,30500501,4.524157,5.3859,0.4093284,0.4093284,0.0323154,0.2962245,3,43.9,2.6896,193,180.02,31.7,5.3,156.4
19.537986,-99.16784,31499901,1.564067,1.861985,0.1415109,0.1415109,0.01117191,0.1024092,4,29.8,1.804,141,37.06,14.5,1.7,106.5
19.537986,-99.16784,33000101,0.396832,1.587328,0.4780079,0.3113385,16.86536,0.01997388,4,36.6,2.9356,247,239.21,35.3,3.1,131
19.516666,-99.20444,30101401,,,,,,6.964401,4,27.9,2.6896,127,81.25,14.3,4,138.9
19.533333,-99.21666,31299901,0.001875089,0.01355262,0.000293331,0.000205332,0.000335103,5.500532,4,30.5,1.9024,163,65.36,23,2.5,120.9
19.544444,-99.20861,31299901,,,,,,1.409856,4,30.5,1.9024,163,65.36,23,2.5,120.9
19.508333,-99.16972,32099901,15.04168,17.90676,1.360914,1.360914,0.1074406,15.23775,4,24,1.7056,113,49.54,21.7,2.7,121
19.537986,-99.16784,30900199,,,,,,1.58843,4,29.5,2.0992,178,86.33,24.9,2.9,126.4
19.537986,-99.16784,30599901,0.4689947,1.906378,0.5846483,0.3285912,3.917274,0.9880539,3,55.8,2.296,211,223.94,54.1,5.4,160.6
19.533333,-99.2,30200701,5.670967,6.751151,0.5130875,0.5130875,0.0405069,0.3713133,3,63.8,2.6896,138,249.9,44,11.6,204.7
19.537986,-99.16784,30899901,0.4468328,1.787331,0.08936656,0.02234164,3.807015,0.04967291,3,36.2,2.0008,148,104.05,33.1,4.5,146.3
19.545833,-99.22194,30299901,31.48687,227.5784,9.352007,4.712636,5.627109,8.729033,3,49.1,1.8532,157,97.23,36,3.9,144.4
19.537986,-99.16784,30799901,,,,,,5.039766,3,41,3.9032,145,323,27,14.3,211.2
19.537986,-99.16784,33000101,7.768266,9.247936,0.7028431,0.7028431,0.05548762,0.5086365,4,36.6,2.9356,247,239.21,35.3,3.1,131
19.537986,-99.16784,30501501,1.137785,1.354506,0.1029424,0.1029424,0.008127034,0.07449781,4,32.8,1.968,359,134.69,44.3,2.8,125.9
19.537986,-99.16784,40400101,0.06150895,0.2868213,0.01940067,0.01940067,0.01862906,184.1086,4,22.9,1.476,68,19.64,11.5,1.3,97
19.537986,-99.16784,30900199,0.01497358,0.01782569,0.001354753,0.001354753,0.000106954,1.988575,4,29.5,2.0992,178,86.33,24.9,2.9,126.4
19.537986,-99.16784,30700801,0.05344004,0.3862498,0.008359927,0.008359927,0.009550422,5.293738,3,47.4,2.8864,136,209.04,31.9,9.8,189.8
19.537986,-99.16784,31499901,,,,,,11.53422,4,29.8,1.804,141,37.06,14.5,1.7,106.5
19.537986,-99.16784,30503501,1.244066,1.481032,0.1125584,0.1125584,0.008886189,0.08145674,4,41.4,2.6564,208,125.59,22.7,3.1,132.5
19.537986,-99.16784,31499901,0.000833665,0.006025496,0.000130415,9.13E-05,0.000148987,2.568385,4,29.8,1.804,141,37.06,14.5,1.7,106.5
19.537986,-99.16784,30501101,0.09920799,1.091288,0.6581145,0.4286464,11.8375,0.03184577,3,31.4,2.8864,112,169.98,26,9.2,181.3
19.537986,-99.16784,33000101,0.2394219,0.9576878,0.2883981,0.1878409,10.17543,0.01205091,4,36.6,2.9356,247,239.21,35.3,3.1,131
19.537986,-99.16784,30800801,,,,,,16.84331,4,25.5,1.7056,128,81.09,35.5,4,137.8
19.533333,-99.21666,30113201,0.2116437,0.8465748,0.2549376,0.1660472,8.994858,0.01065273,3,77.7,6.4944,257,418.86,12.6,4.2,156
19.533333,-99.21666,30900199,0.1190496,0.4761984,0.1434024,0.09340154,5.059608,0.005992163,4,29.5,2.0992,178,86.33,24.9,2.9,126.4
19.308333,-99.57222,30203201,0.005218061,0.006211977,1.386707,0.3965393,3.73E-05,0.000341659,5,40.2,1.2136,316,28.34,24.5,0.2,62
19.283888,-99.63583,32099901,,,,,,20.31339,4,24,1.7056,113,49.54,21.7,2.7,121
19.283333,-99.66666,30203301,,,,,,5.043073,3,47.2,3.2144,162,322.87,39.8,12.6,205
19.283333,-99.66666,30501101,2.028015,21.49314,12.70412,8.265165,229.082,0.6265614,3,32.8,1.968,80.6,89.8,29.5,5.7,156.6
19.283333,-99.66666,30299901,0.2817805,1.127122,1.612363,0.5780704,5.730847,0.03133349,4,39.3,1.8532,314,66.35,24.6,0.5,76.3
19.292613,-99.66698,30203201,64.75212,77.08586,5.858525,5.858525,0.4625152,4.239722,5,40.2,1.2136,316,28.34,24.5,0.2,62
19.283333,-99.66666,36000101,,,,,,41.47886,3,39.9,2.0008,170,154.69,49.2,5.7,158.1
19.289166,-99.60277,40400101,0.6922513,0.1388912,0.009590106,0.009590106,0.009920799,133.9419,7,10.4,0.5248,68,0.59,2.7,0,31.1
19.303333,-99.64861,40600101,0.09127136,0.9206502,0.5288725,0.3435124,9.571428,8.533211,4,20,2.05,155,36.27,11,1.5,99.7
19.283333,-99.66666,30199901,0.1035202,0.4140809,0.02070405,0.005176011,0.8819924,4.905284,4,46.1,2.0992,202,85.48,24.7,2.3,122.1
19.283333,-99.66666,30899901,0.1209972,1.33097,0.8026575,0.5227908,14.43739,0.03884012,3,36.2,2.0008,148,104.05,33.1,4.5,146.3
19.283333,-99.66666,30105001,,,0.2314853,0.1250021,,37.18095,7,36.2,0.1968,103,,2.2,0,23.8
19.283333,-99.66666,30899901,3.457861,38.03648,22.93836,14.94033,412.592,26.79382,3,36.2,2.0008,148,104.05,33.1,4.5,146.3
19.298888,-99.64166,30101801,0.09523967,0.3809587,0.01904793,0.004761984,0.811442,1.603863,4,53.7,1.7056,191,68.95,30.2,2.1,120.9
19.338888,-99.57138,30101801,,,,,,30.049,4,53.7,1.7056,191,68.95,30.2,2.1,120.9
19.291666,-99.625,30106001,2.538592,3.022133,0.2296821,0.2296821,0.0181328,0.1662173,4,47.2,1.5088,139,29.85,16.7,1.4,105.4
19.295277,-99.61055,30106001,0.1587328,0.6349311,0.03174656,0.00793664,1.352403,0.01764579,4,47.2,1.5088,139,29.85,16.7,1.4,105.4
19.290833,-99.62361,30106001,1.167956,4.671824,0.2335912,0.05839779,9.950984,0.1298378,4,47.2,1.5088,139,29.85,16.7,1.4,105.4
19.290833,-99.62361,30199901,2.608509,10.522,42.98747,41.06161,23.67467,1.787397,4,46.1,2.0992,202,85.48,24.7,2.3,122.1
19.283333,-99.66666,30102601,41.76094,58.62775,10.13765,7.858549,108.6988,34.10723,4,47.9,2.0008,190,81.68,26,2.5,125.6
19.283333,-99.66666,30199901,5.709724,6.797291,0.5165941,0.5165941,0.04078374,0.373851,4,46.1,2.0992,202,85.48,24.7,2.3,122.1
19.292613,-99.66698,30199901,1.899625,31.31513,0.2971691,0.2971691,0.3394874,0.5266287,4,46.1,2.0992,202,85.48,24.7,2.3,122.1
19.292613,-99.66698,30101401,0.0594613,0.2378452,0.01189226,0.002973065,0.5066103,104.003,4,27.9,2.6896,127,81.25,14.3,4,138.9
19.292613,-99.66698,30101401,,,17.38345,9.38706,,271.2787,4,27.9,2.6896,127,81.25,14.3,4,138.9
19.248055,-99.66194,30101401,0.02645546,0.1058219,0.005291093,0.001322773,0.2254006,7.620276,4,27.9,2.6896,127,81.25,14.3,4,138.9
19.292613,-99.66698,10301003,0.2316514,1.073647,0.04434568,0.01429337,1.593677,0.03331695,3,39.3,1.476,1250,67.35,39.4,19.7,233.2
19.292613,-99.66698,30499901,4.104964,4.886862,0.3714015,0.3714015,0.02932117,125.1134,4,41.3,2.0992,242,124.87,36.1,1.8,112.7
19.292613,-99.66698,30400701,3.16273,3.765154,0.2861517,0.2861517,0.02259092,0.2070835,3,39.3,2.6896,158,190.83,33.6,7.7,173.6
19.290277,-99.63527,31400901,2.869794,20.71944,0.8523862,0.5967467,0.5713473,14.81033,7,20.9,1.7056,291,37.7,16.5,0,24.9
19.292613,-99.66698,31400901,7.927062,9.436978,0.1420076,0.1432986,0.05662187,115.0666,3,24.6,1.9352,965,131.69,44.8,27.1,253.5
19.292613,-99.66698,31400901,7.927062,9.436978,0.1420076,0.1432986,0.05662187,115.0666,5,27.5,1.7384,280,109.54,46.1,0.3,65.2
19.292613,-99.66698,31400901,7.927062,9.436978,0.1420076,0.1420076,0.05662187,115.0666,4,36,1.4104,359,35.36,22.6,0.7,85.2
19.292613,-99.66698,31400901,,,0.8606524,0.8606524,,402.7332,4,17.7,2.46,69.8,49.42,10.4,3.3,127.5
19.292613,-99.66698,31400901,,,0.8606524,0.8606524,,402.7332,3,18,2.46,70.7,142.18,29.9,9.5,179
19.283333,-99.66666,31499901,14.56063,17.33408,4.131462,3.756252,0.1040045,8.317928,4,29.8,1.804,141,37.06,14.5,1.7,106.5
19.292613,-99.66698,30701201,0.2175962,2.259297,1.320065,0.8582518,23.83841,0.06582373,4,48.4,2.5912,99.6,61.92,11.7,3.6,140.2
19.292613,-99.66698,30500601,226.3876,276.2729,98.801,96.83051,22.11131,14.933,1,196,9.84,620,4664.39,61.3,469.3,696.2
19.283333,-99.66666,10300403,0.3015923,3.317515,2.000668,1.303085,35.98599,0.09681112,5,39.3,1.476,314,46.58,27.2,0.3,69.2
19.283333,-99.66666,10300403,0.285719,3.142909,1.89537,1.234502,34.09199,0.09171581,5,39.3,1.476,314,46.58,27.2,0.3,69.2
19.283333,-99.66666,10300403,0.2407447,2.648192,1.597024,1.040182,28.72566,0.07727906,5,39.3,1.476,314,46.58,27.2,0.3,69.2
19.283333,-99.66666,10300403,0.2791052,3.070157,1.851495,1.205925,33.30283,0.08959275,5,39.3,1.476,314,46.58,27.2,0.3,69.2
19.283333,-99.66666,30203201,,,0.9005881,0.2573109,,,5,40.2,1.2136,316,28.34,24.5,0.2,62
19.294444,-99.63055,30801001,1.56E-05,1.86E-05,1.42E-06,1.42E-06,1.12E-07,180.1055,4,29.3,0.6888,110,7.57,20.3,0.4,70
19.292613,-99.66698,30899901,0.000303709,0.000361558,2.75E-05,2.75E-05,2.17E-06,4.437904,3,36.2,2.0008,148,104.05,33.1,4.5,146.3
19.283333,-99.66666,30299901,7.943051,87.37357,52.69169,34.31941,947.7649,2.549719,3,49.1,1.8532,157,97.23,36,3.9,144.4
19.283333,-99.66666,30105001,,,,,,2.617989,7,36.2,0.1968,103,,2.2,0,23.8
19.283333,-99.66666,10300403,0.06238199,0.6862018,0.4138224,0.2695329,7.443419,0.02002462,5,39.3,1.476,314,46.58,27.2,0.3,69.2
19.283333,-99.66666,10300403,0.285719,3.142909,1.89537,1.234502,34.09199,0.09171581,5,39.3,1.476,314,46.58,27.2,0.3,69.2
19.292613,-99.66698,31400901,1.597579,22.58591,64.43987,45.34811,0.4117132,142.3083,7,20.9,1.7056,291,37.7,16.5,0,24.9
19.65,-99.16666,31301001,0.01603201,0.1158749,0.002507978,0.002507978,0.002865127,2.406345,3,29.9,2.0008,109,200.27,63.7,11.1,191.5
19.622395,-99.14262,30200701,5.293738,21.17495,6.82551,4.281508,224.9839,1.455051,3,63.8,2.6896,138,249.9,44,11.6,204.7
19.622395,-99.14262,30800101,20.74109,24.69177,1.876574,1.876574,0.1481506,185.0251,3,35.3,2.0992,113,121.13,35,6.5,163.9
19.622395,-99.14262,30199901,25.49473,30.35087,2.306666,2.306666,0.1821052,296.3927,4,46.1,2.0992,202,85.48,24.7,2.3,122.1
19.622395,-99.14262,30900199,1.93781,2.306916,0.1753257,0.1753257,0.0138415,24.65889,4,29.5,2.0992,178,86.33,24.9,2.9,126.4
19.616666,-99.17444,30800101,3.145555,12.58222,0.6291109,0.1572777,26.80013,0.3496808,3,35.3,2.0992,113,121.13,35,6.5,163.9
19.622395,-99.14262,30499901,0.07348005,0.5310935,0.0114949,0.0114949,0.01313183,33.99694,4,41.3,2.0992,242,124.87,36.1,1.8,112.7
19.628333,-99.16805,33000101,0.1587328,0.6349311,1.137585,0.788663,6.746143,0.00798955,4,36.6,2.9356,247,239.21,35.3,3.1,131
19.651388,-99.15222,33000101,0.396832,1.587328,2.843962,1.971657,16.86536,0.01997388,4,36.6,2.9356,247,239.21,35.3,3.1,131
19.633888,-99.17555,31299901,,,,,,1.409079,4,30.5,1.9024,163,65.36,23,2.5,120.9
19.622395,-99.14262,30900199,0.006412805,0.04634997,21.42893,11.57178,0.001146051,0.001777807,4,29.5,2.0992,178,86.33,24.9,2.9,126.4
19.650555,-99.16611,30900199,0.6349311,2.539725,0.1269862,0.03174656,5.409614,0.07058318,4,29.5,2.0992,178,86.33,24.9,2.9,126.4
19.622395,-99.14262,30500801,12.82561,92.69995,2.006382,2.006382,2.292101,3.555614,3,32.2,1.8532,141,117.31,43.5,5.3,152.9
19.622395,-99.14262,30105001,,,,,,8.454725,7,36.2,0.1968,103,,2.2,0,23.8
19.622395,-99.14262,10100601,84.55801,276.4619,7.650486,7.650486,0.6039858,5.536536,3,131,9.0856,305,1577.88,24.3,7.2,198.2
19.622395,-99.14262,10100601,84.55801,276.4619,7.650486,7.650486,0.6039858,5.536536,3,131,9.0856,305,1665.07,25.7,7.6,201.1
19.622395,-99.14262,10100601,169.116,552.9237,15.30097,15.30097,1.207972,11.07307,3,177,9.02,305,3927.77,61.5,18,268.4
19.622395,-99.14262,10100601,169.116,552.9237,15.30097,15.30097,1.207972,11.07307,3,177,9.02,305,3927.77,61.5,18,268.4
19.622395,-99.14262,30599901,0.9755452,3.902181,1.175103,0.7653738,41.46067,0.04910244,3,55.8,2.296,211,223.94,54.1,5.4,160.6
19.622395,-99.14262,30400201,9.742384,11.59808,0.8814538,0.8814538,0.06958845,0.6378942,4,44.3,3.362,269,395.42,44.5,2.5,125.1
19.622395,-99.14262,30400701,10.37054,12.34588,0.9382871,0.9382871,0.0740753,0.9700337,3,39.3,2.6896,158,190.83,33.6,7.7,173.6
19.622395,-99.14262,30801001,0.06412805,0.4634997,0.01003191,0.01003191,0.01146051,2.146906,4,29.3,0.6888,110,7.57,20.3,0.4,70
19.622395,-99.14262,31499901,2.133369,2.539725,0.1930191,0.1930191,0.01523835,0.1396849,4,29.8,1.804,141,37.06,14.5,1.7,106.5
19.622395,-99.14262,30500101,1.326608,5.731477,0.2595848,0.07416636,10.20427,0.1693425,4,36.1,2.7388,266,259.42,44,1.9,112.4
19.622395,-99.14262,10100201,63.15581,126.3116,17.07546,17.07546,0.2339104,19.64847,2,32.8,13.612,710,3484.42,23.9,446.2,635.8
19.622395,-99.14262,30199901,1.828745,13.21766,0.5431916,0.3390964,0.3268203,0.5069788,4,46.1,2.0992,202,85.48,24.7,2.3,122.1
19.622395,-99.14262,30200701,0.6349311,2.539725,5.158815,1.753571,26.98457,0.0319582,3,63.8,2.6896,138,249.9,44,11.6,204.7
19.622395,-99.14262,30801001,0.006412805,0.04634997,0.001003191,0.001003191,0.001146051,16.94925,4,29.3,0.6888,110,7.57,20.3,0.4,70
19.65,-99.16472,31301001,0.009619207,0.06952496,0.001504787,0.001504787,0.001719076,1.761349,3,29.9,2.0008,109,200.27,63.7,11.1,191.5
19.645833,-99.15833,31301001,0.01282561,0.09269994,0.002006382,0.001404468,0.002292102,1.937484,3,29.9,2.0008,109,200.27,63.7,11.1,191.5
19.622395,-99.14262,30899901,0.04761983,0.1904793,0.009523967,0.002380992,0.405721,266.3202,3,36.2,2.0008,148,104.05,33.1,4.5,146.3
19.622395,-99.14262,31499901,0.01603201,0.1158749,0.002507978,0.002507978,0.002865127,10.82416,4,29.8,1.804,141,37.06,14.5,1.7,106.5
19.622395,-99.14262,30900199,0.1269862,1.396849,0.8423865,0.5486674,15.152,0.04076258,4,29.5,2.0992,178,86.33,24.9,2.9,126.4
19.652777,-99.16805,31499901,1.177284,8.509083,2.910101,2.491393,0.2103958,2.289754,4,29.8,1.804,141,37.06,14.5,1.7,106.5
19.622222,-99.15,30501101,,,5.820202,3.608525,,,3,32.8,1.968,80.6,89.8,29.5,5.7,156.6
19.622395,-99.14262,31299901,0.003206402,0.02317499,0.000501596,0.000501596,0.000573025,7.573802,4,30.5,1.9024,163,65.36,23,2.5,120.9
19.655833,-99.14777,31499901,,,,,,22.193,4,29.8,1.804,141,37.06,14.5,1.7,106.5
19.622395,-99.14262,30299901,0.07936639,0.8730303,1.137585,0.5175152,9.469998,0.02547661,3,49.1,1.8532,157,97.23,36,3.9,144.4
19.62,-99.175,30900199,,,,,,4.931777,4,29.5,2.0992,178,86.33,24.9,2.9,126.4
19.622395,-99.14262,30199901,,,1.851882,1.000017,,,4,46.1,2.0992,202,85.48,24.7,2.3,122.1
19.622395,-99.14262,30501101,0.2380992,2.619091,1.579475,1.028751,28.40999,0.07642984,3,32.8,1.968,80.6,89.8,29.5,5.7,156.6
19.644722,-99.15805,30101401,,,,,,118.4676,4,27.9,2.6896,127,81.25,14.3,4,138.9
19.622395,-99.14262,31299901,1.723252,2.051491,0.1559133,0.1559133,0.01230894,0.112832,4,30.5,1.9024,163,65.36,23,2.5,120.9
19.622395,-99.14262,31400901,0.00834199,0.06029359,0.001304985,0.000913489,0.001490821,6.786929,7,20.9,1.7056,291,37.7,16.5,0,24.9
19.622395,-99.14262,36000101,0.09725045,0.380777,0.01912946,0.004981014,0.8036528,7.390458,3,39.9,2.0008,170,154.69,49.2,5.7,158.1
19.65,-99.16666,30801001,,,,,,3.306933,4,29.3,0.6888,110,7.57,20.3,0.4,70
19.622395,-99.14262,30900199,0.8307016,3.322806,0.4177759,0.2292632,7.077578,0.09234633,4,29.5,2.0992,178,86.33,24.9,2.9,126.4
19.622395,-99.14262,30203001,6.231445,24.92578,1.246289,0.3115723,53.09191,0.692729,3,58.4,3.2964,205,392.46,46,10.2,195.2
19.622395,-99.14262,31400901,0.08454726,0.4096188,2.141031,1.49685,0.5358334,9.149072,7,20.9,1.7056,291,37.7,16.5,0,24.9
19.622395,-99.14262,30900199,0.6422725,5.667975,1.861852,1.215491,32.51324,0.1899589,4,29.5,2.0992,178,86.33,24.9,2.9,126.4
19.622395,-99.14262,30701201,0.2853698,2.062574,0.04464201,0.04464201,0.05099926,0.07911242,4,48.4,2.5912,99.6,61.92,11.7,3.6,140.2
19.622395,-99.14262,33000101,0.2572794,2.830073,1.70671,1.111623,30.69858,0.08258668,4,36.6,2.9356,247,239.21,35.3,3.1,131
19.431714,-99.47289,10300403,0.07936639,0.8730303,0.5264916,0.3429171,9.469998,0.02547661,5,39.3,1.476,314,46.58,27.2,0.3,69.2
19.283333,-99.73333,30599901,2.153018,8.612074,0.4306037,0.1076509,18.34372,0.2393439,3,55.8,2.296,211,223.94,54.1,5.4,160.6
19.290277,-99.825,30299901,1.017075,6.842794,2.756377,1.745646,52.62437,0.1962793,4,39.3,1.8532,314,66.35,24.6,0.5,76.3
19.666666,-99.19694,30102001,0.003206402,0.02317499,0.000501596,0.000501596,0.000573025,2.824876,4,33.9,1.6564,159,33.71,15.6,1.3,100.8
19.652134,-99.22459,30199901,25.25968,30.07104,2.285399,2.285399,0.1804263,11.82725,4,46.1,2.0992,202,85.48,24.7,2.3,122.1
19.652134,-99.22459,31400901,2.271565,3.595888,3.720728,3.676641,0.04156472,92.72617,3,24.6,1.9352,965,131.69,44.8,27.1,253.5
19.652134,-99.22459,31400901,2.271565,3.595888,3.720728,3.676641,0.04156472,92.72617,5,27.5,1.7384,280,109.54,46.1,0.3,65.2
19.652134,-99.22459,31400901,2.271565,3.595888,3.720728,3.643518,0.04156472,92.72617,4,36,1.4104,359,35.36,22.6,0.7,85.2
19.652134,-99.22459,31400901,,,22.54987,22.08193,,324.5416,4,17.7,2.46,69.8,49.42,10.4,3.3,127.5
19.652134,-99.22459,31400901,,,22.54987,22.08193,,324.5416,3,18,2.46,70.7,142.18,29.9,9.5,179
19.711111,-99.19722,30199901,0.3333389,1.333355,0.06666777,0.01666694,2.840047,2.485891,4,46.1,2.0992,202,85.48,24.7,2.3,122.1
19.652134,-99.22459,30106001,0.2267461,1.638858,0.03547117,0.03547117,0.04052244,0.0628603,4,47.2,1.5088,139,29.85,16.7,1.4,105.4
19.666944,-99.22805,30701201,0.09523967,0.3809587,0.682551,0.5289845,4.047686,0.00479373,4,48.4,2.5912,99.6,61.92,11.7,3.6,140.2
19.652134,-99.22459,30900199,0.01600027,0.01904793,0.001447643,0.001447643,0.000114288,8.278341,4,29.5,2.0992,178,86.33,24.9,2.9,126.4
19.652134,-99.22459,30501401,,,,,,1.361927,3,78.2,3.4112,332,405.58,44.4,5.2,165.7
19.668888,-99.19166,30102001,0.003206402,0.02317499,0.000501596,0.000501596,0.000573025,34.91547,4,33.9,1.6564,159,33.71,15.6,1.3,100.8
19.6675,-99.23333,30199901,0.1346689,0.9733495,3.43921,1.860544,0.02406706,7.231682,4,46.1,2.0992,202,85.48,24.7,2.3,122.1
19.652134,-99.22459,30400701,0.49604,1.98416,0.09920799,0.024802,4.226261,0.05514311,3,39.3,2.6896,158,190.83,33.6,7.7,173.6
19.652134,-99.22459,30801001,0.01923841,0.1390499,0.003009574,0.003009574,0.003438152,64.85915,4,29.3,0.6888,110,7.57,20.3,0.4,70
19.652134,-99.22459,33000101,0.3254022,1.301609,0.5621786,0.3651109,2.772427,3.43921,4,36.6,2.9356,247,239.21,35.3,3.1,131
19.652134,-99.22459,30501101,,,2.645546,1.640239,,,3,32.8,1.968,80.6,89.8,29.5,5.7,156.6
19.665277,-99.2,30501101,,,6.349311,3.936573,,,3,32.8,1.968,80.6,89.8,29.5,5.7,156.6
19.652134,-99.22459,30900199,0.3206402,2.317499,0.05015956,0.05015956,0.05730253,0.08889036,4,29.5,2.0992,178,86.33,24.9,2.9,126.4
19.681944,-99.18888,31299901,,,,,,1.409079,4,30.5,1.9024,163,65.36,23,2.5,120.9
19.666666,-99.20138,30900199,0.001777807,0.002116437,15.22292,13.19321,1.27E-05,504.6265,4,29.5,2.0992,178,86.33,24.9,2.9,126.4
19.652777,-99.19166,30501101,,,1.719605,1.066155,,,3,32.8,1.968,80.6,89.8,29.5,5.7,156.6
19.671388,-99.18805,30501701,0.1935384,1.398842,0.03027631,0.03027631,0.03458781,0.05365422,3,48.5,4.7888,196,886.15,49.2,25.4,255.5
19.652134,-99.22459,30299901,0.6904876,2.76195,1.267658,0.8476405,29.34572,0.03475454,4,39.3,1.8532,314,66.35,24.6,0.5,76.3
19.655555,-99.19444,30101401,,,,,,2.16053,4,27.9,2.6896,127,81.25,14.3,4,138.9
19.669722,-99.20361,30201801,0.1544417,1.116262,0.02416019,0.02416019,0.02760072,0.04281553,3,44.4,1.9024,170,133.88,47.1,4.9,152.6
19.652134,-99.22459,30299901,0.4629706,1.851882,0.09259412,0.02314853,3.94451,0.0514669,3,49.1,1.8532,157,97.23,36,3.9,144.4
19.636111,-99.22222,30701201,0.5496057,2.198423,0.662033,0.4311986,23.35824,0.02766348,4,48.4,2.5912,99.6,61.92,11.7,3.6,140.2
19.652134,-99.22459,30899901,0.003340002,0.02414061,0.000522495,0.000522495,0.000596901,9.237367,3,36.2,2.0008,148,104.05,33.1,4.5,146.3
19.652134,-99.22459,33000101,5.492265,21.63565,6.612729,4.158205,45.78387,0.6051347,4,36.6,2.9356,247,239.21,35.3,3.1,131
19.652134,-99.22459,30999901,0.005413476,0.0391271,0.000846861,0.000846861,0.000967458,24.88688,4,33.8,1.7056,156,81.31,35.6,3.3,132.5
19.691666,-99.24722,30101801,0.006412805,0.04634997,0.001003191,0.001003191,0.001146051,33.1024,4,53.7,1.7056,191,68.95,30.2,2.1,120.9
19.652134,-99.22459,30299901,0.6092357,4.403387,0.09530617,0.06671432,0.1088783,0.168897,4,39.3,1.8532,314,66.35,24.6,0.5,76.3
19.670555,-99.22166,31299901,2.087498,2.485117,0.1888689,0.1888689,0.0149107,0.1366814,4,30.5,1.9024,163,65.36,23,2.5,120.9
19.691666,-99.24722,30800801,0.4250467,1.700187,0.08500934,0.02125234,3.621398,20.34756,4,25.5,1.7056,128,81.09,35.5,4,137.8
19.652134,-99.22459,30299901,1.01589,4.06356,0.203178,0.05079449,8.655381,0.1129331,3,49.1,1.8532,157,97.23,36,3.9,144.4
19.652134,-99.22459,32099901,0.39071,2.823943,0.06112096,0.04278468,0.0698249,0.1083156,4,24,1.7056,113,49.54,21.7,2.7,121
19.652134,-99.22459,30203001,3.207725,12.8309,3.863897,2.516653,136.3283,0.1614555,3,58.4,3.2964,205,392.46,46,10.2,195.2
19.652134,-99.22459,30102001,0.0004008,0.002896873,6.27E-05,6.27E-05,7.16E-05,13.69408,4,33.9,1.6564,159,33.71,15.6,1.3,100.8
19.652134,-99.22459,31400901,,,,,,1.580714,7,20.9,1.7056,291,37.7,16.5,0,24.9
19.652134,-99.22459,30700801,0.2182576,2.400833,1.447852,0.9430221,26.04249,0.07006069,3,47.4,2.8864,136,209.04,31.9,9.8,189.8
19.652134,-99.22459,33000101,0.2380992,2.619091,1.579475,1.028751,28.40999,0.07642984,4,36.6,2.9356,247,239.21,35.3,3.1,131
19.65,-99.21666,33000101,0.7607745,3.705458,0.7013132,0.4583454,23.64818,0.08485325,4,36.6,2.9356,247,239.21,35.3,3.1,131
18.937273,-102.424,30299901,0.246867,2.369852,1.319853,0.8556886,23.98458,0.05595708,3,49.1,1.8532,157,97.23,36,3.9,144.4
19.611254,-100.678,30299901,0.3069131,3.376044,2.035964,1.326074,36.62087,0.07856975,3,49.1,1.8532,157,97.23,36,3.9,144.4
19.611254,-100.678,30700701,0.4331262,4.764389,2.873223,1.871402,51.68062,0.1108803,3,48.2,3.4112,176,370.96,40.6,12.9,206.7
19.611254,-100.678,30113201,0.1897135,2.086848,1.258499,0.8196919,22.63661,7.336151,3,77.7,6.4944,257,418.86,12.6,4.2,156
19.765307,-100.9412,30700701,35.15931,4.629706,15.33632,1.028751,28.80683,1.01335,3,48.2,3.4112,176,370.96,40.6,12.9,206.7
19.936021,-102.3145,30299901,0.3634981,1.453992,0.07269961,0.0181749,3.097004,0.04042099,3,49.1,1.8532,157,97.23,36,3.9,144.4
20.044996,-102.9672,30203001,0.1807437,1.297799,0.02807454,0.01962996,0.03208942,0.0497786,3,58.4,3.2964,205,392.46,46,10.2,195.2
18.087418,-102.3797,30299901,0.04335292,0.4251165,0.2400119,0.1557322,4.353495,0.01002754,4,39.3,1.8532,314,66.35,24.6,0.5,76.3
18.087418,-102.3797,30101601,,,31.43089,26.08212,,,2,114,3.28,591,410.18,48.5,37.6,309.2
18.087418,-102.3797,30102700,,641.892,,,,,2,165,4.264,638,913.34,64,96.9,426.5
18.087418,-102.3797,30102924,11.35601,130.8112,99.49459,82.56305,1341.253,18.92675,2,180,8.856,642,2343.67,38,251.5,571.8
18.087418,-102.3797,30102924,11.35601,130.8112,99.49459,82.56305,1341.253,18.92675,2,180,8.856,629,2161.83,35.1,223.5,551.8
18.087418,-102.3797,10200401,11.35601,130.8112,99.49459,82.56305,1341.253,18.92675,1,82,7.216,1101,1945.02,47.6,481,666.7
18.087418,-102.3797,10200401,11.35601,130.8112,99.49459,82.56305,1341.253,18.92675,2,82,7.216,908,1381.64,33.8,260.3,547.9
18.087418,-102.3797,10200401,11.35601,130.8112,99.49459,82.56305,1341.253,18.92675,2,82,7.216,856,1059.7,25.9,182.9,489.9
18.087418,-102.3797,10200401,11.35601,130.8112,99.49459,82.56305,1341.253,18.92675,1,167,13.12,660,4833.45,35.8,545.3,720
18.087418,-102.3797,30102201,,,,,1724.468,,1,167,13.12,653,4789.11,35.4,530.1,713.7
18.087418,-102.3797,30102201,,,,,1724.468,,2,101,4.264,539,782.19,54.8,59.4,350.3
18.087418,-102.3797,40400101,1.445164,5.780656,0.2890328,0.0722582,12.3128,173.7967,7,10.4,0.5248,68,0.59,2.7,0,31.1
17.933333,-102.2,30300813,68.15485,1618.48,299.0274,292.8603,1444.535,225.4961,1,262,26.24,419,10642.47,19.7,418.6,692.5
17.933333,-102.2,30300933,21.29839,505.775,93.44606,91.51883,451.4171,70.46752,2,190,9.84,849,1247.16,16.4,212.6,546.7
17.933333,-102.2,10200707,39.18903,930.6259,171.9408,168.3946,830.6075,129.6602,2,180,7.544,71.6,1759.33,39.4,117.2,455.6
17.933333,-102.2,30300317,43.16473,1025.037,189.384,185.4782,914.872,142.8142,2,360,12.464,257,3201.61,26.2,32.2,370.3
17.933333,-102.2,30300824,45.29457,1075.615,198.7286,194.63,960.0137,149.8609,2,173,9.512,555,2563.89,36.1,207.2,537.3
17.933333,-102.2,30300303,25.55807,606.9299,112.1353,109.8226,541.7006,84.56103,3,196,9.84,246,1496.6,19.7,20.1,282.3
17.933333,-102.2,30300901,26.97796,640.6483,118.365,115.9239,571.795,89.25886,2,82,3.28,1358,526.58,62.3,171.5,480
17.933333,-102.2,30300915,79.51398,1888.226,348.8653,341.6703,1685.291,263.0787,2,124,5.248,170,2483.24,114.8,90.9,406
17.933333,-102.2,30300915,65.88302,1564.531,289.0598,283.0982,1396.384,217.9795,2,124,5.248,138,2057.54,95.1,95.4,412
17.933333,-102.2,30300908,19.16855,455.1974,84.10146,82.36694,406.2754,63.42077,3,42.6,2.952,143,336.73,49.2,15.1,215.4
17.933333,-102.2,30300933,40.89291,971.0879,179.4164,175.7162,866.7209,135.2976,1,190,10.496,851,2554.19,29.5,436.9,679.4
18.087418,-102.3797,30302401,,,48.77726,24.03038,,,3,40.2,3.2144,108,615.66,75.9,34.2,278
19.7,-101.1833,30200701,,,349.4326,87.41326,,,3,63.8,2.6896,138,249.9,44,11.6,204.7
19.66557,-101.2824,30501101,,,0.198416,,,,3,32.8,1.968,80.6,89.8,29.5,5.7,156.6
19.696666,-101.2127,30107001,0.2804279,3.084707,1.86027,1.21164,33.46066,1.192328,4,43.2,1.6564,158,34.81,16.2,1.4,104.8
19.7,-101.1833,30199901,0.3670696,3.922023,2.328645,1.515377,41.9667,0.09157504,4,46.1,2.0992,202,85.48,24.7,2.3,122.1
19.705,-101.123,30199901,17.85744,196.4318,118.4606,77.15635,2130.75,4.958416,4,46.1,2.0992,202,85.48,24.7,2.3,122.1
19.66557,-101.2824,30113201,0.6453506,7.098857,4.281052,2.788356,77.00323,19.27928,3,77.7,6.4944,257,418.86,12.6,4.2,156
19.66557,-101.2824,40400101,,,,,,139.4754,7,10.4,0.5248,68,0.59,2.7,0,31.1
19.7,-101.1833,30800801,0.7003201,6.952334,4.20333,2.738253,75.42527,0.2218132,4,25.5,1.7056,128,81.09,35.5,4,137.8
19.700833,-101.1269,30113201,4.206693,44.47992,26.25728,17.08145,473.5508,1.159186,3,77.7,6.4944,257,418.86,12.6,4.2,156
19.689444,-101.2211,30101801,1.106054,12.05086,8.002454,5.03899,130.1424,0.2807552,4,53.7,1.7056,191,68.95,30.2,2.1,120.9
19.75,-101.1347,30113201,1.360803,14.32641,7.924049,5.162385,142.0804,89.64687,3,77.7,6.4944,257,418.86,12.6,4.2,156
19.653014,-102.3955,10201101,40.4091,14.24086,54.07777,23.09965,59.40836,18.15682,3,246,8.2,262,658.23,12.5,5.6,220.6
19.653014,-102.3955,10201101,104.6383,36.87634,140.033,59.81594,153.8364,47.0166,3,183,6.56,260,1363.57,40.3,12.5,245.7
19.653014,-102.3955,10201101,138.667,48.86864,185.5722,79.26827,203.8645,62.30655,3,82,6.56,260,1807,53.5,16.5,233.6
19.254368,-101.4537,30201901,0.9523968,3.809587,0.1904793,0.04761983,8.11442,0.04800079,3,34.9,1.804,112,86.1,33.7,4.7,147.6
19.254368,-101.4537,10201101,33.99128,10.5285,44.29623,18.58186,23.21122,15.38091,3,246,8.2,262,658.23,12.5,5.6,220.6
19.254368,-101.4537,10201101,88.01954,27.26328,114.7039,48.11723,60.10485,39.82846,3,183,6.56,260,1363.57,40.3,12.5,245.7
19.254368,-101.4537,10201101,116.6438,36.12939,152.006,63.76511,79.65114,52.78081,3,82,6.56,260,1807,53.5,16.5,233.6
19.326956,-101.8931,10201101,2.232251,1063.514,2196.622,549.1555,266.3522,,2,99.9,5.904,464,718.37,26.2,38.1,306.1
19.326956,-101.8931,10201101,30.70955,8.788209,39.42439,16.36418,7.617041,13.94972,3,246,8.2,262,658.23,12.5,5.6,220.6
19.326956,-101.8931,10201101,79.52157,22.75684,102.0884,42.37462,19.72413,36.12243,3,183,6.56,260,1363.57,40.3,12.5,245.7
19.326956,-101.8931,10201101,105.3822,30.15743,135.2879,56.15498,26.13848,47.86956,3,82,6.56,260,1807,53.5,16.5,233.6
19.643159,-102.594,10201101,9.948467,93.86298,55.53197,39.57969,1187.055,2.416367,2,99.9,5.904,464,718.37,26.2,38.1,306.1
19.643159,-102.594,10201101,29.64548,11.58653,40.60987,17.61335,64.59614,13.23584,3,246,8.2,262,658.23,12.5,5.6,220.6
19.643159,-102.594,10201101,76.7662,30.00302,105.1582,45.6093,167.27,34.27385,3,183,6.56,260,1363.57,40.3,12.5,245.7
19.643159,-102.594,10201101,101.7308,39.7601,139.356,60.4416,221.6667,45.41981,3,82,6.56,260,1807,53.5,16.5,233.6
19.416944,-102.0513,30113201,0.149394,1.643334,0.9910327,0.6454843,17.82569,18.78122,3,77.7,6.4944,257,418.86,12.6,4.2,156
19.416666,-102.0666,40400101,,,,,,253.2813,7,10.4,0.5248,68,0.59,2.7,0,31.1
19.419444,-102.0586,30113201,0.4868176,3.725318,1.731563,1.109124,32.29165,9.984124,3,77.7,6.4944,257,418.86,12.6,4.2,156
19.826198,-101.8254,30801001,26.59876,292.4081,167.6586,109.2231,3002.796,6.8057,4,29.3,0.6888,110,7.57,20.3,0.4,70
20.032593,-102.2623,30299901,0.5765027,6.001201,3.495868,2.273314,63.09147,0.1410645,3,49.1,1.8532,157,97.23,36,3.9,144.4
20.032593,-102.2623,30299901,0.9819298,6.798167,0.1560665,0.1019926,0.8364437,0.2574004,3,49.1,1.8532,157,97.23,36,3.9,144.4
20.085833,-102.2688,40400101,,,,,,44.74281,7,10.4,0.5248,68,0.59,2.7,0,31.1
19.435978,-100.3422,30700701,3.670399,14.6816,19.40723,9.520094,31.2718,0.3684579,3,48.2,3.4112,176,370.96,40.6,12.9,206.7
18.75,-98.91666,31499901,,,0.1231281,0.1205928,,1.862906,4,29.8,1.804,141,37.06,14.5,1.7,106.5
18.714637,-98.98143,32099901,0.2471122,1.870203,2.234302,1.374057,15.52175,15.45164,4,24,1.7056,113,49.54,21.7,2.7,121
18.833333,-98.93583,30299901,0.2306705,0.9226819,0.0461341,0.01153352,1.965313,0.02565056,4,39.3,1.8532,314,66.35,24.6,0.5,76.3
18.816666,-98.95,30202101,0.1464421,1.610863,142.905,5.526991,17.47347,0.03748918,3,14.9,2.1976,82.2,246.46,65,15.6,209.2
18.829045,-98.95189,10201101,32.53221,15.14886,46.56584,20.75319,115.7919,14.34382,3,246,8.2,262,658.23,12.5,5.6,220.6
18.829045,-98.95189,10201101,84.2413,39.22758,120.581,53.73984,299.8402,37.14296,3,183,6.56,260,1363.57,40.3,12.5,245.7
18.829045,-98.95189,10201101,111.6368,51.98452,159.7943,71.21622,397.3492,49.22197,3,82,6.56,260,1807,53.5,16.5,233.6
18.829045,-98.95189,40400101,,,,,,97.61846,7,10.4,0.5248,68,0.59,2.7,0,31.1
18.829045,-98.95189,30501401,22.96816,447.9994,189.9136,137.6883,2648.481,5.836661,2,295,8.2,728,2165.22,41,289.2,631.5
18.928888,-99.20694,30299901,0.4931431,5.305961,3.162338,2.05835,56.96436,0.123791,4,39.3,1.8532,314,66.35,24.6,0.5,76.3
18.916944,-99.2,30799901,,,,,,3.185348,3,41,3.9032,145,323,27,14.3,211.2
18.9325,-99.18972,30799901,4.508805,49.59685,36.20918,23.90161,537.9906,205.6072,3,82,4.92,404,513.21,27,17.8,239
18.919722,-99.19194,40400101,,,,,,619.9591,7,10.4,0.5248,68,0.59,2.7,0,31.1
18.916666,-99.26666,30799901,5.447842,59.92626,36.13926,23.5384,650.0364,1.432535,3,82,4.92,404,513.21,27,17.8,239
18.833333,-99.18333,30500601,42.87059,399.9234,65.15855,45.03205,757.8795,70.56963,2,275,10.856,233,4190.31,45.3,72.8,425.8
18.883333,-99.18333,30199901,2.995986,11.99626,0.5990242,0.1500263,25.49349,0.3337896,4,46.1,2.0992,202,85.48,24.7,2.3,122.1
18.884082,-99.16743,30502601,,,8.095372,4.000066,,,3,44.6,2.46,133,108.58,22.8,5.2,155.5
18.884082,-99.16743,31399901,1.917717,0.06709579,0.003470637,0.003470637,0.002992268,0.00341288,4,37.3,1.7056,122,60.33,26.4,3.1,130.7
18.884082,-99.16743,30801001,,,,,,13.16159,4,29.3,0.6888,110,7.57,20.3,0.4,70
18.883333,-99.18333,30501101,0.03548472,0.1419389,0.2055129,0.1347129,0.3023298,0.0039459,3,32.8,1.968,80.6,89.8,29.5,5.7,156.6
18.883333,-99.18333,30501101,0.02134162,0.08536649,0.1255225,0.08230741,0.1818306,0.002373189,3,32.8,1.968,80.6,89.8,29.5,5.7,156.6
18.884082,-99.16743,40600101,0.1825427,1.8413,1.057745,0.6870247,19.14286,0.04328326,4,20,2.05,155,36.27,11,1.5,99.7
18.870833,-99.17083,33000101,0.3701543,4.0094,2.911542,1.852954,42.65041,0.09436029,4,36.6,2.9356,247,239.21,35.3,3.1,131
18.883333,-99.18333,30899901,0.4987702,5.210816,2.905905,1.892108,52.19536,1.460735,3,36.2,2.0008,148,104.05,33.1,4.5,146.3
18.893055,-99.175,33000101,1.053017,10.96006,5.928521,3.862607,106.2094,0.2727389,4,36.6,2.9356,247,239.21,35.3,3.1,131
18.883333,-99.18333,30900199,0.5337556,3.83254,0.08290712,0.08290712,0.0947635,250.6847,4,29.5,2.0992,178,86.33,24.9,2.9,126.4
18.883333,-99.18333,33000101,0.05164107,0.3707998,3.917037,2.353431,0.009168406,0.01422246,4,36.6,2.9356,247,239.21,35.3,3.1,131
18.879166,-99.17055,30899901,0.2380992,0.9523968,0.04761983,0.01190496,2.028605,61.5685,3,36.2,2.0008,148,104.05,33.1,4.5,146.3
18.888888,-99.14638,30106001,0.1857041,0.7428165,0.03714083,0.009285207,1.582199,2.965266,4,47.2,1.5088,139,29.85,16.7,1.4,105.4
18.883333,-99.18333,30500601,22.09702,215.4107,43.89996,29.9726,395.4926,30.05122,3,132,11.48,318,2787.34,26.9,23.8,275.8
18.884082,-99.16743,30107001,1.261278,13.0458,8.573554,5.466923,137.3855,163.7814,4,43.2,1.6564,158,34.81,16.2,1.4,104.8
18.883333,-99.18333,30501601,3.612504,39.73755,43.78573,27.72164,64.6566,0.9248011,4,91.8,1.968,266,112.74,37.1,0.8,104.8
18.901944,-99.16805,30199901,7.412385,81.53624,50.07598,32.51503,884.4458,1.897571,4,46.1,2.0992,202,85.48,24.7,2.3,122.1
18.911944,-99.17472,31400901,0.5446653,3.855339,0.7304733,0.5168825,0.2634973,130.4306,3,24.6,1.9352,965,131.69,44.8,27.1,253.5
18.911944,-99.17472,31400901,0.5446653,3.855339,0.7304733,0.5168825,0.2634973,130.4306,5,27.5,1.7384,280,109.54,46.1,0.3,65.2
18.911944,-99.17472,31400901,0.5446653,3.855339,0.7304733,0.5122259,0.2634973,130.4306,4,36,1.4104,359,35.36,22.6,0.7,85.2
18.911944,-99.17472,31400901,,,4.427111,3.1044,,456.5072,4,17.7,2.46,69.8,49.42,10.4,3.3,127.5
18.911944,-99.17472,31400901,,,4.427111,3.1044,,456.5072,3,18,2.46,70.7,142.18,29.9,9.5,179
18.916666,-99.16666,30103501,0.07936639,0.3174656,5.174689,2.789729,0.6762017,1.463874,3,82.3,2.296,185,166.36,40.2,5.3,168.1
18.883333,-99.18333,30106001,0.1565568,0.6262273,0.6965561,0.36706,1.333864,7.85704,4,47.2,1.5088,139,29.85,16.7,1.4,105.4
18.904166,-99.175,30106001,3.39331,32.00688,17.62098,11.41599,320.6892,10.0787,4,47.2,1.5088,139,29.85,16.7,1.4,105.4
18.883333,-99.18333,30106001,1.806331,9.292071,2.247031,1.342493,47.83157,24.05591,4,47.2,1.5088,139,29.85,16.7,1.4,105.4
19.019722,-99.13833,30500101,1.660909,0.5447709,36.77719,30.32543,1.160362,1.139502,4,36.1,2.7388,266,259.42,44,1.9,112.4
18.883333,-98.86666,33000101,6.890306,75.44359,47.72684,31.24725,811.9525,1.764503,4,36.6,2.9356,247,239.21,35.3,3.1,131
18.847254,-98.85955,33000101,,,,,,2.56618,4,36.6,2.9356,247,239.21,35.3,3.1,131
18.652777,-99.19722,10201101,22.08502,973.8733,1681.475,862.9073,2635.185,736.5918,2,99.9,5.904,464,718.37,26.2,38.1,306.1
18.654756,-99.19541,10201101,200.2786,84.45196,279.4301,122.6069,550.3333,88.95964,3,98.4,6.396,356,874.7,27.2,17.6,243
18.654756,-99.19541,10201101,275.6383,116.2291,384.5724,168.7408,757.4096,122.4329,2,246,9.02,347,1697.7,26.6,29.5,328.1
18.654756,-99.19541,10201101,252.5849,106.5081,352.4082,154.6279,694.0626,112.193,2,98.4,7.9704,365,1374.68,27.6,31.4,288.5
18.654756,-99.19541,10201101,197.8656,83.43446,276.0634,121.1297,543.7028,87.88783,3,98.4,6.396,365,864.16,26.9,19.8,251.4
22.465477,-105.2523,40400101,,,,,,76.52508,7,10.4,0.5248,68,0.59,2.7,0,31.1
22.465477,-105.2523,30200701,3.668711,14.67485,0.7337423,0.1834356,31.25742,0.4079607,3,63.8,2.6896,138,249.9,44,11.6,204.7
21.617146,-104.8496,30299901,0.8495511,3.398204,0.1699102,0.04247756,7.238175,0.09447008,4,39.3,1.8532,314,66.35,24.6,0.5,76.3
21.617146,-104.8496,10201101,1.322773,201.9434,514.7356,5.715285,157.8333,187.7315,2,99.9,5.904,464,718.37,26.2,38.1,306.1
21.617146,-104.8496,30203301,0.5308607,5.839467,3.521562,2.293681,63.34229,0.1359003,3,47.2,3.2144,162,322.87,39.8,12.6,205
21.617146,-104.8496,30203301,1.190496,13.09546,7.897374,5.143756,142.05,0.304767,3,47.2,3.2144,162,322.87,39.8,12.6,205
21.617146,-104.8496,10201101,57.26249,18.11561,74.93414,31.52529,46.09525,25.88287,3,246,8.2,262,658.23,12.5,5.6,220.6
21.617146,-104.8496,10201101,148.2797,46.90989,194.04,81.6339,119.3624,67.023,3,183,6.56,260,1363.57,40.3,12.5,245.7
21.617146,-104.8496,10201101,196.5007,62.16515,257.1424,108.1815,158.1795,88.81911,3,82,6.56,260,1807,53.5,16.5,233.6
21.617146,-104.8496,10201101,193.959,61.15239,253.6447,106.66,152.2844,87.68571,3,98.4,6.396,356,874.7,27.2,17.6,243
21.617146,-104.8496,10201101,266.9407,84.16247,349.0846,146.7935,209.5851,120.6796,2,246,9.02,347,1697.7,26.6,29.5,328.1
21.617146,-104.8496,10201101,244.6148,77.12343,319.8885,134.5162,192.0562,110.5864,2,98.4,7.9704,365,1374.68,27.6,31.4,288.5
21.617146,-104.8496,10201101,191.6221,60.41562,250.5887,105.375,150.4497,86.62926,3,98.4,6.396,365,864.16,26.9,19.8,251.4
21.617146,-104.8496,40400101,,,,,,89.1364,7,10.4,0.5248,68,0.59,2.7,0,31.1
18.443335,-96.53345,10201101,112.0923,43.97452,153.6852,66.69415,247.2838,50.03368,3,98.4,6.396,356,874.7,27.2,17.6,243
18.443335,-96.53345,10201101,154.2698,60.521,211.513,91.78944,340.3303,68.86007,2,246,9.02,347,1697.7,26.6,29.5,328.1
18.443335,-96.53345,10201101,141.3672,55.45925,193.8228,84.11251,311.8663,63.10086,2,98.4,7.9704,365,1374.68,27.6,31.4,288.5
18.443335,-96.53345,10201101,110.7418,43.44471,151.8335,65.89061,244.3044,49.43086,3,98.4,6.396,365,864.16,26.9,19.8,251.4
18.574402,-96.66223,30501601,0.216775,2.580655,2.698376,1.447253,2322.589,0.141936,4,91.8,1.968,266,112.74,37.1,0.8,104.8
18.574402,-96.66223,10201101,40.15703,12.48332,52.36824,21.97882,28.25241,18.16754,3,246,8.2,262,658.23,12.5,5.6,220.6
18.574402,-96.66223,10201101,103.9856,32.32524,135.6062,56.91357,73.15887,47.04436,3,183,6.56,260,1363.57,40.3,12.5,245.7
18.574402,-96.66223,10201101,137.802,42.83751,179.7058,75.42204,96.95037,62.34334,3,82,6.56,260,1807,53.5,16.5,233.6
16.387773,-94.92777,30500101,0.4632952,2.3651,0.08566386,0.04287844,1.646196,0.06562579,4,36.1,2.7388,266,259.42,44,1.9,112.4
17.158807,-94.99918,30500606,37.49426,349.946,158.3506,107.5916,663.3777,61.77042,2,236,14.76,252,6375.5,37.3,73.9,415.6
17.158807,-94.99918,30500623,0.7977502,7.44566,3.770254,2.561705,14.11442,1.314264,3,70.5,1.64,797,40.05,19,6.2,171.9
17.158807,-94.99918,30500606,37.49426,349.946,177.2019,120.4001,663.3777,61.77042,2,27.3,7.7407,495,819.65,17.4,51.2,312.5
17.158807,-94.99918,30500617,,,9.425634,6.404262,,,2,48.6,5.248,155,1109.66,51.3,45.7,307.6
17.158807,-94.99918,30500617,,,9.425634,6.404262,,,3,69.7,2.6896,213,795.92,140.1,18.7,238.6
17.158807,-94.99918,10200402,3.988751,37.2283,18.85127,12.80852,70.57211,6.571321,3,25.5,1.968,375,497.47,163.5,12.9,199.8
17.097199,-96.72746,30700701,2.210182,24.312,74.64721,39.54228,263.7189,0.5658066,3,48.2,3.4112,176,370.96,40.6,12.9,206.7
17.097199,-96.72746,30700701,1.396187,6.701698,117.4402,58.72011,13.15208,0.2904069,3,48.2,3.4112,176,370.96,40.6,12.9,206.7
17.097199,-96.72746,10300502,0.2255414,0.9021657,0.04510828,0.01127707,1.921613,0.02508021,5,39.3,1.476,314,46.58,27.2,0.3,69.2
16.200495,-95.20926,30600102,58.76797,646.4476,16.87708,106.0991,,700.0406,1,196,12.988,689,4572.12,34.5,556.2,733.2
16.200495,-95.20926,10200401,68.22068,750.4274,334.1663,191.0085,3552.291,812.6407,2,100,10.168,370,4154.89,51.2,101.3,412.3
16.200495,-95.20926,10200401,60.26865,662.9551,334.1663,191.0085,3552.291,717.9167,2,98.4,9.9384,388,3587.69,46.2,107.2,419
16.200495,-95.20926,10200401,51.29247,564.2172,334.1663,191.0085,3552.291,610.9929,2,98.4,9.9384,348,3053.36,39.4,54,339.5
16.200495,-95.20926,30600102,49.76893,547.4583,16.87708,106.0991,,592.8446,1,190,11.808,891,3520,32.1,645,765.5
16.200495,-95.20926,30600103,5.71327,62.84597,334.1663,190.788,3552.291,68.05614,3,91.6,4.92,475,168.37,8.9,9.5,201.4
16.200495,-95.20926,30600103,21.06715,231.7387,334.1663,191.0085,3552.291,250.9507,2,90.2,8.5935,588,1084.4,18.7,98.5,405.8
16.200495,-95.20926,30600106,4.500082,49.5009,334.1663,191.0085,3552.291,53.60471,3,70.8,4.756,768,128.19,7.2,18.7,238.9
16.200495,-95.20926,30600106,11.45475,126.0023,334.1663,191.0085,3552.291,136.4484,2,88.8,9.184,667,630.12,9.5,72.4,368.5
16.200495,-95.20926,30600106,5.645557,62.10113,334.1663,191.0085,3552.291,67.24955,3,50.5,5.7072,449,192.99,7.5,9.4,188
16.200495,-95.20926,30609904,17.83387,196.1725,334.1663,191.0085,21313.75,212.436,2,252,6.888,1016,735.78,19.7,162.9,524.1
16.200495,-95.20926,10200401,63.84756,702.3231,334.1663,191.0085,3552.291,760.5484,2,100,10.168,399,3888.55,47.9,129.2,444.5
16.200495,-95.20926,40600101,0.07361233,0.2944493,0.01472247,0.003680617,0.6271771,308.6508,4,20,2.05,155,36.27,11,1.5,99.7
16.200495,-95.20926,40400101,0.01708582,0.07969709,0.005401324,0.005401324,0.005180862,453.6084,7,10.4,0.5248,68,0.59,2.7,0,31.1
16.9826,-96.68248,30299901,0.3049265,1.219706,0.0609853,0.01524633,2.597974,0.03390783,4,39.3,1.8532,314,66.35,24.6,0.5,76.3
17.104019,-96.76799,30106001,0.1875504,0.8418507,0.03622273,0.01106996,1.35752,0.02558772,4,47.2,1.5088,139,29.85,16.7,1.4,105.4
18.033578,-96.09088,30799901,13.09082,123.0537,72.11313,52.0813,1561.996,21.81831,3,82,4.92,404,513.21,27,17.8,239
17.501965,-97.51179,30501601,2.69515,29.64665,17.87878,11.64489,69.18171,0.7008221,4,91.8,1.968,266,112.74,37.1,0.8,104.8
16.722825,-96.67011,40400101,0.000734139,0.002936556,0.000146828,3.67E-05,0.006254865,233.183,7,10.4,0.5248,68,0.59,2.7,0,31.1
17.043159,-96.6245,30501001,0.06724098,0.4828122,0.01044991,0.007314936,0.01193803,0.01851883,3,71.9,3.9524,119,506.05,41.2,26.4,265.7
16.225973,-95.38323,10201101,73.44053,24.16376,96.86964,40.97633,76.27642,33.1263,3,101,5.9368,307,868.92,31.4,4.5,166
17.568476,-98.14495,30200901,31.86669,288.032,181.4392,125.1647,3575.642,6.359238,4,82,2.4928,298,104.85,21.5,0.3,77
17.568476,-98.14495,10201101,5.688345,317.4391,770.5449,266.5484,677.6341,265.2044,3,98.4,6.396,356,843.08,26.2,17,240.4
17.568476,-98.14495,10201101,117.3626,41.15192,156.8898,66.96759,168.6933,52.74947,3,98.4,6.396,356,853.62,26.6,17.2,241.3
17.568476,-98.14495,10201101,161.5232,56.63633,215.9234,92.16577,232.1682,72.59775,2,246,9.02,347,1739.62,27.2,30.2,330.1
17.568476,-98.14495,10201101,148.014,51.89948,197.8644,84.45737,212.7505,66.52593,2,98.4,7.9704,365,1374.68,27.6,31.4,288.5
17.568476,-98.14495,10201101,115.9486,40.65612,154.9996,66.16075,166.6608,52.11394,3,98.4,6.396,365,864.16,26.9,19.8,251.4
17.095343,-96.61434,30299901,0.1355578,0.5422312,0.02711156,0.00677789,1.154952,0.01507403,4,39.3,1.8532,314,66.35,24.6,0.5,76.3
19.104282,-97.95083,30501603,10.34184,34.45494,870.8169,835.311,0.01108054,0.03025098,3,98.4,1.64,910,152.43,72.2,28.8,281.1
19.104282,-97.95083,30501603,10.34184,34.45494,870.8169,835.311,0.01108054,0.03025098,3,98.4,1.476,914,123.47,72.2,23.5,264.5
19.104282,-97.95083,30501603,10.34184,34.45494,870.8169,835.311,0.01108054,0.03025098,3,98.4,1.0824,915,63.38,68.9,12.1,217.9
19.104282,-97.95083,30501603,10.34184,34.45494,870.8169,835.311,0.01108054,0.03025098,3,98.4,1.476,901,129.08,75.4,24,266.4
19.104282,-97.95083,30501609,,,49.36687,47.35403,,,3,78.7,2.3288,644,44.71,10.5,4.8,162.4
19.104282,-97.95083,10200402,4.596373,15.3133,392.5149,376.5109,0.004924685,0.01344488,3,98.4,2.952,1004,105.51,15.4,23,262.8
19.041666,-98.04666,30500101,0.2741851,1.09674,0.05483701,0.01370925,2.336057,0.01381893,4,36.1,2.7388,266,259.42,44,1.9,112.4
19.043333,-98.07083,30500101,0.1548613,0.619445,0.03097225,0.007743063,1.319418,0.007805008,4,36.1,2.7388,266,259.42,44,1.9,112.4
19.048325,-98.05749,30102001,0.02225065,0.159767,0.003456146,0.003456146,0.000103958,1.846987,4,33.9,1.6564,159,33.71,15.6,1.3,100.8
19.050277,-98.08888,30400701,0.5944984,0.3826232,6.960234,6.011977,1.708588,1.797594,3,39.3,2.6896,158,190.83,33.6,7.7,173.6
19.048325,-98.05749,30799901,1.412166,15.24882,8.665385,5.640714,155.3757,0.355619,3,41,3.9032,145,323,27,14.3,211.2
18.247789,-97.12021,10201101,158.8301,75.26652,228.4197,102.0866,589.4203,69.93298,3,108,6.2976,354,878.64,28.2,17.1,244.1
19.122103,-98.25893,30199901,1.02513,10.88426,6.128656,3.98725,110.0251,4.395864,4,46.1,2.0992,202,85.48,24.7,2.3,122.1
19.122103,-98.25893,30500623,18.35318,201.8225,46.22553,33.06933,311.1213,4.697122,3,112,11.48,258,2604.01,25.2,25.4,274.9
19.122103,-98.25893,30500623,18.35318,201.8225,46.50288,33.26775,311.1213,4.697122,3,112,11.48,298,2379.94,23,5.8,181.3
19.122103,-98.25893,10200402,6.439713,70.81493,22.8303,16.33259,109.1654,1.648113,4,31.4,2.0992,388,131.91,38.1,3.9,138.9
19.122103,-98.25893,30500606,42.82409,470.9193,154.0851,110.2311,725.9496,10.95995,1,131,18.04,607,12215.07,47.8,1180.7,905.5
19.122103,-98.25893,30500614,,,13.69818,9.799556,,,3,137,8.692,198,727.9,12.3,20.4,265.6
19.122103,-98.25893,30500614,,,13.69818,9.799556,,,3,82,4.92,165,581.18,30.6,22.2,255
19.122103,-98.25893,30500606,42.82409,470.9193,154.0851,110.2311,725.9496,10.95995,3,137,8.692,256,665.62,11.2,6.9,197.7
19.122103,-98.25893,30500617,,,5.479272,3.919822,,,4,82,4.92,246,151.53,8,2,128.7
19.122103,-98.25893,31499901,,,,,,1.322773,4,29.8,1.804,141,37.06,14.5,1.7,106.5
19.122103,-98.25893,33000101,1.93422,18.57722,8.534289,6.130116,186.3202,0.4197858,4,36.6,2.9356,247,239.21,35.3,3.1,131
18.509202,-98.62696,10201101,160.2421,58.81873,216.3749,92.97513,278.8761,71.82643,3,98.4,6.396,356,853.62,26.6,17.2,241.3
18.509202,-98.62696,10201101,220.5371,80.9507,297.7912,127.9593,383.8101,98.85287,2,246,9.02,347,1739.62,27.2,30.2,330.1
18.509202,-98.62696,10201101,202.0922,74.18028,272.885,117.2572,351.7096,90.58518,2,98.4,7.9704,365,1374.68,27.6,31.4,288.5
18.509202,-98.62696,10201101,158.3115,58.11007,213.7679,91.85495,275.5162,70.96106,3,98.4,6.396,365,864.16,26.9,19.8,251.4
17.962469,-97.8734,31000203,,,,,1760.115,,3,22.9,3.936,195,558.73,45.9,16.2,214.1
17.962469,-97.8734,31000203,,,,,1760.115,,3,22.9,3.936,206,518.82,42.6,13.3,201
17.962469,-97.8734,31000203,,,,,1760.115,,3,22.9,3.936,201,598.64,49.2,16.2,214.4
17.962469,-97.8734,31000203,,,,,1760.115,,3,22.9,3.936,185,478.91,39.4,15.3,210.4
19.168516,-98.44582,30499901,0.3902287,1.175131,1.536116,1.169399,0.7193986,0.7914798,4,41.3,2.0992,242,124.87,36.1,1.8,112.7
19.916701,-97.40176,30106001,0.1385552,0.5542208,0.5738797,0.5418352,1.18049,0.01540734,4,47.2,1.5088,139,29.85,16.7,1.4,105.4
18.50232,-98.44706,30299901,0.009203944,0.06608734,0.001429629,0.001429629,0.000267065,1.225328,4,39.3,1.8532,314,66.35,24.6,0.5,76.3
18.666666,-98.45,30201101,3.6521,40.1731,23.05377,15.01549,412.8334,28.61992,4,27.6,0.6396,99.6,28.23,87.9,1.6,105
18.50232,-98.44706,30501601,0.9854661,10.84013,18.91484,12.60645,16.70956,0.3163346,4,91.8,1.968,266,112.74,37.1,0.8,104.8
18.600555,-98.46666,30501601,8.780569,96.58626,162.7468,141.208,148.8833,2.264248,4,91.8,1.968,266,112.74,37.1,0.8,104.8
19.041666,-98.19666,30201901,4.948386,5.890935,0.4477111,0.4477111,0.03534561,1.151065,3,34.9,1.804,112,86.1,33.7,4.7,147.6
19.01101,-98.17628,30199901,2.083184,2.479981,0.1884786,0.1884786,0.01487989,1.176429,4,46.1,2.0992,202,85.48,24.7,2.3,122.1
19.0625,-98.1725,30199901,,,,,,2.641798,4,46.1,2.0992,202,85.48,24.7,2.3,122.1
19.163888,-98.09444,31499999,0.5396445,3.874824,896.5891,629.2103,0.00252129,26.60409,4,39.3,2.952,302,189.02,27.6,0.7,84.4
19.01101,-98.17628,30203201,6.484208,7.719295,0.5866664,0.5866664,0.04631577,0.4245612,5,40.2,1.2136,316,28.34,24.5,0.2,62
19.075555,-98.15277,30200301,0.02576173,0.03066873,3.552621,1.016699,0.000184012,0.00168678,3,100,2.9848,181,281.83,40.3,9.4,203.1
19.01101,-98.17628,31499901,0.003765485,0.00448272,1.797328,1.261384,2.69E-05,43.91411,4,29.8,1.804,141,37.06,14.5,1.7,106.5
19.043333,-98.19722,31499901,0.7454426,5.352522,0.115788,0.115788,0.003482806,60.3485,4,29.8,1.804,141,37.06,14.5,1.7,106.5
19.063888,-98.18722,30899901,0.000685197,0.00081571,1.46834,1.452026,4.89E-06,16.06072,3,36.2,2.0008,148,104.05,33.1,4.5,146.3
19.01101,-98.17628,30599901,0.002414562,0.01733735,5.470704,3.343354,1.13E-05,1.128329,3,55.8,2.296,211,223.94,54.1,5.4,160.6
19.01101,-98.17628,30299901,3.796588,41.4258,20.65694,14.91453,447.6799,0.962038,4,39.3,1.8532,314,66.35,24.6,0.5,76.3
19.01101,-98.17628,30299901,0.2689639,1.931249,0.04177759,0.04177759,0.001256635,0.0740753,4,39.3,1.8532,314,66.35,24.6,0.5,76.3
19.01101,-98.17628,31399901,,,0.2607517,0.1829836,,1.255532,4,37.3,1.7056,122,60.33,26.4,3.1,130.7
19.05,-98.2,33000101,0.2689639,1.931249,0.04177759,0.04177759,0.001256635,0.0740753,4,36.6,2.9356,247,239.21,35.3,3.1,131
19.05,-98.2,30199901,0.2689639,1.931249,0.04177759,0.04177759,0.001256635,0.0740753,4,46.1,2.0992,202,85.48,24.7,2.3,122.1
19.041666,-98.20833,30203201,2.385577,2.839972,0.2158379,0.2158379,0.01703984,0.1561985,5,40.2,1.2136,316,28.34,24.5,0.2,62
19.041666,-98.20833,30200701,,,3.419038,0.976868,,,3,63.8,2.6896,138,249.9,44,11.6,204.7
19.041666,-98.20833,30203201,1.182984,1.408314,0.1070319,0.1070319,0.008449885,0.07745728,5,40.2,1.2136,316,28.34,24.5,0.2,62
19.079166,-98.15833,33000101,6.383792,25.53517,1.276758,0.3191896,54.38991,0.3217431,4,36.6,2.9356,247,239.21,35.3,3.1,131
19.105,-98.20722,30500101,1.027569,4.110276,0.2055138,0.05137845,8.754888,0.05178947,4,36.1,2.7388,266,259.42,44,1.9,112.4
19.01101,-98.17628,33000101,1.15586,11.43679,4.576156,3.319472,98.00648,0.3023928,4,36.6,2.9356,247,239.21,35.3,3.1,131
19.01101,-98.17628,31499901,2.351958,16.27204,0.3739743,0.3449306,1.659769,0.6041849,4,29.8,1.804,141,37.06,14.5,1.7,106.5
19.084166,-98.23416,33000101,0.07389753,0.6956622,0.318158,0.228202,6.962177,0.01547512,4,36.6,2.9356,247,239.21,35.3,3.1,131
19.01101,-98.17628,36000101,0.3051314,2.190943,0.04739541,0.04739541,0.001425614,0.08403619,3,39.9,2.0008,170,154.69,49.2,5.7,158.1
19.01101,-98.17628,33000101,0.2561825,1.02473,0.05123649,0.01280912,2.182675,0.0129116,4,36.6,2.9356,247,239.21,35.3,3.1,131
19.01101,-98.17628,31499901,5.369019,6.391689,0.4857684,0.4857684,0.03835014,0.3515429,4,29.8,1.804,141,37.06,14.5,1.7,106.5
19.01101,-98.17628,33000101,0.04611155,0.1844462,0.00922231,0.002305578,0.3928704,213.2995,4,36.6,2.9356,247,239.21,35.3,3.1,131
19.01101,-98.17628,30899901,0.04584612,0.3291902,0.00712118,0.00712118,0.000214199,8.052883,3,36.2,2.0008,148,104.05,33.1,4.5,146.3
19.01101,-98.17628,33000101,0.2303454,2.165081,0.7520632,0.5473279,15.96712,0.06084209,4,36.6,2.9356,247,239.21,35.3,3.1,131
19.091666,-98.2,30203201,2.160386,2.571887,0.1954634,0.1954634,0.01543133,0.1414538,5,40.2,1.2136,316,28.34,24.5,0.2,62
19.1,-98.23472,33000101,0.9033606,9.936967,4.975861,3.593719,107.789,0.2312603,4,36.6,2.9356,247,239.21,35.3,3.1,131
19.05,-98.2,33000101,0.09840631,1.082469,0.5420384,0.3914767,11.74184,0.02519201,4,36.6,2.9356,247,239.21,35.3,3.1,131
19.093055,-98.19222,32099901,0.3149002,3.463902,1.734523,1.252725,37.57389,0.08061445,4,24,1.7056,113,49.54,21.7,2.7,121
19.01101,-98.17628,30701201,0.2788011,3.056875,1.528148,1.103541,33.10926,0.07108122,4,48.4,2.5912,99.6,61.92,11.7,3.6,140.2
19.057777,-98.20361,33000101,1.501402,13.51289,5.993122,4.287905,131.6214,0.2961702,4,36.6,2.9356,247,239.21,35.3,3.1,131
19.0525,-98.17361,30201801,2.161445,23.77589,11.9056,8.598588,257.9036,0.5533299,3,44.4,1.9024,170,133.88,47.1,4.9,152.6
19.01101,-98.17628,33000101,2.011247,2.394342,0.18197,0.18197,0.01436605,0.1316888,4,36.6,2.9356,247,239.21,35.3,3.1,131
19.035277,-98.18611,33000101,1.053382,11.5872,5.802202,4.190528,125.6895,0.2696657,4,36.6,2.9356,247,239.21,35.3,3.1,131
19.05,-98.2,33000101,1.197517,13.17269,99.63934,31.3477,142.8878,0.3065644,4,36.6,2.9356,247,239.21,35.3,3.1,131
19.01101,-98.17628,33000101,0.1183014,1.116127,0.5111936,0.366701,11.18445,0.0248459,4,36.6,2.9356,247,239.21,35.3,3.1,131
19.043333,-98.19666,31400901,0.1209202,1.330122,0.6660485,0.4810406,14.4282,0.03095557,7,20.9,1.7056,291,37.7,16.5,0,24.9
19.034166,-98.19666,33000101,0.1305997,0.5223987,0.02611993,0.006529983,1.112709,0.006582223,4,36.6,2.9356,247,239.21,35.3,3.1,131
19.01101,-98.17628,33000101,0.6347972,6.396716,3.052159,2.196456,66.46762,0.1452949,4,36.6,2.9356,247,239.21,35.3,3.1,131
19.043333,-98.19666,33000101,0.2480475,2.562502,1.240392,0.8936092,26.96916,0.05862391,4,36.6,2.9356,247,239.21,35.3,3.1,131
19.01101,-98.17628,33000101,1.359076,14.94984,7.486017,5.406631,162.1649,0.3479235,4,36.6,2.9356,247,239.21,35.3,3.1,131
19.01101,-98.17628,30199901,0.04067528,0.1627011,0.008135055,0.002033764,0.3465534,1.492643,4,46.1,2.0992,202,85.48,24.7,2.3,122.1
19.050555,-98.20277,31499901,1.49899,1.784512,16.35493,1.536085,0.01070707,0.09814814,4,29.8,1.804,141,37.06,14.5,1.7,106.5
19.01101,-98.17628,30900199,0.0484135,0.3476248,0.007519966,0.007519966,10.04346,0.01333355,4,29.5,2.0992,178,86.33,24.9,2.9,126.4
19.01101,-98.17628,30106001,1.638099,18.01908,10.34044,6.73499,185.1707,1.764058,4,47.2,1.5088,139,29.85,16.7,1.4,105.4
19.0625,-98.1725,30199901,5.871402,6.989765,0.5312221,0.5312221,0.04193859,1.150984,4,46.1,2.0992,202,85.48,24.7,2.3,122.1
19.01101,-98.17628,31499901,0.7473525,0.8897053,1.570564,1.570564,0.005338232,0.04893379,4,29.8,1.804,141,37.06,14.5,1.7,106.5
19.01101,-98.17628,30501401,0.9596955,5.429292,8.146446,7.981982,2.747925,2.545761,3,78.2,3.4112,332,405.58,44.4,5.2,165.7
19.01101,-98.17628,30107001,0.5275661,2.34208,17.81258,17.38029,3.442076,0.06503635,4,43.2,1.6564,158,34.81,16.2,1.4,104.8
19.0775,-98.15333,30199901,0.2883011,1.469358,0.0532194,0.02024108,1.612244,131.6901,4,46.1,2.0992,202,85.48,24.7,2.3,122.1
19.075,-98.16111,30199901,,,,,,104.7195,4,46.1,2.0992,202,85.48,24.7,2.3,122.1
19.05,-98.2,30102001,0.2401515,2.421755,1.990188,1.327337,23.86313,8.830223,4,33.9,1.6564,159,33.71,15.6,1.3,100.8
19.01101,-98.17628,30106001,12.11079,14.41761,59.33733,58.13647,0.08650567,0.7929686,4,47.2,1.5088,139,29.85,16.7,1.4,105.4
19.01101,-98.17628,30400301,0.00776027,0.000242508,29.51411,21.33374,0.0243721,0.02546339,3,43.6,3.4112,179,468.83,51.3,15.9,219.1
19.01101,-98.17628,31400901,16.43553,54.7851,5.082383,4.930267,0.1173966,362.1525,3,24.6,1.9352,965,131.69,44.8,27.1,253.5
19.01101,-98.17628,31400901,16.43553,54.7851,5.082383,4.879541,0.1173966,362.1525,5,27.5,1.7384,280,109.54,46.1,0.3,65.2
19.01101,-98.17628,31400901,16.43553,54.7851,5.082383,4.835582,0.1173966,362.1525,4,36,1.4104,359,35.36,22.6,0.7,85.2
19.01101,-98.17628,31400901,,,30.80232,29.30655,,1267.534,4,17.7,2.46,69.8,49.42,10.4,3.3,127.5
19.01101,-98.17628,31400901,,,30.80232,29.30655,,1267.534,3,18,2.46,70.7,142.18,29.9,9.5,179
19.0625,-98.1725,30199901,2.99182,3.56169,0.2706885,0.2706885,0.02137014,3.075129,4,46.1,2.0992,202,85.48,24.7,2.3,122.1
19.095833,-98.18472,31400901,0.3339734,0.543449,3.790023,3.24972,0.8168938,0.8717445,7,20.9,1.7056,291,37.7,16.5,0,24.9
19.045833,-98.18194,30400301,0.04175554,0.03741243,2.342433,2.174088,0.1153238,0.1218054,3,43.6,3.4112,179,468.83,51.3,15.9,219.1
19.024541,-98.29177,30400301,0.7508773,5.391545,0.2821375,0.2752415,0.02178775,17.51308,3,43.6,3.4112,179,468.83,51.3,15.9,219.1
19.030555,-98.26888,30501101,,,6.821541,4.16872,,,3,32.8,1.968,80.6,89.8,29.5,5.7,156.6
19.033888,-98.25833,30400701,0.1259574,1.385531,0.6937944,0.5010796,15.02924,0.0322451,3,39.3,2.6896,158,190.83,33.6,7.7,173.6
19.251944,-98.4075,30799901,5.112677,6.086521,0.4625756,0.4625756,0.03651912,0.3347586,3,41,3.9032,145,323,27,14.3,211.2
19.2875,-98.425,30199901,0.04728914,0.1891566,2.838759,1.643359,0.4029035,8.960103,4,46.1,2.0992,202,85.48,24.7,2.3,122.1
19.25,-98.4,30199901,1.255338,1.935483,0.1203474,0.1203474,0.009967809,5.3,4,46.1,2.0992,202,85.48,24.7,2.3,122.1
19.25,-98.4,30104501,0.8512046,3.404818,75.92709,74.2374,7.252263,379.3812,4,35.8,6.1008,141,11.51,0.4,0.5,76.9
19.283333,-98.43416,30199901,78.13605,462.9706,698.8325,434.2567,654.0116,295.4194,4,46.1,2.0992,202,85.48,24.7,2.3,122.1
19.25,-98.41666,31499901,37.55458,269.3548,15.95978,10.23916,1.113707,10.32744,4,29.8,1.804,141,37.06,14.5,1.7,106.5
19.173088,-98.3117,30400701,54.68679,182.2893,411.257,390.527,0.39062,3.580683,3,39.3,2.6896,158,190.83,33.6,7.7,173.6
19.173088,-98.3117,31499901,166.7523,198.5146,17.08467,17.04348,1.191088,10.9183,4,29.8,1.804,141,37.06,14.5,1.7,106.5
19.077376,-98.34027,30500101,0.2506806,1.034476,0.0496901,0.01358565,2.050779,0.01488086,4,36.1,2.7388,266,259.42,44,1.9,112.4
19.077376,-98.34027,31299901,0.2493214,1.790209,0.03872656,0.03872656,0.001164862,0.06866556,4,30.5,1.9024,163,65.36,23,2.5,120.9
19.076388,-98.28027,33000101,0.6298004,6.927804,3.469046,2.505451,75.14778,0.1612289,4,36.6,2.9356,247,239.21,35.3,3.1,131
19.077376,-98.34027,30299901,0.2287823,1.642732,0.03553627,0.03553627,0.001068901,0.0630089,4,39.3,1.8532,314,66.35,24.6,0.5,76.3
19.077376,-98.34027,30400701,0.6063592,5.203261,9.80765,8.146464,6.996459,0.1248884,3,39.3,2.6896,158,190.83,33.6,7.7,173.6
19.077376,-98.34027,30400101,0.07455679,0.5353422,1.753232,1.662402,0.002163369,0.02053367,4,46.2,2.8372,335,192.85,30.5,2.6,127.4
18.401793,-98.04675,30400701,,,346.6462,328.9601,,,3,39.3,2.6896,215,190.83,33.6,4.4,145.8
18.562381,-97.42879,40400101,,,,,,47.22775,7,10.4,0.5248,68,0.59,2.7,0,31.1
18.562381,-97.42879,40400101,0.01366866,0.006371357,0.004299013,0.004299013,0.004188782,47.23017,7,10.4,0.5248,68,0.59,2.7,0,31.1
18.562381,-97.42879,40400101,,,,,,448.2107,7,10.4,0.5248,68,0.59,2.7,0,31.1
18.468175,-97.43713,30202101,3.690537,39.76256,38.34058,19.19626,404.7353,3.852081,3,14.9,2.1976,82.2,246.46,65,15.6,209.2
18.464166,-97.38888,30106001,,,4.619124,4.523884,,,4,47.2,1.5088,139,29.85,16.7,1.4,105.4
19.026377,-97.87554,30501601,3.735291,41.08842,115.4788,42.38683,63.33593,0.9562548,4,91.8,1.968,266,112.74,37.1,0.8,104.8
19.8025,-97.35166,30501601,1.741676,19.15843,86.84528,80.84317,29.53185,0.5590779,4,91.8,1.968,266,112.74,37.1,0.8,104.8
20.833333,-99.51666,30302401,0.05272045,0.2108818,232.6785,132.9558,0.4491782,,3,40.2,3.2144,108,615.66,75.9,34.2,278
20.732222,-99.97583,30302401,0.3166424,1.282212,0.06774703,0.01881619,2.629005,,3,40.2,3.2144,108,615.66,75.9,34.2,278
20.479622,-100.4406,30499901,0.3490185,1.399543,0.06978131,0.01769712,2.958383,,4,41.3,2.0992,242,124.87,36.1,1.8,112.7
20.479622,-100.4406,30202101,0.1598351,0.1906998,1.872275,0.7348005,0.001102311,0.02094391,3,14.9,2.1976,82.2,246.46,65,15.6,209.2
20.538888,-100.4336,30106001,0.01115944,0.06587477,0.002094876,0.002065114,0.001691931,1.129869,4,47.2,1.5088,139,29.85,16.7,1.4,105.4
20.54,-100.4666,30199901,0.5190538,5.669112,3.239567,2.110018,58.04787,,4,46.1,2.0992,202,85.48,24.7,2.3,122.1
20.541666,-100.4672,30701201,0.3485395,2.069453,1.349103,1.322647,4.54E-05,0.08721485,4,48.4,2.5912,99.6,61.92,11.7,3.6,140.2
20.643809,-99.86649,30501601,10.58219,116.404,514.5678,339.0436,179.4315,,4,91.8,1.968,266,112.74,37.1,0.8,104.8
20.643809,-99.86649,30501601,5.060269,55.42685,250.6271,154.4382,85.27302,,4,91.8,1.968,266,112.74,37.1,0.8,104.8
20.565277,-100.2838,31499901,1.199896,7.124382,93.36428,65.58589,0.000156236,67.40444,4,29.8,1.804,141,37.06,14.5,1.7,106.5
20.72474,-100.2755,31499901,0.3827673,2.266914,0.07180607,0.07135963,0.02540701,,4,29.8,1.804,141,37.06,14.5,1.7,106.5
20.72474,-100.2755,30701301,0.1421981,0.8388587,0.02535315,,,10.87044,3,38.6,4.592,154,580.42,35,24.1,248.2
20.72474,-100.2755,30299901,0.008818489,0.0595248,5.200704,1.785744,,0.004409244,3,49.1,1.8532,157,97.23,36,3.9,144.4
20.72474,-100.2755,30899901,0.2403038,1.415367,0.04299013,0.04299013,,0.03858089,3,36.2,2.0008,148,104.05,33.1,4.5,146.3
20.636944,-100.2611,30900199,0.06819032,0.40488,0.01278568,0.01278568,8.88E-06,2.285752,4,29.5,2.0992,178,86.33,24.9,2.9,126.4
20.570277,-100.275,31499901,0.0101589,0.06031846,15.51715,14.8238,1.32E-06,11.11129,4,29.8,1.804,141,37.06,14.5,1.7,106.5
20.569444,-100.275,30104501,0.08598026,0.343921,0.01719605,0.004299013,0.7325518,76.11458,4,35.8,6.1008,141,11.51,0.4,0.5,76.9
20.45,-100.1333,20100209,50.49553,111.3951,13.86314,13.86314,0.0237174,15.82383,2,72.1,14.802,334,12503.04,72.7,167.7,473.6
20.45,-100.1333,20100209,50.49553,111.3951,13.86314,13.86314,0.0237174,15.82383,2,72.1,14.802,370,14168.22,82.3,345.6,596.7
20.45,-100.1333,20100209,50.49553,111.3951,13.86314,13.86314,0.0237174,15.82383,2,72.1,14.802,341,13931.15,81,216.6,513.8
20.45,-100.1333,20100209,50.49553,111.3951,13.86314,13.86314,0.0237174,15.82383,1,72.1,20.936,1095,33310.62,96.8,8175.9,1671.9
20.45,-100.1333,20100209,50.49553,111.3951,13.86314,13.86314,0.0237174,15.82383,1,72.1,20.936,1041,33310.62,96.8,7627.4,1634.1
20.514444,-100.1486,30199901,4.514169,43.49491,36.29701,22.3427,418.2899,41.02802,4,46.1,2.0992,202,85.48,24.7,2.3,122.1
20.505555,-100.1433,31499901,0.003057828,0.003640272,0.377267,0.2648313,2.18E-05,83.22226,4,29.8,1.804,141,37.06,14.5,1.7,106.5
20.595,-100.4188,30400701,5.792413,16.34033,11.01808,10.49338,0.04137438,0.8422357,3,39.3,2.6896,215,190.83,33.6,4.4,145.8
20.631111,-100.4402,30400701,0.009143009,0.05428661,3.57253,3.390345,1.19E-06,6.282401,3,39.3,2.6896,215,190.83,33.6,4.4,145.8
20.6,-100.4,30104501,0.2927532,1.176951,10.08844,5.43122,1139.046,,4,35.8,6.1008,141,11.51,0.4,0.5,76.9
20.619722,-100.4247,30501401,2.465383,15.09523,1.71955,1.129191,6.686151,2.014298,3,78.2,3.4112,332,405.58,44.4,5.2,165.7
20.63,-100.4255,31499901,0.1549054,0.9197509,5.285525,5.066496,2.02E-05,5.034695,4,29.8,1.804,141,37.06,14.5,1.7,106.5
20.633333,-100.4333,30102401,144.8692,202.2749,193.71,138.7992,344.5462,111.107,4,44.1,1.7056,194,70.37,30.8,2.1,117.6
20.617222,-100.4338,31299901,0.009312323,0.05529192,0.7918826,0.7755684,1.21E-06,1.403242,4,30.5,1.9024,163,65.36,23,2.5,120.9
20.632222,-100.44,30900199,0.06613866,0.2645546,3.969422,3.87793,0.5635014,,4,29.5,2.0992,178,86.33,24.9,2.9,126.4
20.623055,-100.4316,31499901,0.9372955,1.115828,0.08480293,0.08480293,0.006694968,6.200471,4,29.8,1.804,141,37.06,14.5,1.7,106.5
20.6,-100.4,31499901,2.127736,2.533019,0.1925094,0.1925094,0.01519811,0.1393161,4,29.8,1.804,141,37.06,14.5,1.7,106.5
20.591666,-100.3916,30499901,0.3284887,1.642443,17.60523,13.08609,3.653059,0.03527395,4,41.3,2.0992,242,124.87,36.1,1.8,112.7
20.706365,-100.4391,30299901,0.6128849,4.143587,0.1708582,0.1708582,0.01102311,0.230383,4,39.3,1.8532,314,66.35,24.6,0.5,76.3
20.706365,-100.4391,30500801,1.755981,12.43407,125.2687,114.1336,0.04409244,0.804687,3,32.2,1.8532,141,117.31,43.5,5.3,152.9
20.706365,-100.4391,30204001,4.023435,28.50135,6.491509,6.383483,0.1003103,0.9226343,3,74.2,2.0008,122,155.93,49.6,8,186.3
20.706365,-100.4391,30299901,1.654569,7.55083,0.3659673,0.06724098,11.50813,0.2072345,4,39.3,1.8532,314,66.35,24.6,0.5,76.3
20.706365,-100.4391,30800801,1.98416,14.05226,0.6283173,0.6283173,0.04960399,2.965657,4,25.5,1.7056,128,81.09,35.5,4,137.8
20.706365,-100.4391,31499901,0.01724473,0.02052944,0.001560237,0.001560237,0.000123177,6.858386,4,29.8,1.804,141,37.06,14.5,1.7,106.5
20.626388,-100.438,31499901,8.045236,9.577662,2.238289,2.080879,0.05746597,6.796717,4,29.8,1.804,141,37.06,14.5,1.7,106.5
20.643333,-100.4402,30400701,6.704751,7.981846,61.66429,59.79521,0.04789108,0.4390016,3,39.3,2.6896,215,190.83,33.6,4.4,145.8
20.612777,-100.3947,30400301,22.02299,128.118,5.067975,4.778152,0.377449,4.553231,3,65.6,3.4768,408,208.64,22,7.5,180.4
20.626666,-100.4247,30800101,2.033649,22.29525,16.5442,12.01758,228.6088,248.1578,3,35.3,2.0992,113,121.13,35,6.5,163.9
20.706365,-100.4391,30499901,0.06702756,0.3979762,7.416019,3.858531,8.73E-06,,4,41.3,2.0992,242,124.87,36.1,1.8,112.7
20.7,-100.4255,31499901,0.1410428,0.6255162,13.30347,9.331694,0.6762956,20.63055,4,29.8,1.804,141,37.06,14.5,1.7,106.5
20.629444,-100.4397,50100505,0.1481201,0.6272173,0.02939991,0.009871208,1.109232,30.76528,3,39.3,1.476,1250,67.35,39.4,19.7,233.2
20.620555,-100.4358,40400101,,,,,,130.7577,7,10.4,0.5248,68,0.59,2.7,0,31.1
20.649722,-100.4297,30199901,,,0.1377889,0.07440599,,1.536181,4,46.1,2.0992,202,85.48,24.7,2.3,122.1
20.608888,-100.4191,30701201,4.602384,5.479028,0.4164061,0.4164061,0.03287417,2.369833,4,48.4,2.5912,99.6,61.92,11.7,3.6,140.2
20.623055,-100.4372,30900199,0.1273169,3.304305,2.66142,2.572243,0.3280478,0.02888055,4,29.5,2.0992,178,86.33,24.9,2.9,126.4
20.629166,-100.4258,31499901,16.58439,20.33794,4.356722,4.266553,1.920153,1.133247,4,29.8,1.804,141,37.06,14.5,1.7,106.5
20.6,-100.4,30900199,0.1858147,1.103275,0.03484026,0.03484026,2.42E-05,,4,29.5,2.0992,178,86.33,24.9,2.9,126.4
20.636388,-100.4338,31499901,0.2338845,0.2802676,1.893584,1.335153,0.001667895,0.1252772,4,29.8,1.804,141,37.06,14.5,1.7,106.5
20.619722,-100.4247,30499901,3.285041,3.910763,24.37224,23.10513,0.02346458,1.328426,4,41.3,2.0992,242,124.87,36.1,1.8,112.7
20.706365,-100.4391,31499901,0.5683904,2.279958,5.908045,5.703791,4.814556,297.624,4,29.8,1.804,141,37.06,14.5,1.7,106.5
20.616388,-100.4263,30501401,25.01282,275.9492,52.9153,50.78146,38.19768,1.676426,1,285,11.644,1023,6391.74,60,1428.5,1009.2
20.616388,-100.4263,30501401,27.33642,301.5838,57.83093,55.49886,41.74609,1.832159,1,285,11.644,921,6985.5,65.6,1344,990.7
20.616388,-100.4263,30501401,25.28619,278.9651,53.49361,51.33644,38.61514,1.694747,1,285,11.644,991,6461.59,60.7,1381.1,998.9
20.383333,-99.98333,30400701,4.18774,4.985404,119.7357,113.6461,0.02991243,210.2636,3,39.3,2.6896,215,190.83,33.6,4.4,145.8
20.383333,-99.98333,30700801,70.01231,83.34799,6.334447,6.334447,0.5000879,4.584139,3,82,4.92,404,513.21,27,17.8,239
20.369882,-100.0049,30299901,2.925534,6.013988,0.9160205,0.0297624,21.71553,0.2292807,4,39.3,1.8532,314,66.35,24.6,0.5,76.3
20.369882,-100.0049,30502001,0.03747857,0.1510166,23.61922,7.085655,0.3218748,0.002204622,3,28.9,3.3128,117,461.11,53.5,24.3,246.1
20.369882,-100.0049,30500801,1.661183,11.76276,127.1946,115.8849,0.04188782,0.7605946,3,32.2,1.8532,141,117.31,43.5,5.3,152.9
20.391666,-99.98444,30799901,0.04232874,0.2513269,3.4628,3.391591,5.51E-06,0.07120929,3,41,3.9032,145,323,27,14.3,211.2
20.379444,-99.98555,30799901,52.00209,121.1121,50.50444,37.34652,666.8257,2.999993,3,82,4.92,404,513.21,27,17.8,239
20.403055,-99.98222,30701201,0.2967281,0.3637706,4.222212,4.175022,0.03400382,9.135296,4,48.4,2.5912,99.6,61.92,11.7,3.6,140.2
20.383333,-99.96666,30701201,1.011413,4.81038,1.83847,1.654801,5.254466,26.06966,4,48.4,2.5912,99.6,61.92,11.7,3.6,140.2
20.368055,-99.96111,30799901,0.3174656,1.269862,0.4575693,0.2286193,16.42737,,3,41,3.9032,145,323,27,14.3,211.2
20.790555,-99.94194,30501601,2.116437,23.28081,105.2399,64.85207,35.88634,,4,91.8,1.968,266,112.74,37.1,0.8,104.8
20.509444,-86.95166,10100201,22.45626,327.4872,28.605,28.605,94.63711,79.66627,2,32.8,13.612,710,3484.42,23.9,446.2,635.8
18.543611,-88.46555,10100201,11.13551,162.3928,14.18452,14.18452,46.92822,39.50454,2,32.8,13.612,710,3484.42,23.9,446.2,635.8
18.699524,-88.54068,10201101,147.5105,48.01767,194.1444,82.00128,143.6696,66.57494,3,98.4,6.396,356,853.62,26.6,17.2,241.3
18.699524,-88.54068,10201101,203.0149,66.08549,267.196,112.8563,197.7287,91.62539,2,246,9.02,347,1739.62,27.2,30.2,330.1
18.699524,-88.54068,10201101,186.0355,60.55834,244.8487,103.4174,181.1914,83.96217,2,98.4,7.9704,365,1374.68,27.6,31.4,288.5
18.699524,-88.54068,10201101,145.7333,47.43914,191.8054,81.01331,141.9386,65.77283,3,98.4,6.396,365,864.16,26.9,19.8,251.4
21.037777,-86.85138,10100201,14.80758,215.9438,18.86203,18.86203,62.40337,52.53165,2,32.8,13.612,710,3484.42,23.9,446.2,635.8
21.13,-86.83361,20100209,6.118602,89.22961,7.793934,7.793934,25.78554,21.70647,1,6.26,13.776,824,10755.54,72.2,1751.2,989.1
21.13,-86.83361,20100209,42.83022,624.6073,54.55754,54.55754,180.4988,151.9453,1,31.4,16.4,986,14065.24,66.6,2984.9,1188.8
21.13,-86.83361,20100209,6.118602,89.22961,7.793934,7.793934,25.78554,21.70647,1,12.3,11.48,698,7808.63,75.4,971.4,814.8
21.13,-86.83361,20100209,6.118602,89.22961,7.793934,7.793934,25.78554,21.70647,1,6.26,13.776,824,9288.88,62.3,1512.4,942
21.082188,-87.40821,10100201,0.5815467,8.480889,0.7407797,0.7407797,2.450804,2.063106,4,9.84,0.82,464,17.32,32.8,0.9,82.6
22.09914,-99.05488,30500610,,,58.73417,39.05602,,,3,19.6,1.968,68.9,192.06,63.1,12.9,198.3
22.09914,-99.05488,30500613,,,58.73417,39.05602,,,4,38.3,2.8864,262,208.4,31.8,1.8,110.9
22.09914,-99.05488,10200402,3.693032,40.62335,61.82544,41.1116,66.09789,1.179679,4,55.7,1.476,341,33.34,19.5,0.5,82.8
22.09914,-99.05488,30500610,,,58.73417,39.05602,,,3,73.1,1.968,77,132.9,43.7,8.6,190.3
22.09914,-99.05488,30500614,,,58.73417,39.05602,,,3,68.5,5.904,213,334.94,12.2,7.9,183.7
22.09914,-99.05488,30500606,70.1676,771.8436,822.2784,546.7843,1255.86,22.4139,3,108,3.4112,201,271.59,29.7,7.4,192.3
22.09914,-99.05488,30500617,,,58.73417,39.05602,,,3,58,2.3288,150,92.21,21.6,3.9,147
22.09914,-99.05488,30500619,,,58.73417,39.05602,,,3,59,2.2304,85.9,215.81,55.2,13.4,212.7
22.09914,-99.05488,10201101,134.3509,49.9705,181.953,78.33627,245.9085,60.17234,3,98.4,6.396,356,853.62,26.6,17.2,241.3
22.09914,-99.05488,10201101,184.9037,68.77312,250.4172,107.8122,338.4376,82.81365,2,246,9.02,347,1739.62,27.2,30.2,330.1
22.09914,-99.05488,10201101,169.439,63.02118,229.4732,98.79518,310.1319,75.88742,2,98.4,7.9704,365,1374.68,27.6,31.4,288.5
22.09914,-99.05488,10201101,132.7322,49.36844,179.7608,77.39246,242.9458,59.44738,3,98.4,6.396,365,864.16,26.9,19.8,251.4
22.09914,-99.05488,10201101,143.695,48.55944,190.5895,80.92433,172.8622,64.72037,3,98.4,6.396,356,853.62,26.6,17.2,241.3
22.09914,-99.05488,10201101,197.7637,66.83111,262.3034,111.3741,237.9058,89.07298,2,246,9.02,347,1739.62,27.2,30.2,330.1
22.09914,-99.05488,10201101,181.2235,61.2416,240.3653,102.0592,218.0082,81.62324,2,98.4,7.9704,365,1374.68,27.6,31.4,288.5
22.09914,-99.05488,10201101,141.9637,47.97438,188.2932,79.94934,170.7795,63.9406,3,98.4,6.396,365,864.16,26.9,19.8,251.4
22,-99.03722,30701201,1.66057,15.60936,9.147548,6.606511,198.1392,2.767891,4,48.4,2.5912,99.6,61.92,11.7,3.6,140.2
22.09914,-99.05488,40400101,0.01708582,0.07969709,0.005401324,0.005401324,0.005180862,16.0901,7,10.4,0.5248,68,0.59,2.7,0,31.1
23.129722,-101.1102,30302401,,,10.52024,7.561426,,,3,40.2,3.2144,108,615.66,75.9,34.2,278
23.503565,-100.5809,40400101,0.02733731,0.1275374,0.08598026,0.08598026,0.008267333,13.26885,7,10.4,0.5248,68,0.59,2.7,0,31.1
22.15,-100.9666,31499901,8.000133,95.23967,7.238215,7.238215,0.571438,254.7132,4,29.8,1.804,141,37.06,14.5,1.7,106.5
22.103055,-100.9152,30400701,1.487018,17.70289,91.03127,80.60275,0.1062628,0.9736713,3,39.3,2.6896,215,190.83,33.6,4.4,145.8
22.105,-100.9166,30300901,0.8822898,3.529159,1.170233,0.9223345,7.517108,0.09808121,3,89.9,6.0024,268,812.12,28.7,5.4,171.5
22.103055,-100.9152,30400701,1.311187,15.60937,13.6408,12.34346,0.09365623,0.8585154,3,39.3,2.6896,215,190.83,33.6,4.4,145.8
22.095,-100.9133,30201901,0.8913924,7.973907,5.553957,3.528477,77.37234,0.2312383,3,34.9,1.804,112,86.1,33.7,4.7,147.6
22.267835,-100.9688,30107001,1.086649,11.92074,7.152854,4.658898,128.6357,0.3484383,4,43.2,1.6564,158,34.81,16.2,1.4,104.8
22.106388,-100.9111,30300501,1.848918,22.01093,125.7936,94.27084,0.1320656,1.210601,2,245,6.4944,172,1072.95,32.4,38.6,351.5
22.101944,-100.8922,31400901,0.4513964,3.125493,0.2080061,0.1653467,2.435005,0.1409856,7,20.9,1.7056,291,37.7,16.5,0,24.9
22.15,-100.9666,30300901,0.3306933,3.637626,3.547251,2.152806,39.45832,0.1061525,3,89.9,6.0024,268,812.12,28.7,5.4,171.5
22.267835,-100.9688,30201301,0.2870685,2.486847,1.37335,0.9881556,29.91137,0.05353476,4,26.9,1.394,242,35.24,23.1,0.5,73.9
22.267835,-100.9688,30203301,0.6502601,6.072516,3.542821,2.557986,76.76974,0.1340888,3,47.2,3.2144,162,322.87,39.8,12.6,205
22.267835,-100.9688,30801001,0.1741651,1.596676,0.9196277,0.6634625,19.95086,0.03504502,4,29.3,0.6888,110,7.57,20.3,0.4,70
22.267835,-100.9688,30300901,0.4040914,1.616365,0.08081827,0.02020457,3.442858,0.0203662,3,89.9,6.0024,268,812.12,28.7,5.4,171.5
22.267835,-100.9688,30299901,0.1263248,1.151739,0.6607723,0.476596,14.34026,0.02523322,3,49.1,1.8532,157,97.23,36,3.9,144.4
22.267835,-100.9688,30203201,0.3300319,2.93444,1.653019,1.190902,35.93517,0.06374761,5,40.2,1.2136,316,28.34,24.5,0.2,62
22.267835,-100.9688,30400701,0.1613783,1.516956,0.8889816,0.6420373,19.25566,0.03356669,3,39.3,2.6896,215,190.83,33.6,4.4,145.8
22.267835,-100.9688,30299901,0.1634066,1.517926,0.882365,0.6369422,19.12638,0.03346045,3,49.1,1.8532,157,97.23,36,3.9,144.4
22.267835,-100.9688,30299901,0.2925809,2.591776,1.45593,1.048725,31.65888,0.05623142,3,49.1,1.8532,157,97.23,36,3.9,144.4
22.267835,-100.9688,30201901,0.603696,4.99697,2.659257,1.908706,58.12611,0.1057878,3,34.9,1.804,112,86.1,33.7,4.7,147.6
22.267835,-100.9688,30201801,0.3276964,2.807239,1.536686,1.105044,33.49698,0.06019017,3,44.4,1.9024,170,133.88,47.1,4.9,152.6
22.267835,-100.9688,30299901,0.0691149,0.6193224,0.3508876,0.2528859,7.623896,0.01348991,4,39.3,1.8532,314,66.35,24.6,0.5,76.3
22.267835,-100.9688,30299901,0.6307604,5.392407,2.946993,2.11898,64.24921,0.1155333,3,49.1,1.8532,157,97.23,36,3.9,144.4
22.267835,-100.9688,30900199,0.2727914,1.091166,0.05455828,0.01363957,2.324183,0.01374869,4,29.5,2.0992,178,86.33,24.9,2.9,126.4
22.267835,-100.9688,33000101,0.2921398,2.746114,1.609304,1.162266,34.85812,0.06076507,4,36.6,2.9356,247,239.21,35.3,3.1,131
22.267835,-100.9688,30801001,0.6063097,5.537254,3.18065,2.294284,69.01971,0.1213828,4,29.3,0.6888,110,7.57,20.3,0.4,70
22.267835,-100.9688,33000101,0.2645546,1.058219,0.05291093,0.01322773,2.254006,0.01333355,4,36.6,2.9356,247,239.21,35.3,3.1,131
22.267835,-100.9688,30299901,0.3811531,3.385358,1.905508,1.372736,41.42716,0.07351631,3,49.1,1.8532,157,97.23,36,3.9,144.4
22.267835,-100.9688,30201101,0.1621852,0.9916037,0.3695017,0.2575394,8.416855,0.01818065,4,27.6,0.6396,99.6,28.23,87.9,1.6,105
22.267835,-100.9688,30501501,0.610936,5.742799,3.365451,2.430585,72.89689,0.1270747,4,32.8,1.968,359,134.69,44.3,2.8,125.9
22.267835,-100.9688,30501501,0.1507961,1.417484,0.8306877,0.5999364,17.993,0.0313656,4,32.8,1.968,359,134.69,44.3,2.8,125.9
22.15,-100.9666,10200401,52.87323,497.0084,291.2617,210.354,6308.834,88.12232,3,77.8,4.4608,500,146.09,9.3,9.4,196.3
22.267835,-100.9688,30599901,0.4980564,2.536697,1.696419,1.160665,2.836383,0.08337943,3,55.8,2.296,211,223.94,54.1,5.4,160.6
22.115833,-100.9147,31499901,1.211925,13.28367,8.142914,5.295152,143.855,1.112704,4,29.8,1.804,141,37.06,14.5,1.7,106.5
22.116944,-100.9113,30107001,0.08692521,0.4337276,12.42472,8.710402,0.518287,0.01408912,4,43.2,1.6564,158,34.81,16.2,1.4,104.8
22.152777,-100.9772,30800101,5.621786,61.83965,39.96457,26.16464,670.7915,1.439177,3,35.3,2.0992,113,121.13,35,6.5,163.9
22.158333,-101.025,30499901,25.54196,40.93811,309.0559,216.6807,441.5139,69.20901,4,41.3,2.0992,242,124.87,36.1,1.8,112.7
22.17,-101.0355,30499901,1.122549,7.682455,93.64385,67.10476,44.94339,0.2161462,4,41.3,2.0992,242,124.87,36.1,1.8,112.7
22.125,-100.9211,30799901,1.29703,13.71796,7.660776,4.990763,137.4105,0.3351313,3,41,3.9032,145,323,27,14.3,211.2
22.133333,-100.95,30107001,4.787513,52.66264,38.82317,24.50007,571.2461,1.255787,4,43.2,1.6564,158,34.81,16.2,1.4,104.8
22.152777,-100.9938,30500601,103.507,364.9201,58.38625,57.26476,31.35082,3.008088,1,196,9.84,620,4514.73,59.4,454.3,689.3
22.267835,-100.9688,30400701,4.616069,45.6029,25.87195,24.68871,0.5442011,57.87925,3,39.3,2.6896,215,190.83,33.6,4.4,145.8
22.15,-100.9666,30300501,0.1269862,0.5079449,4.919658,4.70484,1.081923,3.828113,2,245,6.4944,172,1072.95,32.4,38.6,351.5
22.15,-100.9666,30799901,1.356067,16.03744,1.209922,1.208856,0.0992986,0.8793267,3,41,3.9032,145,323,27,14.3,211.2
22.15,-100.9666,30801001,0.6225211,6.639233,3.937108,2.561961,70.96182,15.49368,4,29.3,0.6888,110,7.57,20.3,0.4,70
22.267835,-100.9688,40400101,0.006065466,0.02829247,0.00191747,0.00191747,0.001839206,240.8664,7,10.4,0.5248,68,0.59,2.7,0,31.1
22.113888,-100.9166,31499901,0.1609137,1.163039,3.485547,3.125092,5.915098,1.742169,4,29.8,1.804,141,37.06,14.5,1.7,106.5
22.066666,-100.8833,31400901,,,0.08235256,0.07320227,,4.381907,7,20.9,1.7056,291,37.7,16.5,0,24.9
22.106944,-100.9111,30304001,,,69.62253,66.07036,,,2,131,8.2984,121,1903.5,35.2,98.1,417.6
22.071388,-100.8855,30105001,0.2437658,2.901974,1.982881,1.787066,0.01741184,7.060076,7,36.2,0.1968,103,,2.2,0,23.8
22.071388,-100.8855,30105001,2.436107,2.901944,6.250103,6.126645,0.01741651,114.8,7,36.2,0.1968,103,,2.2,0,23.8
22.075555,-100.8863,31499901,0.05523765,0.6575912,1.966305,1.766687,0.003945547,3.618678,4,29.8,1.804,141,37.06,14.5,1.7,106.5
22.280177,-100.8582,30202101,0.1668017,0.6672068,0.03336034,0.008340085,1.421151,0.008406806,3,14.9,2.1976,82.2,246.46,65,15.6,209.2
22.280177,-100.8582,30501501,4.148548,36.59452,84.73418,52.45094,52.78835,0.9695749,4,32.8,1.968,359,134.69,44.3,2.8,125.9
22.161388,-100.9527,30501501,0.3302303,3.311695,6.494722,4.330378,5.1487,0.09638642,4,32.8,1.968,359,134.69,44.3,2.8,125.9
21.933881,-99.35339,10201101,126.4361,36.15133,162.2909,67.35571,30.7865,57.4355,3,98.4,6.396,356,843.08,26.2,17,240.4
21.933881,-99.35339,10201101,174.0107,49.75414,223.3568,92.69993,42.37068,79.047,2,246,9.02,347,1676.74,26.2,29.1,327
21.933881,-99.35339,10201101,159.4571,45.59289,204.676,84.94685,38.82695,72.4358,3,98.4,7.9704,365,1309.22,26.2,29.9,284.3
21.933881,-99.35339,10201101,124.9127,35.71577,160.3356,66.54419,30.41558,56.74351,3,98.4,6.396,365,843.08,26.2,19.3,249.6
22,-98.78333,30500610,,,28.27336,18.514,,,3,61.6,4.0016,78.8,492.95,39.2,31.7,278.1
22,-98.78333,30500612,,,28.27336,18.514,,,3,68.2,4.92,86,488.89,25.7,30.4,276.4
22,-98.78333,30500623,11.76769,129.4446,28.27336,18.514,210.6181,3.777428,3,314,3.2144,96.8,111.53,13.7,6.6,249.1
22,-98.78333,30500614,,,56.54671,36.15097,,,2,262,5.248,1040,328.5,15.2,75.1,425.4
22,-98.78333,30500606,36.14362,397.5798,230.8991,151.1977,646.8984,11.6021,2,101,9.9712,323,3193.93,40.9,32.1,291.2
22,-98.78333,30500606,36.14362,397.5798,230.8991,151.1977,646.8984,11.6021,2,141,13.415,248,5238.85,37.1,67.1,375.8
22,-98.78333,10200402,5.365208,59.01729,42.10926,27.57404,96.02649,1.722232,3,85.2,1.5744,647,54.85,28.2,6,174.5
22,-98.78333,30500610,,,28.27336,18.514,,,3,131,2.46,143,117.55,24.7,5.3,182.4
22,-98.78333,30500610,,,28.27336,18.514,,,2,131,3.936,100,578.68,47.6,33.5,304
21.833333,-100.92,10100404,315.4301,2962.021,1734.632,1252.727,37575.1,525.7172,2,373,21.32,267,20205.88,56.6,141.7,540.7
21.833333,-100.92,10100404,315.4301,2962.021,1734.632,1252.727,37575.1,525.7172,2,373,21.32,323,12111.12,33.9,121.9,519.7
21.750833,-100.9341,30799901,17.3236,171.8011,101.7297,70.83755,2067.052,20.97418,3,82,4.92,404,513.21,27,17.8,239
22.478047,-99.3597,10201101,133.6335,37.77144,171.1694,70.93371,24.46168,60.73759,3,98.4,6.396,356,843.08,26.2,17,240.4
22.478047,-99.3597,10201101,183.9164,51.98386,235.576,97.62424,33.66598,83.59158,2,246,9.02,347,1676.74,26.2,29.1,327
22.478047,-99.3597,10201101,168.5343,47.63612,215.8733,89.4593,30.85028,76.60029,3,98.4,7.9704,365,1309.22,26.2,29.9,284.3
22.478047,-99.3597,10201101,132.0235,37.31636,169.1071,70.07909,24.16696,60.00581,3,98.4,6.396,365,843.08,26.2,19.3,249.6
25.8,-109,30299901,1.13573,12.37782,7.063509,4.600469,126.579,0.2356741,3,49.1,1.8532,157,97.23,36,3.9,144.4
25.8,-109,30200701,1.031763,11.34939,40.90384,21.43811,116.6305,0.2153916,3,63.8,2.6896,138,249.9,44,11.6,204.7
25.8,-109,31499901,,,31.97143,23.94065,,1.899282,4,29.8,1.804,141,37.06,14.5,1.7,106.5
25.919895,-109.1265,31499901,0.002414187,0.01433423,0.8277371,0.540585,3.14E-07,1.731081,4,29.8,1.804,141,37.06,14.5,1.7,106.5
25.919895,-109.1265,10100401,152.1364,1672.699,959.474,625.039,17185.53,31.64074,2,393,12.496,280,9253.13,75.4,28.2,369.1
25.919895,-109.1265,10100401,152.1364,1672.699,959.474,625.039,17185.53,31.64074,2,393,12.496,316,10242.82,83.5,81.2,474.4
25.919895,-109.1265,10201101,95.81956,35.59974,129.7371,55.84666,174.656,42.91806,3,98.4,6.396,356,843.08,26.2,17,240.4
25.919895,-109.1265,10201101,131.874,48.99501,178.5539,76.86032,240.3746,59.06703,2,246,9.02,347,1676.74,26.2,29.1,327
25.919895,-109.1265,10201101,120.8445,44.89725,163.6203,70.432,220.2706,54.12688,3,98.4,7.9704,365,1309.22,26.2,29.9,284.3
25.919895,-109.1265,10201101,94.66511,35.17083,128.174,55.17381,172.5517,42.40098,3,98.4,6.396,365,843.08,26.2,19.3,249.6
25.8,-109,30200701,2.225167,23.64346,53.0169,47.54368,239.0895,3.465666,3,63.8,2.6896,138,249.9,44,11.6,204.7
25.601388,-109.0472,40400101,0.8144988,3.30477,0.162598,0.04404445,6.733845,6.512454,7,10.4,0.5248,68,0.59,2.7,0,31.1
25.8,-109,40400101,0.09328858,0.3731543,0.01865772,0.004664429,0.7948187,217.7946,7,10.4,0.5248,68,0.59,2.7,0,31.1
24.8,-107.3833,30200701,,,2.722708,1.510166,,,3,63.8,2.6896,138,249.9,44,11.6,204.7
24.8,-107.3833,31499901,,,,,,3.538418,4,29.8,1.804,141,37.06,14.5,1.7,106.5
24.8,-107.3833,30501101,0.1474892,1.622381,0.9308439,0.6063972,16.67218,0.03064425,3,31.4,2.8864,112,169.98,26,9.2,181.3
24.8,-107.3833,30202001,0.682551,7.174722,4.016745,2.61288,72.17834,0.1418674,8,10,0.2952,102,0,0,0,3
24.8,-107.3833,30299901,0.4279198,4.707118,2.700716,1.759379,48.37205,0.0889565,3,49.1,1.8532,157,97.23,36,3.9,144.4
24.8,-107.3833,30501101,,,26.49956,26.40917,,,3,32.8,1.968,80.6,89.8,29.5,5.7,156.6
24.8,-107.3833,30501101,,,6.680005,5.500532,,,3,32.8,1.968,80.6,89.8,29.5,5.7,156.6
24.8,-107.4,30103301,,,0.6680005,0.3703765,,1.929044,4,59.7,2.3452,333,133.04,30.8,1.7,116.8
24.65499,-107.2633,10201101,74.67739,27.56098,100.96,43.41673,132.7275,33.46204,3,98.4,6.396,356,843.08,26.2,17,240.4
24.65499,-107.2633,10201101,102.7766,37.93147,138.9487,59.75333,182.6694,46.05294,2,246,9.02,347,1676.74,26.2,29.1,327
24.65499,-107.2633,10201101,94.18072,34.75902,127.3275,54.75578,167.3916,42.20124,3,98.4,7.9704,365,1309.22,26.2,29.9,284.3
24.65499,-107.2633,10201101,73.77766,27.22892,99.74364,42.89364,131.1284,33.05888,3,98.4,6.396,365,843.08,26.2,19.3,249.6
24.8,-107.3833,50100505,0.4892946,1.395189,2.070892,2.028945,0.1687368,0.0131175,3,39.3,1.476,1250,67.35,39.4,19.7,233.2
24.8,-107.3833,40400101,0.03273864,0.1577407,0.009920799,0.009920799,0.01025149,196.8631,7,10.4,0.5248,68,0.59,2.7,0,31.1
26.416666,-108.6166,30299901,30.23754,332.4072,190.5884,124.1612,3413.458,6.279976,3,49.1,1.8532,157,97.23,36,3.9,144.4
25.566666,-108.4666,30299901,0.514386,5.643353,3.228413,2.103338,57.81365,0.106373,3,49.1,1.8532,157,97.23,36,3.9,144.4
23.233333,-106.4166,10200401,25.57994,277.9502,159.3193,103.8131,2815.724,16.96005,4,82,2.4928,298,104.85,21.5,0.3,77
23.233333,-106.4166,10200401,25.57994,277.9502,159.3193,103.8131,2815.724,16.96005,6,82,2.4928,291,116.54,23.9,0,51.9
23.233333,-106.4166,30203201,1.251514,7.430867,0.234659,0.234659,0.000162958,0.2301625,5,40.2,1.2136,316,28.34,24.5,0.2,62
23.233333,-106.4166,30200701,1.312927,14.44219,8.286231,5.398055,148.4132,0.2723811,3,63.8,2.6896,138,249.9,44,11.6,204.7
23.233333,-106.4166,30201201,1.322252,7.85087,0.2479222,0.2479222,0.000172168,0.2477995,2,95,4.9528,197,1455.95,75.6,41.3,312
23.233333,-106.4166,30201201,0.9920799,10.91288,6.261282,4.078905,112.1447,0.2063526,2,95,4.9528,197,1455.95,75.6,41.3,312
23.233333,-106.4166,30201201,0.2326388,1.381293,0.04361977,0.04361977,3.03E-05,0.04354129,2,95,4.9528,197,1455.95,75.6,41.3,312
23.233333,-106.4166,30501101,,,14.57476,14.51744,,,3,32.8,1.968,80.6,89.8,29.5,5.7,156.6
23.45099,-106.3101,10100404,198.9296,2186.455,1253.952,816.8652,22460.56,41.24863,2,168,11.152,311,8025.58,82.2,51.4,355.7
23.45099,-106.3101,10100404,198.9296,2186.455,1253.952,816.8652,22460.56,41.24863,2,168,11.152,336,8025.58,82.2,112.6,446.6
23.45099,-106.3101,10100401,198.9296,2186.455,1253.952,816.8652,22460.56,41.24863,2,192,14.104,332,15096.66,96.6,193.3,532.1
23.233333,-106.4166,40400101,0.02425084,0.1145301,0.007275253,0.007275253,0.007605946,302.8691,7,10.4,0.5248,68,0.59,2.7,0,31.1
23.073055,-105.473,30302401,,,659.3804,199.6285,,,3,40.2,3.2144,108,615.66,75.9,34.2,278
25.466666,-108.0833,40400101,0.1437414,0.06922513,0.004299013,0.004299013,0.004299013,131.8418,7,10.4,0.5248,68,0.59,2.7,0,31.1
23.942915,-106.3678,30302401,0.01712991,0.06851965,8.717195,2.56373,0.1459469,0.004409244,3,40.2,3.2144,108,615.66,75.9,34.2,278
24.738462,-107.7656,10201101,90.77386,27.3544,117.6666,49.1769,47.92761,41.1314,3,98.4,6.396,356,843.08,26.2,17,240.4
24.738462,-107.7656,10201101,124.9297,37.64716,161.9416,67.6809,65.96154,56.60809,2,246,9.02,347,1676.74,26.2,29.1,327
24.738462,-107.7656,10201101,114.4811,34.49849,148.3974,62.02032,60.44476,51.8736,3,98.4,7.9704,365,1309.22,26.2,29.9,284.3
24.738462,-107.7656,10201101,89.6802,27.02483,116.249,48.5844,47.35017,40.63584,3,98.4,6.396,365,843.08,26.2,19.3,249.6
18.159097,-93.64433,10201101,7.745786,340.9343,793.4161,30.8163,924.2272,269.735,3,80.2,3.2636,204,262.58,31.4,6.9,180.3
18.159097,-93.64433,10201101,116.799,42.91265,157.7468,67.79227,204.0121,52.35065,3,98.4,6.396,356,843.08,26.2,17,240.4
18.159097,-93.64433,10201101,160.7475,59.05957,217.1028,93.30076,280.7766,72.04886,2,246,9.02,347,1676.74,26.2,29.1,327
18.159097,-93.64433,10201101,147.3032,54.12004,198.9451,85.49742,257.2934,66.02296,3,98.4,7.9704,365,1309.22,26.2,29.9,284.3
18.159097,-93.64433,10201101,115.3918,42.39563,155.8462,66.97549,201.5541,51.71992,3,98.4,6.396,365,843.08,26.2,19.3,249.6
18.159097,-93.64433,10201101,49.24308,18.88107,67.15556,29.04332,100.5662,22.0127,3,246,8.2,262,658.23,12.5,5.6,220.6
18.159097,-93.64433,10201101,127.5137,48.89203,173.8975,75.20692,260.4136,57.00129,3,183,6.56,260,1363.57,40.3,12.5,245.7
18.159097,-93.64433,10201101,168.9815,64.79188,230.4496,99.66446,345.1009,75.5383,3,82,6.56,260,1807,53.5,16.5,233.6
18.159097,-93.64433,31000201,16.52365,2.97632,0.1344833,0.1124371,,2892.189,3,4.92,2.8864,890,215.91,33,39.5,280.4
18.159097,-93.64433,31000201,8.781739,63.08216,1.068445,1.068445,,2.570999,3,4.92,2.8864,890,215.91,33,39.5,280.4
18.15,-93.81666,31000201,0.3690537,1.721457,0.1166686,0.1166686,0.1119066,0.1474985,3,4.92,2.8864,890,215.91,33,39.5,280.4
18.159097,-93.64433,31000201,10.14517,72.87611,1.234328,1.234328,,2.968562,3,4.92,2.8864,890,215.91,33,39.5,280.4
18.234166,-93.91694,31000201,7.758772,55.18818,0.9802332,0.9802332,0.05819662,2.278311,3,35.5,2.8864,430,215.91,33,9.2,182.5
18.159097,-93.64433,31000201,22.84249,16.01077,1.893577,1.87153,,1828.075,3,4.92,2.8864,890,215.91,33,39.5,280.4
18.251944,-93.50055,31000201,8.152572,7.376424,0.9153346,0.9087208,,1022.529,3,4.92,2.8864,890,215.91,33,39.5,280.4
18.15,-93.81666,31000201,0.2548543,1.14874,0.07777906,0.07777906,0.07460441,0.1376321,3,4.92,2.8864,890,215.91,33,39.5,280.4
18.361495,-92.57992,31000201,113.8839,6.864479,0.2837084,0.2374113,0.001243407,5.525568,3,4.92,2.8864,890,215.91,33,39.5,280.4
18.361495,-92.57992,31000201,112.0168,13.05137,0.544652,0.4553649,,2.717324,3,4.92,2.8864,890,215.91,33,39.5,280.4
18.015909,-92.86431,30203201,3.153327,3.75396,0.285301,0.285301,0.02252376,0.2064678,5,40.2,1.2136,316,28.34,24.5,0.2,62
18.015909,-92.86431,30500101,0.9920799,3.96832,0.198416,0.04960399,8.452521,0.05000083,4,36.1,2.7388,266,259.42,44,1.9,112.4
18.015909,-92.86431,30299901,1.104516,4.418063,0.2209031,0.05522578,9.410473,0.05566759,4,39.3,1.8532,314,66.35,24.6,0.5,76.3
18.015909,-92.86431,30203001,0.5845816,6.355783,3.80701,2.478785,68.52501,0.1854683,3,58.4,3.2964,205,392.46,46,10.2,195.2
18.015909,-92.86431,31000203,10784.51,222.6094,0.4050076,0.4050076,,0.4660361,3,24.6,1.476,548,58.93,34.4,4.6,144.1
18.015909,-92.86431,31000160,10784.51,222.6094,0.4050076,0.4050076,,0.4660361,3,24.6,1.968,1250,80.82,26.6,23.7,242.6
18.015909,-92.86431,31000201,8.566059,1.5741,0.07067026,0.05908497,,542.2917,3,4.92,2.8864,890,215.91,33,39.5,280.4
18.015909,-92.86431,31000201,19.31013,108.7313,1.86333,1.857598,,14.63313,3,4.92,2.8864,890,215.91,33,39.5,280.4
18.015909,-92.86431,30609904,0.1513489,431.7243,2064.005,1166.622,15504.73,172.6275,1,156,6.5928,1396,1522.8,44.6,513.5,703.4
18.015909,-92.86431,10200401,0.1213222,346.0728,1654.518,935.1709,5233.663,138.3792,2,149,11.84,354,2192.37,19.9,42.8,331.8
18.015909,-92.86431,10200401,0.1151262,328.3986,1570.021,887.4109,5233.663,131.3121,2,149,11.84,356,2080.41,18.9,41.9,329.8
18.015909,-92.86431,10200401,0.1299167,370.5887,1771.725,1001.419,5233.663,148.182,2,149,11.84,370,2347.68,21.3,57.3,361.1
18.015909,-92.86431,10200401,0.05496474,156.7875,749.5759,423.6771,5233.663,62.69239,3,149,11.84,327,993.25,9,11.2,228.7
18.015909,-92.86431,10200601,0.1681747,479.72,22.02799,12.45071,65.42078,191.8188,2,150,8.856,377,2272.96,36.9,60.3,366.9
18.015909,-92.86431,10200601,0.1538238,438.7839,22.02799,12.45071,65.42078,175.4503,3,150,8.856,303,2079,33.8,8.2,211.1
18.015909,-92.86431,10200601,0.1787884,509.9957,22.02799,12.45071,65.42078,203.9247,2,150,8.856,345,2416.41,39.2,40.5,327
18.015909,-92.86431,10200601,0.1584579,452.0029,22.02799,12.45071,72.58718,180.736,2,150,8.856,339,2141.63,34.8,32,305.7
18.015909,-92.86431,30609904,0.1647032,469.8177,2246.123,1269.559,15504.73,187.8593,2,156,6.5928,892,1657.16,48.5,304.2,598.3
18.015909,-92.86431,30600102,0.0299254,85.36253,22.02799,12.45071,65.42078,34.1327,3,147,3.0832,543,140.81,18.9,10.9,226.2
18.015909,-92.86431,30600102,0.03081015,87.88628,22.02799,12.45071,65.42078,35.14184,3,147,3.0832,564,144.97,19.4,12.1,232.9
18.015909,-92.86431,30600103,0.03278783,93.52763,447.1406,252.7339,5233.663,37.39757,3,147,3.0832,546,154.28,20.7,12,232.5
18.015909,-92.86431,30600103,0.09764263,278.5266,1331.591,752.6451,5233.663,111.3705,2,190,7.2488,629,1080.19,26.2,111.7,452.3
18.015909,-92.86431,30600106,0.0191744,54.69519,261.4889,147.7994,5233.663,21.87019,3,191,5.1168,421,149.73,7.3,6,206.9
18.015909,-92.86431,30600106,0.03793135,108.1996,517.2848,292.3809,5233.663,43.26422,3,124,7.2488,121,419.62,10.2,21.6,266
18.015909,-92.86431,30600106,0.03454848,98.54989,471.1512,266.3052,5233.663,39.40574,3,190,5.1168,120,269.79,13.1,14,255.2
18.015909,-92.86431,40400101,,,,,,910.3199,7,10.4,0.5248,68,0.59,2.7,0,31.1
18.28965,-93.34,31000201,3.21875,0.5952519,0.02689691,0.02248767,,1.223566,3,24.6,1.476,548,58.93,34.4,4.6,144.1
18.385277,-93.31833,31000201,2.374072,0.4490339,0.02146933,0.0181624,0.001243407,2.393524,3,24.6,1.476,548,58.93,34.4,4.6,144.1
18.331666,-93.43333,31000201,2.290841,0.4612316,0.02303549,0.01972856,0.002745857,0.8631333,3,24.6,1.476,548,58.93,34.4,4.6,144.1
18.358055,-93.34388,31000201,2.270764,0.407862,0.02017323,0.0168663,,0.8598037,3,24.6,1.476,548,58.93,34.4,4.6,144.1
18.28965,-93.34,31000201,14.18676,2.612503,0.1143131,0.09557384,139.0565,5.368258,3,24.6,1.476,548,58.93,34.4,4.6,144.1
18.359722,-93.34111,31000201,2.508704,2.986553,0.226978,0.226978,0.01791932,1825.581,3,4.92,2.8864,890,215.91,33,39.5,280.4
18.28965,-93.34,31000201,7.173105,9.54045,1.244279,1.240948,26.04896,2.411645,3,4.92,2.8864,890,215.91,33,39.5,280.4
18.359722,-93.34111,31000201,1.763698,0.3196702,0.01344819,0.01124357,,0.1763698,3,4.92,2.8864,890,215.91,33,39.5,280.4
18.073849,-93.21905,31000201,23.26586,51.46296,0.9547851,0.9327389,,8.505177,3,4.92,2.8864,890,215.91,33,39.5,280.4
18.071666,-93.31666,31000201,22.83991,4.19986,0.1882821,0.1574174,107.3651,8.642127,3,24.6,1.476,548,58.93,34.4,4.6,144.1
18.073849,-93.21905,31000201,19.30462,108.7368,1.833475,1.832637,,764.0516,3,4.92,2.8864,890,215.91,33,39.5,280.4
18.073849,-93.21905,31000201,271.6101,99.47952,1410.954,1179.903,,2.737038,3,24.6,1.476,548,58.93,34.4,4.6,144.1
18.073849,-93.21905,31000203,255.6422,367.9194,0.3020725,0.2879629,,0.2485526,3,24.6,1.476,548,58.93,34.4,4.6,144.1
18.073849,-93.21905,31000160,1022.569,1471.677,1.20829,1.151852,,0.9942105,3,24.6,1.476,548,58.93,34.4,4.6,144.1
18.073849,-93.21905,31000201,8.566059,1.5741,0.07067026,0.05908497,37.64392,1.927527,3,4.92,2.8864,890,215.91,33,39.5,280.4
18.073849,-93.21905,31000201,19.31013,108.7357,1.86333,1.857598,,14.63313,3,4.92,2.8864,890,215.91,33,39.5,280.4
18.071666,-93.33722,31000201,20.0519,18.72141,0.4103563,0.3861054,0.001243407,10.31772,3,4.92,2.8864,890,215.91,33,39.5,280.4
18.073849,-93.21905,31000201,2.30383,0.4188782,0.02017229,0.01686536,,2242.868,3,4.92,2.8864,890,215.91,33,39.5,280.4
18.073849,-93.21905,31000201,23.26586,51.46296,0.9547851,0.9327389,,2669.177,3,4.92,2.8864,890,215.91,33,39.5,280.4
17.709768,-91.67722,10301003,0.5250108,4.911469,2.868264,2.071101,62.14503,0.1087994,5,39.3,1.476,314,46.58,27.2,0.3,69.2
17.826692,-93.69791,31000201,142.4186,26.19091,0.8001676,0.6689926,808.1814,815.5586,3,4.92,2.8864,890,215.91,33,39.5,280.4
17.826692,-93.69791,31000201,3.80303,0.7055923,0.0336358,0.02812424,1.642443,2.094409,3,24.6,1.476,548,58.93,34.4,4.6,144.1
17.826692,-93.69791,31000201,55.74397,10.25169,0.4169213,0.348578,,35.20784,3,24.6,1.476,548,58.93,34.4,4.6,144.1
17.826692,-93.69791,30199901,0.000125291,243.1463,671.0833,379.308,8.95E-07,170.2022,4,46.1,2.0992,202,85.48,24.7,2.3,122.1
18.083333,-94.01666,31000201,0.4706428,3.380784,0.05726154,0.05726154,,0.2157557,3,4.92,2.8864,890,215.91,33,39.5,280.4
17.826692,-93.69791,31000201,163.1671,30.85972,1.339307,1.140891,70.16209,1965.984,3,4.92,2.8864,890,215.91,33,39.5,280.4
17.826692,-93.69791,31000201,2.092296,4.44417,0.5680524,0.5680524,0.03142193,0.6540615,3,24.6,1.476,548,58.93,34.4,4.6,144.1
17.826692,-93.69791,31000201,0.8820507,1.764101,0.2384804,0.2384804,,0.2744158,3,24.6,1.476,548,58.93,34.4,4.6,144.1
17.826692,-93.69791,31000201,0.6643119,4.70973,0.0797517,0.0797517,,0.2533774,3,4.92,2.8864,890,215.91,33,39.5,280.4
18.207709,-93.08311,31000201,4.28799,0.7870501,0.03536875,0.0295706,18.82747,425.9895,3,4.92,2.8864,890,215.91,33,39.5,280.4
17.844044,-92.46875,40600101,6.961567,8.28758,0.6298561,0.6298561,0.04972548,0.4558169,4,20,2.05,155,36.27,11,1.5,99.7
17.797222,-92.61666,31000201,10.47195,20.94391,,,,0.3305313,3,24.6,1.476,548,58.93,34.4,4.6,144.1
17.844044,-92.46875,31000201,,,,,,3.490031,3,4.92,2.8864,890,215.91,33,39.5,280.4
18.128888,-92.29166,31000201,0.9700337,0.5732017,,,,11.34464,3,4.92,2.8864,890,215.91,33,39.5,280.4
17.933333,-92.45,31000201,11.4971,2.12746,,,,,3,24.6,1.476,548,58.93,34.4,4.6,144.1
17.95,-92.32083,30609904,,192.766,874.7921,494.4477,30556.06,77.10639,2,164,6.4944,942,1877.52,56.7,373.2,639.7
17.95,-92.32083,30609904,,144.7976,874.7921,494.4477,30556.06,57.91904,2,164,6.4944,825,1410.32,42.6,230.1,551.8
17.95,-92.32083,30600102,,46.14295,7.36357,4.162018,257.2059,18.45718,2,164,5.9696,575,413.11,14.8,35.9,320.2
17.95,-92.32083,30600102,,68.51017,7.36357,4.162018,257.2059,27.40407,3,65.9,3.116,608,320.16,42,31,277.5
17.95,-92.32083,30600102,,206.9255,7.36357,4.162018,257.2059,82.7702,3,83.6,5.9696,330,1852.57,66.2,22.6,257
17.95,-92.32083,10200401,,141.2459,437.3961,247.2239,15278.03,56.49835,2,101,7.1504,368,1514.68,37.7,36,301.3
17.52735,-92.72557,10201101,37.04362,12.4129,49.04605,20.80006,42.61819,16.69232,3,246,8.2,262,658.23,12.5,5.6,220.6
17.52735,-92.72557,10201101,95.92348,32.14288,127.0034,53.86122,110.3587,43.22431,3,183,6.56,260,1363.57,40.3,12.5,245.7
17.52735,-92.72557,10201101,127.1181,42.59585,168.3054,71.37707,146.2477,57.281,3,82,6.56,260,1807,53.5,16.5,233.6
17.629928,-92.9574,31000201,4.107908,14.46011,0.258606,0.255266,,2814.992,3,4.92,2.8864,890,215.91,33,39.5,280.4
17.629928,-92.9574,31000201,2.960845,5.92169,0.8005248,0.8005248,,0.9211518,3,24.6,1.476,548,58.93,34.4,4.6,144.1
17.427375,-91.29284,10201101,136.8348,60.69115,193.373,85.5189,431.1926,60.55693,2,95.7,25.42,320,16979.1,33.5,155.3,469.4
19.364342,-98.20126,30400301,52.30466,0.03306933,4.442313,4.155713,0.4299013,0.06613866,3,43.6,3.4112,179,468.83,51.3,15.9,219.1
19.350737,-98.19685,33000101,0.07936639,0.8730303,0.5264916,0.3429171,9.469998,0.02547661,4,36.6,2.9356,247,239.21,35.3,3.1,131
19.350737,-98.19685,33000101,0.09920799,1.091288,0.6581145,0.4286464,11.8375,0.03184577,4,36.6,2.9356,247,239.21,35.3,3.1,131
19.350737,-98.19685,33000101,0.2140959,2.36212,1.375505,0.8983644,24.61466,0.07133126,4,36.6,2.9356,247,239.21,35.3,3.1,131
19.350737,-98.19685,33000101,0.09515869,1.046746,0.6312526,0.4111506,11.35433,0.03054594,4,36.6,2.9356,247,239.21,35.3,3.1,131
19.538509,-98.18644,30799901,1.549042,16.95859,33.87476,15.09831,183.5516,0.4279269,3,41,3.9032,145,323,27,14.3,211.2
19.538509,-98.18644,30299901,1.941541,21.35695,12.87957,8.388784,231.6646,0.6232346,3,49.1,1.8532,157,97.23,36,3.9,144.4
19.562323,-98.59512,30200701,9.242078,101.4377,60.92719,39.68384,1095.742,2.367116,3,63.8,2.6896,138,249.9,44,11.6,204.7
19.562323,-98.59512,32099901,0.3703765,1.481506,,,3.155608,0.01866698,4,24,1.7056,113,49.54,21.7,2.7,121
19.562323,-98.59512,30199901,0.08031798,0.8834978,0.5328041,0.3470286,9.583542,0.02578207,4,46.1,2.0992,202,85.48,24.7,2.3,122.1
19.338434,-97.67475,30199901,0.2253058,2.682212,0.2038481,0.2038481,0.01609327,0.1475217,4,46.1,2.0992,202,85.48,24.7,2.3,122.1
19.290365,-98.13111,33000101,0.8396634,9.008793,5.354463,3.487496,96.58758,0.2102477,4,36.6,2.9356,247,239.21,35.3,3.1,131
19.331404,-97.93955,10300502,0.1861149,1.336366,0.02890884,0.02890884,0.03304303,0.05125789,5,39.3,1.476,314,46.58,27.2,0.3,69.2
19.353232,-98.38773,30500801,1.74113,20.72774,1.575308,1.575308,0.1243664,1.140026,3,32.2,1.8532,141,117.31,43.5,5.3,152.9
19.353232,-98.38773,30105001,1.021181,11.23299,6.774191,4.4122,121.8473,218.519,7,36.2,0.1968,103,,2.2,0,23.8
19.353232,-98.38773,33000101,0.08598026,0.9457828,0.5703658,0.3714935,10.25916,0.02759966,4,36.6,2.9356,247,239.21,35.3,3.1,131
19.353232,-98.38773,33000101,0.236816,2.173806,0.8396766,0.5477558,14.80792,0.07087167,4,36.6,2.9356,247,239.21,35.3,3.1,131
19.166798,-98.17406,30500801,0.1782918,2.122522,0.1613117,0.1613117,0.01273513,0.1167387,3,32.2,1.8532,141,117.31,43.5,5.3,152.9
19.345838,-98.12869,10300403,0.4276526,1.71061,,,3.6436,0.04755497,5,39.3,1.476,314,46.58,27.2,0.3,69.2
19.219046,-98.12359,30500801,3.340662,39.76979,3.022504,3.022504,0.2386187,2.187338,3,32.2,1.8532,141,117.31,43.5,5.3,152.9
19.48174,-98.07762,31399901,,,33.06933,9.920799,,,4,37.3,1.7056,122,60.33,26.4,3.1,130.7
19.48174,-98.07762,31399901,0.08074208,0.9612152,1.73203,0.6655445,0.005767291,0.05286684,4,37.3,1.7056,122,60.33,26.4,3.1,130.7
19.48174,-98.07762,30102601,17.35093,7.709238,2.737911,1.916538,3.00399,4.659929,4,47.9,2.0008,190,81.68,26,2.5,125.6
19.48174,-98.07762,30500801,0.5485646,6.530531,0.4963204,0.4963204,0.03918319,0.3591792,3,32.2,1.8532,141,117.31,43.5,5.3,152.9
19.48174,-98.07762,30801001,0.1587328,0.6349311,0.03174656,0.00793664,1.352403,0.01764579,4,29.3,0.6888,110,7.57,20.3,0.4,70
19.306105,-98.24106,10300502,0.2455318,0.9821274,,,2.091931,0.02730314,5,39.3,1.476,314,46.58,27.2,0.3,69.2
19.306105,-98.24106,33000101,0.0595248,0.6547728,0.3948687,0.2571878,7.102499,0.01910746,4,36.6,2.9356,247,239.21,35.3,3.1,131
19.306105,-98.24106,30203001,3.458972,38.04869,22.94573,14.94513,412.7246,0.8854969,3,58.4,3.2964,205,392.46,46,10.2,195.2
19.415351,-98.0286,30400701,2.644509,31.48225,4.630342,3.191827,0.1888935,1.731524,3,39.3,2.6896,158,190.83,33.6,7.7,173.6
19.415351,-98.0286,30299901,0.3104251,3.414676,4.660716,2.121685,37.03992,0.09964646,3,49.1,1.8532,157,97.23,36,3.9,144.4
19.415351,-98.0286,30800801,0.4292156,5.109709,0.3883379,0.3883379,0.03065825,0.281034,4,25.5,1.7056,128,81.09,35.5,4,137.8
19.415351,-98.0286,30199901,0.8423722,10.02824,0.7621462,0.7621462,0.06016944,0.5515532,4,46.1,2.0992,202,85.48,24.7,2.3,122.1
19.16871,-98.20522,30501101,0.1494195,1.778804,0.1351891,0.1351891,0.01067282,0.09783421,3,31.4,2.8864,112,169.98,26,9.2,181.3
19.16871,-98.20522,33000101,0.3451373,4.108777,0.312267,0.312267,0.02465266,0.2259827,4,36.6,2.9356,247,239.21,35.3,3.1,131
19.16871,-98.20522,33000101,1.256635,13.82298,8.336117,5.429521,149.9416,0.4033797,4,36.6,2.9356,247,239.21,35.3,3.1,131
19.16871,-98.20522,30200701,0.3650854,4.01594,2.421861,1.577419,43.56199,0.1171924,3,63.8,2.6896,138,249.9,44,11.6,204.7
19.16871,-98.20522,30500801,2.637529,31.39916,2.386336,2.386336,0.1883949,1.726954,3,32.2,1.8532,141,117.31,43.5,5.3,152.9
19.170797,-98.23574,30104501,0.7757721,3.103088,0.1551544,0.03878861,6.609578,0.08624,4,35.8,6.1008,141,11.51,0.4,0.5,76.9
19.170797,-98.23574,30800801,5.594116,61.53527,60.58761,32.55541,667.4899,345.5185,4,25.5,1.7056,128,81.09,35.5,4,137.8
19.170797,-98.23574,30104501,0.4352585,1.714387,0.08676069,0.02216042,3.652683,0.04949553,4,35.8,6.1008,141,11.51,0.4,0.5,76.9
19.399285,-98.17816,30799901,2.492572,29.67348,2.255184,2.255184,0.1780409,1.632041,3,41,3.9032,145,323,27,14.3,211.2
19.279713,-98.29999,33000101,0.1951091,2.146199,1.294292,0.8430045,23.28041,0.06263001,4,36.6,2.9356,247,239.21,35.3,3.1,131
19.325693,-98.05524,39999901,1.114224,13.26457,1.008107,1.008107,0.0795874,0.7295512,3,39.2,3.8048,194,253.59,22.3,7.4,171.7
19.325693,-98.05524,30500801,1.935335,23.0397,5.05795,2.743097,0.1382382,1.267184,3,32.2,1.8532,141,117.31,43.5,5.3,152.9
19.286445,-98.3376,33000101,0.1333691,1.311313,0.6205736,0.4045034,11.05557,0.04095253,4,36.6,2.9356,247,239.21,35.3,3.1,131
19.262189,-98.19989,33000101,1.0508,12.50952,0.9507235,0.9507235,0.07505712,0.6880236,4,36.6,2.9356,247,239.21,35.3,3.1,131
18.859774,-96.87554,40600101,0.1174623,1.292085,0.2021291,0.131636,13.27793,0.08408358,4,20,2.05,155,36.27,11,1.5,99.7
18.870833,-96.89444,30501601,37.43669,15.82919,27.67462,17.21876,113.8996,5.02764,4,91.8,1.968,266,112.74,37.1,0.8,104.8
18.859774,-96.87554,30502001,0.8983835,9.88773,15.49629,10.00237,107.2549,0.1862906,3,28.9,3.3128,117,461.11,53.5,24.3,246.1
19.310809,-96.31104,10201101,156.2237,51.96128,206.5228,87.49309,172.5839,70.42514,3,98.4,6.396,356,843.08,26.2,17,240.4
19.310809,-96.31104,10201101,215.0067,71.51298,284.232,120.4145,237.5227,96.92432,2,246,9.02,347,1676.74,26.2,29.1,327
19.310809,-96.31104,10201101,197.0243,65.53189,260.4598,110.3435,217.6572,88.81792,3,98.4,7.9704,365,1309.22,26.2,29.9,284.3
19.310809,-96.31104,10201101,154.3415,51.33524,204.0345,86.43895,170.5045,69.57664,3,98.4,6.396,365,843.08,26.2,19.3,249.6
18.929982,-96.79748,10201101,541.4605,192.6998,726.1592,310.6234,830.72,243.1521,3,246,8.2,262,658.23,12.5,5.6,220.6
18.929982,-96.79748,10201101,270.7303,96.34988,363.0796,155.3117,415.36,121.576,3,183,6.56,260,1363.57,40.3,12.5,245.7
18.929982,-96.79748,10201101,270.7303,96.34988,363.0796,155.3117,415.36,121.576,3,82,6.56,260,1807,53.5,16.5,233.6
19.448988,-96.9339,30299901,0.5963503,38.9204,3.244101,1.775823,448.8831,0.1179473,4,39.3,1.8532,314,66.35,24.6,0.5,76.3
19.448988,-96.9339,30801001,,,,,,2.039275,4,29.3,0.6888,110,7.57,20.3,0.4,70
19.448988,-96.9339,30203001,7.331977,80.65175,17.49999,12.99853,828.8067,1.876986,3,58.4,3.2964,205,392.46,46,10.2,195.2
19.448988,-96.9339,10201101,95.69162,73.41392,73.0722,53.60538,173.7242,0.3726622,3,80.2,3.2636,204,262.58,31.4,6.9,180.3
19.448988,-96.9339,30801001,,,,,,2.805382,4,29.3,0.6888,110,7.57,20.3,0.4,70
19.448988,-96.9339,10201101,38.20038,12.4424,50.28312,21.23997,37.34217,17.24018,3,98.4,6.396,356,843.08,26.2,17,240.4
19.448988,-96.9339,10201101,52.5742,17.12415,69.20337,29.23203,51.39306,23.72721,2,246,9.02,347,1676.74,26.2,29.1,327
19.448988,-96.9339,10201101,48.17709,15.69195,63.41545,26.78717,47.09473,21.74275,3,98.4,7.9704,365,1309.22,26.2,29.9,284.3
19.448988,-96.9339,10201101,37.74014,12.29249,49.6773,20.98407,36.89226,17.03246,3,98.4,6.396,365,843.08,26.2,19.3,249.6
18.135006,-94.40407,30202101,0.4759464,5.23541,1.57817,1.276886,53.80098,0.05180862,3,14.9,2.1976,82.2,246.46,65,15.6,209.2
18.135006,-94.40407,30202101,0.4122643,4.540419,2.767793,1.752675,46.65421,0.1058219,3,14.9,2.1976,82.2,246.46,65,15.6,209.2
18.135006,-94.40407,30502701,13.31371,14.99403,6.043082,4.22052,0.000265803,0.01322773,4,45,4.1492,102,20.4,1.5,1.2,100
18.135006,-94.40407,30504001,2.125256,12.52556,15.67156,10.68536,0.003527395,0.3417164,3,33.9,3.7064,143,439.18,40.7,19.7,231.5
18.135006,-94.40407,30107001,3.207593,339.1967,56.39784,39.5876,1915.839,538.3478,4,43.2,1.6564,158,34.81,16.2,1.4,104.8
18.125,-94.38972,30199901,0.3692078,4.061285,2.330169,1.517986,41.73525,7.896675,4,46.1,2.0992,202,85.48,24.7,2.3,122.1
18.135006,-94.40407,30199998,,,,,,704.3679,3,37,2.952,212,381.63,55.8,9.1,182.1
18.135006,-94.40407,30199998,,,,,,704.3679,4,24.3,1.968,278,199.55,65.6,0.7,81.2
18.135006,-94.40407,30199998,,,,,,704.3679,3,21.6,1.5088,170,129.02,72.2,4.7,144
18.135006,-94.40407,30199998,,,,,,704.3679,4,59.9,3.608,305,402.42,39.4,1.8,118.6
18.135006,-94.40407,30199998,,,,,,704.3679,2,37,12.037,-27,1119.86,9.8,89.8,378
18.135006,-94.40407,30199998,153.8338,183.1354,13.91829,13.91829,1.098813,391.3155,3,98.4,5.3464,383,552.27,24.6,15.7,234.9
18.135006,-94.40407,30107001,68.69836,81.78377,6.215567,6.215567,0.4907026,8.996215,4,43.2,1.6564,158,34.81,16.2,1.4,104.8
18.113888,-94.31111,30199901,1.199196,12.78142,1.047227,1.027936,0.008565687,2.030966,4,46.1,2.0992,202,85.48,24.7,2.3,122.1
18.135006,-94.40407,30199901,180.0074,,,,,8.818488,4,46.1,2.0992,202,85.48,24.7,2.3,122.1
18.135006,-94.40407,30199901,219.1527,196.9168,5.476281,5.476281,0.4219646,55.67663,4,46.1,2.0992,202,85.48,24.7,2.3,122.1
18.135006,-94.40407,30107001,4.996012,5.947633,0.4520201,0.4520201,0.0356858,0.6542396,4,43.2,1.6564,158,34.81,16.2,1.4,104.8
18.135006,-94.40407,30600102,308.1015,1030.26,229.4245,142.439,,388.7467,2,106,7.4784,789,741.97,16.9,112.9,428.1
18.135006,-94.40407,30600102,210.8063,704.9144,156.9747,97.45829,,265.9846,2,120,5.1168,842,472.13,23,79.5,388.7
18.135006,-94.40407,30600904,82.43066,275.6396,61.38113,38.10869,35.51646,104.0068,3,41,2.0008,987,62.91,20,13.4,206.9
18.135006,-94.40407,10200601,337.8306,1129.671,251.562,156.1832,,426.2573,2,213,8.2,536,744.83,14.1,55.9,378
18.135006,-94.40407,40400101,106.7264,127.0553,9.656202,9.656202,0.7623318,21.14551,7,10.4,0.5248,68,0.59,2.7,0,31.1
18.135006,-94.40407,40400101,,,7.312731,4.128155,,,7,10.4,0.5248,68,0.59,2.7,0,31.1
18.133888,-94.36888,30600904,131.7666,156.865,176.3026,172.9133,0.9411901,210.6865,1,124,10.004,1504,3514.04,44.7,1300.7,931.8
18.133888,-94.36888,10200601,90.8431,108.1465,121.5473,119.2106,0.6488793,145.2524,1,148,8.9872,988,2176.43,34.3,463.2,678.8
18.133888,-94.36888,10200601,80.07394,95.32611,107.1382,105.0786,0.5719567,128.0332,3,148,8.9872,316,1918.42,30.2,15.2,248
18.133888,-94.36888,10200601,90.8431,108.1465,121.5473,119.2106,0.6488793,145.2524,2,148,8.9872,357,2176.43,34.3,44.5,335.2
18.133888,-94.36888,30600102,79.39151,94.5137,106.2252,104.183,0.5670822,126.942,2,162,7.052,438,1492.5,38.2,67.4,382.6
18.133888,-94.36888,10200601,90.8431,108.1465,121.5473,119.2106,0.6488793,145.2524,3,148,8.9872,293,2176.43,34.3,2,148.1
18.133888,-94.36888,30600102,87.08644,103.6743,116.5209,114.2809,0.622046,139.2458,2,180,9.4464,512,2193.03,31.3,148.4,488.5
18.133888,-94.36888,30600102,135.3765,161.1625,181.1326,177.6504,0.9669751,216.4585,2,180,9.4464,536,3409.08,48.6,255.7,574.7
18.133888,-94.36888,30600102,64.48376,76.76637,86.27869,84.62004,0.4605982,103.1055,2,180,4.0344,647,693.52,54.3,75.5,401
18.133888,-94.36888,30600102,46.25136,55.06114,61.88391,60.69424,0.3303668,73.95302,2,180,4.9856,476,614.71,31.5,34.9,322.4
18.133888,-94.36888,30600102,48.45743,57.68742,64.83562,63.58919,0.3461245,77.48038,2,159,6.888,451,889.78,23.9,43.7,336.9
18.133888,-94.36888,10200601,140.4673,167.2229,187.944,184.3309,1.003338,224.5983,2,148,10.004,357,3746.07,47.7,76.5,392.8
18.133888,-94.36888,10200601,109.3383,130.1646,146.2936,143.4812,0.7809875,174.825,2,148,10.004,456,2915.91,37.1,147.6,477.9
18.133888,-94.36888,10200601,89.13339,106.1112,119.2597,116.967,0.6366671,142.5187,3,148,10.004,293,2377.07,30.2,2.2,151.2
18.135006,-94.40407,10200601,58.00387,193.9272,449.4781,448.2594,4.155338,19.35968,3,149,8.528,257,843.08,14.8,8.5,212.4
18.135006,-94.40407,10200601,66.53094,222.4361,515.5553,514.1573,4.766208,22.20572,3,100,7.216,257,818.25,20,8.2,195.9
18.135006,-94.40407,30699998,49.67511,166.0812,384.9377,383.8939,3.558674,16.57983,3,82,1.968,158,166.62,54.8,6.7,179.4
18.135006,-94.40407,10200601,2.409392,8.055436,18.67063,18.62,0.1726063,0.8041714,4,98.4,5.904,392,24.24,0.9,0.8,104.5
18.135006,-94.40407,10200601,2.409392,8.055436,18.67063,18.62,0.1726063,0.8041714,4,98.4,5.904,392,24.24,0.9,0.8,104.5
18.135006,-94.40407,30609904,45.11412,150.8322,349.5941,348.6462,3.23193,15.05753,3,85.2,3.28,473,252.2,29.8,14.1,223.7
18.135006,-94.40407,30609904,8.923673,29.83495,69.15049,68.96297,0.6392828,2.978413,4,29.8,3.28,473,49.89,5.9,2.8,124.3
18.135006,-94.40407,30609904,47.59292,159.1197,368.8026,367.8026,3.409508,15.88487,2,114,9.84,536,798.19,10.5,59.9,355.1
18.135006,-94.40407,30199901,,,,,,388.9394,4,46.1,2.0992,202,85.48,24.7,2.3,122.1
18.158333,-94.4,40400101,,,,,,6728.969,7,10.4,0.5248,68,0.59,2.7,0,31.1
18.158333,-94.40833,40400101,0.2125599,0.8502396,0.04251198,0.010628,1.81101,6563.633,7,10.4,0.5248,68,0.59,2.7,0,31.1
18.135006,-94.40407,30107001,14.18332,16.8849,1.783702,1.632685,0.1013094,1.857339,4,43.2,1.6564,158,34.81,16.2,1.4,104.8
18.079166,-94.38055,30101801,2.259674,18.61852,10.29675,6.727313,183.4295,17.03301,4,53.7,1.7056,191,68.95,30.2,2.1,120.9
18.931319,-96.93806,30200301,0.1847023,0.232891,4.316231,4.252705,0.01212542,5.037561,3,100,2.9848,181,281.83,40.3,9.4,203.1
18.931319,-96.93806,30200301,5.383687,35.31915,0.7220137,0.6514658,4.047686,0.6680005,3,100,2.9848,181,281.83,40.3,9.4,203.1
18.931319,-96.93806,30299901,0.1510166,1.663387,0.9546013,0.6217034,17.09354,0.03858089,4,39.3,1.8532,314,66.35,24.6,0.5,76.3
18.883333,-96.93333,30200301,0.6536704,28.35916,4.661674,3.222055,73.94082,0.1675513,3,100,2.9848,181,281.83,40.3,9.4,203.1
18.985,-96.97166,30203801,0.6514658,7.163919,4.110518,2.34682,73.61784,0.166449,4,38.7,2.0008,170,78.74,25,2.9,128.3
18.931319,-96.93806,10201101,48.70433,17.64375,65.57324,28.12225,80.45002,21.84845,3,246,8.2,262,658.23,12.5,5.6,220.6
18.931319,-96.93806,10201101,126.1186,45.68803,169.8002,72.82182,208.3232,56.57598,3,183,6.56,260,1363.57,40.3,12.5,245.7
18.931319,-96.93806,10201101,167.1328,60.54592,225.0197,96.50371,276.0706,74.97468,3,82,6.56,260,1807,53.5,16.5,233.6
18.892777,-96.93083,30400301,2.991743,32.90918,27.3287,20.5733,338.1867,0.7658863,3,43.6,3.4112,800,179.86,19.7,28,261.9
18.310635,-95.90175,10201101,87.97806,34.36642,120.5014,52.25975,191.357,39.28099,3,246,8.2,262,658.23,12.5,5.6,220.6
18.310635,-95.90175,10201101,87.97806,34.36642,120.5014,52.25975,191.357,39.28099,3,183,6.56,260,1363.57,40.3,12.5,245.7
18.310635,-95.90175,10201101,87.97806,34.36642,120.5014,52.25975,191.357,39.28099,3,82,6.56,260,1807,53.5,16.5,233.6
18.01559,-94.56641,30500301,0.07275253,0.7947662,2.076754,1.222463,8.163715,0.01873929,3,35.3,2.6404,230,232.31,42.4,4.2,143.4
18.100833,-94.55194,30104501,0.9419957,3.767983,42.25259,41.65934,8.025804,0.04747659,4,35.8,6.1008,141,11.51,0.4,0.5,76.9
18.048888,-94.59472,30199901,6.960589,8.286416,9.31201,9.132995,0.0497185,14.24947,4,46.1,2.0992,202,85.48,24.7,2.3,122.1
18.009444,-94.57,30199901,0.1555774,0.1852112,0.01407605,0.01407605,16.38145,0.02037323,4,46.1,2.0992,202,85.48,24.7,2.3,122.1
18.01559,-94.56641,30199901,25.92308,30.86081,2.345422,2.345422,1858.682,146.8384,4,46.1,2.0992,202,85.48,24.7,2.3,122.1
18.01559,-94.56641,30600102,85.69851,286.3238,1.063118,1.046765,0.4299013,6.471854,2,109,14.005,446,8590.45,55.8,408.6,640.9
18.01559,-94.56641,10200401,16.07387,53.70375,74.40599,73.25959,27.55778,1.213881,2,40.1,6.0024,528,690.54,24.4,50.1,314.2
18.01559,-94.56641,10200401,16.07387,53.70375,74.40599,73.25959,27.55778,1.213881,2,40.1,6.0024,528,690.54,24.4,50.1,314.2
18.01559,-94.56641,30600102,17.35457,57.98263,1.063118,1.046765,0.4299013,1.310597,2,43,4.8216,705,598.89,32.8,75.8,359.7
18.01559,-94.56641,30600102,17.35457,57.98263,1.063118,1.046765,0.4299013,1.310597,2,43,4.8216,681,598.89,32.8,71.4,352.9
18.01559,-94.56641,30600102,95.78069,320.0089,1.063118,1.046765,0.4299013,7.233249,1,109,14.005,617,9601.09,62.3,957.2,840.3
18.01559,-94.56641,30600102,17.35457,57.98263,1.063118,1.046765,0.4299013,1.310597,2,43,4.8216,712,598.89,32.8,77.1,361.6
18.01559,-94.56641,30600102,105.8629,353.6941,1.063118,1.046765,0.4299013,7.994644,1,109,14.005,1491,10611.73,68.9,3885.6,1320.8
18.01559,-94.56641,30600102,15.61911,52.18437,1.063118,1.046765,0.4299013,1.179538,2,43,4.8216,1490,539,29.5,197.2,489.8
18.01559,-94.56641,10200401,17.28373,57.74597,1.063118,1.046765,0.4299013,1.305248,3,63.1,6.0024,375,742.51,26.2,19.2,238.7
18.01559,-94.56641,10200401,18.8421,62.95257,1.063118,1.046765,0.4299013,1.422934,2,100,7.4784,552,1008.51,23,80.6,384.2
18.01559,-94.56641,30199998,,,,,,9172.623,2,82,5.576,149,1161.39,47.6,49.9,326.6
18.01559,-94.56641,30199998,,,,,,509.5902,4,177,0.492,77,0.31,1.6,0,76.3
18.01559,-94.56641,30199998,,,,,,509.5902,3,0,2.4928,860,30.42,6.2,5.3,142.7
18.01559,-94.56641,30199998,108.8031,129.5276,36.83638,24.81017,0.7771654,,3,82,6.9864,356,1081.36,28.2,21.8,253.6
18.01559,-94.56641,30199998,108.8031,129.5276,36.83638,24.81017,0.7771654,,3,114,6.9864,356,1144.23,29.8,23,267.7
18.861718,-96.37214,31000201,11.36262,37.87541,1.027354,1.027354,3239.695,0.7429577,3,24.6,1.476,548,58.93,34.4,4.6,144.1
18.788055,-96.89861,10201101,51.9162,178.4638,390.282,149.3164,586.8608,130.7425,3,246,8.2,-229,658.23,12.5,12.2,263.7
18.767848,-96.82122,10201101,32.39591,15.39823,46.62799,20.84935,121.0782,14.26049,3,246,8.2,262,658.23,12.5,5.6,220.6
18.767848,-96.82122,10201101,83.88837,39.8733,120.742,53.98885,313.5287,36.92715,3,183,6.56,260,1363.57,40.3,12.5,245.7
18.767848,-96.82122,10201101,111.1691,52.84023,160.0076,71.5462,415.4893,48.93598,3,82,6.56,260,1807,53.5,16.5,233.6
18.767848,-96.82122,10201101,92.97602,46.86275,136.0175,61.40028,396.7507,40.72911,3,98.4,6.396,356,843.08,26.2,17,240.4
18.767848,-96.82122,10201101,127.9605,64.496,187.1974,84.50364,546.0378,56.05443,2,246,9.02,347,1676.74,26.2,29.1,327
18.767848,-96.82122,10201101,117.2584,59.10179,171.5409,77.43606,500.3691,51.36624,3,98.4,7.9704,365,1309.22,26.2,29.9,284.3
18.767848,-96.82122,10201101,91.85583,46.29814,134.3787,60.66052,391.9706,40.2384,3,98.4,6.396,365,843.08,26.2,19.3,249.6
18.777166,-96.65896,10201101,39.32892,20.31647,57.9413,26.26122,176.93,17.19178,3,246,8.2,262,658.23,12.5,5.6,220.6
18.777166,-96.65896,10201101,101.8412,52.60896,150.0375,68.00273,458.1556,44.51765,3,183,6.56,260,1363.57,40.3,12.5,245.7
18.777166,-96.65896,10201101,134.9603,69.71756,198.8302,90.11744,607.1494,58.99494,3,82,6.56,260,1807,53.5,16.5,233.6
18.060033,-94.70136,30202101,1.42075,1.691369,0.6308672,0.272065,0.01014822,0.1860506,3,14.9,2.1976,82.2,246.46,65,15.6,209.2
18.060033,-94.70136,30200701,12.498,14.87789,7.700745,7.568468,0.08928719,1.636932,3,63.8,2.6896,138,249.9,44,11.6,204.7
18.907963,-96.99434,30900199,6.855272,40.39639,1.266555,1.236683,0.001102311,1.101209,4,29.5,2.0992,178,86.33,24.9,2.9,126.4
18.907963,-96.99434,30900199,0.2108035,1.242235,0.05605207,0.04205272,2.20E-05,0.921532,4,29.5,2.0992,178,86.33,24.9,2.9,126.4
19.139656,-96.95485,30200701,,,1.895644,0.6536704,,,3,63.8,2.6896,138,249.9,44,11.6,204.7
18.198882,-95.15167,10201101,102.1347,45.18788,144.2427,63.76618,319.7702,45.20856,3,98.4,6.396,356,843.08,26.2,17,240.4
18.198882,-95.15167,10201101,140.5653,62.19092,198.5175,87.75976,440.0916,62.21939,2,246,9.02,347,1676.74,26.2,29.1,327
18.198882,-95.15167,10201101,128.8089,56.9895,181.9142,80.41985,403.2839,57.01558,3,98.4,7.9704,365,1309.22,26.2,29.9,284.3
18.198882,-95.15167,10201101,100.9041,44.64345,142.5048,62.99791,315.9176,44.66388,3,98.4,6.396,365,843.08,26.2,19.3,249.6
17.98762,-94.39567,30202101,0.5034303,5.527765,13.93755,5.071105,56.75893,0.004409244,3,14.9,2.1976,82.2,246.46,65,15.6,209.2
17.98762,-94.39567,30202101,0.6084757,6.665675,16.83218,6.974322,68.38737,0.1543235,3,14.9,2.1976,82.2,246.46,65,15.6,209.2
17.98762,-94.39567,30199901,0.01058219,0.04232874,0.002116437,0.000529109,0.09016022,1.323307,4,46.1,2.0992,202,85.48,24.7,2.3,122.1
18.847747,-97.03058,30199901,78.33463,169.692,38.527,26.03747,566.2726,7.749908,4,46.1,2.0992,202,85.48,24.7,2.3,122.1
18.847747,-97.03058,30200301,6.010479,7.155332,11.29134,11.01576,0.04293199,8.143433,3,100,2.9848,181,281.83,40.3,9.4,203.1
18.847747,-97.03058,30203201,71.34605,104.7901,6.455119,6.455119,0.5096146,9.342935,5,40.2,1.2136,316,28.34,24.5,0.2,62
18.847747,-97.03058,10201101,118.1435,274.9685,520.9166,208.6388,1335.494,166.371,3,246,8.2,-229,658.23,12.5,12.2,263.7
18.856944,-97.02055,30500606,54.256,493.2908,16341.25,11007.1,688.0967,10.84885,2,229,14.76,271,4764.79,27.8,27.6,317.3
18.856944,-97.02055,30500606,54.256,493.2908,16341.25,11007.1,688.0967,10.84885,2,268,19.68,281,12172.32,40,33.4,345.4
18.856944,-97.02055,30500614,,,2042.656,1375.888,,,2,55.7,2.296,179,1739.63,420.2,58.9,335.6
18.856944,-97.02055,30500610,,,2042.656,1375.888,,,3,80.3,4.4936,203,517.58,32.6,13.7,220.6
18.856944,-97.02055,30500617,,,2042.656,1375.888,,,3,66.2,4.1656,194,975.38,71.6,28.6,270.5
18.856944,-97.02055,30500617,,,2042.656,1375.888,,,3,47.5,2.8208,196,396.02,63.4,11.4,198.5
18.856944,-97.02055,10200402,12.05689,109.6202,56.00842,36.22194,152.9104,2.410856,4,72.1,2.132,455,42.15,11.8,2.1,127.2
18.847747,-97.03058,10201101,85.71347,40.46881,123.1452,55.00425,315.3322,37.75076,3,98.4,6.396,356,843.08,26.2,17,240.4
18.847747,-97.03058,10201101,117.9652,55.69619,169.4816,75.70094,433.9836,51.95541,2,246,9.02,347,1676.74,26.2,29.1,327
18.847747,-97.03058,10201101,108.0991,51.03796,155.3067,69.36959,397.6868,47.61004,3,98.4,7.9704,365,1309.22,26.2,29.9,284.3
18.847747,-97.03058,10201101,84.68078,39.98124,121.6615,54.34155,311.533,37.29593,3,98.4,6.396,365,843.08,26.2,19.3,249.6
18.847747,-97.03058,40400101,,,,,,57.65087,7,10.4,0.5248,68,0.59,2.7,0,31.1
18.847747,-97.03058,30400701,14.10618,67.01776,726.4693,523.0735,578.8282,2.48748,3,39.3,2.6896,215,190.83,33.6,4.4,145.8
19.763484,-97.29359,33000101,0.4376175,2.577203,0.07826408,0.07826408,,0.07054791,4,36.6,2.9356,247,239.21,35.3,3.1,131
19.542727,-96.88895,30701201,2.550307,28.05338,20.70664,14.17119,288.2867,0.6528785,4,48.4,2.5912,99.6,61.92,11.7,3.6,140.2
19.542727,-96.88895,40400101,,,,,,130.4585,7,10.4,0.5248,68,0.59,2.7,0,31.1
17.869343,-94.71453,30799901,8.466487,10.07915,14.91451,9.332956,0.0604749,0.5566671,3,41,3.9032,145,323,27,14.3,211.2
17.869343,-94.71453,30504001,8.858171,10.54471,17.99082,12.37565,0.06283173,1.159631,3,33.9,3.7064,143,439.18,40.7,19.7,231.5
19.610886,-96.92062,10201101,158.6672,75.9933,228.8465,102.4525,603.6483,69.8015,3,102,5.904,307,747.1,27.3,3.9,159.7
18.657402,-95.5006,10201101,88.83846,31.78391,119.2799,51.06249,139.3841,39.882,3,98.4,6.396,356,843.08,26.2,17,240.4
18.657402,-95.5006,10201101,122.2661,43.74338,164.1619,70.27599,191.8307,54.88857,2,246,9.02,347,1676.74,26.2,29.1,327
18.657402,-95.5006,10201101,112.0402,40.08484,150.432,64.39837,175.7867,50.29789,3,98.4,7.9704,365,1309.22,26.2,29.9,284.3
18.657402,-95.5006,10201101,87.76812,31.40097,117.8428,50.44728,137.7047,39.40149,3,98.4,6.396,365,843.08,26.2,19.3,249.6
18.657402,-95.5006,10201101,115.0432,41.02689,154.3552,66.04697,178.0566,51.65586,3,98.4,6.396,356,843.08,26.2,17,240.4
18.657402,-95.5006,10201101,158.3311,56.46425,212.4351,90.89876,245.0547,71.09264,2,246,9.02,347,1676.74,26.2,29.1,327
18.657402,-95.5006,10201101,145.0888,51.74179,194.6678,83.29632,224.5592,65.14671,3,98.4,7.9704,365,1309.22,26.2,29.9,284.3
18.657402,-95.5006,10201101,113.6572,40.53259,152.4955,65.25123,175.9113,51.0335,3,98.4,6.396,365,843.08,26.2,19.3,249.6
20.165585,-96.99669,30299901,3.381952,29.53806,4.154732,2.617904,280.8909,0.6878421,4,39.3,1.8532,314,66.35,24.6,0.5,76.3
20.165585,-96.99669,10201101,32.87397,17.53817,48.88892,22.27659,158.1518,14.32881,3,246,8.2,262,658.23,12.5,5.6,220.6
20.165585,-96.99669,10201101,85.12629,45.41462,126.5966,57.68464,409.53,37.10409,3,183,6.56,260,1363.57,40.3,12.5,245.7
20.165585,-96.99669,10201101,112.8096,60.1836,167.7662,76.44387,542.7105,49.17046,3,82,6.56,260,1807,53.5,16.5,233.6
18.99686,-96.16464,20100209,228.7543,511.0984,54.60794,54.60794,0.9573571,61.28395,4,73.8,9.84,260,90.29,1.2,0.8,99.3
18.99686,-96.16464,20100209,228.7543,511.0984,54.60794,54.60794,0.9573571,61.28395,4,73.8,9.84,276,99.77,1.3,0.4,84.1
18.99686,-96.16464,20100209,228.7543,511.0984,54.60794,54.60794,0.9573571,61.28395,4,73.8,9.84,273,92.29,1.2,0.5,86.5
18.99686,-96.16464,20100209,228.7543,511.0984,54.60794,54.60794,0.9573571,61.28395,4,73.8,9.84,278,82.31,1.1,0.3,77.4
18.99686,-96.16464,20100209,228.7543,511.0984,54.60794,54.60794,0.9573571,61.28395,4,73.8,9.84,271,87.3,1.1,0.5,87.7
18.99686,-96.16464,20100209,228.7543,511.0984,54.60794,54.60794,0.9573571,61.28395,4,73.8,9.84,264,97.28,1.3,0.8,97.6
18.99686,-96.16464,20100209,228.7543,511.0984,54.60794,54.60794,0.9573571,61.28395,4,73.8,9.84,276,102.27,1.3,0.4,84.6
18.99686,-96.16464,20100209,228.7543,511.0984,54.60794,54.60794,0.9573571,61.28395,4,73.8,9.84,273,82.31,1.1,0.4,84.1
17.591682,-94.3789,30600102,10.87525,45.27565,1.790722,1.540109,144.8905,45.5585,2,111,5.7072,1207,169.5,6.6,47.4,330.2
17.591682,-94.3789,30609904,71.16502,296.2729,290.7593,250.0673,22718.83,298.1238,2,100,6.56,1112,1274.88,37.7,319.5,590.4
17.591682,-94.3789,30600102,12.53123,52.16979,2.063396,1.774622,144.8905,52.49571,3,91.6,4.92,475,168.37,8.9,9.5,201.4
17.591682,-94.3789,30600102,46.20776,192.3713,7.608581,6.543753,144.8905,193.5731,2,90.2,8.5935,588,1084.4,18.7,98.5,405.8
17.591682,-94.3789,30600102,10.55872,43.95788,1.738602,1.495283,144.8905,44.2325,2,111,5.74,1072,165.51,6.4,39.5,312.7
17.591682,-94.3789,30600102,9.913597,41.2721,1.632375,1.403923,144.8905,41.52994,2,108,5.904,1245,159.84,5.8,46.5,327.5
17.591682,-94.3789,30600106,10.81677,45.03219,44.19415,38.00914,11359.42,45.31352,3,114,4.2312,602,124.99,8.9,11.9,221.7
17.591682,-94.3789,30600102,7.741517,32.22934,1.27472,1.096322,144.8905,32.43068,2,108,5.904,1239,124.82,4.6,36.1,303.6
17.591682,-94.3789,10200401,206.3786,859.1914,843.202,725.1951,11359.42,864.559,3,99.7,9.512,293,5360.87,75.4,4.9,169.5
17.591682,-94.3789,10200601,188.4326,784.4791,31.02736,26.68505,11359.42,789.3799,3,157,9.512,305,4894.7,68.9,22.4,278.7
17.591682,-94.3789,10200601,197.4056,821.8353,32.50485,27.95577,144.8905,826.9695,2,157,9.512,318,5127.78,72.2,43.8,336.5
17.591682,-94.3789,10200401,179.4596,747.1229,733.2191,630.6044,144.8905,751.7905,2,157,9.512,320,4661.62,65.6,42.6,334
17.591682,-94.3789,40400101,0.01708582,0.07969709,0.005401324,0.005401324,0.005180862,118.6161,7,10.4,0.5248,68,0.59,2.7,0,31.1
19.631898,-96.84136,30299901,0.2830073,1.132029,0.05660146,0.01415037,2.411222,4.533739,3,49.1,1.8532,157,97.23,36,3.9,144.4
18.823706,-97.20115,30502701,1.962114,2.335797,15.23725,10.32645,0.01433004,0.2568385,4,45,4.1492,102,20.4,1.5,1.2,100
18.855264,-97.10527,30800101,0.04720078,0.2781475,0.008428711,0.008428711,4.93E-06,1.496549,3,35.3,2.0992,113,121.13,35,6.5,163.9
18.855264,-97.10527,32099901,0.08487795,0.3384095,0.01653467,0.004409244,0.7198091,1.823222,4,24,1.7056,113,49.54,21.7,2.7,121
18.855264,-97.10527,32099901,0.03042378,0.1216951,0.8548642,0.5956668,0.2592106,2.702195,4,24,1.7056,113,49.54,21.7,2.7,121
18.855264,-97.10527,30200901,83.06512,98.88705,82.24317,28.61266,0.5933223,10.87758,6,82,2.4928,291,116.54,23.9,0,51.9
18.855264,-97.10527,30701201,1.021842,11.60734,0.2039275,0.05070631,8.702745,0.05180862,4,48.4,2.5912,99.6,61.92,11.7,3.6,140.2
18.855264,-97.10527,30799901,4.435874,5.317427,0.4027315,0.4008834,0.1365629,0.5799066,3,41,3.9032,145,323,27,14.3,211.2
18.855264,-97.10527,30799901,2.668167,29.22891,16.70103,10.88087,299.0807,0.6804443,3,41,3.9032,145,323,27,14.3,211.2
18.855264,-97.10527,30502701,72.28139,86.04928,34.01485,32.71963,0.5162957,9.465421,4,45,4.1492,102,20.4,1.5,1.2,100
22.3175,-98.33611,40600101,,,6.878421,4.629706,,,4,20,2.05,155,36.27,11,1.5,99.7
22.103722,-98.25004,10201101,121.1955,38.39047,158.6376,66.75163,98.46329,54.77721,3,98.4,6.396,356,843.08,26.2,17,240.4
22.103722,-98.25004,10201101,166.7983,52.83582,218.3289,91.86855,135.5125,75.38847,2,246,9.02,347,1676.74,26.2,29.1,327
22.103722,-98.25004,10201101,152.8479,48.41682,200.0687,84.185,124.1787,69.08324,3,98.4,7.9704,365,1309.22,26.2,29.9,284.3
22.103722,-98.25004,10201101,119.7353,37.92793,156.7263,65.94739,97.27699,54.11724,3,98.4,6.396,365,843.08,26.2,19.3,249.6
22.103722,-98.25004,30400301,4.326553,37.91386,63.95572,56.74723,322.3553,0.8523586,3,68.8,3.936,179,624.18,51.3,21.1,247.4
22.383333,-98.33333,30400701,647.4784,1.510999,233.1228,168.4873,326.7688,64.98043,3,39.3,2.6896,215,190.83,33.6,4.4,145.8
18.941413,-96.66428,10201101,53.15317,17.14513,69.82764,29.45584,48.86696,24.00096,3,246,8.2,262,658.23,12.5,5.6,220.6
18.941413,-96.66428,10201101,137.6387,44.39685,180.8168,76.27512,126.5397,62.14985,3,183,6.56,260,1363.57,40.3,12.5,245.7
18.941413,-96.66428,10201101,182.3993,58.83486,239.6191,101.08,167.6908,82.36118,3,82,6.56,260,1807,53.5,16.5,233.6
19.247735,-96.44947,30107001,0.004828374,0.02866847,3.120445,1.798995,6.29E-07,0.000754433,4,43.2,1.6564,158,34.81,16.2,1.4,104.8
19.526761,-97.28023,30203801,0.8035848,8.840534,5.072835,3.304729,90.84807,0.2061322,4,38.7,2.0008,170,78.74,25,2.9,128.3
19.526761,-97.28023,40400101,0.01366866,0.006371357,0.004299013,0.004299013,0.004188782,50.60324,7,10.4,0.5248,68,0.59,2.7,0,31.1
20.536556,-97.44458,30299901,0.2977409,1.754545,0.05316802,0.05316802,3.11E-05,0.1179473,4,39.3,1.8532,314,66.35,24.6,0.5,76.3
20.536556,-97.44458,10200601,1.282246,4.286769,12.74003,12.48453,0.0484509,4.049246,4,98.4,5.904,392,24.24,0.9,0.8,104.5
20.536556,-97.44458,10200601,1.282246,4.286769,12.74003,12.48453,0.0484509,4.049246,4,98.4,5.904,392,24.24,0.9,0.8,104.5
20.536556,-97.44458,30609904,24.00912,80.26667,238.5479,233.7638,0.9072083,75.81922,3,85.2,3.28,473,252.2,29.8,14.1,223.7
20.536556,-97.44458,30609904,4.749058,15.87692,47.18531,46.239,0.1794478,14.99721,4,29.8,3.28,473,49.89,5.9,2.8,124.3
20.536556,-97.44458,30609904,25.32831,84.67693,251.655,246.608,0.9570549,79.98512,2,114,9.84,536,798.19,10.5,59.9,355.1
20.536556,-97.44458,10200601,30.86888,103.2,306.7045,300.5535,1.166411,97.48186,3,149,8.528,257,843.08,14.8,8.5,212.4
20.536556,-97.44458,10200601,35.40686,118.3713,351.7927,344.7374,1.337883,111.8125,3,100,7.216,257,818.25,20,8.2,195.9
20.536556,-97.44458,30699998,26.43642,88.38154,262.6649,257.3971,0.998926,83.48447,3,82,1.968,158,166.62,54.8,6.7,179.4
20.536556,-97.44458,31000201,33.55435,111.8515,3.020332,3.020332,3146.575,2.171553,3,24.6,1.476,548,58.93,34.4,4.6,144.1
20.536556,-97.44458,40400101,,,,,,194.5469,7,10.4,0.5248,68,0.59,2.7,0,31.1
22.158997,-97.91851,30400301,0.03306933,0.1322773,0.006613866,0.001653466,0.2817507,12.2125,3,43.6,3.4112,179,468.83,51.3,15.9,219.1
17.75991,-95.15939,30502701,1.684095,9.924129,13.73118,12.60396,0.000175928,0.270658,4,45,4.1492,102,20.4,1.5,1.2,100
17.725327,-94.94575,30502701,1.130971,1.834623,3.338277,3.045172,3.25E-05,0.03858089,4,45,4.1492,102,20.4,1.5,1.2,100
17.725327,-94.94575,30504001,0.3163633,1.86511,4.357436,3.996429,,0.05070631,3,33.9,3.7064,143,439.18,40.7,19.7,231.5
20.973597,-97.71129,30200701,0.5952479,2.380992,0.1190496,0.0297624,5.071513,0.0300005,3,63.8,2.6896,138,249.9,44,11.6,204.7
18.577888,-96.77708,10201101,92.30585,34.79352,125.3902,54.09096,177.4614,41.30716,3,98.4,6.396,356,843.08,26.2,17,240.4
18.577888,-96.77708,10201101,127.0382,47.88543,172.5713,74.444,244.2355,56.84998,2,246,9.02,347,1676.74,26.2,29.1,327
18.577888,-96.77708,10201101,116.4132,43.88047,158.138,68.21777,223.8085,52.09526,3,98.4,7.9704,365,1309.22,26.2,29.9,284.3
18.577888,-96.77708,10201101,91.19373,34.37432,123.8794,53.43926,175.3233,40.80948,3,98.4,6.396,365,843.08,26.2,19.3,249.6
18.577888,-96.77708,10201101,132.1686,65.77479,192.6609,86.78963,548.4569,57.96039,3,98.4,6.396,356,843.08,26.2,17,240.4
18.577888,-96.77708,10201101,181.9002,90.52415,265.1543,119.4463,754.8271,79.76939,2,246,9.02,347,1676.74,26.2,29.1,327
18.577888,-96.77708,10201101,166.6867,82.95304,242.9778,109.4563,691.6962,73.09777,3,98.4,7.9704,365,1309.22,26.2,29.9,284.3
18.577888,-96.77708,10201101,130.5762,64.98232,190.3397,85.74397,541.849,57.26207,3,98.4,6.396,365,843.08,26.2,19.3,249.6
18.549631,-96.28542,40200101,0.03196702,0.1267658,0.05291093,0.02888055,0.2689639,9.602231,3,29.5,1.968,80.6,119.73,39.4,7.6,170.3
18.549631,-96.28542,40400101,,,,,,123.3266,7,10.4,0.5248,68,0.59,2.7,0,31.1
20.661933,-97.52949,30202001,0.2839333,1.135733,0.05678666,0.01419666,2.419111,0.1058219,6,22.9,0.984,305,19.95,26.2,0.1,43.9
20.661933,-97.52949,10100401,27.12192,298.3056,171.1427,111.4903,3065.332,6.94217,3,196,9.676,230,1107.05,15.1,20.3,283
20.661933,-97.52949,10100401,27.12192,298.3056,171.1427,111.4903,3065.332,6.94217,3,196,9.676,303,1589.43,21.6,6.3,211
20.661933,-97.52949,10100401,27.12192,298.3056,171.1427,111.4903,3065.332,6.94217,3,196,9.676,294,2329.87,31.7,2.8,175.7
20.935206,-97.4111,30101801,0.003485508,0.01394203,3.037344,2.974209,0.02969652,13.93321,4,53.7,1.7056,191,68.95,30.2,2.1,120.9
20.935206,-97.4111,30299901,0.08267333,0.542337,0.134482,0.08818488,2.421777,0.01322773,4,39.3,1.8532,314,66.35,24.6,0.5,76.3
20.935206,-97.4111,10100401,370.4518,4073.687,2336.901,1522.356,41856.72,30.44919,2,393,18.04,310,19232.24,75.2,117.3,520.7
20.935206,-97.4111,10100401,370.4518,4073.687,2336.901,1522.356,41856.72,30.44919,2,393,18.04,301,19374.77,75.8,65,449
20.935206,-97.4111,10100404,370.4518,4073.687,2336.901,1522.356,41856.72,30.44919,2,393,18.04,312,19777.18,77.4,132.7,537.5
20.935206,-97.4111,10100404,370.4518,4073.687,2336.901,1522.356,41856.72,30.44919,2,393,18.04,318,19701.73,77.1,168.2,571.9
20.935206,-97.4111,10100404,370.4518,4073.687,2336.901,1522.356,41856.72,30.44919,2,393,18.04,297,18192.66,71.2,38.8,397.1
20.935206,-97.4111,10100404,370.4518,4073.687,2336.901,1522.356,41856.72,30.44919,2,393,18.04,293,20699.39,81,18.9,338.1
19.425555,-96.39583,10201101,14.64971,413.2042,1126.096,404.9794,165.6674,399.731,2,99.9,5.904,464,736.33,26.9,39.1,308.3
19.437332,-96.38883,10201101,146.7251,44.85168,190.7176,79.86119,89.21275,66.43672,3,98.4,6.396,356,843.08,26.2,17,240.4
19.437332,-96.38883,10201101,201.9341,61.72821,262.4797,109.9109,122.7812,91.43516,2,246,9.02,347,1676.74,26.2,29.1,327
19.437332,-96.38883,10201101,185.045,56.56549,240.5269,100.7184,112.5122,83.78786,3,98.4,7.9704,365,1309.22,26.2,29.9,284.3
19.437332,-96.38883,10201101,144.9574,44.3113,188.4198,78.89901,88.13789,65.63628,3,98.4,6.396,365,843.08,26.2,19.3,249.6
19.186007,-96.22145,30299901,0.8850458,1.052707,5.105512,4.996383,0.006321756,0.05732017,3,49.1,1.8532,157,97.23,36,3.9,144.4
19.186007,-96.22145,31299901,0.7215809,4.252173,0.1288537,0.1288537,7.54E-05,5.156391,4,30.5,1.9024,163,65.36,23,2.5,120.9
19.186007,-96.22145,30200701,9.409787,11.20213,18.32233,12.0827,0.06721276,0.6159714,3,63.8,2.6896,138,249.9,44,11.6,204.7
19.186007,-96.22145,30201901,28.98196,40.78992,2.936557,2.700662,13.59921,3.874623,3,34.9,1.804,112,86.1,33.7,4.7,147.6
19.186007,-96.22145,10301003,0.3924227,2.312649,0.07054791,0.07054791,,0.06283173,5,39.3,1.476,314,46.58,27.2,0.3,69.2
19.186007,-96.22145,30203201,3.70156,4.40704,32.67111,32.00439,0.2645546,0.4850169,5,40.2,1.2136,316,28.34,24.5,0.2,62
19.186007,-96.22145,30200701,,,8.713769,3.0049,,,3,63.8,2.6896,138,249.9,44,11.6,204.7
19.186007,-96.22145,30400701,0.001333355,0.007857273,0.000238099,0.000238099,1.39E-07,4.001389,3,39.3,2.6896,158,190.83,33.6,7.7,173.6
19.186007,-96.22145,30203201,7.969703,9.487741,34.04393,33.36215,0.05692645,1.043652,5,40.2,1.2136,316,28.34,24.5,0.2,62
19.186007,-96.22145,30200701,,,28.4286,18.62906,,,3,63.8,2.6896,138,249.9,44,11.6,204.7
19.213333,-96.13666,30203001,0.1630986,1.745931,0.2701984,0.175414,17.71766,0.0403389,3,58.4,3.2964,205,392.46,46,10.2,195.2
19.186007,-96.22145,30500301,0.3108517,3.377481,1.924635,1.253328,34.50454,0.07826408,3,35.3,2.6404,230,232.31,42.4,4.2,143.4
19.186007,-96.22145,30299901,1.726219,4.012412,0.09369644,0.09369644,,0.08377564,3,49.1,1.8532,157,97.23,36,3.9,144.4
19.186007,-96.22145,30801001,0.3196702,1.886054,0.6084757,0.6084757,0.000110231,0.05180862,4,29.3,0.6888,110,7.57,20.3,0.4,70
19.186007,-96.22145,30400701,0.2469177,0.9865684,0.04960399,0.01212542,2.102107,1.753777,3,39.3,2.6896,158,190.83,33.6,7.7,173.6
19.186007,-96.22145,31299901,0.4651752,2.739243,0.08267333,0.08267333,,7.184863,4,30.5,1.9024,163,65.36,23,2.5,120.9
19.186007,-96.22145,30299901,1.101209,10.43889,1.835348,1.128767,48.06076,0.1091288,4,39.3,1.8532,314,66.35,24.6,0.5,76.3
19.186007,-96.22145,30499901,0.1895975,0.2259738,5.088268,3.434801,0.001102311,0.02535315,4,41.3,2.0992,242,124.87,36.1,1.8,112.7
19.186007,-96.22145,30900199,0.08377564,0.7374461,6.251206,4.20201,6.734018,0.01653467,4,29.5,2.0992,178,86.33,24.9,2.9,126.4
19.186007,-96.22145,30400101,18.46658,61.51998,16.34176,11.96669,1.657325,1.236573,4,46.2,2.8372,335,192.85,30.5,2.6,127.4
19.2,-96.13333,40400101,0.001798972,0.007195886,0.000359794,8.99E-05,0.01532724,209.4392,7,10.4,0.5248,68,0.59,2.7,0,31.1
21.731602,-98.43187,10201101,35.97943,315.6168,797.9772,295.4167,406.7115,282.5445,3,98.4,6.396,356,843.08,26.2,17,240.4
21.731602,-98.43187,10201101,52.65537,16.40263,68.69515,28.83936,37.6736,23.81941,3,246,8.2,262,658.23,12.5,5.6,220.6
21.731602,-98.43187,10201101,136.3497,42.47419,177.8843,74.67875,97.5548,61.67974,3,183,6.56,260,1363.57,40.3,12.5,245.7
21.731602,-98.43187,10201101,180.6911,56.28693,235.7328,98.96452,129.2799,81.7382,3,82,6.56,260,1807,53.5,16.5,233.6
18.300428,-96.1705,10300603,0.1428595,0.571438,11.94455,4.118763,1.217163,0.2378787,5,39.3,1.476,314,46.58,27.2,0.3,69.2
18.25,-96.13333,10201101,95.64577,608.016,1500.865,554.3173,1081.18,520.0984,2,99.9,5.904,464,718.37,26.2,38.1,306.1
18.300428,-96.1705,10201101,186.5294,60.28089,245.1384,103.4354,173.588,84.21763,3,98.4,6.396,356,843.08,26.2,17,240.4
18.300428,-96.1705,10201101,256.7156,82.96304,337.3777,142.3555,238.9047,115.9066,2,246,9.02,347,1676.74,26.2,29.1,327
18.300428,-96.1705,10201101,235.2448,76.02431,309.1606,130.4494,218.9236,106.2126,3,98.4,7.9704,365,1309.22,26.2,29.9,284.3
18.300428,-96.1705,10201101,184.282,59.55462,242.1849,102.1892,171.4966,83.20296,3,98.4,6.396,365,843.08,26.2,19.3,249.6
18.300428,-96.1705,10200401,24.80828,272.8911,156.5717,101.9985,2804.328,6.35092,3,41,3.9032,161,357.15,29.8,14,210.1
18.300428,-96.1705,10200401,24.80828,272.8911,156.5717,101.9985,2804.328,6.35092,3,41,3.9032,206,323,27,8.3,178.1
21.549231,-97.44224,10201101,339.1829,172.3488,497.3444,224.8062,1473.021,148.4793,3,98.4,6.396,356,843.08,26.2,17,240.4
21.549231,-97.44224,10201101,466.8087,237.1992,684.4823,309.395,2027.281,204.3482,2,246,9.02,347,1676.74,26.2,29.1,327
21.549231,-97.44224,10201101,427.7665,217.3607,627.2347,283.5183,1857.727,187.2573,3,98.4,7.9704,365,1309.22,26.2,29.9,284.3
21.549231,-97.44224,10201101,335.0963,170.2723,491.3523,222.0977,1455.274,146.6904,3,98.4,6.396,365,843.08,26.2,19.3,249.6
20.979556,-89.64372,30400701,0.03362049,0.2414061,1.929816,1.888479,0.000110231,0.009259413,3,39.3,2.6896,158,190.83,33.6,7.7,173.6
20.95,-89.65,10100404,34.10076,346.269,128.1588,120.8788,3616.175,7.089293,3,64.9,5.248,311,1694.99,78.4,10.9,201.1
20.95,-89.65,10100404,34.10076,346.269,128.1588,120.8788,3616.175,7.089293,3,64.9,5.248,312,1587.15,73.4,10.6,199.9
20.979556,-89.64372,30500610,,,5.441448,4.030561,,,3,91.8,6.888,-337,1100,29.5,15.8,233.3
20.979556,-89.64372,30500623,14.94989,162.4625,13.17165,12.04294,296.3507,3.109516,4,95.7,3.444,-297,635.55,68.2,1.4,119.8
20.979556,-89.64372,30500606,34.88308,379.0792,30.78058,29.08752,691.485,7.255537,2,108,8.3968,-88,555.79,10,34.2,298.8
20.979556,-89.64372,30500617,,,16.46456,15.05367,,,4,95.1,1.968,-295,142.68,46.9,0.2,78.2
20.979556,-89.64372,10200402,5.536996,60.1713,7.317582,6.690521,109.7595,1.151672,3,72.1,2.0008,-92,75.49,24,4.6,157.8
20.979556,-89.64372,30200701,1.058219,4.232874,3.761636,2.870418,9.968419,0.2204622,3,63.8,2.6896,138,249.9,44,11.6,204.7
20.979556,-89.64372,30299901,0.4852373,2.830514,0.0807994,0.0807994,0.000220462,0.0807994,3,49.1,1.8532,157,97.23,36,3.9,144.4
20.979556,-89.64372,30299901,1.046975,8.784537,5.11307,3.706851,113.3176,0.2175962,4,39.3,1.8532,314,66.35,24.6,0.5,76.3
20.979556,-89.64372,30202101,0.4297911,3.636083,2.125035,1.572336,46.99262,0.08961789,3,14.9,2.1976,82.2,246.46,65,15.6,209.2
20.979556,-89.64372,30202101,0.2908999,2.62802,1.600666,1.186858,34.72324,0.06139872,3,14.9,2.1976,82.2,246.46,65,15.6,209.2
20.979556,-89.64372,30200701,0.7182659,2.873064,0.2786642,0.2729322,6.765985,0.1495836,3,63.8,2.6896,138,249.9,44,11.6,204.7
20.979556,-89.64372,30200701,0.5094882,2.038283,0.1976444,0.1935658,4.800234,0.1060423,3,63.8,2.6896,138,249.9,44,11.6,204.7
20.979556,-89.64372,30299901,0.4986855,4.116139,2.337451,1.695024,50.55,0.1036172,4,39.3,1.8532,314,66.35,24.6,0.5,76.3
20.979556,-89.64372,33000101,1.195567,6.974873,0.1989671,0.1989671,0.000440924,0.1989671,4,36.6,2.9356,247,239.21,35.3,3.1,131
20.979556,-89.64372,30299901,4.61262,26.90763,0.7678698,0.7678698,0.001873929,0.7678698,3,49.1,1.8532,157,97.23,36,3.9,144.4
20.979556,-89.64372,30202101,1.269091,9.669803,4.836169,3.74455,111.2194,0.2638932,3,14.9,2.1976,82.2,246.46,65,15.6,209.2
20.979556,-89.64372,33000101,0.151678,1.252336,0.7111008,0.5156611,15.15193,0.03141586,4,36.6,2.9356,247,239.21,35.3,3.1,131
20.979556,-89.64372,33000101,0.2442721,0.9784113,0.09468852,0.09270436,2.30383,0.05081654,4,36.6,2.9356,247,239.21,35.3,3.1,131
20.979556,-89.64372,33000101,0.2078959,0.8329062,0.08057894,0.07826408,1.961342,0.04321059,4,36.6,2.9356,247,239.21,35.3,3.1,131
20.979556,-89.64372,30701201,0.1587328,1.442925,0.8771089,0.6331674,18.93991,0.03251817,4,48.4,2.5912,99.6,61.92,11.7,3.6,140.2
20.979556,-89.64372,30501601,3.862498,42.48748,245.5398,172.3558,69.13088,0.8031438,4,91.8,1.968,266,112.74,37.1,0.8,104.8
20.979556,-89.64372,30501601,4.961502,52.47166,421.6133,406.4755,81.51061,1.623925,4,91.8,1.968,266,112.74,37.1,0.8,104.8
21.045277,-89.62972,30400701,1.967625,21.64388,42.91484,39.2447,234.777,0.4091778,3,39.3,2.6896,158,190.83,33.6,7.7,173.6
21.145155,-89.28163,33000101,2.093619,12.21305,0.3485507,0.3485507,0.000881849,0.3485507,4,36.6,2.9356,247,239.21,35.3,3.1,131
21.229609,-89.66944,40400101,0.02050298,0.0956365,0.005952479,0.005842248,0.006172942,1125.198,7,10.4,0.5248,68,0.59,2.7,0,31.1
20.845911,-89.76593,30202101,0.8627788,7.820897,4.752063,3.432707,102.5916,0.179346,3,14.9,2.1976,82.2,246.46,65,15.6,209.2
20.845911,-89.76593,30203801,0.44357,3.544481,1.86015,1.351103,39.45832,0.09005881,4,38.7,2.0008,170,78.74,25,2.9,128.3
20.845911,-89.76593,40400101,0.01543235,0.07176045,0.004409244,0.004299013,0.004629706,668.7378,7,10.4,0.5248,68,0.59,2.7,0,31.1
20.718055,-88.26916,10100404,29.54811,322.6689,148.6978,108.2648,3229.029,7.177748,3,223,7.2324,302,2425.5,59,8.9,237.5
20.718055,-88.26916,10100404,29.54811,322.6689,148.6978,108.2648,3229.029,7.177748,3,223,7.2324,302,2425.5,59,8.9,237.5
20.718055,-88.26916,10100401,68.94559,752.8941,346.9615,252.6179,7534.402,16.74808,2,124,17.056,316,17236.36,75.4,136.6,459.6
20.718055,-88.26916,10100401,68.94559,752.8941,346.9615,252.6179,7534.402,16.74808,2,124,17.056,316,17236.36,75.4,136.6,459.6
23.238826,-102.996,30302401,1.193803,4.775211,150.5693,108.1098,10.1712,0.06016766,3,40.2,3.2144,108,615.66,75.9,34.2,278
22.761111,-102.45,30302401,84.08347,76.28588,1.99058,1.435015,0.009168406,0.01422246,3,40.2,3.2144,108,615.66,75.9,34.2,278
22.772682,-102.3936,40400101,,,,,,51.42722,7,10.4,0.5248,68,0.59,2.7,0,31.1
22.98613,-102.502,30501601,,,2.166041,0.7942151,,,4,91.8,1.968,266,112.74,37.1,0.8,104.8
23.598333,-103.7347,30302401,2.368866,625.8437,238.1629,85.05371,4.508761,0.02316011,3,40.2,3.2144,108,615.66,75.9,34.2,278
23.652222,-103.7547,30302401,0.03306933,0.1322773,138.3674,99.44849,0.2817507,0.003676207,3,40.2,3.2144,108,615.66,75.9,34.2,278
22.841699,-102.4866,30302401,0.1320657,0.5381042,8.809564,6.320237,1.081923,0.00719377,3,40.2,3.2144,108,615.66,75.9,34.2,278
22.891666,-102.4291,30302401,0.00880967,0.03523868,15.02847,10.80088,5.377174,0.000979342,3,40.2,3.2144,108,615.66,75.9,34.2,278