ORA2,RADM-2, Emissions
         909 ,2005-03-16_00:00:00,SAT
   47145   3  0.00000E+00  0.00000E+00  0.00000E+00  0.00000E+00  0.00000E+00  0.00000E+00  0.00000E+00  0.00000E+00  0.00000E+00  0.00000E+00  0.00000E+00  0.00000E+00  0.00000E+00  0.00000E+00  0.00000E+00  0.00000E+00  0.00000E+00  0.00000E+00  0.00000E+00  0.00000E+00  0.00000E+00  0.00000E+00  0.00000E+00  0.00000E+00
   46441   2  0.00000E+00  0.00000E+00  0.00000E+00  0.00000E+00  0.00000E+00  0.00000E+00  0.00000E+00  0.00000E+00  0.00000E+00  0.00000E+00  0.00000E+00  0.00000E+00  0.00000E+00  0.00000E+00  0.00000E+00  0.00000E+00  0.00000E+00  0.00000E+00  0.00000E+00  0.00000E+00  0.00000E+00  0.00000E+00  0.00000E+00  0.00000E+00
   46441   3  0.00000E+00  0.00000E+00  0.00000E+00  0.00000E+00  0.00000E+00  0.00000E+00  0.00000E+00  0.00000E+00  0.00000E+00  0.00000E+00  0.00000E+00  0.00000E+00  0.00000E+00  0.00000E+00  0.00000E+00  0.00000E+00  0.00000E+00  0.00000E+00  0.00000E+00  0.00000E+00  0.00000E+00  0.00000E+00  0.00000E+00  0.00000E+00
   76270   4  4.08665E+01  4.08665E+01  4.08665E+01  4.08665E+01  4.08665E+01  4.08665E+01  4.08665E+01  4.08665E+01  4.08665E+01  4.08665E+01  4.08665E+01  4.08665E+01  4.08665E+01  4.08665E+01  4.08665E+01  4.08665E+01  4.08665E+01  4.08665E+01  4.08665E+01  4.08665E+01  4.08665E+01  4.08665E+01  4.08665E+01  4.08665E+01
   76270   3  0.00000E+00  0.00000E+00  0.00000E+00  0.00000E+00  0.00000E+00  0.00000E+00  0.00000E+00  0.00000E+00  0.00000E+00  0.00000E+00  0.00000E+00  0.00000E+00  0.00000E+00  0.00000E+00  0.00000E+00  0.00000E+00  0.00000E+00  0.00000E+00  0.00000E+00  0.00000E+00  0.00000E+00  0.00000E+00  0.00000E+00  0.00000E+00
   76270   7  0.00000E+00  0.00000E+00  0.00000E+00  0.00000E+00  0.00000E+00  0.00000E+00  0.00000E+00  0.00000E+00  0.00000E+00  0.00000E+00  0.00000E+00  0.00000E+00  0.00000E+00  0.00000E+00  0.00000E+00  0.00000E+00  0.00000E+00  0.00000E+00  0.00000E+00  0.00000E+00  0.00000E+00  0.00000E+00  0.00000E+00  0.00000E+00
   79107   3  1.12215E-04  1.12215E-04  1.12215E-04  1.12215E-04  1.12215E-04  1.12215E-04  1.12215E-04  1.12215E-04  1.12215E-04  1.12215E-04  1.12215E-04  1.12215E-04  1.12215E-04  1.12215E-04  1.12215E-04  1.12215E-04  1.12215E-04  1.12215E-04  1.12215E-04  1.12215E-04  1.12215E-04  1.12215E-04  1.12215E-04  1.12215E-04
   79108   3  0.00000E+00  0.00000E+00  0.00000E+00  0.00000E+00  0.00000E+00  0.00000E+00  0.00000E+00  0.00000E+00  0.00000E+00  0.00000E+00  0.00000E+00  0.00000E+00  0.00000E+00  0.00000E+00  0.00000E+00  0.00000E+00  0.00000E+00  0.00000E+00  0.00000E+00  0.00000E+00  0.00000E+00  0.00000E+00  0.00000E+00  0.00000E+00
   72399   3  6.28271E-04  6.28271E-04  6.28271E-04  6.28271E-04  6.28271E-04  6.28271E-04  6.28271E-04  6.28271E-04  6.28271E-04  6.28271E-04  6.28271E-04  6.28271E-04  6.28271E-04  6.28271E-04  6.28271E-04  6.28271E-04  6.28271E-04  6.28271E-04  6.28271E-04  6.28271E-04  6.28271E-04  6.28271E-04  6.28271E-04  6.28271E-04
   79107   4  1.43052E-01  1.43052E-01  1.43052E-01  1.43052E-01  1.43052E-01  1.43052E-01  1.43052E-01  1.43052E-01  1.43052E-01  1.43052E-01  1.43052E-01  1.43052E-01  1.43052E-01  1.43052E-01  1.43052E-01  1.43052E-01  1.43052E-01  1.43052E-01  1.43052E-01  1.43052E-01  1.43052E-01  1.43052E-01  1.43052E-01  1.43052E-01
   79106   4  2.20039E-01  2.20039E-01  2.20039E-01  2.20039E-01  2.20039E-01  2.20039E-01  2.20039E-01  2.20039E-01  2.20039E-01  2.20039E-01  2.20039E-01  2.20039E-01  2.20039E-01  2.20039E-01  2.20039E-01  2.20039E-01  2.20039E-01  2.20039E-01  2.20039E-01  2.20039E-01  2.20039E-01  2.20039E-01  2.20039E-01  2.20039E-01
   78754   3  0.00000E+00  0.00000E+00  0.00000E+00  0.00000E+00  0.00000E+00  0.00000E+00  0.00000E+00  0.00000E+00  0.00000E+00  0.00000E+00  0.00000E+00  0.00000E+00  0.00000E+00  0.00000E+00  0.00000E+00  0.00000E+00  0.00000E+00  0.00000E+00  0.00000E+00  0.00000E+00  0.00000E+00  0.00000E+00  0.00000E+00  0.00000E+00
   78754   4  0.00000E+00  0.00000E+00  0.00000E+00  0.00000E+00  0.00000E+00  0.00000E+00  0.00000E+00  0.00000E+00  0.00000E+00  0.00000E+00  0.00000E+00  0.00000E+00  0.00000E+00  0.00000E+00  0.00000E+00  0.00000E+00  0.00000E+00  0.00000E+00  0.00000E+00  0.00000E+00  0.00000E+00  0.00000E+00  0.00000E+00  0.00000E+00
   78755   3  0.00000E+00  0.00000E+00  0.00000E+00  0.00000E+00  0.00000E+00  0.00000E+00  0.00000E+00  0.00000E+00  0.00000E+00  0.00000E+00  0.00000E+00  0.00000E+00  0.00000E+00  0.00000E+00  0.00000E+00  0.00000E+00  0.00000E+00  0.00000E+00  0.00000E+00  0.00000E+00  0.00000E+00  0.00000E+00  0.00000E+00  0.00000E+00
   79107   7  0.00000E+00  0.00000E+00  0.00000E+00  0.00000E+00  0.00000E+00  0.00000E+00  0.00000E+00  0.00000E+00  0.00000E+00  0.00000E+00  0.00000E+00  0.00000E+00  0.00000E+00  0.00000E+00  0.00000E+00  2.39524E+00  2.39524E+00  2.39524E+00  2.39524E+00  2.39524E+00  2.39524E+00  2.39524E+00  2.39524E+00  0.00000E+00
   78738   4  0.00000E+00  0.00000E+00  0.00000E+00  0.00000E+00  0.00000E+00  0.00000E+00  0.00000E+00  0.00000E+00  0.00000E+00  0.00000E+00  0.00000E+00  0.00000E+00  0.00000E+00  0.00000E+00  0.00000E+00  0.00000E+00  0.00000E+00  0.00000E+00  0.00000E+00  0.00000E+00  0.00000E+00  0.00000E+00  0.00000E+00  0.00000E+00
   78383   3  0.00000E+00  0.00000E+00  0.00000E+00  0.00000E+00  0.00000E+00  0.00000E+00  0.00000E+00  0.00000E+00  0.00000E+00  0.00000E+00  0.00000E+00  0.00000E+00  0.00000E+00  0.00000E+00  0.00000E+00  0.00000E+00  0.00000E+00  0.00000E+00  0.00000E+00  0.00000E+00  0.00000E+00  0.00000E+00  0.00000E+00  0.00000E+00
   78383   2  0.00000E+00  0.00000E+00  0.00000E+00  0.00000E+00  0.00000E+00  0.00000E+00  0.00000E+00  0.00000E+00  0.00000E+00  0.00000E+00  0.00000E+00  0.00000E+00  0.00000E+00  0.00000E+00  0.00000E+00  0.00000E+00  0.00000E+00  0.00000E+00  0.00000E+00  0.00000E+00  0.00000E+00  0.00000E+00  0.00000E+00  0.00000E+00
   78383   6  0.00000E+00  0.00000E+00  0.00000E+00  0.00000E+00  0.00000E+00  0.00000E+00  0.00000E+00  0.00000E+00  0.00000E+00  0.00000E+00  0.00000E+00  0.00000E+00  0.00000E+00  0.00000E+00  0.00000E+00  0.00000E+00  0.00000E+00  0.00000E+00  0.00000E+00  0.00000E+00  0.00000E+00  0.00000E+00  0.00000E+00  0.00000E+00
   78032   5  0.00000E+00  0.00000E+00  0.00000E+00  0.00000E+00  0.00000E+00  0.00000E+00  0.00000E+00  0.00000E+00  0.00000E+00  0.00000E+00  0.00000E+00  0.00000E+00  0.00000E+00  0.00000E+00  0.00000E+00  0.00000E+00  0.00000E+00  0.00000E+00  0.00000E+00  0.00000E+00  0.00000E+00  0.00000E+00  0.00000E+00  0.00000E+00
   51367   3  8.27215E-04  8.27215E-04  8.27215E-04  8.27215E-04  8.27215E-04  8.27215E-04  8.27215E-04  8.27215E-04  8.27215E-04  8.27215E-04  8.27215E-04  8.27215E-04  8.27215E-04  8.27215E-04  8.27215E-04  8.27215E-04  8.27215E-04  8.27215E-04  8.27215E-04  8.27215E-04  8.27215E-04  8.27215E-04  8.27215E-04  8.27215E-04
   52419   3  0.00000E+00  0.00000E+00  0.00000E+00  0.00000E+00  0.00000E+00  0.00000E+00  0.00000E+00  0.00000E+00  0.00000E+00  0.00000E+00  0.00000E+00  0.00000E+00  0.00000E+00  0.00000E+00  0.00000E+00  0.00000E+00  0.00000E+00  0.00000E+00  0.00000E+00  0.00000E+00  0.00000E+00  0.00000E+00  0.00000E+00  0.00000E+00
   47111   3  0.00000E+00  0.00000E+00  0.00000E+00  0.00000E+00  0.00000E+00  0.00000E+00  0.00000E+00  0.00000E+00  0.00000E+00  0.00000E+00  0.00000E+00  0.00000E+00  0.00000E+00  0.00000E+00  0.00000E+00  0.00000E+00  0.00000E+00  0.00000E+00  0.00000E+00  0.00000E+00  0.00000E+00  0.00000E+00  0.00000E+00  0.00000E+00
   52073   4  9.73194E-03  9.73194E-03  9.73194E-03  9.73194E-03  9.73194E-03  9.73194E-03  9.73194E-03  9.73194E-03  9.73194E-03  9.73194E-03  9.73194E-03  9.73194E-03  9.73194E-03  9.73194E-03  9.73194E-03  9.73194E-03  9.73194E-03  9.73194E-03  9.73194E-03  9.73194E-03  9.73194E-03  9.73194E-03  9.73194E-03  9.73194E-03
   52073   3  0.00000E+00  0.00000E+00  0.00000E+00  0.00000E+00  0.00000E+00  0.00000E+00  0.00000E+00  0.00000E+00  0.00000E+00  0.00000E+00  0.00000E+00  0.00000E+00  0.00000E+00  3.94212E-01  3.94212E-01  3.94212E-01  3.94212E-01  3.94212E-01  3.94212E-01  3.94212E-01  3.94212E-01  0.00000E+00  0.00000E+00  0.00000E+00
   52073   1  0.00000E+00  0.00000E+00  0.00000E+00  0.00000E+00  0.00000E+00  0.00000E+00  0.00000E+00  0.00000E+00  0.00000E+00  0.00000E+00  0.00000E+00  0.00000E+00  0.00000E+00  0.00000E+00  0.00000E+00  0.00000E+00  0.00000E+00  0.00000E+00  0.00000E+00  0.00000E+00  0.00000E+00  0.00000E+00  0.00000E+00  0.00000E+00
   52073   2  1.20856E+01  1.20856E+01  1.20856E+01  1.20856E+01  1.20856E+01  1.20856E+01  1.20856E+01  1.20856E+01  1.20856E+01  1.20856E+01  1.20856E+01  1.20856E+01  1.20856E+01  1.20856E+01  1.20856E+01  1.20856E+01  1.20856E+01  1.20856E+01  1.20856E+01  1.20856E+01  1.20856E+01  1.20856E+01  1.20856E+01  1.20856E+01
   52076   7  0.00000E+00  0.00000E+00  0.00000E+00  0.00000E+00  0.00000E+00  0.00000E+00  0.00000E+00  0.00000E+00  0.00000E+00  0.00000E+00  0.00000E+00  0.00000E+00  0.00000E+00  0.00000E+00  0.00000E+00  0.00000E+00  0.00000E+00  0.00000E+00  0.00000E+00  0.00000E+00  0.00000E+00  0.00000E+00  0.00000E+00  0.00000E+00
   56308   3  0.00000E+00  0.00000E+00  0.00000E+00  0.00000E+00  0.00000E+00  0.00000E+00  0.00000E+00  0.00000E+00  0.00000E+00  0.00000E+00  0.00000E+00  0.00000E+00  0.00000E+00  0.00000E+00  0.00000E+00  0.00000E+00  0.00000E+00  0.00000E+00  0.00000E+00  0.00000E+00  0.00000E+00  0.00000E+00  0.00000E+00  0.00000E+00
   57719   2  5.61076E-05  5.61076E-05  5.61076E-05  5.61076E-05  5.61076E-05  5.61076E-05  5.61076E-05  5.61076E-05  5.61076E-05  5.61076E-05  5.61076E-05  5.61076E-05  5.61076E-05  5.61076E-05  5.61076E-05  5.61076E-05  5.61076E-05  5.61076E-05  5.61076E-05  5.61076E-05  5.61076E-05  5.61076E-05  5.61076E-05  5.61076E-05
   58787   3  0.00000E+00  0.00000E+00  0.00000E+00  0.00000E+00  0.00000E+00  0.00000E+00  0.00000E+00  0.00000E+00  0.00000E+00  0.00000E+00  0.00000E+00  0.00000E+00  0.00000E+00  0.00000E+00  0.00000E+00  0.00000E+00  0.00000E+00  0.00000E+00  0.00000E+00  0.00000E+00  0.00000E+00  0.00000E+00  0.00000E+00  0.00000E+00
   58787   2  0.00000E+00  0.00000E+00  0.00000E+00  0.00000E+00  0.00000E+00  0.00000E+00  0.00000E+00  0.00000E+00  0.00000E+00  0.00000E+00  0.00000E+00  0.00000E+00  0.00000E+00  0.00000E+00  0.00000E+00  0.00000E+00  0.00000E+00  0.00000E+00  0.00000E+00  0.00000E+00  0.00000E+00  0.00000E+00  0.00000E+00  0.00000E+00
   52405   4  0.00000E+00  0.00000E+00  0.00000E+00  0.00000E+00  0.00000E+00  0.00000E+00  0.00000E+00  0.00000E+00  0.00000E+00  0.00000E+00  0.00000E+00  0.00000E+00  0.00000E+00  0.00000E+00  0.00000E+00  0.00000E+00  0.00000E+00  0.00000E+00  0.00000E+00  0.00000E+00  0.00000E+00  0.00000E+00  0.00000E+00  0.00000E+00
   53828   3  0.00000E+00  0.00000E+00  0.00000E+00  0.00000E+00  0.00000E+00  0.00000E+00  0.00000E+00  0.00000E+00  0.00000E+00  0.00000E+00  0.00000E+00  0.00000E+00  0.00000E+00  0.00000E+00  0.00000E+00  0.00000E+00  0.00000E+00  0.00000E+00  0.00000E+00  0.00000E+00  0.00000E+00  0.00000E+00  0.00000E+00  0.00000E+00
   59849   3  1.92449E-02  1.92449E-02  1.92449E-02  1.92449E-02  1.92449E-02  1.92449E-02  1.92449E-02  1.92449E-02  1.92449E-02  1.92449E-02  1.92449E-02  1.92449E-02  1.92449E-02  1.92449E-02  1.92449E-02  1.92449E-02  1.92449E-02  1.92449E-02  1.92449E-02  1.92449E-02  1.92449E-02  1.92449E-02  1.92449E-02  1.92449E-02
   59849   4  8.54951E-02  8.54951E-02  8.54951E-02  8.54951E-02  8.54951E-02  8.54951E-02  8.54951E-02  8.54951E-02  8.54951E-02  8.54951E-02  8.54951E-02  8.54951E-02  8.54951E-02  8.54951E-02  8.54951E-02  8.54951E-02  8.54951E-02  8.54951E-02  8.54951E-02  8.54951E-02  8.54951E-02  8.54951E-02  8.54951E-02  8.54951E-02
   46431   3  0.00000E+00  0.00000E+00  0.00000E+00  0.00000E+00  0.00000E+00  0.00000E+00  0.00000E+00  0.00000E+00  0.00000E+00  0.00000E+00  0.00000E+00  0.00000E+00  0.00000E+00  0.00000E+00  0.00000E+00  0.00000E+00  0.00000E+00  0.00000E+00  0.00000E+00  0.00000E+00  0.00000E+00  0.00000E+00  0.00000E+00  0.00000E+00
   46078   4  3.27723E-02  3.27723E-02  3.27723E-02  3.27723E-02  3.27723E-02  3.27723E-02  3.27723E-02  3.27723E-02  3.27723E-02  3.27723E-02  3.27723E-02  3.27723E-02  3.27723E-02  3.27723E-02  3.27723E-02  3.27723E-02  3.27723E-02  3.27723E-02  3.27723E-02  3.27723E-02  3.27723E-02  3.27723E-02  3.27723E-02  3.27723E-02
   46078   3  0.00000E+00  0.00000E+00  0.00000E+00  0.00000E+00  0.00000E+00  0.00000E+00  0.00000E+00  0.00000E+00  0.00000E+00  0.00000E+00  0.00000E+00  0.00000E+00  0.00000E+00  0.00000E+00  0.00000E+00  0.00000E+00  0.00000E+00  0.00000E+00  0.00000E+00  0.00000E+00  0.00000E+00  0.00000E+00  0.00000E+00  0.00000E+00
   46078   7  0.00000E+00  0.00000E+00  0.00000E+00  0.00000E+00  0.00000E+00  0.00000E+00  0.00000E+00  0.00000E+00  0.00000E+00  0.00000E+00  0.00000E+00  0.00000E+00  0.00000E+00  6.42842E+00  6.42842E+00  6.42842E+00  6.42842E+00  6.42842E+00  6.42842E+00  6.42842E+00  6.42842E+00  0.00000E+00  0.00000E+00  0.00000E+00
   47835   2  5.21856E-01  5.21856E-01  5.21856E-01  5.21856E-01  5.21856E-01  5.21856E-01  5.21856E-01  5.21856E-01  5.21856E-01  5.21856E-01  5.21856E-01  5.21856E-01  5.21856E-01  5.21856E-01  5.21856E-01  5.21856E-01  5.21856E-01  5.21856E-01  5.21856E-01  5.21856E-01  5.21856E-01  5.21856E-01  5.21856E-01  5.21856E-01
   47835   8  0.00000E+00  0.00000E+00  0.00000E+00  0.00000E+00  0.00000E+00  0.00000E+00  0.00000E+00  0.00000E+00  0.00000E+00  0.00000E+00  0.00000E+00  0.00000E+00  0.00000E+00  0.00000E+00  0.00000E+00  0.00000E+00  0.00000E+00  0.00000E+00  0.00000E+00  0.00000E+00  0.00000E+00  0.00000E+00  0.00000E+00  0.00000E+00
   47835   3  9.39133E-03  9.39133E-03  9.39133E-03  9.39133E-03  9.39133E-03  9.39133E-03  9.39133E-03  9.39133E-03  9.39133E-03  9.39133E-03  9.39133E-03  9.39133E-03  9.39133E-03  9.39133E-03  9.39133E-03  9.39133E-03  9.39133E-03  9.39133E-03  9.39133E-03  9.39133E-03  9.39133E-03  9.39133E-03  9.39133E-03  9.39133E-03
   56665   7  0.00000E+00  0.00000E+00  0.00000E+00  0.00000E+00  0.00000E+00  0.00000E+00  0.00000E+00  0.00000E+00  0.00000E+00  0.00000E+00  0.00000E+00  0.00000E+00  0.00000E+00  0.00000E+00  0.00000E+00  0.00000E+00  0.00000E+00  0.00000E+00  0.00000E+00  0.00000E+00  0.00000E+00  0.00000E+00  0.00000E+00  0.00000E+00
   45724   4  8.38650E-02  8.38650E-02  8.38650E-02  8.38650E-02  8.38650E-02  8.38650E-02  8.38650E-02  8.38650E-02  8.38650E-02  8.38650E-02  8.38650E-02  8.38650E-02  8.38650E-02  8.38650E-02  8.38650E-02  8.38650E-02  8.38650E-02  8.38650E-02  8.38650E-02  8.38650E-02  8.38650E-02  8.38650E-02  8.38650E-02  8.38650E-02
   45724   3  0.00000E+00  0.00000E+00  0.00000E+00  0.00000E+00  0.00000E+00  0.00000E+00  0.00000E+00  0.00000E+00  0.00000E+00  0.00000E+00  0.00000E+00  0.00000E+00  0.00000E+00  0.00000E+00  0.00000E+00  0.00000E+00  0.00000E+00  0.00000E+00  0.00000E+00  0.00000E+00  0.00000E+00  0.00000E+00  0.00000E+00  0.00000E+00
   44664   7  0.00000E+00  0.00000E+00  0.00000E+00  0.00000E+00  0.00000E+00  0.00000E+00  0.00000E+00  0.00000E+00  0.00000E+00  0.00000E+00  0.00000E+00  0.00000E+00  0.00000E+00  4.64571E-02  4.64571E-02  4.64571E-02  4.64571E-02  4.64571E-02  4.64571E-02  4.64571E-02  4.64571E-02  0.00000E+00  0.00000E+00  0.00000E+00
   45724   7  0.00000E+00  0.00000E+00  0.00000E+00  0.00000E+00  0.00000E+00  0.00000E+00  0.00000E+00  0.00000E+00  0.00000E+00  0.00000E+00  0.00000E+00  0.00000E+00  0.00000E+00  0.00000E+00  0.00000E+00  0.00000E+00  0.00000E+00  0.00000E+00  0.00000E+00  0.00000E+00  0.00000E+00  0.00000E+00  0.00000E+00  0.00000E+00
   56311   3  0.00000E+00  0.00000E+00  0.00000E+00  0.00000E+00  0.00000E+00  0.00000E+00  0.00000E+00  0.00000E+00  0.00000E+00  0.00000E+00  0.00000E+00  0.00000E+00  0.00000E+00  0.00000E+00  0.00000E+00  0.00000E+00  0.00000E+00  0.00000E+00  0.00000E+00  0.00000E+00  0.00000E+00  0.00000E+00  0.00000E+00  0.00000E+00
   46050   3  2.28176E-01  2.28176E-01  2.28176E-01  2.28176E-01  2.28176E-01  2.28176E-01  2.28176E-01  2.28176E-01  2.28176E-01  2.28176E-01  2.28176E-01  2.28176E-01  2.28176E-01  2.28176E-01  2.28176E-01  2.28176E-01  2.28176E-01  2.28176E-01  2.28176E-01  2.28176E-01  2.28176E-01  2.28176E-01  2.28176E-01  2.28176E-01
   46050   4  4.94383E-02  4.94383E-02  4.94383E-02  4.94383E-02  4.94383E-02  4.94383E-02  4.94383E-02  4.94383E-02  4.94383E-02  4.94383E-02  4.94383E-02  4.94383E-02  4.94383E-02  4.94383E-02  4.94383E-02  4.94383E-02  4.94383E-02  4.94383E-02  4.94383E-02  4.94383E-02  4.94383E-02  4.94383E-02  4.94383E-02  4.94383E-02
   46050   2  0.00000E+00  0.00000E+00  0.00000E+00  0.00000E+00  0.00000E+00  0.00000E+00  0.00000E+00  0.00000E+00  0.00000E+00  0.00000E+00  0.00000E+00  0.00000E+00  0.00000E+00  0.00000E+00  0.00000E+00  0.00000E+00  0.00000E+00  0.00000E+00  0.00000E+00  0.00000E+00  0.00000E+00  0.00000E+00  0.00000E+00  0.00000E+00
   46051   4  0.00000E+00  0.00000E+00  0.00000E+00  0.00000E+00  0.00000E+00  0.00000E+00  0.00000E+00  0.00000E+00  0.00000E+00  0.00000E+00  0.00000E+00  0.00000E+00  0.00000E+00  0.00000E+00  0.00000E+00  0.00000E+00  0.00000E+00  0.00000E+00  0.00000E+00  0.00000E+00  0.00000E+00  0.00000E+00  0.00000E+00  0.00000E+00
   71070   3  0.00000E+00  0.00000E+00  0.00000E+00  0.00000E+00  0.00000E+00  0.00000E+00  0.00000E+00  0.00000E+00  0.00000E+00  0.00000E+00  0.00000E+00  0.00000E+00  0.00000E+00  0.00000E+00  0.00000E+00  0.00000E+00  0.00000E+00  0.00000E+00  0.00000E+00  0.00000E+00  0.00000E+00  0.00000E+00  0.00000E+00  0.00000E+00
   55562   4  0.00000E+00  0.00000E+00  0.00000E+00  0.00000E+00  0.00000E+00  0.00000E+00  0.00000E+00  0.00000E+00  0.00000E+00  0.00000E+00  0.00000E+00  0.00000E+00  0.00000E+00  0.00000E+00  0.00000E+00  0.00000E+00  0.00000E+00  0.00000E+00  0.00000E+00  0.00000E+00  0.00000E+00  0.00000E+00  0.00000E+00  0.00000E+00
   59075   4  0.00000E+00  0.00000E+00  0.00000E+00  0.00000E+00  0.00000E+00  0.00000E+00  0.00000E+00  0.00000E+00  0.00000E+00  0.00000E+00  0.00000E+00  0.00000E+00  0.00000E+00  0.00000E+00  0.00000E+00  0.00000E+00  0.00000E+00  0.00000E+00  0.00000E+00  0.00000E+00  0.00000E+00  0.00000E+00  0.00000E+00  0.00000E+00
   57669   3  0.00000E+00  0.00000E+00  0.00000E+00  0.00000E+00  0.00000E+00  0.00000E+00  0.00000E+00  0.00000E+00  0.00000E+00  0.00000E+00  0.00000E+00  0.00000E+00  0.00000E+00  0.00000E+00  0.00000E+00  0.00000E+00  0.00000E+00  0.00000E+00  0.00000E+00  0.00000E+00  0.00000E+00  0.00000E+00  0.00000E+00  0.00000E+00
   59789   3  4.48861E-04  4.48861E-04  4.48861E-04  4.48861E-04  4.48861E-04  4.48861E-04  4.48861E-04  4.48861E-04  4.48861E-04  4.48861E-04  4.48861E-04  4.48861E-04  4.48861E-04  4.48861E-04  4.48861E-04  4.48861E-04  4.48861E-04  4.48861E-04  4.48861E-04  4.48861E-04  4.48861E-04  4.48861E-04  4.48861E-04  4.48861E-04
   59789   4  7.99479E-02  7.99479E-02  7.99479E-02  7.99479E-02  7.99479E-02  7.99479E-02  7.99479E-02  7.99479E-02  7.99479E-02  7.99479E-02  7.99479E-02  7.99479E-02  7.99479E-02  7.99479E-02  7.99479E-02  7.99479E-02  7.99479E-02  7.99479E-02  7.99479E-02  7.99479E-02  7.99479E-02  7.99479E-02  7.99479E-02  7.99479E-02
   59437   5  0.00000E+00  0.00000E+00  0.00000E+00  0.00000E+00  0.00000E+00  0.00000E+00  0.00000E+00  0.00000E+00  0.00000E+00  0.00000E+00  0.00000E+00  0.00000E+00  0.00000E+00  0.00000E+00  0.00000E+00  0.00000E+00  0.00000E+00  0.00000E+00  0.00000E+00  0.00000E+00  0.00000E+00  0.00000E+00  0.00000E+00  0.00000E+00
   57677   2  0.00000E+00  0.00000E+00  0.00000E+00  0.00000E+00  0.00000E+00  0.00000E+00  0.00000E+00  0.00000E+00  0.00000E+00  0.00000E+00  0.00000E+00  0.00000E+00  0.00000E+00  0.00000E+00  0.00000E+00  0.00000E+00  0.00000E+00  0.00000E+00  0.00000E+00  0.00000E+00  0.00000E+00  0.00000E+00  0.00000E+00  0.00000E+00
   57677   4  0.00000E+00  0.00000E+00  0.00000E+00  0.00000E+00  0.00000E+00  0.00000E+00  0.00000E+00  0.00000E+00  0.00000E+00  0.00000E+00  0.00000E+00  0.00000E+00  0.00000E+00  0.00000E+00  0.00000E+00  0.00000E+00  0.00000E+00  0.00000E+00  0.00000E+00  0.00000E+00  0.00000E+00  0.00000E+00  0.00000E+00  0.00000E+00
   57677   3  0.00000E+00  0.00000E+00  0.00000E+00  0.00000E+00  0.00000E+00  0.00000E+00  0.00000E+00  0.00000E+00  0.00000E+00  0.00000E+00  0.00000E+00  0.00000E+00  0.00000E+00  0.00000E+00  0.00000E+00  0.00000E+00  0.00000E+00  0.00000E+00  0.00000E+00  0.00000E+00  0.00000E+00  0.00000E+00  0.00000E+00  0.00000E+00
   52380   7  0.00000E+00  0.00000E+00  0.00000E+00  0.00000E+00  0.00000E+00  0.00000E+00  0.00000E+00  0.00000E+00  0.00000E+00  0.00000E+00  0.00000E+00  0.00000E+00  0.00000E+00  0.00000E+00  0.00000E+00  0.00000E+00  0.00000E+00  0.00000E+00  0.00000E+00  0.00000E+00  0.00000E+00  0.00000E+00  0.00000E+00  0.00000E+00
   52380   3  0.00000E+00  0.00000E+00  0.00000E+00  0.00000E+00  0.00000E+00  0.00000E+00  0.00000E+00  0.00000E+00  0.00000E+00  0.00000E+00  0.00000E+00  0.00000E+00  0.00000E+00  0.00000E+00  0.00000E+00  0.00000E+00  0.00000E+00  0.00000E+00  0.00000E+00  0.00000E+00  0.00000E+00  0.00000E+00  0.00000E+00  0.00000E+00
   73199   3  5.64100E-04  5.64100E-04  5.64100E-04  5.64100E-04  5.64100E-04  5.64100E-04  5.64100E-04  5.64100E-04  5.64100E-04  5.64100E-04  5.64100E-04  5.64100E-04  5.64100E-04  5.64100E-04  5.64100E-04  5.64100E-04  5.64100E-04  5.64100E-04  5.64100E-04  5.64100E-04  5.64100E-04  5.64100E-04  5.64100E-04  5.64100E-04
   71434   3  0.00000E+00  0.00000E+00  0.00000E+00  0.00000E+00  0.00000E+00  0.00000E+00  0.00000E+00  0.00000E+00  0.00000E+00  0.00000E+00  0.00000E+00  0.00000E+00  0.00000E+00  0.00000E+00  0.00000E+00  0.00000E+00  0.00000E+00  0.00000E+00  0.00000E+00  0.00000E+00  0.00000E+00  0.00000E+00  0.00000E+00  0.00000E+00
   71434   2  1.87340E-01  1.87340E-01  1.87340E-01  1.87340E-01  1.87340E-01  1.87340E-01  1.87340E-01  1.87340E-01  1.87340E-01  1.87340E-01  1.87340E-01  1.87340E-01  1.87340E-01  1.87340E-01  1.87340E-01  1.87340E-01  1.87340E-01  1.87340E-01  1.87340E-01  1.87340E-01  1.87340E-01  1.87340E-01  1.87340E-01  1.87340E-01
   73199   2  0.00000E+00  0.00000E+00  0.00000E+00  0.00000E+00  0.00000E+00  0.00000E+00  0.00000E+00  0.00000E+00  0.00000E+00  0.00000E+00  0.00000E+00  0.00000E+00  0.00000E+00  0.00000E+00  0.00000E+00  0.00000E+00  0.00000E+00  0.00000E+00  0.00000E+00  0.00000E+00  0.00000E+00  0.00000E+00  0.00000E+00  0.00000E+00
   73199   4  4.54307E+00  4.54307E+00  4.54307E+00  4.54307E+00  4.54307E+00  4.54307E+00  4.54307E+00  4.54307E+00  4.54307E+00  4.54307E+00  4.54307E+00  4.54307E+00  4.54307E+00  4.54307E+00  4.54307E+00  4.54307E+00  4.54307E+00  4.54307E+00  4.54307E+00  4.54307E+00  4.54307E+00  4.54307E+00  4.54307E+00  4.54307E+00
   72847   4  4.52535E-02  4.52535E-02  4.52535E-02  4.52535E-02  4.52535E-02  4.52535E-02  4.52535E-02  4.52535E-02  4.52535E-02  4.52535E-02  4.52535E-02  4.52535E-02  4.52535E-02  4.52535E-02  4.52535E-02  4.52535E-02  4.52535E-02  4.52535E-02  4.52535E-02  4.52535E-02  4.52535E-02  4.52535E-02  4.52535E-02  4.52535E-02
   72846   3  0.00000E+00  0.00000E+00  0.00000E+00  0.00000E+00  0.00000E+00  0.00000E+00  0.00000E+00  0.00000E+00  0.00000E+00  0.00000E+00  0.00000E+00  0.00000E+00  0.00000E+00  0.00000E+00  3.13262E-02  3.13262E-02  3.13262E-02  3.13262E-02  3.13262E-02  3.13262E-02  3.13262E-02  3.13262E-02  0.00000E+00  0.00000E+00
   72846   4  0.00000E+00  0.00000E+00  0.00000E+00  0.00000E+00  0.00000E+00  0.00000E+00  0.00000E+00  0.00000E+00  0.00000E+00  0.00000E+00  0.00000E+00  0.00000E+00  0.00000E+00  0.00000E+00  0.00000E+00  0.00000E+00  0.00000E+00  0.00000E+00  0.00000E+00  0.00000E+00  0.00000E+00  0.00000E+00  0.00000E+00  0.00000E+00
   73200   4  1.53083E+00  1.53083E+00  1.53083E+00  1.53083E+00  1.53083E+00  1.53083E+00  1.53083E+00  1.53083E+00  1.53083E+00  1.53083E+00  1.53083E+00  1.53083E+00  1.53083E+00  1.53083E+00  1.53083E+00  1.53083E+00  1.53083E+00  1.53083E+00  1.53083E+00  1.53083E+00  1.53083E+00  1.53083E+00  1.53083E+00  1.53083E+00
   72845   4  9.17236E-02  9.17236E-02  9.17236E-02  9.17236E-02  9.17236E-02  9.17236E-02  9.17236E-02  9.17236E-02  9.17236E-02  9.17236E-02  9.17236E-02  9.17236E-02  9.17236E-02  9.17236E-02  9.17236E-02  9.17236E-02  9.17236E-02  9.17236E-02  9.17236E-02  9.17236E-02  9.17236E-02  9.17236E-02  9.17236E-02  9.17236E-02
   72139   7  0.00000E+00  0.00000E+00  0.00000E+00  0.00000E+00  0.00000E+00  0.00000E+00  0.00000E+00  0.00000E+00  0.00000E+00  0.00000E+00  0.00000E+00  0.00000E+00  0.00000E+00  0.00000E+00  0.00000E+00  0.00000E+00  0.00000E+00  0.00000E+00  0.00000E+00  0.00000E+00  0.00000E+00  0.00000E+00  0.00000E+00  0.00000E+00
   57997   3  2.85578E-04  2.85578E-04  2.85578E-04  2.85578E-04  2.85578E-04  2.85578E-04  2.85578E-04  2.85578E-04  2.85578E-04  2.85578E-04  2.85578E-04  2.85578E-04  2.85578E-04  2.85578E-04  2.85578E-04  2.85578E-04  2.85578E-04  2.85578E-04  2.85578E-04  2.85578E-04  2.85578E-04  2.85578E-04  2.85578E-04  2.85578E-04
   51672   3  0.00000E+00  0.00000E+00  0.00000E+00  0.00000E+00  0.00000E+00  0.00000E+00  0.00000E+00  0.00000E+00  0.00000E+00  0.00000E+00  0.00000E+00  0.00000E+00  0.00000E+00  0.00000E+00  0.00000E+00  0.00000E+00  0.00000E+00  0.00000E+00  0.00000E+00  0.00000E+00  0.00000E+00  0.00000E+00  0.00000E+00  0.00000E+00
   56265   3  1.71347E-04  1.71347E-04  1.71347E-04  1.71347E-04  1.71347E-04  1.71347E-04  1.71347E-04  1.71347E-04  1.71347E-04  1.71347E-04  1.71347E-04  1.71347E-04  1.71347E-04  1.71347E-04  1.71347E-04  1.71347E-04  1.71347E-04  1.71347E-04  1.71347E-04  1.71347E-04  1.71347E-04  1.71347E-04  1.71347E-04  1.71347E-04
   46793   2  0.00000E+00  0.00000E+00  0.00000E+00  0.00000E+00  0.00000E+00  0.00000E+00  0.00000E+00  0.00000E+00  0.00000E+00  0.00000E+00  0.00000E+00  0.00000E+00  0.00000E+00  0.00000E+00  0.00000E+00  0.00000E+00  0.00000E+00  0.00000E+00  0.00000E+00  0.00000E+00  0.00000E+00  0.00000E+00  0.00000E+00  0.00000E+00
   47145   7  0.00000E+00  0.00000E+00  0.00000E+00  0.00000E+00  0.00000E+00  0.00000E+00  0.00000E+00  0.00000E+00  0.00000E+00  0.00000E+00  0.00000E+00  0.00000E+00  0.00000E+00  0.00000E+00  0.00000E+00  0.00000E+00  0.00000E+00  0.00000E+00  0.00000E+00  0.00000E+00  0.00000E+00  0.00000E+00  0.00000E+00  0.00000E+00
   47145   4  0.00000E+00  0.00000E+00  0.00000E+00  0.00000E+00  0.00000E+00  0.00000E+00  0.00000E+00  0.00000E+00  0.00000E+00  0.00000E+00  0.00000E+00  0.00000E+00  0.00000E+00  0.00000E+00  0.00000E+00  0.00000E+00  0.00000E+00  0.00000E+00  0.00000E+00  0.00000E+00  0.00000E+00  0.00000E+00  0.00000E+00  0.00000E+00
   46441   1  0.00000E+00  0.00000E+00  0.00000E+00  0.00000E+00  0.00000E+00  0.00000E+00  0.00000E+00  0.00000E+00  0.00000E+00  0.00000E+00  0.00000E+00  0.00000E+00  0.00000E+00  0.00000E+00  0.00000E+00  0.00000E+00  0.00000E+00  0.00000E+00  0.00000E+00  0.00000E+00  0.00000E+00  0.00000E+00  0.00000E+00  0.00000E+00
   46089   7  0.00000E+00  0.00000E+00  0.00000E+00  0.00000E+00  0.00000E+00  0.00000E+00  0.00000E+00  0.00000E+00  0.00000E+00  0.00000E+00  0.00000E+00  0.00000E+00  0.00000E+00  0.00000E+00  0.00000E+00  0.00000E+00  0.00000E+00  0.00000E+00  0.00000E+00  0.00000E+00  0.00000E+00  0.00000E+00  0.00000E+00  0.00000E+00
   47851   4  1.11917E-03  1.11917E-03  1.11917E-03  1.11917E-03  1.11917E-03  1.11917E-03  1.11917E-03  1.11917E-03  1.11917E-03  1.11917E-03  1.11917E-03  1.11917E-03  1.11917E-03  1.11917E-03  1.11917E-03  1.11917E-03  1.11917E-03  1.11917E-03  1.11917E-03  1.11917E-03  1.11917E-03  1.11917E-03  1.11917E-03  1.11917E-03
   47851   3  0.00000E+00  0.00000E+00  0.00000E+00  0.00000E+00  0.00000E+00  0.00000E+00  0.00000E+00  0.00000E+00  0.00000E+00  0.00000E+00  0.00000E+00  0.00000E+00  0.00000E+00  0.00000E+00  0.00000E+00  0.00000E+00  0.00000E+00  0.00000E+00  0.00000E+00  0.00000E+00  0.00000E+00  0.00000E+00  0.00000E+00  0.00000E+00
   47493   3  0.00000E+00  0.00000E+00  0.00000E+00  0.00000E+00  0.00000E+00  0.00000E+00  0.00000E+00  0.00000E+00  0.00000E+00  0.00000E+00  0.00000E+00  0.00000E+00  0.00000E+00  3.53478E-03  3.53478E-03  3.53478E-03  3.53478E-03  3.53478E-03  3.53478E-03  3.53478E-03  3.53478E-03  0.00000E+00  0.00000E+00  0.00000E+00
   47493   4  0.00000E+00  0.00000E+00  0.00000E+00  0.00000E+00  0.00000E+00  0.00000E+00  0.00000E+00  0.00000E+00  0.00000E+00  0.00000E+00  0.00000E+00  0.00000E+00  0.00000E+00  0.00000E+00  0.00000E+00  0.00000E+00  0.00000E+00  0.00000E+00  0.00000E+00  0.00000E+00  0.00000E+00  0.00000E+00  0.00000E+00  0.00000E+00
   47141   4  0.00000E+00  0.00000E+00  0.00000E+00  0.00000E+00  0.00000E+00  0.00000E+00  0.00000E+00  0.00000E+00  0.00000E+00  0.00000E+00  0.00000E+00  0.00000E+00  0.00000E+00  0.00000E+00  0.00000E+00  0.00000E+00  0.00000E+00  0.00000E+00  0.00000E+00  0.00000E+00  0.00000E+00  0.00000E+00  0.00000E+00  0.00000E+00
   47142   4  0.00000E+00  0.00000E+00  0.00000E+00  0.00000E+00  0.00000E+00  0.00000E+00  0.00000E+00  0.00000E+00  0.00000E+00  0.00000E+00  0.00000E+00  0.00000E+00  0.00000E+00  0.00000E+00  0.00000E+00  0.00000E+00  0.00000E+00  0.00000E+00  0.00000E+00  0.00000E+00  0.00000E+00  0.00000E+00  0.00000E+00  0.00000E+00
   47141   3  0.00000E+00  0.00000E+00  0.00000E+00  0.00000E+00  0.00000E+00  0.00000E+00  0.00000E+00  0.00000E+00  0.00000E+00  0.00000E+00  0.00000E+00  0.00000E+00  0.00000E+00  0.00000E+00  0.00000E+00  0.00000E+00  0.00000E+00  0.00000E+00  0.00000E+00  0.00000E+00  0.00000E+00  0.00000E+00  0.00000E+00  0.00000E+00
   47494   3  0.00000E+00  0.00000E+00  0.00000E+00  0.00000E+00  0.00000E+00  0.00000E+00  0.00000E+00  0.00000E+00  0.00000E+00  0.00000E+00  0.00000E+00  0.00000E+00  0.00000E+00  0.00000E+00  0.00000E+00  0.00000E+00  0.00000E+00  0.00000E+00  0.00000E+00  0.00000E+00  0.00000E+00  0.00000E+00  0.00000E+00  0.00000E+00
   46790   4  4.09455E-02  4.09455E-02  4.09455E-02  4.09455E-02  4.09455E-02  4.09455E-02  4.09455E-02  4.09455E-02  4.09455E-02  4.09455E-02  4.09455E-02  4.09455E-02  4.09455E-02  4.09455E-02  4.09455E-02  4.09455E-02  4.09455E-02  4.09455E-02  4.09455E-02  4.09455E-02  4.09455E-02  4.09455E-02  4.09455E-02  4.09455E-02
   46790   3  0.00000E+00  0.00000E+00  0.00000E+00  0.00000E+00  0.00000E+00  0.00000E+00  0.00000E+00  0.00000E+00  0.00000E+00  0.00000E+00  0.00000E+00  0.00000E+00  0.00000E+00  0.00000E+00  0.00000E+00  0.00000E+00  0.00000E+00  0.00000E+00  0.00000E+00  0.00000E+00  0.00000E+00  0.00000E+00  0.00000E+00  0.00000E+00
   47143   4  0.00000E+00  0.00000E+00  0.00000E+00  0.00000E+00  0.00000E+00  0.00000E+00  0.00000E+00  0.00000E+00  0.00000E+00  0.00000E+00  0.00000E+00  0.00000E+00  0.00000E+00  0.00000E+00  0.00000E+00  0.00000E+00  0.00000E+00  0.00000E+00  0.00000E+00  0.00000E+00  0.00000E+00  0.00000E+00  0.00000E+00  0.00000E+00
   47497   7  0.00000E+00  0.00000E+00  0.00000E+00  0.00000E+00  0.00000E+00  0.00000E+00  0.00000E+00  0.00000E+00  0.00000E+00  0.00000E+00  0.00000E+00  0.00000E+00  0.00000E+00  6.43330E-01  6.43330E-01  6.43330E-01  6.43330E-01  6.43330E-01  6.43330E-01  6.43330E-01  6.43330E-01  0.00000E+00  0.00000E+00  0.00000E+00
   47143   3  0.00000E+00  0.00000E+00  0.00000E+00  0.00000E+00  0.00000E+00  0.00000E+00  0.00000E+00  0.00000E+00  0.00000E+00  0.00000E+00  0.00000E+00  0.00000E+00  0.00000E+00  0.00000E+00  0.00000E+00  0.00000E+00  0.00000E+00  0.00000E+00  0.00000E+00  0.00000E+00  0.00000E+00  0.00000E+00  0.00000E+00  0.00000E+00
   46792   4  0.00000E+00  0.00000E+00  0.00000E+00  0.00000E+00  0.00000E+00  0.00000E+00  0.00000E+00  0.00000E+00  0.00000E+00  0.00000E+00  0.00000E+00  0.00000E+00  0.00000E+00  0.00000E+00  0.00000E+00  0.00000E+00  0.00000E+00  0.00000E+00  0.00000E+00  0.00000E+00  0.00000E+00  0.00000E+00  0.00000E+00  0.00000E+00
   46792   3  0.00000E+00  0.00000E+00  0.00000E+00  0.00000E+00  0.00000E+00  0.00000E+00  0.00000E+00  0.00000E+00  0.00000E+00  0.00000E+00  0.00000E+00  0.00000E+00  0.00000E+00  0.00000E+00  0.00000E+00  0.00000E+00  0.00000E+00  0.00000E+00  0.00000E+00  0.00000E+00  0.00000E+00  0.00000E+00  0.00000E+00  0.00000E+00
   46791   3  2.50673E-02  2.50673E-02  2.50673E-02  2.50673E-02  2.50673E-02  2.50673E-02  2.50673E-02  2.50673E-02  2.50673E-02  2.50673E-02  2.50673E-02  2.50673E-02  2.50673E-02  2.34124E-01  2.34124E-01  2.34124E-01  2.34124E-01  2.34124E-01  2.34124E-01  2.34124E-01  2.34124E-01  2.50673E-02  2.50673E-02  2.50673E-02
   46791   8  1.35780E-02  1.35780E-02  1.35780E-02  1.35780E-02  1.35780E-02  1.35780E-02  1.35780E-02  1.35780E-02  1.35780E-02  1.35780E-02  1.35780E-02  1.35780E-02  1.35780E-02  1.35780E-02  1.35780E-02  1.35780E-02  1.35780E-02  1.35780E-02  1.35780E-02  1.35780E-02  1.35780E-02  1.35780E-02  1.35780E-02  1.35780E-02
   46791   2  0.00000E+00  0.00000E+00  0.00000E+00  0.00000E+00  0.00000E+00  0.00000E+00  0.00000E+00  0.00000E+00  0.00000E+00  0.00000E+00  0.00000E+00  0.00000E+00  0.00000E+00  0.00000E+00  0.00000E+00  0.00000E+00  0.00000E+00  0.00000E+00  0.00000E+00  0.00000E+00  0.00000E+00  0.00000E+00  0.00000E+00  0.00000E+00
   46791   4  9.13033E+00  9.13033E+00  9.13033E+00  9.13033E+00  9.13033E+00  9.13033E+00  9.13033E+00  9.13033E+00  9.13033E+00  9.13033E+00  9.13033E+00  9.13033E+00  9.13033E+00  9.13033E+00  9.13033E+00  9.13033E+00  9.13033E+00  9.13033E+00  9.13033E+00  9.13033E+00  9.13033E+00  9.13033E+00  9.13033E+00  9.13033E+00
   46438   3  0.00000E+00  0.00000E+00  0.00000E+00  0.00000E+00  0.00000E+00  0.00000E+00  0.00000E+00  0.00000E+00  0.00000E+00  0.00000E+00  0.00000E+00  0.00000E+00  0.00000E+00  0.00000E+00  0.00000E+00  0.00000E+00  0.00000E+00  0.00000E+00  0.00000E+00  0.00000E+00  0.00000E+00  0.00000E+00  0.00000E+00  0.00000E+00
   47147   3  0.00000E+00  0.00000E+00  0.00000E+00  0.00000E+00  0.00000E+00  0.00000E+00  0.00000E+00  0.00000E+00  0.00000E+00  0.00000E+00  0.00000E+00  0.00000E+00  0.00000E+00  0.00000E+00  0.00000E+00  0.00000E+00  0.00000E+00  0.00000E+00  0.00000E+00  0.00000E+00  0.00000E+00  0.00000E+00  0.00000E+00  0.00000E+00
   47848   3  0.00000E+00  0.00000E+00  0.00000E+00  0.00000E+00  0.00000E+00  0.00000E+00  0.00000E+00  0.00000E+00  0.00000E+00  0.00000E+00  0.00000E+00  0.00000E+00  0.00000E+00  0.00000E+00  0.00000E+00  0.00000E+00  0.00000E+00  0.00000E+00  0.00000E+00  0.00000E+00  0.00000E+00  0.00000E+00  0.00000E+00  0.00000E+00
   46791   1  0.00000E+00  0.00000E+00  0.00000E+00  0.00000E+00  0.00000E+00  0.00000E+00  0.00000E+00  0.00000E+00  0.00000E+00  0.00000E+00  0.00000E+00  0.00000E+00  0.00000E+00  0.00000E+00  0.00000E+00  0.00000E+00  0.00000E+00  0.00000E+00  0.00000E+00  0.00000E+00  0.00000E+00  0.00000E+00  0.00000E+00  0.00000E+00
   47144   3  0.00000E+00  0.00000E+00  0.00000E+00  0.00000E+00  0.00000E+00  0.00000E+00  0.00000E+00  0.00000E+00  0.00000E+00  0.00000E+00  0.00000E+00  0.00000E+00  0.00000E+00  0.00000E+00  0.00000E+00  0.00000E+00  0.00000E+00  0.00000E+00  0.00000E+00  0.00000E+00  0.00000E+00  0.00000E+00  0.00000E+00  0.00000E+00
   47144   4  6.18548E-02  6.18548E-02  6.18548E-02  6.18548E-02  6.18548E-02  6.18548E-02  6.18548E-02  6.18548E-02  6.18548E-02  6.18548E-02  6.18548E-02  6.18548E-02  6.18548E-02  6.18548E-02  6.18548E-02  6.18548E-02  6.18548E-02  6.18548E-02  6.18548E-02  6.18548E-02  6.18548E-02  6.18548E-02  6.18548E-02  6.18548E-02
   47144   1  1.99904E-03  1.99904E-03  1.99904E-03  1.99904E-03  1.99904E-03  1.99904E-03  1.99904E-03  1.99904E-03  1.99904E-03  1.99904E-03  1.99904E-03  1.99904E-03  1.99904E-03  1.99904E-03  1.99904E-03  1.99904E-03  1.99904E-03  1.99904E-03  1.99904E-03  1.99904E-03  1.99904E-03  1.99904E-03  1.99904E-03  1.99904E-03
   47144   2  0.00000E+00  0.00000E+00  0.00000E+00  0.00000E+00  0.00000E+00  0.00000E+00  0.00000E+00  0.00000E+00  0.00000E+00  0.00000E+00  0.00000E+00  0.00000E+00  0.00000E+00  0.00000E+00  0.00000E+00  0.00000E+00  0.00000E+00  0.00000E+00  0.00000E+00  0.00000E+00  0.00000E+00  0.00000E+00  0.00000E+00  0.00000E+00
   46789   3  2.25295E-02  2.25295E-02  2.25295E-02  2.25295E-02  2.25295E-02  2.25295E-02  2.25295E-02  2.25295E-02  2.25295E-02  2.25295E-02  2.25295E-02  2.25295E-02  2.25295E-02  2.25295E-02  2.25295E-02  2.25295E-02  2.25295E-02  2.25295E-02  2.25295E-02  2.25295E-02  2.25295E-02  2.25295E-02  2.25295E-02  2.25295E-02
   46789   4  0.00000E+00  0.00000E+00  0.00000E+00  0.00000E+00  0.00000E+00  0.00000E+00  0.00000E+00  0.00000E+00  0.00000E+00  0.00000E+00  0.00000E+00  0.00000E+00  0.00000E+00  0.00000E+00  0.00000E+00  0.00000E+00  0.00000E+00  0.00000E+00  0.00000E+00  0.00000E+00  0.00000E+00  0.00000E+00  0.00000E+00  0.00000E+00
   46436   7  0.00000E+00  0.00000E+00  0.00000E+00  0.00000E+00  0.00000E+00  0.00000E+00  0.00000E+00  0.00000E+00  0.00000E+00  0.00000E+00  0.00000E+00  0.00000E+00  0.00000E+00  0.00000E+00  0.00000E+00  0.00000E+00  0.00000E+00  0.00000E+00  0.00000E+00  0.00000E+00  0.00000E+00  0.00000E+00  0.00000E+00  0.00000E+00
   71754   1  0.00000E+00  0.00000E+00  0.00000E+00  0.00000E+00  0.00000E+00  0.00000E+00  0.00000E+00  0.00000E+00  0.00000E+00  0.00000E+00  0.00000E+00  0.00000E+00  0.00000E+00  0.00000E+00  8.76962E-02  8.76962E-02  8.76962E-02  8.76962E-02  8.76962E-02  8.76962E-02  8.76962E-02  8.76962E-02  0.00000E+00  0.00000E+00
   71755   4  5.83917E-04  5.83917E-04  5.83917E-04  5.83917E-04  5.83917E-04  5.83917E-04  5.83917E-04  5.83917E-04  5.83917E-04  5.83917E-04  5.83917E-04  5.83917E-04  5.83917E-04  5.83917E-04  5.83917E-04  5.83917E-04  5.83917E-04  5.83917E-04  5.83917E-04  5.83917E-04  5.83917E-04  5.83917E-04  5.83917E-04  5.83917E-04
   72073   3  0.00000E+00  0.00000E+00  0.00000E+00  0.00000E+00  0.00000E+00  0.00000E+00  0.00000E+00  0.00000E+00  0.00000E+00  0.00000E+00  0.00000E+00  0.00000E+00  0.00000E+00  0.00000E+00  0.00000E+00  0.00000E+00  0.00000E+00  0.00000E+00  0.00000E+00  0.00000E+00  0.00000E+00  0.00000E+00  0.00000E+00  0.00000E+00
   70667   3  2.80538E-04  2.80538E-04  2.80538E-04  2.80538E-04  2.80538E-04  2.80538E-04  2.80538E-04  2.80538E-04  2.80538E-04  2.80538E-04  2.80538E-04  2.80538E-04  2.80538E-04  2.80538E-04  2.80538E-04  2.80538E-04  2.80538E-04  2.80538E-04  2.80538E-04  2.80538E-04  2.80538E-04  2.80538E-04  2.80538E-04  2.80538E-04
   55157   3  1.12215E-04  1.12215E-04  1.12215E-04  1.12215E-04  1.12215E-04  1.12215E-04  1.12215E-04  1.12215E-04  1.12215E-04  1.12215E-04  1.12215E-04  1.12215E-04  1.12215E-04  1.12215E-04  1.12215E-04  1.12215E-04  1.12215E-04  1.12215E-04  1.12215E-04  1.12215E-04  1.12215E-04  1.12215E-04  1.12215E-04  1.12215E-04
   55157   7  0.00000E+00  0.00000E+00  0.00000E+00  0.00000E+00  0.00000E+00  0.00000E+00  0.00000E+00  0.00000E+00  0.00000E+00  0.00000E+00  0.00000E+00  0.00000E+00  0.00000E+00  0.00000E+00  0.00000E+00  0.00000E+00  0.00000E+00  0.00000E+00  0.00000E+00  0.00000E+00  0.00000E+00  0.00000E+00  0.00000E+00  0.00000E+00
   70688   2  6.87671E-02  6.87671E-02  6.87671E-02  6.87671E-02  6.87671E-02  6.87671E-02  6.87671E-02  6.87671E-02  6.87671E-02  6.87671E-02  6.87671E-02  6.87671E-02  6.87671E-02  6.87671E-02  6.87671E-02  6.87671E-02  6.87671E-02  6.87671E-02  6.87671E-02  6.87671E-02  6.87671E-02  6.87671E-02  6.87671E-02  6.87671E-02
   61152   3  7.99618E-04  7.99618E-04  7.99618E-04  7.99618E-04  7.99618E-04  7.99618E-04  7.99618E-04  7.99618E-04  7.99618E-04  7.99618E-04  7.99618E-04  7.99618E-04  7.99618E-04  7.99618E-04  7.99618E-04  7.99618E-04  7.99618E-04  7.99618E-04  7.99618E-04  7.99618E-04  7.99618E-04  7.99618E-04  7.99618E-04  7.99618E-04
   66103   3  0.00000E+00  0.00000E+00  0.00000E+00  0.00000E+00  0.00000E+00  0.00000E+00  0.00000E+00  0.00000E+00  0.00000E+00  0.00000E+00  0.00000E+00  0.00000E+00  0.00000E+00  0.00000E+00  0.00000E+00  0.00000E+00  0.00000E+00  0.00000E+00  0.00000E+00  0.00000E+00  0.00000E+00  0.00000E+00  0.00000E+00  0.00000E+00
   57265   2  0.00000E+00  0.00000E+00  0.00000E+00  0.00000E+00  0.00000E+00  0.00000E+00  0.00000E+00  0.00000E+00  0.00000E+00  0.00000E+00  0.00000E+00  0.00000E+00  0.00000E+00  0.00000E+00  0.00000E+00  0.00000E+00  0.00000E+00  0.00000E+00  0.00000E+00  0.00000E+00  0.00000E+00  0.00000E+00  0.00000E+00  0.00000E+00
   57265   7  0.00000E+00  0.00000E+00  0.00000E+00  0.00000E+00  0.00000E+00  0.00000E+00  0.00000E+00  0.00000E+00  0.00000E+00  0.00000E+00  0.00000E+00  0.00000E+00  0.00000E+00  0.00000E+00  0.00000E+00  0.00000E+00  0.00000E+00  0.00000E+00  0.00000E+00  0.00000E+00  0.00000E+00  0.00000E+00  0.00000E+00  0.00000E+00
   57265   3  0.00000E+00  0.00000E+00  0.00000E+00  0.00000E+00  0.00000E+00  0.00000E+00  0.00000E+00  0.00000E+00  0.00000E+00  0.00000E+00  0.00000E+00  0.00000E+00  0.00000E+00  0.00000E+00  0.00000E+00  0.00000E+00  0.00000E+00  0.00000E+00  0.00000E+00  0.00000E+00  0.00000E+00  0.00000E+00  0.00000E+00  0.00000E+00
   62209   3  5.12480E-02  5.12480E-02  5.12480E-02  5.12480E-02  5.12480E-02  5.12480E-02  5.12480E-02  5.12480E-02  5.12480E-02  5.12480E-02  5.12480E-02  5.12480E-02  5.12480E-02  5.12480E-02  5.12480E-02  5.12480E-02  5.12480E-02  5.12480E-02  5.12480E-02  5.12480E-02  5.12480E-02  5.12480E-02  5.12480E-02  5.12480E-02
   62209   4  0.00000E+00  0.00000E+00  0.00000E+00  0.00000E+00  0.00000E+00  0.00000E+00  0.00000E+00  0.00000E+00  0.00000E+00  0.00000E+00  0.00000E+00  0.00000E+00  0.00000E+00  0.00000E+00  0.00000E+00  0.00000E+00  0.00000E+00  0.00000E+00  0.00000E+00  0.00000E+00  0.00000E+00  0.00000E+00  0.00000E+00  0.00000E+00
   62209   2  0.00000E+00  0.00000E+00  0.00000E+00  0.00000E+00  0.00000E+00  0.00000E+00  0.00000E+00  0.00000E+00  0.00000E+00  0.00000E+00  0.00000E+00  0.00000E+00  0.00000E+00  0.00000E+00  0.00000E+00  0.00000E+00  0.00000E+00  0.00000E+00  0.00000E+00  0.00000E+00  0.00000E+00  0.00000E+00  0.00000E+00  0.00000E+00
   62560   3  0.00000E+00  0.00000E+00  0.00000E+00  0.00000E+00  0.00000E+00  0.00000E+00  0.00000E+00  0.00000E+00  0.00000E+00  0.00000E+00  0.00000E+00  0.00000E+00  0.00000E+00  0.00000E+00  1.06134E+01  1.06134E+01  1.06134E+01  1.06134E+01  1.06134E+01  1.06134E+01  1.06134E+01  1.06134E+01  0.00000E+00  0.00000E+00
   62560   6  1.81802E-02  1.81802E-02  1.81802E-02  1.81802E-02  1.81802E-02  1.81802E-02  1.81802E-02  1.81802E-02  1.81802E-02  1.81802E-02  1.81802E-02  1.81802E-02  1.81802E-02  1.81802E-02  1.81802E-02  1.81802E-02  1.81802E-02  1.81802E-02  1.81802E-02  1.81802E-02  1.81802E-02  1.81802E-02  1.81802E-02  1.81802E-02
   62560   2  0.00000E+00  0.00000E+00  0.00000E+00  0.00000E+00  0.00000E+00  0.00000E+00  0.00000E+00  0.00000E+00  0.00000E+00  0.00000E+00  0.00000E+00  0.00000E+00  0.00000E+00  0.00000E+00  0.00000E+00  0.00000E+00  0.00000E+00  0.00000E+00  0.00000E+00  0.00000E+00  0.00000E+00  0.00000E+00  0.00000E+00  0.00000E+00
   62906   3  0.00000E+00  0.00000E+00  0.00000E+00  0.00000E+00  0.00000E+00  0.00000E+00  0.00000E+00  0.00000E+00  0.00000E+00  0.00000E+00  0.00000E+00  0.00000E+00  0.00000E+00  0.00000E+00  1.26242E-02  1.26242E-02  1.26242E-02  1.26242E-02  1.26242E-02  1.26242E-02  1.26242E-02  1.26242E-02  0.00000E+00  0.00000E+00
   62906   2  0.00000E+00  0.00000E+00  0.00000E+00  0.00000E+00  0.00000E+00  0.00000E+00  0.00000E+00  0.00000E+00  0.00000E+00  0.00000E+00  0.00000E+00  0.00000E+00  0.00000E+00  0.00000E+00  0.00000E+00  0.00000E+00  0.00000E+00  0.00000E+00  0.00000E+00  0.00000E+00  0.00000E+00  0.00000E+00  0.00000E+00  0.00000E+00
   62201   7  0.00000E+00  0.00000E+00  0.00000E+00  0.00000E+00  0.00000E+00  0.00000E+00  0.00000E+00  0.00000E+00  0.00000E+00  0.00000E+00  0.00000E+00  0.00000E+00  0.00000E+00  0.00000E+00  0.00000E+00  0.00000E+00  0.00000E+00  0.00000E+00  0.00000E+00  0.00000E+00  0.00000E+00  0.00000E+00  0.00000E+00  0.00000E+00
   69268   7  0.00000E+00  0.00000E+00  0.00000E+00  0.00000E+00  0.00000E+00  0.00000E+00  0.00000E+00  0.00000E+00  0.00000E+00  0.00000E+00  0.00000E+00  0.00000E+00  0.00000E+00  0.00000E+00  0.00000E+00  0.00000E+00  0.00000E+00  0.00000E+00  0.00000E+00  0.00000E+00  0.00000E+00  0.00000E+00  0.00000E+00  0.00000E+00
   67518   2  0.00000E+00  0.00000E+00  0.00000E+00  0.00000E+00  0.00000E+00  0.00000E+00  0.00000E+00  0.00000E+00  0.00000E+00  0.00000E+00  0.00000E+00  0.00000E+00  0.00000E+00  0.00000E+00  0.00000E+00  0.00000E+00  0.00000E+00  0.00000E+00  0.00000E+00  0.00000E+00  0.00000E+00  0.00000E+00  0.00000E+00  0.00000E+00
   53397   5  0.00000E+00  0.00000E+00  0.00000E+00  0.00000E+00  0.00000E+00  0.00000E+00  0.00000E+00  0.00000E+00  0.00000E+00  0.00000E+00  0.00000E+00  0.00000E+00  0.00000E+00  0.00000E+00  0.00000E+00  0.00000E+00  0.00000E+00  0.00000E+00  0.00000E+00  0.00000E+00  0.00000E+00  0.00000E+00  0.00000E+00  0.00000E+00
   53397   3  0.00000E+00  0.00000E+00  0.00000E+00  0.00000E+00  0.00000E+00  0.00000E+00  0.00000E+00  0.00000E+00  0.00000E+00  0.00000E+00  0.00000E+00  0.00000E+00  0.00000E+00  0.00000E+00  1.85155E-03  1.85155E-03  1.85155E-03  1.85155E-03  1.85155E-03  1.85155E-03  1.85155E-03  1.85155E-03  0.00000E+00  0.00000E+00
   53397   7  0.00000E+00  0.00000E+00  0.00000E+00  0.00000E+00  0.00000E+00  0.00000E+00  0.00000E+00  0.00000E+00  0.00000E+00  0.00000E+00  0.00000E+00  0.00000E+00  0.00000E+00  0.00000E+00  0.00000E+00  0.00000E+00  0.00000E+00  0.00000E+00  0.00000E+00  0.00000E+00  0.00000E+00  0.00000E+00  0.00000E+00  0.00000E+00
   72093   3  0.00000E+00  0.00000E+00  0.00000E+00  0.00000E+00  0.00000E+00  0.00000E+00  0.00000E+00  0.00000E+00  0.00000E+00  0.00000E+00  0.00000E+00  0.00000E+00  0.00000E+00  0.00000E+00  0.00000E+00  0.00000E+00  0.00000E+00  0.00000E+00  0.00000E+00  0.00000E+00  0.00000E+00  0.00000E+00  0.00000E+00  0.00000E+00
   72093   7  0.00000E+00  0.00000E+00  0.00000E+00  0.00000E+00  0.00000E+00  0.00000E+00  0.00000E+00  0.00000E+00  0.00000E+00  0.00000E+00  0.00000E+00  0.00000E+00  0.00000E+00  0.00000E+00  0.00000E+00  0.00000E+00  0.00000E+00  0.00000E+00  0.00000E+00  0.00000E+00  0.00000E+00  0.00000E+00  0.00000E+00  0.00000E+00
   72093   4  2.76144E-01  2.76144E-01  2.76144E-01  2.76144E-01  2.76144E-01  2.76144E-01  2.76144E-01  2.76144E-01  2.76144E-01  2.76144E-01  2.76144E-01  2.76144E-01  2.76144E-01  2.76144E-01  2.76144E-01  2.76144E-01  2.76144E-01  2.76144E-01  2.76144E-01  2.76144E-01  2.76144E-01  2.76144E-01  2.76144E-01  2.76144E-01
   66425   2  0.00000E+00  0.00000E+00  0.00000E+00  0.00000E+00  0.00000E+00  0.00000E+00  0.00000E+00  0.00000E+00  0.00000E+00  0.00000E+00  0.00000E+00  0.00000E+00  0.00000E+00  0.00000E+00  0.00000E+00  0.00000E+00  0.00000E+00  0.00000E+00  0.00000E+00  0.00000E+00  0.00000E+00  0.00000E+00  0.00000E+00  0.00000E+00
   67854   3  2.28462E-04  2.28462E-04  2.28462E-04  2.28462E-04  2.28462E-04  2.28462E-04  2.28462E-04  2.28462E-04  2.28462E-04  2.28462E-04  2.28462E-04  2.28462E-04  2.28462E-04  2.28462E-04  2.28462E-04  2.28462E-04  2.28462E-04  2.28462E-04  2.28462E-04  2.28462E-04  2.28462E-04  2.28462E-04  2.28462E-04  2.28462E-04
   59052   2  5.61076E-05  5.61076E-05  5.61076E-05  5.61076E-05  5.61076E-05  5.61076E-05  5.61076E-05  5.61076E-05  5.61076E-05  5.61076E-05  5.61076E-05  5.61076E-05  5.61076E-05  5.61076E-05  5.61076E-05  5.61076E-05  5.61076E-05  5.61076E-05  5.61076E-05  5.61076E-05  5.61076E-05  5.61076E-05  5.61076E-05  5.61076E-05
   72780   3  2.28462E-04  2.28462E-04  2.28462E-04  2.28462E-04  2.28462E-04  2.28462E-04  2.28462E-04  2.28462E-04  2.28462E-04  2.28462E-04  2.28462E-04  2.28462E-04  2.28462E-04  2.28462E-04  2.28462E-04  2.28462E-04  2.28462E-04  2.28462E-04  2.28462E-04  2.28462E-04  2.28462E-04  2.28462E-04  2.28462E-04  2.28462E-04
   32698   2  0.00000E+00  0.00000E+00  0.00000E+00  0.00000E+00  0.00000E+00  0.00000E+00  0.00000E+00  0.00000E+00  0.00000E+00  0.00000E+00  0.00000E+00  0.00000E+00  0.00000E+00  0.00000E+00  0.00000E+00  0.00000E+00  0.00000E+00  0.00000E+00  0.00000E+00  0.00000E+00  0.00000E+00  0.00000E+00  0.00000E+00  0.00000E+00
   32699   3  0.00000E+00  0.00000E+00  0.00000E+00  0.00000E+00  0.00000E+00  0.00000E+00  0.00000E+00  0.00000E+00  0.00000E+00  0.00000E+00  0.00000E+00  0.00000E+00  0.00000E+00  0.00000E+00  0.00000E+00  0.00000E+00  0.00000E+00  0.00000E+00  0.00000E+00  0.00000E+00  0.00000E+00  0.00000E+00  0.00000E+00  0.00000E+00
   32698   4  7.09523E-02  7.09523E-02  7.09523E-02  7.09523E-02  7.09523E-02  7.09523E-02  7.09523E-02  7.09523E-02  7.09523E-02  7.09523E-02  7.09523E-02  7.09523E-02  7.09523E-02  7.09523E-02  7.09523E-02  7.09523E-02  7.09523E-02  7.09523E-02  7.09523E-02  7.09523E-02  7.09523E-02  7.09523E-02  7.09523E-02  7.09523E-02
   32698   3  2.08750E-02  2.08750E-02  2.08750E-02  2.08750E-02  2.08750E-02  2.08750E-02  2.08750E-02  2.08750E-02  2.08750E-02  2.08750E-02  2.08750E-02  2.08750E-02  2.08750E-02  2.08750E-02  2.08750E-02  2.08750E-02  2.08750E-02  2.08750E-02  2.08750E-02  2.08750E-02  2.08750E-02  2.08750E-02  2.08750E-02  2.08750E-02
   33754   4  0.00000E+00  0.00000E+00  0.00000E+00  0.00000E+00  0.00000E+00  0.00000E+00  0.00000E+00  0.00000E+00  0.00000E+00  0.00000E+00  0.00000E+00  0.00000E+00  0.00000E+00  0.00000E+00  0.00000E+00  0.00000E+00  0.00000E+00  0.00000E+00  0.00000E+00  0.00000E+00  0.00000E+00  0.00000E+00  0.00000E+00  0.00000E+00
   32698   5  0.00000E+00  0.00000E+00  0.00000E+00  0.00000E+00  0.00000E+00  0.00000E+00  0.00000E+00  0.00000E+00  0.00000E+00  0.00000E+00  0.00000E+00  0.00000E+00  0.00000E+00  0.00000E+00  0.00000E+00  0.00000E+00  0.00000E+00  0.00000E+00  0.00000E+00  0.00000E+00  0.00000E+00  0.00000E+00  0.00000E+00  0.00000E+00
   46097   3  3.91574E-04  3.91574E-04  3.91574E-04  3.91574E-04  3.91574E-04  3.91574E-04  3.91574E-04  3.91574E-04  3.91574E-04  3.91574E-04  3.91574E-04  3.91574E-04  3.91574E-04  3.91574E-04  3.91574E-04  3.91574E-04  3.91574E-04  3.91574E-04  3.91574E-04  3.91574E-04  3.91574E-04  3.91574E-04  3.91574E-04  3.91574E-04
   32346   1  0.00000E+00  0.00000E+00  0.00000E+00  0.00000E+00  0.00000E+00  0.00000E+00  0.00000E+00  0.00000E+00  0.00000E+00  0.00000E+00  0.00000E+00  0.00000E+00  0.00000E+00  0.00000E+00  0.00000E+00  0.00000E+00  0.00000E+00  0.00000E+00  0.00000E+00  0.00000E+00  0.00000E+00  0.00000E+00  0.00000E+00  0.00000E+00
   32346   2  0.00000E+00  0.00000E+00  0.00000E+00  0.00000E+00  0.00000E+00  0.00000E+00  0.00000E+00  0.00000E+00  0.00000E+00  0.00000E+00  0.00000E+00  0.00000E+00  0.00000E+00  0.00000E+00  0.00000E+00  0.00000E+00  0.00000E+00  0.00000E+00  0.00000E+00  0.00000E+00  0.00000E+00  0.00000E+00  0.00000E+00  0.00000E+00
   32346   3  0.00000E+00  0.00000E+00  0.00000E+00  0.00000E+00  0.00000E+00  0.00000E+00  0.00000E+00  0.00000E+00  0.00000E+00  0.00000E+00  0.00000E+00  0.00000E+00  0.00000E+00  4.88136E-03  4.88136E-03  4.88136E-03  4.88136E-03  4.88136E-03  4.88136E-03  4.88136E-03  4.88136E-03  0.00000E+00  0.00000E+00  0.00000E+00
   32346   5  0.00000E+00  0.00000E+00  0.00000E+00  0.00000E+00  0.00000E+00  0.00000E+00  0.00000E+00  0.00000E+00  0.00000E+00  0.00000E+00  0.00000E+00  0.00000E+00  0.00000E+00  0.00000E+00  0.00000E+00  0.00000E+00  0.00000E+00  0.00000E+00  0.00000E+00  0.00000E+00  0.00000E+00  0.00000E+00  0.00000E+00  0.00000E+00
   33394   3  0.00000E+00  0.00000E+00  0.00000E+00  0.00000E+00  0.00000E+00  0.00000E+00  0.00000E+00  0.00000E+00  0.00000E+00  0.00000E+00  0.00000E+00  0.00000E+00  0.00000E+00  0.00000E+00  0.00000E+00  0.00000E+00  0.00000E+00  0.00000E+00  0.00000E+00  0.00000E+00  0.00000E+00  0.00000E+00  0.00000E+00  0.00000E+00
   33394   7  0.00000E+00  0.00000E+00  0.00000E+00  0.00000E+00  0.00000E+00  0.00000E+00  0.00000E+00  0.00000E+00  0.00000E+00  0.00000E+00  0.00000E+00  0.00000E+00  0.00000E+00  0.00000E+00  0.00000E+00  0.00000E+00  0.00000E+00  0.00000E+00  0.00000E+00  0.00000E+00  0.00000E+00  0.00000E+00  0.00000E+00  0.00000E+00
   47881   3  0.00000E+00  0.00000E+00  0.00000E+00  0.00000E+00  0.00000E+00  0.00000E+00  0.00000E+00  0.00000E+00  0.00000E+00  0.00000E+00  0.00000E+00  0.00000E+00  0.00000E+00  0.00000E+00  0.00000E+00  0.00000E+00  0.00000E+00  0.00000E+00  0.00000E+00  0.00000E+00  0.00000E+00  0.00000E+00  0.00000E+00  0.00000E+00
   47881   4  4.77595E-01  4.77595E-01  4.77595E-01  4.77595E-01  4.77595E-01  4.77595E-01  4.77595E-01  4.77595E-01  4.77595E-01  4.77595E-01  4.77595E-01  4.77595E-01  4.77595E-01  4.77595E-01  4.77595E-01  4.77595E-01  4.77595E-01  4.77595E-01  4.77595E-01  4.77595E-01  4.77595E-01  4.77595E-01  4.77595E-01  4.77595E-01
   54565   3  5.61076E-05  5.61076E-05  5.61076E-05  5.61076E-05  5.61076E-05  5.61076E-05  5.61076E-05  5.61076E-05  5.61076E-05  5.61076E-05  5.61076E-05  5.61076E-05  5.61076E-05  5.61076E-05  5.61076E-05  5.61076E-05  5.61076E-05  5.61076E-05  5.61076E-05  5.61076E-05  5.61076E-05  5.61076E-05  5.61076E-05  5.61076E-05
   54565   4  2.91228E-01  2.91228E-01  2.91228E-01  2.91228E-01  2.91228E-01  2.91228E-01  2.91228E-01  2.91228E-01  2.91228E-01  2.91228E-01  2.91228E-01  2.91228E-01  2.91228E-01  2.91228E-01  2.91228E-01  2.91228E-01  2.91228E-01  2.91228E-01  2.91228E-01  2.91228E-01  2.91228E-01  2.91228E-01  2.91228E-01  2.91228E-01
   54565   7  0.00000E+00  0.00000E+00  0.00000E+00  0.00000E+00  0.00000E+00  0.00000E+00  0.00000E+00  0.00000E+00  0.00000E+00  0.00000E+00  0.00000E+00  0.00000E+00  0.00000E+00  0.00000E+00  0.00000E+00  0.00000E+00  0.00000E+00  0.00000E+00  0.00000E+00  0.00000E+00  0.00000E+00  0.00000E+00  0.00000E+00  0.00000E+00
   48578   4  1.41985E-01  1.41985E-01  1.41985E-01  1.41985E-01  1.41985E-01  1.41985E-01  1.41985E-01  1.41985E-01  1.41985E-01  1.41985E-01  1.41985E-01  1.41985E-01  1.41985E-01  1.41985E-01  1.41985E-01  1.41985E-01  1.41985E-01  1.41985E-01  1.41985E-01  1.41985E-01  1.41985E-01  1.41985E-01  1.41985E-01  1.41985E-01
   48578   3  0.00000E+00  0.00000E+00  0.00000E+00  0.00000E+00  0.00000E+00  0.00000E+00  0.00000E+00  0.00000E+00  0.00000E+00  0.00000E+00  0.00000E+00  0.00000E+00  0.00000E+00  0.00000E+00  0.00000E+00  0.00000E+00  0.00000E+00  0.00000E+00  0.00000E+00  0.00000E+00  0.00000E+00  0.00000E+00  0.00000E+00  0.00000E+00
   48578   2  0.00000E+00  0.00000E+00  0.00000E+00  0.00000E+00  0.00000E+00  0.00000E+00  0.00000E+00  0.00000E+00  0.00000E+00  0.00000E+00  0.00000E+00  0.00000E+00  0.00000E+00  0.00000E+00  0.00000E+00  0.00000E+00  0.00000E+00  0.00000E+00  0.00000E+00  0.00000E+00  0.00000E+00  0.00000E+00  0.00000E+00  0.00000E+00
   48226   3  0.00000E+00  0.00000E+00  0.00000E+00  0.00000E+00  0.00000E+00  0.00000E+00  0.00000E+00  0.00000E+00  0.00000E+00  0.00000E+00  0.00000E+00  0.00000E+00  0.00000E+00  0.00000E+00  0.00000E+00  0.00000E+00  0.00000E+00  0.00000E+00  0.00000E+00  0.00000E+00  0.00000E+00  0.00000E+00  0.00000E+00  0.00000E+00
   48226   4  0.00000E+00  0.00000E+00  0.00000E+00  0.00000E+00  0.00000E+00  0.00000E+00  0.00000E+00  0.00000E+00  0.00000E+00  0.00000E+00  0.00000E+00  0.00000E+00  0.00000E+00  0.00000E+00  0.00000E+00  0.00000E+00  0.00000E+00  0.00000E+00  0.00000E+00  0.00000E+00  0.00000E+00  0.00000E+00  0.00000E+00  0.00000E+00
   47518   7  0.00000E+00  0.00000E+00  0.00000E+00  0.00000E+00  0.00000E+00  0.00000E+00  0.00000E+00  0.00000E+00  0.00000E+00  0.00000E+00  0.00000E+00  0.00000E+00  0.00000E+00  0.00000E+00  0.00000E+00  0.00000E+00  0.00000E+00  0.00000E+00  0.00000E+00  0.00000E+00  0.00000E+00  0.00000E+00  0.00000E+00  0.00000E+00
   48227   3  0.00000E+00  0.00000E+00  0.00000E+00  0.00000E+00  0.00000E+00  0.00000E+00  0.00000E+00  0.00000E+00  0.00000E+00  0.00000E+00  0.00000E+00  0.00000E+00  0.00000E+00  0.00000E+00  0.00000E+00  0.00000E+00  0.00000E+00  0.00000E+00  0.00000E+00  0.00000E+00  0.00000E+00  0.00000E+00  0.00000E+00  0.00000E+00
   48227   2  0.00000E+00  0.00000E+00  0.00000E+00  0.00000E+00  0.00000E+00  0.00000E+00  0.00000E+00  0.00000E+00  0.00000E+00  0.00000E+00  0.00000E+00  0.00000E+00  0.00000E+00  0.00000E+00  0.00000E+00  0.00000E+00  0.00000E+00  0.00000E+00  0.00000E+00  0.00000E+00  0.00000E+00  0.00000E+00  0.00000E+00  0.00000E+00
   46818   4  5.49368E-02  5.49368E-02  5.49368E-02  5.49368E-02  5.49368E-02  5.49368E-02  5.49368E-02  5.49368E-02  5.49368E-02  5.49368E-02  5.49368E-02  5.49368E-02  5.49368E-02  5.49368E-02  5.49368E-02  5.49368E-02  5.49368E-02  5.49368E-02  5.49368E-02  5.49368E-02  5.49368E-02  5.49368E-02  5.49368E-02  5.49368E-02
   38332   4  0.00000E+00  0.00000E+00  0.00000E+00  0.00000E+00  0.00000E+00  0.00000E+00  0.00000E+00  0.00000E+00  0.00000E+00  0.00000E+00  0.00000E+00  0.00000E+00  0.00000E+00  0.00000E+00  0.00000E+00  0.00000E+00  0.00000E+00  0.00000E+00  0.00000E+00  0.00000E+00  0.00000E+00  0.00000E+00  0.00000E+00  0.00000E+00
   38332   7  0.00000E+00  0.00000E+00  0.00000E+00  0.00000E+00  0.00000E+00  0.00000E+00  0.00000E+00  0.00000E+00  0.00000E+00  0.00000E+00  0.00000E+00  0.00000E+00  0.00000E+00  0.00000E+00  0.00000E+00  0.00000E+00  0.00000E+00  0.00000E+00  0.00000E+00  0.00000E+00  0.00000E+00  0.00000E+00  0.00000E+00  0.00000E+00
   35158   3  0.00000E+00  0.00000E+00  0.00000E+00  0.00000E+00  0.00000E+00  0.00000E+00  0.00000E+00  0.00000E+00  0.00000E+00  0.00000E+00  0.00000E+00  0.00000E+00  0.00000E+00  0.00000E+00  0.00000E+00  0.00000E+00  0.00000E+00  0.00000E+00  0.00000E+00  0.00000E+00  0.00000E+00  0.00000E+00  0.00000E+00  0.00000E+00
   30178   3  8.29945E-03  8.29945E-03  8.29945E-03  8.29945E-03  8.29945E-03  8.29945E-03  8.29945E-03  8.29945E-03  8.29945E-03  8.29945E-03  8.29945E-03  8.29945E-03  8.29945E-03  8.29945E-03  8.29945E-03  8.29945E-03  8.29945E-03  8.29945E-03  8.29945E-03  8.29945E-03  8.29945E-03  8.29945E-03  8.29945E-03  8.29945E-03
   30178   4  5.82947E-01  5.82947E-01  5.82947E-01  5.82947E-01  5.82947E-01  5.82947E-01  5.82947E-01  5.82947E-01  5.82947E-01  5.82947E-01  5.82947E-01  5.82947E-01  5.82947E-01  5.82947E-01  5.82947E-01  5.82947E-01  5.82947E-01  5.82947E-01  5.82947E-01  5.82947E-01  5.82947E-01  5.82947E-01  5.82947E-01  5.82947E-01
   30178   7  0.00000E+00  0.00000E+00  0.00000E+00  0.00000E+00  0.00000E+00  0.00000E+00  0.00000E+00  0.00000E+00  0.00000E+00  0.00000E+00  0.00000E+00  0.00000E+00  0.00000E+00  3.14269E-01  3.14269E-01  3.14269E-01  3.14269E-01  3.14269E-01  3.14269E-01  3.14269E-01  3.14269E-01  0.00000E+00  0.00000E+00  0.00000E+00
   30177   4  1.23078E-04  1.23078E-04  1.23078E-04  1.23078E-04  1.23078E-04  1.23078E-04  1.23078E-04  1.23078E-04  1.23078E-04  1.23078E-04  1.23078E-04  1.23078E-04  1.23078E-04  1.23078E-04  1.23078E-04  1.23078E-04  1.23078E-04  1.23078E-04  1.23078E-04  1.23078E-04  1.23078E-04  1.23078E-04  1.23078E-04  1.23078E-04
   29472   3  0.00000E+00  0.00000E+00  0.00000E+00  0.00000E+00  0.00000E+00  0.00000E+00  0.00000E+00  0.00000E+00  0.00000E+00  0.00000E+00  0.00000E+00  0.00000E+00  0.00000E+00  9.50510E+00  9.50510E+00  9.50510E+00  9.50510E+00  9.50510E+00  9.50510E+00  9.50510E+00  9.50510E+00  0.00000E+00  0.00000E+00  0.00000E+00
   29472   5  0.00000E+00  0.00000E+00  0.00000E+00  0.00000E+00  0.00000E+00  0.00000E+00  0.00000E+00  0.00000E+00  0.00000E+00  0.00000E+00  0.00000E+00  0.00000E+00  0.00000E+00  2.11225E+00  2.11225E+00  2.11225E+00  2.11225E+00  2.11225E+00  2.11225E+00  2.11225E+00  2.11225E+00  0.00000E+00  0.00000E+00  0.00000E+00
   29472   4  0.00000E+00  0.00000E+00  0.00000E+00  0.00000E+00  0.00000E+00  0.00000E+00  0.00000E+00  0.00000E+00  0.00000E+00  0.00000E+00  0.00000E+00  0.00000E+00  0.00000E+00  9.50510E+00  9.50510E+00  9.50510E+00  9.50510E+00  9.50510E+00  9.50510E+00  9.50510E+00  9.50510E+00  0.00000E+00  0.00000E+00  0.00000E+00
   30531   4  1.21222E-04  1.21222E-04  1.21222E-04  1.21222E-04  1.21222E-04  1.21222E-04  1.21222E-04  1.21222E-04  1.21222E-04  1.21222E-04  1.21222E-04  1.21222E-04  1.21222E-04  1.21222E-04  1.21222E-04  1.21222E-04  1.21222E-04  1.21222E-04  1.21222E-04  1.21222E-04  1.21222E-04  1.21222E-04  1.21222E-04  1.21222E-04
   30178   5  0.00000E+00  0.00000E+00  0.00000E+00  0.00000E+00  0.00000E+00  0.00000E+00  0.00000E+00  0.00000E+00  0.00000E+00  0.00000E+00  0.00000E+00  0.00000E+00  0.00000E+00  0.00000E+00  0.00000E+00  0.00000E+00  0.00000E+00  0.00000E+00  0.00000E+00  0.00000E+00  0.00000E+00  0.00000E+00  0.00000E+00  0.00000E+00
   30526   3  7.17438E-05  7.17438E-05  7.17438E-05  7.17438E-05  7.17438E-05  7.17438E-05  7.17438E-05  7.17438E-05  7.17438E-05  7.17438E-05  7.17438E-05  7.17438E-05  7.17438E-05  7.17438E-05  7.17438E-05  7.17438E-05  7.17438E-05  7.17438E-05  7.17438E-05  7.17438E-05  7.17438E-05  7.17438E-05  7.17438E-05  7.17438E-05
   30529   3  0.00000E+00  0.00000E+00  0.00000E+00  0.00000E+00  0.00000E+00  0.00000E+00  0.00000E+00  0.00000E+00  0.00000E+00  0.00000E+00  0.00000E+00  0.00000E+00  0.00000E+00  0.00000E+00  0.00000E+00  0.00000E+00  0.00000E+00  0.00000E+00  0.00000E+00  0.00000E+00  0.00000E+00  0.00000E+00  0.00000E+00  0.00000E+00
   30529   4  9.43509E-02  9.43509E-02  9.43509E-02  9.43509E-02  9.43509E-02  9.43509E-02  9.43509E-02  9.43509E-02  9.43509E-02  9.43509E-02  9.43509E-02  9.43509E-02  9.43509E-02  9.43509E-02  9.43509E-02  9.43509E-02  9.43509E-02  9.43509E-02  9.43509E-02  9.43509E-02  9.43509E-02  9.43509E-02  9.43509E-02  9.43509E-02
   31942   4  2.11642E+00  2.11642E+00  2.11642E+00  2.11642E+00  2.11642E+00  2.11642E+00  2.11642E+00  2.11642E+00  2.11642E+00  2.11642E+00  2.11642E+00  2.11642E+00  2.11642E+00  2.11642E+00  2.11642E+00  2.11642E+00  2.11642E+00  2.11642E+00  2.11642E+00  2.11642E+00  2.11642E+00  2.11642E+00  2.11642E+00  2.11642E+00
   30884   4  1.57123E-02  1.57123E-02  1.57123E-02  1.57123E-02  1.57123E-02  1.57123E-02  1.57123E-02  1.57123E-02  1.57123E-02  1.57123E-02  1.57123E-02  1.57123E-02  1.57123E-02  1.57123E-02  1.57123E-02  1.57123E-02  1.57123E-02  1.57123E-02  1.57123E-02  1.57123E-02  1.57123E-02  1.57123E-02  1.57123E-02  1.57123E-02
   44188   2  0.00000E+00  0.00000E+00  0.00000E+00  0.00000E+00  0.00000E+00  0.00000E+00  0.00000E+00  0.00000E+00  0.00000E+00  0.00000E+00  0.00000E+00  0.00000E+00  0.00000E+00  0.00000E+00  0.00000E+00  0.00000E+00  0.00000E+00  0.00000E+00  0.00000E+00  0.00000E+00  0.00000E+00  0.00000E+00  0.00000E+00  0.00000E+00
   44899   3  0.00000E+00  0.00000E+00  0.00000E+00  0.00000E+00  0.00000E+00  0.00000E+00  0.00000E+00  0.00000E+00  0.00000E+00  0.00000E+00  0.00000E+00  0.00000E+00  0.00000E+00  0.00000E+00  0.00000E+00  0.00000E+00  0.00000E+00  0.00000E+00  0.00000E+00  0.00000E+00  0.00000E+00  0.00000E+00  0.00000E+00  0.00000E+00
   47369   3  2.50259E-03  2.50259E-03  2.50259E-03  2.50259E-03  2.50259E-03  2.50259E-03  2.50259E-03  2.50259E-03  2.50259E-03  2.50259E-03  2.50259E-03  2.50259E-03  2.50259E-03  2.50259E-03  2.50259E-03  2.50259E-03  2.50259E-03  2.50259E-03  2.50259E-03  2.50259E-03  2.50259E-03  2.50259E-03  2.50259E-03  2.50259E-03
   55130   4  0.00000E+00  0.00000E+00  0.00000E+00  0.00000E+00  0.00000E+00  0.00000E+00  0.00000E+00  0.00000E+00  0.00000E+00  0.00000E+00  0.00000E+00  0.00000E+00  0.00000E+00  0.00000E+00  0.00000E+00  0.00000E+00  0.00000E+00  0.00000E+00  0.00000E+00  0.00000E+00  0.00000E+00  0.00000E+00  0.00000E+00  0.00000E+00
   55130   3  0.00000E+00  0.00000E+00  0.00000E+00  0.00000E+00  0.00000E+00  0.00000E+00  0.00000E+00  0.00000E+00  0.00000E+00  0.00000E+00  0.00000E+00  0.00000E+00  0.00000E+00  0.00000E+00  0.00000E+00  0.00000E+00  0.00000E+00  0.00000E+00  0.00000E+00  0.00000E+00  0.00000E+00  0.00000E+00  0.00000E+00  0.00000E+00
   55121   4  0.00000E+00  0.00000E+00  0.00000E+00  0.00000E+00  0.00000E+00  0.00000E+00  0.00000E+00  0.00000E+00  0.00000E+00  0.00000E+00  0.00000E+00  0.00000E+00  0.00000E+00  0.00000E+00  0.00000E+00  0.00000E+00  0.00000E+00  0.00000E+00  0.00000E+00  0.00000E+00  0.00000E+00  0.00000E+00  0.00000E+00  0.00000E+00
   55121   3  0.00000E+00  0.00000E+00  0.00000E+00  0.00000E+00  0.00000E+00  0.00000E+00  0.00000E+00  0.00000E+00  0.00000E+00  0.00000E+00  0.00000E+00  0.00000E+00  0.00000E+00  0.00000E+00  0.00000E+00  0.00000E+00  0.00000E+00  0.00000E+00  0.00000E+00  0.00000E+00  0.00000E+00  0.00000E+00  0.00000E+00  0.00000E+00
   58290   4  3.58719E-03  3.58719E-03  3.58719E-03  3.58719E-03  3.58719E-03  3.58719E-03  3.58719E-03  3.58719E-03  3.58719E-03  3.58719E-03  3.58719E-03  3.58719E-03  3.58719E-03  3.58719E-03  3.58719E-03  3.58719E-03  3.58719E-03  3.58719E-03  3.58719E-03  3.58719E-03  3.58719E-03  3.58719E-03  3.58719E-03  3.58719E-03
   57936   4  9.15228E-05  9.15228E-05  9.15228E-05  9.15228E-05  9.15228E-05  9.15228E-05  9.15228E-05  9.15228E-05  9.15228E-05  9.15228E-05  9.15228E-05  9.15228E-05  9.15228E-05  9.15228E-05  9.15228E-05  9.15228E-05  9.15228E-05  9.15228E-05  9.15228E-05  9.15228E-05  9.15228E-05  9.15228E-05  9.15228E-05  9.15228E-05
   41032   3  0.00000E+00  0.00000E+00  0.00000E+00  0.00000E+00  0.00000E+00  0.00000E+00  0.00000E+00  0.00000E+00  0.00000E+00  0.00000E+00  0.00000E+00  0.00000E+00  0.00000E+00  0.00000E+00  0.00000E+00  0.00000E+00  0.00000E+00  0.00000E+00  0.00000E+00  0.00000E+00  0.00000E+00  0.00000E+00  0.00000E+00  0.00000E+00
   41027   3  2.09873E-04  2.09873E-04  2.09873E-04  2.09873E-04  2.09873E-04  2.09873E-04  2.09873E-04  2.09873E-04  2.09873E-04  2.09873E-04  2.09873E-04  2.09873E-04  2.09873E-04  2.09873E-04  2.09873E-04  2.09873E-04  2.09873E-04  2.09873E-04  2.09873E-04  2.09873E-04  2.09873E-04  2.09873E-04  2.09873E-04  2.09873E-04
   41027   4  0.00000E+00  0.00000E+00  0.00000E+00  0.00000E+00  0.00000E+00  0.00000E+00  0.00000E+00  0.00000E+00  0.00000E+00  0.00000E+00  0.00000E+00  0.00000E+00  0.00000E+00  0.00000E+00  0.00000E+00  0.00000E+00  0.00000E+00  0.00000E+00  0.00000E+00  0.00000E+00  0.00000E+00  0.00000E+00  0.00000E+00  0.00000E+00
   41027   2  0.00000E+00  0.00000E+00  0.00000E+00  0.00000E+00  0.00000E+00  0.00000E+00  0.00000E+00  0.00000E+00  0.00000E+00  0.00000E+00  0.00000E+00  0.00000E+00  0.00000E+00  0.00000E+00  0.00000E+00  0.00000E+00  0.00000E+00  0.00000E+00  0.00000E+00  0.00000E+00  0.00000E+00  0.00000E+00  0.00000E+00  0.00000E+00
   41031   7  0.00000E+00  0.00000E+00  0.00000E+00  0.00000E+00  0.00000E+00  0.00000E+00  0.00000E+00  0.00000E+00  0.00000E+00  0.00000E+00  0.00000E+00  0.00000E+00  0.00000E+00  0.00000E+00  0.00000E+00  0.00000E+00  0.00000E+00  0.00000E+00  0.00000E+00  0.00000E+00  0.00000E+00  0.00000E+00  0.00000E+00  0.00000E+00
   37153   2  0.00000E+00  0.00000E+00  0.00000E+00  0.00000E+00  0.00000E+00  0.00000E+00  0.00000E+00  0.00000E+00  0.00000E+00  0.00000E+00  0.00000E+00  0.00000E+00  0.00000E+00  0.00000E+00  0.00000E+00  0.00000E+00  0.00000E+00  0.00000E+00  0.00000E+00  0.00000E+00  0.00000E+00  0.00000E+00  0.00000E+00  0.00000E+00
   22551   2  0.00000E+00  0.00000E+00  0.00000E+00  0.00000E+00  0.00000E+00  0.00000E+00  0.00000E+00  0.00000E+00  0.00000E+00  0.00000E+00  0.00000E+00  0.00000E+00  0.00000E+00  0.00000E+00  0.00000E+00  0.00000E+00  0.00000E+00  0.00000E+00  0.00000E+00  0.00000E+00  0.00000E+00  0.00000E+00  0.00000E+00  0.00000E+00
   22551   3  0.00000E+00  0.00000E+00  0.00000E+00  0.00000E+00  0.00000E+00  0.00000E+00  0.00000E+00  0.00000E+00  0.00000E+00  0.00000E+00  0.00000E+00  0.00000E+00  0.00000E+00  0.00000E+00  0.00000E+00  0.00000E+00  0.00000E+00  0.00000E+00  0.00000E+00  0.00000E+00  0.00000E+00  0.00000E+00  0.00000E+00  0.00000E+00
   23253   7  0.00000E+00  0.00000E+00  0.00000E+00  0.00000E+00  0.00000E+00  0.00000E+00  0.00000E+00  0.00000E+00  0.00000E+00  0.00000E+00  0.00000E+00  0.00000E+00  0.00000E+00  0.00000E+00  0.00000E+00  0.00000E+00  0.00000E+00  0.00000E+00  0.00000E+00  0.00000E+00  0.00000E+00  0.00000E+00  0.00000E+00  0.00000E+00
   22551   4  0.00000E+00  0.00000E+00  0.00000E+00  0.00000E+00  0.00000E+00  0.00000E+00  0.00000E+00  0.00000E+00  0.00000E+00  0.00000E+00  0.00000E+00  0.00000E+00  0.00000E+00  0.00000E+00  0.00000E+00  0.00000E+00  0.00000E+00  0.00000E+00  0.00000E+00  0.00000E+00  0.00000E+00  0.00000E+00  0.00000E+00  0.00000E+00
   16894   2  4.08197E-01  4.08197E-01  4.08197E-01  4.08197E-01  4.08197E-01  4.08197E-01  4.08197E-01  4.08197E-01  4.08197E-01  4.08197E-01  4.08197E-01  4.08197E-01  4.08197E-01  4.08197E-01  4.08197E-01  4.08197E-01  4.08197E-01  4.08197E-01  4.08197E-01  4.08197E-01  4.08197E-01  4.08197E-01  4.08197E-01  4.08197E-01
   16894   3  0.00000E+00  0.00000E+00  0.00000E+00  0.00000E+00  0.00000E+00  0.00000E+00  0.00000E+00  0.00000E+00  0.00000E+00  0.00000E+00  0.00000E+00  0.00000E+00  0.00000E+00  0.00000E+00  0.00000E+00  0.00000E+00  0.00000E+00  0.00000E+00  0.00000E+00  0.00000E+00  0.00000E+00  0.00000E+00  0.00000E+00  0.00000E+00
   16894   4  0.00000E+00  0.00000E+00  0.00000E+00  0.00000E+00  0.00000E+00  0.00000E+00  0.00000E+00  0.00000E+00  0.00000E+00  0.00000E+00  0.00000E+00  0.00000E+00  0.00000E+00  0.00000E+00  0.00000E+00  0.00000E+00  0.00000E+00  0.00000E+00  0.00000E+00  0.00000E+00  0.00000E+00  0.00000E+00  0.00000E+00  0.00000E+00
   18317   3  0.00000E+00  0.00000E+00  0.00000E+00  0.00000E+00  0.00000E+00  0.00000E+00  0.00000E+00  0.00000E+00  0.00000E+00  0.00000E+00  0.00000E+00  0.00000E+00  0.00000E+00  0.00000E+00  0.00000E+00  0.00000E+00  0.00000E+00  0.00000E+00  0.00000E+00  0.00000E+00  0.00000E+00  0.00000E+00  0.00000E+00  0.00000E+00
   18513   7  0.00000E+00  0.00000E+00  0.00000E+00  0.00000E+00  0.00000E+00  0.00000E+00  0.00000E+00  0.00000E+00  0.00000E+00  0.00000E+00  0.00000E+00  0.00000E+00  0.00000E+00  0.00000E+00  0.00000E+00  0.00000E+00  0.00000E+00  0.00000E+00  0.00000E+00  0.00000E+00  0.00000E+00  0.00000E+00  0.00000E+00  0.00000E+00
   18509   3  4.72303E-05  4.72303E-05  4.72303E-05  4.72303E-05  4.72303E-05  4.72303E-05  4.72303E-05  4.72303E-05  4.72303E-05  4.72303E-05  4.72303E-05  4.72303E-05  4.72303E-05  4.72303E-05  4.72303E-05  4.72303E-05  4.72303E-05  4.72303E-05  4.72303E-05  4.72303E-05  4.72303E-05  4.72303E-05  4.72303E-05  4.72303E-05
   19219   3  1.75326E-02  1.75326E-02  1.75326E-02  1.75326E-02  1.75326E-02  1.75326E-02  1.75326E-02  1.75326E-02  1.75326E-02  1.75326E-02  1.75326E-02  1.75326E-02  1.75326E-02  1.75326E-02  1.75326E-02  1.75326E-02  1.75326E-02  1.75326E-02  1.75326E-02  1.75326E-02  1.75326E-02  1.75326E-02  1.75326E-02  1.75326E-02
   19219   2  0.00000E+00  0.00000E+00  0.00000E+00  0.00000E+00  0.00000E+00  0.00000E+00  0.00000E+00  0.00000E+00  0.00000E+00  0.00000E+00  0.00000E+00  0.00000E+00  0.00000E+00  0.00000E+00  0.00000E+00  0.00000E+00  0.00000E+00  0.00000E+00  0.00000E+00  0.00000E+00  0.00000E+00  0.00000E+00  0.00000E+00  0.00000E+00
   18505   2  0.00000E+00  0.00000E+00  0.00000E+00  0.00000E+00  0.00000E+00  0.00000E+00  0.00000E+00  0.00000E+00  0.00000E+00  0.00000E+00  0.00000E+00  0.00000E+00  0.00000E+00  0.00000E+00  0.00000E+00  0.00000E+00  0.00000E+00  0.00000E+00  0.00000E+00  0.00000E+00  0.00000E+00  0.00000E+00  0.00000E+00  0.00000E+00
   18505   3  3.59171E-02  3.59171E-02  3.59171E-02  3.59171E-02  3.59171E-02  3.59171E-02  3.59171E-02  3.59171E-02  3.59171E-02  3.59171E-02  3.59171E-02  3.59171E-02  3.59171E-02  3.59171E-02  3.59171E-02  3.59171E-02  3.59171E-02  3.59171E-02  3.59171E-02  3.59171E-02  3.59171E-02  3.59171E-02  3.59171E-02  3.59171E-02
   18505   7  0.00000E+00  0.00000E+00  0.00000E+00  0.00000E+00  0.00000E+00  0.00000E+00  0.00000E+00  0.00000E+00  0.00000E+00  0.00000E+00  0.00000E+00  0.00000E+00  0.00000E+00  0.00000E+00  0.00000E+00  0.00000E+00  0.00000E+00  0.00000E+00  0.00000E+00  0.00000E+00  0.00000E+00  0.00000E+00  0.00000E+00  0.00000E+00
   17452   2  3.79779E-02  3.79779E-02  3.79779E-02  3.79779E-02  3.79779E-02  3.79779E-02  3.79779E-02  3.79779E-02  3.79779E-02  3.79779E-02  3.79779E-02  3.79779E-02  3.79779E-02  3.79779E-02  3.79779E-02  3.79779E-02  3.79779E-02  3.79779E-02  3.79779E-02  3.79779E-02  3.79779E-02  3.79779E-02  3.79779E-02  3.79779E-02
    6979   3  0.00000E+00  0.00000E+00  0.00000E+00  0.00000E+00  0.00000E+00  0.00000E+00  0.00000E+00  0.00000E+00  0.00000E+00  0.00000E+00  0.00000E+00  0.00000E+00  0.00000E+00  0.00000E+00  0.00000E+00  0.00000E+00  0.00000E+00  0.00000E+00  0.00000E+00  0.00000E+00  0.00000E+00  0.00000E+00  0.00000E+00  0.00000E+00
    9108   3  5.14971E-03  5.14971E-03  5.14971E-03  5.14971E-03  5.14971E-03  5.14971E-03  5.14971E-03  5.14971E-03  5.14971E-03  5.14971E-03  5.14971E-03  5.14971E-03  5.14971E-03  5.14971E-03  5.14971E-03  5.14971E-03  5.14971E-03  5.14971E-03  5.14971E-03  5.14971E-03  5.14971E-03  5.14971E-03  5.14971E-03  5.14971E-03
    2407   3  0.00000E+00  0.00000E+00  0.00000E+00  0.00000E+00  0.00000E+00  0.00000E+00  0.00000E+00  0.00000E+00  0.00000E+00  0.00000E+00  0.00000E+00  0.00000E+00  0.00000E+00  0.00000E+00  0.00000E+00  0.00000E+00  0.00000E+00  0.00000E+00  0.00000E+00  0.00000E+00  0.00000E+00  0.00000E+00  0.00000E+00  0.00000E+00
    2407   2  0.00000E+00  0.00000E+00  0.00000E+00  0.00000E+00  0.00000E+00  0.00000E+00  0.00000E+00  0.00000E+00  0.00000E+00  0.00000E+00  0.00000E+00  0.00000E+00  0.00000E+00  0.00000E+00  0.00000E+00  0.00000E+00  0.00000E+00  0.00000E+00  0.00000E+00  0.00000E+00  0.00000E+00  0.00000E+00  0.00000E+00  0.00000E+00
   13341   3  5.53111E-04  5.53111E-04  5.53111E-04  5.53111E-04  5.53111E-04  5.53111E-04  5.53111E-04  5.53111E-04  5.53111E-04  5.53111E-04  5.53111E-04  5.53111E-04  5.53111E-04  5.53111E-04  5.53111E-04  5.53111E-04  5.53111E-04  5.53111E-04  5.53111E-04  5.53111E-04  5.53111E-04  5.53111E-04  5.53111E-04  5.53111E-04
    9455   3  0.00000E+00  0.00000E+00  0.00000E+00  0.00000E+00  0.00000E+00  0.00000E+00  0.00000E+00  0.00000E+00  0.00000E+00  0.00000E+00  0.00000E+00  0.00000E+00  0.00000E+00  0.00000E+00  0.00000E+00  0.00000E+00  0.00000E+00  0.00000E+00  0.00000E+00  0.00000E+00  0.00000E+00  0.00000E+00  0.00000E+00  0.00000E+00
   11927   3  1.16261E-01  1.16261E-01  1.16261E-01  1.16261E-01  1.16261E-01  1.16261E-01  1.16261E-01  1.16261E-01  1.16261E-01  1.16261E-01  1.16261E-01  1.16261E-01  1.16261E-01  1.16261E-01  1.16261E-01  1.16261E-01  1.16261E-01  1.16261E-01  1.16261E-01  1.16261E-01  1.16261E-01  1.16261E-01  1.16261E-01  1.16261E-01
   12279   3  2.12941E-01  2.12941E-01  2.12941E-01  2.12941E-01  2.12941E-01  2.12941E-01  2.12941E-01  2.12941E-01  2.12941E-01  2.12941E-01  2.12941E-01  2.12941E-01  2.12941E-01  2.12941E-01  2.12941E-01  2.12941E-01  2.12941E-01  2.12941E-01  2.12941E-01  2.12941E-01  2.12941E-01  2.12941E-01  2.12941E-01  2.12941E-01
   12635   3  3.32427E-02  3.32427E-02  3.32427E-02  3.32427E-02  3.32427E-02  3.32427E-02  3.32427E-02  3.32427E-02  3.32427E-02  3.32427E-02  3.32427E-02  3.32427E-02  3.32427E-02  3.32427E-02  3.32427E-02  3.32427E-02  3.32427E-02  3.32427E-02  3.32427E-02  3.32427E-02  3.32427E-02  3.32427E-02  3.32427E-02  3.32427E-02
   12636   3  1.61072E-02  1.61072E-02  1.61072E-02  1.61072E-02  1.61072E-02  1.61072E-02  1.61072E-02  1.61072E-02  1.61072E-02  1.61072E-02  1.61072E-02  1.61072E-02  1.61072E-02  1.61072E-02  1.61072E-02  1.61072E-02  1.61072E-02  1.61072E-02  1.61072E-02  1.61072E-02  1.61072E-02  1.61072E-02  1.61072E-02  1.61072E-02
   14046   3  3.71528E-01  3.71528E-01  3.71528E-01  3.71528E-01  3.71528E-01  3.71528E-01  3.71528E-01  3.71528E-01  3.71528E-01  3.71528E-01  3.71528E-01  3.71528E-01  3.71528E-01  3.71528E-01  3.71528E-01  3.71528E-01  3.71528E-01  3.71528E-01  3.71528E-01  3.71528E-01  3.71528E-01  3.71528E-01  3.71528E-01  3.71528E-01
   14047   3  0.00000E+00  0.00000E+00  0.00000E+00  0.00000E+00  0.00000E+00  0.00000E+00  0.00000E+00  0.00000E+00  0.00000E+00  0.00000E+00  0.00000E+00  0.00000E+00  0.00000E+00  0.00000E+00  0.00000E+00  0.00000E+00  0.00000E+00  0.00000E+00  0.00000E+00  0.00000E+00  0.00000E+00  0.00000E+00  0.00000E+00  0.00000E+00
   14047   2  0.00000E+00  0.00000E+00  0.00000E+00  0.00000E+00  0.00000E+00  0.00000E+00  0.00000E+00  0.00000E+00  0.00000E+00  0.00000E+00  0.00000E+00  0.00000E+00  0.00000E+00  0.00000E+00  0.00000E+00  0.00000E+00  0.00000E+00  0.00000E+00  0.00000E+00  0.00000E+00  0.00000E+00  0.00000E+00  0.00000E+00  0.00000E+00
    9465   3  0.00000E+00  0.00000E+00  0.00000E+00  0.00000E+00  0.00000E+00  0.00000E+00  0.00000E+00  0.00000E+00  0.00000E+00  0.00000E+00  0.00000E+00  0.00000E+00  0.00000E+00  0.00000E+00  0.00000E+00  0.00000E+00  0.00000E+00  0.00000E+00  0.00000E+00  0.00000E+00  0.00000E+00  0.00000E+00  0.00000E+00  0.00000E+00
    1352   7  0.00000E+00  0.00000E+00  0.00000E+00  0.00000E+00  0.00000E+00  0.00000E+00  0.00000E+00  0.00000E+00  0.00000E+00  0.00000E+00  0.00000E+00  0.00000E+00  0.00000E+00  0.00000E+00  0.00000E+00  0.00000E+00  0.00000E+00  0.00000E+00  0.00000E+00  0.00000E+00  0.00000E+00  0.00000E+00  0.00000E+00  0.00000E+00
    1352   4  0.00000E+00  0.00000E+00  0.00000E+00  0.00000E+00  0.00000E+00  0.00000E+00  0.00000E+00  0.00000E+00  0.00000E+00  0.00000E+00  0.00000E+00  0.00000E+00  0.00000E+00  0.00000E+00  0.00000E+00  0.00000E+00  0.00000E+00  0.00000E+00  0.00000E+00  0.00000E+00  0.00000E+00  0.00000E+00  0.00000E+00  0.00000E+00
    9106   3  1.32327E-03  1.32327E-03  1.32327E-03  1.32327E-03  1.32327E-03  1.32327E-03  1.32327E-03  1.32327E-03  1.32327E-03  1.32327E-03  1.32327E-03  1.32327E-03  1.32327E-03  1.32327E-03  1.32327E-03  1.32327E-03  1.32327E-03  1.32327E-03  1.32327E-03  1.32327E-03  1.32327E-03  1.32327E-03  1.32327E-03  1.32327E-03
    9458   7  0.00000E+00  0.00000E+00  0.00000E+00  0.00000E+00  0.00000E+00  0.00000E+00  0.00000E+00  0.00000E+00  0.00000E+00  0.00000E+00  0.00000E+00  0.00000E+00  0.00000E+00  0.00000E+00  0.00000E+00  0.00000E+00  0.00000E+00  0.00000E+00  0.00000E+00  0.00000E+00  0.00000E+00  0.00000E+00  0.00000E+00  0.00000E+00
    9458   3  0.00000E+00  0.00000E+00  0.00000E+00  0.00000E+00  0.00000E+00  0.00000E+00  0.00000E+00  0.00000E+00  0.00000E+00  0.00000E+00  0.00000E+00  0.00000E+00  0.00000E+00  0.00000E+00  0.00000E+00  0.00000E+00  0.00000E+00  0.00000E+00  0.00000E+00  0.00000E+00  0.00000E+00  0.00000E+00  0.00000E+00  0.00000E+00
    9458   2  0.00000E+00  0.00000E+00  0.00000E+00  0.00000E+00  0.00000E+00  0.00000E+00  0.00000E+00  0.00000E+00  0.00000E+00  0.00000E+00  0.00000E+00  0.00000E+00  0.00000E+00  0.00000E+00  0.00000E+00  0.00000E+00  0.00000E+00  0.00000E+00  0.00000E+00  0.00000E+00  0.00000E+00  0.00000E+00  0.00000E+00  0.00000E+00
    6635   3  0.00000E+00  0.00000E+00  0.00000E+00  0.00000E+00  0.00000E+00  0.00000E+00  0.00000E+00  0.00000E+00  0.00000E+00  0.00000E+00  0.00000E+00  0.00000E+00  0.00000E+00  0.00000E+00  0.00000E+00  0.00000E+00  0.00000E+00  0.00000E+00  0.00000E+00  0.00000E+00  0.00000E+00  0.00000E+00  0.00000E+00  0.00000E+00
    6635   2  0.00000E+00  0.00000E+00  0.00000E+00  0.00000E+00  0.00000E+00  0.00000E+00  0.00000E+00  0.00000E+00  0.00000E+00  0.00000E+00  0.00000E+00  0.00000E+00  0.00000E+00  0.00000E+00  0.00000E+00  0.00000E+00  0.00000E+00  0.00000E+00  0.00000E+00  0.00000E+00  0.00000E+00  0.00000E+00  0.00000E+00  0.00000E+00
   11586   3  2.41890E-04  2.41890E-04  2.41890E-04  2.41890E-04  2.41890E-04  2.41890E-04  2.41890E-04  2.41890E-04  2.41890E-04  2.41890E-04  2.41890E-04  2.41890E-04  2.41890E-04  2.41890E-04  2.41890E-04  2.41890E-04  2.41890E-04  2.41890E-04  2.41890E-04  2.41890E-04  2.41890E-04  2.41890E-04  2.41890E-04  2.41890E-04
   19977   3  2.32834E+01  2.32834E+01  1.54225E+00  1.54225E+00  1.54225E+00  1.54225E+00  1.54225E+00  1.54225E+00  1.54225E+00  1.54225E+00  1.54225E+00  1.54225E+00  1.54225E+00  2.32834E+01  2.32834E+01  2.32834E+01  2.32834E+01  2.32834E+01  2.32834E+01  2.32834E+01  2.32834E+01  2.32834E+01  2.32834E+01  2.32834E+01
   19977   4  2.94836E+00  2.94836E+00  2.94836E+00  2.94836E+00  2.94836E+00  2.94836E+00  2.94836E+00  2.94836E+00  2.94836E+00  2.94836E+00  2.94836E+00  2.94836E+00  2.94836E+00  2.94836E+00  2.94836E+00  2.94836E+00  2.94836E+00  2.94836E+00  2.94836E+00  2.94836E+00  2.94836E+00  2.94836E+00  2.94836E+00  2.94836E+00
   19977   5  0.00000E+00  0.00000E+00  0.00000E+00  0.00000E+00  0.00000E+00  0.00000E+00  0.00000E+00  0.00000E+00  0.00000E+00  0.00000E+00  0.00000E+00  0.00000E+00  0.00000E+00  0.00000E+00  0.00000E+00  0.00000E+00  0.00000E+00  0.00000E+00  0.00000E+00  0.00000E+00  0.00000E+00  0.00000E+00  0.00000E+00  0.00000E+00
   20329   4  1.15377E+00  1.15377E+00  1.15377E+00  1.15377E+00  1.15377E+00  1.15377E+00  1.15377E+00  1.15377E+00  1.15377E+00  1.15377E+00  1.15377E+00  1.15377E+00  1.15377E+00  1.15377E+00  1.15377E+00  1.15377E+00  1.15377E+00  1.15377E+00  1.15377E+00  1.15377E+00  1.15377E+00  1.15377E+00  1.15377E+00  1.15377E+00
   20330   4  3.33871E+00  3.33871E+00  3.33871E+00  3.33871E+00  3.33871E+00  3.33871E+00  3.33871E+00  3.33871E+00  3.33871E+00  3.33871E+00  3.33871E+00  3.33871E+00  3.33871E+00  3.33871E+00  3.33871E+00  3.33871E+00  3.33871E+00  3.33871E+00  3.33871E+00  3.33871E+00  3.33871E+00  3.33871E+00  3.33871E+00  3.33871E+00
   19977   2  1.99556E-01  1.99556E-01  1.99556E-01  1.99556E-01  1.99556E-01  1.99556E-01  1.99556E-01  1.99556E-01  1.99556E-01  1.99556E-01  1.99556E-01  1.99556E-01  1.99556E-01  1.99556E-01  1.99556E-01  1.99556E-01  1.99556E-01  1.99556E-01  1.99556E-01  1.99556E-01  1.99556E-01  1.99556E-01  1.99556E-01  1.99556E-01
   19976   4  3.61996E+00  3.61996E+00  3.61996E+00  3.61996E+00  3.61996E+00  3.61996E+00  3.61996E+00  3.61996E+00  3.61996E+00  3.61996E+00  3.61996E+00  3.61996E+00  3.61996E+00  3.61996E+00  3.61996E+00  3.61996E+00  3.61996E+00  3.61996E+00  3.61996E+00  3.61996E+00  3.61996E+00  3.61996E+00  3.61996E+00  3.61996E+00
   19977   7  0.00000E+00  0.00000E+00  0.00000E+00  0.00000E+00  0.00000E+00  0.00000E+00  0.00000E+00  0.00000E+00  0.00000E+00  0.00000E+00  0.00000E+00  0.00000E+00  0.00000E+00  8.01183E+00  8.01183E+00  8.01183E+00  8.01183E+00  8.01183E+00  8.01183E+00  8.01183E+00  8.01183E+00  0.00000E+00  0.00000E+00  0.00000E+00
   20330   3  2.90492E+00  2.90492E+00  2.18303E+00  2.18303E+00  2.18303E+00  2.18303E+00  2.18303E+00  2.18303E+00  2.18303E+00  2.18303E+00  2.18303E+00  2.18303E+00  2.18303E+00  2.90546E+00  2.90546E+00  2.90546E+00  2.90546E+00  2.90546E+00  2.90546E+00  2.90546E+00  2.90546E+00  2.90492E+00  2.90492E+00  2.90492E+00
   19976   3  9.04518E-01  9.04518E-01  1.41056E-01  1.41056E-01  1.41056E-01  1.41056E-01  1.41056E-01  1.41056E-01  1.41056E-01  1.41056E-01  1.41056E-01  1.41056E-01  1.41056E-01  9.04518E-01  9.04518E-01  9.04518E-01  9.04518E-01  9.04518E-01  9.04518E-01  9.04518E-01  9.04518E-01  9.04518E-01  9.04518E-01  9.04518E-01
   19624   3  5.02460E+00  5.02460E+00  3.12708E-01  3.12708E-01  3.12708E-01  3.12708E-01  3.12708E-01  3.12708E-01  3.12708E-01  3.12708E-01  3.12708E-01  3.12708E-01  3.12708E-01  5.02460E+00  5.02460E+00  5.02460E+00  5.02460E+00  5.02460E+00  5.02460E+00  5.02460E+00  5.02460E+00  5.02460E+00  5.02460E+00  5.02460E+00
   19271   4  1.12094E+00  1.12094E+00  1.12094E+00  1.12094E+00  1.12094E+00  1.12094E+00  1.12094E+00  1.12094E+00  1.12094E+00  1.12094E+00  1.12094E+00  1.12094E+00  1.12094E+00  1.12094E+00  1.12094E+00  1.12094E+00  1.12094E+00  1.12094E+00  1.12094E+00  1.12094E+00  1.12094E+00  1.12094E+00  1.12094E+00  1.12094E+00
   19271   7  0.00000E+00  0.00000E+00  0.00000E+00  0.00000E+00  0.00000E+00  0.00000E+00  0.00000E+00  0.00000E+00  0.00000E+00  0.00000E+00  0.00000E+00  0.00000E+00  0.00000E+00  2.44918E-02  2.44918E-02  2.44918E-02  2.44918E-02  2.44918E-02  2.44918E-02  2.44918E-02  2.44918E-02  0.00000E+00  0.00000E+00  0.00000E+00
   19624   4  8.32625E-01  8.32625E-01  8.32625E-01  8.32625E-01  8.32625E-01  8.32625E-01  8.32625E-01  8.32625E-01  8.32625E-01  8.32625E-01  8.32625E-01  8.32625E-01  8.32625E-01  8.32625E-01  8.32625E-01  8.32625E-01  8.32625E-01  8.32625E-01  8.32625E-01  8.32625E-01  8.32625E-01  8.32625E-01  8.32625E-01  8.32625E-01
   19271   3  7.70631E-01  7.70631E-01  7.56930E-01  7.56930E-01  7.56930E-01  7.56930E-01  7.56930E-01  7.56930E-01  7.56930E-01  7.56930E-01  7.56930E-01  7.56930E-01  7.56930E-01  7.70631E-01  7.70631E-01  7.70631E-01  7.70631E-01  7.70631E-01  7.70631E-01  7.70631E-01  7.70631E-01  7.70631E-01  7.70631E-01  7.70631E-01
   19272   4  1.84186E-01  1.84186E-01  1.84186E-01  1.84186E-01  1.84186E-01  1.84186E-01  1.84186E-01  1.84186E-01  1.84186E-01  1.84186E-01  1.84186E-01  1.84186E-01  1.84186E-01  1.84186E-01  1.84186E-01  1.84186E-01  1.84186E-01  1.84186E-01  1.84186E-01  1.84186E-01  1.84186E-01  1.84186E-01  1.84186E-01  1.84186E-01
   19622   3  8.96550E-05  8.96550E-05  8.96550E-05  8.96550E-05  8.96550E-05  8.96550E-05  8.96550E-05  8.96550E-05  8.96550E-05  8.96550E-05  8.96550E-05  8.96550E-05  8.96550E-05  8.96550E-05  8.96550E-05  8.96550E-05  8.96550E-05  8.96550E-05  8.96550E-05  8.96550E-05  8.96550E-05  8.96550E-05  8.96550E-05  8.96550E-05
   19269   4  9.97485E-05  9.97485E-05  9.97485E-05  9.97485E-05  9.97485E-05  9.97485E-05  9.97485E-05  9.97485E-05  9.97485E-05  9.97485E-05  9.97485E-05  9.97485E-05  9.97485E-05  9.97485E-05  9.97485E-05  9.97485E-05  9.97485E-05  9.97485E-05  9.97485E-05  9.97485E-05  9.97485E-05  9.97485E-05  9.97485E-05  9.97485E-05
   20330   5  0.00000E+00  0.00000E+00  0.00000E+00  0.00000E+00  0.00000E+00  0.00000E+00  0.00000E+00  0.00000E+00  0.00000E+00  0.00000E+00  0.00000E+00  0.00000E+00  0.00000E+00  0.00000E+00  0.00000E+00  0.00000E+00  0.00000E+00  0.00000E+00  0.00000E+00  0.00000E+00  0.00000E+00  0.00000E+00  0.00000E+00  0.00000E+00
   19978   4  2.72399E+00  2.72399E+00  2.72399E+00  2.72399E+00  2.72399E+00  2.72399E+00  2.72399E+00  2.72399E+00  2.72399E+00  2.72399E+00  2.72399E+00  2.72399E+00  2.72399E+00  2.72399E+00  2.72399E+00  2.72399E+00  2.72399E+00  2.72399E+00  2.72399E+00  2.72399E+00  2.72399E+00  2.72399E+00  2.72399E+00  2.72399E+00
   19978   3  1.02360E+00  1.02360E+00  3.09516E-01  3.09516E-01  3.09516E-01  3.09516E-01  3.09516E-01  3.09516E-01  3.09516E-01  3.09516E-01  3.09516E-01  3.09516E-01  3.09516E-01  1.02360E+00  1.02360E+00  1.02360E+00  1.02360E+00  1.02360E+00  1.02360E+00  1.02360E+00  1.02360E+00  1.02360E+00  1.02360E+00  1.02360E+00
   19625   3  4.11392E+00  4.11392E+00  2.30520E+00  2.30520E+00  2.30520E+00  2.30520E+00  2.30520E+00  2.30520E+00  2.30520E+00  2.30520E+00  2.30520E+00  2.30520E+00  2.30520E+00  4.11392E+00  4.11392E+00  4.11392E+00  4.11392E+00  4.11392E+00  4.11392E+00  4.11392E+00  4.11392E+00  4.11392E+00  4.11392E+00  4.11392E+00
   19625   4  4.13968E+00  4.13968E+00  4.13968E+00  4.13968E+00  4.13968E+00  4.13968E+00  4.13968E+00  4.13968E+00  4.13968E+00  4.13968E+00  4.13968E+00  4.13968E+00  4.13968E+00  4.13968E+00  4.13968E+00  4.13968E+00  4.13968E+00  4.13968E+00  4.13968E+00  4.13968E+00  4.13968E+00  4.13968E+00  4.13968E+00  4.13968E+00
   19625   7  0.00000E+00  0.00000E+00  0.00000E+00  0.00000E+00  0.00000E+00  0.00000E+00  0.00000E+00  0.00000E+00  0.00000E+00  0.00000E+00  0.00000E+00  0.00000E+00  0.00000E+00  1.21555E-01  1.21555E-01  1.21555E-01  1.21555E-01  1.21555E-01  1.21555E-01  1.21555E-01  1.21555E-01  0.00000E+00  0.00000E+00  0.00000E+00
   19625   5  0.00000E+00  0.00000E+00  0.00000E+00  0.00000E+00  0.00000E+00  0.00000E+00  0.00000E+00  0.00000E+00  0.00000E+00  0.00000E+00  0.00000E+00  0.00000E+00  0.00000E+00  0.00000E+00  0.00000E+00  0.00000E+00  0.00000E+00  0.00000E+00  0.00000E+00  0.00000E+00  0.00000E+00  0.00000E+00  0.00000E+00  0.00000E+00
   19272   3  8.77356E-02  8.77356E-02  4.45829E-05  4.45829E-05  4.45829E-05  4.45829E-05  4.45829E-05  4.45829E-05  4.45829E-05  4.45829E-05  4.45829E-05  4.45829E-05  4.45829E-05  8.77356E-02  8.77356E-02  8.77356E-02  8.77356E-02  8.77356E-02  8.77356E-02  8.77356E-02  8.77356E-02  8.77356E-02  8.77356E-02  8.77356E-02
   19626   3  7.85163E-02  7.85163E-02  7.85163E-02  7.85163E-02  7.85163E-02  7.08356E-02  7.08356E-02  7.08356E-02  7.08356E-02  7.08356E-02  7.08356E-02  7.08356E-02  7.08356E-02  7.86854E-02  7.86854E-02  7.86854E-02  7.86854E-02  7.86854E-02  7.86854E-02  7.86854E-02  7.86854E-02  7.85163E-02  7.85163E-02  7.85163E-02
   19626   4  1.30877E+00  1.30877E+00  1.30877E+00  1.30877E+00  1.30877E+00  1.30877E+00  1.30877E+00  1.30877E+00  1.30877E+00  1.30877E+00  1.30877E+00  1.30877E+00  1.30877E+00  1.30877E+00  1.30877E+00  1.30877E+00  1.30877E+00  1.30877E+00  1.30877E+00  1.30877E+00  1.30877E+00  1.30877E+00  1.30877E+00  1.30877E+00
   19626   5  0.00000E+00  0.00000E+00  0.00000E+00  0.00000E+00  0.00000E+00  0.00000E+00  0.00000E+00  0.00000E+00  0.00000E+00  0.00000E+00  0.00000E+00  0.00000E+00  0.00000E+00  0.00000E+00  0.00000E+00  0.00000E+00  0.00000E+00  0.00000E+00  0.00000E+00  0.00000E+00  0.00000E+00  0.00000E+00  0.00000E+00  0.00000E+00
   19270   3  5.45987E-02  5.45987E-02  3.92012E-02  3.92012E-02  3.92012E-02  3.92012E-02  3.92012E-02  3.92012E-02  3.92012E-02  3.92012E-02  3.92012E-02  3.92012E-02  3.92012E-02  5.46015E-02  5.46015E-02  5.46015E-02  5.46015E-02  5.46015E-02  5.46015E-02  5.46015E-02  5.46015E-02  5.45987E-02  5.45987E-02  5.45987E-02
   19270   4  1.25143E-01  1.25143E-01  1.25143E-01  1.25143E-01  1.25143E-01  1.25143E-01  1.25143E-01  1.25143E-01  1.25143E-01  1.25143E-01  1.25143E-01  1.25143E-01  1.25143E-01  1.25346E-01  1.25346E-01  1.25346E-01  1.25346E-01  1.25346E-01  1.25346E-01  1.25346E-01  1.25346E-01  1.25143E-01  1.25143E-01  1.25143E-01
   19623   4  5.95008E-05  5.95008E-05  5.95008E-05  5.95008E-05  5.95008E-05  5.95008E-05  5.95008E-05  5.95008E-05  5.95008E-05  5.95008E-05  5.95008E-05  5.95008E-05  5.95008E-05  5.95008E-05  5.95008E-05  5.95008E-05  5.95008E-05  5.95008E-05  5.95008E-05  5.95008E-05  5.95008E-05  5.95008E-05  5.95008E-05  5.95008E-05
   19623   3  7.16407E-02  7.16407E-02  7.16407E-02  7.16407E-02  7.16407E-02  7.16407E-02  7.16407E-02  7.16407E-02  7.16407E-02  7.16407E-02  7.16407E-02  7.16407E-02  7.16407E-02  7.16407E-02  7.16407E-02  7.16407E-02  7.16407E-02  7.16407E-02  7.16407E-02  7.16407E-02  7.16407E-02  7.16407E-02  7.16407E-02  7.16407E-02
   19623   7  0.00000E+00  0.00000E+00  0.00000E+00  0.00000E+00  0.00000E+00  0.00000E+00  0.00000E+00  0.00000E+00  0.00000E+00  0.00000E+00  0.00000E+00  0.00000E+00  0.00000E+00  1.45273E-01  1.45273E-01  1.45273E-01  1.45273E-01  1.45273E-01  1.45273E-01  1.45273E-01  1.45273E-01  0.00000E+00  0.00000E+00  0.00000E+00
   19273   4  3.82673E-01  3.82673E-01  3.82673E-01  3.82673E-01  3.82673E-01  3.82673E-01  3.82673E-01  3.82673E-01  3.82673E-01  3.82673E-01  3.82673E-01  3.82673E-01  3.82673E-01  3.82673E-01  3.82673E-01  3.82673E-01  3.82673E-01  3.82673E-01  3.82673E-01  3.82673E-01  3.82673E-01  3.82673E-01  3.82673E-01  3.82673E-01
   19273   3  1.12249E-01  1.12249E-01  6.29232E-02  6.29232E-02  6.29232E-02  6.29232E-02  6.29232E-02  6.29232E-02  6.29232E-02  6.29232E-02  6.29232E-02  6.29232E-02  6.29232E-02  1.14042E-01  1.14042E-01  1.14042E-01  1.14042E-01  1.14042E-01  1.14042E-01  1.14042E-01  1.14042E-01  1.12249E-01  1.12249E-01  1.12249E-01
   19273   5  0.00000E+00  0.00000E+00  0.00000E+00  0.00000E+00  0.00000E+00  0.00000E+00  0.00000E+00  0.00000E+00  0.00000E+00  0.00000E+00  0.00000E+00  0.00000E+00  0.00000E+00  0.00000E+00  0.00000E+00  0.00000E+00  0.00000E+00  0.00000E+00  0.00000E+00  0.00000E+00  0.00000E+00  0.00000E+00  0.00000E+00  0.00000E+00
   18917   4  2.05656E-01  2.05656E-01  2.05656E-01  2.05656E-01  2.05656E-01  2.05656E-01  2.05656E-01  2.05656E-01  2.05656E-01  2.05656E-01  2.05656E-01  2.05656E-01  2.05656E-01  2.05656E-01  2.05656E-01  2.05656E-01  2.05656E-01  2.05656E-01  2.05656E-01  2.05656E-01  2.05656E-01  2.05656E-01  2.05656E-01  2.05656E-01
   18917   3  7.83185E-02  7.83185E-02  2.18639E-04  2.18639E-04  2.18639E-04  2.18639E-04  2.18639E-04  2.18639E-04  2.18639E-04  2.18639E-04  2.18639E-04  2.18639E-04  2.18639E-04  7.83185E-02  7.83185E-02  7.83185E-02  7.83185E-02  7.83185E-02  7.83185E-02  7.83185E-02  7.83185E-02  7.83185E-02  7.83185E-02  7.83185E-02
   18919   3  5.31907E-02  5.31907E-02  1.77946E-02  1.77946E-02  1.77946E-02  1.77946E-02  1.77946E-02  1.77946E-02  1.77946E-02  1.77946E-02  1.77946E-02  1.77946E-02  1.77946E-02  5.31907E-02  5.31907E-02  5.31907E-02  5.31907E-02  5.31907E-02  5.31907E-02  5.31907E-02  5.31907E-02  5.31907E-02  5.31907E-02  5.31907E-02
   18919   4  3.93631E-02  3.93631E-02  3.93631E-02  3.93631E-02  3.93631E-02  3.93631E-02  3.93631E-02  3.93631E-02  3.93631E-02  3.93631E-02  3.93631E-02  3.93631E-02  3.93631E-02  3.93631E-02  3.93631E-02  3.93631E-02  3.93631E-02  3.93631E-02  3.93631E-02  3.93631E-02  3.93631E-02  3.93631E-02  3.93631E-02  3.93631E-02
   19624   5  0.00000E+00  0.00000E+00  0.00000E+00  0.00000E+00  0.00000E+00  0.00000E+00  0.00000E+00  0.00000E+00  0.00000E+00  0.00000E+00  0.00000E+00  0.00000E+00  0.00000E+00  0.00000E+00  0.00000E+00  0.00000E+00  0.00000E+00  0.00000E+00  0.00000E+00  0.00000E+00  0.00000E+00  0.00000E+00  0.00000E+00  0.00000E+00
   19976   5  0.00000E+00  0.00000E+00  0.00000E+00  0.00000E+00  0.00000E+00  0.00000E+00  0.00000E+00  0.00000E+00  0.00000E+00  0.00000E+00  0.00000E+00  0.00000E+00  0.00000E+00  0.00000E+00  0.00000E+00  0.00000E+00  0.00000E+00  0.00000E+00  0.00000E+00  0.00000E+00  0.00000E+00  0.00000E+00  0.00000E+00  0.00000E+00
   19976   2  2.51309E-01  2.51309E-01  2.51309E-01  2.51309E-01  2.51309E-01  2.51309E-01  2.51309E-01  2.51309E-01  2.51309E-01  2.51309E-01  2.51309E-01  2.51309E-01  2.51309E-01  2.51309E-01  2.51309E-01  2.51309E-01  2.51309E-01  2.51309E-01  2.51309E-01  2.51309E-01  2.51309E-01  2.51309E-01  2.51309E-01  2.51309E-01
   19978   7  0.00000E+00  0.00000E+00  0.00000E+00  0.00000E+00  0.00000E+00  0.00000E+00  0.00000E+00  0.00000E+00  0.00000E+00  0.00000E+00  0.00000E+00  0.00000E+00  0.00000E+00  1.50903E-01  1.50903E-01  1.50903E-01  1.50903E-01  1.50903E-01  1.50903E-01  1.50903E-01  1.50903E-01  0.00000E+00  0.00000E+00  0.00000E+00
   44604   3  8.99506E-05  8.99506E-05  8.99506E-05  8.99506E-05  8.99506E-05  8.99506E-05  8.99506E-05  8.99506E-05  8.99506E-05  8.99506E-05  8.99506E-05  8.99506E-05  8.99506E-05  8.99506E-05  8.99506E-05  8.99506E-05  8.99506E-05  8.99506E-05  8.99506E-05  8.99506E-05  8.99506E-05  8.99506E-05  8.99506E-05  8.99506E-05
   42517   3  1.04984E-06  1.04984E-06  1.04984E-06  1.04984E-06  1.04984E-06  1.04984E-06  1.04984E-06  1.04984E-06  1.04984E-06  1.04984E-06  1.04984E-06  1.04984E-06  1.04984E-06  1.04984E-06  1.04984E-06  1.04984E-06  1.04984E-06  1.04984E-06  1.04984E-06  1.04984E-06  1.04984E-06  1.04984E-06  1.04984E-06  1.04984E-06
   43929   3  0.00000E+00  0.00000E+00  0.00000E+00  0.00000E+00  0.00000E+00  0.00000E+00  0.00000E+00  0.00000E+00  0.00000E+00  0.00000E+00  0.00000E+00  0.00000E+00  0.00000E+00  0.00000E+00  0.00000E+00  0.00000E+00  0.00000E+00  0.00000E+00  0.00000E+00  0.00000E+00  0.00000E+00  0.00000E+00  0.00000E+00  0.00000E+00
   39330   3  2.80023E-04  2.80023E-04  2.80023E-04  2.80023E-04  2.80023E-04  2.80023E-04  2.80023E-04  2.80023E-04  2.80023E-04  2.80023E-04  2.80023E-04  2.80023E-04  2.80023E-04  2.80023E-04  2.80023E-04  2.80023E-04  2.80023E-04  2.80023E-04  2.80023E-04  2.80023E-04  2.80023E-04  2.80023E-04  2.80023E-04  2.80023E-04
   39327   2  0.00000E+00  0.00000E+00  0.00000E+00  0.00000E+00  0.00000E+00  0.00000E+00  0.00000E+00  0.00000E+00  0.00000E+00  0.00000E+00  0.00000E+00  0.00000E+00  0.00000E+00  0.00000E+00  0.00000E+00  0.00000E+00  0.00000E+00  0.00000E+00  0.00000E+00  0.00000E+00  0.00000E+00  0.00000E+00  0.00000E+00  0.00000E+00
   39327   4  3.17540E-01  3.17540E-01  3.17540E-01  3.17540E-01  3.17540E-01  3.17540E-01  3.17540E-01  3.17540E-01  3.17540E-01  3.17540E-01  3.17540E-01  3.17540E-01  3.17540E-01  3.17540E-01  3.17540E-01  3.17540E-01  3.17540E-01  3.17540E-01  3.17540E-01  3.17540E-01  3.17540E-01  3.17540E-01  3.17540E-01  3.17540E-01
   39683   4  2.09091E-02  2.09091E-02  2.09091E-02  2.09091E-02  2.09091E-02  2.09091E-02  2.09091E-02  2.09091E-02  2.09091E-02  2.09091E-02  2.09091E-02  2.09091E-02  2.09091E-02  2.09091E-02  2.09091E-02  2.09091E-02  2.09091E-02  2.09091E-02  2.09091E-02  2.09091E-02  2.09091E-02  2.09091E-02  2.09091E-02  2.09091E-02
   39682   7  0.00000E+00  0.00000E+00  0.00000E+00  0.00000E+00  0.00000E+00  0.00000E+00  0.00000E+00  0.00000E+00  0.00000E+00  0.00000E+00  0.00000E+00  0.00000E+00  0.00000E+00  0.00000E+00  0.00000E+00  0.00000E+00  0.00000E+00  0.00000E+00  0.00000E+00  0.00000E+00  0.00000E+00  0.00000E+00  0.00000E+00  0.00000E+00
   46049   3  0.00000E+00  0.00000E+00  0.00000E+00  0.00000E+00  0.00000E+00  0.00000E+00  0.00000E+00  0.00000E+00  0.00000E+00  0.00000E+00  0.00000E+00  0.00000E+00  0.00000E+00  0.00000E+00  0.00000E+00  0.00000E+00  0.00000E+00  0.00000E+00  0.00000E+00  0.00000E+00  0.00000E+00  0.00000E+00  0.00000E+00  0.00000E+00
   46755   2  0.00000E+00  0.00000E+00  0.00000E+00  0.00000E+00  0.00000E+00  0.00000E+00  0.00000E+00  0.00000E+00  0.00000E+00  0.00000E+00  0.00000E+00  0.00000E+00  0.00000E+00  0.00000E+00  0.00000E+00  0.00000E+00  0.00000E+00  0.00000E+00  0.00000E+00  0.00000E+00  0.00000E+00  0.00000E+00  0.00000E+00  0.00000E+00
   46403   3  0.00000E+00  0.00000E+00  0.00000E+00  0.00000E+00  0.00000E+00  0.00000E+00  0.00000E+00  0.00000E+00  0.00000E+00  0.00000E+00  0.00000E+00  0.00000E+00  0.00000E+00  0.00000E+00  0.00000E+00  0.00000E+00  0.00000E+00  0.00000E+00  0.00000E+00  0.00000E+00  0.00000E+00  0.00000E+00  0.00000E+00  0.00000E+00
   46755   1  0.00000E+00  0.00000E+00  0.00000E+00  0.00000E+00  0.00000E+00  0.00000E+00  0.00000E+00  0.00000E+00  0.00000E+00  0.00000E+00  0.00000E+00  0.00000E+00  0.00000E+00  0.00000E+00  0.00000E+00  0.00000E+00  0.00000E+00  0.00000E+00  0.00000E+00  0.00000E+00  0.00000E+00  0.00000E+00  0.00000E+00  0.00000E+00
   46755   3  8.40021E-03  8.40021E-03  8.40021E-03  8.40021E-03  8.40021E-03  8.40021E-03  8.40021E-03  8.40021E-03  8.40021E-03  8.40021E-03  8.40021E-03  8.40021E-03  8.40021E-03  8.40021E-03  8.40021E-03  8.40021E-03  8.40021E-03  8.40021E-03  8.40021E-03  8.40021E-03  8.40021E-03  8.40021E-03  8.40021E-03  8.40021E-03
   46755   4  1.47337E-01  1.47337E-01  1.47337E-01  1.47337E-01  1.47337E-01  1.47337E-01  1.47337E-01  1.47337E-01  1.47337E-01  1.47337E-01  1.47337E-01  1.47337E-01  1.47337E-01  1.47337E-01  1.47337E-01  1.47337E-01  1.47337E-01  1.47337E-01  1.47337E-01  1.47337E-01  1.47337E-01  1.47337E-01  1.47337E-01  1.47337E-01
   46753   4  0.00000E+00  0.00000E+00  0.00000E+00  0.00000E+00  0.00000E+00  0.00000E+00  0.00000E+00  0.00000E+00  0.00000E+00  0.00000E+00  0.00000E+00  0.00000E+00  0.00000E+00  3.79995E-02  3.79995E-02  3.79995E-02  3.79995E-02  3.79995E-02  3.79995E-02  3.79995E-02  3.79995E-02  0.00000E+00  0.00000E+00  0.00000E+00
   47110   3  2.92315E-03  2.92315E-03  2.92315E-03  2.92315E-03  2.92315E-03  2.92315E-03  2.92315E-03  2.92315E-03  2.92315E-03  2.92315E-03  2.92315E-03  2.92315E-03  2.92315E-03  2.92315E-03  2.92315E-03  2.92315E-03  2.92315E-03  2.92315E-03  2.92315E-03  2.92315E-03  2.92315E-03  2.92315E-03  2.92315E-03  2.92315E-03
   46402   7  0.00000E+00  0.00000E+00  0.00000E+00  0.00000E+00  0.00000E+00  0.00000E+00  0.00000E+00  0.00000E+00  0.00000E+00  0.00000E+00  0.00000E+00  0.00000E+00  0.00000E+00  0.00000E+00  0.00000E+00  0.00000E+00  0.00000E+00  0.00000E+00  0.00000E+00  0.00000E+00  0.00000E+00  0.00000E+00  0.00000E+00  0.00000E+00
   47787   3  1.16799E-05  1.16799E-05  1.16799E-05  1.16799E-05  1.16799E-05  1.16799E-05  1.16799E-05  1.16799E-05  1.16799E-05  1.16799E-05  1.16799E-05  1.16799E-05  1.16799E-05  1.16799E-05  1.16799E-05  1.16799E-05  1.16799E-05  1.16799E-05  1.16799E-05  1.16799E-05  1.16799E-05  1.16799E-05  1.16799E-05  1.16799E-05
   47460   4  0.00000E+00  0.00000E+00  0.00000E+00  0.00000E+00  0.00000E+00  0.00000E+00  0.00000E+00  0.00000E+00  0.00000E+00  0.00000E+00  0.00000E+00  0.00000E+00  0.00000E+00  0.00000E+00  0.00000E+00  0.00000E+00  0.00000E+00  0.00000E+00  0.00000E+00  0.00000E+00  0.00000E+00  0.00000E+00  0.00000E+00  0.00000E+00
   42139   3  1.46596E-01  1.46596E-01  1.46596E-01  1.46596E-01  1.46596E-01  1.46596E-01  1.46596E-01  1.46596E-01  1.46596E-01  1.46596E-01  1.46596E-01  1.46596E-01  1.46596E-01  1.46596E-01  1.46596E-01  1.46596E-01  1.46596E-01  1.46596E-01  1.46596E-01  1.46596E-01  1.46596E-01  1.46596E-01  1.46596E-01  1.46596E-01
   41804   3  2.64686E-05  2.64686E-05  2.64686E-05  2.64686E-05  2.64686E-05  2.64686E-05  2.64686E-05  2.64686E-05  2.64686E-05  2.64686E-05  2.64686E-05  2.64686E-05  2.64686E-05  2.64686E-05  2.64686E-05  2.64686E-05  2.64686E-05  2.64686E-05  2.64686E-05  2.64686E-05  2.64686E-05  2.64686E-05  2.64686E-05  2.64686E-05
   40021   4  4.34630E-05  4.34630E-05  4.34630E-05  4.34630E-05  4.34630E-05  4.34630E-05  4.34630E-05  4.34630E-05  4.34630E-05  4.34630E-05  4.34630E-05  4.34630E-05  4.34630E-05  4.34630E-05  4.34630E-05  4.34630E-05  4.34630E-05  4.34630E-05  4.34630E-05  4.34630E-05  4.34630E-05  4.34630E-05  4.34630E-05  4.34630E-05
   43907   3  0.00000E+00  0.00000E+00  0.00000E+00  0.00000E+00  0.00000E+00  0.00000E+00  0.00000E+00  0.00000E+00  0.00000E+00  0.00000E+00  0.00000E+00  0.00000E+00  0.00000E+00  0.00000E+00  0.00000E+00  0.00000E+00  0.00000E+00  0.00000E+00  0.00000E+00  0.00000E+00  0.00000E+00  0.00000E+00  0.00000E+00  0.00000E+00
   24538   7  0.00000E+00  0.00000E+00  0.00000E+00  0.00000E+00  0.00000E+00  0.00000E+00  0.00000E+00  0.00000E+00  0.00000E+00  0.00000E+00  0.00000E+00  0.00000E+00  0.00000E+00  0.00000E+00  0.00000E+00  0.00000E+00  0.00000E+00  0.00000E+00  0.00000E+00  0.00000E+00  0.00000E+00  0.00000E+00  0.00000E+00  0.00000E+00
   24549   3  0.00000E+00  0.00000E+00  0.00000E+00  0.00000E+00  0.00000E+00  0.00000E+00  0.00000E+00  0.00000E+00  0.00000E+00  0.00000E+00  0.00000E+00  0.00000E+00  0.00000E+00  0.00000E+00  0.00000E+00  0.00000E+00  0.00000E+00  0.00000E+00  0.00000E+00  0.00000E+00  0.00000E+00  0.00000E+00  0.00000E+00  0.00000E+00
   24549   4  7.51828E-04  7.51828E-04  7.51828E-04  7.51828E-04  7.51828E-04  7.51828E-04  7.51828E-04  7.51828E-04  7.51828E-04  7.51828E-04  7.51828E-04  7.51828E-04  7.51828E-04  7.51828E-04  7.51828E-04  7.51828E-04  7.51828E-04  7.51828E-04  7.51828E-04  7.51828E-04  7.51828E-04  7.51828E-04  7.51828E-04  7.51828E-04
   24547   4  2.06906E-01  2.06906E-01  2.06906E-01  2.06906E-01  2.06906E-01  2.06906E-01  2.06906E-01  2.06906E-01  2.06906E-01  2.06906E-01  2.06906E-01  2.06906E-01  2.06906E-01  1.38470E+01  1.38470E+01  1.38470E+01  1.38470E+01  1.38470E+01  1.38470E+01  1.38470E+01  1.38470E+01  2.06906E-01  2.06906E-01  2.06906E-01
   24547   6  1.04289E+01  1.04289E+01  1.04289E+01  1.04289E+01  1.04289E+01  1.04289E+01  1.04289E+01  1.04289E+01  1.04289E+01  1.04289E+01  1.04289E+01  1.04289E+01  1.04289E+01  1.04289E+01  1.04289E+01  1.04289E+01  1.04289E+01  1.04289E+01  1.04289E+01  1.04289E+01  1.04289E+01  1.04289E+01  1.04289E+01  1.04289E+01
   24547   2  1.48984E+00  1.48984E+00  1.48984E+00  1.48984E+00  1.48984E+00  1.48984E+00  1.48984E+00  1.48984E+00  1.48984E+00  1.48984E+00  1.48984E+00  1.48984E+00  1.48984E+00  1.48984E+00  1.48984E+00  1.48984E+00  1.48984E+00  1.48984E+00  1.48984E+00  1.48984E+00  1.48984E+00  1.48984E+00  1.48984E+00  1.48984E+00
   24547   5  5.95937E+00  5.95937E+00  5.95937E+00  5.95937E+00  5.95937E+00  5.95937E+00  5.95937E+00  5.95937E+00  5.95937E+00  5.95937E+00  5.95937E+00  5.95937E+00  5.95937E+00  8.99050E+00  8.99050E+00  8.99050E+00  8.99050E+00  8.99050E+00  8.99050E+00  8.99050E+00  8.99050E+00  5.95937E+00  5.95937E+00  5.95937E+00
   24547   3  1.48984E+00  1.48984E+00  1.48984E+00  1.48984E+00  1.48984E+00  1.48984E+00  1.48984E+00  1.48984E+00  1.48984E+00  1.48984E+00  1.48984E+00  1.48984E+00  1.48984E+00  1.51299E+01  1.51299E+01  1.51299E+01  1.51299E+01  1.51299E+01  1.51299E+01  1.51299E+01  1.51299E+01  1.48984E+00  1.48984E+00  1.48984E+00
   24547   7  0.00000E+00  0.00000E+00  0.00000E+00  0.00000E+00  0.00000E+00  0.00000E+00  0.00000E+00  0.00000E+00  0.00000E+00  0.00000E+00  0.00000E+00  0.00000E+00  0.00000E+00  0.00000E+00  0.00000E+00  0.00000E+00  0.00000E+00  0.00000E+00  0.00000E+00  0.00000E+00  0.00000E+00  0.00000E+00  0.00000E+00  0.00000E+00
   26660   3  1.83388E-03  1.83388E-03  1.83388E-03  1.83388E-03  1.83388E-03  1.83388E-03  1.83388E-03  1.83388E-03  1.83388E-03  1.83388E-03  1.83388E-03  1.83388E-03  1.83388E-03  1.83388E-03  1.83388E-03  1.83388E-03  1.83388E-03  1.83388E-03  1.83388E-03  1.83388E-03  1.83388E-03  1.83388E-03  1.83388E-03  1.83388E-03
   25246   4  3.74734E-03  3.74734E-03  3.74734E-03  3.74734E-03  3.74734E-03  3.74734E-03  3.74734E-03  3.74734E-03  3.74734E-03  3.74734E-03  3.74734E-03  3.74734E-03  3.74734E-03  3.74734E-03  3.74734E-03  3.74734E-03  3.74734E-03  3.74734E-03  3.74734E-03  3.74734E-03  3.74734E-03  3.74734E-03  3.74734E-03  3.74734E-03
   25246   7  0.00000E+00  0.00000E+00  0.00000E+00  0.00000E+00  0.00000E+00  0.00000E+00  0.00000E+00  0.00000E+00  0.00000E+00  0.00000E+00  0.00000E+00  0.00000E+00  0.00000E+00  0.00000E+00  0.00000E+00  0.00000E+00  0.00000E+00  0.00000E+00  0.00000E+00  0.00000E+00  0.00000E+00  0.00000E+00  0.00000E+00  0.00000E+00
   27008   7  0.00000E+00  0.00000E+00  0.00000E+00  0.00000E+00  0.00000E+00  0.00000E+00  0.00000E+00  0.00000E+00  0.00000E+00  0.00000E+00  0.00000E+00  0.00000E+00  0.00000E+00  0.00000E+00  0.00000E+00  0.00000E+00  0.00000E+00  0.00000E+00  0.00000E+00  0.00000E+00  0.00000E+00  0.00000E+00  0.00000E+00  0.00000E+00
   27008   4  0.00000E+00  0.00000E+00  0.00000E+00  0.00000E+00  0.00000E+00  0.00000E+00  0.00000E+00  0.00000E+00  0.00000E+00  0.00000E+00  0.00000E+00  0.00000E+00  0.00000E+00  0.00000E+00  0.00000E+00  0.00000E+00  0.00000E+00  0.00000E+00  0.00000E+00  0.00000E+00  0.00000E+00  0.00000E+00  0.00000E+00  0.00000E+00
   24896   2  2.57323E-01  2.57323E-01  2.57323E-01  2.57323E-01  2.57323E-01  2.57323E-01  2.57323E-01  2.57323E-01  2.57323E-01  2.57323E-01  2.57323E-01  2.57323E-01  2.57323E-01  2.57323E-01  2.57323E-01  2.57323E-01  2.57323E-01  2.57323E-01  2.57323E-01  2.57323E-01  2.57323E-01  2.57323E-01  2.57323E-01  2.57323E-01
   24896   6  0.00000E+00  0.00000E+00  0.00000E+00  0.00000E+00  0.00000E+00  0.00000E+00  0.00000E+00  0.00000E+00  0.00000E+00  0.00000E+00  0.00000E+00  0.00000E+00  0.00000E+00  0.00000E+00  0.00000E+00  0.00000E+00  0.00000E+00  0.00000E+00  0.00000E+00  0.00000E+00  0.00000E+00  0.00000E+00  0.00000E+00  0.00000E+00
   24896   7  0.00000E+00  0.00000E+00  0.00000E+00  0.00000E+00  0.00000E+00  0.00000E+00  0.00000E+00  0.00000E+00  0.00000E+00  0.00000E+00  0.00000E+00  0.00000E+00  0.00000E+00  0.00000E+00  0.00000E+00  0.00000E+00  0.00000E+00  0.00000E+00  0.00000E+00  0.00000E+00  0.00000E+00  0.00000E+00  0.00000E+00  0.00000E+00
   24896   3  0.00000E+00  0.00000E+00  0.00000E+00  0.00000E+00  0.00000E+00  0.00000E+00  0.00000E+00  0.00000E+00  0.00000E+00  0.00000E+00  0.00000E+00  0.00000E+00  0.00000E+00  0.00000E+00  0.00000E+00  0.00000E+00  0.00000E+00  0.00000E+00  0.00000E+00  0.00000E+00  0.00000E+00  0.00000E+00  0.00000E+00  0.00000E+00
   24896   4  0.00000E+00  0.00000E+00  0.00000E+00  0.00000E+00  0.00000E+00  0.00000E+00  0.00000E+00  0.00000E+00  0.00000E+00  0.00000E+00  0.00000E+00  0.00000E+00  0.00000E+00  0.00000E+00  0.00000E+00  0.00000E+00  0.00000E+00  0.00000E+00  0.00000E+00  0.00000E+00  0.00000E+00  0.00000E+00  0.00000E+00  0.00000E+00
   23133   3  1.24499E-04  1.24499E-04  1.24499E-04  1.24499E-04  1.24499E-04  1.24499E-04  1.24499E-04  1.24499E-04  1.24499E-04  1.24499E-04  1.24499E-04  1.24499E-04  1.24499E-04  1.24499E-04  1.24499E-04  1.24499E-04  1.24499E-04  1.24499E-04  1.24499E-04  1.24499E-04  1.24499E-04  1.24499E-04  1.24499E-04  1.24499E-04
   26300   4  1.46256E-03  1.46256E-03  1.46256E-03  1.46256E-03  1.46256E-03  1.46256E-03  1.46256E-03  1.46256E-03  1.46256E-03  1.46256E-03  1.46256E-03  1.46256E-03  1.46256E-03  1.46256E-03  1.46256E-03  1.46256E-03  1.46256E-03  1.46256E-03  1.46256E-03  1.46256E-03  1.46256E-03  1.46256E-03  1.46256E-03  1.46256E-03
   26669   4  1.48435E-04  1.48435E-04  1.48435E-04  1.48435E-04  1.48435E-04  1.48435E-04  1.48435E-04  1.48435E-04  1.48435E-04  1.48435E-04  1.48435E-04  1.48435E-04  1.48435E-04  1.48435E-04  1.48435E-04  1.48435E-04  1.48435E-04  1.48435E-04  1.48435E-04  1.48435E-04  1.48435E-04  1.48435E-04  1.48435E-04  1.48435E-04
   26669   3  6.26067E-03  6.26067E-03  6.26067E-03  6.26067E-03  6.26067E-03  6.26067E-03  6.26067E-03  6.26067E-03  6.26067E-03  6.26067E-03  6.26067E-03  6.26067E-03  6.26067E-03  6.26067E-03  6.26067E-03  6.26067E-03  6.26067E-03  6.26067E-03  6.26067E-03  6.26067E-03  6.26067E-03  6.26067E-03  6.26067E-03  6.26067E-03
   24545   3  6.71621E-04  6.71621E-04  6.71621E-04  6.71621E-04  6.71621E-04  6.71621E-04  6.71621E-04  6.71621E-04  6.71621E-04  6.71621E-04  6.71621E-04  6.71621E-04  6.71621E-04  6.71621E-04  6.71621E-04  6.71621E-04  6.71621E-04  6.71621E-04  6.71621E-04  6.71621E-04  6.71621E-04  6.71621E-04  6.71621E-04  6.71621E-04
    9028   3  1.55938E-02  1.55938E-02  1.55938E-02  1.55938E-02  1.55938E-02  1.55938E-02  1.55938E-02  1.55938E-02  1.55938E-02  1.55938E-02  1.55938E-02  1.55938E-02  1.55938E-02  1.55938E-02  1.55938E-02  1.55938E-02  1.55938E-02  1.55938E-02  1.55938E-02  1.55938E-02  1.55938E-02  1.55938E-02  1.55938E-02  1.55938E-02
    9028   2  0.00000E+00  0.00000E+00  0.00000E+00  0.00000E+00  0.00000E+00  0.00000E+00  0.00000E+00  0.00000E+00  0.00000E+00  0.00000E+00  0.00000E+00  0.00000E+00  0.00000E+00  0.00000E+00  0.00000E+00  0.00000E+00  0.00000E+00  0.00000E+00  0.00000E+00  0.00000E+00  0.00000E+00  0.00000E+00  0.00000E+00  0.00000E+00
    9028   7  0.00000E+00  0.00000E+00  0.00000E+00  0.00000E+00  0.00000E+00  0.00000E+00  0.00000E+00  0.00000E+00  0.00000E+00  0.00000E+00  0.00000E+00  0.00000E+00  0.00000E+00  0.00000E+00  0.00000E+00  0.00000E+00  0.00000E+00  0.00000E+00  0.00000E+00  0.00000E+00  0.00000E+00  0.00000E+00  0.00000E+00  0.00000E+00
   14677   7  0.00000E+00  0.00000E+00  0.00000E+00  0.00000E+00  0.00000E+00  0.00000E+00  0.00000E+00  0.00000E+00  0.00000E+00  0.00000E+00  0.00000E+00  0.00000E+00  0.00000E+00  0.00000E+00  0.00000E+00  0.00000E+00  0.00000E+00  0.00000E+00  0.00000E+00  0.00000E+00  0.00000E+00  0.00000E+00  0.00000E+00  0.00000E+00
   15736   3  7.75036E-06  7.75036E-06  7.75036E-06  7.75036E-06  7.75036E-06  7.75036E-06  7.75036E-06  7.75036E-06  7.75036E-06  7.75036E-06  7.75036E-06  7.75036E-06  7.75036E-06  7.75036E-06  7.75036E-06  7.75036E-06  7.75036E-06  7.75036E-06  7.75036E-06  7.75036E-06  7.75036E-06  7.75036E-06  7.75036E-06  7.75036E-06
   13592   2  0.00000E+00  0.00000E+00  0.00000E+00  0.00000E+00  0.00000E+00  0.00000E+00  0.00000E+00  0.00000E+00  0.00000E+00  0.00000E+00  0.00000E+00  0.00000E+00  0.00000E+00  0.00000E+00  0.00000E+00  0.00000E+00  0.00000E+00  0.00000E+00  0.00000E+00  0.00000E+00  0.00000E+00  0.00000E+00  0.00000E+00  0.00000E+00
   12912   3  0.00000E+00  0.00000E+00  0.00000E+00  0.00000E+00  0.00000E+00  0.00000E+00  0.00000E+00  0.00000E+00  0.00000E+00  0.00000E+00  0.00000E+00  0.00000E+00  0.00000E+00  0.00000E+00  0.00000E+00  0.00000E+00  0.00000E+00  0.00000E+00  0.00000E+00  0.00000E+00  0.00000E+00  0.00000E+00  0.00000E+00  0.00000E+00
   23165   4  6.25578E-04  6.25578E-04  6.25578E-04  6.25578E-04  6.25578E-04  6.25578E-04  6.25578E-04  6.25578E-04  6.25578E-04  6.25578E-04  6.25578E-04  6.25578E-04  6.25578E-04  6.25578E-04  6.25578E-04  6.25578E-04  6.25578E-04  6.25578E-04  6.25578E-04  6.25578E-04  6.25578E-04  6.25578E-04  6.25578E-04  6.25578E-04
   22447   4  1.60018E-03  1.60018E-03  1.60018E-03  1.60018E-03  1.60018E-03  1.60018E-03  1.60018E-03  1.60018E-03  1.60018E-03  1.60018E-03  1.60018E-03  1.60018E-03  1.60018E-03  1.60018E-03  1.60018E-03  1.60018E-03  1.60018E-03  1.60018E-03  1.60018E-03  1.60018E-03  1.60018E-03  1.60018E-03  1.60018E-03  1.60018E-03
   22447   3  8.55963E-03  8.55963E-03  8.55963E-03  8.55963E-03  8.55963E-03  8.55963E-03  8.55963E-03  8.55963E-03  8.55963E-03  8.55963E-03  8.55963E-03  8.55963E-03  8.55963E-03  8.55963E-03  8.55963E-03  8.55963E-03  8.55963E-03  8.55963E-03  8.55963E-03  8.55963E-03  8.55963E-03  8.55963E-03  8.55963E-03  8.55963E-03
   22447   5  0.00000E+00  0.00000E+00  0.00000E+00  0.00000E+00  0.00000E+00  0.00000E+00  0.00000E+00  0.00000E+00  0.00000E+00  0.00000E+00  0.00000E+00  0.00000E+00  0.00000E+00  0.00000E+00  0.00000E+00  0.00000E+00  0.00000E+00  0.00000E+00  0.00000E+00  0.00000E+00  0.00000E+00  0.00000E+00  0.00000E+00  0.00000E+00
   22094   3  1.81904E-03  1.81904E-03  1.81904E-03  1.81904E-03  1.81904E-03  1.81904E-03  1.81904E-03  1.81904E-03  1.81904E-03  1.81904E-03  1.81904E-03  1.81904E-03  1.81904E-03  1.81904E-03  1.81904E-03  1.81904E-03  1.81904E-03  1.81904E-03  1.81904E-03  1.81904E-03  1.81904E-03  1.81904E-03  1.81904E-03  1.81904E-03
   22094   2  0.00000E+00  0.00000E+00  0.00000E+00  0.00000E+00  0.00000E+00  0.00000E+00  0.00000E+00  0.00000E+00  0.00000E+00  0.00000E+00  0.00000E+00  0.00000E+00  0.00000E+00  0.00000E+00  0.00000E+00  0.00000E+00  0.00000E+00  0.00000E+00  0.00000E+00  0.00000E+00  0.00000E+00  0.00000E+00  0.00000E+00  0.00000E+00
   22094   4  3.51916E-02  3.51916E-02  3.51916E-02  3.51916E-02  3.51916E-02  3.51916E-02  3.51916E-02  3.51916E-02  3.51916E-02  3.51916E-02  3.51916E-02  3.51916E-02  3.51916E-02  3.51916E-02  3.51916E-02  3.51916E-02  3.51916E-02  3.51916E-02  3.51916E-02  3.51916E-02  3.51916E-02  3.51916E-02  3.51916E-02  3.51916E-02
   22458   4  1.83127E-04  1.83127E-04  1.83127E-04  1.83127E-04  1.83127E-04  1.83127E-04  1.83127E-04  1.83127E-04  1.83127E-04  1.83127E-04  1.83127E-04  1.83127E-04  1.83127E-04  1.83127E-04  1.83127E-04  1.83127E-04  1.83127E-04  1.83127E-04  1.83127E-04  1.83127E-04  1.83127E-04  1.83127E-04  1.83127E-04  1.83127E-04
   23854   3  0.00000E+00  0.00000E+00  0.00000E+00  0.00000E+00  0.00000E+00  0.00000E+00  0.00000E+00  0.00000E+00  0.00000E+00  0.00000E+00  0.00000E+00  0.00000E+00  0.00000E+00  0.00000E+00  0.00000E+00  0.00000E+00  0.00000E+00  0.00000E+00  0.00000E+00  0.00000E+00  0.00000E+00  0.00000E+00  0.00000E+00  0.00000E+00
   23854   4  0.00000E+00  0.00000E+00  0.00000E+00  0.00000E+00  0.00000E+00  0.00000E+00  0.00000E+00  0.00000E+00  0.00000E+00  0.00000E+00  0.00000E+00  0.00000E+00  0.00000E+00  0.00000E+00  0.00000E+00  0.00000E+00  0.00000E+00  0.00000E+00  0.00000E+00  0.00000E+00  0.00000E+00  0.00000E+00  0.00000E+00  0.00000E+00
   23854   2  0.00000E+00  0.00000E+00  0.00000E+00  0.00000E+00  0.00000E+00  0.00000E+00  0.00000E+00  0.00000E+00  0.00000E+00  0.00000E+00  0.00000E+00  0.00000E+00  0.00000E+00  0.00000E+00  0.00000E+00  0.00000E+00  0.00000E+00  0.00000E+00  0.00000E+00  0.00000E+00  0.00000E+00  0.00000E+00  0.00000E+00  0.00000E+00
   26688   3  0.00000E+00  0.00000E+00  0.00000E+00  0.00000E+00  0.00000E+00  0.00000E+00  0.00000E+00  0.00000E+00  0.00000E+00  0.00000E+00  0.00000E+00  0.00000E+00  0.00000E+00  0.00000E+00  0.00000E+00  0.00000E+00  0.00000E+00  0.00000E+00  0.00000E+00  0.00000E+00  0.00000E+00  0.00000E+00  0.00000E+00  0.00000E+00
   26688   2  0.00000E+00  0.00000E+00  0.00000E+00  0.00000E+00  0.00000E+00  0.00000E+00  0.00000E+00  0.00000E+00  0.00000E+00  0.00000E+00  0.00000E+00  0.00000E+00  0.00000E+00  0.00000E+00  0.00000E+00  0.00000E+00  0.00000E+00  0.00000E+00  0.00000E+00  0.00000E+00  0.00000E+00  0.00000E+00  0.00000E+00  0.00000E+00
   22806   3  1.51102E-04  1.51102E-04  1.51102E-04  1.51102E-04  1.51102E-04  1.51102E-04  1.51102E-04  1.51102E-04  1.51102E-04  1.51102E-04  1.51102E-04  1.51102E-04  1.51102E-04  1.51102E-04  1.51102E-04  1.51102E-04  1.51102E-04  1.51102E-04  1.51102E-04  1.51102E-04  1.51102E-04  1.51102E-04  1.51102E-04  1.51102E-04
   22805   3  0.00000E+00  0.00000E+00  0.00000E+00  0.00000E+00  0.00000E+00  0.00000E+00  0.00000E+00  0.00000E+00  0.00000E+00  0.00000E+00  0.00000E+00  0.00000E+00  0.00000E+00  0.00000E+00  0.00000E+00  0.00000E+00  0.00000E+00  0.00000E+00  0.00000E+00  0.00000E+00  0.00000E+00  0.00000E+00  0.00000E+00  0.00000E+00
   22806   7  0.00000E+00  0.00000E+00  0.00000E+00  0.00000E+00  0.00000E+00  0.00000E+00  0.00000E+00  0.00000E+00  0.00000E+00  0.00000E+00  0.00000E+00  0.00000E+00  0.00000E+00  0.00000E+00  0.00000E+00  0.00000E+00  0.00000E+00  0.00000E+00  0.00000E+00  0.00000E+00  0.00000E+00  0.00000E+00  0.00000E+00  0.00000E+00
   22806   4  3.95478E-01  3.95478E-01  3.95478E-01  3.95478E-01  3.95478E-01  3.95478E-01  3.95478E-01  3.95478E-01  3.95478E-01  3.95478E-01  3.95478E-01  3.95478E-01  3.95478E-01  3.95478E-01  3.95478E-01  3.95478E-01  3.95478E-01  3.95478E-01  3.95478E-01  3.95478E-01  3.95478E-01  3.95478E-01  3.95478E-01  3.95478E-01
   23506   3  0.00000E+00  0.00000E+00  0.00000E+00  0.00000E+00  0.00000E+00  0.00000E+00  0.00000E+00  0.00000E+00  0.00000E+00  0.00000E+00  0.00000E+00  0.00000E+00  0.00000E+00  0.00000E+00  0.00000E+00  0.00000E+00  0.00000E+00  0.00000E+00  0.00000E+00  0.00000E+00  0.00000E+00  0.00000E+00  0.00000E+00  0.00000E+00
   22453   3  0.00000E+00  0.00000E+00  0.00000E+00  0.00000E+00  0.00000E+00  0.00000E+00  0.00000E+00  0.00000E+00  0.00000E+00  0.00000E+00  0.00000E+00  0.00000E+00  0.00000E+00  0.00000E+00  0.00000E+00  0.00000E+00  0.00000E+00  0.00000E+00  0.00000E+00  0.00000E+00  0.00000E+00  0.00000E+00  0.00000E+00  0.00000E+00
   22457   4  1.84997E-03  1.84997E-03  1.84997E-03  1.84997E-03  1.84997E-03  1.84997E-03  1.84997E-03  1.84997E-03  1.84997E-03  1.84997E-03  1.84997E-03  1.84997E-03  1.84997E-03  1.84997E-03  1.84997E-03  1.84997E-03  1.84997E-03  1.84997E-03  1.84997E-03  1.84997E-03  1.84997E-03  1.84997E-03  1.84997E-03  1.84997E-03
   21396   7  0.00000E+00  0.00000E+00  0.00000E+00  0.00000E+00  0.00000E+00  0.00000E+00  0.00000E+00  0.00000E+00  0.00000E+00  0.00000E+00  0.00000E+00  0.00000E+00  0.00000E+00  6.13057E-01  6.13057E-01  6.13057E-01  6.13057E-01  6.13057E-01  6.13057E-01  6.13057E-01  6.13057E-01  0.00000E+00  0.00000E+00  0.00000E+00
   21395   4  1.20598E-01  1.20598E-01  1.20598E-01  1.20598E-01  1.20598E-01  1.20598E-01  1.20598E-01  1.20598E-01  1.20598E-01  1.20598E-01  1.20598E-01  1.20598E-01  1.20598E-01  1.20598E-01  1.20598E-01  1.20598E-01  1.20598E-01  1.20598E-01  1.20598E-01  1.20598E-01  1.20598E-01  1.20598E-01  1.20598E-01  1.20598E-01
   21396   4  9.82580E-02  9.82580E-02  9.82580E-02  9.82580E-02  9.82580E-02  9.82580E-02  9.82580E-02  9.82580E-02  9.82580E-02  9.82580E-02  9.82580E-02  9.82580E-02  9.82580E-02  9.82580E-02  9.82580E-02  9.82580E-02  9.82580E-02  9.82580E-02  9.82580E-02  9.82580E-02  9.82580E-02  9.82580E-02  9.82580E-02  9.82580E-02
   21740   4  2.30796E-03  2.30796E-03  2.30796E-03  2.30796E-03  2.30796E-03  2.30796E-03  2.30796E-03  2.30796E-03  2.30796E-03  2.30796E-03  2.30796E-03  2.30796E-03  2.30796E-03  2.30796E-03  2.30796E-03  2.30796E-03  2.30796E-03  2.30796E-03  2.30796E-03  2.30796E-03  2.30796E-03  2.30796E-03  2.30796E-03  2.30796E-03
   21739   4  1.45162E-02  1.45162E-02  1.45162E-02  1.45162E-02  1.45162E-02  1.45162E-02  1.45162E-02  1.45162E-02  1.45162E-02  1.45162E-02  1.45162E-02  1.45162E-02  1.45162E-02  1.45162E-02  1.45162E-02  1.45162E-02  1.45162E-02  1.45162E-02  1.45162E-02  1.45162E-02  1.45162E-02  1.45162E-02  1.45162E-02  1.45162E-02
   21740   3  1.85367E-02  1.85367E-02  1.85367E-02  1.85367E-02  1.85367E-02  0.00000E+00  0.00000E+00  0.00000E+00  0.00000E+00  0.00000E+00  0.00000E+00  0.00000E+00  0.00000E+00  1.85367E-02  1.85367E-02  1.85367E-02  1.85367E-02  1.85367E-02  1.85367E-02  1.85367E-02  1.85367E-02  1.85367E-02  1.85367E-02  1.85367E-02
   22093   4  0.00000E+00  0.00000E+00  0.00000E+00  0.00000E+00  0.00000E+00  0.00000E+00  0.00000E+00  0.00000E+00  0.00000E+00  0.00000E+00  0.00000E+00  0.00000E+00  0.00000E+00  0.00000E+00  0.00000E+00  0.00000E+00  0.00000E+00  0.00000E+00  0.00000E+00  0.00000E+00  0.00000E+00  0.00000E+00  0.00000E+00  0.00000E+00
   22093   7  0.00000E+00  0.00000E+00  0.00000E+00  0.00000E+00  0.00000E+00  0.00000E+00  0.00000E+00  0.00000E+00  0.00000E+00  0.00000E+00  0.00000E+00  0.00000E+00  0.00000E+00  0.00000E+00  0.00000E+00  0.00000E+00  0.00000E+00  0.00000E+00  0.00000E+00  0.00000E+00  0.00000E+00  0.00000E+00  0.00000E+00  0.00000E+00
   21744   3  2.36829E-01  2.36829E-01  2.36829E-01  2.36829E-01  2.36829E-01  2.36829E-01  2.36829E-01  2.36829E-01  2.36829E-01  2.36829E-01  2.36829E-01  2.36829E-01  2.36829E-01  2.36829E-01  2.36829E-01  2.36829E-01  2.36829E-01  2.36829E-01  2.36829E-01  2.36829E-01  2.36829E-01  2.36829E-01  2.36829E-01  2.36829E-01
   21744   4  1.20511E-01  1.20511E-01  1.20511E-01  1.20511E-01  1.20511E-01  1.20511E-01  1.20511E-01  1.20511E-01  1.20511E-01  1.20511E-01  1.20511E-01  1.20511E-01  1.20511E-01  1.20511E-01  1.20511E-01  1.20511E-01  1.20511E-01  1.20511E-01  1.20511E-01  1.20511E-01  1.20511E-01  1.20511E-01  1.20511E-01  1.20511E-01
   21391   4  3.96656E-02  3.96656E-02  3.96656E-02  3.96656E-02  3.96656E-02  3.96656E-02  3.96656E-02  3.96656E-02  3.96656E-02  3.96656E-02  3.96656E-02  3.96656E-02  3.96656E-02  3.96656E-02  3.96656E-02  3.96656E-02  3.96656E-02  3.96656E-02  3.96656E-02  3.96656E-02  3.96656E-02  3.96656E-02  3.96656E-02  3.96656E-02
   21391   3  2.70916E-01  2.70916E-01  2.70916E-01  2.70916E-01  2.70916E-01  2.70916E-01  2.70916E-01  2.70916E-01  2.70916E-01  2.70916E-01  2.70916E-01  2.70916E-01  2.70916E-01  2.70916E-01  2.70916E-01  2.70916E-01  2.70916E-01  2.70916E-01  2.70916E-01  2.70916E-01  2.70916E-01  2.70916E-01  2.70916E-01  2.70916E-01
   21744   5  0.00000E+00  0.00000E+00  0.00000E+00  0.00000E+00  0.00000E+00  0.00000E+00  0.00000E+00  0.00000E+00  0.00000E+00  0.00000E+00  0.00000E+00  0.00000E+00  0.00000E+00  0.00000E+00  0.00000E+00  0.00000E+00  0.00000E+00  0.00000E+00  0.00000E+00  0.00000E+00  0.00000E+00  0.00000E+00  0.00000E+00  0.00000E+00
   22098   4  3.09240E-02  3.09240E-02  3.09240E-02  3.09240E-02  3.09240E-02  3.09240E-02  3.09240E-02  3.09240E-02  3.09240E-02  3.09240E-02  3.09240E-02  3.09240E-02  3.09240E-02  3.09240E-02  3.09240E-02  3.09240E-02  3.09240E-02  3.09240E-02  3.09240E-02  3.09240E-02  3.09240E-02  3.09240E-02  3.09240E-02  3.09240E-02
   22445   7  0.00000E+00  0.00000E+00  0.00000E+00  0.00000E+00  0.00000E+00  0.00000E+00  0.00000E+00  0.00000E+00  0.00000E+00  0.00000E+00  0.00000E+00  0.00000E+00  0.00000E+00  0.00000E+00  0.00000E+00  0.00000E+00  0.00000E+00  0.00000E+00  0.00000E+00  0.00000E+00  0.00000E+00  0.00000E+00  0.00000E+00  0.00000E+00
   22093   3  1.12124E-02  1.12124E-02  1.12124E-02  1.12124E-02  1.12124E-02  1.12124E-02  1.12124E-02  1.12124E-02  1.12124E-02  1.12124E-02  1.12124E-02  1.12124E-02  1.12124E-02  1.12124E-02  1.12124E-02  1.12124E-02  1.12124E-02  1.12124E-02  1.12124E-02  1.12124E-02  1.12124E-02  1.12124E-02  1.12124E-02  1.12124E-02
   22093   2  1.12124E-02  1.12124E-02  1.12124E-02  1.12124E-02  1.12124E-02  1.12124E-02  1.12124E-02  1.12124E-02  1.12124E-02  1.12124E-02  1.12124E-02  1.12124E-02  1.12124E-02  1.12124E-02  1.12124E-02  1.12124E-02  1.12124E-02  1.12124E-02  1.12124E-02  1.12124E-02  1.12124E-02  1.12124E-02  1.12124E-02  1.12124E-02
   22445   2  0.00000E+00  0.00000E+00  0.00000E+00  0.00000E+00  0.00000E+00  0.00000E+00  0.00000E+00  0.00000E+00  0.00000E+00  0.00000E+00  0.00000E+00  0.00000E+00  0.00000E+00  0.00000E+00  0.00000E+00  0.00000E+00  0.00000E+00  0.00000E+00  0.00000E+00  0.00000E+00  0.00000E+00  0.00000E+00  0.00000E+00  0.00000E+00
   22445   3  0.00000E+00  0.00000E+00  0.00000E+00  0.00000E+00  0.00000E+00  0.00000E+00  0.00000E+00  0.00000E+00  0.00000E+00  0.00000E+00  0.00000E+00  0.00000E+00  0.00000E+00  0.00000E+00  0.00000E+00  0.00000E+00  0.00000E+00  0.00000E+00  0.00000E+00  0.00000E+00  0.00000E+00  0.00000E+00  0.00000E+00  0.00000E+00
   22445   1  0.00000E+00  0.00000E+00  0.00000E+00  0.00000E+00  0.00000E+00  0.00000E+00  0.00000E+00  0.00000E+00  0.00000E+00  0.00000E+00  0.00000E+00  0.00000E+00  0.00000E+00  0.00000E+00  0.00000E+00  0.00000E+00  0.00000E+00  0.00000E+00  0.00000E+00  0.00000E+00  0.00000E+00  0.00000E+00  0.00000E+00  0.00000E+00
   22446   4  3.66821E-02  3.66821E-02  3.66821E-02  3.66821E-02  3.66821E-02  3.66821E-02  3.66821E-02  3.66821E-02  3.66821E-02  3.66821E-02  3.66821E-02  3.66821E-02  3.66821E-02  3.66821E-02  3.66821E-02  3.66821E-02  3.66821E-02  3.66821E-02  3.66821E-02  3.66821E-02  3.66821E-02  3.66821E-02  3.66821E-02  3.66821E-02
   22446   2  0.00000E+00  0.00000E+00  0.00000E+00  0.00000E+00  0.00000E+00  0.00000E+00  0.00000E+00  0.00000E+00  0.00000E+00  0.00000E+00  0.00000E+00  0.00000E+00  0.00000E+00  0.00000E+00  0.00000E+00  0.00000E+00  0.00000E+00  0.00000E+00  0.00000E+00  0.00000E+00  0.00000E+00  0.00000E+00  0.00000E+00  0.00000E+00
   22446   3  0.00000E+00  0.00000E+00  0.00000E+00  0.00000E+00  0.00000E+00  0.00000E+00  0.00000E+00  0.00000E+00  0.00000E+00  0.00000E+00  0.00000E+00  0.00000E+00  0.00000E+00  0.00000E+00  0.00000E+00  0.00000E+00  0.00000E+00  0.00000E+00  0.00000E+00  0.00000E+00  0.00000E+00  0.00000E+00  0.00000E+00  0.00000E+00
   22446   1  0.00000E+00  0.00000E+00  0.00000E+00  0.00000E+00  0.00000E+00  0.00000E+00  0.00000E+00  0.00000E+00  0.00000E+00  0.00000E+00  0.00000E+00  0.00000E+00  0.00000E+00  0.00000E+00  0.00000E+00  0.00000E+00  0.00000E+00  0.00000E+00  0.00000E+00  0.00000E+00  0.00000E+00  0.00000E+00  0.00000E+00  0.00000E+00
   22810   4  7.11252E-03  7.11252E-03  7.11252E-03  7.11252E-03  7.11252E-03  7.11252E-03  7.11252E-03  7.11252E-03  7.11252E-03  7.11252E-03  7.11252E-03  7.11252E-03  7.11252E-03  7.11252E-03  7.11252E-03  7.11252E-03  7.11252E-03  7.11252E-03  7.11252E-03  7.11252E-03  7.11252E-03  7.11252E-03  7.11252E-03  7.11252E-03
   22810   3  0.00000E+00  0.00000E+00  0.00000E+00  0.00000E+00  0.00000E+00  0.00000E+00  0.00000E+00  0.00000E+00  0.00000E+00  0.00000E+00  0.00000E+00  0.00000E+00  0.00000E+00  0.00000E+00  0.00000E+00  0.00000E+00  0.00000E+00  0.00000E+00  0.00000E+00  0.00000E+00  0.00000E+00  0.00000E+00  0.00000E+00  0.00000E+00
   25975   3  0.00000E+00  0.00000E+00  0.00000E+00  0.00000E+00  0.00000E+00  0.00000E+00  0.00000E+00  0.00000E+00  0.00000E+00  0.00000E+00  0.00000E+00  0.00000E+00  0.00000E+00  0.00000E+00  0.00000E+00  0.00000E+00  0.00000E+00  0.00000E+00  0.00000E+00  0.00000E+00  0.00000E+00  0.00000E+00  0.00000E+00  0.00000E+00
   25581   3  0.00000E+00  0.00000E+00  0.00000E+00  0.00000E+00  0.00000E+00  0.00000E+00  0.00000E+00  0.00000E+00  0.00000E+00  0.00000E+00  0.00000E+00  0.00000E+00  0.00000E+00  0.00000E+00  0.00000E+00  0.00000E+00  0.00000E+00  0.00000E+00  0.00000E+00  0.00000E+00  0.00000E+00  0.00000E+00  0.00000E+00  0.00000E+00
   24161   3  0.00000E+00  0.00000E+00  0.00000E+00  0.00000E+00  0.00000E+00  0.00000E+00  0.00000E+00  0.00000E+00  0.00000E+00  0.00000E+00  0.00000E+00  0.00000E+00  0.00000E+00  0.00000E+00  0.00000E+00  0.00000E+00  0.00000E+00  0.00000E+00  0.00000E+00  0.00000E+00  0.00000E+00  0.00000E+00  0.00000E+00  0.00000E+00
   24161   2  0.00000E+00  0.00000E+00  0.00000E+00  0.00000E+00  0.00000E+00  0.00000E+00  0.00000E+00  0.00000E+00  0.00000E+00  0.00000E+00  0.00000E+00  0.00000E+00  0.00000E+00  0.00000E+00  0.00000E+00  0.00000E+00  0.00000E+00  0.00000E+00  0.00000E+00  0.00000E+00  0.00000E+00  0.00000E+00  0.00000E+00  0.00000E+00
   20976   3  0.00000E+00  0.00000E+00  0.00000E+00  0.00000E+00  0.00000E+00  0.00000E+00  0.00000E+00  0.00000E+00  0.00000E+00  0.00000E+00  0.00000E+00  0.00000E+00  0.00000E+00  0.00000E+00  0.00000E+00  0.00000E+00  0.00000E+00  0.00000E+00  0.00000E+00  0.00000E+00  0.00000E+00  0.00000E+00  0.00000E+00  0.00000E+00
   20976   2  0.00000E+00  0.00000E+00  0.00000E+00  0.00000E+00  0.00000E+00  0.00000E+00  0.00000E+00  0.00000E+00  0.00000E+00  0.00000E+00  0.00000E+00  0.00000E+00  0.00000E+00  0.00000E+00  0.00000E+00  0.00000E+00  0.00000E+00  0.00000E+00  0.00000E+00  0.00000E+00  0.00000E+00  0.00000E+00  0.00000E+00  0.00000E+00
   20621   3  0.00000E+00  0.00000E+00  0.00000E+00  0.00000E+00  0.00000E+00  0.00000E+00  0.00000E+00  0.00000E+00  0.00000E+00  0.00000E+00  0.00000E+00  0.00000E+00  0.00000E+00  0.00000E+00  0.00000E+00  0.00000E+00  0.00000E+00  0.00000E+00  0.00000E+00  0.00000E+00  0.00000E+00  0.00000E+00  0.00000E+00  0.00000E+00
   23460   3  6.94040E-02  6.94040E-02  6.94040E-02  6.94040E-02  6.94040E-02  6.94040E-02  6.94040E-02  6.94040E-02  6.94040E-02  6.94040E-02  6.94040E-02  6.94040E-02  6.94040E-02  6.94040E-02  6.94040E-02  6.94040E-02  6.94040E-02  6.94040E-02  6.94040E-02  6.94040E-02  6.94040E-02  6.94040E-02  6.94040E-02  6.94040E-02
   25224   4  3.63171E+00  3.63171E+00  3.63171E+00  3.63171E+00  3.63171E+00  3.63171E+00  3.63171E+00  3.63171E+00  3.63171E+00  3.63171E+00  3.63171E+00  3.63171E+00  3.63171E+00  3.63171E+00  3.63171E+00  3.63171E+00  3.63171E+00  3.63171E+00  3.63171E+00  3.63171E+00  3.63171E+00  3.63171E+00  3.63171E+00  3.63171E+00
   25224   3  4.83701E-01  4.83701E-01  4.83701E-01  4.83701E-01  4.83701E-01  4.83701E-01  4.83701E-01  4.83701E-01  4.83701E-01  4.83701E-01  4.83701E-01  4.83701E-01  4.83701E-01  4.83701E-01  4.83701E-01  4.83701E-01  4.83701E-01  4.83701E-01  4.83701E-01  4.83701E-01  4.83701E-01  4.83701E-01  4.83701E-01  4.83701E-01
   25223   3  0.00000E+00  0.00000E+00  0.00000E+00  0.00000E+00  0.00000E+00  0.00000E+00  0.00000E+00  0.00000E+00  0.00000E+00  0.00000E+00  0.00000E+00  0.00000E+00  0.00000E+00  0.00000E+00  0.00000E+00  0.00000E+00  0.00000E+00  0.00000E+00  0.00000E+00  0.00000E+00  0.00000E+00  0.00000E+00  0.00000E+00  0.00000E+00
   24870   3  3.82034E-02  3.82034E-02  3.82034E-02  3.82034E-02  3.82034E-02  3.82034E-02  3.82034E-02  3.82034E-02  3.82034E-02  3.82034E-02  3.82034E-02  3.82034E-02  3.82034E-02  3.82034E-02  3.82034E-02  3.82034E-02  3.82034E-02  3.82034E-02  3.82034E-02  3.82034E-02  3.82034E-02  3.82034E-02  3.82034E-02  3.82034E-02
   25224   7  0.00000E+00  0.00000E+00  0.00000E+00  0.00000E+00  0.00000E+00  0.00000E+00  0.00000E+00  0.00000E+00  0.00000E+00  0.00000E+00  0.00000E+00  0.00000E+00  0.00000E+00  3.82369E-01  3.82369E-01  3.82369E-01  3.82369E-01  3.82369E-01  3.82369E-01  3.82369E-01  3.82369E-01  0.00000E+00  0.00000E+00  0.00000E+00
   25224   5  0.00000E+00  0.00000E+00  0.00000E+00  0.00000E+00  0.00000E+00  0.00000E+00  0.00000E+00  0.00000E+00  0.00000E+00  0.00000E+00  0.00000E+00  0.00000E+00  0.00000E+00  0.00000E+00  0.00000E+00  0.00000E+00  0.00000E+00  0.00000E+00  0.00000E+00  0.00000E+00  0.00000E+00  0.00000E+00  0.00000E+00  0.00000E+00
   24871   3  0.00000E+00  0.00000E+00  0.00000E+00  0.00000E+00  0.00000E+00  0.00000E+00  0.00000E+00  0.00000E+00  0.00000E+00  0.00000E+00  0.00000E+00  0.00000E+00  0.00000E+00  0.00000E+00  0.00000E+00  0.00000E+00  0.00000E+00  0.00000E+00  0.00000E+00  0.00000E+00  0.00000E+00  0.00000E+00  0.00000E+00  0.00000E+00
   25223   4  3.51529E-01  3.51529E-01  3.51529E-01  3.51529E-01  3.51529E-01  3.51529E-01  3.51529E-01  3.51529E-01  3.51529E-01  3.51529E-01  3.51529E-01  3.51529E-01  3.51529E-01  3.51529E-01  3.51529E-01  3.51529E-01  3.51529E-01  3.51529E-01  3.51529E-01  3.51529E-01  3.51529E-01  3.51529E-01  3.51529E-01  3.51529E-01
   24870   4  9.37713E-01  9.37713E-01  9.37713E-01  9.37713E-01  9.37713E-01  9.37713E-01  9.37713E-01  9.37713E-01  9.37713E-01  9.37713E-01  9.37713E-01  9.37713E-01  9.37713E-01  9.37713E-01  9.37713E-01  9.37713E-01  9.37713E-01  9.37713E-01  9.37713E-01  9.37713E-01  9.37713E-01  9.37713E-01  9.37713E-01  9.37713E-01
   24871   4  2.08889E+00  2.08889E+00  2.08889E+00  2.08889E+00  2.08889E+00  2.08889E+00  2.08889E+00  2.08889E+00  2.08889E+00  2.08889E+00  2.08889E+00  2.08889E+00  2.08889E+00  2.08889E+00  2.08889E+00  2.08889E+00  2.08889E+00  2.08889E+00  2.08889E+00  2.08889E+00  2.08889E+00  2.08889E+00  2.08889E+00  2.08889E+00
   23814   4  1.96495E-01  1.96495E-01  1.96495E-01  1.96495E-01  1.96495E-01  1.96495E-01  1.96495E-01  1.96495E-01  1.96495E-01  1.96495E-01  1.96495E-01  1.96495E-01  1.96495E-01  1.96495E-01  1.96495E-01  1.96495E-01  1.96495E-01  1.96495E-01  1.96495E-01  1.96495E-01  1.96495E-01  1.96495E-01  1.96495E-01  1.96495E-01
   23813   3  0.00000E+00  0.00000E+00  0.00000E+00  0.00000E+00  0.00000E+00  0.00000E+00  0.00000E+00  0.00000E+00  0.00000E+00  0.00000E+00  0.00000E+00  0.00000E+00  0.00000E+00  0.00000E+00  0.00000E+00  0.00000E+00  0.00000E+00  0.00000E+00  0.00000E+00  0.00000E+00  0.00000E+00  0.00000E+00  0.00000E+00  0.00000E+00
   23458   4  1.14113E+00  1.14113E+00  1.14113E+00  1.14113E+00  1.14113E+00  1.14113E+00  1.14113E+00  1.14113E+00  1.14113E+00  1.14113E+00  1.14113E+00  1.14113E+00  1.14113E+00  1.14113E+00  1.14113E+00  1.14113E+00  1.14113E+00  1.14113E+00  1.14113E+00  1.14113E+00  1.14113E+00  1.14113E+00  1.14113E+00  1.14113E+00
   28064   5  0.00000E+00  0.00000E+00  0.00000E+00  0.00000E+00  0.00000E+00  0.00000E+00  0.00000E+00  0.00000E+00  0.00000E+00  0.00000E+00  0.00000E+00  0.00000E+00  0.00000E+00  0.00000E+00  0.00000E+00  0.00000E+00  0.00000E+00  0.00000E+00  0.00000E+00  0.00000E+00  0.00000E+00  0.00000E+00  0.00000E+00  0.00000E+00
   23819   3  6.21806E-04  6.21806E-04  6.21806E-04  6.21806E-04  6.21806E-04  6.21806E-04  6.21806E-04  6.21806E-04  6.21806E-04  6.21806E-04  6.21806E-04  6.21806E-04  6.21806E-04  6.21806E-04  6.21806E-04  6.21806E-04  6.21806E-04  6.21806E-04  6.21806E-04  6.21806E-04  6.21806E-04  6.21806E-04  6.21806E-04  6.21806E-04
   23819   4  9.55924E-01  9.55924E-01  9.55924E-01  9.55924E-01  9.55924E-01  9.55924E-01  9.55924E-01  9.55924E-01  9.55924E-01  9.55924E-01  9.55924E-01  9.55924E-01  9.55924E-01  9.55924E-01  9.55924E-01  9.55924E-01  9.55924E-01  9.55924E-01  9.55924E-01  9.55924E-01  9.55924E-01  9.55924E-01  9.55924E-01  9.55924E-01
   23464   5  0.00000E+00  0.00000E+00  0.00000E+00  0.00000E+00  0.00000E+00  0.00000E+00  0.00000E+00  0.00000E+00  0.00000E+00  0.00000E+00  0.00000E+00  0.00000E+00  0.00000E+00  0.00000E+00  0.00000E+00  0.00000E+00  0.00000E+00  0.00000E+00  0.00000E+00  0.00000E+00  0.00000E+00  0.00000E+00  0.00000E+00  0.00000E+00
   23464   3  0.00000E+00  0.00000E+00  0.00000E+00  0.00000E+00  0.00000E+00  0.00000E+00  0.00000E+00  0.00000E+00  0.00000E+00  0.00000E+00  0.00000E+00  0.00000E+00  0.00000E+00  0.00000E+00  0.00000E+00  0.00000E+00  0.00000E+00  0.00000E+00  0.00000E+00  0.00000E+00  0.00000E+00  0.00000E+00  0.00000E+00  0.00000E+00
   23464   1  0.00000E+00  0.00000E+00  0.00000E+00  0.00000E+00  0.00000E+00  0.00000E+00  0.00000E+00  0.00000E+00  0.00000E+00  0.00000E+00  0.00000E+00  0.00000E+00  0.00000E+00  0.00000E+00  0.00000E+00  0.00000E+00  0.00000E+00  0.00000E+00  0.00000E+00  0.00000E+00  0.00000E+00  0.00000E+00  0.00000E+00  0.00000E+00
   23464   2  0.00000E+00  0.00000E+00  0.00000E+00  0.00000E+00  0.00000E+00  0.00000E+00  0.00000E+00  0.00000E+00  0.00000E+00  0.00000E+00  0.00000E+00  0.00000E+00  0.00000E+00  0.00000E+00  0.00000E+00  0.00000E+00  0.00000E+00  0.00000E+00  0.00000E+00  0.00000E+00  0.00000E+00  0.00000E+00  0.00000E+00  0.00000E+00
   23464   4  2.99654E-01  2.99654E-01  2.99654E-01  2.99654E-01  2.99654E-01  2.99654E-01  2.99654E-01  2.99654E-01  2.99654E-01  2.99654E-01  2.99654E-01  2.99654E-01  2.99654E-01  2.99654E-01  2.99654E-01  2.99654E-01  2.99654E-01  2.99654E-01  2.99654E-01  2.99654E-01  2.99654E-01  2.99654E-01  2.99654E-01  2.99654E-01
   24519   4  1.12467E+00  1.12467E+00  1.12467E+00  1.12467E+00  1.12467E+00  1.12467E+00  1.12467E+00  1.12467E+00  1.12467E+00  1.12467E+00  1.12467E+00  1.12467E+00  1.12467E+00  1.12467E+00  1.12467E+00  1.12467E+00  1.12467E+00  1.12467E+00  1.12467E+00  1.12467E+00  1.12467E+00  1.12467E+00  1.12467E+00  1.12467E+00
   24519   3  1.54504E-01  1.54504E-01  1.54504E-01  1.54504E-01  1.54504E-01  1.54504E-01  1.54504E-01  1.54504E-01  1.54504E-01  1.54504E-01  1.54504E-01  1.54504E-01  1.54504E-01  1.54504E-01  1.54504E-01  1.54504E-01  1.54504E-01  1.54504E-01  1.54504E-01  1.54504E-01  1.54504E-01  1.54504E-01  1.54504E-01  1.54504E-01
   24166   4  4.71974E-02  4.71974E-02  4.71974E-02  4.71974E-02  4.71974E-02  4.71974E-02  4.71974E-02  4.71974E-02  4.71974E-02  4.71974E-02  4.71974E-02  4.71974E-02  4.71974E-02  4.71974E-02  4.71974E-02  4.71974E-02  4.71974E-02  4.71974E-02  4.71974E-02  4.71974E-02  4.71974E-02  4.71974E-02  4.71974E-02  4.71974E-02
   24518   4  0.00000E+00  0.00000E+00  0.00000E+00  0.00000E+00  0.00000E+00  0.00000E+00  0.00000E+00  0.00000E+00  0.00000E+00  0.00000E+00  0.00000E+00  0.00000E+00  0.00000E+00  0.00000E+00  0.00000E+00  0.00000E+00  0.00000E+00  0.00000E+00  0.00000E+00  0.00000E+00  0.00000E+00  0.00000E+00  0.00000E+00  0.00000E+00
   24519   7  0.00000E+00  0.00000E+00  0.00000E+00  0.00000E+00  0.00000E+00  0.00000E+00  0.00000E+00  0.00000E+00  0.00000E+00  0.00000E+00  0.00000E+00  0.00000E+00  0.00000E+00  0.00000E+00  0.00000E+00  0.00000E+00  0.00000E+00  0.00000E+00  0.00000E+00  0.00000E+00  0.00000E+00  0.00000E+00  0.00000E+00  0.00000E+00
   24510   3  0.00000E+00  0.00000E+00  0.00000E+00  0.00000E+00  0.00000E+00  0.00000E+00  0.00000E+00  0.00000E+00  0.00000E+00  0.00000E+00  0.00000E+00  0.00000E+00  0.00000E+00  0.00000E+00  0.00000E+00  0.00000E+00  0.00000E+00  0.00000E+00  0.00000E+00  0.00000E+00  0.00000E+00  0.00000E+00  0.00000E+00  0.00000E+00
   24510   2  0.00000E+00  0.00000E+00  0.00000E+00  0.00000E+00  0.00000E+00  0.00000E+00  0.00000E+00  0.00000E+00  0.00000E+00  0.00000E+00  0.00000E+00  0.00000E+00  0.00000E+00  0.00000E+00  0.00000E+00  0.00000E+00  0.00000E+00  0.00000E+00  0.00000E+00  0.00000E+00  0.00000E+00  0.00000E+00  0.00000E+00  0.00000E+00
   20989   3  0.00000E+00  0.00000E+00  0.00000E+00  0.00000E+00  0.00000E+00  0.00000E+00  0.00000E+00  0.00000E+00  0.00000E+00  0.00000E+00  0.00000E+00  0.00000E+00  0.00000E+00  0.00000E+00  0.00000E+00  0.00000E+00  0.00000E+00  0.00000E+00  0.00000E+00  0.00000E+00  0.00000E+00  0.00000E+00  0.00000E+00  0.00000E+00
   20989   2  0.00000E+00  0.00000E+00  0.00000E+00  0.00000E+00  0.00000E+00  0.00000E+00  0.00000E+00  0.00000E+00  0.00000E+00  0.00000E+00  0.00000E+00  0.00000E+00  0.00000E+00  0.00000E+00  0.00000E+00  0.00000E+00  0.00000E+00  0.00000E+00  0.00000E+00  0.00000E+00  0.00000E+00  0.00000E+00  0.00000E+00  0.00000E+00
   22745   4  1.93201E-02  1.93201E-02  1.93201E-02  1.93201E-02  1.93201E-02  1.93201E-02  1.93201E-02  1.93201E-02  1.93201E-02  1.93201E-02  1.93201E-02  1.93201E-02  1.93201E-02  1.93201E-02  1.93201E-02  1.93201E-02  1.93201E-02  1.93201E-02  1.93201E-02  1.93201E-02  1.93201E-02  1.93201E-02  1.93201E-02  1.93201E-02
   28410   4  1.42251E-02  1.42251E-02  1.42251E-02  1.42251E-02  1.42251E-02  1.42251E-02  1.42251E-02  1.42251E-02  1.42251E-02  1.42251E-02  1.42251E-02  1.42251E-02  1.42251E-02  1.42251E-02  1.42251E-02  1.42251E-02  1.42251E-02  1.42251E-02  1.42251E-02  1.42251E-02  1.42251E-02  1.42251E-02  1.42251E-02  1.42251E-02
   24163   4  6.72457E-02  6.72457E-02  6.72457E-02  6.72457E-02  6.72457E-02  6.72457E-02  6.72457E-02  6.72457E-02  6.72457E-02  6.72457E-02  6.72457E-02  6.72457E-02  6.72457E-02  6.72457E-02  6.72457E-02  6.72457E-02  6.72457E-02  6.72457E-02  6.72457E-02  6.72457E-02  6.72457E-02  6.72457E-02  6.72457E-02  6.72457E-02
   24163   3  1.21195E-04  1.21195E-04  1.21195E-04  1.21195E-04  1.21195E-04  1.21195E-04  1.21195E-04  1.21195E-04  1.21195E-04  1.21195E-04  1.21195E-04  1.21195E-04  1.21195E-04  1.21195E-04  1.21195E-04  1.21195E-04  1.21195E-04  1.21195E-04  1.21195E-04  1.21195E-04  1.21195E-04  1.21195E-04  1.21195E-04  1.21195E-04
   24870   5  0.00000E+00  0.00000E+00  0.00000E+00  0.00000E+00  0.00000E+00  0.00000E+00  0.00000E+00  0.00000E+00  0.00000E+00  0.00000E+00  0.00000E+00  0.00000E+00  0.00000E+00  0.00000E+00  0.00000E+00  0.00000E+00  0.00000E+00  0.00000E+00  0.00000E+00  0.00000E+00  0.00000E+00  0.00000E+00  0.00000E+00  0.00000E+00
   24517   4  2.81022E-02  2.81022E-02  2.81022E-02  2.81022E-02  2.81022E-02  2.81022E-02  2.81022E-02  2.81022E-02  2.81022E-02  2.81022E-02  2.81022E-02  2.81022E-02  2.81022E-02  2.81022E-02  2.81022E-02  2.81022E-02  2.81022E-02  2.81022E-02  2.81022E-02  2.81022E-02  2.81022E-02  2.81022E-02  2.81022E-02  2.81022E-02
   24872   4  4.76216E-02  4.76216E-02  4.76216E-02  4.76216E-02  4.76216E-02  4.76216E-02  4.76216E-02  4.76216E-02  4.76216E-02  4.76216E-02  4.76216E-02  4.76216E-02  4.76216E-02  4.76216E-02  4.76216E-02  4.76216E-02  4.76216E-02  4.76216E-02  4.76216E-02  4.76216E-02  4.76216E-02  4.76216E-02  4.76216E-02  4.76216E-02
   20280   3  0.00000E+00  0.00000E+00  0.00000E+00  0.00000E+00  0.00000E+00  0.00000E+00  0.00000E+00  0.00000E+00  0.00000E+00  0.00000E+00  0.00000E+00  0.00000E+00  0.00000E+00  0.00000E+00  0.00000E+00  0.00000E+00  0.00000E+00  0.00000E+00  0.00000E+00  0.00000E+00  0.00000E+00  0.00000E+00  0.00000E+00  0.00000E+00
   23103   3  0.00000E+00  0.00000E+00  0.00000E+00  0.00000E+00  0.00000E+00  0.00000E+00  0.00000E+00  0.00000E+00  0.00000E+00  0.00000E+00  0.00000E+00  0.00000E+00  0.00000E+00  9.58173E-03  9.58173E-03  9.58173E-03  9.58173E-03  9.58173E-03  9.58173E-03  9.58173E-03  9.58173E-03  0.00000E+00  0.00000E+00  0.00000E+00
   25575   3  2.30296E-01  2.30296E-01  2.30296E-01  2.30296E-01  2.30296E-01  2.30296E-01  2.30296E-01  2.30296E-01  2.30296E-01  2.30296E-01  2.30296E-01  2.30296E-01  2.30296E-01  2.30296E-01  2.30296E-01  2.30296E-01  2.30296E-01  2.30296E-01  2.30296E-01  2.30296E-01  2.30296E-01  2.30296E-01  2.30296E-01  2.30296E-01
   25575   4  1.38504E+00  1.38504E+00  1.38504E+00  1.38504E+00  1.38504E+00  1.38504E+00  1.38504E+00  1.38504E+00  1.38504E+00  1.38504E+00  1.38504E+00  1.38504E+00  1.38504E+00  1.38504E+00  1.38504E+00  1.38504E+00  1.38504E+00  1.38504E+00  1.38504E+00  1.38504E+00  1.38504E+00  1.38504E+00  1.38504E+00  1.38504E+00
   25575   5  0.00000E+00  0.00000E+00  0.00000E+00  0.00000E+00  0.00000E+00  0.00000E+00  0.00000E+00  0.00000E+00  0.00000E+00  0.00000E+00  0.00000E+00  0.00000E+00  0.00000E+00  0.00000E+00  0.00000E+00  0.00000E+00  0.00000E+00  0.00000E+00  0.00000E+00  0.00000E+00  0.00000E+00  0.00000E+00  0.00000E+00  0.00000E+00
   25575   2  4.42836E-04  4.42836E-04  4.42836E-04  4.42836E-04  4.42836E-04  4.42836E-04  4.42836E-04  4.42836E-04  4.42836E-04  4.42836E-04  4.42836E-04  4.42836E-04  4.42836E-04  4.42836E-04  4.42836E-04  4.42836E-04  4.42836E-04  4.42836E-04  4.42836E-04  4.42836E-04  4.42836E-04  4.42836E-04  4.42836E-04  4.42836E-04
   24868   4  0.00000E+00  0.00000E+00  0.00000E+00  0.00000E+00  0.00000E+00  0.00000E+00  0.00000E+00  0.00000E+00  0.00000E+00  0.00000E+00  0.00000E+00  0.00000E+00  0.00000E+00  0.00000E+00  0.00000E+00  0.00000E+00  0.00000E+00  0.00000E+00  0.00000E+00  0.00000E+00  0.00000E+00  0.00000E+00  0.00000E+00  0.00000E+00
   24869   4  0.00000E+00  0.00000E+00  0.00000E+00  0.00000E+00  0.00000E+00  0.00000E+00  0.00000E+00  0.00000E+00  0.00000E+00  0.00000E+00  0.00000E+00  0.00000E+00  0.00000E+00  0.00000E+00  0.00000E+00  0.00000E+00  0.00000E+00  0.00000E+00  0.00000E+00  0.00000E+00  0.00000E+00  0.00000E+00  0.00000E+00  0.00000E+00
   25575   7  0.00000E+00  0.00000E+00  0.00000E+00  0.00000E+00  0.00000E+00  0.00000E+00  0.00000E+00  0.00000E+00  0.00000E+00  0.00000E+00  0.00000E+00  0.00000E+00  0.00000E+00  0.00000E+00  0.00000E+00  0.00000E+00  0.00000E+00  0.00000E+00  0.00000E+00  0.00000E+00  0.00000E+00  0.00000E+00  0.00000E+00  0.00000E+00
   25576   3  0.00000E+00  0.00000E+00  0.00000E+00  0.00000E+00  0.00000E+00  0.00000E+00  0.00000E+00  0.00000E+00  0.00000E+00  0.00000E+00  0.00000E+00  0.00000E+00  0.00000E+00  0.00000E+00  0.00000E+00  0.00000E+00  0.00000E+00  0.00000E+00  0.00000E+00  0.00000E+00  0.00000E+00  0.00000E+00  0.00000E+00  0.00000E+00
   25222   3  4.74035E-03  4.74035E-03  4.74035E-03  4.74035E-03  4.74035E-03  4.74035E-03  4.74035E-03  4.74035E-03  4.74035E-03  4.74035E-03  4.74035E-03  4.74035E-03  4.74035E-03  4.74035E-03  4.74035E-03  4.74035E-03  4.74035E-03  4.74035E-03  4.74035E-03  4.74035E-03  4.74035E-03  4.74035E-03  4.74035E-03  4.74035E-03
   24874   3  0.00000E+00  0.00000E+00  0.00000E+00  0.00000E+00  0.00000E+00  0.00000E+00  0.00000E+00  0.00000E+00  0.00000E+00  0.00000E+00  0.00000E+00  0.00000E+00  0.00000E+00  0.00000E+00  0.00000E+00  0.00000E+00  0.00000E+00  0.00000E+00  0.00000E+00  0.00000E+00  0.00000E+00  0.00000E+00  0.00000E+00  0.00000E+00
   24874   4  7.47922E-02  7.47922E-02  7.47922E-02  7.47922E-02  7.47922E-02  7.47922E-02  7.47922E-02  7.47922E-02  7.47922E-02  7.47922E-02  7.47922E-02  7.47922E-02  7.47922E-02  7.47922E-02  7.47922E-02  7.47922E-02  7.47922E-02  7.47922E-02  7.47922E-02  7.47922E-02  7.47922E-02  7.47922E-02  7.47922E-02  7.47922E-02
   20686   4  0.00000E+00  0.00000E+00  0.00000E+00  0.00000E+00  0.00000E+00  0.00000E+00  0.00000E+00  0.00000E+00  0.00000E+00  0.00000E+00  0.00000E+00  0.00000E+00  0.00000E+00  0.00000E+00  0.00000E+00  0.00000E+00  0.00000E+00  0.00000E+00  0.00000E+00  0.00000E+00  0.00000E+00  0.00000E+00  0.00000E+00  0.00000E+00
   20686   2  0.00000E+00  0.00000E+00  0.00000E+00  0.00000E+00  0.00000E+00  0.00000E+00  0.00000E+00  0.00000E+00  0.00000E+00  0.00000E+00  0.00000E+00  0.00000E+00  0.00000E+00  0.00000E+00  0.00000E+00  0.00000E+00  0.00000E+00  0.00000E+00  0.00000E+00  0.00000E+00  0.00000E+00  0.00000E+00  0.00000E+00  0.00000E+00
   20686   3  0.00000E+00  0.00000E+00  0.00000E+00  0.00000E+00  0.00000E+00  0.00000E+00  0.00000E+00  0.00000E+00  0.00000E+00  0.00000E+00  0.00000E+00  0.00000E+00  0.00000E+00  0.00000E+00  0.00000E+00  0.00000E+00  0.00000E+00  0.00000E+00  0.00000E+00  0.00000E+00  0.00000E+00  0.00000E+00  0.00000E+00  0.00000E+00
   22095   4  2.32239E-02  2.32239E-02  2.32239E-02  2.32239E-02  2.32239E-02  2.32239E-02  2.32239E-02  2.32239E-02  2.32239E-02  2.32239E-02  2.32239E-02  2.32239E-02  2.32239E-02  2.32239E-02  2.32239E-02  2.32239E-02  2.32239E-02  2.32239E-02  2.32239E-02  2.32239E-02  2.32239E-02  2.32239E-02  2.32239E-02  2.32239E-02
   22095   2  0.00000E+00  0.00000E+00  0.00000E+00  0.00000E+00  0.00000E+00  0.00000E+00  0.00000E+00  0.00000E+00  0.00000E+00  0.00000E+00  0.00000E+00  0.00000E+00  0.00000E+00  0.00000E+00  0.00000E+00  0.00000E+00  0.00000E+00  0.00000E+00  0.00000E+00  0.00000E+00  0.00000E+00  0.00000E+00  0.00000E+00  0.00000E+00
   22095   3  0.00000E+00  0.00000E+00  0.00000E+00  0.00000E+00  0.00000E+00  0.00000E+00  0.00000E+00  0.00000E+00  0.00000E+00  0.00000E+00  0.00000E+00  0.00000E+00  0.00000E+00  0.00000E+00  0.00000E+00  0.00000E+00  0.00000E+00  0.00000E+00  0.00000E+00  0.00000E+00  0.00000E+00  0.00000E+00  0.00000E+00  0.00000E+00
   20329   3  4.81249E+00  4.81249E+00  1.96090E-01  1.96090E-01  1.96090E-01  1.96090E-01  1.96090E-01  1.96090E-01  1.96090E-01  1.96090E-01  1.96090E-01  1.96090E-01  1.96090E-01  4.81249E+00  4.81249E+00  4.81249E+00  4.81249E+00  4.81249E+00  4.81249E+00  4.81249E+00  4.81249E+00  4.81249E+00  4.81249E+00  4.81249E+00
   21381   4  0.00000E+00  0.00000E+00  0.00000E+00  0.00000E+00  0.00000E+00  0.00000E+00  0.00000E+00  0.00000E+00  0.00000E+00  0.00000E+00  0.00000E+00  0.00000E+00  0.00000E+00  0.00000E+00  0.00000E+00  0.00000E+00  0.00000E+00  0.00000E+00  0.00000E+00  0.00000E+00  0.00000E+00  0.00000E+00  0.00000E+00  0.00000E+00
   20684   3  1.39758E-02  1.39758E-02  0.00000E+00  0.00000E+00  0.00000E+00  0.00000E+00  0.00000E+00  0.00000E+00  0.00000E+00  0.00000E+00  0.00000E+00  0.00000E+00  0.00000E+00  1.39758E-02  1.39758E-02  1.39758E-02  1.39758E-02  1.39758E-02  1.39758E-02  1.39758E-02  1.39758E-02  1.39758E-02  1.39758E-02  1.39758E-02
   20683   3  1.57123E+00  1.57123E+00  1.49468E+00  1.49468E+00  1.49468E+00  1.49468E+00  1.49468E+00  1.49468E+00  1.49468E+00  1.49468E+00  1.49468E+00  1.49468E+00  1.49468E+00  1.57253E+00  1.57253E+00  1.57253E+00  1.57253E+00  1.57253E+00  1.57253E+00  1.57253E+00  1.57253E+00  1.57123E+00  1.57123E+00  1.57123E+00
   20684   4  3.68256E-02  3.68256E-02  3.68256E-02  3.68256E-02  3.68256E-02  3.68256E-02  3.68256E-02  3.68256E-02  3.68256E-02  3.68256E-02  3.68256E-02  3.68256E-02  3.68256E-02  3.68256E-02  3.68256E-02  3.68256E-02  3.68256E-02  3.68256E-02  3.68256E-02  3.68256E-02  3.68256E-02  3.68256E-02  3.68256E-02  3.68256E-02
   21036   4  1.51141E-02  1.51141E-02  1.51141E-02  1.51141E-02  1.51141E-02  1.51141E-02  1.51141E-02  1.51141E-02  1.51141E-02  1.51141E-02  1.51141E-02  1.51141E-02  1.51141E-02  1.55597E-02  1.55597E-02  1.55597E-02  1.55597E-02  1.55597E-02  1.55597E-02  1.55597E-02  1.55597E-02  1.51141E-02  1.51141E-02  1.51141E-02
   21036   3  3.69357E+00  3.69357E+00  3.69357E+00  3.69357E+00  3.69357E+00  3.69357E+00  3.69357E+00  3.69357E+00  3.69357E+00  3.69357E+00  3.69357E+00  3.69357E+00  3.69357E+00  3.69357E+00  3.69357E+00  3.69357E+00  3.69357E+00  3.69357E+00  3.69357E+00  3.69357E+00  3.69357E+00  3.69357E+00  3.69357E+00  3.69357E+00
   21036   7  0.00000E+00  0.00000E+00  0.00000E+00  0.00000E+00  0.00000E+00  0.00000E+00  0.00000E+00  0.00000E+00  0.00000E+00  0.00000E+00  0.00000E+00  0.00000E+00  0.00000E+00  5.36621E-01  5.36621E-01  5.36621E-01  5.36621E-01  5.36621E-01  5.36621E-01  5.36621E-01  5.36621E-01  0.00000E+00  0.00000E+00  0.00000E+00
   19275   4  5.91341E-03  5.91341E-03  5.91341E-03  5.91341E-03  5.91341E-03  5.91341E-03  5.91341E-03  5.91341E-03  5.91341E-03  5.91341E-03  5.91341E-03  5.91341E-03  5.91341E-03  5.91341E-03  5.91341E-03  5.91341E-03  5.91341E-03  5.91341E-03  5.91341E-03  5.91341E-03  5.91341E-03  5.91341E-03  5.91341E-03  5.91341E-03
   19275   3  0.00000E+00  0.00000E+00  0.00000E+00  0.00000E+00  0.00000E+00  0.00000E+00  0.00000E+00  0.00000E+00  0.00000E+00  0.00000E+00  0.00000E+00  0.00000E+00  0.00000E+00  0.00000E+00  0.00000E+00  0.00000E+00  0.00000E+00  0.00000E+00  0.00000E+00  0.00000E+00  0.00000E+00  0.00000E+00  0.00000E+00  0.00000E+00
   19274   4  4.28534E-03  4.28534E-03  4.28534E-03  4.28534E-03  4.28534E-03  4.28534E-03  4.28534E-03  4.28534E-03  4.28534E-03  4.28534E-03  4.28534E-03  4.28534E-03  4.28534E-03  4.28534E-03  4.28534E-03  4.28534E-03  4.28534E-03  4.28534E-03  4.28534E-03  4.28534E-03  4.28534E-03  4.28534E-03  4.28534E-03  4.28534E-03
   19627   4  8.65901E-03  8.65901E-03  8.65901E-03  8.65901E-03  8.65901E-03  8.65901E-03  8.65901E-03  8.65901E-03  8.65901E-03  8.65901E-03  8.65901E-03  8.65901E-03  8.65901E-03  8.65901E-03  8.65901E-03  8.65901E-03  8.65901E-03  8.65901E-03  8.65901E-03  8.65901E-03  8.65901E-03  8.65901E-03  8.65901E-03  8.65901E-03
   19627   3  0.00000E+00  0.00000E+00  0.00000E+00  0.00000E+00  0.00000E+00  0.00000E+00  0.00000E+00  0.00000E+00  0.00000E+00  0.00000E+00  0.00000E+00  0.00000E+00  0.00000E+00  0.00000E+00  0.00000E+00  0.00000E+00  0.00000E+00  0.00000E+00  0.00000E+00  0.00000E+00  0.00000E+00  0.00000E+00  0.00000E+00  0.00000E+00
   19627   2  0.00000E+00  0.00000E+00  0.00000E+00  0.00000E+00  0.00000E+00  0.00000E+00  0.00000E+00  0.00000E+00  0.00000E+00  0.00000E+00  0.00000E+00  0.00000E+00  0.00000E+00  0.00000E+00  0.00000E+00  0.00000E+00  0.00000E+00  0.00000E+00  0.00000E+00  0.00000E+00  0.00000E+00  0.00000E+00  0.00000E+00  0.00000E+00
   20331   4  2.41698E+00  2.41698E+00  2.41698E+00  2.41698E+00  2.41698E+00  2.41698E+00  2.41698E+00  2.41698E+00  2.41698E+00  2.41698E+00  2.41698E+00  2.41698E+00  2.41698E+00  2.41698E+00  2.41698E+00  2.41698E+00  2.41698E+00  2.41698E+00  2.41698E+00  2.41698E+00  2.41698E+00  2.41698E+00  2.41698E+00  2.41698E+00
   20331   3  9.85355E-01  9.85355E-01  9.20957E-01  9.20957E-01  9.20957E-01  9.20957E-01  9.20957E-01  9.20957E-01  9.20957E-01  9.20957E-01  9.20957E-01  9.20957E-01  9.20957E-01  2.59968E+00  2.59968E+00  2.59968E+00  2.59968E+00  2.59968E+00  2.59968E+00  2.59968E+00  2.59968E+00  9.85355E-01  9.85355E-01  9.85355E-01
   20331   7  1.38355E-01  1.38355E-01  1.38355E-01  1.38355E-01  1.38355E-01  1.38355E-01  1.38355E-01  1.38355E-01  1.38355E-01  1.38355E-01  1.38355E-01  1.38355E-01  1.38355E-01  2.47791E-01  2.47791E-01  2.47791E-01  2.47791E-01  2.47791E-01  2.47791E-01  2.47791E-01  2.47791E-01  1.38355E-01  1.38355E-01  1.38355E-01
   19971   4  1.30623E-02  1.30623E-02  1.30623E-02  1.30623E-02  1.30623E-02  1.30623E-02  1.30623E-02  1.30623E-02  1.30623E-02  1.30623E-02  1.30623E-02  1.30623E-02  1.30623E-02  1.30623E-02  1.30623E-02  1.30623E-02  1.30623E-02  1.30623E-02  1.30623E-02  1.30623E-02  1.30623E-02  1.30623E-02  1.30623E-02  1.30623E-02
   20331   1  4.41812E-02  4.41812E-02  4.41812E-02  4.41812E-02  4.41812E-02  4.41812E-02  4.41812E-02  4.41812E-02  4.41812E-02  4.41812E-02  4.41812E-02  4.41812E-02  4.41812E-02  4.41812E-02  4.41812E-02  4.41812E-02  4.41812E-02  4.41812E-02  4.41812E-02  4.41812E-02  4.41812E-02  4.41812E-02  4.41812E-02  4.41812E-02
   20331   2  1.04204E-03  1.04204E-03  1.04204E-03  1.04204E-03  1.04204E-03  1.04204E-03  1.04204E-03  1.04204E-03  1.04204E-03  1.04204E-03  1.04204E-03  1.04204E-03  1.04204E-03  1.04204E-03  1.04204E-03  1.04204E-03  1.04204E-03  1.04204E-03  1.04204E-03  1.04204E-03  1.04204E-03  1.04204E-03  1.04204E-03  1.04204E-03
   20685   3  0.00000E+00  0.00000E+00  0.00000E+00  0.00000E+00  0.00000E+00  0.00000E+00  0.00000E+00  0.00000E+00  0.00000E+00  0.00000E+00  0.00000E+00  0.00000E+00  0.00000E+00  7.02175E-04  7.02175E-04  7.02175E-04  7.02175E-04  7.02175E-04  7.02175E-04  7.02175E-04  7.02175E-04  0.00000E+00  0.00000E+00  0.00000E+00
   20332   3  0.00000E+00  0.00000E+00  0.00000E+00  0.00000E+00  0.00000E+00  0.00000E+00  0.00000E+00  0.00000E+00  0.00000E+00  0.00000E+00  0.00000E+00  0.00000E+00  0.00000E+00  0.00000E+00  0.00000E+00  0.00000E+00  0.00000E+00  0.00000E+00  0.00000E+00  0.00000E+00  0.00000E+00  0.00000E+00  0.00000E+00  0.00000E+00
   20685   7  0.00000E+00  0.00000E+00  0.00000E+00  0.00000E+00  0.00000E+00  0.00000E+00  0.00000E+00  0.00000E+00  0.00000E+00  0.00000E+00  0.00000E+00  0.00000E+00  0.00000E+00  1.92709E-01  1.92709E-01  1.92709E-01  1.92709E-01  1.92709E-01  1.92709E-01  1.92709E-01  1.92709E-01  0.00000E+00  0.00000E+00  0.00000E+00
   19622   4  0.00000E+00  0.00000E+00  0.00000E+00  0.00000E+00  0.00000E+00  0.00000E+00  0.00000E+00  0.00000E+00  0.00000E+00  0.00000E+00  0.00000E+00  0.00000E+00  0.00000E+00  0.00000E+00  0.00000E+00  0.00000E+00  0.00000E+00  0.00000E+00  0.00000E+00  0.00000E+00  0.00000E+00  0.00000E+00  0.00000E+00  0.00000E+00
   19628   4  1.63400E-02  1.63400E-02  1.63400E-02  1.63400E-02  1.63400E-02  1.63400E-02  1.63400E-02  1.63400E-02  1.63400E-02  1.63400E-02  1.63400E-02  1.63400E-02  1.63400E-02  1.63400E-02  1.63400E-02  1.63400E-02  1.63400E-02  1.63400E-02  1.63400E-02  1.63400E-02  1.63400E-02  1.63400E-02  1.63400E-02  1.63400E-02
   19628   3  6.97387E-03  6.97387E-03  6.97387E-03  6.97387E-03  6.97387E-03  6.97387E-03  6.97387E-03  6.97387E-03  6.97387E-03  6.97387E-03  6.97387E-03  6.97387E-03  6.97387E-03  6.97387E-03  6.97387E-03  6.97387E-03  6.97387E-03  6.97387E-03  6.97387E-03  6.97387E-03  6.97387E-03  6.97387E-03  6.97387E-03  6.97387E-03
   19274   3  4.48275E-06  4.48275E-06  4.48275E-06  4.48275E-06  4.48275E-06  4.48275E-06  4.48275E-06  4.48275E-06  4.48275E-06  4.48275E-06  4.48275E-06  4.48275E-06  4.48275E-06  4.48275E-06  4.48275E-06  4.48275E-06  4.48275E-06  4.48275E-06  4.48275E-06  4.48275E-06  4.48275E-06  4.48275E-06  4.48275E-06  4.48275E-06
   19628   7  0.00000E+00  0.00000E+00  0.00000E+00  0.00000E+00  0.00000E+00  0.00000E+00  0.00000E+00  0.00000E+00  0.00000E+00  0.00000E+00  0.00000E+00  0.00000E+00  0.00000E+00  0.00000E+00  0.00000E+00  0.00000E+00  0.00000E+00  0.00000E+00  0.00000E+00  0.00000E+00  0.00000E+00  0.00000E+00  0.00000E+00  0.00000E+00
   19267   4  1.40258E-01  1.40258E-01  1.40258E-01  1.40258E-01  1.40258E-01  1.40258E-01  1.40258E-01  1.40258E-01  1.40258E-01  1.40258E-01  1.40258E-01  1.40258E-01  1.40258E-01  1.77493E-01  1.77493E-01  1.77493E-01  1.77493E-01  1.77493E-01  1.77493E-01  1.77493E-01  1.77493E-01  1.40258E-01  1.40258E-01  1.40258E-01
   19267   2  7.95613E+00  7.95613E+00  7.95613E+00  7.95613E+00  7.95613E+00  7.95613E+00  7.95613E+00  7.95613E+00  7.95613E+00  7.95613E+00  7.95613E+00  7.95613E+00  7.95613E+00  7.95613E+00  7.95613E+00  7.95613E+00  7.95613E+00  7.95613E+00  7.95613E+00  7.95613E+00  7.95613E+00  7.95613E+00  7.95613E+00  7.95613E+00
   19620   4  3.36952E-02  3.36952E-02  3.36952E-02  3.36952E-02  3.36952E-02  3.36952E-02  3.36952E-02  3.36952E-02  3.36952E-02  3.36952E-02  3.36952E-02  3.36952E-02  3.36952E-02  3.36952E-02  3.36952E-02  3.36952E-02  3.36952E-02  3.36952E-02  3.36952E-02  3.36952E-02  3.36952E-02  3.36952E-02  3.36952E-02  3.36952E-02
   19620   3  2.25673E-03  2.25673E-03  2.25673E-03  2.25673E-03  2.25673E-03  2.25673E-03  2.25673E-03  2.25673E-03  2.25673E-03  2.25673E-03  2.25673E-03  2.25673E-03  2.25673E-03  2.25673E-03  2.25673E-03  2.25673E-03  2.25673E-03  2.25673E-03  2.25673E-03  2.25673E-03  2.25673E-03  2.25673E-03  2.25673E-03  2.25673E-03
   19267   7  0.00000E+00  0.00000E+00  0.00000E+00  0.00000E+00  0.00000E+00  0.00000E+00  0.00000E+00  0.00000E+00  0.00000E+00  0.00000E+00  0.00000E+00  0.00000E+00  0.00000E+00  8.48865E-02  8.48865E-02  8.48865E-02  8.48865E-02  8.48865E-02  8.48865E-02  8.48865E-02  8.48865E-02  0.00000E+00  0.00000E+00  0.00000E+00
   19267   3  1.40695E-01  1.40695E-01  1.40695E-01  1.40695E-01  1.40695E-01  1.40695E-01  1.40695E-01  1.40695E-01  1.40695E-01  1.40695E-01  1.40695E-01  1.40695E-01  1.40695E-01  1.40695E-01  1.40695E-01  1.40695E-01  1.40695E-01  1.40695E-01  1.40695E-01  1.40695E-01  1.40695E-01  1.40695E-01  1.40695E-01  1.40695E-01
   18913   3  0.00000E+00  0.00000E+00  0.00000E+00  0.00000E+00  0.00000E+00  0.00000E+00  0.00000E+00  0.00000E+00  0.00000E+00  0.00000E+00  0.00000E+00  0.00000E+00  0.00000E+00  0.00000E+00  0.00000E+00  0.00000E+00  0.00000E+00  0.00000E+00  0.00000E+00  0.00000E+00  0.00000E+00  0.00000E+00  0.00000E+00  0.00000E+00
   18913   4  0.00000E+00  0.00000E+00  0.00000E+00  0.00000E+00  0.00000E+00  0.00000E+00  0.00000E+00  0.00000E+00  0.00000E+00  0.00000E+00  0.00000E+00  0.00000E+00  0.00000E+00  0.00000E+00  0.00000E+00  0.00000E+00  0.00000E+00  0.00000E+00  0.00000E+00  0.00000E+00  0.00000E+00  0.00000E+00  0.00000E+00  0.00000E+00
   19975   3  3.70639E+00  3.70639E+00  5.06424E-04  5.06424E-04  5.06424E-04  5.06424E-04  5.06424E-04  5.06424E-04  5.06424E-04  5.06424E-04  5.06424E-04  5.06424E-04  5.06424E-04  3.70639E+00  3.70639E+00  3.70639E+00  3.70639E+00  3.70639E+00  3.70639E+00  3.70639E+00  3.70639E+00  3.70639E+00  3.70639E+00  3.70639E+00
   19975   4  4.71010E-01  4.71010E-01  4.71010E-01  4.71010E-01  4.71010E-01  4.71010E-01  4.71010E-01  4.71010E-01  4.71010E-01  4.71010E-01  4.71010E-01  4.71010E-01  4.71010E-01  4.71010E-01  4.71010E-01  4.71010E-01  4.71010E-01  4.71010E-01  4.71010E-01  4.71010E-01  4.71010E-01  4.71010E-01  4.71010E-01  4.71010E-01
   19975   2  0.00000E+00  0.00000E+00  0.00000E+00  0.00000E+00  0.00000E+00  0.00000E+00  0.00000E+00  0.00000E+00  0.00000E+00  0.00000E+00  0.00000E+00  0.00000E+00  0.00000E+00  0.00000E+00  0.00000E+00  0.00000E+00  0.00000E+00  0.00000E+00  0.00000E+00  0.00000E+00  0.00000E+00  0.00000E+00  0.00000E+00  0.00000E+00
   20329   7  0.00000E+00  0.00000E+00  0.00000E+00  0.00000E+00  0.00000E+00  0.00000E+00  0.00000E+00  0.00000E+00  0.00000E+00  0.00000E+00  0.00000E+00  0.00000E+00  0.00000E+00  1.44087E+00  1.44087E+00  1.44087E+00  1.44087E+00  1.44087E+00  1.44087E+00  1.44087E+00  1.44087E+00  0.00000E+00  0.00000E+00  0.00000E+00
   19975   5  0.00000E+00  0.00000E+00  0.00000E+00  0.00000E+00  0.00000E+00  0.00000E+00  0.00000E+00  0.00000E+00  0.00000E+00  0.00000E+00  0.00000E+00  0.00000E+00  0.00000E+00  0.00000E+00  0.00000E+00  0.00000E+00  0.00000E+00  0.00000E+00  0.00000E+00  0.00000E+00  0.00000E+00  0.00000E+00  0.00000E+00  0.00000E+00
   19979   5  0.00000E+00  0.00000E+00  0.00000E+00  0.00000E+00  0.00000E+00  0.00000E+00  0.00000E+00  0.00000E+00  0.00000E+00  0.00000E+00  0.00000E+00  0.00000E+00  0.00000E+00  0.00000E+00  0.00000E+00  0.00000E+00  0.00000E+00  0.00000E+00  0.00000E+00  0.00000E+00  0.00000E+00  0.00000E+00  0.00000E+00  0.00000E+00
   19979   4  1.18748E-02  1.18748E-02  1.18748E-02  1.18748E-02  1.18748E-02  1.18748E-02  1.18748E-02  1.18748E-02  1.18748E-02  1.18748E-02  1.18748E-02  1.18748E-02  1.18748E-02  1.18748E-02  1.18748E-02  1.18748E-02  1.18748E-02  1.18748E-02  1.18748E-02  1.18748E-02  1.18748E-02  1.18748E-02  1.18748E-02  1.18748E-02
   19979   3  0.00000E+00  0.00000E+00  0.00000E+00  0.00000E+00  0.00000E+00  0.00000E+00  0.00000E+00  0.00000E+00  0.00000E+00  0.00000E+00  0.00000E+00  0.00000E+00  0.00000E+00  0.00000E+00  0.00000E+00  0.00000E+00  0.00000E+00  0.00000E+00  0.00000E+00  0.00000E+00  0.00000E+00  0.00000E+00  0.00000E+00  0.00000E+00
   20681   4  2.78242E-03  2.78242E-03  2.78242E-03  2.78242E-03  2.78242E-03  2.78242E-03  2.78242E-03  2.78242E-03  2.78242E-03  2.78242E-03  2.78242E-03  2.78242E-03  2.78242E-03  2.78242E-03  2.78242E-03  2.78242E-03  2.78242E-03  2.78242E-03  2.78242E-03  2.78242E-03  2.78242E-03  2.78242E-03  2.78242E-03  2.78242E-03
   18915   3  0.00000E+00  0.00000E+00  0.00000E+00  0.00000E+00  0.00000E+00  0.00000E+00  0.00000E+00  0.00000E+00  0.00000E+00  0.00000E+00  0.00000E+00  0.00000E+00  0.00000E+00  0.00000E+00  0.00000E+00  0.00000E+00  0.00000E+00  0.00000E+00  0.00000E+00  0.00000E+00  0.00000E+00  0.00000E+00  0.00000E+00  0.00000E+00
   21038   4  2.22767E-01  2.22767E-01  2.22767E-01  2.22767E-01  2.22767E-01  2.22767E-01  2.22767E-01  2.22767E-01  2.22767E-01  2.22767E-01  2.22767E-01  2.22767E-01  2.22767E-01  2.22767E-01  2.22767E-01  2.22767E-01  2.22767E-01  2.22767E-01  2.22767E-01  2.22767E-01  2.22767E-01  2.22767E-01  2.22767E-01  2.22767E-01
   21038   3  0.00000E+00  0.00000E+00  0.00000E+00  0.00000E+00  0.00000E+00  0.00000E+00  0.00000E+00  0.00000E+00  0.00000E+00  0.00000E+00  0.00000E+00  0.00000E+00  0.00000E+00  0.00000E+00  0.00000E+00  0.00000E+00  0.00000E+00  0.00000E+00  0.00000E+00  0.00000E+00  0.00000E+00  0.00000E+00  0.00000E+00  0.00000E+00
   18562   3  0.00000E+00  0.00000E+00  0.00000E+00  0.00000E+00  0.00000E+00  0.00000E+00  0.00000E+00  0.00000E+00  0.00000E+00  0.00000E+00  0.00000E+00  0.00000E+00  0.00000E+00  0.00000E+00  0.00000E+00  0.00000E+00  0.00000E+00  0.00000E+00  0.00000E+00  0.00000E+00  0.00000E+00  0.00000E+00  0.00000E+00  0.00000E+00
   20330   7  0.00000E+00  0.00000E+00  0.00000E+00  0.00000E+00  0.00000E+00  0.00000E+00  0.00000E+00  0.00000E+00  0.00000E+00  0.00000E+00  0.00000E+00  0.00000E+00  0.00000E+00  2.76019E+00  2.76019E+00  2.76019E+00  2.76019E+00  2.76019E+00  2.76019E+00  2.76019E+00  2.76019E+00  0.00000E+00  0.00000E+00  0.00000E+00
   20330   2  9.22028E-01  9.22028E-01  9.22028E-01  9.22028E-01  9.22028E-01  9.22028E-01  9.22028E-01  9.22028E-01  9.22028E-01  9.22028E-01  9.22028E-01  9.22028E-01  9.22028E-01  9.22028E-01  9.22028E-01  9.22028E-01  9.22028E-01  9.22028E-01  9.22028E-01  9.22028E-01  9.22028E-01  9.22028E-01  9.22028E-01  9.22028E-01
   20329   2  4.84610E-04  4.84610E-04  4.84610E-04  4.84610E-04  4.84610E-04  4.84610E-04  4.84610E-04  4.84610E-04  4.84610E-04  4.84610E-04  4.84610E-04  4.84610E-04  4.84610E-04  4.84610E-04  4.84610E-04  4.84610E-04  4.84610E-04  4.84610E-04  4.84610E-04  4.84610E-04  4.84610E-04  4.84610E-04  4.84610E-04  4.84610E-04
   19266   5  0.00000E+00  0.00000E+00  0.00000E+00  0.00000E+00  0.00000E+00  0.00000E+00  0.00000E+00  0.00000E+00  0.00000E+00  0.00000E+00  0.00000E+00  0.00000E+00  0.00000E+00  0.00000E+00  0.00000E+00  0.00000E+00  0.00000E+00  0.00000E+00  0.00000E+00  0.00000E+00  0.00000E+00  0.00000E+00  0.00000E+00  0.00000E+00
   19265   4  8.95376E-01  8.95376E-01  8.95376E-01  8.95376E-01  8.95376E-01  8.95376E-01  8.95376E-01  8.95376E-01  8.95376E-01  8.95376E-01  8.95376E-01  8.95376E-01  8.95376E-01  9.61113E+00  9.61113E+00  9.61113E+00  9.61113E+00  9.61113E+00  9.61113E+00  9.61113E+00  9.61113E+00  8.95376E-01  8.95376E-01  8.95376E-01
   19265   3  6.47705E-01  6.47705E-01  2.18053E-01  2.18053E-01  2.18053E-01  2.18053E-01  2.18053E-01  2.18053E-01  2.18053E-01  2.18053E-01  2.18053E-01  2.18053E-01  2.18053E-01  9.37407E+00  9.37407E+00  9.37407E+00  9.37407E+00  9.37407E+00  9.37407E+00  9.37407E+00  9.37407E+00  6.47705E-01  6.47705E-01  6.47705E-01
   19265   5  0.00000E+00  0.00000E+00  0.00000E+00  0.00000E+00  0.00000E+00  0.00000E+00  0.00000E+00  0.00000E+00  0.00000E+00  0.00000E+00  0.00000E+00  0.00000E+00  0.00000E+00  1.93683E+00  1.93683E+00  1.93683E+00  1.93683E+00  1.93683E+00  1.93683E+00  1.93683E+00  1.93683E+00  0.00000E+00  0.00000E+00  0.00000E+00
   19266   7  0.00000E+00  0.00000E+00  0.00000E+00  0.00000E+00  0.00000E+00  0.00000E+00  0.00000E+00  0.00000E+00  0.00000E+00  0.00000E+00  0.00000E+00  0.00000E+00  0.00000E+00  0.00000E+00  0.00000E+00  0.00000E+00  0.00000E+00  0.00000E+00  0.00000E+00  0.00000E+00  0.00000E+00  0.00000E+00  0.00000E+00  0.00000E+00
   19265   7  0.00000E+00  0.00000E+00  0.00000E+00  0.00000E+00  0.00000E+00  0.00000E+00  0.00000E+00  0.00000E+00  0.00000E+00  0.00000E+00  0.00000E+00  0.00000E+00  0.00000E+00  2.64467E+00  2.64467E+00  2.64467E+00  2.64467E+00  2.64467E+00  2.64467E+00  2.64467E+00  2.64467E+00  0.00000E+00  0.00000E+00  0.00000E+00
   19266   4  1.23184E-02  1.23184E-02  1.23184E-02  1.23184E-02  1.23184E-02  1.23184E-02  1.23184E-02  1.23184E-02  1.23184E-02  1.23184E-02  1.23184E-02  1.23184E-02  1.23184E-02  1.23184E-02  1.23184E-02  1.23184E-02  1.23184E-02  1.23184E-02  1.23184E-02  1.23184E-02  1.23184E-02  1.23184E-02  1.23184E-02  1.23184E-02
   18912   4  0.00000E+00  0.00000E+00  0.00000E+00  0.00000E+00  0.00000E+00  0.00000E+00  0.00000E+00  0.00000E+00  0.00000E+00  0.00000E+00  0.00000E+00  0.00000E+00  0.00000E+00  0.00000E+00  0.00000E+00  0.00000E+00  0.00000E+00  0.00000E+00  0.00000E+00  0.00000E+00  0.00000E+00  0.00000E+00  0.00000E+00  0.00000E+00
   19265   1  8.37855E-02  8.37855E-02  8.37855E-02  8.37855E-02  8.37855E-02  8.37855E-02  8.37855E-02  8.37855E-02  8.37855E-02  8.37855E-02  8.37855E-02  8.37855E-02  8.37855E-02  8.37855E-02  8.37855E-02  8.37855E-02  8.37855E-02  8.37855E-02  8.37855E-02  8.37855E-02  8.37855E-02  8.37855E-02  8.37855E-02  8.37855E-02
   20683   4  2.25662E+00  2.25662E+00  2.25662E+00  2.25662E+00  2.25662E+00  2.25662E+00  2.25662E+00  2.25662E+00  2.25662E+00  2.25662E+00  2.25662E+00  2.25662E+00  2.25662E+00  2.25662E+00  2.25662E+00  2.25662E+00  2.25662E+00  2.25662E+00  2.25662E+00  2.25662E+00  2.25662E+00  2.25662E+00  2.25662E+00  2.25662E+00
   20683   7  0.00000E+00  0.00000E+00  0.00000E+00  0.00000E+00  0.00000E+00  0.00000E+00  0.00000E+00  0.00000E+00  0.00000E+00  0.00000E+00  0.00000E+00  0.00000E+00  0.00000E+00  2.68239E-01  2.68239E-01  2.68239E-01  2.68239E-01  2.68239E-01  2.68239E-01  2.68239E-01  2.68239E-01  0.00000E+00  0.00000E+00  0.00000E+00
   20683   2  0.00000E+00  0.00000E+00  0.00000E+00  0.00000E+00  0.00000E+00  0.00000E+00  0.00000E+00  0.00000E+00  0.00000E+00  0.00000E+00  0.00000E+00  0.00000E+00  0.00000E+00  0.00000E+00  0.00000E+00  0.00000E+00  0.00000E+00  0.00000E+00  0.00000E+00  0.00000E+00  0.00000E+00  0.00000E+00  0.00000E+00  0.00000E+00
   19973   5  0.00000E+00  0.00000E+00  0.00000E+00  0.00000E+00  0.00000E+00  0.00000E+00  0.00000E+00  0.00000E+00  0.00000E+00  0.00000E+00  0.00000E+00  0.00000E+00  0.00000E+00  0.00000E+00  0.00000E+00  0.00000E+00  0.00000E+00  0.00000E+00  0.00000E+00  0.00000E+00  0.00000E+00  0.00000E+00  0.00000E+00  0.00000E+00
   19264   3  1.34290E-03  1.34290E-03  1.34290E-03  1.34290E-03  1.34290E-03  1.34290E-03  1.34290E-03  1.34290E-03  1.34290E-03  1.34290E-03  1.34290E-03  1.34290E-03  1.34290E-03  1.34290E-03  1.34290E-03  1.34290E-03  1.34290E-03  1.34290E-03  1.34290E-03  1.34290E-03  1.34290E-03  1.34290E-03  1.34290E-03  1.34290E-03
   19263   4  1.10128E-03  1.10128E-03  1.10128E-03  1.10128E-03  1.10128E-03  1.10128E-03  1.10128E-03  1.10128E-03  1.10128E-03  1.10128E-03  1.10128E-03  1.10128E-03  1.10128E-03  1.10128E-03  1.10128E-03  1.10128E-03  1.10128E-03  1.10128E-03  1.10128E-03  1.10128E-03  1.10128E-03  1.10128E-03  1.10128E-03  1.10128E-03
   20682   4  2.72851E+00  2.72851E+00  2.72851E+00  2.72851E+00  2.72851E+00  2.72851E+00  2.72851E+00  2.72851E+00  2.72851E+00  2.72851E+00  2.72851E+00  2.72851E+00  2.72851E+00  9.75208E+00  9.75208E+00  9.75208E+00  9.75208E+00  9.75208E+00  9.75208E+00  9.75208E+00  9.75208E+00  2.72851E+00  2.72851E+00  2.72851E+00
   20682   3  5.31442E-02  5.31442E-02  5.31442E-02  5.31442E-02  5.31442E-02  5.31442E-02  5.31442E-02  5.31442E-02  5.31442E-02  5.31442E-02  5.31442E-02  5.31442E-02  5.31442E-02  7.07672E+00  7.07672E+00  7.07672E+00  7.07672E+00  7.07672E+00  7.07672E+00  7.07672E+00  7.07672E+00  5.31442E-02  5.31442E-02  5.31442E-02
   20682   5  0.00000E+00  0.00000E+00  0.00000E+00  0.00000E+00  0.00000E+00  0.00000E+00  0.00000E+00  0.00000E+00  0.00000E+00  0.00000E+00  0.00000E+00  0.00000E+00  0.00000E+00  1.56079E+00  1.56079E+00  1.56079E+00  1.56079E+00  1.56079E+00  1.56079E+00  1.56079E+00  1.56079E+00  0.00000E+00  0.00000E+00  0.00000E+00
   21035   4  5.52899E-02  5.52899E-02  5.52899E-02  5.52899E-02  5.52899E-02  5.52899E-02  5.52899E-02  5.52899E-02  5.52899E-02  5.52899E-02  5.52899E-02  5.52899E-02  5.52899E-02  5.52899E-02  5.52899E-02  5.52899E-02  5.52899E-02  5.52899E-02  5.52899E-02  5.52899E-02  5.52899E-02  5.52899E-02  5.52899E-02  5.52899E-02
   21035   3  2.40228E-04  2.40228E-04  2.40228E-04  2.40228E-04  2.40228E-04  2.40228E-04  2.40228E-04  2.40228E-04  2.40228E-04  2.40228E-04  2.40228E-04  2.40228E-04  2.40228E-04  2.40228E-04  2.40228E-04  2.40228E-04  2.40228E-04  2.40228E-04  2.40228E-04  2.40228E-04  2.40228E-04  2.40228E-04  2.40228E-04  2.40228E-04
   20682   7  0.00000E+00  0.00000E+00  0.00000E+00  0.00000E+00  0.00000E+00  0.00000E+00  0.00000E+00  0.00000E+00  0.00000E+00  0.00000E+00  0.00000E+00  0.00000E+00  0.00000E+00  2.66070E-02  2.66070E-02  2.66070E-02  2.66070E-02  2.66070E-02  2.66070E-02  2.66070E-02  2.66070E-02  0.00000E+00  0.00000E+00  0.00000E+00
   17468   3  3.13962E-04  3.13962E-04  3.13962E-04  3.13962E-04  3.13962E-04  3.13962E-04  3.13962E-04  3.13962E-04  3.13962E-04  3.13962E-04  3.13962E-04  3.13962E-04  3.13962E-04  3.13962E-04  3.13962E-04  3.13962E-04  3.13962E-04  3.13962E-04  3.13962E-04  3.13962E-04  3.13962E-04  3.13962E-04  3.13962E-04  3.13962E-04
   20665   3  4.40836E-04  4.40836E-04  4.40836E-04  4.40836E-04  4.40836E-04  4.40836E-04  4.40836E-04  4.40836E-04  4.40836E-04  4.40836E-04  4.40836E-04  4.40836E-04  4.40836E-04  4.40836E-04  4.40836E-04  4.40836E-04  4.40836E-04  4.40836E-04  4.40836E-04  4.40836E-04  4.40836E-04  4.40836E-04  4.40836E-04  4.40836E-04
   21015   3  0.00000E+00  0.00000E+00  0.00000E+00  0.00000E+00  0.00000E+00  0.00000E+00  0.00000E+00  0.00000E+00  0.00000E+00  0.00000E+00  0.00000E+00  0.00000E+00  0.00000E+00  0.00000E+00  0.00000E+00  0.00000E+00  0.00000E+00  0.00000E+00  0.00000E+00  0.00000E+00  0.00000E+00  0.00000E+00  0.00000E+00  0.00000E+00
   22058   3  2.26793E-04  2.26793E-04  2.26793E-04  2.26793E-04  2.26793E-04  2.26793E-04  2.26793E-04  2.26793E-04  2.26793E-04  2.26793E-04  2.26793E-04  2.26793E-04  2.26793E-04  2.26793E-04  2.26793E-04  2.26793E-04  2.26793E-04  2.26793E-04  2.26793E-04  2.26793E-04  2.26793E-04  2.26793E-04  2.26793E-04  2.26793E-04
   22404   3  0.00000E+00  0.00000E+00  0.00000E+00  0.00000E+00  0.00000E+00  0.00000E+00  0.00000E+00  0.00000E+00  0.00000E+00  0.00000E+00  0.00000E+00  0.00000E+00  0.00000E+00  0.00000E+00  0.00000E+00  0.00000E+00  0.00000E+00  0.00000E+00  0.00000E+00  0.00000E+00  0.00000E+00  0.00000E+00  0.00000E+00  0.00000E+00
   13938   4  5.62622E-05  5.62622E-05  5.62622E-05  5.62622E-05  5.62622E-05  5.62622E-05  5.62622E-05  5.62622E-05  5.62622E-05  5.62622E-05  5.62622E-05  5.62622E-05  5.62622E-05  5.62622E-05  5.62622E-05  5.62622E-05  5.62622E-05  5.62622E-05  5.62622E-05  5.62622E-05  5.62622E-05  5.62622E-05  5.62622E-05  5.62622E-05
   13938   2  2.54864E-01  2.54864E-01  2.54864E-01  2.54864E-01  0.00000E+00  0.00000E+00  0.00000E+00  0.00000E+00  2.54864E-01  2.54864E-01  2.54864E-01  2.54864E-01  2.54864E-01  2.54864E-01  2.54864E-01  2.54864E-01  2.54864E-01  2.54864E-01  2.54864E-01  2.54864E-01  2.54864E-01  2.54864E-01  2.54864E-01  2.54864E-01
   13938   1  0.00000E+00  0.00000E+00  0.00000E+00  0.00000E+00  0.00000E+00  0.00000E+00  0.00000E+00  0.00000E+00  0.00000E+00  0.00000E+00  0.00000E+00  0.00000E+00  0.00000E+00  0.00000E+00  0.00000E+00  0.00000E+00  0.00000E+00  0.00000E+00  0.00000E+00  0.00000E+00  0.00000E+00  0.00000E+00  0.00000E+00  0.00000E+00
   13938   7  0.00000E+00  0.00000E+00  0.00000E+00  0.00000E+00  0.00000E+00  0.00000E+00  0.00000E+00  0.00000E+00  0.00000E+00  0.00000E+00  0.00000E+00  0.00000E+00  0.00000E+00  0.00000E+00  0.00000E+00  0.00000E+00  0.00000E+00  0.00000E+00  0.00000E+00  0.00000E+00  0.00000E+00  0.00000E+00  0.00000E+00  0.00000E+00
   13235   1  0.00000E+00  0.00000E+00  0.00000E+00  0.00000E+00  0.00000E+00  0.00000E+00  0.00000E+00  0.00000E+00  0.00000E+00  0.00000E+00  0.00000E+00  0.00000E+00  0.00000E+00  0.00000E+00  0.00000E+00  0.00000E+00  0.00000E+00  0.00000E+00  0.00000E+00  0.00000E+00  0.00000E+00  0.00000E+00  0.00000E+00  0.00000E+00
   13235   2  8.01297E-01  8.01297E-01  8.01297E-01  8.01297E-01  8.01297E-01  8.01297E-01  8.01297E-01  8.01297E-01  8.01297E-01  8.01297E-01  8.01297E-01  8.01297E-01  8.01297E-01  8.01297E-01  8.01297E-01  8.01297E-01  8.01297E-01  8.01297E-01  8.01297E-01  8.01297E-01  8.01297E-01  8.01297E-01  8.01297E-01  8.01297E-01
   13235   3  0.00000E+00  0.00000E+00  0.00000E+00  0.00000E+00  0.00000E+00  0.00000E+00  0.00000E+00  0.00000E+00  0.00000E+00  0.00000E+00  0.00000E+00  0.00000E+00  0.00000E+00  0.00000E+00  0.00000E+00  0.00000E+00  0.00000E+00  0.00000E+00  0.00000E+00  0.00000E+00  0.00000E+00  0.00000E+00  0.00000E+00  0.00000E+00
   13938   3  0.00000E+00  0.00000E+00  0.00000E+00  0.00000E+00  0.00000E+00  0.00000E+00  0.00000E+00  0.00000E+00  0.00000E+00  0.00000E+00  0.00000E+00  0.00000E+00  0.00000E+00  0.00000E+00  0.00000E+00  0.00000E+00  0.00000E+00  0.00000E+00  0.00000E+00  0.00000E+00  0.00000E+00  0.00000E+00  0.00000E+00  0.00000E+00
   21012   3  0.00000E+00  0.00000E+00  0.00000E+00  0.00000E+00  0.00000E+00  0.00000E+00  0.00000E+00  0.00000E+00  0.00000E+00  0.00000E+00  0.00000E+00  0.00000E+00  0.00000E+00  0.00000E+00  0.00000E+00  0.00000E+00  0.00000E+00  0.00000E+00  0.00000E+00  0.00000E+00  0.00000E+00  0.00000E+00  0.00000E+00  0.00000E+00
   20658   3  0.00000E+00  0.00000E+00  0.00000E+00  0.00000E+00  0.00000E+00  0.00000E+00  0.00000E+00  0.00000E+00  0.00000E+00  0.00000E+00  0.00000E+00  0.00000E+00  0.00000E+00  0.00000E+00  0.00000E+00  0.00000E+00  0.00000E+00  0.00000E+00  0.00000E+00  0.00000E+00  0.00000E+00  0.00000E+00  0.00000E+00  0.00000E+00
   21012   4  7.20368E-03  7.20368E-03  7.20368E-03  7.20368E-03  7.20368E-03  7.20368E-03  7.20368E-03  7.20368E-03  7.20368E-03  7.20368E-03  7.20368E-03  7.20368E-03  7.20368E-03  7.20368E-03  7.20368E-03  7.20368E-03  7.20368E-03  7.20368E-03  7.20368E-03  7.20368E-03  7.20368E-03  7.20368E-03  7.20368E-03  7.20368E-03
   21013   4  2.78205E-02  2.78205E-02  2.78205E-02  2.78205E-02  2.78205E-02  2.78205E-02  2.78205E-02  2.78205E-02  2.78205E-02  2.78205E-02  2.78205E-02  2.78205E-02  2.78205E-02  2.78205E-02  2.78205E-02  2.78205E-02  2.78205E-02  2.78205E-02  2.78205E-02  2.78205E-02  2.78205E-02  2.78205E-02  2.78205E-02  2.78205E-02
   20658   7  0.00000E+00  0.00000E+00  0.00000E+00  0.00000E+00  0.00000E+00  0.00000E+00  0.00000E+00  0.00000E+00  0.00000E+00  0.00000E+00  0.00000E+00  0.00000E+00  0.00000E+00  0.00000E+00  0.00000E+00  0.00000E+00  0.00000E+00  0.00000E+00  0.00000E+00  0.00000E+00  0.00000E+00  0.00000E+00  0.00000E+00  0.00000E+00
   21013   3  0.00000E+00  0.00000E+00  0.00000E+00  0.00000E+00  0.00000E+00  0.00000E+00  0.00000E+00  0.00000E+00  0.00000E+00  0.00000E+00  0.00000E+00  0.00000E+00  0.00000E+00  0.00000E+00  0.00000E+00  0.00000E+00  0.00000E+00  0.00000E+00  0.00000E+00  0.00000E+00  0.00000E+00  0.00000E+00  0.00000E+00  0.00000E+00
   20659   4  0.00000E+00  0.00000E+00  0.00000E+00  0.00000E+00  0.00000E+00  0.00000E+00  0.00000E+00  0.00000E+00  0.00000E+00  0.00000E+00  0.00000E+00  0.00000E+00  0.00000E+00  0.00000E+00  0.00000E+00  0.00000E+00  0.00000E+00  0.00000E+00  0.00000E+00  0.00000E+00  0.00000E+00  0.00000E+00  0.00000E+00  0.00000E+00
   20645   3  0.00000E+00  0.00000E+00  0.00000E+00  0.00000E+00  0.00000E+00  0.00000E+00  0.00000E+00  0.00000E+00  0.00000E+00  0.00000E+00  0.00000E+00  0.00000E+00  0.00000E+00  0.00000E+00  0.00000E+00  0.00000E+00  0.00000E+00  0.00000E+00  0.00000E+00  0.00000E+00  0.00000E+00  0.00000E+00  0.00000E+00  0.00000E+00
   18891   3  0.00000E+00  0.00000E+00  0.00000E+00  0.00000E+00  0.00000E+00  0.00000E+00  0.00000E+00  0.00000E+00  0.00000E+00  0.00000E+00  0.00000E+00  0.00000E+00  0.00000E+00  0.00000E+00  0.00000E+00  0.00000E+00  0.00000E+00  0.00000E+00  0.00000E+00  0.00000E+00  0.00000E+00  0.00000E+00  0.00000E+00  0.00000E+00
   19239   2  0.00000E+00  0.00000E+00  0.00000E+00  0.00000E+00  0.00000E+00  0.00000E+00  0.00000E+00  0.00000E+00  0.00000E+00  0.00000E+00  0.00000E+00  0.00000E+00  0.00000E+00  0.00000E+00  0.00000E+00  0.00000E+00  0.00000E+00  0.00000E+00  0.00000E+00  0.00000E+00  0.00000E+00  0.00000E+00  0.00000E+00  0.00000E+00
   19239   3  0.00000E+00  0.00000E+00  0.00000E+00  0.00000E+00  0.00000E+00  0.00000E+00  0.00000E+00  0.00000E+00  0.00000E+00  0.00000E+00  0.00000E+00  0.00000E+00  0.00000E+00  0.00000E+00  0.00000E+00  0.00000E+00  0.00000E+00  0.00000E+00  0.00000E+00  0.00000E+00  0.00000E+00  0.00000E+00  0.00000E+00  0.00000E+00
   20643   2  0.00000E+00  0.00000E+00  0.00000E+00  0.00000E+00  0.00000E+00  0.00000E+00  0.00000E+00  0.00000E+00  0.00000E+00  0.00000E+00  0.00000E+00  0.00000E+00  0.00000E+00  0.00000E+00  0.00000E+00  0.00000E+00  0.00000E+00  0.00000E+00  0.00000E+00  0.00000E+00  0.00000E+00  0.00000E+00  0.00000E+00  0.00000E+00
   20643   3  0.00000E+00  0.00000E+00  0.00000E+00  0.00000E+00  0.00000E+00  0.00000E+00  0.00000E+00  0.00000E+00  0.00000E+00  0.00000E+00  0.00000E+00  0.00000E+00  0.00000E+00  0.00000E+00  0.00000E+00  0.00000E+00  0.00000E+00  0.00000E+00  0.00000E+00  0.00000E+00  0.00000E+00  0.00000E+00  0.00000E+00  0.00000E+00
   19590   3  0.00000E+00  0.00000E+00  0.00000E+00  0.00000E+00  0.00000E+00  0.00000E+00  0.00000E+00  0.00000E+00  0.00000E+00  0.00000E+00  0.00000E+00  0.00000E+00  0.00000E+00  0.00000E+00  0.00000E+00  0.00000E+00  0.00000E+00  0.00000E+00  0.00000E+00  0.00000E+00  0.00000E+00  0.00000E+00  0.00000E+00  0.00000E+00
   19590   7  0.00000E+00  0.00000E+00  0.00000E+00  0.00000E+00  0.00000E+00  0.00000E+00  0.00000E+00  0.00000E+00  0.00000E+00  0.00000E+00  0.00000E+00  0.00000E+00  0.00000E+00  0.00000E+00  0.00000E+00  0.00000E+00  0.00000E+00  0.00000E+00  0.00000E+00  0.00000E+00  0.00000E+00  0.00000E+00  0.00000E+00  0.00000E+00
   21358   4  0.00000E+00  0.00000E+00  0.00000E+00  0.00000E+00  0.00000E+00  0.00000E+00  0.00000E+00  0.00000E+00  0.00000E+00  0.00000E+00  0.00000E+00  0.00000E+00  0.00000E+00  0.00000E+00  0.00000E+00  0.00000E+00  0.00000E+00  0.00000E+00  0.00000E+00  0.00000E+00  0.00000E+00  0.00000E+00  0.00000E+00  0.00000E+00
   22412   3  2.23569E-03  2.23569E-03  2.23569E-03  2.23569E-03  2.23569E-03  2.23569E-03  2.23569E-03  2.23569E-03  2.23569E-03  2.23569E-03  2.23569E-03  2.23569E-03  2.23569E-03  2.23569E-03  2.23569E-03  2.23569E-03  2.23569E-03  2.23569E-03  2.23569E-03  2.23569E-03  2.23569E-03  2.23569E-03  2.23569E-03  2.23569E-03
   22412   7  0.00000E+00  0.00000E+00  0.00000E+00  0.00000E+00  0.00000E+00  0.00000E+00  0.00000E+00  0.00000E+00  0.00000E+00  0.00000E+00  0.00000E+00  0.00000E+00  0.00000E+00  0.00000E+00  0.00000E+00  0.00000E+00  0.00000E+00  0.00000E+00  0.00000E+00  0.00000E+00  0.00000E+00  0.00000E+00  0.00000E+00  0.00000E+00
   19610   3  0.00000E+00  0.00000E+00  0.00000E+00  0.00000E+00  0.00000E+00  0.00000E+00  0.00000E+00  0.00000E+00  0.00000E+00  0.00000E+00  0.00000E+00  0.00000E+00  0.00000E+00  0.00000E+00  0.00000E+00  0.00000E+00  0.00000E+00  0.00000E+00  0.00000E+00  0.00000E+00  0.00000E+00  0.00000E+00  0.00000E+00  0.00000E+00
   16803   4  1.04523E-02  1.04523E-02  1.04523E-02  1.04523E-02  1.04523E-02  1.04523E-02  1.04523E-02  1.04523E-02  1.04523E-02  1.04523E-02  1.04523E-02  1.04523E-02  1.04523E-02  1.04523E-02  1.04523E-02  1.04523E-02  1.04523E-02  1.04523E-02  1.04523E-02  1.04523E-02  1.04523E-02  1.04523E-02  1.04523E-02  1.04523E-02
   16802   4  8.66955E-02  8.66955E-02  8.66955E-02  8.66955E-02  8.66955E-02  8.66955E-02  8.66955E-02  8.66955E-02  8.66955E-02  8.66955E-02  8.66955E-02  8.66955E-02  8.66955E-02  8.66955E-02  8.66955E-02  8.66955E-02  8.66955E-02  8.66955E-02  8.66955E-02  8.66955E-02  8.66955E-02  8.66955E-02  8.66955E-02  8.66955E-02
   17156   4  1.43919E-04  1.43919E-04  1.43919E-04  1.43919E-04  1.43919E-04  1.43919E-04  1.43919E-04  1.43919E-04  1.43919E-04  1.43919E-04  1.43919E-04  1.43919E-04  1.43919E-04  1.43919E-04  1.43919E-04  1.43919E-04  1.43919E-04  1.43919E-04  1.43919E-04  1.43919E-04  1.43919E-04  1.43919E-04  1.43919E-04  1.43919E-04
   17156   3  3.19316E-04  3.19316E-04  3.19316E-04  3.19316E-04  3.19316E-04  0.00000E+00  0.00000E+00  0.00000E+00  0.00000E+00  0.00000E+00  0.00000E+00  0.00000E+00  0.00000E+00  3.19316E-04  3.19316E-04  3.19316E-04  3.19316E-04  3.19316E-04  3.19316E-04  3.19316E-04  3.19316E-04  3.19316E-04  3.19316E-04  3.19316E-04
   17156   7  0.00000E+00  0.00000E+00  0.00000E+00  0.00000E+00  0.00000E+00  0.00000E+00  0.00000E+00  0.00000E+00  0.00000E+00  0.00000E+00  0.00000E+00  0.00000E+00  0.00000E+00  0.00000E+00  0.00000E+00  0.00000E+00  0.00000E+00  0.00000E+00  0.00000E+00  0.00000E+00  0.00000E+00  0.00000E+00  0.00000E+00  0.00000E+00
   17156   2  0.00000E+00  0.00000E+00  0.00000E+00  0.00000E+00  0.00000E+00  0.00000E+00  0.00000E+00  0.00000E+00  0.00000E+00  0.00000E+00  0.00000E+00  0.00000E+00  0.00000E+00  0.00000E+00  0.00000E+00  0.00000E+00  0.00000E+00  0.00000E+00  0.00000E+00  0.00000E+00  0.00000E+00  0.00000E+00  0.00000E+00  0.00000E+00
   17506   4  2.48749E+00  2.48749E+00  2.48749E+00  2.48749E+00  2.48749E+00  2.48749E+00  2.48749E+00  2.48749E+00  2.48749E+00  2.48749E+00  2.48749E+00  2.48749E+00  2.48749E+00  1.23670E+01  1.23670E+01  1.23670E+01  1.23670E+01  1.23670E+01  1.23670E+01  1.23670E+01  1.23670E+01  2.48749E+00  2.48749E+00  2.48749E+00
   17506   3  5.30466E-01  5.30466E-01  5.30466E-01  5.30466E-01  5.30466E-01  5.30466E-01  5.30466E-01  5.30466E-01  5.30466E-01  5.30466E-01  5.30466E-01  5.30466E-01  5.30466E-01  1.04101E+01  1.04101E+01  1.04101E+01  1.04101E+01  1.04101E+01  1.04101E+01  1.04101E+01  1.04101E+01  5.30466E-01  5.30466E-01  5.30466E-01
   17859   3  0.00000E+00  0.00000E+00  0.00000E+00  0.00000E+00  0.00000E+00  0.00000E+00  0.00000E+00  0.00000E+00  0.00000E+00  0.00000E+00  0.00000E+00  0.00000E+00  0.00000E+00  0.00000E+00  0.00000E+00  0.00000E+00  0.00000E+00  0.00000E+00  0.00000E+00  0.00000E+00  0.00000E+00  0.00000E+00  0.00000E+00  0.00000E+00
   17506   7  0.00000E+00  0.00000E+00  0.00000E+00  0.00000E+00  0.00000E+00  0.00000E+00  0.00000E+00  0.00000E+00  0.00000E+00  0.00000E+00  0.00000E+00  0.00000E+00  0.00000E+00  0.00000E+00  0.00000E+00  0.00000E+00  0.00000E+00  0.00000E+00  0.00000E+00  0.00000E+00  0.00000E+00  0.00000E+00  0.00000E+00  0.00000E+00
   17505   3  0.00000E+00  0.00000E+00  0.00000E+00  0.00000E+00  0.00000E+00  0.00000E+00  0.00000E+00  0.00000E+00  0.00000E+00  0.00000E+00  0.00000E+00  0.00000E+00  0.00000E+00  0.00000E+00  0.00000E+00  0.00000E+00  0.00000E+00  0.00000E+00  0.00000E+00  0.00000E+00  0.00000E+00  0.00000E+00  0.00000E+00  0.00000E+00
   17153   2  3.95950E-01  3.95950E-01  3.95950E-01  3.95950E-01  3.95950E-01  3.95950E-01  3.95950E-01  3.95950E-01  3.95950E-01  3.95950E-01  3.95950E-01  3.95950E-01  3.95950E-01  3.95950E-01  3.95950E-01  3.95950E-01  3.95950E-01  3.95950E-01  3.95950E-01  3.95950E-01  3.95950E-01  3.95950E-01  3.95950E-01  3.95950E-01
   17506   5  0.00000E+00  0.00000E+00  0.00000E+00  0.00000E+00  0.00000E+00  0.00000E+00  0.00000E+00  0.00000E+00  0.00000E+00  0.00000E+00  0.00000E+00  0.00000E+00  0.00000E+00  2.19545E+00  2.19545E+00  2.19545E+00  2.19545E+00  2.19545E+00  2.19545E+00  2.19545E+00  2.19545E+00  0.00000E+00  0.00000E+00  0.00000E+00
   18212   4  0.00000E+00  0.00000E+00  0.00000E+00  0.00000E+00  0.00000E+00  0.00000E+00  0.00000E+00  0.00000E+00  0.00000E+00  0.00000E+00  0.00000E+00  0.00000E+00  0.00000E+00  0.00000E+00  0.00000E+00  0.00000E+00  0.00000E+00  0.00000E+00  0.00000E+00  0.00000E+00  0.00000E+00  0.00000E+00  0.00000E+00  0.00000E+00
   17510   4  2.48092E-02  2.48092E-02  2.48092E-02  2.48092E-02  2.48092E-02  2.48092E-02  2.48092E-02  2.48092E-02  2.48092E-02  2.48092E-02  2.48092E-02  2.48092E-02  2.48092E-02  2.48092E-02  2.48092E-02  2.48092E-02  2.48092E-02  2.48092E-02  2.48092E-02  2.48092E-02  2.48092E-02  2.48092E-02  2.48092E-02  2.48092E-02
   16447   2  0.00000E+00  0.00000E+00  0.00000E+00  0.00000E+00  0.00000E+00  0.00000E+00  0.00000E+00  0.00000E+00  0.00000E+00  0.00000E+00  0.00000E+00  0.00000E+00  0.00000E+00  0.00000E+00  0.00000E+00  0.00000E+00  0.00000E+00  0.00000E+00  0.00000E+00  0.00000E+00  0.00000E+00  0.00000E+00  0.00000E+00  0.00000E+00
   16447   3  0.00000E+00  0.00000E+00  0.00000E+00  0.00000E+00  0.00000E+00  0.00000E+00  0.00000E+00  0.00000E+00  0.00000E+00  0.00000E+00  0.00000E+00  0.00000E+00  0.00000E+00  0.00000E+00  0.00000E+00  0.00000E+00  0.00000E+00  0.00000E+00  0.00000E+00  0.00000E+00  0.00000E+00  0.00000E+00  0.00000E+00  0.00000E+00
   32968   7  0.00000E+00  0.00000E+00  0.00000E+00  0.00000E+00  0.00000E+00  0.00000E+00  0.00000E+00  0.00000E+00  0.00000E+00  0.00000E+00  0.00000E+00  0.00000E+00  0.00000E+00  0.00000E+00  0.00000E+00  0.00000E+00  0.00000E+00  0.00000E+00  0.00000E+00  0.00000E+00  0.00000E+00  0.00000E+00  0.00000E+00  0.00000E+00
   32968   3  0.00000E+00  0.00000E+00  0.00000E+00  0.00000E+00  0.00000E+00  0.00000E+00  0.00000E+00  0.00000E+00  0.00000E+00  0.00000E+00  0.00000E+00  0.00000E+00  0.00000E+00  0.00000E+00  0.00000E+00  0.00000E+00  0.00000E+00  0.00000E+00  0.00000E+00  0.00000E+00  0.00000E+00  0.00000E+00  0.00000E+00  0.00000E+00
   29089   4  5.30049E-04  5.30049E-04  5.30049E-04  5.30049E-04  5.30049E-04  5.30049E-04  5.30049E-04  5.30049E-04  5.30049E-04  5.30049E-04  5.30049E-04  5.30049E-04  5.30049E-04  5.30049E-04  5.30049E-04  5.30049E-04  5.30049E-04  5.30049E-04  5.30049E-04  5.30049E-04  5.30049E-04  5.30049E-04  5.30049E-04  5.30049E-04
   29089   2  0.00000E+00  0.00000E+00  0.00000E+00  0.00000E+00  0.00000E+00  0.00000E+00  0.00000E+00  0.00000E+00  0.00000E+00  0.00000E+00  0.00000E+00  0.00000E+00  0.00000E+00  0.00000E+00  0.00000E+00  0.00000E+00  0.00000E+00  0.00000E+00  0.00000E+00  0.00000E+00  0.00000E+00  0.00000E+00  0.00000E+00  0.00000E+00
   29089   3  2.47248E-03  2.47248E-03  2.47248E-03  2.47248E-03  2.47248E-03  2.47248E-03  2.47248E-03  2.47248E-03  2.47248E-03  2.47248E-03  2.47248E-03  2.47248E-03  2.47248E-03  2.47248E-03  2.47248E-03  2.47248E-03  2.47248E-03  2.47248E-03  2.47248E-03  2.47248E-03  2.47248E-03  2.47248E-03  2.47248E-03  2.47248E-03
   29089   7  0.00000E+00  0.00000E+00  0.00000E+00  0.00000E+00  0.00000E+00  0.00000E+00  0.00000E+00  0.00000E+00  0.00000E+00  0.00000E+00  0.00000E+00  0.00000E+00  0.00000E+00  0.00000E+00  0.00000E+00  0.00000E+00  0.00000E+00  0.00000E+00  0.00000E+00  0.00000E+00  0.00000E+00  0.00000E+00  0.00000E+00  0.00000E+00
   15772   3  0.00000E+00  0.00000E+00  0.00000E+00  0.00000E+00  0.00000E+00  0.00000E+00  0.00000E+00  0.00000E+00  0.00000E+00  0.00000E+00  0.00000E+00  0.00000E+00  0.00000E+00  0.00000E+00  0.00000E+00  0.00000E+00  0.00000E+00  0.00000E+00  0.00000E+00  0.00000E+00  0.00000E+00  0.00000E+00  0.00000E+00  0.00000E+00
   15772   2  0.00000E+00  0.00000E+00  0.00000E+00  0.00000E+00  0.00000E+00  0.00000E+00  0.00000E+00  0.00000E+00  0.00000E+00  0.00000E+00  0.00000E+00  0.00000E+00  0.00000E+00  0.00000E+00  0.00000E+00  0.00000E+00  0.00000E+00  0.00000E+00  0.00000E+00  0.00000E+00  0.00000E+00  0.00000E+00  0.00000E+00  0.00000E+00
   16476   4  7.93978E-04  7.93978E-04  7.93978E-04  7.93978E-04  7.93978E-04  7.93978E-04  7.93978E-04  7.93978E-04  7.93978E-04  7.93978E-04  7.93978E-04  7.93978E-04  7.93978E-04  7.93978E-04  7.93978E-04  7.93978E-04  7.93978E-04  7.93978E-04  7.93978E-04  7.93978E-04  7.93978E-04  7.93978E-04  7.93978E-04  7.93978E-04
   16476   3  0.00000E+00  0.00000E+00  0.00000E+00  0.00000E+00  0.00000E+00  0.00000E+00  0.00000E+00  0.00000E+00  0.00000E+00  0.00000E+00  0.00000E+00  0.00000E+00  0.00000E+00  0.00000E+00  0.00000E+00  0.00000E+00  0.00000E+00  0.00000E+00  0.00000E+00  0.00000E+00  0.00000E+00  0.00000E+00  0.00000E+00  0.00000E+00
    7320   4  0.00000E+00  0.00000E+00  0.00000E+00  0.00000E+00  0.00000E+00  0.00000E+00  0.00000E+00  0.00000E+00  0.00000E+00  0.00000E+00  0.00000E+00  0.00000E+00  0.00000E+00  0.00000E+00  0.00000E+00  0.00000E+00  0.00000E+00  0.00000E+00  0.00000E+00  0.00000E+00  0.00000E+00  0.00000E+00  0.00000E+00  0.00000E+00
   10496   2  0.00000E+00  0.00000E+00  0.00000E+00  0.00000E+00  0.00000E+00  0.00000E+00  0.00000E+00  0.00000E+00  0.00000E+00  0.00000E+00  0.00000E+00  0.00000E+00  0.00000E+00  0.00000E+00  0.00000E+00  0.00000E+00  0.00000E+00  0.00000E+00  0.00000E+00  0.00000E+00  0.00000E+00  0.00000E+00  0.00000E+00  0.00000E+00
   10496   3  7.37402E-03  7.37402E-03  7.37402E-03  7.37402E-03  7.37402E-03  7.37402E-03  7.37402E-03  7.37402E-03  7.37402E-03  7.37402E-03  7.37402E-03  7.37402E-03  7.37402E-03  7.37402E-03  7.37402E-03  7.37402E-03  7.37402E-03  7.37402E-03  7.37402E-03  7.37402E-03  7.37402E-03  7.37402E-03  7.37402E-03  7.37402E-03
   10122   3  0.00000E+00  0.00000E+00  0.00000E+00  0.00000E+00  0.00000E+00  0.00000E+00  0.00000E+00  0.00000E+00  0.00000E+00  0.00000E+00  0.00000E+00  0.00000E+00  0.00000E+00  0.00000E+00  0.00000E+00  0.00000E+00  0.00000E+00  0.00000E+00  0.00000E+00  0.00000E+00  0.00000E+00  0.00000E+00  0.00000E+00  0.00000E+00
   10122   5  0.00000E+00  0.00000E+00  0.00000E+00  0.00000E+00  0.00000E+00  0.00000E+00  0.00000E+00  0.00000E+00  0.00000E+00  0.00000E+00  0.00000E+00  0.00000E+00  0.00000E+00  0.00000E+00  0.00000E+00  0.00000E+00  0.00000E+00  0.00000E+00  0.00000E+00  0.00000E+00  0.00000E+00  0.00000E+00  0.00000E+00  0.00000E+00
    6258   1  0.00000E+00  0.00000E+00  0.00000E+00  0.00000E+00  0.00000E+00  0.00000E+00  0.00000E+00  0.00000E+00  0.00000E+00  0.00000E+00  0.00000E+00  0.00000E+00  0.00000E+00  0.00000E+00  0.00000E+00  0.00000E+00  0.00000E+00  0.00000E+00  0.00000E+00  0.00000E+00  0.00000E+00  0.00000E+00  0.00000E+00  0.00000E+00
    6258   2  0.00000E+00  0.00000E+00  0.00000E+00  0.00000E+00  0.00000E+00  0.00000E+00  0.00000E+00  0.00000E+00  0.00000E+00  0.00000E+00  0.00000E+00  0.00000E+00  0.00000E+00  0.00000E+00  0.00000E+00  0.00000E+00  0.00000E+00  0.00000E+00  0.00000E+00  0.00000E+00  0.00000E+00  0.00000E+00  0.00000E+00  0.00000E+00
    6258   3  0.00000E+00  0.00000E+00  0.00000E+00  0.00000E+00  0.00000E+00  0.00000E+00  0.00000E+00  0.00000E+00  0.00000E+00  0.00000E+00  0.00000E+00  0.00000E+00  0.00000E+00  0.00000E+00  0.00000E+00  0.00000E+00  0.00000E+00  0.00000E+00  0.00000E+00  0.00000E+00  0.00000E+00  0.00000E+00  0.00000E+00  0.00000E+00
    6258   4  0.00000E+00  0.00000E+00  0.00000E+00  0.00000E+00  0.00000E+00  0.00000E+00  0.00000E+00  0.00000E+00  0.00000E+00  0.00000E+00  0.00000E+00  0.00000E+00  0.00000E+00  0.00000E+00  0.00000E+00  0.00000E+00  0.00000E+00  0.00000E+00  0.00000E+00  0.00000E+00  0.00000E+00  0.00000E+00  0.00000E+00  0.00000E+00
    6258   7  0.00000E+00  0.00000E+00  0.00000E+00  0.00000E+00  0.00000E+00  0.00000E+00  0.00000E+00  0.00000E+00  0.00000E+00  0.00000E+00  0.00000E+00  0.00000E+00  0.00000E+00  0.00000E+00  0.00000E+00  0.00000E+00  0.00000E+00  0.00000E+00  0.00000E+00  0.00000E+00  0.00000E+00  0.00000E+00  0.00000E+00  0.00000E+00
    9417   4  1.90249E-04  1.90249E-04  1.90249E-04  1.90249E-04  1.90249E-04  1.90249E-04  1.90249E-04  1.90249E-04  1.90249E-04  1.90249E-04  1.90249E-04  1.90249E-04  1.90249E-04  1.90249E-04  1.90249E-04  1.90249E-04  1.90249E-04  1.90249E-04  1.90249E-04  1.90249E-04  1.90249E-04  1.90249E-04  1.90249E-04  1.90249E-04
   10122   4  1.86764E-04  1.86764E-04  1.86764E-04  1.86764E-04  1.86764E-04  1.86764E-04  1.86764E-04  1.86764E-04  1.86764E-04  1.86764E-04  1.86764E-04  1.86764E-04  1.86764E-04  1.86764E-04  1.86764E-04  1.86764E-04  1.86764E-04  1.86764E-04  1.86764E-04  1.86764E-04  1.86764E-04  1.86764E-04  1.86764E-04  1.86764E-04
   14365   3  0.00000E+00  0.00000E+00  0.00000E+00  0.00000E+00  0.00000E+00  0.00000E+00  0.00000E+00  0.00000E+00  0.00000E+00  0.00000E+00  0.00000E+00  0.00000E+00  0.00000E+00  0.00000E+00  0.00000E+00  0.00000E+00  0.00000E+00  0.00000E+00  0.00000E+00  0.00000E+00  0.00000E+00  0.00000E+00  0.00000E+00  0.00000E+00
   11525   4  3.92034E-03  3.92034E-03  3.92034E-03  3.92034E-03  3.92034E-03  3.92034E-03  3.92034E-03  3.92034E-03  3.92034E-03  3.92034E-03  3.92034E-03  3.92034E-03  3.92034E-03  3.92034E-03  3.92034E-03  3.92034E-03  3.92034E-03  3.92034E-03  3.92034E-03  3.92034E-03  3.92034E-03  3.92034E-03  3.92034E-03  3.92034E-03
    8358   7  0.00000E+00  0.00000E+00  0.00000E+00  0.00000E+00  0.00000E+00  0.00000E+00  0.00000E+00  0.00000E+00  0.00000E+00  0.00000E+00  0.00000E+00  0.00000E+00  0.00000E+00  0.00000E+00  0.00000E+00  0.00000E+00  0.00000E+00  0.00000E+00  0.00000E+00  0.00000E+00  0.00000E+00  0.00000E+00  0.00000E+00  0.00000E+00
    9771   3  0.00000E+00  0.00000E+00  0.00000E+00  0.00000E+00  0.00000E+00  0.00000E+00  0.00000E+00  0.00000E+00  0.00000E+00  0.00000E+00  0.00000E+00  0.00000E+00  0.00000E+00  0.00000E+00  0.00000E+00  0.00000E+00  0.00000E+00  0.00000E+00  0.00000E+00  0.00000E+00  0.00000E+00  0.00000E+00  0.00000E+00  0.00000E+00
    6609   3  0.00000E+00  0.00000E+00  0.00000E+00  0.00000E+00  0.00000E+00  0.00000E+00  0.00000E+00  0.00000E+00  0.00000E+00  0.00000E+00  0.00000E+00  0.00000E+00  0.00000E+00  0.00000E+00  0.00000E+00  0.00000E+00  0.00000E+00  0.00000E+00  0.00000E+00  0.00000E+00  0.00000E+00  0.00000E+00  0.00000E+00  0.00000E+00
   11870   4  3.61101E-02  3.61101E-02  3.61101E-02  3.61101E-02  3.61101E-02  3.61101E-02  3.61101E-02  3.61101E-02  3.61101E-02  3.61101E-02  3.61101E-02  3.61101E-02  3.61101E-02  3.61101E-02  3.61101E-02  3.61101E-02  3.61101E-02  3.61101E-02  3.61101E-02  3.61101E-02  3.61101E-02  3.61101E-02  3.61101E-02  3.61101E-02
   11870   3  0.00000E+00  0.00000E+00  0.00000E+00  0.00000E+00  0.00000E+00  0.00000E+00  0.00000E+00  0.00000E+00  0.00000E+00  0.00000E+00  0.00000E+00  0.00000E+00  0.00000E+00  0.00000E+00  0.00000E+00  0.00000E+00  0.00000E+00  0.00000E+00  0.00000E+00  0.00000E+00  0.00000E+00  0.00000E+00  0.00000E+00  0.00000E+00
   11870   2  0.00000E+00  0.00000E+00  0.00000E+00  0.00000E+00  0.00000E+00  0.00000E+00  0.00000E+00  0.00000E+00  0.00000E+00  0.00000E+00  0.00000E+00  0.00000E+00  0.00000E+00  0.00000E+00  0.00000E+00  0.00000E+00  0.00000E+00  0.00000E+00  0.00000E+00  0.00000E+00  0.00000E+00  0.00000E+00  0.00000E+00  0.00000E+00
   10124   4  8.45768E-05  8.45768E-05  8.45768E-05  8.45768E-05  8.45768E-05  8.45768E-05  8.45768E-05  8.45768E-05  8.45768E-05  8.45768E-05  8.45768E-05  8.45768E-05  8.45768E-05  8.45768E-05  8.45768E-05  8.45768E-05  8.45768E-05  8.45768E-05  8.45768E-05  8.45768E-05  8.45768E-05  8.45768E-05  8.45768E-05  8.45768E-05
   18579   3  0.00000E+00  0.00000E+00  0.00000E+00  0.00000E+00  0.00000E+00  0.00000E+00  0.00000E+00  0.00000E+00  0.00000E+00  0.00000E+00  0.00000E+00  0.00000E+00  0.00000E+00  0.00000E+00  0.00000E+00  0.00000E+00  0.00000E+00  0.00000E+00  0.00000E+00  0.00000E+00  0.00000E+00  0.00000E+00  0.00000E+00  0.00000E+00
   18225   4  0.00000E+00  0.00000E+00  0.00000E+00  0.00000E+00  0.00000E+00  0.00000E+00  0.00000E+00  0.00000E+00  0.00000E+00  0.00000E+00  0.00000E+00  0.00000E+00  0.00000E+00  0.00000E+00  0.00000E+00  0.00000E+00  0.00000E+00  0.00000E+00  0.00000E+00  0.00000E+00  0.00000E+00  0.00000E+00  0.00000E+00  0.00000E+00
   18225   3  0.00000E+00  0.00000E+00  0.00000E+00  0.00000E+00  0.00000E+00  0.00000E+00  0.00000E+00  0.00000E+00  0.00000E+00  0.00000E+00  0.00000E+00  0.00000E+00  0.00000E+00  0.00000E+00  0.00000E+00  0.00000E+00  0.00000E+00  0.00000E+00  0.00000E+00  0.00000E+00  0.00000E+00  0.00000E+00  0.00000E+00  0.00000E+00
   15059   3  0.00000E+00  0.00000E+00  0.00000E+00  0.00000E+00  0.00000E+00  0.00000E+00  0.00000E+00  0.00000E+00  0.00000E+00  0.00000E+00  0.00000E+00  0.00000E+00  0.00000E+00  0.00000E+00  0.00000E+00  0.00000E+00  0.00000E+00  0.00000E+00  0.00000E+00  0.00000E+00  0.00000E+00  0.00000E+00  0.00000E+00  0.00000E+00
   18576   4  3.63565E-02  3.63565E-02  3.63565E-02  3.63565E-02  3.63565E-02  3.63565E-02  3.63565E-02  3.63565E-02  3.63565E-02  3.63565E-02  3.63565E-02  3.63565E-02  3.63565E-02  3.63565E-02  3.63565E-02  3.63565E-02  3.63565E-02  3.63565E-02  3.63565E-02  3.63565E-02  3.63565E-02  3.63565E-02  3.63565E-02  3.63565E-02
   18576   3  5.27089E-02  5.27089E-02  5.27089E-02  5.27089E-02  5.27089E-02  5.27089E-02  5.27089E-02  5.27089E-02  5.27089E-02  5.27089E-02  5.27089E-02  5.27089E-02  5.27089E-02  5.27089E-02  5.27089E-02  5.27089E-02  5.27089E-02  5.27089E-02  5.27089E-02  5.27089E-02  5.27089E-02  5.27089E-02  5.27089E-02  5.27089E-02
   18576   1  0.00000E+00  0.00000E+00  0.00000E+00  0.00000E+00  0.00000E+00  0.00000E+00  0.00000E+00  0.00000E+00  0.00000E+00  0.00000E+00  0.00000E+00  0.00000E+00  0.00000E+00  0.00000E+00  0.00000E+00  0.00000E+00  0.00000E+00  0.00000E+00  0.00000E+00  0.00000E+00  0.00000E+00  0.00000E+00  0.00000E+00  0.00000E+00
   15747   3  0.00000E+00  0.00000E+00  0.00000E+00  0.00000E+00  0.00000E+00  0.00000E+00  0.00000E+00  0.00000E+00  0.00000E+00  0.00000E+00  0.00000E+00  0.00000E+00  0.00000E+00  0.00000E+00  0.00000E+00  0.00000E+00  0.00000E+00  0.00000E+00  0.00000E+00  0.00000E+00  0.00000E+00  0.00000E+00  0.00000E+00  0.00000E+00
   15747   2  0.00000E+00  0.00000E+00  0.00000E+00  0.00000E+00  0.00000E+00  0.00000E+00  0.00000E+00  0.00000E+00  0.00000E+00  0.00000E+00  0.00000E+00  0.00000E+00  0.00000E+00  0.00000E+00  0.00000E+00  0.00000E+00  0.00000E+00  0.00000E+00  0.00000E+00  0.00000E+00  0.00000E+00  0.00000E+00  0.00000E+00  0.00000E+00
   13638   3  0.00000E+00  0.00000E+00  0.00000E+00  0.00000E+00  0.00000E+00  0.00000E+00  0.00000E+00  0.00000E+00  0.00000E+00  0.00000E+00  0.00000E+00  0.00000E+00  0.00000E+00  0.00000E+00  0.00000E+00  0.00000E+00  0.00000E+00  0.00000E+00  0.00000E+00  0.00000E+00  0.00000E+00  0.00000E+00  0.00000E+00  0.00000E+00
   18926   4  4.44081E-03  4.44081E-03  4.44081E-03  4.44081E-03  4.44081E-03  4.44081E-03  4.44081E-03  4.44081E-03  4.44081E-03  4.44081E-03  4.44081E-03  4.44081E-03  4.44081E-03  4.44081E-03  4.44081E-03  4.44081E-03  4.44081E-03  4.44081E-03  4.44081E-03  4.44081E-03  4.44081E-03  4.44081E-03  4.44081E-03  4.44081E-03
   22115   4  1.12458E-04  1.12458E-04  1.12458E-04  1.12458E-04  1.12458E-04  1.12458E-04  1.12458E-04  1.12458E-04  1.12458E-04  1.12458E-04  1.12458E-04  1.12458E-04  1.12458E-04  1.12458E-04  1.12458E-04  1.12458E-04  1.12458E-04  1.12458E-04  1.12458E-04  1.12458E-04  1.12458E-04  1.12458E-04  1.12458E-04  1.12458E-04
   15750   4  8.64458E-03  8.64458E-03  8.64458E-03  8.64458E-03  8.64458E-03  8.64458E-03  8.64458E-03  8.64458E-03  8.64458E-03  8.64458E-03  8.64458E-03  8.64458E-03  8.64458E-03  8.64458E-03  8.64458E-03  8.64458E-03  8.64458E-03  8.64458E-03  8.64458E-03  8.64458E-03  8.64458E-03  8.64458E-03  8.64458E-03  8.64458E-03
   16455   4  1.26660E-02  1.26660E-02  1.26660E-02  1.26660E-02  1.26660E-02  1.26660E-02  1.26660E-02  1.26660E-02  1.26660E-02  1.26660E-02  1.26660E-02  1.26660E-02  1.26660E-02  1.26660E-02  1.26660E-02  1.26660E-02  1.26660E-02  1.26660E-02  1.26660E-02  1.26660E-02  1.26660E-02  1.26660E-02  1.26660E-02  1.26660E-02
   18223   3  9.01129E-02  9.01129E-02  9.01129E-02  9.01129E-02  9.01129E-02  9.01129E-02  9.01129E-02  9.01129E-02  9.01129E-02  9.01129E-02  9.01129E-02  9.01129E-02  9.01129E-02  9.01129E-02  9.01129E-02  9.01129E-02  9.01129E-02  9.01129E-02  9.01129E-02  9.01129E-02  9.01129E-02  9.01129E-02  9.01129E-02  9.01129E-02
   18224   4  1.56530E+00  1.56530E+00  1.56530E+00  1.56530E+00  1.56530E+00  1.56530E+00  1.56530E+00  1.56530E+00  1.56530E+00  1.56530E+00  1.56530E+00  1.56530E+00  1.56530E+00  2.89967E+01  2.89967E+01  2.89967E+01  2.89967E+01  2.89967E+01  2.89967E+01  2.89967E+01  2.89967E+01  1.56530E+00  1.56530E+00  1.56530E+00
   18930   4  1.29455E-01  1.29455E-01  1.29455E-01  1.29455E-01  1.29455E-01  1.29455E-01  1.29455E-01  1.29455E-01  1.29455E-01  1.29455E-01  1.29455E-01  1.29455E-01  1.29455E-01  1.29455E-01  1.29455E-01  1.29455E-01  1.29455E-01  1.29455E-01  1.29455E-01  1.29455E-01  1.29455E-01  1.29455E-01  1.29455E-01  1.29455E-01
   18224   5  0.00000E+00  0.00000E+00  0.00000E+00  0.00000E+00  0.00000E+00  0.00000E+00  0.00000E+00  0.00000E+00  0.00000E+00  0.00000E+00  0.00000E+00  0.00000E+00  0.00000E+00  6.09586E+00  6.09586E+00  6.09586E+00  6.09586E+00  6.09586E+00  6.09586E+00  6.09586E+00  6.09586E+00  0.00000E+00  0.00000E+00  0.00000E+00
   18577   3  0.00000E+00  0.00000E+00  0.00000E+00  0.00000E+00  0.00000E+00  0.00000E+00  0.00000E+00  0.00000E+00  0.00000E+00  0.00000E+00  0.00000E+00  0.00000E+00  0.00000E+00  2.55787E-05  2.55787E-05  2.55787E-05  2.55787E-05  2.55787E-05  2.55787E-05  2.55787E-05  2.55787E-05  0.00000E+00  0.00000E+00  0.00000E+00
   18223   4  3.45507E-01  3.45507E-01  3.45507E-01  3.45507E-01  3.45507E-01  3.45507E-01  3.45507E-01  3.45507E-01  3.45507E-01  3.45507E-01  3.45507E-01  3.45507E-01  3.45507E-01  3.45507E-01  3.45507E-01  3.45507E-01  3.45507E-01  3.45507E-01  3.45507E-01  3.45507E-01  3.45507E-01  3.45507E-01  3.45507E-01  3.45507E-01
   18224   3  5.54887E-02  5.54887E-02  5.46182E-02  5.46182E-02  5.46182E-02  5.46182E-02  5.46182E-02  5.46182E-02  5.46182E-02  5.46182E-02  5.46182E-02  5.46182E-02  5.46182E-02  2.74868E+01  2.74868E+01  2.74868E+01  2.74868E+01  2.74868E+01  2.74868E+01  2.74868E+01  2.74868E+01  5.54887E-02  5.54887E-02  5.54887E-02
   18223   5  0.00000E+00  0.00000E+00  0.00000E+00  0.00000E+00  0.00000E+00  0.00000E+00  0.00000E+00  0.00000E+00  0.00000E+00  0.00000E+00  0.00000E+00  0.00000E+00  0.00000E+00  0.00000E+00  0.00000E+00  0.00000E+00  0.00000E+00  0.00000E+00  0.00000E+00  0.00000E+00  0.00000E+00  0.00000E+00  0.00000E+00  0.00000E+00
   18577   4  1.32828E+00  1.32828E+00  1.32828E+00  1.32828E+00  1.32828E+00  1.32828E+00  1.32828E+00  1.32828E+00  1.32828E+00  1.32828E+00  1.32828E+00  1.32828E+00  1.32828E+00  1.32828E+00  1.32828E+00  1.32828E+00  1.32828E+00  1.32828E+00  1.32828E+00  1.32828E+00  1.32828E+00  1.32828E+00  1.32828E+00  1.32828E+00
   18576   5  0.00000E+00  0.00000E+00  0.00000E+00  0.00000E+00  0.00000E+00  0.00000E+00  0.00000E+00  0.00000E+00  0.00000E+00  0.00000E+00  0.00000E+00  0.00000E+00  0.00000E+00  0.00000E+00  0.00000E+00  0.00000E+00  0.00000E+00  0.00000E+00  0.00000E+00  0.00000E+00  0.00000E+00  0.00000E+00  0.00000E+00  0.00000E+00
   18223   7  0.00000E+00  0.00000E+00  0.00000E+00  0.00000E+00  0.00000E+00  0.00000E+00  0.00000E+00  0.00000E+00  0.00000E+00  0.00000E+00  0.00000E+00  0.00000E+00  0.00000E+00  5.21053E-04  5.21053E-04  5.21053E-04  5.21053E-04  5.21053E-04  5.21053E-04  5.21053E-04  5.21053E-04  0.00000E+00  0.00000E+00  0.00000E+00
   18576   7  0.00000E+00  0.00000E+00  0.00000E+00  0.00000E+00  0.00000E+00  0.00000E+00  0.00000E+00  0.00000E+00  0.00000E+00  0.00000E+00  0.00000E+00  0.00000E+00  0.00000E+00  1.46735E-02  1.46735E-02  1.46735E-02  1.46735E-02  1.46735E-02  1.46735E-02  1.46735E-02  1.46735E-02  0.00000E+00  0.00000E+00  0.00000E+00
   18222   3  0.00000E+00  0.00000E+00  0.00000E+00  0.00000E+00  0.00000E+00  0.00000E+00  0.00000E+00  0.00000E+00  0.00000E+00  0.00000E+00  0.00000E+00  0.00000E+00  0.00000E+00  0.00000E+00  0.00000E+00  0.00000E+00  0.00000E+00  0.00000E+00  0.00000E+00  0.00000E+00  0.00000E+00  0.00000E+00  0.00000E+00  0.00000E+00
   19280   3  0.00000E+00  0.00000E+00  0.00000E+00  0.00000E+00  0.00000E+00  0.00000E+00  0.00000E+00  0.00000E+00  0.00000E+00  0.00000E+00  0.00000E+00  0.00000E+00  0.00000E+00  0.00000E+00  0.00000E+00  0.00000E+00  0.00000E+00  0.00000E+00  0.00000E+00  0.00000E+00  0.00000E+00  0.00000E+00  0.00000E+00  0.00000E+00
   19280   4  1.37955E-01  1.37955E-01  1.37955E-01  1.37955E-01  1.37955E-01  1.37955E-01  1.37955E-01  1.37955E-01  1.37955E-01  1.37955E-01  1.37955E-01  1.37955E-01  1.37955E-01  6.52381E+00  6.52381E+00  6.52381E+00  6.52381E+00  6.52381E+00  6.52381E+00  6.52381E+00  6.52381E+00  1.37955E-01  1.37955E-01  1.37955E-01
   19279   4  1.65753E+00  1.65753E+00  1.65753E+00  1.65753E+00  1.65753E+00  1.65753E+00  1.65753E+00  1.65753E+00  1.65753E+00  1.65753E+00  1.65753E+00  1.65753E+00  1.65753E+00  1.65753E+00  1.65753E+00  1.65753E+00  1.65753E+00  1.65753E+00  1.65753E+00  1.65753E+00  1.65753E+00  1.65753E+00  1.65753E+00  1.65753E+00
   18928   3  0.00000E+00  0.00000E+00  0.00000E+00  0.00000E+00  0.00000E+00  0.00000E+00  0.00000E+00  0.00000E+00  0.00000E+00  0.00000E+00  0.00000E+00  0.00000E+00  0.00000E+00  0.00000E+00  0.00000E+00  0.00000E+00  0.00000E+00  0.00000E+00  0.00000E+00  0.00000E+00  0.00000E+00  0.00000E+00  0.00000E+00  0.00000E+00
   18928   4  6.12600E-02  6.12600E-02  6.12600E-02  6.12600E-02  6.12600E-02  6.12600E-02  6.12600E-02  6.12600E-02  6.12600E-02  6.12600E-02  6.12600E-02  6.12600E-02  6.12600E-02  6.12600E-02  6.12600E-02  6.12600E-02  6.12600E-02  6.12600E-02  6.12600E-02  6.12600E-02  6.12600E-02  6.12600E-02  6.12600E-02  6.12600E-02
   18575   4  7.38794E-04  7.38794E-04  7.38794E-04  7.38794E-04  7.38794E-04  7.38794E-04  7.38794E-04  7.38794E-04  7.38794E-04  7.38794E-04  7.38794E-04  7.38794E-04  7.38794E-04  7.38794E-04  7.38794E-04  7.38794E-04  7.38794E-04  7.38794E-04  7.38794E-04  7.38794E-04  7.38794E-04  7.38794E-04  7.38794E-04  7.38794E-04
   18222   4  9.23633E-04  9.23633E-04  9.23633E-04  9.23633E-04  9.23633E-04  9.23633E-04  9.23633E-04  9.23633E-04  9.23633E-04  9.23633E-04  9.23633E-04  9.23633E-04  9.23633E-04  9.23633E-04  9.23633E-04  9.23633E-04  9.23633E-04  9.23633E-04  9.23633E-04  9.23633E-04  9.23633E-04  9.23633E-04  9.23633E-04  9.23633E-04
   18575   3  0.00000E+00  0.00000E+00  0.00000E+00  0.00000E+00  0.00000E+00  0.00000E+00  0.00000E+00  0.00000E+00  0.00000E+00  0.00000E+00  0.00000E+00  0.00000E+00  0.00000E+00  0.00000E+00  0.00000E+00  0.00000E+00  0.00000E+00  0.00000E+00  0.00000E+00  0.00000E+00  0.00000E+00  0.00000E+00  0.00000E+00  0.00000E+00
   15401   3  0.00000E+00  0.00000E+00  0.00000E+00  0.00000E+00  0.00000E+00  0.00000E+00  0.00000E+00  0.00000E+00  0.00000E+00  0.00000E+00  0.00000E+00  0.00000E+00  0.00000E+00  0.00000E+00  0.00000E+00  0.00000E+00  0.00000E+00  0.00000E+00  0.00000E+00  0.00000E+00  0.00000E+00  0.00000E+00  0.00000E+00  0.00000E+00
   16114   7  0.00000E+00  0.00000E+00  0.00000E+00  0.00000E+00  0.00000E+00  0.00000E+00  0.00000E+00  0.00000E+00  0.00000E+00  0.00000E+00  0.00000E+00  0.00000E+00  0.00000E+00  0.00000E+00  0.00000E+00  0.00000E+00  0.00000E+00  0.00000E+00  0.00000E+00  0.00000E+00  0.00000E+00  0.00000E+00  0.00000E+00  0.00000E+00
   15761   3  3.28103E-02  3.28103E-02  3.28103E-02  3.28103E-02  3.28103E-02  0.00000E+00  0.00000E+00  0.00000E+00  0.00000E+00  0.00000E+00  0.00000E+00  0.00000E+00  0.00000E+00  3.28103E-02  3.28103E-02  3.28103E-02  3.28103E-02  3.28103E-02  3.28103E-02  3.28103E-02  3.28103E-02  3.28103E-02  3.28103E-02  3.28103E-02
   15762   4  0.00000E+00  0.00000E+00  0.00000E+00  0.00000E+00  0.00000E+00  0.00000E+00  0.00000E+00  0.00000E+00  0.00000E+00  0.00000E+00  0.00000E+00  0.00000E+00  0.00000E+00  0.00000E+00  0.00000E+00  0.00000E+00  0.00000E+00  0.00000E+00  0.00000E+00  0.00000E+00  0.00000E+00  0.00000E+00  0.00000E+00  0.00000E+00
   18227   4  5.34921E-03  5.34921E-03  5.34921E-03  5.34921E-03  5.34921E-03  5.34921E-03  5.34921E-03  5.34921E-03  5.34921E-03  5.34921E-03  5.34921E-03  5.34921E-03  5.34921E-03  5.34921E-03  5.34921E-03  5.34921E-03  5.34921E-03  5.34921E-03  5.34921E-03  5.34921E-03  5.34921E-03  5.34921E-03  5.34921E-03  5.34921E-03
   21763   4  3.12743E-03  3.12743E-03  3.12743E-03  3.12743E-03  3.12743E-03  3.12743E-03  3.12743E-03  3.12743E-03  3.12743E-03  3.12743E-03  3.12743E-03  3.12743E-03  3.12743E-03  3.12743E-03  3.12743E-03  3.12743E-03  3.12743E-03  3.12743E-03  3.12743E-03  3.12743E-03  3.12743E-03  3.12743E-03  3.12743E-03  3.12743E-03
   25974   3  0.00000E+00  0.00000E+00  0.00000E+00  0.00000E+00  0.00000E+00  0.00000E+00  0.00000E+00  0.00000E+00  0.00000E+00  0.00000E+00  0.00000E+00  0.00000E+00  0.00000E+00  0.00000E+00  0.00000E+00  0.00000E+00  0.00000E+00  0.00000E+00  0.00000E+00  0.00000E+00  0.00000E+00  0.00000E+00  0.00000E+00  0.00000E+00
   25262   3  0.00000E+00  0.00000E+00  0.00000E+00  0.00000E+00  0.00000E+00  0.00000E+00  0.00000E+00  0.00000E+00  0.00000E+00  0.00000E+00  0.00000E+00  0.00000E+00  0.00000E+00  0.00000E+00  0.00000E+00  0.00000E+00  0.00000E+00  0.00000E+00  0.00000E+00  0.00000E+00  0.00000E+00  0.00000E+00  0.00000E+00  0.00000E+00
   24198   4  0.00000E+00  0.00000E+00  0.00000E+00  0.00000E+00  0.00000E+00  0.00000E+00  0.00000E+00  0.00000E+00  0.00000E+00  0.00000E+00  0.00000E+00  0.00000E+00  0.00000E+00  0.00000E+00  0.00000E+00  0.00000E+00  0.00000E+00  0.00000E+00  0.00000E+00  0.00000E+00  0.00000E+00  0.00000E+00  0.00000E+00  0.00000E+00
   24198   3  1.78391E-04  1.78391E-04  1.78391E-04  1.78391E-04  1.78391E-04  0.00000E+00  0.00000E+00  0.00000E+00  0.00000E+00  0.00000E+00  0.00000E+00  0.00000E+00  0.00000E+00  1.78391E-04  1.78391E-04  1.78391E-04  1.78391E-04  1.78391E-04  1.78391E-04  1.78391E-04  1.78391E-04  1.78391E-04  1.78391E-04  1.78391E-04
   24551   4  8.24687E-03  8.24687E-03  8.24687E-03  8.24687E-03  8.24687E-03  8.24687E-03  8.24687E-03  8.24687E-03  8.24687E-03  8.24687E-03  8.24687E-03  8.24687E-03  8.24687E-03  8.24687E-03  8.24687E-03  8.24687E-03  8.24687E-03  8.24687E-03  8.24687E-03  8.24687E-03  8.24687E-03  8.24687E-03  8.24687E-03  8.24687E-03
   24911   4  0.00000E+00  0.00000E+00  0.00000E+00  0.00000E+00  0.00000E+00  0.00000E+00  0.00000E+00  0.00000E+00  0.00000E+00  0.00000E+00  0.00000E+00  0.00000E+00  0.00000E+00  0.00000E+00  0.00000E+00  0.00000E+00  0.00000E+00  0.00000E+00  0.00000E+00  0.00000E+00  0.00000E+00  0.00000E+00  0.00000E+00  0.00000E+00
   24553   4  4.40533E-01  4.40533E-01  4.40533E-01  4.40533E-01  4.40533E-01  4.40533E-01  4.40533E-01  4.40533E-01  4.40533E-01  4.40533E-01  4.40533E-01  4.40533E-01  4.40533E-01  1.72172E+00  1.72172E+00  1.72172E+00  1.72172E+00  1.72172E+00  1.72172E+00  1.72172E+00  1.72172E+00  4.40533E-01  4.40533E-01  4.40533E-01
   25259   4  0.00000E+00  0.00000E+00  0.00000E+00  0.00000E+00  0.00000E+00  0.00000E+00  0.00000E+00  0.00000E+00  0.00000E+00  0.00000E+00  0.00000E+00  0.00000E+00  0.00000E+00  0.00000E+00  0.00000E+00  0.00000E+00  0.00000E+00  0.00000E+00  0.00000E+00  0.00000E+00  0.00000E+00  0.00000E+00  0.00000E+00  0.00000E+00
   25259   3  2.41208E-04  2.41208E-04  2.41208E-04  2.41208E-04  2.41208E-04  2.41208E-04  2.41208E-04  2.41208E-04  2.41208E-04  2.41208E-04  2.41208E-04  2.41208E-04  2.41208E-04  2.41208E-04  2.41208E-04  2.41208E-04  2.41208E-04  2.41208E-04  2.41208E-04  2.41208E-04  2.41208E-04  2.41208E-04  2.41208E-04  2.41208E-04
   24906   4  1.11224E-02  1.11224E-02  1.11224E-02  1.11224E-02  1.11224E-02  1.11224E-02  1.11224E-02  1.11224E-02  1.11224E-02  1.11224E-02  1.11224E-02  1.11224E-02  1.11224E-02  1.11224E-02  1.11224E-02  1.11224E-02  1.11224E-02  1.11224E-02  1.11224E-02  1.11224E-02  1.11224E-02  1.11224E-02  1.11224E-02  1.11224E-02
   24201   2  0.00000E+00  0.00000E+00  0.00000E+00  0.00000E+00  0.00000E+00  0.00000E+00  0.00000E+00  0.00000E+00  0.00000E+00  0.00000E+00  0.00000E+00  0.00000E+00  0.00000E+00  0.00000E+00  0.00000E+00  0.00000E+00  0.00000E+00  0.00000E+00  0.00000E+00  0.00000E+00  0.00000E+00  0.00000E+00  0.00000E+00  0.00000E+00
   24201   1  0.00000E+00  0.00000E+00  0.00000E+00  0.00000E+00  0.00000E+00  0.00000E+00  0.00000E+00  0.00000E+00  0.00000E+00  0.00000E+00  0.00000E+00  0.00000E+00  0.00000E+00  0.00000E+00  0.00000E+00  0.00000E+00  0.00000E+00  0.00000E+00  0.00000E+00  0.00000E+00  0.00000E+00  0.00000E+00  0.00000E+00  0.00000E+00
   24554   4  6.97139E-01  6.97139E-01  6.97139E-01  6.97139E-01  6.97139E-01  6.97139E-01  6.97139E-01  6.97139E-01  6.97139E-01  6.97139E-01  6.97139E-01  6.97139E-01  6.97139E-01  6.97139E-01  6.97139E-01  6.97139E-01  6.97139E-01  6.97139E-01  6.97139E-01  6.97139E-01  6.97139E-01  6.97139E-01  6.97139E-01  6.97139E-01
   24904   3  0.00000E+00  0.00000E+00  0.00000E+00  0.00000E+00  0.00000E+00  0.00000E+00  0.00000E+00  0.00000E+00  0.00000E+00  0.00000E+00  0.00000E+00  0.00000E+00  0.00000E+00  0.00000E+00  0.00000E+00  0.00000E+00  0.00000E+00  0.00000E+00  0.00000E+00  0.00000E+00  0.00000E+00  0.00000E+00  0.00000E+00  0.00000E+00
   24904   4  1.33300E-01  1.33300E-01  1.33300E-01  1.33300E-01  1.33300E-01  1.33300E-01  1.33300E-01  1.33300E-01  1.33300E-01  1.33300E-01  1.33300E-01  1.33300E-01  1.33300E-01  1.33300E-01  1.33300E-01  1.33300E-01  1.33300E-01  1.33300E-01  1.33300E-01  1.33300E-01  1.33300E-01  1.33300E-01  1.33300E-01  1.33300E-01
   25257   4  1.82659E+00  1.82659E+00  1.82659E+00  1.82659E+00  1.82659E+00  1.82659E+00  1.82659E+00  1.82659E+00  1.82659E+00  1.82659E+00  1.82659E+00  1.82659E+00  1.82659E+00  1.82659E+00  1.82659E+00  1.82659E+00  1.82659E+00  1.82659E+00  1.82659E+00  1.82659E+00  1.82659E+00  1.82659E+00  1.82659E+00  1.82659E+00
   25257   3  0.00000E+00  0.00000E+00  0.00000E+00  0.00000E+00  0.00000E+00  0.00000E+00  0.00000E+00  0.00000E+00  0.00000E+00  0.00000E+00  0.00000E+00  0.00000E+00  0.00000E+00  0.00000E+00  0.00000E+00  0.00000E+00  0.00000E+00  0.00000E+00  0.00000E+00  0.00000E+00  0.00000E+00  0.00000E+00  0.00000E+00  0.00000E+00
   24904   7  0.00000E+00  0.00000E+00  0.00000E+00  0.00000E+00  0.00000E+00  0.00000E+00  0.00000E+00  0.00000E+00  0.00000E+00  0.00000E+00  0.00000E+00  0.00000E+00  0.00000E+00  0.00000E+00  0.00000E+00  0.00000E+00  0.00000E+00  0.00000E+00  0.00000E+00  0.00000E+00  0.00000E+00  0.00000E+00  0.00000E+00  0.00000E+00
   24904   1  0.00000E+00  0.00000E+00  0.00000E+00  0.00000E+00  0.00000E+00  0.00000E+00  0.00000E+00  0.00000E+00  0.00000E+00  0.00000E+00  0.00000E+00  0.00000E+00  0.00000E+00  0.00000E+00  0.00000E+00  0.00000E+00  0.00000E+00  0.00000E+00  0.00000E+00  0.00000E+00  0.00000E+00  0.00000E+00  0.00000E+00  0.00000E+00
   23850   3  2.57205E-02  2.57205E-02  2.57205E-02  2.57205E-02  2.57205E-02  2.57205E-02  2.57205E-02  2.57205E-02  2.57205E-02  2.57205E-02  2.57205E-02  2.57205E-02  2.57205E-02  2.57575E-02  2.57575E-02  2.57575E-02  2.57575E-02  2.57575E-02  2.57575E-02  2.57575E-02  2.57575E-02  2.57205E-02  2.57205E-02  2.57205E-02
   23850   4  1.28644E-03  1.28644E-03  1.28644E-03  1.28644E-03  1.28644E-03  1.28644E-03  1.28644E-03  1.28644E-03  1.28644E-03  1.28644E-03  1.28644E-03  1.28644E-03  1.28644E-03  1.28644E-03  1.28644E-03  1.28644E-03  1.28644E-03  1.28644E-03  1.28644E-03  1.28644E-03  1.28644E-03  1.28644E-03  1.28644E-03  1.28644E-03
   25616   4  0.00000E+00  0.00000E+00  0.00000E+00  0.00000E+00  0.00000E+00  0.00000E+00  0.00000E+00  0.00000E+00  0.00000E+00  0.00000E+00  0.00000E+00  0.00000E+00  0.00000E+00  0.00000E+00  0.00000E+00  0.00000E+00  0.00000E+00  0.00000E+00  0.00000E+00  0.00000E+00  0.00000E+00  0.00000E+00  0.00000E+00  0.00000E+00
   27883   2  0.00000E+00  0.00000E+00  0.00000E+00  0.00000E+00  0.00000E+00  0.00000E+00  0.00000E+00  0.00000E+00  0.00000E+00  0.00000E+00  0.00000E+00  0.00000E+00  0.00000E+00  0.00000E+00  0.00000E+00  0.00000E+00  0.00000E+00  0.00000E+00  0.00000E+00  0.00000E+00  0.00000E+00  0.00000E+00  0.00000E+00  0.00000E+00
   18690   2  0.00000E+00  0.00000E+00  0.00000E+00  0.00000E+00  0.00000E+00  0.00000E+00  0.00000E+00  0.00000E+00  0.00000E+00  0.00000E+00  0.00000E+00  0.00000E+00  0.00000E+00  0.00000E+00  0.00000E+00  0.00000E+00  0.00000E+00  0.00000E+00  0.00000E+00  0.00000E+00  0.00000E+00  0.00000E+00  0.00000E+00  0.00000E+00
   19395   3  0.00000E+00  0.00000E+00  0.00000E+00  0.00000E+00  0.00000E+00  0.00000E+00  0.00000E+00  0.00000E+00  0.00000E+00  0.00000E+00  0.00000E+00  0.00000E+00  0.00000E+00  0.00000E+00  0.00000E+00  0.00000E+00  0.00000E+00  0.00000E+00  0.00000E+00  0.00000E+00  0.00000E+00  0.00000E+00  0.00000E+00  0.00000E+00
   19395   2  0.00000E+00  0.00000E+00  0.00000E+00  0.00000E+00  0.00000E+00  0.00000E+00  0.00000E+00  0.00000E+00  0.00000E+00  0.00000E+00  0.00000E+00  0.00000E+00  0.00000E+00  0.00000E+00  0.00000E+00  0.00000E+00  0.00000E+00  0.00000E+00  0.00000E+00  0.00000E+00  0.00000E+00  0.00000E+00  0.00000E+00  0.00000E+00
   30002   2  0.00000E+00  0.00000E+00  0.00000E+00  0.00000E+00  0.00000E+00  0.00000E+00  0.00000E+00  0.00000E+00  0.00000E+00  0.00000E+00  0.00000E+00  0.00000E+00  0.00000E+00  0.00000E+00  0.00000E+00  0.00000E+00  0.00000E+00  0.00000E+00  0.00000E+00  0.00000E+00  0.00000E+00  0.00000E+00  0.00000E+00  0.00000E+00
   30355   1  0.00000E+00  0.00000E+00  0.00000E+00  0.00000E+00  0.00000E+00  0.00000E+00  0.00000E+00  0.00000E+00  0.00000E+00  0.00000E+00  0.00000E+00  0.00000E+00  0.00000E+00  0.00000E+00  0.00000E+00  0.00000E+00  0.00000E+00  0.00000E+00  0.00000E+00  0.00000E+00  0.00000E+00  0.00000E+00  0.00000E+00  0.00000E+00
   29995   4  0.00000E+00  0.00000E+00  0.00000E+00  0.00000E+00  0.00000E+00  0.00000E+00  0.00000E+00  0.00000E+00  0.00000E+00  0.00000E+00  0.00000E+00  0.00000E+00  0.00000E+00  0.00000E+00  0.00000E+00  0.00000E+00  0.00000E+00  0.00000E+00  0.00000E+00  0.00000E+00  0.00000E+00  0.00000E+00  0.00000E+00  0.00000E+00
   31274   3  0.00000E+00  0.00000E+00  0.00000E+00  0.00000E+00  0.00000E+00  0.00000E+00  0.00000E+00  0.00000E+00  0.00000E+00  0.00000E+00  0.00000E+00  0.00000E+00  0.00000E+00  0.00000E+00  0.00000E+00  0.00000E+00  0.00000E+00  0.00000E+00  0.00000E+00  0.00000E+00  0.00000E+00  0.00000E+00  0.00000E+00  0.00000E+00
   31274   4  0.00000E+00  0.00000E+00  0.00000E+00  0.00000E+00  0.00000E+00  0.00000E+00  0.00000E+00  0.00000E+00  0.00000E+00  0.00000E+00  0.00000E+00  0.00000E+00  0.00000E+00  0.00000E+00  0.00000E+00  0.00000E+00  0.00000E+00  0.00000E+00  0.00000E+00  0.00000E+00  0.00000E+00  0.00000E+00  0.00000E+00  0.00000E+00
   31274   2  0.00000E+00  0.00000E+00  0.00000E+00  0.00000E+00  0.00000E+00  0.00000E+00  0.00000E+00  0.00000E+00  0.00000E+00  0.00000E+00  0.00000E+00  0.00000E+00  0.00000E+00  0.00000E+00  0.00000E+00  0.00000E+00  0.00000E+00  0.00000E+00  0.00000E+00  0.00000E+00  0.00000E+00  0.00000E+00  0.00000E+00  0.00000E+00
   30921   4  0.00000E+00  0.00000E+00  0.00000E+00  0.00000E+00  0.00000E+00  0.00000E+00  0.00000E+00  0.00000E+00  0.00000E+00  0.00000E+00  0.00000E+00  0.00000E+00  0.00000E+00  0.00000E+00  0.00000E+00  0.00000E+00  0.00000E+00  0.00000E+00  0.00000E+00  0.00000E+00  0.00000E+00  0.00000E+00  0.00000E+00  0.00000E+00
   31274   7  0.00000E+00  0.00000E+00  0.00000E+00  0.00000E+00  0.00000E+00  0.00000E+00  0.00000E+00  0.00000E+00  0.00000E+00  0.00000E+00  0.00000E+00  0.00000E+00  0.00000E+00  0.00000E+00  0.00000E+00  0.00000E+00  0.00000E+00  0.00000E+00  0.00000E+00  0.00000E+00  0.00000E+00  0.00000E+00  0.00000E+00  0.00000E+00
   35839   3  0.00000E+00  0.00000E+00  0.00000E+00  0.00000E+00  0.00000E+00  0.00000E+00  0.00000E+00  0.00000E+00  0.00000E+00  0.00000E+00  0.00000E+00  0.00000E+00  0.00000E+00  0.00000E+00  0.00000E+00  0.00000E+00  0.00000E+00  0.00000E+00  0.00000E+00  0.00000E+00  0.00000E+00  0.00000E+00  0.00000E+00  0.00000E+00
   37257   7  0.00000E+00  0.00000E+00  0.00000E+00  0.00000E+00  0.00000E+00  0.00000E+00  0.00000E+00  0.00000E+00  0.00000E+00  0.00000E+00  0.00000E+00  0.00000E+00  0.00000E+00  0.00000E+00  0.00000E+00  0.00000E+00  0.00000E+00  0.00000E+00  0.00000E+00  0.00000E+00  0.00000E+00  0.00000E+00  0.00000E+00  0.00000E+00
   31605   4  1.42914E+00  1.42914E+00  1.42914E+00  1.42914E+00  1.42914E+00  1.42914E+00  1.42914E+00  1.42914E+00  1.42914E+00  1.42914E+00  1.42914E+00  1.42914E+00  1.42914E+00  1.42914E+00  1.42914E+00  1.42914E+00  1.42914E+00  1.42914E+00  1.42914E+00  1.42914E+00  1.42914E+00  1.42914E+00  1.42914E+00  1.42914E+00
   31252   3  0.00000E+00  0.00000E+00  0.00000E+00  0.00000E+00  0.00000E+00  0.00000E+00  0.00000E+00  0.00000E+00  0.00000E+00  0.00000E+00  0.00000E+00  0.00000E+00  0.00000E+00  0.00000E+00  0.00000E+00  0.00000E+00  0.00000E+00  0.00000E+00  0.00000E+00  0.00000E+00  0.00000E+00  0.00000E+00  0.00000E+00  0.00000E+00
   31958   4  2.52208E-03  2.52208E-03  2.52208E-03  2.52208E-03  2.52208E-03  2.52208E-03  2.52208E-03  2.52208E-03  2.52208E-03  2.52208E-03  2.52208E-03  2.52208E-03  2.52208E-03  2.52208E-03  2.52208E-03  2.52208E-03  2.52208E-03  2.52208E-03  2.52208E-03  2.52208E-03  2.52208E-03  2.52208E-03  2.52208E-03  2.52208E-03
   31252   2  6.79240E-03  6.79240E-03  6.79240E-03  6.79240E-03  6.79240E-03  6.79240E-03  6.79240E-03  6.79240E-03  6.79240E-03  6.79240E-03  6.79240E-03  6.79240E-03  6.79240E-03  6.79240E-03  6.79240E-03  6.79240E-03  6.79240E-03  6.79240E-03  6.79240E-03  6.79240E-03  6.79240E-03  6.79240E-03  6.79240E-03  6.79240E-03
   31253   7  0.00000E+00  0.00000E+00  0.00000E+00  0.00000E+00  0.00000E+00  0.00000E+00  0.00000E+00  0.00000E+00  0.00000E+00  0.00000E+00  0.00000E+00  0.00000E+00  0.00000E+00  7.61307E-02  7.61307E-02  7.61307E-02  7.61307E-02  7.61307E-02  7.61307E-02  7.61307E-02  7.61307E-02  0.00000E+00  0.00000E+00  0.00000E+00
   31605   3  0.00000E+00  0.00000E+00  0.00000E+00  0.00000E+00  0.00000E+00  0.00000E+00  0.00000E+00  0.00000E+00  0.00000E+00  0.00000E+00  0.00000E+00  0.00000E+00  0.00000E+00  0.00000E+00  0.00000E+00  0.00000E+00  0.00000E+00  0.00000E+00  0.00000E+00  0.00000E+00  0.00000E+00  0.00000E+00  0.00000E+00  0.00000E+00
   31958   3  3.26341E-03  3.26341E-03  3.26341E-03  3.26341E-03  3.26341E-03  3.26341E-03  3.26341E-03  3.26341E-03  3.26341E-03  3.26341E-03  3.26341E-03  3.26341E-03  3.26341E-03  3.26341E-03  3.26341E-03  3.26341E-03  3.26341E-03  3.26341E-03  3.26341E-03  3.26341E-03  3.26341E-03  3.26341E-03  3.26341E-03  3.26341E-03
   31958   5  0.00000E+00  0.00000E+00  0.00000E+00  0.00000E+00  0.00000E+00  0.00000E+00  0.00000E+00  0.00000E+00  0.00000E+00  0.00000E+00  0.00000E+00  0.00000E+00  0.00000E+00  0.00000E+00  0.00000E+00  0.00000E+00  0.00000E+00  0.00000E+00  0.00000E+00  0.00000E+00  0.00000E+00  0.00000E+00  0.00000E+00  0.00000E+00
   31252   4  2.31430E-02  2.31430E-02  2.31430E-02  2.31430E-02  2.31430E-02  2.31430E-02  2.31430E-02  2.31430E-02  2.31430E-02  2.31430E-02  2.31430E-02  2.31430E-02  2.31430E-02  2.31430E-02  2.31430E-02  2.31430E-02  2.31430E-02  2.31430E-02  2.31430E-02  2.31430E-02  2.31430E-02  2.31430E-02  2.31430E-02  2.31430E-02
   31604   4  3.89528E-01  3.89528E-01  3.89528E-01  3.89528E-01  3.89528E-01  3.89528E-01  3.89528E-01  3.89528E-01  3.89528E-01  3.89528E-01  3.89528E-01  3.89528E-01  3.89528E-01  3.89528E-01  3.89528E-01  3.89528E-01  3.89528E-01  3.89528E-01  3.89528E-01  3.89528E-01  3.89528E-01  3.89528E-01  3.89528E-01  3.89528E-01
   31604   1  1.68777E-02  1.68777E-02  1.68777E-02  1.68777E-02  1.68777E-02  1.68777E-02  1.68777E-02  1.68777E-02  1.68777E-02  1.68777E-02  1.68777E-02  1.68777E-02  1.68777E-02  1.68777E-02  1.68777E-02  1.68777E-02  1.68777E-02  1.68777E-02  1.68777E-02  1.68777E-02  1.68777E-02  1.68777E-02  1.68777E-02  1.68777E-02
   31605   2  2.14786E-02  2.14786E-02  2.14786E-02  2.14786E-02  2.14786E-02  2.14786E-02  2.14786E-02  2.14786E-02  2.14786E-02  2.14786E-02  2.14786E-02  2.14786E-02  2.14786E-02  2.14786E-02  2.14786E-02  2.14786E-02  2.14786E-02  2.14786E-02  2.14786E-02  2.14786E-02  2.14786E-02  2.14786E-02  2.14786E-02  2.14786E-02
   31958   7  0.00000E+00  0.00000E+00  0.00000E+00  0.00000E+00  0.00000E+00  0.00000E+00  0.00000E+00  0.00000E+00  0.00000E+00  0.00000E+00  0.00000E+00  0.00000E+00  0.00000E+00  0.00000E+00  0.00000E+00  0.00000E+00  0.00000E+00  0.00000E+00  0.00000E+00  0.00000E+00  0.00000E+00  0.00000E+00  0.00000E+00  0.00000E+00
   31253   4  2.03035E-02  2.03035E-02  2.03035E-02  2.03035E-02  2.03035E-02  2.03035E-02  2.03035E-02  2.03035E-02  2.03035E-02  2.03035E-02  2.03035E-02  2.03035E-02  2.03035E-02  2.03035E-02  2.03035E-02  2.03035E-02  2.03035E-02  2.03035E-02  2.03035E-02  2.03035E-02  2.03035E-02  2.03035E-02  2.03035E-02  2.03035E-02
   31959   3  7.16053E-05  7.16053E-05  7.16053E-05  7.16053E-05  7.16053E-05  0.00000E+00  0.00000E+00  0.00000E+00  0.00000E+00  0.00000E+00  0.00000E+00  0.00000E+00  0.00000E+00  7.16053E-05  7.16053E-05  7.16053E-05  7.16053E-05  7.16053E-05  7.16053E-05  7.16053E-05  7.16053E-05  7.16053E-05  7.16053E-05  7.16053E-05
   31959   4  0.00000E+00  0.00000E+00  0.00000E+00  0.00000E+00  0.00000E+00  0.00000E+00  0.00000E+00  0.00000E+00  0.00000E+00  0.00000E+00  0.00000E+00  0.00000E+00  0.00000E+00  0.00000E+00  0.00000E+00  0.00000E+00  0.00000E+00  0.00000E+00  0.00000E+00  0.00000E+00  0.00000E+00  0.00000E+00  0.00000E+00  0.00000E+00
   30564   3  0.00000E+00  0.00000E+00  0.00000E+00  0.00000E+00  0.00000E+00  0.00000E+00  0.00000E+00  0.00000E+00  0.00000E+00  0.00000E+00  0.00000E+00  0.00000E+00  0.00000E+00  0.00000E+00  0.00000E+00  0.00000E+00  0.00000E+00  0.00000E+00  0.00000E+00  0.00000E+00  0.00000E+00  0.00000E+00  0.00000E+00  0.00000E+00
   30564   2  0.00000E+00  0.00000E+00  0.00000E+00  0.00000E+00  0.00000E+00  0.00000E+00  0.00000E+00  0.00000E+00  0.00000E+00  0.00000E+00  0.00000E+00  0.00000E+00  0.00000E+00  0.00000E+00  0.00000E+00  0.00000E+00  0.00000E+00  0.00000E+00  0.00000E+00  0.00000E+00  0.00000E+00  0.00000E+00  0.00000E+00  0.00000E+00
   30924   3  2.11943E-02  2.11943E-02  2.11943E-02  2.11943E-02  2.11943E-02  2.11943E-02  2.11943E-02  2.11943E-02  2.11943E-02  2.11943E-02  2.11943E-02  2.11943E-02  2.11943E-02  2.11943E-02  2.11943E-02  2.11943E-02  2.11943E-02  2.11943E-02  2.11943E-02  2.11943E-02  2.11943E-02  2.11943E-02  2.11943E-02  2.11943E-02
   30924   2  0.00000E+00  0.00000E+00  0.00000E+00  0.00000E+00  0.00000E+00  0.00000E+00  0.00000E+00  0.00000E+00  0.00000E+00  0.00000E+00  0.00000E+00  0.00000E+00  0.00000E+00  0.00000E+00  0.00000E+00  0.00000E+00  0.00000E+00  0.00000E+00  0.00000E+00  0.00000E+00  0.00000E+00  0.00000E+00  0.00000E+00  0.00000E+00
   30193   2  0.00000E+00  0.00000E+00  0.00000E+00  0.00000E+00  0.00000E+00  0.00000E+00  0.00000E+00  0.00000E+00  0.00000E+00  0.00000E+00  0.00000E+00  0.00000E+00  0.00000E+00  0.00000E+00  0.00000E+00  0.00000E+00  0.00000E+00  0.00000E+00  0.00000E+00  0.00000E+00  0.00000E+00  0.00000E+00  0.00000E+00  0.00000E+00
   29840   3  0.00000E+00  0.00000E+00  0.00000E+00  0.00000E+00  0.00000E+00  0.00000E+00  0.00000E+00  0.00000E+00  0.00000E+00  0.00000E+00  0.00000E+00  0.00000E+00  0.00000E+00  0.00000E+00  0.00000E+00  0.00000E+00  0.00000E+00  0.00000E+00  0.00000E+00  0.00000E+00  0.00000E+00  0.00000E+00  0.00000E+00  0.00000E+00
   33035   3  0.00000E+00  0.00000E+00  0.00000E+00  0.00000E+00  0.00000E+00  0.00000E+00  0.00000E+00  0.00000E+00  0.00000E+00  0.00000E+00  0.00000E+00  0.00000E+00  0.00000E+00  0.00000E+00  0.00000E+00  0.00000E+00  0.00000E+00  0.00000E+00  0.00000E+00  0.00000E+00  0.00000E+00  0.00000E+00  0.00000E+00  0.00000E+00
   33035   2  0.00000E+00  0.00000E+00  0.00000E+00  0.00000E+00  0.00000E+00  0.00000E+00  0.00000E+00  0.00000E+00  0.00000E+00  0.00000E+00  0.00000E+00  0.00000E+00  0.00000E+00  0.00000E+00  0.00000E+00  0.00000E+00  0.00000E+00  0.00000E+00  0.00000E+00  0.00000E+00  0.00000E+00  0.00000E+00  0.00000E+00  0.00000E+00
   47753   3  1.32231E-03  1.32231E-03  1.32231E-03  1.32231E-03  1.32231E-03  1.32231E-03  1.32231E-03  1.32231E-03  1.32231E-03  1.32231E-03  1.32231E-03  1.32231E-03  1.32231E-03  1.32231E-03  1.32231E-03  1.32231E-03  1.32231E-03  1.32231E-03  1.32231E-03  1.32231E-03  1.32231E-03  1.32231E-03  1.32231E-03  1.32231E-03
   47753   4  1.06564E-02  1.06564E-02  1.06564E-02  1.06564E-02  1.06564E-02  1.06564E-02  1.06564E-02  1.06564E-02  1.06564E-02  1.06564E-02  1.06564E-02  1.06564E-02  1.06564E-02  1.06564E-02  1.06564E-02  1.06564E-02  1.06564E-02  1.06564E-02  1.06564E-02  1.06564E-02  1.06564E-02  1.06564E-02  1.06564E-02  1.06564E-02
   48458   4  9.71269E-03  9.71269E-03  9.71269E-03  9.71269E-03  9.71269E-03  9.71269E-03  9.71269E-03  9.71269E-03  9.71269E-03  9.71269E-03  9.71269E-03  9.71269E-03  9.71269E-03  9.71269E-03  9.71269E-03  9.71269E-03  9.71269E-03  9.71269E-03  9.71269E-03  9.71269E-03  9.71269E-03  9.71269E-03  9.71269E-03  9.71269E-03
   48458   2  0.00000E+00  0.00000E+00  0.00000E+00  0.00000E+00  0.00000E+00  0.00000E+00  0.00000E+00  0.00000E+00  0.00000E+00  0.00000E+00  0.00000E+00  0.00000E+00  0.00000E+00  0.00000E+00  0.00000E+00  0.00000E+00  0.00000E+00  0.00000E+00  0.00000E+00  0.00000E+00  0.00000E+00  0.00000E+00  0.00000E+00  0.00000E+00
   48458   3  0.00000E+00  0.00000E+00  0.00000E+00  0.00000E+00  0.00000E+00  0.00000E+00  0.00000E+00  0.00000E+00  0.00000E+00  0.00000E+00  0.00000E+00  0.00000E+00  0.00000E+00  0.00000E+00  0.00000E+00  0.00000E+00  0.00000E+00  0.00000E+00  0.00000E+00  0.00000E+00  0.00000E+00  0.00000E+00  0.00000E+00  0.00000E+00
   47047   7  0.00000E+00  0.00000E+00  0.00000E+00  0.00000E+00  0.00000E+00  0.00000E+00  0.00000E+00  0.00000E+00  0.00000E+00  0.00000E+00  0.00000E+00  0.00000E+00  0.00000E+00  0.00000E+00  0.00000E+00  0.00000E+00  0.00000E+00  0.00000E+00  0.00000E+00  0.00000E+00  0.00000E+00  0.00000E+00  0.00000E+00  0.00000E+00
   47753   7  0.00000E+00  0.00000E+00  0.00000E+00  0.00000E+00  0.00000E+00  0.00000E+00  0.00000E+00  0.00000E+00  0.00000E+00  0.00000E+00  0.00000E+00  0.00000E+00  0.00000E+00  0.00000E+00  0.00000E+00  0.00000E+00  0.00000E+00  0.00000E+00  0.00000E+00  0.00000E+00  0.00000E+00  0.00000E+00  0.00000E+00  0.00000E+00
   43182   3  4.99114E-04  4.99114E-04  4.99114E-04  4.99114E-04  4.99114E-04  4.99114E-04  4.99114E-04  4.99114E-04  4.99114E-04  4.99114E-04  4.99114E-04  4.99114E-04  4.99114E-04  1.01802E-03  1.01802E-03  1.01802E-03  1.01802E-03  1.01802E-03  1.01802E-03  1.01802E-03  1.01802E-03  4.99114E-04  4.99114E-04  4.99114E-04
   43182   4  1.98532E-02  1.98532E-02  1.98532E-02  1.98532E-02  1.98532E-02  1.98532E-02  1.98532E-02  1.98532E-02  1.98532E-02  1.98532E-02  1.98532E-02  1.98532E-02  1.98532E-02  1.98532E-02  1.98532E-02  1.98532E-02  1.98532E-02  1.98532E-02  1.98532E-02  1.98532E-02  1.98532E-02  1.98532E-02  1.98532E-02  1.98532E-02
   43182   8  0.00000E+00  0.00000E+00  0.00000E+00  0.00000E+00  0.00000E+00  0.00000E+00  0.00000E+00  0.00000E+00  0.00000E+00  0.00000E+00  0.00000E+00  0.00000E+00  0.00000E+00  0.00000E+00  0.00000E+00  0.00000E+00  0.00000E+00  0.00000E+00  0.00000E+00  0.00000E+00  0.00000E+00  0.00000E+00  0.00000E+00  0.00000E+00
   42477   3  0.00000E+00  0.00000E+00  0.00000E+00  0.00000E+00  0.00000E+00  0.00000E+00  0.00000E+00  0.00000E+00  0.00000E+00  0.00000E+00  0.00000E+00  0.00000E+00  0.00000E+00  0.00000E+00  0.00000E+00  0.00000E+00  0.00000E+00  0.00000E+00  0.00000E+00  0.00000E+00  0.00000E+00  0.00000E+00  0.00000E+00  0.00000E+00
   42477   2  0.00000E+00  0.00000E+00  0.00000E+00  0.00000E+00  0.00000E+00  0.00000E+00  0.00000E+00  0.00000E+00  0.00000E+00  0.00000E+00  0.00000E+00  0.00000E+00  0.00000E+00  0.00000E+00  0.00000E+00  0.00000E+00  0.00000E+00  0.00000E+00  0.00000E+00  0.00000E+00  0.00000E+00  0.00000E+00  0.00000E+00  0.00000E+00
   43182   7  0.00000E+00  0.00000E+00  0.00000E+00  0.00000E+00  0.00000E+00  0.00000E+00  0.00000E+00  0.00000E+00  0.00000E+00  0.00000E+00  0.00000E+00  0.00000E+00  0.00000E+00  0.00000E+00  0.00000E+00  0.00000E+00  0.00000E+00  0.00000E+00  0.00000E+00  0.00000E+00  0.00000E+00  0.00000E+00  0.00000E+00  0.00000E+00
   50582   3  3.52355E-02  3.52355E-02  3.52355E-02  3.52355E-02  3.52355E-02  3.52355E-02  3.52355E-02  3.52355E-02  3.52355E-02  3.52355E-02  3.52355E-02  3.52355E-02  3.52355E-02  3.52355E-02  3.52355E-02  3.52355E-02  3.52355E-02  3.52355E-02  3.52355E-02  3.52355E-02  3.52355E-02  3.52355E-02  3.52355E-02  3.52355E-02
   46700   3  5.96834E-04  5.96834E-04  5.96834E-04  5.96834E-04  5.96834E-04  5.96834E-04  5.96834E-04  5.96834E-04  5.96834E-04  5.96834E-04  5.96834E-04  5.96834E-04  5.96834E-04  5.96834E-04  5.96834E-04  5.96834E-04  5.96834E-04  5.96834E-04  5.96834E-04  5.96834E-04  5.96834E-04  5.96834E-04  5.96834E-04  5.96834E-04
   36485   4  0.00000E+00  0.00000E+00  0.00000E+00  0.00000E+00  0.00000E+00  0.00000E+00  0.00000E+00  0.00000E+00  0.00000E+00  0.00000E+00  0.00000E+00  0.00000E+00  0.00000E+00  0.00000E+00  0.00000E+00  0.00000E+00  0.00000E+00  0.00000E+00  0.00000E+00  0.00000E+00  0.00000E+00  0.00000E+00  0.00000E+00  0.00000E+00
   36485   6  0.00000E+00  0.00000E+00  0.00000E+00  0.00000E+00  0.00000E+00  0.00000E+00  0.00000E+00  0.00000E+00  0.00000E+00  0.00000E+00  0.00000E+00  0.00000E+00  0.00000E+00  0.00000E+00  0.00000E+00  0.00000E+00  0.00000E+00  0.00000E+00  0.00000E+00  0.00000E+00  0.00000E+00  0.00000E+00  0.00000E+00  0.00000E+00
   36485   5  0.00000E+00  0.00000E+00  0.00000E+00  0.00000E+00  0.00000E+00  0.00000E+00  0.00000E+00  0.00000E+00  0.00000E+00  0.00000E+00  0.00000E+00  0.00000E+00  0.00000E+00  0.00000E+00  0.00000E+00  0.00000E+00  0.00000E+00  0.00000E+00  0.00000E+00  0.00000E+00  0.00000E+00  0.00000E+00  0.00000E+00  0.00000E+00
   36485   3  0.00000E+00  0.00000E+00  0.00000E+00  0.00000E+00  0.00000E+00  0.00000E+00  0.00000E+00  0.00000E+00  0.00000E+00  0.00000E+00  0.00000E+00  0.00000E+00  0.00000E+00  0.00000E+00  0.00000E+00  0.00000E+00  0.00000E+00  0.00000E+00  0.00000E+00  0.00000E+00  0.00000E+00  0.00000E+00  0.00000E+00  0.00000E+00
   36485   2  0.00000E+00  0.00000E+00  0.00000E+00  0.00000E+00  0.00000E+00  0.00000E+00  0.00000E+00  0.00000E+00  0.00000E+00  0.00000E+00  0.00000E+00  0.00000E+00  0.00000E+00  0.00000E+00  0.00000E+00  0.00000E+00  0.00000E+00  0.00000E+00  0.00000E+00  0.00000E+00  0.00000E+00  0.00000E+00  0.00000E+00  0.00000E+00
   37192   2  0.00000E+00  0.00000E+00  0.00000E+00  0.00000E+00  0.00000E+00  0.00000E+00  0.00000E+00  0.00000E+00  0.00000E+00  0.00000E+00  0.00000E+00  0.00000E+00  0.00000E+00  0.00000E+00  0.00000E+00  0.00000E+00  0.00000E+00  0.00000E+00  0.00000E+00  0.00000E+00  0.00000E+00  0.00000E+00  0.00000E+00  0.00000E+00
   36485   7  0.00000E+00  0.00000E+00  0.00000E+00  0.00000E+00  0.00000E+00  0.00000E+00  0.00000E+00  0.00000E+00  0.00000E+00  0.00000E+00  0.00000E+00  0.00000E+00  0.00000E+00  0.00000E+00  0.00000E+00  0.00000E+00  0.00000E+00  0.00000E+00  0.00000E+00  0.00000E+00  0.00000E+00  0.00000E+00  0.00000E+00  0.00000E+00
   35437   3  0.00000E+00  0.00000E+00  0.00000E+00  0.00000E+00  0.00000E+00  0.00000E+00  0.00000E+00  0.00000E+00  0.00000E+00  0.00000E+00  0.00000E+00  0.00000E+00  0.00000E+00  0.00000E+00  0.00000E+00  0.00000E+00  0.00000E+00  0.00000E+00  0.00000E+00  0.00000E+00  0.00000E+00  0.00000E+00  0.00000E+00  0.00000E+00
   46351   7  0.00000E+00  0.00000E+00  0.00000E+00  0.00000E+00  0.00000E+00  0.00000E+00  0.00000E+00  0.00000E+00  0.00000E+00  0.00000E+00  0.00000E+00  0.00000E+00  0.00000E+00  0.00000E+00  0.00000E+00  0.00000E+00  0.00000E+00  0.00000E+00  0.00000E+00  0.00000E+00  0.00000E+00  0.00000E+00  0.00000E+00  0.00000E+00
   39310   3  2.51836E-05  2.51836E-05  2.51836E-05  2.51836E-05  2.51836E-05  2.51836E-05  2.51836E-05  2.51836E-05  2.51836E-05  2.51836E-05  2.51836E-05  2.51836E-05  2.51836E-05  2.51836E-05  2.51836E-05  2.51836E-05  2.51836E-05  2.51836E-05  2.51836E-05  2.51836E-05  2.51836E-05  2.51836E-05  2.51836E-05  2.51836E-05
   43177   3  0.00000E+00  0.00000E+00  0.00000E+00  0.00000E+00  0.00000E+00  0.00000E+00  0.00000E+00  0.00000E+00  0.00000E+00  0.00000E+00  0.00000E+00  0.00000E+00  0.00000E+00  0.00000E+00  0.00000E+00  0.00000E+00  0.00000E+00  0.00000E+00  0.00000E+00  0.00000E+00  0.00000E+00  0.00000E+00  0.00000E+00  0.00000E+00
   43177   2  0.00000E+00  0.00000E+00  0.00000E+00  0.00000E+00  0.00000E+00  0.00000E+00  0.00000E+00  0.00000E+00  0.00000E+00  0.00000E+00  0.00000E+00  0.00000E+00  0.00000E+00  0.00000E+00  0.00000E+00  0.00000E+00  0.00000E+00  0.00000E+00  0.00000E+00  0.00000E+00  0.00000E+00  0.00000E+00  0.00000E+00  0.00000E+00
   15453   3  2.64357E+01  2.64357E+01  2.64357E+01  2.64357E+01  2.64357E+01  2.64357E+01  2.64357E+01  2.64357E+01  2.64357E+01  2.64357E+01  2.64357E+01  2.64357E+01  2.64357E+01  2.64357E+01  2.64357E+01  2.64357E+01  2.64357E+01  2.64357E+01  2.64357E+01  2.64357E+01  2.64357E+01  2.64357E+01  2.64357E+01  2.64357E+01
   15453   2  0.00000E+00  0.00000E+00  0.00000E+00  0.00000E+00  0.00000E+00  0.00000E+00  0.00000E+00  0.00000E+00  0.00000E+00  0.00000E+00  0.00000E+00  0.00000E+00  0.00000E+00  0.00000E+00  0.00000E+00  0.00000E+00  0.00000E+00  0.00000E+00  0.00000E+00  0.00000E+00  0.00000E+00  0.00000E+00  0.00000E+00  0.00000E+00
   15098   3  1.59500E-03  1.59500E-03  1.59500E-03  1.59500E-03  1.59500E-03  1.59500E-03  1.59500E-03  1.59500E-03  1.59500E-03  1.59500E-03  1.59500E-03  1.59500E-03  1.59500E-03  1.59500E-03  1.59500E-03  1.59500E-03  1.59500E-03  1.59500E-03  1.59500E-03  1.59500E-03  1.59500E-03  1.59500E-03  1.59500E-03  1.59500E-03
   15450   3  1.27447E-02  1.27447E-02  1.27447E-02  1.27447E-02  1.27447E-02  1.27447E-02  1.27447E-02  1.27447E-02  1.27447E-02  1.27447E-02  1.27447E-02  1.27447E-02  1.27447E-02  1.27447E-02  1.27447E-02  1.27447E-02  1.27447E-02  1.27447E-02  1.27447E-02  1.27447E-02  1.27447E-02  1.27447E-02  1.27447E-02  1.27447E-02
   15808   3  5.71994E+00  5.71994E+00  5.71994E+00  5.71994E+00  5.71994E+00  5.71994E+00  5.71994E+00  5.71994E+00  5.71994E+00  5.71994E+00  5.71994E+00  5.71994E+00  5.71994E+00  5.71994E+00  5.71994E+00  5.71994E+00  5.71994E+00  5.71994E+00  5.71994E+00  5.71994E+00  5.71994E+00  5.71994E+00  5.71994E+00  5.71994E+00
   16524   3  4.61100E-02  4.61100E-02  4.61100E-02  4.61100E-02  4.61100E-02  4.61100E-02  4.61100E-02  4.61100E-02  4.61100E-02  4.61100E-02  4.61100E-02  4.61100E-02  4.61100E-02  4.61100E-02  4.61100E-02  4.61100E-02  4.61100E-02  4.61100E-02  4.61100E-02  4.61100E-02  4.61100E-02  4.61100E-02  4.61100E-02  4.61100E-02
   14756   5  0.00000E+00  0.00000E+00  0.00000E+00  0.00000E+00  0.00000E+00  0.00000E+00  0.00000E+00  0.00000E+00  0.00000E+00  0.00000E+00  0.00000E+00  0.00000E+00  0.00000E+00  0.00000E+00  0.00000E+00  0.00000E+00  0.00000E+00  0.00000E+00  0.00000E+00  0.00000E+00  0.00000E+00  0.00000E+00  0.00000E+00  0.00000E+00
   14756   4  3.12338E-04  3.12338E-04  3.12338E-04  3.12338E-04  3.12338E-04  3.12338E-04  3.12338E-04  3.12338E-04  3.12338E-04  3.12338E-04  3.12338E-04  3.12338E-04  3.12338E-04  3.12338E-04  3.12338E-04  3.12338E-04  3.12338E-04  3.12338E-04  3.12338E-04  3.12338E-04  3.12338E-04  3.12338E-04  3.12338E-04  3.12338E-04
   14756   3  3.11539E+00  3.11539E+00  3.11539E+00  3.11539E+00  3.11539E+00  3.11539E+00  3.11539E+00  3.11539E+00  3.11539E+00  3.11539E+00  3.11539E+00  3.11539E+00  3.11539E+00  3.11539E+00  3.11539E+00  3.11539E+00  3.11539E+00  3.11539E+00  3.11539E+00  3.11539E+00  3.11539E+00  3.11539E+00  3.11539E+00  3.11539E+00
   14756   1  0.00000E+00  0.00000E+00  0.00000E+00  0.00000E+00  0.00000E+00  0.00000E+00  0.00000E+00  0.00000E+00  0.00000E+00  0.00000E+00  0.00000E+00  0.00000E+00  0.00000E+00  0.00000E+00  0.00000E+00  0.00000E+00  0.00000E+00  0.00000E+00  0.00000E+00  0.00000E+00  0.00000E+00  0.00000E+00  0.00000E+00  0.00000E+00
   14756   2  0.00000E+00  0.00000E+00  0.00000E+00  0.00000E+00  0.00000E+00  0.00000E+00  0.00000E+00  0.00000E+00  0.00000E+00  0.00000E+00  0.00000E+00  0.00000E+00  0.00000E+00  0.00000E+00  0.00000E+00  0.00000E+00  0.00000E+00  0.00000E+00  0.00000E+00  0.00000E+00  0.00000E+00  0.00000E+00  0.00000E+00  0.00000E+00
   14756   7  0.00000E+00  0.00000E+00  0.00000E+00  0.00000E+00  0.00000E+00  0.00000E+00  0.00000E+00  0.00000E+00  0.00000E+00  0.00000E+00  0.00000E+00  0.00000E+00  0.00000E+00  0.00000E+00  0.00000E+00  0.00000E+00  0.00000E+00  0.00000E+00  0.00000E+00  0.00000E+00  0.00000E+00  0.00000E+00  0.00000E+00  0.00000E+00
   15810   3  5.03646E-02  5.03646E-02  5.03646E-02  5.03646E-02  5.03646E-02  5.03646E-02  5.03646E-02  5.03646E-02  5.03646E-02  5.03646E-02  5.03646E-02  5.03646E-02  5.03646E-02  5.03646E-02  5.03646E-02  5.03646E-02  5.03646E-02  5.03646E-02  5.03646E-02  5.03646E-02  5.03646E-02  5.03646E-02  5.03646E-02  5.03646E-02
   16516   3  1.33892E-02  1.33892E-02  1.33892E-02  1.33892E-02  1.33892E-02  1.33892E-02  1.33892E-02  1.33892E-02  1.33892E-02  1.33892E-02  1.33892E-02  1.33892E-02  1.33892E-02  1.33892E-02  1.33892E-02  1.33892E-02  1.33892E-02  1.33892E-02  1.33892E-02  1.33892E-02  1.33892E-02  1.33892E-02  1.33892E-02  1.33892E-02
   16161   3  4.82829E-03  4.82829E-03  4.82829E-03  4.82829E-03  4.82829E-03  4.82829E-03  4.82829E-03  4.82829E-03  4.82829E-03  4.82829E-03  4.82829E-03  4.82829E-03  4.82829E-03  4.82829E-03  4.82829E-03  4.82829E-03  4.82829E-03  4.82829E-03  4.82829E-03  4.82829E-03  4.82829E-03  4.82829E-03  4.82829E-03  4.82829E-03
   16162   3  1.02179E+01  1.02179E+01  1.02179E+01  1.02179E+01  1.02179E+01  1.02179E+01  1.02179E+01  1.02179E+01  1.02179E+01  1.02179E+01  1.02179E+01  1.02179E+01  1.02179E+01  1.02179E+01  1.02179E+01  1.02179E+01  1.02179E+01  1.02179E+01  1.02179E+01  1.02179E+01  1.02179E+01  1.02179E+01  1.02179E+01  1.02179E+01
   15105   3  3.19071E+01  3.19071E+01  3.19071E+01  3.19071E+01  3.19071E+01  3.19071E+01  3.19071E+01  3.19071E+01  3.19071E+01  3.19071E+01  3.19071E+01  3.19071E+01  3.19071E+01  3.19071E+01  3.19071E+01  3.19071E+01  3.19071E+01  3.19071E+01  3.19071E+01  3.19071E+01  3.19071E+01  3.19071E+01  3.19071E+01  3.19071E+01
   15104   3  1.06060E-01  1.06060E-01  1.06060E-01  1.06060E-01  1.06060E-01  1.06060E-01  1.06060E-01  1.06060E-01  1.06060E-01  1.06060E-01  1.06060E-01  1.06060E-01  1.06060E-01  1.06060E-01  1.06060E-01  1.06060E-01  1.06060E-01  1.06060E-01  1.06060E-01  1.06060E-01  1.06060E-01  1.06060E-01  1.06060E-01  1.06060E-01
   13688   3  1.57750E+01  1.57750E+01  1.57750E+01  1.57750E+01  1.57750E+01  1.57750E+01  1.57750E+01  1.57750E+01  1.57750E+01  1.57750E+01  1.57750E+01  1.57750E+01  1.57750E+01  1.57750E+01  1.57750E+01  1.57750E+01  1.57750E+01  1.57750E+01  1.57750E+01  1.57750E+01  1.57750E+01  1.57750E+01  1.57750E+01  1.57750E+01
   13688   4  9.54964E-01  9.54964E-01  9.54964E-01  9.54964E-01  9.54964E-01  9.54964E-01  9.54964E-01  9.54964E-01  9.54964E-01  9.54964E-01  9.54964E-01  9.54964E-01  9.54964E-01  9.54964E-01  9.54964E-01  9.54964E-01  9.54964E-01  9.54964E-01  9.54964E-01  9.54964E-01  9.54964E-01  9.54964E-01  9.54964E-01  9.54964E-01
   14743   3  1.20692E-03  1.20692E-03  1.20692E-03  1.20692E-03  1.20692E-03  1.20692E-03  1.20692E-03  1.20692E-03  1.20692E-03  1.20692E-03  1.20692E-03  1.20692E-03  1.20692E-03  1.20692E-03  1.20692E-03  1.20692E-03  1.20692E-03  1.20692E-03  1.20692E-03  1.20692E-03  1.20692E-03  1.20692E-03  1.20692E-03  1.20692E-03
   15813   3  2.38295E+00  2.38295E+00  2.38295E+00  2.38295E+00  2.38295E+00  2.38295E+00  2.38295E+00  2.38295E+00  2.38295E+00  2.38295E+00  2.38295E+00  2.38295E+00  2.38295E+00  2.38295E+00  2.38295E+00  2.38295E+00  2.38295E+00  2.38295E+00  2.38295E+00  2.38295E+00  2.38295E+00  2.38295E+00  2.38295E+00  2.38295E+00
   14408   4  0.00000E+00  0.00000E+00  0.00000E+00  0.00000E+00  0.00000E+00  0.00000E+00  0.00000E+00  0.00000E+00  0.00000E+00  0.00000E+00  0.00000E+00  0.00000E+00  0.00000E+00  0.00000E+00  0.00000E+00  0.00000E+00  0.00000E+00  0.00000E+00  0.00000E+00  0.00000E+00  0.00000E+00  0.00000E+00  0.00000E+00  0.00000E+00
   14053   3  1.84896E-03  1.84896E-03  1.84896E-03  1.84896E-03  1.84896E-03  1.84896E-03  1.84896E-03  1.84896E-03  1.84896E-03  1.84896E-03  1.84896E-03  1.84896E-03  1.84896E-03  1.84896E-03  1.84896E-03  1.84896E-03  1.84896E-03  1.84896E-03  1.84896E-03  1.84896E-03  1.84896E-03  1.84896E-03  1.84896E-03  1.84896E-03
   14408   3  1.95229E-02  1.95229E-02  1.95229E-02  1.95229E-02  1.95229E-02  1.95229E-02  1.95229E-02  1.95229E-02  1.95229E-02  1.95229E-02  1.95229E-02  1.95229E-02  1.95229E-02  1.95229E-02  1.95229E-02  1.95229E-02  1.95229E-02  1.95229E-02  1.95229E-02  1.95229E-02  1.95229E-02  1.95229E-02  1.95229E-02  1.95229E-02
   15469   3  6.34610E-02  6.34610E-02  6.34610E-02  6.34610E-02  6.34610E-02  6.34610E-02  6.34610E-02  6.34610E-02  6.34610E-02  6.34610E-02  6.34610E-02  6.34610E-02  6.34610E-02  6.34610E-02  6.34610E-02  6.34610E-02  6.34610E-02  6.34610E-02  6.34610E-02  6.34610E-02  6.34610E-02  6.34610E-02  6.34610E-02  6.34610E-02
   14761   3  0.00000E+00  0.00000E+00  0.00000E+00  0.00000E+00  0.00000E+00  0.00000E+00  0.00000E+00  0.00000E+00  0.00000E+00  0.00000E+00  0.00000E+00  0.00000E+00  0.00000E+00  0.00000E+00  0.00000E+00  0.00000E+00  0.00000E+00  0.00000E+00  0.00000E+00  0.00000E+00  0.00000E+00  0.00000E+00  0.00000E+00  0.00000E+00
   14763   2  0.00000E+00  0.00000E+00  0.00000E+00  0.00000E+00  0.00000E+00  0.00000E+00  0.00000E+00  0.00000E+00  0.00000E+00  0.00000E+00  0.00000E+00  0.00000E+00  0.00000E+00  0.00000E+00  0.00000E+00  0.00000E+00  0.00000E+00  0.00000E+00  0.00000E+00  0.00000E+00  0.00000E+00  0.00000E+00  0.00000E+00  0.00000E+00
   14763   3  0.00000E+00  0.00000E+00  0.00000E+00  0.00000E+00  0.00000E+00  0.00000E+00  0.00000E+00  0.00000E+00  0.00000E+00  0.00000E+00  0.00000E+00  0.00000E+00  0.00000E+00  0.00000E+00  0.00000E+00  0.00000E+00  0.00000E+00  0.00000E+00  0.00000E+00  0.00000E+00  0.00000E+00  0.00000E+00  0.00000E+00  0.00000E+00
   12640   3  0.00000E+00  0.00000E+00  0.00000E+00  0.00000E+00  0.00000E+00  0.00000E+00  0.00000E+00  0.00000E+00  0.00000E+00  0.00000E+00  0.00000E+00  0.00000E+00  0.00000E+00  0.00000E+00  0.00000E+00  0.00000E+00  0.00000E+00  0.00000E+00  0.00000E+00  0.00000E+00  0.00000E+00  0.00000E+00  0.00000E+00  0.00000E+00
   12657   2  0.00000E+00  0.00000E+00  0.00000E+00  0.00000E+00  0.00000E+00  0.00000E+00  0.00000E+00  0.00000E+00  0.00000E+00  0.00000E+00  0.00000E+00  0.00000E+00  0.00000E+00  0.00000E+00  0.00000E+00  0.00000E+00  0.00000E+00  0.00000E+00  0.00000E+00  0.00000E+00  0.00000E+00  0.00000E+00  0.00000E+00  0.00000E+00
   19635   3  0.00000E+00  0.00000E+00  0.00000E+00  0.00000E+00  0.00000E+00  0.00000E+00  0.00000E+00  0.00000E+00  0.00000E+00  0.00000E+00  0.00000E+00  0.00000E+00  0.00000E+00  0.00000E+00  0.00000E+00  0.00000E+00  0.00000E+00  0.00000E+00  0.00000E+00  0.00000E+00  0.00000E+00  0.00000E+00  0.00000E+00  0.00000E+00
   19635   4  9.12008E-04  9.12008E-04  9.12008E-04  9.12008E-04  9.12008E-04  9.12008E-04  9.12008E-04  9.12008E-04  9.12008E-04  9.12008E-04  9.12008E-04  9.12008E-04  9.12008E-04  9.12008E-04  9.12008E-04  9.12008E-04  9.12008E-04  9.12008E-04  9.12008E-04  9.12008E-04  9.12008E-04  9.12008E-04  9.12008E-04  9.12008E-04
   20341   3  3.49682E-03  3.49682E-03  3.49682E-03  3.49682E-03  3.49682E-03  3.49682E-03  3.49682E-03  3.49682E-03  3.49682E-03  3.49682E-03  3.49682E-03  3.49682E-03  3.49682E-03  3.49682E-03  3.49682E-03  3.49682E-03  3.49682E-03  3.49682E-03  3.49682E-03  3.49682E-03  3.49682E-03  3.49682E-03  3.49682E-03  3.49682E-03
   20337   3  0.00000E+00  0.00000E+00  0.00000E+00  0.00000E+00  0.00000E+00  0.00000E+00  0.00000E+00  0.00000E+00  0.00000E+00  0.00000E+00  0.00000E+00  0.00000E+00  0.00000E+00  0.00000E+00  0.00000E+00  0.00000E+00  0.00000E+00  0.00000E+00  0.00000E+00  0.00000E+00  0.00000E+00  0.00000E+00  0.00000E+00  0.00000E+00
   20337   4  2.49393E-04  2.49393E-04  2.49393E-04  2.49393E-04  2.49393E-04  2.49393E-04  2.49393E-04  2.49393E-04  2.49393E-04  2.49393E-04  2.49393E-04  2.49393E-04  2.49393E-04  2.49393E-04  2.49393E-04  2.49393E-04  2.49393E-04  2.49393E-04  2.49393E-04  2.49393E-04  2.49393E-04  2.49393E-04  2.49393E-04  2.49393E-04
   19641   4  8.27709E-04  8.27709E-04  8.27709E-04  8.27709E-04  8.27709E-04  8.27709E-04  8.27709E-04  8.27709E-04  8.27709E-04  8.27709E-04  8.27709E-04  8.27709E-04  8.27709E-04  8.27709E-04  8.27709E-04  8.27709E-04  8.27709E-04  8.27709E-04  8.27709E-04  8.27709E-04  8.27709E-04  8.27709E-04  8.27709E-04  8.27709E-04
   19283   4  1.20445E-03  1.20445E-03  1.20445E-03  1.20445E-03  1.20445E-03  1.20445E-03  1.20445E-03  1.20445E-03  1.20445E-03  1.20445E-03  1.20445E-03  1.20445E-03  1.20445E-03  1.20445E-03  1.20445E-03  1.20445E-03  1.20445E-03  1.20445E-03  1.20445E-03  1.20445E-03  1.20445E-03  1.20445E-03  1.20445E-03  1.20445E-03
   19638   5  0.00000E+00  0.00000E+00  0.00000E+00  0.00000E+00  0.00000E+00  0.00000E+00  0.00000E+00  0.00000E+00  0.00000E+00  0.00000E+00  0.00000E+00  0.00000E+00  0.00000E+00  0.00000E+00  0.00000E+00  0.00000E+00  0.00000E+00  0.00000E+00  0.00000E+00  0.00000E+00  0.00000E+00  0.00000E+00  0.00000E+00  0.00000E+00
   19633   3  0.00000E+00  0.00000E+00  0.00000E+00  0.00000E+00  0.00000E+00  0.00000E+00  0.00000E+00  0.00000E+00  0.00000E+00  0.00000E+00  0.00000E+00  0.00000E+00  0.00000E+00  0.00000E+00  0.00000E+00  0.00000E+00  0.00000E+00  0.00000E+00  0.00000E+00  0.00000E+00  0.00000E+00  0.00000E+00  0.00000E+00  0.00000E+00
   19633   7  0.00000E+00  0.00000E+00  0.00000E+00  0.00000E+00  0.00000E+00  0.00000E+00  0.00000E+00  0.00000E+00  0.00000E+00  0.00000E+00  0.00000E+00  0.00000E+00  0.00000E+00  0.00000E+00  0.00000E+00  0.00000E+00  0.00000E+00  0.00000E+00  0.00000E+00  0.00000E+00  0.00000E+00  0.00000E+00  0.00000E+00  0.00000E+00
   19633   4  5.64113E-04  5.64113E-04  5.64113E-04  5.64113E-04  5.64113E-04  5.64113E-04  5.64113E-04  5.64113E-04  5.64113E-04  5.64113E-04  5.64113E-04  5.64113E-04  5.64113E-04  5.64113E-04  5.64113E-04  5.64113E-04  5.64113E-04  5.64113E-04  5.64113E-04  5.64113E-04  5.64113E-04  5.64113E-04  5.64113E-04  5.64113E-04
   18930   3  0.00000E+00  0.00000E+00  0.00000E+00  0.00000E+00  0.00000E+00  0.00000E+00  0.00000E+00  0.00000E+00  0.00000E+00  0.00000E+00  0.00000E+00  0.00000E+00  0.00000E+00  0.00000E+00  0.00000E+00  0.00000E+00  0.00000E+00  0.00000E+00  0.00000E+00  0.00000E+00  0.00000E+00  0.00000E+00  0.00000E+00  0.00000E+00
   19636   5  0.00000E+00  0.00000E+00  0.00000E+00  0.00000E+00  0.00000E+00  0.00000E+00  0.00000E+00  0.00000E+00  0.00000E+00  0.00000E+00  0.00000E+00  0.00000E+00  0.00000E+00  0.00000E+00  0.00000E+00  0.00000E+00  0.00000E+00  0.00000E+00  0.00000E+00  0.00000E+00  0.00000E+00  0.00000E+00  0.00000E+00  0.00000E+00
   20343   4  2.96623E-04  2.96623E-04  2.96623E-04  2.96623E-04  2.96623E-04  2.96623E-04  2.96623E-04  2.96623E-04  2.96623E-04  2.96623E-04  2.96623E-04  2.96623E-04  2.96623E-04  2.96623E-04  2.96623E-04  2.96623E-04  2.96623E-04  2.96623E-04  2.96623E-04  2.96623E-04  2.96623E-04  2.96623E-04  2.96623E-04  2.96623E-04
   20343   3  0.00000E+00  0.00000E+00  0.00000E+00  0.00000E+00  0.00000E+00  0.00000E+00  0.00000E+00  0.00000E+00  0.00000E+00  0.00000E+00  0.00000E+00  0.00000E+00  0.00000E+00  0.00000E+00  0.00000E+00  0.00000E+00  0.00000E+00  0.00000E+00  0.00000E+00  0.00000E+00  0.00000E+00  0.00000E+00  0.00000E+00  0.00000E+00
   19282   5  0.00000E+00  0.00000E+00  0.00000E+00  0.00000E+00  0.00000E+00  0.00000E+00  0.00000E+00  0.00000E+00  0.00000E+00  0.00000E+00  0.00000E+00  0.00000E+00  0.00000E+00  0.00000E+00  0.00000E+00  0.00000E+00  0.00000E+00  0.00000E+00  0.00000E+00  0.00000E+00  0.00000E+00  0.00000E+00  0.00000E+00  0.00000E+00
   19282   4  4.05095E-03  4.05095E-03  4.05095E-03  4.05095E-03  4.05095E-03  4.05095E-03  4.05095E-03  4.05095E-03  4.05095E-03  4.05095E-03  4.05095E-03  4.05095E-03  4.05095E-03  4.05095E-03  4.05095E-03  4.05095E-03  4.05095E-03  4.05095E-03  4.05095E-03  4.05095E-03  4.05095E-03  4.05095E-03  4.05095E-03  4.05095E-03
   19282   3  0.00000E+00  0.00000E+00  0.00000E+00  0.00000E+00  0.00000E+00  0.00000E+00  0.00000E+00  0.00000E+00  0.00000E+00  0.00000E+00  0.00000E+00  0.00000E+00  0.00000E+00  0.00000E+00  0.00000E+00  0.00000E+00  0.00000E+00  0.00000E+00  0.00000E+00  0.00000E+00  0.00000E+00  0.00000E+00  0.00000E+00  0.00000E+00
   19990   3  5.59093E-04  5.59093E-04  5.59093E-04  5.59093E-04  5.59093E-04  5.59093E-04  5.59093E-04  5.59093E-04  5.59093E-04  5.59093E-04  5.59093E-04  5.59093E-04  5.59093E-04  5.59093E-04  5.59093E-04  5.59093E-04  5.59093E-04  5.59093E-04  5.59093E-04  5.59093E-04  5.59093E-04  5.59093E-04  5.59093E-04  5.59093E-04
   19990   4  3.09463E-03  3.09463E-03  3.09463E-03  3.09463E-03  3.09463E-03  3.09463E-03  3.09463E-03  3.09463E-03  3.09463E-03  3.09463E-03  3.09463E-03  3.09463E-03  3.09463E-03  3.09463E-03  3.09463E-03  3.09463E-03  3.09463E-03  3.09463E-03  3.09463E-03  3.09463E-03  3.09463E-03  3.09463E-03  3.09463E-03  3.09463E-03
   18929   3  0.00000E+00  0.00000E+00  0.00000E+00  0.00000E+00  0.00000E+00  0.00000E+00  0.00000E+00  0.00000E+00  0.00000E+00  0.00000E+00  0.00000E+00  0.00000E+00  0.00000E+00  1.65664E-03  1.65664E-03  1.65664E-03  1.65664E-03  1.65664E-03  1.65664E-03  1.65664E-03  1.65664E-03  0.00000E+00  0.00000E+00  0.00000E+00
   18929   4  3.60543E-03  3.60543E-03  3.60543E-03  3.60543E-03  3.60543E-03  3.60543E-03  3.60543E-03  3.60543E-03  3.60543E-03  3.60543E-03  3.60543E-03  3.60543E-03  3.60543E-03  5.89017E-03  5.89017E-03  5.89017E-03  5.89017E-03  5.89017E-03  5.89017E-03  5.89017E-03  5.89017E-03  3.60543E-03  3.60543E-03  3.60543E-03
   19281   4  5.93394E-04  5.93394E-04  5.93394E-04  5.93394E-04  5.93394E-04  5.93394E-04  5.93394E-04  5.93394E-04  5.93394E-04  5.93394E-04  5.93394E-04  5.93394E-04  5.93394E-04  5.93394E-04  5.93394E-04  5.93394E-04  5.93394E-04  5.93394E-04  5.93394E-04  5.93394E-04  5.93394E-04  5.93394E-04  5.93394E-04  5.93394E-04
   19637   3  4.09334E-03  4.09334E-03  4.09334E-03  4.09334E-03  4.09334E-03  4.09334E-03  4.09334E-03  4.09334E-03  4.09334E-03  4.09334E-03  4.09334E-03  4.09334E-03  4.09334E-03  4.09334E-03  4.09334E-03  4.09334E-03  4.09334E-03  4.09334E-03  4.09334E-03  4.09334E-03  4.09334E-03  4.09334E-03  4.09334E-03  4.09334E-03
   17533   4  2.81242E-02  2.81242E-02  2.81242E-02  2.81242E-02  2.81242E-02  2.81242E-02  2.81242E-02  2.81242E-02  2.81242E-02  2.81242E-02  2.81242E-02  2.81242E-02  2.81242E-02  2.81242E-02  2.81242E-02  2.81242E-02  2.81242E-02  2.81242E-02  2.81242E-02  2.81242E-02  2.81242E-02  2.81242E-02  2.81242E-02  2.81242E-02
   17533   3  0.00000E+00  0.00000E+00  0.00000E+00  0.00000E+00  0.00000E+00  0.00000E+00  0.00000E+00  0.00000E+00  0.00000E+00  0.00000E+00  0.00000E+00  0.00000E+00  0.00000E+00  3.12628E-03  3.12628E-03  3.12628E-03  3.12628E-03  3.12628E-03  3.12628E-03  3.12628E-03  3.12628E-03  0.00000E+00  0.00000E+00  0.00000E+00
   19657   3  0.00000E+00  0.00000E+00  0.00000E+00  0.00000E+00  0.00000E+00  0.00000E+00  0.00000E+00  0.00000E+00  0.00000E+00  0.00000E+00  0.00000E+00  0.00000E+00  0.00000E+00  0.00000E+00  0.00000E+00  0.00000E+00  0.00000E+00  0.00000E+00  0.00000E+00  0.00000E+00  0.00000E+00  0.00000E+00  0.00000E+00  0.00000E+00
   19657   2  0.00000E+00  0.00000E+00  0.00000E+00  0.00000E+00  0.00000E+00  0.00000E+00  0.00000E+00  0.00000E+00  0.00000E+00  0.00000E+00  0.00000E+00  0.00000E+00  0.00000E+00  0.00000E+00  0.00000E+00  0.00000E+00  0.00000E+00  0.00000E+00  0.00000E+00  0.00000E+00  0.00000E+00  0.00000E+00  0.00000E+00  0.00000E+00
   17887   3  0.00000E+00  0.00000E+00  0.00000E+00  0.00000E+00  0.00000E+00  0.00000E+00  0.00000E+00  0.00000E+00  0.00000E+00  0.00000E+00  0.00000E+00  0.00000E+00  0.00000E+00  0.00000E+00  0.00000E+00  0.00000E+00  0.00000E+00  0.00000E+00  0.00000E+00  0.00000E+00  0.00000E+00  0.00000E+00  0.00000E+00  0.00000E+00
   20356   4  6.61774E-04  6.61774E-04  6.61774E-04  6.61774E-04  6.61774E-04  6.61774E-04  6.61774E-04  6.61774E-04  6.61774E-04  6.61774E-04  6.61774E-04  6.61774E-04  6.61774E-04  6.61774E-04  6.61774E-04  6.61774E-04  6.61774E-04  6.61774E-04  6.61774E-04  6.61774E-04  6.61774E-04  6.61774E-04  6.61774E-04  6.61774E-04
   20356   3  0.00000E+00  0.00000E+00  0.00000E+00  0.00000E+00  0.00000E+00  0.00000E+00  0.00000E+00  0.00000E+00  0.00000E+00  0.00000E+00  0.00000E+00  0.00000E+00  0.00000E+00  0.00000E+00  0.00000E+00  0.00000E+00  0.00000E+00  0.00000E+00  0.00000E+00  0.00000E+00  0.00000E+00  0.00000E+00  0.00000E+00  0.00000E+00
   20356   2  0.00000E+00  0.00000E+00  0.00000E+00  0.00000E+00  0.00000E+00  0.00000E+00  0.00000E+00  0.00000E+00  0.00000E+00  0.00000E+00  0.00000E+00  0.00000E+00  0.00000E+00  0.00000E+00  0.00000E+00  0.00000E+00  0.00000E+00  0.00000E+00  0.00000E+00  0.00000E+00  0.00000E+00  0.00000E+00  0.00000E+00  0.00000E+00
   15091   3  1.31398E+01  1.31398E+01  1.31398E+01  1.31398E+01  1.31398E+01  1.31385E+01  1.31385E+01  1.31385E+01  1.31385E+01  1.31385E+01  1.31385E+01  1.31385E+01  1.31385E+01  1.31456E+01  1.31456E+01  1.31456E+01  1.31456E+01  1.31456E+01  1.31456E+01  1.31456E+01  1.31456E+01  1.31398E+01  1.31398E+01  1.31398E+01
   15091   4  1.59559E+01  1.59559E+01  1.59559E+01  1.59559E+01  1.59559E+01  1.59559E+01  1.59559E+01  1.59559E+01  1.59559E+01  1.59559E+01  1.59559E+01  1.59559E+01  1.59559E+01  1.59559E+01  1.59559E+01  1.59559E+01  1.59559E+01  1.59559E+01  1.59559E+01  1.59559E+01  1.59559E+01  1.59559E+01  1.59559E+01  1.59559E+01
   15091   2  5.14115E+00  5.14115E+00  5.14115E+00  5.14115E+00  5.14115E+00  5.14115E+00  5.14115E+00  5.14115E+00  5.14115E+00  5.14115E+00  5.14115E+00  5.14115E+00  5.14115E+00  5.14115E+00  5.14115E+00  5.14115E+00  5.14115E+00  5.14115E+00  5.14115E+00  5.14115E+00  5.14115E+00  5.14115E+00  5.14115E+00  5.14115E+00
   15092   4  1.13953E-02  1.13953E-02  1.13953E-02  1.13953E-02  1.13953E-02  1.13953E-02  1.13953E-02  1.13953E-02  1.13953E-02  1.13953E-02  1.13953E-02  1.13953E-02  1.13953E-02  1.13953E-02  1.13953E-02  1.13953E-02  1.13953E-02  1.13953E-02  1.13953E-02  1.13953E-02  1.13953E-02  1.13953E-02  1.13953E-02  1.13953E-02
   15091   7  0.00000E+00  0.00000E+00  0.00000E+00  0.00000E+00  0.00000E+00  0.00000E+00  0.00000E+00  0.00000E+00  0.00000E+00  0.00000E+00  0.00000E+00  0.00000E+00  0.00000E+00  0.00000E+00  0.00000E+00  0.00000E+00  0.00000E+00  0.00000E+00  0.00000E+00  0.00000E+00  0.00000E+00  0.00000E+00  0.00000E+00  0.00000E+00
   15092   1  0.00000E+00  0.00000E+00  0.00000E+00  0.00000E+00  0.00000E+00  0.00000E+00  0.00000E+00  0.00000E+00  0.00000E+00  0.00000E+00  0.00000E+00  0.00000E+00  0.00000E+00  0.00000E+00  0.00000E+00  0.00000E+00  0.00000E+00  0.00000E+00  0.00000E+00  0.00000E+00  0.00000E+00  0.00000E+00  0.00000E+00  0.00000E+00
   15092   3  0.00000E+00  0.00000E+00  0.00000E+00  0.00000E+00  0.00000E+00  0.00000E+00  0.00000E+00  0.00000E+00  0.00000E+00  0.00000E+00  0.00000E+00  0.00000E+00  0.00000E+00  0.00000E+00  0.00000E+00  0.00000E+00  0.00000E+00  0.00000E+00  0.00000E+00  0.00000E+00  0.00000E+00  0.00000E+00  0.00000E+00  0.00000E+00
   15092   2  0.00000E+00  0.00000E+00  0.00000E+00  0.00000E+00  0.00000E+00  0.00000E+00  0.00000E+00  0.00000E+00  0.00000E+00  0.00000E+00  0.00000E+00  0.00000E+00  0.00000E+00  0.00000E+00  0.00000E+00  0.00000E+00  0.00000E+00  0.00000E+00  0.00000E+00  0.00000E+00  0.00000E+00  0.00000E+00  0.00000E+00  0.00000E+00
   14738   4  0.00000E+00  0.00000E+00  0.00000E+00  0.00000E+00  0.00000E+00  0.00000E+00  0.00000E+00  0.00000E+00  0.00000E+00  0.00000E+00  0.00000E+00  0.00000E+00  0.00000E+00  0.00000E+00  0.00000E+00  0.00000E+00  0.00000E+00  0.00000E+00  0.00000E+00  0.00000E+00  0.00000E+00  0.00000E+00  0.00000E+00  0.00000E+00
   17885   3  0.00000E+00  0.00000E+00  0.00000E+00  0.00000E+00  0.00000E+00  0.00000E+00  0.00000E+00  0.00000E+00  0.00000E+00  0.00000E+00  0.00000E+00  0.00000E+00  0.00000E+00  8.90612E-02  8.90612E-02  8.90612E-02  8.90612E-02  8.90612E-02  8.90612E-02  8.90612E-02  8.90612E-02  0.00000E+00  0.00000E+00  0.00000E+00
   17885   4  2.16468E-04  2.16468E-04  2.16468E-04  2.16468E-04  2.16468E-04  2.16468E-04  2.16468E-04  2.16468E-04  2.16468E-04  2.16468E-04  2.16468E-04  2.16468E-04  2.16468E-04  2.16468E-04  2.16468E-04  2.16468E-04  2.16468E-04  2.16468E-04  2.16468E-04  2.16468E-04  2.16468E-04  2.16468E-04  2.16468E-04  2.16468E-04
   18238   4  0.00000E+00  0.00000E+00  0.00000E+00  0.00000E+00  0.00000E+00  0.00000E+00  0.00000E+00  0.00000E+00  0.00000E+00  0.00000E+00  0.00000E+00  0.00000E+00  0.00000E+00  0.00000E+00  0.00000E+00  0.00000E+00  0.00000E+00  0.00000E+00  0.00000E+00  0.00000E+00  0.00000E+00  0.00000E+00  0.00000E+00  0.00000E+00
   15426   3  0.00000E+00  0.00000E+00  0.00000E+00  0.00000E+00  0.00000E+00  0.00000E+00  0.00000E+00  0.00000E+00  0.00000E+00  0.00000E+00  0.00000E+00  0.00000E+00  0.00000E+00  0.00000E+00  0.00000E+00  0.00000E+00  0.00000E+00  0.00000E+00  0.00000E+00  0.00000E+00  0.00000E+00  0.00000E+00  0.00000E+00  0.00000E+00
   14383   3  3.71948E+00  3.71948E+00  3.71948E+00  3.71948E+00  3.71948E+00  3.71948E+00  3.71948E+00  3.71948E+00  3.71948E+00  3.71948E+00  3.71948E+00  3.71948E+00  3.71948E+00  3.71948E+00  3.71948E+00  3.71948E+00  3.71948E+00  3.71948E+00  3.71948E+00  3.71948E+00  3.71948E+00  3.71948E+00  3.71948E+00  3.71948E+00
   14736   4  7.99504E-02  7.99504E-02  7.99504E-02  7.99504E-02  7.99504E-02  7.99504E-02  7.99504E-02  7.99504E-02  7.99504E-02  7.99504E-02  7.99504E-02  7.99504E-02  7.99504E-02  8.07495E-02  8.07495E-02  8.07495E-02  8.07495E-02  8.07495E-02  8.07495E-02  8.07495E-02  8.07495E-02  7.99504E-02  7.99504E-02  7.99504E-02
   14383   4  4.54347E+00  4.54347E+00  4.54347E+00  4.54347E+00  4.54347E+00  4.54347E+00  4.54347E+00  4.54347E+00  4.54347E+00  4.54347E+00  4.54347E+00  4.54347E+00  4.54347E+00  4.54347E+00  4.54347E+00  4.54347E+00  4.54347E+00  4.54347E+00  4.54347E+00  4.54347E+00  4.54347E+00  4.54347E+00  4.54347E+00  4.54347E+00
   14383   2  6.69506E+01  6.69506E+01  6.69506E+01  6.69506E+01  6.69506E+01  6.69506E+01  6.69506E+01  6.69506E+01  6.69506E+01  6.69506E+01  6.69506E+01  6.69506E+01  6.69506E+01  6.69506E+01  6.69506E+01  6.69506E+01  6.69506E+01  6.69506E+01  6.69506E+01  6.69506E+01  6.69506E+01  6.69506E+01  6.69506E+01  6.69506E+01
   14383   1  0.00000E+00  0.00000E+00  0.00000E+00  0.00000E+00  0.00000E+00  0.00000E+00  0.00000E+00  0.00000E+00  0.00000E+00  0.00000E+00  0.00000E+00  0.00000E+00  0.00000E+00  0.00000E+00  0.00000E+00  0.00000E+00  0.00000E+00  0.00000E+00  0.00000E+00  0.00000E+00  0.00000E+00  0.00000E+00  0.00000E+00  0.00000E+00
   17892   3  4.15604E-03  4.15604E-03  4.15604E-03  4.15604E-03  4.15604E-03  4.15604E-03  4.15604E-03  4.15604E-03  4.15604E-03  4.15604E-03  4.15604E-03  4.15604E-03  4.15604E-03  4.15604E-03  4.15604E-03  4.15604E-03  4.15604E-03  4.15604E-03  4.15604E-03  4.15604E-03  4.15604E-03  4.15604E-03  4.15604E-03  4.15604E-03
   17180   3  0.00000E+00  0.00000E+00  0.00000E+00  0.00000E+00  0.00000E+00  0.00000E+00  0.00000E+00  0.00000E+00  0.00000E+00  0.00000E+00  0.00000E+00  0.00000E+00  0.00000E+00  0.00000E+00  0.00000E+00  0.00000E+00  0.00000E+00  0.00000E+00  0.00000E+00  0.00000E+00  0.00000E+00  0.00000E+00  0.00000E+00  0.00000E+00
   17180   2  0.00000E+00  0.00000E+00  0.00000E+00  0.00000E+00  0.00000E+00  0.00000E+00  0.00000E+00  0.00000E+00  0.00000E+00  0.00000E+00  0.00000E+00  0.00000E+00  0.00000E+00  0.00000E+00  0.00000E+00  0.00000E+00  0.00000E+00  0.00000E+00  0.00000E+00  0.00000E+00  0.00000E+00  0.00000E+00  0.00000E+00  0.00000E+00
   17182   3  0.00000E+00  0.00000E+00  0.00000E+00  0.00000E+00  0.00000E+00  0.00000E+00  0.00000E+00  0.00000E+00  0.00000E+00  0.00000E+00  0.00000E+00  0.00000E+00  0.00000E+00  0.00000E+00  0.00000E+00  0.00000E+00  0.00000E+00  0.00000E+00  0.00000E+00  0.00000E+00  0.00000E+00  0.00000E+00  0.00000E+00  0.00000E+00
   14735   3  1.58469E-03  1.58469E-03  1.58469E-03  1.58469E-03  1.58469E-03  0.00000E+00  0.00000E+00  0.00000E+00  0.00000E+00  0.00000E+00  0.00000E+00  0.00000E+00  0.00000E+00  1.58469E-03  1.58469E-03  1.58469E-03  1.58469E-03  1.58469E-03  1.58469E-03  1.58469E-03  1.58469E-03  1.58469E-03  1.58469E-03  1.58469E-03
   17884   4  9.84260E-03  9.84260E-03  9.84260E-03  9.84260E-03  9.84260E-03  9.84260E-03  9.84260E-03  9.84260E-03  9.84260E-03  9.84260E-03  9.84260E-03  9.84260E-03  9.84260E-03  9.84260E-03  9.84260E-03  9.84260E-03  9.84260E-03  9.84260E-03  9.84260E-03  9.84260E-03  9.84260E-03  9.84260E-03  9.84260E-03  9.84260E-03
   18944   3  0.00000E+00  0.00000E+00  0.00000E+00  0.00000E+00  0.00000E+00  0.00000E+00  0.00000E+00  0.00000E+00  0.00000E+00  0.00000E+00  0.00000E+00  0.00000E+00  0.00000E+00  0.00000E+00  0.00000E+00  0.00000E+00  0.00000E+00  0.00000E+00  0.00000E+00  0.00000E+00  0.00000E+00  0.00000E+00  0.00000E+00  0.00000E+00
   15082   3  0.00000E+00  0.00000E+00  0.00000E+00  0.00000E+00  0.00000E+00  0.00000E+00  0.00000E+00  0.00000E+00  0.00000E+00  0.00000E+00  0.00000E+00  0.00000E+00  0.00000E+00  0.00000E+00  0.00000E+00  0.00000E+00  0.00000E+00  0.00000E+00  0.00000E+00  0.00000E+00  0.00000E+00  0.00000E+00  0.00000E+00  0.00000E+00
   15082   2  0.00000E+00  0.00000E+00  0.00000E+00  0.00000E+00  0.00000E+00  0.00000E+00  0.00000E+00  0.00000E+00  0.00000E+00  0.00000E+00  0.00000E+00  0.00000E+00  0.00000E+00  0.00000E+00  0.00000E+00  0.00000E+00  0.00000E+00  0.00000E+00  0.00000E+00  0.00000E+00  0.00000E+00  0.00000E+00  0.00000E+00  0.00000E+00
   14385   3  1.35201E-03  1.35201E-03  1.35201E-03  1.35201E-03  1.35201E-03  0.00000E+00  0.00000E+00  0.00000E+00  0.00000E+00  0.00000E+00  0.00000E+00  0.00000E+00  0.00000E+00  1.35201E-03  1.35201E-03  1.35201E-03  1.35201E-03  1.35201E-03  1.35201E-03  1.35201E-03  1.35201E-03  1.35201E-03  1.35201E-03  1.35201E-03
   14385   4  7.42476E-03  7.42476E-03  7.42476E-03  7.42476E-03  7.42476E-03  7.42476E-03  7.42476E-03  7.42476E-03  7.42476E-03  7.42476E-03  7.42476E-03  7.42476E-03  7.42476E-03  7.42476E-03  7.42476E-03  7.42476E-03  7.42476E-03  7.42476E-03  7.42476E-03  7.42476E-03  7.42476E-03  7.42476E-03  7.42476E-03  7.42476E-03
   17531   4  4.34829E-02  4.34829E-02  4.34829E-02  4.34829E-02  4.34829E-02  4.34829E-02  4.34829E-02  4.34829E-02  4.34829E-02  4.34829E-02  4.34829E-02  4.34829E-02  4.34829E-02  4.34829E-02  4.34829E-02  4.34829E-02  4.34829E-02  4.34829E-02  4.34829E-02  4.34829E-02  4.34829E-02  4.34829E-02  4.34829E-02  4.34829E-02
   17531   3  0.00000E+00  0.00000E+00  0.00000E+00  0.00000E+00  0.00000E+00  0.00000E+00  0.00000E+00  0.00000E+00  0.00000E+00  0.00000E+00  0.00000E+00  0.00000E+00  0.00000E+00  1.23489E-01  1.23489E-01  1.23489E-01  1.23489E-01  1.23489E-01  1.23489E-01  1.23489E-01  1.23489E-01  0.00000E+00  0.00000E+00  0.00000E+00
   17531   5  0.00000E+00  0.00000E+00  0.00000E+00  0.00000E+00  0.00000E+00  0.00000E+00  0.00000E+00  0.00000E+00  0.00000E+00  0.00000E+00  0.00000E+00  0.00000E+00  0.00000E+00  0.00000E+00  0.00000E+00  0.00000E+00  0.00000E+00  0.00000E+00  0.00000E+00  0.00000E+00  0.00000E+00  0.00000E+00  0.00000E+00  0.00000E+00
   17531   2  0.00000E+00  0.00000E+00  0.00000E+00  0.00000E+00  0.00000E+00  0.00000E+00  0.00000E+00  0.00000E+00  0.00000E+00  0.00000E+00  0.00000E+00  0.00000E+00  0.00000E+00  0.00000E+00  0.00000E+00  0.00000E+00  0.00000E+00  0.00000E+00  0.00000E+00  0.00000E+00  0.00000E+00  0.00000E+00  0.00000E+00  0.00000E+00
   17531   7  0.00000E+00  0.00000E+00  0.00000E+00  0.00000E+00  0.00000E+00  0.00000E+00  0.00000E+00  0.00000E+00  0.00000E+00  0.00000E+00  0.00000E+00  0.00000E+00  0.00000E+00  0.00000E+00  0.00000E+00  0.00000E+00  0.00000E+00  0.00000E+00  0.00000E+00  0.00000E+00  0.00000E+00  0.00000E+00  0.00000E+00  0.00000E+00
   21411   4  4.04148E-04  4.04148E-04  4.04148E-04  4.04148E-04  4.04148E-04  4.04148E-04  4.04148E-04  4.04148E-04  4.04148E-04  4.04148E-04  4.04148E-04  4.04148E-04  4.04148E-04  4.04148E-04  4.04148E-04  4.04148E-04  4.04148E-04  4.04148E-04  4.04148E-04  4.04148E-04  4.04148E-04  4.04148E-04  4.04148E-04  4.04148E-04
   20709   4  0.00000E+00  0.00000E+00  0.00000E+00  0.00000E+00  0.00000E+00  0.00000E+00  0.00000E+00  0.00000E+00  0.00000E+00  0.00000E+00  0.00000E+00  0.00000E+00  0.00000E+00  0.00000E+00  0.00000E+00  0.00000E+00  0.00000E+00  0.00000E+00  0.00000E+00  0.00000E+00  0.00000E+00  0.00000E+00  0.00000E+00  0.00000E+00
   20709   7  0.00000E+00  0.00000E+00  0.00000E+00  0.00000E+00  0.00000E+00  0.00000E+00  0.00000E+00  0.00000E+00  0.00000E+00  0.00000E+00  0.00000E+00  0.00000E+00  0.00000E+00  0.00000E+00  0.00000E+00  0.00000E+00  0.00000E+00  0.00000E+00  0.00000E+00  0.00000E+00  0.00000E+00  0.00000E+00  0.00000E+00  0.00000E+00
   13676   3  0.00000E+00  0.00000E+00  0.00000E+00  0.00000E+00  0.00000E+00  0.00000E+00  0.00000E+00  0.00000E+00  0.00000E+00  0.00000E+00  0.00000E+00  0.00000E+00  0.00000E+00  1.95192E-02  1.95192E-02  1.95192E-02  1.95192E-02  1.95192E-02  1.95192E-02  1.95192E-02  1.95192E-02  0.00000E+00  0.00000E+00  0.00000E+00
   21062   3  0.00000E+00  0.00000E+00  0.00000E+00  0.00000E+00  0.00000E+00  0.00000E+00  0.00000E+00  0.00000E+00  0.00000E+00  0.00000E+00  0.00000E+00  0.00000E+00  0.00000E+00  0.00000E+00  0.00000E+00  0.00000E+00  0.00000E+00  0.00000E+00  0.00000E+00  0.00000E+00  0.00000E+00  0.00000E+00  0.00000E+00  0.00000E+00
   17196   3  0.00000E+00  0.00000E+00  0.00000E+00  0.00000E+00  0.00000E+00  0.00000E+00  0.00000E+00  0.00000E+00  0.00000E+00  0.00000E+00  0.00000E+00  0.00000E+00  0.00000E+00  0.00000E+00  0.00000E+00  0.00000E+00  0.00000E+00  0.00000E+00  0.00000E+00  0.00000E+00  0.00000E+00  0.00000E+00  0.00000E+00  0.00000E+00
   17196   2  0.00000E+00  0.00000E+00  0.00000E+00  0.00000E+00  0.00000E+00  0.00000E+00  0.00000E+00  0.00000E+00  0.00000E+00  0.00000E+00  0.00000E+00  0.00000E+00  0.00000E+00  0.00000E+00  0.00000E+00  0.00000E+00  0.00000E+00  0.00000E+00  0.00000E+00  0.00000E+00  0.00000E+00  0.00000E+00  0.00000E+00  0.00000E+00
   23179   4  3.85932E-03  3.85932E-03  3.85932E-03  3.85932E-03  3.85932E-03  3.85932E-03  3.85932E-03  3.85932E-03  3.85932E-03  3.85932E-03  3.85932E-03  3.85932E-03  3.85932E-03  3.85932E-03  3.85932E-03  3.85932E-03  3.85932E-03  3.85932E-03  3.85932E-03  3.85932E-03  3.85932E-03  3.85932E-03  3.85932E-03  3.85932E-03
   23179   3  0.00000E+00  0.00000E+00  0.00000E+00  0.00000E+00  0.00000E+00  0.00000E+00  0.00000E+00  0.00000E+00  0.00000E+00  0.00000E+00  0.00000E+00  0.00000E+00  0.00000E+00  0.00000E+00  0.00000E+00  0.00000E+00  0.00000E+00  0.00000E+00  0.00000E+00  0.00000E+00  0.00000E+00  0.00000E+00  0.00000E+00  0.00000E+00
   18247   4  0.00000E+00  0.00000E+00  0.00000E+00  0.00000E+00  0.00000E+00  0.00000E+00  0.00000E+00  0.00000E+00  0.00000E+00  0.00000E+00  0.00000E+00  0.00000E+00  0.00000E+00  0.00000E+00  0.00000E+00  0.00000E+00  0.00000E+00  0.00000E+00  0.00000E+00  0.00000E+00  0.00000E+00  0.00000E+00  0.00000E+00  0.00000E+00
   12621   2  0.00000E+00  0.00000E+00  0.00000E+00  0.00000E+00  0.00000E+00  0.00000E+00  0.00000E+00  0.00000E+00  0.00000E+00  0.00000E+00  0.00000E+00  0.00000E+00  0.00000E+00  0.00000E+00  0.00000E+00  0.00000E+00  0.00000E+00  0.00000E+00  0.00000E+00  0.00000E+00  0.00000E+00  0.00000E+00  0.00000E+00  0.00000E+00
   12621   3  0.00000E+00  0.00000E+00  0.00000E+00  0.00000E+00  0.00000E+00  0.00000E+00  0.00000E+00  0.00000E+00  0.00000E+00  0.00000E+00  0.00000E+00  0.00000E+00  0.00000E+00  0.00000E+00  0.00000E+00  0.00000E+00  0.00000E+00  0.00000E+00  0.00000E+00  0.00000E+00  0.00000E+00  0.00000E+00  0.00000E+00  0.00000E+00
   12621   7  0.00000E+00  0.00000E+00  0.00000E+00  0.00000E+00  0.00000E+00  0.00000E+00  0.00000E+00  0.00000E+00  0.00000E+00  0.00000E+00  0.00000E+00  0.00000E+00  0.00000E+00  0.00000E+00  0.00000E+00  0.00000E+00  0.00000E+00  0.00000E+00  0.00000E+00  0.00000E+00  0.00000E+00  0.00000E+00  0.00000E+00  0.00000E+00
   21063   3  2.54377E-02  2.54377E-02  2.54377E-02  2.54377E-02  2.54377E-02  2.54377E-02  2.54377E-02  2.54377E-02  2.54377E-02  2.54377E-02  2.54377E-02  2.54377E-02  2.54377E-02  2.54377E-02  2.54377E-02  2.54377E-02  2.54377E-02  2.54377E-02  2.54377E-02  2.54377E-02  2.54377E-02  2.54377E-02  2.54377E-02  2.54377E-02
   17529   4  1.44106E-03  1.44106E-03  1.44106E-03  1.44106E-03  1.44106E-03  1.44106E-03  1.44106E-03  1.44106E-03  1.44106E-03  1.44106E-03  1.44106E-03  1.44106E-03  1.44106E-03  1.44106E-03  1.44106E-03  1.44106E-03  1.44106E-03  1.44106E-03  1.44106E-03  1.44106E-03  1.44106E-03  1.44106E-03  1.44106E-03  1.44106E-03
   17530   3  0.00000E+00  0.00000E+00  0.00000E+00  0.00000E+00  0.00000E+00  0.00000E+00  0.00000E+00  0.00000E+00  0.00000E+00  0.00000E+00  0.00000E+00  0.00000E+00  0.00000E+00  0.00000E+00  0.00000E+00  0.00000E+00  0.00000E+00  0.00000E+00  0.00000E+00  0.00000E+00  0.00000E+00  0.00000E+00  0.00000E+00  0.00000E+00
   17530   4  7.84993E-02  7.84993E-02  7.84993E-02  7.84993E-02  7.84993E-02  7.84993E-02  7.84993E-02  7.84993E-02  7.84993E-02  7.84993E-02  7.84993E-02  7.84993E-02  7.84993E-02  7.84993E-02  7.84993E-02  7.84993E-02  7.84993E-02  7.84993E-02  7.84993E-02  7.84993E-02  7.84993E-02  7.84993E-02  7.84993E-02  7.84993E-02
   17530   6  6.17669E-02  6.17669E-02  6.17669E-02  6.17669E-02  6.17669E-02  6.17669E-02  6.17669E-02  6.17669E-02  6.17669E-02  6.17669E-02  6.17669E-02  6.17669E-02  6.17669E-02  6.17669E-02  6.17669E-02  6.17669E-02  6.17669E-02  6.17669E-02  6.17669E-02  6.17669E-02  6.17669E-02  6.17669E-02  6.17669E-02  6.17669E-02
   32341   4  0.00000E+00  0.00000E+00  0.00000E+00  0.00000E+00  0.00000E+00  0.00000E+00  0.00000E+00  0.00000E+00  0.00000E+00  0.00000E+00  0.00000E+00  0.00000E+00  0.00000E+00  0.00000E+00  0.00000E+00  0.00000E+00  0.00000E+00  0.00000E+00  0.00000E+00  0.00000E+00  0.00000E+00  0.00000E+00  0.00000E+00  0.00000E+00
   31636   3  0.00000E+00  0.00000E+00  0.00000E+00  0.00000E+00  0.00000E+00  0.00000E+00  0.00000E+00  0.00000E+00  0.00000E+00  0.00000E+00  0.00000E+00  0.00000E+00  0.00000E+00  0.00000E+00  0.00000E+00  0.00000E+00  0.00000E+00  0.00000E+00  0.00000E+00  0.00000E+00  0.00000E+00  0.00000E+00  0.00000E+00  0.00000E+00
   31636   2  0.00000E+00  0.00000E+00  0.00000E+00  0.00000E+00  0.00000E+00  0.00000E+00  0.00000E+00  0.00000E+00  0.00000E+00  0.00000E+00  0.00000E+00  0.00000E+00  0.00000E+00  0.00000E+00  0.00000E+00  0.00000E+00  0.00000E+00  0.00000E+00  0.00000E+00  0.00000E+00  0.00000E+00  0.00000E+00  0.00000E+00  0.00000E+00
   32694   3  0.00000E+00  0.00000E+00  0.00000E+00  0.00000E+00  0.00000E+00  0.00000E+00  0.00000E+00  0.00000E+00  0.00000E+00  0.00000E+00  0.00000E+00  0.00000E+00  0.00000E+00  0.00000E+00  0.00000E+00  0.00000E+00  0.00000E+00  0.00000E+00  0.00000E+00  0.00000E+00  0.00000E+00  0.00000E+00  0.00000E+00  0.00000E+00
   17888   3  0.00000E+00  0.00000E+00  0.00000E+00  0.00000E+00  0.00000E+00  0.00000E+00  0.00000E+00  0.00000E+00  0.00000E+00  0.00000E+00  0.00000E+00  0.00000E+00  0.00000E+00  0.00000E+00  0.00000E+00  0.00000E+00  0.00000E+00  0.00000E+00  0.00000E+00  0.00000E+00  0.00000E+00  0.00000E+00  0.00000E+00  0.00000E+00
   19303   4  4.23295E-06  4.23295E-06  4.23295E-06  4.23295E-06  4.23295E-06  4.23295E-06  4.23295E-06  4.23295E-06  4.23295E-06  4.23295E-06  4.23295E-06  4.23295E-06  4.23295E-06  4.23295E-06  4.23295E-06  4.23295E-06  4.23295E-06  4.23295E-06  4.23295E-06  4.23295E-06  4.23295E-06  4.23295E-06  4.23295E-06  4.23295E-06
   20352   4  0.00000E+00  0.00000E+00  0.00000E+00  0.00000E+00  0.00000E+00  0.00000E+00  0.00000E+00  0.00000E+00  0.00000E+00  0.00000E+00  0.00000E+00  0.00000E+00  0.00000E+00  0.00000E+00  0.00000E+00  0.00000E+00  0.00000E+00  0.00000E+00  0.00000E+00  0.00000E+00  0.00000E+00  0.00000E+00  0.00000E+00  0.00000E+00
   20352   7  0.00000E+00  0.00000E+00  0.00000E+00  0.00000E+00  0.00000E+00  0.00000E+00  0.00000E+00  0.00000E+00  0.00000E+00  0.00000E+00  0.00000E+00  0.00000E+00  0.00000E+00  0.00000E+00  0.00000E+00  0.00000E+00  0.00000E+00  0.00000E+00  0.00000E+00  0.00000E+00  0.00000E+00  0.00000E+00  0.00000E+00  0.00000E+00
   24938   4  6.61774E-04  6.61774E-04  6.61774E-04  6.61774E-04  6.61774E-04  6.61774E-04  6.61774E-04  6.61774E-04  6.61774E-04  6.61774E-04  6.61774E-04  6.61774E-04  6.61774E-04  6.61774E-04  6.61774E-04  6.61774E-04  6.61774E-04  6.61774E-04  6.61774E-04  6.61774E-04  6.61774E-04  6.61774E-04  6.61774E-04  6.61774E-04
   24938   3  1.21475E-02  1.21475E-02  1.21475E-02  1.21475E-02  1.21475E-02  1.21475E-02  1.21475E-02  1.21475E-02  1.21475E-02  1.21475E-02  1.21475E-02  1.21475E-02  1.21475E-02  1.21475E-02  1.21475E-02  1.21475E-02  1.21475E-02  1.21475E-02  1.21475E-02  1.21475E-02  1.21475E-02  1.21475E-02  1.21475E-02  1.21475E-02
   24938   2  0.00000E+00  0.00000E+00  0.00000E+00  0.00000E+00  0.00000E+00  0.00000E+00  0.00000E+00  0.00000E+00  0.00000E+00  0.00000E+00  0.00000E+00  0.00000E+00  0.00000E+00  0.00000E+00  0.00000E+00  0.00000E+00  0.00000E+00  0.00000E+00  0.00000E+00  0.00000E+00  0.00000E+00  0.00000E+00  0.00000E+00  0.00000E+00
   24938   7  0.00000E+00  0.00000E+00  0.00000E+00  0.00000E+00  0.00000E+00  0.00000E+00  0.00000E+00  0.00000E+00  0.00000E+00  0.00000E+00  0.00000E+00  0.00000E+00  0.00000E+00  0.00000E+00  0.00000E+00  0.00000E+00  0.00000E+00  0.00000E+00  0.00000E+00  0.00000E+00  0.00000E+00  0.00000E+00  0.00000E+00  0.00000E+00
   31639   3  0.00000E+00  0.00000E+00  0.00000E+00  0.00000E+00  0.00000E+00  0.00000E+00  0.00000E+00  0.00000E+00  0.00000E+00  0.00000E+00  0.00000E+00  0.00000E+00  0.00000E+00  0.00000E+00  0.00000E+00  0.00000E+00  0.00000E+00  0.00000E+00  0.00000E+00  0.00000E+00  0.00000E+00  0.00000E+00  0.00000E+00  0.00000E+00
   13317   4  1.51860E-03  1.51860E-03  1.51860E-03  1.51860E-03  1.51860E-03  1.51860E-03  1.51860E-03  1.51860E-03  1.51860E-03  1.51860E-03  1.51860E-03  1.51860E-03  1.51860E-03  1.51860E-03  1.51860E-03  1.51860E-03  1.51860E-03  1.51860E-03  1.51860E-03  1.51860E-03  1.51860E-03  1.51860E-03  1.51860E-03  1.51860E-03
   12967   4  2.16468E-04  2.16468E-04  2.16468E-04  2.16468E-04  2.16468E-04  2.16468E-04  2.16468E-04  2.16468E-04  2.16468E-04  2.16468E-04  2.16468E-04  2.16468E-04  2.16468E-04  2.16468E-04  2.16468E-04  2.16468E-04  2.16468E-04  2.16468E-04  2.16468E-04  2.16468E-04  2.16468E-04  2.16468E-04  2.16468E-04  2.16468E-04
   12967   3  0.00000E+00  0.00000E+00  0.00000E+00  0.00000E+00  0.00000E+00  0.00000E+00  0.00000E+00  0.00000E+00  0.00000E+00  0.00000E+00  0.00000E+00  0.00000E+00  0.00000E+00  8.53503E-04  8.53503E-04  8.53503E-04  8.53503E-04  8.53503E-04  8.53503E-04  8.53503E-04  8.53503E-04  0.00000E+00  0.00000E+00  0.00000E+00
   26700   3  0.00000E+00  0.00000E+00  0.00000E+00  0.00000E+00  0.00000E+00  0.00000E+00  0.00000E+00  0.00000E+00  0.00000E+00  0.00000E+00  0.00000E+00  0.00000E+00  0.00000E+00  0.00000E+00  0.00000E+00  0.00000E+00  0.00000E+00  0.00000E+00  0.00000E+00  0.00000E+00  0.00000E+00  0.00000E+00  0.00000E+00  0.00000E+00
   16475   3  0.00000E+00  0.00000E+00  0.00000E+00  0.00000E+00  0.00000E+00  0.00000E+00  0.00000E+00  0.00000E+00  0.00000E+00  0.00000E+00  0.00000E+00  0.00000E+00  0.00000E+00  0.00000E+00  0.00000E+00  0.00000E+00  0.00000E+00  0.00000E+00  0.00000E+00  0.00000E+00  0.00000E+00  0.00000E+00  0.00000E+00  0.00000E+00
   16475   2  0.00000E+00  0.00000E+00  0.00000E+00  0.00000E+00  0.00000E+00  0.00000E+00  0.00000E+00  0.00000E+00  0.00000E+00  0.00000E+00  0.00000E+00  0.00000E+00  0.00000E+00  0.00000E+00  0.00000E+00  0.00000E+00  0.00000E+00  0.00000E+00  0.00000E+00  0.00000E+00  0.00000E+00  0.00000E+00  0.00000E+00  0.00000E+00
   16481   3  0.00000E+00  0.00000E+00  0.00000E+00  0.00000E+00  0.00000E+00  0.00000E+00  0.00000E+00  0.00000E+00  0.00000E+00  0.00000E+00  0.00000E+00  0.00000E+00  0.00000E+00  0.00000E+00  0.00000E+00  0.00000E+00  0.00000E+00  0.00000E+00  0.00000E+00  0.00000E+00  0.00000E+00  0.00000E+00  0.00000E+00  0.00000E+00
   16481   7  0.00000E+00  0.00000E+00  0.00000E+00  0.00000E+00  0.00000E+00  0.00000E+00  0.00000E+00  0.00000E+00  0.00000E+00  0.00000E+00  0.00000E+00  0.00000E+00  0.00000E+00  0.00000E+00  0.00000E+00  0.00000E+00  0.00000E+00  0.00000E+00  0.00000E+00  0.00000E+00  0.00000E+00  0.00000E+00  0.00000E+00  0.00000E+00
   25290   6  0.00000E+00  0.00000E+00  0.00000E+00  0.00000E+00  0.00000E+00  0.00000E+00  0.00000E+00  0.00000E+00  0.00000E+00  0.00000E+00  0.00000E+00  0.00000E+00  0.00000E+00  0.00000E+00  0.00000E+00  0.00000E+00  0.00000E+00  0.00000E+00  0.00000E+00  0.00000E+00  0.00000E+00  0.00000E+00  0.00000E+00  0.00000E+00
   25290   3  0.00000E+00  0.00000E+00  0.00000E+00  0.00000E+00  0.00000E+00  0.00000E+00  0.00000E+00  0.00000E+00  0.00000E+00  0.00000E+00  0.00000E+00  0.00000E+00  0.00000E+00  0.00000E+00  0.00000E+00  0.00000E+00  0.00000E+00  0.00000E+00  0.00000E+00  0.00000E+00  0.00000E+00  0.00000E+00  0.00000E+00  0.00000E+00
   26704   4  7.42177E-05  7.42177E-05  7.42177E-05  7.42177E-05  7.42177E-05  7.42177E-05  7.42177E-05  7.42177E-05  7.42177E-05  7.42177E-05  7.42177E-05  7.42177E-05  7.42177E-05  7.42177E-05  7.42177E-05  7.42177E-05  7.42177E-05  7.42177E-05  7.42177E-05  7.42177E-05  7.42177E-05  7.42177E-05  7.42177E-05  7.42177E-05
   26704   2  0.00000E+00  0.00000E+00  0.00000E+00  0.00000E+00  0.00000E+00  0.00000E+00  0.00000E+00  0.00000E+00  0.00000E+00  0.00000E+00  0.00000E+00  0.00000E+00  0.00000E+00  0.00000E+00  0.00000E+00  0.00000E+00  0.00000E+00  0.00000E+00  0.00000E+00  0.00000E+00  0.00000E+00  0.00000E+00  0.00000E+00  0.00000E+00
   20009   2  0.00000E+00  0.00000E+00  0.00000E+00  0.00000E+00  0.00000E+00  0.00000E+00  0.00000E+00  0.00000E+00  0.00000E+00  0.00000E+00  0.00000E+00  0.00000E+00  0.00000E+00  0.00000E+00  0.00000E+00  0.00000E+00  0.00000E+00  0.00000E+00  0.00000E+00  0.00000E+00  0.00000E+00  0.00000E+00  0.00000E+00  0.00000E+00
   20362   3  0.00000E+00  0.00000E+00  0.00000E+00  0.00000E+00  0.00000E+00  0.00000E+00  0.00000E+00  0.00000E+00  0.00000E+00  0.00000E+00  0.00000E+00  0.00000E+00  0.00000E+00  0.00000E+00  0.00000E+00  0.00000E+00  0.00000E+00  0.00000E+00  0.00000E+00  0.00000E+00  0.00000E+00  0.00000E+00  0.00000E+00  0.00000E+00
   20362   2  0.00000E+00  0.00000E+00  0.00000E+00  0.00000E+00  0.00000E+00  0.00000E+00  0.00000E+00  0.00000E+00  0.00000E+00  0.00000E+00  0.00000E+00  0.00000E+00  0.00000E+00  0.00000E+00  0.00000E+00  0.00000E+00  0.00000E+00  0.00000E+00  0.00000E+00  0.00000E+00  0.00000E+00  0.00000E+00  0.00000E+00  0.00000E+00
   19305   3  7.91655E-04  7.91655E-04  7.91655E-04  7.91655E-04  7.91655E-04  7.91655E-04  7.91655E-04  7.91655E-04  7.91655E-04  7.91655E-04  7.91655E-04  7.91655E-04  7.91655E-04  7.91655E-04  7.91655E-04  7.91655E-04  7.91655E-04  7.91655E-04  7.91655E-04  7.91655E-04  7.91655E-04  7.91655E-04  7.91655E-04  7.91655E-04
   19305   4  7.00789E-02  7.00789E-02  7.00789E-02  7.00789E-02  7.00789E-02  7.00789E-02  7.00789E-02  7.00789E-02  7.00789E-02  7.00789E-02  7.00789E-02  7.00789E-02  7.00789E-02  7.00789E-02  7.00789E-02  7.00789E-02  7.00789E-02  7.00789E-02  7.00789E-02  7.00789E-02  7.00789E-02  7.00789E-02  7.00789E-02  7.00789E-02
   19305   5  0.00000E+00  0.00000E+00  0.00000E+00  0.00000E+00  0.00000E+00  0.00000E+00  0.00000E+00  0.00000E+00  0.00000E+00  0.00000E+00  0.00000E+00  0.00000E+00  0.00000E+00  0.00000E+00  0.00000E+00  0.00000E+00  0.00000E+00  0.00000E+00  0.00000E+00  0.00000E+00  0.00000E+00  0.00000E+00  0.00000E+00  0.00000E+00
   19306   3  0.00000E+00  0.00000E+00  0.00000E+00  0.00000E+00  0.00000E+00  0.00000E+00  0.00000E+00  0.00000E+00  0.00000E+00  0.00000E+00  0.00000E+00  0.00000E+00  0.00000E+00  0.00000E+00  0.00000E+00  0.00000E+00  0.00000E+00  0.00000E+00  0.00000E+00  0.00000E+00  0.00000E+00  0.00000E+00  0.00000E+00  0.00000E+00
   19306   7  0.00000E+00  0.00000E+00  0.00000E+00  0.00000E+00  0.00000E+00  0.00000E+00  0.00000E+00  0.00000E+00  0.00000E+00  0.00000E+00  0.00000E+00  0.00000E+00  0.00000E+00  0.00000E+00  0.00000E+00  0.00000E+00  0.00000E+00  0.00000E+00  0.00000E+00  0.00000E+00  0.00000E+00  0.00000E+00  0.00000E+00  0.00000E+00
   29869   3  0.00000E+00  0.00000E+00  0.00000E+00  0.00000E+00  0.00000E+00  0.00000E+00  0.00000E+00  0.00000E+00  0.00000E+00  0.00000E+00  0.00000E+00  0.00000E+00  0.00000E+00  0.00000E+00  0.00000E+00  0.00000E+00  0.00000E+00  0.00000E+00  0.00000E+00  0.00000E+00  0.00000E+00  0.00000E+00  0.00000E+00  0.00000E+00
   15423   5  0.00000E+00  0.00000E+00  0.00000E+00  0.00000E+00  0.00000E+00  0.00000E+00  0.00000E+00  0.00000E+00  0.00000E+00  0.00000E+00  0.00000E+00  0.00000E+00  0.00000E+00  0.00000E+00  0.00000E+00  0.00000E+00  0.00000E+00  0.00000E+00  0.00000E+00  0.00000E+00  0.00000E+00  0.00000E+00  0.00000E+00  0.00000E+00
   15071   2  0.00000E+00  0.00000E+00  0.00000E+00  0.00000E+00  0.00000E+00  0.00000E+00  0.00000E+00  0.00000E+00  0.00000E+00  0.00000E+00  0.00000E+00  0.00000E+00  0.00000E+00  0.00000E+00  0.00000E+00  0.00000E+00  0.00000E+00  0.00000E+00  0.00000E+00  0.00000E+00  0.00000E+00  0.00000E+00  0.00000E+00  0.00000E+00
   15423   3  0.00000E+00  0.00000E+00  0.00000E+00  0.00000E+00  0.00000E+00  0.00000E+00  0.00000E+00  0.00000E+00  0.00000E+00  0.00000E+00  0.00000E+00  0.00000E+00  0.00000E+00  0.00000E+00  0.00000E+00  0.00000E+00  0.00000E+00  0.00000E+00  0.00000E+00  0.00000E+00  0.00000E+00  0.00000E+00  0.00000E+00  0.00000E+00
   15423   2  0.00000E+00  0.00000E+00  0.00000E+00  0.00000E+00  0.00000E+00  0.00000E+00  0.00000E+00  0.00000E+00  0.00000E+00  0.00000E+00  0.00000E+00  0.00000E+00  0.00000E+00  0.00000E+00  0.00000E+00  0.00000E+00  0.00000E+00  0.00000E+00  0.00000E+00  0.00000E+00  0.00000E+00  0.00000E+00  0.00000E+00  0.00000E+00
   29174   3  0.00000E+00  0.00000E+00  0.00000E+00  0.00000E+00  0.00000E+00  0.00000E+00  0.00000E+00  0.00000E+00  0.00000E+00  0.00000E+00  0.00000E+00  0.00000E+00  0.00000E+00  0.00000E+00  0.00000E+00  0.00000E+00  0.00000E+00  0.00000E+00  0.00000E+00  0.00000E+00  0.00000E+00  0.00000E+00  0.00000E+00  0.00000E+00
   29174   2  0.00000E+00  0.00000E+00  0.00000E+00  0.00000E+00  0.00000E+00  0.00000E+00  0.00000E+00  0.00000E+00  0.00000E+00  0.00000E+00  0.00000E+00  0.00000E+00  0.00000E+00  0.00000E+00  0.00000E+00  0.00000E+00  0.00000E+00  0.00000E+00  0.00000E+00  0.00000E+00  0.00000E+00  0.00000E+00  0.00000E+00  0.00000E+00
   28558   3  8.29570E-03  8.29570E-03  8.29570E-03  8.29570E-03  8.29570E-03  4.76168E-03  4.76168E-03  4.76168E-03  4.76168E-03  4.76168E-03  4.76168E-03  4.76168E-03  4.76168E-03  8.29570E-03  8.29570E-03  8.29570E-03  8.29570E-03  8.29570E-03  8.29570E-03  8.29570E-03  8.29570E-03  8.29570E-03  8.29570E-03  8.29570E-03
   28558   4  3.46843E-02  3.46843E-02  3.46843E-02  3.46843E-02  3.46843E-02  3.46843E-02  3.46843E-02  3.46843E-02  3.46843E-02  3.46843E-02  3.46843E-02  3.46843E-02  3.46843E-02  3.46843E-02  3.46843E-02  3.46843E-02  3.46843E-02  3.46843E-02  3.46843E-02  3.46843E-02  3.46843E-02  3.46843E-02  3.46843E-02  3.46843E-02
   28558   2  0.00000E+00  0.00000E+00  0.00000E+00  0.00000E+00  0.00000E+00  0.00000E+00  0.00000E+00  0.00000E+00  0.00000E+00  0.00000E+00  0.00000E+00  0.00000E+00  0.00000E+00  0.00000E+00  0.00000E+00  0.00000E+00  0.00000E+00  0.00000E+00  0.00000E+00  0.00000E+00  0.00000E+00  0.00000E+00  0.00000E+00  0.00000E+00
   28911   3  0.00000E+00  0.00000E+00  0.00000E+00  0.00000E+00  0.00000E+00  0.00000E+00  0.00000E+00  0.00000E+00  0.00000E+00  0.00000E+00  0.00000E+00  0.00000E+00  0.00000E+00  0.00000E+00  0.00000E+00  0.00000E+00  0.00000E+00  0.00000E+00  0.00000E+00  0.00000E+00  0.00000E+00  0.00000E+00  0.00000E+00  0.00000E+00
   29621   4  1.99675E-03  1.99675E-03  1.99675E-03  1.99675E-03  1.99675E-03  1.99675E-03  1.99675E-03  1.99675E-03  1.99675E-03  1.99675E-03  1.99675E-03  1.99675E-03  1.99675E-03  1.99675E-03  1.99675E-03  1.99675E-03  1.99675E-03  1.99675E-03  1.99675E-03  1.99675E-03  1.99675E-03  1.99675E-03  1.99675E-03  1.99675E-03
   29616   7  0.00000E+00  0.00000E+00  0.00000E+00  0.00000E+00  0.00000E+00  0.00000E+00  0.00000E+00  0.00000E+00  0.00000E+00  0.00000E+00  0.00000E+00  0.00000E+00  0.00000E+00  0.00000E+00  0.00000E+00  0.00000E+00  0.00000E+00  0.00000E+00  0.00000E+00  0.00000E+00  0.00000E+00  0.00000E+00  0.00000E+00  0.00000E+00
   28204   3  1.52759E-03  1.52759E-03  1.52759E-03  1.52759E-03  1.52759E-03  0.00000E+00  0.00000E+00  0.00000E+00  0.00000E+00  0.00000E+00  0.00000E+00  0.00000E+00  0.00000E+00  1.52759E-03  1.52759E-03  1.52759E-03  1.52759E-03  1.52759E-03  1.52759E-03  1.52759E-03  1.52759E-03  1.52759E-03  1.52759E-03  1.52759E-03
   28204   4  0.00000E+00  0.00000E+00  0.00000E+00  0.00000E+00  0.00000E+00  0.00000E+00  0.00000E+00  0.00000E+00  0.00000E+00  0.00000E+00  0.00000E+00  0.00000E+00  0.00000E+00  0.00000E+00  0.00000E+00  0.00000E+00  0.00000E+00  0.00000E+00  0.00000E+00  0.00000E+00  0.00000E+00  0.00000E+00  0.00000E+00  0.00000E+00
   28204   7  0.00000E+00  0.00000E+00  0.00000E+00  0.00000E+00  0.00000E+00  0.00000E+00  0.00000E+00  0.00000E+00  0.00000E+00  0.00000E+00  0.00000E+00  0.00000E+00  0.00000E+00  0.00000E+00  0.00000E+00  0.00000E+00  0.00000E+00  0.00000E+00  0.00000E+00  0.00000E+00  0.00000E+00  0.00000E+00  0.00000E+00  0.00000E+00
   28221   3  0.00000E+00  0.00000E+00  0.00000E+00  0.00000E+00  0.00000E+00  0.00000E+00  0.00000E+00  0.00000E+00  0.00000E+00  0.00000E+00  0.00000E+00  0.00000E+00  0.00000E+00  0.00000E+00  0.00000E+00  0.00000E+00  0.00000E+00  0.00000E+00  0.00000E+00  0.00000E+00  0.00000E+00  0.00000E+00  0.00000E+00  0.00000E+00
   28221   2  0.00000E+00  0.00000E+00  0.00000E+00  0.00000E+00  0.00000E+00  0.00000E+00  0.00000E+00  0.00000E+00  0.00000E+00  0.00000E+00  0.00000E+00  0.00000E+00  0.00000E+00  0.00000E+00  0.00000E+00  0.00000E+00  0.00000E+00  0.00000E+00  0.00000E+00  0.00000E+00  0.00000E+00  0.00000E+00  0.00000E+00  0.00000E+00
   36171   3  3.43651E-04  3.43651E-04  3.43651E-04  3.43651E-04  3.43651E-04  3.43651E-04  3.43651E-04  3.43651E-04  3.43651E-04  3.43651E-04  3.43651E-04  3.43651E-04  3.43651E-04  3.43651E-04  3.43651E-04  3.43651E-04  3.43651E-04  3.43651E-04  3.43651E-04  3.43651E-04  3.43651E-04  3.43651E-04  3.43651E-04  3.43651E-04
   34059   3  8.12324E-05  8.12324E-05  8.12324E-05  8.12324E-05  8.12324E-05  8.12324E-05  8.12324E-05  8.12324E-05  8.12324E-05  8.12324E-05  8.12324E-05  8.12324E-05  8.12324E-05  8.12324E-05  8.12324E-05  8.12324E-05  8.12324E-05  8.12324E-05  8.12324E-05  8.12324E-05  8.12324E-05  8.12324E-05  8.12324E-05  8.12324E-05
   34059   7  0.00000E+00  0.00000E+00  0.00000E+00  0.00000E+00  0.00000E+00  0.00000E+00  0.00000E+00  0.00000E+00  0.00000E+00  0.00000E+00  0.00000E+00  0.00000E+00  0.00000E+00  0.00000E+00  0.00000E+00  0.00000E+00  0.00000E+00  0.00000E+00  0.00000E+00  0.00000E+00  0.00000E+00  0.00000E+00  0.00000E+00  0.00000E+00
   35117   4  0.00000E+00  0.00000E+00  0.00000E+00  0.00000E+00  0.00000E+00  0.00000E+00  0.00000E+00  0.00000E+00  0.00000E+00  0.00000E+00  0.00000E+00  0.00000E+00  0.00000E+00  0.00000E+00  0.00000E+00  0.00000E+00  0.00000E+00  0.00000E+00  0.00000E+00  0.00000E+00  0.00000E+00  0.00000E+00  0.00000E+00  0.00000E+00
   37574   3  1.32280E-04  1.32280E-04  1.32280E-04  1.32280E-04  1.32280E-04  1.32280E-04  1.32280E-04  1.32280E-04  1.32280E-04  1.32280E-04  1.32280E-04  1.32280E-04  1.32280E-04  1.32280E-04  1.32280E-04  1.32280E-04  1.32280E-04  1.32280E-04  1.32280E-04  1.32280E-04  1.32280E-04  1.32280E-04  1.32280E-04  1.32280E-04
   37927   3  2.09969E-05  2.09969E-05  2.09969E-05  2.09969E-05  2.09969E-05  2.09969E-05  2.09969E-05  2.09969E-05  2.09969E-05  2.09969E-05  2.09969E-05  2.09969E-05  2.09969E-05  2.09969E-05  2.09969E-05  2.09969E-05  2.09969E-05  2.09969E-05  2.09969E-05  2.09969E-05  2.09969E-05  2.09969E-05  2.09969E-05  2.09969E-05
   34411   3  4.10876E-05  4.10876E-05  4.10876E-05  4.10876E-05  4.10876E-05  4.10876E-05  4.10876E-05  4.10876E-05  4.10876E-05  4.10876E-05  4.10876E-05  4.10876E-05  4.10876E-05  4.10876E-05  4.10876E-05  4.10876E-05  4.10876E-05  4.10876E-05  4.10876E-05  4.10876E-05  4.10876E-05  4.10876E-05  4.10876E-05  4.10876E-05
   34765   3  5.59357E-06  5.59357E-06  5.59357E-06  5.59357E-06  5.59357E-06  5.59357E-06  5.59357E-06  5.59357E-06  5.59357E-06  5.59357E-06  5.59357E-06  5.59357E-06  5.59357E-06  5.59357E-06  5.59357E-06  5.59357E-06  5.59357E-06  5.59357E-06  5.59357E-06  5.59357E-06  5.59357E-06  5.59357E-06  5.59357E-06  5.59357E-06
