HCHO,RADM-2, Emissions
         909 ,2005-03-16_00:00:00,SAT
   47145   3  0.00000E+00  0.00000E+00  0.00000E+00  0.00000E+00  0.00000E+00  0.00000E+00  0.00000E+00  0.00000E+00  0.00000E+00  0.00000E+00  0.00000E+00  0.00000E+00  0.00000E+00  0.00000E+00  0.00000E+00  0.00000E+00  0.00000E+00  0.00000E+00  0.00000E+00  0.00000E+00  0.00000E+00  0.00000E+00  0.00000E+00  0.00000E+00
   46441   2  3.08921E+03  3.08921E+03  3.08921E+03  3.08921E+03  3.08921E+03  3.08921E+03  3.08921E+03  3.08921E+03  3.08921E+03  3.08921E+03  3.08921E+03  3.08921E+03  3.08921E+03  3.08921E+03  3.08921E+03  3.08921E+03  3.08921E+03  3.08921E+03  3.08921E+03  3.08921E+03  3.08921E+03  3.08921E+03  3.08921E+03  3.08921E+03
   46441   3  1.28654E+02  1.28654E+02  1.28654E+02  1.28654E+02  1.28654E+02  1.28654E+02  1.28654E+02  1.28654E+02  1.28654E+02  1.28654E+02  1.28654E+02  1.28654E+02  1.28654E+02  1.28654E+02  1.28654E+02  1.28654E+02  1.28654E+02  1.28654E+02  1.28654E+02  1.28654E+02  1.28654E+02  1.28654E+02  1.28654E+02  1.28654E+02
   76270   4  7.58950E+01  7.58950E+01  7.58950E+01  7.58950E+01  7.58950E+01  7.58950E+01  7.58950E+01  7.58950E+01  7.58950E+01  7.58950E+01  7.58950E+01  7.58950E+01  7.58950E+01  7.58950E+01  7.58950E+01  7.58950E+01  7.58950E+01  7.58950E+01  7.58950E+01  7.58950E+01  7.58950E+01  7.58950E+01  7.58950E+01  7.58950E+01
   76270   3  0.00000E+00  0.00000E+00  0.00000E+00  0.00000E+00  0.00000E+00  0.00000E+00  0.00000E+00  0.00000E+00  0.00000E+00  0.00000E+00  0.00000E+00  0.00000E+00  0.00000E+00  0.00000E+00  0.00000E+00  0.00000E+00  0.00000E+00  0.00000E+00  0.00000E+00  0.00000E+00  0.00000E+00  0.00000E+00  0.00000E+00  0.00000E+00
   76270   7  0.00000E+00  0.00000E+00  0.00000E+00  0.00000E+00  0.00000E+00  0.00000E+00  0.00000E+00  0.00000E+00  0.00000E+00  0.00000E+00  0.00000E+00  0.00000E+00  0.00000E+00  0.00000E+00  0.00000E+00  0.00000E+00  0.00000E+00  0.00000E+00  0.00000E+00  0.00000E+00  0.00000E+00  0.00000E+00  0.00000E+00  0.00000E+00
   79107   3  3.42454E+00  3.42454E+00  3.42454E+00  3.42454E+00  3.42454E+00  3.42454E+00  3.42454E+00  3.42454E+00  3.42454E+00  3.42454E+00  3.42454E+00  3.42454E+00  3.42454E+00  3.42454E+00  3.42454E+00  4.57242E+01  4.57242E+01  4.57242E+01  4.57242E+01  4.57242E+01  4.57242E+01  4.57242E+01  4.57242E+01  3.42454E+00
   79108   3  0.00000E+00  0.00000E+00  0.00000E+00  0.00000E+00  0.00000E+00  0.00000E+00  0.00000E+00  0.00000E+00  0.00000E+00  0.00000E+00  0.00000E+00  0.00000E+00  0.00000E+00  0.00000E+00  0.00000E+00  0.00000E+00  0.00000E+00  0.00000E+00  0.00000E+00  0.00000E+00  0.00000E+00  0.00000E+00  0.00000E+00  0.00000E+00
   72399   3  8.61788E-04  8.61788E-04  8.61788E-04  8.61788E-04  8.61788E-04  8.61788E-04  8.61788E-04  8.61788E-04  8.61788E-04  8.61788E-04  8.61788E-04  8.61788E-04  8.61788E-04  8.61788E-04  8.61788E-04  8.61788E-04  8.61788E-04  8.61788E-04  8.61788E-04  8.61788E-04  8.61788E-04  8.61788E-04  8.61788E-04  8.61788E-04
   79107   4  2.87913E-01  2.87913E-01  2.87913E-01  2.87913E-01  2.87913E-01  2.87913E-01  2.87913E-01  2.87913E-01  2.87913E-01  2.87913E-01  2.87913E-01  2.87913E-01  2.87913E-01  2.87913E-01  2.87913E-01  2.87913E-01  2.87913E-01  2.87913E-01  2.87913E-01  2.87913E-01  2.87913E-01  2.87913E-01  2.87913E-01  2.87913E-01
   79106   4  4.08644E-01  4.08644E-01  4.08644E-01  4.08644E-01  4.08644E-01  4.08644E-01  4.08644E-01  4.08644E-01  4.08644E-01  4.08644E-01  4.08644E-01  4.08644E-01  4.08644E-01  4.08644E-01  4.08644E-01  4.08644E-01  4.08644E-01  4.08644E-01  4.08644E-01  4.08644E-01  4.08644E-01  4.08644E-01  4.08644E-01  4.08644E-01
   78754   3  1.50845E-03  1.50845E-03  1.50845E-03  1.50845E-03  1.50845E-03  1.50845E-03  1.50845E-03  1.50845E-03  1.50845E-03  1.50845E-03  1.50845E-03  1.50845E-03  1.50845E-03  1.50845E-03  1.50845E-03  1.50845E-03  1.50845E-03  1.50845E-03  1.50845E-03  1.50845E-03  1.50845E-03  1.50845E-03  1.50845E-03  1.50845E-03
   78754   4  2.71320E+00  2.71320E+00  2.71320E+00  2.71320E+00  2.71320E+00  2.71320E+00  2.71320E+00  2.71320E+00  2.71320E+00  2.71320E+00  2.71320E+00  2.71320E+00  2.71320E+00  2.71320E+00  2.71320E+00  2.71320E+00  2.71320E+00  2.71320E+00  2.71320E+00  2.71320E+00  2.71320E+00  2.71320E+00  2.71320E+00  2.71320E+00
   78755   3  0.00000E+00  0.00000E+00  0.00000E+00  0.00000E+00  0.00000E+00  0.00000E+00  0.00000E+00  0.00000E+00  0.00000E+00  0.00000E+00  0.00000E+00  0.00000E+00  0.00000E+00  0.00000E+00  0.00000E+00  0.00000E+00  0.00000E+00  0.00000E+00  0.00000E+00  0.00000E+00  0.00000E+00  0.00000E+00  0.00000E+00  0.00000E+00
   79107   7  0.00000E+00  0.00000E+00  0.00000E+00  0.00000E+00  0.00000E+00  0.00000E+00  0.00000E+00  0.00000E+00  0.00000E+00  0.00000E+00  0.00000E+00  0.00000E+00  0.00000E+00  0.00000E+00  0.00000E+00  3.28550E+00  3.28550E+00  3.28550E+00  3.28550E+00  3.28550E+00  3.28550E+00  3.28550E+00  3.28550E+00  0.00000E+00
   78738   4  0.00000E+00  0.00000E+00  0.00000E+00  0.00000E+00  0.00000E+00  0.00000E+00  0.00000E+00  0.00000E+00  0.00000E+00  0.00000E+00  0.00000E+00  0.00000E+00  0.00000E+00  0.00000E+00  0.00000E+00  0.00000E+00  0.00000E+00  0.00000E+00  0.00000E+00  0.00000E+00  0.00000E+00  0.00000E+00  0.00000E+00  0.00000E+00
   78383   3  0.00000E+00  0.00000E+00  0.00000E+00  0.00000E+00  0.00000E+00  0.00000E+00  0.00000E+00  0.00000E+00  0.00000E+00  0.00000E+00  0.00000E+00  0.00000E+00  0.00000E+00  0.00000E+00  0.00000E+00  0.00000E+00  0.00000E+00  0.00000E+00  0.00000E+00  0.00000E+00  0.00000E+00  0.00000E+00  0.00000E+00  0.00000E+00
   78383   2  0.00000E+00  0.00000E+00  0.00000E+00  0.00000E+00  0.00000E+00  0.00000E+00  0.00000E+00  0.00000E+00  0.00000E+00  0.00000E+00  0.00000E+00  0.00000E+00  0.00000E+00  0.00000E+00  0.00000E+00  0.00000E+00  0.00000E+00  0.00000E+00  0.00000E+00  0.00000E+00  0.00000E+00  0.00000E+00  0.00000E+00  0.00000E+00
   78383   6  0.00000E+00  0.00000E+00  0.00000E+00  0.00000E+00  0.00000E+00  0.00000E+00  0.00000E+00  0.00000E+00  0.00000E+00  0.00000E+00  0.00000E+00  0.00000E+00  0.00000E+00  0.00000E+00  0.00000E+00  0.00000E+00  0.00000E+00  0.00000E+00  0.00000E+00  0.00000E+00  0.00000E+00  0.00000E+00  0.00000E+00  0.00000E+00
   78032   5  0.00000E+00  0.00000E+00  0.00000E+00  0.00000E+00  0.00000E+00  0.00000E+00  0.00000E+00  0.00000E+00  0.00000E+00  0.00000E+00  0.00000E+00  0.00000E+00  0.00000E+00  0.00000E+00  0.00000E+00  0.00000E+00  0.00000E+00  0.00000E+00  0.00000E+00  0.00000E+00  0.00000E+00  0.00000E+00  0.00000E+00  0.00000E+00
   51367   3  1.53626E-03  1.53626E-03  1.53626E-03  1.53626E-03  1.53626E-03  1.53626E-03  1.53626E-03  1.53626E-03  1.53626E-03  1.53626E-03  1.53626E-03  1.53626E-03  1.53626E-03  1.53626E-03  1.53626E-03  1.53626E-03  1.53626E-03  1.53626E-03  1.53626E-03  1.53626E-03  1.53626E-03  1.53626E-03  1.53626E-03  1.53626E-03
   52419   3  0.00000E+00  0.00000E+00  0.00000E+00  0.00000E+00  0.00000E+00  0.00000E+00  0.00000E+00  0.00000E+00  0.00000E+00  0.00000E+00  0.00000E+00  0.00000E+00  0.00000E+00  0.00000E+00  0.00000E+00  0.00000E+00  0.00000E+00  0.00000E+00  0.00000E+00  0.00000E+00  0.00000E+00  0.00000E+00  0.00000E+00  0.00000E+00
   47111   3  1.25930E-02  1.24067E-02  1.17145E-02  1.05696E-02  9.37157E-03  7.92193E-03  7.33512E-03  7.04172E-03  6.94391E-03  7.13952E-03  7.72633E-03  8.65544E-03  9.85351E-03  1.05870E-02  1.11738E-02  1.16873E-02  1.18829E-02  1.20785E-02  1.21518E-02  1.22497E-02  1.22252E-02  1.21518E-02  1.19562E-02  1.16628E-02
   52073   4  1.80736E-02  1.80736E-02  1.80736E-02  1.80736E-02  1.80736E-02  1.80736E-02  1.80736E-02  1.80736E-02  1.80736E-02  1.80736E-02  1.80736E-02  1.80736E-02  1.80736E-02  1.80736E-02  1.80736E-02  1.80736E-02  1.80736E-02  1.80736E-02  1.80736E-02  1.80736E-02  1.80736E-02  1.80736E-02  1.80736E-02  1.80736E-02
   52073   3  1.57413E-02  1.55083E-02  1.46431E-02  1.32120E-02  1.17145E-02  9.90241E-03  9.16890E-03  8.80214E-03  8.67989E-03  8.92440E-03  9.65791E-03  1.08193E-02  1.23169E-02  5.53967E-01  5.54701E-01  5.55343E-01  5.55587E-01  5.55832E-01  5.55923E-01  5.56046E-01  5.56015E-01  1.51898E-02  1.49453E-02  1.45786E-02
   52073   1  0.00000E+00  0.00000E+00  0.00000E+00  0.00000E+00  0.00000E+00  0.00000E+00  0.00000E+00  0.00000E+00  0.00000E+00  0.00000E+00  0.00000E+00  0.00000E+00  0.00000E+00  0.00000E+00  0.00000E+00  0.00000E+00  0.00000E+00  0.00000E+00  0.00000E+00  0.00000E+00  0.00000E+00  0.00000E+00  0.00000E+00  0.00000E+00
   52073   2  1.47049E+02  1.47049E+02  1.47049E+02  1.47049E+02  1.47049E+02  1.47049E+02  1.47049E+02  1.47049E+02  1.47049E+02  1.47049E+02  1.47049E+02  1.47049E+02  1.47049E+02  1.47049E+02  1.47049E+02  1.47049E+02  1.47049E+02  1.47049E+02  1.47049E+02  1.47049E+02  1.47049E+02  1.47049E+02  1.47049E+02  1.47049E+02
   52076   7  0.00000E+00  0.00000E+00  0.00000E+00  0.00000E+00  0.00000E+00  0.00000E+00  0.00000E+00  0.00000E+00  0.00000E+00  0.00000E+00  0.00000E+00  0.00000E+00  0.00000E+00  0.00000E+00  0.00000E+00  0.00000E+00  0.00000E+00  0.00000E+00  0.00000E+00  0.00000E+00  0.00000E+00  0.00000E+00  0.00000E+00  0.00000E+00
   56308   3  0.00000E+00  0.00000E+00  0.00000E+00  0.00000E+00  0.00000E+00  0.00000E+00  0.00000E+00  0.00000E+00  0.00000E+00  0.00000E+00  0.00000E+00  0.00000E+00  0.00000E+00  0.00000E+00  0.00000E+00  0.00000E+00  0.00000E+00  0.00000E+00  0.00000E+00  0.00000E+00  0.00000E+00  0.00000E+00  0.00000E+00  0.00000E+00
   57719   2  7.69618E-05  7.69618E-05  7.69618E-05  7.69618E-05  7.69618E-05  7.69618E-05  7.69618E-05  7.69618E-05  7.69618E-05  7.69618E-05  7.69618E-05  7.69618E-05  7.69618E-05  7.69618E-05  7.69618E-05  7.69618E-05  7.69618E-05  7.69618E-05  7.69618E-05  7.69618E-05  7.69618E-05  7.69618E-05  7.69618E-05  7.69618E-05
   58787   3  0.00000E+00  0.00000E+00  0.00000E+00  0.00000E+00  0.00000E+00  0.00000E+00  0.00000E+00  0.00000E+00  0.00000E+00  0.00000E+00  0.00000E+00  0.00000E+00  0.00000E+00  0.00000E+00  0.00000E+00  0.00000E+00  0.00000E+00  0.00000E+00  0.00000E+00  0.00000E+00  0.00000E+00  0.00000E+00  0.00000E+00  0.00000E+00
   58787   2  0.00000E+00  0.00000E+00  0.00000E+00  0.00000E+00  0.00000E+00  0.00000E+00  0.00000E+00  0.00000E+00  0.00000E+00  0.00000E+00  0.00000E+00  0.00000E+00  0.00000E+00  0.00000E+00  0.00000E+00  0.00000E+00  0.00000E+00  0.00000E+00  0.00000E+00  0.00000E+00  0.00000E+00  0.00000E+00  0.00000E+00  0.00000E+00
   52405   4  0.00000E+00  0.00000E+00  0.00000E+00  0.00000E+00  0.00000E+00  0.00000E+00  0.00000E+00  0.00000E+00  0.00000E+00  0.00000E+00  0.00000E+00  0.00000E+00  0.00000E+00  0.00000E+00  0.00000E+00  0.00000E+00  0.00000E+00  0.00000E+00  0.00000E+00  0.00000E+00  0.00000E+00  0.00000E+00  0.00000E+00  0.00000E+00
   53828   3  0.00000E+00  0.00000E+00  0.00000E+00  0.00000E+00  0.00000E+00  0.00000E+00  0.00000E+00  0.00000E+00  0.00000E+00  0.00000E+00  0.00000E+00  0.00000E+00  0.00000E+00  0.00000E+00  0.00000E+00  0.00000E+00  0.00000E+00  0.00000E+00  0.00000E+00  0.00000E+00  0.00000E+00  0.00000E+00  0.00000E+00  0.00000E+00
   59849   3  1.04837E-01  1.04837E-01  1.04837E-01  1.04837E-01  1.04837E-01  1.04837E-01  1.04837E-01  1.04837E-01  1.04837E-01  1.04837E-01  1.04837E-01  1.04837E-01  1.04837E-01  1.04837E-01  1.04837E-01  1.04837E-01  1.04837E-01  1.04837E-01  1.04837E-01  1.04837E-01  1.04837E-01  1.04837E-01  1.04837E-01  1.04837E-01
   59849   4  1.58777E-01  1.58777E-01  1.58777E-01  1.58777E-01  1.58777E-01  1.58777E-01  1.58777E-01  1.58777E-01  1.58777E-01  1.58777E-01  1.58777E-01  1.58777E-01  1.58777E-01  1.58777E-01  1.58777E-01  1.58777E-01  1.58777E-01  1.58777E-01  1.58777E-01  1.58777E-01  1.58777E-01  1.58777E-01  1.58777E-01  1.58777E-01
   46431   3  0.00000E+00  0.00000E+00  0.00000E+00  0.00000E+00  0.00000E+00  0.00000E+00  0.00000E+00  0.00000E+00  0.00000E+00  0.00000E+00  0.00000E+00  0.00000E+00  0.00000E+00  0.00000E+00  0.00000E+00  0.00000E+00  0.00000E+00  0.00000E+00  0.00000E+00  0.00000E+00  0.00000E+00  0.00000E+00  0.00000E+00  0.00000E+00
   46078   4  6.68823E-04  6.68823E-04  6.68823E-04  6.68823E-04  6.68823E-04  6.68823E-04  6.68823E-04  6.68823E-04  6.68823E-04  6.68823E-04  6.68823E-04  6.68823E-04  6.68823E-04  6.68823E-04  6.68823E-04  6.68823E-04  6.68823E-04  6.68823E-04  6.68823E-04  6.68823E-04  6.68823E-04  6.68823E-04  6.68823E-04  6.68823E-04
   46078   3  0.00000E+00  0.00000E+00  0.00000E+00  0.00000E+00  0.00000E+00  0.00000E+00  0.00000E+00  0.00000E+00  0.00000E+00  0.00000E+00  0.00000E+00  0.00000E+00  0.00000E+00  0.00000E+00  0.00000E+00  0.00000E+00  0.00000E+00  0.00000E+00  0.00000E+00  0.00000E+00  0.00000E+00  0.00000E+00  0.00000E+00  0.00000E+00
   46078   7  0.00000E+00  0.00000E+00  0.00000E+00  0.00000E+00  0.00000E+00  0.00000E+00  0.00000E+00  0.00000E+00  0.00000E+00  0.00000E+00  0.00000E+00  0.00000E+00  0.00000E+00  8.81775E+00  8.81775E+00  8.81775E+00  8.81775E+00  8.81775E+00  8.81775E+00  8.81775E+00  8.81775E+00  0.00000E+00  0.00000E+00  0.00000E+00
   47835   2  7.15821E-01  7.15821E-01  7.15821E-01  7.15821E-01  7.15821E-01  7.15821E-01  7.15821E-01  7.15821E-01  7.15821E-01  7.15821E-01  7.15821E-01  7.15821E-01  7.15821E-01  7.15821E-01  7.15821E-01  7.15821E-01  7.15821E-01  7.15821E-01  7.15821E-01  7.15821E-01  7.15821E-01  7.15821E-01  7.15821E-01  7.15821E-01
   47835   8  3.90072E-02  3.90072E-02  3.90072E-02  3.90072E-02  3.90072E-02  3.90072E-02  3.90072E-02  3.90072E-02  3.90072E-02  3.90072E-02  3.90072E-02  3.90072E-02  3.90072E-02  3.90072E-02  3.90072E-02  3.90072E-02  3.90072E-02  3.90072E-02  3.90072E-02  3.90072E-02  3.90072E-02  3.90072E-02  3.90072E-02  3.90072E-02
   47835   3  1.74410E-02  1.74410E-02  1.74410E-02  1.74410E-02  1.74410E-02  1.74410E-02  1.74410E-02  1.74410E-02  1.74410E-02  1.74410E-02  1.74410E-02  1.74410E-02  1.74410E-02  1.74410E-02  1.74410E-02  1.74410E-02  1.74410E-02  1.74410E-02  1.74410E-02  1.74410E-02  1.74410E-02  1.74410E-02  1.74410E-02  1.74410E-02
   56665   7  0.00000E+00  0.00000E+00  0.00000E+00  0.00000E+00  0.00000E+00  0.00000E+00  0.00000E+00  0.00000E+00  0.00000E+00  0.00000E+00  0.00000E+00  0.00000E+00  0.00000E+00  0.00000E+00  0.00000E+00  0.00000E+00  0.00000E+00  0.00000E+00  0.00000E+00  0.00000E+00  0.00000E+00  0.00000E+00  0.00000E+00  0.00000E+00
   45724   4  1.43550E-01  1.43550E-01  1.43550E-01  1.43550E-01  1.43550E-01  1.43550E-01  1.43550E-01  1.43550E-01  1.43550E-01  1.43550E-01  1.43550E-01  1.43550E-01  1.43550E-01  1.43550E-01  1.43550E-01  1.43550E-01  1.43550E-01  1.43550E-01  1.43550E-01  1.43550E-01  1.43550E-01  1.43550E-01  1.43550E-01  1.43550E-01
   45724   3  0.00000E+00  0.00000E+00  0.00000E+00  0.00000E+00  0.00000E+00  0.00000E+00  0.00000E+00  0.00000E+00  0.00000E+00  0.00000E+00  0.00000E+00  0.00000E+00  0.00000E+00  7.97970E-02  7.97970E-02  7.97970E-02  7.97970E-02  7.97970E-02  7.97970E-02  7.97970E-02  7.97970E-02  0.00000E+00  0.00000E+00  0.00000E+00
   44664   7  0.00000E+00  0.00000E+00  0.00000E+00  0.00000E+00  0.00000E+00  0.00000E+00  0.00000E+00  0.00000E+00  0.00000E+00  0.00000E+00  0.00000E+00  0.00000E+00  0.00000E+00  6.37244E-02  6.37244E-02  6.37244E-02  6.37244E-02  6.37244E-02  6.37244E-02  6.37244E-02  6.37244E-02  0.00000E+00  0.00000E+00  0.00000E+00
   45724   7  0.00000E+00  0.00000E+00  0.00000E+00  0.00000E+00  0.00000E+00  0.00000E+00  0.00000E+00  0.00000E+00  0.00000E+00  0.00000E+00  0.00000E+00  0.00000E+00  0.00000E+00  0.00000E+00  0.00000E+00  0.00000E+00  0.00000E+00  0.00000E+00  0.00000E+00  0.00000E+00  0.00000E+00  0.00000E+00  0.00000E+00  0.00000E+00
   56311   3  1.52765E+01  1.52765E+01  1.52765E+01  1.52765E+01  1.52765E+01  1.52765E+01  1.52765E+01  1.52765E+01  1.52765E+01  1.52765E+01  1.52765E+01  1.52765E+01  1.52765E+01  1.52765E+01  1.52765E+01  1.52765E+01  1.52765E+01  1.52765E+01  1.52765E+01  1.52765E+01  1.52765E+01  1.52765E+01  1.52765E+01  1.52765E+01
   46050   3  3.12984E-01  3.12984E-01  3.12984E-01  3.12984E-01  3.12984E-01  3.12984E-01  3.12984E-01  3.12984E-01  3.12984E-01  3.12984E-01  3.12984E-01  3.12984E-01  3.12984E-01  4.50816E-01  4.50816E-01  4.50816E-01  4.50816E-01  4.50816E-01  4.50816E-01  4.50816E-01  4.50816E-01  3.12984E-01  3.12984E-01  3.12984E-01
   46050   4  1.10514E-01  1.10514E-01  1.10514E-01  1.10514E-01  1.10514E-01  1.10514E-01  1.10514E-01  1.10514E-01  1.10514E-01  1.10514E-01  1.10514E-01  1.10514E-01  1.10514E-01  1.10514E-01  1.10514E-01  1.10514E-01  1.10514E-01  1.10514E-01  1.10514E-01  1.10514E-01  1.10514E-01  1.10514E-01  1.10514E-01  1.10514E-01
   46050   2  0.00000E+00  0.00000E+00  0.00000E+00  0.00000E+00  0.00000E+00  0.00000E+00  0.00000E+00  0.00000E+00  0.00000E+00  0.00000E+00  0.00000E+00  0.00000E+00  0.00000E+00  0.00000E+00  0.00000E+00  0.00000E+00  0.00000E+00  0.00000E+00  0.00000E+00  0.00000E+00  0.00000E+00  0.00000E+00  0.00000E+00  0.00000E+00
   46051   4  0.00000E+00  0.00000E+00  0.00000E+00  0.00000E+00  0.00000E+00  0.00000E+00  0.00000E+00  0.00000E+00  0.00000E+00  0.00000E+00  0.00000E+00  0.00000E+00  0.00000E+00  0.00000E+00  0.00000E+00  0.00000E+00  0.00000E+00  0.00000E+00  0.00000E+00  0.00000E+00  0.00000E+00  0.00000E+00  0.00000E+00  0.00000E+00
   71070   3  0.00000E+00  0.00000E+00  0.00000E+00  0.00000E+00  0.00000E+00  0.00000E+00  0.00000E+00  0.00000E+00  0.00000E+00  0.00000E+00  0.00000E+00  0.00000E+00  0.00000E+00  0.00000E+00  0.00000E+00  0.00000E+00  0.00000E+00  0.00000E+00  0.00000E+00  0.00000E+00  0.00000E+00  0.00000E+00  0.00000E+00  0.00000E+00
   55562   4  0.00000E+00  0.00000E+00  0.00000E+00  0.00000E+00  0.00000E+00  0.00000E+00  0.00000E+00  0.00000E+00  0.00000E+00  0.00000E+00  0.00000E+00  0.00000E+00  0.00000E+00  0.00000E+00  0.00000E+00  0.00000E+00  0.00000E+00  0.00000E+00  0.00000E+00  0.00000E+00  0.00000E+00  0.00000E+00  0.00000E+00  0.00000E+00
   59075   4  0.00000E+00  0.00000E+00  0.00000E+00  0.00000E+00  0.00000E+00  0.00000E+00  0.00000E+00  0.00000E+00  0.00000E+00  0.00000E+00  0.00000E+00  0.00000E+00  0.00000E+00  0.00000E+00  0.00000E+00  0.00000E+00  0.00000E+00  0.00000E+00  0.00000E+00  0.00000E+00  0.00000E+00  0.00000E+00  0.00000E+00  0.00000E+00
   57669   3  0.00000E+00  0.00000E+00  0.00000E+00  0.00000E+00  0.00000E+00  0.00000E+00  0.00000E+00  0.00000E+00  0.00000E+00  0.00000E+00  0.00000E+00  0.00000E+00  0.00000E+00  0.00000E+00  0.00000E+00  0.00000E+00  0.00000E+00  0.00000E+00  0.00000E+00  0.00000E+00  0.00000E+00  0.00000E+00  0.00000E+00  0.00000E+00
   59789   3  2.42991E-03  2.41470E-03  2.38808E-03  2.28919E-03  2.12564E-03  1.95449E-03  1.74740E-03  1.66357E-03  1.62165E-03  1.60768E-03  1.63563E-03  1.71946E-03  1.85219E-03  2.02334E-03  7.60051E+01  7.60052E+01  7.60053E+01  7.60053E+01  7.60053E+01  7.60053E+01  7.60054E+01  7.60054E+01  2.35167E-03  2.32373E-03
   59789   4  1.48475E-01  1.48475E-01  1.48475E-01  1.48475E-01  1.48475E-01  1.48475E-01  1.48475E-01  1.48475E-01  1.48475E-01  1.48475E-01  1.48475E-01  1.48475E-01  1.48475E-01  1.48475E-01  1.48475E-01  1.48475E-01  1.48475E-01  1.48475E-01  1.48475E-01  1.48475E-01  1.48475E-01  1.48475E-01  1.48475E-01  1.48475E-01
   59437   5  0.00000E+00  0.00000E+00  0.00000E+00  0.00000E+00  0.00000E+00  0.00000E+00  0.00000E+00  0.00000E+00  0.00000E+00  0.00000E+00  0.00000E+00  0.00000E+00  0.00000E+00  0.00000E+00  0.00000E+00  0.00000E+00  0.00000E+00  0.00000E+00  0.00000E+00  0.00000E+00  0.00000E+00  0.00000E+00  0.00000E+00  0.00000E+00
   57677   2  0.00000E+00  0.00000E+00  0.00000E+00  0.00000E+00  0.00000E+00  0.00000E+00  0.00000E+00  0.00000E+00  0.00000E+00  0.00000E+00  0.00000E+00  0.00000E+00  0.00000E+00  0.00000E+00  0.00000E+00  0.00000E+00  0.00000E+00  0.00000E+00  0.00000E+00  0.00000E+00  0.00000E+00  0.00000E+00  0.00000E+00  0.00000E+00
   57677   4  0.00000E+00  0.00000E+00  0.00000E+00  0.00000E+00  0.00000E+00  0.00000E+00  0.00000E+00  0.00000E+00  0.00000E+00  0.00000E+00  0.00000E+00  0.00000E+00  0.00000E+00  0.00000E+00  0.00000E+00  0.00000E+00  0.00000E+00  0.00000E+00  0.00000E+00  0.00000E+00  0.00000E+00  0.00000E+00  0.00000E+00  0.00000E+00
   57677   3  0.00000E+00  0.00000E+00  0.00000E+00  0.00000E+00  0.00000E+00  0.00000E+00  0.00000E+00  0.00000E+00  0.00000E+00  0.00000E+00  0.00000E+00  0.00000E+00  0.00000E+00  0.00000E+00  0.00000E+00  0.00000E+00  0.00000E+00  0.00000E+00  0.00000E+00  0.00000E+00  0.00000E+00  0.00000E+00  0.00000E+00  0.00000E+00
   52380   7  0.00000E+00  0.00000E+00  0.00000E+00  0.00000E+00  0.00000E+00  0.00000E+00  0.00000E+00  0.00000E+00  0.00000E+00  0.00000E+00  0.00000E+00  0.00000E+00  0.00000E+00  0.00000E+00  0.00000E+00  0.00000E+00  0.00000E+00  0.00000E+00  0.00000E+00  0.00000E+00  0.00000E+00  0.00000E+00  0.00000E+00  0.00000E+00
   52380   3  0.00000E+00  0.00000E+00  0.00000E+00  0.00000E+00  0.00000E+00  0.00000E+00  0.00000E+00  0.00000E+00  0.00000E+00  0.00000E+00  0.00000E+00  0.00000E+00  0.00000E+00  0.00000E+00  5.51325E-01  5.51325E-01  5.51325E-01  5.51325E-01  5.51325E-01  5.51325E-01  5.51325E-01  5.51325E-01  0.00000E+00  0.00000E+00
   73199   3  1.06023E+00  1.06023E+00  1.06023E+00  1.06023E+00  1.06023E+00  1.06023E+00  1.06023E+00  1.06023E+00  1.06023E+00  1.06023E+00  1.06023E+00  1.06023E+00  1.06023E+00  1.06023E+00  1.21735E+02  1.21735E+02  1.21735E+02  1.21735E+02  1.21735E+02  1.21735E+02  1.21735E+02  1.21735E+02  1.06023E+00  1.06023E+00
   71434   3  0.00000E+00  0.00000E+00  0.00000E+00  0.00000E+00  0.00000E+00  0.00000E+00  0.00000E+00  0.00000E+00  0.00000E+00  0.00000E+00  0.00000E+00  0.00000E+00  0.00000E+00  0.00000E+00  0.00000E+00  0.00000E+00  0.00000E+00  0.00000E+00  0.00000E+00  0.00000E+00  0.00000E+00  0.00000E+00  0.00000E+00  0.00000E+00
   71434   2  2.14920E+00  2.13333E+00  2.10557E+00  2.00243E+00  1.83185E+00  1.65333E+00  1.43734E+00  1.34990E+00  1.30619E+00  1.29161E+00  1.32076E+00  1.40819E+00  1.54663E+00  1.72514E+00  1.83444E+00  1.92187E+00  1.99838E+00  2.02752E+00  2.05667E+00  2.06760E+00  2.08217E+00  2.07853E+00  2.06760E+00  2.03845E+00
   73199   2  0.00000E+00  0.00000E+00  0.00000E+00  0.00000E+00  0.00000E+00  0.00000E+00  0.00000E+00  0.00000E+00  0.00000E+00  0.00000E+00  0.00000E+00  0.00000E+00  0.00000E+00  0.00000E+00  0.00000E+00  0.00000E+00  0.00000E+00  0.00000E+00  0.00000E+00  0.00000E+00  0.00000E+00  0.00000E+00  0.00000E+00  0.00000E+00
   73199   4  8.43498E+00  8.43498E+00  8.43498E+00  8.43498E+00  8.43498E+00  8.43498E+00  8.43498E+00  8.43498E+00  8.43498E+00  8.43498E+00  8.43498E+00  8.43498E+00  8.43498E+00  8.43498E+00  8.43498E+00  8.43498E+00  8.43498E+00  8.43498E+00  8.43498E+00  8.43498E+00  8.43498E+00  8.43498E+00  8.43498E+00  8.43498E+00
   72847   4  8.40423E-02  8.40423E-02  8.40423E-02  8.40423E-02  8.40423E-02  8.40423E-02  8.40423E-02  8.40423E-02  8.40423E-02  8.40423E-02  8.40423E-02  8.40423E-02  8.40423E-02  8.40423E-02  8.40423E-02  8.40423E-02  8.40423E-02  8.40423E-02  8.40423E-02  8.40423E-02  8.40423E-02  8.40423E-02  8.40423E-02  8.40423E-02
   72846   3  0.00000E+00  0.00000E+00  0.00000E+00  0.00000E+00  0.00000E+00  0.00000E+00  0.00000E+00  0.00000E+00  0.00000E+00  0.00000E+00  0.00000E+00  0.00000E+00  0.00000E+00  0.00000E+00  4.29696E-02  4.29696E-02  4.29696E-02  4.29696E-02  4.29696E-02  4.29696E-02  4.29696E-02  4.29696E-02  0.00000E+00  0.00000E+00
   72846   4  0.00000E+00  0.00000E+00  0.00000E+00  0.00000E+00  0.00000E+00  0.00000E+00  0.00000E+00  0.00000E+00  0.00000E+00  0.00000E+00  0.00000E+00  0.00000E+00  0.00000E+00  0.00000E+00  0.00000E+00  0.00000E+00  0.00000E+00  0.00000E+00  0.00000E+00  0.00000E+00  0.00000E+00  0.00000E+00  0.00000E+00  0.00000E+00
   73200   4  2.84298E+00  2.84298E+00  2.84298E+00  2.84298E+00  2.84298E+00  2.84298E+00  2.84298E+00  2.84298E+00  2.84298E+00  2.84298E+00  2.84298E+00  2.84298E+00  2.84298E+00  2.84298E+00  2.84298E+00  2.84298E+00  2.84298E+00  2.84298E+00  2.84298E+00  2.84298E+00  2.84298E+00  2.84298E+00  2.84298E+00  2.84298E+00
   72845   4  1.70344E-01  1.70344E-01  1.70344E-01  1.70344E-01  1.70344E-01  1.70344E-01  1.70344E-01  1.70344E-01  1.70344E-01  1.70344E-01  1.70344E-01  1.70344E-01  1.70344E-01  1.70344E-01  1.70344E-01  1.70344E-01  1.70344E-01  1.70344E-01  1.70344E-01  1.70344E-01  1.70344E-01  1.70344E-01  1.70344E-01  1.70344E-01
   72139   7  0.00000E+00  0.00000E+00  0.00000E+00  0.00000E+00  0.00000E+00  0.00000E+00  0.00000E+00  0.00000E+00  0.00000E+00  0.00000E+00  0.00000E+00  0.00000E+00  0.00000E+00  0.00000E+00  0.00000E+00  0.00000E+00  0.00000E+00  0.00000E+00  0.00000E+00  0.00000E+00  0.00000E+00  0.00000E+00  0.00000E+00  0.00000E+00
   57997   3  3.91722E-04  3.91722E-04  3.91722E-04  3.91722E-04  3.91722E-04  3.91722E-04  3.91722E-04  3.91722E-04  3.91722E-04  3.91722E-04  3.91722E-04  3.91722E-04  3.91722E-04  3.91722E-04  3.91722E-04  3.91722E-04  3.91722E-04  3.91722E-04  3.91722E-04  3.91722E-04  3.91722E-04  3.91722E-04  3.91722E-04  3.91722E-04
   51672   3  0.00000E+00  0.00000E+00  0.00000E+00  0.00000E+00  0.00000E+00  0.00000E+00  0.00000E+00  0.00000E+00  0.00000E+00  0.00000E+00  0.00000E+00  0.00000E+00  0.00000E+00  0.00000E+00  0.00000E+00  0.00000E+00  0.00000E+00  0.00000E+00  0.00000E+00  0.00000E+00  0.00000E+00  0.00000E+00  0.00000E+00  0.00000E+00
   56265   3  2.35033E-04  2.35033E-04  2.35033E-04  2.35033E-04  2.35033E-04  2.35033E-04  2.35033E-04  2.35033E-04  2.35033E-04  2.35033E-04  2.35033E-04  2.35033E-04  2.35033E-04  2.35033E-04  2.35033E-04  2.35033E-04  2.35033E-04  2.35033E-04  2.35033E-04  2.35033E-04  2.35033E-04  2.35033E-04  2.35033E-04  2.35033E-04
   46793   2  0.00000E+00  0.00000E+00  0.00000E+00  0.00000E+00  0.00000E+00  0.00000E+00  0.00000E+00  0.00000E+00  0.00000E+00  0.00000E+00  0.00000E+00  0.00000E+00  0.00000E+00  0.00000E+00  0.00000E+00  0.00000E+00  0.00000E+00  0.00000E+00  0.00000E+00  0.00000E+00  0.00000E+00  0.00000E+00  0.00000E+00  0.00000E+00
   47145   7  0.00000E+00  0.00000E+00  0.00000E+00  0.00000E+00  0.00000E+00  0.00000E+00  0.00000E+00  0.00000E+00  0.00000E+00  0.00000E+00  0.00000E+00  0.00000E+00  0.00000E+00  0.00000E+00  0.00000E+00  0.00000E+00  0.00000E+00  0.00000E+00  0.00000E+00  0.00000E+00  0.00000E+00  0.00000E+00  0.00000E+00  0.00000E+00
   47145   4  4.96329E-02  4.96329E-02  4.96329E-02  4.96329E-02  4.96329E-02  4.96329E-02  4.96329E-02  4.96329E-02  4.96329E-02  4.96329E-02  4.96329E-02  4.96329E-02  4.96329E-02  4.96329E-02  4.96329E-02  4.96329E-02  4.96329E-02  4.96329E-02  4.96329E-02  4.96329E-02  4.96329E-02  4.96329E-02  4.96329E-02  4.96329E-02
   46441   1  6.04470E+02  6.04470E+02  6.04470E+02  6.04470E+02  6.04470E+02  6.04470E+02  6.04470E+02  6.04470E+02  6.04470E+02  6.04470E+02  6.04470E+02  6.04470E+02  6.04470E+02  6.04470E+02  6.04470E+02  6.04470E+02  6.04470E+02  6.04470E+02  6.04470E+02  6.04470E+02  6.04470E+02  6.04470E+02  6.04470E+02  6.04470E+02
   46089   7  0.00000E+00  0.00000E+00  0.00000E+00  0.00000E+00  0.00000E+00  0.00000E+00  0.00000E+00  0.00000E+00  0.00000E+00  0.00000E+00  0.00000E+00  0.00000E+00  0.00000E+00  0.00000E+00  0.00000E+00  0.00000E+00  0.00000E+00  0.00000E+00  0.00000E+00  0.00000E+00  0.00000E+00  0.00000E+00  0.00000E+00  0.00000E+00
   47851   4  2.07847E-03  2.07847E-03  2.07847E-03  2.07847E-03  2.07847E-03  2.07847E-03  2.07847E-03  2.07847E-03  2.07847E-03  2.07847E-03  2.07847E-03  2.07847E-03  2.07847E-03  2.07847E-03  2.07847E-03  2.07847E-03  2.07847E-03  2.07847E-03  2.07847E-03  2.07847E-03  2.07847E-03  2.07847E-03  2.07847E-03  2.07847E-03
   47851   3  0.00000E+00  0.00000E+00  0.00000E+00  0.00000E+00  0.00000E+00  0.00000E+00  0.00000E+00  0.00000E+00  0.00000E+00  0.00000E+00  0.00000E+00  0.00000E+00  0.00000E+00  0.00000E+00  0.00000E+00  0.00000E+00  0.00000E+00  0.00000E+00  0.00000E+00  0.00000E+00  0.00000E+00  0.00000E+00  0.00000E+00  0.00000E+00
   47493   3  1.21185E-02  1.21185E-02  1.21185E-02  1.21185E-02  1.21185E-02  1.21185E-02  1.21185E-02  1.21185E-02  1.21185E-02  1.21185E-02  1.21185E-02  1.21185E-02  1.21185E-02  1.69671E-02  1.69671E-02  1.69671E-02  1.69671E-02  1.69671E-02  1.69671E-02  1.69671E-02  1.69671E-02  1.21185E-02  1.21185E-02  1.21185E-02
   47493   4  0.00000E+00  0.00000E+00  0.00000E+00  0.00000E+00  0.00000E+00  0.00000E+00  0.00000E+00  0.00000E+00  0.00000E+00  0.00000E+00  0.00000E+00  0.00000E+00  0.00000E+00  0.00000E+00  0.00000E+00  0.00000E+00  0.00000E+00  0.00000E+00  0.00000E+00  0.00000E+00  0.00000E+00  0.00000E+00  0.00000E+00  0.00000E+00
   47141   4  0.00000E+00  0.00000E+00  0.00000E+00  0.00000E+00  0.00000E+00  0.00000E+00  0.00000E+00  0.00000E+00  0.00000E+00  0.00000E+00  0.00000E+00  0.00000E+00  0.00000E+00  0.00000E+00  0.00000E+00  0.00000E+00  0.00000E+00  0.00000E+00  0.00000E+00  0.00000E+00  0.00000E+00  0.00000E+00  0.00000E+00  0.00000E+00
   47142   4  0.00000E+00  0.00000E+00  0.00000E+00  0.00000E+00  0.00000E+00  0.00000E+00  0.00000E+00  0.00000E+00  0.00000E+00  0.00000E+00  0.00000E+00  0.00000E+00  0.00000E+00  0.00000E+00  0.00000E+00  0.00000E+00  0.00000E+00  0.00000E+00  0.00000E+00  0.00000E+00  0.00000E+00  0.00000E+00  0.00000E+00  0.00000E+00
   47141   3  1.02255E-01  1.02255E-01  1.02255E-01  1.02255E-01  1.02255E-01  1.02255E-01  1.02255E-01  1.02255E-01  1.02255E-01  1.02255E-01  1.02255E-01  1.02255E-01  1.02255E-01  1.02255E-01  1.02255E-01  1.02255E-01  1.02255E-01  1.02255E-01  1.02255E-01  1.02255E-01  1.02255E-01  1.02255E-01  1.02255E-01  1.02255E-01
   47494   3  0.00000E+00  0.00000E+00  0.00000E+00  0.00000E+00  0.00000E+00  0.00000E+00  0.00000E+00  0.00000E+00  0.00000E+00  0.00000E+00  0.00000E+00  0.00000E+00  0.00000E+00  0.00000E+00  0.00000E+00  0.00000E+00  0.00000E+00  0.00000E+00  0.00000E+00  0.00000E+00  0.00000E+00  0.00000E+00  0.00000E+00  0.00000E+00
   46790   4  7.60416E-02  7.60416E-02  7.60416E-02  7.60416E-02  7.60416E-02  7.60416E-02  7.60416E-02  7.60416E-02  7.60416E-02  7.60416E-02  7.60416E-02  7.60416E-02  7.60416E-02  7.60416E-02  7.60416E-02  7.60416E-02  7.60416E-02  7.60416E-02  7.60416E-02  7.60416E-02  7.60416E-02  7.60416E-02  7.60416E-02  7.60416E-02
   46790   3  0.00000E+00  0.00000E+00  0.00000E+00  0.00000E+00  0.00000E+00  0.00000E+00  0.00000E+00  0.00000E+00  0.00000E+00  0.00000E+00  0.00000E+00  0.00000E+00  0.00000E+00  0.00000E+00  0.00000E+00  0.00000E+00  0.00000E+00  0.00000E+00  0.00000E+00  0.00000E+00  0.00000E+00  0.00000E+00  0.00000E+00  0.00000E+00
   47143   4  0.00000E+00  0.00000E+00  0.00000E+00  0.00000E+00  0.00000E+00  0.00000E+00  0.00000E+00  0.00000E+00  0.00000E+00  0.00000E+00  0.00000E+00  0.00000E+00  0.00000E+00  0.00000E+00  0.00000E+00  0.00000E+00  0.00000E+00  0.00000E+00  0.00000E+00  0.00000E+00  0.00000E+00  0.00000E+00  0.00000E+00  0.00000E+00
   47497   7  0.00000E+00  0.00000E+00  0.00000E+00  0.00000E+00  0.00000E+00  0.00000E+00  0.00000E+00  0.00000E+00  0.00000E+00  0.00000E+00  0.00000E+00  0.00000E+00  0.00000E+00  8.82444E-01  8.82444E-01  8.82444E-01  8.82444E-01  8.82444E-01  8.82444E-01  8.82444E-01  8.82444E-01  0.00000E+00  0.00000E+00  0.00000E+00
   47143   3  0.00000E+00  0.00000E+00  0.00000E+00  0.00000E+00  0.00000E+00  0.00000E+00  0.00000E+00  0.00000E+00  0.00000E+00  0.00000E+00  0.00000E+00  0.00000E+00  0.00000E+00  0.00000E+00  0.00000E+00  0.00000E+00  0.00000E+00  0.00000E+00  0.00000E+00  0.00000E+00  0.00000E+00  0.00000E+00  0.00000E+00  0.00000E+00
   46792   4  0.00000E+00  0.00000E+00  0.00000E+00  0.00000E+00  0.00000E+00  0.00000E+00  0.00000E+00  0.00000E+00  0.00000E+00  0.00000E+00  0.00000E+00  0.00000E+00  0.00000E+00  0.00000E+00  0.00000E+00  0.00000E+00  0.00000E+00  0.00000E+00  0.00000E+00  0.00000E+00  0.00000E+00  0.00000E+00  0.00000E+00  0.00000E+00
   46792   3  0.00000E+00  0.00000E+00  0.00000E+00  0.00000E+00  0.00000E+00  0.00000E+00  0.00000E+00  0.00000E+00  0.00000E+00  0.00000E+00  0.00000E+00  0.00000E+00  0.00000E+00  8.14655E+00  8.14655E+00  8.14655E+00  8.14655E+00  8.14655E+00  8.14655E+00  8.14655E+00  8.14655E+00  0.00000E+00  0.00000E+00  0.00000E+00
   46791   3  5.95596E-01  5.95077E-01  5.93148E-01  5.89959E-01  5.86622E-01  5.82583E-01  5.80949E-01  5.80131E-01  5.79859E-01  5.80404E-01  5.82039E-01  5.84627E-01  5.87964E-01  2.21881E+00  2.22044E+00  2.22187E+00  2.22242E+00  2.22296E+00  2.22317E+00  2.22344E+00  2.22337E+00  5.94367E-01  5.93822E-01  5.93005E-01
   46791   8  1.86248E-02  1.86248E-02  1.86248E-02  1.86248E-02  1.86248E-02  1.86248E-02  1.86248E-02  1.86248E-02  1.86248E-02  1.86248E-02  1.86248E-02  1.86248E-02  1.86248E-02  1.86248E-02  1.86248E-02  1.86248E-02  1.86248E-02  1.86248E-02  1.86248E-02  1.86248E-02  1.86248E-02  1.86248E-02  1.86248E-02  1.86248E-02
   46791   2  4.90814E+00  4.83550E+00  4.56571E+00  4.11952E+00  3.65257E+00  3.08757E+00  2.85886E+00  2.74451E+00  2.70639E+00  2.78263E+00  3.01134E+00  3.37346E+00  3.84041E+00  4.12629E+00  4.35500E+00  4.55512E+00  4.63136E+00  4.70760E+00  4.73619E+00  4.77430E+00  4.76477E+00  4.73619E+00  4.65995E+00  4.54559E+00
   46791   4  1.02790E+01  1.02790E+01  1.02790E+01  1.02790E+01  1.02790E+01  1.02790E+01  1.02790E+01  1.02790E+01  1.02790E+01  1.02790E+01  1.02790E+01  1.02790E+01  1.02790E+01  1.02790E+01  1.02790E+01  1.02790E+01  1.02790E+01  1.02790E+01  1.02790E+01  1.02790E+01  1.02790E+01  1.02790E+01  1.02790E+01  1.02790E+01
   46438   3  8.26909E-02  8.26909E-02  8.26909E-02  8.26909E-02  8.26909E-02  8.26909E-02  8.26909E-02  8.26909E-02  8.26909E-02  8.26909E-02  8.26909E-02  8.26909E-02  8.26909E-02  8.26909E-02  8.26909E-02  8.26909E-02  8.26909E-02  8.26909E-02  8.26909E-02  8.26909E-02  8.26909E-02  8.26909E-02  8.26909E-02  8.26909E-02
   47147   3  0.00000E+00  0.00000E+00  0.00000E+00  0.00000E+00  0.00000E+00  0.00000E+00  0.00000E+00  0.00000E+00  0.00000E+00  0.00000E+00  0.00000E+00  0.00000E+00  0.00000E+00  0.00000E+00  0.00000E+00  0.00000E+00  0.00000E+00  0.00000E+00  0.00000E+00  0.00000E+00  0.00000E+00  0.00000E+00  0.00000E+00  0.00000E+00
   47848   3  0.00000E+00  0.00000E+00  0.00000E+00  0.00000E+00  0.00000E+00  0.00000E+00  0.00000E+00  0.00000E+00  0.00000E+00  0.00000E+00  0.00000E+00  0.00000E+00  0.00000E+00  0.00000E+00  0.00000E+00  0.00000E+00  0.00000E+00  0.00000E+00  0.00000E+00  0.00000E+00  0.00000E+00  0.00000E+00  0.00000E+00  0.00000E+00
   46791   1  2.39577E+00  2.36031E+00  2.22862E+00  2.01083E+00  1.78290E+00  1.50711E+00  1.39547E+00  1.33965E+00  1.32105E+00  1.35826E+00  1.46990E+00  1.64666E+00  1.87459E+00  2.01413E+00  2.12577E+00  2.22345E+00  2.26067E+00  2.29788E+00  2.31183E+00  2.33044E+00  2.32579E+00  2.31183E+00  2.27462E+00  2.21880E+00
   47144   3  6.95971E-04  6.95971E-04  6.95971E-04  6.95971E-04  6.95971E-04  6.95971E-04  6.95971E-04  6.95971E-04  6.95971E-04  6.95971E-04  6.95971E-04  6.95971E-04  6.95971E-04  2.21117E+01  2.21117E+01  2.21117E+01  2.21117E+01  2.21117E+01  2.21117E+01  2.21117E+01  2.21117E+01  6.95971E-04  6.95971E-04  6.95971E-04
   47144   4  1.14873E-01  1.14873E-01  1.14873E-01  1.14873E-01  1.14873E-01  1.14873E-01  1.14873E-01  1.14873E-01  1.14873E-01  1.14873E-01  1.14873E-01  1.14873E-01  1.14873E-01  1.14873E-01  1.14873E-01  1.14873E-01  1.14873E-01  1.14873E-01  1.14873E-01  1.14873E-01  1.14873E-01  1.14873E-01  1.14873E-01  1.14873E-01
   47144   1  8.34747E-02  8.34747E-02  8.34747E-02  8.34747E-02  8.34747E-02  8.34747E-02  8.34747E-02  8.34747E-02  8.34747E-02  8.34747E-02  8.34747E-02  8.34747E-02  8.34747E-02  8.34747E-02  8.34747E-02  8.34747E-02  8.34747E-02  8.34747E-02  8.34747E-02  8.34747E-02  8.34747E-02  8.34747E-02  8.34747E-02  8.34747E-02
   47144   2  1.46154E-02  1.46154E-02  1.46154E-02  1.46154E-02  1.46154E-02  1.46154E-02  1.46154E-02  1.46154E-02  1.46154E-02  1.46154E-02  1.46154E-02  1.46154E-02  1.46154E-02  1.46154E-02  1.46154E-02  1.46154E-02  1.46154E-02  1.46154E-02  1.46154E-02  1.46154E-02  1.46154E-02  1.46154E-02  1.46154E-02  1.46154E-02
   46789   3  4.08738E+01  4.08738E+01  4.08738E+01  4.08738E+01  4.08738E+01  4.08738E+01  4.08738E+01  4.08738E+01  4.08738E+01  4.08738E+01  4.08738E+01  4.08738E+01  4.08738E+01  7.95463E+01  7.95463E+01  7.95463E+01  7.95463E+01  7.95463E+01  7.95463E+01  7.95463E+01  7.95463E+01  4.08738E+01  4.08738E+01  4.08738E+01
   46789   4  0.00000E+00  0.00000E+00  0.00000E+00  0.00000E+00  0.00000E+00  0.00000E+00  0.00000E+00  0.00000E+00  0.00000E+00  0.00000E+00  0.00000E+00  0.00000E+00  0.00000E+00  0.00000E+00  0.00000E+00  0.00000E+00  0.00000E+00  0.00000E+00  0.00000E+00  0.00000E+00  0.00000E+00  0.00000E+00  0.00000E+00  0.00000E+00
   46436   7  0.00000E+00  0.00000E+00  0.00000E+00  0.00000E+00  0.00000E+00  0.00000E+00  0.00000E+00  0.00000E+00  0.00000E+00  0.00000E+00  0.00000E+00  0.00000E+00  0.00000E+00  0.00000E+00  0.00000E+00  0.00000E+00  0.00000E+00  0.00000E+00  0.00000E+00  0.00000E+00  0.00000E+00  0.00000E+00  0.00000E+00  0.00000E+00
   71754   1  0.00000E+00  0.00000E+00  0.00000E+00  0.00000E+00  0.00000E+00  0.00000E+00  0.00000E+00  0.00000E+00  0.00000E+00  0.00000E+00  0.00000E+00  0.00000E+00  0.00000E+00  0.00000E+00  1.20291E-01  1.20291E-01  1.20291E-01  1.20291E-01  1.20291E-01  1.20291E-01  1.20291E-01  1.20291E-01  0.00000E+00  0.00000E+00
   71755   4  1.08442E-03  1.08442E-03  1.08442E-03  1.08442E-03  1.08442E-03  1.08442E-03  1.08442E-03  1.08442E-03  1.08442E-03  1.08442E-03  1.08442E-03  1.08442E-03  1.08442E-03  1.08442E-03  1.08442E-03  1.08442E-03  1.08442E-03  1.08442E-03  1.08442E-03  1.08442E-03  1.08442E-03  1.08442E-03  1.08442E-03  1.08442E-03
   72073   3  0.00000E+00  0.00000E+00  0.00000E+00  0.00000E+00  0.00000E+00  0.00000E+00  0.00000E+00  0.00000E+00  0.00000E+00  0.00000E+00  0.00000E+00  0.00000E+00  0.00000E+00  0.00000E+00  0.00000E+00  0.00000E+00  0.00000E+00  0.00000E+00  0.00000E+00  0.00000E+00  0.00000E+00  0.00000E+00  0.00000E+00  0.00000E+00
   70667   3  3.84809E-04  3.84809E-04  3.84809E-04  3.84809E-04  3.84809E-04  3.84809E-04  3.84809E-04  3.84809E-04  3.84809E-04  3.84809E-04  3.84809E-04  3.84809E-04  3.84809E-04  3.84809E-04  3.84809E-04  3.84809E-04  3.84809E-04  3.84809E-04  3.84809E-04  3.84809E-04  3.84809E-04  3.84809E-04  3.84809E-04  3.84809E-04
   55157   3  1.53924E-04  1.53924E-04  1.53924E-04  1.53924E-04  1.53924E-04  1.53924E-04  1.53924E-04  1.53924E-04  1.53924E-04  1.53924E-04  1.53924E-04  1.53924E-04  1.53924E-04  1.53924E-04  1.01575E+00  1.01575E+00  1.01575E+00  1.01575E+00  1.01575E+00  1.01575E+00  1.01575E+00  1.01575E+00  1.53924E-04  1.53924E-04
   55157   7  0.00000E+00  0.00000E+00  0.00000E+00  0.00000E+00  0.00000E+00  0.00000E+00  0.00000E+00  0.00000E+00  0.00000E+00  0.00000E+00  0.00000E+00  0.00000E+00  0.00000E+00  0.00000E+00  0.00000E+00  0.00000E+00  0.00000E+00  0.00000E+00  0.00000E+00  0.00000E+00  0.00000E+00  0.00000E+00  0.00000E+00  0.00000E+00
   70688   2  9.43266E-02  9.43266E-02  9.43266E-02  9.43266E-02  9.43266E-02  9.43266E-02  9.43266E-02  9.43266E-02  9.43266E-02  9.43266E-02  9.43266E-02  9.43266E-02  9.43266E-02  9.43266E-02  9.43266E-02  9.43266E-02  9.43266E-02  9.43266E-02  9.43266E-02  9.43266E-02  9.43266E-02  9.43266E-02  9.43266E-02  9.43266E-02
   61152   3  1.09682E-03  1.09682E-03  1.09682E-03  1.09682E-03  1.09682E-03  1.09682E-03  1.09682E-03  1.09682E-03  1.09682E-03  1.09682E-03  1.09682E-03  1.09682E-03  1.09682E-03  1.09682E-03  1.09682E-03  1.09682E-03  1.09682E-03  1.09682E-03  1.09682E-03  1.09682E-03  1.09682E-03  1.09682E-03  1.09682E-03  1.09682E-03
   66103   3  0.00000E+00  0.00000E+00  0.00000E+00  0.00000E+00  0.00000E+00  0.00000E+00  0.00000E+00  0.00000E+00  0.00000E+00  0.00000E+00  0.00000E+00  0.00000E+00  0.00000E+00  0.00000E+00  0.00000E+00  0.00000E+00  0.00000E+00  0.00000E+00  0.00000E+00  0.00000E+00  0.00000E+00  0.00000E+00  0.00000E+00  0.00000E+00
   57265   2  1.85463E+00  1.83908E+00  1.81186E+00  1.71077E+00  1.54358E+00  1.36861E+00  1.15691E+00  1.07121E+00  1.02837E+00  1.01408E+00  1.04265E+00  1.12835E+00  1.26403E+00  1.43900E+00  1.54612E+00  1.63182E+00  1.70680E+00  1.73537E+00  1.76393E+00  1.77464E+00  1.78893E+00  1.78536E+00  1.77464E+00  1.74608E+00
   57265   7  0.00000E+00  0.00000E+00  0.00000E+00  0.00000E+00  0.00000E+00  0.00000E+00  0.00000E+00  0.00000E+00  0.00000E+00  0.00000E+00  0.00000E+00  0.00000E+00  0.00000E+00  0.00000E+00  0.00000E+00  0.00000E+00  0.00000E+00  0.00000E+00  0.00000E+00  0.00000E+00  0.00000E+00  0.00000E+00  0.00000E+00  0.00000E+00
   57265   3  0.00000E+00  0.00000E+00  0.00000E+00  0.00000E+00  0.00000E+00  0.00000E+00  0.00000E+00  0.00000E+00  0.00000E+00  0.00000E+00  0.00000E+00  0.00000E+00  0.00000E+00  0.00000E+00  3.43852E+00  3.43852E+00  3.43852E+00  3.43852E+00  3.43852E+00  3.43852E+00  3.43852E+00  3.43852E+00  0.00000E+00  0.00000E+00
   62209   3  7.02959E-02  7.02959E-02  7.02959E-02  7.02959E-02  7.02959E-02  7.02959E-02  7.02959E-02  7.02959E-02  7.02959E-02  7.02959E-02  7.02959E-02  7.02959E-02  7.02959E-02  7.02959E-02  7.02959E-02  7.02959E-02  7.02959E-02  7.02959E-02  7.02959E-02  7.02959E-02  7.02959E-02  7.02959E-02  7.02959E-02  7.02959E-02
   62209   4  0.00000E+00  0.00000E+00  0.00000E+00  0.00000E+00  0.00000E+00  0.00000E+00  0.00000E+00  0.00000E+00  0.00000E+00  0.00000E+00  0.00000E+00  0.00000E+00  0.00000E+00  0.00000E+00  0.00000E+00  0.00000E+00  0.00000E+00  0.00000E+00  0.00000E+00  0.00000E+00  0.00000E+00  0.00000E+00  0.00000E+00  0.00000E+00
   62209   2  0.00000E+00  0.00000E+00  0.00000E+00  0.00000E+00  0.00000E+00  0.00000E+00  0.00000E+00  0.00000E+00  0.00000E+00  0.00000E+00  0.00000E+00  0.00000E+00  0.00000E+00  0.00000E+00  0.00000E+00  0.00000E+00  0.00000E+00  0.00000E+00  0.00000E+00  0.00000E+00  0.00000E+00  0.00000E+00  0.00000E+00  0.00000E+00
   62560   3  0.00000E+00  0.00000E+00  0.00000E+00  0.00000E+00  0.00000E+00  0.00000E+00  0.00000E+00  0.00000E+00  0.00000E+00  0.00000E+00  0.00000E+00  0.00000E+00  0.00000E+00  0.00000E+00  1.45582E+01  1.45582E+01  1.45582E+01  1.45582E+01  1.45582E+01  1.45582E+01  1.45582E+01  1.45582E+01  0.00000E+00  0.00000E+00
   62560   6  2.49375E-02  2.49375E-02  2.49375E-02  2.49375E-02  2.49375E-02  2.49375E-02  2.49375E-02  2.49375E-02  2.49375E-02  2.49375E-02  2.49375E-02  2.49375E-02  2.49375E-02  2.49375E-02  2.49375E-02  2.49375E-02  2.49375E-02  2.49375E-02  2.49375E-02  2.49375E-02  2.49375E-02  2.49375E-02  2.49375E-02  2.49375E-02
   62560   2  0.00000E+00  0.00000E+00  0.00000E+00  0.00000E+00  0.00000E+00  0.00000E+00  0.00000E+00  0.00000E+00  0.00000E+00  0.00000E+00  0.00000E+00  0.00000E+00  0.00000E+00  0.00000E+00  0.00000E+00  0.00000E+00  0.00000E+00  0.00000E+00  0.00000E+00  0.00000E+00  0.00000E+00  0.00000E+00  0.00000E+00  0.00000E+00
   62906   3  0.00000E+00  0.00000E+00  0.00000E+00  0.00000E+00  0.00000E+00  0.00000E+00  0.00000E+00  0.00000E+00  0.00000E+00  0.00000E+00  0.00000E+00  0.00000E+00  0.00000E+00  0.00000E+00  1.73164E-02  1.73164E-02  1.73164E-02  1.73164E-02  1.73164E-02  1.73164E-02  1.73164E-02  1.73164E-02  0.00000E+00  0.00000E+00
   62906   2  1.00689E-01  9.98448E-02  9.83672E-02  9.28789E-02  8.38021E-02  7.43031E-02  6.28096E-02  5.81570E-02  5.58307E-02  5.50553E-02  5.66062E-02  6.12587E-02  6.86253E-02  7.81243E-02  8.39400E-02  8.85925E-02  9.26635E-02  9.42144E-02  9.57652E-02  9.63468E-02  9.71222E-02  9.69284E-02  9.63468E-02  9.47959E-02
   62201   7  0.00000E+00  0.00000E+00  0.00000E+00  0.00000E+00  0.00000E+00  0.00000E+00  0.00000E+00  0.00000E+00  0.00000E+00  0.00000E+00  0.00000E+00  0.00000E+00  0.00000E+00  0.00000E+00  0.00000E+00  0.00000E+00  0.00000E+00  0.00000E+00  0.00000E+00  0.00000E+00  0.00000E+00  0.00000E+00  0.00000E+00  0.00000E+00
   69268   7  0.00000E+00  0.00000E+00  0.00000E+00  0.00000E+00  0.00000E+00  0.00000E+00  0.00000E+00  0.00000E+00  0.00000E+00  0.00000E+00  0.00000E+00  0.00000E+00  0.00000E+00  0.00000E+00  0.00000E+00  0.00000E+00  0.00000E+00  0.00000E+00  0.00000E+00  0.00000E+00  0.00000E+00  0.00000E+00  0.00000E+00  0.00000E+00
   67518   2  0.00000E+00  0.00000E+00  0.00000E+00  0.00000E+00  0.00000E+00  0.00000E+00  0.00000E+00  0.00000E+00  0.00000E+00  0.00000E+00  0.00000E+00  0.00000E+00  0.00000E+00  0.00000E+00  0.00000E+00  0.00000E+00  0.00000E+00  0.00000E+00  0.00000E+00  0.00000E+00  0.00000E+00  0.00000E+00  0.00000E+00  0.00000E+00
   53397   5  0.00000E+00  0.00000E+00  0.00000E+00  0.00000E+00  0.00000E+00  0.00000E+00  0.00000E+00  0.00000E+00  0.00000E+00  0.00000E+00  0.00000E+00  0.00000E+00  0.00000E+00  0.00000E+00  0.00000E+00  0.00000E+00  0.00000E+00  0.00000E+00  0.00000E+00  0.00000E+00  0.00000E+00  0.00000E+00  0.00000E+00  0.00000E+00
   53397   3  0.00000E+00  0.00000E+00  0.00000E+00  0.00000E+00  0.00000E+00  0.00000E+00  0.00000E+00  0.00000E+00  0.00000E+00  0.00000E+00  0.00000E+00  0.00000E+00  0.00000E+00  0.00000E+00  2.53974E-03  2.53974E-03  2.53974E-03  2.53974E-03  2.53974E-03  2.53974E-03  2.53974E-03  2.53974E-03  0.00000E+00  0.00000E+00
   53397   7  0.00000E+00  0.00000E+00  0.00000E+00  0.00000E+00  0.00000E+00  0.00000E+00  0.00000E+00  0.00000E+00  0.00000E+00  0.00000E+00  0.00000E+00  0.00000E+00  0.00000E+00  0.00000E+00  0.00000E+00  0.00000E+00  0.00000E+00  0.00000E+00  0.00000E+00  0.00000E+00  0.00000E+00  0.00000E+00  0.00000E+00  0.00000E+00
   72093   3  1.96099E-02  1.96099E-02  1.96099E-02  1.96099E-02  1.96099E-02  1.96099E-02  1.96099E-02  1.96099E-02  1.96099E-02  1.96099E-02  1.96099E-02  1.96099E-02  1.96099E-02  1.96099E-02  1.96099E-02  1.96099E-02  1.96099E-02  1.96099E-02  1.96099E-02  1.96099E-02  1.96099E-02  1.96099E-02  1.96099E-02  1.96099E-02
   72093   7  0.00000E+00  0.00000E+00  0.00000E+00  0.00000E+00  0.00000E+00  0.00000E+00  0.00000E+00  0.00000E+00  0.00000E+00  0.00000E+00  0.00000E+00  0.00000E+00  0.00000E+00  0.00000E+00  0.00000E+00  0.00000E+00  0.00000E+00  0.00000E+00  0.00000E+00  0.00000E+00  0.00000E+00  0.00000E+00  0.00000E+00  0.00000E+00
   72093   4  5.12839E-01  5.12839E-01  5.12839E-01  5.12839E-01  5.12839E-01  5.12839E-01  5.12839E-01  5.12839E-01  5.12839E-01  5.12839E-01  5.12839E-01  5.12839E-01  5.12839E-01  5.12839E-01  5.12839E-01  5.12839E-01  5.12839E-01  5.12839E-01  5.12839E-01  5.12839E-01  5.12839E-01  5.12839E-01  5.12839E-01  5.12839E-01
   66425   2  0.00000E+00  0.00000E+00  0.00000E+00  0.00000E+00  0.00000E+00  0.00000E+00  0.00000E+00  0.00000E+00  0.00000E+00  0.00000E+00  0.00000E+00  0.00000E+00  0.00000E+00  0.00000E+00  0.00000E+00  0.00000E+00  0.00000E+00  0.00000E+00  0.00000E+00  0.00000E+00  0.00000E+00  0.00000E+00  0.00000E+00  0.00000E+00
   67854   3  3.13377E-04  3.13377E-04  3.13377E-04  3.13377E-04  3.13377E-04  3.13377E-04  3.13377E-04  3.13377E-04  3.13377E-04  3.13377E-04  3.13377E-04  3.13377E-04  3.13377E-04  3.13377E-04  3.13377E-04  3.13377E-04  3.13377E-04  3.13377E-04  3.13377E-04  3.13377E-04  3.13377E-04  3.13377E-04  3.13377E-04  3.13377E-04
   59052   2  7.69618E-05  7.69618E-05  7.69618E-05  7.69618E-05  7.69618E-05  7.69618E-05  7.69618E-05  7.69618E-05  7.69618E-05  7.69618E-05  7.69618E-05  7.69618E-05  7.69618E-05  7.69618E-05  7.69618E-05  7.69618E-05  7.69618E-05  7.69618E-05  7.69618E-05  7.69618E-05  7.69618E-05  7.69618E-05  7.69618E-05  7.69618E-05
   72780   3  3.13377E-04  3.13377E-04  3.13377E-04  3.13377E-04  3.13377E-04  3.13377E-04  3.13377E-04  3.13377E-04  3.13377E-04  3.13377E-04  3.13377E-04  3.13377E-04  3.13377E-04  3.13377E-04  3.13377E-04  3.13377E-04  3.13377E-04  3.13377E-04  3.13377E-04  3.13377E-04  3.13377E-04  3.13377E-04  3.13377E-04  3.13377E-04
   32698   2  0.00000E+00  0.00000E+00  0.00000E+00  0.00000E+00  0.00000E+00  0.00000E+00  0.00000E+00  0.00000E+00  0.00000E+00  0.00000E+00  0.00000E+00  0.00000E+00  0.00000E+00  0.00000E+00  0.00000E+00  0.00000E+00  0.00000E+00  0.00000E+00  0.00000E+00  0.00000E+00  0.00000E+00  0.00000E+00  0.00000E+00  0.00000E+00
   32699   3  0.00000E+00  0.00000E+00  0.00000E+00  0.00000E+00  0.00000E+00  0.00000E+00  0.00000E+00  0.00000E+00  0.00000E+00  0.00000E+00  0.00000E+00  0.00000E+00  0.00000E+00  0.00000E+00  0.00000E+00  0.00000E+00  0.00000E+00  0.00000E+00  0.00000E+00  0.00000E+00  0.00000E+00  0.00000E+00  0.00000E+00  0.00000E+00
   32698   4  2.20702E-02  2.20702E-02  2.20702E-02  2.20702E-02  2.20702E-02  2.20702E-02  2.20702E-02  2.20702E-02  2.20702E-02  2.20702E-02  2.20702E-02  2.20702E-02  2.20702E-02  2.20702E-02  2.20702E-02  2.20702E-02  2.20702E-02  2.20702E-02  2.20702E-02  2.20702E-02  2.20702E-02  2.20702E-02  2.20702E-02  2.20702E-02
   32698   3  3.87679E-02  3.87679E-02  3.87679E-02  3.87679E-02  3.87679E-02  3.87679E-02  3.87679E-02  3.87679E-02  3.87679E-02  3.87679E-02  3.87679E-02  3.87679E-02  3.87679E-02  3.87679E-02  3.87679E-02  3.87679E-02  3.87679E-02  3.87679E-02  3.87679E-02  3.87679E-02  3.87679E-02  3.87679E-02  3.87679E-02  3.87679E-02
   33754   4  0.00000E+00  0.00000E+00  0.00000E+00  0.00000E+00  0.00000E+00  0.00000E+00  0.00000E+00  0.00000E+00  0.00000E+00  0.00000E+00  0.00000E+00  0.00000E+00  0.00000E+00  0.00000E+00  0.00000E+00  0.00000E+00  0.00000E+00  0.00000E+00  0.00000E+00  0.00000E+00  0.00000E+00  0.00000E+00  0.00000E+00  0.00000E+00
   32698   5  0.00000E+00  0.00000E+00  0.00000E+00  0.00000E+00  0.00000E+00  0.00000E+00  0.00000E+00  0.00000E+00  0.00000E+00  0.00000E+00  0.00000E+00  0.00000E+00  0.00000E+00  0.00000E+00  0.00000E+00  0.00000E+00  0.00000E+00  0.00000E+00  0.00000E+00  0.00000E+00  0.00000E+00  0.00000E+00  0.00000E+00  0.00000E+00
   46097   3  5.37115E-04  5.37115E-04  5.37115E-04  5.37115E-04  5.37115E-04  5.37115E-04  5.37115E-04  5.37115E-04  5.37115E-04  5.37115E-04  5.37115E-04  5.37115E-04  5.37115E-04  5.37115E-04  5.37115E-04  5.37115E-04  5.37115E-04  5.37115E-04  5.37115E-04  5.37115E-04  5.37115E-04  5.37115E-04  5.37115E-04  5.37115E-04
   32346   1  4.13998E+01  4.13998E+01  4.13998E+01  4.13998E+01  4.13998E+01  4.13998E+01  4.13998E+01  4.13998E+01  4.13998E+01  4.13998E+01  4.13998E+01  4.13998E+01  4.13998E+01  4.13998E+01  4.13998E+01  4.13998E+01  4.13998E+01  4.13998E+01  4.13998E+01  4.13998E+01  4.13998E+01  4.13998E+01  4.13998E+01  4.13998E+01
   32346   2  4.81814E+03  4.81814E+03  4.81814E+03  4.81814E+03  4.81814E+03  4.81814E+03  4.81814E+03  4.81814E+03  4.81814E+03  4.81814E+03  4.81814E+03  4.81814E+03  4.81814E+03  4.81814E+03  4.81814E+03  4.81814E+03  4.81814E+03  4.81814E+03  4.81814E+03  4.81814E+03  4.81814E+03  4.81814E+03  4.81814E+03  4.81814E+03
   32346   3  3.32822E+01  3.32822E+01  3.32822E+01  3.32822E+01  3.32822E+01  3.32822E+01  3.32822E+01  3.32822E+01  3.32822E+01  3.32822E+01  3.32822E+01  3.32822E+01  3.32822E+01  3.33687E+01  3.33687E+01  3.33687E+01  3.33687E+01  3.33687E+01  3.33687E+01  3.33687E+01  3.33687E+01  3.32822E+01  3.32822E+01  3.32822E+01
   32346   5  0.00000E+00  0.00000E+00  0.00000E+00  0.00000E+00  0.00000E+00  0.00000E+00  0.00000E+00  0.00000E+00  0.00000E+00  0.00000E+00  0.00000E+00  0.00000E+00  0.00000E+00  0.00000E+00  0.00000E+00  0.00000E+00  0.00000E+00  0.00000E+00  0.00000E+00  0.00000E+00  0.00000E+00  0.00000E+00  0.00000E+00  0.00000E+00
   33394   3  0.00000E+00  0.00000E+00  0.00000E+00  0.00000E+00  0.00000E+00  0.00000E+00  0.00000E+00  0.00000E+00  0.00000E+00  0.00000E+00  0.00000E+00  0.00000E+00  0.00000E+00  0.00000E+00  0.00000E+00  0.00000E+00  0.00000E+00  0.00000E+00  0.00000E+00  0.00000E+00  0.00000E+00  0.00000E+00  0.00000E+00  0.00000E+00
   33394   7  0.00000E+00  0.00000E+00  0.00000E+00  0.00000E+00  0.00000E+00  0.00000E+00  0.00000E+00  0.00000E+00  0.00000E+00  0.00000E+00  0.00000E+00  0.00000E+00  0.00000E+00  0.00000E+00  0.00000E+00  0.00000E+00  0.00000E+00  0.00000E+00  0.00000E+00  0.00000E+00  0.00000E+00  0.00000E+00  0.00000E+00  0.00000E+00
   47881   3  4.40917E-02  4.40917E-02  4.40917E-02  4.40917E-02  4.40917E-02  4.40917E-02  4.40917E-02  4.40917E-02  4.40917E-02  4.40917E-02  4.40917E-02  4.40917E-02  4.40917E-02  1.23111E+01  1.23111E+01  1.23111E+01  1.23111E+01  1.23111E+01  1.23111E+01  1.23111E+01  1.23111E+01  4.40917E-02  4.40917E-02  4.40917E-02
   47881   4  8.86962E-01  8.86962E-01  8.86962E-01  8.86962E-01  8.86962E-01  8.86962E-01  8.86962E-01  8.86962E-01  8.86962E-01  8.86962E-01  8.86962E-01  8.86962E-01  8.86962E-01  8.86962E-01  8.86962E-01  8.86962E-01  8.86962E-01  8.86962E-01  8.86962E-01  8.86962E-01  8.86962E-01  8.86962E-01  8.86962E-01  8.86962E-01
   54565   3  7.69618E-05  7.69618E-05  7.69618E-05  7.69618E-05  7.69618E-05  7.69618E-05  7.69618E-05  7.69618E-05  7.69618E-05  7.69618E-05  7.69618E-05  7.69618E-05  7.69618E-05  7.69618E-05  7.69618E-05  7.69618E-05  7.69618E-05  7.69618E-05  7.69618E-05  7.69618E-05  7.69618E-05  7.69618E-05  7.69618E-05  7.69618E-05
   54565   4  5.40853E-01  5.40853E-01  5.40853E-01  5.40853E-01  5.40853E-01  5.40853E-01  5.40853E-01  5.40853E-01  5.40853E-01  5.40853E-01  5.40853E-01  5.40853E-01  5.40853E-01  5.40853E-01  5.40853E-01  5.40853E-01  5.40853E-01  5.40853E-01  5.40853E-01  5.40853E-01  5.40853E-01  5.40853E-01  5.40853E-01  5.40853E-01
   54565   7  0.00000E+00  0.00000E+00  0.00000E+00  0.00000E+00  0.00000E+00  0.00000E+00  0.00000E+00  0.00000E+00  0.00000E+00  0.00000E+00  0.00000E+00  0.00000E+00  0.00000E+00  0.00000E+00  0.00000E+00  0.00000E+00  0.00000E+00  0.00000E+00  0.00000E+00  0.00000E+00  0.00000E+00  0.00000E+00  0.00000E+00  0.00000E+00
   48578   4  2.63523E-01  2.63523E-01  2.63523E-01  2.63523E-01  2.63523E-01  2.63523E-01  2.63523E-01  2.63523E-01  2.63523E-01  2.63523E-01  2.63523E-01  2.63523E-01  2.63523E-01  2.63523E-01  2.63523E-01  2.63523E-01  2.63523E-01  2.63523E-01  2.63523E-01  2.63523E-01  2.63523E-01  2.63523E-01  2.63523E-01  2.63523E-01
   48578   3  1.59142E+00  1.59142E+00  1.59142E+00  1.59142E+00  1.59142E+00  1.59142E+00  1.59142E+00  1.59142E+00  1.59142E+00  1.59142E+00  1.59142E+00  1.59142E+00  1.59142E+00  1.59142E+00  1.59142E+00  1.59142E+00  1.59142E+00  1.59142E+00  1.59142E+00  1.59142E+00  1.59142E+00  1.59142E+00  1.59142E+00  1.59142E+00
   48578   2  0.00000E+00  0.00000E+00  0.00000E+00  0.00000E+00  0.00000E+00  0.00000E+00  0.00000E+00  0.00000E+00  0.00000E+00  0.00000E+00  0.00000E+00  0.00000E+00  0.00000E+00  0.00000E+00  0.00000E+00  0.00000E+00  0.00000E+00  0.00000E+00  0.00000E+00  0.00000E+00  0.00000E+00  0.00000E+00  0.00000E+00  0.00000E+00
   48226   3  0.00000E+00  0.00000E+00  0.00000E+00  0.00000E+00  0.00000E+00  0.00000E+00  0.00000E+00  0.00000E+00  0.00000E+00  0.00000E+00  0.00000E+00  0.00000E+00  0.00000E+00  0.00000E+00  0.00000E+00  0.00000E+00  0.00000E+00  0.00000E+00  0.00000E+00  0.00000E+00  0.00000E+00  0.00000E+00  0.00000E+00  0.00000E+00
   48226   4  0.00000E+00  0.00000E+00  0.00000E+00  0.00000E+00  0.00000E+00  0.00000E+00  0.00000E+00  0.00000E+00  0.00000E+00  0.00000E+00  0.00000E+00  0.00000E+00  0.00000E+00  0.00000E+00  0.00000E+00  0.00000E+00  0.00000E+00  0.00000E+00  0.00000E+00  0.00000E+00  0.00000E+00  0.00000E+00  0.00000E+00  0.00000E+00
   47518   7  0.00000E+00  0.00000E+00  0.00000E+00  0.00000E+00  0.00000E+00  0.00000E+00  0.00000E+00  0.00000E+00  0.00000E+00  0.00000E+00  0.00000E+00  0.00000E+00  0.00000E+00  0.00000E+00  0.00000E+00  0.00000E+00  0.00000E+00  0.00000E+00  0.00000E+00  0.00000E+00  0.00000E+00  0.00000E+00  0.00000E+00  0.00000E+00
   48227   3  0.00000E+00  0.00000E+00  0.00000E+00  0.00000E+00  0.00000E+00  0.00000E+00  0.00000E+00  0.00000E+00  0.00000E+00  0.00000E+00  0.00000E+00  0.00000E+00  0.00000E+00  0.00000E+00  0.00000E+00  0.00000E+00  0.00000E+00  0.00000E+00  0.00000E+00  0.00000E+00  0.00000E+00  0.00000E+00  0.00000E+00  0.00000E+00
   48227   2  0.00000E+00  0.00000E+00  0.00000E+00  0.00000E+00  0.00000E+00  0.00000E+00  0.00000E+00  0.00000E+00  0.00000E+00  0.00000E+00  0.00000E+00  0.00000E+00  0.00000E+00  0.00000E+00  0.00000E+00  0.00000E+00  0.00000E+00  0.00000E+00  0.00000E+00  0.00000E+00  0.00000E+00  0.00000E+00  0.00000E+00  0.00000E+00
   46818   4  1.02026E-01  1.02026E-01  1.02026E-01  1.02026E-01  1.02026E-01  1.02026E-01  1.02026E-01  1.02026E-01  1.02026E-01  1.02026E-01  1.02026E-01  1.02026E-01  1.02026E-01  1.02026E-01  1.02026E-01  1.02026E-01  1.02026E-01  1.02026E-01  1.02026E-01  1.02026E-01  1.02026E-01  1.02026E-01  1.02026E-01  1.02026E-01
   38332   4  0.00000E+00  0.00000E+00  0.00000E+00  0.00000E+00  0.00000E+00  0.00000E+00  0.00000E+00  0.00000E+00  0.00000E+00  0.00000E+00  0.00000E+00  0.00000E+00  0.00000E+00  0.00000E+00  0.00000E+00  0.00000E+00  0.00000E+00  0.00000E+00  0.00000E+00  0.00000E+00  0.00000E+00  0.00000E+00  0.00000E+00  0.00000E+00
   38332   7  0.00000E+00  0.00000E+00  0.00000E+00  0.00000E+00  0.00000E+00  0.00000E+00  0.00000E+00  0.00000E+00  0.00000E+00  0.00000E+00  0.00000E+00  0.00000E+00  0.00000E+00  0.00000E+00  0.00000E+00  0.00000E+00  0.00000E+00  0.00000E+00  0.00000E+00  0.00000E+00  0.00000E+00  0.00000E+00  0.00000E+00  0.00000E+00
   35158   3  0.00000E+00  0.00000E+00  0.00000E+00  0.00000E+00  0.00000E+00  0.00000E+00  0.00000E+00  0.00000E+00  0.00000E+00  0.00000E+00  0.00000E+00  0.00000E+00  0.00000E+00  0.00000E+00  0.00000E+00  0.00000E+00  0.00000E+00  0.00000E+00  0.00000E+00  0.00000E+00  0.00000E+00  0.00000E+00  0.00000E+00  0.00000E+00
   30178   3  8.68910E-02  8.68910E-02  8.68910E-02  8.68910E-02  8.68910E-02  1.13842E-02  1.13842E-02  1.13842E-02  1.13842E-02  1.13842E-02  1.13842E-02  1.13842E-02  1.13842E-02  8.68910E-02  8.68910E-02  8.68910E-02  8.68910E-02  8.68910E-02  8.68910E-02  8.68910E-02  8.68910E-02  8.68910E-02  8.68910E-02  8.68910E-02
   30178   4  1.02303E+00  1.02303E+00  1.02303E+00  1.02303E+00  1.02303E+00  1.02303E+00  1.02303E+00  1.02303E+00  1.02303E+00  1.02303E+00  1.02303E+00  1.02303E+00  1.02303E+00  1.02303E+00  1.02303E+00  1.02303E+00  1.02303E+00  1.02303E+00  1.02303E+00  1.02303E+00  1.02303E+00  1.02303E+00  1.02303E+00  1.02303E+00
   30178   7  0.00000E+00  0.00000E+00  0.00000E+00  0.00000E+00  0.00000E+00  0.00000E+00  0.00000E+00  0.00000E+00  0.00000E+00  0.00000E+00  0.00000E+00  0.00000E+00  0.00000E+00  4.31077E-01  4.31077E-01  4.31077E-01  4.31077E-01  4.31077E-01  4.31077E-01  4.31077E-01  4.31077E-01  0.00000E+00  0.00000E+00  0.00000E+00
   30177   4  1.68823E-04  1.68823E-04  1.68823E-04  1.68823E-04  1.68823E-04  1.68823E-04  1.68823E-04  1.68823E-04  1.68823E-04  1.68823E-04  1.68823E-04  1.68823E-04  1.68823E-04  1.68823E-04  1.68823E-04  1.68823E-04  1.68823E-04  1.68823E-04  1.68823E-04  1.68823E-04  1.68823E-04  1.68823E-04  1.68823E-04  1.68823E-04
   29472   3  0.00000E+00  0.00000E+00  0.00000E+00  0.00000E+00  0.00000E+00  0.00000E+00  0.00000E+00  0.00000E+00  0.00000E+00  0.00000E+00  0.00000E+00  0.00000E+00  0.00000E+00  1.30380E+01  1.30380E+01  1.30380E+01  1.30380E+01  1.30380E+01  1.30380E+01  1.30380E+01  1.30380E+01  0.00000E+00  0.00000E+00  0.00000E+00
   29472   5  0.00000E+00  0.00000E+00  0.00000E+00  0.00000E+00  0.00000E+00  0.00000E+00  0.00000E+00  0.00000E+00  0.00000E+00  0.00000E+00  0.00000E+00  0.00000E+00  0.00000E+00  2.89733E+00  2.89733E+00  2.89733E+00  2.89733E+00  2.89733E+00  2.89733E+00  2.89733E+00  2.89733E+00  0.00000E+00  0.00000E+00  0.00000E+00
   29472   4  0.00000E+00  0.00000E+00  0.00000E+00  0.00000E+00  0.00000E+00  0.00000E+00  0.00000E+00  0.00000E+00  0.00000E+00  0.00000E+00  0.00000E+00  0.00000E+00  0.00000E+00  1.30380E+01  1.30380E+01  1.30380E+01  1.30380E+01  1.30380E+01  1.30380E+01  1.30380E+01  1.30380E+01  0.00000E+00  0.00000E+00  0.00000E+00
   30531   4  1.66278E-04  1.66278E-04  1.66278E-04  1.66278E-04  1.66278E-04  1.66278E-04  1.66278E-04  1.66278E-04  1.66278E-04  1.66278E-04  1.66278E-04  1.66278E-04  1.66278E-04  1.66278E-04  1.66278E-04  1.66278E-04  1.66278E-04  1.66278E-04  1.66278E-04  1.66278E-04  1.66278E-04  1.66278E-04  1.66278E-04  1.66278E-04
   30178   5  6.68638E-02  6.68638E-02  6.68638E-02  6.68638E-02  6.68638E-02  6.68638E-02  6.68638E-02  6.68638E-02  6.68638E-02  6.68638E-02  6.68638E-02  6.68638E-02  6.68638E-02  6.68638E-02  6.68638E-02  6.68638E-02  6.68638E-02  6.68638E-02  6.68638E-02  6.68638E-02  6.68638E-02  6.68638E-02  6.68638E-02  6.68638E-02
   30526   3  9.84096E-05  9.84096E-05  9.84096E-05  9.84096E-05  9.84096E-05  9.84096E-05  9.84096E-05  9.84096E-05  9.84096E-05  9.84096E-05  9.84096E-05  9.84096E-05  9.84096E-05  9.84096E-05  9.84096E-05  9.84096E-05  9.84096E-05  9.84096E-05  9.84096E-05  9.84096E-05  9.84096E-05  9.84096E-05  9.84096E-05  9.84096E-05
   30529   3  8.93912E-02  8.93912E-02  8.93912E-02  8.93912E-02  8.93912E-02  8.93912E-02  8.93912E-02  8.93912E-02  8.93912E-02  8.93912E-02  8.93912E-02  8.93912E-02  8.93912E-02  8.93912E-02  8.93912E-02  8.93912E-02  8.93912E-02  8.93912E-02  8.93912E-02  8.93912E-02  8.93912E-02  8.93912E-02  8.93912E-02  8.93912E-02
   30529   4  1.29419E-01  1.29419E-01  1.29419E-01  1.29419E-01  1.29419E-01  1.29419E-01  1.29419E-01  1.29419E-01  1.29419E-01  1.29419E-01  1.29419E-01  1.29419E-01  1.29419E-01  1.29419E-01  1.29419E-01  1.29419E-01  1.29419E-01  1.29419E-01  1.29419E-01  1.29419E-01  1.29419E-01  1.29419E-01  1.29419E-01  1.29419E-01
   31942   4  4.31923E-02  4.31923E-02  4.31923E-02  4.31923E-02  4.31923E-02  4.31923E-02  4.31923E-02  4.31923E-02  4.31923E-02  4.31923E-02  4.31923E-02  4.31923E-02  4.31923E-02  4.31923E-02  4.31923E-02  4.31923E-02  4.31923E-02  4.31923E-02  4.31923E-02  4.31923E-02  4.31923E-02  4.31923E-02  4.31923E-02  4.31923E-02
   30884   4  2.17510E-02  2.17510E-02  2.17510E-02  2.17510E-02  2.17510E-02  2.17510E-02  2.17510E-02  2.17510E-02  2.17510E-02  2.17510E-02  2.17510E-02  2.17510E-02  2.17510E-02  2.17510E-02  2.17510E-02  2.17510E-02  2.17510E-02  2.17510E-02  2.17510E-02  2.17510E-02  2.17510E-02  2.17510E-02  2.17510E-02  2.17510E-02
   44188   2  0.00000E+00  0.00000E+00  0.00000E+00  0.00000E+00  0.00000E+00  0.00000E+00  0.00000E+00  0.00000E+00  0.00000E+00  0.00000E+00  0.00000E+00  0.00000E+00  0.00000E+00  0.00000E+00  0.00000E+00  0.00000E+00  0.00000E+00  0.00000E+00  0.00000E+00  0.00000E+00  0.00000E+00  0.00000E+00  0.00000E+00  0.00000E+00
   44899   3  2.13646E+01  2.08404E+01  2.06656E+01  2.03598E+01  1.92238E+01  1.73451E+01  1.53790E+01  1.30001E+01  1.20372E+01  1.15557E+01  1.13952E+01  1.17162E+01  1.26792E+01  1.42039E+01  1.61699E+01  1.73736E+01  1.83366E+01  1.91792E+01  1.95002E+01  1.98212E+01  1.99416E+01  2.01021E+01  2.00619E+01  1.99416E+01
   47369   3  3.43276E-03  3.43276E-03  3.43276E-03  3.43276E-03  3.43276E-03  3.43276E-03  3.43276E-03  3.43276E-03  3.43276E-03  3.43276E-03  3.43276E-03  3.43276E-03  3.43276E-03  3.43276E-03  3.43276E-03  3.43276E-03  3.43276E-03  3.43276E-03  3.43276E-03  3.43276E-03  3.43276E-03  3.43276E-03  3.43276E-03  3.43276E-03
   55130   4  0.00000E+00  0.00000E+00  0.00000E+00  0.00000E+00  0.00000E+00  0.00000E+00  0.00000E+00  0.00000E+00  0.00000E+00  0.00000E+00  0.00000E+00  0.00000E+00  0.00000E+00  0.00000E+00  0.00000E+00  0.00000E+00  0.00000E+00  0.00000E+00  0.00000E+00  0.00000E+00  0.00000E+00  0.00000E+00  0.00000E+00  0.00000E+00
   55130   3  0.00000E+00  0.00000E+00  0.00000E+00  0.00000E+00  0.00000E+00  0.00000E+00  0.00000E+00  0.00000E+00  0.00000E+00  0.00000E+00  0.00000E+00  0.00000E+00  0.00000E+00  0.00000E+00  0.00000E+00  0.00000E+00  0.00000E+00  0.00000E+00  0.00000E+00  0.00000E+00  0.00000E+00  0.00000E+00  0.00000E+00  0.00000E+00
   55121   4  0.00000E+00  0.00000E+00  0.00000E+00  0.00000E+00  0.00000E+00  0.00000E+00  0.00000E+00  0.00000E+00  0.00000E+00  0.00000E+00  0.00000E+00  0.00000E+00  0.00000E+00  0.00000E+00  0.00000E+00  0.00000E+00  0.00000E+00  0.00000E+00  0.00000E+00  0.00000E+00  0.00000E+00  0.00000E+00  0.00000E+00  0.00000E+00
   55121   3  0.00000E+00  0.00000E+00  0.00000E+00  0.00000E+00  0.00000E+00  0.00000E+00  0.00000E+00  0.00000E+00  0.00000E+00  0.00000E+00  0.00000E+00  0.00000E+00  0.00000E+00  0.00000E+00  0.00000E+00  0.00000E+00  0.00000E+00  0.00000E+00  0.00000E+00  0.00000E+00  0.00000E+00  0.00000E+00  0.00000E+00  0.00000E+00
   58290   4  4.92048E-03  4.92048E-03  4.92048E-03  4.92048E-03  4.92048E-03  4.92048E-03  4.92048E-03  4.92048E-03  4.92048E-03  4.92048E-03  4.92048E-03  4.92048E-03  4.92048E-03  4.92048E-03  4.92048E-03  4.92048E-03  4.92048E-03  4.92048E-03  4.92048E-03  4.92048E-03  4.92048E-03  4.92048E-03  4.92048E-03  4.92048E-03
   57936   4  1.25540E-04  1.25540E-04  1.25540E-04  1.25540E-04  1.25540E-04  1.25540E-04  1.25540E-04  1.25540E-04  1.25540E-04  1.25540E-04  1.25540E-04  1.25540E-04  1.25540E-04  1.25540E-04  1.25540E-04  1.25540E-04  1.25540E-04  1.25540E-04  1.25540E-04  1.25540E-04  1.25540E-04  1.25540E-04  1.25540E-04  1.25540E-04
   41032   3  5.87975E+01  5.73547E+01  5.68737E+01  5.60320E+01  5.29058E+01  4.77354E+01  4.23246E+01  3.57776E+01  3.31274E+01  3.18024E+01  3.13607E+01  3.22440E+01  3.48942E+01  3.90904E+01  4.45012E+01  4.78139E+01  5.04641E+01  5.27831E+01  5.36665E+01  5.45499E+01  5.48811E+01  5.53228E+01  5.52124E+01  5.48811E+01
   41027   3  2.87879E-04  2.87879E-04  2.87879E-04  2.87879E-04  2.87879E-04  2.87879E-04  2.87879E-04  2.87879E-04  2.87879E-04  2.87879E-04  2.87879E-04  2.87879E-04  2.87879E-04  2.87879E-04  2.87879E-04  2.87879E-04  2.87879E-04  2.87879E-04  2.87879E-04  2.87879E-04  2.87879E-04  2.87879E-04  2.87879E-04  2.87879E-04
   41027   4  0.00000E+00  0.00000E+00  0.00000E+00  0.00000E+00  0.00000E+00  0.00000E+00  0.00000E+00  0.00000E+00  0.00000E+00  0.00000E+00  0.00000E+00  0.00000E+00  0.00000E+00  0.00000E+00  0.00000E+00  0.00000E+00  0.00000E+00  0.00000E+00  0.00000E+00  0.00000E+00  0.00000E+00  0.00000E+00  0.00000E+00  0.00000E+00
   41027   2  0.00000E+00  0.00000E+00  0.00000E+00  0.00000E+00  0.00000E+00  0.00000E+00  0.00000E+00  0.00000E+00  0.00000E+00  0.00000E+00  0.00000E+00  0.00000E+00  0.00000E+00  0.00000E+00  0.00000E+00  0.00000E+00  0.00000E+00  0.00000E+00  0.00000E+00  0.00000E+00  0.00000E+00  0.00000E+00  0.00000E+00  0.00000E+00
   41031   7  0.00000E+00  0.00000E+00  0.00000E+00  0.00000E+00  0.00000E+00  0.00000E+00  0.00000E+00  0.00000E+00  0.00000E+00  0.00000E+00  0.00000E+00  0.00000E+00  0.00000E+00  0.00000E+00  0.00000E+00  0.00000E+00  0.00000E+00  0.00000E+00  0.00000E+00  0.00000E+00  0.00000E+00  0.00000E+00  0.00000E+00  0.00000E+00
   37153   2  0.00000E+00  0.00000E+00  0.00000E+00  0.00000E+00  0.00000E+00  0.00000E+00  0.00000E+00  0.00000E+00  0.00000E+00  0.00000E+00  0.00000E+00  0.00000E+00  0.00000E+00  0.00000E+00  0.00000E+00  0.00000E+00  0.00000E+00  0.00000E+00  0.00000E+00  0.00000E+00  0.00000E+00  0.00000E+00  0.00000E+00  0.00000E+00
   22551   2  6.39560E+00  6.30095E+00  5.94940E+00  5.36798E+00  4.75952E+00  4.02329E+00  3.72527E+00  3.57626E+00  3.52659E+00  3.62593E+00  3.92395E+00  4.39582E+00  5.00428E+00  5.37681E+00  5.67483E+00  5.93560E+00  6.03494E+00  6.13428E+00  6.17153E+00  6.22120E+00  6.20879E+00  6.17153E+00  6.07219E+00  5.92318E+00
   22551   3  4.26373E+00  4.20063E+00  3.96627E+00  3.57865E+00  3.17301E+00  2.68220E+00  2.48351E+00  2.38417E+00  2.35106E+00  2.41729E+00  2.61597E+00  2.93055E+00  3.33619E+00  3.58454E+00  3.78322E+00  3.95707E+00  4.02329E+00  4.08952E+00  4.11436E+00  4.14747E+00  4.13919E+00  4.11436E+00  4.04813E+00  3.94879E+00
   23253   7  0.00000E+00  0.00000E+00  0.00000E+00  0.00000E+00  0.00000E+00  0.00000E+00  0.00000E+00  0.00000E+00  0.00000E+00  0.00000E+00  0.00000E+00  0.00000E+00  0.00000E+00  0.00000E+00  0.00000E+00  0.00000E+00  0.00000E+00  0.00000E+00  0.00000E+00  0.00000E+00  0.00000E+00  0.00000E+00  0.00000E+00  0.00000E+00
   22551   4  0.00000E+00  0.00000E+00  0.00000E+00  0.00000E+00  0.00000E+00  0.00000E+00  0.00000E+00  0.00000E+00  0.00000E+00  0.00000E+00  0.00000E+00  0.00000E+00  0.00000E+00  0.00000E+00  0.00000E+00  0.00000E+00  0.00000E+00  0.00000E+00  0.00000E+00  0.00000E+00  0.00000E+00  0.00000E+00  0.00000E+00  0.00000E+00
   16894   2  5.59917E-01  5.59917E-01  5.59917E-01  5.59917E-01  5.59917E-01  5.59917E-01  5.59917E-01  5.59917E-01  5.59917E-01  5.59917E-01  5.59917E-01  5.59917E-01  5.59917E-01  5.59917E-01  5.59917E-01  5.59917E-01  5.59917E-01  5.59917E-01  5.59917E-01  5.59917E-01  5.59917E-01  5.59917E-01  5.59917E-01  5.59917E-01
   16894   3  0.00000E+00  0.00000E+00  0.00000E+00  0.00000E+00  0.00000E+00  0.00000E+00  0.00000E+00  0.00000E+00  0.00000E+00  0.00000E+00  0.00000E+00  0.00000E+00  0.00000E+00  0.00000E+00  0.00000E+00  0.00000E+00  0.00000E+00  0.00000E+00  0.00000E+00  0.00000E+00  0.00000E+00  0.00000E+00  0.00000E+00  0.00000E+00
   16894   4  0.00000E+00  0.00000E+00  0.00000E+00  0.00000E+00  0.00000E+00  0.00000E+00  0.00000E+00  0.00000E+00  0.00000E+00  0.00000E+00  0.00000E+00  0.00000E+00  0.00000E+00  0.00000E+00  0.00000E+00  0.00000E+00  0.00000E+00  0.00000E+00  0.00000E+00  0.00000E+00  0.00000E+00  0.00000E+00  0.00000E+00  0.00000E+00
   18317   3  0.00000E+00  0.00000E+00  0.00000E+00  0.00000E+00  0.00000E+00  0.00000E+00  0.00000E+00  0.00000E+00  0.00000E+00  0.00000E+00  0.00000E+00  0.00000E+00  0.00000E+00  0.00000E+00  0.00000E+00  0.00000E+00  0.00000E+00  0.00000E+00  0.00000E+00  0.00000E+00  0.00000E+00  0.00000E+00  0.00000E+00  0.00000E+00
   18513   7  0.00000E+00  0.00000E+00  0.00000E+00  0.00000E+00  0.00000E+00  0.00000E+00  0.00000E+00  0.00000E+00  0.00000E+00  0.00000E+00  0.00000E+00  0.00000E+00  0.00000E+00  0.00000E+00  0.00000E+00  0.00000E+00  0.00000E+00  0.00000E+00  0.00000E+00  0.00000E+00  0.00000E+00  0.00000E+00  0.00000E+00  0.00000E+00
   18509   3  6.47850E-05  6.47850E-05  6.47850E-05  6.47850E-05  6.47850E-05  6.47850E-05  6.47850E-05  6.47850E-05  6.47850E-05  6.47850E-05  6.47850E-05  6.47850E-05  6.47850E-05  6.47850E-05  6.47850E-05  6.47850E-05  6.47850E-05  6.47850E-05  6.47850E-05  6.47850E-05  6.47850E-05  6.47850E-05  6.47850E-05  6.47850E-05
   19219   3  2.40492E-02  2.40492E-02  2.40492E-02  2.40492E-02  2.40492E-02  2.40492E-02  2.40492E-02  2.40492E-02  2.40492E-02  2.40492E-02  2.40492E-02  2.40492E-02  2.40492E-02  2.40492E-02  2.40492E-02  2.40492E-02  2.40492E-02  2.40492E-02  2.40492E-02  2.40492E-02  2.40492E-02  2.40492E-02  2.40492E-02  2.40492E-02
   19219   2  0.00000E+00  0.00000E+00  0.00000E+00  0.00000E+00  0.00000E+00  0.00000E+00  0.00000E+00  0.00000E+00  0.00000E+00  0.00000E+00  0.00000E+00  0.00000E+00  0.00000E+00  0.00000E+00  0.00000E+00  0.00000E+00  0.00000E+00  0.00000E+00  0.00000E+00  0.00000E+00  0.00000E+00  0.00000E+00  0.00000E+00  0.00000E+00
   18505   2  7.17594E+02  7.06974E+02  6.67529E+02  6.02293E+02  5.34023E+02  4.51418E+02  4.17980E+02  4.01260E+02  3.95687E+02  4.06834E+02  4.40272E+02  4.93216E+02  5.61486E+02  6.03284E+02  6.36722E+02  6.65981E+02  6.77127E+02  6.88273E+02  6.92453E+02  6.98026E+02  6.96633E+02  6.92453E+02  6.81307E+02  6.64588E+02
   18505   3  4.92668E-02  4.92668E-02  4.92668E-02  4.92668E-02  4.92668E-02  4.92668E-02  4.92668E-02  4.92668E-02  4.92668E-02  4.92668E-02  4.92668E-02  4.92668E-02  4.92668E-02  4.92668E-02  4.92668E-02  4.92668E-02  4.92668E-02  4.92668E-02  4.92668E-02  4.92668E-02  4.92668E-02  4.92668E-02  4.92668E-02  4.92668E-02
   18505   7  0.00000E+00  0.00000E+00  0.00000E+00  0.00000E+00  0.00000E+00  0.00000E+00  0.00000E+00  0.00000E+00  0.00000E+00  0.00000E+00  0.00000E+00  0.00000E+00  0.00000E+00  0.00000E+00  0.00000E+00  0.00000E+00  0.00000E+00  0.00000E+00  0.00000E+00  0.00000E+00  0.00000E+00  0.00000E+00  0.00000E+00  0.00000E+00
   17452   2  5.20935E-02  5.20935E-02  5.20935E-02  5.20935E-02  5.20935E-02  5.20935E-02  5.20935E-02  5.20935E-02  5.20935E-02  5.20935E-02  5.20935E-02  5.20935E-02  5.20935E-02  5.20935E-02  5.20935E-02  5.20935E-02  5.20935E-02  5.20935E-02  5.20935E-02  5.20935E-02  5.20935E-02  5.20935E-02  5.20935E-02  5.20935E-02
    6979   3  0.00000E+00  0.00000E+00  0.00000E+00  0.00000E+00  0.00000E+00  0.00000E+00  0.00000E+00  0.00000E+00  0.00000E+00  0.00000E+00  0.00000E+00  0.00000E+00  0.00000E+00  0.00000E+00  0.00000E+00  0.00000E+00  0.00000E+00  0.00000E+00  0.00000E+00  0.00000E+00  0.00000E+00  0.00000E+00  0.00000E+00  0.00000E+00
    9108   3  1.28137E+00  1.28137E+00  1.28137E+00  1.28137E+00  1.28137E+00  1.28137E+00  1.28137E+00  1.28137E+00  1.28137E+00  1.28137E+00  1.28137E+00  1.28137E+00  1.28137E+00  1.28137E+00  1.28137E+00  1.28137E+00  1.28137E+00  1.28137E+00  1.28137E+00  1.28137E+00  1.28137E+00  1.28137E+00  1.28137E+00  1.28137E+00
    2407   3  0.00000E+00  0.00000E+00  0.00000E+00  0.00000E+00  0.00000E+00  0.00000E+00  0.00000E+00  0.00000E+00  0.00000E+00  0.00000E+00  0.00000E+00  0.00000E+00  0.00000E+00  0.00000E+00  0.00000E+00  0.00000E+00  0.00000E+00  0.00000E+00  0.00000E+00  0.00000E+00  0.00000E+00  0.00000E+00  0.00000E+00  0.00000E+00
    2407   2  0.00000E+00  0.00000E+00  0.00000E+00  0.00000E+00  0.00000E+00  0.00000E+00  0.00000E+00  0.00000E+00  0.00000E+00  0.00000E+00  0.00000E+00  0.00000E+00  0.00000E+00  0.00000E+00  0.00000E+00  0.00000E+00  0.00000E+00  0.00000E+00  0.00000E+00  0.00000E+00  0.00000E+00  0.00000E+00  0.00000E+00  0.00000E+00
   13341   3  7.58692E-04  7.58692E-04  7.58692E-04  7.58692E-04  7.58692E-04  7.58692E-04  7.58692E-04  7.58692E-04  7.58692E-04  7.58692E-04  7.58692E-04  7.58692E-04  7.58692E-04  7.58692E-04  7.58692E-04  7.58692E-04  7.58692E-04  7.58692E-04  7.58692E-04  7.58692E-04  7.58692E-04  7.58692E-04  7.58692E-04  7.58692E-04
    9455   3  0.00000E+00  0.00000E+00  0.00000E+00  0.00000E+00  0.00000E+00  0.00000E+00  0.00000E+00  0.00000E+00  0.00000E+00  0.00000E+00  0.00000E+00  0.00000E+00  0.00000E+00  0.00000E+00  0.00000E+00  0.00000E+00  0.00000E+00  0.00000E+00  0.00000E+00  0.00000E+00  0.00000E+00  0.00000E+00  0.00000E+00  0.00000E+00
   11927   3  1.59473E-01  1.59473E-01  1.59473E-01  1.59473E-01  1.59473E-01  1.59473E-01  1.59473E-01  1.59473E-01  1.59473E-01  1.59473E-01  1.59473E-01  1.59473E-01  1.59473E-01  1.59473E-01  1.59473E-01  1.59473E-01  1.59473E-01  1.59473E-01  1.59473E-01  1.59473E-01  1.59473E-01  1.59473E-01  1.59473E-01  1.59473E-01
   12279   3  2.92087E-01  2.92087E-01  2.92087E-01  2.92087E-01  2.92087E-01  2.92087E-01  2.92087E-01  2.92087E-01  2.92087E-01  2.92087E-01  2.92087E-01  2.92087E-01  2.92087E-01  2.92087E-01  2.92087E-01  2.92087E-01  2.92087E-01  2.92087E-01  2.92087E-01  2.92087E-01  2.92087E-01  2.92087E-01  2.92087E-01  2.92087E-01
   12635   3  4.55984E-02  4.55984E-02  4.55984E-02  4.55984E-02  4.55984E-02  4.55984E-02  4.55984E-02  4.55984E-02  4.55984E-02  4.55984E-02  4.55984E-02  4.55984E-02  4.55984E-02  4.55984E-02  4.55984E-02  4.55984E-02  4.55984E-02  4.55984E-02  4.55984E-02  4.55984E-02  4.55984E-02  4.55984E-02  4.55984E-02  4.55984E-02
   12636   3  2.20940E-02  2.20940E-02  2.20940E-02  2.20940E-02  2.20940E-02  2.20940E-02  2.20940E-02  2.20940E-02  2.20940E-02  2.20940E-02  2.20940E-02  2.20940E-02  2.20940E-02  2.20940E-02  2.20940E-02  2.20940E-02  2.20940E-02  2.20940E-02  2.20940E-02  2.20940E-02  2.20940E-02  2.20940E-02  2.20940E-02  2.20940E-02
   14046   3  5.09619E-01  5.09619E-01  5.09619E-01  5.09619E-01  5.09619E-01  5.09619E-01  5.09619E-01  5.09619E-01  5.09619E-01  5.09619E-01  5.09619E-01  5.09619E-01  5.09619E-01  5.09619E-01  5.09619E-01  5.09619E-01  5.09619E-01  5.09619E-01  5.09619E-01  5.09619E-01  5.09619E-01  5.09619E-01  5.09619E-01  5.09619E-01
   14047   3  4.26590E+00  4.26590E+00  4.26590E+00  4.26590E+00  4.26590E+00  4.26590E+00  4.26590E+00  4.26590E+00  4.26590E+00  4.26590E+00  4.26590E+00  4.26590E+00  4.26590E+00  4.26590E+00  4.26590E+00  4.26590E+00  4.26590E+00  4.26590E+00  4.26590E+00  4.26590E+00  4.26590E+00  4.26590E+00  4.26590E+00  4.26590E+00
   14047   2  2.92670E+00  2.92670E+00  2.92670E+00  2.92670E+00  2.92670E+00  2.92670E+00  2.92670E+00  2.92670E+00  2.92670E+00  2.92670E+00  2.92670E+00  2.92670E+00  2.92670E+00  2.92670E+00  2.92670E+00  2.92670E+00  2.92670E+00  2.92670E+00  2.92670E+00  2.92670E+00  2.92670E+00  2.92670E+00  2.92670E+00  2.92670E+00
    9465   3  0.00000E+00  0.00000E+00  0.00000E+00  0.00000E+00  0.00000E+00  0.00000E+00  0.00000E+00  0.00000E+00  0.00000E+00  0.00000E+00  0.00000E+00  0.00000E+00  0.00000E+00  0.00000E+00  0.00000E+00  0.00000E+00  0.00000E+00  0.00000E+00  0.00000E+00  0.00000E+00  0.00000E+00  0.00000E+00  0.00000E+00  0.00000E+00
    1352   7  0.00000E+00  0.00000E+00  0.00000E+00  0.00000E+00  0.00000E+00  0.00000E+00  0.00000E+00  0.00000E+00  0.00000E+00  0.00000E+00  0.00000E+00  0.00000E+00  0.00000E+00  0.00000E+00  0.00000E+00  0.00000E+00  0.00000E+00  0.00000E+00  0.00000E+00  0.00000E+00  0.00000E+00  0.00000E+00  0.00000E+00  0.00000E+00
    1352   4  0.00000E+00  0.00000E+00  0.00000E+00  0.00000E+00  0.00000E+00  0.00000E+00  0.00000E+00  0.00000E+00  0.00000E+00  0.00000E+00  0.00000E+00  0.00000E+00  0.00000E+00  0.00000E+00  0.00000E+00  0.00000E+00  0.00000E+00  0.00000E+00  0.00000E+00  0.00000E+00  0.00000E+00  0.00000E+00  0.00000E+00  0.00000E+00
    9106   3  1.81511E-03  1.81511E-03  1.81511E-03  1.81511E-03  1.81511E-03  1.81511E-03  1.81511E-03  1.81511E-03  1.81511E-03  1.81511E-03  1.81511E-03  1.81511E-03  1.81511E-03  1.81511E-03  1.81511E-03  1.81511E-03  1.81511E-03  1.81511E-03  1.81511E-03  1.81511E-03  1.81511E-03  1.81511E-03  1.81511E-03  1.81511E-03
    9458   7  0.00000E+00  0.00000E+00  0.00000E+00  0.00000E+00  0.00000E+00  0.00000E+00  0.00000E+00  0.00000E+00  0.00000E+00  0.00000E+00  0.00000E+00  0.00000E+00  0.00000E+00  0.00000E+00  0.00000E+00  0.00000E+00  0.00000E+00  0.00000E+00  0.00000E+00  0.00000E+00  0.00000E+00  0.00000E+00  0.00000E+00  0.00000E+00
    9458   3  0.00000E+00  0.00000E+00  0.00000E+00  0.00000E+00  0.00000E+00  0.00000E+00  0.00000E+00  0.00000E+00  0.00000E+00  0.00000E+00  0.00000E+00  0.00000E+00  0.00000E+00  0.00000E+00  0.00000E+00  0.00000E+00  0.00000E+00  0.00000E+00  0.00000E+00  0.00000E+00  0.00000E+00  0.00000E+00  0.00000E+00  0.00000E+00
    9458   2  0.00000E+00  0.00000E+00  0.00000E+00  0.00000E+00  0.00000E+00  0.00000E+00  0.00000E+00  0.00000E+00  0.00000E+00  0.00000E+00  0.00000E+00  0.00000E+00  0.00000E+00  0.00000E+00  0.00000E+00  0.00000E+00  0.00000E+00  0.00000E+00  0.00000E+00  0.00000E+00  0.00000E+00  0.00000E+00  0.00000E+00  0.00000E+00
    6635   3  0.00000E+00  0.00000E+00  0.00000E+00  0.00000E+00  0.00000E+00  0.00000E+00  0.00000E+00  0.00000E+00  0.00000E+00  0.00000E+00  0.00000E+00  0.00000E+00  0.00000E+00  0.00000E+00  0.00000E+00  0.00000E+00  0.00000E+00  0.00000E+00  0.00000E+00  0.00000E+00  0.00000E+00  0.00000E+00  0.00000E+00  0.00000E+00
    6635   2  0.00000E+00  0.00000E+00  0.00000E+00  0.00000E+00  0.00000E+00  0.00000E+00  0.00000E+00  0.00000E+00  0.00000E+00  0.00000E+00  0.00000E+00  0.00000E+00  0.00000E+00  0.00000E+00  0.00000E+00  0.00000E+00  0.00000E+00  0.00000E+00  0.00000E+00  0.00000E+00  0.00000E+00  0.00000E+00  0.00000E+00  0.00000E+00
   11586   3  3.31796E-04  3.31796E-04  3.31796E-04  3.31796E-04  3.31796E-04  3.31796E-04  3.31796E-04  3.31796E-04  3.31796E-04  3.31796E-04  3.31796E-04  3.31796E-04  3.31796E-04  3.31796E-04  3.31796E-04  3.31796E-04  3.31796E-04  3.31796E-04  3.31796E-04  3.31796E-04  3.31796E-04  3.31796E-04  3.31796E-04  3.31796E-04
   19977   3  3.22511E+01  3.22511E+01  2.42911E+00  2.42911E+00  2.42911E+00  2.26767E+00  2.26767E+00  2.26767E+00  2.26767E+00  2.26767E+00  2.26767E+00  2.26767E+00  2.26767E+00  3.70484E+01  3.70484E+01  3.70484E+01  3.70484E+01  3.70484E+01  3.70484E+01  3.70484E+01  3.70484E+01  3.22511E+01  3.22511E+01  3.22511E+01
   19977   4  4.37659E+00  4.37659E+00  4.37659E+00  4.37659E+00  4.37659E+00  4.37659E+00  4.37659E+00  4.37659E+00  4.37659E+00  4.37659E+00  4.37659E+00  4.37659E+00  4.37659E+00  4.37659E+00  4.37659E+00  4.37659E+00  4.37659E+00  4.37659E+00  4.37659E+00  4.37659E+00  4.37659E+00  4.37659E+00  4.37659E+00  4.37659E+00
   19977   5  0.00000E+00  0.00000E+00  0.00000E+00  0.00000E+00  0.00000E+00  0.00000E+00  0.00000E+00  0.00000E+00  0.00000E+00  0.00000E+00  0.00000E+00  0.00000E+00  0.00000E+00  0.00000E+00  0.00000E+00  0.00000E+00  0.00000E+00  0.00000E+00  0.00000E+00  0.00000E+00  0.00000E+00  0.00000E+00  0.00000E+00  0.00000E+00
   20329   4  1.72245E+00  1.72245E+00  1.72245E+00  1.72245E+00  1.72245E+00  1.72245E+00  1.72245E+00  1.72245E+00  1.72245E+00  1.72245E+00  1.72245E+00  1.72245E+00  1.72245E+00  1.72245E+00  1.72245E+00  1.72245E+00  1.72245E+00  1.72245E+00  1.72245E+00  1.72245E+00  1.72245E+00  1.72245E+00  1.72245E+00  1.72245E+00
   20330   4  4.31090E+00  4.31090E+00  4.31090E+00  4.31090E+00  4.31090E+00  4.31090E+00  4.31090E+00  4.31090E+00  4.31090E+00  4.31090E+00  4.31090E+00  4.31090E+00  4.31090E+00  4.31090E+00  4.31090E+00  4.31090E+00  4.31090E+00  4.31090E+00  4.31090E+00  4.31090E+00  4.31090E+00  4.31090E+00  4.31090E+00  4.31090E+00
   19977   2  2.73727E-01  2.73727E-01  2.73727E-01  2.73727E-01  2.73727E-01  2.73727E-01  2.73727E-01  2.73727E-01  2.73727E-01  2.73727E-01  2.73727E-01  2.73727E-01  2.73727E-01  2.73727E-01  2.73727E-01  2.73727E-01  2.73727E-01  2.73727E-01  2.73727E-01  2.73727E-01  2.73727E-01  2.73727E-01  2.73727E-01  2.73727E-01
   19976   4  5.10401E+00  5.10401E+00  5.10401E+00  5.10401E+00  5.10401E+00  5.10401E+00  5.10401E+00  5.10401E+00  5.10401E+00  5.10401E+00  5.10401E+00  5.10401E+00  5.10401E+00  5.10401E+00  5.10401E+00  5.10401E+00  5.10401E+00  5.10401E+00  5.10401E+00  5.10401E+00  5.10401E+00  5.10401E+00  5.10401E+00  5.10401E+00
   19977   7  0.00000E+00  0.00000E+00  0.00000E+00  0.00000E+00  0.00000E+00  0.00000E+00  0.00000E+00  0.00000E+00  0.00000E+00  0.00000E+00  0.00000E+00  0.00000E+00  0.00000E+00  1.09897E+01  1.09897E+01  1.09897E+01  1.09897E+01  1.09897E+01  1.09897E+01  1.09897E+01  1.09897E+01  0.00000E+00  0.00000E+00  0.00000E+00
   20330   3  4.38264E+00  4.38264E+00  3.39243E+00  3.39243E+00  3.39243E+00  3.38587E+00  3.38587E+00  3.38587E+00  3.38587E+00  3.38587E+00  3.38587E+00  3.38587E+00  3.38587E+00  4.45041E+00  4.45041E+00  4.45041E+00  4.45041E+00  4.45041E+00  4.45041E+00  4.45041E+00  4.45041E+00  4.38264E+00  4.38264E+00  4.38264E+00
   19976   3  1.24127E+00  1.24127E+00  1.94041E-01  1.94041E-01  1.94041E-01  1.94041E-01  1.94041E-01  1.94041E-01  1.94041E-01  1.94041E-01  1.94041E-01  1.94041E-01  1.94041E-01  1.24127E+00  1.24127E+00  1.24127E+00  1.24127E+00  1.24127E+00  1.24127E+00  1.24127E+00  1.24127E+00  1.24127E+00  1.24127E+00  1.24127E+00
   19624   3  6.89215E+00  6.89215E+00  4.28936E-01  4.28936E-01  4.28936E-01  4.28936E-01  4.28936E-01  4.28936E-01  4.28936E-01  4.28936E-01  4.28936E-01  4.28936E-01  4.28936E-01  6.89215E+00  6.89215E+00  6.89215E+00  6.89215E+00  6.89215E+00  6.89215E+00  6.89215E+00  6.89215E+00  6.89215E+00  6.89215E+00  6.89215E+00
   19271   4  6.46797E-02  6.46797E-02  6.46797E-02  6.46797E-02  6.46797E-02  6.46797E-02  6.46797E-02  6.46797E-02  6.46797E-02  6.46797E-02  6.46797E-02  6.46797E-02  6.46797E-02  6.46797E-02  6.46797E-02  6.46797E-02  6.46797E-02  6.46797E-02  6.46797E-02  6.46797E-02  6.46797E-02  6.46797E-02  6.46797E-02  6.46797E-02
   19271   7  0.00000E+00  0.00000E+00  0.00000E+00  0.00000E+00  0.00000E+00  0.00000E+00  0.00000E+00  0.00000E+00  0.00000E+00  0.00000E+00  0.00000E+00  0.00000E+00  0.00000E+00  3.35950E-02  3.35950E-02  3.35950E-02  3.35950E-02  3.35950E-02  3.35950E-02  3.35950E-02  3.35950E-02  0.00000E+00  0.00000E+00  0.00000E+00
   19624   4  9.72044E-01  9.72044E-01  9.72044E-01  9.72044E-01  9.72044E-01  9.72044E-01  9.72044E-01  9.72044E-01  9.72044E-01  9.72044E-01  9.72044E-01  9.72044E-01  9.72044E-01  9.72044E-01  9.72044E-01  9.72044E-01  9.72044E-01  9.72044E-01  9.72044E-01  9.72044E-01  9.72044E-01  9.72044E-01  9.72044E-01  9.72044E-01
   19271   3  1.05706E+00  1.05706E+00  1.03827E+00  1.03827E+00  1.03827E+00  1.03827E+00  1.03827E+00  1.03827E+00  1.03827E+00  1.03827E+00  1.03827E+00  1.03827E+00  1.03827E+00  1.05706E+00  1.05706E+00  1.05706E+00  1.05706E+00  1.05706E+00  1.05706E+00  1.05706E+00  1.05706E+00  1.05706E+00  1.05706E+00  1.05706E+00
   19272   4  2.43632E-01  2.43632E-01  2.43632E-01  2.43632E-01  2.43632E-01  2.43632E-01  2.43632E-01  2.43632E-01  2.43632E-01  2.43632E-01  2.43632E-01  2.43632E-01  2.43632E-01  2.43632E-01  2.43632E-01  2.43632E-01  2.43632E-01  2.43632E-01  2.43632E-01  2.43632E-01  2.43632E-01  2.43632E-01  2.43632E-01  2.43632E-01
   19622   3  1.22978E-04  1.22978E-04  1.22978E-04  1.22978E-04  1.22978E-04  1.22978E-04  1.22978E-04  1.22978E-04  1.22978E-04  1.22978E-04  1.22978E-04  1.22978E-04  1.22978E-04  1.22978E-04  1.22978E-04  1.22978E-04  1.22978E-04  1.22978E-04  1.22978E-04  1.22978E-04  1.22978E-04  1.22978E-04  1.22978E-04  1.22978E-04
   19269   4  1.36823E-04  1.36823E-04  1.36823E-04  1.36823E-04  1.36823E-04  1.36823E-04  1.36823E-04  1.36823E-04  1.36823E-04  1.36823E-04  1.36823E-04  1.36823E-04  1.36823E-04  1.36823E-04  1.36823E-04  1.36823E-04  1.36823E-04  1.36823E-04  1.36823E-04  1.36823E-04  1.36823E-04  1.36823E-04  1.36823E-04  1.36823E-04
   20330   5  0.00000E+00  0.00000E+00  0.00000E+00  0.00000E+00  0.00000E+00  0.00000E+00  0.00000E+00  0.00000E+00  0.00000E+00  0.00000E+00  0.00000E+00  0.00000E+00  0.00000E+00  0.00000E+00  0.00000E+00  0.00000E+00  0.00000E+00  0.00000E+00  0.00000E+00  0.00000E+00  0.00000E+00  0.00000E+00  0.00000E+00  0.00000E+00
   19978   4  3.76785E+00  3.76785E+00  3.76785E+00  3.76785E+00  3.76785E+00  3.76785E+00  3.76785E+00  3.76785E+00  3.76785E+00  3.76785E+00  3.76785E+00  3.76785E+00  3.76785E+00  3.76785E+00  3.76785E+00  3.76785E+00  3.76785E+00  3.76785E+00  3.76785E+00  3.76785E+00  3.76785E+00  3.76785E+00  3.76785E+00  3.76785E+00
   19978   3  1.44267E+00  1.44267E+00  4.63174E-01  4.63174E-01  4.63174E-01  4.63174E-01  4.63174E-01  4.63174E-01  4.63174E-01  4.63174E-01  4.63174E-01  4.63174E-01  4.63174E-01  1.44267E+00  1.44267E+00  1.44267E+00  1.44267E+00  1.44267E+00  1.44267E+00  1.44267E+00  1.44267E+00  1.44267E+00  1.44267E+00  1.44267E+00
   19625   3  5.69897E+00  5.69897E+00  3.21798E+00  3.21798E+00  3.21798E+00  3.16199E+00  3.16199E+00  3.16199E+00  3.16199E+00  3.16199E+00  3.16199E+00  3.16199E+00  3.16199E+00  8.93220E+01  8.93220E+01  8.93220E+01  8.93220E+01  8.93220E+01  8.93220E+01  8.93220E+01  8.93220E+01  5.69897E+00  5.69897E+00  5.69897E+00
   19625   4  6.16459E+00  6.16459E+00  6.16459E+00  6.16459E+00  6.16459E+00  6.16459E+00  6.16459E+00  6.16459E+00  6.16459E+00  6.16459E+00  6.16459E+00  6.16459E+00  6.16459E+00  6.16459E+00  6.16459E+00  6.16459E+00  6.16459E+00  6.16459E+00  6.16459E+00  6.16459E+00  6.16459E+00  6.16459E+00  6.16459E+00  6.16459E+00
   19625   7  0.00000E+00  0.00000E+00  0.00000E+00  0.00000E+00  0.00000E+00  0.00000E+00  0.00000E+00  0.00000E+00  0.00000E+00  0.00000E+00  0.00000E+00  0.00000E+00  0.00000E+00  1.66735E-01  1.66735E-01  1.66735E-01  1.66735E-01  1.66735E-01  1.66735E-01  1.66735E-01  1.66735E-01  0.00000E+00  0.00000E+00  0.00000E+00
   19625   5  0.00000E+00  0.00000E+00  0.00000E+00  0.00000E+00  0.00000E+00  0.00000E+00  0.00000E+00  0.00000E+00  0.00000E+00  0.00000E+00  0.00000E+00  0.00000E+00  0.00000E+00  0.00000E+00  0.00000E+00  0.00000E+00  0.00000E+00  0.00000E+00  0.00000E+00  0.00000E+00  0.00000E+00  0.00000E+00  0.00000E+00  0.00000E+00
   19272   3  2.20112E-01  2.20112E-01  9.98281E-02  9.98281E-02  9.98281E-02  9.98281E-02  9.98281E-02  9.98281E-02  9.98281E-02  9.98281E-02  9.98281E-02  9.98281E-02  9.98281E-02  2.20112E-01  2.20112E-01  2.20112E-01  2.20112E-01  2.20112E-01  2.20112E-01  2.20112E-01  2.20112E-01  2.20112E-01  2.20112E-01  2.20112E-01
   19626   3  1.07699E-01  1.07699E-01  1.07699E-01  1.07699E-01  1.07699E-01  9.71639E-02  9.71639E-02  9.71639E-02  9.71639E-02  9.71639E-02  9.71639E-02  9.71639E-02  9.71639E-02  1.07931E-01  1.07931E-01  1.07931E-01  1.07931E-01  1.07931E-01  1.07931E-01  1.07931E-01  1.07931E-01  1.07699E-01  1.07699E-01  1.07699E-01
   19626   4  1.79979E+00  1.79979E+00  1.79979E+00  1.79979E+00  1.79979E+00  1.79979E+00  1.79979E+00  1.79979E+00  1.79979E+00  1.79979E+00  1.79979E+00  1.79979E+00  1.79979E+00  1.79979E+00  1.79979E+00  1.79979E+00  1.79979E+00  1.79979E+00  1.79979E+00  1.79979E+00  1.79979E+00  1.79979E+00  1.79979E+00  1.79979E+00
   19626   5  0.00000E+00  0.00000E+00  0.00000E+00  0.00000E+00  0.00000E+00  0.00000E+00  0.00000E+00  0.00000E+00  0.00000E+00  0.00000E+00  0.00000E+00  0.00000E+00  0.00000E+00  0.00000E+00  0.00000E+00  0.00000E+00  0.00000E+00  0.00000E+00  0.00000E+00  0.00000E+00  0.00000E+00  0.00000E+00  0.00000E+00  0.00000E+00
   19270   3  1.74370E-01  1.74370E-01  1.53249E-01  1.53249E-01  1.53249E-01  1.53249E-01  1.53249E-01  1.53249E-01  1.53249E-01  1.53249E-01  1.53249E-01  1.53249E-01  1.53249E-01  1.74374E-01  1.74374E-01  1.74374E-01  1.74374E-01  1.74374E-01  1.74374E-01  1.74374E-01  1.74374E-01  1.74370E-01  1.74370E-01  1.74370E-01
   19270   4  1.94401E-01  1.94401E-01  1.94401E-01  1.94401E-01  1.94401E-01  1.94401E-01  1.94401E-01  1.94401E-01  1.94401E-01  1.94401E-01  1.94401E-01  1.94401E-01  1.94401E-01  1.94680E-01  1.94680E-01  1.94680E-01  1.94680E-01  1.94680E-01  1.94680E-01  1.94680E-01  1.94680E-01  1.94401E-01  1.94401E-01  1.94401E-01
   19623   4  8.16161E-05  8.16161E-05  8.16161E-05  8.16161E-05  8.16161E-05  8.16161E-05  8.16161E-05  8.16161E-05  8.16161E-05  8.16161E-05  8.16161E-05  8.16161E-05  8.16161E-05  8.16161E-05  8.16161E-05  8.16161E-05  8.16161E-05  8.16161E-05  8.16161E-05  8.16161E-05  8.16161E-05  8.16161E-05  8.16161E-05  8.16161E-05
   19623   3  9.82682E-02  9.82682E-02  9.82682E-02  9.82682E-02  9.82682E-02  9.82682E-02  9.82682E-02  9.82682E-02  9.82682E-02  9.82682E-02  9.82682E-02  9.82682E-02  9.82682E-02  9.82682E-02  9.82682E-02  9.82682E-02  9.82682E-02  9.82682E-02  9.82682E-02  9.82682E-02  9.82682E-02  9.82682E-02  9.82682E-02  9.82682E-02
   19623   7  0.00000E+00  0.00000E+00  0.00000E+00  0.00000E+00  0.00000E+00  0.00000E+00  0.00000E+00  0.00000E+00  0.00000E+00  0.00000E+00  0.00000E+00  0.00000E+00  0.00000E+00  1.99268E-01  1.99268E-01  1.99268E-01  1.99268E-01  1.99268E-01  1.99268E-01  1.99268E-01  1.99268E-01  0.00000E+00  0.00000E+00  0.00000E+00
   19273   4  5.40301E-01  5.40301E-01  5.40301E-01  5.40301E-01  5.40301E-01  5.40301E-01  5.40301E-01  5.40301E-01  5.40301E-01  5.40301E-01  5.40301E-01  5.40301E-01  5.40301E-01  5.40301E-01  5.40301E-01  5.40301E-01  5.40301E-01  5.40301E-01  5.40301E-01  5.40301E-01  5.40301E-01  5.40301E-01  5.40301E-01  5.40301E-01
   19273   3  1.65862E-01  1.65862E-01  9.82022E-02  9.82022E-02  9.82022E-02  9.82022E-02  9.82022E-02  9.82022E-02  9.82022E-02  9.82022E-02  9.82022E-02  9.82022E-02  9.82022E-02  1.22110E+01  1.22110E+01  1.22110E+01  1.22110E+01  1.22110E+01  1.22110E+01  1.22110E+01  1.22110E+01  1.65862E-01  1.65862E-01  1.65862E-01
   19273   5  2.06733E-02  2.06733E-02  2.06733E-02  2.06733E-02  2.06733E-02  2.06733E-02  2.06733E-02  2.06733E-02  2.06733E-02  2.06733E-02  2.06733E-02  2.06733E-02  2.06733E-02  2.06733E-02  2.06733E-02  2.06733E-02  2.06733E-02  2.06733E-02  2.06733E-02  2.06733E-02  2.06733E-02  2.06733E-02  2.06733E-02  2.06733E-02
   18917   4  2.89168E-01  2.89168E-01  2.89168E-01  2.89168E-01  2.89168E-01  2.89168E-01  2.89168E-01  2.89168E-01  2.89168E-01  2.89168E-01  2.89168E-01  2.89168E-01  2.89168E-01  2.89168E-01  2.89168E-01  2.89168E-01  2.89168E-01  2.89168E-01  2.89168E-01  2.89168E-01  2.89168E-01  2.89168E-01  2.89168E-01  2.89168E-01
   18917   3  1.07428E-01  1.07428E-01  2.99903E-04  2.99903E-04  2.99903E-04  2.99903E-04  2.99903E-04  2.99903E-04  2.99903E-04  2.99903E-04  2.99903E-04  2.99903E-04  2.99903E-04  1.07428E-01  1.07428E-01  1.07428E-01  1.07428E-01  1.07428E-01  1.07428E-01  1.07428E-01  1.07428E-01  1.07428E-01  1.07428E-01  1.07428E-01
   18919   3  7.29607E-02  7.29607E-02  2.44085E-02  2.44085E-02  2.44085E-02  2.44085E-02  2.44085E-02  2.44085E-02  2.44085E-02  2.44085E-02  2.44085E-02  2.44085E-02  2.44085E-02  7.29607E-02  7.29607E-02  7.29607E-02  7.29607E-02  7.29607E-02  7.29607E-02  7.29607E-02  7.29607E-02  7.29607E-02  7.29607E-02  7.29607E-02
   18919   4  6.46815E-02  6.46815E-02  6.46815E-02  6.46815E-02  6.46815E-02  6.46815E-02  6.46815E-02  6.46815E-02  6.46815E-02  6.46815E-02  6.46815E-02  6.46815E-02  6.46815E-02  6.46815E-02  6.46815E-02  6.46815E-02  6.46815E-02  6.46815E-02  6.46815E-02  6.46815E-02  6.46815E-02  6.46815E-02  6.46815E-02  6.46815E-02
   19624   5  9.96608E-03  9.96608E-03  9.96608E-03  9.96608E-03  9.96608E-03  9.96608E-03  9.96608E-03  9.96608E-03  9.96608E-03  9.96608E-03  9.96608E-03  9.96608E-03  9.96608E-03  9.96608E-03  9.96608E-03  9.96608E-03  9.96608E-03  9.96608E-03  9.96608E-03  9.96608E-03  9.96608E-03  9.96608E-03  9.96608E-03  9.96608E-03
   19976   5  5.35422E-02  5.35422E-02  5.35422E-02  5.35422E-02  5.35422E-02  5.35422E-02  5.35422E-02  5.35422E-02  5.35422E-02  5.35422E-02  5.35422E-02  5.35422E-02  5.35422E-02  5.35422E-02  5.35422E-02  5.35422E-02  5.35422E-02  5.35422E-02  5.35422E-02  5.35422E-02  5.35422E-02  5.35422E-02  5.35422E-02  5.35422E-02
   19976   2  4.62224E-01  4.62224E-01  4.62224E-01  4.62224E-01  4.62224E-01  4.62224E-01  4.62224E-01  4.62224E-01  4.62224E-01  4.62224E-01  4.62224E-01  4.62224E-01  4.62224E-01  4.62224E-01  4.62224E-01  4.62224E-01  4.62224E-01  4.62224E-01  4.62224E-01  4.62224E-01  4.62224E-01  4.62224E-01  4.62224E-01  4.62224E-01
   19978   7  0.00000E+00  0.00000E+00  0.00000E+00  0.00000E+00  0.00000E+00  0.00000E+00  0.00000E+00  0.00000E+00  0.00000E+00  0.00000E+00  0.00000E+00  0.00000E+00  0.00000E+00  2.06991E-01  2.06991E-01  2.06991E-01  2.06991E-01  2.06991E-01  2.06991E-01  2.06991E-01  2.06991E-01  0.00000E+00  0.00000E+00  0.00000E+00
   44604   3  1.23384E-04  1.23384E-04  1.23384E-04  1.23384E-04  1.23384E-04  1.23384E-04  1.23384E-04  1.23384E-04  1.23384E-04  1.23384E-04  1.23384E-04  1.23384E-04  1.23384E-04  1.23384E-04  1.23384E-04  1.23384E-04  1.23384E-04  1.23384E-04  1.23384E-04  1.23384E-04  1.23384E-04  1.23384E-04  1.23384E-04  1.23384E-04
   42517   3  1.44005E-06  1.44005E-06  1.44005E-06  1.44005E-06  1.44005E-06  1.44005E-06  1.44005E-06  1.44005E-06  1.44005E-06  1.44005E-06  1.44005E-06  1.44005E-06  1.44005E-06  1.44005E-06  1.44005E-06  1.44005E-06  1.44005E-06  1.44005E-06  1.44005E-06  1.44005E-06  1.44005E-06  1.44005E-06  1.44005E-06  1.44005E-06
   43929   3  0.00000E+00  0.00000E+00  0.00000E+00  0.00000E+00  0.00000E+00  0.00000E+00  0.00000E+00  0.00000E+00  0.00000E+00  0.00000E+00  0.00000E+00  0.00000E+00  0.00000E+00  0.00000E+00  0.00000E+00  0.00000E+00  0.00000E+00  0.00000E+00  0.00000E+00  0.00000E+00  0.00000E+00  0.00000E+00  0.00000E+00  0.00000E+00
   39330   3  3.84103E-04  3.84103E-04  3.84103E-04  3.84103E-04  3.84103E-04  3.84103E-04  3.84103E-04  3.84103E-04  3.84103E-04  3.84103E-04  3.84103E-04  3.84103E-04  3.84103E-04  3.84103E-04  3.84103E-04  3.84103E-04  3.84103E-04  3.84103E-04  3.84103E-04  3.84103E-04  3.84103E-04  3.84103E-04  3.84103E-04  3.84103E-04
   39327   2  1.66273E+01  1.66273E+01  1.66273E+01  1.66273E+01  1.66273E+01  1.66273E+01  1.66273E+01  1.66273E+01  1.66273E+01  1.66273E+01  1.66273E+01  1.66273E+01  1.66273E+01  1.66273E+01  1.66273E+01  1.66273E+01  1.66273E+01  1.66273E+01  1.66273E+01  1.66273E+01  1.66273E+01  1.66273E+01  1.66273E+01  1.66273E+01
   39327   4  4.35564E-01  4.35564E-01  4.35564E-01  4.35564E-01  4.35564E-01  4.35564E-01  4.35564E-01  4.35564E-01  4.35564E-01  4.35564E-01  4.35564E-01  4.35564E-01  4.35564E-01  4.35564E-01  4.35564E-01  4.35564E-01  4.35564E-01  4.35564E-01  4.35564E-01  4.35564E-01  4.35564E-01  4.35564E-01  4.35564E-01  4.35564E-01
   39683   4  2.86807E-02  2.86807E-02  2.86807E-02  2.86807E-02  2.86807E-02  2.86807E-02  2.86807E-02  2.86807E-02  2.86807E-02  2.86807E-02  2.86807E-02  2.86807E-02  2.86807E-02  2.86807E-02  2.86807E-02  2.86807E-02  2.86807E-02  2.86807E-02  2.86807E-02  2.86807E-02  2.86807E-02  2.86807E-02  2.86807E-02  2.86807E-02
   39682   7  0.00000E+00  0.00000E+00  0.00000E+00  0.00000E+00  0.00000E+00  0.00000E+00  0.00000E+00  0.00000E+00  0.00000E+00  0.00000E+00  0.00000E+00  0.00000E+00  0.00000E+00  0.00000E+00  0.00000E+00  0.00000E+00  0.00000E+00  0.00000E+00  0.00000E+00  0.00000E+00  0.00000E+00  0.00000E+00  0.00000E+00  0.00000E+00
   46049   3  0.00000E+00  0.00000E+00  0.00000E+00  0.00000E+00  0.00000E+00  0.00000E+00  0.00000E+00  0.00000E+00  0.00000E+00  0.00000E+00  0.00000E+00  0.00000E+00  0.00000E+00  0.00000E+00  0.00000E+00  0.00000E+00  0.00000E+00  0.00000E+00  0.00000E+00  0.00000E+00  0.00000E+00  0.00000E+00  0.00000E+00  0.00000E+00
   46755   2  7.52597E+01  7.41460E+01  7.00090E+01  6.31673E+01  5.60072E+01  4.73438E+01  4.38368E+01  4.20834E+01  4.14989E+01  4.26679E+01  4.61748E+01  5.17275E+01  5.88875E+01  6.32712E+01  6.67781E+01  6.98467E+01  7.10157E+01  7.21847E+01  7.26230E+01  7.32075E+01  7.30614E+01  7.26230E+01  7.14540E+01  6.97006E+01
   46403   3  0.00000E+00  0.00000E+00  0.00000E+00  0.00000E+00  0.00000E+00  0.00000E+00  0.00000E+00  0.00000E+00  0.00000E+00  0.00000E+00  0.00000E+00  0.00000E+00  0.00000E+00  0.00000E+00  0.00000E+00  0.00000E+00  0.00000E+00  0.00000E+00  0.00000E+00  0.00000E+00  0.00000E+00  0.00000E+00  0.00000E+00  0.00000E+00
   46755   1  0.00000E+00  0.00000E+00  0.00000E+00  0.00000E+00  0.00000E+00  0.00000E+00  0.00000E+00  0.00000E+00  0.00000E+00  0.00000E+00  0.00000E+00  0.00000E+00  0.00000E+00  0.00000E+00  0.00000E+00  0.00000E+00  0.00000E+00  0.00000E+00  0.00000E+00  0.00000E+00  0.00000E+00  0.00000E+00  0.00000E+00  0.00000E+00
   46755   3  1.15224E-02  1.15224E-02  1.15224E-02  1.15224E-02  1.15224E-02  1.15224E-02  1.15224E-02  1.15224E-02  1.15224E-02  1.15224E-02  1.15224E-02  1.15224E-02  1.15224E-02  1.15224E-02  1.15224E-02  1.15224E-02  1.15224E-02  1.15224E-02  1.15224E-02  1.15224E-02  1.15224E-02  1.15224E-02  1.15224E-02  1.15224E-02
   46755   4  2.13897E-01  2.13897E-01  2.13897E-01  2.13897E-01  2.13897E-01  2.13897E-01  2.13897E-01  2.13897E-01  2.13897E-01  2.13897E-01  2.13897E-01  2.13897E-01  2.13897E-01  2.13897E-01  2.13897E-01  2.13897E-01  2.13897E-01  2.13897E-01  2.13897E-01  2.13897E-01  2.13897E-01  2.13897E-01  2.13897E-01  2.13897E-01
   46753   4  0.00000E+00  0.00000E+00  0.00000E+00  0.00000E+00  0.00000E+00  0.00000E+00  0.00000E+00  0.00000E+00  0.00000E+00  0.00000E+00  0.00000E+00  0.00000E+00  0.00000E+00  5.21231E-02  5.21231E-02  5.21231E-02  5.21231E-02  5.21231E-02  5.21231E-02  5.21231E-02  5.21231E-02  0.00000E+00  0.00000E+00  0.00000E+00
   47110   3  4.00963E-03  4.00963E-03  4.00963E-03  4.00963E-03  4.00963E-03  4.00963E-03  4.00963E-03  4.00963E-03  4.00963E-03  4.00963E-03  4.00963E-03  4.00963E-03  4.00963E-03  4.00963E-03  4.00963E-03  4.00963E-03  4.00963E-03  4.00963E-03  4.00963E-03  4.00963E-03  4.00963E-03  4.00963E-03  4.00963E-03  4.00963E-03
   46402   7  0.00000E+00  0.00000E+00  0.00000E+00  0.00000E+00  0.00000E+00  0.00000E+00  0.00000E+00  0.00000E+00  0.00000E+00  0.00000E+00  0.00000E+00  0.00000E+00  0.00000E+00  0.00000E+00  0.00000E+00  0.00000E+00  0.00000E+00  0.00000E+00  0.00000E+00  0.00000E+00  0.00000E+00  0.00000E+00  0.00000E+00  0.00000E+00
   47787   3  1.60212E-05  1.60212E-05  1.60212E-05  1.60212E-05  1.60212E-05  1.60212E-05  1.60212E-05  1.60212E-05  1.60212E-05  1.60212E-05  1.60212E-05  1.60212E-05  1.60212E-05  1.60212E-05  1.60212E-05  1.60212E-05  1.60212E-05  1.60212E-05  1.60212E-05  1.60212E-05  1.60212E-05  1.60212E-05  1.60212E-05  1.60212E-05
   47460   4  0.00000E+00  0.00000E+00  0.00000E+00  0.00000E+00  0.00000E+00  0.00000E+00  0.00000E+00  0.00000E+00  0.00000E+00  0.00000E+00  0.00000E+00  0.00000E+00  0.00000E+00  0.00000E+00  0.00000E+00  0.00000E+00  0.00000E+00  0.00000E+00  0.00000E+00  0.00000E+00  0.00000E+00  0.00000E+00  0.00000E+00  0.00000E+00
   42139   3  2.01083E-01  2.01083E-01  2.01083E-01  2.01083E-01  2.01083E-01  2.01083E-01  2.01083E-01  2.01083E-01  2.01083E-01  2.01083E-01  2.01083E-01  2.01083E-01  2.01083E-01  2.01083E-01  2.01083E-01  2.01083E-01  2.01083E-01  2.01083E-01  2.01083E-01  2.01083E-01  2.01083E-01  2.01083E-01  2.01083E-01  2.01083E-01
   41804   3  3.63066E-05  3.63066E-05  3.63066E-05  3.63066E-05  3.63066E-05  3.63066E-05  3.63066E-05  3.63066E-05  3.63066E-05  3.63066E-05  3.63066E-05  3.63066E-05  3.63066E-05  3.63066E-05  3.63066E-05  3.63066E-05  3.63066E-05  3.63066E-05  3.63066E-05  3.63066E-05  3.63066E-05  3.63066E-05  3.63066E-05  3.63066E-05
   40021   4  5.96174E-05  5.96174E-05  5.96174E-05  5.96174E-05  5.96174E-05  5.96174E-05  5.96174E-05  5.96174E-05  5.96174E-05  5.96174E-05  5.96174E-05  5.96174E-05  5.96174E-05  5.96174E-05  5.96174E-05  5.96174E-05  5.96174E-05  5.96174E-05  5.96174E-05  5.96174E-05  5.96174E-05  5.96174E-05  5.96174E-05  5.96174E-05
   43907   3  0.00000E+00  0.00000E+00  0.00000E+00  0.00000E+00  0.00000E+00  0.00000E+00  0.00000E+00  0.00000E+00  0.00000E+00  0.00000E+00  0.00000E+00  0.00000E+00  0.00000E+00  0.00000E+00  0.00000E+00  0.00000E+00  0.00000E+00  0.00000E+00  0.00000E+00  0.00000E+00  0.00000E+00  0.00000E+00  0.00000E+00  0.00000E+00
   24538   7  0.00000E+00  0.00000E+00  0.00000E+00  0.00000E+00  0.00000E+00  0.00000E+00  0.00000E+00  0.00000E+00  0.00000E+00  0.00000E+00  0.00000E+00  0.00000E+00  0.00000E+00  0.00000E+00  0.00000E+00  0.00000E+00  0.00000E+00  0.00000E+00  0.00000E+00  0.00000E+00  0.00000E+00  0.00000E+00  0.00000E+00  0.00000E+00
   24549   3  0.00000E+00  0.00000E+00  0.00000E+00  0.00000E+00  0.00000E+00  0.00000E+00  0.00000E+00  0.00000E+00  0.00000E+00  0.00000E+00  0.00000E+00  0.00000E+00  0.00000E+00  0.00000E+00  0.00000E+00  0.00000E+00  0.00000E+00  0.00000E+00  0.00000E+00  0.00000E+00  0.00000E+00  0.00000E+00  0.00000E+00  0.00000E+00
   24549   4  1.03127E-03  1.03127E-03  1.03127E-03  1.03127E-03  1.03127E-03  1.03127E-03  1.03127E-03  1.03127E-03  1.03127E-03  1.03127E-03  1.03127E-03  1.03127E-03  1.03127E-03  1.03127E-03  1.03127E-03  1.03127E-03  1.03127E-03  1.03127E-03  1.03127E-03  1.03127E-03  1.03127E-03  1.03127E-03  1.03127E-03  1.03127E-03
   24547   4  2.83810E-01  2.83810E-01  2.83810E-01  2.83810E-01  2.83810E-01  2.83810E-01  2.83810E-01  2.83810E-01  2.83810E-01  2.83810E-01  2.83810E-01  2.83810E-01  2.83810E-01  1.89937E+01  1.89937E+01  1.89937E+01  1.89937E+01  1.89937E+01  1.89937E+01  1.89937E+01  1.89937E+01  2.83810E-01  2.83810E-01  2.83810E-01
   24547   6  2.12834E-01  2.12834E-01  2.12834E-01  2.12834E-01  2.12834E-01  2.12834E-01  2.12834E-01  2.12834E-01  2.12834E-01  2.12834E-01  2.12834E-01  2.12834E-01  2.12834E-01  2.12834E-01  2.12834E-01  2.12834E-01  2.12834E-01  2.12834E-01  2.12834E-01  2.12834E-01  2.12834E-01  2.12834E-01  2.12834E-01  2.12834E-01
   24547   2  3.04049E-02  3.04049E-02  3.04049E-02  3.04049E-02  3.04049E-02  3.04049E-02  3.04049E-02  3.04049E-02  3.04049E-02  3.04049E-02  3.04049E-02  3.04049E-02  3.04049E-02  3.04049E-02  3.04049E-02  3.04049E-02  3.04049E-02  3.04049E-02  3.04049E-02  3.04049E-02  3.04049E-02  3.04049E-02  3.04049E-02  3.04049E-02
   24547   5  1.21620E-01  1.21620E-01  1.21620E-01  1.21620E-01  1.21620E-01  1.21620E-01  1.21620E-01  1.21620E-01  1.21620E-01  1.21620E-01  1.21620E-01  1.21620E-01  1.21620E-01  4.27936E+00  4.27936E+00  4.27936E+00  4.27936E+00  4.27936E+00  4.27936E+00  4.27936E+00  4.27936E+00  1.21620E-01  1.21620E-01  1.21620E-01
   24547   3  1.09189E+00  1.09189E+00  1.09189E+00  1.09189E+00  1.09189E+00  1.09189E+00  1.09189E+00  1.09189E+00  1.09189E+00  1.09189E+00  1.09189E+00  1.09189E+00  1.09189E+00  1.98017E+01  1.98017E+01  1.98017E+01  1.98017E+01  1.98017E+01  1.98017E+01  1.98017E+01  1.98017E+01  1.09189E+00  1.09189E+00  1.09189E+00
   24547   7  0.00000E+00  0.00000E+00  0.00000E+00  0.00000E+00  0.00000E+00  0.00000E+00  0.00000E+00  0.00000E+00  0.00000E+00  0.00000E+00  0.00000E+00  0.00000E+00  0.00000E+00  0.00000E+00  0.00000E+00  0.00000E+00  0.00000E+00  0.00000E+00  0.00000E+00  0.00000E+00  0.00000E+00  0.00000E+00  0.00000E+00  0.00000E+00
   26660   3  2.51549E-03  2.51549E-03  2.51549E-03  2.51549E-03  2.51549E-03  2.51549E-03  2.51549E-03  2.51549E-03  2.51549E-03  2.51549E-03  2.51549E-03  2.51549E-03  2.51549E-03  2.51549E-03  2.51549E-03  2.51549E-03  2.51549E-03  2.51549E-03  2.51549E-03  2.51549E-03  2.51549E-03  2.51549E-03  2.51549E-03  2.51549E-03
   25246   4  5.14016E-03  5.14016E-03  5.14016E-03  5.14016E-03  5.14016E-03  5.14016E-03  5.14016E-03  5.14016E-03  5.14016E-03  5.14016E-03  5.14016E-03  5.14016E-03  5.14016E-03  5.14016E-03  5.14016E-03  5.14016E-03  5.14016E-03  5.14016E-03  5.14016E-03  5.14016E-03  5.14016E-03  5.14016E-03  5.14016E-03  5.14016E-03
   25246   7  0.00000E+00  0.00000E+00  0.00000E+00  0.00000E+00  0.00000E+00  0.00000E+00  0.00000E+00  0.00000E+00  0.00000E+00  0.00000E+00  0.00000E+00  0.00000E+00  0.00000E+00  0.00000E+00  0.00000E+00  0.00000E+00  0.00000E+00  0.00000E+00  0.00000E+00  0.00000E+00  0.00000E+00  0.00000E+00  0.00000E+00  0.00000E+00
   27008   7  0.00000E+00  0.00000E+00  0.00000E+00  0.00000E+00  0.00000E+00  0.00000E+00  0.00000E+00  0.00000E+00  0.00000E+00  0.00000E+00  0.00000E+00  0.00000E+00  0.00000E+00  0.00000E+00  0.00000E+00  0.00000E+00  0.00000E+00  0.00000E+00  0.00000E+00  0.00000E+00  0.00000E+00  0.00000E+00  0.00000E+00  0.00000E+00
   27008   4  0.00000E+00  0.00000E+00  0.00000E+00  0.00000E+00  0.00000E+00  0.00000E+00  0.00000E+00  0.00000E+00  0.00000E+00  0.00000E+00  0.00000E+00  0.00000E+00  0.00000E+00  0.00000E+00  0.00000E+00  0.00000E+00  0.00000E+00  0.00000E+00  0.00000E+00  0.00000E+00  0.00000E+00  0.00000E+00  0.00000E+00  0.00000E+00
   24896   2  4.50954E+02  4.47119E+02  4.32876E+02  4.09320E+02  3.84668E+02  3.54840E+02  3.42766E+02  3.36728E+02  3.34716E+02  3.38741E+02  3.50815E+02  3.69933E+02  3.94585E+02  4.09677E+02  4.21752E+02  4.32317E+02  4.36341E+02  4.40366E+02  4.41875E+02  4.43888E+02  4.43385E+02  4.41875E+02  4.37851E+02  4.31814E+02
   24896   6  8.63722E+01  8.50940E+01  8.03462E+01  7.24942E+01  6.42770E+01  5.43343E+01  5.03096E+01  4.82972E+01  4.76264E+01  4.89680E+01  5.29927E+01  5.93653E+01  6.75825E+01  7.26135E+01  7.66382E+01  8.01599E+01  8.15015E+01  8.28431E+01  8.33462E+01  8.40170E+01  8.38493E+01  8.33462E+01  8.20046E+01  7.99922E+01
   24896   7  0.00000E+00  0.00000E+00  0.00000E+00  0.00000E+00  0.00000E+00  0.00000E+00  0.00000E+00  0.00000E+00  0.00000E+00  0.00000E+00  0.00000E+00  0.00000E+00  0.00000E+00  0.00000E+00  0.00000E+00  0.00000E+00  0.00000E+00  0.00000E+00  0.00000E+00  0.00000E+00  0.00000E+00  0.00000E+00  0.00000E+00  0.00000E+00
   24896   3  4.26852E+01  4.26852E+01  4.26852E+01  4.26852E+01  4.26852E+01  4.26852E+01  4.26852E+01  4.26852E+01  4.26852E+01  4.26852E+01  4.26852E+01  4.26852E+01  4.26852E+01  4.26852E+01  4.26852E+01  4.26852E+01  4.26852E+01  4.26852E+01  4.26852E+01  4.26852E+01  4.26852E+01  4.26852E+01  4.26852E+01  4.26852E+01
   24896   4  0.00000E+00  0.00000E+00  0.00000E+00  0.00000E+00  0.00000E+00  0.00000E+00  0.00000E+00  0.00000E+00  0.00000E+00  0.00000E+00  0.00000E+00  0.00000E+00  0.00000E+00  0.00000E+00  0.00000E+00  0.00000E+00  0.00000E+00  0.00000E+00  0.00000E+00  0.00000E+00  0.00000E+00  0.00000E+00  0.00000E+00  0.00000E+00
   23133   3  1.70773E-04  1.70773E-04  1.70773E-04  1.70773E-04  1.70773E-04  1.70773E-04  1.70773E-04  1.70773E-04  1.70773E-04  1.70773E-04  1.70773E-04  1.70773E-04  1.70773E-04  1.70773E-04  1.70773E-04  1.70773E-04  1.70773E-04  1.70773E-04  1.70773E-04  1.70773E-04  1.70773E-04  1.70773E-04  1.70773E-04  1.70773E-04
   26300   4  2.00616E-03  2.00616E-03  2.00616E-03  2.00616E-03  2.00616E-03  2.00616E-03  2.00616E-03  2.00616E-03  2.00616E-03  2.00616E-03  2.00616E-03  2.00616E-03  2.00616E-03  2.00616E-03  2.00616E-03  2.00616E-03  2.00616E-03  2.00616E-03  2.00616E-03  2.00616E-03  2.00616E-03  2.00616E-03  2.00616E-03  2.00616E-03
   26669   4  2.03606E-04  2.03606E-04  2.03606E-04  2.03606E-04  2.03606E-04  2.03606E-04  2.03606E-04  2.03606E-04  2.03606E-04  2.03606E-04  2.03606E-04  2.03606E-04  2.03606E-04  2.03606E-04  2.03606E-04  2.03606E-04  2.03606E-04  2.03606E-04  2.03606E-04  2.03606E-04  2.03606E-04  2.03606E-04  2.03606E-04  2.03606E-04
   26669   3  8.58765E-03  8.58765E-03  8.58765E-03  8.58765E-03  8.58765E-03  8.58765E-03  8.58765E-03  8.58765E-03  8.58765E-03  8.58765E-03  8.58765E-03  8.58765E-03  8.58765E-03  8.58765E-03  8.58765E-03  8.58765E-03  8.58765E-03  8.58765E-03  8.58765E-03  8.58765E-03  8.58765E-03  8.58765E-03  8.58765E-03  8.58765E-03
   24545   3  9.21250E-04  9.21250E-04  9.21250E-04  9.21250E-04  9.21250E-04  9.21250E-04  9.21250E-04  9.21250E-04  9.21250E-04  9.21250E-04  9.21250E-04  9.21250E-04  9.21250E-04  9.21250E-04  9.21250E-04  9.21250E-04  9.21250E-04  9.21250E-04  9.21250E-04  9.21250E-04  9.21250E-04  9.21250E-04  9.21250E-04  9.21250E-04
    9028   3  2.13898E-02  2.13898E-02  2.13898E-02  2.13898E-02  2.13898E-02  2.13898E-02  2.13898E-02  2.13898E-02  2.13898E-02  2.13898E-02  2.13898E-02  2.13898E-02  2.13898E-02  2.13898E-02  2.13898E-02  2.13898E-02  2.13898E-02  2.13898E-02  2.13898E-02  2.13898E-02  2.13898E-02  2.13898E-02  2.13898E-02  2.13898E-02
    9028   2  0.00000E+00  0.00000E+00  0.00000E+00  0.00000E+00  0.00000E+00  0.00000E+00  0.00000E+00  0.00000E+00  0.00000E+00  0.00000E+00  0.00000E+00  0.00000E+00  0.00000E+00  0.00000E+00  0.00000E+00  0.00000E+00  0.00000E+00  0.00000E+00  0.00000E+00  0.00000E+00  0.00000E+00  0.00000E+00  0.00000E+00  0.00000E+00
    9028   7  0.00000E+00  0.00000E+00  0.00000E+00  0.00000E+00  0.00000E+00  0.00000E+00  0.00000E+00  0.00000E+00  0.00000E+00  0.00000E+00  0.00000E+00  0.00000E+00  0.00000E+00  0.00000E+00  0.00000E+00  0.00000E+00  0.00000E+00  0.00000E+00  0.00000E+00  0.00000E+00  0.00000E+00  0.00000E+00  0.00000E+00  0.00000E+00
   14677   7  0.00000E+00  0.00000E+00  0.00000E+00  0.00000E+00  0.00000E+00  0.00000E+00  0.00000E+00  0.00000E+00  0.00000E+00  0.00000E+00  0.00000E+00  0.00000E+00  0.00000E+00  0.00000E+00  0.00000E+00  0.00000E+00  0.00000E+00  0.00000E+00  0.00000E+00  0.00000E+00  0.00000E+00  0.00000E+00  0.00000E+00  0.00000E+00
   15736   3  1.06310E-05  1.06310E-05  1.06310E-05  1.06310E-05  1.06310E-05  1.06310E-05  1.06310E-05  1.06310E-05  1.06310E-05  1.06310E-05  1.06310E-05  1.06310E-05  1.06310E-05  1.06310E-05  1.06310E-05  1.06310E-05  1.06310E-05  1.06310E-05  1.06310E-05  1.06310E-05  1.06310E-05  1.06310E-05  1.06310E-05  1.06310E-05
   13592   2  7.15928E+02  7.05333E+02  6.65980E+02  6.00896E+02  5.32784E+02  4.50371E+02  4.17010E+02  4.00329E+02  3.94769E+02  4.05890E+02  4.39250E+02  4.92071E+02  5.60183E+02  6.01884E+02  6.35245E+02  6.64436E+02  6.75556E+02  6.86676E+02  6.90846E+02  6.96406E+02  6.95016E+02  6.90846E+02  6.79726E+02  6.63046E+02
   12912   3  0.00000E+00  0.00000E+00  0.00000E+00  0.00000E+00  0.00000E+00  0.00000E+00  0.00000E+00  0.00000E+00  0.00000E+00  0.00000E+00  0.00000E+00  0.00000E+00  0.00000E+00  0.00000E+00  0.00000E+00  0.00000E+00  0.00000E+00  0.00000E+00  0.00000E+00  0.00000E+00  0.00000E+00  0.00000E+00  0.00000E+00  0.00000E+00
   23165   4  8.58093E-04  8.58093E-04  8.58093E-04  8.58093E-04  8.58093E-04  8.58093E-04  8.58093E-04  8.58093E-04  8.58093E-04  8.58093E-04  8.58093E-04  8.58093E-04  8.58093E-04  8.58093E-04  8.58093E-04  8.58093E-04  8.58093E-04  8.58093E-04  8.58093E-04  8.58093E-04  8.58093E-04  8.58093E-04  8.58093E-04  8.58093E-04
   22447   4  2.19494E-03  2.19494E-03  2.19494E-03  2.19494E-03  2.19494E-03  2.19494E-03  2.19494E-03  2.19494E-03  2.19494E-03  2.19494E-03  2.19494E-03  2.19494E-03  2.19494E-03  2.19494E-03  2.19494E-03  2.19494E-03  2.19494E-03  2.19494E-03  2.19494E-03  2.19494E-03  2.19494E-03  2.19494E-03  2.19494E-03  2.19494E-03
   22447   3  1.17411E-02  1.17411E-02  1.17411E-02  1.17411E-02  1.17411E-02  1.17411E-02  1.17411E-02  1.17411E-02  1.17411E-02  1.17411E-02  1.17411E-02  1.17411E-02  1.17411E-02  1.17411E-02  1.17411E-02  1.17411E-02  1.17411E-02  1.17411E-02  1.17411E-02  1.17411E-02  1.17411E-02  1.17411E-02  1.17411E-02  1.17411E-02
   22447   5  0.00000E+00  0.00000E+00  0.00000E+00  0.00000E+00  0.00000E+00  0.00000E+00  0.00000E+00  0.00000E+00  0.00000E+00  0.00000E+00  0.00000E+00  0.00000E+00  0.00000E+00  0.00000E+00  0.00000E+00  0.00000E+00  0.00000E+00  0.00000E+00  0.00000E+00  0.00000E+00  0.00000E+00  0.00000E+00  0.00000E+00  0.00000E+00
   22094   3  5.39856E-01  5.39856E-01  5.39856E-01  5.39856E-01  5.39856E-01  5.39856E-01  5.39856E-01  5.39856E-01  5.39856E-01  5.39856E-01  5.39856E-01  5.39856E-01  5.39856E-01  5.39856E-01  5.39856E-01  5.39856E-01  5.39856E-01  5.39856E-01  5.39856E-01  5.39856E-01  5.39856E-01  5.39856E-01  5.39856E-01  5.39856E-01
   22094   2  1.07472E+00  1.07472E+00  1.07472E+00  1.07472E+00  1.07472E+00  1.07472E+00  1.07472E+00  1.07472E+00  1.07472E+00  1.07472E+00  1.07472E+00  1.07472E+00  1.07472E+00  1.07472E+00  1.07472E+00  1.07472E+00  1.07472E+00  1.07472E+00  1.07472E+00  1.07472E+00  1.07472E+00  1.07472E+00  1.07472E+00  1.07472E+00
   22094   4  4.82717E-02  4.82717E-02  4.82717E-02  4.82717E-02  4.82717E-02  4.82717E-02  4.82717E-02  4.82717E-02  4.82717E-02  4.82717E-02  4.82717E-02  4.82717E-02  4.82717E-02  4.82717E-02  4.82717E-02  4.82717E-02  4.82717E-02  4.82717E-02  4.82717E-02  4.82717E-02  4.82717E-02  4.82717E-02  4.82717E-02  4.82717E-02
   22458   4  2.51192E-04  2.51192E-04  2.51192E-04  2.51192E-04  2.51192E-04  2.51192E-04  2.51192E-04  2.51192E-04  2.51192E-04  2.51192E-04  2.51192E-04  2.51192E-04  2.51192E-04  2.51192E-04  2.51192E-04  2.51192E-04  2.51192E-04  2.51192E-04  2.51192E-04  2.51192E-04  2.51192E-04  2.51192E-04  2.51192E-04  2.51192E-04
   23854   3  3.24610E+00  3.24610E+00  3.24610E+00  3.24610E+00  3.24610E+00  3.24610E+00  3.24610E+00  3.24610E+00  3.24610E+00  3.24610E+00  3.24610E+00  3.24610E+00  3.24610E+00  3.24610E+00  3.24610E+00  3.24610E+00  3.24610E+00  3.24610E+00  3.24610E+00  3.24610E+00  3.24610E+00  3.24610E+00  3.24610E+00  3.24610E+00
   23854   4  0.00000E+00  0.00000E+00  0.00000E+00  0.00000E+00  0.00000E+00  0.00000E+00  0.00000E+00  0.00000E+00  0.00000E+00  0.00000E+00  0.00000E+00  0.00000E+00  0.00000E+00  0.00000E+00  0.00000E+00  0.00000E+00  0.00000E+00  0.00000E+00  0.00000E+00  0.00000E+00  0.00000E+00  0.00000E+00  0.00000E+00  0.00000E+00
   23854   2  7.77985E-01  7.77985E-01  7.77985E-01  7.77985E-01  7.77985E-01  7.77985E-01  7.77985E-01  7.77985E-01  7.77985E-01  7.77985E-01  7.77985E-01  7.77985E-01  7.77985E-01  7.77985E-01  7.77985E-01  7.77985E-01  7.77985E-01  7.77985E-01  7.77985E-01  7.77985E-01  7.77985E-01  7.77985E-01  7.77985E-01  7.77985E-01
   26688   3  2.36361E-01  2.36361E-01  2.36361E-01  2.36361E-01  2.36361E-01  2.36361E-01  2.36361E-01  2.36361E-01  2.36361E-01  2.36361E-01  2.36361E-01  2.36361E-01  2.36361E-01  2.36361E-01  2.36361E-01  2.36361E-01  2.36361E-01  2.36361E-01  2.36361E-01  2.36361E-01  2.36361E-01  2.36361E-01  2.36361E-01  2.36361E-01
   26688   2  2.62623E-02  2.62623E-02  2.62623E-02  2.62623E-02  2.62623E-02  2.62623E-02  2.62623E-02  2.62623E-02  2.62623E-02  2.62623E-02  2.62623E-02  2.62623E-02  2.62623E-02  2.62623E-02  2.62623E-02  2.62623E-02  2.62623E-02  2.62623E-02  2.62623E-02  2.62623E-02  2.62623E-02  2.62623E-02  2.62623E-02  2.62623E-02
   22806   3  2.07264E-04  2.07264E-04  2.07264E-04  2.07264E-04  2.07264E-04  2.07264E-04  2.07264E-04  2.07264E-04  2.07264E-04  2.07264E-04  2.07264E-04  2.07264E-04  2.07264E-04  2.07264E-04  2.07264E-04  2.07264E-04  2.07264E-04  2.07264E-04  2.07264E-04  2.07264E-04  2.07264E-04  2.07264E-04  2.07264E-04  2.07264E-04
   22805   3  6.09472E-03  6.09472E-03  6.09472E-03  6.09472E-03  6.09472E-03  6.09472E-03  6.09472E-03  6.09472E-03  6.09472E-03  6.09472E-03  6.09472E-03  6.09472E-03  6.09472E-03  6.09472E-03  6.09472E-03  6.09472E-03  6.09472E-03  6.09472E-03  6.09472E-03  6.09472E-03  6.09472E-03  6.09472E-03  6.09472E-03  6.09472E-03
   22806   7  0.00000E+00  0.00000E+00  0.00000E+00  0.00000E+00  0.00000E+00  0.00000E+00  0.00000E+00  0.00000E+00  0.00000E+00  0.00000E+00  0.00000E+00  0.00000E+00  0.00000E+00  0.00000E+00  0.00000E+00  0.00000E+00  0.00000E+00  0.00000E+00  0.00000E+00  0.00000E+00  0.00000E+00  0.00000E+00  0.00000E+00  0.00000E+00
   22806   4  5.64396E-01  5.64396E-01  5.64396E-01  5.64396E-01  5.64396E-01  5.64396E-01  5.64396E-01  5.64396E-01  5.64396E-01  5.64396E-01  5.64396E-01  5.64396E-01  5.64396E-01  5.64396E-01  5.64396E-01  5.64396E-01  5.64396E-01  5.64396E-01  5.64396E-01  5.64396E-01  5.64396E-01  5.64396E-01  5.64396E-01  5.64396E-01
   23506   3  1.26658E+00  1.26658E+00  1.26658E+00  1.26658E+00  1.26658E+00  1.26658E+00  1.26658E+00  1.26658E+00  1.26658E+00  1.26658E+00  1.26658E+00  1.26658E+00  1.26658E+00  1.26658E+00  1.26658E+00  1.26658E+00  1.26658E+00  1.26658E+00  1.26658E+00  1.26658E+00  1.26658E+00  1.26658E+00  1.26658E+00  1.26658E+00
   22453   3  0.00000E+00  0.00000E+00  0.00000E+00  0.00000E+00  0.00000E+00  0.00000E+00  0.00000E+00  0.00000E+00  0.00000E+00  0.00000E+00  0.00000E+00  0.00000E+00  0.00000E+00  0.00000E+00  0.00000E+00  0.00000E+00  0.00000E+00  0.00000E+00  0.00000E+00  0.00000E+00  0.00000E+00  0.00000E+00  0.00000E+00  0.00000E+00
   22457   4  2.53757E-03  2.53757E-03  2.53757E-03  2.53757E-03  2.53757E-03  2.53757E-03  2.53757E-03  2.53757E-03  2.53757E-03  2.53757E-03  2.53757E-03  2.53757E-03  2.53757E-03  2.53757E-03  2.53757E-03  2.53757E-03  2.53757E-03  2.53757E-03  2.53757E-03  2.53757E-03  2.53757E-03  2.53757E-03  2.53757E-03  2.53757E-03
   21396   7  0.00000E+00  0.00000E+00  0.00000E+00  0.00000E+00  0.00000E+00  0.00000E+00  0.00000E+00  0.00000E+00  0.00000E+00  0.00000E+00  0.00000E+00  0.00000E+00  0.00000E+00  8.40918E-01  8.40918E-01  8.40918E-01  8.40918E-01  8.40918E-01  8.40918E-01  8.40918E-01  8.40918E-01  0.00000E+00  0.00000E+00  0.00000E+00
   21395   4  1.65421E-01  1.65421E-01  1.65421E-01  1.65421E-01  1.65421E-01  1.65421E-01  1.65421E-01  1.65421E-01  1.65421E-01  1.65421E-01  1.65421E-01  1.65421E-01  1.65421E-01  1.65421E-01  1.65421E-01  1.65421E-01  1.65421E-01  1.65421E-01  1.65421E-01  1.65421E-01  1.65421E-01  1.65421E-01  1.65421E-01  1.65421E-01
   21396   4  1.34779E-01  1.34779E-01  1.34779E-01  1.34779E-01  1.34779E-01  1.34779E-01  1.34779E-01  1.34779E-01  1.34779E-01  1.34779E-01  1.34779E-01  1.34779E-01  1.34779E-01  1.34779E-01  1.34779E-01  1.34779E-01  1.34779E-01  1.34779E-01  1.34779E-01  1.34779E-01  1.34779E-01  1.34779E-01  1.34779E-01  1.34779E-01
   21740   4  3.16579E-03  3.16579E-03  3.16579E-03  3.16579E-03  3.16579E-03  3.16579E-03  3.16579E-03  3.16579E-03  3.16579E-03  3.16579E-03  3.16579E-03  3.16579E-03  3.16579E-03  3.16579E-03  3.16579E-03  3.16579E-03  3.16579E-03  3.16579E-03  3.16579E-03  3.16579E-03  3.16579E-03  3.16579E-03  3.16579E-03  3.16579E-03
   21739   4  1.99117E-02  1.99117E-02  1.99117E-02  1.99117E-02  1.99117E-02  1.99117E-02  1.99117E-02  1.99117E-02  1.99117E-02  1.99117E-02  1.99117E-02  1.99117E-02  1.99117E-02  1.99117E-02  1.99117E-02  1.99117E-02  1.99117E-02  1.99117E-02  1.99117E-02  1.99117E-02  1.99117E-02  1.99117E-02  1.99117E-02  1.99117E-02
   21740   3  2.54265E-02  2.54265E-02  2.54265E-02  2.54265E-02  2.54265E-02  0.00000E+00  0.00000E+00  0.00000E+00  0.00000E+00  0.00000E+00  0.00000E+00  0.00000E+00  0.00000E+00  2.54265E-02  2.54265E-02  2.54265E-02  2.54265E-02  2.54265E-02  2.54265E-02  2.54265E-02  2.54265E-02  2.54265E-02  2.54265E-02  2.54265E-02
   22093   4  4.16745E-01  4.16745E-01  4.16745E-01  4.16745E-01  4.16745E-01  4.16745E-01  4.16745E-01  4.16745E-01  4.16745E-01  4.16745E-01  4.16745E-01  4.16745E-01  4.16745E-01  4.16745E-01  4.16745E-01  4.16745E-01  4.16745E-01  4.16745E-01  4.16745E-01  4.16745E-01  4.16745E-01  4.16745E-01  4.16745E-01  4.16745E-01
   22093   7  0.00000E+00  0.00000E+00  0.00000E+00  0.00000E+00  0.00000E+00  0.00000E+00  0.00000E+00  0.00000E+00  0.00000E+00  0.00000E+00  0.00000E+00  0.00000E+00  0.00000E+00  0.00000E+00  0.00000E+00  0.00000E+00  0.00000E+00  0.00000E+00  0.00000E+00  0.00000E+00  0.00000E+00  0.00000E+00  0.00000E+00  0.00000E+00
   21744   3  3.24854E-01  3.24854E-01  3.24854E-01  3.24854E-01  3.24854E-01  3.24854E-01  3.24854E-01  3.24854E-01  3.24854E-01  3.24854E-01  3.24854E-01  3.24854E-01  3.24854E-01  3.24854E-01  3.24854E-01  3.24854E-01  3.24854E-01  3.24854E-01  3.24854E-01  3.24854E-01  3.24854E-01  3.24854E-01  3.24854E-01  3.24854E-01
   21744   4  1.65303E-01  1.65303E-01  1.65303E-01  1.65303E-01  1.65303E-01  1.65303E-01  1.65303E-01  1.65303E-01  1.65303E-01  1.65303E-01  1.65303E-01  1.65303E-01  1.65303E-01  1.65303E-01  1.65303E-01  1.65303E-01  1.65303E-01  1.65303E-01  1.65303E-01  1.65303E-01  1.65303E-01  1.65303E-01  1.65303E-01  1.65303E-01
   21391   4  5.44085E-02  5.44085E-02  5.44085E-02  5.44085E-02  5.44085E-02  5.44085E-02  5.44085E-02  5.44085E-02  5.44085E-02  5.44085E-02  5.44085E-02  5.44085E-02  5.44085E-02  5.44085E-02  5.44085E-02  5.44085E-02  5.44085E-02  5.44085E-02  5.44085E-02  5.44085E-02  5.44085E-02  5.44085E-02  5.44085E-02  5.44085E-02
   21391   3  3.71610E-01  3.71610E-01  3.71610E-01  3.71610E-01  3.71610E-01  3.71610E-01  3.71610E-01  3.71610E-01  3.71610E-01  3.71610E-01  3.71610E-01  3.71610E-01  3.71610E-01  3.71610E-01  3.71610E-01  3.71610E-01  3.71610E-01  3.71610E-01  3.71610E-01  3.71610E-01  3.71610E-01  3.71610E-01  3.71610E-01  3.71610E-01
   21744   5  0.00000E+00  0.00000E+00  0.00000E+00  0.00000E+00  0.00000E+00  0.00000E+00  0.00000E+00  0.00000E+00  0.00000E+00  0.00000E+00  0.00000E+00  0.00000E+00  0.00000E+00  0.00000E+00  0.00000E+00  0.00000E+00  0.00000E+00  0.00000E+00  0.00000E+00  0.00000E+00  0.00000E+00  0.00000E+00  0.00000E+00  0.00000E+00
   22098   4  4.24179E-02  4.24179E-02  4.24179E-02  4.24179E-02  4.24179E-02  4.24179E-02  4.24179E-02  4.24179E-02  4.24179E-02  4.24179E-02  4.24179E-02  4.24179E-02  4.24179E-02  4.24179E-02  4.24179E-02  4.24179E-02  4.24179E-02  4.24179E-02  4.24179E-02  4.24179E-02  4.24179E-02  4.24179E-02  4.24179E-02  4.24179E-02
   22445   7  0.00000E+00  0.00000E+00  0.00000E+00  0.00000E+00  0.00000E+00  0.00000E+00  0.00000E+00  0.00000E+00  0.00000E+00  0.00000E+00  0.00000E+00  0.00000E+00  0.00000E+00  0.00000E+00  0.00000E+00  0.00000E+00  0.00000E+00  0.00000E+00  0.00000E+00  0.00000E+00  0.00000E+00  0.00000E+00  0.00000E+00  0.00000E+00
   22093   3  1.28885E+00  1.28885E+00  1.28885E+00  1.28885E+00  1.28885E+00  1.28885E+00  1.28885E+00  1.28885E+00  1.28885E+00  1.28885E+00  1.28885E+00  1.28885E+00  1.28885E+00  1.28885E+00  1.28885E+00  1.28885E+00  1.28885E+00  1.28885E+00  1.28885E+00  1.28885E+00  1.28885E+00  1.28885E+00  1.28885E+00  1.28885E+00
   22093   2  1.28885E+00  1.28885E+00  1.28885E+00  1.28885E+00  1.28885E+00  1.28885E+00  1.28885E+00  1.28885E+00  1.28885E+00  1.28885E+00  1.28885E+00  1.28885E+00  1.28885E+00  1.28885E+00  1.28885E+00  1.28885E+00  1.28885E+00  1.28885E+00  1.28885E+00  1.28885E+00  1.28885E+00  1.28885E+00  1.28885E+00  1.28885E+00
   22445   2  1.25857E+02  1.25857E+02  1.25857E+02  1.25857E+02  1.25857E+02  1.25857E+02  1.25857E+02  1.25857E+02  1.25857E+02  1.25857E+02  1.25857E+02  1.25857E+02  1.25857E+02  1.25857E+02  1.25857E+02  1.25857E+02  1.25857E+02  1.25857E+02  1.25857E+02  1.25857E+02  1.25857E+02  1.25857E+02  1.25857E+02  1.25857E+02
   22445   3  6.28942E+01  6.28942E+01  6.28942E+01  6.28942E+01  6.28942E+01  6.28942E+01  6.28942E+01  6.28942E+01  6.28942E+01  6.28942E+01  6.28942E+01  6.28942E+01  6.28942E+01  6.28942E+01  6.28942E+01  6.28942E+01  6.28942E+01  6.28942E+01  6.28942E+01  6.28942E+01  6.28942E+01  6.28942E+01  6.28942E+01  6.28942E+01
   22445   1  1.24528E+01  1.24528E+01  1.24528E+01  1.24528E+01  1.24528E+01  1.24528E+01  1.24528E+01  1.24528E+01  1.24528E+01  1.24528E+01  1.24528E+01  1.24528E+01  1.24528E+01  1.24528E+01  1.24528E+01  1.24528E+01  1.24528E+01  1.24528E+01  1.24528E+01  1.24528E+01  1.24528E+01  1.24528E+01  1.24528E+01  1.24528E+01
   22446   4  5.03161E-02  5.03161E-02  5.03161E-02  5.03161E-02  5.03161E-02  5.03161E-02  5.03161E-02  5.03161E-02  5.03161E-02  5.03161E-02  5.03161E-02  5.03161E-02  5.03161E-02  5.03161E-02  5.03161E-02  5.03161E-02  5.03161E-02  5.03161E-02  5.03161E-02  5.03161E-02  5.03161E-02  5.03161E-02  5.03161E-02  5.03161E-02
   22446   2  9.08248E+01  8.94807E+01  8.44882E+01  7.62314E+01  6.75906E+01  5.71353E+01  5.29031E+01  5.07870E+01  5.00816E+01  5.14924E+01  5.57246E+01  6.24257E+01  7.10665E+01  7.63568E+01  8.05890E+01  8.42923E+01  8.57030E+01  8.71138E+01  8.76428E+01  8.83482E+01  8.81718E+01  8.76428E+01  8.62320E+01  8.41159E+01
   22446   3  5.87027E+00  5.78340E+00  5.46072E+00  4.92706E+00  4.36858E+00  3.69283E+00  3.41928E+00  3.28251E+00  3.23692E+00  3.32810E+00  3.60164E+00  4.03475E+00  4.59324E+00  4.93516E+00  5.20871E+00  5.44806E+00  5.53924E+00  5.63042E+00  5.66461E+00  5.71020E+00  5.69880E+00  5.66461E+00  5.57343E+00  5.43666E+00
   22446   1  1.83035E+01  1.80326E+01  1.70265E+01  1.53626E+01  1.36212E+01  1.15142E+01  1.06613E+01  1.02349E+01  1.00927E+01  1.03770E+01  1.12299E+01  1.25803E+01  1.43217E+01  1.53878E+01  1.62407E+01  1.69870E+01  1.72713E+01  1.75556E+01  1.76622E+01  1.78044E+01  1.77689E+01  1.76622E+01  1.73779E+01  1.69515E+01
   22810   4  9.75611E-03  9.75611E-03  9.75611E-03  9.75611E-03  9.75611E-03  9.75611E-03  9.75611E-03  9.75611E-03  9.75611E-03  9.75611E-03  9.75611E-03  9.75611E-03  9.75611E-03  9.75611E-03  9.75611E-03  9.75611E-03  9.75611E-03  9.75611E-03  9.75611E-03  9.75611E-03  9.75611E-03  9.75611E-03  9.75611E-03  9.75611E-03
   22810   3  0.00000E+00  0.00000E+00  0.00000E+00  0.00000E+00  0.00000E+00  0.00000E+00  0.00000E+00  0.00000E+00  0.00000E+00  0.00000E+00  0.00000E+00  0.00000E+00  0.00000E+00  0.00000E+00  0.00000E+00  0.00000E+00  0.00000E+00  0.00000E+00  0.00000E+00  0.00000E+00  0.00000E+00  0.00000E+00  0.00000E+00  0.00000E+00
   25975   3  0.00000E+00  0.00000E+00  0.00000E+00  0.00000E+00  0.00000E+00  0.00000E+00  0.00000E+00  0.00000E+00  0.00000E+00  0.00000E+00  0.00000E+00  0.00000E+00  0.00000E+00  0.00000E+00  0.00000E+00  0.00000E+00  0.00000E+00  0.00000E+00  0.00000E+00  0.00000E+00  0.00000E+00  0.00000E+00  0.00000E+00  0.00000E+00
   25581   3  0.00000E+00  0.00000E+00  0.00000E+00  0.00000E+00  0.00000E+00  0.00000E+00  0.00000E+00  0.00000E+00  0.00000E+00  0.00000E+00  0.00000E+00  0.00000E+00  0.00000E+00  0.00000E+00  0.00000E+00  0.00000E+00  0.00000E+00  0.00000E+00  0.00000E+00  0.00000E+00  0.00000E+00  0.00000E+00  0.00000E+00  0.00000E+00
   24161   3  0.00000E+00  0.00000E+00  0.00000E+00  0.00000E+00  0.00000E+00  0.00000E+00  0.00000E+00  0.00000E+00  0.00000E+00  0.00000E+00  0.00000E+00  0.00000E+00  0.00000E+00  0.00000E+00  0.00000E+00  0.00000E+00  0.00000E+00  0.00000E+00  0.00000E+00  0.00000E+00  0.00000E+00  0.00000E+00  0.00000E+00  0.00000E+00
   24161   2  0.00000E+00  0.00000E+00  0.00000E+00  0.00000E+00  0.00000E+00  0.00000E+00  0.00000E+00  0.00000E+00  0.00000E+00  0.00000E+00  0.00000E+00  0.00000E+00  0.00000E+00  0.00000E+00  0.00000E+00  0.00000E+00  0.00000E+00  0.00000E+00  0.00000E+00  0.00000E+00  0.00000E+00  0.00000E+00  0.00000E+00  0.00000E+00
   20976   3  0.00000E+00  0.00000E+00  0.00000E+00  0.00000E+00  0.00000E+00  0.00000E+00  0.00000E+00  0.00000E+00  0.00000E+00  0.00000E+00  0.00000E+00  0.00000E+00  0.00000E+00  0.00000E+00  0.00000E+00  0.00000E+00  0.00000E+00  0.00000E+00  0.00000E+00  0.00000E+00  0.00000E+00  0.00000E+00  0.00000E+00  0.00000E+00
   20976   2  0.00000E+00  0.00000E+00  0.00000E+00  0.00000E+00  0.00000E+00  0.00000E+00  0.00000E+00  0.00000E+00  0.00000E+00  0.00000E+00  0.00000E+00  0.00000E+00  0.00000E+00  0.00000E+00  0.00000E+00  0.00000E+00  0.00000E+00  0.00000E+00  0.00000E+00  0.00000E+00  0.00000E+00  0.00000E+00  0.00000E+00  0.00000E+00
   20621   3  0.00000E+00  0.00000E+00  0.00000E+00  0.00000E+00  0.00000E+00  0.00000E+00  0.00000E+00  0.00000E+00  0.00000E+00  0.00000E+00  0.00000E+00  0.00000E+00  0.00000E+00  0.00000E+00  0.00000E+00  0.00000E+00  0.00000E+00  0.00000E+00  0.00000E+00  0.00000E+00  0.00000E+00  0.00000E+00  0.00000E+00  0.00000E+00
   23460   3  9.52002E-02  9.52002E-02  9.52002E-02  9.52002E-02  9.52002E-02  9.52002E-02  9.52002E-02  9.52002E-02  9.52002E-02  9.52002E-02  9.52002E-02  9.52002E-02  9.52002E-02  9.52002E-02  9.52002E-02  9.52002E-02  9.52002E-02  9.52002E-02  9.52002E-02  9.52002E-02  9.52002E-02  9.52002E-02  9.52002E-02  9.52002E-02
   25224   4  5.08664E+00  5.08664E+00  5.08664E+00  5.08664E+00  5.08664E+00  5.08664E+00  5.08664E+00  5.08664E+00  5.08664E+00  5.08664E+00  5.08664E+00  5.08664E+00  5.08664E+00  5.08664E+00  5.08664E+00  5.08664E+00  5.08664E+00  5.08664E+00  5.08664E+00  5.08664E+00  5.08664E+00  5.08664E+00  5.08664E+00  5.08664E+00
   25224   3  1.25418E+00  1.25418E+00  1.25418E+00  1.25418E+00  1.25418E+00  1.25418E+00  1.25418E+00  1.25418E+00  1.25418E+00  1.25418E+00  1.25418E+00  1.25418E+00  1.25418E+00  1.25418E+00  1.25418E+00  1.25418E+00  1.25418E+00  1.25418E+00  1.25418E+00  1.25418E+00  1.25418E+00  1.25418E+00  1.25418E+00  1.25418E+00
   25223   3  3.62771E-03  3.62771E-03  3.62771E-03  3.62771E-03  3.62771E-03  3.62771E-03  3.62771E-03  3.62771E-03  3.62771E-03  3.62771E-03  3.62771E-03  3.62771E-03  3.62771E-03  3.62771E-03  3.62771E-03  3.62771E-03  3.62771E-03  3.62771E-03  3.62771E-03  3.62771E-03  3.62771E-03  3.62771E-03  3.62771E-03  3.62771E-03
   24870   3  5.24029E-02  5.24029E-02  5.24029E-02  5.24029E-02  5.24029E-02  5.24029E-02  5.24029E-02  5.24029E-02  5.24029E-02  5.24029E-02  5.24029E-02  5.24029E-02  5.24029E-02  5.24029E-02  5.24029E-02  5.24029E-02  5.24029E-02  5.24029E-02  5.24029E-02  5.24029E-02  5.24029E-02  5.24029E-02  5.24029E-02  5.24029E-02
   25224   7  0.00000E+00  0.00000E+00  0.00000E+00  0.00000E+00  0.00000E+00  0.00000E+00  0.00000E+00  0.00000E+00  0.00000E+00  0.00000E+00  0.00000E+00  0.00000E+00  0.00000E+00  5.24489E-01  5.24489E-01  5.24489E-01  5.24489E-01  5.24489E-01  5.24489E-01  5.24489E-01  5.24489E-01  0.00000E+00  0.00000E+00  0.00000E+00
   25224   5  0.00000E+00  0.00000E+00  0.00000E+00  0.00000E+00  0.00000E+00  0.00000E+00  0.00000E+00  0.00000E+00  0.00000E+00  0.00000E+00  0.00000E+00  0.00000E+00  0.00000E+00  0.00000E+00  0.00000E+00  0.00000E+00  0.00000E+00  0.00000E+00  0.00000E+00  0.00000E+00  0.00000E+00  0.00000E+00  0.00000E+00  0.00000E+00
   24871   3  0.00000E+00  0.00000E+00  0.00000E+00  0.00000E+00  0.00000E+00  0.00000E+00  0.00000E+00  0.00000E+00  0.00000E+00  0.00000E+00  0.00000E+00  0.00000E+00  0.00000E+00  0.00000E+00  0.00000E+00  0.00000E+00  0.00000E+00  0.00000E+00  0.00000E+00  0.00000E+00  0.00000E+00  0.00000E+00  0.00000E+00  0.00000E+00
   25223   4  2.20942E-01  2.20942E-01  2.20942E-01  2.20942E-01  2.20942E-01  2.20942E-01  2.20942E-01  2.20942E-01  2.20942E-01  2.20942E-01  2.20942E-01  2.20942E-01  2.20942E-01  2.20942E-01  2.20942E-01  2.20942E-01  2.20942E-01  2.20942E-01  2.20942E-01  2.20942E-01  2.20942E-01  2.20942E-01  2.20942E-01  2.20942E-01
   24870   4  1.29993E+00  1.29993E+00  1.29993E+00  1.29993E+00  1.29993E+00  1.29993E+00  1.29993E+00  1.29993E+00  1.29993E+00  1.29993E+00  1.29993E+00  1.29993E+00  1.29993E+00  1.29993E+00  1.29993E+00  1.29993E+00  1.29993E+00  1.29993E+00  1.29993E+00  1.29993E+00  1.29993E+00  1.29993E+00  1.29993E+00  1.29993E+00
   24871   4  2.87347E+00  2.87347E+00  2.87347E+00  2.87347E+00  2.87347E+00  2.87347E+00  2.87347E+00  2.87347E+00  2.87347E+00  2.87347E+00  2.87347E+00  2.87347E+00  2.87347E+00  2.87347E+00  2.87347E+00  2.87347E+00  2.87347E+00  2.87347E+00  2.87347E+00  2.87347E+00  2.87347E+00  2.87347E+00  2.87347E+00  2.87347E+00
   23814   4  4.01010E-03  4.01010E-03  4.01010E-03  4.01010E-03  4.01010E-03  4.01010E-03  4.01010E-03  4.01010E-03  4.01010E-03  4.01010E-03  4.01010E-03  4.01010E-03  4.01010E-03  4.01010E-03  4.01010E-03  4.01010E-03  4.01010E-03  4.01010E-03  4.01010E-03  4.01010E-03  4.01010E-03  4.01010E-03  4.01010E-03  4.01010E-03
   23813   3  0.00000E+00  0.00000E+00  0.00000E+00  0.00000E+00  0.00000E+00  0.00000E+00  0.00000E+00  0.00000E+00  0.00000E+00  0.00000E+00  0.00000E+00  0.00000E+00  0.00000E+00  0.00000E+00  0.00000E+00  0.00000E+00  0.00000E+00  0.00000E+00  0.00000E+00  0.00000E+00  0.00000E+00  0.00000E+00  0.00000E+00  0.00000E+00
   23458   4  2.10188E+00  2.10188E+00  2.10188E+00  2.10188E+00  2.10188E+00  2.10188E+00  2.10188E+00  2.10188E+00  2.10188E+00  2.10188E+00  2.10188E+00  2.10188E+00  2.10188E+00  2.10188E+00  2.10188E+00  2.10188E+00  2.10188E+00  2.10188E+00  2.10188E+00  2.10188E+00  2.10188E+00  2.10188E+00  2.10188E+00  2.10188E+00
   28064   5  2.17849E-03  2.17849E-03  2.17849E-03  2.17849E-03  2.17849E-03  2.17849E-03  2.17849E-03  2.17849E-03  2.17849E-03  2.17849E-03  2.17849E-03  2.17849E-03  2.17849E-03  2.17849E-03  2.17849E-03  2.17849E-03  2.17849E-03  2.17849E-03  2.17849E-03  2.17849E-03  2.17849E-03  2.17849E-03  2.17849E-03  2.17849E-03
   23819   3  8.52919E-04  8.52919E-04  8.52919E-04  8.52919E-04  8.52919E-04  8.52919E-04  8.52919E-04  8.52919E-04  8.52919E-04  8.52919E-04  8.52919E-04  8.52919E-04  8.52919E-04  8.52919E-04  8.52919E-04  8.52919E-04  8.52919E-04  8.52919E-04  8.52919E-04  8.52919E-04  8.52919E-04  8.52919E-04  8.52919E-04  8.52919E-04
   23819   4  1.31122E+00  1.31122E+00  1.31122E+00  1.31122E+00  1.31122E+00  1.31122E+00  1.31122E+00  1.31122E+00  1.31122E+00  1.31122E+00  1.31122E+00  1.31122E+00  1.31122E+00  1.31122E+00  1.31122E+00  1.31122E+00  1.31122E+00  1.31122E+00  1.31122E+00  1.31122E+00  1.31122E+00  1.31122E+00  1.31122E+00  1.31122E+00
   23464   5  0.00000E+00  0.00000E+00  0.00000E+00  0.00000E+00  0.00000E+00  0.00000E+00  0.00000E+00  0.00000E+00  0.00000E+00  0.00000E+00  0.00000E+00  0.00000E+00  0.00000E+00  0.00000E+00  0.00000E+00  0.00000E+00  0.00000E+00  0.00000E+00  0.00000E+00  0.00000E+00  0.00000E+00  0.00000E+00  0.00000E+00  0.00000E+00
   23464   3  2.02564E+01  2.02564E+01  2.02564E+01  2.02564E+01  2.02564E+01  2.02564E+01  2.02564E+01  2.02564E+01  2.02564E+01  2.02564E+01  2.02564E+01  2.02564E+01  2.02564E+01  2.02564E+01  2.02564E+01  2.02564E+01  2.02564E+01  2.02564E+01  2.02564E+01  2.02564E+01  2.02564E+01  2.02564E+01  2.02564E+01  2.02564E+01
   23464   1  0.00000E+00  0.00000E+00  0.00000E+00  0.00000E+00  0.00000E+00  0.00000E+00  0.00000E+00  0.00000E+00  0.00000E+00  0.00000E+00  0.00000E+00  0.00000E+00  0.00000E+00  0.00000E+00  0.00000E+00  0.00000E+00  0.00000E+00  0.00000E+00  0.00000E+00  0.00000E+00  0.00000E+00  0.00000E+00  0.00000E+00  0.00000E+00
   23464   2  1.49066E+02  1.49066E+02  1.49066E+02  1.49066E+02  1.49066E+02  1.49066E+02  1.49066E+02  1.49066E+02  1.49066E+02  1.49066E+02  1.49066E+02  1.49066E+02  1.49066E+02  1.49066E+02  1.49066E+02  1.49066E+02  1.49066E+02  1.49066E+02  1.49066E+02  1.49066E+02  1.49066E+02  1.49066E+02  1.49066E+02  1.49066E+02
   23464   4  4.11030E-01  4.11030E-01  4.11030E-01  4.11030E-01  4.11030E-01  4.11030E-01  4.11030E-01  4.11030E-01  4.11030E-01  4.11030E-01  4.11030E-01  4.11030E-01  4.11030E-01  4.11030E-01  4.11030E-01  4.11030E-01  4.11030E-01  4.11030E-01  4.11030E-01  4.11030E-01  4.11030E-01  4.11030E-01  4.11030E-01  4.11030E-01
   24519   4  1.78415E+00  1.78415E+00  1.78415E+00  1.78415E+00  1.78415E+00  1.78415E+00  1.78415E+00  1.78415E+00  1.78415E+00  1.78415E+00  1.78415E+00  1.78415E+00  1.78415E+00  1.78415E+00  1.78415E+00  1.78415E+00  1.78415E+00  1.78415E+00  1.78415E+00  1.78415E+00  1.78415E+00  1.78415E+00  1.78415E+00  1.78415E+00
   24519   3  2.11931E-01  2.11931E-01  2.11931E-01  2.11931E-01  2.11931E-01  2.11931E-01  2.11931E-01  2.11931E-01  2.11931E-01  2.11931E-01  2.11931E-01  2.11931E-01  2.11931E-01  2.11931E-01  2.11931E-01  2.11931E-01  2.11931E-01  2.11931E-01  2.11931E-01  2.11931E-01  2.11931E-01  2.11931E-01  2.11931E-01  2.11931E-01
   24166   4  6.47398E-02  6.47398E-02  6.47398E-02  6.47398E-02  6.47398E-02  6.47398E-02  6.47398E-02  6.47398E-02  6.47398E-02  6.47398E-02  6.47398E-02  6.47398E-02  6.47398E-02  6.47398E-02  6.47398E-02  6.47398E-02  6.47398E-02  6.47398E-02  6.47398E-02  6.47398E-02  6.47398E-02  6.47398E-02  6.47398E-02  6.47398E-02
   24518   4  0.00000E+00  0.00000E+00  0.00000E+00  0.00000E+00  0.00000E+00  0.00000E+00  0.00000E+00  0.00000E+00  0.00000E+00  0.00000E+00  0.00000E+00  0.00000E+00  0.00000E+00  0.00000E+00  0.00000E+00  0.00000E+00  0.00000E+00  0.00000E+00  0.00000E+00  0.00000E+00  0.00000E+00  0.00000E+00  0.00000E+00  0.00000E+00
   24519   7  0.00000E+00  0.00000E+00  0.00000E+00  0.00000E+00  0.00000E+00  0.00000E+00  0.00000E+00  0.00000E+00  0.00000E+00  0.00000E+00  0.00000E+00  0.00000E+00  0.00000E+00  0.00000E+00  0.00000E+00  0.00000E+00  0.00000E+00  0.00000E+00  0.00000E+00  0.00000E+00  0.00000E+00  0.00000E+00  0.00000E+00  0.00000E+00
   24510   3  0.00000E+00  0.00000E+00  0.00000E+00  0.00000E+00  0.00000E+00  0.00000E+00  0.00000E+00  0.00000E+00  0.00000E+00  0.00000E+00  0.00000E+00  0.00000E+00  0.00000E+00  0.00000E+00  0.00000E+00  0.00000E+00  0.00000E+00  0.00000E+00  0.00000E+00  0.00000E+00  0.00000E+00  0.00000E+00  0.00000E+00  0.00000E+00
   24510   2  0.00000E+00  0.00000E+00  0.00000E+00  0.00000E+00  0.00000E+00  0.00000E+00  0.00000E+00  0.00000E+00  0.00000E+00  0.00000E+00  0.00000E+00  0.00000E+00  0.00000E+00  0.00000E+00  0.00000E+00  0.00000E+00  0.00000E+00  0.00000E+00  0.00000E+00  0.00000E+00  0.00000E+00  0.00000E+00  0.00000E+00  0.00000E+00
   20989   3  0.00000E+00  0.00000E+00  0.00000E+00  0.00000E+00  0.00000E+00  0.00000E+00  0.00000E+00  0.00000E+00  0.00000E+00  0.00000E+00  0.00000E+00  0.00000E+00  0.00000E+00  0.00000E+00  0.00000E+00  0.00000E+00  0.00000E+00  0.00000E+00  0.00000E+00  0.00000E+00  0.00000E+00  0.00000E+00  0.00000E+00  0.00000E+00
   20989   2  0.00000E+00  0.00000E+00  0.00000E+00  0.00000E+00  0.00000E+00  0.00000E+00  0.00000E+00  0.00000E+00  0.00000E+00  0.00000E+00  0.00000E+00  0.00000E+00  0.00000E+00  0.00000E+00  0.00000E+00  0.00000E+00  0.00000E+00  0.00000E+00  0.00000E+00  0.00000E+00  0.00000E+00  0.00000E+00  0.00000E+00  0.00000E+00
   22745   4  2.65010E-02  2.65010E-02  2.65010E-02  2.65010E-02  2.65010E-02  2.65010E-02  2.65010E-02  2.65010E-02  2.65010E-02  2.65010E-02  2.65010E-02  2.65010E-02  2.65010E-02  2.65010E-02  2.65010E-02  2.65010E-02  2.65010E-02  2.65010E-02  2.65010E-02  2.65010E-02  2.65010E-02  2.65010E-02  2.65010E-02  2.65010E-02
   28410   4  1.95122E-02  1.95122E-02  1.95122E-02  1.95122E-02  1.95122E-02  1.95122E-02  1.95122E-02  1.95122E-02  1.95122E-02  1.95122E-02  1.95122E-02  1.95122E-02  1.95122E-02  1.95122E-02  1.95122E-02  1.95122E-02  1.95122E-02  1.95122E-02  1.95122E-02  1.95122E-02  1.95122E-02  1.95122E-02  1.95122E-02  1.95122E-02
   24163   4  9.62643E-02  9.62643E-02  9.62643E-02  9.62643E-02  9.62643E-02  9.62643E-02  9.62643E-02  9.62643E-02  9.62643E-02  9.62643E-02  9.62643E-02  9.62643E-02  9.62643E-02  9.62643E-02  9.62643E-02  9.62643E-02  9.62643E-02  9.62643E-02  9.62643E-02  9.62643E-02  9.62643E-02  9.62643E-02  9.62643E-02  9.62643E-02
   24163   3  1.66240E-04  1.66240E-04  1.66240E-04  1.66240E-04  1.66240E-04  1.66240E-04  1.66240E-04  1.66240E-04  1.66240E-04  1.66240E-04  1.66240E-04  1.66240E-04  1.66240E-04  1.66240E-04  1.66240E-04  1.66240E-04  1.66240E-04  1.66240E-04  1.66240E-04  1.66240E-04  1.66240E-04  1.66240E-04  1.66240E-04  1.66240E-04
   24870   5  9.04995E-04  9.04995E-04  9.04995E-04  9.04995E-04  9.04995E-04  9.04995E-04  9.04995E-04  9.04995E-04  9.04995E-04  9.04995E-04  9.04995E-04  9.04995E-04  9.04995E-04  9.04995E-04  9.04995E-04  9.04995E-04  9.04995E-04  9.04995E-04  9.04995E-04  9.04995E-04  9.04995E-04  9.04995E-04  9.04995E-04  9.04995E-04
   24517   4  5.73514E-04  5.73514E-04  5.73514E-04  5.73514E-04  5.73514E-04  5.73514E-04  5.73514E-04  5.73514E-04  5.73514E-04  5.73514E-04  5.73514E-04  5.73514E-04  5.73514E-04  5.73514E-04  5.73514E-04  5.73514E-04  5.73514E-04  5.73514E-04  5.73514E-04  5.73514E-04  5.73514E-04  5.73514E-04  5.73514E-04  5.73514E-04
   24872   4  6.53216E-02  6.53216E-02  6.53216E-02  6.53216E-02  6.53216E-02  6.53216E-02  6.53216E-02  6.53216E-02  6.53216E-02  6.53216E-02  6.53216E-02  6.53216E-02  6.53216E-02  6.53216E-02  6.53216E-02  6.53216E-02  6.53216E-02  6.53216E-02  6.53216E-02  6.53216E-02  6.53216E-02  6.53216E-02  6.53216E-02  6.53216E-02
   20280   3  0.00000E+00  0.00000E+00  0.00000E+00  0.00000E+00  0.00000E+00  0.00000E+00  0.00000E+00  0.00000E+00  0.00000E+00  0.00000E+00  0.00000E+00  0.00000E+00  0.00000E+00  0.00000E+00  0.00000E+00  0.00000E+00  0.00000E+00  0.00000E+00  0.00000E+00  0.00000E+00  0.00000E+00  0.00000E+00  0.00000E+00  0.00000E+00
   23103   3  0.00000E+00  0.00000E+00  0.00000E+00  0.00000E+00  0.00000E+00  0.00000E+00  0.00000E+00  0.00000E+00  0.00000E+00  0.00000E+00  0.00000E+00  0.00000E+00  0.00000E+00  1.31431E-02  1.31431E-02  1.31431E-02  1.31431E-02  1.31431E-02  1.31431E-02  1.31431E-02  1.31431E-02  0.00000E+00  0.00000E+00  0.00000E+00
   25575   3  4.01983E-01  4.01983E-01  4.01983E-01  4.01983E-01  4.01983E-01  4.01983E-01  4.01983E-01  4.01983E-01  4.01983E-01  4.01983E-01  4.01983E-01  4.01983E-01  4.01983E-01  4.01983E-01  4.01983E-01  4.01983E-01  4.01983E-01  4.01983E-01  4.01983E-01  4.01983E-01  4.01983E-01  4.01983E-01  4.01983E-01  4.01983E-01
   25575   4  2.28837E+00  2.28837E+00  2.28837E+00  2.28837E+00  2.28837E+00  2.28837E+00  2.28837E+00  2.28837E+00  2.28837E+00  2.28837E+00  2.28837E+00  2.28837E+00  2.28837E+00  2.28837E+00  2.28837E+00  2.28837E+00  2.28837E+00  2.28837E+00  2.28837E+00  2.28837E+00  2.28837E+00  2.28837E+00  2.28837E+00  2.28837E+00
   25575   5  7.54205E-03  7.54205E-03  7.54205E-03  7.54205E-03  7.54205E-03  7.54205E-03  7.54205E-03  7.54205E-03  7.54205E-03  7.54205E-03  7.54205E-03  7.54205E-03  7.54205E-03  7.54205E-03  7.54205E-03  7.54205E-03  7.54205E-03  7.54205E-03  7.54205E-03  7.54205E-03  7.54205E-03  7.54205E-03  7.54205E-03  7.54205E-03
   25575   2  1.69703E-01  1.69703E-01  1.69703E-01  1.69703E-01  1.69703E-01  1.69703E-01  1.69703E-01  1.69703E-01  1.69703E-01  1.69703E-01  1.69703E-01  1.69703E-01  1.69703E-01  1.69703E-01  1.69703E-01  1.69703E-01  1.69703E-01  1.69703E-01  1.69703E-01  1.69703E-01  1.69703E-01  1.69703E-01  1.69703E-01  1.69703E-01
   24868   4  0.00000E+00  0.00000E+00  0.00000E+00  0.00000E+00  0.00000E+00  0.00000E+00  0.00000E+00  0.00000E+00  0.00000E+00  0.00000E+00  0.00000E+00  0.00000E+00  0.00000E+00  0.00000E+00  0.00000E+00  0.00000E+00  0.00000E+00  0.00000E+00  0.00000E+00  0.00000E+00  0.00000E+00  0.00000E+00  0.00000E+00  0.00000E+00
   24869   4  0.00000E+00  0.00000E+00  0.00000E+00  0.00000E+00  0.00000E+00  0.00000E+00  0.00000E+00  0.00000E+00  0.00000E+00  0.00000E+00  0.00000E+00  0.00000E+00  0.00000E+00  0.00000E+00  0.00000E+00  0.00000E+00  0.00000E+00  0.00000E+00  0.00000E+00  0.00000E+00  0.00000E+00  0.00000E+00  0.00000E+00  0.00000E+00
   25575   7  0.00000E+00  0.00000E+00  0.00000E+00  0.00000E+00  0.00000E+00  0.00000E+00  0.00000E+00  0.00000E+00  0.00000E+00  0.00000E+00  0.00000E+00  0.00000E+00  0.00000E+00  0.00000E+00  0.00000E+00  0.00000E+00  0.00000E+00  0.00000E+00  0.00000E+00  0.00000E+00  0.00000E+00  0.00000E+00  0.00000E+00  0.00000E+00
   25576   3  0.00000E+00  0.00000E+00  0.00000E+00  0.00000E+00  0.00000E+00  0.00000E+00  0.00000E+00  0.00000E+00  0.00000E+00  0.00000E+00  0.00000E+00  0.00000E+00  0.00000E+00  0.00000E+00  0.00000E+00  0.00000E+00  0.00000E+00  0.00000E+00  0.00000E+00  0.00000E+00  0.00000E+00  0.00000E+00  0.00000E+00  0.00000E+00
   25222   3  6.50225E-03  6.50225E-03  6.50225E-03  6.50225E-03  6.50225E-03  6.50225E-03  6.50225E-03  6.50225E-03  6.50225E-03  6.50225E-03  6.50225E-03  6.50225E-03  6.50225E-03  6.50225E-03  6.50225E-03  6.50225E-03  6.50225E-03  6.50225E-03  6.50225E-03  6.50225E-03  6.50225E-03  6.50225E-03  6.50225E-03  6.50225E-03
   24874   3  0.00000E+00  0.00000E+00  0.00000E+00  0.00000E+00  0.00000E+00  0.00000E+00  0.00000E+00  0.00000E+00  0.00000E+00  0.00000E+00  0.00000E+00  0.00000E+00  0.00000E+00  0.00000E+00  0.00000E+00  0.00000E+00  0.00000E+00  0.00000E+00  0.00000E+00  0.00000E+00  0.00000E+00  0.00000E+00  0.00000E+00  0.00000E+00
   24874   4  1.52637E-03  1.52637E-03  1.52637E-03  1.52637E-03  1.52637E-03  1.52637E-03  1.52637E-03  1.52637E-03  1.52637E-03  1.52637E-03  1.52637E-03  1.52637E-03  1.52637E-03  1.52637E-03  1.52637E-03  1.52637E-03  1.52637E-03  1.52637E-03  1.52637E-03  1.52637E-03  1.52637E-03  1.52637E-03  1.52637E-03  1.52637E-03
   20686   4  0.00000E+00  0.00000E+00  0.00000E+00  0.00000E+00  0.00000E+00  0.00000E+00  0.00000E+00  0.00000E+00  0.00000E+00  0.00000E+00  0.00000E+00  0.00000E+00  0.00000E+00  0.00000E+00  0.00000E+00  0.00000E+00  0.00000E+00  0.00000E+00  0.00000E+00  0.00000E+00  0.00000E+00  0.00000E+00  0.00000E+00  0.00000E+00
   20686   2  3.69601E+00  3.64131E+00  3.43815E+00  3.10215E+00  2.75052E+00  2.32505E+00  2.15283E+00  2.06672E+00  2.03801E+00  2.09542E+00  2.26765E+00  2.54034E+00  2.89197E+00  3.10725E+00  3.27948E+00  3.43017E+00  3.48758E+00  3.54499E+00  3.56652E+00  3.59522E+00  3.58805E+00  3.56652E+00  3.50911E+00  3.42300E+00
   20686   3  1.23200E+00  1.21377E+00  1.14605E+00  1.03405E+00  9.16839E-01  7.75018E-01  7.17609E-01  6.88905E-01  6.79337E-01  6.98473E-01  7.55882E-01  8.46779E-01  9.63989E-01  1.03575E+00  1.09316E+00  1.14339E+00  1.16253E+00  1.18166E+00  1.18884E+00  1.19841E+00  1.19602E+00  1.18884E+00  1.16970E+00  1.14100E+00
   22095   4  3.18558E-02  3.18558E-02  3.18558E-02  3.18558E-02  3.18558E-02  3.18558E-02  3.18558E-02  3.18558E-02  3.18558E-02  3.18558E-02  3.18558E-02  3.18558E-02  3.18558E-02  3.18558E-02  3.18558E-02  3.18558E-02  3.18558E-02  3.18558E-02  3.18558E-02  3.18558E-02  3.18558E-02  3.18558E-02  3.18558E-02  3.18558E-02
   22095   2  1.81484E+00  1.81484E+00  1.81484E+00  1.81484E+00  1.81484E+00  1.81484E+00  1.81484E+00  1.81484E+00  1.81484E+00  1.81484E+00  1.81484E+00  1.81484E+00  1.81484E+00  1.81484E+00  1.81484E+00  1.81484E+00  1.81484E+00  1.81484E+00  1.81484E+00  1.81484E+00  1.81484E+00  1.81484E+00  1.81484E+00  1.81484E+00
   22095   3  0.00000E+00  0.00000E+00  0.00000E+00  0.00000E+00  0.00000E+00  0.00000E+00  0.00000E+00  0.00000E+00  0.00000E+00  0.00000E+00  0.00000E+00  0.00000E+00  0.00000E+00  0.00000E+00  0.00000E+00  0.00000E+00  0.00000E+00  0.00000E+00  0.00000E+00  0.00000E+00  0.00000E+00  0.00000E+00  0.00000E+00  0.00000E+00
   20329   3  7.13177E+00  7.13177E+00  7.99544E-01  7.99544E-01  7.99544E-01  3.71693E-01  3.71693E-01  3.71693E-01  3.71693E-01  3.71693E-01  3.71693E-01  3.71693E-01  3.71693E-01  7.32114E+00  7.32114E+00  7.32114E+00  7.32114E+00  7.32114E+00  7.32114E+00  7.32114E+00  7.32114E+00  7.13177E+00  7.13177E+00  7.13177E+00
   21381   4  0.00000E+00  0.00000E+00  0.00000E+00  0.00000E+00  0.00000E+00  0.00000E+00  0.00000E+00  0.00000E+00  0.00000E+00  0.00000E+00  0.00000E+00  0.00000E+00  0.00000E+00  0.00000E+00  0.00000E+00  0.00000E+00  0.00000E+00  0.00000E+00  0.00000E+00  0.00000E+00  0.00000E+00  0.00000E+00  0.00000E+00  0.00000E+00
   20684   3  1.91703E-02  1.91703E-02  0.00000E+00  0.00000E+00  0.00000E+00  0.00000E+00  0.00000E+00  0.00000E+00  0.00000E+00  0.00000E+00  0.00000E+00  0.00000E+00  0.00000E+00  1.91703E-02  1.91703E-02  1.91703E-02  1.91703E-02  1.91703E-02  1.91703E-02  1.91703E-02  1.91703E-02  1.91703E-02  1.91703E-02  1.91703E-02
   20683   3  3.91744E+00  3.89533E+00  3.70820E+00  3.57238E+00  3.43024E+00  3.25825E+00  3.18863E+00  3.15382E+00  3.14222E+00  3.16543E+00  3.23505E+00  3.34528E+00  3.48742E+00  3.68122E+00  3.75084E+00  3.81176E+00  3.83496E+00  3.85817E+00  3.86687E+00  3.87848E+00  3.87557E+00  3.86510E+00  3.84189E+00  3.80708E+00
   20684   4  5.92505E-02  5.92505E-02  5.92505E-02  5.92505E-02  5.92505E-02  5.92505E-02  5.92505E-02  5.92505E-02  5.92505E-02  5.92505E-02  5.92505E-02  5.92505E-02  5.92505E-02  5.92505E-02  5.92505E-02  5.92505E-02  5.92505E-02  5.92505E-02  5.92505E-02  5.92505E-02  5.92505E-02  5.92505E-02  5.92505E-02  5.92505E-02
   21036   4  1.98885E-02  1.98885E-02  1.98885E-02  1.98885E-02  1.98885E-02  1.98885E-02  1.98885E-02  1.98885E-02  1.98885E-02  1.98885E-02  1.98885E-02  1.98885E-02  1.98885E-02  2.04997E-02  2.04997E-02  2.04997E-02  2.04997E-02  2.04997E-02  2.04997E-02  2.04997E-02  2.04997E-02  1.98885E-02  1.98885E-02  1.98885E-02
   21036   3  5.08657E+00  5.08657E+00  5.08657E+00  5.08657E+00  5.08657E+00  5.06640E+00  5.06640E+00  5.06640E+00  5.06640E+00  5.06640E+00  5.06640E+00  5.06640E+00  5.06640E+00  5.08657E+00  5.08657E+00  5.08657E+00  5.08657E+00  5.08657E+00  5.08657E+00  5.08657E+00  5.08657E+00  5.08657E+00  5.08657E+00  5.08657E+00
   21036   7  0.00000E+00  0.00000E+00  0.00000E+00  0.00000E+00  0.00000E+00  0.00000E+00  0.00000E+00  0.00000E+00  0.00000E+00  0.00000E+00  0.00000E+00  0.00000E+00  0.00000E+00  7.36072E-01  7.36072E-01  7.36072E-01  7.36072E-01  7.36072E-01  7.36072E-01  7.36072E-01  7.36072E-01  0.00000E+00  0.00000E+00  0.00000E+00
   19275   4  9.35954E-03  9.35954E-03  9.35954E-03  9.35954E-03  9.35954E-03  9.35954E-03  9.35954E-03  9.35954E-03  9.35954E-03  9.35954E-03  9.35954E-03  9.35954E-03  9.35954E-03  9.35954E-03  9.35954E-03  9.35954E-03  9.35954E-03  9.35954E-03  9.35954E-03  9.35954E-03  9.35954E-03  9.35954E-03  9.35954E-03  9.35954E-03
   19275   3  1.38298E-02  1.38298E-02  1.38298E-02  1.38298E-02  1.38298E-02  1.38298E-02  1.38298E-02  1.38298E-02  1.38298E-02  1.38298E-02  1.38298E-02  1.38298E-02  1.38298E-02  1.38298E-02  1.38298E-02  1.38298E-02  1.38298E-02  1.38298E-02  1.38298E-02  1.38298E-02  1.38298E-02  1.38298E-02  1.38298E-02  1.38298E-02
   19274   4  9.11139E-03  9.11139E-03  9.11139E-03  9.11139E-03  9.11139E-03  9.11139E-03  9.11139E-03  9.11139E-03  9.11139E-03  9.11139E-03  9.11139E-03  9.11139E-03  9.11139E-03  9.11139E-03  9.11139E-03  9.11139E-03  9.11139E-03  9.11139E-03  9.11139E-03  9.11139E-03  9.11139E-03  9.11139E-03  9.11139E-03  9.11139E-03
   19627   4  1.18774E-02  1.18774E-02  1.18774E-02  1.18774E-02  1.18774E-02  1.18774E-02  1.18774E-02  1.18774E-02  1.18774E-02  1.18774E-02  1.18774E-02  1.18774E-02  1.18774E-02  1.18774E-02  1.18774E-02  1.18774E-02  1.18774E-02  1.18774E-02  1.18774E-02  1.18774E-02  1.18774E-02  1.18774E-02  1.18774E-02  1.18774E-02
   19627   3  8.94472E-06  8.94472E-06  8.94472E-06  8.94472E-06  8.94472E-06  0.00000E+00  0.00000E+00  0.00000E+00  0.00000E+00  0.00000E+00  0.00000E+00  0.00000E+00  0.00000E+00  8.94472E-06  8.94472E-06  8.94472E-06  8.94472E-06  8.94472E-06  8.94472E-06  8.94472E-06  8.94472E-06  8.94472E-06  8.94472E-06  8.94472E-06
   19627   2  0.00000E+00  0.00000E+00  0.00000E+00  0.00000E+00  0.00000E+00  0.00000E+00  0.00000E+00  0.00000E+00  0.00000E+00  0.00000E+00  0.00000E+00  0.00000E+00  0.00000E+00  0.00000E+00  0.00000E+00  0.00000E+00  0.00000E+00  0.00000E+00  0.00000E+00  0.00000E+00  0.00000E+00  0.00000E+00  0.00000E+00  0.00000E+00
   20331   4  3.40281E+00  3.40281E+00  3.40281E+00  3.40281E+00  3.40281E+00  3.40281E+00  3.40281E+00  3.40281E+00  3.40281E+00  3.40281E+00  3.40281E+00  3.40281E+00  3.40281E+00  3.40281E+00  3.40281E+00  3.40281E+00  3.40281E+00  3.40281E+00  3.40281E+00  3.40281E+00  3.40281E+00  3.40281E+00  3.40281E+00  3.40281E+00
   20331   3  3.00925E+00  3.00925E+00  2.92092E+00  2.92092E+00  2.92092E+00  1.62860E+00  1.62860E+00  1.62860E+00  1.62860E+00  1.62860E+00  1.62860E+00  1.62860E+00  1.62860E+00  5.22358E+00  5.22358E+00  5.22358E+00  5.22358E+00  5.22358E+00  5.22358E+00  5.22358E+00  5.22358E+00  3.00925E+00  3.00925E+00  3.00925E+00
   20331   7  1.89779E-01  1.89779E-01  1.89779E-01  1.89779E-01  1.89779E-01  1.89779E-01  1.89779E-01  1.89779E-01  1.89779E-01  1.89779E-01  1.89779E-01  1.89779E-01  1.89779E-01  3.39890E-01  3.39890E-01  3.39890E-01  3.39890E-01  3.39890E-01  3.39890E-01  3.39890E-01  3.39890E-01  1.89779E-01  1.89779E-01  1.89779E-01
   19971   4  1.79173E-02  1.79173E-02  1.79173E-02  1.79173E-02  1.79173E-02  1.79173E-02  1.79173E-02  1.79173E-02  1.79173E-02  1.79173E-02  1.79173E-02  1.79173E-02  1.79173E-02  1.79173E-02  1.79173E-02  1.79173E-02  1.79173E-02  1.79173E-02  1.79173E-02  1.79173E-02  1.79173E-02  1.79173E-02  1.79173E-02  1.79173E-02
   20331   1  6.06025E-02  6.06025E-02  6.06025E-02  6.06025E-02  6.06025E-02  6.06025E-02  6.06025E-02  6.06025E-02  6.06025E-02  6.06025E-02  6.06025E-02  6.06025E-02  6.06025E-02  6.06025E-02  6.06025E-02  6.06025E-02  6.06025E-02  6.06025E-02  6.06025E-02  6.06025E-02  6.06025E-02  6.06025E-02  6.06025E-02  6.06025E-02
   20331   2  1.42935E-03  1.42935E-03  1.42935E-03  1.42935E-03  1.42935E-03  1.42935E-03  1.42935E-03  1.42935E-03  1.42935E-03  1.42935E-03  1.42935E-03  1.42935E-03  1.42935E-03  1.42935E-03  1.42935E-03  1.42935E-03  1.42935E-03  1.42935E-03  1.42935E-03  1.42935E-03  1.42935E-03  1.42935E-03  1.42935E-03  1.42935E-03
   20685   3  0.00000E+00  0.00000E+00  0.00000E+00  0.00000E+00  0.00000E+00  0.00000E+00  0.00000E+00  0.00000E+00  0.00000E+00  0.00000E+00  0.00000E+00  0.00000E+00  0.00000E+00  9.63160E-04  9.63160E-04  9.63160E-04  9.63160E-04  9.63160E-04  9.63160E-04  9.63160E-04  9.63160E-04  0.00000E+00  0.00000E+00  0.00000E+00
   20332   3  0.00000E+00  0.00000E+00  0.00000E+00  0.00000E+00  0.00000E+00  0.00000E+00  0.00000E+00  0.00000E+00  0.00000E+00  0.00000E+00  0.00000E+00  0.00000E+00  0.00000E+00  0.00000E+00  0.00000E+00  0.00000E+00  0.00000E+00  0.00000E+00  0.00000E+00  0.00000E+00  0.00000E+00  0.00000E+00  0.00000E+00  0.00000E+00
   20685   7  0.00000E+00  0.00000E+00  0.00000E+00  0.00000E+00  0.00000E+00  0.00000E+00  0.00000E+00  0.00000E+00  0.00000E+00  0.00000E+00  0.00000E+00  0.00000E+00  0.00000E+00  2.64335E-01  2.64335E-01  2.64335E-01  2.64335E-01  2.64335E-01  2.64335E-01  2.64335E-01  2.64335E-01  0.00000E+00  0.00000E+00  0.00000E+00
   19622   4  0.00000E+00  0.00000E+00  0.00000E+00  0.00000E+00  0.00000E+00  0.00000E+00  0.00000E+00  0.00000E+00  0.00000E+00  0.00000E+00  0.00000E+00  0.00000E+00  0.00000E+00  0.00000E+00  0.00000E+00  0.00000E+00  0.00000E+00  0.00000E+00  0.00000E+00  0.00000E+00  0.00000E+00  0.00000E+00  0.00000E+00  0.00000E+00
   19628   4  2.94865E-02  2.94865E-02  2.94865E-02  2.94865E-02  2.94865E-02  2.94865E-02  2.94865E-02  2.94865E-02  2.94865E-02  2.94865E-02  2.94865E-02  2.94865E-02  2.94865E-02  2.94865E-02  2.94865E-02  2.94865E-02  2.94865E-02  2.94865E-02  2.94865E-02  2.94865E-02  2.94865E-02  2.94865E-02  2.94865E-02  2.94865E-02
   19628   3  1.53328E-02  1.53328E-02  1.53328E-02  1.53328E-02  1.53328E-02  9.56593E-03  9.56593E-03  9.56593E-03  9.56593E-03  9.56593E-03  9.56593E-03  9.56593E-03  9.56593E-03  1.53328E-02  1.53328E-02  1.53328E-02  1.53328E-02  1.53328E-02  1.53328E-02  1.53328E-02  1.53328E-02  1.53328E-02  1.53328E-02  1.53328E-02
   19274   3  6.14890E-06  6.14890E-06  6.14890E-06  6.14890E-06  6.14890E-06  6.14890E-06  6.14890E-06  6.14890E-06  6.14890E-06  6.14890E-06  6.14890E-06  6.14890E-06  6.14890E-06  6.14890E-06  6.14890E-06  6.14890E-06  6.14890E-06  6.14890E-06  6.14890E-06  6.14890E-06  6.14890E-06  6.14890E-06  6.14890E-06  6.14890E-06
   19628   7  0.00000E+00  0.00000E+00  0.00000E+00  0.00000E+00  0.00000E+00  0.00000E+00  0.00000E+00  0.00000E+00  0.00000E+00  0.00000E+00  0.00000E+00  0.00000E+00  0.00000E+00  0.00000E+00  0.00000E+00  0.00000E+00  0.00000E+00  0.00000E+00  0.00000E+00  0.00000E+00  0.00000E+00  0.00000E+00  0.00000E+00  0.00000E+00
   19267   4  1.83375E-01  1.83375E-01  1.83375E-01  1.83375E-01  1.83375E-01  1.83375E-01  1.83375E-01  1.83375E-01  1.83375E-01  1.83375E-01  1.83375E-01  1.83375E-01  1.83375E-01  2.34449E-01  2.34449E-01  2.34449E-01  2.34449E-01  2.34449E-01  2.34449E-01  2.34449E-01  2.34449E-01  1.83375E-01  1.83375E-01  1.83375E-01
   19267   2  1.62370E-01  1.62370E-01  1.62370E-01  1.62370E-01  1.62370E-01  1.62370E-01  1.62370E-01  1.62370E-01  1.62370E-01  1.62370E-01  1.62370E-01  1.62370E-01  1.62370E-01  1.62370E-01  1.62370E-01  1.62370E-01  1.62370E-01  1.62370E-01  1.62370E-01  1.62370E-01  1.62370E-01  1.62370E-01  1.62370E-01  1.62370E-01
   19620   4  4.93958E-02  4.93958E-02  4.93958E-02  4.93958E-02  4.93958E-02  4.93958E-02  4.93958E-02  4.93958E-02  4.93958E-02  4.93958E-02  4.93958E-02  4.93958E-02  4.93958E-02  4.93958E-02  4.93958E-02  4.93958E-02  4.93958E-02  4.93958E-02  4.93958E-02  4.93958E-02  4.93958E-02  4.93958E-02  4.93958E-02  4.93958E-02
   19620   3  8.85367E-03  8.85367E-03  8.85367E-03  8.85367E-03  8.85367E-03  8.85367E-03  8.85367E-03  8.85367E-03  8.85367E-03  8.85367E-03  8.85367E-03  8.85367E-03  8.85367E-03  8.85367E-03  8.85367E-03  8.85367E-03  8.85367E-03  8.85367E-03  8.85367E-03  8.85367E-03  8.85367E-03  8.85367E-03  8.85367E-03  8.85367E-03
   19267   7  0.00000E+00  0.00000E+00  0.00000E+00  0.00000E+00  0.00000E+00  0.00000E+00  0.00000E+00  0.00000E+00  0.00000E+00  0.00000E+00  0.00000E+00  0.00000E+00  0.00000E+00  1.16437E-01  1.16437E-01  1.16437E-01  1.16437E-01  1.16437E-01  1.16437E-01  1.16437E-01  1.16437E-01  0.00000E+00  0.00000E+00  0.00000E+00
   19267   3  1.92988E-01  1.92988E-01  1.92988E-01  1.92988E-01  1.92988E-01  1.92988E-01  1.92988E-01  1.92988E-01  1.92988E-01  1.92988E-01  1.92988E-01  1.92988E-01  1.92988E-01  1.92988E-01  1.92988E-01  1.92988E-01  1.92988E-01  1.92988E-01  1.92988E-01  1.92988E-01  1.92988E-01  1.92988E-01  1.92988E-01  1.92988E-01
   18913   3  0.00000E+00  0.00000E+00  0.00000E+00  0.00000E+00  0.00000E+00  0.00000E+00  0.00000E+00  0.00000E+00  0.00000E+00  0.00000E+00  0.00000E+00  0.00000E+00  0.00000E+00  0.00000E+00  0.00000E+00  0.00000E+00  0.00000E+00  0.00000E+00  0.00000E+00  0.00000E+00  0.00000E+00  0.00000E+00  0.00000E+00  0.00000E+00
   18913   4  0.00000E+00  0.00000E+00  0.00000E+00  0.00000E+00  0.00000E+00  0.00000E+00  0.00000E+00  0.00000E+00  0.00000E+00  0.00000E+00  0.00000E+00  0.00000E+00  0.00000E+00  0.00000E+00  0.00000E+00  0.00000E+00  0.00000E+00  0.00000E+00  0.00000E+00  0.00000E+00  0.00000E+00  0.00000E+00  0.00000E+00  0.00000E+00
   19975   3  5.08800E+00  5.08800E+00  4.71124E-03  4.71124E-03  4.71124E-03  6.94653E-04  6.94653E-04  6.94653E-04  6.94653E-04  6.94653E-04  6.94653E-04  6.94653E-04  6.94653E-04  5.08800E+00  5.08800E+00  5.08800E+00  5.08800E+00  5.08800E+00  5.08800E+00  5.08800E+00  5.08800E+00  5.08800E+00  5.08800E+00  5.08800E+00
   19975   4  6.87938E-01  6.87938E-01  6.87938E-01  6.87938E-01  6.87938E-01  6.87938E-01  6.87938E-01  6.87938E-01  6.87938E-01  6.87938E-01  6.87938E-01  6.87938E-01  6.87938E-01  6.87938E-01  6.87938E-01  6.87938E-01  6.87938E-01  6.87938E-01  6.87938E-01  6.87938E-01  6.87938E-01  6.87938E-01  6.87938E-01  6.87938E-01
   19975   2  7.29861E-02  7.29861E-02  7.29861E-02  7.29861E-02  7.29861E-02  0.00000E+00  0.00000E+00  0.00000E+00  0.00000E+00  0.00000E+00  0.00000E+00  0.00000E+00  0.00000E+00  7.29861E-02  7.29861E-02  7.29861E-02  7.29861E-02  7.29861E-02  7.29861E-02  7.29861E-02  7.29861E-02  7.29861E-02  7.29861E-02  7.29861E-02
   20329   7  0.00000E+00  0.00000E+00  0.00000E+00  0.00000E+00  0.00000E+00  0.00000E+00  0.00000E+00  0.00000E+00  0.00000E+00  0.00000E+00  0.00000E+00  0.00000E+00  0.00000E+00  1.97642E+00  1.97642E+00  1.97642E+00  1.97642E+00  1.97642E+00  1.97642E+00  1.97642E+00  1.97642E+00  0.00000E+00  0.00000E+00  0.00000E+00
   19975   5  0.00000E+00  0.00000E+00  0.00000E+00  0.00000E+00  0.00000E+00  0.00000E+00  0.00000E+00  0.00000E+00  0.00000E+00  0.00000E+00  0.00000E+00  0.00000E+00  0.00000E+00  0.00000E+00  0.00000E+00  0.00000E+00  0.00000E+00  0.00000E+00  0.00000E+00  0.00000E+00  0.00000E+00  0.00000E+00  0.00000E+00  0.00000E+00
   19979   5  1.05359E-03  1.05359E-03  1.05359E-03  1.05359E-03  1.05359E-03  1.05359E-03  1.05359E-03  1.05359E-03  1.05359E-03  1.05359E-03  1.05359E-03  1.05359E-03  1.05359E-03  1.05359E-03  1.05359E-03  1.05359E-03  1.05359E-03  1.05359E-03  1.05359E-03  1.05359E-03  1.05359E-03  1.05359E-03  1.05359E-03  1.05359E-03
   19979   4  1.62885E-02  1.62885E-02  1.62885E-02  1.62885E-02  1.62885E-02  1.62885E-02  1.62885E-02  1.62885E-02  1.62885E-02  1.62885E-02  1.62885E-02  1.62885E-02  1.62885E-02  1.62885E-02  1.62885E-02  1.62885E-02  1.62885E-02  1.62885E-02  1.62885E-02  1.62885E-02  1.62885E-02  1.62885E-02  1.62885E-02  1.62885E-02
   19979   3  0.00000E+00  0.00000E+00  0.00000E+00  0.00000E+00  0.00000E+00  0.00000E+00  0.00000E+00  0.00000E+00  0.00000E+00  0.00000E+00  0.00000E+00  0.00000E+00  0.00000E+00  0.00000E+00  0.00000E+00  0.00000E+00  0.00000E+00  0.00000E+00  0.00000E+00  0.00000E+00  0.00000E+00  0.00000E+00  0.00000E+00  0.00000E+00
   20681   4  3.81660E-03  3.81660E-03  3.81660E-03  3.81660E-03  3.81660E-03  3.81660E-03  3.81660E-03  3.81660E-03  3.81660E-03  3.81660E-03  3.81660E-03  3.81660E-03  3.81660E-03  3.81660E-03  3.81660E-03  3.81660E-03  3.81660E-03  3.81660E-03  3.81660E-03  3.81660E-03  3.81660E-03  3.81660E-03  3.81660E-03  3.81660E-03
   18915   3  0.00000E+00  0.00000E+00  0.00000E+00  0.00000E+00  0.00000E+00  0.00000E+00  0.00000E+00  0.00000E+00  0.00000E+00  0.00000E+00  0.00000E+00  0.00000E+00  0.00000E+00  0.00000E+00  0.00000E+00  0.00000E+00  0.00000E+00  0.00000E+00  0.00000E+00  0.00000E+00  0.00000E+00  0.00000E+00  0.00000E+00  0.00000E+00
   21038   4  3.05565E-01  3.05565E-01  3.05565E-01  3.05565E-01  3.05565E-01  3.05565E-01  3.05565E-01  3.05565E-01  3.05565E-01  3.05565E-01  3.05565E-01  3.05565E-01  3.05565E-01  3.05565E-01  3.05565E-01  3.05565E-01  3.05565E-01  3.05565E-01  3.05565E-01  3.05565E-01  3.05565E-01  3.05565E-01  3.05565E-01  3.05565E-01
   21038   3  0.00000E+00  0.00000E+00  0.00000E+00  0.00000E+00  0.00000E+00  0.00000E+00  0.00000E+00  0.00000E+00  0.00000E+00  0.00000E+00  0.00000E+00  0.00000E+00  0.00000E+00  0.00000E+00  0.00000E+00  0.00000E+00  0.00000E+00  0.00000E+00  0.00000E+00  0.00000E+00  0.00000E+00  0.00000E+00  0.00000E+00  0.00000E+00
   18562   3  0.00000E+00  0.00000E+00  0.00000E+00  0.00000E+00  0.00000E+00  0.00000E+00  0.00000E+00  0.00000E+00  0.00000E+00  0.00000E+00  0.00000E+00  0.00000E+00  0.00000E+00  0.00000E+00  0.00000E+00  0.00000E+00  0.00000E+00  0.00000E+00  0.00000E+00  0.00000E+00  0.00000E+00  0.00000E+00  0.00000E+00  0.00000E+00
   20330   7  0.00000E+00  0.00000E+00  0.00000E+00  0.00000E+00  0.00000E+00  0.00000E+00  0.00000E+00  0.00000E+00  0.00000E+00  0.00000E+00  0.00000E+00  0.00000E+00  0.00000E+00  3.78610E+00  3.78610E+00  3.78610E+00  3.78610E+00  3.78610E+00  3.78610E+00  3.78610E+00  3.78610E+00  0.00000E+00  0.00000E+00  0.00000E+00
   20330   2  1.31578E+00  1.31578E+00  1.31578E+00  1.31578E+00  1.31578E+00  1.31578E+00  1.31578E+00  1.31578E+00  1.31578E+00  1.31578E+00  1.31578E+00  1.31578E+00  1.31578E+00  1.31578E+00  1.31578E+00  1.31578E+00  1.31578E+00  1.31578E+00  1.31578E+00  1.31578E+00  1.31578E+00  1.31578E+00  1.31578E+00  1.31578E+00
   20329   2  6.64731E-04  6.64731E-04  6.64731E-04  6.64731E-04  6.64731E-04  6.64731E-04  6.64731E-04  6.64731E-04  6.64731E-04  6.64731E-04  6.64731E-04  6.64731E-04  6.64731E-04  6.64731E-04  6.64731E-04  6.64731E-04  6.64731E-04  6.64731E-04  6.64731E-04  6.64731E-04  6.64731E-04  6.64731E-04  6.64731E-04  6.64731E-04
   19266   5  0.00000E+00  0.00000E+00  0.00000E+00  0.00000E+00  0.00000E+00  0.00000E+00  0.00000E+00  0.00000E+00  0.00000E+00  0.00000E+00  0.00000E+00  0.00000E+00  0.00000E+00  0.00000E+00  0.00000E+00  0.00000E+00  0.00000E+00  0.00000E+00  0.00000E+00  0.00000E+00  0.00000E+00  0.00000E+00  0.00000E+00  0.00000E+00
   19265   4  1.22817E+00  1.22817E+00  1.22817E+00  1.22817E+00  1.22817E+00  1.22817E+00  1.22817E+00  1.22817E+00  1.22817E+00  1.22817E+00  1.22817E+00  1.22817E+00  1.22817E+00  1.31834E+01  1.31834E+01  1.31834E+01  1.31834E+01  1.31834E+01  1.31834E+01  1.31834E+01  1.31834E+01  1.22817E+00  1.22817E+00  1.22817E+00
   19265   3  8.89768E-01  8.89768E-01  3.00423E-01  3.00423E-01  3.00423E-01  3.00423E-01  3.00423E-01  3.00423E-01  3.00423E-01  3.00423E-01  3.00423E-01  3.00423E-01  3.00423E-01  1.28596E+01  1.28596E+01  1.28596E+01  1.28596E+01  1.28596E+01  1.28596E+01  1.28596E+01  1.28596E+01  8.89768E-01  8.89768E-01  8.89768E-01
   19265   5  9.74180E-02  9.74180E-02  9.74180E-02  9.74180E-02  9.74180E-02  9.74180E-02  9.74180E-02  9.74180E-02  9.74180E-02  9.74180E-02  9.74180E-02  9.74180E-02  9.74180E-02  2.75414E+00  2.75414E+00  2.75414E+00  2.75414E+00  2.75414E+00  2.75414E+00  2.75414E+00  2.75414E+00  9.74180E-02  9.74180E-02  9.74180E-02
   19266   7  0.00000E+00  0.00000E+00  0.00000E+00  0.00000E+00  0.00000E+00  0.00000E+00  0.00000E+00  0.00000E+00  0.00000E+00  0.00000E+00  0.00000E+00  0.00000E+00  0.00000E+00  0.00000E+00  0.00000E+00  0.00000E+00  0.00000E+00  0.00000E+00  0.00000E+00  0.00000E+00  0.00000E+00  0.00000E+00  0.00000E+00  0.00000E+00
   19265   7  0.00000E+00  0.00000E+00  0.00000E+00  0.00000E+00  0.00000E+00  0.00000E+00  0.00000E+00  0.00000E+00  0.00000E+00  0.00000E+00  0.00000E+00  0.00000E+00  0.00000E+00  3.62764E+00  3.62764E+00  3.62764E+00  3.62764E+00  3.62764E+00  3.62764E+00  3.62764E+00  3.62764E+00  0.00000E+00  0.00000E+00  0.00000E+00
   19266   4  1.38029E-02  1.38029E-02  1.38029E-02  1.38029E-02  1.38029E-02  1.38029E-02  1.38029E-02  1.38029E-02  1.38029E-02  1.38029E-02  1.38029E-02  1.38029E-02  1.38029E-02  1.38029E-02  1.38029E-02  1.38029E-02  1.38029E-02  1.38029E-02  1.38029E-02  1.38029E-02  1.38029E-02  1.38029E-02  1.38029E-02  1.38029E-02
   18912   4  0.00000E+00  0.00000E+00  0.00000E+00  0.00000E+00  0.00000E+00  0.00000E+00  0.00000E+00  0.00000E+00  0.00000E+00  0.00000E+00  0.00000E+00  0.00000E+00  0.00000E+00  0.00000E+00  0.00000E+00  0.00000E+00  0.00000E+00  0.00000E+00  0.00000E+00  0.00000E+00  0.00000E+00  0.00000E+00  0.00000E+00  0.00000E+00
   19265   1  1.14927E-01  1.14927E-01  1.14927E-01  1.14927E-01  1.14927E-01  1.14927E-01  1.14927E-01  1.14927E-01  1.14927E-01  1.14927E-01  1.14927E-01  1.14927E-01  1.14927E-01  1.14927E-01  1.14927E-01  1.14927E-01  1.14927E-01  1.14927E-01  1.14927E-01  1.14927E-01  1.14927E-01  1.14927E-01  1.14927E-01  1.14927E-01
   20683   4  3.16620E+00  3.16620E+00  3.16620E+00  3.16620E+00  3.16620E+00  3.16620E+00  3.16620E+00  3.16620E+00  3.16620E+00  3.16620E+00  3.16620E+00  3.16620E+00  3.16620E+00  3.16620E+00  3.16620E+00  3.16620E+00  3.16620E+00  3.16620E+00  3.16620E+00  3.16620E+00  3.16620E+00  3.16620E+00  3.16620E+00  3.16620E+00
   20683   7  0.00000E+00  0.00000E+00  0.00000E+00  0.00000E+00  0.00000E+00  0.00000E+00  0.00000E+00  0.00000E+00  0.00000E+00  0.00000E+00  0.00000E+00  0.00000E+00  0.00000E+00  3.67939E-01  3.67939E-01  3.67939E-01  3.67939E-01  3.67939E-01  3.67939E-01  3.67939E-01  3.67939E-01  0.00000E+00  0.00000E+00  0.00000E+00
   20683   2  0.00000E+00  0.00000E+00  0.00000E+00  0.00000E+00  0.00000E+00  0.00000E+00  0.00000E+00  0.00000E+00  0.00000E+00  0.00000E+00  0.00000E+00  0.00000E+00  0.00000E+00  0.00000E+00  0.00000E+00  0.00000E+00  0.00000E+00  0.00000E+00  0.00000E+00  0.00000E+00  0.00000E+00  0.00000E+00  0.00000E+00  0.00000E+00
   19973   5  5.31293E-03  5.31293E-03  5.31293E-03  5.31293E-03  5.31293E-03  5.31293E-03  5.31293E-03  5.31293E-03  5.31293E-03  5.31293E-03  5.31293E-03  5.31293E-03  5.31293E-03  5.31293E-03  5.31293E-03  5.31293E-03  5.31293E-03  5.31293E-03  5.31293E-03  5.31293E-03  5.31293E-03  5.31293E-03  5.31293E-03  5.31293E-03
   19264   3  1.84203E-03  1.84203E-03  1.84203E-03  1.84203E-03  1.84203E-03  1.84203E-03  1.84203E-03  1.84203E-03  1.84203E-03  1.84203E-03  1.84203E-03  1.84203E-03  1.84203E-03  1.84203E-03  1.84203E-03  1.84203E-03  1.84203E-03  1.84203E-03  1.84203E-03  1.84203E-03  1.84203E-03  1.84203E-03  1.84203E-03  1.84203E-03
   19263   4  1.51060E-03  1.51060E-03  1.51060E-03  1.51060E-03  1.51060E-03  1.51060E-03  1.51060E-03  1.51060E-03  1.51060E-03  1.51060E-03  1.51060E-03  1.51060E-03  1.51060E-03  1.51060E-03  1.51060E-03  1.51060E-03  1.51060E-03  1.51060E-03  1.51060E-03  1.51060E-03  1.51060E-03  1.51060E-03  1.51060E-03  1.51060E-03
   20682   4  4.95384E+00  4.95384E+00  4.95384E+00  4.95384E+00  4.95384E+00  4.95384E+00  4.95384E+00  4.95384E+00  4.95384E+00  4.95384E+00  4.95384E+00  4.95384E+00  4.95384E+00  1.45879E+01  1.45879E+01  1.45879E+01  1.45879E+01  1.45879E+01  1.45879E+01  1.45879E+01  1.45879E+01  4.95384E+00  4.95384E+00  4.95384E+00
   20682   3  8.36841E-02  8.36841E-02  8.36841E-02  8.36841E-02  8.36841E-02  8.36841E-02  8.36841E-02  8.36841E-02  8.36841E-02  8.36841E-02  8.36841E-02  8.36841E-02  8.36841E-02  9.71779E+00  9.71779E+00  9.71779E+00  9.71779E+00  9.71779E+00  9.71779E+00  9.71779E+00  9.71779E+00  8.36841E-02  8.36841E-02  8.36841E-02
   20682   5  0.00000E+00  0.00000E+00  0.00000E+00  0.00000E+00  0.00000E+00  0.00000E+00  0.00000E+00  0.00000E+00  0.00000E+00  0.00000E+00  0.00000E+00  0.00000E+00  0.00000E+00  2.14091E+00  2.14091E+00  2.14091E+00  2.14091E+00  2.14091E+00  2.14091E+00  2.14091E+00  2.14091E+00  0.00000E+00  0.00000E+00  0.00000E+00
   21035   4  7.58401E-02  7.58401E-02  7.58401E-02  7.58401E-02  7.58401E-02  7.58401E-02  7.58401E-02  7.58401E-02  7.58401E-02  7.58401E-02  7.58401E-02  7.58401E-02  7.58401E-02  7.58401E-02  7.58401E-02  7.58401E-02  7.58401E-02  7.58401E-02  7.58401E-02  7.58401E-02  7.58401E-02  7.58401E-02  7.58401E-02  7.58401E-02
   21035   3  3.29516E-04  3.29516E-04  3.29516E-04  3.29516E-04  3.29516E-04  3.29516E-04  3.29516E-04  3.29516E-04  3.29516E-04  3.29516E-04  3.29516E-04  3.29516E-04  3.29516E-04  3.29516E-04  3.29516E-04  3.29516E-04  3.29516E-04  3.29516E-04  3.29516E-04  3.29516E-04  3.29516E-04  3.29516E-04  3.29516E-04  3.29516E-04
   20682   7  0.00000E+00  0.00000E+00  0.00000E+00  0.00000E+00  0.00000E+00  0.00000E+00  0.00000E+00  0.00000E+00  0.00000E+00  0.00000E+00  0.00000E+00  0.00000E+00  0.00000E+00  3.64964E-02  3.64964E-02  3.64964E-02  3.64964E-02  3.64964E-02  3.64964E-02  3.64964E-02  3.64964E-02  0.00000E+00  0.00000E+00  0.00000E+00
   17468   3  4.30656E-04  4.30656E-04  4.30656E-04  4.30656E-04  4.30656E-04  4.30656E-04  4.30656E-04  4.30656E-04  4.30656E-04  4.30656E-04  4.30656E-04  4.30656E-04  4.30656E-04  4.30656E-04  4.30656E-04  4.30656E-04  4.30656E-04  4.30656E-04  4.30656E-04  4.30656E-04  4.30656E-04  4.30656E-04  4.30656E-04  4.30656E-04
   20665   3  6.04687E-04  6.04687E-04  6.04687E-04  6.04687E-04  6.04687E-04  6.04687E-04  6.04687E-04  6.04687E-04  6.04687E-04  6.04687E-04  6.04687E-04  6.04687E-04  6.04687E-04  6.04687E-04  6.04687E-04  6.04687E-04  6.04687E-04  6.04687E-04  6.04687E-04  6.04687E-04  6.04687E-04  6.04687E-04  6.04687E-04  6.04687E-04
   21015   3  0.00000E+00  0.00000E+00  0.00000E+00  0.00000E+00  0.00000E+00  0.00000E+00  0.00000E+00  0.00000E+00  0.00000E+00  0.00000E+00  0.00000E+00  0.00000E+00  0.00000E+00  0.00000E+00  0.00000E+00  0.00000E+00  0.00000E+00  0.00000E+00  0.00000E+00  0.00000E+00  0.00000E+00  0.00000E+00  0.00000E+00  0.00000E+00
   22058   3  3.11087E-04  3.11087E-04  3.11087E-04  3.11087E-04  3.11087E-04  3.11087E-04  3.11087E-04  3.11087E-04  3.11087E-04  3.11087E-04  3.11087E-04  3.11087E-04  3.11087E-04  3.11087E-04  3.11087E-04  3.11087E-04  3.11087E-04  3.11087E-04  3.11087E-04  3.11087E-04  3.11087E-04  3.11087E-04  3.11087E-04  3.11087E-04
   22404   3  0.00000E+00  0.00000E+00  0.00000E+00  0.00000E+00  0.00000E+00  0.00000E+00  0.00000E+00  0.00000E+00  0.00000E+00  0.00000E+00  0.00000E+00  0.00000E+00  0.00000E+00  0.00000E+00  0.00000E+00  0.00000E+00  0.00000E+00  0.00000E+00  0.00000E+00  0.00000E+00  0.00000E+00  0.00000E+00  0.00000E+00  0.00000E+00
   13938   4  7.71738E-05  7.71738E-05  7.71738E-05  7.71738E-05  7.71738E-05  7.71738E-05  7.71738E-05  7.71738E-05  7.71738E-05  7.71738E-05  7.71738E-05  7.71738E-05  7.71738E-05  7.71738E-05  7.71738E-05  7.71738E-05  7.71738E-05  7.71738E-05  7.71738E-05  7.71738E-05  7.71738E-05  7.71738E-05  7.71738E-05  7.71738E-05
   13938   2  8.31474E+00  8.31474E+00  8.31474E+00  8.31474E+00  7.96515E+00  7.96515E+00  7.96515E+00  7.96515E+00  8.31474E+00  8.31474E+00  8.31474E+00  8.31474E+00  8.31474E+00  8.31474E+00  8.31474E+00  8.31474E+00  8.31474E+00  8.31474E+00  8.31474E+00  8.31474E+00  8.31474E+00  8.31474E+00  8.31474E+00  8.31474E+00
   13938   1  7.96515E+00  7.96515E+00  7.96515E+00  7.96515E+00  7.96515E+00  7.96515E+00  7.96515E+00  7.96515E+00  7.96515E+00  7.96515E+00  7.96515E+00  7.96515E+00  7.96515E+00  7.96515E+00  7.96515E+00  7.96515E+00  7.96515E+00  7.96515E+00  7.96515E+00  7.96515E+00  7.96515E+00  7.96515E+00  7.96515E+00  7.96515E+00
   13938   7  0.00000E+00  0.00000E+00  0.00000E+00  0.00000E+00  0.00000E+00  0.00000E+00  0.00000E+00  0.00000E+00  0.00000E+00  0.00000E+00  0.00000E+00  0.00000E+00  0.00000E+00  0.00000E+00  0.00000E+00  0.00000E+00  0.00000E+00  0.00000E+00  0.00000E+00  0.00000E+00  0.00000E+00  0.00000E+00  0.00000E+00  0.00000E+00
   13235   1  0.00000E+00  0.00000E+00  0.00000E+00  0.00000E+00  0.00000E+00  0.00000E+00  0.00000E+00  0.00000E+00  0.00000E+00  0.00000E+00  0.00000E+00  0.00000E+00  0.00000E+00  0.00000E+00  0.00000E+00  0.00000E+00  0.00000E+00  0.00000E+00  0.00000E+00  0.00000E+00  0.00000E+00  0.00000E+00  0.00000E+00  0.00000E+00
   13235   2  2.78115E+00  2.78115E+00  2.78115E+00  2.78115E+00  2.78115E+00  2.78115E+00  2.78115E+00  2.78115E+00  2.78115E+00  2.78115E+00  2.78115E+00  2.78115E+00  2.78115E+00  2.78115E+00  2.78115E+00  2.78115E+00  2.78115E+00  2.78115E+00  2.78115E+00  2.78115E+00  2.78115E+00  2.78115E+00  2.78115E+00  2.78115E+00
   13235   3  0.00000E+00  0.00000E+00  0.00000E+00  0.00000E+00  0.00000E+00  0.00000E+00  0.00000E+00  0.00000E+00  0.00000E+00  0.00000E+00  0.00000E+00  0.00000E+00  0.00000E+00  0.00000E+00  0.00000E+00  0.00000E+00  0.00000E+00  0.00000E+00  0.00000E+00  0.00000E+00  0.00000E+00  0.00000E+00  0.00000E+00  0.00000E+00
   13938   3  0.00000E+00  0.00000E+00  0.00000E+00  0.00000E+00  0.00000E+00  0.00000E+00  0.00000E+00  0.00000E+00  0.00000E+00  0.00000E+00  0.00000E+00  0.00000E+00  0.00000E+00  0.00000E+00  0.00000E+00  0.00000E+00  0.00000E+00  0.00000E+00  0.00000E+00  0.00000E+00  0.00000E+00  0.00000E+00  0.00000E+00  0.00000E+00
   21012   3  0.00000E+00  0.00000E+00  0.00000E+00  0.00000E+00  0.00000E+00  0.00000E+00  0.00000E+00  0.00000E+00  0.00000E+00  0.00000E+00  0.00000E+00  0.00000E+00  0.00000E+00  0.00000E+00  0.00000E+00  0.00000E+00  0.00000E+00  0.00000E+00  0.00000E+00  0.00000E+00  0.00000E+00  0.00000E+00  0.00000E+00  0.00000E+00
   20658   3  0.00000E+00  0.00000E+00  0.00000E+00  0.00000E+00  0.00000E+00  0.00000E+00  0.00000E+00  0.00000E+00  0.00000E+00  0.00000E+00  0.00000E+00  0.00000E+00  0.00000E+00  0.00000E+00  0.00000E+00  0.00000E+00  0.00000E+00  0.00000E+00  0.00000E+00  0.00000E+00  0.00000E+00  0.00000E+00  0.00000E+00  0.00000E+00
   21012   4  9.88115E-03  9.88115E-03  9.88115E-03  9.88115E-03  9.88115E-03  9.88115E-03  9.88115E-03  9.88115E-03  9.88115E-03  9.88115E-03  9.88115E-03  9.88115E-03  9.88115E-03  9.88115E-03  9.88115E-03  9.88115E-03  9.88115E-03  9.88115E-03  9.88115E-03  9.88115E-03  9.88115E-03  9.88115E-03  9.88115E-03  9.88115E-03
   21013   4  3.81609E-02  3.81609E-02  3.81609E-02  3.81609E-02  3.81609E-02  3.81609E-02  3.81609E-02  3.81609E-02  3.81609E-02  3.81609E-02  3.81609E-02  3.81609E-02  3.81609E-02  3.81609E-02  3.81609E-02  3.81609E-02  3.81609E-02  3.81609E-02  3.81609E-02  3.81609E-02  3.81609E-02  3.81609E-02  3.81609E-02  3.81609E-02
   20658   7  0.00000E+00  0.00000E+00  0.00000E+00  0.00000E+00  0.00000E+00  0.00000E+00  0.00000E+00  0.00000E+00  0.00000E+00  0.00000E+00  0.00000E+00  0.00000E+00  0.00000E+00  0.00000E+00  0.00000E+00  0.00000E+00  0.00000E+00  0.00000E+00  0.00000E+00  0.00000E+00  0.00000E+00  0.00000E+00  0.00000E+00  0.00000E+00
   21013   3  0.00000E+00  0.00000E+00  0.00000E+00  0.00000E+00  0.00000E+00  0.00000E+00  0.00000E+00  0.00000E+00  0.00000E+00  0.00000E+00  0.00000E+00  0.00000E+00  0.00000E+00  0.00000E+00  0.00000E+00  0.00000E+00  0.00000E+00  0.00000E+00  0.00000E+00  0.00000E+00  0.00000E+00  0.00000E+00  0.00000E+00  0.00000E+00
   20659   4  0.00000E+00  0.00000E+00  0.00000E+00  0.00000E+00  0.00000E+00  0.00000E+00  0.00000E+00  0.00000E+00  0.00000E+00  0.00000E+00  0.00000E+00  0.00000E+00  0.00000E+00  0.00000E+00  0.00000E+00  0.00000E+00  0.00000E+00  0.00000E+00  0.00000E+00  0.00000E+00  0.00000E+00  0.00000E+00  0.00000E+00  0.00000E+00
   20645   3  0.00000E+00  0.00000E+00  0.00000E+00  0.00000E+00  0.00000E+00  0.00000E+00  0.00000E+00  0.00000E+00  0.00000E+00  0.00000E+00  0.00000E+00  0.00000E+00  0.00000E+00  0.00000E+00  0.00000E+00  0.00000E+00  0.00000E+00  0.00000E+00  0.00000E+00  0.00000E+00  0.00000E+00  0.00000E+00  0.00000E+00  0.00000E+00
   18891   3  0.00000E+00  0.00000E+00  0.00000E+00  0.00000E+00  0.00000E+00  0.00000E+00  0.00000E+00  0.00000E+00  0.00000E+00  0.00000E+00  0.00000E+00  0.00000E+00  0.00000E+00  0.00000E+00  0.00000E+00  0.00000E+00  0.00000E+00  0.00000E+00  0.00000E+00  0.00000E+00  0.00000E+00  0.00000E+00  0.00000E+00  0.00000E+00
   19239   2  0.00000E+00  0.00000E+00  0.00000E+00  0.00000E+00  0.00000E+00  0.00000E+00  0.00000E+00  0.00000E+00  0.00000E+00  0.00000E+00  0.00000E+00  0.00000E+00  0.00000E+00  0.00000E+00  0.00000E+00  0.00000E+00  0.00000E+00  0.00000E+00  0.00000E+00  0.00000E+00  0.00000E+00  0.00000E+00  0.00000E+00  0.00000E+00
   19239   3  0.00000E+00  0.00000E+00  0.00000E+00  0.00000E+00  0.00000E+00  0.00000E+00  0.00000E+00  0.00000E+00  0.00000E+00  0.00000E+00  0.00000E+00  0.00000E+00  0.00000E+00  0.00000E+00  0.00000E+00  0.00000E+00  0.00000E+00  0.00000E+00  0.00000E+00  0.00000E+00  0.00000E+00  0.00000E+00  0.00000E+00  0.00000E+00
   20643   2  0.00000E+00  0.00000E+00  0.00000E+00  0.00000E+00  0.00000E+00  0.00000E+00  0.00000E+00  0.00000E+00  0.00000E+00  0.00000E+00  0.00000E+00  0.00000E+00  0.00000E+00  0.00000E+00  0.00000E+00  0.00000E+00  0.00000E+00  0.00000E+00  0.00000E+00  0.00000E+00  0.00000E+00  0.00000E+00  0.00000E+00  0.00000E+00
   20643   3  0.00000E+00  0.00000E+00  0.00000E+00  0.00000E+00  0.00000E+00  0.00000E+00  0.00000E+00  0.00000E+00  0.00000E+00  0.00000E+00  0.00000E+00  0.00000E+00  0.00000E+00  0.00000E+00  0.00000E+00  0.00000E+00  0.00000E+00  0.00000E+00  0.00000E+00  0.00000E+00  0.00000E+00  0.00000E+00  0.00000E+00  0.00000E+00
   19590   3  0.00000E+00  0.00000E+00  0.00000E+00  0.00000E+00  0.00000E+00  0.00000E+00  0.00000E+00  0.00000E+00  0.00000E+00  0.00000E+00  0.00000E+00  0.00000E+00  0.00000E+00  0.00000E+00  0.00000E+00  0.00000E+00  0.00000E+00  0.00000E+00  0.00000E+00  0.00000E+00  0.00000E+00  0.00000E+00  0.00000E+00  0.00000E+00
   19590   7  0.00000E+00  0.00000E+00  0.00000E+00  0.00000E+00  0.00000E+00  0.00000E+00  0.00000E+00  0.00000E+00  0.00000E+00  0.00000E+00  0.00000E+00  0.00000E+00  0.00000E+00  0.00000E+00  0.00000E+00  0.00000E+00  0.00000E+00  0.00000E+00  0.00000E+00  0.00000E+00  0.00000E+00  0.00000E+00  0.00000E+00  0.00000E+00
   21358   4  0.00000E+00  0.00000E+00  0.00000E+00  0.00000E+00  0.00000E+00  0.00000E+00  0.00000E+00  0.00000E+00  0.00000E+00  0.00000E+00  0.00000E+00  0.00000E+00  0.00000E+00  0.00000E+00  0.00000E+00  0.00000E+00  0.00000E+00  0.00000E+00  0.00000E+00  0.00000E+00  0.00000E+00  0.00000E+00  0.00000E+00  0.00000E+00
   22412   3  3.06666E-03  3.06666E-03  3.06666E-03  3.06666E-03  3.06666E-03  3.06666E-03  3.06666E-03  3.06666E-03  3.06666E-03  3.06666E-03  3.06666E-03  3.06666E-03  3.06666E-03  3.06666E-03  3.06666E-03  3.06666E-03  3.06666E-03  3.06666E-03  3.06666E-03  3.06666E-03  3.06666E-03  3.06666E-03  3.06666E-03  3.06666E-03
   22412   7  0.00000E+00  0.00000E+00  0.00000E+00  0.00000E+00  0.00000E+00  0.00000E+00  0.00000E+00  0.00000E+00  0.00000E+00  0.00000E+00  0.00000E+00  0.00000E+00  0.00000E+00  0.00000E+00  0.00000E+00  0.00000E+00  0.00000E+00  0.00000E+00  0.00000E+00  0.00000E+00  0.00000E+00  0.00000E+00  0.00000E+00  0.00000E+00
   19610   3  0.00000E+00  0.00000E+00  0.00000E+00  0.00000E+00  0.00000E+00  0.00000E+00  0.00000E+00  0.00000E+00  0.00000E+00  0.00000E+00  0.00000E+00  0.00000E+00  0.00000E+00  0.00000E+00  0.00000E+00  0.00000E+00  0.00000E+00  0.00000E+00  0.00000E+00  0.00000E+00  0.00000E+00  0.00000E+00  0.00000E+00  0.00000E+00
   16803   4  1.43373E-02  1.43373E-02  1.43373E-02  1.43373E-02  1.43373E-02  1.43373E-02  1.43373E-02  1.43373E-02  1.43373E-02  1.43373E-02  1.43373E-02  1.43373E-02  1.43373E-02  1.43373E-02  1.43373E-02  1.43373E-02  1.43373E-02  1.43373E-02  1.43373E-02  1.43373E-02  1.43373E-02  1.43373E-02  1.43373E-02  1.43373E-02
   16802   4  1.18919E-01  1.18919E-01  1.18919E-01  1.18919E-01  1.18919E-01  1.18919E-01  1.18919E-01  1.18919E-01  1.18919E-01  1.18919E-01  1.18919E-01  1.18919E-01  1.18919E-01  1.18919E-01  1.18919E-01  1.18919E-01  1.18919E-01  1.18919E-01  1.18919E-01  1.18919E-01  1.18919E-01  1.18919E-01  1.18919E-01  1.18919E-01
   17156   4  1.97411E-04  1.97411E-04  1.97411E-04  1.97411E-04  1.97411E-04  1.97411E-04  1.97411E-04  1.97411E-04  1.97411E-04  1.97411E-04  1.97411E-04  1.97411E-04  1.97411E-04  1.97411E-04  1.97411E-04  1.97411E-04  1.97411E-04  1.97411E-04  1.97411E-04  1.97411E-04  1.97411E-04  1.97411E-04  1.97411E-04  1.97411E-04
   17156   3  4.37999E-04  4.37999E-04  4.37999E-04  4.37999E-04  4.37999E-04  0.00000E+00  0.00000E+00  0.00000E+00  0.00000E+00  0.00000E+00  0.00000E+00  0.00000E+00  0.00000E+00  4.37999E-04  4.37999E-04  4.37999E-04  4.37999E-04  4.37999E-04  4.37999E-04  4.37999E-04  4.37999E-04  4.37999E-04  4.37999E-04  4.37999E-04
   17156   7  0.00000E+00  0.00000E+00  0.00000E+00  0.00000E+00  0.00000E+00  0.00000E+00  0.00000E+00  0.00000E+00  0.00000E+00  0.00000E+00  0.00000E+00  0.00000E+00  0.00000E+00  0.00000E+00  0.00000E+00  0.00000E+00  0.00000E+00  0.00000E+00  0.00000E+00  0.00000E+00  0.00000E+00  0.00000E+00  0.00000E+00  0.00000E+00
   17156   2  4.62298E-02  4.62298E-02  4.62298E-02  4.62298E-02  4.62298E-02  4.62298E-02  4.62298E-02  4.62298E-02  4.62298E-02  4.62298E-02  4.62298E-02  4.62298E-02  4.62298E-02  4.62298E-02  4.62298E-02  4.62298E-02  4.62298E-02  4.62298E-02  4.62298E-02  4.62298E-02  4.62298E-02  4.62298E-02  4.62298E-02  4.62298E-02
   17506   4  3.56082E+00  3.56082E+00  3.56082E+00  3.56082E+00  3.56082E+00  3.56082E+00  3.56082E+00  3.56082E+00  3.56082E+00  3.56082E+00  3.56082E+00  3.56082E+00  3.56082E+00  1.71124E+01  1.71124E+01  1.71124E+01  1.71124E+01  1.71124E+01  1.71124E+01  1.71124E+01  1.71124E+01  3.56082E+00  3.56082E+00  3.56082E+00
   17506   3  7.27630E-01  7.27630E-01  7.27630E-01  7.27630E-01  7.27630E-01  7.27630E-01  7.27630E-01  7.27630E-01  7.27630E-01  7.27630E-01  7.27630E-01  7.27630E-01  7.27630E-01  1.42793E+01  1.42793E+01  1.42793E+01  1.42793E+01  1.42793E+01  1.42793E+01  1.42793E+01  1.42793E+01  7.27630E-01  7.27630E-01  7.27630E-01
   17859   3  0.00000E+00  0.00000E+00  0.00000E+00  0.00000E+00  0.00000E+00  0.00000E+00  0.00000E+00  0.00000E+00  0.00000E+00  0.00000E+00  0.00000E+00  0.00000E+00  0.00000E+00  0.00000E+00  0.00000E+00  0.00000E+00  0.00000E+00  0.00000E+00  0.00000E+00  0.00000E+00  0.00000E+00  0.00000E+00  0.00000E+00  0.00000E+00
   17506   7  0.00000E+00  0.00000E+00  0.00000E+00  0.00000E+00  0.00000E+00  0.00000E+00  0.00000E+00  0.00000E+00  0.00000E+00  0.00000E+00  0.00000E+00  0.00000E+00  0.00000E+00  0.00000E+00  0.00000E+00  0.00000E+00  0.00000E+00  0.00000E+00  0.00000E+00  0.00000E+00  0.00000E+00  0.00000E+00  0.00000E+00  0.00000E+00
   17505   3  0.00000E+00  0.00000E+00  0.00000E+00  0.00000E+00  0.00000E+00  0.00000E+00  0.00000E+00  0.00000E+00  0.00000E+00  0.00000E+00  0.00000E+00  0.00000E+00  0.00000E+00  0.00000E+00  0.00000E+00  0.00000E+00  0.00000E+00  0.00000E+00  0.00000E+00  0.00000E+00  0.00000E+00  0.00000E+00  0.00000E+00  0.00000E+00
   17153   2  5.43117E-01  5.43117E-01  5.43117E-01  5.43117E-01  5.43117E-01  5.43117E-01  5.43117E-01  5.43117E-01  5.43117E-01  5.43117E-01  5.43117E-01  5.43117E-01  5.43117E-01  5.43117E-01  5.43117E-01  5.43117E-01  5.43117E-01  5.43117E-01  5.43117E-01  5.43117E-01  5.43117E-01  5.43117E-01  5.43117E-01  5.43117E-01
   17506   5  0.00000E+00  0.00000E+00  0.00000E+00  0.00000E+00  0.00000E+00  0.00000E+00  0.00000E+00  0.00000E+00  0.00000E+00  0.00000E+00  0.00000E+00  0.00000E+00  0.00000E+00  3.01145E+00  3.01145E+00  3.01145E+00  3.01145E+00  3.01145E+00  3.01145E+00  3.01145E+00  3.01145E+00  0.00000E+00  0.00000E+00  0.00000E+00
   18212   4  0.00000E+00  0.00000E+00  0.00000E+00  0.00000E+00  0.00000E+00  0.00000E+00  0.00000E+00  0.00000E+00  0.00000E+00  0.00000E+00  0.00000E+00  0.00000E+00  0.00000E+00  0.00000E+00  0.00000E+00  0.00000E+00  0.00000E+00  0.00000E+00  0.00000E+00  0.00000E+00  0.00000E+00  0.00000E+00  0.00000E+00  0.00000E+00
   17510   4  3.40303E-02  3.40303E-02  3.40303E-02  3.40303E-02  3.40303E-02  3.40303E-02  3.40303E-02  3.40303E-02  3.40303E-02  3.40303E-02  3.40303E-02  3.40303E-02  3.40303E-02  3.40303E-02  3.40303E-02  3.40303E-02  3.40303E-02  3.40303E-02  3.40303E-02  3.40303E-02  3.40303E-02  3.40303E-02  3.40303E-02  3.40303E-02
   16447   2  0.00000E+00  0.00000E+00  0.00000E+00  0.00000E+00  0.00000E+00  0.00000E+00  0.00000E+00  0.00000E+00  0.00000E+00  0.00000E+00  0.00000E+00  0.00000E+00  0.00000E+00  0.00000E+00  0.00000E+00  0.00000E+00  0.00000E+00  0.00000E+00  0.00000E+00  0.00000E+00  0.00000E+00  0.00000E+00  0.00000E+00  0.00000E+00
   16447   3  0.00000E+00  0.00000E+00  0.00000E+00  0.00000E+00  0.00000E+00  0.00000E+00  0.00000E+00  0.00000E+00  0.00000E+00  0.00000E+00  0.00000E+00  0.00000E+00  0.00000E+00  0.00000E+00  0.00000E+00  0.00000E+00  0.00000E+00  0.00000E+00  0.00000E+00  0.00000E+00  0.00000E+00  0.00000E+00  0.00000E+00  0.00000E+00
   32968   7  0.00000E+00  0.00000E+00  0.00000E+00  0.00000E+00  0.00000E+00  0.00000E+00  0.00000E+00  0.00000E+00  0.00000E+00  0.00000E+00  0.00000E+00  0.00000E+00  0.00000E+00  0.00000E+00  0.00000E+00  0.00000E+00  0.00000E+00  0.00000E+00  0.00000E+00  0.00000E+00  0.00000E+00  0.00000E+00  0.00000E+00  0.00000E+00
   32968   3  0.00000E+00  0.00000E+00  0.00000E+00  0.00000E+00  0.00000E+00  0.00000E+00  0.00000E+00  0.00000E+00  0.00000E+00  0.00000E+00  0.00000E+00  0.00000E+00  0.00000E+00  0.00000E+00  0.00000E+00  0.00000E+00  0.00000E+00  0.00000E+00  0.00000E+00  0.00000E+00  0.00000E+00  0.00000E+00  0.00000E+00  0.00000E+00
   29089   4  7.27059E-04  7.27059E-04  7.27059E-04  7.27059E-04  7.27059E-04  7.27059E-04  7.27059E-04  7.27059E-04  7.27059E-04  7.27059E-04  7.27059E-04  7.27059E-04  7.27059E-04  7.27059E-04  7.27059E-04  7.27059E-04  7.27059E-04  7.27059E-04  7.27059E-04  7.27059E-04  7.27059E-04  7.27059E-04  7.27059E-04  7.27059E-04
   29089   2  0.00000E+00  0.00000E+00  0.00000E+00  0.00000E+00  0.00000E+00  0.00000E+00  0.00000E+00  0.00000E+00  0.00000E+00  0.00000E+00  0.00000E+00  0.00000E+00  0.00000E+00  0.00000E+00  0.00000E+00  0.00000E+00  0.00000E+00  0.00000E+00  0.00000E+00  0.00000E+00  0.00000E+00  0.00000E+00  0.00000E+00  0.00000E+00
   29089   3  3.39146E-03  3.39146E-03  3.39146E-03  3.39146E-03  3.39146E-03  3.39146E-03  3.39146E-03  3.39146E-03  3.39146E-03  3.39146E-03  3.39146E-03  3.39146E-03  3.39146E-03  3.39146E-03  3.39146E-03  3.39146E-03  3.39146E-03  3.39146E-03  3.39146E-03  3.39146E-03  3.39146E-03  3.39146E-03  3.39146E-03  3.39146E-03
   29089   7  0.00000E+00  0.00000E+00  0.00000E+00  0.00000E+00  0.00000E+00  0.00000E+00  0.00000E+00  0.00000E+00  0.00000E+00  0.00000E+00  0.00000E+00  0.00000E+00  0.00000E+00  0.00000E+00  0.00000E+00  0.00000E+00  0.00000E+00  0.00000E+00  0.00000E+00  0.00000E+00  0.00000E+00  0.00000E+00  0.00000E+00  0.00000E+00
   15772   3  0.00000E+00  0.00000E+00  0.00000E+00  0.00000E+00  0.00000E+00  0.00000E+00  0.00000E+00  0.00000E+00  0.00000E+00  0.00000E+00  0.00000E+00  0.00000E+00  0.00000E+00  0.00000E+00  0.00000E+00  0.00000E+00  0.00000E+00  0.00000E+00  0.00000E+00  0.00000E+00  0.00000E+00  0.00000E+00  0.00000E+00  0.00000E+00
   15772   2  0.00000E+00  0.00000E+00  0.00000E+00  0.00000E+00  0.00000E+00  0.00000E+00  0.00000E+00  0.00000E+00  0.00000E+00  0.00000E+00  0.00000E+00  0.00000E+00  0.00000E+00  0.00000E+00  0.00000E+00  0.00000E+00  0.00000E+00  0.00000E+00  0.00000E+00  0.00000E+00  0.00000E+00  0.00000E+00  0.00000E+00  0.00000E+00
   16476   4  1.08908E-03  1.08908E-03  1.08908E-03  1.08908E-03  1.08908E-03  1.08908E-03  1.08908E-03  1.08908E-03  1.08908E-03  1.08908E-03  1.08908E-03  1.08908E-03  1.08908E-03  1.08908E-03  1.08908E-03  1.08908E-03  1.08908E-03  1.08908E-03  1.08908E-03  1.08908E-03  1.08908E-03  1.08908E-03  1.08908E-03  1.08908E-03
   16476   3  0.00000E+00  0.00000E+00  0.00000E+00  0.00000E+00  0.00000E+00  0.00000E+00  0.00000E+00  0.00000E+00  0.00000E+00  0.00000E+00  0.00000E+00  0.00000E+00  0.00000E+00  0.00000E+00  0.00000E+00  0.00000E+00  0.00000E+00  0.00000E+00  0.00000E+00  0.00000E+00  0.00000E+00  0.00000E+00  0.00000E+00  0.00000E+00
    7320   4  0.00000E+00  0.00000E+00  0.00000E+00  0.00000E+00  0.00000E+00  0.00000E+00  0.00000E+00  0.00000E+00  0.00000E+00  0.00000E+00  0.00000E+00  0.00000E+00  0.00000E+00  0.00000E+00  0.00000E+00  0.00000E+00  0.00000E+00  0.00000E+00  0.00000E+00  0.00000E+00  0.00000E+00  0.00000E+00  0.00000E+00  0.00000E+00
   10496   2  9.26197E+00  9.26197E+00  9.26197E+00  9.26197E+00  9.26197E+00  9.26197E+00  9.26197E+00  9.26197E+00  9.26197E+00  9.26197E+00  9.26197E+00  9.26197E+00  9.26197E+00  9.26197E+00  9.26197E+00  9.26197E+00  9.26197E+00  9.26197E+00  9.26197E+00  9.26197E+00  9.26197E+00  9.26197E+00  9.26197E+00  9.26197E+00
   10496   3  1.38051E+00  1.38051E+00  1.38051E+00  1.38051E+00  1.38051E+00  1.38051E+00  1.38051E+00  1.38051E+00  1.38051E+00  1.38051E+00  1.38051E+00  1.38051E+00  1.38051E+00  1.38051E+00  1.38051E+00  1.38051E+00  1.38051E+00  1.38051E+00  1.38051E+00  1.38051E+00  1.38051E+00  1.38051E+00  1.38051E+00  1.38051E+00
   10122   3  0.00000E+00  0.00000E+00  0.00000E+00  0.00000E+00  0.00000E+00  0.00000E+00  0.00000E+00  0.00000E+00  0.00000E+00  0.00000E+00  0.00000E+00  0.00000E+00  0.00000E+00  0.00000E+00  0.00000E+00  0.00000E+00  0.00000E+00  0.00000E+00  0.00000E+00  0.00000E+00  0.00000E+00  0.00000E+00  0.00000E+00  0.00000E+00
   10122   5  7.08246E-03  7.08246E-03  7.08246E-03  7.08246E-03  7.08246E-03  7.08246E-03  7.08246E-03  7.08246E-03  7.08246E-03  7.08246E-03  7.08246E-03  7.08246E-03  7.08246E-03  7.08246E-03  7.08246E-03  7.08246E-03  7.08246E-03  7.08246E-03  7.08246E-03  7.08246E-03  7.08246E-03  7.08246E-03  7.08246E-03  7.08246E-03
    6258   1  5.24358E+01  5.24358E+01  5.24358E+01  5.24358E+01  5.24358E+01  5.24358E+01  5.24358E+01  5.24358E+01  5.24358E+01  5.24358E+01  5.24358E+01  5.24358E+01  5.24358E+01  5.24358E+01  5.24358E+01  5.24358E+01  5.24358E+01  5.24358E+01  5.24358E+01  5.24358E+01  5.24358E+01  5.24358E+01  5.24358E+01  5.24358E+01
    6258   2  6.70772E+02  6.70772E+02  6.70772E+02  6.70772E+02  6.70772E+02  6.70772E+02  6.70772E+02  6.70772E+02  6.70772E+02  6.70772E+02  6.70772E+02  6.70772E+02  6.70772E+02  6.70772E+02  6.70772E+02  6.70772E+02  6.70772E+02  6.70772E+02  6.70772E+02  6.70772E+02  6.70772E+02  6.70772E+02  6.70772E+02  6.70772E+02
    6258   3  1.71489E+01  1.71489E+01  1.71489E+01  1.71489E+01  1.71489E+01  1.71489E+01  1.71489E+01  1.71489E+01  1.71489E+01  1.71489E+01  1.71489E+01  1.71489E+01  1.71489E+01  1.71489E+01  1.71489E+01  1.71489E+01  1.71489E+01  1.71489E+01  1.71489E+01  1.71489E+01  1.71489E+01  1.71489E+01  1.71489E+01  1.71489E+01
    6258   4  0.00000E+00  0.00000E+00  0.00000E+00  0.00000E+00  0.00000E+00  0.00000E+00  0.00000E+00  0.00000E+00  0.00000E+00  0.00000E+00  0.00000E+00  0.00000E+00  0.00000E+00  0.00000E+00  0.00000E+00  0.00000E+00  0.00000E+00  0.00000E+00  0.00000E+00  0.00000E+00  0.00000E+00  0.00000E+00  0.00000E+00  0.00000E+00
    6258   7  0.00000E+00  0.00000E+00  0.00000E+00  0.00000E+00  0.00000E+00  0.00000E+00  0.00000E+00  0.00000E+00  0.00000E+00  0.00000E+00  0.00000E+00  0.00000E+00  0.00000E+00  0.00000E+00  0.00000E+00  0.00000E+00  0.00000E+00  0.00000E+00  0.00000E+00  0.00000E+00  0.00000E+00  0.00000E+00  0.00000E+00  0.00000E+00
    9417   4  2.60961E-04  2.60961E-04  2.60961E-04  2.60961E-04  2.60961E-04  2.60961E-04  2.60961E-04  2.60961E-04  2.60961E-04  2.60961E-04  2.60961E-04  2.60961E-04  2.60961E-04  2.60961E-04  2.60961E-04  2.60961E-04  2.60961E-04  2.60961E-04  2.60961E-04  2.60961E-04  2.60961E-04  2.60961E-04  2.60961E-04  2.60961E-04
   10122   4  3.81150E-06  3.81150E-06  3.81150E-06  3.81150E-06  3.81150E-06  3.81150E-06  3.81150E-06  3.81150E-06  3.81150E-06  3.81150E-06  3.81150E-06  3.81150E-06  3.81150E-06  3.81150E-06  3.81150E-06  3.81150E-06  3.81150E-06  3.81150E-06  3.81150E-06  3.81150E-06  3.81150E-06  3.81150E-06  3.81150E-06  3.81150E-06
   14365   3  0.00000E+00  0.00000E+00  0.00000E+00  0.00000E+00  0.00000E+00  0.00000E+00  0.00000E+00  0.00000E+00  0.00000E+00  0.00000E+00  0.00000E+00  0.00000E+00  0.00000E+00  0.00000E+00  0.00000E+00  0.00000E+00  0.00000E+00  0.00000E+00  0.00000E+00  0.00000E+00  0.00000E+00  0.00000E+00  0.00000E+00  0.00000E+00
   11525   4  5.37746E-03  5.37746E-03  5.37746E-03  5.37746E-03  5.37746E-03  5.37746E-03  5.37746E-03  5.37746E-03  5.37746E-03  5.37746E-03  5.37746E-03  5.37746E-03  5.37746E-03  5.37746E-03  5.37746E-03  5.37746E-03  5.37746E-03  5.37746E-03  5.37746E-03  5.37746E-03  5.37746E-03  5.37746E-03  5.37746E-03  5.37746E-03
    8358   7  0.00000E+00  0.00000E+00  0.00000E+00  0.00000E+00  0.00000E+00  0.00000E+00  0.00000E+00  0.00000E+00  0.00000E+00  0.00000E+00  0.00000E+00  0.00000E+00  0.00000E+00  0.00000E+00  0.00000E+00  0.00000E+00  0.00000E+00  0.00000E+00  0.00000E+00  0.00000E+00  0.00000E+00  0.00000E+00  0.00000E+00  0.00000E+00
    9771   3  2.10765E-03  2.10765E-03  2.10765E-03  2.10765E-03  2.10765E-03  0.00000E+00  0.00000E+00  0.00000E+00  0.00000E+00  0.00000E+00  0.00000E+00  0.00000E+00  0.00000E+00  2.10765E-03  2.10765E-03  2.10765E-03  2.10765E-03  2.10765E-03  2.10765E-03  2.10765E-03  2.10765E-03  2.10765E-03  2.10765E-03  2.10765E-03
    6609   3  0.00000E+00  0.00000E+00  0.00000E+00  0.00000E+00  0.00000E+00  0.00000E+00  0.00000E+00  0.00000E+00  0.00000E+00  0.00000E+00  0.00000E+00  0.00000E+00  0.00000E+00  0.00000E+00  0.00000E+00  0.00000E+00  0.00000E+00  0.00000E+00  0.00000E+00  0.00000E+00  0.00000E+00  0.00000E+00  0.00000E+00  0.00000E+00
   11870   4  4.95315E-02  4.95315E-02  4.95315E-02  4.95315E-02  4.95315E-02  4.95315E-02  4.95315E-02  4.95315E-02  4.95315E-02  4.95315E-02  4.95315E-02  4.95315E-02  4.95315E-02  4.95315E-02  4.95315E-02  4.95315E-02  4.95315E-02  4.95315E-02  4.95315E-02  4.95315E-02  4.95315E-02  4.95315E-02  4.95315E-02  4.95315E-02
   11870   3  0.00000E+00  0.00000E+00  0.00000E+00  0.00000E+00  0.00000E+00  0.00000E+00  0.00000E+00  0.00000E+00  0.00000E+00  0.00000E+00  0.00000E+00  0.00000E+00  0.00000E+00  0.00000E+00  0.00000E+00  0.00000E+00  0.00000E+00  0.00000E+00  0.00000E+00  0.00000E+00  0.00000E+00  0.00000E+00  0.00000E+00  0.00000E+00
   11870   2  0.00000E+00  0.00000E+00  0.00000E+00  0.00000E+00  0.00000E+00  0.00000E+00  0.00000E+00  0.00000E+00  0.00000E+00  0.00000E+00  0.00000E+00  0.00000E+00  0.00000E+00  0.00000E+00  0.00000E+00  0.00000E+00  0.00000E+00  0.00000E+00  0.00000E+00  0.00000E+00  0.00000E+00  0.00000E+00  0.00000E+00  0.00000E+00
   10124   4  1.16012E-04  1.16012E-04  1.16012E-04  1.16012E-04  1.16012E-04  1.16012E-04  1.16012E-04  1.16012E-04  1.16012E-04  1.16012E-04  1.16012E-04  1.16012E-04  1.16012E-04  1.16012E-04  1.16012E-04  1.16012E-04  1.16012E-04  1.16012E-04  1.16012E-04  1.16012E-04  1.16012E-04  1.16012E-04  1.16012E-04  1.16012E-04
   18579   3  1.19302E-02  1.19302E-02  1.19302E-02  1.19302E-02  1.19302E-02  1.19302E-02  1.19302E-02  1.19302E-02  1.19302E-02  1.19302E-02  1.19302E-02  1.19302E-02  1.19302E-02  1.19302E-02  1.19302E-02  1.19302E-02  1.19302E-02  1.19302E-02  1.19302E-02  1.19302E-02  1.19302E-02  1.19302E-02  1.19302E-02  1.19302E-02
   18225   4  0.00000E+00  0.00000E+00  0.00000E+00  0.00000E+00  0.00000E+00  0.00000E+00  0.00000E+00  0.00000E+00  0.00000E+00  0.00000E+00  0.00000E+00  0.00000E+00  0.00000E+00  0.00000E+00  0.00000E+00  0.00000E+00  0.00000E+00  0.00000E+00  0.00000E+00  0.00000E+00  0.00000E+00  0.00000E+00  0.00000E+00  0.00000E+00
   18225   3  0.00000E+00  0.00000E+00  0.00000E+00  0.00000E+00  0.00000E+00  0.00000E+00  0.00000E+00  0.00000E+00  0.00000E+00  0.00000E+00  0.00000E+00  0.00000E+00  0.00000E+00  0.00000E+00  0.00000E+00  0.00000E+00  0.00000E+00  0.00000E+00  0.00000E+00  0.00000E+00  0.00000E+00  0.00000E+00  0.00000E+00  0.00000E+00
   15059   3  0.00000E+00  0.00000E+00  0.00000E+00  0.00000E+00  0.00000E+00  0.00000E+00  0.00000E+00  0.00000E+00  0.00000E+00  0.00000E+00  0.00000E+00  0.00000E+00  0.00000E+00  0.00000E+00  0.00000E+00  0.00000E+00  0.00000E+00  0.00000E+00  0.00000E+00  0.00000E+00  0.00000E+00  0.00000E+00  0.00000E+00  0.00000E+00
   18576   4  3.93570E-01  3.93570E-01  3.93570E-01  3.93570E-01  3.93570E-01  3.93570E-01  3.93570E-01  3.93570E-01  3.93570E-01  3.93570E-01  3.93570E-01  3.93570E-01  3.93570E-01  3.93570E-01  3.93570E-01  3.93570E-01  3.93570E-01  3.93570E-01  3.93570E-01  3.93570E-01  3.93570E-01  3.93570E-01  3.93570E-01  3.93570E-01
   18576   3  8.93978E-01  8.93978E-01  8.93978E-01  8.93978E-01  8.93978E-01  8.93978E-01  8.93978E-01  8.93978E-01  8.93978E-01  8.93978E-01  8.93978E-01  8.93978E-01  8.93978E-01  8.93978E-01  8.93978E-01  8.93978E-01  8.93978E-01  8.93978E-01  8.93978E-01  8.93978E-01  8.93978E-01  8.93978E-01  8.93978E-01  8.93978E-01
   18576   1  8.21678E-01  8.21678E-01  8.21678E-01  8.21678E-01  8.21678E-01  8.21678E-01  8.21678E-01  8.21678E-01  8.21678E-01  8.21678E-01  8.21678E-01  8.21678E-01  8.21678E-01  8.21678E-01  8.21678E-01  8.21678E-01  8.21678E-01  8.21678E-01  8.21678E-01  8.21678E-01  8.21678E-01  8.21678E-01  8.21678E-01  8.21678E-01
   15747   3  0.00000E+00  0.00000E+00  0.00000E+00  0.00000E+00  0.00000E+00  0.00000E+00  0.00000E+00  0.00000E+00  0.00000E+00  0.00000E+00  0.00000E+00  0.00000E+00  0.00000E+00  0.00000E+00  0.00000E+00  0.00000E+00  0.00000E+00  0.00000E+00  0.00000E+00  0.00000E+00  0.00000E+00  0.00000E+00  0.00000E+00  0.00000E+00
   15747   2  0.00000E+00  0.00000E+00  0.00000E+00  0.00000E+00  0.00000E+00  0.00000E+00  0.00000E+00  0.00000E+00  0.00000E+00  0.00000E+00  0.00000E+00  0.00000E+00  0.00000E+00  0.00000E+00  0.00000E+00  0.00000E+00  0.00000E+00  0.00000E+00  0.00000E+00  0.00000E+00  0.00000E+00  0.00000E+00  0.00000E+00  0.00000E+00
   13638   3  0.00000E+00  0.00000E+00  0.00000E+00  0.00000E+00  0.00000E+00  0.00000E+00  0.00000E+00  0.00000E+00  0.00000E+00  0.00000E+00  0.00000E+00  0.00000E+00  0.00000E+00  0.00000E+00  0.00000E+00  0.00000E+00  0.00000E+00  0.00000E+00  0.00000E+00  0.00000E+00  0.00000E+00  0.00000E+00  0.00000E+00  0.00000E+00
   18926   4  6.09137E-03  6.09137E-03  6.09137E-03  6.09137E-03  6.09137E-03  6.09137E-03  6.09137E-03  6.09137E-03  6.09137E-03  6.09137E-03  6.09137E-03  6.09137E-03  6.09137E-03  6.09137E-03  6.09137E-03  6.09137E-03  6.09137E-03  6.09137E-03  6.09137E-03  6.09137E-03  6.09137E-03  6.09137E-03  6.09137E-03  6.09137E-03
   22115   4  2.29505E-06  2.29505E-06  2.29505E-06  2.29505E-06  2.29505E-06  2.29505E-06  2.29505E-06  2.29505E-06  2.29505E-06  2.29505E-06  2.29505E-06  2.29505E-06  2.29505E-06  2.29505E-06  2.29505E-06  2.29505E-06  2.29505E-06  2.29505E-06  2.29505E-06  2.29505E-06  2.29505E-06  2.29505E-06  2.29505E-06  2.29505E-06
   15750   4  1.18576E-02  1.18576E-02  1.18576E-02  1.18576E-02  1.18576E-02  1.18576E-02  1.18576E-02  1.18576E-02  1.18576E-02  1.18576E-02  1.18576E-02  1.18576E-02  1.18576E-02  1.18576E-02  1.18576E-02  1.18576E-02  1.18576E-02  1.18576E-02  1.18576E-02  1.18576E-02  1.18576E-02  1.18576E-02  1.18576E-02  1.18576E-02
   16455   4  1.73737E-02  1.73737E-02  1.73737E-02  1.73737E-02  1.73737E-02  1.73737E-02  1.73737E-02  1.73737E-02  1.73737E-02  1.73737E-02  1.73737E-02  1.73737E-02  1.73737E-02  1.73737E-02  1.73737E-02  1.73737E-02  1.73737E-02  1.73737E-02  1.73737E-02  1.73737E-02  1.73737E-02  1.73737E-02  1.73737E-02  1.73737E-02
   18223   3  1.24255E-01  1.24255E-01  1.24255E-01  1.24255E-01  1.24255E-01  1.23606E-01  1.23606E-01  1.23606E-01  1.23606E-01  1.23606E-01  1.23606E-01  1.23606E-01  1.23606E-01  1.24255E-01  1.24255E-01  1.24255E-01  1.24255E-01  1.24255E-01  1.24255E-01  1.24255E-01  1.24255E-01  1.24255E-01  1.24255E-01  1.24255E-01
   18224   4  2.12190E+00  2.12190E+00  2.12190E+00  2.12190E+00  2.12190E+00  2.12190E+00  2.12190E+00  2.12190E+00  2.12190E+00  2.12190E+00  2.12190E+00  2.12190E+00  2.12190E+00  3.97490E+01  3.97490E+01  3.97490E+01  3.97490E+01  3.97490E+01  3.97490E+01  3.97490E+01  3.97490E+01  2.12190E+00  2.12190E+00  2.12190E+00
   18930   4  2.40416E-01  2.40416E-01  2.40416E-01  2.40416E-01  2.40416E-01  2.40416E-01  2.40416E-01  2.40416E-01  2.40416E-01  2.40416E-01  2.40416E-01  2.40416E-01  2.40416E-01  2.40416E-01  2.40416E-01  2.40416E-01  2.40416E-01  2.40416E-01  2.40416E-01  2.40416E-01  2.40416E-01  2.40416E-01  2.40416E-01  2.40416E-01
   18224   5  0.00000E+00  0.00000E+00  0.00000E+00  0.00000E+00  0.00000E+00  0.00000E+00  0.00000E+00  0.00000E+00  0.00000E+00  0.00000E+00  0.00000E+00  0.00000E+00  0.00000E+00  8.36157E+00  8.36157E+00  8.36157E+00  8.36157E+00  8.36157E+00  8.36157E+00  8.36157E+00  8.36157E+00  0.00000E+00  0.00000E+00  0.00000E+00
   18577   3  0.00000E+00  0.00000E+00  0.00000E+00  0.00000E+00  0.00000E+00  0.00000E+00  0.00000E+00  0.00000E+00  0.00000E+00  0.00000E+00  0.00000E+00  0.00000E+00  0.00000E+00  3.50858E-05  3.50858E-05  3.50858E-05  3.50858E-05  3.50858E-05  3.50858E-05  3.50858E-05  3.50858E-05  0.00000E+00  0.00000E+00  0.00000E+00
   18223   4  4.73926E-01  4.73926E-01  4.73926E-01  4.73926E-01  4.73926E-01  4.73926E-01  4.73926E-01  4.73926E-01  4.73926E-01  4.73926E-01  4.73926E-01  4.73926E-01  4.73926E-01  4.73926E-01  4.73926E-01  4.73926E-01  4.73926E-01  4.73926E-01  4.73926E-01  4.73926E-01  4.73926E-01  4.73926E-01  4.73926E-01  4.73926E-01
   18224   3  9.64123E-02  9.64123E-02  9.52183E-02  9.52183E-02  9.52183E-02  9.50827E-02  9.50827E-02  9.50827E-02  9.50827E-02  9.50827E-02  9.50827E-02  9.50827E-02  9.50827E-02  3.77235E+01  3.77235E+01  3.77235E+01  3.77235E+01  3.77235E+01  3.77235E+01  3.77235E+01  3.77235E+01  9.64123E-02  9.64123E-02  9.64123E-02
   18223   5  0.00000E+00  0.00000E+00  0.00000E+00  0.00000E+00  0.00000E+00  0.00000E+00  0.00000E+00  0.00000E+00  0.00000E+00  0.00000E+00  0.00000E+00  0.00000E+00  0.00000E+00  0.00000E+00  0.00000E+00  0.00000E+00  0.00000E+00  0.00000E+00  0.00000E+00  0.00000E+00  0.00000E+00  0.00000E+00  0.00000E+00  0.00000E+00
   18577   4  1.82198E+00  1.82198E+00  1.82198E+00  1.82198E+00  1.82198E+00  1.82198E+00  1.82198E+00  1.82198E+00  1.82198E+00  1.82198E+00  1.82198E+00  1.82198E+00  1.82198E+00  1.82198E+00  1.82198E+00  1.82198E+00  1.82198E+00  1.82198E+00  1.82198E+00  1.82198E+00  1.82198E+00  1.82198E+00  1.82198E+00  1.82198E+00
   18576   5  0.00000E+00  0.00000E+00  0.00000E+00  0.00000E+00  0.00000E+00  0.00000E+00  0.00000E+00  0.00000E+00  0.00000E+00  0.00000E+00  0.00000E+00  0.00000E+00  0.00000E+00  0.00000E+00  0.00000E+00  0.00000E+00  0.00000E+00  0.00000E+00  0.00000E+00  0.00000E+00  0.00000E+00  0.00000E+00  0.00000E+00  0.00000E+00
   18223   7  0.00000E+00  0.00000E+00  0.00000E+00  0.00000E+00  0.00000E+00  0.00000E+00  0.00000E+00  0.00000E+00  0.00000E+00  0.00000E+00  0.00000E+00  0.00000E+00  0.00000E+00  7.14719E-04  7.14719E-04  7.14719E-04  7.14719E-04  7.14719E-04  7.14719E-04  7.14719E-04  7.14719E-04  0.00000E+00  0.00000E+00  0.00000E+00
   18576   7  0.00000E+00  0.00000E+00  0.00000E+00  0.00000E+00  0.00000E+00  0.00000E+00  0.00000E+00  0.00000E+00  0.00000E+00  0.00000E+00  0.00000E+00  0.00000E+00  0.00000E+00  2.01273E-02  2.01273E-02  2.01273E-02  2.01273E-02  2.01273E-02  2.01273E-02  2.01273E-02  2.01273E-02  0.00000E+00  0.00000E+00  0.00000E+00
   18222   3  9.32245E-02  9.32245E-02  9.32245E-02  9.32245E-02  9.32245E-02  0.00000E+00  0.00000E+00  0.00000E+00  0.00000E+00  0.00000E+00  0.00000E+00  0.00000E+00  0.00000E+00  9.32245E-02  9.32245E-02  9.32245E-02  9.32245E-02  9.32245E-02  9.32245E-02  9.32245E-02  9.32245E-02  9.32245E-02  9.32245E-02  9.32245E-02
   19280   3  0.00000E+00  0.00000E+00  0.00000E+00  0.00000E+00  0.00000E+00  0.00000E+00  0.00000E+00  0.00000E+00  0.00000E+00  0.00000E+00  0.00000E+00  0.00000E+00  0.00000E+00  0.00000E+00  0.00000E+00  0.00000E+00  0.00000E+00  0.00000E+00  0.00000E+00  0.00000E+00  0.00000E+00  0.00000E+00  0.00000E+00  0.00000E+00
   19280   4  1.89230E-01  1.89230E-01  1.89230E-01  1.89230E-01  1.89230E-01  1.89230E-01  1.89230E-01  1.89230E-01  1.89230E-01  1.89230E-01  1.89230E-01  1.89230E-01  1.89230E-01  8.94859E+00  8.94859E+00  8.94859E+00  8.94859E+00  8.94859E+00  8.94859E+00  8.94859E+00  8.94859E+00  1.89230E-01  1.89230E-01  1.89230E-01
   19279   4  2.27360E+00  2.27360E+00  2.27360E+00  2.27360E+00  2.27360E+00  2.27360E+00  2.27360E+00  2.27360E+00  2.27360E+00  2.27360E+00  2.27360E+00  2.27360E+00  2.27360E+00  2.27360E+00  2.27360E+00  2.27360E+00  2.27360E+00  2.27360E+00  2.27360E+00  2.27360E+00  2.27360E+00  2.27360E+00  2.27360E+00  2.27360E+00
   18928   3  0.00000E+00  0.00000E+00  0.00000E+00  0.00000E+00  0.00000E+00  0.00000E+00  0.00000E+00  0.00000E+00  0.00000E+00  0.00000E+00  0.00000E+00  0.00000E+00  0.00000E+00  0.00000E+00  0.00000E+00  0.00000E+00  0.00000E+00  0.00000E+00  0.00000E+00  0.00000E+00  0.00000E+00  0.00000E+00  0.00000E+00  0.00000E+00
   18928   4  8.40292E-02  8.40292E-02  8.40292E-02  8.40292E-02  8.40292E-02  8.40292E-02  8.40292E-02  8.40292E-02  8.40292E-02  8.40292E-02  8.40292E-02  8.40292E-02  8.40292E-02  8.40292E-02  8.40292E-02  8.40292E-02  8.40292E-02  8.40292E-02  8.40292E-02  8.40292E-02  8.40292E-02  8.40292E-02  8.40292E-02  8.40292E-02
   18575   4  1.01339E-03  1.01339E-03  1.01339E-03  1.01339E-03  1.01339E-03  1.01339E-03  1.01339E-03  1.01339E-03  1.01339E-03  1.01339E-03  1.01339E-03  1.01339E-03  1.01339E-03  1.01339E-03  1.01339E-03  1.01339E-03  1.01339E-03  1.01339E-03  1.01339E-03  1.01339E-03  1.01339E-03  1.01339E-03  1.01339E-03  1.01339E-03
   18222   4  1.26693E-03  1.26693E-03  1.26693E-03  1.26693E-03  1.26693E-03  1.26693E-03  1.26693E-03  1.26693E-03  1.26693E-03  1.26693E-03  1.26693E-03  1.26693E-03  1.26693E-03  1.26693E-03  1.26693E-03  1.26693E-03  1.26693E-03  1.26693E-03  1.26693E-03  1.26693E-03  1.26693E-03  1.26693E-03  1.26693E-03  1.26693E-03
   18575   3  0.00000E+00  0.00000E+00  0.00000E+00  0.00000E+00  0.00000E+00  0.00000E+00  0.00000E+00  0.00000E+00  0.00000E+00  0.00000E+00  0.00000E+00  0.00000E+00  0.00000E+00  0.00000E+00  0.00000E+00  0.00000E+00  0.00000E+00  0.00000E+00  0.00000E+00  0.00000E+00  0.00000E+00  0.00000E+00  0.00000E+00  0.00000E+00
   15401   3  0.00000E+00  0.00000E+00  0.00000E+00  0.00000E+00  0.00000E+00  0.00000E+00  0.00000E+00  0.00000E+00  0.00000E+00  0.00000E+00  0.00000E+00  0.00000E+00  0.00000E+00  0.00000E+00  0.00000E+00  0.00000E+00  0.00000E+00  0.00000E+00  0.00000E+00  0.00000E+00  0.00000E+00  0.00000E+00  0.00000E+00  0.00000E+00
   16114   7  0.00000E+00  0.00000E+00  0.00000E+00  0.00000E+00  0.00000E+00  0.00000E+00  0.00000E+00  0.00000E+00  0.00000E+00  0.00000E+00  0.00000E+00  0.00000E+00  0.00000E+00  0.00000E+00  0.00000E+00  0.00000E+00  0.00000E+00  0.00000E+00  0.00000E+00  0.00000E+00  0.00000E+00  0.00000E+00  0.00000E+00  0.00000E+00
   15761   3  4.50052E-02  4.50052E-02  4.50052E-02  4.50052E-02  4.50052E-02  0.00000E+00  0.00000E+00  0.00000E+00  0.00000E+00  0.00000E+00  0.00000E+00  0.00000E+00  0.00000E+00  4.50052E-02  4.50052E-02  4.50052E-02  4.50052E-02  4.50052E-02  4.50052E-02  4.50052E-02  4.50052E-02  4.50052E-02  4.50052E-02  4.50052E-02
   15762   4  0.00000E+00  0.00000E+00  0.00000E+00  0.00000E+00  0.00000E+00  0.00000E+00  0.00000E+00  0.00000E+00  0.00000E+00  0.00000E+00  0.00000E+00  0.00000E+00  0.00000E+00  0.00000E+00  0.00000E+00  0.00000E+00  0.00000E+00  0.00000E+00  0.00000E+00  0.00000E+00  0.00000E+00  0.00000E+00  0.00000E+00  0.00000E+00
   18227   4  7.33741E-03  7.33741E-03  7.33741E-03  7.33741E-03  7.33741E-03  7.33741E-03  7.33741E-03  7.33741E-03  7.33741E-03  7.33741E-03  7.33741E-03  7.33741E-03  7.33741E-03  7.33741E-03  7.33741E-03  7.33741E-03  7.33741E-03  7.33741E-03  7.33741E-03  7.33741E-03  7.33741E-03  7.33741E-03  7.33741E-03  7.33741E-03
   21763   4  4.28984E-03  4.28984E-03  4.28984E-03  4.28984E-03  4.28984E-03  4.28984E-03  4.28984E-03  4.28984E-03  4.28984E-03  4.28984E-03  4.28984E-03  4.28984E-03  4.28984E-03  4.28984E-03  4.28984E-03  4.28984E-03  4.28984E-03  4.28984E-03  4.28984E-03  4.28984E-03  4.28984E-03  4.28984E-03  4.28984E-03  4.28984E-03
   25974   3  0.00000E+00  0.00000E+00  0.00000E+00  0.00000E+00  0.00000E+00  0.00000E+00  0.00000E+00  0.00000E+00  0.00000E+00  0.00000E+00  0.00000E+00  0.00000E+00  0.00000E+00  0.00000E+00  0.00000E+00  0.00000E+00  0.00000E+00  0.00000E+00  0.00000E+00  0.00000E+00  0.00000E+00  0.00000E+00  0.00000E+00  0.00000E+00
   25262   3  0.00000E+00  0.00000E+00  0.00000E+00  0.00000E+00  0.00000E+00  0.00000E+00  0.00000E+00  0.00000E+00  0.00000E+00  0.00000E+00  0.00000E+00  0.00000E+00  0.00000E+00  0.00000E+00  0.00000E+00  0.00000E+00  0.00000E+00  0.00000E+00  0.00000E+00  0.00000E+00  0.00000E+00  0.00000E+00  0.00000E+00  0.00000E+00
   24198   4  0.00000E+00  0.00000E+00  0.00000E+00  0.00000E+00  0.00000E+00  0.00000E+00  0.00000E+00  0.00000E+00  0.00000E+00  0.00000E+00  0.00000E+00  0.00000E+00  0.00000E+00  0.00000E+00  0.00000E+00  0.00000E+00  0.00000E+00  0.00000E+00  0.00000E+00  0.00000E+00  0.00000E+00  0.00000E+00  0.00000E+00  0.00000E+00
   24198   3  2.44695E-04  2.44695E-04  2.44695E-04  2.44695E-04  2.44695E-04  0.00000E+00  0.00000E+00  0.00000E+00  0.00000E+00  0.00000E+00  0.00000E+00  0.00000E+00  0.00000E+00  2.44695E-04  2.44695E-04  2.44695E-04  2.44695E-04  2.44695E-04  2.44695E-04  2.44695E-04  2.44695E-04  2.44695E-04  2.44695E-04  2.44695E-04
   24551   4  1.68303E-04  1.68303E-04  1.68303E-04  1.68303E-04  1.68303E-04  1.68303E-04  1.68303E-04  1.68303E-04  1.68303E-04  1.68303E-04  1.68303E-04  1.68303E-04  1.68303E-04  1.68303E-04  1.68303E-04  1.68303E-04  1.68303E-04  1.68303E-04  1.68303E-04  1.68303E-04  1.68303E-04  1.68303E-04  1.68303E-04  1.68303E-04
   24911   4  0.00000E+00  0.00000E+00  0.00000E+00  0.00000E+00  0.00000E+00  0.00000E+00  0.00000E+00  0.00000E+00  0.00000E+00  0.00000E+00  0.00000E+00  0.00000E+00  0.00000E+00  0.00000E+00  0.00000E+00  0.00000E+00  0.00000E+00  0.00000E+00  0.00000E+00  0.00000E+00  0.00000E+00  0.00000E+00  0.00000E+00  0.00000E+00
   24553   4  6.04271E-01  6.04271E-01  6.04271E-01  6.04271E-01  6.04271E-01  6.04271E-01  6.04271E-01  6.04271E-01  6.04271E-01  6.04271E-01  6.04271E-01  6.04271E-01  6.04271E-01  2.36165E+00  2.36165E+00  2.36165E+00  2.36165E+00  2.36165E+00  2.36165E+00  2.36165E+00  2.36165E+00  6.04271E-01  6.04271E-01  6.04271E-01
   25259   4  0.00000E+00  0.00000E+00  0.00000E+00  0.00000E+00  0.00000E+00  0.00000E+00  0.00000E+00  0.00000E+00  0.00000E+00  0.00000E+00  0.00000E+00  0.00000E+00  0.00000E+00  0.00000E+00  0.00000E+00  0.00000E+00  0.00000E+00  0.00000E+00  0.00000E+00  0.00000E+00  0.00000E+00  0.00000E+00  0.00000E+00  0.00000E+00
   25259   3  3.30860E-04  3.30860E-04  3.30860E-04  3.30860E-04  3.30860E-04  3.30860E-04  3.30860E-04  3.30860E-04  3.30860E-04  3.30860E-04  3.30860E-04  3.30860E-04  3.30860E-04  3.30860E-04  3.30860E-04  3.30860E-04  3.30860E-04  3.30860E-04  3.30860E-04  3.30860E-04  3.30860E-04  3.30860E-04  3.30860E-04  3.30860E-04
   24906   4  2.06559E-02  2.06559E-02  2.06559E-02  2.06559E-02  2.06559E-02  2.06559E-02  2.06559E-02  2.06559E-02  2.06559E-02  2.06559E-02  2.06559E-02  2.06559E-02  2.06559E-02  2.06559E-02  2.06559E-02  2.06559E-02  2.06559E-02  2.06559E-02  2.06559E-02  2.06559E-02  2.06559E-02  2.06559E-02  2.06559E-02  2.06559E-02
   24201   2  8.25350E+00  8.13136E+00  7.67768E+00  6.92736E+00  6.14214E+00  5.19205E+00  4.80745E+00  4.61515E+00  4.55105E+00  4.67925E+00  5.06385E+00  5.67279E+00  6.45801E+00  6.93875E+00  7.32335E+00  7.65987E+00  7.78807E+00  7.91627E+00  7.96434E+00  8.02844E+00  8.01242E+00  7.96434E+00  7.83614E+00  7.64385E+00
   24201   1  5.50233E+00  5.42090E+00  5.11845E+00  4.61824E+00  4.09476E+00  3.46136E+00  3.20497E+00  3.07677E+00  3.03404E+00  3.11950E+00  3.37590E+00  3.78186E+00  4.30534E+00  4.62583E+00  4.88223E+00  5.10658E+00  5.19205E+00  5.27751E+00  5.30956E+00  5.35229E+00  5.34161E+00  5.30956E+00  5.22410E+00  5.09590E+00
   24554   4  9.56253E-01  9.56253E-01  9.56253E-01  9.56253E-01  9.56253E-01  9.56253E-01  9.56253E-01  9.56253E-01  9.56253E-01  9.56253E-01  9.56253E-01  9.56253E-01  9.56253E-01  9.56253E-01  9.56253E-01  9.56253E-01  9.56253E-01  9.56253E-01  9.56253E-01  9.56253E-01  9.56253E-01  9.56253E-01  9.56253E-01  9.56253E-01
   24904   3  4.01919E-02  4.01919E-02  4.01919E-02  4.01919E-02  4.01919E-02  1.59544E-02  1.59544E-02  1.59544E-02  1.59544E-02  1.59544E-02  1.59544E-02  1.59544E-02  1.59544E-02  4.01919E-02  4.01919E-02  4.01919E-02  4.01919E-02  4.01919E-02  4.01919E-02  4.01919E-02  4.01919E-02  4.01919E-02  4.01919E-02  4.01919E-02
   24904   4  1.82913E-01  1.82913E-01  1.82913E-01  1.82913E-01  1.82913E-01  1.82913E-01  1.82913E-01  1.82913E-01  1.82913E-01  1.82913E-01  1.82913E-01  1.82913E-01  1.82913E-01  1.82913E-01  1.82913E-01  1.82913E-01  1.82913E-01  1.82913E-01  1.82913E-01  1.82913E-01  1.82913E-01  1.82913E-01  1.82913E-01  1.82913E-01
   25257   4  2.50550E+00  2.50550E+00  2.50550E+00  2.50550E+00  2.50550E+00  2.50550E+00  2.50550E+00  2.50550E+00  2.50550E+00  2.50550E+00  2.50550E+00  2.50550E+00  2.50550E+00  2.50550E+00  2.50550E+00  2.50550E+00  2.50550E+00  2.50550E+00  2.50550E+00  2.50550E+00  2.50550E+00  2.50550E+00  2.50550E+00  2.50550E+00
   25257   3  6.06916E-02  6.06916E-02  6.06916E-02  6.06916E-02  6.06916E-02  6.06916E-02  6.06916E-02  6.06916E-02  6.06916E-02  6.06916E-02  6.06916E-02  6.06916E-02  6.06916E-02  6.06916E-02  6.06916E-02  6.06916E-02  6.06916E-02  6.06916E-02  6.06916E-02  6.06916E-02  6.06916E-02  6.06916E-02  6.06916E-02  6.06916E-02
   24904   7  0.00000E+00  0.00000E+00  0.00000E+00  0.00000E+00  0.00000E+00  0.00000E+00  0.00000E+00  0.00000E+00  0.00000E+00  0.00000E+00  0.00000E+00  0.00000E+00  0.00000E+00  0.00000E+00  0.00000E+00  0.00000E+00  0.00000E+00  0.00000E+00  0.00000E+00  0.00000E+00  0.00000E+00  0.00000E+00  0.00000E+00  0.00000E+00
   24904   1  4.12134E-02  4.12134E-02  4.12134E-02  4.12134E-02  4.12134E-02  4.12134E-02  4.12134E-02  4.12134E-02  4.12134E-02  4.12134E-02  4.12134E-02  4.12134E-02  4.12134E-02  4.12134E-02  4.12134E-02  4.12134E-02  4.12134E-02  4.12134E-02  4.12134E-02  4.12134E-02  4.12134E-02  4.12134E-02  4.12134E-02  4.12134E-02
   23850   3  9.26464E-02  9.26464E-02  9.26464E-02  9.26464E-02  9.26464E-02  9.26464E-02  9.26464E-02  9.26464E-02  9.26464E-02  9.26464E-02  9.26464E-02  9.26464E-02  9.26464E-02  9.26971E-02  9.26971E-02  9.26971E-02  9.26971E-02  9.26971E-02  9.26971E-02  9.26971E-02  9.26971E-02  9.26464E-02  9.26464E-02  9.26464E-02
   23850   4  1.76459E-03  1.76459E-03  1.76459E-03  1.76459E-03  1.76459E-03  1.76459E-03  1.76459E-03  1.76459E-03  1.76459E-03  1.76459E-03  1.76459E-03  1.76459E-03  1.76459E-03  1.76459E-03  1.76459E-03  1.76459E-03  1.76459E-03  1.76459E-03  1.76459E-03  1.76459E-03  1.76459E-03  1.76459E-03  1.76459E-03  1.76459E-03
   25616   4  0.00000E+00  0.00000E+00  0.00000E+00  0.00000E+00  0.00000E+00  0.00000E+00  0.00000E+00  0.00000E+00  0.00000E+00  0.00000E+00  0.00000E+00  0.00000E+00  0.00000E+00  0.00000E+00  0.00000E+00  0.00000E+00  0.00000E+00  0.00000E+00  0.00000E+00  0.00000E+00  0.00000E+00  0.00000E+00  0.00000E+00  0.00000E+00
   27883   2  0.00000E+00  0.00000E+00  0.00000E+00  0.00000E+00  0.00000E+00  0.00000E+00  0.00000E+00  0.00000E+00  0.00000E+00  0.00000E+00  0.00000E+00  0.00000E+00  0.00000E+00  0.00000E+00  0.00000E+00  0.00000E+00  0.00000E+00  0.00000E+00  0.00000E+00  0.00000E+00  0.00000E+00  0.00000E+00  0.00000E+00  0.00000E+00
   18690   2  0.00000E+00  0.00000E+00  0.00000E+00  0.00000E+00  0.00000E+00  0.00000E+00  0.00000E+00  0.00000E+00  0.00000E+00  0.00000E+00  0.00000E+00  0.00000E+00  0.00000E+00  0.00000E+00  0.00000E+00  0.00000E+00  0.00000E+00  0.00000E+00  0.00000E+00  0.00000E+00  0.00000E+00  0.00000E+00  0.00000E+00  0.00000E+00
   19395   3  0.00000E+00  0.00000E+00  0.00000E+00  0.00000E+00  0.00000E+00  0.00000E+00  0.00000E+00  0.00000E+00  0.00000E+00  0.00000E+00  0.00000E+00  0.00000E+00  0.00000E+00  0.00000E+00  0.00000E+00  0.00000E+00  0.00000E+00  0.00000E+00  0.00000E+00  0.00000E+00  0.00000E+00  0.00000E+00  0.00000E+00  0.00000E+00
   19395   2  0.00000E+00  0.00000E+00  0.00000E+00  0.00000E+00  0.00000E+00  0.00000E+00  0.00000E+00  0.00000E+00  0.00000E+00  0.00000E+00  0.00000E+00  0.00000E+00  0.00000E+00  0.00000E+00  0.00000E+00  0.00000E+00  0.00000E+00  0.00000E+00  0.00000E+00  0.00000E+00  0.00000E+00  0.00000E+00  0.00000E+00  0.00000E+00
   30002   2  0.00000E+00  0.00000E+00  0.00000E+00  0.00000E+00  0.00000E+00  0.00000E+00  0.00000E+00  0.00000E+00  0.00000E+00  0.00000E+00  0.00000E+00  0.00000E+00  0.00000E+00  0.00000E+00  0.00000E+00  0.00000E+00  0.00000E+00  0.00000E+00  0.00000E+00  0.00000E+00  0.00000E+00  0.00000E+00  0.00000E+00  0.00000E+00
   30355   1  3.77394E+01  3.71809E+01  3.51064E+01  3.16755E+01  2.80851E+01  2.37408E+01  2.19822E+01  2.11029E+01  2.08098E+01  2.13960E+01  2.31546E+01  2.59390E+01  2.95294E+01  3.17276E+01  3.34862E+01  3.50250E+01  3.56112E+01  3.61974E+01  3.64172E+01  3.67103E+01  3.66370E+01  3.64172E+01  3.58310E+01  3.49517E+01
   29995   4  0.00000E+00  0.00000E+00  0.00000E+00  0.00000E+00  0.00000E+00  0.00000E+00  0.00000E+00  0.00000E+00  0.00000E+00  0.00000E+00  0.00000E+00  0.00000E+00  0.00000E+00  0.00000E+00  0.00000E+00  0.00000E+00  0.00000E+00  0.00000E+00  0.00000E+00  0.00000E+00  0.00000E+00  0.00000E+00  0.00000E+00  0.00000E+00
   31274   3  1.68039E+00  1.68039E+00  1.68039E+00  1.68039E+00  1.68039E+00  1.68039E+00  1.68039E+00  1.68039E+00  1.68039E+00  1.68039E+00  1.68039E+00  1.68039E+00  1.68039E+00  1.68039E+00  1.68039E+00  1.68039E+00  1.68039E+00  1.68039E+00  1.68039E+00  1.68039E+00  1.68039E+00  1.68039E+00  1.68039E+00  1.68039E+00
   31274   4  2.46012E-01  2.46012E-01  2.46012E-01  2.46012E-01  2.46012E-01  2.46012E-01  2.46012E-01  2.46012E-01  2.46012E-01  2.46012E-01  2.46012E-01  2.46012E-01  2.46012E-01  2.46012E-01  2.46012E-01  2.46012E-01  2.46012E-01  2.46012E-01  2.46012E-01  2.46012E-01  2.46012E-01  2.46012E-01  2.46012E-01  2.46012E-01
   31274   2  0.00000E+00  0.00000E+00  0.00000E+00  0.00000E+00  0.00000E+00  0.00000E+00  0.00000E+00  0.00000E+00  0.00000E+00  0.00000E+00  0.00000E+00  0.00000E+00  0.00000E+00  0.00000E+00  0.00000E+00  0.00000E+00  0.00000E+00  0.00000E+00  0.00000E+00  0.00000E+00  0.00000E+00  0.00000E+00  0.00000E+00  0.00000E+00
   30921   4  0.00000E+00  0.00000E+00  0.00000E+00  0.00000E+00  0.00000E+00  0.00000E+00  0.00000E+00  0.00000E+00  0.00000E+00  0.00000E+00  0.00000E+00  0.00000E+00  0.00000E+00  0.00000E+00  0.00000E+00  0.00000E+00  0.00000E+00  0.00000E+00  0.00000E+00  0.00000E+00  0.00000E+00  0.00000E+00  0.00000E+00  0.00000E+00
   31274   7  0.00000E+00  0.00000E+00  0.00000E+00  0.00000E+00  0.00000E+00  0.00000E+00  0.00000E+00  0.00000E+00  0.00000E+00  0.00000E+00  0.00000E+00  0.00000E+00  0.00000E+00  0.00000E+00  0.00000E+00  0.00000E+00  0.00000E+00  0.00000E+00  0.00000E+00  0.00000E+00  0.00000E+00  0.00000E+00  0.00000E+00  0.00000E+00
   35839   3  0.00000E+00  0.00000E+00  0.00000E+00  0.00000E+00  0.00000E+00  0.00000E+00  0.00000E+00  0.00000E+00  0.00000E+00  0.00000E+00  0.00000E+00  0.00000E+00  0.00000E+00  0.00000E+00  0.00000E+00  0.00000E+00  0.00000E+00  0.00000E+00  0.00000E+00  0.00000E+00  0.00000E+00  0.00000E+00  0.00000E+00  0.00000E+00
   37257   7  0.00000E+00  0.00000E+00  0.00000E+00  0.00000E+00  0.00000E+00  0.00000E+00  0.00000E+00  0.00000E+00  0.00000E+00  0.00000E+00  0.00000E+00  0.00000E+00  0.00000E+00  0.00000E+00  0.00000E+00  0.00000E+00  0.00000E+00  0.00000E+00  0.00000E+00  0.00000E+00  0.00000E+00  0.00000E+00  0.00000E+00  0.00000E+00
   31605   4  1.96759E+00  1.96759E+00  1.96759E+00  1.96759E+00  1.96759E+00  1.96759E+00  1.96759E+00  1.96759E+00  1.96759E+00  1.96759E+00  1.96759E+00  1.96759E+00  1.96759E+00  1.96759E+00  1.96759E+00  1.96759E+00  1.96759E+00  1.96759E+00  1.96759E+00  1.96759E+00  1.96759E+00  1.96759E+00  1.96759E+00  1.96759E+00
   31252   3  0.00000E+00  0.00000E+00  0.00000E+00  0.00000E+00  0.00000E+00  0.00000E+00  0.00000E+00  0.00000E+00  0.00000E+00  0.00000E+00  0.00000E+00  0.00000E+00  0.00000E+00  0.00000E+00  0.00000E+00  0.00000E+00  0.00000E+00  0.00000E+00  0.00000E+00  0.00000E+00  0.00000E+00  0.00000E+00  0.00000E+00  0.00000E+00
   31958   4  1.54419E-02  1.54419E-02  1.54419E-02  1.54419E-02  1.54419E-02  1.54419E-02  1.54419E-02  1.54419E-02  1.54419E-02  1.54419E-02  1.54419E-02  1.54419E-02  1.54419E-02  1.54419E-02  1.54419E-02  1.54419E-02  1.54419E-02  1.54419E-02  1.54419E-02  1.54419E-02  1.54419E-02  1.54419E-02  1.54419E-02  1.54419E-02
   31252   2  9.31700E-03  9.31700E-03  9.31700E-03  9.31700E-03  9.31700E-03  9.31700E-03  9.31700E-03  9.31700E-03  9.31700E-03  9.31700E-03  9.31700E-03  9.31700E-03  9.31700E-03  9.31700E-03  9.31700E-03  9.31700E-03  9.31700E-03  9.31700E-03  9.31700E-03  9.31700E-03  9.31700E-03  9.31700E-03  9.31700E-03  9.31700E-03
   31253   7  0.00000E+00  0.00000E+00  0.00000E+00  0.00000E+00  0.00000E+00  0.00000E+00  0.00000E+00  0.00000E+00  0.00000E+00  0.00000E+00  0.00000E+00  0.00000E+00  0.00000E+00  1.04427E-01  1.04427E-01  1.04427E-01  1.04427E-01  1.04427E-01  1.04427E-01  1.04427E-01  1.04427E-01  0.00000E+00  0.00000E+00  0.00000E+00
   31605   3  1.85427E+01  1.85427E+01  1.85427E+01  1.85427E+01  1.85427E+01  1.85427E+01  1.85427E+01  1.85427E+01  1.85427E+01  1.85427E+01  1.85427E+01  1.85427E+01  1.85427E+01  1.85427E+01  1.85427E+01  1.85427E+01  1.85427E+01  1.85427E+01  1.85427E+01  1.85427E+01  1.85427E+01  1.85427E+01  1.85427E+01  1.85427E+01
   31958   3  4.47635E-03  4.47635E-03  4.47635E-03  4.47635E-03  4.47635E-03  4.47635E-03  4.47635E-03  4.47635E-03  4.47635E-03  4.47635E-03  4.47635E-03  4.47635E-03  4.47635E-03  4.47635E-03  4.47635E-03  4.47635E-03  4.47635E-03  4.47635E-03  4.47635E-03  4.47635E-03  4.47635E-03  4.47635E-03  4.47635E-03  4.47635E-03
   31958   5  0.00000E+00  0.00000E+00  0.00000E+00  0.00000E+00  0.00000E+00  0.00000E+00  0.00000E+00  0.00000E+00  0.00000E+00  0.00000E+00  0.00000E+00  0.00000E+00  0.00000E+00  0.00000E+00  0.00000E+00  0.00000E+00  0.00000E+00  0.00000E+00  0.00000E+00  0.00000E+00  0.00000E+00  0.00000E+00  0.00000E+00  0.00000E+00
   31252   4  3.17448E-02  3.17448E-02  3.17448E-02  3.17448E-02  3.17448E-02  3.17448E-02  3.17448E-02  3.17448E-02  3.17448E-02  3.17448E-02  3.17448E-02  3.17448E-02  3.17448E-02  3.17448E-02  3.17448E-02  3.17448E-02  3.17448E-02  3.17448E-02  3.17448E-02  3.17448E-02  3.17448E-02  3.17448E-02  3.17448E-02  3.17448E-02
   31604   4  5.34308E-01  5.34308E-01  5.34308E-01  5.34308E-01  5.34308E-01  5.34308E-01  5.34308E-01  5.34308E-01  5.34308E-01  5.34308E-01  5.34308E-01  5.34308E-01  5.34308E-01  5.34308E-01  5.34308E-01  5.34308E-01  5.34308E-01  5.34308E-01  5.34308E-01  5.34308E-01  5.34308E-01  5.34308E-01  5.34308E-01  5.34308E-01
   31604   1  2.31508E-02  2.31508E-02  2.31508E-02  2.31508E-02  2.31508E-02  2.31508E-02  2.31508E-02  2.31508E-02  2.31508E-02  2.31508E-02  2.31508E-02  2.31508E-02  2.31508E-02  2.31508E-02  2.31508E-02  2.31508E-02  2.31508E-02  2.31508E-02  2.31508E-02  2.31508E-02  2.31508E-02  2.31508E-02  2.31508E-02  2.31508E-02
   31605   2  2.94618E-02  2.94618E-02  2.94618E-02  2.94618E-02  2.94618E-02  2.94618E-02  2.94618E-02  2.94618E-02  2.94618E-02  2.94618E-02  2.94618E-02  2.94618E-02  2.94618E-02  2.94618E-02  2.94618E-02  2.94618E-02  2.94618E-02  2.94618E-02  2.94618E-02  2.94618E-02  2.94618E-02  2.94618E-02  2.94618E-02  2.94618E-02
   31958   7  0.00000E+00  0.00000E+00  0.00000E+00  0.00000E+00  0.00000E+00  0.00000E+00  0.00000E+00  0.00000E+00  0.00000E+00  0.00000E+00  0.00000E+00  0.00000E+00  0.00000E+00  0.00000E+00  0.00000E+00  0.00000E+00  0.00000E+00  0.00000E+00  0.00000E+00  0.00000E+00  0.00000E+00  0.00000E+00  0.00000E+00  0.00000E+00
   31253   4  2.78500E-02  2.78500E-02  2.78500E-02  2.78500E-02  2.78500E-02  2.78500E-02  2.78500E-02  2.78500E-02  2.78500E-02  2.78500E-02  2.78500E-02  2.78500E-02  2.78500E-02  2.78500E-02  2.78500E-02  2.78500E-02  2.78500E-02  2.78500E-02  2.78500E-02  2.78500E-02  2.78500E-02  2.78500E-02  2.78500E-02  2.78500E-02
   31959   3  9.82197E-05  9.82197E-05  9.82197E-05  9.82197E-05  9.82197E-05  0.00000E+00  0.00000E+00  0.00000E+00  0.00000E+00  0.00000E+00  0.00000E+00  0.00000E+00  0.00000E+00  9.82197E-05  9.82197E-05  9.82197E-05  9.82197E-05  9.82197E-05  9.82197E-05  9.82197E-05  9.82197E-05  9.82197E-05  9.82197E-05  9.82197E-05
   31959   4  7.31278E-02  7.31278E-02  7.31278E-02  7.31278E-02  7.31278E-02  7.31278E-02  7.31278E-02  7.31278E-02  7.31278E-02  7.31278E-02  7.31278E-02  7.31278E-02  7.31278E-02  7.31278E-02  7.31278E-02  7.31278E-02  7.31278E-02  7.31278E-02  7.31278E-02  7.31278E-02  7.31278E-02  7.31278E-02  7.31278E-02  7.31278E-02
   30564   3  0.00000E+00  0.00000E+00  0.00000E+00  0.00000E+00  0.00000E+00  0.00000E+00  0.00000E+00  0.00000E+00  0.00000E+00  0.00000E+00  0.00000E+00  0.00000E+00  0.00000E+00  0.00000E+00  0.00000E+00  0.00000E+00  0.00000E+00  0.00000E+00  0.00000E+00  0.00000E+00  0.00000E+00  0.00000E+00  0.00000E+00  0.00000E+00
   30564   2  0.00000E+00  0.00000E+00  0.00000E+00  0.00000E+00  0.00000E+00  0.00000E+00  0.00000E+00  0.00000E+00  0.00000E+00  0.00000E+00  0.00000E+00  0.00000E+00  0.00000E+00  0.00000E+00  0.00000E+00  0.00000E+00  0.00000E+00  0.00000E+00  0.00000E+00  0.00000E+00  0.00000E+00  0.00000E+00  0.00000E+00  0.00000E+00
   30924   3  3.88229E-01  3.88229E-01  3.88229E-01  3.88229E-01  3.88229E-01  3.88229E-01  3.88229E-01  3.88229E-01  3.88229E-01  3.88229E-01  3.88229E-01  3.88229E-01  3.88229E-01  3.88229E-01  3.88229E-01  3.88229E-01  3.88229E-01  3.88229E-01  3.88229E-01  3.88229E-01  3.88229E-01  3.88229E-01  3.88229E-01  3.88229E-01
   30924   2  1.73964E+00  1.73964E+00  1.73964E+00  1.73964E+00  1.73964E+00  1.73964E+00  1.73964E+00  1.73964E+00  1.73964E+00  1.73964E+00  1.73964E+00  1.73964E+00  1.73964E+00  1.73964E+00  1.73964E+00  1.73964E+00  1.73964E+00  1.73964E+00  1.73964E+00  1.73964E+00  1.73964E+00  1.73964E+00  1.73964E+00  1.73964E+00
   30193   2  2.61307E+02  2.57439E+02  2.43076E+02  2.19321E+02  1.94461E+02  1.64381E+02  1.52204E+02  1.46116E+02  1.44087E+02  1.48146E+02  1.60322E+02  1.79601E+02  2.04461E+02  2.19682E+02  2.31858E+02  2.42512E+02  2.46571E+02  2.50630E+02  2.52152E+02  2.54181E+02  2.53674E+02  2.52152E+02  2.48093E+02  2.42005E+02
   29840   3  0.00000E+00  0.00000E+00  0.00000E+00  0.00000E+00  0.00000E+00  0.00000E+00  0.00000E+00  0.00000E+00  0.00000E+00  0.00000E+00  0.00000E+00  0.00000E+00  0.00000E+00  0.00000E+00  0.00000E+00  0.00000E+00  0.00000E+00  0.00000E+00  0.00000E+00  0.00000E+00  0.00000E+00  0.00000E+00  0.00000E+00  0.00000E+00
   33035   3  0.00000E+00  0.00000E+00  0.00000E+00  0.00000E+00  0.00000E+00  0.00000E+00  0.00000E+00  0.00000E+00  0.00000E+00  0.00000E+00  0.00000E+00  0.00000E+00  0.00000E+00  0.00000E+00  0.00000E+00  0.00000E+00  0.00000E+00  0.00000E+00  0.00000E+00  0.00000E+00  0.00000E+00  0.00000E+00  0.00000E+00  0.00000E+00
   33035   2  0.00000E+00  0.00000E+00  0.00000E+00  0.00000E+00  0.00000E+00  0.00000E+00  0.00000E+00  0.00000E+00  0.00000E+00  0.00000E+00  0.00000E+00  0.00000E+00  0.00000E+00  0.00000E+00  0.00000E+00  0.00000E+00  0.00000E+00  0.00000E+00  0.00000E+00  0.00000E+00  0.00000E+00  0.00000E+00  0.00000E+00  0.00000E+00
   47753   3  1.81379E-03  1.81379E-03  1.81379E-03  1.81379E-03  1.81379E-03  1.81379E-03  1.81379E-03  1.81379E-03  1.81379E-03  1.81379E-03  1.81379E-03  1.81379E-03  1.81379E-03  1.81379E-03  1.81379E-03  1.81379E-03  1.81379E-03  1.81379E-03  1.81379E-03  1.81379E-03  1.81379E-03  1.81379E-03  1.81379E-03  1.81379E-03
   47753   4  1.46172E-02  1.46172E-02  1.46172E-02  1.46172E-02  1.46172E-02  1.46172E-02  1.46172E-02  1.46172E-02  1.46172E-02  1.46172E-02  1.46172E-02  1.46172E-02  1.46172E-02  1.46172E-02  1.46172E-02  1.46172E-02  1.46172E-02  1.46172E-02  1.46172E-02  1.46172E-02  1.46172E-02  1.46172E-02  1.46172E-02  1.46172E-02
   48458   4  1.33227E-02  1.33227E-02  1.33227E-02  1.33227E-02  1.33227E-02  1.33227E-02  1.33227E-02  1.33227E-02  1.33227E-02  1.33227E-02  1.33227E-02  1.33227E-02  1.33227E-02  1.33227E-02  1.33227E-02  1.33227E-02  1.33227E-02  1.33227E-02  1.33227E-02  1.33227E-02  1.33227E-02  1.33227E-02  1.33227E-02  1.33227E-02
   48458   2  1.57270E+01  1.54942E+01  1.46297E+01  1.32000E+01  1.17038E+01  9.89339E+00  9.16054E+00  8.79412E+00  8.67198E+00  8.91626E+00  9.64911E+00  1.08094E+01  1.23057E+01  1.32217E+01  1.39546E+01  1.45958E+01  1.48401E+01  1.50844E+01  1.51760E+01  1.52981E+01  1.52676E+01  1.51760E+01  1.49317E+01  1.45653E+01
   48458   3  0.00000E+00  0.00000E+00  0.00000E+00  0.00000E+00  0.00000E+00  0.00000E+00  0.00000E+00  0.00000E+00  0.00000E+00  0.00000E+00  0.00000E+00  0.00000E+00  0.00000E+00  0.00000E+00  0.00000E+00  0.00000E+00  0.00000E+00  0.00000E+00  0.00000E+00  0.00000E+00  0.00000E+00  0.00000E+00  0.00000E+00  0.00000E+00
   47047   7  0.00000E+00  0.00000E+00  0.00000E+00  0.00000E+00  0.00000E+00  0.00000E+00  0.00000E+00  0.00000E+00  0.00000E+00  0.00000E+00  0.00000E+00  0.00000E+00  0.00000E+00  0.00000E+00  0.00000E+00  0.00000E+00  0.00000E+00  0.00000E+00  0.00000E+00  0.00000E+00  0.00000E+00  0.00000E+00  0.00000E+00  0.00000E+00
   47753   7  0.00000E+00  0.00000E+00  0.00000E+00  0.00000E+00  0.00000E+00  0.00000E+00  0.00000E+00  0.00000E+00  0.00000E+00  0.00000E+00  0.00000E+00  0.00000E+00  0.00000E+00  0.00000E+00  0.00000E+00  0.00000E+00  0.00000E+00  0.00000E+00  0.00000E+00  0.00000E+00  0.00000E+00  0.00000E+00  0.00000E+00  0.00000E+00
   43182   3  6.84625E-04  6.84625E-04  6.84625E-04  6.84625E-04  6.84625E-04  6.84625E-04  6.84625E-04  6.84625E-04  6.84625E-04  6.84625E-04  6.84625E-04  6.84625E-04  6.84625E-04  1.39639E-03  1.39639E-03  1.39639E-03  1.39639E-03  1.39639E-03  1.39639E-03  1.39639E-03  1.39639E-03  6.84625E-04  6.84625E-04  6.84625E-04
   43182   4  2.72323E-02  2.72323E-02  2.72323E-02  2.72323E-02  2.72323E-02  2.72323E-02  2.72323E-02  2.72323E-02  2.72323E-02  2.72323E-02  2.72323E-02  2.72323E-02  2.72323E-02  2.72323E-02  2.72323E-02  2.72323E-02  2.72323E-02  2.72323E-02  2.72323E-02  2.72323E-02  2.72323E-02  2.72323E-02  2.72323E-02  2.72323E-02
   43182   8  0.00000E+00  0.00000E+00  0.00000E+00  0.00000E+00  0.00000E+00  0.00000E+00  0.00000E+00  0.00000E+00  0.00000E+00  0.00000E+00  0.00000E+00  0.00000E+00  0.00000E+00  0.00000E+00  0.00000E+00  0.00000E+00  0.00000E+00  0.00000E+00  0.00000E+00  0.00000E+00  0.00000E+00  0.00000E+00  0.00000E+00  0.00000E+00
   42477   3  0.00000E+00  0.00000E+00  0.00000E+00  0.00000E+00  0.00000E+00  0.00000E+00  0.00000E+00  0.00000E+00  0.00000E+00  0.00000E+00  0.00000E+00  0.00000E+00  0.00000E+00  0.00000E+00  0.00000E+00  0.00000E+00  0.00000E+00  0.00000E+00  0.00000E+00  0.00000E+00  0.00000E+00  0.00000E+00  0.00000E+00  0.00000E+00
   42477   2  0.00000E+00  0.00000E+00  0.00000E+00  0.00000E+00  0.00000E+00  0.00000E+00  0.00000E+00  0.00000E+00  0.00000E+00  0.00000E+00  0.00000E+00  0.00000E+00  0.00000E+00  0.00000E+00  0.00000E+00  0.00000E+00  0.00000E+00  0.00000E+00  0.00000E+00  0.00000E+00  0.00000E+00  0.00000E+00  0.00000E+00  0.00000E+00
   43182   7  0.00000E+00  0.00000E+00  0.00000E+00  0.00000E+00  0.00000E+00  0.00000E+00  0.00000E+00  0.00000E+00  0.00000E+00  0.00000E+00  0.00000E+00  0.00000E+00  0.00000E+00  0.00000E+00  0.00000E+00  0.00000E+00  0.00000E+00  0.00000E+00  0.00000E+00  0.00000E+00  0.00000E+00  0.00000E+00  0.00000E+00  0.00000E+00
   50582   3  4.83318E-02  4.83318E-02  4.83318E-02  4.83318E-02  4.83318E-02  4.83318E-02  4.83318E-02  4.83318E-02  4.83318E-02  4.83318E-02  4.83318E-02  4.83318E-02  4.83318E-02  4.83318E-02  4.83318E-02  4.83318E-02  4.83318E-02  4.83318E-02  4.83318E-02  4.83318E-02  4.83318E-02  4.83318E-02  4.83318E-02  4.83318E-02
   46700   3  8.18666E-04  8.18666E-04  8.18666E-04  8.18666E-04  8.18666E-04  8.18666E-04  8.18666E-04  8.18666E-04  8.18666E-04  8.18666E-04  8.18666E-04  8.18666E-04  8.18666E-04  8.18666E-04  8.18666E-04  8.18666E-04  8.18666E-04  8.18666E-04  8.18666E-04  8.18666E-04  8.18666E-04  8.18666E-04  8.18666E-04  8.18666E-04
   36485   4  3.56874E+00  3.56874E+00  3.56874E+00  3.56874E+00  3.56874E+00  3.56874E+00  3.56874E+00  3.56874E+00  3.56874E+00  3.56874E+00  3.56874E+00  3.56874E+00  3.56874E+00  3.56874E+00  3.56874E+00  3.56874E+00  3.56874E+00  3.56874E+00  3.56874E+00  3.56874E+00  3.56874E+00  3.56874E+00  3.56874E+00  3.56874E+00
   36485   6  3.56874E+00  3.56874E+00  3.56874E+00  3.56874E+00  3.56874E+00  3.56874E+00  3.56874E+00  3.56874E+00  3.56874E+00  3.56874E+00  3.56874E+00  3.56874E+00  3.56874E+00  3.56874E+00  3.56874E+00  3.56874E+00  3.56874E+00  3.56874E+00  3.56874E+00  3.56874E+00  3.56874E+00  3.56874E+00  3.56874E+00  3.56874E+00
   36485   5  0.00000E+00  0.00000E+00  0.00000E+00  0.00000E+00  0.00000E+00  0.00000E+00  0.00000E+00  0.00000E+00  0.00000E+00  0.00000E+00  0.00000E+00  0.00000E+00  0.00000E+00  0.00000E+00  0.00000E+00  0.00000E+00  0.00000E+00  0.00000E+00  0.00000E+00  0.00000E+00  0.00000E+00  0.00000E+00  0.00000E+00  0.00000E+00
   36485   3  0.00000E+00  0.00000E+00  0.00000E+00  0.00000E+00  0.00000E+00  0.00000E+00  0.00000E+00  0.00000E+00  0.00000E+00  0.00000E+00  0.00000E+00  0.00000E+00  0.00000E+00  0.00000E+00  0.00000E+00  0.00000E+00  0.00000E+00  0.00000E+00  0.00000E+00  0.00000E+00  0.00000E+00  0.00000E+00  0.00000E+00  0.00000E+00
   36485   2  0.00000E+00  0.00000E+00  0.00000E+00  0.00000E+00  0.00000E+00  0.00000E+00  0.00000E+00  0.00000E+00  0.00000E+00  0.00000E+00  0.00000E+00  0.00000E+00  0.00000E+00  0.00000E+00  0.00000E+00  0.00000E+00  0.00000E+00  0.00000E+00  0.00000E+00  0.00000E+00  0.00000E+00  0.00000E+00  0.00000E+00  0.00000E+00
   37192   2  3.07538E+01  3.02987E+01  2.86082E+01  2.58124E+01  2.28866E+01  1.93464E+01  1.79133E+01  1.71968E+01  1.69579E+01  1.74356E+01  1.88687E+01  2.11377E+01  2.40635E+01  2.58549E+01  2.72879E+01  2.85418E+01  2.90195E+01  2.94972E+01  2.96764E+01  2.99152E+01  2.98555E+01  2.96764E+01  2.91987E+01  2.84821E+01
   36485   7  0.00000E+00  0.00000E+00  0.00000E+00  0.00000E+00  0.00000E+00  0.00000E+00  0.00000E+00  0.00000E+00  0.00000E+00  0.00000E+00  0.00000E+00  0.00000E+00  0.00000E+00  0.00000E+00  0.00000E+00  0.00000E+00  0.00000E+00  0.00000E+00  0.00000E+00  0.00000E+00  0.00000E+00  0.00000E+00  0.00000E+00  0.00000E+00
   35437   3  0.00000E+00  0.00000E+00  0.00000E+00  0.00000E+00  0.00000E+00  0.00000E+00  0.00000E+00  0.00000E+00  0.00000E+00  0.00000E+00  0.00000E+00  0.00000E+00  0.00000E+00  0.00000E+00  0.00000E+00  0.00000E+00  0.00000E+00  0.00000E+00  0.00000E+00  0.00000E+00  0.00000E+00  0.00000E+00  0.00000E+00  0.00000E+00
   46351   7  0.00000E+00  0.00000E+00  0.00000E+00  0.00000E+00  0.00000E+00  0.00000E+00  0.00000E+00  0.00000E+00  0.00000E+00  0.00000E+00  0.00000E+00  0.00000E+00  0.00000E+00  0.00000E+00  0.00000E+00  0.00000E+00  0.00000E+00  0.00000E+00  0.00000E+00  0.00000E+00  0.00000E+00  0.00000E+00  0.00000E+00  0.00000E+00
   39310   3  3.45439E-05  3.45439E-05  3.45439E-05  3.45439E-05  3.45439E-05  3.45439E-05  3.45439E-05  3.45439E-05  3.45439E-05  3.45439E-05  3.45439E-05  3.45439E-05  3.45439E-05  3.45439E-05  3.45439E-05  3.45439E-05  3.45439E-05  3.45439E-05  3.45439E-05  3.45439E-05  3.45439E-05  3.45439E-05  3.45439E-05  3.45439E-05
   43177   3  0.00000E+00  0.00000E+00  0.00000E+00  0.00000E+00  0.00000E+00  0.00000E+00  0.00000E+00  0.00000E+00  0.00000E+00  0.00000E+00  0.00000E+00  0.00000E+00  0.00000E+00  0.00000E+00  0.00000E+00  0.00000E+00  0.00000E+00  0.00000E+00  0.00000E+00  0.00000E+00  0.00000E+00  0.00000E+00  0.00000E+00  0.00000E+00
   43177   2  0.00000E+00  0.00000E+00  0.00000E+00  0.00000E+00  0.00000E+00  0.00000E+00  0.00000E+00  0.00000E+00  0.00000E+00  0.00000E+00  0.00000E+00  0.00000E+00  0.00000E+00  0.00000E+00  0.00000E+00  0.00000E+00  0.00000E+00  0.00000E+00  0.00000E+00  0.00000E+00  0.00000E+00  0.00000E+00  0.00000E+00  0.00000E+00
   15453   3  3.62614E+01  3.62614E+01  3.62614E+01  3.62614E+01  3.62614E+01  3.62614E+01  3.62614E+01  3.62614E+01  3.62614E+01  3.62614E+01  3.62614E+01  3.62614E+01  3.62614E+01  3.62614E+01  3.62614E+01  3.62614E+01  3.62614E+01  3.62614E+01  3.62614E+01  3.62614E+01  3.62614E+01  3.62614E+01  3.62614E+01  3.62614E+01
   15453   2  0.00000E+00  0.00000E+00  0.00000E+00  0.00000E+00  0.00000E+00  0.00000E+00  0.00000E+00  0.00000E+00  0.00000E+00  0.00000E+00  0.00000E+00  0.00000E+00  0.00000E+00  0.00000E+00  0.00000E+00  0.00000E+00  0.00000E+00  0.00000E+00  0.00000E+00  0.00000E+00  0.00000E+00  0.00000E+00  0.00000E+00  0.00000E+00
   15098   3  2.18783E-03  2.18783E-03  2.18783E-03  2.18783E-03  2.18783E-03  2.18783E-03  2.18783E-03  2.18783E-03  2.18783E-03  2.18783E-03  2.18783E-03  2.18783E-03  2.18783E-03  2.18783E-03  2.18783E-03  2.18783E-03  2.18783E-03  2.18783E-03  2.18783E-03  2.18783E-03  2.18783E-03  2.18783E-03  2.18783E-03  2.18783E-03
   15450   3  1.74816E-02  1.74816E-02  1.74816E-02  1.74816E-02  1.74816E-02  1.74816E-02  1.74816E-02  1.74816E-02  1.74816E-02  1.74816E-02  1.74816E-02  1.74816E-02  1.74816E-02  1.74816E-02  1.74816E-02  1.74816E-02  1.74816E-02  1.74816E-02  1.74816E-02  1.74816E-02  1.74816E-02  1.74816E-02  1.74816E-02  1.74816E-02
   15808   3  7.84594E+00  7.84594E+00  7.84594E+00  7.84594E+00  7.84594E+00  7.84594E+00  7.84594E+00  7.84594E+00  7.84594E+00  7.84594E+00  7.84594E+00  7.84594E+00  7.84594E+00  7.84594E+00  7.84594E+00  7.84594E+00  7.84594E+00  7.84594E+00  7.84594E+00  7.84594E+00  7.84594E+00  7.84594E+00  7.84594E+00  7.84594E+00
   16524   3  6.32483E-02  6.32483E-02  6.32483E-02  6.32483E-02  6.32483E-02  6.32483E-02  6.32483E-02  6.32483E-02  6.32483E-02  6.32483E-02  6.32483E-02  6.32483E-02  6.32483E-02  6.32483E-02  6.32483E-02  6.32483E-02  6.32483E-02  6.32483E-02  6.32483E-02  6.32483E-02  6.32483E-02  6.32483E-02  6.32483E-02  6.32483E-02
   14756   5  0.00000E+00  0.00000E+00  0.00000E+00  0.00000E+00  0.00000E+00  0.00000E+00  0.00000E+00  0.00000E+00  0.00000E+00  0.00000E+00  0.00000E+00  0.00000E+00  0.00000E+00  0.00000E+00  0.00000E+00  0.00000E+00  0.00000E+00  0.00000E+00  0.00000E+00  0.00000E+00  0.00000E+00  0.00000E+00  0.00000E+00  0.00000E+00
   14756   4  4.28428E-04  4.28428E-04  4.28428E-04  4.28428E-04  4.28428E-04  4.28428E-04  4.28428E-04  4.28428E-04  4.28428E-04  4.28428E-04  4.28428E-04  4.28428E-04  4.28428E-04  4.28428E-04  4.28428E-04  4.28428E-04  4.28428E-04  4.28428E-04  4.28428E-04  4.28428E-04  4.28428E-04  4.28428E-04  4.28428E-04  4.28428E-04
   14756   3  3.81394E+01  3.81394E+01  3.81394E+01  3.81394E+01  3.81394E+01  3.81394E+01  3.81394E+01  3.81394E+01  3.81394E+01  3.81394E+01  3.81394E+01  3.81394E+01  3.81394E+01  3.81394E+01  3.81394E+01  3.81394E+01  3.81394E+01  3.81394E+01  3.81394E+01  3.81394E+01  3.81394E+01  3.81394E+01  3.81394E+01  3.81394E+01
   14756   1  6.88598E+00  6.88598E+00  6.88598E+00  6.88598E+00  6.88598E+00  6.88598E+00  6.88598E+00  6.88598E+00  6.88598E+00  6.88598E+00  6.88598E+00  6.88598E+00  6.88598E+00  6.88598E+00  6.88598E+00  6.88598E+00  6.88598E+00  6.88598E+00  6.88598E+00  6.88598E+00  6.88598E+00  6.88598E+00  6.88598E+00  6.88598E+00
   14756   2  1.39104E+02  1.39104E+02  1.39104E+02  1.39104E+02  1.39104E+02  1.39104E+02  1.39104E+02  1.39104E+02  1.39104E+02  1.39104E+02  1.39104E+02  1.39104E+02  1.39104E+02  1.39104E+02  1.39104E+02  1.39104E+02  1.39104E+02  1.39104E+02  1.39104E+02  1.39104E+02  1.39104E+02  1.39104E+02  1.39104E+02  1.39104E+02
   14756   7  0.00000E+00  0.00000E+00  0.00000E+00  0.00000E+00  0.00000E+00  0.00000E+00  0.00000E+00  0.00000E+00  0.00000E+00  0.00000E+00  0.00000E+00  0.00000E+00  0.00000E+00  0.00000E+00  0.00000E+00  0.00000E+00  0.00000E+00  0.00000E+00  0.00000E+00  0.00000E+00  0.00000E+00  0.00000E+00  0.00000E+00  0.00000E+00
   15810   3  6.90842E-02  6.90842E-02  6.90842E-02  6.90842E-02  6.90842E-02  6.90842E-02  6.90842E-02  6.90842E-02  6.90842E-02  6.90842E-02  6.90842E-02  6.90842E-02  6.90842E-02  6.90842E-02  6.90842E-02  6.90842E-02  6.90842E-02  6.90842E-02  6.90842E-02  6.90842E-02  6.90842E-02  6.90842E-02  6.90842E-02  6.90842E-02
   16516   3  1.83657E-02  1.83657E-02  1.83657E-02  1.83657E-02  1.83657E-02  1.83657E-02  1.83657E-02  1.83657E-02  1.83657E-02  1.83657E-02  1.83657E-02  1.83657E-02  1.83657E-02  1.83657E-02  1.83657E-02  1.83657E-02  1.83657E-02  1.83657E-02  1.83657E-02  1.83657E-02  1.83657E-02  1.83657E-02  1.83657E-02  1.83657E-02
   16161   3  6.62288E-03  6.62288E-03  6.62288E-03  6.62288E-03  6.62288E-03  6.62288E-03  6.62288E-03  6.62288E-03  6.62288E-03  6.62288E-03  6.62288E-03  6.62288E-03  6.62288E-03  6.62288E-03  6.62288E-03  6.62288E-03  6.62288E-03  6.62288E-03  6.62288E-03  6.62288E-03  6.62288E-03  6.62288E-03  6.62288E-03  6.62288E-03
   16162   3  1.40158E+01  1.40158E+01  1.40158E+01  1.40158E+01  1.40158E+01  1.40158E+01  1.40158E+01  1.40158E+01  1.40158E+01  1.40158E+01  1.40158E+01  1.40158E+01  1.40158E+01  1.40158E+01  1.40158E+01  1.40158E+01  1.40158E+01  1.40158E+01  1.40158E+01  1.40158E+01  1.40158E+01  1.40158E+01  1.40158E+01  1.40158E+01
   15105   3  4.37664E+01  4.37664E+01  4.37664E+01  4.37664E+01  4.37664E+01  4.37664E+01  4.37664E+01  4.37664E+01  4.37664E+01  4.37664E+01  4.37664E+01  4.37664E+01  4.37664E+01  4.37664E+01  4.37664E+01  4.37664E+01  4.37664E+01  4.37664E+01  4.37664E+01  4.37664E+01  4.37664E+01  4.37664E+01  4.37664E+01  4.37664E+01
   15104   3  1.45480E-01  1.45480E-01  1.45480E-01  1.45480E-01  1.45480E-01  1.45480E-01  1.45480E-01  1.45480E-01  1.45480E-01  1.45480E-01  1.45480E-01  1.45480E-01  1.45480E-01  1.45480E-01  1.45480E-01  1.45480E-01  1.45480E-01  1.45480E-01  1.45480E-01  1.45480E-01  1.45480E-01  1.45480E-01  1.45480E-01  1.45480E-01
   13688   3  2.16383E+01  2.16383E+01  2.16383E+01  2.16383E+01  2.16383E+01  2.16383E+01  2.16383E+01  2.16383E+01  2.16383E+01  2.16383E+01  2.16383E+01  2.16383E+01  2.16383E+01  2.16383E+01  2.16383E+01  2.16383E+01  2.16383E+01  2.16383E+01  2.16383E+01  2.16383E+01  2.16383E+01  2.16383E+01  2.16383E+01  2.16383E+01
   13688   4  1.30991E+00  1.30991E+00  1.30991E+00  1.30991E+00  1.30991E+00  1.30991E+00  1.30991E+00  1.30991E+00  1.30991E+00  1.30991E+00  1.30991E+00  1.30991E+00  1.30991E+00  1.30991E+00  1.30991E+00  1.30991E+00  1.30991E+00  1.30991E+00  1.30991E+00  1.30991E+00  1.30991E+00  1.30991E+00  1.30991E+00  1.30991E+00
   14743   3  1.65551E-03  1.65551E-03  1.65551E-03  1.65551E-03  1.65551E-03  1.65551E-03  1.65551E-03  1.65551E-03  1.65551E-03  1.65551E-03  1.65551E-03  1.65551E-03  1.65551E-03  1.65551E-03  1.65551E-03  1.65551E-03  1.65551E-03  1.65551E-03  1.65551E-03  1.65551E-03  1.65551E-03  1.65551E-03  1.65551E-03  1.65551E-03
   15813   3  3.26865E+00  3.26865E+00  3.26865E+00  3.26865E+00  3.26865E+00  3.26865E+00  3.26865E+00  3.26865E+00  3.26865E+00  3.26865E+00  3.26865E+00  3.26865E+00  3.26865E+00  3.26865E+00  3.26865E+00  3.26865E+00  3.26865E+00  3.26865E+00  3.26865E+00  3.26865E+00  3.26865E+00  3.26865E+00  3.26865E+00  3.26865E+00
   14408   4  0.00000E+00  0.00000E+00  0.00000E+00  0.00000E+00  0.00000E+00  0.00000E+00  0.00000E+00  0.00000E+00  0.00000E+00  0.00000E+00  0.00000E+00  0.00000E+00  0.00000E+00  0.00000E+00  0.00000E+00  0.00000E+00  0.00000E+00  0.00000E+00  0.00000E+00  0.00000E+00  0.00000E+00  0.00000E+00  0.00000E+00  0.00000E+00
   14053   3  2.53619E-03  2.53619E-03  2.53619E-03  2.53619E-03  2.53619E-03  2.53619E-03  2.53619E-03  2.53619E-03  2.53619E-03  2.53619E-03  2.53619E-03  2.53619E-03  2.53619E-03  2.53619E-03  2.53619E-03  2.53619E-03  2.53619E-03  2.53619E-03  2.53619E-03  2.53619E-03  2.53619E-03  2.53619E-03  2.53619E-03  2.53619E-03
   14408   3  2.67792E-02  2.67792E-02  2.67792E-02  2.67792E-02  2.67792E-02  2.67792E-02  2.67792E-02  2.67792E-02  2.67792E-02  2.67792E-02  2.67792E-02  2.67792E-02  2.67792E-02  2.67792E-02  2.67792E-02  2.67792E-02  2.67792E-02  2.67792E-02  2.67792E-02  2.67792E-02  2.67792E-02  2.67792E-02  2.67792E-02  2.67792E-02
   15469   3  8.70482E-02  8.70482E-02  8.70482E-02  8.70482E-02  8.70482E-02  8.70482E-02  8.70482E-02  8.70482E-02  8.70482E-02  8.70482E-02  8.70482E-02  8.70482E-02  8.70482E-02  8.70482E-02  8.70482E-02  8.70482E-02  8.70482E-02  8.70482E-02  8.70482E-02  8.70482E-02  8.70482E-02  8.70482E-02  8.70482E-02  8.70482E-02
   14761   3  0.00000E+00  0.00000E+00  0.00000E+00  0.00000E+00  0.00000E+00  0.00000E+00  0.00000E+00  0.00000E+00  0.00000E+00  0.00000E+00  0.00000E+00  0.00000E+00  0.00000E+00  0.00000E+00  0.00000E+00  0.00000E+00  0.00000E+00  0.00000E+00  0.00000E+00  0.00000E+00  0.00000E+00  0.00000E+00  0.00000E+00  0.00000E+00
   14763   2  1.80230E+01  1.80230E+01  1.80230E+01  1.80230E+01  1.80230E+01  1.80230E+01  1.80230E+01  1.80230E+01  1.80230E+01  1.80230E+01  1.80230E+01  1.80230E+01  1.80230E+01  1.80230E+01  1.80230E+01  1.80230E+01  1.80230E+01  1.80230E+01  1.80230E+01  1.80230E+01  1.80230E+01  1.80230E+01  1.80230E+01  1.80230E+01
   14763   3  4.46836E+00  4.46836E+00  4.46836E+00  4.46836E+00  4.46836E+00  4.46836E+00  4.46836E+00  4.46836E+00  4.46836E+00  4.46836E+00  4.46836E+00  4.46836E+00  4.46836E+00  4.46836E+00  4.46836E+00  4.46836E+00  4.46836E+00  4.46836E+00  4.46836E+00  4.46836E+00  4.46836E+00  4.46836E+00  4.46836E+00  4.46836E+00
   12640   3  0.00000E+00  0.00000E+00  0.00000E+00  0.00000E+00  0.00000E+00  0.00000E+00  0.00000E+00  0.00000E+00  0.00000E+00  0.00000E+00  0.00000E+00  0.00000E+00  0.00000E+00  0.00000E+00  0.00000E+00  0.00000E+00  0.00000E+00  0.00000E+00  0.00000E+00  0.00000E+00  0.00000E+00  0.00000E+00  0.00000E+00  0.00000E+00
   12657   2  0.00000E+00  0.00000E+00  0.00000E+00  0.00000E+00  0.00000E+00  0.00000E+00  0.00000E+00  0.00000E+00  0.00000E+00  0.00000E+00  0.00000E+00  0.00000E+00  0.00000E+00  0.00000E+00  0.00000E+00  0.00000E+00  0.00000E+00  0.00000E+00  0.00000E+00  0.00000E+00  0.00000E+00  0.00000E+00  0.00000E+00  0.00000E+00
   19635   3  3.52065E-04  3.52065E-04  3.52065E-04  3.52065E-04  3.52065E-04  0.00000E+00  0.00000E+00  0.00000E+00  0.00000E+00  0.00000E+00  0.00000E+00  0.00000E+00  0.00000E+00  3.52065E-04  3.52065E-04  3.52065E-04  3.52065E-04  3.52065E-04  3.52065E-04  3.52065E-04  3.52065E-04  3.52065E-04  3.52065E-04  3.52065E-04
   19635   4  1.25098E-03  1.25098E-03  1.25098E-03  1.25098E-03  1.25098E-03  1.25098E-03  1.25098E-03  1.25098E-03  1.25098E-03  1.25098E-03  1.25098E-03  1.25098E-03  1.25098E-03  1.25098E-03  1.25098E-03  1.25098E-03  1.25098E-03  1.25098E-03  1.25098E-03  1.25098E-03  1.25098E-03  1.25098E-03  1.25098E-03  1.25098E-03
   20341   3  4.79653E-03  4.79653E-03  4.79653E-03  4.79653E-03  4.79653E-03  4.79653E-03  4.79653E-03  4.79653E-03  4.79653E-03  4.79653E-03  4.79653E-03  4.79653E-03  4.79653E-03  4.79653E-03  4.79653E-03  4.79653E-03  4.79653E-03  4.79653E-03  4.79653E-03  4.79653E-03  4.79653E-03  4.79653E-03  4.79653E-03  4.79653E-03
   20337   3  0.00000E+00  0.00000E+00  0.00000E+00  0.00000E+00  0.00000E+00  0.00000E+00  0.00000E+00  0.00000E+00  0.00000E+00  0.00000E+00  0.00000E+00  0.00000E+00  0.00000E+00  0.00000E+00  0.00000E+00  0.00000E+00  0.00000E+00  0.00000E+00  0.00000E+00  0.00000E+00  0.00000E+00  0.00000E+00  0.00000E+00  0.00000E+00
   20337   4  3.42088E-04  3.42088E-04  3.42088E-04  3.42088E-04  3.42088E-04  3.42088E-04  3.42088E-04  3.42088E-04  3.42088E-04  3.42088E-04  3.42088E-04  3.42088E-04  3.42088E-04  3.42088E-04  3.42088E-04  3.42088E-04  3.42088E-04  3.42088E-04  3.42088E-04  3.42088E-04  3.42088E-04  3.42088E-04  3.42088E-04  3.42088E-04
   19641   4  1.13535E-03  1.13535E-03  1.13535E-03  1.13535E-03  1.13535E-03  1.13535E-03  1.13535E-03  1.13535E-03  1.13535E-03  1.13535E-03  1.13535E-03  1.13535E-03  1.13535E-03  1.13535E-03  1.13535E-03  1.13535E-03  1.13535E-03  1.13535E-03  1.13535E-03  1.13535E-03  1.13535E-03  1.13535E-03  1.13535E-03  1.13535E-03
   19283   4  1.65212E-03  1.65212E-03  1.65212E-03  1.65212E-03  1.65212E-03  1.65212E-03  1.65212E-03  1.65212E-03  1.65212E-03  1.65212E-03  1.65212E-03  1.65212E-03  1.65212E-03  1.65212E-03  1.65212E-03  1.65212E-03  1.65212E-03  1.65212E-03  1.65212E-03  1.65212E-03  1.65212E-03  1.65212E-03  1.65212E-03  1.65212E-03
   19638   5  1.44748E-02  1.44748E-02  1.44748E-02  1.44748E-02  1.44748E-02  1.44748E-02  1.44748E-02  1.44748E-02  1.44748E-02  1.44748E-02  1.44748E-02  1.44748E-02  1.44748E-02  1.44748E-02  1.44748E-02  1.44748E-02  1.44748E-02  1.44748E-02  1.44748E-02  1.44748E-02  1.44748E-02  1.44748E-02  1.44748E-02  1.44748E-02
   19633   3  8.59837E-02  8.59837E-02  8.59837E-02  8.59837E-02  8.59837E-02  8.59837E-02  8.59837E-02  8.59837E-02  8.59837E-02  8.59837E-02  8.59837E-02  8.59837E-02  8.59837E-02  8.59837E-02  8.59837E-02  8.59837E-02  8.59837E-02  8.59837E-02  8.59837E-02  8.59837E-02  8.59837E-02  8.59837E-02  8.59837E-02  8.59837E-02
   19633   7  0.00000E+00  0.00000E+00  0.00000E+00  0.00000E+00  0.00000E+00  0.00000E+00  0.00000E+00  0.00000E+00  0.00000E+00  0.00000E+00  0.00000E+00  0.00000E+00  0.00000E+00  0.00000E+00  0.00000E+00  0.00000E+00  0.00000E+00  0.00000E+00  0.00000E+00  0.00000E+00  0.00000E+00  0.00000E+00  0.00000E+00  0.00000E+00
   19633   4  7.73784E-04  7.73784E-04  7.73784E-04  7.73784E-04  7.73784E-04  7.73784E-04  7.73784E-04  7.73784E-04  7.73784E-04  7.73784E-04  7.73784E-04  7.73784E-04  7.73784E-04  7.73784E-04  7.73784E-04  7.73784E-04  7.73784E-04  7.73784E-04  7.73784E-04  7.73784E-04  7.73784E-04  7.73784E-04  7.73784E-04  7.73784E-04
   18930   3  1.73779E-01  1.73779E-01  1.73779E-01  1.73779E-01  1.73779E-01  1.73779E-01  1.73779E-01  1.73779E-01  1.73779E-01  1.73779E-01  1.73779E-01  1.73779E-01  1.73779E-01  1.73779E-01  1.73779E-01  1.73779E-01  1.73779E-01  1.73779E-01  1.73779E-01  1.73779E-01  1.73779E-01  1.73779E-01  1.73779E-01  1.73779E-01
   19636   5  9.91719E-03  9.91719E-03  9.91719E-03  9.91719E-03  9.91719E-03  9.91719E-03  9.91719E-03  9.91719E-03  9.91719E-03  9.91719E-03  9.91719E-03  9.91719E-03  9.91719E-03  9.91719E-03  9.91719E-03  9.91719E-03  9.91719E-03  9.91719E-03  9.91719E-03  9.91719E-03  9.91719E-03  9.91719E-03  9.91719E-03  9.91719E-03
   20343   4  4.06873E-04  4.06873E-04  4.06873E-04  4.06873E-04  4.06873E-04  4.06873E-04  4.06873E-04  4.06873E-04  4.06873E-04  4.06873E-04  4.06873E-04  4.06873E-04  4.06873E-04  4.06873E-04  4.06873E-04  4.06873E-04  4.06873E-04  4.06873E-04  4.06873E-04  4.06873E-04  4.06873E-04  4.06873E-04  4.06873E-04  4.06873E-04
   20343   3  2.70902E-02  2.70902E-02  2.70902E-02  2.70902E-02  2.70902E-02  2.70902E-02  2.70902E-02  2.70902E-02  2.70902E-02  2.70902E-02  2.70902E-02  2.70902E-02  2.70902E-02  2.70902E-02  2.70902E-02  2.70902E-02  2.70902E-02  2.70902E-02  2.70902E-02  2.70902E-02  2.70902E-02  2.70902E-02  2.70902E-02  2.70902E-02
   19282   5  7.71020E-03  7.71020E-03  7.71020E-03  7.71020E-03  7.71020E-03  7.71020E-03  7.71020E-03  7.71020E-03  7.71020E-03  7.71020E-03  7.71020E-03  7.71020E-03  7.71020E-03  7.71020E-03  7.71020E-03  7.71020E-03  7.71020E-03  7.71020E-03  7.71020E-03  7.71020E-03  7.71020E-03  7.71020E-03  7.71020E-03  7.71020E-03
   19282   4  5.55661E-03  5.55661E-03  5.55661E-03  5.55661E-03  5.55661E-03  5.55661E-03  5.55661E-03  5.55661E-03  5.55661E-03  5.55661E-03  5.55661E-03  5.55661E-03  5.55661E-03  5.55661E-03  5.55661E-03  5.55661E-03  5.55661E-03  5.55661E-03  5.55661E-03  5.55661E-03  5.55661E-03  5.55661E-03  5.55661E-03  5.55661E-03
   19282   3  0.00000E+00  0.00000E+00  0.00000E+00  0.00000E+00  0.00000E+00  0.00000E+00  0.00000E+00  0.00000E+00  0.00000E+00  0.00000E+00  0.00000E+00  0.00000E+00  0.00000E+00  0.00000E+00  0.00000E+00  0.00000E+00  0.00000E+00  0.00000E+00  0.00000E+00  0.00000E+00  0.00000E+00  0.00000E+00  0.00000E+00  0.00000E+00
   19990   3  7.66897E-04  7.66897E-04  7.66897E-04  7.66897E-04  7.66897E-04  7.66897E-04  7.66897E-04  7.66897E-04  7.66897E-04  7.66897E-04  7.66897E-04  7.66897E-04  7.66897E-04  7.66897E-04  7.66897E-04  7.66897E-04  7.66897E-04  7.66897E-04  7.66897E-04  7.66897E-04  7.66897E-04  7.66897E-04  7.66897E-04  7.66897E-04
   19990   4  4.24485E-03  4.24485E-03  4.24485E-03  4.24485E-03  4.24485E-03  4.24485E-03  4.24485E-03  4.24485E-03  4.24485E-03  4.24485E-03  4.24485E-03  4.24485E-03  4.24485E-03  4.24485E-03  4.24485E-03  4.24485E-03  4.24485E-03  4.24485E-03  4.24485E-03  4.24485E-03  4.24485E-03  4.24485E-03  4.24485E-03  4.24485E-03
   18929   3  1.30251E-01  1.30251E-01  1.30251E-01  1.30251E-01  1.30251E-01  1.30251E-01  1.30251E-01  1.30251E-01  1.30251E-01  1.30251E-01  1.30251E-01  1.30251E-01  1.30251E-01  1.32524E-01  1.32524E-01  1.32524E-01  1.32524E-01  1.32524E-01  1.32524E-01  1.32524E-01  1.32524E-01  1.30251E-01  1.30251E-01  1.30251E-01
   18929   4  4.94551E-03  4.94551E-03  4.94551E-03  4.94551E-03  4.94551E-03  4.94551E-03  4.94551E-03  4.94551E-03  4.94551E-03  4.94551E-03  4.94551E-03  4.94551E-03  4.94551E-03  8.07944E-03  8.07944E-03  8.07944E-03  8.07944E-03  8.07944E-03  8.07944E-03  8.07944E-03  8.07944E-03  4.94551E-03  4.94551E-03  4.94551E-03
   19281   4  8.13948E-04  8.13948E-04  8.13948E-04  8.13948E-04  8.13948E-04  8.13948E-04  8.13948E-04  8.13948E-04  8.13948E-04  8.13948E-04  8.13948E-04  8.13948E-04  8.13948E-04  8.13948E-04  8.13948E-04  8.13948E-04  8.13948E-04  8.13948E-04  8.13948E-04  8.13948E-04  8.13948E-04  8.13948E-04  8.13948E-04  8.13948E-04
   19637   3  1.01189E-01  1.01189E-01  1.01189E-01  1.01189E-01  1.01189E-01  1.01189E-01  1.01189E-01  1.01189E-01  1.01189E-01  1.01189E-01  1.01189E-01  1.01189E-01  1.01189E-01  1.01189E-01  1.01189E-01  1.01189E-01  1.01189E-01  1.01189E-01  1.01189E-01  1.01189E-01  1.01189E-01  1.01189E-01  1.01189E-01  1.01189E-01
   17533   4  3.85774E-02  3.85774E-02  3.85774E-02  3.85774E-02  3.85774E-02  3.85774E-02  3.85774E-02  3.85774E-02  3.85774E-02  3.85774E-02  3.85774E-02  3.85774E-02  3.85774E-02  3.85774E-02  3.85774E-02  3.85774E-02  3.85774E-02  3.85774E-02  3.85774E-02  3.85774E-02  3.85774E-02  3.85774E-02  3.85774E-02  3.85774E-02
   17533   3  0.00000E+00  0.00000E+00  0.00000E+00  0.00000E+00  0.00000E+00  0.00000E+00  0.00000E+00  0.00000E+00  0.00000E+00  0.00000E+00  0.00000E+00  0.00000E+00  0.00000E+00  4.28826E-03  4.28826E-03  4.28826E-03  4.28826E-03  4.28826E-03  4.28826E-03  4.28826E-03  4.28826E-03  0.00000E+00  0.00000E+00  0.00000E+00
   19657   3  0.00000E+00  0.00000E+00  0.00000E+00  0.00000E+00  0.00000E+00  0.00000E+00  0.00000E+00  0.00000E+00  0.00000E+00  0.00000E+00  0.00000E+00  0.00000E+00  0.00000E+00  0.00000E+00  0.00000E+00  0.00000E+00  0.00000E+00  0.00000E+00  0.00000E+00  0.00000E+00  0.00000E+00  0.00000E+00  0.00000E+00  0.00000E+00
   19657   2  0.00000E+00  0.00000E+00  0.00000E+00  0.00000E+00  0.00000E+00  0.00000E+00  0.00000E+00  0.00000E+00  0.00000E+00  0.00000E+00  0.00000E+00  0.00000E+00  0.00000E+00  0.00000E+00  0.00000E+00  0.00000E+00  0.00000E+00  0.00000E+00  0.00000E+00  0.00000E+00  0.00000E+00  0.00000E+00  0.00000E+00  0.00000E+00
   17887   3  0.00000E+00  0.00000E+00  0.00000E+00  0.00000E+00  0.00000E+00  0.00000E+00  0.00000E+00  0.00000E+00  0.00000E+00  0.00000E+00  0.00000E+00  0.00000E+00  0.00000E+00  0.00000E+00  0.00000E+00  0.00000E+00  0.00000E+00  0.00000E+00  0.00000E+00  0.00000E+00  0.00000E+00  0.00000E+00  0.00000E+00  0.00000E+00
   20356   4  9.07744E-04  9.07744E-04  9.07744E-04  9.07744E-04  9.07744E-04  9.07744E-04  9.07744E-04  9.07744E-04  9.07744E-04  9.07744E-04  9.07744E-04  9.07744E-04  9.07744E-04  9.07744E-04  9.07744E-04  9.07744E-04  9.07744E-04  9.07744E-04  9.07744E-04  9.07744E-04  9.07744E-04  9.07744E-04  9.07744E-04  9.07744E-04
   20356   3  0.00000E+00  0.00000E+00  0.00000E+00  0.00000E+00  0.00000E+00  0.00000E+00  0.00000E+00  0.00000E+00  0.00000E+00  0.00000E+00  0.00000E+00  0.00000E+00  0.00000E+00  0.00000E+00  0.00000E+00  0.00000E+00  0.00000E+00  0.00000E+00  0.00000E+00  0.00000E+00  0.00000E+00  0.00000E+00  0.00000E+00  0.00000E+00
   20356   2  0.00000E+00  0.00000E+00  0.00000E+00  0.00000E+00  0.00000E+00  0.00000E+00  0.00000E+00  0.00000E+00  0.00000E+00  0.00000E+00  0.00000E+00  0.00000E+00  0.00000E+00  0.00000E+00  0.00000E+00  0.00000E+00  0.00000E+00  0.00000E+00  0.00000E+00  0.00000E+00  0.00000E+00  0.00000E+00  0.00000E+00  0.00000E+00
   15091   3  4.14052E+00  4.14052E+00  4.14052E+00  4.14052E+00  4.14052E+00  4.13867E+00  4.13867E+00  4.13867E+00  4.13867E+00  4.13867E+00  4.13867E+00  4.13867E+00  4.13867E+00  4.14841E+00  4.14841E+00  4.14841E+00  4.14841E+00  4.14841E+00  4.14841E+00  4.14841E+00  4.14841E+00  4.14052E+00  4.14052E+00  4.14052E+00
   15091   4  8.17529E+00  8.17529E+00  8.17529E+00  8.17529E+00  8.17529E+00  8.17529E+00  8.17529E+00  8.17529E+00  8.17529E+00  8.17529E+00  8.17529E+00  8.17529E+00  8.17529E+00  8.17529E+00  8.17529E+00  8.17529E+00  8.17529E+00  8.17529E+00  8.17529E+00  8.17529E+00  8.17529E+00  8.17529E+00  8.17529E+00  8.17529E+00
   15091   2  4.43259E+01  4.43259E+01  4.43259E+01  4.43259E+01  4.43259E+01  4.43259E+01  4.43259E+01  4.43259E+01  4.43259E+01  4.43259E+01  4.43259E+01  4.43259E+01  4.43259E+01  4.43259E+01  4.43259E+01  4.43259E+01  4.43259E+01  4.43259E+01  4.43259E+01  4.43259E+01  4.43259E+01  4.43259E+01  4.43259E+01  4.43259E+01
   15092   4  1.56307E-02  1.56307E-02  1.56307E-02  1.56307E-02  1.56307E-02  1.56307E-02  1.56307E-02  1.56307E-02  1.56307E-02  1.56307E-02  1.56307E-02  1.56307E-02  1.56307E-02  1.56307E-02  1.56307E-02  1.56307E-02  1.56307E-02  1.56307E-02  1.56307E-02  1.56307E-02  1.56307E-02  1.56307E-02  1.56307E-02  1.56307E-02
   15091   7  0.00000E+00  0.00000E+00  0.00000E+00  0.00000E+00  0.00000E+00  0.00000E+00  0.00000E+00  0.00000E+00  0.00000E+00  0.00000E+00  0.00000E+00  0.00000E+00  0.00000E+00  0.00000E+00  0.00000E+00  0.00000E+00  0.00000E+00  0.00000E+00  0.00000E+00  0.00000E+00  0.00000E+00  0.00000E+00  0.00000E+00  0.00000E+00
   15092   1  7.58270E+00  7.58270E+00  7.58270E+00  7.58270E+00  7.58270E+00  7.58270E+00  7.58270E+00  7.58270E+00  7.58270E+00  7.58270E+00  7.58270E+00  7.58270E+00  7.58270E+00  7.58270E+00  7.58270E+00  7.58270E+00  7.58270E+00  7.58270E+00  7.58270E+00  7.58270E+00  7.58270E+00  7.58270E+00  7.58270E+00  7.58270E+00
   15092   3  1.66156E+01  1.66156E+01  1.66156E+01  1.66156E+01  1.66156E+01  1.66156E+01  1.66156E+01  1.66156E+01  1.66156E+01  1.66156E+01  1.66156E+01  1.66156E+01  1.66156E+01  1.66156E+01  1.66156E+01  1.66156E+01  1.66156E+01  1.66156E+01  1.66156E+01  1.66156E+01  1.66156E+01  1.66156E+01  1.66156E+01  1.66156E+01
   15092   2  5.16635E+01  5.16635E+01  5.16635E+01  5.16635E+01  5.16635E+01  5.16635E+01  5.16635E+01  5.16635E+01  5.16635E+01  5.16635E+01  5.16635E+01  5.16635E+01  5.16635E+01  5.16635E+01  5.16635E+01  5.16635E+01  5.16635E+01  5.16635E+01  5.16635E+01  5.16635E+01  5.16635E+01  5.16635E+01  5.16635E+01  5.16635E+01
   14738   4  0.00000E+00  0.00000E+00  0.00000E+00  0.00000E+00  0.00000E+00  0.00000E+00  0.00000E+00  0.00000E+00  0.00000E+00  0.00000E+00  0.00000E+00  0.00000E+00  0.00000E+00  0.00000E+00  0.00000E+00  0.00000E+00  0.00000E+00  0.00000E+00  0.00000E+00  0.00000E+00  0.00000E+00  0.00000E+00  0.00000E+00  0.00000E+00
   17885   3  4.07692E-03  4.07692E-03  4.07692E-03  4.07692E-03  4.07692E-03  0.00000E+00  0.00000E+00  0.00000E+00  0.00000E+00  0.00000E+00  0.00000E+00  0.00000E+00  0.00000E+00  1.26241E-01  1.26241E-01  1.26241E-01  1.26241E-01  1.26241E-01  1.26241E-01  1.26241E-01  1.26241E-01  4.07692E-03  4.07692E-03  4.07692E-03
   17885   4  2.96925E-04  2.96925E-04  2.96925E-04  2.96925E-04  2.96925E-04  2.96925E-04  2.96925E-04  2.96925E-04  2.96925E-04  2.96925E-04  2.96925E-04  2.96925E-04  2.96925E-04  2.96925E-04  2.96925E-04  2.96925E-04  2.96925E-04  2.96925E-04  2.96925E-04  2.96925E-04  2.96925E-04  2.96925E-04  2.96925E-04  2.96925E-04
   18238   4  0.00000E+00  0.00000E+00  0.00000E+00  0.00000E+00  0.00000E+00  0.00000E+00  0.00000E+00  0.00000E+00  0.00000E+00  0.00000E+00  0.00000E+00  0.00000E+00  0.00000E+00  0.00000E+00  0.00000E+00  0.00000E+00  0.00000E+00  0.00000E+00  0.00000E+00  0.00000E+00  0.00000E+00  0.00000E+00  0.00000E+00  0.00000E+00
   15426   3  0.00000E+00  0.00000E+00  0.00000E+00  0.00000E+00  0.00000E+00  0.00000E+00  0.00000E+00  0.00000E+00  0.00000E+00  0.00000E+00  0.00000E+00  0.00000E+00  0.00000E+00  0.00000E+00  0.00000E+00  0.00000E+00  0.00000E+00  0.00000E+00  0.00000E+00  0.00000E+00  0.00000E+00  0.00000E+00  0.00000E+00  0.00000E+00
   14383   3  3.51972E-01  3.51972E-01  3.51972E-01  3.51972E-01  3.51972E-01  3.51972E-01  3.51972E-01  3.51972E-01  3.51972E-01  3.51972E-01  3.51972E-01  3.51972E-01  3.51972E-01  3.51972E-01  3.51972E-01  3.51972E-01  3.51972E-01  3.51972E-01  3.51972E-01  3.51972E-01  3.51972E-01  3.51972E-01  3.51972E-01  3.51972E-01
   14736   4  1.09666E-01  1.09666E-01  1.09666E-01  1.09666E-01  1.09666E-01  1.09666E-01  1.09666E-01  1.09666E-01  1.09666E-01  1.09666E-01  1.09666E-01  1.09666E-01  1.09666E-01  1.10763E-01  1.10763E-01  1.10763E-01  1.10763E-01  1.10763E-01  1.10763E-01  1.10763E-01  1.10763E-01  1.09666E-01  1.09666E-01  1.09666E-01
   14383   4  1.20616E+00  1.20616E+00  1.20616E+00  1.20616E+00  1.20616E+00  1.20616E+00  1.20616E+00  1.20616E+00  1.20616E+00  1.20616E+00  1.20616E+00  1.20616E+00  1.20616E+00  1.20616E+00  1.20616E+00  1.20616E+00  1.20616E+00  1.20616E+00  1.20616E+00  1.20616E+00  1.20616E+00  1.20616E+00  1.20616E+00  1.20616E+00
   14383   2  2.64639E+00  2.64639E+00  2.64639E+00  2.64639E+00  2.64639E+00  2.64639E+00  2.64639E+00  2.64639E+00  2.64639E+00  2.64639E+00  2.64639E+00  2.64639E+00  2.64639E+00  2.64639E+00  2.64639E+00  2.64639E+00  2.64639E+00  2.64639E+00  2.64639E+00  2.64639E+00  2.64639E+00  2.64639E+00  2.64639E+00  2.64639E+00
   14383   1  6.17601E-01  6.17601E-01  6.17601E-01  6.17601E-01  6.17601E-01  6.17601E-01  6.17601E-01  6.17601E-01  6.17601E-01  6.17601E-01  6.17601E-01  6.17601E-01  6.17601E-01  6.17601E-01  6.17601E-01  6.17601E-01  6.17601E-01  6.17601E-01  6.17601E-01  6.17601E-01  6.17601E-01  6.17601E-01  6.17601E-01  6.17601E-01
   17892   3  5.70077E-03  5.70077E-03  5.70077E-03  5.70077E-03  5.70077E-03  5.70077E-03  5.70077E-03  5.70077E-03  5.70077E-03  5.70077E-03  5.70077E-03  5.70077E-03  5.70077E-03  5.70077E-03  5.70077E-03  5.70077E-03  5.70077E-03  5.70077E-03  5.70077E-03  5.70077E-03  5.70077E-03  5.70077E-03  5.70077E-03  5.70077E-03
   17180   3  0.00000E+00  0.00000E+00  0.00000E+00  0.00000E+00  0.00000E+00  0.00000E+00  0.00000E+00  0.00000E+00  0.00000E+00  0.00000E+00  0.00000E+00  0.00000E+00  0.00000E+00  0.00000E+00  0.00000E+00  0.00000E+00  0.00000E+00  0.00000E+00  0.00000E+00  0.00000E+00  0.00000E+00  0.00000E+00  0.00000E+00  0.00000E+00
   17180   2  0.00000E+00  0.00000E+00  0.00000E+00  0.00000E+00  0.00000E+00  0.00000E+00  0.00000E+00  0.00000E+00  0.00000E+00  0.00000E+00  0.00000E+00  0.00000E+00  0.00000E+00  0.00000E+00  0.00000E+00  0.00000E+00  0.00000E+00  0.00000E+00  0.00000E+00  0.00000E+00  0.00000E+00  0.00000E+00  0.00000E+00  0.00000E+00
   17182   3  0.00000E+00  0.00000E+00  0.00000E+00  0.00000E+00  0.00000E+00  0.00000E+00  0.00000E+00  0.00000E+00  0.00000E+00  0.00000E+00  0.00000E+00  0.00000E+00  0.00000E+00  0.00000E+00  0.00000E+00  0.00000E+00  0.00000E+00  0.00000E+00  0.00000E+00  0.00000E+00  0.00000E+00  0.00000E+00  0.00000E+00  0.00000E+00
   14735   3  2.17370E-03  2.17370E-03  2.17370E-03  2.17370E-03  2.17370E-03  0.00000E+00  0.00000E+00  0.00000E+00  0.00000E+00  0.00000E+00  0.00000E+00  0.00000E+00  0.00000E+00  2.17370E-03  2.17370E-03  2.17370E-03  2.17370E-03  2.17370E-03  2.17370E-03  2.17370E-03  2.17370E-03  2.17370E-03  2.17370E-03  2.17370E-03
   17884   4  1.82791E-02  1.82791E-02  1.82791E-02  1.82791E-02  1.82791E-02  1.82791E-02  1.82791E-02  1.82791E-02  1.82791E-02  1.82791E-02  1.82791E-02  1.82791E-02  1.82791E-02  1.82791E-02  1.82791E-02  1.82791E-02  1.82791E-02  1.82791E-02  1.82791E-02  1.82791E-02  1.82791E-02  1.82791E-02  1.82791E-02  1.82791E-02
   18944   3  0.00000E+00  0.00000E+00  0.00000E+00  0.00000E+00  0.00000E+00  0.00000E+00  0.00000E+00  0.00000E+00  0.00000E+00  0.00000E+00  0.00000E+00  0.00000E+00  0.00000E+00  0.00000E+00  0.00000E+00  0.00000E+00  0.00000E+00  0.00000E+00  0.00000E+00  0.00000E+00  0.00000E+00  0.00000E+00  0.00000E+00  0.00000E+00
   15082   3  0.00000E+00  0.00000E+00  0.00000E+00  0.00000E+00  0.00000E+00  0.00000E+00  0.00000E+00  0.00000E+00  0.00000E+00  0.00000E+00  0.00000E+00  0.00000E+00  0.00000E+00  0.00000E+00  0.00000E+00  0.00000E+00  0.00000E+00  0.00000E+00  0.00000E+00  0.00000E+00  0.00000E+00  0.00000E+00  0.00000E+00  0.00000E+00
   15082   2  0.00000E+00  0.00000E+00  0.00000E+00  0.00000E+00  0.00000E+00  0.00000E+00  0.00000E+00  0.00000E+00  0.00000E+00  0.00000E+00  0.00000E+00  0.00000E+00  0.00000E+00  0.00000E+00  0.00000E+00  0.00000E+00  0.00000E+00  0.00000E+00  0.00000E+00  0.00000E+00  0.00000E+00  0.00000E+00  0.00000E+00  0.00000E+00
   14385   3  1.85453E-03  1.85453E-03  1.85453E-03  1.85453E-03  1.85453E-03  0.00000E+00  0.00000E+00  0.00000E+00  0.00000E+00  0.00000E+00  0.00000E+00  0.00000E+00  0.00000E+00  1.85453E-03  1.85453E-03  1.85453E-03  1.85453E-03  1.85453E-03  1.85453E-03  1.85453E-03  1.85453E-03  1.85453E-03  1.85453E-03  1.85453E-03
   14385   4  1.01844E-02  1.01844E-02  1.01844E-02  1.01844E-02  1.01844E-02  1.01844E-02  1.01844E-02  1.01844E-02  1.01844E-02  1.01844E-02  1.01844E-02  1.01844E-02  1.01844E-02  1.01844E-02  1.01844E-02  1.01844E-02  1.01844E-02  1.01844E-02  1.01844E-02  1.01844E-02  1.01844E-02  1.01844E-02  1.01844E-02  1.01844E-02
   17531   4  5.62409E-01  5.62409E-01  5.62409E-01  5.62409E-01  5.62409E-01  5.62409E-01  5.62409E-01  5.62409E-01  5.62409E-01  5.62409E-01  5.62409E-01  5.62409E-01  5.62409E-01  5.62409E-01  5.62409E-01  5.62409E-01  5.62409E-01  5.62409E-01  5.62409E-01  5.62409E-01  5.62409E-01  5.62409E-01  5.62409E-01  5.62409E-01
   17531   3  0.00000E+00  0.00000E+00  0.00000E+00  0.00000E+00  0.00000E+00  0.00000E+00  0.00000E+00  0.00000E+00  0.00000E+00  0.00000E+00  0.00000E+00  0.00000E+00  0.00000E+00  1.69387E-01  1.69387E-01  1.69387E-01  1.69387E-01  1.69387E-01  1.69387E-01  1.69387E-01  1.69387E-01  0.00000E+00  0.00000E+00  0.00000E+00
   17531   5  0.00000E+00  0.00000E+00  0.00000E+00  0.00000E+00  0.00000E+00  0.00000E+00  0.00000E+00  0.00000E+00  0.00000E+00  0.00000E+00  0.00000E+00  0.00000E+00  0.00000E+00  0.00000E+00  0.00000E+00  0.00000E+00  0.00000E+00  0.00000E+00  0.00000E+00  0.00000E+00  0.00000E+00  0.00000E+00  0.00000E+00  0.00000E+00
   17531   2  1.62670E+00  1.62670E+00  1.62670E+00  1.62670E+00  1.62670E+00  1.62670E+00  1.62670E+00  1.62670E+00  1.62670E+00  1.62670E+00  1.62670E+00  1.62670E+00  1.62670E+00  1.62670E+00  1.62670E+00  1.62670E+00  1.62670E+00  1.62670E+00  1.62670E+00  1.62670E+00  1.62670E+00  1.62670E+00  1.62670E+00  1.62670E+00
   17531   7  0.00000E+00  0.00000E+00  0.00000E+00  0.00000E+00  0.00000E+00  0.00000E+00  0.00000E+00  0.00000E+00  0.00000E+00  0.00000E+00  0.00000E+00  0.00000E+00  0.00000E+00  0.00000E+00  0.00000E+00  0.00000E+00  0.00000E+00  0.00000E+00  0.00000E+00  0.00000E+00  0.00000E+00  0.00000E+00  0.00000E+00  0.00000E+00
   21411   4  5.54363E-04  5.54363E-04  5.54363E-04  5.54363E-04  5.54363E-04  5.54363E-04  5.54363E-04  5.54363E-04  5.54363E-04  5.54363E-04  5.54363E-04  5.54363E-04  5.54363E-04  5.54363E-04  5.54363E-04  5.54363E-04  5.54363E-04  5.54363E-04  5.54363E-04  5.54363E-04  5.54363E-04  5.54363E-04  5.54363E-04  5.54363E-04
   20709   4  0.00000E+00  0.00000E+00  0.00000E+00  0.00000E+00  0.00000E+00  0.00000E+00  0.00000E+00  0.00000E+00  0.00000E+00  0.00000E+00  0.00000E+00  0.00000E+00  0.00000E+00  0.00000E+00  0.00000E+00  0.00000E+00  0.00000E+00  0.00000E+00  0.00000E+00  0.00000E+00  0.00000E+00  0.00000E+00  0.00000E+00  0.00000E+00
   20709   7  0.00000E+00  0.00000E+00  0.00000E+00  0.00000E+00  0.00000E+00  0.00000E+00  0.00000E+00  0.00000E+00  0.00000E+00  0.00000E+00  0.00000E+00  0.00000E+00  0.00000E+00  0.00000E+00  0.00000E+00  0.00000E+00  0.00000E+00  0.00000E+00  0.00000E+00  0.00000E+00  0.00000E+00  0.00000E+00  0.00000E+00  0.00000E+00
   13676   3  0.00000E+00  0.00000E+00  0.00000E+00  0.00000E+00  0.00000E+00  0.00000E+00  0.00000E+00  0.00000E+00  0.00000E+00  0.00000E+00  0.00000E+00  0.00000E+00  0.00000E+00  2.67742E-02  2.67742E-02  2.67742E-02  2.67742E-02  2.67742E-02  2.67742E-02  2.67742E-02  2.67742E-02  0.00000E+00  0.00000E+00  0.00000E+00
   21062   3  0.00000E+00  0.00000E+00  0.00000E+00  0.00000E+00  0.00000E+00  0.00000E+00  0.00000E+00  0.00000E+00  0.00000E+00  0.00000E+00  0.00000E+00  0.00000E+00  0.00000E+00  0.00000E+00  0.00000E+00  0.00000E+00  0.00000E+00  0.00000E+00  0.00000E+00  0.00000E+00  0.00000E+00  0.00000E+00  0.00000E+00  0.00000E+00
   17196   3  0.00000E+00  0.00000E+00  0.00000E+00  0.00000E+00  0.00000E+00  0.00000E+00  0.00000E+00  0.00000E+00  0.00000E+00  0.00000E+00  0.00000E+00  0.00000E+00  0.00000E+00  0.00000E+00  0.00000E+00  0.00000E+00  0.00000E+00  0.00000E+00  0.00000E+00  0.00000E+00  0.00000E+00  0.00000E+00  0.00000E+00  0.00000E+00
   17196   2  0.00000E+00  0.00000E+00  0.00000E+00  0.00000E+00  0.00000E+00  0.00000E+00  0.00000E+00  0.00000E+00  0.00000E+00  0.00000E+00  0.00000E+00  0.00000E+00  0.00000E+00  0.00000E+00  0.00000E+00  0.00000E+00  0.00000E+00  0.00000E+00  0.00000E+00  0.00000E+00  0.00000E+00  0.00000E+00  0.00000E+00  0.00000E+00
   23179   4  5.29376E-03  5.29376E-03  5.29376E-03  5.29376E-03  5.29376E-03  5.29376E-03  5.29376E-03  5.29376E-03  5.29376E-03  5.29376E-03  5.29376E-03  5.29376E-03  5.29376E-03  5.29376E-03  5.29376E-03  5.29376E-03  5.29376E-03  5.29376E-03  5.29376E-03  5.29376E-03  5.29376E-03  5.29376E-03  5.29376E-03  5.29376E-03
   23179   3  0.00000E+00  0.00000E+00  0.00000E+00  0.00000E+00  0.00000E+00  0.00000E+00  0.00000E+00  0.00000E+00  0.00000E+00  0.00000E+00  0.00000E+00  0.00000E+00  0.00000E+00  0.00000E+00  0.00000E+00  0.00000E+00  0.00000E+00  0.00000E+00  0.00000E+00  0.00000E+00  0.00000E+00  0.00000E+00  0.00000E+00  0.00000E+00
   18247   4  8.52397E+01  8.39783E+01  7.92928E+01  7.15437E+01  6.34342E+01  5.36219E+01  4.96499E+01  4.76639E+01  4.70019E+01  4.83259E+01  5.22979E+01  5.85869E+01  6.66964E+01  7.16614E+01  7.56334E+01  7.91089E+01  8.04329E+01  8.17569E+01  8.22534E+01  8.29154E+01  8.27499E+01  8.22534E+01  8.09294E+01  7.89434E+01
   12621   2  2.17622E+02  2.17622E+02  2.17622E+02  2.17622E+02  2.17622E+02  2.17622E+02  2.17622E+02  2.17622E+02  2.17622E+02  2.17622E+02  2.17622E+02  2.17622E+02  2.17622E+02  2.17622E+02  2.17622E+02  2.17622E+02  2.17622E+02  2.17622E+02  2.17622E+02  2.17622E+02  2.17622E+02  2.17622E+02  2.17622E+02  2.17622E+02
   12621   3  2.17293E+02  2.17293E+02  2.17293E+02  2.17293E+02  2.17293E+02  2.17293E+02  2.17293E+02  2.17293E+02  2.17293E+02  2.17293E+02  2.17293E+02  2.17293E+02  2.17293E+02  2.17293E+02  2.17293E+02  2.17293E+02  2.17293E+02  2.17293E+02  2.17293E+02  2.17293E+02  2.17293E+02  2.17293E+02  2.17293E+02  2.17293E+02
   12621   7  0.00000E+00  0.00000E+00  0.00000E+00  0.00000E+00  0.00000E+00  0.00000E+00  0.00000E+00  0.00000E+00  0.00000E+00  0.00000E+00  0.00000E+00  0.00000E+00  0.00000E+00  0.00000E+00  0.00000E+00  0.00000E+00  0.00000E+00  0.00000E+00  0.00000E+00  0.00000E+00  0.00000E+00  0.00000E+00  0.00000E+00  0.00000E+00
   21063   3  3.48925E-02  3.48925E-02  3.48925E-02  3.48925E-02  3.48925E-02  3.48925E-02  3.48925E-02  3.48925E-02  3.48925E-02  3.48925E-02  3.48925E-02  3.48925E-02  3.48925E-02  3.48925E-02  3.48925E-02  3.48925E-02  3.48925E-02  3.48925E-02  3.48925E-02  3.48925E-02  3.48925E-02  3.48925E-02  3.48925E-02  3.48925E-02
   17529   4  1.97668E-03  1.97668E-03  1.97668E-03  1.97668E-03  1.97668E-03  1.97668E-03  1.97668E-03  1.97668E-03  1.97668E-03  1.97668E-03  1.97668E-03  1.97668E-03  1.97668E-03  1.97668E-03  1.97668E-03  1.97668E-03  1.97668E-03  1.97668E-03  1.97668E-03  1.97668E-03  1.97668E-03  1.97668E-03  1.97668E-03  1.97668E-03
   17530   3  0.00000E+00  0.00000E+00  0.00000E+00  0.00000E+00  0.00000E+00  0.00000E+00  0.00000E+00  0.00000E+00  0.00000E+00  0.00000E+00  0.00000E+00  0.00000E+00  0.00000E+00  0.00000E+00  0.00000E+00  0.00000E+00  0.00000E+00  0.00000E+00  0.00000E+00  0.00000E+00  0.00000E+00  0.00000E+00  0.00000E+00  0.00000E+00
   17530   4  1.07676E-01  1.07676E-01  1.07676E-01  1.07676E-01  1.07676E-01  1.07676E-01  1.07676E-01  1.07676E-01  1.07676E-01  1.07676E-01  1.07676E-01  1.07676E-01  1.07676E-01  1.07676E-01  1.07676E-01  1.07676E-01  1.07676E-01  1.07676E-01  1.07676E-01  1.07676E-01  1.07676E-01  1.07676E-01  1.07676E-01  1.07676E-01
   17530   6  8.47244E-02  8.47244E-02  8.47244E-02  8.47244E-02  8.47244E-02  8.47244E-02  8.47244E-02  8.47244E-02  8.47244E-02  8.47244E-02  8.47244E-02  8.47244E-02  8.47244E-02  8.47244E-02  8.47244E-02  8.47244E-02  8.47244E-02  8.47244E-02  8.47244E-02  8.47244E-02  8.47244E-02  8.47244E-02  8.47244E-02  8.47244E-02
   32341   4  0.00000E+00  0.00000E+00  0.00000E+00  0.00000E+00  0.00000E+00  0.00000E+00  0.00000E+00  0.00000E+00  0.00000E+00  0.00000E+00  0.00000E+00  0.00000E+00  0.00000E+00  0.00000E+00  0.00000E+00  0.00000E+00  0.00000E+00  0.00000E+00  0.00000E+00  0.00000E+00  0.00000E+00  0.00000E+00  0.00000E+00  0.00000E+00
   31636   3  4.53722E-03  4.53722E-03  4.53722E-03  4.53722E-03  4.53722E-03  0.00000E+00  0.00000E+00  0.00000E+00  0.00000E+00  0.00000E+00  0.00000E+00  0.00000E+00  0.00000E+00  4.53722E-03  4.53722E-03  4.53722E-03  4.53722E-03  4.53722E-03  4.53722E-03  4.53722E-03  4.53722E-03  4.53722E-03  4.53722E-03  4.53722E-03
   31636   2  0.00000E+00  0.00000E+00  0.00000E+00  0.00000E+00  0.00000E+00  0.00000E+00  0.00000E+00  0.00000E+00  0.00000E+00  0.00000E+00  0.00000E+00  0.00000E+00  0.00000E+00  0.00000E+00  0.00000E+00  0.00000E+00  0.00000E+00  0.00000E+00  0.00000E+00  0.00000E+00  0.00000E+00  0.00000E+00  0.00000E+00  0.00000E+00
   32694   3  0.00000E+00  0.00000E+00  0.00000E+00  0.00000E+00  0.00000E+00  0.00000E+00  0.00000E+00  0.00000E+00  0.00000E+00  0.00000E+00  0.00000E+00  0.00000E+00  0.00000E+00  0.00000E+00  0.00000E+00  0.00000E+00  0.00000E+00  0.00000E+00  0.00000E+00  0.00000E+00  0.00000E+00  0.00000E+00  0.00000E+00  0.00000E+00
   17888   3  0.00000E+00  0.00000E+00  0.00000E+00  0.00000E+00  0.00000E+00  0.00000E+00  0.00000E+00  0.00000E+00  0.00000E+00  0.00000E+00  0.00000E+00  0.00000E+00  0.00000E+00  0.00000E+00  0.00000E+00  0.00000E+00  0.00000E+00  0.00000E+00  0.00000E+00  0.00000E+00  0.00000E+00  0.00000E+00  0.00000E+00  0.00000E+00
   19303   4  5.80625E-06  5.80625E-06  5.80625E-06  5.80625E-06  5.80625E-06  5.80625E-06  5.80625E-06  5.80625E-06  5.80625E-06  5.80625E-06  5.80625E-06  5.80625E-06  5.80625E-06  5.80625E-06  5.80625E-06  5.80625E-06  5.80625E-06  5.80625E-06  5.80625E-06  5.80625E-06  5.80625E-06  5.80625E-06  5.80625E-06  5.80625E-06
   20352   4  0.00000E+00  0.00000E+00  0.00000E+00  0.00000E+00  0.00000E+00  0.00000E+00  0.00000E+00  0.00000E+00  0.00000E+00  0.00000E+00  0.00000E+00  0.00000E+00  0.00000E+00  0.00000E+00  0.00000E+00  0.00000E+00  0.00000E+00  0.00000E+00  0.00000E+00  0.00000E+00  0.00000E+00  0.00000E+00  0.00000E+00  0.00000E+00
   20352   7  0.00000E+00  0.00000E+00  0.00000E+00  0.00000E+00  0.00000E+00  0.00000E+00  0.00000E+00  0.00000E+00  0.00000E+00  0.00000E+00  0.00000E+00  0.00000E+00  0.00000E+00  0.00000E+00  0.00000E+00  0.00000E+00  0.00000E+00  0.00000E+00  0.00000E+00  0.00000E+00  0.00000E+00  0.00000E+00  0.00000E+00  0.00000E+00
   24938   4  9.22751E-01  9.22751E-01  9.22751E-01  9.22751E-01  9.22751E-01  9.22751E-01  9.22751E-01  9.22751E-01  9.22751E-01  9.22751E-01  9.22751E-01  9.22751E-01  9.22751E-01  9.22751E-01  9.22751E-01  9.22751E-01  9.22751E-01  9.22751E-01  9.22751E-01  9.22751E-01  9.22751E-01  9.22751E-01  9.22751E-01  9.22751E-01
   24938   3  1.50854E+01  1.50854E+01  1.50854E+01  1.50854E+01  1.50854E+01  1.50854E+01  1.50854E+01  1.50854E+01  1.50854E+01  1.50854E+01  1.50854E+01  1.50854E+01  1.50854E+01  1.50854E+01  1.50854E+01  1.50854E+01  1.50854E+01  1.50854E+01  1.50854E+01  1.50854E+01  1.50854E+01  1.50854E+01  1.50854E+01  1.50854E+01
   24938   2  3.19054E+00  3.19054E+00  3.19054E+00  3.19054E+00  3.19054E+00  3.19054E+00  3.19054E+00  3.19054E+00  3.19054E+00  3.19054E+00  3.19054E+00  3.19054E+00  3.19054E+00  3.19054E+00  3.19054E+00  3.19054E+00  3.19054E+00  3.19054E+00  3.19054E+00  3.19054E+00  3.19054E+00  3.19054E+00  3.19054E+00  3.19054E+00
   24938   7  0.00000E+00  0.00000E+00  0.00000E+00  0.00000E+00  0.00000E+00  0.00000E+00  0.00000E+00  0.00000E+00  0.00000E+00  0.00000E+00  0.00000E+00  0.00000E+00  0.00000E+00  0.00000E+00  0.00000E+00  0.00000E+00  0.00000E+00  0.00000E+00  0.00000E+00  0.00000E+00  0.00000E+00  0.00000E+00  0.00000E+00  0.00000E+00
   31639   3  6.50088E-02  6.50088E-02  6.50088E-02  6.50088E-02  6.50088E-02  0.00000E+00  0.00000E+00  0.00000E+00  0.00000E+00  0.00000E+00  0.00000E+00  0.00000E+00  0.00000E+00  6.50088E-02  6.50088E-02  6.50088E-02  6.50088E-02  6.50088E-02  6.50088E-02  6.50088E-02  6.50088E-02  6.50088E-02  6.50088E-02  6.50088E-02
   13317   4  2.08303E-03  2.08303E-03  2.08303E-03  2.08303E-03  2.08303E-03  2.08303E-03  2.08303E-03  2.08303E-03  2.08303E-03  2.08303E-03  2.08303E-03  2.08303E-03  2.08303E-03  2.08303E-03  2.08303E-03  2.08303E-03  2.08303E-03  2.08303E-03  2.08303E-03  2.08303E-03  2.08303E-03  2.08303E-03  2.08303E-03  2.08303E-03
   12967   4  2.96925E-04  2.96925E-04  2.96925E-04  2.96925E-04  2.96925E-04  2.96925E-04  2.96925E-04  2.96925E-04  2.96925E-04  2.96925E-04  2.96925E-04  2.96925E-04  2.96925E-04  2.96925E-04  2.96925E-04  2.96925E-04  2.96925E-04  2.96925E-04  2.96925E-04  2.96925E-04  2.96925E-04  2.96925E-04  2.96925E-04  2.96925E-04
   12967   3  0.00000E+00  0.00000E+00  0.00000E+00  0.00000E+00  0.00000E+00  0.00000E+00  0.00000E+00  0.00000E+00  0.00000E+00  0.00000E+00  0.00000E+00  0.00000E+00  0.00000E+00  1.17073E-03  1.17073E-03  1.17073E-03  1.17073E-03  1.17073E-03  1.17073E-03  1.17073E-03  1.17073E-03  0.00000E+00  0.00000E+00  0.00000E+00
   26700   3  0.00000E+00  0.00000E+00  0.00000E+00  0.00000E+00  0.00000E+00  0.00000E+00  0.00000E+00  0.00000E+00  0.00000E+00  0.00000E+00  0.00000E+00  0.00000E+00  0.00000E+00  0.00000E+00  0.00000E+00  0.00000E+00  0.00000E+00  0.00000E+00  0.00000E+00  0.00000E+00  0.00000E+00  0.00000E+00  0.00000E+00  0.00000E+00
   16475   3  0.00000E+00  0.00000E+00  0.00000E+00  0.00000E+00  0.00000E+00  0.00000E+00  0.00000E+00  0.00000E+00  0.00000E+00  0.00000E+00  0.00000E+00  0.00000E+00  0.00000E+00  0.00000E+00  0.00000E+00  0.00000E+00  0.00000E+00  0.00000E+00  0.00000E+00  0.00000E+00  0.00000E+00  0.00000E+00  0.00000E+00  0.00000E+00
   16475   2  0.00000E+00  0.00000E+00  0.00000E+00  0.00000E+00  0.00000E+00  0.00000E+00  0.00000E+00  0.00000E+00  0.00000E+00  0.00000E+00  0.00000E+00  0.00000E+00  0.00000E+00  0.00000E+00  0.00000E+00  0.00000E+00  0.00000E+00  0.00000E+00  0.00000E+00  0.00000E+00  0.00000E+00  0.00000E+00  0.00000E+00  0.00000E+00
   16481   3  0.00000E+00  0.00000E+00  0.00000E+00  0.00000E+00  0.00000E+00  0.00000E+00  0.00000E+00  0.00000E+00  0.00000E+00  0.00000E+00  0.00000E+00  0.00000E+00  0.00000E+00  0.00000E+00  0.00000E+00  0.00000E+00  0.00000E+00  0.00000E+00  0.00000E+00  0.00000E+00  0.00000E+00  0.00000E+00  0.00000E+00  0.00000E+00
   16481   7  0.00000E+00  0.00000E+00  0.00000E+00  0.00000E+00  0.00000E+00  0.00000E+00  0.00000E+00  0.00000E+00  0.00000E+00  0.00000E+00  0.00000E+00  0.00000E+00  0.00000E+00  0.00000E+00  0.00000E+00  0.00000E+00  0.00000E+00  0.00000E+00  0.00000E+00  0.00000E+00  0.00000E+00  0.00000E+00  0.00000E+00  0.00000E+00
   25290   6  0.00000E+00  0.00000E+00  0.00000E+00  0.00000E+00  0.00000E+00  0.00000E+00  0.00000E+00  0.00000E+00  0.00000E+00  0.00000E+00  0.00000E+00  0.00000E+00  0.00000E+00  0.00000E+00  0.00000E+00  0.00000E+00  0.00000E+00  0.00000E+00  0.00000E+00  0.00000E+00  0.00000E+00  0.00000E+00  0.00000E+00  0.00000E+00
   25290   3  5.17588E+00  5.09929E+00  4.81478E+00  4.34424E+00  3.85182E+00  3.25600E+00  3.01482E+00  2.89423E+00  2.85403E+00  2.93442E+00  3.17561E+00  3.55749E+00  4.04991E+00  4.35139E+00  4.59257E+00  4.80361E+00  4.88401E+00  4.96440E+00  4.99455E+00  5.03475E+00  5.02470E+00  4.99455E+00  4.91415E+00  4.79356E+00
   26704   4  1.01803E-04  1.01803E-04  1.01803E-04  1.01803E-04  1.01803E-04  1.01803E-04  1.01803E-04  1.01803E-04  1.01803E-04  1.01803E-04  1.01803E-04  1.01803E-04  1.01803E-04  1.01803E-04  1.01803E-04  1.01803E-04  1.01803E-04  1.01803E-04  1.01803E-04  1.01803E-04  1.01803E-04  1.01803E-04  1.01803E-04  1.01803E-04
   26704   2  4.54041E+01  4.47322E+01  4.22364E+01  3.81087E+01  3.37891E+01  2.85624E+01  2.64467E+01  2.53888E+01  2.50362E+01  2.57415E+01  2.78572E+01  3.12071E+01  3.55267E+01  3.81714E+01  4.02871E+01  4.21384E+01  4.28437E+01  4.35489E+01  4.38134E+01  4.41660E+01  4.40778E+01  4.38134E+01  4.31081E+01  4.20503E+01
   20009   2  0.00000E+00  0.00000E+00  0.00000E+00  0.00000E+00  0.00000E+00  0.00000E+00  0.00000E+00  0.00000E+00  0.00000E+00  0.00000E+00  0.00000E+00  0.00000E+00  0.00000E+00  0.00000E+00  0.00000E+00  0.00000E+00  0.00000E+00  0.00000E+00  0.00000E+00  0.00000E+00  0.00000E+00  0.00000E+00  0.00000E+00  0.00000E+00
   20362   3  0.00000E+00  0.00000E+00  0.00000E+00  0.00000E+00  0.00000E+00  0.00000E+00  0.00000E+00  0.00000E+00  0.00000E+00  0.00000E+00  0.00000E+00  0.00000E+00  0.00000E+00  0.00000E+00  0.00000E+00  0.00000E+00  0.00000E+00  0.00000E+00  0.00000E+00  0.00000E+00  0.00000E+00  0.00000E+00  0.00000E+00  0.00000E+00
   20362   2  0.00000E+00  0.00000E+00  0.00000E+00  0.00000E+00  0.00000E+00  0.00000E+00  0.00000E+00  0.00000E+00  0.00000E+00  0.00000E+00  0.00000E+00  0.00000E+00  0.00000E+00  0.00000E+00  0.00000E+00  0.00000E+00  0.00000E+00  0.00000E+00  0.00000E+00  0.00000E+00  0.00000E+00  0.00000E+00  0.00000E+00  0.00000E+00
   19305   3  6.98878E-03  6.98878E-03  6.98878E-03  6.98878E-03  6.98878E-03  6.98878E-03  6.98878E-03  6.98878E-03  6.98878E-03  6.98878E-03  6.98878E-03  6.98878E-03  6.98878E-03  6.98878E-03  6.98878E-03  6.98878E-03  6.98878E-03  6.98878E-03  6.98878E-03  6.98878E-03  6.98878E-03  6.98878E-03  6.98878E-03  6.98878E-03
   19305   4  9.61649E-02  9.61649E-02  9.61649E-02  9.61649E-02  9.61649E-02  9.61649E-02  9.61649E-02  9.61649E-02  9.61649E-02  9.61649E-02  9.61649E-02  9.61649E-02  9.61649E-02  9.61649E-02  9.61649E-02  9.61649E-02  9.61649E-02  9.61649E-02  9.61649E-02  9.61649E-02  9.61649E-02  9.61649E-02  9.61649E-02  9.61649E-02
   19305   5  2.49582E-03  2.49582E-03  2.49582E-03  2.49582E-03  2.49582E-03  2.49582E-03  2.49582E-03  2.49582E-03  2.49582E-03  2.49582E-03  2.49582E-03  2.49582E-03  2.49582E-03  2.49582E-03  2.49582E-03  2.49582E-03  2.49582E-03  2.49582E-03  2.49582E-03  2.49582E-03  2.49582E-03  2.49582E-03  2.49582E-03  2.49582E-03
   19306   3  0.00000E+00  0.00000E+00  0.00000E+00  0.00000E+00  0.00000E+00  0.00000E+00  0.00000E+00  0.00000E+00  0.00000E+00  0.00000E+00  0.00000E+00  0.00000E+00  0.00000E+00  0.00000E+00  0.00000E+00  0.00000E+00  0.00000E+00  0.00000E+00  0.00000E+00  0.00000E+00  0.00000E+00  0.00000E+00  0.00000E+00  0.00000E+00
   19306   7  0.00000E+00  0.00000E+00  0.00000E+00  0.00000E+00  0.00000E+00  0.00000E+00  0.00000E+00  0.00000E+00  0.00000E+00  0.00000E+00  0.00000E+00  0.00000E+00  0.00000E+00  0.00000E+00  0.00000E+00  0.00000E+00  0.00000E+00  0.00000E+00  0.00000E+00  0.00000E+00  0.00000E+00  0.00000E+00  0.00000E+00  0.00000E+00
   29869   3  0.00000E+00  0.00000E+00  0.00000E+00  0.00000E+00  0.00000E+00  0.00000E+00  0.00000E+00  0.00000E+00  0.00000E+00  0.00000E+00  0.00000E+00  0.00000E+00  0.00000E+00  0.00000E+00  0.00000E+00  0.00000E+00  0.00000E+00  0.00000E+00  0.00000E+00  0.00000E+00  0.00000E+00  0.00000E+00  0.00000E+00  0.00000E+00
   15423   5  9.16617E-03  9.16617E-03  9.16617E-03  9.16617E-03  9.16617E-03  9.16617E-03  9.16617E-03  9.16617E-03  9.16617E-03  9.16617E-03  9.16617E-03  9.16617E-03  9.16617E-03  9.16617E-03  9.16617E-03  9.16617E-03  9.16617E-03  9.16617E-03  9.16617E-03  9.16617E-03  9.16617E-03  9.16617E-03  9.16617E-03  9.16617E-03
   15071   2  0.00000E+00  0.00000E+00  0.00000E+00  0.00000E+00  0.00000E+00  0.00000E+00  0.00000E+00  0.00000E+00  0.00000E+00  0.00000E+00  0.00000E+00  0.00000E+00  0.00000E+00  0.00000E+00  0.00000E+00  0.00000E+00  0.00000E+00  0.00000E+00  0.00000E+00  0.00000E+00  0.00000E+00  0.00000E+00  0.00000E+00  0.00000E+00
   15423   3  2.67273E+00  2.67273E+00  2.67273E+00  2.67273E+00  2.67273E+00  2.67273E+00  2.67273E+00  2.67273E+00  2.67273E+00  2.67273E+00  2.67273E+00  2.67273E+00  2.67273E+00  2.67273E+00  2.67273E+00  2.67273E+00  2.67273E+00  2.67273E+00  2.67273E+00  2.67273E+00  2.67273E+00  2.67273E+00  2.67273E+00  2.67273E+00
   15423   2  0.00000E+00  0.00000E+00  0.00000E+00  0.00000E+00  0.00000E+00  0.00000E+00  0.00000E+00  0.00000E+00  0.00000E+00  0.00000E+00  0.00000E+00  0.00000E+00  0.00000E+00  0.00000E+00  0.00000E+00  0.00000E+00  0.00000E+00  0.00000E+00  0.00000E+00  0.00000E+00  0.00000E+00  0.00000E+00  0.00000E+00  0.00000E+00
   29174   3  0.00000E+00  0.00000E+00  0.00000E+00  0.00000E+00  0.00000E+00  0.00000E+00  0.00000E+00  0.00000E+00  0.00000E+00  0.00000E+00  0.00000E+00  0.00000E+00  0.00000E+00  0.00000E+00  0.00000E+00  0.00000E+00  0.00000E+00  0.00000E+00  0.00000E+00  0.00000E+00  0.00000E+00  0.00000E+00  0.00000E+00  0.00000E+00
   29174   2  0.00000E+00  0.00000E+00  0.00000E+00  0.00000E+00  0.00000E+00  0.00000E+00  0.00000E+00  0.00000E+00  0.00000E+00  0.00000E+00  0.00000E+00  0.00000E+00  0.00000E+00  0.00000E+00  0.00000E+00  0.00000E+00  0.00000E+00  0.00000E+00  0.00000E+00  0.00000E+00  0.00000E+00  0.00000E+00  0.00000E+00  0.00000E+00
   28558   3  3.77527E+00  3.72312E+00  3.52943E+00  3.20909E+00  2.87385E+00  2.46337E+00  2.29918E+00  2.21708E+00  2.18971E+00  2.24444E+00  2.40864E+00  2.66862E+00  3.00386E+00  3.21395E+00  3.37815E+00  3.52183E+00  3.57656E+00  3.63129E+00  3.65182E+00  3.67918E+00  3.67234E+00  3.65182E+00  3.59708E+00  3.51498E+00
   28558   4  4.75758E-02  4.75758E-02  4.75758E-02  4.75758E-02  4.75758E-02  4.75758E-02  4.75758E-02  4.75758E-02  4.75758E-02  4.75758E-02  4.75758E-02  4.75758E-02  4.75758E-02  4.75758E-02  4.75758E-02  4.75758E-02  4.75758E-02  4.75758E-02  4.75758E-02  4.75758E-02  4.75758E-02  4.75758E-02  4.75758E-02  4.75758E-02
   28558   2  5.43954E-01  5.43954E-01  5.43954E-01  5.43954E-01  5.43954E-01  5.43954E-01  5.43954E-01  5.43954E-01  5.43954E-01  5.43954E-01  5.43954E-01  5.43954E-01  5.43954E-01  5.43954E-01  5.43954E-01  5.43954E-01  5.43954E-01  5.43954E-01  5.43954E-01  5.43954E-01  5.43954E-01  5.43954E-01  5.43954E-01  5.43954E-01
   28911   3  0.00000E+00  0.00000E+00  0.00000E+00  0.00000E+00  0.00000E+00  0.00000E+00  0.00000E+00  0.00000E+00  0.00000E+00  0.00000E+00  0.00000E+00  0.00000E+00  0.00000E+00  0.00000E+00  0.00000E+00  0.00000E+00  0.00000E+00  0.00000E+00  0.00000E+00  0.00000E+00  0.00000E+00  0.00000E+00  0.00000E+00  0.00000E+00
   29621   4  2.73890E-03  2.73890E-03  2.73890E-03  2.73890E-03  2.73890E-03  2.73890E-03  2.73890E-03  2.73890E-03  2.73890E-03  2.73890E-03  2.73890E-03  2.73890E-03  2.73890E-03  2.73890E-03  2.73890E-03  2.73890E-03  2.73890E-03  2.73890E-03  2.73890E-03  2.73890E-03  2.73890E-03  2.73890E-03  2.73890E-03  2.73890E-03
   29616   7  0.00000E+00  0.00000E+00  0.00000E+00  0.00000E+00  0.00000E+00  0.00000E+00  0.00000E+00  0.00000E+00  0.00000E+00  0.00000E+00  0.00000E+00  0.00000E+00  0.00000E+00  0.00000E+00  0.00000E+00  0.00000E+00  0.00000E+00  0.00000E+00  0.00000E+00  0.00000E+00  0.00000E+00  0.00000E+00  0.00000E+00  0.00000E+00
   28204   3  2.09536E-03  2.09536E-03  2.09536E-03  2.09536E-03  2.09536E-03  0.00000E+00  0.00000E+00  0.00000E+00  0.00000E+00  0.00000E+00  0.00000E+00  0.00000E+00  0.00000E+00  2.09536E-03  2.09536E-03  2.09536E-03  2.09536E-03  2.09536E-03  2.09536E-03  2.09536E-03  2.09536E-03  2.09536E-03  2.09536E-03  2.09536E-03
   28204   4  0.00000E+00  0.00000E+00  0.00000E+00  0.00000E+00  0.00000E+00  0.00000E+00  0.00000E+00  0.00000E+00  0.00000E+00  0.00000E+00  0.00000E+00  0.00000E+00  0.00000E+00  0.00000E+00  0.00000E+00  0.00000E+00  0.00000E+00  0.00000E+00  0.00000E+00  0.00000E+00  0.00000E+00  0.00000E+00  0.00000E+00  0.00000E+00
   28204   7  0.00000E+00  0.00000E+00  0.00000E+00  0.00000E+00  0.00000E+00  0.00000E+00  0.00000E+00  0.00000E+00  0.00000E+00  0.00000E+00  0.00000E+00  0.00000E+00  0.00000E+00  0.00000E+00  0.00000E+00  0.00000E+00  0.00000E+00  0.00000E+00  0.00000E+00  0.00000E+00  0.00000E+00  0.00000E+00  0.00000E+00  0.00000E+00
   28221   3  3.56768E+00  3.51488E+00  3.31877E+00  2.99444E+00  2.65502E+00  2.24433E+00  2.07808E+00  1.99496E+00  1.96725E+00  2.02267E+00  2.18891E+00  2.45214E+00  2.79156E+00  2.99937E+00  3.16561E+00  3.31108E+00  3.36649E+00  3.42191E+00  3.44269E+00  3.47040E+00  3.46347E+00  3.44269E+00  3.38727E+00  3.30415E+00
   28221   2  8.32459E+00  8.20140E+00  7.74381E+00  6.98703E+00  6.19505E+00  5.23677E+00  4.84886E+00  4.65491E+00  4.59025E+00  4.71956E+00  5.10747E+00  5.72165E+00  6.51364E+00  6.99852E+00  7.38643E+00  7.72585E+00  7.85515E+00  7.98446E+00  8.03294E+00  8.09760E+00  8.08143E+00  8.03294E+00  7.90364E+00  7.70969E+00
   36171   3  4.71380E-04  4.71380E-04  4.71380E-04  4.71380E-04  4.71380E-04  4.71380E-04  4.71380E-04  4.71380E-04  4.71380E-04  4.71380E-04  4.71380E-04  4.71380E-04  4.71380E-04  4.71380E-04  4.71380E-04  4.71380E-04  4.71380E-04  4.71380E-04  4.71380E-04  4.71380E-04  4.71380E-04  4.71380E-04  4.71380E-04  4.71380E-04
   34059   3  1.11425E-04  1.11425E-04  1.11425E-04  1.11425E-04  1.11425E-04  1.11425E-04  1.11425E-04  1.11425E-04  1.11425E-04  1.11425E-04  1.11425E-04  1.11425E-04  1.11425E-04  1.11425E-04  1.11425E-04  1.11425E-04  1.11425E-04  1.11425E-04  1.11425E-04  1.11425E-04  1.11425E-04  1.11425E-04  1.11425E-04  1.11425E-04
   34059   7  0.00000E+00  0.00000E+00  0.00000E+00  0.00000E+00  0.00000E+00  0.00000E+00  0.00000E+00  0.00000E+00  0.00000E+00  0.00000E+00  0.00000E+00  0.00000E+00  0.00000E+00  0.00000E+00  0.00000E+00  0.00000E+00  0.00000E+00  0.00000E+00  0.00000E+00  0.00000E+00  0.00000E+00  0.00000E+00  0.00000E+00  0.00000E+00
   35117   4  0.00000E+00  0.00000E+00  0.00000E+00  0.00000E+00  0.00000E+00  0.00000E+00  0.00000E+00  0.00000E+00  0.00000E+00  0.00000E+00  0.00000E+00  0.00000E+00  0.00000E+00  0.00000E+00  0.00000E+00  0.00000E+00  0.00000E+00  0.00000E+00  0.00000E+00  0.00000E+00  0.00000E+00  0.00000E+00  0.00000E+00  0.00000E+00
   37574   3  1.81446E-04  1.81446E-04  1.81446E-04  1.81446E-04  1.81446E-04  1.81446E-04  1.81446E-04  1.81446E-04  1.81446E-04  1.81446E-04  1.81446E-04  1.81446E-04  1.81446E-04  1.81446E-04  1.81446E-04  1.81446E-04  1.81446E-04  1.81446E-04  1.81446E-04  1.81446E-04  1.81446E-04  1.81446E-04  1.81446E-04  1.81446E-04
   37927   3  2.88010E-05  2.88010E-05  2.88010E-05  2.88010E-05  2.88010E-05  2.88010E-05  2.88010E-05  2.88010E-05  2.88010E-05  2.88010E-05  2.88010E-05  2.88010E-05  2.88010E-05  2.88010E-05  2.88010E-05  2.88010E-05  2.88010E-05  2.88010E-05  2.88010E-05  2.88010E-05  2.88010E-05  2.88010E-05  2.88010E-05  2.88010E-05
   34411   3  5.63591E-05  5.63591E-05  5.63591E-05  5.63591E-05  5.63591E-05  5.63591E-05  5.63591E-05  5.63591E-05  5.63591E-05  5.63591E-05  5.63591E-05  5.63591E-05  5.63591E-05  5.63591E-05  5.63591E-05  5.63591E-05  5.63591E-05  5.63591E-05  5.63591E-05  5.63591E-05  5.63591E-05  5.63591E-05  5.63591E-05  5.63591E-05
   34765   3  7.67259E-06  7.67259E-06  7.67259E-06  7.67259E-06  7.67259E-06  7.67259E-06  7.67259E-06  7.67259E-06  7.67259E-06  7.67259E-06  7.67259E-06  7.67259E-06  7.67259E-06  7.67259E-06  7.67259E-06  7.67259E-06  7.67259E-06  7.67259E-06  7.67259E-06  7.67259E-06  7.67259E-06  7.67259E-06  7.67259E-06  7.67259E-06
