ALD ,RADM-2, Emissions
         909 ,2005-03-16_00:00:00,SAT
   47145   3  0.00000E+00  0.00000E+00  0.00000E+00  0.00000E+00  0.00000E+00  0.00000E+00  0.00000E+00  0.00000E+00  0.00000E+00  0.00000E+00  0.00000E+00  0.00000E+00  0.00000E+00  0.00000E+00  0.00000E+00  0.00000E+00  0.00000E+00  0.00000E+00  0.00000E+00  0.00000E+00  0.00000E+00  0.00000E+00  0.00000E+00  0.00000E+00
   46441   2  0.00000E+00  0.00000E+00  0.00000E+00  0.00000E+00  0.00000E+00  0.00000E+00  0.00000E+00  0.00000E+00  0.00000E+00  0.00000E+00  0.00000E+00  0.00000E+00  0.00000E+00  0.00000E+00  0.00000E+00  0.00000E+00  0.00000E+00  0.00000E+00  0.00000E+00  0.00000E+00  0.00000E+00  0.00000E+00  0.00000E+00  0.00000E+00
   46441   3  0.00000E+00  0.00000E+00  0.00000E+00  0.00000E+00  0.00000E+00  0.00000E+00  0.00000E+00  0.00000E+00  0.00000E+00  0.00000E+00  0.00000E+00  0.00000E+00  0.00000E+00  0.00000E+00  0.00000E+00  0.00000E+00  0.00000E+00  0.00000E+00  0.00000E+00  0.00000E+00  0.00000E+00  0.00000E+00  0.00000E+00  0.00000E+00
   76270   4  6.21338E+01  6.21338E+01  6.21338E+01  6.21338E+01  6.21338E+01  6.21338E+01  6.21338E+01  6.21338E+01  6.21338E+01  6.21338E+01  6.21338E+01  6.21338E+01  6.21338E+01  6.21338E+01  6.21338E+01  6.21338E+01  6.21338E+01  6.21338E+01  6.21338E+01  6.21338E+01  6.21338E+01  6.21338E+01  6.21338E+01  6.21338E+01
   76270   3  0.00000E+00  0.00000E+00  0.00000E+00  0.00000E+00  0.00000E+00  0.00000E+00  0.00000E+00  0.00000E+00  0.00000E+00  0.00000E+00  0.00000E+00  0.00000E+00  0.00000E+00  0.00000E+00  0.00000E+00  0.00000E+00  0.00000E+00  0.00000E+00  0.00000E+00  0.00000E+00  0.00000E+00  0.00000E+00  0.00000E+00  0.00000E+00
   76270   7  0.00000E+00  0.00000E+00  0.00000E+00  0.00000E+00  0.00000E+00  0.00000E+00  0.00000E+00  0.00000E+00  0.00000E+00  0.00000E+00  0.00000E+00  0.00000E+00  0.00000E+00  0.00000E+00  0.00000E+00  0.00000E+00  0.00000E+00  0.00000E+00  0.00000E+00  0.00000E+00  0.00000E+00  0.00000E+00  0.00000E+00  0.00000E+00
   79107   3  2.22444E-04  2.22444E-04  2.22444E-04  2.22444E-04  2.22444E-04  2.22444E-04  2.22444E-04  2.22444E-04  2.22444E-04  2.22444E-04  2.22444E-04  2.22444E-04  2.22444E-04  2.22444E-04  2.22444E-04  2.22444E-04  2.22444E-04  2.22444E-04  2.22444E-04  2.22444E-04  2.22444E-04  2.22444E-04  2.22444E-04  2.22444E-04
   79108   3  0.00000E+00  0.00000E+00  0.00000E+00  0.00000E+00  0.00000E+00  0.00000E+00  0.00000E+00  0.00000E+00  0.00000E+00  0.00000E+00  0.00000E+00  0.00000E+00  0.00000E+00  0.00000E+00  0.00000E+00  0.00000E+00  0.00000E+00  0.00000E+00  0.00000E+00  0.00000E+00  0.00000E+00  0.00000E+00  0.00000E+00  0.00000E+00
   72399   3  1.24542E-03  1.24542E-03  1.24542E-03  1.24542E-03  1.24542E-03  1.24542E-03  1.24542E-03  1.24542E-03  1.24542E-03  1.24542E-03  1.24542E-03  1.24542E-03  1.24542E-03  1.24542E-03  1.24542E-03  1.24542E-03  1.24542E-03  1.24542E-03  1.24542E-03  1.24542E-03  1.24542E-03  1.24542E-03  1.24542E-03  1.24542E-03
   79107   4  9.86520E-01  9.86520E-01  9.86520E-01  9.86520E-01  9.86520E-01  9.86520E-01  9.86520E-01  9.86520E-01  9.86520E-01  9.86520E-01  9.86520E-01  9.86520E-01  9.86520E-01  9.86520E-01  9.86520E-01  9.86520E-01  9.86520E-01  9.86520E-01  9.86520E-01  9.86520E-01  9.86520E-01  9.86520E-01  9.86520E-01  9.86520E-01
   79106   4  3.34549E-01  3.34549E-01  3.34549E-01  3.34549E-01  3.34549E-01  3.34549E-01  3.34549E-01  3.34549E-01  3.34549E-01  3.34549E-01  3.34549E-01  3.34549E-01  3.34549E-01  3.34549E-01  3.34549E-01  3.34549E-01  3.34549E-01  3.34549E-01  3.34549E-01  3.34549E-01  3.34549E-01  3.34549E-01  3.34549E-01  3.34549E-01
   78754   3  0.00000E+00  0.00000E+00  0.00000E+00  0.00000E+00  0.00000E+00  0.00000E+00  0.00000E+00  0.00000E+00  0.00000E+00  0.00000E+00  0.00000E+00  0.00000E+00  0.00000E+00  0.00000E+00  0.00000E+00  0.00000E+00  0.00000E+00  0.00000E+00  0.00000E+00  0.00000E+00  0.00000E+00  0.00000E+00  0.00000E+00  0.00000E+00
   78754   4  0.00000E+00  0.00000E+00  0.00000E+00  0.00000E+00  0.00000E+00  0.00000E+00  0.00000E+00  0.00000E+00  0.00000E+00  0.00000E+00  0.00000E+00  0.00000E+00  0.00000E+00  0.00000E+00  0.00000E+00  0.00000E+00  0.00000E+00  0.00000E+00  0.00000E+00  0.00000E+00  0.00000E+00  0.00000E+00  0.00000E+00  0.00000E+00
   78755   3  0.00000E+00  0.00000E+00  0.00000E+00  0.00000E+00  0.00000E+00  0.00000E+00  0.00000E+00  0.00000E+00  0.00000E+00  0.00000E+00  0.00000E+00  0.00000E+00  0.00000E+00  0.00000E+00  0.00000E+00  0.00000E+00  0.00000E+00  0.00000E+00  0.00000E+00  0.00000E+00  0.00000E+00  0.00000E+00  0.00000E+00  0.00000E+00
   79107   7  0.00000E+00  0.00000E+00  0.00000E+00  0.00000E+00  0.00000E+00  0.00000E+00  0.00000E+00  0.00000E+00  0.00000E+00  0.00000E+00  0.00000E+00  0.00000E+00  0.00000E+00  0.00000E+00  0.00000E+00  4.74808E+00  4.74808E+00  4.74808E+00  4.74808E+00  4.74808E+00  4.74808E+00  4.74808E+00  4.74808E+00  0.00000E+00
   78738   4  0.00000E+00  0.00000E+00  0.00000E+00  0.00000E+00  0.00000E+00  0.00000E+00  0.00000E+00  0.00000E+00  0.00000E+00  0.00000E+00  0.00000E+00  0.00000E+00  0.00000E+00  0.00000E+00  0.00000E+00  0.00000E+00  0.00000E+00  0.00000E+00  0.00000E+00  0.00000E+00  0.00000E+00  0.00000E+00  0.00000E+00  0.00000E+00
   78383   3  0.00000E+00  0.00000E+00  0.00000E+00  0.00000E+00  0.00000E+00  0.00000E+00  0.00000E+00  0.00000E+00  0.00000E+00  0.00000E+00  0.00000E+00  0.00000E+00  0.00000E+00  0.00000E+00  0.00000E+00  0.00000E+00  0.00000E+00  0.00000E+00  0.00000E+00  0.00000E+00  0.00000E+00  0.00000E+00  0.00000E+00  0.00000E+00
   78383   2  0.00000E+00  0.00000E+00  0.00000E+00  0.00000E+00  0.00000E+00  0.00000E+00  0.00000E+00  0.00000E+00  0.00000E+00  0.00000E+00  0.00000E+00  0.00000E+00  0.00000E+00  0.00000E+00  0.00000E+00  0.00000E+00  0.00000E+00  0.00000E+00  0.00000E+00  0.00000E+00  0.00000E+00  0.00000E+00  0.00000E+00  0.00000E+00
   78383   6  0.00000E+00  0.00000E+00  0.00000E+00  0.00000E+00  0.00000E+00  0.00000E+00  0.00000E+00  0.00000E+00  0.00000E+00  0.00000E+00  0.00000E+00  0.00000E+00  0.00000E+00  0.00000E+00  0.00000E+00  0.00000E+00  0.00000E+00  0.00000E+00  0.00000E+00  0.00000E+00  0.00000E+00  0.00000E+00  0.00000E+00  0.00000E+00
   78032   5  0.00000E+00  0.00000E+00  0.00000E+00  0.00000E+00  0.00000E+00  0.00000E+00  0.00000E+00  0.00000E+00  0.00000E+00  0.00000E+00  0.00000E+00  0.00000E+00  0.00000E+00  0.00000E+00  0.00000E+00  0.00000E+00  0.00000E+00  0.00000E+00  0.00000E+00  0.00000E+00  0.00000E+00  0.00000E+00  0.00000E+00  0.00000E+00
   51367   3  1.25770E-03  1.25770E-03  1.25770E-03  1.25770E-03  1.25770E-03  1.25770E-03  1.25770E-03  1.25770E-03  1.25770E-03  1.25770E-03  1.25770E-03  1.25770E-03  1.25770E-03  1.25770E-03  1.25770E-03  1.25770E-03  1.25770E-03  1.25770E-03  1.25770E-03  1.25770E-03  1.25770E-03  1.25770E-03  1.25770E-03  1.25770E-03
   52419   3  0.00000E+00  0.00000E+00  0.00000E+00  0.00000E+00  0.00000E+00  0.00000E+00  0.00000E+00  0.00000E+00  0.00000E+00  0.00000E+00  0.00000E+00  0.00000E+00  0.00000E+00  0.00000E+00  0.00000E+00  0.00000E+00  0.00000E+00  0.00000E+00  0.00000E+00  0.00000E+00  0.00000E+00  0.00000E+00  0.00000E+00  0.00000E+00
   47111   3  0.00000E+00  0.00000E+00  0.00000E+00  0.00000E+00  0.00000E+00  0.00000E+00  0.00000E+00  0.00000E+00  0.00000E+00  0.00000E+00  0.00000E+00  0.00000E+00  0.00000E+00  0.00000E+00  0.00000E+00  0.00000E+00  0.00000E+00  0.00000E+00  0.00000E+00  0.00000E+00  0.00000E+00  0.00000E+00  0.00000E+00  0.00000E+00
   52073   4  1.47965E-02  1.47965E-02  1.47965E-02  1.47965E-02  1.47965E-02  1.47965E-02  1.47965E-02  1.47965E-02  1.47965E-02  1.47965E-02  1.47965E-02  1.47965E-02  1.47965E-02  1.47965E-02  1.47965E-02  1.47965E-02  1.47965E-02  1.47965E-02  1.47965E-02  1.47965E-02  1.47965E-02  1.47965E-02  1.47965E-02  1.47965E-02
   52073   3  0.00000E+00  0.00000E+00  0.00000E+00  0.00000E+00  0.00000E+00  0.00000E+00  0.00000E+00  0.00000E+00  0.00000E+00  0.00000E+00  0.00000E+00  0.00000E+00  0.00000E+00  7.81447E-01  7.81447E-01  7.81447E-01  7.81447E-01  7.81447E-01  7.81447E-01  7.81447E-01  7.81447E-01  0.00000E+00  0.00000E+00  0.00000E+00
   52073   1  0.00000E+00  0.00000E+00  0.00000E+00  0.00000E+00  0.00000E+00  0.00000E+00  0.00000E+00  0.00000E+00  0.00000E+00  0.00000E+00  0.00000E+00  0.00000E+00  0.00000E+00  0.00000E+00  0.00000E+00  0.00000E+00  0.00000E+00  0.00000E+00  0.00000E+00  0.00000E+00  0.00000E+00  0.00000E+00  0.00000E+00  0.00000E+00
   52073   2  2.39573E+01  2.39573E+01  2.39573E+01  2.39573E+01  2.39573E+01  2.39573E+01  2.39573E+01  2.39573E+01  2.39573E+01  2.39573E+01  2.39573E+01  2.39573E+01  2.39573E+01  2.39573E+01  2.39573E+01  2.39573E+01  2.39573E+01  2.39573E+01  2.39573E+01  2.39573E+01  2.39573E+01  2.39573E+01  2.39573E+01  2.39573E+01
   52076   7  0.00000E+00  0.00000E+00  0.00000E+00  0.00000E+00  0.00000E+00  0.00000E+00  0.00000E+00  0.00000E+00  0.00000E+00  0.00000E+00  0.00000E+00  0.00000E+00  0.00000E+00  0.00000E+00  0.00000E+00  0.00000E+00  0.00000E+00  0.00000E+00  0.00000E+00  0.00000E+00  0.00000E+00  0.00000E+00  0.00000E+00  0.00000E+00
   56308   3  0.00000E+00  0.00000E+00  0.00000E+00  0.00000E+00  0.00000E+00  0.00000E+00  0.00000E+00  0.00000E+00  0.00000E+00  0.00000E+00  0.00000E+00  0.00000E+00  0.00000E+00  0.00000E+00  0.00000E+00  0.00000E+00  0.00000E+00  0.00000E+00  0.00000E+00  0.00000E+00  0.00000E+00  0.00000E+00  0.00000E+00  0.00000E+00
   57719   2  1.11222E-04  1.11222E-04  1.11222E-04  1.11222E-04  1.11222E-04  1.11222E-04  1.11222E-04  1.11222E-04  1.11222E-04  1.11222E-04  1.11222E-04  1.11222E-04  1.11222E-04  1.11222E-04  1.11222E-04  1.11222E-04  1.11222E-04  1.11222E-04  1.11222E-04  1.11222E-04  1.11222E-04  1.11222E-04  1.11222E-04  1.11222E-04
   58787   3  0.00000E+00  0.00000E+00  0.00000E+00  0.00000E+00  0.00000E+00  0.00000E+00  0.00000E+00  0.00000E+00  0.00000E+00  0.00000E+00  0.00000E+00  0.00000E+00  0.00000E+00  0.00000E+00  0.00000E+00  0.00000E+00  0.00000E+00  0.00000E+00  0.00000E+00  0.00000E+00  0.00000E+00  0.00000E+00  0.00000E+00  0.00000E+00
   58787   2  0.00000E+00  0.00000E+00  0.00000E+00  0.00000E+00  0.00000E+00  0.00000E+00  0.00000E+00  0.00000E+00  0.00000E+00  0.00000E+00  0.00000E+00  0.00000E+00  0.00000E+00  0.00000E+00  0.00000E+00  0.00000E+00  0.00000E+00  0.00000E+00  0.00000E+00  0.00000E+00  0.00000E+00  0.00000E+00  0.00000E+00  0.00000E+00
   52405   4  0.00000E+00  0.00000E+00  0.00000E+00  0.00000E+00  0.00000E+00  0.00000E+00  0.00000E+00  0.00000E+00  0.00000E+00  0.00000E+00  0.00000E+00  0.00000E+00  0.00000E+00  0.00000E+00  0.00000E+00  0.00000E+00  0.00000E+00  0.00000E+00  0.00000E+00  0.00000E+00  0.00000E+00  0.00000E+00  0.00000E+00  0.00000E+00
   53828   3  0.00000E+00  0.00000E+00  0.00000E+00  0.00000E+00  0.00000E+00  0.00000E+00  0.00000E+00  0.00000E+00  0.00000E+00  0.00000E+00  0.00000E+00  0.00000E+00  0.00000E+00  0.00000E+00  0.00000E+00  0.00000E+00  0.00000E+00  0.00000E+00  0.00000E+00  0.00000E+00  0.00000E+00  0.00000E+00  0.00000E+00  0.00000E+00
   59849   3  3.81492E-02  3.81492E-02  3.81492E-02  3.81492E-02  3.81492E-02  3.81492E-02  3.81492E-02  3.81492E-02  3.81492E-02  3.81492E-02  3.81492E-02  3.81492E-02  3.81492E-02  3.81492E-02  3.81492E-02  3.81492E-02  3.81492E-02  3.81492E-02  3.81492E-02  3.81492E-02  3.81492E-02  3.81492E-02  3.81492E-02  3.81492E-02
   59849   4  1.29988E-01  1.29988E-01  1.29988E-01  1.29988E-01  1.29988E-01  1.29988E-01  1.29988E-01  1.29988E-01  1.29988E-01  1.29988E-01  1.29988E-01  1.29988E-01  1.29988E-01  1.29988E-01  1.29988E-01  1.29988E-01  1.29988E-01  1.29988E-01  1.29988E-01  1.29988E-01  1.29988E-01  1.29988E-01  1.29988E-01  1.29988E-01
   46431   3  0.00000E+00  0.00000E+00  0.00000E+00  0.00000E+00  0.00000E+00  0.00000E+00  0.00000E+00  0.00000E+00  0.00000E+00  0.00000E+00  0.00000E+00  0.00000E+00  0.00000E+00  0.00000E+00  0.00000E+00  0.00000E+00  0.00000E+00  0.00000E+00  0.00000E+00  0.00000E+00  0.00000E+00  0.00000E+00  0.00000E+00  0.00000E+00
   46078   4  4.16900E-02  4.16900E-02  4.16900E-02  4.16900E-02  4.16900E-02  4.16900E-02  4.16900E-02  4.16900E-02  4.16900E-02  4.16900E-02  4.16900E-02  4.16900E-02  4.16900E-02  4.16900E-02  4.16900E-02  4.16900E-02  4.16900E-02  4.16900E-02  4.16900E-02  4.16900E-02  4.16900E-02  4.16900E-02  4.16900E-02  4.16900E-02
   46078   3  0.00000E+00  0.00000E+00  0.00000E+00  0.00000E+00  0.00000E+00  0.00000E+00  0.00000E+00  0.00000E+00  0.00000E+00  0.00000E+00  0.00000E+00  0.00000E+00  0.00000E+00  0.00000E+00  0.00000E+00  0.00000E+00  0.00000E+00  0.00000E+00  0.00000E+00  0.00000E+00  0.00000E+00  0.00000E+00  0.00000E+00  0.00000E+00
   46078   7  0.00000E+00  0.00000E+00  0.00000E+00  0.00000E+00  0.00000E+00  0.00000E+00  0.00000E+00  0.00000E+00  0.00000E+00  0.00000E+00  0.00000E+00  0.00000E+00  0.00000E+00  1.27431E+01  1.27431E+01  1.27431E+01  1.27431E+01  1.27431E+01  1.27431E+01  1.27431E+01  1.27431E+01  0.00000E+00  0.00000E+00  0.00000E+00
   47835   2  1.03448E+00  1.03448E+00  1.03448E+00  1.03448E+00  1.03448E+00  1.03448E+00  1.03448E+00  1.03448E+00  1.03448E+00  1.03448E+00  1.03448E+00  1.03448E+00  1.03448E+00  1.03448E+00  1.03448E+00  1.03448E+00  1.03448E+00  1.03448E+00  1.03448E+00  1.03448E+00  1.03448E+00  1.03448E+00  1.03448E+00  1.03448E+00
   47835   8  0.00000E+00  0.00000E+00  0.00000E+00  0.00000E+00  0.00000E+00  0.00000E+00  0.00000E+00  0.00000E+00  0.00000E+00  0.00000E+00  0.00000E+00  0.00000E+00  0.00000E+00  0.00000E+00  0.00000E+00  0.00000E+00  0.00000E+00  0.00000E+00  0.00000E+00  0.00000E+00  0.00000E+00  0.00000E+00  0.00000E+00  0.00000E+00
   47835   3  1.42787E-02  1.42787E-02  1.42787E-02  1.42787E-02  1.42787E-02  1.42787E-02  1.42787E-02  1.42787E-02  1.42787E-02  1.42787E-02  1.42787E-02  1.42787E-02  1.42787E-02  1.42787E-02  1.42787E-02  1.42787E-02  1.42787E-02  1.42787E-02  1.42787E-02  1.42787E-02  1.42787E-02  1.42787E-02  1.42787E-02  1.42787E-02
   56665   7  0.00000E+00  0.00000E+00  0.00000E+00  0.00000E+00  0.00000E+00  0.00000E+00  0.00000E+00  0.00000E+00  0.00000E+00  0.00000E+00  0.00000E+00  0.00000E+00  0.00000E+00  0.00000E+00  0.00000E+00  0.00000E+00  0.00000E+00  0.00000E+00  0.00000E+00  0.00000E+00  0.00000E+00  0.00000E+00  0.00000E+00  0.00000E+00
   45724   4  1.25860E-01  1.25860E-01  1.25860E-01  1.25860E-01  1.25860E-01  1.25860E-01  1.25860E-01  1.25860E-01  1.25860E-01  1.25860E-01  1.25860E-01  1.25860E-01  1.25860E-01  1.25860E-01  1.25860E-01  1.25860E-01  1.25860E-01  1.25860E-01  1.25860E-01  1.25860E-01  1.25860E-01  1.25860E-01  1.25860E-01  1.25860E-01
   45724   3  0.00000E+00  0.00000E+00  0.00000E+00  0.00000E+00  0.00000E+00  0.00000E+00  0.00000E+00  0.00000E+00  0.00000E+00  0.00000E+00  0.00000E+00  0.00000E+00  0.00000E+00  0.00000E+00  0.00000E+00  0.00000E+00  0.00000E+00  0.00000E+00  0.00000E+00  0.00000E+00  0.00000E+00  0.00000E+00  0.00000E+00  0.00000E+00
   44664   7  0.00000E+00  0.00000E+00  0.00000E+00  0.00000E+00  0.00000E+00  0.00000E+00  0.00000E+00  0.00000E+00  0.00000E+00  0.00000E+00  0.00000E+00  0.00000E+00  0.00000E+00  9.20920E-02  9.20920E-02  9.20920E-02  9.20920E-02  9.20920E-02  9.20920E-02  9.20920E-02  9.20920E-02  0.00000E+00  0.00000E+00  0.00000E+00
   45724   7  0.00000E+00  0.00000E+00  0.00000E+00  0.00000E+00  0.00000E+00  0.00000E+00  0.00000E+00  0.00000E+00  0.00000E+00  0.00000E+00  0.00000E+00  0.00000E+00  0.00000E+00  0.00000E+00  0.00000E+00  0.00000E+00  0.00000E+00  0.00000E+00  0.00000E+00  0.00000E+00  0.00000E+00  0.00000E+00  0.00000E+00  0.00000E+00
   56311   3  0.00000E+00  0.00000E+00  0.00000E+00  0.00000E+00  0.00000E+00  0.00000E+00  0.00000E+00  0.00000E+00  0.00000E+00  0.00000E+00  0.00000E+00  0.00000E+00  0.00000E+00  0.00000E+00  0.00000E+00  0.00000E+00  0.00000E+00  0.00000E+00  0.00000E+00  0.00000E+00  0.00000E+00  0.00000E+00  0.00000E+00  0.00000E+00
   46050   3  4.52313E-01  4.52313E-01  4.52313E-01  4.52313E-01  4.52313E-01  4.52313E-01  4.52313E-01  4.52313E-01  4.52313E-01  4.52313E-01  4.52313E-01  4.52313E-01  4.52313E-01  4.52313E-01  4.52313E-01  4.52313E-01  4.52313E-01  4.52313E-01  4.52313E-01  4.52313E-01  4.52313E-01  4.52313E-01  4.52313E-01  4.52313E-01
   46050   4  7.51664E-02  7.51664E-02  7.51664E-02  7.51664E-02  7.51664E-02  7.51664E-02  7.51664E-02  7.51664E-02  7.51664E-02  7.51664E-02  7.51664E-02  7.51664E-02  7.51664E-02  7.51664E-02  7.51664E-02  7.51664E-02  7.51664E-02  7.51664E-02  7.51664E-02  7.51664E-02  7.51664E-02  7.51664E-02  7.51664E-02  7.51664E-02
   46050   2  0.00000E+00  0.00000E+00  0.00000E+00  0.00000E+00  0.00000E+00  0.00000E+00  0.00000E+00  0.00000E+00  0.00000E+00  0.00000E+00  0.00000E+00  0.00000E+00  0.00000E+00  0.00000E+00  0.00000E+00  0.00000E+00  0.00000E+00  0.00000E+00  0.00000E+00  0.00000E+00  0.00000E+00  0.00000E+00  0.00000E+00  0.00000E+00
   46051   4  0.00000E+00  0.00000E+00  0.00000E+00  0.00000E+00  0.00000E+00  0.00000E+00  0.00000E+00  0.00000E+00  0.00000E+00  0.00000E+00  0.00000E+00  0.00000E+00  0.00000E+00  0.00000E+00  0.00000E+00  0.00000E+00  0.00000E+00  0.00000E+00  0.00000E+00  0.00000E+00  0.00000E+00  0.00000E+00  0.00000E+00  0.00000E+00
   71070   3  0.00000E+00  0.00000E+00  0.00000E+00  0.00000E+00  0.00000E+00  0.00000E+00  0.00000E+00  0.00000E+00  0.00000E+00  0.00000E+00  0.00000E+00  0.00000E+00  0.00000E+00  0.00000E+00  0.00000E+00  0.00000E+00  0.00000E+00  0.00000E+00  0.00000E+00  0.00000E+00  0.00000E+00  0.00000E+00  0.00000E+00  0.00000E+00
   55562   4  0.00000E+00  0.00000E+00  0.00000E+00  0.00000E+00  0.00000E+00  0.00000E+00  0.00000E+00  0.00000E+00  0.00000E+00  0.00000E+00  0.00000E+00  0.00000E+00  0.00000E+00  0.00000E+00  0.00000E+00  0.00000E+00  0.00000E+00  0.00000E+00  0.00000E+00  0.00000E+00  0.00000E+00  0.00000E+00  0.00000E+00  0.00000E+00
   59075   4  0.00000E+00  0.00000E+00  0.00000E+00  0.00000E+00  0.00000E+00  0.00000E+00  0.00000E+00  0.00000E+00  0.00000E+00  0.00000E+00  0.00000E+00  0.00000E+00  0.00000E+00  0.00000E+00  0.00000E+00  0.00000E+00  0.00000E+00  0.00000E+00  0.00000E+00  0.00000E+00  0.00000E+00  0.00000E+00  0.00000E+00  0.00000E+00
   57669   3  0.00000E+00  0.00000E+00  0.00000E+00  0.00000E+00  0.00000E+00  0.00000E+00  0.00000E+00  0.00000E+00  0.00000E+00  0.00000E+00  0.00000E+00  0.00000E+00  0.00000E+00  0.00000E+00  0.00000E+00  0.00000E+00  0.00000E+00  0.00000E+00  0.00000E+00  0.00000E+00  0.00000E+00  0.00000E+00  0.00000E+00  0.00000E+00
   59789   3  8.89778E-04  8.89778E-04  8.89778E-04  8.89778E-04  8.89778E-04  8.89778E-04  8.89778E-04  8.89778E-04  8.89778E-04  8.89778E-04  8.89778E-04  8.89778E-04  8.89778E-04  8.89778E-04  8.89778E-04  8.89778E-04  8.89778E-04  8.89778E-04  8.89778E-04  8.89778E-04  8.89778E-04  8.89778E-04  8.89778E-04  8.89778E-04
   59789   4  1.21553E-01  1.21553E-01  1.21553E-01  1.21553E-01  1.21553E-01  1.21553E-01  1.21553E-01  1.21553E-01  1.21553E-01  1.21553E-01  1.21553E-01  1.21553E-01  1.21553E-01  1.21553E-01  1.21553E-01  1.21553E-01  1.21553E-01  1.21553E-01  1.21553E-01  1.21553E-01  1.21553E-01  1.21553E-01  1.21553E-01  1.21553E-01
   59437   5  0.00000E+00  0.00000E+00  0.00000E+00  0.00000E+00  0.00000E+00  0.00000E+00  0.00000E+00  0.00000E+00  0.00000E+00  0.00000E+00  0.00000E+00  0.00000E+00  0.00000E+00  0.00000E+00  0.00000E+00  0.00000E+00  0.00000E+00  0.00000E+00  0.00000E+00  0.00000E+00  0.00000E+00  0.00000E+00  0.00000E+00  0.00000E+00
   57677   2  0.00000E+00  0.00000E+00  0.00000E+00  0.00000E+00  0.00000E+00  0.00000E+00  0.00000E+00  0.00000E+00  0.00000E+00  0.00000E+00  0.00000E+00  0.00000E+00  0.00000E+00  0.00000E+00  0.00000E+00  0.00000E+00  0.00000E+00  0.00000E+00  0.00000E+00  0.00000E+00  0.00000E+00  0.00000E+00  0.00000E+00  0.00000E+00
   57677   4  0.00000E+00  0.00000E+00  0.00000E+00  0.00000E+00  0.00000E+00  0.00000E+00  0.00000E+00  0.00000E+00  0.00000E+00  0.00000E+00  0.00000E+00  0.00000E+00  0.00000E+00  0.00000E+00  0.00000E+00  0.00000E+00  0.00000E+00  0.00000E+00  0.00000E+00  0.00000E+00  0.00000E+00  0.00000E+00  0.00000E+00  0.00000E+00
   57677   3  0.00000E+00  0.00000E+00  0.00000E+00  0.00000E+00  0.00000E+00  0.00000E+00  0.00000E+00  0.00000E+00  0.00000E+00  0.00000E+00  0.00000E+00  0.00000E+00  0.00000E+00  0.00000E+00  0.00000E+00  0.00000E+00  0.00000E+00  0.00000E+00  0.00000E+00  0.00000E+00  0.00000E+00  0.00000E+00  0.00000E+00  0.00000E+00
   52380   7  0.00000E+00  0.00000E+00  0.00000E+00  0.00000E+00  0.00000E+00  0.00000E+00  0.00000E+00  0.00000E+00  0.00000E+00  0.00000E+00  0.00000E+00  0.00000E+00  0.00000E+00  0.00000E+00  0.00000E+00  0.00000E+00  0.00000E+00  0.00000E+00  0.00000E+00  0.00000E+00  0.00000E+00  0.00000E+00  0.00000E+00  0.00000E+00
   52380   3  0.00000E+00  0.00000E+00  0.00000E+00  0.00000E+00  0.00000E+00  0.00000E+00  0.00000E+00  0.00000E+00  0.00000E+00  0.00000E+00  0.00000E+00  0.00000E+00  0.00000E+00  0.00000E+00  0.00000E+00  0.00000E+00  0.00000E+00  0.00000E+00  0.00000E+00  0.00000E+00  0.00000E+00  0.00000E+00  0.00000E+00  0.00000E+00
   73199   3  1.11822E-03  1.11822E-03  1.11822E-03  1.11822E-03  1.11822E-03  1.11822E-03  1.11822E-03  1.11822E-03  1.11822E-03  1.11822E-03  1.11822E-03  1.11822E-03  1.11822E-03  1.11822E-03  1.11822E-03  1.11822E-03  1.11822E-03  1.11822E-03  1.11822E-03  1.11822E-03  1.11822E-03  1.11822E-03  1.11822E-03  1.11822E-03
   71434   3  0.00000E+00  0.00000E+00  0.00000E+00  0.00000E+00  0.00000E+00  0.00000E+00  0.00000E+00  0.00000E+00  0.00000E+00  0.00000E+00  0.00000E+00  0.00000E+00  0.00000E+00  0.00000E+00  0.00000E+00  0.00000E+00  0.00000E+00  0.00000E+00  0.00000E+00  0.00000E+00  0.00000E+00  0.00000E+00  0.00000E+00  0.00000E+00
   71434   2  3.71365E-01  3.71365E-01  3.71365E-01  3.71365E-01  3.71365E-01  3.71365E-01  3.71365E-01  3.71365E-01  3.71365E-01  3.71365E-01  3.71365E-01  3.71365E-01  3.71365E-01  3.71365E-01  3.71365E-01  3.71365E-01  3.71365E-01  3.71365E-01  3.71365E-01  3.71365E-01  3.71365E-01  3.71365E-01  3.71365E-01  3.71365E-01
   73199   2  0.00000E+00  0.00000E+00  0.00000E+00  0.00000E+00  0.00000E+00  0.00000E+00  0.00000E+00  0.00000E+00  0.00000E+00  0.00000E+00  0.00000E+00  0.00000E+00  0.00000E+00  0.00000E+00  0.00000E+00  0.00000E+00  0.00000E+00  0.00000E+00  0.00000E+00  0.00000E+00  0.00000E+00  0.00000E+00  0.00000E+00  0.00000E+00
   73199   4  6.90937E+00  6.90937E+00  6.90937E+00  6.90937E+00  6.90937E+00  6.90937E+00  6.90937E+00  6.90937E+00  6.90937E+00  6.90937E+00  6.90937E+00  6.90937E+00  6.90937E+00  6.90937E+00  6.90937E+00  6.90937E+00  6.90937E+00  6.90937E+00  6.90937E+00  6.90937E+00  6.90937E+00  6.90937E+00  6.90937E+00  6.90937E+00
   72847   4  6.88039E-02  6.88039E-02  6.88039E-02  6.88039E-02  6.88039E-02  6.88039E-02  6.88039E-02  6.88039E-02  6.88039E-02  6.88039E-02  6.88039E-02  6.88039E-02  6.88039E-02  6.88039E-02  6.88039E-02  6.88039E-02  6.88039E-02  6.88039E-02  6.88039E-02  6.88039E-02  6.88039E-02  6.88039E-02  6.88039E-02  6.88039E-02
   72846   3  0.00000E+00  0.00000E+00  0.00000E+00  0.00000E+00  0.00000E+00  0.00000E+00  0.00000E+00  0.00000E+00  0.00000E+00  0.00000E+00  0.00000E+00  0.00000E+00  0.00000E+00  0.00000E+00  6.20980E-02  6.20980E-02  6.20980E-02  6.20980E-02  6.20980E-02  6.20980E-02  6.20980E-02  6.20980E-02  0.00000E+00  0.00000E+00
   72846   4  0.00000E+00  0.00000E+00  0.00000E+00  0.00000E+00  0.00000E+00  0.00000E+00  0.00000E+00  0.00000E+00  0.00000E+00  0.00000E+00  0.00000E+00  0.00000E+00  0.00000E+00  0.00000E+00  0.00000E+00  0.00000E+00  0.00000E+00  0.00000E+00  0.00000E+00  0.00000E+00  0.00000E+00  0.00000E+00  0.00000E+00  0.00000E+00
   73200   4  2.32749E+00  2.32749E+00  2.32749E+00  2.32749E+00  2.32749E+00  2.32749E+00  2.32749E+00  2.32749E+00  2.32749E+00  2.32749E+00  2.32749E+00  2.32749E+00  2.32749E+00  2.32749E+00  2.32749E+00  2.32749E+00  2.32749E+00  2.32749E+00  2.32749E+00  2.32749E+00  2.32749E+00  2.32749E+00  2.32749E+00  2.32749E+00
   72845   4  1.39457E-01  1.39457E-01  1.39457E-01  1.39457E-01  1.39457E-01  1.39457E-01  1.39457E-01  1.39457E-01  1.39457E-01  1.39457E-01  1.39457E-01  1.39457E-01  1.39457E-01  1.39457E-01  1.39457E-01  1.39457E-01  1.39457E-01  1.39457E-01  1.39457E-01  1.39457E-01  1.39457E-01  1.39457E-01  1.39457E-01  1.39457E-01
   72139   7  0.00000E+00  0.00000E+00  0.00000E+00  0.00000E+00  0.00000E+00  0.00000E+00  0.00000E+00  0.00000E+00  0.00000E+00  0.00000E+00  0.00000E+00  0.00000E+00  0.00000E+00  0.00000E+00  0.00000E+00  0.00000E+00  0.00000E+00  0.00000E+00  0.00000E+00  0.00000E+00  0.00000E+00  0.00000E+00  0.00000E+00  0.00000E+00
   57997   3  5.66101E-04  5.66101E-04  5.66101E-04  5.66101E-04  5.66101E-04  5.66101E-04  5.66101E-04  5.66101E-04  5.66101E-04  5.66101E-04  5.66101E-04  5.66101E-04  5.66101E-04  5.66101E-04  5.66101E-04  5.66101E-04  5.66101E-04  5.66101E-04  5.66101E-04  5.66101E-04  5.66101E-04  5.66101E-04  5.66101E-04  5.66101E-04
   51672   3  0.00000E+00  0.00000E+00  0.00000E+00  0.00000E+00  0.00000E+00  0.00000E+00  0.00000E+00  0.00000E+00  0.00000E+00  0.00000E+00  0.00000E+00  0.00000E+00  0.00000E+00  0.00000E+00  0.00000E+00  0.00000E+00  0.00000E+00  0.00000E+00  0.00000E+00  0.00000E+00  0.00000E+00  0.00000E+00  0.00000E+00  0.00000E+00
   56265   3  3.39661E-04  3.39661E-04  3.39661E-04  3.39661E-04  3.39661E-04  3.39661E-04  3.39661E-04  3.39661E-04  3.39661E-04  3.39661E-04  3.39661E-04  3.39661E-04  3.39661E-04  3.39661E-04  3.39661E-04  3.39661E-04  3.39661E-04  3.39661E-04  3.39661E-04  3.39661E-04  3.39661E-04  3.39661E-04  3.39661E-04  3.39661E-04
   46793   2  0.00000E+00  0.00000E+00  0.00000E+00  0.00000E+00  0.00000E+00  0.00000E+00  0.00000E+00  0.00000E+00  0.00000E+00  0.00000E+00  0.00000E+00  0.00000E+00  0.00000E+00  0.00000E+00  0.00000E+00  0.00000E+00  0.00000E+00  0.00000E+00  0.00000E+00  0.00000E+00  0.00000E+00  0.00000E+00  0.00000E+00  0.00000E+00
   47145   7  0.00000E+00  0.00000E+00  0.00000E+00  0.00000E+00  0.00000E+00  0.00000E+00  0.00000E+00  0.00000E+00  0.00000E+00  0.00000E+00  0.00000E+00  0.00000E+00  0.00000E+00  0.00000E+00  0.00000E+00  0.00000E+00  0.00000E+00  0.00000E+00  0.00000E+00  0.00000E+00  0.00000E+00  0.00000E+00  0.00000E+00  0.00000E+00
   47145   4  1.71588E+00  1.71588E+00  1.71588E+00  1.71588E+00  1.71588E+00  1.71588E+00  1.71588E+00  1.71588E+00  1.71588E+00  1.71588E+00  1.71588E+00  1.71588E+00  1.71588E+00  1.71588E+00  1.71588E+00  1.71588E+00  1.71588E+00  1.71588E+00  1.71588E+00  1.71588E+00  1.71588E+00  1.71588E+00  1.71588E+00  1.71588E+00
   46441   1  0.00000E+00  0.00000E+00  0.00000E+00  0.00000E+00  0.00000E+00  0.00000E+00  0.00000E+00  0.00000E+00  0.00000E+00  0.00000E+00  0.00000E+00  0.00000E+00  0.00000E+00  0.00000E+00  0.00000E+00  0.00000E+00  0.00000E+00  0.00000E+00  0.00000E+00  0.00000E+00  0.00000E+00  0.00000E+00  0.00000E+00  0.00000E+00
   46089   7  0.00000E+00  0.00000E+00  0.00000E+00  0.00000E+00  0.00000E+00  0.00000E+00  0.00000E+00  0.00000E+00  0.00000E+00  0.00000E+00  0.00000E+00  0.00000E+00  0.00000E+00  0.00000E+00  0.00000E+00  0.00000E+00  0.00000E+00  0.00000E+00  0.00000E+00  0.00000E+00  0.00000E+00  0.00000E+00  0.00000E+00  0.00000E+00
   47851   4  1.70160E-03  1.70160E-03  1.70160E-03  1.70160E-03  1.70160E-03  1.70160E-03  1.70160E-03  1.70160E-03  1.70160E-03  1.70160E-03  1.70160E-03  1.70160E-03  1.70160E-03  1.70160E-03  1.70160E-03  1.70160E-03  1.70160E-03  1.70160E-03  1.70160E-03  1.70160E-03  1.70160E-03  1.70160E-03  1.70160E-03  1.70160E-03
   47851   3  0.00000E+00  0.00000E+00  0.00000E+00  0.00000E+00  0.00000E+00  0.00000E+00  0.00000E+00  0.00000E+00  0.00000E+00  0.00000E+00  0.00000E+00  0.00000E+00  0.00000E+00  0.00000E+00  0.00000E+00  0.00000E+00  0.00000E+00  0.00000E+00  0.00000E+00  0.00000E+00  0.00000E+00  0.00000E+00  0.00000E+00  0.00000E+00
   47493   3  0.00000E+00  0.00000E+00  0.00000E+00  0.00000E+00  0.00000E+00  0.00000E+00  0.00000E+00  0.00000E+00  0.00000E+00  0.00000E+00  0.00000E+00  0.00000E+00  0.00000E+00  7.00700E-03  7.00700E-03  7.00700E-03  7.00700E-03  7.00700E-03  7.00700E-03  7.00700E-03  7.00700E-03  0.00000E+00  0.00000E+00  0.00000E+00
   47493   4  0.00000E+00  0.00000E+00  0.00000E+00  0.00000E+00  0.00000E+00  0.00000E+00  0.00000E+00  0.00000E+00  0.00000E+00  0.00000E+00  0.00000E+00  0.00000E+00  0.00000E+00  0.00000E+00  0.00000E+00  0.00000E+00  0.00000E+00  0.00000E+00  0.00000E+00  0.00000E+00  0.00000E+00  0.00000E+00  0.00000E+00  0.00000E+00
   47141   4  0.00000E+00  0.00000E+00  0.00000E+00  0.00000E+00  0.00000E+00  0.00000E+00  0.00000E+00  0.00000E+00  0.00000E+00  0.00000E+00  0.00000E+00  0.00000E+00  0.00000E+00  0.00000E+00  0.00000E+00  0.00000E+00  0.00000E+00  0.00000E+00  0.00000E+00  0.00000E+00  0.00000E+00  0.00000E+00  0.00000E+00  0.00000E+00
   47142   4  0.00000E+00  0.00000E+00  0.00000E+00  0.00000E+00  0.00000E+00  0.00000E+00  0.00000E+00  0.00000E+00  0.00000E+00  0.00000E+00  0.00000E+00  0.00000E+00  0.00000E+00  0.00000E+00  0.00000E+00  0.00000E+00  0.00000E+00  0.00000E+00  0.00000E+00  0.00000E+00  0.00000E+00  0.00000E+00  0.00000E+00  0.00000E+00
   47141   3  0.00000E+00  0.00000E+00  0.00000E+00  0.00000E+00  0.00000E+00  0.00000E+00  0.00000E+00  0.00000E+00  0.00000E+00  0.00000E+00  0.00000E+00  0.00000E+00  0.00000E+00  0.00000E+00  0.00000E+00  0.00000E+00  0.00000E+00  0.00000E+00  0.00000E+00  0.00000E+00  0.00000E+00  0.00000E+00  0.00000E+00  0.00000E+00
   47494   3  0.00000E+00  0.00000E+00  0.00000E+00  0.00000E+00  0.00000E+00  0.00000E+00  0.00000E+00  0.00000E+00  0.00000E+00  0.00000E+00  0.00000E+00  0.00000E+00  0.00000E+00  0.00000E+00  0.00000E+00  0.00000E+00  0.00000E+00  0.00000E+00  0.00000E+00  0.00000E+00  0.00000E+00  0.00000E+00  0.00000E+00  0.00000E+00
   46790   4  6.22538E-02  6.22538E-02  6.22538E-02  6.22538E-02  6.22538E-02  6.22538E-02  6.22538E-02  6.22538E-02  6.22538E-02  6.22538E-02  6.22538E-02  6.22538E-02  6.22538E-02  6.22538E-02  6.22538E-02  6.22538E-02  6.22538E-02  6.22538E-02  6.22538E-02  6.22538E-02  6.22538E-02  6.22538E-02  6.22538E-02  6.22538E-02
   46790   3  0.00000E+00  0.00000E+00  0.00000E+00  0.00000E+00  0.00000E+00  0.00000E+00  0.00000E+00  0.00000E+00  0.00000E+00  0.00000E+00  0.00000E+00  0.00000E+00  0.00000E+00  0.00000E+00  0.00000E+00  0.00000E+00  0.00000E+00  0.00000E+00  0.00000E+00  0.00000E+00  0.00000E+00  0.00000E+00  0.00000E+00  0.00000E+00
   47143   4  0.00000E+00  0.00000E+00  0.00000E+00  0.00000E+00  0.00000E+00  0.00000E+00  0.00000E+00  0.00000E+00  0.00000E+00  0.00000E+00  0.00000E+00  0.00000E+00  0.00000E+00  0.00000E+00  0.00000E+00  0.00000E+00  0.00000E+00  0.00000E+00  0.00000E+00  0.00000E+00  0.00000E+00  0.00000E+00  0.00000E+00  0.00000E+00
   47497   7  0.00000E+00  0.00000E+00  0.00000E+00  0.00000E+00  0.00000E+00  0.00000E+00  0.00000E+00  0.00000E+00  0.00000E+00  0.00000E+00  0.00000E+00  0.00000E+00  0.00000E+00  1.27527E+00  1.27527E+00  1.27527E+00  1.27527E+00  1.27527E+00  1.27527E+00  1.27527E+00  1.27527E+00  0.00000E+00  0.00000E+00  0.00000E+00
   47143   3  0.00000E+00  0.00000E+00  0.00000E+00  0.00000E+00  0.00000E+00  0.00000E+00  0.00000E+00  0.00000E+00  0.00000E+00  0.00000E+00  0.00000E+00  0.00000E+00  0.00000E+00  0.00000E+00  0.00000E+00  0.00000E+00  0.00000E+00  0.00000E+00  0.00000E+00  0.00000E+00  0.00000E+00  0.00000E+00  0.00000E+00  0.00000E+00
   46792   4  0.00000E+00  0.00000E+00  0.00000E+00  0.00000E+00  0.00000E+00  0.00000E+00  0.00000E+00  0.00000E+00  0.00000E+00  0.00000E+00  0.00000E+00  0.00000E+00  0.00000E+00  0.00000E+00  0.00000E+00  0.00000E+00  0.00000E+00  0.00000E+00  0.00000E+00  0.00000E+00  0.00000E+00  0.00000E+00  0.00000E+00  0.00000E+00
   46792   3  0.00000E+00  0.00000E+00  0.00000E+00  0.00000E+00  0.00000E+00  0.00000E+00  0.00000E+00  0.00000E+00  0.00000E+00  0.00000E+00  0.00000E+00  0.00000E+00  0.00000E+00  0.00000E+00  0.00000E+00  0.00000E+00  0.00000E+00  0.00000E+00  0.00000E+00  0.00000E+00  0.00000E+00  0.00000E+00  0.00000E+00  0.00000E+00
   46791   3  4.96910E-02  4.96910E-02  4.96910E-02  4.96910E-02  4.96910E-02  4.96910E-02  4.96910E-02  4.96910E-02  4.96910E-02  4.96910E-02  4.96910E-02  4.96910E-02  4.96910E-02  4.64105E-01  4.64105E-01  4.64105E-01  4.64105E-01  4.64105E-01  4.64105E-01  4.64105E-01  4.64105E-01  4.96910E-02  4.96910E-02  4.96910E-02
   46791   8  2.69158E-02  2.69158E-02  2.69158E-02  2.69158E-02  2.69158E-02  2.69158E-02  2.69158E-02  2.69158E-02  2.69158E-02  2.69158E-02  2.69158E-02  2.69158E-02  2.69158E-02  2.69158E-02  2.69158E-02  2.69158E-02  2.69158E-02  2.69158E-02  2.69158E-02  2.69158E-02  2.69158E-02  2.69158E-02  2.69158E-02  2.69158E-02
   46791   2  0.00000E+00  0.00000E+00  0.00000E+00  0.00000E+00  0.00000E+00  0.00000E+00  0.00000E+00  0.00000E+00  0.00000E+00  0.00000E+00  0.00000E+00  0.00000E+00  0.00000E+00  0.00000E+00  0.00000E+00  0.00000E+00  0.00000E+00  0.00000E+00  0.00000E+00  0.00000E+00  0.00000E+00  0.00000E+00  0.00000E+00  0.00000E+00
   46791   4  1.49522E+01  1.49522E+01  1.49522E+01  1.49522E+01  1.49522E+01  1.49522E+01  1.49522E+01  1.49522E+01  1.49522E+01  1.49522E+01  1.49522E+01  1.49522E+01  1.49522E+01  1.49522E+01  1.49522E+01  1.49522E+01  1.49522E+01  1.49522E+01  1.49522E+01  1.49522E+01  1.49522E+01  1.49522E+01  1.49522E+01  1.49522E+01
   46438   3  0.00000E+00  0.00000E+00  0.00000E+00  0.00000E+00  0.00000E+00  0.00000E+00  0.00000E+00  0.00000E+00  0.00000E+00  0.00000E+00  0.00000E+00  0.00000E+00  0.00000E+00  0.00000E+00  0.00000E+00  0.00000E+00  0.00000E+00  0.00000E+00  0.00000E+00  0.00000E+00  0.00000E+00  0.00000E+00  0.00000E+00  0.00000E+00
   47147   3  0.00000E+00  0.00000E+00  0.00000E+00  0.00000E+00  0.00000E+00  0.00000E+00  0.00000E+00  0.00000E+00  0.00000E+00  0.00000E+00  0.00000E+00  0.00000E+00  0.00000E+00  0.00000E+00  0.00000E+00  0.00000E+00  0.00000E+00  0.00000E+00  0.00000E+00  0.00000E+00  0.00000E+00  0.00000E+00  0.00000E+00  0.00000E+00
   47848   3  0.00000E+00  0.00000E+00  0.00000E+00  0.00000E+00  0.00000E+00  0.00000E+00  0.00000E+00  0.00000E+00  0.00000E+00  0.00000E+00  0.00000E+00  0.00000E+00  0.00000E+00  0.00000E+00  0.00000E+00  0.00000E+00  0.00000E+00  0.00000E+00  0.00000E+00  0.00000E+00  0.00000E+00  0.00000E+00  0.00000E+00  0.00000E+00
   46791   1  0.00000E+00  0.00000E+00  0.00000E+00  0.00000E+00  0.00000E+00  0.00000E+00  0.00000E+00  0.00000E+00  0.00000E+00  0.00000E+00  0.00000E+00  0.00000E+00  0.00000E+00  0.00000E+00  0.00000E+00  0.00000E+00  0.00000E+00  0.00000E+00  0.00000E+00  0.00000E+00  0.00000E+00  0.00000E+00  0.00000E+00  0.00000E+00
   47144   3  0.00000E+00  0.00000E+00  0.00000E+00  0.00000E+00  0.00000E+00  0.00000E+00  0.00000E+00  0.00000E+00  0.00000E+00  0.00000E+00  0.00000E+00  0.00000E+00  0.00000E+00  0.00000E+00  0.00000E+00  0.00000E+00  0.00000E+00  0.00000E+00  0.00000E+00  0.00000E+00  0.00000E+00  0.00000E+00  0.00000E+00  0.00000E+00
   47144   4  9.40446E-02  9.40446E-02  9.40446E-02  9.40446E-02  9.40446E-02  9.40446E-02  9.40446E-02  9.40446E-02  9.40446E-02  9.40446E-02  9.40446E-02  9.40446E-02  9.40446E-02  9.40446E-02  9.40446E-02  9.40446E-02  9.40446E-02  9.40446E-02  9.40446E-02  9.40446E-02  9.40446E-02  9.40446E-02  9.40446E-02  9.40446E-02
   47144   1  3.96271E-03  3.96271E-03  3.96271E-03  3.96271E-03  3.96271E-03  3.96271E-03  3.96271E-03  3.96271E-03  3.96271E-03  3.96271E-03  3.96271E-03  3.96271E-03  3.96271E-03  3.96271E-03  3.96271E-03  3.96271E-03  3.96271E-03  3.96271E-03  3.96271E-03  3.96271E-03  3.96271E-03  3.96271E-03  3.96271E-03  3.96271E-03
   47144   2  0.00000E+00  0.00000E+00  0.00000E+00  0.00000E+00  0.00000E+00  0.00000E+00  0.00000E+00  0.00000E+00  0.00000E+00  0.00000E+00  0.00000E+00  0.00000E+00  0.00000E+00  0.00000E+00  0.00000E+00  0.00000E+00  0.00000E+00  0.00000E+00  0.00000E+00  0.00000E+00  0.00000E+00  0.00000E+00  0.00000E+00  0.00000E+00
   46789   3  3.42540E-02  3.42540E-02  3.42540E-02  3.42540E-02  3.42540E-02  3.42540E-02  3.42540E-02  3.42540E-02  3.42540E-02  3.42540E-02  3.42540E-02  3.42540E-02  3.42540E-02  3.42540E-02  3.42540E-02  3.42540E-02  3.42540E-02  3.42540E-02  3.42540E-02  3.42540E-02  3.42540E-02  3.42540E-02  3.42540E-02  3.42540E-02
   46789   4  0.00000E+00  0.00000E+00  0.00000E+00  0.00000E+00  0.00000E+00  0.00000E+00  0.00000E+00  0.00000E+00  0.00000E+00  0.00000E+00  0.00000E+00  0.00000E+00  0.00000E+00  0.00000E+00  0.00000E+00  0.00000E+00  0.00000E+00  0.00000E+00  0.00000E+00  0.00000E+00  0.00000E+00  0.00000E+00  0.00000E+00  0.00000E+00
   46436   7  0.00000E+00  0.00000E+00  0.00000E+00  0.00000E+00  0.00000E+00  0.00000E+00  0.00000E+00  0.00000E+00  0.00000E+00  0.00000E+00  0.00000E+00  0.00000E+00  0.00000E+00  0.00000E+00  0.00000E+00  0.00000E+00  0.00000E+00  0.00000E+00  0.00000E+00  0.00000E+00  0.00000E+00  0.00000E+00  0.00000E+00  0.00000E+00
   71754   1  0.00000E+00  0.00000E+00  0.00000E+00  0.00000E+00  0.00000E+00  0.00000E+00  0.00000E+00  0.00000E+00  0.00000E+00  0.00000E+00  0.00000E+00  0.00000E+00  0.00000E+00  0.00000E+00  1.73840E-01  1.73840E-01  1.73840E-01  1.73840E-01  1.73840E-01  1.73840E-01  1.73840E-01  1.73840E-01  0.00000E+00  0.00000E+00
   71755   4  8.87792E-04  8.87792E-04  8.87792E-04  8.87792E-04  8.87792E-04  8.87792E-04  8.87792E-04  8.87792E-04  8.87792E-04  8.87792E-04  8.87792E-04  8.87792E-04  8.87792E-04  8.87792E-04  8.87792E-04  8.87792E-04  8.87792E-04  8.87792E-04  8.87792E-04  8.87792E-04  8.87792E-04  8.87792E-04  8.87792E-04  8.87792E-04
   72073   3  0.00000E+00  0.00000E+00  0.00000E+00  0.00000E+00  0.00000E+00  0.00000E+00  0.00000E+00  0.00000E+00  0.00000E+00  0.00000E+00  0.00000E+00  0.00000E+00  0.00000E+00  0.00000E+00  0.00000E+00  0.00000E+00  0.00000E+00  0.00000E+00  0.00000E+00  0.00000E+00  0.00000E+00  0.00000E+00  0.00000E+00  0.00000E+00
   70667   3  5.56111E-04  5.56111E-04  5.56111E-04  5.56111E-04  5.56111E-04  5.56111E-04  5.56111E-04  5.56111E-04  5.56111E-04  5.56111E-04  5.56111E-04  5.56111E-04  5.56111E-04  5.56111E-04  5.56111E-04  5.56111E-04  5.56111E-04  5.56111E-04  5.56111E-04  5.56111E-04  5.56111E-04  5.56111E-04  5.56111E-04  5.56111E-04
   55157   3  2.22444E-04  2.22444E-04  2.22444E-04  2.22444E-04  2.22444E-04  2.22444E-04  2.22444E-04  2.22444E-04  2.22444E-04  2.22444E-04  2.22444E-04  2.22444E-04  2.22444E-04  2.22444E-04  2.22444E-04  2.22444E-04  2.22444E-04  2.22444E-04  2.22444E-04  2.22444E-04  2.22444E-04  2.22444E-04  2.22444E-04  2.22444E-04
   55157   7  0.00000E+00  0.00000E+00  0.00000E+00  0.00000E+00  0.00000E+00  0.00000E+00  0.00000E+00  0.00000E+00  0.00000E+00  0.00000E+00  0.00000E+00  0.00000E+00  0.00000E+00  0.00000E+00  0.00000E+00  0.00000E+00  0.00000E+00  0.00000E+00  0.00000E+00  0.00000E+00  0.00000E+00  0.00000E+00  0.00000E+00  0.00000E+00
   70688   2  1.36317E-01  1.36317E-01  1.36317E-01  1.36317E-01  1.36317E-01  1.36317E-01  1.36317E-01  1.36317E-01  1.36317E-01  1.36317E-01  1.36317E-01  1.36317E-01  1.36317E-01  1.36317E-01  1.36317E-01  1.36317E-01  1.36317E-01  1.36317E-01  1.36317E-01  1.36317E-01  1.36317E-01  1.36317E-01  1.36317E-01  1.36317E-01
   61152   3  1.58508E-03  1.58508E-03  1.58508E-03  1.58508E-03  1.58508E-03  1.58508E-03  1.58508E-03  1.58508E-03  1.58508E-03  1.58508E-03  1.58508E-03  1.58508E-03  1.58508E-03  1.58508E-03  1.58508E-03  1.58508E-03  1.58508E-03  1.58508E-03  1.58508E-03  1.58508E-03  1.58508E-03  1.58508E-03  1.58508E-03  1.58508E-03
   66103   3  0.00000E+00  0.00000E+00  0.00000E+00  0.00000E+00  0.00000E+00  0.00000E+00  0.00000E+00  0.00000E+00  0.00000E+00  0.00000E+00  0.00000E+00  0.00000E+00  0.00000E+00  0.00000E+00  0.00000E+00  0.00000E+00  0.00000E+00  0.00000E+00  0.00000E+00  0.00000E+00  0.00000E+00  0.00000E+00  0.00000E+00  0.00000E+00
   57265   2  0.00000E+00  0.00000E+00  0.00000E+00  0.00000E+00  0.00000E+00  0.00000E+00  0.00000E+00  0.00000E+00  0.00000E+00  0.00000E+00  0.00000E+00  0.00000E+00  0.00000E+00  0.00000E+00  0.00000E+00  0.00000E+00  0.00000E+00  0.00000E+00  0.00000E+00  0.00000E+00  0.00000E+00  0.00000E+00  0.00000E+00  0.00000E+00
   57265   7  0.00000E+00  0.00000E+00  0.00000E+00  0.00000E+00  0.00000E+00  0.00000E+00  0.00000E+00  0.00000E+00  0.00000E+00  0.00000E+00  0.00000E+00  0.00000E+00  0.00000E+00  0.00000E+00  0.00000E+00  0.00000E+00  0.00000E+00  0.00000E+00  0.00000E+00  0.00000E+00  0.00000E+00  0.00000E+00  0.00000E+00  0.00000E+00
   57265   3  0.00000E+00  0.00000E+00  0.00000E+00  0.00000E+00  0.00000E+00  0.00000E+00  0.00000E+00  0.00000E+00  0.00000E+00  0.00000E+00  0.00000E+00  0.00000E+00  0.00000E+00  0.00000E+00  0.00000E+00  0.00000E+00  0.00000E+00  0.00000E+00  0.00000E+00  0.00000E+00  0.00000E+00  0.00000E+00  0.00000E+00  0.00000E+00
   62209   3  1.01589E-01  1.01589E-01  1.01589E-01  1.01589E-01  1.01589E-01  1.01589E-01  1.01589E-01  1.01589E-01  1.01589E-01  1.01589E-01  1.01589E-01  1.01589E-01  1.01589E-01  1.01589E-01  1.01589E-01  1.01589E-01  1.01589E-01  1.01589E-01  1.01589E-01  1.01589E-01  1.01589E-01  1.01589E-01  1.01589E-01  1.01589E-01
   62209   4  0.00000E+00  0.00000E+00  0.00000E+00  0.00000E+00  0.00000E+00  0.00000E+00  0.00000E+00  0.00000E+00  0.00000E+00  0.00000E+00  0.00000E+00  0.00000E+00  0.00000E+00  0.00000E+00  0.00000E+00  0.00000E+00  0.00000E+00  0.00000E+00  0.00000E+00  0.00000E+00  0.00000E+00  0.00000E+00  0.00000E+00  0.00000E+00
   62209   2  0.00000E+00  0.00000E+00  0.00000E+00  0.00000E+00  0.00000E+00  0.00000E+00  0.00000E+00  0.00000E+00  0.00000E+00  0.00000E+00  0.00000E+00  0.00000E+00  0.00000E+00  0.00000E+00  0.00000E+00  0.00000E+00  0.00000E+00  0.00000E+00  0.00000E+00  0.00000E+00  0.00000E+00  0.00000E+00  0.00000E+00  0.00000E+00
   62560   3  0.00000E+00  0.00000E+00  0.00000E+00  0.00000E+00  0.00000E+00  0.00000E+00  0.00000E+00  0.00000E+00  0.00000E+00  0.00000E+00  0.00000E+00  0.00000E+00  0.00000E+00  0.00000E+00  2.10390E+01  2.10390E+01  2.10390E+01  2.10390E+01  2.10390E+01  2.10390E+01  2.10390E+01  2.10390E+01  0.00000E+00  0.00000E+00
   62560   6  3.60387E-02  3.60387E-02  3.60387E-02  3.60387E-02  3.60387E-02  3.60387E-02  3.60387E-02  3.60387E-02  3.60387E-02  3.60387E-02  3.60387E-02  3.60387E-02  3.60387E-02  3.60387E-02  3.60387E-02  3.60387E-02  3.60387E-02  3.60387E-02  3.60387E-02  3.60387E-02  3.60387E-02  3.60387E-02  3.60387E-02  3.60387E-02
   62560   2  0.00000E+00  0.00000E+00  0.00000E+00  0.00000E+00  0.00000E+00  0.00000E+00  0.00000E+00  0.00000E+00  0.00000E+00  0.00000E+00  0.00000E+00  0.00000E+00  0.00000E+00  0.00000E+00  0.00000E+00  0.00000E+00  0.00000E+00  0.00000E+00  0.00000E+00  0.00000E+00  0.00000E+00  0.00000E+00  0.00000E+00  0.00000E+00
   62906   3  0.00000E+00  0.00000E+00  0.00000E+00  0.00000E+00  0.00000E+00  0.00000E+00  0.00000E+00  0.00000E+00  0.00000E+00  0.00000E+00  0.00000E+00  0.00000E+00  0.00000E+00  0.00000E+00  2.50250E-02  2.50250E-02  2.50250E-02  2.50250E-02  2.50250E-02  2.50250E-02  2.50250E-02  2.50250E-02  0.00000E+00  0.00000E+00
   62906   2  0.00000E+00  0.00000E+00  0.00000E+00  0.00000E+00  0.00000E+00  0.00000E+00  0.00000E+00  0.00000E+00  0.00000E+00  0.00000E+00  0.00000E+00  0.00000E+00  0.00000E+00  0.00000E+00  0.00000E+00  0.00000E+00  0.00000E+00  0.00000E+00  0.00000E+00  0.00000E+00  0.00000E+00  0.00000E+00  0.00000E+00  0.00000E+00
   62201   7  0.00000E+00  0.00000E+00  0.00000E+00  0.00000E+00  0.00000E+00  0.00000E+00  0.00000E+00  0.00000E+00  0.00000E+00  0.00000E+00  0.00000E+00  0.00000E+00  0.00000E+00  0.00000E+00  0.00000E+00  0.00000E+00  0.00000E+00  0.00000E+00  0.00000E+00  0.00000E+00  0.00000E+00  0.00000E+00  0.00000E+00  0.00000E+00
   69268   7  0.00000E+00  0.00000E+00  0.00000E+00  0.00000E+00  0.00000E+00  0.00000E+00  0.00000E+00  0.00000E+00  0.00000E+00  0.00000E+00  0.00000E+00  0.00000E+00  0.00000E+00  0.00000E+00  0.00000E+00  0.00000E+00  0.00000E+00  0.00000E+00  0.00000E+00  0.00000E+00  0.00000E+00  0.00000E+00  0.00000E+00  0.00000E+00
   67518   2  0.00000E+00  0.00000E+00  0.00000E+00  0.00000E+00  0.00000E+00  0.00000E+00  0.00000E+00  0.00000E+00  0.00000E+00  0.00000E+00  0.00000E+00  0.00000E+00  0.00000E+00  0.00000E+00  0.00000E+00  0.00000E+00  0.00000E+00  0.00000E+00  0.00000E+00  0.00000E+00  0.00000E+00  0.00000E+00  0.00000E+00  0.00000E+00
   53397   5  0.00000E+00  0.00000E+00  0.00000E+00  0.00000E+00  0.00000E+00  0.00000E+00  0.00000E+00  0.00000E+00  0.00000E+00  0.00000E+00  0.00000E+00  0.00000E+00  0.00000E+00  0.00000E+00  0.00000E+00  0.00000E+00  0.00000E+00  0.00000E+00  0.00000E+00  0.00000E+00  0.00000E+00  0.00000E+00  0.00000E+00  0.00000E+00
   53397   3  0.00000E+00  0.00000E+00  0.00000E+00  0.00000E+00  0.00000E+00  0.00000E+00  0.00000E+00  0.00000E+00  0.00000E+00  0.00000E+00  0.00000E+00  0.00000E+00  0.00000E+00  0.00000E+00  3.67033E-03  3.67033E-03  3.67033E-03  3.67033E-03  3.67033E-03  3.67033E-03  3.67033E-03  3.67033E-03  0.00000E+00  0.00000E+00
   53397   7  0.00000E+00  0.00000E+00  0.00000E+00  0.00000E+00  0.00000E+00  0.00000E+00  0.00000E+00  0.00000E+00  0.00000E+00  0.00000E+00  0.00000E+00  0.00000E+00  0.00000E+00  0.00000E+00  0.00000E+00  0.00000E+00  0.00000E+00  0.00000E+00  0.00000E+00  0.00000E+00  0.00000E+00  0.00000E+00  0.00000E+00  0.00000E+00
   72093   3  0.00000E+00  0.00000E+00  0.00000E+00  0.00000E+00  0.00000E+00  0.00000E+00  0.00000E+00  0.00000E+00  0.00000E+00  0.00000E+00  0.00000E+00  0.00000E+00  0.00000E+00  0.00000E+00  0.00000E+00  0.00000E+00  0.00000E+00  0.00000E+00  0.00000E+00  0.00000E+00  0.00000E+00  0.00000E+00  0.00000E+00  0.00000E+00
   72093   7  0.00000E+00  0.00000E+00  0.00000E+00  0.00000E+00  0.00000E+00  0.00000E+00  0.00000E+00  0.00000E+00  0.00000E+00  0.00000E+00  0.00000E+00  0.00000E+00  0.00000E+00  0.00000E+00  0.00000E+00  0.00000E+00  0.00000E+00  0.00000E+00  0.00000E+00  0.00000E+00  0.00000E+00  0.00000E+00  0.00000E+00  0.00000E+00
   72093   4  4.19851E-01  4.19851E-01  4.19851E-01  4.19851E-01  4.19851E-01  4.19851E-01  4.19851E-01  4.19851E-01  4.19851E-01  4.19851E-01  4.19851E-01  4.19851E-01  4.19851E-01  4.19851E-01  4.19851E-01  4.19851E-01  4.19851E-01  4.19851E-01  4.19851E-01  4.19851E-01  4.19851E-01  4.19851E-01  4.19851E-01  4.19851E-01
   66425   2  0.00000E+00  0.00000E+00  0.00000E+00  0.00000E+00  0.00000E+00  0.00000E+00  0.00000E+00  0.00000E+00  0.00000E+00  0.00000E+00  0.00000E+00  0.00000E+00  0.00000E+00  0.00000E+00  0.00000E+00  0.00000E+00  0.00000E+00  0.00000E+00  0.00000E+00  0.00000E+00  0.00000E+00  0.00000E+00  0.00000E+00  0.00000E+00
   67854   3  4.52881E-04  4.52881E-04  4.52881E-04  4.52881E-04  4.52881E-04  4.52881E-04  4.52881E-04  4.52881E-04  4.52881E-04  4.52881E-04  4.52881E-04  4.52881E-04  4.52881E-04  4.52881E-04  4.52881E-04  4.52881E-04  4.52881E-04  4.52881E-04  4.52881E-04  4.52881E-04  4.52881E-04  4.52881E-04  4.52881E-04  4.52881E-04
   59052   2  1.11222E-04  1.11222E-04  1.11222E-04  1.11222E-04  1.11222E-04  1.11222E-04  1.11222E-04  1.11222E-04  1.11222E-04  1.11222E-04  1.11222E-04  1.11222E-04  1.11222E-04  1.11222E-04  1.11222E-04  1.11222E-04  1.11222E-04  1.11222E-04  1.11222E-04  1.11222E-04  1.11222E-04  1.11222E-04  1.11222E-04  1.11222E-04
   72780   3  4.52881E-04  4.52881E-04  4.52881E-04  4.52881E-04  4.52881E-04  4.52881E-04  4.52881E-04  4.52881E-04  4.52881E-04  4.52881E-04  4.52881E-04  4.52881E-04  4.52881E-04  4.52881E-04  4.52881E-04  4.52881E-04  4.52881E-04  4.52881E-04  4.52881E-04  4.52881E-04  4.52881E-04  4.52881E-04  4.52881E-04  4.52881E-04
   32698   2  0.00000E+00  0.00000E+00  0.00000E+00  0.00000E+00  0.00000E+00  0.00000E+00  0.00000E+00  0.00000E+00  0.00000E+00  0.00000E+00  0.00000E+00  0.00000E+00  0.00000E+00  0.00000E+00  0.00000E+00  0.00000E+00  0.00000E+00  0.00000E+00  0.00000E+00  0.00000E+00  0.00000E+00  0.00000E+00  0.00000E+00  0.00000E+00
   32699   3  0.00000E+00  0.00000E+00  0.00000E+00  0.00000E+00  0.00000E+00  0.00000E+00  0.00000E+00  0.00000E+00  0.00000E+00  0.00000E+00  0.00000E+00  0.00000E+00  0.00000E+00  0.00000E+00  0.00000E+00  0.00000E+00  0.00000E+00  0.00000E+00  0.00000E+00  0.00000E+00  0.00000E+00  0.00000E+00  0.00000E+00  0.00000E+00
   32698   4  1.01098E-01  1.01098E-01  1.01098E-01  1.01098E-01  1.01098E-01  1.01098E-01  1.01098E-01  1.01098E-01  1.01098E-01  1.01098E-01  1.01098E-01  1.01098E-01  1.01098E-01  1.01098E-01  1.01098E-01  1.01098E-01  1.01098E-01  1.01098E-01  1.01098E-01  1.01098E-01  1.01098E-01  1.01098E-01  1.01098E-01  1.01098E-01
   32698   3  3.17386E-02  3.17386E-02  3.17386E-02  3.17386E-02  3.17386E-02  3.17386E-02  3.17386E-02  3.17386E-02  3.17386E-02  3.17386E-02  3.17386E-02  3.17386E-02  3.17386E-02  3.17386E-02  3.17386E-02  3.17386E-02  3.17386E-02  3.17386E-02  3.17386E-02  3.17386E-02  3.17386E-02  3.17386E-02  3.17386E-02  3.17386E-02
   33754   4  0.00000E+00  0.00000E+00  0.00000E+00  0.00000E+00  0.00000E+00  0.00000E+00  0.00000E+00  0.00000E+00  0.00000E+00  0.00000E+00  0.00000E+00  0.00000E+00  0.00000E+00  0.00000E+00  0.00000E+00  0.00000E+00  0.00000E+00  0.00000E+00  0.00000E+00  0.00000E+00  0.00000E+00  0.00000E+00  0.00000E+00  0.00000E+00
   32698   5  0.00000E+00  0.00000E+00  0.00000E+00  0.00000E+00  0.00000E+00  0.00000E+00  0.00000E+00  0.00000E+00  0.00000E+00  0.00000E+00  0.00000E+00  0.00000E+00  0.00000E+00  0.00000E+00  0.00000E+00  0.00000E+00  0.00000E+00  0.00000E+00  0.00000E+00  0.00000E+00  0.00000E+00  0.00000E+00  0.00000E+00  0.00000E+00
   46097   3  7.76218E-04  7.76218E-04  7.76218E-04  7.76218E-04  7.76218E-04  7.76218E-04  7.76218E-04  7.76218E-04  7.76218E-04  7.76218E-04  7.76218E-04  7.76218E-04  7.76218E-04  7.76218E-04  7.76218E-04  7.76218E-04  7.76218E-04  7.76218E-04  7.76218E-04  7.76218E-04  7.76218E-04  7.76218E-04  7.76218E-04  7.76218E-04
   32346   1  0.00000E+00  0.00000E+00  0.00000E+00  0.00000E+00  0.00000E+00  0.00000E+00  0.00000E+00  0.00000E+00  0.00000E+00  0.00000E+00  0.00000E+00  0.00000E+00  0.00000E+00  0.00000E+00  0.00000E+00  0.00000E+00  0.00000E+00  0.00000E+00  0.00000E+00  0.00000E+00  0.00000E+00  0.00000E+00  0.00000E+00  0.00000E+00
   32346   2  0.00000E+00  0.00000E+00  0.00000E+00  0.00000E+00  0.00000E+00  0.00000E+00  0.00000E+00  0.00000E+00  0.00000E+00  0.00000E+00  0.00000E+00  0.00000E+00  0.00000E+00  0.00000E+00  0.00000E+00  0.00000E+00  0.00000E+00  0.00000E+00  0.00000E+00  0.00000E+00  0.00000E+00  0.00000E+00  0.00000E+00  0.00000E+00
   32346   3  0.00000E+00  0.00000E+00  0.00000E+00  0.00000E+00  0.00000E+00  0.00000E+00  0.00000E+00  0.00000E+00  0.00000E+00  0.00000E+00  0.00000E+00  0.00000E+00  0.00000E+00  9.67633E-03  9.67633E-03  9.67633E-03  9.67633E-03  9.67633E-03  9.67633E-03  9.67633E-03  9.67633E-03  0.00000E+00  0.00000E+00  0.00000E+00
   32346   5  0.00000E+00  0.00000E+00  0.00000E+00  0.00000E+00  0.00000E+00  0.00000E+00  0.00000E+00  0.00000E+00  0.00000E+00  0.00000E+00  0.00000E+00  0.00000E+00  0.00000E+00  0.00000E+00  0.00000E+00  0.00000E+00  0.00000E+00  0.00000E+00  0.00000E+00  0.00000E+00  0.00000E+00  0.00000E+00  0.00000E+00  0.00000E+00
   33394   3  0.00000E+00  0.00000E+00  0.00000E+00  0.00000E+00  0.00000E+00  0.00000E+00  0.00000E+00  0.00000E+00  0.00000E+00  0.00000E+00  0.00000E+00  0.00000E+00  0.00000E+00  0.00000E+00  0.00000E+00  0.00000E+00  0.00000E+00  0.00000E+00  0.00000E+00  0.00000E+00  0.00000E+00  0.00000E+00  0.00000E+00  0.00000E+00
   33394   7  0.00000E+00  0.00000E+00  0.00000E+00  0.00000E+00  0.00000E+00  0.00000E+00  0.00000E+00  0.00000E+00  0.00000E+00  0.00000E+00  0.00000E+00  0.00000E+00  0.00000E+00  0.00000E+00  0.00000E+00  0.00000E+00  0.00000E+00  0.00000E+00  0.00000E+00  0.00000E+00  0.00000E+00  0.00000E+00  0.00000E+00  0.00000E+00
   47881   3  0.00000E+00  0.00000E+00  0.00000E+00  0.00000E+00  0.00000E+00  0.00000E+00  0.00000E+00  0.00000E+00  0.00000E+00  0.00000E+00  0.00000E+00  0.00000E+00  0.00000E+00  0.00000E+00  0.00000E+00  0.00000E+00  0.00000E+00  0.00000E+00  0.00000E+00  0.00000E+00  0.00000E+00  0.00000E+00  0.00000E+00  0.00000E+00
   47881   4  7.26140E-01  7.26140E-01  7.26140E-01  7.26140E-01  7.26140E-01  7.26140E-01  7.26140E-01  7.26140E-01  7.26140E-01  7.26140E-01  7.26140E-01  7.26140E-01  7.26140E-01  7.26140E-01  7.26140E-01  7.26140E-01  7.26140E-01  7.26140E-01  7.26140E-01  7.26140E-01  7.26140E-01  7.26140E-01  7.26140E-01  7.26140E-01
   54565   3  1.11222E-04  1.11222E-04  1.11222E-04  1.11222E-04  1.11222E-04  1.11222E-04  1.11222E-04  1.11222E-04  1.11222E-04  1.11222E-04  1.11222E-04  1.11222E-04  1.11222E-04  1.11222E-04  1.11222E-04  1.11222E-04  1.11222E-04  1.11222E-04  1.11222E-04  1.11222E-04  1.11222E-04  1.11222E-04  1.11222E-04  1.11222E-04
   54565   4  4.42786E-01  4.42786E-01  4.42786E-01  4.42786E-01  4.42786E-01  4.42786E-01  4.42786E-01  4.42786E-01  4.42786E-01  4.42786E-01  4.42786E-01  4.42786E-01  4.42786E-01  4.42786E-01  4.42786E-01  4.42786E-01  4.42786E-01  4.42786E-01  4.42786E-01  4.42786E-01  4.42786E-01  4.42786E-01  4.42786E-01  4.42786E-01
   54565   7  0.00000E+00  0.00000E+00  0.00000E+00  0.00000E+00  0.00000E+00  0.00000E+00  0.00000E+00  0.00000E+00  0.00000E+00  0.00000E+00  0.00000E+00  0.00000E+00  0.00000E+00  0.00000E+00  0.00000E+00  0.00000E+00  0.00000E+00  0.00000E+00  0.00000E+00  0.00000E+00  0.00000E+00  0.00000E+00  0.00000E+00  0.00000E+00
   48578   4  2.16031E-01  2.16031E-01  2.16031E-01  2.16031E-01  2.16031E-01  2.16031E-01  2.16031E-01  2.16031E-01  2.16031E-01  2.16031E-01  2.16031E-01  2.16031E-01  2.16031E-01  2.16031E-01  2.16031E-01  2.16031E-01  2.16031E-01  2.16031E-01  2.16031E-01  2.16031E-01  2.16031E-01  2.16031E-01  2.16031E-01  2.16031E-01
   48578   3  0.00000E+00  0.00000E+00  0.00000E+00  0.00000E+00  0.00000E+00  0.00000E+00  0.00000E+00  0.00000E+00  0.00000E+00  0.00000E+00  0.00000E+00  0.00000E+00  0.00000E+00  0.00000E+00  0.00000E+00  0.00000E+00  0.00000E+00  0.00000E+00  0.00000E+00  0.00000E+00  0.00000E+00  0.00000E+00  0.00000E+00  0.00000E+00
   48578   2  0.00000E+00  0.00000E+00  0.00000E+00  0.00000E+00  0.00000E+00  0.00000E+00  0.00000E+00  0.00000E+00  0.00000E+00  0.00000E+00  0.00000E+00  0.00000E+00  0.00000E+00  0.00000E+00  0.00000E+00  0.00000E+00  0.00000E+00  0.00000E+00  0.00000E+00  0.00000E+00  0.00000E+00  0.00000E+00  0.00000E+00  0.00000E+00
   48226   3  0.00000E+00  0.00000E+00  0.00000E+00  0.00000E+00  0.00000E+00  0.00000E+00  0.00000E+00  0.00000E+00  0.00000E+00  0.00000E+00  0.00000E+00  0.00000E+00  0.00000E+00  0.00000E+00  0.00000E+00  0.00000E+00  0.00000E+00  0.00000E+00  0.00000E+00  0.00000E+00  0.00000E+00  0.00000E+00  0.00000E+00  0.00000E+00
   48226   4  0.00000E+00  0.00000E+00  0.00000E+00  0.00000E+00  0.00000E+00  0.00000E+00  0.00000E+00  0.00000E+00  0.00000E+00  0.00000E+00  0.00000E+00  0.00000E+00  0.00000E+00  0.00000E+00  0.00000E+00  0.00000E+00  0.00000E+00  0.00000E+00  0.00000E+00  0.00000E+00  0.00000E+00  0.00000E+00  0.00000E+00  0.00000E+00
   47518   7  0.00000E+00  0.00000E+00  0.00000E+00  0.00000E+00  0.00000E+00  0.00000E+00  0.00000E+00  0.00000E+00  0.00000E+00  0.00000E+00  0.00000E+00  0.00000E+00  0.00000E+00  0.00000E+00  0.00000E+00  0.00000E+00  0.00000E+00  0.00000E+00  0.00000E+00  0.00000E+00  0.00000E+00  0.00000E+00  0.00000E+00  0.00000E+00
   48227   3  0.00000E+00  0.00000E+00  0.00000E+00  0.00000E+00  0.00000E+00  0.00000E+00  0.00000E+00  0.00000E+00  0.00000E+00  0.00000E+00  0.00000E+00  0.00000E+00  0.00000E+00  0.00000E+00  0.00000E+00  0.00000E+00  0.00000E+00  0.00000E+00  0.00000E+00  0.00000E+00  0.00000E+00  0.00000E+00  0.00000E+00  0.00000E+00
   48227   2  0.00000E+00  0.00000E+00  0.00000E+00  0.00000E+00  0.00000E+00  0.00000E+00  0.00000E+00  0.00000E+00  0.00000E+00  0.00000E+00  0.00000E+00  0.00000E+00  0.00000E+00  0.00000E+00  0.00000E+00  0.00000E+00  0.00000E+00  0.00000E+00  0.00000E+00  0.00000E+00  0.00000E+00  0.00000E+00  0.00000E+00  0.00000E+00
   46818   4  8.35264E-02  8.35264E-02  8.35264E-02  8.35264E-02  8.35264E-02  8.35264E-02  8.35264E-02  8.35264E-02  8.35264E-02  8.35264E-02  8.35264E-02  8.35264E-02  8.35264E-02  8.35264E-02  8.35264E-02  8.35264E-02  8.35264E-02  8.35264E-02  8.35264E-02  8.35264E-02  8.35264E-02  8.35264E-02  8.35264E-02  8.35264E-02
   38332   4  0.00000E+00  0.00000E+00  0.00000E+00  0.00000E+00  0.00000E+00  0.00000E+00  0.00000E+00  0.00000E+00  0.00000E+00  0.00000E+00  0.00000E+00  0.00000E+00  0.00000E+00  0.00000E+00  0.00000E+00  0.00000E+00  0.00000E+00  0.00000E+00  0.00000E+00  0.00000E+00  0.00000E+00  0.00000E+00  0.00000E+00  0.00000E+00
   38332   7  0.00000E+00  0.00000E+00  0.00000E+00  0.00000E+00  0.00000E+00  0.00000E+00  0.00000E+00  0.00000E+00  0.00000E+00  0.00000E+00  0.00000E+00  0.00000E+00  0.00000E+00  0.00000E+00  0.00000E+00  0.00000E+00  0.00000E+00  0.00000E+00  0.00000E+00  0.00000E+00  0.00000E+00  0.00000E+00  0.00000E+00  0.00000E+00
   35158   3  0.00000E+00  0.00000E+00  0.00000E+00  0.00000E+00  0.00000E+00  0.00000E+00  0.00000E+00  0.00000E+00  0.00000E+00  0.00000E+00  0.00000E+00  0.00000E+00  0.00000E+00  0.00000E+00  0.00000E+00  0.00000E+00  0.00000E+00  0.00000E+00  0.00000E+00  0.00000E+00  0.00000E+00  0.00000E+00  0.00000E+00  0.00000E+00
   30178   3  2.62683E+00  2.62683E+00  2.62683E+00  2.62683E+00  2.62683E+00  1.64520E-02  1.64520E-02  1.64520E-02  1.64520E-02  1.64520E-02  1.64520E-02  1.64520E-02  1.64520E-02  2.62683E+00  2.62683E+00  2.62683E+00  2.62683E+00  2.62683E+00  2.62683E+00  2.62683E+00  2.62683E+00  2.62683E+00  2.62683E+00  2.62683E+00
   30178   4  9.43008E-01  9.43008E-01  9.43008E-01  9.43008E-01  9.43008E-01  9.43008E-01  9.43008E-01  9.43008E-01  9.43008E-01  9.43008E-01  9.43008E-01  9.43008E-01  9.43008E-01  9.43008E-01  9.43008E-01  9.43008E-01  9.43008E-01  9.43008E-01  9.43008E-01  9.43008E-01  9.43008E-01  9.43008E-01  9.43008E-01  9.43008E-01
   30178   7  0.00000E+00  0.00000E+00  0.00000E+00  0.00000E+00  0.00000E+00  0.00000E+00  0.00000E+00  0.00000E+00  0.00000E+00  0.00000E+00  0.00000E+00  0.00000E+00  0.00000E+00  6.22976E-01  6.22976E-01  6.22976E-01  6.22976E-01  6.22976E-01  6.22976E-01  6.22976E-01  6.22976E-01  0.00000E+00  0.00000E+00  0.00000E+00
   30177   4  2.43977E-04  2.43977E-04  2.43977E-04  2.43977E-04  2.43977E-04  2.43977E-04  2.43977E-04  2.43977E-04  2.43977E-04  2.43977E-04  2.43977E-04  2.43977E-04  2.43977E-04  2.43977E-04  2.43977E-04  2.43977E-04  2.43977E-04  2.43977E-04  2.43977E-04  2.43977E-04  2.43977E-04  2.43977E-04  2.43977E-04  2.43977E-04
   29472   3  0.00000E+00  0.00000E+00  0.00000E+00  0.00000E+00  0.00000E+00  0.00000E+00  0.00000E+00  0.00000E+00  0.00000E+00  0.00000E+00  0.00000E+00  0.00000E+00  0.00000E+00  1.88420E+01  1.88420E+01  1.88420E+01  1.88420E+01  1.88420E+01  1.88420E+01  1.88420E+01  1.88420E+01  0.00000E+00  0.00000E+00  0.00000E+00
   29472   5  0.00000E+00  0.00000E+00  0.00000E+00  0.00000E+00  0.00000E+00  0.00000E+00  0.00000E+00  0.00000E+00  0.00000E+00  0.00000E+00  0.00000E+00  0.00000E+00  0.00000E+00  4.18711E+00  4.18711E+00  4.18711E+00  4.18711E+00  4.18711E+00  4.18711E+00  4.18711E+00  4.18711E+00  0.00000E+00  0.00000E+00  0.00000E+00
   29472   4  0.00000E+00  0.00000E+00  0.00000E+00  0.00000E+00  0.00000E+00  0.00000E+00  0.00000E+00  0.00000E+00  0.00000E+00  0.00000E+00  0.00000E+00  0.00000E+00  0.00000E+00  1.88420E+01  1.88420E+01  1.88420E+01  1.88420E+01  1.88420E+01  1.88420E+01  1.88420E+01  1.88420E+01  0.00000E+00  0.00000E+00  0.00000E+00
   30531   4  2.40299E-04  2.40299E-04  2.40299E-04  2.40299E-04  2.40299E-04  2.40299E-04  2.40299E-04  2.40299E-04  2.40299E-04  2.40299E-04  2.40299E-04  2.40299E-04  2.40299E-04  2.40299E-04  2.40299E-04  2.40299E-04  2.40299E-04  2.40299E-04  2.40299E-04  2.40299E-04  2.40299E-04  2.40299E-04  2.40299E-04  2.40299E-04
   30178   5  0.00000E+00  0.00000E+00  0.00000E+00  0.00000E+00  0.00000E+00  0.00000E+00  0.00000E+00  0.00000E+00  0.00000E+00  0.00000E+00  0.00000E+00  0.00000E+00  0.00000E+00  0.00000E+00  0.00000E+00  0.00000E+00  0.00000E+00  0.00000E+00  0.00000E+00  0.00000E+00  0.00000E+00  0.00000E+00  0.00000E+00  0.00000E+00
   30526   3  1.42218E-04  1.42218E-04  1.42218E-04  1.42218E-04  1.42218E-04  1.42218E-04  1.42218E-04  1.42218E-04  1.42218E-04  1.42218E-04  1.42218E-04  1.42218E-04  1.42218E-04  1.42218E-04  1.42218E-04  1.42218E-04  1.42218E-04  1.42218E-04  1.42218E-04  1.42218E-04  1.42218E-04  1.42218E-04  1.42218E-04  1.42218E-04
   30529   3  0.00000E+00  0.00000E+00  0.00000E+00  0.00000E+00  0.00000E+00  0.00000E+00  0.00000E+00  0.00000E+00  0.00000E+00  0.00000E+00  0.00000E+00  0.00000E+00  0.00000E+00  0.00000E+00  0.00000E+00  0.00000E+00  0.00000E+00  0.00000E+00  0.00000E+00  0.00000E+00  0.00000E+00  0.00000E+00  0.00000E+00  0.00000E+00
   30529   4  1.87032E-01  1.87032E-01  1.87032E-01  1.87032E-01  1.87032E-01  1.87032E-01  1.87032E-01  1.87032E-01  1.87032E-01  1.87032E-01  1.87032E-01  1.87032E-01  1.87032E-01  1.87032E-01  1.87032E-01  1.87032E-01  1.87032E-01  1.87032E-01  1.87032E-01  1.87032E-01  1.87032E-01  1.87032E-01  1.87032E-01  1.87032E-01
   31942   4  2.69232E+00  2.69232E+00  2.69232E+00  2.69232E+00  2.69232E+00  2.69232E+00  2.69232E+00  2.69232E+00  2.69232E+00  2.69232E+00  2.69232E+00  2.69232E+00  2.69232E+00  2.69232E+00  2.69232E+00  2.69232E+00  2.69232E+00  2.69232E+00  2.69232E+00  2.69232E+00  2.69232E+00  2.69232E+00  2.69232E+00  2.69232E+00
   30884   4  3.09575E-02  3.09575E-02  3.09575E-02  3.09575E-02  3.09575E-02  3.09575E-02  3.09575E-02  3.09575E-02  3.09575E-02  3.09575E-02  3.09575E-02  3.09575E-02  3.09575E-02  3.09575E-02  3.09575E-02  3.09575E-02  3.09575E-02  3.09575E-02  3.09575E-02  3.09575E-02  3.09575E-02  3.09575E-02  3.09575E-02  3.09575E-02
   44188   2  0.00000E+00  0.00000E+00  0.00000E+00  0.00000E+00  0.00000E+00  0.00000E+00  0.00000E+00  0.00000E+00  0.00000E+00  0.00000E+00  0.00000E+00  0.00000E+00  0.00000E+00  0.00000E+00  0.00000E+00  0.00000E+00  0.00000E+00  0.00000E+00  0.00000E+00  0.00000E+00  0.00000E+00  0.00000E+00  0.00000E+00  0.00000E+00
   44899   3  0.00000E+00  0.00000E+00  0.00000E+00  0.00000E+00  0.00000E+00  0.00000E+00  0.00000E+00  0.00000E+00  0.00000E+00  0.00000E+00  0.00000E+00  0.00000E+00  0.00000E+00  0.00000E+00  0.00000E+00  0.00000E+00  0.00000E+00  0.00000E+00  0.00000E+00  0.00000E+00  0.00000E+00  0.00000E+00  0.00000E+00  0.00000E+00
   47369   3  4.96089E-03  4.96089E-03  4.96089E-03  4.96089E-03  4.96089E-03  4.96089E-03  4.96089E-03  4.96089E-03  4.96089E-03  4.96089E-03  4.96089E-03  4.96089E-03  4.96089E-03  4.96089E-03  4.96089E-03  4.96089E-03  4.96089E-03  4.96089E-03  4.96089E-03  4.96089E-03  4.96089E-03  4.96089E-03  4.96089E-03  4.96089E-03
   55130   4  0.00000E+00  0.00000E+00  0.00000E+00  0.00000E+00  0.00000E+00  0.00000E+00  0.00000E+00  0.00000E+00  0.00000E+00  0.00000E+00  0.00000E+00  0.00000E+00  0.00000E+00  0.00000E+00  0.00000E+00  0.00000E+00  0.00000E+00  0.00000E+00  0.00000E+00  0.00000E+00  0.00000E+00  0.00000E+00  0.00000E+00  0.00000E+00
   55130   3  0.00000E+00  0.00000E+00  0.00000E+00  0.00000E+00  0.00000E+00  0.00000E+00  0.00000E+00  0.00000E+00  0.00000E+00  0.00000E+00  0.00000E+00  0.00000E+00  0.00000E+00  0.00000E+00  0.00000E+00  0.00000E+00  0.00000E+00  0.00000E+00  0.00000E+00  0.00000E+00  0.00000E+00  0.00000E+00  0.00000E+00  0.00000E+00
   55121   4  0.00000E+00  0.00000E+00  0.00000E+00  0.00000E+00  0.00000E+00  0.00000E+00  0.00000E+00  0.00000E+00  0.00000E+00  0.00000E+00  0.00000E+00  0.00000E+00  0.00000E+00  0.00000E+00  0.00000E+00  0.00000E+00  0.00000E+00  0.00000E+00  0.00000E+00  0.00000E+00  0.00000E+00  0.00000E+00  0.00000E+00  0.00000E+00
   55121   3  0.00000E+00  0.00000E+00  0.00000E+00  0.00000E+00  0.00000E+00  0.00000E+00  0.00000E+00  0.00000E+00  0.00000E+00  0.00000E+00  0.00000E+00  0.00000E+00  0.00000E+00  0.00000E+00  0.00000E+00  0.00000E+00  0.00000E+00  0.00000E+00  0.00000E+00  0.00000E+00  0.00000E+00  0.00000E+00  0.00000E+00  0.00000E+00
   58290   4  7.11089E-03  7.11089E-03  7.11089E-03  7.11089E-03  7.11089E-03  7.11089E-03  7.11089E-03  7.11089E-03  7.11089E-03  7.11089E-03  7.11089E-03  7.11089E-03  7.11089E-03  7.11089E-03  7.11089E-03  7.11089E-03  7.11089E-03  7.11089E-03  7.11089E-03  7.11089E-03  7.11089E-03  7.11089E-03  7.11089E-03  7.11089E-03
   57936   4  1.81426E-04  1.81426E-04  1.81426E-04  1.81426E-04  1.81426E-04  1.81426E-04  1.81426E-04  1.81426E-04  1.81426E-04  1.81426E-04  1.81426E-04  1.81426E-04  1.81426E-04  1.81426E-04  1.81426E-04  1.81426E-04  1.81426E-04  1.81426E-04  1.81426E-04  1.81426E-04  1.81426E-04  1.81426E-04  1.81426E-04  1.81426E-04
   41032   3  0.00000E+00  0.00000E+00  0.00000E+00  0.00000E+00  0.00000E+00  0.00000E+00  0.00000E+00  0.00000E+00  0.00000E+00  0.00000E+00  0.00000E+00  0.00000E+00  0.00000E+00  0.00000E+00  0.00000E+00  0.00000E+00  0.00000E+00  0.00000E+00  0.00000E+00  0.00000E+00  0.00000E+00  0.00000E+00  0.00000E+00  0.00000E+00
   41027   3  4.16031E-04  4.16031E-04  4.16031E-04  4.16031E-04  4.16031E-04  4.16031E-04  4.16031E-04  4.16031E-04  4.16031E-04  4.16031E-04  4.16031E-04  4.16031E-04  4.16031E-04  4.16031E-04  4.16031E-04  4.16031E-04  4.16031E-04  4.16031E-04  4.16031E-04  4.16031E-04  4.16031E-04  4.16031E-04  4.16031E-04  4.16031E-04
   41027   4  0.00000E+00  0.00000E+00  0.00000E+00  0.00000E+00  0.00000E+00  0.00000E+00  0.00000E+00  0.00000E+00  0.00000E+00  0.00000E+00  0.00000E+00  0.00000E+00  0.00000E+00  0.00000E+00  0.00000E+00  0.00000E+00  0.00000E+00  0.00000E+00  0.00000E+00  0.00000E+00  0.00000E+00  0.00000E+00  0.00000E+00  0.00000E+00
   41027   2  0.00000E+00  0.00000E+00  0.00000E+00  0.00000E+00  0.00000E+00  0.00000E+00  0.00000E+00  0.00000E+00  0.00000E+00  0.00000E+00  0.00000E+00  0.00000E+00  0.00000E+00  0.00000E+00  0.00000E+00  0.00000E+00  0.00000E+00  0.00000E+00  0.00000E+00  0.00000E+00  0.00000E+00  0.00000E+00  0.00000E+00  0.00000E+00
   41031   7  0.00000E+00  0.00000E+00  0.00000E+00  0.00000E+00  0.00000E+00  0.00000E+00  0.00000E+00  0.00000E+00  0.00000E+00  0.00000E+00  0.00000E+00  0.00000E+00  0.00000E+00  0.00000E+00  0.00000E+00  0.00000E+00  0.00000E+00  0.00000E+00  0.00000E+00  0.00000E+00  0.00000E+00  0.00000E+00  0.00000E+00  0.00000E+00
   37153   2  0.00000E+00  0.00000E+00  0.00000E+00  0.00000E+00  0.00000E+00  0.00000E+00  0.00000E+00  0.00000E+00  0.00000E+00  0.00000E+00  0.00000E+00  0.00000E+00  0.00000E+00  0.00000E+00  0.00000E+00  0.00000E+00  0.00000E+00  0.00000E+00  0.00000E+00  0.00000E+00  0.00000E+00  0.00000E+00  0.00000E+00  0.00000E+00
   22551   2  0.00000E+00  0.00000E+00  0.00000E+00  0.00000E+00  0.00000E+00  0.00000E+00  0.00000E+00  0.00000E+00  0.00000E+00  0.00000E+00  0.00000E+00  0.00000E+00  0.00000E+00  0.00000E+00  0.00000E+00  0.00000E+00  0.00000E+00  0.00000E+00  0.00000E+00  0.00000E+00  0.00000E+00  0.00000E+00  0.00000E+00  0.00000E+00
   22551   3  0.00000E+00  0.00000E+00  0.00000E+00  0.00000E+00  0.00000E+00  0.00000E+00  0.00000E+00  0.00000E+00  0.00000E+00  0.00000E+00  0.00000E+00  0.00000E+00  0.00000E+00  0.00000E+00  0.00000E+00  0.00000E+00  0.00000E+00  0.00000E+00  0.00000E+00  0.00000E+00  0.00000E+00  0.00000E+00  0.00000E+00  0.00000E+00
   23253   7  0.00000E+00  0.00000E+00  0.00000E+00  0.00000E+00  0.00000E+00  0.00000E+00  0.00000E+00  0.00000E+00  0.00000E+00  0.00000E+00  0.00000E+00  0.00000E+00  0.00000E+00  0.00000E+00  0.00000E+00  0.00000E+00  0.00000E+00  0.00000E+00  0.00000E+00  0.00000E+00  0.00000E+00  0.00000E+00  0.00000E+00  0.00000E+00
   22551   4  0.00000E+00  0.00000E+00  0.00000E+00  0.00000E+00  0.00000E+00  0.00000E+00  0.00000E+00  0.00000E+00  0.00000E+00  0.00000E+00  0.00000E+00  0.00000E+00  0.00000E+00  0.00000E+00  0.00000E+00  0.00000E+00  0.00000E+00  0.00000E+00  0.00000E+00  0.00000E+00  0.00000E+00  0.00000E+00  0.00000E+00  0.00000E+00
   16894   2  8.09170E-01  8.09170E-01  8.09170E-01  8.09170E-01  8.09170E-01  8.09170E-01  8.09170E-01  8.09170E-01  8.09170E-01  8.09170E-01  8.09170E-01  8.09170E-01  8.09170E-01  8.09170E-01  8.09170E-01  8.09170E-01  8.09170E-01  8.09170E-01  8.09170E-01  8.09170E-01  8.09170E-01  8.09170E-01  8.09170E-01  8.09170E-01
   16894   3  0.00000E+00  0.00000E+00  0.00000E+00  0.00000E+00  0.00000E+00  0.00000E+00  0.00000E+00  0.00000E+00  0.00000E+00  0.00000E+00  0.00000E+00  0.00000E+00  0.00000E+00  0.00000E+00  0.00000E+00  0.00000E+00  0.00000E+00  0.00000E+00  0.00000E+00  0.00000E+00  0.00000E+00  0.00000E+00  0.00000E+00  0.00000E+00
   16894   4  0.00000E+00  0.00000E+00  0.00000E+00  0.00000E+00  0.00000E+00  0.00000E+00  0.00000E+00  0.00000E+00  0.00000E+00  0.00000E+00  0.00000E+00  0.00000E+00  0.00000E+00  0.00000E+00  0.00000E+00  0.00000E+00  0.00000E+00  0.00000E+00  0.00000E+00  0.00000E+00  0.00000E+00  0.00000E+00  0.00000E+00  0.00000E+00
   18317   3  0.00000E+00  0.00000E+00  0.00000E+00  0.00000E+00  0.00000E+00  0.00000E+00  0.00000E+00  0.00000E+00  0.00000E+00  0.00000E+00  0.00000E+00  0.00000E+00  0.00000E+00  0.00000E+00  0.00000E+00  0.00000E+00  0.00000E+00  0.00000E+00  0.00000E+00  0.00000E+00  0.00000E+00  0.00000E+00  0.00000E+00  0.00000E+00
   18513   7  0.00000E+00  0.00000E+00  0.00000E+00  0.00000E+00  0.00000E+00  0.00000E+00  0.00000E+00  0.00000E+00  0.00000E+00  0.00000E+00  0.00000E+00  0.00000E+00  0.00000E+00  0.00000E+00  0.00000E+00  0.00000E+00  0.00000E+00  0.00000E+00  0.00000E+00  0.00000E+00  0.00000E+00  0.00000E+00  0.00000E+00  0.00000E+00
   18509   3  9.36248E-05  9.36248E-05  9.36248E-05  9.36248E-05  9.36248E-05  9.36248E-05  9.36248E-05  9.36248E-05  9.36248E-05  9.36248E-05  9.36248E-05  9.36248E-05  9.36248E-05  9.36248E-05  9.36248E-05  9.36248E-05  9.36248E-05  9.36248E-05  9.36248E-05  9.36248E-05  9.36248E-05  9.36248E-05  9.36248E-05  9.36248E-05
   19219   3  3.47550E-02  3.47550E-02  3.47550E-02  3.47550E-02  3.47550E-02  3.47550E-02  3.47550E-02  3.47550E-02  3.47550E-02  3.47550E-02  3.47550E-02  3.47550E-02  3.47550E-02  3.47550E-02  3.47550E-02  3.47550E-02  3.47550E-02  3.47550E-02  3.47550E-02  3.47550E-02  3.47550E-02  3.47550E-02  3.47550E-02  3.47550E-02
   19219   2  0.00000E+00  0.00000E+00  0.00000E+00  0.00000E+00  0.00000E+00  0.00000E+00  0.00000E+00  0.00000E+00  0.00000E+00  0.00000E+00  0.00000E+00  0.00000E+00  0.00000E+00  0.00000E+00  0.00000E+00  0.00000E+00  0.00000E+00  0.00000E+00  0.00000E+00  0.00000E+00  0.00000E+00  0.00000E+00  0.00000E+00  0.00000E+00
   18505   2  0.00000E+00  0.00000E+00  0.00000E+00  0.00000E+00  0.00000E+00  0.00000E+00  0.00000E+00  0.00000E+00  0.00000E+00  0.00000E+00  0.00000E+00  0.00000E+00  0.00000E+00  0.00000E+00  0.00000E+00  0.00000E+00  0.00000E+00  0.00000E+00  0.00000E+00  0.00000E+00  0.00000E+00  0.00000E+00  0.00000E+00  0.00000E+00
   18505   3  7.11985E-02  7.11985E-02  7.11985E-02  7.11985E-02  7.11985E-02  7.11985E-02  7.11985E-02  7.11985E-02  7.11985E-02  7.11985E-02  7.11985E-02  7.11985E-02  7.11985E-02  7.11985E-02  7.11985E-02  7.11985E-02  7.11985E-02  7.11985E-02  7.11985E-02  7.11985E-02  7.11985E-02  7.11985E-02  7.11985E-02  7.11985E-02
   18505   7  0.00000E+00  0.00000E+00  0.00000E+00  0.00000E+00  0.00000E+00  0.00000E+00  0.00000E+00  0.00000E+00  0.00000E+00  0.00000E+00  0.00000E+00  0.00000E+00  0.00000E+00  0.00000E+00  0.00000E+00  0.00000E+00  0.00000E+00  0.00000E+00  0.00000E+00  0.00000E+00  0.00000E+00  0.00000E+00  0.00000E+00  0.00000E+00
   17452   2  7.52836E-02  7.52836E-02  7.52836E-02  7.52836E-02  7.52836E-02  7.52836E-02  7.52836E-02  7.52836E-02  7.52836E-02  7.52836E-02  7.52836E-02  7.52836E-02  7.52836E-02  7.52836E-02  7.52836E-02  7.52836E-02  7.52836E-02  7.52836E-02  7.52836E-02  7.52836E-02  7.52836E-02  7.52836E-02  7.52836E-02  7.52836E-02
    6979   3  0.00000E+00  0.00000E+00  0.00000E+00  0.00000E+00  0.00000E+00  0.00000E+00  0.00000E+00  0.00000E+00  0.00000E+00  0.00000E+00  0.00000E+00  0.00000E+00  0.00000E+00  0.00000E+00  0.00000E+00  0.00000E+00  0.00000E+00  0.00000E+00  0.00000E+00  0.00000E+00  0.00000E+00  0.00000E+00  0.00000E+00  0.00000E+00
    9108   3  1.02083E-02  1.02083E-02  1.02083E-02  1.02083E-02  1.02083E-02  1.02083E-02  1.02083E-02  1.02083E-02  1.02083E-02  1.02083E-02  1.02083E-02  1.02083E-02  1.02083E-02  1.02083E-02  1.02083E-02  1.02083E-02  1.02083E-02  1.02083E-02  1.02083E-02  1.02083E-02  1.02083E-02  1.02083E-02  1.02083E-02  1.02083E-02
    2407   3  0.00000E+00  0.00000E+00  0.00000E+00  0.00000E+00  0.00000E+00  0.00000E+00  0.00000E+00  0.00000E+00  0.00000E+00  0.00000E+00  0.00000E+00  0.00000E+00  0.00000E+00  0.00000E+00  0.00000E+00  0.00000E+00  0.00000E+00  0.00000E+00  0.00000E+00  0.00000E+00  0.00000E+00  0.00000E+00  0.00000E+00  0.00000E+00
    2407   2  0.00000E+00  0.00000E+00  0.00000E+00  0.00000E+00  0.00000E+00  0.00000E+00  0.00000E+00  0.00000E+00  0.00000E+00  0.00000E+00  0.00000E+00  0.00000E+00  0.00000E+00  0.00000E+00  0.00000E+00  0.00000E+00  0.00000E+00  0.00000E+00  0.00000E+00  0.00000E+00  0.00000E+00  0.00000E+00  0.00000E+00  0.00000E+00
   13341   3  1.09643E-03  1.09643E-03  1.09643E-03  1.09643E-03  1.09643E-03  1.09643E-03  1.09643E-03  1.09643E-03  1.09643E-03  1.09643E-03  1.09643E-03  1.09643E-03  1.09643E-03  1.09643E-03  1.09643E-03  1.09643E-03  1.09643E-03  1.09643E-03  1.09643E-03  1.09643E-03  1.09643E-03  1.09643E-03  1.09643E-03  1.09643E-03
    9455   3  0.00000E+00  0.00000E+00  0.00000E+00  0.00000E+00  0.00000E+00  0.00000E+00  0.00000E+00  0.00000E+00  0.00000E+00  0.00000E+00  0.00000E+00  0.00000E+00  0.00000E+00  0.00000E+00  0.00000E+00  0.00000E+00  0.00000E+00  0.00000E+00  0.00000E+00  0.00000E+00  0.00000E+00  0.00000E+00  0.00000E+00  0.00000E+00
   11927   3  2.30465E-01  2.30465E-01  2.30465E-01  2.30465E-01  2.30465E-01  2.30465E-01  2.30465E-01  2.30465E-01  2.30465E-01  2.30465E-01  2.30465E-01  2.30465E-01  2.30465E-01  2.30465E-01  2.30465E-01  2.30465E-01  2.30465E-01  2.30465E-01  2.30465E-01  2.30465E-01  2.30465E-01  2.30465E-01  2.30465E-01  2.30465E-01
   12279   3  4.22113E-01  4.22113E-01  4.22113E-01  4.22113E-01  4.22113E-01  4.22113E-01  4.22113E-01  4.22113E-01  4.22113E-01  4.22113E-01  4.22113E-01  4.22113E-01  4.22113E-01  4.22113E-01  4.22113E-01  4.22113E-01  4.22113E-01  4.22113E-01  4.22113E-01  4.22113E-01  4.22113E-01  4.22113E-01  4.22113E-01  4.22113E-01
   12635   3  6.58971E-02  6.58971E-02  6.58971E-02  6.58971E-02  6.58971E-02  6.58971E-02  6.58971E-02  6.58971E-02  6.58971E-02  6.58971E-02  6.58971E-02  6.58971E-02  6.58971E-02  6.58971E-02  6.58971E-02  6.58971E-02  6.58971E-02  6.58971E-02  6.58971E-02  6.58971E-02  6.58971E-02  6.58971E-02  6.58971E-02  6.58971E-02
   12636   3  3.19294E-02  3.19294E-02  3.19294E-02  3.19294E-02  3.19294E-02  3.19294E-02  3.19294E-02  3.19294E-02  3.19294E-02  3.19294E-02  3.19294E-02  3.19294E-02  3.19294E-02  3.19294E-02  3.19294E-02  3.19294E-02  3.19294E-02  3.19294E-02  3.19294E-02  3.19294E-02  3.19294E-02  3.19294E-02  3.19294E-02  3.19294E-02
   14046   3  7.36481E-01  7.36481E-01  7.36481E-01  7.36481E-01  7.36481E-01  7.36481E-01  7.36481E-01  7.36481E-01  7.36481E-01  7.36481E-01  7.36481E-01  7.36481E-01  7.36481E-01  7.36481E-01  7.36481E-01  7.36481E-01  7.36481E-01  7.36481E-01  7.36481E-01  7.36481E-01  7.36481E-01  7.36481E-01  7.36481E-01  7.36481E-01
   14047   3  0.00000E+00  0.00000E+00  0.00000E+00  0.00000E+00  0.00000E+00  0.00000E+00  0.00000E+00  0.00000E+00  0.00000E+00  0.00000E+00  0.00000E+00  0.00000E+00  0.00000E+00  0.00000E+00  0.00000E+00  0.00000E+00  0.00000E+00  0.00000E+00  0.00000E+00  0.00000E+00  0.00000E+00  0.00000E+00  0.00000E+00  0.00000E+00
   14047   2  0.00000E+00  0.00000E+00  0.00000E+00  0.00000E+00  0.00000E+00  0.00000E+00  0.00000E+00  0.00000E+00  0.00000E+00  0.00000E+00  0.00000E+00  0.00000E+00  0.00000E+00  0.00000E+00  0.00000E+00  0.00000E+00  0.00000E+00  0.00000E+00  0.00000E+00  0.00000E+00  0.00000E+00  0.00000E+00  0.00000E+00  0.00000E+00
    9465   3  0.00000E+00  0.00000E+00  0.00000E+00  0.00000E+00  0.00000E+00  0.00000E+00  0.00000E+00  0.00000E+00  0.00000E+00  0.00000E+00  0.00000E+00  0.00000E+00  0.00000E+00  0.00000E+00  0.00000E+00  0.00000E+00  0.00000E+00  0.00000E+00  0.00000E+00  0.00000E+00  0.00000E+00  0.00000E+00  0.00000E+00  0.00000E+00
    1352   7  0.00000E+00  0.00000E+00  0.00000E+00  0.00000E+00  0.00000E+00  0.00000E+00  0.00000E+00  0.00000E+00  0.00000E+00  0.00000E+00  0.00000E+00  0.00000E+00  0.00000E+00  0.00000E+00  0.00000E+00  0.00000E+00  0.00000E+00  0.00000E+00  0.00000E+00  0.00000E+00  0.00000E+00  0.00000E+00  0.00000E+00  0.00000E+00
    1352   4  0.00000E+00  0.00000E+00  0.00000E+00  0.00000E+00  0.00000E+00  0.00000E+00  0.00000E+00  0.00000E+00  0.00000E+00  0.00000E+00  0.00000E+00  0.00000E+00  0.00000E+00  0.00000E+00  0.00000E+00  0.00000E+00  0.00000E+00  0.00000E+00  0.00000E+00  0.00000E+00  0.00000E+00  0.00000E+00  0.00000E+00  0.00000E+00
    9106   3  2.62313E-03  2.62313E-03  2.62313E-03  2.62313E-03  2.62313E-03  2.62313E-03  2.62313E-03  2.62313E-03  2.62313E-03  2.62313E-03  2.62313E-03  2.62313E-03  2.62313E-03  2.62313E-03  2.62313E-03  2.62313E-03  2.62313E-03  2.62313E-03  2.62313E-03  2.62313E-03  2.62313E-03  2.62313E-03  2.62313E-03  2.62313E-03
    9458   7  0.00000E+00  0.00000E+00  0.00000E+00  0.00000E+00  0.00000E+00  0.00000E+00  0.00000E+00  0.00000E+00  0.00000E+00  0.00000E+00  0.00000E+00  0.00000E+00  0.00000E+00  0.00000E+00  0.00000E+00  0.00000E+00  0.00000E+00  0.00000E+00  0.00000E+00  0.00000E+00  0.00000E+00  0.00000E+00  0.00000E+00  0.00000E+00
    9458   3  0.00000E+00  0.00000E+00  0.00000E+00  0.00000E+00  0.00000E+00  0.00000E+00  0.00000E+00  0.00000E+00  0.00000E+00  0.00000E+00  0.00000E+00  0.00000E+00  0.00000E+00  0.00000E+00  0.00000E+00  0.00000E+00  0.00000E+00  0.00000E+00  0.00000E+00  0.00000E+00  0.00000E+00  0.00000E+00  0.00000E+00  0.00000E+00
    9458   2  0.00000E+00  0.00000E+00  0.00000E+00  0.00000E+00  0.00000E+00  0.00000E+00  0.00000E+00  0.00000E+00  0.00000E+00  0.00000E+00  0.00000E+00  0.00000E+00  0.00000E+00  0.00000E+00  0.00000E+00  0.00000E+00  0.00000E+00  0.00000E+00  0.00000E+00  0.00000E+00  0.00000E+00  0.00000E+00  0.00000E+00  0.00000E+00
    6635   3  0.00000E+00  0.00000E+00  0.00000E+00  0.00000E+00  0.00000E+00  0.00000E+00  0.00000E+00  0.00000E+00  0.00000E+00  0.00000E+00  0.00000E+00  0.00000E+00  0.00000E+00  0.00000E+00  0.00000E+00  0.00000E+00  0.00000E+00  0.00000E+00  0.00000E+00  0.00000E+00  0.00000E+00  0.00000E+00  0.00000E+00  0.00000E+00
    6635   2  0.00000E+00  0.00000E+00  0.00000E+00  0.00000E+00  0.00000E+00  0.00000E+00  0.00000E+00  0.00000E+00  0.00000E+00  0.00000E+00  0.00000E+00  0.00000E+00  0.00000E+00  0.00000E+00  0.00000E+00  0.00000E+00  0.00000E+00  0.00000E+00  0.00000E+00  0.00000E+00  0.00000E+00  0.00000E+00  0.00000E+00  0.00000E+00
   11586   3  4.79499E-04  4.79499E-04  4.79499E-04  4.79499E-04  4.79499E-04  4.79499E-04  4.79499E-04  4.79499E-04  4.79499E-04  4.79499E-04  4.79499E-04  4.79499E-04  4.79499E-04  4.79499E-04  4.79499E-04  4.79499E-04  4.79499E-04  4.79499E-04  4.79499E-04  4.79499E-04  4.79499E-04  4.79499E-04  4.79499E-04  4.79499E-04
   19977   3  4.61942E+01  4.61942E+01  3.09670E+00  3.09670E+00  3.09670E+00  3.05721E+00  3.05721E+00  3.05721E+00  3.05721E+00  3.05721E+00  3.05721E+00  3.05721E+00  3.05721E+00  4.61942E+01  4.61942E+01  4.61942E+01  4.61942E+01  4.61942E+01  4.61942E+01  4.61942E+01  4.61942E+01  4.61942E+01  4.61942E+01  4.61942E+01
   19977   4  5.53017E+00  5.53017E+00  5.53017E+00  5.53017E+00  5.53017E+00  5.53017E+00  5.53017E+00  5.53017E+00  5.53017E+00  5.53017E+00  5.53017E+00  5.53017E+00  5.53017E+00  5.53017E+00  5.53017E+00  5.53017E+00  5.53017E+00  5.53017E+00  5.53017E+00  5.53017E+00  5.53017E+00  5.53017E+00  5.53017E+00  5.53017E+00
   19977   5  0.00000E+00  0.00000E+00  0.00000E+00  0.00000E+00  0.00000E+00  0.00000E+00  0.00000E+00  0.00000E+00  0.00000E+00  0.00000E+00  0.00000E+00  0.00000E+00  0.00000E+00  0.00000E+00  0.00000E+00  0.00000E+00  0.00000E+00  0.00000E+00  0.00000E+00  0.00000E+00  0.00000E+00  0.00000E+00  0.00000E+00  0.00000E+00
   20329   4  2.15405E+00  2.15405E+00  2.15405E+00  2.15405E+00  2.15405E+00  2.15405E+00  2.15405E+00  2.15405E+00  2.15405E+00  2.15405E+00  2.15405E+00  2.15405E+00  2.15405E+00  2.15405E+00  2.15405E+00  2.15405E+00  2.15405E+00  2.15405E+00  2.15405E+00  2.15405E+00  2.15405E+00  2.15405E+00  2.15405E+00  2.15405E+00
   20330   4  6.10455E+00  6.10455E+00  6.10455E+00  6.10455E+00  6.10455E+00  6.10455E+00  6.10455E+00  6.10455E+00  6.10455E+00  6.10455E+00  6.10455E+00  6.10455E+00  6.10455E+00  6.10455E+00  6.10455E+00  6.10455E+00  6.10455E+00  6.10455E+00  6.10455E+00  6.10455E+00  6.10455E+00  6.10455E+00  6.10455E+00  6.10455E+00
   19977   2  3.95580E-01  3.95580E-01  3.95580E-01  3.95580E-01  3.95580E-01  3.95580E-01  3.95580E-01  3.95580E-01  3.95580E-01  3.95580E-01  3.95580E-01  3.95580E-01  3.95580E-01  3.95580E-01  3.95580E-01  3.95580E-01  3.95580E-01  3.95580E-01  3.95580E-01  3.95580E-01  3.95580E-01  3.95580E-01  3.95580E-01  3.95580E-01
   19976   4  7.04302E+00  7.04302E+00  7.04302E+00  7.04302E+00  7.04302E+00  7.04302E+00  7.04302E+00  7.04302E+00  7.04302E+00  7.04302E+00  7.04302E+00  7.04302E+00  7.04302E+00  7.04302E+00  7.04302E+00  7.04302E+00  7.04302E+00  7.04302E+00  7.04302E+00  7.04302E+00  7.04302E+00  7.04302E+00  7.04302E+00  7.04302E+00
   19977   7  0.00000E+00  0.00000E+00  0.00000E+00  0.00000E+00  0.00000E+00  0.00000E+00  0.00000E+00  0.00000E+00  0.00000E+00  0.00000E+00  0.00000E+00  0.00000E+00  0.00000E+00  1.58819E+01  1.58819E+01  1.58819E+01  1.58819E+01  1.58819E+01  1.58819E+01  1.58819E+01  1.58819E+01  0.00000E+00  0.00000E+00  0.00000E+00
   20330   3  5.84365E+00  5.84365E+00  4.41263E+00  4.41263E+00  4.41263E+00  4.32742E+00  4.32742E+00  4.32742E+00  4.32742E+00  4.32742E+00  4.32742E+00  4.32742E+00  4.32742E+00  5.84472E+00  5.84472E+00  5.84472E+00  5.84472E+00  5.84472E+00  5.84472E+00  5.84472E+00  5.84472E+00  5.84365E+00  5.84365E+00  5.84365E+00
   19976   3  1.79303E+00  1.79303E+00  2.79615E-01  2.79615E-01  2.79615E-01  2.79615E-01  2.79615E-01  2.79615E-01  2.79615E-01  2.79615E-01  2.79615E-01  2.79615E-01  2.79615E-01  1.79303E+00  1.79303E+00  1.79303E+00  1.79303E+00  1.79303E+00  1.79303E+00  1.79303E+00  1.79303E+00  1.79303E+00  1.79303E+00  1.79303E+00
   19624   3  9.96027E+00  9.96027E+00  6.19882E-01  6.19882E-01  6.19882E-01  6.19882E-01  6.19882E-01  6.19882E-01  6.19882E-01  6.19882E-01  6.19882E-01  6.19882E-01  6.19882E-01  9.96027E+00  9.96027E+00  9.96027E+00  9.96027E+00  9.96027E+00  9.96027E+00  9.96027E+00  9.96027E+00  9.96027E+00  9.96027E+00  9.96027E+00
   19271   4  1.44793E+00  1.44793E+00  1.44793E+00  1.44793E+00  1.44793E+00  1.44793E+00  1.44793E+00  1.44793E+00  1.44793E+00  1.44793E+00  1.44793E+00  1.44793E+00  1.44793E+00  1.44793E+00  1.44793E+00  1.44793E+00  1.44793E+00  1.44793E+00  1.44793E+00  1.44793E+00  1.44793E+00  1.44793E+00  1.44793E+00  1.44793E+00
   19271   7  0.00000E+00  0.00000E+00  0.00000E+00  0.00000E+00  0.00000E+00  0.00000E+00  0.00000E+00  0.00000E+00  0.00000E+00  0.00000E+00  0.00000E+00  0.00000E+00  0.00000E+00  4.85502E-02  4.85502E-02  4.85502E-02  4.85502E-02  4.85502E-02  4.85502E-02  4.85502E-02  4.85502E-02  0.00000E+00  0.00000E+00  0.00000E+00
   19624   4  1.23215E+00  1.23215E+00  1.23215E+00  1.23215E+00  1.23215E+00  1.23215E+00  1.23215E+00  1.23215E+00  1.23215E+00  1.23215E+00  1.23215E+00  1.23215E+00  1.23215E+00  1.23215E+00  1.23215E+00  1.23215E+00  1.23215E+00  1.23215E+00  1.23215E+00  1.23215E+00  1.23215E+00  1.23215E+00  1.23215E+00  1.23215E+00
   19271   3  1.52762E+00  1.52762E+00  1.50046E+00  1.50046E+00  1.50046E+00  1.50046E+00  1.50046E+00  1.50046E+00  1.50046E+00  1.50046E+00  1.50046E+00  1.50046E+00  1.50046E+00  1.52762E+00  1.52762E+00  1.52762E+00  1.52762E+00  1.52762E+00  1.52762E+00  1.52762E+00  1.52762E+00  1.52762E+00  1.52762E+00  1.52762E+00
   19272   4  2.97692E-01  2.97692E-01  2.97692E-01  2.97692E-01  2.97692E-01  2.97692E-01  2.97692E-01  2.97692E-01  2.97692E-01  2.97692E-01  2.97692E-01  2.97692E-01  2.97692E-01  2.97692E-01  2.97692E-01  2.97692E-01  2.97692E-01  2.97692E-01  2.97692E-01  2.97692E-01  2.97692E-01  2.97692E-01  2.97692E-01  2.97692E-01
   19622   3  1.77723E-04  1.77723E-04  1.77723E-04  1.77723E-04  1.77723E-04  1.77723E-04  1.77723E-04  1.77723E-04  1.77723E-04  1.77723E-04  1.77723E-04  1.77723E-04  1.77723E-04  1.77723E-04  1.77723E-04  1.77723E-04  1.77723E-04  1.77723E-04  1.77723E-04  1.77723E-04  1.77723E-04  1.77723E-04  1.77723E-04  1.77723E-04
   19269   4  1.97732E-04  1.97732E-04  1.97732E-04  1.97732E-04  1.97732E-04  1.97732E-04  1.97732E-04  1.97732E-04  1.97732E-04  1.97732E-04  1.97732E-04  1.97732E-04  1.97732E-04  1.97732E-04  1.97732E-04  1.97732E-04  1.97732E-04  1.97732E-04  1.97732E-04  1.97732E-04  1.97732E-04  1.97732E-04  1.97732E-04  1.97732E-04
   20330   5  0.00000E+00  0.00000E+00  0.00000E+00  0.00000E+00  0.00000E+00  0.00000E+00  0.00000E+00  0.00000E+00  0.00000E+00  0.00000E+00  0.00000E+00  0.00000E+00  0.00000E+00  0.00000E+00  0.00000E+00  0.00000E+00  0.00000E+00  0.00000E+00  0.00000E+00  0.00000E+00  0.00000E+00  0.00000E+00  0.00000E+00  0.00000E+00
   19978   4  5.36988E+00  5.36988E+00  5.36988E+00  5.36988E+00  5.36988E+00  5.36988E+00  5.36988E+00  5.36988E+00  5.36988E+00  5.36988E+00  5.36988E+00  5.36988E+00  5.36988E+00  5.36988E+00  5.36988E+00  5.36988E+00  5.36988E+00  5.36988E+00  5.36988E+00  5.36988E+00  5.36988E+00  5.36988E+00  5.36988E+00  5.36988E+00
   19978   3  2.02908E+00  2.02908E+00  6.13553E-01  6.13553E-01  6.13553E-01  6.13553E-01  6.13553E-01  6.13553E-01  6.13553E-01  6.13553E-01  6.13553E-01  6.13553E-01  6.13553E-01  2.02908E+00  2.02908E+00  2.02908E+00  2.02908E+00  2.02908E+00  2.02908E+00  2.02908E+00  2.02908E+00  2.02908E+00  2.02908E+00  2.02908E+00
   19625   3  1.00904E+01  1.00904E+01  6.50501E+00  6.50501E+00  6.50501E+00  4.56959E+00  4.56959E+00  4.56959E+00  4.56959E+00  4.56959E+00  4.56959E+00  4.56959E+00  4.56959E+00  1.00905E+01  1.00905E+01  1.00905E+01  1.00905E+01  1.00905E+01  1.00905E+01  1.00905E+01  1.00905E+01  1.00904E+01  1.00904E+01  1.00904E+01
   19625   4  7.74342E+00  7.74342E+00  7.74342E+00  7.74342E+00  7.74342E+00  7.74342E+00  7.74342E+00  7.74342E+00  7.74342E+00  7.74342E+00  7.74342E+00  7.74342E+00  7.74342E+00  7.74342E+00  7.74342E+00  7.74342E+00  7.74342E+00  7.74342E+00  7.74342E+00  7.74342E+00  7.74342E+00  7.74342E+00  7.74342E+00  7.74342E+00
   19625   7  0.00000E+00  0.00000E+00  0.00000E+00  0.00000E+00  0.00000E+00  0.00000E+00  0.00000E+00  0.00000E+00  0.00000E+00  0.00000E+00  0.00000E+00  0.00000E+00  0.00000E+00  2.40958E-01  2.40958E-01  2.40958E-01  2.40958E-01  2.40958E-01  2.40958E-01  2.40958E-01  2.40958E-01  0.00000E+00  0.00000E+00  0.00000E+00
   19625   5  0.00000E+00  0.00000E+00  0.00000E+00  0.00000E+00  0.00000E+00  0.00000E+00  0.00000E+00  0.00000E+00  0.00000E+00  0.00000E+00  0.00000E+00  0.00000E+00  0.00000E+00  0.00000E+00  0.00000E+00  0.00000E+00  0.00000E+00  0.00000E+00  0.00000E+00  0.00000E+00  0.00000E+00  0.00000E+00  0.00000E+00  0.00000E+00
   19272   3  1.73918E-01  1.73918E-01  8.83766E-05  8.83766E-05  8.83766E-05  8.83766E-05  8.83766E-05  8.83766E-05  8.83766E-05  8.83766E-05  8.83766E-05  8.83766E-05  8.83766E-05  1.73918E-01  1.73918E-01  1.73918E-01  1.73918E-01  1.73918E-01  1.73918E-01  1.73918E-01  1.73918E-01  1.73918E-01  1.73918E-01  1.73918E-01
   19626   3  1.55643E-01  1.55643E-01  1.55643E-01  1.55643E-01  1.55643E-01  1.40418E-01  1.40418E-01  1.40418E-01  1.40418E-01  1.40418E-01  1.40418E-01  1.40418E-01  1.40418E-01  1.55978E-01  1.55978E-01  1.55978E-01  1.55978E-01  1.55978E-01  1.55978E-01  1.55978E-01  1.55978E-01  1.55643E-01  1.55643E-01  1.55643E-01
   19626   4  2.59001E+00  2.59001E+00  2.59001E+00  2.59001E+00  2.59001E+00  2.59001E+00  2.59001E+00  2.59001E+00  2.59001E+00  2.59001E+00  2.59001E+00  2.59001E+00  2.59001E+00  2.59001E+00  2.59001E+00  2.59001E+00  2.59001E+00  2.59001E+00  2.59001E+00  2.59001E+00  2.59001E+00  2.59001E+00  2.59001E+00  2.59001E+00
   19626   5  0.00000E+00  0.00000E+00  0.00000E+00  0.00000E+00  0.00000E+00  0.00000E+00  0.00000E+00  0.00000E+00  0.00000E+00  0.00000E+00  0.00000E+00  0.00000E+00  0.00000E+00  0.00000E+00  0.00000E+00  0.00000E+00  0.00000E+00  0.00000E+00  0.00000E+00  0.00000E+00  0.00000E+00  0.00000E+00  0.00000E+00  0.00000E+00
   19270   3  1.08231E-01  1.08231E-01  7.77086E-02  7.77086E-02  7.77086E-02  7.77086E-02  7.77086E-02  7.77086E-02  7.77086E-02  7.77086E-02  7.77086E-02  7.77086E-02  7.77086E-02  1.08237E-01  1.08237E-01  1.08237E-01  1.08237E-01  1.08237E-01  1.08237E-01  1.08237E-01  1.08237E-01  1.08231E-01  1.08231E-01  1.08231E-01
   19270   4  2.26431E-01  2.26431E-01  2.26431E-01  2.26431E-01  2.26431E-01  2.26431E-01  2.26431E-01  2.26431E-01  2.26431E-01  2.26431E-01  2.26431E-01  2.26431E-01  2.26431E-01  2.26833E-01  2.26833E-01  2.26833E-01  2.26833E-01  2.26833E-01  2.26833E-01  2.26833E-01  2.26833E-01  2.26431E-01  2.26431E-01  2.26431E-01
   19623   4  1.17948E-04  1.17948E-04  1.17948E-04  1.17948E-04  1.17948E-04  1.17948E-04  1.17948E-04  1.17948E-04  1.17948E-04  1.17948E-04  1.17948E-04  1.17948E-04  1.17948E-04  1.17948E-04  1.17948E-04  1.17948E-04  1.17948E-04  1.17948E-04  1.17948E-04  1.17948E-04  1.17948E-04  1.17948E-04  1.17948E-04  1.17948E-04
   19623   3  1.42013E-01  1.42013E-01  1.42013E-01  1.42013E-01  1.42013E-01  1.42013E-01  1.42013E-01  1.42013E-01  1.42013E-01  1.42013E-01  1.42013E-01  1.42013E-01  1.42013E-01  1.42013E-01  1.42013E-01  1.42013E-01  1.42013E-01  1.42013E-01  1.42013E-01  1.42013E-01  1.42013E-01  1.42013E-01  1.42013E-01  1.42013E-01
   19623   7  0.00000E+00  0.00000E+00  0.00000E+00  0.00000E+00  0.00000E+00  0.00000E+00  0.00000E+00  0.00000E+00  0.00000E+00  0.00000E+00  0.00000E+00  0.00000E+00  0.00000E+00  2.87975E-01  2.87975E-01  2.87975E-01  2.87975E-01  2.87975E-01  2.87975E-01  2.87975E-01  2.87975E-01  0.00000E+00  0.00000E+00  0.00000E+00
   19273   4  7.43926E-01  7.43926E-01  7.43926E-01  7.43926E-01  7.43926E-01  7.43926E-01  7.43926E-01  7.43926E-01  7.43926E-01  7.43926E-01  7.43926E-01  7.43926E-01  7.43926E-01  7.43926E-01  7.43926E-01  7.43926E-01  7.43926E-01  7.43926E-01  7.43926E-01  7.43926E-01  7.43926E-01  7.43926E-01  7.43926E-01  7.43926E-01
   19273   3  2.22512E-01  2.22512E-01  1.24733E-01  1.24733E-01  1.24733E-01  1.24733E-01  1.24733E-01  1.24733E-01  1.24733E-01  1.24733E-01  1.24733E-01  1.24733E-01  1.24733E-01  2.26066E-01  2.26066E-01  2.26066E-01  2.26066E-01  2.26066E-01  2.26066E-01  2.26066E-01  2.26066E-01  2.22512E-01  2.22512E-01  2.22512E-01
   19273   5  0.00000E+00  0.00000E+00  0.00000E+00  0.00000E+00  0.00000E+00  0.00000E+00  0.00000E+00  0.00000E+00  0.00000E+00  0.00000E+00  0.00000E+00  0.00000E+00  0.00000E+00  0.00000E+00  0.00000E+00  0.00000E+00  0.00000E+00  0.00000E+00  0.00000E+00  0.00000E+00  0.00000E+00  0.00000E+00  0.00000E+00  0.00000E+00
   18917   4  4.00943E-01  4.00943E-01  4.00943E-01  4.00943E-01  4.00943E-01  4.00943E-01  4.00943E-01  4.00943E-01  4.00943E-01  4.00943E-01  4.00943E-01  4.00943E-01  4.00943E-01  4.00943E-01  4.00943E-01  4.00943E-01  4.00943E-01  4.00943E-01  4.00943E-01  4.00943E-01  4.00943E-01  4.00943E-01  4.00943E-01  4.00943E-01
   18917   3  1.55251E-01  1.55251E-01  4.33409E-04  4.33409E-04  4.33409E-04  4.33409E-04  4.33409E-04  4.33409E-04  4.33409E-04  4.33409E-04  4.33409E-04  4.33409E-04  4.33409E-04  1.55251E-01  1.55251E-01  1.55251E-01  1.55251E-01  1.55251E-01  1.55251E-01  1.55251E-01  1.55251E-01  1.55251E-01  1.55251E-01  1.55251E-01
   18919   3  1.05440E-01  1.05440E-01  3.52742E-02  3.52742E-02  3.52742E-02  3.52742E-02  3.52742E-02  3.52742E-02  3.52742E-02  3.52742E-02  3.52742E-02  3.52742E-02  3.52742E-02  1.05440E-01  1.05440E-01  1.05440E-01  1.05440E-01  1.05440E-01  1.05440E-01  1.05440E-01  1.05440E-01  1.05440E-01  1.05440E-01  1.05440E-01
   18919   4  6.70538E-02  6.70538E-02  6.70538E-02  6.70538E-02  6.70538E-02  6.70538E-02  6.70538E-02  6.70538E-02  6.70538E-02  6.70538E-02  6.70538E-02  6.70538E-02  6.70538E-02  6.70538E-02  6.70538E-02  6.70538E-02  6.70538E-02  6.70538E-02  6.70538E-02  6.70538E-02  6.70538E-02  6.70538E-02  6.70538E-02  6.70538E-02
   19624   5  0.00000E+00  0.00000E+00  0.00000E+00  0.00000E+00  0.00000E+00  0.00000E+00  0.00000E+00  0.00000E+00  0.00000E+00  0.00000E+00  0.00000E+00  0.00000E+00  0.00000E+00  0.00000E+00  0.00000E+00  0.00000E+00  0.00000E+00  0.00000E+00  0.00000E+00  0.00000E+00  0.00000E+00  0.00000E+00  0.00000E+00  0.00000E+00
   19976   5  0.00000E+00  0.00000E+00  0.00000E+00  0.00000E+00  0.00000E+00  0.00000E+00  0.00000E+00  0.00000E+00  0.00000E+00  0.00000E+00  0.00000E+00  0.00000E+00  0.00000E+00  0.00000E+00  0.00000E+00  0.00000E+00  0.00000E+00  0.00000E+00  0.00000E+00  0.00000E+00  0.00000E+00  0.00000E+00  0.00000E+00  0.00000E+00
   19976   2  4.98169E-01  4.98169E-01  4.98169E-01  4.98169E-01  4.98169E-01  4.98169E-01  4.98169E-01  4.98169E-01  4.98169E-01  4.98169E-01  4.98169E-01  4.98169E-01  4.98169E-01  4.98169E-01  4.98169E-01  4.98169E-01  4.98169E-01  4.98169E-01  4.98169E-01  4.98169E-01  4.98169E-01  4.98169E-01  4.98169E-01  4.98169E-01
   19978   7  0.00000E+00  0.00000E+00  0.00000E+00  0.00000E+00  0.00000E+00  0.00000E+00  0.00000E+00  0.00000E+00  0.00000E+00  0.00000E+00  0.00000E+00  0.00000E+00  0.00000E+00  2.99135E-01  2.99135E-01  2.99135E-01  2.99135E-01  2.99135E-01  2.99135E-01  2.99135E-01  2.99135E-01  0.00000E+00  0.00000E+00  0.00000E+00
   44604   3  1.78309E-04  1.78309E-04  1.78309E-04  1.78309E-04  1.78309E-04  1.78309E-04  1.78309E-04  1.78309E-04  1.78309E-04  1.78309E-04  1.78309E-04  1.78309E-04  1.78309E-04  1.78309E-04  1.78309E-04  1.78309E-04  1.78309E-04  1.78309E-04  1.78309E-04  1.78309E-04  1.78309E-04  1.78309E-04  1.78309E-04  1.78309E-04
   42517   3  2.08110E-06  2.08110E-06  2.08110E-06  2.08110E-06  2.08110E-06  2.08110E-06  2.08110E-06  2.08110E-06  2.08110E-06  2.08110E-06  2.08110E-06  2.08110E-06  2.08110E-06  2.08110E-06  2.08110E-06  2.08110E-06  2.08110E-06  2.08110E-06  2.08110E-06  2.08110E-06  2.08110E-06  2.08110E-06  2.08110E-06  2.08110E-06
   43929   3  0.00000E+00  0.00000E+00  0.00000E+00  0.00000E+00  0.00000E+00  0.00000E+00  0.00000E+00  0.00000E+00  0.00000E+00  0.00000E+00  0.00000E+00  0.00000E+00  0.00000E+00  0.00000E+00  0.00000E+00  0.00000E+00  0.00000E+00  0.00000E+00  0.00000E+00  0.00000E+00  0.00000E+00  0.00000E+00  0.00000E+00  0.00000E+00
   39330   3  5.55091E-04  5.55091E-04  5.55091E-04  5.55091E-04  5.55091E-04  5.55091E-04  5.55091E-04  5.55091E-04  5.55091E-04  5.55091E-04  5.55091E-04  5.55091E-04  5.55091E-04  5.55091E-04  5.55091E-04  5.55091E-04  5.55091E-04  5.55091E-04  5.55091E-04  5.55091E-04  5.55091E-04  5.55091E-04  5.55091E-04  5.55091E-04
   39327   2  0.00000E+00  0.00000E+00  0.00000E+00  0.00000E+00  0.00000E+00  0.00000E+00  0.00000E+00  0.00000E+00  0.00000E+00  0.00000E+00  0.00000E+00  0.00000E+00  0.00000E+00  0.00000E+00  0.00000E+00  0.00000E+00  0.00000E+00  0.00000E+00  0.00000E+00  0.00000E+00  0.00000E+00  0.00000E+00  0.00000E+00  0.00000E+00
   39327   4  6.29460E-01  6.29460E-01  6.29460E-01  6.29460E-01  6.29460E-01  6.29460E-01  6.29460E-01  6.29460E-01  6.29460E-01  6.29460E-01  6.29460E-01  6.29460E-01  6.29460E-01  6.29460E-01  6.29460E-01  6.29460E-01  6.29460E-01  6.29460E-01  6.29460E-01  6.29460E-01  6.29460E-01  6.29460E-01  6.29460E-01  6.29460E-01
   39683   4  4.14482E-02  4.14482E-02  4.14482E-02  4.14482E-02  4.14482E-02  4.14482E-02  4.14482E-02  4.14482E-02  4.14482E-02  4.14482E-02  4.14482E-02  4.14482E-02  4.14482E-02  4.14482E-02  4.14482E-02  4.14482E-02  4.14482E-02  4.14482E-02  4.14482E-02  4.14482E-02  4.14482E-02  4.14482E-02  4.14482E-02  4.14482E-02
   39682   7  0.00000E+00  0.00000E+00  0.00000E+00  0.00000E+00  0.00000E+00  0.00000E+00  0.00000E+00  0.00000E+00  0.00000E+00  0.00000E+00  0.00000E+00  0.00000E+00  0.00000E+00  0.00000E+00  0.00000E+00  0.00000E+00  0.00000E+00  0.00000E+00  0.00000E+00  0.00000E+00  0.00000E+00  0.00000E+00  0.00000E+00  0.00000E+00
   46049   3  0.00000E+00  0.00000E+00  0.00000E+00  0.00000E+00  0.00000E+00  0.00000E+00  0.00000E+00  0.00000E+00  0.00000E+00  0.00000E+00  0.00000E+00  0.00000E+00  0.00000E+00  0.00000E+00  0.00000E+00  0.00000E+00  0.00000E+00  0.00000E+00  0.00000E+00  0.00000E+00  0.00000E+00  0.00000E+00  0.00000E+00  0.00000E+00
   46755   2  0.00000E+00  0.00000E+00  0.00000E+00  0.00000E+00  0.00000E+00  0.00000E+00  0.00000E+00  0.00000E+00  0.00000E+00  0.00000E+00  0.00000E+00  0.00000E+00  0.00000E+00  0.00000E+00  0.00000E+00  0.00000E+00  0.00000E+00  0.00000E+00  0.00000E+00  0.00000E+00  0.00000E+00  0.00000E+00  0.00000E+00  0.00000E+00
   46403   3  0.00000E+00  0.00000E+00  0.00000E+00  0.00000E+00  0.00000E+00  0.00000E+00  0.00000E+00  0.00000E+00  0.00000E+00  0.00000E+00  0.00000E+00  0.00000E+00  0.00000E+00  0.00000E+00  0.00000E+00  0.00000E+00  0.00000E+00  0.00000E+00  0.00000E+00  0.00000E+00  0.00000E+00  0.00000E+00  0.00000E+00  0.00000E+00
   46755   1  0.00000E+00  0.00000E+00  0.00000E+00  0.00000E+00  0.00000E+00  0.00000E+00  0.00000E+00  0.00000E+00  0.00000E+00  0.00000E+00  0.00000E+00  0.00000E+00  0.00000E+00  0.00000E+00  0.00000E+00  0.00000E+00  0.00000E+00  0.00000E+00  0.00000E+00  0.00000E+00  0.00000E+00  0.00000E+00  0.00000E+00  0.00000E+00
   46755   3  1.66517E-02  1.66517E-02  1.66517E-02  1.66517E-02  1.66517E-02  1.66517E-02  1.66517E-02  1.66517E-02  1.66517E-02  1.66517E-02  1.66517E-02  1.66517E-02  1.66517E-02  1.66517E-02  1.66517E-02  1.66517E-02  1.66517E-02  1.66517E-02  1.66517E-02  1.66517E-02  1.66517E-02  1.66517E-02  1.66517E-02  1.66517E-02
   46755   4  2.92066E-01  2.92066E-01  2.92066E-01  2.92066E-01  2.92066E-01  2.92066E-01  2.92066E-01  2.92066E-01  2.92066E-01  2.92066E-01  2.92066E-01  2.92066E-01  2.92066E-01  2.92066E-01  2.92066E-01  2.92066E-01  2.92066E-01  2.92066E-01  2.92066E-01  2.92066E-01  2.92066E-01  2.92066E-01  2.92066E-01  2.92066E-01
   46753   4  0.00000E+00  0.00000E+00  0.00000E+00  0.00000E+00  0.00000E+00  0.00000E+00  0.00000E+00  0.00000E+00  0.00000E+00  0.00000E+00  0.00000E+00  0.00000E+00  0.00000E+00  7.53263E-02  7.53263E-02  7.53263E-02  7.53263E-02  7.53263E-02  7.53263E-02  7.53263E-02  7.53263E-02  0.00000E+00  0.00000E+00  0.00000E+00
   47110   3  5.79456E-03  5.79456E-03  5.79456E-03  5.79456E-03  5.79456E-03  5.79456E-03  5.79456E-03  5.79456E-03  5.79456E-03  5.79456E-03  5.79456E-03  5.79456E-03  5.79456E-03  5.79456E-03  5.79456E-03  5.79456E-03  5.79456E-03  5.79456E-03  5.79456E-03  5.79456E-03  5.79456E-03  5.79456E-03  5.79456E-03  5.79456E-03
   46402   7  0.00000E+00  0.00000E+00  0.00000E+00  0.00000E+00  0.00000E+00  0.00000E+00  0.00000E+00  0.00000E+00  0.00000E+00  0.00000E+00  0.00000E+00  0.00000E+00  0.00000E+00  0.00000E+00  0.00000E+00  0.00000E+00  0.00000E+00  0.00000E+00  0.00000E+00  0.00000E+00  0.00000E+00  0.00000E+00  0.00000E+00  0.00000E+00
   47787   3  2.31531E-05  2.31531E-05  2.31531E-05  2.31531E-05  2.31531E-05  2.31531E-05  2.31531E-05  2.31531E-05  2.31531E-05  2.31531E-05  2.31531E-05  2.31531E-05  2.31531E-05  2.31531E-05  2.31531E-05  2.31531E-05  2.31531E-05  2.31531E-05  2.31531E-05  2.31531E-05  2.31531E-05  2.31531E-05  2.31531E-05  2.31531E-05
   47460   4  0.00000E+00  0.00000E+00  0.00000E+00  0.00000E+00  0.00000E+00  0.00000E+00  0.00000E+00  0.00000E+00  0.00000E+00  0.00000E+00  0.00000E+00  0.00000E+00  0.00000E+00  0.00000E+00  0.00000E+00  0.00000E+00  0.00000E+00  0.00000E+00  0.00000E+00  0.00000E+00  0.00000E+00  0.00000E+00  0.00000E+00  0.00000E+00
   42139   3  2.90597E-01  2.90597E-01  2.90597E-01  2.90597E-01  2.90597E-01  2.90597E-01  2.90597E-01  2.90597E-01  2.90597E-01  2.90597E-01  2.90597E-01  2.90597E-01  2.90597E-01  2.90597E-01  2.90597E-01  2.90597E-01  2.90597E-01  2.90597E-01  2.90597E-01  2.90597E-01  2.90597E-01  2.90597E-01  2.90597E-01  2.90597E-01
   41804   3  5.24688E-05  5.24688E-05  5.24688E-05  5.24688E-05  5.24688E-05  5.24688E-05  5.24688E-05  5.24688E-05  5.24688E-05  5.24688E-05  5.24688E-05  5.24688E-05  5.24688E-05  5.24688E-05  5.24688E-05  5.24688E-05  5.24688E-05  5.24688E-05  5.24688E-05  5.24688E-05  5.24688E-05  5.24688E-05  5.24688E-05  5.24688E-05
   40021   4  8.61567E-05  8.61567E-05  8.61567E-05  8.61567E-05  8.61567E-05  8.61567E-05  8.61567E-05  8.61567E-05  8.61567E-05  8.61567E-05  8.61567E-05  8.61567E-05  8.61567E-05  8.61567E-05  8.61567E-05  8.61567E-05  8.61567E-05  8.61567E-05  8.61567E-05  8.61567E-05  8.61567E-05  8.61567E-05  8.61567E-05  8.61567E-05
   43907   3  0.00000E+00  0.00000E+00  0.00000E+00  0.00000E+00  0.00000E+00  0.00000E+00  0.00000E+00  0.00000E+00  0.00000E+00  0.00000E+00  0.00000E+00  0.00000E+00  0.00000E+00  0.00000E+00  0.00000E+00  0.00000E+00  0.00000E+00  0.00000E+00  0.00000E+00  0.00000E+00  0.00000E+00  0.00000E+00  0.00000E+00  0.00000E+00
   24538   7  0.00000E+00  0.00000E+00  0.00000E+00  0.00000E+00  0.00000E+00  0.00000E+00  0.00000E+00  0.00000E+00  0.00000E+00  0.00000E+00  0.00000E+00  0.00000E+00  0.00000E+00  0.00000E+00  0.00000E+00  0.00000E+00  0.00000E+00  0.00000E+00  0.00000E+00  0.00000E+00  0.00000E+00  0.00000E+00  0.00000E+00  0.00000E+00
   24549   3  0.00000E+00  0.00000E+00  0.00000E+00  0.00000E+00  0.00000E+00  0.00000E+00  0.00000E+00  0.00000E+00  0.00000E+00  0.00000E+00  0.00000E+00  0.00000E+00  0.00000E+00  0.00000E+00  0.00000E+00  0.00000E+00  0.00000E+00  0.00000E+00  0.00000E+00  0.00000E+00  0.00000E+00  0.00000E+00  0.00000E+00  0.00000E+00
   24549   4  1.49035E-03  1.49035E-03  1.49035E-03  1.49035E-03  1.49035E-03  1.49035E-03  1.49035E-03  1.49035E-03  1.49035E-03  1.49035E-03  1.49035E-03  1.49035E-03  1.49035E-03  1.49035E-03  1.49035E-03  1.49035E-03  1.49035E-03  1.49035E-03  1.49035E-03  1.49035E-03  1.49035E-03  1.49035E-03  1.49035E-03  1.49035E-03
   24547   4  4.10151E-01  4.10151E-01  4.10151E-01  4.10151E-01  4.10151E-01  4.10151E-01  4.10151E-01  4.10151E-01  4.10151E-01  4.10151E-01  4.10151E-01  4.10151E-01  4.10151E-01  2.74489E+01  2.74489E+01  2.74489E+01  2.74489E+01  2.74489E+01  2.74489E+01  2.74489E+01  2.74489E+01  4.10151E-01  4.10151E-01  4.10151E-01
   24547   6  1.32667E+01  1.32667E+01  1.32667E+01  1.32667E+01  1.32667E+01  1.32667E+01  1.32667E+01  1.32667E+01  1.32667E+01  1.32667E+01  1.32667E+01  1.32667E+01  1.32667E+01  1.32667E+01  1.32667E+01  1.32667E+01  1.32667E+01  1.32667E+01  1.32667E+01  1.32667E+01  1.32667E+01  1.32667E+01  1.32667E+01  1.32667E+01
   24547   2  1.89524E+00  1.89524E+00  1.89524E+00  1.89524E+00  1.89524E+00  1.89524E+00  1.89524E+00  1.89524E+00  1.89524E+00  1.89524E+00  1.89524E+00  1.89524E+00  1.89524E+00  1.89524E+00  1.89524E+00  1.89524E+00  1.89524E+00  1.89524E+00  1.89524E+00  1.89524E+00  1.89524E+00  1.89524E+00  1.89524E+00  1.89524E+00
   24547   5  7.58096E+00  7.58096E+00  7.58096E+00  7.58096E+00  7.58096E+00  7.58096E+00  7.58096E+00  7.58096E+00  7.58096E+00  7.58096E+00  7.58096E+00  7.58096E+00  7.58096E+00  1.35896E+01  1.35896E+01  1.35896E+01  1.35896E+01  1.35896E+01  1.35896E+01  1.35896E+01  1.35896E+01  7.58096E+00  7.58096E+00  7.58096E+00
   24547   3  1.89524E+00  1.89524E+00  1.89524E+00  1.89524E+00  1.89524E+00  1.89524E+00  1.89524E+00  1.89524E+00  1.89524E+00  1.89524E+00  1.89524E+00  1.89524E+00  1.89524E+00  2.89340E+01  2.89340E+01  2.89340E+01  2.89340E+01  2.89340E+01  2.89340E+01  2.89340E+01  2.89340E+01  1.89524E+00  1.89524E+00  1.89524E+00
   24547   7  0.00000E+00  0.00000E+00  0.00000E+00  0.00000E+00  0.00000E+00  0.00000E+00  0.00000E+00  0.00000E+00  0.00000E+00  0.00000E+00  0.00000E+00  0.00000E+00  0.00000E+00  0.00000E+00  0.00000E+00  0.00000E+00  0.00000E+00  0.00000E+00  0.00000E+00  0.00000E+00  0.00000E+00  0.00000E+00  0.00000E+00  0.00000E+00
   26660   3  3.63529E-03  3.63529E-03  3.63529E-03  3.63529E-03  3.63529E-03  3.63529E-03  3.63529E-03  3.63529E-03  3.63529E-03  3.63529E-03  3.63529E-03  3.63529E-03  3.63529E-03  3.63529E-03  3.63529E-03  3.63529E-03  3.63529E-03  3.63529E-03  3.63529E-03  3.63529E-03  3.63529E-03  3.63529E-03  3.63529E-03  3.63529E-03
   25246   4  7.42836E-03  7.42836E-03  7.42836E-03  7.42836E-03  7.42836E-03  7.42836E-03  7.42836E-03  7.42836E-03  7.42836E-03  7.42836E-03  7.42836E-03  7.42836E-03  7.42836E-03  7.42836E-03  7.42836E-03  7.42836E-03  7.42836E-03  7.42836E-03  7.42836E-03  7.42836E-03  7.42836E-03  7.42836E-03  7.42836E-03  7.42836E-03
   25246   7  0.00000E+00  0.00000E+00  0.00000E+00  0.00000E+00  0.00000E+00  0.00000E+00  0.00000E+00  0.00000E+00  0.00000E+00  0.00000E+00  0.00000E+00  0.00000E+00  0.00000E+00  0.00000E+00  0.00000E+00  0.00000E+00  0.00000E+00  0.00000E+00  0.00000E+00  0.00000E+00  0.00000E+00  0.00000E+00  0.00000E+00  0.00000E+00
   27008   7  0.00000E+00  0.00000E+00  0.00000E+00  0.00000E+00  0.00000E+00  0.00000E+00  0.00000E+00  0.00000E+00  0.00000E+00  0.00000E+00  0.00000E+00  0.00000E+00  0.00000E+00  0.00000E+00  0.00000E+00  0.00000E+00  0.00000E+00  0.00000E+00  0.00000E+00  0.00000E+00  0.00000E+00  0.00000E+00  0.00000E+00  0.00000E+00
   27008   4  0.00000E+00  0.00000E+00  0.00000E+00  0.00000E+00  0.00000E+00  0.00000E+00  0.00000E+00  0.00000E+00  0.00000E+00  0.00000E+00  0.00000E+00  0.00000E+00  0.00000E+00  0.00000E+00  0.00000E+00  0.00000E+00  0.00000E+00  0.00000E+00  0.00000E+00  0.00000E+00  0.00000E+00  0.00000E+00  0.00000E+00  0.00000E+00
   24896   2  5.10091E-01  5.10091E-01  5.10091E-01  5.10091E-01  5.10091E-01  5.10091E-01  5.10091E-01  5.10091E-01  5.10091E-01  5.10091E-01  5.10091E-01  5.10091E-01  5.10091E-01  5.10091E-01  5.10091E-01  5.10091E-01  5.10091E-01  5.10091E-01  5.10091E-01  5.10091E-01  5.10091E-01  5.10091E-01  5.10091E-01  5.10091E-01
   24896   6  0.00000E+00  0.00000E+00  0.00000E+00  0.00000E+00  0.00000E+00  0.00000E+00  0.00000E+00  0.00000E+00  0.00000E+00  0.00000E+00  0.00000E+00  0.00000E+00  0.00000E+00  0.00000E+00  0.00000E+00  0.00000E+00  0.00000E+00  0.00000E+00  0.00000E+00  0.00000E+00  0.00000E+00  0.00000E+00  0.00000E+00  0.00000E+00
   24896   7  0.00000E+00  0.00000E+00  0.00000E+00  0.00000E+00  0.00000E+00  0.00000E+00  0.00000E+00  0.00000E+00  0.00000E+00  0.00000E+00  0.00000E+00  0.00000E+00  0.00000E+00  0.00000E+00  0.00000E+00  0.00000E+00  0.00000E+00  0.00000E+00  0.00000E+00  0.00000E+00  0.00000E+00  0.00000E+00  0.00000E+00  0.00000E+00
   24896   3  0.00000E+00  0.00000E+00  0.00000E+00  0.00000E+00  0.00000E+00  0.00000E+00  0.00000E+00  0.00000E+00  0.00000E+00  0.00000E+00  0.00000E+00  0.00000E+00  0.00000E+00  0.00000E+00  0.00000E+00  0.00000E+00  0.00000E+00  0.00000E+00  0.00000E+00  0.00000E+00  0.00000E+00  0.00000E+00  0.00000E+00  0.00000E+00
   24896   4  0.00000E+00  0.00000E+00  0.00000E+00  0.00000E+00  0.00000E+00  0.00000E+00  0.00000E+00  0.00000E+00  0.00000E+00  0.00000E+00  0.00000E+00  0.00000E+00  0.00000E+00  0.00000E+00  0.00000E+00  0.00000E+00  0.00000E+00  0.00000E+00  0.00000E+00  0.00000E+00  0.00000E+00  0.00000E+00  0.00000E+00  0.00000E+00
   23133   3  2.46794E-04  2.46794E-04  2.46794E-04  2.46794E-04  2.46794E-04  2.46794E-04  2.46794E-04  2.46794E-04  2.46794E-04  2.46794E-04  2.46794E-04  2.46794E-04  2.46794E-04  2.46794E-04  2.46794E-04  2.46794E-04  2.46794E-04  2.46794E-04  2.46794E-04  2.46794E-04  2.46794E-04  2.46794E-04  2.46794E-04  2.46794E-04
   26300   4  2.89923E-03  2.89923E-03  2.89923E-03  2.89923E-03  2.89923E-03  2.89923E-03  2.89923E-03  2.89923E-03  2.89923E-03  2.89923E-03  2.89923E-03  2.89923E-03  2.89923E-03  2.89923E-03  2.89923E-03  2.89923E-03  2.89923E-03  2.89923E-03  2.89923E-03  2.89923E-03  2.89923E-03  2.89923E-03  2.89923E-03  2.89923E-03
   26669   4  2.94244E-04  2.94244E-04  2.94244E-04  2.94244E-04  2.94244E-04  2.94244E-04  2.94244E-04  2.94244E-04  2.94244E-04  2.94244E-04  2.94244E-04  2.94244E-04  2.94244E-04  2.94244E-04  2.94244E-04  2.94244E-04  2.94244E-04  2.94244E-04  2.94244E-04  2.94244E-04  2.94244E-04  2.94244E-04  2.94244E-04  2.94244E-04
   26669   3  1.24105E-02  1.24105E-02  1.24105E-02  1.24105E-02  1.24105E-02  1.24105E-02  1.24105E-02  1.24105E-02  1.24105E-02  1.24105E-02  1.24105E-02  1.24105E-02  1.24105E-02  1.24105E-02  1.24105E-02  1.24105E-02  1.24105E-02  1.24105E-02  1.24105E-02  1.24105E-02  1.24105E-02  1.24105E-02  1.24105E-02  1.24105E-02
   24545   3  1.33135E-03  1.33135E-03  1.33135E-03  1.33135E-03  1.33135E-03  1.33135E-03  1.33135E-03  1.33135E-03  1.33135E-03  1.33135E-03  1.33135E-03  1.33135E-03  1.33135E-03  1.33135E-03  1.33135E-03  1.33135E-03  1.33135E-03  1.33135E-03  1.33135E-03  1.33135E-03  1.33135E-03  1.33135E-03  1.33135E-03  1.33135E-03
    9028   3  3.09117E-02  3.09117E-02  3.09117E-02  3.09117E-02  3.09117E-02  3.09117E-02  3.09117E-02  3.09117E-02  3.09117E-02  3.09117E-02  3.09117E-02  3.09117E-02  3.09117E-02  3.09117E-02  3.09117E-02  3.09117E-02  3.09117E-02  3.09117E-02  3.09117E-02  3.09117E-02  3.09117E-02  3.09117E-02  3.09117E-02  3.09117E-02
    9028   2  0.00000E+00  0.00000E+00  0.00000E+00  0.00000E+00  0.00000E+00  0.00000E+00  0.00000E+00  0.00000E+00  0.00000E+00  0.00000E+00  0.00000E+00  0.00000E+00  0.00000E+00  0.00000E+00  0.00000E+00  0.00000E+00  0.00000E+00  0.00000E+00  0.00000E+00  0.00000E+00  0.00000E+00  0.00000E+00  0.00000E+00  0.00000E+00
    9028   7  0.00000E+00  0.00000E+00  0.00000E+00  0.00000E+00  0.00000E+00  0.00000E+00  0.00000E+00  0.00000E+00  0.00000E+00  0.00000E+00  0.00000E+00  0.00000E+00  0.00000E+00  0.00000E+00  0.00000E+00  0.00000E+00  0.00000E+00  0.00000E+00  0.00000E+00  0.00000E+00  0.00000E+00  0.00000E+00  0.00000E+00  0.00000E+00
   14677   7  0.00000E+00  0.00000E+00  0.00000E+00  0.00000E+00  0.00000E+00  0.00000E+00  0.00000E+00  0.00000E+00  0.00000E+00  0.00000E+00  0.00000E+00  0.00000E+00  0.00000E+00  0.00000E+00  0.00000E+00  0.00000E+00  0.00000E+00  0.00000E+00  0.00000E+00  0.00000E+00  0.00000E+00  0.00000E+00  0.00000E+00  0.00000E+00
   15736   3  1.53636E-05  1.53636E-05  1.53636E-05  1.53636E-05  1.53636E-05  1.53636E-05  1.53636E-05  1.53636E-05  1.53636E-05  1.53636E-05  1.53636E-05  1.53636E-05  1.53636E-05  1.53636E-05  1.53636E-05  1.53636E-05  1.53636E-05  1.53636E-05  1.53636E-05  1.53636E-05  1.53636E-05  1.53636E-05  1.53636E-05  1.53636E-05
   13592   2  0.00000E+00  0.00000E+00  0.00000E+00  0.00000E+00  0.00000E+00  0.00000E+00  0.00000E+00  0.00000E+00  0.00000E+00  0.00000E+00  0.00000E+00  0.00000E+00  0.00000E+00  0.00000E+00  0.00000E+00  0.00000E+00  0.00000E+00  0.00000E+00  0.00000E+00  0.00000E+00  0.00000E+00  0.00000E+00  0.00000E+00  0.00000E+00
   12912   3  0.00000E+00  0.00000E+00  0.00000E+00  0.00000E+00  0.00000E+00  0.00000E+00  0.00000E+00  0.00000E+00  0.00000E+00  0.00000E+00  0.00000E+00  0.00000E+00  0.00000E+00  0.00000E+00  0.00000E+00  0.00000E+00  0.00000E+00  0.00000E+00  0.00000E+00  0.00000E+00  0.00000E+00  0.00000E+00  0.00000E+00  0.00000E+00
   23165   4  1.24008E-03  1.24008E-03  1.24008E-03  1.24008E-03  1.24008E-03  1.24008E-03  1.24008E-03  1.24008E-03  1.24008E-03  1.24008E-03  1.24008E-03  1.24008E-03  1.24008E-03  1.24008E-03  1.24008E-03  1.24008E-03  1.24008E-03  1.24008E-03  1.24008E-03  1.24008E-03  1.24008E-03  1.24008E-03  1.24008E-03  1.24008E-03
   22447   4  3.17204E-03  3.17204E-03  3.17204E-03  3.17204E-03  3.17204E-03  3.17204E-03  3.17204E-03  3.17204E-03  3.17204E-03  3.17204E-03  3.17204E-03  3.17204E-03  3.17204E-03  3.17204E-03  3.17204E-03  3.17204E-03  3.17204E-03  3.17204E-03  3.17204E-03  3.17204E-03  3.17204E-03  3.17204E-03  3.17204E-03  3.17204E-03
   22447   3  1.69678E-02  1.69678E-02  1.69678E-02  1.69678E-02  1.69678E-02  1.69678E-02  1.69678E-02  1.69678E-02  1.69678E-02  1.69678E-02  1.69678E-02  1.69678E-02  1.69678E-02  1.69678E-02  1.69678E-02  1.69678E-02  1.69678E-02  1.69678E-02  1.69678E-02  1.69678E-02  1.69678E-02  1.69678E-02  1.69678E-02  1.69678E-02
   22447   5  0.00000E+00  0.00000E+00  0.00000E+00  0.00000E+00  0.00000E+00  0.00000E+00  0.00000E+00  0.00000E+00  0.00000E+00  0.00000E+00  0.00000E+00  0.00000E+00  0.00000E+00  0.00000E+00  0.00000E+00  0.00000E+00  0.00000E+00  0.00000E+00  0.00000E+00  0.00000E+00  0.00000E+00  0.00000E+00  0.00000E+00  0.00000E+00
   22094   3  3.60588E-03  3.60588E-03  3.60588E-03  3.60588E-03  3.60588E-03  3.60588E-03  3.60588E-03  3.60588E-03  3.60588E-03  3.60588E-03  3.60588E-03  3.60588E-03  3.60588E-03  3.60588E-03  3.60588E-03  3.60588E-03  3.60588E-03  3.60588E-03  3.60588E-03  3.60588E-03  3.60588E-03  3.60588E-03  3.60588E-03  3.60588E-03
   22094   2  0.00000E+00  0.00000E+00  0.00000E+00  0.00000E+00  0.00000E+00  0.00000E+00  0.00000E+00  0.00000E+00  0.00000E+00  0.00000E+00  0.00000E+00  0.00000E+00  0.00000E+00  0.00000E+00  0.00000E+00  0.00000E+00  0.00000E+00  0.00000E+00  0.00000E+00  0.00000E+00  0.00000E+00  0.00000E+00  0.00000E+00  0.00000E+00
   22094   4  6.97604E-02  6.97604E-02  6.97604E-02  6.97604E-02  6.97604E-02  6.97604E-02  6.97604E-02  6.97604E-02  6.97604E-02  6.97604E-02  6.97604E-02  6.97604E-02  6.97604E-02  6.97604E-02  6.97604E-02  6.97604E-02  6.97604E-02  6.97604E-02  6.97604E-02  6.97604E-02  6.97604E-02  6.97604E-02  6.97604E-02  6.97604E-02
   22458   4  3.63012E-04  3.63012E-04  3.63012E-04  3.63012E-04  3.63012E-04  3.63012E-04  3.63012E-04  3.63012E-04  3.63012E-04  3.63012E-04  3.63012E-04  3.63012E-04  3.63012E-04  3.63012E-04  3.63012E-04  3.63012E-04  3.63012E-04  3.63012E-04  3.63012E-04  3.63012E-04  3.63012E-04  3.63012E-04  3.63012E-04  3.63012E-04
   23854   3  0.00000E+00  0.00000E+00  0.00000E+00  0.00000E+00  0.00000E+00  0.00000E+00  0.00000E+00  0.00000E+00  0.00000E+00  0.00000E+00  0.00000E+00  0.00000E+00  0.00000E+00  0.00000E+00  0.00000E+00  0.00000E+00  0.00000E+00  0.00000E+00  0.00000E+00  0.00000E+00  0.00000E+00  0.00000E+00  0.00000E+00  0.00000E+00
   23854   4  0.00000E+00  0.00000E+00  0.00000E+00  0.00000E+00  0.00000E+00  0.00000E+00  0.00000E+00  0.00000E+00  0.00000E+00  0.00000E+00  0.00000E+00  0.00000E+00  0.00000E+00  0.00000E+00  0.00000E+00  0.00000E+00  0.00000E+00  0.00000E+00  0.00000E+00  0.00000E+00  0.00000E+00  0.00000E+00  0.00000E+00  0.00000E+00
   23854   2  0.00000E+00  0.00000E+00  0.00000E+00  0.00000E+00  0.00000E+00  0.00000E+00  0.00000E+00  0.00000E+00  0.00000E+00  0.00000E+00  0.00000E+00  0.00000E+00  0.00000E+00  0.00000E+00  0.00000E+00  0.00000E+00  0.00000E+00  0.00000E+00  0.00000E+00  0.00000E+00  0.00000E+00  0.00000E+00  0.00000E+00  0.00000E+00
   26688   3  0.00000E+00  0.00000E+00  0.00000E+00  0.00000E+00  0.00000E+00  0.00000E+00  0.00000E+00  0.00000E+00  0.00000E+00  0.00000E+00  0.00000E+00  0.00000E+00  0.00000E+00  0.00000E+00  0.00000E+00  0.00000E+00  0.00000E+00  0.00000E+00  0.00000E+00  0.00000E+00  0.00000E+00  0.00000E+00  0.00000E+00  0.00000E+00
   26688   2  0.00000E+00  0.00000E+00  0.00000E+00  0.00000E+00  0.00000E+00  0.00000E+00  0.00000E+00  0.00000E+00  0.00000E+00  0.00000E+00  0.00000E+00  0.00000E+00  0.00000E+00  0.00000E+00  0.00000E+00  0.00000E+00  0.00000E+00  0.00000E+00  0.00000E+00  0.00000E+00  0.00000E+00  0.00000E+00  0.00000E+00  0.00000E+00
   22806   3  2.99529E-04  2.99529E-04  2.99529E-04  2.99529E-04  2.99529E-04  2.99529E-04  2.99529E-04  2.99529E-04  2.99529E-04  2.99529E-04  2.99529E-04  2.99529E-04  2.99529E-04  2.99529E-04  2.99529E-04  2.99529E-04  2.99529E-04  2.99529E-04  2.99529E-04  2.99529E-04  2.99529E-04  2.99529E-04  2.99529E-04  2.99529E-04
   22805   3  0.00000E+00  0.00000E+00  0.00000E+00  0.00000E+00  0.00000E+00  0.00000E+00  0.00000E+00  0.00000E+00  0.00000E+00  0.00000E+00  0.00000E+00  0.00000E+00  0.00000E+00  0.00000E+00  0.00000E+00  0.00000E+00  0.00000E+00  0.00000E+00  0.00000E+00  0.00000E+00  0.00000E+00  0.00000E+00  0.00000E+00  0.00000E+00
   22806   7  0.00000E+00  0.00000E+00  0.00000E+00  0.00000E+00  0.00000E+00  0.00000E+00  0.00000E+00  0.00000E+00  0.00000E+00  0.00000E+00  0.00000E+00  0.00000E+00  0.00000E+00  0.00000E+00  0.00000E+00  0.00000E+00  0.00000E+00  0.00000E+00  0.00000E+00  0.00000E+00  0.00000E+00  0.00000E+00  0.00000E+00  0.00000E+00
   22806   4  7.83956E-01  7.83956E-01  7.83956E-01  7.83956E-01  7.83956E-01  7.83956E-01  7.83956E-01  7.83956E-01  7.83956E-01  7.83956E-01  7.83956E-01  7.83956E-01  7.83956E-01  7.83956E-01  7.83956E-01  7.83956E-01  7.83956E-01  7.83956E-01  7.83956E-01  7.83956E-01  7.83956E-01  7.83956E-01  7.83956E-01  7.83956E-01
   23506   3  0.00000E+00  0.00000E+00  0.00000E+00  0.00000E+00  0.00000E+00  0.00000E+00  0.00000E+00  0.00000E+00  0.00000E+00  0.00000E+00  0.00000E+00  0.00000E+00  0.00000E+00  0.00000E+00  0.00000E+00  0.00000E+00  0.00000E+00  0.00000E+00  0.00000E+00  0.00000E+00  0.00000E+00  0.00000E+00  0.00000E+00  0.00000E+00
   22453   3  0.00000E+00  0.00000E+00  0.00000E+00  0.00000E+00  0.00000E+00  0.00000E+00  0.00000E+00  0.00000E+00  0.00000E+00  0.00000E+00  0.00000E+00  0.00000E+00  0.00000E+00  0.00000E+00  0.00000E+00  0.00000E+00  0.00000E+00  0.00000E+00  0.00000E+00  0.00000E+00  0.00000E+00  0.00000E+00  0.00000E+00  0.00000E+00
   22457   4  3.66720E-03  3.66720E-03  3.66720E-03  3.66720E-03  3.66720E-03  3.66720E-03  3.66720E-03  3.66720E-03  3.66720E-03  3.66720E-03  3.66720E-03  3.66720E-03  3.66720E-03  3.66720E-03  3.66720E-03  3.66720E-03  3.66720E-03  3.66720E-03  3.66720E-03  3.66720E-03  3.66720E-03  3.66720E-03  3.66720E-03  3.66720E-03
   21396   7  0.00000E+00  0.00000E+00  0.00000E+00  0.00000E+00  0.00000E+00  0.00000E+00  0.00000E+00  0.00000E+00  0.00000E+00  0.00000E+00  0.00000E+00  0.00000E+00  0.00000E+00  1.21526E+00  1.21526E+00  1.21526E+00  1.21526E+00  1.21526E+00  1.21526E+00  1.21526E+00  1.21526E+00  0.00000E+00  0.00000E+00  0.00000E+00
   21395   4  2.39061E-01  2.39061E-01  2.39061E-01  2.39061E-01  2.39061E-01  2.39061E-01  2.39061E-01  2.39061E-01  2.39061E-01  2.39061E-01  2.39061E-01  2.39061E-01  2.39061E-01  2.39061E-01  2.39061E-01  2.39061E-01  2.39061E-01  2.39061E-01  2.39061E-01  2.39061E-01  2.39061E-01  2.39061E-01  2.39061E-01  2.39061E-01
   21396   4  1.94777E-01  1.94777E-01  1.94777E-01  1.94777E-01  1.94777E-01  1.94777E-01  1.94777E-01  1.94777E-01  1.94777E-01  1.94777E-01  1.94777E-01  1.94777E-01  1.94777E-01  1.94777E-01  1.94777E-01  1.94777E-01  1.94777E-01  1.94777E-01  1.94777E-01  1.94777E-01  1.94777E-01  1.94777E-01  1.94777E-01  1.94777E-01
   21740   4  4.57508E-03  4.57508E-03  4.57508E-03  4.57508E-03  4.57508E-03  4.57508E-03  4.57508E-03  4.57508E-03  4.57508E-03  4.57508E-03  4.57508E-03  4.57508E-03  4.57508E-03  4.57508E-03  4.57508E-03  4.57508E-03  4.57508E-03  4.57508E-03  4.57508E-03  4.57508E-03  4.57508E-03  4.57508E-03  4.57508E-03  4.57508E-03
   21739   4  2.87756E-02  2.87756E-02  2.87756E-02  2.87756E-02  2.87756E-02  2.87756E-02  2.87756E-02  2.87756E-02  2.87756E-02  2.87756E-02  2.87756E-02  2.87756E-02  2.87756E-02  2.87756E-02  2.87756E-02  2.87756E-02  2.87756E-02  2.87756E-02  2.87756E-02  2.87756E-02  2.87756E-02  2.87756E-02  2.87756E-02  2.87756E-02
   21740   3  3.67454E-02  3.67454E-02  3.67454E-02  3.67454E-02  3.67454E-02  0.00000E+00  0.00000E+00  0.00000E+00  0.00000E+00  0.00000E+00  0.00000E+00  0.00000E+00  0.00000E+00  3.67454E-02  3.67454E-02  3.67454E-02  3.67454E-02  3.67454E-02  3.67454E-02  3.67454E-02  3.67454E-02  3.67454E-02  3.67454E-02  3.67454E-02
   22093   4  0.00000E+00  0.00000E+00  0.00000E+00  0.00000E+00  0.00000E+00  0.00000E+00  0.00000E+00  0.00000E+00  0.00000E+00  0.00000E+00  0.00000E+00  0.00000E+00  0.00000E+00  0.00000E+00  0.00000E+00  0.00000E+00  0.00000E+00  0.00000E+00  0.00000E+00  0.00000E+00  0.00000E+00  0.00000E+00  0.00000E+00  0.00000E+00
   22093   7  0.00000E+00  0.00000E+00  0.00000E+00  0.00000E+00  0.00000E+00  0.00000E+00  0.00000E+00  0.00000E+00  0.00000E+00  0.00000E+00  0.00000E+00  0.00000E+00  0.00000E+00  0.00000E+00  0.00000E+00  0.00000E+00  0.00000E+00  0.00000E+00  0.00000E+00  0.00000E+00  0.00000E+00  0.00000E+00  0.00000E+00  0.00000E+00
   21744   3  4.69467E-01  4.69467E-01  4.69467E-01  4.69467E-01  4.69467E-01  4.69467E-01  4.69467E-01  4.69467E-01  4.69467E-01  4.69467E-01  4.69467E-01  4.69467E-01  4.69467E-01  4.69467E-01  4.69467E-01  4.69467E-01  4.69467E-01  4.69467E-01  4.69467E-01  4.69467E-01  4.69467E-01  4.69467E-01  4.69467E-01  4.69467E-01
   21744   4  2.38889E-01  2.38889E-01  2.38889E-01  2.38889E-01  2.38889E-01  2.38889E-01  2.38889E-01  2.38889E-01  2.38889E-01  2.38889E-01  2.38889E-01  2.38889E-01  2.38889E-01  2.38889E-01  2.38889E-01  2.38889E-01  2.38889E-01  2.38889E-01  2.38889E-01  2.38889E-01  2.38889E-01  2.38889E-01  2.38889E-01  2.38889E-01
   21391   4  7.86291E-02  7.86291E-02  7.86291E-02  7.86291E-02  7.86291E-02  7.86291E-02  7.86291E-02  7.86291E-02  7.86291E-02  7.86291E-02  7.86291E-02  7.86291E-02  7.86291E-02  7.86291E-02  7.86291E-02  7.86291E-02  7.86291E-02  7.86291E-02  7.86291E-02  7.86291E-02  7.86291E-02  7.86291E-02  7.86291E-02  7.86291E-02
   21391   3  5.37037E-01  5.37037E-01  5.37037E-01  5.37037E-01  5.37037E-01  5.37037E-01  5.37037E-01  5.37037E-01  5.37037E-01  5.37037E-01  5.37037E-01  5.37037E-01  5.37037E-01  5.37037E-01  5.37037E-01  5.37037E-01  5.37037E-01  5.37037E-01  5.37037E-01  5.37037E-01  5.37037E-01  5.37037E-01  5.37037E-01  5.37037E-01
   21744   5  0.00000E+00  0.00000E+00  0.00000E+00  0.00000E+00  0.00000E+00  0.00000E+00  0.00000E+00  0.00000E+00  0.00000E+00  0.00000E+00  0.00000E+00  0.00000E+00  0.00000E+00  0.00000E+00  0.00000E+00  0.00000E+00  0.00000E+00  0.00000E+00  0.00000E+00  0.00000E+00  0.00000E+00  0.00000E+00  0.00000E+00  0.00000E+00
   22098   4  6.13007E-02  6.13007E-02  6.13007E-02  6.13007E-02  6.13007E-02  6.13007E-02  6.13007E-02  6.13007E-02  6.13007E-02  6.13007E-02  6.13007E-02  6.13007E-02  6.13007E-02  6.13007E-02  6.13007E-02  6.13007E-02  6.13007E-02  6.13007E-02  6.13007E-02  6.13007E-02  6.13007E-02  6.13007E-02  6.13007E-02  6.13007E-02
   22445   7  0.00000E+00  0.00000E+00  0.00000E+00  0.00000E+00  0.00000E+00  0.00000E+00  0.00000E+00  0.00000E+00  0.00000E+00  0.00000E+00  0.00000E+00  0.00000E+00  0.00000E+00  0.00000E+00  0.00000E+00  0.00000E+00  0.00000E+00  0.00000E+00  0.00000E+00  0.00000E+00  0.00000E+00  0.00000E+00  0.00000E+00  0.00000E+00
   22093   3  2.22264E-02  2.22264E-02  2.22264E-02  2.22264E-02  2.22264E-02  2.22264E-02  2.22264E-02  2.22264E-02  2.22264E-02  2.22264E-02  2.22264E-02  2.22264E-02  2.22264E-02  2.22264E-02  2.22264E-02  2.22264E-02  2.22264E-02  2.22264E-02  2.22264E-02  2.22264E-02  2.22264E-02  2.22264E-02  2.22264E-02  2.22264E-02
   22093   2  2.22264E-02  2.22264E-02  2.22264E-02  2.22264E-02  2.22264E-02  2.22264E-02  2.22264E-02  2.22264E-02  2.22264E-02  2.22264E-02  2.22264E-02  2.22264E-02  2.22264E-02  2.22264E-02  2.22264E-02  2.22264E-02  2.22264E-02  2.22264E-02  2.22264E-02  2.22264E-02  2.22264E-02  2.22264E-02  2.22264E-02  2.22264E-02
   22445   2  0.00000E+00  0.00000E+00  0.00000E+00  0.00000E+00  0.00000E+00  0.00000E+00  0.00000E+00  0.00000E+00  0.00000E+00  0.00000E+00  0.00000E+00  0.00000E+00  0.00000E+00  0.00000E+00  0.00000E+00  0.00000E+00  0.00000E+00  0.00000E+00  0.00000E+00  0.00000E+00  0.00000E+00  0.00000E+00  0.00000E+00  0.00000E+00
   22445   3  0.00000E+00  0.00000E+00  0.00000E+00  0.00000E+00  0.00000E+00  0.00000E+00  0.00000E+00  0.00000E+00  0.00000E+00  0.00000E+00  0.00000E+00  0.00000E+00  0.00000E+00  0.00000E+00  0.00000E+00  0.00000E+00  0.00000E+00  0.00000E+00  0.00000E+00  0.00000E+00  0.00000E+00  0.00000E+00  0.00000E+00  0.00000E+00
   22445   1  0.00000E+00  0.00000E+00  0.00000E+00  0.00000E+00  0.00000E+00  0.00000E+00  0.00000E+00  0.00000E+00  0.00000E+00  0.00000E+00  0.00000E+00  0.00000E+00  0.00000E+00  0.00000E+00  0.00000E+00  0.00000E+00  0.00000E+00  0.00000E+00  0.00000E+00  0.00000E+00  0.00000E+00  0.00000E+00  0.00000E+00  0.00000E+00
   22446   4  7.27149E-02  7.27149E-02  7.27149E-02  7.27149E-02  7.27149E-02  7.27149E-02  7.27149E-02  7.27149E-02  7.27149E-02  7.27149E-02  7.27149E-02  7.27149E-02  7.27149E-02  7.27149E-02  7.27149E-02  7.27149E-02  7.27149E-02  7.27149E-02  7.27149E-02  7.27149E-02  7.27149E-02  7.27149E-02  7.27149E-02  7.27149E-02
   22446   2  0.00000E+00  0.00000E+00  0.00000E+00  0.00000E+00  0.00000E+00  0.00000E+00  0.00000E+00  0.00000E+00  0.00000E+00  0.00000E+00  0.00000E+00  0.00000E+00  0.00000E+00  0.00000E+00  0.00000E+00  0.00000E+00  0.00000E+00  0.00000E+00  0.00000E+00  0.00000E+00  0.00000E+00  0.00000E+00  0.00000E+00  0.00000E+00
   22446   3  0.00000E+00  0.00000E+00  0.00000E+00  0.00000E+00  0.00000E+00  0.00000E+00  0.00000E+00  0.00000E+00  0.00000E+00  0.00000E+00  0.00000E+00  0.00000E+00  0.00000E+00  0.00000E+00  0.00000E+00  0.00000E+00  0.00000E+00  0.00000E+00  0.00000E+00  0.00000E+00  0.00000E+00  0.00000E+00  0.00000E+00  0.00000E+00
   22446   1  0.00000E+00  0.00000E+00  0.00000E+00  0.00000E+00  0.00000E+00  0.00000E+00  0.00000E+00  0.00000E+00  0.00000E+00  0.00000E+00  0.00000E+00  0.00000E+00  0.00000E+00  0.00000E+00  0.00000E+00  0.00000E+00  0.00000E+00  0.00000E+00  0.00000E+00  0.00000E+00  0.00000E+00  0.00000E+00  0.00000E+00  0.00000E+00
   22810   4  1.40992E-02  1.40992E-02  1.40992E-02  1.40992E-02  1.40992E-02  1.40992E-02  1.40992E-02  1.40992E-02  1.40992E-02  1.40992E-02  1.40992E-02  1.40992E-02  1.40992E-02  1.40992E-02  1.40992E-02  1.40992E-02  1.40992E-02  1.40992E-02  1.40992E-02  1.40992E-02  1.40992E-02  1.40992E-02  1.40992E-02  1.40992E-02
   22810   3  0.00000E+00  0.00000E+00  0.00000E+00  0.00000E+00  0.00000E+00  0.00000E+00  0.00000E+00  0.00000E+00  0.00000E+00  0.00000E+00  0.00000E+00  0.00000E+00  0.00000E+00  0.00000E+00  0.00000E+00  0.00000E+00  0.00000E+00  0.00000E+00  0.00000E+00  0.00000E+00  0.00000E+00  0.00000E+00  0.00000E+00  0.00000E+00
   25975   3  0.00000E+00  0.00000E+00  0.00000E+00  0.00000E+00  0.00000E+00  0.00000E+00  0.00000E+00  0.00000E+00  0.00000E+00  0.00000E+00  0.00000E+00  0.00000E+00  0.00000E+00  0.00000E+00  0.00000E+00  0.00000E+00  0.00000E+00  0.00000E+00  0.00000E+00  0.00000E+00  0.00000E+00  0.00000E+00  0.00000E+00  0.00000E+00
   25581   3  0.00000E+00  0.00000E+00  0.00000E+00  0.00000E+00  0.00000E+00  0.00000E+00  0.00000E+00  0.00000E+00  0.00000E+00  0.00000E+00  0.00000E+00  0.00000E+00  0.00000E+00  0.00000E+00  0.00000E+00  0.00000E+00  0.00000E+00  0.00000E+00  0.00000E+00  0.00000E+00  0.00000E+00  0.00000E+00  0.00000E+00  0.00000E+00
   24161   3  0.00000E+00  0.00000E+00  0.00000E+00  0.00000E+00  0.00000E+00  0.00000E+00  0.00000E+00  0.00000E+00  0.00000E+00  0.00000E+00  0.00000E+00  0.00000E+00  0.00000E+00  0.00000E+00  0.00000E+00  0.00000E+00  0.00000E+00  0.00000E+00  0.00000E+00  0.00000E+00  0.00000E+00  0.00000E+00  0.00000E+00  0.00000E+00
   24161   2  0.00000E+00  0.00000E+00  0.00000E+00  0.00000E+00  0.00000E+00  0.00000E+00  0.00000E+00  0.00000E+00  0.00000E+00  0.00000E+00  0.00000E+00  0.00000E+00  0.00000E+00  0.00000E+00  0.00000E+00  0.00000E+00  0.00000E+00  0.00000E+00  0.00000E+00  0.00000E+00  0.00000E+00  0.00000E+00  0.00000E+00  0.00000E+00
   20976   3  0.00000E+00  0.00000E+00  0.00000E+00  0.00000E+00  0.00000E+00  0.00000E+00  0.00000E+00  0.00000E+00  0.00000E+00  0.00000E+00  0.00000E+00  0.00000E+00  0.00000E+00  0.00000E+00  0.00000E+00  0.00000E+00  0.00000E+00  0.00000E+00  0.00000E+00  0.00000E+00  0.00000E+00  0.00000E+00  0.00000E+00  0.00000E+00
   20976   2  0.00000E+00  0.00000E+00  0.00000E+00  0.00000E+00  0.00000E+00  0.00000E+00  0.00000E+00  0.00000E+00  0.00000E+00  0.00000E+00  0.00000E+00  0.00000E+00  0.00000E+00  0.00000E+00  0.00000E+00  0.00000E+00  0.00000E+00  0.00000E+00  0.00000E+00  0.00000E+00  0.00000E+00  0.00000E+00  0.00000E+00  0.00000E+00
   20621   3  0.00000E+00  0.00000E+00  0.00000E+00  0.00000E+00  0.00000E+00  0.00000E+00  0.00000E+00  0.00000E+00  0.00000E+00  0.00000E+00  0.00000E+00  0.00000E+00  0.00000E+00  0.00000E+00  0.00000E+00  0.00000E+00  0.00000E+00  0.00000E+00  0.00000E+00  0.00000E+00  0.00000E+00  0.00000E+00  0.00000E+00  0.00000E+00
   23460   3  1.37580E-01  1.37580E-01  1.37580E-01  1.37580E-01  1.37580E-01  1.37580E-01  1.37580E-01  1.37580E-01  1.37580E-01  1.37580E-01  1.37580E-01  1.37580E-01  1.37580E-01  1.37580E-01  1.37580E-01  1.37580E-01  1.37580E-01  1.37580E-01  1.37580E-01  1.37580E-01  1.37580E-01  1.37580E-01  1.37580E-01  1.37580E-01
   25224   4  6.80980E+00  6.80980E+00  6.80980E+00  6.80980E+00  6.80980E+00  6.80980E+00  6.80980E+00  6.80980E+00  6.80980E+00  6.80980E+00  6.80980E+00  6.80980E+00  6.80980E+00  6.80980E+00  6.80980E+00  6.80980E+00  6.80980E+00  6.80980E+00  6.80980E+00  6.80980E+00  6.80980E+00  6.80980E+00  6.80980E+00  6.80980E+00
   25224   3  9.58842E-01  9.58842E-01  9.58842E-01  9.58842E-01  9.58842E-01  9.58842E-01  9.58842E-01  9.58842E-01  9.58842E-01  9.58842E-01  9.58842E-01  9.58842E-01  9.58842E-01  9.58842E-01  9.58842E-01  9.58842E-01  9.58842E-01  9.58842E-01  9.58842E-01  9.58842E-01  9.58842E-01  9.58842E-01  9.58842E-01  9.58842E-01
   25223   3  0.00000E+00  0.00000E+00  0.00000E+00  0.00000E+00  0.00000E+00  0.00000E+00  0.00000E+00  0.00000E+00  0.00000E+00  0.00000E+00  0.00000E+00  0.00000E+00  0.00000E+00  0.00000E+00  0.00000E+00  0.00000E+00  0.00000E+00  0.00000E+00  0.00000E+00  0.00000E+00  0.00000E+00  0.00000E+00  0.00000E+00  0.00000E+00
   24870   3  7.57307E-02  7.57307E-02  7.57307E-02  7.57307E-02  7.57307E-02  7.57307E-02  7.57307E-02  7.57307E-02  7.57307E-02  7.57307E-02  7.57307E-02  7.57307E-02  7.57307E-02  7.57307E-02  7.57307E-02  7.57307E-02  7.57307E-02  7.57307E-02  7.57307E-02  7.57307E-02  7.57307E-02  7.57307E-02  7.57307E-02  7.57307E-02
   25224   7  0.00000E+00  0.00000E+00  0.00000E+00  0.00000E+00  0.00000E+00  0.00000E+00  0.00000E+00  0.00000E+00  0.00000E+00  0.00000E+00  0.00000E+00  0.00000E+00  0.00000E+00  7.57971E-01  7.57971E-01  7.57971E-01  7.57971E-01  7.57971E-01  7.57971E-01  7.57971E-01  7.57971E-01  0.00000E+00  0.00000E+00  0.00000E+00
   25224   5  0.00000E+00  0.00000E+00  0.00000E+00  0.00000E+00  0.00000E+00  0.00000E+00  0.00000E+00  0.00000E+00  0.00000E+00  0.00000E+00  0.00000E+00  0.00000E+00  0.00000E+00  0.00000E+00  0.00000E+00  0.00000E+00  0.00000E+00  0.00000E+00  0.00000E+00  0.00000E+00  0.00000E+00  0.00000E+00  0.00000E+00  0.00000E+00
   24871   3  0.00000E+00  0.00000E+00  0.00000E+00  0.00000E+00  0.00000E+00  0.00000E+00  0.00000E+00  0.00000E+00  0.00000E+00  0.00000E+00  0.00000E+00  0.00000E+00  0.00000E+00  0.00000E+00  0.00000E+00  0.00000E+00  0.00000E+00  0.00000E+00  0.00000E+00  0.00000E+00  0.00000E+00  0.00000E+00  0.00000E+00  0.00000E+00
   25223   4  5.59482E-01  5.59482E-01  5.59482E-01  5.59482E-01  5.59482E-01  5.59482E-01  5.59482E-01  5.59482E-01  5.59482E-01  5.59482E-01  5.59482E-01  5.59482E-01  5.59482E-01  5.59482E-01  5.59482E-01  5.59482E-01  5.59482E-01  5.59482E-01  5.59482E-01  5.59482E-01  5.59482E-01  5.59482E-01  5.59482E-01  5.59482E-01
   24870   4  1.84580E+00  1.84580E+00  1.84580E+00  1.84580E+00  1.84580E+00  1.84580E+00  1.84580E+00  1.84580E+00  1.84580E+00  1.84580E+00  1.84580E+00  1.84580E+00  1.84580E+00  1.84580E+00  1.84580E+00  1.84580E+00  1.84580E+00  1.84580E+00  1.84580E+00  1.84580E+00  1.84580E+00  1.84580E+00  1.84580E+00  1.84580E+00
   24871   4  4.13303E+00  4.13303E+00  4.13303E+00  4.13303E+00  4.13303E+00  4.13303E+00  4.13303E+00  4.13303E+00  4.13303E+00  4.13303E+00  4.13303E+00  4.13303E+00  4.13303E+00  4.13303E+00  4.13303E+00  4.13303E+00  4.13303E+00  4.13303E+00  4.13303E+00  4.13303E+00  4.13303E+00  4.13303E+00  4.13303E+00  4.13303E+00
   23814   4  2.49963E-01  2.49963E-01  2.49963E-01  2.49963E-01  2.49963E-01  2.49963E-01  2.49963E-01  2.49963E-01  2.49963E-01  2.49963E-01  2.49963E-01  2.49963E-01  2.49963E-01  2.49963E-01  2.49963E-01  2.49963E-01  2.49963E-01  2.49963E-01  2.49963E-01  2.49963E-01  2.49963E-01  2.49963E-01  2.49963E-01  2.49963E-01
   23813   3  0.00000E+00  0.00000E+00  0.00000E+00  0.00000E+00  0.00000E+00  0.00000E+00  0.00000E+00  0.00000E+00  0.00000E+00  0.00000E+00  0.00000E+00  0.00000E+00  0.00000E+00  0.00000E+00  0.00000E+00  0.00000E+00  0.00000E+00  0.00000E+00  0.00000E+00  0.00000E+00  0.00000E+00  0.00000E+00  0.00000E+00  0.00000E+00
   23458   4  1.75149E+00  1.75149E+00  1.75149E+00  1.75149E+00  1.75149E+00  1.75149E+00  1.75149E+00  1.75149E+00  1.75149E+00  1.75149E+00  1.75149E+00  1.75149E+00  1.75149E+00  1.75149E+00  1.75149E+00  1.75149E+00  1.75149E+00  1.75149E+00  1.75149E+00  1.75149E+00  1.75149E+00  1.75149E+00  1.75149E+00  1.75149E+00
   28064   5  0.00000E+00  0.00000E+00  0.00000E+00  0.00000E+00  0.00000E+00  0.00000E+00  0.00000E+00  0.00000E+00  0.00000E+00  0.00000E+00  0.00000E+00  0.00000E+00  0.00000E+00  0.00000E+00  0.00000E+00  0.00000E+00  0.00000E+00  0.00000E+00  0.00000E+00  0.00000E+00  0.00000E+00  0.00000E+00  0.00000E+00  0.00000E+00
   23819   3  1.23261E-03  1.23261E-03  1.23261E-03  1.23261E-03  1.23261E-03  1.23261E-03  1.23261E-03  1.23261E-03  1.23261E-03  1.23261E-03  1.23261E-03  1.23261E-03  1.23261E-03  1.23261E-03  1.23261E-03  1.23261E-03  1.23261E-03  1.23261E-03  1.23261E-03  1.23261E-03  1.23261E-03  1.23261E-03  1.23261E-03  1.23261E-03
   23819   4  1.89493E+00  1.89493E+00  1.89493E+00  1.89493E+00  1.89493E+00  1.89493E+00  1.89493E+00  1.89493E+00  1.89493E+00  1.89493E+00  1.89493E+00  1.89493E+00  1.89493E+00  1.89493E+00  1.89493E+00  1.89493E+00  1.89493E+00  1.89493E+00  1.89493E+00  1.89493E+00  1.89493E+00  1.89493E+00  1.89493E+00  1.89493E+00
   23464   5  0.00000E+00  0.00000E+00  0.00000E+00  0.00000E+00  0.00000E+00  0.00000E+00  0.00000E+00  0.00000E+00  0.00000E+00  0.00000E+00  0.00000E+00  0.00000E+00  0.00000E+00  0.00000E+00  0.00000E+00  0.00000E+00  0.00000E+00  0.00000E+00  0.00000E+00  0.00000E+00  0.00000E+00  0.00000E+00  0.00000E+00  0.00000E+00
   23464   3  0.00000E+00  0.00000E+00  0.00000E+00  0.00000E+00  0.00000E+00  0.00000E+00  0.00000E+00  0.00000E+00  0.00000E+00  0.00000E+00  0.00000E+00  0.00000E+00  0.00000E+00  0.00000E+00  0.00000E+00  0.00000E+00  0.00000E+00  0.00000E+00  0.00000E+00  0.00000E+00  0.00000E+00  0.00000E+00  0.00000E+00  0.00000E+00
   23464   1  0.00000E+00  0.00000E+00  0.00000E+00  0.00000E+00  0.00000E+00  0.00000E+00  0.00000E+00  0.00000E+00  0.00000E+00  0.00000E+00  0.00000E+00  0.00000E+00  0.00000E+00  0.00000E+00  0.00000E+00  0.00000E+00  0.00000E+00  0.00000E+00  0.00000E+00  0.00000E+00  0.00000E+00  0.00000E+00  0.00000E+00  0.00000E+00
   23464   2  0.00000E+00  0.00000E+00  0.00000E+00  0.00000E+00  0.00000E+00  0.00000E+00  0.00000E+00  0.00000E+00  0.00000E+00  0.00000E+00  0.00000E+00  0.00000E+00  0.00000E+00  0.00000E+00  0.00000E+00  0.00000E+00  0.00000E+00  0.00000E+00  0.00000E+00  0.00000E+00  0.00000E+00  0.00000E+00  0.00000E+00  0.00000E+00
   23464   4  5.94004E-01  5.94004E-01  5.94004E-01  5.94004E-01  5.94004E-01  5.94004E-01  5.94004E-01  5.94004E-01  5.94004E-01  5.94004E-01  5.94004E-01  5.94004E-01  5.94004E-01  5.94004E-01  5.94004E-01  5.94004E-01  5.94004E-01  5.94004E-01  5.94004E-01  5.94004E-01  5.94004E-01  5.94004E-01  5.94004E-01  5.94004E-01
   24519   4  1.99969E+00  1.99969E+00  1.99969E+00  1.99969E+00  1.99969E+00  1.99969E+00  1.99969E+00  1.99969E+00  1.99969E+00  1.99969E+00  1.99969E+00  1.99969E+00  1.99969E+00  1.99969E+00  1.99969E+00  1.99969E+00  1.99969E+00  1.99969E+00  1.99969E+00  1.99969E+00  1.99969E+00  1.99969E+00  1.99969E+00  1.99969E+00
   24519   3  3.06274E-01  3.06274E-01  3.06274E-01  3.06274E-01  3.06274E-01  3.06274E-01  3.06274E-01  3.06274E-01  3.06274E-01  3.06274E-01  3.06274E-01  3.06274E-01  3.06274E-01  3.06274E-01  3.06274E-01  3.06274E-01  3.06274E-01  3.06274E-01  3.06274E-01  3.06274E-01  3.06274E-01  3.06274E-01  3.06274E-01  3.06274E-01
   24166   4  9.35595E-02  9.35595E-02  9.35595E-02  9.35595E-02  9.35595E-02  9.35595E-02  9.35595E-02  9.35595E-02  9.35595E-02  9.35595E-02  9.35595E-02  9.35595E-02  9.35595E-02  9.35595E-02  9.35595E-02  9.35595E-02  9.35595E-02  9.35595E-02  9.35595E-02  9.35595E-02  9.35595E-02  9.35595E-02  9.35595E-02  9.35595E-02
   24518   4  0.00000E+00  0.00000E+00  0.00000E+00  0.00000E+00  0.00000E+00  0.00000E+00  0.00000E+00  0.00000E+00  0.00000E+00  0.00000E+00  0.00000E+00  0.00000E+00  0.00000E+00  0.00000E+00  0.00000E+00  0.00000E+00  0.00000E+00  0.00000E+00  0.00000E+00  0.00000E+00  0.00000E+00  0.00000E+00  0.00000E+00  0.00000E+00
   24519   7  0.00000E+00  0.00000E+00  0.00000E+00  0.00000E+00  0.00000E+00  0.00000E+00  0.00000E+00  0.00000E+00  0.00000E+00  0.00000E+00  0.00000E+00  0.00000E+00  0.00000E+00  0.00000E+00  0.00000E+00  0.00000E+00  0.00000E+00  0.00000E+00  0.00000E+00  0.00000E+00  0.00000E+00  0.00000E+00  0.00000E+00  0.00000E+00
   24510   3  0.00000E+00  0.00000E+00  0.00000E+00  0.00000E+00  0.00000E+00  0.00000E+00  0.00000E+00  0.00000E+00  0.00000E+00  0.00000E+00  0.00000E+00  0.00000E+00  0.00000E+00  0.00000E+00  0.00000E+00  0.00000E+00  0.00000E+00  0.00000E+00  0.00000E+00  0.00000E+00  0.00000E+00  0.00000E+00  0.00000E+00  0.00000E+00
   24510   2  0.00000E+00  0.00000E+00  0.00000E+00  0.00000E+00  0.00000E+00  0.00000E+00  0.00000E+00  0.00000E+00  0.00000E+00  0.00000E+00  0.00000E+00  0.00000E+00  0.00000E+00  0.00000E+00  0.00000E+00  0.00000E+00  0.00000E+00  0.00000E+00  0.00000E+00  0.00000E+00  0.00000E+00  0.00000E+00  0.00000E+00  0.00000E+00
   20989   3  0.00000E+00  0.00000E+00  0.00000E+00  0.00000E+00  0.00000E+00  0.00000E+00  0.00000E+00  0.00000E+00  0.00000E+00  0.00000E+00  0.00000E+00  0.00000E+00  0.00000E+00  0.00000E+00  0.00000E+00  0.00000E+00  0.00000E+00  0.00000E+00  0.00000E+00  0.00000E+00  0.00000E+00  0.00000E+00  0.00000E+00  0.00000E+00
   20989   2  0.00000E+00  0.00000E+00  0.00000E+00  0.00000E+00  0.00000E+00  0.00000E+00  0.00000E+00  0.00000E+00  0.00000E+00  0.00000E+00  0.00000E+00  0.00000E+00  0.00000E+00  0.00000E+00  0.00000E+00  0.00000E+00  0.00000E+00  0.00000E+00  0.00000E+00  0.00000E+00  0.00000E+00  0.00000E+00  0.00000E+00  0.00000E+00
   22745   4  3.82982E-02  3.82982E-02  3.82982E-02  3.82982E-02  3.82982E-02  3.82982E-02  3.82982E-02  3.82982E-02  3.82982E-02  3.82982E-02  3.82982E-02  3.82982E-02  3.82982E-02  3.82982E-02  3.82982E-02  3.82982E-02  3.82982E-02  3.82982E-02  3.82982E-02  3.82982E-02  3.82982E-02  3.82982E-02  3.82982E-02  3.82982E-02
   28410   4  2.81983E-02  2.81983E-02  2.81983E-02  2.81983E-02  2.81983E-02  2.81983E-02  2.81983E-02  2.81983E-02  2.81983E-02  2.81983E-02  2.81983E-02  2.81983E-02  2.81983E-02  2.81983E-02  2.81983E-02  2.81983E-02  2.81983E-02  2.81983E-02  2.81983E-02  2.81983E-02  2.81983E-02  2.81983E-02  2.81983E-02  2.81983E-02
   24163   4  1.29472E-01  1.29472E-01  1.29472E-01  1.29472E-01  1.29472E-01  1.29472E-01  1.29472E-01  1.29472E-01  1.29472E-01  1.29472E-01  1.29472E-01  1.29472E-01  1.29472E-01  1.29472E-01  1.29472E-01  1.29472E-01  1.29472E-01  1.29472E-01  1.29472E-01  1.29472E-01  1.29472E-01  1.29472E-01  1.29472E-01  1.29472E-01
   24163   3  2.40244E-04  2.40244E-04  2.40244E-04  2.40244E-04  2.40244E-04  2.40244E-04  2.40244E-04  2.40244E-04  2.40244E-04  2.40244E-04  2.40244E-04  2.40244E-04  2.40244E-04  2.40244E-04  2.40244E-04  2.40244E-04  2.40244E-04  2.40244E-04  2.40244E-04  2.40244E-04  2.40244E-04  2.40244E-04  2.40244E-04  2.40244E-04
   24870   5  0.00000E+00  0.00000E+00  0.00000E+00  0.00000E+00  0.00000E+00  0.00000E+00  0.00000E+00  0.00000E+00  0.00000E+00  0.00000E+00  0.00000E+00  0.00000E+00  0.00000E+00  0.00000E+00  0.00000E+00  0.00000E+00  0.00000E+00  0.00000E+00  0.00000E+00  0.00000E+00  0.00000E+00  0.00000E+00  0.00000E+00  0.00000E+00
   24517   4  3.57490E-02  3.57490E-02  3.57490E-02  3.57490E-02  3.57490E-02  3.57490E-02  3.57490E-02  3.57490E-02  3.57490E-02  3.57490E-02  3.57490E-02  3.57490E-02  3.57490E-02  3.57490E-02  3.57490E-02  3.57490E-02  3.57490E-02  3.57490E-02  3.57490E-02  3.57490E-02  3.57490E-02  3.57490E-02  3.57490E-02  3.57490E-02
   24872   4  9.44003E-02  9.44003E-02  9.44003E-02  9.44003E-02  9.44003E-02  9.44003E-02  9.44003E-02  9.44003E-02  9.44003E-02  9.44003E-02  9.44003E-02  9.44003E-02  9.44003E-02  9.44003E-02  9.44003E-02  9.44003E-02  9.44003E-02  9.44003E-02  9.44003E-02  9.44003E-02  9.44003E-02  9.44003E-02  9.44003E-02  9.44003E-02
   20280   3  0.00000E+00  0.00000E+00  0.00000E+00  0.00000E+00  0.00000E+00  0.00000E+00  0.00000E+00  0.00000E+00  0.00000E+00  0.00000E+00  0.00000E+00  0.00000E+00  0.00000E+00  0.00000E+00  0.00000E+00  0.00000E+00  0.00000E+00  0.00000E+00  0.00000E+00  0.00000E+00  0.00000E+00  0.00000E+00  0.00000E+00  0.00000E+00
   23103   3  0.00000E+00  0.00000E+00  0.00000E+00  0.00000E+00  0.00000E+00  0.00000E+00  0.00000E+00  0.00000E+00  0.00000E+00  0.00000E+00  0.00000E+00  0.00000E+00  0.00000E+00  1.89939E-02  1.89939E-02  1.89939E-02  1.89939E-02  1.89939E-02  1.89939E-02  1.89939E-02  1.89939E-02  0.00000E+00  0.00000E+00  0.00000E+00
   25575   3  3.79313E-01  3.79313E-01  3.79313E-01  3.79313E-01  3.79313E-01  3.79313E-01  3.79313E-01  3.79313E-01  3.79313E-01  3.79313E-01  3.79313E-01  3.79313E-01  3.79313E-01  3.79313E-01  3.79313E-01  3.79313E-01  3.79313E-01  3.79313E-01  3.79313E-01  3.79313E-01  3.79313E-01  3.79313E-01  3.79313E-01  3.79313E-01
   25575   4  2.37588E+00  2.37588E+00  2.37588E+00  2.37588E+00  2.37588E+00  2.37588E+00  2.37588E+00  2.37588E+00  2.37588E+00  2.37588E+00  2.37588E+00  2.37588E+00  2.37588E+00  2.37588E+00  2.37588E+00  2.37588E+00  2.37588E+00  2.37588E+00  2.37588E+00  2.37588E+00  2.37588E+00  2.37588E+00  2.37588E+00  2.37588E+00
   25575   5  0.00000E+00  0.00000E+00  0.00000E+00  0.00000E+00  0.00000E+00  0.00000E+00  0.00000E+00  0.00000E+00  0.00000E+00  0.00000E+00  0.00000E+00  0.00000E+00  0.00000E+00  0.00000E+00  0.00000E+00  0.00000E+00  0.00000E+00  0.00000E+00  0.00000E+00  0.00000E+00  0.00000E+00  0.00000E+00  0.00000E+00  0.00000E+00
   25575   2  8.77835E-04  8.77835E-04  8.77835E-04  8.77835E-04  8.77835E-04  8.77835E-04  8.77835E-04  8.77835E-04  8.77835E-04  8.77835E-04  8.77835E-04  8.77835E-04  8.77835E-04  8.77835E-04  8.77835E-04  8.77835E-04  8.77835E-04  8.77835E-04  8.77835E-04  8.77835E-04  8.77835E-04  8.77835E-04  8.77835E-04  8.77835E-04
   24868   4  0.00000E+00  0.00000E+00  0.00000E+00  0.00000E+00  0.00000E+00  0.00000E+00  0.00000E+00  0.00000E+00  0.00000E+00  0.00000E+00  0.00000E+00  0.00000E+00  0.00000E+00  0.00000E+00  0.00000E+00  0.00000E+00  0.00000E+00  0.00000E+00  0.00000E+00  0.00000E+00  0.00000E+00  0.00000E+00  0.00000E+00  0.00000E+00
   24869   4  0.00000E+00  0.00000E+00  0.00000E+00  0.00000E+00  0.00000E+00  0.00000E+00  0.00000E+00  0.00000E+00  0.00000E+00  0.00000E+00  0.00000E+00  0.00000E+00  0.00000E+00  0.00000E+00  0.00000E+00  0.00000E+00  0.00000E+00  0.00000E+00  0.00000E+00  0.00000E+00  0.00000E+00  0.00000E+00  0.00000E+00  0.00000E+00
   25575   7  0.00000E+00  0.00000E+00  0.00000E+00  0.00000E+00  0.00000E+00  0.00000E+00  0.00000E+00  0.00000E+00  0.00000E+00  0.00000E+00  0.00000E+00  0.00000E+00  0.00000E+00  0.00000E+00  0.00000E+00  0.00000E+00  0.00000E+00  0.00000E+00  0.00000E+00  0.00000E+00  0.00000E+00  0.00000E+00  0.00000E+00  0.00000E+00
   25576   3  0.00000E+00  0.00000E+00  0.00000E+00  0.00000E+00  0.00000E+00  0.00000E+00  0.00000E+00  0.00000E+00  0.00000E+00  0.00000E+00  0.00000E+00  0.00000E+00  0.00000E+00  0.00000E+00  0.00000E+00  0.00000E+00  0.00000E+00  0.00000E+00  0.00000E+00  0.00000E+00  0.00000E+00  0.00000E+00  0.00000E+00  0.00000E+00
   25222   3  9.39681E-03  9.39681E-03  9.39681E-03  9.39681E-03  9.39681E-03  9.39681E-03  9.39681E-03  9.39681E-03  9.39681E-03  9.39681E-03  9.39681E-03  9.39681E-03  9.39681E-03  9.39681E-03  9.39681E-03  9.39681E-03  9.39681E-03  9.39681E-03  9.39681E-03  9.39681E-03  9.39681E-03  9.39681E-03  9.39681E-03  9.39681E-03
   24874   3  0.00000E+00  0.00000E+00  0.00000E+00  0.00000E+00  0.00000E+00  0.00000E+00  0.00000E+00  0.00000E+00  0.00000E+00  0.00000E+00  0.00000E+00  0.00000E+00  0.00000E+00  0.00000E+00  0.00000E+00  0.00000E+00  0.00000E+00  0.00000E+00  0.00000E+00  0.00000E+00  0.00000E+00  0.00000E+00  0.00000E+00  0.00000E+00
   24874   4  9.51438E-02  9.51438E-02  9.51438E-02  9.51438E-02  9.51438E-02  9.51438E-02  9.51438E-02  9.51438E-02  9.51438E-02  9.51438E-02  9.51438E-02  9.51438E-02  9.51438E-02  9.51438E-02  9.51438E-02  9.51438E-02  9.51438E-02  9.51438E-02  9.51438E-02  9.51438E-02  9.51438E-02  9.51438E-02  9.51438E-02  9.51438E-02
   20686   4  0.00000E+00  0.00000E+00  0.00000E+00  0.00000E+00  0.00000E+00  0.00000E+00  0.00000E+00  0.00000E+00  0.00000E+00  0.00000E+00  0.00000E+00  0.00000E+00  0.00000E+00  0.00000E+00  0.00000E+00  0.00000E+00  0.00000E+00  0.00000E+00  0.00000E+00  0.00000E+00  0.00000E+00  0.00000E+00  0.00000E+00  0.00000E+00
   20686   2  0.00000E+00  0.00000E+00  0.00000E+00  0.00000E+00  0.00000E+00  0.00000E+00  0.00000E+00  0.00000E+00  0.00000E+00  0.00000E+00  0.00000E+00  0.00000E+00  0.00000E+00  0.00000E+00  0.00000E+00  0.00000E+00  0.00000E+00  0.00000E+00  0.00000E+00  0.00000E+00  0.00000E+00  0.00000E+00  0.00000E+00  0.00000E+00
   20686   3  0.00000E+00  0.00000E+00  0.00000E+00  0.00000E+00  0.00000E+00  0.00000E+00  0.00000E+00  0.00000E+00  0.00000E+00  0.00000E+00  0.00000E+00  0.00000E+00  0.00000E+00  0.00000E+00  0.00000E+00  0.00000E+00  0.00000E+00  0.00000E+00  0.00000E+00  0.00000E+00  0.00000E+00  0.00000E+00  0.00000E+00  0.00000E+00
   22095   4  4.60367E-02  4.60367E-02  4.60367E-02  4.60367E-02  4.60367E-02  4.60367E-02  4.60367E-02  4.60367E-02  4.60367E-02  4.60367E-02  4.60367E-02  4.60367E-02  4.60367E-02  4.60367E-02  4.60367E-02  4.60367E-02  4.60367E-02  4.60367E-02  4.60367E-02  4.60367E-02  4.60367E-02  4.60367E-02  4.60367E-02  4.60367E-02
   22095   2  0.00000E+00  0.00000E+00  0.00000E+00  0.00000E+00  0.00000E+00  0.00000E+00  0.00000E+00  0.00000E+00  0.00000E+00  0.00000E+00  0.00000E+00  0.00000E+00  0.00000E+00  0.00000E+00  0.00000E+00  0.00000E+00  0.00000E+00  0.00000E+00  0.00000E+00  0.00000E+00  0.00000E+00  0.00000E+00  0.00000E+00  0.00000E+00
   22095   3  0.00000E+00  0.00000E+00  0.00000E+00  0.00000E+00  0.00000E+00  0.00000E+00  0.00000E+00  0.00000E+00  0.00000E+00  0.00000E+00  0.00000E+00  0.00000E+00  0.00000E+00  0.00000E+00  0.00000E+00  0.00000E+00  0.00000E+00  0.00000E+00  0.00000E+00  0.00000E+00  0.00000E+00  0.00000E+00  0.00000E+00  0.00000E+00
   20329   3  2.43312E+01  2.43312E+01  1.51801E+01  1.51801E+01  1.51801E+01  3.88709E-01  3.88709E-01  3.88709E-01  3.88709E-01  3.88709E-01  3.88709E-01  3.88709E-01  3.88709E-01  2.43312E+01  2.43312E+01  2.43312E+01  2.43312E+01  2.43312E+01  2.43312E+01  2.43312E+01  2.43312E+01  2.43312E+01  2.43312E+01  2.43312E+01
   21381   4  0.00000E+00  0.00000E+00  0.00000E+00  0.00000E+00  0.00000E+00  0.00000E+00  0.00000E+00  0.00000E+00  0.00000E+00  0.00000E+00  0.00000E+00  0.00000E+00  0.00000E+00  0.00000E+00  0.00000E+00  0.00000E+00  0.00000E+00  0.00000E+00  0.00000E+00  0.00000E+00  0.00000E+00  0.00000E+00  0.00000E+00  0.00000E+00
   20684   3  2.77042E-02  2.77042E-02  0.00000E+00  0.00000E+00  0.00000E+00  0.00000E+00  0.00000E+00  0.00000E+00  0.00000E+00  0.00000E+00  0.00000E+00  0.00000E+00  0.00000E+00  2.77042E-02  2.77042E-02  2.77042E-02  2.77042E-02  2.77042E-02  2.77042E-02  2.77042E-02  2.77042E-02  2.77042E-02  2.77042E-02  2.77042E-02
   20683   3  3.11465E+00  3.11465E+00  2.96290E+00  2.96290E+00  2.96290E+00  2.96290E+00  2.96290E+00  2.96290E+00  2.96290E+00  2.96290E+00  2.96290E+00  2.96290E+00  2.96290E+00  3.11722E+00  3.11722E+00  3.11722E+00  3.11722E+00  3.11722E+00  3.11722E+00  3.11722E+00  3.11722E+00  3.11465E+00  3.11465E+00  3.11465E+00
   20684   4  6.46860E-02  6.46860E-02  6.46860E-02  6.46860E-02  6.46860E-02  6.46860E-02  6.46860E-02  6.46860E-02  6.46860E-02  6.46860E-02  6.46860E-02  6.46860E-02  6.46860E-02  6.46860E-02  6.46860E-02  6.46860E-02  6.46860E-02  6.46860E-02  6.46860E-02  6.46860E-02  6.46860E-02  6.46860E-02  6.46860E-02  6.46860E-02
   21036   4  2.77190E-02  2.77190E-02  2.77190E-02  2.77190E-02  2.77190E-02  2.77190E-02  2.77190E-02  2.77190E-02  2.77190E-02  2.77190E-02  2.77190E-02  2.77190E-02  2.77190E-02  2.86021E-02  2.86021E-02  2.86021E-02  2.86021E-02  2.86021E-02  2.86021E-02  2.86021E-02  2.86021E-02  2.77190E-02  2.77190E-02  2.77190E-02
   21036   3  8.01901E+00  8.01901E+00  8.01901E+00  8.01901E+00  8.01901E+00  7.32176E+00  7.32176E+00  7.32176E+00  7.32176E+00  7.32176E+00  7.32176E+00  7.32176E+00  7.32176E+00  8.01901E+00  8.01901E+00  8.01901E+00  8.01901E+00  8.01901E+00  8.01901E+00  8.01901E+00  8.01901E+00  8.01901E+00  8.01901E+00  8.01901E+00
   21036   7  0.00000E+00  0.00000E+00  0.00000E+00  0.00000E+00  0.00000E+00  0.00000E+00  0.00000E+00  0.00000E+00  0.00000E+00  0.00000E+00  0.00000E+00  0.00000E+00  0.00000E+00  1.06374E+00  1.06374E+00  1.06374E+00  1.06374E+00  1.06374E+00  1.06374E+00  1.06374E+00  1.06374E+00  0.00000E+00  0.00000E+00  0.00000E+00
   19275   4  1.05345E-02  1.05345E-02  1.05345E-02  1.05345E-02  1.05345E-02  1.05345E-02  1.05345E-02  1.05345E-02  1.05345E-02  1.05345E-02  1.05345E-02  1.05345E-02  1.05345E-02  1.05345E-02  1.05345E-02  1.05345E-02  1.05345E-02  1.05345E-02  1.05345E-02  1.05345E-02  1.05345E-02  1.05345E-02  1.05345E-02  1.05345E-02
   19275   3  0.00000E+00  0.00000E+00  0.00000E+00  0.00000E+00  0.00000E+00  0.00000E+00  0.00000E+00  0.00000E+00  0.00000E+00  0.00000E+00  0.00000E+00  0.00000E+00  0.00000E+00  0.00000E+00  0.00000E+00  0.00000E+00  0.00000E+00  0.00000E+00  0.00000E+00  0.00000E+00  0.00000E+00  0.00000E+00  0.00000E+00  0.00000E+00
   19274   4  6.51546E-03  6.51546E-03  6.51546E-03  6.51546E-03  6.51546E-03  6.51546E-03  6.51546E-03  6.51546E-03  6.51546E-03  6.51546E-03  6.51546E-03  6.51546E-03  6.51546E-03  6.51546E-03  6.51546E-03  6.51546E-03  6.51546E-03  6.51546E-03  6.51546E-03  6.51546E-03  6.51546E-03  6.51546E-03  6.51546E-03  6.51546E-03
   19627   4  1.71648E-02  1.71648E-02  1.71648E-02  1.71648E-02  1.71648E-02  1.71648E-02  1.71648E-02  1.71648E-02  1.71648E-02  1.71648E-02  1.71648E-02  1.71648E-02  1.71648E-02  1.71648E-02  1.71648E-02  1.71648E-02  1.71648E-02  1.71648E-02  1.71648E-02  1.71648E-02  1.71648E-02  1.71648E-02  1.71648E-02  1.71648E-02
   19627   3  3.09232E-04  3.09232E-04  3.09232E-04  3.09232E-04  3.09232E-04  0.00000E+00  0.00000E+00  0.00000E+00  0.00000E+00  0.00000E+00  0.00000E+00  0.00000E+00  0.00000E+00  3.09232E-04  3.09232E-04  3.09232E-04  3.09232E-04  3.09232E-04  3.09232E-04  3.09232E-04  3.09232E-04  3.09232E-04  3.09232E-04  3.09232E-04
   19627   2  0.00000E+00  0.00000E+00  0.00000E+00  0.00000E+00  0.00000E+00  0.00000E+00  0.00000E+00  0.00000E+00  0.00000E+00  0.00000E+00  0.00000E+00  0.00000E+00  0.00000E+00  0.00000E+00  0.00000E+00  0.00000E+00  0.00000E+00  0.00000E+00  0.00000E+00  0.00000E+00  0.00000E+00  0.00000E+00  0.00000E+00  0.00000E+00
   20331   4  4.70472E+00  4.70472E+00  4.70472E+00  4.70472E+00  4.70472E+00  4.70472E+00  4.70472E+00  4.70472E+00  4.70472E+00  4.70472E+00  4.70472E+00  4.70472E+00  4.70472E+00  4.70472E+00  4.70472E+00  4.70472E+00  4.70472E+00  4.70472E+00  4.70472E+00  4.70472E+00  4.70472E+00  4.70472E+00  4.70472E+00  4.70472E+00
   20331   3  4.66307E+01  4.66307E+01  4.65030E+01  4.65030E+01  4.65030E+01  1.82561E+00  1.82561E+00  1.82561E+00  1.82561E+00  1.82561E+00  1.82561E+00  1.82561E+00  1.82561E+00  4.98307E+01  4.98307E+01  4.98307E+01  4.98307E+01  4.98307E+01  4.98307E+01  4.98307E+01  4.98307E+01  4.66307E+01  4.66307E+01  4.66307E+01
   20331   7  2.74262E-01  2.74262E-01  2.74262E-01  2.74262E-01  2.74262E-01  2.74262E-01  2.74262E-01  2.74262E-01  2.74262E-01  2.74262E-01  2.74262E-01  2.74262E-01  2.74262E-01  4.91196E-01  4.91196E-01  4.91196E-01  4.91196E-01  4.91196E-01  4.91196E-01  4.91196E-01  4.91196E-01  2.74262E-01  2.74262E-01  2.74262E-01
   19971   4  2.58934E-02  2.58934E-02  2.58934E-02  2.58934E-02  2.58934E-02  2.58934E-02  2.58934E-02  2.58934E-02  2.58934E-02  2.58934E-02  2.58934E-02  2.58934E-02  2.58934E-02  2.58934E-02  2.58934E-02  2.58934E-02  2.58934E-02  2.58934E-02  2.58934E-02  2.58934E-02  2.58934E-02  2.58934E-02  2.58934E-02  2.58934E-02
   20331   1  8.75804E-02  8.75804E-02  8.75804E-02  8.75804E-02  8.75804E-02  8.75804E-02  8.75804E-02  8.75804E-02  8.75804E-02  8.75804E-02  8.75804E-02  8.75804E-02  8.75804E-02  8.75804E-02  8.75804E-02  8.75804E-02  8.75804E-02  8.75804E-02  8.75804E-02  8.75804E-02  8.75804E-02  8.75804E-02  8.75804E-02  8.75804E-02
   20331   2  2.06565E-03  2.06565E-03  2.06565E-03  2.06565E-03  2.06565E-03  2.06565E-03  2.06565E-03  2.06565E-03  2.06565E-03  2.06565E-03  2.06565E-03  2.06565E-03  2.06565E-03  2.06565E-03  2.06565E-03  2.06565E-03  2.06565E-03  2.06565E-03  2.06565E-03  2.06565E-03  2.06565E-03  2.06565E-03  2.06565E-03  2.06565E-03
   20685   3  0.00000E+00  0.00000E+00  0.00000E+00  0.00000E+00  0.00000E+00  0.00000E+00  0.00000E+00  0.00000E+00  0.00000E+00  0.00000E+00  0.00000E+00  0.00000E+00  0.00000E+00  1.39192E-03  1.39192E-03  1.39192E-03  1.39192E-03  1.39192E-03  1.39192E-03  1.39192E-03  1.39192E-03  0.00000E+00  0.00000E+00  0.00000E+00
   20332   3  0.00000E+00  0.00000E+00  0.00000E+00  0.00000E+00  0.00000E+00  0.00000E+00  0.00000E+00  0.00000E+00  0.00000E+00  0.00000E+00  0.00000E+00  0.00000E+00  0.00000E+00  0.00000E+00  0.00000E+00  0.00000E+00  0.00000E+00  0.00000E+00  0.00000E+00  0.00000E+00  0.00000E+00  0.00000E+00  0.00000E+00  0.00000E+00
   20685   7  0.00000E+00  0.00000E+00  0.00000E+00  0.00000E+00  0.00000E+00  0.00000E+00  0.00000E+00  0.00000E+00  0.00000E+00  0.00000E+00  0.00000E+00  0.00000E+00  0.00000E+00  3.82007E-01  3.82007E-01  3.82007E-01  3.82007E-01  3.82007E-01  3.82007E-01  3.82007E-01  3.82007E-01  0.00000E+00  0.00000E+00  0.00000E+00
   19622   4  0.00000E+00  0.00000E+00  0.00000E+00  0.00000E+00  0.00000E+00  0.00000E+00  0.00000E+00  0.00000E+00  0.00000E+00  0.00000E+00  0.00000E+00  0.00000E+00  0.00000E+00  0.00000E+00  0.00000E+00  0.00000E+00  0.00000E+00  0.00000E+00  0.00000E+00  0.00000E+00  0.00000E+00  0.00000E+00  0.00000E+00  0.00000E+00
   19628   4  2.56609E-02  2.56609E-02  2.56609E-02  2.56609E-02  2.56609E-02  2.56609E-02  2.56609E-02  2.56609E-02  2.56609E-02  2.56609E-02  2.56609E-02  2.56609E-02  2.56609E-02  2.56609E-02  2.56609E-02  2.56609E-02  2.56609E-02  2.56609E-02  2.56609E-02  2.56609E-02  2.56609E-02  2.56609E-02  2.56609E-02  2.56609E-02
   19628   3  2.13192E-01  2.13192E-01  2.13192E-01  2.13192E-01  2.13192E-01  1.38243E-02  1.38243E-02  1.38243E-02  1.38243E-02  1.38243E-02  1.38243E-02  1.38243E-02  1.38243E-02  2.13192E-01  2.13192E-01  2.13192E-01  2.13192E-01  2.13192E-01  2.13192E-01  2.13192E-01  2.13192E-01  2.13192E-01  2.13192E-01  2.13192E-01
   19274   3  8.88615E-06  8.88615E-06  8.88615E-06  8.88615E-06  8.88615E-06  8.88615E-06  8.88615E-06  8.88615E-06  8.88615E-06  8.88615E-06  8.88615E-06  8.88615E-06  8.88615E-06  8.88615E-06  8.88615E-06  8.88615E-06  8.88615E-06  8.88615E-06  8.88615E-06  8.88615E-06  8.88615E-06  8.88615E-06  8.88615E-06  8.88615E-06
   19628   7  0.00000E+00  0.00000E+00  0.00000E+00  0.00000E+00  0.00000E+00  0.00000E+00  0.00000E+00  0.00000E+00  0.00000E+00  0.00000E+00  0.00000E+00  0.00000E+00  0.00000E+00  0.00000E+00  0.00000E+00  0.00000E+00  0.00000E+00  0.00000E+00  0.00000E+00  0.00000E+00  0.00000E+00  0.00000E+00  0.00000E+00  0.00000E+00
   19267   4  2.73295E-01  2.73295E-01  2.73295E-01  2.73295E-01  2.73295E-01  2.73295E-01  2.73295E-01  2.73295E-01  2.73295E-01  2.73295E-01  2.73295E-01  2.73295E-01  2.73295E-01  3.47106E-01  3.47106E-01  3.47106E-01  3.47106E-01  3.47106E-01  3.47106E-01  3.47106E-01  3.47106E-01  2.73295E-01  2.73295E-01  2.73295E-01
   19267   2  1.01211E+01  1.01211E+01  1.01211E+01  1.01211E+01  1.01211E+01  1.01211E+01  1.01211E+01  1.01211E+01  1.01211E+01  1.01211E+01  1.01211E+01  1.01211E+01  1.01211E+01  1.01211E+01  1.01211E+01  1.01211E+01  1.01211E+01  1.01211E+01  1.01211E+01  1.01211E+01  1.01211E+01  1.01211E+01  1.01211E+01  1.01211E+01
   19620   4  6.37714E-02  6.37714E-02  6.37714E-02  6.37714E-02  6.37714E-02  6.37714E-02  6.37714E-02  6.37714E-02  6.37714E-02  6.37714E-02  6.37714E-02  6.37714E-02  6.37714E-02  6.37714E-02  6.37714E-02  6.37714E-02  6.37714E-02  6.37714E-02  6.37714E-02  6.37714E-02  6.37714E-02  6.37714E-02  6.37714E-02  6.37714E-02
   19620   3  4.47352E-03  4.47352E-03  4.47352E-03  4.47352E-03  4.47352E-03  4.47352E-03  4.47352E-03  4.47352E-03  4.47352E-03  4.47352E-03  4.47352E-03  4.47352E-03  4.47352E-03  4.47352E-03  4.47352E-03  4.47352E-03  4.47352E-03  4.47352E-03  4.47352E-03  4.47352E-03  4.47352E-03  4.47352E-03  4.47352E-03  4.47352E-03
   19267   7  0.00000E+00  0.00000E+00  0.00000E+00  0.00000E+00  0.00000E+00  0.00000E+00  0.00000E+00  0.00000E+00  0.00000E+00  0.00000E+00  0.00000E+00  0.00000E+00  0.00000E+00  1.68271E-01  1.68271E-01  1.68271E-01  1.68271E-01  1.68271E-01  1.68271E-01  1.68271E-01  1.68271E-01  0.00000E+00  0.00000E+00  0.00000E+00
   19267   3  2.78899E-01  2.78899E-01  2.78899E-01  2.78899E-01  2.78899E-01  2.78899E-01  2.78899E-01  2.78899E-01  2.78899E-01  2.78899E-01  2.78899E-01  2.78899E-01  2.78899E-01  2.78899E-01  2.78899E-01  2.78899E-01  2.78899E-01  2.78899E-01  2.78899E-01  2.78899E-01  2.78899E-01  2.78899E-01  2.78899E-01  2.78899E-01
   18913   3  0.00000E+00  0.00000E+00  0.00000E+00  0.00000E+00  0.00000E+00  0.00000E+00  0.00000E+00  0.00000E+00  0.00000E+00  0.00000E+00  0.00000E+00  0.00000E+00  0.00000E+00  0.00000E+00  0.00000E+00  0.00000E+00  0.00000E+00  0.00000E+00  0.00000E+00  0.00000E+00  0.00000E+00  0.00000E+00  0.00000E+00  0.00000E+00
   18913   4  0.00000E+00  0.00000E+00  0.00000E+00  0.00000E+00  0.00000E+00  0.00000E+00  0.00000E+00  0.00000E+00  0.00000E+00  0.00000E+00  0.00000E+00  0.00000E+00  0.00000E+00  0.00000E+00  0.00000E+00  0.00000E+00  0.00000E+00  0.00000E+00  0.00000E+00  0.00000E+00  0.00000E+00  0.00000E+00  0.00000E+00  0.00000E+00
   19975   3  7.34718E+00  7.34718E+00  1.00389E-03  1.00389E-03  1.00389E-03  1.00389E-03  1.00389E-03  1.00389E-03  1.00389E-03  1.00389E-03  1.00389E-03  1.00389E-03  1.00389E-03  7.34718E+00  7.34718E+00  7.34718E+00  7.34718E+00  7.34718E+00  7.34718E+00  7.34718E+00  7.34718E+00  7.34718E+00  7.34718E+00  7.34718E+00
   19975   4  8.98685E-01  8.98685E-01  8.98685E-01  8.98685E-01  8.98685E-01  8.98685E-01  8.98685E-01  8.98685E-01  8.98685E-01  8.98685E-01  8.98685E-01  8.98685E-01  8.98685E-01  8.98685E-01  8.98685E-01  8.98685E-01  8.98685E-01  8.98685E-01  8.98685E-01  8.98685E-01  8.98685E-01  8.98685E-01  8.98685E-01  8.98685E-01
   19975   2  2.52323E+00  2.52323E+00  2.52323E+00  2.52323E+00  2.52323E+00  0.00000E+00  0.00000E+00  0.00000E+00  0.00000E+00  0.00000E+00  0.00000E+00  0.00000E+00  0.00000E+00  2.52323E+00  2.52323E+00  2.52323E+00  2.52323E+00  2.52323E+00  2.52323E+00  2.52323E+00  2.52323E+00  2.52323E+00  2.52323E+00  2.52323E+00
   20329   7  0.00000E+00  0.00000E+00  0.00000E+00  0.00000E+00  0.00000E+00  0.00000E+00  0.00000E+00  0.00000E+00  0.00000E+00  0.00000E+00  0.00000E+00  0.00000E+00  0.00000E+00  2.85624E+00  2.85624E+00  2.85624E+00  2.85624E+00  2.85624E+00  2.85624E+00  2.85624E+00  2.85624E+00  0.00000E+00  0.00000E+00  0.00000E+00
   19975   5  0.00000E+00  0.00000E+00  0.00000E+00  0.00000E+00  0.00000E+00  0.00000E+00  0.00000E+00  0.00000E+00  0.00000E+00  0.00000E+00  0.00000E+00  0.00000E+00  0.00000E+00  0.00000E+00  0.00000E+00  0.00000E+00  0.00000E+00  0.00000E+00  0.00000E+00  0.00000E+00  0.00000E+00  0.00000E+00  0.00000E+00  0.00000E+00
   19979   5  0.00000E+00  0.00000E+00  0.00000E+00  0.00000E+00  0.00000E+00  0.00000E+00  0.00000E+00  0.00000E+00  0.00000E+00  0.00000E+00  0.00000E+00  0.00000E+00  0.00000E+00  0.00000E+00  0.00000E+00  0.00000E+00  0.00000E+00  0.00000E+00  0.00000E+00  0.00000E+00  0.00000E+00  0.00000E+00  0.00000E+00  0.00000E+00
   19979   4  2.35395E-02  2.35395E-02  2.35395E-02  2.35395E-02  2.35395E-02  2.35395E-02  2.35395E-02  2.35395E-02  2.35395E-02  2.35395E-02  2.35395E-02  2.35395E-02  2.35395E-02  2.35395E-02  2.35395E-02  2.35395E-02  2.35395E-02  2.35395E-02  2.35395E-02  2.35395E-02  2.35395E-02  2.35395E-02  2.35395E-02  2.35395E-02
   19979   3  0.00000E+00  0.00000E+00  0.00000E+00  0.00000E+00  0.00000E+00  0.00000E+00  0.00000E+00  0.00000E+00  0.00000E+00  0.00000E+00  0.00000E+00  0.00000E+00  0.00000E+00  0.00000E+00  0.00000E+00  0.00000E+00  0.00000E+00  0.00000E+00  0.00000E+00  0.00000E+00  0.00000E+00  0.00000E+00  0.00000E+00  0.00000E+00
   20681   4  5.51560E-03  5.51560E-03  5.51560E-03  5.51560E-03  5.51560E-03  5.51560E-03  5.51560E-03  5.51560E-03  5.51560E-03  5.51560E-03  5.51560E-03  5.51560E-03  5.51560E-03  5.51560E-03  5.51560E-03  5.51560E-03  5.51560E-03  5.51560E-03  5.51560E-03  5.51560E-03  5.51560E-03  5.51560E-03  5.51560E-03  5.51560E-03
   18915   3  0.00000E+00  0.00000E+00  0.00000E+00  0.00000E+00  0.00000E+00  0.00000E+00  0.00000E+00  0.00000E+00  0.00000E+00  0.00000E+00  0.00000E+00  0.00000E+00  0.00000E+00  0.00000E+00  0.00000E+00  0.00000E+00  0.00000E+00  0.00000E+00  0.00000E+00  0.00000E+00  0.00000E+00  0.00000E+00  0.00000E+00  0.00000E+00
   21038   4  4.41591E-01  4.41591E-01  4.41591E-01  4.41591E-01  4.41591E-01  4.41591E-01  4.41591E-01  4.41591E-01  4.41591E-01  4.41591E-01  4.41591E-01  4.41591E-01  4.41591E-01  4.41591E-01  4.41591E-01  4.41591E-01  4.41591E-01  4.41591E-01  4.41591E-01  4.41591E-01  4.41591E-01  4.41591E-01  4.41591E-01  4.41591E-01
   21038   3  0.00000E+00  0.00000E+00  0.00000E+00  0.00000E+00  0.00000E+00  0.00000E+00  0.00000E+00  0.00000E+00  0.00000E+00  0.00000E+00  0.00000E+00  0.00000E+00  0.00000E+00  0.00000E+00  0.00000E+00  0.00000E+00  0.00000E+00  0.00000E+00  0.00000E+00  0.00000E+00  0.00000E+00  0.00000E+00  0.00000E+00  0.00000E+00
   18562   3  0.00000E+00  0.00000E+00  0.00000E+00  0.00000E+00  0.00000E+00  0.00000E+00  0.00000E+00  0.00000E+00  0.00000E+00  0.00000E+00  0.00000E+00  0.00000E+00  0.00000E+00  0.00000E+00  0.00000E+00  0.00000E+00  0.00000E+00  0.00000E+00  0.00000E+00  0.00000E+00  0.00000E+00  0.00000E+00  0.00000E+00  0.00000E+00
   20330   7  0.00000E+00  0.00000E+00  0.00000E+00  0.00000E+00  0.00000E+00  0.00000E+00  0.00000E+00  0.00000E+00  0.00000E+00  0.00000E+00  0.00000E+00  0.00000E+00  0.00000E+00  5.47152E+00  5.47152E+00  5.47152E+00  5.47152E+00  5.47152E+00  5.47152E+00  5.47152E+00  5.47152E+00  0.00000E+00  0.00000E+00  0.00000E+00
   20330   2  1.82774E+00  1.82774E+00  1.82774E+00  1.82774E+00  1.82774E+00  1.82774E+00  1.82774E+00  1.82774E+00  1.82774E+00  1.82774E+00  1.82774E+00  1.82774E+00  1.82774E+00  1.82774E+00  1.82774E+00  1.82774E+00  1.82774E+00  1.82774E+00  1.82774E+00  1.82774E+00  1.82774E+00  1.82774E+00  1.82774E+00  1.82774E+00
   20329   2  9.60643E-04  9.60643E-04  9.60643E-04  9.60643E-04  9.60643E-04  9.60643E-04  9.60643E-04  9.60643E-04  9.60643E-04  9.60643E-04  9.60643E-04  9.60643E-04  9.60643E-04  9.60643E-04  9.60643E-04  9.60643E-04  9.60643E-04  9.60643E-04  9.60643E-04  9.60643E-04  9.60643E-04  9.60643E-04  9.60643E-04  9.60643E-04
   19266   5  0.00000E+00  0.00000E+00  0.00000E+00  0.00000E+00  0.00000E+00  0.00000E+00  0.00000E+00  0.00000E+00  0.00000E+00  0.00000E+00  0.00000E+00  0.00000E+00  0.00000E+00  0.00000E+00  0.00000E+00  0.00000E+00  0.00000E+00  0.00000E+00  0.00000E+00  0.00000E+00  0.00000E+00  0.00000E+00  0.00000E+00  0.00000E+00
   19265   4  1.77490E+00  1.77490E+00  1.77490E+00  1.77490E+00  1.77490E+00  1.77490E+00  1.77490E+00  1.77490E+00  1.77490E+00  1.77490E+00  1.77490E+00  1.77490E+00  1.77490E+00  1.90522E+01  1.90522E+01  1.90522E+01  1.90522E+01  1.90522E+01  1.90522E+01  1.90522E+01  1.90522E+01  1.77490E+00  1.77490E+00  1.77490E+00
   19265   3  1.28395E+00  1.28395E+00  4.32247E-01  4.32247E-01  4.32247E-01  4.32247E-01  4.32247E-01  4.32247E-01  4.32247E-01  4.32247E-01  4.32247E-01  4.32247E-01  4.32247E-01  1.85822E+01  1.85822E+01  1.85822E+01  1.85822E+01  1.85822E+01  1.85822E+01  1.85822E+01  1.85822E+01  1.28395E+00  1.28395E+00  1.28395E+00
   19265   5  0.00000E+00  0.00000E+00  0.00000E+00  0.00000E+00  0.00000E+00  0.00000E+00  0.00000E+00  0.00000E+00  0.00000E+00  0.00000E+00  0.00000E+00  0.00000E+00  0.00000E+00  3.83939E+00  3.83939E+00  3.83939E+00  3.83939E+00  3.83939E+00  3.83939E+00  3.83939E+00  3.83939E+00  0.00000E+00  0.00000E+00  0.00000E+00
   19266   7  0.00000E+00  0.00000E+00  0.00000E+00  0.00000E+00  0.00000E+00  0.00000E+00  0.00000E+00  0.00000E+00  0.00000E+00  0.00000E+00  0.00000E+00  0.00000E+00  0.00000E+00  0.00000E+00  0.00000E+00  0.00000E+00  0.00000E+00  0.00000E+00  0.00000E+00  0.00000E+00  0.00000E+00  0.00000E+00  0.00000E+00  0.00000E+00
   19265   7  0.00000E+00  0.00000E+00  0.00000E+00  0.00000E+00  0.00000E+00  0.00000E+00  0.00000E+00  0.00000E+00  0.00000E+00  0.00000E+00  0.00000E+00  0.00000E+00  0.00000E+00  5.24252E+00  5.24252E+00  5.24252E+00  5.24252E+00  5.24252E+00  5.24252E+00  5.24252E+00  5.24252E+00  0.00000E+00  0.00000E+00  0.00000E+00
   19266   4  2.27926E-02  2.27926E-02  2.27926E-02  2.27926E-02  2.27926E-02  2.27926E-02  2.27926E-02  2.27926E-02  2.27926E-02  2.27926E-02  2.27926E-02  2.27926E-02  2.27926E-02  2.27926E-02  2.27926E-02  2.27926E-02  2.27926E-02  2.27926E-02  2.27926E-02  2.27926E-02  2.27926E-02  2.27926E-02  2.27926E-02  2.27926E-02
   18912   4  0.00000E+00  0.00000E+00  0.00000E+00  0.00000E+00  0.00000E+00  0.00000E+00  0.00000E+00  0.00000E+00  0.00000E+00  0.00000E+00  0.00000E+00  0.00000E+00  0.00000E+00  0.00000E+00  0.00000E+00  0.00000E+00  0.00000E+00  0.00000E+00  0.00000E+00  0.00000E+00  0.00000E+00  0.00000E+00  0.00000E+00  0.00000E+00
   19265   1  1.66088E-01  1.66088E-01  1.66088E-01  1.66088E-01  1.66088E-01  1.66088E-01  1.66088E-01  1.66088E-01  1.66088E-01  1.66088E-01  1.66088E-01  1.66088E-01  1.66088E-01  1.66088E-01  1.66088E-01  1.66088E-01  1.66088E-01  1.66088E-01  1.66088E-01  1.66088E-01  1.66088E-01  1.66088E-01  1.66088E-01  1.66088E-01
   20683   4  4.40591E+00  4.40591E+00  4.40591E+00  4.40591E+00  4.40591E+00  4.40591E+00  4.40591E+00  4.40591E+00  4.40591E+00  4.40591E+00  4.40591E+00  4.40591E+00  4.40591E+00  4.40591E+00  4.40591E+00  4.40591E+00  4.40591E+00  4.40591E+00  4.40591E+00  4.40591E+00  4.40591E+00  4.40591E+00  4.40591E+00  4.40591E+00
   20683   7  0.00000E+00  0.00000E+00  0.00000E+00  0.00000E+00  0.00000E+00  0.00000E+00  0.00000E+00  0.00000E+00  0.00000E+00  0.00000E+00  0.00000E+00  0.00000E+00  0.00000E+00  5.31731E-01  5.31731E-01  5.31731E-01  5.31731E-01  5.31731E-01  5.31731E-01  5.31731E-01  5.31731E-01  0.00000E+00  0.00000E+00  0.00000E+00
   20683   2  0.00000E+00  0.00000E+00  0.00000E+00  0.00000E+00  0.00000E+00  0.00000E+00  0.00000E+00  0.00000E+00  0.00000E+00  0.00000E+00  0.00000E+00  0.00000E+00  0.00000E+00  0.00000E+00  0.00000E+00  0.00000E+00  0.00000E+00  0.00000E+00  0.00000E+00  0.00000E+00  0.00000E+00  0.00000E+00  0.00000E+00  0.00000E+00
   19973   5  0.00000E+00  0.00000E+00  0.00000E+00  0.00000E+00  0.00000E+00  0.00000E+00  0.00000E+00  0.00000E+00  0.00000E+00  0.00000E+00  0.00000E+00  0.00000E+00  0.00000E+00  0.00000E+00  0.00000E+00  0.00000E+00  0.00000E+00  0.00000E+00  0.00000E+00  0.00000E+00  0.00000E+00  0.00000E+00  0.00000E+00  0.00000E+00
   19264   3  2.66204E-03  2.66204E-03  2.66204E-03  2.66204E-03  2.66204E-03  2.66204E-03  2.66204E-03  2.66204E-03  2.66204E-03  2.66204E-03  2.66204E-03  2.66204E-03  2.66204E-03  2.66204E-03  2.66204E-03  2.66204E-03  2.66204E-03  2.66204E-03  2.66204E-03  2.66204E-03  2.66204E-03  2.66204E-03  2.66204E-03  2.66204E-03
   19263   4  2.18306E-03  2.18306E-03  2.18306E-03  2.18306E-03  2.18306E-03  2.18306E-03  2.18306E-03  2.18306E-03  2.18306E-03  2.18306E-03  2.18306E-03  2.18306E-03  2.18306E-03  2.18306E-03  2.18306E-03  2.18306E-03  2.18306E-03  2.18306E-03  2.18306E-03  2.18306E-03  2.18306E-03  2.18306E-03  2.18306E-03  2.18306E-03
   20682   4  4.25542E+00  4.25542E+00  4.25542E+00  4.25542E+00  4.25542E+00  4.25542E+00  4.25542E+00  4.25542E+00  4.25542E+00  4.25542E+00  4.25542E+00  4.25542E+00  4.25542E+00  1.81783E+01  1.81783E+01  1.81783E+01  1.81783E+01  1.81783E+01  1.81783E+01  1.81783E+01  1.81783E+01  4.25542E+00  4.25542E+00  4.25542E+00
   20682   3  1.05348E-01  1.05348E-01  1.05348E-01  1.05348E-01  1.05348E-01  1.05348E-01  1.05348E-01  1.05348E-01  1.05348E-01  1.05348E-01  1.05348E-01  1.05348E-01  1.05348E-01  1.40282E+01  1.40282E+01  1.40282E+01  1.40282E+01  1.40282E+01  1.40282E+01  1.40282E+01  1.40282E+01  1.05348E-01  1.05348E-01  1.05348E-01
   20682   5  0.00000E+00  0.00000E+00  0.00000E+00  0.00000E+00  0.00000E+00  0.00000E+00  0.00000E+00  0.00000E+00  0.00000E+00  0.00000E+00  0.00000E+00  0.00000E+00  0.00000E+00  3.09396E+00  3.09396E+00  3.09396E+00  3.09396E+00  3.09396E+00  3.09396E+00  3.09396E+00  3.09396E+00  0.00000E+00  0.00000E+00  0.00000E+00
   21035   4  1.09601E-01  1.09601E-01  1.09601E-01  1.09601E-01  1.09601E-01  1.09601E-01  1.09601E-01  1.09601E-01  1.09601E-01  1.09601E-01  1.09601E-01  1.09601E-01  1.09601E-01  1.09601E-01  1.09601E-01  1.09601E-01  1.09601E-01  1.09601E-01  1.09601E-01  1.09601E-01  1.09601E-01  1.09601E-01  1.09601E-01  1.09601E-01
   21035   3  4.76204E-04  4.76204E-04  4.76204E-04  4.76204E-04  4.76204E-04  4.76204E-04  4.76204E-04  4.76204E-04  4.76204E-04  4.76204E-04  4.76204E-04  4.76204E-04  4.76204E-04  4.76204E-04  4.76204E-04  4.76204E-04  4.76204E-04  4.76204E-04  4.76204E-04  4.76204E-04  4.76204E-04  4.76204E-04  4.76204E-04  4.76204E-04
   20682   7  0.00000E+00  0.00000E+00  0.00000E+00  0.00000E+00  0.00000E+00  0.00000E+00  0.00000E+00  0.00000E+00  0.00000E+00  0.00000E+00  0.00000E+00  0.00000E+00  0.00000E+00  5.27431E-02  5.27431E-02  5.27431E-02  5.27431E-02  5.27431E-02  5.27431E-02  5.27431E-02  5.27431E-02  0.00000E+00  0.00000E+00  0.00000E+00
   17468   3  6.22367E-04  6.22367E-04  6.22367E-04  6.22367E-04  6.22367E-04  6.22367E-04  6.22367E-04  6.22367E-04  6.22367E-04  6.22367E-04  6.22367E-04  6.22367E-04  6.22367E-04  6.22367E-04  6.22367E-04  6.22367E-04  6.22367E-04  6.22367E-04  6.22367E-04  6.22367E-04  6.22367E-04  6.22367E-04  6.22367E-04  6.22367E-04
   20665   3  8.73870E-04  8.73870E-04  8.73870E-04  8.73870E-04  8.73870E-04  8.73870E-04  8.73870E-04  8.73870E-04  8.73870E-04  8.73870E-04  8.73870E-04  8.73870E-04  8.73870E-04  8.73870E-04  8.73870E-04  8.73870E-04  8.73870E-04  8.73870E-04  8.73870E-04  8.73870E-04  8.73870E-04  8.73870E-04  8.73870E-04  8.73870E-04
   21015   3  0.00000E+00  0.00000E+00  0.00000E+00  0.00000E+00  0.00000E+00  0.00000E+00  0.00000E+00  0.00000E+00  0.00000E+00  0.00000E+00  0.00000E+00  0.00000E+00  0.00000E+00  0.00000E+00  0.00000E+00  0.00000E+00  0.00000E+00  0.00000E+00  0.00000E+00  0.00000E+00  0.00000E+00  0.00000E+00  0.00000E+00  0.00000E+00
   22058   3  4.49571E-04  4.49571E-04  4.49571E-04  4.49571E-04  4.49571E-04  4.49571E-04  4.49571E-04  4.49571E-04  4.49571E-04  4.49571E-04  4.49571E-04  4.49571E-04  4.49571E-04  4.49571E-04  4.49571E-04  4.49571E-04  4.49571E-04  4.49571E-04  4.49571E-04  4.49571E-04  4.49571E-04  4.49571E-04  4.49571E-04  4.49571E-04
   22404   3  0.00000E+00  0.00000E+00  0.00000E+00  0.00000E+00  0.00000E+00  0.00000E+00  0.00000E+00  0.00000E+00  0.00000E+00  0.00000E+00  0.00000E+00  0.00000E+00  0.00000E+00  0.00000E+00  0.00000E+00  0.00000E+00  0.00000E+00  0.00000E+00  0.00000E+00  0.00000E+00  0.00000E+00  0.00000E+00  0.00000E+00  0.00000E+00
   13938   4  1.11529E-04  1.11529E-04  1.11529E-04  1.11529E-04  1.11529E-04  1.11529E-04  1.11529E-04  1.11529E-04  1.11529E-04  1.11529E-04  1.11529E-04  1.11529E-04  1.11529E-04  1.11529E-04  1.11529E-04  1.11529E-04  1.11529E-04  1.11529E-04  1.11529E-04  1.11529E-04  1.11529E-04  1.11529E-04  1.11529E-04  1.11529E-04
   13938   2  5.05218E-01  5.05218E-01  5.05218E-01  5.05218E-01  0.00000E+00  0.00000E+00  0.00000E+00  0.00000E+00  5.05218E-01  5.05218E-01  5.05218E-01  5.05218E-01  5.05218E-01  5.05218E-01  5.05218E-01  5.05218E-01  5.05218E-01  5.05218E-01  5.05218E-01  5.05218E-01  5.05218E-01  5.05218E-01  5.05218E-01  5.05218E-01
   13938   1  0.00000E+00  0.00000E+00  0.00000E+00  0.00000E+00  0.00000E+00  0.00000E+00  0.00000E+00  0.00000E+00  0.00000E+00  0.00000E+00  0.00000E+00  0.00000E+00  0.00000E+00  0.00000E+00  0.00000E+00  0.00000E+00  0.00000E+00  0.00000E+00  0.00000E+00  0.00000E+00  0.00000E+00  0.00000E+00  0.00000E+00  0.00000E+00
   13938   7  0.00000E+00  0.00000E+00  0.00000E+00  0.00000E+00  0.00000E+00  0.00000E+00  0.00000E+00  0.00000E+00  0.00000E+00  0.00000E+00  0.00000E+00  0.00000E+00  0.00000E+00  0.00000E+00  0.00000E+00  0.00000E+00  0.00000E+00  0.00000E+00  0.00000E+00  0.00000E+00  0.00000E+00  0.00000E+00  0.00000E+00  0.00000E+00
   13235   1  0.00000E+00  0.00000E+00  0.00000E+00  0.00000E+00  0.00000E+00  0.00000E+00  0.00000E+00  0.00000E+00  0.00000E+00  0.00000E+00  0.00000E+00  0.00000E+00  0.00000E+00  0.00000E+00  0.00000E+00  0.00000E+00  0.00000E+00  0.00000E+00  0.00000E+00  0.00000E+00  0.00000E+00  0.00000E+00  0.00000E+00  0.00000E+00
   13235   2  5.97384E+01  5.97384E+01  5.97384E+01  5.97384E+01  5.97384E+01  5.97384E+01  5.97384E+01  5.97384E+01  5.97384E+01  5.97384E+01  5.97384E+01  5.97384E+01  5.97384E+01  5.97384E+01  5.97384E+01  5.97384E+01  5.97384E+01  5.97384E+01  5.97384E+01  5.97384E+01  5.97384E+01  5.97384E+01  5.97384E+01  5.97384E+01
   13235   3  0.00000E+00  0.00000E+00  0.00000E+00  0.00000E+00  0.00000E+00  0.00000E+00  0.00000E+00  0.00000E+00  0.00000E+00  0.00000E+00  0.00000E+00  0.00000E+00  0.00000E+00  0.00000E+00  0.00000E+00  0.00000E+00  0.00000E+00  0.00000E+00  0.00000E+00  0.00000E+00  0.00000E+00  0.00000E+00  0.00000E+00  0.00000E+00
   13938   3  0.00000E+00  0.00000E+00  0.00000E+00  0.00000E+00  0.00000E+00  0.00000E+00  0.00000E+00  0.00000E+00  0.00000E+00  0.00000E+00  0.00000E+00  0.00000E+00  0.00000E+00  0.00000E+00  0.00000E+00  0.00000E+00  0.00000E+00  0.00000E+00  0.00000E+00  0.00000E+00  0.00000E+00  0.00000E+00  0.00000E+00  0.00000E+00
   21012   3  0.00000E+00  0.00000E+00  0.00000E+00  0.00000E+00  0.00000E+00  0.00000E+00  0.00000E+00  0.00000E+00  0.00000E+00  0.00000E+00  0.00000E+00  0.00000E+00  0.00000E+00  0.00000E+00  0.00000E+00  0.00000E+00  0.00000E+00  0.00000E+00  0.00000E+00  0.00000E+00  0.00000E+00  0.00000E+00  0.00000E+00  0.00000E+00
   20658   3  0.00000E+00  0.00000E+00  0.00000E+00  0.00000E+00  0.00000E+00  0.00000E+00  0.00000E+00  0.00000E+00  0.00000E+00  0.00000E+00  0.00000E+00  0.00000E+00  0.00000E+00  0.00000E+00  0.00000E+00  0.00000E+00  0.00000E+00  0.00000E+00  0.00000E+00  0.00000E+00  0.00000E+00  0.00000E+00  0.00000E+00  0.00000E+00
   21012   4  1.42799E-02  1.42799E-02  1.42799E-02  1.42799E-02  1.42799E-02  1.42799E-02  1.42799E-02  1.42799E-02  1.42799E-02  1.42799E-02  1.42799E-02  1.42799E-02  1.42799E-02  1.42799E-02  1.42799E-02  1.42799E-02  1.42799E-02  1.42799E-02  1.42799E-02  1.42799E-02  1.42799E-02  1.42799E-02  1.42799E-02  1.42799E-02
   21013   4  5.51486E-02  5.51486E-02  5.51486E-02  5.51486E-02  5.51486E-02  5.51486E-02  5.51486E-02  5.51486E-02  5.51486E-02  5.51486E-02  5.51486E-02  5.51486E-02  5.51486E-02  5.51486E-02  5.51486E-02  5.51486E-02  5.51486E-02  5.51486E-02  5.51486E-02  5.51486E-02  5.51486E-02  5.51486E-02  5.51486E-02  5.51486E-02
   20658   7  0.00000E+00  0.00000E+00  0.00000E+00  0.00000E+00  0.00000E+00  0.00000E+00  0.00000E+00  0.00000E+00  0.00000E+00  0.00000E+00  0.00000E+00  0.00000E+00  0.00000E+00  0.00000E+00  0.00000E+00  0.00000E+00  0.00000E+00  0.00000E+00  0.00000E+00  0.00000E+00  0.00000E+00  0.00000E+00  0.00000E+00  0.00000E+00
   21013   3  0.00000E+00  0.00000E+00  0.00000E+00  0.00000E+00  0.00000E+00  0.00000E+00  0.00000E+00  0.00000E+00  0.00000E+00  0.00000E+00  0.00000E+00  0.00000E+00  0.00000E+00  0.00000E+00  0.00000E+00  0.00000E+00  0.00000E+00  0.00000E+00  0.00000E+00  0.00000E+00  0.00000E+00  0.00000E+00  0.00000E+00  0.00000E+00
   20659   4  0.00000E+00  0.00000E+00  0.00000E+00  0.00000E+00  0.00000E+00  0.00000E+00  0.00000E+00  0.00000E+00  0.00000E+00  0.00000E+00  0.00000E+00  0.00000E+00  0.00000E+00  0.00000E+00  0.00000E+00  0.00000E+00  0.00000E+00  0.00000E+00  0.00000E+00  0.00000E+00  0.00000E+00  0.00000E+00  0.00000E+00  0.00000E+00
   20645   3  0.00000E+00  0.00000E+00  0.00000E+00  0.00000E+00  0.00000E+00  0.00000E+00  0.00000E+00  0.00000E+00  0.00000E+00  0.00000E+00  0.00000E+00  0.00000E+00  0.00000E+00  0.00000E+00  0.00000E+00  0.00000E+00  0.00000E+00  0.00000E+00  0.00000E+00  0.00000E+00  0.00000E+00  0.00000E+00  0.00000E+00  0.00000E+00
   18891   3  0.00000E+00  0.00000E+00  0.00000E+00  0.00000E+00  0.00000E+00  0.00000E+00  0.00000E+00  0.00000E+00  0.00000E+00  0.00000E+00  0.00000E+00  0.00000E+00  0.00000E+00  0.00000E+00  0.00000E+00  0.00000E+00  0.00000E+00  0.00000E+00  0.00000E+00  0.00000E+00  0.00000E+00  0.00000E+00  0.00000E+00  0.00000E+00
   19239   2  0.00000E+00  0.00000E+00  0.00000E+00  0.00000E+00  0.00000E+00  0.00000E+00  0.00000E+00  0.00000E+00  0.00000E+00  0.00000E+00  0.00000E+00  0.00000E+00  0.00000E+00  0.00000E+00  0.00000E+00  0.00000E+00  0.00000E+00  0.00000E+00  0.00000E+00  0.00000E+00  0.00000E+00  0.00000E+00  0.00000E+00  0.00000E+00
   19239   3  0.00000E+00  0.00000E+00  0.00000E+00  0.00000E+00  0.00000E+00  0.00000E+00  0.00000E+00  0.00000E+00  0.00000E+00  0.00000E+00  0.00000E+00  0.00000E+00  0.00000E+00  0.00000E+00  0.00000E+00  0.00000E+00  0.00000E+00  0.00000E+00  0.00000E+00  0.00000E+00  0.00000E+00  0.00000E+00  0.00000E+00  0.00000E+00
   20643   2  0.00000E+00  0.00000E+00  0.00000E+00  0.00000E+00  0.00000E+00  0.00000E+00  0.00000E+00  0.00000E+00  0.00000E+00  0.00000E+00  0.00000E+00  0.00000E+00  0.00000E+00  0.00000E+00  0.00000E+00  0.00000E+00  0.00000E+00  0.00000E+00  0.00000E+00  0.00000E+00  0.00000E+00  0.00000E+00  0.00000E+00  0.00000E+00
   20643   3  0.00000E+00  0.00000E+00  0.00000E+00  0.00000E+00  0.00000E+00  0.00000E+00  0.00000E+00  0.00000E+00  0.00000E+00  0.00000E+00  0.00000E+00  0.00000E+00  0.00000E+00  0.00000E+00  0.00000E+00  0.00000E+00  0.00000E+00  0.00000E+00  0.00000E+00  0.00000E+00  0.00000E+00  0.00000E+00  0.00000E+00  0.00000E+00
   19590   3  0.00000E+00  0.00000E+00  0.00000E+00  0.00000E+00  0.00000E+00  0.00000E+00  0.00000E+00  0.00000E+00  0.00000E+00  0.00000E+00  0.00000E+00  0.00000E+00  0.00000E+00  0.00000E+00  0.00000E+00  0.00000E+00  0.00000E+00  0.00000E+00  0.00000E+00  0.00000E+00  0.00000E+00  0.00000E+00  0.00000E+00  0.00000E+00
   19590   7  0.00000E+00  0.00000E+00  0.00000E+00  0.00000E+00  0.00000E+00  0.00000E+00  0.00000E+00  0.00000E+00  0.00000E+00  0.00000E+00  0.00000E+00  0.00000E+00  0.00000E+00  0.00000E+00  0.00000E+00  0.00000E+00  0.00000E+00  0.00000E+00  0.00000E+00  0.00000E+00  0.00000E+00  0.00000E+00  0.00000E+00  0.00000E+00
   21358   4  0.00000E+00  0.00000E+00  0.00000E+00  0.00000E+00  0.00000E+00  0.00000E+00  0.00000E+00  0.00000E+00  0.00000E+00  0.00000E+00  0.00000E+00  0.00000E+00  0.00000E+00  0.00000E+00  0.00000E+00  0.00000E+00  0.00000E+00  0.00000E+00  0.00000E+00  0.00000E+00  0.00000E+00  0.00000E+00  0.00000E+00  0.00000E+00
   22412   3  4.43181E-03  4.43181E-03  4.43181E-03  4.43181E-03  4.43181E-03  4.43181E-03  4.43181E-03  4.43181E-03  4.43181E-03  4.43181E-03  4.43181E-03  4.43181E-03  4.43181E-03  4.43181E-03  4.43181E-03  4.43181E-03  4.43181E-03  4.43181E-03  4.43181E-03  4.43181E-03  4.43181E-03  4.43181E-03  4.43181E-03  4.43181E-03
   22412   7  0.00000E+00  0.00000E+00  0.00000E+00  0.00000E+00  0.00000E+00  0.00000E+00  0.00000E+00  0.00000E+00  0.00000E+00  0.00000E+00  0.00000E+00  0.00000E+00  0.00000E+00  0.00000E+00  0.00000E+00  0.00000E+00  0.00000E+00  0.00000E+00  0.00000E+00  0.00000E+00  0.00000E+00  0.00000E+00  0.00000E+00  0.00000E+00
   19610   3  0.00000E+00  0.00000E+00  0.00000E+00  0.00000E+00  0.00000E+00  0.00000E+00  0.00000E+00  0.00000E+00  0.00000E+00  0.00000E+00  0.00000E+00  0.00000E+00  0.00000E+00  0.00000E+00  0.00000E+00  0.00000E+00  0.00000E+00  0.00000E+00  0.00000E+00  0.00000E+00  0.00000E+00  0.00000E+00  0.00000E+00  0.00000E+00
   16803   4  2.07197E-02  2.07197E-02  2.07197E-02  2.07197E-02  2.07197E-02  2.07197E-02  2.07197E-02  2.07197E-02  2.07197E-02  2.07197E-02  2.07197E-02  2.07197E-02  2.07197E-02  2.07197E-02  2.07197E-02  2.07197E-02  2.07197E-02  2.07197E-02  2.07197E-02  2.07197E-02  2.07197E-02  2.07197E-02  2.07197E-02  2.07197E-02
   16802   4  1.71857E-01  1.71857E-01  1.71857E-01  1.71857E-01  1.71857E-01  1.71857E-01  1.71857E-01  1.71857E-01  1.71857E-01  1.71857E-01  1.71857E-01  1.71857E-01  1.71857E-01  1.71857E-01  1.71857E-01  1.71857E-01  1.71857E-01  1.71857E-01  1.71857E-01  1.71857E-01  1.71857E-01  1.71857E-01  1.71857E-01  1.71857E-01
   17156   4  2.85291E-04  2.85291E-04  2.85291E-04  2.85291E-04  2.85291E-04  2.85291E-04  2.85291E-04  2.85291E-04  2.85291E-04  2.85291E-04  2.85291E-04  2.85291E-04  2.85291E-04  2.85291E-04  2.85291E-04  2.85291E-04  2.85291E-04  2.85291E-04  2.85291E-04  2.85291E-04  2.85291E-04  2.85291E-04  2.85291E-04  2.85291E-04
   17156   3  6.32980E-04  6.32980E-04  6.32980E-04  6.32980E-04  6.32980E-04  0.00000E+00  0.00000E+00  0.00000E+00  0.00000E+00  0.00000E+00  0.00000E+00  0.00000E+00  0.00000E+00  6.32980E-04  6.32980E-04  6.32980E-04  6.32980E-04  6.32980E-04  6.32980E-04  6.32980E-04  6.32980E-04  6.32980E-04  6.32980E-04  6.32980E-04
   17156   7  0.00000E+00  0.00000E+00  0.00000E+00  0.00000E+00  0.00000E+00  0.00000E+00  0.00000E+00  0.00000E+00  0.00000E+00  0.00000E+00  0.00000E+00  0.00000E+00  0.00000E+00  0.00000E+00  0.00000E+00  0.00000E+00  0.00000E+00  0.00000E+00  0.00000E+00  0.00000E+00  0.00000E+00  0.00000E+00  0.00000E+00  0.00000E+00
   17156   2  0.00000E+00  0.00000E+00  0.00000E+00  0.00000E+00  0.00000E+00  0.00000E+00  0.00000E+00  0.00000E+00  0.00000E+00  0.00000E+00  0.00000E+00  0.00000E+00  0.00000E+00  0.00000E+00  0.00000E+00  0.00000E+00  0.00000E+00  0.00000E+00  0.00000E+00  0.00000E+00  0.00000E+00  0.00000E+00  0.00000E+00  0.00000E+00
   17506   4  4.13449E+00  4.13449E+00  4.13449E+00  4.13449E+00  4.13449E+00  4.13449E+00  4.13449E+00  4.13449E+00  4.13449E+00  4.13449E+00  4.13449E+00  4.13449E+00  4.13449E+00  2.37186E+01  2.37186E+01  2.37186E+01  2.37186E+01  2.37186E+01  2.37186E+01  2.37186E+01  2.37186E+01  4.13449E+00  4.13449E+00  4.13449E+00
   17506   3  1.05154E+00  1.05154E+00  1.05154E+00  1.05154E+00  1.05154E+00  1.05154E+00  1.05154E+00  1.05154E+00  1.05154E+00  1.05154E+00  1.05154E+00  1.05154E+00  1.05154E+00  2.06359E+01  2.06359E+01  2.06359E+01  2.06359E+01  2.06359E+01  2.06359E+01  2.06359E+01  2.06359E+01  1.05154E+00  1.05154E+00  1.05154E+00
   17859   3  0.00000E+00  0.00000E+00  0.00000E+00  0.00000E+00  0.00000E+00  0.00000E+00  0.00000E+00  0.00000E+00  0.00000E+00  0.00000E+00  0.00000E+00  0.00000E+00  0.00000E+00  0.00000E+00  0.00000E+00  0.00000E+00  0.00000E+00  0.00000E+00  0.00000E+00  0.00000E+00  0.00000E+00  0.00000E+00  0.00000E+00  0.00000E+00
   17506   7  0.00000E+00  0.00000E+00  0.00000E+00  0.00000E+00  0.00000E+00  0.00000E+00  0.00000E+00  0.00000E+00  0.00000E+00  0.00000E+00  0.00000E+00  0.00000E+00  0.00000E+00  0.00000E+00  0.00000E+00  0.00000E+00  0.00000E+00  0.00000E+00  0.00000E+00  0.00000E+00  0.00000E+00  0.00000E+00  0.00000E+00  0.00000E+00
   17505   3  0.00000E+00  0.00000E+00  0.00000E+00  0.00000E+00  0.00000E+00  0.00000E+00  0.00000E+00  0.00000E+00  0.00000E+00  0.00000E+00  0.00000E+00  0.00000E+00  0.00000E+00  0.00000E+00  0.00000E+00  0.00000E+00  0.00000E+00  0.00000E+00  0.00000E+00  0.00000E+00  0.00000E+00  0.00000E+00  0.00000E+00  0.00000E+00
   17153   2  7.84891E-01  7.84891E-01  7.84891E-01  7.84891E-01  7.84891E-01  7.84891E-01  7.84891E-01  7.84891E-01  7.84891E-01  7.84891E-01  7.84891E-01  7.84891E-01  7.84891E-01  7.84891E-01  7.84891E-01  7.84891E-01  7.84891E-01  7.84891E-01  7.84891E-01  7.84891E-01  7.84891E-01  7.84891E-01  7.84891E-01  7.84891E-01
   17506   5  0.00000E+00  0.00000E+00  0.00000E+00  0.00000E+00  0.00000E+00  0.00000E+00  0.00000E+00  0.00000E+00  0.00000E+00  0.00000E+00  0.00000E+00  0.00000E+00  0.00000E+00  4.35203E+00  4.35203E+00  4.35203E+00  4.35203E+00  4.35203E+00  4.35203E+00  4.35203E+00  4.35203E+00  0.00000E+00  0.00000E+00  0.00000E+00
   18212   4  0.00000E+00  0.00000E+00  0.00000E+00  0.00000E+00  0.00000E+00  0.00000E+00  0.00000E+00  0.00000E+00  0.00000E+00  0.00000E+00  0.00000E+00  0.00000E+00  0.00000E+00  0.00000E+00  0.00000E+00  0.00000E+00  0.00000E+00  0.00000E+00  0.00000E+00  0.00000E+00  0.00000E+00  0.00000E+00  0.00000E+00  0.00000E+00
   17510   4  4.91793E-02  4.91793E-02  4.91793E-02  4.91793E-02  4.91793E-02  4.91793E-02  4.91793E-02  4.91793E-02  4.91793E-02  4.91793E-02  4.91793E-02  4.91793E-02  4.91793E-02  4.91793E-02  4.91793E-02  4.91793E-02  4.91793E-02  4.91793E-02  4.91793E-02  4.91793E-02  4.91793E-02  4.91793E-02  4.91793E-02  4.91793E-02
   16447   2  0.00000E+00  0.00000E+00  0.00000E+00  0.00000E+00  0.00000E+00  0.00000E+00  0.00000E+00  0.00000E+00  0.00000E+00  0.00000E+00  0.00000E+00  0.00000E+00  0.00000E+00  0.00000E+00  0.00000E+00  0.00000E+00  0.00000E+00  0.00000E+00  0.00000E+00  0.00000E+00  0.00000E+00  0.00000E+00  0.00000E+00  0.00000E+00
   16447   3  0.00000E+00  0.00000E+00  0.00000E+00  0.00000E+00  0.00000E+00  0.00000E+00  0.00000E+00  0.00000E+00  0.00000E+00  0.00000E+00  0.00000E+00  0.00000E+00  0.00000E+00  0.00000E+00  0.00000E+00  0.00000E+00  0.00000E+00  0.00000E+00  0.00000E+00  0.00000E+00  0.00000E+00  0.00000E+00  0.00000E+00  0.00000E+00
   32968   7  0.00000E+00  0.00000E+00  0.00000E+00  0.00000E+00  0.00000E+00  0.00000E+00  0.00000E+00  0.00000E+00  0.00000E+00  0.00000E+00  0.00000E+00  0.00000E+00  0.00000E+00  0.00000E+00  0.00000E+00  0.00000E+00  0.00000E+00  0.00000E+00  0.00000E+00  0.00000E+00  0.00000E+00  0.00000E+00  0.00000E+00  0.00000E+00
   32968   3  0.00000E+00  0.00000E+00  0.00000E+00  0.00000E+00  0.00000E+00  0.00000E+00  0.00000E+00  0.00000E+00  0.00000E+00  0.00000E+00  0.00000E+00  0.00000E+00  0.00000E+00  0.00000E+00  0.00000E+00  0.00000E+00  0.00000E+00  0.00000E+00  0.00000E+00  0.00000E+00  0.00000E+00  0.00000E+00  0.00000E+00  0.00000E+00
   29089   4  1.05072E-03  1.05072E-03  1.05072E-03  1.05072E-03  1.05072E-03  1.05072E-03  1.05072E-03  1.05072E-03  1.05072E-03  1.05072E-03  1.05072E-03  1.05072E-03  1.05072E-03  1.05072E-03  1.05072E-03  1.05072E-03  1.05072E-03  1.05072E-03  1.05072E-03  1.05072E-03  1.05072E-03  1.05072E-03  1.05072E-03  1.05072E-03
   29089   2  0.00000E+00  0.00000E+00  0.00000E+00  0.00000E+00  0.00000E+00  0.00000E+00  0.00000E+00  0.00000E+00  0.00000E+00  0.00000E+00  0.00000E+00  0.00000E+00  0.00000E+00  0.00000E+00  0.00000E+00  0.00000E+00  0.00000E+00  0.00000E+00  0.00000E+00  0.00000E+00  0.00000E+00  0.00000E+00  0.00000E+00  0.00000E+00
   29089   3  4.90120E-03  4.90120E-03  4.90120E-03  4.90120E-03  4.90120E-03  4.90120E-03  4.90120E-03  4.90120E-03  4.90120E-03  4.90120E-03  4.90120E-03  4.90120E-03  4.90120E-03  4.90120E-03  4.90120E-03  4.90120E-03  4.90120E-03  4.90120E-03  4.90120E-03  4.90120E-03  4.90120E-03  4.90120E-03  4.90120E-03  4.90120E-03
   29089   7  0.00000E+00  0.00000E+00  0.00000E+00  0.00000E+00  0.00000E+00  0.00000E+00  0.00000E+00  0.00000E+00  0.00000E+00  0.00000E+00  0.00000E+00  0.00000E+00  0.00000E+00  0.00000E+00  0.00000E+00  0.00000E+00  0.00000E+00  0.00000E+00  0.00000E+00  0.00000E+00  0.00000E+00  0.00000E+00  0.00000E+00  0.00000E+00
   15772   3  0.00000E+00  0.00000E+00  0.00000E+00  0.00000E+00  0.00000E+00  0.00000E+00  0.00000E+00  0.00000E+00  0.00000E+00  0.00000E+00  0.00000E+00  0.00000E+00  0.00000E+00  0.00000E+00  0.00000E+00  0.00000E+00  0.00000E+00  0.00000E+00  0.00000E+00  0.00000E+00  0.00000E+00  0.00000E+00  0.00000E+00  0.00000E+00
   15772   2  0.00000E+00  0.00000E+00  0.00000E+00  0.00000E+00  0.00000E+00  0.00000E+00  0.00000E+00  0.00000E+00  0.00000E+00  0.00000E+00  0.00000E+00  0.00000E+00  0.00000E+00  0.00000E+00  0.00000E+00  0.00000E+00  0.00000E+00  0.00000E+00  0.00000E+00  0.00000E+00  0.00000E+00  0.00000E+00  0.00000E+00  0.00000E+00
   16476   4  1.57390E-03  1.57390E-03  1.57390E-03  1.57390E-03  1.57390E-03  1.57390E-03  1.57390E-03  1.57390E-03  1.57390E-03  1.57390E-03  1.57390E-03  1.57390E-03  1.57390E-03  1.57390E-03  1.57390E-03  1.57390E-03  1.57390E-03  1.57390E-03  1.57390E-03  1.57390E-03  1.57390E-03  1.57390E-03  1.57390E-03  1.57390E-03
   16476   3  0.00000E+00  0.00000E+00  0.00000E+00  0.00000E+00  0.00000E+00  0.00000E+00  0.00000E+00  0.00000E+00  0.00000E+00  0.00000E+00  0.00000E+00  0.00000E+00  0.00000E+00  0.00000E+00  0.00000E+00  0.00000E+00  0.00000E+00  0.00000E+00  0.00000E+00  0.00000E+00  0.00000E+00  0.00000E+00  0.00000E+00  0.00000E+00
    7320   4  0.00000E+00  0.00000E+00  0.00000E+00  0.00000E+00  0.00000E+00  0.00000E+00  0.00000E+00  0.00000E+00  0.00000E+00  0.00000E+00  0.00000E+00  0.00000E+00  0.00000E+00  0.00000E+00  0.00000E+00  0.00000E+00  0.00000E+00  0.00000E+00  0.00000E+00  0.00000E+00  0.00000E+00  0.00000E+00  0.00000E+00  0.00000E+00
   10496   2  0.00000E+00  0.00000E+00  0.00000E+00  0.00000E+00  0.00000E+00  0.00000E+00  0.00000E+00  0.00000E+00  0.00000E+00  0.00000E+00  0.00000E+00  0.00000E+00  0.00000E+00  0.00000E+00  0.00000E+00  0.00000E+00  0.00000E+00  0.00000E+00  0.00000E+00  0.00000E+00  0.00000E+00  0.00000E+00  0.00000E+00  0.00000E+00
   10496   3  1.46175E-02  1.46175E-02  1.46175E-02  1.46175E-02  1.46175E-02  1.46175E-02  1.46175E-02  1.46175E-02  1.46175E-02  1.46175E-02  1.46175E-02  1.46175E-02  1.46175E-02  1.46175E-02  1.46175E-02  1.46175E-02  1.46175E-02  1.46175E-02  1.46175E-02  1.46175E-02  1.46175E-02  1.46175E-02  1.46175E-02  1.46175E-02
   10122   3  0.00000E+00  0.00000E+00  0.00000E+00  0.00000E+00  0.00000E+00  0.00000E+00  0.00000E+00  0.00000E+00  0.00000E+00  0.00000E+00  0.00000E+00  0.00000E+00  0.00000E+00  0.00000E+00  0.00000E+00  0.00000E+00  0.00000E+00  0.00000E+00  0.00000E+00  0.00000E+00  0.00000E+00  0.00000E+00  0.00000E+00  0.00000E+00
   10122   5  0.00000E+00  0.00000E+00  0.00000E+00  0.00000E+00  0.00000E+00  0.00000E+00  0.00000E+00  0.00000E+00  0.00000E+00  0.00000E+00  0.00000E+00  0.00000E+00  0.00000E+00  0.00000E+00  0.00000E+00  0.00000E+00  0.00000E+00  0.00000E+00  0.00000E+00  0.00000E+00  0.00000E+00  0.00000E+00  0.00000E+00  0.00000E+00
    6258   1  0.00000E+00  0.00000E+00  0.00000E+00  0.00000E+00  0.00000E+00  0.00000E+00  0.00000E+00  0.00000E+00  0.00000E+00  0.00000E+00  0.00000E+00  0.00000E+00  0.00000E+00  0.00000E+00  0.00000E+00  0.00000E+00  0.00000E+00  0.00000E+00  0.00000E+00  0.00000E+00  0.00000E+00  0.00000E+00  0.00000E+00  0.00000E+00
    6258   2  0.00000E+00  0.00000E+00  0.00000E+00  0.00000E+00  0.00000E+00  0.00000E+00  0.00000E+00  0.00000E+00  0.00000E+00  0.00000E+00  0.00000E+00  0.00000E+00  0.00000E+00  0.00000E+00  0.00000E+00  0.00000E+00  0.00000E+00  0.00000E+00  0.00000E+00  0.00000E+00  0.00000E+00  0.00000E+00  0.00000E+00  0.00000E+00
    6258   3  0.00000E+00  0.00000E+00  0.00000E+00  0.00000E+00  0.00000E+00  0.00000E+00  0.00000E+00  0.00000E+00  0.00000E+00  0.00000E+00  0.00000E+00  0.00000E+00  0.00000E+00  0.00000E+00  0.00000E+00  0.00000E+00  0.00000E+00  0.00000E+00  0.00000E+00  0.00000E+00  0.00000E+00  0.00000E+00  0.00000E+00  0.00000E+00
    6258   4  0.00000E+00  0.00000E+00  0.00000E+00  0.00000E+00  0.00000E+00  0.00000E+00  0.00000E+00  0.00000E+00  0.00000E+00  0.00000E+00  0.00000E+00  0.00000E+00  0.00000E+00  0.00000E+00  0.00000E+00  0.00000E+00  0.00000E+00  0.00000E+00  0.00000E+00  0.00000E+00  0.00000E+00  0.00000E+00  0.00000E+00  0.00000E+00
    6258   7  0.00000E+00  0.00000E+00  0.00000E+00  0.00000E+00  0.00000E+00  0.00000E+00  0.00000E+00  0.00000E+00  0.00000E+00  0.00000E+00  0.00000E+00  0.00000E+00  0.00000E+00  0.00000E+00  0.00000E+00  0.00000E+00  0.00000E+00  0.00000E+00  0.00000E+00  0.00000E+00  0.00000E+00  0.00000E+00  0.00000E+00  0.00000E+00
    9417   4  3.77130E-04  3.77130E-04  3.77130E-04  3.77130E-04  3.77130E-04  3.77130E-04  3.77130E-04  3.77130E-04  3.77130E-04  3.77130E-04  3.77130E-04  3.77130E-04  3.77130E-04  3.77130E-04  3.77130E-04  3.77130E-04  3.77130E-04  3.77130E-04  3.77130E-04  3.77130E-04  3.77130E-04  3.77130E-04  3.77130E-04  3.77130E-04
   10122   4  2.37584E-04  2.37584E-04  2.37584E-04  2.37584E-04  2.37584E-04  2.37584E-04  2.37584E-04  2.37584E-04  2.37584E-04  2.37584E-04  2.37584E-04  2.37584E-04  2.37584E-04  2.37584E-04  2.37584E-04  2.37584E-04  2.37584E-04  2.37584E-04  2.37584E-04  2.37584E-04  2.37584E-04  2.37584E-04  2.37584E-04  2.37584E-04
   14365   3  0.00000E+00  0.00000E+00  0.00000E+00  0.00000E+00  0.00000E+00  0.00000E+00  0.00000E+00  0.00000E+00  0.00000E+00  0.00000E+00  0.00000E+00  0.00000E+00  0.00000E+00  0.00000E+00  0.00000E+00  0.00000E+00  0.00000E+00  0.00000E+00  0.00000E+00  0.00000E+00  0.00000E+00  0.00000E+00  0.00000E+00  0.00000E+00
   11525   4  7.77129E-03  7.77129E-03  7.77129E-03  7.77129E-03  7.77129E-03  7.77129E-03  7.77129E-03  7.77129E-03  7.77129E-03  7.77129E-03  7.77129E-03  7.77129E-03  7.77129E-03  7.77129E-03  7.77129E-03  7.77129E-03  7.77129E-03  7.77129E-03  7.77129E-03  7.77129E-03  7.77129E-03  7.77129E-03  7.77129E-03  7.77129E-03
    8358   7  0.00000E+00  0.00000E+00  0.00000E+00  0.00000E+00  0.00000E+00  0.00000E+00  0.00000E+00  0.00000E+00  0.00000E+00  0.00000E+00  0.00000E+00  0.00000E+00  0.00000E+00  0.00000E+00  0.00000E+00  0.00000E+00  0.00000E+00  0.00000E+00  0.00000E+00  0.00000E+00  0.00000E+00  0.00000E+00  0.00000E+00  0.00000E+00
    9771   3  0.00000E+00  0.00000E+00  0.00000E+00  0.00000E+00  0.00000E+00  0.00000E+00  0.00000E+00  0.00000E+00  0.00000E+00  0.00000E+00  0.00000E+00  0.00000E+00  0.00000E+00  0.00000E+00  0.00000E+00  0.00000E+00  0.00000E+00  0.00000E+00  0.00000E+00  0.00000E+00  0.00000E+00  0.00000E+00  0.00000E+00  0.00000E+00
    6609   3  0.00000E+00  0.00000E+00  0.00000E+00  0.00000E+00  0.00000E+00  0.00000E+00  0.00000E+00  0.00000E+00  0.00000E+00  0.00000E+00  0.00000E+00  0.00000E+00  0.00000E+00  0.00000E+00  0.00000E+00  0.00000E+00  0.00000E+00  0.00000E+00  0.00000E+00  0.00000E+00  0.00000E+00  0.00000E+00  0.00000E+00  0.00000E+00
   11870   4  7.15810E-02  7.15810E-02  7.15810E-02  7.15810E-02  7.15810E-02  7.15810E-02  7.15810E-02  7.15810E-02  7.15810E-02  7.15810E-02  7.15810E-02  7.15810E-02  7.15810E-02  7.15810E-02  7.15810E-02  7.15810E-02  7.15810E-02  7.15810E-02  7.15810E-02  7.15810E-02  7.15810E-02  7.15810E-02  7.15810E-02  7.15810E-02
   11870   3  0.00000E+00  0.00000E+00  0.00000E+00  0.00000E+00  0.00000E+00  0.00000E+00  0.00000E+00  0.00000E+00  0.00000E+00  0.00000E+00  0.00000E+00  0.00000E+00  0.00000E+00  0.00000E+00  0.00000E+00  0.00000E+00  0.00000E+00  0.00000E+00  0.00000E+00  0.00000E+00  0.00000E+00  0.00000E+00  0.00000E+00  0.00000E+00
   11870   2  0.00000E+00  0.00000E+00  0.00000E+00  0.00000E+00  0.00000E+00  0.00000E+00  0.00000E+00  0.00000E+00  0.00000E+00  0.00000E+00  0.00000E+00  0.00000E+00  0.00000E+00  0.00000E+00  0.00000E+00  0.00000E+00  0.00000E+00  0.00000E+00  0.00000E+00  0.00000E+00  0.00000E+00  0.00000E+00  0.00000E+00  0.00000E+00
   10124   4  1.67657E-04  1.67657E-04  1.67657E-04  1.67657E-04  1.67657E-04  1.67657E-04  1.67657E-04  1.67657E-04  1.67657E-04  1.67657E-04  1.67657E-04  1.67657E-04  1.67657E-04  1.67657E-04  1.67657E-04  1.67657E-04  1.67657E-04  1.67657E-04  1.67657E-04  1.67657E-04  1.67657E-04  1.67657E-04  1.67657E-04  1.67657E-04
   18579   3  0.00000E+00  0.00000E+00  0.00000E+00  0.00000E+00  0.00000E+00  0.00000E+00  0.00000E+00  0.00000E+00  0.00000E+00  0.00000E+00  0.00000E+00  0.00000E+00  0.00000E+00  0.00000E+00  0.00000E+00  0.00000E+00  0.00000E+00  0.00000E+00  0.00000E+00  0.00000E+00  0.00000E+00  0.00000E+00  0.00000E+00  0.00000E+00
   18225   4  0.00000E+00  0.00000E+00  0.00000E+00  0.00000E+00  0.00000E+00  0.00000E+00  0.00000E+00  0.00000E+00  0.00000E+00  0.00000E+00  0.00000E+00  0.00000E+00  0.00000E+00  0.00000E+00  0.00000E+00  0.00000E+00  0.00000E+00  0.00000E+00  0.00000E+00  0.00000E+00  0.00000E+00  0.00000E+00  0.00000E+00  0.00000E+00
   18225   3  0.00000E+00  0.00000E+00  0.00000E+00  0.00000E+00  0.00000E+00  0.00000E+00  0.00000E+00  0.00000E+00  0.00000E+00  0.00000E+00  0.00000E+00  0.00000E+00  0.00000E+00  0.00000E+00  0.00000E+00  0.00000E+00  0.00000E+00  0.00000E+00  0.00000E+00  0.00000E+00  0.00000E+00  0.00000E+00  0.00000E+00  0.00000E+00
   15059   3  0.00000E+00  0.00000E+00  0.00000E+00  0.00000E+00  0.00000E+00  0.00000E+00  0.00000E+00  0.00000E+00  0.00000E+00  0.00000E+00  0.00000E+00  0.00000E+00  0.00000E+00  0.00000E+00  0.00000E+00  0.00000E+00  0.00000E+00  0.00000E+00  0.00000E+00  0.00000E+00  0.00000E+00  0.00000E+00  0.00000E+00  0.00000E+00
   18576   4  7.20696E-02  7.20696E-02  7.20696E-02  7.20696E-02  7.20696E-02  7.20696E-02  7.20696E-02  7.20696E-02  7.20696E-02  7.20696E-02  7.20696E-02  7.20696E-02  7.20696E-02  7.20696E-02  7.20696E-02  7.20696E-02  7.20696E-02  7.20696E-02  7.20696E-02  7.20696E-02  7.20696E-02  7.20696E-02  7.20696E-02  7.20696E-02
   18576   3  1.04485E-01  1.04485E-01  1.04485E-01  1.04485E-01  1.04485E-01  1.04485E-01  1.04485E-01  1.04485E-01  1.04485E-01  1.04485E-01  1.04485E-01  1.04485E-01  1.04485E-01  1.04485E-01  1.04485E-01  1.04485E-01  1.04485E-01  1.04485E-01  1.04485E-01  1.04485E-01  1.04485E-01  1.04485E-01  1.04485E-01  1.04485E-01
   18576   1  0.00000E+00  0.00000E+00  0.00000E+00  0.00000E+00  0.00000E+00  0.00000E+00  0.00000E+00  0.00000E+00  0.00000E+00  0.00000E+00  0.00000E+00  0.00000E+00  0.00000E+00  0.00000E+00  0.00000E+00  0.00000E+00  0.00000E+00  0.00000E+00  0.00000E+00  0.00000E+00  0.00000E+00  0.00000E+00  0.00000E+00  0.00000E+00
   15747   3  0.00000E+00  0.00000E+00  0.00000E+00  0.00000E+00  0.00000E+00  0.00000E+00  0.00000E+00  0.00000E+00  0.00000E+00  0.00000E+00  0.00000E+00  0.00000E+00  0.00000E+00  0.00000E+00  0.00000E+00  0.00000E+00  0.00000E+00  0.00000E+00  0.00000E+00  0.00000E+00  0.00000E+00  0.00000E+00  0.00000E+00  0.00000E+00
   15747   2  0.00000E+00  0.00000E+00  0.00000E+00  0.00000E+00  0.00000E+00  0.00000E+00  0.00000E+00  0.00000E+00  0.00000E+00  0.00000E+00  0.00000E+00  0.00000E+00  0.00000E+00  0.00000E+00  0.00000E+00  0.00000E+00  0.00000E+00  0.00000E+00  0.00000E+00  0.00000E+00  0.00000E+00  0.00000E+00  0.00000E+00  0.00000E+00
   13638   3  0.00000E+00  0.00000E+00  0.00000E+00  0.00000E+00  0.00000E+00  0.00000E+00  0.00000E+00  0.00000E+00  0.00000E+00  0.00000E+00  0.00000E+00  0.00000E+00  0.00000E+00  0.00000E+00  0.00000E+00  0.00000E+00  0.00000E+00  0.00000E+00  0.00000E+00  0.00000E+00  0.00000E+00  0.00000E+00  0.00000E+00  0.00000E+00
   18926   4  8.80301E-03  8.80301E-03  8.80301E-03  8.80301E-03  8.80301E-03  8.80301E-03  8.80301E-03  8.80301E-03  8.80301E-03  8.80301E-03  8.80301E-03  8.80301E-03  8.80301E-03  8.80301E-03  8.80301E-03  8.80301E-03  8.80301E-03  8.80301E-03  8.80301E-03  8.80301E-03  8.80301E-03  8.80301E-03  8.80301E-03  8.80301E-03
   22115   4  1.43058E-04  1.43058E-04  1.43058E-04  1.43058E-04  1.43058E-04  1.43058E-04  1.43058E-04  1.43058E-04  1.43058E-04  1.43058E-04  1.43058E-04  1.43058E-04  1.43058E-04  1.43058E-04  1.43058E-04  1.43058E-04  1.43058E-04  1.43058E-04  1.43058E-04  1.43058E-04  1.43058E-04  1.43058E-04  1.43058E-04  1.43058E-04
   15750   4  1.71361E-02  1.71361E-02  1.71361E-02  1.71361E-02  1.71361E-02  1.71361E-02  1.71361E-02  1.71361E-02  1.71361E-02  1.71361E-02  1.71361E-02  1.71361E-02  1.71361E-02  1.71361E-02  1.71361E-02  1.71361E-02  1.71361E-02  1.71361E-02  1.71361E-02  1.71361E-02  1.71361E-02  1.71361E-02  1.71361E-02  1.71361E-02
   16455   4  2.51078E-02  2.51078E-02  2.51078E-02  2.51078E-02  2.51078E-02  2.51078E-02  2.51078E-02  2.51078E-02  2.51078E-02  2.51078E-02  2.51078E-02  2.51078E-02  2.51078E-02  2.51078E-02  2.51078E-02  2.51078E-02  2.51078E-02  2.51078E-02  2.51078E-02  2.51078E-02  2.51078E-02  2.51078E-02  2.51078E-02  2.51078E-02
   18223   3  2.01047E-01  2.01047E-01  2.01047E-01  2.01047E-01  2.01047E-01  1.78631E-01  1.78631E-01  1.78631E-01  1.78631E-01  1.78631E-01  1.78631E-01  1.78631E-01  1.78631E-01  2.01047E-01  2.01047E-01  2.01047E-01  2.01047E-01  2.01047E-01  2.01047E-01  2.01047E-01  2.01047E-01  2.01047E-01  2.01047E-01  2.01047E-01
   18224   4  3.08961E+00  3.08961E+00  3.08961E+00  3.08961E+00  3.08961E+00  3.08961E+00  3.08961E+00  3.08961E+00  3.08961E+00  3.08961E+00  3.08961E+00  3.08961E+00  3.08961E+00  5.74668E+01  5.74668E+01  5.74668E+01  5.74668E+01  5.74668E+01  5.74668E+01  5.74668E+01  5.74668E+01  3.08961E+00  3.08961E+00  3.08961E+00
   18930   4  1.96824E-01  1.96824E-01  1.96824E-01  1.96824E-01  1.96824E-01  1.96824E-01  1.96824E-01  1.96824E-01  1.96824E-01  1.96824E-01  1.96824E-01  1.96824E-01  1.96824E-01  1.96824E-01  1.96824E-01  1.96824E-01  1.96824E-01  1.96824E-01  1.96824E-01  1.96824E-01  1.96824E-01  1.96824E-01  1.96824E-01  1.96824E-01
   18224   5  0.00000E+00  0.00000E+00  0.00000E+00  0.00000E+00  0.00000E+00  0.00000E+00  0.00000E+00  0.00000E+00  0.00000E+00  0.00000E+00  0.00000E+00  0.00000E+00  0.00000E+00  1.20838E+01  1.20838E+01  1.20838E+01  1.20838E+01  1.20838E+01  1.20838E+01  1.20838E+01  1.20838E+01  0.00000E+00  0.00000E+00  0.00000E+00
   18577   3  0.00000E+00  0.00000E+00  0.00000E+00  0.00000E+00  0.00000E+00  0.00000E+00  0.00000E+00  0.00000E+00  0.00000E+00  0.00000E+00  0.00000E+00  0.00000E+00  0.00000E+00  5.07047E-05  5.07047E-05  5.07047E-05  5.07047E-05  5.07047E-05  5.07047E-05  5.07047E-05  5.07047E-05  0.00000E+00  0.00000E+00  0.00000E+00
   18223   4  6.84899E-01  6.84899E-01  6.84899E-01  6.84899E-01  6.84899E-01  6.84899E-01  6.84899E-01  6.84899E-01  6.84899E-01  6.84899E-01  6.84899E-01  6.84899E-01  6.84899E-01  6.84899E-01  6.84899E-01  6.84899E-01  6.84899E-01  6.84899E-01  6.84899E-01  6.84899E-01  6.84899E-01  6.84899E-01  6.84899E-01  6.84899E-01
   18224   3  1.14681E-01  1.14681E-01  1.12956E-01  1.12956E-01  1.12956E-01  1.08270E-01  1.08270E-01  1.08270E-01  1.08270E-01  1.08270E-01  1.08270E-01  1.08270E-01  1.08270E-01  5.44919E+01  5.44919E+01  5.44919E+01  5.44919E+01  5.44919E+01  5.44919E+01  5.44919E+01  5.44919E+01  1.14681E-01  1.14681E-01  1.14681E-01
   18223   5  0.00000E+00  0.00000E+00  0.00000E+00  0.00000E+00  0.00000E+00  0.00000E+00  0.00000E+00  0.00000E+00  0.00000E+00  0.00000E+00  0.00000E+00  0.00000E+00  0.00000E+00  0.00000E+00  0.00000E+00  0.00000E+00  0.00000E+00  0.00000E+00  0.00000E+00  0.00000E+00  0.00000E+00  0.00000E+00  0.00000E+00  0.00000E+00
   18577   4  2.63305E+00  2.63305E+00  2.63305E+00  2.63305E+00  2.63305E+00  2.63305E+00  2.63305E+00  2.63305E+00  2.63305E+00  2.63305E+00  2.63305E+00  2.63305E+00  2.63305E+00  2.63305E+00  2.63305E+00  2.63305E+00  2.63305E+00  2.63305E+00  2.63305E+00  2.63305E+00  2.63305E+00  2.63305E+00  2.63305E+00  2.63305E+00
   18576   5  0.00000E+00  0.00000E+00  0.00000E+00  0.00000E+00  0.00000E+00  0.00000E+00  0.00000E+00  0.00000E+00  0.00000E+00  0.00000E+00  0.00000E+00  0.00000E+00  0.00000E+00  0.00000E+00  0.00000E+00  0.00000E+00  0.00000E+00  0.00000E+00  0.00000E+00  0.00000E+00  0.00000E+00  0.00000E+00  0.00000E+00  0.00000E+00
   18223   7  0.00000E+00  0.00000E+00  0.00000E+00  0.00000E+00  0.00000E+00  0.00000E+00  0.00000E+00  0.00000E+00  0.00000E+00  0.00000E+00  0.00000E+00  0.00000E+00  0.00000E+00  1.03288E-03  1.03288E-03  1.03288E-03  1.03288E-03  1.03288E-03  1.03288E-03  1.03288E-03  1.03288E-03  0.00000E+00  0.00000E+00  0.00000E+00
   18576   7  0.00000E+00  0.00000E+00  0.00000E+00  0.00000E+00  0.00000E+00  0.00000E+00  0.00000E+00  0.00000E+00  0.00000E+00  0.00000E+00  0.00000E+00  0.00000E+00  0.00000E+00  2.90872E-02  2.90872E-02  2.90872E-02  2.90872E-02  2.90872E-02  2.90872E-02  2.90872E-02  2.90872E-02  0.00000E+00  0.00000E+00  0.00000E+00
   18222   3  3.22290E+00  3.22290E+00  3.22290E+00  3.22290E+00  3.22290E+00  0.00000E+00  0.00000E+00  0.00000E+00  0.00000E+00  0.00000E+00  0.00000E+00  0.00000E+00  0.00000E+00  3.22290E+00  3.22290E+00  3.22290E+00  3.22290E+00  3.22290E+00  3.22290E+00  3.22290E+00  3.22290E+00  3.22290E+00  3.22290E+00  3.22290E+00
   19280   3  0.00000E+00  0.00000E+00  0.00000E+00  0.00000E+00  0.00000E+00  0.00000E+00  0.00000E+00  0.00000E+00  0.00000E+00  0.00000E+00  0.00000E+00  0.00000E+00  0.00000E+00  0.00000E+00  0.00000E+00  0.00000E+00  0.00000E+00  0.00000E+00  0.00000E+00  0.00000E+00  0.00000E+00  0.00000E+00  0.00000E+00  0.00000E+00
   19280   4  2.73468E-01  2.73468E-01  2.73468E-01  2.73468E-01  2.73468E-01  2.73468E-01  2.73468E-01  2.73468E-01  2.73468E-01  2.73468E-01  2.73468E-01  2.73468E-01  2.73468E-01  1.29322E+01  1.29322E+01  1.29322E+01  1.29322E+01  1.29322E+01  1.29322E+01  1.29322E+01  1.29322E+01  2.73468E-01  2.73468E-01  2.73468E-01
   19279   4  3.28572E+00  3.28572E+00  3.28572E+00  3.28572E+00  3.28572E+00  3.28572E+00  3.28572E+00  3.28572E+00  3.28572E+00  3.28572E+00  3.28572E+00  3.28572E+00  3.28572E+00  3.28572E+00  3.28572E+00  3.28572E+00  3.28572E+00  3.28572E+00  3.28572E+00  3.28572E+00  3.28572E+00  3.28572E+00  3.28572E+00  3.28572E+00
   18928   3  0.00000E+00  0.00000E+00  0.00000E+00  0.00000E+00  0.00000E+00  0.00000E+00  0.00000E+00  0.00000E+00  0.00000E+00  0.00000E+00  0.00000E+00  0.00000E+00  0.00000E+00  0.00000E+00  0.00000E+00  0.00000E+00  0.00000E+00  0.00000E+00  0.00000E+00  0.00000E+00  0.00000E+00  0.00000E+00  0.00000E+00  0.00000E+00
   18928   4  1.21436E-01  1.21436E-01  1.21436E-01  1.21436E-01  1.21436E-01  1.21436E-01  1.21436E-01  1.21436E-01  1.21436E-01  1.21436E-01  1.21436E-01  1.21436E-01  1.21436E-01  1.21436E-01  1.21436E-01  1.21436E-01  1.21436E-01  1.21436E-01  1.21436E-01  1.21436E-01  1.21436E-01  1.21436E-01  1.21436E-01  1.21436E-01
   18575   4  1.46451E-03  1.46451E-03  1.46451E-03  1.46451E-03  1.46451E-03  1.46451E-03  1.46451E-03  1.46451E-03  1.46451E-03  1.46451E-03  1.46451E-03  1.46451E-03  1.46451E-03  1.46451E-03  1.46451E-03  1.46451E-03  1.46451E-03  1.46451E-03  1.46451E-03  1.46451E-03  1.46451E-03  1.46451E-03  1.46451E-03  1.46451E-03
   18222   4  1.83092E-03  1.83092E-03  1.83092E-03  1.83092E-03  1.83092E-03  1.83092E-03  1.83092E-03  1.83092E-03  1.83092E-03  1.83092E-03  1.83092E-03  1.83092E-03  1.83092E-03  1.83092E-03  1.83092E-03  1.83092E-03  1.83092E-03  1.83092E-03  1.83092E-03  1.83092E-03  1.83092E-03  1.83092E-03  1.83092E-03  1.83092E-03
   18575   3  0.00000E+00  0.00000E+00  0.00000E+00  0.00000E+00  0.00000E+00  0.00000E+00  0.00000E+00  0.00000E+00  0.00000E+00  0.00000E+00  0.00000E+00  0.00000E+00  0.00000E+00  0.00000E+00  0.00000E+00  0.00000E+00  0.00000E+00  0.00000E+00  0.00000E+00  0.00000E+00  0.00000E+00  0.00000E+00  0.00000E+00  0.00000E+00
   15401   3  0.00000E+00  0.00000E+00  0.00000E+00  0.00000E+00  0.00000E+00  0.00000E+00  0.00000E+00  0.00000E+00  0.00000E+00  0.00000E+00  0.00000E+00  0.00000E+00  0.00000E+00  0.00000E+00  0.00000E+00  0.00000E+00  0.00000E+00  0.00000E+00  0.00000E+00  0.00000E+00  0.00000E+00  0.00000E+00  0.00000E+00  0.00000E+00
   16114   7  0.00000E+00  0.00000E+00  0.00000E+00  0.00000E+00  0.00000E+00  0.00000E+00  0.00000E+00  0.00000E+00  0.00000E+00  0.00000E+00  0.00000E+00  0.00000E+00  0.00000E+00  0.00000E+00  0.00000E+00  0.00000E+00  0.00000E+00  0.00000E+00  0.00000E+00  0.00000E+00  0.00000E+00  0.00000E+00  0.00000E+00  0.00000E+00
   15761   3  6.50398E-02  6.50398E-02  6.50398E-02  6.50398E-02  6.50398E-02  0.00000E+00  0.00000E+00  0.00000E+00  0.00000E+00  0.00000E+00  0.00000E+00  0.00000E+00  0.00000E+00  6.50398E-02  6.50398E-02  6.50398E-02  6.50398E-02  6.50398E-02  6.50398E-02  6.50398E-02  6.50398E-02  6.50398E-02  6.50398E-02  6.50398E-02
   15762   4  0.00000E+00  0.00000E+00  0.00000E+00  0.00000E+00  0.00000E+00  0.00000E+00  0.00000E+00  0.00000E+00  0.00000E+00  0.00000E+00  0.00000E+00  0.00000E+00  0.00000E+00  0.00000E+00  0.00000E+00  0.00000E+00  0.00000E+00  0.00000E+00  0.00000E+00  0.00000E+00  0.00000E+00  0.00000E+00  0.00000E+00  0.00000E+00
   18227   4  1.06037E-02  1.06037E-02  1.06037E-02  1.06037E-02  1.06037E-02  1.06037E-02  1.06037E-02  1.06037E-02  1.06037E-02  1.06037E-02  1.06037E-02  1.06037E-02  1.06037E-02  1.06037E-02  1.06037E-02  1.06037E-02  1.06037E-02  1.06037E-02  1.06037E-02  1.06037E-02  1.06037E-02  1.06037E-02  1.06037E-02  1.06037E-02
   21763   4  6.19952E-03  6.19952E-03  6.19952E-03  6.19952E-03  6.19952E-03  6.19952E-03  6.19952E-03  6.19952E-03  6.19952E-03  6.19952E-03  6.19952E-03  6.19952E-03  6.19952E-03  6.19952E-03  6.19952E-03  6.19952E-03  6.19952E-03  6.19952E-03  6.19952E-03  6.19952E-03  6.19952E-03  6.19952E-03  6.19952E-03  6.19952E-03
   25974   3  0.00000E+00  0.00000E+00  0.00000E+00  0.00000E+00  0.00000E+00  0.00000E+00  0.00000E+00  0.00000E+00  0.00000E+00  0.00000E+00  0.00000E+00  0.00000E+00  0.00000E+00  0.00000E+00  0.00000E+00  0.00000E+00  0.00000E+00  0.00000E+00  0.00000E+00  0.00000E+00  0.00000E+00  0.00000E+00  0.00000E+00  0.00000E+00
   25262   3  0.00000E+00  0.00000E+00  0.00000E+00  0.00000E+00  0.00000E+00  0.00000E+00  0.00000E+00  0.00000E+00  0.00000E+00  0.00000E+00  0.00000E+00  0.00000E+00  0.00000E+00  0.00000E+00  0.00000E+00  0.00000E+00  0.00000E+00  0.00000E+00  0.00000E+00  0.00000E+00  0.00000E+00  0.00000E+00  0.00000E+00  0.00000E+00
   24198   4  0.00000E+00  0.00000E+00  0.00000E+00  0.00000E+00  0.00000E+00  0.00000E+00  0.00000E+00  0.00000E+00  0.00000E+00  0.00000E+00  0.00000E+00  0.00000E+00  0.00000E+00  0.00000E+00  0.00000E+00  0.00000E+00  0.00000E+00  0.00000E+00  0.00000E+00  0.00000E+00  0.00000E+00  0.00000E+00  0.00000E+00  0.00000E+00
   24198   3  3.53624E-04  3.53624E-04  3.53624E-04  3.53624E-04  3.53624E-04  0.00000E+00  0.00000E+00  0.00000E+00  0.00000E+00  0.00000E+00  0.00000E+00  0.00000E+00  0.00000E+00  3.53624E-04  3.53624E-04  3.53624E-04  3.53624E-04  3.53624E-04  3.53624E-04  3.53624E-04  3.53624E-04  3.53624E-04  3.53624E-04  3.53624E-04
   24551   4  1.04909E-02  1.04909E-02  1.04909E-02  1.04909E-02  1.04909E-02  1.04909E-02  1.04909E-02  1.04909E-02  1.04909E-02  1.04909E-02  1.04909E-02  1.04909E-02  1.04909E-02  1.04909E-02  1.04909E-02  1.04909E-02  1.04909E-02  1.04909E-02  1.04909E-02  1.04909E-02  1.04909E-02  1.04909E-02  1.04909E-02  1.04909E-02
   24911   4  0.00000E+00  0.00000E+00  0.00000E+00  0.00000E+00  0.00000E+00  0.00000E+00  0.00000E+00  0.00000E+00  0.00000E+00  0.00000E+00  0.00000E+00  0.00000E+00  0.00000E+00  0.00000E+00  0.00000E+00  0.00000E+00  0.00000E+00  0.00000E+00  0.00000E+00  0.00000E+00  0.00000E+00  0.00000E+00  0.00000E+00  0.00000E+00
   24553   4  8.73269E-01  8.73269E-01  8.73269E-01  8.73269E-01  8.73269E-01  8.73269E-01  8.73269E-01  8.73269E-01  8.73269E-01  8.73269E-01  8.73269E-01  8.73269E-01  8.73269E-01  3.41296E+00  3.41296E+00  3.41296E+00  3.41296E+00  3.41296E+00  3.41296E+00  3.41296E+00  3.41296E+00  8.73269E-01  8.73269E-01  8.73269E-01
   25259   4  0.00000E+00  0.00000E+00  0.00000E+00  0.00000E+00  0.00000E+00  0.00000E+00  0.00000E+00  0.00000E+00  0.00000E+00  0.00000E+00  0.00000E+00  0.00000E+00  0.00000E+00  0.00000E+00  0.00000E+00  0.00000E+00  0.00000E+00  0.00000E+00  0.00000E+00  0.00000E+00  0.00000E+00  0.00000E+00  0.00000E+00  0.00000E+00
   25259   3  4.78146E-04  4.78146E-04  4.78146E-04  4.78146E-04  4.78146E-04  4.78146E-04  4.78146E-04  4.78146E-04  4.78146E-04  4.78146E-04  4.78146E-04  4.78146E-04  4.78146E-04  4.78146E-04  4.78146E-04  4.78146E-04  4.78146E-04  4.78146E-04  4.78146E-04  4.78146E-04  4.78146E-04  4.78146E-04  4.78146E-04  4.78146E-04
   24906   4  1.69106E-02  1.69106E-02  1.69106E-02  1.69106E-02  1.69106E-02  1.69106E-02  1.69106E-02  1.69106E-02  1.69106E-02  1.69106E-02  1.69106E-02  1.69106E-02  1.69106E-02  1.69106E-02  1.69106E-02  1.69106E-02  1.69106E-02  1.69106E-02  1.69106E-02  1.69106E-02  1.69106E-02  1.69106E-02  1.69106E-02  1.69106E-02
   24201   2  0.00000E+00  0.00000E+00  0.00000E+00  0.00000E+00  0.00000E+00  0.00000E+00  0.00000E+00  0.00000E+00  0.00000E+00  0.00000E+00  0.00000E+00  0.00000E+00  0.00000E+00  0.00000E+00  0.00000E+00  0.00000E+00  0.00000E+00  0.00000E+00  0.00000E+00  0.00000E+00  0.00000E+00  0.00000E+00  0.00000E+00  0.00000E+00
   24201   1  0.00000E+00  0.00000E+00  0.00000E+00  0.00000E+00  0.00000E+00  0.00000E+00  0.00000E+00  0.00000E+00  0.00000E+00  0.00000E+00  0.00000E+00  0.00000E+00  0.00000E+00  0.00000E+00  0.00000E+00  0.00000E+00  0.00000E+00  0.00000E+00  0.00000E+00  0.00000E+00  0.00000E+00  0.00000E+00  0.00000E+00  0.00000E+00
   24554   4  1.38194E+00  1.38194E+00  1.38194E+00  1.38194E+00  1.38194E+00  1.38194E+00  1.38194E+00  1.38194E+00  1.38194E+00  1.38194E+00  1.38194E+00  1.38194E+00  1.38194E+00  1.38194E+00  1.38194E+00  1.38194E+00  1.38194E+00  1.38194E+00  1.38194E+00  1.38194E+00  1.38194E+00  1.38194E+00  1.38194E+00  1.38194E+00
   24904   3  8.37924E-01  8.37924E-01  8.37924E-01  8.37924E-01  8.37924E-01  0.00000E+00  0.00000E+00  0.00000E+00  0.00000E+00  0.00000E+00  0.00000E+00  0.00000E+00  0.00000E+00  8.37924E-01  8.37924E-01  8.37924E-01  8.37924E-01  8.37924E-01  8.37924E-01  8.37924E-01  8.37924E-01  8.37924E-01  8.37924E-01  8.37924E-01
   24904   4  2.64176E-01  2.64176E-01  2.64176E-01  2.64176E-01  2.64176E-01  2.64176E-01  2.64176E-01  2.64176E-01  2.64176E-01  2.64176E-01  2.64176E-01  2.64176E-01  2.64176E-01  2.64176E-01  2.64176E-01  2.64176E-01  2.64176E-01  2.64176E-01  2.64176E-01  2.64176E-01  2.64176E-01  2.64176E-01  2.64176E-01  2.64176E-01
   25257   4  3.62085E+00  3.62085E+00  3.62085E+00  3.62085E+00  3.62085E+00  3.62085E+00  3.62085E+00  3.62085E+00  3.62085E+00  3.62085E+00  3.62085E+00  3.62085E+00  3.62085E+00  3.62085E+00  3.62085E+00  3.62085E+00  3.62085E+00  3.62085E+00  3.62085E+00  3.62085E+00  3.62085E+00  3.62085E+00  3.62085E+00  3.62085E+00
   25257   3  0.00000E+00  0.00000E+00  0.00000E+00  0.00000E+00  0.00000E+00  0.00000E+00  0.00000E+00  0.00000E+00  0.00000E+00  0.00000E+00  0.00000E+00  0.00000E+00  0.00000E+00  0.00000E+00  0.00000E+00  0.00000E+00  0.00000E+00  0.00000E+00  0.00000E+00  0.00000E+00  0.00000E+00  0.00000E+00  0.00000E+00  0.00000E+00
   24904   7  0.00000E+00  0.00000E+00  0.00000E+00  0.00000E+00  0.00000E+00  0.00000E+00  0.00000E+00  0.00000E+00  0.00000E+00  0.00000E+00  0.00000E+00  0.00000E+00  0.00000E+00  0.00000E+00  0.00000E+00  0.00000E+00  0.00000E+00  0.00000E+00  0.00000E+00  0.00000E+00  0.00000E+00  0.00000E+00  0.00000E+00  0.00000E+00
   24904   1  0.00000E+00  0.00000E+00  0.00000E+00  0.00000E+00  0.00000E+00  0.00000E+00  0.00000E+00  0.00000E+00  0.00000E+00  0.00000E+00  0.00000E+00  0.00000E+00  0.00000E+00  0.00000E+00  0.00000E+00  0.00000E+00  0.00000E+00  0.00000E+00  0.00000E+00  0.00000E+00  0.00000E+00  0.00000E+00  0.00000E+00  0.00000E+00
   23850   3  5.09858E-02  5.09858E-02  5.09858E-02  5.09858E-02  5.09858E-02  5.09858E-02  5.09858E-02  5.09858E-02  5.09858E-02  5.09858E-02  5.09858E-02  5.09858E-02  5.09858E-02  5.10591E-02  5.10591E-02  5.10591E-02  5.10591E-02  5.10591E-02  5.10591E-02  5.10591E-02  5.10591E-02  5.09858E-02  5.09858E-02  5.09858E-02
   23850   4  2.55011E-03  2.55011E-03  2.55011E-03  2.55011E-03  2.55011E-03  2.55011E-03  2.55011E-03  2.55011E-03  2.55011E-03  2.55011E-03  2.55011E-03  2.55011E-03  2.55011E-03  2.55011E-03  2.55011E-03  2.55011E-03  2.55011E-03  2.55011E-03  2.55011E-03  2.55011E-03  2.55011E-03  2.55011E-03  2.55011E-03  2.55011E-03
   25616   4  0.00000E+00  0.00000E+00  0.00000E+00  0.00000E+00  0.00000E+00  0.00000E+00  0.00000E+00  0.00000E+00  0.00000E+00  0.00000E+00  0.00000E+00  0.00000E+00  0.00000E+00  0.00000E+00  0.00000E+00  0.00000E+00  0.00000E+00  0.00000E+00  0.00000E+00  0.00000E+00  0.00000E+00  0.00000E+00  0.00000E+00  0.00000E+00
   27883   2  0.00000E+00  0.00000E+00  0.00000E+00  0.00000E+00  0.00000E+00  0.00000E+00  0.00000E+00  0.00000E+00  0.00000E+00  0.00000E+00  0.00000E+00  0.00000E+00  0.00000E+00  0.00000E+00  0.00000E+00  0.00000E+00  0.00000E+00  0.00000E+00  0.00000E+00  0.00000E+00  0.00000E+00  0.00000E+00  0.00000E+00  0.00000E+00
   18690   2  0.00000E+00  0.00000E+00  0.00000E+00  0.00000E+00  0.00000E+00  0.00000E+00  0.00000E+00  0.00000E+00  0.00000E+00  0.00000E+00  0.00000E+00  0.00000E+00  0.00000E+00  0.00000E+00  0.00000E+00  0.00000E+00  0.00000E+00  0.00000E+00  0.00000E+00  0.00000E+00  0.00000E+00  0.00000E+00  0.00000E+00  0.00000E+00
   19395   3  0.00000E+00  0.00000E+00  0.00000E+00  0.00000E+00  0.00000E+00  0.00000E+00  0.00000E+00  0.00000E+00  0.00000E+00  0.00000E+00  0.00000E+00  0.00000E+00  0.00000E+00  0.00000E+00  0.00000E+00  0.00000E+00  0.00000E+00  0.00000E+00  0.00000E+00  0.00000E+00  0.00000E+00  0.00000E+00  0.00000E+00  0.00000E+00
   19395   2  0.00000E+00  0.00000E+00  0.00000E+00  0.00000E+00  0.00000E+00  0.00000E+00  0.00000E+00  0.00000E+00  0.00000E+00  0.00000E+00  0.00000E+00  0.00000E+00  0.00000E+00  0.00000E+00  0.00000E+00  0.00000E+00  0.00000E+00  0.00000E+00  0.00000E+00  0.00000E+00  0.00000E+00  0.00000E+00  0.00000E+00  0.00000E+00
   30002   2  0.00000E+00  0.00000E+00  0.00000E+00  0.00000E+00  0.00000E+00  0.00000E+00  0.00000E+00  0.00000E+00  0.00000E+00  0.00000E+00  0.00000E+00  0.00000E+00  0.00000E+00  0.00000E+00  0.00000E+00  0.00000E+00  0.00000E+00  0.00000E+00  0.00000E+00  0.00000E+00  0.00000E+00  0.00000E+00  0.00000E+00  0.00000E+00
   30355   1  0.00000E+00  0.00000E+00  0.00000E+00  0.00000E+00  0.00000E+00  0.00000E+00  0.00000E+00  0.00000E+00  0.00000E+00  0.00000E+00  0.00000E+00  0.00000E+00  0.00000E+00  0.00000E+00  0.00000E+00  0.00000E+00  0.00000E+00  0.00000E+00  0.00000E+00  0.00000E+00  0.00000E+00  0.00000E+00  0.00000E+00  0.00000E+00
   29995   4  0.00000E+00  0.00000E+00  0.00000E+00  0.00000E+00  0.00000E+00  0.00000E+00  0.00000E+00  0.00000E+00  0.00000E+00  0.00000E+00  0.00000E+00  0.00000E+00  0.00000E+00  0.00000E+00  0.00000E+00  0.00000E+00  0.00000E+00  0.00000E+00  0.00000E+00  0.00000E+00  0.00000E+00  0.00000E+00  0.00000E+00  0.00000E+00
   31274   3  0.00000E+00  0.00000E+00  0.00000E+00  0.00000E+00  0.00000E+00  0.00000E+00  0.00000E+00  0.00000E+00  0.00000E+00  0.00000E+00  0.00000E+00  0.00000E+00  0.00000E+00  0.00000E+00  0.00000E+00  0.00000E+00  0.00000E+00  0.00000E+00  0.00000E+00  0.00000E+00  0.00000E+00  0.00000E+00  0.00000E+00  0.00000E+00
   31274   4  0.00000E+00  0.00000E+00  0.00000E+00  0.00000E+00  0.00000E+00  0.00000E+00  0.00000E+00  0.00000E+00  0.00000E+00  0.00000E+00  0.00000E+00  0.00000E+00  0.00000E+00  0.00000E+00  0.00000E+00  0.00000E+00  0.00000E+00  0.00000E+00  0.00000E+00  0.00000E+00  0.00000E+00  0.00000E+00  0.00000E+00  0.00000E+00
   31274   2  0.00000E+00  0.00000E+00  0.00000E+00  0.00000E+00  0.00000E+00  0.00000E+00  0.00000E+00  0.00000E+00  0.00000E+00  0.00000E+00  0.00000E+00  0.00000E+00  0.00000E+00  0.00000E+00  0.00000E+00  0.00000E+00  0.00000E+00  0.00000E+00  0.00000E+00  0.00000E+00  0.00000E+00  0.00000E+00  0.00000E+00  0.00000E+00
   30921   4  0.00000E+00  0.00000E+00  0.00000E+00  0.00000E+00  0.00000E+00  0.00000E+00  0.00000E+00  0.00000E+00  0.00000E+00  0.00000E+00  0.00000E+00  0.00000E+00  0.00000E+00  0.00000E+00  0.00000E+00  0.00000E+00  0.00000E+00  0.00000E+00  0.00000E+00  0.00000E+00  0.00000E+00  0.00000E+00  0.00000E+00  0.00000E+00
   31274   7  0.00000E+00  0.00000E+00  0.00000E+00  0.00000E+00  0.00000E+00  0.00000E+00  0.00000E+00  0.00000E+00  0.00000E+00  0.00000E+00  0.00000E+00  0.00000E+00  0.00000E+00  0.00000E+00  0.00000E+00  0.00000E+00  0.00000E+00  0.00000E+00  0.00000E+00  0.00000E+00  0.00000E+00  0.00000E+00  0.00000E+00  0.00000E+00
   35839   3  0.00000E+00  0.00000E+00  0.00000E+00  0.00000E+00  0.00000E+00  0.00000E+00  0.00000E+00  0.00000E+00  0.00000E+00  0.00000E+00  0.00000E+00  0.00000E+00  0.00000E+00  0.00000E+00  0.00000E+00  0.00000E+00  0.00000E+00  0.00000E+00  0.00000E+00  0.00000E+00  0.00000E+00  0.00000E+00  0.00000E+00  0.00000E+00
   37257   7  0.00000E+00  0.00000E+00  0.00000E+00  0.00000E+00  0.00000E+00  0.00000E+00  0.00000E+00  0.00000E+00  0.00000E+00  0.00000E+00  0.00000E+00  0.00000E+00  0.00000E+00  0.00000E+00  0.00000E+00  0.00000E+00  0.00000E+00  0.00000E+00  0.00000E+00  0.00000E+00  0.00000E+00  0.00000E+00  0.00000E+00  0.00000E+00
   31605   4  2.83298E+00  2.83298E+00  2.83298E+00  2.83298E+00  2.83298E+00  2.83298E+00  2.83298E+00  2.83298E+00  2.83298E+00  2.83298E+00  2.83298E+00  2.83298E+00  2.83298E+00  2.83298E+00  2.83298E+00  2.83298E+00  2.83298E+00  2.83298E+00  2.83298E+00  2.83298E+00  2.83298E+00  2.83298E+00  2.83298E+00  2.83298E+00
   31252   3  0.00000E+00  0.00000E+00  0.00000E+00  0.00000E+00  0.00000E+00  0.00000E+00  0.00000E+00  0.00000E+00  0.00000E+00  0.00000E+00  0.00000E+00  0.00000E+00  0.00000E+00  0.00000E+00  0.00000E+00  0.00000E+00  0.00000E+00  0.00000E+00  0.00000E+00  0.00000E+00  0.00000E+00  0.00000E+00  0.00000E+00  0.00000E+00
   31958   4  4.96863E-03  4.96863E-03  4.96863E-03  4.96863E-03  4.96863E-03  4.96863E-03  4.96863E-03  4.96863E-03  4.96863E-03  4.96863E-03  4.96863E-03  4.96863E-03  4.96863E-03  4.96863E-03  4.96863E-03  4.96863E-03  4.96863E-03  4.96863E-03  4.96863E-03  4.96863E-03  4.96863E-03  4.96863E-03  4.96863E-03  4.96863E-03
   31252   2  1.34646E-02  1.34646E-02  1.34646E-02  1.34646E-02  1.34646E-02  1.34646E-02  1.34646E-02  1.34646E-02  1.34646E-02  1.34646E-02  1.34646E-02  1.34646E-02  1.34646E-02  1.34646E-02  1.34646E-02  1.34646E-02  1.34646E-02  1.34646E-02  1.34646E-02  1.34646E-02  1.34646E-02  1.34646E-02  1.34646E-02  1.34646E-02
   31253   7  0.00000E+00  0.00000E+00  0.00000E+00  0.00000E+00  0.00000E+00  0.00000E+00  0.00000E+00  0.00000E+00  0.00000E+00  0.00000E+00  0.00000E+00  0.00000E+00  0.00000E+00  1.50914E-01  1.50914E-01  1.50914E-01  1.50914E-01  1.50914E-01  1.50914E-01  1.50914E-01  1.50914E-01  0.00000E+00  0.00000E+00  0.00000E+00
   31605   3  0.00000E+00  0.00000E+00  0.00000E+00  0.00000E+00  0.00000E+00  0.00000E+00  0.00000E+00  0.00000E+00  0.00000E+00  0.00000E+00  0.00000E+00  0.00000E+00  0.00000E+00  0.00000E+00  0.00000E+00  0.00000E+00  0.00000E+00  0.00000E+00  0.00000E+00  0.00000E+00  0.00000E+00  0.00000E+00  0.00000E+00  0.00000E+00
   31958   3  6.46905E-03  6.46905E-03  6.46905E-03  6.46905E-03  6.46905E-03  6.46905E-03  6.46905E-03  6.46905E-03  6.46905E-03  6.46905E-03  6.46905E-03  6.46905E-03  6.46905E-03  6.46905E-03  6.46905E-03  6.46905E-03  6.46905E-03  6.46905E-03  6.46905E-03  6.46905E-03  6.46905E-03  6.46905E-03  6.46905E-03  6.46905E-03
   31958   5  0.00000E+00  0.00000E+00  0.00000E+00  0.00000E+00  0.00000E+00  0.00000E+00  0.00000E+00  0.00000E+00  0.00000E+00  0.00000E+00  0.00000E+00  0.00000E+00  0.00000E+00  0.00000E+00  0.00000E+00  0.00000E+00  0.00000E+00  0.00000E+00  0.00000E+00  0.00000E+00  0.00000E+00  0.00000E+00  0.00000E+00  0.00000E+00
   31252   4  4.58764E-02  4.58764E-02  4.58764E-02  4.58764E-02  4.58764E-02  4.58764E-02  4.58764E-02  4.58764E-02  4.58764E-02  4.58764E-02  4.58764E-02  4.58764E-02  4.58764E-02  4.58764E-02  4.58764E-02  4.58764E-02  4.58764E-02  4.58764E-02  4.58764E-02  4.58764E-02  4.58764E-02  4.58764E-02  4.58764E-02  4.58764E-02
   31604   4  7.72162E-01  7.72162E-01  7.72162E-01  7.72162E-01  7.72162E-01  7.72162E-01  7.72162E-01  7.72162E-01  7.72162E-01  7.72162E-01  7.72162E-01  7.72162E-01  7.72162E-01  7.72162E-01  7.72162E-01  7.72162E-01  7.72162E-01  7.72162E-01  7.72162E-01  7.72162E-01  7.72162E-01  7.72162E-01  7.72162E-01  7.72162E-01
   31604   1  3.34566E-02  3.34566E-02  3.34566E-02  3.34566E-02  3.34566E-02  3.34566E-02  3.34566E-02  3.34566E-02  3.34566E-02  3.34566E-02  3.34566E-02  3.34566E-02  3.34566E-02  3.34566E-02  3.34566E-02  3.34566E-02  3.34566E-02  3.34566E-02  3.34566E-02  3.34566E-02  3.34566E-02  3.34566E-02  3.34566E-02  3.34566E-02
   31605   2  4.25771E-02  4.25771E-02  4.25771E-02  4.25771E-02  4.25771E-02  4.25771E-02  4.25771E-02  4.25771E-02  4.25771E-02  4.25771E-02  4.25771E-02  4.25771E-02  4.25771E-02  4.25771E-02  4.25771E-02  4.25771E-02  4.25771E-02  4.25771E-02  4.25771E-02  4.25771E-02  4.25771E-02  4.25771E-02  4.25771E-02  4.25771E-02
   31958   7  0.00000E+00  0.00000E+00  0.00000E+00  0.00000E+00  0.00000E+00  0.00000E+00  0.00000E+00  0.00000E+00  0.00000E+00  0.00000E+00  0.00000E+00  0.00000E+00  0.00000E+00  0.00000E+00  0.00000E+00  0.00000E+00  0.00000E+00  0.00000E+00  0.00000E+00  0.00000E+00  0.00000E+00  0.00000E+00  0.00000E+00  0.00000E+00
   31253   4  4.02477E-02  4.02477E-02  4.02477E-02  4.02477E-02  4.02477E-02  4.02477E-02  4.02477E-02  4.02477E-02  4.02477E-02  4.02477E-02  4.02477E-02  4.02477E-02  4.02477E-02  4.02477E-02  4.02477E-02  4.02477E-02  4.02477E-02  4.02477E-02  4.02477E-02  4.02477E-02  4.02477E-02  4.02477E-02  4.02477E-02  4.02477E-02
   31959   3  1.41943E-04  1.41943E-04  1.41943E-04  1.41943E-04  1.41943E-04  0.00000E+00  0.00000E+00  0.00000E+00  0.00000E+00  0.00000E+00  0.00000E+00  0.00000E+00  0.00000E+00  1.41943E-04  1.41943E-04  1.41943E-04  1.41943E-04  1.41943E-04  1.41943E-04  1.41943E-04  1.41943E-04  1.41943E-04  1.41943E-04  1.41943E-04
   31959   4  0.00000E+00  0.00000E+00  0.00000E+00  0.00000E+00  0.00000E+00  0.00000E+00  0.00000E+00  0.00000E+00  0.00000E+00  0.00000E+00  0.00000E+00  0.00000E+00  0.00000E+00  0.00000E+00  0.00000E+00  0.00000E+00  0.00000E+00  0.00000E+00  0.00000E+00  0.00000E+00  0.00000E+00  0.00000E+00  0.00000E+00  0.00000E+00
   30564   3  0.00000E+00  0.00000E+00  0.00000E+00  0.00000E+00  0.00000E+00  0.00000E+00  0.00000E+00  0.00000E+00  0.00000E+00  0.00000E+00  0.00000E+00  0.00000E+00  0.00000E+00  0.00000E+00  0.00000E+00  0.00000E+00  0.00000E+00  0.00000E+00  0.00000E+00  0.00000E+00  0.00000E+00  0.00000E+00  0.00000E+00  0.00000E+00
   30564   2  0.00000E+00  0.00000E+00  0.00000E+00  0.00000E+00  0.00000E+00  0.00000E+00  0.00000E+00  0.00000E+00  0.00000E+00  0.00000E+00  0.00000E+00  0.00000E+00  0.00000E+00  0.00000E+00  0.00000E+00  0.00000E+00  0.00000E+00  0.00000E+00  0.00000E+00  0.00000E+00  0.00000E+00  0.00000E+00  0.00000E+00  0.00000E+00
   30924   3  4.20134E-02  4.20134E-02  4.20134E-02  4.20134E-02  4.20134E-02  4.20134E-02  4.20134E-02  4.20134E-02  4.20134E-02  4.20134E-02  4.20134E-02  4.20134E-02  4.20134E-02  4.20134E-02  4.20134E-02  4.20134E-02  4.20134E-02  4.20134E-02  4.20134E-02  4.20134E-02  4.20134E-02  4.20134E-02  4.20134E-02  4.20134E-02
   30924   2  0.00000E+00  0.00000E+00  0.00000E+00  0.00000E+00  0.00000E+00  0.00000E+00  0.00000E+00  0.00000E+00  0.00000E+00  0.00000E+00  0.00000E+00  0.00000E+00  0.00000E+00  0.00000E+00  0.00000E+00  0.00000E+00  0.00000E+00  0.00000E+00  0.00000E+00  0.00000E+00  0.00000E+00  0.00000E+00  0.00000E+00  0.00000E+00
   30193   2  0.00000E+00  0.00000E+00  0.00000E+00  0.00000E+00  0.00000E+00  0.00000E+00  0.00000E+00  0.00000E+00  0.00000E+00  0.00000E+00  0.00000E+00  0.00000E+00  0.00000E+00  0.00000E+00  0.00000E+00  0.00000E+00  0.00000E+00  0.00000E+00  0.00000E+00  0.00000E+00  0.00000E+00  0.00000E+00  0.00000E+00  0.00000E+00
   29840   3  0.00000E+00  0.00000E+00  0.00000E+00  0.00000E+00  0.00000E+00  0.00000E+00  0.00000E+00  0.00000E+00  0.00000E+00  0.00000E+00  0.00000E+00  0.00000E+00  0.00000E+00  0.00000E+00  0.00000E+00  0.00000E+00  0.00000E+00  0.00000E+00  0.00000E+00  0.00000E+00  0.00000E+00  0.00000E+00  0.00000E+00  0.00000E+00
   33035   3  0.00000E+00  0.00000E+00  0.00000E+00  0.00000E+00  0.00000E+00  0.00000E+00  0.00000E+00  0.00000E+00  0.00000E+00  0.00000E+00  0.00000E+00  0.00000E+00  0.00000E+00  0.00000E+00  0.00000E+00  0.00000E+00  0.00000E+00  0.00000E+00  0.00000E+00  0.00000E+00  0.00000E+00  0.00000E+00  0.00000E+00  0.00000E+00
   33035   2  0.00000E+00  0.00000E+00  0.00000E+00  0.00000E+00  0.00000E+00  0.00000E+00  0.00000E+00  0.00000E+00  0.00000E+00  0.00000E+00  0.00000E+00  0.00000E+00  0.00000E+00  0.00000E+00  0.00000E+00  0.00000E+00  0.00000E+00  0.00000E+00  0.00000E+00  0.00000E+00  0.00000E+00  0.00000E+00  0.00000E+00  0.00000E+00
   47753   3  2.62122E-03  2.62122E-03  2.62122E-03  2.62122E-03  2.62122E-03  2.62122E-03  2.62122E-03  2.62122E-03  2.62122E-03  2.62122E-03  2.62122E-03  2.62122E-03  2.62122E-03  2.62122E-03  2.62122E-03  2.62122E-03  2.62122E-03  2.62122E-03  2.62122E-03  2.62122E-03  2.62122E-03  2.62122E-03  2.62122E-03  2.62122E-03
   47753   4  2.11242E-02  2.11242E-02  2.11242E-02  2.11242E-02  2.11242E-02  2.11242E-02  2.11242E-02  2.11242E-02  2.11242E-02  2.11242E-02  2.11242E-02  2.11242E-02  2.11242E-02  2.11242E-02  2.11242E-02  2.11242E-02  2.11242E-02  2.11242E-02  2.11242E-02  2.11242E-02  2.11242E-02  2.11242E-02  2.11242E-02  2.11242E-02
   48458   4  1.92535E-02  1.92535E-02  1.92535E-02  1.92535E-02  1.92535E-02  1.92535E-02  1.92535E-02  1.92535E-02  1.92535E-02  1.92535E-02  1.92535E-02  1.92535E-02  1.92535E-02  1.92535E-02  1.92535E-02  1.92535E-02  1.92535E-02  1.92535E-02  1.92535E-02  1.92535E-02  1.92535E-02  1.92535E-02  1.92535E-02  1.92535E-02
   48458   2  0.00000E+00  0.00000E+00  0.00000E+00  0.00000E+00  0.00000E+00  0.00000E+00  0.00000E+00  0.00000E+00  0.00000E+00  0.00000E+00  0.00000E+00  0.00000E+00  0.00000E+00  0.00000E+00  0.00000E+00  0.00000E+00  0.00000E+00  0.00000E+00  0.00000E+00  0.00000E+00  0.00000E+00  0.00000E+00  0.00000E+00  0.00000E+00
   48458   3  0.00000E+00  0.00000E+00  0.00000E+00  0.00000E+00  0.00000E+00  0.00000E+00  0.00000E+00  0.00000E+00  0.00000E+00  0.00000E+00  0.00000E+00  0.00000E+00  0.00000E+00  0.00000E+00  0.00000E+00  0.00000E+00  0.00000E+00  0.00000E+00  0.00000E+00  0.00000E+00  0.00000E+00  0.00000E+00  0.00000E+00  0.00000E+00
   47047   7  0.00000E+00  0.00000E+00  0.00000E+00  0.00000E+00  0.00000E+00  0.00000E+00  0.00000E+00  0.00000E+00  0.00000E+00  0.00000E+00  0.00000E+00  0.00000E+00  0.00000E+00  0.00000E+00  0.00000E+00  0.00000E+00  0.00000E+00  0.00000E+00  0.00000E+00  0.00000E+00  0.00000E+00  0.00000E+00  0.00000E+00  0.00000E+00
   47753   7  0.00000E+00  0.00000E+00  0.00000E+00  0.00000E+00  0.00000E+00  0.00000E+00  0.00000E+00  0.00000E+00  0.00000E+00  0.00000E+00  0.00000E+00  0.00000E+00  0.00000E+00  0.00000E+00  0.00000E+00  0.00000E+00  0.00000E+00  0.00000E+00  0.00000E+00  0.00000E+00  0.00000E+00  0.00000E+00  0.00000E+00  0.00000E+00
   43182   3  9.89394E-04  9.89394E-04  9.89394E-04  9.89394E-04  9.89394E-04  9.89394E-04  9.89394E-04  9.89394E-04  9.89394E-04  9.89394E-04  9.89394E-04  9.89394E-04  9.89394E-04  2.01801E-03  2.01801E-03  2.01801E-03  2.01801E-03  2.01801E-03  2.01801E-03  2.01801E-03  2.01801E-03  9.89394E-04  9.89394E-04  9.89394E-04
   43182   4  3.93551E-02  3.93551E-02  3.93551E-02  3.93551E-02  3.93551E-02  3.93551E-02  3.93551E-02  3.93551E-02  3.93551E-02  3.93551E-02  3.93551E-02  3.93551E-02  3.93551E-02  3.93551E-02  3.93551E-02  3.93551E-02  3.93551E-02  3.93551E-02  3.93551E-02  3.93551E-02  3.93551E-02  3.93551E-02  3.93551E-02  3.93551E-02
   43182   8  0.00000E+00  0.00000E+00  0.00000E+00  0.00000E+00  0.00000E+00  0.00000E+00  0.00000E+00  0.00000E+00  0.00000E+00  0.00000E+00  0.00000E+00  0.00000E+00  0.00000E+00  0.00000E+00  0.00000E+00  0.00000E+00  0.00000E+00  0.00000E+00  0.00000E+00  0.00000E+00  0.00000E+00  0.00000E+00  0.00000E+00  0.00000E+00
   42477   3  0.00000E+00  0.00000E+00  0.00000E+00  0.00000E+00  0.00000E+00  0.00000E+00  0.00000E+00  0.00000E+00  0.00000E+00  0.00000E+00  0.00000E+00  0.00000E+00  0.00000E+00  0.00000E+00  0.00000E+00  0.00000E+00  0.00000E+00  0.00000E+00  0.00000E+00  0.00000E+00  0.00000E+00  0.00000E+00  0.00000E+00  0.00000E+00
   42477   2  0.00000E+00  0.00000E+00  0.00000E+00  0.00000E+00  0.00000E+00  0.00000E+00  0.00000E+00  0.00000E+00  0.00000E+00  0.00000E+00  0.00000E+00  0.00000E+00  0.00000E+00  0.00000E+00  0.00000E+00  0.00000E+00  0.00000E+00  0.00000E+00  0.00000E+00  0.00000E+00  0.00000E+00  0.00000E+00  0.00000E+00  0.00000E+00
   43182   7  0.00000E+00  0.00000E+00  0.00000E+00  0.00000E+00  0.00000E+00  0.00000E+00  0.00000E+00  0.00000E+00  0.00000E+00  0.00000E+00  0.00000E+00  0.00000E+00  0.00000E+00  0.00000E+00  0.00000E+00  0.00000E+00  0.00000E+00  0.00000E+00  0.00000E+00  0.00000E+00  0.00000E+00  0.00000E+00  0.00000E+00  0.00000E+00
   50582   3  6.98473E-02  6.98473E-02  6.98473E-02  6.98473E-02  6.98473E-02  6.98473E-02  6.98473E-02  6.98473E-02  6.98473E-02  6.98473E-02  6.98473E-02  6.98473E-02  6.98473E-02  6.98473E-02  6.98473E-02  6.98473E-02  6.98473E-02  6.98473E-02  6.98473E-02  6.98473E-02  6.98473E-02  6.98473E-02  6.98473E-02  6.98473E-02
   46700   3  1.18310E-03  1.18310E-03  1.18310E-03  1.18310E-03  1.18310E-03  1.18310E-03  1.18310E-03  1.18310E-03  1.18310E-03  1.18310E-03  1.18310E-03  1.18310E-03  1.18310E-03  1.18310E-03  1.18310E-03  1.18310E-03  1.18310E-03  1.18310E-03  1.18310E-03  1.18310E-03  1.18310E-03  1.18310E-03  1.18310E-03  1.18310E-03
   36485   4  0.00000E+00  0.00000E+00  0.00000E+00  0.00000E+00  0.00000E+00  0.00000E+00  0.00000E+00  0.00000E+00  0.00000E+00  0.00000E+00  0.00000E+00  0.00000E+00  0.00000E+00  0.00000E+00  0.00000E+00  0.00000E+00  0.00000E+00  0.00000E+00  0.00000E+00  0.00000E+00  0.00000E+00  0.00000E+00  0.00000E+00  0.00000E+00
   36485   6  0.00000E+00  0.00000E+00  0.00000E+00  0.00000E+00  0.00000E+00  0.00000E+00  0.00000E+00  0.00000E+00  0.00000E+00  0.00000E+00  0.00000E+00  0.00000E+00  0.00000E+00  0.00000E+00  0.00000E+00  0.00000E+00  0.00000E+00  0.00000E+00  0.00000E+00  0.00000E+00  0.00000E+00  0.00000E+00  0.00000E+00  0.00000E+00
   36485   5  0.00000E+00  0.00000E+00  0.00000E+00  0.00000E+00  0.00000E+00  0.00000E+00  0.00000E+00  0.00000E+00  0.00000E+00  0.00000E+00  0.00000E+00  0.00000E+00  0.00000E+00  0.00000E+00  0.00000E+00  0.00000E+00  0.00000E+00  0.00000E+00  0.00000E+00  0.00000E+00  0.00000E+00  0.00000E+00  0.00000E+00  0.00000E+00
   36485   3  0.00000E+00  0.00000E+00  0.00000E+00  0.00000E+00  0.00000E+00  0.00000E+00  0.00000E+00  0.00000E+00  0.00000E+00  0.00000E+00  0.00000E+00  0.00000E+00  0.00000E+00  0.00000E+00  0.00000E+00  0.00000E+00  0.00000E+00  0.00000E+00  0.00000E+00  0.00000E+00  0.00000E+00  0.00000E+00  0.00000E+00  0.00000E+00
   36485   2  0.00000E+00  0.00000E+00  0.00000E+00  0.00000E+00  0.00000E+00  0.00000E+00  0.00000E+00  0.00000E+00  0.00000E+00  0.00000E+00  0.00000E+00  0.00000E+00  0.00000E+00  0.00000E+00  0.00000E+00  0.00000E+00  0.00000E+00  0.00000E+00  0.00000E+00  0.00000E+00  0.00000E+00  0.00000E+00  0.00000E+00  0.00000E+00
   37192   2  0.00000E+00  0.00000E+00  0.00000E+00  0.00000E+00  0.00000E+00  0.00000E+00  0.00000E+00  0.00000E+00  0.00000E+00  0.00000E+00  0.00000E+00  0.00000E+00  0.00000E+00  0.00000E+00  0.00000E+00  0.00000E+00  0.00000E+00  0.00000E+00  0.00000E+00  0.00000E+00  0.00000E+00  0.00000E+00  0.00000E+00  0.00000E+00
   36485   7  0.00000E+00  0.00000E+00  0.00000E+00  0.00000E+00  0.00000E+00  0.00000E+00  0.00000E+00  0.00000E+00  0.00000E+00  0.00000E+00  0.00000E+00  0.00000E+00  0.00000E+00  0.00000E+00  0.00000E+00  0.00000E+00  0.00000E+00  0.00000E+00  0.00000E+00  0.00000E+00  0.00000E+00  0.00000E+00  0.00000E+00  0.00000E+00
   35437   3  0.00000E+00  0.00000E+00  0.00000E+00  0.00000E+00  0.00000E+00  0.00000E+00  0.00000E+00  0.00000E+00  0.00000E+00  0.00000E+00  0.00000E+00  0.00000E+00  0.00000E+00  0.00000E+00  0.00000E+00  0.00000E+00  0.00000E+00  0.00000E+00  0.00000E+00  0.00000E+00  0.00000E+00  0.00000E+00  0.00000E+00  0.00000E+00
   46351   7  0.00000E+00  0.00000E+00  0.00000E+00  0.00000E+00  0.00000E+00  0.00000E+00  0.00000E+00  0.00000E+00  0.00000E+00  0.00000E+00  0.00000E+00  0.00000E+00  0.00000E+00  0.00000E+00  0.00000E+00  0.00000E+00  0.00000E+00  0.00000E+00  0.00000E+00  0.00000E+00  0.00000E+00  0.00000E+00  0.00000E+00  0.00000E+00
   39310   3  4.99216E-05  4.99216E-05  4.99216E-05  4.99216E-05  4.99216E-05  4.99216E-05  4.99216E-05  4.99216E-05  4.99216E-05  4.99216E-05  4.99216E-05  4.99216E-05  4.99216E-05  4.99216E-05  4.99216E-05  4.99216E-05  4.99216E-05  4.99216E-05  4.99216E-05  4.99216E-05  4.99216E-05  4.99216E-05  4.99216E-05  4.99216E-05
   43177   3  0.00000E+00  0.00000E+00  0.00000E+00  0.00000E+00  0.00000E+00  0.00000E+00  0.00000E+00  0.00000E+00  0.00000E+00  0.00000E+00  0.00000E+00  0.00000E+00  0.00000E+00  0.00000E+00  0.00000E+00  0.00000E+00  0.00000E+00  0.00000E+00  0.00000E+00  0.00000E+00  0.00000E+00  0.00000E+00  0.00000E+00  0.00000E+00
   43177   2  0.00000E+00  0.00000E+00  0.00000E+00  0.00000E+00  0.00000E+00  0.00000E+00  0.00000E+00  0.00000E+00  0.00000E+00  0.00000E+00  0.00000E+00  0.00000E+00  0.00000E+00  0.00000E+00  0.00000E+00  0.00000E+00  0.00000E+00  0.00000E+00  0.00000E+00  0.00000E+00  0.00000E+00  0.00000E+00  0.00000E+00  0.00000E+00
   15453   3  5.24036E+01  5.24036E+01  5.24036E+01  5.24036E+01  5.24036E+01  5.24036E+01  5.24036E+01  5.24036E+01  5.24036E+01  5.24036E+01  5.24036E+01  5.24036E+01  5.24036E+01  5.24036E+01  5.24036E+01  5.24036E+01  5.24036E+01  5.24036E+01  5.24036E+01  5.24036E+01  5.24036E+01  5.24036E+01  5.24036E+01  5.24036E+01
   15453   2  0.00000E+00  0.00000E+00  0.00000E+00  0.00000E+00  0.00000E+00  0.00000E+00  0.00000E+00  0.00000E+00  0.00000E+00  0.00000E+00  0.00000E+00  0.00000E+00  0.00000E+00  0.00000E+00  0.00000E+00  0.00000E+00  0.00000E+00  0.00000E+00  0.00000E+00  0.00000E+00  0.00000E+00  0.00000E+00  0.00000E+00  0.00000E+00
   15098   3  3.16176E-03  3.16176E-03  3.16176E-03  3.16176E-03  3.16176E-03  3.16176E-03  3.16176E-03  3.16176E-03  3.16176E-03  3.16176E-03  3.16176E-03  3.16176E-03  3.16176E-03  3.16176E-03  3.16176E-03  3.16176E-03  3.16176E-03  3.16176E-03  3.16176E-03  3.16176E-03  3.16176E-03  3.16176E-03  3.16176E-03  3.16176E-03
   15450   3  2.52638E-02  2.52638E-02  2.52638E-02  2.52638E-02  2.52638E-02  2.52638E-02  2.52638E-02  2.52638E-02  2.52638E-02  2.52638E-02  2.52638E-02  2.52638E-02  2.52638E-02  2.52638E-02  2.52638E-02  2.52638E-02  2.52638E-02  2.52638E-02  2.52638E-02  2.52638E-02  2.52638E-02  2.52638E-02  2.52638E-02  2.52638E-02
   15808   3  1.13386E+01  1.13386E+01  1.13386E+01  1.13386E+01  1.13386E+01  1.13386E+01  1.13386E+01  1.13386E+01  1.13386E+01  1.13386E+01  1.13386E+01  1.13386E+01  1.13386E+01  1.13386E+01  1.13386E+01  1.13386E+01  1.13386E+01  1.13386E+01  1.13386E+01  1.13386E+01  1.13386E+01  1.13386E+01  1.13386E+01  1.13386E+01
   16524   3  9.14040E-02  9.14040E-02  9.14040E-02  9.14040E-02  9.14040E-02  9.14040E-02  9.14040E-02  9.14040E-02  9.14040E-02  9.14040E-02  9.14040E-02  9.14040E-02  9.14040E-02  9.14040E-02  9.14040E-02  9.14040E-02  9.14040E-02  9.14040E-02  9.14040E-02  9.14040E-02  9.14040E-02  9.14040E-02  9.14040E-02  9.14040E-02
   14756   5  0.00000E+00  0.00000E+00  0.00000E+00  0.00000E+00  0.00000E+00  0.00000E+00  0.00000E+00  0.00000E+00  0.00000E+00  0.00000E+00  0.00000E+00  0.00000E+00  0.00000E+00  0.00000E+00  0.00000E+00  0.00000E+00  0.00000E+00  0.00000E+00  0.00000E+00  0.00000E+00  0.00000E+00  0.00000E+00  0.00000E+00  0.00000E+00
   14756   4  6.19147E-04  6.19147E-04  6.19147E-04  6.19147E-04  6.19147E-04  6.19147E-04  6.19147E-04  6.19147E-04  6.19147E-04  6.19147E-04  6.19147E-04  6.19147E-04  6.19147E-04  6.19147E-04  6.19147E-04  6.19147E-04  6.19147E-04  6.19147E-04  6.19147E-04  6.19147E-04  6.19147E-04  6.19147E-04  6.19147E-04  6.19147E-04
   14756   3  6.17564E+00  6.17564E+00  6.17564E+00  6.17564E+00  6.17564E+00  6.17564E+00  6.17564E+00  6.17564E+00  6.17564E+00  6.17564E+00  6.17564E+00  6.17564E+00  6.17564E+00  6.17564E+00  6.17564E+00  6.17564E+00  6.17564E+00  6.17564E+00  6.17564E+00  6.17564E+00  6.17564E+00  6.17564E+00  6.17564E+00  6.17564E+00
   14756   1  0.00000E+00  0.00000E+00  0.00000E+00  0.00000E+00  0.00000E+00  0.00000E+00  0.00000E+00  0.00000E+00  0.00000E+00  0.00000E+00  0.00000E+00  0.00000E+00  0.00000E+00  0.00000E+00  0.00000E+00  0.00000E+00  0.00000E+00  0.00000E+00  0.00000E+00  0.00000E+00  0.00000E+00  0.00000E+00  0.00000E+00  0.00000E+00
   14756   2  0.00000E+00  0.00000E+00  0.00000E+00  0.00000E+00  0.00000E+00  0.00000E+00  0.00000E+00  0.00000E+00  0.00000E+00  0.00000E+00  0.00000E+00  0.00000E+00  0.00000E+00  0.00000E+00  0.00000E+00  0.00000E+00  0.00000E+00  0.00000E+00  0.00000E+00  0.00000E+00  0.00000E+00  0.00000E+00  0.00000E+00  0.00000E+00
   14756   7  0.00000E+00  0.00000E+00  0.00000E+00  0.00000E+00  0.00000E+00  0.00000E+00  0.00000E+00  0.00000E+00  0.00000E+00  0.00000E+00  0.00000E+00  0.00000E+00  0.00000E+00  0.00000E+00  0.00000E+00  0.00000E+00  0.00000E+00  0.00000E+00  0.00000E+00  0.00000E+00  0.00000E+00  0.00000E+00  0.00000E+00  0.00000E+00
   15810   3  9.98379E-02  9.98379E-02  9.98379E-02  9.98379E-02  9.98379E-02  9.98379E-02  9.98379E-02  9.98379E-02  9.98379E-02  9.98379E-02  9.98379E-02  9.98379E-02  9.98379E-02  9.98379E-02  9.98379E-02  9.98379E-02  9.98379E-02  9.98379E-02  9.98379E-02  9.98379E-02  9.98379E-02  9.98379E-02  9.98379E-02  9.98379E-02
   16516   3  2.65414E-02  2.65414E-02  2.65414E-02  2.65414E-02  2.65414E-02  2.65414E-02  2.65414E-02  2.65414E-02  2.65414E-02  2.65414E-02  2.65414E-02  2.65414E-02  2.65414E-02  2.65414E-02  2.65414E-02  2.65414E-02  2.65414E-02  2.65414E-02  2.65414E-02  2.65414E-02  2.65414E-02  2.65414E-02  2.65414E-02  2.65414E-02
   16161   3  9.57113E-03  9.57113E-03  9.57113E-03  9.57113E-03  9.57113E-03  9.57113E-03  9.57113E-03  9.57113E-03  9.57113E-03  9.57113E-03  9.57113E-03  9.57113E-03  9.57113E-03  9.57113E-03  9.57113E-03  9.57113E-03  9.57113E-03  9.57113E-03  9.57113E-03  9.57113E-03  9.57113E-03  9.57113E-03  9.57113E-03  9.57113E-03
   16162   3  2.02550E+01  2.02550E+01  2.02550E+01  2.02550E+01  2.02550E+01  2.02550E+01  2.02550E+01  2.02550E+01  2.02550E+01  2.02550E+01  2.02550E+01  2.02550E+01  2.02550E+01  2.02550E+01  2.02550E+01  2.02550E+01  2.02550E+01  2.02550E+01  2.02550E+01  2.02550E+01  2.02550E+01  2.02550E+01  2.02550E+01  2.02550E+01
   15105   3  6.32495E+01  6.32495E+01  6.32495E+01  6.32495E+01  6.32495E+01  6.32495E+01  6.32495E+01  6.32495E+01  6.32495E+01  6.32495E+01  6.32495E+01  6.32495E+01  6.32495E+01  6.32495E+01  6.32495E+01  6.32495E+01  6.32495E+01  6.32495E+01  6.32495E+01  6.32495E+01  6.32495E+01  6.32495E+01  6.32495E+01  6.32495E+01
   15104   3  2.10242E-01  2.10242E-01  2.10242E-01  2.10242E-01  2.10242E-01  2.10242E-01  2.10242E-01  2.10242E-01  2.10242E-01  2.10242E-01  2.10242E-01  2.10242E-01  2.10242E-01  2.10242E-01  2.10242E-01  2.10242E-01  2.10242E-01  2.10242E-01  2.10242E-01  2.10242E-01  2.10242E-01  2.10242E-01  2.10242E-01  2.10242E-01
   13688   3  3.12708E+01  3.12708E+01  3.12708E+01  3.12708E+01  3.12708E+01  3.12708E+01  3.12708E+01  3.12708E+01  3.12708E+01  3.12708E+01  3.12708E+01  3.12708E+01  3.12708E+01  3.12708E+01  3.12708E+01  3.12708E+01  3.12708E+01  3.12708E+01  3.12708E+01  3.12708E+01  3.12708E+01  3.12708E+01  3.12708E+01  3.12708E+01
   13688   4  1.89303E+00  1.89303E+00  1.89303E+00  1.89303E+00  1.89303E+00  1.89303E+00  1.89303E+00  1.89303E+00  1.89303E+00  1.89303E+00  1.89303E+00  1.89303E+00  1.89303E+00  1.89303E+00  1.89303E+00  1.89303E+00  1.89303E+00  1.89303E+00  1.89303E+00  1.89303E+00  1.89303E+00  1.89303E+00  1.89303E+00  1.89303E+00
   14743   3  2.39248E-03  2.39248E-03  2.39248E-03  2.39248E-03  2.39248E-03  2.39248E-03  2.39248E-03  2.39248E-03  2.39248E-03  2.39248E-03  2.39248E-03  2.39248E-03  2.39248E-03  2.39248E-03  2.39248E-03  2.39248E-03  2.39248E-03  2.39248E-03  2.39248E-03  2.39248E-03  2.39248E-03  2.39248E-03  2.39248E-03  2.39248E-03
   15813   3  4.72372E+00  4.72372E+00  4.72372E+00  4.72372E+00  4.72372E+00  4.72372E+00  4.72372E+00  4.72372E+00  4.72372E+00  4.72372E+00  4.72372E+00  4.72372E+00  4.72372E+00  4.72372E+00  4.72372E+00  4.72372E+00  4.72372E+00  4.72372E+00  4.72372E+00  4.72372E+00  4.72372E+00  4.72372E+00  4.72372E+00  4.72372E+00
   14408   4  0.00000E+00  0.00000E+00  0.00000E+00  0.00000E+00  0.00000E+00  0.00000E+00  0.00000E+00  0.00000E+00  0.00000E+00  0.00000E+00  0.00000E+00  0.00000E+00  0.00000E+00  0.00000E+00  0.00000E+00  0.00000E+00  0.00000E+00  0.00000E+00  0.00000E+00  0.00000E+00  0.00000E+00  0.00000E+00  0.00000E+00  0.00000E+00
   14053   3  3.66520E-03  3.66520E-03  3.66520E-03  3.66520E-03  3.66520E-03  3.66520E-03  3.66520E-03  3.66520E-03  3.66520E-03  3.66520E-03  3.66520E-03  3.66520E-03  3.66520E-03  3.66520E-03  3.66520E-03  3.66520E-03  3.66520E-03  3.66520E-03  3.66520E-03  3.66520E-03  3.66520E-03  3.66520E-03  3.66520E-03  3.66520E-03
   14408   3  3.87003E-02  3.87003E-02  3.87003E-02  3.87003E-02  3.87003E-02  3.87003E-02  3.87003E-02  3.87003E-02  3.87003E-02  3.87003E-02  3.87003E-02  3.87003E-02  3.87003E-02  3.87003E-02  3.87003E-02  3.87003E-02  3.87003E-02  3.87003E-02  3.87003E-02  3.87003E-02  3.87003E-02  3.87003E-02  3.87003E-02  3.87003E-02
   15469   3  1.25799E-01  1.25799E-01  1.25799E-01  1.25799E-01  1.25799E-01  1.25799E-01  1.25799E-01  1.25799E-01  1.25799E-01  1.25799E-01  1.25799E-01  1.25799E-01  1.25799E-01  1.25799E-01  1.25799E-01  1.25799E-01  1.25799E-01  1.25799E-01  1.25799E-01  1.25799E-01  1.25799E-01  1.25799E-01  1.25799E-01  1.25799E-01
   14761   3  0.00000E+00  0.00000E+00  0.00000E+00  0.00000E+00  0.00000E+00  0.00000E+00  0.00000E+00  0.00000E+00  0.00000E+00  0.00000E+00  0.00000E+00  0.00000E+00  0.00000E+00  0.00000E+00  0.00000E+00  0.00000E+00  0.00000E+00  0.00000E+00  0.00000E+00  0.00000E+00  0.00000E+00  0.00000E+00  0.00000E+00  0.00000E+00
   14763   2  0.00000E+00  0.00000E+00  0.00000E+00  0.00000E+00  0.00000E+00  0.00000E+00  0.00000E+00  0.00000E+00  0.00000E+00  0.00000E+00  0.00000E+00  0.00000E+00  0.00000E+00  0.00000E+00  0.00000E+00  0.00000E+00  0.00000E+00  0.00000E+00  0.00000E+00  0.00000E+00  0.00000E+00  0.00000E+00  0.00000E+00  0.00000E+00
   14763   3  0.00000E+00  0.00000E+00  0.00000E+00  0.00000E+00  0.00000E+00  0.00000E+00  0.00000E+00  0.00000E+00  0.00000E+00  0.00000E+00  0.00000E+00  0.00000E+00  0.00000E+00  0.00000E+00  0.00000E+00  0.00000E+00  0.00000E+00  0.00000E+00  0.00000E+00  0.00000E+00  0.00000E+00  0.00000E+00  0.00000E+00  0.00000E+00
   12640   3  0.00000E+00  0.00000E+00  0.00000E+00  0.00000E+00  0.00000E+00  0.00000E+00  0.00000E+00  0.00000E+00  0.00000E+00  0.00000E+00  0.00000E+00  0.00000E+00  0.00000E+00  0.00000E+00  0.00000E+00  0.00000E+00  0.00000E+00  0.00000E+00  0.00000E+00  0.00000E+00  0.00000E+00  0.00000E+00  0.00000E+00  0.00000E+00
   12657   2  0.00000E+00  0.00000E+00  0.00000E+00  0.00000E+00  0.00000E+00  0.00000E+00  0.00000E+00  0.00000E+00  0.00000E+00  0.00000E+00  0.00000E+00  0.00000E+00  0.00000E+00  0.00000E+00  0.00000E+00  0.00000E+00  0.00000E+00  0.00000E+00  0.00000E+00  0.00000E+00  0.00000E+00  0.00000E+00  0.00000E+00  0.00000E+00
   19635   3  1.21714E-02  1.21714E-02  1.21714E-02  1.21714E-02  1.21714E-02  0.00000E+00  0.00000E+00  0.00000E+00  0.00000E+00  0.00000E+00  0.00000E+00  0.00000E+00  0.00000E+00  1.21714E-02  1.21714E-02  1.21714E-02  1.21714E-02  1.21714E-02  1.21714E-02  1.21714E-02  1.21714E-02  1.21714E-02  1.21714E-02  1.21714E-02
   19635   4  1.80787E-03  1.80787E-03  1.80787E-03  1.80787E-03  1.80787E-03  1.80787E-03  1.80787E-03  1.80787E-03  1.80787E-03  1.80787E-03  1.80787E-03  1.80787E-03  1.80787E-03  1.80787E-03  1.80787E-03  1.80787E-03  1.80787E-03  1.80787E-03  1.80787E-03  1.80787E-03  1.80787E-03  1.80787E-03  1.80787E-03  1.80787E-03
   20341   3  6.93175E-03  6.93175E-03  6.93175E-03  6.93175E-03  6.93175E-03  6.93175E-03  6.93175E-03  6.93175E-03  6.93175E-03  6.93175E-03  6.93175E-03  6.93175E-03  6.93175E-03  6.93175E-03  6.93175E-03  6.93175E-03  6.93175E-03  6.93175E-03  6.93175E-03  6.93175E-03  6.93175E-03  6.93175E-03  6.93175E-03  6.93175E-03
   20337   3  0.00000E+00  0.00000E+00  0.00000E+00  0.00000E+00  0.00000E+00  0.00000E+00  0.00000E+00  0.00000E+00  0.00000E+00  0.00000E+00  0.00000E+00  0.00000E+00  0.00000E+00  0.00000E+00  0.00000E+00  0.00000E+00  0.00000E+00  0.00000E+00  0.00000E+00  0.00000E+00  0.00000E+00  0.00000E+00  0.00000E+00  0.00000E+00
   20337   4  4.94372E-04  4.94372E-04  4.94372E-04  4.94372E-04  4.94372E-04  4.94372E-04  4.94372E-04  4.94372E-04  4.94372E-04  4.94372E-04  4.94372E-04  4.94372E-04  4.94372E-04  4.94372E-04  4.94372E-04  4.94372E-04  4.94372E-04  4.94372E-04  4.94372E-04  4.94372E-04  4.94372E-04  4.94372E-04  4.94372E-04  4.94372E-04
   19641   4  1.64077E-03  1.64077E-03  1.64077E-03  1.64077E-03  1.64077E-03  1.64077E-03  1.64077E-03  1.64077E-03  1.64077E-03  1.64077E-03  1.64077E-03  1.64077E-03  1.64077E-03  1.64077E-03  1.64077E-03  1.64077E-03  1.64077E-03  1.64077E-03  1.64077E-03  1.64077E-03  1.64077E-03  1.64077E-03  1.64077E-03  1.64077E-03
   19283   4  2.38758E-03  2.38758E-03  2.38758E-03  2.38758E-03  2.38758E-03  2.38758E-03  2.38758E-03  2.38758E-03  2.38758E-03  2.38758E-03  2.38758E-03  2.38758E-03  2.38758E-03  2.38758E-03  2.38758E-03  2.38758E-03  2.38758E-03  2.38758E-03  2.38758E-03  2.38758E-03  2.38758E-03  2.38758E-03  2.38758E-03  2.38758E-03
   19638   5  0.00000E+00  0.00000E+00  0.00000E+00  0.00000E+00  0.00000E+00  0.00000E+00  0.00000E+00  0.00000E+00  0.00000E+00  0.00000E+00  0.00000E+00  0.00000E+00  0.00000E+00  0.00000E+00  0.00000E+00  0.00000E+00  0.00000E+00  0.00000E+00  0.00000E+00  0.00000E+00  0.00000E+00  0.00000E+00  0.00000E+00  0.00000E+00
   19633   3  0.00000E+00  0.00000E+00  0.00000E+00  0.00000E+00  0.00000E+00  0.00000E+00  0.00000E+00  0.00000E+00  0.00000E+00  0.00000E+00  0.00000E+00  0.00000E+00  0.00000E+00  0.00000E+00  0.00000E+00  0.00000E+00  0.00000E+00  0.00000E+00  0.00000E+00  0.00000E+00  0.00000E+00  0.00000E+00  0.00000E+00  0.00000E+00
   19633   7  0.00000E+00  0.00000E+00  0.00000E+00  0.00000E+00  0.00000E+00  0.00000E+00  0.00000E+00  0.00000E+00  0.00000E+00  0.00000E+00  0.00000E+00  0.00000E+00  0.00000E+00  0.00000E+00  0.00000E+00  0.00000E+00  0.00000E+00  0.00000E+00  0.00000E+00  0.00000E+00  0.00000E+00  0.00000E+00  0.00000E+00  0.00000E+00
   19633   4  1.11824E-03  1.11824E-03  1.11824E-03  1.11824E-03  1.11824E-03  1.11824E-03  1.11824E-03  1.11824E-03  1.11824E-03  1.11824E-03  1.11824E-03  1.11824E-03  1.11824E-03  1.11824E-03  1.11824E-03  1.11824E-03  1.11824E-03  1.11824E-03  1.11824E-03  1.11824E-03  1.11824E-03  1.11824E-03  1.11824E-03  1.11824E-03
   18930   3  0.00000E+00  0.00000E+00  0.00000E+00  0.00000E+00  0.00000E+00  0.00000E+00  0.00000E+00  0.00000E+00  0.00000E+00  0.00000E+00  0.00000E+00  0.00000E+00  0.00000E+00  0.00000E+00  0.00000E+00  0.00000E+00  0.00000E+00  0.00000E+00  0.00000E+00  0.00000E+00  0.00000E+00  0.00000E+00  0.00000E+00  0.00000E+00
   19636   5  0.00000E+00  0.00000E+00  0.00000E+00  0.00000E+00  0.00000E+00  0.00000E+00  0.00000E+00  0.00000E+00  0.00000E+00  0.00000E+00  0.00000E+00  0.00000E+00  0.00000E+00  0.00000E+00  0.00000E+00  0.00000E+00  0.00000E+00  0.00000E+00  0.00000E+00  0.00000E+00  0.00000E+00  0.00000E+00  0.00000E+00  0.00000E+00
   20343   4  5.87997E-04  5.87997E-04  5.87997E-04  5.87997E-04  5.87997E-04  5.87997E-04  5.87997E-04  5.87997E-04  5.87997E-04  5.87997E-04  5.87997E-04  5.87997E-04  5.87997E-04  5.87997E-04  5.87997E-04  5.87997E-04  5.87997E-04  5.87997E-04  5.87997E-04  5.87997E-04  5.87997E-04  5.87997E-04  5.87997E-04  5.87997E-04
   20343   3  0.00000E+00  0.00000E+00  0.00000E+00  0.00000E+00  0.00000E+00  0.00000E+00  0.00000E+00  0.00000E+00  0.00000E+00  0.00000E+00  0.00000E+00  0.00000E+00  0.00000E+00  0.00000E+00  0.00000E+00  0.00000E+00  0.00000E+00  0.00000E+00  0.00000E+00  0.00000E+00  0.00000E+00  0.00000E+00  0.00000E+00  0.00000E+00
   19282   5  0.00000E+00  0.00000E+00  0.00000E+00  0.00000E+00  0.00000E+00  0.00000E+00  0.00000E+00  0.00000E+00  0.00000E+00  0.00000E+00  0.00000E+00  0.00000E+00  0.00000E+00  0.00000E+00  0.00000E+00  0.00000E+00  0.00000E+00  0.00000E+00  0.00000E+00  0.00000E+00  0.00000E+00  0.00000E+00  0.00000E+00  0.00000E+00
   19282   4  8.03020E-03  8.03020E-03  8.03020E-03  8.03020E-03  8.03020E-03  8.03020E-03  8.03020E-03  8.03020E-03  8.03020E-03  8.03020E-03  8.03020E-03  8.03020E-03  8.03020E-03  8.03020E-03  8.03020E-03  8.03020E-03  8.03020E-03  8.03020E-03  8.03020E-03  8.03020E-03  8.03020E-03  8.03020E-03  8.03020E-03  8.03020E-03
   19282   3  0.00000E+00  0.00000E+00  0.00000E+00  0.00000E+00  0.00000E+00  0.00000E+00  0.00000E+00  0.00000E+00  0.00000E+00  0.00000E+00  0.00000E+00  0.00000E+00  0.00000E+00  0.00000E+00  0.00000E+00  0.00000E+00  0.00000E+00  0.00000E+00  0.00000E+00  0.00000E+00  0.00000E+00  0.00000E+00  0.00000E+00  0.00000E+00
   19990   3  1.10829E-03  1.10829E-03  1.10829E-03  1.10829E-03  1.10829E-03  1.10829E-03  1.10829E-03  1.10829E-03  1.10829E-03  1.10829E-03  1.10829E-03  1.10829E-03  1.10829E-03  1.10829E-03  1.10829E-03  1.10829E-03  1.10829E-03  1.10829E-03  1.10829E-03  1.10829E-03  1.10829E-03  1.10829E-03  1.10829E-03  1.10829E-03
   19990   4  6.13450E-03  6.13450E-03  6.13450E-03  6.13450E-03  6.13450E-03  6.13450E-03  6.13450E-03  6.13450E-03  6.13450E-03  6.13450E-03  6.13450E-03  6.13450E-03  6.13450E-03  6.13450E-03  6.13450E-03  6.13450E-03  6.13450E-03  6.13450E-03  6.13450E-03  6.13450E-03  6.13450E-03  6.13450E-03  6.13450E-03  6.13450E-03
   18929   3  0.00000E+00  0.00000E+00  0.00000E+00  0.00000E+00  0.00000E+00  0.00000E+00  0.00000E+00  0.00000E+00  0.00000E+00  0.00000E+00  0.00000E+00  0.00000E+00  0.00000E+00  3.28395E-03  3.28395E-03  3.28395E-03  3.28395E-03  3.28395E-03  3.28395E-03  3.28395E-03  3.28395E-03  0.00000E+00  0.00000E+00  0.00000E+00
   18929   4  7.14705E-03  7.14705E-03  7.14705E-03  7.14705E-03  7.14705E-03  7.14705E-03  7.14705E-03  7.14705E-03  7.14705E-03  7.14705E-03  7.14705E-03  7.14705E-03  7.14705E-03  1.16761E-02  1.16761E-02  1.16761E-02  1.16761E-02  1.16761E-02  1.16761E-02  1.16761E-02  1.16761E-02  7.14705E-03  7.14705E-03  7.14705E-03
   19281   4  1.17629E-03  1.17629E-03  1.17629E-03  1.17629E-03  1.17629E-03  1.17629E-03  1.17629E-03  1.17629E-03  1.17629E-03  1.17629E-03  1.17629E-03  1.17629E-03  1.17629E-03  1.17629E-03  1.17629E-03  1.17629E-03  1.17629E-03  1.17629E-03  1.17629E-03  1.17629E-03  1.17629E-03  1.17629E-03  1.17629E-03  1.17629E-03
   19637   3  8.11423E-03  8.11423E-03  8.11423E-03  8.11423E-03  8.11423E-03  8.11423E-03  8.11423E-03  8.11423E-03  8.11423E-03  8.11423E-03  8.11423E-03  8.11423E-03  8.11423E-03  8.11423E-03  8.11423E-03  8.11423E-03  8.11423E-03  8.11423E-03  8.11423E-03  8.11423E-03  8.11423E-03  8.11423E-03  8.11423E-03  8.11423E-03
   17533   4  5.57506E-02  5.57506E-02  5.57506E-02  5.57506E-02  5.57506E-02  5.57506E-02  5.57506E-02  5.57506E-02  5.57506E-02  5.57506E-02  5.57506E-02  5.57506E-02  5.57506E-02  5.57506E-02  5.57506E-02  5.57506E-02  5.57506E-02  5.57506E-02  5.57506E-02  5.57506E-02  5.57506E-02  5.57506E-02  5.57506E-02  5.57506E-02
   17533   3  0.00000E+00  0.00000E+00  0.00000E+00  0.00000E+00  0.00000E+00  0.00000E+00  0.00000E+00  0.00000E+00  0.00000E+00  0.00000E+00  0.00000E+00  0.00000E+00  0.00000E+00  6.19723E-03  6.19723E-03  6.19723E-03  6.19723E-03  6.19723E-03  6.19723E-03  6.19723E-03  6.19723E-03  0.00000E+00  0.00000E+00  0.00000E+00
   19657   3  0.00000E+00  0.00000E+00  0.00000E+00  0.00000E+00  0.00000E+00  0.00000E+00  0.00000E+00  0.00000E+00  0.00000E+00  0.00000E+00  0.00000E+00  0.00000E+00  0.00000E+00  0.00000E+00  0.00000E+00  0.00000E+00  0.00000E+00  0.00000E+00  0.00000E+00  0.00000E+00  0.00000E+00  0.00000E+00  0.00000E+00  0.00000E+00
   19657   2  0.00000E+00  0.00000E+00  0.00000E+00  0.00000E+00  0.00000E+00  0.00000E+00  0.00000E+00  0.00000E+00  0.00000E+00  0.00000E+00  0.00000E+00  0.00000E+00  0.00000E+00  0.00000E+00  0.00000E+00  0.00000E+00  0.00000E+00  0.00000E+00  0.00000E+00  0.00000E+00  0.00000E+00  0.00000E+00  0.00000E+00  0.00000E+00
   17887   3  0.00000E+00  0.00000E+00  0.00000E+00  0.00000E+00  0.00000E+00  0.00000E+00  0.00000E+00  0.00000E+00  0.00000E+00  0.00000E+00  0.00000E+00  0.00000E+00  0.00000E+00  0.00000E+00  0.00000E+00  0.00000E+00  0.00000E+00  0.00000E+00  0.00000E+00  0.00000E+00  0.00000E+00  0.00000E+00  0.00000E+00  0.00000E+00
   20356   4  1.31184E-03  1.31184E-03  1.31184E-03  1.31184E-03  1.31184E-03  1.31184E-03  1.31184E-03  1.31184E-03  1.31184E-03  1.31184E-03  1.31184E-03  1.31184E-03  1.31184E-03  1.31184E-03  1.31184E-03  1.31184E-03  1.31184E-03  1.31184E-03  1.31184E-03  1.31184E-03  1.31184E-03  1.31184E-03  1.31184E-03  1.31184E-03
   20356   3  0.00000E+00  0.00000E+00  0.00000E+00  0.00000E+00  0.00000E+00  0.00000E+00  0.00000E+00  0.00000E+00  0.00000E+00  0.00000E+00  0.00000E+00  0.00000E+00  0.00000E+00  0.00000E+00  0.00000E+00  0.00000E+00  0.00000E+00  0.00000E+00  0.00000E+00  0.00000E+00  0.00000E+00  0.00000E+00  0.00000E+00  0.00000E+00
   20356   2  0.00000E+00  0.00000E+00  0.00000E+00  0.00000E+00  0.00000E+00  0.00000E+00  0.00000E+00  0.00000E+00  0.00000E+00  0.00000E+00  0.00000E+00  0.00000E+00  0.00000E+00  0.00000E+00  0.00000E+00  0.00000E+00  0.00000E+00  0.00000E+00  0.00000E+00  0.00000E+00  0.00000E+00  0.00000E+00  0.00000E+00  0.00000E+00
   15091   3  1.74909E+01  1.74909E+01  1.74909E+01  1.74909E+01  1.74909E+01  1.74882E+01  1.74882E+01  1.74882E+01  1.74882E+01  1.74882E+01  1.74882E+01  1.74882E+01  1.74882E+01  1.75023E+01  1.75023E+01  1.75023E+01  1.75023E+01  1.75023E+01  1.75023E+01  1.75023E+01  1.75023E+01  1.74909E+01  1.74909E+01  1.74909E+01
   15091   4  2.43270E+01  2.43270E+01  2.43270E+01  2.43270E+01  2.43270E+01  2.43270E+01  2.43270E+01  2.43270E+01  2.43270E+01  2.43270E+01  2.43270E+01  2.43270E+01  2.43270E+01  2.43270E+01  2.43270E+01  2.43270E+01  2.43270E+01  2.43270E+01  2.43270E+01  2.43270E+01  2.43270E+01  2.43270E+01  2.43270E+01  2.43270E+01
   15091   2  6.54011E+00  6.54011E+00  6.54011E+00  6.54011E+00  6.54011E+00  6.54011E+00  6.54011E+00  6.54011E+00  6.54011E+00  6.54011E+00  6.54011E+00  6.54011E+00  6.54011E+00  6.54011E+00  6.54011E+00  6.54011E+00  6.54011E+00  6.54011E+00  6.54011E+00  6.54011E+00  6.54011E+00  6.54011E+00  6.54011E+00  6.54011E+00
   15092   4  2.25889E-02  2.25889E-02  2.25889E-02  2.25889E-02  2.25889E-02  2.25889E-02  2.25889E-02  2.25889E-02  2.25889E-02  2.25889E-02  2.25889E-02  2.25889E-02  2.25889E-02  2.25889E-02  2.25889E-02  2.25889E-02  2.25889E-02  2.25889E-02  2.25889E-02  2.25889E-02  2.25889E-02  2.25889E-02  2.25889E-02  2.25889E-02
   15091   7  0.00000E+00  0.00000E+00  0.00000E+00  0.00000E+00  0.00000E+00  0.00000E+00  0.00000E+00  0.00000E+00  0.00000E+00  0.00000E+00  0.00000E+00  0.00000E+00  0.00000E+00  0.00000E+00  0.00000E+00  0.00000E+00  0.00000E+00  0.00000E+00  0.00000E+00  0.00000E+00  0.00000E+00  0.00000E+00  0.00000E+00  0.00000E+00
   15092   1  1.56918E+00  1.56918E+00  1.56918E+00  1.56918E+00  1.56918E+00  1.56918E+00  1.56918E+00  1.56918E+00  1.56918E+00  1.56918E+00  1.56918E+00  1.56918E+00  1.56918E+00  1.56918E+00  1.56918E+00  1.56918E+00  1.56918E+00  1.56918E+00  1.56918E+00  1.56918E+00  1.56918E+00  1.56918E+00  1.56918E+00  1.56918E+00
   15092   3  0.00000E+00  0.00000E+00  0.00000E+00  0.00000E+00  0.00000E+00  0.00000E+00  0.00000E+00  0.00000E+00  0.00000E+00  0.00000E+00  0.00000E+00  0.00000E+00  0.00000E+00  0.00000E+00  0.00000E+00  0.00000E+00  0.00000E+00  0.00000E+00  0.00000E+00  0.00000E+00  0.00000E+00  0.00000E+00  0.00000E+00  0.00000E+00
   15092   2  0.00000E+00  0.00000E+00  0.00000E+00  0.00000E+00  0.00000E+00  0.00000E+00  0.00000E+00  0.00000E+00  0.00000E+00  0.00000E+00  0.00000E+00  0.00000E+00  0.00000E+00  0.00000E+00  0.00000E+00  0.00000E+00  0.00000E+00  0.00000E+00  0.00000E+00  0.00000E+00  0.00000E+00  0.00000E+00  0.00000E+00  0.00000E+00
   14738   4  0.00000E+00  0.00000E+00  0.00000E+00  0.00000E+00  0.00000E+00  0.00000E+00  0.00000E+00  0.00000E+00  0.00000E+00  0.00000E+00  0.00000E+00  0.00000E+00  0.00000E+00  0.00000E+00  0.00000E+00  0.00000E+00  0.00000E+00  0.00000E+00  0.00000E+00  0.00000E+00  0.00000E+00  0.00000E+00  0.00000E+00  0.00000E+00
   17885   3  1.40945E-01  1.40945E-01  1.40945E-01  1.40945E-01  1.40945E-01  0.00000E+00  0.00000E+00  0.00000E+00  0.00000E+00  0.00000E+00  0.00000E+00  0.00000E+00  0.00000E+00  3.17491E-01  3.17491E-01  3.17491E-01  3.17491E-01  3.17491E-01  3.17491E-01  3.17491E-01  3.17491E-01  1.40945E-01  1.40945E-01  1.40945E-01
   17885   4  4.29105E-04  4.29105E-04  4.29105E-04  4.29105E-04  4.29105E-04  4.29105E-04  4.29105E-04  4.29105E-04  4.29105E-04  4.29105E-04  4.29105E-04  4.29105E-04  4.29105E-04  4.29105E-04  4.29105E-04  4.29105E-04  4.29105E-04  4.29105E-04  4.29105E-04  4.29105E-04  4.29105E-04  4.29105E-04  4.29105E-04  4.29105E-04
   18238   4  0.00000E+00  0.00000E+00  0.00000E+00  0.00000E+00  0.00000E+00  0.00000E+00  0.00000E+00  0.00000E+00  0.00000E+00  0.00000E+00  0.00000E+00  0.00000E+00  0.00000E+00  0.00000E+00  0.00000E+00  0.00000E+00  0.00000E+00  0.00000E+00  0.00000E+00  0.00000E+00  0.00000E+00  0.00000E+00  0.00000E+00  0.00000E+00
   15426   3  0.00000E+00  0.00000E+00  0.00000E+00  0.00000E+00  0.00000E+00  0.00000E+00  0.00000E+00  0.00000E+00  0.00000E+00  0.00000E+00  0.00000E+00  0.00000E+00  0.00000E+00  0.00000E+00  0.00000E+00  0.00000E+00  0.00000E+00  0.00000E+00  0.00000E+00  0.00000E+00  0.00000E+00  0.00000E+00  0.00000E+00  0.00000E+00
   14383   3  4.73158E+00  4.73158E+00  4.73158E+00  4.73158E+00  4.73158E+00  4.73158E+00  4.73158E+00  4.73158E+00  4.73158E+00  4.73158E+00  4.73158E+00  4.73158E+00  4.73158E+00  4.73158E+00  4.73158E+00  4.73158E+00  4.73158E+00  4.73158E+00  4.73158E+00  4.73158E+00  4.73158E+00  4.73158E+00  4.73158E+00  4.73158E+00
   14736   4  1.58486E-01  1.58486E-01  1.58486E-01  1.58486E-01  1.58486E-01  1.58486E-01  1.58486E-01  1.58486E-01  1.58486E-01  1.58486E-01  1.58486E-01  1.58486E-01  1.58486E-01  1.60070E-01  1.60070E-01  1.60070E-01  1.60070E-01  1.60070E-01  1.60070E-01  1.60070E-01  1.60070E-01  1.58486E-01  1.58486E-01  1.58486E-01
   14383   4  6.36498E+00  6.36498E+00  6.36498E+00  6.36498E+00  6.36498E+00  6.36498E+00  6.36498E+00  6.36498E+00  6.36498E+00  6.36498E+00  6.36498E+00  6.36498E+00  6.36498E+00  6.36498E+00  6.36498E+00  6.36498E+00  6.36498E+00  6.36498E+00  6.36498E+00  6.36498E+00  6.36498E+00  6.36498E+00  6.36498E+00  6.36498E+00
   14383   2  8.51684E+01  8.51684E+01  8.51684E+01  8.51684E+01  8.51684E+01  8.51684E+01  8.51684E+01  8.51684E+01  8.51684E+01  8.51684E+01  8.51684E+01  8.51684E+01  8.51684E+01  8.51684E+01  8.51684E+01  8.51684E+01  8.51684E+01  8.51684E+01  8.51684E+01  8.51684E+01  8.51684E+01  8.51684E+01  8.51684E+01  8.51684E+01
   14383   1  0.00000E+00  0.00000E+00  0.00000E+00  0.00000E+00  0.00000E+00  0.00000E+00  0.00000E+00  0.00000E+00  0.00000E+00  0.00000E+00  0.00000E+00  0.00000E+00  0.00000E+00  0.00000E+00  0.00000E+00  0.00000E+00  0.00000E+00  0.00000E+00  0.00000E+00  0.00000E+00  0.00000E+00  0.00000E+00  0.00000E+00  0.00000E+00
   17892   3  8.23853E-03  8.23853E-03  8.23853E-03  8.23853E-03  8.23853E-03  8.23853E-03  8.23853E-03  8.23853E-03  8.23853E-03  8.23853E-03  8.23853E-03  8.23853E-03  8.23853E-03  8.23853E-03  8.23853E-03  8.23853E-03  8.23853E-03  8.23853E-03  8.23853E-03  8.23853E-03  8.23853E-03  8.23853E-03  8.23853E-03  8.23853E-03
   17180   3  0.00000E+00  0.00000E+00  0.00000E+00  0.00000E+00  0.00000E+00  0.00000E+00  0.00000E+00  0.00000E+00  0.00000E+00  0.00000E+00  0.00000E+00  0.00000E+00  0.00000E+00  0.00000E+00  0.00000E+00  0.00000E+00  0.00000E+00  0.00000E+00  0.00000E+00  0.00000E+00  0.00000E+00  0.00000E+00  0.00000E+00  0.00000E+00
   17180   2  0.00000E+00  0.00000E+00  0.00000E+00  0.00000E+00  0.00000E+00  0.00000E+00  0.00000E+00  0.00000E+00  0.00000E+00  0.00000E+00  0.00000E+00  0.00000E+00  0.00000E+00  0.00000E+00  0.00000E+00  0.00000E+00  0.00000E+00  0.00000E+00  0.00000E+00  0.00000E+00  0.00000E+00  0.00000E+00  0.00000E+00  0.00000E+00
   17182   3  0.00000E+00  0.00000E+00  0.00000E+00  0.00000E+00  0.00000E+00  0.00000E+00  0.00000E+00  0.00000E+00  0.00000E+00  0.00000E+00  0.00000E+00  0.00000E+00  0.00000E+00  0.00000E+00  0.00000E+00  0.00000E+00  0.00000E+00  0.00000E+00  0.00000E+00  0.00000E+00  0.00000E+00  0.00000E+00  0.00000E+00  0.00000E+00
   14735   3  3.14134E-03  3.14134E-03  3.14134E-03  3.14134E-03  3.14134E-03  0.00000E+00  0.00000E+00  0.00000E+00  0.00000E+00  0.00000E+00  0.00000E+00  0.00000E+00  0.00000E+00  3.14134E-03  3.14134E-03  3.14134E-03  3.14134E-03  3.14134E-03  3.14134E-03  3.14134E-03  3.14134E-03  3.14134E-03  3.14134E-03  3.14134E-03
   17884   4  1.49648E-02  1.49648E-02  1.49648E-02  1.49648E-02  1.49648E-02  1.49648E-02  1.49648E-02  1.49648E-02  1.49648E-02  1.49648E-02  1.49648E-02  1.49648E-02  1.49648E-02  1.49648E-02  1.49648E-02  1.49648E-02  1.49648E-02  1.49648E-02  1.49648E-02  1.49648E-02  1.49648E-02  1.49648E-02  1.49648E-02  1.49648E-02
   18944   3  0.00000E+00  0.00000E+00  0.00000E+00  0.00000E+00  0.00000E+00  0.00000E+00  0.00000E+00  0.00000E+00  0.00000E+00  0.00000E+00  0.00000E+00  0.00000E+00  0.00000E+00  0.00000E+00  0.00000E+00  0.00000E+00  0.00000E+00  0.00000E+00  0.00000E+00  0.00000E+00  0.00000E+00  0.00000E+00  0.00000E+00  0.00000E+00
   15082   3  0.00000E+00  0.00000E+00  0.00000E+00  0.00000E+00  0.00000E+00  0.00000E+00  0.00000E+00  0.00000E+00  0.00000E+00  0.00000E+00  0.00000E+00  0.00000E+00  0.00000E+00  0.00000E+00  0.00000E+00  0.00000E+00  0.00000E+00  0.00000E+00  0.00000E+00  0.00000E+00  0.00000E+00  0.00000E+00  0.00000E+00  0.00000E+00
   15082   2  0.00000E+00  0.00000E+00  0.00000E+00  0.00000E+00  0.00000E+00  0.00000E+00  0.00000E+00  0.00000E+00  0.00000E+00  0.00000E+00  0.00000E+00  0.00000E+00  0.00000E+00  0.00000E+00  0.00000E+00  0.00000E+00  0.00000E+00  0.00000E+00  0.00000E+00  0.00000E+00  0.00000E+00  0.00000E+00  0.00000E+00  0.00000E+00
   14385   3  2.68010E-03  2.68010E-03  2.68010E-03  2.68010E-03  2.68010E-03  0.00000E+00  0.00000E+00  0.00000E+00  0.00000E+00  0.00000E+00  0.00000E+00  0.00000E+00  0.00000E+00  2.68010E-03  2.68010E-03  2.68010E-03  2.68010E-03  2.68010E-03  2.68010E-03  2.68010E-03  2.68010E-03  2.68010E-03  2.68010E-03  2.68010E-03
   14385   4  1.47181E-02  1.47181E-02  1.47181E-02  1.47181E-02  1.47181E-02  1.47181E-02  1.47181E-02  1.47181E-02  1.47181E-02  1.47181E-02  1.47181E-02  1.47181E-02  1.47181E-02  1.47181E-02  1.47181E-02  1.47181E-02  1.47181E-02  1.47181E-02  1.47181E-02  1.47181E-02  1.47181E-02  1.47181E-02  1.47181E-02  1.47181E-02
   17531   4  8.61962E-02  8.61962E-02  8.61962E-02  8.61962E-02  8.61962E-02  8.61962E-02  8.61962E-02  8.61962E-02  8.61962E-02  8.61962E-02  8.61962E-02  8.61962E-02  8.61962E-02  8.61962E-02  8.61962E-02  8.61962E-02  8.61962E-02  8.61962E-02  8.61962E-02  8.61962E-02  8.61962E-02  8.61962E-02  8.61962E-02  8.61962E-02
   17531   3  0.00000E+00  0.00000E+00  0.00000E+00  0.00000E+00  0.00000E+00  0.00000E+00  0.00000E+00  0.00000E+00  0.00000E+00  0.00000E+00  0.00000E+00  0.00000E+00  0.00000E+00  2.44792E-01  2.44792E-01  2.44792E-01  2.44792E-01  2.44792E-01  2.44792E-01  2.44792E-01  2.44792E-01  0.00000E+00  0.00000E+00  0.00000E+00
   17531   5  0.00000E+00  0.00000E+00  0.00000E+00  0.00000E+00  0.00000E+00  0.00000E+00  0.00000E+00  0.00000E+00  0.00000E+00  0.00000E+00  0.00000E+00  0.00000E+00  0.00000E+00  0.00000E+00  0.00000E+00  0.00000E+00  0.00000E+00  0.00000E+00  0.00000E+00  0.00000E+00  0.00000E+00  0.00000E+00  0.00000E+00  0.00000E+00
   17531   2  0.00000E+00  0.00000E+00  0.00000E+00  0.00000E+00  0.00000E+00  0.00000E+00  0.00000E+00  0.00000E+00  0.00000E+00  0.00000E+00  0.00000E+00  0.00000E+00  0.00000E+00  0.00000E+00  0.00000E+00  0.00000E+00  0.00000E+00  0.00000E+00  0.00000E+00  0.00000E+00  0.00000E+00  0.00000E+00  0.00000E+00  0.00000E+00
   17531   7  0.00000E+00  0.00000E+00  0.00000E+00  0.00000E+00  0.00000E+00  0.00000E+00  0.00000E+00  0.00000E+00  0.00000E+00  0.00000E+00  0.00000E+00  0.00000E+00  0.00000E+00  0.00000E+00  0.00000E+00  0.00000E+00  0.00000E+00  0.00000E+00  0.00000E+00  0.00000E+00  0.00000E+00  0.00000E+00  0.00000E+00  0.00000E+00
   21411   4  8.01144E-04  8.01144E-04  8.01144E-04  8.01144E-04  8.01144E-04  8.01144E-04  8.01144E-04  8.01144E-04  8.01144E-04  8.01144E-04  8.01144E-04  8.01144E-04  8.01144E-04  8.01144E-04  8.01144E-04  8.01144E-04  8.01144E-04  8.01144E-04  8.01144E-04  8.01144E-04  8.01144E-04  8.01144E-04  8.01144E-04  8.01144E-04
   20709   4  0.00000E+00  0.00000E+00  0.00000E+00  0.00000E+00  0.00000E+00  0.00000E+00  0.00000E+00  0.00000E+00  0.00000E+00  0.00000E+00  0.00000E+00  0.00000E+00  0.00000E+00  0.00000E+00  0.00000E+00  0.00000E+00  0.00000E+00  0.00000E+00  0.00000E+00  0.00000E+00  0.00000E+00  0.00000E+00  0.00000E+00  0.00000E+00
   20709   7  0.00000E+00  0.00000E+00  0.00000E+00  0.00000E+00  0.00000E+00  0.00000E+00  0.00000E+00  0.00000E+00  0.00000E+00  0.00000E+00  0.00000E+00  0.00000E+00  0.00000E+00  0.00000E+00  0.00000E+00  0.00000E+00  0.00000E+00  0.00000E+00  0.00000E+00  0.00000E+00  0.00000E+00  0.00000E+00  0.00000E+00  0.00000E+00
   13676   3  0.00000E+00  0.00000E+00  0.00000E+00  0.00000E+00  0.00000E+00  0.00000E+00  0.00000E+00  0.00000E+00  0.00000E+00  0.00000E+00  0.00000E+00  0.00000E+00  0.00000E+00  3.86930E-02  3.86930E-02  3.86930E-02  3.86930E-02  3.86930E-02  3.86930E-02  3.86930E-02  3.86930E-02  0.00000E+00  0.00000E+00  0.00000E+00
   21062   3  0.00000E+00  0.00000E+00  0.00000E+00  0.00000E+00  0.00000E+00  0.00000E+00  0.00000E+00  0.00000E+00  0.00000E+00  0.00000E+00  0.00000E+00  0.00000E+00  0.00000E+00  0.00000E+00  0.00000E+00  0.00000E+00  0.00000E+00  0.00000E+00  0.00000E+00  0.00000E+00  0.00000E+00  0.00000E+00  0.00000E+00  0.00000E+00
   17196   3  0.00000E+00  0.00000E+00  0.00000E+00  0.00000E+00  0.00000E+00  0.00000E+00  0.00000E+00  0.00000E+00  0.00000E+00  0.00000E+00  0.00000E+00  0.00000E+00  0.00000E+00  0.00000E+00  0.00000E+00  0.00000E+00  0.00000E+00  0.00000E+00  0.00000E+00  0.00000E+00  0.00000E+00  0.00000E+00  0.00000E+00  0.00000E+00
   17196   2  0.00000E+00  0.00000E+00  0.00000E+00  0.00000E+00  0.00000E+00  0.00000E+00  0.00000E+00  0.00000E+00  0.00000E+00  0.00000E+00  0.00000E+00  0.00000E+00  0.00000E+00  0.00000E+00  0.00000E+00  0.00000E+00  0.00000E+00  0.00000E+00  0.00000E+00  0.00000E+00  0.00000E+00  0.00000E+00  0.00000E+00  0.00000E+00
   23179   4  7.65033E-03  7.65033E-03  7.65033E-03  7.65033E-03  7.65033E-03  7.65033E-03  7.65033E-03  7.65033E-03  7.65033E-03  7.65033E-03  7.65033E-03  7.65033E-03  7.65033E-03  7.65033E-03  7.65033E-03  7.65033E-03  7.65033E-03  7.65033E-03  7.65033E-03  7.65033E-03  7.65033E-03  7.65033E-03  7.65033E-03  7.65033E-03
   23179   3  0.00000E+00  0.00000E+00  0.00000E+00  0.00000E+00  0.00000E+00  0.00000E+00  0.00000E+00  0.00000E+00  0.00000E+00  0.00000E+00  0.00000E+00  0.00000E+00  0.00000E+00  0.00000E+00  0.00000E+00  0.00000E+00  0.00000E+00  0.00000E+00  0.00000E+00  0.00000E+00  0.00000E+00  0.00000E+00  0.00000E+00  0.00000E+00
   18247   4  0.00000E+00  0.00000E+00  0.00000E+00  0.00000E+00  0.00000E+00  0.00000E+00  0.00000E+00  0.00000E+00  0.00000E+00  0.00000E+00  0.00000E+00  0.00000E+00  0.00000E+00  0.00000E+00  0.00000E+00  0.00000E+00  0.00000E+00  0.00000E+00  0.00000E+00  0.00000E+00  0.00000E+00  0.00000E+00  0.00000E+00  0.00000E+00
   12621   2  0.00000E+00  0.00000E+00  0.00000E+00  0.00000E+00  0.00000E+00  0.00000E+00  0.00000E+00  0.00000E+00  0.00000E+00  0.00000E+00  0.00000E+00  0.00000E+00  0.00000E+00  0.00000E+00  0.00000E+00  0.00000E+00  0.00000E+00  0.00000E+00  0.00000E+00  0.00000E+00  0.00000E+00  0.00000E+00  0.00000E+00  0.00000E+00
   12621   3  0.00000E+00  0.00000E+00  0.00000E+00  0.00000E+00  0.00000E+00  0.00000E+00  0.00000E+00  0.00000E+00  0.00000E+00  0.00000E+00  0.00000E+00  0.00000E+00  0.00000E+00  0.00000E+00  0.00000E+00  0.00000E+00  0.00000E+00  0.00000E+00  0.00000E+00  0.00000E+00  0.00000E+00  0.00000E+00  0.00000E+00  0.00000E+00
   12621   7  0.00000E+00  0.00000E+00  0.00000E+00  0.00000E+00  0.00000E+00  0.00000E+00  0.00000E+00  0.00000E+00  0.00000E+00  0.00000E+00  0.00000E+00  0.00000E+00  0.00000E+00  0.00000E+00  0.00000E+00  0.00000E+00  0.00000E+00  0.00000E+00  0.00000E+00  0.00000E+00  0.00000E+00  0.00000E+00  0.00000E+00  0.00000E+00
   21063   3  5.04253E-02  5.04253E-02  5.04253E-02  5.04253E-02  5.04253E-02  5.04253E-02  5.04253E-02  5.04253E-02  5.04253E-02  5.04253E-02  5.04253E-02  5.04253E-02  5.04253E-02  5.04253E-02  5.04253E-02  5.04253E-02  5.04253E-02  5.04253E-02  5.04253E-02  5.04253E-02  5.04253E-02  5.04253E-02  5.04253E-02  5.04253E-02
   17529   4  2.85661E-03  2.85661E-03  2.85661E-03  2.85661E-03  2.85661E-03  2.85661E-03  2.85661E-03  2.85661E-03  2.85661E-03  2.85661E-03  2.85661E-03  2.85661E-03  2.85661E-03  2.85661E-03  2.85661E-03  2.85661E-03  2.85661E-03  2.85661E-03  2.85661E-03  2.85661E-03  2.85661E-03  2.85661E-03  2.85661E-03  2.85661E-03
   17530   3  0.00000E+00  0.00000E+00  0.00000E+00  0.00000E+00  0.00000E+00  0.00000E+00  0.00000E+00  0.00000E+00  0.00000E+00  0.00000E+00  0.00000E+00  0.00000E+00  0.00000E+00  0.00000E+00  0.00000E+00  0.00000E+00  0.00000E+00  0.00000E+00  0.00000E+00  0.00000E+00  0.00000E+00  0.00000E+00  0.00000E+00  0.00000E+00
   17530   4  1.55609E-01  1.55609E-01  1.55609E-01  1.55609E-01  1.55609E-01  1.55609E-01  1.55609E-01  1.55609E-01  1.55609E-01  1.55609E-01  1.55609E-01  1.55609E-01  1.55609E-01  1.55609E-01  1.55609E-01  1.55609E-01  1.55609E-01  1.55609E-01  1.55609E-01  1.55609E-01  1.55609E-01  1.55609E-01  1.55609E-01  1.55609E-01
   17530   6  1.22440E-01  1.22440E-01  1.22440E-01  1.22440E-01  1.22440E-01  1.22440E-01  1.22440E-01  1.22440E-01  1.22440E-01  1.22440E-01  1.22440E-01  1.22440E-01  1.22440E-01  1.22440E-01  1.22440E-01  1.22440E-01  1.22440E-01  1.22440E-01  1.22440E-01  1.22440E-01  1.22440E-01  1.22440E-01  1.22440E-01  1.22440E-01
   32341   4  0.00000E+00  0.00000E+00  0.00000E+00  0.00000E+00  0.00000E+00  0.00000E+00  0.00000E+00  0.00000E+00  0.00000E+00  0.00000E+00  0.00000E+00  0.00000E+00  0.00000E+00  0.00000E+00  0.00000E+00  0.00000E+00  0.00000E+00  0.00000E+00  0.00000E+00  0.00000E+00  0.00000E+00  0.00000E+00  0.00000E+00  0.00000E+00
   31636   3  1.56858E-01  1.56858E-01  1.56858E-01  1.56858E-01  1.56858E-01  0.00000E+00  0.00000E+00  0.00000E+00  0.00000E+00  0.00000E+00  0.00000E+00  0.00000E+00  0.00000E+00  1.56858E-01  1.56858E-01  1.56858E-01  1.56858E-01  1.56858E-01  1.56858E-01  1.56858E-01  1.56858E-01  1.56858E-01  1.56858E-01  1.56858E-01
   31636   2  0.00000E+00  0.00000E+00  0.00000E+00  0.00000E+00  0.00000E+00  0.00000E+00  0.00000E+00  0.00000E+00  0.00000E+00  0.00000E+00  0.00000E+00  0.00000E+00  0.00000E+00  0.00000E+00  0.00000E+00  0.00000E+00  0.00000E+00  0.00000E+00  0.00000E+00  0.00000E+00  0.00000E+00  0.00000E+00  0.00000E+00  0.00000E+00
   32694   3  0.00000E+00  0.00000E+00  0.00000E+00  0.00000E+00  0.00000E+00  0.00000E+00  0.00000E+00  0.00000E+00  0.00000E+00  0.00000E+00  0.00000E+00  0.00000E+00  0.00000E+00  0.00000E+00  0.00000E+00  0.00000E+00  0.00000E+00  0.00000E+00  0.00000E+00  0.00000E+00  0.00000E+00  0.00000E+00  0.00000E+00  0.00000E+00
   17888   3  0.00000E+00  0.00000E+00  0.00000E+00  0.00000E+00  0.00000E+00  0.00000E+00  0.00000E+00  0.00000E+00  0.00000E+00  0.00000E+00  0.00000E+00  0.00000E+00  0.00000E+00  0.00000E+00  0.00000E+00  0.00000E+00  0.00000E+00  0.00000E+00  0.00000E+00  0.00000E+00  0.00000E+00  0.00000E+00  0.00000E+00  0.00000E+00
   19303   4  8.39097E-06  8.39097E-06  8.39097E-06  8.39097E-06  8.39097E-06  8.39097E-06  8.39097E-06  8.39097E-06  8.39097E-06  8.39097E-06  8.39097E-06  8.39097E-06  8.39097E-06  8.39097E-06  8.39097E-06  8.39097E-06  8.39097E-06  8.39097E-06  8.39097E-06  8.39097E-06  8.39097E-06  8.39097E-06  8.39097E-06  8.39097E-06
   20352   4  0.00000E+00  0.00000E+00  0.00000E+00  0.00000E+00  0.00000E+00  0.00000E+00  0.00000E+00  0.00000E+00  0.00000E+00  0.00000E+00  0.00000E+00  0.00000E+00  0.00000E+00  0.00000E+00  0.00000E+00  0.00000E+00  0.00000E+00  0.00000E+00  0.00000E+00  0.00000E+00  0.00000E+00  0.00000E+00  0.00000E+00  0.00000E+00
   20352   7  0.00000E+00  0.00000E+00  0.00000E+00  0.00000E+00  0.00000E+00  0.00000E+00  0.00000E+00  0.00000E+00  0.00000E+00  0.00000E+00  0.00000E+00  0.00000E+00  0.00000E+00  0.00000E+00  0.00000E+00  0.00000E+00  0.00000E+00  0.00000E+00  0.00000E+00  0.00000E+00  0.00000E+00  0.00000E+00  0.00000E+00  0.00000E+00
   24938   4  1.31184E-03  1.31184E-03  1.31184E-03  1.31184E-03  1.31184E-03  1.31184E-03  1.31184E-03  1.31184E-03  1.31184E-03  1.31184E-03  1.31184E-03  1.31184E-03  1.31184E-03  1.31184E-03  1.31184E-03  1.31184E-03  1.31184E-03  1.31184E-03  1.31184E-03  1.31184E-03  1.31184E-03  1.31184E-03  1.31184E-03  1.31184E-03
   24938   3  2.40800E-02  2.40800E-02  2.40800E-02  2.40800E-02  2.40800E-02  2.40800E-02  2.40800E-02  2.40800E-02  2.40800E-02  2.40800E-02  2.40800E-02  2.40800E-02  2.40800E-02  2.40800E-02  2.40800E-02  2.40800E-02  2.40800E-02  2.40800E-02  2.40800E-02  2.40800E-02  2.40800E-02  2.40800E-02  2.40800E-02  2.40800E-02
   24938   2  0.00000E+00  0.00000E+00  0.00000E+00  0.00000E+00  0.00000E+00  0.00000E+00  0.00000E+00  0.00000E+00  0.00000E+00  0.00000E+00  0.00000E+00  0.00000E+00  0.00000E+00  0.00000E+00  0.00000E+00  0.00000E+00  0.00000E+00  0.00000E+00  0.00000E+00  0.00000E+00  0.00000E+00  0.00000E+00  0.00000E+00  0.00000E+00
   24938   7  0.00000E+00  0.00000E+00  0.00000E+00  0.00000E+00  0.00000E+00  0.00000E+00  0.00000E+00  0.00000E+00  0.00000E+00  0.00000E+00  0.00000E+00  0.00000E+00  0.00000E+00  0.00000E+00  0.00000E+00  0.00000E+00  0.00000E+00  0.00000E+00  0.00000E+00  0.00000E+00  0.00000E+00  0.00000E+00  0.00000E+00  0.00000E+00
   31639   3  2.24745E+00  2.24745E+00  2.24745E+00  2.24745E+00  2.24745E+00  0.00000E+00  0.00000E+00  0.00000E+00  0.00000E+00  0.00000E+00  0.00000E+00  0.00000E+00  0.00000E+00  2.24745E+00  2.24745E+00  2.24745E+00  2.24745E+00  2.24745E+00  2.24745E+00  2.24745E+00  2.24745E+00  2.24745E+00  2.24745E+00  2.24745E+00
   13317   4  3.01032E-03  3.01032E-03  3.01032E-03  3.01032E-03  3.01032E-03  3.01032E-03  3.01032E-03  3.01032E-03  3.01032E-03  3.01032E-03  3.01032E-03  3.01032E-03  3.01032E-03  3.01032E-03  3.01032E-03  3.01032E-03  3.01032E-03  3.01032E-03  3.01032E-03  3.01032E-03  3.01032E-03  3.01032E-03  3.01032E-03  3.01032E-03
   12967   4  4.29105E-04  4.29105E-04  4.29105E-04  4.29105E-04  4.29105E-04  4.29105E-04  4.29105E-04  4.29105E-04  4.29105E-04  4.29105E-04  4.29105E-04  4.29105E-04  4.29105E-04  4.29105E-04  4.29105E-04  4.29105E-04  4.29105E-04  4.29105E-04  4.29105E-04  4.29105E-04  4.29105E-04  4.29105E-04  4.29105E-04  4.29105E-04
   12967   3  0.00000E+00  0.00000E+00  0.00000E+00  0.00000E+00  0.00000E+00  0.00000E+00  0.00000E+00  0.00000E+00  0.00000E+00  0.00000E+00  0.00000E+00  0.00000E+00  0.00000E+00  1.69190E-03  1.69190E-03  1.69190E-03  1.69190E-03  1.69190E-03  1.69190E-03  1.69190E-03  1.69190E-03  0.00000E+00  0.00000E+00  0.00000E+00
   26700   3  0.00000E+00  0.00000E+00  0.00000E+00  0.00000E+00  0.00000E+00  0.00000E+00  0.00000E+00  0.00000E+00  0.00000E+00  0.00000E+00  0.00000E+00  0.00000E+00  0.00000E+00  0.00000E+00  0.00000E+00  0.00000E+00  0.00000E+00  0.00000E+00  0.00000E+00  0.00000E+00  0.00000E+00  0.00000E+00  0.00000E+00  0.00000E+00
   16475   3  0.00000E+00  0.00000E+00  0.00000E+00  0.00000E+00  0.00000E+00  0.00000E+00  0.00000E+00  0.00000E+00  0.00000E+00  0.00000E+00  0.00000E+00  0.00000E+00  0.00000E+00  0.00000E+00  0.00000E+00  0.00000E+00  0.00000E+00  0.00000E+00  0.00000E+00  0.00000E+00  0.00000E+00  0.00000E+00  0.00000E+00  0.00000E+00
   16475   2  0.00000E+00  0.00000E+00  0.00000E+00  0.00000E+00  0.00000E+00  0.00000E+00  0.00000E+00  0.00000E+00  0.00000E+00  0.00000E+00  0.00000E+00  0.00000E+00  0.00000E+00  0.00000E+00  0.00000E+00  0.00000E+00  0.00000E+00  0.00000E+00  0.00000E+00  0.00000E+00  0.00000E+00  0.00000E+00  0.00000E+00  0.00000E+00
   16481   3  0.00000E+00  0.00000E+00  0.00000E+00  0.00000E+00  0.00000E+00  0.00000E+00  0.00000E+00  0.00000E+00  0.00000E+00  0.00000E+00  0.00000E+00  0.00000E+00  0.00000E+00  0.00000E+00  0.00000E+00  0.00000E+00  0.00000E+00  0.00000E+00  0.00000E+00  0.00000E+00  0.00000E+00  0.00000E+00  0.00000E+00  0.00000E+00
   16481   7  0.00000E+00  0.00000E+00  0.00000E+00  0.00000E+00  0.00000E+00  0.00000E+00  0.00000E+00  0.00000E+00  0.00000E+00  0.00000E+00  0.00000E+00  0.00000E+00  0.00000E+00  0.00000E+00  0.00000E+00  0.00000E+00  0.00000E+00  0.00000E+00  0.00000E+00  0.00000E+00  0.00000E+00  0.00000E+00  0.00000E+00  0.00000E+00
   25290   6  0.00000E+00  0.00000E+00  0.00000E+00  0.00000E+00  0.00000E+00  0.00000E+00  0.00000E+00  0.00000E+00  0.00000E+00  0.00000E+00  0.00000E+00  0.00000E+00  0.00000E+00  0.00000E+00  0.00000E+00  0.00000E+00  0.00000E+00  0.00000E+00  0.00000E+00  0.00000E+00  0.00000E+00  0.00000E+00  0.00000E+00  0.00000E+00
   25290   3  0.00000E+00  0.00000E+00  0.00000E+00  0.00000E+00  0.00000E+00  0.00000E+00  0.00000E+00  0.00000E+00  0.00000E+00  0.00000E+00  0.00000E+00  0.00000E+00  0.00000E+00  0.00000E+00  0.00000E+00  0.00000E+00  0.00000E+00  0.00000E+00  0.00000E+00  0.00000E+00  0.00000E+00  0.00000E+00  0.00000E+00  0.00000E+00
   26704   4  1.47122E-04  1.47122E-04  1.47122E-04  1.47122E-04  1.47122E-04  1.47122E-04  1.47122E-04  1.47122E-04  1.47122E-04  1.47122E-04  1.47122E-04  1.47122E-04  1.47122E-04  1.47122E-04  1.47122E-04  1.47122E-04  1.47122E-04  1.47122E-04  1.47122E-04  1.47122E-04  1.47122E-04  1.47122E-04  1.47122E-04  1.47122E-04
   26704   2  0.00000E+00  0.00000E+00  0.00000E+00  0.00000E+00  0.00000E+00  0.00000E+00  0.00000E+00  0.00000E+00  0.00000E+00  0.00000E+00  0.00000E+00  0.00000E+00  0.00000E+00  0.00000E+00  0.00000E+00  0.00000E+00  0.00000E+00  0.00000E+00  0.00000E+00  0.00000E+00  0.00000E+00  0.00000E+00  0.00000E+00  0.00000E+00
   20009   2  0.00000E+00  0.00000E+00  0.00000E+00  0.00000E+00  0.00000E+00  0.00000E+00  0.00000E+00  0.00000E+00  0.00000E+00  0.00000E+00  0.00000E+00  0.00000E+00  0.00000E+00  0.00000E+00  0.00000E+00  0.00000E+00  0.00000E+00  0.00000E+00  0.00000E+00  0.00000E+00  0.00000E+00  0.00000E+00  0.00000E+00  0.00000E+00
   20362   3  0.00000E+00  0.00000E+00  0.00000E+00  0.00000E+00  0.00000E+00  0.00000E+00  0.00000E+00  0.00000E+00  0.00000E+00  0.00000E+00  0.00000E+00  0.00000E+00  0.00000E+00  0.00000E+00  0.00000E+00  0.00000E+00  0.00000E+00  0.00000E+00  0.00000E+00  0.00000E+00  0.00000E+00  0.00000E+00  0.00000E+00  0.00000E+00
   20362   2  0.00000E+00  0.00000E+00  0.00000E+00  0.00000E+00  0.00000E+00  0.00000E+00  0.00000E+00  0.00000E+00  0.00000E+00  0.00000E+00  0.00000E+00  0.00000E+00  0.00000E+00  0.00000E+00  0.00000E+00  0.00000E+00  0.00000E+00  0.00000E+00  0.00000E+00  0.00000E+00  0.00000E+00  0.00000E+00  0.00000E+00  0.00000E+00
   19305   3  1.56930E-03  1.56930E-03  1.56930E-03  1.56930E-03  1.56930E-03  1.56930E-03  1.56930E-03  1.56930E-03  1.56930E-03  1.56930E-03  1.56930E-03  1.56930E-03  1.56930E-03  1.56930E-03  1.56930E-03  1.56930E-03  1.56930E-03  1.56930E-03  1.56930E-03  1.56930E-03  1.56930E-03  1.56930E-03  1.56930E-03  1.56930E-03
   19305   4  1.38880E-01  1.38880E-01  1.38880E-01  1.38880E-01  1.38880E-01  1.38880E-01  1.38880E-01  1.38880E-01  1.38880E-01  1.38880E-01  1.38880E-01  1.38880E-01  1.38880E-01  1.38880E-01  1.38880E-01  1.38880E-01  1.38880E-01  1.38880E-01  1.38880E-01  1.38880E-01  1.38880E-01  1.38880E-01  1.38880E-01  1.38880E-01
   19305   5  0.00000E+00  0.00000E+00  0.00000E+00  0.00000E+00  0.00000E+00  0.00000E+00  0.00000E+00  0.00000E+00  0.00000E+00  0.00000E+00  0.00000E+00  0.00000E+00  0.00000E+00  0.00000E+00  0.00000E+00  0.00000E+00  0.00000E+00  0.00000E+00  0.00000E+00  0.00000E+00  0.00000E+00  0.00000E+00  0.00000E+00  0.00000E+00
   19306   3  0.00000E+00  0.00000E+00  0.00000E+00  0.00000E+00  0.00000E+00  0.00000E+00  0.00000E+00  0.00000E+00  0.00000E+00  0.00000E+00  0.00000E+00  0.00000E+00  0.00000E+00  0.00000E+00  0.00000E+00  0.00000E+00  0.00000E+00  0.00000E+00  0.00000E+00  0.00000E+00  0.00000E+00  0.00000E+00  0.00000E+00  0.00000E+00
   19306   7  0.00000E+00  0.00000E+00  0.00000E+00  0.00000E+00  0.00000E+00  0.00000E+00  0.00000E+00  0.00000E+00  0.00000E+00  0.00000E+00  0.00000E+00  0.00000E+00  0.00000E+00  0.00000E+00  0.00000E+00  0.00000E+00  0.00000E+00  0.00000E+00  0.00000E+00  0.00000E+00  0.00000E+00  0.00000E+00  0.00000E+00  0.00000E+00
   29869   3  0.00000E+00  0.00000E+00  0.00000E+00  0.00000E+00  0.00000E+00  0.00000E+00  0.00000E+00  0.00000E+00  0.00000E+00  0.00000E+00  0.00000E+00  0.00000E+00  0.00000E+00  0.00000E+00  0.00000E+00  0.00000E+00  0.00000E+00  0.00000E+00  0.00000E+00  0.00000E+00  0.00000E+00  0.00000E+00  0.00000E+00  0.00000E+00
   15423   5  0.00000E+00  0.00000E+00  0.00000E+00  0.00000E+00  0.00000E+00  0.00000E+00  0.00000E+00  0.00000E+00  0.00000E+00  0.00000E+00  0.00000E+00  0.00000E+00  0.00000E+00  0.00000E+00  0.00000E+00  0.00000E+00  0.00000E+00  0.00000E+00  0.00000E+00  0.00000E+00  0.00000E+00  0.00000E+00  0.00000E+00  0.00000E+00
   15071   2  0.00000E+00  0.00000E+00  0.00000E+00  0.00000E+00  0.00000E+00  0.00000E+00  0.00000E+00  0.00000E+00  0.00000E+00  0.00000E+00  0.00000E+00  0.00000E+00  0.00000E+00  0.00000E+00  0.00000E+00  0.00000E+00  0.00000E+00  0.00000E+00  0.00000E+00  0.00000E+00  0.00000E+00  0.00000E+00  0.00000E+00  0.00000E+00
   15423   3  0.00000E+00  0.00000E+00  0.00000E+00  0.00000E+00  0.00000E+00  0.00000E+00  0.00000E+00  0.00000E+00  0.00000E+00  0.00000E+00  0.00000E+00  0.00000E+00  0.00000E+00  0.00000E+00  0.00000E+00  0.00000E+00  0.00000E+00  0.00000E+00  0.00000E+00  0.00000E+00  0.00000E+00  0.00000E+00  0.00000E+00  0.00000E+00
   15423   2  0.00000E+00  0.00000E+00  0.00000E+00  0.00000E+00  0.00000E+00  0.00000E+00  0.00000E+00  0.00000E+00  0.00000E+00  0.00000E+00  0.00000E+00  0.00000E+00  0.00000E+00  0.00000E+00  0.00000E+00  0.00000E+00  0.00000E+00  0.00000E+00  0.00000E+00  0.00000E+00  0.00000E+00  0.00000E+00  0.00000E+00  0.00000E+00
   29174   3  0.00000E+00  0.00000E+00  0.00000E+00  0.00000E+00  0.00000E+00  0.00000E+00  0.00000E+00  0.00000E+00  0.00000E+00  0.00000E+00  0.00000E+00  0.00000E+00  0.00000E+00  0.00000E+00  0.00000E+00  0.00000E+00  0.00000E+00  0.00000E+00  0.00000E+00  0.00000E+00  0.00000E+00  0.00000E+00  0.00000E+00  0.00000E+00
   29174   2  0.00000E+00  0.00000E+00  0.00000E+00  0.00000E+00  0.00000E+00  0.00000E+00  0.00000E+00  0.00000E+00  0.00000E+00  0.00000E+00  0.00000E+00  0.00000E+00  0.00000E+00  0.00000E+00  0.00000E+00  0.00000E+00  0.00000E+00  0.00000E+00  0.00000E+00  0.00000E+00  0.00000E+00  0.00000E+00  0.00000E+00  0.00000E+00
   28558   3  1.64446E-02  1.64446E-02  1.64446E-02  1.64446E-02  1.64446E-02  9.43909E-03  9.43909E-03  9.43909E-03  9.43909E-03  9.43909E-03  9.43909E-03  9.43909E-03  9.43909E-03  1.64446E-02  1.64446E-02  1.64446E-02  1.64446E-02  1.64446E-02  1.64446E-02  1.64446E-02  1.64446E-02  1.64446E-02  1.64446E-02  1.64446E-02
   28558   4  6.87547E-02  6.87547E-02  6.87547E-02  6.87547E-02  6.87547E-02  6.87547E-02  6.87547E-02  6.87547E-02  6.87547E-02  6.87547E-02  6.87547E-02  6.87547E-02  6.87547E-02  6.87547E-02  6.87547E-02  6.87547E-02  6.87547E-02  6.87547E-02  6.87547E-02  6.87547E-02  6.87547E-02  6.87547E-02  6.87547E-02  6.87547E-02
   28558   2  0.00000E+00  0.00000E+00  0.00000E+00  0.00000E+00  0.00000E+00  0.00000E+00  0.00000E+00  0.00000E+00  0.00000E+00  0.00000E+00  0.00000E+00  0.00000E+00  0.00000E+00  0.00000E+00  0.00000E+00  0.00000E+00  0.00000E+00  0.00000E+00  0.00000E+00  0.00000E+00  0.00000E+00  0.00000E+00  0.00000E+00  0.00000E+00
   28911   3  0.00000E+00  0.00000E+00  0.00000E+00  0.00000E+00  0.00000E+00  0.00000E+00  0.00000E+00  0.00000E+00  0.00000E+00  0.00000E+00  0.00000E+00  0.00000E+00  0.00000E+00  0.00000E+00  0.00000E+00  0.00000E+00  0.00000E+00  0.00000E+00  0.00000E+00  0.00000E+00  0.00000E+00  0.00000E+00  0.00000E+00  0.00000E+00
   29621   4  3.95815E-03  3.95815E-03  3.95815E-03  3.95815E-03  3.95815E-03  3.95815E-03  3.95815E-03  3.95815E-03  3.95815E-03  3.95815E-03  3.95815E-03  3.95815E-03  3.95815E-03  3.95815E-03  3.95815E-03  3.95815E-03  3.95815E-03  3.95815E-03  3.95815E-03  3.95815E-03  3.95815E-03  3.95815E-03  3.95815E-03  3.95815E-03
   29616   7  0.00000E+00  0.00000E+00  0.00000E+00  0.00000E+00  0.00000E+00  0.00000E+00  0.00000E+00  0.00000E+00  0.00000E+00  0.00000E+00  0.00000E+00  0.00000E+00  0.00000E+00  0.00000E+00  0.00000E+00  0.00000E+00  0.00000E+00  0.00000E+00  0.00000E+00  0.00000E+00  0.00000E+00  0.00000E+00  0.00000E+00  0.00000E+00
   28204   3  3.02814E-03  3.02814E-03  3.02814E-03  3.02814E-03  3.02814E-03  0.00000E+00  0.00000E+00  0.00000E+00  0.00000E+00  0.00000E+00  0.00000E+00  0.00000E+00  0.00000E+00  3.02814E-03  3.02814E-03  3.02814E-03  3.02814E-03  3.02814E-03  3.02814E-03  3.02814E-03  3.02814E-03  3.02814E-03  3.02814E-03  3.02814E-03
   28204   4  0.00000E+00  0.00000E+00  0.00000E+00  0.00000E+00  0.00000E+00  0.00000E+00  0.00000E+00  0.00000E+00  0.00000E+00  0.00000E+00  0.00000E+00  0.00000E+00  0.00000E+00  0.00000E+00  0.00000E+00  0.00000E+00  0.00000E+00  0.00000E+00  0.00000E+00  0.00000E+00  0.00000E+00  0.00000E+00  0.00000E+00  0.00000E+00
   28204   7  0.00000E+00  0.00000E+00  0.00000E+00  0.00000E+00  0.00000E+00  0.00000E+00  0.00000E+00  0.00000E+00  0.00000E+00  0.00000E+00  0.00000E+00  0.00000E+00  0.00000E+00  0.00000E+00  0.00000E+00  0.00000E+00  0.00000E+00  0.00000E+00  0.00000E+00  0.00000E+00  0.00000E+00  0.00000E+00  0.00000E+00  0.00000E+00
   28221   3  0.00000E+00  0.00000E+00  0.00000E+00  0.00000E+00  0.00000E+00  0.00000E+00  0.00000E+00  0.00000E+00  0.00000E+00  0.00000E+00  0.00000E+00  0.00000E+00  0.00000E+00  0.00000E+00  0.00000E+00  0.00000E+00  0.00000E+00  0.00000E+00  0.00000E+00  0.00000E+00  0.00000E+00  0.00000E+00  0.00000E+00  0.00000E+00
   28221   2  0.00000E+00  0.00000E+00  0.00000E+00  0.00000E+00  0.00000E+00  0.00000E+00  0.00000E+00  0.00000E+00  0.00000E+00  0.00000E+00  0.00000E+00  0.00000E+00  0.00000E+00  0.00000E+00  0.00000E+00  0.00000E+00  0.00000E+00  0.00000E+00  0.00000E+00  0.00000E+00  0.00000E+00  0.00000E+00  0.00000E+00  0.00000E+00
   36171   3  6.81220E-04  6.81220E-04  6.81220E-04  6.81220E-04  6.81220E-04  6.81220E-04  6.81220E-04  6.81220E-04  6.81220E-04  6.81220E-04  6.81220E-04  6.81220E-04  6.81220E-04  6.81220E-04  6.81220E-04  6.81220E-04  6.81220E-04  6.81220E-04  6.81220E-04  6.81220E-04  6.81220E-04  6.81220E-04  6.81220E-04  6.81220E-04
   34059   3  1.61027E-04  1.61027E-04  1.61027E-04  1.61027E-04  1.61027E-04  1.61027E-04  1.61027E-04  1.61027E-04  1.61027E-04  1.61027E-04  1.61027E-04  1.61027E-04  1.61027E-04  1.61027E-04  1.61027E-04  1.61027E-04  1.61027E-04  1.61027E-04  1.61027E-04  1.61027E-04  1.61027E-04  1.61027E-04  1.61027E-04  1.61027E-04
   34059   7  0.00000E+00  0.00000E+00  0.00000E+00  0.00000E+00  0.00000E+00  0.00000E+00  0.00000E+00  0.00000E+00  0.00000E+00  0.00000E+00  0.00000E+00  0.00000E+00  0.00000E+00  0.00000E+00  0.00000E+00  0.00000E+00  0.00000E+00  0.00000E+00  0.00000E+00  0.00000E+00  0.00000E+00  0.00000E+00  0.00000E+00  0.00000E+00
   35117   4  0.00000E+00  0.00000E+00  0.00000E+00  0.00000E+00  0.00000E+00  0.00000E+00  0.00000E+00  0.00000E+00  0.00000E+00  0.00000E+00  0.00000E+00  0.00000E+00  0.00000E+00  0.00000E+00  0.00000E+00  0.00000E+00  0.00000E+00  0.00000E+00  0.00000E+00  0.00000E+00  0.00000E+00  0.00000E+00  0.00000E+00  0.00000E+00
   37574   3  2.62219E-04  2.62219E-04  2.62219E-04  2.62219E-04  2.62219E-04  2.62219E-04  2.62219E-04  2.62219E-04  2.62219E-04  2.62219E-04  2.62219E-04  2.62219E-04  2.62219E-04  2.62219E-04  2.62219E-04  2.62219E-04  2.62219E-04  2.62219E-04  2.62219E-04  2.62219E-04  2.62219E-04  2.62219E-04  2.62219E-04  2.62219E-04
   37927   3  4.16221E-05  4.16221E-05  4.16221E-05  4.16221E-05  4.16221E-05  4.16221E-05  4.16221E-05  4.16221E-05  4.16221E-05  4.16221E-05  4.16221E-05  4.16221E-05  4.16221E-05  4.16221E-05  4.16221E-05  4.16221E-05  4.16221E-05  4.16221E-05  4.16221E-05  4.16221E-05  4.16221E-05  4.16221E-05  4.16221E-05  4.16221E-05
   34411   3  8.14480E-05  8.14480E-05  8.14480E-05  8.14480E-05  8.14480E-05  8.14480E-05  8.14480E-05  8.14480E-05  8.14480E-05  8.14480E-05  8.14480E-05  8.14480E-05  8.14480E-05  8.14480E-05  8.14480E-05  8.14480E-05  8.14480E-05  8.14480E-05  8.14480E-05  8.14480E-05  8.14480E-05  8.14480E-05  8.14480E-05  8.14480E-05
   34765   3  1.10881E-05  1.10881E-05  1.10881E-05  1.10881E-05  1.10881E-05  1.10881E-05  1.10881E-05  1.10881E-05  1.10881E-05  1.10881E-05  1.10881E-05  1.10881E-05  1.10881E-05  1.10881E-05  1.10881E-05  1.10881E-05  1.10881E-05  1.10881E-05  1.10881E-05  1.10881E-05  1.10881E-05  1.10881E-05  1.10881E-05  1.10881E-05
