KET ,RADM-2, Emissions
         909 ,2005-03-16_00:00:00,SAT
   47145   3  0.00000E+00  0.00000E+00  0.00000E+00  0.00000E+00  0.00000E+00  0.00000E+00  0.00000E+00  0.00000E+00  0.00000E+00  0.00000E+00  0.00000E+00  0.00000E+00  0.00000E+00  0.00000E+00  0.00000E+00  0.00000E+00  0.00000E+00  0.00000E+00  0.00000E+00  0.00000E+00  0.00000E+00  0.00000E+00  0.00000E+00  0.00000E+00
   46441   2  5.21047E+02  5.21047E+02  5.21047E+02  5.21047E+02  5.21047E+02  5.21047E+02  5.21047E+02  5.21047E+02  5.21047E+02  5.21047E+02  5.21047E+02  5.21047E+02  5.21047E+02  5.21047E+02  5.21047E+02  5.21047E+02  5.21047E+02  5.21047E+02  5.21047E+02  5.21047E+02  5.21047E+02  5.21047E+02  5.21047E+02  5.21047E+02
   46441   3  1.92627E+01  1.92627E+01  1.92627E+01  1.92627E+01  1.92627E+01  1.92627E+01  1.92627E+01  1.92627E+01  1.92627E+01  1.92627E+01  1.92627E+01  1.92627E+01  1.92627E+01  1.92627E+01  1.92627E+01  1.92627E+01  1.92627E+01  1.92627E+01  1.92627E+01  1.92627E+01  1.92627E+01  1.92627E+01  1.92627E+01  1.92627E+01
   76270   4  7.24491E+01  7.24491E+01  7.24491E+01  7.24491E+01  7.24491E+01  7.24491E+01  7.24491E+01  7.24491E+01  7.24491E+01  7.24491E+01  7.24491E+01  7.24491E+01  7.24491E+01  7.24491E+01  7.24491E+01  7.24491E+01  7.24491E+01  7.24491E+01  7.24491E+01  7.24491E+01  7.24491E+01  7.24491E+01  7.24491E+01  7.24491E+01
   76270   3  0.00000E+00  0.00000E+00  0.00000E+00  0.00000E+00  0.00000E+00  0.00000E+00  0.00000E+00  0.00000E+00  0.00000E+00  0.00000E+00  0.00000E+00  0.00000E+00  0.00000E+00  0.00000E+00  0.00000E+00  0.00000E+00  0.00000E+00  0.00000E+00  0.00000E+00  0.00000E+00  0.00000E+00  0.00000E+00  0.00000E+00  0.00000E+00
   76270   7  0.00000E+00  0.00000E+00  0.00000E+00  0.00000E+00  0.00000E+00  0.00000E+00  0.00000E+00  0.00000E+00  0.00000E+00  0.00000E+00  0.00000E+00  0.00000E+00  0.00000E+00  0.00000E+00  0.00000E+00  0.00000E+00  0.00000E+00  0.00000E+00  0.00000E+00  0.00000E+00  0.00000E+00  0.00000E+00  0.00000E+00  0.00000E+00
   79107   3  1.60795E-04  1.60795E-04  1.60795E-04  1.60795E-04  1.60795E-04  1.60795E-04  1.60795E-04  1.60795E-04  1.60795E-04  1.60795E-04  1.60795E-04  1.60795E-04  1.60795E-04  1.60795E-04  1.60795E-04  1.60795E-04  1.60795E-04  1.60795E-04  1.60795E-04  1.60795E-04  1.60795E-04  1.60795E-04  1.60795E-04  1.60795E-04
   79108   3  0.00000E+00  0.00000E+00  0.00000E+00  0.00000E+00  0.00000E+00  0.00000E+00  0.00000E+00  0.00000E+00  0.00000E+00  0.00000E+00  0.00000E+00  0.00000E+00  0.00000E+00  0.00000E+00  0.00000E+00  0.00000E+00  0.00000E+00  0.00000E+00  0.00000E+00  0.00000E+00  0.00000E+00  0.00000E+00  0.00000E+00  0.00000E+00
   72399   3  9.00259E-04  9.00259E-04  9.00259E-04  9.00259E-04  9.00259E-04  9.00259E-04  9.00259E-04  9.00259E-04  9.00259E-04  9.00259E-04  9.00259E-04  9.00259E-04  9.00259E-04  9.00259E-04  9.00259E-04  9.00259E-04  9.00259E-04  9.00259E-04  9.00259E-04  9.00259E-04  9.00259E-04  9.00259E-04  9.00259E-04  9.00259E-04
   79107   4  3.05600E+00  3.05600E+00  3.05600E+00  3.05600E+00  3.05600E+00  3.05600E+00  3.05600E+00  3.05600E+00  3.05600E+00  3.05600E+00  3.05600E+00  3.05600E+00  3.05600E+00  3.05600E+00  3.05600E+00  3.05600E+00  3.05600E+00  3.05600E+00  3.05600E+00  3.05600E+00  3.05600E+00  3.05600E+00  3.05600E+00  3.05600E+00
   79106   4  8.36683E+00  8.36683E+00  8.36683E+00  8.36683E+00  8.36683E+00  8.36683E+00  8.36683E+00  8.36683E+00  8.36683E+00  8.36683E+00  8.36683E+00  8.36683E+00  8.36683E+00  8.36683E+00  8.36683E+00  8.36683E+00  8.36683E+00  8.36683E+00  8.36683E+00  8.36683E+00  8.36683E+00  8.36683E+00  8.36683E+00  8.36683E+00
   78754   3  1.09897E-04  1.09897E-04  1.09897E-04  1.09897E-04  1.09897E-04  1.09897E-04  1.09897E-04  1.09897E-04  1.09897E-04  1.09897E-04  1.09897E-04  1.09897E-04  1.09897E-04  1.09897E-04  1.09897E-04  1.09897E-04  1.09897E-04  1.09897E-04  1.09897E-04  1.09897E-04  1.09897E-04  1.09897E-04  1.09897E-04  1.09897E-04
   78754   4  0.00000E+00  0.00000E+00  0.00000E+00  0.00000E+00  0.00000E+00  0.00000E+00  0.00000E+00  0.00000E+00  0.00000E+00  0.00000E+00  0.00000E+00  0.00000E+00  0.00000E+00  0.00000E+00  0.00000E+00  0.00000E+00  0.00000E+00  0.00000E+00  0.00000E+00  0.00000E+00  0.00000E+00  0.00000E+00  0.00000E+00  0.00000E+00
   78755   3  0.00000E+00  0.00000E+00  0.00000E+00  0.00000E+00  0.00000E+00  0.00000E+00  0.00000E+00  0.00000E+00  0.00000E+00  0.00000E+00  0.00000E+00  0.00000E+00  0.00000E+00  0.00000E+00  0.00000E+00  0.00000E+00  0.00000E+00  0.00000E+00  0.00000E+00  0.00000E+00  0.00000E+00  0.00000E+00  0.00000E+00  0.00000E+00
   79107   7  0.00000E+00  0.00000E+00  0.00000E+00  0.00000E+00  0.00000E+00  0.00000E+00  0.00000E+00  0.00000E+00  0.00000E+00  0.00000E+00  0.00000E+00  0.00000E+00  0.00000E+00  0.00000E+00  0.00000E+00  3.43217E+00  3.43217E+00  3.43217E+00  3.43217E+00  3.43217E+00  3.43217E+00  3.43217E+00  3.43217E+00  0.00000E+00
   78738   4  0.00000E+00  0.00000E+00  0.00000E+00  0.00000E+00  0.00000E+00  0.00000E+00  0.00000E+00  0.00000E+00  0.00000E+00  0.00000E+00  0.00000E+00  0.00000E+00  0.00000E+00  0.00000E+00  0.00000E+00  0.00000E+00  0.00000E+00  0.00000E+00  0.00000E+00  0.00000E+00  0.00000E+00  0.00000E+00  0.00000E+00  0.00000E+00
   78383   3  0.00000E+00  0.00000E+00  0.00000E+00  0.00000E+00  0.00000E+00  0.00000E+00  0.00000E+00  0.00000E+00  0.00000E+00  0.00000E+00  0.00000E+00  0.00000E+00  0.00000E+00  0.00000E+00  0.00000E+00  0.00000E+00  0.00000E+00  0.00000E+00  0.00000E+00  0.00000E+00  0.00000E+00  0.00000E+00  0.00000E+00  0.00000E+00
   78383   2  0.00000E+00  0.00000E+00  0.00000E+00  0.00000E+00  0.00000E+00  0.00000E+00  0.00000E+00  0.00000E+00  0.00000E+00  0.00000E+00  0.00000E+00  0.00000E+00  0.00000E+00  0.00000E+00  0.00000E+00  0.00000E+00  0.00000E+00  0.00000E+00  0.00000E+00  0.00000E+00  0.00000E+00  0.00000E+00  0.00000E+00  0.00000E+00
   78383   6  0.00000E+00  0.00000E+00  0.00000E+00  0.00000E+00  0.00000E+00  0.00000E+00  0.00000E+00  0.00000E+00  0.00000E+00  0.00000E+00  0.00000E+00  0.00000E+00  0.00000E+00  0.00000E+00  0.00000E+00  0.00000E+00  0.00000E+00  0.00000E+00  0.00000E+00  0.00000E+00  0.00000E+00  0.00000E+00  0.00000E+00  0.00000E+00
   78032   5  0.00000E+00  0.00000E+00  0.00000E+00  0.00000E+00  0.00000E+00  0.00000E+00  0.00000E+00  0.00000E+00  0.00000E+00  0.00000E+00  0.00000E+00  0.00000E+00  0.00000E+00  0.00000E+00  0.00000E+00  0.00000E+00  0.00000E+00  0.00000E+00  0.00000E+00  0.00000E+00  0.00000E+00  0.00000E+00  0.00000E+00  0.00000E+00
   51367   3  1.46650E-03  1.46650E-03  1.46650E-03  1.46650E-03  1.46650E-03  1.46650E-03  1.46650E-03  1.46650E-03  1.46650E-03  1.46650E-03  1.46650E-03  1.46650E-03  1.46650E-03  1.46650E-03  1.46650E-03  1.46650E-03  1.46650E-03  1.46650E-03  1.46650E-03  1.46650E-03  1.46650E-03  1.46650E-03  1.46650E-03  1.46650E-03
   52419   3  0.00000E+00  0.00000E+00  0.00000E+00  0.00000E+00  0.00000E+00  0.00000E+00  0.00000E+00  0.00000E+00  0.00000E+00  0.00000E+00  0.00000E+00  0.00000E+00  0.00000E+00  0.00000E+00  0.00000E+00  0.00000E+00  0.00000E+00  0.00000E+00  0.00000E+00  0.00000E+00  0.00000E+00  0.00000E+00  0.00000E+00  0.00000E+00
   47111   3  0.00000E+00  0.00000E+00  0.00000E+00  0.00000E+00  0.00000E+00  0.00000E+00  0.00000E+00  0.00000E+00  0.00000E+00  0.00000E+00  0.00000E+00  0.00000E+00  0.00000E+00  0.00000E+00  0.00000E+00  0.00000E+00  0.00000E+00  0.00000E+00  0.00000E+00  0.00000E+00  0.00000E+00  0.00000E+00  0.00000E+00  0.00000E+00
   52073   4  1.72530E-02  1.72530E-02  1.72530E-02  1.72530E-02  1.72530E-02  1.72530E-02  1.72530E-02  1.72530E-02  1.72530E-02  1.72530E-02  1.72530E-02  1.72530E-02  1.72530E-02  1.72530E-02  1.72530E-02  1.72530E-02  1.72530E-02  1.72530E-02  1.72530E-02  1.72530E-02  1.72530E-02  1.72530E-02  1.72530E-02  1.72530E-02
   52073   3  0.00000E+00  0.00000E+00  0.00000E+00  0.00000E+00  0.00000E+00  0.00000E+00  0.00000E+00  0.00000E+00  0.00000E+00  0.00000E+00  0.00000E+00  0.00000E+00  0.00000E+00  5.64873E-01  5.64873E-01  5.64873E-01  5.64873E-01  5.64873E-01  5.64873E-01  5.64873E-01  5.64873E-01  0.00000E+00  0.00000E+00  0.00000E+00
   52073   1  0.00000E+00  0.00000E+00  0.00000E+00  0.00000E+00  0.00000E+00  0.00000E+00  0.00000E+00  0.00000E+00  0.00000E+00  0.00000E+00  0.00000E+00  0.00000E+00  0.00000E+00  0.00000E+00  0.00000E+00  0.00000E+00  0.00000E+00  0.00000E+00  0.00000E+00  0.00000E+00  0.00000E+00  0.00000E+00  0.00000E+00  0.00000E+00
   52073   2  3.66633E+01  3.66633E+01  3.66633E+01  3.66633E+01  3.66633E+01  3.66633E+01  3.66633E+01  3.66633E+01  3.66633E+01  3.66633E+01  3.66633E+01  3.66633E+01  3.66633E+01  3.66633E+01  3.66633E+01  3.66633E+01  3.66633E+01  3.66633E+01  3.66633E+01  3.66633E+01  3.66633E+01  3.66633E+01  3.66633E+01  3.66633E+01
   52076   7  0.00000E+00  0.00000E+00  0.00000E+00  0.00000E+00  0.00000E+00  0.00000E+00  0.00000E+00  0.00000E+00  0.00000E+00  0.00000E+00  0.00000E+00  0.00000E+00  0.00000E+00  0.00000E+00  0.00000E+00  0.00000E+00  0.00000E+00  0.00000E+00  0.00000E+00  0.00000E+00  0.00000E+00  0.00000E+00  0.00000E+00  0.00000E+00
   56308   3  0.00000E+00  0.00000E+00  0.00000E+00  0.00000E+00  0.00000E+00  0.00000E+00  0.00000E+00  0.00000E+00  0.00000E+00  0.00000E+00  0.00000E+00  0.00000E+00  0.00000E+00  0.00000E+00  0.00000E+00  0.00000E+00  0.00000E+00  0.00000E+00  0.00000E+00  0.00000E+00  0.00000E+00  0.00000E+00  0.00000E+00  0.00000E+00
   57719   2  8.03975E-05  8.03975E-05  8.03975E-05  8.03975E-05  8.03975E-05  8.03975E-05  8.03975E-05  8.03975E-05  8.03975E-05  8.03975E-05  8.03975E-05  8.03975E-05  8.03975E-05  8.03975E-05  8.03975E-05  8.03975E-05  8.03975E-05  8.03975E-05  8.03975E-05  8.03975E-05  8.03975E-05  8.03975E-05  8.03975E-05  8.03975E-05
   58787   3  0.00000E+00  0.00000E+00  0.00000E+00  0.00000E+00  0.00000E+00  0.00000E+00  0.00000E+00  0.00000E+00  0.00000E+00  0.00000E+00  0.00000E+00  0.00000E+00  0.00000E+00  0.00000E+00  0.00000E+00  0.00000E+00  0.00000E+00  0.00000E+00  0.00000E+00  0.00000E+00  0.00000E+00  0.00000E+00  0.00000E+00  0.00000E+00
   58787   2  0.00000E+00  0.00000E+00  0.00000E+00  0.00000E+00  0.00000E+00  0.00000E+00  0.00000E+00  0.00000E+00  0.00000E+00  0.00000E+00  0.00000E+00  0.00000E+00  0.00000E+00  0.00000E+00  0.00000E+00  0.00000E+00  0.00000E+00  0.00000E+00  0.00000E+00  0.00000E+00  0.00000E+00  0.00000E+00  0.00000E+00  0.00000E+00
   52405   4  0.00000E+00  0.00000E+00  0.00000E+00  0.00000E+00  0.00000E+00  0.00000E+00  0.00000E+00  0.00000E+00  0.00000E+00  0.00000E+00  0.00000E+00  0.00000E+00  0.00000E+00  0.00000E+00  0.00000E+00  0.00000E+00  0.00000E+00  0.00000E+00  0.00000E+00  0.00000E+00  0.00000E+00  0.00000E+00  0.00000E+00  0.00000E+00
   53828   3  0.00000E+00  0.00000E+00  0.00000E+00  0.00000E+00  0.00000E+00  0.00000E+00  0.00000E+00  0.00000E+00  0.00000E+00  0.00000E+00  0.00000E+00  0.00000E+00  0.00000E+00  0.00000E+00  0.00000E+00  0.00000E+00  0.00000E+00  0.00000E+00  0.00000E+00  0.00000E+00  0.00000E+00  0.00000E+00  0.00000E+00  0.00000E+00
   59849   3  3.32910E-02  3.32910E-02  3.32910E-02  3.32910E-02  3.32910E-02  3.32910E-02  3.32910E-02  3.32910E-02  3.32910E-02  3.32910E-02  3.32910E-02  3.32910E-02  3.32910E-02  3.32910E-02  3.32910E-02  3.32910E-02  3.32910E-02  3.32910E-02  3.32910E-02  3.32910E-02  3.32910E-02  3.32910E-02  3.32910E-02  3.32910E-02
   59849   4  1.51568E-01  1.51568E-01  1.51568E-01  1.51568E-01  1.51568E-01  1.51568E-01  1.51568E-01  1.51568E-01  1.51568E-01  1.51568E-01  1.51568E-01  1.51568E-01  1.51568E-01  1.51568E-01  1.51568E-01  1.51568E-01  1.51568E-01  1.51568E-01  1.51568E-01  1.51568E-01  1.51568E-01  1.51568E-01  1.51568E-01  1.51568E-01
   46431   3  0.00000E+00  0.00000E+00  0.00000E+00  0.00000E+00  0.00000E+00  0.00000E+00  0.00000E+00  0.00000E+00  0.00000E+00  0.00000E+00  0.00000E+00  0.00000E+00  0.00000E+00  0.00000E+00  0.00000E+00  0.00000E+00  0.00000E+00  0.00000E+00  0.00000E+00  0.00000E+00  0.00000E+00  0.00000E+00  0.00000E+00  0.00000E+00
   46078   4  7.19546E-02  7.19546E-02  7.19546E-02  7.19546E-02  7.19546E-02  7.19546E-02  7.19546E-02  7.19546E-02  7.19546E-02  7.19546E-02  7.19546E-02  7.19546E-02  7.19546E-02  7.19546E-02  7.19546E-02  7.19546E-02  7.19546E-02  7.19546E-02  7.19546E-02  7.19546E-02  7.19546E-02  7.19546E-02  7.19546E-02  7.19546E-02
   46078   3  0.00000E+00  0.00000E+00  0.00000E+00  0.00000E+00  0.00000E+00  0.00000E+00  0.00000E+00  0.00000E+00  0.00000E+00  0.00000E+00  0.00000E+00  0.00000E+00  0.00000E+00  0.00000E+00  0.00000E+00  0.00000E+00  0.00000E+00  0.00000E+00  0.00000E+00  0.00000E+00  0.00000E+00  0.00000E+00  0.00000E+00  0.00000E+00
   46078   7  0.00000E+00  0.00000E+00  0.00000E+00  0.00000E+00  0.00000E+00  0.00000E+00  0.00000E+00  0.00000E+00  0.00000E+00  0.00000E+00  0.00000E+00  0.00000E+00  0.00000E+00  9.21138E+00  9.21138E+00  9.21138E+00  9.21138E+00  9.21138E+00  9.21138E+00  9.21138E+00  9.21138E+00  0.00000E+00  0.00000E+00  0.00000E+00
   47835   2  7.47776E-01  7.47776E-01  7.47776E-01  7.47776E-01  7.47776E-01  7.47776E-01  7.47776E-01  7.47776E-01  7.47776E-01  7.47776E-01  7.47776E-01  7.47776E-01  7.47776E-01  7.47776E-01  7.47776E-01  7.47776E-01  7.47776E-01  7.47776E-01  7.47776E-01  7.47776E-01  7.47776E-01  7.47776E-01  7.47776E-01  7.47776E-01
   47835   8  0.00000E+00  0.00000E+00  0.00000E+00  0.00000E+00  0.00000E+00  0.00000E+00  0.00000E+00  0.00000E+00  0.00000E+00  0.00000E+00  0.00000E+00  0.00000E+00  0.00000E+00  0.00000E+00  0.00000E+00  0.00000E+00  0.00000E+00  0.00000E+00  0.00000E+00  0.00000E+00  0.00000E+00  0.00000E+00  0.00000E+00  0.00000E+00
   47835   3  1.66491E-02  1.66491E-02  1.66491E-02  1.66491E-02  1.66491E-02  1.66491E-02  1.66491E-02  1.66491E-02  1.66491E-02  1.66491E-02  1.66491E-02  1.66491E-02  1.66491E-02  1.66491E-02  1.66491E-02  1.66491E-02  1.66491E-02  1.66491E-02  1.66491E-02  1.66491E-02  1.66491E-02  1.66491E-02  1.66491E-02  1.66491E-02
   56665   7  0.00000E+00  0.00000E+00  0.00000E+00  0.00000E+00  0.00000E+00  0.00000E+00  0.00000E+00  0.00000E+00  0.00000E+00  0.00000E+00  0.00000E+00  0.00000E+00  0.00000E+00  0.00000E+00  0.00000E+00  0.00000E+00  0.00000E+00  0.00000E+00  0.00000E+00  0.00000E+00  0.00000E+00  0.00000E+00  0.00000E+00  0.00000E+00
   45724   4  2.21446E-01  2.21446E-01  2.21446E-01  2.21446E-01  2.21446E-01  2.21446E-01  2.21446E-01  2.21446E-01  2.21446E-01  2.21446E-01  2.21446E-01  2.21446E-01  2.21446E-01  2.21446E-01  2.21446E-01  2.21446E-01  2.21446E-01  2.21446E-01  2.21446E-01  2.21446E-01  2.21446E-01  2.21446E-01  2.21446E-01  2.21446E-01
   45724   3  0.00000E+00  0.00000E+00  0.00000E+00  0.00000E+00  0.00000E+00  0.00000E+00  0.00000E+00  0.00000E+00  0.00000E+00  0.00000E+00  0.00000E+00  0.00000E+00  0.00000E+00  0.00000E+00  0.00000E+00  0.00000E+00  0.00000E+00  0.00000E+00  0.00000E+00  0.00000E+00  0.00000E+00  0.00000E+00  0.00000E+00  0.00000E+00
   44664   7  0.00000E+00  0.00000E+00  0.00000E+00  0.00000E+00  0.00000E+00  0.00000E+00  0.00000E+00  0.00000E+00  0.00000E+00  0.00000E+00  0.00000E+00  0.00000E+00  0.00000E+00  6.65691E-02  6.65691E-02  6.65691E-02  6.65691E-02  6.65691E-02  6.65691E-02  6.65691E-02  6.65691E-02  0.00000E+00  0.00000E+00  0.00000E+00
   45724   7  0.00000E+00  0.00000E+00  0.00000E+00  0.00000E+00  0.00000E+00  0.00000E+00  0.00000E+00  0.00000E+00  0.00000E+00  0.00000E+00  0.00000E+00  0.00000E+00  0.00000E+00  0.00000E+00  0.00000E+00  0.00000E+00  0.00000E+00  0.00000E+00  0.00000E+00  0.00000E+00  0.00000E+00  0.00000E+00  0.00000E+00  0.00000E+00
   56311   3  1.11295E+00  1.11295E+00  1.11295E+00  1.11295E+00  1.11295E+00  1.11295E+00  1.11295E+00  1.11295E+00  1.11295E+00  1.11295E+00  1.11295E+00  1.11295E+00  1.11295E+00  1.11295E+00  1.11295E+00  1.11295E+00  1.11295E+00  1.11295E+00  1.11295E+00  1.11295E+00  1.11295E+00  1.11295E+00  1.11295E+00  1.11295E+00
   46050   3  3.26957E-01  3.26957E-01  3.26957E-01  3.26957E-01  3.26957E-01  3.26957E-01  3.26957E-01  3.26957E-01  3.26957E-01  3.26957E-01  3.26957E-01  3.26957E-01  3.26957E-01  3.26957E-01  3.26957E-01  3.26957E-01  3.26957E-01  3.26957E-01  3.26957E-01  3.26957E-01  3.26957E-01  3.26957E-01  3.26957E-01  3.26957E-01
   46050   4  8.90332E-02  8.90332E-02  8.90332E-02  8.90332E-02  8.90332E-02  8.90332E-02  8.90332E-02  8.90332E-02  8.90332E-02  8.90332E-02  8.90332E-02  8.90332E-02  8.90332E-02  8.90332E-02  8.90332E-02  8.90332E-02  8.90332E-02  8.90332E-02  8.90332E-02  8.90332E-02  8.90332E-02  8.90332E-02  8.90332E-02  8.90332E-02
   46050   2  0.00000E+00  0.00000E+00  0.00000E+00  0.00000E+00  0.00000E+00  0.00000E+00  0.00000E+00  0.00000E+00  0.00000E+00  0.00000E+00  0.00000E+00  0.00000E+00  0.00000E+00  0.00000E+00  0.00000E+00  0.00000E+00  0.00000E+00  0.00000E+00  0.00000E+00  0.00000E+00  0.00000E+00  0.00000E+00  0.00000E+00  0.00000E+00
   46051   4  0.00000E+00  0.00000E+00  0.00000E+00  0.00000E+00  0.00000E+00  0.00000E+00  0.00000E+00  0.00000E+00  0.00000E+00  0.00000E+00  0.00000E+00  0.00000E+00  0.00000E+00  0.00000E+00  0.00000E+00  0.00000E+00  0.00000E+00  0.00000E+00  0.00000E+00  0.00000E+00  0.00000E+00  0.00000E+00  0.00000E+00  0.00000E+00
   71070   3  0.00000E+00  0.00000E+00  0.00000E+00  0.00000E+00  0.00000E+00  0.00000E+00  0.00000E+00  0.00000E+00  0.00000E+00  0.00000E+00  0.00000E+00  0.00000E+00  0.00000E+00  0.00000E+00  0.00000E+00  0.00000E+00  0.00000E+00  0.00000E+00  0.00000E+00  0.00000E+00  0.00000E+00  0.00000E+00  0.00000E+00  0.00000E+00
   55562   4  2.78110E-02  2.78110E-02  2.78110E-02  2.78110E-02  2.78110E-02  2.78110E-02  2.78110E-02  2.78110E-02  2.78110E-02  2.78110E-02  2.78110E-02  2.78110E-02  2.78110E-02  2.78110E-02  2.78110E-02  2.78110E-02  2.78110E-02  2.78110E-02  2.78110E-02  2.78110E-02  2.78110E-02  2.78110E-02  2.78110E-02  2.78110E-02
   59075   4  0.00000E+00  0.00000E+00  0.00000E+00  0.00000E+00  0.00000E+00  0.00000E+00  0.00000E+00  0.00000E+00  0.00000E+00  0.00000E+00  0.00000E+00  0.00000E+00  0.00000E+00  0.00000E+00  0.00000E+00  0.00000E+00  0.00000E+00  0.00000E+00  0.00000E+00  0.00000E+00  0.00000E+00  0.00000E+00  0.00000E+00  0.00000E+00
   57669   3  0.00000E+00  0.00000E+00  0.00000E+00  0.00000E+00  0.00000E+00  0.00000E+00  0.00000E+00  0.00000E+00  0.00000E+00  0.00000E+00  0.00000E+00  0.00000E+00  0.00000E+00  0.00000E+00  0.00000E+00  0.00000E+00  0.00000E+00  0.00000E+00  0.00000E+00  0.00000E+00  0.00000E+00  0.00000E+00  0.00000E+00  0.00000E+00
   59789   3  6.43180E-04  6.43180E-04  6.43180E-04  6.43180E-04  6.43180E-04  6.43180E-04  6.43180E-04  6.43180E-04  6.43180E-04  6.43180E-04  6.43180E-04  6.43180E-04  6.43180E-04  6.43180E-04  6.43180E-04  6.43180E-04  6.43180E-04  6.43180E-04  6.43180E-04  6.43180E-04  6.43180E-04  6.43180E-04  6.43180E-04  6.43180E-04
   59789   4  1.41733E-01  1.41733E-01  1.41733E-01  1.41733E-01  1.41733E-01  1.41733E-01  1.41733E-01  1.41733E-01  1.41733E-01  1.41733E-01  1.41733E-01  1.41733E-01  1.41733E-01  1.41733E-01  1.41733E-01  1.41733E-01  1.41733E-01  1.41733E-01  1.41733E-01  1.41733E-01  1.41733E-01  1.41733E-01  1.41733E-01  1.41733E-01
   59437   5  0.00000E+00  0.00000E+00  0.00000E+00  0.00000E+00  0.00000E+00  0.00000E+00  0.00000E+00  0.00000E+00  0.00000E+00  0.00000E+00  0.00000E+00  0.00000E+00  0.00000E+00  0.00000E+00  0.00000E+00  0.00000E+00  0.00000E+00  0.00000E+00  0.00000E+00  0.00000E+00  0.00000E+00  0.00000E+00  0.00000E+00  0.00000E+00
   57677   2  0.00000E+00  0.00000E+00  0.00000E+00  0.00000E+00  0.00000E+00  0.00000E+00  0.00000E+00  0.00000E+00  0.00000E+00  0.00000E+00  0.00000E+00  0.00000E+00  0.00000E+00  0.00000E+00  0.00000E+00  0.00000E+00  0.00000E+00  0.00000E+00  0.00000E+00  0.00000E+00  0.00000E+00  0.00000E+00  0.00000E+00  0.00000E+00
   57677   4  0.00000E+00  0.00000E+00  0.00000E+00  0.00000E+00  0.00000E+00  0.00000E+00  0.00000E+00  0.00000E+00  0.00000E+00  0.00000E+00  0.00000E+00  0.00000E+00  0.00000E+00  0.00000E+00  0.00000E+00  0.00000E+00  0.00000E+00  0.00000E+00  0.00000E+00  0.00000E+00  0.00000E+00  0.00000E+00  0.00000E+00  0.00000E+00
   57677   3  0.00000E+00  0.00000E+00  0.00000E+00  0.00000E+00  0.00000E+00  0.00000E+00  0.00000E+00  0.00000E+00  0.00000E+00  0.00000E+00  0.00000E+00  0.00000E+00  0.00000E+00  0.00000E+00  0.00000E+00  0.00000E+00  0.00000E+00  0.00000E+00  0.00000E+00  0.00000E+00  0.00000E+00  0.00000E+00  0.00000E+00  0.00000E+00
   52380   7  0.00000E+00  0.00000E+00  0.00000E+00  0.00000E+00  0.00000E+00  0.00000E+00  0.00000E+00  0.00000E+00  0.00000E+00  0.00000E+00  0.00000E+00  0.00000E+00  0.00000E+00  0.00000E+00  0.00000E+00  0.00000E+00  0.00000E+00  0.00000E+00  0.00000E+00  0.00000E+00  0.00000E+00  0.00000E+00  0.00000E+00  0.00000E+00
   52380   3  0.00000E+00  0.00000E+00  0.00000E+00  0.00000E+00  0.00000E+00  0.00000E+00  0.00000E+00  0.00000E+00  0.00000E+00  0.00000E+00  0.00000E+00  0.00000E+00  0.00000E+00  0.00000E+00  0.00000E+00  0.00000E+00  0.00000E+00  0.00000E+00  0.00000E+00  0.00000E+00  0.00000E+00  0.00000E+00  0.00000E+00  0.00000E+00
   73199   3  7.57029E-02  7.57029E-02  7.57029E-02  7.57029E-02  7.57029E-02  7.57029E-02  7.57029E-02  7.57029E-02  7.57029E-02  7.57029E-02  7.57029E-02  7.57029E-02  7.57029E-02  7.57029E-02  7.57029E-02  7.57029E-02  7.57029E-02  7.57029E-02  7.57029E-02  7.57029E-02  7.57029E-02  7.57029E-02  7.57029E-02  7.57029E-02
   71434   3  0.00000E+00  0.00000E+00  0.00000E+00  0.00000E+00  0.00000E+00  0.00000E+00  0.00000E+00  0.00000E+00  0.00000E+00  0.00000E+00  0.00000E+00  0.00000E+00  0.00000E+00  0.00000E+00  0.00000E+00  0.00000E+00  0.00000E+00  0.00000E+00  0.00000E+00  0.00000E+00  0.00000E+00  0.00000E+00  0.00000E+00  0.00000E+00
   71434   2  2.68443E-01  2.68443E-01  2.68443E-01  2.68443E-01  2.68443E-01  2.68443E-01  2.68443E-01  2.68443E-01  2.68443E-01  2.68443E-01  2.68443E-01  2.68443E-01  2.68443E-01  2.68443E-01  2.68443E-01  2.68443E-01  2.68443E-01  2.68443E-01  2.68443E-01  2.68443E-01  2.68443E-01  2.68443E-01  2.68443E-01  2.68443E-01
   73199   2  0.00000E+00  0.00000E+00  0.00000E+00  0.00000E+00  0.00000E+00  0.00000E+00  0.00000E+00  0.00000E+00  0.00000E+00  0.00000E+00  0.00000E+00  0.00000E+00  0.00000E+00  0.00000E+00  0.00000E+00  0.00000E+00  0.00000E+00  0.00000E+00  0.00000E+00  0.00000E+00  0.00000E+00  0.00000E+00  0.00000E+00  0.00000E+00
   73199   4  8.05255E+00  8.05255E+00  8.05255E+00  8.05255E+00  8.05255E+00  8.05255E+00  8.05255E+00  8.05255E+00  8.05255E+00  8.05255E+00  8.05255E+00  8.05255E+00  8.05255E+00  8.05255E+00  8.05255E+00  8.05255E+00  8.05255E+00  8.05255E+00  8.05255E+00  8.05255E+00  8.05255E+00  8.05255E+00  8.05255E+00  8.05255E+00
   72847   4  8.02265E-02  8.02265E-02  8.02265E-02  8.02265E-02  8.02265E-02  8.02265E-02  8.02265E-02  8.02265E-02  8.02265E-02  8.02265E-02  8.02265E-02  8.02265E-02  8.02265E-02  8.02265E-02  8.02265E-02  8.02265E-02  8.02265E-02  8.02265E-02  8.02265E-02  8.02265E-02  8.02265E-02  8.02265E-02  8.02265E-02  8.02265E-02
   72846   3  0.00000E+00  0.00000E+00  0.00000E+00  0.00000E+00  0.00000E+00  0.00000E+00  0.00000E+00  0.00000E+00  0.00000E+00  0.00000E+00  0.00000E+00  0.00000E+00  0.00000E+00  0.00000E+00  4.48878E-02  4.48878E-02  4.48878E-02  4.48878E-02  4.48878E-02  4.48878E-02  4.48878E-02  4.48878E-02  0.00000E+00  0.00000E+00
   72846   4  0.00000E+00  0.00000E+00  0.00000E+00  0.00000E+00  0.00000E+00  0.00000E+00  0.00000E+00  0.00000E+00  0.00000E+00  0.00000E+00  0.00000E+00  0.00000E+00  0.00000E+00  0.00000E+00  0.00000E+00  0.00000E+00  0.00000E+00  0.00000E+00  0.00000E+00  0.00000E+00  0.00000E+00  0.00000E+00  0.00000E+00  0.00000E+00
   73200   4  2.71390E+00  2.71390E+00  2.71390E+00  2.71390E+00  2.71390E+00  2.71390E+00  2.71390E+00  2.71390E+00  2.71390E+00  2.71390E+00  2.71390E+00  2.71390E+00  2.71390E+00  2.71390E+00  2.71390E+00  2.71390E+00  2.71390E+00  2.71390E+00  2.71390E+00  2.71390E+00  2.71390E+00  2.71390E+00  2.71390E+00  2.71390E+00
   72845   4  1.62610E-01  1.62610E-01  1.62610E-01  1.62610E-01  1.62610E-01  1.62610E-01  1.62610E-01  1.62610E-01  1.62610E-01  1.62610E-01  1.62610E-01  1.62610E-01  1.62610E-01  1.62610E-01  1.62610E-01  1.62610E-01  1.62610E-01  1.62610E-01  1.62610E-01  1.62610E-01  1.62610E-01  1.62610E-01  1.62610E-01  1.62610E-01
   72139   7  0.00000E+00  0.00000E+00  0.00000E+00  0.00000E+00  0.00000E+00  0.00000E+00  0.00000E+00  0.00000E+00  0.00000E+00  0.00000E+00  0.00000E+00  0.00000E+00  0.00000E+00  0.00000E+00  0.00000E+00  0.00000E+00  0.00000E+00  0.00000E+00  0.00000E+00  0.00000E+00  0.00000E+00  0.00000E+00  0.00000E+00  0.00000E+00
   57997   3  4.09209E-04  4.09209E-04  4.09209E-04  4.09209E-04  4.09209E-04  4.09209E-04  4.09209E-04  4.09209E-04  4.09209E-04  4.09209E-04  4.09209E-04  4.09209E-04  4.09209E-04  4.09209E-04  4.09209E-04  4.09209E-04  4.09209E-04  4.09209E-04  4.09209E-04  4.09209E-04  4.09209E-04  4.09209E-04  4.09209E-04  4.09209E-04
   51672   3  0.00000E+00  0.00000E+00  0.00000E+00  0.00000E+00  0.00000E+00  0.00000E+00  0.00000E+00  0.00000E+00  0.00000E+00  0.00000E+00  0.00000E+00  0.00000E+00  0.00000E+00  0.00000E+00  0.00000E+00  0.00000E+00  0.00000E+00  0.00000E+00  0.00000E+00  0.00000E+00  0.00000E+00  0.00000E+00  0.00000E+00  0.00000E+00
   56265   3  2.45525E-04  2.45525E-04  2.45525E-04  2.45525E-04  2.45525E-04  2.45525E-04  2.45525E-04  2.45525E-04  2.45525E-04  2.45525E-04  2.45525E-04  2.45525E-04  2.45525E-04  2.45525E-04  2.45525E-04  2.45525E-04  2.45525E-04  2.45525E-04  2.45525E-04  2.45525E-04  2.45525E-04  2.45525E-04  2.45525E-04  2.45525E-04
   46793   2  0.00000E+00  0.00000E+00  0.00000E+00  0.00000E+00  0.00000E+00  0.00000E+00  0.00000E+00  0.00000E+00  0.00000E+00  0.00000E+00  0.00000E+00  0.00000E+00  0.00000E+00  0.00000E+00  0.00000E+00  0.00000E+00  0.00000E+00  0.00000E+00  0.00000E+00  0.00000E+00  0.00000E+00  0.00000E+00  0.00000E+00  0.00000E+00
   47145   7  1.04545E-02  1.04545E-02  1.04545E-02  1.04545E-02  1.04545E-02  0.00000E+00  0.00000E+00  0.00000E+00  0.00000E+00  0.00000E+00  0.00000E+00  0.00000E+00  1.04545E-02  1.04545E-02  1.04545E-02  1.04545E-02  1.04545E-02  1.04545E-02  1.04545E-02  1.04545E-02  1.04545E-02  1.04545E-02  1.04545E-02  1.04545E-02
   47145   4  0.00000E+00  0.00000E+00  0.00000E+00  0.00000E+00  0.00000E+00  0.00000E+00  0.00000E+00  0.00000E+00  0.00000E+00  0.00000E+00  0.00000E+00  0.00000E+00  0.00000E+00  0.00000E+00  0.00000E+00  0.00000E+00  0.00000E+00  0.00000E+00  0.00000E+00  0.00000E+00  0.00000E+00  0.00000E+00  0.00000E+00  0.00000E+00
   46441   1  1.01954E+02  1.01954E+02  1.01954E+02  1.01954E+02  1.01954E+02  1.01954E+02  1.01954E+02  1.01954E+02  1.01954E+02  1.01954E+02  1.01954E+02  1.01954E+02  1.01954E+02  1.01954E+02  1.01954E+02  1.01954E+02  1.01954E+02  1.01954E+02  1.01954E+02  1.01954E+02  1.01954E+02  1.01954E+02  1.01954E+02  1.01954E+02
   46089   7  0.00000E+00  0.00000E+00  0.00000E+00  0.00000E+00  0.00000E+00  0.00000E+00  0.00000E+00  0.00000E+00  0.00000E+00  0.00000E+00  0.00000E+00  0.00000E+00  0.00000E+00  0.00000E+00  0.00000E+00  0.00000E+00  0.00000E+00  0.00000E+00  0.00000E+00  0.00000E+00  0.00000E+00  0.00000E+00  0.00000E+00  0.00000E+00
   47851   4  1.98409E-03  1.98409E-03  1.98409E-03  1.98409E-03  1.98409E-03  1.98409E-03  1.98409E-03  1.98409E-03  1.98409E-03  1.98409E-03  1.98409E-03  1.98409E-03  1.98409E-03  1.98409E-03  1.98409E-03  1.98409E-03  1.98409E-03  1.98409E-03  1.98409E-03  1.98409E-03  1.98409E-03  1.98409E-03  1.98409E-03  1.98409E-03
   47851   3  0.00000E+00  0.00000E+00  0.00000E+00  0.00000E+00  0.00000E+00  0.00000E+00  0.00000E+00  0.00000E+00  0.00000E+00  0.00000E+00  0.00000E+00  0.00000E+00  0.00000E+00  0.00000E+00  0.00000E+00  0.00000E+00  0.00000E+00  0.00000E+00  0.00000E+00  0.00000E+00  0.00000E+00  0.00000E+00  0.00000E+00  0.00000E+00
   47493   3  0.00000E+00  0.00000E+00  0.00000E+00  0.00000E+00  0.00000E+00  0.00000E+00  0.00000E+00  0.00000E+00  0.00000E+00  0.00000E+00  0.00000E+00  0.00000E+00  0.00000E+00  5.06504E-03  5.06504E-03  5.06504E-03  5.06504E-03  5.06504E-03  5.06504E-03  5.06504E-03  5.06504E-03  0.00000E+00  0.00000E+00  0.00000E+00
   47493   4  0.00000E+00  0.00000E+00  0.00000E+00  0.00000E+00  0.00000E+00  0.00000E+00  0.00000E+00  0.00000E+00  0.00000E+00  0.00000E+00  0.00000E+00  0.00000E+00  0.00000E+00  0.00000E+00  0.00000E+00  0.00000E+00  0.00000E+00  0.00000E+00  0.00000E+00  0.00000E+00  0.00000E+00  0.00000E+00  0.00000E+00  0.00000E+00
   47141   4  0.00000E+00  0.00000E+00  0.00000E+00  0.00000E+00  0.00000E+00  0.00000E+00  0.00000E+00  0.00000E+00  0.00000E+00  0.00000E+00  0.00000E+00  0.00000E+00  0.00000E+00  0.00000E+00  0.00000E+00  0.00000E+00  0.00000E+00  0.00000E+00  0.00000E+00  0.00000E+00  0.00000E+00  0.00000E+00  0.00000E+00  0.00000E+00
   47142   4  0.00000E+00  0.00000E+00  0.00000E+00  0.00000E+00  0.00000E+00  0.00000E+00  0.00000E+00  0.00000E+00  0.00000E+00  0.00000E+00  0.00000E+00  0.00000E+00  0.00000E+00  0.00000E+00  0.00000E+00  0.00000E+00  0.00000E+00  0.00000E+00  0.00000E+00  0.00000E+00  0.00000E+00  0.00000E+00  0.00000E+00  0.00000E+00
   47141   3  0.00000E+00  0.00000E+00  0.00000E+00  0.00000E+00  0.00000E+00  0.00000E+00  0.00000E+00  0.00000E+00  0.00000E+00  0.00000E+00  0.00000E+00  0.00000E+00  0.00000E+00  0.00000E+00  0.00000E+00  0.00000E+00  0.00000E+00  0.00000E+00  0.00000E+00  0.00000E+00  0.00000E+00  0.00000E+00  0.00000E+00  0.00000E+00
   47494   3  0.00000E+00  0.00000E+00  0.00000E+00  0.00000E+00  0.00000E+00  0.00000E+00  0.00000E+00  0.00000E+00  0.00000E+00  0.00000E+00  0.00000E+00  0.00000E+00  0.00000E+00  0.00000E+00  0.00000E+00  0.00000E+00  0.00000E+00  0.00000E+00  0.00000E+00  0.00000E+00  0.00000E+00  0.00000E+00  0.00000E+00  0.00000E+00
   46790   4  7.25890E-02  7.25890E-02  7.25890E-02  7.25890E-02  7.25890E-02  7.25890E-02  7.25890E-02  7.25890E-02  7.25890E-02  7.25890E-02  7.25890E-02  7.25890E-02  7.25890E-02  7.25890E-02  7.25890E-02  7.25890E-02  7.25890E-02  7.25890E-02  7.25890E-02  7.25890E-02  7.25890E-02  7.25890E-02  7.25890E-02  7.25890E-02
   46790   3  0.00000E+00  0.00000E+00  0.00000E+00  0.00000E+00  0.00000E+00  0.00000E+00  0.00000E+00  0.00000E+00  0.00000E+00  0.00000E+00  0.00000E+00  0.00000E+00  0.00000E+00  0.00000E+00  0.00000E+00  0.00000E+00  0.00000E+00  0.00000E+00  0.00000E+00  0.00000E+00  0.00000E+00  0.00000E+00  0.00000E+00  0.00000E+00
   47143   4  0.00000E+00  0.00000E+00  0.00000E+00  0.00000E+00  0.00000E+00  0.00000E+00  0.00000E+00  0.00000E+00  0.00000E+00  0.00000E+00  0.00000E+00  0.00000E+00  0.00000E+00  0.00000E+00  0.00000E+00  0.00000E+00  0.00000E+00  0.00000E+00  0.00000E+00  0.00000E+00  0.00000E+00  0.00000E+00  0.00000E+00  0.00000E+00
   47497   7  0.00000E+00  0.00000E+00  0.00000E+00  0.00000E+00  0.00000E+00  0.00000E+00  0.00000E+00  0.00000E+00  0.00000E+00  0.00000E+00  0.00000E+00  0.00000E+00  0.00000E+00  9.21837E-01  9.21837E-01  9.21837E-01  9.21837E-01  9.21837E-01  9.21837E-01  9.21837E-01  9.21837E-01  0.00000E+00  0.00000E+00  0.00000E+00
   47143   3  0.00000E+00  0.00000E+00  0.00000E+00  0.00000E+00  0.00000E+00  0.00000E+00  0.00000E+00  0.00000E+00  0.00000E+00  0.00000E+00  0.00000E+00  0.00000E+00  0.00000E+00  0.00000E+00  0.00000E+00  0.00000E+00  0.00000E+00  0.00000E+00  0.00000E+00  0.00000E+00  0.00000E+00  0.00000E+00  0.00000E+00  0.00000E+00
   46792   4  0.00000E+00  0.00000E+00  0.00000E+00  0.00000E+00  0.00000E+00  0.00000E+00  0.00000E+00  0.00000E+00  0.00000E+00  0.00000E+00  0.00000E+00  0.00000E+00  0.00000E+00  0.00000E+00  0.00000E+00  0.00000E+00  0.00000E+00  0.00000E+00  0.00000E+00  0.00000E+00  0.00000E+00  0.00000E+00  0.00000E+00  0.00000E+00
   46792   3  0.00000E+00  0.00000E+00  0.00000E+00  0.00000E+00  0.00000E+00  0.00000E+00  0.00000E+00  0.00000E+00  0.00000E+00  0.00000E+00  0.00000E+00  0.00000E+00  0.00000E+00  0.00000E+00  0.00000E+00  0.00000E+00  0.00000E+00  0.00000E+00  0.00000E+00  0.00000E+00  0.00000E+00  0.00000E+00  0.00000E+00  0.00000E+00
   46791   3  4.85364E-02  4.85364E-02  4.85364E-02  4.85364E-02  4.85364E-02  4.85364E-02  4.85364E-02  4.85364E-02  4.85364E-02  4.85364E-02  4.85364E-02  4.85364E-02  4.85364E-02  3.48097E-01  3.48097E-01  3.48097E-01  3.48097E-01  3.48097E-01  3.48097E-01  3.48097E-01  3.48097E-01  4.85364E-02  4.85364E-02  4.85364E-02
   46791   8  1.94562E-02  1.94562E-02  1.94562E-02  1.94562E-02  1.94562E-02  1.94562E-02  1.94562E-02  1.94562E-02  1.94562E-02  1.94562E-02  1.94562E-02  1.94562E-02  1.94562E-02  1.94562E-02  1.94562E-02  1.94562E-02  1.94562E-02  1.94562E-02  1.94562E-02  1.94562E-02  1.94562E-02  1.94562E-02  1.94562E-02  1.94562E-02
   46791   2  7.71705E-01  7.60284E-01  7.17865E-01  6.47710E-01  5.74292E-01  4.85458E-01  4.49498E-01  4.31518E-01  4.25525E-01  4.37511E-01  4.73471E-01  5.30408E-01  6.03826E-01  6.48775E-01  6.84735E-01  7.16200E-01  7.28187E-01  7.40173E-01  7.44668E-01  7.50662E-01  7.49163E-01  7.44668E-01  7.32682E-01  7.14702E-01
   46791   4  4.66837E+01  4.66837E+01  4.66837E+01  4.66837E+01  4.66837E+01  4.66837E+01  4.66837E+01  4.66837E+01  4.66837E+01  4.66837E+01  4.66837E+01  4.66837E+01  4.66837E+01  4.66837E+01  4.66837E+01  4.66837E+01  4.66837E+01  4.66837E+01  4.66837E+01  4.66837E+01  4.66837E+01  4.66837E+01  4.66837E+01  4.66837E+01
   46438   3  0.00000E+00  0.00000E+00  0.00000E+00  0.00000E+00  0.00000E+00  0.00000E+00  0.00000E+00  0.00000E+00  0.00000E+00  0.00000E+00  0.00000E+00  0.00000E+00  0.00000E+00  0.00000E+00  0.00000E+00  0.00000E+00  0.00000E+00  0.00000E+00  0.00000E+00  0.00000E+00  0.00000E+00  0.00000E+00  0.00000E+00  0.00000E+00
   47147   3  0.00000E+00  0.00000E+00  0.00000E+00  0.00000E+00  0.00000E+00  0.00000E+00  0.00000E+00  0.00000E+00  0.00000E+00  0.00000E+00  0.00000E+00  0.00000E+00  0.00000E+00  0.00000E+00  0.00000E+00  0.00000E+00  0.00000E+00  0.00000E+00  0.00000E+00  0.00000E+00  0.00000E+00  0.00000E+00  0.00000E+00  0.00000E+00
   47848   3  0.00000E+00  0.00000E+00  0.00000E+00  0.00000E+00  0.00000E+00  0.00000E+00  0.00000E+00  0.00000E+00  0.00000E+00  0.00000E+00  0.00000E+00  0.00000E+00  0.00000E+00  0.00000E+00  0.00000E+00  0.00000E+00  0.00000E+00  0.00000E+00  0.00000E+00  0.00000E+00  0.00000E+00  0.00000E+00  0.00000E+00  0.00000E+00
   46791   1  4.04087E-01  3.98106E-01  3.75894E-01  3.39159E-01  3.00716E-01  2.54200E-01  2.35370E-01  2.25955E-01  2.22817E-01  2.29093E-01  2.47923E-01  2.77737E-01  3.16180E-01  3.39717E-01  3.58547E-01  3.75023E-01  3.81299E-01  3.87576E-01  3.89929E-01  3.93068E-01  3.92283E-01  3.89929E-01  3.83653E-01  3.74238E-01
   47144   3  0.00000E+00  0.00000E+00  0.00000E+00  0.00000E+00  0.00000E+00  0.00000E+00  0.00000E+00  0.00000E+00  0.00000E+00  0.00000E+00  0.00000E+00  0.00000E+00  0.00000E+00  0.00000E+00  0.00000E+00  0.00000E+00  0.00000E+00  0.00000E+00  0.00000E+00  0.00000E+00  0.00000E+00  0.00000E+00  0.00000E+00  0.00000E+00
   47144   4  4.51611E+00  4.51611E+00  4.51611E+00  4.51611E+00  4.51611E+00  4.51611E+00  4.51611E+00  4.51611E+00  4.51611E+00  4.51611E+00  4.51611E+00  4.51611E+00  4.51611E+00  4.51611E+00  4.51611E+00  4.51611E+00  4.51611E+00  4.51611E+00  4.51611E+00  4.51611E+00  4.51611E+00  4.51611E+00  4.51611E+00  4.51611E+00
   47144   1  2.86446E-03  2.86446E-03  2.86446E-03  2.86446E-03  2.86446E-03  2.86446E-03  2.86446E-03  2.86446E-03  2.86446E-03  2.86446E-03  2.86446E-03  2.86446E-03  2.86446E-03  2.86446E-03  2.86446E-03  2.86446E-03  2.86446E-03  2.86446E-03  2.86446E-03  2.86446E-03  2.86446E-03  2.86446E-03  2.86446E-03  2.86446E-03
   47144   2  0.00000E+00  0.00000E+00  0.00000E+00  0.00000E+00  0.00000E+00  0.00000E+00  0.00000E+00  0.00000E+00  0.00000E+00  0.00000E+00  0.00000E+00  0.00000E+00  0.00000E+00  0.00000E+00  0.00000E+00  0.00000E+00  0.00000E+00  0.00000E+00  0.00000E+00  0.00000E+00  0.00000E+00  0.00000E+00  0.00000E+00  0.00000E+00
   46789   3  3.99407E-02  3.99407E-02  3.99407E-02  3.99407E-02  3.99407E-02  3.99407E-02  3.99407E-02  3.99407E-02  3.99407E-02  3.99407E-02  3.99407E-02  3.99407E-02  3.99407E-02  3.99407E-02  3.99407E-02  3.99407E-02  3.99407E-02  3.99407E-02  3.99407E-02  3.99407E-02  3.99407E-02  3.99407E-02  3.99407E-02  3.99407E-02
   46789   4  2.29278E+00  2.29278E+00  2.29278E+00  2.29278E+00  2.29278E+00  2.29278E+00  2.29278E+00  2.29278E+00  2.29278E+00  2.29278E+00  2.29278E+00  2.29278E+00  2.29278E+00  2.29278E+00  2.29278E+00  2.29278E+00  2.29278E+00  2.29278E+00  2.29278E+00  2.29278E+00  2.29278E+00  2.29278E+00  2.29278E+00  2.29278E+00
   46436   7  0.00000E+00  0.00000E+00  0.00000E+00  0.00000E+00  0.00000E+00  0.00000E+00  0.00000E+00  0.00000E+00  0.00000E+00  0.00000E+00  0.00000E+00  0.00000E+00  0.00000E+00  0.00000E+00  0.00000E+00  0.00000E+00  0.00000E+00  0.00000E+00  0.00000E+00  0.00000E+00  0.00000E+00  0.00000E+00  0.00000E+00  0.00000E+00
   71754   1  0.00000E+00  0.00000E+00  0.00000E+00  0.00000E+00  0.00000E+00  0.00000E+00  0.00000E+00  0.00000E+00  0.00000E+00  0.00000E+00  0.00000E+00  0.00000E+00  0.00000E+00  0.00000E+00  1.25661E-01  1.25661E-01  1.25661E-01  1.25661E-01  1.25661E-01  1.25661E-01  1.25661E-01  1.25661E-01  0.00000E+00  0.00000E+00
   71755   4  1.03518E-03  1.03518E-03  1.03518E-03  1.03518E-03  1.03518E-03  1.03518E-03  1.03518E-03  1.03518E-03  1.03518E-03  1.03518E-03  1.03518E-03  1.03518E-03  1.03518E-03  1.03518E-03  1.03518E-03  1.03518E-03  1.03518E-03  1.03518E-03  1.03518E-03  1.03518E-03  1.03518E-03  1.03518E-03  1.03518E-03  1.03518E-03
   72073   3  0.00000E+00  0.00000E+00  0.00000E+00  0.00000E+00  0.00000E+00  0.00000E+00  0.00000E+00  0.00000E+00  0.00000E+00  0.00000E+00  0.00000E+00  0.00000E+00  0.00000E+00  0.00000E+00  0.00000E+00  0.00000E+00  0.00000E+00  0.00000E+00  0.00000E+00  0.00000E+00  0.00000E+00  0.00000E+00  0.00000E+00  0.00000E+00
   70667   3  4.01987E-04  4.01987E-04  4.01987E-04  4.01987E-04  4.01987E-04  4.01987E-04  4.01987E-04  4.01987E-04  4.01987E-04  4.01987E-04  4.01987E-04  4.01987E-04  4.01987E-04  4.01987E-04  4.01987E-04  4.01987E-04  4.01987E-04  4.01987E-04  4.01987E-04  4.01987E-04  4.01987E-04  4.01987E-04  4.01987E-04  4.01987E-04
   55157   3  1.60795E-04  1.60795E-04  1.60795E-04  1.60795E-04  1.60795E-04  1.60795E-04  1.60795E-04  1.60795E-04  1.60795E-04  1.60795E-04  1.60795E-04  1.60795E-04  1.60795E-04  1.60795E-04  1.60795E-04  1.60795E-04  1.60795E-04  1.60795E-04  1.60795E-04  1.60795E-04  1.60795E-04  1.60795E-04  1.60795E-04  1.60795E-04
   55157   7  0.00000E+00  0.00000E+00  0.00000E+00  0.00000E+00  0.00000E+00  0.00000E+00  0.00000E+00  0.00000E+00  0.00000E+00  0.00000E+00  0.00000E+00  0.00000E+00  0.00000E+00  0.00000E+00  0.00000E+00  0.00000E+00  0.00000E+00  0.00000E+00  0.00000E+00  0.00000E+00  0.00000E+00  0.00000E+00  0.00000E+00  0.00000E+00
   70688   2  9.85375E-02  9.85375E-02  9.85375E-02  9.85375E-02  9.85375E-02  9.85375E-02  9.85375E-02  9.85375E-02  9.85375E-02  9.85375E-02  9.85375E-02  9.85375E-02  9.85375E-02  9.85375E-02  9.85375E-02  9.85375E-02  9.85375E-02  9.85375E-02  9.85375E-02  9.85375E-02  9.85375E-02  9.85375E-02  9.85375E-02  9.85375E-02
   61152   3  1.14578E-03  1.14578E-03  1.14578E-03  1.14578E-03  1.14578E-03  1.14578E-03  1.14578E-03  1.14578E-03  1.14578E-03  1.14578E-03  1.14578E-03  1.14578E-03  1.14578E-03  1.14578E-03  1.14578E-03  1.14578E-03  1.14578E-03  1.14578E-03  1.14578E-03  1.14578E-03  1.14578E-03  1.14578E-03  1.14578E-03  1.14578E-03
   66103   3  0.00000E+00  0.00000E+00  0.00000E+00  0.00000E+00  0.00000E+00  0.00000E+00  0.00000E+00  0.00000E+00  0.00000E+00  0.00000E+00  0.00000E+00  0.00000E+00  0.00000E+00  0.00000E+00  0.00000E+00  0.00000E+00  0.00000E+00  0.00000E+00  0.00000E+00  0.00000E+00  0.00000E+00  0.00000E+00  0.00000E+00  0.00000E+00
   57265   2  3.12814E-01  3.10191E-01  3.05600E-01  2.88550E-01  2.60350E-01  2.30840E-01  1.95132E-01  1.80678E-01  1.73451E-01  1.71042E-01  1.75860E-01  1.90314E-01  2.13200E-01  2.42711E-01  2.60779E-01  2.75233E-01  2.87881E-01  2.92699E-01  2.97517E-01  2.99323E-01  3.01733E-01  3.01130E-01  2.99323E-01  2.94505E-01
   57265   7  0.00000E+00  0.00000E+00  0.00000E+00  0.00000E+00  0.00000E+00  0.00000E+00  0.00000E+00  0.00000E+00  0.00000E+00  0.00000E+00  0.00000E+00  0.00000E+00  0.00000E+00  0.00000E+00  0.00000E+00  0.00000E+00  0.00000E+00  0.00000E+00  0.00000E+00  0.00000E+00  0.00000E+00  0.00000E+00  0.00000E+00  0.00000E+00
   57265   3  0.00000E+00  0.00000E+00  0.00000E+00  0.00000E+00  0.00000E+00  0.00000E+00  0.00000E+00  0.00000E+00  0.00000E+00  0.00000E+00  0.00000E+00  0.00000E+00  0.00000E+00  0.00000E+00  0.00000E+00  0.00000E+00  0.00000E+00  0.00000E+00  0.00000E+00  0.00000E+00  0.00000E+00  0.00000E+00  0.00000E+00  0.00000E+00
   62209   3  7.34340E-02  7.34340E-02  7.34340E-02  7.34340E-02  7.34340E-02  7.34340E-02  7.34340E-02  7.34340E-02  7.34340E-02  7.34340E-02  7.34340E-02  7.34340E-02  7.34340E-02  7.34340E-02  7.34340E-02  7.34340E-02  7.34340E-02  7.34340E-02  7.34340E-02  7.34340E-02  7.34340E-02  7.34340E-02  7.34340E-02  7.34340E-02
   62209   4  0.00000E+00  0.00000E+00  0.00000E+00  0.00000E+00  0.00000E+00  0.00000E+00  0.00000E+00  0.00000E+00  0.00000E+00  0.00000E+00  0.00000E+00  0.00000E+00  0.00000E+00  0.00000E+00  0.00000E+00  0.00000E+00  0.00000E+00  0.00000E+00  0.00000E+00  0.00000E+00  0.00000E+00  0.00000E+00  0.00000E+00  0.00000E+00
   62209   2  0.00000E+00  0.00000E+00  0.00000E+00  0.00000E+00  0.00000E+00  0.00000E+00  0.00000E+00  0.00000E+00  0.00000E+00  0.00000E+00  0.00000E+00  0.00000E+00  0.00000E+00  0.00000E+00  0.00000E+00  0.00000E+00  0.00000E+00  0.00000E+00  0.00000E+00  0.00000E+00  0.00000E+00  0.00000E+00  0.00000E+00  0.00000E+00
   62560   3  0.00000E+00  0.00000E+00  0.00000E+00  0.00000E+00  0.00000E+00  0.00000E+00  0.00000E+00  0.00000E+00  0.00000E+00  0.00000E+00  0.00000E+00  0.00000E+00  0.00000E+00  0.00000E+00  1.52081E+01  1.52081E+01  1.52081E+01  1.52081E+01  1.52081E+01  1.52081E+01  1.52081E+01  1.52081E+01  0.00000E+00  0.00000E+00
   62560   6  2.60507E-02  2.60507E-02  2.60507E-02  2.60507E-02  2.60507E-02  2.60507E-02  2.60507E-02  2.60507E-02  2.60507E-02  2.60507E-02  2.60507E-02  2.60507E-02  2.60507E-02  2.60507E-02  2.60507E-02  2.60507E-02  2.60507E-02  2.60507E-02  2.60507E-02  2.60507E-02  2.60507E-02  2.60507E-02  2.60507E-02  2.60507E-02
   62560   2  0.00000E+00  0.00000E+00  0.00000E+00  0.00000E+00  0.00000E+00  0.00000E+00  0.00000E+00  0.00000E+00  0.00000E+00  0.00000E+00  0.00000E+00  0.00000E+00  0.00000E+00  0.00000E+00  0.00000E+00  0.00000E+00  0.00000E+00  0.00000E+00  0.00000E+00  0.00000E+00  0.00000E+00  0.00000E+00  0.00000E+00  0.00000E+00
   62906   3  0.00000E+00  0.00000E+00  0.00000E+00  0.00000E+00  0.00000E+00  0.00000E+00  0.00000E+00  0.00000E+00  0.00000E+00  0.00000E+00  0.00000E+00  0.00000E+00  0.00000E+00  0.00000E+00  1.80894E-02  1.80894E-02  1.80894E-02  1.80894E-02  1.80894E-02  1.80894E-02  1.80894E-02  1.80894E-02  0.00000E+00  0.00000E+00
   62906   2  0.00000E+00  0.00000E+00  0.00000E+00  0.00000E+00  0.00000E+00  0.00000E+00  0.00000E+00  0.00000E+00  0.00000E+00  0.00000E+00  0.00000E+00  0.00000E+00  0.00000E+00  0.00000E+00  0.00000E+00  0.00000E+00  0.00000E+00  0.00000E+00  0.00000E+00  0.00000E+00  0.00000E+00  0.00000E+00  0.00000E+00  0.00000E+00
   62201   7  0.00000E+00  0.00000E+00  0.00000E+00  0.00000E+00  0.00000E+00  0.00000E+00  0.00000E+00  0.00000E+00  0.00000E+00  0.00000E+00  0.00000E+00  0.00000E+00  0.00000E+00  0.00000E+00  0.00000E+00  0.00000E+00  0.00000E+00  0.00000E+00  0.00000E+00  0.00000E+00  0.00000E+00  0.00000E+00  0.00000E+00  0.00000E+00
   69268   7  0.00000E+00  0.00000E+00  0.00000E+00  0.00000E+00  0.00000E+00  0.00000E+00  0.00000E+00  0.00000E+00  0.00000E+00  0.00000E+00  0.00000E+00  0.00000E+00  0.00000E+00  0.00000E+00  0.00000E+00  0.00000E+00  0.00000E+00  0.00000E+00  0.00000E+00  0.00000E+00  0.00000E+00  0.00000E+00  0.00000E+00  0.00000E+00
   67518   2  0.00000E+00  0.00000E+00  0.00000E+00  0.00000E+00  0.00000E+00  0.00000E+00  0.00000E+00  0.00000E+00  0.00000E+00  0.00000E+00  0.00000E+00  0.00000E+00  0.00000E+00  0.00000E+00  0.00000E+00  0.00000E+00  0.00000E+00  0.00000E+00  0.00000E+00  0.00000E+00  0.00000E+00  0.00000E+00  0.00000E+00  0.00000E+00
   53397   5  0.00000E+00  0.00000E+00  0.00000E+00  0.00000E+00  0.00000E+00  0.00000E+00  0.00000E+00  0.00000E+00  0.00000E+00  0.00000E+00  0.00000E+00  0.00000E+00  0.00000E+00  0.00000E+00  0.00000E+00  0.00000E+00  0.00000E+00  0.00000E+00  0.00000E+00  0.00000E+00  0.00000E+00  0.00000E+00  0.00000E+00  0.00000E+00
   53397   3  0.00000E+00  0.00000E+00  0.00000E+00  0.00000E+00  0.00000E+00  0.00000E+00  0.00000E+00  0.00000E+00  0.00000E+00  0.00000E+00  0.00000E+00  0.00000E+00  0.00000E+00  0.00000E+00  2.65312E-03  2.65312E-03  2.65312E-03  2.65312E-03  2.65312E-03  2.65312E-03  2.65312E-03  2.65312E-03  0.00000E+00  0.00000E+00
   53397   7  0.00000E+00  0.00000E+00  0.00000E+00  0.00000E+00  0.00000E+00  0.00000E+00  0.00000E+00  0.00000E+00  0.00000E+00  0.00000E+00  0.00000E+00  0.00000E+00  0.00000E+00  0.00000E+00  0.00000E+00  0.00000E+00  0.00000E+00  0.00000E+00  0.00000E+00  0.00000E+00  0.00000E+00  0.00000E+00  0.00000E+00  0.00000E+00
   72093   3  1.42866E-03  1.42866E-03  1.42866E-03  1.42866E-03  1.42866E-03  1.42866E-03  1.42866E-03  1.42866E-03  1.42866E-03  1.42866E-03  1.42866E-03  1.42866E-03  1.42866E-03  1.42866E-03  1.42866E-03  1.42866E-03  1.42866E-03  1.42866E-03  1.42866E-03  1.42866E-03  1.42866E-03  1.42866E-03  1.42866E-03  1.42866E-03
   72093   7  0.00000E+00  0.00000E+00  0.00000E+00  0.00000E+00  0.00000E+00  0.00000E+00  0.00000E+00  0.00000E+00  0.00000E+00  0.00000E+00  0.00000E+00  0.00000E+00  0.00000E+00  0.00000E+00  0.00000E+00  0.00000E+00  0.00000E+00  0.00000E+00  0.00000E+00  0.00000E+00  0.00000E+00  0.00000E+00  0.00000E+00  0.00000E+00
   72093   4  4.89554E-01  4.89554E-01  4.89554E-01  4.89554E-01  4.89554E-01  4.89554E-01  4.89554E-01  4.89554E-01  4.89554E-01  4.89554E-01  4.89554E-01  4.89554E-01  4.89554E-01  4.89554E-01  4.89554E-01  4.89554E-01  4.89554E-01  4.89554E-01  4.89554E-01  4.89554E-01  4.89554E-01  4.89554E-01  4.89554E-01  4.89554E-01
   66425   2  0.00000E+00  0.00000E+00  0.00000E+00  0.00000E+00  0.00000E+00  0.00000E+00  0.00000E+00  0.00000E+00  0.00000E+00  0.00000E+00  0.00000E+00  0.00000E+00  0.00000E+00  0.00000E+00  0.00000E+00  0.00000E+00  0.00000E+00  0.00000E+00  0.00000E+00  0.00000E+00  0.00000E+00  0.00000E+00  0.00000E+00  0.00000E+00
   67854   3  3.27367E-04  3.27367E-04  3.27367E-04  3.27367E-04  3.27367E-04  3.27367E-04  3.27367E-04  3.27367E-04  3.27367E-04  3.27367E-04  3.27367E-04  3.27367E-04  3.27367E-04  3.27367E-04  3.27367E-04  3.27367E-04  3.27367E-04  3.27367E-04  3.27367E-04  3.27367E-04  3.27367E-04  3.27367E-04  3.27367E-04  3.27367E-04
   59052   2  8.03975E-05  8.03975E-05  8.03975E-05  8.03975E-05  8.03975E-05  8.03975E-05  8.03975E-05  8.03975E-05  8.03975E-05  8.03975E-05  8.03975E-05  8.03975E-05  8.03975E-05  8.03975E-05  8.03975E-05  8.03975E-05  8.03975E-05  8.03975E-05  8.03975E-05  8.03975E-05  8.03975E-05  8.03975E-05  8.03975E-05  8.03975E-05
   72780   3  3.27367E-04  3.27367E-04  3.27367E-04  3.27367E-04  3.27367E-04  3.27367E-04  3.27367E-04  3.27367E-04  3.27367E-04  3.27367E-04  3.27367E-04  3.27367E-04  3.27367E-04  3.27367E-04  3.27367E-04  3.27367E-04  3.27367E-04  3.27367E-04  3.27367E-04  3.27367E-04  3.27367E-04  3.27367E-04  3.27367E-04  3.27367E-04
   32698   2  0.00000E+00  0.00000E+00  0.00000E+00  0.00000E+00  0.00000E+00  0.00000E+00  0.00000E+00  0.00000E+00  0.00000E+00  0.00000E+00  0.00000E+00  0.00000E+00  0.00000E+00  0.00000E+00  0.00000E+00  0.00000E+00  0.00000E+00  0.00000E+00  0.00000E+00  0.00000E+00  0.00000E+00  0.00000E+00  0.00000E+00  0.00000E+00
   32699   3  0.00000E+00  0.00000E+00  0.00000E+00  0.00000E+00  0.00000E+00  0.00000E+00  0.00000E+00  0.00000E+00  0.00000E+00  0.00000E+00  0.00000E+00  0.00000E+00  0.00000E+00  0.00000E+00  0.00000E+00  0.00000E+00  0.00000E+00  0.00000E+00  0.00000E+00  0.00000E+00  0.00000E+00  0.00000E+00  0.00000E+00  0.00000E+00
   32698   4  1.16759E-01  1.16759E-01  1.16759E-01  1.16759E-01  1.16759E-01  1.16759E-01  1.16759E-01  1.16759E-01  1.16759E-01  1.16759E-01  1.16759E-01  1.16759E-01  1.16759E-01  1.16759E-01  1.16759E-01  1.16759E-01  1.16759E-01  1.16759E-01  1.16759E-01  1.16759E-01  1.16759E-01  1.16759E-01  1.16759E-01  1.16759E-01
   32698   3  3.70077E-02  3.70077E-02  3.70077E-02  3.70077E-02  3.70077E-02  3.70077E-02  3.70077E-02  3.70077E-02  3.70077E-02  3.70077E-02  3.70077E-02  3.70077E-02  3.70077E-02  3.70077E-02  3.70077E-02  3.70077E-02  3.70077E-02  3.70077E-02  3.70077E-02  3.70077E-02  3.70077E-02  3.70077E-02  3.70077E-02  3.70077E-02
   33754   4  0.00000E+00  0.00000E+00  0.00000E+00  0.00000E+00  0.00000E+00  0.00000E+00  0.00000E+00  0.00000E+00  0.00000E+00  0.00000E+00  0.00000E+00  0.00000E+00  0.00000E+00  0.00000E+00  0.00000E+00  0.00000E+00  0.00000E+00  0.00000E+00  0.00000E+00  0.00000E+00  0.00000E+00  0.00000E+00  0.00000E+00  0.00000E+00
   32698   5  0.00000E+00  0.00000E+00  0.00000E+00  0.00000E+00  0.00000E+00  0.00000E+00  0.00000E+00  0.00000E+00  0.00000E+00  0.00000E+00  0.00000E+00  0.00000E+00  0.00000E+00  0.00000E+00  0.00000E+00  0.00000E+00  0.00000E+00  0.00000E+00  0.00000E+00  0.00000E+00  0.00000E+00  0.00000E+00  0.00000E+00  0.00000E+00
   46097   3  5.61092E-04  5.61092E-04  5.61092E-04  5.61092E-04  5.61092E-04  5.61092E-04  5.61092E-04  5.61092E-04  5.61092E-04  5.61092E-04  5.61092E-04  5.61092E-04  5.61092E-04  5.61092E-04  5.61092E-04  5.61092E-04  5.61092E-04  5.61092E-04  5.61092E-04  5.61092E-04  5.61092E-04  5.61092E-04  5.61092E-04  5.61092E-04
   32346   1  0.00000E+00  0.00000E+00  0.00000E+00  0.00000E+00  0.00000E+00  0.00000E+00  0.00000E+00  0.00000E+00  0.00000E+00  0.00000E+00  0.00000E+00  0.00000E+00  0.00000E+00  0.00000E+00  0.00000E+00  0.00000E+00  0.00000E+00  0.00000E+00  0.00000E+00  0.00000E+00  0.00000E+00  0.00000E+00  0.00000E+00  0.00000E+00
   32346   2  7.91438E+02  7.91438E+02  7.91438E+02  7.91438E+02  7.91438E+02  7.91438E+02  7.91438E+02  7.91438E+02  7.91438E+02  7.91438E+02  7.91438E+02  7.91438E+02  7.91438E+02  7.91438E+02  7.91438E+02  7.91438E+02  7.91438E+02  7.91438E+02  7.91438E+02  7.91438E+02  7.91438E+02  7.91438E+02  7.91438E+02  7.91438E+02
   32346   3  0.00000E+00  0.00000E+00  0.00000E+00  0.00000E+00  0.00000E+00  0.00000E+00  0.00000E+00  0.00000E+00  0.00000E+00  0.00000E+00  0.00000E+00  0.00000E+00  0.00000E+00  6.99458E-03  6.99458E-03  6.99458E-03  6.99458E-03  6.99458E-03  6.99458E-03  6.99458E-03  6.99458E-03  0.00000E+00  0.00000E+00  0.00000E+00
   32346   5  0.00000E+00  0.00000E+00  0.00000E+00  0.00000E+00  0.00000E+00  0.00000E+00  0.00000E+00  0.00000E+00  0.00000E+00  0.00000E+00  0.00000E+00  0.00000E+00  0.00000E+00  0.00000E+00  0.00000E+00  0.00000E+00  0.00000E+00  0.00000E+00  0.00000E+00  0.00000E+00  0.00000E+00  0.00000E+00  0.00000E+00  0.00000E+00
   33394   3  0.00000E+00  0.00000E+00  0.00000E+00  0.00000E+00  0.00000E+00  0.00000E+00  0.00000E+00  0.00000E+00  0.00000E+00  0.00000E+00  0.00000E+00  0.00000E+00  0.00000E+00  0.00000E+00  0.00000E+00  0.00000E+00  0.00000E+00  0.00000E+00  0.00000E+00  0.00000E+00  0.00000E+00  0.00000E+00  0.00000E+00  0.00000E+00
   33394   7  0.00000E+00  0.00000E+00  0.00000E+00  0.00000E+00  0.00000E+00  0.00000E+00  0.00000E+00  0.00000E+00  0.00000E+00  0.00000E+00  0.00000E+00  0.00000E+00  0.00000E+00  0.00000E+00  0.00000E+00  0.00000E+00  0.00000E+00  0.00000E+00  0.00000E+00  0.00000E+00  0.00000E+00  0.00000E+00  0.00000E+00  0.00000E+00
   47881   3  0.00000E+00  0.00000E+00  0.00000E+00  0.00000E+00  0.00000E+00  0.00000E+00  0.00000E+00  0.00000E+00  0.00000E+00  0.00000E+00  0.00000E+00  0.00000E+00  0.00000E+00  0.00000E+00  0.00000E+00  0.00000E+00  0.00000E+00  0.00000E+00  0.00000E+00  0.00000E+00  0.00000E+00  0.00000E+00  0.00000E+00  0.00000E+00
   47881   4  8.46691E-01  8.46691E-01  8.46691E-01  8.46691E-01  8.46691E-01  8.46691E-01  8.46691E-01  8.46691E-01  8.46691E-01  8.46691E-01  8.46691E-01  8.46691E-01  8.46691E-01  8.46691E-01  8.46691E-01  8.46691E-01  8.46691E-01  8.46691E-01  8.46691E-01  8.46691E-01  8.46691E-01  8.46691E-01  8.46691E-01  8.46691E-01
   54565   3  8.03975E-05  8.03975E-05  8.03975E-05  8.03975E-05  8.03975E-05  8.03975E-05  8.03975E-05  8.03975E-05  8.03975E-05  8.03975E-05  8.03975E-05  8.03975E-05  8.03975E-05  8.03975E-05  8.03975E-05  8.03975E-05  8.03975E-05  8.03975E-05  8.03975E-05  8.03975E-05  8.03975E-05  8.03975E-05  8.03975E-05  8.03975E-05
   54565   4  5.16296E-01  5.16296E-01  5.16296E-01  5.16296E-01  5.16296E-01  5.16296E-01  5.16296E-01  5.16296E-01  5.16296E-01  5.16296E-01  5.16296E-01  5.16296E-01  5.16296E-01  5.16296E-01  5.16296E-01  5.16296E-01  5.16296E-01  5.16296E-01  5.16296E-01  5.16296E-01  5.16296E-01  5.16296E-01  5.16296E-01  5.16296E-01
   54565   7  0.00000E+00  0.00000E+00  0.00000E+00  0.00000E+00  0.00000E+00  0.00000E+00  0.00000E+00  0.00000E+00  0.00000E+00  0.00000E+00  0.00000E+00  0.00000E+00  0.00000E+00  0.00000E+00  0.00000E+00  0.00000E+00  0.00000E+00  0.00000E+00  0.00000E+00  0.00000E+00  0.00000E+00  0.00000E+00  0.00000E+00  0.00000E+00
   48578   4  2.51600E-01  2.51600E-01  2.51600E-01  2.51600E-01  2.51600E-01  2.51600E-01  2.51600E-01  2.51600E-01  2.51600E-01  2.51600E-01  2.51600E-01  2.51600E-01  2.51600E-01  2.51600E-01  2.51600E-01  2.51600E-01  2.51600E-01  2.51600E-01  2.51600E-01  2.51600E-01  2.51600E-01  2.51600E-01  2.51600E-01  2.51600E-01
   48578   3  1.15941E-01  1.15941E-01  1.15941E-01  1.15941E-01  1.15941E-01  1.15941E-01  1.15941E-01  1.15941E-01  1.15941E-01  1.15941E-01  1.15941E-01  1.15941E-01  1.15941E-01  1.15941E-01  1.15941E-01  1.15941E-01  1.15941E-01  1.15941E-01  1.15941E-01  1.15941E-01  1.15941E-01  1.15941E-01  1.15941E-01  1.15941E-01
   48578   2  0.00000E+00  0.00000E+00  0.00000E+00  0.00000E+00  0.00000E+00  0.00000E+00  0.00000E+00  0.00000E+00  0.00000E+00  0.00000E+00  0.00000E+00  0.00000E+00  0.00000E+00  0.00000E+00  0.00000E+00  0.00000E+00  0.00000E+00  0.00000E+00  0.00000E+00  0.00000E+00  0.00000E+00  0.00000E+00  0.00000E+00  0.00000E+00
   48226   3  0.00000E+00  0.00000E+00  0.00000E+00  0.00000E+00  0.00000E+00  0.00000E+00  0.00000E+00  0.00000E+00  0.00000E+00  0.00000E+00  0.00000E+00  0.00000E+00  0.00000E+00  0.00000E+00  0.00000E+00  0.00000E+00  0.00000E+00  0.00000E+00  0.00000E+00  0.00000E+00  0.00000E+00  0.00000E+00  0.00000E+00  0.00000E+00
   48226   4  0.00000E+00  0.00000E+00  0.00000E+00  0.00000E+00  0.00000E+00  0.00000E+00  0.00000E+00  0.00000E+00  0.00000E+00  0.00000E+00  0.00000E+00  0.00000E+00  0.00000E+00  0.00000E+00  0.00000E+00  0.00000E+00  0.00000E+00  0.00000E+00  0.00000E+00  0.00000E+00  0.00000E+00  0.00000E+00  0.00000E+00  0.00000E+00
   47518   7  0.00000E+00  0.00000E+00  0.00000E+00  0.00000E+00  0.00000E+00  0.00000E+00  0.00000E+00  0.00000E+00  0.00000E+00  0.00000E+00  0.00000E+00  0.00000E+00  0.00000E+00  0.00000E+00  0.00000E+00  0.00000E+00  0.00000E+00  0.00000E+00  0.00000E+00  0.00000E+00  0.00000E+00  0.00000E+00  0.00000E+00  0.00000E+00
   48227   3  0.00000E+00  0.00000E+00  0.00000E+00  0.00000E+00  0.00000E+00  0.00000E+00  0.00000E+00  0.00000E+00  0.00000E+00  0.00000E+00  0.00000E+00  0.00000E+00  0.00000E+00  0.00000E+00  0.00000E+00  0.00000E+00  0.00000E+00  0.00000E+00  0.00000E+00  0.00000E+00  0.00000E+00  0.00000E+00  0.00000E+00  0.00000E+00
   48227   2  0.00000E+00  0.00000E+00  0.00000E+00  0.00000E+00  0.00000E+00  0.00000E+00  0.00000E+00  0.00000E+00  0.00000E+00  0.00000E+00  0.00000E+00  0.00000E+00  0.00000E+00  0.00000E+00  0.00000E+00  0.00000E+00  0.00000E+00  0.00000E+00  0.00000E+00  0.00000E+00  0.00000E+00  0.00000E+00  0.00000E+00  0.00000E+00
   46818   4  9.73932E-02  9.73932E-02  9.73932E-02  9.73932E-02  9.73932E-02  9.73932E-02  9.73932E-02  9.73932E-02  9.73932E-02  9.73932E-02  9.73932E-02  9.73932E-02  9.73932E-02  9.73932E-02  9.73932E-02  9.73932E-02  9.73932E-02  9.73932E-02  9.73932E-02  9.73932E-02  9.73932E-02  9.73932E-02  9.73932E-02  9.73932E-02
   38332   4  0.00000E+00  0.00000E+00  0.00000E+00  0.00000E+00  0.00000E+00  0.00000E+00  0.00000E+00  0.00000E+00  0.00000E+00  0.00000E+00  0.00000E+00  0.00000E+00  0.00000E+00  0.00000E+00  0.00000E+00  0.00000E+00  0.00000E+00  0.00000E+00  0.00000E+00  0.00000E+00  0.00000E+00  0.00000E+00  0.00000E+00  0.00000E+00
   38332   7  0.00000E+00  0.00000E+00  0.00000E+00  0.00000E+00  0.00000E+00  0.00000E+00  0.00000E+00  0.00000E+00  0.00000E+00  0.00000E+00  0.00000E+00  0.00000E+00  0.00000E+00  0.00000E+00  0.00000E+00  0.00000E+00  0.00000E+00  0.00000E+00  0.00000E+00  0.00000E+00  0.00000E+00  0.00000E+00  0.00000E+00  0.00000E+00
   35158   3  0.00000E+00  0.00000E+00  0.00000E+00  0.00000E+00  0.00000E+00  0.00000E+00  0.00000E+00  0.00000E+00  0.00000E+00  0.00000E+00  0.00000E+00  0.00000E+00  0.00000E+00  0.00000E+00  0.00000E+00  0.00000E+00  0.00000E+00  0.00000E+00  0.00000E+00  0.00000E+00  0.00000E+00  0.00000E+00  0.00000E+00  0.00000E+00
   30178   3  1.18924E-02  1.18924E-02  1.18924E-02  1.18924E-02  1.18924E-02  1.18924E-02  1.18924E-02  1.18924E-02  1.18924E-02  1.18924E-02  1.18924E-02  1.18924E-02  1.18924E-02  1.18924E-02  1.18924E-02  1.18924E-02  1.18924E-02  1.18924E-02  1.18924E-02  1.18924E-02  1.18924E-02  1.18924E-02  1.18924E-02  1.18924E-02
   30178   4  9.91743E-01  9.91743E-01  9.91743E-01  9.91743E-01  9.91743E-01  9.91743E-01  9.91743E-01  9.91743E-01  9.91743E-01  9.91743E-01  9.91743E-01  9.91743E-01  9.91743E-01  9.91743E-01  9.91743E-01  9.91743E-01  9.91743E-01  9.91743E-01  9.91743E-01  9.91743E-01  9.91743E-01  9.91743E-01  9.91743E-01  9.91743E-01
   30178   7  0.00000E+00  0.00000E+00  0.00000E+00  0.00000E+00  0.00000E+00  0.00000E+00  0.00000E+00  0.00000E+00  0.00000E+00  0.00000E+00  0.00000E+00  0.00000E+00  0.00000E+00  4.50321E-01  4.50321E-01  4.50321E-01  4.50321E-01  4.50321E-01  4.50321E-01  4.50321E-01  4.50321E-01  0.00000E+00  0.00000E+00  0.00000E+00
   30177   4  1.76360E-04  1.76360E-04  1.76360E-04  1.76360E-04  1.76360E-04  1.76360E-04  1.76360E-04  1.76360E-04  1.76360E-04  1.76360E-04  1.76360E-04  1.76360E-04  1.76360E-04  1.76360E-04  1.76360E-04  1.76360E-04  1.76360E-04  1.76360E-04  1.76360E-04  1.76360E-04  1.76360E-04  1.76360E-04  1.76360E-04  1.76360E-04
   29472   3  0.00000E+00  0.00000E+00  0.00000E+00  0.00000E+00  0.00000E+00  0.00000E+00  0.00000E+00  0.00000E+00  0.00000E+00  0.00000E+00  0.00000E+00  0.00000E+00  0.00000E+00  1.36200E+01  1.36200E+01  1.36200E+01  1.36200E+01  1.36200E+01  1.36200E+01  1.36200E+01  1.36200E+01  0.00000E+00  0.00000E+00  0.00000E+00
   29472   5  0.00000E+00  0.00000E+00  0.00000E+00  0.00000E+00  0.00000E+00  0.00000E+00  0.00000E+00  0.00000E+00  0.00000E+00  0.00000E+00  0.00000E+00  0.00000E+00  0.00000E+00  3.02667E+00  3.02667E+00  3.02667E+00  3.02667E+00  3.02667E+00  3.02667E+00  3.02667E+00  3.02667E+00  0.00000E+00  0.00000E+00  0.00000E+00
   29472   4  0.00000E+00  0.00000E+00  0.00000E+00  0.00000E+00  0.00000E+00  0.00000E+00  0.00000E+00  0.00000E+00  0.00000E+00  0.00000E+00  0.00000E+00  0.00000E+00  0.00000E+00  1.36200E+01  1.36200E+01  1.36200E+01  1.36200E+01  1.36200E+01  1.36200E+01  1.36200E+01  1.36200E+01  0.00000E+00  0.00000E+00  0.00000E+00
   30531   4  1.73701E-04  1.73701E-04  1.73701E-04  1.73701E-04  1.73701E-04  1.73701E-04  1.73701E-04  1.73701E-04  1.73701E-04  1.73701E-04  1.73701E-04  1.73701E-04  1.73701E-04  1.73701E-04  1.73701E-04  1.73701E-04  1.73701E-04  1.73701E-04  1.73701E-04  1.73701E-04  1.73701E-04  1.73701E-04  1.73701E-04  1.73701E-04
   30178   5  0.00000E+00  0.00000E+00  0.00000E+00  0.00000E+00  0.00000E+00  0.00000E+00  0.00000E+00  0.00000E+00  0.00000E+00  0.00000E+00  0.00000E+00  0.00000E+00  0.00000E+00  0.00000E+00  0.00000E+00  0.00000E+00  0.00000E+00  0.00000E+00  0.00000E+00  0.00000E+00  0.00000E+00  0.00000E+00  0.00000E+00  0.00000E+00
   30526   3  1.02803E-04  1.02803E-04  1.02803E-04  1.02803E-04  1.02803E-04  1.02803E-04  1.02803E-04  1.02803E-04  1.02803E-04  1.02803E-04  1.02803E-04  1.02803E-04  1.02803E-04  1.02803E-04  1.02803E-04  1.02803E-04  1.02803E-04  1.02803E-04  1.02803E-04  1.02803E-04  1.02803E-04  1.02803E-04  1.02803E-04  1.02803E-04
   30529   3  6.51250E-03  6.51250E-03  6.51250E-03  6.51250E-03  6.51250E-03  6.51250E-03  6.51250E-03  6.51250E-03  6.51250E-03  6.51250E-03  6.51250E-03  6.51250E-03  6.51250E-03  6.51250E-03  6.51250E-03  6.51250E-03  6.51250E-03  6.51250E-03  6.51250E-03  6.51250E-03  6.51250E-03  6.51250E-03  6.51250E-03  6.51250E-03
   30529   4  1.35197E-01  1.35197E-01  1.35197E-01  1.35197E-01  1.35197E-01  1.35197E-01  1.35197E-01  1.35197E-01  1.35197E-01  1.35197E-01  1.35197E-01  1.35197E-01  1.35197E-01  1.35197E-01  1.35197E-01  1.35197E-01  1.35197E-01  1.35197E-01  1.35197E-01  1.35197E-01  1.35197E-01  1.35197E-01  1.35197E-01  1.35197E-01
   31942   4  3.60613E+00  3.60613E+00  3.60613E+00  3.60613E+00  3.60613E+00  3.60613E+00  3.60613E+00  3.60613E+00  3.60613E+00  3.60613E+00  3.60613E+00  3.60613E+00  3.60613E+00  3.60613E+00  3.60613E+00  3.60613E+00  3.60613E+00  3.60613E+00  3.60613E+00  3.60613E+00  3.60613E+00  3.60613E+00  3.60613E+00  3.60613E+00
   30884   4  2.26535E-02  2.26535E-02  2.26535E-02  2.26535E-02  2.26535E-02  2.26535E-02  2.26535E-02  2.26535E-02  2.26535E-02  2.26535E-02  2.26535E-02  2.26535E-02  2.26535E-02  2.26535E-02  2.26535E-02  2.26535E-02  2.26535E-02  2.26535E-02  2.26535E-02  2.26535E-02  2.26535E-02  2.26535E-02  2.26535E-02  2.26535E-02
   44188   2  0.00000E+00  0.00000E+00  0.00000E+00  0.00000E+00  0.00000E+00  0.00000E+00  0.00000E+00  0.00000E+00  0.00000E+00  0.00000E+00  0.00000E+00  0.00000E+00  0.00000E+00  0.00000E+00  0.00000E+00  0.00000E+00  0.00000E+00  0.00000E+00  0.00000E+00  0.00000E+00  0.00000E+00  0.00000E+00  0.00000E+00  0.00000E+00
   44899   3  0.00000E+00  0.00000E+00  0.00000E+00  0.00000E+00  0.00000E+00  0.00000E+00  0.00000E+00  0.00000E+00  0.00000E+00  0.00000E+00  0.00000E+00  0.00000E+00  0.00000E+00  0.00000E+00  0.00000E+00  0.00000E+00  0.00000E+00  0.00000E+00  0.00000E+00  0.00000E+00  0.00000E+00  0.00000E+00  0.00000E+00  0.00000E+00
   47369   3  3.58600E-03  3.58600E-03  3.58600E-03  3.58600E-03  3.58600E-03  3.58600E-03  3.58600E-03  3.58600E-03  3.58600E-03  3.58600E-03  3.58600E-03  3.58600E-03  3.58600E-03  3.58600E-03  3.58600E-03  3.58600E-03  3.58600E-03  3.58600E-03  3.58600E-03  3.58600E-03  3.58600E-03  3.58600E-03  3.58600E-03  3.58600E-03
   55130   4  0.00000E+00  0.00000E+00  0.00000E+00  0.00000E+00  0.00000E+00  0.00000E+00  0.00000E+00  0.00000E+00  0.00000E+00  0.00000E+00  0.00000E+00  0.00000E+00  0.00000E+00  0.00000E+00  0.00000E+00  0.00000E+00  0.00000E+00  0.00000E+00  0.00000E+00  0.00000E+00  0.00000E+00  0.00000E+00  0.00000E+00  0.00000E+00
   55130   3  0.00000E+00  0.00000E+00  0.00000E+00  0.00000E+00  0.00000E+00  0.00000E+00  0.00000E+00  0.00000E+00  0.00000E+00  0.00000E+00  0.00000E+00  0.00000E+00  0.00000E+00  0.00000E+00  0.00000E+00  0.00000E+00  0.00000E+00  0.00000E+00  0.00000E+00  0.00000E+00  0.00000E+00  0.00000E+00  0.00000E+00  0.00000E+00
   55121   4  0.00000E+00  0.00000E+00  0.00000E+00  0.00000E+00  0.00000E+00  0.00000E+00  0.00000E+00  0.00000E+00  0.00000E+00  0.00000E+00  0.00000E+00  0.00000E+00  0.00000E+00  0.00000E+00  0.00000E+00  0.00000E+00  0.00000E+00  0.00000E+00  0.00000E+00  0.00000E+00  0.00000E+00  0.00000E+00  0.00000E+00  0.00000E+00
   55121   3  0.00000E+00  0.00000E+00  0.00000E+00  0.00000E+00  0.00000E+00  0.00000E+00  0.00000E+00  0.00000E+00  0.00000E+00  0.00000E+00  0.00000E+00  0.00000E+00  0.00000E+00  0.00000E+00  0.00000E+00  0.00000E+00  0.00000E+00  0.00000E+00  0.00000E+00  0.00000E+00  0.00000E+00  0.00000E+00  0.00000E+00  0.00000E+00
   58290   4  5.14013E-03  5.14013E-03  5.14013E-03  5.14013E-03  5.14013E-03  5.14013E-03  5.14013E-03  5.14013E-03  5.14013E-03  5.14013E-03  5.14013E-03  5.14013E-03  5.14013E-03  5.14013E-03  5.14013E-03  5.14013E-03  5.14013E-03  5.14013E-03  5.14013E-03  5.14013E-03  5.14013E-03  5.14013E-03  5.14013E-03  5.14013E-03
   57936   4  1.31144E-04  1.31144E-04  1.31144E-04  1.31144E-04  1.31144E-04  1.31144E-04  1.31144E-04  1.31144E-04  1.31144E-04  1.31144E-04  1.31144E-04  1.31144E-04  1.31144E-04  1.31144E-04  1.31144E-04  1.31144E-04  1.31144E-04  1.31144E-04  1.31144E-04  1.31144E-04  1.31144E-04  1.31144E-04  1.31144E-04  1.31144E-04
   41032   3  9.91718E+00  9.67382E+00  9.59270E+00  9.45073E+00  8.92344E+00  8.05137E+00  7.13875E+00  6.03450E+00  5.58750E+00  5.36400E+00  5.28950E+00  5.43850E+00  5.88550E+00  6.59325E+00  7.50587E+00  8.06462E+00  8.51162E+00  8.90274E+00  9.05174E+00  9.20074E+00  9.25662E+00  9.33112E+00  9.31249E+00  9.25662E+00
   41027   3  3.00730E-04  3.00730E-04  3.00730E-04  3.00730E-04  3.00730E-04  3.00730E-04  3.00730E-04  3.00730E-04  3.00730E-04  3.00730E-04  3.00730E-04  3.00730E-04  3.00730E-04  3.00730E-04  3.00730E-04  3.00730E-04  3.00730E-04  3.00730E-04  3.00730E-04  3.00730E-04  3.00730E-04  3.00730E-04  3.00730E-04  3.00730E-04
   41027   4  0.00000E+00  0.00000E+00  0.00000E+00  0.00000E+00  0.00000E+00  0.00000E+00  0.00000E+00  0.00000E+00  0.00000E+00  0.00000E+00  0.00000E+00  0.00000E+00  0.00000E+00  0.00000E+00  0.00000E+00  0.00000E+00  0.00000E+00  0.00000E+00  0.00000E+00  0.00000E+00  0.00000E+00  0.00000E+00  0.00000E+00  0.00000E+00
   41027   2  0.00000E+00  0.00000E+00  0.00000E+00  0.00000E+00  0.00000E+00  0.00000E+00  0.00000E+00  0.00000E+00  0.00000E+00  0.00000E+00  0.00000E+00  0.00000E+00  0.00000E+00  0.00000E+00  0.00000E+00  0.00000E+00  0.00000E+00  0.00000E+00  0.00000E+00  0.00000E+00  0.00000E+00  0.00000E+00  0.00000E+00  0.00000E+00
   41031   7  0.00000E+00  0.00000E+00  0.00000E+00  0.00000E+00  0.00000E+00  0.00000E+00  0.00000E+00  0.00000E+00  0.00000E+00  0.00000E+00  0.00000E+00  0.00000E+00  0.00000E+00  0.00000E+00  0.00000E+00  0.00000E+00  0.00000E+00  0.00000E+00  0.00000E+00  0.00000E+00  0.00000E+00  0.00000E+00  0.00000E+00  0.00000E+00
   37153   2  0.00000E+00  0.00000E+00  0.00000E+00  0.00000E+00  0.00000E+00  0.00000E+00  0.00000E+00  0.00000E+00  0.00000E+00  0.00000E+00  0.00000E+00  0.00000E+00  0.00000E+00  0.00000E+00  0.00000E+00  0.00000E+00  0.00000E+00  0.00000E+00  0.00000E+00  0.00000E+00  0.00000E+00  0.00000E+00  0.00000E+00  0.00000E+00
   22551   2  1.07872E+00  1.06276E+00  1.00346E+00  9.05399E-01  8.02772E-01  6.78595E-01  6.28329E-01  6.03196E-01  5.94818E-01  6.11574E-01  6.61840E-01  7.41428E-01  8.44056E-01  9.06888E-01  9.57155E-01  1.00114E+00  1.01789E+00  1.03465E+00  1.04093E+00  1.04931E+00  1.04722E+00  1.04093E+00  1.02418E+00  9.99043E-01
   22551   3  7.19150E-01  7.08507E-01  6.68977E-01  6.03599E-01  5.35181E-01  4.52397E-01  4.18886E-01  4.02131E-01  3.96546E-01  4.07716E-01  4.41227E-01  4.94286E-01  5.62704E-01  6.04592E-01  6.38103E-01  6.67425E-01  6.78596E-01  6.89766E-01  6.93955E-01  6.99540E-01  6.98144E-01  6.93955E-01  6.82784E-01  6.66029E-01
   23253   7  0.00000E+00  0.00000E+00  0.00000E+00  0.00000E+00  0.00000E+00  0.00000E+00  0.00000E+00  0.00000E+00  0.00000E+00  0.00000E+00  0.00000E+00  0.00000E+00  0.00000E+00  0.00000E+00  0.00000E+00  0.00000E+00  0.00000E+00  0.00000E+00  0.00000E+00  0.00000E+00  0.00000E+00  0.00000E+00  0.00000E+00  0.00000E+00
   22551   4  0.00000E+00  0.00000E+00  0.00000E+00  0.00000E+00  0.00000E+00  0.00000E+00  0.00000E+00  0.00000E+00  0.00000E+00  0.00000E+00  0.00000E+00  0.00000E+00  0.00000E+00  0.00000E+00  0.00000E+00  0.00000E+00  0.00000E+00  0.00000E+00  0.00000E+00  0.00000E+00  0.00000E+00  0.00000E+00  0.00000E+00  0.00000E+00
   16894   2  5.84912E-01  5.84912E-01  5.84912E-01  5.84912E-01  5.84912E-01  5.84912E-01  5.84912E-01  5.84912E-01  5.84912E-01  5.84912E-01  5.84912E-01  5.84912E-01  5.84912E-01  5.84912E-01  5.84912E-01  5.84912E-01  5.84912E-01  5.84912E-01  5.84912E-01  5.84912E-01  5.84912E-01  5.84912E-01  5.84912E-01  5.84912E-01
   16894   3  0.00000E+00  0.00000E+00  0.00000E+00  0.00000E+00  0.00000E+00  0.00000E+00  0.00000E+00  0.00000E+00  0.00000E+00  0.00000E+00  0.00000E+00  0.00000E+00  0.00000E+00  0.00000E+00  0.00000E+00  0.00000E+00  0.00000E+00  0.00000E+00  0.00000E+00  0.00000E+00  0.00000E+00  0.00000E+00  0.00000E+00  0.00000E+00
   16894   4  0.00000E+00  0.00000E+00  0.00000E+00  0.00000E+00  0.00000E+00  0.00000E+00  0.00000E+00  0.00000E+00  0.00000E+00  0.00000E+00  0.00000E+00  0.00000E+00  0.00000E+00  0.00000E+00  0.00000E+00  0.00000E+00  0.00000E+00  0.00000E+00  0.00000E+00  0.00000E+00  0.00000E+00  0.00000E+00  0.00000E+00  0.00000E+00
   18317   3  0.00000E+00  0.00000E+00  0.00000E+00  0.00000E+00  0.00000E+00  0.00000E+00  0.00000E+00  0.00000E+00  0.00000E+00  0.00000E+00  0.00000E+00  0.00000E+00  0.00000E+00  0.00000E+00  0.00000E+00  0.00000E+00  0.00000E+00  0.00000E+00  0.00000E+00  0.00000E+00  0.00000E+00  0.00000E+00  0.00000E+00  0.00000E+00
   18513   7  0.00000E+00  0.00000E+00  0.00000E+00  0.00000E+00  0.00000E+00  0.00000E+00  0.00000E+00  0.00000E+00  0.00000E+00  0.00000E+00  0.00000E+00  0.00000E+00  0.00000E+00  0.00000E+00  0.00000E+00  0.00000E+00  0.00000E+00  0.00000E+00  0.00000E+00  0.00000E+00  0.00000E+00  0.00000E+00  0.00000E+00  0.00000E+00
   18509   3  6.76771E-05  6.76771E-05  6.76771E-05  6.76771E-05  6.76771E-05  6.76771E-05  6.76771E-05  6.76771E-05  6.76771E-05  6.76771E-05  6.76771E-05  6.76771E-05  6.76771E-05  6.76771E-05  6.76771E-05  6.76771E-05  6.76771E-05  6.76771E-05  6.76771E-05  6.76771E-05  6.76771E-05  6.76771E-05  6.76771E-05  6.76771E-05
   19219   3  2.51228E-02  2.51228E-02  2.51228E-02  2.51228E-02  2.51228E-02  2.51228E-02  2.51228E-02  2.51228E-02  2.51228E-02  2.51228E-02  2.51228E-02  2.51228E-02  2.51228E-02  2.51228E-02  2.51228E-02  2.51228E-02  2.51228E-02  2.51228E-02  2.51228E-02  2.51228E-02  2.51228E-02  2.51228E-02  2.51228E-02  2.51228E-02
   19219   2  0.00000E+00  0.00000E+00  0.00000E+00  0.00000E+00  0.00000E+00  0.00000E+00  0.00000E+00  0.00000E+00  0.00000E+00  0.00000E+00  0.00000E+00  0.00000E+00  0.00000E+00  0.00000E+00  0.00000E+00  0.00000E+00  0.00000E+00  0.00000E+00  0.00000E+00  0.00000E+00  0.00000E+00  0.00000E+00  0.00000E+00  0.00000E+00
   18505   2  1.21034E+02  1.19243E+02  1.12590E+02  1.01587E+02  9.00719E+01  7.61392E+01  7.04992E+01  6.76793E+01  6.67393E+01  6.86193E+01  7.42592E+01  8.31891E+01  9.47040E+01  1.01754E+02  1.07394E+02  1.12329E+02  1.14209E+02  1.16089E+02  1.16794E+02  1.17734E+02  1.17499E+02  1.16794E+02  1.14914E+02  1.12094E+02
   18505   3  5.14661E-02  5.14661E-02  5.14661E-02  5.14661E-02  5.14661E-02  5.14661E-02  5.14661E-02  5.14661E-02  5.14661E-02  5.14661E-02  5.14661E-02  5.14661E-02  5.14661E-02  5.14661E-02  5.14661E-02  5.14661E-02  5.14661E-02  5.14661E-02  5.14661E-02  5.14661E-02  5.14661E-02  5.14661E-02  5.14661E-02  5.14661E-02
   18505   7  0.00000E+00  0.00000E+00  0.00000E+00  0.00000E+00  0.00000E+00  0.00000E+00  0.00000E+00  0.00000E+00  0.00000E+00  0.00000E+00  0.00000E+00  0.00000E+00  0.00000E+00  0.00000E+00  0.00000E+00  0.00000E+00  0.00000E+00  0.00000E+00  0.00000E+00  0.00000E+00  0.00000E+00  0.00000E+00  0.00000E+00  0.00000E+00
   17452   2  5.44191E-02  5.44191E-02  5.44191E-02  5.44191E-02  5.44191E-02  5.44191E-02  5.44191E-02  5.44191E-02  5.44191E-02  5.44191E-02  5.44191E-02  5.44191E-02  5.44191E-02  5.44191E-02  5.44191E-02  5.44191E-02  5.44191E-02  5.44191E-02  5.44191E-02  5.44191E-02  5.44191E-02  5.44191E-02  5.44191E-02  5.44191E-02
    6979   3  0.00000E+00  0.00000E+00  0.00000E+00  0.00000E+00  0.00000E+00  0.00000E+00  0.00000E+00  0.00000E+00  0.00000E+00  0.00000E+00  0.00000E+00  0.00000E+00  0.00000E+00  0.00000E+00  0.00000E+00  0.00000E+00  0.00000E+00  0.00000E+00  0.00000E+00  0.00000E+00  0.00000E+00  0.00000E+00  0.00000E+00  0.00000E+00
    9108   3  7.37910E-03  7.37910E-03  7.37910E-03  7.37910E-03  7.37910E-03  7.37910E-03  7.37910E-03  7.37910E-03  7.37910E-03  7.37910E-03  7.37910E-03  7.37910E-03  7.37910E-03  7.37910E-03  7.37910E-03  7.37910E-03  7.37910E-03  7.37910E-03  7.37910E-03  7.37910E-03  7.37910E-03  7.37910E-03  7.37910E-03  7.37910E-03
    2407   3  0.00000E+00  0.00000E+00  0.00000E+00  0.00000E+00  0.00000E+00  0.00000E+00  0.00000E+00  0.00000E+00  0.00000E+00  0.00000E+00  0.00000E+00  0.00000E+00  0.00000E+00  0.00000E+00  0.00000E+00  0.00000E+00  0.00000E+00  0.00000E+00  0.00000E+00  0.00000E+00  0.00000E+00  0.00000E+00  0.00000E+00  0.00000E+00
    2407   2  0.00000E+00  0.00000E+00  0.00000E+00  0.00000E+00  0.00000E+00  0.00000E+00  0.00000E+00  0.00000E+00  0.00000E+00  0.00000E+00  0.00000E+00  0.00000E+00  0.00000E+00  0.00000E+00  0.00000E+00  0.00000E+00  0.00000E+00  0.00000E+00  0.00000E+00  0.00000E+00  0.00000E+00  0.00000E+00  0.00000E+00  0.00000E+00
   13341   3  7.92561E-04  7.92561E-04  7.92561E-04  7.92561E-04  7.92561E-04  7.92561E-04  7.92561E-04  7.92561E-04  7.92561E-04  7.92561E-04  7.92561E-04  7.92561E-04  7.92561E-04  7.92561E-04  7.92561E-04  7.92561E-04  7.92561E-04  7.92561E-04  7.92561E-04  7.92561E-04  7.92561E-04  7.92561E-04  7.92561E-04  7.92561E-04
    9455   3  0.00000E+00  0.00000E+00  0.00000E+00  0.00000E+00  0.00000E+00  0.00000E+00  0.00000E+00  0.00000E+00  0.00000E+00  0.00000E+00  0.00000E+00  0.00000E+00  0.00000E+00  0.00000E+00  0.00000E+00  0.00000E+00  0.00000E+00  0.00000E+00  0.00000E+00  0.00000E+00  0.00000E+00  0.00000E+00  0.00000E+00  0.00000E+00
   11927   3  1.66593E-01  1.66593E-01  1.66593E-01  1.66593E-01  1.66593E-01  1.66593E-01  1.66593E-01  1.66593E-01  1.66593E-01  1.66593E-01  1.66593E-01  1.66593E-01  1.66593E-01  1.66593E-01  1.66593E-01  1.66593E-01  1.66593E-01  1.66593E-01  1.66593E-01  1.66593E-01  1.66593E-01  1.66593E-01  1.66593E-01  1.66593E-01
   12279   3  3.05126E-01  3.05126E-01  3.05126E-01  3.05126E-01  3.05126E-01  3.05126E-01  3.05126E-01  3.05126E-01  3.05126E-01  3.05126E-01  3.05126E-01  3.05126E-01  3.05126E-01  3.05126E-01  3.05126E-01  3.05126E-01  3.05126E-01  3.05126E-01  3.05126E-01  3.05126E-01  3.05126E-01  3.05126E-01  3.05126E-01  3.05126E-01
   12635   3  4.76340E-02  4.76340E-02  4.76340E-02  4.76340E-02  4.76340E-02  4.76340E-02  4.76340E-02  4.76340E-02  4.76340E-02  4.76340E-02  4.76340E-02  4.76340E-02  4.76340E-02  4.76340E-02  4.76340E-02  4.76340E-02  4.76340E-02  4.76340E-02  4.76340E-02  4.76340E-02  4.76340E-02  4.76340E-02  4.76340E-02  4.76340E-02
   12636   3  2.30803E-02  2.30803E-02  2.30803E-02  2.30803E-02  2.30803E-02  2.30803E-02  2.30803E-02  2.30803E-02  2.30803E-02  2.30803E-02  2.30803E-02  2.30803E-02  2.30803E-02  2.30803E-02  2.30803E-02  2.30803E-02  2.30803E-02  2.30803E-02  2.30803E-02  2.30803E-02  2.30803E-02  2.30803E-02  2.30803E-02  2.30803E-02
   14046   3  5.32369E-01  5.32369E-01  5.32369E-01  5.32369E-01  5.32369E-01  5.32369E-01  5.32369E-01  5.32369E-01  5.32369E-01  5.32369E-01  5.32369E-01  5.32369E-01  5.32369E-01  5.32369E-01  5.32369E-01  5.32369E-01  5.32369E-01  5.32369E-01  5.32369E-01  5.32369E-01  5.32369E-01  5.32369E-01  5.32369E-01  5.32369E-01
   14047   3  0.00000E+00  0.00000E+00  0.00000E+00  0.00000E+00  0.00000E+00  0.00000E+00  0.00000E+00  0.00000E+00  0.00000E+00  0.00000E+00  0.00000E+00  0.00000E+00  0.00000E+00  0.00000E+00  0.00000E+00  0.00000E+00  0.00000E+00  0.00000E+00  0.00000E+00  0.00000E+00  0.00000E+00  0.00000E+00  0.00000E+00  0.00000E+00
   14047   2  9.07720E-02  9.07720E-02  9.07720E-02  9.07720E-02  9.07720E-02  9.07720E-02  9.07720E-02  9.07720E-02  9.07720E-02  9.07720E-02  9.07720E-02  9.07720E-02  9.07720E-02  9.07720E-02  9.07720E-02  9.07720E-02  9.07720E-02  9.07720E-02  9.07720E-02  9.07720E-02  9.07720E-02  9.07720E-02  9.07720E-02  9.07720E-02
    9465   3  0.00000E+00  0.00000E+00  0.00000E+00  0.00000E+00  0.00000E+00  0.00000E+00  0.00000E+00  0.00000E+00  0.00000E+00  0.00000E+00  0.00000E+00  0.00000E+00  0.00000E+00  0.00000E+00  0.00000E+00  0.00000E+00  0.00000E+00  0.00000E+00  0.00000E+00  0.00000E+00  0.00000E+00  0.00000E+00  0.00000E+00  0.00000E+00
    1352   7  0.00000E+00  0.00000E+00  0.00000E+00  0.00000E+00  0.00000E+00  0.00000E+00  0.00000E+00  0.00000E+00  0.00000E+00  0.00000E+00  0.00000E+00  0.00000E+00  0.00000E+00  0.00000E+00  0.00000E+00  0.00000E+00  0.00000E+00  0.00000E+00  0.00000E+00  0.00000E+00  0.00000E+00  0.00000E+00  0.00000E+00  0.00000E+00
    1352   4  0.00000E+00  0.00000E+00  0.00000E+00  0.00000E+00  0.00000E+00  0.00000E+00  0.00000E+00  0.00000E+00  0.00000E+00  0.00000E+00  0.00000E+00  0.00000E+00  0.00000E+00  0.00000E+00  0.00000E+00  0.00000E+00  0.00000E+00  0.00000E+00  0.00000E+00  0.00000E+00  0.00000E+00  0.00000E+00  0.00000E+00  0.00000E+00
    9106   3  1.89614E-03  1.89614E-03  1.89614E-03  1.89614E-03  1.89614E-03  1.89614E-03  1.89614E-03  1.89614E-03  1.89614E-03  1.89614E-03  1.89614E-03  1.89614E-03  1.89614E-03  1.89614E-03  1.89614E-03  1.89614E-03  1.89614E-03  1.89614E-03  1.89614E-03  1.89614E-03  1.89614E-03  1.89614E-03  1.89614E-03  1.89614E-03
    9458   7  0.00000E+00  0.00000E+00  0.00000E+00  0.00000E+00  0.00000E+00  0.00000E+00  0.00000E+00  0.00000E+00  0.00000E+00  0.00000E+00  0.00000E+00  0.00000E+00  0.00000E+00  0.00000E+00  0.00000E+00  0.00000E+00  0.00000E+00  0.00000E+00  0.00000E+00  0.00000E+00  0.00000E+00  0.00000E+00  0.00000E+00  0.00000E+00
    9458   3  0.00000E+00  0.00000E+00  0.00000E+00  0.00000E+00  0.00000E+00  0.00000E+00  0.00000E+00  0.00000E+00  0.00000E+00  0.00000E+00  0.00000E+00  0.00000E+00  0.00000E+00  0.00000E+00  0.00000E+00  0.00000E+00  0.00000E+00  0.00000E+00  0.00000E+00  0.00000E+00  0.00000E+00  0.00000E+00  0.00000E+00  0.00000E+00
    9458   2  0.00000E+00  0.00000E+00  0.00000E+00  0.00000E+00  0.00000E+00  0.00000E+00  0.00000E+00  0.00000E+00  0.00000E+00  0.00000E+00  0.00000E+00  0.00000E+00  0.00000E+00  0.00000E+00  0.00000E+00  0.00000E+00  0.00000E+00  0.00000E+00  0.00000E+00  0.00000E+00  0.00000E+00  0.00000E+00  0.00000E+00  0.00000E+00
    6635   3  0.00000E+00  0.00000E+00  0.00000E+00  0.00000E+00  0.00000E+00  0.00000E+00  0.00000E+00  0.00000E+00  0.00000E+00  0.00000E+00  0.00000E+00  0.00000E+00  0.00000E+00  0.00000E+00  0.00000E+00  0.00000E+00  0.00000E+00  0.00000E+00  0.00000E+00  0.00000E+00  0.00000E+00  0.00000E+00  0.00000E+00  0.00000E+00
    6635   2  0.00000E+00  0.00000E+00  0.00000E+00  0.00000E+00  0.00000E+00  0.00000E+00  0.00000E+00  0.00000E+00  0.00000E+00  0.00000E+00  0.00000E+00  0.00000E+00  0.00000E+00  0.00000E+00  0.00000E+00  0.00000E+00  0.00000E+00  0.00000E+00  0.00000E+00  0.00000E+00  0.00000E+00  0.00000E+00  0.00000E+00  0.00000E+00
   11586   3  3.46608E-04  3.46608E-04  3.46608E-04  3.46608E-04  3.46608E-04  3.46608E-04  3.46608E-04  3.46608E-04  3.46608E-04  3.46608E-04  3.46608E-04  3.46608E-04  3.46608E-04  3.46608E-04  3.46608E-04  3.46608E-04  3.46608E-04  3.46608E-04  3.46608E-04  3.46608E-04  3.46608E-04  3.46608E-04  3.46608E-04  3.46608E-04
   19977   3  3.34374E+01  3.34374E+01  2.28418E+00  2.28418E+00  2.28418E+00  2.22051E+00  2.22051E+00  2.22051E+00  2.22051E+00  2.22051E+00  2.22051E+00  2.22051E+00  2.22051E+00  3.34374E+01  3.34374E+01  3.34374E+01  3.34374E+01  3.34374E+01  3.34374E+01  3.34374E+01  3.34374E+01  3.34374E+01  3.34374E+01  3.34374E+01
   19977   4  2.14057E+01  2.14057E+01  2.14057E+01  2.14057E+01  2.14057E+01  2.14057E+01  2.14057E+01  2.14057E+01  2.14057E+01  2.14057E+01  2.14057E+01  2.14057E+01  2.14057E+01  2.40842E+01  2.40842E+01  2.40842E+01  2.40842E+01  2.40842E+01  2.40842E+01  2.40842E+01  2.40842E+01  2.14057E+01  2.14057E+01  2.14057E+01
   19977   5  0.00000E+00  0.00000E+00  0.00000E+00  0.00000E+00  0.00000E+00  0.00000E+00  0.00000E+00  0.00000E+00  0.00000E+00  0.00000E+00  0.00000E+00  0.00000E+00  0.00000E+00  0.00000E+00  0.00000E+00  0.00000E+00  0.00000E+00  0.00000E+00  0.00000E+00  0.00000E+00  0.00000E+00  0.00000E+00  0.00000E+00  0.00000E+00
   20329   4  2.52482E+01  2.52482E+01  2.52482E+01  2.52482E+01  2.52482E+01  2.52482E+01  2.52482E+01  2.52482E+01  2.52482E+01  2.52482E+01  2.52482E+01  2.52482E+01  2.52482E+01  2.98270E+01  2.98270E+01  2.98270E+01  2.98270E+01  2.98270E+01  2.98270E+01  2.98270E+01  2.98270E+01  2.52482E+01  2.52482E+01  2.52482E+01
   20330   4  9.47037E+00  9.47037E+00  9.47037E+00  9.47037E+00  9.47037E+00  9.47037E+00  9.47037E+00  9.47037E+00  9.47037E+00  9.47037E+00  9.47037E+00  9.47037E+00  9.47037E+00  9.47037E+00  9.47037E+00  9.47037E+00  9.47037E+00  9.47037E+00  9.47037E+00  9.47037E+00  9.47037E+00  9.47037E+00  9.47037E+00  9.47037E+00
   19977   2  2.85947E-01  2.85947E-01  2.85947E-01  2.85947E-01  2.85947E-01  2.85947E-01  2.85947E-01  2.85947E-01  2.85947E-01  2.85947E-01  2.85947E-01  2.85947E-01  2.85947E-01  2.85947E-01  2.85947E-01  2.85947E-01  2.85947E-01  2.85947E-01  2.85947E-01  2.85947E-01  2.85947E-01  2.85947E-01  2.85947E-01  2.85947E-01
   19976   4  5.84380E+00  5.84380E+00  5.84380E+00  5.84380E+00  5.84380E+00  5.84380E+00  5.84380E+00  5.84380E+00  5.84380E+00  5.84380E+00  5.84380E+00  5.84380E+00  5.84380E+00  5.84380E+00  5.84380E+00  5.84380E+00  5.84380E+00  5.84380E+00  5.84380E+00  5.84380E+00  5.84380E+00  5.84380E+00  5.84380E+00  5.84380E+00
   19977   7  3.95739E-01  3.95739E-01  3.95739E-01  3.95739E-01  3.95739E-01  0.00000E+00  0.00000E+00  0.00000E+00  0.00000E+00  0.00000E+00  0.00000E+00  0.00000E+00  3.95739E-01  1.18760E+01  1.18760E+01  1.18760E+01  1.18760E+01  1.18760E+01  1.18760E+01  1.18760E+01  1.18760E+01  3.95739E-01  3.95739E-01  3.95739E-01
   20330   3  4.19593E+00  4.19593E+00  3.16152E+00  3.16152E+00  3.16152E+00  3.15121E+00  3.15121E+00  3.15121E+00  3.15121E+00  3.15121E+00  3.15121E+00  3.15121E+00  3.15121E+00  4.20159E+00  4.20159E+00  4.20159E+00  4.20159E+00  4.20159E+00  4.20159E+00  4.20159E+00  4.20159E+00  4.19593E+00  4.19593E+00  4.19593E+00
   19976   3  1.32673E+00  1.32673E+00  2.32756E-01  2.32756E-01  2.32756E-01  2.02131E-01  2.02131E-01  2.02131E-01  2.02131E-01  2.02131E-01  2.02131E-01  2.02131E-01  2.02131E-01  1.32673E+00  1.32673E+00  1.32673E+00  1.32673E+00  1.32673E+00  1.32673E+00  1.32673E+00  1.32673E+00  1.32673E+00  1.32673E+00  1.32673E+00
   19624   3  7.29234E+00  7.29234E+00  5.40600E-01  5.40600E-01  5.40600E-01  4.48084E-01  4.48084E-01  4.48084E-01  4.48084E-01  4.48084E-01  4.48084E-01  4.48084E-01  4.48084E-01  7.29234E+00  7.29234E+00  7.29234E+00  7.29234E+00  7.29234E+00  7.29234E+00  7.29234E+00  7.29234E+00  7.29234E+00  7.29234E+00  7.29234E+00
   19271   4  2.04272E+00  2.04272E+00  2.04272E+00  2.04272E+00  2.04272E+00  2.04272E+00  2.04272E+00  2.04272E+00  2.04272E+00  2.04272E+00  2.04272E+00  2.04272E+00  2.04272E+00  2.04272E+00  2.04272E+00  2.04272E+00  2.04272E+00  2.04272E+00  2.04272E+00  2.04272E+00  2.04272E+00  2.04272E+00  2.04272E+00  2.04272E+00
   19271   7  0.00000E+00  0.00000E+00  0.00000E+00  0.00000E+00  0.00000E+00  0.00000E+00  0.00000E+00  0.00000E+00  0.00000E+00  0.00000E+00  0.00000E+00  0.00000E+00  0.00000E+00  3.50947E-02  3.50947E-02  3.50947E-02  3.50947E-02  3.50947E-02  3.50947E-02  3.50947E-02  3.50947E-02  0.00000E+00  0.00000E+00  0.00000E+00
   19624   4  1.42726E+00  1.42726E+00  1.42726E+00  1.42726E+00  1.42726E+00  1.42726E+00  1.42726E+00  1.42726E+00  1.42726E+00  1.42726E+00  1.42726E+00  1.42726E+00  1.42726E+00  1.42726E+00  1.42726E+00  1.42726E+00  1.42726E+00  1.42726E+00  1.42726E+00  1.42726E+00  1.42726E+00  1.42726E+00  1.42726E+00  1.42726E+00
   19271   3  1.13345E+00  1.13345E+00  1.11382E+00  1.11382E+00  1.11382E+00  1.08462E+00  1.08462E+00  1.08462E+00  1.08462E+00  1.08462E+00  1.08462E+00  1.08462E+00  1.08462E+00  1.13345E+00  1.13345E+00  1.13345E+00  1.13345E+00  1.13345E+00  1.13345E+00  1.13345E+00  1.13345E+00  1.13345E+00  1.13345E+00  1.13345E+00
   19272   4  1.05201E+01  1.05201E+01  1.05201E+01  1.05201E+01  1.05201E+01  1.05201E+01  1.05201E+01  1.05201E+01  1.05201E+01  1.05201E+01  1.05201E+01  1.05201E+01  1.05201E+01  1.05201E+01  1.05201E+01  1.05201E+01  1.05201E+01  1.05201E+01  1.05201E+01  1.05201E+01  1.05201E+01  1.05201E+01  1.05201E+01  1.05201E+01
   19622   3  1.28468E-04  1.28468E-04  1.28468E-04  1.28468E-04  1.28468E-04  1.28468E-04  1.28468E-04  1.28468E-04  1.28468E-04  1.28468E-04  1.28468E-04  1.28468E-04  1.28468E-04  1.28468E-04  1.28468E-04  1.28468E-04  1.28468E-04  1.28468E-04  1.28468E-04  1.28468E-04  1.28468E-04  1.28468E-04  1.28468E-04  1.28468E-04
   19269   4  1.42931E-04  1.42931E-04  1.42931E-04  1.42931E-04  1.42931E-04  1.42931E-04  1.42931E-04  1.42931E-04  1.42931E-04  1.42931E-04  1.42931E-04  1.42931E-04  1.42931E-04  1.42931E-04  1.42931E-04  1.42931E-04  1.42931E-04  1.42931E-04  1.42931E-04  1.42931E-04  1.42931E-04  1.42931E-04  1.42931E-04  1.42931E-04
   20330   5  0.00000E+00  0.00000E+00  0.00000E+00  0.00000E+00  0.00000E+00  0.00000E+00  0.00000E+00  0.00000E+00  0.00000E+00  0.00000E+00  0.00000E+00  0.00000E+00  0.00000E+00  0.00000E+00  0.00000E+00  0.00000E+00  0.00000E+00  0.00000E+00  0.00000E+00  0.00000E+00  0.00000E+00  0.00000E+00  0.00000E+00  0.00000E+00
   19978   4  6.05606E+00  6.05606E+00  6.05606E+00  6.05606E+00  6.05606E+00  6.05606E+00  6.05606E+00  6.05606E+00  6.05606E+00  6.05606E+00  6.05606E+00  6.05606E+00  6.05606E+00  5.90367E+01  5.90367E+01  5.90367E+01  5.90367E+01  5.90367E+01  5.90367E+01  5.90367E+01  5.90367E+01  6.05606E+00  6.05606E+00  6.05606E+00
   19978   3  1.49563E+00  1.49563E+00  4.72409E-01  4.72409E-01  4.72409E-01  4.46323E-01  4.46323E-01  4.46323E-01  4.46323E-01  4.46323E-01  4.46323E-01  4.46323E-01  4.46323E-01  1.49563E+00  1.49563E+00  1.49563E+00  1.49563E+00  1.49563E+00  1.49563E+00  1.49563E+00  1.49563E+00  1.49563E+00  1.49563E+00  1.49563E+00
   19625   3  6.06156E+00  6.06156E+00  3.46981E+00  3.46981E+00  3.46981E+00  3.30315E+00  3.30315E+00  3.30315E+00  3.30315E+00  3.30315E+00  3.30315E+00  3.30315E+00  3.30315E+00  6.06156E+00  6.06156E+00  6.06156E+00  6.06156E+00  6.06156E+00  6.06156E+00  6.06156E+00  6.06156E+00  6.06156E+00  6.06156E+00  6.06156E+00
   19625   4  1.34984E+01  1.34984E+01  1.34984E+01  1.34984E+01  1.34984E+01  1.34984E+01  1.34984E+01  1.34984E+01  1.34984E+01  1.34984E+01  1.34984E+01  1.34984E+01  1.34984E+01  1.41987E+01  1.41987E+01  1.41987E+01  1.41987E+01  1.41987E+01  1.41987E+01  1.41987E+01  1.41987E+01  1.34984E+01  1.34984E+01  1.34984E+01
   19625   7  1.92069E-01  1.92069E-01  1.92069E-01  1.92069E-01  1.92069E-01  0.00000E+00  0.00000E+00  0.00000E+00  0.00000E+00  0.00000E+00  0.00000E+00  0.00000E+00  1.92069E-01  3.66247E-01  3.66247E-01  3.66247E-01  3.66247E-01  3.66247E-01  3.66247E-01  3.66247E-01  3.66247E-01  1.92069E-01  1.92069E-01  1.92069E-01
   19625   5  0.00000E+00  0.00000E+00  0.00000E+00  0.00000E+00  0.00000E+00  0.00000E+00  0.00000E+00  0.00000E+00  0.00000E+00  0.00000E+00  0.00000E+00  0.00000E+00  0.00000E+00  0.00000E+00  0.00000E+00  0.00000E+00  0.00000E+00  0.00000E+00  0.00000E+00  0.00000E+00  0.00000E+00  0.00000E+00  0.00000E+00  0.00000E+00
   19272   3  1.55777E-01  1.55777E-01  3.01234E-02  3.01234E-02  3.01234E-02  7.33230E-03  7.33230E-03  7.33230E-03  7.33230E-03  7.33230E-03  7.33230E-03  7.33230E-03  7.33230E-03  1.55777E-01  1.55777E-01  1.55777E-01  1.55777E-01  1.55777E-01  1.55777E-01  1.55777E-01  1.55777E-01  1.55777E-01  1.55777E-01  1.55777E-01
   19626   3  1.12507E-01  1.12507E-01  1.12507E-01  1.12507E-01  1.12507E-01  1.01501E-01  1.01501E-01  1.01501E-01  1.01501E-01  1.01501E-01  1.01501E-01  1.01501E-01  1.01501E-01  1.12749E-01  1.12749E-01  1.12749E-01  1.12749E-01  1.12749E-01  1.12749E-01  1.12749E-01  1.12749E-01  1.12507E-01  1.12507E-01  1.12507E-01
   19626   4  1.87925E+00  1.87925E+00  1.87925E+00  1.87925E+00  1.87925E+00  1.87925E+00  1.87925E+00  1.87925E+00  1.87925E+00  1.87925E+00  1.87925E+00  1.87925E+00  1.87925E+00  1.87925E+00  1.87925E+00  1.87925E+00  1.87925E+00  1.87925E+00  1.87925E+00  1.87925E+00  1.87925E+00  1.87925E+00  1.87925E+00  1.87925E+00
   19626   5  0.00000E+00  0.00000E+00  0.00000E+00  0.00000E+00  0.00000E+00  0.00000E+00  0.00000E+00  0.00000E+00  0.00000E+00  0.00000E+00  0.00000E+00  0.00000E+00  0.00000E+00  0.00000E+00  0.00000E+00  0.00000E+00  0.00000E+00  0.00000E+00  0.00000E+00  0.00000E+00  0.00000E+00  0.00000E+00  0.00000E+00  0.00000E+00
   19270   3  8.54746E-02  8.54746E-02  6.34113E-02  6.34113E-02  6.34113E-02  6.34113E-02  6.34113E-02  6.34113E-02  6.34113E-02  6.34113E-02  6.34113E-02  6.34113E-02  6.34113E-02  8.54786E-02  8.54786E-02  8.54786E-02  8.54786E-02  8.54786E-02  8.54786E-02  8.54786E-02  8.54786E-02  8.54746E-02  8.54746E-02  8.54746E-02
   19270   4  1.95245E-01  1.95245E-01  1.95245E-01  1.95245E-01  1.95245E-01  1.95245E-01  1.95245E-01  1.95245E-01  1.95245E-01  1.95245E-01  1.95245E-01  1.95245E-01  1.95245E-01  1.95536E-01  1.95536E-01  1.95536E-01  1.95536E-01  1.95536E-01  1.95536E-01  1.95536E-01  1.95536E-01  1.95245E-01  1.95245E-01  1.95245E-01
   19623   4  5.39278E-04  5.39278E-04  5.39278E-04  5.39278E-04  5.39278E-04  5.39278E-04  5.39278E-04  5.39278E-04  5.39278E-04  5.39278E-04  5.39278E-04  5.39278E-04  5.39278E-04  5.39278E-04  5.39278E-04  5.39278E-04  5.39278E-04  5.39278E-04  5.39278E-04  5.39278E-04  5.39278E-04  5.39278E-04  5.39278E-04  5.39278E-04
   19623   3  1.02655E-01  1.02655E-01  1.02655E-01  1.02655E-01  1.02655E-01  1.02655E-01  1.02655E-01  1.02655E-01  1.02655E-01  1.02655E-01  1.02655E-01  1.02655E-01  1.02655E-01  1.02655E-01  1.02655E-01  1.02655E-01  1.02655E-01  1.02655E-01  1.02655E-01  1.02655E-01  1.02655E-01  1.02655E-01  1.02655E-01  1.02655E-01
   19623   7  0.00000E+00  0.00000E+00  0.00000E+00  0.00000E+00  0.00000E+00  0.00000E+00  0.00000E+00  0.00000E+00  0.00000E+00  0.00000E+00  0.00000E+00  0.00000E+00  0.00000E+00  2.08164E-01  2.08164E-01  2.08164E-01  2.08164E-01  2.08164E-01  2.08164E-01  2.08164E-01  2.08164E-01  0.00000E+00  0.00000E+00  0.00000E+00
   19273   4  5.59117E-01  5.59117E-01  5.59117E-01  5.59117E-01  5.59117E-01  5.59117E-01  5.59117E-01  5.59117E-01  5.59117E-01  5.59117E-01  5.59117E-01  5.59117E-01  5.59117E-01  5.59117E-01  5.59117E-01  5.59117E-01  5.59117E-01  5.59117E-01  5.59117E-01  5.59117E-01  5.59117E-01  5.59117E-01  5.59117E-01  5.59117E-01
   19273   3  1.60844E-01  1.60844E-01  9.01637E-02  9.01637E-02  9.01637E-02  9.01637E-02  9.01637E-02  9.01637E-02  9.01637E-02  9.01637E-02  9.01637E-02  9.01637E-02  9.01637E-02  1.63413E-01  1.63413E-01  1.63413E-01  1.63413E-01  1.63413E-01  1.63413E-01  1.63413E-01  1.63413E-01  1.60844E-01  1.60844E-01  1.60844E-01
   19273   5  0.00000E+00  0.00000E+00  0.00000E+00  0.00000E+00  0.00000E+00  0.00000E+00  0.00000E+00  0.00000E+00  0.00000E+00  0.00000E+00  0.00000E+00  0.00000E+00  0.00000E+00  0.00000E+00  0.00000E+00  0.00000E+00  0.00000E+00  0.00000E+00  0.00000E+00  0.00000E+00  0.00000E+00  0.00000E+00  0.00000E+00  0.00000E+00
   18917   4  2.99641E-01  2.99641E-01  2.99641E-01  2.99641E-01  2.99641E-01  2.99641E-01  2.99641E-01  2.99641E-01  2.99641E-01  2.99641E-01  2.99641E-01  2.99641E-01  2.99641E-01  2.99641E-01  2.99641E-01  2.99641E-01  2.99641E-01  2.99641E-01  2.99641E-01  2.99641E-01  2.99641E-01  2.99641E-01  2.99641E-01  2.99641E-01
   18917   3  1.12224E-01  1.12224E-01  3.13291E-04  3.13291E-04  3.13291E-04  3.13291E-04  3.13291E-04  3.13291E-04  3.13291E-04  3.13291E-04  3.13291E-04  3.13291E-04  3.13291E-04  1.12224E-01  1.12224E-01  1.12224E-01  1.12224E-01  1.12224E-01  1.12224E-01  1.12224E-01  1.12224E-01  1.12224E-01  1.12224E-01  1.12224E-01
   18919   3  9.25989E-02  9.25989E-02  4.18792E-02  4.18792E-02  4.18792E-02  2.54981E-02  2.54981E-02  2.54981E-02  2.54981E-02  2.54981E-02  2.54981E-02  2.54981E-02  2.54981E-02  9.25989E-02  9.25989E-02  9.25989E-02  9.25989E-02  9.25989E-02  9.25989E-02  9.25989E-02  9.25989E-02  9.25989E-02  9.25989E-02  9.25989E-02
   18919   4  6.43791E-02  6.43791E-02  6.43791E-02  6.43791E-02  6.43791E-02  6.43791E-02  6.43791E-02  6.43791E-02  6.43791E-02  6.43791E-02  6.43791E-02  6.43791E-02  6.43791E-02  6.43791E-02  6.43791E-02  6.43791E-02  6.43791E-02  6.43791E-02  6.43791E-02  6.43791E-02  6.43791E-02  6.43791E-02  6.43791E-02  6.43791E-02
   19624   5  0.00000E+00  0.00000E+00  0.00000E+00  0.00000E+00  0.00000E+00  0.00000E+00  0.00000E+00  0.00000E+00  0.00000E+00  0.00000E+00  0.00000E+00  0.00000E+00  0.00000E+00  0.00000E+00  0.00000E+00  0.00000E+00  0.00000E+00  0.00000E+00  0.00000E+00  0.00000E+00  0.00000E+00  0.00000E+00  0.00000E+00  0.00000E+00
   19976   5  0.00000E+00  0.00000E+00  0.00000E+00  0.00000E+00  0.00000E+00  0.00000E+00  0.00000E+00  0.00000E+00  0.00000E+00  0.00000E+00  0.00000E+00  0.00000E+00  0.00000E+00  0.00000E+00  0.00000E+00  0.00000E+00  0.00000E+00  0.00000E+00  0.00000E+00  0.00000E+00  0.00000E+00  0.00000E+00  0.00000E+00  0.00000E+00
   19976   2  3.60104E-01  3.60104E-01  3.60104E-01  3.60104E-01  3.60104E-01  3.60104E-01  3.60104E-01  3.60104E-01  3.60104E-01  3.60104E-01  3.60104E-01  3.60104E-01  3.60104E-01  3.60104E-01  3.60104E-01  3.60104E-01  3.60104E-01  3.60104E-01  3.60104E-01  3.60104E-01  3.60104E-01  3.60104E-01  3.60104E-01  3.60104E-01
   19978   7  0.00000E+00  0.00000E+00  0.00000E+00  0.00000E+00  0.00000E+00  0.00000E+00  0.00000E+00  0.00000E+00  0.00000E+00  0.00000E+00  0.00000E+00  0.00000E+00  0.00000E+00  2.16231E-01  2.16231E-01  2.16231E-01  2.16231E-01  2.16231E-01  2.16231E-01  2.16231E-01  2.16231E-01  0.00000E+00  0.00000E+00  0.00000E+00
   44604   3  1.28891E-04  1.28891E-04  1.28891E-04  1.28891E-04  1.28891E-04  1.28891E-04  1.28891E-04  1.28891E-04  1.28891E-04  1.28891E-04  1.28891E-04  1.28891E-04  1.28891E-04  1.28891E-04  1.28891E-04  1.28891E-04  1.28891E-04  1.28891E-04  1.28891E-04  1.28891E-04  1.28891E-04  1.28891E-04  1.28891E-04  1.28891E-04
   42517   3  1.50433E-06  1.50433E-06  1.50433E-06  1.50433E-06  1.50433E-06  1.50433E-06  1.50433E-06  1.50433E-06  1.50433E-06  1.50433E-06  1.50433E-06  1.50433E-06  1.50433E-06  1.50433E-06  1.50433E-06  1.50433E-06  1.50433E-06  1.50433E-06  1.50433E-06  1.50433E-06  1.50433E-06  1.50433E-06  1.50433E-06  1.50433E-06
   43929   3  0.00000E+00  0.00000E+00  0.00000E+00  0.00000E+00  0.00000E+00  0.00000E+00  0.00000E+00  0.00000E+00  0.00000E+00  0.00000E+00  0.00000E+00  0.00000E+00  0.00000E+00  0.00000E+00  0.00000E+00  0.00000E+00  0.00000E+00  0.00000E+00  0.00000E+00  0.00000E+00  0.00000E+00  0.00000E+00  0.00000E+00  0.00000E+00
   39330   3  4.01250E-04  4.01250E-04  4.01250E-04  4.01250E-04  4.01250E-04  4.01250E-04  4.01250E-04  4.01250E-04  4.01250E-04  4.01250E-04  4.01250E-04  4.01250E-04  4.01250E-04  4.01250E-04  4.01250E-04  4.01250E-04  4.01250E-04  4.01250E-04  4.01250E-04  4.01250E-04  4.01250E-04  4.01250E-04  4.01250E-04  4.01250E-04
   39327   2  2.80448E+00  2.80448E+00  2.80448E+00  2.80448E+00  2.80448E+00  2.80448E+00  2.80448E+00  2.80448E+00  2.80448E+00  2.80448E+00  2.80448E+00  2.80448E+00  2.80448E+00  2.80448E+00  2.80448E+00  2.80448E+00  2.80448E+00  2.80448E+00  2.80448E+00  2.80448E+00  2.80448E+00  2.80448E+00  2.80448E+00  2.80448E+00
   39327   4  4.55008E-01  4.55008E-01  4.55008E-01  4.55008E-01  4.55008E-01  4.55008E-01  4.55008E-01  4.55008E-01  4.55008E-01  4.55008E-01  4.55008E-01  4.55008E-01  4.55008E-01  4.55008E-01  4.55008E-01  4.55008E-01  4.55008E-01  4.55008E-01  4.55008E-01  4.55008E-01  4.55008E-01  4.55008E-01  4.55008E-01  4.55008E-01
   39683   4  2.99610E-02  2.99610E-02  2.99610E-02  2.99610E-02  2.99610E-02  2.99610E-02  2.99610E-02  2.99610E-02  2.99610E-02  2.99610E-02  2.99610E-02  2.99610E-02  2.99610E-02  2.99610E-02  2.99610E-02  2.99610E-02  2.99610E-02  2.99610E-02  2.99610E-02  2.99610E-02  2.99610E-02  2.99610E-02  2.99610E-02  2.99610E-02
   39682   7  0.00000E+00  0.00000E+00  0.00000E+00  0.00000E+00  0.00000E+00  0.00000E+00  0.00000E+00  0.00000E+00  0.00000E+00  0.00000E+00  0.00000E+00  0.00000E+00  0.00000E+00  0.00000E+00  0.00000E+00  0.00000E+00  0.00000E+00  0.00000E+00  0.00000E+00  0.00000E+00  0.00000E+00  0.00000E+00  0.00000E+00  0.00000E+00
   46049   3  0.00000E+00  0.00000E+00  0.00000E+00  0.00000E+00  0.00000E+00  0.00000E+00  0.00000E+00  0.00000E+00  0.00000E+00  0.00000E+00  0.00000E+00  0.00000E+00  0.00000E+00  0.00000E+00  0.00000E+00  0.00000E+00  0.00000E+00  0.00000E+00  0.00000E+00  0.00000E+00  0.00000E+00  0.00000E+00  0.00000E+00  0.00000E+00
   46755   2  1.26938E+01  1.25060E+01  1.18082E+01  1.06542E+01  9.44655E+00  7.98532E+00  7.39381E+00  7.09806E+00  6.99948E+00  7.19665E+00  7.78815E+00  8.72470E+00  9.93236E+00  1.06717E+01  1.12632E+01  1.17808E+01  1.19780E+01  1.21751E+01  1.22491E+01  1.23477E+01  1.23230E+01  1.22491E+01  1.20519E+01  1.17562E+01
   46403   3  0.00000E+00  0.00000E+00  0.00000E+00  0.00000E+00  0.00000E+00  0.00000E+00  0.00000E+00  0.00000E+00  0.00000E+00  0.00000E+00  0.00000E+00  0.00000E+00  0.00000E+00  0.00000E+00  0.00000E+00  0.00000E+00  0.00000E+00  0.00000E+00  0.00000E+00  0.00000E+00  0.00000E+00  0.00000E+00  0.00000E+00  0.00000E+00
   46755   1  0.00000E+00  0.00000E+00  0.00000E+00  0.00000E+00  0.00000E+00  0.00000E+00  0.00000E+00  0.00000E+00  0.00000E+00  0.00000E+00  0.00000E+00  0.00000E+00  0.00000E+00  0.00000E+00  0.00000E+00  0.00000E+00  0.00000E+00  0.00000E+00  0.00000E+00  0.00000E+00  0.00000E+00  0.00000E+00  0.00000E+00  0.00000E+00
   46755   3  1.20368E-02  1.20368E-02  1.20368E-02  1.20368E-02  1.20368E-02  1.20368E-02  1.20368E-02  1.20368E-02  1.20368E-02  1.20368E-02  1.20368E-02  1.20368E-02  1.20368E-02  1.20368E-02  1.20368E-02  1.20368E-02  1.20368E-02  1.20368E-02  1.20368E-02  1.20368E-02  1.20368E-02  1.20368E-02  1.20368E-02  1.20368E-02
   46755   4  2.11981E-01  2.11981E-01  2.11981E-01  2.11981E-01  2.11981E-01  2.11981E-01  2.11981E-01  2.11981E-01  2.11981E-01  2.11981E-01  2.11981E-01  2.11981E-01  2.11981E-01  2.11981E-01  2.11981E-01  2.11981E-01  2.11981E-01  2.11981E-01  2.11981E-01  2.11981E-01  2.11981E-01  2.11981E-01  2.11981E-01  2.11981E-01
   46753   4  0.00000E+00  0.00000E+00  0.00000E+00  0.00000E+00  0.00000E+00  0.00000E+00  0.00000E+00  0.00000E+00  0.00000E+00  0.00000E+00  0.00000E+00  0.00000E+00  0.00000E+00  5.44500E-02  5.44500E-02  5.44500E-02  5.44500E-02  5.44500E-02  5.44500E-02  5.44500E-02  5.44500E-02  0.00000E+00  0.00000E+00  0.00000E+00
   47110   3  4.18862E-03  4.18862E-03  4.18862E-03  4.18862E-03  4.18862E-03  4.18862E-03  4.18862E-03  4.18862E-03  4.18862E-03  4.18862E-03  4.18862E-03  4.18862E-03  4.18862E-03  4.18862E-03  4.18862E-03  4.18862E-03  4.18862E-03  4.18862E-03  4.18862E-03  4.18862E-03  4.18862E-03  4.18862E-03  4.18862E-03  4.18862E-03
   46402   7  0.00000E+00  0.00000E+00  0.00000E+00  0.00000E+00  0.00000E+00  0.00000E+00  0.00000E+00  0.00000E+00  0.00000E+00  0.00000E+00  0.00000E+00  0.00000E+00  0.00000E+00  0.00000E+00  0.00000E+00  0.00000E+00  0.00000E+00  0.00000E+00  0.00000E+00  0.00000E+00  0.00000E+00  0.00000E+00  0.00000E+00  0.00000E+00
   47787   3  1.67364E-05  1.67364E-05  1.67364E-05  1.67364E-05  1.67364E-05  1.67364E-05  1.67364E-05  1.67364E-05  1.67364E-05  1.67364E-05  1.67364E-05  1.67364E-05  1.67364E-05  1.67364E-05  1.67364E-05  1.67364E-05  1.67364E-05  1.67364E-05  1.67364E-05  1.67364E-05  1.67364E-05  1.67364E-05  1.67364E-05  1.67364E-05
   47460   4  0.00000E+00  0.00000E+00  0.00000E+00  0.00000E+00  0.00000E+00  0.00000E+00  0.00000E+00  0.00000E+00  0.00000E+00  0.00000E+00  0.00000E+00  0.00000E+00  0.00000E+00  0.00000E+00  0.00000E+00  0.00000E+00  0.00000E+00  0.00000E+00  0.00000E+00  0.00000E+00  0.00000E+00  0.00000E+00  0.00000E+00  0.00000E+00
   42139   3  2.10059E-01  2.10059E-01  2.10059E-01  2.10059E-01  2.10059E-01  2.10059E-01  2.10059E-01  2.10059E-01  2.10059E-01  2.10059E-01  2.10059E-01  2.10059E-01  2.10059E-01  2.10059E-01  2.10059E-01  2.10059E-01  2.10059E-01  2.10059E-01  2.10059E-01  2.10059E-01  2.10059E-01  2.10059E-01  2.10059E-01  2.10059E-01
   41804   3  3.79273E-05  3.79273E-05  3.79273E-05  3.79273E-05  3.79273E-05  3.79273E-05  3.79273E-05  3.79273E-05  3.79273E-05  3.79273E-05  3.79273E-05  3.79273E-05  3.79273E-05  3.79273E-05  3.79273E-05  3.79273E-05  3.79273E-05  3.79273E-05  3.79273E-05  3.79273E-05  3.79273E-05  3.79273E-05  3.79273E-05  3.79273E-05
   40021   4  6.22788E-05  6.22788E-05  6.22788E-05  6.22788E-05  6.22788E-05  6.22788E-05  6.22788E-05  6.22788E-05  6.22788E-05  6.22788E-05  6.22788E-05  6.22788E-05  6.22788E-05  6.22788E-05  6.22788E-05  6.22788E-05  6.22788E-05  6.22788E-05  6.22788E-05  6.22788E-05  6.22788E-05  6.22788E-05  6.22788E-05  6.22788E-05
   43907   3  0.00000E+00  0.00000E+00  0.00000E+00  0.00000E+00  0.00000E+00  0.00000E+00  0.00000E+00  0.00000E+00  0.00000E+00  0.00000E+00  0.00000E+00  0.00000E+00  0.00000E+00  0.00000E+00  0.00000E+00  0.00000E+00  0.00000E+00  0.00000E+00  0.00000E+00  0.00000E+00  0.00000E+00  0.00000E+00  0.00000E+00  0.00000E+00
   24538   7  0.00000E+00  0.00000E+00  0.00000E+00  0.00000E+00  0.00000E+00  0.00000E+00  0.00000E+00  0.00000E+00  0.00000E+00  0.00000E+00  0.00000E+00  0.00000E+00  0.00000E+00  0.00000E+00  0.00000E+00  0.00000E+00  0.00000E+00  0.00000E+00  0.00000E+00  0.00000E+00  0.00000E+00  0.00000E+00  0.00000E+00  0.00000E+00
   24549   3  0.00000E+00  0.00000E+00  0.00000E+00  0.00000E+00  0.00000E+00  0.00000E+00  0.00000E+00  0.00000E+00  0.00000E+00  0.00000E+00  0.00000E+00  0.00000E+00  0.00000E+00  0.00000E+00  0.00000E+00  0.00000E+00  0.00000E+00  0.00000E+00  0.00000E+00  0.00000E+00  0.00000E+00  0.00000E+00  0.00000E+00  0.00000E+00
   24549   4  1.07730E-03  1.07730E-03  1.07730E-03  1.07730E-03  1.07730E-03  1.07730E-03  1.07730E-03  1.07730E-03  1.07730E-03  1.07730E-03  1.07730E-03  1.07730E-03  1.07730E-03  1.07730E-03  1.07730E-03  1.07730E-03  1.07730E-03  1.07730E-03  1.07730E-03  1.07730E-03  1.07730E-03  1.07730E-03  1.07730E-03  1.07730E-03
   24547   4  4.19489E-01  4.19489E-01  4.19489E-01  4.19489E-01  4.19489E-01  4.19489E-01  4.19489E-01  4.19489E-01  4.19489E-01  4.19489E-01  4.19489E-01  4.19489E-01  4.19489E-01  1.99646E+01  1.99646E+01  1.99646E+01  1.99646E+01  1.99646E+01  1.99646E+01  1.99646E+01  1.99646E+01  4.19489E-01  4.19489E-01  4.19489E-01
   24547   6  1.77696E+01  1.77696E+01  1.77696E+01  1.77696E+01  1.77696E+01  1.77696E+01  1.77696E+01  1.77696E+01  1.77696E+01  1.77696E+01  1.77696E+01  1.77696E+01  1.77696E+01  1.77696E+01  1.77696E+01  1.77696E+01  1.77696E+01  1.77696E+01  1.77696E+01  1.77696E+01  1.77696E+01  1.77696E+01  1.77696E+01  1.77696E+01
   24547   2  2.53851E+00  2.53851E+00  2.53851E+00  2.53851E+00  2.53851E+00  2.53851E+00  2.53851E+00  2.53851E+00  2.53851E+00  2.53851E+00  2.53851E+00  2.53851E+00  2.53851E+00  2.53851E+00  2.53851E+00  2.53851E+00  2.53851E+00  2.53851E+00  2.53851E+00  2.53851E+00  2.53851E+00  2.53851E+00  2.53851E+00  2.53851E+00
   24547   5  1.01540E+01  1.01540E+01  1.01540E+01  1.01540E+01  1.01540E+01  1.01540E+01  1.01540E+01  1.01540E+01  1.01540E+01  1.01540E+01  1.01540E+01  1.01540E+01  1.01540E+01  1.44974E+01  1.44974E+01  1.44974E+01  1.44974E+01  1.44974E+01  1.44974E+01  1.44974E+01  1.44974E+01  1.01540E+01  1.01540E+01  1.01540E+01
   24547   3  2.53851E+00  2.53851E+00  2.53851E+00  2.53851E+00  2.53851E+00  2.53851E+00  2.53851E+00  2.53851E+00  2.53851E+00  2.53851E+00  2.53851E+00  2.53851E+00  2.53851E+00  2.20836E+01  2.20836E+01  2.20836E+01  2.20836E+01  2.20836E+01  2.20836E+01  2.20836E+01  2.20836E+01  2.53851E+00  2.53851E+00  2.53851E+00
   24547   7  0.00000E+00  0.00000E+00  0.00000E+00  0.00000E+00  0.00000E+00  0.00000E+00  0.00000E+00  0.00000E+00  0.00000E+00  0.00000E+00  0.00000E+00  0.00000E+00  0.00000E+00  0.00000E+00  0.00000E+00  0.00000E+00  0.00000E+00  0.00000E+00  0.00000E+00  0.00000E+00  0.00000E+00  0.00000E+00  0.00000E+00  0.00000E+00
   26660   3  2.62779E-03  2.62779E-03  2.62779E-03  2.62779E-03  2.62779E-03  2.62779E-03  2.62779E-03  2.62779E-03  2.62779E-03  2.62779E-03  2.62779E-03  2.62779E-03  2.62779E-03  2.62779E-03  2.62779E-03  2.62779E-03  2.62779E-03  2.62779E-03  2.62779E-03  2.62779E-03  2.62779E-03  2.62779E-03  2.62779E-03  2.62779E-03
   25246   4  5.36962E-03  5.36962E-03  5.36962E-03  5.36962E-03  5.36962E-03  5.36962E-03  5.36962E-03  5.36962E-03  5.36962E-03  5.36962E-03  5.36962E-03  5.36962E-03  5.36962E-03  5.36962E-03  5.36962E-03  5.36962E-03  5.36962E-03  5.36962E-03  5.36962E-03  5.36962E-03  5.36962E-03  5.36962E-03  5.36962E-03  5.36962E-03
   25246   7  0.00000E+00  0.00000E+00  0.00000E+00  0.00000E+00  0.00000E+00  0.00000E+00  0.00000E+00  0.00000E+00  0.00000E+00  0.00000E+00  0.00000E+00  0.00000E+00  0.00000E+00  0.00000E+00  0.00000E+00  0.00000E+00  0.00000E+00  0.00000E+00  0.00000E+00  0.00000E+00  0.00000E+00  0.00000E+00  0.00000E+00  0.00000E+00
   27008   7  1.66603E+00  1.66603E+00  1.66603E+00  1.66603E+00  1.66603E+00  0.00000E+00  0.00000E+00  0.00000E+00  0.00000E+00  0.00000E+00  0.00000E+00  0.00000E+00  1.66603E+00  1.66603E+00  1.66603E+00  1.66603E+00  1.66603E+00  1.66603E+00  1.66603E+00  1.66603E+00  1.66603E+00  1.66603E+00  1.66603E+00  1.66603E+00
   27008   4  2.16875E-05  2.16875E-05  2.16875E-05  2.16875E-05  2.16875E-05  2.16875E-05  2.16875E-05  2.16875E-05  2.16875E-05  2.16875E-05  2.16875E-05  2.16875E-05  2.16875E-05  2.16875E-05  2.16875E-05  2.16875E-05  2.16875E-05  2.16875E-05  2.16875E-05  2.16875E-05  2.16875E-05  2.16875E-05  2.16875E-05  2.16875E-05
   24896   2  6.56718E+01  6.50250E+01  6.26227E+01  5.86495E+01  5.44916E+01  4.94606E+01  4.74241E+01  4.64058E+01  4.60664E+01  4.67453E+01  4.87818E+01  5.20063E+01  5.61642E+01  5.87099E+01  6.07464E+01  6.25284E+01  6.32072E+01  6.38861E+01  6.41406E+01  6.44800E+01  6.43952E+01  6.41406E+01  6.34618E+01  6.24435E+01
   24896   6  1.45681E+01  1.43525E+01  1.35517E+01  1.22274E+01  1.08414E+01  9.16439E+00  8.48555E+00  8.14612E+00  8.03298E+00  8.25927E+00  8.93811E+00  1.00129E+01  1.13989E+01  1.22475E+01  1.29263E+01  1.35203E+01  1.37466E+01  1.39729E+01  1.40577E+01  1.41709E+01  1.41426E+01  1.40577E+01  1.38314E+01  1.34920E+01
   24896   7  3.54541E+00  3.54541E+00  3.54541E+00  3.54541E+00  3.54541E+00  0.00000E+00  0.00000E+00  0.00000E+00  0.00000E+00  0.00000E+00  0.00000E+00  0.00000E+00  3.54541E+00  3.54541E+00  3.54541E+00  3.54541E+00  3.54541E+00  3.54541E+00  3.54541E+00  3.54541E+00  3.54541E+00  3.54541E+00  3.54541E+00  3.54541E+00
   24896   3  7.19958E+00  7.19958E+00  7.19958E+00  7.19958E+00  7.19958E+00  7.19958E+00  7.19958E+00  7.19958E+00  7.19958E+00  7.19958E+00  7.19958E+00  7.19958E+00  7.19958E+00  7.19958E+00  7.19958E+00  7.19958E+00  7.19958E+00  7.19958E+00  7.19958E+00  7.19958E+00  7.19958E+00  7.19958E+00  7.19958E+00  7.19958E+00
   24896   4  1.55310E-01  1.55310E-01  1.55310E-01  1.55310E-01  1.55310E-01  1.55310E-01  1.55310E-01  1.55310E-01  1.55310E-01  1.55310E-01  1.55310E-01  1.55310E-01  1.55310E-01  1.55310E-01  1.55310E-01  1.55310E-01  1.55310E-01  1.55310E-01  1.55310E-01  1.55310E-01  1.55310E-01  1.55310E-01  1.55310E-01  1.55310E-01
   23133   3  1.78396E-04  1.78396E-04  1.78396E-04  1.78396E-04  1.78396E-04  1.78396E-04  1.78396E-04  1.78396E-04  1.78396E-04  1.78396E-04  1.78396E-04  1.78396E-04  1.78396E-04  1.78396E-04  1.78396E-04  1.78396E-04  1.78396E-04  1.78396E-04  1.78396E-04  1.78396E-04  1.78396E-04  1.78396E-04  1.78396E-04  1.78396E-04
   26300   4  9.36980E-01  9.36980E-01  9.36980E-01  9.36980E-01  9.36980E-01  9.36980E-01  9.36980E-01  9.36980E-01  9.36980E-01  9.36980E-01  9.36980E-01  9.36980E-01  9.36980E-01  9.36980E-01  9.36980E-01  9.36980E-01  9.36980E-01  9.36980E-01  9.36980E-01  9.36980E-01  9.36980E-01  9.36980E-01  9.36980E-01  9.36980E-01
   26669   4  2.12695E-04  2.12695E-04  2.12695E-04  2.12695E-04  2.12695E-04  2.12695E-04  2.12695E-04  2.12695E-04  2.12695E-04  2.12695E-04  2.12695E-04  2.12695E-04  2.12695E-04  2.12695E-04  2.12695E-04  2.12695E-04  2.12695E-04  2.12695E-04  2.12695E-04  2.12695E-04  2.12695E-04  2.12695E-04  2.12695E-04  2.12695E-04
   26669   3  8.97101E-03  8.97101E-03  8.97101E-03  8.97101E-03  8.97101E-03  8.97101E-03  8.97101E-03  8.97101E-03  8.97101E-03  8.97101E-03  8.97101E-03  8.97101E-03  8.97101E-03  8.97101E-03  8.97101E-03  8.97101E-03  8.97101E-03  8.97101E-03  8.97101E-03  8.97101E-03  8.97101E-03  8.97101E-03  8.97101E-03  8.97101E-03
   24545   3  9.62375E-04  9.62375E-04  9.62375E-04  9.62375E-04  9.62375E-04  9.62375E-04  9.62375E-04  9.62375E-04  9.62375E-04  9.62375E-04  9.62375E-04  9.62375E-04  9.62375E-04  9.62375E-04  9.62375E-04  9.62375E-04  9.62375E-04  9.62375E-04  9.62375E-04  9.62375E-04  9.62375E-04  9.62375E-04  9.62375E-04  9.62375E-04
    9028   3  2.23446E-02  2.23446E-02  2.23446E-02  2.23446E-02  2.23446E-02  2.23446E-02  2.23446E-02  2.23446E-02  2.23446E-02  2.23446E-02  2.23446E-02  2.23446E-02  2.23446E-02  2.23446E-02  2.23446E-02  2.23446E-02  2.23446E-02  2.23446E-02  2.23446E-02  2.23446E-02  2.23446E-02  2.23446E-02  2.23446E-02  2.23446E-02
    9028   2  0.00000E+00  0.00000E+00  0.00000E+00  0.00000E+00  0.00000E+00  0.00000E+00  0.00000E+00  0.00000E+00  0.00000E+00  0.00000E+00  0.00000E+00  0.00000E+00  0.00000E+00  0.00000E+00  0.00000E+00  0.00000E+00  0.00000E+00  0.00000E+00  0.00000E+00  0.00000E+00  0.00000E+00  0.00000E+00  0.00000E+00  0.00000E+00
    9028   7  0.00000E+00  0.00000E+00  0.00000E+00  0.00000E+00  0.00000E+00  0.00000E+00  0.00000E+00  0.00000E+00  0.00000E+00  0.00000E+00  0.00000E+00  0.00000E+00  0.00000E+00  0.00000E+00  0.00000E+00  0.00000E+00  0.00000E+00  0.00000E+00  0.00000E+00  0.00000E+00  0.00000E+00  0.00000E+00  0.00000E+00  0.00000E+00
   14677   7  0.00000E+00  0.00000E+00  0.00000E+00  0.00000E+00  0.00000E+00  0.00000E+00  0.00000E+00  0.00000E+00  0.00000E+00  0.00000E+00  0.00000E+00  0.00000E+00  0.00000E+00  0.00000E+00  0.00000E+00  0.00000E+00  0.00000E+00  0.00000E+00  0.00000E+00  0.00000E+00  0.00000E+00  0.00000E+00  0.00000E+00  0.00000E+00
   15736   3  1.11056E-05  1.11056E-05  1.11056E-05  1.11056E-05  1.11056E-05  1.11056E-05  1.11056E-05  1.11056E-05  1.11056E-05  1.11056E-05  1.11056E-05  1.11056E-05  1.11056E-05  1.11056E-05  1.11056E-05  1.11056E-05  1.11056E-05  1.11056E-05  1.11056E-05  1.11056E-05  1.11056E-05  1.11056E-05  1.11056E-05  1.11056E-05
   13592   2  1.20753E+02  1.18966E+02  1.12329E+02  1.01351E+02  8.98629E+01  7.59625E+01  7.03357E+01  6.75222E+01  6.65844E+01  6.84600E+01  7.40869E+01  8.29961E+01  9.44842E+01  1.01518E+02  1.07145E+02  1.12068E+02  1.13944E+02  1.15819E+02  1.16523E+02  1.17461E+02  1.17226E+02  1.16523E+02  1.14647E+02  1.11834E+02
   12912   3  0.00000E+00  0.00000E+00  0.00000E+00  0.00000E+00  0.00000E+00  0.00000E+00  0.00000E+00  0.00000E+00  0.00000E+00  0.00000E+00  0.00000E+00  0.00000E+00  0.00000E+00  0.00000E+00  0.00000E+00  0.00000E+00  0.00000E+00  0.00000E+00  0.00000E+00  0.00000E+00  0.00000E+00  0.00000E+00  0.00000E+00  0.00000E+00
   23165   4  8.96400E-04  8.96400E-04  8.96400E-04  8.96400E-04  8.96400E-04  8.96400E-04  8.96400E-04  8.96400E-04  8.96400E-04  8.96400E-04  8.96400E-04  8.96400E-04  8.96400E-04  8.96400E-04  8.96400E-04  8.96400E-04  8.96400E-04  8.96400E-04  8.96400E-04  8.96400E-04  8.96400E-04  8.96400E-04  8.96400E-04  8.96400E-04
   22447   4  2.29292E-03  2.29292E-03  2.29292E-03  2.29292E-03  2.29292E-03  2.29292E-03  2.29292E-03  2.29292E-03  2.29292E-03  2.29292E-03  2.29292E-03  2.29292E-03  2.29292E-03  2.29292E-03  2.29292E-03  2.29292E-03  2.29292E-03  2.29292E-03  2.29292E-03  2.29292E-03  2.29292E-03  2.29292E-03  2.29292E-03  2.29292E-03
   22447   3  1.22652E-02  1.22652E-02  1.22652E-02  1.22652E-02  1.22652E-02  1.22652E-02  1.22652E-02  1.22652E-02  1.22652E-02  1.22652E-02  1.22652E-02  1.22652E-02  1.22652E-02  1.22652E-02  1.22652E-02  1.22652E-02  1.22652E-02  1.22652E-02  1.22652E-02  1.22652E-02  1.22652E-02  1.22652E-02  1.22652E-02  1.22652E-02
   22447   5  0.00000E+00  0.00000E+00  0.00000E+00  0.00000E+00  0.00000E+00  0.00000E+00  0.00000E+00  0.00000E+00  0.00000E+00  0.00000E+00  0.00000E+00  0.00000E+00  0.00000E+00  0.00000E+00  0.00000E+00  0.00000E+00  0.00000E+00  0.00000E+00  0.00000E+00  0.00000E+00  0.00000E+00  0.00000E+00  0.00000E+00  0.00000E+00
   22094   3  4.17554E-02  4.17554E-02  4.17554E-02  4.17554E-02  4.17554E-02  4.17554E-02  4.17554E-02  4.17554E-02  4.17554E-02  4.17554E-02  4.17554E-02  4.17554E-02  4.17554E-02  4.17554E-02  4.17554E-02  4.17554E-02  4.17554E-02  4.17554E-02  4.17554E-02  4.17554E-02  4.17554E-02  4.17554E-02  4.17554E-02  4.17554E-02
   22094   2  7.82978E-02  7.82978E-02  7.82978E-02  7.82978E-02  7.82978E-02  7.82978E-02  7.82978E-02  7.82978E-02  7.82978E-02  7.82978E-02  7.82978E-02  7.82978E-02  7.82978E-02  7.82978E-02  7.82978E-02  7.82978E-02  7.82978E-02  7.82978E-02  7.82978E-02  7.82978E-02  7.82978E-02  7.82978E-02  7.82978E-02  7.82978E-02
   22094   4  5.04266E-02  5.04266E-02  5.04266E-02  5.04266E-02  5.04266E-02  5.04266E-02  5.04266E-02  5.04266E-02  5.04266E-02  5.04266E-02  5.04266E-02  5.04266E-02  5.04266E-02  5.04266E-02  5.04266E-02  5.04266E-02  5.04266E-02  5.04266E-02  5.04266E-02  5.04266E-02  5.04266E-02  5.04266E-02  5.04266E-02  5.04266E-02
   22458   4  2.62405E-04  2.62405E-04  2.62405E-04  2.62405E-04  2.62405E-04  2.62405E-04  2.62405E-04  2.62405E-04  2.62405E-04  2.62405E-04  2.62405E-04  2.62405E-04  2.62405E-04  2.62405E-04  2.62405E-04  2.62405E-04  2.62405E-04  2.62405E-04  2.62405E-04  2.62405E-04  2.62405E-04  2.62405E-04  2.62405E-04  2.62405E-04
   23854   3  5.47510E-01  5.47510E-01  5.47510E-01  5.47510E-01  5.47510E-01  5.47510E-01  5.47510E-01  5.47510E-01  5.47510E-01  5.47510E-01  5.47510E-01  5.47510E-01  5.47510E-01  5.47510E-01  5.47510E-01  5.47510E-01  5.47510E-01  5.47510E-01  5.47510E-01  5.47510E-01  5.47510E-01  5.47510E-01  5.47510E-01  5.47510E-01
   23854   4  0.00000E+00  0.00000E+00  0.00000E+00  0.00000E+00  0.00000E+00  0.00000E+00  0.00000E+00  0.00000E+00  0.00000E+00  0.00000E+00  0.00000E+00  0.00000E+00  0.00000E+00  0.00000E+00  0.00000E+00  0.00000E+00  0.00000E+00  0.00000E+00  0.00000E+00  0.00000E+00  0.00000E+00  0.00000E+00  0.00000E+00  0.00000E+00
   23854   2  5.66793E-02  5.66793E-02  5.66793E-02  5.66793E-02  5.66793E-02  5.66793E-02  5.66793E-02  5.66793E-02  5.66793E-02  5.66793E-02  5.66793E-02  5.66793E-02  5.66793E-02  5.66793E-02  5.66793E-02  5.66793E-02  5.66793E-02  5.66793E-02  5.66793E-02  5.66793E-02  5.66793E-02  5.66793E-02  5.66793E-02  5.66793E-02
   26688   3  0.00000E+00  0.00000E+00  0.00000E+00  0.00000E+00  0.00000E+00  0.00000E+00  0.00000E+00  0.00000E+00  0.00000E+00  0.00000E+00  0.00000E+00  0.00000E+00  0.00000E+00  0.00000E+00  0.00000E+00  0.00000E+00  0.00000E+00  0.00000E+00  0.00000E+00  0.00000E+00  0.00000E+00  0.00000E+00  0.00000E+00  0.00000E+00
   26688   2  0.00000E+00  0.00000E+00  0.00000E+00  0.00000E+00  0.00000E+00  0.00000E+00  0.00000E+00  0.00000E+00  0.00000E+00  0.00000E+00  0.00000E+00  0.00000E+00  0.00000E+00  0.00000E+00  0.00000E+00  0.00000E+00  0.00000E+00  0.00000E+00  0.00000E+00  0.00000E+00  0.00000E+00  0.00000E+00  0.00000E+00  0.00000E+00
   22806   3  2.16516E-04  2.16516E-04  2.16516E-04  2.16516E-04  2.16516E-04  2.16516E-04  2.16516E-04  2.16516E-04  2.16516E-04  2.16516E-04  2.16516E-04  2.16516E-04  2.16516E-04  2.16516E-04  2.16516E-04  2.16516E-04  2.16516E-04  2.16516E-04  2.16516E-04  2.16516E-04  2.16516E-04  2.16516E-04  2.16516E-04  2.16516E-04
   22805   3  4.44025E-04  4.44025E-04  4.44025E-04  4.44025E-04  4.44025E-04  4.44025E-04  4.44025E-04  4.44025E-04  4.44025E-04  4.44025E-04  4.44025E-04  4.44025E-04  4.44025E-04  4.44025E-04  4.44025E-04  4.44025E-04  4.44025E-04  4.44025E-04  4.44025E-04  4.44025E-04  4.44025E-04  4.44025E-04  4.44025E-04  4.44025E-04
   22806   7  0.00000E+00  0.00000E+00  0.00000E+00  0.00000E+00  0.00000E+00  0.00000E+00  0.00000E+00  0.00000E+00  0.00000E+00  0.00000E+00  0.00000E+00  0.00000E+00  0.00000E+00  0.00000E+00  0.00000E+00  0.00000E+00  0.00000E+00  0.00000E+00  0.00000E+00  0.00000E+00  0.00000E+00  0.00000E+00  0.00000E+00  0.00000E+00
   22806   4  5.70384E-01  5.70384E-01  5.70384E-01  5.70384E-01  5.70384E-01  5.70384E-01  5.70384E-01  5.70384E-01  5.70384E-01  5.70384E-01  5.70384E-01  5.70384E-01  5.70384E-01  5.70384E-01  5.70384E-01  5.70384E-01  5.70384E-01  5.70384E-01  5.70384E-01  5.70384E-01  5.70384E-01  5.70384E-01  5.70384E-01  5.70384E-01
   23506   3  1.20796E-01  1.20796E-01  1.20796E-01  1.20796E-01  1.20796E-01  1.20796E-01  1.20796E-01  1.20796E-01  1.20796E-01  1.20796E-01  1.20796E-01  1.20796E-01  1.20796E-01  1.20796E-01  1.20796E-01  1.20796E-01  1.20796E-01  1.20796E-01  1.20796E-01  1.20796E-01  1.20796E-01  1.20796E-01  1.20796E-01  1.20796E-01
   22453   3  0.00000E+00  0.00000E+00  0.00000E+00  0.00000E+00  0.00000E+00  0.00000E+00  0.00000E+00  0.00000E+00  0.00000E+00  0.00000E+00  0.00000E+00  0.00000E+00  0.00000E+00  0.00000E+00  0.00000E+00  0.00000E+00  0.00000E+00  0.00000E+00  0.00000E+00  0.00000E+00  0.00000E+00  0.00000E+00  0.00000E+00  0.00000E+00
   22457   4  2.65085E-03  2.65085E-03  2.65085E-03  2.65085E-03  2.65085E-03  2.65085E-03  2.65085E-03  2.65085E-03  2.65085E-03  2.65085E-03  2.65085E-03  2.65085E-03  2.65085E-03  2.65085E-03  2.65085E-03  2.65085E-03  2.65085E-03  2.65085E-03  2.65085E-03  2.65085E-03  2.65085E-03  2.65085E-03  2.65085E-03  2.65085E-03
   21396   7  0.00000E+00  0.00000E+00  0.00000E+00  0.00000E+00  0.00000E+00  0.00000E+00  0.00000E+00  0.00000E+00  0.00000E+00  0.00000E+00  0.00000E+00  0.00000E+00  0.00000E+00  8.78458E-01  8.78458E-01  8.78458E-01  8.78458E-01  8.78458E-01  8.78458E-01  8.78458E-01  8.78458E-01  0.00000E+00  0.00000E+00  0.00000E+00
   21395   4  1.72806E-01  1.72806E-01  1.72806E-01  1.72806E-01  1.72806E-01  1.72806E-01  1.72806E-01  1.72806E-01  1.72806E-01  1.72806E-01  1.72806E-01  1.72806E-01  1.72806E-01  1.72806E-01  1.72806E-01  1.72806E-01  1.72806E-01  1.72806E-01  1.72806E-01  1.72806E-01  1.72806E-01  1.72806E-01  1.72806E-01  1.72806E-01
   21396   4  1.40795E-01  1.40795E-01  1.40795E-01  1.40795E-01  1.40795E-01  1.40795E-01  1.40795E-01  1.40795E-01  1.40795E-01  1.40795E-01  1.40795E-01  1.40795E-01  1.40795E-01  1.40795E-01  1.40795E-01  1.40795E-01  1.40795E-01  1.40795E-01  1.40795E-01  1.40795E-01  1.40795E-01  1.40795E-01  1.40795E-01  1.40795E-01
   21740   4  3.30711E-03  3.30711E-03  3.30711E-03  3.30711E-03  3.30711E-03  3.30711E-03  3.30711E-03  3.30711E-03  3.30711E-03  3.30711E-03  3.30711E-03  3.30711E-03  3.30711E-03  3.30711E-03  3.30711E-03  3.30711E-03  3.30711E-03  3.30711E-03  3.30711E-03  3.30711E-03  3.30711E-03  3.30711E-03  3.30711E-03  3.30711E-03
   21739   4  2.08005E-02  2.08005E-02  2.08005E-02  2.08005E-02  2.08005E-02  2.08005E-02  2.08005E-02  2.08005E-02  2.08005E-02  2.08005E-02  2.08005E-02  2.08005E-02  2.08005E-02  2.08005E-02  2.08005E-02  2.08005E-02  2.08005E-02  2.08005E-02  2.08005E-02  2.08005E-02  2.08005E-02  2.08005E-02  2.08005E-02  2.08005E-02
   21740   3  2.65616E-02  2.65616E-02  2.65616E-02  2.65616E-02  2.65616E-02  0.00000E+00  0.00000E+00  0.00000E+00  0.00000E+00  0.00000E+00  0.00000E+00  0.00000E+00  0.00000E+00  2.65616E-02  2.65616E-02  2.65616E-02  2.65616E-02  2.65616E-02  2.65616E-02  2.65616E-02  2.65616E-02  2.65616E-02  2.65616E-02  2.65616E-02
   22093   4  7.02911E-02  7.02911E-02  7.02911E-02  7.02911E-02  7.02911E-02  7.02911E-02  7.02911E-02  7.02911E-02  7.02911E-02  7.02911E-02  7.02911E-02  7.02911E-02  7.02911E-02  7.02911E-02  7.02911E-02  7.02911E-02  7.02911E-02  7.02911E-02  7.02911E-02  7.02911E-02  7.02911E-02  7.02911E-02  7.02911E-02  7.02911E-02
   22093   7  0.00000E+00  0.00000E+00  0.00000E+00  0.00000E+00  0.00000E+00  0.00000E+00  0.00000E+00  0.00000E+00  0.00000E+00  0.00000E+00  0.00000E+00  0.00000E+00  0.00000E+00  0.00000E+00  0.00000E+00  0.00000E+00  0.00000E+00  0.00000E+00  0.00000E+00  0.00000E+00  0.00000E+00  0.00000E+00  0.00000E+00  0.00000E+00
   21744   3  3.39356E-01  3.39356E-01  3.39356E-01  3.39356E-01  3.39356E-01  3.39356E-01  3.39356E-01  3.39356E-01  3.39356E-01  3.39356E-01  3.39356E-01  3.39356E-01  3.39356E-01  3.39356E-01  3.39356E-01  3.39356E-01  3.39356E-01  3.39356E-01  3.39356E-01  3.39356E-01  3.39356E-01  3.39356E-01  3.39356E-01  3.39356E-01
   21744   4  1.72682E-01  1.72682E-01  1.72682E-01  1.72682E-01  1.72682E-01  1.72682E-01  1.72682E-01  1.72682E-01  1.72682E-01  1.72682E-01  1.72682E-01  1.72682E-01  1.72682E-01  1.72682E-01  1.72682E-01  1.72682E-01  1.72682E-01  1.72682E-01  1.72682E-01  1.72682E-01  1.72682E-01  1.72682E-01  1.72682E-01  1.72682E-01
   21391   4  7.18510E-01  7.18510E-01  7.18510E-01  7.18510E-01  7.18510E-01  7.18510E-01  7.18510E-01  7.18510E-01  7.18510E-01  7.18510E-01  7.18510E-01  7.18510E-01  7.18510E-01  7.18510E-01  7.18510E-01  7.18510E-01  7.18510E-01  7.18510E-01  7.18510E-01  7.18510E-01  7.18510E-01  7.18510E-01  7.18510E-01  7.18510E-01
   21391   3  3.88200E-01  3.88200E-01  3.88200E-01  3.88200E-01  3.88200E-01  3.88200E-01  3.88200E-01  3.88200E-01  3.88200E-01  3.88200E-01  3.88200E-01  3.88200E-01  3.88200E-01  3.88200E-01  3.88200E-01  3.88200E-01  3.88200E-01  3.88200E-01  3.88200E-01  3.88200E-01  3.88200E-01  3.88200E-01  3.88200E-01  3.88200E-01
   21744   5  0.00000E+00  0.00000E+00  0.00000E+00  0.00000E+00  0.00000E+00  0.00000E+00  0.00000E+00  0.00000E+00  0.00000E+00  0.00000E+00  0.00000E+00  0.00000E+00  0.00000E+00  0.00000E+00  0.00000E+00  0.00000E+00  0.00000E+00  0.00000E+00  0.00000E+00  0.00000E+00  0.00000E+00  0.00000E+00  0.00000E+00  0.00000E+00
   22098   4  4.43115E-02  4.43115E-02  4.43115E-02  4.43115E-02  4.43115E-02  4.43115E-02  4.43115E-02  4.43115E-02  4.43115E-02  4.43115E-02  4.43115E-02  4.43115E-02  4.43115E-02  4.43115E-02  4.43115E-02  4.43115E-02  4.43115E-02  4.43115E-02  4.43115E-02  4.43115E-02  4.43115E-02  4.43115E-02  4.43115E-02  4.43115E-02
   22445   7  0.00000E+00  0.00000E+00  0.00000E+00  0.00000E+00  0.00000E+00  0.00000E+00  0.00000E+00  0.00000E+00  0.00000E+00  0.00000E+00  0.00000E+00  0.00000E+00  0.00000E+00  0.00000E+00  0.00000E+00  0.00000E+00  0.00000E+00  0.00000E+00  0.00000E+00  0.00000E+00  0.00000E+00  0.00000E+00  0.00000E+00  0.00000E+00
   22093   3  1.08844E-01  1.08844E-01  1.08844E-01  1.08844E-01  1.08844E-01  1.08844E-01  1.08844E-01  1.08844E-01  1.08844E-01  1.08844E-01  1.08844E-01  1.08844E-01  1.08844E-01  1.08844E-01  1.08844E-01  1.08844E-01  1.08844E-01  1.08844E-01  1.08844E-01  1.08844E-01  1.08844E-01  1.08844E-01  1.08844E-01  1.08844E-01
   22093   2  1.08844E-01  1.08844E-01  1.08844E-01  1.08844E-01  1.08844E-01  1.08844E-01  1.08844E-01  1.08844E-01  1.08844E-01  1.08844E-01  1.08844E-01  1.08844E-01  1.08844E-01  1.08844E-01  1.08844E-01  1.08844E-01  1.08844E-01  1.08844E-01  1.08844E-01  1.08844E-01  1.08844E-01  1.08844E-01  1.08844E-01  1.08844E-01
   22445   2  1.81908E+01  1.81908E+01  1.81908E+01  1.81908E+01  1.81908E+01  1.81908E+01  1.81908E+01  1.81908E+01  1.81908E+01  1.81908E+01  1.81908E+01  1.81908E+01  1.81908E+01  1.81908E+01  1.81908E+01  1.81908E+01  1.81908E+01  1.81908E+01  1.81908E+01  1.81908E+01  1.81908E+01  1.81908E+01  1.81908E+01  1.81908E+01
   22445   3  7.39173E+00  7.39173E+00  7.39173E+00  7.39173E+00  7.39173E+00  7.39173E+00  7.39173E+00  7.39173E+00  7.39173E+00  7.39173E+00  7.39173E+00  7.39173E+00  7.39173E+00  7.39173E+00  7.39173E+00  7.39173E+00  7.39173E+00  7.39173E+00  7.39173E+00  7.39173E+00  7.39173E+00  7.39173E+00  7.39173E+00  7.39173E+00
   22445   1  2.10036E+00  2.10036E+00  2.10036E+00  2.10036E+00  2.10036E+00  2.10036E+00  2.10036E+00  2.10036E+00  2.10036E+00  2.10036E+00  2.10036E+00  2.10036E+00  2.10036E+00  2.10036E+00  2.10036E+00  2.10036E+00  2.10036E+00  2.10036E+00  2.10036E+00  2.10036E+00  2.10036E+00  2.10036E+00  2.10036E+00  2.10036E+00
   22446   4  5.25623E-02  5.25623E-02  5.25623E-02  5.25623E-02  5.25623E-02  5.25623E-02  5.25623E-02  5.25623E-02  5.25623E-02  5.25623E-02  5.25623E-02  5.25623E-02  5.25623E-02  5.25623E-02  5.25623E-02  5.25623E-02  5.25623E-02  5.25623E-02  5.25623E-02  5.25623E-02  5.25623E-02  5.25623E-02  5.25623E-02  5.25623E-02
   22446   2  1.23488E+01  1.21660E+01  1.14872E+01  1.03646E+01  9.18977E+00  7.76826E+00  7.19283E+00  6.90512E+00  6.80921E+00  7.00102E+00  7.57645E+00  8.48754E+00  9.66237E+00  1.03817E+01  1.09571E+01  1.14606E+01  1.16524E+01  1.18442E+01  1.19161E+01  1.20120E+01  1.19881E+01  1.19161E+01  1.17243E+01  1.14366E+01
   22446   3  0.00000E+00  0.00000E+00  0.00000E+00  0.00000E+00  0.00000E+00  0.00000E+00  0.00000E+00  0.00000E+00  0.00000E+00  0.00000E+00  0.00000E+00  0.00000E+00  0.00000E+00  0.00000E+00  0.00000E+00  0.00000E+00  0.00000E+00  0.00000E+00  0.00000E+00  0.00000E+00  0.00000E+00  0.00000E+00  0.00000E+00  0.00000E+00
   22446   1  3.08719E+00  3.04150E+00  2.87180E+00  2.59115E+00  2.29744E+00  1.94206E+00  1.79821E+00  1.72628E+00  1.70230E+00  1.75026E+00  1.89411E+00  2.12189E+00  2.41559E+00  2.59541E+00  2.73927E+00  2.86514E+00  2.91310E+00  2.96105E+00  2.97903E+00  3.00301E+00  2.99701E+00  2.97903E+00  2.93108E+00  2.85915E+00
   22810   4  1.01916E-02  1.01916E-02  1.01916E-02  1.01916E-02  1.01916E-02  1.01916E-02  1.01916E-02  1.01916E-02  1.01916E-02  1.01916E-02  1.01916E-02  1.01916E-02  1.01916E-02  1.01916E-02  1.01916E-02  1.01916E-02  1.01916E-02  1.01916E-02  1.01916E-02  1.01916E-02  1.01916E-02  1.01916E-02  1.01916E-02  1.01916E-02
   22810   3  0.00000E+00  0.00000E+00  0.00000E+00  0.00000E+00  0.00000E+00  0.00000E+00  0.00000E+00  0.00000E+00  0.00000E+00  0.00000E+00  0.00000E+00  0.00000E+00  0.00000E+00  0.00000E+00  0.00000E+00  0.00000E+00  0.00000E+00  0.00000E+00  0.00000E+00  0.00000E+00  0.00000E+00  0.00000E+00  0.00000E+00  0.00000E+00
   25975   3  0.00000E+00  0.00000E+00  0.00000E+00  0.00000E+00  0.00000E+00  0.00000E+00  0.00000E+00  0.00000E+00  0.00000E+00  0.00000E+00  0.00000E+00  0.00000E+00  0.00000E+00  0.00000E+00  0.00000E+00  0.00000E+00  0.00000E+00  0.00000E+00  0.00000E+00  0.00000E+00  0.00000E+00  0.00000E+00  0.00000E+00  0.00000E+00
   25581   3  0.00000E+00  0.00000E+00  0.00000E+00  0.00000E+00  0.00000E+00  0.00000E+00  0.00000E+00  0.00000E+00  0.00000E+00  0.00000E+00  0.00000E+00  0.00000E+00  0.00000E+00  0.00000E+00  0.00000E+00  0.00000E+00  0.00000E+00  0.00000E+00  0.00000E+00  0.00000E+00  0.00000E+00  0.00000E+00  0.00000E+00  0.00000E+00
   24161   3  0.00000E+00  0.00000E+00  0.00000E+00  0.00000E+00  0.00000E+00  0.00000E+00  0.00000E+00  0.00000E+00  0.00000E+00  0.00000E+00  0.00000E+00  0.00000E+00  0.00000E+00  0.00000E+00  0.00000E+00  0.00000E+00  0.00000E+00  0.00000E+00  0.00000E+00  0.00000E+00  0.00000E+00  0.00000E+00  0.00000E+00  0.00000E+00
   24161   2  0.00000E+00  0.00000E+00  0.00000E+00  0.00000E+00  0.00000E+00  0.00000E+00  0.00000E+00  0.00000E+00  0.00000E+00  0.00000E+00  0.00000E+00  0.00000E+00  0.00000E+00  0.00000E+00  0.00000E+00  0.00000E+00  0.00000E+00  0.00000E+00  0.00000E+00  0.00000E+00  0.00000E+00  0.00000E+00  0.00000E+00  0.00000E+00
   20976   3  0.00000E+00  0.00000E+00  0.00000E+00  0.00000E+00  0.00000E+00  0.00000E+00  0.00000E+00  0.00000E+00  0.00000E+00  0.00000E+00  0.00000E+00  0.00000E+00  0.00000E+00  0.00000E+00  0.00000E+00  0.00000E+00  0.00000E+00  0.00000E+00  0.00000E+00  0.00000E+00  0.00000E+00  0.00000E+00  0.00000E+00  0.00000E+00
   20976   2  0.00000E+00  0.00000E+00  0.00000E+00  0.00000E+00  0.00000E+00  0.00000E+00  0.00000E+00  0.00000E+00  0.00000E+00  0.00000E+00  0.00000E+00  0.00000E+00  0.00000E+00  0.00000E+00  0.00000E+00  0.00000E+00  0.00000E+00  0.00000E+00  0.00000E+00  0.00000E+00  0.00000E+00  0.00000E+00  0.00000E+00  0.00000E+00
   20621   3  0.00000E+00  0.00000E+00  0.00000E+00  0.00000E+00  0.00000E+00  0.00000E+00  0.00000E+00  0.00000E+00  0.00000E+00  0.00000E+00  0.00000E+00  0.00000E+00  0.00000E+00  0.00000E+00  0.00000E+00  0.00000E+00  0.00000E+00  0.00000E+00  0.00000E+00  0.00000E+00  0.00000E+00  0.00000E+00  0.00000E+00  0.00000E+00
   23460   3  9.94501E-02  9.94501E-02  9.94501E-02  9.94501E-02  9.94501E-02  9.94501E-02  9.94501E-02  9.94501E-02  9.94501E-02  9.94501E-02  9.94501E-02  9.94501E-02  9.94501E-02  9.94501E-02  9.94501E-02  9.94501E-02  9.94501E-02  9.94501E-02  9.94501E-02  9.94501E-02  9.94501E-02  9.94501E-02  9.94501E-02  9.94501E-02
   25224   4  2.87975E+01  2.87975E+01  2.87975E+01  2.87975E+01  2.87975E+01  2.87975E+01  2.87975E+01  2.87975E+01  2.87975E+01  2.87975E+01  2.87975E+01  2.87975E+01  2.87975E+01  2.87975E+01  2.87975E+01  2.87975E+01  2.87975E+01  2.87975E+01  2.87975E+01  2.87975E+01  2.87975E+01  2.87975E+01  2.87975E+01  2.87975E+01
   25224   3  6.93742E-01  6.93742E-01  6.93742E-01  6.93742E-01  6.93742E-01  6.93742E-01  6.93742E-01  6.93742E-01  6.93742E-01  6.93742E-01  6.93742E-01  6.93742E-01  6.93742E-01  6.93742E-01  6.93742E-01  6.93742E-01  6.93742E-01  6.93742E-01  6.93742E-01  6.93742E-01  6.93742E-01  6.93742E-01  6.93742E-01  6.93742E-01
   25223   3  1.18205E-02  1.18205E-02  1.18205E-02  1.18205E-02  1.18205E-02  0.00000E+00  0.00000E+00  0.00000E+00  0.00000E+00  0.00000E+00  0.00000E+00  0.00000E+00  0.00000E+00  1.18205E-02  1.18205E-02  1.18205E-02  1.18205E-02  1.18205E-02  1.18205E-02  1.18205E-02  1.18205E-02  1.18205E-02  1.18205E-02  1.18205E-02
   24870   3  5.47422E-02  5.47422E-02  5.47422E-02  5.47422E-02  5.47422E-02  5.47422E-02  5.47422E-02  5.47422E-02  5.47422E-02  5.47422E-02  5.47422E-02  5.47422E-02  5.47422E-02  5.47422E-02  5.47422E-02  5.47422E-02  5.47422E-02  5.47422E-02  5.47422E-02  5.47422E-02  5.47422E-02  5.47422E-02  5.47422E-02  5.47422E-02
   25224   7  0.00000E+00  0.00000E+00  0.00000E+00  0.00000E+00  0.00000E+00  0.00000E+00  0.00000E+00  0.00000E+00  0.00000E+00  0.00000E+00  0.00000E+00  0.00000E+00  0.00000E+00  5.47903E-01  5.47903E-01  5.47903E-01  5.47903E-01  5.47903E-01  5.47903E-01  5.47903E-01  5.47903E-01  0.00000E+00  0.00000E+00  0.00000E+00
   25224   5  0.00000E+00  0.00000E+00  0.00000E+00  0.00000E+00  0.00000E+00  0.00000E+00  0.00000E+00  0.00000E+00  0.00000E+00  0.00000E+00  0.00000E+00  0.00000E+00  0.00000E+00  0.00000E+00  0.00000E+00  0.00000E+00  0.00000E+00  0.00000E+00  0.00000E+00  0.00000E+00  0.00000E+00  0.00000E+00  0.00000E+00  0.00000E+00
   24871   3  0.00000E+00  0.00000E+00  0.00000E+00  0.00000E+00  0.00000E+00  0.00000E+00  0.00000E+00  0.00000E+00  0.00000E+00  0.00000E+00  0.00000E+00  0.00000E+00  0.00000E+00  0.00000E+00  0.00000E+00  0.00000E+00  0.00000E+00  0.00000E+00  0.00000E+00  0.00000E+00  0.00000E+00  0.00000E+00  0.00000E+00  0.00000E+00
   25223   4  5.56129E-01  5.56129E-01  5.56129E-01  5.56129E-01  5.56129E-01  5.56129E-01  5.56129E-01  5.56129E-01  5.56129E-01  5.56129E-01  5.56129E-01  5.56129E-01  5.56129E-01  5.56129E-01  5.56129E-01  5.56129E-01  5.56129E-01  5.56129E-01  5.56129E-01  5.56129E-01  5.56129E-01  5.56129E-01  5.56129E-01  5.56129E-01
   24870   4  1.35325E+00  1.35325E+00  1.35325E+00  1.35325E+00  1.35325E+00  1.35325E+00  1.35325E+00  1.35325E+00  1.35325E+00  1.35325E+00  1.35325E+00  1.35325E+00  1.35325E+00  1.35325E+00  1.35325E+00  1.35325E+00  1.35325E+00  1.35325E+00  1.35325E+00  1.35325E+00  1.35325E+00  1.35325E+00  1.35325E+00  1.35325E+00
   24871   4  2.99893E+00  2.99893E+00  2.99893E+00  2.99893E+00  2.99893E+00  2.99893E+00  2.99893E+00  2.99893E+00  2.99893E+00  2.99893E+00  2.99893E+00  2.99893E+00  2.99893E+00  2.99893E+00  2.99893E+00  2.99893E+00  2.99893E+00  2.99893E+00  2.99893E+00  2.99893E+00  2.99893E+00  2.99893E+00  2.99893E+00  2.99893E+00
   23814   4  3.34803E-01  3.34803E-01  3.34803E-01  3.34803E-01  3.34803E-01  3.34803E-01  3.34803E-01  3.34803E-01  3.34803E-01  3.34803E-01  3.34803E-01  3.34803E-01  3.34803E-01  3.34803E-01  3.34803E-01  3.34803E-01  3.34803E-01  3.34803E-01  3.34803E-01  3.34803E-01  3.34803E-01  3.34803E-01  3.34803E-01  3.34803E-01
   23813   3  0.00000E+00  0.00000E+00  0.00000E+00  0.00000E+00  0.00000E+00  0.00000E+00  0.00000E+00  0.00000E+00  0.00000E+00  0.00000E+00  0.00000E+00  0.00000E+00  0.00000E+00  0.00000E+00  0.00000E+00  0.00000E+00  0.00000E+00  0.00000E+00  0.00000E+00  0.00000E+00  0.00000E+00  0.00000E+00  0.00000E+00  0.00000E+00
   23458   4  2.01086E+00  2.01086E+00  2.01086E+00  2.01086E+00  2.01086E+00  2.01086E+00  2.01086E+00  2.01086E+00  2.01086E+00  2.01086E+00  2.01086E+00  2.01086E+00  2.01086E+00  2.01086E+00  2.01086E+00  2.01086E+00  2.01086E+00  2.01086E+00  2.01086E+00  2.01086E+00  2.01086E+00  2.01086E+00  2.01086E+00  2.01086E+00
   28064   5  0.00000E+00  0.00000E+00  0.00000E+00  0.00000E+00  0.00000E+00  0.00000E+00  0.00000E+00  0.00000E+00  0.00000E+00  0.00000E+00  0.00000E+00  0.00000E+00  0.00000E+00  0.00000E+00  0.00000E+00  0.00000E+00  0.00000E+00  0.00000E+00  0.00000E+00  0.00000E+00  0.00000E+00  0.00000E+00  0.00000E+00  0.00000E+00
   23819   3  8.90995E-04  8.90995E-04  8.90995E-04  8.90995E-04  8.90995E-04  8.90995E-04  8.90995E-04  8.90995E-04  8.90995E-04  8.90995E-04  8.90995E-04  8.90995E-04  8.90995E-04  8.90995E-04  8.90995E-04  8.90995E-04  8.90995E-04  8.90995E-04  8.90995E-04  8.90995E-04  8.90995E-04  8.90995E-04  8.90995E-04  8.90995E-04
   23819   4  1.36976E+00  1.36976E+00  1.36976E+00  1.36976E+00  1.36976E+00  1.36976E+00  1.36976E+00  1.36976E+00  1.36976E+00  1.36976E+00  1.36976E+00  1.36976E+00  1.36976E+00  1.36976E+00  1.36976E+00  1.36976E+00  1.36976E+00  1.36976E+00  1.36976E+00  1.36976E+00  1.36976E+00  1.36976E+00  1.36976E+00  1.36976E+00
   23464   5  0.00000E+00  0.00000E+00  0.00000E+00  0.00000E+00  0.00000E+00  0.00000E+00  0.00000E+00  0.00000E+00  0.00000E+00  0.00000E+00  0.00000E+00  0.00000E+00  0.00000E+00  0.00000E+00  0.00000E+00  0.00000E+00  0.00000E+00  0.00000E+00  0.00000E+00  0.00000E+00  0.00000E+00  0.00000E+00  0.00000E+00  0.00000E+00
   23464   3  3.41658E+00  3.41658E+00  3.41658E+00  3.41658E+00  3.41658E+00  3.41658E+00  3.41658E+00  3.41658E+00  3.41658E+00  3.41658E+00  3.41658E+00  3.41658E+00  3.41658E+00  3.41658E+00  3.41658E+00  3.41658E+00  3.41658E+00  3.41658E+00  3.41658E+00  3.41658E+00  3.41658E+00  3.41658E+00  3.41658E+00  3.41658E+00
   23464   1  0.00000E+00  0.00000E+00  0.00000E+00  0.00000E+00  0.00000E+00  0.00000E+00  0.00000E+00  0.00000E+00  0.00000E+00  0.00000E+00  0.00000E+00  0.00000E+00  0.00000E+00  0.00000E+00  0.00000E+00  0.00000E+00  0.00000E+00  0.00000E+00  0.00000E+00  0.00000E+00  0.00000E+00  0.00000E+00  0.00000E+00  0.00000E+00
   23464   2  2.51425E+01  2.51425E+01  2.51425E+01  2.51425E+01  2.51425E+01  2.51425E+01  2.51425E+01  2.51425E+01  2.51425E+01  2.51425E+01  2.51425E+01  2.51425E+01  2.51425E+01  2.51425E+01  2.51425E+01  2.51425E+01  2.51425E+01  2.51425E+01  2.51425E+01  2.51425E+01  2.51425E+01  2.51425E+01  2.51425E+01  2.51425E+01
   23464   4  4.29379E-01  4.29379E-01  4.29379E-01  4.29379E-01  4.29379E-01  4.29379E-01  4.29379E-01  4.29379E-01  4.29379E-01  4.29379E-01  4.29379E-01  4.29379E-01  4.29379E-01  4.29379E-01  4.29379E-01  4.29379E-01  4.29379E-01  4.29379E-01  4.29379E-01  4.29379E-01  4.29379E-01  4.29379E-01  4.29379E-01  4.29379E-01
   24519   4  1.79408E+00  1.79408E+00  1.79408E+00  1.79408E+00  1.79408E+00  1.79408E+00  1.79408E+00  1.79408E+00  1.79408E+00  1.79408E+00  1.79408E+00  1.79408E+00  1.79408E+00  1.79408E+00  1.79408E+00  1.79408E+00  1.79408E+00  1.79408E+00  1.79408E+00  1.79408E+00  1.79408E+00  1.79408E+00  1.79408E+00  1.79408E+00
   24519   3  2.21391E-01  2.21391E-01  2.21391E-01  2.21391E-01  2.21391E-01  2.21391E-01  2.21391E-01  2.21391E-01  2.21391E-01  2.21391E-01  2.21391E-01  2.21391E-01  2.21391E-01  2.21391E-01  2.21391E-01  2.21391E-01  2.21391E-01  2.21391E-01  2.21391E-01  2.21391E-01  2.21391E-01  2.21391E-01  2.21391E-01  2.21391E-01
   24166   4  6.76299E-02  6.76299E-02  6.76299E-02  6.76299E-02  6.76299E-02  6.76299E-02  6.76299E-02  6.76299E-02  6.76299E-02  6.76299E-02  6.76299E-02  6.76299E-02  6.76299E-02  6.76299E-02  6.76299E-02  6.76299E-02  6.76299E-02  6.76299E-02  6.76299E-02  6.76299E-02  6.76299E-02  6.76299E-02  6.76299E-02  6.76299E-02
   24518   4  1.14533E-01  1.14533E-01  1.14533E-01  1.14533E-01  1.14533E-01  1.14533E-01  1.14533E-01  1.14533E-01  1.14533E-01  1.14533E-01  1.14533E-01  1.14533E-01  1.14533E-01  1.14533E-01  1.14533E-01  1.14533E-01  1.14533E-01  1.14533E-01  1.14533E-01  1.14533E-01  1.14533E-01  1.14533E-01  1.14533E-01  1.14533E-01
   24519   7  0.00000E+00  0.00000E+00  0.00000E+00  0.00000E+00  0.00000E+00  0.00000E+00  0.00000E+00  0.00000E+00  0.00000E+00  0.00000E+00  0.00000E+00  0.00000E+00  0.00000E+00  0.00000E+00  0.00000E+00  0.00000E+00  0.00000E+00  0.00000E+00  0.00000E+00  0.00000E+00  0.00000E+00  0.00000E+00  0.00000E+00  0.00000E+00
   24510   3  0.00000E+00  0.00000E+00  0.00000E+00  0.00000E+00  0.00000E+00  0.00000E+00  0.00000E+00  0.00000E+00  0.00000E+00  0.00000E+00  0.00000E+00  0.00000E+00  0.00000E+00  0.00000E+00  0.00000E+00  0.00000E+00  0.00000E+00  0.00000E+00  0.00000E+00  0.00000E+00  0.00000E+00  0.00000E+00  0.00000E+00  0.00000E+00
   24510   2  0.00000E+00  0.00000E+00  0.00000E+00  0.00000E+00  0.00000E+00  0.00000E+00  0.00000E+00  0.00000E+00  0.00000E+00  0.00000E+00  0.00000E+00  0.00000E+00  0.00000E+00  0.00000E+00  0.00000E+00  0.00000E+00  0.00000E+00  0.00000E+00  0.00000E+00  0.00000E+00  0.00000E+00  0.00000E+00  0.00000E+00  0.00000E+00
   20989   3  0.00000E+00  0.00000E+00  0.00000E+00  0.00000E+00  0.00000E+00  0.00000E+00  0.00000E+00  0.00000E+00  0.00000E+00  0.00000E+00  0.00000E+00  0.00000E+00  0.00000E+00  0.00000E+00  0.00000E+00  0.00000E+00  0.00000E+00  0.00000E+00  0.00000E+00  0.00000E+00  0.00000E+00  0.00000E+00  0.00000E+00  0.00000E+00
   20989   2  0.00000E+00  0.00000E+00  0.00000E+00  0.00000E+00  0.00000E+00  0.00000E+00  0.00000E+00  0.00000E+00  0.00000E+00  0.00000E+00  0.00000E+00  0.00000E+00  0.00000E+00  0.00000E+00  0.00000E+00  0.00000E+00  0.00000E+00  0.00000E+00  0.00000E+00  0.00000E+00  0.00000E+00  0.00000E+00  0.00000E+00  0.00000E+00
   22745   4  2.76840E-02  2.76840E-02  2.76840E-02  2.76840E-02  2.76840E-02  2.76840E-02  2.76840E-02  2.76840E-02  2.76840E-02  2.76840E-02  2.76840E-02  2.76840E-02  2.76840E-02  2.76840E-02  2.76840E-02  2.76840E-02  2.76840E-02  2.76840E-02  2.76840E-02  2.76840E-02  2.76840E-02  2.76840E-02  2.76840E-02  2.76840E-02
   28410   4  2.03833E-02  2.03833E-02  2.03833E-02  2.03833E-02  2.03833E-02  2.03833E-02  2.03833E-02  2.03833E-02  2.03833E-02  2.03833E-02  2.03833E-02  2.03833E-02  2.03833E-02  2.03833E-02  2.03833E-02  2.03833E-02  2.03833E-02  2.03833E-02  2.03833E-02  2.03833E-02  2.03833E-02  2.03833E-02  2.03833E-02  2.03833E-02
   24163   4  9.91753E-02  9.91753E-02  9.91753E-02  9.91753E-02  9.91753E-02  9.91753E-02  9.91753E-02  9.91753E-02  9.91753E-02  9.91753E-02  9.91753E-02  9.91753E-02  9.91753E-02  9.91753E-02  9.91753E-02  9.91753E-02  9.91753E-02  9.91753E-02  9.91753E-02  9.91753E-02  9.91753E-02  9.91753E-02  9.91753E-02  9.91753E-02
   24163   3  1.73661E-04  1.73661E-04  1.73661E-04  1.73661E-04  1.73661E-04  1.73661E-04  1.73661E-04  1.73661E-04  1.73661E-04  1.73661E-04  1.73661E-04  1.73661E-04  1.73661E-04  1.73661E-04  1.73661E-04  1.73661E-04  1.73661E-04  1.73661E-04  1.73661E-04  1.73661E-04  1.73661E-04  1.73661E-04  1.73661E-04  1.73661E-04
   24870   5  0.00000E+00  0.00000E+00  0.00000E+00  0.00000E+00  0.00000E+00  0.00000E+00  0.00000E+00  0.00000E+00  0.00000E+00  0.00000E+00  0.00000E+00  0.00000E+00  0.00000E+00  0.00000E+00  0.00000E+00  0.00000E+00  0.00000E+00  0.00000E+00  0.00000E+00  0.00000E+00  0.00000E+00  0.00000E+00  0.00000E+00  0.00000E+00
   24517   4  5.23448E-02  5.23448E-02  5.23448E-02  5.23448E-02  5.23448E-02  5.23448E-02  5.23448E-02  5.23448E-02  5.23448E-02  5.23448E-02  5.23448E-02  5.23448E-02  5.23448E-02  5.23448E-02  5.23448E-02  5.23448E-02  5.23448E-02  5.23448E-02  5.23448E-02  5.23448E-02  5.23448E-02  5.23448E-02  5.23448E-02  5.23448E-02
   24872   4  6.82377E-02  6.82377E-02  6.82377E-02  6.82377E-02  6.82377E-02  6.82377E-02  6.82377E-02  6.82377E-02  6.82377E-02  6.82377E-02  6.82377E-02  6.82377E-02  6.82377E-02  6.82377E-02  6.82377E-02  6.82377E-02  6.82377E-02  6.82377E-02  6.82377E-02  6.82377E-02  6.82377E-02  6.82377E-02  6.82377E-02  6.82377E-02
   20280   3  0.00000E+00  0.00000E+00  0.00000E+00  0.00000E+00  0.00000E+00  0.00000E+00  0.00000E+00  0.00000E+00  0.00000E+00  0.00000E+00  0.00000E+00  0.00000E+00  0.00000E+00  0.00000E+00  0.00000E+00  0.00000E+00  0.00000E+00  0.00000E+00  0.00000E+00  0.00000E+00  0.00000E+00  0.00000E+00  0.00000E+00  0.00000E+00
   23103   3  0.00000E+00  0.00000E+00  0.00000E+00  0.00000E+00  0.00000E+00  0.00000E+00  0.00000E+00  0.00000E+00  0.00000E+00  0.00000E+00  0.00000E+00  0.00000E+00  0.00000E+00  1.37298E-02  1.37298E-02  1.37298E-02  1.37298E-02  1.37298E-02  1.37298E-02  1.37298E-02  1.37298E-02  0.00000E+00  0.00000E+00  0.00000E+00
   25575   3  3.87170E-01  3.87170E-01  3.87170E-01  3.87170E-01  3.87170E-01  3.87170E-01  3.87170E-01  3.87170E-01  3.87170E-01  3.87170E-01  3.87170E-01  3.87170E-01  3.87170E-01  3.87170E-01  3.87170E-01  3.87170E-01  3.87170E-01  3.87170E-01  3.87170E-01  3.87170E-01  3.87170E-01  3.87170E-01  3.87170E-01  3.87170E-01
   25575   4  2.25668E+00  2.25668E+00  2.25668E+00  2.25668E+00  2.25668E+00  2.25668E+00  2.25668E+00  2.25668E+00  2.25668E+00  2.25668E+00  2.25668E+00  2.25668E+00  2.25668E+00  2.25668E+00  2.25668E+00  2.25668E+00  2.25668E+00  2.25668E+00  2.25668E+00  2.25668E+00  2.25668E+00  2.25668E+00  2.25668E+00  2.25668E+00
   25575   5  1.27209E-03  1.27209E-03  1.27209E-03  1.27209E-03  1.27209E-03  1.27209E-03  1.27209E-03  1.27209E-03  1.27209E-03  1.27209E-03  1.27209E-03  1.27209E-03  1.27209E-03  1.27209E-03  1.27209E-03  1.27209E-03  1.27209E-03  1.27209E-03  1.27209E-03  1.27209E-03  1.27209E-03  1.27209E-03  1.27209E-03  1.27209E-03
   25575   2  6.34547E-04  6.34547E-04  6.34547E-04  6.34547E-04  6.34547E-04  6.34547E-04  6.34547E-04  6.34547E-04  6.34547E-04  6.34547E-04  6.34547E-04  6.34547E-04  6.34547E-04  6.34547E-04  6.34547E-04  6.34547E-04  6.34547E-04  6.34547E-04  6.34547E-04  6.34547E-04  6.34547E-04  6.34547E-04  6.34547E-04  6.34547E-04
   24868   4  0.00000E+00  0.00000E+00  0.00000E+00  0.00000E+00  0.00000E+00  0.00000E+00  0.00000E+00  0.00000E+00  0.00000E+00  0.00000E+00  0.00000E+00  0.00000E+00  0.00000E+00  0.00000E+00  0.00000E+00  0.00000E+00  0.00000E+00  0.00000E+00  0.00000E+00  0.00000E+00  0.00000E+00  0.00000E+00  0.00000E+00  0.00000E+00
   24869   4  0.00000E+00  0.00000E+00  0.00000E+00  0.00000E+00  0.00000E+00  0.00000E+00  0.00000E+00  0.00000E+00  0.00000E+00  0.00000E+00  0.00000E+00  0.00000E+00  0.00000E+00  0.00000E+00  0.00000E+00  0.00000E+00  0.00000E+00  0.00000E+00  0.00000E+00  0.00000E+00  0.00000E+00  0.00000E+00  0.00000E+00  0.00000E+00
   25575   7  0.00000E+00  0.00000E+00  0.00000E+00  0.00000E+00  0.00000E+00  0.00000E+00  0.00000E+00  0.00000E+00  0.00000E+00  0.00000E+00  0.00000E+00  0.00000E+00  0.00000E+00  0.00000E+00  0.00000E+00  0.00000E+00  0.00000E+00  0.00000E+00  0.00000E+00  0.00000E+00  0.00000E+00  0.00000E+00  0.00000E+00  0.00000E+00
   25576   3  0.00000E+00  0.00000E+00  0.00000E+00  0.00000E+00  0.00000E+00  0.00000E+00  0.00000E+00  0.00000E+00  0.00000E+00  0.00000E+00  0.00000E+00  0.00000E+00  0.00000E+00  0.00000E+00  0.00000E+00  0.00000E+00  0.00000E+00  0.00000E+00  0.00000E+00  0.00000E+00  0.00000E+00  0.00000E+00  0.00000E+00  0.00000E+00
   25222   3  6.79252E-03  6.79252E-03  6.79252E-03  6.79252E-03  6.79252E-03  6.79252E-03  6.79252E-03  6.79252E-03  6.79252E-03  6.79252E-03  6.79252E-03  6.79252E-03  6.79252E-03  6.79252E-03  6.79252E-03  6.79252E-03  6.79252E-03  6.79252E-03  6.79252E-03  6.79252E-03  6.79252E-03  6.79252E-03  6.79252E-03  6.79252E-03
   24874   3  0.00000E+00  0.00000E+00  0.00000E+00  0.00000E+00  0.00000E+00  0.00000E+00  0.00000E+00  0.00000E+00  0.00000E+00  0.00000E+00  0.00000E+00  0.00000E+00  0.00000E+00  0.00000E+00  0.00000E+00  0.00000E+00  0.00000E+00  0.00000E+00  0.00000E+00  0.00000E+00  0.00000E+00  0.00000E+00  0.00000E+00  0.00000E+00
   24874   4  1.27437E-01  1.27437E-01  1.27437E-01  1.27437E-01  1.27437E-01  1.27437E-01  1.27437E-01  1.27437E-01  1.27437E-01  1.27437E-01  1.27437E-01  1.27437E-01  1.27437E-01  1.27437E-01  1.27437E-01  1.27437E-01  1.27437E-01  1.27437E-01  1.27437E-01  1.27437E-01  1.27437E-01  1.27437E-01  1.27437E-01  1.27437E-01
   20686   4  5.37896E+00  5.37896E+00  5.37896E+00  5.37896E+00  5.37896E+00  5.37896E+00  5.37896E+00  5.37896E+00  5.37896E+00  5.37896E+00  5.37896E+00  5.37896E+00  5.37896E+00  5.37896E+00  5.37896E+00  5.37896E+00  5.37896E+00  5.37896E+00  5.37896E+00  5.37896E+00  5.37896E+00  5.37896E+00  5.37896E+00  5.37896E+00
   20686   2  0.00000E+00  0.00000E+00  0.00000E+00  0.00000E+00  0.00000E+00  0.00000E+00  0.00000E+00  0.00000E+00  0.00000E+00  0.00000E+00  0.00000E+00  0.00000E+00  0.00000E+00  0.00000E+00  0.00000E+00  0.00000E+00  0.00000E+00  0.00000E+00  0.00000E+00  0.00000E+00  0.00000E+00  0.00000E+00  0.00000E+00  0.00000E+00
   20686   3  0.00000E+00  0.00000E+00  0.00000E+00  0.00000E+00  0.00000E+00  0.00000E+00  0.00000E+00  0.00000E+00  0.00000E+00  0.00000E+00  0.00000E+00  0.00000E+00  0.00000E+00  0.00000E+00  0.00000E+00  0.00000E+00  0.00000E+00  0.00000E+00  0.00000E+00  0.00000E+00  0.00000E+00  0.00000E+00  0.00000E+00  0.00000E+00
   22095   4  3.32779E-02  3.32779E-02  3.32779E-02  3.32779E-02  3.32779E-02  3.32779E-02  3.32779E-02  3.32779E-02  3.32779E-02  3.32779E-02  3.32779E-02  3.32779E-02  3.32779E-02  3.32779E-02  3.32779E-02  3.32779E-02  3.32779E-02  3.32779E-02  3.32779E-02  3.32779E-02  3.32779E-02  3.32779E-02  3.32779E-02  3.32779E-02
   22095   2  1.32218E-01  1.32218E-01  1.32218E-01  1.32218E-01  1.32218E-01  1.32218E-01  1.32218E-01  1.32218E-01  1.32218E-01  1.32218E-01  1.32218E-01  1.32218E-01  1.32218E-01  1.32218E-01  1.32218E-01  1.32218E-01  1.32218E-01  1.32218E-01  1.32218E-01  1.32218E-01  1.32218E-01  1.32218E-01  1.32218E-01  1.32218E-01
   22095   3  0.00000E+00  0.00000E+00  0.00000E+00  0.00000E+00  0.00000E+00  0.00000E+00  0.00000E+00  0.00000E+00  0.00000E+00  0.00000E+00  0.00000E+00  0.00000E+00  0.00000E+00  0.00000E+00  0.00000E+00  0.00000E+00  0.00000E+00  0.00000E+00  0.00000E+00  0.00000E+00  0.00000E+00  0.00000E+00  0.00000E+00  0.00000E+00
   20329   3  6.90375E+00  6.90375E+00  2.88845E-01  2.88845E-01  2.88845E-01  2.88464E-01  2.88464E-01  2.88464E-01  2.88464E-01  2.88464E-01  2.88464E-01  2.88464E-01  2.88464E-01  6.91755E+00  6.91755E+00  6.91755E+00  6.91755E+00  6.91755E+00  6.91755E+00  6.91755E+00  6.91755E+00  6.90375E+00  6.90375E+00  6.90375E+00
   21381   4  0.00000E+00  0.00000E+00  0.00000E+00  0.00000E+00  0.00000E+00  0.00000E+00  0.00000E+00  0.00000E+00  0.00000E+00  0.00000E+00  0.00000E+00  0.00000E+00  0.00000E+00  0.00000E+00  0.00000E+00  0.00000E+00  0.00000E+00  0.00000E+00  0.00000E+00  0.00000E+00  0.00000E+00  0.00000E+00  0.00000E+00  0.00000E+00
   20684   3  2.00261E-02  2.00261E-02  0.00000E+00  0.00000E+00  0.00000E+00  0.00000E+00  0.00000E+00  0.00000E+00  0.00000E+00  0.00000E+00  0.00000E+00  0.00000E+00  0.00000E+00  2.00261E-02  2.00261E-02  2.00261E-02  2.00261E-02  2.00261E-02  2.00261E-02  2.00261E-02  2.00261E-02  2.00261E-02  2.00261E-02  2.00261E-02
   20683   3  2.27098E+00  2.27098E+00  2.16128E+00  2.16128E+00  2.16128E+00  2.16128E+00  2.16128E+00  2.16128E+00  2.16128E+00  2.16128E+00  2.16128E+00  2.16128E+00  2.16128E+00  2.27283E+00  2.27283E+00  2.27283E+00  2.27283E+00  2.27283E+00  2.27283E+00  2.27283E+00  2.27283E+00  2.27098E+00  2.27098E+00  2.27098E+00
   20684   4  3.93212E-01  3.93212E-01  3.93212E-01  3.93212E-01  3.93212E-01  3.93212E-01  3.93212E-01  3.93212E-01  3.93212E-01  3.93212E-01  3.93212E-01  3.93212E-01  3.93212E-01  3.93212E-01  3.93212E-01  3.93212E-01  3.93212E-01  3.93212E-01  3.93212E-01  3.93212E-01  3.93212E-01  3.93212E-01  3.93212E-01  3.93212E-01
   21036   4  2.29232E-02  2.29232E-02  2.29232E-02  2.29232E-02  2.29232E-02  2.29232E-02  2.29232E-02  2.29232E-02  2.29232E-02  2.29232E-02  2.29232E-02  2.29232E-02  2.29232E-02  3.57111E+00  3.57111E+00  3.57111E+00  3.57111E+00  3.57111E+00  3.57111E+00  3.57111E+00  3.57111E+00  2.29232E-02  2.29232E-02  2.29232E-02
   21036   3  5.29257E+00  5.29257E+00  5.29257E+00  5.29257E+00  5.29257E+00  5.29257E+00  5.29257E+00  5.29257E+00  5.29257E+00  5.29257E+00  5.29257E+00  5.29257E+00  5.29257E+00  5.29257E+00  5.29257E+00  5.29257E+00  5.29257E+00  5.29257E+00  5.29257E+00  5.29257E+00  5.29257E+00  5.29257E+00  5.29257E+00  5.29257E+00
   21036   7  0.00000E+00  0.00000E+00  0.00000E+00  0.00000E+00  0.00000E+00  0.00000E+00  0.00000E+00  0.00000E+00  0.00000E+00  0.00000E+00  0.00000E+00  0.00000E+00  0.00000E+00  7.68932E-01  7.68932E-01  7.68932E-01  7.68932E-01  7.68932E-01  7.68932E-01  7.68932E-01  7.68932E-01  0.00000E+00  0.00000E+00  0.00000E+00
   19275   4  9.34739E-03  9.34739E-03  9.34739E-03  9.34739E-03  9.34739E-03  9.34739E-03  9.34739E-03  9.34739E-03  9.34739E-03  9.34739E-03  9.34739E-03  9.34739E-03  9.34739E-03  9.34739E-03  9.34739E-03  9.34739E-03  9.34739E-03  9.34739E-03  9.34739E-03  9.34739E-03  9.34739E-03  9.34739E-03  9.34739E-03  9.34739E-03
   19275   3  0.00000E+00  0.00000E+00  0.00000E+00  0.00000E+00  0.00000E+00  0.00000E+00  0.00000E+00  0.00000E+00  0.00000E+00  0.00000E+00  0.00000E+00  0.00000E+00  0.00000E+00  0.00000E+00  0.00000E+00  0.00000E+00  0.00000E+00  0.00000E+00  0.00000E+00  0.00000E+00  0.00000E+00  0.00000E+00  0.00000E+00  0.00000E+00
   19274   4  7.68113E-03  7.68113E-03  7.68113E-03  7.68113E-03  7.68113E-03  7.68113E-03  7.68113E-03  7.68113E-03  7.68113E-03  7.68113E-03  7.68113E-03  7.68113E-03  7.68113E-03  7.68113E-03  7.68113E-03  7.68113E-03  7.68113E-03  7.68113E-03  7.68113E-03  7.68113E-03  7.68113E-03  7.68113E-03  7.68113E-03  7.68113E-03
   19627   4  1.24076E-02  1.24076E-02  1.24076E-02  1.24076E-02  1.24076E-02  1.24076E-02  1.24076E-02  1.24076E-02  1.24076E-02  1.24076E-02  1.24076E-02  1.24076E-02  1.24076E-02  1.24076E-02  1.24076E-02  1.24076E-02  1.24076E-02  1.24076E-02  1.24076E-02  1.24076E-02  1.24076E-02  1.24076E-02  1.24076E-02  1.24076E-02
   19627   3  0.00000E+00  0.00000E+00  0.00000E+00  0.00000E+00  0.00000E+00  0.00000E+00  0.00000E+00  0.00000E+00  0.00000E+00  0.00000E+00  0.00000E+00  0.00000E+00  0.00000E+00  0.00000E+00  0.00000E+00  0.00000E+00  0.00000E+00  0.00000E+00  0.00000E+00  0.00000E+00  0.00000E+00  0.00000E+00  0.00000E+00  0.00000E+00
   19627   2  0.00000E+00  0.00000E+00  0.00000E+00  0.00000E+00  0.00000E+00  0.00000E+00  0.00000E+00  0.00000E+00  0.00000E+00  0.00000E+00  0.00000E+00  0.00000E+00  0.00000E+00  0.00000E+00  0.00000E+00  0.00000E+00  0.00000E+00  0.00000E+00  0.00000E+00  0.00000E+00  0.00000E+00  0.00000E+00  0.00000E+00  0.00000E+00
   20331   4  3.96529E+01  3.96529E+01  3.96529E+01  3.96529E+01  3.96529E+01  3.96529E+01  3.96529E+01  3.96529E+01  3.96529E+01  3.96529E+01  3.96529E+01  3.96529E+01  3.96529E+01  4.01905E+01  4.01905E+01  4.01905E+01  4.01905E+01  4.01905E+01  4.01905E+01  4.01905E+01  4.01905E+01  3.96529E+01  3.96529E+01  3.96529E+01
   20331   3  1.43363E+00  1.43363E+00  1.34135E+00  1.34135E+00  1.34135E+00  1.34135E+00  1.34135E+00  1.34135E+00  1.34135E+00  1.34135E+00  1.34135E+00  1.34135E+00  1.34135E+00  3.74682E+00  3.74682E+00  3.74682E+00  3.74682E+00  3.74682E+00  3.74682E+00  3.74682E+00  3.74682E+00  1.43363E+00  1.43363E+00  1.43363E+00
   20331   7  2.39296E-01  2.39296E-01  2.39296E-01  2.39296E-01  2.39296E-01  1.98251E-01  1.98251E-01  1.98251E-01  1.98251E-01  1.98251E-01  1.98251E-01  1.98251E-01  2.39296E-01  3.96107E-01  3.96107E-01  3.96107E-01  3.96107E-01  3.96107E-01  3.96107E-01  3.96107E-01  3.96107E-01  2.39296E-01  2.39296E-01  2.39296E-01
   19971   4  1.87172E-02  1.87172E-02  1.87172E-02  1.87172E-02  1.87172E-02  1.87172E-02  1.87172E-02  1.87172E-02  1.87172E-02  1.87172E-02  1.87172E-02  1.87172E-02  1.87172E-02  1.87172E-02  1.87172E-02  1.87172E-02  1.87172E-02  1.87172E-02  1.87172E-02  1.87172E-02  1.87172E-02  1.87172E-02  1.87172E-02  1.87172E-02
   20331   1  6.33079E-02  6.33079E-02  6.33079E-02  6.33079E-02  6.33079E-02  6.33079E-02  6.33079E-02  6.33079E-02  6.33079E-02  6.33079E-02  6.33079E-02  6.33079E-02  6.33079E-02  6.33079E-02  6.33079E-02  6.33079E-02  6.33079E-02  6.33079E-02  6.33079E-02  6.33079E-02  6.33079E-02  6.33079E-02  6.33079E-02  6.33079E-02
   20331   2  1.49316E-03  1.49316E-03  1.49316E-03  1.49316E-03  1.49316E-03  1.49316E-03  1.49316E-03  1.49316E-03  1.49316E-03  1.49316E-03  1.49316E-03  1.49316E-03  1.49316E-03  1.49316E-03  1.49316E-03  1.49316E-03  1.49316E-03  1.49316E-03  1.49316E-03  1.49316E-03  1.49316E-03  1.49316E-03  1.49316E-03  1.49316E-03
   20685   3  0.00000E+00  0.00000E+00  0.00000E+00  0.00000E+00  0.00000E+00  0.00000E+00  0.00000E+00  0.00000E+00  0.00000E+00  0.00000E+00  0.00000E+00  0.00000E+00  0.00000E+00  1.00616E-03  1.00616E-03  1.00616E-03  1.00616E-03  1.00616E-03  1.00616E-03  1.00616E-03  1.00616E-03  0.00000E+00  0.00000E+00  0.00000E+00
   20332   3  0.00000E+00  0.00000E+00  0.00000E+00  0.00000E+00  0.00000E+00  0.00000E+00  0.00000E+00  0.00000E+00  0.00000E+00  0.00000E+00  0.00000E+00  0.00000E+00  0.00000E+00  0.00000E+00  0.00000E+00  0.00000E+00  0.00000E+00  0.00000E+00  0.00000E+00  0.00000E+00  0.00000E+00  0.00000E+00  0.00000E+00  0.00000E+00
   20685   7  0.00000E+00  0.00000E+00  0.00000E+00  0.00000E+00  0.00000E+00  0.00000E+00  0.00000E+00  0.00000E+00  0.00000E+00  0.00000E+00  0.00000E+00  0.00000E+00  0.00000E+00  2.76136E-01  2.76136E-01  2.76136E-01  2.76136E-01  2.76136E-01  2.76136E-01  2.76136E-01  2.76136E-01  0.00000E+00  0.00000E+00  0.00000E+00
   19622   4  0.00000E+00  0.00000E+00  0.00000E+00  0.00000E+00  0.00000E+00  0.00000E+00  0.00000E+00  0.00000E+00  0.00000E+00  0.00000E+00  0.00000E+00  0.00000E+00  0.00000E+00  0.00000E+00  0.00000E+00  0.00000E+00  0.00000E+00  0.00000E+00  0.00000E+00  0.00000E+00  0.00000E+00  0.00000E+00  0.00000E+00  0.00000E+00
   19628   4  2.83663E-02  2.83663E-02  2.83663E-02  2.83663E-02  2.83663E-02  2.83663E-02  2.83663E-02  2.83663E-02  2.83663E-02  2.83663E-02  2.83663E-02  2.83663E-02  2.83663E-02  2.83663E-02  2.83663E-02  2.83663E-02  2.83663E-02  2.83663E-02  2.83663E-02  2.83663E-02  2.83663E-02  2.83663E-02  2.83663E-02  2.83663E-02
   19628   3  9.99296E-03  9.99296E-03  9.99296E-03  9.99296E-03  9.99296E-03  9.99296E-03  9.99296E-03  9.99296E-03  9.99296E-03  9.99296E-03  9.99296E-03  9.99296E-03  9.99296E-03  9.99296E-03  9.99296E-03  9.99296E-03  9.99296E-03  9.99296E-03  9.99296E-03  9.99296E-03  9.99296E-03  9.99296E-03  9.99296E-03  9.99296E-03
   19274   3  6.42340E-06  6.42340E-06  6.42340E-06  6.42340E-06  6.42340E-06  6.42340E-06  6.42340E-06  6.42340E-06  6.42340E-06  6.42340E-06  6.42340E-06  6.42340E-06  6.42340E-06  6.42340E-06  6.42340E-06  6.42340E-06  6.42340E-06  6.42340E-06  6.42340E-06  6.42340E-06  6.42340E-06  6.42340E-06  6.42340E-06  6.42340E-06
   19628   7  4.18327E-01  4.18327E-01  4.18327E-01  4.18327E-01  4.18327E-01  0.00000E+00  0.00000E+00  0.00000E+00  0.00000E+00  0.00000E+00  0.00000E+00  0.00000E+00  4.18327E-01  4.18327E-01  4.18327E-01  4.18327E-01  4.18327E-01  4.18327E-01  4.18327E-01  4.18327E-01  4.18327E-01  4.18327E-01  4.18327E-01  4.18327E-01
   19267   4  2.02785E-01  2.02785E-01  2.02785E-01  2.02785E-01  2.02785E-01  2.02785E-01  2.02785E-01  2.02785E-01  2.02785E-01  2.02785E-01  2.02785E-01  2.02785E-01  2.02785E-01  2.56139E-01  2.56139E-01  2.56139E-01  2.56139E-01  2.56139E-01  2.56139E-01  2.56139E-01  2.56139E-01  2.02785E-01  2.02785E-01  2.02785E-01
   19267   2  1.35563E+01  1.35563E+01  1.35563E+01  1.35563E+01  1.35563E+01  1.35563E+01  1.35563E+01  1.35563E+01  1.35563E+01  1.35563E+01  1.35563E+01  1.35563E+01  1.35563E+01  1.35563E+01  1.35563E+01  1.35563E+01  1.35563E+01  1.35563E+01  1.35563E+01  1.35563E+01  1.35563E+01  1.35563E+01  1.35563E+01  1.35563E+01
   19620   4  5.05066E-02  5.05066E-02  5.05066E-02  5.05066E-02  5.05066E-02  5.05066E-02  5.05066E-02  5.05066E-02  5.05066E-02  5.05066E-02  5.05066E-02  5.05066E-02  5.05066E-02  5.05066E-02  5.05066E-02  5.05066E-02  5.05066E-02  5.05066E-02  5.05066E-02  5.05066E-02  5.05066E-02  5.05066E-02  5.05066E-02  5.05066E-02
   19620   3  1.01279E-01  1.01279E-01  1.01279E-01  1.01279E-01  1.01279E-01  3.23371E-03  3.23371E-03  3.23371E-03  3.23371E-03  3.23371E-03  3.23371E-03  3.23371E-03  3.23371E-03  1.01279E-01  1.01279E-01  1.01279E-01  1.01279E-01  1.01279E-01  1.01279E-01  1.01279E-01  1.01279E-01  1.01279E-01  1.01279E-01  1.01279E-01
   19267   7  0.00000E+00  0.00000E+00  0.00000E+00  0.00000E+00  0.00000E+00  0.00000E+00  0.00000E+00  0.00000E+00  0.00000E+00  0.00000E+00  0.00000E+00  0.00000E+00  0.00000E+00  1.21635E-01  1.21635E-01  1.21635E-01  1.21635E-01  1.21635E-01  1.21635E-01  1.21635E-01  1.21635E-01  0.00000E+00  0.00000E+00  0.00000E+00
   19267   3  2.01604E-01  2.01604E-01  2.01604E-01  2.01604E-01  2.01604E-01  2.01604E-01  2.01604E-01  2.01604E-01  2.01604E-01  2.01604E-01  2.01604E-01  2.01604E-01  2.01604E-01  2.01604E-01  2.01604E-01  2.01604E-01  2.01604E-01  2.01604E-01  2.01604E-01  2.01604E-01  2.01604E-01  2.01604E-01  2.01604E-01  2.01604E-01
   18913   3  0.00000E+00  0.00000E+00  0.00000E+00  0.00000E+00  0.00000E+00  0.00000E+00  0.00000E+00  0.00000E+00  0.00000E+00  0.00000E+00  0.00000E+00  0.00000E+00  0.00000E+00  0.00000E+00  0.00000E+00  0.00000E+00  0.00000E+00  0.00000E+00  0.00000E+00  0.00000E+00  0.00000E+00  0.00000E+00  0.00000E+00  0.00000E+00
   18913   4  0.00000E+00  0.00000E+00  0.00000E+00  0.00000E+00  0.00000E+00  0.00000E+00  0.00000E+00  0.00000E+00  0.00000E+00  0.00000E+00  0.00000E+00  0.00000E+00  0.00000E+00  0.00000E+00  0.00000E+00  0.00000E+00  0.00000E+00  0.00000E+00  0.00000E+00  0.00000E+00  0.00000E+00  0.00000E+00  0.00000E+00  0.00000E+00
   19975   3  5.31123E+00  5.31123E+00  1.01829E-03  1.01829E-03  1.01829E-03  7.25663E-04  7.25663E-04  7.25663E-04  7.25663E-04  7.25663E-04  7.25663E-04  7.25663E-04  7.25663E-04  5.31123E+00  5.31123E+00  5.31123E+00  5.31123E+00  5.31123E+00  5.31123E+00  5.31123E+00  5.31123E+00  5.31123E+00  5.31123E+00  5.31123E+00
   19975   4  1.84145E+00  1.84145E+00  1.84145E+00  1.84145E+00  1.84145E+00  1.84145E+00  1.84145E+00  1.84145E+00  1.84145E+00  1.84145E+00  1.84145E+00  1.84145E+00  1.84145E+00  2.76914E+00  2.76914E+00  2.76914E+00  2.76914E+00  2.76914E+00  2.76914E+00  2.76914E+00  2.76914E+00  1.84145E+00  1.84145E+00  1.84145E+00
   19975   2  0.00000E+00  0.00000E+00  0.00000E+00  0.00000E+00  0.00000E+00  0.00000E+00  0.00000E+00  0.00000E+00  0.00000E+00  0.00000E+00  0.00000E+00  0.00000E+00  0.00000E+00  0.00000E+00  0.00000E+00  0.00000E+00  0.00000E+00  0.00000E+00  0.00000E+00  0.00000E+00  0.00000E+00  0.00000E+00  0.00000E+00  0.00000E+00
   20329   7  0.00000E+00  0.00000E+00  0.00000E+00  0.00000E+00  0.00000E+00  0.00000E+00  0.00000E+00  0.00000E+00  0.00000E+00  0.00000E+00  0.00000E+00  0.00000E+00  0.00000E+00  2.06464E+00  2.06464E+00  2.06464E+00  2.06464E+00  2.06464E+00  2.06464E+00  2.06464E+00  2.06464E+00  0.00000E+00  0.00000E+00  0.00000E+00
   19975   5  0.00000E+00  0.00000E+00  0.00000E+00  0.00000E+00  0.00000E+00  0.00000E+00  0.00000E+00  0.00000E+00  0.00000E+00  0.00000E+00  0.00000E+00  0.00000E+00  0.00000E+00  0.00000E+00  0.00000E+00  0.00000E+00  0.00000E+00  0.00000E+00  0.00000E+00  0.00000E+00  0.00000E+00  0.00000E+00  0.00000E+00  0.00000E+00
   19979   5  0.00000E+00  0.00000E+00  0.00000E+00  0.00000E+00  0.00000E+00  0.00000E+00  0.00000E+00  0.00000E+00  0.00000E+00  0.00000E+00  0.00000E+00  0.00000E+00  0.00000E+00  0.00000E+00  0.00000E+00  0.00000E+00  0.00000E+00  0.00000E+00  0.00000E+00  0.00000E+00  0.00000E+00  0.00000E+00  0.00000E+00  0.00000E+00
   19979   4  1.70156E-02  1.70156E-02  1.70156E-02  1.70156E-02  1.70156E-02  1.70156E-02  1.70156E-02  1.70156E-02  1.70156E-02  1.70156E-02  1.70156E-02  1.70156E-02  1.70156E-02  1.70156E-02  1.70156E-02  1.70156E-02  1.70156E-02  1.70156E-02  1.70156E-02  1.70156E-02  1.70156E-02  1.70156E-02  1.70156E-02  1.70156E-02
   19979   3  0.00000E+00  0.00000E+00  0.00000E+00  0.00000E+00  0.00000E+00  0.00000E+00  0.00000E+00  0.00000E+00  0.00000E+00  0.00000E+00  0.00000E+00  0.00000E+00  0.00000E+00  0.00000E+00  0.00000E+00  0.00000E+00  0.00000E+00  0.00000E+00  0.00000E+00  0.00000E+00  0.00000E+00  0.00000E+00  0.00000E+00  0.00000E+00
   20681   4  3.98697E-03  3.98697E-03  3.98697E-03  3.98697E-03  3.98697E-03  3.98697E-03  3.98697E-03  3.98697E-03  3.98697E-03  3.98697E-03  3.98697E-03  3.98697E-03  3.98697E-03  3.98697E-03  3.98697E-03  3.98697E-03  3.98697E-03  3.98697E-03  3.98697E-03  3.98697E-03  3.98697E-03  3.98697E-03  3.98697E-03  3.98697E-03
   18915   3  0.00000E+00  0.00000E+00  0.00000E+00  0.00000E+00  0.00000E+00  0.00000E+00  0.00000E+00  0.00000E+00  0.00000E+00  0.00000E+00  0.00000E+00  0.00000E+00  0.00000E+00  0.00000E+00  0.00000E+00  0.00000E+00  0.00000E+00  0.00000E+00  0.00000E+00  0.00000E+00  0.00000E+00  0.00000E+00  0.00000E+00  0.00000E+00
   21038   4  4.37703E+00  4.37703E+00  4.37703E+00  4.37703E+00  4.37703E+00  4.37703E+00  4.37703E+00  4.37703E+00  4.37703E+00  4.37703E+00  4.37703E+00  4.37703E+00  4.37703E+00  4.37703E+00  4.37703E+00  4.37703E+00  4.37703E+00  4.37703E+00  4.37703E+00  4.37703E+00  4.37703E+00  4.37703E+00  4.37703E+00  4.37703E+00
   21038   3  0.00000E+00  0.00000E+00  0.00000E+00  0.00000E+00  0.00000E+00  0.00000E+00  0.00000E+00  0.00000E+00  0.00000E+00  0.00000E+00  0.00000E+00  0.00000E+00  0.00000E+00  0.00000E+00  0.00000E+00  0.00000E+00  0.00000E+00  0.00000E+00  0.00000E+00  0.00000E+00  0.00000E+00  0.00000E+00  0.00000E+00  0.00000E+00
   18562   3  0.00000E+00  0.00000E+00  0.00000E+00  0.00000E+00  0.00000E+00  0.00000E+00  0.00000E+00  0.00000E+00  0.00000E+00  0.00000E+00  0.00000E+00  0.00000E+00  0.00000E+00  0.00000E+00  0.00000E+00  0.00000E+00  0.00000E+00  0.00000E+00  0.00000E+00  0.00000E+00  0.00000E+00  0.00000E+00  0.00000E+00  0.00000E+00
   20330   7  6.89982E+00  6.89982E+00  6.89982E+00  6.89982E+00  6.89982E+00  0.00000E+00  0.00000E+00  0.00000E+00  0.00000E+00  0.00000E+00  0.00000E+00  0.00000E+00  6.89982E+00  1.08549E+01  1.08549E+01  1.08549E+01  1.08549E+01  1.08549E+01  1.08549E+01  1.08549E+01  1.08549E+01  6.89982E+00  6.89982E+00  6.89982E+00
   20330   2  1.32119E+00  1.32119E+00  1.32119E+00  1.32119E+00  1.32119E+00  1.32119E+00  1.32119E+00  1.32119E+00  1.32119E+00  1.32119E+00  1.32119E+00  1.32119E+00  1.32119E+00  1.32119E+00  1.32119E+00  1.32119E+00  1.32119E+00  1.32119E+00  1.32119E+00  1.32119E+00  1.32119E+00  1.32119E+00  1.32119E+00  1.32119E+00
   20329   2  6.94405E-04  6.94405E-04  6.94405E-04  6.94405E-04  6.94405E-04  6.94405E-04  6.94405E-04  6.94405E-04  6.94405E-04  6.94405E-04  6.94405E-04  6.94405E-04  6.94405E-04  6.94405E-04  6.94405E-04  6.94405E-04  6.94405E-04  6.94405E-04  6.94405E-04  6.94405E-04  6.94405E-04  6.94405E-04  6.94405E-04  6.94405E-04
   19266   5  0.00000E+00  0.00000E+00  0.00000E+00  0.00000E+00  0.00000E+00  0.00000E+00  0.00000E+00  0.00000E+00  0.00000E+00  0.00000E+00  0.00000E+00  0.00000E+00  0.00000E+00  0.00000E+00  0.00000E+00  0.00000E+00  0.00000E+00  0.00000E+00  0.00000E+00  0.00000E+00  0.00000E+00  0.00000E+00  0.00000E+00  0.00000E+00
   19265   4  3.84189E+01  3.84189E+01  3.84189E+01  3.84189E+01  3.84189E+01  3.84189E+01  3.84189E+01  3.84189E+01  3.84189E+01  3.84189E+01  3.84189E+01  3.84189E+01  3.84189E+01  5.09078E+01  5.09078E+01  5.09078E+01  5.09078E+01  5.09078E+01  5.09078E+01  5.09078E+01  5.09078E+01  3.84189E+01  3.84189E+01  3.84189E+01
   19265   3  9.28106E-01  9.28106E-01  3.12452E-01  3.12452E-01  3.12452E-01  3.12452E-01  3.12452E-01  3.12452E-01  3.12452E-01  3.12452E-01  3.12452E-01  3.12452E-01  3.12452E-01  1.34322E+01  1.34322E+01  1.34322E+01  1.34322E+01  1.34322E+01  1.34322E+01  1.34322E+01  1.34322E+01  9.28106E-01  9.28106E-01  9.28106E-01
   19265   5  1.64312E-02  1.64312E-02  1.64312E-02  1.64312E-02  1.64312E-02  1.64312E-02  1.64312E-02  1.64312E-02  1.64312E-02  1.64312E-02  1.64312E-02  1.64312E-02  1.64312E-02  2.79175E+00  2.79175E+00  2.79175E+00  2.79175E+00  2.79175E+00  2.79175E+00  2.79175E+00  2.79175E+00  1.64312E-02  1.64312E-02  1.64312E-02
   19266   7  0.00000E+00  0.00000E+00  0.00000E+00  0.00000E+00  0.00000E+00  0.00000E+00  0.00000E+00  0.00000E+00  0.00000E+00  0.00000E+00  0.00000E+00  0.00000E+00  0.00000E+00  0.00000E+00  0.00000E+00  0.00000E+00  0.00000E+00  0.00000E+00  0.00000E+00  0.00000E+00  0.00000E+00  0.00000E+00  0.00000E+00  0.00000E+00
   19265   7  1.98133E+00  1.98133E+00  1.98133E+00  1.98133E+00  1.98133E+00  0.00000E+00  0.00000E+00  0.00000E+00  0.00000E+00  0.00000E+00  0.00000E+00  0.00000E+00  1.98133E+00  5.77091E+00  5.77091E+00  5.77091E+00  5.77091E+00  5.77091E+00  5.77091E+00  5.77091E+00  5.77091E+00  1.98133E+00  1.98133E+00  1.98133E+00
   19266   4  1.82716E-02  1.82716E-02  1.82716E-02  1.82716E-02  1.82716E-02  1.82716E-02  1.82716E-02  1.82716E-02  1.82716E-02  1.82716E-02  1.82716E-02  1.82716E-02  1.82716E-02  1.82716E-02  1.82716E-02  1.82716E-02  1.82716E-02  1.82716E-02  1.82716E-02  1.82716E-02  1.82716E-02  1.82716E-02  1.82716E-02  1.82716E-02
   18912   4  7.54062E-01  7.54062E-01  7.54062E-01  7.54062E-01  7.54062E-01  7.54062E-01  7.54062E-01  7.54062E-01  7.54062E-01  7.54062E-01  7.54062E-01  7.54062E-01  7.54062E-01  7.54062E-01  7.54062E-01  7.54062E-01  7.54062E-01  7.54062E-01  7.54062E-01  7.54062E-01  7.54062E-01  7.54062E-01  7.54062E-01  7.54062E-01
   19265   1  1.20058E-01  1.20058E-01  1.20058E-01  1.20058E-01  1.20058E-01  1.20058E-01  1.20058E-01  1.20058E-01  1.20058E-01  1.20058E-01  1.20058E-01  1.20058E-01  1.20058E-01  1.20058E-01  1.20058E-01  1.20058E-01  1.20058E-01  1.20058E-01  1.20058E-01  1.20058E-01  1.20058E-01  1.20058E-01  1.20058E-01  1.20058E-01
   20683   4  1.52199E+01  1.52199E+01  1.52199E+01  1.52199E+01  1.52199E+01  1.52199E+01  1.52199E+01  1.52199E+01  1.52199E+01  1.52199E+01  1.52199E+01  1.52199E+01  1.52199E+01  1.52199E+01  1.52199E+01  1.52199E+01  1.52199E+01  1.52199E+01  1.52199E+01  1.52199E+01  1.52199E+01  1.52199E+01  1.52199E+01  1.52199E+01
   20683   7  4.20906E-01  4.20906E-01  4.20906E-01  4.20906E-01  4.20906E-01  0.00000E+00  0.00000E+00  0.00000E+00  0.00000E+00  0.00000E+00  0.00000E+00  0.00000E+00  4.20906E-01  8.05270E-01  8.05270E-01  8.05270E-01  8.05270E-01  8.05270E-01  8.05270E-01  8.05270E-01  8.05270E-01  4.20906E-01  4.20906E-01  4.20906E-01
   20683   2  0.00000E+00  0.00000E+00  0.00000E+00  0.00000E+00  0.00000E+00  0.00000E+00  0.00000E+00  0.00000E+00  0.00000E+00  0.00000E+00  0.00000E+00  0.00000E+00  0.00000E+00  0.00000E+00  0.00000E+00  0.00000E+00  0.00000E+00  0.00000E+00  0.00000E+00  0.00000E+00  0.00000E+00  0.00000E+00  0.00000E+00  0.00000E+00
   19973   5  8.96115E-04  8.96115E-04  8.96115E-04  8.96115E-04  8.96115E-04  8.96115E-04  8.96115E-04  8.96115E-04  8.96115E-04  8.96115E-04  8.96115E-04  8.96115E-04  8.96115E-04  8.96115E-04  8.96115E-04  8.96115E-04  8.96115E-04  8.96115E-04  8.96115E-04  8.96115E-04  8.96115E-04  8.96115E-04  8.96115E-04  8.96115E-04
   19264   3  1.92426E-03  1.92426E-03  1.92426E-03  1.92426E-03  1.92426E-03  1.92426E-03  1.92426E-03  1.92426E-03  1.92426E-03  1.92426E-03  1.92426E-03  1.92426E-03  1.92426E-03  1.92426E-03  1.92426E-03  1.92426E-03  1.92426E-03  1.92426E-03  1.92426E-03  1.92426E-03  1.92426E-03  1.92426E-03  1.92426E-03  1.92426E-03
   19263   4  1.57804E-03  1.57804E-03  1.57804E-03  1.57804E-03  1.57804E-03  1.57804E-03  1.57804E-03  1.57804E-03  1.57804E-03  1.57804E-03  1.57804E-03  1.57804E-03  1.57804E-03  1.57804E-03  1.57804E-03  1.57804E-03  1.57804E-03  1.57804E-03  1.57804E-03  1.57804E-03  1.57804E-03  1.57804E-03  1.57804E-03  1.57804E-03
   20682   4  4.75833E+00  4.75833E+00  4.75833E+00  4.75833E+00  4.75833E+00  4.75833E+00  4.75833E+00  4.75833E+00  4.75833E+00  4.75833E+00  4.75833E+00  4.75833E+00  4.75833E+00  1.65009E+01  1.65009E+01  1.65009E+01  1.65009E+01  1.65009E+01  1.65009E+01  1.65009E+01  1.65009E+01  4.75833E+00  4.75833E+00  4.75833E+00
   20682   3  7.61511E-02  7.61511E-02  7.61511E-02  7.61511E-02  7.61511E-02  7.61511E-02  7.61511E-02  7.61511E-02  7.61511E-02  7.61511E-02  7.61511E-02  7.61511E-02  7.61511E-02  1.01403E+01  1.01403E+01  1.01403E+01  1.01403E+01  1.01403E+01  1.01403E+01  1.01403E+01  1.01403E+01  7.61511E-02  7.61511E-02  7.61511E-02
   20682   5  0.00000E+00  0.00000E+00  0.00000E+00  0.00000E+00  0.00000E+00  0.00000E+00  0.00000E+00  0.00000E+00  0.00000E+00  0.00000E+00  0.00000E+00  0.00000E+00  0.00000E+00  2.23649E+00  2.23649E+00  2.23649E+00  2.23649E+00  2.23649E+00  2.23649E+00  2.23649E+00  2.23649E+00  0.00000E+00  0.00000E+00  0.00000E+00
   21035   4  7.92257E-02  7.92257E-02  7.92257E-02  7.92257E-02  7.92257E-02  7.92257E-02  7.92257E-02  7.92257E-02  7.92257E-02  7.92257E-02  7.92257E-02  7.92257E-02  7.92257E-02  7.92257E-02  7.92257E-02  7.92257E-02  7.92257E-02  7.92257E-02  7.92257E-02  7.92257E-02  7.92257E-02  7.92257E-02  7.92257E-02  7.92257E-02
   21035   3  3.44226E-04  3.44226E-04  3.44226E-04  3.44226E-04  3.44226E-04  3.44226E-04  3.44226E-04  3.44226E-04  3.44226E-04  3.44226E-04  3.44226E-04  3.44226E-04  3.44226E-04  3.44226E-04  3.44226E-04  3.44226E-04  3.44226E-04  3.44226E-04  3.44226E-04  3.44226E-04  3.44226E-04  3.44226E-04  3.44226E-04  3.44226E-04
   20682   7  0.00000E+00  0.00000E+00  0.00000E+00  0.00000E+00  0.00000E+00  0.00000E+00  0.00000E+00  0.00000E+00  0.00000E+00  0.00000E+00  0.00000E+00  0.00000E+00  0.00000E+00  3.81256E-02  3.81256E-02  3.81256E-02  3.81256E-02  3.81256E-02  3.81256E-02  3.81256E-02  3.81256E-02  0.00000E+00  0.00000E+00  0.00000E+00
   17468   3  4.49881E-04  4.49881E-04  4.49881E-04  4.49881E-04  4.49881E-04  4.49881E-04  4.49881E-04  4.49881E-04  4.49881E-04  4.49881E-04  4.49881E-04  4.49881E-04  4.49881E-04  4.49881E-04  4.49881E-04  4.49881E-04  4.49881E-04  4.49881E-04  4.49881E-04  4.49881E-04  4.49881E-04  4.49881E-04  4.49881E-04  4.49881E-04
   20665   3  6.31681E-04  6.31681E-04  6.31681E-04  6.31681E-04  6.31681E-04  6.31681E-04  6.31681E-04  6.31681E-04  6.31681E-04  6.31681E-04  6.31681E-04  6.31681E-04  6.31681E-04  6.31681E-04  6.31681E-04  6.31681E-04  6.31681E-04  6.31681E-04  6.31681E-04  6.31681E-04  6.31681E-04  6.31681E-04  6.31681E-04  6.31681E-04
   21015   3  0.00000E+00  0.00000E+00  0.00000E+00  0.00000E+00  0.00000E+00  0.00000E+00  0.00000E+00  0.00000E+00  0.00000E+00  0.00000E+00  0.00000E+00  0.00000E+00  0.00000E+00  0.00000E+00  0.00000E+00  0.00000E+00  0.00000E+00  0.00000E+00  0.00000E+00  0.00000E+00  0.00000E+00  0.00000E+00  0.00000E+00  0.00000E+00
   22058   3  3.24974E-04  3.24974E-04  3.24974E-04  3.24974E-04  3.24974E-04  3.24974E-04  3.24974E-04  3.24974E-04  3.24974E-04  3.24974E-04  3.24974E-04  3.24974E-04  3.24974E-04  3.24974E-04  3.24974E-04  3.24974E-04  3.24974E-04  3.24974E-04  3.24974E-04  3.24974E-04  3.24974E-04  3.24974E-04  3.24974E-04  3.24974E-04
   22404   3  0.00000E+00  0.00000E+00  0.00000E+00  0.00000E+00  0.00000E+00  0.00000E+00  0.00000E+00  0.00000E+00  0.00000E+00  0.00000E+00  0.00000E+00  0.00000E+00  0.00000E+00  0.00000E+00  0.00000E+00  0.00000E+00  0.00000E+00  0.00000E+00  0.00000E+00  0.00000E+00  0.00000E+00  0.00000E+00  0.00000E+00  0.00000E+00
   13938   4  8.06189E-05  8.06189E-05  8.06189E-05  8.06189E-05  8.06189E-05  8.06189E-05  8.06189E-05  8.06189E-05  8.06189E-05  8.06189E-05  8.06189E-05  8.06189E-05  8.06189E-05  8.06189E-05  8.06189E-05  8.06189E-05  8.06189E-05  8.06189E-05  8.06189E-05  8.06189E-05  8.06189E-05  8.06189E-05  8.06189E-05  8.06189E-05
   13938   2  1.70865E+00  1.70865E+00  1.70865E+00  1.70865E+00  1.34346E+00  1.34346E+00  1.34346E+00  1.34346E+00  1.70865E+00  1.70865E+00  1.70865E+00  1.70865E+00  1.70865E+00  1.70865E+00  1.70865E+00  1.70865E+00  1.70865E+00  1.70865E+00  1.70865E+00  1.70865E+00  1.70865E+00  1.70865E+00  1.70865E+00  1.70865E+00
   13938   1  1.34346E+00  1.34346E+00  1.34346E+00  1.34346E+00  1.34346E+00  1.34346E+00  1.34346E+00  1.34346E+00  1.34346E+00  1.34346E+00  1.34346E+00  1.34346E+00  1.34346E+00  1.34346E+00  1.34346E+00  1.34346E+00  1.34346E+00  1.34346E+00  1.34346E+00  1.34346E+00  1.34346E+00  1.34346E+00  1.34346E+00  1.34346E+00
   13938   7  0.00000E+00  0.00000E+00  0.00000E+00  0.00000E+00  0.00000E+00  0.00000E+00  0.00000E+00  0.00000E+00  0.00000E+00  0.00000E+00  0.00000E+00  0.00000E+00  0.00000E+00  0.00000E+00  0.00000E+00  0.00000E+00  0.00000E+00  0.00000E+00  0.00000E+00  0.00000E+00  0.00000E+00  0.00000E+00  0.00000E+00  0.00000E+00
   13235   1  0.00000E+00  0.00000E+00  0.00000E+00  0.00000E+00  0.00000E+00  0.00000E+00  0.00000E+00  0.00000E+00  0.00000E+00  0.00000E+00  0.00000E+00  0.00000E+00  0.00000E+00  0.00000E+00  0.00000E+00  0.00000E+00  0.00000E+00  0.00000E+00  0.00000E+00  0.00000E+00  0.00000E+00  0.00000E+00  0.00000E+00  0.00000E+00
   13235   2  1.14819E+00  1.14819E+00  1.14819E+00  1.14819E+00  1.14819E+00  1.14819E+00  1.14819E+00  1.14819E+00  1.14819E+00  1.14819E+00  1.14819E+00  1.14819E+00  1.14819E+00  1.14819E+00  1.14819E+00  1.14819E+00  1.14819E+00  1.14819E+00  1.14819E+00  1.14819E+00  1.14819E+00  1.14819E+00  1.14819E+00  1.14819E+00
   13235   3  0.00000E+00  0.00000E+00  0.00000E+00  0.00000E+00  0.00000E+00  0.00000E+00  0.00000E+00  0.00000E+00  0.00000E+00  0.00000E+00  0.00000E+00  0.00000E+00  0.00000E+00  0.00000E+00  0.00000E+00  0.00000E+00  0.00000E+00  0.00000E+00  0.00000E+00  0.00000E+00  0.00000E+00  0.00000E+00  0.00000E+00  0.00000E+00
   13938   3  0.00000E+00  0.00000E+00  0.00000E+00  0.00000E+00  0.00000E+00  0.00000E+00  0.00000E+00  0.00000E+00  0.00000E+00  0.00000E+00  0.00000E+00  0.00000E+00  0.00000E+00  0.00000E+00  0.00000E+00  0.00000E+00  0.00000E+00  0.00000E+00  0.00000E+00  0.00000E+00  0.00000E+00  0.00000E+00  0.00000E+00  0.00000E+00
   21012   3  0.00000E+00  0.00000E+00  0.00000E+00  0.00000E+00  0.00000E+00  0.00000E+00  0.00000E+00  0.00000E+00  0.00000E+00  0.00000E+00  0.00000E+00  0.00000E+00  0.00000E+00  0.00000E+00  0.00000E+00  0.00000E+00  0.00000E+00  0.00000E+00  0.00000E+00  0.00000E+00  0.00000E+00  0.00000E+00  0.00000E+00  0.00000E+00
   20658   3  0.00000E+00  0.00000E+00  0.00000E+00  0.00000E+00  0.00000E+00  0.00000E+00  0.00000E+00  0.00000E+00  0.00000E+00  0.00000E+00  0.00000E+00  0.00000E+00  0.00000E+00  0.00000E+00  0.00000E+00  0.00000E+00  0.00000E+00  0.00000E+00  0.00000E+00  0.00000E+00  0.00000E+00  0.00000E+00  0.00000E+00  0.00000E+00
   21012   4  1.03223E-02  1.03223E-02  1.03223E-02  1.03223E-02  1.03223E-02  1.03223E-02  1.03223E-02  1.03223E-02  1.03223E-02  1.03223E-02  1.03223E-02  1.03223E-02  1.03223E-02  1.03223E-02  1.03223E-02  1.03223E-02  1.03223E-02  1.03223E-02  1.03223E-02  1.03223E-02  1.03223E-02  1.03223E-02  1.03223E-02  1.03223E-02
   21013   4  3.98644E-02  3.98644E-02  3.98644E-02  3.98644E-02  3.98644E-02  3.98644E-02  3.98644E-02  3.98644E-02  3.98644E-02  3.98644E-02  3.98644E-02  3.98644E-02  3.98644E-02  3.98644E-02  3.98644E-02  3.98644E-02  3.98644E-02  3.98644E-02  3.98644E-02  3.98644E-02  3.98644E-02  3.98644E-02  3.98644E-02  3.98644E-02
   20658   7  0.00000E+00  0.00000E+00  0.00000E+00  0.00000E+00  0.00000E+00  0.00000E+00  0.00000E+00  0.00000E+00  0.00000E+00  0.00000E+00  0.00000E+00  0.00000E+00  0.00000E+00  0.00000E+00  0.00000E+00  0.00000E+00  0.00000E+00  0.00000E+00  0.00000E+00  0.00000E+00  0.00000E+00  0.00000E+00  0.00000E+00  0.00000E+00
   21013   3  0.00000E+00  0.00000E+00  0.00000E+00  0.00000E+00  0.00000E+00  0.00000E+00  0.00000E+00  0.00000E+00  0.00000E+00  0.00000E+00  0.00000E+00  0.00000E+00  0.00000E+00  0.00000E+00  0.00000E+00  0.00000E+00  0.00000E+00  0.00000E+00  0.00000E+00  0.00000E+00  0.00000E+00  0.00000E+00  0.00000E+00  0.00000E+00
   20659   4  0.00000E+00  0.00000E+00  0.00000E+00  0.00000E+00  0.00000E+00  0.00000E+00  0.00000E+00  0.00000E+00  0.00000E+00  0.00000E+00  0.00000E+00  0.00000E+00  0.00000E+00  0.00000E+00  0.00000E+00  0.00000E+00  0.00000E+00  0.00000E+00  0.00000E+00  0.00000E+00  0.00000E+00  0.00000E+00  0.00000E+00  0.00000E+00
   20645   3  0.00000E+00  0.00000E+00  0.00000E+00  0.00000E+00  0.00000E+00  0.00000E+00  0.00000E+00  0.00000E+00  0.00000E+00  0.00000E+00  0.00000E+00  0.00000E+00  0.00000E+00  0.00000E+00  0.00000E+00  0.00000E+00  0.00000E+00  0.00000E+00  0.00000E+00  0.00000E+00  0.00000E+00  0.00000E+00  0.00000E+00  0.00000E+00
   18891   3  0.00000E+00  0.00000E+00  0.00000E+00  0.00000E+00  0.00000E+00  0.00000E+00  0.00000E+00  0.00000E+00  0.00000E+00  0.00000E+00  0.00000E+00  0.00000E+00  0.00000E+00  0.00000E+00  0.00000E+00  0.00000E+00  0.00000E+00  0.00000E+00  0.00000E+00  0.00000E+00  0.00000E+00  0.00000E+00  0.00000E+00  0.00000E+00
   19239   2  0.00000E+00  0.00000E+00  0.00000E+00  0.00000E+00  0.00000E+00  0.00000E+00  0.00000E+00  0.00000E+00  0.00000E+00  0.00000E+00  0.00000E+00  0.00000E+00  0.00000E+00  0.00000E+00  0.00000E+00  0.00000E+00  0.00000E+00  0.00000E+00  0.00000E+00  0.00000E+00  0.00000E+00  0.00000E+00  0.00000E+00  0.00000E+00
   19239   3  0.00000E+00  0.00000E+00  0.00000E+00  0.00000E+00  0.00000E+00  0.00000E+00  0.00000E+00  0.00000E+00  0.00000E+00  0.00000E+00  0.00000E+00  0.00000E+00  0.00000E+00  0.00000E+00  0.00000E+00  0.00000E+00  0.00000E+00  0.00000E+00  0.00000E+00  0.00000E+00  0.00000E+00  0.00000E+00  0.00000E+00  0.00000E+00
   20643   2  0.00000E+00  0.00000E+00  0.00000E+00  0.00000E+00  0.00000E+00  0.00000E+00  0.00000E+00  0.00000E+00  0.00000E+00  0.00000E+00  0.00000E+00  0.00000E+00  0.00000E+00  0.00000E+00  0.00000E+00  0.00000E+00  0.00000E+00  0.00000E+00  0.00000E+00  0.00000E+00  0.00000E+00  0.00000E+00  0.00000E+00  0.00000E+00
   20643   3  0.00000E+00  0.00000E+00  0.00000E+00  0.00000E+00  0.00000E+00  0.00000E+00  0.00000E+00  0.00000E+00  0.00000E+00  0.00000E+00  0.00000E+00  0.00000E+00  0.00000E+00  0.00000E+00  0.00000E+00  0.00000E+00  0.00000E+00  0.00000E+00  0.00000E+00  0.00000E+00  0.00000E+00  0.00000E+00  0.00000E+00  0.00000E+00
   19590   3  0.00000E+00  0.00000E+00  0.00000E+00  0.00000E+00  0.00000E+00  0.00000E+00  0.00000E+00  0.00000E+00  0.00000E+00  0.00000E+00  0.00000E+00  0.00000E+00  0.00000E+00  0.00000E+00  0.00000E+00  0.00000E+00  0.00000E+00  0.00000E+00  0.00000E+00  0.00000E+00  0.00000E+00  0.00000E+00  0.00000E+00  0.00000E+00
   19590   7  0.00000E+00  0.00000E+00  0.00000E+00  0.00000E+00  0.00000E+00  0.00000E+00  0.00000E+00  0.00000E+00  0.00000E+00  0.00000E+00  0.00000E+00  0.00000E+00  0.00000E+00  0.00000E+00  0.00000E+00  0.00000E+00  0.00000E+00  0.00000E+00  0.00000E+00  0.00000E+00  0.00000E+00  0.00000E+00  0.00000E+00  0.00000E+00
   21358   4  0.00000E+00  0.00000E+00  0.00000E+00  0.00000E+00  0.00000E+00  0.00000E+00  0.00000E+00  0.00000E+00  0.00000E+00  0.00000E+00  0.00000E+00  0.00000E+00  0.00000E+00  0.00000E+00  0.00000E+00  0.00000E+00  0.00000E+00  0.00000E+00  0.00000E+00  0.00000E+00  0.00000E+00  0.00000E+00  0.00000E+00  0.00000E+00
   22412   3  3.20356E-03  3.20356E-03  3.20356E-03  3.20356E-03  3.20356E-03  3.20356E-03  3.20356E-03  3.20356E-03  3.20356E-03  3.20356E-03  3.20356E-03  3.20356E-03  3.20356E-03  3.20356E-03  3.20356E-03  3.20356E-03  3.20356E-03  3.20356E-03  3.20356E-03  3.20356E-03  3.20356E-03  3.20356E-03  3.20356E-03  3.20356E-03
   22412   7  0.00000E+00  0.00000E+00  0.00000E+00  0.00000E+00  0.00000E+00  0.00000E+00  0.00000E+00  0.00000E+00  0.00000E+00  0.00000E+00  0.00000E+00  0.00000E+00  0.00000E+00  0.00000E+00  0.00000E+00  0.00000E+00  0.00000E+00  0.00000E+00  0.00000E+00  0.00000E+00  0.00000E+00  0.00000E+00  0.00000E+00  0.00000E+00
   19610   3  0.00000E+00  0.00000E+00  0.00000E+00  0.00000E+00  0.00000E+00  0.00000E+00  0.00000E+00  0.00000E+00  0.00000E+00  0.00000E+00  0.00000E+00  0.00000E+00  0.00000E+00  0.00000E+00  0.00000E+00  0.00000E+00  0.00000E+00  0.00000E+00  0.00000E+00  0.00000E+00  0.00000E+00  0.00000E+00  0.00000E+00  0.00000E+00
   16803   4  1.49773E-02  1.49773E-02  1.49773E-02  1.49773E-02  1.49773E-02  1.49773E-02  1.49773E-02  1.49773E-02  1.49773E-02  1.49773E-02  1.49773E-02  1.49773E-02  1.49773E-02  1.49773E-02  1.49773E-02  1.49773E-02  1.49773E-02  1.49773E-02  1.49773E-02  1.49773E-02  1.49773E-02  1.49773E-02  1.49773E-02  1.49773E-02
   16802   4  1.24227E-01  1.24227E-01  1.24227E-01  1.24227E-01  1.24227E-01  1.24227E-01  1.24227E-01  1.24227E-01  1.24227E-01  1.24227E-01  1.24227E-01  1.24227E-01  1.24227E-01  1.24227E-01  1.24227E-01  1.24227E-01  1.24227E-01  1.24227E-01  1.24227E-01  1.24227E-01  1.24227E-01  1.24227E-01  1.24227E-01  1.24227E-01
   17156   4  2.06224E-04  2.06224E-04  2.06224E-04  2.06224E-04  2.06224E-04  2.06224E-04  2.06224E-04  2.06224E-04  2.06224E-04  2.06224E-04  2.06224E-04  2.06224E-04  2.06224E-04  2.06224E-04  2.06224E-04  2.06224E-04  2.06224E-04  2.06224E-04  2.06224E-04  2.06224E-04  2.06224E-04  2.06224E-04  2.06224E-04  2.06224E-04
   17156   3  4.57552E-04  4.57552E-04  4.57552E-04  4.57552E-04  4.57552E-04  0.00000E+00  0.00000E+00  0.00000E+00  0.00000E+00  0.00000E+00  0.00000E+00  0.00000E+00  0.00000E+00  4.57552E-04  4.57552E-04  4.57552E-04  4.57552E-04  4.57552E-04  4.57552E-04  4.57552E-04  4.57552E-04  4.57552E-04  4.57552E-04  4.57552E-04
   17156   7  0.00000E+00  0.00000E+00  0.00000E+00  0.00000E+00  0.00000E+00  0.00000E+00  0.00000E+00  0.00000E+00  0.00000E+00  0.00000E+00  0.00000E+00  0.00000E+00  0.00000E+00  0.00000E+00  0.00000E+00  0.00000E+00  0.00000E+00  0.00000E+00  0.00000E+00  0.00000E+00  0.00000E+00  0.00000E+00  0.00000E+00  0.00000E+00
   17156   2  0.00000E+00  0.00000E+00  0.00000E+00  0.00000E+00  0.00000E+00  0.00000E+00  0.00000E+00  0.00000E+00  0.00000E+00  0.00000E+00  0.00000E+00  0.00000E+00  0.00000E+00  0.00000E+00  0.00000E+00  0.00000E+00  0.00000E+00  0.00000E+00  0.00000E+00  0.00000E+00  0.00000E+00  0.00000E+00  0.00000E+00  0.00000E+00
   17506   4  4.06791E+00  4.06791E+00  4.06791E+00  4.06791E+00  4.06791E+00  4.06791E+00  4.06791E+00  4.06791E+00  4.06791E+00  4.06791E+00  4.06791E+00  4.06791E+00  4.06791E+00  1.82244E+01  1.82244E+01  1.82244E+01  1.82244E+01  1.82244E+01  1.82244E+01  1.82244E+01  1.82244E+01  4.06791E+00  4.06791E+00  4.06791E+00
   17506   3  7.60112E-01  7.60112E-01  7.60112E-01  7.60112E-01  7.60112E-01  7.60112E-01  7.60112E-01  7.60112E-01  7.60112E-01  7.60112E-01  7.60112E-01  7.60112E-01  7.60112E-01  1.49168E+01  1.49168E+01  1.49168E+01  1.49168E+01  1.49168E+01  1.49168E+01  1.49168E+01  1.49168E+01  7.60112E-01  7.60112E-01  7.60112E-01
   17859   3  0.00000E+00  0.00000E+00  0.00000E+00  0.00000E+00  0.00000E+00  0.00000E+00  0.00000E+00  0.00000E+00  0.00000E+00  0.00000E+00  0.00000E+00  0.00000E+00  0.00000E+00  0.00000E+00  0.00000E+00  0.00000E+00  0.00000E+00  0.00000E+00  0.00000E+00  0.00000E+00  0.00000E+00  0.00000E+00  0.00000E+00  0.00000E+00
   17506   7  0.00000E+00  0.00000E+00  0.00000E+00  0.00000E+00  0.00000E+00  0.00000E+00  0.00000E+00  0.00000E+00  0.00000E+00  0.00000E+00  0.00000E+00  0.00000E+00  0.00000E+00  0.00000E+00  0.00000E+00  0.00000E+00  0.00000E+00  0.00000E+00  0.00000E+00  0.00000E+00  0.00000E+00  0.00000E+00  0.00000E+00  0.00000E+00
   17505   3  0.00000E+00  0.00000E+00  0.00000E+00  0.00000E+00  0.00000E+00  0.00000E+00  0.00000E+00  0.00000E+00  0.00000E+00  0.00000E+00  0.00000E+00  0.00000E+00  0.00000E+00  0.00000E+00  0.00000E+00  0.00000E+00  0.00000E+00  0.00000E+00  0.00000E+00  0.00000E+00  0.00000E+00  0.00000E+00  0.00000E+00  0.00000E+00
   17153   2  5.67362E-01  5.67362E-01  5.67362E-01  5.67362E-01  5.67362E-01  5.67362E-01  5.67362E-01  5.67362E-01  5.67362E-01  5.67362E-01  5.67362E-01  5.67362E-01  5.67362E-01  5.67362E-01  5.67362E-01  5.67362E-01  5.67362E-01  5.67362E-01  5.67362E-01  5.67362E-01  5.67362E-01  5.67362E-01  5.67362E-01  5.67362E-01
   17506   5  0.00000E+00  0.00000E+00  0.00000E+00  0.00000E+00  0.00000E+00  0.00000E+00  0.00000E+00  0.00000E+00  0.00000E+00  0.00000E+00  0.00000E+00  0.00000E+00  0.00000E+00  3.14589E+00  3.14589E+00  3.14589E+00  3.14589E+00  3.14589E+00  3.14589E+00  3.14589E+00  3.14589E+00  0.00000E+00  0.00000E+00  0.00000E+00
   18212   4  0.00000E+00  0.00000E+00  0.00000E+00  0.00000E+00  0.00000E+00  0.00000E+00  0.00000E+00  0.00000E+00  0.00000E+00  0.00000E+00  0.00000E+00  0.00000E+00  0.00000E+00  0.00000E+00  0.00000E+00  0.00000E+00  0.00000E+00  0.00000E+00  0.00000E+00  0.00000E+00  0.00000E+00  0.00000E+00  0.00000E+00  0.00000E+00
   17510   4  3.55495E-02  3.55495E-02  3.55495E-02  3.55495E-02  3.55495E-02  3.55495E-02  3.55495E-02  3.55495E-02  3.55495E-02  3.55495E-02  3.55495E-02  3.55495E-02  3.55495E-02  3.55495E-02  3.55495E-02  3.55495E-02  3.55495E-02  3.55495E-02  3.55495E-02  3.55495E-02  3.55495E-02  3.55495E-02  3.55495E-02  3.55495E-02
   16447   2  0.00000E+00  0.00000E+00  0.00000E+00  0.00000E+00  0.00000E+00  0.00000E+00  0.00000E+00  0.00000E+00  0.00000E+00  0.00000E+00  0.00000E+00  0.00000E+00  0.00000E+00  0.00000E+00  0.00000E+00  0.00000E+00  0.00000E+00  0.00000E+00  0.00000E+00  0.00000E+00  0.00000E+00  0.00000E+00  0.00000E+00  0.00000E+00
   16447   3  0.00000E+00  0.00000E+00  0.00000E+00  0.00000E+00  0.00000E+00  0.00000E+00  0.00000E+00  0.00000E+00  0.00000E+00  0.00000E+00  0.00000E+00  0.00000E+00  0.00000E+00  0.00000E+00  0.00000E+00  0.00000E+00  0.00000E+00  0.00000E+00  0.00000E+00  0.00000E+00  0.00000E+00  0.00000E+00  0.00000E+00  0.00000E+00
   32968   7  0.00000E+00  0.00000E+00  0.00000E+00  0.00000E+00  0.00000E+00  0.00000E+00  0.00000E+00  0.00000E+00  0.00000E+00  0.00000E+00  0.00000E+00  0.00000E+00  0.00000E+00  0.00000E+00  0.00000E+00  0.00000E+00  0.00000E+00  0.00000E+00  0.00000E+00  0.00000E+00  0.00000E+00  0.00000E+00  0.00000E+00  0.00000E+00
   32968   3  0.00000E+00  0.00000E+00  0.00000E+00  0.00000E+00  0.00000E+00  0.00000E+00  0.00000E+00  0.00000E+00  0.00000E+00  0.00000E+00  0.00000E+00  0.00000E+00  0.00000E+00  0.00000E+00  0.00000E+00  0.00000E+00  0.00000E+00  0.00000E+00  0.00000E+00  0.00000E+00  0.00000E+00  0.00000E+00  0.00000E+00  0.00000E+00
   29089   4  7.59516E-04  7.59516E-04  7.59516E-04  7.59516E-04  7.59516E-04  7.59516E-04  7.59516E-04  7.59516E-04  7.59516E-04  7.59516E-04  7.59516E-04  7.59516E-04  7.59516E-04  7.59516E-04  7.59516E-04  7.59516E-04  7.59516E-04  7.59516E-04  7.59516E-04  7.59516E-04  7.59516E-04  7.59516E-04  7.59516E-04  7.59516E-04
   29089   2  0.00000E+00  0.00000E+00  0.00000E+00  0.00000E+00  0.00000E+00  0.00000E+00  0.00000E+00  0.00000E+00  0.00000E+00  0.00000E+00  0.00000E+00  0.00000E+00  0.00000E+00  0.00000E+00  0.00000E+00  0.00000E+00  0.00000E+00  0.00000E+00  0.00000E+00  0.00000E+00  0.00000E+00  0.00000E+00  0.00000E+00  0.00000E+00
   29089   3  3.54285E-03  3.54285E-03  3.54285E-03  3.54285E-03  3.54285E-03  3.54285E-03  3.54285E-03  3.54285E-03  3.54285E-03  3.54285E-03  3.54285E-03  3.54285E-03  3.54285E-03  3.54285E-03  3.54285E-03  3.54285E-03  3.54285E-03  3.54285E-03  3.54285E-03  3.54285E-03  3.54285E-03  3.54285E-03  3.54285E-03  3.54285E-03
   29089   7  0.00000E+00  0.00000E+00  0.00000E+00  0.00000E+00  0.00000E+00  0.00000E+00  0.00000E+00  0.00000E+00  0.00000E+00  0.00000E+00  0.00000E+00  0.00000E+00  0.00000E+00  0.00000E+00  0.00000E+00  0.00000E+00  0.00000E+00  0.00000E+00  0.00000E+00  0.00000E+00  0.00000E+00  0.00000E+00  0.00000E+00  0.00000E+00
   15772   3  0.00000E+00  0.00000E+00  0.00000E+00  0.00000E+00  0.00000E+00  0.00000E+00  0.00000E+00  0.00000E+00  0.00000E+00  0.00000E+00  0.00000E+00  0.00000E+00  0.00000E+00  0.00000E+00  0.00000E+00  0.00000E+00  0.00000E+00  0.00000E+00  0.00000E+00  0.00000E+00  0.00000E+00  0.00000E+00  0.00000E+00  0.00000E+00
   15772   2  0.00000E+00  0.00000E+00  0.00000E+00  0.00000E+00  0.00000E+00  0.00000E+00  0.00000E+00  0.00000E+00  0.00000E+00  0.00000E+00  0.00000E+00  0.00000E+00  0.00000E+00  0.00000E+00  0.00000E+00  0.00000E+00  0.00000E+00  0.00000E+00  0.00000E+00  0.00000E+00  0.00000E+00  0.00000E+00  0.00000E+00  0.00000E+00
   16476   4  1.13770E-03  1.13770E-03  1.13770E-03  1.13770E-03  1.13770E-03  1.13770E-03  1.13770E-03  1.13770E-03  1.13770E-03  1.13770E-03  1.13770E-03  1.13770E-03  1.13770E-03  1.13770E-03  1.13770E-03  1.13770E-03  1.13770E-03  1.13770E-03  1.13770E-03  1.13770E-03  1.13770E-03  1.13770E-03  1.13770E-03  1.13770E-03
   16476   3  0.00000E+00  0.00000E+00  0.00000E+00  0.00000E+00  0.00000E+00  0.00000E+00  0.00000E+00  0.00000E+00  0.00000E+00  0.00000E+00  0.00000E+00  0.00000E+00  0.00000E+00  0.00000E+00  0.00000E+00  0.00000E+00  0.00000E+00  0.00000E+00  0.00000E+00  0.00000E+00  0.00000E+00  0.00000E+00  0.00000E+00  0.00000E+00
    7320   4  0.00000E+00  0.00000E+00  0.00000E+00  0.00000E+00  0.00000E+00  0.00000E+00  0.00000E+00  0.00000E+00  0.00000E+00  0.00000E+00  0.00000E+00  0.00000E+00  0.00000E+00  0.00000E+00  0.00000E+00  0.00000E+00  0.00000E+00  0.00000E+00  0.00000E+00  0.00000E+00  0.00000E+00  0.00000E+00  0.00000E+00  0.00000E+00
   10496   2  6.74771E-01  6.74771E-01  6.74771E-01  6.74771E-01  6.74771E-01  6.74771E-01  6.74771E-01  6.74771E-01  6.74771E-01  6.74771E-01  6.74771E-01  6.74771E-01  6.74771E-01  6.74771E-01  6.74771E-01  6.74771E-01  6.74771E-01  6.74771E-01  6.74771E-01  6.74771E-01  6.74771E-01  6.74771E-01  6.74771E-01  6.74771E-01
   10496   3  2.41706E-01  2.41706E-01  2.41706E-01  2.41706E-01  2.41706E-01  2.41706E-01  2.41706E-01  2.41706E-01  2.41706E-01  2.41706E-01  2.41706E-01  2.41706E-01  2.41706E-01  2.41706E-01  2.41706E-01  2.41706E-01  2.41706E-01  2.41706E-01  2.41706E-01  2.41706E-01  2.41706E-01  2.41706E-01  2.41706E-01  2.41706E-01
   10122   3  0.00000E+00  0.00000E+00  0.00000E+00  0.00000E+00  0.00000E+00  0.00000E+00  0.00000E+00  0.00000E+00  0.00000E+00  0.00000E+00  0.00000E+00  0.00000E+00  0.00000E+00  0.00000E+00  0.00000E+00  0.00000E+00  0.00000E+00  0.00000E+00  0.00000E+00  0.00000E+00  0.00000E+00  0.00000E+00  0.00000E+00  0.00000E+00
   10122   5  0.00000E+00  0.00000E+00  0.00000E+00  0.00000E+00  0.00000E+00  0.00000E+00  0.00000E+00  0.00000E+00  0.00000E+00  0.00000E+00  0.00000E+00  0.00000E+00  0.00000E+00  0.00000E+00  0.00000E+00  0.00000E+00  0.00000E+00  0.00000E+00  0.00000E+00  0.00000E+00  0.00000E+00  0.00000E+00  0.00000E+00  0.00000E+00
    6258   1  0.00000E+00  0.00000E+00  0.00000E+00  0.00000E+00  0.00000E+00  0.00000E+00  0.00000E+00  0.00000E+00  0.00000E+00  0.00000E+00  0.00000E+00  0.00000E+00  0.00000E+00  0.00000E+00  0.00000E+00  0.00000E+00  0.00000E+00  0.00000E+00  0.00000E+00  0.00000E+00  0.00000E+00  0.00000E+00  0.00000E+00  0.00000E+00
    6258   2  1.10844E+02  1.10844E+02  1.10844E+02  1.10844E+02  1.10844E+02  1.10844E+02  1.10844E+02  1.10844E+02  1.10844E+02  1.10844E+02  1.10844E+02  1.10844E+02  1.10844E+02  1.10844E+02  1.10844E+02  1.10844E+02  1.10844E+02  1.10844E+02  1.10844E+02  1.10844E+02  1.10844E+02  1.10844E+02  1.10844E+02  1.10844E+02
    6258   3  2.12783E+00  2.12783E+00  2.12783E+00  2.12783E+00  2.12783E+00  2.12783E+00  2.12783E+00  2.12783E+00  2.12783E+00  2.12783E+00  2.12783E+00  2.12783E+00  2.12783E+00  2.12783E+00  2.12783E+00  2.12783E+00  2.12783E+00  2.12783E+00  2.12783E+00  2.12783E+00  2.12783E+00  2.12783E+00  2.12783E+00  2.12783E+00
    6258   4  0.00000E+00  0.00000E+00  0.00000E+00  0.00000E+00  0.00000E+00  0.00000E+00  0.00000E+00  0.00000E+00  0.00000E+00  0.00000E+00  0.00000E+00  0.00000E+00  0.00000E+00  0.00000E+00  0.00000E+00  0.00000E+00  0.00000E+00  0.00000E+00  0.00000E+00  0.00000E+00  0.00000E+00  0.00000E+00  0.00000E+00  0.00000E+00
    6258   7  0.00000E+00  0.00000E+00  0.00000E+00  0.00000E+00  0.00000E+00  0.00000E+00  0.00000E+00  0.00000E+00  0.00000E+00  0.00000E+00  0.00000E+00  0.00000E+00  0.00000E+00  0.00000E+00  0.00000E+00  0.00000E+00  0.00000E+00  0.00000E+00  0.00000E+00  0.00000E+00  0.00000E+00  0.00000E+00  0.00000E+00  0.00000E+00
    9417   4  2.72610E-04  2.72610E-04  2.72610E-04  2.72610E-04  2.72610E-04  2.72610E-04  2.72610E-04  2.72610E-04  2.72610E-04  2.72610E-04  2.72610E-04  2.72610E-04  2.72610E-04  2.72610E-04  2.72610E-04  2.72610E-04  2.72610E-04  2.72610E-04  2.72610E-04  2.72610E-04  2.72610E-04  2.72610E-04  2.72610E-04  2.72610E-04
   10122   4  3.18223E-04  3.18223E-04  3.18223E-04  3.18223E-04  3.18223E-04  3.18223E-04  3.18223E-04  3.18223E-04  3.18223E-04  3.18223E-04  3.18223E-04  3.18223E-04  3.18223E-04  3.18223E-04  3.18223E-04  3.18223E-04  3.18223E-04  3.18223E-04  3.18223E-04  3.18223E-04  3.18223E-04  3.18223E-04  3.18223E-04  3.18223E-04
   14365   3  0.00000E+00  0.00000E+00  0.00000E+00  0.00000E+00  0.00000E+00  0.00000E+00  0.00000E+00  0.00000E+00  0.00000E+00  0.00000E+00  0.00000E+00  0.00000E+00  0.00000E+00  0.00000E+00  0.00000E+00  0.00000E+00  0.00000E+00  0.00000E+00  0.00000E+00  0.00000E+00  0.00000E+00  0.00000E+00  0.00000E+00  0.00000E+00
   11525   4  5.61751E-03  5.61751E-03  5.61751E-03  5.61751E-03  5.61751E-03  5.61751E-03  5.61751E-03  5.61751E-03  5.61751E-03  5.61751E-03  5.61751E-03  5.61751E-03  5.61751E-03  5.61751E-03  5.61751E-03  5.61751E-03  5.61751E-03  5.61751E-03  5.61751E-03  5.61751E-03  5.61751E-03  5.61751E-03  5.61751E-03  5.61751E-03
    8358   7  0.00000E+00  0.00000E+00  0.00000E+00  0.00000E+00  0.00000E+00  0.00000E+00  0.00000E+00  0.00000E+00  0.00000E+00  0.00000E+00  0.00000E+00  0.00000E+00  0.00000E+00  0.00000E+00  0.00000E+00  0.00000E+00  0.00000E+00  0.00000E+00  0.00000E+00  0.00000E+00  0.00000E+00  0.00000E+00  0.00000E+00  0.00000E+00
    9771   3  1.53551E-04  1.53551E-04  1.53551E-04  1.53551E-04  1.53551E-04  0.00000E+00  0.00000E+00  0.00000E+00  0.00000E+00  0.00000E+00  0.00000E+00  0.00000E+00  0.00000E+00  1.53551E-04  1.53551E-04  1.53551E-04  1.53551E-04  1.53551E-04  1.53551E-04  1.53551E-04  1.53551E-04  1.53551E-04  1.53551E-04  1.53551E-04
    6609   3  0.00000E+00  0.00000E+00  0.00000E+00  0.00000E+00  0.00000E+00  0.00000E+00  0.00000E+00  0.00000E+00  0.00000E+00  0.00000E+00  0.00000E+00  0.00000E+00  0.00000E+00  0.00000E+00  0.00000E+00  0.00000E+00  0.00000E+00  0.00000E+00  0.00000E+00  0.00000E+00  0.00000E+00  0.00000E+00  0.00000E+00  0.00000E+00
   11870   4  5.17427E-02  5.17427E-02  5.17427E-02  5.17427E-02  5.17427E-02  5.17427E-02  5.17427E-02  5.17427E-02  5.17427E-02  5.17427E-02  5.17427E-02  5.17427E-02  5.17427E-02  5.17427E-02  5.17427E-02  5.17427E-02  5.17427E-02  5.17427E-02  5.17427E-02  5.17427E-02  5.17427E-02  5.17427E-02  5.17427E-02  5.17427E-02
   11870   3  0.00000E+00  0.00000E+00  0.00000E+00  0.00000E+00  0.00000E+00  0.00000E+00  0.00000E+00  0.00000E+00  0.00000E+00  0.00000E+00  0.00000E+00  0.00000E+00  0.00000E+00  0.00000E+00  0.00000E+00  0.00000E+00  0.00000E+00  0.00000E+00  0.00000E+00  0.00000E+00  0.00000E+00  0.00000E+00  0.00000E+00  0.00000E+00
   11870   2  0.00000E+00  0.00000E+00  0.00000E+00  0.00000E+00  0.00000E+00  0.00000E+00  0.00000E+00  0.00000E+00  0.00000E+00  0.00000E+00  0.00000E+00  0.00000E+00  0.00000E+00  0.00000E+00  0.00000E+00  0.00000E+00  0.00000E+00  0.00000E+00  0.00000E+00  0.00000E+00  0.00000E+00  0.00000E+00  0.00000E+00  0.00000E+00
   10124   4  1.21191E-04  1.21191E-04  1.21191E-04  1.21191E-04  1.21191E-04  1.21191E-04  1.21191E-04  1.21191E-04  1.21191E-04  1.21191E-04  1.21191E-04  1.21191E-04  1.21191E-04  1.21191E-04  1.21191E-04  1.21191E-04  1.21191E-04  1.21191E-04  1.21191E-04  1.21191E-04  1.21191E-04  1.21191E-04  1.21191E-04  1.21191E-04
   18579   3  1.13781E-03  1.13781E-03  1.13781E-03  1.13781E-03  1.13781E-03  1.13781E-03  1.13781E-03  1.13781E-03  1.13781E-03  1.13781E-03  1.13781E-03  1.13781E-03  1.13781E-03  1.13781E-03  1.13781E-03  1.13781E-03  1.13781E-03  1.13781E-03  1.13781E-03  1.13781E-03  1.13781E-03  1.13781E-03  1.13781E-03  1.13781E-03
   18225   4  0.00000E+00  0.00000E+00  0.00000E+00  0.00000E+00  0.00000E+00  0.00000E+00  0.00000E+00  0.00000E+00  0.00000E+00  0.00000E+00  0.00000E+00  0.00000E+00  0.00000E+00  1.87661E-01  1.87661E-01  1.87661E-01  1.87661E-01  1.87661E-01  1.87661E-01  1.87661E-01  1.87661E-01  0.00000E+00  0.00000E+00  0.00000E+00
   18225   3  0.00000E+00  0.00000E+00  0.00000E+00  0.00000E+00  0.00000E+00  0.00000E+00  0.00000E+00  0.00000E+00  0.00000E+00  0.00000E+00  0.00000E+00  0.00000E+00  0.00000E+00  0.00000E+00  0.00000E+00  0.00000E+00  0.00000E+00  0.00000E+00  0.00000E+00  0.00000E+00  0.00000E+00  0.00000E+00  0.00000E+00  0.00000E+00
   15059   3  0.00000E+00  0.00000E+00  0.00000E+00  0.00000E+00  0.00000E+00  0.00000E+00  0.00000E+00  0.00000E+00  0.00000E+00  0.00000E+00  0.00000E+00  0.00000E+00  0.00000E+00  0.00000E+00  0.00000E+00  0.00000E+00  0.00000E+00  0.00000E+00  0.00000E+00  0.00000E+00  0.00000E+00  0.00000E+00  0.00000E+00  0.00000E+00
   18576   4  1.10067E-01  1.10067E-01  1.10067E-01  1.10067E-01  1.10067E-01  1.10067E-01  1.10067E-01  1.10067E-01  1.10067E-01  1.10067E-01  1.10067E-01  1.10067E-01  1.10067E-01  1.10067E-01  1.10067E-01  1.10067E-01  1.10067E-01  1.10067E-01  1.10067E-01  1.10067E-01  1.10067E-01  1.10067E-01  1.10067E-01  1.10067E-01
   18576   3  1.35390E-01  1.35390E-01  1.35390E-01  1.35390E-01  1.35390E-01  1.35390E-01  1.35390E-01  1.35390E-01  1.35390E-01  1.35390E-01  1.35390E-01  1.35390E-01  1.35390E-01  1.35390E-01  1.35390E-01  1.35390E-01  1.35390E-01  1.35390E-01  1.35390E-01  1.35390E-01  1.35390E-01  1.35390E-01  1.35390E-01  1.35390E-01
   18576   1  5.98625E-02  5.98625E-02  5.98625E-02  5.98625E-02  5.98625E-02  5.98625E-02  5.98625E-02  5.98625E-02  5.98625E-02  5.98625E-02  5.98625E-02  5.98625E-02  5.98625E-02  5.98625E-02  5.98625E-02  5.98625E-02  5.98625E-02  5.98625E-02  5.98625E-02  5.98625E-02  5.98625E-02  5.98625E-02  5.98625E-02  5.98625E-02
   15747   3  0.00000E+00  0.00000E+00  0.00000E+00  0.00000E+00  0.00000E+00  0.00000E+00  0.00000E+00  0.00000E+00  0.00000E+00  0.00000E+00  0.00000E+00  0.00000E+00  0.00000E+00  0.00000E+00  0.00000E+00  0.00000E+00  0.00000E+00  0.00000E+00  0.00000E+00  0.00000E+00  0.00000E+00  0.00000E+00  0.00000E+00  0.00000E+00
   15747   2  0.00000E+00  0.00000E+00  0.00000E+00  0.00000E+00  0.00000E+00  0.00000E+00  0.00000E+00  0.00000E+00  0.00000E+00  0.00000E+00  0.00000E+00  0.00000E+00  0.00000E+00  0.00000E+00  0.00000E+00  0.00000E+00  0.00000E+00  0.00000E+00  0.00000E+00  0.00000E+00  0.00000E+00  0.00000E+00  0.00000E+00  0.00000E+00
   13638   3  0.00000E+00  0.00000E+00  0.00000E+00  0.00000E+00  0.00000E+00  0.00000E+00  0.00000E+00  0.00000E+00  0.00000E+00  0.00000E+00  0.00000E+00  0.00000E+00  0.00000E+00  0.00000E+00  0.00000E+00  0.00000E+00  0.00000E+00  0.00000E+00  0.00000E+00  0.00000E+00  0.00000E+00  0.00000E+00  0.00000E+00  0.00000E+00
   18926   4  6.36330E-03  6.36330E-03  6.36330E-03  6.36330E-03  6.36330E-03  6.36330E-03  6.36330E-03  6.36330E-03  6.36330E-03  6.36330E-03  6.36330E-03  6.36330E-03  6.36330E-03  6.36330E-03  6.36330E-03  6.36330E-03  6.36330E-03  6.36330E-03  6.36330E-03  6.36330E-03  6.36330E-03  6.36330E-03  6.36330E-03  6.36330E-03
   22115   4  1.91614E-04  1.91614E-04  1.91614E-04  1.91614E-04  1.91614E-04  1.91614E-04  1.91614E-04  1.91614E-04  1.91614E-04  1.91614E-04  1.91614E-04  1.91614E-04  1.91614E-04  1.91614E-04  1.91614E-04  1.91614E-04  1.91614E-04  1.91614E-04  1.91614E-04  1.91614E-04  1.91614E-04  1.91614E-04  1.91614E-04  1.91614E-04
   15750   4  1.23869E-02  1.23869E-02  1.23869E-02  1.23869E-02  1.23869E-02  1.23869E-02  1.23869E-02  1.23869E-02  1.23869E-02  1.23869E-02  1.23869E-02  1.23869E-02  1.23869E-02  1.23869E-02  1.23869E-02  1.23869E-02  1.23869E-02  1.23869E-02  1.23869E-02  1.23869E-02  1.23869E-02  1.23869E-02  1.23869E-02  1.23869E-02
   16455   4  1.81493E-02  1.81493E-02  1.81493E-02  1.81493E-02  1.81493E-02  1.81493E-02  1.81493E-02  1.81493E-02  1.81493E-02  1.81493E-02  1.81493E-02  1.81493E-02  1.81493E-02  1.81493E-02  1.81493E-02  1.81493E-02  1.81493E-02  1.81493E-02  1.81493E-02  1.81493E-02  1.81493E-02  1.81493E-02  1.81493E-02  1.81493E-02
   18223   3  1.29124E-01  1.29124E-01  1.29124E-01  1.29124E-01  1.29124E-01  1.29124E-01  1.29124E-01  1.29124E-01  1.29124E-01  1.29124E-01  1.29124E-01  1.29124E-01  1.29124E-01  1.29124E-01  1.29124E-01  1.29124E-01  1.29124E-01  1.29124E-01  1.29124E-01  1.29124E-01  1.29124E-01  1.29124E-01  1.29124E-01  1.29124E-01
   18224   4  2.24802E+00  2.24802E+00  2.24802E+00  2.24802E+00  2.24802E+00  2.24802E+00  2.24802E+00  2.24802E+00  2.24802E+00  2.24802E+00  2.24802E+00  2.24802E+00  2.24802E+00  4.15548E+01  4.15548E+01  4.15548E+01  4.15548E+01  4.15548E+01  4.15548E+01  4.15548E+01  4.15548E+01  2.24802E+00  2.24802E+00  2.24802E+00
   18930   4  2.29500E-01  2.29500E-01  2.29500E-01  2.29500E-01  2.29500E-01  2.29500E-01  2.29500E-01  2.29500E-01  2.29500E-01  2.29500E-01  2.29500E-01  2.29500E-01  2.29500E-01  2.29500E-01  2.29500E-01  2.29500E-01  2.29500E-01  2.29500E-01  2.29500E-01  2.29500E-01  2.29500E-01  2.29500E-01  2.29500E-01  2.29500E-01
   18224   5  0.00000E+00  0.00000E+00  0.00000E+00  0.00000E+00  0.00000E+00  0.00000E+00  0.00000E+00  0.00000E+00  0.00000E+00  0.00000E+00  0.00000E+00  0.00000E+00  0.00000E+00  8.73484E+00  8.73484E+00  8.73484E+00  8.73484E+00  8.73484E+00  8.73484E+00  8.73484E+00  8.73484E+00  0.00000E+00  0.00000E+00  0.00000E+00
   18577   3  0.00000E+00  0.00000E+00  0.00000E+00  0.00000E+00  0.00000E+00  0.00000E+00  0.00000E+00  0.00000E+00  0.00000E+00  0.00000E+00  0.00000E+00  0.00000E+00  0.00000E+00  3.66521E-05  3.66521E-05  3.66521E-05  3.66521E-05  3.66521E-05  3.66521E-05  3.66521E-05  3.66521E-05  0.00000E+00  0.00000E+00  0.00000E+00
   18223   4  4.95083E-01  4.95083E-01  4.95083E-01  4.95083E-01  4.95083E-01  4.95083E-01  4.95083E-01  4.95083E-01  4.95083E-01  4.95083E-01  4.95083E-01  4.95083E-01  4.95083E-01  1.39227E+00  1.39227E+00  1.39227E+00  1.39227E+00  1.39227E+00  1.39227E+00  1.39227E+00  1.39227E+00  4.95083E-01  4.95083E-01  4.95083E-01
   18224   3  7.95106E-02  7.95106E-02  7.82633E-02  7.82633E-02  7.82633E-02  7.82633E-02  7.82633E-02  7.82633E-02  7.82633E-02  7.82633E-02  7.82633E-02  7.82633E-02  7.82633E-02  3.93863E+01  3.93863E+01  3.93863E+01  3.93863E+01  3.93863E+01  3.93863E+01  3.93863E+01  3.93863E+01  7.95106E-02  7.95106E-02  7.95106E-02
   18223   5  0.00000E+00  0.00000E+00  0.00000E+00  0.00000E+00  0.00000E+00  0.00000E+00  0.00000E+00  0.00000E+00  0.00000E+00  0.00000E+00  0.00000E+00  0.00000E+00  0.00000E+00  0.00000E+00  0.00000E+00  0.00000E+00  0.00000E+00  0.00000E+00  0.00000E+00  0.00000E+00  0.00000E+00  0.00000E+00  0.00000E+00  0.00000E+00
   18577   4  1.90331E+00  1.90331E+00  1.90331E+00  1.90331E+00  1.90331E+00  1.90331E+00  1.90331E+00  1.90331E+00  1.90331E+00  1.90331E+00  1.90331E+00  1.90331E+00  1.90331E+00  1.90331E+00  1.90331E+00  1.90331E+00  1.90331E+00  1.90331E+00  1.90331E+00  1.90331E+00  1.90331E+00  1.90331E+00  1.90331E+00  1.90331E+00
   18576   5  0.00000E+00  0.00000E+00  0.00000E+00  0.00000E+00  0.00000E+00  0.00000E+00  0.00000E+00  0.00000E+00  0.00000E+00  0.00000E+00  0.00000E+00  0.00000E+00  0.00000E+00  0.00000E+00  0.00000E+00  0.00000E+00  0.00000E+00  0.00000E+00  0.00000E+00  0.00000E+00  0.00000E+00  0.00000E+00  0.00000E+00  0.00000E+00
   18223   7  0.00000E+00  0.00000E+00  0.00000E+00  0.00000E+00  0.00000E+00  0.00000E+00  0.00000E+00  0.00000E+00  0.00000E+00  0.00000E+00  0.00000E+00  0.00000E+00  0.00000E+00  7.46625E-04  7.46625E-04  7.46625E-04  7.46625E-04  7.46625E-04  7.46625E-04  7.46625E-04  7.46625E-04  0.00000E+00  0.00000E+00  0.00000E+00
   18576   7  0.00000E+00  0.00000E+00  0.00000E+00  0.00000E+00  0.00000E+00  0.00000E+00  0.00000E+00  0.00000E+00  0.00000E+00  0.00000E+00  0.00000E+00  0.00000E+00  0.00000E+00  2.10258E-02  2.10258E-02  2.10258E-02  2.10258E-02  2.10258E-02  2.10258E-02  2.10258E-02  2.10258E-02  0.00000E+00  0.00000E+00  0.00000E+00
   18222   3  0.00000E+00  0.00000E+00  0.00000E+00  0.00000E+00  0.00000E+00  0.00000E+00  0.00000E+00  0.00000E+00  0.00000E+00  0.00000E+00  0.00000E+00  0.00000E+00  0.00000E+00  0.00000E+00  0.00000E+00  0.00000E+00  0.00000E+00  0.00000E+00  0.00000E+00  0.00000E+00  0.00000E+00  0.00000E+00  0.00000E+00  0.00000E+00
   19280   3  0.00000E+00  0.00000E+00  0.00000E+00  0.00000E+00  0.00000E+00  0.00000E+00  0.00000E+00  0.00000E+00  0.00000E+00  0.00000E+00  0.00000E+00  0.00000E+00  0.00000E+00  0.00000E+00  0.00000E+00  0.00000E+00  0.00000E+00  0.00000E+00  0.00000E+00  0.00000E+00  0.00000E+00  0.00000E+00  0.00000E+00  0.00000E+00
   19280   4  1.97678E-01  1.97678E-01  1.97678E-01  1.97678E-01  1.97678E-01  1.97678E-01  1.97678E-01  1.97678E-01  1.97678E-01  1.97678E-01  1.97678E-01  1.97678E-01  1.97678E-01  9.34806E+00  9.34806E+00  9.34806E+00  9.34806E+00  9.34806E+00  9.34806E+00  9.34806E+00  9.34806E+00  1.97678E-01  1.97678E-01  1.97678E-01
   19279   4  2.37510E+00  2.37510E+00  2.37510E+00  2.37510E+00  2.37510E+00  2.37510E+00  2.37510E+00  2.37510E+00  2.37510E+00  2.37510E+00  2.37510E+00  2.37510E+00  2.37510E+00  2.37510E+00  2.37510E+00  2.37510E+00  2.37510E+00  2.37510E+00  2.37510E+00  2.37510E+00  2.37510E+00  2.37510E+00  2.37510E+00  2.37510E+00
   18928   3  0.00000E+00  0.00000E+00  0.00000E+00  0.00000E+00  0.00000E+00  0.00000E+00  0.00000E+00  0.00000E+00  0.00000E+00  0.00000E+00  0.00000E+00  0.00000E+00  0.00000E+00  0.00000E+00  0.00000E+00  0.00000E+00  0.00000E+00  0.00000E+00  0.00000E+00  0.00000E+00  0.00000E+00  0.00000E+00  0.00000E+00  0.00000E+00
   18928   4  8.77804E-02  8.77804E-02  8.77804E-02  8.77804E-02  8.77804E-02  8.77804E-02  8.77804E-02  8.77804E-02  8.77804E-02  8.77804E-02  8.77804E-02  8.77804E-02  8.77804E-02  8.77804E-02  8.77804E-02  8.77804E-02  8.77804E-02  8.77804E-02  8.77804E-02  8.77804E-02  8.77804E-02  8.77804E-02  8.77804E-02  8.77804E-02
   18575   4  1.05863E-03  1.05863E-03  1.05863E-03  1.05863E-03  1.05863E-03  1.05863E-03  1.05863E-03  1.05863E-03  1.05863E-03  1.05863E-03  1.05863E-03  1.05863E-03  1.05863E-03  1.05863E-03  1.05863E-03  1.05863E-03  1.05863E-03  1.05863E-03  1.05863E-03  1.05863E-03  1.05863E-03  1.05863E-03  1.05863E-03  1.05863E-03
   18222   4  1.32349E-03  1.32349E-03  1.32349E-03  1.32349E-03  1.32349E-03  1.32349E-03  1.32349E-03  1.32349E-03  1.32349E-03  1.32349E-03  1.32349E-03  1.32349E-03  1.32349E-03  1.32349E-03  1.32349E-03  1.32349E-03  1.32349E-03  1.32349E-03  1.32349E-03  1.32349E-03  1.32349E-03  1.32349E-03  1.32349E-03  1.32349E-03
   18575   3  0.00000E+00  0.00000E+00  0.00000E+00  0.00000E+00  0.00000E+00  0.00000E+00  0.00000E+00  0.00000E+00  0.00000E+00  0.00000E+00  0.00000E+00  0.00000E+00  0.00000E+00  0.00000E+00  0.00000E+00  0.00000E+00  0.00000E+00  0.00000E+00  0.00000E+00  0.00000E+00  0.00000E+00  0.00000E+00  0.00000E+00  0.00000E+00
   15401   3  0.00000E+00  0.00000E+00  0.00000E+00  0.00000E+00  0.00000E+00  0.00000E+00  0.00000E+00  0.00000E+00  0.00000E+00  0.00000E+00  0.00000E+00  0.00000E+00  0.00000E+00  0.00000E+00  0.00000E+00  0.00000E+00  0.00000E+00  0.00000E+00  0.00000E+00  0.00000E+00  0.00000E+00  0.00000E+00  0.00000E+00  0.00000E+00
   16114   7  0.00000E+00  0.00000E+00  0.00000E+00  0.00000E+00  0.00000E+00  0.00000E+00  0.00000E+00  0.00000E+00  0.00000E+00  0.00000E+00  0.00000E+00  0.00000E+00  0.00000E+00  0.00000E+00  0.00000E+00  0.00000E+00  0.00000E+00  0.00000E+00  0.00000E+00  0.00000E+00  0.00000E+00  0.00000E+00  0.00000E+00  0.00000E+00
   15761   3  4.70143E-02  4.70143E-02  4.70143E-02  4.70143E-02  4.70143E-02  0.00000E+00  0.00000E+00  0.00000E+00  0.00000E+00  0.00000E+00  0.00000E+00  0.00000E+00  0.00000E+00  4.70143E-02  4.70143E-02  4.70143E-02  4.70143E-02  4.70143E-02  4.70143E-02  4.70143E-02  4.70143E-02  4.70143E-02  4.70143E-02  4.70143E-02
   15762   4  0.00000E+00  0.00000E+00  0.00000E+00  0.00000E+00  0.00000E+00  0.00000E+00  0.00000E+00  0.00000E+00  0.00000E+00  0.00000E+00  0.00000E+00  0.00000E+00  0.00000E+00  0.00000E+00  0.00000E+00  0.00000E+00  0.00000E+00  0.00000E+00  0.00000E+00  0.00000E+00  0.00000E+00  0.00000E+00  0.00000E+00  0.00000E+00
   18227   4  7.66496E-03  7.66496E-03  7.66496E-03  7.66496E-03  7.66496E-03  7.66496E-03  7.66496E-03  7.66496E-03  7.66496E-03  7.66496E-03  7.66496E-03  7.66496E-03  7.66496E-03  7.66496E-03  7.66496E-03  7.66496E-03  7.66496E-03  7.66496E-03  7.66496E-03  7.66496E-03  7.66496E-03  7.66496E-03  7.66496E-03  7.66496E-03
   21763   4  4.48135E-03  4.48135E-03  4.48135E-03  4.48135E-03  4.48135E-03  4.48135E-03  4.48135E-03  4.48135E-03  4.48135E-03  4.48135E-03  4.48135E-03  4.48135E-03  4.48135E-03  4.48135E-03  4.48135E-03  4.48135E-03  4.48135E-03  4.48135E-03  4.48135E-03  4.48135E-03  4.48135E-03  4.48135E-03  4.48135E-03  4.48135E-03
   25974   3  0.00000E+00  0.00000E+00  0.00000E+00  0.00000E+00  0.00000E+00  0.00000E+00  0.00000E+00  0.00000E+00  0.00000E+00  0.00000E+00  0.00000E+00  0.00000E+00  0.00000E+00  0.00000E+00  0.00000E+00  0.00000E+00  0.00000E+00  0.00000E+00  0.00000E+00  0.00000E+00  0.00000E+00  0.00000E+00  0.00000E+00  0.00000E+00
   25262   3  0.00000E+00  0.00000E+00  0.00000E+00  0.00000E+00  0.00000E+00  0.00000E+00  0.00000E+00  0.00000E+00  0.00000E+00  0.00000E+00  0.00000E+00  0.00000E+00  0.00000E+00  0.00000E+00  0.00000E+00  0.00000E+00  0.00000E+00  0.00000E+00  0.00000E+00  0.00000E+00  0.00000E+00  0.00000E+00  0.00000E+00  0.00000E+00
   24198   4  0.00000E+00  0.00000E+00  0.00000E+00  0.00000E+00  0.00000E+00  0.00000E+00  0.00000E+00  0.00000E+00  0.00000E+00  0.00000E+00  0.00000E+00  0.00000E+00  0.00000E+00  0.00000E+00  0.00000E+00  0.00000E+00  0.00000E+00  0.00000E+00  0.00000E+00  0.00000E+00  0.00000E+00  0.00000E+00  0.00000E+00  0.00000E+00
   24198   3  2.55619E-04  2.55619E-04  2.55619E-04  2.55619E-04  2.55619E-04  0.00000E+00  0.00000E+00  0.00000E+00  0.00000E+00  0.00000E+00  0.00000E+00  0.00000E+00  0.00000E+00  2.55619E-04  2.55619E-04  2.55619E-04  2.55619E-04  2.55619E-04  2.55619E-04  2.55619E-04  2.55619E-04  2.55619E-04  2.55619E-04  2.55619E-04
   24551   4  1.40517E-02  1.40517E-02  1.40517E-02  1.40517E-02  1.40517E-02  1.40517E-02  1.40517E-02  1.40517E-02  1.40517E-02  1.40517E-02  1.40517E-02  1.40517E-02  1.40517E-02  1.40517E-02  1.40517E-02  1.40517E-02  1.40517E-02  1.40517E-02  1.40517E-02  1.40517E-02  1.40517E-02  1.40517E-02  1.40517E-02  1.40517E-02
   24911   4  0.00000E+00  0.00000E+00  0.00000E+00  0.00000E+00  0.00000E+00  0.00000E+00  0.00000E+00  0.00000E+00  0.00000E+00  0.00000E+00  0.00000E+00  0.00000E+00  0.00000E+00  0.00000E+00  0.00000E+00  0.00000E+00  0.00000E+00  0.00000E+00  0.00000E+00  0.00000E+00  0.00000E+00  0.00000E+00  0.00000E+00  0.00000E+00
   24553   4  6.31247E-01  6.31247E-01  6.31247E-01  6.31247E-01  6.31247E-01  6.31247E-01  6.31247E-01  6.31247E-01  6.31247E-01  6.31247E-01  6.31247E-01  6.31247E-01  6.31247E-01  2.46707E+00  2.46707E+00  2.46707E+00  2.46707E+00  2.46707E+00  2.46707E+00  2.46707E+00  2.46707E+00  6.31247E-01  6.31247E-01  6.31247E-01
   25259   4  0.00000E+00  0.00000E+00  0.00000E+00  0.00000E+00  0.00000E+00  0.00000E+00  0.00000E+00  0.00000E+00  0.00000E+00  0.00000E+00  0.00000E+00  0.00000E+00  0.00000E+00  0.00000E+00  0.00000E+00  0.00000E+00  0.00000E+00  0.00000E+00  0.00000E+00  0.00000E+00  0.00000E+00  0.00000E+00  0.00000E+00  0.00000E+00
   25259   3  3.45630E-04  3.45630E-04  3.45630E-04  3.45630E-04  3.45630E-04  3.45630E-04  3.45630E-04  3.45630E-04  3.45630E-04  3.45630E-04  3.45630E-04  3.45630E-04  3.45630E-04  3.45630E-04  3.45630E-04  3.45630E-04  3.45630E-04  3.45630E-04  3.45630E-04  3.45630E-04  3.45630E-04  3.45630E-04  3.45630E-04  3.45630E-04
   24906   4  1.97180E-02  1.97180E-02  1.97180E-02  1.97180E-02  1.97180E-02  1.97180E-02  1.97180E-02  1.97180E-02  1.97180E-02  1.97180E-02  1.97180E-02  1.97180E-02  1.97180E-02  1.97180E-02  1.97180E-02  1.97180E-02  1.97180E-02  1.97180E-02  1.97180E-02  1.97180E-02  1.97180E-02  1.97180E-02  1.97180E-02  1.97180E-02
   24201   2  0.00000E+00  0.00000E+00  0.00000E+00  0.00000E+00  0.00000E+00  0.00000E+00  0.00000E+00  0.00000E+00  0.00000E+00  0.00000E+00  0.00000E+00  0.00000E+00  0.00000E+00  0.00000E+00  0.00000E+00  0.00000E+00  0.00000E+00  0.00000E+00  0.00000E+00  0.00000E+00  0.00000E+00  0.00000E+00  0.00000E+00  0.00000E+00
   24201   1  0.00000E+00  0.00000E+00  0.00000E+00  0.00000E+00  0.00000E+00  0.00000E+00  0.00000E+00  0.00000E+00  0.00000E+00  0.00000E+00  0.00000E+00  0.00000E+00  0.00000E+00  0.00000E+00  0.00000E+00  0.00000E+00  0.00000E+00  0.00000E+00  0.00000E+00  0.00000E+00  0.00000E+00  0.00000E+00  0.00000E+00  0.00000E+00
   24554   4  9.98941E-01  9.98941E-01  9.98941E-01  9.98941E-01  9.98941E-01  9.98941E-01  9.98941E-01  9.98941E-01  9.98941E-01  9.98941E-01  9.98941E-01  9.98941E-01  9.98941E-01  9.98941E-01  9.98941E-01  9.98941E-01  9.98941E-01  9.98941E-01  9.98941E-01  9.98941E-01  9.98941E-01  9.98941E-01  9.98941E-01  9.98941E-01
   24904   3  0.00000E+00  0.00000E+00  0.00000E+00  0.00000E+00  0.00000E+00  0.00000E+00  0.00000E+00  0.00000E+00  0.00000E+00  0.00000E+00  0.00000E+00  0.00000E+00  0.00000E+00  0.00000E+00  0.00000E+00  0.00000E+00  0.00000E+00  0.00000E+00  0.00000E+00  0.00000E+00  0.00000E+00  0.00000E+00  0.00000E+00  0.00000E+00
   24904   4  1.91055E-01  1.91055E-01  1.91055E-01  1.91055E-01  1.91055E-01  1.91055E-01  1.91055E-01  1.91055E-01  1.91055E-01  1.91055E-01  1.91055E-01  1.91055E-01  1.91055E-01  1.91055E-01  1.91055E-01  1.91055E-01  1.91055E-01  1.91055E-01  1.91055E-01  1.91055E-01  1.91055E-01  1.91055E-01  1.91055E-01  1.91055E-01
   25257   4  2.61734E+00  2.61734E+00  2.61734E+00  2.61734E+00  2.61734E+00  2.61734E+00  2.61734E+00  2.61734E+00  2.61734E+00  2.61734E+00  2.61734E+00  2.61734E+00  2.61734E+00  2.61734E+00  2.61734E+00  2.61734E+00  2.61734E+00  2.61734E+00  2.61734E+00  2.61734E+00  2.61734E+00  2.61734E+00  2.61734E+00  2.61734E+00
   25257   3  4.42162E-03  4.42162E-03  4.42162E-03  4.42162E-03  4.42162E-03  4.42162E-03  4.42162E-03  4.42162E-03  4.42162E-03  4.42162E-03  4.42162E-03  4.42162E-03  4.42162E-03  4.42162E-03  4.42162E-03  4.42162E-03  4.42162E-03  4.42162E-03  4.42162E-03  4.42162E-03  4.42162E-03  4.42162E-03  4.42162E-03  4.42162E-03
   24904   7  0.00000E+00  0.00000E+00  0.00000E+00  0.00000E+00  0.00000E+00  0.00000E+00  0.00000E+00  0.00000E+00  0.00000E+00  0.00000E+00  0.00000E+00  0.00000E+00  0.00000E+00  0.00000E+00  0.00000E+00  0.00000E+00  0.00000E+00  0.00000E+00  0.00000E+00  0.00000E+00  0.00000E+00  0.00000E+00  0.00000E+00  0.00000E+00
   24904   1  0.00000E+00  0.00000E+00  0.00000E+00  0.00000E+00  0.00000E+00  0.00000E+00  0.00000E+00  0.00000E+00  0.00000E+00  0.00000E+00  0.00000E+00  0.00000E+00  0.00000E+00  0.00000E+00  0.00000E+00  0.00000E+00  0.00000E+00  0.00000E+00  0.00000E+00  0.00000E+00  0.00000E+00  0.00000E+00  0.00000E+00  0.00000E+00
   23850   3  4.10347E-02  4.10347E-02  4.10347E-02  4.10347E-02  4.10347E-02  4.10347E-02  4.10347E-02  4.10347E-02  4.10347E-02  4.10347E-02  4.10347E-02  4.10347E-02  4.10347E-02  4.10877E-02  4.10877E-02  4.10877E-02  4.10877E-02  4.10877E-02  4.10877E-02  4.10877E-02  4.10877E-02  4.10347E-02  4.10347E-02  4.10347E-02
   23850   4  1.84336E-03  1.84336E-03  1.84336E-03  1.84336E-03  1.84336E-03  1.84336E-03  1.84336E-03  1.84336E-03  1.84336E-03  1.84336E-03  1.84336E-03  1.84336E-03  1.84336E-03  1.84336E-03  1.84336E-03  1.84336E-03  1.84336E-03  1.84336E-03  1.84336E-03  1.84336E-03  1.84336E-03  1.84336E-03  1.84336E-03  1.84336E-03
   25616   4  0.00000E+00  0.00000E+00  0.00000E+00  0.00000E+00  0.00000E+00  0.00000E+00  0.00000E+00  0.00000E+00  0.00000E+00  0.00000E+00  0.00000E+00  0.00000E+00  0.00000E+00  0.00000E+00  0.00000E+00  0.00000E+00  0.00000E+00  0.00000E+00  0.00000E+00  0.00000E+00  0.00000E+00  0.00000E+00  0.00000E+00  0.00000E+00
   27883   2  0.00000E+00  0.00000E+00  0.00000E+00  0.00000E+00  0.00000E+00  0.00000E+00  0.00000E+00  0.00000E+00  0.00000E+00  0.00000E+00  0.00000E+00  0.00000E+00  0.00000E+00  0.00000E+00  0.00000E+00  0.00000E+00  0.00000E+00  0.00000E+00  0.00000E+00  0.00000E+00  0.00000E+00  0.00000E+00  0.00000E+00  0.00000E+00
   18690   2  0.00000E+00  0.00000E+00  0.00000E+00  0.00000E+00  0.00000E+00  0.00000E+00  0.00000E+00  0.00000E+00  0.00000E+00  0.00000E+00  0.00000E+00  0.00000E+00  0.00000E+00  0.00000E+00  0.00000E+00  0.00000E+00  0.00000E+00  0.00000E+00  0.00000E+00  0.00000E+00  0.00000E+00  0.00000E+00  0.00000E+00  0.00000E+00
   19395   3  0.00000E+00  0.00000E+00  0.00000E+00  0.00000E+00  0.00000E+00  0.00000E+00  0.00000E+00  0.00000E+00  0.00000E+00  0.00000E+00  0.00000E+00  0.00000E+00  0.00000E+00  0.00000E+00  0.00000E+00  0.00000E+00  0.00000E+00  0.00000E+00  0.00000E+00  0.00000E+00  0.00000E+00  0.00000E+00  0.00000E+00  0.00000E+00
   19395   2  0.00000E+00  0.00000E+00  0.00000E+00  0.00000E+00  0.00000E+00  0.00000E+00  0.00000E+00  0.00000E+00  0.00000E+00  0.00000E+00  0.00000E+00  0.00000E+00  0.00000E+00  0.00000E+00  0.00000E+00  0.00000E+00  0.00000E+00  0.00000E+00  0.00000E+00  0.00000E+00  0.00000E+00  0.00000E+00  0.00000E+00  0.00000E+00
   30002   2  0.00000E+00  0.00000E+00  0.00000E+00  0.00000E+00  0.00000E+00  0.00000E+00  0.00000E+00  0.00000E+00  0.00000E+00  0.00000E+00  0.00000E+00  0.00000E+00  0.00000E+00  0.00000E+00  0.00000E+00  0.00000E+00  0.00000E+00  0.00000E+00  0.00000E+00  0.00000E+00  0.00000E+00  0.00000E+00  0.00000E+00  0.00000E+00
   30355   1  0.00000E+00  0.00000E+00  0.00000E+00  0.00000E+00  0.00000E+00  0.00000E+00  0.00000E+00  0.00000E+00  0.00000E+00  0.00000E+00  0.00000E+00  0.00000E+00  0.00000E+00  0.00000E+00  0.00000E+00  0.00000E+00  0.00000E+00  0.00000E+00  0.00000E+00  0.00000E+00  0.00000E+00  0.00000E+00  0.00000E+00  0.00000E+00
   29995   4  0.00000E+00  0.00000E+00  0.00000E+00  0.00000E+00  0.00000E+00  0.00000E+00  0.00000E+00  0.00000E+00  0.00000E+00  0.00000E+00  0.00000E+00  0.00000E+00  0.00000E+00  0.00000E+00  0.00000E+00  0.00000E+00  0.00000E+00  0.00000E+00  0.00000E+00  0.00000E+00  0.00000E+00  0.00000E+00  0.00000E+00  0.00000E+00
   31274   3  1.22423E-01  1.22423E-01  1.22423E-01  1.22423E-01  1.22423E-01  1.22423E-01  1.22423E-01  1.22423E-01  1.22423E-01  1.22423E-01  1.22423E-01  1.22423E-01  1.22423E-01  1.22423E-01  1.22423E-01  1.22423E-01  1.22423E-01  1.22423E-01  1.22423E-01  1.22423E-01  1.22423E-01  1.22423E-01  1.22423E-01  1.22423E-01
   31274   4  4.14941E-02  4.14941E-02  4.14941E-02  4.14941E-02  4.14941E-02  4.14941E-02  4.14941E-02  4.14941E-02  4.14941E-02  4.14941E-02  4.14941E-02  4.14941E-02  4.14941E-02  4.14941E-02  4.14941E-02  4.14941E-02  4.14941E-02  4.14941E-02  4.14941E-02  4.14941E-02  4.14941E-02  4.14941E-02  4.14941E-02  4.14941E-02
   31274   2  0.00000E+00  0.00000E+00  0.00000E+00  0.00000E+00  0.00000E+00  0.00000E+00  0.00000E+00  0.00000E+00  0.00000E+00  0.00000E+00  0.00000E+00  0.00000E+00  0.00000E+00  0.00000E+00  0.00000E+00  0.00000E+00  0.00000E+00  0.00000E+00  0.00000E+00  0.00000E+00  0.00000E+00  0.00000E+00  0.00000E+00  0.00000E+00
   30921   4  0.00000E+00  0.00000E+00  0.00000E+00  0.00000E+00  0.00000E+00  0.00000E+00  0.00000E+00  0.00000E+00  0.00000E+00  0.00000E+00  0.00000E+00  0.00000E+00  0.00000E+00  0.00000E+00  0.00000E+00  0.00000E+00  0.00000E+00  0.00000E+00  0.00000E+00  0.00000E+00  0.00000E+00  0.00000E+00  0.00000E+00  0.00000E+00
   31274   7  0.00000E+00  0.00000E+00  0.00000E+00  0.00000E+00  0.00000E+00  0.00000E+00  0.00000E+00  0.00000E+00  0.00000E+00  0.00000E+00  0.00000E+00  0.00000E+00  0.00000E+00  0.00000E+00  0.00000E+00  0.00000E+00  0.00000E+00  0.00000E+00  0.00000E+00  0.00000E+00  0.00000E+00  0.00000E+00  0.00000E+00  0.00000E+00
   35839   3  0.00000E+00  0.00000E+00  0.00000E+00  0.00000E+00  0.00000E+00  0.00000E+00  0.00000E+00  0.00000E+00  0.00000E+00  0.00000E+00  0.00000E+00  0.00000E+00  0.00000E+00  0.00000E+00  0.00000E+00  0.00000E+00  0.00000E+00  0.00000E+00  0.00000E+00  0.00000E+00  0.00000E+00  0.00000E+00  0.00000E+00  0.00000E+00
   37257   7  0.00000E+00  0.00000E+00  0.00000E+00  0.00000E+00  0.00000E+00  0.00000E+00  0.00000E+00  0.00000E+00  0.00000E+00  0.00000E+00  0.00000E+00  0.00000E+00  0.00000E+00  0.00000E+00  0.00000E+00  0.00000E+00  0.00000E+00  0.00000E+00  0.00000E+00  0.00000E+00  0.00000E+00  0.00000E+00  0.00000E+00  0.00000E+00
   31605   4  2.04836E+00  2.04836E+00  2.04836E+00  2.04836E+00  2.04836E+00  2.04836E+00  2.04836E+00  2.04836E+00  2.04836E+00  2.04836E+00  2.04836E+00  2.04836E+00  2.04836E+00  2.04836E+00  2.04836E+00  2.04836E+00  2.04836E+00  2.04836E+00  2.04836E+00  2.04836E+00  2.04836E+00  2.04836E+00  2.04836E+00  2.04836E+00
   31252   3  0.00000E+00  0.00000E+00  0.00000E+00  0.00000E+00  0.00000E+00  0.00000E+00  0.00000E+00  0.00000E+00  0.00000E+00  0.00000E+00  0.00000E+00  0.00000E+00  0.00000E+00  0.00000E+00  0.00000E+00  0.00000E+00  0.00000E+00  0.00000E+00  0.00000E+00  0.00000E+00  0.00000E+00  0.00000E+00  0.00000E+00  0.00000E+00
   31958   4  4.50727E-03  4.50727E-03  4.50727E-03  4.50727E-03  4.50727E-03  4.50727E-03  4.50727E-03  4.50727E-03  4.50727E-03  4.50727E-03  4.50727E-03  4.50727E-03  4.50727E-03  4.50727E-03  4.50727E-03  4.50727E-03  4.50727E-03  4.50727E-03  4.50727E-03  4.50727E-03  4.50727E-03  4.50727E-03  4.50727E-03  4.50727E-03
   31252   2  9.73293E-03  9.73293E-03  9.73293E-03  9.73293E-03  9.73293E-03  9.73293E-03  9.73293E-03  9.73293E-03  9.73293E-03  9.73293E-03  9.73293E-03  9.73293E-03  9.73293E-03  9.73293E-03  9.73293E-03  9.73293E-03  9.73293E-03  9.73293E-03  9.73293E-03  9.73293E-03  9.73293E-03  9.73293E-03  9.73293E-03  9.73293E-03
   31253   7  6.06662E+00  6.06662E+00  6.06662E+00  6.06662E+00  6.06662E+00  0.00000E+00  0.00000E+00  0.00000E+00  0.00000E+00  0.00000E+00  0.00000E+00  0.00000E+00  6.06662E+00  6.17571E+00  6.17571E+00  6.17571E+00  6.17571E+00  6.17571E+00  6.17571E+00  6.17571E+00  6.17571E+00  6.06662E+00  6.06662E+00  6.06662E+00
   31605   3  3.12754E+00  3.12754E+00  3.12754E+00  3.12754E+00  3.12754E+00  3.12754E+00  3.12754E+00  3.12754E+00  3.12754E+00  3.12754E+00  3.12754E+00  3.12754E+00  3.12754E+00  3.12754E+00  3.12754E+00  3.12754E+00  3.12754E+00  3.12754E+00  3.12754E+00  3.12754E+00  3.12754E+00  3.12754E+00  3.12754E+00  3.12754E+00
   31958   3  4.67618E-03  4.67618E-03  4.67618E-03  4.67618E-03  4.67618E-03  4.67618E-03  4.67618E-03  4.67618E-03  4.67618E-03  4.67618E-03  4.67618E-03  4.67618E-03  4.67618E-03  4.67618E-03  4.67618E-03  4.67618E-03  4.67618E-03  4.67618E-03  4.67618E-03  4.67618E-03  4.67618E-03  4.67618E-03  4.67618E-03  4.67618E-03
   31958   5  0.00000E+00  0.00000E+00  0.00000E+00  0.00000E+00  0.00000E+00  0.00000E+00  0.00000E+00  0.00000E+00  0.00000E+00  0.00000E+00  0.00000E+00  0.00000E+00  0.00000E+00  0.00000E+00  0.00000E+00  0.00000E+00  0.00000E+00  0.00000E+00  0.00000E+00  0.00000E+00  0.00000E+00  0.00000E+00  0.00000E+00  0.00000E+00
   31252   4  3.31619E-02  3.31619E-02  3.31619E-02  3.31619E-02  3.31619E-02  3.31619E-02  3.31619E-02  3.31619E-02  3.31619E-02  3.31619E-02  3.31619E-02  3.31619E-02  3.31619E-02  3.31619E-02  3.31619E-02  3.31619E-02  3.31619E-02  3.31619E-02  3.31619E-02  3.31619E-02  3.31619E-02  3.31619E-02  3.31619E-02  3.31619E-02
   31604   4  5.58161E-01  5.58161E-01  5.58161E-01  5.58161E-01  5.58161E-01  5.58161E-01  5.58161E-01  5.58161E-01  5.58161E-01  5.58161E-01  5.58161E-01  5.58161E-01  5.58161E-01  5.58161E-01  5.58161E-01  5.58161E-01  5.58161E-01  5.58161E-01  5.58161E-01  5.58161E-01  5.58161E-01  5.58161E-01  5.58161E-01  5.58161E-01
   31604   1  2.41843E-02  2.41843E-02  2.41843E-02  2.41843E-02  2.41843E-02  2.41843E-02  2.41843E-02  2.41843E-02  2.41843E-02  2.41843E-02  2.41843E-02  2.41843E-02  2.41843E-02  2.41843E-02  2.41843E-02  2.41843E-02  2.41843E-02  2.41843E-02  2.41843E-02  2.41843E-02  2.41843E-02  2.41843E-02  2.41843E-02  2.41843E-02
   31605   2  3.07771E-02  3.07771E-02  3.07771E-02  3.07771E-02  3.07771E-02  3.07771E-02  3.07771E-02  3.07771E-02  3.07771E-02  3.07771E-02  3.07771E-02  3.07771E-02  3.07771E-02  3.07771E-02  3.07771E-02  3.07771E-02  3.07771E-02  3.07771E-02  3.07771E-02  3.07771E-02  3.07771E-02  3.07771E-02  3.07771E-02  3.07771E-02
   31958   7  0.00000E+00  0.00000E+00  0.00000E+00  0.00000E+00  0.00000E+00  0.00000E+00  0.00000E+00  0.00000E+00  0.00000E+00  0.00000E+00  0.00000E+00  0.00000E+00  0.00000E+00  0.00000E+00  0.00000E+00  0.00000E+00  0.00000E+00  0.00000E+00  0.00000E+00  0.00000E+00  0.00000E+00  0.00000E+00  0.00000E+00  0.00000E+00
   31253   4  2.90933E-02  2.90933E-02  2.90933E-02  2.90933E-02  2.90933E-02  2.90933E-02  2.90933E-02  2.90933E-02  2.90933E-02  2.90933E-02  2.90933E-02  2.90933E-02  2.90933E-02  2.90933E-02  2.90933E-02  2.90933E-02  2.90933E-02  2.90933E-02  2.90933E-02  2.90933E-02  2.90933E-02  2.90933E-02  2.90933E-02  2.90933E-02
   31959   3  1.02604E-04  1.02604E-04  1.02604E-04  1.02604E-04  1.02604E-04  0.00000E+00  0.00000E+00  0.00000E+00  0.00000E+00  0.00000E+00  0.00000E+00  0.00000E+00  0.00000E+00  1.02604E-04  1.02604E-04  1.02604E-04  1.02604E-04  1.02604E-04  1.02604E-04  1.02604E-04  1.02604E-04  1.02604E-04  1.02604E-04  1.02604E-04
   31959   4  5.32765E-03  5.32765E-03  5.32765E-03  5.32765E-03  5.32765E-03  5.32765E-03  5.32765E-03  5.32765E-03  5.32765E-03  5.32765E-03  5.32765E-03  5.32765E-03  5.32765E-03  5.32765E-03  5.32765E-03  5.32765E-03  5.32765E-03  5.32765E-03  5.32765E-03  5.32765E-03  5.32765E-03  5.32765E-03  5.32765E-03  5.32765E-03
   30564   3  0.00000E+00  0.00000E+00  0.00000E+00  0.00000E+00  0.00000E+00  0.00000E+00  0.00000E+00  0.00000E+00  0.00000E+00  0.00000E+00  0.00000E+00  0.00000E+00  0.00000E+00  0.00000E+00  0.00000E+00  0.00000E+00  0.00000E+00  0.00000E+00  0.00000E+00  0.00000E+00  0.00000E+00  0.00000E+00  0.00000E+00  0.00000E+00
   30564   2  0.00000E+00  0.00000E+00  0.00000E+00  0.00000E+00  0.00000E+00  0.00000E+00  0.00000E+00  0.00000E+00  0.00000E+00  0.00000E+00  0.00000E+00  0.00000E+00  0.00000E+00  0.00000E+00  0.00000E+00  0.00000E+00  0.00000E+00  0.00000E+00  0.00000E+00  0.00000E+00  0.00000E+00  0.00000E+00  0.00000E+00  0.00000E+00
   30924   3  9.09474E-02  9.09474E-02  9.09474E-02  9.09474E-02  9.09474E-02  9.09474E-02  9.09474E-02  9.09474E-02  9.09474E-02  9.09474E-02  9.09474E-02  9.09474E-02  9.09474E-02  9.09474E-02  9.09474E-02  9.09474E-02  9.09474E-02  9.09474E-02  9.09474E-02  9.09474E-02  9.09474E-02  9.09474E-02  9.09474E-02  9.09474E-02
   30924   2  1.26740E-01  1.26740E-01  1.26740E-01  1.26740E-01  1.26740E-01  1.26740E-01  1.26740E-01  1.26740E-01  1.26740E-01  1.26740E-01  1.26740E-01  1.26740E-01  1.26740E-01  1.26740E-01  1.26740E-01  1.26740E-01  1.26740E-01  1.26740E-01  1.26740E-01  1.26740E-01  1.26740E-01  1.26740E-01  1.26740E-01  1.26740E-01
   30193   2  4.40737E+01  4.34215E+01  4.09988E+01  3.69921E+01  3.27990E+01  2.77255E+01  2.56718E+01  2.46449E+01  2.43026E+01  2.49872E+01  2.70410E+01  3.02927E+01  3.44858E+01  3.70529E+01  3.91067E+01  4.09037E+01  4.15883E+01  4.22729E+01  4.25296E+01  4.28719E+01  4.27863E+01  4.25296E+01  4.18450E+01  4.08181E+01
   29840   3  0.00000E+00  0.00000E+00  0.00000E+00  0.00000E+00  0.00000E+00  0.00000E+00  0.00000E+00  0.00000E+00  0.00000E+00  0.00000E+00  0.00000E+00  0.00000E+00  0.00000E+00  0.00000E+00  0.00000E+00  0.00000E+00  0.00000E+00  0.00000E+00  0.00000E+00  0.00000E+00  0.00000E+00  0.00000E+00  0.00000E+00  0.00000E+00
   33035   3  0.00000E+00  0.00000E+00  0.00000E+00  0.00000E+00  0.00000E+00  0.00000E+00  0.00000E+00  0.00000E+00  0.00000E+00  0.00000E+00  0.00000E+00  0.00000E+00  0.00000E+00  0.00000E+00  0.00000E+00  0.00000E+00  0.00000E+00  0.00000E+00  0.00000E+00  0.00000E+00  0.00000E+00  0.00000E+00  0.00000E+00  0.00000E+00
   33035   2  0.00000E+00  0.00000E+00  0.00000E+00  0.00000E+00  0.00000E+00  0.00000E+00  0.00000E+00  0.00000E+00  0.00000E+00  0.00000E+00  0.00000E+00  0.00000E+00  0.00000E+00  0.00000E+00  0.00000E+00  0.00000E+00  0.00000E+00  0.00000E+00  0.00000E+00  0.00000E+00  0.00000E+00  0.00000E+00  0.00000E+00  0.00000E+00
   47753   3  1.89476E-03  1.89476E-03  1.89476E-03  1.89476E-03  1.89476E-03  1.89476E-03  1.89476E-03  1.89476E-03  1.89476E-03  1.89476E-03  1.89476E-03  1.89476E-03  1.89476E-03  1.89476E-03  1.89476E-03  1.89476E-03  1.89476E-03  1.89476E-03  1.89476E-03  1.89476E-03  1.89476E-03  1.89476E-03  1.89476E-03  1.89476E-03
   47753   4  1.52697E-02  1.52697E-02  1.52697E-02  1.52697E-02  1.52697E-02  1.52697E-02  1.52697E-02  1.52697E-02  1.52697E-02  1.52697E-02  1.52697E-02  1.52697E-02  1.52697E-02  1.52697E-02  1.52697E-02  1.52697E-02  1.52697E-02  1.52697E-02  1.52697E-02  1.52697E-02  1.52697E-02  1.52697E-02  1.52697E-02  1.52697E-02
   48458   4  1.39175E-02  1.39175E-02  1.39175E-02  1.39175E-02  1.39175E-02  1.39175E-02  1.39175E-02  1.39175E-02  1.39175E-02  1.39175E-02  1.39175E-02  1.39175E-02  1.39175E-02  1.39175E-02  1.39175E-02  1.39175E-02  1.39175E-02  1.39175E-02  1.39175E-02  1.39175E-02  1.39175E-02  1.39175E-02  1.39175E-02  1.39175E-02
   48458   2  2.65261E+00  2.61336E+00  2.46755E+00  2.22640E+00  1.97404E+00  1.66868E+00  1.54508E+00  1.48328E+00  1.46267E+00  1.50388E+00  1.62748E+00  1.82319E+00  2.07556E+00  2.23006E+00  2.35367E+00  2.46183E+00  2.50303E+00  2.54423E+00  2.55968E+00  2.58028E+00  2.57513E+00  2.55968E+00  2.51848E+00  2.45667E+00
   48458   3  0.00000E+00  0.00000E+00  0.00000E+00  0.00000E+00  0.00000E+00  0.00000E+00  0.00000E+00  0.00000E+00  0.00000E+00  0.00000E+00  0.00000E+00  0.00000E+00  0.00000E+00  0.00000E+00  0.00000E+00  0.00000E+00  0.00000E+00  0.00000E+00  0.00000E+00  0.00000E+00  0.00000E+00  0.00000E+00  0.00000E+00  0.00000E+00
   47047   7  0.00000E+00  0.00000E+00  0.00000E+00  0.00000E+00  0.00000E+00  0.00000E+00  0.00000E+00  0.00000E+00  0.00000E+00  0.00000E+00  0.00000E+00  0.00000E+00  0.00000E+00  0.00000E+00  0.00000E+00  0.00000E+00  0.00000E+00  0.00000E+00  0.00000E+00  0.00000E+00  0.00000E+00  0.00000E+00  0.00000E+00  0.00000E+00
   47753   7  0.00000E+00  0.00000E+00  0.00000E+00  0.00000E+00  0.00000E+00  0.00000E+00  0.00000E+00  0.00000E+00  0.00000E+00  0.00000E+00  0.00000E+00  0.00000E+00  0.00000E+00  0.00000E+00  0.00000E+00  0.00000E+00  0.00000E+00  0.00000E+00  0.00000E+00  0.00000E+00  0.00000E+00  0.00000E+00  0.00000E+00  0.00000E+00
   43182   3  7.15188E-04  7.15188E-04  7.15188E-04  7.15188E-04  7.15188E-04  7.15188E-04  7.15188E-04  7.15188E-04  7.15188E-04  7.15188E-04  7.15188E-04  7.15188E-04  7.15188E-04  1.45873E-03  1.45873E-03  1.45873E-03  1.45873E-03  1.45873E-03  1.45873E-03  1.45873E-03  1.45873E-03  7.15188E-04  7.15188E-04  7.15188E-04
   43182   4  3.09112E-02  3.09112E-02  3.09112E-02  3.09112E-02  3.09112E-02  3.09112E-02  3.09112E-02  3.09112E-02  3.09112E-02  3.09112E-02  3.09112E-02  3.09112E-02  3.09112E-02  3.09112E-02  3.09112E-02  3.09112E-02  3.09112E-02  3.09112E-02  3.09112E-02  3.09112E-02  3.09112E-02  3.09112E-02  3.09112E-02  3.09112E-02
   43182   8  0.00000E+00  0.00000E+00  0.00000E+00  0.00000E+00  0.00000E+00  0.00000E+00  0.00000E+00  0.00000E+00  0.00000E+00  0.00000E+00  0.00000E+00  0.00000E+00  0.00000E+00  0.00000E+00  0.00000E+00  0.00000E+00  0.00000E+00  0.00000E+00  0.00000E+00  0.00000E+00  0.00000E+00  0.00000E+00  0.00000E+00  0.00000E+00
   42477   3  0.00000E+00  0.00000E+00  0.00000E+00  0.00000E+00  0.00000E+00  0.00000E+00  0.00000E+00  0.00000E+00  0.00000E+00  0.00000E+00  0.00000E+00  0.00000E+00  0.00000E+00  0.00000E+00  0.00000E+00  0.00000E+00  0.00000E+00  0.00000E+00  0.00000E+00  0.00000E+00  0.00000E+00  0.00000E+00  0.00000E+00  0.00000E+00
   42477   2  0.00000E+00  0.00000E+00  0.00000E+00  0.00000E+00  0.00000E+00  0.00000E+00  0.00000E+00  0.00000E+00  0.00000E+00  0.00000E+00  0.00000E+00  0.00000E+00  0.00000E+00  0.00000E+00  0.00000E+00  0.00000E+00  0.00000E+00  0.00000E+00  0.00000E+00  0.00000E+00  0.00000E+00  0.00000E+00  0.00000E+00  0.00000E+00
   43182   7  0.00000E+00  0.00000E+00  0.00000E+00  0.00000E+00  0.00000E+00  0.00000E+00  0.00000E+00  0.00000E+00  0.00000E+00  0.00000E+00  0.00000E+00  0.00000E+00  0.00000E+00  0.00000E+00  0.00000E+00  0.00000E+00  0.00000E+00  0.00000E+00  0.00000E+00  0.00000E+00  0.00000E+00  0.00000E+00  0.00000E+00  0.00000E+00
   50582   3  5.04894E-02  5.04894E-02  5.04894E-02  5.04894E-02  5.04894E-02  5.04894E-02  5.04894E-02  5.04894E-02  5.04894E-02  5.04894E-02  5.04894E-02  5.04894E-02  5.04894E-02  5.04894E-02  5.04894E-02  5.04894E-02  5.04894E-02  5.04894E-02  5.04894E-02  5.04894E-02  5.04894E-02  5.04894E-02  5.04894E-02  5.04894E-02
   46700   3  8.55212E-04  8.55212E-04  8.55212E-04  8.55212E-04  8.55212E-04  8.55212E-04  8.55212E-04  8.55212E-04  8.55212E-04  8.55212E-04  8.55212E-04  8.55212E-04  8.55212E-04  8.55212E-04  8.55212E-04  8.55212E-04  8.55212E-04  8.55212E-04  8.55212E-04  8.55212E-04  8.55212E-04  8.55212E-04  8.55212E-04  8.55212E-04
   36485   4  6.01928E-01  6.01928E-01  6.01928E-01  6.01928E-01  6.01928E-01  6.01928E-01  6.01928E-01  6.01928E-01  6.01928E-01  6.01928E-01  6.01928E-01  6.01928E-01  6.01928E-01  6.01928E-01  6.01928E-01  6.01928E-01  6.01928E-01  6.01928E-01  6.01928E-01  6.01928E-01  6.01928E-01  6.01928E-01  6.01928E-01  6.01928E-01
   36485   6  6.01928E-01  6.01928E-01  6.01928E-01  6.01928E-01  6.01928E-01  6.01928E-01  6.01928E-01  6.01928E-01  6.01928E-01  6.01928E-01  6.01928E-01  6.01928E-01  6.01928E-01  6.01928E-01  6.01928E-01  6.01928E-01  6.01928E-01  6.01928E-01  6.01928E-01  6.01928E-01  6.01928E-01  6.01928E-01  6.01928E-01  6.01928E-01
   36485   5  0.00000E+00  0.00000E+00  0.00000E+00  0.00000E+00  0.00000E+00  0.00000E+00  0.00000E+00  0.00000E+00  0.00000E+00  0.00000E+00  0.00000E+00  0.00000E+00  0.00000E+00  0.00000E+00  0.00000E+00  0.00000E+00  0.00000E+00  0.00000E+00  0.00000E+00  0.00000E+00  0.00000E+00  0.00000E+00  0.00000E+00  0.00000E+00
   36485   3  0.00000E+00  0.00000E+00  0.00000E+00  0.00000E+00  0.00000E+00  0.00000E+00  0.00000E+00  0.00000E+00  0.00000E+00  0.00000E+00  0.00000E+00  0.00000E+00  0.00000E+00  0.00000E+00  0.00000E+00  0.00000E+00  0.00000E+00  0.00000E+00  0.00000E+00  0.00000E+00  0.00000E+00  0.00000E+00  0.00000E+00  0.00000E+00
   36485   2  0.00000E+00  0.00000E+00  0.00000E+00  0.00000E+00  0.00000E+00  0.00000E+00  0.00000E+00  0.00000E+00  0.00000E+00  0.00000E+00  0.00000E+00  0.00000E+00  0.00000E+00  0.00000E+00  0.00000E+00  0.00000E+00  0.00000E+00  0.00000E+00  0.00000E+00  0.00000E+00  0.00000E+00  0.00000E+00  0.00000E+00  0.00000E+00
   37192   2  5.18714E+00  5.11038E+00  4.82525E+00  4.35369E+00  3.86020E+00  3.26309E+00  3.02138E+00  2.90052E+00  2.86024E+00  2.94081E+00  3.18252E+00  3.56522E+00  4.05871E+00  4.36085E+00  4.60256E+00  4.81406E+00  4.89463E+00  4.97520E+00  5.00541E+00  5.04570E+00  5.03563E+00  5.00541E+00  4.92484E+00  4.80399E+00
   36485   7  0.00000E+00  0.00000E+00  0.00000E+00  0.00000E+00  0.00000E+00  0.00000E+00  0.00000E+00  0.00000E+00  0.00000E+00  0.00000E+00  0.00000E+00  0.00000E+00  0.00000E+00  0.00000E+00  0.00000E+00  0.00000E+00  0.00000E+00  0.00000E+00  0.00000E+00  0.00000E+00  0.00000E+00  0.00000E+00  0.00000E+00  0.00000E+00
   35437   3  0.00000E+00  0.00000E+00  0.00000E+00  0.00000E+00  0.00000E+00  0.00000E+00  0.00000E+00  0.00000E+00  0.00000E+00  0.00000E+00  0.00000E+00  0.00000E+00  0.00000E+00  0.00000E+00  0.00000E+00  0.00000E+00  0.00000E+00  0.00000E+00  0.00000E+00  0.00000E+00  0.00000E+00  0.00000E+00  0.00000E+00  0.00000E+00
   46351   7  0.00000E+00  0.00000E+00  0.00000E+00  0.00000E+00  0.00000E+00  0.00000E+00  0.00000E+00  0.00000E+00  0.00000E+00  0.00000E+00  0.00000E+00  0.00000E+00  0.00000E+00  0.00000E+00  0.00000E+00  0.00000E+00  0.00000E+00  0.00000E+00  0.00000E+00  0.00000E+00  0.00000E+00  0.00000E+00  0.00000E+00  0.00000E+00
   39310   3  3.60860E-05  3.60860E-05  3.60860E-05  3.60860E-05  3.60860E-05  3.60860E-05  3.60860E-05  3.60860E-05  3.60860E-05  3.60860E-05  3.60860E-05  3.60860E-05  3.60860E-05  3.60860E-05  3.60860E-05  3.60860E-05  3.60860E-05  3.60860E-05  3.60860E-05  3.60860E-05  3.60860E-05  3.60860E-05  3.60860E-05  3.60860E-05
   43177   3  0.00000E+00  0.00000E+00  0.00000E+00  0.00000E+00  0.00000E+00  0.00000E+00  0.00000E+00  0.00000E+00  0.00000E+00  0.00000E+00  0.00000E+00  0.00000E+00  0.00000E+00  0.00000E+00  0.00000E+00  0.00000E+00  0.00000E+00  0.00000E+00  0.00000E+00  0.00000E+00  0.00000E+00  0.00000E+00  0.00000E+00  0.00000E+00
   43177   2  0.00000E+00  0.00000E+00  0.00000E+00  0.00000E+00  0.00000E+00  0.00000E+00  0.00000E+00  0.00000E+00  0.00000E+00  0.00000E+00  0.00000E+00  0.00000E+00  0.00000E+00  0.00000E+00  0.00000E+00  0.00000E+00  0.00000E+00  0.00000E+00  0.00000E+00  0.00000E+00  0.00000E+00  0.00000E+00  0.00000E+00  0.00000E+00
   15453   3  3.78802E+01  3.78802E+01  3.78802E+01  3.78802E+01  3.78802E+01  3.78802E+01  3.78802E+01  3.78802E+01  3.78802E+01  3.78802E+01  3.78802E+01  3.78802E+01  3.78802E+01  3.78802E+01  3.78802E+01  3.78802E+01  3.78802E+01  3.78802E+01  3.78802E+01  3.78802E+01  3.78802E+01  3.78802E+01  3.78802E+01  3.78802E+01
   15453   2  0.00000E+00  0.00000E+00  0.00000E+00  0.00000E+00  0.00000E+00  0.00000E+00  0.00000E+00  0.00000E+00  0.00000E+00  0.00000E+00  0.00000E+00  0.00000E+00  0.00000E+00  0.00000E+00  0.00000E+00  0.00000E+00  0.00000E+00  0.00000E+00  0.00000E+00  0.00000E+00  0.00000E+00  0.00000E+00  0.00000E+00  0.00000E+00
   15098   3  2.28549E-03  2.28549E-03  2.28549E-03  2.28549E-03  2.28549E-03  2.28549E-03  2.28549E-03  2.28549E-03  2.28549E-03  2.28549E-03  2.28549E-03  2.28549E-03  2.28549E-03  2.28549E-03  2.28549E-03  2.28549E-03  2.28549E-03  2.28549E-03  2.28549E-03  2.28549E-03  2.28549E-03  2.28549E-03  2.28549E-03  2.28549E-03
   15450   3  1.82620E-02  1.82620E-02  1.82620E-02  1.82620E-02  1.82620E-02  1.82620E-02  1.82620E-02  1.82620E-02  1.82620E-02  1.82620E-02  1.82620E-02  1.82620E-02  1.82620E-02  1.82620E-02  1.82620E-02  1.82620E-02  1.82620E-02  1.82620E-02  1.82620E-02  1.82620E-02  1.82620E-02  1.82620E-02  1.82620E-02  1.82620E-02
   15808   3  8.19619E+00  8.19619E+00  8.19619E+00  8.19619E+00  8.19619E+00  8.19619E+00  8.19619E+00  8.19619E+00  8.19619E+00  8.19619E+00  8.19619E+00  8.19619E+00  8.19619E+00  8.19619E+00  8.19619E+00  8.19619E+00  8.19619E+00  8.19619E+00  8.19619E+00  8.19619E+00  8.19619E+00  8.19619E+00  8.19619E+00  8.19619E+00
   16524   3  6.60718E-02  6.60718E-02  6.60718E-02  6.60718E-02  6.60718E-02  6.60718E-02  6.60718E-02  6.60718E-02  6.60718E-02  6.60718E-02  6.60718E-02  6.60718E-02  6.60718E-02  6.60718E-02  6.60718E-02  6.60718E-02  6.60718E-02  6.60718E-02  6.60718E-02  6.60718E-02  6.60718E-02  6.60718E-02  6.60718E-02  6.60718E-02
   14756   5  0.00000E+00  0.00000E+00  0.00000E+00  0.00000E+00  0.00000E+00  0.00000E+00  0.00000E+00  0.00000E+00  0.00000E+00  0.00000E+00  0.00000E+00  0.00000E+00  0.00000E+00  0.00000E+00  0.00000E+00  0.00000E+00  0.00000E+00  0.00000E+00  0.00000E+00  0.00000E+00  0.00000E+00  0.00000E+00  0.00000E+00  0.00000E+00
   14756   4  4.47553E-04  4.47553E-04  4.47553E-04  4.47553E-04  4.47553E-04  4.47553E-04  4.47553E-04  4.47553E-04  4.47553E-04  4.47553E-04  4.47553E-04  4.47553E-04  4.47553E-04  4.47553E-04  4.47553E-04  4.47553E-04  4.47553E-04  4.47553E-04  4.47553E-04  4.47553E-04  4.47553E-04  4.47553E-04  4.47553E-04  4.47553E-04
   14756   3  7.85836E+00  7.85836E+00  7.85836E+00  7.85836E+00  7.85836E+00  7.85836E+00  7.85836E+00  7.85836E+00  7.85836E+00  7.85836E+00  7.85836E+00  7.85836E+00  7.85836E+00  7.85836E+00  7.85836E+00  7.85836E+00  7.85836E+00  7.85836E+00  7.85836E+00  7.85836E+00  7.85836E+00  7.85836E+00  7.85836E+00  7.85836E+00
   14756   1  0.00000E+00  0.00000E+00  0.00000E+00  0.00000E+00  0.00000E+00  0.00000E+00  0.00000E+00  0.00000E+00  0.00000E+00  0.00000E+00  0.00000E+00  0.00000E+00  0.00000E+00  0.00000E+00  0.00000E+00  0.00000E+00  0.00000E+00  0.00000E+00  0.00000E+00  0.00000E+00  0.00000E+00  0.00000E+00  0.00000E+00  0.00000E+00
   14756   2  1.83128E+01  1.83128E+01  1.83128E+01  1.83128E+01  1.83128E+01  1.83128E+01  1.83128E+01  1.83128E+01  1.83128E+01  1.83128E+01  1.83128E+01  1.83128E+01  1.83128E+01  1.83128E+01  1.83128E+01  1.83128E+01  1.83128E+01  1.83128E+01  1.83128E+01  1.83128E+01  1.83128E+01  1.83128E+01  1.83128E+01  1.83128E+01
   14756   7  0.00000E+00  0.00000E+00  0.00000E+00  0.00000E+00  0.00000E+00  0.00000E+00  0.00000E+00  0.00000E+00  0.00000E+00  0.00000E+00  0.00000E+00  0.00000E+00  0.00000E+00  0.00000E+00  0.00000E+00  0.00000E+00  0.00000E+00  0.00000E+00  0.00000E+00  0.00000E+00  0.00000E+00  0.00000E+00  0.00000E+00  0.00000E+00
   15810   3  7.21682E-02  7.21682E-02  7.21682E-02  7.21682E-02  7.21682E-02  7.21682E-02  7.21682E-02  7.21682E-02  7.21682E-02  7.21682E-02  7.21682E-02  7.21682E-02  7.21682E-02  7.21682E-02  7.21682E-02  7.21682E-02  7.21682E-02  7.21682E-02  7.21682E-02  7.21682E-02  7.21682E-02  7.21682E-02  7.21682E-02  7.21682E-02
   16516   3  1.91855E-02  1.91855E-02  1.91855E-02  1.91855E-02  1.91855E-02  1.91855E-02  1.91855E-02  1.91855E-02  1.91855E-02  1.91855E-02  1.91855E-02  1.91855E-02  1.91855E-02  1.91855E-02  1.91855E-02  1.91855E-02  1.91855E-02  1.91855E-02  1.91855E-02  1.91855E-02  1.91855E-02  1.91855E-02  1.91855E-02  1.91855E-02
   16161   3  6.91853E-03  6.91853E-03  6.91853E-03  6.91853E-03  6.91853E-03  6.91853E-03  6.91853E-03  6.91853E-03  6.91853E-03  6.91853E-03  6.91853E-03  6.91853E-03  6.91853E-03  6.91853E-03  6.91853E-03  6.91853E-03  6.91853E-03  6.91853E-03  6.91853E-03  6.91853E-03  6.91853E-03  6.91853E-03  6.91853E-03  6.91853E-03
   16162   3  1.46414E+01  1.46414E+01  1.46414E+01  1.46414E+01  1.46414E+01  1.46414E+01  1.46414E+01  1.46414E+01  1.46414E+01  1.46414E+01  1.46414E+01  1.46414E+01  1.46414E+01  1.46414E+01  1.46414E+01  1.46414E+01  1.46414E+01  1.46414E+01  1.46414E+01  1.46414E+01  1.46414E+01  1.46414E+01  1.46414E+01  1.46414E+01
   15105   3  4.57202E+01  4.57202E+01  4.57202E+01  4.57202E+01  4.57202E+01  4.57202E+01  4.57202E+01  4.57202E+01  4.57202E+01  4.57202E+01  4.57202E+01  4.57202E+01  4.57202E+01  4.57202E+01  4.57202E+01  4.57202E+01  4.57202E+01  4.57202E+01  4.57202E+01  4.57202E+01  4.57202E+01  4.57202E+01  4.57202E+01  4.57202E+01
   15104   3  1.51975E-01  1.51975E-01  1.51975E-01  1.51975E-01  1.51975E-01  1.51975E-01  1.51975E-01  1.51975E-01  1.51975E-01  1.51975E-01  1.51975E-01  1.51975E-01  1.51975E-01  1.51975E-01  1.51975E-01  1.51975E-01  1.51975E-01  1.51975E-01  1.51975E-01  1.51975E-01  1.51975E-01  1.51975E-01  1.51975E-01  1.51975E-01
   13688   3  2.26042E+01  2.26042E+01  2.26042E+01  2.26042E+01  2.26042E+01  2.26042E+01  2.26042E+01  2.26042E+01  2.26042E+01  2.26042E+01  2.26042E+01  2.26042E+01  2.26042E+01  2.26042E+01  2.26042E+01  2.26042E+01  2.26042E+01  2.26042E+01  2.26042E+01  2.26042E+01  2.26042E+01  2.26042E+01  2.26042E+01  2.26042E+01
   13688   4  1.36838E+00  1.36838E+00  1.36838E+00  1.36838E+00  1.36838E+00  1.36838E+00  1.36838E+00  1.36838E+00  1.36838E+00  1.36838E+00  1.36838E+00  1.36838E+00  1.36838E+00  1.36838E+00  1.36838E+00  1.36838E+00  1.36838E+00  1.36838E+00  1.36838E+00  1.36838E+00  1.36838E+00  1.36838E+00  1.36838E+00  1.36838E+00
   14743   3  1.72941E-03  1.72941E-03  1.72941E-03  1.72941E-03  1.72941E-03  1.72941E-03  1.72941E-03  1.72941E-03  1.72941E-03  1.72941E-03  1.72941E-03  1.72941E-03  1.72941E-03  1.72941E-03  1.72941E-03  1.72941E-03  1.72941E-03  1.72941E-03  1.72941E-03  1.72941E-03  1.72941E-03  1.72941E-03  1.72941E-03  1.72941E-03
   15813   3  3.41456E+00  3.41456E+00  3.41456E+00  3.41456E+00  3.41456E+00  3.41456E+00  3.41456E+00  3.41456E+00  3.41456E+00  3.41456E+00  3.41456E+00  3.41456E+00  3.41456E+00  3.41456E+00  3.41456E+00  3.41456E+00  3.41456E+00  3.41456E+00  3.41456E+00  3.41456E+00  3.41456E+00  3.41456E+00  3.41456E+00  3.41456E+00
   14408   4  0.00000E+00  0.00000E+00  0.00000E+00  0.00000E+00  0.00000E+00  0.00000E+00  0.00000E+00  0.00000E+00  0.00000E+00  0.00000E+00  0.00000E+00  0.00000E+00  0.00000E+00  0.00000E+00  0.00000E+00  0.00000E+00  0.00000E+00  0.00000E+00  0.00000E+00  0.00000E+00  0.00000E+00  0.00000E+00  0.00000E+00  0.00000E+00
   14053   3  2.64941E-03  2.64941E-03  2.64941E-03  2.64941E-03  2.64941E-03  2.64941E-03  2.64941E-03  2.64941E-03  2.64941E-03  2.64941E-03  2.64941E-03  2.64941E-03  2.64941E-03  2.64941E-03  2.64941E-03  2.64941E-03  2.64941E-03  2.64941E-03  2.64941E-03  2.64941E-03  2.64941E-03  2.64941E-03  2.64941E-03  2.64941E-03
   14408   3  2.79747E-02  2.79747E-02  2.79747E-02  2.79747E-02  2.79747E-02  2.79747E-02  2.79747E-02  2.79747E-02  2.79747E-02  2.79747E-02  2.79747E-02  2.79747E-02  2.79747E-02  2.79747E-02  2.79747E-02  2.79747E-02  2.79747E-02  2.79747E-02  2.79747E-02  2.79747E-02  2.79747E-02  2.79747E-02  2.79747E-02  2.79747E-02
   15469   3  9.09341E-02  9.09341E-02  9.09341E-02  9.09341E-02  9.09341E-02  9.09341E-02  9.09341E-02  9.09341E-02  9.09341E-02  9.09341E-02  9.09341E-02  9.09341E-02  9.09341E-02  9.09341E-02  9.09341E-02  9.09341E-02  9.09341E-02  9.09341E-02  9.09341E-02  9.09341E-02  9.09341E-02  9.09341E-02  9.09341E-02  9.09341E-02
   14761   3  0.00000E+00  0.00000E+00  0.00000E+00  0.00000E+00  0.00000E+00  0.00000E+00  0.00000E+00  0.00000E+00  0.00000E+00  0.00000E+00  0.00000E+00  0.00000E+00  0.00000E+00  0.00000E+00  0.00000E+00  0.00000E+00  0.00000E+00  0.00000E+00  0.00000E+00  0.00000E+00  0.00000E+00  0.00000E+00  0.00000E+00  0.00000E+00
   14763   2  2.00518E+00  2.00518E+00  2.00518E+00  2.00518E+00  2.00518E+00  2.00518E+00  2.00518E+00  2.00518E+00  2.00518E+00  2.00518E+00  2.00518E+00  2.00518E+00  2.00518E+00  2.00518E+00  2.00518E+00  2.00518E+00  2.00518E+00  2.00518E+00  2.00518E+00  2.00518E+00  2.00518E+00  2.00518E+00  2.00518E+00  2.00518E+00
   14763   3  0.00000E+00  0.00000E+00  0.00000E+00  0.00000E+00  0.00000E+00  0.00000E+00  0.00000E+00  0.00000E+00  0.00000E+00  0.00000E+00  0.00000E+00  0.00000E+00  0.00000E+00  0.00000E+00  0.00000E+00  0.00000E+00  0.00000E+00  0.00000E+00  0.00000E+00  0.00000E+00  0.00000E+00  0.00000E+00  0.00000E+00  0.00000E+00
   12640   3  0.00000E+00  0.00000E+00  0.00000E+00  0.00000E+00  0.00000E+00  0.00000E+00  0.00000E+00  0.00000E+00  0.00000E+00  0.00000E+00  0.00000E+00  0.00000E+00  0.00000E+00  0.00000E+00  0.00000E+00  0.00000E+00  0.00000E+00  0.00000E+00  0.00000E+00  0.00000E+00  0.00000E+00  0.00000E+00  0.00000E+00  0.00000E+00
   12657   2  0.00000E+00  0.00000E+00  0.00000E+00  0.00000E+00  0.00000E+00  0.00000E+00  0.00000E+00  0.00000E+00  0.00000E+00  0.00000E+00  0.00000E+00  0.00000E+00  0.00000E+00  0.00000E+00  0.00000E+00  0.00000E+00  0.00000E+00  0.00000E+00  0.00000E+00  0.00000E+00  0.00000E+00  0.00000E+00  0.00000E+00  0.00000E+00
   19635   3  0.00000E+00  0.00000E+00  0.00000E+00  0.00000E+00  0.00000E+00  0.00000E+00  0.00000E+00  0.00000E+00  0.00000E+00  0.00000E+00  0.00000E+00  0.00000E+00  0.00000E+00  0.00000E+00  0.00000E+00  0.00000E+00  0.00000E+00  0.00000E+00  0.00000E+00  0.00000E+00  0.00000E+00  0.00000E+00  0.00000E+00  0.00000E+00
   19635   4  1.30683E-03  1.30683E-03  1.30683E-03  1.30683E-03  1.30683E-03  1.30683E-03  1.30683E-03  1.30683E-03  1.30683E-03  1.30683E-03  1.30683E-03  1.30683E-03  1.30683E-03  1.30683E-03  1.30683E-03  1.30683E-03  1.30683E-03  1.30683E-03  1.30683E-03  1.30683E-03  1.30683E-03  1.30683E-03  1.30683E-03  1.30683E-03
   20341   3  5.01065E-03  5.01065E-03  5.01065E-03  5.01065E-03  5.01065E-03  5.01065E-03  5.01065E-03  5.01065E-03  5.01065E-03  5.01065E-03  5.01065E-03  5.01065E-03  5.01065E-03  5.01065E-03  5.01065E-03  5.01065E-03  5.01065E-03  5.01065E-03  5.01065E-03  5.01065E-03  5.01065E-03  5.01065E-03  5.01065E-03  5.01065E-03
   20337   3  0.00000E+00  0.00000E+00  0.00000E+00  0.00000E+00  0.00000E+00  0.00000E+00  0.00000E+00  0.00000E+00  0.00000E+00  0.00000E+00  0.00000E+00  0.00000E+00  0.00000E+00  0.00000E+00  0.00000E+00  0.00000E+00  0.00000E+00  0.00000E+00  0.00000E+00  0.00000E+00  0.00000E+00  0.00000E+00  0.00000E+00  0.00000E+00
   20337   4  3.57359E-04  3.57359E-04  3.57359E-04  3.57359E-04  3.57359E-04  3.57359E-04  3.57359E-04  3.57359E-04  3.57359E-04  3.57359E-04  3.57359E-04  3.57359E-04  3.57359E-04  3.57359E-04  3.57359E-04  3.57359E-04  3.57359E-04  3.57359E-04  3.57359E-04  3.57359E-04  3.57359E-04  3.57359E-04  3.57359E-04  3.57359E-04
   19641   4  1.18604E-03  1.18604E-03  1.18604E-03  1.18604E-03  1.18604E-03  1.18604E-03  1.18604E-03  1.18604E-03  1.18604E-03  1.18604E-03  1.18604E-03  1.18604E-03  1.18604E-03  1.18604E-03  1.18604E-03  1.18604E-03  1.18604E-03  1.18604E-03  1.18604E-03  1.18604E-03  1.18604E-03  1.18604E-03  1.18604E-03  1.18604E-03
   19283   4  1.72587E-03  1.72587E-03  1.72587E-03  1.72587E-03  1.72587E-03  1.72587E-03  1.72587E-03  1.72587E-03  1.72587E-03  1.72587E-03  1.72587E-03  1.72587E-03  1.72587E-03  1.72587E-03  1.72587E-03  1.72587E-03  1.72587E-03  1.72587E-03  1.72587E-03  1.72587E-03  1.72587E-03  1.72587E-03  1.72587E-03  1.72587E-03
   19638   5  0.00000E+00  0.00000E+00  0.00000E+00  0.00000E+00  0.00000E+00  0.00000E+00  0.00000E+00  0.00000E+00  0.00000E+00  0.00000E+00  0.00000E+00  0.00000E+00  0.00000E+00  0.00000E+00  0.00000E+00  0.00000E+00  0.00000E+00  0.00000E+00  0.00000E+00  0.00000E+00  0.00000E+00  0.00000E+00  0.00000E+00  0.00000E+00
   19633   3  6.26425E-03  6.26425E-03  6.26425E-03  6.26425E-03  6.26425E-03  6.26425E-03  6.26425E-03  6.26425E-03  6.26425E-03  6.26425E-03  6.26425E-03  6.26425E-03  6.26425E-03  6.26425E-03  6.26425E-03  6.26425E-03  6.26425E-03  6.26425E-03  6.26425E-03  6.26425E-03  6.26425E-03  6.26425E-03  6.26425E-03  6.26425E-03
   19633   7  1.08786E+01  1.08786E+01  1.08786E+01  1.08786E+01  1.08786E+01  0.00000E+00  0.00000E+00  0.00000E+00  0.00000E+00  0.00000E+00  0.00000E+00  0.00000E+00  1.08786E+01  1.08786E+01  1.08786E+01  1.08786E+01  1.08786E+01  1.08786E+01  1.08786E+01  1.08786E+01  1.08786E+01  1.08786E+01  1.08786E+01  1.08786E+01
   19633   4  8.08327E-04  8.08327E-04  8.08327E-04  8.08327E-04  8.08327E-04  8.08327E-04  8.08327E-04  8.08327E-04  8.08327E-04  8.08327E-04  8.08327E-04  8.08327E-04  8.08327E-04  8.08327E-04  8.08327E-04  8.08327E-04  8.08327E-04  8.08327E-04  8.08327E-04  8.08327E-04  8.08327E-04  8.08327E-04  8.08327E-04  8.08327E-04
   18930   3  1.26605E-02  1.26605E-02  1.26605E-02  1.26605E-02  1.26605E-02  1.26605E-02  1.26605E-02  1.26605E-02  1.26605E-02  1.26605E-02  1.26605E-02  1.26605E-02  1.26605E-02  1.26605E-02  1.26605E-02  1.26605E-02  1.26605E-02  1.26605E-02  1.26605E-02  1.26605E-02  1.26605E-02  1.26605E-02  1.26605E-02  1.26605E-02
   19636   5  1.67270E-03  1.67270E-03  1.67270E-03  1.67270E-03  1.67270E-03  1.67270E-03  1.67270E-03  1.67270E-03  1.67270E-03  1.67270E-03  1.67270E-03  1.67270E-03  1.67270E-03  1.67270E-03  1.67270E-03  1.67270E-03  1.67270E-03  1.67270E-03  1.67270E-03  1.67270E-03  1.67270E-03  1.67270E-03  1.67270E-03  1.67270E-03
   20343   4  4.25036E-04  4.25036E-04  4.25036E-04  4.25036E-04  4.25036E-04  4.25036E-04  4.25036E-04  4.25036E-04  4.25036E-04  4.25036E-04  4.25036E-04  4.25036E-04  4.25036E-04  4.25036E-04  4.25036E-04  4.25036E-04  4.25036E-04  4.25036E-04  4.25036E-04  4.25036E-04  4.25036E-04  4.25036E-04  4.25036E-04  4.25036E-04
   20343   3  1.97363E-03  1.97363E-03  1.97363E-03  1.97363E-03  1.97363E-03  1.97363E-03  1.97363E-03  1.97363E-03  1.97363E-03  1.97363E-03  1.97363E-03  1.97363E-03  1.97363E-03  1.97363E-03  1.97363E-03  1.97363E-03  1.97363E-03  1.97363E-03  1.97363E-03  1.97363E-03  1.97363E-03  1.97363E-03  1.97363E-03  1.97363E-03
   19282   5  0.00000E+00  0.00000E+00  0.00000E+00  0.00000E+00  0.00000E+00  0.00000E+00  0.00000E+00  0.00000E+00  0.00000E+00  0.00000E+00  0.00000E+00  0.00000E+00  0.00000E+00  0.00000E+00  0.00000E+00  0.00000E+00  0.00000E+00  0.00000E+00  0.00000E+00  0.00000E+00  0.00000E+00  0.00000E+00  0.00000E+00  0.00000E+00
   19282   4  5.80466E-03  5.80466E-03  5.80466E-03  5.80466E-03  5.80466E-03  5.80466E-03  5.80466E-03  5.80466E-03  5.80466E-03  5.80466E-03  5.80466E-03  5.80466E-03  5.80466E-03  5.80466E-03  5.80466E-03  5.80466E-03  5.80466E-03  5.80466E-03  5.80466E-03  5.80466E-03  5.80466E-03  5.80466E-03  5.80466E-03  5.80466E-03
   19282   3  0.00000E+00  0.00000E+00  0.00000E+00  0.00000E+00  0.00000E+00  0.00000E+00  0.00000E+00  0.00000E+00  0.00000E+00  0.00000E+00  0.00000E+00  0.00000E+00  0.00000E+00  0.00000E+00  0.00000E+00  0.00000E+00  0.00000E+00  0.00000E+00  0.00000E+00  0.00000E+00  0.00000E+00  0.00000E+00  0.00000E+00  0.00000E+00
   19990   3  8.01132E-04  8.01132E-04  8.01132E-04  8.01132E-04  8.01132E-04  8.01132E-04  8.01132E-04  8.01132E-04  8.01132E-04  8.01132E-04  8.01132E-04  8.01132E-04  8.01132E-04  8.01132E-04  8.01132E-04  8.01132E-04  8.01132E-04  8.01132E-04  8.01132E-04  8.01132E-04  8.01132E-04  8.01132E-04  8.01132E-04  8.01132E-04
   19990   4  4.43435E-03  4.43435E-03  4.43435E-03  4.43435E-03  4.43435E-03  4.43435E-03  4.43435E-03  4.43435E-03  4.43435E-03  4.43435E-03  4.43435E-03  4.43435E-03  4.43435E-03  4.43435E-03  4.43435E-03  4.43435E-03  4.43435E-03  4.43435E-03  4.43435E-03  4.43435E-03  4.43435E-03  4.43435E-03  4.43435E-03  4.43435E-03
   18929   3  9.48932E-03  9.48932E-03  9.48932E-03  9.48932E-03  9.48932E-03  9.48932E-03  9.48932E-03  9.48932E-03  9.48932E-03  9.48932E-03  9.48932E-03  9.48932E-03  9.48932E-03  1.18631E-02  1.18631E-02  1.18631E-02  1.18631E-02  1.18631E-02  1.18631E-02  1.18631E-02  1.18631E-02  9.48932E-03  9.48932E-03  9.48932E-03
   18929   4  5.16628E-03  5.16628E-03  5.16628E-03  5.16628E-03  5.16628E-03  5.16628E-03  5.16628E-03  5.16628E-03  5.16628E-03  5.16628E-03  5.16628E-03  5.16628E-03  5.16628E-03  8.44012E-03  8.44012E-03  8.44012E-03  8.44012E-03  8.44012E-03  8.44012E-03  8.44012E-03  8.44012E-03  5.16628E-03  5.16628E-03  5.16628E-03
   19281   4  8.50283E-04  8.50283E-04  8.50283E-04  8.50283E-04  8.50283E-04  8.50283E-04  8.50283E-04  8.50283E-04  8.50283E-04  8.50283E-04  8.50283E-04  8.50283E-04  8.50283E-04  8.50283E-04  8.50283E-04  8.50283E-04  8.50283E-04  8.50283E-04  8.50283E-04  8.50283E-04  8.50283E-04  8.50283E-04  8.50283E-04  8.50283E-04
   19637   3  1.28284E-02  1.28284E-02  1.28284E-02  1.28284E-02  1.28284E-02  1.28284E-02  1.28284E-02  1.28284E-02  1.28284E-02  1.28284E-02  1.28284E-02  1.28284E-02  1.28284E-02  1.28284E-02  1.28284E-02  1.28284E-02  1.28284E-02  1.28284E-02  1.28284E-02  1.28284E-02  1.28284E-02  1.28284E-02  1.28284E-02  1.28284E-02
   17533   4  4.02996E-02  4.02996E-02  4.02996E-02  4.02996E-02  4.02996E-02  4.02996E-02  4.02996E-02  4.02996E-02  4.02996E-02  4.02996E-02  4.02996E-02  4.02996E-02  4.02996E-02  4.02996E-02  4.02996E-02  4.02996E-02  4.02996E-02  4.02996E-02  4.02996E-02  4.02996E-02  4.02996E-02  4.02996E-02  4.02996E-02  4.02996E-02
   17533   3  0.00000E+00  0.00000E+00  0.00000E+00  0.00000E+00  0.00000E+00  0.00000E+00  0.00000E+00  0.00000E+00  0.00000E+00  0.00000E+00  0.00000E+00  0.00000E+00  0.00000E+00  4.47969E-03  4.47969E-03  4.47969E-03  4.47969E-03  4.47969E-03  4.47969E-03  4.47969E-03  4.47969E-03  0.00000E+00  0.00000E+00  0.00000E+00
   19657   3  0.00000E+00  0.00000E+00  0.00000E+00  0.00000E+00  0.00000E+00  0.00000E+00  0.00000E+00  0.00000E+00  0.00000E+00  0.00000E+00  0.00000E+00  0.00000E+00  0.00000E+00  0.00000E+00  0.00000E+00  0.00000E+00  0.00000E+00  0.00000E+00  0.00000E+00  0.00000E+00  0.00000E+00  0.00000E+00  0.00000E+00  0.00000E+00
   19657   2  0.00000E+00  0.00000E+00  0.00000E+00  0.00000E+00  0.00000E+00  0.00000E+00  0.00000E+00  0.00000E+00  0.00000E+00  0.00000E+00  0.00000E+00  0.00000E+00  0.00000E+00  0.00000E+00  0.00000E+00  0.00000E+00  0.00000E+00  0.00000E+00  0.00000E+00  0.00000E+00  0.00000E+00  0.00000E+00  0.00000E+00  0.00000E+00
   17887   3  0.00000E+00  0.00000E+00  0.00000E+00  0.00000E+00  0.00000E+00  0.00000E+00  0.00000E+00  0.00000E+00  0.00000E+00  0.00000E+00  0.00000E+00  0.00000E+00  0.00000E+00  0.00000E+00  0.00000E+00  0.00000E+00  0.00000E+00  0.00000E+00  0.00000E+00  0.00000E+00  0.00000E+00  0.00000E+00  0.00000E+00  0.00000E+00
   20356   4  9.48267E-04  9.48267E-04  9.48267E-04  9.48267E-04  9.48267E-04  9.48267E-04  9.48267E-04  9.48267E-04  9.48267E-04  9.48267E-04  9.48267E-04  9.48267E-04  9.48267E-04  9.48267E-04  9.48267E-04  9.48267E-04  9.48267E-04  9.48267E-04  9.48267E-04  9.48267E-04  9.48267E-04  9.48267E-04  9.48267E-04  9.48267E-04
   20356   3  0.00000E+00  0.00000E+00  0.00000E+00  0.00000E+00  0.00000E+00  0.00000E+00  0.00000E+00  0.00000E+00  0.00000E+00  0.00000E+00  0.00000E+00  0.00000E+00  0.00000E+00  0.00000E+00  0.00000E+00  0.00000E+00  0.00000E+00  0.00000E+00  0.00000E+00  0.00000E+00  0.00000E+00  0.00000E+00  0.00000E+00  0.00000E+00
   20356   2  0.00000E+00  0.00000E+00  0.00000E+00  0.00000E+00  0.00000E+00  0.00000E+00  0.00000E+00  0.00000E+00  0.00000E+00  0.00000E+00  0.00000E+00  0.00000E+00  0.00000E+00  0.00000E+00  0.00000E+00  0.00000E+00  0.00000E+00  0.00000E+00  0.00000E+00  0.00000E+00  0.00000E+00  0.00000E+00  0.00000E+00  0.00000E+00
   15091   3  2.23884E+01  2.23884E+01  2.23884E+01  2.23884E+01  2.23884E+01  2.23864E+01  2.23864E+01  2.23864E+01  2.23864E+01  2.23864E+01  2.23864E+01  2.23864E+01  2.23864E+01  2.23966E+01  2.23966E+01  2.23966E+01  2.23966E+01  2.23966E+01  2.23966E+01  2.23966E+01  2.23966E+01  2.23884E+01  2.23884E+01  2.23884E+01
   15091   4  2.56496E+01  2.56496E+01  2.56496E+01  2.56496E+01  2.56496E+01  2.56496E+01  2.56496E+01  2.56496E+01  2.56496E+01  2.56496E+01  2.56496E+01  2.56496E+01  2.56496E+01  2.56496E+01  2.56496E+01  2.56496E+01  2.56496E+01  2.56496E+01  2.56496E+01  2.56496E+01  2.56496E+01  2.56496E+01  2.56496E+01  2.56496E+01
   15091   2  8.75991E+00  8.75991E+00  8.75991E+00  8.75991E+00  8.75991E+00  8.75991E+00  8.75991E+00  8.75991E+00  8.75991E+00  8.75991E+00  8.75991E+00  8.75991E+00  8.75991E+00  8.75991E+00  8.75991E+00  8.75991E+00  8.75991E+00  8.75991E+00  8.75991E+00  8.75991E+00  8.75991E+00  8.75991E+00  8.75991E+00  8.75991E+00
   15092   4  1.63285E-02  1.63285E-02  1.63285E-02  1.63285E-02  1.63285E-02  1.63285E-02  1.63285E-02  1.63285E-02  1.63285E-02  1.63285E-02  1.63285E-02  1.63285E-02  1.63285E-02  1.63285E-02  1.63285E-02  1.63285E-02  1.63285E-02  1.63285E-02  1.63285E-02  1.63285E-02  1.63285E-02  1.63285E-02  1.63285E-02  1.63285E-02
   15091   7  0.00000E+00  0.00000E+00  0.00000E+00  0.00000E+00  0.00000E+00  0.00000E+00  0.00000E+00  0.00000E+00  0.00000E+00  0.00000E+00  0.00000E+00  0.00000E+00  0.00000E+00  0.00000E+00  0.00000E+00  0.00000E+00  0.00000E+00  0.00000E+00  0.00000E+00  0.00000E+00  0.00000E+00  0.00000E+00  0.00000E+00  0.00000E+00
   15092   1  0.00000E+00  0.00000E+00  0.00000E+00  0.00000E+00  0.00000E+00  0.00000E+00  0.00000E+00  0.00000E+00  0.00000E+00  0.00000E+00  0.00000E+00  0.00000E+00  0.00000E+00  0.00000E+00  0.00000E+00  0.00000E+00  0.00000E+00  0.00000E+00  0.00000E+00  0.00000E+00  0.00000E+00  0.00000E+00  0.00000E+00  0.00000E+00
   15092   3  0.00000E+00  0.00000E+00  0.00000E+00  0.00000E+00  0.00000E+00  0.00000E+00  0.00000E+00  0.00000E+00  0.00000E+00  0.00000E+00  0.00000E+00  0.00000E+00  0.00000E+00  0.00000E+00  0.00000E+00  0.00000E+00  0.00000E+00  0.00000E+00  0.00000E+00  0.00000E+00  0.00000E+00  0.00000E+00  0.00000E+00  0.00000E+00
   15092   2  0.00000E+00  0.00000E+00  0.00000E+00  0.00000E+00  0.00000E+00  0.00000E+00  0.00000E+00  0.00000E+00  0.00000E+00  0.00000E+00  0.00000E+00  0.00000E+00  0.00000E+00  0.00000E+00  0.00000E+00  0.00000E+00  0.00000E+00  0.00000E+00  0.00000E+00  0.00000E+00  0.00000E+00  0.00000E+00  0.00000E+00  0.00000E+00
   14738   4  0.00000E+00  0.00000E+00  0.00000E+00  0.00000E+00  0.00000E+00  0.00000E+00  0.00000E+00  0.00000E+00  0.00000E+00  0.00000E+00  0.00000E+00  0.00000E+00  0.00000E+00  0.00000E+00  0.00000E+00  0.00000E+00  0.00000E+00  0.00000E+00  0.00000E+00  0.00000E+00  0.00000E+00  0.00000E+00  0.00000E+00  0.00000E+00
   17885   3  0.00000E+00  0.00000E+00  0.00000E+00  0.00000E+00  0.00000E+00  0.00000E+00  0.00000E+00  0.00000E+00  0.00000E+00  0.00000E+00  0.00000E+00  0.00000E+00  0.00000E+00  1.27617E-01  1.27617E-01  1.27617E-01  1.27617E-01  1.27617E-01  1.27617E-01  1.27617E-01  1.27617E-01  0.00000E+00  0.00000E+00  0.00000E+00
   17885   4  3.10181E-04  3.10181E-04  3.10181E-04  3.10181E-04  3.10181E-04  3.10181E-04  3.10181E-04  3.10181E-04  3.10181E-04  3.10181E-04  3.10181E-04  3.10181E-04  3.10181E-04  3.10181E-04  3.10181E-04  3.10181E-04  3.10181E-04  3.10181E-04  3.10181E-04  3.10181E-04  3.10181E-04  3.10181E-04  3.10181E-04  3.10181E-04
   18238   4  0.00000E+00  0.00000E+00  0.00000E+00  0.00000E+00  0.00000E+00  0.00000E+00  0.00000E+00  0.00000E+00  0.00000E+00  0.00000E+00  0.00000E+00  0.00000E+00  0.00000E+00  0.00000E+00  0.00000E+00  0.00000E+00  0.00000E+00  0.00000E+00  0.00000E+00  0.00000E+00  0.00000E+00  0.00000E+00  0.00000E+00  0.00000E+00
   15426   3  0.00000E+00  0.00000E+00  0.00000E+00  0.00000E+00  0.00000E+00  0.00000E+00  0.00000E+00  0.00000E+00  0.00000E+00  0.00000E+00  0.00000E+00  0.00000E+00  0.00000E+00  0.00000E+00  0.00000E+00  0.00000E+00  0.00000E+00  0.00000E+00  0.00000E+00  0.00000E+00  0.00000E+00  0.00000E+00  0.00000E+00  0.00000E+00
   14383   3  6.38397E+00  6.38397E+00  6.38397E+00  6.38397E+00  6.38397E+00  6.38397E+00  6.38397E+00  6.38397E+00  6.38397E+00  6.38397E+00  6.38397E+00  6.38397E+00  6.38397E+00  6.38397E+00  6.38397E+00  6.38397E+00  6.38397E+00  6.38397E+00  6.38397E+00  6.38397E+00  6.38397E+00  6.38397E+00  6.38397E+00  6.38397E+00
   14736   4  1.14562E-01  1.14562E-01  1.14562E-01  1.14562E-01  1.14562E-01  1.14562E-01  1.14562E-01  1.14562E-01  1.14562E-01  1.14562E-01  1.14562E-01  1.14562E-01  1.14562E-01  1.15707E-01  1.15707E-01  1.15707E-01  1.15707E-01  1.15707E-01  1.15707E-01  1.15707E-01  1.15707E-01  1.14562E-01  1.14562E-01  1.14562E-01
   14383   4  7.51825E+00  7.51825E+00  7.51825E+00  7.51825E+00  7.51825E+00  7.51825E+00  7.51825E+00  7.51825E+00  7.51825E+00  7.51825E+00  7.51825E+00  7.51825E+00  7.51825E+00  7.51825E+00  7.51825E+00  7.51825E+00  7.51825E+00  7.51825E+00  7.51825E+00  7.51825E+00  7.51825E+00  7.51825E+00  7.51825E+00  7.51825E+00
   14383   2  1.14212E+02  1.14212E+02  1.14212E+02  1.14212E+02  1.14212E+02  1.14212E+02  1.14212E+02  1.14212E+02  1.14212E+02  1.14212E+02  1.14212E+02  1.14212E+02  1.14212E+02  1.14212E+02  1.14212E+02  1.14212E+02  1.14212E+02  1.14212E+02  1.14212E+02  1.14212E+02  1.14212E+02  1.14212E+02  1.14212E+02  1.14212E+02
   14383   1  0.00000E+00  0.00000E+00  0.00000E+00  0.00000E+00  0.00000E+00  0.00000E+00  0.00000E+00  0.00000E+00  0.00000E+00  0.00000E+00  0.00000E+00  0.00000E+00  0.00000E+00  0.00000E+00  0.00000E+00  0.00000E+00  0.00000E+00  0.00000E+00  0.00000E+00  0.00000E+00  0.00000E+00  0.00000E+00  0.00000E+00  0.00000E+00
   17892   3  5.95525E-03  5.95525E-03  5.95525E-03  5.95525E-03  5.95525E-03  5.95525E-03  5.95525E-03  5.95525E-03  5.95525E-03  5.95525E-03  5.95525E-03  5.95525E-03  5.95525E-03  5.95525E-03  5.95525E-03  5.95525E-03  5.95525E-03  5.95525E-03  5.95525E-03  5.95525E-03  5.95525E-03  5.95525E-03  5.95525E-03  5.95525E-03
   17180   3  0.00000E+00  0.00000E+00  0.00000E+00  0.00000E+00  0.00000E+00  0.00000E+00  0.00000E+00  0.00000E+00  0.00000E+00  0.00000E+00  0.00000E+00  0.00000E+00  0.00000E+00  0.00000E+00  0.00000E+00  0.00000E+00  0.00000E+00  0.00000E+00  0.00000E+00  0.00000E+00  0.00000E+00  0.00000E+00  0.00000E+00  0.00000E+00
   17180   2  0.00000E+00  0.00000E+00  0.00000E+00  0.00000E+00  0.00000E+00  0.00000E+00  0.00000E+00  0.00000E+00  0.00000E+00  0.00000E+00  0.00000E+00  0.00000E+00  0.00000E+00  0.00000E+00  0.00000E+00  0.00000E+00  0.00000E+00  0.00000E+00  0.00000E+00  0.00000E+00  0.00000E+00  0.00000E+00  0.00000E+00  0.00000E+00
   17182   3  0.00000E+00  0.00000E+00  0.00000E+00  0.00000E+00  0.00000E+00  0.00000E+00  0.00000E+00  0.00000E+00  0.00000E+00  0.00000E+00  0.00000E+00  0.00000E+00  0.00000E+00  0.00000E+00  0.00000E+00  0.00000E+00  0.00000E+00  0.00000E+00  0.00000E+00  0.00000E+00  0.00000E+00  0.00000E+00  0.00000E+00  0.00000E+00
   14735   3  2.27073E-03  2.27073E-03  2.27073E-03  2.27073E-03  2.27073E-03  0.00000E+00  0.00000E+00  0.00000E+00  0.00000E+00  0.00000E+00  0.00000E+00  0.00000E+00  0.00000E+00  2.27073E-03  2.27073E-03  2.27073E-03  2.27073E-03  2.27073E-03  2.27073E-03  2.27073E-03  2.27073E-03  2.27073E-03  2.27073E-03  2.27073E-03
   17884   4  1.74492E-02  1.74492E-02  1.74492E-02  1.74492E-02  1.74492E-02  1.74492E-02  1.74492E-02  1.74492E-02  1.74492E-02  1.74492E-02  1.74492E-02  1.74492E-02  1.74492E-02  1.74492E-02  1.74492E-02  1.74492E-02  1.74492E-02  1.74492E-02  1.74492E-02  1.74492E-02  1.74492E-02  1.74492E-02  1.74492E-02  1.74492E-02
   18944   3  0.00000E+00  0.00000E+00  0.00000E+00  0.00000E+00  0.00000E+00  0.00000E+00  0.00000E+00  0.00000E+00  0.00000E+00  0.00000E+00  0.00000E+00  0.00000E+00  0.00000E+00  0.00000E+00  0.00000E+00  0.00000E+00  0.00000E+00  0.00000E+00  0.00000E+00  0.00000E+00  0.00000E+00  0.00000E+00  0.00000E+00  0.00000E+00
   15082   3  0.00000E+00  0.00000E+00  0.00000E+00  0.00000E+00  0.00000E+00  0.00000E+00  0.00000E+00  0.00000E+00  0.00000E+00  0.00000E+00  0.00000E+00  0.00000E+00  0.00000E+00  0.00000E+00  0.00000E+00  0.00000E+00  0.00000E+00  0.00000E+00  0.00000E+00  0.00000E+00  0.00000E+00  0.00000E+00  0.00000E+00  0.00000E+00
   15082   2  0.00000E+00  0.00000E+00  0.00000E+00  0.00000E+00  0.00000E+00  0.00000E+00  0.00000E+00  0.00000E+00  0.00000E+00  0.00000E+00  0.00000E+00  0.00000E+00  0.00000E+00  0.00000E+00  0.00000E+00  0.00000E+00  0.00000E+00  0.00000E+00  0.00000E+00  0.00000E+00  0.00000E+00  0.00000E+00  0.00000E+00  0.00000E+00
   14385   3  1.93732E-03  1.93732E-03  1.93732E-03  1.93732E-03  1.93732E-03  0.00000E+00  0.00000E+00  0.00000E+00  0.00000E+00  0.00000E+00  0.00000E+00  0.00000E+00  0.00000E+00  1.93732E-03  1.93732E-03  1.93732E-03  1.93732E-03  1.93732E-03  1.93732E-03  1.93732E-03  1.93732E-03  1.93732E-03  1.93732E-03  1.93732E-03
   14385   4  1.06391E-02  1.06391E-02  1.06391E-02  1.06391E-02  1.06391E-02  1.06391E-02  1.06391E-02  1.06391E-02  1.06391E-02  1.06391E-02  1.06391E-02  1.06391E-02  1.06391E-02  1.06391E-02  1.06391E-02  1.06391E-02  1.06391E-02  1.06391E-02  1.06391E-02  1.06391E-02  1.06391E-02  1.06391E-02  1.06391E-02  1.06391E-02
   17531   4  1.47107E-01  1.47107E-01  1.47107E-01  1.47107E-01  1.47107E-01  1.47107E-01  1.47107E-01  1.47107E-01  1.47107E-01  1.47107E-01  1.47107E-01  1.47107E-01  1.47107E-01  1.47107E-01  1.47107E-01  1.47107E-01  1.47107E-01  1.47107E-01  1.47107E-01  1.47107E-01  1.47107E-01  1.47107E-01  1.47107E-01  1.47107E-01
   17531   3  0.00000E+00  0.00000E+00  0.00000E+00  0.00000E+00  0.00000E+00  0.00000E+00  0.00000E+00  0.00000E+00  0.00000E+00  0.00000E+00  0.00000E+00  0.00000E+00  0.00000E+00  1.76949E-01  1.76949E-01  1.76949E-01  1.76949E-01  1.76949E-01  1.76949E-01  1.76949E-01  1.76949E-01  0.00000E+00  0.00000E+00  0.00000E+00
   17531   5  0.00000E+00  0.00000E+00  0.00000E+00  0.00000E+00  0.00000E+00  0.00000E+00  0.00000E+00  0.00000E+00  0.00000E+00  0.00000E+00  0.00000E+00  0.00000E+00  0.00000E+00  0.00000E+00  0.00000E+00  0.00000E+00  0.00000E+00  0.00000E+00  0.00000E+00  0.00000E+00  0.00000E+00  0.00000E+00  0.00000E+00  0.00000E+00
   17531   2  1.18511E-01  1.18511E-01  1.18511E-01  1.18511E-01  1.18511E-01  1.18511E-01  1.18511E-01  1.18511E-01  1.18511E-01  1.18511E-01  1.18511E-01  1.18511E-01  1.18511E-01  1.18511E-01  1.18511E-01  1.18511E-01  1.18511E-01  1.18511E-01  1.18511E-01  1.18511E-01  1.18511E-01  1.18511E-01  1.18511E-01  1.18511E-01
   17531   7  0.00000E+00  0.00000E+00  0.00000E+00  0.00000E+00  0.00000E+00  0.00000E+00  0.00000E+00  0.00000E+00  0.00000E+00  0.00000E+00  0.00000E+00  0.00000E+00  0.00000E+00  0.00000E+00  0.00000E+00  0.00000E+00  0.00000E+00  0.00000E+00  0.00000E+00  0.00000E+00  0.00000E+00  0.00000E+00  0.00000E+00  0.00000E+00
   21411   4  5.79110E-04  5.79110E-04  5.79110E-04  5.79110E-04  5.79110E-04  5.79110E-04  5.79110E-04  5.79110E-04  5.79110E-04  5.79110E-04  5.79110E-04  5.79110E-04  5.79110E-04  5.79110E-04  5.79110E-04  5.79110E-04  5.79110E-04  5.79110E-04  5.79110E-04  5.79110E-04  5.79110E-04  5.79110E-04  5.79110E-04  5.79110E-04
   20709   4  0.00000E+00  0.00000E+00  0.00000E+00  0.00000E+00  0.00000E+00  0.00000E+00  0.00000E+00  0.00000E+00  0.00000E+00  0.00000E+00  0.00000E+00  0.00000E+00  0.00000E+00  0.00000E+00  0.00000E+00  0.00000E+00  0.00000E+00  0.00000E+00  0.00000E+00  0.00000E+00  0.00000E+00  0.00000E+00  0.00000E+00  0.00000E+00
   20709   7  0.00000E+00  0.00000E+00  0.00000E+00  0.00000E+00  0.00000E+00  0.00000E+00  0.00000E+00  0.00000E+00  0.00000E+00  0.00000E+00  0.00000E+00  0.00000E+00  0.00000E+00  0.00000E+00  0.00000E+00  0.00000E+00  0.00000E+00  0.00000E+00  0.00000E+00  0.00000E+00  0.00000E+00  0.00000E+00  0.00000E+00  0.00000E+00
   13676   3  0.00000E+00  0.00000E+00  0.00000E+00  0.00000E+00  0.00000E+00  0.00000E+00  0.00000E+00  0.00000E+00  0.00000E+00  0.00000E+00  0.00000E+00  0.00000E+00  0.00000E+00  2.79694E-02  2.79694E-02  2.79694E-02  2.79694E-02  2.79694E-02  2.79694E-02  2.79694E-02  2.79694E-02  0.00000E+00  0.00000E+00  0.00000E+00
   21062   3  0.00000E+00  0.00000E+00  0.00000E+00  0.00000E+00  0.00000E+00  0.00000E+00  0.00000E+00  0.00000E+00  0.00000E+00  0.00000E+00  0.00000E+00  0.00000E+00  0.00000E+00  0.00000E+00  0.00000E+00  0.00000E+00  0.00000E+00  0.00000E+00  0.00000E+00  0.00000E+00  0.00000E+00  0.00000E+00  0.00000E+00  0.00000E+00
   17196   3  0.00000E+00  0.00000E+00  0.00000E+00  0.00000E+00  0.00000E+00  0.00000E+00  0.00000E+00  0.00000E+00  0.00000E+00  0.00000E+00  0.00000E+00  0.00000E+00  0.00000E+00  0.00000E+00  0.00000E+00  0.00000E+00  0.00000E+00  0.00000E+00  0.00000E+00  0.00000E+00  0.00000E+00  0.00000E+00  0.00000E+00  0.00000E+00
   17196   2  0.00000E+00  0.00000E+00  0.00000E+00  0.00000E+00  0.00000E+00  0.00000E+00  0.00000E+00  0.00000E+00  0.00000E+00  0.00000E+00  0.00000E+00  0.00000E+00  0.00000E+00  0.00000E+00  0.00000E+00  0.00000E+00  0.00000E+00  0.00000E+00  0.00000E+00  0.00000E+00  0.00000E+00  0.00000E+00  0.00000E+00  0.00000E+00
   23179   4  5.53008E-03  5.53008E-03  5.53008E-03  5.53008E-03  5.53008E-03  5.53008E-03  5.53008E-03  5.53008E-03  5.53008E-03  5.53008E-03  5.53008E-03  5.53008E-03  5.53008E-03  5.53008E-03  5.53008E-03  5.53008E-03  5.53008E-03  5.53008E-03  5.53008E-03  5.53008E-03  5.53008E-03  5.53008E-03  5.53008E-03  5.53008E-03
   23179   3  0.00000E+00  0.00000E+00  0.00000E+00  0.00000E+00  0.00000E+00  0.00000E+00  0.00000E+00  0.00000E+00  0.00000E+00  0.00000E+00  0.00000E+00  0.00000E+00  0.00000E+00  0.00000E+00  0.00000E+00  0.00000E+00  0.00000E+00  0.00000E+00  0.00000E+00  0.00000E+00  0.00000E+00  0.00000E+00  0.00000E+00  0.00000E+00
   18247   4  0.00000E+00  0.00000E+00  0.00000E+00  0.00000E+00  0.00000E+00  0.00000E+00  0.00000E+00  0.00000E+00  0.00000E+00  0.00000E+00  0.00000E+00  0.00000E+00  0.00000E+00  0.00000E+00  0.00000E+00  0.00000E+00  0.00000E+00  0.00000E+00  0.00000E+00  0.00000E+00  0.00000E+00  0.00000E+00  0.00000E+00  0.00000E+00
   12621   2  2.66817E+01  2.66817E+01  2.66817E+01  2.66817E+01  2.66817E+01  2.66817E+01  2.66817E+01  2.66817E+01  2.66817E+01  2.66817E+01  2.66817E+01  2.66817E+01  2.66817E+01  2.66817E+01  2.66817E+01  2.66817E+01  2.66817E+01  2.66817E+01  2.66817E+01  2.66817E+01  2.66817E+01  2.66817E+01  2.66817E+01  2.66817E+01
   12621   3  3.06840E+01  3.06840E+01  3.06840E+01  3.06840E+01  3.06840E+01  3.06840E+01  3.06840E+01  3.06840E+01  3.06840E+01  3.06840E+01  3.06840E+01  3.06840E+01  3.06840E+01  3.06840E+01  3.06840E+01  3.06840E+01  3.06840E+01  3.06840E+01  3.06840E+01  3.06840E+01  3.06840E+01  3.06840E+01  3.06840E+01  3.06840E+01
   12621   7  0.00000E+00  0.00000E+00  0.00000E+00  0.00000E+00  0.00000E+00  0.00000E+00  0.00000E+00  0.00000E+00  0.00000E+00  0.00000E+00  0.00000E+00  0.00000E+00  0.00000E+00  0.00000E+00  0.00000E+00  0.00000E+00  0.00000E+00  0.00000E+00  0.00000E+00  0.00000E+00  0.00000E+00  0.00000E+00  0.00000E+00  0.00000E+00
   21063   3  3.64501E-02  3.64501E-02  3.64501E-02  3.64501E-02  3.64501E-02  3.64501E-02  3.64501E-02  3.64501E-02  3.64501E-02  3.64501E-02  3.64501E-02  3.64501E-02  3.64501E-02  3.64501E-02  3.64501E-02  3.64501E-02  3.64501E-02  3.64501E-02  3.64501E-02  3.64501E-02  3.64501E-02  3.64501E-02  3.64501E-02  3.64501E-02
   17529   4  2.06492E-03  2.06492E-03  2.06492E-03  2.06492E-03  2.06492E-03  2.06492E-03  2.06492E-03  2.06492E-03  2.06492E-03  2.06492E-03  2.06492E-03  2.06492E-03  2.06492E-03  2.06492E-03  2.06492E-03  2.06492E-03  2.06492E-03  2.06492E-03  2.06492E-03  2.06492E-03  2.06492E-03  2.06492E-03  2.06492E-03  2.06492E-03
   17530   3  0.00000E+00  0.00000E+00  0.00000E+00  0.00000E+00  0.00000E+00  0.00000E+00  0.00000E+00  0.00000E+00  0.00000E+00  0.00000E+00  0.00000E+00  0.00000E+00  0.00000E+00  0.00000E+00  0.00000E+00  0.00000E+00  0.00000E+00  0.00000E+00  0.00000E+00  0.00000E+00  0.00000E+00  0.00000E+00  0.00000E+00  0.00000E+00
   17530   4  1.12483E-01  1.12483E-01  1.12483E-01  1.12483E-01  1.12483E-01  1.12483E-01  1.12483E-01  1.12483E-01  1.12483E-01  1.12483E-01  1.12483E-01  1.12483E-01  1.12483E-01  1.12483E-01  1.12483E-01  1.12483E-01  1.12483E-01  1.12483E-01  1.12483E-01  1.12483E-01  1.12483E-01  1.12483E-01  1.12483E-01  1.12483E-01
   17530   6  8.85066E-02  8.85066E-02  8.85066E-02  8.85066E-02  8.85066E-02  8.85066E-02  8.85066E-02  8.85066E-02  8.85066E-02  8.85066E-02  8.85066E-02  8.85066E-02  8.85066E-02  8.85066E-02  8.85066E-02  8.85066E-02  8.85066E-02  8.85066E-02  8.85066E-02  8.85066E-02  8.85066E-02  8.85066E-02  8.85066E-02  8.85066E-02
   32341   4  0.00000E+00  0.00000E+00  0.00000E+00  0.00000E+00  0.00000E+00  0.00000E+00  0.00000E+00  0.00000E+00  0.00000E+00  0.00000E+00  0.00000E+00  0.00000E+00  0.00000E+00  0.00000E+00  0.00000E+00  0.00000E+00  0.00000E+00  0.00000E+00  0.00000E+00  0.00000E+00  0.00000E+00  0.00000E+00  0.00000E+00  0.00000E+00
   31636   3  0.00000E+00  0.00000E+00  0.00000E+00  0.00000E+00  0.00000E+00  0.00000E+00  0.00000E+00  0.00000E+00  0.00000E+00  0.00000E+00  0.00000E+00  0.00000E+00  0.00000E+00  0.00000E+00  0.00000E+00  0.00000E+00  0.00000E+00  0.00000E+00  0.00000E+00  0.00000E+00  0.00000E+00  0.00000E+00  0.00000E+00  0.00000E+00
   31636   2  0.00000E+00  0.00000E+00  0.00000E+00  0.00000E+00  0.00000E+00  0.00000E+00  0.00000E+00  0.00000E+00  0.00000E+00  0.00000E+00  0.00000E+00  0.00000E+00  0.00000E+00  0.00000E+00  0.00000E+00  0.00000E+00  0.00000E+00  0.00000E+00  0.00000E+00  0.00000E+00  0.00000E+00  0.00000E+00  0.00000E+00  0.00000E+00
   32694   3  0.00000E+00  0.00000E+00  0.00000E+00  0.00000E+00  0.00000E+00  0.00000E+00  0.00000E+00  0.00000E+00  0.00000E+00  0.00000E+00  0.00000E+00  0.00000E+00  0.00000E+00  0.00000E+00  0.00000E+00  0.00000E+00  0.00000E+00  0.00000E+00  0.00000E+00  0.00000E+00  0.00000E+00  0.00000E+00  0.00000E+00  0.00000E+00
   17888   3  0.00000E+00  0.00000E+00  0.00000E+00  0.00000E+00  0.00000E+00  0.00000E+00  0.00000E+00  0.00000E+00  0.00000E+00  0.00000E+00  0.00000E+00  0.00000E+00  0.00000E+00  0.00000E+00  0.00000E+00  0.00000E+00  0.00000E+00  0.00000E+00  0.00000E+00  0.00000E+00  0.00000E+00  0.00000E+00  0.00000E+00  0.00000E+00
   19303   4  6.06545E-06  6.06545E-06  6.06545E-06  6.06545E-06  6.06545E-06  6.06545E-06  6.06545E-06  6.06545E-06  6.06545E-06  6.06545E-06  6.06545E-06  6.06545E-06  6.06545E-06  6.06545E-06  6.06545E-06  6.06545E-06  6.06545E-06  6.06545E-06  6.06545E-06  6.06545E-06  6.06545E-06  6.06545E-06  6.06545E-06  6.06545E-06
   20352   4  0.00000E+00  0.00000E+00  0.00000E+00  0.00000E+00  0.00000E+00  0.00000E+00  0.00000E+00  0.00000E+00  0.00000E+00  0.00000E+00  0.00000E+00  0.00000E+00  0.00000E+00  0.00000E+00  0.00000E+00  0.00000E+00  0.00000E+00  0.00000E+00  0.00000E+00  0.00000E+00  0.00000E+00  0.00000E+00  0.00000E+00  0.00000E+00
   20352   7  0.00000E+00  0.00000E+00  0.00000E+00  0.00000E+00  0.00000E+00  0.00000E+00  0.00000E+00  0.00000E+00  0.00000E+00  0.00000E+00  0.00000E+00  0.00000E+00  0.00000E+00  0.00000E+00  0.00000E+00  0.00000E+00  0.00000E+00  0.00000E+00  0.00000E+00  0.00000E+00  0.00000E+00  0.00000E+00  0.00000E+00  0.00000E+00
   24938   4  9.48267E-04  9.48267E-04  9.48267E-04  9.48267E-04  9.48267E-04  9.48267E-04  9.48267E-04  9.48267E-04  9.48267E-04  9.48267E-04  9.48267E-04  9.48267E-04  9.48267E-04  9.48267E-04  9.48267E-04  9.48267E-04  9.48267E-04  9.48267E-04  9.48267E-04  9.48267E-04  9.48267E-04  9.48267E-04  9.48267E-04  9.48267E-04
   24938   3  1.74063E-02  1.74063E-02  1.74063E-02  1.74063E-02  1.74063E-02  1.74063E-02  1.74063E-02  1.74063E-02  1.74063E-02  1.74063E-02  1.74063E-02  1.74063E-02  1.74063E-02  1.74063E-02  1.74063E-02  1.74063E-02  1.74063E-02  1.74063E-02  1.74063E-02  1.74063E-02  1.74063E-02  1.74063E-02  1.74063E-02  1.74063E-02
   24938   2  0.00000E+00  0.00000E+00  0.00000E+00  0.00000E+00  0.00000E+00  0.00000E+00  0.00000E+00  0.00000E+00  0.00000E+00  0.00000E+00  0.00000E+00  0.00000E+00  0.00000E+00  0.00000E+00  0.00000E+00  0.00000E+00  0.00000E+00  0.00000E+00  0.00000E+00  0.00000E+00  0.00000E+00  0.00000E+00  0.00000E+00  0.00000E+00
   24938   7  0.00000E+00  0.00000E+00  0.00000E+00  0.00000E+00  0.00000E+00  0.00000E+00  0.00000E+00  0.00000E+00  0.00000E+00  0.00000E+00  0.00000E+00  0.00000E+00  0.00000E+00  0.00000E+00  0.00000E+00  0.00000E+00  0.00000E+00  0.00000E+00  0.00000E+00  0.00000E+00  0.00000E+00  0.00000E+00  0.00000E+00  0.00000E+00
   31639   3  0.00000E+00  0.00000E+00  0.00000E+00  0.00000E+00  0.00000E+00  0.00000E+00  0.00000E+00  0.00000E+00  0.00000E+00  0.00000E+00  0.00000E+00  0.00000E+00  0.00000E+00  0.00000E+00  0.00000E+00  0.00000E+00  0.00000E+00  0.00000E+00  0.00000E+00  0.00000E+00  0.00000E+00  0.00000E+00  0.00000E+00  0.00000E+00
   13317   4  2.17602E-03  2.17602E-03  2.17602E-03  2.17602E-03  2.17602E-03  2.17602E-03  2.17602E-03  2.17602E-03  2.17602E-03  2.17602E-03  2.17602E-03  2.17602E-03  2.17602E-03  2.17602E-03  2.17602E-03  2.17602E-03  2.17602E-03  2.17602E-03  2.17602E-03  2.17602E-03  2.17602E-03  2.17602E-03  2.17602E-03  2.17602E-03
   12967   4  3.10181E-04  3.10181E-04  3.10181E-04  3.10181E-04  3.10181E-04  3.10181E-04  3.10181E-04  3.10181E-04  3.10181E-04  3.10181E-04  3.10181E-04  3.10181E-04  3.10181E-04  3.10181E-04  3.10181E-04  3.10181E-04  3.10181E-04  3.10181E-04  3.10181E-04  3.10181E-04  3.10181E-04  3.10181E-04  3.10181E-04  3.10181E-04
   12967   3  0.00000E+00  0.00000E+00  0.00000E+00  0.00000E+00  0.00000E+00  0.00000E+00  0.00000E+00  0.00000E+00  0.00000E+00  0.00000E+00  0.00000E+00  0.00000E+00  0.00000E+00  1.22300E-03  1.22300E-03  1.22300E-03  1.22300E-03  1.22300E-03  1.22300E-03  1.22300E-03  1.22300E-03  0.00000E+00  0.00000E+00  0.00000E+00
   26700   3  0.00000E+00  0.00000E+00  0.00000E+00  0.00000E+00  0.00000E+00  0.00000E+00  0.00000E+00  0.00000E+00  0.00000E+00  0.00000E+00  0.00000E+00  0.00000E+00  0.00000E+00  0.00000E+00  0.00000E+00  0.00000E+00  0.00000E+00  0.00000E+00  0.00000E+00  0.00000E+00  0.00000E+00  0.00000E+00  0.00000E+00  0.00000E+00
   16475   3  0.00000E+00  0.00000E+00  0.00000E+00  0.00000E+00  0.00000E+00  0.00000E+00  0.00000E+00  0.00000E+00  0.00000E+00  0.00000E+00  0.00000E+00  0.00000E+00  0.00000E+00  0.00000E+00  0.00000E+00  0.00000E+00  0.00000E+00  0.00000E+00  0.00000E+00  0.00000E+00  0.00000E+00  0.00000E+00  0.00000E+00  0.00000E+00
   16475   2  0.00000E+00  0.00000E+00  0.00000E+00  0.00000E+00  0.00000E+00  0.00000E+00  0.00000E+00  0.00000E+00  0.00000E+00  0.00000E+00  0.00000E+00  0.00000E+00  0.00000E+00  0.00000E+00  0.00000E+00  0.00000E+00  0.00000E+00  0.00000E+00  0.00000E+00  0.00000E+00  0.00000E+00  0.00000E+00  0.00000E+00  0.00000E+00
   16481   3  6.06731E-02  6.06731E-02  6.06731E-02  6.06731E-02  6.06731E-02  0.00000E+00  0.00000E+00  0.00000E+00  0.00000E+00  0.00000E+00  0.00000E+00  0.00000E+00  0.00000E+00  6.06731E-02  6.06731E-02  6.06731E-02  6.06731E-02  6.06731E-02  6.06731E-02  6.06731E-02  6.06731E-02  6.06731E-02  6.06731E-02  6.06731E-02
   16481   7  0.00000E+00  0.00000E+00  0.00000E+00  0.00000E+00  0.00000E+00  0.00000E+00  0.00000E+00  0.00000E+00  0.00000E+00  0.00000E+00  0.00000E+00  0.00000E+00  0.00000E+00  0.00000E+00  0.00000E+00  0.00000E+00  0.00000E+00  0.00000E+00  0.00000E+00  0.00000E+00  0.00000E+00  0.00000E+00  0.00000E+00  0.00000E+00
   25290   6  0.00000E+00  0.00000E+00  0.00000E+00  0.00000E+00  0.00000E+00  0.00000E+00  0.00000E+00  0.00000E+00  0.00000E+00  0.00000E+00  0.00000E+00  0.00000E+00  0.00000E+00  0.00000E+00  0.00000E+00  0.00000E+00  0.00000E+00  0.00000E+00  0.00000E+00  0.00000E+00  0.00000E+00  0.00000E+00  0.00000E+00  0.00000E+00
   25290   3  8.72999E-01  8.60080E-01  8.12092E-01  7.32729E-01  6.49674E-01  5.49179E-01  5.08499E-01  4.88159E-01  4.81379E-01  4.94939E-01  5.35619E-01  6.00029E-01  6.83084E-01  7.33934E-01  7.74614E-01  8.10209E-01  8.23769E-01  8.37329E-01  8.42414E-01  8.49194E-01  8.47499E-01  8.42414E-01  8.28854E-01  8.08514E-01
   26704   4  1.06348E-04  1.06348E-04  1.06348E-04  1.06348E-04  1.06348E-04  1.06348E-04  1.06348E-04  1.06348E-04  1.06348E-04  1.06348E-04  1.06348E-04  1.06348E-04  1.06348E-04  1.06348E-04  1.06348E-04  1.06348E-04  1.06348E-04  1.06348E-04  1.06348E-04  1.06348E-04  1.06348E-04  1.06348E-04  1.06348E-04  1.06348E-04
   26704   2  7.65816E+00  7.54482E+00  7.12387E+00  6.42767E+00  5.69909E+00  4.81753E+00  4.46068E+00  4.28225E+00  4.22278E+00  4.34173E+00  4.69858E+00  5.26360E+00  5.99218E+00  6.43825E+00  6.79510E+00  7.10735E+00  7.22630E+00  7.34525E+00  7.38986E+00  7.44933E+00  7.43446E+00  7.38986E+00  7.27091E+00  7.09248E+00
   20009   2  0.00000E+00  0.00000E+00  0.00000E+00  0.00000E+00  0.00000E+00  0.00000E+00  0.00000E+00  0.00000E+00  0.00000E+00  0.00000E+00  0.00000E+00  0.00000E+00  0.00000E+00  0.00000E+00  0.00000E+00  0.00000E+00  0.00000E+00  0.00000E+00  0.00000E+00  0.00000E+00  0.00000E+00  0.00000E+00  0.00000E+00  0.00000E+00
   20362   3  0.00000E+00  0.00000E+00  0.00000E+00  0.00000E+00  0.00000E+00  0.00000E+00  0.00000E+00  0.00000E+00  0.00000E+00  0.00000E+00  0.00000E+00  0.00000E+00  0.00000E+00  0.00000E+00  0.00000E+00  0.00000E+00  0.00000E+00  0.00000E+00  0.00000E+00  0.00000E+00  0.00000E+00  0.00000E+00  0.00000E+00  0.00000E+00
   20362   2  0.00000E+00  0.00000E+00  0.00000E+00  0.00000E+00  0.00000E+00  0.00000E+00  0.00000E+00  0.00000E+00  0.00000E+00  0.00000E+00  0.00000E+00  0.00000E+00  0.00000E+00  0.00000E+00  0.00000E+00  0.00000E+00  0.00000E+00  0.00000E+00  0.00000E+00  0.00000E+00  0.00000E+00  0.00000E+00  0.00000E+00  0.00000E+00
   19305   3  1.56442E-03  1.56442E-03  1.56442E-03  1.56442E-03  1.56442E-03  1.56442E-03  1.56442E-03  1.56442E-03  1.56442E-03  1.56442E-03  1.56442E-03  1.56442E-03  1.56442E-03  1.56442E-03  1.56442E-03  1.56442E-03  1.56442E-03  1.56442E-03  1.56442E-03  1.56442E-03  1.56442E-03  1.56442E-03  1.56442E-03  1.56442E-03
   19305   4  1.00444E-01  1.00444E-01  1.00444E-01  1.00444E-01  1.00444E-01  1.00444E-01  1.00444E-01  1.00444E-01  1.00444E-01  1.00444E-01  1.00444E-01  1.00444E-01  1.00444E-01  1.00444E-01  1.00444E-01  1.00444E-01  1.00444E-01  1.00444E-01  1.00444E-01  1.00444E-01  1.00444E-01  1.00444E-01  1.00444E-01  1.00444E-01
   19305   5  0.00000E+00  0.00000E+00  0.00000E+00  0.00000E+00  0.00000E+00  0.00000E+00  0.00000E+00  0.00000E+00  0.00000E+00  0.00000E+00  0.00000E+00  0.00000E+00  0.00000E+00  0.00000E+00  0.00000E+00  0.00000E+00  0.00000E+00  0.00000E+00  0.00000E+00  0.00000E+00  0.00000E+00  0.00000E+00  0.00000E+00  0.00000E+00
   19306   3  0.00000E+00  0.00000E+00  0.00000E+00  0.00000E+00  0.00000E+00  0.00000E+00  0.00000E+00  0.00000E+00  0.00000E+00  0.00000E+00  0.00000E+00  0.00000E+00  0.00000E+00  0.00000E+00  0.00000E+00  0.00000E+00  0.00000E+00  0.00000E+00  0.00000E+00  0.00000E+00  0.00000E+00  0.00000E+00  0.00000E+00  0.00000E+00
   19306   7  0.00000E+00  0.00000E+00  0.00000E+00  0.00000E+00  0.00000E+00  0.00000E+00  0.00000E+00  0.00000E+00  0.00000E+00  0.00000E+00  0.00000E+00  0.00000E+00  0.00000E+00  0.00000E+00  0.00000E+00  0.00000E+00  0.00000E+00  0.00000E+00  0.00000E+00  0.00000E+00  0.00000E+00  0.00000E+00  0.00000E+00  0.00000E+00
   29869   3  0.00000E+00  0.00000E+00  0.00000E+00  0.00000E+00  0.00000E+00  0.00000E+00  0.00000E+00  0.00000E+00  0.00000E+00  0.00000E+00  0.00000E+00  0.00000E+00  0.00000E+00  0.00000E+00  0.00000E+00  0.00000E+00  0.00000E+00  0.00000E+00  0.00000E+00  0.00000E+00  0.00000E+00  0.00000E+00  0.00000E+00  0.00000E+00
   15423   5  0.00000E+00  0.00000E+00  0.00000E+00  0.00000E+00  0.00000E+00  0.00000E+00  0.00000E+00  0.00000E+00  0.00000E+00  0.00000E+00  0.00000E+00  0.00000E+00  0.00000E+00  0.00000E+00  0.00000E+00  0.00000E+00  0.00000E+00  0.00000E+00  0.00000E+00  0.00000E+00  0.00000E+00  0.00000E+00  0.00000E+00  0.00000E+00
   15071   2  0.00000E+00  0.00000E+00  0.00000E+00  0.00000E+00  0.00000E+00  0.00000E+00  0.00000E+00  0.00000E+00  0.00000E+00  0.00000E+00  0.00000E+00  0.00000E+00  0.00000E+00  0.00000E+00  0.00000E+00  0.00000E+00  0.00000E+00  0.00000E+00  0.00000E+00  0.00000E+00  0.00000E+00  0.00000E+00  0.00000E+00  0.00000E+00
   15423   3  4.50800E-01  4.50800E-01  4.50800E-01  4.50800E-01  4.50800E-01  4.50800E-01  4.50800E-01  4.50800E-01  4.50800E-01  4.50800E-01  4.50800E-01  4.50800E-01  4.50800E-01  4.50800E-01  4.50800E-01  4.50800E-01  4.50800E-01  4.50800E-01  4.50800E-01  4.50800E-01  4.50800E-01  4.50800E-01  4.50800E-01  4.50800E-01
   15423   2  0.00000E+00  0.00000E+00  0.00000E+00  0.00000E+00  0.00000E+00  0.00000E+00  0.00000E+00  0.00000E+00  0.00000E+00  0.00000E+00  0.00000E+00  0.00000E+00  0.00000E+00  0.00000E+00  0.00000E+00  0.00000E+00  0.00000E+00  0.00000E+00  0.00000E+00  0.00000E+00  0.00000E+00  0.00000E+00  0.00000E+00  0.00000E+00
   29174   3  0.00000E+00  0.00000E+00  0.00000E+00  0.00000E+00  0.00000E+00  0.00000E+00  0.00000E+00  0.00000E+00  0.00000E+00  0.00000E+00  0.00000E+00  0.00000E+00  0.00000E+00  0.00000E+00  0.00000E+00  0.00000E+00  0.00000E+00  0.00000E+00  0.00000E+00  0.00000E+00  0.00000E+00  0.00000E+00  0.00000E+00  0.00000E+00
   29174   2  0.00000E+00  0.00000E+00  0.00000E+00  0.00000E+00  0.00000E+00  0.00000E+00  0.00000E+00  0.00000E+00  0.00000E+00  0.00000E+00  0.00000E+00  0.00000E+00  0.00000E+00  0.00000E+00  0.00000E+00  0.00000E+00  0.00000E+00  0.00000E+00  0.00000E+00  0.00000E+00  0.00000E+00  0.00000E+00  0.00000E+00  0.00000E+00
   28558   3  6.46730E-01  6.37934E-01  6.05264E-01  5.51234E-01  4.94691E-01  4.21211E-01  3.93516E-01  3.79669E-01  3.75053E-01  3.84284E-01  4.11979E-01  4.55829E-01  5.12372E-01  5.52055E-01  5.79749E-01  6.03982E-01  6.13214E-01  6.22445E-01  6.25907E-01  6.30523E-01  6.29369E-01  6.25907E-01  6.16676E-01  6.02828E-01
   28558   4  4.96996E-02  4.96996E-02  4.96996E-02  4.96996E-02  4.96996E-02  4.96996E-02  4.96996E-02  4.96996E-02  4.96996E-02  4.96996E-02  4.96996E-02  4.96996E-02  4.96996E-02  4.96996E-02  4.96996E-02  4.96996E-02  4.96996E-02  4.96996E-02  4.96996E-02  4.96996E-02  4.96996E-02  4.96996E-02  4.96996E-02  4.96996E-02
   28558   2  3.96292E-02  3.96292E-02  3.96292E-02  3.96292E-02  3.96292E-02  3.96292E-02  3.96292E-02  3.96292E-02  3.96292E-02  3.96292E-02  3.96292E-02  3.96292E-02  3.96292E-02  3.96292E-02  3.96292E-02  3.96292E-02  3.96292E-02  3.96292E-02  3.96292E-02  3.96292E-02  3.96292E-02  3.96292E-02  3.96292E-02  3.96292E-02
   28911   3  0.00000E+00  0.00000E+00  0.00000E+00  0.00000E+00  0.00000E+00  0.00000E+00  0.00000E+00  0.00000E+00  0.00000E+00  0.00000E+00  0.00000E+00  0.00000E+00  0.00000E+00  0.00000E+00  0.00000E+00  0.00000E+00  0.00000E+00  0.00000E+00  0.00000E+00  0.00000E+00  0.00000E+00  0.00000E+00  0.00000E+00  0.00000E+00
   29621   4  2.86117E-03  2.86117E-03  2.86117E-03  2.86117E-03  2.86117E-03  2.86117E-03  2.86117E-03  2.86117E-03  2.86117E-03  2.86117E-03  2.86117E-03  2.86117E-03  2.86117E-03  2.86117E-03  2.86117E-03  2.86117E-03  2.86117E-03  2.86117E-03  2.86117E-03  2.86117E-03  2.86117E-03  2.86117E-03  2.86117E-03  2.86117E-03
   29616   7  0.00000E+00  0.00000E+00  0.00000E+00  0.00000E+00  0.00000E+00  0.00000E+00  0.00000E+00  0.00000E+00  0.00000E+00  0.00000E+00  0.00000E+00  0.00000E+00  0.00000E+00  0.00000E+00  0.00000E+00  0.00000E+00  0.00000E+00  0.00000E+00  0.00000E+00  0.00000E+00  0.00000E+00  0.00000E+00  0.00000E+00  0.00000E+00
   28204   3  2.18890E-03  2.18890E-03  2.18890E-03  2.18890E-03  2.18890E-03  0.00000E+00  0.00000E+00  0.00000E+00  0.00000E+00  0.00000E+00  0.00000E+00  0.00000E+00  0.00000E+00  2.18890E-03  2.18890E-03  2.18890E-03  2.18890E-03  2.18890E-03  2.18890E-03  2.18890E-03  2.18890E-03  2.18890E-03  2.18890E-03  2.18890E-03
   28204   4  0.00000E+00  0.00000E+00  0.00000E+00  0.00000E+00  0.00000E+00  0.00000E+00  0.00000E+00  0.00000E+00  0.00000E+00  0.00000E+00  0.00000E+00  0.00000E+00  0.00000E+00  0.00000E+00  0.00000E+00  0.00000E+00  0.00000E+00  0.00000E+00  0.00000E+00  0.00000E+00  0.00000E+00  0.00000E+00  0.00000E+00  0.00000E+00
   28204   7  0.00000E+00  0.00000E+00  0.00000E+00  0.00000E+00  0.00000E+00  0.00000E+00  0.00000E+00  0.00000E+00  0.00000E+00  0.00000E+00  0.00000E+00  0.00000E+00  0.00000E+00  0.00000E+00  0.00000E+00  0.00000E+00  0.00000E+00  0.00000E+00  0.00000E+00  0.00000E+00  0.00000E+00  0.00000E+00  0.00000E+00  0.00000E+00
   28221   3  6.01749E-01  5.92844E-01  5.59767E-01  5.05062E-01  4.47813E-01  3.78544E-01  3.50503E-01  3.36483E-01  3.31810E-01  3.41157E-01  3.69197E-01  4.13594E-01  4.70843E-01  5.05893E-01  5.33933E-01  5.58469E-01  5.67815E-01  5.77162E-01  5.80667E-01  5.85340E-01  5.84172E-01  5.80667E-01  5.71320E-01  5.57300E-01
   28221   2  1.40408E+00  1.38330E+00  1.30612E+00  1.17848E+00  1.04490E+00  8.83268E-01  8.17841E-01  7.85127E-01  7.74223E-01  7.96032E-01  8.61459E-01  9.65053E-01  1.09863E+00  1.18042E+00  1.24584E+00  1.30309E+00  1.32490E+00  1.34671E+00  1.35489E+00  1.36579E+00  1.36307E+00  1.35489E+00  1.33308E+00  1.30037E+00
   36171   3  4.92423E-04  4.92423E-04  4.92423E-04  4.92423E-04  4.92423E-04  4.92423E-04  4.92423E-04  4.92423E-04  4.92423E-04  4.92423E-04  4.92423E-04  4.92423E-04  4.92423E-04  4.92423E-04  4.92423E-04  4.92423E-04  4.92423E-04  4.92423E-04  4.92423E-04  4.92423E-04  4.92423E-04  4.92423E-04  4.92423E-04  4.92423E-04
   34059   3  1.16399E-04  1.16399E-04  1.16399E-04  1.16399E-04  1.16399E-04  1.16399E-04  1.16399E-04  1.16399E-04  1.16399E-04  1.16399E-04  1.16399E-04  1.16399E-04  1.16399E-04  1.16399E-04  1.16399E-04  1.16399E-04  1.16399E-04  1.16399E-04  1.16399E-04  1.16399E-04  1.16399E-04  1.16399E-04  1.16399E-04  1.16399E-04
   34059   7  0.00000E+00  0.00000E+00  0.00000E+00  0.00000E+00  0.00000E+00  0.00000E+00  0.00000E+00  0.00000E+00  0.00000E+00  0.00000E+00  0.00000E+00  0.00000E+00  0.00000E+00  0.00000E+00  0.00000E+00  0.00000E+00  0.00000E+00  0.00000E+00  0.00000E+00  0.00000E+00  0.00000E+00  0.00000E+00  0.00000E+00  0.00000E+00
   35117   4  0.00000E+00  0.00000E+00  0.00000E+00  0.00000E+00  0.00000E+00  0.00000E+00  0.00000E+00  0.00000E+00  0.00000E+00  0.00000E+00  0.00000E+00  0.00000E+00  0.00000E+00  0.00000E+00  0.00000E+00  0.00000E+00  0.00000E+00  0.00000E+00  0.00000E+00  0.00000E+00  0.00000E+00  0.00000E+00  0.00000E+00  0.00000E+00
   37574   3  1.89546E-04  1.89546E-04  1.89546E-04  1.89546E-04  1.89546E-04  1.89546E-04  1.89546E-04  1.89546E-04  1.89546E-04  1.89546E-04  1.89546E-04  1.89546E-04  1.89546E-04  1.89546E-04  1.89546E-04  1.89546E-04  1.89546E-04  1.89546E-04  1.89546E-04  1.89546E-04  1.89546E-04  1.89546E-04  1.89546E-04  1.89546E-04
   37927   3  3.00867E-05  3.00867E-05  3.00867E-05  3.00867E-05  3.00867E-05  3.00867E-05  3.00867E-05  3.00867E-05  3.00867E-05  3.00867E-05  3.00867E-05  3.00867E-05  3.00867E-05  3.00867E-05  3.00867E-05  3.00867E-05  3.00867E-05  3.00867E-05  3.00867E-05  3.00867E-05  3.00867E-05  3.00867E-05  3.00867E-05  3.00867E-05
   34411   3  5.88751E-05  5.88751E-05  5.88751E-05  5.88751E-05  5.88751E-05  5.88751E-05  5.88751E-05  5.88751E-05  5.88751E-05  5.88751E-05  5.88751E-05  5.88751E-05  5.88751E-05  5.88751E-05  5.88751E-05  5.88751E-05  5.88751E-05  5.88751E-05  5.88751E-05  5.88751E-05  5.88751E-05  5.88751E-05  5.88751E-05  5.88751E-05
   34765   3  8.01510E-06  8.01510E-06  8.01510E-06  8.01510E-06  8.01510E-06  8.01510E-06  8.01510E-06  8.01510E-06  8.01510E-06  8.01510E-06  8.01510E-06  8.01510E-06  8.01510E-06  8.01510E-06  8.01510E-06  8.01510E-06  8.01510E-06  8.01510E-06  8.01510E-06  8.01510E-06  8.01510E-06  8.01510E-06  8.01510E-06  8.01510E-06
