HC3 ,RADM-2, Emissions
         909 ,2005-03-16_00:00:00,SAT
   47145   3  0.00000E+00  0.00000E+00  0.00000E+00  0.00000E+00  0.00000E+00  0.00000E+00  0.00000E+00  0.00000E+00  0.00000E+00  0.00000E+00  0.00000E+00  0.00000E+00  0.00000E+00  0.00000E+00  0.00000E+00  0.00000E+00  0.00000E+00  0.00000E+00  0.00000E+00  0.00000E+00  0.00000E+00  0.00000E+00  0.00000E+00  0.00000E+00
   46441   2  9.92667E+02  9.92667E+02  9.92667E+02  9.92667E+02  9.92667E+02  9.92667E+02  9.92667E+02  9.92667E+02  9.92667E+02  9.92667E+02  9.92667E+02  9.92667E+02  9.92667E+02  9.92667E+02  9.92667E+02  9.92667E+02  9.92667E+02  9.92667E+02  9.92667E+02  9.92667E+02  9.92667E+02  9.92667E+02  9.92667E+02  9.92667E+02
   46441   3  5.64067E+01  5.64067E+01  5.64067E+01  5.64067E+01  5.64067E+01  5.64067E+01  5.64067E+01  5.64067E+01  5.64067E+01  5.64067E+01  5.64067E+01  5.64067E+01  5.64067E+01  5.64067E+01  5.64067E+01  5.64067E+01  5.64067E+01  5.64067E+01  5.64067E+01  5.64067E+01  5.64067E+01  5.64067E+01  5.64067E+01  5.64067E+01
   76270   4  5.47782E+02  5.47782E+02  5.47782E+02  5.47782E+02  5.47782E+02  5.47782E+02  5.47782E+02  5.47782E+02  5.47782E+02  5.47782E+02  5.47782E+02  5.47782E+02  5.47782E+02  5.47782E+02  5.47782E+02  5.47782E+02  5.47782E+02  5.47782E+02  5.47782E+02  5.47782E+02  5.47782E+02  5.47782E+02  5.47782E+02  5.47782E+02
   76270   3  0.00000E+00  0.00000E+00  0.00000E+00  0.00000E+00  0.00000E+00  0.00000E+00  0.00000E+00  0.00000E+00  0.00000E+00  0.00000E+00  0.00000E+00  0.00000E+00  0.00000E+00  0.00000E+00  0.00000E+00  0.00000E+00  0.00000E+00  0.00000E+00  0.00000E+00  0.00000E+00  0.00000E+00  0.00000E+00  0.00000E+00  0.00000E+00
   76270   7  1.36941E+02  1.36941E+02  1.36941E+02  1.36941E+02  1.36941E+02  1.36941E+02  1.36941E+02  1.36941E+02  1.36941E+02  1.36941E+02  1.36941E+02  1.36941E+02  1.36941E+02  1.36941E+02  1.36941E+02  1.36941E+02  1.36941E+02  1.36941E+02  1.36941E+02  1.36941E+02  1.36941E+02  1.36941E+02  1.36941E+02  1.36941E+02
   79107   3  3.85807E+01  3.85807E+01  3.85807E+01  3.85807E+01  3.85807E+01  3.85807E+01  3.85807E+01  3.85807E+01  3.85807E+01  3.85807E+01  3.85807E+01  3.85807E+01  3.85807E+01  3.85807E+01  3.85807E+01  5.41981E+01  5.41981E+01  5.41981E+01  5.41981E+01  5.41981E+01  5.41981E+01  5.41981E+01  5.41981E+01  3.85807E+01
   79108   3  1.24502E-01  1.24502E-01  1.24502E-01  1.24502E-01  1.24502E-01  1.24502E-01  1.24502E-01  1.24502E-01  1.24502E-01  1.24502E-01  1.24502E-01  1.24502E-01  1.24502E-01  1.24502E-01  1.24502E-01  1.24502E-01  1.24502E-01  1.24502E-01  1.24502E-01  1.24502E-01  1.24502E-01  1.24502E-01  1.24502E-01  1.24502E-01
   72399   3  6.12025E-03  6.12025E-03  6.12025E-03  6.12025E-03  6.12025E-03  6.12025E-03  6.12025E-03  6.12025E-03  6.12025E-03  6.12025E-03  6.12025E-03  6.12025E-03  6.12025E-03  6.12025E-03  6.12025E-03  6.12025E-03  6.12025E-03  6.12025E-03  6.12025E-03  6.12025E-03  6.12025E-03  6.12025E-03  6.12025E-03  6.12025E-03
   79107   4  2.56378E+00  2.56378E+00  2.56378E+00  2.56378E+00  2.56378E+00  2.56378E+00  2.56378E+00  2.56378E+00  2.56378E+00  2.56378E+00  2.56378E+00  2.56378E+00  2.56378E+00  2.56378E+00  2.56378E+00  2.56378E+00  2.56378E+00  2.56378E+00  2.56378E+00  2.56378E+00  2.56378E+00  2.56378E+00  2.56378E+00  2.56378E+00
   79106   4  2.94944E+00  2.94944E+00  2.94944E+00  2.94944E+00  2.94944E+00  2.94944E+00  2.94944E+00  2.94944E+00  2.94944E+00  2.94944E+00  2.94944E+00  2.94944E+00  2.94944E+00  2.94944E+00  2.94944E+00  2.94944E+00  2.94944E+00  2.94944E+00  2.94944E+00  2.94944E+00  2.94944E+00  2.94944E+00  2.94944E+00  2.94944E+00
   78754   3  1.40283E-03  1.40283E-03  1.40283E-03  1.40283E-03  1.40283E-03  1.40283E-03  1.40283E-03  1.40283E-03  1.40283E-03  1.40283E-03  1.40283E-03  1.40283E-03  1.40283E-03  1.40283E-03  1.40283E-03  1.40283E-03  1.40283E-03  1.40283E-03  1.40283E-03  1.40283E-03  1.40283E-03  1.40283E-03  1.40283E-03  1.40283E-03
   78754   4  3.02047E+01  3.02047E+01  3.02047E+01  3.02047E+01  3.02047E+01  3.02047E+01  3.02047E+01  3.02047E+01  3.02047E+01  3.02047E+01  3.02047E+01  3.02047E+01  3.02047E+01  3.02047E+01  3.02047E+01  3.02047E+01  3.02047E+01  3.02047E+01  3.02047E+01  3.02047E+01  3.02047E+01  3.02047E+01  3.02047E+01  3.02047E+01
   78755   3  0.00000E+00  0.00000E+00  0.00000E+00  0.00000E+00  0.00000E+00  0.00000E+00  0.00000E+00  0.00000E+00  0.00000E+00  0.00000E+00  0.00000E+00  0.00000E+00  0.00000E+00  0.00000E+00  0.00000E+00  0.00000E+00  0.00000E+00  0.00000E+00  0.00000E+00  0.00000E+00  0.00000E+00  0.00000E+00  0.00000E+00  0.00000E+00
   79107   7  3.38519E+00  3.38519E+00  3.38519E+00  3.38519E+00  3.38519E+00  3.38519E+00  3.38519E+00  3.38519E+00  3.38519E+00  3.38519E+00  3.38519E+00  3.38519E+00  3.38519E+00  3.38519E+00  3.38519E+00  2.67182E+01  2.67182E+01  2.67182E+01  2.67182E+01  2.67182E+01  2.67182E+01  2.67182E+01  2.67182E+01  3.38519E+00
   78738   4  1.84483E-02  1.84483E-02  1.84483E-02  1.84483E-02  1.84483E-02  1.84483E-02  1.84483E-02  1.84483E-02  1.84483E-02  1.84483E-02  1.84483E-02  1.84483E-02  1.84483E-02  1.84483E-02  1.84483E-02  1.84483E-02  1.84483E-02  1.84483E-02  1.84483E-02  1.84483E-02  1.84483E-02  1.84483E-02  1.84483E-02  1.84483E-02
   78383   3  6.05880E-01  5.96913E-01  5.63609E-01  5.08529E-01  4.50887E-01  3.81142E-01  3.52909E-01  3.38793E-01  3.34088E-01  3.43498E-01  3.71731E-01  4.16433E-01  4.74075E-01  5.09366E-01  5.37599E-01  5.62302E-01  5.71713E-01  5.81124E-01  5.84653E-01  5.89359E-01  5.88182E-01  5.84653E-01  5.75242E-01  5.61126E-01
   78383   2  2.01960E-01  1.98971E-01  1.87870E-01  1.69510E-01  1.50296E-01  1.27047E-01  1.17636E-01  1.12931E-01  1.11363E-01  1.14499E-01  1.23910E-01  1.38811E-01  1.58025E-01  1.69789E-01  1.79200E-01  1.87434E-01  1.90571E-01  1.93708E-01  1.94884E-01  1.96453E-01  1.96061E-01  1.94884E-01  1.91747E-01  1.87042E-01
   78383   6  0.00000E+00  0.00000E+00  0.00000E+00  0.00000E+00  0.00000E+00  0.00000E+00  0.00000E+00  0.00000E+00  0.00000E+00  0.00000E+00  0.00000E+00  0.00000E+00  0.00000E+00  0.00000E+00  0.00000E+00  0.00000E+00  0.00000E+00  0.00000E+00  0.00000E+00  0.00000E+00  0.00000E+00  0.00000E+00  0.00000E+00  0.00000E+00
   78032   5  1.81181E+01  1.81181E+01  1.81181E+01  1.81181E+01  1.81181E+01  1.81181E+01  1.81181E+01  1.81181E+01  1.81181E+01  1.81181E+01  1.81181E+01  1.81181E+01  1.81181E+01  1.81181E+01  1.81181E+01  1.81181E+01  1.81181E+01  1.81181E+01  1.81181E+01  1.81181E+01  1.81181E+01  1.81181E+01  1.81181E+01  1.81181E+01
   51367   3  1.10881E-02  1.10881E-02  1.10881E-02  1.10881E-02  1.10881E-02  1.10881E-02  1.10881E-02  1.10881E-02  1.10881E-02  1.10881E-02  1.10881E-02  1.10881E-02  1.10881E-02  1.10881E-02  1.10881E-02  1.10881E-02  1.10881E-02  1.10881E-02  1.10881E-02  1.10881E-02  1.10881E-02  1.10881E-02  1.10881E-02  1.10881E-02
   52419   3  0.00000E+00  0.00000E+00  0.00000E+00  0.00000E+00  0.00000E+00  0.00000E+00  0.00000E+00  0.00000E+00  0.00000E+00  0.00000E+00  0.00000E+00  0.00000E+00  0.00000E+00  0.00000E+00  0.00000E+00  0.00000E+00  0.00000E+00  0.00000E+00  0.00000E+00  0.00000E+00  0.00000E+00  0.00000E+00  0.00000E+00  0.00000E+00
   47111   3  1.71780E-02  1.69237E-02  1.59795E-02  1.44179E-02  1.27836E-02  1.08062E-02  1.00057E-02  9.60549E-03  9.47208E-03  9.73890E-03  1.05394E-02  1.18067E-02  1.34410E-02  1.44416E-02  1.52420E-02  1.59424E-02  1.62093E-02  1.64761E-02  1.65761E-02  1.67095E-02  1.66762E-02  1.65761E-02  1.63093E-02  1.59091E-02
   52073   4  1.30449E-01  1.30449E-01  1.30449E-01  1.30449E-01  1.30449E-01  1.30449E-01  1.30449E-01  1.30449E-01  1.30449E-01  1.30449E-01  1.30449E-01  1.30449E-01  1.30449E-01  1.30449E-01  1.30449E-01  1.30449E-01  1.30449E-01  1.30449E-01  1.30449E-01  1.30449E-01  1.30449E-01  1.30449E-01  1.30449E-01  1.30449E-01
   52073   3  2.14724E-02  2.11547E-02  1.99744E-02  1.80223E-02  1.59795E-02  1.35077E-02  1.25071E-02  1.20069E-02  1.18401E-02  1.21736E-02  1.31742E-02  1.47584E-02  1.68013E-02  3.85824E+00  3.85924E+00  3.86011E+00  3.86045E+00  3.86078E+00  3.86091E+00  3.86107E+00  3.86103E+00  2.07202E-02  2.03866E-02  1.98864E-02
   52073   1  0.00000E+00  0.00000E+00  0.00000E+00  0.00000E+00  0.00000E+00  0.00000E+00  0.00000E+00  0.00000E+00  0.00000E+00  0.00000E+00  0.00000E+00  0.00000E+00  0.00000E+00  0.00000E+00  0.00000E+00  0.00000E+00  0.00000E+00  0.00000E+00  0.00000E+00  0.00000E+00  0.00000E+00  0.00000E+00  0.00000E+00  0.00000E+00
   52073   2  2.53240E+02  2.53240E+02  2.53240E+02  2.53240E+02  2.53240E+02  2.53240E+02  2.53240E+02  2.53240E+02  2.53240E+02  2.53240E+02  2.53240E+02  2.53240E+02  2.53240E+02  2.53240E+02  2.53240E+02  2.53240E+02  2.53240E+02  2.53240E+02  2.53240E+02  2.53240E+02  2.53240E+02  2.53240E+02  2.53240E+02  2.53240E+02
   52076   7  3.07598E+01  3.07598E+01  3.07598E+01  3.07598E+01  3.07598E+01  3.07598E+01  3.07598E+01  3.07598E+01  3.07598E+01  3.07598E+01  3.07598E+01  3.07598E+01  3.07598E+01  3.07598E+01  3.07598E+01  3.07598E+01  3.07598E+01  3.07598E+01  3.07598E+01  3.07598E+01  3.07598E+01  3.07598E+01  3.07598E+01  3.07598E+01
   56308   3  0.00000E+00  0.00000E+00  0.00000E+00  0.00000E+00  0.00000E+00  0.00000E+00  0.00000E+00  0.00000E+00  0.00000E+00  0.00000E+00  0.00000E+00  0.00000E+00  0.00000E+00  0.00000E+00  0.00000E+00  0.00000E+00  0.00000E+00  0.00000E+00  0.00000E+00  0.00000E+00  0.00000E+00  0.00000E+00  0.00000E+00  0.00000E+00
   57719   2  5.46568E-04  5.46568E-04  5.46568E-04  5.46568E-04  5.46568E-04  5.46568E-04  5.46568E-04  5.46568E-04  5.46568E-04  5.46568E-04  5.46568E-04  5.46568E-04  5.46568E-04  5.46568E-04  5.46568E-04  5.46568E-04  5.46568E-04  5.46568E-04  5.46568E-04  5.46568E-04  5.46568E-04  5.46568E-04  5.46568E-04  5.46568E-04
   58787   3  0.00000E+00  0.00000E+00  0.00000E+00  0.00000E+00  0.00000E+00  0.00000E+00  0.00000E+00  0.00000E+00  0.00000E+00  0.00000E+00  0.00000E+00  0.00000E+00  0.00000E+00  0.00000E+00  0.00000E+00  0.00000E+00  0.00000E+00  0.00000E+00  0.00000E+00  0.00000E+00  0.00000E+00  0.00000E+00  0.00000E+00  0.00000E+00
   58787   2  2.07338E+00  2.04270E+00  1.92873E+00  1.74024E+00  1.54298E+00  1.30431E+00  1.20769E+00  1.15938E+00  1.14328E+00  1.17549E+00  1.27210E+00  1.42507E+00  1.62233E+00  1.74310E+00  1.83971E+00  1.92425E+00  1.95646E+00  1.98866E+00  2.00074E+00  2.01684E+00  2.01282E+00  2.00074E+00  1.96853E+00  1.92023E+00
   52405   4  0.00000E+00  0.00000E+00  0.00000E+00  0.00000E+00  0.00000E+00  0.00000E+00  0.00000E+00  0.00000E+00  0.00000E+00  0.00000E+00  0.00000E+00  0.00000E+00  0.00000E+00  0.00000E+00  0.00000E+00  0.00000E+00  0.00000E+00  0.00000E+00  0.00000E+00  0.00000E+00  0.00000E+00  0.00000E+00  0.00000E+00  0.00000E+00
   53828   3  0.00000E+00  0.00000E+00  0.00000E+00  0.00000E+00  0.00000E+00  0.00000E+00  0.00000E+00  0.00000E+00  0.00000E+00  0.00000E+00  0.00000E+00  0.00000E+00  0.00000E+00  0.00000E+00  0.00000E+00  0.00000E+00  0.00000E+00  0.00000E+00  0.00000E+00  0.00000E+00  0.00000E+00  0.00000E+00  0.00000E+00  0.00000E+00
   59849   3  2.60420E-01  2.60420E-01  2.60420E-01  2.60420E-01  2.60420E-01  2.60420E-01  2.60420E-01  2.60420E-01  2.60420E-01  2.60420E-01  2.60420E-01  2.60420E-01  2.60420E-01  2.60420E-01  2.60420E-01  2.60420E-01  2.60420E-01  2.60420E-01  2.60420E-01  2.60420E-01  2.60420E-01  2.60420E-01  2.60420E-01  2.60420E-01
   59849   4  1.14599E+00  1.14599E+00  1.14599E+00  1.14599E+00  1.14599E+00  1.14599E+00  1.14599E+00  1.14599E+00  1.14599E+00  1.14599E+00  1.14599E+00  1.14599E+00  1.14599E+00  1.14599E+00  1.14599E+00  1.14599E+00  1.14599E+00  1.14599E+00  1.14599E+00  1.14599E+00  1.14599E+00  1.14599E+00  1.14599E+00  1.14599E+00
   46431   3  3.54850E-04  3.54850E-04  3.54850E-04  3.54850E-04  3.54850E-04  3.54850E-04  3.54850E-04  3.54850E-04  3.54850E-04  3.54850E-04  3.54850E-04  3.54850E-04  3.54850E-04  3.54850E-04  3.54850E-04  3.54850E-04  3.54850E-04  3.54850E-04  3.54850E-04  3.54850E-04  3.54850E-04  3.54850E-04  3.54850E-04  3.54850E-04
   46078   4  8.46645E-01  8.46645E-01  8.46645E-01  8.46645E-01  8.46645E-01  8.46645E-01  8.46645E-01  8.46645E-01  8.46645E-01  8.46645E-01  8.46645E-01  8.46645E-01  8.46645E-01  8.46645E-01  8.46645E-01  8.46645E-01  8.46645E-01  8.46645E-01  8.46645E-01  8.46645E-01  8.46645E-01  8.46645E-01  8.46645E-01  8.46645E-01
   46078   3  0.00000E+00  0.00000E+00  0.00000E+00  0.00000E+00  0.00000E+00  0.00000E+00  0.00000E+00  0.00000E+00  0.00000E+00  0.00000E+00  0.00000E+00  0.00000E+00  0.00000E+00  0.00000E+00  0.00000E+00  0.00000E+00  0.00000E+00  0.00000E+00  0.00000E+00  0.00000E+00  0.00000E+00  0.00000E+00  0.00000E+00  0.00000E+00
   46078   7  0.00000E+00  0.00000E+00  0.00000E+00  0.00000E+00  0.00000E+00  0.00000E+00  0.00000E+00  0.00000E+00  0.00000E+00  0.00000E+00  0.00000E+00  0.00000E+00  0.00000E+00  6.26219E+01  6.26219E+01  6.26219E+01  6.26219E+01  6.26219E+01  6.26219E+01  6.26219E+01  6.26219E+01  0.00000E+00  0.00000E+00  0.00000E+00
   47835   2  5.08362E+00  5.08362E+00  5.08362E+00  5.08362E+00  5.08362E+00  5.08362E+00  5.08362E+00  5.08362E+00  5.08362E+00  5.08362E+00  5.08362E+00  5.08362E+00  5.08362E+00  5.08362E+00  5.08362E+00  5.08362E+00  5.08362E+00  5.08362E+00  5.08362E+00  5.08362E+00  5.08362E+00  5.08362E+00  5.08362E+00  5.08362E+00
   47835   8  4.34249E-01  4.34249E-01  4.34249E-01  4.34249E-01  4.34249E-01  4.34249E-01  4.34249E-01  4.34249E-01  4.34249E-01  4.34249E-01  4.34249E-01  4.34249E-01  4.34249E-01  4.34249E-01  4.34249E-01  4.34249E-01  4.34249E-01  4.34249E-01  4.34249E-01  4.34249E-01  4.34249E-01  4.34249E-01  4.34249E-01  4.34249E-01
   47835   3  1.25883E-01  1.25883E-01  1.25883E-01  1.25883E-01  1.25883E-01  1.25883E-01  1.25883E-01  1.25883E-01  1.25883E-01  1.25883E-01  1.25883E-01  1.25883E-01  1.25883E-01  1.25883E-01  1.25883E-01  1.25883E-01  1.25883E-01  1.25883E-01  1.25883E-01  1.25883E-01  1.25883E-01  1.25883E-01  1.25883E-01  1.25883E-01
   56665   7  2.95377E+01  2.95377E+01  2.95377E+01  2.95377E+01  2.95377E+01  2.95377E+01  2.95377E+01  2.95377E+01  2.95377E+01  2.95377E+01  2.95377E+01  2.95377E+01  2.95377E+01  2.95377E+01  2.95377E+01  2.95377E+01  2.95377E+01  2.95377E+01  2.95377E+01  2.95377E+01  2.95377E+01  2.95377E+01  2.95377E+01  2.95377E+01
   45724   4  1.09137E+00  1.09137E+00  1.09137E+00  1.09137E+00  1.09137E+00  1.09137E+00  1.09137E+00  1.09137E+00  1.09137E+00  1.09137E+00  1.09137E+00  1.09137E+00  1.09137E+00  1.09137E+00  1.09137E+00  1.09137E+00  1.09137E+00  1.09137E+00  1.09137E+00  1.09137E+00  1.09137E+00  1.09137E+00  1.09137E+00  1.09137E+00
   45724   3  7.75571E-03  7.75571E-03  7.75571E-03  7.75571E-03  7.75571E-03  7.75571E-03  7.75571E-03  7.75571E-03  7.75571E-03  7.75571E-03  7.75571E-03  7.75571E-03  7.75571E-03  3.72110E-02  3.72110E-02  3.72110E-02  3.72110E-02  3.72110E-02  3.72110E-02  3.72110E-02  3.72110E-02  7.75571E-03  7.75571E-03  7.75571E-03
   44664   7  0.00000E+00  0.00000E+00  0.00000E+00  0.00000E+00  0.00000E+00  0.00000E+00  0.00000E+00  0.00000E+00  0.00000E+00  0.00000E+00  0.00000E+00  0.00000E+00  0.00000E+00  4.52558E-01  4.52558E-01  4.52558E-01  4.52558E-01  4.52558E-01  4.52558E-01  4.52558E-01  4.52558E-01  0.00000E+00  0.00000E+00  0.00000E+00
   45724   7  3.99424E+01  3.99424E+01  3.99424E+01  3.99424E+01  3.99424E+01  3.99424E+01  3.99424E+01  3.99424E+01  3.99424E+01  3.99424E+01  3.99424E+01  3.99424E+01  3.99424E+01  3.99424E+01  3.99424E+01  3.99424E+01  3.99424E+01  3.99424E+01  3.99424E+01  3.99424E+01  3.99424E+01  3.99424E+01  3.99424E+01  3.99424E+01
   56311   3  1.42069E+01  1.42069E+01  1.42069E+01  1.42069E+01  1.42069E+01  1.42069E+01  1.42069E+01  1.42069E+01  1.42069E+01  1.42069E+01  1.42069E+01  1.42069E+01  1.42069E+01  1.42069E+01  1.42069E+01  1.42069E+01  1.42069E+01  1.42069E+01  1.42069E+01  1.42069E+01  1.42069E+01  1.42069E+01  1.42069E+01  1.42069E+01
   46050   3  2.22276E+00  2.22276E+00  2.22276E+00  2.22276E+00  2.22276E+00  2.22276E+00  2.22276E+00  2.22276E+00  2.22276E+00  2.22276E+00  2.22276E+00  2.22276E+00  2.22276E+00  2.27363E+00  2.27363E+00  2.27363E+00  2.27363E+00  2.27363E+00  2.27363E+00  2.27363E+00  2.27363E+00  2.22276E+00  2.22276E+00  2.22276E+00
   46050   4  6.80971E-01  6.80971E-01  6.80971E-01  6.80971E-01  6.80971E-01  6.80971E-01  6.80971E-01  6.80971E-01  6.80971E-01  6.80971E-01  6.80971E-01  6.80971E-01  6.80971E-01  6.80971E-01  6.80971E-01  6.80971E-01  6.80971E-01  6.80971E-01  6.80971E-01  6.80971E-01  6.80971E-01  6.80971E-01  6.80971E-01  6.80971E-01
   46050   2  0.00000E+00  0.00000E+00  0.00000E+00  0.00000E+00  0.00000E+00  0.00000E+00  0.00000E+00  0.00000E+00  0.00000E+00  0.00000E+00  0.00000E+00  0.00000E+00  0.00000E+00  0.00000E+00  0.00000E+00  0.00000E+00  0.00000E+00  0.00000E+00  0.00000E+00  0.00000E+00  0.00000E+00  0.00000E+00  0.00000E+00  0.00000E+00
   46051   4  0.00000E+00  0.00000E+00  0.00000E+00  0.00000E+00  0.00000E+00  0.00000E+00  0.00000E+00  0.00000E+00  0.00000E+00  0.00000E+00  0.00000E+00  0.00000E+00  0.00000E+00  0.00000E+00  0.00000E+00  0.00000E+00  0.00000E+00  0.00000E+00  0.00000E+00  0.00000E+00  0.00000E+00  0.00000E+00  0.00000E+00  0.00000E+00
   71070   3  0.00000E+00  0.00000E+00  0.00000E+00  0.00000E+00  0.00000E+00  0.00000E+00  0.00000E+00  0.00000E+00  0.00000E+00  0.00000E+00  0.00000E+00  0.00000E+00  0.00000E+00  0.00000E+00  0.00000E+00  0.00000E+00  0.00000E+00  0.00000E+00  0.00000E+00  0.00000E+00  0.00000E+00  0.00000E+00  0.00000E+00  0.00000E+00
   55562   4  9.82106E-01  9.82106E-01  9.82106E-01  9.82106E-01  9.82106E-01  9.82106E-01  9.82106E-01  9.82106E-01  9.82106E-01  9.82106E-01  9.82106E-01  9.82106E-01  9.82106E-01  9.82106E-01  9.82106E-01  9.82106E-01  9.82106E-01  9.82106E-01  9.82106E-01  9.82106E-01  9.82106E-01  9.82106E-01  9.82106E-01  9.82106E-01
   59075   4  0.00000E+00  0.00000E+00  0.00000E+00  0.00000E+00  0.00000E+00  0.00000E+00  0.00000E+00  0.00000E+00  0.00000E+00  0.00000E+00  0.00000E+00  0.00000E+00  0.00000E+00  0.00000E+00  0.00000E+00  0.00000E+00  0.00000E+00  0.00000E+00  0.00000E+00  0.00000E+00  0.00000E+00  0.00000E+00  0.00000E+00  0.00000E+00
   57669   3  0.00000E+00  0.00000E+00  0.00000E+00  0.00000E+00  0.00000E+00  0.00000E+00  0.00000E+00  0.00000E+00  0.00000E+00  0.00000E+00  0.00000E+00  0.00000E+00  0.00000E+00  0.00000E+00  0.00000E+00  0.00000E+00  0.00000E+00  0.00000E+00  0.00000E+00  0.00000E+00  0.00000E+00  0.00000E+00  0.00000E+00  0.00000E+00
   59789   3  2.80365E+00  2.80363E+00  2.80359E+00  2.80345E+00  2.80323E+00  2.80300E+00  1.41953E-02  1.40810E-02  1.40238E-02  1.40048E-02  1.40429E-02  1.41572E-02  1.43383E-02  1.45717E-02  3.08581E+01  3.08582E+01  3.08583E+01  3.08583E+01  3.08583E+01  3.08584E+01  3.08584E+01  3.08584E+01  2.80354E+00  2.80350E+00
   59789   4  1.07163E+00  1.07163E+00  1.07163E+00  1.07163E+00  1.07163E+00  1.07163E+00  1.07163E+00  1.07163E+00  1.07163E+00  1.07163E+00  1.07163E+00  1.07163E+00  1.07163E+00  1.07163E+00  1.07163E+00  1.07163E+00  1.07163E+00  1.07163E+00  1.07163E+00  1.07163E+00  1.07163E+00  1.07163E+00  1.07163E+00  1.07163E+00
   59437   5  4.42387E+00  4.42387E+00  4.42387E+00  4.42387E+00  4.42387E+00  4.42387E+00  4.42387E+00  4.42387E+00  4.42387E+00  4.42387E+00  4.42387E+00  4.42387E+00  4.42387E+00  4.42387E+00  4.42387E+00  4.42387E+00  4.42387E+00  4.42387E+00  4.42387E+00  4.42387E+00  4.42387E+00  4.42387E+00  4.42387E+00  4.42387E+00
   57677   2  4.59558E+00  4.55704E+00  4.48960E+00  4.23911E+00  3.82483E+00  3.39129E+00  2.86671E+00  2.65436E+00  2.54818E+00  2.51279E+00  2.58357E+00  2.79592E+00  3.13214E+00  3.56569E+00  3.83112E+00  4.04347E+00  4.22928E+00  4.30006E+00  4.37084E+00  4.39739E+00  4.43278E+00  4.42393E+00  4.39739E+00  4.32660E+00
   57677   4  0.00000E+00  0.00000E+00  0.00000E+00  0.00000E+00  0.00000E+00  0.00000E+00  0.00000E+00  0.00000E+00  0.00000E+00  0.00000E+00  0.00000E+00  0.00000E+00  0.00000E+00  0.00000E+00  0.00000E+00  0.00000E+00  0.00000E+00  0.00000E+00  0.00000E+00  0.00000E+00  0.00000E+00  0.00000E+00  0.00000E+00  0.00000E+00
   57677   3  0.00000E+00  0.00000E+00  0.00000E+00  0.00000E+00  0.00000E+00  0.00000E+00  0.00000E+00  0.00000E+00  0.00000E+00  0.00000E+00  0.00000E+00  0.00000E+00  0.00000E+00  0.00000E+00  0.00000E+00  0.00000E+00  0.00000E+00  0.00000E+00  0.00000E+00  0.00000E+00  0.00000E+00  0.00000E+00  0.00000E+00  0.00000E+00
   52380   7  1.68821E+01  1.68821E+01  1.68821E+01  1.68821E+01  1.68821E+01  1.68821E+01  1.68821E+01  1.68821E+01  1.68821E+01  1.68821E+01  1.68821E+01  1.68821E+01  1.68821E+01  1.68821E+01  1.68821E+01  1.68821E+01  1.68821E+01  1.68821E+01  1.68821E+01  1.68821E+01  1.68821E+01  1.68821E+01  1.68821E+01  1.68821E+01
   52380   3  0.00000E+00  0.00000E+00  0.00000E+00  0.00000E+00  0.00000E+00  0.00000E+00  0.00000E+00  0.00000E+00  0.00000E+00  0.00000E+00  0.00000E+00  0.00000E+00  0.00000E+00  0.00000E+00  2.03509E-01  2.03509E-01  2.03509E-01  2.03509E-01  2.03509E-01  2.03509E-01  2.03509E-01  2.03509E-01  0.00000E+00  0.00000E+00
   73199   3  1.31269E+00  1.31269E+00  1.31269E+00  1.31269E+00  1.31269E+00  1.31269E+00  1.31269E+00  1.31269E+00  1.31269E+00  1.31269E+00  1.31269E+00  1.31269E+00  1.31269E+00  1.31269E+00  4.58593E+01  4.58593E+01  4.58593E+01  4.58593E+01  4.58593E+01  4.58593E+01  4.58593E+01  4.58593E+01  1.31269E+00  1.31269E+00
   71434   3  4.13233E-01  4.09768E-01  4.03703E-01  3.81179E-01  3.43928E-01  3.04943E-01  2.57773E-01  2.38679E-01  2.29132E-01  2.25949E-01  2.32314E-01  2.51409E-01  2.81641E-01  3.20625E-01  3.44493E-01  3.63588E-01  3.80295E-01  3.86660E-01  3.93025E-01  3.95412E-01  3.98594E-01  3.97798E-01  3.95412E-01  3.89047E-01
   71434   2  4.40612E+00  4.38447E+00  4.34660E+00  4.20590E+00  3.97322E+00  3.72971E+00  3.43508E+00  3.31581E+00  3.25618E+00  3.23630E+00  3.27605E+00  3.39532E+00  3.58416E+00  3.82767E+00  3.97675E+00  4.09602E+00  4.20038E+00  4.24014E+00  4.27989E+00  4.29480E+00  4.31468E+00  4.30971E+00  4.29480E+00  4.25505E+00
   73199   2  4.12723E+01  4.12723E+01  4.12723E+01  4.12723E+01  4.12723E+01  4.12723E+01  0.00000E+00  0.00000E+00  0.00000E+00  0.00000E+00  0.00000E+00  0.00000E+00  0.00000E+00  0.00000E+00  4.12723E+01  4.12723E+01  4.12723E+01  4.12723E+01  4.12723E+01  4.12723E+01  4.12723E+01  4.12723E+01  4.12723E+01  4.12723E+01
   73199   4  6.08798E+01  6.08798E+01  6.08798E+01  6.08798E+01  6.08798E+01  6.08798E+01  6.08798E+01  6.08798E+01  6.08798E+01  6.08798E+01  6.08798E+01  6.08798E+01  6.08798E+01  6.08798E+01  6.08798E+01  6.08798E+01  6.08798E+01  6.08798E+01  6.08798E+01  6.08798E+01  6.08798E+01  6.08798E+01  6.08798E+01  6.08798E+01
   72847   4  6.06586E-01  6.06586E-01  6.06586E-01  6.06586E-01  6.06586E-01  6.06586E-01  6.06586E-01  6.06586E-01  6.06586E-01  6.06586E-01  6.06586E-01  6.06586E-01  6.06586E-01  6.06586E-01  6.06586E-01  6.06586E-01  6.06586E-01  6.06586E-01  6.06586E-01  6.06586E-01  6.06586E-01  6.06586E-01  6.06586E-01  6.06586E-01
   72846   3  0.00000E+00  0.00000E+00  0.00000E+00  0.00000E+00  0.00000E+00  0.00000E+00  0.00000E+00  0.00000E+00  0.00000E+00  0.00000E+00  0.00000E+00  0.00000E+00  0.00000E+00  0.00000E+00  3.05161E-01  3.05161E-01  3.05161E-01  3.05161E-01  3.05161E-01  3.05161E-01  3.05161E-01  3.05161E-01  0.00000E+00  0.00000E+00
   72846   4  0.00000E+00  0.00000E+00  0.00000E+00  0.00000E+00  0.00000E+00  0.00000E+00  0.00000E+00  0.00000E+00  0.00000E+00  0.00000E+00  0.00000E+00  0.00000E+00  0.00000E+00  0.00000E+00  0.00000E+00  0.00000E+00  0.00000E+00  0.00000E+00  0.00000E+00  0.00000E+00  0.00000E+00  0.00000E+00  0.00000E+00  0.00000E+00
   73200   4  2.05196E+01  2.05196E+01  2.05196E+01  2.05196E+01  2.05196E+01  2.05196E+01  2.05196E+01  2.05196E+01  2.05196E+01  2.05196E+01  2.05196E+01  2.05196E+01  2.05196E+01  2.05196E+01  2.05196E+01  2.05196E+01  2.05196E+01  2.05196E+01  2.05196E+01  2.05196E+01  2.05196E+01  2.05196E+01  2.05196E+01  2.05196E+01
   72845   4  1.22948E+00  1.22948E+00  1.22948E+00  1.22948E+00  1.22948E+00  1.22948E+00  1.22948E+00  1.22948E+00  1.22948E+00  1.22948E+00  1.22948E+00  1.22948E+00  1.22948E+00  1.22948E+00  1.22948E+00  1.22948E+00  1.22948E+00  1.22948E+00  1.22948E+00  1.22948E+00  1.22948E+00  1.22948E+00  1.22948E+00  1.22948E+00
   72139   7  1.28452E+02  1.28452E+02  1.28452E+02  1.28452E+02  1.28452E+02  1.28452E+02  1.28452E+02  1.28452E+02  1.28452E+02  1.28452E+02  1.28452E+02  1.28452E+02  1.28452E+02  1.28452E+02  1.28452E+02  1.28452E+02  1.28452E+02  1.28452E+02  1.28452E+02  1.28452E+02  1.28452E+02  1.28452E+02  1.28452E+02  1.28452E+02
   57997   3  2.78193E-03  2.78193E-03  2.78193E-03  2.78193E-03  2.78193E-03  2.78193E-03  2.78193E-03  2.78193E-03  2.78193E-03  2.78193E-03  2.78193E-03  2.78193E-03  2.78193E-03  2.78193E-03  2.78193E-03  2.78193E-03  2.78193E-03  2.78193E-03  2.78193E-03  2.78193E-03  2.78193E-03  2.78193E-03  2.78193E-03  2.78193E-03
   51672   3  0.00000E+00  0.00000E+00  0.00000E+00  0.00000E+00  0.00000E+00  0.00000E+00  0.00000E+00  0.00000E+00  0.00000E+00  0.00000E+00  0.00000E+00  0.00000E+00  0.00000E+00  0.00000E+00  0.00000E+00  0.00000E+00  0.00000E+00  0.00000E+00  0.00000E+00  0.00000E+00  0.00000E+00  0.00000E+00  0.00000E+00  0.00000E+00
   56265   3  1.66916E-03  1.66916E-03  1.66916E-03  1.66916E-03  1.66916E-03  1.66916E-03  1.66916E-03  1.66916E-03  1.66916E-03  1.66916E-03  1.66916E-03  1.66916E-03  1.66916E-03  1.66916E-03  1.66916E-03  1.66916E-03  1.66916E-03  1.66916E-03  1.66916E-03  1.66916E-03  1.66916E-03  1.66916E-03  1.66916E-03  1.66916E-03
   46793   2  2.88157E-01  2.83892E-01  2.68053E-01  2.41857E-01  2.14442E-01  1.81271E-01  1.67844E-01  1.61130E-01  1.58892E-01  1.63368E-01  1.76796E-01  1.98056E-01  2.25470E-01  2.42255E-01  2.55682E-01  2.67431E-01  2.71907E-01  2.76383E-01  2.78061E-01  2.80299E-01  2.79740E-01  2.78061E-01  2.73585E-01  2.66872E-01
   47145   7  1.95509E-02  1.95509E-02  1.95509E-02  1.95509E-02  1.95509E-02  0.00000E+00  0.00000E+00  0.00000E+00  0.00000E+00  0.00000E+00  0.00000E+00  0.00000E+00  1.95509E-02  1.95509E-02  1.95509E-02  1.95509E-02  1.95509E-02  1.95509E-02  1.95509E-02  1.95509E-02  1.95509E-02  1.95509E-02  1.95509E-02  1.95509E-02
   47145   4  0.00000E+00  0.00000E+00  0.00000E+00  0.00000E+00  0.00000E+00  0.00000E+00  0.00000E+00  0.00000E+00  0.00000E+00  0.00000E+00  0.00000E+00  0.00000E+00  0.00000E+00  0.00000E+00  0.00000E+00  0.00000E+00  0.00000E+00  0.00000E+00  0.00000E+00  0.00000E+00  0.00000E+00  0.00000E+00  0.00000E+00  0.00000E+00
   46441   1  1.94237E+02  1.94237E+02  1.94237E+02  1.94237E+02  1.94237E+02  1.94237E+02  1.94237E+02  1.94237E+02  1.94237E+02  1.94237E+02  1.94237E+02  1.94237E+02  1.94237E+02  1.94237E+02  1.94237E+02  1.94237E+02  1.94237E+02  1.94237E+02  1.94237E+02  1.94237E+02  1.94237E+02  1.94237E+02  1.94237E+02  1.94237E+02
   46089   7  5.93504E+00  5.93504E+00  5.93504E+00  5.93504E+00  5.93504E+00  5.93504E+00  5.93504E+00  5.93504E+00  5.93504E+00  5.93504E+00  5.93504E+00  5.93504E+00  5.93504E+00  5.93504E+00  5.93504E+00  5.93504E+00  5.93504E+00  5.93504E+00  5.93504E+00  5.93504E+00  5.93504E+00  5.93504E+00  5.93504E+00  5.93504E+00
   47851   4  1.50016E-02  1.50016E-02  1.50016E-02  1.50016E-02  1.50016E-02  1.50016E-02  1.50016E-02  1.50016E-02  1.50016E-02  1.50016E-02  1.50016E-02  1.50016E-02  1.50016E-02  1.50016E-02  1.50016E-02  1.50016E-02  1.50016E-02  1.50016E-02  1.50016E-02  1.50016E-02  1.50016E-02  1.50016E-02  1.50016E-02  1.50016E-02
   47851   3  0.00000E+00  0.00000E+00  0.00000E+00  0.00000E+00  0.00000E+00  0.00000E+00  0.00000E+00  0.00000E+00  0.00000E+00  0.00000E+00  0.00000E+00  0.00000E+00  0.00000E+00  0.00000E+00  0.00000E+00  0.00000E+00  0.00000E+00  0.00000E+00  0.00000E+00  0.00000E+00  0.00000E+00  0.00000E+00  0.00000E+00  0.00000E+00
   47493   3  1.34909E-01  1.34909E-01  1.34909E-01  1.34909E-01  1.34909E-01  1.34909E-01  1.34909E-01  1.34909E-01  1.34909E-01  1.34909E-01  1.34909E-01  1.34909E-01  1.34909E-01  1.69343E-01  1.69343E-01  1.69343E-01  1.69343E-01  1.69343E-01  1.69343E-01  1.69343E-01  1.69343E-01  1.34909E-01  1.34909E-01  1.34909E-01
   47493   4  0.00000E+00  0.00000E+00  0.00000E+00  0.00000E+00  0.00000E+00  0.00000E+00  0.00000E+00  0.00000E+00  0.00000E+00  0.00000E+00  0.00000E+00  0.00000E+00  0.00000E+00  0.00000E+00  0.00000E+00  0.00000E+00  0.00000E+00  0.00000E+00  0.00000E+00  0.00000E+00  0.00000E+00  0.00000E+00  0.00000E+00  0.00000E+00
   47141   4  0.00000E+00  0.00000E+00  0.00000E+00  0.00000E+00  0.00000E+00  0.00000E+00  0.00000E+00  0.00000E+00  0.00000E+00  0.00000E+00  0.00000E+00  0.00000E+00  0.00000E+00  0.00000E+00  0.00000E+00  0.00000E+00  0.00000E+00  0.00000E+00  0.00000E+00  0.00000E+00  0.00000E+00  0.00000E+00  0.00000E+00  0.00000E+00
   47142   4  0.00000E+00  0.00000E+00  0.00000E+00  0.00000E+00  0.00000E+00  0.00000E+00  0.00000E+00  0.00000E+00  0.00000E+00  0.00000E+00  0.00000E+00  0.00000E+00  0.00000E+00  0.00000E+00  0.00000E+00  0.00000E+00  0.00000E+00  0.00000E+00  0.00000E+00  0.00000E+00  0.00000E+00  0.00000E+00  0.00000E+00  0.00000E+00
   47141   3  1.13835E+00  1.13835E+00  1.13835E+00  1.13835E+00  1.13835E+00  1.13835E+00  1.13835E+00  1.13835E+00  1.13835E+00  1.13835E+00  1.13835E+00  1.13835E+00  1.13835E+00  1.13835E+00  1.13835E+00  1.13835E+00  1.13835E+00  1.13835E+00  1.13835E+00  1.13835E+00  1.13835E+00  1.13835E+00  1.13835E+00  1.13835E+00
   47494   3  0.00000E+00  0.00000E+00  0.00000E+00  0.00000E+00  0.00000E+00  0.00000E+00  0.00000E+00  0.00000E+00  0.00000E+00  0.00000E+00  0.00000E+00  0.00000E+00  0.00000E+00  0.00000E+00  0.00000E+00  0.00000E+00  0.00000E+00  0.00000E+00  0.00000E+00  0.00000E+00  0.00000E+00  0.00000E+00  0.00000E+00  0.00000E+00
   46790   4  5.48840E-01  5.48840E-01  5.48840E-01  5.48840E-01  5.48840E-01  5.48840E-01  5.48840E-01  5.48840E-01  5.48840E-01  5.48840E-01  5.48840E-01  5.48840E-01  5.48840E-01  5.48840E-01  5.48840E-01  5.48840E-01  5.48840E-01  5.48840E-01  5.48840E-01  5.48840E-01  5.48840E-01  5.48840E-01  5.48840E-01  5.48840E-01
   46790   3  0.00000E+00  0.00000E+00  0.00000E+00  0.00000E+00  0.00000E+00  0.00000E+00  0.00000E+00  0.00000E+00  0.00000E+00  0.00000E+00  0.00000E+00  0.00000E+00  0.00000E+00  0.00000E+00  0.00000E+00  0.00000E+00  0.00000E+00  0.00000E+00  0.00000E+00  0.00000E+00  0.00000E+00  0.00000E+00  0.00000E+00  0.00000E+00
   47143   4  0.00000E+00  0.00000E+00  0.00000E+00  0.00000E+00  0.00000E+00  0.00000E+00  0.00000E+00  0.00000E+00  0.00000E+00  0.00000E+00  0.00000E+00  0.00000E+00  0.00000E+00  0.00000E+00  0.00000E+00  0.00000E+00  0.00000E+00  0.00000E+00  0.00000E+00  0.00000E+00  0.00000E+00  0.00000E+00  0.00000E+00  0.00000E+00
   47497   7  0.00000E+00  0.00000E+00  0.00000E+00  0.00000E+00  0.00000E+00  0.00000E+00  0.00000E+00  0.00000E+00  0.00000E+00  0.00000E+00  0.00000E+00  0.00000E+00  0.00000E+00  6.26695E+00  6.26695E+00  6.26695E+00  6.26695E+00  6.26695E+00  6.26695E+00  6.26695E+00  6.26695E+00  0.00000E+00  0.00000E+00  0.00000E+00
   47143   3  0.00000E+00  0.00000E+00  0.00000E+00  0.00000E+00  0.00000E+00  0.00000E+00  0.00000E+00  0.00000E+00  0.00000E+00  0.00000E+00  0.00000E+00  0.00000E+00  0.00000E+00  0.00000E+00  0.00000E+00  0.00000E+00  0.00000E+00  0.00000E+00  0.00000E+00  0.00000E+00  0.00000E+00  0.00000E+00  0.00000E+00  0.00000E+00
   46792   4  0.00000E+00  0.00000E+00  0.00000E+00  0.00000E+00  0.00000E+00  0.00000E+00  0.00000E+00  0.00000E+00  0.00000E+00  0.00000E+00  0.00000E+00  0.00000E+00  0.00000E+00  0.00000E+00  0.00000E+00  0.00000E+00  0.00000E+00  0.00000E+00  0.00000E+00  0.00000E+00  0.00000E+00  0.00000E+00  0.00000E+00  0.00000E+00
   46792   3  0.00000E+00  0.00000E+00  0.00000E+00  0.00000E+00  0.00000E+00  0.00000E+00  0.00000E+00  0.00000E+00  0.00000E+00  0.00000E+00  0.00000E+00  0.00000E+00  0.00000E+00  3.00712E+00  3.00712E+00  3.00712E+00  3.00712E+00  3.00712E+00  3.00712E+00  3.00712E+00  3.00712E+00  0.00000E+00  0.00000E+00  0.00000E+00
   46791   3  6.26271E+00  6.26200E+00  6.25937E+00  6.25502E+00  6.25046E+00  6.24496E+00  6.24273E+00  6.24161E+00  6.24124E+00  6.24198E+00  6.24421E+00  6.24774E+00  6.25230E+00  8.78698E+00  8.78921E+00  8.79116E+00  8.79190E+00  8.79264E+00  8.79292E+00  8.79329E+00  8.79320E+00  6.26103E+00  6.26029E+00  6.25917E+00
   46791   8  1.32269E-01  1.32269E-01  1.32269E-01  1.32269E-01  1.32269E-01  1.32269E-01  1.32269E-01  1.32269E-01  1.32269E-01  1.32269E-01  1.32269E-01  1.32269E-01  1.32269E-01  1.32269E-01  1.32269E-01  1.32269E-01  1.32269E-01  1.32269E-01  1.32269E-01  1.32269E-01  1.32269E-01  1.32269E-01  1.32269E-01  1.32269E-01
   46791   2  2.40754E+00  2.37191E+00  2.23958E+00  2.02071E+00  1.79166E+00  1.51452E+00  1.40233E+00  1.34624E+00  1.32754E+00  1.36494E+00  1.47712E+00  1.65475E+00  1.88380E+00  2.02403E+00  2.13622E+00  2.23438E+00  2.27178E+00  2.30917E+00  2.32320E+00  2.34189E+00  2.33722E+00  2.32320E+00  2.28580E+00  2.22971E+00
   46791   4  9.76076E+01  9.76076E+01  9.76076E+01  9.76076E+01  9.76076E+01  9.76076E+01  9.76076E+01  9.76076E+01  9.76076E+01  9.76076E+01  9.76076E+01  9.76076E+01  9.76076E+01  9.76076E+01  9.76076E+01  9.76076E+01  9.76076E+01  9.76076E+01  9.76076E+01  9.76076E+01  9.76076E+01  9.76076E+01  9.76076E+01  9.76076E+01
   46438   3  9.20558E-01  9.20558E-01  9.20558E-01  9.20558E-01  9.20558E-01  9.20558E-01  9.20558E-01  9.20558E-01  9.20558E-01  9.20558E-01  9.20558E-01  9.20558E-01  9.20558E-01  9.20558E-01  9.20558E-01  9.20558E-01  9.20558E-01  9.20558E-01  9.20558E-01  9.20558E-01  9.20558E-01  9.20558E-01  9.20558E-01  9.20558E-01
   47147   3  0.00000E+00  0.00000E+00  0.00000E+00  0.00000E+00  0.00000E+00  0.00000E+00  0.00000E+00  0.00000E+00  0.00000E+00  0.00000E+00  0.00000E+00  0.00000E+00  0.00000E+00  0.00000E+00  0.00000E+00  0.00000E+00  0.00000E+00  0.00000E+00  0.00000E+00  0.00000E+00  0.00000E+00  0.00000E+00  0.00000E+00  0.00000E+00
   47848   3  0.00000E+00  0.00000E+00  0.00000E+00  0.00000E+00  0.00000E+00  0.00000E+00  0.00000E+00  0.00000E+00  0.00000E+00  0.00000E+00  0.00000E+00  0.00000E+00  0.00000E+00  0.00000E+00  0.00000E+00  0.00000E+00  0.00000E+00  0.00000E+00  0.00000E+00  0.00000E+00  0.00000E+00  0.00000E+00  0.00000E+00  0.00000E+00
   46791   1  7.69841E-01  7.58448E-01  7.16131E-01  6.46145E-01  5.72905E-01  4.84285E-01  4.48412E-01  4.30476E-01  4.24497E-01  4.36455E-01  4.72328E-01  5.29126E-01  6.02367E-01  6.47208E-01  6.83081E-01  7.14470E-01  7.26428E-01  7.38385E-01  7.42869E-01  7.48848E-01  7.47354E-01  7.42869E-01  7.30912E-01  7.12975E-01
   47144   3  3.74958E-03  3.74958E-03  3.74958E-03  3.74958E-03  3.74958E-03  3.74958E-03  3.74958E-03  3.74958E-03  3.74958E-03  3.74958E-03  3.74958E-03  3.74958E-03  3.74958E-03  8.16554E+00  8.16554E+00  8.16554E+00  8.16554E+00  8.16554E+00  8.16554E+00  8.16554E+00  8.16554E+00  3.74958E-03  3.74958E-03  3.74958E-03
   47144   4  1.80052E+00  1.80052E+00  1.80052E+00  1.80052E+00  1.80052E+00  1.80052E+00  1.80052E+00  1.80052E+00  1.80052E+00  1.80052E+00  1.80052E+00  1.80052E+00  1.80052E+00  1.80052E+00  1.80052E+00  1.80052E+00  1.80052E+00  1.80052E+00  1.80052E+00  1.80052E+00  1.80052E+00  1.80052E+00  1.80052E+00  1.80052E+00
   47144   1  4.05281E-01  4.05281E-01  4.05281E-01  4.05281E-01  4.05281E-01  4.05281E-01  4.05281E-01  4.05281E-01  4.05281E-01  4.05281E-01  4.05281E-01  4.05281E-01  4.05281E-01  4.05281E-01  4.05281E-01  4.05281E-01  4.05281E-01  4.05281E-01  4.05281E-01  4.05281E-01  4.05281E-01  4.05281E-01  4.05281E-01  4.05281E-01
   47144   2  6.98445E-02  6.98445E-02  6.98445E-02  6.98445E-02  6.98445E-02  6.98445E-02  6.98445E-02  6.98445E-02  6.98445E-02  6.98445E-02  6.98445E-02  6.98445E-02  6.98445E-02  6.98445E-02  6.98445E-02  6.98445E-02  6.98445E-02  6.98445E-02  6.98445E-02  6.98445E-02  6.98445E-02  6.98445E-02  6.98445E-02  6.98445E-02
   46789   3  9.90558E+01  9.90558E+01  9.90558E+01  9.90558E+01  9.90558E+01  9.90558E+01  9.90558E+01  9.90558E+01  9.90558E+01  9.90558E+01  9.90558E+01  9.90558E+01  9.90558E+01  1.13331E+02  1.13331E+02  1.13331E+02  1.13331E+02  1.13331E+02  1.13331E+02  1.13331E+02  1.13331E+02  9.90558E+01  9.90558E+01  9.90558E+01
   46789   4  0.00000E+00  0.00000E+00  0.00000E+00  0.00000E+00  0.00000E+00  0.00000E+00  0.00000E+00  0.00000E+00  0.00000E+00  0.00000E+00  0.00000E+00  0.00000E+00  0.00000E+00  0.00000E+00  0.00000E+00  0.00000E+00  0.00000E+00  0.00000E+00  0.00000E+00  0.00000E+00  0.00000E+00  0.00000E+00  0.00000E+00  0.00000E+00
   46436   7  3.54249E+02  3.54249E+02  3.54249E+02  3.54249E+02  3.54249E+02  3.54249E+02  3.54249E+02  3.54249E+02  3.54249E+02  3.54249E+02  3.54249E+02  3.54249E+02  3.54249E+02  3.54249E+02  3.54249E+02  3.54249E+02  3.54249E+02  3.54249E+02  3.54249E+02  3.54249E+02  3.54249E+02  3.54249E+02  3.54249E+02  3.54249E+02
   71754   1  0.00000E+00  0.00000E+00  0.00000E+00  0.00000E+00  0.00000E+00  0.00000E+00  0.00000E+00  0.00000E+00  0.00000E+00  0.00000E+00  0.00000E+00  0.00000E+00  0.00000E+00  0.00000E+00  8.54285E-01  8.54285E-01  8.54285E-01  8.54285E-01  8.54285E-01  8.54285E-01  8.54285E-01  8.54285E-01  0.00000E+00  0.00000E+00
   71755   4  7.82691E-03  7.82691E-03  7.82691E-03  7.82691E-03  7.82691E-03  7.82691E-03  7.82691E-03  7.82691E-03  7.82691E-03  7.82691E-03  7.82691E-03  7.82691E-03  7.82691E-03  7.82691E-03  7.82691E-03  7.82691E-03  7.82691E-03  7.82691E-03  7.82691E-03  7.82691E-03  7.82691E-03  7.82691E-03  7.82691E-03  7.82691E-03
   72073   3  0.00000E+00  0.00000E+00  0.00000E+00  0.00000E+00  0.00000E+00  0.00000E+00  0.00000E+00  0.00000E+00  0.00000E+00  0.00000E+00  0.00000E+00  0.00000E+00  0.00000E+00  0.00000E+00  0.00000E+00  0.00000E+00  0.00000E+00  0.00000E+00  0.00000E+00  0.00000E+00  0.00000E+00  0.00000E+00  0.00000E+00  0.00000E+00
   70667   3  2.73284E-03  2.73284E-03  2.73284E-03  2.73284E-03  2.73284E-03  2.73284E-03  2.73284E-03  2.73284E-03  2.73284E-03  2.73284E-03  2.73284E-03  2.73284E-03  2.73284E-03  2.73284E-03  2.73284E-03  2.73284E-03  2.73284E-03  2.73284E-03  2.73284E-03  2.73284E-03  2.73284E-03  2.73284E-03  2.73284E-03  2.73284E-03
   55157   3  1.09314E-03  1.09314E-03  1.09314E-03  1.09314E-03  1.09314E-03  1.09314E-03  1.09314E-03  1.09314E-03  1.09314E-03  1.09314E-03  1.09314E-03  1.09314E-03  1.09314E-03  1.09314E-03  3.75978E-01  3.75978E-01  3.75978E-01  3.75978E-01  3.75978E-01  3.75978E-01  3.75978E-01  3.75978E-01  1.09314E-03  1.09314E-03
   55157   7  4.79648E+01  4.79648E+01  4.79648E+01  4.79648E+01  4.79648E+01  4.79648E+01  4.79648E+01  4.79648E+01  4.79648E+01  4.79648E+01  4.79648E+01  4.79648E+01  4.79648E+01  4.79648E+01  4.79648E+01  4.79648E+01  4.79648E+01  4.79648E+01  4.79648E+01  4.79648E+01  4.79648E+01  4.79648E+01  4.79648E+01  4.79648E+01
   70688   2  6.69889E-01  6.69889E-01  6.69889E-01  6.69889E-01  6.69889E-01  6.69889E-01  6.69889E-01  6.69889E-01  6.69889E-01  6.69889E-01  6.69889E-01  6.69889E-01  6.69889E-01  6.69889E-01  6.69889E-01  6.69889E-01  6.69889E-01  6.69889E-01  6.69889E-01  6.69889E-01  6.69889E-01  6.69889E-01  6.69889E-01  6.69889E-01
   61152   3  7.78941E-03  7.78941E-03  7.78941E-03  7.78941E-03  7.78941E-03  7.78941E-03  7.78941E-03  7.78941E-03  7.78941E-03  7.78941E-03  7.78941E-03  7.78941E-03  7.78941E-03  7.78941E-03  7.78941E-03  7.78941E-03  7.78941E-03  7.78941E-03  7.78941E-03  7.78941E-03  7.78941E-03  7.78941E-03  7.78941E-03  7.78941E-03
   66103   3  5.34877E-04  5.34877E-04  5.34877E-04  5.34877E-04  5.34877E-04  5.34877E-04  5.34877E-04  5.34877E-04  5.34877E-04  5.34877E-04  5.34877E-04  5.34877E-04  5.34877E-04  5.34877E-04  5.34877E-04  5.34877E-04  5.34877E-04  5.34877E-04  5.34877E-04  5.34877E-04  5.34877E-04  5.34877E-04  5.34877E-04  5.34877E-04
   57265   2  1.06488E+01  1.06372E+01  1.06169E+01  1.05415E+01  1.04169E+01  1.02865E+01  8.62267E-01  7.98395E-01  7.66459E-01  7.55814E-01  7.77105E-01  8.40976E-01  9.42106E-01  1.07251E+00  1.04188E+01  1.04827E+01  1.05386E+01  1.05599E+01  1.05812E+01  1.05892E+01  1.05998E+01  1.05971E+01  1.05892E+01  1.05679E+01
   57265   7  8.76241E+01  8.76241E+01  8.76241E+01  8.76241E+01  8.76241E+01  8.76241E+01  8.76241E+01  8.76241E+01  8.76241E+01  8.76241E+01  8.76241E+01  8.76241E+01  8.76241E+01  8.76241E+01  8.76241E+01  8.76241E+01  8.76241E+01  8.76241E+01  8.76241E+01  8.76241E+01  8.76241E+01  8.76241E+01  8.76241E+01  8.76241E+01
   57265   3  0.00000E+00  0.00000E+00  0.00000E+00  0.00000E+00  0.00000E+00  0.00000E+00  0.00000E+00  0.00000E+00  0.00000E+00  0.00000E+00  0.00000E+00  0.00000E+00  0.00000E+00  0.00000E+00  1.26925E+00  1.26925E+00  1.26925E+00  1.26925E+00  1.26925E+00  1.26925E+00  1.26925E+00  1.26925E+00  0.00000E+00  0.00000E+00
   62209   3  4.99228E-01  4.99228E-01  4.99228E-01  4.99228E-01  4.99228E-01  4.99228E-01  4.99228E-01  4.99228E-01  4.99228E-01  4.99228E-01  4.99228E-01  4.99228E-01  4.99228E-01  4.99228E-01  4.99228E-01  4.99228E-01  4.99228E-01  4.99228E-01  4.99228E-01  4.99228E-01  4.99228E-01  4.99228E-01  4.99228E-01  4.99228E-01
   62209   4  0.00000E+00  0.00000E+00  0.00000E+00  0.00000E+00  0.00000E+00  0.00000E+00  0.00000E+00  0.00000E+00  0.00000E+00  0.00000E+00  0.00000E+00  0.00000E+00  0.00000E+00  0.00000E+00  0.00000E+00  0.00000E+00  0.00000E+00  0.00000E+00  0.00000E+00  0.00000E+00  0.00000E+00  0.00000E+00  0.00000E+00  0.00000E+00
   62209   2  0.00000E+00  0.00000E+00  0.00000E+00  0.00000E+00  0.00000E+00  0.00000E+00  0.00000E+00  0.00000E+00  0.00000E+00  0.00000E+00  0.00000E+00  0.00000E+00  0.00000E+00  0.00000E+00  0.00000E+00  0.00000E+00  0.00000E+00  0.00000E+00  0.00000E+00  0.00000E+00  0.00000E+00  0.00000E+00  0.00000E+00  0.00000E+00
   62560   3  1.30430E-01  1.30430E-01  1.30430E-01  1.30430E-01  1.30430E-01  1.30430E-01  1.30430E-01  1.30430E-01  1.30430E-01  1.30430E-01  1.30430E-01  1.30430E-01  1.30430E-01  1.30430E-01  1.03520E+02  1.03520E+02  1.03520E+02  1.03520E+02  1.03520E+02  1.03520E+02  1.03520E+02  1.03520E+02  1.30430E-01  1.30430E-01
   62560   6  1.77101E-01  1.77101E-01  1.77101E-01  1.77101E-01  1.77101E-01  1.77101E-01  1.77101E-01  1.77101E-01  1.77101E-01  1.77101E-01  1.77101E-01  1.77101E-01  1.77101E-01  1.77101E-01  1.77101E-01  1.77101E-01  1.77101E-01  1.77101E-01  1.77101E-01  1.77101E-01  1.77101E-01  1.77101E-01  1.77101E-01  1.77101E-01
   62560   2  0.00000E+00  0.00000E+00  0.00000E+00  0.00000E+00  0.00000E+00  0.00000E+00  0.00000E+00  0.00000E+00  0.00000E+00  0.00000E+00  0.00000E+00  0.00000E+00  0.00000E+00  0.00000E+00  0.00000E+00  0.00000E+00  0.00000E+00  0.00000E+00  0.00000E+00  0.00000E+00  0.00000E+00  0.00000E+00  0.00000E+00  0.00000E+00
   62906   3  0.00000E+00  0.00000E+00  0.00000E+00  0.00000E+00  0.00000E+00  0.00000E+00  0.00000E+00  0.00000E+00  0.00000E+00  0.00000E+00  0.00000E+00  0.00000E+00  0.00000E+00  0.00000E+00  1.22978E-01  1.22978E-01  1.22978E-01  1.22978E-01  1.22978E-01  1.22978E-01  1.22978E-01  1.22978E-01  0.00000E+00  0.00000E+00
   62906   2  1.37348E-01  1.36197E-01  1.34181E-01  1.26695E-01  1.14313E-01  1.01356E-01  8.56775E-02  7.93310E-02  7.61578E-02  7.51000E-02  7.72155E-02  8.35620E-02  9.36106E-02  1.06568E-01  1.14501E-01  1.20848E-01  1.26401E-01  1.28516E-01  1.30632E-01  1.31425E-01  1.32483E-01  1.32218E-01  1.31425E-01  1.29310E-01
   62201   7  1.99363E-03  1.99363E-03  1.99363E-03  1.99363E-03  1.99363E-03  1.99363E-03  1.99363E-03  1.99363E-03  1.99363E-03  1.99363E-03  1.99363E-03  1.99363E-03  1.99363E-03  1.99363E-03  1.99363E-03  1.99363E-03  1.99363E-03  1.99363E-03  1.99363E-03  1.99363E-03  1.99363E-03  1.99363E-03  1.99363E-03  1.99363E-03
   69268   7  4.40991E+00  4.40991E+00  4.40991E+00  4.40991E+00  4.40991E+00  4.40991E+00  4.40991E+00  4.40991E+00  4.40991E+00  4.40991E+00  4.40991E+00  4.40991E+00  4.40991E+00  4.40991E+00  4.40991E+00  4.40991E+00  4.40991E+00  4.40991E+00  4.40991E+00  4.40991E+00  4.40991E+00  4.40991E+00  4.40991E+00  4.40991E+00
   67518   2  0.00000E+00  0.00000E+00  0.00000E+00  0.00000E+00  0.00000E+00  0.00000E+00  0.00000E+00  0.00000E+00  0.00000E+00  0.00000E+00  0.00000E+00  0.00000E+00  0.00000E+00  0.00000E+00  0.00000E+00  0.00000E+00  0.00000E+00  0.00000E+00  0.00000E+00  0.00000E+00  0.00000E+00  0.00000E+00  0.00000E+00  0.00000E+00
   53397   5  0.00000E+00  0.00000E+00  0.00000E+00  0.00000E+00  0.00000E+00  0.00000E+00  0.00000E+00  0.00000E+00  0.00000E+00  0.00000E+00  0.00000E+00  0.00000E+00  0.00000E+00  0.00000E+00  0.00000E+00  0.00000E+00  0.00000E+00  0.00000E+00  0.00000E+00  0.00000E+00  0.00000E+00  0.00000E+00  0.00000E+00  0.00000E+00
   53397   3  1.02566E+00  1.02566E+00  1.02566E+00  1.02566E+00  1.02566E+00  1.02566E+00  1.02566E+00  1.02566E+00  1.02566E+00  1.02566E+00  1.02566E+00  1.02566E+00  1.02566E+00  1.02566E+00  1.04369E+00  1.04369E+00  1.04369E+00  1.04369E+00  1.04369E+00  1.04369E+00  1.04369E+00  1.04369E+00  1.02566E+00  1.02566E+00
   53397   7  5.68385E+00  5.68385E+00  5.68385E+00  5.68385E+00  5.68385E+00  5.68385E+00  5.68385E+00  5.68385E+00  5.68385E+00  5.68385E+00  5.68385E+00  5.68385E+00  5.68385E+00  5.68385E+00  5.68385E+00  5.68385E+00  5.68385E+00  5.68385E+00  5.68385E+00  5.68385E+00  5.68385E+00  5.68385E+00  5.68385E+00  5.68385E+00
   72093   3  1.82368E-02  1.82368E-02  1.82368E-02  1.82368E-02  1.82368E-02  1.82368E-02  1.82368E-02  1.82368E-02  1.82368E-02  1.82368E-02  1.82368E-02  1.82368E-02  1.82368E-02  1.82368E-02  1.82368E-02  1.82368E-02  1.82368E-02  1.82368E-02  1.82368E-02  1.82368E-02  1.82368E-02  1.82368E-02  1.82368E-02  1.82368E-02
   72093   7  2.77354E+01  2.77354E+01  2.77354E+01  2.77354E+01  2.77354E+01  2.77354E+01  2.77354E+01  2.77354E+01  2.77354E+01  2.77354E+01  2.77354E+01  2.77354E+01  2.77354E+01  2.77354E+01  2.77354E+01  2.77354E+01  2.77354E+01  2.77354E+01  2.77354E+01  2.77354E+01  2.77354E+01  2.77354E+01  2.77354E+01  2.77354E+01
   72093   4  3.70148E+00  3.70148E+00  3.70148E+00  3.70148E+00  3.70148E+00  3.70148E+00  3.70148E+00  3.70148E+00  3.70148E+00  3.70148E+00  3.70148E+00  3.70148E+00  3.70148E+00  3.70148E+00  3.70148E+00  3.70148E+00  3.70148E+00  3.70148E+00  3.70148E+00  3.70148E+00  3.70148E+00  3.70148E+00  3.70148E+00  3.70148E+00
   66425   2  1.01616E+00  1.00112E+00  9.45265E-01  8.52887E-01  7.56212E-01  6.39238E-01  5.91887E-01  5.68212E-01  5.60320E-01  5.76103E-01  6.23454E-01  6.98427E-01  7.95102E-01  8.54290E-01  9.01641E-01  9.43073E-01  9.58857E-01  9.74641E-01  9.80559E-01  9.88451E-01  9.86478E-01  9.80559E-01  9.64776E-01  9.41100E-01
   67854   3  2.22555E-03  2.22555E-03  2.22555E-03  2.22555E-03  2.22555E-03  2.22555E-03  2.22555E-03  2.22555E-03  2.22555E-03  2.22555E-03  2.22555E-03  2.22555E-03  2.22555E-03  2.22555E-03  2.22555E-03  2.22555E-03  2.22555E-03  2.22555E-03  2.22555E-03  2.22555E-03  2.22555E-03  2.22555E-03  2.22555E-03  2.22555E-03
   59052   2  5.46568E-04  5.46568E-04  5.46568E-04  5.46568E-04  5.46568E-04  5.46568E-04  5.46568E-04  5.46568E-04  5.46568E-04  5.46568E-04  5.46568E-04  5.46568E-04  5.46568E-04  5.46568E-04  5.46568E-04  5.46568E-04  5.46568E-04  5.46568E-04  5.46568E-04  5.46568E-04  5.46568E-04  5.46568E-04  5.46568E-04  5.46568E-04
   72780   3  2.22555E-03  2.22555E-03  2.22555E-03  2.22555E-03  2.22555E-03  2.22555E-03  2.22555E-03  2.22555E-03  2.22555E-03  2.22555E-03  2.22555E-03  2.22555E-03  2.22555E-03  2.22555E-03  2.22555E-03  2.22555E-03  2.22555E-03  2.22555E-03  2.22555E-03  2.22555E-03  2.22555E-03  2.22555E-03  2.22555E-03  2.22555E-03
   32698   2  1.33911E+00  1.31929E+00  1.24568E+00  1.12394E+00  9.96546E-01  8.42395E-01  7.79996E-01  7.48796E-01  7.38396E-01  7.59196E-01  8.21596E-01  9.20395E-01  1.04779E+00  1.12579E+00  1.18819E+00  1.24279E+00  1.26359E+00  1.28439E+00  1.29219E+00  1.30259E+00  1.29999E+00  1.29219E+00  1.27139E+00  1.24019E+00
   32699   3  0.00000E+00  0.00000E+00  0.00000E+00  0.00000E+00  0.00000E+00  0.00000E+00  0.00000E+00  0.00000E+00  0.00000E+00  0.00000E+00  0.00000E+00  0.00000E+00  0.00000E+00  0.00000E+00  0.00000E+00  0.00000E+00  0.00000E+00  0.00000E+00  0.00000E+00  0.00000E+00  0.00000E+00  0.00000E+00  0.00000E+00  0.00000E+00
   32698   4  2.36916E+00  2.36916E+00  2.36916E+00  2.36916E+00  2.36916E+00  2.36916E+00  2.36916E+00  2.36916E+00  2.36916E+00  2.36916E+00  2.36916E+00  2.36916E+00  2.36916E+00  2.36916E+00  2.36916E+00  2.36916E+00  2.36916E+00  2.36916E+00  2.36916E+00  2.36916E+00  2.36916E+00  2.36916E+00  2.36916E+00  2.36916E+00
   32698   3  2.79812E-01  2.79812E-01  2.79812E-01  2.79812E-01  2.79812E-01  2.79812E-01  2.79812E-01  2.79812E-01  2.79812E-01  2.79812E-01  2.79812E-01  2.79812E-01  2.79812E-01  2.79812E-01  2.79812E-01  2.79812E-01  2.79812E-01  2.79812E-01  2.79812E-01  2.79812E-01  2.79812E-01  2.79812E-01  2.79812E-01  2.79812E-01
   33754   4  0.00000E+00  0.00000E+00  0.00000E+00  0.00000E+00  0.00000E+00  0.00000E+00  0.00000E+00  0.00000E+00  0.00000E+00  0.00000E+00  0.00000E+00  0.00000E+00  0.00000E+00  0.00000E+00  0.00000E+00  0.00000E+00  0.00000E+00  0.00000E+00  0.00000E+00  0.00000E+00  0.00000E+00  0.00000E+00  0.00000E+00  0.00000E+00
   32698   5  1.20316E+01  1.20316E+01  1.20316E+01  1.20316E+01  1.20316E+01  1.20316E+01  1.20316E+01  1.20316E+01  1.20316E+01  1.20316E+01  1.20316E+01  1.20316E+01  1.20316E+01  1.20316E+01  1.20316E+01  1.20316E+01  1.20316E+01  1.20316E+01  1.20316E+01  1.20316E+01  1.20316E+01  1.20316E+01  1.20316E+01  1.20316E+01
   46097   3  3.81448E-03  3.81448E-03  3.81448E-03  3.81448E-03  3.81448E-03  3.81448E-03  3.81448E-03  3.81448E-03  3.81448E-03  3.81448E-03  3.81448E-03  3.81448E-03  3.81448E-03  3.81448E-03  3.81448E-03  3.81448E-03  3.81448E-03  3.81448E-03  3.81448E-03  3.81448E-03  3.81448E-03  3.81448E-03  3.81448E-03  3.81448E-03
   32346   1  5.64728E+01  5.64728E+01  5.64728E+01  5.64728E+01  5.64728E+01  5.64728E+01  5.64728E+01  5.64728E+01  5.64728E+01  5.64728E+01  5.64728E+01  5.64728E+01  5.64728E+01  5.64728E+01  5.64728E+01  5.64728E+01  5.64728E+01  5.64728E+01  5.64728E+01  5.64728E+01  5.64728E+01  5.64728E+01  5.64728E+01  5.64728E+01
   32346   2  1.67943E+03  1.67943E+03  1.67943E+03  1.67943E+03  1.67943E+03  1.67943E+03  1.67943E+03  1.67943E+03  1.67943E+03  1.67943E+03  1.67943E+03  1.67943E+03  1.67943E+03  1.67943E+03  1.67943E+03  1.67943E+03  1.67943E+03  1.67943E+03  1.67943E+03  1.67943E+03  1.67943E+03  1.67943E+03  1.67943E+03  1.67943E+03
   32346   3  4.53997E+01  4.53997E+01  4.53997E+01  4.53997E+01  4.53997E+01  4.53997E+01  4.53997E+01  4.53997E+01  4.53997E+01  4.53997E+01  4.53997E+01  4.53997E+01  4.53997E+01  4.54767E+01  4.54767E+01  4.54767E+01  4.54767E+01  4.54767E+01  4.54767E+01  4.54767E+01  4.54767E+01  4.53997E+01  4.53997E+01  4.53997E+01
   32346   5  3.95816E+01  3.95816E+01  3.95816E+01  3.95816E+01  3.95816E+01  3.95816E+01  3.95816E+01  3.95816E+01  3.95816E+01  3.95816E+01  3.95816E+01  3.95816E+01  3.95816E+01  3.95816E+01  3.95816E+01  3.95816E+01  3.95816E+01  3.95816E+01  3.95816E+01  3.95816E+01  3.95816E+01  3.95816E+01  3.95816E+01  3.95816E+01
   33394   3  1.51175E+02  1.51175E+02  1.51175E+02  1.51175E+02  1.51175E+02  1.51175E+02  1.51175E+02  1.51175E+02  1.51175E+02  1.51175E+02  1.51175E+02  1.51175E+02  1.51175E+02  1.51175E+02  1.51175E+02  1.51175E+02  1.51175E+02  1.51175E+02  1.51175E+02  1.51175E+02  1.51175E+02  1.51175E+02  1.51175E+02  1.51175E+02
   33394   7  9.14280E+00  9.14280E+00  9.14280E+00  9.14280E+00  9.14280E+00  9.14280E+00  9.14280E+00  9.14280E+00  9.14280E+00  9.14280E+00  9.14280E+00  9.14280E+00  9.14280E+00  9.14280E+00  9.14280E+00  9.14280E+00  9.14280E+00  9.14280E+00  9.14280E+00  9.14280E+00  9.14280E+00  9.14280E+00  9.14280E+00  9.14280E+00
   47881   3  4.90851E-01  4.90851E-01  4.90851E-01  4.90851E-01  4.90851E-01  4.90851E-01  4.90851E-01  4.90851E-01  4.90851E-01  4.90851E-01  4.90851E-01  4.90851E-01  4.90851E-01  5.01893E+00  5.01893E+00  5.01893E+00  5.01893E+00  5.01893E+00  5.01893E+00  5.01893E+00  5.01893E+00  4.90851E-01  4.90851E-01  4.90851E-01
   47881   4  6.40176E+00  6.40176E+00  6.40176E+00  6.40176E+00  6.40176E+00  6.40176E+00  6.40176E+00  6.40176E+00  6.40176E+00  6.40176E+00  6.40176E+00  6.40176E+00  6.40176E+00  6.40176E+00  6.40176E+00  6.40176E+00  6.40176E+00  6.40176E+00  6.40176E+00  6.40176E+00  6.40176E+00  6.40176E+00  6.40176E+00  6.40176E+00
   54565   3  5.46568E-04  5.46568E-04  5.46568E-04  5.46568E-04  5.46568E-04  5.46568E-04  5.46568E-04  5.46568E-04  5.46568E-04  5.46568E-04  5.46568E-04  5.46568E-04  5.46568E-04  5.46568E-04  5.46568E-04  5.46568E-04  5.46568E-04  5.46568E-04  5.46568E-04  5.46568E-04  5.46568E-04  5.46568E-04  5.46568E-04  5.46568E-04
   54565   4  3.90367E+00  3.90367E+00  3.90367E+00  3.90367E+00  3.90367E+00  3.90367E+00  3.90367E+00  3.90367E+00  3.90367E+00  3.90367E+00  3.90367E+00  3.90367E+00  3.90367E+00  3.90367E+00  3.90367E+00  3.90367E+00  3.90367E+00  3.90367E+00  3.90367E+00  3.90367E+00  3.90367E+00  3.90367E+00  3.90367E+00  3.90367E+00
   54565   7  1.90492E+01  1.90492E+01  1.90492E+01  1.90492E+01  1.90492E+01  1.90492E+01  1.90492E+01  1.90492E+01  1.90492E+01  1.90492E+01  1.90492E+01  1.90492E+01  1.90492E+01  1.90492E+01  1.90492E+01  1.90492E+01  1.90492E+01  1.90492E+01  1.90492E+01  1.90492E+01  1.90492E+01  1.90492E+01  1.90492E+01  1.90492E+01
   48578   4  1.90196E+00  1.90196E+00  1.90196E+00  1.90196E+00  1.90196E+00  1.90196E+00  1.90196E+00  1.90196E+00  1.90196E+00  1.90196E+00  1.90196E+00  1.90196E+00  1.90196E+00  1.90196E+00  1.90196E+00  1.90196E+00  1.90196E+00  1.90196E+00  1.90196E+00  1.90196E+00  1.90196E+00  1.90196E+00  1.90196E+00  1.90196E+00
   48578   3  1.47999E+00  1.47999E+00  1.47999E+00  1.47999E+00  1.47999E+00  1.47999E+00  1.47999E+00  1.47999E+00  1.47999E+00  1.47999E+00  1.47999E+00  1.47999E+00  1.47999E+00  1.47999E+00  1.47999E+00  1.47999E+00  1.47999E+00  1.47999E+00  1.47999E+00  1.47999E+00  1.47999E+00  1.47999E+00  1.47999E+00  1.47999E+00
   48578   2  0.00000E+00  0.00000E+00  0.00000E+00  0.00000E+00  0.00000E+00  0.00000E+00  0.00000E+00  0.00000E+00  0.00000E+00  0.00000E+00  0.00000E+00  0.00000E+00  0.00000E+00  0.00000E+00  0.00000E+00  0.00000E+00  0.00000E+00  0.00000E+00  0.00000E+00  0.00000E+00  0.00000E+00  0.00000E+00  0.00000E+00  0.00000E+00
   48226   3  0.00000E+00  0.00000E+00  0.00000E+00  0.00000E+00  0.00000E+00  0.00000E+00  0.00000E+00  0.00000E+00  0.00000E+00  0.00000E+00  0.00000E+00  0.00000E+00  0.00000E+00  0.00000E+00  0.00000E+00  0.00000E+00  0.00000E+00  0.00000E+00  0.00000E+00  0.00000E+00  0.00000E+00  0.00000E+00  0.00000E+00  0.00000E+00
   48226   4  0.00000E+00  0.00000E+00  0.00000E+00  0.00000E+00  0.00000E+00  0.00000E+00  0.00000E+00  0.00000E+00  0.00000E+00  0.00000E+00  0.00000E+00  0.00000E+00  0.00000E+00  0.00000E+00  0.00000E+00  0.00000E+00  0.00000E+00  0.00000E+00  0.00000E+00  0.00000E+00  0.00000E+00  0.00000E+00  0.00000E+00  0.00000E+00
   47518   7  8.57262E+00  8.57262E+00  8.57262E+00  8.57262E+00  8.57262E+00  8.57262E+00  8.57262E+00  8.57262E+00  8.57262E+00  8.57262E+00  8.57262E+00  8.57262E+00  8.57262E+00  8.57262E+00  8.57262E+00  8.57262E+00  8.57262E+00  8.57262E+00  8.57262E+00  8.57262E+00  8.57262E+00  8.57262E+00  8.57262E+00  8.57262E+00
   48227   3  1.58892E+01  1.58882E+01  1.58844E+01  1.58782E+01  1.58717E+01  1.58638E+01  1.58606E+01  1.58590E+01  1.58584E+01  1.58595E+01  1.58627E+01  1.58678E+01  1.58743E+01  1.58783E+01  1.58815E+01  1.58843E+01  1.58854E+01  1.58864E+01  1.58868E+01  1.58874E+01  1.58872E+01  1.58868E+01  1.58858E+01  1.58842E+01
   48227   2  6.16153E-01  6.07034E-01  5.73165E-01  5.17151E-01  4.58532E-01  3.87604E-01  3.58893E-01  3.44537E-01  3.39752E-01  3.49322E-01  3.78034E-01  4.23494E-01  4.82113E-01  5.18002E-01  5.46713E-01  5.71836E-01  5.81406E-01  5.90977E-01  5.94566E-01  5.99351E-01  5.98155E-01  5.94566E-01  5.84995E-01  5.70640E-01
   46818   4  7.36382E-01  7.36382E-01  7.36382E-01  7.36382E-01  7.36382E-01  7.36382E-01  7.36382E-01  7.36382E-01  7.36382E-01  7.36382E-01  7.36382E-01  7.36382E-01  7.36382E-01  7.36382E-01  7.36382E-01  7.36382E-01  7.36382E-01  7.36382E-01  7.36382E-01  7.36382E-01  7.36382E-01  7.36382E-01  7.36382E-01  7.36382E-01
   38332   4  0.00000E+00  0.00000E+00  0.00000E+00  0.00000E+00  0.00000E+00  0.00000E+00  0.00000E+00  0.00000E+00  0.00000E+00  0.00000E+00  0.00000E+00  0.00000E+00  0.00000E+00  0.00000E+00  0.00000E+00  0.00000E+00  0.00000E+00  0.00000E+00  0.00000E+00  0.00000E+00  0.00000E+00  0.00000E+00  0.00000E+00  0.00000E+00
   38332   7  1.00439E+01  1.00439E+01  1.00439E+01  1.00439E+01  1.00439E+01  1.00439E+01  1.00439E+01  1.00439E+01  1.00439E+01  1.00439E+01  1.00439E+01  1.00439E+01  1.00439E+01  1.00439E+01  1.00439E+01  1.00439E+01  1.00439E+01  1.00439E+01  1.00439E+01  1.00439E+01  1.00439E+01  1.00439E+01  1.00439E+01  1.00439E+01
   35158   3  1.64301E+02  1.64301E+02  1.64301E+02  1.64301E+02  1.64301E+02  1.64301E+02  1.64301E+02  1.64301E+02  1.64301E+02  1.64301E+02  1.64301E+02  1.64301E+02  1.64301E+02  1.64301E+02  1.64301E+02  1.64301E+02  1.64301E+02  1.64301E+02  1.64301E+02  1.64301E+02  1.64301E+02  1.64301E+02  1.64301E+02  1.64301E+02
   30178   3  1.62084E+00  1.62084E+00  1.62084E+00  1.62084E+00  1.62084E+00  3.40297E-01  3.40297E-01  3.40297E-01  3.40297E-01  3.40297E-01  3.40297E-01  3.40297E-01  3.40297E-01  1.62084E+00  1.62084E+00  1.62084E+00  1.62084E+00  1.62084E+00  1.62084E+00  1.62084E+00  1.62084E+00  1.62084E+00  1.62084E+00  1.62084E+00
   30178   4  7.43480E+00  7.43480E+00  7.43480E+00  7.43480E+00  7.43480E+00  7.43466E+00  7.43466E+00  7.43466E+00  7.43466E+00  7.43466E+00  7.43466E+00  7.43466E+00  7.43466E+00  7.43480E+00  7.43480E+00  7.43480E+00  7.43480E+00  7.43480E+00  7.43480E+00  7.43480E+00  7.43480E+00  7.43480E+00  7.43480E+00  7.43480E+00
   30178   7  1.18001E+02  1.18001E+02  1.18001E+02  1.18001E+02  1.18001E+02  1.18001E+02  1.18001E+02  1.18001E+02  1.18001E+02  1.18001E+02  1.18001E+02  1.18001E+02  1.18001E+02  1.21062E+02  1.21062E+02  1.21062E+02  1.21062E+02  1.21062E+02  1.21062E+02  1.21062E+02  1.21062E+02  1.18001E+02  1.18001E+02  1.18001E+02
   30177   4  1.19895E-03  1.19895E-03  1.19895E-03  1.19895E-03  1.19895E-03  1.19895E-03  1.19895E-03  1.19895E-03  1.19895E-03  1.19895E-03  1.19895E-03  1.19895E-03  1.19895E-03  1.19895E-03  1.19895E-03  1.19895E-03  1.19895E-03  1.19895E-03  1.19895E-03  1.19895E-03  1.19895E-03  1.19895E-03  1.19895E-03  1.19895E-03
   29472   3  0.00000E+00  0.00000E+00  0.00000E+00  0.00000E+00  0.00000E+00  0.00000E+00  0.00000E+00  0.00000E+00  0.00000E+00  0.00000E+00  0.00000E+00  0.00000E+00  0.00000E+00  9.25931E+01  9.25931E+01  9.25931E+01  9.25931E+01  9.25931E+01  9.25931E+01  9.25931E+01  9.25931E+01  0.00000E+00  0.00000E+00  0.00000E+00
   29472   5  0.00000E+00  0.00000E+00  0.00000E+00  0.00000E+00  0.00000E+00  0.00000E+00  0.00000E+00  0.00000E+00  0.00000E+00  0.00000E+00  0.00000E+00  0.00000E+00  0.00000E+00  2.05763E+01  2.05763E+01  2.05763E+01  2.05763E+01  2.05763E+01  2.05763E+01  2.05763E+01  2.05763E+01  0.00000E+00  0.00000E+00  0.00000E+00
   29472   4  0.00000E+00  0.00000E+00  0.00000E+00  0.00000E+00  0.00000E+00  0.00000E+00  0.00000E+00  0.00000E+00  0.00000E+00  0.00000E+00  0.00000E+00  0.00000E+00  0.00000E+00  9.25931E+01  9.25931E+01  9.25931E+01  9.25931E+01  9.25931E+01  9.25931E+01  9.25931E+01  9.25931E+01  0.00000E+00  0.00000E+00  0.00000E+00
   30531   4  1.18088E-03  1.18088E-03  1.18088E-03  1.18088E-03  1.18088E-03  1.18088E-03  1.18088E-03  1.18088E-03  1.18088E-03  1.18088E-03  1.18088E-03  1.18088E-03  1.18088E-03  1.18088E-03  1.18088E-03  1.18088E-03  1.18088E-03  1.18088E-03  1.18088E-03  1.18088E-03  1.18088E-03  1.18088E-03  1.18088E-03  1.18088E-03
   30178   5  2.46813E-02  2.46813E-02  2.46813E-02  2.46813E-02  2.46813E-02  2.46813E-02  2.46813E-02  2.46813E-02  2.46813E-02  2.46813E-02  2.46813E-02  2.46813E-02  2.46813E-02  2.46813E-02  2.46813E-02  2.46813E-02  2.46813E-02  2.46813E-02  2.46813E-02  2.46813E-02  2.46813E-02  2.46813E-02  2.46813E-02  2.46813E-02
   30526   3  6.98886E-04  6.98886E-04  6.98886E-04  6.98886E-04  6.98886E-04  6.98886E-04  6.98886E-04  6.98886E-04  6.98886E-04  6.98886E-04  6.98886E-04  6.98886E-04  6.98886E-04  6.98886E-04  6.98886E-04  6.98886E-04  6.98886E-04  6.98886E-04  6.98886E-04  6.98886E-04  6.98886E-04  6.98886E-04  6.98886E-04  6.98886E-04
   30529   3  2.99579E-01  2.99579E-01  2.99579E-01  2.99579E-01  2.99579E-01  8.31323E-02  8.31323E-02  8.31323E-02  8.31323E-02  8.31323E-02  8.31323E-02  8.31323E-02  8.31323E-02  2.99579E-01  2.99579E-01  2.99579E-01  2.99579E-01  2.99579E-01  2.99579E-01  2.99579E-01  2.99579E-01  2.99579E-01  2.99579E-01  2.99579E-01
   30529   4  9.19111E-01  9.19111E-01  9.19111E-01  9.19111E-01  9.19111E-01  9.19111E-01  9.19111E-01  9.19111E-01  9.19111E-01  9.19111E-01  9.19111E-01  9.19111E-01  9.19111E-01  9.19111E-01  9.19111E-01  9.19111E-01  9.19111E-01  9.19111E-01  9.19111E-01  9.19111E-01  9.19111E-01  9.19111E-01  9.19111E-01  9.19111E-01
   31942   4  1.79262E+01  1.79262E+01  1.79262E+01  1.79262E+01  1.79262E+01  1.79262E+01  1.79262E+01  1.79262E+01  1.79262E+01  1.79262E+01  1.79262E+01  1.79262E+01  1.79262E+01  1.79262E+01  1.79262E+01  1.79262E+01  1.79262E+01  1.79262E+01  1.79262E+01  1.79262E+01  1.79262E+01  1.79262E+01  1.79262E+01  1.79262E+01
   30884   4  1.54559E-01  1.54559E-01  1.54559E-01  1.54559E-01  1.54559E-01  1.54559E-01  1.54559E-01  1.54559E-01  1.54559E-01  1.54559E-01  1.54559E-01  1.54559E-01  1.54559E-01  1.54559E-01  1.54559E-01  1.54559E-01  1.54559E-01  1.54559E-01  1.54559E-01  1.54559E-01  1.54559E-01  1.54559E-01  1.54559E-01  1.54559E-01
   44188   2  6.10875E-01  5.95884E-01  5.90887E-01  5.82143E-01  5.49663E-01  4.95946E-01  4.39730E-01  3.71711E-01  3.44177E-01  3.30409E-01  3.25820E-01  3.34999E-01  3.62533E-01  4.06128E-01  4.62344E-01  4.96761E-01  5.24296E-01  5.48388E-01  5.57566E-01  5.66744E-01  5.70186E-01  5.74775E-01  5.73628E-01  5.70186E-01
   44899   3  0.00000E+00  0.00000E+00  0.00000E+00  0.00000E+00  0.00000E+00  0.00000E+00  0.00000E+00  0.00000E+00  0.00000E+00  0.00000E+00  0.00000E+00  0.00000E+00  0.00000E+00  0.00000E+00  0.00000E+00  0.00000E+00  0.00000E+00  0.00000E+00  0.00000E+00  0.00000E+00  0.00000E+00  0.00000E+00  0.00000E+00  0.00000E+00
   47369   3  2.43788E-02  2.43788E-02  2.43788E-02  2.43788E-02  2.43788E-02  2.43788E-02  2.43788E-02  2.43788E-02  2.43788E-02  2.43788E-02  2.43788E-02  2.43788E-02  2.43788E-02  2.43788E-02  2.43788E-02  2.43788E-02  2.43788E-02  2.43788E-02  2.43788E-02  2.43788E-02  2.43788E-02  2.43788E-02  2.43788E-02  2.43788E-02
   55130   4  1.16728E+00  1.13863E+00  1.12908E+00  1.11237E+00  1.05031E+00  9.47666E-01  8.40248E-01  7.10274E-01  6.57661E-01  6.31355E-01  6.22586E-01  6.40124E-01  6.92737E-01  7.76040E-01  8.83458E-01  9.49224E-01  1.00184E+00  1.04787E+00  1.06541E+00  1.08295E+00  1.08953E+00  1.09829E+00  1.09610E+00  1.08953E+00
   55130   3  8.75457E-01  8.53973E-01  8.46812E-01  8.34280E-01  7.87732E-01  7.10749E-01  6.30186E-01  5.32706E-01  4.93246E-01  4.73516E-01  4.66940E-01  4.80093E-01  5.19552E-01  5.82030E-01  6.62594E-01  7.11918E-01  7.51378E-01  7.85905E-01  7.99058E-01  8.12212E-01  8.17144E-01  8.23721E-01  8.22077E-01  8.17144E-01
   55121   4  1.06075E+00  1.03472E+00  1.02604E+00  1.01086E+00  9.54459E-01  8.61182E-01  7.63567E-01  6.45455E-01  5.97643E-01  5.73738E-01  5.65769E-01  5.81706E-01  6.29518E-01  7.05219E-01  8.02834E-01  8.62599E-01  9.10410E-01  9.52245E-01  9.68182E-01  9.84119E-01  9.90096E-01  9.98065E-01  9.96072E-01  9.90096E-01
   55121   3  5.01533E-01  4.89225E-01  4.85123E-01  4.77944E-01  4.51277E-01  4.07175E-01  3.61022E-01  3.05177E-01  2.82571E-01  2.71269E-01  2.67501E-01  2.75036E-01  2.97642E-01  3.33434E-01  3.79588E-01  4.07845E-01  4.30451E-01  4.50231E-01  4.57766E-01  4.65301E-01  4.68127E-01  4.71894E-01  4.70953E-01  4.68127E-01
   58290   4  3.49443E-02  3.49443E-02  3.49443E-02  3.49443E-02  3.49443E-02  3.49443E-02  3.49443E-02  3.49443E-02  3.49443E-02  3.49443E-02  3.49443E-02  3.49443E-02  3.49443E-02  3.49443E-02  3.49443E-02  3.49443E-02  3.49443E-02  3.49443E-02  3.49443E-02  3.49443E-02  3.49443E-02  3.49443E-02  3.49443E-02  3.49443E-02
   57936   4  8.91561E-04  8.91561E-04  8.91561E-04  8.91561E-04  8.91561E-04  8.91561E-04  8.91561E-04  8.91561E-04  8.91561E-04  8.91561E-04  8.91561E-04  8.91561E-04  8.91561E-04  8.91561E-04  8.91561E-04  8.91561E-04  8.91561E-04  8.91561E-04  8.91561E-04  8.91561E-04  8.91561E-04  8.91561E-04  8.91561E-04  8.91561E-04
   41032   3  1.88936E+01  1.84300E+01  1.82754E+01  1.80050E+01  1.70004E+01  1.53390E+01  1.36003E+01  1.14965E+01  1.06450E+01  1.02192E+01  1.00772E+01  1.03611E+01  1.12127E+01  1.25610E+01  1.42997E+01  1.53642E+01  1.62158E+01  1.69610E+01  1.72448E+01  1.75287E+01  1.76351E+01  1.77771E+01  1.77416E+01  1.76351E+01
   41027   3  2.04446E-03  2.04446E-03  2.04446E-03  2.04446E-03  2.04446E-03  2.04446E-03  2.04446E-03  2.04446E-03  2.04446E-03  2.04446E-03  2.04446E-03  2.04446E-03  2.04446E-03  2.04446E-03  2.04446E-03  2.04446E-03  2.04446E-03  2.04446E-03  2.04446E-03  2.04446E-03  2.04446E-03  2.04446E-03  2.04446E-03  2.04446E-03
   41027   4  2.04447E-02  2.04447E-02  2.04447E-02  2.04447E-02  2.04447E-02  2.04447E-02  2.04447E-02  2.04447E-02  2.04447E-02  2.04447E-02  2.04447E-02  2.04447E-02  2.04447E-02  2.04447E-02  2.04447E-02  2.04447E-02  2.04447E-02  2.04447E-02  2.04447E-02  2.04447E-02  2.04447E-02  2.04447E-02  2.04447E-02  2.04447E-02
   41027   2  5.17349E-02  5.17349E-02  5.17349E-02  5.17349E-02  5.17349E-02  5.17349E-02  5.17349E-02  0.00000E+00  0.00000E+00  0.00000E+00  0.00000E+00  0.00000E+00  0.00000E+00  0.00000E+00  0.00000E+00  5.17349E-02  5.17349E-02  5.17349E-02  5.17349E-02  5.17349E-02  5.17349E-02  5.17349E-02  5.17349E-02  5.17349E-02
   41031   7  5.02307E+01  5.02307E+01  5.02307E+01  5.02307E+01  5.02307E+01  5.02307E+01  5.02307E+01  5.02307E+01  5.02307E+01  5.02307E+01  5.02307E+01  5.02307E+01  5.02307E+01  5.02307E+01  5.02307E+01  5.02307E+01  5.02307E+01  5.02307E+01  5.02307E+01  5.02307E+01  5.02307E+01  5.02307E+01  5.02307E+01  5.02307E+01
   37153   2  1.40677E-02  1.37225E-02  1.36074E-02  1.34060E-02  1.26581E-02  1.14210E-02  1.01264E-02  8.56004E-03  7.92596E-03  7.60892E-03  7.50324E-03  7.71460E-03  8.34868E-03  9.35263E-03  1.06472E-02  1.14398E-02  1.20739E-02  1.26287E-02  1.28401E-02  1.30514E-02  1.31307E-02  1.32364E-02  1.32099E-02  1.31307E-02
   22551   2  1.14068E+01  1.13764E+01  1.12635E+01  1.10766E+01  1.08811E+01  1.06445E+01  1.05488E+01  1.05009E+01  1.04849E+01  1.05169E+01  1.06126E+01  1.07642E+01  1.09598E+01  1.10795E+01  1.11752E+01  1.12590E+01  1.12909E+01  1.13229E+01  1.13348E+01  1.13508E+01  1.13468E+01  1.13348E+01  1.13029E+01  1.12550E+01
   22551   3  9.33636E+00  9.31608E+00  9.24077E+00  9.11622E+00  8.98587E+00  8.82816E+00  8.76432E+00  8.73239E+00  8.72175E+00  8.74304E+00  8.80688E+00  8.90796E+00  9.03831E+00  9.11811E+00  9.18195E+00  9.23782E+00  9.25910E+00  9.28038E+00  9.28836E+00  9.29900E+00  9.29634E+00  9.28836E+00  9.26708E+00  9.23516E+00
   23253   7  1.72851E+01  1.72851E+01  1.72851E+01  1.72851E+01  1.72851E+01  1.72851E+01  1.72851E+01  1.72851E+01  1.72851E+01  1.72851E+01  1.72851E+01  1.72851E+01  1.72851E+01  1.72851E+01  1.72851E+01  1.72851E+01  1.72851E+01  1.72851E+01  1.72851E+01  1.72851E+01  1.72851E+01  1.72851E+01  1.72851E+01  1.72851E+01
   22551   4  6.45792E-01  6.45792E-01  6.45792E-01  6.45792E-01  6.45792E-01  6.45792E-01  6.45792E-01  6.45792E-01  6.45792E-01  6.45792E-01  6.45792E-01  6.45792E-01  6.45792E-01  6.45792E-01  6.45792E-01  6.45792E-01  6.45792E-01  6.45792E-01  6.45792E-01  6.45792E-01  6.45792E-01  6.45792E-01  6.45792E-01  6.45792E-01
   16894   2  1.76981E+01  1.76981E+01  1.76981E+01  1.76981E+01  1.76981E+01  1.76981E+01  1.76981E+01  1.76981E+01  1.76981E+01  1.76981E+01  1.76981E+01  1.76981E+01  1.76981E+01  1.76981E+01  1.76981E+01  1.76981E+01  1.76981E+01  1.76981E+01  1.76981E+01  1.76981E+01  1.76981E+01  1.76981E+01  1.76981E+01  1.76981E+01
   16894   3  3.20172E+01  3.20172E+01  3.20172E+01  3.20172E+01  3.20172E+01  3.20172E+01  3.20172E+01  3.20172E+01  3.20172E+01  3.20172E+01  3.20172E+01  3.20172E+01  3.20172E+01  3.20172E+01  3.20172E+01  3.20172E+01  3.20172E+01  3.20172E+01  3.20172E+01  3.20172E+01  3.20172E+01  3.20172E+01  3.20172E+01  3.20172E+01
   16894   4  1.93897E+02  1.93897E+02  1.93897E+02  1.93897E+02  1.93897E+02  1.93897E+02  1.93897E+02  1.93897E+02  1.93897E+02  1.93897E+02  1.93897E+02  1.93897E+02  1.93897E+02  1.93897E+02  1.93897E+02  1.93897E+02  1.93897E+02  1.93897E+02  1.93897E+02  1.93897E+02  1.93897E+02  1.93897E+02  1.93897E+02  1.93897E+02
   18317   3  0.00000E+00  0.00000E+00  0.00000E+00  0.00000E+00  0.00000E+00  0.00000E+00  0.00000E+00  0.00000E+00  0.00000E+00  0.00000E+00  0.00000E+00  0.00000E+00  0.00000E+00  0.00000E+00  0.00000E+00  0.00000E+00  0.00000E+00  0.00000E+00  0.00000E+00  0.00000E+00  0.00000E+00  0.00000E+00  0.00000E+00  0.00000E+00
   18513   7  1.89603E+01  1.89603E+01  1.89603E+01  1.89603E+01  1.89603E+01  1.89603E+01  1.89603E+01  1.89603E+01  1.89603E+01  1.89603E+01  1.89603E+01  1.89603E+01  1.89603E+01  1.89603E+01  1.89603E+01  1.89603E+01  1.89603E+01  1.89603E+01  1.89603E+01  1.89603E+01  1.89603E+01  1.89603E+01  1.89603E+01  1.89603E+01
   18509   3  4.60090E-04  4.60090E-04  4.60090E-04  4.60090E-04  4.60090E-04  4.60090E-04  4.60090E-04  4.60090E-04  4.60090E-04  4.60090E-04  4.60090E-04  4.60090E-04  4.60090E-04  4.60090E-04  4.60090E-04  4.60090E-04  4.60090E-04  4.60090E-04  4.60090E-04  4.60090E-04  4.60090E-04  4.60090E-04  4.60090E-04  4.60090E-04
   19219   3  1.70793E-01  1.70793E-01  1.70793E-01  1.70793E-01  1.70793E-01  1.70793E-01  1.70793E-01  1.70793E-01  1.70793E-01  1.70793E-01  1.70793E-01  1.70793E-01  1.70793E-01  1.70793E-01  1.70793E-01  1.70793E-01  1.70793E-01  1.70793E-01  1.70793E-01  1.70793E-01  1.70793E-01  1.70793E-01  1.70793E-01  1.70793E-01
   19219   2  0.00000E+00  0.00000E+00  0.00000E+00  0.00000E+00  0.00000E+00  0.00000E+00  0.00000E+00  0.00000E+00  0.00000E+00  0.00000E+00  0.00000E+00  0.00000E+00  0.00000E+00  0.00000E+00  0.00000E+00  0.00000E+00  0.00000E+00  0.00000E+00  0.00000E+00  0.00000E+00  0.00000E+00  0.00000E+00  0.00000E+00  0.00000E+00
   18505   2  2.30587E+02  2.27174E+02  2.14499E+02  1.93537E+02  1.71599E+02  1.45056E+02  1.34311E+02  1.28938E+02  1.27148E+02  1.30729E+02  1.41474E+02  1.58487E+02  1.80424E+02  1.93855E+02  2.04600E+02  2.14002E+02  2.17583E+02  2.21165E+02  2.22508E+02  2.24299E+02  2.23851E+02  2.22508E+02  2.18927E+02  2.13554E+02
   18505   3  3.49883E-01  3.49883E-01  3.49883E-01  3.49883E-01  3.49883E-01  3.49883E-01  3.49883E-01  3.49883E-01  3.49883E-01  3.49883E-01  3.49883E-01  3.49883E-01  3.49883E-01  3.49883E-01  3.49883E-01  3.49883E-01  3.49883E-01  3.49883E-01  3.49883E-01  3.49883E-01  3.49883E-01  3.49883E-01  3.49883E-01  3.49883E-01
   18505   7  1.01629E+02  1.01629E+02  1.01629E+02  1.01629E+02  1.01629E+02  1.01629E+02  1.01629E+02  1.01629E+02  1.01629E+02  1.01629E+02  1.01629E+02  1.01629E+02  1.01629E+02  1.01629E+02  1.01629E+02  1.01629E+02  1.01629E+02  1.01629E+02  1.01629E+02  1.01629E+02  1.01629E+02  1.01629E+02  1.01629E+02  1.01629E+02
   17452   2  3.69958E-01  3.69958E-01  3.69958E-01  3.69958E-01  3.69958E-01  3.69958E-01  3.69958E-01  3.69958E-01  3.69958E-01  3.69958E-01  3.69958E-01  3.69958E-01  3.69958E-01  3.69958E-01  3.69958E-01  3.69958E-01  3.69958E-01  3.69958E-01  3.69958E-01  3.69958E-01  3.69958E-01  3.69958E-01  3.69958E-01  3.69958E-01
    6979   3  1.73767E-01  1.73767E-01  1.73767E-01  1.73767E-01  1.73767E-01  1.73767E-01  1.73767E-01  1.73767E-01  1.73767E-01  1.73767E-01  1.73767E-01  1.73767E-01  1.73767E-01  1.73767E-01  1.73767E-01  1.73767E-01  1.73767E-01  1.73767E-01  1.73767E-01  1.73767E-01  1.73767E-01  1.73767E-01  1.73767E-01  1.73767E-01
    9108   3  1.16048E+00  1.16048E+00  1.16048E+00  1.16048E+00  1.16048E+00  5.20548E-01  5.20548E-01  5.20548E-01  5.20548E-01  5.20548E-01  5.20548E-01  5.20548E-01  5.20548E-01  1.16048E+00  1.16048E+00  1.16048E+00  1.16048E+00  1.16048E+00  1.16048E+00  1.16048E+00  1.16048E+00  1.16048E+00  1.16048E+00  1.16048E+00
    2407   3  0.00000E+00  0.00000E+00  0.00000E+00  0.00000E+00  0.00000E+00  0.00000E+00  0.00000E+00  0.00000E+00  0.00000E+00  0.00000E+00  0.00000E+00  0.00000E+00  0.00000E+00  0.00000E+00  0.00000E+00  0.00000E+00  0.00000E+00  0.00000E+00  0.00000E+00  0.00000E+00  0.00000E+00  0.00000E+00  0.00000E+00  0.00000E+00
    2407   2  0.00000E+00  0.00000E+00  0.00000E+00  0.00000E+00  0.00000E+00  0.00000E+00  0.00000E+00  0.00000E+00  0.00000E+00  0.00000E+00  0.00000E+00  0.00000E+00  0.00000E+00  0.00000E+00  0.00000E+00  0.00000E+00  0.00000E+00  0.00000E+00  0.00000E+00  0.00000E+00  0.00000E+00  0.00000E+00  0.00000E+00  0.00000E+00
   13341   3  5.38808E-03  5.38808E-03  5.38808E-03  5.38808E-03  5.38808E-03  5.38808E-03  5.38808E-03  5.38808E-03  5.38808E-03  5.38808E-03  5.38808E-03  5.38808E-03  5.38808E-03  5.38808E-03  5.38808E-03  5.38808E-03  5.38808E-03  5.38808E-03  5.38808E-03  5.38808E-03  5.38808E-03  5.38808E-03  5.38808E-03  5.38808E-03
    9455   3  8.00082E-01  8.00082E-01  8.00082E-01  8.00082E-01  8.00082E-01  8.00082E-01  8.00082E-01  8.00082E-01  8.00082E-01  8.00082E-01  8.00082E-01  8.00082E-01  8.00082E-01  8.00082E-01  8.00082E-01  8.00082E-01  8.00082E-01  8.00082E-01  8.00082E-01  8.00082E-01  8.00082E-01  8.00082E-01  8.00082E-01  8.00082E-01
   11927   3  1.13255E+00  1.13255E+00  1.13255E+00  1.13255E+00  1.13255E+00  1.13255E+00  1.13255E+00  1.13255E+00  1.13255E+00  1.13255E+00  1.13255E+00  1.13255E+00  1.13255E+00  1.13255E+00  1.13255E+00  1.13255E+00  1.13255E+00  1.13255E+00  1.13255E+00  1.13255E+00  1.13255E+00  1.13255E+00  1.13255E+00  1.13255E+00
   12279   3  2.07435E+00  2.07435E+00  2.07435E+00  2.07435E+00  2.07435E+00  2.07435E+00  2.07435E+00  2.07435E+00  2.07435E+00  2.07435E+00  2.07435E+00  2.07435E+00  2.07435E+00  2.07435E+00  2.07435E+00  2.07435E+00  2.07435E+00  2.07435E+00  2.07435E+00  2.07435E+00  2.07435E+00  2.07435E+00  2.07435E+00  2.07435E+00
   12635   3  3.23831E-01  3.23831E-01  3.23831E-01  3.23831E-01  3.23831E-01  3.23831E-01  3.23831E-01  3.23831E-01  3.23831E-01  3.23831E-01  3.23831E-01  3.23831E-01  3.23831E-01  3.23831E-01  3.23831E-01  3.23831E-01  3.23831E-01  3.23831E-01  3.23831E-01  3.23831E-01  3.23831E-01  3.23831E-01  3.23831E-01  3.23831E-01
   12636   3  1.56907E-01  1.56907E-01  1.56907E-01  1.56907E-01  1.56907E-01  1.56907E-01  1.56907E-01  1.56907E-01  1.56907E-01  1.56907E-01  1.56907E-01  1.56907E-01  1.56907E-01  1.56907E-01  1.56907E-01  1.56907E-01  1.56907E-01  1.56907E-01  1.56907E-01  1.56907E-01  1.56907E-01  1.56907E-01  1.56907E-01  1.56907E-01
   14046   3  3.61921E+00  3.61921E+00  3.61921E+00  3.61921E+00  3.61921E+00  3.61921E+00  3.61921E+00  3.61921E+00  3.61921E+00  3.61921E+00  3.61921E+00  3.61921E+00  3.61921E+00  3.61921E+00  3.61921E+00  3.61921E+00  3.61921E+00  3.61921E+00  3.61921E+00  3.61921E+00  3.61921E+00  3.61921E+00  3.61921E+00  3.61921E+00
   14047   3  5.81905E+00  5.81905E+00  5.81905E+00  5.81905E+00  5.81905E+00  5.81905E+00  5.81905E+00  5.81905E+00  5.81905E+00  5.81905E+00  5.81905E+00  5.81905E+00  5.81905E+00  5.81905E+00  5.81905E+00  5.81905E+00  5.81905E+00  5.81905E+00  5.81905E+00  5.81905E+00  5.81905E+00  5.81905E+00  5.81905E+00  5.81905E+00
   14047   2  1.15873E+01  1.15873E+01  1.15873E+01  1.15873E+01  1.15873E+01  1.15873E+01  1.15873E+01  1.15873E+01  1.15873E+01  1.15873E+01  1.15873E+01  1.15873E+01  1.15873E+01  1.15873E+01  1.15873E+01  1.15873E+01  1.15873E+01  1.15873E+01  1.15873E+01  1.15873E+01  1.15873E+01  1.15873E+01  1.15873E+01  1.15873E+01
    9465   3  2.37086E-06  2.37086E-06  2.37086E-06  2.37086E-06  2.37086E-06  2.37086E-06  2.37086E-06  2.37086E-06  2.37086E-06  2.37086E-06  2.37086E-06  2.37086E-06  2.37086E-06  2.37086E-06  2.37086E-06  2.37086E-06  2.37086E-06  2.37086E-06  2.37086E-06  2.37086E-06  2.37086E-06  2.37086E-06  2.37086E-06  2.37086E-06
    1352   7  2.43969E+01  2.43969E+01  2.43969E+01  2.43969E+01  2.43969E+01  2.43969E+01  2.43969E+01  2.43969E+01  2.43969E+01  2.43969E+01  2.43969E+01  2.43969E+01  2.43969E+01  2.43969E+01  2.43969E+01  2.43969E+01  2.43969E+01  2.43969E+01  2.43969E+01  2.43969E+01  2.43969E+01  2.43969E+01  2.43969E+01  2.43969E+01
    1352   4  1.15247E-04  1.15247E-04  1.15247E-04  1.15247E-04  1.15247E-04  1.15247E-04  1.15247E-04  1.15247E-04  1.15247E-04  1.15247E-04  1.15247E-04  1.15247E-04  1.15247E-04  1.15247E-04  1.15247E-04  1.15247E-04  1.15247E-04  1.15247E-04  1.15247E-04  1.15247E-04  1.15247E-04  1.15247E-04  1.15247E-04  1.15247E-04
    9106   3  1.28906E-02  1.28906E-02  1.28906E-02  1.28906E-02  1.28906E-02  1.28906E-02  1.28906E-02  1.28906E-02  1.28906E-02  1.28906E-02  1.28906E-02  1.28906E-02  1.28906E-02  1.28906E-02  1.28906E-02  1.28906E-02  1.28906E-02  1.28906E-02  1.28906E-02  1.28906E-02  1.28906E-02  1.28906E-02  1.28906E-02  1.28906E-02
    9458   7  6.09576E+01  6.09576E+01  6.09576E+01  6.09576E+01  6.09576E+01  6.09576E+01  6.09576E+01  6.09576E+01  6.09576E+01  6.09576E+01  6.09576E+01  6.09576E+01  6.09576E+01  6.09576E+01  6.09576E+01  6.09576E+01  6.09576E+01  6.09576E+01  6.09576E+01  6.09576E+01  6.09576E+01  6.09576E+01  6.09576E+01  6.09576E+01
    9458   3  0.00000E+00  0.00000E+00  0.00000E+00  0.00000E+00  0.00000E+00  0.00000E+00  0.00000E+00  0.00000E+00  0.00000E+00  0.00000E+00  0.00000E+00  0.00000E+00  0.00000E+00  0.00000E+00  0.00000E+00  0.00000E+00  0.00000E+00  0.00000E+00  0.00000E+00  0.00000E+00  0.00000E+00  0.00000E+00  0.00000E+00  0.00000E+00
    9458   2  0.00000E+00  0.00000E+00  0.00000E+00  0.00000E+00  0.00000E+00  0.00000E+00  0.00000E+00  0.00000E+00  0.00000E+00  0.00000E+00  0.00000E+00  0.00000E+00  0.00000E+00  0.00000E+00  0.00000E+00  0.00000E+00  0.00000E+00  0.00000E+00  0.00000E+00  0.00000E+00  0.00000E+00  0.00000E+00  0.00000E+00  0.00000E+00
    6635   3  0.00000E+00  0.00000E+00  0.00000E+00  0.00000E+00  0.00000E+00  0.00000E+00  0.00000E+00  0.00000E+00  0.00000E+00  0.00000E+00  0.00000E+00  0.00000E+00  0.00000E+00  0.00000E+00  0.00000E+00  0.00000E+00  0.00000E+00  0.00000E+00  0.00000E+00  0.00000E+00  0.00000E+00  0.00000E+00  0.00000E+00  0.00000E+00
    6635   2  0.00000E+00  0.00000E+00  0.00000E+00  0.00000E+00  0.00000E+00  0.00000E+00  0.00000E+00  0.00000E+00  0.00000E+00  0.00000E+00  0.00000E+00  0.00000E+00  0.00000E+00  0.00000E+00  0.00000E+00  0.00000E+00  0.00000E+00  0.00000E+00  0.00000E+00  0.00000E+00  0.00000E+00  0.00000E+00  0.00000E+00  0.00000E+00
   11586   3  2.35635E-03  2.35635E-03  2.35635E-03  2.35635E-03  2.35635E-03  2.35635E-03  2.35635E-03  2.35635E-03  2.35635E-03  2.35635E-03  2.35635E-03  2.35635E-03  2.35635E-03  2.35635E-03  2.35635E-03  2.35635E-03  2.35635E-03  2.35635E-03  2.35635E-03  2.35635E-03  2.35635E-03  2.35635E-03  2.35635E-03  2.35635E-03
   19977   3  2.32549E+02  2.32549E+02  2.07593E+01  2.07593E+01  2.07593E+01  1.59593E+01  1.59593E+01  1.59593E+01  1.59593E+01  1.59593E+01  1.59593E+01  1.59593E+01  1.59593E+01  2.34320E+02  2.34320E+02  2.34320E+02  2.34320E+02  2.34320E+02  2.34320E+02  2.34320E+02  2.34320E+02  2.32549E+02  2.32549E+02  2.32549E+02
   19977   4  7.89826E+01  7.89826E+01  7.89826E+01  7.89826E+01  7.89826E+01  7.89826E+01  7.89826E+01  7.89826E+01  7.89826E+01  7.89826E+01  7.89826E+01  7.89826E+01  7.89826E+01  8.16786E+01  8.16786E+01  8.16786E+01  8.16786E+01  8.16786E+01  8.16786E+01  8.16786E+01  8.16786E+01  7.89826E+01  7.89826E+01  7.89826E+01
   19977   5  4.51071E+02  4.51071E+02  4.51071E+02  4.51071E+02  4.51071E+02  4.51071E+02  4.51071E+02  4.51071E+02  4.51071E+02  4.51071E+02  4.51071E+02  4.51071E+02  4.51071E+02  4.51071E+02  4.51071E+02  4.51071E+02  4.51071E+02  4.51071E+02  4.51071E+02  4.51071E+02  4.51071E+02  4.51071E+02  4.51071E+02  4.51071E+02
   20329   4  1.24205E+01  1.24205E+01  1.24205E+01  1.24205E+01  1.24205E+01  1.24205E+01  1.24205E+01  1.24205E+01  1.24205E+01  1.24205E+01  1.24205E+01  1.24205E+01  1.24205E+01  1.70292E+01  1.70292E+01  1.70292E+01  1.70292E+01  1.70292E+01  1.70292E+01  1.70292E+01  1.70292E+01  1.24205E+01  1.24205E+01  1.24205E+01
   20330   4  7.07523E+01  7.07523E+01  7.07523E+01  7.07523E+01  7.07523E+01  7.07523E+01  7.07523E+01  7.07523E+01  7.07523E+01  7.07523E+01  7.07523E+01  7.07523E+01  7.07523E+01  7.07523E+01  7.07523E+01  7.07523E+01  7.07523E+01  7.07523E+01  7.07523E+01  7.07523E+01  7.07523E+01  7.07523E+01  7.07523E+01  7.07523E+01
   19977   2  1.96872E+00  1.96835E+00  1.96699E+00  1.96474E+00  1.96238E+00  1.95953E+00  1.95838E+00  1.95780E+00  1.95761E+00  1.95800E+00  1.95915E+00  1.96098E+00  1.96333E+00  1.96477E+00  1.96593E+00  1.96694E+00  1.96732E+00  1.96771E+00  1.96785E+00  1.96804E+00  1.96800E+00  1.96785E+00  1.96747E+00  1.96689E+00
   19976   4  3.63142E+01  3.63142E+01  3.63142E+01  3.63142E+01  3.63142E+01  3.63142E+01  3.63142E+01  3.63142E+01  3.63142E+01  3.63142E+01  3.63142E+01  3.63142E+01  3.63142E+01  3.63142E+01  3.63142E+01  3.63142E+01  3.63142E+01  3.63142E+01  3.63142E+01  3.63142E+01  3.63142E+01  3.63142E+01  3.63142E+01  3.63142E+01
   19977   7  7.40068E-01  7.40068E-01  7.40068E-01  7.40068E-01  7.40068E-01  0.00000E+00  0.00000E+00  0.00000E+00  0.00000E+00  0.00000E+00  0.00000E+00  0.00000E+00  7.40068E-01  7.87866E+01  7.87866E+01  7.87866E+01  7.87866E+01  7.87866E+01  7.87866E+01  7.87866E+01  7.87866E+01  7.40068E-01  7.40068E-01  7.40068E-01
   20330   3  4.28803E+01  4.28803E+01  3.58480E+01  3.58480E+01  3.58480E+01  3.56026E+01  3.56026E+01  3.56026E+01  3.56026E+01  3.56026E+01  3.56026E+01  3.56026E+01  3.56026E+01  4.29478E+01  4.29478E+01  4.29478E+01  4.29478E+01  4.29478E+01  4.29478E+01  4.29478E+01  4.29478E+01  4.28803E+01  4.28803E+01  4.28803E+01
   19976   3  9.08073E+00  9.08073E+00  1.64353E+00  1.64353E+00  1.64353E+00  1.50554E+00  1.50554E+00  1.50554E+00  1.50554E+00  1.50554E+00  1.50554E+00  1.50554E+00  1.50554E+00  9.08073E+00  9.08073E+00  9.08073E+00  9.08073E+00  9.08073E+00  9.08073E+00  9.08073E+00  9.08073E+00  9.08073E+00  9.08073E+00  9.08073E+00
   19624   3  4.92186E+01  4.92186E+01  3.31807E+00  3.31807E+00  3.31807E+00  3.04942E+00  3.04942E+00  3.04942E+00  3.04942E+00  3.04942E+00  3.04942E+00  3.04942E+00  3.04942E+00  4.92186E+01  4.92186E+01  4.92186E+01  4.92186E+01  4.92186E+01  4.92186E+01  4.92186E+01  4.92186E+01  4.92186E+01  4.92186E+01  4.92186E+01
   19271   4  9.53376E+00  9.53376E+00  9.53376E+00  9.53376E+00  9.53376E+00  9.53376E+00  9.53376E+00  9.53376E+00  9.53376E+00  9.53376E+00  9.53376E+00  9.53376E+00  9.53376E+00  9.53376E+00  9.53376E+00  9.53376E+00  9.53376E+00  9.53376E+00  9.53376E+00  9.53376E+00  9.53376E+00  9.53376E+00  9.53376E+00  9.53376E+00
   19271   7  0.00000E+00  0.00000E+00  0.00000E+00  0.00000E+00  0.00000E+00  0.00000E+00  0.00000E+00  0.00000E+00  0.00000E+00  0.00000E+00  0.00000E+00  0.00000E+00  0.00000E+00  2.38585E-01  2.38585E-01  2.38585E-01  2.38585E-01  2.38585E-01  2.38585E-01  2.38585E-01  2.38585E-01  0.00000E+00  0.00000E+00  0.00000E+00
   19624   4  9.40888E+00  9.40888E+00  9.40888E+00  9.40888E+00  9.40888E+00  9.40888E+00  9.40888E+00  9.40888E+00  9.40888E+00  9.40888E+00  9.40888E+00  9.40888E+00  9.40888E+00  9.40888E+00  9.40888E+00  9.40888E+00  9.40888E+00  9.40888E+00  9.40888E+00  9.40888E+00  9.40888E+00  9.40888E+00  9.40888E+00  9.40888E+00
   19271   3  7.58722E+00  7.58722E+00  7.45375E+00  7.45375E+00  7.45375E+00  7.37390E+00  7.37390E+00  7.37390E+00  7.37390E+00  7.37390E+00  7.37390E+00  7.37390E+00  7.37390E+00  7.58722E+00  7.58722E+00  7.58722E+00  7.58722E+00  7.58722E+00  7.58722E+00  7.58722E+00  7.58722E+00  7.58722E+00  7.58722E+00  7.58722E+00
   19272   4  2.06603E+00  2.06603E+00  2.06603E+00  2.06603E+00  2.06603E+00  2.06603E+00  2.06603E+00  2.06603E+00  2.06603E+00  2.06603E+00  2.06603E+00  2.06603E+00  2.06603E+00  2.06603E+00  2.06603E+00  2.06603E+00  2.06603E+00  2.06603E+00  2.06603E+00  2.06603E+00  2.06603E+00  2.06603E+00  2.06603E+00  2.06603E+00
   19622   3  8.73366E-04  8.73366E-04  8.73366E-04  8.73366E-04  8.73366E-04  8.73366E-04  8.73366E-04  8.73366E-04  8.73366E-04  8.73366E-04  8.73366E-04  8.73366E-04  8.73366E-04  8.73366E-04  8.73366E-04  8.73366E-04  8.73366E-04  8.73366E-04  8.73366E-04  8.73366E-04  8.73366E-04  8.73366E-04  8.73366E-04  8.73366E-04
   19269   4  9.71692E-04  9.71692E-04  9.71692E-04  9.71692E-04  9.71692E-04  9.71692E-04  9.71692E-04  9.71692E-04  9.71692E-04  9.71692E-04  9.71692E-04  9.71692E-04  9.71692E-04  9.71692E-04  9.71692E-04  9.71692E-04  9.71692E-04  9.71692E-04  9.71692E-04  9.71692E-04  9.71692E-04  9.71692E-04  9.71692E-04  9.71692E-04
   20330   5  2.94902E-01  2.94902E-01  2.94902E-01  2.94902E-01  2.94902E-01  2.94902E-01  2.94902E-01  2.94902E-01  2.94902E-01  2.94902E-01  2.94902E-01  2.94902E-01  2.94902E-01  2.94902E-01  2.94902E-01  2.94902E-01  2.94902E-01  2.94902E-01  2.94902E-01  2.94902E-01  2.94902E-01  2.94902E-01  2.94902E-01  2.94902E-01
   19978   4  2.68012E+01  2.68012E+01  2.68012E+01  2.68012E+01  2.68012E+01  2.68012E+01  2.68012E+01  2.68012E+01  2.68012E+01  2.68012E+01  2.68012E+01  2.68012E+01  2.68012E+01  8.01280E+01  8.01280E+01  8.01280E+01  8.01280E+01  8.01280E+01  8.01280E+01  8.01280E+01  8.01280E+01  2.68012E+01  2.68012E+01  2.68012E+01
   19978   3  1.03384E+01  1.03384E+01  3.38225E+00  3.38225E+00  3.38225E+00  3.07844E+00  3.07844E+00  3.07844E+00  3.07844E+00  3.07844E+00  3.07844E+00  3.07844E+00  3.07844E+00  1.03384E+01  1.03384E+01  1.03384E+01  1.03384E+01  1.03384E+01  1.03384E+01  1.03384E+01  1.03384E+01  1.03384E+01  1.03384E+01  1.03384E+01
   19625   3  4.06972E+01  4.06972E+01  2.30777E+01  2.30777E+01  2.30777E+01  2.26086E+01  2.26086E+01  2.26086E+01  2.26086E+01  2.26086E+01  2.26086E+01  2.26086E+01  2.26086E+01  7.15648E+01  7.15648E+01  7.15648E+01  7.15648E+01  7.15648E+01  7.15648E+01  7.15648E+01  7.15648E+01  4.06972E+01  4.06972E+01  4.06972E+01
   19625   4  1.68207E+02  1.68207E+02  1.68207E+02  1.68207E+02  1.68207E+02  1.68207E+02  1.68207E+02  1.68207E+02  1.68207E+02  1.68207E+02  1.68207E+02  1.68207E+02  1.68207E+02  1.68912E+02  1.68912E+02  1.68912E+02  1.68912E+02  1.68912E+02  1.68912E+02  1.68912E+02  1.68912E+02  1.68207E+02  1.68207E+02  1.68207E+02
   19625   7  3.59187E-01  3.59187E-01  3.59187E-01  3.59187E-01  3.59187E-01  0.00000E+00  0.00000E+00  0.00000E+00  0.00000E+00  0.00000E+00  0.00000E+00  0.00000E+00  3.59187E-01  1.54330E+00  1.54330E+00  1.54330E+00  1.54330E+00  1.54330E+00  1.54330E+00  1.54330E+00  1.54330E+00  3.59187E-01  3.59187E-01  3.59187E-01
   19625   5  9.66617E-02  9.66617E-02  9.66617E-02  9.66617E-02  9.66617E-02  9.66617E-02  9.66617E-02  9.66617E-02  9.66617E-02  9.66617E-02  9.66617E-02  9.66617E-02  9.66617E-02  9.66617E-02  9.66617E-02  9.66617E-02  9.66617E-02  9.66617E-02  9.66617E-02  9.66617E-02  9.66617E-02  9.66617E-02  9.66617E-02  9.66617E-02
   19272   3  1.23859E+00  1.23859E+00  3.84353E-01  3.84353E-01  3.84353E-01  3.22035E-01  3.22035E-01  3.22035E-01  3.22035E-01  3.22035E-01  3.22035E-01  3.22035E-01  3.22035E-01  1.23859E+00  1.23859E+00  1.23859E+00  1.23859E+00  1.23859E+00  1.23859E+00  1.23859E+00  1.23859E+00  1.23859E+00  1.23859E+00  1.23859E+00
   19626   3  7.67561E-01  7.67561E-01  7.67561E-01  7.67561E-01  7.67561E-01  6.92740E-01  6.92740E-01  6.92740E-01  6.92740E-01  6.92740E-01  6.92740E-01  6.92740E-01  6.92740E-01  7.69208E-01  7.69208E-01  7.69208E-01  7.69208E-01  7.69208E-01  7.69208E-01  7.69208E-01  7.69208E-01  7.67561E-01  7.67561E-01  7.67561E-01
   19626   4  1.27842E+01  1.27842E+01  1.27842E+01  1.27842E+01  1.27842E+01  1.27842E+01  1.27842E+01  1.27842E+01  1.27842E+01  1.27842E+01  1.27842E+01  1.27842E+01  1.27842E+01  1.27842E+01  1.27842E+01  1.27842E+01  1.27842E+01  1.27842E+01  1.27842E+01  1.27842E+01  1.27842E+01  1.27842E+01  1.27842E+01  1.27842E+01
   19626   5  3.11845E-02  3.11845E-02  3.11845E-02  3.11845E-02  3.11845E-02  3.11845E-02  3.11845E-02  3.11845E-02  3.11845E-02  3.11845E-02  3.11845E-02  3.11845E-02  3.11845E-02  3.11845E-02  3.11845E-02  3.11845E-02  3.11845E-02  3.11845E-02  3.11845E-02  3.11845E-02  3.11845E-02  3.11845E-02  3.11845E-02  3.11845E-02
   19270   3  6.30790E-01  6.30790E-01  4.80796E-01  4.80796E-01  4.80796E-01  4.80796E-01  4.80796E-01  4.80796E-01  4.80796E-01  4.80796E-01  4.80796E-01  4.80796E-01  4.80796E-01  6.30817E-01  6.30817E-01  6.30817E-01  6.30817E-01  6.30817E-01  6.30817E-01  6.30817E-01  6.30817E-01  6.30790E-01  6.30790E-01  6.30790E-01
   19270   4  3.28845E+01  3.28845E+01  3.28845E+01  3.28845E+01  3.28845E+01  3.28845E+01  3.28845E+01  3.28845E+01  3.28845E+01  3.28845E+01  3.28845E+01  3.28845E+01  3.28845E+01  3.28865E+01  3.28865E+01  3.28865E+01  3.28865E+01  3.28865E+01  3.28865E+01  3.28865E+01  3.28865E+01  3.28845E+01  3.28845E+01  3.28845E+01
   19623   4  1.66126E-02  1.66126E-02  1.66126E-02  1.66126E-02  1.66126E-02  1.66126E-02  1.66126E-02  1.66126E-02  1.66126E-02  1.66126E-02  1.66126E-02  1.66126E-02  1.66126E-02  1.66126E-02  1.66126E-02  1.66126E-02  1.66126E-02  1.66126E-02  1.66126E-02  1.66126E-02  1.66126E-02  1.66126E-02  1.66126E-02  1.66126E-02
   19623   3  6.97882E-01  6.97882E-01  6.97882E-01  6.97882E-01  6.97882E-01  6.97882E-01  6.97882E-01  6.97882E-01  6.97882E-01  6.97882E-01  6.97882E-01  6.97882E-01  6.97882E-01  6.97882E-01  6.97882E-01  6.97882E-01  6.97882E-01  6.97882E-01  6.97882E-01  6.97882E-01  6.97882E-01  6.97882E-01  6.97882E-01  6.97882E-01
   19623   7  0.00000E+00  0.00000E+00  0.00000E+00  0.00000E+00  0.00000E+00  0.00000E+00  0.00000E+00  0.00000E+00  0.00000E+00  0.00000E+00  0.00000E+00  0.00000E+00  0.00000E+00  1.41516E+00  1.41516E+00  1.41516E+00  1.41516E+00  1.41516E+00  1.41516E+00  1.41516E+00  1.41516E+00  0.00000E+00  0.00000E+00  0.00000E+00
   19273   4  3.84393E+00  3.84393E+00  3.84393E+00  3.84393E+00  3.84393E+00  3.84393E+00  3.84393E+00  3.84393E+00  3.84393E+00  3.84393E+00  3.84393E+00  3.84393E+00  3.84393E+00  3.84393E+00  3.84393E+00  3.84393E+00  3.84393E+00  3.84393E+00  3.84393E+00  3.84393E+00  3.84393E+00  3.84393E+00  3.84393E+00  3.84393E+00
   19273   3  1.22606E+00  1.22606E+00  7.45553E-01  7.45553E-01  7.45553E-01  7.45553E-01  7.45553E-01  7.45553E-01  7.45553E-01  7.45553E-01  7.45553E-01  7.45553E-01  7.45553E-01  5.68881E+00  5.68881E+00  5.68881E+00  5.68881E+00  5.68881E+00  5.68881E+00  5.68881E+00  5.68881E+00  1.22606E+00  1.22606E+00  1.22606E+00
   19273   5  1.90839E-02  1.90839E-02  1.90839E-02  1.90839E-02  1.90839E-02  1.90839E-02  1.90839E-02  1.90839E-02  1.90839E-02  1.90839E-02  1.90839E-02  1.90839E-02  1.90839E-02  1.90839E-02  1.90839E-02  1.90839E-02  1.90839E-02  1.90839E-02  1.90839E-02  1.90839E-02  1.90839E-02  1.90839E-02  1.90839E-02  1.90839E-02
   18917   4  2.05675E+00  2.05675E+00  2.05675E+00  2.05675E+00  2.05675E+00  2.05675E+00  2.05675E+00  2.05675E+00  2.05675E+00  2.05675E+00  2.05675E+00  2.05675E+00  2.05675E+00  2.05675E+00  2.05675E+00  2.05675E+00  2.05675E+00  2.05675E+00  2.05675E+00  2.05675E+00  2.05675E+00  2.05675E+00  2.05675E+00  2.05675E+00
   18917   3  7.63671E-01  7.63671E-01  2.86828E-03  2.86828E-03  2.86828E-03  2.86828E-03  2.86828E-03  2.86828E-03  2.86828E-03  2.86828E-03  2.86828E-03  2.86828E-03  2.86828E-03  7.63671E-01  7.63671E-01  7.63671E-01  7.63671E-01  7.63671E-01  7.63671E-01  7.63671E-01  7.63671E-01  7.63671E-01  7.63671E-01  7.63671E-01
   18919   3  5.70287E-01  5.70287E-01  2.25478E-01  2.25478E-01  2.25478E-01  1.80688E-01  1.80688E-01  1.80688E-01  1.80688E-01  1.80688E-01  1.80688E-01  1.80688E-01  1.80688E-01  5.70287E-01  5.70287E-01  5.70287E-01  5.70287E-01  5.70287E-01  5.70287E-01  5.70287E-01  5.70287E-01  5.70287E-01  5.70287E-01  5.70287E-01
   18919   4  4.68385E-01  4.68385E-01  4.68385E-01  4.68385E-01  4.68385E-01  4.68385E-01  4.68385E-01  4.68385E-01  4.68385E-01  4.68385E-01  4.68385E-01  4.68385E-01  4.68385E-01  4.68385E-01  4.68385E-01  4.68385E-01  4.68385E-01  4.68385E-01  4.68385E-01  4.68385E-01  4.68385E-01  4.68385E-01  4.68385E-01  4.68385E-01
   19624   5  3.67876E-03  3.67876E-03  3.67876E-03  3.67876E-03  3.67876E-03  3.67876E-03  3.67876E-03  3.67876E-03  3.67876E-03  3.67876E-03  3.67876E-03  3.67876E-03  3.67876E-03  3.67876E-03  3.67876E-03  3.67876E-03  3.67876E-03  3.67876E-03  3.67876E-03  3.67876E-03  3.67876E-03  3.67876E-03  3.67876E-03  3.67876E-03
   19976   5  4.16874E-02  4.16874E-02  4.16874E-02  4.16874E-02  4.16874E-02  4.16874E-02  4.16874E-02  4.16874E-02  4.16874E-02  4.16874E-02  4.16874E-02  4.16874E-02  4.16874E-02  4.16874E-02  4.16874E-02  4.16874E-02  4.16874E-02  4.16874E-02  4.16874E-02  4.16874E-02  4.16874E-02  4.16874E-02  4.16874E-02  4.16874E-02
   19976   2  3.77588E+00  3.77588E+00  3.77588E+00  3.77588E+00  3.77588E+00  3.75627E+00  3.75627E+00  3.75627E+00  3.75627E+00  3.75627E+00  3.75627E+00  3.75627E+00  3.75627E+00  3.77588E+00  3.77588E+00  3.77588E+00  3.77588E+00  3.77588E+00  3.77588E+00  3.77588E+00  3.77588E+00  3.77588E+00  3.77588E+00  3.77588E+00
   19978   7  0.00000E+00  0.00000E+00  0.00000E+00  0.00000E+00  0.00000E+00  0.00000E+00  0.00000E+00  0.00000E+00  0.00000E+00  0.00000E+00  0.00000E+00  0.00000E+00  0.00000E+00  1.47001E+00  1.47001E+00  1.47001E+00  1.47001E+00  1.47001E+00  1.47001E+00  1.47001E+00  1.47001E+00  0.00000E+00  0.00000E+00  0.00000E+00
   44604   3  8.76246E-04  8.76246E-04  8.76246E-04  8.76246E-04  8.76246E-04  8.76246E-04  8.76246E-04  8.76246E-04  8.76246E-04  8.76246E-04  8.76246E-04  8.76246E-04  8.76246E-04  8.76246E-04  8.76246E-04  8.76246E-04  8.76246E-04  8.76246E-04  8.76246E-04  8.76246E-04  8.76246E-04  8.76246E-04  8.76246E-04  8.76246E-04
   42517   3  1.02269E-05  1.02269E-05  1.02269E-05  1.02269E-05  1.02269E-05  1.02269E-05  1.02269E-05  1.02269E-05  1.02269E-05  1.02269E-05  1.02269E-05  1.02269E-05  1.02269E-05  1.02269E-05  1.02269E-05  1.02269E-05  1.02269E-05  1.02269E-05  1.02269E-05  1.02269E-05  1.02269E-05  1.02269E-05  1.02269E-05  1.02269E-05
   43929   3  0.00000E+00  0.00000E+00  0.00000E+00  0.00000E+00  0.00000E+00  0.00000E+00  0.00000E+00  0.00000E+00  0.00000E+00  0.00000E+00  0.00000E+00  0.00000E+00  0.00000E+00  0.00000E+00  0.00000E+00  0.00000E+00  0.00000E+00  0.00000E+00  0.00000E+00  0.00000E+00  0.00000E+00  0.00000E+00  0.00000E+00  0.00000E+00
   39330   3  2.72782E-03  2.72782E-03  2.72782E-03  2.72782E-03  2.72782E-03  2.72782E-03  2.72782E-03  2.72782E-03  2.72782E-03  2.72782E-03  2.72782E-03  2.72782E-03  2.72782E-03  2.72782E-03  2.72782E-03  2.72782E-03  2.72782E-03  2.72782E-03  2.72782E-03  2.72782E-03  2.72782E-03  2.72782E-03  2.72782E-03  2.72782E-03
   39327   2  5.34292E+00  5.34292E+00  5.34292E+00  5.34292E+00  5.34292E+00  5.34292E+00  5.34292E+00  5.34292E+00  5.34292E+00  5.34292E+00  5.34292E+00  5.34292E+00  5.34292E+00  5.34292E+00  5.34292E+00  5.34292E+00  5.34292E+00  5.34292E+00  5.34292E+00  5.34292E+00  5.34292E+00  5.34292E+00  5.34292E+00  5.34292E+00
   39327   4  3.09329E+00  3.09329E+00  3.09329E+00  3.09329E+00  3.09329E+00  3.09329E+00  3.09329E+00  3.09329E+00  3.09329E+00  3.09329E+00  3.09329E+00  3.09329E+00  3.09329E+00  3.09329E+00  3.09329E+00  3.09329E+00  3.09329E+00  3.09329E+00  3.09329E+00  3.09329E+00  3.09329E+00  3.09329E+00  3.09329E+00  3.09329E+00
   39683   4  2.29713E-01  2.29713E-01  2.29713E-01  2.29713E-01  2.29713E-01  2.29713E-01  2.29713E-01  2.29713E-01  2.29713E-01  2.29713E-01  2.29713E-01  2.29713E-01  2.29713E-01  2.29713E-01  2.29713E-01  2.29713E-01  2.29713E-01  2.29713E-01  2.29713E-01  2.29713E-01  2.29713E-01  2.29713E-01  2.29713E-01  2.29713E-01
   39682   7  3.09186E+03  3.09186E+03  3.09186E+03  3.09186E+03  3.09186E+03  3.09186E+03  3.09186E+03  3.09186E+03  3.09186E+03  3.09186E+03  3.09186E+03  3.09186E+03  3.09186E+03  3.09186E+03  3.09186E+03  3.09186E+03  3.09186E+03  3.09186E+03  3.09186E+03  3.09186E+03  3.09186E+03  3.09186E+03  3.09186E+03  3.09186E+03
   46049   3  5.60376E-01  5.60376E-01  5.60376E-01  5.60376E-01  5.60376E-01  5.60376E-01  5.60376E-01  5.60376E-01  5.60376E-01  5.60376E-01  5.60376E-01  5.60376E-01  5.60376E-01  5.60376E-01  5.60376E-01  5.60376E-01  5.60376E-01  5.60376E-01  5.60376E-01  5.60376E-01  5.60376E-01  5.60376E-01  5.60376E-01  5.60376E-01
   46755   2  2.42537E+01  2.38948E+01  2.25616E+01  2.03567E+01  1.80493E+01  1.52573E+01  1.41272E+01  1.35621E+01  1.33737E+01  1.37504E+01  1.48806E+01  1.66701E+01  1.89775E+01  2.03902E+01  2.15204E+01  2.25093E+01  2.28860E+01  2.32627E+01  2.34040E+01  2.35924E+01  2.35453E+01  2.34040E+01  2.30273E+01  2.24622E+01
   46403   3  8.15153E-01  8.03089E-01  7.58282E-01  6.84177E-01  6.06625E-01  5.12790E-01  4.74805E-01  4.55813E-01  4.49482E-01  4.62144E-01  5.00128E-01  5.60270E-01  6.37822E-01  6.85302E-01  7.23287E-01  7.56523E-01  7.69185E-01  7.81846E-01  7.86594E-01  7.92925E-01  7.91342E-01  7.86594E-01  7.73933E-01  7.54941E-01
   46755   1  1.06433E-01  1.04857E-01  9.90071E-02  8.93314E-02  7.92057E-02  6.69538E-02  6.19942E-02  5.95145E-02  5.86879E-02  6.03411E-02  6.53006E-02  7.31532E-02  8.32789E-02  8.94783E-02  9.44379E-02  9.87775E-02  1.00431E-01  1.02084E-01  1.02704E-01  1.03530E-01  1.03324E-01  1.02704E-01  1.01051E-01  9.85708E-02
   46755   3  8.18299E-02  8.18299E-02  8.18299E-02  8.18299E-02  8.18299E-02  8.18299E-02  8.18299E-02  8.18299E-02  8.18299E-02  8.18299E-02  8.18299E-02  8.18299E-02  8.18299E-02  8.18299E-02  8.18299E-02  8.18299E-02  8.18299E-02  8.18299E-02  8.18299E-02  8.18299E-02  8.18299E-02  8.18299E-02  8.18299E-02  8.18299E-02
   46755   4  1.44624E+00  1.44624E+00  1.44624E+00  1.44624E+00  1.44624E+00  1.44624E+00  1.44624E+00  1.44624E+00  1.44624E+00  1.44624E+00  1.44624E+00  1.44624E+00  1.44624E+00  1.44624E+00  1.44624E+00  1.44624E+00  1.44624E+00  1.44624E+00  1.44624E+00  1.44624E+00  1.44624E+00  1.44624E+00  1.44624E+00  1.44624E+00
   46753   4  0.00000E+00  0.00000E+00  0.00000E+00  0.00000E+00  0.00000E+00  0.00000E+00  0.00000E+00  0.00000E+00  0.00000E+00  0.00000E+00  0.00000E+00  0.00000E+00  0.00000E+00  3.70168E-01  3.70168E-01  3.70168E-01  3.70168E-01  3.70168E-01  3.70168E-01  3.70168E-01  3.70168E-01  0.00000E+00  0.00000E+00  0.00000E+00
   47110   3  2.84756E-02  2.84756E-02  2.84756E-02  2.84756E-02  2.84756E-02  2.84756E-02  2.84756E-02  2.84756E-02  2.84756E-02  2.84756E-02  2.84756E-02  2.84756E-02  2.84756E-02  2.84756E-02  2.84756E-02  2.84756E-02  2.84756E-02  2.84756E-02  2.84756E-02  2.84756E-02  2.84756E-02  2.84756E-02  2.84756E-02  2.84756E-02
   46402   7  2.60597E+02  2.60597E+02  2.60597E+02  2.60597E+02  2.60597E+02  2.60597E+02  2.60597E+02  2.60597E+02  2.60597E+02  2.60597E+02  2.60597E+02  2.60597E+02  2.60597E+02  2.60597E+02  2.60597E+02  2.60597E+02  2.60597E+02  2.60597E+02  2.60597E+02  2.60597E+02  2.60597E+02  2.60597E+02  2.60597E+02  2.60597E+02
   47787   3  1.13779E-04  1.13779E-04  1.13779E-04  1.13779E-04  1.13779E-04  1.13779E-04  1.13779E-04  1.13779E-04  1.13779E-04  1.13779E-04  1.13779E-04  1.13779E-04  1.13779E-04  1.13779E-04  1.13779E-04  1.13779E-04  1.13779E-04  1.13779E-04  1.13779E-04  1.13779E-04  1.13779E-04  1.13779E-04  1.13779E-04  1.13779E-04
   47460   4  0.00000E+00  0.00000E+00  0.00000E+00  0.00000E+00  0.00000E+00  0.00000E+00  0.00000E+00  0.00000E+00  0.00000E+00  0.00000E+00  0.00000E+00  0.00000E+00  0.00000E+00  0.00000E+00  0.00000E+00  0.00000E+00  0.00000E+00  0.00000E+00  0.00000E+00  0.00000E+00  0.00000E+00  0.00000E+00  0.00000E+00  0.00000E+00
   42139   3  1.42805E+00  1.42805E+00  1.42805E+00  1.42805E+00  1.42805E+00  1.42805E+00  1.42805E+00  1.42805E+00  1.42805E+00  1.42805E+00  1.42805E+00  1.42805E+00  1.42805E+00  1.42805E+00  1.42805E+00  1.42805E+00  1.42805E+00  1.42805E+00  1.42805E+00  1.42805E+00  1.42805E+00  1.42805E+00  1.42805E+00  1.42805E+00
   41804   3  2.57842E-04  2.57842E-04  2.57842E-04  2.57842E-04  2.57842E-04  2.57842E-04  2.57842E-04  2.57842E-04  2.57842E-04  2.57842E-04  2.57842E-04  2.57842E-04  2.57842E-04  2.57842E-04  2.57842E-04  2.57842E-04  2.57842E-04  2.57842E-04  2.57842E-04  2.57842E-04  2.57842E-04  2.57842E-04  2.57842E-04  2.57842E-04
   40021   4  4.23391E-04  4.23391E-04  4.23391E-04  4.23391E-04  4.23391E-04  4.23391E-04  4.23391E-04  4.23391E-04  4.23391E-04  4.23391E-04  4.23391E-04  4.23391E-04  4.23391E-04  4.23391E-04  4.23391E-04  4.23391E-04  4.23391E-04  4.23391E-04  4.23391E-04  4.23391E-04  4.23391E-04  4.23391E-04  4.23391E-04  4.23391E-04
   43907   3  0.00000E+00  0.00000E+00  0.00000E+00  0.00000E+00  0.00000E+00  0.00000E+00  0.00000E+00  0.00000E+00  0.00000E+00  0.00000E+00  0.00000E+00  0.00000E+00  0.00000E+00  0.00000E+00  0.00000E+00  0.00000E+00  0.00000E+00  0.00000E+00  0.00000E+00  0.00000E+00  0.00000E+00  0.00000E+00  0.00000E+00  0.00000E+00
   24538   7  1.40110E+01  1.40110E+01  1.40110E+01  1.40110E+01  1.40110E+01  1.40110E+01  1.40110E+01  1.40110E+01  1.40110E+01  1.40110E+01  1.40110E+01  1.40110E+01  1.40110E+01  1.40110E+01  1.40110E+01  1.40110E+01  1.40110E+01  1.40110E+01  1.40110E+01  1.40110E+01  1.40110E+01  1.40110E+01  1.40110E+01  1.40110E+01
   24549   3  1.25380E+00  1.25380E+00  1.25380E+00  1.25380E+00  1.25380E+00  1.25380E+00  1.25380E+00  1.25380E+00  1.25380E+00  1.25380E+00  1.25380E+00  1.25380E+00  1.25380E+00  1.25380E+00  1.25380E+00  1.25380E+00  1.25380E+00  1.25380E+00  1.25380E+00  1.25380E+00  1.25380E+00  1.25380E+00  1.25380E+00  1.25380E+00
   24549   4  7.32386E-03  7.32386E-03  7.32386E-03  7.32386E-03  7.32386E-03  7.32386E-03  7.32386E-03  7.32386E-03  7.32386E-03  7.32386E-03  7.32386E-03  7.32386E-03  7.32386E-03  7.32386E-03  7.32386E-03  7.32386E-03  7.32386E-03  7.32386E-03  7.32386E-03  7.32386E-03  7.32386E-03  7.32386E-03  7.32386E-03  7.32386E-03
   24547   4  6.35947E+00  6.35947E+00  6.35947E+00  6.35947E+00  6.35947E+00  6.35947E+00  6.35947E+00  6.35947E+00  6.35947E+00  6.35947E+00  6.35947E+00  6.35947E+00  6.35947E+00  1.39233E+02  1.39233E+02  1.39233E+02  1.39233E+02  1.39233E+02  1.39233E+02  1.39233E+02  1.39233E+02  6.35947E+00  6.35947E+00  6.35947E+00
   24547   6  8.83329E+01  8.83329E+01  8.83329E+01  8.83329E+01  8.83329E+01  8.83329E+01  8.83329E+01  8.83329E+01  8.83329E+01  8.83329E+01  8.83329E+01  8.83329E+01  8.83329E+01  8.83329E+01  8.83329E+01  8.83329E+01  8.83329E+01  8.83329E+01  8.83329E+01  8.83329E+01  8.83329E+01  8.83329E+01  8.83329E+01  8.83329E+01
   24547   2  1.26190E+01  1.26190E+01  1.26190E+01  1.26190E+01  1.26190E+01  1.26190E+01  1.26190E+01  1.26190E+01  1.26190E+01  1.26190E+01  1.26190E+01  1.26190E+01  1.26190E+01  1.26190E+01  1.26190E+01  1.26190E+01  1.26190E+01  1.26190E+01  1.26190E+01  1.26190E+01  1.26190E+01  1.26190E+01  1.26190E+01  1.26190E+01
   24547   5  5.04760E+01  5.04760E+01  5.04760E+01  5.04760E+01  5.04760E+01  5.04760E+01  5.04760E+01  5.04760E+01  5.04760E+01  5.04760E+01  5.04760E+01  5.04760E+01  5.04760E+01  8.00034E+01  8.00034E+01  8.00034E+01  8.00034E+01  8.00034E+01  8.00034E+01  8.00034E+01  8.00034E+01  5.04760E+01  5.04760E+01  5.04760E+01
   24547   3  1.40669E+01  1.40669E+01  1.40669E+01  1.40669E+01  1.40669E+01  1.40669E+01  1.40669E+01  1.40669E+01  1.40669E+01  1.40669E+01  1.40669E+01  1.40669E+01  1.40669E+01  1.46941E+02  1.46941E+02  1.46941E+02  1.46941E+02  1.46941E+02  1.46941E+02  1.46941E+02  1.46941E+02  1.40669E+01  1.40669E+01  1.40669E+01
   24547   7  4.79319E+01  4.79319E+01  4.79319E+01  4.79319E+01  4.79319E+01  4.79319E+01  4.79319E+01  4.79319E+01  4.79319E+01  4.79319E+01  4.79319E+01  4.79319E+01  4.79319E+01  4.79319E+01  4.79319E+01  4.79319E+01  4.79319E+01  4.79319E+01  4.79319E+01  4.79319E+01  4.79319E+01  4.79319E+01  4.79319E+01  4.79319E+01
   26660   3  1.78645E-02  1.78645E-02  1.78645E-02  1.78645E-02  1.78645E-02  1.78645E-02  1.78645E-02  1.78645E-02  1.78645E-02  1.78645E-02  1.78645E-02  1.78645E-02  1.78645E-02  1.78645E-02  1.78645E-02  1.78645E-02  1.78645E-02  1.78645E-02  1.78645E-02  1.78645E-02  1.78645E-02  1.78645E-02  1.78645E-02  1.78645E-02
   25246   4  3.65044E-02  3.65044E-02  3.65044E-02  3.65044E-02  3.65044E-02  3.65044E-02  3.65044E-02  3.65044E-02  3.65044E-02  3.65044E-02  3.65044E-02  3.65044E-02  3.65044E-02  3.65044E-02  3.65044E-02  3.65044E-02  3.65044E-02  3.65044E-02  3.65044E-02  3.65044E-02  3.65044E-02  3.65044E-02  3.65044E-02  3.65044E-02
   25246   7  1.66070E+02  1.66070E+02  1.66070E+02  1.66070E+02  1.66070E+02  1.66070E+02  1.66070E+02  1.66070E+02  1.66070E+02  1.66070E+02  1.66070E+02  1.66070E+02  1.66070E+02  1.66070E+02  1.66070E+02  1.66070E+02  1.66070E+02  1.66070E+02  1.66070E+02  1.66070E+02  1.66070E+02  1.66070E+02  1.66070E+02  1.66070E+02
   27008   7  9.16518E+01  9.16518E+01  9.16518E+01  9.16518E+01  9.16518E+01  8.85361E+01  8.85361E+01  8.85361E+01  8.85361E+01  8.85361E+01  8.85361E+01  8.85361E+01  9.16518E+01  9.16518E+01  9.16518E+01  9.16518E+01  9.16518E+01  9.16518E+01  9.16518E+01  9.16518E+01  9.16518E+01  9.16518E+01  9.16518E+01  9.16518E+01
   27008   4  7.65863E-04  7.65863E-04  7.65863E-04  7.65863E-04  7.65863E-04  7.65863E-04  7.65863E-04  7.65863E-04  7.65863E-04  7.65863E-04  7.65863E-04  7.65863E-04  7.65863E-04  7.65863E-04  7.65863E-04  7.65863E-04  7.65863E-04  7.65863E-04  7.65863E-04  7.65863E-04  7.65863E-04  7.65863E-04  7.65863E-04  7.65863E-04
   24896   2  3.69428E+02  3.68196E+02  3.63619E+02  3.56049E+02  3.48128E+02  3.38543E+02  3.34663E+02  3.32724E+02  3.32077E+02  3.33370E+02  3.37250E+02  3.43393E+02  3.51315E+02  3.56164E+02  3.60044E+02  3.63439E+02  3.64732E+02  3.66026E+02  3.66511E+02  3.67157E+02  3.66996E+02  3.66511E+02  3.65217E+02  3.63278E+02
   24896   6  2.77543E+01  2.73435E+01  2.58179E+01  2.32948E+01  2.06543E+01  1.74594E+01  1.61661E+01  1.55195E+01  1.53039E+01  1.57350E+01  1.70283E+01  1.90760E+01  2.17165E+01  2.33331E+01  2.46264E+01  2.57581E+01  2.61891E+01  2.66202E+01  2.67819E+01  2.69975E+01  2.69436E+01  2.67819E+01  2.63508E+01  2.57042E+01
   24896   7  1.12467E+01  1.12467E+01  1.12467E+01  1.12467E+01  1.12467E+01  4.61648E+00  4.61648E+00  4.61648E+00  4.61648E+00  4.61648E+00  4.61648E+00  4.61648E+00  1.12467E+01  1.12467E+01  1.12467E+01  1.12467E+01  1.12467E+01  1.12467E+01  1.12467E+01  1.12467E+01  1.12467E+01  1.12467E+01  1.12467E+01  1.12467E+01
   24896   3  1.37162E+01  1.37162E+01  1.37162E+01  1.37162E+01  1.37162E+01  1.37162E+01  1.37162E+01  1.37162E+01  1.37162E+01  1.37162E+01  1.37162E+01  1.37162E+01  1.37162E+01  1.37162E+01  1.37162E+01  1.37162E+01  1.37162E+01  1.37162E+01  1.37162E+01  1.37162E+01  1.37162E+01  1.37162E+01  1.37162E+01  1.37162E+01
   24896   4  5.48457E+00  5.48457E+00  5.48457E+00  5.48457E+00  5.48457E+00  5.48457E+00  5.48457E+00  5.48457E+00  5.48457E+00  5.48457E+00  5.48457E+00  5.48457E+00  5.48457E+00  5.48457E+00  5.48457E+00  5.48457E+00  5.48457E+00  5.48457E+00  5.48457E+00  5.48457E+00  5.48457E+00  5.48457E+00  5.48457E+00  5.48457E+00
   23133   3  1.21280E-03  1.21280E-03  1.21280E-03  1.21280E-03  1.21280E-03  1.21280E-03  1.21280E-03  1.21280E-03  1.21280E-03  1.21280E-03  1.21280E-03  1.21280E-03  1.21280E-03  1.21280E-03  1.21280E-03  1.21280E-03  1.21280E-03  1.21280E-03  1.21280E-03  1.21280E-03  1.21280E-03  1.21280E-03  1.21280E-03  1.21280E-03
   26300   4  1.42474E-02  1.42474E-02  1.42474E-02  1.42474E-02  1.42474E-02  1.42474E-02  1.42474E-02  1.42474E-02  1.42474E-02  1.42474E-02  1.42474E-02  1.42474E-02  1.42474E-02  1.42474E-02  1.42474E-02  1.42474E-02  1.42474E-02  1.42474E-02  1.42474E-02  1.42474E-02  1.42474E-02  1.42474E-02  1.42474E-02  1.42474E-02
   26669   4  1.44597E-03  1.44597E-03  1.44597E-03  1.44597E-03  1.44597E-03  1.44597E-03  1.44597E-03  1.44597E-03  1.44597E-03  1.44597E-03  1.44597E-03  1.44597E-03  1.44597E-03  1.44597E-03  1.44597E-03  1.44597E-03  1.44597E-03  1.44597E-03  1.44597E-03  1.44597E-03  1.44597E-03  1.44597E-03  1.44597E-03  1.44597E-03
   26669   3  6.09878E-02  6.09878E-02  6.09878E-02  6.09878E-02  6.09878E-02  6.09878E-02  6.09878E-02  6.09878E-02  6.09878E-02  6.09878E-02  6.09878E-02  6.09878E-02  6.09878E-02  6.09878E-02  6.09878E-02  6.09878E-02  6.09878E-02  6.09878E-02  6.09878E-02  6.09878E-02  6.09878E-02  6.09878E-02  6.09878E-02  6.09878E-02
   24545   3  6.54254E-03  6.54254E-03  6.54254E-03  6.54254E-03  6.54254E-03  6.54254E-03  6.54254E-03  6.54254E-03  6.54254E-03  6.54254E-03  6.54254E-03  6.54254E-03  6.54254E-03  6.54254E-03  6.54254E-03  6.54254E-03  6.54254E-03  6.54254E-03  6.54254E-03  6.54254E-03  6.54254E-03  6.54254E-03  6.54254E-03  6.54254E-03
    9028   3  1.51906E-01  1.51906E-01  1.51906E-01  1.51906E-01  1.51906E-01  1.51906E-01  1.51906E-01  1.51906E-01  1.51906E-01  1.51906E-01  1.51906E-01  1.51906E-01  1.51906E-01  1.51906E-01  1.51906E-01  1.51906E-01  1.51906E-01  1.51906E-01  1.51906E-01  1.51906E-01  1.51906E-01  1.51906E-01  1.51906E-01  1.51906E-01
    9028   2  6.64389E-03  6.54557E-03  6.18036E-03  5.57637E-03  4.94429E-03  4.17949E-03  3.86989E-03  3.71510E-03  3.66350E-03  3.76670E-03  4.07629E-03  4.56647E-03  5.19856E-03  5.58555E-03  5.89514E-03  6.16603E-03  6.26923E-03  6.37242E-03  6.41112E-03  6.46272E-03  6.44982E-03  6.41112E-03  6.30793E-03  6.15313E-03
    9028   7  8.27171E+01  8.27171E+01  8.27171E+01  8.27171E+01  8.27171E+01  8.27171E+01  8.27171E+01  8.27171E+01  8.27171E+01  8.27171E+01  8.27171E+01  8.27171E+01  8.27171E+01  8.27171E+01  8.27171E+01  8.27171E+01  8.27171E+01  8.27171E+01  8.27171E+01  8.27171E+01  8.27171E+01  8.27171E+01  8.27171E+01  8.27171E+01
   14677   7  1.56528E+01  1.56528E+01  1.56528E+01  1.56528E+01  1.56528E+01  1.56528E+01  1.56528E+01  1.56528E+01  1.56528E+01  1.56528E+01  1.56528E+01  1.56528E+01  1.56528E+01  1.56528E+01  1.56528E+01  1.56528E+01  1.56528E+01  1.56528E+01  1.56528E+01  1.56528E+01  1.56528E+01  1.56528E+01  1.56528E+01  1.56528E+01
   15736   3  7.54995E-05  7.54995E-05  7.54995E-05  7.54995E-05  7.54995E-05  7.54995E-05  7.54995E-05  7.54995E-05  7.54995E-05  7.54995E-05  7.54995E-05  7.54995E-05  7.54995E-05  7.54995E-05  7.54995E-05  7.54995E-05  7.54995E-05  7.54995E-05  7.54995E-05  7.54995E-05  7.54995E-05  7.54995E-05  7.54995E-05  7.54995E-05
   13592   2  2.30052E+02  2.26647E+02  2.14002E+02  1.93088E+02  1.71201E+02  1.44719E+02  1.33999E+02  1.28639E+02  1.26853E+02  1.30426E+02  1.41146E+02  1.58119E+02  1.80006E+02  1.93405E+02  2.04125E+02  2.13505E+02  2.17079E+02  2.20652E+02  2.21992E+02  2.23779E+02  2.23332E+02  2.21992E+02  2.18419E+02  2.13059E+02
   12912   3  0.00000E+00  0.00000E+00  0.00000E+00  0.00000E+00  0.00000E+00  0.00000E+00  0.00000E+00  0.00000E+00  0.00000E+00  0.00000E+00  0.00000E+00  0.00000E+00  0.00000E+00  0.00000E+00  0.00000E+00  0.00000E+00  0.00000E+00  0.00000E+00  0.00000E+00  0.00000E+00  0.00000E+00  0.00000E+00  0.00000E+00  0.00000E+00
   23165   4  6.09401E-03  6.09401E-03  6.09401E-03  6.09401E-03  6.09401E-03  6.09401E-03  6.09401E-03  6.09401E-03  6.09401E-03  6.09401E-03  6.09401E-03  6.09401E-03  6.09401E-03  6.09401E-03  6.09401E-03  6.09401E-03  6.09401E-03  6.09401E-03  6.09401E-03  6.09401E-03  6.09401E-03  6.09401E-03  6.09401E-03  6.09401E-03
   22447   4  1.55880E-02  1.55880E-02  1.55880E-02  1.55880E-02  1.55880E-02  1.55880E-02  1.55880E-02  1.55880E-02  1.55880E-02  1.55880E-02  1.55880E-02  1.55880E-02  1.55880E-02  1.55880E-02  1.55880E-02  1.55880E-02  1.55880E-02  1.55880E-02  1.55880E-02  1.55880E-02  1.55880E-02  1.55880E-02  1.55880E-02  1.55880E-02
   22447   3  8.83181E+00  8.83181E+00  8.83181E+00  8.83181E+00  8.83181E+00  8.83181E+00  8.83181E+00  8.83181E+00  8.83181E+00  8.83181E+00  8.83181E+00  8.83181E+00  8.83181E+00  8.83181E+00  8.83181E+00  8.83181E+00  8.83181E+00  8.83181E+00  8.83181E+00  8.83181E+00  8.83181E+00  8.83181E+00  8.83181E+00  8.83181E+00
   22447   5  2.34046E-01  2.34046E-01  2.34046E-01  2.34046E-01  2.34046E-01  2.34046E-01  2.34046E-01  2.34046E-01  2.34046E-01  2.34046E-01  2.34046E-01  2.34046E-01  2.34046E-01  2.34046E-01  2.34046E-01  2.34046E-01  2.34046E-01  2.34046E-01  2.34046E-01  2.34046E-01  2.34046E-01  2.34046E-01  2.34046E-01  2.34046E-01
   22094   3  5.17457E-01  5.17457E-01  5.17457E-01  5.17457E-01  5.17457E-01  5.17457E-01  5.17457E-01  5.17457E-01  5.17457E-01  5.17457E-01  5.17457E-01  5.17457E-01  5.17457E-01  5.17457E-01  5.17457E-01  5.17457E-01  5.17457E-01  5.17457E-01  5.17457E-01  5.17457E-01  5.17457E-01  5.17457E-01  5.17457E-01  5.17457E-01
   22094   2  9.99473E-01  9.99473E-01  9.99473E-01  9.99473E-01  9.99473E-01  9.99473E-01  9.99473E-01  9.99473E-01  9.99473E-01  9.99473E-01  9.99473E-01  9.99473E-01  9.99473E-01  9.99473E-01  9.99473E-01  9.99473E-01  9.99473E-01  9.99473E-01  9.99473E-01  9.99473E-01  9.99473E-01  9.99473E-01  9.99473E-01  9.99473E-01
   22094   4  3.42816E-01  3.42816E-01  3.42816E-01  3.42816E-01  3.42816E-01  3.42816E-01  3.42816E-01  3.42816E-01  3.42816E-01  3.42816E-01  3.42816E-01  3.42816E-01  3.42816E-01  3.42816E-01  3.42816E-01  3.42816E-01  3.42816E-01  3.42816E-01  3.42816E-01  3.42816E-01  3.42816E-01  3.42816E-01  3.42816E-01  3.42816E-01
   22458   4  1.78391E-03  1.78391E-03  1.78391E-03  1.78391E-03  1.78391E-03  1.78391E-03  1.78391E-03  1.78391E-03  1.78391E-03  1.78391E-03  1.78391E-03  1.78391E-03  1.78391E-03  1.78391E-03  1.78391E-03  1.78391E-03  1.78391E-03  1.78391E-03  1.78391E-03  1.78391E-03  1.78391E-03  1.78391E-03  1.78391E-03  1.78391E-03
   23854   3  1.04308E+00  1.04308E+00  1.04308E+00  1.04308E+00  1.04308E+00  1.04308E+00  1.04308E+00  1.04308E+00  1.04308E+00  1.04308E+00  1.04308E+00  1.04308E+00  1.04308E+00  1.04308E+00  1.04308E+00  1.04308E+00  1.04308E+00  1.04308E+00  1.04308E+00  1.04308E+00  1.04308E+00  1.04308E+00  1.04308E+00  1.04308E+00
   23854   4  0.00000E+00  0.00000E+00  0.00000E+00  0.00000E+00  0.00000E+00  0.00000E+00  0.00000E+00  0.00000E+00  0.00000E+00  0.00000E+00  0.00000E+00  0.00000E+00  0.00000E+00  0.00000E+00  0.00000E+00  0.00000E+00  0.00000E+00  0.00000E+00  0.00000E+00  0.00000E+00  0.00000E+00  0.00000E+00  0.00000E+00  0.00000E+00
   23854   2  7.23513E-01  7.23513E-01  7.23513E-01  7.23513E-01  7.23513E-01  7.23513E-01  7.23513E-01  7.23513E-01  7.23513E-01  7.23513E-01  7.23513E-01  7.23513E-01  7.23513E-01  7.23513E-01  7.23513E-01  7.23513E-01  7.23513E-01  7.23513E-01  7.23513E-01  7.23513E-01  7.23513E-01  7.23513E-01  7.23513E-01  7.23513E-01
   26688   3  3.22416E-01  3.22416E-01  3.22416E-01  3.22416E-01  3.22416E-01  3.22416E-01  3.22416E-01  3.22416E-01  3.22416E-01  3.22416E-01  3.22416E-01  3.22416E-01  3.22416E-01  3.22416E-01  3.22416E-01  3.22416E-01  3.22416E-01  3.22416E-01  3.22416E-01  3.22416E-01  3.22416E-01  3.22416E-01  3.22416E-01  3.22416E-01
   26688   2  3.58240E-02  3.58240E-02  3.58240E-02  3.58240E-02  3.58240E-02  3.58240E-02  3.58240E-02  3.58240E-02  3.58240E-02  3.58240E-02  3.58240E-02  3.58240E-02  3.58240E-02  3.58240E-02  3.58240E-02  3.58240E-02  3.58240E-02  3.58240E-02  3.58240E-02  3.58240E-02  3.58240E-02  3.58240E-02  3.58240E-02  3.58240E-02
   22806   3  1.47195E-03  1.47195E-03  1.47195E-03  1.47195E-03  1.47195E-03  1.47195E-03  1.47195E-03  1.47195E-03  1.47195E-03  1.47195E-03  1.47195E-03  1.47195E-03  1.47195E-03  1.47195E-03  1.47195E-03  1.47195E-03  1.47195E-03  1.47195E-03  1.47195E-03  1.47195E-03  1.47195E-03  1.47195E-03  1.47195E-03  1.47195E-03
   22805   3  5.66799E-03  5.66799E-03  5.66799E-03  5.66799E-03  5.66799E-03  5.66799E-03  5.66799E-03  5.66799E-03  5.66799E-03  5.66799E-03  5.66799E-03  5.66799E-03  5.66799E-03  5.66799E-03  5.66799E-03  5.66799E-03  5.66799E-03  5.66799E-03  5.66799E-03  5.66799E-03  5.66799E-03  5.66799E-03  5.66799E-03  5.66799E-03
   22806   7  9.12908E+01  9.12908E+01  9.12908E+01  9.12908E+01  9.12908E+01  9.12908E+01  9.12908E+01  9.12908E+01  9.12908E+01  9.12908E+01  9.12908E+01  9.12908E+01  9.12908E+01  9.12908E+01  9.12908E+01  9.12908E+01  9.12908E+01  9.12908E+01  9.12908E+01  9.12908E+01  9.12908E+01  9.12908E+01  9.12908E+01  9.12908E+01
   22806   4  3.85956E+00  3.85956E+00  3.85956E+00  3.85956E+00  3.85956E+00  3.85956E+00  3.85956E+00  3.85956E+00  3.85956E+00  3.85956E+00  3.85956E+00  3.85956E+00  3.85956E+00  3.85956E+00  3.85956E+00  3.85956E+00  3.85956E+00  3.85956E+00  3.85956E+00  3.85956E+00  3.85956E+00  3.85956E+00  3.85956E+00  3.85956E+00
   23506   3  9.96722E-01  9.96722E-01  9.96722E-01  9.96722E-01  9.96722E-01  9.96722E-01  9.96722E-01  9.96722E-01  9.96722E-01  9.96722E-01  9.96722E-01  9.96722E-01  9.96722E-01  9.96722E-01  9.96722E-01  9.96722E-01  9.96722E-01  9.96722E-01  9.96722E-01  9.96722E-01  9.96722E-01  9.96722E-01  9.96722E-01  9.96722E-01
   22453   3  4.22021E-02  4.22021E-02  4.22021E-02  4.22021E-02  4.22021E-02  4.22021E-02  4.22021E-02  4.22021E-02  4.22021E-02  4.22021E-02  4.22021E-02  4.22021E-02  4.22021E-02  4.22021E-02  4.22021E-02  4.22021E-02  4.22021E-02  4.22021E-02  4.22021E-02  4.22021E-02  4.22021E-02  4.22021E-02  4.22021E-02  4.22021E-02
   22457   4  1.80214E-02  1.80214E-02  1.80214E-02  1.80214E-02  1.80214E-02  1.80214E-02  1.80214E-02  1.80214E-02  1.80214E-02  1.80214E-02  1.80214E-02  1.80214E-02  1.80214E-02  1.80214E-02  1.80214E-02  1.80214E-02  1.80214E-02  1.80214E-02  1.80214E-02  1.80214E-02  1.80214E-02  1.80214E-02  1.80214E-02  1.80214E-02
   21396   7  0.00000E+00  0.00000E+00  0.00000E+00  0.00000E+00  0.00000E+00  0.00000E+00  0.00000E+00  0.00000E+00  0.00000E+00  0.00000E+00  0.00000E+00  0.00000E+00  0.00000E+00  5.97204E+00  5.97204E+00  5.97204E+00  5.97204E+00  5.97204E+00  5.97204E+00  5.97204E+00  5.97204E+00  0.00000E+00  0.00000E+00  0.00000E+00
   21395   4  1.17479E+00  1.17479E+00  1.17479E+00  1.17479E+00  1.17479E+00  1.17479E+00  1.17479E+00  1.17479E+00  1.17479E+00  1.17479E+00  1.17479E+00  1.17479E+00  1.17479E+00  1.17479E+00  1.17479E+00  1.17479E+00  1.17479E+00  1.17479E+00  1.17479E+00  1.17479E+00  1.17479E+00  1.17479E+00  1.17479E+00  1.17479E+00
   21396   4  9.57172E-01  9.57172E-01  9.57172E-01  9.57172E-01  9.57172E-01  9.57172E-01  9.57172E-01  9.57172E-01  9.57172E-01  9.57172E-01  9.57172E-01  9.57172E-01  9.57172E-01  9.57172E-01  9.57172E-01  9.57172E-01  9.57172E-01  9.57172E-01  9.57172E-01  9.57172E-01  9.57172E-01  9.57172E-01  9.57172E-01  9.57172E-01
   21740   4  2.24828E-02  2.24828E-02  2.24828E-02  2.24828E-02  2.24828E-02  2.24828E-02  2.24828E-02  2.24828E-02  2.24828E-02  2.24828E-02  2.24828E-02  2.24828E-02  2.24828E-02  2.24828E-02  2.24828E-02  2.24828E-02  2.24828E-02  2.24828E-02  2.24828E-02  2.24828E-02  2.24828E-02  2.24828E-02  2.24828E-02  2.24828E-02
   21739   4  1.41409E-01  1.41409E-01  1.41409E-01  1.41409E-01  1.41409E-01  1.41409E-01  1.41409E-01  1.41409E-01  1.41409E-01  1.41409E-01  1.41409E-01  1.41409E-01  1.41409E-01  1.41409E-01  1.41409E-01  1.41409E-01  1.41409E-01  1.41409E-01  1.41409E-01  1.41409E-01  1.41409E-01  1.41409E-01  1.41409E-01  1.41409E-01
   21740   3  1.80574E-01  1.80574E-01  1.80574E-01  1.80574E-01  1.80574E-01  0.00000E+00  0.00000E+00  0.00000E+00  0.00000E+00  0.00000E+00  0.00000E+00  0.00000E+00  0.00000E+00  1.80574E-01  1.80574E-01  1.80574E-01  1.80574E-01  1.80574E-01  1.80574E-01  1.80574E-01  1.80574E-01  1.80574E-01  1.80574E-01  1.80574E-01
   22093   4  1.33914E-01  1.33914E-01  1.33914E-01  1.33914E-01  1.33914E-01  1.33914E-01  1.33914E-01  1.33914E-01  1.33914E-01  1.33914E-01  1.33914E-01  1.33914E-01  1.33914E-01  1.33914E-01  1.33914E-01  1.33914E-01  1.33914E-01  1.33914E-01  1.33914E-01  1.33914E-01  1.33914E-01  1.33914E-01  1.33914E-01  1.33914E-01
   22093   7  0.00000E+00  0.00000E+00  0.00000E+00  0.00000E+00  0.00000E+00  0.00000E+00  0.00000E+00  0.00000E+00  0.00000E+00  0.00000E+00  0.00000E+00  0.00000E+00  0.00000E+00  0.00000E+00  0.00000E+00  0.00000E+00  0.00000E+00  0.00000E+00  0.00000E+00  0.00000E+00  0.00000E+00  0.00000E+00  0.00000E+00  0.00000E+00
   21744   3  2.33058E+00  2.33058E+00  2.33058E+00  2.33058E+00  2.33058E+00  2.30705E+00  2.30705E+00  2.30705E+00  2.30705E+00  2.30705E+00  2.30705E+00  2.30705E+00  2.30705E+00  2.33058E+00  2.33058E+00  2.33058E+00  2.33058E+00  2.33058E+00  2.33058E+00  2.33058E+00  2.33058E+00  2.33058E+00  2.33058E+00  2.33058E+00
   21744   4  1.17649E+00  1.17649E+00  1.17649E+00  1.17649E+00  1.17649E+00  1.17649E+00  1.17649E+00  1.17649E+00  1.17649E+00  1.17649E+00  1.17649E+00  1.17649E+00  1.17649E+00  1.17649E+00  1.17649E+00  1.17649E+00  1.17649E+00  1.17649E+00  1.17649E+00  1.17649E+00  1.17649E+00  1.17649E+00  1.17649E+00  1.17649E+00
   21391   4  4.49740E-01  4.49740E-01  4.49740E-01  4.49740E-01  4.49740E-01  4.49740E-01  4.49740E-01  4.49740E-01  4.49740E-01  4.49740E-01  4.49740E-01  4.49740E-01  4.49740E-01  4.49740E-01  4.49740E-01  4.49740E-01  4.49740E-01  4.49740E-01  4.49740E-01  4.49740E-01  4.49740E-01  4.49740E-01  4.49740E-01  4.49740E-01
   21391   3  2.63910E+00  2.63910E+00  2.63910E+00  2.63910E+00  2.63910E+00  2.63910E+00  2.63910E+00  2.63910E+00  2.63910E+00  2.63910E+00  2.63910E+00  2.63910E+00  2.63910E+00  2.63910E+00  2.63910E+00  2.63910E+00  2.63910E+00  2.63910E+00  2.63910E+00  2.63910E+00  2.63910E+00  2.63910E+00  2.63910E+00  2.63910E+00
   21744   5  1.70658E-01  1.70658E-01  1.70658E-01  1.70658E-01  1.70658E-01  1.70658E-01  1.70658E-01  1.70658E-01  1.70658E-01  1.70658E-01  1.70658E-01  1.70658E-01  1.70658E-01  1.70658E-01  1.70658E-01  1.70658E-01  1.70658E-01  1.70658E-01  1.70658E-01  1.70658E-01  1.70658E-01  1.70658E-01  1.70658E-01  1.70658E-01
   22098   4  3.01244E-01  3.01244E-01  3.01244E-01  3.01244E-01  3.01244E-01  3.01244E-01  3.01244E-01  3.01244E-01  3.01244E-01  3.01244E-01  3.01244E-01  3.01244E-01  3.01244E-01  3.01244E-01  3.01244E-01  3.01244E-01  3.01244E-01  3.01244E-01  3.01244E-01  3.01244E-01  3.01244E-01  3.01244E-01  3.01244E-01  3.01244E-01
   22445   7  7.88296E+01  7.88296E+01  7.88296E+01  7.88296E+01  7.88296E+01  7.88296E+01  7.88296E+01  7.88296E+01  7.88296E+01  7.88296E+01  7.88296E+01  7.88296E+01  7.88296E+01  7.88296E+01  7.88296E+01  7.88296E+01  7.88296E+01  7.88296E+01  7.88296E+01  7.88296E+01  7.88296E+01  7.88296E+01  7.88296E+01  7.88296E+01
   22093   3  1.29353E+00  1.29353E+00  1.29353E+00  1.29353E+00  1.29353E+00  1.29353E+00  1.29353E+00  1.29353E+00  1.29353E+00  1.29353E+00  1.29353E+00  1.29353E+00  1.29353E+00  1.29353E+00  1.29353E+00  1.29353E+00  1.29353E+00  1.29353E+00  1.29353E+00  1.29353E+00  1.29353E+00  1.29353E+00  1.29353E+00  1.29353E+00
   22093   2  1.29353E+00  1.29353E+00  1.29353E+00  1.29353E+00  1.29353E+00  1.29353E+00  1.29353E+00  1.29353E+00  1.29353E+00  1.29353E+00  1.29353E+00  1.29353E+00  1.29353E+00  1.29353E+00  1.29353E+00  1.29353E+00  1.29353E+00  1.29353E+00  1.29353E+00  1.29353E+00  1.29353E+00  1.29353E+00  1.29353E+00  1.29353E+00
   22445   2  6.40228E+01  6.40228E+01  6.40228E+01  6.40228E+01  6.40228E+01  6.40228E+01  6.40228E+01  6.40228E+01  6.40228E+01  6.40228E+01  6.40228E+01  6.40228E+01  6.40228E+01  6.40228E+01  6.40228E+01  6.40228E+01  6.40228E+01  6.40228E+01  6.40228E+01  6.40228E+01  6.40228E+01  6.40228E+01  6.40228E+01  6.40228E+01
   22445   3  9.94693E+01  9.94693E+01  9.94693E+01  9.94693E+01  9.94693E+01  9.94693E+01  9.94693E+01  9.94693E+01  9.94693E+01  9.94693E+01  9.94693E+01  9.94693E+01  9.94693E+01  9.94693E+01  9.94693E+01  9.94693E+01  9.94693E+01  9.94693E+01  9.94693E+01  9.94693E+01  9.94693E+01  9.94693E+01  9.94693E+01  9.94693E+01
   22445   1  4.00148E+00  4.00148E+00  4.00148E+00  4.00148E+00  4.00148E+00  4.00148E+00  4.00148E+00  4.00148E+00  4.00148E+00  4.00148E+00  4.00148E+00  4.00148E+00  4.00148E+00  4.00148E+00  4.00148E+00  4.00148E+00  4.00148E+00  4.00148E+00  4.00148E+00  4.00148E+00  4.00148E+00  4.00148E+00  4.00148E+00  4.00148E+00
   22446   4  3.57335E-01  3.57335E-01  3.57335E-01  3.57335E-01  3.57335E-01  3.57335E-01  3.57335E-01  3.57335E-01  3.57335E-01  3.57335E-01  3.57335E-01  3.57335E-01  3.57335E-01  3.57335E-01  3.57335E-01  3.57335E-01  3.57335E-01  3.57335E-01  3.57335E-01  3.57335E-01  3.57335E-01  3.57335E-01  3.57335E-01  3.57335E-01
   22446   2  2.35261E+01  2.31779E+01  2.18847E+01  1.97460E+01  1.75078E+01  1.47996E+01  1.37033E+01  1.31552E+01  1.29725E+01  1.33379E+01  1.44342E+01  1.61699E+01  1.84082E+01  1.97785E+01  2.08748E+01  2.18340E+01  2.21994E+01  2.25648E+01  2.27019E+01  2.28846E+01  2.28389E+01  2.27019E+01  2.23364E+01  2.17883E+01
   22446   3  0.00000E+00  0.00000E+00  0.00000E+00  0.00000E+00  0.00000E+00  0.00000E+00  0.00000E+00  0.00000E+00  0.00000E+00  0.00000E+00  0.00000E+00  0.00000E+00  0.00000E+00  0.00000E+00  0.00000E+00  0.00000E+00  0.00000E+00  0.00000E+00  0.00000E+00  0.00000E+00  0.00000E+00  0.00000E+00  0.00000E+00  0.00000E+00
   22446   1  5.88152E+00  5.79448E+00  5.47119E+00  4.93650E+00  4.37695E+00  3.69990E+00  3.42583E+00  3.28880E+00  3.24312E+00  3.33448E+00  3.60855E+00  4.04249E+00  4.60204E+00  4.94462E+00  5.21869E+00  5.45850E+00  5.54985E+00  5.64121E+00  5.67547E+00  5.72114E+00  5.70972E+00  5.67547E+00  5.58411E+00  5.44708E+00
   22810   4  6.92860E-02  6.92860E-02  6.92860E-02  6.92860E-02  6.92860E-02  6.92860E-02  6.92860E-02  6.92860E-02  6.92860E-02  6.92860E-02  6.92860E-02  6.92860E-02  6.92860E-02  6.92860E-02  6.92860E-02  6.92860E-02  6.92860E-02  6.92860E-02  6.92860E-02  6.92860E-02  6.92860E-02  6.92860E-02  6.92860E-02  6.92860E-02
   22810   3  2.09637E-02  2.09637E-02  2.09637E-02  2.09637E-02  2.09637E-02  0.00000E+00  0.00000E+00  0.00000E+00  0.00000E+00  0.00000E+00  0.00000E+00  0.00000E+00  0.00000E+00  2.09637E-02  2.09637E-02  2.09637E-02  2.09637E-02  2.09637E-02  2.09637E-02  2.09637E-02  2.09637E-02  2.09637E-02  2.09637E-02  2.09637E-02
   25975   3  0.00000E+00  0.00000E+00  0.00000E+00  0.00000E+00  0.00000E+00  0.00000E+00  0.00000E+00  0.00000E+00  0.00000E+00  0.00000E+00  0.00000E+00  0.00000E+00  0.00000E+00  0.00000E+00  0.00000E+00  0.00000E+00  0.00000E+00  0.00000E+00  0.00000E+00  0.00000E+00  0.00000E+00  0.00000E+00  0.00000E+00  0.00000E+00
   25581   3  2.27676E+01  2.27676E+01  2.27676E+01  2.27676E+01  2.27676E+01  2.27676E+01  2.27676E+01  2.27676E+01  2.27676E+01  2.27676E+01  2.27676E+01  2.27676E+01  2.27676E+01  2.27676E+01  2.27676E+01  2.27676E+01  2.27676E+01  2.27676E+01  2.27676E+01  2.27676E+01  2.27676E+01  2.27676E+01  2.27676E+01  2.27676E+01
   24161   3  0.00000E+00  0.00000E+00  0.00000E+00  0.00000E+00  0.00000E+00  0.00000E+00  0.00000E+00  0.00000E+00  0.00000E+00  0.00000E+00  0.00000E+00  0.00000E+00  0.00000E+00  0.00000E+00  0.00000E+00  0.00000E+00  0.00000E+00  0.00000E+00  0.00000E+00  0.00000E+00  0.00000E+00  0.00000E+00  0.00000E+00  0.00000E+00
   24161   2  0.00000E+00  0.00000E+00  0.00000E+00  0.00000E+00  0.00000E+00  0.00000E+00  0.00000E+00  0.00000E+00  0.00000E+00  0.00000E+00  0.00000E+00  0.00000E+00  0.00000E+00  0.00000E+00  0.00000E+00  0.00000E+00  0.00000E+00  0.00000E+00  0.00000E+00  0.00000E+00  0.00000E+00  0.00000E+00  0.00000E+00  0.00000E+00
   20976   3  0.00000E+00  0.00000E+00  0.00000E+00  0.00000E+00  0.00000E+00  0.00000E+00  0.00000E+00  0.00000E+00  0.00000E+00  0.00000E+00  0.00000E+00  0.00000E+00  0.00000E+00  0.00000E+00  0.00000E+00  0.00000E+00  0.00000E+00  0.00000E+00  0.00000E+00  0.00000E+00  0.00000E+00  0.00000E+00  0.00000E+00  0.00000E+00
   20976   2  0.00000E+00  0.00000E+00  0.00000E+00  0.00000E+00  0.00000E+00  0.00000E+00  0.00000E+00  0.00000E+00  0.00000E+00  0.00000E+00  0.00000E+00  0.00000E+00  0.00000E+00  0.00000E+00  0.00000E+00  0.00000E+00  0.00000E+00  0.00000E+00  0.00000E+00  0.00000E+00  0.00000E+00  0.00000E+00  0.00000E+00  0.00000E+00
   20621   3  0.00000E+00  0.00000E+00  0.00000E+00  0.00000E+00  0.00000E+00  0.00000E+00  0.00000E+00  0.00000E+00  0.00000E+00  0.00000E+00  0.00000E+00  0.00000E+00  0.00000E+00  0.00000E+00  0.00000E+00  0.00000E+00  0.00000E+00  0.00000E+00  0.00000E+00  0.00000E+00  0.00000E+00  0.00000E+00  0.00000E+00  0.00000E+00
   23460   3  6.76093E-01  6.76093E-01  6.76093E-01  6.76093E-01  6.76093E-01  6.76093E-01  6.76093E-01  6.76093E-01  6.76093E-01  6.76093E-01  6.76093E-01  6.76093E-01  6.76093E-01  6.76093E-01  6.76093E-01  6.76093E-01  6.76093E-01  6.76093E-01  6.76093E-01  6.76093E-01  6.76093E-01  6.76093E-01  6.76093E-01  6.76093E-01
   25224   4  3.74646E+01  3.74646E+01  3.74646E+01  3.74646E+01  3.74646E+01  3.74646E+01  3.74646E+01  3.74646E+01  3.74646E+01  3.74646E+01  3.74646E+01  3.74646E+01  3.74646E+01  3.74646E+01  3.74646E+01  3.74646E+01  3.74646E+01  3.74646E+01  3.74646E+01  3.74646E+01  3.74646E+01  3.74646E+01  3.74646E+01  3.74646E+01
   25224   3  1.72551E+01  1.72551E+01  1.72551E+01  1.72551E+01  1.72551E+01  1.72202E+01  1.72202E+01  1.72202E+01  1.72202E+01  1.72202E+01  1.72202E+01  1.72202E+01  1.72202E+01  1.72551E+01  1.72551E+01  1.72551E+01  1.72551E+01  1.72551E+01  1.72551E+01  1.72551E+01  1.72551E+01  1.72551E+01  1.72551E+01  1.72551E+01
   25223   3  1.48209E+00  1.48209E+00  1.48209E+00  1.48209E+00  1.48209E+00  1.44977E+00  1.44977E+00  1.44977E+00  1.44977E+00  1.44977E+00  1.44977E+00  1.44977E+00  1.44977E+00  1.48209E+00  1.48209E+00  1.48209E+00  1.48209E+00  1.48209E+00  1.48209E+00  1.48209E+00  1.48209E+00  1.48209E+00  1.48209E+00  1.48209E+00
   24870   3  8.60938E+00  8.60938E+00  8.60938E+00  8.60938E+00  8.60938E+00  8.60938E+00  8.60938E+00  8.60938E+00  8.60938E+00  8.60938E+00  8.60938E+00  8.60938E+00  8.60938E+00  8.60938E+00  8.60938E+00  8.60938E+00  8.60938E+00  8.60938E+00  8.60938E+00  8.60938E+00  8.60938E+00  8.60938E+00  8.60938E+00  8.60938E+00
   25224   7  0.00000E+00  0.00000E+00  0.00000E+00  0.00000E+00  0.00000E+00  0.00000E+00  0.00000E+00  0.00000E+00  0.00000E+00  0.00000E+00  0.00000E+00  0.00000E+00  0.00000E+00  3.72482E+00  3.72482E+00  3.72482E+00  3.72482E+00  3.72482E+00  3.72482E+00  3.72482E+00  3.72482E+00  0.00000E+00  0.00000E+00  0.00000E+00
   25224   5  4.20797E-01  4.20797E-01  4.20797E-01  4.20797E-01  4.20797E-01  4.20797E-01  4.20797E-01  4.20797E-01  4.20797E-01  4.20797E-01  4.20797E-01  4.20797E-01  4.20797E-01  4.20797E-01  4.20797E-01  4.20797E-01  4.20797E-01  4.20797E-01  4.20797E-01  4.20797E-01  4.20797E-01  4.20797E-01  4.20797E-01  4.20797E-01
   24871   3  5.10562E+00  5.10562E+00  5.10562E+00  5.10562E+00  5.10562E+00  5.10562E+00  5.10562E+00  5.10562E+00  5.10562E+00  5.10562E+00  5.10562E+00  5.10562E+00  5.10562E+00  5.10562E+00  5.10562E+00  5.10562E+00  5.10562E+00  5.10562E+00  5.10562E+00  5.10562E+00  5.10562E+00  5.10562E+00  5.10562E+00  5.10562E+00
   25223   4  3.18162E+00  3.18162E+00  3.18162E+00  3.18162E+00  3.18162E+00  3.18162E+00  3.18162E+00  3.18162E+00  3.18162E+00  3.18162E+00  3.18162E+00  3.18162E+00  3.18162E+00  3.18162E+00  3.18162E+00  3.18162E+00  3.18162E+00  3.18162E+00  3.18162E+00  3.18162E+00  3.18162E+00  3.18162E+00  3.18162E+00  3.18162E+00
   24870   4  9.23794E+00  9.23794E+00  9.23794E+00  9.23794E+00  9.23794E+00  9.23794E+00  9.23794E+00  9.23794E+00  9.23794E+00  9.23794E+00  9.23794E+00  9.23794E+00  9.23794E+00  9.23794E+00  9.23794E+00  9.23794E+00  9.23794E+00  9.23794E+00  9.23794E+00  9.23794E+00  9.23794E+00  9.23794E+00  9.23794E+00  9.23794E+00
   24871   4  2.04105E+01  2.04105E+01  2.04105E+01  2.04105E+01  2.04105E+01  2.04105E+01  2.04105E+01  2.04105E+01  2.04105E+01  2.04105E+01  2.04105E+01  2.04105E+01  2.04105E+01  2.04105E+01  2.04105E+01  2.04105E+01  2.04105E+01  2.04105E+01  2.04105E+01  2.04105E+01  2.04105E+01  2.04105E+01  2.04105E+01  2.04105E+01
   23814   4  1.66431E+00  1.66431E+00  1.66431E+00  1.66431E+00  1.66431E+00  1.66431E+00  1.66431E+00  1.66431E+00  1.66431E+00  1.66431E+00  1.66431E+00  1.66431E+00  1.66431E+00  1.66431E+00  1.66431E+00  1.66431E+00  1.66431E+00  1.66431E+00  1.66431E+00  1.66431E+00  1.66431E+00  1.66431E+00  1.66431E+00  1.66431E+00
   23813   3  1.57903E+01  1.57903E+01  1.57903E+01  1.57903E+01  1.57903E+01  1.57903E+01  1.57903E+01  1.57903E+01  1.57903E+01  1.57903E+01  1.57903E+01  1.57903E+01  1.57903E+01  1.57903E+01  1.57903E+01  1.57903E+01  1.57903E+01  1.57903E+01  1.57903E+01  1.57903E+01  1.57903E+01  1.57903E+01  1.57903E+01  1.57903E+01
   23458   4  1.51649E+01  1.51649E+01  1.51649E+01  1.51649E+01  1.51649E+01  1.51649E+01  1.51649E+01  1.51649E+01  1.51649E+01  1.51649E+01  1.51649E+01  1.51649E+01  1.51649E+01  1.51649E+01  1.51649E+01  1.51649E+01  1.51649E+01  1.51649E+01  1.51649E+01  1.51649E+01  1.51649E+01  1.51649E+01  1.51649E+01  1.51649E+01
   28064   5  5.26877E-03  5.26877E-03  5.26877E-03  5.26877E-03  5.26877E-03  5.26877E-03  5.26877E-03  5.26877E-03  5.26877E-03  5.26877E-03  5.26877E-03  5.26877E-03  5.26877E-03  5.26877E-03  5.26877E-03  5.26877E-03  5.26877E-03  5.26877E-03  5.26877E-03  5.26877E-03  5.26877E-03  5.26877E-03  5.26877E-03  5.26877E-03
   23819   3  6.26659E-03  6.26659E-03  6.26659E-03  6.26659E-03  6.26659E-03  6.26659E-03  6.26659E-03  6.26659E-03  6.26659E-03  6.26659E-03  6.26659E-03  6.26659E-03  6.26659E-03  6.26659E-03  6.26659E-03  6.26659E-03  6.26659E-03  6.26659E-03  6.26659E-03  6.26659E-03  6.26659E-03  6.26659E-03  6.26659E-03  6.26659E-03
   23819   4  9.31205E+00  9.31205E+00  9.31205E+00  9.31205E+00  9.31205E+00  9.31205E+00  9.31205E+00  9.31205E+00  9.31205E+00  9.31205E+00  9.31205E+00  9.31205E+00  9.31205E+00  9.31205E+00  9.31205E+00  9.31205E+00  9.31205E+00  9.31205E+00  9.31205E+00  9.31205E+00  9.31205E+00  9.31205E+00  9.31205E+00  9.31205E+00
   23464   5  0.00000E+00  0.00000E+00  0.00000E+00  0.00000E+00  0.00000E+00  0.00000E+00  0.00000E+00  0.00000E+00  0.00000E+00  0.00000E+00  0.00000E+00  0.00000E+00  0.00000E+00  0.00000E+00  0.00000E+00  0.00000E+00  0.00000E+00  0.00000E+00  0.00000E+00  0.00000E+00  0.00000E+00  0.00000E+00  0.00000E+00  0.00000E+00
   23464   3  6.50906E+00  6.50906E+00  6.50906E+00  6.50906E+00  6.50906E+00  6.50906E+00  6.50906E+00  6.50906E+00  6.50906E+00  6.50906E+00  6.50906E+00  6.50906E+00  6.50906E+00  6.50906E+00  6.50906E+00  6.50906E+00  6.50906E+00  6.50906E+00  6.50906E+00  6.50906E+00  6.50906E+00  6.50906E+00  6.50906E+00  6.50906E+00
   23464   1  0.00000E+00  0.00000E+00  0.00000E+00  0.00000E+00  0.00000E+00  0.00000E+00  0.00000E+00  0.00000E+00  0.00000E+00  0.00000E+00  0.00000E+00  0.00000E+00  0.00000E+00  0.00000E+00  0.00000E+00  0.00000E+00  0.00000E+00  0.00000E+00  0.00000E+00  0.00000E+00  0.00000E+00  0.00000E+00  0.00000E+00  0.00000E+00
   23464   2  4.78999E+01  4.78999E+01  4.78999E+01  4.78999E+01  4.78999E+01  4.78999E+01  4.78999E+01  4.78999E+01  4.78999E+01  4.78999E+01  4.78999E+01  4.78999E+01  4.78999E+01  4.78999E+01  4.78999E+01  4.78999E+01  4.78999E+01  4.78999E+01  4.78999E+01  4.78999E+01  4.78999E+01  4.78999E+01  4.78999E+01  4.78999E+01
   23464   4  2.91905E+00  2.91905E+00  2.91905E+00  2.91905E+00  2.91905E+00  2.91905E+00  2.91905E+00  2.91905E+00  2.91905E+00  2.91905E+00  2.91905E+00  2.91905E+00  2.91905E+00  2.91905E+00  2.91905E+00  2.91905E+00  2.91905E+00  2.91905E+00  2.91905E+00  2.91905E+00  2.91905E+00  2.91905E+00  2.91905E+00  2.91905E+00
   24519   4  1.27777E+01  1.27777E+01  1.27777E+01  1.27777E+01  1.27777E+01  1.27777E+01  1.27777E+01  1.27777E+01  1.27777E+01  1.27777E+01  1.27777E+01  1.27777E+01  1.27777E+01  1.27777E+01  1.27777E+01  1.27777E+01  1.27777E+01  1.27777E+01  1.27777E+01  1.27777E+01  1.27777E+01  1.27777E+01  1.27777E+01  1.27777E+01
   24519   3  1.51956E+01  1.51956E+01  1.51956E+01  1.51956E+01  1.51956E+01  8.38169E+00  8.38169E+00  8.38169E+00  8.38169E+00  8.38169E+00  8.38169E+00  8.38169E+00  8.38169E+00  1.51956E+01  1.51956E+01  1.51956E+01  1.51956E+01  1.51956E+01  1.51956E+01  1.51956E+01  1.51956E+01  1.51956E+01  1.51956E+01  1.51956E+01
   24166   4  4.59770E-01  4.59770E-01  4.59770E-01  4.59770E-01  4.59770E-01  4.59770E-01  4.59770E-01  4.59770E-01  4.59770E-01  4.59770E-01  4.59770E-01  4.59770E-01  4.59770E-01  4.59770E-01  4.59770E-01  4.59770E-01  4.59770E-01  4.59770E-01  4.59770E-01  4.59770E-01  4.59770E-01  4.59770E-01  4.59770E-01  4.59770E-01
   24518   4  0.00000E+00  0.00000E+00  0.00000E+00  0.00000E+00  0.00000E+00  0.00000E+00  0.00000E+00  0.00000E+00  0.00000E+00  0.00000E+00  0.00000E+00  0.00000E+00  0.00000E+00  0.00000E+00  0.00000E+00  0.00000E+00  0.00000E+00  0.00000E+00  0.00000E+00  0.00000E+00  0.00000E+00  0.00000E+00  0.00000E+00  0.00000E+00
   24519   7  2.04093E+02  2.04093E+02  2.04093E+02  2.04093E+02  2.04093E+02  2.04093E+02  2.04093E+02  2.04093E+02  2.04093E+02  2.04093E+02  2.04093E+02  2.04093E+02  2.04093E+02  2.04093E+02  2.04093E+02  2.04093E+02  2.04093E+02  2.04093E+02  2.04093E+02  2.04093E+02  2.04093E+02  2.04093E+02  2.04093E+02  2.04093E+02
   24510   3  0.00000E+00  0.00000E+00  0.00000E+00  0.00000E+00  0.00000E+00  0.00000E+00  0.00000E+00  0.00000E+00  0.00000E+00  0.00000E+00  0.00000E+00  0.00000E+00  0.00000E+00  0.00000E+00  0.00000E+00  0.00000E+00  0.00000E+00  0.00000E+00  0.00000E+00  0.00000E+00  0.00000E+00  0.00000E+00  0.00000E+00  0.00000E+00
   24510   2  0.00000E+00  0.00000E+00  0.00000E+00  0.00000E+00  0.00000E+00  0.00000E+00  0.00000E+00  0.00000E+00  0.00000E+00  0.00000E+00  0.00000E+00  0.00000E+00  0.00000E+00  0.00000E+00  0.00000E+00  0.00000E+00  0.00000E+00  0.00000E+00  0.00000E+00  0.00000E+00  0.00000E+00  0.00000E+00  0.00000E+00  0.00000E+00
   20989   3  0.00000E+00  0.00000E+00  0.00000E+00  0.00000E+00  0.00000E+00  0.00000E+00  0.00000E+00  0.00000E+00  0.00000E+00  0.00000E+00  0.00000E+00  0.00000E+00  0.00000E+00  0.00000E+00  0.00000E+00  0.00000E+00  0.00000E+00  0.00000E+00  0.00000E+00  0.00000E+00  0.00000E+00  0.00000E+00  0.00000E+00  0.00000E+00
   20989   2  0.00000E+00  0.00000E+00  0.00000E+00  0.00000E+00  0.00000E+00  0.00000E+00  0.00000E+00  0.00000E+00  0.00000E+00  0.00000E+00  0.00000E+00  0.00000E+00  0.00000E+00  0.00000E+00  0.00000E+00  0.00000E+00  0.00000E+00  0.00000E+00  0.00000E+00  0.00000E+00  0.00000E+00  0.00000E+00  0.00000E+00  0.00000E+00
   22745   4  1.88205E-01  1.88205E-01  1.88205E-01  1.88205E-01  1.88205E-01  1.88205E-01  1.88205E-01  1.88205E-01  1.88205E-01  1.88205E-01  1.88205E-01  1.88205E-01  1.88205E-01  1.88205E-01  1.88205E-01  1.88205E-01  1.88205E-01  1.88205E-01  1.88205E-01  1.88205E-01  1.88205E-01  1.88205E-01  1.88205E-01  1.88205E-01
   28410   4  1.38572E-01  1.38572E-01  1.38572E-01  1.38572E-01  1.38572E-01  1.38572E-01  1.38572E-01  1.38572E-01  1.38572E-01  1.38572E-01  1.38572E-01  1.38572E-01  1.38572E-01  1.38572E-01  1.38572E-01  1.38572E-01  1.38572E-01  1.38572E-01  1.38572E-01  1.38572E-01  1.38572E-01  1.38572E-01  1.38572E-01  1.38572E-01
   24163   4  6.85440E-01  6.85440E-01  6.85440E-01  6.85440E-01  6.85440E-01  6.85440E-01  6.85440E-01  6.85440E-01  6.85440E-01  6.85440E-01  6.85440E-01  6.85440E-01  6.85440E-01  6.85440E-01  6.85440E-01  6.85440E-01  6.85440E-01  6.85440E-01  6.85440E-01  6.85440E-01  6.85440E-01  6.85440E-01  6.85440E-01  6.85440E-01
   24163   3  2.12349E-03  2.12349E-03  2.12349E-03  2.12349E-03  2.12349E-03  2.12349E-03  2.12349E-03  2.12349E-03  2.12349E-03  2.12349E-03  2.12349E-03  2.12349E-03  2.12349E-03  2.12349E-03  2.12349E-03  2.12349E-03  2.12349E-03  2.12349E-03  2.12349E-03  2.12349E-03  2.12349E-03  2.12349E-03  2.12349E-03  2.12349E-03
   24870   5  2.18877E-03  2.18877E-03  2.18877E-03  2.18877E-03  2.18877E-03  2.18877E-03  2.18877E-03  2.18877E-03  2.18877E-03  2.18877E-03  2.18877E-03  2.18877E-03  2.18877E-03  2.18877E-03  2.18877E-03  2.18877E-03  2.18877E-03  2.18877E-03  2.18877E-03  2.18877E-03  2.18877E-03  2.18877E-03  2.18877E-03  2.18877E-03
   24517   4  3.95597E-01  3.95597E-01  3.95597E-01  3.95597E-01  3.95597E-01  3.95597E-01  3.95597E-01  3.95597E-01  3.95597E-01  3.95597E-01  3.95597E-01  3.95597E-01  3.95597E-01  3.95597E-01  3.95597E-01  3.95597E-01  3.95597E-01  3.95597E-01  3.95597E-01  3.95597E-01  3.95597E-01  3.95597E-01  3.95597E-01  3.95597E-01
   24872   4  4.63902E-01  4.63902E-01  4.63902E-01  4.63902E-01  4.63902E-01  4.63902E-01  4.63902E-01  4.63902E-01  4.63902E-01  4.63902E-01  4.63902E-01  4.63902E-01  4.63902E-01  4.63902E-01  4.63902E-01  4.63902E-01  4.63902E-01  4.63902E-01  4.63902E-01  4.63902E-01  4.63902E-01  4.63902E-01  4.63902E-01  4.63902E-01
   20280   3  2.20677E-03  2.20677E-03  2.20677E-03  2.20677E-03  2.20677E-03  2.20677E-03  2.20677E-03  2.20677E-03  2.20677E-03  2.20677E-03  2.20677E-03  2.20677E-03  2.20677E-03  2.20677E-03  2.20677E-03  2.20677E-03  2.20677E-03  2.20677E-03  2.20677E-03  2.20677E-03  2.20677E-03  2.20677E-03  2.20677E-03  2.20677E-03
   23103   3  0.00000E+00  0.00000E+00  0.00000E+00  0.00000E+00  0.00000E+00  0.00000E+00  0.00000E+00  0.00000E+00  0.00000E+00  0.00000E+00  0.00000E+00  0.00000E+00  0.00000E+00  9.33396E-02  9.33396E-02  9.33396E-02  9.33396E-02  9.33396E-02  9.33396E-02  9.33396E-02  9.33396E-02  0.00000E+00  0.00000E+00  0.00000E+00
   25575   3  1.24169E+02  1.24169E+02  1.24169E+02  1.24169E+02  1.24169E+02  1.23836E+02  1.23836E+02  1.23836E+02  1.23836E+02  1.23836E+02  1.23836E+02  1.23836E+02  1.23836E+02  1.24169E+02  1.24169E+02  1.24169E+02  1.24169E+02  1.24169E+02  1.24169E+02  1.24169E+02  1.24169E+02  1.24169E+02  1.24169E+02  1.24169E+02
   25575   4  1.64237E+01  1.64237E+01  1.64237E+01  1.64237E+01  1.64237E+01  1.64237E+01  1.64237E+01  1.64237E+01  1.64237E+01  1.64237E+01  1.64237E+01  1.64237E+01  1.64237E+01  1.64237E+01  1.64237E+01  1.64237E+01  1.64237E+01  1.64237E+01  1.64237E+01  1.64237E+01  1.64237E+01  1.64237E+01  1.64237E+01  1.64237E+01
   25575   5  2.16212E-01  2.16212E-01  2.16212E-01  2.16212E-01  2.16212E-01  2.16212E-01  2.16212E-01  2.16212E-01  2.16212E-01  2.16212E-01  2.16212E-01  2.16212E-01  2.16212E-01  2.16212E-01  2.16212E-01  2.16212E-01  2.16212E-01  2.16212E-01  2.16212E-01  2.16212E-01  2.16212E-01  2.16212E-01  2.16212E-01  2.16212E-01
   25575   2  1.88677E+00  1.88677E+00  1.88677E+00  1.88677E+00  1.88677E+00  1.88677E+00  1.88677E+00  1.88677E+00  1.88677E+00  1.88677E+00  1.88677E+00  1.88677E+00  1.88677E+00  1.88677E+00  1.88677E+00  1.88677E+00  1.88677E+00  1.88677E+00  1.88677E+00  1.88677E+00  1.88677E+00  1.88677E+00  1.88677E+00  1.88677E+00
   24868   4  3.50008E-04  3.50008E-04  3.50008E-04  3.50008E-04  3.50008E-04  3.50008E-04  3.50008E-04  3.50008E-04  3.50008E-04  3.50008E-04  3.50008E-04  3.50008E-04  3.50008E-04  3.50008E-04  3.50008E-04  3.50008E-04  3.50008E-04  3.50008E-04  3.50008E-04  3.50008E-04  3.50008E-04  3.50008E-04  3.50008E-04  3.50008E-04
   24869   4  2.54302E-04  2.54302E-04  2.54302E-04  2.54302E-04  2.54302E-04  2.54302E-04  2.54302E-04  2.54302E-04  2.54302E-04  2.54302E-04  2.54302E-04  2.54302E-04  2.54302E-04  2.54302E-04  2.54302E-04  2.54302E-04  2.54302E-04  2.54302E-04  2.54302E-04  2.54302E-04  2.54302E-04  2.54302E-04  2.54302E-04  2.54302E-04
   25575   7  3.77110E+02  3.77110E+02  3.77110E+02  3.77110E+02  3.77110E+02  3.77110E+02  3.77110E+02  3.77110E+02  3.77110E+02  3.77110E+02  3.77110E+02  3.77110E+02  3.77110E+02  3.77110E+02  3.77110E+02  3.77110E+02  3.77110E+02  3.77110E+02  3.77110E+02  3.77110E+02  3.77110E+02  3.77110E+02  3.77110E+02  3.77110E+02
   25576   3  1.95964E-01  1.95964E-01  1.95964E-01  1.95964E-01  1.95964E-01  1.95964E-01  1.95964E-01  1.95964E-01  1.95964E-01  1.95964E-01  1.95964E-01  1.95964E-01  1.95964E-01  1.95964E-01  1.95964E-01  1.95964E-01  1.95964E-01  1.95964E-01  1.95964E-01  1.95964E-01  1.95964E-01  1.95964E-01  1.95964E-01  1.95964E-01
   25222   3  4.61777E-02  4.61777E-02  4.61777E-02  4.61777E-02  4.61777E-02  4.61777E-02  4.61777E-02  4.61777E-02  4.61777E-02  4.61777E-02  4.61777E-02  4.61777E-02  4.61777E-02  4.61777E-02  4.61777E-02  4.61777E-02  4.61777E-02  4.61777E-02  4.61777E-02  4.61777E-02  4.61777E-02  4.61777E-02  4.61777E-02  4.61777E-02
   24874   3  0.00000E+00  0.00000E+00  0.00000E+00  0.00000E+00  0.00000E+00  0.00000E+00  0.00000E+00  0.00000E+00  0.00000E+00  0.00000E+00  0.00000E+00  0.00000E+00  0.00000E+00  0.00000E+00  0.00000E+00  0.00000E+00  0.00000E+00  0.00000E+00  0.00000E+00  0.00000E+00  0.00000E+00  0.00000E+00  0.00000E+00  0.00000E+00
   24874   4  6.33492E-01  6.33492E-01  6.33492E-01  6.33492E-01  6.33492E-01  6.33492E-01  6.33492E-01  6.33492E-01  6.33492E-01  6.33492E-01  6.33492E-01  6.33492E-01  6.33492E-01  6.33492E-01  6.33492E-01  6.33492E-01  6.33492E-01  6.33492E-01  6.33492E-01  6.33492E-01  6.33492E-01  6.33492E-01  6.33492E-01  6.33492E-01
   20686   4  0.00000E+00  0.00000E+00  0.00000E+00  0.00000E+00  0.00000E+00  0.00000E+00  0.00000E+00  0.00000E+00  0.00000E+00  0.00000E+00  0.00000E+00  0.00000E+00  0.00000E+00  0.00000E+00  0.00000E+00  0.00000E+00  0.00000E+00  0.00000E+00  0.00000E+00  0.00000E+00  0.00000E+00  0.00000E+00  0.00000E+00  0.00000E+00
   20686   2  5.22791E+00  5.15054E+00  4.86317E+00  4.38791E+00  3.89054E+00  3.28873E+00  3.04512E+00  2.92332E+00  2.88272E+00  2.96392E+00  3.20753E+00  3.59325E+00  4.09062E+00  4.39513E+00  4.63874E+00  4.85190E+00  4.93310E+00  5.01430E+00  5.04475E+00  5.08536E+00  5.07521E+00  5.04475E+00  4.96355E+00  4.84175E+00
   20686   3  1.68055E+00  1.65568E+00  1.56331E+00  1.41053E+00  1.25064E+00  1.05719E+00  9.78879E-01  9.39724E-01  9.26672E-01  9.52776E-01  1.03109E+00  1.15508E+00  1.31496E+00  1.41285E+00  1.49116E+00  1.55968E+00  1.58578E+00  1.61189E+00  1.62168E+00  1.63473E+00  1.63146E+00  1.62168E+00  1.59557E+00  1.55642E+00
   22095   4  2.26234E-01  2.26234E-01  2.26234E-01  2.26234E-01  2.26234E-01  2.26234E-01  2.26234E-01  2.26234E-01  2.26234E-01  2.26234E-01  2.26234E-01  2.26234E-01  2.26234E-01  2.26234E-01  2.26234E-01  2.26234E-01  2.26234E-01  2.26234E-01  2.26234E-01  2.26234E-01  2.26234E-01  2.26234E-01  2.26234E-01  2.26234E-01
   22095   2  1.68777E+00  1.68777E+00  1.68777E+00  1.68777E+00  1.68777E+00  1.68777E+00  1.68777E+00  1.68777E+00  1.68777E+00  1.68777E+00  1.68777E+00  1.68777E+00  1.68777E+00  1.68777E+00  1.68777E+00  1.68777E+00  1.68777E+00  1.68777E+00  1.68777E+00  1.68777E+00  1.68777E+00  1.68777E+00  1.68777E+00  1.68777E+00
   22095   3  0.00000E+00  0.00000E+00  0.00000E+00  0.00000E+00  0.00000E+00  0.00000E+00  0.00000E+00  0.00000E+00  0.00000E+00  0.00000E+00  0.00000E+00  0.00000E+00  0.00000E+00  0.00000E+00  0.00000E+00  0.00000E+00  0.00000E+00  0.00000E+00  0.00000E+00  0.00000E+00  0.00000E+00  0.00000E+00  0.00000E+00  0.00000E+00
   20329   3  5.18177E+01  5.18177E+01  6.84744E+00  6.84744E+00  6.84744E+00  6.84639E+00  6.84639E+00  6.84639E+00  6.84639E+00  6.84639E+00  6.84639E+00  6.84639E+00  6.84639E+00  5.19938E+01  5.19938E+01  5.19938E+01  5.19938E+01  5.19938E+01  5.19938E+01  5.19938E+01  5.19938E+01  5.18177E+01  5.18177E+01  5.18177E+01
   21381   4  0.00000E+00  0.00000E+00  0.00000E+00  0.00000E+00  0.00000E+00  0.00000E+00  0.00000E+00  0.00000E+00  0.00000E+00  0.00000E+00  0.00000E+00  0.00000E+00  0.00000E+00  0.00000E+00  0.00000E+00  0.00000E+00  0.00000E+00  0.00000E+00  0.00000E+00  0.00000E+00  0.00000E+00  0.00000E+00  0.00000E+00  0.00000E+00
   20684   3  1.38117E-01  1.38117E-01  1.97363E-03  1.97363E-03  1.97363E-03  1.97363E-03  1.97363E-03  1.97363E-03  1.97363E-03  1.97363E-03  1.97363E-03  1.97363E-03  1.97363E-03  1.38117E-01  1.38117E-01  1.38117E-01  1.38117E-01  1.38117E-01  1.38117E-01  1.38117E-01  1.38117E-01  1.38117E-01  1.38117E-01  1.38117E-01
   20683   3  2.48755E+01  2.48453E+01  2.39876E+01  2.38023E+01  2.36084E+01  1.71213E+01  1.70263E+01  1.69788E+01  1.69630E+01  1.69947E+01  1.70896E+01  1.72400E+01  1.74339E+01  2.45635E+01  2.46584E+01  2.47415E+01  2.47732E+01  2.48048E+01  2.48167E+01  2.48325E+01  2.48286E+01  2.48041E+01  2.47724E+01  2.47250E+01
   20684   4  4.68752E-01  4.68752E-01  4.68752E-01  4.68752E-01  4.68752E-01  4.68752E-01  4.68752E-01  4.68752E-01  4.68752E-01  4.68752E-01  4.68752E-01  4.68752E-01  4.68752E-01  4.68752E-01  4.68752E-01  4.68752E-01  4.68752E-01  4.68752E-01  4.68752E-01  4.68752E-01  4.68752E-01  4.68752E-01  4.68752E-01  4.68752E-01
   21036   4  1.95355E-01  1.95355E-01  1.95355E-01  1.95355E-01  1.95355E-01  1.95355E-01  1.95355E-01  1.95355E-01  1.95355E-01  1.95355E-01  1.95355E-01  1.95355E-01  1.95355E-01  3.77042E+00  3.77042E+00  3.77042E+00  3.77042E+00  3.77042E+00  3.77042E+00  3.77042E+00  3.77042E+00  1.95355E-01  1.95355E-01  1.95355E-01
   21036   3  3.62245E+01  3.62245E+01  3.62245E+01  3.62245E+01  3.62245E+01  3.62245E+01  3.62245E+01  3.62245E+01  3.62245E+01  3.62245E+01  3.62245E+01  3.62245E+01  3.62245E+01  3.62245E+01  3.62245E+01  3.62245E+01  3.62245E+01  3.62245E+01  3.62245E+01  3.62245E+01  3.62245E+01  3.62245E+01  3.62245E+01  3.62245E+01
   21036   7  0.00000E+00  0.00000E+00  0.00000E+00  0.00000E+00  0.00000E+00  0.00000E+00  0.00000E+00  0.00000E+00  0.00000E+00  0.00000E+00  0.00000E+00  0.00000E+00  0.00000E+00  5.22744E+00  5.22744E+00  5.22744E+00  5.22744E+00  5.22744E+00  5.22744E+00  5.22744E+00  5.22744E+00  0.00000E+00  0.00000E+00  0.00000E+00
   19275   4  6.70227E-02  6.70227E-02  6.70227E-02  6.70227E-02  6.70227E-02  6.70227E-02  6.70227E-02  6.70227E-02  6.70227E-02  6.70227E-02  6.70227E-02  6.70227E-02  6.70227E-02  6.70227E-02  6.70227E-02  6.70227E-02  6.70227E-02  6.70227E-02  6.70227E-02  6.70227E-02  6.70227E-02  6.70227E-02  6.70227E-02  6.70227E-02
   19275   3  1.98029E-01  1.98029E-01  1.98029E-01  1.98029E-01  1.98029E-01  1.66439E-01  1.66439E-01  1.66439E-01  1.66439E-01  1.66439E-01  1.66439E-01  1.66439E-01  1.66439E-01  1.98029E-01  1.98029E-01  1.98029E-01  1.98029E-01  1.98029E-01  1.98029E-01  1.98029E-01  1.98029E-01  1.98029E-01  1.98029E-01  1.98029E-01
   19274   4  5.85185E-02  5.85185E-02  5.85185E-02  5.85185E-02  5.85185E-02  5.85185E-02  5.85185E-02  5.85185E-02  5.85185E-02  5.85185E-02  5.85185E-02  5.85185E-02  5.85185E-02  5.85185E-02  5.85185E-02  5.85185E-02  5.85185E-02  5.85185E-02  5.85185E-02  5.85185E-02  5.85185E-02  5.85185E-02  5.85185E-02  5.85185E-02
   19627   4  8.43510E-02  8.43510E-02  8.43510E-02  8.43510E-02  8.43510E-02  8.43510E-02  8.43510E-02  8.43510E-02  8.43510E-02  8.43510E-02  8.43510E-02  8.43510E-02  8.43510E-02  8.43510E-02  8.43510E-02  8.43510E-02  8.43510E-02  8.43510E-02  8.43510E-02  8.43510E-02  8.43510E-02  8.43510E-02  8.43510E-02  8.43510E-02
   19627   3  0.00000E+00  0.00000E+00  0.00000E+00  0.00000E+00  0.00000E+00  0.00000E+00  0.00000E+00  0.00000E+00  0.00000E+00  0.00000E+00  0.00000E+00  0.00000E+00  0.00000E+00  0.00000E+00  0.00000E+00  0.00000E+00  0.00000E+00  0.00000E+00  0.00000E+00  0.00000E+00  0.00000E+00  0.00000E+00  0.00000E+00  0.00000E+00
   19627   2  7.10509E-03  7.10509E-03  7.10509E-03  7.10509E-03  7.10509E-03  0.00000E+00  0.00000E+00  0.00000E+00  0.00000E+00  0.00000E+00  0.00000E+00  0.00000E+00  0.00000E+00  7.10509E-03  7.10509E-03  7.10509E-03  7.10509E-03  7.10509E-03  7.10509E-03  7.10509E-03  7.10509E-03  7.10509E-03  7.10509E-03  7.10509E-03
   20331   4  2.43907E+01  2.43907E+01  2.43907E+01  2.43907E+01  2.43907E+01  2.43907E+01  2.43907E+01  2.43907E+01  2.43907E+01  2.43907E+01  2.43907E+01  2.43907E+01  2.43907E+01  2.49318E+01  2.49318E+01  2.49318E+01  2.49318E+01  2.49318E+01  2.49318E+01  2.49318E+01  2.49318E+01  2.43907E+01  2.43907E+01  2.43907E+01
   20331   3  1.07853E+01  1.07853E+01  1.01580E+01  1.01580E+01  1.01580E+01  1.01580E+01  1.01580E+01  1.01580E+01  1.01580E+01  1.01580E+01  1.01580E+01  1.01580E+01  1.01580E+01  2.65111E+01  2.65111E+01  2.65111E+01  2.65111E+01  2.65111E+01  2.65111E+01  2.65111E+01  2.65111E+01  1.07853E+01  1.07853E+01  1.07853E+01
   20331   7  1.42453E+00  1.42453E+00  1.42453E+00  1.42453E+00  1.42453E+00  1.34778E+00  1.34778E+00  1.34778E+00  1.34778E+00  1.34778E+00  1.34778E+00  1.34778E+00  1.42453E+00  2.49059E+00  2.49059E+00  2.49059E+00  2.49059E+00  2.49059E+00  2.49059E+00  2.49059E+00  2.49059E+00  1.42453E+00  1.42453E+00  1.42453E+00
   19971   4  1.27245E-01  1.27245E-01  1.27245E-01  1.27245E-01  1.27245E-01  1.27245E-01  1.27245E-01  1.27245E-01  1.27245E-01  1.27245E-01  1.27245E-01  1.27245E-01  1.27245E-01  1.27245E-01  1.27245E-01  1.27245E-01  1.27245E-01  1.27245E-01  1.27245E-01  1.27245E-01  1.27245E-01  1.27245E-01  1.27245E-01  1.27245E-01
   20331   1  4.30387E-01  4.30387E-01  4.30387E-01  4.30387E-01  4.30387E-01  4.30387E-01  4.30387E-01  4.30387E-01  4.30387E-01  4.30387E-01  4.30387E-01  4.30387E-01  4.30387E-01  4.30387E-01  4.30387E-01  4.30387E-01  4.30387E-01  4.30387E-01  4.30387E-01  4.30387E-01  4.30387E-01  4.30387E-01  4.30387E-01  4.30387E-01
   20331   2  1.01510E-02  1.01510E-02  1.01510E-02  1.01510E-02  1.01510E-02  1.01510E-02  1.01510E-02  1.01510E-02  1.01510E-02  1.01510E-02  1.01510E-02  1.01510E-02  1.01510E-02  1.01510E-02  1.01510E-02  1.01510E-02  1.01510E-02  1.01510E-02  1.01510E-02  1.01510E-02  1.01510E-02  1.01510E-02  1.01510E-02  1.01510E-02
   20685   3  0.00000E+00  0.00000E+00  0.00000E+00  0.00000E+00  0.00000E+00  0.00000E+00  0.00000E+00  0.00000E+00  0.00000E+00  0.00000E+00  0.00000E+00  0.00000E+00  0.00000E+00  6.84017E-03  6.84017E-03  6.84017E-03  6.84017E-03  6.84017E-03  6.84017E-03  6.84017E-03  6.84017E-03  0.00000E+00  0.00000E+00  0.00000E+00
   20332   3  3.87322E-04  3.87322E-04  3.87322E-04  3.87322E-04  3.87322E-04  3.87322E-04  3.87322E-04  3.87322E-04  3.87322E-04  3.87322E-04  3.87322E-04  3.87322E-04  3.87322E-04  3.87322E-04  3.87322E-04  3.87322E-04  3.87322E-04  3.87322E-04  3.87322E-04  3.87322E-04  3.87322E-04  3.87322E-04  3.87322E-04  3.87322E-04
   20685   7  0.00000E+00  0.00000E+00  0.00000E+00  0.00000E+00  0.00000E+00  0.00000E+00  0.00000E+00  0.00000E+00  0.00000E+00  0.00000E+00  0.00000E+00  0.00000E+00  0.00000E+00  1.87726E+00  1.87726E+00  1.87726E+00  1.87726E+00  1.87726E+00  1.87726E+00  1.87726E+00  1.87726E+00  0.00000E+00  0.00000E+00  0.00000E+00
   19622   4  0.00000E+00  0.00000E+00  0.00000E+00  0.00000E+00  0.00000E+00  0.00000E+00  0.00000E+00  0.00000E+00  0.00000E+00  0.00000E+00  0.00000E+00  0.00000E+00  0.00000E+00  0.00000E+00  0.00000E+00  0.00000E+00  0.00000E+00  0.00000E+00  0.00000E+00  0.00000E+00  0.00000E+00  0.00000E+00  0.00000E+00  0.00000E+00
   19628   4  2.12609E-01  2.12609E-01  2.12609E-01  2.12609E-01  2.12609E-01  2.12609E-01  2.12609E-01  2.12609E-01  2.12609E-01  2.12609E-01  2.12609E-01  2.12609E-01  2.12609E-01  2.12609E-01  2.12609E-01  2.12609E-01  2.12609E-01  2.12609E-01  2.12609E-01  2.12609E-01  2.12609E-01  2.12609E-01  2.12609E-01  2.12609E-01
   19628   3  6.79743E-02  6.79743E-02  6.79743E-02  6.79743E-02  6.79743E-02  6.79743E-02  6.79743E-02  6.79743E-02  6.79743E-02  6.79743E-02  6.79743E-02  6.79743E-02  6.79743E-02  6.79743E-02  6.79743E-02  6.79743E-02  6.79743E-02  6.79743E-02  6.79743E-02  6.79743E-02  6.79743E-02  6.79743E-02  6.79743E-02  6.79743E-02
   19274   3  2.19654E-01  2.19654E-01  2.19654E-01  2.19654E-01  2.19654E-01  4.53669E-05  4.53669E-05  4.53669E-05  4.53669E-05  4.53669E-05  4.53669E-05  4.53669E-05  4.53669E-05  2.19654E-01  2.19654E-01  2.19654E-01  2.19654E-01  2.19654E-01  2.19654E-01  2.19654E-01  2.19654E-01  2.19654E-01  2.19654E-01  2.19654E-01
   19628   7  7.82310E-01  7.82310E-01  7.82310E-01  7.82310E-01  7.82310E-01  0.00000E+00  0.00000E+00  0.00000E+00  0.00000E+00  0.00000E+00  0.00000E+00  0.00000E+00  7.82310E-01  7.82310E-01  7.82310E-01  7.82310E-01  7.82310E-01  7.82310E-01  7.82310E-01  7.82310E-01  7.82310E-01  7.82310E-01  7.82310E-01  7.82310E-01
   19267   4  1.35783E+00  1.35783E+00  1.35783E+00  1.35783E+00  1.35783E+00  1.35783E+00  1.35783E+00  1.35783E+00  1.35783E+00  1.35783E+00  1.35783E+00  1.35783E+00  1.35783E+00  1.72055E+00  1.72055E+00  1.72055E+00  1.72055E+00  1.72055E+00  1.72055E+00  1.72055E+00  1.72055E+00  1.35783E+00  1.35783E+00  1.35783E+00
   19267   2  6.73886E+01  6.73886E+01  6.73886E+01  6.73886E+01  6.73886E+01  6.73886E+01  6.73886E+01  6.73886E+01  6.73886E+01  6.73886E+01  6.73886E+01  6.73886E+01  6.73886E+01  6.73886E+01  6.73886E+01  6.73886E+01  6.73886E+01  6.73886E+01  6.73886E+01  6.73886E+01  6.73886E+01  6.73886E+01  6.73886E+01  6.73886E+01
   19620   4  3.52207E-01  3.52207E-01  3.52207E-01  3.52207E-01  3.52207E-01  3.52207E-01  3.52207E-01  3.52207E-01  3.52207E-01  3.52207E-01  3.52207E-01  3.52207E-01  3.52207E-01  3.52207E-01  3.52207E-01  3.52207E-01  3.52207E-01  3.52207E-01  3.52207E-01  3.52207E-01  3.52207E-01  3.52207E-01  3.52207E-01  3.52207E-01
   19620   3  3.54168E-01  3.54168E-01  3.54168E-01  3.54168E-01  3.54168E-01  8.60865E-02  8.60865E-02  8.60865E-02  8.60865E-02  8.60865E-02  8.60865E-02  8.60865E-02  8.60865E-02  3.54168E-01  3.54168E-01  3.54168E-01  3.54168E-01  3.54168E-01  3.54168E-01  3.54168E-01  3.54168E-01  3.54168E-01  3.54168E-01  3.54168E-01
   19267   7  0.00000E+00  0.00000E+00  0.00000E+00  0.00000E+00  0.00000E+00  0.00000E+00  0.00000E+00  0.00000E+00  0.00000E+00  0.00000E+00  0.00000E+00  0.00000E+00  0.00000E+00  8.26914E-01  8.26914E-01  8.26914E-01  8.26914E-01  8.26914E-01  8.26914E-01  8.26914E-01  8.26914E-01  0.00000E+00  0.00000E+00  0.00000E+00
   19267   3  1.37130E+00  1.37130E+00  1.37130E+00  1.37130E+00  1.37130E+00  1.37130E+00  1.37130E+00  1.37130E+00  1.37130E+00  1.37130E+00  1.37130E+00  1.37130E+00  1.37130E+00  1.37130E+00  1.37130E+00  1.37130E+00  1.37130E+00  1.37130E+00  1.37130E+00  1.37130E+00  1.37130E+00  1.37130E+00  1.37130E+00  1.37130E+00
   18913   3  9.76548E-04  9.76548E-04  9.76548E-04  9.76548E-04  9.76548E-04  9.76548E-04  9.76548E-04  9.76548E-04  9.76548E-04  9.76548E-04  9.76548E-04  9.76548E-04  9.76548E-04  9.76548E-04  9.76548E-04  9.76548E-04  9.76548E-04  9.76548E-04  9.76548E-04  9.76548E-04  9.76548E-04  9.76548E-04  9.76548E-04  9.76548E-04
   18913   4  4.15429E-06  4.15429E-06  4.15429E-06  4.15429E-06  4.15429E-06  4.15429E-06  4.15429E-06  4.15429E-06  4.15429E-06  4.15429E-06  4.15429E-06  4.15429E-06  4.15429E-06  4.15429E-06  4.15429E-06  4.15429E-06  4.15429E-06  4.15429E-06  4.15429E-06  4.15429E-06  4.15429E-06  4.15429E-06  4.15429E-06  4.15429E-06
   19975   3  3.61147E+01  3.61147E+01  1.41075E-02  1.41075E-02  1.41075E-02  1.03722E-02  1.03722E-02  1.03722E-02  1.03722E-02  1.03722E-02  1.03722E-02  1.03722E-02  1.03722E-02  3.61147E+01  3.61147E+01  3.61147E+01  3.61147E+01  3.61147E+01  3.61147E+01  3.61147E+01  3.61147E+01  3.61147E+01  3.61147E+01  3.61147E+01
   19975   4  4.86805E+00  4.86805E+00  4.86805E+00  4.86805E+00  4.86805E+00  4.86805E+00  4.86805E+00  4.86805E+00  4.86805E+00  4.86805E+00  4.86805E+00  4.86805E+00  4.86805E+00  5.80179E+00  5.80179E+00  5.80179E+00  5.80179E+00  5.80179E+00  5.80179E+00  5.80179E+00  5.80179E+00  4.86805E+00  4.86805E+00  4.86805E+00
   19975   2  0.00000E+00  0.00000E+00  0.00000E+00  0.00000E+00  0.00000E+00  0.00000E+00  0.00000E+00  0.00000E+00  0.00000E+00  0.00000E+00  0.00000E+00  0.00000E+00  0.00000E+00  0.00000E+00  0.00000E+00  0.00000E+00  0.00000E+00  0.00000E+00  0.00000E+00  0.00000E+00  0.00000E+00  0.00000E+00  0.00000E+00  0.00000E+00
   20329   7  0.00000E+00  0.00000E+00  0.00000E+00  0.00000E+00  0.00000E+00  0.00000E+00  0.00000E+00  0.00000E+00  0.00000E+00  0.00000E+00  0.00000E+00  0.00000E+00  0.00000E+00  1.40361E+01  1.40361E+01  1.40361E+01  1.40361E+01  1.40361E+01  1.40361E+01  1.40361E+01  1.40361E+01  0.00000E+00  0.00000E+00  0.00000E+00
   19975   5  8.38711E-03  8.38711E-03  8.38711E-03  8.38711E-03  8.38711E-03  8.38711E-03  8.38711E-03  8.38711E-03  8.38711E-03  8.38711E-03  8.38711E-03  8.38711E-03  8.38711E-03  8.38711E-03  8.38711E-03  8.38711E-03  8.38711E-03  8.38711E-03  8.38711E-03  8.38711E-03  8.38711E-03  8.38711E-03  8.38711E-03  8.38711E-03
   19979   5  2.54814E-03  2.54814E-03  2.54814E-03  2.54814E-03  2.54814E-03  2.54814E-03  2.54814E-03  2.54814E-03  2.54814E-03  2.54814E-03  2.54814E-03  2.54814E-03  2.54814E-03  2.54814E-03  2.54814E-03  2.54814E-03  2.54814E-03  2.54814E-03  2.54814E-03  2.54814E-03  2.54814E-03  2.54814E-03  2.54814E-03  2.54814E-03
   19979   4  1.15678E-01  1.15678E-01  1.15678E-01  1.15678E-01  1.15678E-01  1.15678E-01  1.15678E-01  1.15678E-01  1.15678E-01  1.15678E-01  1.15678E-01  1.15678E-01  1.15678E-01  1.15678E-01  1.15678E-01  1.15678E-01  1.15678E-01  1.15678E-01  1.15678E-01  1.15678E-01  1.15678E-01  1.15678E-01  1.15678E-01  1.15678E-01
   19979   3  7.69844E-06  7.69844E-06  7.69844E-06  7.69844E-06  7.69844E-06  7.69844E-06  7.69844E-06  7.69844E-06  7.69844E-06  7.69844E-06  7.69844E-06  7.69844E-06  7.69844E-06  7.69844E-06  7.69844E-06  7.69844E-06  7.69844E-06  7.69844E-06  7.69844E-06  7.69844E-06  7.69844E-06  7.69844E-06  7.69844E-06  7.69844E-06
   20681   4  2.71093E-02  2.71093E-02  2.71093E-02  2.71093E-02  2.71093E-02  2.71093E-02  2.71093E-02  2.71093E-02  2.71093E-02  2.71093E-02  2.71093E-02  2.71093E-02  2.71093E-02  2.71093E-02  2.71093E-02  2.71093E-02  2.71093E-02  2.71093E-02  2.71093E-02  2.71093E-02  2.71093E-02  2.71093E-02  2.71093E-02  2.71093E-02
   18915   3  2.52409E-02  2.52409E-02  2.52409E-02  2.52409E-02  2.52409E-02  2.52409E-02  2.52409E-02  2.52409E-02  2.52409E-02  2.52409E-02  2.52409E-02  2.52409E-02  2.52409E-02  2.52409E-02  2.52409E-02  2.52409E-02  2.52409E-02  2.52409E-02  2.52409E-02  2.52409E-02  2.52409E-02  2.52409E-02  2.52409E-02  2.52409E-02
   21038   4  2.17007E+00  2.17007E+00  2.17007E+00  2.17007E+00  2.17007E+00  2.17007E+00  2.17007E+00  2.17007E+00  2.17007E+00  2.17007E+00  2.17007E+00  2.17007E+00  2.17007E+00  2.17007E+00  2.17007E+00  2.17007E+00  2.17007E+00  2.17007E+00  2.17007E+00  2.17007E+00  2.17007E+00  2.17007E+00  2.17007E+00  2.17007E+00
   21038   3  0.00000E+00  0.00000E+00  0.00000E+00  0.00000E+00  0.00000E+00  0.00000E+00  0.00000E+00  0.00000E+00  0.00000E+00  0.00000E+00  0.00000E+00  0.00000E+00  0.00000E+00  0.00000E+00  0.00000E+00  0.00000E+00  0.00000E+00  0.00000E+00  0.00000E+00  0.00000E+00  0.00000E+00  0.00000E+00  0.00000E+00  0.00000E+00
   18562   3  0.00000E+00  0.00000E+00  0.00000E+00  0.00000E+00  0.00000E+00  0.00000E+00  0.00000E+00  0.00000E+00  0.00000E+00  0.00000E+00  0.00000E+00  0.00000E+00  0.00000E+00  0.00000E+00  0.00000E+00  0.00000E+00  0.00000E+00  0.00000E+00  0.00000E+00  0.00000E+00  0.00000E+00  0.00000E+00  0.00000E+00  0.00000E+00
   20330   7  1.29033E+01  1.29033E+01  1.29033E+01  1.29033E+01  1.29033E+01  0.00000E+00  0.00000E+00  0.00000E+00  0.00000E+00  0.00000E+00  0.00000E+00  0.00000E+00  1.29033E+01  3.97914E+01  3.97914E+01  3.97914E+01  3.97914E+01  3.97914E+01  3.97914E+01  3.97914E+01  3.97914E+01  1.29033E+01  1.29033E+01  1.29033E+01
   20330   2  9.55021E+00  9.55021E+00  9.55021E+00  9.55021E+00  9.55021E+00  9.55021E+00  9.55021E+00  9.55021E+00  9.55021E+00  9.55021E+00  9.55021E+00  9.55021E+00  9.55021E+00  9.55021E+00  9.55021E+00  9.55021E+00  9.55021E+00  9.55021E+00  9.55021E+00  9.55021E+00  9.55021E+00  9.55021E+00  9.55021E+00  9.55021E+00
   20329   2  4.72079E-03  4.72079E-03  4.72079E-03  4.72079E-03  4.72079E-03  4.72079E-03  4.72079E-03  4.72079E-03  4.72079E-03  4.72079E-03  4.72079E-03  4.72079E-03  4.72079E-03  4.72079E-03  4.72079E-03  4.72079E-03  4.72079E-03  4.72079E-03  4.72079E-03  4.72079E-03  4.72079E-03  4.72079E-03  4.72079E-03  4.72079E-03
   19266   5  1.96493E-04  1.96493E-04  1.96493E-04  1.96493E-04  1.96493E-04  1.96493E-04  1.96493E-04  1.96493E-04  1.96493E-04  1.96493E-04  1.96493E-04  1.96493E-04  1.96493E-04  1.96493E-04  1.96493E-04  1.96493E-04  1.96493E-04  1.96493E-04  1.96493E-04  1.96493E-04  1.96493E-04  1.96493E-04  1.96493E-04  1.96493E-04
   19265   4  8.85091E+00  8.85091E+00  8.85091E+00  8.85091E+00  8.85091E+00  8.85091E+00  8.85091E+00  8.85091E+00  8.85091E+00  8.85091E+00  8.85091E+00  8.85091E+00  8.85091E+00  9.37548E+01  9.37548E+01  9.37548E+01  9.37548E+01  9.37548E+01  9.37548E+01  9.37548E+01  9.37548E+01  8.85091E+00  8.85091E+00  8.85091E+00
   19265   3  6.31137E+00  6.31137E+00  2.12595E+00  2.12595E+00  2.12595E+00  2.12595E+00  2.12595E+00  2.12595E+00  2.12595E+00  2.12595E+00  2.12595E+00  2.12595E+00  2.12595E+00  9.13185E+01  9.13185E+01  9.13185E+01  9.13185E+01  9.13185E+01  9.13185E+01  9.13185E+01  9.13185E+01  6.31137E+00  6.31137E+00  6.31137E+00
   19265   5  2.46963E+00  2.46963E+00  2.46963E+00  2.46963E+00  2.46963E+00  2.46963E+00  2.46963E+00  2.46963E+00  2.46963E+00  2.46963E+00  2.46963E+00  2.46963E+00  2.46963E+00  2.13371E+01  2.13371E+01  2.13371E+01  2.13371E+01  2.13371E+01  2.13371E+01  2.13371E+01  2.13371E+01  2.46963E+00  2.46963E+00  2.46963E+00
   19266   7  2.67031E+01  2.67031E+01  2.67031E+01  2.67031E+01  2.67031E+01  2.67031E+01  2.67031E+01  2.67031E+01  2.67031E+01  2.67031E+01  2.67031E+01  2.67031E+01  2.67031E+01  2.67031E+01  2.67031E+01  2.67031E+01  2.67031E+01  2.67031E+01  2.67031E+01  2.67031E+01  2.67031E+01  2.67031E+01  2.67031E+01  2.67031E+01
   19265   7  3.70527E+00  3.70527E+00  3.70527E+00  3.70527E+00  3.70527E+00  0.00000E+00  0.00000E+00  0.00000E+00  0.00000E+00  0.00000E+00  0.00000E+00  0.00000E+00  3.70527E+00  2.94681E+01  2.94681E+01  2.94681E+01  2.94681E+01  2.94681E+01  2.94681E+01  2.94681E+01  2.94681E+01  3.70527E+00  3.70527E+00  3.70527E+00
   19266   4  1.17087E-01  1.17087E-01  1.17087E-01  1.17087E-01  1.17087E-01  1.17087E-01  1.17087E-01  1.17087E-01  1.17087E-01  1.17087E-01  1.17087E-01  1.17087E-01  1.17087E-01  1.17087E-01  1.17087E-01  1.17087E-01  1.17087E-01  1.17087E-01  1.17087E-01  1.17087E-01  1.17087E-01  1.17087E-01  1.17087E-01  1.17087E-01
   18912   4  0.00000E+00  0.00000E+00  0.00000E+00  0.00000E+00  0.00000E+00  0.00000E+00  0.00000E+00  0.00000E+00  0.00000E+00  0.00000E+00  0.00000E+00  0.00000E+00  0.00000E+00  0.00000E+00  0.00000E+00  0.00000E+00  0.00000E+00  0.00000E+00  0.00000E+00  0.00000E+00  0.00000E+00  0.00000E+00  0.00000E+00  0.00000E+00
   19265   1  8.16190E-01  8.16190E-01  8.16190E-01  8.16190E-01  8.16190E-01  8.16190E-01  8.16190E-01  8.16190E-01  8.16190E-01  8.16190E-01  8.16190E-01  8.16190E-01  8.16190E-01  8.16190E-01  8.16190E-01  8.16190E-01  8.16190E-01  8.16190E-01  8.16190E-01  8.16190E-01  8.16190E-01  8.16190E-01  8.16190E-01  8.16190E-01
   20683   4  2.25171E+01  2.25171E+01  2.25171E+01  2.25171E+01  2.25171E+01  2.25171E+01  2.25171E+01  2.25171E+01  2.25171E+01  2.25171E+01  2.25171E+01  2.25171E+01  2.25171E+01  2.25171E+01  2.25171E+01  2.25171E+01  2.25171E+01  2.25171E+01  2.25171E+01  2.25171E+01  2.25171E+01  2.25171E+01  2.25171E+01  2.25171E+01
   20683   7  7.87132E-01  7.87132E-01  7.87132E-01  7.87132E-01  7.87132E-01  0.00000E+00  0.00000E+00  0.00000E+00  0.00000E+00  0.00000E+00  0.00000E+00  0.00000E+00  7.87132E-01  3.40016E+00  3.40016E+00  3.40016E+00  3.40016E+00  3.40016E+00  3.40016E+00  3.40016E+00  3.40016E+00  7.87132E-01  7.87132E-01  7.87132E-01
   20683   2  2.11498E-01  2.08368E-01  1.96743E-01  1.77515E-01  1.57394E-01  1.33048E-01  1.23192E-01  1.18265E-01  1.16622E-01  1.19907E-01  1.29763E-01  1.45367E-01  1.65488E-01  1.77808E-01  1.87663E-01  1.96286E-01  1.99571E-01  2.02857E-01  2.04089E-01  2.05731E-01  2.05320E-01  2.04089E-01  2.00803E-01  1.95876E-01
   19973   5  1.70722E-03  1.70722E-03  1.70722E-03  1.70722E-03  1.70722E-03  1.70722E-03  1.70722E-03  1.70722E-03  1.70722E-03  1.70722E-03  1.70722E-03  1.70722E-03  1.70722E-03  1.70722E-03  1.70722E-03  1.70722E-03  1.70722E-03  1.70722E-03  1.70722E-03  1.70722E-03  1.70722E-03  1.70722E-03  1.70722E-03  1.70722E-03
   19264   3  1.30818E-02  1.30818E-02  1.30818E-02  1.30818E-02  1.30818E-02  1.30818E-02  1.30818E-02  1.30818E-02  1.30818E-02  1.30818E-02  1.30818E-02  1.30818E-02  1.30818E-02  1.30818E-02  1.30818E-02  1.30818E-02  1.30818E-02  1.30818E-02  1.30818E-02  1.30818E-02  1.30818E-02  1.30818E-02  1.30818E-02  1.30818E-02
   19263   4  1.07280E-02  1.07280E-02  1.07280E-02  1.07280E-02  1.07280E-02  1.07280E-02  1.07280E-02  1.07280E-02  1.07280E-02  1.07280E-02  1.07280E-02  1.07280E-02  1.07280E-02  1.07280E-02  1.07280E-02  1.07280E-02  1.07280E-02  1.07280E-02  1.07280E-02  1.07280E-02  1.07280E-02  1.07280E-02  1.07280E-02  1.07280E-02
   20682   4  3.57219E+01  3.57219E+01  3.57219E+01  3.57219E+01  3.57219E+01  3.57219E+01  3.57219E+01  3.57219E+01  3.57219E+01  3.57219E+01  3.57219E+01  3.57219E+01  3.57219E+01  1.05831E+02  1.05831E+02  1.05831E+02  1.05831E+02  1.05831E+02  1.05831E+02  1.05831E+02  1.05831E+02  3.57219E+01  3.57219E+01  3.57219E+01
   20682   3  7.81371E-01  7.81371E-01  7.81371E-01  7.81371E-01  7.81371E-01  6.37789E-01  6.37789E-01  6.37789E-01  6.37789E-01  6.37789E-01  6.37789E-01  6.37789E-01  6.37789E-01  6.92009E+01  6.92009E+01  6.92009E+01  6.92009E+01  6.92009E+01  6.92009E+01  6.92009E+01  6.92009E+01  7.81371E-01  7.81371E-01  7.81371E-01
   20682   5  0.00000E+00  0.00000E+00  0.00000E+00  0.00000E+00  0.00000E+00  0.00000E+00  0.00000E+00  0.00000E+00  0.00000E+00  0.00000E+00  0.00000E+00  0.00000E+00  0.00000E+00  1.52043E+01  1.52043E+01  1.52043E+01  1.52043E+01  1.52043E+01  1.52043E+01  1.52043E+01  1.52043E+01  0.00000E+00  0.00000E+00  0.00000E+00
   21035   4  6.88003E-01  6.88003E-01  6.88003E-01  6.88003E-01  6.88003E-01  6.88003E-01  6.88003E-01  6.88003E-01  6.88003E-01  6.88003E-01  6.88003E-01  6.88003E-01  6.88003E-01  6.88003E-01  6.88003E-01  6.88003E-01  6.88003E-01  6.88003E-01  6.88003E-01  6.88003E-01  6.88003E-01  6.88003E-01  6.88003E-01  6.88003E-01
   21035   3  2.34016E-03  2.34016E-03  2.34016E-03  2.34016E-03  2.34016E-03  2.34016E-03  2.34016E-03  2.34016E-03  2.34016E-03  2.34016E-03  2.34016E-03  2.34016E-03  2.34016E-03  2.34016E-03  2.34016E-03  2.34016E-03  2.34016E-03  2.34016E-03  2.34016E-03  2.34016E-03  2.34016E-03  2.34016E-03  2.34016E-03  2.34016E-03
   20682   7  0.00000E+00  0.00000E+00  0.00000E+00  0.00000E+00  0.00000E+00  0.00000E+00  0.00000E+00  0.00000E+00  0.00000E+00  0.00000E+00  0.00000E+00  0.00000E+00  0.00000E+00  2.59190E-01  2.59190E-01  2.59190E-01  2.59190E-01  2.59190E-01  2.59190E-01  2.59190E-01  2.59190E-01  0.00000E+00  0.00000E+00  0.00000E+00
   17468   3  3.05843E-03  3.05843E-03  3.05843E-03  3.05843E-03  3.05843E-03  3.05843E-03  3.05843E-03  3.05843E-03  3.05843E-03  3.05843E-03  3.05843E-03  3.05843E-03  3.05843E-03  3.05843E-03  3.05843E-03  3.05843E-03  3.05843E-03  3.05843E-03  3.05843E-03  3.05843E-03  3.05843E-03  3.05843E-03  3.05843E-03  3.05843E-03
   20665   3  5.46881E-01  5.46881E-01  5.46881E-01  5.46881E-01  5.46881E-01  5.46881E-01  5.46881E-01  5.46881E-01  5.46881E-01  5.46881E-01  5.46881E-01  5.46881E-01  5.46881E-01  5.46881E-01  5.46881E-01  5.46881E-01  5.46881E-01  5.46881E-01  5.46881E-01  5.46881E-01  5.46881E-01  5.46881E-01  5.46881E-01  5.46881E-01
   21015   3  7.83415E-05  7.83415E-05  7.83415E-05  7.83415E-05  7.83415E-05  7.83415E-05  7.83415E-05  7.83415E-05  7.83415E-05  7.83415E-05  7.83415E-05  7.83415E-05  7.83415E-05  7.83415E-05  7.83415E-05  7.83415E-05  7.83415E-05  7.83415E-05  7.83415E-05  7.83415E-05  7.83415E-05  7.83415E-05  7.83415E-05  7.83415E-05
   22058   3  2.20928E-03  2.20928E-03  2.20928E-03  2.20928E-03  2.20928E-03  2.20928E-03  2.20928E-03  2.20928E-03  2.20928E-03  2.20928E-03  2.20928E-03  2.20928E-03  2.20928E-03  2.20928E-03  2.20928E-03  2.20928E-03  2.20928E-03  2.20928E-03  2.20928E-03  2.20928E-03  2.20928E-03  2.20928E-03  2.20928E-03  2.20928E-03
   22404   3  4.42680E-02  4.42680E-02  4.42680E-02  4.42680E-02  4.42680E-02  0.00000E+00  0.00000E+00  0.00000E+00  0.00000E+00  0.00000E+00  0.00000E+00  0.00000E+00  0.00000E+00  4.42680E-02  4.42680E-02  4.42680E-02  4.42680E-02  4.42680E-02  4.42680E-02  4.42680E-02  4.42680E-02  4.42680E-02  4.42680E-02  4.42680E-02
   13938   4  5.48073E-04  5.48073E-04  5.48073E-04  5.48073E-04  5.48073E-04  5.48073E-04  5.48073E-04  5.48073E-04  5.48073E-04  5.48073E-04  5.48073E-04  5.48073E-04  5.48073E-04  5.48073E-04  5.48073E-04  5.48073E-04  5.48073E-04  5.48073E-04  5.48073E-04  5.48073E-04  5.48073E-04  5.48073E-04  5.48073E-04  5.48073E-04
   13938   2  5.04221E+00  5.04221E+00  5.04221E+00  5.04221E+00  2.55947E+00  2.55947E+00  2.55947E+00  2.55947E+00  5.04221E+00  5.04221E+00  5.04221E+00  5.04221E+00  5.04221E+00  5.04221E+00  5.04221E+00  5.04221E+00  5.04221E+00  5.04221E+00  5.04221E+00  5.04221E+00  5.04221E+00  5.04221E+00  5.04221E+00  5.04221E+00
   13938   1  2.55947E+00  2.55947E+00  2.55947E+00  2.55947E+00  2.55947E+00  2.55947E+00  2.55947E+00  2.55947E+00  2.55947E+00  2.55947E+00  2.55947E+00  2.55947E+00  2.55947E+00  2.55947E+00  2.55947E+00  2.55947E+00  2.55947E+00  2.55947E+00  2.55947E+00  2.55947E+00  2.55947E+00  2.55947E+00  2.55947E+00  2.55947E+00
   13938   7  3.46487E+01  3.46487E+01  3.46487E+01  3.46487E+01  3.46487E+01  3.46487E+01  3.46487E+01  3.46487E+01  3.46487E+01  3.46487E+01  3.46487E+01  3.46487E+01  3.46487E+01  3.46487E+01  3.46487E+01  3.46487E+01  3.46487E+01  3.46487E+01  3.46487E+01  3.46487E+01  3.46487E+01  3.46487E+01  3.46487E+01  3.46487E+01
   13235   1  5.78590E+00  5.78590E+00  5.78590E+00  5.78590E+00  5.78590E+00  5.78590E+00  5.78590E+00  5.78590E+00  5.78590E+00  5.78590E+00  5.78590E+00  5.78590E+00  5.78590E+00  5.78590E+00  5.78590E+00  5.78590E+00  5.78590E+00  5.78590E+00  5.78590E+00  5.78590E+00  5.78590E+00  5.78590E+00  5.78590E+00  5.78590E+00
   13235   2  1.18276E+01  1.18276E+01  1.18276E+01  1.18276E+01  1.18276E+01  1.18276E+01  1.18276E+01  1.18276E+01  1.18276E+01  1.18276E+01  1.18276E+01  1.18276E+01  1.18276E+01  1.18276E+01  1.18276E+01  1.18276E+01  1.18276E+01  1.18276E+01  1.18276E+01  1.18276E+01  1.18276E+01  1.18276E+01  1.18276E+01  1.18276E+01
   13235   3  2.77543E-01  2.77543E-01  2.77543E-01  2.77543E-01  2.77543E-01  2.77543E-01  2.77543E-01  2.77543E-01  2.77543E-01  2.77543E-01  2.77543E-01  2.77543E-01  2.77543E-01  2.77543E-01  2.77543E-01  2.77543E-01  2.77543E-01  2.77543E-01  2.77543E-01  2.77543E-01  2.77543E-01  2.77543E-01  2.77543E-01  2.77543E-01
   13938   3  0.00000E+00  0.00000E+00  0.00000E+00  0.00000E+00  0.00000E+00  0.00000E+00  0.00000E+00  0.00000E+00  0.00000E+00  0.00000E+00  0.00000E+00  0.00000E+00  0.00000E+00  0.00000E+00  0.00000E+00  0.00000E+00  0.00000E+00  0.00000E+00  0.00000E+00  0.00000E+00  0.00000E+00  0.00000E+00  0.00000E+00  0.00000E+00
   21012   3  0.00000E+00  0.00000E+00  0.00000E+00  0.00000E+00  0.00000E+00  0.00000E+00  0.00000E+00  0.00000E+00  0.00000E+00  0.00000E+00  0.00000E+00  0.00000E+00  0.00000E+00  0.00000E+00  0.00000E+00  0.00000E+00  0.00000E+00  0.00000E+00  0.00000E+00  0.00000E+00  0.00000E+00  0.00000E+00  0.00000E+00  0.00000E+00
   20658   3  1.42588E+00  1.42588E+00  1.42588E+00  1.42588E+00  1.42588E+00  1.42588E+00  1.42588E+00  1.42588E+00  1.42588E+00  1.42588E+00  1.42588E+00  1.42588E+00  1.42588E+00  1.42588E+00  1.42588E+00  1.42588E+00  1.42588E+00  1.42588E+00  1.42588E+00  1.42588E+00  1.42588E+00  1.42588E+00  1.42588E+00  1.42588E+00
   21012   4  7.18026E-02  7.18026E-02  7.18026E-02  7.18026E-02  7.18026E-02  7.18026E-02  7.18026E-02  7.18026E-02  7.18026E-02  7.18026E-02  7.18026E-02  7.18026E-02  7.18026E-02  7.18026E-02  7.18026E-02  7.18026E-02  7.18026E-02  7.18026E-02  7.18026E-02  7.18026E-02  7.18026E-02  7.18026E-02  7.18026E-02  7.18026E-02
   21013   4  2.71011E-01  2.71011E-01  2.71011E-01  2.71011E-01  2.71011E-01  2.71011E-01  2.71011E-01  2.71011E-01  2.71011E-01  2.71011E-01  2.71011E-01  2.71011E-01  2.71011E-01  2.71011E-01  2.71011E-01  2.71011E-01  2.71011E-01  2.71011E-01  2.71011E-01  2.71011E-01  2.71011E-01  2.71011E-01  2.71011E-01  2.71011E-01
   20658   7  2.78063E+01  2.78063E+01  2.78063E+01  2.78063E+01  2.78063E+01  2.78063E+01  2.78063E+01  2.78063E+01  2.78063E+01  2.78063E+01  2.78063E+01  2.78063E+01  2.78063E+01  2.78063E+01  2.78063E+01  2.78063E+01  2.78063E+01  2.78063E+01  2.78063E+01  2.78063E+01  2.78063E+01  2.78063E+01  2.78063E+01  2.78063E+01
   21013   3  6.71597E+00  6.71597E+00  6.71597E+00  6.71597E+00  6.71597E+00  6.71597E+00  6.71597E+00  6.71597E+00  6.71597E+00  6.71597E+00  6.71597E+00  6.71597E+00  6.71597E+00  6.71597E+00  6.71597E+00  6.71597E+00  6.71597E+00  6.71597E+00  6.71597E+00  6.71597E+00  6.71597E+00  6.71597E+00  6.71597E+00  6.71597E+00
   20659   4  0.00000E+00  0.00000E+00  0.00000E+00  0.00000E+00  0.00000E+00  0.00000E+00  0.00000E+00  0.00000E+00  0.00000E+00  0.00000E+00  0.00000E+00  0.00000E+00  0.00000E+00  0.00000E+00  0.00000E+00  0.00000E+00  0.00000E+00  0.00000E+00  0.00000E+00  0.00000E+00  0.00000E+00  0.00000E+00  0.00000E+00  0.00000E+00
   20645   3  0.00000E+00  0.00000E+00  0.00000E+00  0.00000E+00  0.00000E+00  0.00000E+00  0.00000E+00  0.00000E+00  0.00000E+00  0.00000E+00  0.00000E+00  0.00000E+00  0.00000E+00  0.00000E+00  0.00000E+00  0.00000E+00  0.00000E+00  0.00000E+00  0.00000E+00  0.00000E+00  0.00000E+00  0.00000E+00  0.00000E+00  0.00000E+00
   18891   3  2.84580E-02  2.84580E-02  2.84580E-02  2.84580E-02  2.84580E-02  2.84580E-02  2.84580E-02  2.84580E-02  2.84580E-02  2.84580E-02  2.84580E-02  2.84580E-02  2.84580E-02  2.84580E-02  2.84580E-02  2.84580E-02  2.84580E-02  2.84580E-02  2.84580E-02  2.84580E-02  2.84580E-02  2.84580E-02  2.84580E-02  2.84580E-02
   19239   2  0.00000E+00  0.00000E+00  0.00000E+00  0.00000E+00  0.00000E+00  0.00000E+00  0.00000E+00  0.00000E+00  0.00000E+00  0.00000E+00  0.00000E+00  0.00000E+00  0.00000E+00  0.00000E+00  0.00000E+00  0.00000E+00  0.00000E+00  0.00000E+00  0.00000E+00  0.00000E+00  0.00000E+00  0.00000E+00  0.00000E+00  0.00000E+00
   19239   3  0.00000E+00  0.00000E+00  0.00000E+00  0.00000E+00  0.00000E+00  0.00000E+00  0.00000E+00  0.00000E+00  0.00000E+00  0.00000E+00  0.00000E+00  0.00000E+00  0.00000E+00  0.00000E+00  0.00000E+00  0.00000E+00  0.00000E+00  0.00000E+00  0.00000E+00  0.00000E+00  0.00000E+00  0.00000E+00  0.00000E+00  0.00000E+00
   20643   2  0.00000E+00  0.00000E+00  0.00000E+00  0.00000E+00  0.00000E+00  0.00000E+00  0.00000E+00  0.00000E+00  0.00000E+00  0.00000E+00  0.00000E+00  0.00000E+00  0.00000E+00  0.00000E+00  0.00000E+00  0.00000E+00  0.00000E+00  0.00000E+00  0.00000E+00  0.00000E+00  0.00000E+00  0.00000E+00  0.00000E+00  0.00000E+00
   20643   3  0.00000E+00  0.00000E+00  0.00000E+00  0.00000E+00  0.00000E+00  0.00000E+00  0.00000E+00  0.00000E+00  0.00000E+00  0.00000E+00  0.00000E+00  0.00000E+00  0.00000E+00  0.00000E+00  0.00000E+00  0.00000E+00  0.00000E+00  0.00000E+00  0.00000E+00  0.00000E+00  0.00000E+00  0.00000E+00  0.00000E+00  0.00000E+00
   19590   3  2.12747E+00  2.12747E+00  2.12747E+00  2.12747E+00  2.12747E+00  2.12747E+00  2.12747E+00  2.12747E+00  2.12747E+00  2.12747E+00  2.12747E+00  2.12747E+00  2.12747E+00  2.12747E+00  2.12747E+00  2.12747E+00  2.12747E+00  2.12747E+00  2.12747E+00  2.12747E+00  2.12747E+00  2.12747E+00  2.12747E+00  2.12747E+00
   19590   7  5.04950E+01  5.04950E+01  5.04950E+01  5.04950E+01  5.04950E+01  5.04950E+01  5.04950E+01  5.04950E+01  5.04950E+01  5.04950E+01  5.04950E+01  5.04950E+01  5.04950E+01  5.04950E+01  5.04950E+01  5.04950E+01  5.04950E+01  5.04950E+01  5.04950E+01  5.04950E+01  5.04950E+01  5.04950E+01  5.04950E+01  5.04950E+01
   21358   4  0.00000E+00  0.00000E+00  0.00000E+00  0.00000E+00  0.00000E+00  0.00000E+00  0.00000E+00  0.00000E+00  0.00000E+00  0.00000E+00  0.00000E+00  0.00000E+00  0.00000E+00  0.00000E+00  0.00000E+00  0.00000E+00  0.00000E+00  0.00000E+00  0.00000E+00  0.00000E+00  0.00000E+00  0.00000E+00  0.00000E+00  0.00000E+00
   22412   3  2.17788E-02  2.17788E-02  2.17788E-02  2.17788E-02  2.17788E-02  2.17788E-02  2.17788E-02  2.17788E-02  2.17788E-02  2.17788E-02  2.17788E-02  2.17788E-02  2.17788E-02  2.17788E-02  2.17788E-02  2.17788E-02  2.17788E-02  2.17788E-02  2.17788E-02  2.17788E-02  2.17788E-02  2.17788E-02  2.17788E-02  2.17788E-02
   22412   7  8.92007E+00  8.92007E+00  8.92007E+00  8.92007E+00  8.92007E+00  8.92007E+00  8.92007E+00  8.92007E+00  8.92007E+00  8.92007E+00  8.92007E+00  8.92007E+00  8.92007E+00  8.92007E+00  8.92007E+00  8.92007E+00  8.92007E+00  8.92007E+00  8.92007E+00  8.92007E+00  8.92007E+00  8.92007E+00  8.92007E+00  8.92007E+00
   19610   3  2.84853E-05  2.84853E-05  2.84853E-05  2.84853E-05  2.84853E-05  2.84853E-05  2.84853E-05  2.84853E-05  2.84853E-05  2.84853E-05  2.84853E-05  2.84853E-05  2.84853E-05  2.84853E-05  2.84853E-05  2.84853E-05  2.84853E-05  2.84853E-05  2.84853E-05  2.84853E-05  2.84853E-05  2.84853E-05  2.84853E-05  2.84853E-05
   16803   4  1.01820E-01  1.01820E-01  1.01820E-01  1.01820E-01  1.01820E-01  1.01820E-01  1.01820E-01  1.01820E-01  1.01820E-01  1.01820E-01  1.01820E-01  1.01820E-01  1.01820E-01  1.01820E-01  1.01820E-01  1.01820E-01  1.01820E-01  1.01820E-01  1.01820E-01  1.01820E-01  1.01820E-01  1.01820E-01  1.01820E-01  1.01820E-01
   16802   4  8.44537E-01  8.44537E-01  8.44537E-01  8.44537E-01  8.44537E-01  8.44537E-01  8.44537E-01  8.44537E-01  8.44537E-01  8.44537E-01  8.44537E-01  8.44537E-01  8.44537E-01  8.44537E-01  8.44537E-01  8.44537E-01  8.44537E-01  8.44537E-01  8.44537E-01  8.44537E-01  8.44537E-01  8.44537E-01  8.44537E-01  8.44537E-01
   17156   4  1.40198E-03  1.40198E-03  1.40198E-03  1.40198E-03  1.40198E-03  1.40198E-03  1.40198E-03  1.40198E-03  1.40198E-03  1.40198E-03  1.40198E-03  1.40198E-03  1.40198E-03  1.40198E-03  1.40198E-03  1.40198E-03  1.40198E-03  1.40198E-03  1.40198E-03  1.40198E-03  1.40198E-03  1.40198E-03  1.40198E-03  1.40198E-03
   17156   3  3.11059E-03  3.11059E-03  3.11059E-03  3.11059E-03  3.11059E-03  0.00000E+00  0.00000E+00  0.00000E+00  0.00000E+00  0.00000E+00  0.00000E+00  0.00000E+00  0.00000E+00  3.11059E-03  3.11059E-03  3.11059E-03  3.11059E-03  3.11059E-03  3.11059E-03  3.11059E-03  3.11059E-03  3.11059E-03  3.11059E-03  3.11059E-03
   17156   7  1.94615E+01  1.94615E+01  1.94615E+01  1.94615E+01  1.94615E+01  1.94615E+01  1.94615E+01  1.94615E+01  1.94615E+01  1.94615E+01  1.94615E+01  1.94615E+01  1.94615E+01  1.94615E+01  1.94615E+01  1.94615E+01  1.94615E+01  1.94615E+01  1.94615E+01  1.94615E+01  1.94615E+01  1.94615E+01  1.94615E+01  1.94615E+01
   17156   2  5.14654E-01  5.14654E-01  5.14654E-01  5.14654E-01  5.14654E-01  5.14654E-01  5.14654E-01  5.14654E-01  5.14654E-01  5.14654E-01  5.14654E-01  5.14654E-01  5.14654E-01  5.14654E-01  5.14654E-01  5.14654E-01  5.14654E-01  5.14654E-01  5.14654E-01  5.14654E-01  5.14654E-01  5.14654E-01  5.14654E-01  5.14654E-01
   17506   4  2.82831E+01  2.82831E+01  2.82831E+01  2.82831E+01  2.82831E+01  2.82831E+01  2.82831E+01  2.82831E+01  2.82831E+01  2.82831E+01  2.82831E+01  2.82831E+01  2.82831E+01  1.24523E+02  1.24523E+02  1.24523E+02  1.24523E+02  1.24523E+02  1.24523E+02  1.24523E+02  1.24523E+02  2.82831E+01  2.82831E+01  2.82831E+01
   17506   3  5.16774E+00  5.16774E+00  5.16774E+00  5.16774E+00  5.16774E+00  5.16774E+00  5.16774E+00  5.16774E+00  5.16774E+00  5.16774E+00  5.16774E+00  5.16774E+00  5.16774E+00  1.01409E+02  1.01409E+02  1.01409E+02  1.01409E+02  1.01409E+02  1.01409E+02  1.01409E+02  1.01409E+02  5.16774E+00  5.16774E+00  5.16774E+00
   17859   3  1.58954E-02  1.58954E-02  1.58954E-02  1.58954E-02  1.58954E-02  1.58954E-02  1.58954E-02  1.58954E-02  1.58954E-02  1.58954E-02  1.58954E-02  1.58954E-02  1.58954E-02  1.58954E-02  1.58954E-02  1.58954E-02  1.58954E-02  1.58954E-02  1.58954E-02  1.58954E-02  1.58954E-02  1.58954E-02  1.58954E-02  1.58954E-02
   17506   7  1.23597E+02  1.23597E+02  1.23597E+02  1.23597E+02  1.23597E+02  1.23597E+02  1.23597E+02  1.23597E+02  1.23597E+02  1.23597E+02  1.23597E+02  1.23597E+02  1.23597E+02  1.23597E+02  1.23597E+02  1.23597E+02  1.23597E+02  1.23597E+02  1.23597E+02  1.23597E+02  1.23597E+02  1.23597E+02  1.23597E+02  1.23597E+02
   17505   3  1.10748E-04  1.10748E-04  1.10748E-04  1.10748E-04  1.10748E-04  1.10748E-04  1.10748E-04  1.10748E-04  1.10748E-04  1.10748E-04  1.10748E-04  1.10748E-04  1.10748E-04  1.10748E-04  1.10748E-04  1.10748E-04  1.10748E-04  1.10748E-04  1.10748E-04  1.10748E-04  1.10748E-04  1.10748E-04  1.10748E-04  1.10748E-04
   17153   2  3.85711E+00  3.85711E+00  3.85711E+00  3.85711E+00  3.85711E+00  3.85711E+00  3.85711E+00  3.85711E+00  3.85711E+00  3.85711E+00  3.85711E+00  3.85711E+00  3.85711E+00  3.85711E+00  3.85711E+00  3.85711E+00  3.85711E+00  3.85711E+00  3.85711E+00  3.85711E+00  3.85711E+00  3.85711E+00  3.85711E+00  3.85711E+00
   17506   5  0.00000E+00  0.00000E+00  0.00000E+00  0.00000E+00  0.00000E+00  0.00000E+00  0.00000E+00  0.00000E+00  0.00000E+00  0.00000E+00  0.00000E+00  0.00000E+00  0.00000E+00  2.13868E+01  2.13868E+01  2.13868E+01  2.13868E+01  2.13868E+01  2.13868E+01  2.13868E+01  2.13868E+01  0.00000E+00  0.00000E+00  0.00000E+00
   18212   4  0.00000E+00  0.00000E+00  0.00000E+00  0.00000E+00  0.00000E+00  0.00000E+00  0.00000E+00  0.00000E+00  0.00000E+00  0.00000E+00  0.00000E+00  0.00000E+00  0.00000E+00  0.00000E+00  0.00000E+00  0.00000E+00  0.00000E+00  0.00000E+00  0.00000E+00  0.00000E+00  0.00000E+00  0.00000E+00  0.00000E+00  0.00000E+00
   17510   4  2.41677E-01  2.41677E-01  2.41677E-01  2.41677E-01  2.41677E-01  2.41677E-01  2.41677E-01  2.41677E-01  2.41677E-01  2.41677E-01  2.41677E-01  2.41677E-01  2.41677E-01  2.41677E-01  2.41677E-01  2.41677E-01  2.41677E-01  2.41677E-01  2.41677E-01  2.41677E-01  2.41677E-01  2.41677E-01  2.41677E-01  2.41677E-01
   16447   2  0.00000E+00  0.00000E+00  0.00000E+00  0.00000E+00  0.00000E+00  0.00000E+00  0.00000E+00  0.00000E+00  0.00000E+00  0.00000E+00  0.00000E+00  0.00000E+00  0.00000E+00  0.00000E+00  0.00000E+00  0.00000E+00  0.00000E+00  0.00000E+00  0.00000E+00  0.00000E+00  0.00000E+00  0.00000E+00  0.00000E+00  0.00000E+00
   16447   3  0.00000E+00  0.00000E+00  0.00000E+00  0.00000E+00  0.00000E+00  0.00000E+00  0.00000E+00  0.00000E+00  0.00000E+00  0.00000E+00  0.00000E+00  0.00000E+00  0.00000E+00  0.00000E+00  0.00000E+00  0.00000E+00  0.00000E+00  0.00000E+00  0.00000E+00  0.00000E+00  0.00000E+00  0.00000E+00  0.00000E+00  0.00000E+00
   32968   7  1.52563E+01  1.52563E+01  1.52563E+01  1.52563E+01  1.52563E+01  1.52563E+01  1.52563E+01  1.52563E+01  1.52563E+01  1.52563E+01  1.52563E+01  1.52563E+01  1.52563E+01  1.52563E+01  1.52563E+01  1.52563E+01  1.52563E+01  1.52563E+01  1.52563E+01  1.52563E+01  1.52563E+01  1.52563E+01  1.52563E+01  1.52563E+01
   32968   3  2.82458E-01  2.82458E-01  2.82458E-01  2.82458E-01  2.82458E-01  2.82458E-01  2.82458E-01  2.82458E-01  2.82458E-01  2.82458E-01  2.82458E-01  2.82458E-01  2.82458E-01  2.82458E-01  2.82458E-01  2.82458E-01  2.82458E-01  2.82458E-01  2.82458E-01  2.82458E-01  2.82458E-01  2.82458E-01  2.82458E-01  2.82458E-01
   29089   4  5.16343E-03  5.16343E-03  5.16343E-03  5.16343E-03  5.16343E-03  5.16343E-03  5.16343E-03  5.16343E-03  5.16343E-03  5.16343E-03  5.16343E-03  5.16343E-03  5.16343E-03  5.16343E-03  5.16343E-03  5.16343E-03  5.16343E-03  5.16343E-03  5.16343E-03  5.16343E-03  5.16343E-03  5.16343E-03  5.16343E-03  5.16343E-03
   29089   2  0.00000E+00  0.00000E+00  0.00000E+00  0.00000E+00  0.00000E+00  0.00000E+00  0.00000E+00  0.00000E+00  0.00000E+00  0.00000E+00  0.00000E+00  0.00000E+00  0.00000E+00  0.00000E+00  0.00000E+00  0.00000E+00  0.00000E+00  0.00000E+00  0.00000E+00  0.00000E+00  0.00000E+00  0.00000E+00  0.00000E+00  0.00000E+00
   29089   3  2.40855E-02  2.40855E-02  2.40855E-02  2.40855E-02  2.40855E-02  2.40855E-02  2.40855E-02  2.40855E-02  2.40855E-02  2.40855E-02  2.40855E-02  2.40855E-02  2.40855E-02  2.40855E-02  2.40855E-02  2.40855E-02  2.40855E-02  2.40855E-02  2.40855E-02  2.40855E-02  2.40855E-02  2.40855E-02  2.40855E-02  2.40855E-02
   29089   7  1.77705E+01  1.77705E+01  1.77705E+01  1.77705E+01  1.77705E+01  1.77705E+01  1.77705E+01  1.77705E+01  1.77705E+01  1.77705E+01  1.77705E+01  1.77705E+01  1.77705E+01  1.77705E+01  1.77705E+01  1.77705E+01  1.77705E+01  1.77705E+01  1.77705E+01  1.77705E+01  1.77705E+01  1.77705E+01  1.77705E+01  1.77705E+01
   15772   3  0.00000E+00  0.00000E+00  0.00000E+00  0.00000E+00  0.00000E+00  0.00000E+00  0.00000E+00  0.00000E+00  0.00000E+00  0.00000E+00  0.00000E+00  0.00000E+00  0.00000E+00  0.00000E+00  0.00000E+00  0.00000E+00  0.00000E+00  0.00000E+00  0.00000E+00  0.00000E+00  0.00000E+00  0.00000E+00  0.00000E+00  0.00000E+00
   15772   2  0.00000E+00  0.00000E+00  0.00000E+00  0.00000E+00  0.00000E+00  0.00000E+00  0.00000E+00  0.00000E+00  0.00000E+00  0.00000E+00  0.00000E+00  0.00000E+00  0.00000E+00  0.00000E+00  0.00000E+00  0.00000E+00  0.00000E+00  0.00000E+00  0.00000E+00  0.00000E+00  0.00000E+00  0.00000E+00  0.00000E+00  0.00000E+00
   16476   4  7.73447E-03  7.73447E-03  7.73447E-03  7.73447E-03  7.73447E-03  7.73447E-03  7.73447E-03  7.73447E-03  7.73447E-03  7.73447E-03  7.73447E-03  7.73447E-03  7.73447E-03  7.73447E-03  7.73447E-03  7.73447E-03  7.73447E-03  7.73447E-03  7.73447E-03  7.73447E-03  7.73447E-03  7.73447E-03  7.73447E-03  7.73447E-03
   16476   3  0.00000E+00  0.00000E+00  0.00000E+00  0.00000E+00  0.00000E+00  0.00000E+00  0.00000E+00  0.00000E+00  0.00000E+00  0.00000E+00  0.00000E+00  0.00000E+00  0.00000E+00  0.00000E+00  0.00000E+00  0.00000E+00  0.00000E+00  0.00000E+00  0.00000E+00  0.00000E+00  0.00000E+00  0.00000E+00  0.00000E+00  0.00000E+00
    7320   4  0.00000E+00  0.00000E+00  0.00000E+00  0.00000E+00  0.00000E+00  0.00000E+00  0.00000E+00  0.00000E+00  0.00000E+00  0.00000E+00  0.00000E+00  0.00000E+00  0.00000E+00  0.00000E+00  0.00000E+00  0.00000E+00  0.00000E+00  0.00000E+00  0.00000E+00  0.00000E+00  0.00000E+00  0.00000E+00  0.00000E+00  0.00000E+00
   10496   2  8.61347E+00  8.61347E+00  8.61347E+00  8.61347E+00  8.61347E+00  8.61347E+00  8.61347E+00  8.61347E+00  8.61347E+00  8.61347E+00  8.61347E+00  8.61347E+00  8.61347E+00  8.61347E+00  8.61347E+00  8.61347E+00  8.61347E+00  8.61347E+00  8.61347E+00  8.61347E+00  8.61347E+00  8.61347E+00  8.61347E+00  8.61347E+00
   10496   3  5.12187E-01  5.12187E-01  5.12187E-01  5.12187E-01  5.12187E-01  5.12187E-01  5.12187E-01  5.12187E-01  5.12187E-01  5.12187E-01  5.12187E-01  5.12187E-01  5.12187E-01  5.12187E-01  5.12187E-01  5.12187E-01  5.12187E-01  5.12187E-01  5.12187E-01  5.12187E-01  5.12187E-01  5.12187E-01  5.12187E-01  5.12187E-01
   10122   3  6.61933E-05  6.61933E-05  6.61933E-05  6.61933E-05  6.61933E-05  6.61933E-05  6.61933E-05  6.61933E-05  6.61933E-05  6.61933E-05  6.61933E-05  6.61933E-05  6.61933E-05  6.61933E-05  6.61933E-05  6.61933E-05  6.61933E-05  6.61933E-05  6.61933E-05  6.61933E-05  6.61933E-05  6.61933E-05  6.61933E-05  6.61933E-05
   10122   5  2.61433E-03  2.61433E-03  2.61433E-03  2.61433E-03  2.61433E-03  2.61433E-03  2.61433E-03  2.61433E-03  2.61433E-03  2.61433E-03  2.61433E-03  2.61433E-03  2.61433E-03  2.61433E-03  2.61433E-03  2.61433E-03  2.61433E-03  2.61433E-03  2.61433E-03  2.61433E-03  2.61433E-03  2.61433E-03  2.61433E-03  2.61433E-03
    6258   1  7.15268E+01  7.15268E+01  7.15268E+01  7.15268E+01  7.15268E+01  7.15268E+01  7.15268E+01  7.15268E+01  7.15268E+01  7.15268E+01  7.15268E+01  7.15268E+01  7.15268E+01  7.15268E+01  7.15268E+01  7.15268E+01  7.15268E+01  7.15268E+01  7.15268E+01  7.15268E+01  7.15268E+01  7.15268E+01  7.15268E+01  7.15268E+01
    6258   2  2.76128E+02  2.76128E+02  2.76128E+02  2.76128E+02  2.76128E+02  2.76128E+02  2.76128E+02  2.76128E+02  2.76128E+02  2.76128E+02  2.76128E+02  2.76128E+02  2.76128E+02  2.76128E+02  2.76128E+02  2.76128E+02  2.76128E+02  2.76128E+02  2.76128E+02  2.76128E+02  2.76128E+02  2.76128E+02  2.76128E+02  2.76128E+02
    6258   3  2.57175E+01  2.57175E+01  2.57175E+01  2.57175E+01  2.57175E+01  2.57175E+01  2.57175E+01  2.57175E+01  2.57175E+01  2.57175E+01  2.57175E+01  2.57175E+01  2.57175E+01  2.57175E+01  2.57175E+01  2.57175E+01  2.57175E+01  2.57175E+01  2.57175E+01  2.57175E+01  2.57175E+01  2.57175E+01  2.57175E+01  2.57175E+01
    6258   4  4.65440E+00  4.65440E+00  4.65440E+00  4.65440E+00  4.65440E+00  4.65440E+00  4.65440E+00  4.65440E+00  4.65440E+00  4.65440E+00  4.65440E+00  4.65440E+00  4.65440E+00  4.65440E+00  4.65440E+00  4.65440E+00  4.65440E+00  4.65440E+00  4.65440E+00  4.65440E+00  4.65440E+00  4.65440E+00  4.65440E+00  4.65440E+00
    6258   7  9.04328E+01  9.04328E+01  9.04328E+01  9.04328E+01  9.04328E+01  9.04328E+01  9.04328E+01  9.04328E+01  9.04328E+01  9.04328E+01  9.04328E+01  9.04328E+01  9.04328E+01  9.04328E+01  9.04328E+01  9.04328E+01  9.04328E+01  9.04328E+01  9.04328E+01  9.04328E+01  9.04328E+01  9.04328E+01  9.04328E+01  9.04328E+01
    9417   4  1.85329E-03  1.85329E-03  1.85329E-03  1.85329E-03  1.85329E-03  1.85329E-03  1.85329E-03  1.85329E-03  1.85329E-03  1.85329E-03  1.85329E-03  1.85329E-03  1.85329E-03  1.85329E-03  1.85329E-03  1.85329E-03  1.85329E-03  1.85329E-03  1.85329E-03  1.85329E-03  1.85329E-03  1.85329E-03  1.85329E-03  1.85329E-03
   10122   4  1.58189E-03  1.58189E-03  1.58189E-03  1.58189E-03  1.58189E-03  1.58189E-03  1.58189E-03  1.58189E-03  1.58189E-03  1.58189E-03  1.58189E-03  1.58189E-03  1.58189E-03  1.58189E-03  1.58189E-03  1.58189E-03  1.58189E-03  1.58189E-03  1.58189E-03  1.58189E-03  1.58189E-03  1.58189E-03  1.58189E-03  1.58189E-03
   14365   3  1.68676E-03  1.68676E-03  1.68676E-03  1.68676E-03  1.68676E-03  1.68676E-03  1.68676E-03  1.68676E-03  1.68676E-03  1.68676E-03  1.68676E-03  1.68676E-03  1.68676E-03  1.68676E-03  1.68676E-03  1.68676E-03  1.68676E-03  1.68676E-03  1.68676E-03  1.68676E-03  1.68676E-03  1.68676E-03  1.68676E-03  1.68676E-03
   11525   4  3.81896E-02  3.81896E-02  3.81896E-02  3.81896E-02  3.81896E-02  3.81896E-02  3.81896E-02  3.81896E-02  3.81896E-02  3.81896E-02  3.81896E-02  3.81896E-02  3.81896E-02  3.81896E-02  3.81896E-02  3.81896E-02  3.81896E-02  3.81896E-02  3.81896E-02  3.81896E-02  3.81896E-02  3.81896E-02  3.81896E-02  3.81896E-02
    8358   7  4.64881E+01  4.64881E+01  4.64881E+01  4.64881E+01  4.64881E+01  4.64881E+01  4.64881E+01  4.64881E+01  4.64881E+01  4.64881E+01  4.64881E+01  4.64881E+01  4.64881E+01  4.64881E+01  4.64881E+01  4.64881E+01  4.64881E+01  4.64881E+01  4.64881E+01  4.64881E+01  4.64881E+01  4.64881E+01  4.64881E+01  4.64881E+01
    9771   3  1.96008E-03  1.96008E-03  1.96008E-03  1.96008E-03  1.96008E-03  0.00000E+00  0.00000E+00  0.00000E+00  0.00000E+00  0.00000E+00  0.00000E+00  0.00000E+00  0.00000E+00  1.96008E-03  1.96008E-03  1.96008E-03  1.96008E-03  1.96008E-03  1.96008E-03  1.96008E-03  1.96008E-03  1.96008E-03  1.96008E-03  1.96008E-03
    6609   3  0.00000E+00  0.00000E+00  0.00000E+00  0.00000E+00  0.00000E+00  0.00000E+00  0.00000E+00  0.00000E+00  0.00000E+00  0.00000E+00  0.00000E+00  0.00000E+00  0.00000E+00  0.00000E+00  0.00000E+00  0.00000E+00  0.00000E+00  0.00000E+00  0.00000E+00  0.00000E+00  0.00000E+00  0.00000E+00  0.00000E+00  0.00000E+00
   11870   4  3.51763E-01  3.51763E-01  3.51763E-01  3.51763E-01  3.51763E-01  3.51763E-01  3.51763E-01  3.51763E-01  3.51763E-01  3.51763E-01  3.51763E-01  3.51763E-01  3.51763E-01  3.51763E-01  3.51763E-01  3.51763E-01  3.51763E-01  3.51763E-01  3.51763E-01  3.51763E-01  3.51763E-01  3.51763E-01  3.51763E-01  3.51763E-01
   11870   3  0.00000E+00  0.00000E+00  0.00000E+00  0.00000E+00  0.00000E+00  0.00000E+00  0.00000E+00  0.00000E+00  0.00000E+00  0.00000E+00  0.00000E+00  0.00000E+00  0.00000E+00  0.00000E+00  0.00000E+00  0.00000E+00  0.00000E+00  0.00000E+00  0.00000E+00  0.00000E+00  0.00000E+00  0.00000E+00  0.00000E+00  0.00000E+00
   11870   2  0.00000E+00  0.00000E+00  0.00000E+00  0.00000E+00  0.00000E+00  0.00000E+00  0.00000E+00  0.00000E+00  0.00000E+00  0.00000E+00  0.00000E+00  0.00000E+00  0.00000E+00  0.00000E+00  0.00000E+00  0.00000E+00  0.00000E+00  0.00000E+00  0.00000E+00  0.00000E+00  0.00000E+00  0.00000E+00  0.00000E+00  0.00000E+00
   10124   4  8.23898E-04  8.23898E-04  8.23898E-04  8.23898E-04  8.23898E-04  8.23898E-04  8.23898E-04  8.23898E-04  8.23898E-04  8.23898E-04  8.23898E-04  8.23898E-04  8.23898E-04  8.23898E-04  8.23898E-04  8.23898E-04  8.23898E-04  8.23898E-04  8.23898E-04  8.23898E-04  8.23898E-04  8.23898E-04  8.23898E-04  8.23898E-04
   18579   3  9.38838E-03  9.38838E-03  9.38838E-03  9.38838E-03  9.38838E-03  9.38838E-03  9.38838E-03  9.38838E-03  9.38838E-03  9.38838E-03  9.38838E-03  9.38838E-03  9.38838E-03  9.38838E-03  9.38838E-03  9.38838E-03  9.38838E-03  9.38838E-03  9.38838E-03  9.38838E-03  9.38838E-03  9.38838E-03  9.38838E-03  9.38838E-03
   18225   4  0.00000E+00  0.00000E+00  0.00000E+00  0.00000E+00  0.00000E+00  0.00000E+00  0.00000E+00  0.00000E+00  0.00000E+00  0.00000E+00  0.00000E+00  0.00000E+00  0.00000E+00  1.88887E-01  1.88887E-01  1.88887E-01  1.88887E-01  1.88887E-01  1.88887E-01  1.88887E-01  1.88887E-01  0.00000E+00  0.00000E+00  0.00000E+00
   18225   3  2.74927E-05  2.74927E-05  2.74927E-05  2.74927E-05  2.74927E-05  2.74927E-05  2.74927E-05  2.74927E-05  2.74927E-05  2.74927E-05  2.74927E-05  2.74927E-05  2.74927E-05  2.74927E-05  2.74927E-05  2.74927E-05  2.74927E-05  2.74927E-05  2.74927E-05  2.74927E-05  2.74927E-05  2.74927E-05  2.74927E-05  2.74927E-05
   15059   3  0.00000E+00  0.00000E+00  0.00000E+00  0.00000E+00  0.00000E+00  0.00000E+00  0.00000E+00  0.00000E+00  0.00000E+00  0.00000E+00  0.00000E+00  0.00000E+00  0.00000E+00  0.00000E+00  0.00000E+00  0.00000E+00  0.00000E+00  0.00000E+00  0.00000E+00  0.00000E+00  0.00000E+00  0.00000E+00  0.00000E+00  0.00000E+00
   18576   4  4.64606E-01  4.64606E-01  4.64606E-01  4.64606E-01  4.64606E-01  4.64606E-01  4.64606E-01  4.64606E-01  4.64606E-01  4.64606E-01  4.64606E-01  4.64606E-01  4.64606E-01  4.64606E-01  4.64606E-01  4.64606E-01  4.64606E-01  4.64606E-01  4.64606E-01  4.64606E-01  4.64606E-01  4.64606E-01  4.64606E-01  4.64606E-01
   18576   3  1.27760E+00  1.27760E+00  1.27760E+00  1.27760E+00  1.27760E+00  1.27760E+00  1.27760E+00  1.27760E+00  1.27760E+00  1.27760E+00  1.27760E+00  1.27760E+00  1.27760E+00  1.27760E+00  1.27760E+00  1.27760E+00  1.27760E+00  1.27760E+00  1.27760E+00  1.27760E+00  1.27760E+00  1.27760E+00  1.27760E+00  1.27760E+00
   18576   1  7.64146E-01  7.64146E-01  7.64146E-01  7.64146E-01  7.64146E-01  7.64146E-01  7.64146E-01  7.64146E-01  7.64146E-01  7.64146E-01  7.64146E-01  7.64146E-01  7.64146E-01  7.64146E-01  7.64146E-01  7.64146E-01  7.64146E-01  7.64146E-01  7.64146E-01  7.64146E-01  7.64146E-01  7.64146E-01  7.64146E-01  7.64146E-01
   15747   3  0.00000E+00  0.00000E+00  0.00000E+00  0.00000E+00  0.00000E+00  0.00000E+00  0.00000E+00  0.00000E+00  0.00000E+00  0.00000E+00  0.00000E+00  0.00000E+00  0.00000E+00  0.00000E+00  0.00000E+00  0.00000E+00  0.00000E+00  0.00000E+00  0.00000E+00  0.00000E+00  0.00000E+00  0.00000E+00  0.00000E+00  0.00000E+00
   15747   2  0.00000E+00  0.00000E+00  0.00000E+00  0.00000E+00  0.00000E+00  0.00000E+00  0.00000E+00  0.00000E+00  0.00000E+00  0.00000E+00  0.00000E+00  0.00000E+00  0.00000E+00  0.00000E+00  0.00000E+00  0.00000E+00  0.00000E+00  0.00000E+00  0.00000E+00  0.00000E+00  0.00000E+00  0.00000E+00  0.00000E+00  0.00000E+00
   13638   3  0.00000E+00  0.00000E+00  0.00000E+00  0.00000E+00  0.00000E+00  0.00000E+00  0.00000E+00  0.00000E+00  0.00000E+00  0.00000E+00  0.00000E+00  0.00000E+00  0.00000E+00  0.00000E+00  0.00000E+00  0.00000E+00  0.00000E+00  0.00000E+00  0.00000E+00  0.00000E+00  0.00000E+00  0.00000E+00  0.00000E+00  0.00000E+00
   18926   4  4.32597E-02  4.32597E-02  4.32597E-02  4.32597E-02  4.32597E-02  4.32597E-02  4.32597E-02  4.32597E-02  4.32597E-02  4.32597E-02  4.32597E-02  4.32597E-02  4.32597E-02  4.32597E-02  4.32597E-02  4.32597E-02  4.32597E-02  4.32597E-02  4.32597E-02  4.32597E-02  4.32597E-02  4.32597E-02  4.32597E-02  4.32597E-02
   22115   4  9.52518E-04  9.52518E-04  9.52518E-04  9.52518E-04  9.52518E-04  9.52518E-04  9.52518E-04  9.52518E-04  9.52518E-04  9.52518E-04  9.52518E-04  9.52518E-04  9.52518E-04  9.52518E-04  9.52518E-04  9.52518E-04  9.52518E-04  9.52518E-04  9.52518E-04  9.52518E-04  9.52518E-04  9.52518E-04  9.52518E-04  9.52518E-04
   15750   4  8.42104E-02  8.42104E-02  8.42104E-02  8.42104E-02  8.42104E-02  8.42104E-02  8.42104E-02  8.42104E-02  8.42104E-02  8.42104E-02  8.42104E-02  8.42104E-02  8.42104E-02  8.42104E-02  8.42104E-02  8.42104E-02  8.42104E-02  8.42104E-02  8.42104E-02  8.42104E-02  8.42104E-02  8.42104E-02  8.42104E-02  8.42104E-02
   16455   4  1.70911E+01  1.70911E+01  1.70911E+01  1.70911E+01  1.70911E+01  1.70911E+01  1.70911E+01  1.70911E+01  1.70911E+01  1.70911E+01  1.70911E+01  1.70911E+01  1.70911E+01  1.70911E+01  1.70911E+01  1.70911E+01  1.70911E+01  1.70911E+01  1.70911E+01  1.70911E+01  1.70911E+01  1.70911E+01  1.70911E+01  1.70911E+01
   18223   3  1.56025E+00  1.56025E+00  1.56025E+00  1.56025E+00  1.56025E+00  1.56025E+00  1.56025E+00  1.56025E+00  1.56025E+00  1.56025E+00  1.56025E+00  1.56025E+00  1.56025E+00  1.56025E+00  1.56025E+00  1.56025E+00  1.56025E+00  1.56025E+00  1.56025E+00  1.56025E+00  1.56025E+00  1.56025E+00  1.56025E+00  1.56025E+00
   18224   4  1.52247E+01  1.52247E+01  1.52247E+01  1.52247E+01  1.52247E+01  1.52247E+01  1.52247E+01  1.52247E+01  1.52247E+01  1.52247E+01  1.52247E+01  1.52247E+01  1.52247E+01  2.82445E+02  2.82445E+02  2.82445E+02  2.82445E+02  2.82445E+02  2.82445E+02  2.82445E+02  2.82445E+02  1.52247E+01  1.52247E+01  1.52247E+01
   18930   4  1.73523E+00  1.73523E+00  1.73523E+00  1.73523E+00  1.73523E+00  1.73523E+00  1.73523E+00  1.73523E+00  1.73523E+00  1.73523E+00  1.73523E+00  1.73523E+00  1.73523E+00  1.73523E+00  1.73523E+00  1.73523E+00  1.73523E+00  1.73523E+00  1.73523E+00  1.73523E+00  1.73523E+00  1.73523E+00  1.73523E+00  1.73523E+00
   18224   5  2.44171E-01  2.44171E-01  2.44171E-01  2.44171E-01  2.44171E-01  2.44171E-01  2.44171E-01  2.44171E-01  2.44171E-01  2.44171E-01  2.44171E-01  2.44171E-01  2.44171E-01  5.96264E+01  5.96264E+01  5.96264E+01  5.96264E+01  5.96264E+01  5.96264E+01  5.96264E+01  5.96264E+01  2.44171E-01  2.44171E-01  2.44171E-01
   18577   3  0.00000E+00  0.00000E+00  0.00000E+00  0.00000E+00  0.00000E+00  0.00000E+00  0.00000E+00  0.00000E+00  0.00000E+00  0.00000E+00  0.00000E+00  0.00000E+00  0.00000E+00  2.49173E-04  2.49173E-04  2.49173E-04  2.49173E-04  2.49173E-04  2.49173E-04  2.49173E-04  2.49173E-04  0.00000E+00  0.00000E+00  0.00000E+00
   18223   4  3.36573E+00  3.36573E+00  3.36573E+00  3.36573E+00  3.36573E+00  3.36573E+00  3.36573E+00  3.36573E+00  3.36573E+00  3.36573E+00  3.36573E+00  3.36573E+00  3.36573E+00  4.26878E+00  4.26878E+00  4.26878E+00  4.26878E+00  4.26878E+00  4.26878E+00  4.26878E+00  4.26878E+00  3.36573E+00  3.36573E+00  3.36573E+00
   18224   3  7.65014E-01  7.65014E-01  7.56534E-01  7.56534E-01  7.56534E-01  7.56534E-01  7.56534E-01  7.56534E-01  7.56534E-01  7.56534E-01  7.56534E-01  7.56534E-01  7.56534E-01  2.67985E+02  2.67985E+02  2.67985E+02  2.67985E+02  2.67985E+02  2.67985E+02  2.67985E+02  2.67985E+02  7.65014E-01  7.65014E-01  7.65014E-01
   18223   5  1.34379E-01  1.34379E-01  1.34379E-01  1.34379E-01  1.34379E-01  1.34379E-01  1.34379E-01  1.34379E-01  1.34379E-01  1.34379E-01  1.34379E-01  1.34379E-01  1.34379E-01  1.34379E-01  1.34379E-01  1.34379E-01  1.34379E-01  1.34379E-01  1.34379E-01  1.34379E-01  1.34379E-01  1.34379E-01  1.34379E-01  1.34379E-01
   18577   4  1.29393E+01  1.29393E+01  1.29393E+01  1.29393E+01  1.29393E+01  1.29393E+01  1.29393E+01  1.29393E+01  1.29393E+01  1.29393E+01  1.29393E+01  1.29393E+01  1.29393E+01  1.29393E+01  1.29393E+01  1.29393E+01  1.29393E+01  1.29393E+01  1.29393E+01  1.29393E+01  1.29393E+01  1.29393E+01  1.29393E+01  1.29393E+01
   18576   5  8.13521E-02  8.13521E-02  8.13521E-02  8.13521E-02  8.13521E-02  8.13521E-02  8.13521E-02  8.13521E-02  8.13521E-02  8.13521E-02  8.13521E-02  8.13521E-02  8.13521E-02  8.13521E-02  8.13521E-02  8.13521E-02  8.13521E-02  8.13521E-02  8.13521E-02  8.13521E-02  8.13521E-02  8.13521E-02  8.13521E-02  8.13521E-02
   18223   7  0.00000E+00  0.00000E+00  0.00000E+00  0.00000E+00  0.00000E+00  0.00000E+00  0.00000E+00  0.00000E+00  0.00000E+00  0.00000E+00  0.00000E+00  0.00000E+00  0.00000E+00  5.07579E-03  5.07579E-03  5.07579E-03  5.07579E-03  5.07579E-03  5.07579E-03  5.07579E-03  5.07579E-03  0.00000E+00  0.00000E+00  0.00000E+00
   18576   7  0.00000E+00  0.00000E+00  0.00000E+00  0.00000E+00  0.00000E+00  0.00000E+00  0.00000E+00  0.00000E+00  0.00000E+00  0.00000E+00  0.00000E+00  0.00000E+00  0.00000E+00  1.42940E-01  1.42940E-01  1.42940E-01  1.42940E-01  1.42940E-01  1.42940E-01  1.42940E-01  1.42940E-01  0.00000E+00  0.00000E+00  0.00000E+00
   18222   3  0.00000E+00  0.00000E+00  0.00000E+00  0.00000E+00  0.00000E+00  0.00000E+00  0.00000E+00  0.00000E+00  0.00000E+00  0.00000E+00  0.00000E+00  0.00000E+00  0.00000E+00  0.00000E+00  0.00000E+00  0.00000E+00  0.00000E+00  0.00000E+00  0.00000E+00  0.00000E+00  0.00000E+00  0.00000E+00  0.00000E+00  0.00000E+00
   19280   3  2.58800E-05  2.58800E-05  2.58800E-05  2.58800E-05  2.58800E-05  2.58800E-05  2.58800E-05  2.58800E-05  2.58800E-05  2.58800E-05  2.58800E-05  2.58800E-05  2.58800E-05  2.58800E-05  2.58800E-05  2.58800E-05  2.58800E-05  2.58800E-05  2.58800E-05  2.58800E-05  2.58800E-05  2.58800E-05  2.58800E-05  2.58800E-05
   19280   4  1.34388E+00  1.34388E+00  1.34388E+00  1.34388E+00  1.34388E+00  1.34388E+00  1.34388E+00  1.34388E+00  1.34388E+00  1.34388E+00  1.34388E+00  1.34388E+00  1.34388E+00  6.35511E+01  6.35511E+01  6.35511E+01  6.35511E+01  6.35511E+01  6.35511E+01  6.35511E+01  6.35511E+01  1.34388E+00  1.34388E+00  1.34388E+00
   19279   4  1.61467E+01  1.61467E+01  1.61467E+01  1.61467E+01  1.61467E+01  1.61467E+01  1.61467E+01  1.61467E+01  1.61467E+01  1.61467E+01  1.61467E+01  1.61467E+01  1.61467E+01  1.61467E+01  1.61467E+01  1.61467E+01  1.61467E+01  1.61467E+01  1.61467E+01  1.61467E+01  1.61467E+01  1.61467E+01  1.61467E+01  1.61467E+01
   18928   3  0.00000E+00  0.00000E+00  0.00000E+00  0.00000E+00  0.00000E+00  0.00000E+00  0.00000E+00  0.00000E+00  0.00000E+00  0.00000E+00  0.00000E+00  0.00000E+00  0.00000E+00  0.00000E+00  0.00000E+00  0.00000E+00  0.00000E+00  0.00000E+00  0.00000E+00  0.00000E+00  0.00000E+00  0.00000E+00  0.00000E+00  0.00000E+00
   18928   4  5.96759E-01  5.96759E-01  5.96759E-01  5.96759E-01  5.96759E-01  5.96759E-01  5.96759E-01  5.96759E-01  5.96759E-01  5.96759E-01  5.96759E-01  5.96759E-01  5.96759E-01  5.96759E-01  5.96759E-01  5.96759E-01  5.96759E-01  5.96759E-01  5.96759E-01  5.96759E-01  5.96759E-01  5.96759E-01  5.96759E-01  5.96759E-01
   18575   4  7.19690E-03  7.19690E-03  7.19690E-03  7.19690E-03  7.19690E-03  7.19690E-03  7.19690E-03  7.19690E-03  7.19690E-03  7.19690E-03  7.19690E-03  7.19690E-03  7.19690E-03  7.19690E-03  7.19690E-03  7.19690E-03  7.19690E-03  7.19690E-03  7.19690E-03  7.19690E-03  7.19690E-03  7.19690E-03  7.19690E-03  7.19690E-03
   18222   4  8.99750E-03  8.99750E-03  8.99750E-03  8.99750E-03  8.99750E-03  8.99750E-03  8.99750E-03  8.99750E-03  8.99750E-03  8.99750E-03  8.99750E-03  8.99750E-03  8.99750E-03  8.99750E-03  8.99750E-03  8.99750E-03  8.99750E-03  8.99750E-03  8.99750E-03  8.99750E-03  8.99750E-03  8.99750E-03  8.99750E-03  8.99750E-03
   18575   3  0.00000E+00  0.00000E+00  0.00000E+00  0.00000E+00  0.00000E+00  0.00000E+00  0.00000E+00  0.00000E+00  0.00000E+00  0.00000E+00  0.00000E+00  0.00000E+00  0.00000E+00  0.00000E+00  0.00000E+00  0.00000E+00  0.00000E+00  0.00000E+00  0.00000E+00  0.00000E+00  0.00000E+00  0.00000E+00  0.00000E+00  0.00000E+00
   15401   3  0.00000E+00  0.00000E+00  0.00000E+00  0.00000E+00  0.00000E+00  0.00000E+00  0.00000E+00  0.00000E+00  0.00000E+00  0.00000E+00  0.00000E+00  0.00000E+00  0.00000E+00  0.00000E+00  0.00000E+00  0.00000E+00  0.00000E+00  0.00000E+00  0.00000E+00  0.00000E+00  0.00000E+00  0.00000E+00  0.00000E+00  0.00000E+00
   16114   7  1.08188E+02  1.08188E+02  1.08188E+02  1.08188E+02  1.08188E+02  1.08188E+02  1.08188E+02  1.08188E+02  1.08188E+02  1.08188E+02  1.08188E+02  1.08188E+02  1.08188E+02  1.08188E+02  1.08188E+02  1.08188E+02  1.08188E+02  1.08188E+02  1.08188E+02  1.08188E+02  1.08188E+02  1.08188E+02  1.08188E+02  1.08188E+02
   15761   3  3.19618E-01  3.19618E-01  3.19618E-01  3.19618E-01  3.19618E-01  0.00000E+00  0.00000E+00  0.00000E+00  0.00000E+00  0.00000E+00  0.00000E+00  0.00000E+00  0.00000E+00  3.19618E-01  3.19618E-01  3.19618E-01  3.19618E-01  3.19618E-01  3.19618E-01  3.19618E-01  3.19618E-01  3.19618E-01  3.19618E-01  3.19618E-01
   15762   4  0.00000E+00  0.00000E+00  0.00000E+00  0.00000E+00  0.00000E+00  0.00000E+00  0.00000E+00  0.00000E+00  0.00000E+00  0.00000E+00  0.00000E+00  0.00000E+00  0.00000E+00  0.00000E+00  0.00000E+00  0.00000E+00  0.00000E+00  0.00000E+00  0.00000E+00  0.00000E+00  0.00000E+00  0.00000E+00  0.00000E+00  0.00000E+00
   18227   4  5.21088E-02  5.21088E-02  5.21088E-02  5.21088E-02  5.21088E-02  5.21088E-02  5.21088E-02  5.21088E-02  5.21088E-02  5.21088E-02  5.21088E-02  5.21088E-02  5.21088E-02  5.21088E-02  5.21088E-02  5.21088E-02  5.21088E-02  5.21088E-02  5.21088E-02  5.21088E-02  5.21088E-02  5.21088E-02  5.21088E-02  5.21088E-02
   21763   4  3.04656E-02  3.04656E-02  3.04656E-02  3.04656E-02  3.04656E-02  3.04656E-02  3.04656E-02  3.04656E-02  3.04656E-02  3.04656E-02  3.04656E-02  3.04656E-02  3.04656E-02  3.04656E-02  3.04656E-02  3.04656E-02  3.04656E-02  3.04656E-02  3.04656E-02  3.04656E-02  3.04656E-02  3.04656E-02  3.04656E-02  3.04656E-02
   25974   3  0.00000E+00  0.00000E+00  0.00000E+00  0.00000E+00  0.00000E+00  0.00000E+00  0.00000E+00  0.00000E+00  0.00000E+00  0.00000E+00  0.00000E+00  0.00000E+00  0.00000E+00  0.00000E+00  0.00000E+00  0.00000E+00  0.00000E+00  0.00000E+00  0.00000E+00  0.00000E+00  0.00000E+00  0.00000E+00  0.00000E+00  0.00000E+00
   25262   3  0.00000E+00  0.00000E+00  0.00000E+00  0.00000E+00  0.00000E+00  0.00000E+00  0.00000E+00  0.00000E+00  0.00000E+00  0.00000E+00  0.00000E+00  0.00000E+00  0.00000E+00  0.00000E+00  0.00000E+00  0.00000E+00  0.00000E+00  0.00000E+00  0.00000E+00  0.00000E+00  0.00000E+00  0.00000E+00  0.00000E+00  0.00000E+00
   24198   4  0.00000E+00  0.00000E+00  0.00000E+00  0.00000E+00  0.00000E+00  0.00000E+00  0.00000E+00  0.00000E+00  0.00000E+00  0.00000E+00  0.00000E+00  0.00000E+00  0.00000E+00  0.00000E+00  0.00000E+00  0.00000E+00  0.00000E+00  0.00000E+00  0.00000E+00  0.00000E+00  0.00000E+00  0.00000E+00  0.00000E+00  0.00000E+00
   24198   3  1.73778E-03  1.73778E-03  1.73778E-03  1.73778E-03  1.73778E-03  0.00000E+00  0.00000E+00  0.00000E+00  0.00000E+00  0.00000E+00  0.00000E+00  0.00000E+00  0.00000E+00  1.73778E-03  1.73778E-03  1.73778E-03  1.73778E-03  1.73778E-03  1.73778E-03  1.73778E-03  1.73778E-03  1.73778E-03  1.73778E-03  1.73778E-03
   24551   4  6.98579E-02  6.98579E-02  6.98579E-02  6.98579E-02  6.98579E-02  6.98579E-02  6.98579E-02  6.98579E-02  6.98579E-02  6.98579E-02  6.98579E-02  6.98579E-02  6.98579E-02  6.98579E-02  6.98579E-02  6.98579E-02  6.98579E-02  6.98579E-02  6.98579E-02  6.98579E-02  6.98579E-02  6.98579E-02  6.98579E-02  6.98579E-02
   24911   4  0.00000E+00  0.00000E+00  0.00000E+00  0.00000E+00  0.00000E+00  0.00000E+00  0.00000E+00  0.00000E+00  0.00000E+00  0.00000E+00  0.00000E+00  0.00000E+00  0.00000E+00  0.00000E+00  0.00000E+00  0.00000E+00  0.00000E+00  0.00000E+00  0.00000E+00  0.00000E+00  0.00000E+00  0.00000E+00  0.00000E+00  0.00000E+00
   24553   4  4.29142E+00  4.29142E+00  4.29142E+00  4.29142E+00  4.29142E+00  4.29142E+00  4.29142E+00  4.29142E+00  4.29142E+00  4.29142E+00  4.29142E+00  4.29142E+00  4.29142E+00  1.67720E+01  1.67720E+01  1.67720E+01  1.67720E+01  1.67720E+01  1.67720E+01  1.67720E+01  1.67720E+01  4.29142E+00  4.29142E+00  4.29142E+00
   25259   4  0.00000E+00  0.00000E+00  0.00000E+00  0.00000E+00  0.00000E+00  0.00000E+00  0.00000E+00  0.00000E+00  0.00000E+00  0.00000E+00  0.00000E+00  0.00000E+00  0.00000E+00  0.00000E+00  0.00000E+00  0.00000E+00  0.00000E+00  0.00000E+00  0.00000E+00  0.00000E+00  0.00000E+00  0.00000E+00  0.00000E+00  0.00000E+00
   25259   3  3.32818E-03  3.32818E-03  3.32818E-03  3.32818E-03  3.32818E-03  3.32818E-03  3.32818E-03  3.32818E-03  3.32818E-03  3.32818E-03  3.32818E-03  3.32818E-03  3.32818E-03  3.32818E-03  3.32818E-03  3.32818E-03  3.32818E-03  3.32818E-03  3.32818E-03  3.32818E-03  3.32818E-03  3.32818E-03  3.32818E-03  3.32818E-03
   24906   4  1.49087E-01  1.49087E-01  1.49087E-01  1.49087E-01  1.49087E-01  1.49087E-01  1.49087E-01  1.49087E-01  1.49087E-01  1.49087E-01  1.49087E-01  1.49087E-01  1.49087E-01  1.49087E-01  1.49087E-01  1.49087E-01  1.49087E-01  1.49087E-01  1.49087E-01  1.49087E-01  1.49087E-01  1.49087E-01  1.49087E-01  1.49087E-01
   24201   2  0.00000E+00  0.00000E+00  0.00000E+00  0.00000E+00  0.00000E+00  0.00000E+00  0.00000E+00  0.00000E+00  0.00000E+00  0.00000E+00  0.00000E+00  0.00000E+00  0.00000E+00  0.00000E+00  0.00000E+00  0.00000E+00  0.00000E+00  0.00000E+00  0.00000E+00  0.00000E+00  0.00000E+00  0.00000E+00  0.00000E+00  0.00000E+00
   24201   1  0.00000E+00  0.00000E+00  0.00000E+00  0.00000E+00  0.00000E+00  0.00000E+00  0.00000E+00  0.00000E+00  0.00000E+00  0.00000E+00  0.00000E+00  0.00000E+00  0.00000E+00  0.00000E+00  0.00000E+00  0.00000E+00  0.00000E+00  0.00000E+00  0.00000E+00  0.00000E+00  0.00000E+00  0.00000E+00  0.00000E+00  0.00000E+00
   24554   4  6.79112E+00  6.79112E+00  6.79112E+00  6.79112E+00  6.79112E+00  6.79112E+00  6.79112E+00  6.79112E+00  6.79112E+00  6.79112E+00  6.79112E+00  6.79112E+00  6.79112E+00  6.79112E+00  6.79112E+00  6.79112E+00  6.79112E+00  6.79112E+00  6.79112E+00  6.79112E+00  6.79112E+00  6.79112E+00  6.79112E+00  6.79112E+00
   24904   3  7.72306E+00  7.72306E+00  7.72306E+00  7.72306E+00  7.72306E+00  1.77613E-01  1.77613E-01  1.77613E-01  1.77613E-01  1.77613E-01  1.77613E-01  1.77613E-01  1.77613E-01  7.72306E+00  7.72306E+00  7.72306E+00  7.72306E+00  7.72306E+00  7.72306E+00  7.72306E+00  7.72306E+00  7.72306E+00  7.72306E+00  7.72306E+00
   24904   4  1.29923E+00  1.29923E+00  1.29923E+00  1.29923E+00  1.29923E+00  1.29923E+00  1.29923E+00  1.29923E+00  1.29923E+00  1.29923E+00  1.29923E+00  1.29923E+00  1.29923E+00  1.29923E+00  1.29923E+00  1.29923E+00  1.29923E+00  1.29923E+00  1.29923E+00  1.29923E+00  1.29923E+00  1.29923E+00  1.29923E+00  1.29923E+00
   25257   4  1.78153E+01  1.78153E+01  1.78153E+01  1.78153E+01  1.78153E+01  1.78153E+01  1.78153E+01  1.78153E+01  1.78153E+01  1.78153E+01  1.78153E+01  1.78153E+01  1.78153E+01  1.78153E+01  1.78153E+01  1.78153E+01  1.78153E+01  1.78153E+01  1.78153E+01  1.78153E+01  1.78153E+01  1.78153E+01  1.78153E+01  1.78153E+01
   25257   3  5.09809E-01  5.09809E-01  5.09809E-01  5.09809E-01  5.09809E-01  5.09809E-01  5.09809E-01  5.09809E-01  5.09809E-01  5.09809E-01  5.09809E-01  5.09809E-01  5.09809E-01  5.09809E-01  5.09809E-01  5.09809E-01  5.09809E-01  5.09809E-01  5.09809E-01  5.09809E-01  5.09809E-01  5.09809E-01  5.09809E-01  5.09809E-01
   24904   7  2.60683E+01  2.60683E+01  2.60683E+01  2.60683E+01  2.60683E+01  2.60683E+01  2.60683E+01  2.60683E+01  2.60683E+01  2.60683E+01  2.60683E+01  2.60683E+01  2.60683E+01  2.60683E+01  2.60683E+01  2.60683E+01  2.60683E+01  2.60683E+01  2.60683E+01  2.60683E+01  2.60683E+01  2.60683E+01  2.60683E+01  2.60683E+01
   24904   1  4.58809E-01  4.58809E-01  4.58809E-01  4.58809E-01  4.58809E-01  4.58809E-01  4.58809E-01  4.58809E-01  4.58809E-01  4.58809E-01  4.58809E-01  4.58809E-01  4.58809E-01  4.58809E-01  4.58809E-01  4.58809E-01  4.58809E-01  4.58809E-01  4.58809E-01  4.58809E-01  4.58809E-01  4.58809E-01  4.58809E-01  4.58809E-01
   23850   3  3.04141E-01  3.04141E-01  3.04141E-01  3.04141E-01  3.04141E-01  3.04141E-01  3.04141E-01  3.04141E-01  3.04141E-01  3.04141E-01  3.04141E-01  3.04141E-01  3.04141E-01  3.04501E-01  3.04501E-01  3.04501E-01  3.04501E-01  3.04501E-01  3.04501E-01  3.04501E-01  3.04501E-01  3.04141E-01  3.04141E-01  3.04141E-01
   23850   4  1.52534E-02  1.52534E-02  1.52534E-02  1.52534E-02  1.52534E-02  1.52534E-02  1.52534E-02  1.52534E-02  1.52534E-02  1.52534E-02  1.52534E-02  1.52534E-02  1.52534E-02  1.52534E-02  1.52534E-02  1.52534E-02  1.52534E-02  1.52534E-02  1.52534E-02  1.52534E-02  1.52534E-02  1.52534E-02  1.52534E-02  1.52534E-02
   25616   4  0.00000E+00  0.00000E+00  0.00000E+00  0.00000E+00  0.00000E+00  0.00000E+00  0.00000E+00  0.00000E+00  0.00000E+00  0.00000E+00  0.00000E+00  0.00000E+00  0.00000E+00  0.00000E+00  0.00000E+00  0.00000E+00  0.00000E+00  0.00000E+00  0.00000E+00  0.00000E+00  0.00000E+00  0.00000E+00  0.00000E+00  0.00000E+00
   27883   2  8.57536E-01  8.44846E-01  7.97708E-01  7.19750E-01  6.38167E-01  5.39452E-01  4.99493E-01  4.79513E-01  4.72853E-01  4.86173E-01  5.26132E-01  5.89401E-01  6.70985E-01  7.20934E-01  7.60894E-01  7.95858E-01  8.09178E-01  8.22498E-01  8.27493E-01  8.34153E-01  8.32488E-01  8.27493E-01  8.14173E-01  7.94194E-01
   18690   2  4.25231E-01  4.18938E-01  3.95564E-01  3.56906E-01  3.16451E-01  2.67501E-01  2.47686E-01  2.37779E-01  2.34476E-01  2.41081E-01  2.60896E-01  2.92270E-01  3.32725E-01  3.57494E-01  3.77309E-01  3.94647E-01  4.01252E-01  4.07856E-01  4.10333E-01  4.13636E-01  4.12810E-01  4.10333E-01  4.03728E-01  3.93821E-01
   19395   3  0.00000E+00  0.00000E+00  0.00000E+00  0.00000E+00  0.00000E+00  0.00000E+00  0.00000E+00  0.00000E+00  0.00000E+00  0.00000E+00  0.00000E+00  0.00000E+00  0.00000E+00  0.00000E+00  0.00000E+00  0.00000E+00  0.00000E+00  0.00000E+00  0.00000E+00  0.00000E+00  0.00000E+00  0.00000E+00  0.00000E+00  0.00000E+00
   19395   2  0.00000E+00  0.00000E+00  0.00000E+00  0.00000E+00  0.00000E+00  0.00000E+00  0.00000E+00  0.00000E+00  0.00000E+00  0.00000E+00  0.00000E+00  0.00000E+00  0.00000E+00  0.00000E+00  0.00000E+00  0.00000E+00  0.00000E+00  0.00000E+00  0.00000E+00  0.00000E+00  0.00000E+00  0.00000E+00  0.00000E+00  0.00000E+00
   30002   2  5.65457E-01  5.57088E-01  5.26006E-01  4.74601E-01  4.20805E-01  3.55713E-01  3.29364E-01  3.16189E-01  3.11798E-01  3.20581E-01  3.46930E-01  3.88649E-01  4.42445E-01  4.75382E-01  5.01731E-01  5.24786E-01  5.33569E-01  5.42352E-01  5.45646E-01  5.50037E-01  5.48940E-01  5.45646E-01  5.36863E-01  5.23688E-01
   30355   1  0.00000E+00  0.00000E+00  0.00000E+00  0.00000E+00  0.00000E+00  0.00000E+00  0.00000E+00  0.00000E+00  0.00000E+00  0.00000E+00  0.00000E+00  0.00000E+00  0.00000E+00  0.00000E+00  0.00000E+00  0.00000E+00  0.00000E+00  0.00000E+00  0.00000E+00  0.00000E+00  0.00000E+00  0.00000E+00  0.00000E+00  0.00000E+00
   29995   4  2.22075E-02  2.18788E-02  2.06581E-02  1.86393E-02  1.65265E-02  1.39701E-02  1.29353E-02  1.24179E-02  1.22454E-02  1.25904E-02  1.36252E-02  1.52636E-02  1.73764E-02  1.86699E-02  1.97048E-02  2.06102E-02  2.09552E-02  2.13001E-02  2.14295E-02  2.16019E-02  2.15588E-02  2.14295E-02  2.10845E-02  2.05671E-02
   31274   3  1.56273E+00  1.56273E+00  1.56273E+00  1.56273E+00  1.56273E+00  1.56273E+00  1.56273E+00  1.56273E+00  1.56273E+00  1.56273E+00  1.56273E+00  1.56273E+00  1.56273E+00  1.56273E+00  1.56273E+00  1.56273E+00  1.56273E+00  1.56273E+00  1.56273E+00  1.56273E+00  1.56273E+00  1.56273E+00  1.56273E+00  1.56273E+00
   31274   4  7.90519E-02  7.90519E-02  7.90519E-02  7.90519E-02  7.90519E-02  7.90519E-02  7.90519E-02  7.90519E-02  7.90519E-02  7.90519E-02  7.90519E-02  7.90519E-02  7.90519E-02  7.90519E-02  7.90519E-02  7.90519E-02  7.90519E-02  7.90519E-02  7.90519E-02  7.90519E-02  7.90519E-02  7.90519E-02  7.90519E-02  7.90519E-02
   31274   2  0.00000E+00  0.00000E+00  0.00000E+00  0.00000E+00  0.00000E+00  0.00000E+00  0.00000E+00  0.00000E+00  0.00000E+00  0.00000E+00  0.00000E+00  0.00000E+00  0.00000E+00  0.00000E+00  0.00000E+00  0.00000E+00  0.00000E+00  0.00000E+00  0.00000E+00  0.00000E+00  0.00000E+00  0.00000E+00  0.00000E+00  0.00000E+00
   30921   4  2.13984E-04  2.13984E-04  2.13984E-04  2.13984E-04  2.13984E-04  2.13984E-04  2.13984E-04  2.13984E-04  2.13984E-04  2.13984E-04  2.13984E-04  2.13984E-04  2.13984E-04  2.13984E-04  2.13984E-04  2.13984E-04  2.13984E-04  2.13984E-04  2.13984E-04  2.13984E-04  2.13984E-04  2.13984E-04  2.13984E-04  2.13984E-04
   31274   7  3.20777E+00  3.20777E+00  3.20777E+00  3.20777E+00  3.20777E+00  3.20777E+00  3.20777E+00  3.20777E+00  3.20777E+00  3.20777E+00  3.20777E+00  3.20777E+00  3.20777E+00  3.20777E+00  3.20777E+00  3.20777E+00  3.20777E+00  3.20777E+00  3.20777E+00  3.20777E+00  3.20777E+00  3.20777E+00  3.20777E+00  3.20777E+00
   35839   3  0.00000E+00  0.00000E+00  0.00000E+00  0.00000E+00  0.00000E+00  0.00000E+00  0.00000E+00  0.00000E+00  0.00000E+00  0.00000E+00  0.00000E+00  0.00000E+00  0.00000E+00  0.00000E+00  0.00000E+00  0.00000E+00  0.00000E+00  0.00000E+00  0.00000E+00  0.00000E+00  0.00000E+00  0.00000E+00  0.00000E+00  0.00000E+00
   37257   7  2.64532E+00  2.64532E+00  2.64532E+00  2.64532E+00  2.64532E+00  2.64532E+00  2.64532E+00  2.64532E+00  2.64532E+00  2.64532E+00  2.64532E+00  2.64532E+00  2.64532E+00  2.64532E+00  2.64532E+00  2.64532E+00  2.64532E+00  2.64532E+00  2.64532E+00  2.64532E+00  2.64532E+00  2.64532E+00  2.64532E+00  2.64532E+00
   31605   4  1.39286E+01  1.39286E+01  1.39286E+01  1.39286E+01  1.39286E+01  1.39286E+01  1.39286E+01  1.39286E+01  1.39286E+01  1.39286E+01  1.39286E+01  1.39286E+01  1.39286E+01  1.39286E+01  1.39286E+01  1.39286E+01  1.39286E+01  1.39286E+01  1.39286E+01  1.39286E+01  1.39286E+01  1.39286E+01  1.39286E+01  1.39286E+01
   31252   3  1.37119E-01  1.37119E-01  1.37119E-01  1.37119E-01  1.37119E-01  1.37119E-01  1.37119E-01  1.37119E-01  1.37119E-01  1.37119E-01  1.37119E-01  1.37119E-01  1.37119E-01  1.37119E-01  1.37119E-01  1.37119E-01  1.37119E-01  1.37119E-01  1.37119E-01  1.37119E-01  1.37119E-01  1.37119E-01  1.37119E-01  1.37119E-01
   31958   4  5.23597E-02  5.23597E-02  5.23597E-02  5.23597E-02  5.23597E-02  5.23597E-02  5.23597E-02  5.23597E-02  5.23597E-02  5.23597E-02  5.23597E-02  5.23597E-02  5.23597E-02  5.23597E-02  5.23597E-02  5.23597E-02  5.23597E-02  5.23597E-02  5.23597E-02  5.23597E-02  5.23597E-02  5.23597E-02  5.23597E-02  5.23597E-02
   31252   2  6.61675E-02  6.61675E-02  6.61675E-02  6.61675E-02  6.61675E-02  6.61675E-02  6.61675E-02  6.61675E-02  6.61675E-02  6.61675E-02  6.61675E-02  6.61675E-02  6.61675E-02  6.61675E-02  6.61675E-02  6.61675E-02  6.61675E-02  6.61675E-02  6.61675E-02  6.61675E-02  6.61675E-02  6.61675E-02  6.61675E-02  6.61675E-02
   31253   7  1.13451E+01  1.13451E+01  1.13451E+01  1.13451E+01  1.13451E+01  0.00000E+00  0.00000E+00  0.00000E+00  0.00000E+00  0.00000E+00  0.00000E+00  0.00000E+00  1.13451E+01  1.20868E+01  1.20868E+01  1.20868E+01  1.20868E+01  1.20868E+01  1.20868E+01  1.20868E+01  1.20868E+01  1.13451E+01  1.13451E+01  1.13451E+01
   31605   3  6.00223E+00  6.00223E+00  6.00223E+00  6.00223E+00  6.00223E+00  5.95847E+00  5.95847E+00  5.95847E+00  5.95847E+00  5.95847E+00  5.95847E+00  5.95847E+00  5.95847E+00  6.00223E+00  6.00223E+00  6.00223E+00  6.00223E+00  6.00223E+00  6.00223E+00  6.00223E+00  6.00223E+00  6.00223E+00  6.00223E+00  6.00223E+00
   31958   3  9.45080E-02  9.45080E-02  9.45080E-02  9.45080E-02  9.45080E-02  9.45080E-02  9.45080E-02  9.45080E-02  9.45080E-02  9.45080E-02  9.45080E-02  9.45080E-02  9.45080E-02  9.45080E-02  9.45080E-02  9.45080E-02  9.45080E-02  9.45080E-02  9.45080E-02  9.45080E-02  9.45080E-02  9.45080E-02  9.45080E-02  9.45080E-02
   31958   5  3.66622E-02  3.66622E-02  3.66622E-02  3.66622E-02  3.66622E-02  3.66622E-02  3.66622E-02  3.66622E-02  3.66622E-02  3.66622E-02  3.66622E-02  3.66622E-02  3.66622E-02  3.66622E-02  3.66622E-02  3.66622E-02  3.66622E-02  3.66622E-02  3.66622E-02  3.66622E-02  3.66622E-02  3.66622E-02  3.66622E-02  3.66622E-02
   31252   4  2.25445E-01  2.25445E-01  2.25445E-01  2.25445E-01  2.25445E-01  2.25445E-01  2.25445E-01  2.25445E-01  2.25445E-01  2.25445E-01  2.25445E-01  2.25445E-01  2.25445E-01  2.25445E-01  2.25445E-01  2.25445E-01  2.25445E-01  2.25445E-01  2.25445E-01  2.25445E-01  2.25445E-01  2.25445E-01  2.25445E-01  2.25445E-01
   31604   4  3.79455E+00  3.79455E+00  3.79455E+00  3.79455E+00  3.79455E+00  3.79455E+00  3.79455E+00  3.79455E+00  3.79455E+00  3.79455E+00  3.79455E+00  3.79455E+00  3.79455E+00  3.79455E+00  3.79455E+00  3.79455E+00  3.79455E+00  3.79455E+00  3.79455E+00  3.79455E+00  3.79455E+00  3.79455E+00  3.79455E+00  3.79455E+00
   31604   1  1.64412E-01  1.64412E-01  1.64412E-01  1.64412E-01  1.64412E-01  1.64412E-01  1.64412E-01  1.64412E-01  1.64412E-01  1.64412E-01  1.64412E-01  1.64412E-01  1.64412E-01  1.64412E-01  1.64412E-01  1.64412E-01  1.64412E-01  1.64412E-01  1.64412E-01  1.64412E-01  1.64412E-01  1.64412E-01  1.64412E-01  1.64412E-01
   31605   2  2.09232E-01  2.09232E-01  2.09232E-01  2.09232E-01  2.09232E-01  2.09232E-01  2.09232E-01  2.09232E-01  2.09232E-01  2.09232E-01  2.09232E-01  2.09232E-01  2.09232E-01  2.09232E-01  2.09232E-01  2.09232E-01  2.09232E-01  2.09232E-01  2.09232E-01  2.09232E-01  2.09232E-01  2.09232E-01  2.09232E-01  2.09232E-01
   31958   7  4.80199E+01  4.80199E+01  4.80199E+01  4.80199E+01  4.80199E+01  4.80199E+01  4.80199E+01  4.80199E+01  4.80199E+01  4.80199E+01  4.80199E+01  4.80199E+01  4.80199E+01  4.80199E+01  4.80199E+01  4.80199E+01  4.80199E+01  4.80199E+01  4.80199E+01  4.80199E+01  4.80199E+01  4.80199E+01  4.80199E+01  4.80199E+01
   31253   4  1.97785E-01  1.97785E-01  1.97785E-01  1.97785E-01  1.97785E-01  1.97785E-01  1.97785E-01  1.97785E-01  1.97785E-01  1.97785E-01  1.97785E-01  1.97785E-01  1.97785E-01  1.97785E-01  1.97785E-01  1.97785E-01  1.97785E-01  1.97785E-01  1.97785E-01  1.97785E-01  1.97785E-01  1.97785E-01  1.97785E-01  1.97785E-01
   31959   3  6.97537E-04  6.97537E-04  6.97537E-04  6.97537E-04  6.97537E-04  0.00000E+00  0.00000E+00  0.00000E+00  0.00000E+00  0.00000E+00  0.00000E+00  0.00000E+00  0.00000E+00  6.97537E-04  6.97537E-04  6.97537E-04  6.97537E-04  6.97537E-04  6.97537E-04  6.97537E-04  6.97537E-04  6.97537E-04  6.97537E-04  6.97537E-04
   31959   4  6.80076E-02  6.80076E-02  6.80076E-02  6.80076E-02  6.80076E-02  6.80076E-02  6.80076E-02  6.80076E-02  6.80076E-02  6.80076E-02  6.80076E-02  6.80076E-02  6.80076E-02  6.80076E-02  6.80076E-02  6.80076E-02  6.80076E-02  6.80076E-02  6.80076E-02  6.80076E-02  6.80076E-02  6.80076E-02  6.80076E-02  6.80076E-02
   30564   3  0.00000E+00  0.00000E+00  0.00000E+00  0.00000E+00  0.00000E+00  0.00000E+00  0.00000E+00  0.00000E+00  0.00000E+00  0.00000E+00  0.00000E+00  0.00000E+00  0.00000E+00  0.00000E+00  0.00000E+00  0.00000E+00  0.00000E+00  0.00000E+00  0.00000E+00  0.00000E+00  0.00000E+00  0.00000E+00  0.00000E+00  0.00000E+00
   30564   2  0.00000E+00  0.00000E+00  0.00000E+00  0.00000E+00  0.00000E+00  0.00000E+00  0.00000E+00  0.00000E+00  0.00000E+00  0.00000E+00  0.00000E+00  0.00000E+00  0.00000E+00  0.00000E+00  0.00000E+00  0.00000E+00  0.00000E+00  0.00000E+00  0.00000E+00  0.00000E+00  0.00000E+00  0.00000E+00  0.00000E+00  0.00000E+00
   30924   3  3.21871E-01  3.21871E-01  3.21871E-01  3.21871E-01  3.21871E-01  3.21871E-01  3.21871E-01  3.21871E-01  3.21871E-01  3.21871E-01  3.21871E-01  3.21871E-01  3.21871E-01  3.21871E-01  3.21871E-01  3.21871E-01  3.21871E-01  3.21871E-01  3.21871E-01  3.21871E-01  3.21871E-01  3.21871E-01  3.21871E-01  3.21871E-01
   30924   2  1.61784E+00  1.61784E+00  1.61784E+00  1.61784E+00  1.61784E+00  1.61784E+00  1.61784E+00  1.61784E+00  1.61784E+00  1.61784E+00  1.61784E+00  1.61784E+00  1.61784E+00  1.61784E+00  1.61784E+00  1.61784E+00  1.61784E+00  1.61784E+00  1.61784E+00  1.61784E+00  1.61784E+00  1.61784E+00  1.61784E+00  1.61784E+00
   30193   2  8.39665E+01  8.27239E+01  7.81084E+01  7.04751E+01  6.24867E+01  5.28210E+01  4.89083E+01  4.69520E+01  4.62999E+01  4.76041E+01  5.15168E+01  5.77118E+01  6.57002E+01  7.05910E+01  7.45037E+01  7.79272E+01  7.92315E+01  8.05357E+01  8.10248E+01  8.16769E+01  8.15139E+01  8.10248E+01  7.97205E+01  7.77642E+01
   29840   3  1.62150E-03  1.62150E-03  1.62150E-03  1.62150E-03  1.62150E-03  1.62150E-03  1.62150E-03  1.62150E-03  1.62150E-03  1.62150E-03  1.62150E-03  1.62150E-03  1.62150E-03  1.62150E-03  1.62150E-03  1.62150E-03  1.62150E-03  1.62150E-03  1.62150E-03  1.62150E-03  1.62150E-03  1.62150E-03  1.62150E-03  1.62150E-03
   33035   3  0.00000E+00  0.00000E+00  0.00000E+00  0.00000E+00  0.00000E+00  0.00000E+00  0.00000E+00  0.00000E+00  0.00000E+00  0.00000E+00  0.00000E+00  0.00000E+00  0.00000E+00  0.00000E+00  0.00000E+00  0.00000E+00  0.00000E+00  0.00000E+00  0.00000E+00  0.00000E+00  0.00000E+00  0.00000E+00  0.00000E+00  0.00000E+00
   33035   2  0.00000E+00  0.00000E+00  0.00000E+00  0.00000E+00  0.00000E+00  0.00000E+00  0.00000E+00  0.00000E+00  0.00000E+00  0.00000E+00  0.00000E+00  0.00000E+00  0.00000E+00  0.00000E+00  0.00000E+00  0.00000E+00  0.00000E+00  0.00000E+00  0.00000E+00  0.00000E+00  0.00000E+00  0.00000E+00  0.00000E+00  0.00000E+00
   47753   3  2.56152E+00  2.56152E+00  2.56152E+00  2.56152E+00  2.56152E+00  2.56152E+00  2.56152E+00  2.56152E+00  2.56152E+00  2.56152E+00  2.56152E+00  2.56152E+00  2.56152E+00  2.56152E+00  2.56152E+00  2.56152E+00  2.56152E+00  2.56152E+00  2.56152E+00  2.56152E+00  2.56152E+00  2.56152E+00  2.56152E+00  2.56152E+00
   47753   4  1.03809E-01  1.03809E-01  1.03809E-01  1.03809E-01  1.03809E-01  1.03809E-01  1.03809E-01  1.03809E-01  1.03809E-01  1.03809E-01  1.03809E-01  1.03809E-01  1.03809E-01  1.03809E-01  1.03809E-01  1.03809E-01  1.03809E-01  1.03809E-01  1.03809E-01  1.03809E-01  1.03809E-01  1.03809E-01  1.03809E-01  1.03809E-01
   48458   4  9.46153E-02  9.46153E-02  9.46153E-02  9.46153E-02  9.46153E-02  9.46153E-02  9.46153E-02  9.46153E-02  9.46153E-02  9.46153E-02  9.46153E-02  9.46153E-02  9.46153E-02  9.46153E-02  9.46153E-02  9.46153E-02  9.46153E-02  9.46153E-02  9.46153E-02  9.46153E-02  9.46153E-02  9.46153E-02  9.46153E-02  9.46153E-02
   48458   2  5.05360E+00  4.97881E+00  4.70102E+00  4.24160E+00  3.76081E+00  3.17908E+00  2.94359E+00  2.82584E+00  2.78660E+00  2.86509E+00  3.10058E+00  3.47343E+00  3.95422E+00  4.24858E+00  4.48407E+00  4.69012E+00  4.76861E+00  4.84711E+00  4.87654E+00  4.91579E+00  4.90598E+00  4.87654E+00  4.79805E+00  4.68031E+00
   48458   3  0.00000E+00  0.00000E+00  0.00000E+00  0.00000E+00  0.00000E+00  0.00000E+00  0.00000E+00  0.00000E+00  0.00000E+00  0.00000E+00  0.00000E+00  0.00000E+00  0.00000E+00  0.00000E+00  0.00000E+00  0.00000E+00  0.00000E+00  0.00000E+00  0.00000E+00  0.00000E+00  0.00000E+00  0.00000E+00  0.00000E+00  0.00000E+00
   47047   7  1.29834E+00  1.29834E+00  1.29834E+00  1.29834E+00  1.29834E+00  1.29834E+00  1.29834E+00  1.29834E+00  1.29834E+00  1.29834E+00  1.29834E+00  1.29834E+00  1.29834E+00  1.29834E+00  1.29834E+00  1.29834E+00  1.29834E+00  1.29834E+00  1.29834E+00  1.29834E+00  1.29834E+00  1.29834E+00  1.29834E+00  1.29834E+00
   47753   7  4.34202E+01  4.34202E+01  4.34202E+01  4.34202E+01  4.34202E+01  4.34202E+01  4.34202E+01  4.34202E+01  4.34202E+01  4.34202E+01  4.34202E+01  4.34202E+01  4.34202E+01  4.34202E+01  4.34202E+01  4.34202E+01  4.34202E+01  4.34202E+01  4.34202E+01  4.34202E+01  4.34202E+01  4.34202E+01  4.34202E+01  4.34202E+01
   43182   3  4.86208E-03  4.86208E-03  4.86208E-03  4.86208E-03  4.86208E-03  4.86208E-03  4.86208E-03  4.86208E-03  4.86208E-03  4.86208E-03  4.86208E-03  4.86208E-03  4.86208E-03  9.91691E-03  9.91691E-03  9.91691E-03  9.91691E-03  9.91691E-03  9.91691E-03  9.91691E-03  9.91691E-03  4.86208E-03  4.86208E-03  4.86208E-03
   43182   4  2.80383E-01  2.80383E-01  2.80383E-01  2.80383E-01  2.80383E-01  2.80383E-01  2.80383E-01  2.80383E-01  2.80383E-01  2.80383E-01  2.80383E-01  2.80383E-01  2.80383E-01  2.80383E-01  2.80383E-01  2.80383E-01  2.80383E-01  2.80383E-01  2.80383E-01  2.80383E-01  2.80383E-01  2.80383E-01  2.80383E-01  2.80383E-01
   43182   8  8.41082E-02  8.41082E-02  8.41082E-02  8.41082E-02  8.41082E-02  8.41082E-02  8.41082E-02  8.41082E-02  8.41082E-02  8.41082E-02  8.41082E-02  8.41082E-02  8.41082E-02  8.41082E-02  8.41082E-02  8.41082E-02  8.41082E-02  8.41082E-02  8.41082E-02  8.41082E-02  8.41082E-02  8.41082E-02  8.41082E-02  8.41082E-02
   42477   3  0.00000E+00  0.00000E+00  0.00000E+00  0.00000E+00  0.00000E+00  0.00000E+00  0.00000E+00  0.00000E+00  0.00000E+00  0.00000E+00  0.00000E+00  0.00000E+00  0.00000E+00  0.00000E+00  0.00000E+00  0.00000E+00  0.00000E+00  0.00000E+00  0.00000E+00  0.00000E+00  0.00000E+00  0.00000E+00  0.00000E+00  0.00000E+00
   42477   2  0.00000E+00  0.00000E+00  0.00000E+00  0.00000E+00  0.00000E+00  0.00000E+00  0.00000E+00  0.00000E+00  0.00000E+00  0.00000E+00  0.00000E+00  0.00000E+00  0.00000E+00  0.00000E+00  0.00000E+00  0.00000E+00  0.00000E+00  0.00000E+00  0.00000E+00  0.00000E+00  0.00000E+00  0.00000E+00  0.00000E+00  0.00000E+00
   43182   7  3.92473E+01  3.92473E+01  3.92473E+01  3.92473E+01  3.92473E+01  3.92473E+01  3.92473E+01  3.92473E+01  3.92473E+01  3.92473E+01  3.92473E+01  3.92473E+01  3.92473E+01  3.92473E+01  3.92473E+01  3.92473E+01  3.92473E+01  3.92473E+01  3.92473E+01  3.92473E+01  3.92473E+01  3.92473E+01  3.92473E+01  3.92473E+01
   50582   3  3.43243E-01  3.43243E-01  3.43243E-01  3.43243E-01  3.43243E-01  3.43243E-01  3.43243E-01  3.43243E-01  3.43243E-01  3.43243E-01  3.43243E-01  3.43243E-01  3.43243E-01  3.43243E-01  3.43243E-01  3.43243E-01  3.43243E-01  3.43243E-01  3.43243E-01  3.43243E-01  3.43243E-01  3.43243E-01  3.43243E-01  3.43243E-01
   46700   3  5.81400E-03  5.81400E-03  5.81400E-03  5.81400E-03  5.81400E-03  5.81400E-03  5.81400E-03  5.81400E-03  5.81400E-03  5.81400E-03  5.81400E-03  5.81400E-03  5.81400E-03  5.81400E-03  5.81400E-03  5.81400E-03  5.81400E-03  5.81400E-03  5.81400E-03  5.81400E-03  5.81400E-03  5.81400E-03  5.81400E-03  5.81400E-03
   36485   4  1.14676E+00  1.14676E+00  1.14676E+00  1.14676E+00  1.14676E+00  1.14676E+00  1.14676E+00  1.14676E+00  1.14676E+00  1.14676E+00  1.14676E+00  1.14676E+00  1.14676E+00  1.14676E+00  1.14676E+00  1.14676E+00  1.14676E+00  1.14676E+00  1.14676E+00  1.14676E+00  1.14676E+00  1.14676E+00  1.14676E+00  1.14676E+00
   36485   6  1.14676E+00  1.14676E+00  1.14676E+00  1.14676E+00  1.14676E+00  1.14676E+00  1.14676E+00  1.14676E+00  1.14676E+00  1.14676E+00  1.14676E+00  1.14676E+00  1.14676E+00  1.14676E+00  1.14676E+00  1.14676E+00  1.14676E+00  1.14676E+00  1.14676E+00  1.14676E+00  1.14676E+00  1.14676E+00  1.14676E+00  1.14676E+00
   36485   5  1.32370E-01  1.32370E-01  1.32370E-01  1.32370E-01  1.32370E-01  1.32370E-01  1.32370E-01  1.32370E-01  1.32370E-01  1.32370E-01  1.32370E-01  1.32370E-01  1.32370E-01  1.32370E-01  1.32370E-01  1.32370E-01  1.32370E-01  1.32370E-01  1.32370E-01  1.32370E-01  1.32370E-01  1.32370E-01  1.32370E-01  1.32370E-01
   36485   3  1.88588E-01  1.88588E-01  1.88588E-01  1.88588E-01  1.88588E-01  1.88588E-01  1.88588E-01  1.88588E-01  1.88588E-01  1.88588E-01  1.88588E-01  1.88588E-01  1.88588E-01  1.88588E-01  1.88588E-01  1.88588E-01  1.88588E-01  1.88588E-01  1.88588E-01  1.88588E-01  1.88588E-01  1.88588E-01  1.88588E-01  1.88588E-01
   36485   2  4.42597E-01  4.42597E-01  4.42597E-01  4.42597E-01  4.42597E-01  0.00000E+00  0.00000E+00  0.00000E+00  0.00000E+00  0.00000E+00  0.00000E+00  0.00000E+00  0.00000E+00  4.42597E-01  4.42597E-01  4.42597E-01  4.42597E-01  4.42597E-01  4.42597E-01  4.42597E-01  4.42597E-01  4.42597E-01  4.42597E-01  4.42597E-01
   37192   2  9.88222E+00  9.73597E+00  9.19276E+00  8.29438E+00  7.35421E+00  6.21663E+00  5.75614E+00  5.52589E+00  5.44914E+00  5.60264E+00  6.06313E+00  6.79224E+00  7.73241E+00  8.30803E+00  8.76852E+00  9.17145E+00  9.32494E+00  9.47844E+00  9.53600E+00  9.61275E+00  9.59356E+00  9.53600E+00  9.38250E+00  9.15226E+00
   36485   7  6.03810E+01  6.03810E+01  6.03810E+01  6.03810E+01  6.03810E+01  6.03810E+01  6.03810E+01  6.03810E+01  6.03810E+01  6.03810E+01  6.03810E+01  6.03810E+01  6.03810E+01  6.03810E+01  6.03810E+01  6.03810E+01  6.03810E+01  6.03810E+01  6.03810E+01  6.03810E+01  6.03810E+01  6.03810E+01  6.03810E+01  6.03810E+01
   35437   3  0.00000E+00  0.00000E+00  0.00000E+00  0.00000E+00  0.00000E+00  0.00000E+00  0.00000E+00  0.00000E+00  0.00000E+00  0.00000E+00  0.00000E+00  0.00000E+00  0.00000E+00  0.00000E+00  0.00000E+00  0.00000E+00  0.00000E+00  0.00000E+00  0.00000E+00  0.00000E+00  0.00000E+00  0.00000E+00  0.00000E+00  0.00000E+00
   46351   7  2.62844E+01  2.62844E+01  2.62844E+01  2.62844E+01  2.62844E+01  2.62844E+01  2.62844E+01  2.62844E+01  2.62844E+01  2.62844E+01  2.62844E+01  2.62844E+01  2.62844E+01  2.62844E+01  2.62844E+01  2.62844E+01  2.62844E+01  2.62844E+01  2.62844E+01  2.62844E+01  2.62844E+01  2.62844E+01  2.62844E+01  2.62844E+01
   39310   3  2.45324E-04  2.45324E-04  2.45324E-04  2.45324E-04  2.45324E-04  2.45324E-04  2.45324E-04  2.45324E-04  2.45324E-04  2.45324E-04  2.45324E-04  2.45324E-04  2.45324E-04  2.45324E-04  2.45324E-04  2.45324E-04  2.45324E-04  2.45324E-04  2.45324E-04  2.45324E-04  2.45324E-04  2.45324E-04  2.45324E-04  2.45324E-04
   43177   3  0.00000E+00  0.00000E+00  0.00000E+00  0.00000E+00  0.00000E+00  0.00000E+00  0.00000E+00  0.00000E+00  0.00000E+00  0.00000E+00  0.00000E+00  0.00000E+00  0.00000E+00  0.00000E+00  0.00000E+00  0.00000E+00  0.00000E+00  0.00000E+00  0.00000E+00  0.00000E+00  0.00000E+00  0.00000E+00  0.00000E+00  0.00000E+00
   43177   2  0.00000E+00  0.00000E+00  0.00000E+00  0.00000E+00  0.00000E+00  0.00000E+00  0.00000E+00  0.00000E+00  0.00000E+00  0.00000E+00  0.00000E+00  0.00000E+00  0.00000E+00  0.00000E+00  0.00000E+00  0.00000E+00  0.00000E+00  0.00000E+00  0.00000E+00  0.00000E+00  0.00000E+00  0.00000E+00  0.00000E+00  0.00000E+00
   15453   3  2.57521E+02  2.57521E+02  2.57521E+02  2.57521E+02  2.57521E+02  2.57521E+02  2.57521E+02  2.57521E+02  2.57521E+02  2.57521E+02  2.57521E+02  2.57521E+02  2.57521E+02  2.57521E+02  2.57521E+02  2.57521E+02  2.57521E+02  2.57521E+02  2.57521E+02  2.57521E+02  2.57521E+02  2.57521E+02  2.57521E+02  2.57521E+02
   15453   2  0.00000E+00  0.00000E+00  0.00000E+00  0.00000E+00  0.00000E+00  0.00000E+00  0.00000E+00  0.00000E+00  0.00000E+00  0.00000E+00  0.00000E+00  0.00000E+00  0.00000E+00  0.00000E+00  0.00000E+00  0.00000E+00  0.00000E+00  0.00000E+00  0.00000E+00  0.00000E+00  0.00000E+00  0.00000E+00  0.00000E+00  0.00000E+00
   15098   3  1.55375E-02  1.55375E-02  1.55375E-02  1.55375E-02  1.55375E-02  1.55375E-02  1.55375E-02  1.55375E-02  1.55375E-02  1.55375E-02  1.55375E-02  1.55375E-02  1.55375E-02  1.55375E-02  1.55375E-02  1.55375E-02  1.55375E-02  1.55375E-02  1.55375E-02  1.55375E-02  1.55375E-02  1.55375E-02  1.55375E-02  1.55375E-02
   15450   3  1.24151E-01  1.24151E-01  1.24151E-01  1.24151E-01  1.24151E-01  1.24151E-01  1.24151E-01  1.24151E-01  1.24151E-01  1.24151E-01  1.24151E-01  1.24151E-01  1.24151E-01  1.24151E-01  1.24151E-01  1.24151E-01  1.24151E-01  1.24151E-01  1.24151E-01  1.24151E-01  1.24151E-01  1.24151E-01  1.24151E-01  1.24151E-01
   15808   3  5.57203E+01  5.57203E+01  5.57203E+01  5.57203E+01  5.57203E+01  5.57203E+01  5.57203E+01  5.57203E+01  5.57203E+01  5.57203E+01  5.57203E+01  5.57203E+01  5.57203E+01  5.57203E+01  5.57203E+01  5.57203E+01  5.57203E+01  5.57203E+01  5.57203E+01  5.57203E+01  5.57203E+01  5.57203E+01  5.57203E+01  5.57203E+01
   16524   3  4.49177E-01  4.49177E-01  4.49177E-01  4.49177E-01  4.49177E-01  4.49177E-01  4.49177E-01  4.49177E-01  4.49177E-01  4.49177E-01  4.49177E-01  4.49177E-01  4.49177E-01  4.49177E-01  4.49177E-01  4.49177E-01  4.49177E-01  4.49177E-01  4.49177E-01  4.49177E-01  4.49177E-01  4.49177E-01  4.49177E-01  4.49177E-01
   14756   5  1.18743E-01  1.18743E-01  1.18743E-01  1.18743E-01  1.18743E-01  1.18743E-01  1.18743E-01  1.18743E-01  1.18743E-01  1.18743E-01  1.18743E-01  1.18743E-01  1.18743E-01  1.18743E-01  1.18743E-01  1.18743E-01  1.18743E-01  1.18743E-01  1.18743E-01  1.18743E-01  1.18743E-01  1.18743E-01  1.18743E-01  1.18743E-01
   14756   4  3.04261E-03  3.04261E-03  3.04261E-03  3.04261E-03  3.04261E-03  3.04261E-03  3.04261E-03  3.04261E-03  3.04261E-03  3.04261E-03  3.04261E-03  3.04261E-03  3.04261E-03  3.04261E-03  3.04261E-03  3.04261E-03  3.04261E-03  3.04261E-03  3.04261E-03  3.04261E-03  3.04261E-03  3.04261E-03  3.04261E-03  3.04261E-03
   14756   3  6.91764E+01  6.91764E+01  6.91764E+01  6.91764E+01  6.91764E+01  6.90115E+01  6.90115E+01  6.90115E+01  6.90115E+01  6.90115E+01  6.90115E+01  6.90115E+01  6.90115E+01  6.91764E+01  6.91764E+01  6.91764E+01  6.91764E+01  6.91764E+01  6.91764E+01  6.91764E+01  6.91764E+01  6.91764E+01  6.91764E+01  6.91764E+01
   14756   1  3.29069E+01  3.29069E+01  3.29069E+01  3.29069E+01  3.29069E+01  3.29069E+01  3.29069E+01  3.29069E+01  3.29069E+01  3.29069E+01  3.29069E+01  3.29069E+01  3.29069E+01  3.29069E+01  3.29069E+01  3.29069E+01  3.29069E+01  3.29069E+01  3.29069E+01  3.29069E+01  3.29069E+01  3.29069E+01  3.29069E+01  3.29069E+01
   14756   2  1.02122E+02  1.02122E+02  1.02122E+02  1.02122E+02  1.02122E+02  1.02122E+02  1.02122E+02  1.02122E+02  1.02122E+02  1.02122E+02  1.02122E+02  1.02122E+02  1.02122E+02  1.02122E+02  1.02122E+02  1.02122E+02  1.02122E+02  1.02122E+02  1.02122E+02  1.02122E+02  1.02122E+02  1.02122E+02  1.02122E+02  1.02122E+02
   14756   7  1.81484E+02  1.81484E+02  1.81484E+02  1.81484E+02  1.81484E+02  1.81484E+02  1.81484E+02  1.81484E+02  1.81484E+02  1.81484E+02  1.81484E+02  1.81484E+02  1.81484E+02  1.81484E+02  1.81484E+02  1.81484E+02  1.81484E+02  1.81484E+02  1.81484E+02  1.81484E+02  1.81484E+02  1.81484E+02  1.81484E+02  1.81484E+02
   15810   3  4.90623E-01  4.90623E-01  4.90623E-01  4.90623E-01  4.90623E-01  4.90623E-01  4.90623E-01  4.90623E-01  4.90623E-01  4.90623E-01  4.90623E-01  4.90623E-01  4.90623E-01  4.90623E-01  4.90623E-01  4.90623E-01  4.90623E-01  4.90623E-01  4.90623E-01  4.90623E-01  4.90623E-01  4.90623E-01  4.90623E-01  4.90623E-01
   16516   3  1.30429E-01  1.30429E-01  1.30429E-01  1.30429E-01  1.30429E-01  1.30429E-01  1.30429E-01  1.30429E-01  1.30429E-01  1.30429E-01  1.30429E-01  1.30429E-01  1.30429E-01  1.30429E-01  1.30429E-01  1.30429E-01  1.30429E-01  1.30429E-01  1.30429E-01  1.30429E-01  1.30429E-01  1.30429E-01  1.30429E-01  1.30429E-01
   16161   3  4.70344E-02  4.70344E-02  4.70344E-02  4.70344E-02  4.70344E-02  4.70344E-02  4.70344E-02  4.70344E-02  4.70344E-02  4.70344E-02  4.70344E-02  4.70344E-02  4.70344E-02  4.70344E-02  4.70344E-02  4.70344E-02  4.70344E-02  4.70344E-02  4.70344E-02  4.70344E-02  4.70344E-02  4.70344E-02  4.70344E-02  4.70344E-02
   16162   3  9.95372E+01  9.95372E+01  9.95372E+01  9.95372E+01  9.95372E+01  9.95372E+01  9.95372E+01  9.95372E+01  9.95372E+01  9.95372E+01  9.95372E+01  9.95372E+01  9.95372E+01  9.95372E+01  9.95372E+01  9.95372E+01  9.95372E+01  9.95372E+01  9.95372E+01  9.95372E+01  9.95372E+01  9.95372E+01  9.95372E+01  9.95372E+01
   15105   3  3.10914E+02  3.10914E+02  3.10914E+02  3.10914E+02  3.10914E+02  3.10914E+02  3.10914E+02  3.10914E+02  3.10914E+02  3.10914E+02  3.10914E+02  3.10914E+02  3.10914E+02  3.10914E+02  3.10914E+02  3.10914E+02  3.10914E+02  3.10914E+02  3.10914E+02  3.10914E+02  3.10914E+02  3.10914E+02  3.10914E+02  3.10914E+02
   15104   3  1.03317E+00  1.03317E+00  1.03317E+00  1.03317E+00  1.03317E+00  1.03317E+00  1.03317E+00  1.03317E+00  1.03317E+00  1.03317E+00  1.03317E+00  1.03317E+00  1.03317E+00  1.03317E+00  1.03317E+00  1.03317E+00  1.03317E+00  1.03317E+00  1.03317E+00  1.03317E+00  1.03317E+00  1.03317E+00  1.03317E+00  1.03317E+00
   13688   3  1.53671E+02  1.53671E+02  1.53671E+02  1.53671E+02  1.53671E+02  1.53671E+02  1.53671E+02  1.53671E+02  1.53671E+02  1.53671E+02  1.53671E+02  1.53671E+02  1.53671E+02  1.53671E+02  1.53671E+02  1.53671E+02  1.53671E+02  1.53671E+02  1.53671E+02  1.53671E+02  1.53671E+02  1.53671E+02  1.53671E+02  1.53671E+02
   13688   4  9.30270E+00  9.30270E+00  9.30270E+00  9.30270E+00  9.30270E+00  9.30270E+00  9.30270E+00  9.30270E+00  9.30270E+00  9.30270E+00  9.30270E+00  9.30270E+00  9.30270E+00  9.30270E+00  9.30270E+00  9.30270E+00  9.30270E+00  9.30270E+00  9.30270E+00  9.30270E+00  9.30270E+00  9.30270E+00  9.30270E+00  9.30270E+00
   14743   3  1.17571E-02  1.17571E-02  1.17571E-02  1.17571E-02  1.17571E-02  1.17571E-02  1.17571E-02  1.17571E-02  1.17571E-02  1.17571E-02  1.17571E-02  1.17571E-02  1.17571E-02  1.17571E-02  1.17571E-02  1.17571E-02  1.17571E-02  1.17571E-02  1.17571E-02  1.17571E-02  1.17571E-02  1.17571E-02  1.17571E-02  1.17571E-02
   15813   3  2.32133E+01  2.32133E+01  2.32133E+01  2.32133E+01  2.32133E+01  2.32133E+01  2.32133E+01  2.32133E+01  2.32133E+01  2.32133E+01  2.32133E+01  2.32133E+01  2.32133E+01  2.32133E+01  2.32133E+01  2.32133E+01  2.32133E+01  2.32133E+01  2.32133E+01  2.32133E+01  2.32133E+01  2.32133E+01  2.32133E+01  2.32133E+01
   14408   4  6.87365E-03  6.87365E-03  6.87365E-03  6.87365E-03  6.87365E-03  6.87365E-03  6.87365E-03  6.87365E-03  6.87365E-03  6.87365E-03  6.87365E-03  6.87365E-03  6.87365E-03  6.87365E-03  6.87365E-03  6.87365E-03  6.87365E-03  6.87365E-03  6.87365E-03  6.87365E-03  6.87365E-03  6.87365E-03  6.87365E-03  6.87365E-03
   14053   3  1.80115E-02  1.80115E-02  1.80115E-02  1.80115E-02  1.80115E-02  1.80115E-02  1.80115E-02  1.80115E-02  1.80115E-02  1.80115E-02  1.80115E-02  1.80115E-02  1.80115E-02  1.80115E-02  1.80115E-02  1.80115E-02  1.80115E-02  1.80115E-02  1.80115E-02  1.80115E-02  1.80115E-02  1.80115E-02  1.80115E-02  1.80115E-02
   14408   3  1.90181E-01  1.90181E-01  1.90181E-01  1.90181E-01  1.90181E-01  1.90181E-01  1.90181E-01  1.90181E-01  1.90181E-01  1.90181E-01  1.90181E-01  1.90181E-01  1.90181E-01  1.90181E-01  1.90181E-01  1.90181E-01  1.90181E-01  1.90181E-01  1.90181E-01  1.90181E-01  1.90181E-01  1.90181E-01  1.90181E-01  1.90181E-01
   15469   3  6.18199E-01  6.18199E-01  6.18199E-01  6.18199E-01  6.18199E-01  6.18199E-01  6.18199E-01  6.18199E-01  6.18199E-01  6.18199E-01  6.18199E-01  6.18199E-01  6.18199E-01  6.18199E-01  6.18199E-01  6.18199E-01  6.18199E-01  6.18199E-01  6.18199E-01  6.18199E-01  6.18199E-01  6.18199E-01  6.18199E-01  6.18199E-01
   14761   3  0.00000E+00  0.00000E+00  0.00000E+00  0.00000E+00  0.00000E+00  0.00000E+00  0.00000E+00  0.00000E+00  0.00000E+00  0.00000E+00  0.00000E+00  0.00000E+00  0.00000E+00  0.00000E+00  0.00000E+00  0.00000E+00  0.00000E+00  0.00000E+00  0.00000E+00  0.00000E+00  0.00000E+00  0.00000E+00  0.00000E+00  0.00000E+00
   14763   2  3.05803E+01  3.05803E+01  3.05803E+01  3.05803E+01  3.05803E+01  3.05803E+01  3.05803E+01  3.05803E+01  3.05803E+01  3.05803E+01  3.05803E+01  3.05803E+01  3.05803E+01  3.05803E+01  3.05803E+01  3.05803E+01  3.05803E+01  3.05803E+01  3.05803E+01  3.05803E+01  3.05803E+01  3.05803E+01  3.05803E+01  3.05803E+01
   14763   3  6.09522E+00  6.09522E+00  6.09522E+00  6.09522E+00  6.09522E+00  6.09522E+00  6.09522E+00  6.09522E+00  6.09522E+00  6.09522E+00  6.09522E+00  6.09522E+00  6.09522E+00  6.09522E+00  6.09522E+00  6.09522E+00  6.09522E+00  6.09522E+00  6.09522E+00  6.09522E+00  6.09522E+00  6.09522E+00  6.09522E+00  6.09522E+00
   12640   3  0.00000E+00  0.00000E+00  0.00000E+00  0.00000E+00  0.00000E+00  0.00000E+00  0.00000E+00  0.00000E+00  0.00000E+00  0.00000E+00  0.00000E+00  0.00000E+00  0.00000E+00  0.00000E+00  0.00000E+00  0.00000E+00  0.00000E+00  0.00000E+00  0.00000E+00  0.00000E+00  0.00000E+00  0.00000E+00  0.00000E+00  0.00000E+00
   12657   2  0.00000E+00  0.00000E+00  0.00000E+00  0.00000E+00  0.00000E+00  0.00000E+00  0.00000E+00  0.00000E+00  0.00000E+00  0.00000E+00  0.00000E+00  0.00000E+00  0.00000E+00  0.00000E+00  0.00000E+00  0.00000E+00  0.00000E+00  0.00000E+00  0.00000E+00  0.00000E+00  0.00000E+00  0.00000E+00  0.00000E+00  0.00000E+00
   19635   3  1.26172E-04  1.26172E-04  1.26172E-04  1.26172E-04  1.26172E-04  1.26172E-04  1.26172E-04  1.26172E-04  1.26172E-04  1.26172E-04  1.26172E-04  1.26172E-04  1.26172E-04  1.26172E-04  1.26172E-04  1.26172E-04  1.26172E-04  1.26172E-04  1.26172E-04  1.26172E-04  1.26172E-04  1.26172E-04  1.26172E-04  1.26172E-04
   19635   4  8.88424E-03  8.88424E-03  8.88424E-03  8.88424E-03  8.88424E-03  8.88424E-03  8.88424E-03  8.88424E-03  8.88424E-03  8.88424E-03  8.88424E-03  8.88424E-03  8.88424E-03  8.88424E-03  8.88424E-03  8.88424E-03  8.88424E-03  8.88424E-03  8.88424E-03  8.88424E-03  8.88424E-03  8.88424E-03  8.88424E-03  8.88424E-03
   20341   3  3.40971E-02  3.40971E-02  3.40971E-02  3.40971E-02  3.40971E-02  3.40971E-02  3.40971E-02  3.40971E-02  3.40971E-02  3.40971E-02  3.40971E-02  3.40971E-02  3.40971E-02  3.40971E-02  3.40971E-02  3.40971E-02  3.40971E-02  3.40971E-02  3.40971E-02  3.40971E-02  3.40971E-02  3.40971E-02  3.40971E-02  3.40971E-02
   20337   3  1.63891E+00  1.63891E+00  1.63891E+00  1.63891E+00  1.63891E+00  1.63891E+00  1.63891E+00  1.63891E+00  1.63891E+00  1.63891E+00  1.63891E+00  1.63891E+00  1.63891E+00  1.63891E+00  1.63891E+00  1.63891E+00  1.63891E+00  1.63891E+00  1.63891E+00  1.63891E+00  1.63891E+00  1.63891E+00  1.63891E+00  1.63891E+00
   20337   4  2.42944E-03  2.42944E-03  2.42944E-03  2.42944E-03  2.42944E-03  2.42944E-03  2.42944E-03  2.42944E-03  2.42944E-03  2.42944E-03  2.42944E-03  2.42944E-03  2.42944E-03  2.42944E-03  2.42944E-03  2.42944E-03  2.42944E-03  2.42944E-03  2.42944E-03  2.42944E-03  2.42944E-03  2.42944E-03  2.42944E-03  2.42944E-03
   19641   4  8.06306E-03  8.06306E-03  8.06306E-03  8.06306E-03  8.06306E-03  8.06306E-03  8.06306E-03  8.06306E-03  8.06306E-03  8.06306E-03  8.06306E-03  8.06306E-03  8.06306E-03  8.06306E-03  8.06306E-03  8.06306E-03  8.06306E-03  8.06306E-03  8.06306E-03  8.06306E-03  8.06306E-03  8.06306E-03  8.06306E-03  8.06306E-03
   19283   4  1.17330E-02  1.17330E-02  1.17330E-02  1.17330E-02  1.17330E-02  1.17330E-02  1.17330E-02  1.17330E-02  1.17330E-02  1.17330E-02  1.17330E-02  1.17330E-02  1.17330E-02  1.17330E-02  1.17330E-02  1.17330E-02  1.17330E-02  1.17330E-02  1.17330E-02  1.17330E-02  1.17330E-02  1.17330E-02  1.17330E-02  1.17330E-02
   19638   5  5.34306E-03  5.34306E-03  5.34306E-03  5.34306E-03  5.34306E-03  5.34306E-03  5.34306E-03  5.34306E-03  5.34306E-03  5.34306E-03  5.34306E-03  5.34306E-03  5.34306E-03  5.34306E-03  5.34306E-03  5.34306E-03  5.34306E-03  5.34306E-03  5.34306E-03  5.34306E-03  5.34306E-03  5.34306E-03  5.34306E-03  5.34306E-03
   19633   3  7.99633E-02  7.99633E-02  7.99633E-02  7.99633E-02  7.99633E-02  7.99633E-02  7.99633E-02  7.99633E-02  7.99633E-02  7.99633E-02  7.99633E-02  7.99633E-02  7.99633E-02  7.99633E-02  7.99633E-02  7.99633E-02  7.99633E-02  7.99633E-02  7.99633E-02  7.99633E-02  7.99633E-02  7.99633E-02  7.99633E-02  7.99633E-02
   19633   7  2.03440E+01  2.03440E+01  2.03440E+01  2.03440E+01  2.03440E+01  0.00000E+00  0.00000E+00  0.00000E+00  0.00000E+00  0.00000E+00  0.00000E+00  0.00000E+00  2.03440E+01  2.03440E+01  2.03440E+01  2.03440E+01  2.03440E+01  2.03440E+01  2.03440E+01  2.03440E+01  2.03440E+01  2.03440E+01  2.03440E+01  2.03440E+01
   19633   4  5.49526E-03  5.49526E-03  5.49526E-03  5.49526E-03  5.49526E-03  5.49526E-03  5.49526E-03  5.49526E-03  5.49526E-03  5.49526E-03  5.49526E-03  5.49526E-03  5.49526E-03  5.49526E-03  5.49526E-03  5.49526E-03  5.49526E-03  5.49526E-03  5.49526E-03  5.49526E-03  5.49526E-03  5.49526E-03  5.49526E-03  5.49526E-03
   18930   3  1.61612E-01  1.61612E-01  1.61612E-01  1.61612E-01  1.61612E-01  1.61612E-01  1.61612E-01  1.61612E-01  1.61612E-01  1.61612E-01  1.61612E-01  1.61612E-01  1.61612E-01  1.61612E-01  1.61612E-01  1.61612E-01  1.61612E-01  1.61612E-01  1.61612E-01  1.61612E-01  1.61612E-01  1.61612E-01  1.61612E-01  1.61612E-01
   19636   5  3.18672E-03  3.18672E-03  3.18672E-03  3.18672E-03  3.18672E-03  3.18672E-03  3.18672E-03  3.18672E-03  3.18672E-03  3.18672E-03  3.18672E-03  3.18672E-03  3.18672E-03  3.18672E-03  3.18672E-03  3.18672E-03  3.18672E-03  3.18672E-03  3.18672E-03  3.18672E-03  3.18672E-03  3.18672E-03  3.18672E-03  3.18672E-03
   20343   4  2.88953E-03  2.88953E-03  2.88953E-03  2.88953E-03  2.88953E-03  2.88953E-03  2.88953E-03  2.88953E-03  2.88953E-03  2.88953E-03  2.88953E-03  2.88953E-03  2.88953E-03  2.88953E-03  2.88953E-03  2.88953E-03  2.88953E-03  2.88953E-03  2.88953E-03  2.88953E-03  2.88953E-03  2.88953E-03  2.88953E-03  2.88953E-03
   20343   3  2.51934E-02  2.51934E-02  2.51934E-02  2.51934E-02  2.51934E-02  2.51934E-02  2.51934E-02  2.51934E-02  2.51934E-02  2.51934E-02  2.51934E-02  2.51934E-02  2.51934E-02  2.51934E-02  2.51934E-02  2.51934E-02  2.51934E-02  2.51934E-02  2.51934E-02  2.51934E-02  2.51934E-02  2.51934E-02  2.51934E-02  2.51934E-02
   19282   5  2.84605E-03  2.84605E-03  2.84605E-03  2.84605E-03  2.84605E-03  2.84605E-03  2.84605E-03  2.84605E-03  2.84605E-03  2.84605E-03  2.84605E-03  2.84605E-03  2.84605E-03  2.84605E-03  2.84605E-03  2.84605E-03  2.84605E-03  2.84605E-03  2.84605E-03  2.84605E-03  2.84605E-03  2.84605E-03  2.84605E-03  2.84605E-03
   19282   4  3.94620E-02  3.94620E-02  3.94620E-02  3.94620E-02  3.94620E-02  3.94620E-02  3.94620E-02  3.94620E-02  3.94620E-02  3.94620E-02  3.94620E-02  3.94620E-02  3.94620E-02  3.94620E-02  3.94620E-02  3.94620E-02  3.94620E-02  3.94620E-02  3.94620E-02  3.94620E-02  3.94620E-02  3.94620E-02  3.94620E-02  3.94620E-02
   19282   3  7.87470E-01  7.87470E-01  7.87470E-01  7.87470E-01  7.87470E-01  0.00000E+00  0.00000E+00  0.00000E+00  0.00000E+00  0.00000E+00  0.00000E+00  0.00000E+00  0.00000E+00  7.87470E-01  7.87470E-01  7.87470E-01  7.87470E-01  7.87470E-01  7.87470E-01  7.87470E-01  7.87470E-01  7.87470E-01  7.87470E-01  7.87470E-01
   19990   3  5.44635E-03  5.44635E-03  5.44635E-03  5.44635E-03  5.44635E-03  5.44635E-03  5.44635E-03  5.44635E-03  5.44635E-03  5.44635E-03  5.44635E-03  5.44635E-03  5.44635E-03  5.44635E-03  5.44635E-03  5.44635E-03  5.44635E-03  5.44635E-03  5.44635E-03  5.44635E-03  5.44635E-03  5.44635E-03  5.44635E-03  5.44635E-03
   19990   4  3.22096E-02  3.22096E-02  3.22096E-02  3.22096E-02  3.22096E-02  3.22096E-02  3.22096E-02  3.22096E-02  3.22096E-02  3.22096E-02  3.22096E-02  3.22096E-02  3.22096E-02  3.22096E-02  3.22096E-02  3.22096E-02  3.22096E-02  3.22096E-02  3.22096E-02  3.22096E-02  3.22096E-02  3.22096E-02  3.22096E-02  3.22096E-02
   18929   3  2.02272E-01  2.02272E-01  2.02272E-01  2.02272E-01  2.02272E-01  2.02272E-01  2.02272E-01  2.02272E-01  2.02272E-01  2.02272E-01  2.02272E-01  2.02272E-01  2.02272E-01  2.18410E-01  2.18410E-01  2.18410E-01  2.18410E-01  2.18410E-01  2.18410E-01  2.18410E-01  2.18410E-01  2.02272E-01  2.02272E-01  2.02272E-01
   18929   4  2.57208E+00  2.57208E+00  2.57208E+00  2.57208E+00  2.57208E+00  2.57208E+00  2.57208E+00  2.57208E+00  2.57208E+00  2.57208E+00  2.57208E+00  2.57208E+00  2.57208E+00  2.59434E+00  2.59434E+00  2.59434E+00  2.59434E+00  2.59434E+00  2.59434E+00  2.59434E+00  2.59434E+00  2.57208E+00  2.57208E+00  2.57208E+00
   19281   4  5.78050E-03  5.78050E-03  5.78050E-03  5.78050E-03  5.78050E-03  5.78050E-03  5.78050E-03  5.78050E-03  5.78050E-03  5.78050E-03  5.78050E-03  5.78050E-03  5.78050E-03  5.78050E-03  5.78050E-03  5.78050E-03  5.78050E-03  5.78050E-03  5.78050E-03  5.78050E-03  5.78050E-03  5.78050E-03  5.78050E-03  5.78050E-03
   19637   3  1.28757E-01  1.28757E-01  1.28757E-01  1.28757E-01  1.28757E-01  1.28757E-01  1.28757E-01  1.28757E-01  1.28757E-01  1.28757E-01  1.28757E-01  1.28757E-01  1.28757E-01  1.28757E-01  1.28757E-01  1.28757E-01  1.28757E-01  1.28757E-01  1.28757E-01  1.28757E-01  1.28757E-01  1.28757E-01  1.28757E-01  1.28757E-01
   17533   4  2.75237E-01  2.75237E-01  2.75237E-01  2.75237E-01  2.75237E-01  2.75237E-01  2.75237E-01  2.75237E-01  2.75237E-01  2.75237E-01  2.75237E-01  2.75237E-01  2.75237E-01  2.75237E-01  2.75237E-01  2.75237E-01  2.75237E-01  2.75237E-01  2.75237E-01  2.75237E-01  2.75237E-01  2.75237E-01  2.75237E-01  2.75237E-01
   17533   3  0.00000E+00  0.00000E+00  0.00000E+00  0.00000E+00  0.00000E+00  0.00000E+00  0.00000E+00  0.00000E+00  0.00000E+00  0.00000E+00  0.00000E+00  0.00000E+00  0.00000E+00  3.04544E-02  3.04544E-02  3.04544E-02  3.04544E-02  3.04544E-02  3.04544E-02  3.04544E-02  3.04544E-02  0.00000E+00  0.00000E+00  0.00000E+00
   19657   3  0.00000E+00  0.00000E+00  0.00000E+00  0.00000E+00  0.00000E+00  0.00000E+00  0.00000E+00  0.00000E+00  0.00000E+00  0.00000E+00  0.00000E+00  0.00000E+00  0.00000E+00  0.00000E+00  0.00000E+00  0.00000E+00  0.00000E+00  0.00000E+00  0.00000E+00  0.00000E+00  0.00000E+00  0.00000E+00  0.00000E+00  0.00000E+00
   19657   2  0.00000E+00  0.00000E+00  0.00000E+00  0.00000E+00  0.00000E+00  0.00000E+00  0.00000E+00  0.00000E+00  0.00000E+00  0.00000E+00  0.00000E+00  0.00000E+00  0.00000E+00  0.00000E+00  0.00000E+00  0.00000E+00  0.00000E+00  0.00000E+00  0.00000E+00  0.00000E+00  0.00000E+00  0.00000E+00  0.00000E+00  0.00000E+00
   17887   3  0.00000E+00  0.00000E+00  0.00000E+00  0.00000E+00  0.00000E+00  0.00000E+00  0.00000E+00  0.00000E+00  0.00000E+00  0.00000E+00  0.00000E+00  0.00000E+00  0.00000E+00  0.00000E+00  0.00000E+00  0.00000E+00  0.00000E+00  0.00000E+00  0.00000E+00  0.00000E+00  0.00000E+00  0.00000E+00  0.00000E+00  0.00000E+00
   20356   4  6.44662E-03  6.44662E-03  6.44662E-03  6.44662E-03  6.44662E-03  6.44662E-03  6.44662E-03  6.44662E-03  6.44662E-03  6.44662E-03  6.44662E-03  6.44662E-03  6.44662E-03  6.44662E-03  6.44662E-03  6.44662E-03  6.44662E-03  6.44662E-03  6.44662E-03  6.44662E-03  6.44662E-03  6.44662E-03  6.44662E-03  6.44662E-03
   20356   3  1.66920E+00  1.66920E+00  1.66920E+00  1.66920E+00  1.66920E+00  0.00000E+00  0.00000E+00  0.00000E+00  0.00000E+00  0.00000E+00  0.00000E+00  0.00000E+00  0.00000E+00  1.66920E+00  1.66920E+00  1.66920E+00  1.66920E+00  1.66920E+00  1.66920E+00  1.66920E+00  1.66920E+00  1.66920E+00  1.66920E+00  1.66920E+00
   20356   2  0.00000E+00  0.00000E+00  0.00000E+00  0.00000E+00  0.00000E+00  0.00000E+00  0.00000E+00  0.00000E+00  0.00000E+00  0.00000E+00  0.00000E+00  0.00000E+00  0.00000E+00  0.00000E+00  0.00000E+00  0.00000E+00  0.00000E+00  0.00000E+00  0.00000E+00  0.00000E+00  0.00000E+00  0.00000E+00  0.00000E+00  0.00000E+00
   15091   3  1.22161E+02  1.22161E+02  1.22161E+02  1.22161E+02  1.22161E+02  1.22147E+02  1.22147E+02  1.22147E+02  1.22147E+02  1.22147E+02  1.22147E+02  1.22147E+02  1.22147E+02  1.22217E+02  1.22217E+02  1.22217E+02  1.22217E+02  1.22217E+02  1.22217E+02  1.22217E+02  1.22217E+02  1.22161E+02  1.22161E+02  1.22161E+02
   15091   4  1.43016E+02  1.43016E+02  1.43016E+02  1.43016E+02  1.43016E+02  1.43016E+02  1.43016E+02  1.43016E+02  1.43016E+02  1.43016E+02  1.43016E+02  1.43016E+02  1.43016E+02  1.43016E+02  1.43016E+02  1.43016E+02  1.43016E+02  1.43016E+02  1.43016E+02  1.43016E+02  1.43016E+02  1.43016E+02  1.43016E+02  1.43016E+02
   15091   2  1.06031E+02  1.06031E+02  1.06031E+02  1.06031E+02  1.06031E+02  1.06031E+02  1.06031E+02  1.06031E+02  1.06031E+02  1.06031E+02  1.06031E+02  1.06031E+02  1.06031E+02  1.06031E+02  1.06031E+02  1.06031E+02  1.06031E+02  1.06031E+02  1.06031E+02  1.06031E+02  1.06031E+02  1.06031E+02  1.06031E+02  1.06031E+02
   15092   4  1.11006E-01  1.11006E-01  1.11006E-01  1.11006E-01  1.11006E-01  1.11006E-01  1.11006E-01  1.11006E-01  1.11006E-01  1.11006E-01  1.11006E-01  1.11006E-01  1.11006E-01  1.11006E-01  1.11006E-01  1.11006E-01  1.11006E-01  1.11006E-01  1.11006E-01  1.11006E-01  1.11006E-01  1.11006E-01  1.11006E-01  1.11006E-01
   15091   7  2.65427E+03  2.65427E+03  2.65427E+03  2.65427E+03  2.65427E+03  2.65427E+03  2.65427E+03  2.65427E+03  2.65427E+03  2.65427E+03  2.65427E+03  2.65427E+03  2.65427E+03  2.65427E+03  2.65427E+03  2.65427E+03  2.65427E+03  2.65427E+03  2.65427E+03  2.65427E+03  2.65427E+03  2.65427E+03  2.65427E+03  2.65427E+03
   15092   1  1.59394E+01  1.59394E+01  1.59394E+01  1.59394E+01  1.59394E+01  1.59394E+01  1.59394E+01  1.59394E+01  1.59394E+01  1.59394E+01  1.59394E+01  1.59394E+01  1.59394E+01  1.59394E+01  1.59394E+01  1.59394E+01  1.59394E+01  1.59394E+01  1.59394E+01  1.59394E+01  1.59394E+01  1.59394E+01  1.59394E+01  1.59394E+01
   15092   3  2.26650E+01  2.26650E+01  2.26650E+01  2.26650E+01  2.26650E+01  2.26650E+01  2.26650E+01  2.26650E+01  2.26650E+01  2.26650E+01  2.26650E+01  2.26650E+01  2.26650E+01  2.26650E+01  2.26650E+01  2.26650E+01  2.26650E+01  2.26650E+01  2.26650E+01  2.26650E+01  2.26650E+01  2.26650E+01  2.26650E+01  2.26650E+01
   15092   2  7.04733E+01  7.04733E+01  7.04733E+01  7.04733E+01  7.04733E+01  7.04733E+01  7.04733E+01  7.04733E+01  7.04733E+01  7.04733E+01  7.04733E+01  7.04733E+01  7.04733E+01  7.04733E+01  7.04733E+01  7.04733E+01  7.04733E+01  7.04733E+01  7.04733E+01  7.04733E+01  7.04733E+01  7.04733E+01  7.04733E+01  7.04733E+01
   14738   4  0.00000E+00  0.00000E+00  0.00000E+00  0.00000E+00  0.00000E+00  0.00000E+00  0.00000E+00  0.00000E+00  0.00000E+00  0.00000E+00  0.00000E+00  0.00000E+00  0.00000E+00  0.00000E+00  0.00000E+00  0.00000E+00  0.00000E+00  0.00000E+00  0.00000E+00  0.00000E+00  0.00000E+00  0.00000E+00  0.00000E+00  0.00000E+00
   17885   3  0.00000E+00  0.00000E+00  0.00000E+00  0.00000E+00  0.00000E+00  0.00000E+00  0.00000E+00  0.00000E+00  0.00000E+00  0.00000E+00  0.00000E+00  0.00000E+00  0.00000E+00  8.67582E-01  8.67582E-01  8.67582E-01  8.67582E-01  8.67582E-01  8.67582E-01  8.67582E-01  8.67582E-01  0.00000E+00  0.00000E+00  0.00000E+00
   17885   4  2.10871E-03  2.10871E-03  2.10871E-03  2.10871E-03  2.10871E-03  2.10871E-03  2.10871E-03  2.10871E-03  2.10871E-03  2.10871E-03  2.10871E-03  2.10871E-03  2.10871E-03  2.10871E-03  2.10871E-03  2.10871E-03  2.10871E-03  2.10871E-03  2.10871E-03  2.10871E-03  2.10871E-03  2.10871E-03  2.10871E-03  2.10871E-03
   18238   4  9.86818E-02  9.86818E-02  9.86818E-02  9.86818E-02  9.86818E-02  9.86818E-02  9.86818E-02  9.86818E-02  9.86818E-02  9.86818E-02  9.86818E-02  9.86818E-02  9.86818E-02  9.86818E-02  9.86818E-02  9.86818E-02  9.86818E-02  9.86818E-02  9.86818E-02  9.86818E-02  9.86818E-02  9.86818E-02  9.86818E-02  9.86818E-02
   15426   3  0.00000E+00  0.00000E+00  0.00000E+00  0.00000E+00  0.00000E+00  0.00000E+00  0.00000E+00  0.00000E+00  0.00000E+00  0.00000E+00  0.00000E+00  0.00000E+00  0.00000E+00  0.00000E+00  0.00000E+00  0.00000E+00  0.00000E+00  0.00000E+00  0.00000E+00  0.00000E+00  0.00000E+00  0.00000E+00  0.00000E+00  0.00000E+00
   14383   3  3.15936E+01  3.15936E+01  3.15936E+01  3.15936E+01  3.15936E+01  3.15936E+01  3.15936E+01  3.15936E+01  3.15936E+01  3.15936E+01  3.15936E+01  3.15936E+01  3.15936E+01  3.15936E+01  3.15936E+01  3.15936E+01  3.15936E+01  3.15936E+01  3.15936E+01  3.15936E+01  3.15936E+01  3.15936E+01  3.15936E+01  3.15936E+01
   14736   4  7.78830E-01  7.78830E-01  7.78830E-01  7.78830E-01  7.78830E-01  7.78830E-01  7.78830E-01  7.78830E-01  7.78830E-01  7.78830E-01  7.78830E-01  7.78830E-01  7.78830E-01  7.86615E-01  7.86615E-01  7.86615E-01  7.86615E-01  7.86615E-01  7.86615E-01  7.86615E-01  7.86615E-01  7.78830E-01  7.78830E-01  7.78830E-01
   14383   4  3.95309E+01  3.95309E+01  3.95309E+01  3.95309E+01  3.95309E+01  3.95309E+01  3.95309E+01  3.95309E+01  3.95309E+01  3.95309E+01  3.95309E+01  3.95309E+01  3.95309E+01  3.95309E+01  3.95309E+01  3.95309E+01  3.95309E+01  3.95309E+01  3.95309E+01  3.95309E+01  3.95309E+01  3.95309E+01  3.95309E+01  3.95309E+01
   14383   2  5.67974E+02  5.67974E+02  5.67974E+02  5.67974E+02  5.67974E+02  5.67974E+02  5.67974E+02  5.67974E+02  5.67974E+02  5.67974E+02  5.67974E+02  5.67974E+02  5.67974E+02  5.67974E+02  5.67974E+02  5.67974E+02  5.67974E+02  5.67974E+02  5.67974E+02  5.67974E+02  5.67974E+02  5.67974E+02  5.67974E+02  5.67974E+02
   14383   1  8.42459E-01  8.42459E-01  8.42459E-01  8.42459E-01  8.42459E-01  8.42459E-01  8.42459E-01  8.42459E-01  8.42459E-01  8.42459E-01  8.42459E-01  8.42459E-01  8.42459E-01  8.42459E-01  8.42459E-01  8.42459E-01  8.42459E-01  8.42459E-01  8.42459E-01  8.42459E-01  8.42459E-01  8.42459E-01  8.42459E-01  8.42459E-01
   17892   3  4.04857E-02  4.04857E-02  4.04857E-02  4.04857E-02  4.04857E-02  4.04857E-02  4.04857E-02  4.04857E-02  4.04857E-02  4.04857E-02  4.04857E-02  4.04857E-02  4.04857E-02  4.04857E-02  4.04857E-02  4.04857E-02  4.04857E-02  4.04857E-02  4.04857E-02  4.04857E-02  4.04857E-02  4.04857E-02  4.04857E-02  4.04857E-02
   17180   3  0.00000E+00  0.00000E+00  0.00000E+00  0.00000E+00  0.00000E+00  0.00000E+00  0.00000E+00  0.00000E+00  0.00000E+00  0.00000E+00  0.00000E+00  0.00000E+00  0.00000E+00  0.00000E+00  0.00000E+00  0.00000E+00  0.00000E+00  0.00000E+00  0.00000E+00  0.00000E+00  0.00000E+00  0.00000E+00  0.00000E+00  0.00000E+00
   17180   2  0.00000E+00  0.00000E+00  0.00000E+00  0.00000E+00  0.00000E+00  0.00000E+00  0.00000E+00  0.00000E+00  0.00000E+00  0.00000E+00  0.00000E+00  0.00000E+00  0.00000E+00  0.00000E+00  0.00000E+00  0.00000E+00  0.00000E+00  0.00000E+00  0.00000E+00  0.00000E+00  0.00000E+00  0.00000E+00  0.00000E+00  0.00000E+00
   17182   3  0.00000E+00  0.00000E+00  0.00000E+00  0.00000E+00  0.00000E+00  0.00000E+00  0.00000E+00  0.00000E+00  0.00000E+00  0.00000E+00  0.00000E+00  0.00000E+00  0.00000E+00  0.00000E+00  0.00000E+00  0.00000E+00  0.00000E+00  0.00000E+00  0.00000E+00  0.00000E+00  0.00000E+00  0.00000E+00  0.00000E+00  0.00000E+00
   14735   3  1.14879E+00  1.14879E+00  1.14879E+00  1.14879E+00  1.14879E+00  1.13336E+00  1.13336E+00  1.13336E+00  1.13336E+00  1.13336E+00  1.13336E+00  1.13336E+00  1.13336E+00  1.14879E+00  1.14879E+00  1.14879E+00  1.14879E+00  1.14879E+00  1.14879E+00  1.14879E+00  1.14879E+00  1.14879E+00  1.14879E+00  1.14879E+00
   17884   4  1.31932E-01  1.31932E-01  1.31932E-01  1.31932E-01  1.31932E-01  1.31932E-01  1.31932E-01  1.31932E-01  1.31932E-01  1.31932E-01  1.31932E-01  1.31932E-01  1.31932E-01  1.31932E-01  1.31932E-01  1.31932E-01  1.31932E-01  1.31932E-01  1.31932E-01  1.31932E-01  1.31932E-01  1.31932E-01  1.31932E-01  1.31932E-01
   18944   3  0.00000E+00  0.00000E+00  0.00000E+00  0.00000E+00  0.00000E+00  0.00000E+00  0.00000E+00  0.00000E+00  0.00000E+00  0.00000E+00  0.00000E+00  0.00000E+00  0.00000E+00  0.00000E+00  0.00000E+00  0.00000E+00  0.00000E+00  0.00000E+00  0.00000E+00  0.00000E+00  0.00000E+00  0.00000E+00  0.00000E+00  0.00000E+00
   15082   3  0.00000E+00  0.00000E+00  0.00000E+00  0.00000E+00  0.00000E+00  0.00000E+00  0.00000E+00  0.00000E+00  0.00000E+00  0.00000E+00  0.00000E+00  0.00000E+00  0.00000E+00  0.00000E+00  0.00000E+00  0.00000E+00  0.00000E+00  0.00000E+00  0.00000E+00  0.00000E+00  0.00000E+00  0.00000E+00  0.00000E+00  0.00000E+00
   15082   2  0.00000E+00  0.00000E+00  0.00000E+00  0.00000E+00  0.00000E+00  0.00000E+00  0.00000E+00  0.00000E+00  0.00000E+00  0.00000E+00  0.00000E+00  0.00000E+00  0.00000E+00  0.00000E+00  0.00000E+00  0.00000E+00  0.00000E+00  0.00000E+00  0.00000E+00  0.00000E+00  0.00000E+00  0.00000E+00  0.00000E+00  0.00000E+00
   14385   3  1.31705E-02  1.31705E-02  1.31705E-02  1.31705E-02  1.31705E-02  0.00000E+00  0.00000E+00  0.00000E+00  0.00000E+00  0.00000E+00  0.00000E+00  0.00000E+00  0.00000E+00  1.31705E-02  1.31705E-02  1.31705E-02  1.31705E-02  1.31705E-02  1.31705E-02  1.31705E-02  1.31705E-02  1.31705E-02  1.31705E-02  1.31705E-02
   14385   4  7.23277E-02  7.23277E-02  7.23277E-02  7.23277E-02  7.23277E-02  7.23277E-02  7.23277E-02  7.23277E-02  7.23277E-02  7.23277E-02  7.23277E-02  7.23277E-02  7.23277E-02  7.23277E-02  7.23277E-02  7.23277E-02  7.23277E-02  7.23277E-02  7.23277E-02  7.23277E-02  7.23277E-02  7.23277E-02  7.23277E-02  7.23277E-02
   17531   4  5.85140E-01  5.85140E-01  5.85140E-01  5.85140E-01  5.85140E-01  5.85140E-01  5.85140E-01  5.85140E-01  5.85140E-01  5.85140E-01  5.85140E-01  5.85140E-01  5.85140E-01  5.85140E-01  5.85140E-01  5.85140E-01  5.85140E-01  5.85140E-01  5.85140E-01  5.85140E-01  5.85140E-01  5.85140E-01  5.85140E-01  5.85140E-01
   17531   3  0.00000E+00  0.00000E+00  0.00000E+00  0.00000E+00  0.00000E+00  0.00000E+00  0.00000E+00  0.00000E+00  0.00000E+00  0.00000E+00  0.00000E+00  0.00000E+00  0.00000E+00  1.20296E+00  1.20296E+00  1.20296E+00  1.20296E+00  1.20296E+00  1.20296E+00  1.20296E+00  1.20296E+00  0.00000E+00  0.00000E+00  0.00000E+00
   17531   5  5.37326E+00  5.37326E+00  5.37326E+00  5.37326E+00  5.37326E+00  5.37326E+00  5.37326E+00  5.37326E+00  5.37326E+00  5.37326E+00  5.37326E+00  5.37326E+00  5.37326E+00  5.37326E+00  5.37326E+00  5.37326E+00  5.37326E+00  5.37326E+00  5.37326E+00  5.37326E+00  5.37326E+00  5.37326E+00  5.37326E+00  5.37326E+00
   17531   2  1.51280E+00  1.51280E+00  1.51280E+00  1.51280E+00  1.51280E+00  1.51280E+00  1.51280E+00  1.51280E+00  1.51280E+00  1.51280E+00  1.51280E+00  1.51280E+00  1.51280E+00  1.51280E+00  1.51280E+00  1.51280E+00  1.51280E+00  1.51280E+00  1.51280E+00  1.51280E+00  1.51280E+00  1.51280E+00  1.51280E+00  1.51280E+00
   17531   7  1.14935E+01  1.14935E+01  1.14935E+01  1.14935E+01  1.14935E+01  1.14935E+01  1.14935E+01  1.14935E+01  1.14935E+01  1.14935E+01  1.14935E+01  1.14935E+01  1.14935E+01  1.14935E+01  1.14935E+01  1.14935E+01  1.14935E+01  1.14935E+01  1.14935E+01  1.14935E+01  1.14935E+01  1.14935E+01  1.14935E+01  1.14935E+01
   21411   4  3.93698E-03  3.93698E-03  3.93698E-03  3.93698E-03  3.93698E-03  3.93698E-03  3.93698E-03  3.93698E-03  3.93698E-03  3.93698E-03  3.93698E-03  3.93698E-03  3.93698E-03  3.93698E-03  3.93698E-03  3.93698E-03  3.93698E-03  3.93698E-03  3.93698E-03  3.93698E-03  3.93698E-03  3.93698E-03  3.93698E-03  3.93698E-03
   20709   4  5.04736E-05  5.04736E-05  5.04736E-05  5.04736E-05  5.04736E-05  5.04736E-05  5.04736E-05  5.04736E-05  5.04736E-05  5.04736E-05  5.04736E-05  5.04736E-05  5.04736E-05  5.04736E-05  5.04736E-05  5.04736E-05  5.04736E-05  5.04736E-05  5.04736E-05  5.04736E-05  5.04736E-05  5.04736E-05  5.04736E-05  5.04736E-05
   20709   7  2.60086E+01  2.60086E+01  2.60086E+01  2.60086E+01  2.60086E+01  2.60086E+01  2.60086E+01  2.60086E+01  2.60086E+01  2.60086E+01  2.60086E+01  2.60086E+01  2.60086E+01  2.60086E+01  2.60086E+01  2.60086E+01  2.60086E+01  2.60086E+01  2.60086E+01  2.60086E+01  2.60086E+01  2.60086E+01  2.60086E+01  2.60086E+01
   13676   3  4.30356E-05  4.30356E-05  4.30356E-05  4.30356E-05  4.30356E-05  4.30356E-05  4.30356E-05  4.30356E-05  4.30356E-05  4.30356E-05  4.30356E-05  4.30356E-05  4.30356E-05  1.90188E-01  1.90188E-01  1.90188E-01  1.90188E-01  1.90188E-01  1.90188E-01  1.90188E-01  1.90188E-01  4.30356E-05  4.30356E-05  4.30356E-05
   21062   3  0.00000E+00  0.00000E+00  0.00000E+00  0.00000E+00  0.00000E+00  0.00000E+00  0.00000E+00  0.00000E+00  0.00000E+00  0.00000E+00  0.00000E+00  0.00000E+00  0.00000E+00  0.00000E+00  0.00000E+00  0.00000E+00  0.00000E+00  0.00000E+00  0.00000E+00  0.00000E+00  0.00000E+00  0.00000E+00  0.00000E+00  0.00000E+00
   17196   3  0.00000E+00  0.00000E+00  0.00000E+00  0.00000E+00  0.00000E+00  0.00000E+00  0.00000E+00  0.00000E+00  0.00000E+00  0.00000E+00  0.00000E+00  0.00000E+00  0.00000E+00  0.00000E+00  0.00000E+00  0.00000E+00  0.00000E+00  0.00000E+00  0.00000E+00  0.00000E+00  0.00000E+00  0.00000E+00  0.00000E+00  0.00000E+00
   17196   2  0.00000E+00  0.00000E+00  0.00000E+00  0.00000E+00  0.00000E+00  0.00000E+00  0.00000E+00  0.00000E+00  0.00000E+00  0.00000E+00  0.00000E+00  0.00000E+00  0.00000E+00  0.00000E+00  0.00000E+00  0.00000E+00  0.00000E+00  0.00000E+00  0.00000E+00  0.00000E+00  0.00000E+00  0.00000E+00  0.00000E+00  0.00000E+00
   23179   4  3.75952E-02  3.75952E-02  3.75952E-02  3.75952E-02  3.75952E-02  3.75952E-02  3.75952E-02  3.75952E-02  3.75952E-02  3.75952E-02  3.75952E-02  3.75952E-02  3.75952E-02  3.75952E-02  3.75952E-02  3.75952E-02  3.75952E-02  3.75952E-02  3.75952E-02  3.75952E-02  3.75952E-02  3.75952E-02  3.75952E-02  3.75952E-02
   23179   3  0.00000E+00  0.00000E+00  0.00000E+00  0.00000E+00  0.00000E+00  0.00000E+00  0.00000E+00  0.00000E+00  0.00000E+00  0.00000E+00  0.00000E+00  0.00000E+00  0.00000E+00  0.00000E+00  0.00000E+00  0.00000E+00  0.00000E+00  0.00000E+00  0.00000E+00  0.00000E+00  0.00000E+00  0.00000E+00  0.00000E+00  0.00000E+00
   18247   4  0.00000E+00  0.00000E+00  0.00000E+00  0.00000E+00  0.00000E+00  0.00000E+00  0.00000E+00  0.00000E+00  0.00000E+00  0.00000E+00  0.00000E+00  0.00000E+00  0.00000E+00  0.00000E+00  0.00000E+00  0.00000E+00  0.00000E+00  0.00000E+00  0.00000E+00  0.00000E+00  0.00000E+00  0.00000E+00  0.00000E+00  0.00000E+00
   12621   2  1.72508E+02  1.72508E+02  1.72508E+02  1.72508E+02  1.72508E+02  1.72508E+02  1.72508E+02  1.72508E+02  1.72508E+02  1.72508E+02  1.72508E+02  1.72508E+02  1.72508E+02  1.72508E+02  1.72508E+02  1.72508E+02  1.72508E+02  1.72508E+02  1.72508E+02  1.72508E+02  1.72508E+02  1.72508E+02  1.72508E+02  1.72508E+02
   12621   3  1.12512E+02  1.12512E+02  1.12512E+02  1.12512E+02  1.12512E+02  1.12512E+02  1.12512E+02  1.12512E+02  1.12512E+02  1.12512E+02  1.12512E+02  1.12512E+02  1.12512E+02  1.12512E+02  1.12512E+02  1.12512E+02  1.12512E+02  1.12512E+02  1.12512E+02  1.12512E+02  1.12512E+02  1.12512E+02  1.12512E+02  1.12512E+02
   12621   7  2.36477E+01  2.36477E+01  2.36477E+01  2.36477E+01  2.36477E+01  2.36477E+01  2.36477E+01  2.36477E+01  2.36477E+01  2.36477E+01  2.36477E+01  2.36477E+01  2.36477E+01  2.36477E+01  2.36477E+01  2.36477E+01  2.36477E+01  2.36477E+01  2.36477E+01  2.36477E+01  2.36477E+01  2.36477E+01  2.36477E+01  2.36477E+01
   21063   3  2.47800E-01  2.47800E-01  2.47800E-01  2.47800E-01  2.47800E-01  2.47800E-01  2.47800E-01  2.47800E-01  2.47800E-01  2.47800E-01  2.47800E-01  2.47800E-01  2.47800E-01  2.47800E-01  2.47800E-01  2.47800E-01  2.47800E-01  2.47800E-01  2.47800E-01  2.47800E-01  2.47800E-01  2.47800E-01  2.47800E-01  2.47800E-01
   17529   4  1.40380E-02  1.40380E-02  1.40380E-02  1.40380E-02  1.40380E-02  1.40380E-02  1.40380E-02  1.40380E-02  1.40380E-02  1.40380E-02  1.40380E-02  1.40380E-02  1.40380E-02  1.40380E-02  1.40380E-02  1.40380E-02  1.40380E-02  1.40380E-02  1.40380E-02  1.40380E-02  1.40380E-02  1.40380E-02  1.40380E-02  1.40380E-02
   17530   3  4.56013E-02  4.56013E-02  4.56013E-02  4.56013E-02  4.56013E-02  9.74369E-05  9.74369E-05  9.74369E-05  9.74369E-05  9.74369E-05  9.74369E-05  9.74369E-05  9.74369E-05  4.56013E-02  4.56013E-02  4.56013E-02  4.56013E-02  4.56013E-02  4.56013E-02  4.56013E-02  4.56013E-02  4.56013E-02  4.56013E-02  4.56013E-02
   17530   4  7.64698E-01  7.64698E-01  7.64698E-01  7.64698E-01  7.64698E-01  7.64698E-01  7.64698E-01  7.64698E-01  7.64698E-01  7.64698E-01  7.64698E-01  7.64698E-01  7.64698E-01  7.64698E-01  7.64698E-01  7.64698E-01  7.64698E-01  7.64698E-01  7.64698E-01  7.64698E-01  7.64698E-01  7.64698E-01  7.64698E-01  7.64698E-01
   17530   6  6.01697E-01  6.01697E-01  6.01697E-01  6.01697E-01  6.01697E-01  6.01697E-01  6.01697E-01  6.01697E-01  6.01697E-01  6.01697E-01  6.01697E-01  6.01697E-01  6.01697E-01  6.01697E-01  6.01697E-01  6.01697E-01  6.01697E-01  6.01697E-01  6.01697E-01  6.01697E-01  6.01697E-01  6.01697E-01  6.01697E-01  6.01697E-01
   32341   4  0.00000E+00  0.00000E+00  0.00000E+00  0.00000E+00  0.00000E+00  0.00000E+00  0.00000E+00  0.00000E+00  0.00000E+00  0.00000E+00  0.00000E+00  0.00000E+00  0.00000E+00  0.00000E+00  0.00000E+00  0.00000E+00  0.00000E+00  0.00000E+00  0.00000E+00  0.00000E+00  0.00000E+00  0.00000E+00  0.00000E+00  0.00000E+00
   31636   3  0.00000E+00  0.00000E+00  0.00000E+00  0.00000E+00  0.00000E+00  0.00000E+00  0.00000E+00  0.00000E+00  0.00000E+00  0.00000E+00  0.00000E+00  0.00000E+00  0.00000E+00  0.00000E+00  0.00000E+00  0.00000E+00  0.00000E+00  0.00000E+00  0.00000E+00  0.00000E+00  0.00000E+00  0.00000E+00  0.00000E+00  0.00000E+00
   31636   2  0.00000E+00  0.00000E+00  0.00000E+00  0.00000E+00  0.00000E+00  0.00000E+00  0.00000E+00  0.00000E+00  0.00000E+00  0.00000E+00  0.00000E+00  0.00000E+00  0.00000E+00  0.00000E+00  0.00000E+00  0.00000E+00  0.00000E+00  0.00000E+00  0.00000E+00  0.00000E+00  0.00000E+00  0.00000E+00  0.00000E+00  0.00000E+00
   32694   3  0.00000E+00  0.00000E+00  0.00000E+00  0.00000E+00  0.00000E+00  0.00000E+00  0.00000E+00  0.00000E+00  0.00000E+00  0.00000E+00  0.00000E+00  0.00000E+00  0.00000E+00  0.00000E+00  0.00000E+00  0.00000E+00  0.00000E+00  0.00000E+00  0.00000E+00  0.00000E+00  0.00000E+00  0.00000E+00  0.00000E+00  0.00000E+00
   17888   3  0.00000E+00  0.00000E+00  0.00000E+00  0.00000E+00  0.00000E+00  0.00000E+00  0.00000E+00  0.00000E+00  0.00000E+00  0.00000E+00  0.00000E+00  0.00000E+00  0.00000E+00  0.00000E+00  0.00000E+00  0.00000E+00  0.00000E+00  0.00000E+00  0.00000E+00  0.00000E+00  0.00000E+00  0.00000E+00  0.00000E+00  0.00000E+00
   19303   4  4.12349E-05  4.12349E-05  4.12349E-05  4.12349E-05  4.12349E-05  4.12349E-05  4.12349E-05  4.12349E-05  4.12349E-05  4.12349E-05  4.12349E-05  4.12349E-05  4.12349E-05  4.12349E-05  4.12349E-05  4.12349E-05  4.12349E-05  4.12349E-05  4.12349E-05  4.12349E-05  4.12349E-05  4.12349E-05  4.12349E-05  4.12349E-05
   20352   4  1.22209E-01  1.22209E-01  1.22209E-01  1.22209E-01  1.22209E-01  1.22209E-01  1.22209E-01  1.22209E-01  1.22209E-01  1.22209E-01  1.22209E-01  1.22209E-01  1.22209E-01  1.22209E-01  1.22209E-01  1.22209E-01  1.22209E-01  1.22209E-01  1.22209E-01  1.22209E-01  1.22209E-01  1.22209E-01  1.22209E-01  1.22209E-01
   20352   7  1.00884E+01  1.00884E+01  1.00884E+01  1.00884E+01  1.00884E+01  1.00884E+01  1.00884E+01  1.00884E+01  1.00884E+01  1.00884E+01  1.00884E+01  1.00884E+01  1.00884E+01  1.00884E+01  1.00884E+01  1.00884E+01  1.00884E+01  1.00884E+01  1.00884E+01  1.00884E+01  1.00884E+01  1.00884E+01  1.00884E+01  1.00884E+01
   24938   4  3.30671E+00  3.30671E+00  3.30671E+00  3.30671E+00  3.30671E+00  3.30671E+00  3.30671E+00  3.30671E+00  3.30671E+00  3.30671E+00  3.30671E+00  3.30671E+00  3.30671E+00  3.30671E+00  3.30671E+00  3.30671E+00  3.30671E+00  3.30671E+00  3.30671E+00  3.30671E+00  3.30671E+00  3.30671E+00  3.30671E+00  3.30671E+00
   24938   3  3.48823E+01  3.48823E+01  3.48823E+01  3.48823E+01  3.48823E+01  3.48823E+01  3.48823E+01  3.48823E+01  3.48823E+01  3.48823E+01  3.48823E+01  3.48823E+01  3.48823E+01  3.48823E+01  3.48823E+01  3.48823E+01  3.48823E+01  3.48823E+01  3.48823E+01  3.48823E+01  3.48823E+01  3.48823E+01  3.48823E+01  3.48823E+01
   24938   2  1.52471E+01  1.52471E+01  1.52471E+01  1.52471E+01  1.52471E+01  1.52471E+01  1.52471E+01  1.52471E+01  1.52471E+01  1.52471E+01  1.52471E+01  1.52471E+01  1.52471E+01  1.52471E+01  1.52471E+01  1.52471E+01  1.52471E+01  1.52471E+01  1.52471E+01  1.52471E+01  1.52471E+01  1.52471E+01  1.52471E+01  1.52471E+01
   24938   7  3.87855E+01  3.87855E+01  3.87855E+01  3.87855E+01  3.87855E+01  3.87855E+01  3.87855E+01  3.87855E+01  3.87855E+01  3.87855E+01  3.87855E+01  3.87855E+01  3.87855E+01  3.87855E+01  3.87855E+01  3.87855E+01  3.87855E+01  3.87855E+01  3.87855E+01  3.87855E+01  3.87855E+01  3.87855E+01  3.87855E+01  3.87855E+01
   31639   3  0.00000E+00  0.00000E+00  0.00000E+00  0.00000E+00  0.00000E+00  0.00000E+00  0.00000E+00  0.00000E+00  0.00000E+00  0.00000E+00  0.00000E+00  0.00000E+00  0.00000E+00  0.00000E+00  0.00000E+00  0.00000E+00  0.00000E+00  0.00000E+00  0.00000E+00  0.00000E+00  0.00000E+00  0.00000E+00  0.00000E+00  0.00000E+00
   13317   4  1.47933E-02  1.47933E-02  1.47933E-02  1.47933E-02  1.47933E-02  1.47933E-02  1.47933E-02  1.47933E-02  1.47933E-02  1.47933E-02  1.47933E-02  1.47933E-02  1.47933E-02  1.47933E-02  1.47933E-02  1.47933E-02  1.47933E-02  1.47933E-02  1.47933E-02  1.47933E-02  1.47933E-02  1.47933E-02  1.47933E-02  1.47933E-02
   12967   4  2.10871E-03  2.10871E-03  2.10871E-03  2.10871E-03  2.10871E-03  2.10871E-03  2.10871E-03  2.10871E-03  2.10871E-03  2.10871E-03  2.10871E-03  2.10871E-03  2.10871E-03  2.10871E-03  2.10871E-03  2.10871E-03  2.10871E-03  2.10871E-03  2.10871E-03  2.10871E-03  2.10871E-03  2.10871E-03  2.10871E-03  2.10871E-03
   12967   3  0.00000E+00  0.00000E+00  0.00000E+00  0.00000E+00  0.00000E+00  0.00000E+00  0.00000E+00  0.00000E+00  0.00000E+00  0.00000E+00  0.00000E+00  0.00000E+00  0.00000E+00  8.31433E-03  8.31433E-03  8.31433E-03  8.31433E-03  8.31433E-03  8.31433E-03  8.31433E-03  8.31433E-03  0.00000E+00  0.00000E+00  0.00000E+00
   26700   3  2.07713E-02  2.07713E-02  2.07713E-02  2.07713E-02  2.07713E-02  2.07713E-02  2.07713E-02  2.07713E-02  2.07713E-02  2.07713E-02  2.07713E-02  2.07713E-02  2.07713E-02  2.07713E-02  2.07713E-02  2.07713E-02  2.07713E-02  2.07713E-02  2.07713E-02  2.07713E-02  2.07713E-02  2.07713E-02  2.07713E-02  2.07713E-02
   16475   3  0.00000E+00  0.00000E+00  0.00000E+00  0.00000E+00  0.00000E+00  0.00000E+00  0.00000E+00  0.00000E+00  0.00000E+00  0.00000E+00  0.00000E+00  0.00000E+00  0.00000E+00  0.00000E+00  0.00000E+00  0.00000E+00  0.00000E+00  0.00000E+00  0.00000E+00  0.00000E+00  0.00000E+00  0.00000E+00  0.00000E+00  0.00000E+00
   16475   2  0.00000E+00  0.00000E+00  0.00000E+00  0.00000E+00  0.00000E+00  0.00000E+00  0.00000E+00  0.00000E+00  0.00000E+00  0.00000E+00  0.00000E+00  0.00000E+00  0.00000E+00  0.00000E+00  0.00000E+00  0.00000E+00  0.00000E+00  0.00000E+00  0.00000E+00  0.00000E+00  0.00000E+00  0.00000E+00  0.00000E+00  0.00000E+00
   16481   3  1.65897E-01  1.65897E-01  1.65897E-01  1.65897E-01  1.65897E-01  0.00000E+00  0.00000E+00  0.00000E+00  0.00000E+00  0.00000E+00  0.00000E+00  0.00000E+00  0.00000E+00  1.65897E-01  1.65897E-01  1.65897E-01  1.65897E-01  1.65897E-01  1.65897E-01  1.65897E-01  1.65897E-01  1.65897E-01  1.65897E-01  1.65897E-01
   16481   7  2.45868E+01  2.45868E+01  2.45868E+01  2.45868E+01  2.45868E+01  2.45868E+01  2.45868E+01  2.45868E+01  2.45868E+01  2.45868E+01  2.45868E+01  2.45868E+01  2.45868E+01  2.45868E+01  2.45868E+01  2.45868E+01  2.45868E+01  2.45868E+01  2.45868E+01  2.45868E+01  2.45868E+01  2.45868E+01  2.45868E+01  2.45868E+01
   25290   6  6.27381E-02  6.27381E-02  6.27381E-02  6.27381E-02  6.27381E-02  6.27381E-02  6.27381E-02  6.27381E-02  6.27381E-02  6.27381E-02  6.27381E-02  6.27381E-02  6.27381E-02  6.27381E-02  6.27381E-02  6.27381E-02  6.27381E-02  6.27381E-02  6.27381E-02  6.27381E-02  6.27381E-02  6.27381E-02  6.27381E-02  6.27381E-02
   25290   3  1.66318E+00  1.63857E+00  1.54715E+00  1.39595E+00  1.23772E+00  1.04626E+00  9.68762E-01  9.30011E-01  9.17094E-01  9.42928E-01  1.02043E+00  1.14314E+00  1.30137E+00  1.39825E+00  1.47575E+00  1.54356E+00  1.56939E+00  1.59523E+00  1.60491E+00  1.61783E+00  1.61460E+00  1.60491E+00  1.57908E+00  1.54033E+00
   26704   4  7.22985E-04  7.22985E-04  7.22985E-04  7.22985E-04  7.22985E-04  7.22985E-04  7.22985E-04  7.22985E-04  7.22985E-04  7.22985E-04  7.22985E-04  7.22985E-04  7.22985E-04  7.22985E-04  7.22985E-04  7.22985E-04  7.22985E-04  7.22985E-04  7.22985E-04  7.22985E-04  7.22985E-04  7.22985E-04  7.22985E-04  7.22985E-04
   26704   2  1.45899E+01  1.43739E+01  1.35720E+01  1.22456E+01  1.08576E+01  9.17807E+00  8.49821E+00  8.15828E+00  8.04497E+00  8.27159E+00  8.95145E+00  1.00279E+01  1.14159E+01  1.22657E+01  1.29456E+01  1.35405E+01  1.37671E+01  1.39937E+01  1.40787E+01  1.41920E+01  1.41637E+01  1.40787E+01  1.38521E+01  1.35122E+01
   20009   2  0.00000E+00  0.00000E+00  0.00000E+00  0.00000E+00  0.00000E+00  0.00000E+00  0.00000E+00  0.00000E+00  0.00000E+00  0.00000E+00  0.00000E+00  0.00000E+00  0.00000E+00  0.00000E+00  0.00000E+00  0.00000E+00  0.00000E+00  0.00000E+00  0.00000E+00  0.00000E+00  0.00000E+00  0.00000E+00  0.00000E+00  0.00000E+00
   20362   3  0.00000E+00  0.00000E+00  0.00000E+00  0.00000E+00  0.00000E+00  0.00000E+00  0.00000E+00  0.00000E+00  0.00000E+00  0.00000E+00  0.00000E+00  0.00000E+00  0.00000E+00  0.00000E+00  0.00000E+00  0.00000E+00  0.00000E+00  0.00000E+00  0.00000E+00  0.00000E+00  0.00000E+00  0.00000E+00  0.00000E+00  0.00000E+00
   20362   2  0.00000E+00  0.00000E+00  0.00000E+00  0.00000E+00  0.00000E+00  0.00000E+00  0.00000E+00  0.00000E+00  0.00000E+00  0.00000E+00  0.00000E+00  0.00000E+00  0.00000E+00  0.00000E+00  0.00000E+00  0.00000E+00  0.00000E+00  0.00000E+00  0.00000E+00  0.00000E+00  0.00000E+00  0.00000E+00  0.00000E+00  0.00000E+00
   19305   3  2.73681E+00  2.73681E+00  2.73681E+00  2.73681E+00  2.73681E+00  2.73681E+00  2.73681E+00  2.73681E+00  2.73681E+00  2.73681E+00  2.73681E+00  2.73681E+00  2.73681E+00  2.73681E+00  2.73681E+00  2.73681E+00  2.73681E+00  2.73681E+00  2.73681E+00  2.73681E+00  2.73681E+00  2.73681E+00  2.73681E+00  2.73681E+00
   19305   4  6.82962E-01  6.82962E-01  6.82962E-01  6.82962E-01  6.82962E-01  6.82962E-01  6.82962E-01  6.82962E-01  6.82962E-01  6.82962E-01  6.82962E-01  6.82962E-01  6.82962E-01  6.82962E-01  6.82962E-01  6.82962E-01  6.82962E-01  6.82962E-01  6.82962E-01  6.82962E-01  6.82962E-01  6.82962E-01  6.82962E-01  6.82962E-01
   19305   5  8.82564E-01  8.82564E-01  8.82564E-01  8.82564E-01  8.82564E-01  8.82564E-01  8.82564E-01  8.82564E-01  8.82564E-01  8.82564E-01  8.82564E-01  8.82564E-01  8.82564E-01  8.82564E-01  8.82564E-01  8.82564E-01  8.82564E-01  8.82564E-01  8.82564E-01  8.82564E-01  8.82564E-01  8.82564E-01  8.82564E-01  8.82564E-01
   19306   3  3.58733E-02  3.58733E-02  3.58733E-02  3.58733E-02  3.58733E-02  0.00000E+00  0.00000E+00  0.00000E+00  0.00000E+00  0.00000E+00  0.00000E+00  0.00000E+00  0.00000E+00  3.58733E-02  3.58733E-02  3.58733E-02  3.58733E-02  3.58733E-02  3.58733E-02  3.58733E-02  3.58733E-02  3.58733E-02  3.58733E-02  3.58733E-02
   19306   7  4.17545E+01  4.17545E+01  4.17545E+01  4.17545E+01  4.17545E+01  4.17545E+01  4.17545E+01  4.17545E+01  4.17545E+01  4.17545E+01  4.17545E+01  4.17545E+01  4.17545E+01  4.17545E+01  4.17545E+01  4.17545E+01  4.17545E+01  4.17545E+01  4.17545E+01  4.17545E+01  4.17545E+01  4.17545E+01  4.17545E+01  4.17545E+01
   29869   3  0.00000E+00  0.00000E+00  0.00000E+00  0.00000E+00  0.00000E+00  0.00000E+00  0.00000E+00  0.00000E+00  0.00000E+00  0.00000E+00  0.00000E+00  0.00000E+00  0.00000E+00  0.00000E+00  0.00000E+00  0.00000E+00  0.00000E+00  0.00000E+00  0.00000E+00  0.00000E+00  0.00000E+00  0.00000E+00  0.00000E+00  0.00000E+00
   15423   5  1.25034E-02  1.25034E-02  1.25034E-02  1.25034E-02  1.25034E-02  1.25034E-02  1.25034E-02  1.25034E-02  1.25034E-02  1.25034E-02  1.25034E-02  1.25034E-02  1.25034E-02  1.25034E-02  1.25034E-02  1.25034E-02  1.25034E-02  1.25034E-02  1.25034E-02  1.25034E-02  1.25034E-02  1.25034E-02  1.25034E-02  1.25034E-02
   15071   2  0.00000E+00  0.00000E+00  0.00000E+00  0.00000E+00  0.00000E+00  0.00000E+00  0.00000E+00  0.00000E+00  0.00000E+00  0.00000E+00  0.00000E+00  0.00000E+00  0.00000E+00  0.00000E+00  0.00000E+00  0.00000E+00  0.00000E+00  0.00000E+00  0.00000E+00  0.00000E+00  0.00000E+00  0.00000E+00  0.00000E+00  0.00000E+00
   15423   3  8.58836E-01  8.58836E-01  8.58836E-01  8.58836E-01  8.58836E-01  8.58836E-01  8.58836E-01  8.58836E-01  8.58836E-01  8.58836E-01  8.58836E-01  8.58836E-01  8.58836E-01  8.58836E-01  8.58836E-01  8.58836E-01  8.58836E-01  8.58836E-01  8.58836E-01  8.58836E-01  8.58836E-01  8.58836E-01  8.58836E-01  8.58836E-01
   15423   2  0.00000E+00  0.00000E+00  0.00000E+00  0.00000E+00  0.00000E+00  0.00000E+00  0.00000E+00  0.00000E+00  0.00000E+00  0.00000E+00  0.00000E+00  0.00000E+00  0.00000E+00  0.00000E+00  0.00000E+00  0.00000E+00  0.00000E+00  0.00000E+00  0.00000E+00  0.00000E+00  0.00000E+00  0.00000E+00  0.00000E+00  0.00000E+00
   29174   3  0.00000E+00  0.00000E+00  0.00000E+00  0.00000E+00  0.00000E+00  0.00000E+00  0.00000E+00  0.00000E+00  0.00000E+00  0.00000E+00  0.00000E+00  0.00000E+00  0.00000E+00  0.00000E+00  0.00000E+00  0.00000E+00  0.00000E+00  0.00000E+00  0.00000E+00  0.00000E+00  0.00000E+00  0.00000E+00  0.00000E+00  0.00000E+00
   29174   2  0.00000E+00  0.00000E+00  0.00000E+00  0.00000E+00  0.00000E+00  0.00000E+00  0.00000E+00  0.00000E+00  0.00000E+00  0.00000E+00  0.00000E+00  0.00000E+00  0.00000E+00  0.00000E+00  0.00000E+00  0.00000E+00  0.00000E+00  0.00000E+00  0.00000E+00  0.00000E+00  0.00000E+00  0.00000E+00  0.00000E+00  0.00000E+00
   28558   3  1.61990E+00  1.60314E+00  1.54090E+00  1.43797E+00  1.33025E+00  1.16548E+00  1.11272E+00  1.08633E+00  1.07754E+00  1.09513E+00  1.14789E+00  1.23143E+00  1.33915E+00  1.43953E+00  1.49230E+00  1.53846E+00  1.55605E+00  1.57364E+00  1.58023E+00  1.58903E+00  1.58683E+00  1.58023E+00  1.56264E+00  1.53626E+00
   28558   4  3.37876E-01  3.37876E-01  3.37876E-01  3.37876E-01  3.37876E-01  3.37876E-01  3.37876E-01  3.37876E-01  3.37876E-01  3.37876E-01  3.37876E-01  3.37876E-01  3.37876E-01  3.37876E-01  3.37876E-01  3.37876E-01  3.37876E-01  3.37876E-01  3.37876E-01  3.37876E-01  3.37876E-01  3.37876E-01  3.37876E-01  3.37876E-01
   28558   2  5.05868E-01  5.05868E-01  5.05868E-01  5.05868E-01  5.05868E-01  5.05868E-01  5.05868E-01  5.05868E-01  5.05868E-01  5.05868E-01  5.05868E-01  5.05868E-01  5.05868E-01  5.05868E-01  5.05868E-01  5.05868E-01  5.05868E-01  5.05868E-01  5.05868E-01  5.05868E-01  5.05868E-01  5.05868E-01  5.05868E-01  5.05868E-01
   28911   3  0.00000E+00  0.00000E+00  0.00000E+00  0.00000E+00  0.00000E+00  0.00000E+00  0.00000E+00  0.00000E+00  0.00000E+00  0.00000E+00  0.00000E+00  0.00000E+00  0.00000E+00  0.00000E+00  0.00000E+00  0.00000E+00  0.00000E+00  0.00000E+00  0.00000E+00  0.00000E+00  0.00000E+00  0.00000E+00  0.00000E+00  0.00000E+00
   29621   4  1.94511E-02  1.94511E-02  1.94511E-02  1.94511E-02  1.94511E-02  1.94511E-02  1.94511E-02  1.94511E-02  1.94511E-02  1.94511E-02  1.94511E-02  1.94511E-02  1.94511E-02  1.94511E-02  1.94511E-02  1.94511E-02  1.94511E-02  1.94511E-02  1.94511E-02  1.94511E-02  1.94511E-02  1.94511E-02  1.94511E-02  1.94511E-02
   29616   7  2.24323E+02  2.24323E+02  2.24323E+02  2.24323E+02  2.24323E+02  2.24323E+02  2.24323E+02  2.24323E+02  2.24323E+02  2.24323E+02  2.24323E+02  2.24323E+02  2.24323E+02  2.24323E+02  2.24323E+02  2.24323E+02  2.24323E+02  2.24323E+02  2.24323E+02  2.24323E+02  2.24323E+02  2.24323E+02  2.24323E+02  2.24323E+02
   28204   3  1.48809E-02  1.48809E-02  1.48809E-02  1.48809E-02  1.48809E-02  0.00000E+00  0.00000E+00  0.00000E+00  0.00000E+00  0.00000E+00  0.00000E+00  0.00000E+00  0.00000E+00  1.48809E-02  1.48809E-02  1.48809E-02  1.48809E-02  1.48809E-02  1.48809E-02  1.48809E-02  1.48809E-02  1.48809E-02  1.48809E-02  1.48809E-02
   28204   4  5.33927E-02  5.33927E-02  5.33927E-02  5.33927E-02  5.33927E-02  5.33927E-02  5.33927E-02  5.33927E-02  5.33927E-02  5.33927E-02  5.33927E-02  5.33927E-02  5.33927E-02  5.33927E-02  5.33927E-02  5.33927E-02  5.33927E-02  5.33927E-02  5.33927E-02  5.33927E-02  5.33927E-02  5.33927E-02  5.33927E-02  5.33927E-02
   28204   7  1.33322E+02  1.33322E+02  1.33322E+02  1.33322E+02  1.33322E+02  1.33322E+02  1.33322E+02  1.33322E+02  1.33322E+02  1.33322E+02  1.33322E+02  1.33322E+02  1.33322E+02  1.33322E+02  1.33322E+02  1.33322E+02  1.33322E+02  1.33322E+02  1.33322E+02  1.33322E+02  1.33322E+02  1.33322E+02  1.33322E+02  1.33322E+02
   28221   3  1.14642E+00  1.12945E+00  1.06643E+00  9.62213E-01  8.53146E-01  7.21178E-01  6.67757E-01  6.41047E-01  6.32143E-01  6.49950E-01  7.03371E-01  7.87954E-01  8.97021E-01  9.63796E-01  1.01722E+00  1.06396E+00  1.08177E+00  1.09957E+00  1.10625E+00  1.11515E+00  1.11293E+00  1.10625E+00  1.08844E+00  1.06173E+00
   28221   2  2.67497E+00  2.63538E+00  2.48834E+00  2.24516E+00  1.99068E+00  1.68275E+00  1.55810E+00  1.49578E+00  1.47500E+00  1.51655E+00  1.64120E+00  1.83856E+00  2.09305E+00  2.24886E+00  2.37351E+00  2.48257E+00  2.52412E+00  2.56567E+00  2.58125E+00  2.60203E+00  2.59683E+00  2.58125E+00  2.53970E+00  2.47738E+00
   36171   3  3.34765E-03  3.34765E-03  3.34765E-03  3.34765E-03  3.34765E-03  3.34765E-03  3.34765E-03  3.34765E-03  3.34765E-03  3.34765E-03  3.34765E-03  3.34765E-03  3.34765E-03  3.34765E-03  3.34765E-03  3.34765E-03  3.34765E-03  3.34765E-03  3.34765E-03  3.34765E-03  3.34765E-03  3.34765E-03  3.34765E-03  3.34765E-03
   34059   3  7.91318E-04  7.91318E-04  7.91318E-04  7.91318E-04  7.91318E-04  7.91318E-04  7.91318E-04  7.91318E-04  7.91318E-04  7.91318E-04  7.91318E-04  7.91318E-04  7.91318E-04  7.91318E-04  7.91318E-04  7.91318E-04  7.91318E-04  7.91318E-04  7.91318E-04  7.91318E-04  7.91318E-04  7.91318E-04  7.91318E-04  7.91318E-04
   34059   7  1.02527E+01  1.02527E+01  1.02527E+01  1.02527E+01  1.02527E+01  1.02527E+01  1.02527E+01  1.02527E+01  1.02527E+01  1.02527E+01  1.02527E+01  1.02527E+01  1.02527E+01  1.02527E+01  1.02527E+01  1.02527E+01  1.02527E+01  1.02527E+01  1.02527E+01  1.02527E+01  1.02527E+01  1.02527E+01  1.02527E+01  1.02527E+01
   35117   4  0.00000E+00  0.00000E+00  0.00000E+00  0.00000E+00  0.00000E+00  0.00000E+00  0.00000E+00  0.00000E+00  0.00000E+00  0.00000E+00  0.00000E+00  0.00000E+00  0.00000E+00  0.00000E+00  0.00000E+00  0.00000E+00  0.00000E+00  0.00000E+00  0.00000E+00  0.00000E+00  0.00000E+00  0.00000E+00  0.00000E+00  0.00000E+00
   37574   3  1.28860E-03  1.28860E-03  1.28860E-03  1.28860E-03  1.28860E-03  1.28860E-03  1.28860E-03  1.28860E-03  1.28860E-03  1.28860E-03  1.28860E-03  1.28860E-03  1.28860E-03  1.28860E-03  1.28860E-03  1.28860E-03  1.28860E-03  1.28860E-03  1.28860E-03  1.28860E-03  1.28860E-03  1.28860E-03  1.28860E-03  1.28860E-03
   37927   3  2.04539E-04  2.04539E-04  2.04539E-04  2.04539E-04  2.04539E-04  2.04539E-04  2.04539E-04  2.04539E-04  2.04539E-04  2.04539E-04  2.04539E-04  2.04539E-04  2.04539E-04  2.04539E-04  2.04539E-04  2.04539E-04  2.04539E-04  2.04539E-04  2.04539E-04  2.04539E-04  2.04539E-04  2.04539E-04  2.04539E-04  2.04539E-04
   34411   3  4.00252E-04  4.00252E-04  4.00252E-04  4.00252E-04  4.00252E-04  4.00252E-04  4.00252E-04  4.00252E-04  4.00252E-04  4.00252E-04  4.00252E-04  4.00252E-04  4.00252E-04  4.00252E-04  4.00252E-04  4.00252E-04  4.00252E-04  4.00252E-04  4.00252E-04  4.00252E-04  4.00252E-04  4.00252E-04  4.00252E-04  4.00252E-04
   34765   3  5.44892E-05  5.44892E-05  5.44892E-05  5.44892E-05  5.44892E-05  5.44892E-05  5.44892E-05  5.44892E-05  5.44892E-05  5.44892E-05  5.44892E-05  5.44892E-05  5.44892E-05  5.44892E-05  5.44892E-05  5.44892E-05  5.44892E-05  5.44892E-05  5.44892E-05  5.44892E-05  5.44892E-05  5.44892E-05  5.44892E-05  5.44892E-05
