OLT ,RADM-2, Emissions
         909 ,2005-03-16_00:00:00,SAT
   47145   3  0.00000E+00  0.00000E+00  0.00000E+00  0.00000E+00  0.00000E+00  0.00000E+00  0.00000E+00  0.00000E+00  0.00000E+00  0.00000E+00  0.00000E+00  0.00000E+00  0.00000E+00  0.00000E+00  0.00000E+00  0.00000E+00  0.00000E+00  0.00000E+00  0.00000E+00  0.00000E+00  0.00000E+00  0.00000E+00  0.00000E+00  0.00000E+00
   46441   2  0.00000E+00  0.00000E+00  0.00000E+00  0.00000E+00  0.00000E+00  0.00000E+00  0.00000E+00  0.00000E+00  0.00000E+00  0.00000E+00  0.00000E+00  0.00000E+00  0.00000E+00  0.00000E+00  0.00000E+00  0.00000E+00  0.00000E+00  0.00000E+00  0.00000E+00  0.00000E+00  0.00000E+00  0.00000E+00  0.00000E+00  0.00000E+00
   46441   3  0.00000E+00  0.00000E+00  0.00000E+00  0.00000E+00  0.00000E+00  0.00000E+00  0.00000E+00  0.00000E+00  0.00000E+00  0.00000E+00  0.00000E+00  0.00000E+00  0.00000E+00  0.00000E+00  0.00000E+00  0.00000E+00  0.00000E+00  0.00000E+00  0.00000E+00  0.00000E+00  0.00000E+00  0.00000E+00  0.00000E+00  0.00000E+00
   76270   4  2.43856E+02  2.43856E+02  2.43856E+02  2.43856E+02  2.43856E+02  2.43856E+02  2.43856E+02  2.43856E+02  2.43856E+02  2.43856E+02  2.43856E+02  2.43856E+02  2.43856E+02  2.43856E+02  2.43856E+02  2.43856E+02  2.43856E+02  2.43856E+02  2.43856E+02  2.43856E+02  2.43856E+02  2.43856E+02  2.43856E+02  2.43856E+02
   76270   3  0.00000E+00  0.00000E+00  0.00000E+00  0.00000E+00  0.00000E+00  0.00000E+00  0.00000E+00  0.00000E+00  0.00000E+00  0.00000E+00  0.00000E+00  0.00000E+00  0.00000E+00  0.00000E+00  0.00000E+00  0.00000E+00  0.00000E+00  0.00000E+00  0.00000E+00  0.00000E+00  0.00000E+00  0.00000E+00  0.00000E+00  0.00000E+00
   76270   7  9.14041E+00  9.14041E+00  9.14041E+00  9.14041E+00  9.14041E+00  9.14041E+00  9.14041E+00  9.14041E+00  9.14041E+00  9.14041E+00  9.14041E+00  9.14041E+00  9.14041E+00  9.14041E+00  9.14041E+00  9.14041E+00  9.14041E+00  9.14041E+00  9.14041E+00  9.14041E+00  9.14041E+00  9.14041E+00  9.14041E+00  9.14041E+00
   79107   3  9.46055E+00  9.46055E+00  9.46055E+00  9.46055E+00  9.46055E+00  9.46055E+00  9.46055E+00  9.46055E+00  9.46055E+00  9.46055E+00  9.46055E+00  9.46055E+00  9.46055E+00  9.46055E+00  9.46055E+00  9.46055E+00  9.46055E+00  9.46055E+00  9.46055E+00  9.46055E+00  9.46055E+00  9.46055E+00  9.46055E+00  9.46055E+00
   79108   3  0.00000E+00  0.00000E+00  0.00000E+00  0.00000E+00  0.00000E+00  0.00000E+00  0.00000E+00  0.00000E+00  0.00000E+00  0.00000E+00  0.00000E+00  0.00000E+00  0.00000E+00  0.00000E+00  0.00000E+00  0.00000E+00  0.00000E+00  0.00000E+00  0.00000E+00  0.00000E+00  0.00000E+00  0.00000E+00  0.00000E+00  0.00000E+00
   72399   3  3.84485E-03  3.84485E-03  3.84485E-03  3.84485E-03  3.84485E-03  3.84485E-03  3.84485E-03  3.84485E-03  3.84485E-03  3.84485E-03  3.84485E-03  3.84485E-03  3.84485E-03  3.84485E-03  3.84485E-03  3.84485E-03  3.84485E-03  3.84485E-03  3.84485E-03  3.84485E-03  3.84485E-03  3.84485E-03  3.84485E-03  3.84485E-03
   79107   4  8.53612E-01  8.53612E-01  8.53612E-01  8.53612E-01  8.53612E-01  8.53612E-01  8.53612E-01  8.53612E-01  8.53612E-01  8.53612E-01  8.53612E-01  8.53612E-01  8.53612E-01  8.53612E-01  8.53612E-01  8.53612E-01  8.53612E-01  8.53612E-01  8.53612E-01  8.53612E-01  8.53612E-01  8.53612E-01  8.53612E-01  8.53612E-01
   79106   4  1.31300E+00  1.31300E+00  1.31300E+00  1.31300E+00  1.31300E+00  1.31300E+00  1.31300E+00  1.31300E+00  1.31300E+00  1.31300E+00  1.31300E+00  1.31300E+00  1.31300E+00  1.31300E+00  1.31300E+00  1.31300E+00  1.31300E+00  1.31300E+00  1.31300E+00  1.31300E+00  1.31300E+00  1.31300E+00  1.31300E+00  1.31300E+00
   78754   3  3.49556E-04  3.49556E-04  3.49556E-04  3.49556E-04  3.49556E-04  3.49556E-04  3.49556E-04  3.49556E-04  3.49556E-04  3.49556E-04  3.49556E-04  3.49556E-04  3.49556E-04  3.49556E-04  3.49556E-04  3.49556E-04  3.49556E-04  3.49556E-04  3.49556E-04  3.49556E-04  3.49556E-04  3.49556E-04  3.49556E-04  3.49556E-04
   78754   4  7.49521E+00  7.49521E+00  7.49521E+00  7.49521E+00  7.49521E+00  7.49521E+00  7.49521E+00  7.49521E+00  7.49521E+00  7.49521E+00  7.49521E+00  7.49521E+00  7.49521E+00  7.49521E+00  7.49521E+00  7.49521E+00  7.49521E+00  7.49521E+00  7.49521E+00  7.49521E+00  7.49521E+00  7.49521E+00  7.49521E+00  7.49521E+00
   78755   3  0.00000E+00  0.00000E+00  0.00000E+00  0.00000E+00  0.00000E+00  0.00000E+00  0.00000E+00  0.00000E+00  0.00000E+00  0.00000E+00  0.00000E+00  0.00000E+00  0.00000E+00  0.00000E+00  0.00000E+00  0.00000E+00  0.00000E+00  0.00000E+00  0.00000E+00  0.00000E+00  0.00000E+00  0.00000E+00  0.00000E+00  0.00000E+00
   79107   7  2.25952E-01  2.25952E-01  2.25952E-01  2.25952E-01  2.25952E-01  2.25952E-01  2.25952E-01  2.25952E-01  2.25952E-01  2.25952E-01  2.25952E-01  2.25952E-01  2.25952E-01  2.25952E-01  2.25952E-01  1.48841E+01  1.48841E+01  1.48841E+01  1.48841E+01  1.48841E+01  1.48841E+01  1.48841E+01  1.48841E+01  2.25952E-01
   78738   4  0.00000E+00  0.00000E+00  0.00000E+00  0.00000E+00  0.00000E+00  0.00000E+00  0.00000E+00  0.00000E+00  0.00000E+00  0.00000E+00  0.00000E+00  0.00000E+00  0.00000E+00  0.00000E+00  0.00000E+00  0.00000E+00  0.00000E+00  0.00000E+00  0.00000E+00  0.00000E+00  0.00000E+00  0.00000E+00  0.00000E+00  0.00000E+00
   78383   3  2.49837E+00  2.46140E+00  2.32407E+00  2.09694E+00  1.85925E+00  1.57165E+00  1.45524E+00  1.39703E+00  1.37762E+00  1.41643E+00  1.53285E+00  1.71718E+00  1.95487E+00  2.10039E+00  2.21681E+00  2.31868E+00  2.35748E+00  2.39629E+00  2.41084E+00  2.43024E+00  2.42539E+00  2.41084E+00  2.37203E+00  2.31382E+00
   78383   2  8.32790E-01  8.20466E-01  7.74688E-01  6.98980E-01  6.19751E-01  5.23885E-01  4.85079E-01  4.65675E-01  4.59208E-01  4.72143E-01  5.10949E-01  5.72393E-01  6.51622E-01  7.00130E-01  7.38936E-01  7.72892E-01  7.85827E-01  7.98763E-01  8.03613E-01  8.10081E-01  8.08464E-01  8.03613E-01  7.90678E-01  7.71275E-01
   78383   6  0.00000E+00  0.00000E+00  0.00000E+00  0.00000E+00  0.00000E+00  0.00000E+00  0.00000E+00  0.00000E+00  0.00000E+00  0.00000E+00  0.00000E+00  0.00000E+00  0.00000E+00  0.00000E+00  0.00000E+00  0.00000E+00  0.00000E+00  0.00000E+00  0.00000E+00  0.00000E+00  0.00000E+00  0.00000E+00  0.00000E+00  0.00000E+00
   78032   5  1.20934E+00  1.20934E+00  1.20934E+00  1.20934E+00  1.20934E+00  1.20934E+00  1.20934E+00  1.20934E+00  1.20934E+00  1.20934E+00  1.20934E+00  1.20934E+00  1.20934E+00  1.20934E+00  1.20934E+00  1.20934E+00  1.20934E+00  1.20934E+00  1.20934E+00  1.20934E+00  1.20934E+00  1.20934E+00  1.20934E+00  1.20934E+00
   51367   3  4.93610E-03  4.93610E-03  4.93610E-03  4.93610E-03  4.93610E-03  4.93610E-03  4.93610E-03  4.93610E-03  4.93610E-03  4.93610E-03  4.93610E-03  4.93610E-03  4.93610E-03  4.93610E-03  4.93610E-03  4.93610E-03  4.93610E-03  4.93610E-03  4.93610E-03  4.93610E-03  4.93610E-03  4.93610E-03  4.93610E-03  4.93610E-03
   52419   3  0.00000E+00  0.00000E+00  0.00000E+00  0.00000E+00  0.00000E+00  0.00000E+00  0.00000E+00  0.00000E+00  0.00000E+00  0.00000E+00  0.00000E+00  0.00000E+00  0.00000E+00  0.00000E+00  0.00000E+00  0.00000E+00  0.00000E+00  0.00000E+00  0.00000E+00  0.00000E+00  0.00000E+00  0.00000E+00  0.00000E+00  0.00000E+00
   47111   3  0.00000E+00  0.00000E+00  0.00000E+00  0.00000E+00  0.00000E+00  0.00000E+00  0.00000E+00  0.00000E+00  0.00000E+00  0.00000E+00  0.00000E+00  0.00000E+00  0.00000E+00  0.00000E+00  0.00000E+00  0.00000E+00  0.00000E+00  0.00000E+00  0.00000E+00  0.00000E+00  0.00000E+00  0.00000E+00  0.00000E+00  0.00000E+00
   52073   4  5.80718E-02  5.80718E-02  5.80718E-02  5.80718E-02  5.80718E-02  5.80718E-02  5.80718E-02  5.80718E-02  5.80718E-02  5.80718E-02  5.80718E-02  5.80718E-02  5.80718E-02  5.80718E-02  5.80718E-02  5.80718E-02  5.80718E-02  5.80718E-02  5.80718E-02  5.80718E-02  5.80718E-02  5.80718E-02  5.80718E-02  5.80718E-02
   52073   3  0.00000E+00  0.00000E+00  0.00000E+00  0.00000E+00  0.00000E+00  0.00000E+00  0.00000E+00  0.00000E+00  0.00000E+00  0.00000E+00  0.00000E+00  0.00000E+00  0.00000E+00  2.41247E+00  2.41247E+00  2.41247E+00  2.41247E+00  2.41247E+00  2.41247E+00  2.41247E+00  2.41247E+00  0.00000E+00  0.00000E+00  0.00000E+00
   52073   1  0.00000E+00  0.00000E+00  0.00000E+00  0.00000E+00  0.00000E+00  0.00000E+00  0.00000E+00  0.00000E+00  0.00000E+00  0.00000E+00  0.00000E+00  0.00000E+00  0.00000E+00  0.00000E+00  0.00000E+00  0.00000E+00  0.00000E+00  0.00000E+00  0.00000E+00  0.00000E+00  0.00000E+00  0.00000E+00  0.00000E+00  0.00000E+00
   52073   2  1.10281E+02  1.10281E+02  1.10281E+02  1.10281E+02  1.10281E+02  1.10281E+02  1.10281E+02  1.10281E+02  1.10281E+02  1.10281E+02  1.10281E+02  1.10281E+02  1.10281E+02  1.10281E+02  1.10281E+02  1.10281E+02  1.10281E+02  1.10281E+02  1.10281E+02  1.10281E+02  1.10281E+02  1.10281E+02  1.10281E+02  1.10281E+02
   52076   7  2.05313E+00  2.05313E+00  2.05313E+00  2.05313E+00  2.05313E+00  2.05313E+00  2.05313E+00  2.05313E+00  2.05313E+00  2.05313E+00  2.05313E+00  2.05313E+00  2.05313E+00  2.05313E+00  2.05313E+00  2.05313E+00  2.05313E+00  2.05313E+00  2.05313E+00  2.05313E+00  2.05313E+00  2.05313E+00  2.05313E+00  2.05313E+00
   56308   3  0.00000E+00  0.00000E+00  0.00000E+00  0.00000E+00  0.00000E+00  0.00000E+00  0.00000E+00  0.00000E+00  0.00000E+00  0.00000E+00  0.00000E+00  0.00000E+00  0.00000E+00  0.00000E+00  0.00000E+00  0.00000E+00  0.00000E+00  0.00000E+00  0.00000E+00  0.00000E+00  0.00000E+00  0.00000E+00  0.00000E+00  0.00000E+00
   57719   2  3.43363E-04  3.43363E-04  3.43363E-04  3.43363E-04  3.43363E-04  3.43363E-04  3.43363E-04  3.43363E-04  3.43363E-04  3.43363E-04  3.43363E-04  3.43363E-04  3.43363E-04  3.43363E-04  3.43363E-04  3.43363E-04  3.43363E-04  3.43363E-04  3.43363E-04  3.43363E-04  3.43363E-04  3.43363E-04  3.43363E-04  3.43363E-04
   58787   3  0.00000E+00  0.00000E+00  0.00000E+00  0.00000E+00  0.00000E+00  0.00000E+00  0.00000E+00  0.00000E+00  0.00000E+00  0.00000E+00  0.00000E+00  0.00000E+00  0.00000E+00  0.00000E+00  0.00000E+00  0.00000E+00  0.00000E+00  0.00000E+00  0.00000E+00  0.00000E+00  0.00000E+00  0.00000E+00  0.00000E+00  0.00000E+00
   58787   2  8.54967E+00  8.42314E+00  7.95318E+00  7.17594E+00  6.36254E+00  5.37836E+00  4.97996E+00  4.78076E+00  4.71436E+00  4.84716E+00  5.24556E+00  5.87635E+00  6.68975E+00  7.18774E+00  7.58614E+00  7.93473E+00  8.06753E+00  8.20033E+00  8.25013E+00  8.31653E+00  8.29993E+00  8.25013E+00  8.11733E+00  7.91813E+00
   52405   4  0.00000E+00  0.00000E+00  0.00000E+00  0.00000E+00  0.00000E+00  0.00000E+00  0.00000E+00  0.00000E+00  0.00000E+00  0.00000E+00  0.00000E+00  0.00000E+00  0.00000E+00  0.00000E+00  0.00000E+00  0.00000E+00  0.00000E+00  0.00000E+00  0.00000E+00  0.00000E+00  0.00000E+00  0.00000E+00  0.00000E+00  0.00000E+00
   53828   3  0.00000E+00  0.00000E+00  0.00000E+00  0.00000E+00  0.00000E+00  0.00000E+00  0.00000E+00  0.00000E+00  0.00000E+00  0.00000E+00  0.00000E+00  0.00000E+00  0.00000E+00  0.00000E+00  0.00000E+00  0.00000E+00  0.00000E+00  0.00000E+00  0.00000E+00  0.00000E+00  0.00000E+00  0.00000E+00  0.00000E+00  0.00000E+00
   59849   3  1.35950E-01  1.35950E-01  1.35950E-01  1.35950E-01  1.35950E-01  1.35950E-01  1.35950E-01  1.35950E-01  1.35950E-01  1.35950E-01  1.35950E-01  1.35950E-01  1.35950E-01  1.35950E-01  1.35950E-01  1.35950E-01  1.35950E-01  1.35950E-01  1.35950E-01  1.35950E-01  1.35950E-01  1.35950E-01  1.35950E-01  1.35950E-01
   59849   4  5.10160E-01  5.10160E-01  5.10160E-01  5.10160E-01  5.10160E-01  5.10160E-01  5.10160E-01  5.10160E-01  5.10160E-01  5.10160E-01  5.10160E-01  5.10160E-01  5.10160E-01  5.10160E-01  5.10160E-01  5.10160E-01  5.10160E-01  5.10160E-01  5.10160E-01  5.10160E-01  5.10160E-01  5.10160E-01  5.10160E-01  5.10160E-01
   46431   3  0.00000E+00  0.00000E+00  0.00000E+00  0.00000E+00  0.00000E+00  0.00000E+00  0.00000E+00  0.00000E+00  0.00000E+00  0.00000E+00  0.00000E+00  0.00000E+00  0.00000E+00  0.00000E+00  0.00000E+00  0.00000E+00  0.00000E+00  0.00000E+00  0.00000E+00  0.00000E+00  0.00000E+00  0.00000E+00  0.00000E+00  0.00000E+00
   46078   4  1.77162E-01  1.77162E-01  1.77162E-01  1.77162E-01  1.77162E-01  1.77162E-01  1.77162E-01  1.77162E-01  1.77162E-01  1.77162E-01  1.77162E-01  1.77162E-01  1.77162E-01  1.77162E-01  1.77162E-01  1.77162E-01  1.77162E-01  1.77162E-01  1.77162E-01  1.77162E-01  1.77162E-01  1.77162E-01  1.77162E-01  1.77162E-01
   46078   3  0.00000E+00  0.00000E+00  0.00000E+00  0.00000E+00  0.00000E+00  0.00000E+00  0.00000E+00  0.00000E+00  0.00000E+00  0.00000E+00  0.00000E+00  0.00000E+00  0.00000E+00  0.00000E+00  0.00000E+00  0.00000E+00  0.00000E+00  0.00000E+00  0.00000E+00  0.00000E+00  0.00000E+00  0.00000E+00  0.00000E+00  0.00000E+00
   46078   7  0.00000E+00  0.00000E+00  0.00000E+00  0.00000E+00  0.00000E+00  0.00000E+00  0.00000E+00  0.00000E+00  0.00000E+00  0.00000E+00  0.00000E+00  0.00000E+00  0.00000E+00  3.93401E+01  3.93401E+01  3.93401E+01  3.93401E+01  3.93401E+01  3.93401E+01  3.93401E+01  3.93401E+01  0.00000E+00  0.00000E+00  0.00000E+00
   47835   2  3.19361E+00  3.19361E+00  3.19361E+00  3.19361E+00  3.19361E+00  3.19361E+00  3.19361E+00  3.19361E+00  3.19361E+00  3.19361E+00  3.19361E+00  3.19361E+00  3.19361E+00  3.19361E+00  3.19361E+00  3.19361E+00  3.19361E+00  3.19361E+00  3.19361E+00  3.19361E+00  3.19361E+00  3.19361E+00  3.19361E+00  3.19361E+00
   47835   8  1.07757E-01  1.07757E-01  1.07757E-01  1.07757E-01  1.07757E-01  1.07757E-01  1.07757E-01  1.07757E-01  1.07757E-01  1.07757E-01  1.07757E-01  1.07757E-01  1.07757E-01  1.07757E-01  1.07757E-01  1.07757E-01  1.07757E-01  1.07757E-01  1.07757E-01  1.07757E-01  1.07757E-01  1.07757E-01  1.07757E-01  1.07757E-01
   47835   3  5.60393E-02  5.60393E-02  5.60393E-02  5.60393E-02  5.60393E-02  5.60393E-02  5.60393E-02  5.60393E-02  5.60393E-02  5.60393E-02  5.60393E-02  5.60393E-02  5.60393E-02  5.60393E-02  5.60393E-02  5.60393E-02  5.60393E-02  5.60393E-02  5.60393E-02  5.60393E-02  5.60393E-02  5.60393E-02  5.60393E-02  5.60393E-02
   56665   7  1.97156E+00  1.97156E+00  1.97156E+00  1.97156E+00  1.97156E+00  1.97156E+00  1.97156E+00  1.97156E+00  1.97156E+00  1.97156E+00  1.97156E+00  1.97156E+00  1.97156E+00  1.97156E+00  1.97156E+00  1.97156E+00  1.97156E+00  1.97156E+00  1.97156E+00  1.97156E+00  1.97156E+00  1.97156E+00  1.97156E+00  1.97156E+00
   45724   4  4.96705E-01  4.96705E-01  4.96705E-01  4.96705E-01  4.96705E-01  4.96705E-01  4.96705E-01  4.96705E-01  4.96705E-01  4.96705E-01  4.96705E-01  4.96705E-01  4.96705E-01  4.96705E-01  4.96705E-01  4.96705E-01  4.96705E-01  4.96705E-01  4.96705E-01  4.96705E-01  4.96705E-01  4.96705E-01  4.96705E-01  4.96705E-01
   45724   3  1.46580E-03  1.46580E-03  1.46580E-03  1.46580E-03  1.46580E-03  1.46580E-03  1.46580E-03  1.46580E-03  1.46580E-03  1.46580E-03  1.46580E-03  1.46580E-03  1.46580E-03  1.46580E-03  1.46580E-03  1.46580E-03  1.46580E-03  1.46580E-03  1.46580E-03  1.46580E-03  1.46580E-03  1.46580E-03  1.46580E-03  1.46580E-03
   44664   7  0.00000E+00  0.00000E+00  0.00000E+00  0.00000E+00  0.00000E+00  0.00000E+00  0.00000E+00  0.00000E+00  0.00000E+00  0.00000E+00  0.00000E+00  0.00000E+00  0.00000E+00  2.84305E-01  2.84305E-01  2.84305E-01  2.84305E-01  2.84305E-01  2.84305E-01  2.84305E-01  2.84305E-01  0.00000E+00  0.00000E+00  0.00000E+00
   45724   7  2.66605E+00  2.66605E+00  2.66605E+00  2.66605E+00  2.66605E+00  2.66605E+00  2.66605E+00  2.66605E+00  2.66605E+00  2.66605E+00  2.66605E+00  2.66605E+00  2.66605E+00  2.66605E+00  2.66605E+00  2.66605E+00  2.66605E+00  2.66605E+00  2.66605E+00  2.66605E+00  2.66605E+00  2.66605E+00  2.66605E+00  2.66605E+00
   56311   3  3.54005E+00  3.54005E+00  3.54005E+00  3.54005E+00  3.54005E+00  3.54005E+00  3.54005E+00  3.54005E+00  3.54005E+00  3.54005E+00  3.54005E+00  3.54005E+00  3.54005E+00  3.54005E+00  3.54005E+00  3.54005E+00  3.54005E+00  3.54005E+00  3.54005E+00  3.54005E+00  3.54005E+00  3.54005E+00  3.54005E+00  3.54005E+00
   46050   3  1.39637E+00  1.39637E+00  1.39637E+00  1.39637E+00  1.39637E+00  1.39637E+00  1.39637E+00  1.39637E+00  1.39637E+00  1.39637E+00  1.39637E+00  1.39637E+00  1.39637E+00  1.39637E+00  1.39637E+00  1.39637E+00  1.39637E+00  1.39637E+00  1.39637E+00  1.39637E+00  1.39637E+00  1.39637E+00  1.39637E+00  1.39637E+00
   46050   4  2.99338E-01  2.99338E-01  2.99338E-01  2.99338E-01  2.99338E-01  2.99338E-01  2.99338E-01  2.99338E-01  2.99338E-01  2.99338E-01  2.99338E-01  2.99338E-01  2.99338E-01  2.99338E-01  2.99338E-01  2.99338E-01  2.99338E-01  2.99338E-01  2.99338E-01  2.99338E-01  2.99338E-01  2.99338E-01  2.99338E-01  2.99338E-01
   46050   2  0.00000E+00  0.00000E+00  0.00000E+00  0.00000E+00  0.00000E+00  0.00000E+00  0.00000E+00  0.00000E+00  0.00000E+00  0.00000E+00  0.00000E+00  0.00000E+00  0.00000E+00  0.00000E+00  0.00000E+00  0.00000E+00  0.00000E+00  0.00000E+00  0.00000E+00  0.00000E+00  0.00000E+00  0.00000E+00  0.00000E+00  0.00000E+00
   46051   4  0.00000E+00  0.00000E+00  0.00000E+00  0.00000E+00  0.00000E+00  0.00000E+00  0.00000E+00  0.00000E+00  0.00000E+00  0.00000E+00  0.00000E+00  0.00000E+00  0.00000E+00  0.00000E+00  0.00000E+00  0.00000E+00  0.00000E+00  0.00000E+00  0.00000E+00  0.00000E+00  0.00000E+00  0.00000E+00  0.00000E+00  0.00000E+00
   71070   3  0.00000E+00  0.00000E+00  0.00000E+00  0.00000E+00  0.00000E+00  0.00000E+00  0.00000E+00  0.00000E+00  0.00000E+00  0.00000E+00  0.00000E+00  0.00000E+00  0.00000E+00  0.00000E+00  0.00000E+00  0.00000E+00  0.00000E+00  0.00000E+00  0.00000E+00  0.00000E+00  0.00000E+00  0.00000E+00  0.00000E+00  0.00000E+00
   55562   4  0.00000E+00  0.00000E+00  0.00000E+00  0.00000E+00  0.00000E+00  0.00000E+00  0.00000E+00  0.00000E+00  0.00000E+00  0.00000E+00  0.00000E+00  0.00000E+00  0.00000E+00  0.00000E+00  0.00000E+00  0.00000E+00  0.00000E+00  0.00000E+00  0.00000E+00  0.00000E+00  0.00000E+00  0.00000E+00  0.00000E+00  0.00000E+00
   59075   4  0.00000E+00  0.00000E+00  0.00000E+00  0.00000E+00  0.00000E+00  0.00000E+00  0.00000E+00  0.00000E+00  0.00000E+00  0.00000E+00  0.00000E+00  0.00000E+00  0.00000E+00  0.00000E+00  0.00000E+00  0.00000E+00  0.00000E+00  0.00000E+00  0.00000E+00  0.00000E+00  0.00000E+00  0.00000E+00  0.00000E+00  0.00000E+00
   57669   3  0.00000E+00  0.00000E+00  0.00000E+00  0.00000E+00  0.00000E+00  0.00000E+00  0.00000E+00  0.00000E+00  0.00000E+00  0.00000E+00  0.00000E+00  0.00000E+00  0.00000E+00  0.00000E+00  0.00000E+00  0.00000E+00  0.00000E+00  0.00000E+00  0.00000E+00  0.00000E+00  0.00000E+00  0.00000E+00  0.00000E+00  0.00000E+00
   59789   3  2.74691E-03  2.74691E-03  2.74691E-03  2.74691E-03  2.74691E-03  2.74691E-03  2.74691E-03  2.74691E-03  2.74691E-03  2.74691E-03  2.74691E-03  2.74691E-03  2.74691E-03  2.74691E-03  2.74691E-03  2.74691E-03  2.74691E-03  2.74691E-03  2.74691E-03  2.74691E-03  2.74691E-03  2.74691E-03  2.74691E-03  2.74691E-03
   59789   4  4.77060E-01  4.77060E-01  4.77060E-01  4.77060E-01  4.77060E-01  4.77060E-01  4.77060E-01  4.77060E-01  4.77060E-01  4.77060E-01  4.77060E-01  4.77060E-01  4.77060E-01  4.77060E-01  4.77060E-01  4.77060E-01  4.77060E-01  4.77060E-01  4.77060E-01  4.77060E-01  4.77060E-01  4.77060E-01  4.77060E-01  4.77060E-01
   59437   5  2.95281E-01  2.95281E-01  2.95281E-01  2.95281E-01  2.95281E-01  2.95281E-01  2.95281E-01  2.95281E-01  2.95281E-01  2.95281E-01  2.95281E-01  2.95281E-01  2.95281E-01  2.95281E-01  2.95281E-01  2.95281E-01  2.95281E-01  2.95281E-01  2.95281E-01  2.95281E-01  2.95281E-01  2.95281E-01  2.95281E-01  2.95281E-01
   57677   2  1.89500E+01  1.87911E+01  1.85130E+01  1.74801E+01  1.57718E+01  1.39841E+01  1.18210E+01  1.09453E+01  1.05075E+01  1.03616E+01  1.06535E+01  1.15291E+01  1.29155E+01  1.47033E+01  1.57978E+01  1.66734E+01  1.74396E+01  1.77315E+01  1.80233E+01  1.81328E+01  1.82787E+01  1.82422E+01  1.81328E+01  1.78409E+01
   57677   4  0.00000E+00  0.00000E+00  0.00000E+00  0.00000E+00  0.00000E+00  0.00000E+00  0.00000E+00  0.00000E+00  0.00000E+00  0.00000E+00  0.00000E+00  0.00000E+00  0.00000E+00  0.00000E+00  0.00000E+00  0.00000E+00  0.00000E+00  0.00000E+00  0.00000E+00  0.00000E+00  0.00000E+00  0.00000E+00  0.00000E+00  0.00000E+00
   57677   3  0.00000E+00  0.00000E+00  0.00000E+00  0.00000E+00  0.00000E+00  0.00000E+00  0.00000E+00  0.00000E+00  0.00000E+00  0.00000E+00  0.00000E+00  0.00000E+00  0.00000E+00  0.00000E+00  0.00000E+00  0.00000E+00  0.00000E+00  0.00000E+00  0.00000E+00  0.00000E+00  0.00000E+00  0.00000E+00  0.00000E+00  0.00000E+00
   52380   7  1.12683E+00  1.12683E+00  1.12683E+00  1.12683E+00  1.12683E+00  1.12683E+00  1.12683E+00  1.12683E+00  1.12683E+00  1.12683E+00  1.12683E+00  1.12683E+00  1.12683E+00  1.12683E+00  1.12683E+00  1.12683E+00  1.12683E+00  1.12683E+00  1.12683E+00  1.12683E+00  1.12683E+00  1.12683E+00  1.12683E+00  1.12683E+00
   52380   3  0.00000E+00  0.00000E+00  0.00000E+00  0.00000E+00  0.00000E+00  0.00000E+00  0.00000E+00  0.00000E+00  0.00000E+00  0.00000E+00  0.00000E+00  0.00000E+00  0.00000E+00  0.00000E+00  0.00000E+00  0.00000E+00  0.00000E+00  0.00000E+00  0.00000E+00  0.00000E+00  0.00000E+00  0.00000E+00  0.00000E+00  0.00000E+00
   73199   3  3.28540E-01  3.28540E-01  3.28540E-01  3.28540E-01  3.28540E-01  3.28540E-01  3.28540E-01  3.28540E-01  3.28540E-01  3.28540E-01  3.28540E-01  3.28540E-01  3.28540E-01  3.28540E-01  3.28540E-01  3.28540E-01  3.28540E-01  3.28540E-01  3.28540E-01  3.28540E-01  3.28540E-01  3.28540E-01  3.28540E-01  3.28540E-01
   71434   3  1.70398E+00  1.68969E+00  1.66469E+00  1.57181E+00  1.41820E+00  1.25745E+00  1.06294E+00  9.84202E-01  9.44834E-01  9.31712E-01  9.57957E-01  1.03669E+00  1.16136E+00  1.32211E+00  1.42053E+00  1.49927E+00  1.56816E+00  1.59441E+00  1.62065E+00  1.63050E+00  1.64362E+00  1.64034E+00  1.63050E+00  1.60425E+00
   71434   2  1.14647E+00  1.14647E+00  1.14647E+00  1.14647E+00  1.14647E+00  1.14647E+00  1.14647E+00  1.14647E+00  1.14647E+00  1.14647E+00  1.14647E+00  1.14647E+00  1.14647E+00  1.14647E+00  1.14647E+00  1.14647E+00  1.14647E+00  1.14647E+00  1.14647E+00  1.14647E+00  1.14647E+00  1.14647E+00  1.14647E+00  1.14647E+00
   73199   2  0.00000E+00  0.00000E+00  0.00000E+00  0.00000E+00  0.00000E+00  0.00000E+00  0.00000E+00  0.00000E+00  0.00000E+00  0.00000E+00  0.00000E+00  0.00000E+00  0.00000E+00  0.00000E+00  0.00000E+00  0.00000E+00  0.00000E+00  0.00000E+00  0.00000E+00  0.00000E+00  0.00000E+00  0.00000E+00  0.00000E+00  0.00000E+00
   73199   4  2.71098E+01  2.71098E+01  2.71098E+01  2.71098E+01  2.71098E+01  2.71098E+01  2.71098E+01  2.71098E+01  2.71098E+01  2.71098E+01  2.71098E+01  2.71098E+01  2.71098E+01  2.71098E+01  2.71098E+01  2.71098E+01  2.71098E+01  2.71098E+01  2.71098E+01  2.71098E+01  2.71098E+01  2.71098E+01  2.71098E+01  2.71098E+01
   72847   4  2.70034E-01  2.70034E-01  2.70034E-01  2.70034E-01  2.70034E-01  2.70034E-01  2.70034E-01  2.70034E-01  2.70034E-01  2.70034E-01  2.70034E-01  2.70034E-01  2.70034E-01  2.70034E-01  2.70034E-01  2.70034E-01  2.70034E-01  2.70034E-01  2.70034E-01  2.70034E-01  2.70034E-01  2.70034E-01  2.70034E-01  2.70034E-01
   72846   3  0.00000E+00  0.00000E+00  0.00000E+00  0.00000E+00  0.00000E+00  0.00000E+00  0.00000E+00  0.00000E+00  0.00000E+00  0.00000E+00  0.00000E+00  0.00000E+00  0.00000E+00  0.00000E+00  1.91708E-01  1.91708E-01  1.91708E-01  1.91708E-01  1.91708E-01  1.91708E-01  1.91708E-01  1.91708E-01  0.00000E+00  0.00000E+00
   72846   4  0.00000E+00  0.00000E+00  0.00000E+00  0.00000E+00  0.00000E+00  0.00000E+00  0.00000E+00  0.00000E+00  0.00000E+00  0.00000E+00  0.00000E+00  0.00000E+00  0.00000E+00  0.00000E+00  0.00000E+00  0.00000E+00  0.00000E+00  0.00000E+00  0.00000E+00  0.00000E+00  0.00000E+00  0.00000E+00  0.00000E+00  0.00000E+00
   73200   4  9.13469E+00  9.13469E+00  9.13469E+00  9.13469E+00  9.13469E+00  9.13469E+00  9.13469E+00  9.13469E+00  9.13469E+00  9.13469E+00  9.13469E+00  9.13469E+00  9.13469E+00  9.13469E+00  9.13469E+00  9.13469E+00  9.13469E+00  9.13469E+00  9.13469E+00  9.13469E+00  9.13469E+00  9.13469E+00  9.13469E+00  9.13469E+00
   72845   4  5.47326E-01  5.47326E-01  5.47326E-01  5.47326E-01  5.47326E-01  5.47326E-01  5.47326E-01  5.47326E-01  5.47326E-01  5.47326E-01  5.47326E-01  5.47326E-01  5.47326E-01  5.47326E-01  5.47326E-01  5.47326E-01  5.47326E-01  5.47326E-01  5.47326E-01  5.47326E-01  5.47326E-01  5.47326E-01  5.47326E-01  5.47326E-01
   72139   7  8.57380E+00  8.57380E+00  8.57380E+00  8.57380E+00  8.57380E+00  8.57380E+00  8.57380E+00  8.57380E+00  8.57380E+00  8.57380E+00  8.57380E+00  8.57380E+00  8.57380E+00  8.57380E+00  8.57380E+00  8.57380E+00  8.57380E+00  8.57380E+00  8.57380E+00  8.57380E+00  8.57380E+00  8.57380E+00  8.57380E+00  8.57380E+00
   57997   3  1.74766E-03  1.74766E-03  1.74766E-03  1.74766E-03  1.74766E-03  1.74766E-03  1.74766E-03  1.74766E-03  1.74766E-03  1.74766E-03  1.74766E-03  1.74766E-03  1.74766E-03  1.74766E-03  1.74766E-03  1.74766E-03  1.74766E-03  1.74766E-03  1.74766E-03  1.74766E-03  1.74766E-03  1.74766E-03  1.74766E-03  1.74766E-03
   51672   3  0.00000E+00  0.00000E+00  0.00000E+00  0.00000E+00  0.00000E+00  0.00000E+00  0.00000E+00  0.00000E+00  0.00000E+00  0.00000E+00  0.00000E+00  0.00000E+00  0.00000E+00  0.00000E+00  0.00000E+00  0.00000E+00  0.00000E+00  0.00000E+00  0.00000E+00  0.00000E+00  0.00000E+00  0.00000E+00  0.00000E+00  0.00000E+00
   56265   3  1.04859E-03  1.04859E-03  1.04859E-03  1.04859E-03  1.04859E-03  1.04859E-03  1.04859E-03  1.04859E-03  1.04859E-03  1.04859E-03  1.04859E-03  1.04859E-03  1.04859E-03  1.04859E-03  1.04859E-03  1.04859E-03  1.04859E-03  1.04859E-03  1.04859E-03  1.04859E-03  1.04859E-03  1.04859E-03  1.04859E-03  1.04859E-03
   46793   2  1.18823E+00  1.17064E+00  1.10533E+00  9.97306E-01  8.84261E-01  7.47480E-01  6.92111E-01  6.64426E-01  6.55198E-01  6.73655E-01  7.29023E-01  8.16691E-01  9.29736E-01  9.98947E-01  1.05432E+00  1.10276E+00  1.12122E+00  1.13968E+00  1.14660E+00  1.15583E+00  1.15352E+00  1.14660E+00  1.12814E+00  1.10046E+00
   47145   7  1.81066E-04  1.81066E-04  1.81066E-04  1.81066E-04  1.81066E-04  0.00000E+00  0.00000E+00  0.00000E+00  0.00000E+00  0.00000E+00  0.00000E+00  0.00000E+00  1.81066E-04  1.81066E-04  1.81066E-04  1.81066E-04  1.81066E-04  1.81066E-04  1.81066E-04  1.81066E-04  1.81066E-04  1.81066E-04  1.81066E-04  1.81066E-04
   47145   4  0.00000E+00  0.00000E+00  0.00000E+00  0.00000E+00  0.00000E+00  0.00000E+00  0.00000E+00  0.00000E+00  0.00000E+00  0.00000E+00  0.00000E+00  0.00000E+00  0.00000E+00  0.00000E+00  0.00000E+00  0.00000E+00  0.00000E+00  0.00000E+00  0.00000E+00  0.00000E+00  0.00000E+00  0.00000E+00  0.00000E+00  0.00000E+00
   46441   1  0.00000E+00  0.00000E+00  0.00000E+00  0.00000E+00  0.00000E+00  0.00000E+00  0.00000E+00  0.00000E+00  0.00000E+00  0.00000E+00  0.00000E+00  0.00000E+00  0.00000E+00  0.00000E+00  0.00000E+00  0.00000E+00  0.00000E+00  0.00000E+00  0.00000E+00  0.00000E+00  0.00000E+00  0.00000E+00  0.00000E+00  0.00000E+00
   46089   7  3.96148E-01  3.96148E-01  3.96148E-01  3.96148E-01  3.96148E-01  3.96148E-01  3.96148E-01  3.96148E-01  3.96148E-01  3.96148E-01  3.96148E-01  3.96148E-01  3.96148E-01  3.96148E-01  3.96148E-01  3.96148E-01  3.96148E-01  3.96148E-01  3.96148E-01  3.96148E-01  3.96148E-01  3.96148E-01  3.96148E-01  3.96148E-01
   47851   4  6.67825E-03  6.67825E-03  6.67825E-03  6.67825E-03  6.67825E-03  6.67825E-03  6.67825E-03  6.67825E-03  6.67825E-03  6.67825E-03  6.67825E-03  6.67825E-03  6.67825E-03  6.67825E-03  6.67825E-03  6.67825E-03  6.67825E-03  6.67825E-03  6.67825E-03  6.67825E-03  6.67825E-03  6.67825E-03  6.67825E-03  6.67825E-03
   47851   3  0.00000E+00  0.00000E+00  0.00000E+00  0.00000E+00  0.00000E+00  0.00000E+00  0.00000E+00  0.00000E+00  0.00000E+00  0.00000E+00  0.00000E+00  0.00000E+00  0.00000E+00  0.00000E+00  0.00000E+00  0.00000E+00  0.00000E+00  0.00000E+00  0.00000E+00  0.00000E+00  0.00000E+00  0.00000E+00  0.00000E+00  0.00000E+00
   47493   3  3.34774E-02  3.34774E-02  3.34774E-02  3.34774E-02  3.34774E-02  3.34774E-02  3.34774E-02  3.34774E-02  3.34774E-02  3.34774E-02  3.34774E-02  3.34774E-02  3.34774E-02  5.51092E-02  5.51092E-02  5.51092E-02  5.51092E-02  5.51092E-02  5.51092E-02  5.51092E-02  5.51092E-02  3.34774E-02  3.34774E-02  3.34774E-02
   47493   4  0.00000E+00  0.00000E+00  0.00000E+00  0.00000E+00  0.00000E+00  0.00000E+00  0.00000E+00  0.00000E+00  0.00000E+00  0.00000E+00  0.00000E+00  0.00000E+00  0.00000E+00  0.00000E+00  0.00000E+00  0.00000E+00  0.00000E+00  0.00000E+00  0.00000E+00  0.00000E+00  0.00000E+00  0.00000E+00  0.00000E+00  0.00000E+00
   47141   4  0.00000E+00  0.00000E+00  0.00000E+00  0.00000E+00  0.00000E+00  0.00000E+00  0.00000E+00  0.00000E+00  0.00000E+00  0.00000E+00  0.00000E+00  0.00000E+00  0.00000E+00  0.00000E+00  0.00000E+00  0.00000E+00  0.00000E+00  0.00000E+00  0.00000E+00  0.00000E+00  0.00000E+00  0.00000E+00  0.00000E+00  0.00000E+00
   47142   4  0.00000E+00  0.00000E+00  0.00000E+00  0.00000E+00  0.00000E+00  0.00000E+00  0.00000E+00  0.00000E+00  0.00000E+00  0.00000E+00  0.00000E+00  0.00000E+00  0.00000E+00  0.00000E+00  0.00000E+00  0.00000E+00  0.00000E+00  0.00000E+00  0.00000E+00  0.00000E+00  0.00000E+00  0.00000E+00  0.00000E+00  0.00000E+00
   47141   3  2.82479E-01  2.82479E-01  2.82479E-01  2.82479E-01  2.82479E-01  2.82479E-01  2.82479E-01  2.82479E-01  2.82479E-01  2.82479E-01  2.82479E-01  2.82479E-01  2.82479E-01  2.82479E-01  2.82479E-01  2.82479E-01  2.82479E-01  2.82479E-01  2.82479E-01  2.82479E-01  2.82479E-01  2.82479E-01  2.82479E-01  2.82479E-01
   47494   3  0.00000E+00  0.00000E+00  0.00000E+00  0.00000E+00  0.00000E+00  0.00000E+00  0.00000E+00  0.00000E+00  0.00000E+00  0.00000E+00  0.00000E+00  0.00000E+00  0.00000E+00  0.00000E+00  0.00000E+00  0.00000E+00  0.00000E+00  0.00000E+00  0.00000E+00  0.00000E+00  0.00000E+00  0.00000E+00  0.00000E+00  0.00000E+00
   46790   4  2.44327E-01  2.44327E-01  2.44327E-01  2.44327E-01  2.44327E-01  2.44327E-01  2.44327E-01  2.44327E-01  2.44327E-01  2.44327E-01  2.44327E-01  2.44327E-01  2.44327E-01  2.44327E-01  2.44327E-01  2.44327E-01  2.44327E-01  2.44327E-01  2.44327E-01  2.44327E-01  2.44327E-01  2.44327E-01  2.44327E-01  2.44327E-01
   46790   3  0.00000E+00  0.00000E+00  0.00000E+00  0.00000E+00  0.00000E+00  0.00000E+00  0.00000E+00  0.00000E+00  0.00000E+00  0.00000E+00  0.00000E+00  0.00000E+00  0.00000E+00  0.00000E+00  0.00000E+00  0.00000E+00  0.00000E+00  0.00000E+00  0.00000E+00  0.00000E+00  0.00000E+00  0.00000E+00  0.00000E+00  0.00000E+00
   47143   4  0.00000E+00  0.00000E+00  0.00000E+00  0.00000E+00  0.00000E+00  0.00000E+00  0.00000E+00  0.00000E+00  0.00000E+00  0.00000E+00  0.00000E+00  0.00000E+00  0.00000E+00  0.00000E+00  0.00000E+00  0.00000E+00  0.00000E+00  0.00000E+00  0.00000E+00  0.00000E+00  0.00000E+00  0.00000E+00  0.00000E+00  0.00000E+00
   47497   7  0.00000E+00  0.00000E+00  0.00000E+00  0.00000E+00  0.00000E+00  0.00000E+00  0.00000E+00  0.00000E+00  0.00000E+00  0.00000E+00  0.00000E+00  0.00000E+00  0.00000E+00  3.93700E+00  3.93700E+00  3.93700E+00  3.93700E+00  3.93700E+00  3.93700E+00  3.93700E+00  3.93700E+00  0.00000E+00  0.00000E+00  0.00000E+00
   47143   3  0.00000E+00  0.00000E+00  0.00000E+00  0.00000E+00  0.00000E+00  0.00000E+00  0.00000E+00  0.00000E+00  0.00000E+00  0.00000E+00  0.00000E+00  0.00000E+00  0.00000E+00  0.00000E+00  0.00000E+00  0.00000E+00  0.00000E+00  0.00000E+00  0.00000E+00  0.00000E+00  0.00000E+00  0.00000E+00  0.00000E+00  0.00000E+00
   46792   4  0.00000E+00  0.00000E+00  0.00000E+00  0.00000E+00  0.00000E+00  0.00000E+00  0.00000E+00  0.00000E+00  0.00000E+00  0.00000E+00  0.00000E+00  0.00000E+00  0.00000E+00  0.00000E+00  0.00000E+00  0.00000E+00  0.00000E+00  0.00000E+00  0.00000E+00  0.00000E+00  0.00000E+00  0.00000E+00  0.00000E+00  0.00000E+00
   46792   3  0.00000E+00  0.00000E+00  0.00000E+00  0.00000E+00  0.00000E+00  0.00000E+00  0.00000E+00  0.00000E+00  0.00000E+00  0.00000E+00  0.00000E+00  0.00000E+00  0.00000E+00  0.00000E+00  0.00000E+00  0.00000E+00  0.00000E+00  0.00000E+00  0.00000E+00  0.00000E+00  0.00000E+00  0.00000E+00  0.00000E+00  0.00000E+00
   46791   3  1.33785E+00  1.33785E+00  1.33785E+00  1.33785E+00  1.33785E+00  1.33785E+00  1.33785E+00  1.33785E+00  1.33785E+00  1.33785E+00  1.33785E+00  1.33785E+00  1.33785E+00  2.61722E+00  2.61722E+00  2.61722E+00  2.61722E+00  2.61722E+00  2.61722E+00  2.61722E+00  2.61722E+00  1.33785E+00  1.33785E+00  1.33785E+00
   46791   8  8.30939E-02  8.30939E-02  8.30939E-02  8.30939E-02  8.30939E-02  8.30939E-02  8.30939E-02  8.30939E-02  8.30939E-02  8.30939E-02  8.30939E-02  8.30939E-02  8.30939E-02  8.30939E-02  8.30939E-02  8.30939E-02  8.30939E-02  8.30939E-02  8.30939E-02  8.30939E-02  8.30939E-02  8.30939E-02  8.30939E-02  8.30939E-02
   46791   2  1.99312E+00  1.96362E+00  1.85406E+00  1.67287E+00  1.48325E+00  1.25381E+00  1.16094E+00  1.11450E+00  1.09902E+00  1.12998E+00  1.22286E+00  1.36991E+00  1.55953E+00  1.67562E+00  1.76850E+00  1.84976E+00  1.88072E+00  1.91168E+00  1.92329E+00  1.93877E+00  1.93490E+00  1.92329E+00  1.89233E+00  1.84589E+00
   46791   4  5.33054E+01  5.33054E+01  5.33054E+01  5.33054E+01  5.33054E+01  5.33054E+01  5.33054E+01  5.33054E+01  5.33054E+01  5.33054E+01  5.33054E+01  5.33054E+01  5.33054E+01  5.33054E+01  5.33054E+01  5.33054E+01  5.33054E+01  5.33054E+01  5.33054E+01  5.33054E+01  5.33054E+01  5.33054E+01  5.33054E+01  5.33054E+01
   46438   3  2.28434E-01  2.28434E-01  2.28434E-01  2.28434E-01  2.28434E-01  2.28434E-01  2.28434E-01  2.28434E-01  2.28434E-01  2.28434E-01  2.28434E-01  2.28434E-01  2.28434E-01  2.28434E-01  2.28434E-01  2.28434E-01  2.28434E-01  2.28434E-01  2.28434E-01  2.28434E-01  2.28434E-01  2.28434E-01  2.28434E-01  2.28434E-01
   47147   3  0.00000E+00  0.00000E+00  0.00000E+00  0.00000E+00  0.00000E+00  0.00000E+00  0.00000E+00  0.00000E+00  0.00000E+00  0.00000E+00  0.00000E+00  0.00000E+00  0.00000E+00  0.00000E+00  0.00000E+00  0.00000E+00  0.00000E+00  0.00000E+00  0.00000E+00  0.00000E+00  0.00000E+00  0.00000E+00  0.00000E+00  0.00000E+00
   47848   3  0.00000E+00  0.00000E+00  0.00000E+00  0.00000E+00  0.00000E+00  0.00000E+00  0.00000E+00  0.00000E+00  0.00000E+00  0.00000E+00  0.00000E+00  0.00000E+00  0.00000E+00  0.00000E+00  0.00000E+00  0.00000E+00  0.00000E+00  0.00000E+00  0.00000E+00  0.00000E+00  0.00000E+00  0.00000E+00  0.00000E+00  0.00000E+00
   46791   1  0.00000E+00  0.00000E+00  0.00000E+00  0.00000E+00  0.00000E+00  0.00000E+00  0.00000E+00  0.00000E+00  0.00000E+00  0.00000E+00  0.00000E+00  0.00000E+00  0.00000E+00  0.00000E+00  0.00000E+00  0.00000E+00  0.00000E+00  0.00000E+00  0.00000E+00  0.00000E+00  0.00000E+00  0.00000E+00  0.00000E+00  0.00000E+00
   47144   3  1.60257E-03  1.60257E-03  1.60257E-03  1.60257E-03  1.60257E-03  1.60257E-03  1.60257E-03  1.60257E-03  1.60257E-03  1.60257E-03  1.60257E-03  1.60257E-03  1.60257E-03  1.60257E-03  1.60257E-03  1.60257E-03  1.60257E-03  1.60257E-03  1.60257E-03  1.60257E-03  1.60257E-03  1.60257E-03  1.60257E-03  1.60257E-03
   47144   4  3.69096E-01  3.69096E-01  3.69096E-01  3.69096E-01  3.69096E-01  3.69096E-01  3.69096E-01  3.69096E-01  3.69096E-01  3.69096E-01  3.69096E-01  3.69096E-01  3.69096E-01  3.69096E-01  3.69096E-01  3.69096E-01  3.69096E-01  3.69096E-01  3.69096E-01  3.69096E-01  3.69096E-01  3.69096E-01  3.69096E-01  3.69096E-01
   47144   1  1.98131E-01  1.98131E-01  1.98131E-01  1.98131E-01  1.98131E-01  1.98131E-01  1.98131E-01  1.98131E-01  1.98131E-01  1.98131E-01  1.98131E-01  1.98131E-01  1.98131E-01  1.98131E-01  1.98131E-01  1.98131E-01  1.98131E-01  1.98131E-01  1.98131E-01  1.98131E-01  1.98131E-01  1.98131E-01  1.98131E-01  1.98131E-01
   47144   2  3.36539E-02  3.36539E-02  3.36539E-02  3.36539E-02  3.36539E-02  3.36539E-02  3.36539E-02  3.36539E-02  3.36539E-02  3.36539E-02  3.36539E-02  3.36539E-02  3.36539E-02  3.36539E-02  3.36539E-02  3.36539E-02  3.36539E-02  3.36539E-02  3.36539E-02  3.36539E-02  3.36539E-02  3.36539E-02  3.36539E-02  3.36539E-02
   46789   3  8.87101E+00  8.87101E+00  8.87101E+00  8.87101E+00  8.87101E+00  8.87101E+00  8.87101E+00  8.87101E+00  8.87101E+00  8.87101E+00  8.87101E+00  8.87101E+00  8.87101E+00  8.87101E+00  8.87101E+00  8.87101E+00  8.87101E+00  8.87101E+00  8.87101E+00  8.87101E+00  8.87101E+00  8.87101E+00  8.87101E+00  8.87101E+00
   46789   4  0.00000E+00  0.00000E+00  0.00000E+00  0.00000E+00  0.00000E+00  0.00000E+00  0.00000E+00  0.00000E+00  0.00000E+00  0.00000E+00  0.00000E+00  0.00000E+00  0.00000E+00  0.00000E+00  0.00000E+00  0.00000E+00  0.00000E+00  0.00000E+00  0.00000E+00  0.00000E+00  0.00000E+00  0.00000E+00  0.00000E+00  0.00000E+00
   46436   7  2.36451E+01  2.36451E+01  2.36451E+01  2.36451E+01  2.36451E+01  2.36451E+01  2.36451E+01  2.36451E+01  2.36451E+01  2.36451E+01  2.36451E+01  2.36451E+01  2.36451E+01  2.36451E+01  2.36451E+01  2.36451E+01  2.36451E+01  2.36451E+01  2.36451E+01  2.36451E+01  2.36451E+01  2.36451E+01  2.36451E+01  2.36451E+01
   71754   1  0.00000E+00  0.00000E+00  0.00000E+00  0.00000E+00  0.00000E+00  0.00000E+00  0.00000E+00  0.00000E+00  0.00000E+00  0.00000E+00  0.00000E+00  0.00000E+00  0.00000E+00  0.00000E+00  5.36677E-01  5.36677E-01  5.36677E-01  5.36677E-01  5.36677E-01  5.36677E-01  5.36677E-01  5.36677E-01  0.00000E+00  0.00000E+00
   71755   4  3.48431E-03  3.48431E-03  3.48431E-03  3.48431E-03  3.48431E-03  3.48431E-03  3.48431E-03  3.48431E-03  3.48431E-03  3.48431E-03  3.48431E-03  3.48431E-03  3.48431E-03  3.48431E-03  3.48431E-03  3.48431E-03  3.48431E-03  3.48431E-03  3.48431E-03  3.48431E-03  3.48431E-03  3.48431E-03  3.48431E-03  3.48431E-03
   72073   3  0.00000E+00  0.00000E+00  0.00000E+00  0.00000E+00  0.00000E+00  0.00000E+00  0.00000E+00  0.00000E+00  0.00000E+00  0.00000E+00  0.00000E+00  0.00000E+00  0.00000E+00  0.00000E+00  0.00000E+00  0.00000E+00  0.00000E+00  0.00000E+00  0.00000E+00  0.00000E+00  0.00000E+00  0.00000E+00  0.00000E+00  0.00000E+00
   70667   3  1.71682E-03  1.71682E-03  1.71682E-03  1.71682E-03  1.71682E-03  1.71682E-03  1.71682E-03  1.71682E-03  1.71682E-03  1.71682E-03  1.71682E-03  1.71682E-03  1.71682E-03  1.71682E-03  1.71682E-03  1.71682E-03  1.71682E-03  1.71682E-03  1.71682E-03  1.71682E-03  1.71682E-03  1.71682E-03  1.71682E-03  1.71682E-03
   55157   3  6.86726E-04  6.86726E-04  6.86726E-04  6.86726E-04  6.86726E-04  6.86726E-04  6.86726E-04  6.86726E-04  6.86726E-04  6.86726E-04  6.86726E-04  6.86726E-04  6.86726E-04  6.86726E-04  6.86726E-04  6.86726E-04  6.86726E-04  6.86726E-04  6.86726E-04  6.86726E-04  6.86726E-04  6.86726E-04  6.86726E-04  6.86726E-04
   55157   7  3.20152E+00  3.20152E+00  3.20152E+00  3.20152E+00  3.20152E+00  3.20152E+00  3.20152E+00  3.20152E+00  3.20152E+00  3.20152E+00  3.20152E+00  3.20152E+00  3.20152E+00  3.20152E+00  3.20152E+00  3.20152E+00  3.20152E+00  3.20152E+00  3.20152E+00  3.20152E+00  3.20152E+00  3.20152E+00  3.20152E+00  3.20152E+00
   70688   2  4.20836E-01  4.20836E-01  4.20836E-01  4.20836E-01  4.20836E-01  4.20836E-01  4.20836E-01  4.20836E-01  4.20836E-01  4.20836E-01  4.20836E-01  4.20836E-01  4.20836E-01  4.20836E-01  4.20836E-01  4.20836E-01  4.20836E-01  4.20836E-01  4.20836E-01  4.20836E-01  4.20836E-01  4.20836E-01  4.20836E-01  4.20836E-01
   61152   3  4.89344E-03  4.89344E-03  4.89344E-03  4.89344E-03  4.89344E-03  4.89344E-03  4.89344E-03  4.89344E-03  4.89344E-03  4.89344E-03  4.89344E-03  4.89344E-03  4.89344E-03  4.89344E-03  4.89344E-03  4.89344E-03  4.89344E-03  4.89344E-03  4.89344E-03  4.89344E-03  4.89344E-03  4.89344E-03  4.89344E-03  4.89344E-03
   66103   3  1.01089E-04  1.01089E-04  1.01089E-04  1.01089E-04  1.01089E-04  1.01089E-04  1.01089E-04  1.01089E-04  1.01089E-04  1.01089E-04  1.01089E-04  1.01089E-04  1.01089E-04  1.01089E-04  1.01089E-04  1.01089E-04  1.01089E-04  1.01089E-04  1.01089E-04  1.01089E-04  1.01089E-04  1.01089E-04  1.01089E-04  1.01089E-04
   57265   2  3.24248E+00  3.21529E+00  3.16771E+00  2.99097E+00  2.69867E+00  2.39277E+00  2.02265E+00  1.87282E+00  1.79791E+00  1.77294E+00  1.82288E+00  1.97271E+00  2.20993E+00  2.51582E+00  2.70311E+00  2.85293E+00  2.98403E+00  3.03397E+00  3.08391E+00  3.10264E+00  3.12761E+00  3.12137E+00  3.10264E+00  3.05270E+00
   57265   7  5.84867E+00  5.84867E+00  5.84867E+00  5.84867E+00  5.84867E+00  5.84867E+00  5.84867E+00  5.84867E+00  5.84867E+00  5.84867E+00  5.84867E+00  5.84867E+00  5.84867E+00  5.84867E+00  5.84867E+00  5.84867E+00  5.84867E+00  5.84867E+00  5.84867E+00  5.84867E+00  5.84867E+00  5.84867E+00  5.84867E+00  5.84867E+00
   57265   3  0.00000E+00  0.00000E+00  0.00000E+00  0.00000E+00  0.00000E+00  0.00000E+00  0.00000E+00  0.00000E+00  0.00000E+00  0.00000E+00  0.00000E+00  0.00000E+00  0.00000E+00  0.00000E+00  0.00000E+00  0.00000E+00  0.00000E+00  0.00000E+00  0.00000E+00  0.00000E+00  0.00000E+00  0.00000E+00  0.00000E+00  0.00000E+00
   62209   3  3.13624E-01  3.13624E-01  3.13624E-01  3.13624E-01  3.13624E-01  3.13624E-01  3.13624E-01  3.13624E-01  3.13624E-01  3.13624E-01  3.13624E-01  3.13624E-01  3.13624E-01  3.13624E-01  3.13624E-01  3.13624E-01  3.13624E-01  3.13624E-01  3.13624E-01  3.13624E-01  3.13624E-01  3.13624E-01  3.13624E-01  3.13624E-01
   62209   4  0.00000E+00  0.00000E+00  0.00000E+00  0.00000E+00  0.00000E+00  0.00000E+00  0.00000E+00  0.00000E+00  0.00000E+00  0.00000E+00  0.00000E+00  0.00000E+00  0.00000E+00  0.00000E+00  0.00000E+00  0.00000E+00  0.00000E+00  0.00000E+00  0.00000E+00  0.00000E+00  0.00000E+00  0.00000E+00  0.00000E+00  0.00000E+00
   62209   2  0.00000E+00  0.00000E+00  0.00000E+00  0.00000E+00  0.00000E+00  0.00000E+00  0.00000E+00  0.00000E+00  0.00000E+00  0.00000E+00  0.00000E+00  0.00000E+00  0.00000E+00  0.00000E+00  0.00000E+00  0.00000E+00  0.00000E+00  0.00000E+00  0.00000E+00  0.00000E+00  0.00000E+00  0.00000E+00  0.00000E+00  0.00000E+00
   62560   3  0.00000E+00  0.00000E+00  0.00000E+00  0.00000E+00  0.00000E+00  0.00000E+00  0.00000E+00  0.00000E+00  0.00000E+00  0.00000E+00  0.00000E+00  0.00000E+00  0.00000E+00  0.00000E+00  6.49512E+01  6.49512E+01  6.49512E+01  6.49512E+01  6.49512E+01  6.49512E+01  6.49512E+01  6.49512E+01  0.00000E+00  0.00000E+00
   62560   6  1.11258E-01  1.11258E-01  1.11258E-01  1.11258E-01  1.11258E-01  1.11258E-01  1.11258E-01  1.11258E-01  1.11258E-01  1.11258E-01  1.11258E-01  1.11258E-01  1.11258E-01  1.11258E-01  1.11258E-01  1.11258E-01  1.11258E-01  1.11258E-01  1.11258E-01  1.11258E-01  1.11258E-01  1.11258E-01  1.11258E-01  1.11258E-01
   62560   2  0.00000E+00  0.00000E+00  0.00000E+00  0.00000E+00  0.00000E+00  0.00000E+00  0.00000E+00  0.00000E+00  0.00000E+00  0.00000E+00  0.00000E+00  0.00000E+00  0.00000E+00  0.00000E+00  0.00000E+00  0.00000E+00  0.00000E+00  0.00000E+00  0.00000E+00  0.00000E+00  0.00000E+00  0.00000E+00  0.00000E+00  0.00000E+00
   62906   3  0.00000E+00  0.00000E+00  0.00000E+00  0.00000E+00  0.00000E+00  0.00000E+00  0.00000E+00  0.00000E+00  0.00000E+00  0.00000E+00  0.00000E+00  0.00000E+00  0.00000E+00  0.00000E+00  7.72567E-02  7.72567E-02  7.72567E-02  7.72567E-02  7.72567E-02  7.72567E-02  7.72567E-02  7.72567E-02  0.00000E+00  0.00000E+00
   62906   2  0.00000E+00  0.00000E+00  0.00000E+00  0.00000E+00  0.00000E+00  0.00000E+00  0.00000E+00  0.00000E+00  0.00000E+00  0.00000E+00  0.00000E+00  0.00000E+00  0.00000E+00  0.00000E+00  0.00000E+00  0.00000E+00  0.00000E+00  0.00000E+00  0.00000E+00  0.00000E+00  0.00000E+00  0.00000E+00  0.00000E+00  0.00000E+00
   62201   7  1.33069E-04  1.33069E-04  1.33069E-04  1.33069E-04  1.33069E-04  1.33069E-04  1.33069E-04  1.33069E-04  1.33069E-04  1.33069E-04  1.33069E-04  1.33069E-04  1.33069E-04  1.33069E-04  1.33069E-04  1.33069E-04  1.33069E-04  1.33069E-04  1.33069E-04  1.33069E-04  1.33069E-04  1.33069E-04  1.33069E-04  1.33069E-04
   69268   7  2.94350E-01  2.94350E-01  2.94350E-01  2.94350E-01  2.94350E-01  2.94350E-01  2.94350E-01  2.94350E-01  2.94350E-01  2.94350E-01  2.94350E-01  2.94350E-01  2.94350E-01  2.94350E-01  2.94350E-01  2.94350E-01  2.94350E-01  2.94350E-01  2.94350E-01  2.94350E-01  2.94350E-01  2.94350E-01  2.94350E-01  2.94350E-01
   67518   2  0.00000E+00  0.00000E+00  0.00000E+00  0.00000E+00  0.00000E+00  0.00000E+00  0.00000E+00  0.00000E+00  0.00000E+00  0.00000E+00  0.00000E+00  0.00000E+00  0.00000E+00  0.00000E+00  0.00000E+00  0.00000E+00  0.00000E+00  0.00000E+00  0.00000E+00  0.00000E+00  0.00000E+00  0.00000E+00  0.00000E+00  0.00000E+00
   53397   5  0.00000E+00  0.00000E+00  0.00000E+00  0.00000E+00  0.00000E+00  0.00000E+00  0.00000E+00  0.00000E+00  0.00000E+00  0.00000E+00  0.00000E+00  0.00000E+00  0.00000E+00  0.00000E+00  0.00000E+00  0.00000E+00  0.00000E+00  0.00000E+00  0.00000E+00  0.00000E+00  0.00000E+00  0.00000E+00  0.00000E+00  0.00000E+00
   53397   3  0.00000E+00  0.00000E+00  0.00000E+00  0.00000E+00  0.00000E+00  0.00000E+00  0.00000E+00  0.00000E+00  0.00000E+00  0.00000E+00  0.00000E+00  0.00000E+00  0.00000E+00  0.00000E+00  1.13310E-02  1.13310E-02  1.13310E-02  1.13310E-02  1.13310E-02  1.13310E-02  1.13310E-02  1.13310E-02  0.00000E+00  0.00000E+00
   53397   7  3.79381E-01  3.79381E-01  3.79381E-01  3.79381E-01  3.79381E-01  3.79381E-01  3.79381E-01  3.79381E-01  3.79381E-01  3.79381E-01  3.79381E-01  3.79381E-01  3.79381E-01  3.79381E-01  3.79381E-01  3.79381E-01  3.79381E-01  3.79381E-01  3.79381E-01  3.79381E-01  3.79381E-01  3.79381E-01  3.79381E-01  3.79381E-01
   72093   3  4.54422E-03  4.54422E-03  4.54422E-03  4.54422E-03  4.54422E-03  4.54422E-03  4.54422E-03  4.54422E-03  4.54422E-03  4.54422E-03  4.54422E-03  4.54422E-03  4.54422E-03  4.54422E-03  4.54422E-03  4.54422E-03  4.54422E-03  4.54422E-03  4.54422E-03  4.54422E-03  4.54422E-03  4.54422E-03  4.54422E-03  4.54422E-03
   72093   7  1.85126E+00  1.85126E+00  1.85126E+00  1.85126E+00  1.85126E+00  1.85126E+00  1.85126E+00  1.85126E+00  1.85126E+00  1.85126E+00  1.85126E+00  1.85126E+00  1.85126E+00  1.85126E+00  1.85126E+00  1.85126E+00  1.85126E+00  1.85126E+00  1.85126E+00  1.85126E+00  1.85126E+00  1.85126E+00  1.85126E+00  1.85126E+00
   72093   4  1.64779E+00  1.64779E+00  1.64779E+00  1.64779E+00  1.64779E+00  1.64779E+00  1.64779E+00  1.64779E+00  1.64779E+00  1.64779E+00  1.64779E+00  1.64779E+00  1.64779E+00  1.64779E+00  1.64779E+00  1.64779E+00  1.64779E+00  1.64779E+00  1.64779E+00  1.64779E+00  1.64779E+00  1.64779E+00  1.64779E+00  1.64779E+00
   66425   2  4.19018E+00  4.12817E+00  3.89784E+00  3.51691E+00  3.11827E+00  2.63592E+00  2.44067E+00  2.34304E+00  2.31050E+00  2.37559E+00  2.57084E+00  2.87999E+00  3.27863E+00  3.52270E+00  3.71795E+00  3.88880E+00  3.95389E+00  4.01897E+00  4.04338E+00  4.07592E+00  4.06778E+00  4.04338E+00  3.97829E+00  3.88067E+00
   67854   3  1.39813E-03  1.39813E-03  1.39813E-03  1.39813E-03  1.39813E-03  1.39813E-03  1.39813E-03  1.39813E-03  1.39813E-03  1.39813E-03  1.39813E-03  1.39813E-03  1.39813E-03  1.39813E-03  1.39813E-03  1.39813E-03  1.39813E-03  1.39813E-03  1.39813E-03  1.39813E-03  1.39813E-03  1.39813E-03  1.39813E-03  1.39813E-03
   59052   2  3.43363E-04  3.43363E-04  3.43363E-04  3.43363E-04  3.43363E-04  3.43363E-04  3.43363E-04  3.43363E-04  3.43363E-04  3.43363E-04  3.43363E-04  3.43363E-04  3.43363E-04  3.43363E-04  3.43363E-04  3.43363E-04  3.43363E-04  3.43363E-04  3.43363E-04  3.43363E-04  3.43363E-04  3.43363E-04  3.43363E-04  3.43363E-04
   72780   3  1.39813E-03  1.39813E-03  1.39813E-03  1.39813E-03  1.39813E-03  1.39813E-03  1.39813E-03  1.39813E-03  1.39813E-03  1.39813E-03  1.39813E-03  1.39813E-03  1.39813E-03  1.39813E-03  1.39813E-03  1.39813E-03  1.39813E-03  1.39813E-03  1.39813E-03  1.39813E-03  1.39813E-03  1.39813E-03  1.39813E-03  1.39813E-03
   32698   2  5.52187E+00  5.44015E+00  5.13662E+00  4.63463E+00  4.10930E+00  3.47365E+00  3.21634E+00  3.08769E+00  3.04481E+00  3.13057E+00  3.38788E+00  3.79529E+00  4.32062E+00  4.64226E+00  4.89956E+00  5.12471E+00  5.21048E+00  5.29625E+00  5.32841E+00  5.37129E+00  5.36057E+00  5.32841E+00  5.24264E+00  5.11399E+00
   32699   3  0.00000E+00  0.00000E+00  0.00000E+00  0.00000E+00  0.00000E+00  0.00000E+00  0.00000E+00  0.00000E+00  0.00000E+00  0.00000E+00  0.00000E+00  0.00000E+00  0.00000E+00  0.00000E+00  0.00000E+00  0.00000E+00  0.00000E+00  0.00000E+00  0.00000E+00  0.00000E+00  0.00000E+00  0.00000E+00  0.00000E+00  0.00000E+00
   32698   4  3.94451E-01  3.94451E-01  3.94451E-01  3.94451E-01  3.94451E-01  3.94451E-01  3.94451E-01  3.94451E-01  3.94451E-01  3.94451E-01  3.94451E-01  3.94451E-01  3.94451E-01  3.94451E-01  3.94451E-01  3.94451E-01  3.94451E-01  3.94451E-01  3.94451E-01  3.94451E-01  3.94451E-01  3.94451E-01  3.94451E-01  3.94451E-01
   32698   3  1.24564E-01  1.24564E-01  1.24564E-01  1.24564E-01  1.24564E-01  1.24564E-01  1.24564E-01  1.24564E-01  1.24564E-01  1.24564E-01  1.24564E-01  1.24564E-01  1.24564E-01  1.24564E-01  1.24564E-01  1.24564E-01  1.24564E-01  1.24564E-01  1.24564E-01  1.24564E-01  1.24564E-01  1.24564E-01  1.24564E-01  1.24564E-01
   33754   4  0.00000E+00  0.00000E+00  0.00000E+00  0.00000E+00  0.00000E+00  0.00000E+00  0.00000E+00  0.00000E+00  0.00000E+00  0.00000E+00  0.00000E+00  0.00000E+00  0.00000E+00  0.00000E+00  0.00000E+00  0.00000E+00  0.00000E+00  0.00000E+00  0.00000E+00  0.00000E+00  0.00000E+00  0.00000E+00  0.00000E+00  0.00000E+00
   32698   5  8.03074E-01  8.03074E-01  8.03074E-01  8.03074E-01  8.03074E-01  8.03074E-01  8.03074E-01  8.03074E-01  8.03074E-01  8.03074E-01  8.03074E-01  8.03074E-01  8.03074E-01  8.03074E-01  8.03074E-01  8.03074E-01  8.03074E-01  8.03074E-01  8.03074E-01  8.03074E-01  8.03074E-01  8.03074E-01  8.03074E-01  8.03074E-01
   46097   3  2.39632E-03  2.39632E-03  2.39632E-03  2.39632E-03  2.39632E-03  2.39632E-03  2.39632E-03  2.39632E-03  2.39632E-03  2.39632E-03  2.39632E-03  2.39632E-03  2.39632E-03  2.39632E-03  2.39632E-03  2.39632E-03  2.39632E-03  2.39632E-03  2.39632E-03  2.39632E-03  2.39632E-03  2.39632E-03  2.39632E-03  2.39632E-03
   32346   1  0.00000E+00  0.00000E+00  0.00000E+00  0.00000E+00  0.00000E+00  0.00000E+00  0.00000E+00  0.00000E+00  0.00000E+00  0.00000E+00  0.00000E+00  0.00000E+00  0.00000E+00  0.00000E+00  0.00000E+00  0.00000E+00  0.00000E+00  0.00000E+00  0.00000E+00  0.00000E+00  0.00000E+00  0.00000E+00  0.00000E+00  0.00000E+00
   32346   2  0.00000E+00  0.00000E+00  0.00000E+00  0.00000E+00  0.00000E+00  0.00000E+00  0.00000E+00  0.00000E+00  0.00000E+00  0.00000E+00  0.00000E+00  0.00000E+00  0.00000E+00  0.00000E+00  0.00000E+00  0.00000E+00  0.00000E+00  0.00000E+00  0.00000E+00  0.00000E+00  0.00000E+00  0.00000E+00  0.00000E+00  0.00000E+00
   32346   3  0.00000E+00  0.00000E+00  0.00000E+00  0.00000E+00  0.00000E+00  0.00000E+00  0.00000E+00  0.00000E+00  0.00000E+00  0.00000E+00  0.00000E+00  0.00000E+00  0.00000E+00  2.98726E-02  2.98726E-02  2.98726E-02  2.98726E-02  2.98726E-02  2.98726E-02  2.98726E-02  2.98726E-02  0.00000E+00  0.00000E+00  0.00000E+00
   32346   5  2.64196E+00  2.64196E+00  2.64196E+00  2.64196E+00  2.64196E+00  2.64196E+00  2.64196E+00  2.64196E+00  2.64196E+00  2.64196E+00  2.64196E+00  2.64196E+00  2.64196E+00  2.64196E+00  2.64196E+00  2.64196E+00  2.64196E+00  2.64196E+00  2.64196E+00  2.64196E+00  2.64196E+00  2.64196E+00  2.64196E+00  2.64196E+00
   33394   3  0.00000E+00  0.00000E+00  0.00000E+00  0.00000E+00  0.00000E+00  0.00000E+00  0.00000E+00  0.00000E+00  0.00000E+00  0.00000E+00  0.00000E+00  0.00000E+00  0.00000E+00  0.00000E+00  0.00000E+00  0.00000E+00  0.00000E+00  0.00000E+00  0.00000E+00  0.00000E+00  0.00000E+00  0.00000E+00  0.00000E+00  0.00000E+00
   33394   7  6.10256E-01  6.10256E-01  6.10256E-01  6.10256E-01  6.10256E-01  6.10256E-01  6.10256E-01  6.10256E-01  6.10256E-01  6.10256E-01  6.10256E-01  6.10256E-01  6.10256E-01  6.10256E-01  6.10256E-01  6.10256E-01  6.10256E-01  6.10256E-01  6.10256E-01  6.10256E-01  6.10256E-01  6.10256E-01  6.10256E-01  6.10256E-01
   47881   3  1.21803E-01  1.21803E-01  1.21803E-01  1.21803E-01  1.21803E-01  1.21803E-01  1.21803E-01  1.21803E-01  1.21803E-01  1.21803E-01  1.21803E-01  1.21803E-01  1.21803E-01  1.21803E-01  1.21803E-01  1.21803E-01  1.21803E-01  1.21803E-01  1.21803E-01  1.21803E-01  1.21803E-01  1.21803E-01  1.21803E-01  1.21803E-01
   47881   4  2.84987E+00  2.84987E+00  2.84987E+00  2.84987E+00  2.84987E+00  2.84987E+00  2.84987E+00  2.84987E+00  2.84987E+00  2.84987E+00  2.84987E+00  2.84987E+00  2.84987E+00  2.84987E+00  2.84987E+00  2.84987E+00  2.84987E+00  2.84987E+00  2.84987E+00  2.84987E+00  2.84987E+00  2.84987E+00  2.84987E+00  2.84987E+00
   54565   3  3.43363E-04  3.43363E-04  3.43363E-04  3.43363E-04  3.43363E-04  3.43363E-04  3.43363E-04  3.43363E-04  3.43363E-04  3.43363E-04  3.43363E-04  3.43363E-04  3.43363E-04  3.43363E-04  3.43363E-04  3.43363E-04  3.43363E-04  3.43363E-04  3.43363E-04  3.43363E-04  3.43363E-04  3.43363E-04  3.43363E-04  3.43363E-04
   54565   4  1.73780E+00  1.73780E+00  1.73780E+00  1.73780E+00  1.73780E+00  1.73780E+00  1.73780E+00  1.73780E+00  1.73780E+00  1.73780E+00  1.73780E+00  1.73780E+00  1.73780E+00  1.73780E+00  1.73780E+00  1.73780E+00  1.73780E+00  1.73780E+00  1.73780E+00  1.73780E+00  1.73780E+00  1.73780E+00  1.73780E+00  1.73780E+00
   54565   7  1.27148E+00  1.27148E+00  1.27148E+00  1.27148E+00  1.27148E+00  1.27148E+00  1.27148E+00  1.27148E+00  1.27148E+00  1.27148E+00  1.27148E+00  1.27148E+00  1.27148E+00  1.27148E+00  1.27148E+00  1.27148E+00  1.27148E+00  1.27148E+00  1.27148E+00  1.27148E+00  1.27148E+00  1.27148E+00  1.27148E+00  1.27148E+00
   48578   4  8.47295E-01  8.47295E-01  8.47295E-01  8.47295E-01  8.47295E-01  8.47295E-01  8.47295E-01  8.47295E-01  8.47295E-01  8.47295E-01  8.47295E-01  8.47295E-01  8.47295E-01  8.47295E-01  8.47295E-01  8.47295E-01  8.47295E-01  8.47295E-01  8.47295E-01  8.47295E-01  8.47295E-01  8.47295E-01  8.47295E-01  8.47295E-01
   48578   3  3.68781E-01  3.68781E-01  3.68781E-01  3.68781E-01  3.68781E-01  3.68781E-01  3.68781E-01  3.68781E-01  3.68781E-01  3.68781E-01  3.68781E-01  3.68781E-01  3.68781E-01  3.68781E-01  3.68781E-01  3.68781E-01  3.68781E-01  3.68781E-01  3.68781E-01  3.68781E-01  3.68781E-01  3.68781E-01  3.68781E-01  3.68781E-01
   48578   2  0.00000E+00  0.00000E+00  0.00000E+00  0.00000E+00  0.00000E+00  0.00000E+00  0.00000E+00  0.00000E+00  0.00000E+00  0.00000E+00  0.00000E+00  0.00000E+00  0.00000E+00  0.00000E+00  0.00000E+00  0.00000E+00  0.00000E+00  0.00000E+00  0.00000E+00  0.00000E+00  0.00000E+00  0.00000E+00  0.00000E+00  0.00000E+00
   48226   3  0.00000E+00  0.00000E+00  0.00000E+00  0.00000E+00  0.00000E+00  0.00000E+00  0.00000E+00  0.00000E+00  0.00000E+00  0.00000E+00  0.00000E+00  0.00000E+00  0.00000E+00  0.00000E+00  0.00000E+00  0.00000E+00  0.00000E+00  0.00000E+00  0.00000E+00  0.00000E+00  0.00000E+00  0.00000E+00  0.00000E+00  0.00000E+00
   48226   4  0.00000E+00  0.00000E+00  0.00000E+00  0.00000E+00  0.00000E+00  0.00000E+00  0.00000E+00  0.00000E+00  0.00000E+00  0.00000E+00  0.00000E+00  0.00000E+00  0.00000E+00  0.00000E+00  0.00000E+00  0.00000E+00  0.00000E+00  0.00000E+00  0.00000E+00  0.00000E+00  0.00000E+00  0.00000E+00  0.00000E+00  0.00000E+00
   47518   7  5.72199E-01  5.72199E-01  5.72199E-01  5.72199E-01  5.72199E-01  5.72199E-01  5.72199E-01  5.72199E-01  5.72199E-01  5.72199E-01  5.72199E-01  5.72199E-01  5.72199E-01  5.72199E-01  5.72199E-01  5.72199E-01  5.72199E-01  5.72199E-01  5.72199E-01  5.72199E-01  5.72199E-01  5.72199E-01  5.72199E-01  5.72199E-01
   48227   3  2.83104E-01  2.78914E-01  2.63353E-01  2.37616E-01  2.10682E-01  1.78093E-01  1.64901E-01  1.58305E-01  1.56106E-01  1.60503E-01  1.73695E-01  1.94583E-01  2.21517E-01  2.38007E-01  2.51199E-01  2.62742E-01  2.67139E-01  2.71537E-01  2.73185E-01  2.75384E-01  2.74835E-01  2.73185E-01  2.68788E-01  2.62192E-01
   48227   2  2.54073E+00  2.50313E+00  2.36347E+00  2.13249E+00  1.89078E+00  1.59830E+00  1.47991E+00  1.42071E+00  1.40098E+00  1.44044E+00  1.55884E+00  1.74629E+00  1.98801E+00  2.13600E+00  2.25439E+00  2.35799E+00  2.39745E+00  2.43692E+00  2.45172E+00  2.47145E+00  2.46651E+00  2.45172E+00  2.41225E+00  2.35306E+00
   46818   4  3.27815E-01  3.27815E-01  3.27815E-01  3.27815E-01  3.27815E-01  3.27815E-01  3.27815E-01  3.27815E-01  3.27815E-01  3.27815E-01  3.27815E-01  3.27815E-01  3.27815E-01  3.27815E-01  3.27815E-01  3.27815E-01  3.27815E-01  3.27815E-01  3.27815E-01  3.27815E-01  3.27815E-01  3.27815E-01  3.27815E-01  3.27815E-01
   38332   4  0.00000E+00  0.00000E+00  0.00000E+00  0.00000E+00  0.00000E+00  0.00000E+00  0.00000E+00  0.00000E+00  0.00000E+00  0.00000E+00  0.00000E+00  0.00000E+00  0.00000E+00  0.00000E+00  0.00000E+00  0.00000E+00  0.00000E+00  0.00000E+00  0.00000E+00  0.00000E+00  0.00000E+00  0.00000E+00  0.00000E+00  0.00000E+00
   38332   7  6.70404E-01  6.70404E-01  6.70404E-01  6.70404E-01  6.70404E-01  6.70404E-01  6.70404E-01  6.70404E-01  6.70404E-01  6.70404E-01  6.70404E-01  6.70404E-01  6.70404E-01  6.70404E-01  6.70404E-01  6.70404E-01  6.70404E-01  6.70404E-01  6.70404E-01  6.70404E-01  6.70404E-01  6.70404E-01  6.70404E-01  6.70404E-01
   35158   3  0.00000E+00  0.00000E+00  0.00000E+00  0.00000E+00  0.00000E+00  0.00000E+00  0.00000E+00  0.00000E+00  0.00000E+00  0.00000E+00  0.00000E+00  0.00000E+00  0.00000E+00  0.00000E+00  0.00000E+00  0.00000E+00  0.00000E+00  0.00000E+00  0.00000E+00  0.00000E+00  0.00000E+00  0.00000E+00  0.00000E+00  0.00000E+00
   30178   3  5.07904E-02  5.07904E-02  5.07904E-02  5.07904E-02  5.07904E-02  5.07904E-02  5.07904E-02  5.07904E-02  5.07904E-02  5.07904E-02  5.07904E-02  5.07904E-02  5.07904E-02  5.07904E-02  5.07904E-02  5.07904E-02  5.07904E-02  5.07904E-02  5.07904E-02  5.07904E-02  5.07904E-02  5.07904E-02  5.07904E-02  5.07904E-02
   30178   4  3.50010E+00  3.50010E+00  3.50010E+00  3.50010E+00  3.50010E+00  3.50008E+00  3.50008E+00  3.50008E+00  3.50008E+00  3.50008E+00  3.50008E+00  3.50008E+00  3.50008E+00  3.50010E+00  3.50010E+00  3.50010E+00  3.50010E+00  3.50010E+00  3.50010E+00  3.50010E+00  3.50010E+00  3.50010E+00  3.50010E+00  3.50010E+00
   30178   7  7.87624E+00  7.87624E+00  7.87624E+00  7.87624E+00  7.87624E+00  7.87624E+00  7.87624E+00  7.87624E+00  7.87624E+00  7.87624E+00  7.87624E+00  7.87624E+00  7.87624E+00  9.79948E+00  9.79948E+00  9.79948E+00  9.79948E+00  9.79948E+00  9.79948E+00  9.79948E+00  9.79948E+00  7.87624E+00  7.87624E+00  7.87624E+00
   30177   4  7.53201E-04  7.53201E-04  7.53201E-04  7.53201E-04  7.53201E-04  7.53201E-04  7.53201E-04  7.53201E-04  7.53201E-04  7.53201E-04  7.53201E-04  7.53201E-04  7.53201E-04  7.53201E-04  7.53201E-04  7.53201E-04  7.53201E-04  7.53201E-04  7.53201E-04  7.53201E-04  7.53201E-04  7.53201E-04  7.53201E-04  7.53201E-04
   29472   3  0.00000E+00  0.00000E+00  0.00000E+00  0.00000E+00  0.00000E+00  0.00000E+00  0.00000E+00  0.00000E+00  0.00000E+00  0.00000E+00  0.00000E+00  0.00000E+00  0.00000E+00  5.81686E+01  5.81686E+01  5.81686E+01  5.81686E+01  5.81686E+01  5.81686E+01  5.81686E+01  5.81686E+01  0.00000E+00  0.00000E+00  0.00000E+00
   29472   5  0.00000E+00  0.00000E+00  0.00000E+00  0.00000E+00  0.00000E+00  0.00000E+00  0.00000E+00  0.00000E+00  0.00000E+00  0.00000E+00  0.00000E+00  0.00000E+00  0.00000E+00  1.29264E+01  1.29264E+01  1.29264E+01  1.29264E+01  1.29264E+01  1.29264E+01  1.29264E+01  1.29264E+01  0.00000E+00  0.00000E+00  0.00000E+00
   29472   4  0.00000E+00  0.00000E+00  0.00000E+00  0.00000E+00  0.00000E+00  0.00000E+00  0.00000E+00  0.00000E+00  0.00000E+00  0.00000E+00  0.00000E+00  0.00000E+00  0.00000E+00  5.81686E+01  5.81686E+01  5.81686E+01  5.81686E+01  5.81686E+01  5.81686E+01  5.81686E+01  5.81686E+01  0.00000E+00  0.00000E+00  0.00000E+00
   30531   4  7.41846E-04  7.41846E-04  7.41846E-04  7.41846E-04  7.41846E-04  7.41846E-04  7.41846E-04  7.41846E-04  7.41846E-04  7.41846E-04  7.41846E-04  7.41846E-04  7.41846E-04  7.41846E-04  7.41846E-04  7.41846E-04  7.41846E-04  7.41846E-04  7.41846E-04  7.41846E-04  7.41846E-04  7.41846E-04  7.41846E-04  7.41846E-04
   30178   5  0.00000E+00  0.00000E+00  0.00000E+00  0.00000E+00  0.00000E+00  0.00000E+00  0.00000E+00  0.00000E+00  0.00000E+00  0.00000E+00  0.00000E+00  0.00000E+00  0.00000E+00  0.00000E+00  0.00000E+00  0.00000E+00  0.00000E+00  0.00000E+00  0.00000E+00  0.00000E+00  0.00000E+00  0.00000E+00  0.00000E+00  0.00000E+00
   30526   3  4.39052E-04  4.39052E-04  4.39052E-04  4.39052E-04  4.39052E-04  4.39052E-04  4.39052E-04  4.39052E-04  4.39052E-04  4.39052E-04  4.39052E-04  4.39052E-04  4.39052E-04  4.39052E-04  4.39052E-04  4.39052E-04  4.39052E-04  4.39052E-04  4.39052E-04  4.39052E-04  4.39052E-04  4.39052E-04  4.39052E-04  4.39052E-04
   30529   3  2.07147E-02  2.07147E-02  2.07147E-02  2.07147E-02  2.07147E-02  2.07147E-02  2.07147E-02  2.07147E-02  2.07147E-02  2.07147E-02  2.07147E-02  2.07147E-02  2.07147E-02  2.07147E-02  2.07147E-02  2.07147E-02  2.07147E-02  2.07147E-02  2.07147E-02  2.07147E-02  2.07147E-02  2.07147E-02  2.07147E-02  2.07147E-02
   30529   4  5.77401E-01  5.77401E-01  5.77401E-01  5.77401E-01  5.77401E-01  5.77401E-01  5.77401E-01  5.77401E-01  5.77401E-01  5.77401E-01  5.77401E-01  5.77401E-01  5.77401E-01  5.77401E-01  5.77401E-01  5.77401E-01  5.77401E-01  5.77401E-01  5.77401E-01  5.77401E-01  5.77401E-01  5.77401E-01  5.77401E-01  5.77401E-01
   31942   4  1.14410E+01  1.14410E+01  1.14410E+01  1.14410E+01  1.14410E+01  1.14410E+01  1.14410E+01  1.14410E+01  1.14410E+01  1.14410E+01  1.14410E+01  1.14410E+01  1.14410E+01  1.14410E+01  1.14410E+01  1.14410E+01  1.14410E+01  1.14410E+01  1.14410E+01  1.14410E+01  1.14410E+01  1.14410E+01  1.14410E+01  1.14410E+01
   30884   4  9.60926E-02  9.60926E-02  9.60926E-02  9.60926E-02  9.60926E-02  9.60926E-02  9.60926E-02  9.60926E-02  9.60926E-02  9.60926E-02  9.60926E-02  9.60926E-02  9.60926E-02  9.60926E-02  9.60926E-02  9.60926E-02  9.60926E-02  9.60926E-02  9.60926E-02  9.60926E-02  9.60926E-02  9.60926E-02  9.60926E-02  9.60926E-02
   44188   2  2.51897E+00  2.45715E+00  2.43655E+00  2.40049E+00  2.26656E+00  2.04505E+00  1.81324E+00  1.53276E+00  1.41923E+00  1.36246E+00  1.34353E+00  1.38138E+00  1.49492E+00  1.67469E+00  1.90649E+00  2.04842E+00  2.16195E+00  2.26130E+00  2.29915E+00  2.33699E+00  2.35118E+00  2.37011E+00  2.36538E+00  2.35118E+00
   44899   3  0.00000E+00  0.00000E+00  0.00000E+00  0.00000E+00  0.00000E+00  0.00000E+00  0.00000E+00  0.00000E+00  0.00000E+00  0.00000E+00  0.00000E+00  0.00000E+00  0.00000E+00  0.00000E+00  0.00000E+00  0.00000E+00  0.00000E+00  0.00000E+00  0.00000E+00  0.00000E+00  0.00000E+00  0.00000E+00  0.00000E+00  0.00000E+00
   47369   3  1.53152E-02  1.53152E-02  1.53152E-02  1.53152E-02  1.53152E-02  1.53152E-02  1.53152E-02  1.53152E-02  1.53152E-02  1.53152E-02  1.53152E-02  1.53152E-02  1.53152E-02  1.53152E-02  1.53152E-02  1.53152E-02  1.53152E-02  1.53152E-02  1.53152E-02  1.53152E-02  1.53152E-02  1.53152E-02  1.53152E-02  1.53152E-02
   55130   4  9.24569E+00  9.01880E+00  8.94317E+00  8.81082E+00  8.31923E+00  7.50621E+00  6.65538E+00  5.62590E+00  5.20917E+00  5.00080E+00  4.93134E+00  5.07025E+00  5.48699E+00  6.14681E+00  6.99764E+00  7.51856E+00  7.93529E+00  8.29994E+00  8.43885E+00  8.57776E+00  8.62985E+00  8.69931E+00  8.68194E+00  8.62985E+00
   55130   3  6.93427E+00  6.76410E+00  6.70738E+00  6.60812E+00  6.23942E+00  5.62966E+00  4.99154E+00  4.21942E+00  3.90687E+00  3.75060E+00  3.69851E+00  3.80269E+00  4.11524E+00  4.61011E+00  5.24823E+00  5.63892E+00  5.95147E+00  6.22495E+00  6.32914E+00  6.43332E+00  6.47239E+00  6.52448E+00  6.51146E+00  6.47239E+00
   55121   4  8.40193E+00  8.19575E+00  8.12702E+00  8.00675E+00  7.56002E+00  6.82120E+00  6.04802E+00  5.11248E+00  4.73378E+00  4.54443E+00  4.48131E+00  4.60754E+00  4.98625E+00  5.58586E+00  6.35904E+00  6.83242E+00  7.21112E+00  7.54249E+00  7.66872E+00  7.79495E+00  7.84229E+00  7.90541E+00  7.88963E+00  7.84229E+00
   55121   3  3.97251E+00  3.87503E+00  3.84253E+00  3.78567E+00  3.57445E+00  3.22513E+00  2.85956E+00  2.41723E+00  2.23818E+00  2.14865E+00  2.11881E+00  2.17849E+00  2.35754E+00  2.64105E+00  3.00662E+00  3.23043E+00  3.40949E+00  3.56616E+00  3.62584E+00  3.68553E+00  3.70791E+00  3.73775E+00  3.73029E+00  3.70791E+00
   58290   4  2.19526E-02  2.19526E-02  2.19526E-02  2.19526E-02  2.19526E-02  2.19526E-02  2.19526E-02  2.19526E-02  2.19526E-02  2.19526E-02  2.19526E-02  2.19526E-02  2.19526E-02  2.19526E-02  2.19526E-02  2.19526E-02  2.19526E-02  2.19526E-02  2.19526E-02  2.19526E-02  2.19526E-02  2.19526E-02  2.19526E-02  2.19526E-02
   57936   4  5.60094E-04  5.60094E-04  5.60094E-04  5.60094E-04  5.60094E-04  5.60094E-04  5.60094E-04  5.60094E-04  5.60094E-04  5.60094E-04  5.60094E-04  5.60094E-04  5.60094E-04  5.60094E-04  5.60094E-04  5.60094E-04  5.60094E-04  5.60094E-04  5.60094E-04  5.60094E-04  5.60094E-04  5.60094E-04  5.60094E-04  5.60094E-04
   41032   3  0.00000E+00  0.00000E+00  0.00000E+00  0.00000E+00  0.00000E+00  0.00000E+00  0.00000E+00  0.00000E+00  0.00000E+00  0.00000E+00  0.00000E+00  0.00000E+00  0.00000E+00  0.00000E+00  0.00000E+00  0.00000E+00  0.00000E+00  0.00000E+00  0.00000E+00  0.00000E+00  0.00000E+00  0.00000E+00  0.00000E+00  0.00000E+00
   41027   3  1.28436E-03  1.28436E-03  1.28436E-03  1.28436E-03  1.28436E-03  1.28436E-03  1.28436E-03  1.28436E-03  1.28436E-03  1.28436E-03  1.28436E-03  1.28436E-03  1.28436E-03  1.28436E-03  1.28436E-03  1.28436E-03  1.28436E-03  1.28436E-03  1.28436E-03  1.28436E-03  1.28436E-03  1.28436E-03  1.28436E-03  1.28436E-03
   41027   4  0.00000E+00  0.00000E+00  0.00000E+00  0.00000E+00  0.00000E+00  0.00000E+00  0.00000E+00  0.00000E+00  0.00000E+00  0.00000E+00  0.00000E+00  0.00000E+00  0.00000E+00  0.00000E+00  0.00000E+00  0.00000E+00  0.00000E+00  0.00000E+00  0.00000E+00  0.00000E+00  0.00000E+00  0.00000E+00  0.00000E+00  0.00000E+00
   41027   2  0.00000E+00  0.00000E+00  0.00000E+00  0.00000E+00  0.00000E+00  0.00000E+00  0.00000E+00  0.00000E+00  0.00000E+00  0.00000E+00  0.00000E+00  0.00000E+00  0.00000E+00  0.00000E+00  0.00000E+00  0.00000E+00  0.00000E+00  0.00000E+00  0.00000E+00  0.00000E+00  0.00000E+00  0.00000E+00  0.00000E+00  0.00000E+00
   41031   7  3.35276E+00  3.35276E+00  3.35276E+00  3.35276E+00  3.35276E+00  3.35276E+00  3.35276E+00  3.35276E+00  3.35276E+00  3.35276E+00  3.35276E+00  3.35276E+00  3.35276E+00  3.35276E+00  3.35276E+00  3.35276E+00  3.35276E+00  3.35276E+00  3.35276E+00  3.35276E+00  3.35276E+00  3.35276E+00  3.35276E+00  3.35276E+00
   37153   2  5.80087E-02  5.65852E-02  5.61107E-02  5.52803E-02  5.21960E-02  4.70950E-02  4.17568E-02  3.52977E-02  3.26830E-02  3.13757E-02  3.09399E-02  3.18115E-02  3.44261E-02  3.85660E-02  4.39042E-02  4.71725E-02  4.97871E-02  5.20749E-02  5.29465E-02  5.38180E-02  5.41449E-02  5.45806E-02  5.44717E-02  5.41449E-02
   22551   2  0.00000E+00  0.00000E+00  0.00000E+00  0.00000E+00  0.00000E+00  0.00000E+00  0.00000E+00  0.00000E+00  0.00000E+00  0.00000E+00  0.00000E+00  0.00000E+00  0.00000E+00  0.00000E+00  0.00000E+00  0.00000E+00  0.00000E+00  0.00000E+00  0.00000E+00  0.00000E+00  0.00000E+00  0.00000E+00  0.00000E+00  0.00000E+00
   22551   3  0.00000E+00  0.00000E+00  0.00000E+00  0.00000E+00  0.00000E+00  0.00000E+00  0.00000E+00  0.00000E+00  0.00000E+00  0.00000E+00  0.00000E+00  0.00000E+00  0.00000E+00  0.00000E+00  0.00000E+00  0.00000E+00  0.00000E+00  0.00000E+00  0.00000E+00  0.00000E+00  0.00000E+00  0.00000E+00  0.00000E+00  0.00000E+00
   23253   7  1.15373E+00  1.15373E+00  1.15373E+00  1.15373E+00  1.15373E+00  1.15373E+00  1.15373E+00  1.15373E+00  1.15373E+00  1.15373E+00  1.15373E+00  1.15373E+00  1.15373E+00  1.15373E+00  1.15373E+00  1.15373E+00  1.15373E+00  1.15373E+00  1.15373E+00  1.15373E+00  1.15373E+00  1.15373E+00  1.15373E+00  1.15373E+00
   22551   4  0.00000E+00  0.00000E+00  0.00000E+00  0.00000E+00  0.00000E+00  0.00000E+00  0.00000E+00  0.00000E+00  0.00000E+00  0.00000E+00  0.00000E+00  0.00000E+00  0.00000E+00  0.00000E+00  0.00000E+00  0.00000E+00  0.00000E+00  0.00000E+00  0.00000E+00  0.00000E+00  0.00000E+00  0.00000E+00  0.00000E+00  0.00000E+00
   16894   2  2.49805E+00  2.49805E+00  2.49805E+00  2.49805E+00  2.49805E+00  2.49805E+00  2.49805E+00  2.49805E+00  2.49805E+00  2.49805E+00  2.49805E+00  2.49805E+00  2.49805E+00  2.49805E+00  2.49805E+00  2.49805E+00  2.49805E+00  2.49805E+00  2.49805E+00  2.49805E+00  2.49805E+00  2.49805E+00  2.49805E+00  2.49805E+00
   16894   3  0.00000E+00  0.00000E+00  0.00000E+00  0.00000E+00  0.00000E+00  0.00000E+00  0.00000E+00  0.00000E+00  0.00000E+00  0.00000E+00  0.00000E+00  0.00000E+00  0.00000E+00  0.00000E+00  0.00000E+00  0.00000E+00  0.00000E+00  0.00000E+00  0.00000E+00  0.00000E+00  0.00000E+00  0.00000E+00  0.00000E+00  0.00000E+00
   16894   4  0.00000E+00  0.00000E+00  0.00000E+00  0.00000E+00  0.00000E+00  0.00000E+00  0.00000E+00  0.00000E+00  0.00000E+00  0.00000E+00  0.00000E+00  0.00000E+00  0.00000E+00  0.00000E+00  0.00000E+00  0.00000E+00  0.00000E+00  0.00000E+00  0.00000E+00  0.00000E+00  0.00000E+00  0.00000E+00  0.00000E+00  0.00000E+00
   18317   3  0.00000E+00  0.00000E+00  0.00000E+00  0.00000E+00  0.00000E+00  0.00000E+00  0.00000E+00  0.00000E+00  0.00000E+00  0.00000E+00  0.00000E+00  0.00000E+00  0.00000E+00  0.00000E+00  0.00000E+00  0.00000E+00  0.00000E+00  0.00000E+00  0.00000E+00  0.00000E+00  0.00000E+00  0.00000E+00  0.00000E+00  0.00000E+00
   18513   7  1.26555E+00  1.26555E+00  1.26555E+00  1.26555E+00  1.26555E+00  1.26555E+00  1.26555E+00  1.26555E+00  1.26555E+00  1.26555E+00  1.26555E+00  1.26555E+00  1.26555E+00  1.26555E+00  1.26555E+00  1.26555E+00  1.26555E+00  1.26555E+00  1.26555E+00  1.26555E+00  1.26555E+00  1.26555E+00  1.26555E+00  1.26555E+00
   18509   3  2.89037E-04  2.89037E-04  2.89037E-04  2.89037E-04  2.89037E-04  2.89037E-04  2.89037E-04  2.89037E-04  2.89037E-04  2.89037E-04  2.89037E-04  2.89037E-04  2.89037E-04  2.89037E-04  2.89037E-04  2.89037E-04  2.89037E-04  2.89037E-04  2.89037E-04  2.89037E-04  2.89037E-04  2.89037E-04  2.89037E-04  2.89037E-04
   19219   3  1.07295E-01  1.07295E-01  1.07295E-01  1.07295E-01  1.07295E-01  1.07295E-01  1.07295E-01  1.07295E-01  1.07295E-01  1.07295E-01  1.07295E-01  1.07295E-01  1.07295E-01  1.07295E-01  1.07295E-01  1.07295E-01  1.07295E-01  1.07295E-01  1.07295E-01  1.07295E-01  1.07295E-01  1.07295E-01  1.07295E-01  1.07295E-01
   19219   2  0.00000E+00  0.00000E+00  0.00000E+00  0.00000E+00  0.00000E+00  0.00000E+00  0.00000E+00  0.00000E+00  0.00000E+00  0.00000E+00  0.00000E+00  0.00000E+00  0.00000E+00  0.00000E+00  0.00000E+00  0.00000E+00  0.00000E+00  0.00000E+00  0.00000E+00  0.00000E+00  0.00000E+00  0.00000E+00  0.00000E+00  0.00000E+00
   18505   2  0.00000E+00  0.00000E+00  0.00000E+00  0.00000E+00  0.00000E+00  0.00000E+00  0.00000E+00  0.00000E+00  0.00000E+00  0.00000E+00  0.00000E+00  0.00000E+00  0.00000E+00  0.00000E+00  0.00000E+00  0.00000E+00  0.00000E+00  0.00000E+00  0.00000E+00  0.00000E+00  0.00000E+00  0.00000E+00  0.00000E+00  0.00000E+00
   18505   3  2.19803E-01  2.19803E-01  2.19803E-01  2.19803E-01  2.19803E-01  2.19803E-01  2.19803E-01  2.19803E-01  2.19803E-01  2.19803E-01  2.19803E-01  2.19803E-01  2.19803E-01  2.19803E-01  2.19803E-01  2.19803E-01  2.19803E-01  2.19803E-01  2.19803E-01  2.19803E-01  2.19803E-01  2.19803E-01  2.19803E-01  2.19803E-01
   18505   7  6.78344E+00  6.78344E+00  6.78344E+00  6.78344E+00  6.78344E+00  6.78344E+00  6.78344E+00  6.78344E+00  6.78344E+00  6.78344E+00  6.78344E+00  6.78344E+00  6.78344E+00  6.78344E+00  6.78344E+00  6.78344E+00  6.78344E+00  6.78344E+00  6.78344E+00  6.78344E+00  6.78344E+00  6.78344E+00  6.78344E+00  6.78344E+00
   17452   2  2.32414E-01  2.32414E-01  2.32414E-01  2.32414E-01  2.32414E-01  2.32414E-01  2.32414E-01  2.32414E-01  2.32414E-01  2.32414E-01  2.32414E-01  2.32414E-01  2.32414E-01  2.32414E-01  2.32414E-01  2.32414E-01  2.32414E-01  2.32414E-01  2.32414E-01  2.32414E-01  2.32414E-01  2.32414E-01  2.32414E-01  2.32414E-01
    6979   3  0.00000E+00  0.00000E+00  0.00000E+00  0.00000E+00  0.00000E+00  0.00000E+00  0.00000E+00  0.00000E+00  0.00000E+00  0.00000E+00  0.00000E+00  0.00000E+00  0.00000E+00  0.00000E+00  0.00000E+00  0.00000E+00  0.00000E+00  0.00000E+00  0.00000E+00  0.00000E+00  0.00000E+00  0.00000E+00  0.00000E+00  0.00000E+00
    9108   3  3.15148E-02  3.15148E-02  3.15148E-02  3.15148E-02  3.15148E-02  3.15148E-02  3.15148E-02  3.15148E-02  3.15148E-02  3.15148E-02  3.15148E-02  3.15148E-02  3.15148E-02  3.15148E-02  3.15148E-02  3.15148E-02  3.15148E-02  3.15148E-02  3.15148E-02  3.15148E-02  3.15148E-02  3.15148E-02  3.15148E-02  3.15148E-02
    2407   3  0.00000E+00  0.00000E+00  0.00000E+00  0.00000E+00  0.00000E+00  0.00000E+00  0.00000E+00  0.00000E+00  0.00000E+00  0.00000E+00  0.00000E+00  0.00000E+00  0.00000E+00  0.00000E+00  0.00000E+00  0.00000E+00  0.00000E+00  0.00000E+00  0.00000E+00  0.00000E+00  0.00000E+00  0.00000E+00  0.00000E+00  0.00000E+00
    2407   2  0.00000E+00  0.00000E+00  0.00000E+00  0.00000E+00  0.00000E+00  0.00000E+00  0.00000E+00  0.00000E+00  0.00000E+00  0.00000E+00  0.00000E+00  0.00000E+00  0.00000E+00  0.00000E+00  0.00000E+00  0.00000E+00  0.00000E+00  0.00000E+00  0.00000E+00  0.00000E+00  0.00000E+00  0.00000E+00  0.00000E+00  0.00000E+00
   13341   3  3.38489E-03  3.38489E-03  3.38489E-03  3.38489E-03  3.38489E-03  3.38489E-03  3.38489E-03  3.38489E-03  3.38489E-03  3.38489E-03  3.38489E-03  3.38489E-03  3.38489E-03  3.38489E-03  3.38489E-03  3.38489E-03  3.38489E-03  3.38489E-03  3.38489E-03  3.38489E-03  3.38489E-03  3.38489E-03  3.38489E-03  3.38489E-03
    9455   3  0.00000E+00  0.00000E+00  0.00000E+00  0.00000E+00  0.00000E+00  0.00000E+00  0.00000E+00  0.00000E+00  0.00000E+00  0.00000E+00  0.00000E+00  0.00000E+00  0.00000E+00  0.00000E+00  0.00000E+00  0.00000E+00  0.00000E+00  0.00000E+00  0.00000E+00  0.00000E+00  0.00000E+00  0.00000E+00  0.00000E+00  0.00000E+00
   11927   3  7.11487E-01  7.11487E-01  7.11487E-01  7.11487E-01  7.11487E-01  7.11487E-01  7.11487E-01  7.11487E-01  7.11487E-01  7.11487E-01  7.11487E-01  7.11487E-01  7.11487E-01  7.11487E-01  7.11487E-01  7.11487E-01  7.11487E-01  7.11487E-01  7.11487E-01  7.11487E-01  7.11487E-01  7.11487E-01  7.11487E-01  7.11487E-01
   12279   3  1.30314E+00  1.30314E+00  1.30314E+00  1.30314E+00  1.30314E+00  1.30314E+00  1.30314E+00  1.30314E+00  1.30314E+00  1.30314E+00  1.30314E+00  1.30314E+00  1.30314E+00  1.30314E+00  1.30314E+00  1.30314E+00  1.30314E+00  1.30314E+00  1.30314E+00  1.30314E+00  1.30314E+00  1.30314E+00  1.30314E+00  1.30314E+00
   12635   3  2.03436E-01  2.03436E-01  2.03436E-01  2.03436E-01  2.03436E-01  2.03436E-01  2.03436E-01  2.03436E-01  2.03436E-01  2.03436E-01  2.03436E-01  2.03436E-01  2.03436E-01  2.03436E-01  2.03436E-01  2.03436E-01  2.03436E-01  2.03436E-01  2.03436E-01  2.03436E-01  2.03436E-01  2.03436E-01  2.03436E-01  2.03436E-01
   12636   3  9.85718E-02  9.85718E-02  9.85718E-02  9.85718E-02  9.85718E-02  9.85718E-02  9.85718E-02  9.85718E-02  9.85718E-02  9.85718E-02  9.85718E-02  9.85718E-02  9.85718E-02  9.85718E-02  9.85718E-02  9.85718E-02  9.85718E-02  9.85718E-02  9.85718E-02  9.85718E-02  9.85718E-02  9.85718E-02  9.85718E-02  9.85718E-02
   14046   3  2.27365E+00  2.27365E+00  2.27365E+00  2.27365E+00  2.27365E+00  2.27365E+00  2.27365E+00  2.27365E+00  2.27365E+00  2.27365E+00  2.27365E+00  2.27365E+00  2.27365E+00  2.27365E+00  2.27365E+00  2.27365E+00  2.27365E+00  2.27365E+00  2.27365E+00  2.27365E+00  2.27365E+00  2.27365E+00  2.27365E+00  2.27365E+00
   14047   3  0.00000E+00  0.00000E+00  0.00000E+00  0.00000E+00  0.00000E+00  0.00000E+00  0.00000E+00  0.00000E+00  0.00000E+00  0.00000E+00  0.00000E+00  0.00000E+00  0.00000E+00  0.00000E+00  0.00000E+00  0.00000E+00  0.00000E+00  0.00000E+00  0.00000E+00  0.00000E+00  0.00000E+00  0.00000E+00  0.00000E+00  0.00000E+00
   14047   2  5.49990E+00  5.49990E+00  5.49990E+00  5.49990E+00  5.49990E+00  5.49990E+00  5.49990E+00  5.49990E+00  5.49990E+00  5.49990E+00  5.49990E+00  5.49990E+00  5.49990E+00  5.49990E+00  5.49990E+00  5.49990E+00  5.49990E+00  5.49990E+00  5.49990E+00  5.49990E+00  5.49990E+00  5.49990E+00  5.49990E+00  5.49990E+00
    9465   3  0.00000E+00  0.00000E+00  0.00000E+00  0.00000E+00  0.00000E+00  0.00000E+00  0.00000E+00  0.00000E+00  0.00000E+00  0.00000E+00  0.00000E+00  0.00000E+00  0.00000E+00  0.00000E+00  0.00000E+00  0.00000E+00  0.00000E+00  0.00000E+00  0.00000E+00  0.00000E+00  0.00000E+00  0.00000E+00  0.00000E+00  0.00000E+00
    1352   7  1.62843E+00  1.62843E+00  1.62843E+00  1.62843E+00  1.62843E+00  1.62843E+00  1.62843E+00  1.62843E+00  1.62843E+00  1.62843E+00  1.62843E+00  1.62843E+00  1.62843E+00  1.62843E+00  1.62843E+00  1.62843E+00  1.62843E+00  1.62843E+00  1.62843E+00  1.62843E+00  1.62843E+00  1.62843E+00  1.62843E+00  1.62843E+00
    1352   4  0.00000E+00  0.00000E+00  0.00000E+00  0.00000E+00  0.00000E+00  0.00000E+00  0.00000E+00  0.00000E+00  0.00000E+00  0.00000E+00  0.00000E+00  0.00000E+00  0.00000E+00  0.00000E+00  0.00000E+00  0.00000E+00  0.00000E+00  0.00000E+00  0.00000E+00  0.00000E+00  0.00000E+00  0.00000E+00  0.00000E+00  0.00000E+00
    9106   3  8.09807E-03  8.09807E-03  8.09807E-03  8.09807E-03  8.09807E-03  8.09807E-03  8.09807E-03  8.09807E-03  8.09807E-03  8.09807E-03  8.09807E-03  8.09807E-03  8.09807E-03  8.09807E-03  8.09807E-03  8.09807E-03  8.09807E-03  8.09807E-03  8.09807E-03  8.09807E-03  8.09807E-03  8.09807E-03  8.09807E-03  8.09807E-03
    9458   7  4.06875E+00  4.06875E+00  4.06875E+00  4.06875E+00  4.06875E+00  4.06875E+00  4.06875E+00  4.06875E+00  4.06875E+00  4.06875E+00  4.06875E+00  4.06875E+00  4.06875E+00  4.06875E+00  4.06875E+00  4.06875E+00  4.06875E+00  4.06875E+00  4.06875E+00  4.06875E+00  4.06875E+00  4.06875E+00  4.06875E+00  4.06875E+00
    9458   3  0.00000E+00  0.00000E+00  0.00000E+00  0.00000E+00  0.00000E+00  0.00000E+00  0.00000E+00  0.00000E+00  0.00000E+00  0.00000E+00  0.00000E+00  0.00000E+00  0.00000E+00  0.00000E+00  0.00000E+00  0.00000E+00  0.00000E+00  0.00000E+00  0.00000E+00  0.00000E+00  0.00000E+00  0.00000E+00  0.00000E+00  0.00000E+00
    9458   2  0.00000E+00  0.00000E+00  0.00000E+00  0.00000E+00  0.00000E+00  0.00000E+00  0.00000E+00  0.00000E+00  0.00000E+00  0.00000E+00  0.00000E+00  0.00000E+00  0.00000E+00  0.00000E+00  0.00000E+00  0.00000E+00  0.00000E+00  0.00000E+00  0.00000E+00  0.00000E+00  0.00000E+00  0.00000E+00  0.00000E+00  0.00000E+00
    6635   3  0.00000E+00  0.00000E+00  0.00000E+00  0.00000E+00  0.00000E+00  0.00000E+00  0.00000E+00  0.00000E+00  0.00000E+00  0.00000E+00  0.00000E+00  0.00000E+00  0.00000E+00  0.00000E+00  0.00000E+00  0.00000E+00  0.00000E+00  0.00000E+00  0.00000E+00  0.00000E+00  0.00000E+00  0.00000E+00  0.00000E+00  0.00000E+00
    6635   2  0.00000E+00  0.00000E+00  0.00000E+00  0.00000E+00  0.00000E+00  0.00000E+00  0.00000E+00  0.00000E+00  0.00000E+00  0.00000E+00  0.00000E+00  0.00000E+00  0.00000E+00  0.00000E+00  0.00000E+00  0.00000E+00  0.00000E+00  0.00000E+00  0.00000E+00  0.00000E+00  0.00000E+00  0.00000E+00  0.00000E+00  0.00000E+00
   11586   3  1.48030E-03  1.48030E-03  1.48030E-03  1.48030E-03  1.48030E-03  1.48030E-03  1.48030E-03  1.48030E-03  1.48030E-03  1.48030E-03  1.48030E-03  1.48030E-03  1.48030E-03  1.48030E-03  1.48030E-03  1.48030E-03  1.48030E-03  1.48030E-03  1.48030E-03  1.48030E-03  1.48030E-03  1.48030E-03  1.48030E-03  1.48030E-03
   19977   3  1.42653E+02  1.42653E+02  9.60345E+00  9.60345E+00  9.60345E+00  9.56630E+00  9.56630E+00  9.56630E+00  9.56630E+00  9.56630E+00  9.56630E+00  9.56630E+00  9.56630E+00  1.42653E+02  1.42653E+02  1.42653E+02  1.42653E+02  1.42653E+02  1.42653E+02  1.42653E+02  1.42653E+02  1.42653E+02  1.42653E+02  1.42653E+02
   19977   4  2.10239E+01  2.10239E+01  2.10239E+01  2.10239E+01  2.10239E+01  2.10239E+01  2.10239E+01  2.10239E+01  2.10239E+01  2.10239E+01  2.10239E+01  2.10239E+01  2.10239E+01  2.10239E+01  2.10239E+01  2.10239E+01  2.10239E+01  2.10239E+01  2.10239E+01  2.10239E+01  2.10239E+01  2.10239E+01  2.10239E+01  2.10239E+01
   19977   5  0.00000E+00  0.00000E+00  0.00000E+00  0.00000E+00  0.00000E+00  0.00000E+00  0.00000E+00  0.00000E+00  0.00000E+00  0.00000E+00  0.00000E+00  0.00000E+00  0.00000E+00  0.00000E+00  0.00000E+00  0.00000E+00  0.00000E+00  0.00000E+00  0.00000E+00  0.00000E+00  0.00000E+00  0.00000E+00  0.00000E+00  0.00000E+00
   20329   4  7.01679E+00  7.01679E+00  7.01679E+00  7.01679E+00  7.01679E+00  7.01679E+00  7.01679E+00  7.01679E+00  7.01679E+00  7.01679E+00  7.01679E+00  7.01679E+00  7.01679E+00  7.01679E+00  7.01679E+00  7.01679E+00  7.01679E+00  7.01679E+00  7.01679E+00  7.01679E+00  7.01679E+00  7.01679E+00  7.01679E+00  7.01679E+00
   20330   4  2.25274E+01  2.25274E+01  2.25274E+01  2.25274E+01  2.25274E+01  2.25274E+01  2.25274E+01  2.25274E+01  2.25274E+01  2.25274E+01  2.25274E+01  2.25274E+01  2.25274E+01  2.25274E+01  2.25274E+01  2.25274E+01  2.25274E+01  2.25274E+01  2.25274E+01  2.25274E+01  2.25274E+01  2.25274E+01  2.25274E+01  2.25274E+01
   19977   2  1.32333E+00  1.32182E+00  1.31620E+00  1.30692E+00  1.29721E+00  1.28546E+00  1.28070E+00  1.27832E+00  1.27753E+00  1.27911E+00  1.28387E+00  1.29140E+00  1.30112E+00  1.30706E+00  1.31182E+00  1.31598E+00  1.31757E+00  1.31916E+00  1.31975E+00  1.32054E+00  1.32034E+00  1.31975E+00  1.31816E+00  1.31579E+00
   19976   4  2.21090E+01  2.21090E+01  2.21090E+01  2.21090E+01  2.21090E+01  2.21090E+01  2.21090E+01  2.21090E+01  2.21090E+01  2.21090E+01  2.21090E+01  2.21090E+01  2.21090E+01  2.21090E+01  2.21090E+01  2.21090E+01  2.21090E+01  2.21090E+01  2.21090E+01  2.21090E+01  2.21090E+01  2.21090E+01  2.21090E+01  2.21090E+01
   19977   7  6.85393E-03  6.85393E-03  6.85393E-03  6.85393E-03  6.85393E-03  0.00000E+00  0.00000E+00  0.00000E+00  0.00000E+00  0.00000E+00  0.00000E+00  0.00000E+00  6.85393E-03  4.90370E+01  4.90370E+01  4.90370E+01  4.90370E+01  4.90370E+01  4.90370E+01  4.90370E+01  4.90370E+01  6.85393E-03  6.85393E-03  6.85393E-03
   20330   3  1.80569E+01  1.80569E+01  1.36391E+01  1.36391E+01  1.36391E+01  1.36380E+01  1.36380E+01  1.36380E+01  1.36380E+01  1.36380E+01  1.36380E+01  1.36380E+01  1.36380E+01  1.80758E+01  1.80758E+01  1.80758E+01  1.80758E+01  1.80758E+01  1.80758E+01  1.80758E+01  1.80758E+01  1.80569E+01  1.80569E+01  1.80569E+01
   19976   3  6.41159E+00  6.41159E+00  1.73942E+00  1.73942E+00  1.73942E+00  1.73942E+00  1.73942E+00  1.73942E+00  1.73942E+00  1.73942E+00  1.73942E+00  1.73942E+00  1.73942E+00  6.41159E+00  6.41159E+00  6.41159E+00  6.41159E+00  6.41159E+00  6.41159E+00  6.41159E+00  6.41159E+00  6.41159E+00  6.41159E+00  6.41159E+00
   19624   3  3.07492E+01  3.07492E+01  1.91369E+00  1.91369E+00  1.91369E+00  1.91369E+00  1.91369E+00  1.91369E+00  1.91369E+00  1.91369E+00  1.91369E+00  1.91369E+00  1.91369E+00  3.07492E+01  3.07492E+01  3.07492E+01  3.07492E+01  3.07492E+01  3.07492E+01  3.07492E+01  3.07492E+01  3.07492E+01  3.07492E+01  3.07492E+01
   19271   4  6.08172E+00  6.08172E+00  6.08172E+00  6.08172E+00  6.08172E+00  6.08172E+00  6.08172E+00  6.08172E+00  6.08172E+00  6.08172E+00  6.08172E+00  6.08172E+00  6.08172E+00  6.08172E+00  6.08172E+00  6.08172E+00  6.08172E+00  6.08172E+00  6.08172E+00  6.08172E+00  6.08172E+00  6.08172E+00  6.08172E+00  6.08172E+00
   19271   7  0.00000E+00  0.00000E+00  0.00000E+00  0.00000E+00  0.00000E+00  0.00000E+00  0.00000E+00  0.00000E+00  0.00000E+00  0.00000E+00  0.00000E+00  0.00000E+00  0.00000E+00  1.49883E-01  1.49883E-01  1.49883E-01  1.49883E-01  1.49883E-01  1.49883E-01  1.49883E-01  1.49883E-01  0.00000E+00  0.00000E+00  0.00000E+00
   19624   4  4.81687E+00  4.81687E+00  4.81687E+00  4.81687E+00  4.81687E+00  4.81687E+00  4.81687E+00  4.81687E+00  4.81687E+00  4.81687E+00  4.81687E+00  4.81687E+00  4.81687E+00  4.81687E+00  4.81687E+00  4.81687E+00  4.81687E+00  4.81687E+00  4.81687E+00  4.81687E+00  4.81687E+00  4.81687E+00  4.81687E+00  4.81687E+00
   19271   3  4.71605E+00  4.71605E+00  4.63220E+00  4.63220E+00  4.63220E+00  4.63220E+00  4.63220E+00  4.63220E+00  4.63220E+00  4.63220E+00  4.63220E+00  4.63220E+00  4.63220E+00  4.71605E+00  4.71605E+00  4.71605E+00  4.71605E+00  4.71605E+00  4.71605E+00  4.71605E+00  4.71605E+00  4.71605E+00  4.71605E+00  4.71605E+00
   19272   4  1.08665E+00  1.08665E+00  1.08665E+00  1.08665E+00  1.08665E+00  1.08665E+00  1.08665E+00  1.08665E+00  1.08665E+00  1.08665E+00  1.08665E+00  1.08665E+00  1.08665E+00  1.08665E+00  1.08665E+00  1.08665E+00  1.08665E+00  1.08665E+00  1.08665E+00  1.08665E+00  1.08665E+00  1.08665E+00  1.08665E+00  1.08665E+00
   19622   3  5.48664E-04  5.48664E-04  5.48664E-04  5.48664E-04  5.48664E-04  5.48664E-04  5.48664E-04  5.48664E-04  5.48664E-04  5.48664E-04  5.48664E-04  5.48664E-04  5.48664E-04  5.48664E-04  5.48664E-04  5.48664E-04  5.48664E-04  5.48664E-04  5.48664E-04  5.48664E-04  5.48664E-04  5.48664E-04  5.48664E-04  5.48664E-04
   19269   4  6.10433E-04  6.10433E-04  6.10433E-04  6.10433E-04  6.10433E-04  6.10433E-04  6.10433E-04  6.10433E-04  6.10433E-04  6.10433E-04  6.10433E-04  6.10433E-04  6.10433E-04  6.10433E-04  6.10433E-04  6.10433E-04  6.10433E-04  6.10433E-04  6.10433E-04  6.10433E-04  6.10433E-04  6.10433E-04  6.10433E-04  6.10433E-04
   20330   5  0.00000E+00  0.00000E+00  0.00000E+00  0.00000E+00  0.00000E+00  0.00000E+00  0.00000E+00  0.00000E+00  0.00000E+00  0.00000E+00  0.00000E+00  0.00000E+00  0.00000E+00  0.00000E+00  0.00000E+00  0.00000E+00  0.00000E+00  0.00000E+00  0.00000E+00  0.00000E+00  0.00000E+00  0.00000E+00  0.00000E+00  0.00000E+00
   19978   4  1.66705E+01  1.66705E+01  1.66705E+01  1.66705E+01  1.66705E+01  1.66705E+01  1.66705E+01  1.66705E+01  1.66705E+01  1.66705E+01  1.66705E+01  1.66705E+01  1.66705E+01  1.66705E+01  1.66705E+01  1.66705E+01  1.66705E+01  1.66705E+01  1.66705E+01  1.66705E+01  1.66705E+01  1.66705E+01  1.66705E+01  1.66705E+01
   19978   3  6.27797E+00  6.27797E+00  1.90797E+00  1.90797E+00  1.90797E+00  1.90797E+00  1.90797E+00  1.90797E+00  1.90797E+00  1.90797E+00  1.90797E+00  1.90797E+00  1.90797E+00  6.27797E+00  6.27797E+00  6.27797E+00  6.27797E+00  6.27797E+00  6.27797E+00  6.27797E+00  6.27797E+00  6.27797E+00  6.27797E+00  6.27797E+00
   19625   3  2.52012E+01  2.52012E+01  1.41323E+01  1.41323E+01  1.41323E+01  1.41321E+01  1.41321E+01  1.41321E+01  1.41321E+01  1.41321E+01  1.41321E+01  1.41321E+01  1.41321E+01  2.52012E+01  2.52012E+01  2.52012E+01  2.52012E+01  2.52012E+01  2.52012E+01  2.52012E+01  2.52012E+01  2.52012E+01  2.52012E+01  2.52012E+01
   19625   4  3.34695E+01  3.34695E+01  3.34695E+01  3.34695E+01  3.34695E+01  3.34695E+01  3.34695E+01  3.34695E+01  3.34695E+01  3.34695E+01  3.34695E+01  3.34695E+01  3.34695E+01  3.34695E+01  3.34695E+01  3.34695E+01  3.34695E+01  3.34695E+01  3.34695E+01  3.34695E+01  3.34695E+01  3.34695E+01  3.34695E+01  3.34695E+01
   19625   7  3.32651E-03  3.32651E-03  3.32651E-03  3.32651E-03  3.32651E-03  0.00000E+00  0.00000E+00  0.00000E+00  0.00000E+00  0.00000E+00  0.00000E+00  0.00000E+00  3.32651E-03  7.47209E-01  7.47209E-01  7.47209E-01  7.47209E-01  7.47209E-01  7.47209E-01  7.47209E-01  7.47209E-01  3.32651E-03  3.32651E-03  3.32651E-03
   19625   5  0.00000E+00  0.00000E+00  0.00000E+00  0.00000E+00  0.00000E+00  0.00000E+00  0.00000E+00  0.00000E+00  0.00000E+00  0.00000E+00  0.00000E+00  0.00000E+00  0.00000E+00  0.00000E+00  0.00000E+00  0.00000E+00  0.00000E+00  0.00000E+00  0.00000E+00  0.00000E+00  0.00000E+00  0.00000E+00  0.00000E+00  0.00000E+00
   19272   3  5.63972E-01  5.63972E-01  2.73275E-02  2.73275E-02  2.73275E-02  2.73275E-02  2.73275E-02  2.73275E-02  2.73275E-02  2.73275E-02  2.73275E-02  2.73275E-02  2.73275E-02  5.63972E-01  5.63972E-01  5.63972E-01  5.63972E-01  5.63972E-01  5.63972E-01  5.63972E-01  5.63972E-01  5.63972E-01  5.63972E-01  5.63972E-01
   19626   3  4.80498E-01  4.80498E-01  4.80498E-01  4.80498E-01  4.80498E-01  4.33494E-01  4.33494E-01  4.33494E-01  4.33494E-01  4.33494E-01  4.33494E-01  4.33494E-01  4.33494E-01  4.81533E-01  4.81533E-01  4.81533E-01  4.81533E-01  4.81533E-01  4.81533E-01  4.81533E-01  4.81533E-01  4.80498E-01  4.80498E-01  4.80498E-01
   19626   4  8.00784E+00  8.00784E+00  8.00784E+00  8.00784E+00  8.00784E+00  8.00784E+00  8.00784E+00  8.00784E+00  8.00784E+00  8.00784E+00  8.00784E+00  8.00784E+00  8.00784E+00  8.00784E+00  8.00784E+00  8.00784E+00  8.00784E+00  8.00784E+00  8.00784E+00  8.00784E+00  8.00784E+00  8.00784E+00  8.00784E+00  8.00784E+00
   19626   5  0.00000E+00  0.00000E+00  0.00000E+00  0.00000E+00  0.00000E+00  0.00000E+00  0.00000E+00  0.00000E+00  0.00000E+00  0.00000E+00  0.00000E+00  0.00000E+00  0.00000E+00  0.00000E+00  0.00000E+00  0.00000E+00  0.00000E+00  0.00000E+00  0.00000E+00  0.00000E+00  0.00000E+00  0.00000E+00  0.00000E+00  0.00000E+00
   19270   3  3.75469E-01  3.75469E-01  2.81240E-01  2.81240E-01  2.81240E-01  2.81240E-01  2.81240E-01  2.81240E-01  2.81240E-01  2.81240E-01  2.81240E-01  2.81240E-01  2.81240E-01  3.75485E-01  3.75485E-01  3.75485E-01  3.75485E-01  3.75485E-01  3.75485E-01  3.75485E-01  3.75485E-01  3.75469E-01  3.75469E-01  3.75469E-01
   19270   4  2.85812E+00  2.85812E+00  2.85812E+00  2.85812E+00  2.85812E+00  2.85812E+00  2.85812E+00  2.85812E+00  2.85812E+00  2.85812E+00  2.85812E+00  2.85812E+00  2.85812E+00  2.85936E+00  2.85936E+00  2.85936E+00  2.85936E+00  2.85936E+00  2.85936E+00  2.85936E+00  2.85936E+00  2.85812E+00  2.85812E+00  2.85812E+00
   19623   4  3.64128E-04  3.64128E-04  3.64128E-04  3.64128E-04  3.64128E-04  3.64128E-04  3.64128E-04  3.64128E-04  3.64128E-04  3.64128E-04  3.64128E-04  3.64128E-04  3.64128E-04  3.64128E-04  3.64128E-04  3.64128E-04  3.64128E-04  3.64128E-04  3.64128E-04  3.64128E-04  3.64128E-04  3.64128E-04  3.64128E-04  3.64128E-04
   19623   3  4.38421E-01  4.38421E-01  4.38421E-01  4.38421E-01  4.38421E-01  4.38421E-01  4.38421E-01  4.38421E-01  4.38421E-01  4.38421E-01  4.38421E-01  4.38421E-01  4.38421E-01  4.38421E-01  4.38421E-01  4.38421E-01  4.38421E-01  4.38421E-01  4.38421E-01  4.38421E-01  4.38421E-01  4.38421E-01  4.38421E-01  4.38421E-01
   19623   7  0.00000E+00  0.00000E+00  0.00000E+00  0.00000E+00  0.00000E+00  0.00000E+00  0.00000E+00  0.00000E+00  0.00000E+00  0.00000E+00  0.00000E+00  0.00000E+00  0.00000E+00  8.89030E-01  8.89030E-01  8.89030E-01  8.89030E-01  8.89030E-01  8.89030E-01  8.89030E-01  8.89030E-01  0.00000E+00  0.00000E+00  0.00000E+00
   19273   4  2.33702E+00  2.33702E+00  2.33702E+00  2.33702E+00  2.33702E+00  2.33702E+00  2.33702E+00  2.33702E+00  2.33702E+00  2.33702E+00  2.33702E+00  2.33702E+00  2.33702E+00  2.33702E+00  2.33702E+00  2.33702E+00  2.33702E+00  2.33702E+00  2.33702E+00  2.33702E+00  2.33702E+00  2.33702E+00  2.33702E+00  2.33702E+00
   19273   3  7.19786E-01  7.19786E-01  4.17923E-01  4.17923E-01  4.17923E-01  4.17923E-01  4.17923E-01  4.17923E-01  4.17923E-01  4.17923E-01  4.17923E-01  4.17923E-01  4.17923E-01  7.30757E-01  7.30757E-01  7.30757E-01  7.30757E-01  7.30757E-01  7.30757E-01  7.30757E-01  7.30757E-01  7.19786E-01  7.19786E-01  7.19786E-01
   19273   5  1.19570E-03  1.19570E-03  1.19570E-03  1.19570E-03  1.19570E-03  1.19570E-03  1.19570E-03  1.19570E-03  1.19570E-03  1.19570E-03  1.19570E-03  1.19570E-03  1.19570E-03  1.19570E-03  1.19570E-03  1.19570E-03  1.19570E-03  1.19570E-03  1.19570E-03  1.19570E-03  1.19570E-03  1.19570E-03  1.19570E-03  1.19570E-03
   18917   4  1.25634E+00  1.25634E+00  1.25634E+00  1.25634E+00  1.25634E+00  1.25634E+00  1.25634E+00  1.25634E+00  1.25634E+00  1.25634E+00  1.25634E+00  1.25634E+00  1.25634E+00  1.25634E+00  1.25634E+00  1.25634E+00  1.25634E+00  1.25634E+00  1.25634E+00  1.25634E+00  1.25634E+00  1.25634E+00  1.25634E+00  1.25634E+00
   18917   3  4.79287E-01  4.79287E-01  1.33801E-03  1.33801E-03  1.33801E-03  1.33801E-03  1.33801E-03  1.33801E-03  1.33801E-03  1.33801E-03  1.33801E-03  1.33801E-03  1.33801E-03  4.79287E-01  4.79287E-01  4.79287E-01  4.79287E-01  4.79287E-01  4.79287E-01  4.79287E-01  4.79287E-01  4.79287E-01  4.79287E-01  4.79287E-01
   18919   3  3.25512E-01  3.25512E-01  1.08898E-01  1.08898E-01  1.08898E-01  1.08898E-01  1.08898E-01  1.08898E-01  1.08898E-01  1.08898E-01  1.08898E-01  1.08898E-01  1.08898E-01  3.25512E-01  3.25512E-01  3.25512E-01  3.25512E-01  3.25512E-01  3.25512E-01  3.25512E-01  3.25512E-01  3.25512E-01  3.25512E-01  3.25512E-01
   18919   4  2.37071E-01  2.37071E-01  2.37071E-01  2.37071E-01  2.37071E-01  2.37071E-01  2.37071E-01  2.37071E-01  2.37071E-01  2.37071E-01  2.37071E-01  2.37071E-01  2.37071E-01  2.37071E-01  2.37071E-01  2.37071E-01  2.37071E-01  2.37071E-01  2.37071E-01  2.37071E-01  2.37071E-01  2.37071E-01  2.37071E-01  2.37071E-01
   19624   5  0.00000E+00  0.00000E+00  0.00000E+00  0.00000E+00  0.00000E+00  0.00000E+00  0.00000E+00  0.00000E+00  0.00000E+00  0.00000E+00  0.00000E+00  0.00000E+00  0.00000E+00  0.00000E+00  0.00000E+00  0.00000E+00  0.00000E+00  0.00000E+00  0.00000E+00  0.00000E+00  0.00000E+00  0.00000E+00  0.00000E+00  0.00000E+00
   19976   5  0.00000E+00  0.00000E+00  0.00000E+00  0.00000E+00  0.00000E+00  0.00000E+00  0.00000E+00  0.00000E+00  0.00000E+00  0.00000E+00  0.00000E+00  0.00000E+00  0.00000E+00  0.00000E+00  0.00000E+00  0.00000E+00  0.00000E+00  0.00000E+00  0.00000E+00  0.00000E+00  0.00000E+00  0.00000E+00  0.00000E+00  0.00000E+00
   19976   2  1.86256E+00  1.86256E+00  1.86256E+00  1.86256E+00  1.86256E+00  1.86256E+00  1.86256E+00  1.86256E+00  1.86256E+00  1.86256E+00  1.86256E+00  1.86256E+00  1.86256E+00  1.86256E+00  1.86256E+00  1.86256E+00  1.86256E+00  1.86256E+00  1.86256E+00  1.86256E+00  1.86256E+00  1.86256E+00  1.86256E+00  1.86256E+00
   19978   7  0.00000E+00  0.00000E+00  0.00000E+00  0.00000E+00  0.00000E+00  0.00000E+00  0.00000E+00  0.00000E+00  0.00000E+00  0.00000E+00  0.00000E+00  0.00000E+00  0.00000E+00  9.23485E-01  9.23485E-01  9.23485E-01  9.23485E-01  9.23485E-01  9.23485E-01  9.23485E-01  9.23485E-01  0.00000E+00  0.00000E+00  0.00000E+00
   44604   3  5.50473E-04  5.50473E-04  5.50473E-04  5.50473E-04  5.50473E-04  5.50473E-04  5.50473E-04  5.50473E-04  5.50473E-04  5.50473E-04  5.50473E-04  5.50473E-04  5.50473E-04  5.50473E-04  5.50473E-04  5.50473E-04  5.50473E-04  5.50473E-04  5.50473E-04  5.50473E-04  5.50473E-04  5.50473E-04  5.50473E-04  5.50473E-04
   42517   3  6.42474E-06  6.42474E-06  6.42474E-06  6.42474E-06  6.42474E-06  6.42474E-06  6.42474E-06  6.42474E-06  6.42474E-06  6.42474E-06  6.42474E-06  6.42474E-06  6.42474E-06  6.42474E-06  6.42474E-06  6.42474E-06  6.42474E-06  6.42474E-06  6.42474E-06  6.42474E-06  6.42474E-06  6.42474E-06  6.42474E-06  6.42474E-06
   43929   3  0.00000E+00  0.00000E+00  0.00000E+00  0.00000E+00  0.00000E+00  0.00000E+00  0.00000E+00  0.00000E+00  0.00000E+00  0.00000E+00  0.00000E+00  0.00000E+00  0.00000E+00  0.00000E+00  0.00000E+00  0.00000E+00  0.00000E+00  0.00000E+00  0.00000E+00  0.00000E+00  0.00000E+00  0.00000E+00  0.00000E+00  0.00000E+00
   39330   3  1.71367E-03  1.71367E-03  1.71367E-03  1.71367E-03  1.71367E-03  1.71367E-03  1.71367E-03  1.71367E-03  1.71367E-03  1.71367E-03  1.71367E-03  1.71367E-03  1.71367E-03  1.71367E-03  1.71367E-03  1.71367E-03  1.71367E-03  1.71367E-03  1.71367E-03  1.71367E-03  1.71367E-03  1.71367E-03  1.71367E-03  1.71367E-03
   39327   2  0.00000E+00  0.00000E+00  0.00000E+00  0.00000E+00  0.00000E+00  0.00000E+00  0.00000E+00  0.00000E+00  0.00000E+00  0.00000E+00  0.00000E+00  0.00000E+00  0.00000E+00  0.00000E+00  0.00000E+00  0.00000E+00  0.00000E+00  0.00000E+00  0.00000E+00  0.00000E+00  0.00000E+00  0.00000E+00  0.00000E+00  0.00000E+00
   39327   4  1.94326E+00  1.94326E+00  1.94326E+00  1.94326E+00  1.94326E+00  1.94326E+00  1.94326E+00  1.94326E+00  1.94326E+00  1.94326E+00  1.94326E+00  1.94326E+00  1.94326E+00  1.94326E+00  1.94326E+00  1.94326E+00  1.94326E+00  1.94326E+00  1.94326E+00  1.94326E+00  1.94326E+00  1.94326E+00  1.94326E+00  1.94326E+00
   39683   4  1.40118E-01  1.40118E-01  1.40118E-01  1.40118E-01  1.40118E-01  1.40118E-01  1.40118E-01  1.40118E-01  1.40118E-01  1.40118E-01  1.40118E-01  1.40118E-01  1.40118E-01  1.40118E-01  1.40118E-01  1.40118E-01  1.40118E-01  1.40118E-01  1.40118E-01  1.40118E-01  1.40118E-01  1.40118E-01  1.40118E-01  1.40118E-01
   39682   7  2.06373E+02  2.06373E+02  2.06373E+02  2.06373E+02  2.06373E+02  2.06373E+02  2.06373E+02  2.06373E+02  2.06373E+02  2.06373E+02  2.06373E+02  2.06373E+02  2.06373E+02  2.06373E+02  2.06373E+02  2.06373E+02  2.06373E+02  2.06373E+02  2.06373E+02  2.06373E+02  2.06373E+02  2.06373E+02  2.06373E+02  2.06373E+02
   46049   3  0.00000E+00  0.00000E+00  0.00000E+00  0.00000E+00  0.00000E+00  0.00000E+00  0.00000E+00  0.00000E+00  0.00000E+00  0.00000E+00  0.00000E+00  0.00000E+00  0.00000E+00  0.00000E+00  0.00000E+00  0.00000E+00  0.00000E+00  0.00000E+00  0.00000E+00  0.00000E+00  0.00000E+00  0.00000E+00  0.00000E+00  0.00000E+00
   46755   2  2.89797E-01  2.85508E-01  2.69579E-01  2.43234E-01  2.15663E-01  1.82303E-01  1.68799E-01  1.62047E-01  1.59797E-01  1.64298E-01  1.77802E-01  1.99183E-01  2.26754E-01  2.43634E-01  2.57138E-01  2.68954E-01  2.73455E-01  2.77956E-01  2.79644E-01  2.81895E-01  2.81332E-01  2.79644E-01  2.75143E-01  2.68391E-01
   46403   3  3.36132E+00  3.31157E+00  3.12680E+00  2.82123E+00  2.50144E+00  2.11451E+00  1.95788E+00  1.87956E+00  1.85346E+00  1.90567E+00  2.06230E+00  2.31030E+00  2.63008E+00  2.82587E+00  2.98250E+00  3.11955E+00  3.17176E+00  3.22397E+00  3.24355E+00  3.26966E+00  3.26313E+00  3.24355E+00  3.19134E+00  3.11303E+00
   46755   1  4.38879E-01  4.32384E-01  4.08260E-01  3.68362E-01  3.26608E-01  2.76087E-01  2.55636E-01  2.45410E-01  2.42002E-01  2.48819E-01  2.69270E-01  3.01650E-01  3.43404E-01  3.68967E-01  3.89418E-01  4.07313E-01  4.14130E-01  4.20947E-01  4.23503E-01  4.26912E-01  4.26059E-01  4.23503E-01  4.16686E-01  4.06461E-01
   46755   3  5.14069E-02  5.14069E-02  5.14069E-02  5.14069E-02  5.14069E-02  5.14069E-02  5.14069E-02  5.14069E-02  5.14069E-02  5.14069E-02  5.14069E-02  5.14069E-02  5.14069E-02  5.14069E-02  5.14069E-02  5.14069E-02  5.14069E-02  5.14069E-02  5.14069E-02  5.14069E-02  5.14069E-02  5.14069E-02  5.14069E-02  5.14069E-02
   46755   4  9.04395E-01  9.04395E-01  9.04395E-01  9.04395E-01  9.04395E-01  9.04395E-01  9.04395E-01  9.04395E-01  9.04395E-01  9.04395E-01  9.04395E-01  9.04395E-01  9.04395E-01  9.04395E-01  9.04395E-01  9.04395E-01  9.04395E-01  9.04395E-01  9.04395E-01  9.04395E-01  9.04395E-01  9.04395E-01  9.04395E-01  9.04395E-01
   46753   4  0.00000E+00  0.00000E+00  0.00000E+00  0.00000E+00  0.00000E+00  0.00000E+00  0.00000E+00  0.00000E+00  0.00000E+00  0.00000E+00  0.00000E+00  0.00000E+00  0.00000E+00  2.32546E-01  2.32546E-01  2.32546E-01  2.32546E-01  2.32546E-01  2.32546E-01  2.32546E-01  2.32546E-01  0.00000E+00  0.00000E+00  0.00000E+00
   47110   3  1.78889E-02  1.78889E-02  1.78889E-02  1.78889E-02  1.78889E-02  1.78889E-02  1.78889E-02  1.78889E-02  1.78889E-02  1.78889E-02  1.78889E-02  1.78889E-02  1.78889E-02  1.78889E-02  1.78889E-02  1.78889E-02  1.78889E-02  1.78889E-02  1.78889E-02  1.78889E-02  1.78889E-02  1.78889E-02  1.78889E-02  1.78889E-02
   46402   7  1.73941E+01  1.73941E+01  1.73941E+01  1.73941E+01  1.73941E+01  1.73941E+01  1.73941E+01  1.73941E+01  1.73941E+01  1.73941E+01  1.73941E+01  1.73941E+01  1.73941E+01  1.73941E+01  1.73941E+01  1.73941E+01  1.73941E+01  1.73941E+01  1.73941E+01  1.73941E+01  1.73941E+01  1.73941E+01  1.73941E+01  1.73941E+01
   47787   3  7.14780E-05  7.14780E-05  7.14780E-05  7.14780E-05  7.14780E-05  7.14780E-05  7.14780E-05  7.14780E-05  7.14780E-05  7.14780E-05  7.14780E-05  7.14780E-05  7.14780E-05  7.14780E-05  7.14780E-05  7.14780E-05  7.14780E-05  7.14780E-05  7.14780E-05  7.14780E-05  7.14780E-05  7.14780E-05  7.14780E-05  7.14780E-05
   47460   4  0.00000E+00  0.00000E+00  0.00000E+00  0.00000E+00  0.00000E+00  0.00000E+00  0.00000E+00  0.00000E+00  0.00000E+00  0.00000E+00  0.00000E+00  0.00000E+00  0.00000E+00  0.00000E+00  0.00000E+00  0.00000E+00  0.00000E+00  0.00000E+00  0.00000E+00  0.00000E+00  0.00000E+00  0.00000E+00  0.00000E+00  0.00000E+00
   42139   3  8.97126E-01  8.97126E-01  8.97126E-01  8.97126E-01  8.97126E-01  8.97126E-01  8.97126E-01  8.97126E-01  8.97126E-01  8.97126E-01  8.97126E-01  8.97126E-01  8.97126E-01  8.97126E-01  8.97126E-01  8.97126E-01  8.97126E-01  8.97126E-01  8.97126E-01  8.97126E-01  8.97126E-01  8.97126E-01  8.97126E-01  8.97126E-01
   41804   3  1.61981E-04  1.61981E-04  1.61981E-04  1.61981E-04  1.61981E-04  1.61981E-04  1.61981E-04  1.61981E-04  1.61981E-04  1.61981E-04  1.61981E-04  1.61981E-04  1.61981E-04  1.61981E-04  1.61981E-04  1.61981E-04  1.61981E-04  1.61981E-04  1.61981E-04  1.61981E-04  1.61981E-04  1.61981E-04  1.61981E-04  1.61981E-04
   40021   4  2.65981E-04  2.65981E-04  2.65981E-04  2.65981E-04  2.65981E-04  2.65981E-04  2.65981E-04  2.65981E-04  2.65981E-04  2.65981E-04  2.65981E-04  2.65981E-04  2.65981E-04  2.65981E-04  2.65981E-04  2.65981E-04  2.65981E-04  2.65981E-04  2.65981E-04  2.65981E-04  2.65981E-04  2.65981E-04  2.65981E-04  2.65981E-04
   43907   3  0.00000E+00  0.00000E+00  0.00000E+00  0.00000E+00  0.00000E+00  0.00000E+00  0.00000E+00  0.00000E+00  0.00000E+00  0.00000E+00  0.00000E+00  0.00000E+00  0.00000E+00  0.00000E+00  0.00000E+00  0.00000E+00  0.00000E+00  0.00000E+00  0.00000E+00  0.00000E+00  0.00000E+00  0.00000E+00  0.00000E+00  0.00000E+00
   24538   7  9.35195E-01  9.35195E-01  9.35195E-01  9.35195E-01  9.35195E-01  9.35195E-01  9.35195E-01  9.35195E-01  9.35195E-01  9.35195E-01  9.35195E-01  9.35195E-01  9.35195E-01  9.35195E-01  9.35195E-01  9.35195E-01  9.35195E-01  9.35195E-01  9.35195E-01  9.35195E-01  9.35195E-01  9.35195E-01  9.35195E-01  9.35195E-01
   24549   3  0.00000E+00  0.00000E+00  0.00000E+00  0.00000E+00  0.00000E+00  0.00000E+00  0.00000E+00  0.00000E+00  0.00000E+00  0.00000E+00  0.00000E+00  0.00000E+00  0.00000E+00  0.00000E+00  0.00000E+00  0.00000E+00  0.00000E+00  0.00000E+00  0.00000E+00  0.00000E+00  0.00000E+00  0.00000E+00  0.00000E+00  0.00000E+00
   24549   4  4.60097E-03  4.60097E-03  4.60097E-03  4.60097E-03  4.60097E-03  4.60097E-03  4.60097E-03  4.60097E-03  4.60097E-03  4.60097E-03  4.60097E-03  4.60097E-03  4.60097E-03  4.60097E-03  4.60097E-03  4.60097E-03  4.60097E-03  4.60097E-03  4.60097E-03  4.60097E-03  4.60097E-03  4.60097E-03  4.60097E-03  4.60097E-03
   24547   4  1.26621E+00  1.26621E+00  1.26621E+00  1.26621E+00  1.26621E+00  1.26621E+00  1.26621E+00  1.26621E+00  1.26621E+00  1.26621E+00  1.26621E+00  1.26621E+00  1.26621E+00  8.47398E+01  8.47398E+01  8.47398E+01  8.47398E+01  8.47398E+01  8.47398E+01  8.47398E+01  8.47398E+01  1.26621E+00  1.26621E+00  1.26621E+00
   24547   6  5.63768E+01  5.63768E+01  5.63768E+01  5.63768E+01  5.63768E+01  5.63768E+01  5.63768E+01  5.63768E+01  5.63768E+01  5.63768E+01  5.63768E+01  5.63768E+01  5.63768E+01  5.63768E+01  5.63768E+01  5.63768E+01  5.63768E+01  5.63768E+01  5.63768E+01  5.63768E+01  5.63768E+01  5.63768E+01  5.63768E+01  5.63768E+01
   24547   2  8.05383E+00  8.05383E+00  8.05383E+00  8.05383E+00  8.05383E+00  8.05383E+00  8.05383E+00  8.05383E+00  8.05383E+00  8.05383E+00  8.05383E+00  8.05383E+00  8.05383E+00  8.05383E+00  8.05383E+00  8.05383E+00  8.05383E+00  8.05383E+00  8.05383E+00  8.05383E+00  8.05383E+00  8.05383E+00  8.05383E+00  8.05383E+00
   24547   5  3.22153E+01  3.22153E+01  3.22153E+01  3.22153E+01  3.22153E+01  3.22153E+01  3.22153E+01  3.22153E+01  3.22153E+01  3.22153E+01  3.22153E+01  3.22153E+01  3.22153E+01  5.07650E+01  5.07650E+01  5.07650E+01  5.07650E+01  5.07650E+01  5.07650E+01  5.07650E+01  5.07650E+01  3.22153E+01  3.22153E+01  3.22153E+01
   24547   3  8.05383E+00  8.05383E+00  8.05383E+00  8.05383E+00  8.05383E+00  8.05383E+00  8.05383E+00  8.05383E+00  8.05383E+00  8.05383E+00  8.05383E+00  8.05383E+00  8.05383E+00  9.15274E+01  9.15274E+01  9.15274E+01  9.15274E+01  9.15274E+01  9.15274E+01  9.15274E+01  9.15274E+01  8.05383E+00  8.05383E+00  8.05383E+00
   24547   7  3.19932E+00  3.19932E+00  3.19932E+00  3.19932E+00  3.19932E+00  3.19932E+00  3.19932E+00  3.19932E+00  3.19932E+00  3.19932E+00  3.19932E+00  3.19932E+00  3.19932E+00  3.19932E+00  3.19932E+00  3.19932E+00  3.19932E+00  3.19932E+00  3.19932E+00  3.19932E+00  3.19932E+00  3.19932E+00  3.19932E+00  3.19932E+00
   26660   3  1.12228E-02  1.12228E-02  1.12228E-02  1.12228E-02  1.12228E-02  1.12228E-02  1.12228E-02  1.12228E-02  1.12228E-02  1.12228E-02  1.12228E-02  1.12228E-02  1.12228E-02  1.12228E-02  1.12228E-02  1.12228E-02  1.12228E-02  1.12228E-02  1.12228E-02  1.12228E-02  1.12228E-02  1.12228E-02  1.12228E-02  1.12228E-02
   25246   4  2.29327E-02  2.29327E-02  2.29327E-02  2.29327E-02  2.29327E-02  2.29327E-02  2.29327E-02  2.29327E-02  2.29327E-02  2.29327E-02  2.29327E-02  2.29327E-02  2.29327E-02  2.29327E-02  2.29327E-02  2.29327E-02  2.29327E-02  2.29327E-02  2.29327E-02  2.29327E-02  2.29327E-02  2.29327E-02  2.29327E-02  2.29327E-02
   25246   7  1.10847E+01  1.10847E+01  1.10847E+01  1.10847E+01  1.10847E+01  1.10847E+01  1.10847E+01  1.10847E+01  1.10847E+01  1.10847E+01  1.10847E+01  1.10847E+01  1.10847E+01  1.10847E+01  1.10847E+01  1.10847E+01  1.10847E+01  1.10847E+01  1.10847E+01  1.10847E+01  1.10847E+01  1.10847E+01  1.10847E+01  1.10847E+01
   27008   7  5.93840E+00  5.93840E+00  5.93840E+00  5.93840E+00  5.93840E+00  5.90954E+00  5.90954E+00  5.90954E+00  5.90954E+00  5.90954E+00  5.90954E+00  5.90954E+00  5.93840E+00  5.93840E+00  5.93840E+00  5.93840E+00  5.93840E+00  5.93840E+00  5.93840E+00  5.93840E+00  5.93840E+00  5.93840E+00  5.93840E+00  5.93840E+00
   27008   4  0.00000E+00  0.00000E+00  0.00000E+00  0.00000E+00  0.00000E+00  0.00000E+00  0.00000E+00  0.00000E+00  0.00000E+00  0.00000E+00  0.00000E+00  0.00000E+00  0.00000E+00  0.00000E+00  0.00000E+00  0.00000E+00  0.00000E+00  0.00000E+00  0.00000E+00  0.00000E+00  0.00000E+00  0.00000E+00  0.00000E+00  0.00000E+00
   24896   2  1.06761E+02  1.06761E+02  1.06761E+02  1.06761E+02  1.06761E+02  1.06761E+02  1.06761E+02  1.06761E+02  1.06761E+02  1.06761E+02  1.06761E+02  1.06761E+02  1.06761E+02  1.06761E+02  1.06761E+02  1.06761E+02  1.06761E+02  1.06761E+02  1.06761E+02  1.06761E+02  1.06761E+02  1.06761E+02  1.06761E+02  1.06761E+02
   24896   6  0.00000E+00  0.00000E+00  0.00000E+00  0.00000E+00  0.00000E+00  0.00000E+00  0.00000E+00  0.00000E+00  0.00000E+00  0.00000E+00  0.00000E+00  0.00000E+00  0.00000E+00  0.00000E+00  0.00000E+00  0.00000E+00  0.00000E+00  0.00000E+00  0.00000E+00  0.00000E+00  0.00000E+00  0.00000E+00  0.00000E+00  0.00000E+00
   24896   7  3.69542E-01  3.69542E-01  3.69542E-01  3.69542E-01  3.69542E-01  3.08137E-01  3.08137E-01  3.08137E-01  3.08137E-01  3.08137E-01  3.08137E-01  3.08137E-01  3.69542E-01  3.69542E-01  3.69542E-01  3.69542E-01  3.69542E-01  3.69542E-01  3.69542E-01  3.69542E-01  3.69542E-01  3.69542E-01  3.69542E-01  3.69542E-01
   24896   3  0.00000E+00  0.00000E+00  0.00000E+00  0.00000E+00  0.00000E+00  0.00000E+00  0.00000E+00  0.00000E+00  0.00000E+00  0.00000E+00  0.00000E+00  0.00000E+00  0.00000E+00  0.00000E+00  0.00000E+00  0.00000E+00  0.00000E+00  0.00000E+00  0.00000E+00  0.00000E+00  0.00000E+00  0.00000E+00  0.00000E+00  0.00000E+00
   24896   4  0.00000E+00  0.00000E+00  0.00000E+00  0.00000E+00  0.00000E+00  0.00000E+00  0.00000E+00  0.00000E+00  0.00000E+00  0.00000E+00  0.00000E+00  0.00000E+00  0.00000E+00  0.00000E+00  0.00000E+00  0.00000E+00  0.00000E+00  0.00000E+00  0.00000E+00  0.00000E+00  0.00000E+00  0.00000E+00  0.00000E+00  0.00000E+00
   23133   3  7.61899E-04  7.61899E-04  7.61899E-04  7.61899E-04  7.61899E-04  7.61899E-04  7.61899E-04  7.61899E-04  7.61899E-04  7.61899E-04  7.61899E-04  7.61899E-04  7.61899E-04  7.61899E-04  7.61899E-04  7.61899E-04  7.61899E-04  7.61899E-04  7.61899E-04  7.61899E-04  7.61899E-04  7.61899E-04  7.61899E-04  7.61899E-04
   26300   4  8.95045E-03  8.95045E-03  8.95045E-03  8.95045E-03  8.95045E-03  8.95045E-03  8.95045E-03  8.95045E-03  8.95045E-03  8.95045E-03  8.95045E-03  8.95045E-03  8.95045E-03  8.95045E-03  8.95045E-03  8.95045E-03  8.95045E-03  8.95045E-03  8.95045E-03  8.95045E-03  8.95045E-03  8.95045E-03  8.95045E-03  8.95045E-03
   26669   4  9.08383E-04  9.08383E-04  9.08383E-04  9.08383E-04  9.08383E-04  9.08383E-04  9.08383E-04  9.08383E-04  9.08383E-04  9.08383E-04  9.08383E-04  9.08383E-04  9.08383E-04  9.08383E-04  9.08383E-04  9.08383E-04  9.08383E-04  9.08383E-04  9.08383E-04  9.08383E-04  9.08383E-04  9.08383E-04  9.08383E-04  9.08383E-04
   26669   3  3.83136E-02  3.83136E-02  3.83136E-02  3.83136E-02  3.83136E-02  3.83136E-02  3.83136E-02  3.83136E-02  3.83136E-02  3.83136E-02  3.83136E-02  3.83136E-02  3.83136E-02  3.83136E-02  3.83136E-02  3.83136E-02  3.83136E-02  3.83136E-02  3.83136E-02  3.83136E-02  3.83136E-02  3.83136E-02  3.83136E-02  3.83136E-02
   24545   3  4.11013E-03  4.11013E-03  4.11013E-03  4.11013E-03  4.11013E-03  4.11013E-03  4.11013E-03  4.11013E-03  4.11013E-03  4.11013E-03  4.11013E-03  4.11013E-03  4.11013E-03  4.11013E-03  4.11013E-03  4.11013E-03  4.11013E-03  4.11013E-03  4.11013E-03  4.11013E-03  4.11013E-03  4.11013E-03  4.11013E-03  4.11013E-03
    9028   3  9.54299E-02  9.54299E-02  9.54299E-02  9.54299E-02  9.54299E-02  9.54299E-02  9.54299E-02  9.54299E-02  9.54299E-02  9.54299E-02  9.54299E-02  9.54299E-02  9.54299E-02  9.54299E-02  9.54299E-02  9.54299E-02  9.54299E-02  9.54299E-02  9.54299E-02  9.54299E-02  9.54299E-02  9.54299E-02  9.54299E-02  9.54299E-02
    9028   2  2.73963E-02  2.69909E-02  2.54850E-02  2.29944E-02  2.03880E-02  1.72343E-02  1.59577E-02  1.53194E-02  1.51066E-02  1.55321E-02  1.68087E-02  1.88300E-02  2.14365E-02  2.30322E-02  2.43088E-02  2.54259E-02  2.58514E-02  2.62769E-02  2.64365E-02  2.66493E-02  2.65961E-02  2.64365E-02  2.60110E-02  2.53727E-02
    9028   7  5.52113E+00  5.52113E+00  5.52113E+00  5.52113E+00  5.52113E+00  5.52113E+00  5.52113E+00  5.52113E+00  5.52113E+00  5.52113E+00  5.52113E+00  5.52113E+00  5.52113E+00  5.52113E+00  5.52113E+00  5.52113E+00  5.52113E+00  5.52113E+00  5.52113E+00  5.52113E+00  5.52113E+00  5.52113E+00  5.52113E+00  5.52113E+00
   14677   7  1.04478E+00  1.04478E+00  1.04478E+00  1.04478E+00  1.04478E+00  1.04478E+00  1.04478E+00  1.04478E+00  1.04478E+00  1.04478E+00  1.04478E+00  1.04478E+00  1.04478E+00  1.04478E+00  1.04478E+00  1.04478E+00  1.04478E+00  1.04478E+00  1.04478E+00  1.04478E+00  1.04478E+00  1.04478E+00  1.04478E+00  1.04478E+00
   15736   3  4.74301E-05  4.74301E-05  4.74301E-05  4.74301E-05  4.74301E-05  4.74301E-05  4.74301E-05  4.74301E-05  4.74301E-05  4.74301E-05  4.74301E-05  4.74301E-05  4.74301E-05  4.74301E-05  4.74301E-05  4.74301E-05  4.74301E-05  4.74301E-05  4.74301E-05  4.74301E-05  4.74301E-05  4.74301E-05  4.74301E-05  4.74301E-05
   13592   2  0.00000E+00  0.00000E+00  0.00000E+00  0.00000E+00  0.00000E+00  0.00000E+00  0.00000E+00  0.00000E+00  0.00000E+00  0.00000E+00  0.00000E+00  0.00000E+00  0.00000E+00  0.00000E+00  0.00000E+00  0.00000E+00  0.00000E+00  0.00000E+00  0.00000E+00  0.00000E+00  0.00000E+00  0.00000E+00  0.00000E+00  0.00000E+00
   12912   3  0.00000E+00  0.00000E+00  0.00000E+00  0.00000E+00  0.00000E+00  0.00000E+00  0.00000E+00  0.00000E+00  0.00000E+00  0.00000E+00  0.00000E+00  0.00000E+00  0.00000E+00  0.00000E+00  0.00000E+00  0.00000E+00  0.00000E+00  0.00000E+00  0.00000E+00  0.00000E+00  0.00000E+00  0.00000E+00  0.00000E+00  0.00000E+00
   23165   4  3.82836E-03  3.82836E-03  3.82836E-03  3.82836E-03  3.82836E-03  3.82836E-03  3.82836E-03  3.82836E-03  3.82836E-03  3.82836E-03  3.82836E-03  3.82836E-03  3.82836E-03  3.82836E-03  3.82836E-03  3.82836E-03  3.82836E-03  3.82836E-03  3.82836E-03  3.82836E-03  3.82836E-03  3.82836E-03  3.82836E-03  3.82836E-03
   22447   4  9.79265E-03  9.79265E-03  9.79265E-03  9.79265E-03  9.79265E-03  9.79265E-03  9.79265E-03  9.79265E-03  9.79265E-03  9.79265E-03  9.79265E-03  9.79265E-03  9.79265E-03  9.79265E-03  9.79265E-03  9.79265E-03  9.79265E-03  9.79265E-03  9.79265E-03  9.79265E-03  9.79265E-03  9.79265E-03  9.79265E-03  9.79265E-03
   22447   3  5.23826E-02  5.23826E-02  5.23826E-02  5.23826E-02  5.23826E-02  5.23826E-02  5.23826E-02  5.23826E-02  5.23826E-02  5.23826E-02  5.23826E-02  5.23826E-02  5.23826E-02  5.23826E-02  5.23826E-02  5.23826E-02  5.23826E-02  5.23826E-02  5.23826E-02  5.23826E-02  5.23826E-02  5.23826E-02  5.23826E-02  5.23826E-02
   22447   5  0.00000E+00  0.00000E+00  0.00000E+00  0.00000E+00  0.00000E+00  0.00000E+00  0.00000E+00  0.00000E+00  0.00000E+00  0.00000E+00  0.00000E+00  0.00000E+00  0.00000E+00  0.00000E+00  0.00000E+00  0.00000E+00  0.00000E+00  0.00000E+00  0.00000E+00  0.00000E+00  0.00000E+00  0.00000E+00  0.00000E+00  0.00000E+00
   22094   3  1.35655E-01  1.35655E-01  1.35655E-01  1.35655E-01  1.35655E-01  1.35655E-01  1.35655E-01  1.35655E-01  1.35655E-01  1.35655E-01  1.35655E-01  1.35655E-01  1.35655E-01  1.35655E-01  1.35655E-01  1.35655E-01  1.35655E-01  1.35655E-01  1.35655E-01  1.35655E-01  1.35655E-01  1.35655E-01  1.35655E-01  1.35655E-01
   22094   2  2.49047E-01  2.49047E-01  2.49047E-01  2.49047E-01  2.49047E-01  2.49047E-01  2.49047E-01  2.49047E-01  2.49047E-01  2.49047E-01  2.49047E-01  2.49047E-01  2.49047E-01  2.49047E-01  2.49047E-01  2.49047E-01  2.49047E-01  2.49047E-01  2.49047E-01  2.49047E-01  2.49047E-01  2.49047E-01  2.49047E-01  2.49047E-01
   22094   4  2.15363E-01  2.15363E-01  2.15363E-01  2.15363E-01  2.15363E-01  2.15363E-01  2.15363E-01  2.15363E-01  2.15363E-01  2.15363E-01  2.15363E-01  2.15363E-01  2.15363E-01  2.15363E-01  2.15363E-01  2.15363E-01  2.15363E-01  2.15363E-01  2.15363E-01  2.15363E-01  2.15363E-01  2.15363E-01  2.15363E-01  2.15363E-01
   22458   4  1.12069E-03  1.12069E-03  1.12069E-03  1.12069E-03  1.12069E-03  1.12069E-03  1.12069E-03  1.12069E-03  1.12069E-03  1.12069E-03  1.12069E-03  1.12069E-03  1.12069E-03  1.12069E-03  1.12069E-03  1.12069E-03  1.12069E-03  1.12069E-03  1.12069E-03  1.12069E-03  1.12069E-03  1.12069E-03  1.12069E-03  1.12069E-03
   23854   3  0.00000E+00  0.00000E+00  0.00000E+00  0.00000E+00  0.00000E+00  0.00000E+00  0.00000E+00  0.00000E+00  0.00000E+00  0.00000E+00  0.00000E+00  0.00000E+00  0.00000E+00  0.00000E+00  0.00000E+00  0.00000E+00  0.00000E+00  0.00000E+00  0.00000E+00  0.00000E+00  0.00000E+00  0.00000E+00  0.00000E+00  0.00000E+00
   23854   4  0.00000E+00  0.00000E+00  0.00000E+00  0.00000E+00  0.00000E+00  0.00000E+00  0.00000E+00  0.00000E+00  0.00000E+00  0.00000E+00  0.00000E+00  0.00000E+00  0.00000E+00  0.00000E+00  0.00000E+00  0.00000E+00  0.00000E+00  0.00000E+00  0.00000E+00  0.00000E+00  0.00000E+00  0.00000E+00  0.00000E+00  0.00000E+00
   23854   2  1.80284E-01  1.80284E-01  1.80284E-01  1.80284E-01  1.80284E-01  1.80284E-01  1.80284E-01  1.80284E-01  1.80284E-01  1.80284E-01  1.80284E-01  1.80284E-01  1.80284E-01  1.80284E-01  1.80284E-01  1.80284E-01  1.80284E-01  1.80284E-01  1.80284E-01  1.80284E-01  1.80284E-01  1.80284E-01  1.80284E-01  1.80284E-01
   26688   3  0.00000E+00  0.00000E+00  0.00000E+00  0.00000E+00  0.00000E+00  0.00000E+00  0.00000E+00  0.00000E+00  0.00000E+00  0.00000E+00  0.00000E+00  0.00000E+00  0.00000E+00  0.00000E+00  0.00000E+00  0.00000E+00  0.00000E+00  0.00000E+00  0.00000E+00  0.00000E+00  0.00000E+00  0.00000E+00  0.00000E+00  0.00000E+00
   26688   2  0.00000E+00  0.00000E+00  0.00000E+00  0.00000E+00  0.00000E+00  0.00000E+00  0.00000E+00  0.00000E+00  0.00000E+00  0.00000E+00  0.00000E+00  0.00000E+00  0.00000E+00  0.00000E+00  0.00000E+00  0.00000E+00  0.00000E+00  0.00000E+00  0.00000E+00  0.00000E+00  0.00000E+00  0.00000E+00  0.00000E+00  0.00000E+00
   22806   3  9.24701E-04  9.24701E-04  9.24701E-04  9.24701E-04  9.24701E-04  9.24701E-04  9.24701E-04  9.24701E-04  9.24701E-04  9.24701E-04  9.24701E-04  9.24701E-04  9.24701E-04  9.24701E-04  9.24701E-04  9.24701E-04  9.24701E-04  9.24701E-04  9.24701E-04  9.24701E-04  9.24701E-04  9.24701E-04  9.24701E-04  9.24701E-04
   22805   3  1.41234E-03  1.41234E-03  1.41234E-03  1.41234E-03  1.41234E-03  1.41234E-03  1.41234E-03  1.41234E-03  1.41234E-03  1.41234E-03  1.41234E-03  1.41234E-03  1.41234E-03  1.41234E-03  1.41234E-03  1.41234E-03  1.41234E-03  1.41234E-03  1.41234E-03  1.41234E-03  1.41234E-03  1.41234E-03  1.41234E-03  1.41234E-03
   22806   7  6.09341E+00  6.09341E+00  6.09341E+00  6.09341E+00  6.09341E+00  6.09341E+00  6.09341E+00  6.09341E+00  6.09341E+00  6.09341E+00  6.09341E+00  6.09341E+00  6.09341E+00  6.09341E+00  6.09341E+00  6.09341E+00  6.09341E+00  6.09341E+00  6.09341E+00  6.09341E+00  6.09341E+00  6.09341E+00  6.09341E+00  6.09341E+00
   22806   4  2.42021E+00  2.42021E+00  2.42021E+00  2.42021E+00  2.42021E+00  2.42021E+00  2.42021E+00  2.42021E+00  2.42021E+00  2.42021E+00  2.42021E+00  2.42021E+00  2.42021E+00  2.42021E+00  2.42021E+00  2.42021E+00  2.42021E+00  2.42021E+00  2.42021E+00  2.42021E+00  2.42021E+00  2.42021E+00  2.42021E+00  2.42021E+00
   23506   3  2.24527E-01  2.24527E-01  2.24527E-01  2.24527E-01  2.24527E-01  2.24527E-01  2.24527E-01  2.24527E-01  2.24527E-01  2.24527E-01  2.24527E-01  2.24527E-01  2.24527E-01  2.24527E-01  2.24527E-01  2.24527E-01  2.24527E-01  2.24527E-01  2.24527E-01  2.24527E-01  2.24527E-01  2.24527E-01  2.24527E-01  2.24527E-01
   22453   3  0.00000E+00  0.00000E+00  0.00000E+00  0.00000E+00  0.00000E+00  0.00000E+00  0.00000E+00  0.00000E+00  0.00000E+00  0.00000E+00  0.00000E+00  0.00000E+00  0.00000E+00  0.00000E+00  0.00000E+00  0.00000E+00  0.00000E+00  0.00000E+00  0.00000E+00  0.00000E+00  0.00000E+00  0.00000E+00  0.00000E+00  0.00000E+00
   22457   4  1.13213E-02  1.13213E-02  1.13213E-02  1.13213E-02  1.13213E-02  1.13213E-02  1.13213E-02  1.13213E-02  1.13213E-02  1.13213E-02  1.13213E-02  1.13213E-02  1.13213E-02  1.13213E-02  1.13213E-02  1.13213E-02  1.13213E-02  1.13213E-02  1.13213E-02  1.13213E-02  1.13213E-02  1.13213E-02  1.13213E-02  1.13213E-02
   21396   7  0.00000E+00  0.00000E+00  0.00000E+00  0.00000E+00  0.00000E+00  0.00000E+00  0.00000E+00  0.00000E+00  0.00000E+00  0.00000E+00  0.00000E+00  0.00000E+00  0.00000E+00  3.75174E+00  3.75174E+00  3.75174E+00  3.75174E+00  3.75174E+00  3.75174E+00  3.75174E+00  3.75174E+00  0.00000E+00  0.00000E+00  0.00000E+00
   21395   4  7.38023E-01  7.38023E-01  7.38023E-01  7.38023E-01  7.38023E-01  7.38023E-01  7.38023E-01  7.38023E-01  7.38023E-01  7.38023E-01  7.38023E-01  7.38023E-01  7.38023E-01  7.38023E-01  7.38023E-01  7.38023E-01  7.38023E-01  7.38023E-01  7.38023E-01  7.38023E-01  7.38023E-01  7.38023E-01  7.38023E-01  7.38023E-01
   21396   4  6.01312E-01  6.01312E-01  6.01312E-01  6.01312E-01  6.01312E-01  6.01312E-01  6.01312E-01  6.01312E-01  6.01312E-01  6.01312E-01  6.01312E-01  6.01312E-01  6.01312E-01  6.01312E-01  6.01312E-01  6.01312E-01  6.01312E-01  6.01312E-01  6.01312E-01  6.01312E-01  6.01312E-01  6.01312E-01  6.01312E-01  6.01312E-01
   21740   4  1.41241E-02  1.41241E-02  1.41241E-02  1.41241E-02  1.41241E-02  1.41241E-02  1.41241E-02  1.41241E-02  1.41241E-02  1.41241E-02  1.41241E-02  1.41241E-02  1.41241E-02  1.41241E-02  1.41241E-02  1.41241E-02  1.41241E-02  1.41241E-02  1.41241E-02  1.41241E-02  1.41241E-02  1.41241E-02  1.41241E-02  1.41241E-02
   21739   4  8.88354E-02  8.88354E-02  8.88354E-02  8.88354E-02  8.88354E-02  8.88354E-02  8.88354E-02  8.88354E-02  8.88354E-02  8.88354E-02  8.88354E-02  8.88354E-02  8.88354E-02  8.88354E-02  8.88354E-02  8.88354E-02  8.88354E-02  8.88354E-02  8.88354E-02  8.88354E-02  8.88354E-02  8.88354E-02  8.88354E-02  8.88354E-02
   21740   3  1.13440E-01  1.13440E-01  1.13440E-01  1.13440E-01  1.13440E-01  0.00000E+00  0.00000E+00  0.00000E+00  0.00000E+00  0.00000E+00  0.00000E+00  0.00000E+00  0.00000E+00  1.13440E-01  1.13440E-01  1.13440E-01  1.13440E-01  1.13440E-01  1.13440E-01  1.13440E-01  1.13440E-01  1.13440E-01  1.13440E-01  1.13440E-01
   22093   4  0.00000E+00  0.00000E+00  0.00000E+00  0.00000E+00  0.00000E+00  0.00000E+00  0.00000E+00  0.00000E+00  0.00000E+00  0.00000E+00  0.00000E+00  0.00000E+00  0.00000E+00  0.00000E+00  0.00000E+00  0.00000E+00  0.00000E+00  0.00000E+00  0.00000E+00  0.00000E+00  0.00000E+00  0.00000E+00  0.00000E+00  0.00000E+00
   22093   7  0.00000E+00  0.00000E+00  0.00000E+00  0.00000E+00  0.00000E+00  0.00000E+00  0.00000E+00  0.00000E+00  0.00000E+00  0.00000E+00  0.00000E+00  0.00000E+00  0.00000E+00  0.00000E+00  0.00000E+00  0.00000E+00  0.00000E+00  0.00000E+00  0.00000E+00  0.00000E+00  0.00000E+00  0.00000E+00  0.00000E+00  0.00000E+00
   21744   3  1.44933E+00  1.44933E+00  1.44933E+00  1.44933E+00  1.44933E+00  1.44933E+00  1.44933E+00  1.44933E+00  1.44933E+00  1.44933E+00  1.44933E+00  1.44933E+00  1.44933E+00  1.44933E+00  1.44933E+00  1.44933E+00  1.44933E+00  1.44933E+00  1.44933E+00  1.44933E+00  1.44933E+00  1.44933E+00  1.44933E+00  1.44933E+00
   21744   4  7.37762E-01  7.37762E-01  7.37762E-01  7.37762E-01  7.37762E-01  7.37762E-01  7.37762E-01  7.37762E-01  7.37762E-01  7.37762E-01  7.37762E-01  7.37762E-01  7.37762E-01  7.37762E-01  7.37762E-01  7.37762E-01  7.37762E-01  7.37762E-01  7.37762E-01  7.37762E-01  7.37762E-01  7.37762E-01  7.37762E-01  7.37762E-01
   21391   4  2.42742E-01  2.42742E-01  2.42742E-01  2.42742E-01  2.42742E-01  2.42742E-01  2.42742E-01  2.42742E-01  2.42742E-01  2.42742E-01  2.42742E-01  2.42742E-01  2.42742E-01  2.42742E-01  2.42742E-01  2.42742E-01  2.42742E-01  2.42742E-01  2.42742E-01  2.42742E-01  2.42742E-01  2.42742E-01  2.42742E-01  2.42742E-01
   21391   3  1.65793E+00  1.65793E+00  1.65793E+00  1.65793E+00  1.65793E+00  1.65793E+00  1.65793E+00  1.65793E+00  1.65793E+00  1.65793E+00  1.65793E+00  1.65793E+00  1.65793E+00  1.65793E+00  1.65793E+00  1.65793E+00  1.65793E+00  1.65793E+00  1.65793E+00  1.65793E+00  1.65793E+00  1.65793E+00  1.65793E+00  1.65793E+00
   21744   5  0.00000E+00  0.00000E+00  0.00000E+00  0.00000E+00  0.00000E+00  0.00000E+00  0.00000E+00  0.00000E+00  0.00000E+00  0.00000E+00  0.00000E+00  0.00000E+00  0.00000E+00  0.00000E+00  0.00000E+00  0.00000E+00  0.00000E+00  0.00000E+00  0.00000E+00  0.00000E+00  0.00000E+00  0.00000E+00  0.00000E+00  0.00000E+00
   22098   4  1.89246E-01  1.89246E-01  1.89246E-01  1.89246E-01  1.89246E-01  1.89246E-01  1.89246E-01  1.89246E-01  1.89246E-01  1.89246E-01  1.89246E-01  1.89246E-01  1.89246E-01  1.89246E-01  1.89246E-01  1.89246E-01  1.89246E-01  1.89246E-01  1.89246E-01  1.89246E-01  1.89246E-01  1.89246E-01  1.89246E-01  1.89246E-01
   22445   7  5.26166E+00  5.26166E+00  5.26166E+00  5.26166E+00  5.26166E+00  5.26166E+00  5.26166E+00  5.26166E+00  5.26166E+00  5.26166E+00  5.26166E+00  5.26166E+00  5.26166E+00  5.26166E+00  5.26166E+00  5.26166E+00  5.26166E+00  5.26166E+00  5.26166E+00  5.26166E+00  5.26166E+00  5.26166E+00  5.26166E+00  5.26166E+00
   22093   3  3.63721E-01  3.63721E-01  3.63721E-01  3.63721E-01  3.63721E-01  3.63721E-01  3.63721E-01  3.63721E-01  3.63721E-01  3.63721E-01  3.63721E-01  3.63721E-01  3.63721E-01  3.63721E-01  3.63721E-01  3.63721E-01  3.63721E-01  3.63721E-01  3.63721E-01  3.63721E-01  3.63721E-01  3.63721E-01  3.63721E-01  3.63721E-01
   22093   2  3.63721E-01  3.63721E-01  3.63721E-01  3.63721E-01  3.63721E-01  3.63721E-01  3.63721E-01  3.63721E-01  3.63721E-01  3.63721E-01  3.63721E-01  3.63721E-01  3.63721E-01  3.63721E-01  3.63721E-01  3.63721E-01  3.63721E-01  3.63721E-01  3.63721E-01  3.63721E-01  3.63721E-01  3.63721E-01  3.63721E-01  3.63721E-01
   22445   2  3.23975E+00  3.23975E+00  3.23975E+00  3.23975E+00  3.23975E+00  3.23975E+00  3.23975E+00  3.23975E+00  3.23975E+00  3.23975E+00  3.23975E+00  3.23975E+00  3.23975E+00  3.23975E+00  3.23975E+00  3.23975E+00  3.23975E+00  3.23975E+00  3.23975E+00  3.23975E+00  3.23975E+00  3.23975E+00  3.23975E+00  3.23975E+00
   22445   3  4.00373E+01  4.00373E+01  4.00373E+01  4.00373E+01  4.00373E+01  4.00373E+01  4.00373E+01  4.00373E+01  4.00373E+01  4.00373E+01  4.00373E+01  4.00373E+01  4.00373E+01  4.00373E+01  4.00373E+01  4.00373E+01  4.00373E+01  4.00373E+01  4.00373E+01  4.00373E+01  4.00373E+01  4.00373E+01  4.00373E+01  4.00373E+01
   22445   1  0.00000E+00  0.00000E+00  0.00000E+00  0.00000E+00  0.00000E+00  0.00000E+00  0.00000E+00  0.00000E+00  0.00000E+00  0.00000E+00  0.00000E+00  0.00000E+00  0.00000E+00  0.00000E+00  0.00000E+00  0.00000E+00  0.00000E+00  0.00000E+00  0.00000E+00  0.00000E+00  0.00000E+00  0.00000E+00  0.00000E+00  0.00000E+00
   22446   4  2.24484E-01  2.24484E-01  2.24484E-01  2.24484E-01  2.24484E-01  2.24484E-01  2.24484E-01  2.24484E-01  2.24484E-01  2.24484E-01  2.24484E-01  2.24484E-01  2.24484E-01  2.24484E-01  2.24484E-01  2.24484E-01  2.24484E-01  2.24484E-01  2.24484E-01  2.24484E-01  2.24484E-01  2.24484E-01  2.24484E-01  2.24484E-01
   22446   2  0.00000E+00  0.00000E+00  0.00000E+00  0.00000E+00  0.00000E+00  0.00000E+00  0.00000E+00  0.00000E+00  0.00000E+00  0.00000E+00  0.00000E+00  0.00000E+00  0.00000E+00  0.00000E+00  0.00000E+00  0.00000E+00  0.00000E+00  0.00000E+00  0.00000E+00  0.00000E+00  0.00000E+00  0.00000E+00  0.00000E+00  0.00000E+00
   22446   3  0.00000E+00  0.00000E+00  0.00000E+00  0.00000E+00  0.00000E+00  0.00000E+00  0.00000E+00  0.00000E+00  0.00000E+00  0.00000E+00  0.00000E+00  0.00000E+00  0.00000E+00  0.00000E+00  0.00000E+00  0.00000E+00  0.00000E+00  0.00000E+00  0.00000E+00  0.00000E+00  0.00000E+00  0.00000E+00  0.00000E+00  0.00000E+00
   22446   1  0.00000E+00  0.00000E+00  0.00000E+00  0.00000E+00  0.00000E+00  0.00000E+00  0.00000E+00  0.00000E+00  0.00000E+00  0.00000E+00  0.00000E+00  0.00000E+00  0.00000E+00  0.00000E+00  0.00000E+00  0.00000E+00  0.00000E+00  0.00000E+00  0.00000E+00  0.00000E+00  0.00000E+00  0.00000E+00  0.00000E+00  0.00000E+00
   22810   4  4.35267E-02  4.35267E-02  4.35267E-02  4.35267E-02  4.35267E-02  4.35267E-02  4.35267E-02  4.35267E-02  4.35267E-02  4.35267E-02  4.35267E-02  4.35267E-02  4.35267E-02  4.35267E-02  4.35267E-02  4.35267E-02  4.35267E-02  4.35267E-02  4.35267E-02  4.35267E-02  4.35267E-02  4.35267E-02  4.35267E-02  4.35267E-02
   22810   3  0.00000E+00  0.00000E+00  0.00000E+00  0.00000E+00  0.00000E+00  0.00000E+00  0.00000E+00  0.00000E+00  0.00000E+00  0.00000E+00  0.00000E+00  0.00000E+00  0.00000E+00  0.00000E+00  0.00000E+00  0.00000E+00  0.00000E+00  0.00000E+00  0.00000E+00  0.00000E+00  0.00000E+00  0.00000E+00  0.00000E+00  0.00000E+00
   25975   3  0.00000E+00  0.00000E+00  0.00000E+00  0.00000E+00  0.00000E+00  0.00000E+00  0.00000E+00  0.00000E+00  0.00000E+00  0.00000E+00  0.00000E+00  0.00000E+00  0.00000E+00  0.00000E+00  0.00000E+00  0.00000E+00  0.00000E+00  0.00000E+00  0.00000E+00  0.00000E+00  0.00000E+00  0.00000E+00  0.00000E+00  0.00000E+00
   25581   3  0.00000E+00  0.00000E+00  0.00000E+00  0.00000E+00  0.00000E+00  0.00000E+00  0.00000E+00  0.00000E+00  0.00000E+00  0.00000E+00  0.00000E+00  0.00000E+00  0.00000E+00  0.00000E+00  0.00000E+00  0.00000E+00  0.00000E+00  0.00000E+00  0.00000E+00  0.00000E+00  0.00000E+00  0.00000E+00  0.00000E+00  0.00000E+00
   24161   3  0.00000E+00  0.00000E+00  0.00000E+00  0.00000E+00  0.00000E+00  0.00000E+00  0.00000E+00  0.00000E+00  0.00000E+00  0.00000E+00  0.00000E+00  0.00000E+00  0.00000E+00  0.00000E+00  0.00000E+00  0.00000E+00  0.00000E+00  0.00000E+00  0.00000E+00  0.00000E+00  0.00000E+00  0.00000E+00  0.00000E+00  0.00000E+00
   24161   2  0.00000E+00  0.00000E+00  0.00000E+00  0.00000E+00  0.00000E+00  0.00000E+00  0.00000E+00  0.00000E+00  0.00000E+00  0.00000E+00  0.00000E+00  0.00000E+00  0.00000E+00  0.00000E+00  0.00000E+00  0.00000E+00  0.00000E+00  0.00000E+00  0.00000E+00  0.00000E+00  0.00000E+00  0.00000E+00  0.00000E+00  0.00000E+00
   20976   3  0.00000E+00  0.00000E+00  0.00000E+00  0.00000E+00  0.00000E+00  0.00000E+00  0.00000E+00  0.00000E+00  0.00000E+00  0.00000E+00  0.00000E+00  0.00000E+00  0.00000E+00  0.00000E+00  0.00000E+00  0.00000E+00  0.00000E+00  0.00000E+00  0.00000E+00  0.00000E+00  0.00000E+00  0.00000E+00  0.00000E+00  0.00000E+00
   20976   2  0.00000E+00  0.00000E+00  0.00000E+00  0.00000E+00  0.00000E+00  0.00000E+00  0.00000E+00  0.00000E+00  0.00000E+00  0.00000E+00  0.00000E+00  0.00000E+00  0.00000E+00  0.00000E+00  0.00000E+00  0.00000E+00  0.00000E+00  0.00000E+00  0.00000E+00  0.00000E+00  0.00000E+00  0.00000E+00  0.00000E+00  0.00000E+00
   20621   3  0.00000E+00  0.00000E+00  0.00000E+00  0.00000E+00  0.00000E+00  0.00000E+00  0.00000E+00  0.00000E+00  0.00000E+00  0.00000E+00  0.00000E+00  0.00000E+00  0.00000E+00  0.00000E+00  0.00000E+00  0.00000E+00  0.00000E+00  0.00000E+00  0.00000E+00  0.00000E+00  0.00000E+00  0.00000E+00  0.00000E+00  0.00000E+00
   23460   3  4.24733E-01  4.24733E-01  4.24733E-01  4.24733E-01  4.24733E-01  4.24733E-01  4.24733E-01  4.24733E-01  4.24733E-01  4.24733E-01  4.24733E-01  4.24733E-01  4.24733E-01  4.24733E-01  4.24733E-01  4.24733E-01  4.24733E-01  4.24733E-01  4.24733E-01  4.24733E-01  4.24733E-01  4.24733E-01  4.24733E-01  4.24733E-01
   25224   4  2.20269E+01  2.20269E+01  2.20269E+01  2.20269E+01  2.20269E+01  2.20269E+01  2.20269E+01  2.20269E+01  2.20269E+01  2.20269E+01  2.20269E+01  2.20269E+01  2.20269E+01  2.20269E+01  2.20269E+01  2.20269E+01  2.20269E+01  2.20269E+01  2.20269E+01  2.20269E+01  2.20269E+01  2.20269E+01  2.20269E+01  2.20269E+01
   25224   3  4.56969E+00  4.56969E+00  4.56969E+00  4.56969E+00  4.56969E+00  4.56969E+00  4.56969E+00  4.56969E+00  4.56969E+00  4.56969E+00  4.56969E+00  4.56969E+00  4.56969E+00  4.56969E+00  4.56969E+00  4.56969E+00  4.56969E+00  4.56969E+00  4.56969E+00  4.56969E+00  4.56969E+00  4.56969E+00  4.56969E+00  4.56969E+00
   25223   3  1.00215E-02  1.00215E-02  1.00215E-02  1.00215E-02  1.00215E-02  1.00215E-02  1.00215E-02  1.00215E-02  1.00215E-02  1.00215E-02  1.00215E-02  1.00215E-02  1.00215E-02  1.00215E-02  1.00215E-02  1.00215E-02  1.00215E-02  1.00215E-02  1.00215E-02  1.00215E-02  1.00215E-02  1.00215E-02  1.00215E-02  1.00215E-02
   24870   3  2.33794E-01  2.33794E-01  2.33794E-01  2.33794E-01  2.33794E-01  2.33794E-01  2.33794E-01  2.33794E-01  2.33794E-01  2.33794E-01  2.33794E-01  2.33794E-01  2.33794E-01  2.33794E-01  2.33794E-01  2.33794E-01  2.33794E-01  2.33794E-01  2.33794E-01  2.33794E-01  2.33794E-01  2.33794E-01  2.33794E-01  2.33794E-01
   25224   7  0.00000E+00  0.00000E+00  0.00000E+00  0.00000E+00  0.00000E+00  0.00000E+00  0.00000E+00  0.00000E+00  0.00000E+00  0.00000E+00  0.00000E+00  0.00000E+00  0.00000E+00  2.33999E+00  2.33999E+00  2.33999E+00  2.33999E+00  2.33999E+00  2.33999E+00  2.33999E+00  2.33999E+00  0.00000E+00  0.00000E+00  0.00000E+00
   25224   5  0.00000E+00  0.00000E+00  0.00000E+00  0.00000E+00  0.00000E+00  0.00000E+00  0.00000E+00  0.00000E+00  0.00000E+00  0.00000E+00  0.00000E+00  0.00000E+00  0.00000E+00  0.00000E+00  0.00000E+00  0.00000E+00  0.00000E+00  0.00000E+00  0.00000E+00  0.00000E+00  0.00000E+00  0.00000E+00  0.00000E+00  0.00000E+00
   24871   3  0.00000E+00  0.00000E+00  0.00000E+00  0.00000E+00  0.00000E+00  0.00000E+00  0.00000E+00  0.00000E+00  0.00000E+00  0.00000E+00  0.00000E+00  0.00000E+00  0.00000E+00  0.00000E+00  0.00000E+00  0.00000E+00  0.00000E+00  0.00000E+00  0.00000E+00  0.00000E+00  0.00000E+00  0.00000E+00  0.00000E+00  0.00000E+00
   25223   4  2.01321E+00  2.01321E+00  2.01321E+00  2.01321E+00  2.01321E+00  2.01321E+00  2.01321E+00  2.01321E+00  2.01321E+00  2.01321E+00  2.01321E+00  2.01321E+00  2.01321E+00  2.01321E+00  2.01321E+00  2.01321E+00  2.01321E+00  2.01321E+00  2.01321E+00  2.01321E+00  2.01321E+00  2.01321E+00  2.01321E+00  2.01321E+00
   24870   4  5.73424E+00  5.73424E+00  5.73424E+00  5.73424E+00  5.73424E+00  5.73424E+00  5.73424E+00  5.73424E+00  5.73424E+00  5.73424E+00  5.73424E+00  5.73424E+00  5.73424E+00  5.73424E+00  5.73424E+00  5.73424E+00  5.73424E+00  5.73424E+00  5.73424E+00  5.73424E+00  5.73424E+00  5.73424E+00  5.73424E+00  5.73424E+00
   24871   4  1.27809E+01  1.27809E+01  1.27809E+01  1.27809E+01  1.27809E+01  1.27809E+01  1.27809E+01  1.27809E+01  1.27809E+01  1.27809E+01  1.27809E+01  1.27809E+01  1.27809E+01  1.27809E+01  1.27809E+01  1.27809E+01  1.27809E+01  1.27809E+01  1.27809E+01  1.27809E+01  1.27809E+01  1.27809E+01  1.27809E+01  1.27809E+01
   23814   4  1.06222E+00  1.06222E+00  1.06222E+00  1.06222E+00  1.06222E+00  1.06222E+00  1.06222E+00  1.06222E+00  1.06222E+00  1.06222E+00  1.06222E+00  1.06222E+00  1.06222E+00  1.06222E+00  1.06222E+00  1.06222E+00  1.06222E+00  1.06222E+00  1.06222E+00  1.06222E+00  1.06222E+00  1.06222E+00  1.06222E+00  1.06222E+00
   23813   3  0.00000E+00  0.00000E+00  0.00000E+00  0.00000E+00  0.00000E+00  0.00000E+00  0.00000E+00  0.00000E+00  0.00000E+00  0.00000E+00  0.00000E+00  0.00000E+00  0.00000E+00  0.00000E+00  0.00000E+00  0.00000E+00  0.00000E+00  0.00000E+00  0.00000E+00  0.00000E+00  0.00000E+00  0.00000E+00  0.00000E+00  0.00000E+00
   23458   4  6.81470E+00  6.81470E+00  6.81470E+00  6.81470E+00  6.81470E+00  6.81470E+00  6.81470E+00  6.81470E+00  6.81470E+00  6.81470E+00  6.81470E+00  6.81470E+00  6.81470E+00  6.81470E+00  6.81470E+00  6.81470E+00  6.81470E+00  6.81470E+00  6.81470E+00  6.81470E+00  6.81470E+00  6.81470E+00  6.81470E+00  6.81470E+00
   28064   5  4.66119E-04  4.66119E-04  4.66119E-04  4.66119E-04  4.66119E-04  4.66119E-04  4.66119E-04  4.66119E-04  4.66119E-04  4.66119E-04  4.66119E-04  4.66119E-04  4.66119E-04  4.66119E-04  4.66119E-04  4.66119E-04  4.66119E-04  4.66119E-04  4.66119E-04  4.66119E-04  4.66119E-04  4.66119E-04  4.66119E-04  4.66119E-04
   23819   3  3.80528E-03  3.80528E-03  3.80528E-03  3.80528E-03  3.80528E-03  3.80528E-03  3.80528E-03  3.80528E-03  3.80528E-03  3.80528E-03  3.80528E-03  3.80528E-03  3.80528E-03  3.80528E-03  3.80528E-03  3.80528E-03  3.80528E-03  3.80528E-03  3.80528E-03  3.80528E-03  3.80528E-03  3.80528E-03  3.80528E-03  3.80528E-03
   23819   4  5.84999E+00  5.84999E+00  5.84999E+00  5.84999E+00  5.84999E+00  5.84999E+00  5.84999E+00  5.84999E+00  5.84999E+00  5.84999E+00  5.84999E+00  5.84999E+00  5.84999E+00  5.84999E+00  5.84999E+00  5.84999E+00  5.84999E+00  5.84999E+00  5.84999E+00  5.84999E+00  5.84999E+00  5.84999E+00  5.84999E+00  5.84999E+00
   23464   5  0.00000E+00  0.00000E+00  0.00000E+00  0.00000E+00  0.00000E+00  0.00000E+00  0.00000E+00  0.00000E+00  0.00000E+00  0.00000E+00  0.00000E+00  0.00000E+00  0.00000E+00  0.00000E+00  0.00000E+00  0.00000E+00  0.00000E+00  0.00000E+00  0.00000E+00  0.00000E+00  0.00000E+00  0.00000E+00  0.00000E+00  0.00000E+00
   23464   3  0.00000E+00  0.00000E+00  0.00000E+00  0.00000E+00  0.00000E+00  0.00000E+00  0.00000E+00  0.00000E+00  0.00000E+00  0.00000E+00  0.00000E+00  0.00000E+00  0.00000E+00  0.00000E+00  0.00000E+00  0.00000E+00  0.00000E+00  0.00000E+00  0.00000E+00  0.00000E+00  0.00000E+00  0.00000E+00  0.00000E+00  0.00000E+00
   23464   1  0.00000E+00  0.00000E+00  0.00000E+00  0.00000E+00  0.00000E+00  0.00000E+00  0.00000E+00  0.00000E+00  0.00000E+00  0.00000E+00  0.00000E+00  0.00000E+00  0.00000E+00  0.00000E+00  0.00000E+00  0.00000E+00  0.00000E+00  0.00000E+00  0.00000E+00  0.00000E+00  0.00000E+00  0.00000E+00  0.00000E+00  0.00000E+00
   23464   2  0.00000E+00  0.00000E+00  0.00000E+00  0.00000E+00  0.00000E+00  0.00000E+00  0.00000E+00  0.00000E+00  0.00000E+00  0.00000E+00  0.00000E+00  0.00000E+00  0.00000E+00  0.00000E+00  0.00000E+00  0.00000E+00  0.00000E+00  0.00000E+00  0.00000E+00  0.00000E+00  0.00000E+00  0.00000E+00  0.00000E+00  0.00000E+00
   23464   4  1.83380E+00  1.83380E+00  1.83380E+00  1.83380E+00  1.83380E+00  1.83380E+00  1.83380E+00  1.83380E+00  1.83380E+00  1.83380E+00  1.83380E+00  1.83380E+00  1.83380E+00  1.83380E+00  1.83380E+00  1.83380E+00  1.83380E+00  1.83380E+00  1.83380E+00  1.83380E+00  1.83380E+00  1.83380E+00  1.83380E+00  1.83380E+00
   24519   4  6.80677E+00  6.80677E+00  6.80677E+00  6.80677E+00  6.80677E+00  6.80677E+00  6.80677E+00  6.80677E+00  6.80677E+00  6.80677E+00  6.80677E+00  6.80677E+00  6.80677E+00  6.80677E+00  6.80677E+00  6.80677E+00  6.80677E+00  6.80677E+00  6.80677E+00  6.80677E+00  6.80677E+00  6.80677E+00  6.80677E+00  6.80677E+00
   24519   3  9.45523E-01  9.45523E-01  9.45523E-01  9.45523E-01  9.45523E-01  9.45523E-01  9.45523E-01  9.45523E-01  9.45523E-01  9.45523E-01  9.45523E-01  9.45523E-01  9.45523E-01  9.45523E-01  9.45523E-01  9.45523E-01  9.45523E-01  9.45523E-01  9.45523E-01  9.45523E-01  9.45523E-01  9.45523E-01  9.45523E-01  9.45523E-01
   24166   4  2.88835E-01  2.88835E-01  2.88835E-01  2.88835E-01  2.88835E-01  2.88835E-01  2.88835E-01  2.88835E-01  2.88835E-01  2.88835E-01  2.88835E-01  2.88835E-01  2.88835E-01  2.88835E-01  2.88835E-01  2.88835E-01  2.88835E-01  2.88835E-01  2.88835E-01  2.88835E-01  2.88835E-01  2.88835E-01  2.88835E-01  2.88835E-01
   24518   4  0.00000E+00  0.00000E+00  0.00000E+00  0.00000E+00  0.00000E+00  0.00000E+00  0.00000E+00  0.00000E+00  0.00000E+00  0.00000E+00  0.00000E+00  0.00000E+00  0.00000E+00  0.00000E+00  0.00000E+00  0.00000E+00  0.00000E+00  0.00000E+00  0.00000E+00  0.00000E+00  0.00000E+00  0.00000E+00  0.00000E+00  0.00000E+00
   24519   7  1.36226E+01  1.36226E+01  1.36226E+01  1.36226E+01  1.36226E+01  1.36226E+01  1.36226E+01  1.36226E+01  1.36226E+01  1.36226E+01  1.36226E+01  1.36226E+01  1.36226E+01  1.36226E+01  1.36226E+01  1.36226E+01  1.36226E+01  1.36226E+01  1.36226E+01  1.36226E+01  1.36226E+01  1.36226E+01  1.36226E+01  1.36226E+01
   24510   3  0.00000E+00  0.00000E+00  0.00000E+00  0.00000E+00  0.00000E+00  0.00000E+00  0.00000E+00  0.00000E+00  0.00000E+00  0.00000E+00  0.00000E+00  0.00000E+00  0.00000E+00  0.00000E+00  0.00000E+00  0.00000E+00  0.00000E+00  0.00000E+00  0.00000E+00  0.00000E+00  0.00000E+00  0.00000E+00  0.00000E+00  0.00000E+00
   24510   2  0.00000E+00  0.00000E+00  0.00000E+00  0.00000E+00  0.00000E+00  0.00000E+00  0.00000E+00  0.00000E+00  0.00000E+00  0.00000E+00  0.00000E+00  0.00000E+00  0.00000E+00  0.00000E+00  0.00000E+00  0.00000E+00  0.00000E+00  0.00000E+00  0.00000E+00  0.00000E+00  0.00000E+00  0.00000E+00  0.00000E+00  0.00000E+00
   20989   3  0.00000E+00  0.00000E+00  0.00000E+00  0.00000E+00  0.00000E+00  0.00000E+00  0.00000E+00  0.00000E+00  0.00000E+00  0.00000E+00  0.00000E+00  0.00000E+00  0.00000E+00  0.00000E+00  0.00000E+00  0.00000E+00  0.00000E+00  0.00000E+00  0.00000E+00  0.00000E+00  0.00000E+00  0.00000E+00  0.00000E+00  0.00000E+00
   20989   2  0.00000E+00  0.00000E+00  0.00000E+00  0.00000E+00  0.00000E+00  0.00000E+00  0.00000E+00  0.00000E+00  0.00000E+00  0.00000E+00  0.00000E+00  0.00000E+00  0.00000E+00  0.00000E+00  0.00000E+00  0.00000E+00  0.00000E+00  0.00000E+00  0.00000E+00  0.00000E+00  0.00000E+00  0.00000E+00  0.00000E+00  0.00000E+00
   22745   4  1.18234E-01  1.18234E-01  1.18234E-01  1.18234E-01  1.18234E-01  1.18234E-01  1.18234E-01  1.18234E-01  1.18234E-01  1.18234E-01  1.18234E-01  1.18234E-01  1.18234E-01  1.18234E-01  1.18234E-01  1.18234E-01  1.18234E-01  1.18234E-01  1.18234E-01  1.18234E-01  1.18234E-01  1.18234E-01  1.18234E-01  1.18234E-01
   28410   4  8.70534E-02  8.70534E-02  8.70534E-02  8.70534E-02  8.70534E-02  8.70534E-02  8.70534E-02  8.70534E-02  8.70534E-02  8.70534E-02  8.70534E-02  8.70534E-02  8.70534E-02  8.70534E-02  8.70534E-02  8.70534E-02  8.70534E-02  8.70534E-02  8.70534E-02  8.70534E-02  8.70534E-02  8.70534E-02  8.70534E-02  8.70534E-02
   24163   4  4.10260E-01  4.10260E-01  4.10260E-01  4.10260E-01  4.10260E-01  4.10260E-01  4.10260E-01  4.10260E-01  4.10260E-01  4.10260E-01  4.10260E-01  4.10260E-01  4.10260E-01  4.10260E-01  4.10260E-01  4.10260E-01  4.10260E-01  4.10260E-01  4.10260E-01  4.10260E-01  4.10260E-01  4.10260E-01  4.10260E-01  4.10260E-01
   24163   3  7.48297E-04  7.48297E-04  7.48297E-04  7.48297E-04  7.48297E-04  7.48297E-04  7.48297E-04  7.48297E-04  7.48297E-04  7.48297E-04  7.48297E-04  7.48297E-04  7.48297E-04  7.48297E-04  7.48297E-04  7.48297E-04  7.48297E-04  7.48297E-04  7.48297E-04  7.48297E-04  7.48297E-04  7.48297E-04  7.48297E-04  7.48297E-04
   24870   5  1.93636E-04  1.93636E-04  1.93636E-04  1.93636E-04  1.93636E-04  1.93636E-04  1.93636E-04  1.93636E-04  1.93636E-04  1.93636E-04  1.93636E-04  1.93636E-04  1.93636E-04  1.93636E-04  1.93636E-04  1.93636E-04  1.93636E-04  1.93636E-04  1.93636E-04  1.93636E-04  1.93636E-04  1.93636E-04  1.93636E-04  1.93636E-04
   24517   4  1.51916E-01  1.51916E-01  1.51916E-01  1.51916E-01  1.51916E-01  1.51916E-01  1.51916E-01  1.51916E-01  1.51916E-01  1.51916E-01  1.51916E-01  1.51916E-01  1.51916E-01  1.51916E-01  1.51916E-01  1.51916E-01  1.51916E-01  1.51916E-01  1.51916E-01  1.51916E-01  1.51916E-01  1.51916E-01  1.51916E-01  1.51916E-01
   24872   4  2.91431E-01  2.91431E-01  2.91431E-01  2.91431E-01  2.91431E-01  2.91431E-01  2.91431E-01  2.91431E-01  2.91431E-01  2.91431E-01  2.91431E-01  2.91431E-01  2.91431E-01  2.91431E-01  2.91431E-01  2.91431E-01  2.91431E-01  2.91431E-01  2.91431E-01  2.91431E-01  2.91431E-01  2.91431E-01  2.91431E-01  2.91431E-01
   20280   3  0.00000E+00  0.00000E+00  0.00000E+00  0.00000E+00  0.00000E+00  0.00000E+00  0.00000E+00  0.00000E+00  0.00000E+00  0.00000E+00  0.00000E+00  0.00000E+00  0.00000E+00  0.00000E+00  0.00000E+00  0.00000E+00  0.00000E+00  0.00000E+00  0.00000E+00  0.00000E+00  0.00000E+00  0.00000E+00  0.00000E+00  0.00000E+00
   23103   3  0.00000E+00  0.00000E+00  0.00000E+00  0.00000E+00  0.00000E+00  0.00000E+00  0.00000E+00  0.00000E+00  0.00000E+00  0.00000E+00  0.00000E+00  0.00000E+00  0.00000E+00  5.86375E-02  5.86375E-02  5.86375E-02  5.86375E-02  5.86375E-02  5.86375E-02  5.86375E-02  5.86375E-02  0.00000E+00  0.00000E+00  0.00000E+00
   25575   3  1.38499E+00  1.38499E+00  1.38499E+00  1.38499E+00  1.38499E+00  1.38499E+00  1.38499E+00  1.38499E+00  1.38499E+00  1.38499E+00  1.38499E+00  1.38499E+00  1.38499E+00  1.38499E+00  1.38499E+00  1.38499E+00  1.38499E+00  1.38499E+00  1.38499E+00  1.38499E+00  1.38499E+00  1.38499E+00  1.38499E+00  1.38499E+00
   25575   4  8.35390E+00  8.35390E+00  8.35390E+00  8.35390E+00  8.35390E+00  8.35390E+00  8.35390E+00  8.35390E+00  8.35390E+00  8.35390E+00  8.35390E+00  8.35390E+00  8.35390E+00  8.35390E+00  8.35390E+00  8.35390E+00  8.35390E+00  8.35390E+00  8.35390E+00  8.35390E+00  8.35390E+00  8.35390E+00  8.35390E+00  8.35390E+00
   25575   5  0.00000E+00  0.00000E+00  0.00000E+00  0.00000E+00  0.00000E+00  0.00000E+00  0.00000E+00  0.00000E+00  0.00000E+00  0.00000E+00  0.00000E+00  0.00000E+00  0.00000E+00  0.00000E+00  0.00000E+00  0.00000E+00  0.00000E+00  0.00000E+00  0.00000E+00  0.00000E+00  0.00000E+00  0.00000E+00  0.00000E+00  0.00000E+00
   25575   2  4.69837E-01  4.69837E-01  4.69837E-01  4.69837E-01  4.69837E-01  4.69837E-01  4.69837E-01  4.69837E-01  4.69837E-01  4.69837E-01  4.69837E-01  4.69837E-01  4.69837E-01  4.69837E-01  4.69837E-01  4.69837E-01  4.69837E-01  4.69837E-01  4.69837E-01  4.69837E-01  4.69837E-01  4.69837E-01  4.69837E-01  4.69837E-01
   24868   4  0.00000E+00  0.00000E+00  0.00000E+00  0.00000E+00  0.00000E+00  0.00000E+00  0.00000E+00  0.00000E+00  0.00000E+00  0.00000E+00  0.00000E+00  0.00000E+00  0.00000E+00  0.00000E+00  0.00000E+00  0.00000E+00  0.00000E+00  0.00000E+00  0.00000E+00  0.00000E+00  0.00000E+00  0.00000E+00  0.00000E+00  0.00000E+00
   24869   4  0.00000E+00  0.00000E+00  0.00000E+00  0.00000E+00  0.00000E+00  0.00000E+00  0.00000E+00  0.00000E+00  0.00000E+00  0.00000E+00  0.00000E+00  0.00000E+00  0.00000E+00  0.00000E+00  0.00000E+00  0.00000E+00  0.00000E+00  0.00000E+00  0.00000E+00  0.00000E+00  0.00000E+00  0.00000E+00  0.00000E+00  0.00000E+00
   25575   7  2.51711E+01  2.51711E+01  2.51711E+01  2.51711E+01  2.51711E+01  2.51711E+01  2.51711E+01  2.51711E+01  2.51711E+01  2.51711E+01  2.51711E+01  2.51711E+01  2.51711E+01  2.51711E+01  2.51711E+01  2.51711E+01  2.51711E+01  2.51711E+01  2.51711E+01  2.51711E+01  2.51711E+01  2.51711E+01  2.51711E+01  2.51711E+01
   25576   3  0.00000E+00  0.00000E+00  0.00000E+00  0.00000E+00  0.00000E+00  0.00000E+00  0.00000E+00  0.00000E+00  0.00000E+00  0.00000E+00  0.00000E+00  0.00000E+00  0.00000E+00  0.00000E+00  0.00000E+00  0.00000E+00  0.00000E+00  0.00000E+00  0.00000E+00  0.00000E+00  0.00000E+00  0.00000E+00  0.00000E+00  0.00000E+00
   25222   3  2.90096E-02  2.90096E-02  2.90096E-02  2.90096E-02  2.90096E-02  2.90096E-02  2.90096E-02  2.90096E-02  2.90096E-02  2.90096E-02  2.90096E-02  2.90096E-02  2.90096E-02  2.90096E-02  2.90096E-02  2.90096E-02  2.90096E-02  2.90096E-02  2.90096E-02  2.90096E-02  2.90096E-02  2.90096E-02  2.90096E-02  2.90096E-02
   24874   3  0.00000E+00  0.00000E+00  0.00000E+00  0.00000E+00  0.00000E+00  0.00000E+00  0.00000E+00  0.00000E+00  0.00000E+00  0.00000E+00  0.00000E+00  0.00000E+00  0.00000E+00  0.00000E+00  0.00000E+00  0.00000E+00  0.00000E+00  0.00000E+00  0.00000E+00  0.00000E+00  0.00000E+00  0.00000E+00  0.00000E+00  0.00000E+00
   24874   4  4.04314E-01  4.04314E-01  4.04314E-01  4.04314E-01  4.04314E-01  4.04314E-01  4.04314E-01  4.04314E-01  4.04314E-01  4.04314E-01  4.04314E-01  4.04314E-01  4.04314E-01  4.04314E-01  4.04314E-01  4.04314E-01  4.04314E-01  4.04314E-01  4.04314E-01  4.04314E-01  4.04314E-01  4.04314E-01  4.04314E-01  4.04314E-01
   20686   4  0.00000E+00  0.00000E+00  0.00000E+00  0.00000E+00  0.00000E+00  0.00000E+00  0.00000E+00  0.00000E+00  0.00000E+00  0.00000E+00  0.00000E+00  0.00000E+00  0.00000E+00  0.00000E+00  0.00000E+00  0.00000E+00  0.00000E+00  0.00000E+00  0.00000E+00  0.00000E+00  0.00000E+00  0.00000E+00  0.00000E+00  0.00000E+00
   20686   2  7.68012E-01  7.56646E-01  7.14429E-01  6.44610E-01  5.71544E-01  4.83135E-01  4.47347E-01  4.29453E-01  4.23488E-01  4.35418E-01  4.71205E-01  5.27869E-01  6.00936E-01  6.45671E-01  6.81458E-01  7.12773E-01  7.24702E-01  7.36631E-01  7.41104E-01  7.47069E-01  7.45578E-01  7.41104E-01  7.29175E-01  7.11281E-01
   20686   3  0.00000E+00  0.00000E+00  0.00000E+00  0.00000E+00  0.00000E+00  0.00000E+00  0.00000E+00  0.00000E+00  0.00000E+00  0.00000E+00  0.00000E+00  0.00000E+00  0.00000E+00  0.00000E+00  0.00000E+00  0.00000E+00  0.00000E+00  0.00000E+00  0.00000E+00  0.00000E+00  0.00000E+00  0.00000E+00  0.00000E+00  0.00000E+00
   22095   4  1.42124E-01  1.42124E-01  1.42124E-01  1.42124E-01  1.42124E-01  1.42124E-01  1.42124E-01  1.42124E-01  1.42124E-01  1.42124E-01  1.42124E-01  1.42124E-01  1.42124E-01  1.42124E-01  1.42124E-01  1.42124E-01  1.42124E-01  1.42124E-01  1.42124E-01  1.42124E-01  1.42124E-01  1.42124E-01  1.42124E-01  1.42124E-01
   22095   2  4.20555E-01  4.20555E-01  4.20555E-01  4.20555E-01  4.20555E-01  4.20555E-01  4.20555E-01  4.20555E-01  4.20555E-01  4.20555E-01  4.20555E-01  4.20555E-01  4.20555E-01  4.20555E-01  4.20555E-01  4.20555E-01  4.20555E-01  4.20555E-01  4.20555E-01  4.20555E-01  4.20555E-01  4.20555E-01  4.20555E-01  4.20555E-01
   22095   3  0.00000E+00  0.00000E+00  0.00000E+00  0.00000E+00  0.00000E+00  0.00000E+00  0.00000E+00  0.00000E+00  0.00000E+00  0.00000E+00  0.00000E+00  0.00000E+00  0.00000E+00  0.00000E+00  0.00000E+00  0.00000E+00  0.00000E+00  0.00000E+00  0.00000E+00  0.00000E+00  0.00000E+00  0.00000E+00  0.00000E+00  0.00000E+00
   20329   3  2.94749E+01  2.94749E+01  1.22382E+00  1.22382E+00  1.22382E+00  1.22382E+00  1.22382E+00  1.22382E+00  1.22382E+00  1.22382E+00  1.22382E+00  1.22382E+00  1.22382E+00  2.95188E+01  2.95188E+01  2.95188E+01  2.95188E+01  2.95188E+01  2.95188E+01  2.95188E+01  2.95188E+01  2.94749E+01  2.94749E+01  2.94749E+01
   21381   4  0.00000E+00  0.00000E+00  0.00000E+00  0.00000E+00  0.00000E+00  0.00000E+00  0.00000E+00  0.00000E+00  0.00000E+00  0.00000E+00  0.00000E+00  0.00000E+00  0.00000E+00  0.00000E+00  0.00000E+00  0.00000E+00  0.00000E+00  0.00000E+00  0.00000E+00  0.00000E+00  0.00000E+00  0.00000E+00  0.00000E+00  0.00000E+00
   20684   3  8.55278E-02  8.55278E-02  0.00000E+00  0.00000E+00  0.00000E+00  0.00000E+00  0.00000E+00  0.00000E+00  0.00000E+00  0.00000E+00  0.00000E+00  0.00000E+00  0.00000E+00  8.55278E-02  8.55278E-02  8.55278E-02  8.55278E-02  8.55278E-02  8.55278E-02  8.55278E-02  8.55278E-02  8.55278E-02  8.55278E-02  8.55278E-02
   20683   3  9.69279E+00  9.69279E+00  9.22431E+00  9.22431E+00  9.22431E+00  9.22431E+00  9.22431E+00  9.22431E+00  9.22431E+00  9.22431E+00  9.22431E+00  9.22431E+00  9.22431E+00  9.70071E+00  9.70071E+00  9.70071E+00  9.70071E+00  9.70071E+00  9.70071E+00  9.70071E+00  9.70071E+00  9.69279E+00  9.69279E+00  9.69279E+00
   20684   4  2.27964E-01  2.27964E-01  2.27964E-01  2.27964E-01  2.27964E-01  2.27964E-01  2.27964E-01  2.27964E-01  2.27964E-01  2.27964E-01  2.27964E-01  2.27964E-01  2.27964E-01  2.27964E-01  2.27964E-01  2.27964E-01  2.27964E-01  2.27964E-01  2.27964E-01  2.27964E-01  2.27964E-01  2.27964E-01  2.27964E-01  2.27964E-01
   21036   4  9.10228E-02  9.10228E-02  9.10228E-02  9.10228E-02  9.10228E-02  9.10228E-02  9.10228E-02  9.10228E-02  9.10228E-02  9.10228E-02  9.10228E-02  9.10228E-02  9.10228E-02  9.37493E-02  9.37493E-02  9.37493E-02  9.37493E-02  9.37493E-02  9.37493E-02  9.37493E-02  9.37493E-02  9.10228E-02  9.10228E-02  9.10228E-02
   21036   3  2.26036E+01  2.26036E+01  2.26036E+01  2.26036E+01  2.26036E+01  2.26036E+01  2.26036E+01  2.26036E+01  2.26036E+01  2.26036E+01  2.26036E+01  2.26036E+01  2.26036E+01  2.26036E+01  2.26036E+01  2.26036E+01  2.26036E+01  2.26036E+01  2.26036E+01  2.26036E+01  2.26036E+01  2.26036E+01  2.26036E+01  2.26036E+01
   21036   7  0.00000E+00  0.00000E+00  0.00000E+00  0.00000E+00  0.00000E+00  0.00000E+00  0.00000E+00  0.00000E+00  0.00000E+00  0.00000E+00  0.00000E+00  0.00000E+00  0.00000E+00  3.28397E+00  3.28397E+00  3.28397E+00  3.28397E+00  3.28397E+00  3.28397E+00  3.28397E+00  3.28397E+00  0.00000E+00  0.00000E+00  0.00000E+00
   19275   4  3.57961E-02  3.57961E-02  3.57961E-02  3.57961E-02  3.57961E-02  3.57961E-02  3.57961E-02  3.57961E-02  3.57961E-02  3.57961E-02  3.57961E-02  3.57961E-02  3.57961E-02  3.57961E-02  3.57961E-02  3.57961E-02  3.57961E-02  3.57961E-02  3.57961E-02  3.57961E-02  3.57961E-02  3.57961E-02  3.57961E-02  3.57961E-02
   19275   3  3.82049E-02  3.82049E-02  3.82049E-02  3.82049E-02  3.82049E-02  3.82049E-02  3.82049E-02  3.82049E-02  3.82049E-02  3.82049E-02  3.82049E-02  3.82049E-02  3.82049E-02  3.82049E-02  3.82049E-02  3.82049E-02  3.82049E-02  3.82049E-02  3.82049E-02  3.82049E-02  3.82049E-02  3.82049E-02  3.82049E-02  3.82049E-02
   19274   4  2.58383E-02  2.58383E-02  2.58383E-02  2.58383E-02  2.58383E-02  2.58383E-02  2.58383E-02  2.58383E-02  2.58383E-02  2.58383E-02  2.58383E-02  2.58383E-02  2.58383E-02  2.58383E-02  2.58383E-02  2.58383E-02  2.58383E-02  2.58383E-02  2.58383E-02  2.58383E-02  2.58383E-02  2.58383E-02  2.58383E-02  2.58383E-02
   19627   4  5.29907E-02  5.29907E-02  5.29907E-02  5.29907E-02  5.29907E-02  5.29907E-02  5.29907E-02  5.29907E-02  5.29907E-02  5.29907E-02  5.29907E-02  5.29907E-02  5.29907E-02  5.29907E-02  5.29907E-02  5.29907E-02  5.29907E-02  5.29907E-02  5.29907E-02  5.29907E-02  5.29907E-02  5.29907E-02  5.29907E-02  5.29907E-02
   19627   3  0.00000E+00  0.00000E+00  0.00000E+00  0.00000E+00  0.00000E+00  0.00000E+00  0.00000E+00  0.00000E+00  0.00000E+00  0.00000E+00  0.00000E+00  0.00000E+00  0.00000E+00  0.00000E+00  0.00000E+00  0.00000E+00  0.00000E+00  0.00000E+00  0.00000E+00  0.00000E+00  0.00000E+00  0.00000E+00  0.00000E+00  0.00000E+00
   19627   2  0.00000E+00  0.00000E+00  0.00000E+00  0.00000E+00  0.00000E+00  0.00000E+00  0.00000E+00  0.00000E+00  0.00000E+00  0.00000E+00  0.00000E+00  0.00000E+00  0.00000E+00  0.00000E+00  0.00000E+00  0.00000E+00  0.00000E+00  0.00000E+00  0.00000E+00  0.00000E+00  0.00000E+00  0.00000E+00  0.00000E+00  0.00000E+00
   20331   4  1.47619E+01  1.47619E+01  1.47619E+01  1.47619E+01  1.47619E+01  1.47619E+01  1.47619E+01  1.47619E+01  1.47619E+01  1.47619E+01  1.47619E+01  1.47619E+01  1.47619E+01  1.47619E+01  1.47619E+01  1.47619E+01  1.47619E+01  1.47619E+01  1.47619E+01  1.47619E+01  1.47619E+01  1.47619E+01  1.47619E+01  1.47619E+01
   20331   3  6.28022E+00  6.28022E+00  5.88612E+00  5.88612E+00  5.88612E+00  5.88482E+00  5.88482E+00  5.88482E+00  5.88482E+00  5.88482E+00  5.88482E+00  5.88482E+00  5.88482E+00  1.61594E+01  1.61594E+01  1.61594E+01  1.61594E+01  1.61594E+01  1.61594E+01  1.61594E+01  1.61594E+01  6.28022E+00  6.28022E+00  6.28022E+00
   20331   7  8.47406E-01  8.47406E-01  8.47406E-01  8.47406E-01  8.47406E-01  8.46695E-01  8.46695E-01  8.46695E-01  8.46695E-01  8.46695E-01  8.46695E-01  8.46695E-01  8.47406E-01  1.51712E+00  1.51712E+00  1.51712E+00  1.51712E+00  1.51712E+00  1.51712E+00  1.51712E+00  1.51712E+00  8.47406E-01  8.47406E-01  8.47406E-01
   19971   4  7.99377E-02  7.99377E-02  7.99377E-02  7.99377E-02  7.99377E-02  7.99377E-02  7.99377E-02  7.99377E-02  7.99377E-02  7.99377E-02  7.99377E-02  7.99377E-02  7.99377E-02  7.99377E-02  7.99377E-02  7.99377E-02  7.99377E-02  7.99377E-02  7.99377E-02  7.99377E-02  7.99377E-02  7.99377E-02  7.99377E-02  7.99377E-02
   20331   1  2.70377E-01  2.70377E-01  2.70377E-01  2.70377E-01  2.70377E-01  2.70377E-01  2.70377E-01  2.70377E-01  2.70377E-01  2.70377E-01  2.70377E-01  2.70377E-01  2.70377E-01  2.70377E-01  2.70377E-01  2.70377E-01  2.70377E-01  2.70377E-01  2.70377E-01  2.70377E-01  2.70377E-01  2.70377E-01  2.70377E-01  2.70377E-01
   20331   2  6.37702E-03  6.37702E-03  6.37702E-03  6.37702E-03  6.37702E-03  6.37702E-03  6.37702E-03  6.37702E-03  6.37702E-03  6.37702E-03  6.37702E-03  6.37702E-03  6.37702E-03  6.37702E-03  6.37702E-03  6.37702E-03  6.37702E-03  6.37702E-03  6.37702E-03  6.37702E-03  6.37702E-03  6.37702E-03  6.37702E-03  6.37702E-03
   20685   3  0.00000E+00  0.00000E+00  0.00000E+00  0.00000E+00  0.00000E+00  0.00000E+00  0.00000E+00  0.00000E+00  0.00000E+00  0.00000E+00  0.00000E+00  0.00000E+00  0.00000E+00  4.29711E-03  4.29711E-03  4.29711E-03  4.29711E-03  4.29711E-03  4.29711E-03  4.29711E-03  4.29711E-03  0.00000E+00  0.00000E+00  0.00000E+00
   20332   3  0.00000E+00  0.00000E+00  0.00000E+00  0.00000E+00  0.00000E+00  0.00000E+00  0.00000E+00  0.00000E+00  0.00000E+00  0.00000E+00  0.00000E+00  0.00000E+00  0.00000E+00  0.00000E+00  0.00000E+00  0.00000E+00  0.00000E+00  0.00000E+00  0.00000E+00  0.00000E+00  0.00000E+00  0.00000E+00  0.00000E+00  0.00000E+00
   20685   7  0.00000E+00  0.00000E+00  0.00000E+00  0.00000E+00  0.00000E+00  0.00000E+00  0.00000E+00  0.00000E+00  0.00000E+00  0.00000E+00  0.00000E+00  0.00000E+00  0.00000E+00  1.17933E+00  1.17933E+00  1.17933E+00  1.17933E+00  1.17933E+00  1.17933E+00  1.17933E+00  1.17933E+00  0.00000E+00  0.00000E+00  0.00000E+00
   19622   4  0.00000E+00  0.00000E+00  0.00000E+00  0.00000E+00  0.00000E+00  0.00000E+00  0.00000E+00  0.00000E+00  0.00000E+00  0.00000E+00  0.00000E+00  0.00000E+00  0.00000E+00  0.00000E+00  0.00000E+00  0.00000E+00  0.00000E+00  0.00000E+00  0.00000E+00  0.00000E+00  0.00000E+00  0.00000E+00  0.00000E+00  0.00000E+00
   19628   4  9.77727E-02  9.77727E-02  9.77727E-02  9.77727E-02  9.77727E-02  9.77727E-02  9.77727E-02  9.77727E-02  9.77727E-02  9.77727E-02  9.77727E-02  9.77727E-02  9.77727E-02  9.77727E-02  9.77727E-02  9.77727E-02  9.77727E-02  9.77727E-02  9.77727E-02  9.77727E-02  9.77727E-02  9.77727E-02  9.77727E-02  9.77727E-02
   19628   3  4.26782E-02  4.26782E-02  4.26782E-02  4.26782E-02  4.26782E-02  4.26782E-02  4.26782E-02  4.26782E-02  4.26782E-02  4.26782E-02  4.26782E-02  4.26782E-02  4.26782E-02  4.26782E-02  4.26782E-02  4.26782E-02  4.26782E-02  4.26782E-02  4.26782E-02  4.26782E-02  4.26782E-02  4.26782E-02  4.26782E-02  4.26782E-02
   19274   3  2.74332E-05  2.74332E-05  2.74332E-05  2.74332E-05  2.74332E-05  2.74332E-05  2.74332E-05  2.74332E-05  2.74332E-05  2.74332E-05  2.74332E-05  2.74332E-05  2.74332E-05  2.74332E-05  2.74332E-05  2.74332E-05  2.74332E-05  2.74332E-05  2.74332E-05  2.74332E-05  2.74332E-05  2.74332E-05  2.74332E-05  2.74332E-05
   19628   7  7.24515E-03  7.24515E-03  7.24515E-03  7.24515E-03  7.24515E-03  0.00000E+00  0.00000E+00  0.00000E+00  0.00000E+00  0.00000E+00  0.00000E+00  0.00000E+00  7.24515E-03  7.24515E-03  7.24515E-03  7.24515E-03  7.24515E-03  7.24515E-03  7.24515E-03  7.24515E-03  7.24515E-03  7.24515E-03  7.24515E-03  7.24515E-03
   19267   4  8.53576E-01  8.53576E-01  8.53576E-01  8.53576E-01  8.53576E-01  8.53576E-01  8.53576E-01  8.53576E-01  8.53576E-01  8.53576E-01  8.53576E-01  8.53576E-01  8.53576E-01  1.08144E+00  1.08144E+00  1.08144E+00  1.08144E+00  1.08144E+00  1.08144E+00  1.08144E+00  1.08144E+00  8.53576E-01  8.53576E-01  8.53576E-01
   19267   2  4.30095E+01  4.30095E+01  4.30095E+01  4.30095E+01  4.30095E+01  4.30095E+01  4.30095E+01  4.30095E+01  4.30095E+01  4.30095E+01  4.30095E+01  4.30095E+01  4.30095E+01  4.30095E+01  4.30095E+01  4.30095E+01  4.30095E+01  4.30095E+01  4.30095E+01  4.30095E+01  4.30095E+01  4.30095E+01  4.30095E+01  4.30095E+01
   19620   4  2.05206E-01  2.05206E-01  2.05206E-01  2.05206E-01  2.05206E-01  2.05206E-01  2.05206E-01  2.05206E-01  2.05206E-01  2.05206E-01  2.05206E-01  2.05206E-01  2.05206E-01  2.05206E-01  2.05206E-01  2.05206E-01  2.05206E-01  2.05206E-01  2.05206E-01  2.05206E-01  2.05206E-01  2.05206E-01  2.05206E-01  2.05206E-01
   19620   3  2.97175E-02  2.97175E-02  2.97175E-02  2.97175E-02  2.97175E-02  2.97175E-02  2.97175E-02  2.97175E-02  2.97175E-02  2.97175E-02  2.97175E-02  2.97175E-02  2.97175E-02  2.97175E-02  2.97175E-02  2.97175E-02  2.97175E-02  2.97175E-02  2.97175E-02  2.97175E-02  2.97175E-02  2.97175E-02  2.97175E-02  2.97175E-02
   19267   7  0.00000E+00  0.00000E+00  0.00000E+00  0.00000E+00  0.00000E+00  0.00000E+00  0.00000E+00  0.00000E+00  0.00000E+00  0.00000E+00  0.00000E+00  0.00000E+00  0.00000E+00  5.19482E-01  5.19482E-01  5.19482E-01  5.19482E-01  5.19482E-01  5.19482E-01  5.19482E-01  5.19482E-01  0.00000E+00  0.00000E+00  0.00000E+00
   19267   3  8.63679E-01  8.63679E-01  8.63679E-01  8.63679E-01  8.63679E-01  8.63679E-01  8.63679E-01  8.63679E-01  8.63679E-01  8.63679E-01  8.63679E-01  8.63679E-01  8.63679E-01  8.63679E-01  8.63679E-01  8.63679E-01  8.63679E-01  8.63679E-01  8.63679E-01  8.63679E-01  8.63679E-01  8.63679E-01  8.63679E-01  8.63679E-01
   18913   3  0.00000E+00  0.00000E+00  0.00000E+00  0.00000E+00  0.00000E+00  0.00000E+00  0.00000E+00  0.00000E+00  0.00000E+00  0.00000E+00  0.00000E+00  0.00000E+00  0.00000E+00  0.00000E+00  0.00000E+00  0.00000E+00  0.00000E+00  0.00000E+00  0.00000E+00  0.00000E+00  0.00000E+00  0.00000E+00  0.00000E+00  0.00000E+00
   18913   4  0.00000E+00  0.00000E+00  0.00000E+00  0.00000E+00  0.00000E+00  0.00000E+00  0.00000E+00  0.00000E+00  0.00000E+00  0.00000E+00  0.00000E+00  0.00000E+00  0.00000E+00  0.00000E+00  0.00000E+00  0.00000E+00  0.00000E+00  0.00000E+00  0.00000E+00  0.00000E+00  0.00000E+00  0.00000E+00  0.00000E+00  0.00000E+00
   19975   3  2.30864E+01  2.30864E+01  4.07456E-01  4.07456E-01  4.07456E-01  4.06525E-01  4.06525E-01  4.06525E-01  4.06525E-01  4.06525E-01  4.06525E-01  4.06525E-01  4.06525E-01  2.30864E+01  2.30864E+01  2.30864E+01  2.30864E+01  2.30864E+01  2.30864E+01  2.30864E+01  2.30864E+01  2.30864E+01  2.30864E+01  2.30864E+01
   19975   4  2.87094E+00  2.87094E+00  2.87094E+00  2.87094E+00  2.87094E+00  2.87094E+00  2.87094E+00  2.87094E+00  2.87094E+00  2.87094E+00  2.87094E+00  2.87094E+00  2.87094E+00  2.87094E+00  2.87094E+00  2.87094E+00  2.87094E+00  2.87094E+00  2.87094E+00  2.87094E+00  2.87094E+00  2.87094E+00  2.87094E+00  2.87094E+00
   19975   2  0.00000E+00  0.00000E+00  0.00000E+00  0.00000E+00  0.00000E+00  0.00000E+00  0.00000E+00  0.00000E+00  0.00000E+00  0.00000E+00  0.00000E+00  0.00000E+00  0.00000E+00  0.00000E+00  0.00000E+00  0.00000E+00  0.00000E+00  0.00000E+00  0.00000E+00  0.00000E+00  0.00000E+00  0.00000E+00  0.00000E+00  0.00000E+00
   20329   7  0.00000E+00  0.00000E+00  0.00000E+00  0.00000E+00  0.00000E+00  0.00000E+00  0.00000E+00  0.00000E+00  0.00000E+00  0.00000E+00  0.00000E+00  0.00000E+00  0.00000E+00  8.81773E+00  8.81773E+00  8.81773E+00  8.81773E+00  8.81773E+00  8.81773E+00  8.81773E+00  8.81773E+00  0.00000E+00  0.00000E+00  0.00000E+00
   19975   5  0.00000E+00  0.00000E+00  0.00000E+00  0.00000E+00  0.00000E+00  0.00000E+00  0.00000E+00  0.00000E+00  0.00000E+00  0.00000E+00  0.00000E+00  0.00000E+00  0.00000E+00  0.00000E+00  0.00000E+00  0.00000E+00  0.00000E+00  0.00000E+00  0.00000E+00  0.00000E+00  0.00000E+00  0.00000E+00  0.00000E+00  0.00000E+00
   19979   5  2.25429E-04  2.25429E-04  2.25429E-04  2.25429E-04  2.25429E-04  2.25429E-04  2.25429E-04  2.25429E-04  2.25429E-04  2.25429E-04  2.25429E-04  2.25429E-04  2.25429E-04  2.25429E-04  2.25429E-04  2.25429E-04  2.25429E-04  2.25429E-04  2.25429E-04  2.25429E-04  2.25429E-04  2.25429E-04  2.25429E-04  2.25429E-04
   19979   4  7.26707E-02  7.26707E-02  7.26707E-02  7.26707E-02  7.26707E-02  7.26707E-02  7.26707E-02  7.26707E-02  7.26707E-02  7.26707E-02  7.26707E-02  7.26707E-02  7.26707E-02  7.26707E-02  7.26707E-02  7.26707E-02  7.26707E-02  7.26707E-02  7.26707E-02  7.26707E-02  7.26707E-02  7.26707E-02  7.26707E-02  7.26707E-02
   19979   3  0.00000E+00  0.00000E+00  0.00000E+00  0.00000E+00  0.00000E+00  0.00000E+00  0.00000E+00  0.00000E+00  0.00000E+00  0.00000E+00  0.00000E+00  0.00000E+00  0.00000E+00  0.00000E+00  0.00000E+00  0.00000E+00  0.00000E+00  0.00000E+00  0.00000E+00  0.00000E+00  0.00000E+00  0.00000E+00  0.00000E+00  0.00000E+00
   20681   4  1.70276E-02  1.70276E-02  1.70276E-02  1.70276E-02  1.70276E-02  1.70276E-02  1.70276E-02  1.70276E-02  1.70276E-02  1.70276E-02  1.70276E-02  1.70276E-02  1.70276E-02  1.70276E-02  1.70276E-02  1.70276E-02  1.70276E-02  1.70276E-02  1.70276E-02  1.70276E-02  1.70276E-02  1.70276E-02  1.70276E-02  1.70276E-02
   18915   3  0.00000E+00  0.00000E+00  0.00000E+00  0.00000E+00  0.00000E+00  0.00000E+00  0.00000E+00  0.00000E+00  0.00000E+00  0.00000E+00  0.00000E+00  0.00000E+00  0.00000E+00  0.00000E+00  0.00000E+00  0.00000E+00  0.00000E+00  0.00000E+00  0.00000E+00  0.00000E+00  0.00000E+00  0.00000E+00  0.00000E+00  0.00000E+00
   21038   4  1.36327E+00  1.36327E+00  1.36327E+00  1.36327E+00  1.36327E+00  1.36327E+00  1.36327E+00  1.36327E+00  1.36327E+00  1.36327E+00  1.36327E+00  1.36327E+00  1.36327E+00  1.36327E+00  1.36327E+00  1.36327E+00  1.36327E+00  1.36327E+00  1.36327E+00  1.36327E+00  1.36327E+00  1.36327E+00  1.36327E+00  1.36327E+00
   21038   3  0.00000E+00  0.00000E+00  0.00000E+00  0.00000E+00  0.00000E+00  0.00000E+00  0.00000E+00  0.00000E+00  0.00000E+00  0.00000E+00  0.00000E+00  0.00000E+00  0.00000E+00  0.00000E+00  0.00000E+00  0.00000E+00  0.00000E+00  0.00000E+00  0.00000E+00  0.00000E+00  0.00000E+00  0.00000E+00  0.00000E+00  0.00000E+00
   18562   3  0.00000E+00  0.00000E+00  0.00000E+00  0.00000E+00  0.00000E+00  0.00000E+00  0.00000E+00  0.00000E+00  0.00000E+00  0.00000E+00  0.00000E+00  0.00000E+00  0.00000E+00  0.00000E+00  0.00000E+00  0.00000E+00  0.00000E+00  0.00000E+00  0.00000E+00  0.00000E+00  0.00000E+00  0.00000E+00  0.00000E+00  0.00000E+00
   20330   7  1.19500E-01  1.19500E-01  1.19500E-01  1.19500E-01  1.19500E-01  0.00000E+00  0.00000E+00  0.00000E+00  0.00000E+00  0.00000E+00  0.00000E+00  0.00000E+00  1.19500E-01  1.70111E+01  1.70111E+01  1.70111E+01  1.70111E+01  1.70111E+01  1.70111E+01  1.70111E+01  1.70111E+01  1.19500E-01  1.19500E-01  1.19500E-01
   20330   2  5.78359E+00  5.78359E+00  5.78359E+00  5.78359E+00  5.78359E+00  5.78359E+00  5.78359E+00  5.78359E+00  5.78359E+00  5.78359E+00  5.78359E+00  5.78359E+00  5.78359E+00  5.78359E+00  5.78359E+00  5.78359E+00  5.78359E+00  5.78359E+00  5.78359E+00  5.78359E+00  5.78359E+00  5.78359E+00  5.78359E+00  5.78359E+00
   20329   2  2.96568E-03  2.96568E-03  2.96568E-03  2.96568E-03  2.96568E-03  2.96568E-03  2.96568E-03  2.96568E-03  2.96568E-03  2.96568E-03  2.96568E-03  2.96568E-03  2.96568E-03  2.96568E-03  2.96568E-03  2.96568E-03  2.96568E-03  2.96568E-03  2.96568E-03  2.96568E-03  2.96568E-03  2.96568E-03  2.96568E-03  2.96568E-03
   19266   5  0.00000E+00  0.00000E+00  0.00000E+00  0.00000E+00  0.00000E+00  0.00000E+00  0.00000E+00  0.00000E+00  0.00000E+00  0.00000E+00  0.00000E+00  0.00000E+00  0.00000E+00  0.00000E+00  0.00000E+00  0.00000E+00  0.00000E+00  0.00000E+00  0.00000E+00  0.00000E+00  0.00000E+00  0.00000E+00  0.00000E+00  0.00000E+00
   19265   4  5.53956E+00  5.53956E+00  5.53956E+00  5.53956E+00  5.53956E+00  5.53956E+00  5.53956E+00  5.53956E+00  5.53956E+00  5.53956E+00  5.53956E+00  5.53956E+00  5.53956E+00  5.88776E+01  5.88776E+01  5.88776E+01  5.88776E+01  5.88776E+01  5.88776E+01  5.88776E+01  5.88776E+01  5.53956E+00  5.53956E+00  5.53956E+00
   19265   3  3.96377E+00  3.96377E+00  1.33442E+00  1.33442E+00  1.33442E+00  1.33442E+00  1.33442E+00  1.33442E+00  1.33442E+00  1.33442E+00  1.33442E+00  1.33442E+00  1.33442E+00  5.73667E+01  5.73667E+01  5.73667E+01  5.73667E+01  5.73667E+01  5.73667E+01  5.73667E+01  5.73667E+01  3.96377E+00  3.96377E+00  3.96377E+00
   19265   5  0.00000E+00  0.00000E+00  0.00000E+00  0.00000E+00  0.00000E+00  0.00000E+00  0.00000E+00  0.00000E+00  0.00000E+00  0.00000E+00  0.00000E+00  0.00000E+00  0.00000E+00  1.18529E+01  1.18529E+01  1.18529E+01  1.18529E+01  1.18529E+01  1.18529E+01  1.18529E+01  1.18529E+01  0.00000E+00  0.00000E+00  0.00000E+00
   19266   7  1.78236E+00  1.78236E+00  1.78236E+00  1.78236E+00  1.78236E+00  1.78236E+00  1.78236E+00  1.78236E+00  1.78236E+00  1.78236E+00  1.78236E+00  1.78236E+00  1.78236E+00  1.78236E+00  1.78236E+00  1.78236E+00  1.78236E+00  1.78236E+00  1.78236E+00  1.78236E+00  1.78236E+00  1.78236E+00  1.78236E+00  1.78236E+00
   19265   7  3.43153E-02  3.43153E-02  3.43153E-02  3.43153E-02  3.43153E-02  0.00000E+00  0.00000E+00  0.00000E+00  0.00000E+00  0.00000E+00  0.00000E+00  0.00000E+00  3.43153E-02  1.62189E+01  1.62189E+01  1.62189E+01  1.62189E+01  1.62189E+01  1.62189E+01  1.62189E+01  1.62189E+01  3.43153E-02  3.43153E-02  3.43153E-02
   19266   4  7.37503E-02  7.37503E-02  7.37503E-02  7.37503E-02  7.37503E-02  7.37503E-02  7.37503E-02  7.37503E-02  7.37503E-02  7.37503E-02  7.37503E-02  7.37503E-02  7.37503E-02  7.37503E-02  7.37503E-02  7.37503E-02  7.37503E-02  7.37503E-02  7.37503E-02  7.37503E-02  7.37503E-02  7.37503E-02  7.37503E-02  7.37503E-02
   18912   4  0.00000E+00  0.00000E+00  0.00000E+00  0.00000E+00  0.00000E+00  0.00000E+00  0.00000E+00  0.00000E+00  0.00000E+00  0.00000E+00  0.00000E+00  0.00000E+00  0.00000E+00  0.00000E+00  0.00000E+00  0.00000E+00  0.00000E+00  0.00000E+00  0.00000E+00  0.00000E+00  0.00000E+00  0.00000E+00  0.00000E+00  0.00000E+00
   19265   1  5.12744E-01  5.12744E-01  5.12744E-01  5.12744E-01  5.12744E-01  5.12744E-01  5.12744E-01  5.12744E-01  5.12744E-01  5.12744E-01  5.12744E-01  5.12744E-01  5.12744E-01  5.12744E-01  5.12744E-01  5.12744E-01  5.12744E-01  5.12744E-01  5.12744E-01  5.12744E-01  5.12744E-01  5.12744E-01  5.12744E-01  5.12744E-01
   20683   4  1.37876E+01  1.37876E+01  1.37876E+01  1.37876E+01  1.37876E+01  1.37876E+01  1.37876E+01  1.37876E+01  1.37876E+01  1.37876E+01  1.37876E+01  1.37876E+01  1.37876E+01  1.37876E+01  1.37876E+01  1.37876E+01  1.37876E+01  1.37876E+01  1.37876E+01  1.37876E+01  1.37876E+01  1.37876E+01  1.37876E+01  1.37876E+01
   20683   7  7.28981E-03  7.28981E-03  7.28981E-03  7.28981E-03  7.28981E-03  0.00000E+00  0.00000E+00  0.00000E+00  0.00000E+00  0.00000E+00  0.00000E+00  0.00000E+00  7.28981E-03  1.64884E+00  1.64884E+00  1.64884E+00  1.64884E+00  1.64884E+00  1.64884E+00  1.64884E+00  1.64884E+00  7.28981E-03  7.28981E-03  7.28981E-03
   20683   2  8.72122E-01  8.59215E-01  8.11276E-01  7.31992E-01  6.49021E-01  5.48627E-01  5.07988E-01  4.87669E-01  4.80896E-01  4.94442E-01  5.35081E-01  5.99426E-01  6.82398E-01  7.33196E-01  7.73835E-01  8.09395E-01  8.22941E-01  8.36487E-01  8.41567E-01  8.48340E-01  8.46647E-01  8.41567E-01  8.28021E-01  8.07701E-01
   19973   5  0.00000E+00  0.00000E+00  0.00000E+00  0.00000E+00  0.00000E+00  0.00000E+00  0.00000E+00  0.00000E+00  0.00000E+00  0.00000E+00  0.00000E+00  0.00000E+00  0.00000E+00  0.00000E+00  0.00000E+00  0.00000E+00  0.00000E+00  0.00000E+00  0.00000E+00  0.00000E+00  0.00000E+00  0.00000E+00  0.00000E+00  0.00000E+00
   19264   3  8.21819E-03  8.21819E-03  8.21819E-03  8.21819E-03  8.21819E-03  8.21819E-03  8.21819E-03  8.21819E-03  8.21819E-03  8.21819E-03  8.21819E-03  8.21819E-03  8.21819E-03  8.21819E-03  8.21819E-03  8.21819E-03  8.21819E-03  8.21819E-03  8.21819E-03  8.21819E-03  8.21819E-03  8.21819E-03  8.21819E-03  8.21819E-03
   19263   4  6.73951E-03  6.73951E-03  6.73951E-03  6.73951E-03  6.73951E-03  6.73951E-03  6.73951E-03  6.73951E-03  6.73951E-03  6.73951E-03  6.73951E-03  6.73951E-03  6.73951E-03  6.73951E-03  6.73951E-03  6.73951E-03  6.73951E-03  6.73951E-03  6.73951E-03  6.73951E-03  6.73951E-03  6.73951E-03  6.73951E-03  6.73951E-03
   20682   4  1.63165E+01  1.63165E+01  1.63165E+01  1.63165E+01  1.63165E+01  1.63165E+01  1.63165E+01  1.63165E+01  1.63165E+01  1.63165E+01  1.63165E+01  1.63165E+01  1.63165E+01  5.92988E+01  5.92988E+01  5.92988E+01  5.92988E+01  5.92988E+01  5.92988E+01  5.92988E+01  5.92988E+01  1.63165E+01  1.63165E+01  1.63165E+01
   20682   3  3.55027E-01  3.55027E-01  3.55027E-01  3.55027E-01  3.55027E-01  3.55027E-01  3.55027E-01  3.55027E-01  3.55027E-01  3.55027E-01  3.55027E-01  3.55027E-01  3.55027E-01  4.33373E+01  4.33373E+01  4.33373E+01  4.33373E+01  4.33373E+01  4.33373E+01  4.33373E+01  4.33373E+01  3.55027E-01  3.55027E-01  3.55027E-01
   20682   5  0.00000E+00  0.00000E+00  0.00000E+00  0.00000E+00  0.00000E+00  0.00000E+00  0.00000E+00  0.00000E+00  0.00000E+00  0.00000E+00  0.00000E+00  0.00000E+00  0.00000E+00  9.55163E+00  9.55163E+00  9.55163E+00  9.55163E+00  9.55163E+00  9.55163E+00  9.55163E+00  9.55163E+00  0.00000E+00  0.00000E+00  0.00000E+00
   21035   4  3.38359E-01  3.38359E-01  3.38359E-01  3.38359E-01  3.38359E-01  3.38359E-01  3.38359E-01  3.38359E-01  3.38359E-01  3.38359E-01  3.38359E-01  3.38359E-01  3.38359E-01  3.38359E-01  3.38359E-01  3.38359E-01  3.38359E-01  3.38359E-01  3.38359E-01  3.38359E-01  3.38359E-01  3.38359E-01  3.38359E-01  3.38359E-01
   21035   3  1.47013E-03  1.47013E-03  1.47013E-03  1.47013E-03  1.47013E-03  1.47013E-03  1.47013E-03  1.47013E-03  1.47013E-03  1.47013E-03  1.47013E-03  1.47013E-03  1.47013E-03  1.47013E-03  1.47013E-03  1.47013E-03  1.47013E-03  1.47013E-03  1.47013E-03  1.47013E-03  1.47013E-03  1.47013E-03  1.47013E-03  1.47013E-03
   20682   7  0.00000E+00  0.00000E+00  0.00000E+00  0.00000E+00  0.00000E+00  0.00000E+00  0.00000E+00  0.00000E+00  0.00000E+00  0.00000E+00  0.00000E+00  0.00000E+00  0.00000E+00  1.62828E-01  1.62828E-01  1.62828E-01  1.62828E-01  1.62828E-01  1.62828E-01  1.62828E-01  1.62828E-01  0.00000E+00  0.00000E+00  0.00000E+00
   17468   3  1.92136E-03  1.92136E-03  1.92136E-03  1.92136E-03  1.92136E-03  1.92136E-03  1.92136E-03  1.92136E-03  1.92136E-03  1.92136E-03  1.92136E-03  1.92136E-03  1.92136E-03  1.92136E-03  1.92136E-03  1.92136E-03  1.92136E-03  1.92136E-03  1.92136E-03  1.92136E-03  1.92136E-03  1.92136E-03  1.92136E-03  1.92136E-03
   20665   3  2.69780E-03  2.69780E-03  2.69780E-03  2.69780E-03  2.69780E-03  2.69780E-03  2.69780E-03  2.69780E-03  2.69780E-03  2.69780E-03  2.69780E-03  2.69780E-03  2.69780E-03  2.69780E-03  2.69780E-03  2.69780E-03  2.69780E-03  2.69780E-03  2.69780E-03  2.69780E-03  2.69780E-03  2.69780E-03  2.69780E-03  2.69780E-03
   21015   3  0.00000E+00  0.00000E+00  0.00000E+00  0.00000E+00  0.00000E+00  0.00000E+00  0.00000E+00  0.00000E+00  0.00000E+00  0.00000E+00  0.00000E+00  0.00000E+00  0.00000E+00  0.00000E+00  0.00000E+00  0.00000E+00  0.00000E+00  0.00000E+00  0.00000E+00  0.00000E+00  0.00000E+00  0.00000E+00  0.00000E+00  0.00000E+00
   22058   3  1.38791E-03  1.38791E-03  1.38791E-03  1.38791E-03  1.38791E-03  1.38791E-03  1.38791E-03  1.38791E-03  1.38791E-03  1.38791E-03  1.38791E-03  1.38791E-03  1.38791E-03  1.38791E-03  1.38791E-03  1.38791E-03  1.38791E-03  1.38791E-03  1.38791E-03  1.38791E-03  1.38791E-03  1.38791E-03  1.38791E-03  1.38791E-03
   22404   3  0.00000E+00  0.00000E+00  0.00000E+00  0.00000E+00  0.00000E+00  0.00000E+00  0.00000E+00  0.00000E+00  0.00000E+00  0.00000E+00  0.00000E+00  0.00000E+00  0.00000E+00  0.00000E+00  0.00000E+00  0.00000E+00  0.00000E+00  0.00000E+00  0.00000E+00  0.00000E+00  0.00000E+00  0.00000E+00  0.00000E+00  0.00000E+00
   13938   4  3.44309E-04  3.44309E-04  3.44309E-04  3.44309E-04  3.44309E-04  3.44309E-04  3.44309E-04  3.44309E-04  3.44309E-04  3.44309E-04  3.44309E-04  3.44309E-04  3.44309E-04  3.44309E-04  3.44309E-04  3.44309E-04  3.44309E-04  3.44309E-04  3.44309E-04  3.44309E-04  3.44309E-04  3.44309E-04  3.44309E-04  3.44309E-04
   13938   2  1.55970E+00  1.55970E+00  1.55970E+00  1.55970E+00  0.00000E+00  0.00000E+00  0.00000E+00  0.00000E+00  1.55970E+00  1.55970E+00  1.55970E+00  1.55970E+00  1.55970E+00  1.55970E+00  1.55970E+00  1.55970E+00  1.55970E+00  1.55970E+00  1.55970E+00  1.55970E+00  1.55970E+00  1.55970E+00  1.55970E+00  1.55970E+00
   13938   1  0.00000E+00  0.00000E+00  0.00000E+00  0.00000E+00  0.00000E+00  0.00000E+00  0.00000E+00  0.00000E+00  0.00000E+00  0.00000E+00  0.00000E+00  0.00000E+00  0.00000E+00  0.00000E+00  0.00000E+00  0.00000E+00  0.00000E+00  0.00000E+00  0.00000E+00  0.00000E+00  0.00000E+00  0.00000E+00  0.00000E+00  0.00000E+00
   13938   7  2.31270E+00  2.31270E+00  2.31270E+00  2.31270E+00  2.31270E+00  2.31270E+00  2.31270E+00  2.31270E+00  2.31270E+00  2.31270E+00  2.31270E+00  2.31270E+00  2.31270E+00  2.31270E+00  2.31270E+00  2.31270E+00  2.31270E+00  2.31270E+00  2.31270E+00  2.31270E+00  2.31270E+00  2.31270E+00  2.31270E+00  2.31270E+00
   13235   1  3.41929E+00  3.41929E+00  3.41929E+00  3.41929E+00  3.41929E+00  3.41929E+00  3.41929E+00  3.41929E+00  3.41929E+00  3.41929E+00  3.41929E+00  3.41929E+00  3.41929E+00  3.41929E+00  3.41929E+00  3.41929E+00  3.41929E+00  3.41929E+00  3.41929E+00  3.41929E+00  3.41929E+00  3.41929E+00  3.41929E+00  3.41929E+00
   13235   2  7.36926E+00  7.36926E+00  7.36926E+00  7.36926E+00  7.36926E+00  7.36926E+00  7.36926E+00  7.36926E+00  7.36926E+00  7.36926E+00  7.36926E+00  7.36926E+00  7.36926E+00  7.36926E+00  7.36926E+00  7.36926E+00  7.36926E+00  7.36926E+00  7.36926E+00  7.36926E+00  7.36926E+00  7.36926E+00  7.36926E+00  7.36926E+00
   13235   3  8.27129E-01  8.27129E-01  8.27129E-01  8.27129E-01  8.27129E-01  8.27129E-01  8.27129E-01  8.27129E-01  8.27129E-01  8.27129E-01  8.27129E-01  8.27129E-01  8.27129E-01  8.27129E-01  8.27129E-01  8.27129E-01  8.27129E-01  8.27129E-01  8.27129E-01  8.27129E-01  8.27129E-01  8.27129E-01  8.27129E-01  8.27129E-01
   13938   3  0.00000E+00  0.00000E+00  0.00000E+00  0.00000E+00  0.00000E+00  0.00000E+00  0.00000E+00  0.00000E+00  0.00000E+00  0.00000E+00  0.00000E+00  0.00000E+00  0.00000E+00  0.00000E+00  0.00000E+00  0.00000E+00  0.00000E+00  0.00000E+00  0.00000E+00  0.00000E+00  0.00000E+00  0.00000E+00  0.00000E+00  0.00000E+00
   21012   3  0.00000E+00  0.00000E+00  0.00000E+00  0.00000E+00  0.00000E+00  0.00000E+00  0.00000E+00  0.00000E+00  0.00000E+00  0.00000E+00  0.00000E+00  0.00000E+00  0.00000E+00  0.00000E+00  0.00000E+00  0.00000E+00  0.00000E+00  0.00000E+00  0.00000E+00  0.00000E+00  0.00000E+00  0.00000E+00  0.00000E+00  0.00000E+00
   20658   3  0.00000E+00  0.00000E+00  0.00000E+00  0.00000E+00  0.00000E+00  0.00000E+00  0.00000E+00  0.00000E+00  0.00000E+00  0.00000E+00  0.00000E+00  0.00000E+00  0.00000E+00  0.00000E+00  0.00000E+00  0.00000E+00  0.00000E+00  0.00000E+00  0.00000E+00  0.00000E+00  0.00000E+00  0.00000E+00  0.00000E+00  0.00000E+00
   21012   4  4.40845E-02  4.40845E-02  4.40845E-02  4.40845E-02  4.40845E-02  4.40845E-02  4.40845E-02  4.40845E-02  4.40845E-02  4.40845E-02  4.40845E-02  4.40845E-02  4.40845E-02  4.40845E-02  4.40845E-02  4.40845E-02  4.40845E-02  4.40845E-02  4.40845E-02  4.40845E-02  4.40845E-02  4.40845E-02  4.40845E-02  4.40845E-02
   21013   4  1.70254E-01  1.70254E-01  1.70254E-01  1.70254E-01  1.70254E-01  1.70254E-01  1.70254E-01  1.70254E-01  1.70254E-01  1.70254E-01  1.70254E-01  1.70254E-01  1.70254E-01  1.70254E-01  1.70254E-01  1.70254E-01  1.70254E-01  1.70254E-01  1.70254E-01  1.70254E-01  1.70254E-01  1.70254E-01  1.70254E-01  1.70254E-01
   20658   7  1.85599E+00  1.85599E+00  1.85599E+00  1.85599E+00  1.85599E+00  1.85599E+00  1.85599E+00  1.85599E+00  1.85599E+00  1.85599E+00  1.85599E+00  1.85599E+00  1.85599E+00  1.85599E+00  1.85599E+00  1.85599E+00  1.85599E+00  1.85599E+00  1.85599E+00  1.85599E+00  1.85599E+00  1.85599E+00  1.85599E+00  1.85599E+00
   21013   3  0.00000E+00  0.00000E+00  0.00000E+00  0.00000E+00  0.00000E+00  0.00000E+00  0.00000E+00  0.00000E+00  0.00000E+00  0.00000E+00  0.00000E+00  0.00000E+00  0.00000E+00  0.00000E+00  0.00000E+00  0.00000E+00  0.00000E+00  0.00000E+00  0.00000E+00  0.00000E+00  0.00000E+00  0.00000E+00  0.00000E+00  0.00000E+00
   20659   4  0.00000E+00  0.00000E+00  0.00000E+00  0.00000E+00  0.00000E+00  0.00000E+00  0.00000E+00  0.00000E+00  0.00000E+00  0.00000E+00  0.00000E+00  0.00000E+00  0.00000E+00  0.00000E+00  0.00000E+00  0.00000E+00  0.00000E+00  0.00000E+00  0.00000E+00  0.00000E+00  0.00000E+00  0.00000E+00  0.00000E+00  0.00000E+00
   20645   3  0.00000E+00  0.00000E+00  0.00000E+00  0.00000E+00  0.00000E+00  0.00000E+00  0.00000E+00  0.00000E+00  0.00000E+00  0.00000E+00  0.00000E+00  0.00000E+00  0.00000E+00  0.00000E+00  0.00000E+00  0.00000E+00  0.00000E+00  0.00000E+00  0.00000E+00  0.00000E+00  0.00000E+00  0.00000E+00  0.00000E+00  0.00000E+00
   18891   3  0.00000E+00  0.00000E+00  0.00000E+00  0.00000E+00  0.00000E+00  0.00000E+00  0.00000E+00  0.00000E+00  0.00000E+00  0.00000E+00  0.00000E+00  0.00000E+00  0.00000E+00  0.00000E+00  0.00000E+00  0.00000E+00  0.00000E+00  0.00000E+00  0.00000E+00  0.00000E+00  0.00000E+00  0.00000E+00  0.00000E+00  0.00000E+00
   19239   2  0.00000E+00  0.00000E+00  0.00000E+00  0.00000E+00  0.00000E+00  0.00000E+00  0.00000E+00  0.00000E+00  0.00000E+00  0.00000E+00  0.00000E+00  0.00000E+00  0.00000E+00  0.00000E+00  0.00000E+00  0.00000E+00  0.00000E+00  0.00000E+00  0.00000E+00  0.00000E+00  0.00000E+00  0.00000E+00  0.00000E+00  0.00000E+00
   19239   3  0.00000E+00  0.00000E+00  0.00000E+00  0.00000E+00  0.00000E+00  0.00000E+00  0.00000E+00  0.00000E+00  0.00000E+00  0.00000E+00  0.00000E+00  0.00000E+00  0.00000E+00  0.00000E+00  0.00000E+00  0.00000E+00  0.00000E+00  0.00000E+00  0.00000E+00  0.00000E+00  0.00000E+00  0.00000E+00  0.00000E+00  0.00000E+00
   20643   2  0.00000E+00  0.00000E+00  0.00000E+00  0.00000E+00  0.00000E+00  0.00000E+00  0.00000E+00  0.00000E+00  0.00000E+00  0.00000E+00  0.00000E+00  0.00000E+00  0.00000E+00  0.00000E+00  0.00000E+00  0.00000E+00  0.00000E+00  0.00000E+00  0.00000E+00  0.00000E+00  0.00000E+00  0.00000E+00  0.00000E+00  0.00000E+00
   20643   3  0.00000E+00  0.00000E+00  0.00000E+00  0.00000E+00  0.00000E+00  0.00000E+00  0.00000E+00  0.00000E+00  0.00000E+00  0.00000E+00  0.00000E+00  0.00000E+00  0.00000E+00  0.00000E+00  0.00000E+00  0.00000E+00  0.00000E+00  0.00000E+00  0.00000E+00  0.00000E+00  0.00000E+00  0.00000E+00  0.00000E+00  0.00000E+00
   19590   3  0.00000E+00  0.00000E+00  0.00000E+00  0.00000E+00  0.00000E+00  0.00000E+00  0.00000E+00  0.00000E+00  0.00000E+00  0.00000E+00  0.00000E+00  0.00000E+00  0.00000E+00  0.00000E+00  0.00000E+00  0.00000E+00  0.00000E+00  0.00000E+00  0.00000E+00  0.00000E+00  0.00000E+00  0.00000E+00  0.00000E+00  0.00000E+00
   19590   7  3.37040E+00  3.37040E+00  3.37040E+00  3.37040E+00  3.37040E+00  3.37040E+00  3.37040E+00  3.37040E+00  3.37040E+00  3.37040E+00  3.37040E+00  3.37040E+00  3.37040E+00  3.37040E+00  3.37040E+00  3.37040E+00  3.37040E+00  3.37040E+00  3.37040E+00  3.37040E+00  3.37040E+00  3.37040E+00  3.37040E+00  3.37040E+00
   21358   4  0.00000E+00  0.00000E+00  0.00000E+00  0.00000E+00  0.00000E+00  0.00000E+00  0.00000E+00  0.00000E+00  0.00000E+00  0.00000E+00  0.00000E+00  0.00000E+00  0.00000E+00  0.00000E+00  0.00000E+00  0.00000E+00  0.00000E+00  0.00000E+00  0.00000E+00  0.00000E+00  0.00000E+00  0.00000E+00  0.00000E+00  0.00000E+00
   22412   3  1.36818E-02  1.36818E-02  1.36818E-02  1.36818E-02  1.36818E-02  1.36818E-02  1.36818E-02  1.36818E-02  1.36818E-02  1.36818E-02  1.36818E-02  1.36818E-02  1.36818E-02  1.36818E-02  1.36818E-02  1.36818E-02  1.36818E-02  1.36818E-02  1.36818E-02  1.36818E-02  1.36818E-02  1.36818E-02  1.36818E-02  1.36818E-02
   22412   7  5.95390E-01  5.95390E-01  5.95390E-01  5.95390E-01  5.95390E-01  5.95390E-01  5.95390E-01  5.95390E-01  5.95390E-01  5.95390E-01  5.95390E-01  5.95390E-01  5.95390E-01  5.95390E-01  5.95390E-01  5.95390E-01  5.95390E-01  5.95390E-01  5.95390E-01  5.95390E-01  5.95390E-01  5.95390E-01  5.95390E-01  5.95390E-01
   19610   3  0.00000E+00  0.00000E+00  0.00000E+00  0.00000E+00  0.00000E+00  0.00000E+00  0.00000E+00  0.00000E+00  0.00000E+00  0.00000E+00  0.00000E+00  0.00000E+00  0.00000E+00  0.00000E+00  0.00000E+00  0.00000E+00  0.00000E+00  0.00000E+00  0.00000E+00  0.00000E+00  0.00000E+00  0.00000E+00  0.00000E+00  0.00000E+00
   16803   4  6.39653E-02  6.39653E-02  6.39653E-02  6.39653E-02  6.39653E-02  6.39653E-02  6.39653E-02  6.39653E-02  6.39653E-02  6.39653E-02  6.39653E-02  6.39653E-02  6.39653E-02  6.39653E-02  6.39653E-02  6.39653E-02  6.39653E-02  6.39653E-02  6.39653E-02  6.39653E-02  6.39653E-02  6.39653E-02  6.39653E-02  6.39653E-02
   16802   4  5.30552E-01  5.30552E-01  5.30552E-01  5.30552E-01  5.30552E-01  5.30552E-01  5.30552E-01  5.30552E-01  5.30552E-01  5.30552E-01  5.30552E-01  5.30552E-01  5.30552E-01  5.30552E-01  5.30552E-01  5.30552E-01  5.30552E-01  5.30552E-01  5.30552E-01  5.30552E-01  5.30552E-01  5.30552E-01  5.30552E-01  5.30552E-01
   17156   4  8.80746E-04  8.80746E-04  8.80746E-04  8.80746E-04  8.80746E-04  8.80746E-04  8.80746E-04  8.80746E-04  8.80746E-04  8.80746E-04  8.80746E-04  8.80746E-04  8.80746E-04  8.80746E-04  8.80746E-04  8.80746E-04  8.80746E-04  8.80746E-04  8.80746E-04  8.80746E-04  8.80746E-04  8.80746E-04  8.80746E-04  8.80746E-04
   17156   3  1.95412E-03  1.95412E-03  1.95412E-03  1.95412E-03  1.95412E-03  0.00000E+00  0.00000E+00  0.00000E+00  0.00000E+00  0.00000E+00  0.00000E+00  0.00000E+00  0.00000E+00  1.95412E-03  1.95412E-03  1.95412E-03  1.95412E-03  1.95412E-03  1.95412E-03  1.95412E-03  1.95412E-03  1.95412E-03  1.95412E-03  1.95412E-03
   17156   7  1.29900E+00  1.29900E+00  1.29900E+00  1.29900E+00  1.29900E+00  1.29900E+00  1.29900E+00  1.29900E+00  1.29900E+00  1.29900E+00  1.29900E+00  1.29900E+00  1.29900E+00  1.29900E+00  1.29900E+00  1.29900E+00  1.29900E+00  1.29900E+00  1.29900E+00  1.29900E+00  1.29900E+00  1.29900E+00  1.29900E+00  1.29900E+00
   17156   2  1.27710E-01  1.27710E-01  1.27710E-01  1.27710E-01  1.27710E-01  1.27710E-01  1.27710E-01  1.27710E-01  1.27710E-01  1.27710E-01  1.27710E-01  1.27710E-01  1.27710E-01  1.27710E-01  1.27710E-01  1.27710E-01  1.27710E-01  1.27710E-01  1.27710E-01  1.27710E-01  1.27710E-01  1.27710E-01  1.27710E-01  1.27710E-01
   17506   4  1.48027E+01  1.48027E+01  1.48027E+01  1.48027E+01  1.48027E+01  1.48027E+01  1.48027E+01  1.48027E+01  1.48027E+01  1.48027E+01  1.48027E+01  1.48027E+01  1.48027E+01  7.52625E+01  7.52625E+01  7.52625E+01  7.52625E+01  7.52625E+01  7.52625E+01  7.52625E+01  7.52625E+01  1.48027E+01  1.48027E+01  1.48027E+01
   17506   3  3.24630E+00  3.24630E+00  3.24630E+00  3.24630E+00  3.24630E+00  3.24630E+00  3.24630E+00  3.24630E+00  3.24630E+00  3.24630E+00  3.24630E+00  3.24630E+00  3.24630E+00  6.37068E+01  6.37068E+01  6.37068E+01  6.37068E+01  6.37068E+01  6.37068E+01  6.37068E+01  6.37068E+01  3.24630E+00  3.24630E+00  3.24630E+00
   17859   3  0.00000E+00  0.00000E+00  0.00000E+00  0.00000E+00  0.00000E+00  0.00000E+00  0.00000E+00  0.00000E+00  0.00000E+00  0.00000E+00  0.00000E+00  0.00000E+00  0.00000E+00  0.00000E+00  0.00000E+00  0.00000E+00  0.00000E+00  0.00000E+00  0.00000E+00  0.00000E+00  0.00000E+00  0.00000E+00  0.00000E+00  0.00000E+00
   17506   7  8.24976E+00  8.24976E+00  8.24976E+00  8.24976E+00  8.24976E+00  8.24976E+00  8.24976E+00  8.24976E+00  8.24976E+00  8.24976E+00  8.24976E+00  8.24976E+00  8.24976E+00  8.24976E+00  8.24976E+00  8.24976E+00  8.24976E+00  8.24976E+00  8.24976E+00  8.24976E+00  8.24976E+00  8.24976E+00  8.24976E+00  8.24976E+00
   17505   3  0.00000E+00  0.00000E+00  0.00000E+00  0.00000E+00  0.00000E+00  0.00000E+00  0.00000E+00  0.00000E+00  0.00000E+00  0.00000E+00  0.00000E+00  0.00000E+00  0.00000E+00  0.00000E+00  0.00000E+00  0.00000E+00  0.00000E+00  0.00000E+00  0.00000E+00  0.00000E+00  0.00000E+00  0.00000E+00  0.00000E+00  0.00000E+00
   17153   2  2.42310E+00  2.42310E+00  2.42310E+00  2.42310E+00  2.42310E+00  2.42310E+00  2.42310E+00  2.42310E+00  2.42310E+00  2.42310E+00  2.42310E+00  2.42310E+00  2.42310E+00  2.42310E+00  2.42310E+00  2.42310E+00  2.42310E+00  2.42310E+00  2.42310E+00  2.42310E+00  2.42310E+00  2.42310E+00  2.42310E+00  2.42310E+00
   17506   5  0.00000E+00  0.00000E+00  0.00000E+00  0.00000E+00  0.00000E+00  0.00000E+00  0.00000E+00  0.00000E+00  0.00000E+00  0.00000E+00  0.00000E+00  0.00000E+00  0.00000E+00  1.34355E+01  1.34355E+01  1.34355E+01  1.34355E+01  1.34355E+01  1.34355E+01  1.34355E+01  1.34355E+01  0.00000E+00  0.00000E+00  0.00000E+00
   18212   4  0.00000E+00  0.00000E+00  0.00000E+00  0.00000E+00  0.00000E+00  0.00000E+00  0.00000E+00  0.00000E+00  0.00000E+00  0.00000E+00  0.00000E+00  0.00000E+00  0.00000E+00  0.00000E+00  0.00000E+00  0.00000E+00  0.00000E+00  0.00000E+00  0.00000E+00  0.00000E+00  0.00000E+00  0.00000E+00  0.00000E+00  0.00000E+00
   17510   4  1.51826E-01  1.51826E-01  1.51826E-01  1.51826E-01  1.51826E-01  1.51826E-01  1.51826E-01  1.51826E-01  1.51826E-01  1.51826E-01  1.51826E-01  1.51826E-01  1.51826E-01  1.51826E-01  1.51826E-01  1.51826E-01  1.51826E-01  1.51826E-01  1.51826E-01  1.51826E-01  1.51826E-01  1.51826E-01  1.51826E-01  1.51826E-01
   16447   2  0.00000E+00  0.00000E+00  0.00000E+00  0.00000E+00  0.00000E+00  0.00000E+00  0.00000E+00  0.00000E+00  0.00000E+00  0.00000E+00  0.00000E+00  0.00000E+00  0.00000E+00  0.00000E+00  0.00000E+00  0.00000E+00  0.00000E+00  0.00000E+00  0.00000E+00  0.00000E+00  0.00000E+00  0.00000E+00  0.00000E+00  0.00000E+00
   16447   3  0.00000E+00  0.00000E+00  0.00000E+00  0.00000E+00  0.00000E+00  0.00000E+00  0.00000E+00  0.00000E+00  0.00000E+00  0.00000E+00  0.00000E+00  0.00000E+00  0.00000E+00  0.00000E+00  0.00000E+00  0.00000E+00  0.00000E+00  0.00000E+00  0.00000E+00  0.00000E+00  0.00000E+00  0.00000E+00  0.00000E+00  0.00000E+00
   32968   7  1.01831E+00  1.01831E+00  1.01831E+00  1.01831E+00  1.01831E+00  1.01831E+00  1.01831E+00  1.01831E+00  1.01831E+00  1.01831E+00  1.01831E+00  1.01831E+00  1.01831E+00  1.01831E+00  1.01831E+00  1.01831E+00  1.01831E+00  1.01831E+00  1.01831E+00  1.01831E+00  1.01831E+00  1.01831E+00  1.01831E+00  1.01831E+00
   32968   3  0.00000E+00  0.00000E+00  0.00000E+00  0.00000E+00  0.00000E+00  0.00000E+00  0.00000E+00  0.00000E+00  0.00000E+00  0.00000E+00  0.00000E+00  0.00000E+00  0.00000E+00  0.00000E+00  0.00000E+00  0.00000E+00  0.00000E+00  0.00000E+00  0.00000E+00  0.00000E+00  0.00000E+00  0.00000E+00  0.00000E+00  0.00000E+00
   29089   4  3.24375E-03  3.24375E-03  3.24375E-03  3.24375E-03  3.24375E-03  3.24375E-03  3.24375E-03  3.24375E-03  3.24375E-03  3.24375E-03  3.24375E-03  3.24375E-03  3.24375E-03  3.24375E-03  3.24375E-03  3.24375E-03  3.24375E-03  3.24375E-03  3.24375E-03  3.24375E-03  3.24375E-03  3.24375E-03  3.24375E-03  3.24375E-03
   29089   2  0.00000E+00  0.00000E+00  0.00000E+00  0.00000E+00  0.00000E+00  0.00000E+00  0.00000E+00  0.00000E+00  0.00000E+00  0.00000E+00  0.00000E+00  0.00000E+00  0.00000E+00  0.00000E+00  0.00000E+00  0.00000E+00  0.00000E+00  0.00000E+00  0.00000E+00  0.00000E+00  0.00000E+00  0.00000E+00  0.00000E+00  0.00000E+00
   29089   3  1.51309E-02  1.51309E-02  1.51309E-02  1.51309E-02  1.51309E-02  1.51309E-02  1.51309E-02  1.51309E-02  1.51309E-02  1.51309E-02  1.51309E-02  1.51309E-02  1.51309E-02  1.51309E-02  1.51309E-02  1.51309E-02  1.51309E-02  1.51309E-02  1.51309E-02  1.51309E-02  1.51309E-02  1.51309E-02  1.51309E-02  1.51309E-02
   29089   7  1.18613E+00  1.18613E+00  1.18613E+00  1.18613E+00  1.18613E+00  1.18613E+00  1.18613E+00  1.18613E+00  1.18613E+00  1.18613E+00  1.18613E+00  1.18613E+00  1.18613E+00  1.18613E+00  1.18613E+00  1.18613E+00  1.18613E+00  1.18613E+00  1.18613E+00  1.18613E+00  1.18613E+00  1.18613E+00  1.18613E+00  1.18613E+00
   15772   3  0.00000E+00  0.00000E+00  0.00000E+00  0.00000E+00  0.00000E+00  0.00000E+00  0.00000E+00  0.00000E+00  0.00000E+00  0.00000E+00  0.00000E+00  0.00000E+00  0.00000E+00  0.00000E+00  0.00000E+00  0.00000E+00  0.00000E+00  0.00000E+00  0.00000E+00  0.00000E+00  0.00000E+00  0.00000E+00  0.00000E+00  0.00000E+00
   15772   2  0.00000E+00  0.00000E+00  0.00000E+00  0.00000E+00  0.00000E+00  0.00000E+00  0.00000E+00  0.00000E+00  0.00000E+00  0.00000E+00  0.00000E+00  0.00000E+00  0.00000E+00  0.00000E+00  0.00000E+00  0.00000E+00  0.00000E+00  0.00000E+00  0.00000E+00  0.00000E+00  0.00000E+00  0.00000E+00  0.00000E+00  0.00000E+00
   16476   4  4.85892E-03  4.85892E-03  4.85892E-03  4.85892E-03  4.85892E-03  4.85892E-03  4.85892E-03  4.85892E-03  4.85892E-03  4.85892E-03  4.85892E-03  4.85892E-03  4.85892E-03  4.85892E-03  4.85892E-03  4.85892E-03  4.85892E-03  4.85892E-03  4.85892E-03  4.85892E-03  4.85892E-03  4.85892E-03  4.85892E-03  4.85892E-03
   16476   3  0.00000E+00  0.00000E+00  0.00000E+00  0.00000E+00  0.00000E+00  0.00000E+00  0.00000E+00  0.00000E+00  0.00000E+00  0.00000E+00  0.00000E+00  0.00000E+00  0.00000E+00  0.00000E+00  0.00000E+00  0.00000E+00  0.00000E+00  0.00000E+00  0.00000E+00  0.00000E+00  0.00000E+00  0.00000E+00  0.00000E+00  0.00000E+00
    7320   4  0.00000E+00  0.00000E+00  0.00000E+00  0.00000E+00  0.00000E+00  0.00000E+00  0.00000E+00  0.00000E+00  0.00000E+00  0.00000E+00  0.00000E+00  0.00000E+00  0.00000E+00  0.00000E+00  0.00000E+00  0.00000E+00  0.00000E+00  0.00000E+00  0.00000E+00  0.00000E+00  0.00000E+00  0.00000E+00  0.00000E+00  0.00000E+00
   10496   2  2.14629E+00  2.14629E+00  2.14629E+00  2.14629E+00  2.14629E+00  2.14629E+00  2.14629E+00  2.14629E+00  2.14629E+00  2.14629E+00  2.14629E+00  2.14629E+00  2.14629E+00  2.14629E+00  2.14629E+00  2.14629E+00  2.14629E+00  2.14629E+00  2.14629E+00  2.14629E+00  2.14629E+00  2.14629E+00  2.14629E+00  2.14629E+00
   10496   3  4.51270E-02  4.51270E-02  4.51270E-02  4.51270E-02  4.51270E-02  4.51270E-02  4.51270E-02  4.51270E-02  4.51270E-02  4.51270E-02  4.51270E-02  4.51270E-02  4.51270E-02  4.51270E-02  4.51270E-02  4.51270E-02  4.51270E-02  4.51270E-02  4.51270E-02  4.51270E-02  4.51270E-02  4.51270E-02  4.51270E-02  4.51270E-02
   10122   3  0.00000E+00  0.00000E+00  0.00000E+00  0.00000E+00  0.00000E+00  0.00000E+00  0.00000E+00  0.00000E+00  0.00000E+00  0.00000E+00  0.00000E+00  0.00000E+00  0.00000E+00  0.00000E+00  0.00000E+00  0.00000E+00  0.00000E+00  0.00000E+00  0.00000E+00  0.00000E+00  0.00000E+00  0.00000E+00  0.00000E+00  0.00000E+00
   10122   5  0.00000E+00  0.00000E+00  0.00000E+00  0.00000E+00  0.00000E+00  0.00000E+00  0.00000E+00  0.00000E+00  0.00000E+00  0.00000E+00  0.00000E+00  0.00000E+00  0.00000E+00  0.00000E+00  0.00000E+00  0.00000E+00  0.00000E+00  0.00000E+00  0.00000E+00  0.00000E+00  0.00000E+00  0.00000E+00  0.00000E+00  0.00000E+00
    6258   1  0.00000E+00  0.00000E+00  0.00000E+00  0.00000E+00  0.00000E+00  0.00000E+00  0.00000E+00  0.00000E+00  0.00000E+00  0.00000E+00  0.00000E+00  0.00000E+00  0.00000E+00  0.00000E+00  0.00000E+00  0.00000E+00  0.00000E+00  0.00000E+00  0.00000E+00  0.00000E+00  0.00000E+00  0.00000E+00  0.00000E+00  0.00000E+00
    6258   2  3.12976E+01  3.12976E+01  3.12976E+01  3.12976E+01  3.12976E+01  3.12976E+01  3.12976E+01  3.12976E+01  3.12976E+01  3.12976E+01  3.12976E+01  3.12976E+01  3.12976E+01  3.12976E+01  3.12976E+01  3.12976E+01  3.12976E+01  3.12976E+01  3.12976E+01  3.12976E+01  3.12976E+01  3.12976E+01  3.12976E+01  3.12976E+01
    6258   3  1.04384E+01  1.04384E+01  1.04384E+01  1.04384E+01  1.04384E+01  1.04384E+01  1.04384E+01  1.04384E+01  1.04384E+01  1.04384E+01  1.04384E+01  1.04384E+01  1.04384E+01  1.04384E+01  1.04384E+01  1.04384E+01  1.04384E+01  1.04384E+01  1.04384E+01  1.04384E+01  1.04384E+01  1.04384E+01  1.04384E+01  1.04384E+01
    6258   4  2.17432E+00  2.17432E+00  2.17432E+00  2.17432E+00  2.17432E+00  2.17432E+00  2.17432E+00  2.17432E+00  2.17432E+00  2.17432E+00  2.17432E+00  2.17432E+00  2.17432E+00  2.17432E+00  2.17432E+00  2.17432E+00  2.17432E+00  2.17432E+00  2.17432E+00  2.17432E+00  2.17432E+00  2.17432E+00  2.17432E+00  2.17432E+00
    6258   7  6.03614E+00  6.03614E+00  6.03614E+00  6.03614E+00  6.03614E+00  6.03614E+00  6.03614E+00  6.03614E+00  6.03614E+00  6.03614E+00  6.03614E+00  6.03614E+00  6.03614E+00  6.03614E+00  6.03614E+00  6.03614E+00  6.03614E+00  6.03614E+00  6.03614E+00  6.03614E+00  6.03614E+00  6.03614E+00  6.03614E+00  6.03614E+00
    9417   4  1.16427E-03  1.16427E-03  1.16427E-03  1.16427E-03  1.16427E-03  1.16427E-03  1.16427E-03  1.16427E-03  1.16427E-03  1.16427E-03  1.16427E-03  1.16427E-03  1.16427E-03  1.16427E-03  1.16427E-03  1.16427E-03  1.16427E-03  1.16427E-03  1.16427E-03  1.16427E-03  1.16427E-03  1.16427E-03  1.16427E-03  1.16427E-03
   10122   4  1.00961E-03  1.00961E-03  1.00961E-03  1.00961E-03  1.00961E-03  1.00961E-03  1.00961E-03  1.00961E-03  1.00961E-03  1.00961E-03  1.00961E-03  1.00961E-03  1.00961E-03  1.00961E-03  1.00961E-03  1.00961E-03  1.00961E-03  1.00961E-03  1.00961E-03  1.00961E-03  1.00961E-03  1.00961E-03  1.00961E-03  1.00961E-03
   14365   3  0.00000E+00  0.00000E+00  0.00000E+00  0.00000E+00  0.00000E+00  0.00000E+00  0.00000E+00  0.00000E+00  0.00000E+00  0.00000E+00  0.00000E+00  0.00000E+00  0.00000E+00  0.00000E+00  0.00000E+00  0.00000E+00  0.00000E+00  0.00000E+00  0.00000E+00  0.00000E+00  0.00000E+00  0.00000E+00  0.00000E+00  0.00000E+00
   11525   4  2.39914E-02  2.39914E-02  2.39914E-02  2.39914E-02  2.39914E-02  2.39914E-02  2.39914E-02  2.39914E-02  2.39914E-02  2.39914E-02  2.39914E-02  2.39914E-02  2.39914E-02  2.39914E-02  2.39914E-02  2.39914E-02  2.39914E-02  2.39914E-02  2.39914E-02  2.39914E-02  2.39914E-02  2.39914E-02  2.39914E-02  2.39914E-02
    8358   7  3.10295E+00  3.10295E+00  3.10295E+00  3.10295E+00  3.10295E+00  3.10295E+00  3.10295E+00  3.10295E+00  3.10295E+00  3.10295E+00  3.10295E+00  3.10295E+00  3.10295E+00  3.10295E+00  3.10295E+00  3.10295E+00  3.10295E+00  3.10295E+00  3.10295E+00  3.10295E+00  3.10295E+00  3.10295E+00  3.10295E+00  3.10295E+00
    9771   3  4.88409E-04  4.88409E-04  4.88409E-04  4.88409E-04  4.88409E-04  0.00000E+00  0.00000E+00  0.00000E+00  0.00000E+00  0.00000E+00  0.00000E+00  0.00000E+00  0.00000E+00  4.88409E-04  4.88409E-04  4.88409E-04  4.88409E-04  4.88409E-04  4.88409E-04  4.88409E-04  4.88409E-04  4.88409E-04  4.88409E-04  4.88409E-04
    6609   3  0.00000E+00  0.00000E+00  0.00000E+00  0.00000E+00  0.00000E+00  0.00000E+00  0.00000E+00  0.00000E+00  0.00000E+00  0.00000E+00  0.00000E+00  0.00000E+00  0.00000E+00  0.00000E+00  0.00000E+00  0.00000E+00  0.00000E+00  0.00000E+00  0.00000E+00  0.00000E+00  0.00000E+00  0.00000E+00  0.00000E+00  0.00000E+00
   11870   4  2.20984E-01  2.20984E-01  2.20984E-01  2.20984E-01  2.20984E-01  2.20984E-01  2.20984E-01  2.20984E-01  2.20984E-01  2.20984E-01  2.20984E-01  2.20984E-01  2.20984E-01  2.20984E-01  2.20984E-01  2.20984E-01  2.20984E-01  2.20984E-01  2.20984E-01  2.20984E-01  2.20984E-01  2.20984E-01  2.20984E-01  2.20984E-01
   11870   3  0.00000E+00  0.00000E+00  0.00000E+00  0.00000E+00  0.00000E+00  0.00000E+00  0.00000E+00  0.00000E+00  0.00000E+00  0.00000E+00  0.00000E+00  0.00000E+00  0.00000E+00  0.00000E+00  0.00000E+00  0.00000E+00  0.00000E+00  0.00000E+00  0.00000E+00  0.00000E+00  0.00000E+00  0.00000E+00  0.00000E+00  0.00000E+00
   11870   2  0.00000E+00  0.00000E+00  0.00000E+00  0.00000E+00  0.00000E+00  0.00000E+00  0.00000E+00  0.00000E+00  0.00000E+00  0.00000E+00  0.00000E+00  0.00000E+00  0.00000E+00  0.00000E+00  0.00000E+00  0.00000E+00  0.00000E+00  0.00000E+00  0.00000E+00  0.00000E+00  0.00000E+00  0.00000E+00  0.00000E+00  0.00000E+00
   10124   4  5.17587E-04  5.17587E-04  5.17587E-04  5.17587E-04  5.17587E-04  5.17587E-04  5.17587E-04  5.17587E-04  5.17587E-04  5.17587E-04  5.17587E-04  5.17587E-04  5.17587E-04  5.17587E-04  5.17587E-04  5.17587E-04  5.17587E-04  5.17587E-04  5.17587E-04  5.17587E-04  5.17587E-04  5.17587E-04  5.17587E-04  5.17587E-04
   18579   3  2.11488E-03  2.11488E-03  2.11488E-03  2.11488E-03  2.11488E-03  2.11488E-03  2.11488E-03  2.11488E-03  2.11488E-03  2.11488E-03  2.11488E-03  2.11488E-03  2.11488E-03  2.11488E-03  2.11488E-03  2.11488E-03  2.11488E-03  2.11488E-03  2.11488E-03  2.11488E-03  2.11488E-03  2.11488E-03  2.11488E-03  2.11488E-03
   18225   4  0.00000E+00  0.00000E+00  0.00000E+00  0.00000E+00  0.00000E+00  0.00000E+00  0.00000E+00  0.00000E+00  0.00000E+00  0.00000E+00  0.00000E+00  0.00000E+00  0.00000E+00  0.00000E+00  0.00000E+00  0.00000E+00  0.00000E+00  0.00000E+00  0.00000E+00  0.00000E+00  0.00000E+00  0.00000E+00  0.00000E+00  0.00000E+00
   18225   3  0.00000E+00  0.00000E+00  0.00000E+00  0.00000E+00  0.00000E+00  0.00000E+00  0.00000E+00  0.00000E+00  0.00000E+00  0.00000E+00  0.00000E+00  0.00000E+00  0.00000E+00  0.00000E+00  0.00000E+00  0.00000E+00  0.00000E+00  0.00000E+00  0.00000E+00  0.00000E+00  0.00000E+00  0.00000E+00  0.00000E+00  0.00000E+00
   15059   3  0.00000E+00  0.00000E+00  0.00000E+00  0.00000E+00  0.00000E+00  0.00000E+00  0.00000E+00  0.00000E+00  0.00000E+00  0.00000E+00  0.00000E+00  0.00000E+00  0.00000E+00  0.00000E+00  0.00000E+00  0.00000E+00  0.00000E+00  0.00000E+00  0.00000E+00  0.00000E+00  0.00000E+00  0.00000E+00  0.00000E+00  0.00000E+00
   18576   4  2.22492E-01  2.22492E-01  2.22492E-01  2.22492E-01  2.22492E-01  2.22492E-01  2.22492E-01  2.22492E-01  2.22492E-01  2.22492E-01  2.22492E-01  2.22492E-01  2.22492E-01  2.22492E-01  2.22492E-01  2.22492E-01  2.22492E-01  2.22492E-01  2.22492E-01  2.22492E-01  2.22492E-01  2.22492E-01  2.22492E-01  2.22492E-01
   18576   3  5.12972E-01  5.12972E-01  5.12972E-01  5.12972E-01  5.12972E-01  5.12972E-01  5.12972E-01  5.12972E-01  5.12972E-01  5.12972E-01  5.12972E-01  5.12972E-01  5.12972E-01  5.12972E-01  5.12972E-01  5.12972E-01  5.12972E-01  5.12972E-01  5.12972E-01  5.12972E-01  5.12972E-01  5.12972E-01  5.12972E-01  5.12972E-01
   18576   1  1.90409E-01  1.90409E-01  1.90409E-01  1.90409E-01  1.90409E-01  1.90409E-01  1.90409E-01  1.90409E-01  1.90409E-01  1.90409E-01  1.90409E-01  1.90409E-01  1.90409E-01  1.90409E-01  1.90409E-01  1.90409E-01  1.90409E-01  1.90409E-01  1.90409E-01  1.90409E-01  1.90409E-01  1.90409E-01  1.90409E-01  1.90409E-01
   15747   3  0.00000E+00  0.00000E+00  0.00000E+00  0.00000E+00  0.00000E+00  0.00000E+00  0.00000E+00  0.00000E+00  0.00000E+00  0.00000E+00  0.00000E+00  0.00000E+00  0.00000E+00  0.00000E+00  0.00000E+00  0.00000E+00  0.00000E+00  0.00000E+00  0.00000E+00  0.00000E+00  0.00000E+00  0.00000E+00  0.00000E+00  0.00000E+00
   15747   2  0.00000E+00  0.00000E+00  0.00000E+00  0.00000E+00  0.00000E+00  0.00000E+00  0.00000E+00  0.00000E+00  0.00000E+00  0.00000E+00  0.00000E+00  0.00000E+00  0.00000E+00  0.00000E+00  0.00000E+00  0.00000E+00  0.00000E+00  0.00000E+00  0.00000E+00  0.00000E+00  0.00000E+00  0.00000E+00  0.00000E+00  0.00000E+00
   13638   3  0.00000E+00  0.00000E+00  0.00000E+00  0.00000E+00  0.00000E+00  0.00000E+00  0.00000E+00  0.00000E+00  0.00000E+00  0.00000E+00  0.00000E+00  0.00000E+00  0.00000E+00  0.00000E+00  0.00000E+00  0.00000E+00  0.00000E+00  0.00000E+00  0.00000E+00  0.00000E+00  0.00000E+00  0.00000E+00  0.00000E+00  0.00000E+00
   18926   4  2.71765E-02  2.71765E-02  2.71765E-02  2.71765E-02  2.71765E-02  2.71765E-02  2.71765E-02  2.71765E-02  2.71765E-02  2.71765E-02  2.71765E-02  2.71765E-02  2.71765E-02  2.71765E-02  2.71765E-02  2.71765E-02  2.71765E-02  2.71765E-02  2.71765E-02  2.71765E-02  2.71765E-02  2.71765E-02  2.71765E-02  2.71765E-02
   22115   4  6.07926E-04  6.07926E-04  6.07926E-04  6.07926E-04  6.07926E-04  6.07926E-04  6.07926E-04  6.07926E-04  6.07926E-04  6.07926E-04  6.07926E-04  6.07926E-04  6.07926E-04  6.07926E-04  6.07926E-04  6.07926E-04  6.07926E-04  6.07926E-04  6.07926E-04  6.07926E-04  6.07926E-04  6.07926E-04  6.07926E-04  6.07926E-04
   15750   4  5.29024E-02  5.29024E-02  5.29024E-02  5.29024E-02  5.29024E-02  5.29024E-02  5.29024E-02  5.29024E-02  5.29024E-02  5.29024E-02  5.29024E-02  5.29024E-02  5.29024E-02  5.29024E-02  5.29024E-02  5.29024E-02  5.29024E-02  5.29024E-02  5.29024E-02  5.29024E-02  5.29024E-02  5.29024E-02  5.29024E-02  5.29024E-02
   16455   4  7.75124E-02  7.75124E-02  7.75124E-02  7.75124E-02  7.75124E-02  7.75124E-02  7.75124E-02  7.75124E-02  7.75124E-02  7.75124E-02  7.75124E-02  7.75124E-02  7.75124E-02  7.75124E-02  7.75124E-02  7.75124E-02  7.75124E-02  7.75124E-02  7.75124E-02  7.75124E-02  7.75124E-02  7.75124E-02  7.75124E-02  7.75124E-02
   18223   3  5.51466E-01  5.51466E-01  5.51466E-01  5.51466E-01  5.51466E-01  5.51466E-01  5.51466E-01  5.51466E-01  5.51466E-01  5.51466E-01  5.51466E-01  5.51466E-01  5.51466E-01  5.51466E-01  5.51466E-01  5.51466E-01  5.51466E-01  5.51466E-01  5.51466E-01  5.51466E-01  5.51466E-01  5.51466E-01  5.51466E-01  5.51466E-01
   18224   4  9.56585E+00  9.56585E+00  9.56585E+00  9.56585E+00  9.56585E+00  9.56585E+00  9.56585E+00  9.56585E+00  9.56585E+00  9.56585E+00  9.56585E+00  9.56585E+00  9.56585E+00  1.77438E+02  1.77438E+02  1.77438E+02  1.77438E+02  1.77438E+02  1.77438E+02  1.77438E+02  1.77438E+02  9.56585E+00  9.56585E+00  9.56585E+00
   18930   4  7.72473E-01  7.72473E-01  7.72473E-01  7.72473E-01  7.72473E-01  7.72473E-01  7.72473E-01  7.72473E-01  7.72473E-01  7.72473E-01  7.72473E-01  7.72473E-01  7.72473E-01  7.72473E-01  7.72473E-01  7.72473E-01  7.72473E-01  7.72473E-01  7.72473E-01  7.72473E-01  7.72473E-01  7.72473E-01  7.72473E-01  7.72473E-01
   18224   5  0.00000E+00  0.00000E+00  0.00000E+00  0.00000E+00  0.00000E+00  0.00000E+00  0.00000E+00  0.00000E+00  0.00000E+00  0.00000E+00  0.00000E+00  0.00000E+00  0.00000E+00  3.73050E+01  3.73050E+01  3.73050E+01  3.73050E+01  3.73050E+01  3.73050E+01  3.73050E+01  3.73050E+01  0.00000E+00  0.00000E+00  0.00000E+00
   18577   3  0.00000E+00  0.00000E+00  0.00000E+00  0.00000E+00  0.00000E+00  0.00000E+00  0.00000E+00  0.00000E+00  0.00000E+00  0.00000E+00  0.00000E+00  0.00000E+00  0.00000E+00  1.56535E-04  1.56535E-04  1.56535E-04  1.56535E-04  1.56535E-04  1.56535E-04  1.56535E-04  1.56535E-04  0.00000E+00  0.00000E+00  0.00000E+00
   18223   4  2.11441E+00  2.11441E+00  2.11441E+00  2.11441E+00  2.11441E+00  2.11441E+00  2.11441E+00  2.11441E+00  2.11441E+00  2.11441E+00  2.11441E+00  2.11441E+00  2.11441E+00  2.11441E+00  2.11441E+00  2.11441E+00  2.11441E+00  2.11441E+00  2.11441E+00  2.11441E+00  2.11441E+00  2.11441E+00  2.11441E+00  2.11441E+00
   18224   3  3.95278E-01  3.95278E-01  3.89951E-01  3.89951E-01  3.89951E-01  3.89951E-01  3.89951E-01  3.89951E-01  3.89951E-01  3.89951E-01  3.89951E-01  3.89951E-01  3.89951E-01  1.68268E+02  1.68268E+02  1.68268E+02  1.68268E+02  1.68268E+02  1.68268E+02  1.68268E+02  1.68268E+02  3.95278E-01  3.95278E-01  3.95278E-01
   18223   5  0.00000E+00  0.00000E+00  0.00000E+00  0.00000E+00  0.00000E+00  0.00000E+00  0.00000E+00  0.00000E+00  0.00000E+00  0.00000E+00  0.00000E+00  0.00000E+00  0.00000E+00  0.00000E+00  0.00000E+00  0.00000E+00  0.00000E+00  0.00000E+00  0.00000E+00  0.00000E+00  0.00000E+00  0.00000E+00  0.00000E+00  0.00000E+00
   18577   4  8.12871E+00  8.12871E+00  8.12871E+00  8.12871E+00  8.12871E+00  8.12871E+00  8.12871E+00  8.12871E+00  8.12871E+00  8.12871E+00  8.12871E+00  8.12871E+00  8.12871E+00  8.12871E+00  8.12871E+00  8.12871E+00  8.12871E+00  8.12871E+00  8.12871E+00  8.12871E+00  8.12871E+00  8.12871E+00  8.12871E+00  8.12871E+00
   18576   5  0.00000E+00  0.00000E+00  0.00000E+00  0.00000E+00  0.00000E+00  0.00000E+00  0.00000E+00  0.00000E+00  0.00000E+00  0.00000E+00  0.00000E+00  0.00000E+00  0.00000E+00  0.00000E+00  0.00000E+00  0.00000E+00  0.00000E+00  0.00000E+00  0.00000E+00  0.00000E+00  0.00000E+00  0.00000E+00  0.00000E+00  0.00000E+00
   18223   7  0.00000E+00  0.00000E+00  0.00000E+00  0.00000E+00  0.00000E+00  0.00000E+00  0.00000E+00  0.00000E+00  0.00000E+00  0.00000E+00  0.00000E+00  0.00000E+00  0.00000E+00  3.18870E-03  3.18870E-03  3.18870E-03  3.18870E-03  3.18870E-03  3.18870E-03  3.18870E-03  3.18870E-03  0.00000E+00  0.00000E+00  0.00000E+00
   18576   7  0.00000E+00  0.00000E+00  0.00000E+00  0.00000E+00  0.00000E+00  0.00000E+00  0.00000E+00  0.00000E+00  0.00000E+00  0.00000E+00  0.00000E+00  0.00000E+00  0.00000E+00  8.97975E-02  8.97975E-02  8.97975E-02  8.97975E-02  8.97975E-02  8.97975E-02  8.97975E-02  8.97975E-02  0.00000E+00  0.00000E+00  0.00000E+00
   18222   3  0.00000E+00  0.00000E+00  0.00000E+00  0.00000E+00  0.00000E+00  0.00000E+00  0.00000E+00  0.00000E+00  0.00000E+00  0.00000E+00  0.00000E+00  0.00000E+00  0.00000E+00  0.00000E+00  0.00000E+00  0.00000E+00  0.00000E+00  0.00000E+00  0.00000E+00  0.00000E+00  0.00000E+00  0.00000E+00  0.00000E+00  0.00000E+00
   19280   3  0.00000E+00  0.00000E+00  0.00000E+00  0.00000E+00  0.00000E+00  0.00000E+00  0.00000E+00  0.00000E+00  0.00000E+00  0.00000E+00  0.00000E+00  0.00000E+00  0.00000E+00  0.00000E+00  0.00000E+00  0.00000E+00  0.00000E+00  0.00000E+00  0.00000E+00  0.00000E+00  0.00000E+00  0.00000E+00  0.00000E+00  0.00000E+00
   19280   4  8.44246E-01  8.44246E-01  8.44246E-01  8.44246E-01  8.44246E-01  8.44246E-01  8.44246E-01  8.44246E-01  8.44246E-01  8.44246E-01  8.44246E-01  8.44246E-01  8.44246E-01  3.99239E+01  3.99239E+01  3.99239E+01  3.99239E+01  3.99239E+01  3.99239E+01  3.99239E+01  3.99239E+01  8.44246E-01  8.44246E-01  8.44246E-01
   19279   4  1.01436E+01  1.01436E+01  1.01436E+01  1.01436E+01  1.01436E+01  1.01436E+01  1.01436E+01  1.01436E+01  1.01436E+01  1.01436E+01  1.01436E+01  1.01436E+01  1.01436E+01  1.01436E+01  1.01436E+01  1.01436E+01  1.01436E+01  1.01436E+01  1.01436E+01  1.01436E+01  1.01436E+01  1.01436E+01  1.01436E+01  1.01436E+01
   18928   3  0.00000E+00  0.00000E+00  0.00000E+00  0.00000E+00  0.00000E+00  0.00000E+00  0.00000E+00  0.00000E+00  0.00000E+00  0.00000E+00  0.00000E+00  0.00000E+00  0.00000E+00  0.00000E+00  0.00000E+00  0.00000E+00  0.00000E+00  0.00000E+00  0.00000E+00  0.00000E+00  0.00000E+00  0.00000E+00  0.00000E+00  0.00000E+00
   18928   4  3.74894E-01  3.74894E-01  3.74894E-01  3.74894E-01  3.74894E-01  3.74894E-01  3.74894E-01  3.74894E-01  3.74894E-01  3.74894E-01  3.74894E-01  3.74894E-01  3.74894E-01  3.74894E-01  3.74894E-01  3.74894E-01  3.74894E-01  3.74894E-01  3.74894E-01  3.74894E-01  3.74894E-01  3.74894E-01  3.74894E-01  3.74894E-01
   18575   4  4.52122E-03  4.52122E-03  4.52122E-03  4.52122E-03  4.52122E-03  4.52122E-03  4.52122E-03  4.52122E-03  4.52122E-03  4.52122E-03  4.52122E-03  4.52122E-03  4.52122E-03  4.52122E-03  4.52122E-03  4.52122E-03  4.52122E-03  4.52122E-03  4.52122E-03  4.52122E-03  4.52122E-03  4.52122E-03  4.52122E-03  4.52122E-03
   18222   4  5.65238E-03  5.65238E-03  5.65238E-03  5.65238E-03  5.65238E-03  5.65238E-03  5.65238E-03  5.65238E-03  5.65238E-03  5.65238E-03  5.65238E-03  5.65238E-03  5.65238E-03  5.65238E-03  5.65238E-03  5.65238E-03  5.65238E-03  5.65238E-03  5.65238E-03  5.65238E-03  5.65238E-03  5.65238E-03  5.65238E-03  5.65238E-03
   18575   3  0.00000E+00  0.00000E+00  0.00000E+00  0.00000E+00  0.00000E+00  0.00000E+00  0.00000E+00  0.00000E+00  0.00000E+00  0.00000E+00  0.00000E+00  0.00000E+00  0.00000E+00  0.00000E+00  0.00000E+00  0.00000E+00  0.00000E+00  0.00000E+00  0.00000E+00  0.00000E+00  0.00000E+00  0.00000E+00  0.00000E+00  0.00000E+00
   15401   3  0.00000E+00  0.00000E+00  0.00000E+00  0.00000E+00  0.00000E+00  0.00000E+00  0.00000E+00  0.00000E+00  0.00000E+00  0.00000E+00  0.00000E+00  0.00000E+00  0.00000E+00  0.00000E+00  0.00000E+00  0.00000E+00  0.00000E+00  0.00000E+00  0.00000E+00  0.00000E+00  0.00000E+00  0.00000E+00  0.00000E+00  0.00000E+00
   16114   7  7.22126E+00  7.22126E+00  7.22126E+00  7.22126E+00  7.22126E+00  7.22126E+00  7.22126E+00  7.22126E+00  7.22126E+00  7.22126E+00  7.22126E+00  7.22126E+00  7.22126E+00  7.22126E+00  7.22126E+00  7.22126E+00  7.22126E+00  7.22126E+00  7.22126E+00  7.22126E+00  7.22126E+00  7.22126E+00  7.22126E+00  7.22126E+00
   15761   3  2.00790E-01  2.00790E-01  2.00790E-01  2.00790E-01  2.00790E-01  0.00000E+00  0.00000E+00  0.00000E+00  0.00000E+00  0.00000E+00  0.00000E+00  0.00000E+00  0.00000E+00  2.00790E-01  2.00790E-01  2.00790E-01  2.00790E-01  2.00790E-01  2.00790E-01  2.00790E-01  2.00790E-01  2.00790E-01  2.00790E-01  2.00790E-01
   15762   4  0.00000E+00  0.00000E+00  0.00000E+00  0.00000E+00  0.00000E+00  0.00000E+00  0.00000E+00  0.00000E+00  0.00000E+00  0.00000E+00  0.00000E+00  0.00000E+00  0.00000E+00  0.00000E+00  0.00000E+00  0.00000E+00  0.00000E+00  0.00000E+00  0.00000E+00  0.00000E+00  0.00000E+00  0.00000E+00  0.00000E+00  0.00000E+00
   18227   4  3.27357E-02  3.27357E-02  3.27357E-02  3.27357E-02  3.27357E-02  3.27357E-02  3.27357E-02  3.27357E-02  3.27357E-02  3.27357E-02  3.27357E-02  3.27357E-02  3.27357E-02  3.27357E-02  3.27357E-02  3.27357E-02  3.27357E-02  3.27357E-02  3.27357E-02  3.27357E-02  3.27357E-02  3.27357E-02  3.27357E-02  3.27357E-02
   21763   4  1.91390E-02  1.91390E-02  1.91390E-02  1.91390E-02  1.91390E-02  1.91390E-02  1.91390E-02  1.91390E-02  1.91390E-02  1.91390E-02  1.91390E-02  1.91390E-02  1.91390E-02  1.91390E-02  1.91390E-02  1.91390E-02  1.91390E-02  1.91390E-02  1.91390E-02  1.91390E-02  1.91390E-02  1.91390E-02  1.91390E-02  1.91390E-02
   25974   3  0.00000E+00  0.00000E+00  0.00000E+00  0.00000E+00  0.00000E+00  0.00000E+00  0.00000E+00  0.00000E+00  0.00000E+00  0.00000E+00  0.00000E+00  0.00000E+00  0.00000E+00  0.00000E+00  0.00000E+00  0.00000E+00  0.00000E+00  0.00000E+00  0.00000E+00  0.00000E+00  0.00000E+00  0.00000E+00  0.00000E+00  0.00000E+00
   25262   3  0.00000E+00  0.00000E+00  0.00000E+00  0.00000E+00  0.00000E+00  0.00000E+00  0.00000E+00  0.00000E+00  0.00000E+00  0.00000E+00  0.00000E+00  0.00000E+00  0.00000E+00  0.00000E+00  0.00000E+00  0.00000E+00  0.00000E+00  0.00000E+00  0.00000E+00  0.00000E+00  0.00000E+00  0.00000E+00  0.00000E+00  0.00000E+00
   24198   4  0.00000E+00  0.00000E+00  0.00000E+00  0.00000E+00  0.00000E+00  0.00000E+00  0.00000E+00  0.00000E+00  0.00000E+00  0.00000E+00  0.00000E+00  0.00000E+00  0.00000E+00  0.00000E+00  0.00000E+00  0.00000E+00  0.00000E+00  0.00000E+00  0.00000E+00  0.00000E+00  0.00000E+00  0.00000E+00  0.00000E+00  0.00000E+00
   24198   3  1.09170E-03  1.09170E-03  1.09170E-03  1.09170E-03  1.09170E-03  0.00000E+00  0.00000E+00  0.00000E+00  0.00000E+00  0.00000E+00  0.00000E+00  0.00000E+00  0.00000E+00  1.09170E-03  1.09170E-03  1.09170E-03  1.09170E-03  1.09170E-03  1.09170E-03  1.09170E-03  1.09170E-03  1.09170E-03  1.09170E-03  1.09170E-03
   24551   4  4.45812E-02  4.45812E-02  4.45812E-02  4.45812E-02  4.45812E-02  4.45812E-02  4.45812E-02  4.45812E-02  4.45812E-02  4.45812E-02  4.45812E-02  4.45812E-02  4.45812E-02  4.45812E-02  4.45812E-02  4.45812E-02  4.45812E-02  4.45812E-02  4.45812E-02  4.45812E-02  4.45812E-02  4.45812E-02  4.45812E-02  4.45812E-02
   24911   4  0.00000E+00  0.00000E+00  0.00000E+00  0.00000E+00  0.00000E+00  0.00000E+00  0.00000E+00  0.00000E+00  0.00000E+00  0.00000E+00  0.00000E+00  0.00000E+00  0.00000E+00  0.00000E+00  0.00000E+00  0.00000E+00  0.00000E+00  0.00000E+00  0.00000E+00  0.00000E+00  0.00000E+00  0.00000E+00  0.00000E+00  0.00000E+00
   24553   4  2.69594E+00  2.69594E+00  2.69594E+00  2.69594E+00  2.69594E+00  2.69594E+00  2.69594E+00  2.69594E+00  2.69594E+00  2.69594E+00  2.69594E+00  2.69594E+00  2.69594E+00  1.05364E+01  1.05364E+01  1.05364E+01  1.05364E+01  1.05364E+01  1.05364E+01  1.05364E+01  1.05364E+01  2.69594E+00  2.69594E+00  2.69594E+00
   25259   4  0.00000E+00  0.00000E+00  0.00000E+00  0.00000E+00  0.00000E+00  0.00000E+00  0.00000E+00  0.00000E+00  0.00000E+00  0.00000E+00  0.00000E+00  0.00000E+00  0.00000E+00  0.00000E+00  0.00000E+00  0.00000E+00  0.00000E+00  0.00000E+00  0.00000E+00  0.00000E+00  0.00000E+00  0.00000E+00  0.00000E+00  0.00000E+00
   25259   3  1.47612E-03  1.47612E-03  1.47612E-03  1.47612E-03  1.47612E-03  1.47612E-03  1.47612E-03  1.47612E-03  1.47612E-03  1.47612E-03  1.47612E-03  1.47612E-03  1.47612E-03  1.47612E-03  1.47612E-03  1.47612E-03  1.47612E-03  1.47612E-03  1.47612E-03  1.47612E-03  1.47612E-03  1.47612E-03  1.47612E-03  1.47612E-03
   24906   4  6.63688E-02  6.63688E-02  6.63688E-02  6.63688E-02  6.63688E-02  6.63688E-02  6.63688E-02  6.63688E-02  6.63688E-02  6.63688E-02  6.63688E-02  6.63688E-02  6.63688E-02  6.63688E-02  6.63688E-02  6.63688E-02  6.63688E-02  6.63688E-02  6.63688E-02  6.63688E-02  6.63688E-02  6.63688E-02  6.63688E-02  6.63688E-02
   24201   2  0.00000E+00  0.00000E+00  0.00000E+00  0.00000E+00  0.00000E+00  0.00000E+00  0.00000E+00  0.00000E+00  0.00000E+00  0.00000E+00  0.00000E+00  0.00000E+00  0.00000E+00  0.00000E+00  0.00000E+00  0.00000E+00  0.00000E+00  0.00000E+00  0.00000E+00  0.00000E+00  0.00000E+00  0.00000E+00  0.00000E+00  0.00000E+00
   24201   1  0.00000E+00  0.00000E+00  0.00000E+00  0.00000E+00  0.00000E+00  0.00000E+00  0.00000E+00  0.00000E+00  0.00000E+00  0.00000E+00  0.00000E+00  0.00000E+00  0.00000E+00  0.00000E+00  0.00000E+00  0.00000E+00  0.00000E+00  0.00000E+00  0.00000E+00  0.00000E+00  0.00000E+00  0.00000E+00  0.00000E+00  0.00000E+00
   24554   4  4.26630E+00  4.26630E+00  4.26630E+00  4.26630E+00  4.26630E+00  4.26630E+00  4.26630E+00  4.26630E+00  4.26630E+00  4.26630E+00  4.26630E+00  4.26630E+00  4.26630E+00  4.26630E+00  4.26630E+00  4.26630E+00  4.26630E+00  4.26630E+00  4.26630E+00  4.26630E+00  4.26630E+00  4.26630E+00  4.26630E+00  4.26630E+00
   24904   3  1.58643E-01  1.58643E-01  1.58643E-01  1.58643E-01  1.58643E-01  4.40741E-02  4.40741E-02  4.40741E-02  4.40741E-02  4.40741E-02  4.40741E-02  4.40741E-02  4.40741E-02  1.58643E-01  1.58643E-01  1.58643E-01  1.58643E-01  1.58643E-01  1.58643E-01  1.58643E-01  1.58643E-01  1.58643E-01  1.58643E-01  1.58643E-01
   24904   4  8.15737E-01  8.15737E-01  8.15737E-01  8.15737E-01  8.15737E-01  8.15737E-01  8.15737E-01  8.15737E-01  8.15737E-01  8.15737E-01  8.15737E-01  8.15737E-01  8.15737E-01  8.15737E-01  8.15737E-01  8.15737E-01  8.15737E-01  8.15737E-01  8.15737E-01  8.15737E-01  8.15737E-01  8.15737E-01  8.15737E-01  8.15737E-01
   25257   4  1.11782E+01  1.11782E+01  1.11782E+01  1.11782E+01  1.11782E+01  1.11782E+01  1.11782E+01  1.11782E+01  1.11782E+01  1.11782E+01  1.11782E+01  1.11782E+01  1.11782E+01  1.11782E+01  1.11782E+01  1.11782E+01  1.11782E+01  1.11782E+01  1.11782E+01  1.11782E+01  1.11782E+01  1.11782E+01  1.11782E+01  1.11782E+01
   25257   3  1.40641E-02  1.40641E-02  1.40641E-02  1.40641E-02  1.40641E-02  1.40641E-02  1.40641E-02  1.40641E-02  1.40641E-02  1.40641E-02  1.40641E-02  1.40641E-02  1.40641E-02  1.40641E-02  1.40641E-02  1.40641E-02  1.40641E-02  1.40641E-02  1.40641E-02  1.40641E-02  1.40641E-02  1.40641E-02  1.40641E-02  1.40641E-02
   24904   7  1.73999E+00  1.73999E+00  1.73999E+00  1.73999E+00  1.73999E+00  1.73999E+00  1.73999E+00  1.73999E+00  1.73999E+00  1.73999E+00  1.73999E+00  1.73999E+00  1.73999E+00  1.73999E+00  1.73999E+00  1.73999E+00  1.73999E+00  1.73999E+00  1.73999E+00  1.73999E+00  1.73999E+00  1.73999E+00  1.73999E+00  1.73999E+00
   24904   1  1.13852E-01  1.13852E-01  1.13852E-01  1.13852E-01  1.13852E-01  1.13852E-01  1.13852E-01  1.13852E-01  1.13852E-01  1.13852E-01  1.13852E-01  1.13852E-01  1.13852E-01  1.13852E-01  1.13852E-01  1.13852E-01  1.13852E-01  1.13852E-01  1.13852E-01  1.13852E-01  1.13852E-01  1.13852E-01  1.13852E-01  1.13852E-01
   23850   3  1.70696E-01  1.70696E-01  1.70696E-01  1.70696E-01  1.70696E-01  1.70696E-01  1.70696E-01  1.70696E-01  1.70696E-01  1.70696E-01  1.70696E-01  1.70696E-01  1.70696E-01  1.70922E-01  1.70922E-01  1.70922E-01  1.70922E-01  1.70922E-01  1.70922E-01  1.70922E-01  1.70922E-01  1.70696E-01  1.70696E-01  1.70696E-01
   23850   4  7.87266E-03  7.87266E-03  7.87266E-03  7.87266E-03  7.87266E-03  7.87266E-03  7.87266E-03  7.87266E-03  7.87266E-03  7.87266E-03  7.87266E-03  7.87266E-03  7.87266E-03  7.87266E-03  7.87266E-03  7.87266E-03  7.87266E-03  7.87266E-03  7.87266E-03  7.87266E-03  7.87266E-03  7.87266E-03  7.87266E-03  7.87266E-03
   25616   4  0.00000E+00  0.00000E+00  0.00000E+00  0.00000E+00  0.00000E+00  0.00000E+00  0.00000E+00  0.00000E+00  0.00000E+00  0.00000E+00  0.00000E+00  0.00000E+00  0.00000E+00  0.00000E+00  0.00000E+00  0.00000E+00  0.00000E+00  0.00000E+00  0.00000E+00  0.00000E+00  0.00000E+00  0.00000E+00  0.00000E+00  0.00000E+00
   27883   2  3.53609E+00  3.48376E+00  3.28938E+00  2.96792E+00  2.63151E+00  2.22445E+00  2.05968E+00  1.97729E+00  1.94983E+00  2.00475E+00  2.16953E+00  2.43042E+00  2.76683E+00  2.97280E+00  3.13758E+00  3.28175E+00  3.33668E+00  3.39160E+00  3.41220E+00  3.43966E+00  3.43280E+00  3.41220E+00  3.35728E+00  3.27489E+00
   18690   2  1.75346E+00  1.72751E+00  1.63112E+00  1.47172E+00  1.30490E+00  1.10305E+00  1.02134E+00  9.80490E-01  9.66872E-01  9.94108E-01  1.07582E+00  1.20519E+00  1.37200E+00  1.47414E+00  1.55585E+00  1.62734E+00  1.65458E+00  1.68181E+00  1.69203E+00  1.70564E+00  1.70224E+00  1.69203E+00  1.66479E+00  1.62394E+00
   19395   3  0.00000E+00  0.00000E+00  0.00000E+00  0.00000E+00  0.00000E+00  0.00000E+00  0.00000E+00  0.00000E+00  0.00000E+00  0.00000E+00  0.00000E+00  0.00000E+00  0.00000E+00  0.00000E+00  0.00000E+00  0.00000E+00  0.00000E+00  0.00000E+00  0.00000E+00  0.00000E+00  0.00000E+00  0.00000E+00  0.00000E+00  0.00000E+00
   19395   2  0.00000E+00  0.00000E+00  0.00000E+00  0.00000E+00  0.00000E+00  0.00000E+00  0.00000E+00  0.00000E+00  0.00000E+00  0.00000E+00  0.00000E+00  0.00000E+00  0.00000E+00  0.00000E+00  0.00000E+00  0.00000E+00  0.00000E+00  0.00000E+00  0.00000E+00  0.00000E+00  0.00000E+00  0.00000E+00  0.00000E+00  0.00000E+00
   30002   2  2.33168E+00  2.29718E+00  2.16901E+00  1.95704E+00  1.73521E+00  1.46680E+00  1.35814E+00  1.30382E+00  1.28571E+00  1.32193E+00  1.43058E+00  1.60261E+00  1.82444E+00  1.96026E+00  2.06891E+00  2.16398E+00  2.20019E+00  2.23641E+00  2.24999E+00  2.26810E+00  2.26357E+00  2.24999E+00  2.21378E+00  2.15945E+00
   30355   1  0.00000E+00  0.00000E+00  0.00000E+00  0.00000E+00  0.00000E+00  0.00000E+00  0.00000E+00  0.00000E+00  0.00000E+00  0.00000E+00  0.00000E+00  0.00000E+00  0.00000E+00  0.00000E+00  0.00000E+00  0.00000E+00  0.00000E+00  0.00000E+00  0.00000E+00  0.00000E+00  0.00000E+00  0.00000E+00  0.00000E+00  0.00000E+00
   29995   4  9.15735E-02  9.02183E-02  8.51847E-02  7.68598E-02  6.81477E-02  5.76063E-02  5.33392E-02  5.12056E-02  5.04944E-02  5.19168E-02  5.61840E-02  6.29402E-02  7.16523E-02  7.69862E-02  8.12534E-02  8.49871E-02  8.64095E-02  8.78319E-02  8.83653E-02  8.90765E-02  8.88987E-02  8.83653E-02  8.69429E-02  8.48093E-02
   31274   3  3.89399E-01  3.89399E-01  3.89399E-01  3.89399E-01  3.89399E-01  3.89399E-01  3.89399E-01  3.89399E-01  3.89399E-01  3.89399E-01  3.89399E-01  3.89399E-01  3.89399E-01  3.89399E-01  3.89399E-01  3.89399E-01  3.89399E-01  3.89399E-01  3.89399E-01  3.89399E-01  3.89399E-01  3.89399E-01  3.89399E-01  3.89399E-01
   31274   4  0.00000E+00  0.00000E+00  0.00000E+00  0.00000E+00  0.00000E+00  0.00000E+00  0.00000E+00  0.00000E+00  0.00000E+00  0.00000E+00  0.00000E+00  0.00000E+00  0.00000E+00  0.00000E+00  0.00000E+00  0.00000E+00  0.00000E+00  0.00000E+00  0.00000E+00  0.00000E+00  0.00000E+00  0.00000E+00  0.00000E+00  0.00000E+00
   31274   2  0.00000E+00  0.00000E+00  0.00000E+00  0.00000E+00  0.00000E+00  0.00000E+00  0.00000E+00  0.00000E+00  0.00000E+00  0.00000E+00  0.00000E+00  0.00000E+00  0.00000E+00  0.00000E+00  0.00000E+00  0.00000E+00  0.00000E+00  0.00000E+00  0.00000E+00  0.00000E+00  0.00000E+00  0.00000E+00  0.00000E+00  0.00000E+00
   30921   4  0.00000E+00  0.00000E+00  0.00000E+00  0.00000E+00  0.00000E+00  0.00000E+00  0.00000E+00  0.00000E+00  0.00000E+00  0.00000E+00  0.00000E+00  0.00000E+00  0.00000E+00  0.00000E+00  0.00000E+00  0.00000E+00  0.00000E+00  0.00000E+00  0.00000E+00  0.00000E+00  0.00000E+00  0.00000E+00  0.00000E+00  0.00000E+00
   31274   7  2.14110E-01  2.14110E-01  2.14110E-01  2.14110E-01  2.14110E-01  2.14110E-01  2.14110E-01  2.14110E-01  2.14110E-01  2.14110E-01  2.14110E-01  2.14110E-01  2.14110E-01  2.14110E-01  2.14110E-01  2.14110E-01  2.14110E-01  2.14110E-01  2.14110E-01  2.14110E-01  2.14110E-01  2.14110E-01  2.14110E-01  2.14110E-01
   35839   3  0.00000E+00  0.00000E+00  0.00000E+00  0.00000E+00  0.00000E+00  0.00000E+00  0.00000E+00  0.00000E+00  0.00000E+00  0.00000E+00  0.00000E+00  0.00000E+00  0.00000E+00  0.00000E+00  0.00000E+00  0.00000E+00  0.00000E+00  0.00000E+00  0.00000E+00  0.00000E+00  0.00000E+00  0.00000E+00  0.00000E+00  0.00000E+00
   37257   7  1.76568E-01  1.76568E-01  1.76568E-01  1.76568E-01  1.76568E-01  1.76568E-01  1.76568E-01  1.76568E-01  1.76568E-01  1.76568E-01  1.76568E-01  1.76568E-01  1.76568E-01  1.76568E-01  1.76568E-01  1.76568E-01  1.76568E-01  1.76568E-01  1.76568E-01  1.76568E-01  1.76568E-01  1.76568E-01  1.76568E-01  1.76568E-01
   31605   4  8.74760E+00  8.74760E+00  8.74760E+00  8.74760E+00  8.74760E+00  8.74760E+00  8.74760E+00  8.74760E+00  8.74760E+00  8.74760E+00  8.74760E+00  8.74760E+00  8.74760E+00  8.74760E+00  8.74760E+00  8.74760E+00  8.74760E+00  8.74760E+00  8.74760E+00  8.74760E+00  8.74760E+00  8.74760E+00  8.74760E+00  8.74760E+00
   31252   3  0.00000E+00  0.00000E+00  0.00000E+00  0.00000E+00  0.00000E+00  0.00000E+00  0.00000E+00  0.00000E+00  0.00000E+00  0.00000E+00  0.00000E+00  0.00000E+00  0.00000E+00  0.00000E+00  0.00000E+00  0.00000E+00  0.00000E+00  0.00000E+00  0.00000E+00  0.00000E+00  0.00000E+00  0.00000E+00  0.00000E+00  0.00000E+00
   31958   4  1.88792E-02  1.88792E-02  1.88792E-02  1.88792E-02  1.88792E-02  1.88792E-02  1.88792E-02  1.88792E-02  1.88792E-02  1.88792E-02  1.88792E-02  1.88792E-02  1.88792E-02  1.88792E-02  1.88792E-02  1.88792E-02  1.88792E-02  1.88792E-02  1.88792E-02  1.88792E-02  1.88792E-02  1.88792E-02  1.88792E-02  1.88792E-02
   31252   2  4.15676E-02  4.15676E-02  4.15676E-02  4.15676E-02  4.15676E-02  4.15676E-02  4.15676E-02  4.15676E-02  4.15676E-02  4.15676E-02  4.15676E-02  4.15676E-02  4.15676E-02  4.15676E-02  4.15676E-02  4.15676E-02  4.15676E-02  4.15676E-02  4.15676E-02  4.15676E-02  4.15676E-02  4.15676E-02  4.15676E-02  4.15676E-02
   31253   7  1.05070E-01  1.05070E-01  1.05070E-01  1.05070E-01  1.05070E-01  0.00000E+00  0.00000E+00  0.00000E+00  0.00000E+00  0.00000E+00  0.00000E+00  0.00000E+00  1.05070E-01  5.70968E-01  5.70968E-01  5.70968E-01  5.70968E-01  5.70968E-01  5.70968E-01  5.70968E-01  5.70968E-01  1.05070E-01  1.05070E-01  1.05070E-01
   31605   3  0.00000E+00  0.00000E+00  0.00000E+00  0.00000E+00  0.00000E+00  0.00000E+00  0.00000E+00  0.00000E+00  0.00000E+00  0.00000E+00  0.00000E+00  0.00000E+00  0.00000E+00  0.00000E+00  0.00000E+00  0.00000E+00  0.00000E+00  0.00000E+00  0.00000E+00  0.00000E+00  0.00000E+00  0.00000E+00  0.00000E+00  0.00000E+00
   31958   3  1.99711E-02  1.99711E-02  1.99711E-02  1.99711E-02  1.99711E-02  1.99711E-02  1.99711E-02  1.99711E-02  1.99711E-02  1.99711E-02  1.99711E-02  1.99711E-02  1.99711E-02  1.99711E-02  1.99711E-02  1.99711E-02  1.99711E-02  1.99711E-02  1.99711E-02  1.99711E-02  1.99711E-02  1.99711E-02  1.99711E-02  1.99711E-02
   31958   5  0.00000E+00  0.00000E+00  0.00000E+00  0.00000E+00  0.00000E+00  0.00000E+00  0.00000E+00  0.00000E+00  0.00000E+00  0.00000E+00  0.00000E+00  0.00000E+00  0.00000E+00  0.00000E+00  0.00000E+00  0.00000E+00  0.00000E+00  0.00000E+00  0.00000E+00  0.00000E+00  0.00000E+00  0.00000E+00  0.00000E+00  0.00000E+00
   31252   4  1.41629E-01  1.41629E-01  1.41629E-01  1.41629E-01  1.41629E-01  1.41629E-01  1.41629E-01  1.41629E-01  1.41629E-01  1.41629E-01  1.41629E-01  1.41629E-01  1.41629E-01  1.41629E-01  1.41629E-01  1.41629E-01  1.41629E-01  1.41629E-01  1.41629E-01  1.41629E-01  1.41629E-01  1.41629E-01  1.41629E-01  1.41629E-01
   31604   4  2.38380E+00  2.38380E+00  2.38380E+00  2.38380E+00  2.38380E+00  2.38380E+00  2.38380E+00  2.38380E+00  2.38380E+00  2.38380E+00  2.38380E+00  2.38380E+00  2.38380E+00  2.38380E+00  2.38380E+00  2.38380E+00  2.38380E+00  2.38380E+00  2.38380E+00  2.38380E+00  2.38380E+00  2.38380E+00  2.38380E+00  2.38380E+00
   31604   1  1.03287E-01  1.03287E-01  1.03287E-01  1.03287E-01  1.03287E-01  1.03287E-01  1.03287E-01  1.03287E-01  1.03287E-01  1.03287E-01  1.03287E-01  1.03287E-01  1.03287E-01  1.03287E-01  1.03287E-01  1.03287E-01  1.03287E-01  1.03287E-01  1.03287E-01  1.03287E-01  1.03287E-01  1.03287E-01  1.03287E-01  1.03287E-01
   31605   2  1.31443E-01  1.31443E-01  1.31443E-01  1.31443E-01  1.31443E-01  1.31443E-01  1.31443E-01  1.31443E-01  1.31443E-01  1.31443E-01  1.31443E-01  1.31443E-01  1.31443E-01  1.31443E-01  1.31443E-01  1.31443E-01  1.31443E-01  1.31443E-01  1.31443E-01  1.31443E-01  1.31443E-01  1.31443E-01  1.31443E-01  1.31443E-01
   31958   7  3.20520E+00  3.20520E+00  3.20520E+00  3.20520E+00  3.20520E+00  3.20520E+00  3.20520E+00  3.20520E+00  3.20520E+00  3.20520E+00  3.20520E+00  3.20520E+00  3.20520E+00  3.20520E+00  3.20520E+00  3.20520E+00  3.20520E+00  3.20520E+00  3.20520E+00  3.20520E+00  3.20520E+00  3.20520E+00  3.20520E+00  3.20520E+00
   31253   4  1.24252E-01  1.24252E-01  1.24252E-01  1.24252E-01  1.24252E-01  1.24252E-01  1.24252E-01  1.24252E-01  1.24252E-01  1.24252E-01  1.24252E-01  1.24252E-01  1.24252E-01  1.24252E-01  1.24252E-01  1.24252E-01  1.24252E-01  1.24252E-01  1.24252E-01  1.24252E-01  1.24252E-01  1.24252E-01  1.24252E-01  1.24252E-01
   31959   3  4.38205E-04  4.38205E-04  4.38205E-04  4.38205E-04  4.38205E-04  0.00000E+00  0.00000E+00  0.00000E+00  0.00000E+00  0.00000E+00  0.00000E+00  0.00000E+00  0.00000E+00  4.38205E-04  4.38205E-04  4.38205E-04  4.38205E-04  4.38205E-04  4.38205E-04  4.38205E-04  4.38205E-04  4.38205E-04  4.38205E-04  4.38205E-04
   31959   4  1.69460E-02  1.69460E-02  1.69460E-02  1.69460E-02  1.69460E-02  1.69460E-02  1.69460E-02  1.69460E-02  1.69460E-02  1.69460E-02  1.69460E-02  1.69460E-02  1.69460E-02  1.69460E-02  1.69460E-02  1.69460E-02  1.69460E-02  1.69460E-02  1.69460E-02  1.69460E-02  1.69460E-02  1.69460E-02  1.69460E-02  1.69460E-02
   30564   3  0.00000E+00  0.00000E+00  0.00000E+00  0.00000E+00  0.00000E+00  0.00000E+00  0.00000E+00  0.00000E+00  0.00000E+00  0.00000E+00  0.00000E+00  0.00000E+00  0.00000E+00  0.00000E+00  0.00000E+00  0.00000E+00  0.00000E+00  0.00000E+00  0.00000E+00  0.00000E+00  0.00000E+00  0.00000E+00  0.00000E+00  0.00000E+00
   30564   2  0.00000E+00  0.00000E+00  0.00000E+00  0.00000E+00  0.00000E+00  0.00000E+00  0.00000E+00  0.00000E+00  0.00000E+00  0.00000E+00  0.00000E+00  0.00000E+00  0.00000E+00  0.00000E+00  0.00000E+00  0.00000E+00  0.00000E+00  0.00000E+00  0.00000E+00  0.00000E+00  0.00000E+00  0.00000E+00  0.00000E+00  0.00000E+00
   30924   3  1.29703E-01  1.29703E-01  1.29703E-01  1.29703E-01  1.29703E-01  1.29703E-01  1.29703E-01  1.29703E-01  1.29703E-01  1.29703E-01  1.29703E-01  1.29703E-01  1.29703E-01  1.29703E-01  1.29703E-01  1.29703E-01  1.29703E-01  1.29703E-01  1.29703E-01  1.29703E-01  1.29703E-01  1.29703E-01  1.29703E-01  1.29703E-01
   30924   2  4.03129E-01  4.03129E-01  4.03129E-01  4.03129E-01  4.03129E-01  4.03129E-01  4.03129E-01  4.03129E-01  4.03129E-01  4.03129E-01  4.03129E-01  4.03129E-01  4.03129E-01  4.03129E-01  4.03129E-01  4.03129E-01  4.03129E-01  4.03129E-01  4.03129E-01  4.03129E-01  4.03129E-01  4.03129E-01  4.03129E-01  4.03129E-01
   30193   2  0.00000E+00  0.00000E+00  0.00000E+00  0.00000E+00  0.00000E+00  0.00000E+00  0.00000E+00  0.00000E+00  0.00000E+00  0.00000E+00  0.00000E+00  0.00000E+00  0.00000E+00  0.00000E+00  0.00000E+00  0.00000E+00  0.00000E+00  0.00000E+00  0.00000E+00  0.00000E+00  0.00000E+00  0.00000E+00  0.00000E+00  0.00000E+00
   29840   3  0.00000E+00  0.00000E+00  0.00000E+00  0.00000E+00  0.00000E+00  0.00000E+00  0.00000E+00  0.00000E+00  0.00000E+00  0.00000E+00  0.00000E+00  0.00000E+00  0.00000E+00  0.00000E+00  0.00000E+00  0.00000E+00  0.00000E+00  0.00000E+00  0.00000E+00  0.00000E+00  0.00000E+00  0.00000E+00  0.00000E+00  0.00000E+00
   33035   3  0.00000E+00  0.00000E+00  0.00000E+00  0.00000E+00  0.00000E+00  0.00000E+00  0.00000E+00  0.00000E+00  0.00000E+00  0.00000E+00  0.00000E+00  0.00000E+00  0.00000E+00  0.00000E+00  0.00000E+00  0.00000E+00  0.00000E+00  0.00000E+00  0.00000E+00  0.00000E+00  0.00000E+00  0.00000E+00  0.00000E+00  0.00000E+00
   33035   2  0.00000E+00  0.00000E+00  0.00000E+00  0.00000E+00  0.00000E+00  0.00000E+00  0.00000E+00  0.00000E+00  0.00000E+00  0.00000E+00  0.00000E+00  0.00000E+00  0.00000E+00  0.00000E+00  0.00000E+00  0.00000E+00  0.00000E+00  0.00000E+00  0.00000E+00  0.00000E+00  0.00000E+00  0.00000E+00  0.00000E+00  0.00000E+00
   47753   3  8.09218E-03  8.09218E-03  8.09218E-03  8.09218E-03  8.09218E-03  8.09218E-03  8.09218E-03  8.09218E-03  8.09218E-03  8.09218E-03  8.09218E-03  8.09218E-03  8.09218E-03  8.09218E-03  8.09218E-03  8.09218E-03  8.09218E-03  8.09218E-03  8.09218E-03  8.09218E-03  8.09218E-03  8.09218E-03  8.09218E-03  8.09218E-03
   47753   4  6.52143E-02  6.52143E-02  6.52143E-02  6.52143E-02  6.52143E-02  6.52143E-02  6.52143E-02  6.52143E-02  6.52143E-02  6.52143E-02  6.52143E-02  6.52143E-02  6.52143E-02  6.52143E-02  6.52143E-02  6.52143E-02  6.52143E-02  6.52143E-02  6.52143E-02  6.52143E-02  6.52143E-02  6.52143E-02  6.52143E-02  6.52143E-02
   48458   4  5.94389E-02  5.94389E-02  5.94389E-02  5.94389E-02  5.94389E-02  5.94389E-02  5.94389E-02  5.94389E-02  5.94389E-02  5.94389E-02  5.94389E-02  5.94389E-02  5.94389E-02  5.94389E-02  5.94389E-02  5.94389E-02  5.94389E-02  5.94389E-02  5.94389E-02  5.94389E-02  5.94389E-02  5.94389E-02  5.94389E-02  5.94389E-02
   48458   2  0.00000E+00  0.00000E+00  0.00000E+00  0.00000E+00  0.00000E+00  0.00000E+00  0.00000E+00  0.00000E+00  0.00000E+00  0.00000E+00  0.00000E+00  0.00000E+00  0.00000E+00  0.00000E+00  0.00000E+00  0.00000E+00  0.00000E+00  0.00000E+00  0.00000E+00  0.00000E+00  0.00000E+00  0.00000E+00  0.00000E+00  0.00000E+00
   48458   3  0.00000E+00  0.00000E+00  0.00000E+00  0.00000E+00  0.00000E+00  0.00000E+00  0.00000E+00  0.00000E+00  0.00000E+00  0.00000E+00  0.00000E+00  0.00000E+00  0.00000E+00  0.00000E+00  0.00000E+00  0.00000E+00  0.00000E+00  0.00000E+00  0.00000E+00  0.00000E+00  0.00000E+00  0.00000E+00  0.00000E+00  0.00000E+00
   47047   7  8.66609E-02  8.66609E-02  8.66609E-02  8.66609E-02  8.66609E-02  8.66609E-02  8.66609E-02  8.66609E-02  8.66609E-02  8.66609E-02  8.66609E-02  8.66609E-02  8.66609E-02  8.66609E-02  8.66609E-02  8.66609E-02  8.66609E-02  8.66609E-02  8.66609E-02  8.66609E-02  8.66609E-02  8.66609E-02  8.66609E-02  8.66609E-02
   47753   7  2.89818E+00  2.89818E+00  2.89818E+00  2.89818E+00  2.89818E+00  2.89818E+00  2.89818E+00  2.89818E+00  2.89818E+00  2.89818E+00  2.89818E+00  2.89818E+00  2.89818E+00  2.89818E+00  2.89818E+00  2.89818E+00  2.89818E+00  2.89818E+00  2.89818E+00  2.89818E+00  2.89818E+00  2.89818E+00  2.89818E+00  2.89818E+00
   43182   3  3.10329E-03  3.10329E-03  3.10329E-03  3.10329E-03  3.10329E-03  3.05444E-03  3.05444E-03  3.05444E-03  3.05444E-03  3.05444E-03  3.05444E-03  3.05444E-03  3.05444E-03  6.27882E-03  6.27882E-03  6.27882E-03  6.27882E-03  6.27882E-03  6.27882E-03  6.27882E-03  6.27882E-03  3.10329E-03  3.10329E-03  3.10329E-03
   43182   4  1.21496E-01  1.21496E-01  1.21496E-01  1.21496E-01  1.21496E-01  1.21496E-01  1.21496E-01  1.21496E-01  1.21496E-01  1.21496E-01  1.21496E-01  1.21496E-01  1.21496E-01  1.21496E-01  1.21496E-01  1.21496E-01  1.21496E-01  1.21496E-01  1.21496E-01  1.21496E-01  1.21496E-01  1.21496E-01  1.21496E-01  1.21496E-01
   43182   8  0.00000E+00  0.00000E+00  0.00000E+00  0.00000E+00  0.00000E+00  0.00000E+00  0.00000E+00  0.00000E+00  0.00000E+00  0.00000E+00  0.00000E+00  0.00000E+00  0.00000E+00  0.00000E+00  0.00000E+00  0.00000E+00  0.00000E+00  0.00000E+00  0.00000E+00  0.00000E+00  0.00000E+00  0.00000E+00  0.00000E+00  0.00000E+00
   42477   3  0.00000E+00  0.00000E+00  0.00000E+00  0.00000E+00  0.00000E+00  0.00000E+00  0.00000E+00  0.00000E+00  0.00000E+00  0.00000E+00  0.00000E+00  0.00000E+00  0.00000E+00  0.00000E+00  0.00000E+00  0.00000E+00  0.00000E+00  0.00000E+00  0.00000E+00  0.00000E+00  0.00000E+00  0.00000E+00  0.00000E+00  0.00000E+00
   42477   2  0.00000E+00  0.00000E+00  0.00000E+00  0.00000E+00  0.00000E+00  0.00000E+00  0.00000E+00  0.00000E+00  0.00000E+00  0.00000E+00  0.00000E+00  0.00000E+00  0.00000E+00  0.00000E+00  0.00000E+00  0.00000E+00  0.00000E+00  0.00000E+00  0.00000E+00  0.00000E+00  0.00000E+00  0.00000E+00  0.00000E+00  0.00000E+00
   43182   7  2.61965E+00  2.61965E+00  2.61965E+00  2.61965E+00  2.61965E+00  2.61965E+00  2.61965E+00  2.61965E+00  2.61965E+00  2.61965E+00  2.61965E+00  2.61965E+00  2.61965E+00  2.61965E+00  2.61965E+00  2.61965E+00  2.61965E+00  2.61965E+00  2.61965E+00  2.61965E+00  2.61965E+00  2.61965E+00  2.61965E+00  2.61965E+00
   50582   3  2.15631E-01  2.15631E-01  2.15631E-01  2.15631E-01  2.15631E-01  2.15631E-01  2.15631E-01  2.15631E-01  2.15631E-01  2.15631E-01  2.15631E-01  2.15631E-01  2.15631E-01  2.15631E-01  2.15631E-01  2.15631E-01  2.15631E-01  2.15631E-01  2.15631E-01  2.15631E-01  2.15631E-01  2.15631E-01  2.15631E-01  2.15631E-01
   46700   3  3.65246E-03  3.65246E-03  3.65246E-03  3.65246E-03  3.65246E-03  3.65246E-03  3.65246E-03  3.65246E-03  3.65246E-03  3.65246E-03  3.65246E-03  3.65246E-03  3.65246E-03  3.65246E-03  3.65246E-03  3.65246E-03  3.65246E-03  3.65246E-03  3.65246E-03  3.65246E-03  3.65246E-03  3.65246E-03  3.65246E-03  3.65246E-03
   36485   4  0.00000E+00  0.00000E+00  0.00000E+00  0.00000E+00  0.00000E+00  0.00000E+00  0.00000E+00  0.00000E+00  0.00000E+00  0.00000E+00  0.00000E+00  0.00000E+00  0.00000E+00  0.00000E+00  0.00000E+00  0.00000E+00  0.00000E+00  0.00000E+00  0.00000E+00  0.00000E+00  0.00000E+00  0.00000E+00  0.00000E+00  0.00000E+00
   36485   6  0.00000E+00  0.00000E+00  0.00000E+00  0.00000E+00  0.00000E+00  0.00000E+00  0.00000E+00  0.00000E+00  0.00000E+00  0.00000E+00  0.00000E+00  0.00000E+00  0.00000E+00  0.00000E+00  0.00000E+00  0.00000E+00  0.00000E+00  0.00000E+00  0.00000E+00  0.00000E+00  0.00000E+00  0.00000E+00  0.00000E+00  0.00000E+00
   36485   5  0.00000E+00  0.00000E+00  0.00000E+00  0.00000E+00  0.00000E+00  0.00000E+00  0.00000E+00  0.00000E+00  0.00000E+00  0.00000E+00  0.00000E+00  0.00000E+00  0.00000E+00  0.00000E+00  0.00000E+00  0.00000E+00  0.00000E+00  0.00000E+00  0.00000E+00  0.00000E+00  0.00000E+00  0.00000E+00  0.00000E+00  0.00000E+00
   36485   3  0.00000E+00  0.00000E+00  0.00000E+00  0.00000E+00  0.00000E+00  0.00000E+00  0.00000E+00  0.00000E+00  0.00000E+00  0.00000E+00  0.00000E+00  0.00000E+00  0.00000E+00  0.00000E+00  0.00000E+00  0.00000E+00  0.00000E+00  0.00000E+00  0.00000E+00  0.00000E+00  0.00000E+00  0.00000E+00  0.00000E+00  0.00000E+00
   36485   2  0.00000E+00  0.00000E+00  0.00000E+00  0.00000E+00  0.00000E+00  0.00000E+00  0.00000E+00  0.00000E+00  0.00000E+00  0.00000E+00  0.00000E+00  0.00000E+00  0.00000E+00  0.00000E+00  0.00000E+00  0.00000E+00  0.00000E+00  0.00000E+00  0.00000E+00  0.00000E+00  0.00000E+00  0.00000E+00  0.00000E+00  0.00000E+00
   37192   2  0.00000E+00  0.00000E+00  0.00000E+00  0.00000E+00  0.00000E+00  0.00000E+00  0.00000E+00  0.00000E+00  0.00000E+00  0.00000E+00  0.00000E+00  0.00000E+00  0.00000E+00  0.00000E+00  0.00000E+00  0.00000E+00  0.00000E+00  0.00000E+00  0.00000E+00  0.00000E+00  0.00000E+00  0.00000E+00  0.00000E+00  0.00000E+00
   36485   7  4.03026E+00  4.03026E+00  4.03026E+00  4.03026E+00  4.03026E+00  4.03026E+00  4.03026E+00  4.03026E+00  4.03026E+00  4.03026E+00  4.03026E+00  4.03026E+00  4.03026E+00  4.03026E+00  4.03026E+00  4.03026E+00  4.03026E+00  4.03026E+00  4.03026E+00  4.03026E+00  4.03026E+00  4.03026E+00  4.03026E+00  4.03026E+00
   35437   3  0.00000E+00  0.00000E+00  0.00000E+00  0.00000E+00  0.00000E+00  0.00000E+00  0.00000E+00  0.00000E+00  0.00000E+00  0.00000E+00  0.00000E+00  0.00000E+00  0.00000E+00  0.00000E+00  0.00000E+00  0.00000E+00  0.00000E+00  0.00000E+00  0.00000E+00  0.00000E+00  0.00000E+00  0.00000E+00  0.00000E+00  0.00000E+00
   46351   7  1.75441E+00  1.75441E+00  1.75441E+00  1.75441E+00  1.75441E+00  1.75441E+00  1.75441E+00  1.75441E+00  1.75441E+00  1.75441E+00  1.75441E+00  1.75441E+00  1.75441E+00  1.75441E+00  1.75441E+00  1.75441E+00  1.75441E+00  1.75441E+00  1.75441E+00  1.75441E+00  1.75441E+00  1.75441E+00  1.75441E+00  1.75441E+00
   39310   3  1.54117E-04  1.54117E-04  1.54117E-04  1.54117E-04  1.54117E-04  1.54117E-04  1.54117E-04  1.54117E-04  1.54117E-04  1.54117E-04  1.54117E-04  1.54117E-04  1.54117E-04  1.54117E-04  1.54117E-04  1.54117E-04  1.54117E-04  1.54117E-04  1.54117E-04  1.54117E-04  1.54117E-04  1.54117E-04  1.54117E-04  1.54117E-04
   43177   3  0.00000E+00  0.00000E+00  0.00000E+00  0.00000E+00  0.00000E+00  0.00000E+00  0.00000E+00  0.00000E+00  0.00000E+00  0.00000E+00  0.00000E+00  0.00000E+00  0.00000E+00  0.00000E+00  0.00000E+00  0.00000E+00  0.00000E+00  0.00000E+00  0.00000E+00  0.00000E+00  0.00000E+00  0.00000E+00  0.00000E+00  0.00000E+00
   43177   2  0.00000E+00  0.00000E+00  0.00000E+00  0.00000E+00  0.00000E+00  0.00000E+00  0.00000E+00  0.00000E+00  0.00000E+00  0.00000E+00  0.00000E+00  0.00000E+00  0.00000E+00  0.00000E+00  0.00000E+00  0.00000E+00  0.00000E+00  0.00000E+00  0.00000E+00  0.00000E+00  0.00000E+00  0.00000E+00  0.00000E+00  0.00000E+00
   15453   3  1.61779E+02  1.61779E+02  1.61779E+02  1.61779E+02  1.61779E+02  1.61779E+02  1.61779E+02  1.61779E+02  1.61779E+02  1.61779E+02  1.61779E+02  1.61779E+02  1.61779E+02  1.61779E+02  1.61779E+02  1.61779E+02  1.61779E+02  1.61779E+02  1.61779E+02  1.61779E+02  1.61779E+02  1.61779E+02  1.61779E+02  1.61779E+02
   15453   2  0.00000E+00  0.00000E+00  0.00000E+00  0.00000E+00  0.00000E+00  0.00000E+00  0.00000E+00  0.00000E+00  0.00000E+00  0.00000E+00  0.00000E+00  0.00000E+00  0.00000E+00  0.00000E+00  0.00000E+00  0.00000E+00  0.00000E+00  0.00000E+00  0.00000E+00  0.00000E+00  0.00000E+00  0.00000E+00  0.00000E+00  0.00000E+00
   15098   3  9.76093E-03  9.76093E-03  9.76093E-03  9.76093E-03  9.76093E-03  9.76093E-03  9.76093E-03  9.76093E-03  9.76093E-03  9.76093E-03  9.76093E-03  9.76093E-03  9.76093E-03  9.76093E-03  9.76093E-03  9.76093E-03  9.76093E-03  9.76093E-03  9.76093E-03  9.76093E-03  9.76093E-03  9.76093E-03  9.76093E-03  9.76093E-03
   15450   3  7.79939E-02  7.79939E-02  7.79939E-02  7.79939E-02  7.79939E-02  7.79939E-02  7.79939E-02  7.79939E-02  7.79939E-02  7.79939E-02  7.79939E-02  7.79939E-02  7.79939E-02  7.79939E-02  7.79939E-02  7.79939E-02  7.79939E-02  7.79939E-02  7.79939E-02  7.79939E-02  7.79939E-02  7.79939E-02  7.79939E-02  7.79939E-02
   15808   3  3.50044E+01  3.50044E+01  3.50044E+01  3.50044E+01  3.50044E+01  3.50044E+01  3.50044E+01  3.50044E+01  3.50044E+01  3.50044E+01  3.50044E+01  3.50044E+01  3.50044E+01  3.50044E+01  3.50044E+01  3.50044E+01  3.50044E+01  3.50044E+01  3.50044E+01  3.50044E+01  3.50044E+01  3.50044E+01  3.50044E+01  3.50044E+01
   16524   3  2.82181E-01  2.82181E-01  2.82181E-01  2.82181E-01  2.82181E-01  2.82181E-01  2.82181E-01  2.82181E-01  2.82181E-01  2.82181E-01  2.82181E-01  2.82181E-01  2.82181E-01  2.82181E-01  2.82181E-01  2.82181E-01  2.82181E-01  2.82181E-01  2.82181E-01  2.82181E-01  2.82181E-01  2.82181E-01  2.82181E-01  2.82181E-01
   14756   5  0.00000E+00  0.00000E+00  0.00000E+00  0.00000E+00  0.00000E+00  0.00000E+00  0.00000E+00  0.00000E+00  0.00000E+00  0.00000E+00  0.00000E+00  0.00000E+00  0.00000E+00  0.00000E+00  0.00000E+00  0.00000E+00  0.00000E+00  0.00000E+00  0.00000E+00  0.00000E+00  0.00000E+00  0.00000E+00  0.00000E+00  0.00000E+00
   14756   4  1.91142E-03  1.91142E-03  1.91142E-03  1.91142E-03  1.91142E-03  1.91142E-03  1.91142E-03  1.91142E-03  1.91142E-03  1.91142E-03  1.91142E-03  1.91142E-03  1.91142E-03  1.91142E-03  1.91142E-03  1.91142E-03  1.91142E-03  1.91142E-03  1.91142E-03  1.91142E-03  1.91142E-03  1.91142E-03  1.91142E-03  1.91142E-03
   14756   3  2.80947E+01  2.80947E+01  2.80947E+01  2.80947E+01  2.80947E+01  2.80947E+01  2.80947E+01  2.80947E+01  2.80947E+01  2.80947E+01  2.80947E+01  2.80947E+01  2.80947E+01  2.80947E+01  2.80947E+01  2.80947E+01  2.80947E+01  2.80947E+01  2.80947E+01  2.80947E+01  2.80947E+01  2.80947E+01  2.80947E+01  2.80947E+01
   14756   1  1.58559E+01  1.58559E+01  1.58559E+01  1.58559E+01  1.58559E+01  1.58559E+01  1.58559E+01  1.58559E+01  1.58559E+01  1.58559E+01  1.58559E+01  1.58559E+01  1.58559E+01  1.58559E+01  1.58559E+01  1.58559E+01  1.58559E+01  1.58559E+01  1.58559E+01  1.58559E+01  1.58559E+01  1.58559E+01  1.58559E+01  1.58559E+01
   14756   2  1.72549E+01  1.72549E+01  1.72549E+01  1.72549E+01  1.72549E+01  1.72549E+01  1.72549E+01  1.72549E+01  1.72549E+01  1.72549E+01  1.72549E+01  1.72549E+01  1.72549E+01  1.72549E+01  1.72549E+01  1.72549E+01  1.72549E+01  1.72549E+01  1.72549E+01  1.72549E+01  1.72549E+01  1.72549E+01  1.72549E+01  1.72549E+01
   14756   7  1.21136E+01  1.21136E+01  1.21136E+01  1.21136E+01  1.21136E+01  1.21136E+01  1.21136E+01  1.21136E+01  1.21136E+01  1.21136E+01  1.21136E+01  1.21136E+01  1.21136E+01  1.21136E+01  1.21136E+01  1.21136E+01  1.21136E+01  1.21136E+01  1.21136E+01  1.21136E+01  1.21136E+01  1.21136E+01  1.21136E+01  1.21136E+01
   15810   3  3.08218E-01  3.08218E-01  3.08218E-01  3.08218E-01  3.08218E-01  3.08218E-01  3.08218E-01  3.08218E-01  3.08218E-01  3.08218E-01  3.08218E-01  3.08218E-01  3.08218E-01  3.08218E-01  3.08218E-01  3.08218E-01  3.08218E-01  3.08218E-01  3.08218E-01  3.08218E-01  3.08218E-01  3.08218E-01  3.08218E-01  3.08218E-01
   16516   3  8.19380E-02  8.19380E-02  8.19380E-02  8.19380E-02  8.19380E-02  8.19380E-02  8.19380E-02  8.19380E-02  8.19380E-02  8.19380E-02  8.19380E-02  8.19380E-02  8.19380E-02  8.19380E-02  8.19380E-02  8.19380E-02  8.19380E-02  8.19380E-02  8.19380E-02  8.19380E-02  8.19380E-02  8.19380E-02  8.19380E-02  8.19380E-02
   16161   3  2.95478E-02  2.95478E-02  2.95478E-02  2.95478E-02  2.95478E-02  2.95478E-02  2.95478E-02  2.95478E-02  2.95478E-02  2.95478E-02  2.95478E-02  2.95478E-02  2.95478E-02  2.95478E-02  2.95478E-02  2.95478E-02  2.95478E-02  2.95478E-02  2.95478E-02  2.95478E-02  2.95478E-02  2.95478E-02  2.95478E-02  2.95478E-02
   16162   3  6.25310E+01  6.25310E+01  6.25310E+01  6.25310E+01  6.25310E+01  6.25310E+01  6.25310E+01  6.25310E+01  6.25310E+01  6.25310E+01  6.25310E+01  6.25310E+01  6.25310E+01  6.25310E+01  6.25310E+01  6.25310E+01  6.25310E+01  6.25310E+01  6.25310E+01  6.25310E+01  6.25310E+01  6.25310E+01  6.25310E+01  6.25310E+01
   15105   3  1.95263E+02  1.95263E+02  1.95263E+02  1.95263E+02  1.95263E+02  1.95263E+02  1.95263E+02  1.95263E+02  1.95263E+02  1.95263E+02  1.95263E+02  1.95263E+02  1.95263E+02  1.95263E+02  1.95263E+02  1.95263E+02  1.95263E+02  1.95263E+02  1.95263E+02  1.95263E+02  1.95263E+02  1.95263E+02  1.95263E+02  1.95263E+02
   15104   3  6.49056E-01  6.49056E-01  6.49056E-01  6.49056E-01  6.49056E-01  6.49056E-01  6.49056E-01  6.49056E-01  6.49056E-01  6.49056E-01  6.49056E-01  6.49056E-01  6.49056E-01  6.49056E-01  6.49056E-01  6.49056E-01  6.49056E-01  6.49056E-01  6.49056E-01  6.49056E-01  6.49056E-01  6.49056E-01  6.49056E-01  6.49056E-01
   13688   3  9.65385E+01  9.65385E+01  9.65385E+01  9.65385E+01  9.65385E+01  9.65385E+01  9.65385E+01  9.65385E+01  9.65385E+01  9.65385E+01  9.65385E+01  9.65385E+01  9.65385E+01  9.65385E+01  9.65385E+01  9.65385E+01  9.65385E+01  9.65385E+01  9.65385E+01  9.65385E+01  9.65385E+01  9.65385E+01  9.65385E+01  9.65385E+01
   13688   4  5.84412E+00  5.84412E+00  5.84412E+00  5.84412E+00  5.84412E+00  5.84412E+00  5.84412E+00  5.84412E+00  5.84412E+00  5.84412E+00  5.84412E+00  5.84412E+00  5.84412E+00  5.84412E+00  5.84412E+00  5.84412E+00  5.84412E+00  5.84412E+00  5.84412E+00  5.84412E+00  5.84412E+00  5.84412E+00  5.84412E+00  5.84412E+00
   14743   3  7.38601E-03  7.38601E-03  7.38601E-03  7.38601E-03  7.38601E-03  7.38601E-03  7.38601E-03  7.38601E-03  7.38601E-03  7.38601E-03  7.38601E-03  7.38601E-03  7.38601E-03  7.38601E-03  7.38601E-03  7.38601E-03  7.38601E-03  7.38601E-03  7.38601E-03  7.38601E-03  7.38601E-03  7.38601E-03  7.38601E-03  7.38601E-03
   15813   3  1.45830E+01  1.45830E+01  1.45830E+01  1.45830E+01  1.45830E+01  1.45830E+01  1.45830E+01  1.45830E+01  1.45830E+01  1.45830E+01  1.45830E+01  1.45830E+01  1.45830E+01  1.45830E+01  1.45830E+01  1.45830E+01  1.45830E+01  1.45830E+01  1.45830E+01  1.45830E+01  1.45830E+01  1.45830E+01  1.45830E+01  1.45830E+01
   14408   4  3.21105E-03  3.21105E-03  3.21105E-03  3.21105E-03  3.21105E-03  3.21105E-03  3.21105E-03  3.21105E-03  3.21105E-03  3.21105E-03  3.21105E-03  3.21105E-03  3.21105E-03  3.21105E-03  3.21105E-03  3.21105E-03  3.21105E-03  3.21105E-03  3.21105E-03  3.21105E-03  3.21105E-03  3.21105E-03  3.21105E-03  3.21105E-03
   14053   3  1.13151E-02  1.13151E-02  1.13151E-02  1.13151E-02  1.13151E-02  1.13151E-02  1.13151E-02  1.13151E-02  1.13151E-02  1.13151E-02  1.13151E-02  1.13151E-02  1.13151E-02  1.13151E-02  1.13151E-02  1.13151E-02  1.13151E-02  1.13151E-02  1.13151E-02  1.13151E-02  1.13151E-02  1.13151E-02  1.13151E-02  1.13151E-02
   14408   3  1.19475E-01  1.19475E-01  1.19475E-01  1.19475E-01  1.19475E-01  1.19475E-01  1.19475E-01  1.19475E-01  1.19475E-01  1.19475E-01  1.19475E-01  1.19475E-01  1.19475E-01  1.19475E-01  1.19475E-01  1.19475E-01  1.19475E-01  1.19475E-01  1.19475E-01  1.19475E-01  1.19475E-01  1.19475E-01  1.19475E-01  1.19475E-01
   15469   3  3.88363E-01  3.88363E-01  3.88363E-01  3.88363E-01  3.88363E-01  3.88363E-01  3.88363E-01  3.88363E-01  3.88363E-01  3.88363E-01  3.88363E-01  3.88363E-01  3.88363E-01  3.88363E-01  3.88363E-01  3.88363E-01  3.88363E-01  3.88363E-01  3.88363E-01  3.88363E-01  3.88363E-01  3.88363E-01  3.88363E-01  3.88363E-01
   14761   3  0.00000E+00  0.00000E+00  0.00000E+00  0.00000E+00  0.00000E+00  0.00000E+00  0.00000E+00  0.00000E+00  0.00000E+00  0.00000E+00  0.00000E+00  0.00000E+00  0.00000E+00  0.00000E+00  0.00000E+00  0.00000E+00  0.00000E+00  0.00000E+00  0.00000E+00  0.00000E+00  0.00000E+00  0.00000E+00  0.00000E+00  0.00000E+00
   14763   2  1.24021E+01  1.24021E+01  1.24021E+01  1.24021E+01  1.24021E+01  1.24021E+01  1.24021E+01  1.24021E+01  1.24021E+01  1.24021E+01  1.24021E+01  1.24021E+01  1.24021E+01  1.24021E+01  1.24021E+01  1.24021E+01  1.24021E+01  1.24021E+01  1.24021E+01  1.24021E+01  1.24021E+01  1.24021E+01  1.24021E+01  1.24021E+01
   14763   3  0.00000E+00  0.00000E+00  0.00000E+00  0.00000E+00  0.00000E+00  0.00000E+00  0.00000E+00  0.00000E+00  0.00000E+00  0.00000E+00  0.00000E+00  0.00000E+00  0.00000E+00  0.00000E+00  0.00000E+00  0.00000E+00  0.00000E+00  0.00000E+00  0.00000E+00  0.00000E+00  0.00000E+00  0.00000E+00  0.00000E+00  0.00000E+00
   12640   3  0.00000E+00  0.00000E+00  0.00000E+00  0.00000E+00  0.00000E+00  0.00000E+00  0.00000E+00  0.00000E+00  0.00000E+00  0.00000E+00  0.00000E+00  0.00000E+00  0.00000E+00  0.00000E+00  0.00000E+00  0.00000E+00  0.00000E+00  0.00000E+00  0.00000E+00  0.00000E+00  0.00000E+00  0.00000E+00  0.00000E+00  0.00000E+00
   12657   2  0.00000E+00  0.00000E+00  0.00000E+00  0.00000E+00  0.00000E+00  0.00000E+00  0.00000E+00  0.00000E+00  0.00000E+00  0.00000E+00  0.00000E+00  0.00000E+00  0.00000E+00  0.00000E+00  0.00000E+00  0.00000E+00  0.00000E+00  0.00000E+00  0.00000E+00  0.00000E+00  0.00000E+00  0.00000E+00  0.00000E+00  0.00000E+00
   19635   3  0.00000E+00  0.00000E+00  0.00000E+00  0.00000E+00  0.00000E+00  0.00000E+00  0.00000E+00  0.00000E+00  0.00000E+00  0.00000E+00  0.00000E+00  0.00000E+00  0.00000E+00  0.00000E+00  0.00000E+00  0.00000E+00  0.00000E+00  0.00000E+00  0.00000E+00  0.00000E+00  0.00000E+00  0.00000E+00  0.00000E+00  0.00000E+00
   19635   4  5.58124E-03  5.58124E-03  5.58124E-03  5.58124E-03  5.58124E-03  5.58124E-03  5.58124E-03  5.58124E-03  5.58124E-03  5.58124E-03  5.58124E-03  5.58124E-03  5.58124E-03  5.58124E-03  5.58124E-03  5.58124E-03  5.58124E-03  5.58124E-03  5.58124E-03  5.58124E-03  5.58124E-03  5.58124E-03  5.58124E-03  5.58124E-03
   20341   3  2.13996E-02  2.13996E-02  2.13996E-02  2.13996E-02  2.13996E-02  2.13996E-02  2.13996E-02  2.13996E-02  2.13996E-02  2.13996E-02  2.13996E-02  2.13996E-02  2.13996E-02  2.13996E-02  2.13996E-02  2.13996E-02  2.13996E-02  2.13996E-02  2.13996E-02  2.13996E-02  2.13996E-02  2.13996E-02  2.13996E-02  2.13996E-02
   20337   3  0.00000E+00  0.00000E+00  0.00000E+00  0.00000E+00  0.00000E+00  0.00000E+00  0.00000E+00  0.00000E+00  0.00000E+00  0.00000E+00  0.00000E+00  0.00000E+00  0.00000E+00  0.00000E+00  0.00000E+00  0.00000E+00  0.00000E+00  0.00000E+00  0.00000E+00  0.00000E+00  0.00000E+00  0.00000E+00  0.00000E+00  0.00000E+00
   20337   4  1.52622E-03  1.52622E-03  1.52622E-03  1.52622E-03  1.52622E-03  1.52622E-03  1.52622E-03  1.52622E-03  1.52622E-03  1.52622E-03  1.52622E-03  1.52622E-03  1.52622E-03  1.52622E-03  1.52622E-03  1.52622E-03  1.52622E-03  1.52622E-03  1.52622E-03  1.52622E-03  1.52622E-03  1.52622E-03  1.52622E-03  1.52622E-03
   19641   4  5.06535E-03  5.06535E-03  5.06535E-03  5.06535E-03  5.06535E-03  5.06535E-03  5.06535E-03  5.06535E-03  5.06535E-03  5.06535E-03  5.06535E-03  5.06535E-03  5.06535E-03  5.06535E-03  5.06535E-03  5.06535E-03  5.06535E-03  5.06535E-03  5.06535E-03  5.06535E-03  5.06535E-03  5.06535E-03  5.06535E-03  5.06535E-03
   19283   4  7.37088E-03  7.37088E-03  7.37088E-03  7.37088E-03  7.37088E-03  7.37088E-03  7.37088E-03  7.37088E-03  7.37088E-03  7.37088E-03  7.37088E-03  7.37088E-03  7.37088E-03  7.37088E-03  7.37088E-03  7.37088E-03  7.37088E-03  7.37088E-03  7.37088E-03  7.37088E-03  7.37088E-03  7.37088E-03  7.37088E-03  7.37088E-03
   19638   5  0.00000E+00  0.00000E+00  0.00000E+00  0.00000E+00  0.00000E+00  0.00000E+00  0.00000E+00  0.00000E+00  0.00000E+00  0.00000E+00  0.00000E+00  0.00000E+00  0.00000E+00  0.00000E+00  0.00000E+00  0.00000E+00  0.00000E+00  0.00000E+00  0.00000E+00  0.00000E+00  0.00000E+00  0.00000E+00  0.00000E+00  0.00000E+00
   19633   3  1.99251E-02  1.99251E-02  1.99251E-02  1.99251E-02  1.99251E-02  1.99251E-02  1.99251E-02  1.99251E-02  1.99251E-02  1.99251E-02  1.99251E-02  1.99251E-02  1.99251E-02  1.99251E-02  1.99251E-02  1.99251E-02  1.99251E-02  1.99251E-02  1.99251E-02  1.99251E-02  1.99251E-02  1.99251E-02  1.99251E-02  1.99251E-02
   19633   7  1.88411E-01  1.88411E-01  1.88411E-01  1.88411E-01  1.88411E-01  0.00000E+00  0.00000E+00  0.00000E+00  0.00000E+00  0.00000E+00  0.00000E+00  0.00000E+00  1.88411E-01  1.88411E-01  1.88411E-01  1.88411E-01  1.88411E-01  1.88411E-01  1.88411E-01  1.88411E-01  1.88411E-01  1.88411E-01  1.88411E-01  1.88411E-01
   19633   4  3.45222E-03  3.45222E-03  3.45222E-03  3.45222E-03  3.45222E-03  3.45222E-03  3.45222E-03  3.45222E-03  3.45222E-03  3.45222E-03  3.45222E-03  3.45222E-03  3.45222E-03  3.45222E-03  3.45222E-03  3.45222E-03  3.45222E-03  3.45222E-03  3.45222E-03  3.45222E-03  3.45222E-03  3.45222E-03  3.45222E-03  3.45222E-03
   18930   3  4.02701E-02  4.02701E-02  4.02701E-02  4.02701E-02  4.02701E-02  4.02701E-02  4.02701E-02  4.02701E-02  4.02701E-02  4.02701E-02  4.02701E-02  4.02701E-02  4.02701E-02  4.02701E-02  4.02701E-02  4.02701E-02  4.02701E-02  4.02701E-02  4.02701E-02  4.02701E-02  4.02701E-02  4.02701E-02  4.02701E-02  4.02701E-02
   19636   5  0.00000E+00  0.00000E+00  0.00000E+00  0.00000E+00  0.00000E+00  0.00000E+00  0.00000E+00  0.00000E+00  0.00000E+00  0.00000E+00  0.00000E+00  0.00000E+00  0.00000E+00  0.00000E+00  0.00000E+00  0.00000E+00  0.00000E+00  0.00000E+00  0.00000E+00  0.00000E+00  0.00000E+00  0.00000E+00  0.00000E+00  0.00000E+00
   20343   4  1.81525E-03  1.81525E-03  1.81525E-03  1.81525E-03  1.81525E-03  1.81525E-03  1.81525E-03  1.81525E-03  1.81525E-03  1.81525E-03  1.81525E-03  1.81525E-03  1.81525E-03  1.81525E-03  1.81525E-03  1.81525E-03  1.81525E-03  1.81525E-03  1.81525E-03  1.81525E-03  1.81525E-03  1.81525E-03  1.81525E-03  1.81525E-03
   20343   3  6.27765E-03  6.27765E-03  6.27765E-03  6.27765E-03  6.27765E-03  6.27765E-03  6.27765E-03  6.27765E-03  6.27765E-03  6.27765E-03  6.27765E-03  6.27765E-03  6.27765E-03  6.27765E-03  6.27765E-03  6.27765E-03  6.27765E-03  6.27765E-03  6.27765E-03  6.27765E-03  6.27765E-03  6.27765E-03  6.27765E-03  6.27765E-03
   19282   5  0.00000E+00  0.00000E+00  0.00000E+00  0.00000E+00  0.00000E+00  0.00000E+00  0.00000E+00  0.00000E+00  0.00000E+00  0.00000E+00  0.00000E+00  0.00000E+00  0.00000E+00  0.00000E+00  0.00000E+00  0.00000E+00  0.00000E+00  0.00000E+00  0.00000E+00  0.00000E+00  0.00000E+00  0.00000E+00  0.00000E+00  0.00000E+00
   19282   4  2.47907E-02  2.47907E-02  2.47907E-02  2.47907E-02  2.47907E-02  2.47907E-02  2.47907E-02  2.47907E-02  2.47907E-02  2.47907E-02  2.47907E-02  2.47907E-02  2.47907E-02  2.47907E-02  2.47907E-02  2.47907E-02  2.47907E-02  2.47907E-02  2.47907E-02  2.47907E-02  2.47907E-02  2.47907E-02  2.47907E-02  2.47907E-02
   19282   3  0.00000E+00  0.00000E+00  0.00000E+00  0.00000E+00  0.00000E+00  0.00000E+00  0.00000E+00  0.00000E+00  0.00000E+00  0.00000E+00  0.00000E+00  0.00000E+00  0.00000E+00  0.00000E+00  0.00000E+00  0.00000E+00  0.00000E+00  0.00000E+00  0.00000E+00  0.00000E+00  0.00000E+00  0.00000E+00  0.00000E+00  0.00000E+00
   19990   3  3.42149E-03  3.42149E-03  3.42149E-03  3.42149E-03  3.42149E-03  3.42149E-03  3.42149E-03  3.42149E-03  3.42149E-03  3.42149E-03  3.42149E-03  3.42149E-03  3.42149E-03  3.42149E-03  3.42149E-03  3.42149E-03  3.42149E-03  3.42149E-03  3.42149E-03  3.42149E-03  3.42149E-03  3.42149E-03  3.42149E-03  3.42149E-03
   19990   4  1.89383E-02  1.89383E-02  1.89383E-02  1.89383E-02  1.89383E-02  1.89383E-02  1.89383E-02  1.89383E-02  1.89383E-02  1.89383E-02  1.89383E-02  1.89383E-02  1.89383E-02  1.89383E-02  1.89383E-02  1.89383E-02  1.89383E-02  1.89383E-02  1.89383E-02  1.89383E-02  1.89383E-02  1.89383E-02  1.89383E-02  1.89383E-02
   18929   3  3.01833E-02  3.01833E-02  3.01833E-02  3.01833E-02  3.01833E-02  3.01833E-02  3.01833E-02  3.01833E-02  3.01833E-02  3.01833E-02  3.01833E-02  3.01833E-02  3.01833E-02  4.03215E-02  4.03215E-02  4.03215E-02  4.03215E-02  4.03215E-02  4.03215E-02  4.03215E-02  4.03215E-02  3.01833E-02  3.01833E-02  3.01833E-02
   18929   4  2.20642E-02  2.20642E-02  2.20642E-02  2.20642E-02  2.20642E-02  2.20642E-02  2.20642E-02  2.20642E-02  2.20642E-02  2.20642E-02  2.20642E-02  2.20642E-02  2.20642E-02  3.60462E-02  3.60462E-02  3.60462E-02  3.60462E-02  3.60462E-02  3.60462E-02  3.60462E-02  3.60462E-02  2.20642E-02  2.20642E-02  2.20642E-02
   19281   4  3.63141E-03  3.63141E-03  3.63141E-03  3.63141E-03  3.63141E-03  3.63141E-03  3.63141E-03  3.63141E-03  3.63141E-03  3.63141E-03  3.63141E-03  3.63141E-03  3.63141E-03  3.63141E-03  3.63141E-03  3.63141E-03  3.63141E-03  3.63141E-03  3.63141E-03  3.63141E-03  3.63141E-03  3.63141E-03  3.63141E-03  3.63141E-03
   19637   3  4.71977E-02  4.71977E-02  4.71977E-02  4.71977E-02  4.71977E-02  4.71977E-02  4.71977E-02  4.71977E-02  4.71977E-02  4.71977E-02  4.71977E-02  4.71977E-02  4.71977E-02  4.71977E-02  4.71977E-02  4.71977E-02  4.71977E-02  4.71977E-02  4.71977E-02  4.71977E-02  4.71977E-02  4.71977E-02  4.71977E-02  4.71977E-02
   17533   4  1.72705E-01  1.72705E-01  1.72705E-01  1.72705E-01  1.72705E-01  1.72705E-01  1.72705E-01  1.72705E-01  1.72705E-01  1.72705E-01  1.72705E-01  1.72705E-01  1.72705E-01  1.72705E-01  1.72705E-01  1.72705E-01  1.72705E-01  1.72705E-01  1.72705E-01  1.72705E-01  1.72705E-01  1.72705E-01  1.72705E-01  1.72705E-01
   17533   3  0.00000E+00  0.00000E+00  0.00000E+00  0.00000E+00  0.00000E+00  0.00000E+00  0.00000E+00  0.00000E+00  0.00000E+00  0.00000E+00  0.00000E+00  0.00000E+00  0.00000E+00  1.91320E-02  1.91320E-02  1.91320E-02  1.91320E-02  1.91320E-02  1.91320E-02  1.91320E-02  1.91320E-02  0.00000E+00  0.00000E+00  0.00000E+00
   19657   3  0.00000E+00  0.00000E+00  0.00000E+00  0.00000E+00  0.00000E+00  0.00000E+00  0.00000E+00  0.00000E+00  0.00000E+00  0.00000E+00  0.00000E+00  0.00000E+00  0.00000E+00  0.00000E+00  0.00000E+00  0.00000E+00  0.00000E+00  0.00000E+00  0.00000E+00  0.00000E+00  0.00000E+00  0.00000E+00  0.00000E+00  0.00000E+00
   19657   2  0.00000E+00  0.00000E+00  0.00000E+00  0.00000E+00  0.00000E+00  0.00000E+00  0.00000E+00  0.00000E+00  0.00000E+00  0.00000E+00  0.00000E+00  0.00000E+00  0.00000E+00  0.00000E+00  0.00000E+00  0.00000E+00  0.00000E+00  0.00000E+00  0.00000E+00  0.00000E+00  0.00000E+00  0.00000E+00  0.00000E+00  0.00000E+00
   17887   3  0.00000E+00  0.00000E+00  0.00000E+00  0.00000E+00  0.00000E+00  0.00000E+00  0.00000E+00  0.00000E+00  0.00000E+00  0.00000E+00  0.00000E+00  0.00000E+00  0.00000E+00  0.00000E+00  0.00000E+00  0.00000E+00  0.00000E+00  0.00000E+00  0.00000E+00  0.00000E+00  0.00000E+00  0.00000E+00  0.00000E+00  0.00000E+00
   20356   4  4.04988E-03  4.04988E-03  4.04988E-03  4.04988E-03  4.04988E-03  4.04988E-03  4.04988E-03  4.04988E-03  4.04988E-03  4.04988E-03  4.04988E-03  4.04988E-03  4.04988E-03  4.04988E-03  4.04988E-03  4.04988E-03  4.04988E-03  4.04988E-03  4.04988E-03  4.04988E-03  4.04988E-03  4.04988E-03  4.04988E-03  4.04988E-03
   20356   3  0.00000E+00  0.00000E+00  0.00000E+00  0.00000E+00  0.00000E+00  0.00000E+00  0.00000E+00  0.00000E+00  0.00000E+00  0.00000E+00  0.00000E+00  0.00000E+00  0.00000E+00  0.00000E+00  0.00000E+00  0.00000E+00  0.00000E+00  0.00000E+00  0.00000E+00  0.00000E+00  0.00000E+00  0.00000E+00  0.00000E+00  0.00000E+00
   20356   2  0.00000E+00  0.00000E+00  0.00000E+00  0.00000E+00  0.00000E+00  0.00000E+00  0.00000E+00  0.00000E+00  0.00000E+00  0.00000E+00  0.00000E+00  0.00000E+00  0.00000E+00  0.00000E+00  0.00000E+00  0.00000E+00  0.00000E+00  0.00000E+00  0.00000E+00  0.00000E+00  0.00000E+00  0.00000E+00  0.00000E+00  0.00000E+00
   15091   3  8.21013E+01  8.21013E+01  8.21013E+01  8.21013E+01  8.21013E+01  8.20931E+01  8.20931E+01  8.20931E+01  8.20931E+01  8.20931E+01  8.20931E+01  8.20931E+01  8.20931E+01  8.21365E+01  8.21365E+01  8.21365E+01  8.21365E+01  8.21365E+01  8.21365E+01  8.21365E+01  8.21365E+01  8.21013E+01  8.21013E+01  8.21013E+01
   15091   4  9.05789E+01  9.05789E+01  9.05789E+01  9.05789E+01  9.05789E+01  9.05789E+01  9.05789E+01  9.05789E+01  9.05789E+01  9.05789E+01  9.05789E+01  9.05789E+01  9.05789E+01  9.05789E+01  9.05789E+01  9.05789E+01  9.05789E+01  9.05789E+01  9.05789E+01  9.05789E+01  9.05789E+01  9.05789E+01  9.05789E+01  9.05789E+01
   15091   2  2.92512E+01  2.92512E+01  2.92512E+01  2.92512E+01  2.92512E+01  2.92512E+01  2.92512E+01  2.92512E+01  2.92512E+01  2.92512E+01  2.92512E+01  2.92512E+01  2.92512E+01  2.92512E+01  2.92512E+01  2.92512E+01  2.92512E+01  2.92512E+01  2.92512E+01  2.92512E+01  2.92512E+01  2.92512E+01  2.92512E+01  2.92512E+01
   15092   4  6.97359E-02  6.97359E-02  6.97359E-02  6.97359E-02  6.97359E-02  6.97359E-02  6.97359E-02  6.97359E-02  6.97359E-02  6.97359E-02  6.97359E-02  6.97359E-02  6.97359E-02  6.97359E-02  6.97359E-02  6.97359E-02  6.97359E-02  6.97359E-02  6.97359E-02  6.97359E-02  6.97359E-02  6.97359E-02  6.97359E-02  6.97359E-02
   15091   7  1.77165E+02  1.77165E+02  1.77165E+02  1.77165E+02  1.77165E+02  1.77165E+02  1.77165E+02  1.77165E+02  1.77165E+02  1.77165E+02  1.77165E+02  1.77165E+02  1.77165E+02  1.77165E+02  1.77165E+02  1.77165E+02  1.77165E+02  1.77165E+02  1.77165E+02  1.77165E+02  1.77165E+02  1.77165E+02  1.77165E+02  1.77165E+02
   15092   1  1.93031E+01  1.93031E+01  1.93031E+01  1.93031E+01  1.93031E+01  1.93031E+01  1.93031E+01  1.93031E+01  1.93031E+01  1.93031E+01  1.93031E+01  1.93031E+01  1.93031E+01  1.93031E+01  1.93031E+01  1.93031E+01  1.93031E+01  1.93031E+01  1.93031E+01  1.93031E+01  1.93031E+01  1.93031E+01  1.93031E+01  1.93031E+01
   15092   3  0.00000E+00  0.00000E+00  0.00000E+00  0.00000E+00  0.00000E+00  0.00000E+00  0.00000E+00  0.00000E+00  0.00000E+00  0.00000E+00  0.00000E+00  0.00000E+00  0.00000E+00  0.00000E+00  0.00000E+00  0.00000E+00  0.00000E+00  0.00000E+00  0.00000E+00  0.00000E+00  0.00000E+00  0.00000E+00  0.00000E+00  0.00000E+00
   15092   2  0.00000E+00  0.00000E+00  0.00000E+00  0.00000E+00  0.00000E+00  0.00000E+00  0.00000E+00  0.00000E+00  0.00000E+00  0.00000E+00  0.00000E+00  0.00000E+00  0.00000E+00  0.00000E+00  0.00000E+00  0.00000E+00  0.00000E+00  0.00000E+00  0.00000E+00  0.00000E+00  0.00000E+00  0.00000E+00  0.00000E+00  0.00000E+00
   14738   4  0.00000E+00  0.00000E+00  0.00000E+00  0.00000E+00  0.00000E+00  0.00000E+00  0.00000E+00  0.00000E+00  0.00000E+00  0.00000E+00  0.00000E+00  0.00000E+00  0.00000E+00  0.00000E+00  0.00000E+00  0.00000E+00  0.00000E+00  0.00000E+00  0.00000E+00  0.00000E+00  0.00000E+00  0.00000E+00  0.00000E+00  0.00000E+00
   17885   3  0.00000E+00  0.00000E+00  0.00000E+00  0.00000E+00  0.00000E+00  0.00000E+00  0.00000E+00  0.00000E+00  0.00000E+00  0.00000E+00  0.00000E+00  0.00000E+00  0.00000E+00  5.45030E-01  5.45030E-01  5.45030E-01  5.45030E-01  5.45030E-01  5.45030E-01  5.45030E-01  5.45030E-01  0.00000E+00  0.00000E+00  0.00000E+00
   17885   4  1.32473E-03  1.32473E-03  1.32473E-03  1.32473E-03  1.32473E-03  1.32473E-03  1.32473E-03  1.32473E-03  1.32473E-03  1.32473E-03  1.32473E-03  1.32473E-03  1.32473E-03  1.32473E-03  1.32473E-03  1.32473E-03  1.32473E-03  1.32473E-03  1.32473E-03  1.32473E-03  1.32473E-03  1.32473E-03  1.32473E-03  1.32473E-03
   18238   4  0.00000E+00  0.00000E+00  0.00000E+00  0.00000E+00  0.00000E+00  0.00000E+00  0.00000E+00  0.00000E+00  0.00000E+00  0.00000E+00  0.00000E+00  0.00000E+00  0.00000E+00  0.00000E+00  0.00000E+00  0.00000E+00  0.00000E+00  0.00000E+00  0.00000E+00  0.00000E+00  0.00000E+00  0.00000E+00  0.00000E+00  0.00000E+00
   15426   3  0.00000E+00  0.00000E+00  0.00000E+00  0.00000E+00  0.00000E+00  0.00000E+00  0.00000E+00  0.00000E+00  0.00000E+00  0.00000E+00  0.00000E+00  0.00000E+00  0.00000E+00  0.00000E+00  0.00000E+00  0.00000E+00  0.00000E+00  0.00000E+00  0.00000E+00  0.00000E+00  0.00000E+00  0.00000E+00  0.00000E+00  0.00000E+00
   14383   3  2.01072E+01  2.01072E+01  2.01072E+01  2.01072E+01  2.01072E+01  2.01072E+01  2.01072E+01  2.01072E+01  2.01072E+01  2.01072E+01  2.01072E+01  2.01072E+01  2.01072E+01  2.01072E+01  2.01072E+01  2.01072E+01  2.01072E+01  2.01072E+01  2.01072E+01  2.01072E+01  2.01072E+01  2.01072E+01  2.01072E+01  2.01072E+01
   14736   4  4.89274E-01  4.89274E-01  4.89274E-01  4.89274E-01  4.89274E-01  4.89274E-01  4.89274E-01  4.89274E-01  4.89274E-01  4.89274E-01  4.89274E-01  4.89274E-01  4.89274E-01  4.94165E-01  4.94165E-01  4.94165E-01  4.94165E-01  4.94165E-01  4.94165E-01  4.94165E-01  4.94165E-01  4.89274E-01  4.89274E-01  4.89274E-01
   14383   4  2.51495E+01  2.51495E+01  2.51495E+01  2.51495E+01  2.51495E+01  2.51495E+01  2.51495E+01  2.51495E+01  2.51495E+01  2.51495E+01  2.51495E+01  2.51495E+01  2.51495E+01  2.51495E+01  2.51495E+01  2.51495E+01  2.51495E+01  2.51495E+01  2.51495E+01  2.51495E+01  2.51495E+01  2.51495E+01  2.51495E+01  2.51495E+01
   14383   2  3.61924E+02  3.61924E+02  3.61924E+02  3.61924E+02  3.61924E+02  3.61924E+02  3.61924E+02  3.61924E+02  3.61924E+02  3.61924E+02  3.61924E+02  3.61924E+02  3.61924E+02  3.61924E+02  3.61924E+02  3.61924E+02  3.61924E+02  3.61924E+02  3.61924E+02  3.61924E+02  3.61924E+02  3.61924E+02  3.61924E+02  3.61924E+02
   14383   1  0.00000E+00  0.00000E+00  0.00000E+00  0.00000E+00  0.00000E+00  0.00000E+00  0.00000E+00  0.00000E+00  0.00000E+00  0.00000E+00  0.00000E+00  0.00000E+00  0.00000E+00  0.00000E+00  0.00000E+00  0.00000E+00  0.00000E+00  0.00000E+00  0.00000E+00  0.00000E+00  0.00000E+00  0.00000E+00  0.00000E+00  0.00000E+00
   17892   3  2.54338E-02  2.54338E-02  2.54338E-02  2.54338E-02  2.54338E-02  2.54338E-02  2.54338E-02  2.54338E-02  2.54338E-02  2.54338E-02  2.54338E-02  2.54338E-02  2.54338E-02  2.54338E-02  2.54338E-02  2.54338E-02  2.54338E-02  2.54338E-02  2.54338E-02  2.54338E-02  2.54338E-02  2.54338E-02  2.54338E-02  2.54338E-02
   17180   3  0.00000E+00  0.00000E+00  0.00000E+00  0.00000E+00  0.00000E+00  0.00000E+00  0.00000E+00  0.00000E+00  0.00000E+00  0.00000E+00  0.00000E+00  0.00000E+00  0.00000E+00  0.00000E+00  0.00000E+00  0.00000E+00  0.00000E+00  0.00000E+00  0.00000E+00  0.00000E+00  0.00000E+00  0.00000E+00  0.00000E+00  0.00000E+00
   17180   2  0.00000E+00  0.00000E+00  0.00000E+00  0.00000E+00  0.00000E+00  0.00000E+00  0.00000E+00  0.00000E+00  0.00000E+00  0.00000E+00  0.00000E+00  0.00000E+00  0.00000E+00  0.00000E+00  0.00000E+00  0.00000E+00  0.00000E+00  0.00000E+00  0.00000E+00  0.00000E+00  0.00000E+00  0.00000E+00  0.00000E+00  0.00000E+00
   17182   3  0.00000E+00  0.00000E+00  0.00000E+00  0.00000E+00  0.00000E+00  0.00000E+00  0.00000E+00  0.00000E+00  0.00000E+00  0.00000E+00  0.00000E+00  0.00000E+00  0.00000E+00  0.00000E+00  0.00000E+00  0.00000E+00  0.00000E+00  0.00000E+00  0.00000E+00  0.00000E+00  0.00000E+00  0.00000E+00  0.00000E+00  0.00000E+00
   14735   3  9.69789E-03  9.69789E-03  9.69789E-03  9.69789E-03  9.69789E-03  0.00000E+00  0.00000E+00  0.00000E+00  0.00000E+00  0.00000E+00  0.00000E+00  0.00000E+00  0.00000E+00  9.69789E-03  9.69789E-03  9.69789E-03  9.69789E-03  9.69789E-03  9.69789E-03  9.69789E-03  9.69789E-03  9.69789E-03  9.69789E-03  9.69789E-03
   17884   4  5.87321E-02  5.87321E-02  5.87321E-02  5.87321E-02  5.87321E-02  5.87321E-02  5.87321E-02  5.87321E-02  5.87321E-02  5.87321E-02  5.87321E-02  5.87321E-02  5.87321E-02  5.87321E-02  5.87321E-02  5.87321E-02  5.87321E-02  5.87321E-02  5.87321E-02  5.87321E-02  5.87321E-02  5.87321E-02  5.87321E-02  5.87321E-02
   18944   3  0.00000E+00  0.00000E+00  0.00000E+00  0.00000E+00  0.00000E+00  0.00000E+00  0.00000E+00  0.00000E+00  0.00000E+00  0.00000E+00  0.00000E+00  0.00000E+00  0.00000E+00  0.00000E+00  0.00000E+00  0.00000E+00  0.00000E+00  0.00000E+00  0.00000E+00  0.00000E+00  0.00000E+00  0.00000E+00  0.00000E+00  0.00000E+00
   15082   3  0.00000E+00  0.00000E+00  0.00000E+00  0.00000E+00  0.00000E+00  0.00000E+00  0.00000E+00  0.00000E+00  0.00000E+00  0.00000E+00  0.00000E+00  0.00000E+00  0.00000E+00  0.00000E+00  0.00000E+00  0.00000E+00  0.00000E+00  0.00000E+00  0.00000E+00  0.00000E+00  0.00000E+00  0.00000E+00  0.00000E+00  0.00000E+00
   15082   2  0.00000E+00  0.00000E+00  0.00000E+00  0.00000E+00  0.00000E+00  0.00000E+00  0.00000E+00  0.00000E+00  0.00000E+00  0.00000E+00  0.00000E+00  0.00000E+00  0.00000E+00  0.00000E+00  0.00000E+00  0.00000E+00  0.00000E+00  0.00000E+00  0.00000E+00  0.00000E+00  0.00000E+00  0.00000E+00  0.00000E+00  0.00000E+00
   14385   3  8.27395E-03  8.27395E-03  8.27395E-03  8.27395E-03  8.27395E-03  0.00000E+00  0.00000E+00  0.00000E+00  0.00000E+00  0.00000E+00  0.00000E+00  0.00000E+00  0.00000E+00  8.27395E-03  8.27395E-03  8.27395E-03  8.27395E-03  8.27395E-03  8.27395E-03  8.27395E-03  8.27395E-03  8.27395E-03  8.27395E-03  8.27395E-03
   14385   4  4.54375E-02  4.54375E-02  4.54375E-02  4.54375E-02  4.54375E-02  4.54375E-02  4.54375E-02  4.54375E-02  4.54375E-02  4.54375E-02  4.54375E-02  4.54375E-02  4.54375E-02  4.54375E-02  4.54375E-02  4.54375E-02  4.54375E-02  4.54375E-02  4.54375E-02  4.54375E-02  4.54375E-02  4.54375E-02  4.54375E-02  4.54375E-02
   17531   4  2.66103E-01  2.66103E-01  2.66103E-01  2.66103E-01  2.66103E-01  2.66103E-01  2.66103E-01  2.66103E-01  2.66103E-01  2.66103E-01  2.66103E-01  2.66103E-01  2.66103E-01  2.66103E-01  2.66103E-01  2.66103E-01  2.66103E-01  2.66103E-01  2.66103E-01  2.66103E-01  2.66103E-01  2.66103E-01  2.66103E-01  2.66103E-01
   17531   3  0.00000E+00  0.00000E+00  0.00000E+00  0.00000E+00  0.00000E+00  0.00000E+00  0.00000E+00  0.00000E+00  0.00000E+00  0.00000E+00  0.00000E+00  0.00000E+00  0.00000E+00  7.55718E-01  7.55718E-01  7.55718E-01  7.55718E-01  7.55718E-01  7.55718E-01  7.55718E-01  7.55718E-01  0.00000E+00  0.00000E+00  0.00000E+00
   17531   5  0.00000E+00  0.00000E+00  0.00000E+00  0.00000E+00  0.00000E+00  0.00000E+00  0.00000E+00  0.00000E+00  0.00000E+00  0.00000E+00  0.00000E+00  0.00000E+00  0.00000E+00  0.00000E+00  0.00000E+00  0.00000E+00  0.00000E+00  0.00000E+00  0.00000E+00  0.00000E+00  0.00000E+00  0.00000E+00  0.00000E+00  0.00000E+00
   17531   2  3.76957E-01  3.76957E-01  3.76957E-01  3.76957E-01  3.76957E-01  3.76957E-01  3.76957E-01  3.76957E-01  3.76957E-01  3.76957E-01  3.76957E-01  3.76957E-01  3.76957E-01  3.76957E-01  3.76957E-01  3.76957E-01  3.76957E-01  3.76957E-01  3.76957E-01  3.76957E-01  3.76957E-01  3.76957E-01  3.76957E-01  3.76957E-01
   17531   7  7.67157E-01  7.67157E-01  7.67157E-01  7.67157E-01  7.67157E-01  7.67157E-01  7.67157E-01  7.67157E-01  7.67157E-01  7.67157E-01  7.67157E-01  7.67157E-01  7.67157E-01  7.67157E-01  7.67157E-01  7.67157E-01  7.67157E-01  7.67157E-01  7.67157E-01  7.67157E-01  7.67157E-01  7.67157E-01  7.67157E-01  7.67157E-01
   21411   4  2.47328E-03  2.47328E-03  2.47328E-03  2.47328E-03  2.47328E-03  2.47328E-03  2.47328E-03  2.47328E-03  2.47328E-03  2.47328E-03  2.47328E-03  2.47328E-03  2.47328E-03  2.47328E-03  2.47328E-03  2.47328E-03  2.47328E-03  2.47328E-03  2.47328E-03  2.47328E-03  2.47328E-03  2.47328E-03  2.47328E-03  2.47328E-03
   20709   4  0.00000E+00  0.00000E+00  0.00000E+00  0.00000E+00  0.00000E+00  0.00000E+00  0.00000E+00  0.00000E+00  0.00000E+00  0.00000E+00  0.00000E+00  0.00000E+00  0.00000E+00  0.00000E+00  0.00000E+00  0.00000E+00  0.00000E+00  0.00000E+00  0.00000E+00  0.00000E+00  0.00000E+00  0.00000E+00  0.00000E+00  0.00000E+00
   20709   7  1.73600E+00  1.73600E+00  1.73600E+00  1.73600E+00  1.73600E+00  1.73600E+00  1.73600E+00  1.73600E+00  1.73600E+00  1.73600E+00  1.73600E+00  1.73600E+00  1.73600E+00  1.73600E+00  1.73600E+00  1.73600E+00  1.73600E+00  1.73600E+00  1.73600E+00  1.73600E+00  1.73600E+00  1.73600E+00  1.73600E+00  1.73600E+00
   13676   3  0.00000E+00  0.00000E+00  0.00000E+00  0.00000E+00  0.00000E+00  0.00000E+00  0.00000E+00  0.00000E+00  0.00000E+00  0.00000E+00  0.00000E+00  0.00000E+00  0.00000E+00  1.19452E-01  1.19452E-01  1.19452E-01  1.19452E-01  1.19452E-01  1.19452E-01  1.19452E-01  1.19452E-01  0.00000E+00  0.00000E+00  0.00000E+00
   21062   3  0.00000E+00  0.00000E+00  0.00000E+00  0.00000E+00  0.00000E+00  0.00000E+00  0.00000E+00  0.00000E+00  0.00000E+00  0.00000E+00  0.00000E+00  0.00000E+00  0.00000E+00  0.00000E+00  0.00000E+00  0.00000E+00  0.00000E+00  0.00000E+00  0.00000E+00  0.00000E+00  0.00000E+00  0.00000E+00  0.00000E+00  0.00000E+00
   17196   3  0.00000E+00  0.00000E+00  0.00000E+00  0.00000E+00  0.00000E+00  0.00000E+00  0.00000E+00  0.00000E+00  0.00000E+00  0.00000E+00  0.00000E+00  0.00000E+00  0.00000E+00  0.00000E+00  0.00000E+00  0.00000E+00  0.00000E+00  0.00000E+00  0.00000E+00  0.00000E+00  0.00000E+00  0.00000E+00  0.00000E+00  0.00000E+00
   17196   2  0.00000E+00  0.00000E+00  0.00000E+00  0.00000E+00  0.00000E+00  0.00000E+00  0.00000E+00  0.00000E+00  0.00000E+00  0.00000E+00  0.00000E+00  0.00000E+00  0.00000E+00  0.00000E+00  0.00000E+00  0.00000E+00  0.00000E+00  0.00000E+00  0.00000E+00  0.00000E+00  0.00000E+00  0.00000E+00  0.00000E+00  0.00000E+00
   23179   4  2.36180E-02  2.36180E-02  2.36180E-02  2.36180E-02  2.36180E-02  2.36180E-02  2.36180E-02  2.36180E-02  2.36180E-02  2.36180E-02  2.36180E-02  2.36180E-02  2.36180E-02  2.36180E-02  2.36180E-02  2.36180E-02  2.36180E-02  2.36180E-02  2.36180E-02  2.36180E-02  2.36180E-02  2.36180E-02  2.36180E-02  2.36180E-02
   23179   3  0.00000E+00  0.00000E+00  0.00000E+00  0.00000E+00  0.00000E+00  0.00000E+00  0.00000E+00  0.00000E+00  0.00000E+00  0.00000E+00  0.00000E+00  0.00000E+00  0.00000E+00  0.00000E+00  0.00000E+00  0.00000E+00  0.00000E+00  0.00000E+00  0.00000E+00  0.00000E+00  0.00000E+00  0.00000E+00  0.00000E+00  0.00000E+00
   18247   4  0.00000E+00  0.00000E+00  0.00000E+00  0.00000E+00  0.00000E+00  0.00000E+00  0.00000E+00  0.00000E+00  0.00000E+00  0.00000E+00  0.00000E+00  0.00000E+00  0.00000E+00  0.00000E+00  0.00000E+00  0.00000E+00  0.00000E+00  0.00000E+00  0.00000E+00  0.00000E+00  0.00000E+00  0.00000E+00  0.00000E+00  0.00000E+00
   12621   2  2.73827E+01  2.73827E+01  2.73827E+01  2.73827E+01  2.73827E+01  2.73827E+01  2.73827E+01  2.73827E+01  2.73827E+01  2.73827E+01  2.73827E+01  2.73827E+01  2.73827E+01  2.73827E+01  2.73827E+01  2.73827E+01  2.73827E+01  2.73827E+01  2.73827E+01  2.73827E+01  2.73827E+01  2.73827E+01  2.73827E+01  2.73827E+01
   12621   3  3.91382E+00  3.91382E+00  3.91382E+00  3.91382E+00  3.91382E+00  3.91382E+00  3.91382E+00  3.91382E+00  3.91382E+00  3.91382E+00  3.91382E+00  3.91382E+00  3.91382E+00  3.91382E+00  3.91382E+00  3.91382E+00  3.91382E+00  3.91382E+00  3.91382E+00  3.91382E+00  3.91382E+00  3.91382E+00  3.91382E+00  3.91382E+00
   12621   7  1.57842E+00  1.57842E+00  1.57842E+00  1.57842E+00  1.57842E+00  1.57842E+00  1.57842E+00  1.57842E+00  1.57842E+00  1.57842E+00  1.57842E+00  1.57842E+00  1.57842E+00  1.57842E+00  1.57842E+00  1.57842E+00  1.57842E+00  1.57842E+00  1.57842E+00  1.57842E+00  1.57842E+00  1.57842E+00  1.57842E+00  1.57842E+00
   21063   3  1.55672E-01  1.55672E-01  1.55672E-01  1.55672E-01  1.55672E-01  1.55672E-01  1.55672E-01  1.55672E-01  1.55672E-01  1.55672E-01  1.55672E-01  1.55672E-01  1.55672E-01  1.55672E-01  1.55672E-01  1.55672E-01  1.55672E-01  1.55672E-01  1.55672E-01  1.55672E-01  1.55672E-01  1.55672E-01  1.55672E-01  1.55672E-01
   17529   4  8.81889E-03  8.81889E-03  8.81889E-03  8.81889E-03  8.81889E-03  8.81889E-03  8.81889E-03  8.81889E-03  8.81889E-03  8.81889E-03  8.81889E-03  8.81889E-03  8.81889E-03  8.81889E-03  8.81889E-03  8.81889E-03  8.81889E-03  8.81889E-03  8.81889E-03  8.81889E-03  8.81889E-03  8.81889E-03  8.81889E-03  8.81889E-03
   17530   3  0.00000E+00  0.00000E+00  0.00000E+00  0.00000E+00  0.00000E+00  0.00000E+00  0.00000E+00  0.00000E+00  0.00000E+00  0.00000E+00  0.00000E+00  0.00000E+00  0.00000E+00  0.00000E+00  0.00000E+00  0.00000E+00  0.00000E+00  0.00000E+00  0.00000E+00  0.00000E+00  0.00000E+00  0.00000E+00  0.00000E+00  0.00000E+00
   17530   4  4.80394E-01  4.80394E-01  4.80394E-01  4.80394E-01  4.80394E-01  4.80394E-01  4.80394E-01  4.80394E-01  4.80394E-01  4.80394E-01  4.80394E-01  4.80394E-01  4.80394E-01  4.80394E-01  4.80394E-01  4.80394E-01  4.80394E-01  4.80394E-01  4.80394E-01  4.80394E-01  4.80394E-01  4.80394E-01  4.80394E-01  4.80394E-01
   17530   6  3.77996E-01  3.77996E-01  3.77996E-01  3.77996E-01  3.77996E-01  3.77996E-01  3.77996E-01  3.77996E-01  3.77996E-01  3.77996E-01  3.77996E-01  3.77996E-01  3.77996E-01  3.77996E-01  3.77996E-01  3.77996E-01  3.77996E-01  3.77996E-01  3.77996E-01  3.77996E-01  3.77996E-01  3.77996E-01  3.77996E-01  3.77996E-01
   32341   4  0.00000E+00  0.00000E+00  0.00000E+00  0.00000E+00  0.00000E+00  0.00000E+00  0.00000E+00  0.00000E+00  0.00000E+00  0.00000E+00  0.00000E+00  0.00000E+00  0.00000E+00  0.00000E+00  0.00000E+00  0.00000E+00  0.00000E+00  0.00000E+00  0.00000E+00  0.00000E+00  0.00000E+00  0.00000E+00  0.00000E+00  0.00000E+00
   31636   3  0.00000E+00  0.00000E+00  0.00000E+00  0.00000E+00  0.00000E+00  0.00000E+00  0.00000E+00  0.00000E+00  0.00000E+00  0.00000E+00  0.00000E+00  0.00000E+00  0.00000E+00  0.00000E+00  0.00000E+00  0.00000E+00  0.00000E+00  0.00000E+00  0.00000E+00  0.00000E+00  0.00000E+00  0.00000E+00  0.00000E+00  0.00000E+00
   31636   2  0.00000E+00  0.00000E+00  0.00000E+00  0.00000E+00  0.00000E+00  0.00000E+00  0.00000E+00  0.00000E+00  0.00000E+00  0.00000E+00  0.00000E+00  0.00000E+00  0.00000E+00  0.00000E+00  0.00000E+00  0.00000E+00  0.00000E+00  0.00000E+00  0.00000E+00  0.00000E+00  0.00000E+00  0.00000E+00  0.00000E+00  0.00000E+00
   32694   3  0.00000E+00  0.00000E+00  0.00000E+00  0.00000E+00  0.00000E+00  0.00000E+00  0.00000E+00  0.00000E+00  0.00000E+00  0.00000E+00  0.00000E+00  0.00000E+00  0.00000E+00  0.00000E+00  0.00000E+00  0.00000E+00  0.00000E+00  0.00000E+00  0.00000E+00  0.00000E+00  0.00000E+00  0.00000E+00  0.00000E+00  0.00000E+00
   17888   3  0.00000E+00  0.00000E+00  0.00000E+00  0.00000E+00  0.00000E+00  0.00000E+00  0.00000E+00  0.00000E+00  0.00000E+00  0.00000E+00  0.00000E+00  0.00000E+00  0.00000E+00  0.00000E+00  0.00000E+00  0.00000E+00  0.00000E+00  0.00000E+00  0.00000E+00  0.00000E+00  0.00000E+00  0.00000E+00  0.00000E+00  0.00000E+00
   19303   4  2.59044E-05  2.59044E-05  2.59044E-05  2.59044E-05  2.59044E-05  2.59044E-05  2.59044E-05  2.59044E-05  2.59044E-05  2.59044E-05  2.59044E-05  2.59044E-05  2.59044E-05  2.59044E-05  2.59044E-05  2.59044E-05  2.59044E-05  2.59044E-05  2.59044E-05  2.59044E-05  2.59044E-05  2.59044E-05  2.59044E-05  2.59044E-05
   20352   4  0.00000E+00  0.00000E+00  0.00000E+00  0.00000E+00  0.00000E+00  0.00000E+00  0.00000E+00  0.00000E+00  0.00000E+00  0.00000E+00  0.00000E+00  0.00000E+00  0.00000E+00  0.00000E+00  0.00000E+00  0.00000E+00  0.00000E+00  0.00000E+00  0.00000E+00  0.00000E+00  0.00000E+00  0.00000E+00  0.00000E+00  0.00000E+00
   20352   7  6.73375E-01  6.73375E-01  6.73375E-01  6.73375E-01  6.73375E-01  6.73375E-01  6.73375E-01  6.73375E-01  6.73375E-01  6.73375E-01  6.73375E-01  6.73375E-01  6.73375E-01  6.73375E-01  6.73375E-01  6.73375E-01  6.73375E-01  6.73375E-01  6.73375E-01  6.73375E-01  6.73375E-01  6.73375E-01  6.73375E-01  6.73375E-01
   24938   4  1.38155E+00  1.38155E+00  1.38155E+00  1.38155E+00  1.38155E+00  1.38155E+00  1.38155E+00  1.38155E+00  1.38155E+00  1.38155E+00  1.38155E+00  1.38155E+00  1.38155E+00  1.38155E+00  1.38155E+00  1.38155E+00  1.38155E+00  1.38155E+00  1.38155E+00  1.38155E+00  1.38155E+00  1.38155E+00  1.38155E+00  1.38155E+00
   24938   3  7.82594E+00  7.82594E+00  7.82594E+00  7.82594E+00  7.82594E+00  7.82594E+00  7.82594E+00  7.82594E+00  7.82594E+00  7.82594E+00  7.82594E+00  7.82594E+00  7.82594E+00  7.82594E+00  7.82594E+00  7.82594E+00  7.82594E+00  7.82594E+00  7.82594E+00  7.82594E+00  7.82594E+00  7.82594E+00  7.82594E+00  7.82594E+00
   24938   2  7.34665E+00  7.34665E+00  7.34665E+00  7.34665E+00  7.34665E+00  7.34665E+00  7.34665E+00  7.34665E+00  7.34665E+00  7.34665E+00  7.34665E+00  7.34665E+00  7.34665E+00  7.34665E+00  7.34665E+00  7.34665E+00  7.34665E+00  7.34665E+00  7.34665E+00  7.34665E+00  7.34665E+00  7.34665E+00  7.34665E+00  7.34665E+00
   24938   7  2.58882E+00  2.58882E+00  2.58882E+00  2.58882E+00  2.58882E+00  2.58882E+00  2.58882E+00  2.58882E+00  2.58882E+00  2.58882E+00  2.58882E+00  2.58882E+00  2.58882E+00  2.58882E+00  2.58882E+00  2.58882E+00  2.58882E+00  2.58882E+00  2.58882E+00  2.58882E+00  2.58882E+00  2.58882E+00  2.58882E+00  2.58882E+00
   31639   3  0.00000E+00  0.00000E+00  0.00000E+00  0.00000E+00  0.00000E+00  0.00000E+00  0.00000E+00  0.00000E+00  0.00000E+00  0.00000E+00  0.00000E+00  0.00000E+00  0.00000E+00  0.00000E+00  0.00000E+00  0.00000E+00  0.00000E+00  0.00000E+00  0.00000E+00  0.00000E+00  0.00000E+00  0.00000E+00  0.00000E+00  0.00000E+00
   13317   4  9.29340E-03  9.29340E-03  9.29340E-03  9.29340E-03  9.29340E-03  9.29340E-03  9.29340E-03  9.29340E-03  9.29340E-03  9.29340E-03  9.29340E-03  9.29340E-03  9.29340E-03  9.29340E-03  9.29340E-03  9.29340E-03  9.29340E-03  9.29340E-03  9.29340E-03  9.29340E-03  9.29340E-03  9.29340E-03  9.29340E-03  9.29340E-03
   12967   4  1.32473E-03  1.32473E-03  1.32473E-03  1.32473E-03  1.32473E-03  1.32473E-03  1.32473E-03  1.32473E-03  1.32473E-03  1.32473E-03  1.32473E-03  1.32473E-03  1.32473E-03  1.32473E-03  1.32473E-03  1.32473E-03  1.32473E-03  1.32473E-03  1.32473E-03  1.32473E-03  1.32473E-03  1.32473E-03  1.32473E-03  1.32473E-03
   12967   3  0.00000E+00  0.00000E+00  0.00000E+00  0.00000E+00  0.00000E+00  0.00000E+00  0.00000E+00  0.00000E+00  0.00000E+00  0.00000E+00  0.00000E+00  0.00000E+00  0.00000E+00  5.22320E-03  5.22320E-03  5.22320E-03  5.22320E-03  5.22320E-03  5.22320E-03  5.22320E-03  5.22320E-03  0.00000E+00  0.00000E+00  0.00000E+00
   26700   3  0.00000E+00  0.00000E+00  0.00000E+00  0.00000E+00  0.00000E+00  0.00000E+00  0.00000E+00  0.00000E+00  0.00000E+00  0.00000E+00  0.00000E+00  0.00000E+00  0.00000E+00  0.00000E+00  0.00000E+00  0.00000E+00  0.00000E+00  0.00000E+00  0.00000E+00  0.00000E+00  0.00000E+00  0.00000E+00  0.00000E+00  0.00000E+00
   16475   3  0.00000E+00  0.00000E+00  0.00000E+00  0.00000E+00  0.00000E+00  0.00000E+00  0.00000E+00  0.00000E+00  0.00000E+00  0.00000E+00  0.00000E+00  0.00000E+00  0.00000E+00  0.00000E+00  0.00000E+00  0.00000E+00  0.00000E+00  0.00000E+00  0.00000E+00  0.00000E+00  0.00000E+00  0.00000E+00  0.00000E+00  0.00000E+00
   16475   2  0.00000E+00  0.00000E+00  0.00000E+00  0.00000E+00  0.00000E+00  0.00000E+00  0.00000E+00  0.00000E+00  0.00000E+00  0.00000E+00  0.00000E+00  0.00000E+00  0.00000E+00  0.00000E+00  0.00000E+00  0.00000E+00  0.00000E+00  0.00000E+00  0.00000E+00  0.00000E+00  0.00000E+00  0.00000E+00  0.00000E+00  0.00000E+00
   16481   3  0.00000E+00  0.00000E+00  0.00000E+00  0.00000E+00  0.00000E+00  0.00000E+00  0.00000E+00  0.00000E+00  0.00000E+00  0.00000E+00  0.00000E+00  0.00000E+00  0.00000E+00  0.00000E+00  0.00000E+00  0.00000E+00  0.00000E+00  0.00000E+00  0.00000E+00  0.00000E+00  0.00000E+00  0.00000E+00  0.00000E+00  0.00000E+00
   16481   7  1.64110E+00  1.64110E+00  1.64110E+00  1.64110E+00  1.64110E+00  1.64110E+00  1.64110E+00  1.64110E+00  1.64110E+00  1.64110E+00  1.64110E+00  1.64110E+00  1.64110E+00  1.64110E+00  1.64110E+00  1.64110E+00  1.64110E+00  1.64110E+00  1.64110E+00  1.64110E+00  1.64110E+00  1.64110E+00  1.64110E+00  1.64110E+00
   25290   6  0.00000E+00  0.00000E+00  0.00000E+00  0.00000E+00  0.00000E+00  0.00000E+00  0.00000E+00  0.00000E+00  0.00000E+00  0.00000E+00  0.00000E+00  0.00000E+00  0.00000E+00  0.00000E+00  0.00000E+00  0.00000E+00  0.00000E+00  0.00000E+00  0.00000E+00  0.00000E+00  0.00000E+00  0.00000E+00  0.00000E+00  0.00000E+00
   25290   3  0.00000E+00  0.00000E+00  0.00000E+00  0.00000E+00  0.00000E+00  0.00000E+00  0.00000E+00  0.00000E+00  0.00000E+00  0.00000E+00  0.00000E+00  0.00000E+00  0.00000E+00  0.00000E+00  0.00000E+00  0.00000E+00  0.00000E+00  0.00000E+00  0.00000E+00  0.00000E+00  0.00000E+00  0.00000E+00  0.00000E+00  0.00000E+00
   26704   4  4.54192E-04  4.54192E-04  4.54192E-04  4.54192E-04  4.54192E-04  4.54192E-04  4.54192E-04  4.54192E-04  4.54192E-04  4.54192E-04  4.54192E-04  4.54192E-04  4.54192E-04  4.54192E-04  4.54192E-04  4.54192E-04  4.54192E-04  4.54192E-04  4.54192E-04  4.54192E-04  4.54192E-04  4.54192E-04  4.54192E-04  4.54192E-04
   26704   2  0.00000E+00  0.00000E+00  0.00000E+00  0.00000E+00  0.00000E+00  0.00000E+00  0.00000E+00  0.00000E+00  0.00000E+00  0.00000E+00  0.00000E+00  0.00000E+00  0.00000E+00  0.00000E+00  0.00000E+00  0.00000E+00  0.00000E+00  0.00000E+00  0.00000E+00  0.00000E+00  0.00000E+00  0.00000E+00  0.00000E+00  0.00000E+00
   20009   2  0.00000E+00  0.00000E+00  0.00000E+00  0.00000E+00  0.00000E+00  0.00000E+00  0.00000E+00  0.00000E+00  0.00000E+00  0.00000E+00  0.00000E+00  0.00000E+00  0.00000E+00  0.00000E+00  0.00000E+00  0.00000E+00  0.00000E+00  0.00000E+00  0.00000E+00  0.00000E+00  0.00000E+00  0.00000E+00  0.00000E+00  0.00000E+00
   20362   3  0.00000E+00  0.00000E+00  0.00000E+00  0.00000E+00  0.00000E+00  0.00000E+00  0.00000E+00  0.00000E+00  0.00000E+00  0.00000E+00  0.00000E+00  0.00000E+00  0.00000E+00  0.00000E+00  0.00000E+00  0.00000E+00  0.00000E+00  0.00000E+00  0.00000E+00  0.00000E+00  0.00000E+00  0.00000E+00  0.00000E+00  0.00000E+00
   20362   2  0.00000E+00  0.00000E+00  0.00000E+00  0.00000E+00  0.00000E+00  0.00000E+00  0.00000E+00  0.00000E+00  0.00000E+00  0.00000E+00  0.00000E+00  0.00000E+00  0.00000E+00  0.00000E+00  0.00000E+00  0.00000E+00  0.00000E+00  0.00000E+00  0.00000E+00  0.00000E+00  0.00000E+00  0.00000E+00  0.00000E+00  0.00000E+00
   19305   3  6.21259E-03  6.21259E-03  6.21259E-03  6.21259E-03  6.21259E-03  6.21259E-03  6.21259E-03  6.21259E-03  6.21259E-03  6.21259E-03  6.21259E-03  6.21259E-03  6.21259E-03  6.21259E-03  6.21259E-03  6.21259E-03  6.21259E-03  6.21259E-03  6.21259E-03  6.21259E-03  6.21259E-03  6.21259E-03  6.21259E-03  6.21259E-03
   19305   4  4.28851E-01  4.28851E-01  4.28851E-01  4.28851E-01  4.28851E-01  4.28851E-01  4.28851E-01  4.28851E-01  4.28851E-01  4.28851E-01  4.28851E-01  4.28851E-01  4.28851E-01  4.28851E-01  4.28851E-01  4.28851E-01  4.28851E-01  4.28851E-01  4.28851E-01  4.28851E-01  4.28851E-01  4.28851E-01  4.28851E-01  4.28851E-01
   19305   5  0.00000E+00  0.00000E+00  0.00000E+00  0.00000E+00  0.00000E+00  0.00000E+00  0.00000E+00  0.00000E+00  0.00000E+00  0.00000E+00  0.00000E+00  0.00000E+00  0.00000E+00  0.00000E+00  0.00000E+00  0.00000E+00  0.00000E+00  0.00000E+00  0.00000E+00  0.00000E+00  0.00000E+00  0.00000E+00  0.00000E+00  0.00000E+00
   19306   3  0.00000E+00  0.00000E+00  0.00000E+00  0.00000E+00  0.00000E+00  0.00000E+00  0.00000E+00  0.00000E+00  0.00000E+00  0.00000E+00  0.00000E+00  0.00000E+00  0.00000E+00  0.00000E+00  0.00000E+00  0.00000E+00  0.00000E+00  0.00000E+00  0.00000E+00  0.00000E+00  0.00000E+00  0.00000E+00  0.00000E+00  0.00000E+00
   19306   7  2.78700E+00  2.78700E+00  2.78700E+00  2.78700E+00  2.78700E+00  2.78700E+00  2.78700E+00  2.78700E+00  2.78700E+00  2.78700E+00  2.78700E+00  2.78700E+00  2.78700E+00  2.78700E+00  2.78700E+00  2.78700E+00  2.78700E+00  2.78700E+00  2.78700E+00  2.78700E+00  2.78700E+00  2.78700E+00  2.78700E+00  2.78700E+00
   29869   3  0.00000E+00  0.00000E+00  0.00000E+00  0.00000E+00  0.00000E+00  0.00000E+00  0.00000E+00  0.00000E+00  0.00000E+00  0.00000E+00  0.00000E+00  0.00000E+00  0.00000E+00  0.00000E+00  0.00000E+00  0.00000E+00  0.00000E+00  0.00000E+00  0.00000E+00  0.00000E+00  0.00000E+00  0.00000E+00  0.00000E+00  0.00000E+00
   15423   5  0.00000E+00  0.00000E+00  0.00000E+00  0.00000E+00  0.00000E+00  0.00000E+00  0.00000E+00  0.00000E+00  0.00000E+00  0.00000E+00  0.00000E+00  0.00000E+00  0.00000E+00  0.00000E+00  0.00000E+00  0.00000E+00  0.00000E+00  0.00000E+00  0.00000E+00  0.00000E+00  0.00000E+00  0.00000E+00  0.00000E+00  0.00000E+00
   15071   2  0.00000E+00  0.00000E+00  0.00000E+00  0.00000E+00  0.00000E+00  0.00000E+00  0.00000E+00  0.00000E+00  0.00000E+00  0.00000E+00  0.00000E+00  0.00000E+00  0.00000E+00  0.00000E+00  0.00000E+00  0.00000E+00  0.00000E+00  0.00000E+00  0.00000E+00  0.00000E+00  0.00000E+00  0.00000E+00  0.00000E+00  0.00000E+00
   15423   3  0.00000E+00  0.00000E+00  0.00000E+00  0.00000E+00  0.00000E+00  0.00000E+00  0.00000E+00  0.00000E+00  0.00000E+00  0.00000E+00  0.00000E+00  0.00000E+00  0.00000E+00  0.00000E+00  0.00000E+00  0.00000E+00  0.00000E+00  0.00000E+00  0.00000E+00  0.00000E+00  0.00000E+00  0.00000E+00  0.00000E+00  0.00000E+00
   15423   2  0.00000E+00  0.00000E+00  0.00000E+00  0.00000E+00  0.00000E+00  0.00000E+00  0.00000E+00  0.00000E+00  0.00000E+00  0.00000E+00  0.00000E+00  0.00000E+00  0.00000E+00  0.00000E+00  0.00000E+00  0.00000E+00  0.00000E+00  0.00000E+00  0.00000E+00  0.00000E+00  0.00000E+00  0.00000E+00  0.00000E+00  0.00000E+00
   29174   3  0.00000E+00  0.00000E+00  0.00000E+00  0.00000E+00  0.00000E+00  0.00000E+00  0.00000E+00  0.00000E+00  0.00000E+00  0.00000E+00  0.00000E+00  0.00000E+00  0.00000E+00  0.00000E+00  0.00000E+00  0.00000E+00  0.00000E+00  0.00000E+00  0.00000E+00  0.00000E+00  0.00000E+00  0.00000E+00  0.00000E+00  0.00000E+00
   29174   2  0.00000E+00  0.00000E+00  0.00000E+00  0.00000E+00  0.00000E+00  0.00000E+00  0.00000E+00  0.00000E+00  0.00000E+00  0.00000E+00  0.00000E+00  0.00000E+00  0.00000E+00  0.00000E+00  0.00000E+00  0.00000E+00  0.00000E+00  0.00000E+00  0.00000E+00  0.00000E+00  0.00000E+00  0.00000E+00  0.00000E+00  0.00000E+00
   28558   3  5.07674E-02  5.07674E-02  5.07674E-02  5.07674E-02  5.07674E-02  2.91402E-02  2.91402E-02  2.91402E-02  2.91402E-02  2.91402E-02  2.91402E-02  2.91402E-02  2.91402E-02  5.07674E-02  5.07674E-02  5.07674E-02  5.07674E-02  5.07674E-02  5.07674E-02  5.07674E-02  5.07674E-02  5.07674E-02  5.07674E-02  5.07674E-02
   28558   4  2.12258E-01  2.12258E-01  2.12258E-01  2.12258E-01  2.12258E-01  2.12258E-01  2.12258E-01  2.12258E-01  2.12258E-01  2.12258E-01  2.12258E-01  2.12258E-01  2.12258E-01  2.12258E-01  2.12258E-01  2.12258E-01  2.12258E-01  2.12258E-01  2.12258E-01  2.12258E-01  2.12258E-01  2.12258E-01  2.12258E-01  2.12258E-01
   28558   2  1.26051E-01  1.26051E-01  1.26051E-01  1.26051E-01  1.26051E-01  1.26051E-01  1.26051E-01  1.26051E-01  1.26051E-01  1.26051E-01  1.26051E-01  1.26051E-01  1.26051E-01  1.26051E-01  1.26051E-01  1.26051E-01  1.26051E-01  1.26051E-01  1.26051E-01  1.26051E-01  1.26051E-01  1.26051E-01  1.26051E-01  1.26051E-01
   28911   3  0.00000E+00  0.00000E+00  0.00000E+00  0.00000E+00  0.00000E+00  0.00000E+00  0.00000E+00  0.00000E+00  0.00000E+00  0.00000E+00  0.00000E+00  0.00000E+00  0.00000E+00  0.00000E+00  0.00000E+00  0.00000E+00  0.00000E+00  0.00000E+00  0.00000E+00  0.00000E+00  0.00000E+00  0.00000E+00  0.00000E+00  0.00000E+00
   29621   4  1.22195E-02  1.22195E-02  1.22195E-02  1.22195E-02  1.22195E-02  1.22195E-02  1.22195E-02  1.22195E-02  1.22195E-02  1.22195E-02  1.22195E-02  1.22195E-02  1.22195E-02  1.22195E-02  1.22195E-02  1.22195E-02  1.22195E-02  1.22195E-02  1.22195E-02  1.22195E-02  1.22195E-02  1.22195E-02  1.22195E-02  1.22195E-02
   29616   7  1.49729E+01  1.49729E+01  1.49729E+01  1.49729E+01  1.49729E+01  1.49729E+01  1.49729E+01  1.49729E+01  1.49729E+01  1.49729E+01  1.49729E+01  1.49729E+01  1.49729E+01  1.49729E+01  1.49729E+01  1.49729E+01  1.49729E+01  1.49729E+01  1.49729E+01  1.49729E+01  1.49729E+01  1.49729E+01  1.49729E+01  1.49729E+01
   28204   3  9.34841E-03  9.34841E-03  9.34841E-03  9.34841E-03  9.34841E-03  0.00000E+00  0.00000E+00  0.00000E+00  0.00000E+00  0.00000E+00  0.00000E+00  0.00000E+00  0.00000E+00  9.34841E-03  9.34841E-03  9.34841E-03  9.34841E-03  9.34841E-03  9.34841E-03  9.34841E-03  9.34841E-03  9.34841E-03  9.34841E-03  9.34841E-03
   28204   4  0.00000E+00  0.00000E+00  0.00000E+00  0.00000E+00  0.00000E+00  0.00000E+00  0.00000E+00  0.00000E+00  0.00000E+00  0.00000E+00  0.00000E+00  0.00000E+00  0.00000E+00  0.00000E+00  0.00000E+00  0.00000E+00  0.00000E+00  0.00000E+00  0.00000E+00  0.00000E+00  0.00000E+00  0.00000E+00  0.00000E+00  0.00000E+00
   28204   7  8.89886E+00  8.89886E+00  8.89886E+00  8.89886E+00  8.89886E+00  8.89886E+00  8.89886E+00  8.89886E+00  8.89886E+00  8.89886E+00  8.89886E+00  8.89886E+00  8.89886E+00  8.89886E+00  8.89886E+00  8.89886E+00  8.89886E+00  8.89886E+00  8.89886E+00  8.89886E+00  8.89886E+00  8.89886E+00  8.89886E+00  8.89886E+00
   28221   3  0.00000E+00  0.00000E+00  0.00000E+00  0.00000E+00  0.00000E+00  0.00000E+00  0.00000E+00  0.00000E+00  0.00000E+00  0.00000E+00  0.00000E+00  0.00000E+00  0.00000E+00  0.00000E+00  0.00000E+00  0.00000E+00  0.00000E+00  0.00000E+00  0.00000E+00  0.00000E+00  0.00000E+00  0.00000E+00  0.00000E+00  0.00000E+00
   28221   2  0.00000E+00  0.00000E+00  0.00000E+00  0.00000E+00  0.00000E+00  0.00000E+00  0.00000E+00  0.00000E+00  0.00000E+00  0.00000E+00  0.00000E+00  0.00000E+00  0.00000E+00  0.00000E+00  0.00000E+00  0.00000E+00  0.00000E+00  0.00000E+00  0.00000E+00  0.00000E+00  0.00000E+00  0.00000E+00  0.00000E+00  0.00000E+00
   36171   3  2.10305E-03  2.10305E-03  2.10305E-03  2.10305E-03  2.10305E-03  2.10305E-03  2.10305E-03  2.10305E-03  2.10305E-03  2.10305E-03  2.10305E-03  2.10305E-03  2.10305E-03  2.10305E-03  2.10305E-03  2.10305E-03  2.10305E-03  2.10305E-03  2.10305E-03  2.10305E-03  2.10305E-03  2.10305E-03  2.10305E-03  2.10305E-03
   34059   3  4.97120E-04  4.97120E-04  4.97120E-04  4.97120E-04  4.97120E-04  4.97120E-04  4.97120E-04  4.97120E-04  4.97120E-04  4.97120E-04  4.97120E-04  4.97120E-04  4.97120E-04  4.97120E-04  4.97120E-04  4.97120E-04  4.97120E-04  4.97120E-04  4.97120E-04  4.97120E-04  4.97120E-04  4.97120E-04  4.97120E-04  4.97120E-04
   34059   7  6.84339E-01  6.84339E-01  6.84339E-01  6.84339E-01  6.84339E-01  6.84339E-01  6.84339E-01  6.84339E-01  6.84339E-01  6.84339E-01  6.84339E-01  6.84339E-01  6.84339E-01  6.84339E-01  6.84339E-01  6.84339E-01  6.84339E-01  6.84339E-01  6.84339E-01  6.84339E-01  6.84339E-01  6.84339E-01  6.84339E-01  6.84339E-01
   35117   4  0.00000E+00  0.00000E+00  0.00000E+00  0.00000E+00  0.00000E+00  0.00000E+00  0.00000E+00  0.00000E+00  0.00000E+00  0.00000E+00  0.00000E+00  0.00000E+00  0.00000E+00  0.00000E+00  0.00000E+00  0.00000E+00  0.00000E+00  0.00000E+00  0.00000E+00  0.00000E+00  0.00000E+00  0.00000E+00  0.00000E+00  0.00000E+00
   37574   3  8.09518E-04  8.09518E-04  8.09518E-04  8.09518E-04  8.09518E-04  8.09518E-04  8.09518E-04  8.09518E-04  8.09518E-04  8.09518E-04  8.09518E-04  8.09518E-04  8.09518E-04  8.09518E-04  8.09518E-04  8.09518E-04  8.09518E-04  8.09518E-04  8.09518E-04  8.09518E-04  8.09518E-04  8.09518E-04  8.09518E-04  8.09518E-04
   37927   3  1.28495E-04  1.28495E-04  1.28495E-04  1.28495E-04  1.28495E-04  1.28495E-04  1.28495E-04  1.28495E-04  1.28495E-04  1.28495E-04  1.28495E-04  1.28495E-04  1.28495E-04  1.28495E-04  1.28495E-04  1.28495E-04  1.28495E-04  1.28495E-04  1.28495E-04  1.28495E-04  1.28495E-04  1.28495E-04  1.28495E-04  1.28495E-04
   34411   3  2.51445E-04  2.51445E-04  2.51445E-04  2.51445E-04  2.51445E-04  2.51445E-04  2.51445E-04  2.51445E-04  2.51445E-04  2.51445E-04  2.51445E-04  2.51445E-04  2.51445E-04  2.51445E-04  2.51445E-04  2.51445E-04  2.51445E-04  2.51445E-04  2.51445E-04  2.51445E-04  2.51445E-04  2.51445E-04  2.51445E-04  2.51445E-04
   34765   3  3.42311E-05  3.42311E-05  3.42311E-05  3.42311E-05  3.42311E-05  3.42311E-05  3.42311E-05  3.42311E-05  3.42311E-05  3.42311E-05  3.42311E-05  3.42311E-05  3.42311E-05  3.42311E-05  3.42311E-05  3.42311E-05  3.42311E-05  3.42311E-05  3.42311E-05  3.42311E-05  3.42311E-05  3.42311E-05  3.42311E-05  3.42311E-05
