MVK ,RADM-2, Emissions
         909 ,2005-03-16_00:00:00,SAT
   47145   3  0.00000E+00  0.00000E+00  0.00000E+00  0.00000E+00  0.00000E+00  0.00000E+00  0.00000E+00  0.00000E+00  0.00000E+00  0.00000E+00  0.00000E+00  0.00000E+00  0.00000E+00  0.00000E+00  0.00000E+00  0.00000E+00  0.00000E+00  0.00000E+00  0.00000E+00  0.00000E+00  0.00000E+00  0.00000E+00  0.00000E+00  0.00000E+00
   46441   2  0.00000E+00  0.00000E+00  0.00000E+00  0.00000E+00  0.00000E+00  0.00000E+00  0.00000E+00  0.00000E+00  0.00000E+00  0.00000E+00  0.00000E+00  0.00000E+00  0.00000E+00  0.00000E+00  0.00000E+00  0.00000E+00  0.00000E+00  0.00000E+00  0.00000E+00  0.00000E+00  0.00000E+00  0.00000E+00  0.00000E+00  0.00000E+00
   46441   3  0.00000E+00  0.00000E+00  0.00000E+00  0.00000E+00  0.00000E+00  0.00000E+00  0.00000E+00  0.00000E+00  0.00000E+00  0.00000E+00  0.00000E+00  0.00000E+00  0.00000E+00  0.00000E+00  0.00000E+00  0.00000E+00  0.00000E+00  0.00000E+00  0.00000E+00  0.00000E+00  0.00000E+00  0.00000E+00  0.00000E+00  0.00000E+00
   76270   4  4.88614E-04  4.88614E-04  4.88614E-04  4.88614E-04  4.88614E-04  4.88614E-04  4.88614E-04  4.88614E-04  4.88614E-04  4.88614E-04  4.88614E-04  4.88614E-04  4.88614E-04  4.88614E-04  4.88614E-04  4.88614E-04  4.88614E-04  4.88614E-04  4.88614E-04  4.88614E-04  4.88614E-04  4.88614E-04  4.88614E-04  4.88614E-04
   76270   3  0.00000E+00  0.00000E+00  0.00000E+00  0.00000E+00  0.00000E+00  0.00000E+00  0.00000E+00  0.00000E+00  0.00000E+00  0.00000E+00  0.00000E+00  0.00000E+00  0.00000E+00  0.00000E+00  0.00000E+00  0.00000E+00  0.00000E+00  0.00000E+00  0.00000E+00  0.00000E+00  0.00000E+00  0.00000E+00  0.00000E+00  0.00000E+00
   76270   7  0.00000E+00  0.00000E+00  0.00000E+00  0.00000E+00  0.00000E+00  0.00000E+00  0.00000E+00  0.00000E+00  0.00000E+00  0.00000E+00  0.00000E+00  0.00000E+00  0.00000E+00  0.00000E+00  0.00000E+00  0.00000E+00  0.00000E+00  0.00000E+00  0.00000E+00  0.00000E+00  0.00000E+00  0.00000E+00  0.00000E+00  0.00000E+00
   79107   3  1.98727E-06  1.98727E-06  1.98727E-06  1.98727E-06  1.98727E-06  1.98727E-06  1.98727E-06  1.98727E-06  1.98727E-06  1.98727E-06  1.98727E-06  1.98727E-06  1.98727E-06  1.98727E-06  1.98727E-06  1.98727E-06  1.98727E-06  1.98727E-06  1.98727E-06  1.98727E-06  1.98727E-06  1.98727E-06  1.98727E-06  1.98727E-06
   79108   3  0.00000E+00  0.00000E+00  0.00000E+00  0.00000E+00  0.00000E+00  0.00000E+00  0.00000E+00  0.00000E+00  0.00000E+00  0.00000E+00  0.00000E+00  0.00000E+00  0.00000E+00  0.00000E+00  0.00000E+00  0.00000E+00  0.00000E+00  0.00000E+00  0.00000E+00  0.00000E+00  0.00000E+00  0.00000E+00  0.00000E+00  0.00000E+00
   72399   3  1.11264E-05  1.11264E-05  1.11264E-05  1.11264E-05  1.11264E-05  1.11264E-05  1.11264E-05  1.11264E-05  1.11264E-05  1.11264E-05  1.11264E-05  1.11264E-05  1.11264E-05  1.11264E-05  1.11264E-05  1.11264E-05  1.11264E-05  1.11264E-05  1.11264E-05  1.11264E-05  1.11264E-05  1.11264E-05  1.11264E-05  1.11264E-05
   79107   4  1.71038E-06  1.71038E-06  1.71038E-06  1.71038E-06  1.71038E-06  1.71038E-06  1.71038E-06  1.71038E-06  1.71038E-06  1.71038E-06  1.71038E-06  1.71038E-06  1.71038E-06  1.71038E-06  1.71038E-06  1.71038E-06  1.71038E-06  1.71038E-06  1.71038E-06  1.71038E-06  1.71038E-06  1.71038E-06  1.71038E-06  1.71038E-06
   79106   4  2.63086E-06  2.63086E-06  2.63086E-06  2.63086E-06  2.63086E-06  2.63086E-06  2.63086E-06  2.63086E-06  2.63086E-06  2.63086E-06  2.63086E-06  2.63086E-06  2.63086E-06  2.63086E-06  2.63086E-06  2.63086E-06  2.63086E-06  2.63086E-06  2.63086E-06  2.63086E-06  2.63086E-06  2.63086E-06  2.63086E-06  2.63086E-06
   78754   3  0.00000E+00  0.00000E+00  0.00000E+00  0.00000E+00  0.00000E+00  0.00000E+00  0.00000E+00  0.00000E+00  0.00000E+00  0.00000E+00  0.00000E+00  0.00000E+00  0.00000E+00  0.00000E+00  0.00000E+00  0.00000E+00  0.00000E+00  0.00000E+00  0.00000E+00  0.00000E+00  0.00000E+00  0.00000E+00  0.00000E+00  0.00000E+00
   78754   4  0.00000E+00  0.00000E+00  0.00000E+00  0.00000E+00  0.00000E+00  0.00000E+00  0.00000E+00  0.00000E+00  0.00000E+00  0.00000E+00  0.00000E+00  0.00000E+00  0.00000E+00  0.00000E+00  0.00000E+00  0.00000E+00  0.00000E+00  0.00000E+00  0.00000E+00  0.00000E+00  0.00000E+00  0.00000E+00  0.00000E+00  0.00000E+00
   78755   3  0.00000E+00  0.00000E+00  0.00000E+00  0.00000E+00  0.00000E+00  0.00000E+00  0.00000E+00  0.00000E+00  0.00000E+00  0.00000E+00  0.00000E+00  0.00000E+00  0.00000E+00  0.00000E+00  0.00000E+00  0.00000E+00  0.00000E+00  0.00000E+00  0.00000E+00  0.00000E+00  0.00000E+00  0.00000E+00  0.00000E+00  0.00000E+00
   79107   7  0.00000E+00  0.00000E+00  0.00000E+00  0.00000E+00  0.00000E+00  0.00000E+00  0.00000E+00  0.00000E+00  0.00000E+00  0.00000E+00  0.00000E+00  0.00000E+00  0.00000E+00  0.00000E+00  0.00000E+00  4.24184E-02  4.24184E-02  4.24184E-02  4.24184E-02  4.24184E-02  4.24184E-02  4.24184E-02  4.24184E-02  0.00000E+00
   78738   4  0.00000E+00  0.00000E+00  0.00000E+00  0.00000E+00  0.00000E+00  0.00000E+00  0.00000E+00  0.00000E+00  0.00000E+00  0.00000E+00  0.00000E+00  0.00000E+00  0.00000E+00  0.00000E+00  0.00000E+00  0.00000E+00  0.00000E+00  0.00000E+00  0.00000E+00  0.00000E+00  0.00000E+00  0.00000E+00  0.00000E+00  0.00000E+00
   78383   3  0.00000E+00  0.00000E+00  0.00000E+00  0.00000E+00  0.00000E+00  0.00000E+00  0.00000E+00  0.00000E+00  0.00000E+00  0.00000E+00  0.00000E+00  0.00000E+00  0.00000E+00  0.00000E+00  0.00000E+00  0.00000E+00  0.00000E+00  0.00000E+00  0.00000E+00  0.00000E+00  0.00000E+00  0.00000E+00  0.00000E+00  0.00000E+00
   78383   2  0.00000E+00  0.00000E+00  0.00000E+00  0.00000E+00  0.00000E+00  0.00000E+00  0.00000E+00  0.00000E+00  0.00000E+00  0.00000E+00  0.00000E+00  0.00000E+00  0.00000E+00  0.00000E+00  0.00000E+00  0.00000E+00  0.00000E+00  0.00000E+00  0.00000E+00  0.00000E+00  0.00000E+00  0.00000E+00  0.00000E+00  0.00000E+00
   78383   6  0.00000E+00  0.00000E+00  0.00000E+00  0.00000E+00  0.00000E+00  0.00000E+00  0.00000E+00  0.00000E+00  0.00000E+00  0.00000E+00  0.00000E+00  0.00000E+00  0.00000E+00  0.00000E+00  0.00000E+00  0.00000E+00  0.00000E+00  0.00000E+00  0.00000E+00  0.00000E+00  0.00000E+00  0.00000E+00  0.00000E+00  0.00000E+00
   78032   5  0.00000E+00  0.00000E+00  0.00000E+00  0.00000E+00  0.00000E+00  0.00000E+00  0.00000E+00  0.00000E+00  0.00000E+00  0.00000E+00  0.00000E+00  0.00000E+00  0.00000E+00  0.00000E+00  0.00000E+00  0.00000E+00  0.00000E+00  0.00000E+00  0.00000E+00  0.00000E+00  0.00000E+00  0.00000E+00  0.00000E+00  0.00000E+00
   51367   3  9.89046E-09  9.89046E-09  9.89046E-09  9.89046E-09  9.89046E-09  9.89046E-09  9.89046E-09  9.89046E-09  9.89046E-09  9.89046E-09  9.89046E-09  9.89046E-09  9.89046E-09  9.89046E-09  9.89046E-09  9.89046E-09  9.89046E-09  9.89046E-09  9.89046E-09  9.89046E-09  9.89046E-09  9.89046E-09  9.89046E-09  9.89046E-09
   52419   3  0.00000E+00  0.00000E+00  0.00000E+00  0.00000E+00  0.00000E+00  0.00000E+00  0.00000E+00  0.00000E+00  0.00000E+00  0.00000E+00  0.00000E+00  0.00000E+00  0.00000E+00  0.00000E+00  0.00000E+00  0.00000E+00  0.00000E+00  0.00000E+00  0.00000E+00  0.00000E+00  0.00000E+00  0.00000E+00  0.00000E+00  0.00000E+00
   47111   3  0.00000E+00  0.00000E+00  0.00000E+00  0.00000E+00  0.00000E+00  0.00000E+00  0.00000E+00  0.00000E+00  0.00000E+00  0.00000E+00  0.00000E+00  0.00000E+00  0.00000E+00  0.00000E+00  0.00000E+00  0.00000E+00  0.00000E+00  0.00000E+00  0.00000E+00  0.00000E+00  0.00000E+00  0.00000E+00  0.00000E+00  0.00000E+00
   52073   4  1.16358E-07  1.16358E-07  1.16358E-07  1.16358E-07  1.16358E-07  1.16358E-07  1.16358E-07  1.16358E-07  1.16358E-07  1.16358E-07  1.16358E-07  1.16358E-07  1.16358E-07  1.16358E-07  1.16358E-07  1.16358E-07  1.16358E-07  1.16358E-07  1.16358E-07  1.16358E-07  1.16358E-07  1.16358E-07  1.16358E-07  1.16358E-07
   52073   3  0.00000E+00  0.00000E+00  0.00000E+00  0.00000E+00  0.00000E+00  0.00000E+00  0.00000E+00  0.00000E+00  0.00000E+00  0.00000E+00  0.00000E+00  0.00000E+00  0.00000E+00  6.98130E-03  6.98130E-03  6.98130E-03  6.98130E-03  6.98130E-03  6.98130E-03  6.98130E-03  6.98130E-03  0.00000E+00  0.00000E+00  0.00000E+00
   52073   1  0.00000E+00  0.00000E+00  0.00000E+00  0.00000E+00  0.00000E+00  0.00000E+00  0.00000E+00  0.00000E+00  0.00000E+00  0.00000E+00  0.00000E+00  0.00000E+00  0.00000E+00  0.00000E+00  0.00000E+00  0.00000E+00  0.00000E+00  0.00000E+00  0.00000E+00  0.00000E+00  0.00000E+00  0.00000E+00  0.00000E+00  0.00000E+00
   52073   2  2.14029E-01  2.14029E-01  2.14029E-01  2.14029E-01  2.14029E-01  2.14029E-01  2.14029E-01  2.14029E-01  2.14029E-01  2.14029E-01  2.14029E-01  2.14029E-01  2.14029E-01  2.14029E-01  2.14029E-01  2.14029E-01  2.14029E-01  2.14029E-01  2.14029E-01  2.14029E-01  2.14029E-01  2.14029E-01  2.14029E-01  2.14029E-01
   52076   7  0.00000E+00  0.00000E+00  0.00000E+00  0.00000E+00  0.00000E+00  0.00000E+00  0.00000E+00  0.00000E+00  0.00000E+00  0.00000E+00  0.00000E+00  0.00000E+00  0.00000E+00  0.00000E+00  0.00000E+00  0.00000E+00  0.00000E+00  0.00000E+00  0.00000E+00  0.00000E+00  0.00000E+00  0.00000E+00  0.00000E+00  0.00000E+00
   56308   3  0.00000E+00  0.00000E+00  0.00000E+00  0.00000E+00  0.00000E+00  0.00000E+00  0.00000E+00  0.00000E+00  0.00000E+00  0.00000E+00  0.00000E+00  0.00000E+00  0.00000E+00  0.00000E+00  0.00000E+00  0.00000E+00  0.00000E+00  0.00000E+00  0.00000E+00  0.00000E+00  0.00000E+00  0.00000E+00  0.00000E+00  0.00000E+00
   57719   2  9.93637E-07  9.93637E-07  9.93637E-07  9.93637E-07  9.93637E-07  9.93637E-07  9.93637E-07  9.93637E-07  9.93637E-07  9.93637E-07  9.93637E-07  9.93637E-07  9.93637E-07  9.93637E-07  9.93637E-07  9.93637E-07  9.93637E-07  9.93637E-07  9.93637E-07  9.93637E-07  9.93637E-07  9.93637E-07  9.93637E-07  9.93637E-07
   58787   3  0.00000E+00  0.00000E+00  0.00000E+00  0.00000E+00  0.00000E+00  0.00000E+00  0.00000E+00  0.00000E+00  0.00000E+00  0.00000E+00  0.00000E+00  0.00000E+00  0.00000E+00  0.00000E+00  0.00000E+00  0.00000E+00  0.00000E+00  0.00000E+00  0.00000E+00  0.00000E+00  0.00000E+00  0.00000E+00  0.00000E+00  0.00000E+00
   58787   2  0.00000E+00  0.00000E+00  0.00000E+00  0.00000E+00  0.00000E+00  0.00000E+00  0.00000E+00  0.00000E+00  0.00000E+00  0.00000E+00  0.00000E+00  0.00000E+00  0.00000E+00  0.00000E+00  0.00000E+00  0.00000E+00  0.00000E+00  0.00000E+00  0.00000E+00  0.00000E+00  0.00000E+00  0.00000E+00  0.00000E+00  0.00000E+00
   52405   4  0.00000E+00  0.00000E+00  0.00000E+00  0.00000E+00  0.00000E+00  0.00000E+00  0.00000E+00  0.00000E+00  0.00000E+00  0.00000E+00  0.00000E+00  0.00000E+00  0.00000E+00  0.00000E+00  0.00000E+00  0.00000E+00  0.00000E+00  0.00000E+00  0.00000E+00  0.00000E+00  0.00000E+00  0.00000E+00  0.00000E+00  0.00000E+00
   53828   3  0.00000E+00  0.00000E+00  0.00000E+00  0.00000E+00  0.00000E+00  0.00000E+00  0.00000E+00  0.00000E+00  0.00000E+00  0.00000E+00  0.00000E+00  0.00000E+00  0.00000E+00  0.00000E+00  0.00000E+00  0.00000E+00  0.00000E+00  0.00000E+00  0.00000E+00  0.00000E+00  0.00000E+00  0.00000E+00  0.00000E+00  0.00000E+00
   59849   3  3.40818E-04  3.40818E-04  3.40818E-04  3.40818E-04  3.40818E-04  3.40818E-04  3.40818E-04  3.40818E-04  3.40818E-04  3.40818E-04  3.40818E-04  3.40818E-04  3.40818E-04  3.40818E-04  3.40818E-04  3.40818E-04  3.40818E-04  3.40818E-04  3.40818E-04  3.40818E-04  3.40818E-04  3.40818E-04  3.40818E-04  3.40818E-04
   59849   4  1.02221E-06  1.02221E-06  1.02221E-06  1.02221E-06  1.02221E-06  1.02221E-06  1.02221E-06  1.02221E-06  1.02221E-06  1.02221E-06  1.02221E-06  1.02221E-06  1.02221E-06  1.02221E-06  1.02221E-06  1.02221E-06  1.02221E-06  1.02221E-06  1.02221E-06  1.02221E-06  1.02221E-06  1.02221E-06  1.02221E-06  1.02221E-06
   46431   3  0.00000E+00  0.00000E+00  0.00000E+00  0.00000E+00  0.00000E+00  0.00000E+00  0.00000E+00  0.00000E+00  0.00000E+00  0.00000E+00  0.00000E+00  0.00000E+00  0.00000E+00  0.00000E+00  0.00000E+00  0.00000E+00  0.00000E+00  0.00000E+00  0.00000E+00  0.00000E+00  0.00000E+00  0.00000E+00  0.00000E+00  0.00000E+00
   46078   4  5.22449E-07  5.22449E-07  5.22449E-07  5.22449E-07  5.22449E-07  5.22449E-07  5.22449E-07  5.22449E-07  5.22449E-07  5.22449E-07  5.22449E-07  5.22449E-07  5.22449E-07  5.22449E-07  5.22449E-07  5.22449E-07  5.22449E-07  5.22449E-07  5.22449E-07  5.22449E-07  5.22449E-07  5.22449E-07  5.22449E-07  5.22449E-07
   46078   3  0.00000E+00  0.00000E+00  0.00000E+00  0.00000E+00  0.00000E+00  0.00000E+00  0.00000E+00  0.00000E+00  0.00000E+00  0.00000E+00  0.00000E+00  0.00000E+00  0.00000E+00  0.00000E+00  0.00000E+00  0.00000E+00  0.00000E+00  0.00000E+00  0.00000E+00  0.00000E+00  0.00000E+00  0.00000E+00  0.00000E+00  0.00000E+00
   46078   7  0.00000E+00  0.00000E+00  0.00000E+00  0.00000E+00  0.00000E+00  0.00000E+00  0.00000E+00  0.00000E+00  0.00000E+00  0.00000E+00  0.00000E+00  0.00000E+00  0.00000E+00  1.13844E-01  1.13844E-01  1.13844E-01  1.13844E-01  1.13844E-01  1.13844E-01  1.13844E-01  1.13844E-01  0.00000E+00  0.00000E+00  0.00000E+00
   47835   2  9.24181E-03  9.24181E-03  9.24181E-03  9.24181E-03  9.24181E-03  9.24181E-03  9.24181E-03  9.24181E-03  9.24181E-03  9.24181E-03  9.24181E-03  9.24181E-03  9.24181E-03  9.24181E-03  9.24181E-03  9.24181E-03  9.24181E-03  9.24181E-03  9.24181E-03  9.24181E-03  9.24181E-03  9.24181E-03  9.24181E-03  9.24181E-03
   47835   8  0.00000E+00  0.00000E+00  0.00000E+00  0.00000E+00  0.00000E+00  0.00000E+00  0.00000E+00  0.00000E+00  0.00000E+00  0.00000E+00  0.00000E+00  0.00000E+00  0.00000E+00  0.00000E+00  0.00000E+00  0.00000E+00  0.00000E+00  0.00000E+00  0.00000E+00  0.00000E+00  0.00000E+00  0.00000E+00  0.00000E+00  0.00000E+00
   47835   3  1.12286E-07  1.12286E-07  1.12286E-07  1.12286E-07  1.12286E-07  1.12286E-07  1.12286E-07  1.12286E-07  1.12286E-07  1.12286E-07  1.12286E-07  1.12286E-07  1.12286E-07  1.12286E-07  1.12286E-07  1.12286E-07  1.12286E-07  1.12286E-07  1.12286E-07  1.12286E-07  1.12286E-07  1.12286E-07  1.12286E-07  1.12286E-07
   56665   7  0.00000E+00  0.00000E+00  0.00000E+00  0.00000E+00  0.00000E+00  0.00000E+00  0.00000E+00  0.00000E+00  0.00000E+00  0.00000E+00  0.00000E+00  0.00000E+00  0.00000E+00  0.00000E+00  0.00000E+00  0.00000E+00  0.00000E+00  0.00000E+00  0.00000E+00  0.00000E+00  0.00000E+00  0.00000E+00  0.00000E+00  0.00000E+00
   45724   4  1.02919E-06  1.02919E-06  1.02919E-06  1.02919E-06  1.02919E-06  1.02919E-06  1.02919E-06  1.02919E-06  1.02919E-06  1.02919E-06  1.02919E-06  1.02919E-06  1.02919E-06  1.02919E-06  1.02919E-06  1.02919E-06  1.02919E-06  1.02919E-06  1.02919E-06  1.02919E-06  1.02919E-06  1.02919E-06  1.02919E-06  1.02919E-06
   45724   3  0.00000E+00  0.00000E+00  0.00000E+00  0.00000E+00  0.00000E+00  0.00000E+00  0.00000E+00  0.00000E+00  0.00000E+00  0.00000E+00  0.00000E+00  0.00000E+00  0.00000E+00  0.00000E+00  0.00000E+00  0.00000E+00  0.00000E+00  0.00000E+00  0.00000E+00  0.00000E+00  0.00000E+00  0.00000E+00  0.00000E+00  0.00000E+00
   44664   7  0.00000E+00  0.00000E+00  0.00000E+00  0.00000E+00  0.00000E+00  0.00000E+00  0.00000E+00  0.00000E+00  0.00000E+00  0.00000E+00  0.00000E+00  0.00000E+00  0.00000E+00  8.22732E-04  8.22732E-04  8.22732E-04  8.22732E-04  8.22732E-04  8.22732E-04  8.22732E-04  8.22732E-04  0.00000E+00  0.00000E+00  0.00000E+00
   45724   7  0.00000E+00  0.00000E+00  0.00000E+00  0.00000E+00  0.00000E+00  0.00000E+00  0.00000E+00  0.00000E+00  0.00000E+00  0.00000E+00  0.00000E+00  0.00000E+00  0.00000E+00  0.00000E+00  0.00000E+00  0.00000E+00  0.00000E+00  0.00000E+00  0.00000E+00  0.00000E+00  0.00000E+00  0.00000E+00  0.00000E+00  0.00000E+00
   56311   3  0.00000E+00  0.00000E+00  0.00000E+00  0.00000E+00  0.00000E+00  0.00000E+00  0.00000E+00  0.00000E+00  0.00000E+00  0.00000E+00  0.00000E+00  0.00000E+00  0.00000E+00  0.00000E+00  0.00000E+00  0.00000E+00  0.00000E+00  0.00000E+00  0.00000E+00  0.00000E+00  0.00000E+00  0.00000E+00  0.00000E+00  0.00000E+00
   46050   3  4.04088E-03  4.04088E-03  4.04088E-03  4.04088E-03  4.04088E-03  4.04088E-03  4.04088E-03  4.04088E-03  4.04088E-03  4.04088E-03  4.04088E-03  4.04088E-03  4.04088E-03  4.04088E-03  4.04088E-03  4.04088E-03  4.04088E-03  4.04088E-03  4.04088E-03  4.04088E-03  4.04088E-03  4.04088E-03  4.04088E-03  4.04088E-03
   46050   4  5.91100E-07  5.91100E-07  5.91100E-07  5.91100E-07  5.91100E-07  5.91100E-07  5.91100E-07  5.91100E-07  5.91100E-07  5.91100E-07  5.91100E-07  5.91100E-07  5.91100E-07  5.91100E-07  5.91100E-07  5.91100E-07  5.91100E-07  5.91100E-07  5.91100E-07  5.91100E-07  5.91100E-07  5.91100E-07  5.91100E-07  5.91100E-07
   46050   2  0.00000E+00  0.00000E+00  0.00000E+00  0.00000E+00  0.00000E+00  0.00000E+00  0.00000E+00  0.00000E+00  0.00000E+00  0.00000E+00  0.00000E+00  0.00000E+00  0.00000E+00  0.00000E+00  0.00000E+00  0.00000E+00  0.00000E+00  0.00000E+00  0.00000E+00  0.00000E+00  0.00000E+00  0.00000E+00  0.00000E+00  0.00000E+00
   46051   4  0.00000E+00  0.00000E+00  0.00000E+00  0.00000E+00  0.00000E+00  0.00000E+00  0.00000E+00  0.00000E+00  0.00000E+00  0.00000E+00  0.00000E+00  0.00000E+00  0.00000E+00  0.00000E+00  0.00000E+00  0.00000E+00  0.00000E+00  0.00000E+00  0.00000E+00  0.00000E+00  0.00000E+00  0.00000E+00  0.00000E+00  0.00000E+00
   71070   3  0.00000E+00  0.00000E+00  0.00000E+00  0.00000E+00  0.00000E+00  0.00000E+00  0.00000E+00  0.00000E+00  0.00000E+00  0.00000E+00  0.00000E+00  0.00000E+00  0.00000E+00  0.00000E+00  0.00000E+00  0.00000E+00  0.00000E+00  0.00000E+00  0.00000E+00  0.00000E+00  0.00000E+00  0.00000E+00  0.00000E+00  0.00000E+00
   55562   4  0.00000E+00  0.00000E+00  0.00000E+00  0.00000E+00  0.00000E+00  0.00000E+00  0.00000E+00  0.00000E+00  0.00000E+00  0.00000E+00  0.00000E+00  0.00000E+00  0.00000E+00  0.00000E+00  0.00000E+00  0.00000E+00  0.00000E+00  0.00000E+00  0.00000E+00  0.00000E+00  0.00000E+00  0.00000E+00  0.00000E+00  0.00000E+00
   59075   4  0.00000E+00  0.00000E+00  0.00000E+00  0.00000E+00  0.00000E+00  0.00000E+00  0.00000E+00  0.00000E+00  0.00000E+00  0.00000E+00  0.00000E+00  0.00000E+00  0.00000E+00  0.00000E+00  0.00000E+00  0.00000E+00  0.00000E+00  0.00000E+00  0.00000E+00  0.00000E+00  0.00000E+00  0.00000E+00  0.00000E+00  0.00000E+00
   57669   3  0.00000E+00  0.00000E+00  0.00000E+00  0.00000E+00  0.00000E+00  0.00000E+00  0.00000E+00  0.00000E+00  0.00000E+00  0.00000E+00  0.00000E+00  0.00000E+00  0.00000E+00  0.00000E+00  0.00000E+00  0.00000E+00  0.00000E+00  0.00000E+00  0.00000E+00  0.00000E+00  0.00000E+00  0.00000E+00  0.00000E+00  0.00000E+00
   59789   3  7.94910E-06  7.94910E-06  7.94910E-06  7.94910E-06  7.94910E-06  7.94910E-06  7.94910E-06  7.94910E-06  7.94910E-06  7.94910E-06  7.94910E-06  7.94910E-06  7.94910E-06  7.94910E-06  7.94910E-06  7.94910E-06  7.94910E-06  7.94910E-06  7.94910E-06  7.94910E-06  7.94910E-06  7.94910E-06  7.94910E-06  7.94910E-06
   59789   4  9.55883E-07  9.55883E-07  9.55883E-07  9.55883E-07  9.55883E-07  9.55883E-07  9.55883E-07  9.55883E-07  9.55883E-07  9.55883E-07  9.55883E-07  9.55883E-07  9.55883E-07  9.55883E-07  9.55883E-07  9.55883E-07  9.55883E-07  9.55883E-07  9.55883E-07  9.55883E-07  9.55883E-07  9.55883E-07  9.55883E-07  9.55883E-07
   59437   5  0.00000E+00  0.00000E+00  0.00000E+00  0.00000E+00  0.00000E+00  0.00000E+00  0.00000E+00  0.00000E+00  0.00000E+00  0.00000E+00  0.00000E+00  0.00000E+00  0.00000E+00  0.00000E+00  0.00000E+00  0.00000E+00  0.00000E+00  0.00000E+00  0.00000E+00  0.00000E+00  0.00000E+00  0.00000E+00  0.00000E+00  0.00000E+00
   57677   2  0.00000E+00  0.00000E+00  0.00000E+00  0.00000E+00  0.00000E+00  0.00000E+00  0.00000E+00  0.00000E+00  0.00000E+00  0.00000E+00  0.00000E+00  0.00000E+00  0.00000E+00  0.00000E+00  0.00000E+00  0.00000E+00  0.00000E+00  0.00000E+00  0.00000E+00  0.00000E+00  0.00000E+00  0.00000E+00  0.00000E+00  0.00000E+00
   57677   4  0.00000E+00  0.00000E+00  0.00000E+00  0.00000E+00  0.00000E+00  0.00000E+00  0.00000E+00  0.00000E+00  0.00000E+00  0.00000E+00  0.00000E+00  0.00000E+00  0.00000E+00  0.00000E+00  0.00000E+00  0.00000E+00  0.00000E+00  0.00000E+00  0.00000E+00  0.00000E+00  0.00000E+00  0.00000E+00  0.00000E+00  0.00000E+00
   57677   3  0.00000E+00  0.00000E+00  0.00000E+00  0.00000E+00  0.00000E+00  0.00000E+00  0.00000E+00  0.00000E+00  0.00000E+00  0.00000E+00  0.00000E+00  0.00000E+00  0.00000E+00  0.00000E+00  0.00000E+00  0.00000E+00  0.00000E+00  0.00000E+00  0.00000E+00  0.00000E+00  0.00000E+00  0.00000E+00  0.00000E+00  0.00000E+00
   52380   7  0.00000E+00  0.00000E+00  0.00000E+00  0.00000E+00  0.00000E+00  0.00000E+00  0.00000E+00  0.00000E+00  0.00000E+00  0.00000E+00  0.00000E+00  0.00000E+00  0.00000E+00  0.00000E+00  0.00000E+00  0.00000E+00  0.00000E+00  0.00000E+00  0.00000E+00  0.00000E+00  0.00000E+00  0.00000E+00  0.00000E+00  0.00000E+00
   52380   3  0.00000E+00  0.00000E+00  0.00000E+00  0.00000E+00  0.00000E+00  0.00000E+00  0.00000E+00  0.00000E+00  0.00000E+00  0.00000E+00  0.00000E+00  0.00000E+00  0.00000E+00  0.00000E+00  0.00000E+00  0.00000E+00  0.00000E+00  0.00000E+00  0.00000E+00  0.00000E+00  0.00000E+00  0.00000E+00  0.00000E+00  0.00000E+00
   73199   3  9.98992E-06  9.98992E-06  9.98992E-06  9.98992E-06  9.98992E-06  9.98992E-06  9.98992E-06  9.98992E-06  9.98992E-06  9.98992E-06  9.98992E-06  9.98992E-06  9.98992E-06  9.98992E-06  9.98992E-06  9.98992E-06  9.98992E-06  9.98992E-06  9.98992E-06  9.98992E-06  9.98992E-06  9.98992E-06  9.98992E-06  9.98992E-06
   71434   3  0.00000E+00  0.00000E+00  0.00000E+00  0.00000E+00  0.00000E+00  0.00000E+00  0.00000E+00  0.00000E+00  0.00000E+00  0.00000E+00  0.00000E+00  0.00000E+00  0.00000E+00  0.00000E+00  0.00000E+00  0.00000E+00  0.00000E+00  0.00000E+00  0.00000E+00  0.00000E+00  0.00000E+00  0.00000E+00  0.00000E+00  0.00000E+00
   71434   2  3.31770E-03  3.31770E-03  3.31770E-03  3.31770E-03  3.31770E-03  3.31770E-03  3.31770E-03  3.31770E-03  3.31770E-03  3.31770E-03  3.31770E-03  3.31770E-03  3.31770E-03  3.31770E-03  3.31770E-03  3.31770E-03  3.31770E-03  3.31770E-03  3.31770E-03  3.31770E-03  3.31770E-03  3.31770E-03  3.31770E-03  3.31770E-03
   73199   2  0.00000E+00  0.00000E+00  0.00000E+00  0.00000E+00  0.00000E+00  0.00000E+00  0.00000E+00  0.00000E+00  0.00000E+00  0.00000E+00  0.00000E+00  0.00000E+00  0.00000E+00  0.00000E+00  0.00000E+00  0.00000E+00  0.00000E+00  0.00000E+00  0.00000E+00  0.00000E+00  0.00000E+00  0.00000E+00  0.00000E+00  0.00000E+00
   73199   4  1.32763E-04  1.32763E-04  1.32763E-04  1.32763E-04  1.32763E-04  1.32763E-04  1.32763E-04  1.32763E-04  1.32763E-04  1.32763E-04  1.32763E-04  1.32763E-04  1.32763E-04  1.32763E-04  1.32763E-04  1.32763E-04  1.32763E-04  1.32763E-04  1.32763E-04  1.32763E-04  1.32763E-04  1.32763E-04  1.32763E-04  1.32763E-04
   72847   4  5.41066E-07  5.41066E-07  5.41066E-07  5.41066E-07  5.41066E-07  5.41066E-07  5.41066E-07  5.41066E-07  5.41066E-07  5.41066E-07  5.41066E-07  5.41066E-07  5.41066E-07  5.41066E-07  5.41066E-07  5.41066E-07  5.41066E-07  5.41066E-07  5.41066E-07  5.41066E-07  5.41066E-07  5.41066E-07  5.41066E-07  5.41066E-07
   72846   3  0.00000E+00  0.00000E+00  0.00000E+00  0.00000E+00  0.00000E+00  0.00000E+00  0.00000E+00  0.00000E+00  0.00000E+00  0.00000E+00  0.00000E+00  0.00000E+00  0.00000E+00  0.00000E+00  5.54771E-04  5.54771E-04  5.54771E-04  5.54771E-04  5.54771E-04  5.54771E-04  5.54771E-04  5.54771E-04  0.00000E+00  0.00000E+00
   72846   4  0.00000E+00  0.00000E+00  0.00000E+00  0.00000E+00  0.00000E+00  0.00000E+00  0.00000E+00  0.00000E+00  0.00000E+00  0.00000E+00  0.00000E+00  0.00000E+00  0.00000E+00  0.00000E+00  0.00000E+00  0.00000E+00  0.00000E+00  0.00000E+00  0.00000E+00  0.00000E+00  0.00000E+00  0.00000E+00  0.00000E+00  0.00000E+00
   73200   4  1.83032E-05  1.83032E-05  1.83032E-05  1.83032E-05  1.83032E-05  1.83032E-05  1.83032E-05  1.83032E-05  1.83032E-05  1.83032E-05  1.83032E-05  1.83032E-05  1.83032E-05  1.83032E-05  1.83032E-05  1.83032E-05  1.83032E-05  1.83032E-05  1.83032E-05  1.83032E-05  1.83032E-05  1.83032E-05  1.83032E-05  1.83032E-05
   72845   4  1.09668E-06  1.09668E-06  1.09668E-06  1.09668E-06  1.09668E-06  1.09668E-06  1.09668E-06  1.09668E-06  1.09668E-06  1.09668E-06  1.09668E-06  1.09668E-06  1.09668E-06  1.09668E-06  1.09668E-06  1.09668E-06  1.09668E-06  1.09668E-06  1.09668E-06  1.09668E-06  1.09668E-06  1.09668E-06  1.09668E-06  1.09668E-06
   72139   7  0.00000E+00  0.00000E+00  0.00000E+00  0.00000E+00  0.00000E+00  0.00000E+00  0.00000E+00  0.00000E+00  0.00000E+00  0.00000E+00  0.00000E+00  0.00000E+00  0.00000E+00  0.00000E+00  0.00000E+00  0.00000E+00  0.00000E+00  0.00000E+00  0.00000E+00  0.00000E+00  0.00000E+00  0.00000E+00  0.00000E+00  0.00000E+00
   57997   3  5.05744E-06  5.05744E-06  5.05744E-06  5.05744E-06  5.05744E-06  5.05744E-06  5.05744E-06  5.05744E-06  5.05744E-06  5.05744E-06  5.05744E-06  5.05744E-06  5.05744E-06  5.05744E-06  5.05744E-06  5.05744E-06  5.05744E-06  5.05744E-06  5.05744E-06  5.05744E-06  5.05744E-06  5.05744E-06  5.05744E-06  5.05744E-06
   51672   3  0.00000E+00  0.00000E+00  0.00000E+00  0.00000E+00  0.00000E+00  0.00000E+00  0.00000E+00  0.00000E+00  0.00000E+00  0.00000E+00  0.00000E+00  0.00000E+00  0.00000E+00  0.00000E+00  0.00000E+00  0.00000E+00  0.00000E+00  0.00000E+00  0.00000E+00  0.00000E+00  0.00000E+00  0.00000E+00  0.00000E+00  0.00000E+00
   56265   3  3.03446E-06  3.03446E-06  3.03446E-06  3.03446E-06  3.03446E-06  3.03446E-06  3.03446E-06  3.03446E-06  3.03446E-06  3.03446E-06  3.03446E-06  3.03446E-06  3.03446E-06  3.03446E-06  3.03446E-06  3.03446E-06  3.03446E-06  3.03446E-06  3.03446E-06  3.03446E-06  3.03446E-06  3.03446E-06  3.03446E-06  3.03446E-06
   46793   2  0.00000E+00  0.00000E+00  0.00000E+00  0.00000E+00  0.00000E+00  0.00000E+00  0.00000E+00  0.00000E+00  0.00000E+00  0.00000E+00  0.00000E+00  0.00000E+00  0.00000E+00  0.00000E+00  0.00000E+00  0.00000E+00  0.00000E+00  0.00000E+00  0.00000E+00  0.00000E+00  0.00000E+00  0.00000E+00  0.00000E+00  0.00000E+00
   47145   7  1.20739E-07  1.20739E-07  1.20739E-07  1.20739E-07  1.20739E-07  0.00000E+00  0.00000E+00  0.00000E+00  0.00000E+00  0.00000E+00  0.00000E+00  0.00000E+00  1.20739E-07  1.20739E-07  1.20739E-07  1.20739E-07  1.20739E-07  1.20739E-07  1.20739E-07  1.20739E-07  1.20739E-07  1.20739E-07  1.20739E-07  1.20739E-07
   47145   4  0.00000E+00  0.00000E+00  0.00000E+00  0.00000E+00  0.00000E+00  0.00000E+00  0.00000E+00  0.00000E+00  0.00000E+00  0.00000E+00  0.00000E+00  0.00000E+00  0.00000E+00  0.00000E+00  0.00000E+00  0.00000E+00  0.00000E+00  0.00000E+00  0.00000E+00  0.00000E+00  0.00000E+00  0.00000E+00  0.00000E+00  0.00000E+00
   46441   1  0.00000E+00  0.00000E+00  0.00000E+00  0.00000E+00  0.00000E+00  0.00000E+00  0.00000E+00  0.00000E+00  0.00000E+00  0.00000E+00  0.00000E+00  0.00000E+00  0.00000E+00  0.00000E+00  0.00000E+00  0.00000E+00  0.00000E+00  0.00000E+00  0.00000E+00  0.00000E+00  0.00000E+00  0.00000E+00  0.00000E+00  0.00000E+00
   46089   7  0.00000E+00  0.00000E+00  0.00000E+00  0.00000E+00  0.00000E+00  0.00000E+00  0.00000E+00  0.00000E+00  0.00000E+00  0.00000E+00  0.00000E+00  0.00000E+00  0.00000E+00  0.00000E+00  0.00000E+00  0.00000E+00  0.00000E+00  0.00000E+00  0.00000E+00  0.00000E+00  0.00000E+00  0.00000E+00  0.00000E+00  0.00000E+00
   47851   4  1.33812E-08  1.33812E-08  1.33812E-08  1.33812E-08  1.33812E-08  1.33812E-08  1.33812E-08  1.33812E-08  1.33812E-08  1.33812E-08  1.33812E-08  1.33812E-08  1.33812E-08  1.33812E-08  1.33812E-08  1.33812E-08  1.33812E-08  1.33812E-08  1.33812E-08  1.33812E-08  1.33812E-08  1.33812E-08  1.33812E-08  1.33812E-08
   47851   3  0.00000E+00  0.00000E+00  0.00000E+00  0.00000E+00  0.00000E+00  0.00000E+00  0.00000E+00  0.00000E+00  0.00000E+00  0.00000E+00  0.00000E+00  0.00000E+00  0.00000E+00  0.00000E+00  0.00000E+00  0.00000E+00  0.00000E+00  0.00000E+00  0.00000E+00  0.00000E+00  0.00000E+00  0.00000E+00  0.00000E+00  0.00000E+00
   47493   3  0.00000E+00  0.00000E+00  0.00000E+00  0.00000E+00  0.00000E+00  0.00000E+00  0.00000E+00  0.00000E+00  0.00000E+00  0.00000E+00  0.00000E+00  0.00000E+00  0.00000E+00  6.25992E-05  6.25992E-05  6.25992E-05  6.25992E-05  6.25992E-05  6.25992E-05  6.25992E-05  6.25992E-05  0.00000E+00  0.00000E+00  0.00000E+00
   47493   4  0.00000E+00  0.00000E+00  0.00000E+00  0.00000E+00  0.00000E+00  0.00000E+00  0.00000E+00  0.00000E+00  0.00000E+00  0.00000E+00  0.00000E+00  0.00000E+00  0.00000E+00  0.00000E+00  0.00000E+00  0.00000E+00  0.00000E+00  0.00000E+00  0.00000E+00  0.00000E+00  0.00000E+00  0.00000E+00  0.00000E+00  0.00000E+00
   47141   4  0.00000E+00  0.00000E+00  0.00000E+00  0.00000E+00  0.00000E+00  0.00000E+00  0.00000E+00  0.00000E+00  0.00000E+00  0.00000E+00  0.00000E+00  0.00000E+00  0.00000E+00  0.00000E+00  0.00000E+00  0.00000E+00  0.00000E+00  0.00000E+00  0.00000E+00  0.00000E+00  0.00000E+00  0.00000E+00  0.00000E+00  0.00000E+00
   47142   4  0.00000E+00  0.00000E+00  0.00000E+00  0.00000E+00  0.00000E+00  0.00000E+00  0.00000E+00  0.00000E+00  0.00000E+00  0.00000E+00  0.00000E+00  0.00000E+00  0.00000E+00  0.00000E+00  0.00000E+00  0.00000E+00  0.00000E+00  0.00000E+00  0.00000E+00  0.00000E+00  0.00000E+00  0.00000E+00  0.00000E+00  0.00000E+00
   47141   3  0.00000E+00  0.00000E+00  0.00000E+00  0.00000E+00  0.00000E+00  0.00000E+00  0.00000E+00  0.00000E+00  0.00000E+00  0.00000E+00  0.00000E+00  0.00000E+00  0.00000E+00  0.00000E+00  0.00000E+00  0.00000E+00  0.00000E+00  0.00000E+00  0.00000E+00  0.00000E+00  0.00000E+00  0.00000E+00  0.00000E+00  0.00000E+00
   47494   3  0.00000E+00  0.00000E+00  0.00000E+00  0.00000E+00  0.00000E+00  0.00000E+00  0.00000E+00  0.00000E+00  0.00000E+00  0.00000E+00  0.00000E+00  0.00000E+00  0.00000E+00  0.00000E+00  0.00000E+00  0.00000E+00  0.00000E+00  0.00000E+00  0.00000E+00  0.00000E+00  0.00000E+00  0.00000E+00  0.00000E+00  0.00000E+00
   46790   4  4.89557E-07  4.89557E-07  4.89557E-07  4.89557E-07  4.89557E-07  4.89557E-07  4.89557E-07  4.89557E-07  4.89557E-07  4.89557E-07  4.89557E-07  4.89557E-07  4.89557E-07  4.89557E-07  4.89557E-07  4.89557E-07  4.89557E-07  4.89557E-07  4.89557E-07  4.89557E-07  4.89557E-07  4.89557E-07  4.89557E-07  4.89557E-07
   46790   3  0.00000E+00  0.00000E+00  0.00000E+00  0.00000E+00  0.00000E+00  0.00000E+00  0.00000E+00  0.00000E+00  0.00000E+00  0.00000E+00  0.00000E+00  0.00000E+00  0.00000E+00  0.00000E+00  0.00000E+00  0.00000E+00  0.00000E+00  0.00000E+00  0.00000E+00  0.00000E+00  0.00000E+00  0.00000E+00  0.00000E+00  0.00000E+00
   47143   4  0.00000E+00  0.00000E+00  0.00000E+00  0.00000E+00  0.00000E+00  0.00000E+00  0.00000E+00  0.00000E+00  0.00000E+00  0.00000E+00  0.00000E+00  0.00000E+00  0.00000E+00  0.00000E+00  0.00000E+00  0.00000E+00  0.00000E+00  0.00000E+00  0.00000E+00  0.00000E+00  0.00000E+00  0.00000E+00  0.00000E+00  0.00000E+00
   47497   7  0.00000E+00  0.00000E+00  0.00000E+00  0.00000E+00  0.00000E+00  0.00000E+00  0.00000E+00  0.00000E+00  0.00000E+00  0.00000E+00  0.00000E+00  0.00000E+00  0.00000E+00  1.13930E-02  1.13930E-02  1.13930E-02  1.13930E-02  1.13930E-02  1.13930E-02  1.13930E-02  1.13930E-02  0.00000E+00  0.00000E+00  0.00000E+00
   47143   3  0.00000E+00  0.00000E+00  0.00000E+00  0.00000E+00  0.00000E+00  0.00000E+00  0.00000E+00  0.00000E+00  0.00000E+00  0.00000E+00  0.00000E+00  0.00000E+00  0.00000E+00  0.00000E+00  0.00000E+00  0.00000E+00  0.00000E+00  0.00000E+00  0.00000E+00  0.00000E+00  0.00000E+00  0.00000E+00  0.00000E+00  0.00000E+00
   46792   4  0.00000E+00  0.00000E+00  0.00000E+00  0.00000E+00  0.00000E+00  0.00000E+00  0.00000E+00  0.00000E+00  0.00000E+00  0.00000E+00  0.00000E+00  0.00000E+00  0.00000E+00  0.00000E+00  0.00000E+00  0.00000E+00  0.00000E+00  0.00000E+00  0.00000E+00  0.00000E+00  0.00000E+00  0.00000E+00  0.00000E+00  0.00000E+00
   46792   3  0.00000E+00  0.00000E+00  0.00000E+00  0.00000E+00  0.00000E+00  0.00000E+00  0.00000E+00  0.00000E+00  0.00000E+00  0.00000E+00  0.00000E+00  0.00000E+00  0.00000E+00  0.00000E+00  0.00000E+00  0.00000E+00  0.00000E+00  0.00000E+00  0.00000E+00  0.00000E+00  0.00000E+00  0.00000E+00  0.00000E+00  0.00000E+00
   46791   3  4.43930E-04  4.43930E-04  4.43930E-04  4.43930E-04  4.43930E-04  4.43930E-04  4.43930E-04  4.43930E-04  4.43930E-04  4.43930E-04  4.43930E-04  4.43930E-04  4.43930E-04  4.14622E-03  4.14622E-03  4.14622E-03  4.14622E-03  4.14622E-03  4.14622E-03  4.14622E-03  4.14622E-03  4.43930E-04  4.43930E-04  4.43930E-04
   46791   8  2.40460E-04  2.40460E-04  2.40460E-04  2.40460E-04  2.40460E-04  2.40460E-04  2.40460E-04  2.40460E-04  2.40460E-04  2.40460E-04  2.40460E-04  2.40460E-04  2.40460E-04  2.40460E-04  2.40460E-04  2.40460E-04  2.40460E-04  2.40460E-04  2.40460E-04  2.40460E-04  2.40460E-04  2.40460E-04  2.40460E-04  2.40460E-04
   46791   2  0.00000E+00  0.00000E+00  0.00000E+00  0.00000E+00  0.00000E+00  0.00000E+00  0.00000E+00  0.00000E+00  0.00000E+00  0.00000E+00  0.00000E+00  0.00000E+00  0.00000E+00  0.00000E+00  0.00000E+00  0.00000E+00  0.00000E+00  0.00000E+00  0.00000E+00  0.00000E+00  0.00000E+00  0.00000E+00  0.00000E+00  0.00000E+00
   46791   4  5.11750E-02  5.11750E-02  5.11750E-02  5.11750E-02  5.11750E-02  5.11750E-02  5.11750E-02  5.11750E-02  5.11750E-02  5.11750E-02  5.11750E-02  5.11750E-02  5.11750E-02  5.11750E-02  5.11750E-02  5.11750E-02  5.11750E-02  5.11750E-02  5.11750E-02  5.11750E-02  5.11750E-02  5.11750E-02  5.11750E-02  5.11750E-02
   46438   3  0.00000E+00  0.00000E+00  0.00000E+00  0.00000E+00  0.00000E+00  0.00000E+00  0.00000E+00  0.00000E+00  0.00000E+00  0.00000E+00  0.00000E+00  0.00000E+00  0.00000E+00  0.00000E+00  0.00000E+00  0.00000E+00  0.00000E+00  0.00000E+00  0.00000E+00  0.00000E+00  0.00000E+00  0.00000E+00  0.00000E+00  0.00000E+00
   47147   3  0.00000E+00  0.00000E+00  0.00000E+00  0.00000E+00  0.00000E+00  0.00000E+00  0.00000E+00  0.00000E+00  0.00000E+00  0.00000E+00  0.00000E+00  0.00000E+00  0.00000E+00  0.00000E+00  0.00000E+00  0.00000E+00  0.00000E+00  0.00000E+00  0.00000E+00  0.00000E+00  0.00000E+00  0.00000E+00  0.00000E+00  0.00000E+00
   47848   3  0.00000E+00  0.00000E+00  0.00000E+00  0.00000E+00  0.00000E+00  0.00000E+00  0.00000E+00  0.00000E+00  0.00000E+00  0.00000E+00  0.00000E+00  0.00000E+00  0.00000E+00  0.00000E+00  0.00000E+00  0.00000E+00  0.00000E+00  0.00000E+00  0.00000E+00  0.00000E+00  0.00000E+00  0.00000E+00  0.00000E+00  0.00000E+00
   46791   1  0.00000E+00  0.00000E+00  0.00000E+00  0.00000E+00  0.00000E+00  0.00000E+00  0.00000E+00  0.00000E+00  0.00000E+00  0.00000E+00  0.00000E+00  0.00000E+00  0.00000E+00  0.00000E+00  0.00000E+00  0.00000E+00  0.00000E+00  0.00000E+00  0.00000E+00  0.00000E+00  0.00000E+00  0.00000E+00  0.00000E+00  0.00000E+00
   47144   3  0.00000E+00  0.00000E+00  0.00000E+00  0.00000E+00  0.00000E+00  0.00000E+00  0.00000E+00  0.00000E+00  0.00000E+00  0.00000E+00  0.00000E+00  0.00000E+00  0.00000E+00  0.00000E+00  0.00000E+00  0.00000E+00  0.00000E+00  0.00000E+00  0.00000E+00  0.00000E+00  0.00000E+00  0.00000E+00  0.00000E+00  0.00000E+00
   47144   4  7.39557E-07  7.39557E-07  7.39557E-07  7.39557E-07  7.39557E-07  7.39557E-07  7.39557E-07  7.39557E-07  7.39557E-07  7.39557E-07  7.39557E-07  7.39557E-07  7.39557E-07  7.39557E-07  7.39557E-07  7.39557E-07  7.39557E-07  7.39557E-07  7.39557E-07  7.39557E-07  7.39557E-07  7.39557E-07  7.39557E-07  7.39557E-07
   47144   1  3.54021E-05  3.54021E-05  3.54021E-05  3.54021E-05  3.54021E-05  3.54021E-05  3.54021E-05  3.54021E-05  3.54021E-05  3.54021E-05  3.54021E-05  3.54021E-05  3.54021E-05  3.54021E-05  3.54021E-05  3.54021E-05  3.54021E-05  3.54021E-05  3.54021E-05  3.54021E-05  3.54021E-05  3.54021E-05  3.54021E-05  3.54021E-05
   47144   2  0.00000E+00  0.00000E+00  0.00000E+00  0.00000E+00  0.00000E+00  0.00000E+00  0.00000E+00  0.00000E+00  0.00000E+00  0.00000E+00  0.00000E+00  0.00000E+00  0.00000E+00  0.00000E+00  0.00000E+00  0.00000E+00  0.00000E+00  0.00000E+00  0.00000E+00  0.00000E+00  0.00000E+00  0.00000E+00  0.00000E+00  0.00000E+00
   46789   3  2.69369E-07  2.69369E-07  2.69369E-07  2.69369E-07  2.69369E-07  2.69369E-07  2.69369E-07  2.69369E-07  2.69369E-07  2.69369E-07  2.69369E-07  2.69369E-07  2.69369E-07  2.69369E-07  2.69369E-07  2.69369E-07  2.69369E-07  2.69369E-07  2.69369E-07  2.69369E-07  2.69369E-07  2.69369E-07  2.69369E-07  2.69369E-07
   46789   4  0.00000E+00  0.00000E+00  0.00000E+00  0.00000E+00  0.00000E+00  0.00000E+00  0.00000E+00  0.00000E+00  0.00000E+00  0.00000E+00  0.00000E+00  0.00000E+00  0.00000E+00  0.00000E+00  0.00000E+00  0.00000E+00  0.00000E+00  0.00000E+00  0.00000E+00  0.00000E+00  0.00000E+00  0.00000E+00  0.00000E+00  0.00000E+00
   46436   7  0.00000E+00  0.00000E+00  0.00000E+00  0.00000E+00  0.00000E+00  0.00000E+00  0.00000E+00  0.00000E+00  0.00000E+00  0.00000E+00  0.00000E+00  0.00000E+00  0.00000E+00  0.00000E+00  0.00000E+00  0.00000E+00  0.00000E+00  0.00000E+00  0.00000E+00  0.00000E+00  0.00000E+00  0.00000E+00  0.00000E+00  0.00000E+00
   71754   1  0.00000E+00  0.00000E+00  0.00000E+00  0.00000E+00  0.00000E+00  0.00000E+00  0.00000E+00  0.00000E+00  0.00000E+00  0.00000E+00  0.00000E+00  0.00000E+00  0.00000E+00  0.00000E+00  1.55306E-03  1.55306E-03  1.55306E-03  1.55306E-03  1.55306E-03  1.55306E-03  1.55306E-03  1.55306E-03  0.00000E+00  0.00000E+00
   71755   4  6.98150E-09  6.98150E-09  6.98150E-09  6.98150E-09  6.98150E-09  6.98150E-09  6.98150E-09  6.98150E-09  6.98150E-09  6.98150E-09  6.98150E-09  6.98150E-09  6.98150E-09  6.98150E-09  6.98150E-09  6.98150E-09  6.98150E-09  6.98150E-09  6.98150E-09  6.98150E-09  6.98150E-09  6.98150E-09  6.98150E-09  6.98150E-09
   72073   3  0.00000E+00  0.00000E+00  0.00000E+00  0.00000E+00  0.00000E+00  0.00000E+00  0.00000E+00  0.00000E+00  0.00000E+00  0.00000E+00  0.00000E+00  0.00000E+00  0.00000E+00  0.00000E+00  0.00000E+00  0.00000E+00  0.00000E+00  0.00000E+00  0.00000E+00  0.00000E+00  0.00000E+00  0.00000E+00  0.00000E+00  0.00000E+00
   70667   3  4.96819E-06  4.96819E-06  4.96819E-06  4.96819E-06  4.96819E-06  4.96819E-06  4.96819E-06  4.96819E-06  4.96819E-06  4.96819E-06  4.96819E-06  4.96819E-06  4.96819E-06  4.96819E-06  4.96819E-06  4.96819E-06  4.96819E-06  4.96819E-06  4.96819E-06  4.96819E-06  4.96819E-06  4.96819E-06  4.96819E-06  4.96819E-06
   55157   3  1.98727E-06  1.98727E-06  1.98727E-06  1.98727E-06  1.98727E-06  1.98727E-06  1.98727E-06  1.98727E-06  1.98727E-06  1.98727E-06  1.98727E-06  1.98727E-06  1.98727E-06  1.98727E-06  1.98727E-06  1.98727E-06  1.98727E-06  1.98727E-06  1.98727E-06  1.98727E-06  1.98727E-06  1.98727E-06  1.98727E-06  1.98727E-06
   55157   7  0.00000E+00  0.00000E+00  0.00000E+00  0.00000E+00  0.00000E+00  0.00000E+00  0.00000E+00  0.00000E+00  0.00000E+00  0.00000E+00  0.00000E+00  0.00000E+00  0.00000E+00  0.00000E+00  0.00000E+00  0.00000E+00  0.00000E+00  0.00000E+00  0.00000E+00  0.00000E+00  0.00000E+00  0.00000E+00  0.00000E+00  0.00000E+00
   70688   2  1.21783E-03  1.21783E-03  1.21783E-03  1.21783E-03  1.21783E-03  1.21783E-03  1.21783E-03  1.21783E-03  1.21783E-03  1.21783E-03  1.21783E-03  1.21783E-03  1.21783E-03  1.21783E-03  1.21783E-03  1.21783E-03  1.21783E-03  1.21783E-03  1.21783E-03  1.21783E-03  1.21783E-03  1.21783E-03  1.21783E-03  1.21783E-03
   61152   3  1.41608E-05  1.41608E-05  1.41608E-05  1.41608E-05  1.41608E-05  1.41608E-05  1.41608E-05  1.41608E-05  1.41608E-05  1.41608E-05  1.41608E-05  1.41608E-05  1.41608E-05  1.41608E-05  1.41608E-05  1.41608E-05  1.41608E-05  1.41608E-05  1.41608E-05  1.41608E-05  1.41608E-05  1.41608E-05  1.41608E-05  1.41608E-05
   66103   3  0.00000E+00  0.00000E+00  0.00000E+00  0.00000E+00  0.00000E+00  0.00000E+00  0.00000E+00  0.00000E+00  0.00000E+00  0.00000E+00  0.00000E+00  0.00000E+00  0.00000E+00  0.00000E+00  0.00000E+00  0.00000E+00  0.00000E+00  0.00000E+00  0.00000E+00  0.00000E+00  0.00000E+00  0.00000E+00  0.00000E+00  0.00000E+00
   57265   2  0.00000E+00  0.00000E+00  0.00000E+00  0.00000E+00  0.00000E+00  0.00000E+00  0.00000E+00  0.00000E+00  0.00000E+00  0.00000E+00  0.00000E+00  0.00000E+00  0.00000E+00  0.00000E+00  0.00000E+00  0.00000E+00  0.00000E+00  0.00000E+00  0.00000E+00  0.00000E+00  0.00000E+00  0.00000E+00  0.00000E+00  0.00000E+00
   57265   7  0.00000E+00  0.00000E+00  0.00000E+00  0.00000E+00  0.00000E+00  0.00000E+00  0.00000E+00  0.00000E+00  0.00000E+00  0.00000E+00  0.00000E+00  0.00000E+00  0.00000E+00  0.00000E+00  0.00000E+00  0.00000E+00  0.00000E+00  0.00000E+00  0.00000E+00  0.00000E+00  0.00000E+00  0.00000E+00  0.00000E+00  0.00000E+00
   57265   3  0.00000E+00  0.00000E+00  0.00000E+00  0.00000E+00  0.00000E+00  0.00000E+00  0.00000E+00  0.00000E+00  0.00000E+00  0.00000E+00  0.00000E+00  0.00000E+00  0.00000E+00  0.00000E+00  0.00000E+00  0.00000E+00  0.00000E+00  0.00000E+00  0.00000E+00  0.00000E+00  0.00000E+00  0.00000E+00  0.00000E+00  0.00000E+00
   62209   3  9.07576E-04  9.07576E-04  9.07576E-04  9.07576E-04  9.07576E-04  9.07576E-04  9.07576E-04  9.07576E-04  9.07576E-04  9.07576E-04  9.07576E-04  9.07576E-04  9.07576E-04  9.07576E-04  9.07576E-04  9.07576E-04  9.07576E-04  9.07576E-04  9.07576E-04  9.07576E-04  9.07576E-04  9.07576E-04  9.07576E-04  9.07576E-04
   62209   4  0.00000E+00  0.00000E+00  0.00000E+00  0.00000E+00  0.00000E+00  0.00000E+00  0.00000E+00  0.00000E+00  0.00000E+00  0.00000E+00  0.00000E+00  0.00000E+00  0.00000E+00  0.00000E+00  0.00000E+00  0.00000E+00  0.00000E+00  0.00000E+00  0.00000E+00  0.00000E+00  0.00000E+00  0.00000E+00  0.00000E+00  0.00000E+00
   62209   2  0.00000E+00  0.00000E+00  0.00000E+00  0.00000E+00  0.00000E+00  0.00000E+00  0.00000E+00  0.00000E+00  0.00000E+00  0.00000E+00  0.00000E+00  0.00000E+00  0.00000E+00  0.00000E+00  0.00000E+00  0.00000E+00  0.00000E+00  0.00000E+00  0.00000E+00  0.00000E+00  0.00000E+00  0.00000E+00  0.00000E+00  0.00000E+00
   62560   3  0.00000E+00  0.00000E+00  0.00000E+00  0.00000E+00  0.00000E+00  0.00000E+00  0.00000E+00  0.00000E+00  0.00000E+00  0.00000E+00  0.00000E+00  0.00000E+00  0.00000E+00  0.00000E+00  1.87958E-01  1.87958E-01  1.87958E-01  1.87958E-01  1.87958E-01  1.87958E-01  1.87958E-01  1.87958E-01  0.00000E+00  0.00000E+00
   62560   6  3.21962E-04  3.21962E-04  3.21962E-04  3.21962E-04  3.21962E-04  3.21962E-04  3.21962E-04  3.21962E-04  3.21962E-04  3.21962E-04  3.21962E-04  3.21962E-04  3.21962E-04  3.21962E-04  3.21962E-04  3.21962E-04  3.21962E-04  3.21962E-04  3.21962E-04  3.21962E-04  3.21962E-04  3.21962E-04  3.21962E-04  3.21962E-04
   62560   2  0.00000E+00  0.00000E+00  0.00000E+00  0.00000E+00  0.00000E+00  0.00000E+00  0.00000E+00  0.00000E+00  0.00000E+00  0.00000E+00  0.00000E+00  0.00000E+00  0.00000E+00  0.00000E+00  0.00000E+00  0.00000E+00  0.00000E+00  0.00000E+00  0.00000E+00  0.00000E+00  0.00000E+00  0.00000E+00  0.00000E+00  0.00000E+00
   62906   3  0.00000E+00  0.00000E+00  0.00000E+00  0.00000E+00  0.00000E+00  0.00000E+00  0.00000E+00  0.00000E+00  0.00000E+00  0.00000E+00  0.00000E+00  0.00000E+00  0.00000E+00  0.00000E+00  2.23568E-04  2.23568E-04  2.23568E-04  2.23568E-04  2.23568E-04  2.23568E-04  2.23568E-04  2.23568E-04  0.00000E+00  0.00000E+00
   62906   2  0.00000E+00  0.00000E+00  0.00000E+00  0.00000E+00  0.00000E+00  0.00000E+00  0.00000E+00  0.00000E+00  0.00000E+00  0.00000E+00  0.00000E+00  0.00000E+00  0.00000E+00  0.00000E+00  0.00000E+00  0.00000E+00  0.00000E+00  0.00000E+00  0.00000E+00  0.00000E+00  0.00000E+00  0.00000E+00  0.00000E+00  0.00000E+00
   62201   7  0.00000E+00  0.00000E+00  0.00000E+00  0.00000E+00  0.00000E+00  0.00000E+00  0.00000E+00  0.00000E+00  0.00000E+00  0.00000E+00  0.00000E+00  0.00000E+00  0.00000E+00  0.00000E+00  0.00000E+00  0.00000E+00  0.00000E+00  0.00000E+00  0.00000E+00  0.00000E+00  0.00000E+00  0.00000E+00  0.00000E+00  0.00000E+00
   69268   7  0.00000E+00  0.00000E+00  0.00000E+00  0.00000E+00  0.00000E+00  0.00000E+00  0.00000E+00  0.00000E+00  0.00000E+00  0.00000E+00  0.00000E+00  0.00000E+00  0.00000E+00  0.00000E+00  0.00000E+00  0.00000E+00  0.00000E+00  0.00000E+00  0.00000E+00  0.00000E+00  0.00000E+00  0.00000E+00  0.00000E+00  0.00000E+00
   67518   2  0.00000E+00  0.00000E+00  0.00000E+00  0.00000E+00  0.00000E+00  0.00000E+00  0.00000E+00  0.00000E+00  0.00000E+00  0.00000E+00  0.00000E+00  0.00000E+00  0.00000E+00  0.00000E+00  0.00000E+00  0.00000E+00  0.00000E+00  0.00000E+00  0.00000E+00  0.00000E+00  0.00000E+00  0.00000E+00  0.00000E+00  0.00000E+00
   53397   5  0.00000E+00  0.00000E+00  0.00000E+00  0.00000E+00  0.00000E+00  0.00000E+00  0.00000E+00  0.00000E+00  0.00000E+00  0.00000E+00  0.00000E+00  0.00000E+00  0.00000E+00  0.00000E+00  0.00000E+00  0.00000E+00  0.00000E+00  0.00000E+00  0.00000E+00  0.00000E+00  0.00000E+00  0.00000E+00  0.00000E+00  0.00000E+00
   53397   3  0.00000E+00  0.00000E+00  0.00000E+00  0.00000E+00  0.00000E+00  0.00000E+00  0.00000E+00  0.00000E+00  0.00000E+00  0.00000E+00  0.00000E+00  0.00000E+00  0.00000E+00  0.00000E+00  3.27900E-05  3.27900E-05  3.27900E-05  3.27900E-05  3.27900E-05  3.27900E-05  3.27900E-05  3.27900E-05  0.00000E+00  0.00000E+00
   53397   7  0.00000E+00  0.00000E+00  0.00000E+00  0.00000E+00  0.00000E+00  0.00000E+00  0.00000E+00  0.00000E+00  0.00000E+00  0.00000E+00  0.00000E+00  0.00000E+00  0.00000E+00  0.00000E+00  0.00000E+00  0.00000E+00  0.00000E+00  0.00000E+00  0.00000E+00  0.00000E+00  0.00000E+00  0.00000E+00  0.00000E+00  0.00000E+00
   72093   3  0.00000E+00  0.00000E+00  0.00000E+00  0.00000E+00  0.00000E+00  0.00000E+00  0.00000E+00  0.00000E+00  0.00000E+00  0.00000E+00  0.00000E+00  0.00000E+00  0.00000E+00  0.00000E+00  0.00000E+00  0.00000E+00  0.00000E+00  0.00000E+00  0.00000E+00  0.00000E+00  0.00000E+00  0.00000E+00  0.00000E+00  0.00000E+00
   72093   7  0.00000E+00  0.00000E+00  0.00000E+00  0.00000E+00  0.00000E+00  0.00000E+00  0.00000E+00  0.00000E+00  0.00000E+00  0.00000E+00  0.00000E+00  0.00000E+00  0.00000E+00  0.00000E+00  0.00000E+00  0.00000E+00  0.00000E+00  0.00000E+00  0.00000E+00  0.00000E+00  0.00000E+00  0.00000E+00  0.00000E+00  0.00000E+00
   72093   4  3.30167E-06  3.30167E-06  3.30167E-06  3.30167E-06  3.30167E-06  3.30167E-06  3.30167E-06  3.30167E-06  3.30167E-06  3.30167E-06  3.30167E-06  3.30167E-06  3.30167E-06  3.30167E-06  3.30167E-06  3.30167E-06  3.30167E-06  3.30167E-06  3.30167E-06  3.30167E-06  3.30167E-06  3.30167E-06  3.30167E-06  3.30167E-06
   66425   2  0.00000E+00  0.00000E+00  0.00000E+00  0.00000E+00  0.00000E+00  0.00000E+00  0.00000E+00  0.00000E+00  0.00000E+00  0.00000E+00  0.00000E+00  0.00000E+00  0.00000E+00  0.00000E+00  0.00000E+00  0.00000E+00  0.00000E+00  0.00000E+00  0.00000E+00  0.00000E+00  0.00000E+00  0.00000E+00  0.00000E+00  0.00000E+00
   67854   3  4.04595E-06  4.04595E-06  4.04595E-06  4.04595E-06  4.04595E-06  4.04595E-06  4.04595E-06  4.04595E-06  4.04595E-06  4.04595E-06  4.04595E-06  4.04595E-06  4.04595E-06  4.04595E-06  4.04595E-06  4.04595E-06  4.04595E-06  4.04595E-06  4.04595E-06  4.04595E-06  4.04595E-06  4.04595E-06  4.04595E-06  4.04595E-06
   59052   2  9.93637E-07  9.93637E-07  9.93637E-07  9.93637E-07  9.93637E-07  9.93637E-07  9.93637E-07  9.93637E-07  9.93637E-07  9.93637E-07  9.93637E-07  9.93637E-07  9.93637E-07  9.93637E-07  9.93637E-07  9.93637E-07  9.93637E-07  9.93637E-07  9.93637E-07  9.93637E-07  9.93637E-07  9.93637E-07  9.93637E-07  9.93637E-07
   72780   3  4.04595E-06  4.04595E-06  4.04595E-06  4.04595E-06  4.04595E-06  4.04595E-06  4.04595E-06  4.04595E-06  4.04595E-06  4.04595E-06  4.04595E-06  4.04595E-06  4.04595E-06  4.04595E-06  4.04595E-06  4.04595E-06  4.04595E-06  4.04595E-06  4.04595E-06  4.04595E-06  4.04595E-06  4.04595E-06  4.04595E-06  4.04595E-06
   32698   2  0.00000E+00  0.00000E+00  0.00000E+00  0.00000E+00  0.00000E+00  0.00000E+00  0.00000E+00  0.00000E+00  0.00000E+00  0.00000E+00  0.00000E+00  0.00000E+00  0.00000E+00  0.00000E+00  0.00000E+00  0.00000E+00  0.00000E+00  0.00000E+00  0.00000E+00  0.00000E+00  0.00000E+00  0.00000E+00  0.00000E+00  0.00000E+00
   32699   3  0.00000E+00  0.00000E+00  0.00000E+00  0.00000E+00  0.00000E+00  0.00000E+00  0.00000E+00  0.00000E+00  0.00000E+00  0.00000E+00  0.00000E+00  0.00000E+00  0.00000E+00  0.00000E+00  0.00000E+00  0.00000E+00  0.00000E+00  0.00000E+00  0.00000E+00  0.00000E+00  0.00000E+00  0.00000E+00  0.00000E+00  0.00000E+00
   32698   4  2.71157E-04  2.71157E-04  2.71157E-04  2.71157E-04  2.71157E-04  2.71157E-04  2.71157E-04  2.71157E-04  2.71157E-04  2.71157E-04  2.71157E-04  2.71157E-04  2.71157E-04  2.71157E-04  2.71157E-04  2.71157E-04  2.71157E-04  2.71157E-04  2.71157E-04  2.71157E-04  2.71157E-04  2.71157E-04  2.71157E-04  2.71157E-04
   32698   3  2.49589E-07  2.49589E-07  2.49589E-07  2.49589E-07  2.49589E-07  2.49589E-07  2.49589E-07  2.49589E-07  2.49589E-07  2.49589E-07  2.49589E-07  2.49589E-07  2.49589E-07  2.49589E-07  2.49589E-07  2.49589E-07  2.49589E-07  2.49589E-07  2.49589E-07  2.49589E-07  2.49589E-07  2.49589E-07  2.49589E-07  2.49589E-07
   33754   4  0.00000E+00  0.00000E+00  0.00000E+00  0.00000E+00  0.00000E+00  0.00000E+00  0.00000E+00  0.00000E+00  0.00000E+00  0.00000E+00  0.00000E+00  0.00000E+00  0.00000E+00  0.00000E+00  0.00000E+00  0.00000E+00  0.00000E+00  0.00000E+00  0.00000E+00  0.00000E+00  0.00000E+00  0.00000E+00  0.00000E+00  0.00000E+00
   32698   5  0.00000E+00  0.00000E+00  0.00000E+00  0.00000E+00  0.00000E+00  0.00000E+00  0.00000E+00  0.00000E+00  0.00000E+00  0.00000E+00  0.00000E+00  0.00000E+00  0.00000E+00  0.00000E+00  0.00000E+00  0.00000E+00  0.00000E+00  0.00000E+00  0.00000E+00  0.00000E+00  0.00000E+00  0.00000E+00  0.00000E+00  0.00000E+00
   46097   3  6.93457E-06  6.93457E-06  6.93457E-06  6.93457E-06  6.93457E-06  6.93457E-06  6.93457E-06  6.93457E-06  6.93457E-06  6.93457E-06  6.93457E-06  6.93457E-06  6.93457E-06  6.93457E-06  6.93457E-06  6.93457E-06  6.93457E-06  6.93457E-06  6.93457E-06  6.93457E-06  6.93457E-06  6.93457E-06  6.93457E-06  6.93457E-06
   32346   1  0.00000E+00  0.00000E+00  0.00000E+00  0.00000E+00  0.00000E+00  0.00000E+00  0.00000E+00  0.00000E+00  0.00000E+00  0.00000E+00  0.00000E+00  0.00000E+00  0.00000E+00  0.00000E+00  0.00000E+00  0.00000E+00  0.00000E+00  0.00000E+00  0.00000E+00  0.00000E+00  0.00000E+00  0.00000E+00  0.00000E+00  0.00000E+00
   32346   2  0.00000E+00  0.00000E+00  0.00000E+00  0.00000E+00  0.00000E+00  0.00000E+00  0.00000E+00  0.00000E+00  0.00000E+00  0.00000E+00  0.00000E+00  0.00000E+00  0.00000E+00  0.00000E+00  0.00000E+00  0.00000E+00  0.00000E+00  0.00000E+00  0.00000E+00  0.00000E+00  0.00000E+00  0.00000E+00  0.00000E+00  0.00000E+00
   32346   3  0.00000E+00  0.00000E+00  0.00000E+00  0.00000E+00  0.00000E+00  0.00000E+00  0.00000E+00  0.00000E+00  0.00000E+00  0.00000E+00  0.00000E+00  0.00000E+00  0.00000E+00  8.64465E-05  8.64465E-05  8.64465E-05  8.64465E-05  8.64465E-05  8.64465E-05  8.64465E-05  8.64465E-05  0.00000E+00  0.00000E+00  0.00000E+00
   32346   5  0.00000E+00  0.00000E+00  0.00000E+00  0.00000E+00  0.00000E+00  0.00000E+00  0.00000E+00  0.00000E+00  0.00000E+00  0.00000E+00  0.00000E+00  0.00000E+00  0.00000E+00  0.00000E+00  0.00000E+00  0.00000E+00  0.00000E+00  0.00000E+00  0.00000E+00  0.00000E+00  0.00000E+00  0.00000E+00  0.00000E+00  0.00000E+00
   33394   3  0.00000E+00  0.00000E+00  0.00000E+00  0.00000E+00  0.00000E+00  0.00000E+00  0.00000E+00  0.00000E+00  0.00000E+00  0.00000E+00  0.00000E+00  0.00000E+00  0.00000E+00  0.00000E+00  0.00000E+00  0.00000E+00  0.00000E+00  0.00000E+00  0.00000E+00  0.00000E+00  0.00000E+00  0.00000E+00  0.00000E+00  0.00000E+00
   33394   7  0.00000E+00  0.00000E+00  0.00000E+00  0.00000E+00  0.00000E+00  0.00000E+00  0.00000E+00  0.00000E+00  0.00000E+00  0.00000E+00  0.00000E+00  0.00000E+00  0.00000E+00  0.00000E+00  0.00000E+00  0.00000E+00  0.00000E+00  0.00000E+00  0.00000E+00  0.00000E+00  0.00000E+00  0.00000E+00  0.00000E+00  0.00000E+00
   47881   3  0.00000E+00  0.00000E+00  0.00000E+00  0.00000E+00  0.00000E+00  0.00000E+00  0.00000E+00  0.00000E+00  0.00000E+00  0.00000E+00  0.00000E+00  0.00000E+00  0.00000E+00  0.00000E+00  0.00000E+00  0.00000E+00  0.00000E+00  0.00000E+00  0.00000E+00  0.00000E+00  0.00000E+00  0.00000E+00  0.00000E+00  0.00000E+00
   47881   4  5.71028E-06  5.71028E-06  5.71028E-06  5.71028E-06  5.71028E-06  5.71028E-06  5.71028E-06  5.71028E-06  5.71028E-06  5.71028E-06  5.71028E-06  5.71028E-06  5.71028E-06  5.71028E-06  5.71028E-06  5.71028E-06  5.71028E-06  5.71028E-06  5.71028E-06  5.71028E-06  5.71028E-06  5.71028E-06  5.71028E-06  5.71028E-06
   54565   3  9.93637E-07  9.93637E-07  9.93637E-07  9.93637E-07  9.93637E-07  9.93637E-07  9.93637E-07  9.93637E-07  9.93637E-07  9.93637E-07  9.93637E-07  9.93637E-07  9.93637E-07  9.93637E-07  9.93637E-07  9.93637E-07  9.93637E-07  9.93637E-07  9.93637E-07  9.93637E-07  9.93637E-07  9.93637E-07  9.93637E-07  9.93637E-07
   54565   4  3.48202E-06  3.48202E-06  3.48202E-06  3.48202E-06  3.48202E-06  3.48202E-06  3.48202E-06  3.48202E-06  3.48202E-06  3.48202E-06  3.48202E-06  3.48202E-06  3.48202E-06  3.48202E-06  3.48202E-06  3.48202E-06  3.48202E-06  3.48202E-06  3.48202E-06  3.48202E-06  3.48202E-06  3.48202E-06  3.48202E-06  3.48202E-06
   54565   7  0.00000E+00  0.00000E+00  0.00000E+00  0.00000E+00  0.00000E+00  0.00000E+00  0.00000E+00  0.00000E+00  0.00000E+00  0.00000E+00  0.00000E+00  0.00000E+00  0.00000E+00  0.00000E+00  0.00000E+00  0.00000E+00  0.00000E+00  0.00000E+00  0.00000E+00  0.00000E+00  0.00000E+00  0.00000E+00  0.00000E+00  0.00000E+00
   48578   4  7.65542E-06  7.65542E-06  7.65542E-06  7.65542E-06  7.65542E-06  7.65542E-06  7.65542E-06  7.65542E-06  7.65542E-06  7.65542E-06  7.65542E-06  7.65542E-06  7.65542E-06  7.65542E-06  7.65542E-06  7.65542E-06  7.65542E-06  7.65542E-06  7.65542E-06  7.65542E-06  7.65542E-06  7.65542E-06  7.65542E-06  7.65542E-06
   48578   3  0.00000E+00  0.00000E+00  0.00000E+00  0.00000E+00  0.00000E+00  0.00000E+00  0.00000E+00  0.00000E+00  0.00000E+00  0.00000E+00  0.00000E+00  0.00000E+00  0.00000E+00  0.00000E+00  0.00000E+00  0.00000E+00  0.00000E+00  0.00000E+00  0.00000E+00  0.00000E+00  0.00000E+00  0.00000E+00  0.00000E+00  0.00000E+00
   48578   2  0.00000E+00  0.00000E+00  0.00000E+00  0.00000E+00  0.00000E+00  0.00000E+00  0.00000E+00  0.00000E+00  0.00000E+00  0.00000E+00  0.00000E+00  0.00000E+00  0.00000E+00  0.00000E+00  0.00000E+00  0.00000E+00  0.00000E+00  0.00000E+00  0.00000E+00  0.00000E+00  0.00000E+00  0.00000E+00  0.00000E+00  0.00000E+00
   48226   3  0.00000E+00  0.00000E+00  0.00000E+00  0.00000E+00  0.00000E+00  0.00000E+00  0.00000E+00  0.00000E+00  0.00000E+00  0.00000E+00  0.00000E+00  0.00000E+00  0.00000E+00  0.00000E+00  0.00000E+00  0.00000E+00  0.00000E+00  0.00000E+00  0.00000E+00  0.00000E+00  0.00000E+00  0.00000E+00  0.00000E+00  0.00000E+00
   48226   4  0.00000E+00  0.00000E+00  0.00000E+00  0.00000E+00  0.00000E+00  0.00000E+00  0.00000E+00  0.00000E+00  0.00000E+00  0.00000E+00  0.00000E+00  0.00000E+00  0.00000E+00  0.00000E+00  0.00000E+00  0.00000E+00  0.00000E+00  0.00000E+00  0.00000E+00  0.00000E+00  0.00000E+00  0.00000E+00  0.00000E+00  0.00000E+00
   47518   7  0.00000E+00  0.00000E+00  0.00000E+00  0.00000E+00  0.00000E+00  0.00000E+00  0.00000E+00  0.00000E+00  0.00000E+00  0.00000E+00  0.00000E+00  0.00000E+00  0.00000E+00  0.00000E+00  0.00000E+00  0.00000E+00  0.00000E+00  0.00000E+00  0.00000E+00  0.00000E+00  0.00000E+00  0.00000E+00  0.00000E+00  0.00000E+00
   48227   3  0.00000E+00  0.00000E+00  0.00000E+00  0.00000E+00  0.00000E+00  0.00000E+00  0.00000E+00  0.00000E+00  0.00000E+00  0.00000E+00  0.00000E+00  0.00000E+00  0.00000E+00  0.00000E+00  0.00000E+00  0.00000E+00  0.00000E+00  0.00000E+00  0.00000E+00  0.00000E+00  0.00000E+00  0.00000E+00  0.00000E+00  0.00000E+00
   48227   2  0.00000E+00  0.00000E+00  0.00000E+00  0.00000E+00  0.00000E+00  0.00000E+00  0.00000E+00  0.00000E+00  0.00000E+00  0.00000E+00  0.00000E+00  0.00000E+00  0.00000E+00  0.00000E+00  0.00000E+00  0.00000E+00  0.00000E+00  0.00000E+00  0.00000E+00  0.00000E+00  0.00000E+00  0.00000E+00  0.00000E+00  0.00000E+00
   46818   4  6.56843E-07  6.56843E-07  6.56843E-07  6.56843E-07  6.56843E-07  6.56843E-07  6.56843E-07  6.56843E-07  6.56843E-07  6.56843E-07  6.56843E-07  6.56843E-07  6.56843E-07  6.56843E-07  6.56843E-07  6.56843E-07  6.56843E-07  6.56843E-07  6.56843E-07  6.56843E-07  6.56843E-07  6.56843E-07  6.56843E-07  6.56843E-07
   38332   4  0.00000E+00  0.00000E+00  0.00000E+00  0.00000E+00  0.00000E+00  0.00000E+00  0.00000E+00  0.00000E+00  0.00000E+00  0.00000E+00  0.00000E+00  0.00000E+00  0.00000E+00  0.00000E+00  0.00000E+00  0.00000E+00  0.00000E+00  0.00000E+00  0.00000E+00  0.00000E+00  0.00000E+00  0.00000E+00  0.00000E+00  0.00000E+00
   38332   7  0.00000E+00  0.00000E+00  0.00000E+00  0.00000E+00  0.00000E+00  0.00000E+00  0.00000E+00  0.00000E+00  0.00000E+00  0.00000E+00  0.00000E+00  0.00000E+00  0.00000E+00  0.00000E+00  0.00000E+00  0.00000E+00  0.00000E+00  0.00000E+00  0.00000E+00  0.00000E+00  0.00000E+00  0.00000E+00  0.00000E+00  0.00000E+00
   35158   3  0.00000E+00  0.00000E+00  0.00000E+00  0.00000E+00  0.00000E+00  0.00000E+00  0.00000E+00  0.00000E+00  0.00000E+00  0.00000E+00  0.00000E+00  0.00000E+00  0.00000E+00  0.00000E+00  0.00000E+00  0.00000E+00  0.00000E+00  0.00000E+00  0.00000E+00  0.00000E+00  0.00000E+00  0.00000E+00  0.00000E+00  0.00000E+00
   30178   3  1.46979E-04  1.46979E-04  1.46979E-04  1.46979E-04  1.46979E-04  1.46979E-04  1.46979E-04  1.46979E-04  1.46979E-04  1.46979E-04  1.46979E-04  1.46979E-04  1.46979E-04  1.46979E-04  1.46979E-04  1.46979E-04  1.46979E-04  1.46979E-04  1.46979E-04  1.46979E-04  1.46979E-04  1.46979E-04  1.46979E-04  1.46979E-04
   30178   4  2.17907E-03  2.17907E-03  2.17907E-03  2.17907E-03  2.17907E-03  2.17907E-03  2.17907E-03  2.17907E-03  2.17907E-03  2.17907E-03  2.17907E-03  2.17907E-03  2.17907E-03  2.17907E-03  2.17907E-03  2.17907E-03  2.17907E-03  2.17907E-03  2.17907E-03  2.17907E-03  2.17907E-03  2.17907E-03  2.17907E-03  2.17907E-03
   30178   7  0.00000E+00  0.00000E+00  0.00000E+00  0.00000E+00  0.00000E+00  0.00000E+00  0.00000E+00  0.00000E+00  0.00000E+00  0.00000E+00  0.00000E+00  0.00000E+00  0.00000E+00  5.56555E-03  5.56555E-03  5.56555E-03  5.56555E-03  5.56555E-03  5.56555E-03  5.56555E-03  5.56555E-03  0.00000E+00  0.00000E+00  0.00000E+00
   30177   4  2.17964E-06  2.17964E-06  2.17964E-06  2.17964E-06  2.17964E-06  2.17964E-06  2.17964E-06  2.17964E-06  2.17964E-06  2.17964E-06  2.17964E-06  2.17964E-06  2.17964E-06  2.17964E-06  2.17964E-06  2.17964E-06  2.17964E-06  2.17964E-06  2.17964E-06  2.17964E-06  2.17964E-06  2.17964E-06  2.17964E-06  2.17964E-06
   29472   3  0.00000E+00  0.00000E+00  0.00000E+00  0.00000E+00  0.00000E+00  0.00000E+00  0.00000E+00  0.00000E+00  0.00000E+00  0.00000E+00  0.00000E+00  0.00000E+00  0.00000E+00  1.68330E-01  1.68330E-01  1.68330E-01  1.68330E-01  1.68330E-01  1.68330E-01  1.68330E-01  1.68330E-01  0.00000E+00  0.00000E+00  0.00000E+00
   29472   5  0.00000E+00  0.00000E+00  0.00000E+00  0.00000E+00  0.00000E+00  0.00000E+00  0.00000E+00  0.00000E+00  0.00000E+00  0.00000E+00  0.00000E+00  0.00000E+00  0.00000E+00  3.74068E-02  3.74068E-02  3.74068E-02  3.74068E-02  3.74068E-02  3.74068E-02  3.74068E-02  3.74068E-02  0.00000E+00  0.00000E+00  0.00000E+00
   29472   4  0.00000E+00  0.00000E+00  0.00000E+00  0.00000E+00  0.00000E+00  0.00000E+00  0.00000E+00  0.00000E+00  0.00000E+00  0.00000E+00  0.00000E+00  0.00000E+00  0.00000E+00  1.68330E-01  1.68330E-01  1.68330E-01  1.68330E-01  1.68330E-01  1.68330E-01  1.68330E-01  1.68330E-01  0.00000E+00  0.00000E+00  0.00000E+00
   30531   4  2.14678E-06  2.14678E-06  2.14678E-06  2.14678E-06  2.14678E-06  2.14678E-06  2.14678E-06  2.14678E-06  2.14678E-06  2.14678E-06  2.14678E-06  2.14678E-06  2.14678E-06  2.14678E-06  2.14678E-06  2.14678E-06  2.14678E-06  2.14678E-06  2.14678E-06  2.14678E-06  2.14678E-06  2.14678E-06  2.14678E-06  2.14678E-06
   30178   5  0.00000E+00  0.00000E+00  0.00000E+00  0.00000E+00  0.00000E+00  0.00000E+00  0.00000E+00  0.00000E+00  0.00000E+00  0.00000E+00  0.00000E+00  0.00000E+00  0.00000E+00  0.00000E+00  0.00000E+00  0.00000E+00  0.00000E+00  0.00000E+00  0.00000E+00  0.00000E+00  0.00000E+00  0.00000E+00  0.00000E+00  0.00000E+00
   30526   3  1.27055E-06  1.27055E-06  1.27055E-06  1.27055E-06  1.27055E-06  1.27055E-06  1.27055E-06  1.27055E-06  1.27055E-06  1.27055E-06  1.27055E-06  1.27055E-06  1.27055E-06  1.27055E-06  1.27055E-06  1.27055E-06  1.27055E-06  1.27055E-06  1.27055E-06  1.27055E-06  1.27055E-06  1.27055E-06  1.27055E-06  1.27055E-06
   30529   3  0.00000E+00  0.00000E+00  0.00000E+00  0.00000E+00  0.00000E+00  0.00000E+00  0.00000E+00  0.00000E+00  0.00000E+00  0.00000E+00  0.00000E+00  0.00000E+00  0.00000E+00  0.00000E+00  0.00000E+00  0.00000E+00  0.00000E+00  0.00000E+00  0.00000E+00  0.00000E+00  0.00000E+00  0.00000E+00  0.00000E+00  0.00000E+00
   30529   4  1.67091E-03  1.67091E-03  1.67091E-03  1.67091E-03  1.67091E-03  1.67091E-03  1.67091E-03  1.67091E-03  1.67091E-03  1.67091E-03  1.67091E-03  1.67091E-03  1.67091E-03  1.67091E-03  1.67091E-03  1.67091E-03  1.67091E-03  1.67091E-03  1.67091E-03  1.67091E-03  1.67091E-03  1.67091E-03  1.67091E-03  1.67091E-03
   31942   4  3.37395E-05  3.37395E-05  3.37395E-05  3.37395E-05  3.37395E-05  3.37395E-05  3.37395E-05  3.37395E-05  3.37395E-05  3.37395E-05  3.37395E-05  3.37395E-05  3.37395E-05  3.37395E-05  3.37395E-05  3.37395E-05  3.37395E-05  3.37395E-05  3.37395E-05  3.37395E-05  3.37395E-05  3.37395E-05  3.37395E-05  3.37395E-05
   30884   4  2.71014E-04  2.71014E-04  2.71014E-04  2.71014E-04  2.71014E-04  2.71014E-04  2.71014E-04  2.71014E-04  2.71014E-04  2.71014E-04  2.71014E-04  2.71014E-04  2.71014E-04  2.71014E-04  2.71014E-04  2.71014E-04  2.71014E-04  2.71014E-04  2.71014E-04  2.71014E-04  2.71014E-04  2.71014E-04  2.71014E-04  2.71014E-04
   44188   2  0.00000E+00  0.00000E+00  0.00000E+00  0.00000E+00  0.00000E+00  0.00000E+00  0.00000E+00  0.00000E+00  0.00000E+00  0.00000E+00  0.00000E+00  0.00000E+00  0.00000E+00  0.00000E+00  0.00000E+00  0.00000E+00  0.00000E+00  0.00000E+00  0.00000E+00  0.00000E+00  0.00000E+00  0.00000E+00  0.00000E+00  0.00000E+00
   44899   3  0.00000E+00  0.00000E+00  0.00000E+00  0.00000E+00  0.00000E+00  0.00000E+00  0.00000E+00  0.00000E+00  0.00000E+00  0.00000E+00  0.00000E+00  0.00000E+00  0.00000E+00  0.00000E+00  0.00000E+00  0.00000E+00  0.00000E+00  0.00000E+00  0.00000E+00  0.00000E+00  0.00000E+00  0.00000E+00  0.00000E+00  0.00000E+00
   47369   3  4.43196E-05  4.43196E-05  4.43196E-05  4.43196E-05  4.43196E-05  4.43196E-05  4.43196E-05  4.43196E-05  4.43196E-05  4.43196E-05  4.43196E-05  4.43196E-05  4.43196E-05  4.43196E-05  4.43196E-05  4.43196E-05  4.43196E-05  4.43196E-05  4.43196E-05  4.43196E-05  4.43196E-05  4.43196E-05  4.43196E-05  4.43196E-05
   55130   4  0.00000E+00  0.00000E+00  0.00000E+00  0.00000E+00  0.00000E+00  0.00000E+00  0.00000E+00  0.00000E+00  0.00000E+00  0.00000E+00  0.00000E+00  0.00000E+00  0.00000E+00  0.00000E+00  0.00000E+00  0.00000E+00  0.00000E+00  0.00000E+00  0.00000E+00  0.00000E+00  0.00000E+00  0.00000E+00  0.00000E+00  0.00000E+00
   55130   3  0.00000E+00  0.00000E+00  0.00000E+00  0.00000E+00  0.00000E+00  0.00000E+00  0.00000E+00  0.00000E+00  0.00000E+00  0.00000E+00  0.00000E+00  0.00000E+00  0.00000E+00  0.00000E+00  0.00000E+00  0.00000E+00  0.00000E+00  0.00000E+00  0.00000E+00  0.00000E+00  0.00000E+00  0.00000E+00  0.00000E+00  0.00000E+00
   55121   4  0.00000E+00  0.00000E+00  0.00000E+00  0.00000E+00  0.00000E+00  0.00000E+00  0.00000E+00  0.00000E+00  0.00000E+00  0.00000E+00  0.00000E+00  0.00000E+00  0.00000E+00  0.00000E+00  0.00000E+00  0.00000E+00  0.00000E+00  0.00000E+00  0.00000E+00  0.00000E+00  0.00000E+00  0.00000E+00  0.00000E+00  0.00000E+00
   55121   3  0.00000E+00  0.00000E+00  0.00000E+00  0.00000E+00  0.00000E+00  0.00000E+00  0.00000E+00  0.00000E+00  0.00000E+00  0.00000E+00  0.00000E+00  0.00000E+00  0.00000E+00  0.00000E+00  0.00000E+00  0.00000E+00  0.00000E+00  0.00000E+00  0.00000E+00  0.00000E+00  0.00000E+00  0.00000E+00  0.00000E+00  0.00000E+00
   58290   4  6.35272E-05  6.35272E-05  6.35272E-05  6.35272E-05  6.35272E-05  6.35272E-05  6.35272E-05  6.35272E-05  6.35272E-05  6.35272E-05  6.35272E-05  6.35272E-05  6.35272E-05  6.35272E-05  6.35272E-05  6.35272E-05  6.35272E-05  6.35272E-05  6.35272E-05  6.35272E-05  6.35272E-05  6.35272E-05  6.35272E-05  6.35272E-05
   57936   4  1.62082E-06  1.62082E-06  1.62082E-06  1.62082E-06  1.62082E-06  1.62082E-06  1.62082E-06  1.62082E-06  1.62082E-06  1.62082E-06  1.62082E-06  1.62082E-06  1.62082E-06  1.62082E-06  1.62082E-06  1.62082E-06  1.62082E-06  1.62082E-06  1.62082E-06  1.62082E-06  1.62082E-06  1.62082E-06  1.62082E-06  1.62082E-06
   41032   3  0.00000E+00  0.00000E+00  0.00000E+00  0.00000E+00  0.00000E+00  0.00000E+00  0.00000E+00  0.00000E+00  0.00000E+00  0.00000E+00  0.00000E+00  0.00000E+00  0.00000E+00  0.00000E+00  0.00000E+00  0.00000E+00  0.00000E+00  0.00000E+00  0.00000E+00  0.00000E+00  0.00000E+00  0.00000E+00  0.00000E+00  0.00000E+00
   41027   3  3.71674E-06  3.71674E-06  3.71674E-06  3.71674E-06  3.71674E-06  3.71674E-06  3.71674E-06  3.71674E-06  3.71674E-06  3.71674E-06  3.71674E-06  3.71674E-06  3.71674E-06  3.71674E-06  3.71674E-06  3.71674E-06  3.71674E-06  3.71674E-06  3.71674E-06  3.71674E-06  3.71674E-06  3.71674E-06  3.71674E-06  3.71674E-06
   41027   4  0.00000E+00  0.00000E+00  0.00000E+00  0.00000E+00  0.00000E+00  0.00000E+00  0.00000E+00  0.00000E+00  0.00000E+00  0.00000E+00  0.00000E+00  0.00000E+00  0.00000E+00  0.00000E+00  0.00000E+00  0.00000E+00  0.00000E+00  0.00000E+00  0.00000E+00  0.00000E+00  0.00000E+00  0.00000E+00  0.00000E+00  0.00000E+00
   41027   2  0.00000E+00  0.00000E+00  0.00000E+00  0.00000E+00  0.00000E+00  0.00000E+00  0.00000E+00  0.00000E+00  0.00000E+00  0.00000E+00  0.00000E+00  0.00000E+00  0.00000E+00  0.00000E+00  0.00000E+00  0.00000E+00  0.00000E+00  0.00000E+00  0.00000E+00  0.00000E+00  0.00000E+00  0.00000E+00  0.00000E+00  0.00000E+00
   41031   7  0.00000E+00  0.00000E+00  0.00000E+00  0.00000E+00  0.00000E+00  0.00000E+00  0.00000E+00  0.00000E+00  0.00000E+00  0.00000E+00  0.00000E+00  0.00000E+00  0.00000E+00  0.00000E+00  0.00000E+00  0.00000E+00  0.00000E+00  0.00000E+00  0.00000E+00  0.00000E+00  0.00000E+00  0.00000E+00  0.00000E+00  0.00000E+00
   37153   2  0.00000E+00  0.00000E+00  0.00000E+00  0.00000E+00  0.00000E+00  0.00000E+00  0.00000E+00  0.00000E+00  0.00000E+00  0.00000E+00  0.00000E+00  0.00000E+00  0.00000E+00  0.00000E+00  0.00000E+00  0.00000E+00  0.00000E+00  0.00000E+00  0.00000E+00  0.00000E+00  0.00000E+00  0.00000E+00  0.00000E+00  0.00000E+00
   22551   2  0.00000E+00  0.00000E+00  0.00000E+00  0.00000E+00  0.00000E+00  0.00000E+00  0.00000E+00  0.00000E+00  0.00000E+00  0.00000E+00  0.00000E+00  0.00000E+00  0.00000E+00  0.00000E+00  0.00000E+00  0.00000E+00  0.00000E+00  0.00000E+00  0.00000E+00  0.00000E+00  0.00000E+00  0.00000E+00  0.00000E+00  0.00000E+00
   22551   3  0.00000E+00  0.00000E+00  0.00000E+00  0.00000E+00  0.00000E+00  0.00000E+00  0.00000E+00  0.00000E+00  0.00000E+00  0.00000E+00  0.00000E+00  0.00000E+00  0.00000E+00  0.00000E+00  0.00000E+00  0.00000E+00  0.00000E+00  0.00000E+00  0.00000E+00  0.00000E+00  0.00000E+00  0.00000E+00  0.00000E+00  0.00000E+00
   23253   7  0.00000E+00  0.00000E+00  0.00000E+00  0.00000E+00  0.00000E+00  0.00000E+00  0.00000E+00  0.00000E+00  0.00000E+00  0.00000E+00  0.00000E+00  0.00000E+00  0.00000E+00  0.00000E+00  0.00000E+00  0.00000E+00  0.00000E+00  0.00000E+00  0.00000E+00  0.00000E+00  0.00000E+00  0.00000E+00  0.00000E+00  0.00000E+00
   22551   4  0.00000E+00  0.00000E+00  0.00000E+00  0.00000E+00  0.00000E+00  0.00000E+00  0.00000E+00  0.00000E+00  0.00000E+00  0.00000E+00  0.00000E+00  0.00000E+00  0.00000E+00  0.00000E+00  0.00000E+00  0.00000E+00  0.00000E+00  0.00000E+00  0.00000E+00  0.00000E+00  0.00000E+00  0.00000E+00  0.00000E+00  0.00000E+00
   16894   2  7.22896E-03  7.22896E-03  7.22896E-03  7.22896E-03  7.22896E-03  7.22896E-03  7.22896E-03  7.22896E-03  7.22896E-03  7.22896E-03  7.22896E-03  7.22896E-03  7.22896E-03  7.22896E-03  7.22896E-03  7.22896E-03  7.22896E-03  7.22896E-03  7.22896E-03  7.22896E-03  7.22896E-03  7.22896E-03  7.22896E-03  7.22896E-03
   16894   3  0.00000E+00  0.00000E+00  0.00000E+00  0.00000E+00  0.00000E+00  0.00000E+00  0.00000E+00  0.00000E+00  0.00000E+00  0.00000E+00  0.00000E+00  0.00000E+00  0.00000E+00  0.00000E+00  0.00000E+00  0.00000E+00  0.00000E+00  0.00000E+00  0.00000E+00  0.00000E+00  0.00000E+00  0.00000E+00  0.00000E+00  0.00000E+00
   16894   4  0.00000E+00  0.00000E+00  0.00000E+00  0.00000E+00  0.00000E+00  0.00000E+00  0.00000E+00  0.00000E+00  0.00000E+00  0.00000E+00  0.00000E+00  0.00000E+00  0.00000E+00  0.00000E+00  0.00000E+00  0.00000E+00  0.00000E+00  0.00000E+00  0.00000E+00  0.00000E+00  0.00000E+00  0.00000E+00  0.00000E+00  0.00000E+00
   18317   3  0.00000E+00  0.00000E+00  0.00000E+00  0.00000E+00  0.00000E+00  0.00000E+00  0.00000E+00  0.00000E+00  0.00000E+00  0.00000E+00  0.00000E+00  0.00000E+00  0.00000E+00  0.00000E+00  0.00000E+00  0.00000E+00  0.00000E+00  0.00000E+00  0.00000E+00  0.00000E+00  0.00000E+00  0.00000E+00  0.00000E+00  0.00000E+00
   18513   7  0.00000E+00  0.00000E+00  0.00000E+00  0.00000E+00  0.00000E+00  0.00000E+00  0.00000E+00  0.00000E+00  0.00000E+00  0.00000E+00  0.00000E+00  0.00000E+00  0.00000E+00  0.00000E+00  0.00000E+00  0.00000E+00  0.00000E+00  0.00000E+00  0.00000E+00  0.00000E+00  0.00000E+00  0.00000E+00  0.00000E+00  0.00000E+00
   18509   3  8.36425E-07  8.36425E-07  8.36425E-07  8.36425E-07  8.36425E-07  8.36425E-07  8.36425E-07  8.36425E-07  8.36425E-07  8.36425E-07  8.36425E-07  8.36425E-07  8.36425E-07  8.36425E-07  8.36425E-07  8.36425E-07  8.36425E-07  8.36425E-07  8.36425E-07  8.36425E-07  8.36425E-07  8.36425E-07  8.36425E-07  8.36425E-07
   19219   3  3.10494E-04  3.10494E-04  3.10494E-04  3.10494E-04  3.10494E-04  3.10494E-04  3.10494E-04  3.10494E-04  3.10494E-04  3.10494E-04  3.10494E-04  3.10494E-04  3.10494E-04  3.10494E-04  3.10494E-04  3.10494E-04  3.10494E-04  3.10494E-04  3.10494E-04  3.10494E-04  3.10494E-04  3.10494E-04  3.10494E-04  3.10494E-04
   19219   2  0.00000E+00  0.00000E+00  0.00000E+00  0.00000E+00  0.00000E+00  0.00000E+00  0.00000E+00  0.00000E+00  0.00000E+00  0.00000E+00  0.00000E+00  0.00000E+00  0.00000E+00  0.00000E+00  0.00000E+00  0.00000E+00  0.00000E+00  0.00000E+00  0.00000E+00  0.00000E+00  0.00000E+00  0.00000E+00  0.00000E+00  0.00000E+00
   18505   2  0.00000E+00  0.00000E+00  0.00000E+00  0.00000E+00  0.00000E+00  0.00000E+00  0.00000E+00  0.00000E+00  0.00000E+00  0.00000E+00  0.00000E+00  0.00000E+00  0.00000E+00  0.00000E+00  0.00000E+00  0.00000E+00  0.00000E+00  0.00000E+00  0.00000E+00  0.00000E+00  0.00000E+00  0.00000E+00  0.00000E+00  0.00000E+00
   18505   3  6.36073E-04  6.36073E-04  6.36073E-04  6.36073E-04  6.36073E-04  6.36073E-04  6.36073E-04  6.36073E-04  6.36073E-04  6.36073E-04  6.36073E-04  6.36073E-04  6.36073E-04  6.36073E-04  6.36073E-04  6.36073E-04  6.36073E-04  6.36073E-04  6.36073E-04  6.36073E-04  6.36073E-04  6.36073E-04  6.36073E-04  6.36073E-04
   18505   7  0.00000E+00  0.00000E+00  0.00000E+00  0.00000E+00  0.00000E+00  0.00000E+00  0.00000E+00  0.00000E+00  0.00000E+00  0.00000E+00  0.00000E+00  0.00000E+00  0.00000E+00  0.00000E+00  0.00000E+00  0.00000E+00  0.00000E+00  0.00000E+00  0.00000E+00  0.00000E+00  0.00000E+00  0.00000E+00  0.00000E+00  0.00000E+00
   17452   2  6.72568E-04  6.72568E-04  6.72568E-04  6.72568E-04  6.72568E-04  6.72568E-04  6.72568E-04  6.72568E-04  6.72568E-04  6.72568E-04  6.72568E-04  6.72568E-04  6.72568E-04  6.72568E-04  6.72568E-04  6.72568E-04  6.72568E-04  6.72568E-04  6.72568E-04  6.72568E-04  6.72568E-04  6.72568E-04  6.72568E-04  6.72568E-04
    6979   3  0.00000E+00  0.00000E+00  0.00000E+00  0.00000E+00  0.00000E+00  0.00000E+00  0.00000E+00  0.00000E+00  0.00000E+00  0.00000E+00  0.00000E+00  0.00000E+00  0.00000E+00  0.00000E+00  0.00000E+00  0.00000E+00  0.00000E+00  0.00000E+00  0.00000E+00  0.00000E+00  0.00000E+00  0.00000E+00  0.00000E+00  0.00000E+00
    9108   3  9.11988E-05  9.11988E-05  9.11988E-05  9.11988E-05  9.11988E-05  9.11988E-05  9.11988E-05  9.11988E-05  9.11988E-05  9.11988E-05  9.11988E-05  9.11988E-05  9.11988E-05  9.11988E-05  9.11988E-05  9.11988E-05  9.11988E-05  9.11988E-05  9.11988E-05  9.11988E-05  9.11988E-05  9.11988E-05  9.11988E-05  9.11988E-05
    2407   3  0.00000E+00  0.00000E+00  0.00000E+00  0.00000E+00  0.00000E+00  0.00000E+00  0.00000E+00  0.00000E+00  0.00000E+00  0.00000E+00  0.00000E+00  0.00000E+00  0.00000E+00  0.00000E+00  0.00000E+00  0.00000E+00  0.00000E+00  0.00000E+00  0.00000E+00  0.00000E+00  0.00000E+00  0.00000E+00  0.00000E+00  0.00000E+00
    2407   2  0.00000E+00  0.00000E+00  0.00000E+00  0.00000E+00  0.00000E+00  0.00000E+00  0.00000E+00  0.00000E+00  0.00000E+00  0.00000E+00  0.00000E+00  0.00000E+00  0.00000E+00  0.00000E+00  0.00000E+00  0.00000E+00  0.00000E+00  0.00000E+00  0.00000E+00  0.00000E+00  0.00000E+00  0.00000E+00  0.00000E+00  0.00000E+00
   13341   3  9.79531E-06  9.79531E-06  9.79531E-06  9.79531E-06  9.79531E-06  9.79531E-06  9.79531E-06  9.79531E-06  9.79531E-06  9.79531E-06  9.79531E-06  9.79531E-06  9.79531E-06  9.79531E-06  9.79531E-06  9.79531E-06  9.79531E-06  9.79531E-06  9.79531E-06  9.79531E-06  9.79531E-06  9.79531E-06  9.79531E-06  9.79531E-06
    9455   3  0.00000E+00  0.00000E+00  0.00000E+00  0.00000E+00  0.00000E+00  0.00000E+00  0.00000E+00  0.00000E+00  0.00000E+00  0.00000E+00  0.00000E+00  0.00000E+00  0.00000E+00  0.00000E+00  0.00000E+00  0.00000E+00  0.00000E+00  0.00000E+00  0.00000E+00  0.00000E+00  0.00000E+00  0.00000E+00  0.00000E+00  0.00000E+00
   11927   3  2.05893E-03  2.05893E-03  2.05893E-03  2.05893E-03  2.05893E-03  2.05893E-03  2.05893E-03  2.05893E-03  2.05893E-03  2.05893E-03  2.05893E-03  2.05893E-03  2.05893E-03  2.05893E-03  2.05893E-03  2.05893E-03  2.05893E-03  2.05893E-03  2.05893E-03  2.05893E-03  2.05893E-03  2.05893E-03  2.05893E-03  2.05893E-03
   12279   3  3.77108E-03  3.77108E-03  3.77108E-03  3.77108E-03  3.77108E-03  3.77108E-03  3.77108E-03  3.77108E-03  3.77108E-03  3.77108E-03  3.77108E-03  3.77108E-03  3.77108E-03  3.77108E-03  3.77108E-03  3.77108E-03  3.77108E-03  3.77108E-03  3.77108E-03  3.77108E-03  3.77108E-03  3.77108E-03  3.77108E-03  3.77108E-03
   12635   3  5.88711E-04  5.88711E-04  5.88711E-04  5.88711E-04  5.88711E-04  5.88711E-04  5.88711E-04  5.88711E-04  5.88711E-04  5.88711E-04  5.88711E-04  5.88711E-04  5.88711E-04  5.88711E-04  5.88711E-04  5.88711E-04  5.88711E-04  5.88711E-04  5.88711E-04  5.88711E-04  5.88711E-04  5.88711E-04  5.88711E-04  5.88711E-04
   12636   3  2.85251E-04  2.85251E-04  2.85251E-04  2.85251E-04  2.85251E-04  2.85251E-04  2.85251E-04  2.85251E-04  2.85251E-04  2.85251E-04  2.85251E-04  2.85251E-04  2.85251E-04  2.85251E-04  2.85251E-04  2.85251E-04  2.85251E-04  2.85251E-04  2.85251E-04  2.85251E-04  2.85251E-04  2.85251E-04  2.85251E-04  2.85251E-04
   14046   3  6.57958E-03  6.57958E-03  6.57958E-03  6.57958E-03  6.57958E-03  6.57958E-03  6.57958E-03  6.57958E-03  6.57958E-03  6.57958E-03  6.57958E-03  6.57958E-03  6.57958E-03  6.57958E-03  6.57958E-03  6.57958E-03  6.57958E-03  6.57958E-03  6.57958E-03  6.57958E-03  6.57958E-03  6.57958E-03  6.57958E-03  6.57958E-03
   14047   3  0.00000E+00  0.00000E+00  0.00000E+00  0.00000E+00  0.00000E+00  0.00000E+00  0.00000E+00  0.00000E+00  0.00000E+00  0.00000E+00  0.00000E+00  0.00000E+00  0.00000E+00  0.00000E+00  0.00000E+00  0.00000E+00  0.00000E+00  0.00000E+00  0.00000E+00  0.00000E+00  0.00000E+00  0.00000E+00  0.00000E+00  0.00000E+00
   14047   2  0.00000E+00  0.00000E+00  0.00000E+00  0.00000E+00  0.00000E+00  0.00000E+00  0.00000E+00  0.00000E+00  0.00000E+00  0.00000E+00  0.00000E+00  0.00000E+00  0.00000E+00  0.00000E+00  0.00000E+00  0.00000E+00  0.00000E+00  0.00000E+00  0.00000E+00  0.00000E+00  0.00000E+00  0.00000E+00  0.00000E+00  0.00000E+00
    9465   3  0.00000E+00  0.00000E+00  0.00000E+00  0.00000E+00  0.00000E+00  0.00000E+00  0.00000E+00  0.00000E+00  0.00000E+00  0.00000E+00  0.00000E+00  0.00000E+00  0.00000E+00  0.00000E+00  0.00000E+00  0.00000E+00  0.00000E+00  0.00000E+00  0.00000E+00  0.00000E+00  0.00000E+00  0.00000E+00  0.00000E+00  0.00000E+00
    1352   7  0.00000E+00  0.00000E+00  0.00000E+00  0.00000E+00  0.00000E+00  0.00000E+00  0.00000E+00  0.00000E+00  0.00000E+00  0.00000E+00  0.00000E+00  0.00000E+00  0.00000E+00  0.00000E+00  0.00000E+00  0.00000E+00  0.00000E+00  0.00000E+00  0.00000E+00  0.00000E+00  0.00000E+00  0.00000E+00  0.00000E+00  0.00000E+00
    1352   4  0.00000E+00  0.00000E+00  0.00000E+00  0.00000E+00  0.00000E+00  0.00000E+00  0.00000E+00  0.00000E+00  0.00000E+00  0.00000E+00  0.00000E+00  0.00000E+00  0.00000E+00  0.00000E+00  0.00000E+00  0.00000E+00  0.00000E+00  0.00000E+00  0.00000E+00  0.00000E+00  0.00000E+00  0.00000E+00  0.00000E+00  0.00000E+00
    9106   3  2.34345E-05  2.34345E-05  2.34345E-05  2.34345E-05  2.34345E-05  2.34345E-05  2.34345E-05  2.34345E-05  2.34345E-05  2.34345E-05  2.34345E-05  2.34345E-05  2.34345E-05  2.34345E-05  2.34345E-05  2.34345E-05  2.34345E-05  2.34345E-05  2.34345E-05  2.34345E-05  2.34345E-05  2.34345E-05  2.34345E-05  2.34345E-05
    9458   7  0.00000E+00  0.00000E+00  0.00000E+00  0.00000E+00  0.00000E+00  0.00000E+00  0.00000E+00  0.00000E+00  0.00000E+00  0.00000E+00  0.00000E+00  0.00000E+00  0.00000E+00  0.00000E+00  0.00000E+00  0.00000E+00  0.00000E+00  0.00000E+00  0.00000E+00  0.00000E+00  0.00000E+00  0.00000E+00  0.00000E+00  0.00000E+00
    9458   3  0.00000E+00  0.00000E+00  0.00000E+00  0.00000E+00  0.00000E+00  0.00000E+00  0.00000E+00  0.00000E+00  0.00000E+00  0.00000E+00  0.00000E+00  0.00000E+00  0.00000E+00  0.00000E+00  0.00000E+00  0.00000E+00  0.00000E+00  0.00000E+00  0.00000E+00  0.00000E+00  0.00000E+00  0.00000E+00  0.00000E+00  0.00000E+00
    9458   2  0.00000E+00  0.00000E+00  0.00000E+00  0.00000E+00  0.00000E+00  0.00000E+00  0.00000E+00  0.00000E+00  0.00000E+00  0.00000E+00  0.00000E+00  0.00000E+00  0.00000E+00  0.00000E+00  0.00000E+00  0.00000E+00  0.00000E+00  0.00000E+00  0.00000E+00  0.00000E+00  0.00000E+00  0.00000E+00  0.00000E+00  0.00000E+00
    6635   3  0.00000E+00  0.00000E+00  0.00000E+00  0.00000E+00  0.00000E+00  0.00000E+00  0.00000E+00  0.00000E+00  0.00000E+00  0.00000E+00  0.00000E+00  0.00000E+00  0.00000E+00  0.00000E+00  0.00000E+00  0.00000E+00  0.00000E+00  0.00000E+00  0.00000E+00  0.00000E+00  0.00000E+00  0.00000E+00  0.00000E+00  0.00000E+00
    6635   2  0.00000E+00  0.00000E+00  0.00000E+00  0.00000E+00  0.00000E+00  0.00000E+00  0.00000E+00  0.00000E+00  0.00000E+00  0.00000E+00  0.00000E+00  0.00000E+00  0.00000E+00  0.00000E+00  0.00000E+00  0.00000E+00  0.00000E+00  0.00000E+00  0.00000E+00  0.00000E+00  0.00000E+00  0.00000E+00  0.00000E+00  0.00000E+00
   11586   3  4.28375E-06  4.28375E-06  4.28375E-06  4.28375E-06  4.28375E-06  4.28375E-06  4.28375E-06  4.28375E-06  4.28375E-06  4.28375E-06  4.28375E-06  4.28375E-06  4.28375E-06  4.28375E-06  4.28375E-06  4.28375E-06  4.28375E-06  4.28375E-06  4.28375E-06  4.28375E-06  4.28375E-06  4.28375E-06  4.28375E-06  4.28375E-06
   19977   3  4.12337E-01  4.12337E-01  2.73125E-02  2.73125E-02  2.73125E-02  2.73125E-02  2.73125E-02  2.73125E-02  2.73125E-02  2.73125E-02  2.73125E-02  2.73125E-02  2.73125E-02  4.12338E-01  4.12338E-01  4.12338E-01  4.12338E-01  4.12338E-01  4.12338E-01  4.12338E-01  4.12338E-01  4.12337E-01  4.12337E-01  4.12337E-01
   19977   4  4.01826E-02  4.01826E-02  4.01826E-02  4.01826E-02  4.01826E-02  4.01826E-02  4.01826E-02  4.01826E-02  4.01826E-02  4.01826E-02  4.01826E-02  4.01826E-02  4.01826E-02  4.01826E-02  4.01826E-02  4.01826E-02  4.01826E-02  4.01826E-02  4.01826E-02  4.01826E-02  4.01826E-02  4.01826E-02  4.01826E-02  4.01826E-02
   19977   5  0.00000E+00  0.00000E+00  0.00000E+00  0.00000E+00  0.00000E+00  0.00000E+00  0.00000E+00  0.00000E+00  0.00000E+00  0.00000E+00  0.00000E+00  0.00000E+00  0.00000E+00  0.00000E+00  0.00000E+00  0.00000E+00  0.00000E+00  0.00000E+00  0.00000E+00  0.00000E+00  0.00000E+00  0.00000E+00  0.00000E+00  0.00000E+00
   20329   4  1.53344E-02  1.53344E-02  1.53344E-02  1.53344E-02  1.53344E-02  1.53344E-02  1.53344E-02  1.53344E-02  1.53344E-02  1.53344E-02  1.53344E-02  1.53344E-02  1.53344E-02  1.53344E-02  1.53344E-02  1.53344E-02  1.53344E-02  1.53344E-02  1.53344E-02  1.53344E-02  1.53344E-02  1.53344E-02  1.53344E-02  1.53344E-02
   20330   4  4.31361E-02  4.31361E-02  4.31361E-02  4.31361E-02  4.31361E-02  4.31361E-02  4.31361E-02  4.31361E-02  4.31361E-02  4.31361E-02  4.31361E-02  4.31361E-02  4.31361E-02  4.31361E-02  4.31361E-02  4.31361E-02  4.31361E-02  4.31361E-02  4.31361E-02  4.31361E-02  4.31361E-02  4.31361E-02  4.31361E-02  4.31361E-02
   19977   2  3.53404E-03  3.53404E-03  3.53404E-03  3.53404E-03  3.53404E-03  3.53404E-03  3.53404E-03  3.53404E-03  3.53404E-03  3.53404E-03  3.53404E-03  3.53404E-03  3.53404E-03  3.53404E-03  3.53404E-03  3.53404E-03  3.53404E-03  3.53404E-03  3.53404E-03  3.53404E-03  3.53404E-03  3.53404E-03  3.53404E-03  3.53404E-03
   19976   4  5.90226E-02  5.90226E-02  5.90226E-02  5.90226E-02  5.90226E-02  5.90226E-02  5.90226E-02  5.90226E-02  5.90226E-02  5.90226E-02  5.90226E-02  5.90226E-02  5.90226E-02  5.90226E-02  5.90226E-02  5.90226E-02  5.90226E-02  5.90226E-02  5.90226E-02  5.90226E-02  5.90226E-02  5.90226E-02  5.90226E-02  5.90226E-02
   19977   7  4.57037E-06  4.57037E-06  4.57037E-06  4.57037E-06  4.57037E-06  0.00000E+00  0.00000E+00  0.00000E+00  0.00000E+00  0.00000E+00  0.00000E+00  0.00000E+00  4.57037E-06  1.41890E-01  1.41890E-01  1.41890E-01  1.41890E-01  1.41890E-01  1.41890E-01  1.41890E-01  1.41890E-01  4.57037E-06  4.57037E-06  4.57037E-06
   20330   3  5.14447E-02  5.14447E-02  3.86603E-02  3.86603E-02  3.86603E-02  3.86603E-02  3.86603E-02  3.86603E-02  3.86603E-02  3.86603E-02  3.86603E-02  3.86603E-02  3.86603E-02  5.14542E-02  5.14542E-02  5.14542E-02  5.14542E-02  5.14542E-02  5.14542E-02  5.14542E-02  5.14542E-02  5.14447E-02  5.14447E-02  5.14447E-02
   19976   3  1.60185E-02  1.60185E-02  2.49802E-03  2.49802E-03  2.49802E-03  2.49802E-03  2.49802E-03  2.49802E-03  2.49802E-03  2.49802E-03  2.49802E-03  2.49802E-03  2.49802E-03  1.60185E-02  1.60185E-02  1.60185E-02  1.60185E-02  1.60185E-02  1.60185E-02  1.60185E-02  1.60185E-02  1.60185E-02  1.60185E-02  1.60185E-02
   19624   3  8.89831E-02  8.89831E-02  5.53790E-03  5.53790E-03  5.53790E-03  5.53790E-03  5.53790E-03  5.53790E-03  5.53790E-03  5.53790E-03  5.53790E-03  5.53790E-03  5.53790E-03  8.89831E-02  8.89831E-02  8.89831E-02  8.89831E-02  8.89831E-02  8.89831E-02  8.89831E-02  8.89831E-02  8.89831E-02  8.89831E-02  8.89831E-02
   19271   4  5.65241E-04  5.65241E-04  5.65241E-04  5.65241E-04  5.65241E-04  5.65241E-04  5.65241E-04  5.65241E-04  5.65241E-04  5.65241E-04  5.65241E-04  5.65241E-04  5.65241E-04  5.65241E-04  5.65241E-04  5.65241E-04  5.65241E-04  5.65241E-04  5.65241E-04  5.65241E-04  5.65241E-04  5.65241E-04  5.65241E-04  5.65241E-04
   19271   7  0.00000E+00  0.00000E+00  0.00000E+00  0.00000E+00  0.00000E+00  0.00000E+00  0.00000E+00  0.00000E+00  0.00000E+00  0.00000E+00  0.00000E+00  0.00000E+00  0.00000E+00  4.33738E-04  4.33738E-04  4.33738E-04  4.33738E-04  4.33738E-04  4.33738E-04  4.33738E-04  4.33738E-04  0.00000E+00  0.00000E+00  0.00000E+00
   19624   4  1.50266E-03  1.50266E-03  1.50266E-03  1.50266E-03  1.50266E-03  1.50266E-03  1.50266E-03  1.50266E-03  1.50266E-03  1.50266E-03  1.50266E-03  1.50266E-03  1.50266E-03  1.50266E-03  1.50266E-03  1.50266E-03  1.50266E-03  1.50266E-03  1.50266E-03  1.50266E-03  1.50266E-03  1.50266E-03  1.50266E-03  1.50266E-03
   19271   3  1.36475E-02  1.36475E-02  1.34048E-02  1.34048E-02  1.34048E-02  1.34048E-02  1.34048E-02  1.34048E-02  1.34048E-02  1.34048E-02  1.34048E-02  1.34048E-02  1.34048E-02  1.36475E-02  1.36475E-02  1.36475E-02  1.36475E-02  1.36475E-02  1.36475E-02  1.36475E-02  1.36475E-02  1.36475E-02  1.36475E-02  1.36475E-02
   19272   4  1.04100E-03  1.04100E-03  1.04100E-03  1.04100E-03  1.04100E-03  1.04100E-03  1.04100E-03  1.04100E-03  1.04100E-03  1.04100E-03  1.04100E-03  1.04100E-03  1.04100E-03  1.04100E-03  1.04100E-03  1.04100E-03  1.04100E-03  1.04100E-03  1.04100E-03  1.04100E-03  1.04100E-03  1.04100E-03  1.04100E-03  1.04100E-03
   19622   3  1.58774E-06  1.58774E-06  1.58774E-06  1.58774E-06  1.58774E-06  1.58774E-06  1.58774E-06  1.58774E-06  1.58774E-06  1.58774E-06  1.58774E-06  1.58774E-06  1.58774E-06  1.58774E-06  1.58774E-06  1.58774E-06  1.58774E-06  1.58774E-06  1.58774E-06  1.58774E-06  1.58774E-06  1.58774E-06  1.58774E-06  1.58774E-06
   19269   4  1.76650E-06  1.76650E-06  1.76650E-06  1.76650E-06  1.76650E-06  1.76650E-06  1.76650E-06  1.76650E-06  1.76650E-06  1.76650E-06  1.76650E-06  1.76650E-06  1.76650E-06  1.76650E-06  1.76650E-06  1.76650E-06  1.76650E-06  1.76650E-06  1.76650E-06  1.76650E-06  1.76650E-06  1.76650E-06  1.76650E-06  1.76650E-06
   20330   5  0.00000E+00  0.00000E+00  0.00000E+00  0.00000E+00  0.00000E+00  0.00000E+00  0.00000E+00  0.00000E+00  0.00000E+00  0.00000E+00  0.00000E+00  0.00000E+00  0.00000E+00  0.00000E+00  0.00000E+00  0.00000E+00  0.00000E+00  0.00000E+00  0.00000E+00  0.00000E+00  0.00000E+00  0.00000E+00  0.00000E+00  0.00000E+00
   19978   4  4.71924E-02  4.71924E-02  4.71924E-02  4.71924E-02  4.71924E-02  4.71924E-02  4.71924E-02  4.71924E-02  4.71924E-02  4.71924E-02  4.71924E-02  4.71924E-02  4.71924E-02  4.71924E-02  4.71924E-02  4.71924E-02  4.71924E-02  4.71924E-02  4.71924E-02  4.71924E-02  4.71924E-02  4.71924E-02  4.71924E-02  4.71924E-02
   19978   3  1.81274E-02  1.81274E-02  5.48137E-03  5.48137E-03  5.48137E-03  5.48137E-03  5.48137E-03  5.48137E-03  5.48137E-03  5.48137E-03  5.48137E-03  5.48137E-03  5.48137E-03  1.81274E-02  1.81274E-02  1.81274E-02  1.81274E-02  1.81274E-02  1.81274E-02  1.81274E-02  1.81274E-02  1.81274E-02  1.81274E-02  1.81274E-02
   19625   3  7.28554E-02  7.28554E-02  4.08238E-02  4.08238E-02  4.08238E-02  4.08238E-02  4.08238E-02  4.08238E-02  4.08238E-02  4.08238E-02  4.08238E-02  4.08238E-02  4.08238E-02  7.28554E-02  7.28554E-02  7.28554E-02  7.28554E-02  7.28554E-02  7.28554E-02  7.28554E-02  7.28554E-02  7.28554E-02  7.28554E-02  7.28554E-02
   19625   4  5.55846E-02  5.55846E-02  5.55846E-02  5.55846E-02  5.55846E-02  5.55846E-02  5.55846E-02  5.55846E-02  5.55846E-02  5.55846E-02  5.55846E-02  5.55846E-02  5.55846E-02  5.55846E-02  5.55846E-02  5.55846E-02  5.55846E-02  5.55846E-02  5.55846E-02  5.55846E-02  5.55846E-02  5.55846E-02  5.55846E-02  5.55846E-02
   19625   7  2.21820E-06  2.21820E-06  2.21820E-06  2.21820E-06  2.21820E-06  0.00000E+00  0.00000E+00  0.00000E+00  0.00000E+00  0.00000E+00  0.00000E+00  0.00000E+00  2.21820E-06  2.15489E-03  2.15489E-03  2.15489E-03  2.15489E-03  2.15489E-03  2.15489E-03  2.15489E-03  2.15489E-03  2.21820E-06  2.21820E-06  2.21820E-06
   19625   5  0.00000E+00  0.00000E+00  0.00000E+00  0.00000E+00  0.00000E+00  0.00000E+00  0.00000E+00  0.00000E+00  0.00000E+00  0.00000E+00  0.00000E+00  0.00000E+00  0.00000E+00  0.00000E+00  0.00000E+00  0.00000E+00  0.00000E+00  0.00000E+00  0.00000E+00  0.00000E+00  0.00000E+00  0.00000E+00  0.00000E+00  0.00000E+00
   19272   3  1.55375E-03  1.55375E-03  7.89539E-07  7.89539E-07  7.89539E-07  7.89539E-07  7.89539E-07  7.89539E-07  7.89539E-07  7.89539E-07  7.89539E-07  7.89539E-07  7.89539E-07  1.55375E-03  1.55375E-03  1.55375E-03  1.55375E-03  1.55375E-03  1.55375E-03  1.55375E-03  1.55375E-03  1.55375E-03  1.55375E-03  1.55375E-03
   19626   3  1.39048E-03  1.39048E-03  1.39048E-03  1.39048E-03  1.39048E-03  1.25446E-03  1.25446E-03  1.25446E-03  1.25446E-03  1.25446E-03  1.25446E-03  1.25446E-03  1.25446E-03  1.39348E-03  1.39348E-03  1.39348E-03  1.39348E-03  1.39348E-03  1.39348E-03  1.39348E-03  1.39348E-03  1.39048E-03  1.39048E-03  1.39048E-03
   19626   4  2.30107E-02  2.30107E-02  2.30107E-02  2.30107E-02  2.30107E-02  2.30107E-02  2.30107E-02  2.30107E-02  2.30107E-02  2.30107E-02  2.30107E-02  2.30107E-02  2.30107E-02  2.30107E-02  2.30107E-02  2.30107E-02  2.30107E-02  2.30107E-02  2.30107E-02  2.30107E-02  2.30107E-02  2.30107E-02  2.30107E-02  2.30107E-02
   19626   5  0.00000E+00  0.00000E+00  0.00000E+00  0.00000E+00  0.00000E+00  0.00000E+00  0.00000E+00  0.00000E+00  0.00000E+00  0.00000E+00  0.00000E+00  0.00000E+00  0.00000E+00  0.00000E+00  0.00000E+00  0.00000E+00  0.00000E+00  0.00000E+00  0.00000E+00  0.00000E+00  0.00000E+00  0.00000E+00  0.00000E+00  0.00000E+00
   19270   3  9.66915E-04  9.66915E-04  6.94233E-04  6.94233E-04  6.94233E-04  6.94233E-04  6.94233E-04  6.94233E-04  6.94233E-04  6.94233E-04  6.94233E-04  6.94233E-04  6.94233E-04  9.66964E-04  9.66964E-04  9.66964E-04  9.66964E-04  9.66964E-04  9.66964E-04  9.66964E-04  9.66964E-04  9.66915E-04  9.66915E-04  9.66915E-04
   19270   4  1.38706E-03  1.38706E-03  1.38706E-03  1.38706E-03  1.38706E-03  1.38706E-03  1.38706E-03  1.38706E-03  1.38706E-03  1.38706E-03  1.38706E-03  1.38706E-03  1.38706E-03  1.39066E-03  1.39066E-03  1.39066E-03  1.39066E-03  1.39066E-03  1.39066E-03  1.39066E-03  1.39066E-03  1.38706E-03  1.38706E-03  1.38706E-03
   19623   4  1.05373E-06  1.05373E-06  1.05373E-06  1.05373E-06  1.05373E-06  1.05373E-06  1.05373E-06  1.05373E-06  1.05373E-06  1.05373E-06  1.05373E-06  1.05373E-06  1.05373E-06  1.05373E-06  1.05373E-06  1.05373E-06  1.05373E-06  1.05373E-06  1.05373E-06  1.05373E-06  1.05373E-06  1.05373E-06  1.05373E-06  1.05373E-06
   19623   3  1.26872E-03  1.26872E-03  1.26872E-03  1.26872E-03  1.26872E-03  1.26872E-03  1.26872E-03  1.26872E-03  1.26872E-03  1.26872E-03  1.26872E-03  1.26872E-03  1.26872E-03  1.26872E-03  1.26872E-03  1.26872E-03  1.26872E-03  1.26872E-03  1.26872E-03  1.26872E-03  1.26872E-03  1.26872E-03  1.26872E-03  1.26872E-03
   19623   7  0.00000E+00  0.00000E+00  0.00000E+00  0.00000E+00  0.00000E+00  0.00000E+00  0.00000E+00  0.00000E+00  0.00000E+00  0.00000E+00  0.00000E+00  0.00000E+00  0.00000E+00  2.57271E-03  2.57271E-03  2.57271E-03  2.57271E-03  2.57271E-03  2.57271E-03  2.57271E-03  2.57271E-03  0.00000E+00  0.00000E+00  0.00000E+00
   19273   4  6.21573E-03  6.21573E-03  6.21573E-03  6.21573E-03  6.21573E-03  6.21573E-03  6.21573E-03  6.21573E-03  6.21573E-03  6.21573E-03  6.21573E-03  6.21573E-03  6.21573E-03  6.21573E-03  6.21573E-03  6.21573E-03  6.21573E-03  6.21573E-03  6.21573E-03  6.21573E-03  6.21573E-03  6.21573E-03  6.21573E-03  6.21573E-03
   19273   3  1.98788E-03  1.98788E-03  1.11434E-03  1.11434E-03  1.11434E-03  1.11434E-03  1.11434E-03  1.11434E-03  1.11434E-03  1.11434E-03  1.11434E-03  1.11434E-03  1.11434E-03  2.01963E-03  2.01963E-03  2.01963E-03  2.01963E-03  2.01963E-03  2.01963E-03  2.01963E-03  2.01963E-03  1.98788E-03  1.98788E-03  1.98788E-03
   19273   5  0.00000E+00  0.00000E+00  0.00000E+00  0.00000E+00  0.00000E+00  0.00000E+00  0.00000E+00  0.00000E+00  0.00000E+00  0.00000E+00  0.00000E+00  0.00000E+00  0.00000E+00  0.00000E+00  0.00000E+00  0.00000E+00  0.00000E+00  0.00000E+00  0.00000E+00  0.00000E+00  0.00000E+00  0.00000E+00  0.00000E+00  0.00000E+00
   18917   4  3.38421E-03  3.38421E-03  3.38421E-03  3.38421E-03  3.38421E-03  3.38421E-03  3.38421E-03  3.38421E-03  3.38421E-03  3.38421E-03  3.38421E-03  3.38421E-03  3.38421E-03  3.38421E-03  3.38421E-03  3.38421E-03  3.38421E-03  3.38421E-03  3.38421E-03  3.38421E-03  3.38421E-03  3.38421E-03  3.38421E-03  3.38421E-03
   18917   3  1.38698E-03  1.38698E-03  3.87199E-06  3.87199E-06  3.87199E-06  3.87199E-06  3.87199E-06  3.87199E-06  3.87199E-06  3.87199E-06  3.87199E-06  3.87199E-06  3.87199E-06  1.38698E-03  1.38698E-03  1.38698E-03  1.38698E-03  1.38698E-03  1.38698E-03  1.38698E-03  1.38698E-03  1.38698E-03  1.38698E-03  1.38698E-03
   18919   3  9.41980E-04  9.41980E-04  3.15133E-04  3.15133E-04  3.15133E-04  3.15133E-04  3.15133E-04  3.15133E-04  3.15133E-04  3.15133E-04  3.15133E-04  3.15133E-04  3.15133E-04  9.41980E-04  9.41980E-04  9.41980E-04  9.41980E-04  9.41980E-04  9.41980E-04  9.41980E-04  9.41980E-04  9.41980E-04  9.41980E-04  9.41980E-04
   18919   4  2.80413E-04  2.80413E-04  2.80413E-04  2.80413E-04  2.80413E-04  2.80413E-04  2.80413E-04  2.80413E-04  2.80413E-04  2.80413E-04  2.80413E-04  2.80413E-04  2.80413E-04  2.80413E-04  2.80413E-04  2.80413E-04  2.80413E-04  2.80413E-04  2.80413E-04  2.80413E-04  2.80413E-04  2.80413E-04  2.80413E-04  2.80413E-04
   19624   5  0.00000E+00  0.00000E+00  0.00000E+00  0.00000E+00  0.00000E+00  0.00000E+00  0.00000E+00  0.00000E+00  0.00000E+00  0.00000E+00  0.00000E+00  0.00000E+00  0.00000E+00  0.00000E+00  0.00000E+00  0.00000E+00  0.00000E+00  0.00000E+00  0.00000E+00  0.00000E+00  0.00000E+00  0.00000E+00  0.00000E+00  0.00000E+00
   19976   5  0.00000E+00  0.00000E+00  0.00000E+00  0.00000E+00  0.00000E+00  0.00000E+00  0.00000E+00  0.00000E+00  0.00000E+00  0.00000E+00  0.00000E+00  0.00000E+00  0.00000E+00  0.00000E+00  0.00000E+00  0.00000E+00  0.00000E+00  0.00000E+00  0.00000E+00  0.00000E+00  0.00000E+00  0.00000E+00  0.00000E+00  0.00000E+00
   19976   2  4.45055E-03  4.45055E-03  4.45055E-03  4.45055E-03  4.45055E-03  4.45055E-03  4.45055E-03  4.45055E-03  4.45055E-03  4.45055E-03  4.45055E-03  4.45055E-03  4.45055E-03  4.45055E-03  4.45055E-03  4.45055E-03  4.45055E-03  4.45055E-03  4.45055E-03  4.45055E-03  4.45055E-03  4.45055E-03  4.45055E-03  4.45055E-03
   19978   7  0.00000E+00  0.00000E+00  0.00000E+00  0.00000E+00  0.00000E+00  0.00000E+00  0.00000E+00  0.00000E+00  0.00000E+00  0.00000E+00  0.00000E+00  0.00000E+00  0.00000E+00  2.67241E-03  2.67241E-03  2.67241E-03  2.67241E-03  2.67241E-03  2.67241E-03  2.67241E-03  2.67241E-03  0.00000E+00  0.00000E+00  0.00000E+00
   44604   3  1.59298E-06  1.59298E-06  1.59298E-06  1.59298E-06  1.59298E-06  1.59298E-06  1.59298E-06  1.59298E-06  1.59298E-06  1.59298E-06  1.59298E-06  1.59298E-06  1.59298E-06  1.59298E-06  1.59298E-06  1.59298E-06  1.59298E-06  1.59298E-06  1.59298E-06  1.59298E-06  1.59298E-06  1.59298E-06  1.59298E-06  1.59298E-06
   42517   3  1.85921E-08  1.85921E-08  1.85921E-08  1.85921E-08  1.85921E-08  1.85921E-08  1.85921E-08  1.85921E-08  1.85921E-08  1.85921E-08  1.85921E-08  1.85921E-08  1.85921E-08  1.85921E-08  1.85921E-08  1.85921E-08  1.85921E-08  1.85921E-08  1.85921E-08  1.85921E-08  1.85921E-08  1.85921E-08  1.85921E-08  1.85921E-08
   43929   3  0.00000E+00  0.00000E+00  0.00000E+00  0.00000E+00  0.00000E+00  0.00000E+00  0.00000E+00  0.00000E+00  0.00000E+00  0.00000E+00  0.00000E+00  0.00000E+00  0.00000E+00  0.00000E+00  0.00000E+00  0.00000E+00  0.00000E+00  0.00000E+00  0.00000E+00  0.00000E+00  0.00000E+00  0.00000E+00  0.00000E+00  0.00000E+00
   39330   3  4.95907E-06  4.95907E-06  4.95907E-06  4.95907E-06  4.95907E-06  4.95907E-06  4.95907E-06  4.95907E-06  4.95907E-06  4.95907E-06  4.95907E-06  4.95907E-06  4.95907E-06  4.95907E-06  4.95907E-06  4.95907E-06  4.95907E-06  4.95907E-06  4.95907E-06  4.95907E-06  4.95907E-06  4.95907E-06  4.95907E-06  4.95907E-06
   39327   2  0.00000E+00  0.00000E+00  0.00000E+00  0.00000E+00  0.00000E+00  0.00000E+00  0.00000E+00  0.00000E+00  0.00000E+00  0.00000E+00  0.00000E+00  0.00000E+00  0.00000E+00  0.00000E+00  0.00000E+00  0.00000E+00  0.00000E+00  0.00000E+00  0.00000E+00  0.00000E+00  0.00000E+00  0.00000E+00  0.00000E+00  0.00000E+00
   39327   4  5.62347E-03  5.62347E-03  5.62347E-03  5.62347E-03  5.62347E-03  5.62347E-03  5.62347E-03  5.62347E-03  5.62347E-03  5.62347E-03  5.62347E-03  5.62347E-03  5.62347E-03  5.62347E-03  5.62347E-03  5.62347E-03  5.62347E-03  5.62347E-03  5.62347E-03  5.62347E-03  5.62347E-03  5.62347E-03  5.62347E-03  5.62347E-03
   39683   4  4.84562E-04  4.84562E-04  4.84562E-04  4.84562E-04  4.84562E-04  4.84562E-04  4.84562E-04  4.84562E-04  4.84562E-04  4.84562E-04  4.84562E-04  4.84562E-04  4.84562E-04  4.84562E-04  4.84562E-04  4.84562E-04  4.84562E-04  4.84562E-04  4.84562E-04  4.84562E-04  4.84562E-04  4.84562E-04  4.84562E-04  4.84562E-04
   39682   7  0.00000E+00  0.00000E+00  0.00000E+00  0.00000E+00  0.00000E+00  0.00000E+00  0.00000E+00  0.00000E+00  0.00000E+00  0.00000E+00  0.00000E+00  0.00000E+00  0.00000E+00  0.00000E+00  0.00000E+00  0.00000E+00  0.00000E+00  0.00000E+00  0.00000E+00  0.00000E+00  0.00000E+00  0.00000E+00  0.00000E+00  0.00000E+00
   46049   3  0.00000E+00  0.00000E+00  0.00000E+00  0.00000E+00  0.00000E+00  0.00000E+00  0.00000E+00  0.00000E+00  0.00000E+00  0.00000E+00  0.00000E+00  0.00000E+00  0.00000E+00  0.00000E+00  0.00000E+00  0.00000E+00  0.00000E+00  0.00000E+00  0.00000E+00  0.00000E+00  0.00000E+00  0.00000E+00  0.00000E+00  0.00000E+00
   46755   2  0.00000E+00  0.00000E+00  0.00000E+00  0.00000E+00  0.00000E+00  0.00000E+00  0.00000E+00  0.00000E+00  0.00000E+00  0.00000E+00  0.00000E+00  0.00000E+00  0.00000E+00  0.00000E+00  0.00000E+00  0.00000E+00  0.00000E+00  0.00000E+00  0.00000E+00  0.00000E+00  0.00000E+00  0.00000E+00  0.00000E+00  0.00000E+00
   46403   3  0.00000E+00  0.00000E+00  0.00000E+00  0.00000E+00  0.00000E+00  0.00000E+00  0.00000E+00  0.00000E+00  0.00000E+00  0.00000E+00  0.00000E+00  0.00000E+00  0.00000E+00  0.00000E+00  0.00000E+00  0.00000E+00  0.00000E+00  0.00000E+00  0.00000E+00  0.00000E+00  0.00000E+00  0.00000E+00  0.00000E+00  0.00000E+00
   46755   1  0.00000E+00  0.00000E+00  0.00000E+00  0.00000E+00  0.00000E+00  0.00000E+00  0.00000E+00  0.00000E+00  0.00000E+00  0.00000E+00  0.00000E+00  0.00000E+00  0.00000E+00  0.00000E+00  0.00000E+00  0.00000E+00  0.00000E+00  0.00000E+00  0.00000E+00  0.00000E+00  0.00000E+00  0.00000E+00  0.00000E+00  0.00000E+00
   46755   3  1.48763E-04  1.48763E-04  1.48763E-04  1.48763E-04  1.48763E-04  1.48763E-04  1.48763E-04  1.48763E-04  1.48763E-04  1.48763E-04  1.48763E-04  1.48763E-04  1.48763E-04  1.48763E-04  1.48763E-04  1.48763E-04  1.48763E-04  1.48763E-04  1.48763E-04  1.48763E-04  1.48763E-04  1.48763E-04  1.48763E-04  1.48763E-04
   46755   4  2.60926E-03  2.60926E-03  2.60926E-03  2.60926E-03  2.60926E-03  2.60926E-03  2.60926E-03  2.60926E-03  2.60926E-03  2.60926E-03  2.60926E-03  2.60926E-03  2.60926E-03  2.60926E-03  2.60926E-03  2.60926E-03  2.60926E-03  2.60926E-03  2.60926E-03  2.60926E-03  2.60926E-03  2.60926E-03  2.60926E-03  2.60926E-03
   46753   4  0.00000E+00  0.00000E+00  0.00000E+00  0.00000E+00  0.00000E+00  0.00000E+00  0.00000E+00  0.00000E+00  0.00000E+00  0.00000E+00  0.00000E+00  0.00000E+00  0.00000E+00  6.72951E-04  6.72951E-04  6.72951E-04  6.72951E-04  6.72951E-04  6.72951E-04  6.72951E-04  6.72951E-04  0.00000E+00  0.00000E+00  0.00000E+00
   47110   3  5.17675E-05  5.17675E-05  5.17675E-05  5.17675E-05  5.17675E-05  5.17675E-05  5.17675E-05  5.17675E-05  5.17675E-05  5.17675E-05  5.17675E-05  5.17675E-05  5.17675E-05  5.17675E-05  5.17675E-05  5.17675E-05  5.17675E-05  5.17675E-05  5.17675E-05  5.17675E-05  5.17675E-05  5.17675E-05  5.17675E-05  5.17675E-05
   46402   7  0.00000E+00  0.00000E+00  0.00000E+00  0.00000E+00  0.00000E+00  0.00000E+00  0.00000E+00  0.00000E+00  0.00000E+00  0.00000E+00  0.00000E+00  0.00000E+00  0.00000E+00  0.00000E+00  0.00000E+00  0.00000E+00  0.00000E+00  0.00000E+00  0.00000E+00  0.00000E+00  0.00000E+00  0.00000E+00  0.00000E+00  0.00000E+00
   47787   3  2.06846E-07  2.06846E-07  2.06846E-07  2.06846E-07  2.06846E-07  2.06846E-07  2.06846E-07  2.06846E-07  2.06846E-07  2.06846E-07  2.06846E-07  2.06846E-07  2.06846E-07  2.06846E-07  2.06846E-07  2.06846E-07  2.06846E-07  2.06846E-07  2.06846E-07  2.06846E-07  2.06846E-07  2.06846E-07  2.06846E-07  2.06846E-07
   47460   4  0.00000E+00  0.00000E+00  0.00000E+00  0.00000E+00  0.00000E+00  0.00000E+00  0.00000E+00  0.00000E+00  0.00000E+00  0.00000E+00  0.00000E+00  0.00000E+00  0.00000E+00  0.00000E+00  0.00000E+00  0.00000E+00  0.00000E+00  0.00000E+00  0.00000E+00  0.00000E+00  0.00000E+00  0.00000E+00  0.00000E+00  0.00000E+00
   42139   3  2.59614E-03  2.59614E-03  2.59614E-03  2.59614E-03  2.59614E-03  2.59614E-03  2.59614E-03  2.59614E-03  2.59614E-03  2.59614E-03  2.59614E-03  2.59614E-03  2.59614E-03  2.59614E-03  2.59614E-03  2.59614E-03  2.59614E-03  2.59614E-03  2.59614E-03  2.59614E-03  2.59614E-03  2.59614E-03  2.59614E-03  2.59614E-03
   41804   3  4.68746E-07  4.68746E-07  4.68746E-07  4.68746E-07  4.68746E-07  4.68746E-07  4.68746E-07  4.68746E-07  4.68746E-07  4.68746E-07  4.68746E-07  4.68746E-07  4.68746E-07  4.68746E-07  4.68746E-07  4.68746E-07  4.68746E-07  4.68746E-07  4.68746E-07  4.68746E-07  4.68746E-07  4.68746E-07  4.68746E-07  4.68746E-07
   40021   4  7.69707E-07  7.69707E-07  7.69707E-07  7.69707E-07  7.69707E-07  7.69707E-07  7.69707E-07  7.69707E-07  7.69707E-07  7.69707E-07  7.69707E-07  7.69707E-07  7.69707E-07  7.69707E-07  7.69707E-07  7.69707E-07  7.69707E-07  7.69707E-07  7.69707E-07  7.69707E-07  7.69707E-07  7.69707E-07  7.69707E-07  7.69707E-07
   43907   3  0.00000E+00  0.00000E+00  0.00000E+00  0.00000E+00  0.00000E+00  0.00000E+00  0.00000E+00  0.00000E+00  0.00000E+00  0.00000E+00  0.00000E+00  0.00000E+00  0.00000E+00  0.00000E+00  0.00000E+00  0.00000E+00  0.00000E+00  0.00000E+00  0.00000E+00  0.00000E+00  0.00000E+00  0.00000E+00  0.00000E+00  0.00000E+00
   24538   7  0.00000E+00  0.00000E+00  0.00000E+00  0.00000E+00  0.00000E+00  0.00000E+00  0.00000E+00  0.00000E+00  0.00000E+00  0.00000E+00  0.00000E+00  0.00000E+00  0.00000E+00  0.00000E+00  0.00000E+00  0.00000E+00  0.00000E+00  0.00000E+00  0.00000E+00  0.00000E+00  0.00000E+00  0.00000E+00  0.00000E+00  0.00000E+00
   24549   3  0.00000E+00  0.00000E+00  0.00000E+00  0.00000E+00  0.00000E+00  0.00000E+00  0.00000E+00  0.00000E+00  0.00000E+00  0.00000E+00  0.00000E+00  0.00000E+00  0.00000E+00  0.00000E+00  0.00000E+00  0.00000E+00  0.00000E+00  0.00000E+00  0.00000E+00  0.00000E+00  0.00000E+00  0.00000E+00  0.00000E+00  0.00000E+00
   24549   4  1.33145E-05  1.33145E-05  1.33145E-05  1.33145E-05  1.33145E-05  1.33145E-05  1.33145E-05  1.33145E-05  1.33145E-05  1.33145E-05  1.33145E-05  1.33145E-05  1.33145E-05  1.33145E-05  1.33145E-05  1.33145E-05  1.33145E-05  1.33145E-05  1.33145E-05  1.33145E-05  1.33145E-05  1.33145E-05  1.33145E-05  1.33145E-05
   24547   4  3.66421E-03  3.66421E-03  3.66421E-03  3.66421E-03  3.66421E-03  3.66421E-03  3.66421E-03  3.66421E-03  3.66421E-03  3.66421E-03  3.66421E-03  3.66421E-03  3.66421E-03  2.45223E-01  2.45223E-01  2.45223E-01  2.45223E-01  2.45223E-01  2.45223E-01  2.45223E-01  2.45223E-01  3.66421E-03  3.66421E-03  3.66421E-03
   24547   6  1.66255E-04  1.66255E-04  1.66255E-04  1.66255E-04  1.66255E-04  1.66255E-04  1.66255E-04  1.66255E-04  1.66255E-04  1.66255E-04  1.66255E-04  1.66255E-04  1.66255E-04  1.66255E-04  1.66255E-04  1.66255E-04  1.66255E-04  1.66255E-04  1.66255E-04  1.66255E-04  1.66255E-04  1.66255E-04  1.66255E-04  1.66255E-04
   24547   2  2.37507E-05  2.37507E-05  2.37507E-05  2.37507E-05  2.37507E-05  2.37507E-05  2.37507E-05  2.37507E-05  2.37507E-05  2.37507E-05  2.37507E-05  2.37507E-05  2.37507E-05  2.37507E-05  2.37507E-05  2.37507E-05  2.37507E-05  2.37507E-05  2.37507E-05  2.37507E-05  2.37507E-05  2.37507E-05  2.37507E-05  2.37507E-05
   24547   5  9.50028E-05  9.50028E-05  9.50028E-05  9.50028E-05  9.50028E-05  9.50028E-05  9.50028E-05  9.50028E-05  9.50028E-05  9.50028E-05  9.50028E-05  9.50028E-05  9.50028E-05  5.37748E-02  5.37748E-02  5.37748E-02  5.37748E-02  5.37748E-02  5.37748E-02  5.37748E-02  5.37748E-02  9.50028E-05  9.50028E-05  9.50028E-05
   24547   3  2.37507E-05  2.37507E-05  2.37507E-05  2.37507E-05  2.37507E-05  2.37507E-05  2.37507E-05  2.37507E-05  2.37507E-05  2.37507E-05  2.37507E-05  2.37507E-05  2.37507E-05  2.41583E-01  2.41583E-01  2.41583E-01  2.41583E-01  2.41583E-01  2.41583E-01  2.41583E-01  2.41583E-01  2.37507E-05  2.37507E-05  2.37507E-05
   24547   7  0.00000E+00  0.00000E+00  0.00000E+00  0.00000E+00  0.00000E+00  0.00000E+00  0.00000E+00  0.00000E+00  0.00000E+00  0.00000E+00  0.00000E+00  0.00000E+00  0.00000E+00  0.00000E+00  0.00000E+00  0.00000E+00  0.00000E+00  0.00000E+00  0.00000E+00  0.00000E+00  0.00000E+00  0.00000E+00  0.00000E+00  0.00000E+00
   26660   3  3.24770E-05  3.24770E-05  3.24770E-05  3.24770E-05  3.24770E-05  3.24770E-05  3.24770E-05  3.24770E-05  3.24770E-05  3.24770E-05  3.24770E-05  3.24770E-05  3.24770E-05  3.24770E-05  3.24770E-05  3.24770E-05  3.24770E-05  3.24770E-05  3.24770E-05  3.24770E-05  3.24770E-05  3.24770E-05  3.24770E-05  3.24770E-05
   25246   4  6.63635E-05  6.63635E-05  6.63635E-05  6.63635E-05  6.63635E-05  6.63635E-05  6.63635E-05  6.63635E-05  6.63635E-05  6.63635E-05  6.63635E-05  6.63635E-05  6.63635E-05  6.63635E-05  6.63635E-05  6.63635E-05  6.63635E-05  6.63635E-05  6.63635E-05  6.63635E-05  6.63635E-05  6.63635E-05  6.63635E-05  6.63635E-05
   25246   7  0.00000E+00  0.00000E+00  0.00000E+00  0.00000E+00  0.00000E+00  0.00000E+00  0.00000E+00  0.00000E+00  0.00000E+00  0.00000E+00  0.00000E+00  0.00000E+00  0.00000E+00  0.00000E+00  0.00000E+00  0.00000E+00  0.00000E+00  0.00000E+00  0.00000E+00  0.00000E+00  0.00000E+00  0.00000E+00  0.00000E+00  0.00000E+00
   27008   7  1.92409E-05  1.92409E-05  1.92409E-05  1.92409E-05  1.92409E-05  0.00000E+00  0.00000E+00  0.00000E+00  0.00000E+00  0.00000E+00  0.00000E+00  0.00000E+00  1.92409E-05  1.92409E-05  1.92409E-05  1.92409E-05  1.92409E-05  1.92409E-05  1.92409E-05  1.92409E-05  1.92409E-05  1.92409E-05  1.92409E-05  1.92409E-05
   27008   4  0.00000E+00  0.00000E+00  0.00000E+00  0.00000E+00  0.00000E+00  0.00000E+00  0.00000E+00  0.00000E+00  0.00000E+00  0.00000E+00  0.00000E+00  0.00000E+00  0.00000E+00  0.00000E+00  0.00000E+00  0.00000E+00  0.00000E+00  0.00000E+00  0.00000E+00  0.00000E+00  0.00000E+00  0.00000E+00  0.00000E+00  0.00000E+00
   24896   2  4.55705E-03  4.55705E-03  4.55705E-03  4.55705E-03  4.55705E-03  4.55705E-03  4.55705E-03  4.55705E-03  4.55705E-03  4.55705E-03  4.55705E-03  4.55705E-03  4.55705E-03  4.55705E-03  4.55705E-03  4.55705E-03  4.55705E-03  4.55705E-03  4.55705E-03  4.55705E-03  4.55705E-03  4.55705E-03  4.55705E-03  4.55705E-03
   24896   6  0.00000E+00  0.00000E+00  0.00000E+00  0.00000E+00  0.00000E+00  0.00000E+00  0.00000E+00  0.00000E+00  0.00000E+00  0.00000E+00  0.00000E+00  0.00000E+00  0.00000E+00  0.00000E+00  0.00000E+00  0.00000E+00  0.00000E+00  0.00000E+00  0.00000E+00  0.00000E+00  0.00000E+00  0.00000E+00  0.00000E+00  0.00000E+00
   24896   7  4.09458E-05  4.09458E-05  4.09458E-05  4.09458E-05  4.09458E-05  0.00000E+00  0.00000E+00  0.00000E+00  0.00000E+00  0.00000E+00  0.00000E+00  0.00000E+00  4.09458E-05  4.09458E-05  4.09458E-05  4.09458E-05  4.09458E-05  4.09458E-05  4.09458E-05  4.09458E-05  4.09458E-05  4.09458E-05  4.09458E-05  4.09458E-05
   24896   3  0.00000E+00  0.00000E+00  0.00000E+00  0.00000E+00  0.00000E+00  0.00000E+00  0.00000E+00  0.00000E+00  0.00000E+00  0.00000E+00  0.00000E+00  0.00000E+00  0.00000E+00  0.00000E+00  0.00000E+00  0.00000E+00  0.00000E+00  0.00000E+00  0.00000E+00  0.00000E+00  0.00000E+00  0.00000E+00  0.00000E+00  0.00000E+00
   24896   4  0.00000E+00  0.00000E+00  0.00000E+00  0.00000E+00  0.00000E+00  0.00000E+00  0.00000E+00  0.00000E+00  0.00000E+00  0.00000E+00  0.00000E+00  0.00000E+00  0.00000E+00  0.00000E+00  0.00000E+00  0.00000E+00  0.00000E+00  0.00000E+00  0.00000E+00  0.00000E+00  0.00000E+00  0.00000E+00  0.00000E+00  0.00000E+00
   23133   3  2.20481E-06  2.20481E-06  2.20481E-06  2.20481E-06  2.20481E-06  2.20481E-06  2.20481E-06  2.20481E-06  2.20481E-06  2.20481E-06  2.20481E-06  2.20481E-06  2.20481E-06  2.20481E-06  2.20481E-06  2.20481E-06  2.20481E-06  2.20481E-06  2.20481E-06  2.20481E-06  2.20481E-06  2.20481E-06  2.20481E-06  2.20481E-06
   26300   4  2.59012E-05  2.59012E-05  2.59012E-05  2.59012E-05  2.59012E-05  2.59012E-05  2.59012E-05  2.59012E-05  2.59012E-05  2.59012E-05  2.59012E-05  2.59012E-05  2.59012E-05  2.59012E-05  2.59012E-05  2.59012E-05  2.59012E-05  2.59012E-05  2.59012E-05  2.59012E-05  2.59012E-05  2.59012E-05  2.59012E-05  2.59012E-05
   26669   4  2.62871E-06  2.62871E-06  2.62871E-06  2.62871E-06  2.62871E-06  2.62871E-06  2.62871E-06  2.62871E-06  2.62871E-06  2.62871E-06  2.62871E-06  2.62871E-06  2.62871E-06  2.62871E-06  2.62871E-06  2.62871E-06  2.62871E-06  2.62871E-06  2.62871E-06  2.62871E-06  2.62871E-06  2.62871E-06  2.62871E-06  2.62871E-06
   26669   3  1.10873E-04  1.10873E-04  1.10873E-04  1.10873E-04  1.10873E-04  1.10873E-04  1.10873E-04  1.10873E-04  1.10873E-04  1.10873E-04  1.10873E-04  1.10873E-04  1.10873E-04  1.10873E-04  1.10873E-04  1.10873E-04  1.10873E-04  1.10873E-04  1.10873E-04  1.10873E-04  1.10873E-04  1.10873E-04  1.10873E-04  1.10873E-04
   24545   3  1.18941E-05  1.18941E-05  1.18941E-05  1.18941E-05  1.18941E-05  1.18941E-05  1.18941E-05  1.18941E-05  1.18941E-05  1.18941E-05  1.18941E-05  1.18941E-05  1.18941E-05  1.18941E-05  1.18941E-05  1.18941E-05  1.18941E-05  1.18941E-05  1.18941E-05  1.18941E-05  1.18941E-05  1.18941E-05  1.18941E-05  1.18941E-05
    9028   3  2.76159E-04  2.76159E-04  2.76159E-04  2.76159E-04  2.76159E-04  2.76159E-04  2.76159E-04  2.76159E-04  2.76159E-04  2.76159E-04  2.76159E-04  2.76159E-04  2.76159E-04  2.76159E-04  2.76159E-04  2.76159E-04  2.76159E-04  2.76159E-04  2.76159E-04  2.76159E-04  2.76159E-04  2.76159E-04  2.76159E-04  2.76159E-04
    9028   2  0.00000E+00  0.00000E+00  0.00000E+00  0.00000E+00  0.00000E+00  0.00000E+00  0.00000E+00  0.00000E+00  0.00000E+00  0.00000E+00  0.00000E+00  0.00000E+00  0.00000E+00  0.00000E+00  0.00000E+00  0.00000E+00  0.00000E+00  0.00000E+00  0.00000E+00  0.00000E+00  0.00000E+00  0.00000E+00  0.00000E+00  0.00000E+00
    9028   7  0.00000E+00  0.00000E+00  0.00000E+00  0.00000E+00  0.00000E+00  0.00000E+00  0.00000E+00  0.00000E+00  0.00000E+00  0.00000E+00  0.00000E+00  0.00000E+00  0.00000E+00  0.00000E+00  0.00000E+00  0.00000E+00  0.00000E+00  0.00000E+00  0.00000E+00  0.00000E+00  0.00000E+00  0.00000E+00  0.00000E+00  0.00000E+00
   14677   7  0.00000E+00  0.00000E+00  0.00000E+00  0.00000E+00  0.00000E+00  0.00000E+00  0.00000E+00  0.00000E+00  0.00000E+00  0.00000E+00  0.00000E+00  0.00000E+00  0.00000E+00  0.00000E+00  0.00000E+00  0.00000E+00  0.00000E+00  0.00000E+00  0.00000E+00  0.00000E+00  0.00000E+00  0.00000E+00  0.00000E+00  0.00000E+00
   15736   3  1.37255E-07  1.37255E-07  1.37255E-07  1.37255E-07  1.37255E-07  1.37255E-07  1.37255E-07  1.37255E-07  1.37255E-07  1.37255E-07  1.37255E-07  1.37255E-07  1.37255E-07  1.37255E-07  1.37255E-07  1.37255E-07  1.37255E-07  1.37255E-07  1.37255E-07  1.37255E-07  1.37255E-07  1.37255E-07  1.37255E-07  1.37255E-07
   13592   2  0.00000E+00  0.00000E+00  0.00000E+00  0.00000E+00  0.00000E+00  0.00000E+00  0.00000E+00  0.00000E+00  0.00000E+00  0.00000E+00  0.00000E+00  0.00000E+00  0.00000E+00  0.00000E+00  0.00000E+00  0.00000E+00  0.00000E+00  0.00000E+00  0.00000E+00  0.00000E+00  0.00000E+00  0.00000E+00  0.00000E+00  0.00000E+00
   12912   3  0.00000E+00  0.00000E+00  0.00000E+00  0.00000E+00  0.00000E+00  0.00000E+00  0.00000E+00  0.00000E+00  0.00000E+00  0.00000E+00  0.00000E+00  0.00000E+00  0.00000E+00  0.00000E+00  0.00000E+00  0.00000E+00  0.00000E+00  0.00000E+00  0.00000E+00  0.00000E+00  0.00000E+00  0.00000E+00  0.00000E+00  0.00000E+00
   23165   4  1.10787E-05  1.10787E-05  1.10787E-05  1.10787E-05  1.10787E-05  1.10787E-05  1.10787E-05  1.10787E-05  1.10787E-05  1.10787E-05  1.10787E-05  1.10787E-05  1.10787E-05  1.10787E-05  1.10787E-05  1.10787E-05  1.10787E-05  1.10787E-05  1.10787E-05  1.10787E-05  1.10787E-05  1.10787E-05  1.10787E-05  1.10787E-05
   22447   4  2.83383E-05  2.83383E-05  2.83383E-05  2.83383E-05  2.83383E-05  2.83383E-05  2.83383E-05  2.83383E-05  2.83383E-05  2.83383E-05  2.83383E-05  2.83383E-05  2.83383E-05  2.83383E-05  2.83383E-05  2.83383E-05  2.83383E-05  2.83383E-05  2.83383E-05  2.83383E-05  2.83383E-05  2.83383E-05  2.83383E-05  2.83383E-05
   22447   3  1.51587E-04  1.51587E-04  1.51587E-04  1.51587E-04  1.51587E-04  1.51587E-04  1.51587E-04  1.51587E-04  1.51587E-04  1.51587E-04  1.51587E-04  1.51587E-04  1.51587E-04  1.51587E-04  1.51587E-04  1.51587E-04  1.51587E-04  1.51587E-04  1.51587E-04  1.51587E-04  1.51587E-04  1.51587E-04  1.51587E-04  1.51587E-04
   22447   5  0.00000E+00  0.00000E+00  0.00000E+00  0.00000E+00  0.00000E+00  0.00000E+00  0.00000E+00  0.00000E+00  0.00000E+00  0.00000E+00  0.00000E+00  0.00000E+00  0.00000E+00  0.00000E+00  0.00000E+00  0.00000E+00  0.00000E+00  0.00000E+00  0.00000E+00  0.00000E+00  0.00000E+00  0.00000E+00  0.00000E+00  0.00000E+00
   22094   3  3.22142E-05  3.22142E-05  3.22142E-05  3.22142E-05  3.22142E-05  3.22142E-05  3.22142E-05  3.22142E-05  3.22142E-05  3.22142E-05  3.22142E-05  3.22142E-05  3.22142E-05  3.22142E-05  3.22142E-05  3.22142E-05  3.22142E-05  3.22142E-05  3.22142E-05  3.22142E-05  3.22142E-05  3.22142E-05  3.22142E-05  3.22142E-05
   22094   2  0.00000E+00  0.00000E+00  0.00000E+00  0.00000E+00  0.00000E+00  0.00000E+00  0.00000E+00  0.00000E+00  0.00000E+00  0.00000E+00  0.00000E+00  0.00000E+00  0.00000E+00  0.00000E+00  0.00000E+00  0.00000E+00  0.00000E+00  0.00000E+00  0.00000E+00  0.00000E+00  0.00000E+00  0.00000E+00  0.00000E+00  0.00000E+00
   22094   4  6.23226E-04  6.23226E-04  6.23226E-04  6.23226E-04  6.23226E-04  6.23226E-04  6.23226E-04  6.23226E-04  6.23226E-04  6.23226E-04  6.23226E-04  6.23226E-04  6.23226E-04  6.23226E-04  6.23226E-04  6.23226E-04  6.23226E-04  6.23226E-04  6.23226E-04  6.23226E-04  6.23226E-04  6.23226E-04  6.23226E-04  6.23226E-04
   22458   4  3.24308E-06  3.24308E-06  3.24308E-06  3.24308E-06  3.24308E-06  3.24308E-06  3.24308E-06  3.24308E-06  3.24308E-06  3.24308E-06  3.24308E-06  3.24308E-06  3.24308E-06  3.24308E-06  3.24308E-06  3.24308E-06  3.24308E-06  3.24308E-06  3.24308E-06  3.24308E-06  3.24308E-06  3.24308E-06  3.24308E-06  3.24308E-06
   23854   3  0.00000E+00  0.00000E+00  0.00000E+00  0.00000E+00  0.00000E+00  0.00000E+00  0.00000E+00  0.00000E+00  0.00000E+00  0.00000E+00  0.00000E+00  0.00000E+00  0.00000E+00  0.00000E+00  0.00000E+00  0.00000E+00  0.00000E+00  0.00000E+00  0.00000E+00  0.00000E+00  0.00000E+00  0.00000E+00  0.00000E+00  0.00000E+00
   23854   4  0.00000E+00  0.00000E+00  0.00000E+00  0.00000E+00  0.00000E+00  0.00000E+00  0.00000E+00  0.00000E+00  0.00000E+00  0.00000E+00  0.00000E+00  0.00000E+00  0.00000E+00  0.00000E+00  0.00000E+00  0.00000E+00  0.00000E+00  0.00000E+00  0.00000E+00  0.00000E+00  0.00000E+00  0.00000E+00  0.00000E+00  0.00000E+00
   23854   2  0.00000E+00  0.00000E+00  0.00000E+00  0.00000E+00  0.00000E+00  0.00000E+00  0.00000E+00  0.00000E+00  0.00000E+00  0.00000E+00  0.00000E+00  0.00000E+00  0.00000E+00  0.00000E+00  0.00000E+00  0.00000E+00  0.00000E+00  0.00000E+00  0.00000E+00  0.00000E+00  0.00000E+00  0.00000E+00  0.00000E+00  0.00000E+00
   26688   3  0.00000E+00  0.00000E+00  0.00000E+00  0.00000E+00  0.00000E+00  0.00000E+00  0.00000E+00  0.00000E+00  0.00000E+00  0.00000E+00  0.00000E+00  0.00000E+00  0.00000E+00  0.00000E+00  0.00000E+00  0.00000E+00  0.00000E+00  0.00000E+00  0.00000E+00  0.00000E+00  0.00000E+00  0.00000E+00  0.00000E+00  0.00000E+00
   26688   2  0.00000E+00  0.00000E+00  0.00000E+00  0.00000E+00  0.00000E+00  0.00000E+00  0.00000E+00  0.00000E+00  0.00000E+00  0.00000E+00  0.00000E+00  0.00000E+00  0.00000E+00  0.00000E+00  0.00000E+00  0.00000E+00  0.00000E+00  0.00000E+00  0.00000E+00  0.00000E+00  0.00000E+00  0.00000E+00  0.00000E+00  0.00000E+00
   22806   3  2.67594E-06  2.67594E-06  2.67594E-06  2.67594E-06  2.67594E-06  2.67594E-06  2.67594E-06  2.67594E-06  2.67594E-06  2.67594E-06  2.67594E-06  2.67594E-06  2.67594E-06  2.67594E-06  2.67594E-06  2.67594E-06  2.67594E-06  2.67594E-06  2.67594E-06  2.67594E-06  2.67594E-06  2.67594E-06  2.67594E-06  2.67594E-06
   22805   3  0.00000E+00  0.00000E+00  0.00000E+00  0.00000E+00  0.00000E+00  0.00000E+00  0.00000E+00  0.00000E+00  0.00000E+00  0.00000E+00  0.00000E+00  0.00000E+00  0.00000E+00  0.00000E+00  0.00000E+00  0.00000E+00  0.00000E+00  0.00000E+00  0.00000E+00  0.00000E+00  0.00000E+00  0.00000E+00  0.00000E+00  0.00000E+00
   22806   7  0.00000E+00  0.00000E+00  0.00000E+00  0.00000E+00  0.00000E+00  0.00000E+00  0.00000E+00  0.00000E+00  0.00000E+00  0.00000E+00  0.00000E+00  0.00000E+00  0.00000E+00  0.00000E+00  0.00000E+00  0.00000E+00  0.00000E+00  0.00000E+00  0.00000E+00  0.00000E+00  0.00000E+00  0.00000E+00  0.00000E+00  0.00000E+00
   22806   4  7.00370E-03  7.00370E-03  7.00370E-03  7.00370E-03  7.00370E-03  7.00370E-03  7.00370E-03  7.00370E-03  7.00370E-03  7.00370E-03  7.00370E-03  7.00370E-03  7.00370E-03  7.00370E-03  7.00370E-03  7.00370E-03  7.00370E-03  7.00370E-03  7.00370E-03  7.00370E-03  7.00370E-03  7.00370E-03  7.00370E-03  7.00370E-03
   23506   3  0.00000E+00  0.00000E+00  0.00000E+00  0.00000E+00  0.00000E+00  0.00000E+00  0.00000E+00  0.00000E+00  0.00000E+00  0.00000E+00  0.00000E+00  0.00000E+00  0.00000E+00  0.00000E+00  0.00000E+00  0.00000E+00  0.00000E+00  0.00000E+00  0.00000E+00  0.00000E+00  0.00000E+00  0.00000E+00  0.00000E+00  0.00000E+00
   22453   3  0.00000E+00  0.00000E+00  0.00000E+00  0.00000E+00  0.00000E+00  0.00000E+00  0.00000E+00  0.00000E+00  0.00000E+00  0.00000E+00  0.00000E+00  0.00000E+00  0.00000E+00  0.00000E+00  0.00000E+00  0.00000E+00  0.00000E+00  0.00000E+00  0.00000E+00  0.00000E+00  0.00000E+00  0.00000E+00  0.00000E+00  0.00000E+00
   22457   4  3.27621E-05  3.27621E-05  3.27621E-05  3.27621E-05  3.27621E-05  3.27621E-05  3.27621E-05  3.27621E-05  3.27621E-05  3.27621E-05  3.27621E-05  3.27621E-05  3.27621E-05  3.27621E-05  3.27621E-05  3.27621E-05  3.27621E-05  3.27621E-05  3.27621E-05  3.27621E-05  3.27621E-05  3.27621E-05  3.27621E-05  3.27621E-05
   21396   7  0.00000E+00  0.00000E+00  0.00000E+00  0.00000E+00  0.00000E+00  0.00000E+00  0.00000E+00  0.00000E+00  0.00000E+00  0.00000E+00  0.00000E+00  0.00000E+00  0.00000E+00  1.08569E-02  1.08569E-02  1.08569E-02  1.08569E-02  1.08569E-02  1.08569E-02  1.08569E-02  1.08569E-02  0.00000E+00  0.00000E+00  0.00000E+00
   21395   4  2.13572E-03  2.13572E-03  2.13572E-03  2.13572E-03  2.13572E-03  2.13572E-03  2.13572E-03  2.13572E-03  2.13572E-03  2.13572E-03  2.13572E-03  2.13572E-03  2.13572E-03  2.13572E-03  2.13572E-03  2.13572E-03  2.13572E-03  2.13572E-03  2.13572E-03  2.13572E-03  2.13572E-03  2.13572E-03  2.13572E-03  2.13572E-03
   21396   4  1.74010E-03  1.74010E-03  1.74010E-03  1.74010E-03  1.74010E-03  1.74010E-03  1.74010E-03  1.74010E-03  1.74010E-03  1.74010E-03  1.74010E-03  1.74010E-03  1.74010E-03  1.74010E-03  1.74010E-03  1.74010E-03  1.74010E-03  1.74010E-03  1.74010E-03  1.74010E-03  1.74010E-03  1.74010E-03  1.74010E-03  1.74010E-03
   21740   4  4.08728E-05  4.08728E-05  4.08728E-05  4.08728E-05  4.08728E-05  4.08728E-05  4.08728E-05  4.08728E-05  4.08728E-05  4.08728E-05  4.08728E-05  4.08728E-05  4.08728E-05  4.08728E-05  4.08728E-05  4.08728E-05  4.08728E-05  4.08728E-05  4.08728E-05  4.08728E-05  4.08728E-05  4.08728E-05  4.08728E-05  4.08728E-05
   21739   4  2.57075E-04  2.57075E-04  2.57075E-04  2.57075E-04  2.57075E-04  2.57075E-04  2.57075E-04  2.57075E-04  2.57075E-04  2.57075E-04  2.57075E-04  2.57075E-04  2.57075E-04  2.57075E-04  2.57075E-04  2.57075E-04  2.57075E-04  2.57075E-04  2.57075E-04  2.57075E-04  2.57075E-04  2.57075E-04  2.57075E-04  2.57075E-04
   21740   3  3.28276E-04  3.28276E-04  3.28276E-04  3.28276E-04  3.28276E-04  0.00000E+00  0.00000E+00  0.00000E+00  0.00000E+00  0.00000E+00  0.00000E+00  0.00000E+00  0.00000E+00  3.28276E-04  3.28276E-04  3.28276E-04  3.28276E-04  3.28276E-04  3.28276E-04  3.28276E-04  3.28276E-04  3.28276E-04  3.28276E-04  3.28276E-04
   22093   4  0.00000E+00  0.00000E+00  0.00000E+00  0.00000E+00  0.00000E+00  0.00000E+00  0.00000E+00  0.00000E+00  0.00000E+00  0.00000E+00  0.00000E+00  0.00000E+00  0.00000E+00  0.00000E+00  0.00000E+00  0.00000E+00  0.00000E+00  0.00000E+00  0.00000E+00  0.00000E+00  0.00000E+00  0.00000E+00  0.00000E+00  0.00000E+00
   22093   7  0.00000E+00  0.00000E+00  0.00000E+00  0.00000E+00  0.00000E+00  0.00000E+00  0.00000E+00  0.00000E+00  0.00000E+00  0.00000E+00  0.00000E+00  0.00000E+00  0.00000E+00  0.00000E+00  0.00000E+00  0.00000E+00  0.00000E+00  0.00000E+00  0.00000E+00  0.00000E+00  0.00000E+00  0.00000E+00  0.00000E+00  0.00000E+00
   21744   3  4.19413E-03  4.19413E-03  4.19413E-03  4.19413E-03  4.19413E-03  4.19413E-03  4.19413E-03  4.19413E-03  4.19413E-03  4.19413E-03  4.19413E-03  4.19413E-03  4.19413E-03  4.19413E-03  4.19413E-03  4.19413E-03  4.19413E-03  4.19413E-03  4.19413E-03  4.19413E-03  4.19413E-03  4.19413E-03  4.19413E-03  4.19413E-03
   21744   4  2.13671E-03  2.13671E-03  2.13671E-03  2.13671E-03  2.13671E-03  2.13671E-03  2.13671E-03  2.13671E-03  2.13671E-03  2.13671E-03  2.13671E-03  2.13671E-03  2.13671E-03  2.13671E-03  2.13671E-03  2.13671E-03  2.13671E-03  2.13671E-03  2.13671E-03  2.13671E-03  2.13671E-03  2.13671E-03  2.13671E-03  2.13671E-03
   21391   4  7.02457E-04  7.02457E-04  7.02457E-04  7.02457E-04  7.02457E-04  7.02457E-04  7.02457E-04  7.02457E-04  7.02457E-04  7.02457E-04  7.02457E-04  7.02457E-04  7.02457E-04  7.02457E-04  7.02457E-04  7.02457E-04  7.02457E-04  7.02457E-04  7.02457E-04  7.02457E-04  7.02457E-04  7.02457E-04  7.02457E-04  7.02457E-04
   21391   3  4.79778E-03  4.79778E-03  4.79778E-03  4.79778E-03  4.79778E-03  4.79778E-03  4.79778E-03  4.79778E-03  4.79778E-03  4.79778E-03  4.79778E-03  4.79778E-03  4.79778E-03  4.79778E-03  4.79778E-03  4.79778E-03  4.79778E-03  4.79778E-03  4.79778E-03  4.79778E-03  4.79778E-03  4.79778E-03  4.79778E-03  4.79778E-03
   21744   5  0.00000E+00  0.00000E+00  0.00000E+00  0.00000E+00  0.00000E+00  0.00000E+00  0.00000E+00  0.00000E+00  0.00000E+00  0.00000E+00  0.00000E+00  0.00000E+00  0.00000E+00  0.00000E+00  0.00000E+00  0.00000E+00  0.00000E+00  0.00000E+00  0.00000E+00  0.00000E+00  0.00000E+00  0.00000E+00  0.00000E+00  0.00000E+00
   22098   4  5.47649E-04  5.47649E-04  5.47649E-04  5.47649E-04  5.47649E-04  5.47649E-04  5.47649E-04  5.47649E-04  5.47649E-04  5.47649E-04  5.47649E-04  5.47649E-04  5.47649E-04  5.47649E-04  5.47649E-04  5.47649E-04  5.47649E-04  5.47649E-04  5.47649E-04  5.47649E-04  5.47649E-04  5.47649E-04  5.47649E-04  5.47649E-04
   22445   7  0.00000E+00  0.00000E+00  0.00000E+00  0.00000E+00  0.00000E+00  0.00000E+00  0.00000E+00  0.00000E+00  0.00000E+00  0.00000E+00  0.00000E+00  0.00000E+00  0.00000E+00  0.00000E+00  0.00000E+00  0.00000E+00  0.00000E+00  0.00000E+00  0.00000E+00  0.00000E+00  0.00000E+00  0.00000E+00  0.00000E+00  0.00000E+00
   22093   3  1.98567E-04  1.98567E-04  1.98567E-04  1.98567E-04  1.98567E-04  1.98567E-04  1.98567E-04  1.98567E-04  1.98567E-04  1.98567E-04  1.98567E-04  1.98567E-04  1.98567E-04  1.98567E-04  1.98567E-04  1.98567E-04  1.98567E-04  1.98567E-04  1.98567E-04  1.98567E-04  1.98567E-04  1.98567E-04  1.98567E-04  1.98567E-04
   22093   2  1.98567E-04  1.98567E-04  1.98567E-04  1.98567E-04  1.98567E-04  1.98567E-04  1.98567E-04  1.98567E-04  1.98567E-04  1.98567E-04  1.98567E-04  1.98567E-04  1.98567E-04  1.98567E-04  1.98567E-04  1.98567E-04  1.98567E-04  1.98567E-04  1.98567E-04  1.98567E-04  1.98567E-04  1.98567E-04  1.98567E-04  1.98567E-04
   22445   2  0.00000E+00  0.00000E+00  0.00000E+00  0.00000E+00  0.00000E+00  0.00000E+00  0.00000E+00  0.00000E+00  0.00000E+00  0.00000E+00  0.00000E+00  0.00000E+00  0.00000E+00  0.00000E+00  0.00000E+00  0.00000E+00  0.00000E+00  0.00000E+00  0.00000E+00  0.00000E+00  0.00000E+00  0.00000E+00  0.00000E+00  0.00000E+00
   22445   3  0.00000E+00  0.00000E+00  0.00000E+00  0.00000E+00  0.00000E+00  0.00000E+00  0.00000E+00  0.00000E+00  0.00000E+00  0.00000E+00  0.00000E+00  0.00000E+00  0.00000E+00  0.00000E+00  0.00000E+00  0.00000E+00  0.00000E+00  0.00000E+00  0.00000E+00  0.00000E+00  0.00000E+00  0.00000E+00  0.00000E+00  0.00000E+00
   22445   1  0.00000E+00  0.00000E+00  0.00000E+00  0.00000E+00  0.00000E+00  0.00000E+00  0.00000E+00  0.00000E+00  0.00000E+00  0.00000E+00  0.00000E+00  0.00000E+00  0.00000E+00  0.00000E+00  0.00000E+00  0.00000E+00  0.00000E+00  0.00000E+00  0.00000E+00  0.00000E+00  0.00000E+00  0.00000E+00  0.00000E+00  0.00000E+00
   22446   4  6.49621E-04  6.49621E-04  6.49621E-04  6.49621E-04  6.49621E-04  6.49621E-04  6.49621E-04  6.49621E-04  6.49621E-04  6.49621E-04  6.49621E-04  6.49621E-04  6.49621E-04  6.49621E-04  6.49621E-04  6.49621E-04  6.49621E-04  6.49621E-04  6.49621E-04  6.49621E-04  6.49621E-04  6.49621E-04  6.49621E-04  6.49621E-04
   22446   2  0.00000E+00  0.00000E+00  0.00000E+00  0.00000E+00  0.00000E+00  0.00000E+00  0.00000E+00  0.00000E+00  0.00000E+00  0.00000E+00  0.00000E+00  0.00000E+00  0.00000E+00  0.00000E+00  0.00000E+00  0.00000E+00  0.00000E+00  0.00000E+00  0.00000E+00  0.00000E+00  0.00000E+00  0.00000E+00  0.00000E+00  0.00000E+00
   22446   3  0.00000E+00  0.00000E+00  0.00000E+00  0.00000E+00  0.00000E+00  0.00000E+00  0.00000E+00  0.00000E+00  0.00000E+00  0.00000E+00  0.00000E+00  0.00000E+00  0.00000E+00  0.00000E+00  0.00000E+00  0.00000E+00  0.00000E+00  0.00000E+00  0.00000E+00  0.00000E+00  0.00000E+00  0.00000E+00  0.00000E+00  0.00000E+00
   22446   1  0.00000E+00  0.00000E+00  0.00000E+00  0.00000E+00  0.00000E+00  0.00000E+00  0.00000E+00  0.00000E+00  0.00000E+00  0.00000E+00  0.00000E+00  0.00000E+00  0.00000E+00  0.00000E+00  0.00000E+00  0.00000E+00  0.00000E+00  0.00000E+00  0.00000E+00  0.00000E+00  0.00000E+00  0.00000E+00  0.00000E+00  0.00000E+00
   22810   4  1.25959E-04  1.25959E-04  1.25959E-04  1.25959E-04  1.25959E-04  1.25959E-04  1.25959E-04  1.25959E-04  1.25959E-04  1.25959E-04  1.25959E-04  1.25959E-04  1.25959E-04  1.25959E-04  1.25959E-04  1.25959E-04  1.25959E-04  1.25959E-04  1.25959E-04  1.25959E-04  1.25959E-04  1.25959E-04  1.25959E-04  1.25959E-04
   22810   3  0.00000E+00  0.00000E+00  0.00000E+00  0.00000E+00  0.00000E+00  0.00000E+00  0.00000E+00  0.00000E+00  0.00000E+00  0.00000E+00  0.00000E+00  0.00000E+00  0.00000E+00  0.00000E+00  0.00000E+00  0.00000E+00  0.00000E+00  0.00000E+00  0.00000E+00  0.00000E+00  0.00000E+00  0.00000E+00  0.00000E+00  0.00000E+00
   25975   3  0.00000E+00  0.00000E+00  0.00000E+00  0.00000E+00  0.00000E+00  0.00000E+00  0.00000E+00  0.00000E+00  0.00000E+00  0.00000E+00  0.00000E+00  0.00000E+00  0.00000E+00  0.00000E+00  0.00000E+00  0.00000E+00  0.00000E+00  0.00000E+00  0.00000E+00  0.00000E+00  0.00000E+00  0.00000E+00  0.00000E+00  0.00000E+00
   25581   3  0.00000E+00  0.00000E+00  0.00000E+00  0.00000E+00  0.00000E+00  0.00000E+00  0.00000E+00  0.00000E+00  0.00000E+00  0.00000E+00  0.00000E+00  0.00000E+00  0.00000E+00  0.00000E+00  0.00000E+00  0.00000E+00  0.00000E+00  0.00000E+00  0.00000E+00  0.00000E+00  0.00000E+00  0.00000E+00  0.00000E+00  0.00000E+00
   24161   3  0.00000E+00  0.00000E+00  0.00000E+00  0.00000E+00  0.00000E+00  0.00000E+00  0.00000E+00  0.00000E+00  0.00000E+00  0.00000E+00  0.00000E+00  0.00000E+00  0.00000E+00  0.00000E+00  0.00000E+00  0.00000E+00  0.00000E+00  0.00000E+00  0.00000E+00  0.00000E+00  0.00000E+00  0.00000E+00  0.00000E+00  0.00000E+00
   24161   2  0.00000E+00  0.00000E+00  0.00000E+00  0.00000E+00  0.00000E+00  0.00000E+00  0.00000E+00  0.00000E+00  0.00000E+00  0.00000E+00  0.00000E+00  0.00000E+00  0.00000E+00  0.00000E+00  0.00000E+00  0.00000E+00  0.00000E+00  0.00000E+00  0.00000E+00  0.00000E+00  0.00000E+00  0.00000E+00  0.00000E+00  0.00000E+00
   20976   3  0.00000E+00  0.00000E+00  0.00000E+00  0.00000E+00  0.00000E+00  0.00000E+00  0.00000E+00  0.00000E+00  0.00000E+00  0.00000E+00  0.00000E+00  0.00000E+00  0.00000E+00  0.00000E+00  0.00000E+00  0.00000E+00  0.00000E+00  0.00000E+00  0.00000E+00  0.00000E+00  0.00000E+00  0.00000E+00  0.00000E+00  0.00000E+00
   20976   2  0.00000E+00  0.00000E+00  0.00000E+00  0.00000E+00  0.00000E+00  0.00000E+00  0.00000E+00  0.00000E+00  0.00000E+00  0.00000E+00  0.00000E+00  0.00000E+00  0.00000E+00  0.00000E+00  0.00000E+00  0.00000E+00  0.00000E+00  0.00000E+00  0.00000E+00  0.00000E+00  0.00000E+00  0.00000E+00  0.00000E+00  0.00000E+00
   20621   3  0.00000E+00  0.00000E+00  0.00000E+00  0.00000E+00  0.00000E+00  0.00000E+00  0.00000E+00  0.00000E+00  0.00000E+00  0.00000E+00  0.00000E+00  0.00000E+00  0.00000E+00  0.00000E+00  0.00000E+00  0.00000E+00  0.00000E+00  0.00000E+00  0.00000E+00  0.00000E+00  0.00000E+00  0.00000E+00  0.00000E+00  0.00000E+00
   23460   3  1.22911E-03  1.22911E-03  1.22911E-03  1.22911E-03  1.22911E-03  1.22911E-03  1.22911E-03  1.22911E-03  1.22911E-03  1.22911E-03  1.22911E-03  1.22911E-03  1.22911E-03  1.22911E-03  1.22911E-03  1.22911E-03  1.22911E-03  1.22911E-03  1.22911E-03  1.22911E-03  1.22911E-03  1.22911E-03  1.22911E-03  1.22911E-03
   25224   4  5.07777E-02  5.07777E-02  5.07777E-02  5.07777E-02  5.07777E-02  5.07777E-02  5.07777E-02  5.07777E-02  5.07777E-02  5.07777E-02  5.07777E-02  5.07777E-02  5.07777E-02  5.07777E-02  5.07777E-02  5.07777E-02  5.07777E-02  5.07777E-02  5.07777E-02  5.07777E-02  5.07777E-02  5.07777E-02  5.07777E-02  5.07777E-02
   25224   3  8.56610E-03  8.56610E-03  8.56610E-03  8.56610E-03  8.56610E-03  8.56610E-03  8.56610E-03  8.56610E-03  8.56610E-03  8.56610E-03  8.56610E-03  8.56610E-03  8.56610E-03  8.56610E-03  8.56610E-03  8.56610E-03  8.56610E-03  8.56610E-03  8.56610E-03  8.56610E-03  8.56610E-03  8.56610E-03  8.56610E-03  8.56610E-03
   25223   3  0.00000E+00  0.00000E+00  0.00000E+00  0.00000E+00  0.00000E+00  0.00000E+00  0.00000E+00  0.00000E+00  0.00000E+00  0.00000E+00  0.00000E+00  0.00000E+00  0.00000E+00  0.00000E+00  0.00000E+00  0.00000E+00  0.00000E+00  0.00000E+00  0.00000E+00  0.00000E+00  0.00000E+00  0.00000E+00  0.00000E+00  0.00000E+00
   24870   3  6.76563E-04  6.76563E-04  6.76563E-04  6.76563E-04  6.76563E-04  6.76563E-04  6.76563E-04  6.76563E-04  6.76563E-04  6.76563E-04  6.76563E-04  6.76563E-04  6.76563E-04  6.76563E-04  6.76563E-04  6.76563E-04  6.76563E-04  6.76563E-04  6.76563E-04  6.76563E-04  6.76563E-04  6.76563E-04  6.76563E-04  6.76563E-04
   25224   7  0.00000E+00  0.00000E+00  0.00000E+00  0.00000E+00  0.00000E+00  0.00000E+00  0.00000E+00  0.00000E+00  0.00000E+00  0.00000E+00  0.00000E+00  0.00000E+00  0.00000E+00  6.77156E-03  6.77156E-03  6.77156E-03  6.77156E-03  6.77156E-03  6.77156E-03  6.77156E-03  6.77156E-03  0.00000E+00  0.00000E+00  0.00000E+00
   25224   5  0.00000E+00  0.00000E+00  0.00000E+00  0.00000E+00  0.00000E+00  0.00000E+00  0.00000E+00  0.00000E+00  0.00000E+00  0.00000E+00  0.00000E+00  0.00000E+00  0.00000E+00  0.00000E+00  0.00000E+00  0.00000E+00  0.00000E+00  0.00000E+00  0.00000E+00  0.00000E+00  0.00000E+00  0.00000E+00  0.00000E+00  0.00000E+00
   24871   3  0.00000E+00  0.00000E+00  0.00000E+00  0.00000E+00  0.00000E+00  0.00000E+00  0.00000E+00  0.00000E+00  0.00000E+00  0.00000E+00  0.00000E+00  0.00000E+00  0.00000E+00  0.00000E+00  0.00000E+00  0.00000E+00  0.00000E+00  0.00000E+00  0.00000E+00  0.00000E+00  0.00000E+00  0.00000E+00  0.00000E+00  0.00000E+00
   25223   4  2.80296E-03  2.80296E-03  2.80296E-03  2.80296E-03  2.80296E-03  2.80296E-03  2.80296E-03  2.80296E-03  2.80296E-03  2.80296E-03  2.80296E-03  2.80296E-03  2.80296E-03  2.80296E-03  2.80296E-03  2.80296E-03  2.80296E-03  2.80296E-03  2.80296E-03  2.80296E-03  2.80296E-03  2.80296E-03  2.80296E-03  2.80296E-03
   24870   4  1.61073E-02  1.61073E-02  1.61073E-02  1.61073E-02  1.61073E-02  1.61073E-02  1.61073E-02  1.61073E-02  1.61073E-02  1.61073E-02  1.61073E-02  1.61073E-02  1.61073E-02  1.61073E-02  1.61073E-02  1.61073E-02  1.61073E-02  1.61073E-02  1.61073E-02  1.61073E-02  1.61073E-02  1.61073E-02  1.61073E-02  1.61073E-02
   24871   4  3.66950E-02  3.66950E-02  3.66950E-02  3.66950E-02  3.66950E-02  3.66950E-02  3.66950E-02  3.66950E-02  3.66950E-02  3.66950E-02  3.66950E-02  3.66950E-02  3.66950E-02  3.66950E-02  3.66950E-02  3.66950E-02  3.66950E-02  3.66950E-02  3.66950E-02  3.66950E-02  3.66950E-02  3.66950E-02  3.66950E-02  3.66950E-02
   23814   4  3.13247E-06  3.13247E-06  3.13247E-06  3.13247E-06  3.13247E-06  3.13247E-06  3.13247E-06  3.13247E-06  3.13247E-06  3.13247E-06  3.13247E-06  3.13247E-06  3.13247E-06  3.13247E-06  3.13247E-06  3.13247E-06  3.13247E-06  3.13247E-06  3.13247E-06  3.13247E-06  3.13247E-06  3.13247E-06  3.13247E-06  3.13247E-06
   23813   3  0.00000E+00  0.00000E+00  0.00000E+00  0.00000E+00  0.00000E+00  0.00000E+00  0.00000E+00  0.00000E+00  0.00000E+00  0.00000E+00  0.00000E+00  0.00000E+00  0.00000E+00  0.00000E+00  0.00000E+00  0.00000E+00  0.00000E+00  0.00000E+00  0.00000E+00  0.00000E+00  0.00000E+00  0.00000E+00  0.00000E+00  0.00000E+00
   23458   4  6.46172E-04  6.46172E-04  6.46172E-04  6.46172E-04  6.46172E-04  6.46172E-04  6.46172E-04  6.46172E-04  6.46172E-04  6.46172E-04  6.46172E-04  6.46172E-04  6.46172E-04  6.46172E-04  6.46172E-04  6.46172E-04  6.46172E-04  6.46172E-04  6.46172E-04  6.46172E-04  6.46172E-04  6.46172E-04  6.46172E-04  6.46172E-04
   28064   5  0.00000E+00  0.00000E+00  0.00000E+00  0.00000E+00  0.00000E+00  0.00000E+00  0.00000E+00  0.00000E+00  0.00000E+00  0.00000E+00  0.00000E+00  0.00000E+00  0.00000E+00  0.00000E+00  0.00000E+00  0.00000E+00  0.00000E+00  0.00000E+00  0.00000E+00  0.00000E+00  0.00000E+00  0.00000E+00  0.00000E+00  0.00000E+00
   23819   3  1.10119E-05  1.10119E-05  1.10119E-05  1.10119E-05  1.10119E-05  1.10119E-05  1.10119E-05  1.10119E-05  1.10119E-05  1.10119E-05  1.10119E-05  1.10119E-05  1.10119E-05  1.10119E-05  1.10119E-05  1.10119E-05  1.10119E-05  1.10119E-05  1.10119E-05  1.10119E-05  1.10119E-05  1.10119E-05  1.10119E-05  1.10119E-05
   23819   4  1.69289E-02  1.69289E-02  1.69289E-02  1.69289E-02  1.69289E-02  1.69289E-02  1.69289E-02  1.69289E-02  1.69289E-02  1.69289E-02  1.69289E-02  1.69289E-02  1.69289E-02  1.69289E-02  1.69289E-02  1.69289E-02  1.69289E-02  1.69289E-02  1.69289E-02  1.69289E-02  1.69289E-02  1.69289E-02  1.69289E-02  1.69289E-02
   23464   5  0.00000E+00  0.00000E+00  0.00000E+00  0.00000E+00  0.00000E+00  0.00000E+00  0.00000E+00  0.00000E+00  0.00000E+00  0.00000E+00  0.00000E+00  0.00000E+00  0.00000E+00  0.00000E+00  0.00000E+00  0.00000E+00  0.00000E+00  0.00000E+00  0.00000E+00  0.00000E+00  0.00000E+00  0.00000E+00  0.00000E+00  0.00000E+00
   23464   3  0.00000E+00  0.00000E+00  0.00000E+00  0.00000E+00  0.00000E+00  0.00000E+00  0.00000E+00  0.00000E+00  0.00000E+00  0.00000E+00  0.00000E+00  0.00000E+00  0.00000E+00  0.00000E+00  0.00000E+00  0.00000E+00  0.00000E+00  0.00000E+00  0.00000E+00  0.00000E+00  0.00000E+00  0.00000E+00  0.00000E+00  0.00000E+00
   23464   1  0.00000E+00  0.00000E+00  0.00000E+00  0.00000E+00  0.00000E+00  0.00000E+00  0.00000E+00  0.00000E+00  0.00000E+00  0.00000E+00  0.00000E+00  0.00000E+00  0.00000E+00  0.00000E+00  0.00000E+00  0.00000E+00  0.00000E+00  0.00000E+00  0.00000E+00  0.00000E+00  0.00000E+00  0.00000E+00  0.00000E+00  0.00000E+00
   23464   2  0.00000E+00  0.00000E+00  0.00000E+00  0.00000E+00  0.00000E+00  0.00000E+00  0.00000E+00  0.00000E+00  0.00000E+00  0.00000E+00  0.00000E+00  0.00000E+00  0.00000E+00  0.00000E+00  0.00000E+00  0.00000E+00  0.00000E+00  0.00000E+00  0.00000E+00  0.00000E+00  0.00000E+00  0.00000E+00  0.00000E+00  0.00000E+00
   23464   4  5.30672E-03  5.30672E-03  5.30672E-03  5.30672E-03  5.30672E-03  5.30672E-03  5.30672E-03  5.30672E-03  5.30672E-03  5.30672E-03  5.30672E-03  5.30672E-03  5.30672E-03  5.30672E-03  5.30672E-03  5.30672E-03  5.30672E-03  5.30672E-03  5.30672E-03  5.30672E-03  5.30672E-03  5.30672E-03  5.30672E-03  5.30672E-03
   24519   4  1.11147E-02  1.11147E-02  1.11147E-02  1.11147E-02  1.11147E-02  1.11147E-02  1.11147E-02  1.11147E-02  1.11147E-02  1.11147E-02  1.11147E-02  1.11147E-02  1.11147E-02  1.11147E-02  1.11147E-02  1.11147E-02  1.11147E-02  1.11147E-02  1.11147E-02  1.11147E-02  1.11147E-02  1.11147E-02  1.11147E-02  1.11147E-02
   24519   3  2.73619E-03  2.73619E-03  2.73619E-03  2.73619E-03  2.73619E-03  2.73619E-03  2.73619E-03  2.73619E-03  2.73619E-03  2.73619E-03  2.73619E-03  2.73619E-03  2.73619E-03  2.73619E-03  2.73619E-03  2.73619E-03  2.73619E-03  2.73619E-03  2.73619E-03  2.73619E-03  2.73619E-03  2.73619E-03  2.73619E-03  2.73619E-03
   24166   4  8.35842E-04  8.35842E-04  8.35842E-04  8.35842E-04  8.35842E-04  8.35842E-04  8.35842E-04  8.35842E-04  8.35842E-04  8.35842E-04  8.35842E-04  8.35842E-04  8.35842E-04  8.35842E-04  8.35842E-04  8.35842E-04  8.35842E-04  8.35842E-04  8.35842E-04  8.35842E-04  8.35842E-04  8.35842E-04  8.35842E-04  8.35842E-04
   24518   4  0.00000E+00  0.00000E+00  0.00000E+00  0.00000E+00  0.00000E+00  0.00000E+00  0.00000E+00  0.00000E+00  0.00000E+00  0.00000E+00  0.00000E+00  0.00000E+00  0.00000E+00  0.00000E+00  0.00000E+00  0.00000E+00  0.00000E+00  0.00000E+00  0.00000E+00  0.00000E+00  0.00000E+00  0.00000E+00  0.00000E+00  0.00000E+00
   24519   7  0.00000E+00  0.00000E+00  0.00000E+00  0.00000E+00  0.00000E+00  0.00000E+00  0.00000E+00  0.00000E+00  0.00000E+00  0.00000E+00  0.00000E+00  0.00000E+00  0.00000E+00  0.00000E+00  0.00000E+00  0.00000E+00  0.00000E+00  0.00000E+00  0.00000E+00  0.00000E+00  0.00000E+00  0.00000E+00  0.00000E+00  0.00000E+00
   24510   3  0.00000E+00  0.00000E+00  0.00000E+00  0.00000E+00  0.00000E+00  0.00000E+00  0.00000E+00  0.00000E+00  0.00000E+00  0.00000E+00  0.00000E+00  0.00000E+00  0.00000E+00  0.00000E+00  0.00000E+00  0.00000E+00  0.00000E+00  0.00000E+00  0.00000E+00  0.00000E+00  0.00000E+00  0.00000E+00  0.00000E+00  0.00000E+00
   24510   2  0.00000E+00  0.00000E+00  0.00000E+00  0.00000E+00  0.00000E+00  0.00000E+00  0.00000E+00  0.00000E+00  0.00000E+00  0.00000E+00  0.00000E+00  0.00000E+00  0.00000E+00  0.00000E+00  0.00000E+00  0.00000E+00  0.00000E+00  0.00000E+00  0.00000E+00  0.00000E+00  0.00000E+00  0.00000E+00  0.00000E+00  0.00000E+00
   20989   3  0.00000E+00  0.00000E+00  0.00000E+00  0.00000E+00  0.00000E+00  0.00000E+00  0.00000E+00  0.00000E+00  0.00000E+00  0.00000E+00  0.00000E+00  0.00000E+00  0.00000E+00  0.00000E+00  0.00000E+00  0.00000E+00  0.00000E+00  0.00000E+00  0.00000E+00  0.00000E+00  0.00000E+00  0.00000E+00  0.00000E+00  0.00000E+00
   20989   2  0.00000E+00  0.00000E+00  0.00000E+00  0.00000E+00  0.00000E+00  0.00000E+00  0.00000E+00  0.00000E+00  0.00000E+00  0.00000E+00  0.00000E+00  0.00000E+00  0.00000E+00  0.00000E+00  0.00000E+00  0.00000E+00  0.00000E+00  0.00000E+00  0.00000E+00  0.00000E+00  0.00000E+00  0.00000E+00  0.00000E+00  0.00000E+00
   22745   4  3.42149E-04  3.42149E-04  3.42149E-04  3.42149E-04  3.42149E-04  3.42149E-04  3.42149E-04  3.42149E-04  3.42149E-04  3.42149E-04  3.42149E-04  3.42149E-04  3.42149E-04  3.42149E-04  3.42149E-04  3.42149E-04  3.42149E-04  3.42149E-04  3.42149E-04  3.42149E-04  3.42149E-04  3.42149E-04  3.42149E-04  3.42149E-04
   28410   4  2.51918E-04  2.51918E-04  2.51918E-04  2.51918E-04  2.51918E-04  2.51918E-04  2.51918E-04  2.51918E-04  2.51918E-04  2.51918E-04  2.51918E-04  2.51918E-04  2.51918E-04  2.51918E-04  2.51918E-04  2.51918E-04  2.51918E-04  2.51918E-04  2.51918E-04  2.51918E-04  2.51918E-04  2.51918E-04  2.51918E-04  2.51918E-04
   24163   4  1.04417E-03  1.04417E-03  1.04417E-03  1.04417E-03  1.04417E-03  1.04417E-03  1.04417E-03  1.04417E-03  1.04417E-03  1.04417E-03  1.04417E-03  1.04417E-03  1.04417E-03  1.04417E-03  1.04417E-03  1.04417E-03  1.04417E-03  1.04417E-03  1.04417E-03  1.04417E-03  1.04417E-03  1.04417E-03  1.04417E-03  1.04417E-03
   24163   3  2.14629E-06  2.14629E-06  2.14629E-06  2.14629E-06  2.14629E-06  2.14629E-06  2.14629E-06  2.14629E-06  2.14629E-06  2.14629E-06  2.14629E-06  2.14629E-06  2.14629E-06  2.14629E-06  2.14629E-06  2.14629E-06  2.14629E-06  2.14629E-06  2.14629E-06  2.14629E-06  2.14629E-06  2.14629E-06  2.14629E-06  2.14629E-06
   24870   5  0.00000E+00  0.00000E+00  0.00000E+00  0.00000E+00  0.00000E+00  0.00000E+00  0.00000E+00  0.00000E+00  0.00000E+00  0.00000E+00  0.00000E+00  0.00000E+00  0.00000E+00  0.00000E+00  0.00000E+00  0.00000E+00  0.00000E+00  0.00000E+00  0.00000E+00  0.00000E+00  0.00000E+00  0.00000E+00  0.00000E+00  0.00000E+00
   24517   4  4.47998E-07  4.47998E-07  4.47998E-07  4.47998E-07  4.47998E-07  4.47998E-07  4.47998E-07  4.47998E-07  4.47998E-07  4.47998E-07  4.47998E-07  4.47998E-07  4.47998E-07  4.47998E-07  4.47998E-07  4.47998E-07  4.47998E-07  4.47998E-07  4.47998E-07  4.47998E-07  4.47998E-07  4.47998E-07  4.47998E-07  4.47998E-07
   24872   4  8.43354E-04  8.43354E-04  8.43354E-04  8.43354E-04  8.43354E-04  8.43354E-04  8.43354E-04  8.43354E-04  8.43354E-04  8.43354E-04  8.43354E-04  8.43354E-04  8.43354E-04  8.43354E-04  8.43354E-04  8.43354E-04  8.43354E-04  8.43354E-04  8.43354E-04  8.43354E-04  8.43354E-04  8.43354E-04  8.43354E-04  8.43354E-04
   20280   3  0.00000E+00  0.00000E+00  0.00000E+00  0.00000E+00  0.00000E+00  0.00000E+00  0.00000E+00  0.00000E+00  0.00000E+00  0.00000E+00  0.00000E+00  0.00000E+00  0.00000E+00  0.00000E+00  0.00000E+00  0.00000E+00  0.00000E+00  0.00000E+00  0.00000E+00  0.00000E+00  0.00000E+00  0.00000E+00  0.00000E+00  0.00000E+00
   23103   3  0.00000E+00  0.00000E+00  0.00000E+00  0.00000E+00  0.00000E+00  0.00000E+00  0.00000E+00  0.00000E+00  0.00000E+00  0.00000E+00  0.00000E+00  0.00000E+00  0.00000E+00  1.69688E-04  1.69688E-04  1.69688E-04  1.69688E-04  1.69688E-04  1.69688E-04  1.69688E-04  1.69688E-04  0.00000E+00  0.00000E+00  0.00000E+00
   25575   3  1.12035E-03  1.12035E-03  1.12035E-03  1.12035E-03  1.12035E-03  1.12035E-03  1.12035E-03  1.12035E-03  1.12035E-03  1.12035E-03  1.12035E-03  1.12035E-03  1.12035E-03  1.12035E-03  1.12035E-03  1.12035E-03  1.12035E-03  1.12035E-03  1.12035E-03  1.12035E-03  1.12035E-03  1.12035E-03  1.12035E-03  1.12035E-03
   25575   4  1.03641E-02  1.03641E-02  1.03641E-02  1.03641E-02  1.03641E-02  1.03641E-02  1.03641E-02  1.03641E-02  1.03641E-02  1.03641E-02  1.03641E-02  1.03641E-02  1.03641E-02  1.03641E-02  1.03641E-02  1.03641E-02  1.03641E-02  1.03641E-02  1.03641E-02  1.03641E-02  1.03641E-02  1.03641E-02  1.03641E-02  1.03641E-02
   25575   5  0.00000E+00  0.00000E+00  0.00000E+00  0.00000E+00  0.00000E+00  0.00000E+00  0.00000E+00  0.00000E+00  0.00000E+00  0.00000E+00  0.00000E+00  0.00000E+00  0.00000E+00  0.00000E+00  0.00000E+00  0.00000E+00  0.00000E+00  0.00000E+00  0.00000E+00  0.00000E+00  0.00000E+00  0.00000E+00  0.00000E+00  0.00000E+00
   25575   2  7.84240E-06  7.84240E-06  7.84240E-06  7.84240E-06  7.84240E-06  7.84240E-06  7.84240E-06  7.84240E-06  7.84240E-06  7.84240E-06  7.84240E-06  7.84240E-06  7.84240E-06  7.84240E-06  7.84240E-06  7.84240E-06  7.84240E-06  7.84240E-06  7.84240E-06  7.84240E-06  7.84240E-06  7.84240E-06  7.84240E-06  7.84240E-06
   24868   4  0.00000E+00  0.00000E+00  0.00000E+00  0.00000E+00  0.00000E+00  0.00000E+00  0.00000E+00  0.00000E+00  0.00000E+00  0.00000E+00  0.00000E+00  0.00000E+00  0.00000E+00  0.00000E+00  0.00000E+00  0.00000E+00  0.00000E+00  0.00000E+00  0.00000E+00  0.00000E+00  0.00000E+00  0.00000E+00  0.00000E+00  0.00000E+00
   24869   4  0.00000E+00  0.00000E+00  0.00000E+00  0.00000E+00  0.00000E+00  0.00000E+00  0.00000E+00  0.00000E+00  0.00000E+00  0.00000E+00  0.00000E+00  0.00000E+00  0.00000E+00  0.00000E+00  0.00000E+00  0.00000E+00  0.00000E+00  0.00000E+00  0.00000E+00  0.00000E+00  0.00000E+00  0.00000E+00  0.00000E+00  0.00000E+00
   25575   7  0.00000E+00  0.00000E+00  0.00000E+00  0.00000E+00  0.00000E+00  0.00000E+00  0.00000E+00  0.00000E+00  0.00000E+00  0.00000E+00  0.00000E+00  0.00000E+00  0.00000E+00  0.00000E+00  0.00000E+00  0.00000E+00  0.00000E+00  0.00000E+00  0.00000E+00  0.00000E+00  0.00000E+00  0.00000E+00  0.00000E+00  0.00000E+00
   25576   3  0.00000E+00  0.00000E+00  0.00000E+00  0.00000E+00  0.00000E+00  0.00000E+00  0.00000E+00  0.00000E+00  0.00000E+00  0.00000E+00  0.00000E+00  0.00000E+00  0.00000E+00  0.00000E+00  0.00000E+00  0.00000E+00  0.00000E+00  0.00000E+00  0.00000E+00  0.00000E+00  0.00000E+00  0.00000E+00  0.00000E+00  0.00000E+00
   25222   3  8.39492E-05  8.39492E-05  8.39492E-05  8.39492E-05  8.39492E-05  8.39492E-05  8.39492E-05  8.39492E-05  8.39492E-05  8.39492E-05  8.39492E-05  8.39492E-05  8.39492E-05  8.39492E-05  8.39492E-05  8.39492E-05  8.39492E-05  8.39492E-05  8.39492E-05  8.39492E-05  8.39492E-05  8.39492E-05  8.39492E-05  8.39492E-05
   24874   3  0.00000E+00  0.00000E+00  0.00000E+00  0.00000E+00  0.00000E+00  0.00000E+00  0.00000E+00  0.00000E+00  0.00000E+00  0.00000E+00  0.00000E+00  0.00000E+00  0.00000E+00  0.00000E+00  0.00000E+00  0.00000E+00  0.00000E+00  0.00000E+00  0.00000E+00  0.00000E+00  0.00000E+00  0.00000E+00  0.00000E+00  0.00000E+00
   24874   4  1.19232E-06  1.19232E-06  1.19232E-06  1.19232E-06  1.19232E-06  1.19232E-06  1.19232E-06  1.19232E-06  1.19232E-06  1.19232E-06  1.19232E-06  1.19232E-06  1.19232E-06  1.19232E-06  1.19232E-06  1.19232E-06  1.19232E-06  1.19232E-06  1.19232E-06  1.19232E-06  1.19232E-06  1.19232E-06  1.19232E-06  1.19232E-06
   20686   4  0.00000E+00  0.00000E+00  0.00000E+00  0.00000E+00  0.00000E+00  0.00000E+00  0.00000E+00  0.00000E+00  0.00000E+00  0.00000E+00  0.00000E+00  0.00000E+00  0.00000E+00  0.00000E+00  0.00000E+00  0.00000E+00  0.00000E+00  0.00000E+00  0.00000E+00  0.00000E+00  0.00000E+00  0.00000E+00  0.00000E+00  0.00000E+00
   20686   2  0.00000E+00  0.00000E+00  0.00000E+00  0.00000E+00  0.00000E+00  0.00000E+00  0.00000E+00  0.00000E+00  0.00000E+00  0.00000E+00  0.00000E+00  0.00000E+00  0.00000E+00  0.00000E+00  0.00000E+00  0.00000E+00  0.00000E+00  0.00000E+00  0.00000E+00  0.00000E+00  0.00000E+00  0.00000E+00  0.00000E+00  0.00000E+00
   20686   3  0.00000E+00  0.00000E+00  0.00000E+00  0.00000E+00  0.00000E+00  0.00000E+00  0.00000E+00  0.00000E+00  0.00000E+00  0.00000E+00  0.00000E+00  0.00000E+00  0.00000E+00  0.00000E+00  0.00000E+00  0.00000E+00  0.00000E+00  0.00000E+00  0.00000E+00  0.00000E+00  0.00000E+00  0.00000E+00  0.00000E+00  0.00000E+00
   22095   4  4.11283E-04  4.11283E-04  4.11283E-04  4.11283E-04  4.11283E-04  4.11283E-04  4.11283E-04  4.11283E-04  4.11283E-04  4.11283E-04  4.11283E-04  4.11283E-04  4.11283E-04  4.11283E-04  4.11283E-04  4.11283E-04  4.11283E-04  4.11283E-04  4.11283E-04  4.11283E-04  4.11283E-04  4.11283E-04  4.11283E-04  4.11283E-04
   22095   2  0.00000E+00  0.00000E+00  0.00000E+00  0.00000E+00  0.00000E+00  0.00000E+00  0.00000E+00  0.00000E+00  0.00000E+00  0.00000E+00  0.00000E+00  0.00000E+00  0.00000E+00  0.00000E+00  0.00000E+00  0.00000E+00  0.00000E+00  0.00000E+00  0.00000E+00  0.00000E+00  0.00000E+00  0.00000E+00  0.00000E+00  0.00000E+00
   22095   3  0.00000E+00  0.00000E+00  0.00000E+00  0.00000E+00  0.00000E+00  0.00000E+00  0.00000E+00  0.00000E+00  0.00000E+00  0.00000E+00  0.00000E+00  0.00000E+00  0.00000E+00  0.00000E+00  0.00000E+00  0.00000E+00  0.00000E+00  0.00000E+00  0.00000E+00  0.00000E+00  0.00000E+00  0.00000E+00  0.00000E+00  0.00000E+00
   20329   3  8.52267E-02  8.52267E-02  3.47265E-03  3.47265E-03  3.47265E-03  3.47265E-03  3.47265E-03  3.47265E-03  3.47265E-03  3.47265E-03  3.47265E-03  3.47265E-03  3.47265E-03  8.52267E-02  8.52267E-02  8.52267E-02  8.52267E-02  8.52267E-02  8.52267E-02  8.52267E-02  8.52267E-02  8.52267E-02  8.52267E-02  8.52267E-02
   21381   4  0.00000E+00  0.00000E+00  0.00000E+00  0.00000E+00  0.00000E+00  0.00000E+00  0.00000E+00  0.00000E+00  0.00000E+00  0.00000E+00  0.00000E+00  0.00000E+00  0.00000E+00  0.00000E+00  0.00000E+00  0.00000E+00  0.00000E+00  0.00000E+00  0.00000E+00  0.00000E+00  0.00000E+00  0.00000E+00  0.00000E+00  0.00000E+00
   20684   3  2.47504E-04  2.47504E-04  0.00000E+00  0.00000E+00  0.00000E+00  0.00000E+00  0.00000E+00  0.00000E+00  0.00000E+00  0.00000E+00  0.00000E+00  0.00000E+00  0.00000E+00  2.47504E-04  2.47504E-04  2.47504E-04  2.47504E-04  2.47504E-04  2.47504E-04  2.47504E-04  2.47504E-04  2.47504E-04  2.47504E-04  2.47504E-04
   20683   3  2.78257E-02  2.78257E-02  2.64700E-02  2.64700E-02  2.64700E-02  2.64700E-02  2.64700E-02  2.64700E-02  2.64700E-02  2.64700E-02  2.64700E-02  2.64700E-02  2.64700E-02  2.78486E-02  2.78486E-02  2.78486E-02  2.78486E-02  2.78486E-02  2.78486E-02  2.78486E-02  2.78486E-02  2.78257E-02  2.78257E-02  2.78257E-02
   20684   4  3.33634E-04  3.33634E-04  3.33634E-04  3.33634E-04  3.33634E-04  3.33634E-04  3.33634E-04  3.33634E-04  3.33634E-04  3.33634E-04  3.33634E-04  3.33634E-04  3.33634E-04  3.33634E-04  3.33634E-04  3.33634E-04  3.33634E-04  3.33634E-04  3.33634E-04  3.33634E-04  3.33634E-04  3.33634E-04  3.33634E-04  3.33634E-04
   21036   4  1.96285E-04  1.96285E-04  1.96285E-04  1.96285E-04  1.96285E-04  1.96285E-04  1.96285E-04  1.96285E-04  1.96285E-04  1.96285E-04  1.96285E-04  1.96285E-04  1.96285E-04  2.04175E-04  2.04175E-04  2.04175E-04  2.04175E-04  2.04175E-04  2.04175E-04  2.04175E-04  2.04175E-04  1.96285E-04  1.96285E-04  1.96285E-04
   21036   3  6.54112E-02  6.54112E-02  6.54112E-02  6.54112E-02  6.54112E-02  6.54112E-02  6.54112E-02  6.54112E-02  6.54112E-02  6.54112E-02  6.54112E-02  6.54112E-02  6.54112E-02  6.54112E-02  6.54112E-02  6.54112E-02  6.54112E-02  6.54112E-02  6.54112E-02  6.54112E-02  6.54112E-02  6.54112E-02  6.54112E-02  6.54112E-02
   21036   7  0.00000E+00  0.00000E+00  0.00000E+00  0.00000E+00  0.00000E+00  0.00000E+00  0.00000E+00  0.00000E+00  0.00000E+00  0.00000E+00  0.00000E+00  0.00000E+00  0.00000E+00  9.50327E-03  9.50327E-03  9.50327E-03  9.50327E-03  9.50327E-03  9.50327E-03  9.50327E-03  9.50327E-03  0.00000E+00  0.00000E+00  0.00000E+00
   19275   4  5.92196E-05  5.92196E-05  5.92196E-05  5.92196E-05  5.92196E-05  5.92196E-05  5.92196E-05  5.92196E-05  5.92196E-05  5.92196E-05  5.92196E-05  5.92196E-05  5.92196E-05  5.92196E-05  5.92196E-05  5.92196E-05  5.92196E-05  5.92196E-05  5.92196E-05  5.92196E-05  5.92196E-05  5.92196E-05  5.92196E-05  5.92196E-05
   19275   3  0.00000E+00  0.00000E+00  0.00000E+00  0.00000E+00  0.00000E+00  0.00000E+00  0.00000E+00  0.00000E+00  0.00000E+00  0.00000E+00  0.00000E+00  0.00000E+00  0.00000E+00  0.00000E+00  0.00000E+00  0.00000E+00  0.00000E+00  0.00000E+00  0.00000E+00  0.00000E+00  0.00000E+00  0.00000E+00  0.00000E+00  0.00000E+00
   19274   4  5.12369E-08  5.12369E-08  5.12369E-08  5.12369E-08  5.12369E-08  5.12369E-08  5.12369E-08  5.12369E-08  5.12369E-08  5.12369E-08  5.12369E-08  5.12369E-08  5.12369E-08  5.12369E-08  5.12369E-08  5.12369E-08  5.12369E-08  5.12369E-08  5.12369E-08  5.12369E-08  5.12369E-08  5.12369E-08  5.12369E-08  5.12369E-08
   19627   4  1.53347E-04  1.53347E-04  1.53347E-04  1.53347E-04  1.53347E-04  1.53347E-04  1.53347E-04  1.53347E-04  1.53347E-04  1.53347E-04  1.53347E-04  1.53347E-04  1.53347E-04  1.53347E-04  1.53347E-04  1.53347E-04  1.53347E-04  1.53347E-04  1.53347E-04  1.53347E-04  1.53347E-04  1.53347E-04  1.53347E-04  1.53347E-04
   19627   3  0.00000E+00  0.00000E+00  0.00000E+00  0.00000E+00  0.00000E+00  0.00000E+00  0.00000E+00  0.00000E+00  0.00000E+00  0.00000E+00  0.00000E+00  0.00000E+00  0.00000E+00  0.00000E+00  0.00000E+00  0.00000E+00  0.00000E+00  0.00000E+00  0.00000E+00  0.00000E+00  0.00000E+00  0.00000E+00  0.00000E+00  0.00000E+00
   19627   2  0.00000E+00  0.00000E+00  0.00000E+00  0.00000E+00  0.00000E+00  0.00000E+00  0.00000E+00  0.00000E+00  0.00000E+00  0.00000E+00  0.00000E+00  0.00000E+00  0.00000E+00  0.00000E+00  0.00000E+00  0.00000E+00  0.00000E+00  0.00000E+00  0.00000E+00  0.00000E+00  0.00000E+00  0.00000E+00  0.00000E+00  0.00000E+00
   20331   4  3.95059E-02  3.95059E-02  3.95059E-02  3.95059E-02  3.95059E-02  3.95059E-02  3.95059E-02  3.95059E-02  3.95059E-02  3.95059E-02  3.95059E-02  3.95059E-02  3.95059E-02  3.95059E-02  3.95059E-02  3.95059E-02  3.95059E-02  3.95059E-02  3.95059E-02  3.95059E-02  3.95059E-02  3.95059E-02  3.95059E-02  3.95059E-02
   20331   3  1.74501E-02  1.74501E-02  1.63097E-02  1.63097E-02  1.63097E-02  1.63097E-02  1.63097E-02  1.63097E-02  1.63097E-02  1.63097E-02  1.63097E-02  1.63097E-02  1.63097E-02  4.60389E-02  4.60389E-02  4.60389E-02  4.60389E-02  4.60389E-02  4.60389E-02  4.60389E-02  4.60389E-02  1.74501E-02  1.74501E-02  1.74501E-02
   20331   7  2.45067E-03  2.45067E-03  2.45067E-03  2.45067E-03  2.45067E-03  2.45020E-03  2.45020E-03  2.45020E-03  2.45020E-03  2.45020E-03  2.45020E-03  2.45020E-03  2.45067E-03  4.38872E-03  4.38872E-03  4.38872E-03  4.38872E-03  4.38872E-03  4.38872E-03  4.38872E-03  4.38872E-03  2.45067E-03  2.45067E-03  2.45067E-03
   19971   4  2.31327E-04  2.31327E-04  2.31327E-04  2.31327E-04  2.31327E-04  2.31327E-04  2.31327E-04  2.31327E-04  2.31327E-04  2.31327E-04  2.31327E-04  2.31327E-04  2.31327E-04  2.31327E-04  2.31327E-04  2.31327E-04  2.31327E-04  2.31327E-04  2.31327E-04  2.31327E-04  2.31327E-04  2.31327E-04  2.31327E-04  2.31327E-04
   20331   1  7.82427E-04  7.82427E-04  7.82427E-04  7.82427E-04  7.82427E-04  7.82427E-04  7.82427E-04  7.82427E-04  7.82427E-04  7.82427E-04  7.82427E-04  7.82427E-04  7.82427E-04  7.82427E-04  7.82427E-04  7.82427E-04  7.82427E-04  7.82427E-04  7.82427E-04  7.82427E-04  7.82427E-04  7.82427E-04  7.82427E-04  7.82427E-04
   20331   2  1.84541E-05  1.84541E-05  1.84541E-05  1.84541E-05  1.84541E-05  1.84541E-05  1.84541E-05  1.84541E-05  1.84541E-05  1.84541E-05  1.84541E-05  1.84541E-05  1.84541E-05  1.84541E-05  1.84541E-05  1.84541E-05  1.84541E-05  1.84541E-05  1.84541E-05  1.84541E-05  1.84541E-05  1.84541E-05  1.84541E-05  1.84541E-05
   20685   3  0.00000E+00  0.00000E+00  0.00000E+00  0.00000E+00  0.00000E+00  0.00000E+00  0.00000E+00  0.00000E+00  0.00000E+00  0.00000E+00  0.00000E+00  0.00000E+00  0.00000E+00  1.24352E-05  1.24352E-05  1.24352E-05  1.24352E-05  1.24352E-05  1.24352E-05  1.24352E-05  1.24352E-05  0.00000E+00  0.00000E+00  0.00000E+00
   20332   3  0.00000E+00  0.00000E+00  0.00000E+00  0.00000E+00  0.00000E+00  0.00000E+00  0.00000E+00  0.00000E+00  0.00000E+00  0.00000E+00  0.00000E+00  0.00000E+00  0.00000E+00  0.00000E+00  0.00000E+00  0.00000E+00  0.00000E+00  0.00000E+00  0.00000E+00  0.00000E+00  0.00000E+00  0.00000E+00  0.00000E+00  0.00000E+00
   20685   7  0.00000E+00  0.00000E+00  0.00000E+00  0.00000E+00  0.00000E+00  0.00000E+00  0.00000E+00  0.00000E+00  0.00000E+00  0.00000E+00  0.00000E+00  0.00000E+00  0.00000E+00  3.41278E-03  3.41278E-03  3.41278E-03  3.41278E-03  3.41278E-03  3.41278E-03  3.41278E-03  3.41278E-03  0.00000E+00  0.00000E+00  0.00000E+00
   19622   4  0.00000E+00  0.00000E+00  0.00000E+00  0.00000E+00  0.00000E+00  0.00000E+00  0.00000E+00  0.00000E+00  0.00000E+00  0.00000E+00  0.00000E+00  0.00000E+00  0.00000E+00  0.00000E+00  0.00000E+00  0.00000E+00  0.00000E+00  0.00000E+00  0.00000E+00  0.00000E+00  0.00000E+00  0.00000E+00  0.00000E+00  0.00000E+00
   19628   4  3.15166E-05  3.15166E-05  3.15166E-05  3.15166E-05  3.15166E-05  3.15166E-05  3.15166E-05  3.15166E-05  3.15166E-05  3.15166E-05  3.15166E-05  3.15166E-05  3.15166E-05  3.15166E-05  3.15166E-05  3.15166E-05  3.15166E-05  3.15166E-05  3.15166E-05  3.15166E-05  3.15166E-05  3.15166E-05  3.15166E-05  3.15166E-05
   19628   3  1.23504E-04  1.23504E-04  1.23504E-04  1.23504E-04  1.23504E-04  1.23504E-04  1.23504E-04  1.23504E-04  1.23504E-04  1.23504E-04  1.23504E-04  1.23504E-04  1.23504E-04  1.23504E-04  1.23504E-04  1.23504E-04  1.23504E-04  1.23504E-04  1.23504E-04  1.23504E-04  1.23504E-04  1.23504E-04  1.23504E-04  1.23504E-04
   19274   3  7.93871E-08  7.93871E-08  7.93871E-08  7.93871E-08  7.93871E-08  7.93871E-08  7.93871E-08  7.93871E-08  7.93871E-08  7.93871E-08  7.93871E-08  7.93871E-08  7.93871E-08  7.93871E-08  7.93871E-08  7.93871E-08  7.93871E-08  7.93871E-08  7.93871E-08  7.93871E-08  7.93871E-08  7.93871E-08  7.93871E-08  7.93871E-08
   19628   7  4.83124E-06  4.83124E-06  4.83124E-06  4.83124E-06  4.83124E-06  0.00000E+00  0.00000E+00  0.00000E+00  0.00000E+00  0.00000E+00  0.00000E+00  0.00000E+00  4.83124E-06  4.83124E-06  4.83124E-06  4.83124E-06  4.83124E-06  4.83124E-06  4.83124E-06  4.83124E-06  4.83124E-06  4.83124E-06  4.83124E-06  4.83124E-06
   19267   4  2.36586E-03  2.36586E-03  2.36586E-03  2.36586E-03  2.36586E-03  2.36586E-03  2.36586E-03  2.36586E-03  2.36586E-03  2.36586E-03  2.36586E-03  2.36586E-03  2.36586E-03  3.02527E-03  3.02527E-03  3.02527E-03  3.02527E-03  3.02527E-03  3.02527E-03  3.02527E-03  3.02527E-03  2.36586E-03  2.36586E-03  2.36586E-03
   19267   2  1.26835E-04  1.26835E-04  1.26835E-04  1.26835E-04  1.26835E-04  1.26835E-04  1.26835E-04  1.26835E-04  1.26835E-04  1.26835E-04  1.26835E-04  1.26835E-04  1.26835E-04  1.26835E-04  1.26835E-04  1.26835E-04  1.26835E-04  1.26835E-04  1.26835E-04  1.26835E-04  1.26835E-04  1.26835E-04  1.26835E-04  1.26835E-04
   19620   4  4.80914E-04  4.80914E-04  4.80914E-04  4.80914E-04  4.80914E-04  4.80914E-04  4.80914E-04  4.80914E-04  4.80914E-04  4.80914E-04  4.80914E-04  4.80914E-04  4.80914E-04  4.80914E-04  4.80914E-04  4.80914E-04  4.80914E-04  4.80914E-04  4.80914E-04  4.80914E-04  4.80914E-04  4.80914E-04  4.80914E-04  4.80914E-04
   19620   3  3.99656E-05  3.99656E-05  3.99656E-05  3.99656E-05  3.99656E-05  3.99656E-05  3.99656E-05  3.99656E-05  3.99656E-05  3.99656E-05  3.99656E-05  3.99656E-05  3.99656E-05  3.99656E-05  3.99656E-05  3.99656E-05  3.99656E-05  3.99656E-05  3.99656E-05  3.99656E-05  3.99656E-05  3.99656E-05  3.99656E-05  3.99656E-05
   19267   7  0.00000E+00  0.00000E+00  0.00000E+00  0.00000E+00  0.00000E+00  0.00000E+00  0.00000E+00  0.00000E+00  0.00000E+00  0.00000E+00  0.00000E+00  0.00000E+00  0.00000E+00  1.50330E-03  1.50330E-03  1.50330E-03  1.50330E-03  1.50330E-03  1.50330E-03  1.50330E-03  1.50330E-03  0.00000E+00  0.00000E+00  0.00000E+00
   19267   3  2.49163E-03  2.49163E-03  2.49163E-03  2.49163E-03  2.49163E-03  2.49163E-03  2.49163E-03  2.49163E-03  2.49163E-03  2.49163E-03  2.49163E-03  2.49163E-03  2.49163E-03  2.49163E-03  2.49163E-03  2.49163E-03  2.49163E-03  2.49163E-03  2.49163E-03  2.49163E-03  2.49163E-03  2.49163E-03  2.49163E-03  2.49163E-03
   18913   3  0.00000E+00  0.00000E+00  0.00000E+00  0.00000E+00  0.00000E+00  0.00000E+00  0.00000E+00  0.00000E+00  0.00000E+00  0.00000E+00  0.00000E+00  0.00000E+00  0.00000E+00  0.00000E+00  0.00000E+00  0.00000E+00  0.00000E+00  0.00000E+00  0.00000E+00  0.00000E+00  0.00000E+00  0.00000E+00  0.00000E+00  0.00000E+00
   18913   4  0.00000E+00  0.00000E+00  0.00000E+00  0.00000E+00  0.00000E+00  0.00000E+00  0.00000E+00  0.00000E+00  0.00000E+00  0.00000E+00  0.00000E+00  0.00000E+00  0.00000E+00  0.00000E+00  0.00000E+00  0.00000E+00  0.00000E+00  0.00000E+00  0.00000E+00  0.00000E+00  0.00000E+00  0.00000E+00  0.00000E+00  0.00000E+00
   19975   3  6.56383E-02  6.56383E-02  8.96851E-06  8.96851E-06  8.96851E-06  8.96851E-06  8.96851E-06  8.96851E-06  8.96851E-06  8.96851E-06  8.96851E-06  8.96851E-06  8.96851E-06  6.56383E-02  6.56383E-02  6.56383E-02  6.56383E-02  6.56383E-02  6.56383E-02  6.56383E-02  6.56383E-02  6.56383E-02  6.56383E-02  6.56383E-02
   19975   4  7.00033E-03  7.00033E-03  7.00033E-03  7.00033E-03  7.00033E-03  7.00033E-03  7.00033E-03  7.00033E-03  7.00033E-03  7.00033E-03  7.00033E-03  7.00033E-03  7.00033E-03  7.00033E-03  7.00033E-03  7.00033E-03  7.00033E-03  7.00033E-03  7.00033E-03  7.00033E-03  7.00033E-03  7.00033E-03  7.00033E-03  7.00033E-03
   19975   2  0.00000E+00  0.00000E+00  0.00000E+00  0.00000E+00  0.00000E+00  0.00000E+00  0.00000E+00  0.00000E+00  0.00000E+00  0.00000E+00  0.00000E+00  0.00000E+00  0.00000E+00  0.00000E+00  0.00000E+00  0.00000E+00  0.00000E+00  0.00000E+00  0.00000E+00  0.00000E+00  0.00000E+00  0.00000E+00  0.00000E+00  0.00000E+00
   20329   7  0.00000E+00  0.00000E+00  0.00000E+00  0.00000E+00  0.00000E+00  0.00000E+00  0.00000E+00  0.00000E+00  0.00000E+00  0.00000E+00  0.00000E+00  0.00000E+00  0.00000E+00  2.55171E-02  2.55171E-02  2.55171E-02  2.55171E-02  2.55171E-02  2.55171E-02  2.55171E-02  2.55171E-02  0.00000E+00  0.00000E+00  0.00000E+00
   19975   5  0.00000E+00  0.00000E+00  0.00000E+00  0.00000E+00  0.00000E+00  0.00000E+00  0.00000E+00  0.00000E+00  0.00000E+00  0.00000E+00  0.00000E+00  0.00000E+00  0.00000E+00  0.00000E+00  0.00000E+00  0.00000E+00  0.00000E+00  0.00000E+00  0.00000E+00  0.00000E+00  0.00000E+00  0.00000E+00  0.00000E+00  0.00000E+00
   19979   5  0.00000E+00  0.00000E+00  0.00000E+00  0.00000E+00  0.00000E+00  0.00000E+00  0.00000E+00  0.00000E+00  0.00000E+00  0.00000E+00  0.00000E+00  0.00000E+00  0.00000E+00  0.00000E+00  0.00000E+00  0.00000E+00  0.00000E+00  0.00000E+00  0.00000E+00  0.00000E+00  0.00000E+00  0.00000E+00  0.00000E+00  0.00000E+00
   19979   4  2.10297E-04  2.10297E-04  2.10297E-04  2.10297E-04  2.10297E-04  2.10297E-04  2.10297E-04  2.10297E-04  2.10297E-04  2.10297E-04  2.10297E-04  2.10297E-04  2.10297E-04  2.10297E-04  2.10297E-04  2.10297E-04  2.10297E-04  2.10297E-04  2.10297E-04  2.10297E-04  2.10297E-04  2.10297E-04  2.10297E-04  2.10297E-04
   19979   3  0.00000E+00  0.00000E+00  0.00000E+00  0.00000E+00  0.00000E+00  0.00000E+00  0.00000E+00  0.00000E+00  0.00000E+00  0.00000E+00  0.00000E+00  0.00000E+00  0.00000E+00  0.00000E+00  0.00000E+00  0.00000E+00  0.00000E+00  0.00000E+00  0.00000E+00  0.00000E+00  0.00000E+00  0.00000E+00  0.00000E+00  0.00000E+00
   20681   4  4.92753E-05  4.92753E-05  4.92753E-05  4.92753E-05  4.92753E-05  4.92753E-05  4.92753E-05  4.92753E-05  4.92753E-05  4.92753E-05  4.92753E-05  4.92753E-05  4.92753E-05  4.92753E-05  4.92753E-05  4.92753E-05  4.92753E-05  4.92753E-05  4.92753E-05  4.92753E-05  4.92753E-05  4.92753E-05  4.92753E-05  4.92753E-05
   18915   3  0.00000E+00  0.00000E+00  0.00000E+00  0.00000E+00  0.00000E+00  0.00000E+00  0.00000E+00  0.00000E+00  0.00000E+00  0.00000E+00  0.00000E+00  0.00000E+00  0.00000E+00  0.00000E+00  0.00000E+00  0.00000E+00  0.00000E+00  0.00000E+00  0.00000E+00  0.00000E+00  0.00000E+00  0.00000E+00  0.00000E+00  0.00000E+00
   21038   4  3.94509E-03  3.94509E-03  3.94509E-03  3.94509E-03  3.94509E-03  3.94509E-03  3.94509E-03  3.94509E-03  3.94509E-03  3.94509E-03  3.94509E-03  3.94509E-03  3.94509E-03  3.94509E-03  3.94509E-03  3.94509E-03  3.94509E-03  3.94509E-03  3.94509E-03  3.94509E-03  3.94509E-03  3.94509E-03  3.94509E-03  3.94509E-03
   21038   3  0.00000E+00  0.00000E+00  0.00000E+00  0.00000E+00  0.00000E+00  0.00000E+00  0.00000E+00  0.00000E+00  0.00000E+00  0.00000E+00  0.00000E+00  0.00000E+00  0.00000E+00  0.00000E+00  0.00000E+00  0.00000E+00  0.00000E+00  0.00000E+00  0.00000E+00  0.00000E+00  0.00000E+00  0.00000E+00  0.00000E+00  0.00000E+00
   18562   3  0.00000E+00  0.00000E+00  0.00000E+00  0.00000E+00  0.00000E+00  0.00000E+00  0.00000E+00  0.00000E+00  0.00000E+00  0.00000E+00  0.00000E+00  0.00000E+00  0.00000E+00  0.00000E+00  0.00000E+00  0.00000E+00  0.00000E+00  0.00000E+00  0.00000E+00  0.00000E+00  0.00000E+00  0.00000E+00  0.00000E+00  0.00000E+00
   20330   7  7.96857E-05  7.96857E-05  7.96857E-05  7.96857E-05  7.96857E-05  0.00000E+00  0.00000E+00  0.00000E+00  0.00000E+00  0.00000E+00  0.00000E+00  0.00000E+00  7.96857E-05  4.89612E-02  4.89612E-02  4.89612E-02  4.89612E-02  4.89612E-02  4.89612E-02  4.89612E-02  4.89612E-02  7.96857E-05  7.96857E-05  7.96857E-05
   20330   2  1.63286E-02  1.63286E-02  1.63286E-02  1.63286E-02  1.63286E-02  1.63286E-02  1.63286E-02  1.63286E-02  1.63286E-02  1.63286E-02  1.63286E-02  1.63286E-02  1.63286E-02  1.63286E-02  1.63286E-02  1.63286E-02  1.63286E-02  1.63286E-02  1.63286E-02  1.63286E-02  1.63286E-02  1.63286E-02  1.63286E-02  1.63286E-02
   20329   2  8.58220E-06  8.58220E-06  8.58220E-06  8.58220E-06  8.58220E-06  8.58220E-06  8.58220E-06  8.58220E-06  8.58220E-06  8.58220E-06  8.58220E-06  8.58220E-06  8.58220E-06  8.58220E-06  8.58220E-06  8.58220E-06  8.58220E-06  8.58220E-06  8.58220E-06  8.58220E-06  8.58220E-06  8.58220E-06  8.58220E-06  8.58220E-06
   19266   5  0.00000E+00  0.00000E+00  0.00000E+00  0.00000E+00  0.00000E+00  0.00000E+00  0.00000E+00  0.00000E+00  0.00000E+00  0.00000E+00  0.00000E+00  0.00000E+00  0.00000E+00  0.00000E+00  0.00000E+00  0.00000E+00  0.00000E+00  0.00000E+00  0.00000E+00  0.00000E+00  0.00000E+00  0.00000E+00  0.00000E+00  0.00000E+00
   19265   4  1.64216E-02  1.64216E-02  1.64216E-02  1.64216E-02  1.64216E-02  1.64216E-02  1.64216E-02  1.64216E-02  1.64216E-02  1.64216E-02  1.64216E-02  1.64216E-02  1.64216E-02  1.70773E-01  1.70773E-01  1.70773E-01  1.70773E-01  1.70773E-01  1.70773E-01  1.70773E-01  1.70773E-01  1.64216E-02  1.64216E-02  1.64216E-02
   19265   3  1.14705E-02  1.14705E-02  3.86161E-03  3.86161E-03  3.86161E-03  3.86161E-03  3.86161E-03  3.86161E-03  3.86161E-03  3.86161E-03  3.86161E-03  3.86161E-03  3.86161E-03  1.66010E-01  1.66010E-01  1.66010E-01  1.66010E-01  1.66010E-01  1.66010E-01  1.66010E-01  1.66010E-01  1.14705E-02  1.14705E-02  1.14705E-02
   19265   5  0.00000E+00  0.00000E+00  0.00000E+00  0.00000E+00  0.00000E+00  0.00000E+00  0.00000E+00  0.00000E+00  0.00000E+00  0.00000E+00  0.00000E+00  0.00000E+00  0.00000E+00  3.43003E-02  3.43003E-02  3.43003E-02  3.43003E-02  3.43003E-02  3.43003E-02  3.43003E-02  3.43003E-02  0.00000E+00  0.00000E+00  0.00000E+00
   19266   7  0.00000E+00  0.00000E+00  0.00000E+00  0.00000E+00  0.00000E+00  0.00000E+00  0.00000E+00  0.00000E+00  0.00000E+00  0.00000E+00  0.00000E+00  0.00000E+00  0.00000E+00  0.00000E+00  0.00000E+00  0.00000E+00  0.00000E+00  0.00000E+00  0.00000E+00  0.00000E+00  0.00000E+00  0.00000E+00  0.00000E+00  0.00000E+00
   19265   7  2.28823E-05  2.28823E-05  2.28823E-05  2.28823E-05  2.28823E-05  0.00000E+00  0.00000E+00  0.00000E+00  0.00000E+00  0.00000E+00  0.00000E+00  0.00000E+00  2.28823E-05  4.68586E-02  4.68586E-02  4.68586E-02  4.68586E-02  4.68586E-02  4.68586E-02  4.68586E-02  4.68586E-02  2.28823E-05  2.28823E-05  2.28823E-05
   19266   4  1.77639E-04  1.77639E-04  1.77639E-04  1.77639E-04  1.77639E-04  1.77639E-04  1.77639E-04  1.77639E-04  1.77639E-04  1.77639E-04  1.77639E-04  1.77639E-04  1.77639E-04  1.77639E-04  1.77639E-04  1.77639E-04  1.77639E-04  1.77639E-04  1.77639E-04  1.77639E-04  1.77639E-04  1.77639E-04  1.77639E-04  1.77639E-04
   18912   4  0.00000E+00  0.00000E+00  0.00000E+00  0.00000E+00  0.00000E+00  0.00000E+00  0.00000E+00  0.00000E+00  0.00000E+00  0.00000E+00  0.00000E+00  0.00000E+00  0.00000E+00  0.00000E+00  0.00000E+00  0.00000E+00  0.00000E+00  0.00000E+00  0.00000E+00  0.00000E+00  0.00000E+00  0.00000E+00  0.00000E+00  0.00000E+00
   19265   1  1.48380E-03  1.48380E-03  1.48380E-03  1.48380E-03  1.48380E-03  1.48380E-03  1.48380E-03  1.48380E-03  1.48380E-03  1.48380E-03  1.48380E-03  1.48380E-03  1.48380E-03  1.48380E-03  1.48380E-03  1.48380E-03  1.48380E-03  1.48380E-03  1.48380E-03  1.48380E-03  1.48380E-03  1.48380E-03  1.48380E-03  1.48380E-03
   20683   4  3.73814E-02  3.73814E-02  3.73814E-02  3.73814E-02  3.73814E-02  3.73814E-02  3.73814E-02  3.73814E-02  3.73814E-02  3.73814E-02  3.73814E-02  3.73814E-02  3.73814E-02  3.73814E-02  3.73814E-02  3.73814E-02  3.73814E-02  3.73814E-02  3.73814E-02  3.73814E-02  3.73814E-02  3.73814E-02  3.73814E-02  3.73814E-02
   20683   7  4.86102E-06  4.86102E-06  4.86102E-06  4.86102E-06  4.86102E-06  0.00000E+00  0.00000E+00  0.00000E+00  0.00000E+00  0.00000E+00  0.00000E+00  0.00000E+00  4.86102E-06  4.75524E-03  4.75524E-03  4.75524E-03  4.75524E-03  4.75524E-03  4.75524E-03  4.75524E-03  4.75524E-03  4.86102E-06  4.86102E-06  4.86102E-06
   20683   2  0.00000E+00  0.00000E+00  0.00000E+00  0.00000E+00  0.00000E+00  0.00000E+00  0.00000E+00  0.00000E+00  0.00000E+00  0.00000E+00  0.00000E+00  0.00000E+00  0.00000E+00  0.00000E+00  0.00000E+00  0.00000E+00  0.00000E+00  0.00000E+00  0.00000E+00  0.00000E+00  0.00000E+00  0.00000E+00  0.00000E+00  0.00000E+00
   19973   5  0.00000E+00  0.00000E+00  0.00000E+00  0.00000E+00  0.00000E+00  0.00000E+00  0.00000E+00  0.00000E+00  0.00000E+00  0.00000E+00  0.00000E+00  0.00000E+00  0.00000E+00  0.00000E+00  0.00000E+00  0.00000E+00  0.00000E+00  0.00000E+00  0.00000E+00  0.00000E+00  0.00000E+00  0.00000E+00  0.00000E+00  0.00000E+00
   19264   3  2.37821E-05  2.37821E-05  2.37821E-05  2.37821E-05  2.37821E-05  2.37821E-05  2.37821E-05  2.37821E-05  2.37821E-05  2.37821E-05  2.37821E-05  2.37821E-05  2.37821E-05  2.37821E-05  2.37821E-05  2.37821E-05  2.37821E-05  2.37821E-05  2.37821E-05  2.37821E-05  2.37821E-05  2.37821E-05  2.37821E-05  2.37821E-05
   19263   4  1.95030E-05  1.95030E-05  1.95030E-05  1.95030E-05  1.95030E-05  1.95030E-05  1.95030E-05  1.95030E-05  1.95030E-05  1.95030E-05  1.95030E-05  1.95030E-05  1.95030E-05  1.95030E-05  1.95030E-05  1.95030E-05  1.95030E-05  1.95030E-05  1.95030E-05  1.95030E-05  1.95030E-05  1.95030E-05  1.95030E-05  1.95030E-05
   20682   4  4.13558E-03  4.13558E-03  4.13558E-03  4.13558E-03  4.13558E-03  4.13558E-03  4.13558E-03  4.13558E-03  4.13558E-03  4.13558E-03  4.13558E-03  4.13558E-03  4.13558E-03  1.28519E-01  1.28519E-01  1.28519E-01  1.28519E-01  1.28519E-01  1.28519E-01  1.28519E-01  1.28519E-01  4.13558E-03  4.13558E-03  4.13558E-03
   20682   3  9.41156E-04  9.41156E-04  9.41156E-04  9.41156E-04  9.41156E-04  9.41156E-04  9.41156E-04  9.41156E-04  9.41156E-04  9.41156E-04  9.41156E-04  9.41156E-04  9.41156E-04  1.25325E-01  1.25325E-01  1.25325E-01  1.25325E-01  1.25325E-01  1.25325E-01  1.25325E-01  1.25325E-01  9.41156E-04  9.41156E-04  9.41156E-04
   20682   5  0.00000E+00  0.00000E+00  0.00000E+00  0.00000E+00  0.00000E+00  0.00000E+00  0.00000E+00  0.00000E+00  0.00000E+00  0.00000E+00  0.00000E+00  0.00000E+00  0.00000E+00  2.76409E-02  2.76409E-02  2.76409E-02  2.76409E-02  2.76409E-02  2.76409E-02  2.76409E-02  2.76409E-02  0.00000E+00  0.00000E+00  0.00000E+00
   21035   4  9.79155E-04  9.79155E-04  9.79155E-04  9.79155E-04  9.79155E-04  9.79155E-04  9.79155E-04  9.79155E-04  9.79155E-04  9.79155E-04  9.79155E-04  9.79155E-04  9.79155E-04  9.79155E-04  9.79155E-04  9.79155E-04  9.79155E-04  9.79155E-04  9.79155E-04  9.79155E-04  9.79155E-04  9.79155E-04  9.79155E-04  9.79155E-04
   21035   3  4.25431E-06  4.25431E-06  4.25431E-06  4.25431E-06  4.25431E-06  4.25431E-06  4.25431E-06  4.25431E-06  4.25431E-06  4.25431E-06  4.25431E-06  4.25431E-06  4.25431E-06  4.25431E-06  4.25431E-06  4.25431E-06  4.25431E-06  4.25431E-06  4.25431E-06  4.25431E-06  4.25431E-06  4.25431E-06  4.25431E-06  4.25431E-06
   20682   7  0.00000E+00  0.00000E+00  0.00000E+00  0.00000E+00  0.00000E+00  0.00000E+00  0.00000E+00  0.00000E+00  0.00000E+00  0.00000E+00  0.00000E+00  0.00000E+00  0.00000E+00  4.71197E-04  4.71197E-04  4.71197E-04  4.71197E-04  4.71197E-04  4.71197E-04  4.71197E-04  4.71197E-04  0.00000E+00  0.00000E+00  0.00000E+00
   17468   3  5.56010E-06  5.56010E-06  5.56010E-06  5.56010E-06  5.56010E-06  5.56010E-06  5.56010E-06  5.56010E-06  5.56010E-06  5.56010E-06  5.56010E-06  5.56010E-06  5.56010E-06  5.56010E-06  5.56010E-06  5.56010E-06  5.56010E-06  5.56010E-06  5.56010E-06  5.56010E-06  5.56010E-06  5.56010E-06  5.56010E-06  5.56010E-06
   20665   3  7.80698E-06  7.80698E-06  7.80698E-06  7.80698E-06  7.80698E-06  7.80698E-06  7.80698E-06  7.80698E-06  7.80698E-06  7.80698E-06  7.80698E-06  7.80698E-06  7.80698E-06  7.80698E-06  7.80698E-06  7.80698E-06  7.80698E-06  7.80698E-06  7.80698E-06  7.80698E-06  7.80698E-06  7.80698E-06  7.80698E-06  7.80698E-06
   21015   3  0.00000E+00  0.00000E+00  0.00000E+00  0.00000E+00  0.00000E+00  0.00000E+00  0.00000E+00  0.00000E+00  0.00000E+00  0.00000E+00  0.00000E+00  0.00000E+00  0.00000E+00  0.00000E+00  0.00000E+00  0.00000E+00  0.00000E+00  0.00000E+00  0.00000E+00  0.00000E+00  0.00000E+00  0.00000E+00  0.00000E+00  0.00000E+00
   22058   3  4.01638E-06  4.01638E-06  4.01638E-06  4.01638E-06  4.01638E-06  4.01638E-06  4.01638E-06  4.01638E-06  4.01638E-06  4.01638E-06  4.01638E-06  4.01638E-06  4.01638E-06  4.01638E-06  4.01638E-06  4.01638E-06  4.01638E-06  4.01638E-06  4.01638E-06  4.01638E-06  4.01638E-06  4.01638E-06  4.01638E-06  4.01638E-06
   22404   3  0.00000E+00  0.00000E+00  0.00000E+00  0.00000E+00  0.00000E+00  0.00000E+00  0.00000E+00  0.00000E+00  0.00000E+00  0.00000E+00  0.00000E+00  0.00000E+00  0.00000E+00  0.00000E+00  0.00000E+00  0.00000E+00  0.00000E+00  0.00000E+00  0.00000E+00  0.00000E+00  0.00000E+00  0.00000E+00  0.00000E+00  0.00000E+00
   13938   4  9.96374E-07  9.96374E-07  9.96374E-07  9.96374E-07  9.96374E-07  9.96374E-07  9.96374E-07  9.96374E-07  9.96374E-07  9.96374E-07  9.96374E-07  9.96374E-07  9.96374E-07  9.96374E-07  9.96374E-07  9.96374E-07  9.96374E-07  9.96374E-07  9.96374E-07  9.96374E-07  9.96374E-07  9.96374E-07  9.96374E-07  9.96374E-07
   13938   2  4.51352E-03  4.51352E-03  4.51352E-03  4.51352E-03  0.00000E+00  0.00000E+00  0.00000E+00  0.00000E+00  4.51352E-03  4.51352E-03  4.51352E-03  4.51352E-03  4.51352E-03  4.51352E-03  4.51352E-03  4.51352E-03  4.51352E-03  4.51352E-03  4.51352E-03  4.51352E-03  4.51352E-03  4.51352E-03  4.51352E-03  4.51352E-03
   13938   1  0.00000E+00  0.00000E+00  0.00000E+00  0.00000E+00  0.00000E+00  0.00000E+00  0.00000E+00  0.00000E+00  0.00000E+00  0.00000E+00  0.00000E+00  0.00000E+00  0.00000E+00  0.00000E+00  0.00000E+00  0.00000E+00  0.00000E+00  0.00000E+00  0.00000E+00  0.00000E+00  0.00000E+00  0.00000E+00  0.00000E+00  0.00000E+00
   13938   7  0.00000E+00  0.00000E+00  0.00000E+00  0.00000E+00  0.00000E+00  0.00000E+00  0.00000E+00  0.00000E+00  0.00000E+00  0.00000E+00  0.00000E+00  0.00000E+00  0.00000E+00  0.00000E+00  0.00000E+00  0.00000E+00  0.00000E+00  0.00000E+00  0.00000E+00  0.00000E+00  0.00000E+00  0.00000E+00  0.00000E+00  0.00000E+00
   13235   1  0.00000E+00  0.00000E+00  0.00000E+00  0.00000E+00  0.00000E+00  0.00000E+00  0.00000E+00  0.00000E+00  0.00000E+00  0.00000E+00  0.00000E+00  0.00000E+00  0.00000E+00  0.00000E+00  0.00000E+00  0.00000E+00  0.00000E+00  0.00000E+00  0.00000E+00  0.00000E+00  0.00000E+00  0.00000E+00  0.00000E+00  0.00000E+00
   13235   2  1.41906E-02  1.41906E-02  1.41906E-02  1.41906E-02  1.41906E-02  1.41906E-02  1.41906E-02  1.41906E-02  1.41906E-02  1.41906E-02  1.41906E-02  1.41906E-02  1.41906E-02  1.41906E-02  1.41906E-02  1.41906E-02  1.41906E-02  1.41906E-02  1.41906E-02  1.41906E-02  1.41906E-02  1.41906E-02  1.41906E-02  1.41906E-02
   13235   3  0.00000E+00  0.00000E+00  0.00000E+00  0.00000E+00  0.00000E+00  0.00000E+00  0.00000E+00  0.00000E+00  0.00000E+00  0.00000E+00  0.00000E+00  0.00000E+00  0.00000E+00  0.00000E+00  0.00000E+00  0.00000E+00  0.00000E+00  0.00000E+00  0.00000E+00  0.00000E+00  0.00000E+00  0.00000E+00  0.00000E+00  0.00000E+00
   13938   3  0.00000E+00  0.00000E+00  0.00000E+00  0.00000E+00  0.00000E+00  0.00000E+00  0.00000E+00  0.00000E+00  0.00000E+00  0.00000E+00  0.00000E+00  0.00000E+00  0.00000E+00  0.00000E+00  0.00000E+00  0.00000E+00  0.00000E+00  0.00000E+00  0.00000E+00  0.00000E+00  0.00000E+00  0.00000E+00  0.00000E+00  0.00000E+00
   21012   3  0.00000E+00  0.00000E+00  0.00000E+00  0.00000E+00  0.00000E+00  0.00000E+00  0.00000E+00  0.00000E+00  0.00000E+00  0.00000E+00  0.00000E+00  0.00000E+00  0.00000E+00  0.00000E+00  0.00000E+00  0.00000E+00  0.00000E+00  0.00000E+00  0.00000E+00  0.00000E+00  0.00000E+00  0.00000E+00  0.00000E+00  0.00000E+00
   20658   3  0.00000E+00  0.00000E+00  0.00000E+00  0.00000E+00  0.00000E+00  0.00000E+00  0.00000E+00  0.00000E+00  0.00000E+00  0.00000E+00  0.00000E+00  0.00000E+00  0.00000E+00  0.00000E+00  0.00000E+00  0.00000E+00  0.00000E+00  0.00000E+00  0.00000E+00  0.00000E+00  0.00000E+00  0.00000E+00  0.00000E+00  0.00000E+00
   21012   4  1.27573E-04  1.27573E-04  1.27573E-04  1.27573E-04  1.27573E-04  1.27573E-04  1.27573E-04  1.27573E-04  1.27573E-04  1.27573E-04  1.27573E-04  1.27573E-04  1.27573E-04  1.27573E-04  1.27573E-04  1.27573E-04  1.27573E-04  1.27573E-04  1.27573E-04  1.27573E-04  1.27573E-04  1.27573E-04  1.27573E-04  1.27573E-04
   21013   4  4.92687E-04  4.92687E-04  4.92687E-04  4.92687E-04  4.92687E-04  4.92687E-04  4.92687E-04  4.92687E-04  4.92687E-04  4.92687E-04  4.92687E-04  4.92687E-04  4.92687E-04  4.92687E-04  4.92687E-04  4.92687E-04  4.92687E-04  4.92687E-04  4.92687E-04  4.92687E-04  4.92687E-04  4.92687E-04  4.92687E-04  4.92687E-04
   20658   7  0.00000E+00  0.00000E+00  0.00000E+00  0.00000E+00  0.00000E+00  0.00000E+00  0.00000E+00  0.00000E+00  0.00000E+00  0.00000E+00  0.00000E+00  0.00000E+00  0.00000E+00  0.00000E+00  0.00000E+00  0.00000E+00  0.00000E+00  0.00000E+00  0.00000E+00  0.00000E+00  0.00000E+00  0.00000E+00  0.00000E+00  0.00000E+00
   21013   3  0.00000E+00  0.00000E+00  0.00000E+00  0.00000E+00  0.00000E+00  0.00000E+00  0.00000E+00  0.00000E+00  0.00000E+00  0.00000E+00  0.00000E+00  0.00000E+00  0.00000E+00  0.00000E+00  0.00000E+00  0.00000E+00  0.00000E+00  0.00000E+00  0.00000E+00  0.00000E+00  0.00000E+00  0.00000E+00  0.00000E+00  0.00000E+00
   20659   4  0.00000E+00  0.00000E+00  0.00000E+00  0.00000E+00  0.00000E+00  0.00000E+00  0.00000E+00  0.00000E+00  0.00000E+00  0.00000E+00  0.00000E+00  0.00000E+00  0.00000E+00  0.00000E+00  0.00000E+00  0.00000E+00  0.00000E+00  0.00000E+00  0.00000E+00  0.00000E+00  0.00000E+00  0.00000E+00  0.00000E+00  0.00000E+00
   20645   3  0.00000E+00  0.00000E+00  0.00000E+00  0.00000E+00  0.00000E+00  0.00000E+00  0.00000E+00  0.00000E+00  0.00000E+00  0.00000E+00  0.00000E+00  0.00000E+00  0.00000E+00  0.00000E+00  0.00000E+00  0.00000E+00  0.00000E+00  0.00000E+00  0.00000E+00  0.00000E+00  0.00000E+00  0.00000E+00  0.00000E+00  0.00000E+00
   18891   3  0.00000E+00  0.00000E+00  0.00000E+00  0.00000E+00  0.00000E+00  0.00000E+00  0.00000E+00  0.00000E+00  0.00000E+00  0.00000E+00  0.00000E+00  0.00000E+00  0.00000E+00  0.00000E+00  0.00000E+00  0.00000E+00  0.00000E+00  0.00000E+00  0.00000E+00  0.00000E+00  0.00000E+00  0.00000E+00  0.00000E+00  0.00000E+00
   19239   2  0.00000E+00  0.00000E+00  0.00000E+00  0.00000E+00  0.00000E+00  0.00000E+00  0.00000E+00  0.00000E+00  0.00000E+00  0.00000E+00  0.00000E+00  0.00000E+00  0.00000E+00  0.00000E+00  0.00000E+00  0.00000E+00  0.00000E+00  0.00000E+00  0.00000E+00  0.00000E+00  0.00000E+00  0.00000E+00  0.00000E+00  0.00000E+00
   19239   3  0.00000E+00  0.00000E+00  0.00000E+00  0.00000E+00  0.00000E+00  0.00000E+00  0.00000E+00  0.00000E+00  0.00000E+00  0.00000E+00  0.00000E+00  0.00000E+00  0.00000E+00  0.00000E+00  0.00000E+00  0.00000E+00  0.00000E+00  0.00000E+00  0.00000E+00  0.00000E+00  0.00000E+00  0.00000E+00  0.00000E+00  0.00000E+00
   20643   2  0.00000E+00  0.00000E+00  0.00000E+00  0.00000E+00  0.00000E+00  0.00000E+00  0.00000E+00  0.00000E+00  0.00000E+00  0.00000E+00  0.00000E+00  0.00000E+00  0.00000E+00  0.00000E+00  0.00000E+00  0.00000E+00  0.00000E+00  0.00000E+00  0.00000E+00  0.00000E+00  0.00000E+00  0.00000E+00  0.00000E+00  0.00000E+00
   20643   3  0.00000E+00  0.00000E+00  0.00000E+00  0.00000E+00  0.00000E+00  0.00000E+00  0.00000E+00  0.00000E+00  0.00000E+00  0.00000E+00  0.00000E+00  0.00000E+00  0.00000E+00  0.00000E+00  0.00000E+00  0.00000E+00  0.00000E+00  0.00000E+00  0.00000E+00  0.00000E+00  0.00000E+00  0.00000E+00  0.00000E+00  0.00000E+00
   19590   3  0.00000E+00  0.00000E+00  0.00000E+00  0.00000E+00  0.00000E+00  0.00000E+00  0.00000E+00  0.00000E+00  0.00000E+00  0.00000E+00  0.00000E+00  0.00000E+00  0.00000E+00  0.00000E+00  0.00000E+00  0.00000E+00  0.00000E+00  0.00000E+00  0.00000E+00  0.00000E+00  0.00000E+00  0.00000E+00  0.00000E+00  0.00000E+00
   19590   7  0.00000E+00  0.00000E+00  0.00000E+00  0.00000E+00  0.00000E+00  0.00000E+00  0.00000E+00  0.00000E+00  0.00000E+00  0.00000E+00  0.00000E+00  0.00000E+00  0.00000E+00  0.00000E+00  0.00000E+00  0.00000E+00  0.00000E+00  0.00000E+00  0.00000E+00  0.00000E+00  0.00000E+00  0.00000E+00  0.00000E+00  0.00000E+00
   21358   4  0.00000E+00  0.00000E+00  0.00000E+00  0.00000E+00  0.00000E+00  0.00000E+00  0.00000E+00  0.00000E+00  0.00000E+00  0.00000E+00  0.00000E+00  0.00000E+00  0.00000E+00  0.00000E+00  0.00000E+00  0.00000E+00  0.00000E+00  0.00000E+00  0.00000E+00  0.00000E+00  0.00000E+00  0.00000E+00  0.00000E+00  0.00000E+00
   22412   3  3.95930E-05  3.95930E-05  3.95930E-05  3.95930E-05  3.95930E-05  3.95930E-05  3.95930E-05  3.95930E-05  3.95930E-05  3.95930E-05  3.95930E-05  3.95930E-05  3.95930E-05  3.95930E-05  3.95930E-05  3.95930E-05  3.95930E-05  3.95930E-05  3.95930E-05  3.95930E-05  3.95930E-05  3.95930E-05  3.95930E-05  3.95930E-05
   22412   7  0.00000E+00  0.00000E+00  0.00000E+00  0.00000E+00  0.00000E+00  0.00000E+00  0.00000E+00  0.00000E+00  0.00000E+00  0.00000E+00  0.00000E+00  0.00000E+00  0.00000E+00  0.00000E+00  0.00000E+00  0.00000E+00  0.00000E+00  0.00000E+00  0.00000E+00  0.00000E+00  0.00000E+00  0.00000E+00  0.00000E+00  0.00000E+00
   19610   3  0.00000E+00  0.00000E+00  0.00000E+00  0.00000E+00  0.00000E+00  0.00000E+00  0.00000E+00  0.00000E+00  0.00000E+00  0.00000E+00  0.00000E+00  0.00000E+00  0.00000E+00  0.00000E+00  0.00000E+00  0.00000E+00  0.00000E+00  0.00000E+00  0.00000E+00  0.00000E+00  0.00000E+00  0.00000E+00  0.00000E+00  0.00000E+00
   16803   4  1.85105E-04  1.85105E-04  1.85105E-04  1.85105E-04  1.85105E-04  1.85105E-04  1.85105E-04  1.85105E-04  1.85105E-04  1.85105E-04  1.85105E-04  1.85105E-04  1.85105E-04  1.85105E-04  1.85105E-04  1.85105E-04  1.85105E-04  1.85105E-04  1.85105E-04  1.85105E-04  1.85105E-04  1.85105E-04  1.85105E-04  1.85105E-04
   16802   4  1.53533E-03  1.53533E-03  1.53533E-03  1.53533E-03  1.53533E-03  1.53533E-03  1.53533E-03  1.53533E-03  1.53533E-03  1.53533E-03  1.53533E-03  1.53533E-03  1.53533E-03  1.53533E-03  1.53533E-03  1.53533E-03  1.53533E-03  1.53533E-03  1.53533E-03  1.53533E-03  1.53533E-03  1.53533E-03  1.53533E-03  1.53533E-03
   17156   4  2.54874E-06  2.54874E-06  2.54874E-06  2.54874E-06  2.54874E-06  2.54874E-06  2.54874E-06  2.54874E-06  2.54874E-06  2.54874E-06  2.54874E-06  2.54874E-06  2.54874E-06  2.54874E-06  2.54874E-06  2.54874E-06  2.54874E-06  2.54874E-06  2.54874E-06  2.54874E-06  2.54874E-06  2.54874E-06  2.54874E-06  2.54874E-06
   17156   3  5.65492E-06  5.65492E-06  5.65492E-06  5.65492E-06  5.65492E-06  0.00000E+00  0.00000E+00  0.00000E+00  0.00000E+00  0.00000E+00  0.00000E+00  0.00000E+00  0.00000E+00  5.65492E-06  5.65492E-06  5.65492E-06  5.65492E-06  5.65492E-06  5.65492E-06  5.65492E-06  5.65492E-06  5.65492E-06  5.65492E-06  5.65492E-06
   17156   7  0.00000E+00  0.00000E+00  0.00000E+00  0.00000E+00  0.00000E+00  0.00000E+00  0.00000E+00  0.00000E+00  0.00000E+00  0.00000E+00  0.00000E+00  0.00000E+00  0.00000E+00  0.00000E+00  0.00000E+00  0.00000E+00  0.00000E+00  0.00000E+00  0.00000E+00  0.00000E+00  0.00000E+00  0.00000E+00  0.00000E+00  0.00000E+00
   17156   2  0.00000E+00  0.00000E+00  0.00000E+00  0.00000E+00  0.00000E+00  0.00000E+00  0.00000E+00  0.00000E+00  0.00000E+00  0.00000E+00  0.00000E+00  0.00000E+00  0.00000E+00  0.00000E+00  0.00000E+00  0.00000E+00  0.00000E+00  0.00000E+00  0.00000E+00  0.00000E+00  0.00000E+00  0.00000E+00  0.00000E+00  0.00000E+00
   17506   4  1.66613E-02  1.66613E-02  1.66613E-02  1.66613E-02  1.66613E-02  1.66613E-02  1.66613E-02  1.66613E-02  1.66613E-02  1.66613E-02  1.66613E-02  1.66613E-02  1.66613E-02  1.91622E-01  1.91622E-01  1.91622E-01  1.91622E-01  1.91622E-01  1.91622E-01  1.91622E-01  1.91622E-01  1.66613E-02  1.66613E-02  1.66613E-02
   17506   3  9.39428E-03  9.39428E-03  9.39428E-03  9.39428E-03  9.39428E-03  9.39428E-03  9.39428E-03  9.39428E-03  9.39428E-03  9.39428E-03  9.39428E-03  9.39428E-03  9.39428E-03  1.84357E-01  1.84357E-01  1.84357E-01  1.84357E-01  1.84357E-01  1.84357E-01  1.84357E-01  1.84357E-01  9.39428E-03  9.39428E-03  9.39428E-03
   17859   3  0.00000E+00  0.00000E+00  0.00000E+00  0.00000E+00  0.00000E+00  0.00000E+00  0.00000E+00  0.00000E+00  0.00000E+00  0.00000E+00  0.00000E+00  0.00000E+00  0.00000E+00  0.00000E+00  0.00000E+00  0.00000E+00  0.00000E+00  0.00000E+00  0.00000E+00  0.00000E+00  0.00000E+00  0.00000E+00  0.00000E+00  0.00000E+00
   17506   7  0.00000E+00  0.00000E+00  0.00000E+00  0.00000E+00  0.00000E+00  0.00000E+00  0.00000E+00  0.00000E+00  0.00000E+00  0.00000E+00  0.00000E+00  0.00000E+00  0.00000E+00  0.00000E+00  0.00000E+00  0.00000E+00  0.00000E+00  0.00000E+00  0.00000E+00  0.00000E+00  0.00000E+00  0.00000E+00  0.00000E+00  0.00000E+00
   17505   3  0.00000E+00  0.00000E+00  0.00000E+00  0.00000E+00  0.00000E+00  0.00000E+00  0.00000E+00  0.00000E+00  0.00000E+00  0.00000E+00  0.00000E+00  0.00000E+00  0.00000E+00  0.00000E+00  0.00000E+00  0.00000E+00  0.00000E+00  0.00000E+00  0.00000E+00  0.00000E+00  0.00000E+00  0.00000E+00  0.00000E+00  0.00000E+00
   17153   2  7.01206E-03  7.01206E-03  7.01206E-03  7.01206E-03  7.01206E-03  7.01206E-03  7.01206E-03  7.01206E-03  7.01206E-03  7.01206E-03  7.01206E-03  7.01206E-03  7.01206E-03  7.01206E-03  7.01206E-03  7.01206E-03  7.01206E-03  7.01206E-03  7.01206E-03  7.01206E-03  7.01206E-03  7.01206E-03  7.01206E-03  7.01206E-03
   17506   5  0.00000E+00  0.00000E+00  0.00000E+00  0.00000E+00  0.00000E+00  0.00000E+00  0.00000E+00  0.00000E+00  0.00000E+00  0.00000E+00  0.00000E+00  0.00000E+00  0.00000E+00  3.88802E-02  3.88802E-02  3.88802E-02  3.88802E-02  3.88802E-02  3.88802E-02  3.88802E-02  3.88802E-02  0.00000E+00  0.00000E+00  0.00000E+00
   18212   4  0.00000E+00  0.00000E+00  0.00000E+00  0.00000E+00  0.00000E+00  0.00000E+00  0.00000E+00  0.00000E+00  0.00000E+00  0.00000E+00  0.00000E+00  0.00000E+00  0.00000E+00  0.00000E+00  0.00000E+00  0.00000E+00  0.00000E+00  0.00000E+00  0.00000E+00  0.00000E+00  0.00000E+00  0.00000E+00  0.00000E+00  0.00000E+00
   17510   4  4.39358E-04  4.39358E-04  4.39358E-04  4.39358E-04  4.39358E-04  4.39358E-04  4.39358E-04  4.39358E-04  4.39358E-04  4.39358E-04  4.39358E-04  4.39358E-04  4.39358E-04  4.39358E-04  4.39358E-04  4.39358E-04  4.39358E-04  4.39358E-04  4.39358E-04  4.39358E-04  4.39358E-04  4.39358E-04  4.39358E-04  4.39358E-04
   16447   2  0.00000E+00  0.00000E+00  0.00000E+00  0.00000E+00  0.00000E+00  0.00000E+00  0.00000E+00  0.00000E+00  0.00000E+00  0.00000E+00  0.00000E+00  0.00000E+00  0.00000E+00  0.00000E+00  0.00000E+00  0.00000E+00  0.00000E+00  0.00000E+00  0.00000E+00  0.00000E+00  0.00000E+00  0.00000E+00  0.00000E+00  0.00000E+00
   16447   3  0.00000E+00  0.00000E+00  0.00000E+00  0.00000E+00  0.00000E+00  0.00000E+00  0.00000E+00  0.00000E+00  0.00000E+00  0.00000E+00  0.00000E+00  0.00000E+00  0.00000E+00  0.00000E+00  0.00000E+00  0.00000E+00  0.00000E+00  0.00000E+00  0.00000E+00  0.00000E+00  0.00000E+00  0.00000E+00  0.00000E+00  0.00000E+00
   32968   7  0.00000E+00  0.00000E+00  0.00000E+00  0.00000E+00  0.00000E+00  0.00000E+00  0.00000E+00  0.00000E+00  0.00000E+00  0.00000E+00  0.00000E+00  0.00000E+00  0.00000E+00  0.00000E+00  0.00000E+00  0.00000E+00  0.00000E+00  0.00000E+00  0.00000E+00  0.00000E+00  0.00000E+00  0.00000E+00  0.00000E+00  0.00000E+00
   32968   3  0.00000E+00  0.00000E+00  0.00000E+00  0.00000E+00  0.00000E+00  0.00000E+00  0.00000E+00  0.00000E+00  0.00000E+00  0.00000E+00  0.00000E+00  0.00000E+00  0.00000E+00  0.00000E+00  0.00000E+00  0.00000E+00  0.00000E+00  0.00000E+00  0.00000E+00  0.00000E+00  0.00000E+00  0.00000E+00  0.00000E+00  0.00000E+00
   29089   4  9.38690E-06  9.38690E-06  9.38690E-06  9.38690E-06  9.38690E-06  9.38690E-06  9.38690E-06  9.38690E-06  9.38690E-06  9.38690E-06  9.38690E-06  9.38690E-06  9.38690E-06  9.38690E-06  9.38690E-06  9.38690E-06  9.38690E-06  9.38690E-06  9.38690E-06  9.38690E-06  9.38690E-06  9.38690E-06  9.38690E-06  9.38690E-06
   29089   2  0.00000E+00  0.00000E+00  0.00000E+00  0.00000E+00  0.00000E+00  0.00000E+00  0.00000E+00  0.00000E+00  0.00000E+00  0.00000E+00  0.00000E+00  0.00000E+00  0.00000E+00  0.00000E+00  0.00000E+00  0.00000E+00  0.00000E+00  0.00000E+00  0.00000E+00  0.00000E+00  0.00000E+00  0.00000E+00  0.00000E+00  0.00000E+00
   29089   3  4.37863E-05  4.37863E-05  4.37863E-05  4.37863E-05  4.37863E-05  4.37863E-05  4.37863E-05  4.37863E-05  4.37863E-05  4.37863E-05  4.37863E-05  4.37863E-05  4.37863E-05  4.37863E-05  4.37863E-05  4.37863E-05  4.37863E-05  4.37863E-05  4.37863E-05  4.37863E-05  4.37863E-05  4.37863E-05  4.37863E-05  4.37863E-05
   29089   7  0.00000E+00  0.00000E+00  0.00000E+00  0.00000E+00  0.00000E+00  0.00000E+00  0.00000E+00  0.00000E+00  0.00000E+00  0.00000E+00  0.00000E+00  0.00000E+00  0.00000E+00  0.00000E+00  0.00000E+00  0.00000E+00  0.00000E+00  0.00000E+00  0.00000E+00  0.00000E+00  0.00000E+00  0.00000E+00  0.00000E+00  0.00000E+00
   15772   3  0.00000E+00  0.00000E+00  0.00000E+00  0.00000E+00  0.00000E+00  0.00000E+00  0.00000E+00  0.00000E+00  0.00000E+00  0.00000E+00  0.00000E+00  0.00000E+00  0.00000E+00  0.00000E+00  0.00000E+00  0.00000E+00  0.00000E+00  0.00000E+00  0.00000E+00  0.00000E+00  0.00000E+00  0.00000E+00  0.00000E+00  0.00000E+00
   15772   2  0.00000E+00  0.00000E+00  0.00000E+00  0.00000E+00  0.00000E+00  0.00000E+00  0.00000E+00  0.00000E+00  0.00000E+00  0.00000E+00  0.00000E+00  0.00000E+00  0.00000E+00  0.00000E+00  0.00000E+00  0.00000E+00  0.00000E+00  0.00000E+00  0.00000E+00  0.00000E+00  0.00000E+00  0.00000E+00  0.00000E+00  0.00000E+00
   16476   4  1.40609E-05  1.40609E-05  1.40609E-05  1.40609E-05  1.40609E-05  1.40609E-05  1.40609E-05  1.40609E-05  1.40609E-05  1.40609E-05  1.40609E-05  1.40609E-05  1.40609E-05  1.40609E-05  1.40609E-05  1.40609E-05  1.40609E-05  1.40609E-05  1.40609E-05  1.40609E-05  1.40609E-05  1.40609E-05  1.40609E-05  1.40609E-05
   16476   3  0.00000E+00  0.00000E+00  0.00000E+00  0.00000E+00  0.00000E+00  0.00000E+00  0.00000E+00  0.00000E+00  0.00000E+00  0.00000E+00  0.00000E+00  0.00000E+00  0.00000E+00  0.00000E+00  0.00000E+00  0.00000E+00  0.00000E+00  0.00000E+00  0.00000E+00  0.00000E+00  0.00000E+00  0.00000E+00  0.00000E+00  0.00000E+00
    7320   4  0.00000E+00  0.00000E+00  0.00000E+00  0.00000E+00  0.00000E+00  0.00000E+00  0.00000E+00  0.00000E+00  0.00000E+00  0.00000E+00  0.00000E+00  0.00000E+00  0.00000E+00  0.00000E+00  0.00000E+00  0.00000E+00  0.00000E+00  0.00000E+00  0.00000E+00  0.00000E+00  0.00000E+00  0.00000E+00  0.00000E+00  0.00000E+00
   10496   2  0.00000E+00  0.00000E+00  0.00000E+00  0.00000E+00  0.00000E+00  0.00000E+00  0.00000E+00  0.00000E+00  0.00000E+00  0.00000E+00  0.00000E+00  0.00000E+00  0.00000E+00  0.00000E+00  0.00000E+00  0.00000E+00  0.00000E+00  0.00000E+00  0.00000E+00  0.00000E+00  0.00000E+00  0.00000E+00  0.00000E+00  0.00000E+00
   10496   3  1.30590E-04  1.30590E-04  1.30590E-04  1.30590E-04  1.30590E-04  1.30590E-04  1.30590E-04  1.30590E-04  1.30590E-04  1.30590E-04  1.30590E-04  1.30590E-04  1.30590E-04  1.30590E-04  1.30590E-04  1.30590E-04  1.30590E-04  1.30590E-04  1.30590E-04  1.30590E-04  1.30590E-04  1.30590E-04  1.30590E-04  1.30590E-04
   10122   3  0.00000E+00  0.00000E+00  0.00000E+00  0.00000E+00  0.00000E+00  0.00000E+00  0.00000E+00  0.00000E+00  0.00000E+00  0.00000E+00  0.00000E+00  0.00000E+00  0.00000E+00  0.00000E+00  0.00000E+00  0.00000E+00  0.00000E+00  0.00000E+00  0.00000E+00  0.00000E+00  0.00000E+00  0.00000E+00  0.00000E+00  0.00000E+00
   10122   5  0.00000E+00  0.00000E+00  0.00000E+00  0.00000E+00  0.00000E+00  0.00000E+00  0.00000E+00  0.00000E+00  0.00000E+00  0.00000E+00  0.00000E+00  0.00000E+00  0.00000E+00  0.00000E+00  0.00000E+00  0.00000E+00  0.00000E+00  0.00000E+00  0.00000E+00  0.00000E+00  0.00000E+00  0.00000E+00  0.00000E+00  0.00000E+00
    6258   1  0.00000E+00  0.00000E+00  0.00000E+00  0.00000E+00  0.00000E+00  0.00000E+00  0.00000E+00  0.00000E+00  0.00000E+00  0.00000E+00  0.00000E+00  0.00000E+00  0.00000E+00  0.00000E+00  0.00000E+00  0.00000E+00  0.00000E+00  0.00000E+00  0.00000E+00  0.00000E+00  0.00000E+00  0.00000E+00  0.00000E+00  0.00000E+00
    6258   2  0.00000E+00  0.00000E+00  0.00000E+00  0.00000E+00  0.00000E+00  0.00000E+00  0.00000E+00  0.00000E+00  0.00000E+00  0.00000E+00  0.00000E+00  0.00000E+00  0.00000E+00  0.00000E+00  0.00000E+00  0.00000E+00  0.00000E+00  0.00000E+00  0.00000E+00  0.00000E+00  0.00000E+00  0.00000E+00  0.00000E+00  0.00000E+00
    6258   3  0.00000E+00  0.00000E+00  0.00000E+00  0.00000E+00  0.00000E+00  0.00000E+00  0.00000E+00  0.00000E+00  0.00000E+00  0.00000E+00  0.00000E+00  0.00000E+00  0.00000E+00  0.00000E+00  0.00000E+00  0.00000E+00  0.00000E+00  0.00000E+00  0.00000E+00  0.00000E+00  0.00000E+00  0.00000E+00  0.00000E+00  0.00000E+00
    6258   4  2.04338E-02  2.04338E-02  2.04338E-02  2.04338E-02  2.04338E-02  2.04338E-02  2.04338E-02  2.04338E-02  2.04338E-02  2.04338E-02  2.04338E-02  2.04338E-02  2.04338E-02  2.04338E-02  2.04338E-02  2.04338E-02  2.04338E-02  2.04338E-02  2.04338E-02  2.04338E-02  2.04338E-02  2.04338E-02  2.04338E-02  2.04338E-02
    6258   7  0.00000E+00  0.00000E+00  0.00000E+00  0.00000E+00  0.00000E+00  0.00000E+00  0.00000E+00  0.00000E+00  0.00000E+00  0.00000E+00  0.00000E+00  0.00000E+00  0.00000E+00  0.00000E+00  0.00000E+00  0.00000E+00  0.00000E+00  0.00000E+00  0.00000E+00  0.00000E+00  0.00000E+00  0.00000E+00  0.00000E+00  0.00000E+00
    9417   4  3.36921E-06  3.36921E-06  3.36921E-06  3.36921E-06  3.36921E-06  3.36921E-06  3.36921E-06  3.36921E-06  3.36921E-06  3.36921E-06  3.36921E-06  3.36921E-06  3.36921E-06  3.36921E-06  3.36921E-06  3.36921E-06  3.36921E-06  3.36921E-06  3.36921E-06  3.36921E-06  3.36921E-06  3.36921E-06  3.36921E-06  3.36921E-06
   10122   4  2.97734E-09  2.97734E-09  2.97734E-09  2.97734E-09  2.97734E-09  2.97734E-09  2.97734E-09  2.97734E-09  2.97734E-09  2.97734E-09  2.97734E-09  2.97734E-09  2.97734E-09  2.97734E-09  2.97734E-09  2.97734E-09  2.97734E-09  2.97734E-09  2.97734E-09  2.97734E-09  2.97734E-09  2.97734E-09  2.97734E-09  2.97734E-09
   14365   3  0.00000E+00  0.00000E+00  0.00000E+00  0.00000E+00  0.00000E+00  0.00000E+00  0.00000E+00  0.00000E+00  0.00000E+00  0.00000E+00  0.00000E+00  0.00000E+00  0.00000E+00  0.00000E+00  0.00000E+00  0.00000E+00  0.00000E+00  0.00000E+00  0.00000E+00  0.00000E+00  0.00000E+00  0.00000E+00  0.00000E+00  0.00000E+00
   11525   4  6.94272E-05  6.94272E-05  6.94272E-05  6.94272E-05  6.94272E-05  6.94272E-05  6.94272E-05  6.94272E-05  6.94272E-05  6.94272E-05  6.94272E-05  6.94272E-05  6.94272E-05  6.94272E-05  6.94272E-05  6.94272E-05  6.94272E-05  6.94272E-05  6.94272E-05  6.94272E-05  6.94272E-05  6.94272E-05  6.94272E-05  6.94272E-05
    8358   7  0.00000E+00  0.00000E+00  0.00000E+00  0.00000E+00  0.00000E+00  0.00000E+00  0.00000E+00  0.00000E+00  0.00000E+00  0.00000E+00  0.00000E+00  0.00000E+00  0.00000E+00  0.00000E+00  0.00000E+00  0.00000E+00  0.00000E+00  0.00000E+00  0.00000E+00  0.00000E+00  0.00000E+00  0.00000E+00  0.00000E+00  0.00000E+00
    9771   3  0.00000E+00  0.00000E+00  0.00000E+00  0.00000E+00  0.00000E+00  0.00000E+00  0.00000E+00  0.00000E+00  0.00000E+00  0.00000E+00  0.00000E+00  0.00000E+00  0.00000E+00  0.00000E+00  0.00000E+00  0.00000E+00  0.00000E+00  0.00000E+00  0.00000E+00  0.00000E+00  0.00000E+00  0.00000E+00  0.00000E+00  0.00000E+00
    6609   3  0.00000E+00  0.00000E+00  0.00000E+00  0.00000E+00  0.00000E+00  0.00000E+00  0.00000E+00  0.00000E+00  0.00000E+00  0.00000E+00  0.00000E+00  0.00000E+00  0.00000E+00  0.00000E+00  0.00000E+00  0.00000E+00  0.00000E+00  0.00000E+00  0.00000E+00  0.00000E+00  0.00000E+00  0.00000E+00  0.00000E+00  0.00000E+00
   11870   4  6.39491E-04  6.39491E-04  6.39491E-04  6.39491E-04  6.39491E-04  6.39491E-04  6.39491E-04  6.39491E-04  6.39491E-04  6.39491E-04  6.39491E-04  6.39491E-04  6.39491E-04  6.39491E-04  6.39491E-04  6.39491E-04  6.39491E-04  6.39491E-04  6.39491E-04  6.39491E-04  6.39491E-04  6.39491E-04  6.39491E-04  6.39491E-04
   11870   3  0.00000E+00  0.00000E+00  0.00000E+00  0.00000E+00  0.00000E+00  0.00000E+00  0.00000E+00  0.00000E+00  0.00000E+00  0.00000E+00  0.00000E+00  0.00000E+00  0.00000E+00  0.00000E+00  0.00000E+00  0.00000E+00  0.00000E+00  0.00000E+00  0.00000E+00  0.00000E+00  0.00000E+00  0.00000E+00  0.00000E+00  0.00000E+00
   11870   2  0.00000E+00  0.00000E+00  0.00000E+00  0.00000E+00  0.00000E+00  0.00000E+00  0.00000E+00  0.00000E+00  0.00000E+00  0.00000E+00  0.00000E+00  0.00000E+00  0.00000E+00  0.00000E+00  0.00000E+00  0.00000E+00  0.00000E+00  0.00000E+00  0.00000E+00  0.00000E+00  0.00000E+00  0.00000E+00  0.00000E+00  0.00000E+00
   10124   4  1.49781E-06  1.49781E-06  1.49781E-06  1.49781E-06  1.49781E-06  1.49781E-06  1.49781E-06  1.49781E-06  1.49781E-06  1.49781E-06  1.49781E-06  1.49781E-06  1.49781E-06  1.49781E-06  1.49781E-06  1.49781E-06  1.49781E-06  1.49781E-06  1.49781E-06  1.49781E-06  1.49781E-06  1.49781E-06  1.49781E-06  1.49781E-06
   18579   3  0.00000E+00  0.00000E+00  0.00000E+00  0.00000E+00  0.00000E+00  0.00000E+00  0.00000E+00  0.00000E+00  0.00000E+00  0.00000E+00  0.00000E+00  0.00000E+00  0.00000E+00  0.00000E+00  0.00000E+00  0.00000E+00  0.00000E+00  0.00000E+00  0.00000E+00  0.00000E+00  0.00000E+00  0.00000E+00  0.00000E+00  0.00000E+00
   18225   4  0.00000E+00  0.00000E+00  0.00000E+00  0.00000E+00  0.00000E+00  0.00000E+00  0.00000E+00  0.00000E+00  0.00000E+00  0.00000E+00  0.00000E+00  0.00000E+00  0.00000E+00  0.00000E+00  0.00000E+00  0.00000E+00  0.00000E+00  0.00000E+00  0.00000E+00  0.00000E+00  0.00000E+00  0.00000E+00  0.00000E+00  0.00000E+00
   18225   3  0.00000E+00  0.00000E+00  0.00000E+00  0.00000E+00  0.00000E+00  0.00000E+00  0.00000E+00  0.00000E+00  0.00000E+00  0.00000E+00  0.00000E+00  0.00000E+00  0.00000E+00  0.00000E+00  0.00000E+00  0.00000E+00  0.00000E+00  0.00000E+00  0.00000E+00  0.00000E+00  0.00000E+00  0.00000E+00  0.00000E+00  0.00000E+00
   15059   3  0.00000E+00  0.00000E+00  0.00000E+00  0.00000E+00  0.00000E+00  0.00000E+00  0.00000E+00  0.00000E+00  0.00000E+00  0.00000E+00  0.00000E+00  0.00000E+00  0.00000E+00  0.00000E+00  0.00000E+00  0.00000E+00  0.00000E+00  0.00000E+00  0.00000E+00  0.00000E+00  0.00000E+00  0.00000E+00  0.00000E+00  0.00000E+00
   18576   4  6.43855E-04  6.43855E-04  6.43855E-04  6.43855E-04  6.43855E-04  6.43855E-04  6.43855E-04  6.43855E-04  6.43855E-04  6.43855E-04  6.43855E-04  6.43855E-04  6.43855E-04  6.43855E-04  6.43855E-04  6.43855E-04  6.43855E-04  6.43855E-04  6.43855E-04  6.43855E-04  6.43855E-04  6.43855E-04  6.43855E-04  6.43855E-04
   18576   3  9.33447E-04  9.33447E-04  9.33447E-04  9.33447E-04  9.33447E-04  9.33447E-04  9.33447E-04  9.33447E-04  9.33447E-04  9.33447E-04  9.33447E-04  9.33447E-04  9.33447E-04  9.33447E-04  9.33447E-04  9.33447E-04  9.33447E-04  9.33447E-04  9.33447E-04  9.33447E-04  9.33447E-04  9.33447E-04  9.33447E-04  9.33447E-04
   18576   1  0.00000E+00  0.00000E+00  0.00000E+00  0.00000E+00  0.00000E+00  0.00000E+00  0.00000E+00  0.00000E+00  0.00000E+00  0.00000E+00  0.00000E+00  0.00000E+00  0.00000E+00  0.00000E+00  0.00000E+00  0.00000E+00  0.00000E+00  0.00000E+00  0.00000E+00  0.00000E+00  0.00000E+00  0.00000E+00  0.00000E+00  0.00000E+00
   15747   3  0.00000E+00  0.00000E+00  0.00000E+00  0.00000E+00  0.00000E+00  0.00000E+00  0.00000E+00  0.00000E+00  0.00000E+00  0.00000E+00  0.00000E+00  0.00000E+00  0.00000E+00  0.00000E+00  0.00000E+00  0.00000E+00  0.00000E+00  0.00000E+00  0.00000E+00  0.00000E+00  0.00000E+00  0.00000E+00  0.00000E+00  0.00000E+00
   15747   2  0.00000E+00  0.00000E+00  0.00000E+00  0.00000E+00  0.00000E+00  0.00000E+00  0.00000E+00  0.00000E+00  0.00000E+00  0.00000E+00  0.00000E+00  0.00000E+00  0.00000E+00  0.00000E+00  0.00000E+00  0.00000E+00  0.00000E+00  0.00000E+00  0.00000E+00  0.00000E+00  0.00000E+00  0.00000E+00  0.00000E+00  0.00000E+00
   13638   3  0.00000E+00  0.00000E+00  0.00000E+00  0.00000E+00  0.00000E+00  0.00000E+00  0.00000E+00  0.00000E+00  0.00000E+00  0.00000E+00  0.00000E+00  0.00000E+00  0.00000E+00  0.00000E+00  0.00000E+00  0.00000E+00  0.00000E+00  0.00000E+00  0.00000E+00  0.00000E+00  0.00000E+00  0.00000E+00  0.00000E+00  0.00000E+00
   18926   4  7.86444E-05  7.86444E-05  7.86444E-05  7.86444E-05  7.86444E-05  7.86444E-05  7.86444E-05  7.86444E-05  7.86444E-05  7.86444E-05  7.86444E-05  7.86444E-05  7.86444E-05  7.86444E-05  7.86444E-05  7.86444E-05  7.86444E-05  7.86444E-05  7.86444E-05  7.86444E-05  7.86444E-05  7.86444E-05  7.86444E-05  7.86444E-05
   22115   4  1.79277E-09  1.79277E-09  1.79277E-09  1.79277E-09  1.79277E-09  1.79277E-09  1.79277E-09  1.79277E-09  1.79277E-09  1.79277E-09  1.79277E-09  1.79277E-09  1.79277E-09  1.79277E-09  1.79277E-09  1.79277E-09  1.79277E-09  1.79277E-09  1.79277E-09  1.79277E-09  1.79277E-09  1.79277E-09  1.79277E-09  1.79277E-09
   15750   4  1.53091E-04  1.53091E-04  1.53091E-04  1.53091E-04  1.53091E-04  1.53091E-04  1.53091E-04  1.53091E-04  1.53091E-04  1.53091E-04  1.53091E-04  1.53091E-04  1.53091E-04  1.53091E-04  1.53091E-04  1.53091E-04  1.53091E-04  1.53091E-04  1.53091E-04  1.53091E-04  1.53091E-04  1.53091E-04  1.53091E-04  1.53091E-04
   16455   4  2.24308E-04  2.24308E-04  2.24308E-04  2.24308E-04  2.24308E-04  2.24308E-04  2.24308E-04  2.24308E-04  2.24308E-04  2.24308E-04  2.24308E-04  2.24308E-04  2.24308E-04  2.24308E-04  2.24308E-04  2.24308E-04  2.24308E-04  2.24308E-04  2.24308E-04  2.24308E-04  2.24308E-04  2.24308E-04  2.24308E-04  2.24308E-04
   18223   3  1.59585E-03  1.59585E-03  1.59585E-03  1.59585E-03  1.59585E-03  1.59585E-03  1.59585E-03  1.59585E-03  1.59585E-03  1.59585E-03  1.59585E-03  1.59585E-03  1.59585E-03  1.59585E-03  1.59585E-03  1.59585E-03  1.59585E-03  1.59585E-03  1.59585E-03  1.59585E-03  1.59585E-03  1.59585E-03  1.59585E-03  1.59585E-03
   18224   4  2.73892E-02  2.73892E-02  2.73892E-02  2.73892E-02  2.73892E-02  2.73892E-02  2.73892E-02  2.73892E-02  2.73892E-02  2.73892E-02  2.73892E-02  2.73892E-02  2.73892E-02  5.13184E-01  5.13184E-01  5.13184E-01  5.13184E-01  5.13184E-01  5.13184E-01  5.13184E-01  5.13184E-01  2.73892E-02  2.73892E-02  2.73892E-02
   18930   4  1.54780E-06  1.54780E-06  1.54780E-06  1.54780E-06  1.54780E-06  1.54780E-06  1.54780E-06  1.54780E-06  1.54780E-06  1.54780E-06  1.54780E-06  1.54780E-06  1.54780E-06  1.54780E-06  1.54780E-06  1.54780E-06  1.54780E-06  1.54780E-06  1.54780E-06  1.54780E-06  1.54780E-06  1.54780E-06  1.54780E-06  1.54780E-06
   18224   5  0.00000E+00  0.00000E+00  0.00000E+00  0.00000E+00  0.00000E+00  0.00000E+00  0.00000E+00  0.00000E+00  0.00000E+00  0.00000E+00  0.00000E+00  0.00000E+00  0.00000E+00  1.07954E-01  1.07954E-01  1.07954E-01  1.07954E-01  1.07954E-01  1.07954E-01  1.07954E-01  1.07954E-01  0.00000E+00  0.00000E+00  0.00000E+00
   18577   3  0.00000E+00  0.00000E+00  0.00000E+00  0.00000E+00  0.00000E+00  0.00000E+00  0.00000E+00  0.00000E+00  0.00000E+00  0.00000E+00  0.00000E+00  0.00000E+00  0.00000E+00  4.52986E-07  4.52986E-07  4.52986E-07  4.52986E-07  4.52986E-07  4.52986E-07  4.52986E-07  4.52986E-07  0.00000E+00  0.00000E+00  0.00000E+00
   18223   4  6.11876E-03  6.11876E-03  6.11876E-03  6.11876E-03  6.11876E-03  6.11876E-03  6.11876E-03  6.11876E-03  6.11876E-03  6.11876E-03  6.11876E-03  6.11876E-03  6.11876E-03  6.11876E-03  6.11876E-03  6.11876E-03  6.11876E-03  6.11876E-03  6.11876E-03  6.11876E-03  6.11876E-03  6.11876E-03  6.11876E-03  6.11876E-03
   18224   3  9.82676E-04  9.82676E-04  9.67260E-04  9.67260E-04  9.67260E-04  9.67260E-04  9.67260E-04  9.67260E-04  9.67260E-04  9.67260E-04  9.67260E-04  9.67260E-04  9.67260E-04  4.86778E-01  4.86778E-01  4.86778E-01  4.86778E-01  4.86778E-01  4.86778E-01  4.86778E-01  4.86778E-01  9.82676E-04  9.82676E-04  9.82676E-04
   18223   5  0.00000E+00  0.00000E+00  0.00000E+00  0.00000E+00  0.00000E+00  0.00000E+00  0.00000E+00  0.00000E+00  0.00000E+00  0.00000E+00  0.00000E+00  0.00000E+00  0.00000E+00  0.00000E+00  0.00000E+00  0.00000E+00  0.00000E+00  0.00000E+00  0.00000E+00  0.00000E+00  0.00000E+00  0.00000E+00  0.00000E+00  0.00000E+00
   18577   4  2.35232E-02  2.35232E-02  2.35232E-02  2.35232E-02  2.35232E-02  2.35232E-02  2.35232E-02  2.35232E-02  2.35232E-02  2.35232E-02  2.35232E-02  2.35232E-02  2.35232E-02  2.35232E-02  2.35232E-02  2.35232E-02  2.35232E-02  2.35232E-02  2.35232E-02  2.35232E-02  2.35232E-02  2.35232E-02  2.35232E-02  2.35232E-02
   18576   5  0.00000E+00  0.00000E+00  0.00000E+00  0.00000E+00  0.00000E+00  0.00000E+00  0.00000E+00  0.00000E+00  0.00000E+00  0.00000E+00  0.00000E+00  0.00000E+00  0.00000E+00  0.00000E+00  0.00000E+00  0.00000E+00  0.00000E+00  0.00000E+00  0.00000E+00  0.00000E+00  0.00000E+00  0.00000E+00  0.00000E+00  0.00000E+00
   18223   7  0.00000E+00  0.00000E+00  0.00000E+00  0.00000E+00  0.00000E+00  0.00000E+00  0.00000E+00  0.00000E+00  0.00000E+00  0.00000E+00  0.00000E+00  0.00000E+00  0.00000E+00  9.22758E-06  9.22758E-06  9.22758E-06  9.22758E-06  9.22758E-06  9.22758E-06  9.22758E-06  9.22758E-06  0.00000E+00  0.00000E+00  0.00000E+00
   18576   7  0.00000E+00  0.00000E+00  0.00000E+00  0.00000E+00  0.00000E+00  0.00000E+00  0.00000E+00  0.00000E+00  0.00000E+00  0.00000E+00  0.00000E+00  0.00000E+00  0.00000E+00  2.59859E-04  2.59859E-04  2.59859E-04  2.59859E-04  2.59859E-04  2.59859E-04  2.59859E-04  2.59859E-04  0.00000E+00  0.00000E+00  0.00000E+00
   18222   3  0.00000E+00  0.00000E+00  0.00000E+00  0.00000E+00  0.00000E+00  0.00000E+00  0.00000E+00  0.00000E+00  0.00000E+00  0.00000E+00  0.00000E+00  0.00000E+00  0.00000E+00  0.00000E+00  0.00000E+00  0.00000E+00  0.00000E+00  0.00000E+00  0.00000E+00  0.00000E+00  0.00000E+00  0.00000E+00  0.00000E+00  0.00000E+00
   19280   3  0.00000E+00  0.00000E+00  0.00000E+00  0.00000E+00  0.00000E+00  0.00000E+00  0.00000E+00  0.00000E+00  0.00000E+00  0.00000E+00  0.00000E+00  0.00000E+00  0.00000E+00  0.00000E+00  0.00000E+00  0.00000E+00  0.00000E+00  0.00000E+00  0.00000E+00  0.00000E+00  0.00000E+00  0.00000E+00  0.00000E+00  0.00000E+00
   19280   4  2.44311E-03  2.44311E-03  2.44311E-03  2.44311E-03  2.44311E-03  2.44311E-03  2.44311E-03  2.44311E-03  2.44311E-03  2.44311E-03  2.44311E-03  2.44311E-03  2.44311E-03  1.15533E-01  1.15533E-01  1.15533E-01  1.15533E-01  1.15533E-01  1.15533E-01  1.15533E-01  1.15533E-01  2.44311E-03  2.44311E-03  2.44311E-03
   19279   4  2.93540E-02  2.93540E-02  2.93540E-02  2.93540E-02  2.93540E-02  2.93540E-02  2.93540E-02  2.93540E-02  2.93540E-02  2.93540E-02  2.93540E-02  2.93540E-02  2.93540E-02  2.93540E-02  2.93540E-02  2.93540E-02  2.93540E-02  2.93540E-02  2.93540E-02  2.93540E-02  2.93540E-02  2.93540E-02  2.93540E-02  2.93540E-02
   18928   3  0.00000E+00  0.00000E+00  0.00000E+00  0.00000E+00  0.00000E+00  0.00000E+00  0.00000E+00  0.00000E+00  0.00000E+00  0.00000E+00  0.00000E+00  0.00000E+00  0.00000E+00  0.00000E+00  0.00000E+00  0.00000E+00  0.00000E+00  0.00000E+00  0.00000E+00  0.00000E+00  0.00000E+00  0.00000E+00  0.00000E+00  0.00000E+00
   18928   4  1.08488E-03  1.08488E-03  1.08488E-03  1.08488E-03  1.08488E-03  1.08488E-03  1.08488E-03  1.08488E-03  1.08488E-03  1.08488E-03  1.08488E-03  1.08488E-03  1.08488E-03  1.08488E-03  1.08488E-03  1.08488E-03  1.08488E-03  1.08488E-03  1.08488E-03  1.08488E-03  1.08488E-03  1.08488E-03  1.08488E-03  1.08488E-03
   18575   4  1.30837E-05  1.30837E-05  1.30837E-05  1.30837E-05  1.30837E-05  1.30837E-05  1.30837E-05  1.30837E-05  1.30837E-05  1.30837E-05  1.30837E-05  1.30837E-05  1.30837E-05  1.30837E-05  1.30837E-05  1.30837E-05  1.30837E-05  1.30837E-05  1.30837E-05  1.30837E-05  1.30837E-05  1.30837E-05  1.30837E-05  1.30837E-05
   18222   4  1.63571E-05  1.63571E-05  1.63571E-05  1.63571E-05  1.63571E-05  1.63571E-05  1.63571E-05  1.63571E-05  1.63571E-05  1.63571E-05  1.63571E-05  1.63571E-05  1.63571E-05  1.63571E-05  1.63571E-05  1.63571E-05  1.63571E-05  1.63571E-05  1.63571E-05  1.63571E-05  1.63571E-05  1.63571E-05  1.63571E-05  1.63571E-05
   18575   3  0.00000E+00  0.00000E+00  0.00000E+00  0.00000E+00  0.00000E+00  0.00000E+00  0.00000E+00  0.00000E+00  0.00000E+00  0.00000E+00  0.00000E+00  0.00000E+00  0.00000E+00  0.00000E+00  0.00000E+00  0.00000E+00  0.00000E+00  0.00000E+00  0.00000E+00  0.00000E+00  0.00000E+00  0.00000E+00  0.00000E+00  0.00000E+00
   15401   3  0.00000E+00  0.00000E+00  0.00000E+00  0.00000E+00  0.00000E+00  0.00000E+00  0.00000E+00  0.00000E+00  0.00000E+00  0.00000E+00  0.00000E+00  0.00000E+00  0.00000E+00  0.00000E+00  0.00000E+00  0.00000E+00  0.00000E+00  0.00000E+00  0.00000E+00  0.00000E+00  0.00000E+00  0.00000E+00  0.00000E+00  0.00000E+00
   16114   7  0.00000E+00  0.00000E+00  0.00000E+00  0.00000E+00  0.00000E+00  0.00000E+00  0.00000E+00  0.00000E+00  0.00000E+00  0.00000E+00  0.00000E+00  0.00000E+00  0.00000E+00  0.00000E+00  0.00000E+00  0.00000E+00  0.00000E+00  0.00000E+00  0.00000E+00  0.00000E+00  0.00000E+00  0.00000E+00  0.00000E+00  0.00000E+00
   15761   3  5.81053E-04  5.81053E-04  5.81053E-04  5.81053E-04  5.81053E-04  0.00000E+00  0.00000E+00  0.00000E+00  0.00000E+00  0.00000E+00  0.00000E+00  0.00000E+00  0.00000E+00  5.81053E-04  5.81053E-04  5.81053E-04  5.81053E-04  5.81053E-04  5.81053E-04  5.81053E-04  5.81053E-04  5.81053E-04  5.81053E-04  5.81053E-04
   15762   4  0.00000E+00  0.00000E+00  0.00000E+00  0.00000E+00  0.00000E+00  0.00000E+00  0.00000E+00  0.00000E+00  0.00000E+00  0.00000E+00  0.00000E+00  0.00000E+00  0.00000E+00  0.00000E+00  0.00000E+00  0.00000E+00  0.00000E+00  0.00000E+00  0.00000E+00  0.00000E+00  0.00000E+00  0.00000E+00  0.00000E+00  0.00000E+00
   18227   4  9.47317E-05  9.47317E-05  9.47317E-05  9.47317E-05  9.47317E-05  9.47317E-05  9.47317E-05  9.47317E-05  9.47317E-05  9.47317E-05  9.47317E-05  9.47317E-05  9.47317E-05  9.47317E-05  9.47317E-05  9.47317E-05  9.47317E-05  9.47317E-05  9.47317E-05  9.47317E-05  9.47317E-05  9.47317E-05  9.47317E-05  9.47317E-05
   21763   4  5.53852E-05  5.53852E-05  5.53852E-05  5.53852E-05  5.53852E-05  5.53852E-05  5.53852E-05  5.53852E-05  5.53852E-05  5.53852E-05  5.53852E-05  5.53852E-05  5.53852E-05  5.53852E-05  5.53852E-05  5.53852E-05  5.53852E-05  5.53852E-05  5.53852E-05  5.53852E-05  5.53852E-05  5.53852E-05  5.53852E-05  5.53852E-05
   25974   3  0.00000E+00  0.00000E+00  0.00000E+00  0.00000E+00  0.00000E+00  0.00000E+00  0.00000E+00  0.00000E+00  0.00000E+00  0.00000E+00  0.00000E+00  0.00000E+00  0.00000E+00  0.00000E+00  0.00000E+00  0.00000E+00  0.00000E+00  0.00000E+00  0.00000E+00  0.00000E+00  0.00000E+00  0.00000E+00  0.00000E+00  0.00000E+00
   25262   3  0.00000E+00  0.00000E+00  0.00000E+00  0.00000E+00  0.00000E+00  0.00000E+00  0.00000E+00  0.00000E+00  0.00000E+00  0.00000E+00  0.00000E+00  0.00000E+00  0.00000E+00  0.00000E+00  0.00000E+00  0.00000E+00  0.00000E+00  0.00000E+00  0.00000E+00  0.00000E+00  0.00000E+00  0.00000E+00  0.00000E+00  0.00000E+00
   24198   4  0.00000E+00  0.00000E+00  0.00000E+00  0.00000E+00  0.00000E+00  0.00000E+00  0.00000E+00  0.00000E+00  0.00000E+00  0.00000E+00  0.00000E+00  0.00000E+00  0.00000E+00  0.00000E+00  0.00000E+00  0.00000E+00  0.00000E+00  0.00000E+00  0.00000E+00  0.00000E+00  0.00000E+00  0.00000E+00  0.00000E+00  0.00000E+00
   24198   3  3.15921E-06  3.15921E-06  3.15921E-06  3.15921E-06  3.15921E-06  0.00000E+00  0.00000E+00  0.00000E+00  0.00000E+00  0.00000E+00  0.00000E+00  0.00000E+00  0.00000E+00  3.15921E-06  3.15921E-06  3.15921E-06  3.15921E-06  3.15921E-06  3.15921E-06  3.15921E-06  3.15921E-06  3.15921E-06  3.15921E-06  3.15921E-06
   24551   4  1.31470E-07  1.31470E-07  1.31470E-07  1.31470E-07  1.31470E-07  1.31470E-07  1.31470E-07  1.31470E-07  1.31470E-07  1.31470E-07  1.31470E-07  1.31470E-07  1.31470E-07  1.31470E-07  1.31470E-07  1.31470E-07  1.31470E-07  1.31470E-07  1.31470E-07  1.31470E-07  1.31470E-07  1.31470E-07  1.31470E-07  1.31470E-07
   24911   4  0.00000E+00  0.00000E+00  0.00000E+00  0.00000E+00  0.00000E+00  0.00000E+00  0.00000E+00  0.00000E+00  0.00000E+00  0.00000E+00  0.00000E+00  0.00000E+00  0.00000E+00  0.00000E+00  0.00000E+00  0.00000E+00  0.00000E+00  0.00000E+00  0.00000E+00  0.00000E+00  0.00000E+00  0.00000E+00  0.00000E+00  0.00000E+00
   24553   4  7.80162E-03  7.80162E-03  7.80162E-03  7.80162E-03  7.80162E-03  7.80162E-03  7.80162E-03  7.80162E-03  7.80162E-03  7.80162E-03  7.80162E-03  7.80162E-03  7.80162E-03  3.04907E-02  3.04907E-02  3.04907E-02  3.04907E-02  3.04907E-02  3.04907E-02  3.04907E-02  3.04907E-02  7.80162E-03  7.80162E-03  7.80162E-03
   25259   4  0.00000E+00  0.00000E+00  0.00000E+00  0.00000E+00  0.00000E+00  0.00000E+00  0.00000E+00  0.00000E+00  0.00000E+00  0.00000E+00  0.00000E+00  0.00000E+00  0.00000E+00  0.00000E+00  0.00000E+00  0.00000E+00  0.00000E+00  0.00000E+00  0.00000E+00  0.00000E+00  0.00000E+00  0.00000E+00  0.00000E+00  0.00000E+00
   25259   3  4.27166E-06  4.27166E-06  4.27166E-06  4.27166E-06  4.27166E-06  4.27166E-06  4.27166E-06  4.27166E-06  4.27166E-06  4.27166E-06  4.27166E-06  4.27166E-06  4.27166E-06  4.27166E-06  4.27166E-06  4.27166E-06  4.27166E-06  4.27166E-06  4.27166E-06  4.27166E-06  4.27166E-06  4.27166E-06  4.27166E-06  4.27166E-06
   24906   4  1.32983E-07  1.32983E-07  1.32983E-07  1.32983E-07  1.32983E-07  1.32983E-07  1.32983E-07  1.32983E-07  1.32983E-07  1.32983E-07  1.32983E-07  1.32983E-07  1.32983E-07  1.32983E-07  1.32983E-07  1.32983E-07  1.32983E-07  1.32983E-07  1.32983E-07  1.32983E-07  1.32983E-07  1.32983E-07  1.32983E-07  1.32983E-07
   24201   2  0.00000E+00  0.00000E+00  0.00000E+00  0.00000E+00  0.00000E+00  0.00000E+00  0.00000E+00  0.00000E+00  0.00000E+00  0.00000E+00  0.00000E+00  0.00000E+00  0.00000E+00  0.00000E+00  0.00000E+00  0.00000E+00  0.00000E+00  0.00000E+00  0.00000E+00  0.00000E+00  0.00000E+00  0.00000E+00  0.00000E+00  0.00000E+00
   24201   1  0.00000E+00  0.00000E+00  0.00000E+00  0.00000E+00  0.00000E+00  0.00000E+00  0.00000E+00  0.00000E+00  0.00000E+00  0.00000E+00  0.00000E+00  0.00000E+00  0.00000E+00  0.00000E+00  0.00000E+00  0.00000E+00  0.00000E+00  0.00000E+00  0.00000E+00  0.00000E+00  0.00000E+00  0.00000E+00  0.00000E+00  0.00000E+00
   24554   4  1.23460E-02  1.23460E-02  1.23460E-02  1.23460E-02  1.23460E-02  1.23460E-02  1.23460E-02  1.23460E-02  1.23460E-02  1.23460E-02  1.23460E-02  1.23460E-02  1.23460E-02  1.23460E-02  1.23460E-02  1.23460E-02  1.23460E-02  1.23460E-02  1.23460E-02  1.23460E-02  1.23460E-02  1.23460E-02  1.23460E-02  1.23460E-02
   24904   3  0.00000E+00  0.00000E+00  0.00000E+00  0.00000E+00  0.00000E+00  0.00000E+00  0.00000E+00  0.00000E+00  0.00000E+00  0.00000E+00  0.00000E+00  0.00000E+00  0.00000E+00  0.00000E+00  0.00000E+00  0.00000E+00  0.00000E+00  0.00000E+00  0.00000E+00  0.00000E+00  0.00000E+00  0.00000E+00  0.00000E+00  0.00000E+00
   24904   4  2.35819E-03  2.35819E-03  2.35819E-03  2.35819E-03  2.35819E-03  2.35819E-03  2.35819E-03  2.35819E-03  2.35819E-03  2.35819E-03  2.35819E-03  2.35819E-03  2.35819E-03  2.35819E-03  2.35819E-03  2.35819E-03  2.35819E-03  2.35819E-03  2.35819E-03  2.35819E-03  2.35819E-03  2.35819E-03  2.35819E-03  2.35819E-03
   25257   4  3.23479E-02  3.23479E-02  3.23479E-02  3.23479E-02  3.23479E-02  3.23479E-02  3.23479E-02  3.23479E-02  3.23479E-02  3.23479E-02  3.23479E-02  3.23479E-02  3.23479E-02  3.23479E-02  3.23479E-02  3.23479E-02  3.23479E-02  3.23479E-02  3.23479E-02  3.23479E-02  3.23479E-02  3.23479E-02  3.23479E-02  3.23479E-02
   25257   3  0.00000E+00  0.00000E+00  0.00000E+00  0.00000E+00  0.00000E+00  0.00000E+00  0.00000E+00  0.00000E+00  0.00000E+00  0.00000E+00  0.00000E+00  0.00000E+00  0.00000E+00  0.00000E+00  0.00000E+00  0.00000E+00  0.00000E+00  0.00000E+00  0.00000E+00  0.00000E+00  0.00000E+00  0.00000E+00  0.00000E+00  0.00000E+00
   24904   7  0.00000E+00  0.00000E+00  0.00000E+00  0.00000E+00  0.00000E+00  0.00000E+00  0.00000E+00  0.00000E+00  0.00000E+00  0.00000E+00  0.00000E+00  0.00000E+00  0.00000E+00  0.00000E+00  0.00000E+00  0.00000E+00  0.00000E+00  0.00000E+00  0.00000E+00  0.00000E+00  0.00000E+00  0.00000E+00  0.00000E+00  0.00000E+00
   24904   1  0.00000E+00  0.00000E+00  0.00000E+00  0.00000E+00  0.00000E+00  0.00000E+00  0.00000E+00  0.00000E+00  0.00000E+00  0.00000E+00  0.00000E+00  0.00000E+00  0.00000E+00  0.00000E+00  0.00000E+00  0.00000E+00  0.00000E+00  0.00000E+00  0.00000E+00  0.00000E+00  0.00000E+00  0.00000E+00  0.00000E+00  0.00000E+00
   23850   3  4.55497E-04  4.55497E-04  4.55497E-04  4.55497E-04  4.55497E-04  4.55497E-04  4.55497E-04  4.55497E-04  4.55497E-04  4.55497E-04  4.55497E-04  4.55497E-04  4.55497E-04  4.56152E-04  4.56152E-04  4.56152E-04  4.56152E-04  4.56152E-04  4.56152E-04  4.56152E-04  4.56152E-04  4.55497E-04  4.55497E-04  4.55497E-04
   23850   4  2.27822E-05  2.27822E-05  2.27822E-05  2.27822E-05  2.27822E-05  2.27822E-05  2.27822E-05  2.27822E-05  2.27822E-05  2.27822E-05  2.27822E-05  2.27822E-05  2.27822E-05  2.27822E-05  2.27822E-05  2.27822E-05  2.27822E-05  2.27822E-05  2.27822E-05  2.27822E-05  2.27822E-05  2.27822E-05  2.27822E-05  2.27822E-05
   25616   4  0.00000E+00  0.00000E+00  0.00000E+00  0.00000E+00  0.00000E+00  0.00000E+00  0.00000E+00  0.00000E+00  0.00000E+00  0.00000E+00  0.00000E+00  0.00000E+00  0.00000E+00  0.00000E+00  0.00000E+00  0.00000E+00  0.00000E+00  0.00000E+00  0.00000E+00  0.00000E+00  0.00000E+00  0.00000E+00  0.00000E+00  0.00000E+00
   27883   2  0.00000E+00  0.00000E+00  0.00000E+00  0.00000E+00  0.00000E+00  0.00000E+00  0.00000E+00  0.00000E+00  0.00000E+00  0.00000E+00  0.00000E+00  0.00000E+00  0.00000E+00  0.00000E+00  0.00000E+00  0.00000E+00  0.00000E+00  0.00000E+00  0.00000E+00  0.00000E+00  0.00000E+00  0.00000E+00  0.00000E+00  0.00000E+00
   18690   2  0.00000E+00  0.00000E+00  0.00000E+00  0.00000E+00  0.00000E+00  0.00000E+00  0.00000E+00  0.00000E+00  0.00000E+00  0.00000E+00  0.00000E+00  0.00000E+00  0.00000E+00  0.00000E+00  0.00000E+00  0.00000E+00  0.00000E+00  0.00000E+00  0.00000E+00  0.00000E+00  0.00000E+00  0.00000E+00  0.00000E+00  0.00000E+00
   19395   3  0.00000E+00  0.00000E+00  0.00000E+00  0.00000E+00  0.00000E+00  0.00000E+00  0.00000E+00  0.00000E+00  0.00000E+00  0.00000E+00  0.00000E+00  0.00000E+00  0.00000E+00  0.00000E+00  0.00000E+00  0.00000E+00  0.00000E+00  0.00000E+00  0.00000E+00  0.00000E+00  0.00000E+00  0.00000E+00  0.00000E+00  0.00000E+00
   19395   2  0.00000E+00  0.00000E+00  0.00000E+00  0.00000E+00  0.00000E+00  0.00000E+00  0.00000E+00  0.00000E+00  0.00000E+00  0.00000E+00  0.00000E+00  0.00000E+00  0.00000E+00  0.00000E+00  0.00000E+00  0.00000E+00  0.00000E+00  0.00000E+00  0.00000E+00  0.00000E+00  0.00000E+00  0.00000E+00  0.00000E+00  0.00000E+00
   30002   2  0.00000E+00  0.00000E+00  0.00000E+00  0.00000E+00  0.00000E+00  0.00000E+00  0.00000E+00  0.00000E+00  0.00000E+00  0.00000E+00  0.00000E+00  0.00000E+00  0.00000E+00  0.00000E+00  0.00000E+00  0.00000E+00  0.00000E+00  0.00000E+00  0.00000E+00  0.00000E+00  0.00000E+00  0.00000E+00  0.00000E+00  0.00000E+00
   30355   1  0.00000E+00  0.00000E+00  0.00000E+00  0.00000E+00  0.00000E+00  0.00000E+00  0.00000E+00  0.00000E+00  0.00000E+00  0.00000E+00  0.00000E+00  0.00000E+00  0.00000E+00  0.00000E+00  0.00000E+00  0.00000E+00  0.00000E+00  0.00000E+00  0.00000E+00  0.00000E+00  0.00000E+00  0.00000E+00  0.00000E+00  0.00000E+00
   29995   4  0.00000E+00  0.00000E+00  0.00000E+00  0.00000E+00  0.00000E+00  0.00000E+00  0.00000E+00  0.00000E+00  0.00000E+00  0.00000E+00  0.00000E+00  0.00000E+00  0.00000E+00  0.00000E+00  0.00000E+00  0.00000E+00  0.00000E+00  0.00000E+00  0.00000E+00  0.00000E+00  0.00000E+00  0.00000E+00  0.00000E+00  0.00000E+00
   31274   3  0.00000E+00  0.00000E+00  0.00000E+00  0.00000E+00  0.00000E+00  0.00000E+00  0.00000E+00  0.00000E+00  0.00000E+00  0.00000E+00  0.00000E+00  0.00000E+00  0.00000E+00  0.00000E+00  0.00000E+00  0.00000E+00  0.00000E+00  0.00000E+00  0.00000E+00  0.00000E+00  0.00000E+00  0.00000E+00  0.00000E+00  0.00000E+00
   31274   4  0.00000E+00  0.00000E+00  0.00000E+00  0.00000E+00  0.00000E+00  0.00000E+00  0.00000E+00  0.00000E+00  0.00000E+00  0.00000E+00  0.00000E+00  0.00000E+00  0.00000E+00  0.00000E+00  0.00000E+00  0.00000E+00  0.00000E+00  0.00000E+00  0.00000E+00  0.00000E+00  0.00000E+00  0.00000E+00  0.00000E+00  0.00000E+00
   31274   2  0.00000E+00  0.00000E+00  0.00000E+00  0.00000E+00  0.00000E+00  0.00000E+00  0.00000E+00  0.00000E+00  0.00000E+00  0.00000E+00  0.00000E+00  0.00000E+00  0.00000E+00  0.00000E+00  0.00000E+00  0.00000E+00  0.00000E+00  0.00000E+00  0.00000E+00  0.00000E+00  0.00000E+00  0.00000E+00  0.00000E+00  0.00000E+00
   30921   4  0.00000E+00  0.00000E+00  0.00000E+00  0.00000E+00  0.00000E+00  0.00000E+00  0.00000E+00  0.00000E+00  0.00000E+00  0.00000E+00  0.00000E+00  0.00000E+00  0.00000E+00  0.00000E+00  0.00000E+00  0.00000E+00  0.00000E+00  0.00000E+00  0.00000E+00  0.00000E+00  0.00000E+00  0.00000E+00  0.00000E+00  0.00000E+00
   31274   7  0.00000E+00  0.00000E+00  0.00000E+00  0.00000E+00  0.00000E+00  0.00000E+00  0.00000E+00  0.00000E+00  0.00000E+00  0.00000E+00  0.00000E+00  0.00000E+00  0.00000E+00  0.00000E+00  0.00000E+00  0.00000E+00  0.00000E+00  0.00000E+00  0.00000E+00  0.00000E+00  0.00000E+00  0.00000E+00  0.00000E+00  0.00000E+00
   35839   3  0.00000E+00  0.00000E+00  0.00000E+00  0.00000E+00  0.00000E+00  0.00000E+00  0.00000E+00  0.00000E+00  0.00000E+00  0.00000E+00  0.00000E+00  0.00000E+00  0.00000E+00  0.00000E+00  0.00000E+00  0.00000E+00  0.00000E+00  0.00000E+00  0.00000E+00  0.00000E+00  0.00000E+00  0.00000E+00  0.00000E+00  0.00000E+00
   37257   7  0.00000E+00  0.00000E+00  0.00000E+00  0.00000E+00  0.00000E+00  0.00000E+00  0.00000E+00  0.00000E+00  0.00000E+00  0.00000E+00  0.00000E+00  0.00000E+00  0.00000E+00  0.00000E+00  0.00000E+00  0.00000E+00  0.00000E+00  0.00000E+00  0.00000E+00  0.00000E+00  0.00000E+00  0.00000E+00  0.00000E+00  0.00000E+00
   31605   4  2.53093E-02  2.53093E-02  2.53093E-02  2.53093E-02  2.53093E-02  2.53093E-02  2.53093E-02  2.53093E-02  2.53093E-02  2.53093E-02  2.53093E-02  2.53093E-02  2.53093E-02  2.53093E-02  2.53093E-02  2.53093E-02  2.53093E-02  2.53093E-02  2.53093E-02  2.53093E-02  2.53093E-02  2.53093E-02  2.53093E-02  2.53093E-02
   31252   3  0.00000E+00  0.00000E+00  0.00000E+00  0.00000E+00  0.00000E+00  0.00000E+00  0.00000E+00  0.00000E+00  0.00000E+00  0.00000E+00  0.00000E+00  0.00000E+00  0.00000E+00  0.00000E+00  0.00000E+00  0.00000E+00  0.00000E+00  0.00000E+00  0.00000E+00  0.00000E+00  0.00000E+00  0.00000E+00  0.00000E+00  0.00000E+00
   31958   4  4.34808E-05  4.34808E-05  4.34808E-05  4.34808E-05  4.34808E-05  4.34808E-05  4.34808E-05  4.34808E-05  4.34808E-05  4.34808E-05  4.34808E-05  4.34808E-05  4.34808E-05  4.34808E-05  4.34808E-05  4.34808E-05  4.34808E-05  4.34808E-05  4.34808E-05  4.34808E-05  4.34808E-05  4.34808E-05  4.34808E-05  4.34808E-05
   31252   2  1.20290E-04  1.20290E-04  1.20290E-04  1.20290E-04  1.20290E-04  1.20290E-04  1.20290E-04  1.20290E-04  1.20290E-04  1.20290E-04  1.20290E-04  1.20290E-04  1.20290E-04  1.20290E-04  1.20290E-04  1.20290E-04  1.20290E-04  1.20290E-04  1.20290E-04  1.20290E-04  1.20290E-04  1.20290E-04  1.20290E-04  1.20290E-04
   31253   7  7.00631E-05  7.00631E-05  7.00631E-05  7.00631E-05  7.00631E-05  0.00000E+00  0.00000E+00  0.00000E+00  0.00000E+00  0.00000E+00  0.00000E+00  0.00000E+00  7.00631E-05  1.41830E-03  1.41830E-03  1.41830E-03  1.41830E-03  1.41830E-03  1.41830E-03  1.41830E-03  1.41830E-03  7.00631E-05  7.00631E-05  7.00631E-05
   31605   3  0.00000E+00  0.00000E+00  0.00000E+00  0.00000E+00  0.00000E+00  0.00000E+00  0.00000E+00  0.00000E+00  0.00000E+00  0.00000E+00  0.00000E+00  0.00000E+00  0.00000E+00  0.00000E+00  0.00000E+00  0.00000E+00  0.00000E+00  0.00000E+00  0.00000E+00  0.00000E+00  0.00000E+00  0.00000E+00  0.00000E+00  0.00000E+00
   31958   3  5.77932E-05  5.77932E-05  5.77932E-05  5.77932E-05  5.77932E-05  5.77932E-05  5.77932E-05  5.77932E-05  5.77932E-05  5.77932E-05  5.77932E-05  5.77932E-05  5.77932E-05  5.77932E-05  5.77932E-05  5.77932E-05  5.77932E-05  5.77932E-05  5.77932E-05  5.77932E-05  5.77932E-05  5.77932E-05  5.77932E-05  5.77932E-05
   31958   5  0.00000E+00  0.00000E+00  0.00000E+00  0.00000E+00  0.00000E+00  0.00000E+00  0.00000E+00  0.00000E+00  0.00000E+00  0.00000E+00  0.00000E+00  0.00000E+00  0.00000E+00  0.00000E+00  0.00000E+00  0.00000E+00  0.00000E+00  0.00000E+00  0.00000E+00  0.00000E+00  0.00000E+00  0.00000E+00  0.00000E+00  0.00000E+00
   31252   4  4.09850E-04  4.09850E-04  4.09850E-04  4.09850E-04  4.09850E-04  4.09850E-04  4.09850E-04  4.09850E-04  4.09850E-04  4.09850E-04  4.09850E-04  4.09850E-04  4.09850E-04  4.09850E-04  4.09850E-04  4.09850E-04  4.09850E-04  4.09850E-04  4.09850E-04  4.09850E-04  4.09850E-04  4.09850E-04  4.09850E-04  4.09850E-04
   31604   4  6.89834E-03  6.89834E-03  6.89834E-03  6.89834E-03  6.89834E-03  6.89834E-03  6.89834E-03  6.89834E-03  6.89834E-03  6.89834E-03  6.89834E-03  6.89834E-03  6.89834E-03  6.89834E-03  6.89834E-03  6.89834E-03  6.89834E-03  6.89834E-03  6.89834E-03  6.89834E-03  6.89834E-03  6.89834E-03  6.89834E-03  6.89834E-03
   31604   1  2.98895E-04  2.98895E-04  2.98895E-04  2.98895E-04  2.98895E-04  2.98895E-04  2.98895E-04  2.98895E-04  2.98895E-04  2.98895E-04  2.98895E-04  2.98895E-04  2.98895E-04  2.98895E-04  2.98895E-04  2.98895E-04  2.98895E-04  2.98895E-04  2.98895E-04  2.98895E-04  2.98895E-04  2.98895E-04  2.98895E-04  2.98895E-04
   31605   2  3.80376E-04  3.80376E-04  3.80376E-04  3.80376E-04  3.80376E-04  3.80376E-04  3.80376E-04  3.80376E-04  3.80376E-04  3.80376E-04  3.80376E-04  3.80376E-04  3.80376E-04  3.80376E-04  3.80376E-04  3.80376E-04  3.80376E-04  3.80376E-04  3.80376E-04  3.80376E-04  3.80376E-04  3.80376E-04  3.80376E-04  3.80376E-04
   31958   7  0.00000E+00  0.00000E+00  0.00000E+00  0.00000E+00  0.00000E+00  0.00000E+00  0.00000E+00  0.00000E+00  0.00000E+00  0.00000E+00  0.00000E+00  0.00000E+00  0.00000E+00  0.00000E+00  0.00000E+00  0.00000E+00  0.00000E+00  0.00000E+00  0.00000E+00  0.00000E+00  0.00000E+00  0.00000E+00  0.00000E+00  0.00000E+00
   31253   4  3.59565E-04  3.59565E-04  3.59565E-04  3.59565E-04  3.59565E-04  3.59565E-04  3.59565E-04  3.59565E-04  3.59565E-04  3.59565E-04  3.59565E-04  3.59565E-04  3.59565E-04  3.59565E-04  3.59565E-04  3.59565E-04  3.59565E-04  3.59565E-04  3.59565E-04  3.59565E-04  3.59565E-04  3.59565E-04  3.59565E-04  3.59565E-04
   31959   3  1.26809E-06  1.26809E-06  1.26809E-06  1.26809E-06  1.26809E-06  0.00000E+00  0.00000E+00  0.00000E+00  0.00000E+00  0.00000E+00  0.00000E+00  0.00000E+00  0.00000E+00  1.26809E-06  1.26809E-06  1.26809E-06  1.26809E-06  1.26809E-06  1.26809E-06  1.26809E-06  1.26809E-06  1.26809E-06  1.26809E-06  1.26809E-06
   31959   4  0.00000E+00  0.00000E+00  0.00000E+00  0.00000E+00  0.00000E+00  0.00000E+00  0.00000E+00  0.00000E+00  0.00000E+00  0.00000E+00  0.00000E+00  0.00000E+00  0.00000E+00  0.00000E+00  0.00000E+00  0.00000E+00  0.00000E+00  0.00000E+00  0.00000E+00  0.00000E+00  0.00000E+00  0.00000E+00  0.00000E+00  0.00000E+00
   30564   3  0.00000E+00  0.00000E+00  0.00000E+00  0.00000E+00  0.00000E+00  0.00000E+00  0.00000E+00  0.00000E+00  0.00000E+00  0.00000E+00  0.00000E+00  0.00000E+00  0.00000E+00  0.00000E+00  0.00000E+00  0.00000E+00  0.00000E+00  0.00000E+00  0.00000E+00  0.00000E+00  0.00000E+00  0.00000E+00  0.00000E+00  0.00000E+00
   30564   2  0.00000E+00  0.00000E+00  0.00000E+00  0.00000E+00  0.00000E+00  0.00000E+00  0.00000E+00  0.00000E+00  0.00000E+00  0.00000E+00  0.00000E+00  0.00000E+00  0.00000E+00  0.00000E+00  0.00000E+00  0.00000E+00  0.00000E+00  0.00000E+00  0.00000E+00  0.00000E+00  0.00000E+00  0.00000E+00  0.00000E+00  0.00000E+00
   30924   3  3.75339E-04  3.75339E-04  3.75339E-04  3.75339E-04  3.75339E-04  3.75339E-04  3.75339E-04  3.75339E-04  3.75339E-04  3.75339E-04  3.75339E-04  3.75339E-04  3.75339E-04  3.75339E-04  3.75339E-04  3.75339E-04  3.75339E-04  3.75339E-04  3.75339E-04  3.75339E-04  3.75339E-04  3.75339E-04  3.75339E-04  3.75339E-04
   30924   2  0.00000E+00  0.00000E+00  0.00000E+00  0.00000E+00  0.00000E+00  0.00000E+00  0.00000E+00  0.00000E+00  0.00000E+00  0.00000E+00  0.00000E+00  0.00000E+00  0.00000E+00  0.00000E+00  0.00000E+00  0.00000E+00  0.00000E+00  0.00000E+00  0.00000E+00  0.00000E+00  0.00000E+00  0.00000E+00  0.00000E+00  0.00000E+00
   30193   2  0.00000E+00  0.00000E+00  0.00000E+00  0.00000E+00  0.00000E+00  0.00000E+00  0.00000E+00  0.00000E+00  0.00000E+00  0.00000E+00  0.00000E+00  0.00000E+00  0.00000E+00  0.00000E+00  0.00000E+00  0.00000E+00  0.00000E+00  0.00000E+00  0.00000E+00  0.00000E+00  0.00000E+00  0.00000E+00  0.00000E+00  0.00000E+00
   29840   3  0.00000E+00  0.00000E+00  0.00000E+00  0.00000E+00  0.00000E+00  0.00000E+00  0.00000E+00  0.00000E+00  0.00000E+00  0.00000E+00  0.00000E+00  0.00000E+00  0.00000E+00  0.00000E+00  0.00000E+00  0.00000E+00  0.00000E+00  0.00000E+00  0.00000E+00  0.00000E+00  0.00000E+00  0.00000E+00  0.00000E+00  0.00000E+00
   33035   3  0.00000E+00  0.00000E+00  0.00000E+00  0.00000E+00  0.00000E+00  0.00000E+00  0.00000E+00  0.00000E+00  0.00000E+00  0.00000E+00  0.00000E+00  0.00000E+00  0.00000E+00  0.00000E+00  0.00000E+00  0.00000E+00  0.00000E+00  0.00000E+00  0.00000E+00  0.00000E+00  0.00000E+00  0.00000E+00  0.00000E+00  0.00000E+00
   33035   2  0.00000E+00  0.00000E+00  0.00000E+00  0.00000E+00  0.00000E+00  0.00000E+00  0.00000E+00  0.00000E+00  0.00000E+00  0.00000E+00  0.00000E+00  0.00000E+00  0.00000E+00  0.00000E+00  0.00000E+00  0.00000E+00  0.00000E+00  0.00000E+00  0.00000E+00  0.00000E+00  0.00000E+00  0.00000E+00  0.00000E+00  0.00000E+00
   47753   3  2.34175E-05  2.34175E-05  2.34175E-05  2.34175E-05  2.34175E-05  2.34175E-05  2.34175E-05  2.34175E-05  2.34175E-05  2.34175E-05  2.34175E-05  2.34175E-05  2.34175E-05  2.34175E-05  2.34175E-05  2.34175E-05  2.34175E-05  2.34175E-05  2.34175E-05  2.34175E-05  2.34175E-05  2.34175E-05  2.34175E-05  2.34175E-05
   47753   4  1.88720E-04  1.88720E-04  1.88720E-04  1.88720E-04  1.88720E-04  1.88720E-04  1.88720E-04  1.88720E-04  1.88720E-04  1.88720E-04  1.88720E-04  1.88720E-04  1.88720E-04  1.88720E-04  1.88720E-04  1.88720E-04  1.88720E-04  1.88720E-04  1.88720E-04  1.88720E-04  1.88720E-04  1.88720E-04  1.88720E-04  1.88720E-04
   48458   4  1.72007E-04  1.72007E-04  1.72007E-04  1.72007E-04  1.72007E-04  1.72007E-04  1.72007E-04  1.72007E-04  1.72007E-04  1.72007E-04  1.72007E-04  1.72007E-04  1.72007E-04  1.72007E-04  1.72007E-04  1.72007E-04  1.72007E-04  1.72007E-04  1.72007E-04  1.72007E-04  1.72007E-04  1.72007E-04  1.72007E-04  1.72007E-04
   48458   2  0.00000E+00  0.00000E+00  0.00000E+00  0.00000E+00  0.00000E+00  0.00000E+00  0.00000E+00  0.00000E+00  0.00000E+00  0.00000E+00  0.00000E+00  0.00000E+00  0.00000E+00  0.00000E+00  0.00000E+00  0.00000E+00  0.00000E+00  0.00000E+00  0.00000E+00  0.00000E+00  0.00000E+00  0.00000E+00  0.00000E+00  0.00000E+00
   48458   3  0.00000E+00  0.00000E+00  0.00000E+00  0.00000E+00  0.00000E+00  0.00000E+00  0.00000E+00  0.00000E+00  0.00000E+00  0.00000E+00  0.00000E+00  0.00000E+00  0.00000E+00  0.00000E+00  0.00000E+00  0.00000E+00  0.00000E+00  0.00000E+00  0.00000E+00  0.00000E+00  0.00000E+00  0.00000E+00  0.00000E+00  0.00000E+00
   47047   7  0.00000E+00  0.00000E+00  0.00000E+00  0.00000E+00  0.00000E+00  0.00000E+00  0.00000E+00  0.00000E+00  0.00000E+00  0.00000E+00  0.00000E+00  0.00000E+00  0.00000E+00  0.00000E+00  0.00000E+00  0.00000E+00  0.00000E+00  0.00000E+00  0.00000E+00  0.00000E+00  0.00000E+00  0.00000E+00  0.00000E+00  0.00000E+00
   47753   7  0.00000E+00  0.00000E+00  0.00000E+00  0.00000E+00  0.00000E+00  0.00000E+00  0.00000E+00  0.00000E+00  0.00000E+00  0.00000E+00  0.00000E+00  0.00000E+00  0.00000E+00  0.00000E+00  0.00000E+00  0.00000E+00  0.00000E+00  0.00000E+00  0.00000E+00  0.00000E+00  0.00000E+00  0.00000E+00  0.00000E+00  0.00000E+00
   43182   3  8.83905E-06  8.83905E-06  8.83905E-06  8.83905E-06  8.83905E-06  8.83905E-06  8.83905E-06  8.83905E-06  8.83905E-06  8.83905E-06  8.83905E-06  8.83905E-06  8.83905E-06  1.80285E-05  1.80285E-05  1.80285E-05  1.80285E-05  1.80285E-05  1.80285E-05  1.80285E-05  1.80285E-05  8.83905E-06  8.83905E-06  8.83905E-06
   43182   4  3.51590E-04  3.51590E-04  3.51590E-04  3.51590E-04  3.51590E-04  3.51590E-04  3.51590E-04  3.51590E-04  3.51590E-04  3.51590E-04  3.51590E-04  3.51590E-04  3.51590E-04  3.51590E-04  3.51590E-04  3.51590E-04  3.51590E-04  3.51590E-04  3.51590E-04  3.51590E-04  3.51590E-04  3.51590E-04  3.51590E-04  3.51590E-04
   43182   8  0.00000E+00  0.00000E+00  0.00000E+00  0.00000E+00  0.00000E+00  0.00000E+00  0.00000E+00  0.00000E+00  0.00000E+00  0.00000E+00  0.00000E+00  0.00000E+00  0.00000E+00  0.00000E+00  0.00000E+00  0.00000E+00  0.00000E+00  0.00000E+00  0.00000E+00  0.00000E+00  0.00000E+00  0.00000E+00  0.00000E+00  0.00000E+00
   42477   3  0.00000E+00  0.00000E+00  0.00000E+00  0.00000E+00  0.00000E+00  0.00000E+00  0.00000E+00  0.00000E+00  0.00000E+00  0.00000E+00  0.00000E+00  0.00000E+00  0.00000E+00  0.00000E+00  0.00000E+00  0.00000E+00  0.00000E+00  0.00000E+00  0.00000E+00  0.00000E+00  0.00000E+00  0.00000E+00  0.00000E+00  0.00000E+00
   42477   2  0.00000E+00  0.00000E+00  0.00000E+00  0.00000E+00  0.00000E+00  0.00000E+00  0.00000E+00  0.00000E+00  0.00000E+00  0.00000E+00  0.00000E+00  0.00000E+00  0.00000E+00  0.00000E+00  0.00000E+00  0.00000E+00  0.00000E+00  0.00000E+00  0.00000E+00  0.00000E+00  0.00000E+00  0.00000E+00  0.00000E+00  0.00000E+00
   43182   7  0.00000E+00  0.00000E+00  0.00000E+00  0.00000E+00  0.00000E+00  0.00000E+00  0.00000E+00  0.00000E+00  0.00000E+00  0.00000E+00  0.00000E+00  0.00000E+00  0.00000E+00  0.00000E+00  0.00000E+00  0.00000E+00  0.00000E+00  0.00000E+00  0.00000E+00  0.00000E+00  0.00000E+00  0.00000E+00  0.00000E+00  0.00000E+00
   50582   3  6.24002E-04  6.24002E-04  6.24002E-04  6.24002E-04  6.24002E-04  6.24002E-04  6.24002E-04  6.24002E-04  6.24002E-04  6.24002E-04  6.24002E-04  6.24002E-04  6.24002E-04  6.24002E-04  6.24002E-04  6.24002E-04  6.24002E-04  6.24002E-04  6.24002E-04  6.24002E-04  6.24002E-04  6.24002E-04  6.24002E-04  6.24002E-04
   46700   3  1.05696E-05  1.05696E-05  1.05696E-05  1.05696E-05  1.05696E-05  1.05696E-05  1.05696E-05  1.05696E-05  1.05696E-05  1.05696E-05  1.05696E-05  1.05696E-05  1.05696E-05  1.05696E-05  1.05696E-05  1.05696E-05  1.05696E-05  1.05696E-05  1.05696E-05  1.05696E-05  1.05696E-05  1.05696E-05  1.05696E-05  1.05696E-05
   36485   4  0.00000E+00  0.00000E+00  0.00000E+00  0.00000E+00  0.00000E+00  0.00000E+00  0.00000E+00  0.00000E+00  0.00000E+00  0.00000E+00  0.00000E+00  0.00000E+00  0.00000E+00  0.00000E+00  0.00000E+00  0.00000E+00  0.00000E+00  0.00000E+00  0.00000E+00  0.00000E+00  0.00000E+00  0.00000E+00  0.00000E+00  0.00000E+00
   36485   6  0.00000E+00  0.00000E+00  0.00000E+00  0.00000E+00  0.00000E+00  0.00000E+00  0.00000E+00  0.00000E+00  0.00000E+00  0.00000E+00  0.00000E+00  0.00000E+00  0.00000E+00  0.00000E+00  0.00000E+00  0.00000E+00  0.00000E+00  0.00000E+00  0.00000E+00  0.00000E+00  0.00000E+00  0.00000E+00  0.00000E+00  0.00000E+00
   36485   5  0.00000E+00  0.00000E+00  0.00000E+00  0.00000E+00  0.00000E+00  0.00000E+00  0.00000E+00  0.00000E+00  0.00000E+00  0.00000E+00  0.00000E+00  0.00000E+00  0.00000E+00  0.00000E+00  0.00000E+00  0.00000E+00  0.00000E+00  0.00000E+00  0.00000E+00  0.00000E+00  0.00000E+00  0.00000E+00  0.00000E+00  0.00000E+00
   36485   3  0.00000E+00  0.00000E+00  0.00000E+00  0.00000E+00  0.00000E+00  0.00000E+00  0.00000E+00  0.00000E+00  0.00000E+00  0.00000E+00  0.00000E+00  0.00000E+00  0.00000E+00  0.00000E+00  0.00000E+00  0.00000E+00  0.00000E+00  0.00000E+00  0.00000E+00  0.00000E+00  0.00000E+00  0.00000E+00  0.00000E+00  0.00000E+00
   36485   2  0.00000E+00  0.00000E+00  0.00000E+00  0.00000E+00  0.00000E+00  0.00000E+00  0.00000E+00  0.00000E+00  0.00000E+00  0.00000E+00  0.00000E+00  0.00000E+00  0.00000E+00  0.00000E+00  0.00000E+00  0.00000E+00  0.00000E+00  0.00000E+00  0.00000E+00  0.00000E+00  0.00000E+00  0.00000E+00  0.00000E+00  0.00000E+00
   37192   2  0.00000E+00  0.00000E+00  0.00000E+00  0.00000E+00  0.00000E+00  0.00000E+00  0.00000E+00  0.00000E+00  0.00000E+00  0.00000E+00  0.00000E+00  0.00000E+00  0.00000E+00  0.00000E+00  0.00000E+00  0.00000E+00  0.00000E+00  0.00000E+00  0.00000E+00  0.00000E+00  0.00000E+00  0.00000E+00  0.00000E+00  0.00000E+00
   36485   7  0.00000E+00  0.00000E+00  0.00000E+00  0.00000E+00  0.00000E+00  0.00000E+00  0.00000E+00  0.00000E+00  0.00000E+00  0.00000E+00  0.00000E+00  0.00000E+00  0.00000E+00  0.00000E+00  0.00000E+00  0.00000E+00  0.00000E+00  0.00000E+00  0.00000E+00  0.00000E+00  0.00000E+00  0.00000E+00  0.00000E+00  0.00000E+00
   35437   3  0.00000E+00  0.00000E+00  0.00000E+00  0.00000E+00  0.00000E+00  0.00000E+00  0.00000E+00  0.00000E+00  0.00000E+00  0.00000E+00  0.00000E+00  0.00000E+00  0.00000E+00  0.00000E+00  0.00000E+00  0.00000E+00  0.00000E+00  0.00000E+00  0.00000E+00  0.00000E+00  0.00000E+00  0.00000E+00  0.00000E+00  0.00000E+00
   46351   7  0.00000E+00  0.00000E+00  0.00000E+00  0.00000E+00  0.00000E+00  0.00000E+00  0.00000E+00  0.00000E+00  0.00000E+00  0.00000E+00  0.00000E+00  0.00000E+00  0.00000E+00  0.00000E+00  0.00000E+00  0.00000E+00  0.00000E+00  0.00000E+00  0.00000E+00  0.00000E+00  0.00000E+00  0.00000E+00  0.00000E+00  0.00000E+00
   39310   3  4.45989E-07  4.45989E-07  4.45989E-07  4.45989E-07  4.45989E-07  4.45989E-07  4.45989E-07  4.45989E-07  4.45989E-07  4.45989E-07  4.45989E-07  4.45989E-07  4.45989E-07  4.45989E-07  4.45989E-07  4.45989E-07  4.45989E-07  4.45989E-07  4.45989E-07  4.45989E-07  4.45989E-07  4.45989E-07  4.45989E-07  4.45989E-07
   43177   3  0.00000E+00  0.00000E+00  0.00000E+00  0.00000E+00  0.00000E+00  0.00000E+00  0.00000E+00  0.00000E+00  0.00000E+00  0.00000E+00  0.00000E+00  0.00000E+00  0.00000E+00  0.00000E+00  0.00000E+00  0.00000E+00  0.00000E+00  0.00000E+00  0.00000E+00  0.00000E+00  0.00000E+00  0.00000E+00  0.00000E+00  0.00000E+00
   43177   2  0.00000E+00  0.00000E+00  0.00000E+00  0.00000E+00  0.00000E+00  0.00000E+00  0.00000E+00  0.00000E+00  0.00000E+00  0.00000E+00  0.00000E+00  0.00000E+00  0.00000E+00  0.00000E+00  0.00000E+00  0.00000E+00  0.00000E+00  0.00000E+00  0.00000E+00  0.00000E+00  0.00000E+00  0.00000E+00  0.00000E+00  0.00000E+00
   15453   3  4.68163E-01  4.68163E-01  4.68163E-01  4.68163E-01  4.68163E-01  4.68163E-01  4.68163E-01  4.68163E-01  4.68163E-01  4.68163E-01  4.68163E-01  4.68163E-01  4.68163E-01  4.68163E-01  4.68163E-01  4.68163E-01  4.68163E-01  4.68163E-01  4.68163E-01  4.68163E-01  4.68163E-01  4.68163E-01  4.68163E-01  4.68163E-01
   15453   2  0.00000E+00  0.00000E+00  0.00000E+00  0.00000E+00  0.00000E+00  0.00000E+00  0.00000E+00  0.00000E+00  0.00000E+00  0.00000E+00  0.00000E+00  0.00000E+00  0.00000E+00  0.00000E+00  0.00000E+00  0.00000E+00  0.00000E+00  0.00000E+00  0.00000E+00  0.00000E+00  0.00000E+00  0.00000E+00  0.00000E+00  0.00000E+00
   15098   3  2.82466E-05  2.82466E-05  2.82466E-05  2.82466E-05  2.82466E-05  2.82466E-05  2.82466E-05  2.82466E-05  2.82466E-05  2.82466E-05  2.82466E-05  2.82466E-05  2.82466E-05  2.82466E-05  2.82466E-05  2.82466E-05  2.82466E-05  2.82466E-05  2.82466E-05  2.82466E-05  2.82466E-05  2.82466E-05  2.82466E-05  2.82466E-05
   15450   3  2.25702E-04  2.25702E-04  2.25702E-04  2.25702E-04  2.25702E-04  2.25702E-04  2.25702E-04  2.25702E-04  2.25702E-04  2.25702E-04  2.25702E-04  2.25702E-04  2.25702E-04  2.25702E-04  2.25702E-04  2.25702E-04  2.25702E-04  2.25702E-04  2.25702E-04  2.25702E-04  2.25702E-04  2.25702E-04  2.25702E-04  2.25702E-04
   15808   3  1.01297E-01  1.01297E-01  1.01297E-01  1.01297E-01  1.01297E-01  1.01297E-01  1.01297E-01  1.01297E-01  1.01297E-01  1.01297E-01  1.01297E-01  1.01297E-01  1.01297E-01  1.01297E-01  1.01297E-01  1.01297E-01  1.01297E-01  1.01297E-01  1.01297E-01  1.01297E-01  1.01297E-01  1.01297E-01  1.01297E-01  1.01297E-01
   16524   3  8.16585E-04  8.16585E-04  8.16585E-04  8.16585E-04  8.16585E-04  8.16585E-04  8.16585E-04  8.16585E-04  8.16585E-04  8.16585E-04  8.16585E-04  8.16585E-04  8.16585E-04  8.16585E-04  8.16585E-04  8.16585E-04  8.16585E-04  8.16585E-04  8.16585E-04  8.16585E-04  8.16585E-04  8.16585E-04  8.16585E-04  8.16585E-04
   14756   5  0.00000E+00  0.00000E+00  0.00000E+00  0.00000E+00  0.00000E+00  0.00000E+00  0.00000E+00  0.00000E+00  0.00000E+00  0.00000E+00  0.00000E+00  0.00000E+00  0.00000E+00  0.00000E+00  0.00000E+00  0.00000E+00  0.00000E+00  0.00000E+00  0.00000E+00  0.00000E+00  0.00000E+00  0.00000E+00  0.00000E+00  0.00000E+00
   14756   4  5.53134E-06  5.53134E-06  5.53134E-06  5.53134E-06  5.53134E-06  5.53134E-06  5.53134E-06  5.53134E-06  5.53134E-06  5.53134E-06  5.53134E-06  5.53134E-06  5.53134E-06  5.53134E-06  5.53134E-06  5.53134E-06  5.53134E-06  5.53134E-06  5.53134E-06  5.53134E-06  5.53134E-06  5.53134E-06  5.53134E-06  5.53134E-06
   14756   3  5.51719E-02  5.51719E-02  5.51719E-02  5.51719E-02  5.51719E-02  5.51719E-02  5.51719E-02  5.51719E-02  5.51719E-02  5.51719E-02  5.51719E-02  5.51719E-02  5.51719E-02  5.51719E-02  5.51719E-02  5.51719E-02  5.51719E-02  5.51719E-02  5.51719E-02  5.51719E-02  5.51719E-02  5.51719E-02  5.51719E-02  5.51719E-02
   14756   1  0.00000E+00  0.00000E+00  0.00000E+00  0.00000E+00  0.00000E+00  0.00000E+00  0.00000E+00  0.00000E+00  0.00000E+00  0.00000E+00  0.00000E+00  0.00000E+00  0.00000E+00  0.00000E+00  0.00000E+00  0.00000E+00  0.00000E+00  0.00000E+00  0.00000E+00  0.00000E+00  0.00000E+00  0.00000E+00  0.00000E+00  0.00000E+00
   14756   2  0.00000E+00  0.00000E+00  0.00000E+00  0.00000E+00  0.00000E+00  0.00000E+00  0.00000E+00  0.00000E+00  0.00000E+00  0.00000E+00  0.00000E+00  0.00000E+00  0.00000E+00  0.00000E+00  0.00000E+00  0.00000E+00  0.00000E+00  0.00000E+00  0.00000E+00  0.00000E+00  0.00000E+00  0.00000E+00  0.00000E+00  0.00000E+00
   14756   7  0.00000E+00  0.00000E+00  0.00000E+00  0.00000E+00  0.00000E+00  0.00000E+00  0.00000E+00  0.00000E+00  0.00000E+00  0.00000E+00  0.00000E+00  0.00000E+00  0.00000E+00  0.00000E+00  0.00000E+00  0.00000E+00  0.00000E+00  0.00000E+00  0.00000E+00  0.00000E+00  0.00000E+00  0.00000E+00  0.00000E+00  0.00000E+00
   15810   3  8.91932E-04  8.91932E-04  8.91932E-04  8.91932E-04  8.91932E-04  8.91932E-04  8.91932E-04  8.91932E-04  8.91932E-04  8.91932E-04  8.91932E-04  8.91932E-04  8.91932E-04  8.91932E-04  8.91932E-04  8.91932E-04  8.91932E-04  8.91932E-04  8.91932E-04  8.91932E-04  8.91932E-04  8.91932E-04  8.91932E-04  8.91932E-04
   16516   3  2.37115E-04  2.37115E-04  2.37115E-04  2.37115E-04  2.37115E-04  2.37115E-04  2.37115E-04  2.37115E-04  2.37115E-04  2.37115E-04  2.37115E-04  2.37115E-04  2.37115E-04  2.37115E-04  2.37115E-04  2.37115E-04  2.37115E-04  2.37115E-04  2.37115E-04  2.37115E-04  2.37115E-04  2.37115E-04  2.37115E-04  2.37115E-04
   16161   3  8.55066E-05  8.55066E-05  8.55066E-05  8.55066E-05  8.55066E-05  8.55066E-05  8.55066E-05  8.55066E-05  8.55066E-05  8.55066E-05  8.55066E-05  8.55066E-05  8.55066E-05  8.55066E-05  8.55066E-05  8.55066E-05  8.55066E-05  8.55066E-05  8.55066E-05  8.55066E-05  8.55066E-05  8.55066E-05  8.55066E-05  8.55066E-05
   16162   3  1.80954E-01  1.80954E-01  1.80954E-01  1.80954E-01  1.80954E-01  1.80954E-01  1.80954E-01  1.80954E-01  1.80954E-01  1.80954E-01  1.80954E-01  1.80954E-01  1.80954E-01  1.80954E-01  1.80954E-01  1.80954E-01  1.80954E-01  1.80954E-01  1.80954E-01  1.80954E-01  1.80954E-01  1.80954E-01  1.80954E-01  1.80954E-01
   15105   3  5.65059E-01  5.65059E-01  5.65059E-01  5.65059E-01  5.65059E-01  5.65059E-01  5.65059E-01  5.65059E-01  5.65059E-01  5.65059E-01  5.65059E-01  5.65059E-01  5.65059E-01  5.65059E-01  5.65059E-01  5.65059E-01  5.65059E-01  5.65059E-01  5.65059E-01  5.65059E-01  5.65059E-01  5.65059E-01  5.65059E-01  5.65059E-01
   15104   3  1.87826E-03  1.87826E-03  1.87826E-03  1.87826E-03  1.87826E-03  1.87826E-03  1.87826E-03  1.87826E-03  1.87826E-03  1.87826E-03  1.87826E-03  1.87826E-03  1.87826E-03  1.87826E-03  1.87826E-03  1.87826E-03  1.87826E-03  1.87826E-03  1.87826E-03  1.87826E-03  1.87826E-03  1.87826E-03  1.87826E-03  1.87826E-03
   13688   3  2.79367E-01  2.79367E-01  2.79367E-01  2.79367E-01  2.79367E-01  2.79367E-01  2.79367E-01  2.79367E-01  2.79367E-01  2.79367E-01  2.79367E-01  2.79367E-01  2.79367E-01  2.79367E-01  2.79367E-01  2.79367E-01  2.79367E-01  2.79367E-01  2.79367E-01  2.79367E-01  2.79367E-01  2.79367E-01  2.79367E-01  2.79367E-01
   13688   4  1.69119E-02  1.69119E-02  1.69119E-02  1.69119E-02  1.69119E-02  1.69119E-02  1.69119E-02  1.69119E-02  1.69119E-02  1.69119E-02  1.69119E-02  1.69119E-02  1.69119E-02  1.69119E-02  1.69119E-02  1.69119E-02  1.69119E-02  1.69119E-02  1.69119E-02  1.69119E-02  1.69119E-02  1.69119E-02  1.69119E-02  1.69119E-02
   14743   3  2.13739E-05  2.13739E-05  2.13739E-05  2.13739E-05  2.13739E-05  2.13739E-05  2.13739E-05  2.13739E-05  2.13739E-05  2.13739E-05  2.13739E-05  2.13739E-05  2.13739E-05  2.13739E-05  2.13739E-05  2.13739E-05  2.13739E-05  2.13739E-05  2.13739E-05  2.13739E-05  2.13739E-05  2.13739E-05  2.13739E-05  2.13739E-05
   15813   3  4.22008E-02  4.22008E-02  4.22008E-02  4.22008E-02  4.22008E-02  4.22008E-02  4.22008E-02  4.22008E-02  4.22008E-02  4.22008E-02  4.22008E-02  4.22008E-02  4.22008E-02  4.22008E-02  4.22008E-02  4.22008E-02  4.22008E-02  4.22008E-02  4.22008E-02  4.22008E-02  4.22008E-02  4.22008E-02  4.22008E-02  4.22008E-02
   14408   4  3.01767E-05  3.01767E-05  3.01767E-05  3.01767E-05  3.01767E-05  3.01767E-05  3.01767E-05  3.01767E-05  3.01767E-05  3.01767E-05  3.01767E-05  3.01767E-05  3.01767E-05  3.01767E-05  3.01767E-05  3.01767E-05  3.01767E-05  3.01767E-05  3.01767E-05  3.01767E-05  3.01767E-05  3.01767E-05  3.01767E-05  3.01767E-05
   14053   3  3.27442E-05  3.27442E-05  3.27442E-05  3.27442E-05  3.27442E-05  3.27442E-05  3.27442E-05  3.27442E-05  3.27442E-05  3.27442E-05  3.27442E-05  3.27442E-05  3.27442E-05  3.27442E-05  3.27442E-05  3.27442E-05  3.27442E-05  3.27442E-05  3.27442E-05  3.27442E-05  3.27442E-05  3.27442E-05  3.27442E-05  3.27442E-05
   14408   3  3.45741E-04  3.45741E-04  3.45741E-04  3.45741E-04  3.45741E-04  3.45741E-04  3.45741E-04  3.45741E-04  3.45741E-04  3.45741E-04  3.45741E-04  3.45741E-04  3.45741E-04  3.45741E-04  3.45741E-04  3.45741E-04  3.45741E-04  3.45741E-04  3.45741E-04  3.45741E-04  3.45741E-04  3.45741E-04  3.45741E-04  3.45741E-04
   15469   3  1.12386E-03  1.12386E-03  1.12386E-03  1.12386E-03  1.12386E-03  1.12386E-03  1.12386E-03  1.12386E-03  1.12386E-03  1.12386E-03  1.12386E-03  1.12386E-03  1.12386E-03  1.12386E-03  1.12386E-03  1.12386E-03  1.12386E-03  1.12386E-03  1.12386E-03  1.12386E-03  1.12386E-03  1.12386E-03  1.12386E-03  1.12386E-03
   14761   3  0.00000E+00  0.00000E+00  0.00000E+00  0.00000E+00  0.00000E+00  0.00000E+00  0.00000E+00  0.00000E+00  0.00000E+00  0.00000E+00  0.00000E+00  0.00000E+00  0.00000E+00  0.00000E+00  0.00000E+00  0.00000E+00  0.00000E+00  0.00000E+00  0.00000E+00  0.00000E+00  0.00000E+00  0.00000E+00  0.00000E+00  0.00000E+00
   14763   2  0.00000E+00  0.00000E+00  0.00000E+00  0.00000E+00  0.00000E+00  0.00000E+00  0.00000E+00  0.00000E+00  0.00000E+00  0.00000E+00  0.00000E+00  0.00000E+00  0.00000E+00  0.00000E+00  0.00000E+00  0.00000E+00  0.00000E+00  0.00000E+00  0.00000E+00  0.00000E+00  0.00000E+00  0.00000E+00  0.00000E+00  0.00000E+00
   14763   3  0.00000E+00  0.00000E+00  0.00000E+00  0.00000E+00  0.00000E+00  0.00000E+00  0.00000E+00  0.00000E+00  0.00000E+00  0.00000E+00  0.00000E+00  0.00000E+00  0.00000E+00  0.00000E+00  0.00000E+00  0.00000E+00  0.00000E+00  0.00000E+00  0.00000E+00  0.00000E+00  0.00000E+00  0.00000E+00  0.00000E+00  0.00000E+00
   12640   3  0.00000E+00  0.00000E+00  0.00000E+00  0.00000E+00  0.00000E+00  0.00000E+00  0.00000E+00  0.00000E+00  0.00000E+00  0.00000E+00  0.00000E+00  0.00000E+00  0.00000E+00  0.00000E+00  0.00000E+00  0.00000E+00  0.00000E+00  0.00000E+00  0.00000E+00  0.00000E+00  0.00000E+00  0.00000E+00  0.00000E+00  0.00000E+00
   12657   2  0.00000E+00  0.00000E+00  0.00000E+00  0.00000E+00  0.00000E+00  0.00000E+00  0.00000E+00  0.00000E+00  0.00000E+00  0.00000E+00  0.00000E+00  0.00000E+00  0.00000E+00  0.00000E+00  0.00000E+00  0.00000E+00  0.00000E+00  0.00000E+00  0.00000E+00  0.00000E+00  0.00000E+00  0.00000E+00  0.00000E+00  0.00000E+00
   19635   3  0.00000E+00  0.00000E+00  0.00000E+00  0.00000E+00  0.00000E+00  0.00000E+00  0.00000E+00  0.00000E+00  0.00000E+00  0.00000E+00  0.00000E+00  0.00000E+00  0.00000E+00  0.00000E+00  0.00000E+00  0.00000E+00  0.00000E+00  0.00000E+00  0.00000E+00  0.00000E+00  0.00000E+00  0.00000E+00  0.00000E+00  0.00000E+00
   19635   4  1.61512E-05  1.61512E-05  1.61512E-05  1.61512E-05  1.61512E-05  1.61512E-05  1.61512E-05  1.61512E-05  1.61512E-05  1.61512E-05  1.61512E-05  1.61512E-05  1.61512E-05  1.61512E-05  1.61512E-05  1.61512E-05  1.61512E-05  1.61512E-05  1.61512E-05  1.61512E-05  1.61512E-05  1.61512E-05  1.61512E-05  1.61512E-05
   20341   3  6.19269E-05  6.19269E-05  6.19269E-05  6.19269E-05  6.19269E-05  6.19269E-05  6.19269E-05  6.19269E-05  6.19269E-05  6.19269E-05  6.19269E-05  6.19269E-05  6.19269E-05  6.19269E-05  6.19269E-05  6.19269E-05  6.19269E-05  6.19269E-05  6.19269E-05  6.19269E-05  6.19269E-05  6.19269E-05  6.19269E-05  6.19269E-05
   20337   3  0.00000E+00  0.00000E+00  0.00000E+00  0.00000E+00  0.00000E+00  0.00000E+00  0.00000E+00  0.00000E+00  0.00000E+00  0.00000E+00  0.00000E+00  0.00000E+00  0.00000E+00  0.00000E+00  0.00000E+00  0.00000E+00  0.00000E+00  0.00000E+00  0.00000E+00  0.00000E+00  0.00000E+00  0.00000E+00  0.00000E+00  0.00000E+00
   20337   4  4.41662E-06  4.41662E-06  4.41662E-06  4.41662E-06  4.41662E-06  4.41662E-06  4.41662E-06  4.41662E-06  4.41662E-06  4.41662E-06  4.41662E-06  4.41662E-06  4.41662E-06  4.41662E-06  4.41662E-06  4.41662E-06  4.41662E-06  4.41662E-06  4.41662E-06  4.41662E-06  4.41662E-06  4.41662E-06  4.41662E-06  4.41662E-06
   19641   4  1.46583E-05  1.46583E-05  1.46583E-05  1.46583E-05  1.46583E-05  1.46583E-05  1.46583E-05  1.46583E-05  1.46583E-05  1.46583E-05  1.46583E-05  1.46583E-05  1.46583E-05  1.46583E-05  1.46583E-05  1.46583E-05  1.46583E-05  1.46583E-05  1.46583E-05  1.46583E-05  1.46583E-05  1.46583E-05  1.46583E-05  1.46583E-05
   19283   4  2.13301E-05  2.13301E-05  2.13301E-05  2.13301E-05  2.13301E-05  2.13301E-05  2.13301E-05  2.13301E-05  2.13301E-05  2.13301E-05  2.13301E-05  2.13301E-05  2.13301E-05  2.13301E-05  2.13301E-05  2.13301E-05  2.13301E-05  2.13301E-05  2.13301E-05  2.13301E-05  2.13301E-05  2.13301E-05  2.13301E-05  2.13301E-05
   19638   5  0.00000E+00  0.00000E+00  0.00000E+00  0.00000E+00  0.00000E+00  0.00000E+00  0.00000E+00  0.00000E+00  0.00000E+00  0.00000E+00  0.00000E+00  0.00000E+00  0.00000E+00  0.00000E+00  0.00000E+00  0.00000E+00  0.00000E+00  0.00000E+00  0.00000E+00  0.00000E+00  0.00000E+00  0.00000E+00  0.00000E+00  0.00000E+00
   19633   3  0.00000E+00  0.00000E+00  0.00000E+00  0.00000E+00  0.00000E+00  0.00000E+00  0.00000E+00  0.00000E+00  0.00000E+00  0.00000E+00  0.00000E+00  0.00000E+00  0.00000E+00  0.00000E+00  0.00000E+00  0.00000E+00  0.00000E+00  0.00000E+00  0.00000E+00  0.00000E+00  0.00000E+00  0.00000E+00  0.00000E+00  0.00000E+00
   19633   7  1.25637E-04  1.25637E-04  1.25637E-04  1.25637E-04  1.25637E-04  0.00000E+00  0.00000E+00  0.00000E+00  0.00000E+00  0.00000E+00  0.00000E+00  0.00000E+00  1.25637E-04  1.25637E-04  1.25637E-04  1.25637E-04  1.25637E-04  1.25637E-04  1.25637E-04  1.25637E-04  1.25637E-04  1.25637E-04  1.25637E-04  1.25637E-04
   19633   4  9.99016E-06  9.99016E-06  9.99016E-06  9.99016E-06  9.99016E-06  9.99016E-06  9.99016E-06  9.99016E-06  9.99016E-06  9.99016E-06  9.99016E-06  9.99016E-06  9.99016E-06  9.99016E-06  9.99016E-06  9.99016E-06  9.99016E-06  9.99016E-06  9.99016E-06  9.99016E-06  9.99016E-06  9.99016E-06  9.99016E-06  9.99016E-06
   18930   3  0.00000E+00  0.00000E+00  0.00000E+00  0.00000E+00  0.00000E+00  0.00000E+00  0.00000E+00  0.00000E+00  0.00000E+00  0.00000E+00  0.00000E+00  0.00000E+00  0.00000E+00  0.00000E+00  0.00000E+00  0.00000E+00  0.00000E+00  0.00000E+00  0.00000E+00  0.00000E+00  0.00000E+00  0.00000E+00  0.00000E+00  0.00000E+00
   19636   5  0.00000E+00  0.00000E+00  0.00000E+00  0.00000E+00  0.00000E+00  0.00000E+00  0.00000E+00  0.00000E+00  0.00000E+00  0.00000E+00  0.00000E+00  0.00000E+00  0.00000E+00  0.00000E+00  0.00000E+00  0.00000E+00  0.00000E+00  0.00000E+00  0.00000E+00  0.00000E+00  0.00000E+00  0.00000E+00  0.00000E+00  0.00000E+00
   20343   4  5.25305E-06  5.25305E-06  5.25305E-06  5.25305E-06  5.25305E-06  5.25305E-06  5.25305E-06  5.25305E-06  5.25305E-06  5.25305E-06  5.25305E-06  5.25305E-06  5.25305E-06  5.25305E-06  5.25305E-06  5.25305E-06  5.25305E-06  5.25305E-06  5.25305E-06  5.25305E-06  5.25305E-06  5.25305E-06  5.25305E-06  5.25305E-06
   20343   3  0.00000E+00  0.00000E+00  0.00000E+00  0.00000E+00  0.00000E+00  0.00000E+00  0.00000E+00  0.00000E+00  0.00000E+00  0.00000E+00  0.00000E+00  0.00000E+00  0.00000E+00  0.00000E+00  0.00000E+00  0.00000E+00  0.00000E+00  0.00000E+00  0.00000E+00  0.00000E+00  0.00000E+00  0.00000E+00  0.00000E+00  0.00000E+00
   19282   5  0.00000E+00  0.00000E+00  0.00000E+00  0.00000E+00  0.00000E+00  0.00000E+00  0.00000E+00  0.00000E+00  0.00000E+00  0.00000E+00  0.00000E+00  0.00000E+00  0.00000E+00  0.00000E+00  0.00000E+00  0.00000E+00  0.00000E+00  0.00000E+00  0.00000E+00  0.00000E+00  0.00000E+00  0.00000E+00  0.00000E+00  0.00000E+00
   19282   4  7.17402E-05  7.17402E-05  7.17402E-05  7.17402E-05  7.17402E-05  7.17402E-05  7.17402E-05  7.17402E-05  7.17402E-05  7.17402E-05  7.17402E-05  7.17402E-05  7.17402E-05  7.17402E-05  7.17402E-05  7.17402E-05  7.17402E-05  7.17402E-05  7.17402E-05  7.17402E-05  7.17402E-05  7.17402E-05  7.17402E-05  7.17402E-05
   19282   3  0.00000E+00  0.00000E+00  0.00000E+00  0.00000E+00  0.00000E+00  0.00000E+00  0.00000E+00  0.00000E+00  0.00000E+00  0.00000E+00  0.00000E+00  0.00000E+00  0.00000E+00  0.00000E+00  0.00000E+00  0.00000E+00  0.00000E+00  0.00000E+00  0.00000E+00  0.00000E+00  0.00000E+00  0.00000E+00  0.00000E+00  0.00000E+00
   19990   3  9.90124E-06  9.90124E-06  9.90124E-06  9.90124E-06  9.90124E-06  9.90124E-06  9.90124E-06  9.90124E-06  9.90124E-06  9.90124E-06  9.90124E-06  9.90124E-06  9.90124E-06  9.90124E-06  9.90124E-06  9.90124E-06  9.90124E-06  9.90124E-06  9.90124E-06  9.90124E-06  9.90124E-06  9.90124E-06  9.90124E-06  9.90124E-06
   19990   4  5.48044E-05  5.48044E-05  5.48044E-05  5.48044E-05  5.48044E-05  5.48044E-05  5.48044E-05  5.48044E-05  5.48044E-05  5.48044E-05  5.48044E-05  5.48044E-05  5.48044E-05  5.48044E-05  5.48044E-05  5.48044E-05  5.48044E-05  5.48044E-05  5.48044E-05  5.48044E-05  5.48044E-05  5.48044E-05  5.48044E-05  5.48044E-05
   18929   3  0.00000E+00  0.00000E+00  0.00000E+00  0.00000E+00  0.00000E+00  0.00000E+00  0.00000E+00  0.00000E+00  0.00000E+00  0.00000E+00  0.00000E+00  0.00000E+00  0.00000E+00  2.93382E-05  2.93382E-05  2.93382E-05  2.93382E-05  2.93382E-05  2.93382E-05  2.93382E-05  2.93382E-05  0.00000E+00  0.00000E+00  0.00000E+00
   18929   4  6.38504E-05  6.38504E-05  6.38504E-05  6.38504E-05  6.38504E-05  6.38504E-05  6.38504E-05  6.38504E-05  6.38504E-05  6.38504E-05  6.38504E-05  6.38504E-05  6.38504E-05  1.04312E-04  1.04312E-04  1.04312E-04  1.04312E-04  1.04312E-04  1.04312E-04  1.04312E-04  1.04312E-04  6.38504E-05  6.38504E-05  6.38504E-05
   19281   4  1.05087E-05  1.05087E-05  1.05087E-05  1.05087E-05  1.05087E-05  1.05087E-05  1.05087E-05  1.05087E-05  1.05087E-05  1.05087E-05  1.05087E-05  1.05087E-05  1.05087E-05  1.05087E-05  1.05087E-05  1.05087E-05  1.05087E-05  1.05087E-05  1.05087E-05  1.05087E-05  1.05087E-05  1.05087E-05  1.05087E-05  1.05087E-05
   19637   3  7.24909E-05  7.24909E-05  7.24909E-05  7.24909E-05  7.24909E-05  7.24909E-05  7.24909E-05  7.24909E-05  7.24909E-05  7.24909E-05  7.24909E-05  7.24909E-05  7.24909E-05  7.24909E-05  7.24909E-05  7.24909E-05  7.24909E-05  7.24909E-05  7.24909E-05  7.24909E-05  7.24909E-05  7.24909E-05  7.24909E-05  7.24909E-05
   17533   4  5.03631E-04  5.03631E-04  5.03631E-04  5.03631E-04  5.03631E-04  5.03631E-04  5.03631E-04  5.03631E-04  5.03631E-04  5.03631E-04  5.03631E-04  5.03631E-04  5.03631E-04  5.03631E-04  5.03631E-04  5.03631E-04  5.03631E-04  5.03631E-04  5.03631E-04  5.03631E-04  5.03631E-04  5.03631E-04  5.03631E-04  5.03631E-04
   17533   3  0.00000E+00  0.00000E+00  0.00000E+00  0.00000E+00  0.00000E+00  0.00000E+00  0.00000E+00  0.00000E+00  0.00000E+00  0.00000E+00  0.00000E+00  0.00000E+00  0.00000E+00  5.53648E-05  5.53648E-05  5.53648E-05  5.53648E-05  5.53648E-05  5.53648E-05  5.53648E-05  5.53648E-05  0.00000E+00  0.00000E+00  0.00000E+00
   19657   3  0.00000E+00  0.00000E+00  0.00000E+00  0.00000E+00  0.00000E+00  0.00000E+00  0.00000E+00  0.00000E+00  0.00000E+00  0.00000E+00  0.00000E+00  0.00000E+00  0.00000E+00  0.00000E+00  0.00000E+00  0.00000E+00  0.00000E+00  0.00000E+00  0.00000E+00  0.00000E+00  0.00000E+00  0.00000E+00  0.00000E+00  0.00000E+00
   19657   2  0.00000E+00  0.00000E+00  0.00000E+00  0.00000E+00  0.00000E+00  0.00000E+00  0.00000E+00  0.00000E+00  0.00000E+00  0.00000E+00  0.00000E+00  0.00000E+00  0.00000E+00  0.00000E+00  0.00000E+00  0.00000E+00  0.00000E+00  0.00000E+00  0.00000E+00  0.00000E+00  0.00000E+00  0.00000E+00  0.00000E+00  0.00000E+00
   17887   3  0.00000E+00  0.00000E+00  0.00000E+00  0.00000E+00  0.00000E+00  0.00000E+00  0.00000E+00  0.00000E+00  0.00000E+00  0.00000E+00  0.00000E+00  0.00000E+00  0.00000E+00  0.00000E+00  0.00000E+00  0.00000E+00  0.00000E+00  0.00000E+00  0.00000E+00  0.00000E+00  0.00000E+00  0.00000E+00  0.00000E+00  0.00000E+00
   20356   4  1.17197E-05  1.17197E-05  1.17197E-05  1.17197E-05  1.17197E-05  1.17197E-05  1.17197E-05  1.17197E-05  1.17197E-05  1.17197E-05  1.17197E-05  1.17197E-05  1.17197E-05  1.17197E-05  1.17197E-05  1.17197E-05  1.17197E-05  1.17197E-05  1.17197E-05  1.17197E-05  1.17197E-05  1.17197E-05  1.17197E-05  1.17197E-05
   20356   3  0.00000E+00  0.00000E+00  0.00000E+00  0.00000E+00  0.00000E+00  0.00000E+00  0.00000E+00  0.00000E+00  0.00000E+00  0.00000E+00  0.00000E+00  0.00000E+00  0.00000E+00  0.00000E+00  0.00000E+00  0.00000E+00  0.00000E+00  0.00000E+00  0.00000E+00  0.00000E+00  0.00000E+00  0.00000E+00  0.00000E+00  0.00000E+00
   20356   2  0.00000E+00  0.00000E+00  0.00000E+00  0.00000E+00  0.00000E+00  0.00000E+00  0.00000E+00  0.00000E+00  0.00000E+00  0.00000E+00  0.00000E+00  0.00000E+00  0.00000E+00  0.00000E+00  0.00000E+00  0.00000E+00  0.00000E+00  0.00000E+00  0.00000E+00  0.00000E+00  0.00000E+00  0.00000E+00  0.00000E+00  0.00000E+00
   15091   3  1.01986E-03  1.01986E-03  1.01986E-03  1.01986E-03  1.01986E-03  9.96087E-04  9.96087E-04  9.96087E-04  9.96087E-04  9.96087E-04  9.96087E-04  9.96087E-04  9.96087E-04  1.12173E-03  1.12173E-03  1.12173E-03  1.12173E-03  1.12173E-03  1.12173E-03  1.12173E-03  1.12173E-03  1.01986E-03  1.01986E-03  1.01986E-03
   15091   4  1.00641E-01  1.00641E-01  1.00641E-01  1.00641E-01  1.00641E-01  1.00641E-01  1.00641E-01  1.00641E-01  1.00641E-01  1.00641E-01  1.00641E-01  1.00641E-01  1.00641E-01  1.00641E-01  1.00641E-01  1.00641E-01  1.00641E-01  1.00641E-01  1.00641E-01  1.00641E-01  1.00641E-01  1.00641E-01  1.00641E-01  1.00641E-01
   15091   2  8.19591E-05  8.19591E-05  8.19591E-05  8.19591E-05  8.19591E-05  8.19591E-05  8.19591E-05  8.19591E-05  8.19591E-05  8.19591E-05  8.19591E-05  8.19591E-05  8.19591E-05  8.19591E-05  8.19591E-05  8.19591E-05  8.19591E-05  8.19591E-05  8.19591E-05  8.19591E-05  8.19591E-05  8.19591E-05  8.19591E-05  8.19591E-05
   15092   4  2.01804E-04  2.01804E-04  2.01804E-04  2.01804E-04  2.01804E-04  2.01804E-04  2.01804E-04  2.01804E-04  2.01804E-04  2.01804E-04  2.01804E-04  2.01804E-04  2.01804E-04  2.01804E-04  2.01804E-04  2.01804E-04  2.01804E-04  2.01804E-04  2.01804E-04  2.01804E-04  2.01804E-04  2.01804E-04  2.01804E-04  2.01804E-04
   15091   7  0.00000E+00  0.00000E+00  0.00000E+00  0.00000E+00  0.00000E+00  0.00000E+00  0.00000E+00  0.00000E+00  0.00000E+00  0.00000E+00  0.00000E+00  0.00000E+00  0.00000E+00  0.00000E+00  0.00000E+00  0.00000E+00  0.00000E+00  0.00000E+00  0.00000E+00  0.00000E+00  0.00000E+00  0.00000E+00  0.00000E+00  0.00000E+00
   15092   1  1.59349E-03  1.59349E-03  1.59349E-03  1.59349E-03  1.59349E-03  1.59349E-03  1.59349E-03  1.59349E-03  1.59349E-03  1.59349E-03  1.59349E-03  1.59349E-03  1.59349E-03  1.59349E-03  1.59349E-03  1.59349E-03  1.59349E-03  1.59349E-03  1.59349E-03  1.59349E-03  1.59349E-03  1.59349E-03  1.59349E-03  1.59349E-03
   15092   3  0.00000E+00  0.00000E+00  0.00000E+00  0.00000E+00  0.00000E+00  0.00000E+00  0.00000E+00  0.00000E+00  0.00000E+00  0.00000E+00  0.00000E+00  0.00000E+00  0.00000E+00  0.00000E+00  0.00000E+00  0.00000E+00  0.00000E+00  0.00000E+00  0.00000E+00  0.00000E+00  0.00000E+00  0.00000E+00  0.00000E+00  0.00000E+00
   15092   2  0.00000E+00  0.00000E+00  0.00000E+00  0.00000E+00  0.00000E+00  0.00000E+00  0.00000E+00  0.00000E+00  0.00000E+00  0.00000E+00  0.00000E+00  0.00000E+00  0.00000E+00  0.00000E+00  0.00000E+00  0.00000E+00  0.00000E+00  0.00000E+00  0.00000E+00  0.00000E+00  0.00000E+00  0.00000E+00  0.00000E+00  0.00000E+00
   14738   4  0.00000E+00  0.00000E+00  0.00000E+00  0.00000E+00  0.00000E+00  0.00000E+00  0.00000E+00  0.00000E+00  0.00000E+00  0.00000E+00  0.00000E+00  0.00000E+00  0.00000E+00  0.00000E+00  0.00000E+00  0.00000E+00  0.00000E+00  0.00000E+00  0.00000E+00  0.00000E+00  0.00000E+00  0.00000E+00  0.00000E+00  0.00000E+00
   17885   3  0.00000E+00  0.00000E+00  0.00000E+00  0.00000E+00  0.00000E+00  0.00000E+00  0.00000E+00  0.00000E+00  0.00000E+00  0.00000E+00  0.00000E+00  0.00000E+00  0.00000E+00  1.57723E-03  1.57723E-03  1.57723E-03  1.57723E-03  1.57723E-03  1.57723E-03  1.57723E-03  1.57723E-03  0.00000E+00  0.00000E+00  0.00000E+00
   17885   4  3.83354E-06  3.83354E-06  3.83354E-06  3.83354E-06  3.83354E-06  3.83354E-06  3.83354E-06  3.83354E-06  3.83354E-06  3.83354E-06  3.83354E-06  3.83354E-06  3.83354E-06  3.83354E-06  3.83354E-06  3.83354E-06  3.83354E-06  3.83354E-06  3.83354E-06  3.83354E-06  3.83354E-06  3.83354E-06  3.83354E-06  3.83354E-06
   18238   4  0.00000E+00  0.00000E+00  0.00000E+00  0.00000E+00  0.00000E+00  0.00000E+00  0.00000E+00  0.00000E+00  0.00000E+00  0.00000E+00  0.00000E+00  0.00000E+00  0.00000E+00  0.00000E+00  0.00000E+00  0.00000E+00  0.00000E+00  0.00000E+00  0.00000E+00  0.00000E+00  0.00000E+00  0.00000E+00  0.00000E+00  0.00000E+00
   15426   3  0.00000E+00  0.00000E+00  0.00000E+00  0.00000E+00  0.00000E+00  0.00000E+00  0.00000E+00  0.00000E+00  0.00000E+00  0.00000E+00  0.00000E+00  0.00000E+00  0.00000E+00  0.00000E+00  0.00000E+00  0.00000E+00  0.00000E+00  0.00000E+00  0.00000E+00  0.00000E+00  0.00000E+00  0.00000E+00  0.00000E+00  0.00000E+00
   14383   3  5.92950E-05  5.92950E-05  5.92950E-05  5.92950E-05  5.92950E-05  5.92950E-05  5.92950E-05  5.92950E-05  5.92950E-05  5.92950E-05  5.92950E-05  5.92950E-05  5.92950E-05  5.92950E-05  5.92950E-05  5.92950E-05  5.92950E-05  5.92950E-05  5.92950E-05  5.92950E-05  5.92950E-05  5.92950E-05  5.92950E-05  5.92950E-05
   14736   4  1.41588E-03  1.41588E-03  1.41588E-03  1.41588E-03  1.41588E-03  1.41588E-03  1.41588E-03  1.41588E-03  1.41588E-03  1.41588E-03  1.41588E-03  1.41588E-03  1.41588E-03  1.43003E-03  1.43003E-03  1.43003E-03  1.43003E-03  1.43003E-03  1.43003E-03  1.43003E-03  1.43003E-03  1.41588E-03  1.41588E-03  1.41588E-03
   14383   4  1.46517E-02  1.46517E-02  1.46517E-02  1.46517E-02  1.46517E-02  1.46517E-02  1.46517E-02  1.46517E-02  1.46517E-02  1.46517E-02  1.46517E-02  1.46517E-02  1.46517E-02  1.46517E-02  1.46517E-02  1.46517E-02  1.46517E-02  1.46517E-02  1.46517E-02  1.46517E-02  1.46517E-02  1.46517E-02  1.46517E-02  1.46517E-02
   14383   2  1.06731E-03  1.06731E-03  1.06731E-03  1.06731E-03  1.06731E-03  1.06731E-03  1.06731E-03  1.06731E-03  1.06731E-03  1.06731E-03  1.06731E-03  1.06731E-03  1.06731E-03  1.06731E-03  1.06731E-03  1.06731E-03  1.06731E-03  1.06731E-03  1.06731E-03  1.06731E-03  1.06731E-03  1.06731E-03  1.06731E-03  1.06731E-03
   14383   1  0.00000E+00  0.00000E+00  0.00000E+00  0.00000E+00  0.00000E+00  0.00000E+00  0.00000E+00  0.00000E+00  0.00000E+00  0.00000E+00  0.00000E+00  0.00000E+00  0.00000E+00  0.00000E+00  0.00000E+00  0.00000E+00  0.00000E+00  0.00000E+00  0.00000E+00  0.00000E+00  0.00000E+00  0.00000E+00  0.00000E+00  0.00000E+00
   17892   3  7.36014E-05  7.36014E-05  7.36014E-05  7.36014E-05  7.36014E-05  7.36014E-05  7.36014E-05  7.36014E-05  7.36014E-05  7.36014E-05  7.36014E-05  7.36014E-05  7.36014E-05  7.36014E-05  7.36014E-05  7.36014E-05  7.36014E-05  7.36014E-05  7.36014E-05  7.36014E-05  7.36014E-05  7.36014E-05  7.36014E-05  7.36014E-05
   17180   3  0.00000E+00  0.00000E+00  0.00000E+00  0.00000E+00  0.00000E+00  0.00000E+00  0.00000E+00  0.00000E+00  0.00000E+00  0.00000E+00  0.00000E+00  0.00000E+00  0.00000E+00  0.00000E+00  0.00000E+00  0.00000E+00  0.00000E+00  0.00000E+00  0.00000E+00  0.00000E+00  0.00000E+00  0.00000E+00  0.00000E+00  0.00000E+00
   17180   2  0.00000E+00  0.00000E+00  0.00000E+00  0.00000E+00  0.00000E+00  0.00000E+00  0.00000E+00  0.00000E+00  0.00000E+00  0.00000E+00  0.00000E+00  0.00000E+00  0.00000E+00  0.00000E+00  0.00000E+00  0.00000E+00  0.00000E+00  0.00000E+00  0.00000E+00  0.00000E+00  0.00000E+00  0.00000E+00  0.00000E+00  0.00000E+00
   17182   3  0.00000E+00  0.00000E+00  0.00000E+00  0.00000E+00  0.00000E+00  0.00000E+00  0.00000E+00  0.00000E+00  0.00000E+00  0.00000E+00  0.00000E+00  0.00000E+00  0.00000E+00  0.00000E+00  0.00000E+00  0.00000E+00  0.00000E+00  0.00000E+00  0.00000E+00  0.00000E+00  0.00000E+00  0.00000E+00  0.00000E+00  0.00000E+00
   14735   3  2.80641E-05  2.80641E-05  2.80641E-05  2.80641E-05  2.80641E-05  0.00000E+00  0.00000E+00  0.00000E+00  0.00000E+00  0.00000E+00  0.00000E+00  0.00000E+00  0.00000E+00  2.80641E-05  2.80641E-05  2.80641E-05  2.80641E-05  2.80641E-05  2.80641E-05  2.80641E-05  2.80641E-05  2.80641E-05  2.80641E-05  2.80641E-05
   17884   4  1.17681E-07  1.17681E-07  1.17681E-07  1.17681E-07  1.17681E-07  1.17681E-07  1.17681E-07  1.17681E-07  1.17681E-07  1.17681E-07  1.17681E-07  1.17681E-07  1.17681E-07  1.17681E-07  1.17681E-07  1.17681E-07  1.17681E-07  1.17681E-07  1.17681E-07  1.17681E-07  1.17681E-07  1.17681E-07  1.17681E-07  1.17681E-07
   18944   3  0.00000E+00  0.00000E+00  0.00000E+00  0.00000E+00  0.00000E+00  0.00000E+00  0.00000E+00  0.00000E+00  0.00000E+00  0.00000E+00  0.00000E+00  0.00000E+00  0.00000E+00  0.00000E+00  0.00000E+00  0.00000E+00  0.00000E+00  0.00000E+00  0.00000E+00  0.00000E+00  0.00000E+00  0.00000E+00  0.00000E+00  0.00000E+00
   15082   3  0.00000E+00  0.00000E+00  0.00000E+00  0.00000E+00  0.00000E+00  0.00000E+00  0.00000E+00  0.00000E+00  0.00000E+00  0.00000E+00  0.00000E+00  0.00000E+00  0.00000E+00  0.00000E+00  0.00000E+00  0.00000E+00  0.00000E+00  0.00000E+00  0.00000E+00  0.00000E+00  0.00000E+00  0.00000E+00  0.00000E+00  0.00000E+00
   15082   2  0.00000E+00  0.00000E+00  0.00000E+00  0.00000E+00  0.00000E+00  0.00000E+00  0.00000E+00  0.00000E+00  0.00000E+00  0.00000E+00  0.00000E+00  0.00000E+00  0.00000E+00  0.00000E+00  0.00000E+00  0.00000E+00  0.00000E+00  0.00000E+00  0.00000E+00  0.00000E+00  0.00000E+00  0.00000E+00  0.00000E+00  0.00000E+00
   14385   3  2.39435E-05  2.39435E-05  2.39435E-05  2.39435E-05  2.39435E-05  0.00000E+00  0.00000E+00  0.00000E+00  0.00000E+00  0.00000E+00  0.00000E+00  0.00000E+00  0.00000E+00  2.39435E-05  2.39435E-05  2.39435E-05  2.39435E-05  2.39435E-05  2.39435E-05  2.39435E-05  2.39435E-05  2.39435E-05  2.39435E-05  2.39435E-05
   14385   4  1.31489E-04  1.31489E-04  1.31489E-04  1.31489E-04  1.31489E-04  1.31489E-04  1.31489E-04  1.31489E-04  1.31489E-04  1.31489E-04  1.31489E-04  1.31489E-04  1.31489E-04  1.31489E-04  1.31489E-04  1.31489E-04  1.31489E-04  1.31489E-04  1.31489E-04  1.31489E-04  1.31489E-04  1.31489E-04  1.31489E-04  1.31489E-04
   17531   4  7.70060E-04  7.70060E-04  7.70060E-04  7.70060E-04  7.70060E-04  7.70060E-04  7.70060E-04  7.70060E-04  7.70060E-04  7.70060E-04  7.70060E-04  7.70060E-04  7.70060E-04  7.70060E-04  7.70060E-04  7.70060E-04  7.70060E-04  7.70060E-04  7.70060E-04  7.70060E-04  7.70060E-04  7.70060E-04  7.70060E-04  7.70060E-04
   17531   3  0.00000E+00  0.00000E+00  0.00000E+00  0.00000E+00  0.00000E+00  0.00000E+00  0.00000E+00  0.00000E+00  0.00000E+00  0.00000E+00  0.00000E+00  0.00000E+00  0.00000E+00  2.18692E-03  2.18692E-03  2.18692E-03  2.18692E-03  2.18692E-03  2.18692E-03  2.18692E-03  2.18692E-03  0.00000E+00  0.00000E+00  0.00000E+00
   17531   5  0.00000E+00  0.00000E+00  0.00000E+00  0.00000E+00  0.00000E+00  0.00000E+00  0.00000E+00  0.00000E+00  0.00000E+00  0.00000E+00  0.00000E+00  0.00000E+00  0.00000E+00  0.00000E+00  0.00000E+00  0.00000E+00  0.00000E+00  0.00000E+00  0.00000E+00  0.00000E+00  0.00000E+00  0.00000E+00  0.00000E+00  0.00000E+00
   17531   2  0.00000E+00  0.00000E+00  0.00000E+00  0.00000E+00  0.00000E+00  0.00000E+00  0.00000E+00  0.00000E+00  0.00000E+00  0.00000E+00  0.00000E+00  0.00000E+00  0.00000E+00  0.00000E+00  0.00000E+00  0.00000E+00  0.00000E+00  0.00000E+00  0.00000E+00  0.00000E+00  0.00000E+00  0.00000E+00  0.00000E+00  0.00000E+00
   17531   7  0.00000E+00  0.00000E+00  0.00000E+00  0.00000E+00  0.00000E+00  0.00000E+00  0.00000E+00  0.00000E+00  0.00000E+00  0.00000E+00  0.00000E+00  0.00000E+00  0.00000E+00  0.00000E+00  0.00000E+00  0.00000E+00  0.00000E+00  0.00000E+00  0.00000E+00  0.00000E+00  0.00000E+00  0.00000E+00  0.00000E+00  0.00000E+00
   21411   4  7.15726E-06  7.15726E-06  7.15726E-06  7.15726E-06  7.15726E-06  7.15726E-06  7.15726E-06  7.15726E-06  7.15726E-06  7.15726E-06  7.15726E-06  7.15726E-06  7.15726E-06  7.15726E-06  7.15726E-06  7.15726E-06  7.15726E-06  7.15726E-06  7.15726E-06  7.15726E-06  7.15726E-06  7.15726E-06  7.15726E-06  7.15726E-06
   20709   4  0.00000E+00  0.00000E+00  0.00000E+00  0.00000E+00  0.00000E+00  0.00000E+00  0.00000E+00  0.00000E+00  0.00000E+00  0.00000E+00  0.00000E+00  0.00000E+00  0.00000E+00  0.00000E+00  0.00000E+00  0.00000E+00  0.00000E+00  0.00000E+00  0.00000E+00  0.00000E+00  0.00000E+00  0.00000E+00  0.00000E+00  0.00000E+00
   20709   7  0.00000E+00  0.00000E+00  0.00000E+00  0.00000E+00  0.00000E+00  0.00000E+00  0.00000E+00  0.00000E+00  0.00000E+00  0.00000E+00  0.00000E+00  0.00000E+00  0.00000E+00  0.00000E+00  0.00000E+00  0.00000E+00  0.00000E+00  0.00000E+00  0.00000E+00  0.00000E+00  0.00000E+00  0.00000E+00  0.00000E+00  0.00000E+00
   13676   3  0.00000E+00  0.00000E+00  0.00000E+00  0.00000E+00  0.00000E+00  0.00000E+00  0.00000E+00  0.00000E+00  0.00000E+00  0.00000E+00  0.00000E+00  0.00000E+00  0.00000E+00  3.45676E-04  3.45676E-04  3.45676E-04  3.45676E-04  3.45676E-04  3.45676E-04  3.45676E-04  3.45676E-04  0.00000E+00  0.00000E+00  0.00000E+00
   21062   3  0.00000E+00  0.00000E+00  0.00000E+00  0.00000E+00  0.00000E+00  0.00000E+00  0.00000E+00  0.00000E+00  0.00000E+00  0.00000E+00  0.00000E+00  0.00000E+00  0.00000E+00  0.00000E+00  0.00000E+00  0.00000E+00  0.00000E+00  0.00000E+00  0.00000E+00  0.00000E+00  0.00000E+00  0.00000E+00  0.00000E+00  0.00000E+00
   17196   3  0.00000E+00  0.00000E+00  0.00000E+00  0.00000E+00  0.00000E+00  0.00000E+00  0.00000E+00  0.00000E+00  0.00000E+00  0.00000E+00  0.00000E+00  0.00000E+00  0.00000E+00  0.00000E+00  0.00000E+00  0.00000E+00  0.00000E+00  0.00000E+00  0.00000E+00  0.00000E+00  0.00000E+00  0.00000E+00  0.00000E+00  0.00000E+00
   17196   2  0.00000E+00  0.00000E+00  0.00000E+00  0.00000E+00  0.00000E+00  0.00000E+00  0.00000E+00  0.00000E+00  0.00000E+00  0.00000E+00  0.00000E+00  0.00000E+00  0.00000E+00  0.00000E+00  0.00000E+00  0.00000E+00  0.00000E+00  0.00000E+00  0.00000E+00  0.00000E+00  0.00000E+00  0.00000E+00  0.00000E+00  0.00000E+00
   23179   4  6.83466E-05  6.83466E-05  6.83466E-05  6.83466E-05  6.83466E-05  6.83466E-05  6.83466E-05  6.83466E-05  6.83466E-05  6.83466E-05  6.83466E-05  6.83466E-05  6.83466E-05  6.83466E-05  6.83466E-05  6.83466E-05  6.83466E-05  6.83466E-05  6.83466E-05  6.83466E-05  6.83466E-05  6.83466E-05  6.83466E-05  6.83466E-05
   23179   3  0.00000E+00  0.00000E+00  0.00000E+00  0.00000E+00  0.00000E+00  0.00000E+00  0.00000E+00  0.00000E+00  0.00000E+00  0.00000E+00  0.00000E+00  0.00000E+00  0.00000E+00  0.00000E+00  0.00000E+00  0.00000E+00  0.00000E+00  0.00000E+00  0.00000E+00  0.00000E+00  0.00000E+00  0.00000E+00  0.00000E+00  0.00000E+00
   18247   4  0.00000E+00  0.00000E+00  0.00000E+00  0.00000E+00  0.00000E+00  0.00000E+00  0.00000E+00  0.00000E+00  0.00000E+00  0.00000E+00  0.00000E+00  0.00000E+00  0.00000E+00  0.00000E+00  0.00000E+00  0.00000E+00  0.00000E+00  0.00000E+00  0.00000E+00  0.00000E+00  0.00000E+00  0.00000E+00  0.00000E+00  0.00000E+00
   12621   2  0.00000E+00  0.00000E+00  0.00000E+00  0.00000E+00  0.00000E+00  0.00000E+00  0.00000E+00  0.00000E+00  0.00000E+00  0.00000E+00  0.00000E+00  0.00000E+00  0.00000E+00  0.00000E+00  0.00000E+00  0.00000E+00  0.00000E+00  0.00000E+00  0.00000E+00  0.00000E+00  0.00000E+00  0.00000E+00  0.00000E+00  0.00000E+00
   12621   3  0.00000E+00  0.00000E+00  0.00000E+00  0.00000E+00  0.00000E+00  0.00000E+00  0.00000E+00  0.00000E+00  0.00000E+00  0.00000E+00  0.00000E+00  0.00000E+00  0.00000E+00  0.00000E+00  0.00000E+00  0.00000E+00  0.00000E+00  0.00000E+00  0.00000E+00  0.00000E+00  0.00000E+00  0.00000E+00  0.00000E+00  0.00000E+00
   12621   7  0.00000E+00  0.00000E+00  0.00000E+00  0.00000E+00  0.00000E+00  0.00000E+00  0.00000E+00  0.00000E+00  0.00000E+00  0.00000E+00  0.00000E+00  0.00000E+00  0.00000E+00  0.00000E+00  0.00000E+00  0.00000E+00  0.00000E+00  0.00000E+00  0.00000E+00  0.00000E+00  0.00000E+00  0.00000E+00  0.00000E+00  0.00000E+00
   21063   3  4.50489E-04  4.50489E-04  4.50489E-04  4.50489E-04  4.50489E-04  4.50489E-04  4.50489E-04  4.50489E-04  4.50489E-04  4.50489E-04  4.50489E-04  4.50489E-04  4.50489E-04  4.50489E-04  4.50489E-04  4.50489E-04  4.50489E-04  4.50489E-04  4.50489E-04  4.50489E-04  4.50489E-04  4.50489E-04  4.50489E-04  4.50489E-04
   17529   4  2.55204E-05  2.55204E-05  2.55204E-05  2.55204E-05  2.55204E-05  2.55204E-05  2.55204E-05  2.55204E-05  2.55204E-05  2.55204E-05  2.55204E-05  2.55204E-05  2.55204E-05  2.55204E-05  2.55204E-05  2.55204E-05  2.55204E-05  2.55204E-05  2.55204E-05  2.55204E-05  2.55204E-05  2.55204E-05  2.55204E-05  2.55204E-05
   17530   3  0.00000E+00  0.00000E+00  0.00000E+00  0.00000E+00  0.00000E+00  0.00000E+00  0.00000E+00  0.00000E+00  0.00000E+00  0.00000E+00  0.00000E+00  0.00000E+00  0.00000E+00  0.00000E+00  0.00000E+00  0.00000E+00  0.00000E+00  0.00000E+00  0.00000E+00  0.00000E+00  0.00000E+00  0.00000E+00  0.00000E+00  0.00000E+00
   17530   4  1.39018E-03  1.39018E-03  1.39018E-03  1.39018E-03  1.39018E-03  1.39018E-03  1.39018E-03  1.39018E-03  1.39018E-03  1.39018E-03  1.39018E-03  1.39018E-03  1.39018E-03  1.39018E-03  1.39018E-03  1.39018E-03  1.39018E-03  1.39018E-03  1.39018E-03  1.39018E-03  1.39018E-03  1.39018E-03  1.39018E-03  1.39018E-03
   17530   6  1.09386E-03  1.09386E-03  1.09386E-03  1.09386E-03  1.09386E-03  1.09386E-03  1.09386E-03  1.09386E-03  1.09386E-03  1.09386E-03  1.09386E-03  1.09386E-03  1.09386E-03  1.09386E-03  1.09386E-03  1.09386E-03  1.09386E-03  1.09386E-03  1.09386E-03  1.09386E-03  1.09386E-03  1.09386E-03  1.09386E-03  1.09386E-03
   32341   4  0.00000E+00  0.00000E+00  0.00000E+00  0.00000E+00  0.00000E+00  0.00000E+00  0.00000E+00  0.00000E+00  0.00000E+00  0.00000E+00  0.00000E+00  0.00000E+00  0.00000E+00  0.00000E+00  0.00000E+00  0.00000E+00  0.00000E+00  0.00000E+00  0.00000E+00  0.00000E+00  0.00000E+00  0.00000E+00  0.00000E+00  0.00000E+00
   31636   3  0.00000E+00  0.00000E+00  0.00000E+00  0.00000E+00  0.00000E+00  0.00000E+00  0.00000E+00  0.00000E+00  0.00000E+00  0.00000E+00  0.00000E+00  0.00000E+00  0.00000E+00  0.00000E+00  0.00000E+00  0.00000E+00  0.00000E+00  0.00000E+00  0.00000E+00  0.00000E+00  0.00000E+00  0.00000E+00  0.00000E+00  0.00000E+00
   31636   2  0.00000E+00  0.00000E+00  0.00000E+00  0.00000E+00  0.00000E+00  0.00000E+00  0.00000E+00  0.00000E+00  0.00000E+00  0.00000E+00  0.00000E+00  0.00000E+00  0.00000E+00  0.00000E+00  0.00000E+00  0.00000E+00  0.00000E+00  0.00000E+00  0.00000E+00  0.00000E+00  0.00000E+00  0.00000E+00  0.00000E+00  0.00000E+00
   32694   3  0.00000E+00  0.00000E+00  0.00000E+00  0.00000E+00  0.00000E+00  0.00000E+00  0.00000E+00  0.00000E+00  0.00000E+00  0.00000E+00  0.00000E+00  0.00000E+00  0.00000E+00  0.00000E+00  0.00000E+00  0.00000E+00  0.00000E+00  0.00000E+00  0.00000E+00  0.00000E+00  0.00000E+00  0.00000E+00  0.00000E+00  0.00000E+00
   17888   3  0.00000E+00  0.00000E+00  0.00000E+00  0.00000E+00  0.00000E+00  0.00000E+00  0.00000E+00  0.00000E+00  0.00000E+00  0.00000E+00  0.00000E+00  0.00000E+00  0.00000E+00  0.00000E+00  0.00000E+00  0.00000E+00  0.00000E+00  0.00000E+00  0.00000E+00  0.00000E+00  0.00000E+00  0.00000E+00  0.00000E+00  0.00000E+00
   19303   4  7.49633E-08  7.49633E-08  7.49633E-08  7.49633E-08  7.49633E-08  7.49633E-08  7.49633E-08  7.49633E-08  7.49633E-08  7.49633E-08  7.49633E-08  7.49633E-08  7.49633E-08  7.49633E-08  7.49633E-08  7.49633E-08  7.49633E-08  7.49633E-08  7.49633E-08  7.49633E-08  7.49633E-08  7.49633E-08  7.49633E-08  7.49633E-08
   20352   4  0.00000E+00  0.00000E+00  0.00000E+00  0.00000E+00  0.00000E+00  0.00000E+00  0.00000E+00  0.00000E+00  0.00000E+00  0.00000E+00  0.00000E+00  0.00000E+00  0.00000E+00  0.00000E+00  0.00000E+00  0.00000E+00  0.00000E+00  0.00000E+00  0.00000E+00  0.00000E+00  0.00000E+00  0.00000E+00  0.00000E+00  0.00000E+00
   20352   7  0.00000E+00  0.00000E+00  0.00000E+00  0.00000E+00  0.00000E+00  0.00000E+00  0.00000E+00  0.00000E+00  0.00000E+00  0.00000E+00  0.00000E+00  0.00000E+00  0.00000E+00  0.00000E+00  0.00000E+00  0.00000E+00  0.00000E+00  0.00000E+00  0.00000E+00  0.00000E+00  0.00000E+00  0.00000E+00  0.00000E+00  0.00000E+00
   24938   4  1.17197E-05  1.17197E-05  1.17197E-05  1.17197E-05  1.17197E-05  1.17197E-05  1.17197E-05  1.17197E-05  1.17197E-05  1.17197E-05  1.17197E-05  1.17197E-05  1.17197E-05  1.17197E-05  1.17197E-05  1.17197E-05  1.17197E-05  1.17197E-05  1.17197E-05  1.17197E-05  1.17197E-05  1.17197E-05  1.17197E-05  1.17197E-05
   24938   3  2.15126E-04  2.15126E-04  2.15126E-04  2.15126E-04  2.15126E-04  2.15126E-04  2.15126E-04  2.15126E-04  2.15126E-04  2.15126E-04  2.15126E-04  2.15126E-04  2.15126E-04  2.15126E-04  2.15126E-04  2.15126E-04  2.15126E-04  2.15126E-04  2.15126E-04  2.15126E-04  2.15126E-04  2.15126E-04  2.15126E-04  2.15126E-04
   24938   2  0.00000E+00  0.00000E+00  0.00000E+00  0.00000E+00  0.00000E+00  0.00000E+00  0.00000E+00  0.00000E+00  0.00000E+00  0.00000E+00  0.00000E+00  0.00000E+00  0.00000E+00  0.00000E+00  0.00000E+00  0.00000E+00  0.00000E+00  0.00000E+00  0.00000E+00  0.00000E+00  0.00000E+00  0.00000E+00  0.00000E+00  0.00000E+00
   24938   7  0.00000E+00  0.00000E+00  0.00000E+00  0.00000E+00  0.00000E+00  0.00000E+00  0.00000E+00  0.00000E+00  0.00000E+00  0.00000E+00  0.00000E+00  0.00000E+00  0.00000E+00  0.00000E+00  0.00000E+00  0.00000E+00  0.00000E+00  0.00000E+00  0.00000E+00  0.00000E+00  0.00000E+00  0.00000E+00  0.00000E+00  0.00000E+00
   31639   3  0.00000E+00  0.00000E+00  0.00000E+00  0.00000E+00  0.00000E+00  0.00000E+00  0.00000E+00  0.00000E+00  0.00000E+00  0.00000E+00  0.00000E+00  0.00000E+00  0.00000E+00  0.00000E+00  0.00000E+00  0.00000E+00  0.00000E+00  0.00000E+00  0.00000E+00  0.00000E+00  0.00000E+00  0.00000E+00  0.00000E+00  0.00000E+00
   13317   4  2.68936E-05  2.68936E-05  2.68936E-05  2.68936E-05  2.68936E-05  2.68936E-05  2.68936E-05  2.68936E-05  2.68936E-05  2.68936E-05  2.68936E-05  2.68936E-05  2.68936E-05  2.68936E-05  2.68936E-05  2.68936E-05  2.68936E-05  2.68936E-05  2.68936E-05  2.68936E-05  2.68936E-05  2.68936E-05  2.68936E-05  2.68936E-05
   12967   4  3.83354E-06  3.83354E-06  3.83354E-06  3.83354E-06  3.83354E-06  3.83354E-06  3.83354E-06  3.83354E-06  3.83354E-06  3.83354E-06  3.83354E-06  3.83354E-06  3.83354E-06  3.83354E-06  3.83354E-06  3.83354E-06  3.83354E-06  3.83354E-06  3.83354E-06  3.83354E-06  3.83354E-06  3.83354E-06  3.83354E-06  3.83354E-06
   12967   3  0.00000E+00  0.00000E+00  0.00000E+00  0.00000E+00  0.00000E+00  0.00000E+00  0.00000E+00  0.00000E+00  0.00000E+00  0.00000E+00  0.00000E+00  0.00000E+00  0.00000E+00  1.51151E-05  1.51151E-05  1.51151E-05  1.51151E-05  1.51151E-05  1.51151E-05  1.51151E-05  1.51151E-05  0.00000E+00  0.00000E+00  0.00000E+00
   26700   3  0.00000E+00  0.00000E+00  0.00000E+00  0.00000E+00  0.00000E+00  0.00000E+00  0.00000E+00  0.00000E+00  0.00000E+00  0.00000E+00  0.00000E+00  0.00000E+00  0.00000E+00  0.00000E+00  0.00000E+00  0.00000E+00  0.00000E+00  0.00000E+00  0.00000E+00  0.00000E+00  0.00000E+00  0.00000E+00  0.00000E+00  0.00000E+00
   16475   3  0.00000E+00  0.00000E+00  0.00000E+00  0.00000E+00  0.00000E+00  0.00000E+00  0.00000E+00  0.00000E+00  0.00000E+00  0.00000E+00  0.00000E+00  0.00000E+00  0.00000E+00  0.00000E+00  0.00000E+00  0.00000E+00  0.00000E+00  0.00000E+00  0.00000E+00  0.00000E+00  0.00000E+00  0.00000E+00  0.00000E+00  0.00000E+00
   16475   2  0.00000E+00  0.00000E+00  0.00000E+00  0.00000E+00  0.00000E+00  0.00000E+00  0.00000E+00  0.00000E+00  0.00000E+00  0.00000E+00  0.00000E+00  0.00000E+00  0.00000E+00  0.00000E+00  0.00000E+00  0.00000E+00  0.00000E+00  0.00000E+00  0.00000E+00  0.00000E+00  0.00000E+00  0.00000E+00  0.00000E+00  0.00000E+00
   16481   3  0.00000E+00  0.00000E+00  0.00000E+00  0.00000E+00  0.00000E+00  0.00000E+00  0.00000E+00  0.00000E+00  0.00000E+00  0.00000E+00  0.00000E+00  0.00000E+00  0.00000E+00  0.00000E+00  0.00000E+00  0.00000E+00  0.00000E+00  0.00000E+00  0.00000E+00  0.00000E+00  0.00000E+00  0.00000E+00  0.00000E+00  0.00000E+00
   16481   7  0.00000E+00  0.00000E+00  0.00000E+00  0.00000E+00  0.00000E+00  0.00000E+00  0.00000E+00  0.00000E+00  0.00000E+00  0.00000E+00  0.00000E+00  0.00000E+00  0.00000E+00  0.00000E+00  0.00000E+00  0.00000E+00  0.00000E+00  0.00000E+00  0.00000E+00  0.00000E+00  0.00000E+00  0.00000E+00  0.00000E+00  0.00000E+00
   25290   6  0.00000E+00  0.00000E+00  0.00000E+00  0.00000E+00  0.00000E+00  0.00000E+00  0.00000E+00  0.00000E+00  0.00000E+00  0.00000E+00  0.00000E+00  0.00000E+00  0.00000E+00  0.00000E+00  0.00000E+00  0.00000E+00  0.00000E+00  0.00000E+00  0.00000E+00  0.00000E+00  0.00000E+00  0.00000E+00  0.00000E+00  0.00000E+00
   25290   3  0.00000E+00  0.00000E+00  0.00000E+00  0.00000E+00  0.00000E+00  0.00000E+00  0.00000E+00  0.00000E+00  0.00000E+00  0.00000E+00  0.00000E+00  0.00000E+00  0.00000E+00  0.00000E+00  0.00000E+00  0.00000E+00  0.00000E+00  0.00000E+00  0.00000E+00  0.00000E+00  0.00000E+00  0.00000E+00  0.00000E+00  0.00000E+00
   26704   4  1.31436E-06  1.31436E-06  1.31436E-06  1.31436E-06  1.31436E-06  1.31436E-06  1.31436E-06  1.31436E-06  1.31436E-06  1.31436E-06  1.31436E-06  1.31436E-06  1.31436E-06  1.31436E-06  1.31436E-06  1.31436E-06  1.31436E-06  1.31436E-06  1.31436E-06  1.31436E-06  1.31436E-06  1.31436E-06  1.31436E-06  1.31436E-06
   26704   2  0.00000E+00  0.00000E+00  0.00000E+00  0.00000E+00  0.00000E+00  0.00000E+00  0.00000E+00  0.00000E+00  0.00000E+00  0.00000E+00  0.00000E+00  0.00000E+00  0.00000E+00  0.00000E+00  0.00000E+00  0.00000E+00  0.00000E+00  0.00000E+00  0.00000E+00  0.00000E+00  0.00000E+00  0.00000E+00  0.00000E+00  0.00000E+00
   20009   2  0.00000E+00  0.00000E+00  0.00000E+00  0.00000E+00  0.00000E+00  0.00000E+00  0.00000E+00  0.00000E+00  0.00000E+00  0.00000E+00  0.00000E+00  0.00000E+00  0.00000E+00  0.00000E+00  0.00000E+00  0.00000E+00  0.00000E+00  0.00000E+00  0.00000E+00  0.00000E+00  0.00000E+00  0.00000E+00  0.00000E+00  0.00000E+00
   20362   3  0.00000E+00  0.00000E+00  0.00000E+00  0.00000E+00  0.00000E+00  0.00000E+00  0.00000E+00  0.00000E+00  0.00000E+00  0.00000E+00  0.00000E+00  0.00000E+00  0.00000E+00  0.00000E+00  0.00000E+00  0.00000E+00  0.00000E+00  0.00000E+00  0.00000E+00  0.00000E+00  0.00000E+00  0.00000E+00  0.00000E+00  0.00000E+00
   20362   2  0.00000E+00  0.00000E+00  0.00000E+00  0.00000E+00  0.00000E+00  0.00000E+00  0.00000E+00  0.00000E+00  0.00000E+00  0.00000E+00  0.00000E+00  0.00000E+00  0.00000E+00  0.00000E+00  0.00000E+00  0.00000E+00  0.00000E+00  0.00000E+00  0.00000E+00  0.00000E+00  0.00000E+00  0.00000E+00  0.00000E+00  0.00000E+00
   19305   3  1.40198E-05  1.40198E-05  1.40198E-05  1.40198E-05  1.40198E-05  1.40198E-05  1.40198E-05  1.40198E-05  1.40198E-05  1.40198E-05  1.40198E-05  1.40198E-05  1.40198E-05  1.40198E-05  1.40198E-05  1.40198E-05  1.40198E-05  1.40198E-05  1.40198E-05  1.40198E-05  1.40198E-05  1.40198E-05  1.40198E-05  1.40198E-05
   19305   4  1.23964E-03  1.23964E-03  1.23964E-03  1.23964E-03  1.23964E-03  1.23964E-03  1.23964E-03  1.23964E-03  1.23964E-03  1.23964E-03  1.23964E-03  1.23964E-03  1.23964E-03  1.23964E-03  1.23964E-03  1.23964E-03  1.23964E-03  1.23964E-03  1.23964E-03  1.23964E-03  1.23964E-03  1.23964E-03  1.23964E-03  1.23964E-03
   19305   5  0.00000E+00  0.00000E+00  0.00000E+00  0.00000E+00  0.00000E+00  0.00000E+00  0.00000E+00  0.00000E+00  0.00000E+00  0.00000E+00  0.00000E+00  0.00000E+00  0.00000E+00  0.00000E+00  0.00000E+00  0.00000E+00  0.00000E+00  0.00000E+00  0.00000E+00  0.00000E+00  0.00000E+00  0.00000E+00  0.00000E+00  0.00000E+00
   19306   3  0.00000E+00  0.00000E+00  0.00000E+00  0.00000E+00  0.00000E+00  0.00000E+00  0.00000E+00  0.00000E+00  0.00000E+00  0.00000E+00  0.00000E+00  0.00000E+00  0.00000E+00  0.00000E+00  0.00000E+00  0.00000E+00  0.00000E+00  0.00000E+00  0.00000E+00  0.00000E+00  0.00000E+00  0.00000E+00  0.00000E+00  0.00000E+00
   19306   7  0.00000E+00  0.00000E+00  0.00000E+00  0.00000E+00  0.00000E+00  0.00000E+00  0.00000E+00  0.00000E+00  0.00000E+00  0.00000E+00  0.00000E+00  0.00000E+00  0.00000E+00  0.00000E+00  0.00000E+00  0.00000E+00  0.00000E+00  0.00000E+00  0.00000E+00  0.00000E+00  0.00000E+00  0.00000E+00  0.00000E+00  0.00000E+00
   29869   3  0.00000E+00  0.00000E+00  0.00000E+00  0.00000E+00  0.00000E+00  0.00000E+00  0.00000E+00  0.00000E+00  0.00000E+00  0.00000E+00  0.00000E+00  0.00000E+00  0.00000E+00  0.00000E+00  0.00000E+00  0.00000E+00  0.00000E+00  0.00000E+00  0.00000E+00  0.00000E+00  0.00000E+00  0.00000E+00  0.00000E+00  0.00000E+00
   15423   5  0.00000E+00  0.00000E+00  0.00000E+00  0.00000E+00  0.00000E+00  0.00000E+00  0.00000E+00  0.00000E+00  0.00000E+00  0.00000E+00  0.00000E+00  0.00000E+00  0.00000E+00  0.00000E+00  0.00000E+00  0.00000E+00  0.00000E+00  0.00000E+00  0.00000E+00  0.00000E+00  0.00000E+00  0.00000E+00  0.00000E+00  0.00000E+00
   15071   2  0.00000E+00  0.00000E+00  0.00000E+00  0.00000E+00  0.00000E+00  0.00000E+00  0.00000E+00  0.00000E+00  0.00000E+00  0.00000E+00  0.00000E+00  0.00000E+00  0.00000E+00  0.00000E+00  0.00000E+00  0.00000E+00  0.00000E+00  0.00000E+00  0.00000E+00  0.00000E+00  0.00000E+00  0.00000E+00  0.00000E+00  0.00000E+00
   15423   3  0.00000E+00  0.00000E+00  0.00000E+00  0.00000E+00  0.00000E+00  0.00000E+00  0.00000E+00  0.00000E+00  0.00000E+00  0.00000E+00  0.00000E+00  0.00000E+00  0.00000E+00  0.00000E+00  0.00000E+00  0.00000E+00  0.00000E+00  0.00000E+00  0.00000E+00  0.00000E+00  0.00000E+00  0.00000E+00  0.00000E+00  0.00000E+00
   15423   2  0.00000E+00  0.00000E+00  0.00000E+00  0.00000E+00  0.00000E+00  0.00000E+00  0.00000E+00  0.00000E+00  0.00000E+00  0.00000E+00  0.00000E+00  0.00000E+00  0.00000E+00  0.00000E+00  0.00000E+00  0.00000E+00  0.00000E+00  0.00000E+00  0.00000E+00  0.00000E+00  0.00000E+00  0.00000E+00  0.00000E+00  0.00000E+00
   29174   3  0.00000E+00  0.00000E+00  0.00000E+00  0.00000E+00  0.00000E+00  0.00000E+00  0.00000E+00  0.00000E+00  0.00000E+00  0.00000E+00  0.00000E+00  0.00000E+00  0.00000E+00  0.00000E+00  0.00000E+00  0.00000E+00  0.00000E+00  0.00000E+00  0.00000E+00  0.00000E+00  0.00000E+00  0.00000E+00  0.00000E+00  0.00000E+00
   29174   2  0.00000E+00  0.00000E+00  0.00000E+00  0.00000E+00  0.00000E+00  0.00000E+00  0.00000E+00  0.00000E+00  0.00000E+00  0.00000E+00  0.00000E+00  0.00000E+00  0.00000E+00  0.00000E+00  0.00000E+00  0.00000E+00  0.00000E+00  0.00000E+00  0.00000E+00  0.00000E+00  0.00000E+00  0.00000E+00  0.00000E+00  0.00000E+00
   28558   3  1.46912E-04  1.46912E-04  1.46912E-04  1.46912E-04  1.46912E-04  8.43269E-05  8.43269E-05  8.43269E-05  8.43269E-05  8.43269E-05  8.43269E-05  8.43269E-05  8.43269E-05  1.46912E-04  1.46912E-04  1.46912E-04  1.46912E-04  1.46912E-04  1.46912E-04  1.46912E-04  1.46912E-04  1.46912E-04  1.46912E-04  1.46912E-04
   28558   4  6.14241E-04  6.14241E-04  6.14241E-04  6.14241E-04  6.14241E-04  6.14241E-04  6.14241E-04  6.14241E-04  6.14241E-04  6.14241E-04  6.14241E-04  6.14241E-04  6.14241E-04  6.14241E-04  6.14241E-04  6.14241E-04  6.14241E-04  6.14241E-04  6.14241E-04  6.14241E-04  6.14241E-04  6.14241E-04  6.14241E-04  6.14241E-04
   28558   2  0.00000E+00  0.00000E+00  0.00000E+00  0.00000E+00  0.00000E+00  0.00000E+00  0.00000E+00  0.00000E+00  0.00000E+00  0.00000E+00  0.00000E+00  0.00000E+00  0.00000E+00  0.00000E+00  0.00000E+00  0.00000E+00  0.00000E+00  0.00000E+00  0.00000E+00  0.00000E+00  0.00000E+00  0.00000E+00  0.00000E+00  0.00000E+00
   28911   3  0.00000E+00  0.00000E+00  0.00000E+00  0.00000E+00  0.00000E+00  0.00000E+00  0.00000E+00  0.00000E+00  0.00000E+00  0.00000E+00  0.00000E+00  0.00000E+00  0.00000E+00  0.00000E+00  0.00000E+00  0.00000E+00  0.00000E+00  0.00000E+00  0.00000E+00  0.00000E+00  0.00000E+00  0.00000E+00  0.00000E+00  0.00000E+00
   29621   4  3.53613E-05  3.53613E-05  3.53613E-05  3.53613E-05  3.53613E-05  3.53613E-05  3.53613E-05  3.53613E-05  3.53613E-05  3.53613E-05  3.53613E-05  3.53613E-05  3.53613E-05  3.53613E-05  3.53613E-05  3.53613E-05  3.53613E-05  3.53613E-05  3.53613E-05  3.53613E-05  3.53613E-05  3.53613E-05  3.53613E-05  3.53613E-05
   29616   7  0.00000E+00  0.00000E+00  0.00000E+00  0.00000E+00  0.00000E+00  0.00000E+00  0.00000E+00  0.00000E+00  0.00000E+00  0.00000E+00  0.00000E+00  0.00000E+00  0.00000E+00  0.00000E+00  0.00000E+00  0.00000E+00  0.00000E+00  0.00000E+00  0.00000E+00  0.00000E+00  0.00000E+00  0.00000E+00  0.00000E+00  0.00000E+00
   28204   3  2.70528E-05  2.70528E-05  2.70528E-05  2.70528E-05  2.70528E-05  0.00000E+00  0.00000E+00  0.00000E+00  0.00000E+00  0.00000E+00  0.00000E+00  0.00000E+00  0.00000E+00  2.70528E-05  2.70528E-05  2.70528E-05  2.70528E-05  2.70528E-05  2.70528E-05  2.70528E-05  2.70528E-05  2.70528E-05  2.70528E-05  2.70528E-05
   28204   4  0.00000E+00  0.00000E+00  0.00000E+00  0.00000E+00  0.00000E+00  0.00000E+00  0.00000E+00  0.00000E+00  0.00000E+00  0.00000E+00  0.00000E+00  0.00000E+00  0.00000E+00  0.00000E+00  0.00000E+00  0.00000E+00  0.00000E+00  0.00000E+00  0.00000E+00  0.00000E+00  0.00000E+00  0.00000E+00  0.00000E+00  0.00000E+00
   28204   7  0.00000E+00  0.00000E+00  0.00000E+00  0.00000E+00  0.00000E+00  0.00000E+00  0.00000E+00  0.00000E+00  0.00000E+00  0.00000E+00  0.00000E+00  0.00000E+00  0.00000E+00  0.00000E+00  0.00000E+00  0.00000E+00  0.00000E+00  0.00000E+00  0.00000E+00  0.00000E+00  0.00000E+00  0.00000E+00  0.00000E+00  0.00000E+00
   28221   3  0.00000E+00  0.00000E+00  0.00000E+00  0.00000E+00  0.00000E+00  0.00000E+00  0.00000E+00  0.00000E+00  0.00000E+00  0.00000E+00  0.00000E+00  0.00000E+00  0.00000E+00  0.00000E+00  0.00000E+00  0.00000E+00  0.00000E+00  0.00000E+00  0.00000E+00  0.00000E+00  0.00000E+00  0.00000E+00  0.00000E+00  0.00000E+00
   28221   2  0.00000E+00  0.00000E+00  0.00000E+00  0.00000E+00  0.00000E+00  0.00000E+00  0.00000E+00  0.00000E+00  0.00000E+00  0.00000E+00  0.00000E+00  0.00000E+00  0.00000E+00  0.00000E+00  0.00000E+00  0.00000E+00  0.00000E+00  0.00000E+00  0.00000E+00  0.00000E+00  0.00000E+00  0.00000E+00  0.00000E+00  0.00000E+00
   36171   3  6.08588E-06  6.08588E-06  6.08588E-06  6.08588E-06  6.08588E-06  6.08588E-06  6.08588E-06  6.08588E-06  6.08588E-06  6.08588E-06  6.08588E-06  6.08588E-06  6.08588E-06  6.08588E-06  6.08588E-06  6.08588E-06  6.08588E-06  6.08588E-06  6.08588E-06  6.08588E-06  6.08588E-06  6.08588E-06  6.08588E-06  6.08588E-06
   34059   3  1.43858E-06  1.43858E-06  1.43858E-06  1.43858E-06  1.43858E-06  1.43858E-06  1.43858E-06  1.43858E-06  1.43858E-06  1.43858E-06  1.43858E-06  1.43858E-06  1.43858E-06  1.43858E-06  1.43858E-06  1.43858E-06  1.43858E-06  1.43858E-06  1.43858E-06  1.43858E-06  1.43858E-06  1.43858E-06  1.43858E-06  1.43858E-06
   34059   7  0.00000E+00  0.00000E+00  0.00000E+00  0.00000E+00  0.00000E+00  0.00000E+00  0.00000E+00  0.00000E+00  0.00000E+00  0.00000E+00  0.00000E+00  0.00000E+00  0.00000E+00  0.00000E+00  0.00000E+00  0.00000E+00  0.00000E+00  0.00000E+00  0.00000E+00  0.00000E+00  0.00000E+00  0.00000E+00  0.00000E+00  0.00000E+00
   35117   4  0.00000E+00  0.00000E+00  0.00000E+00  0.00000E+00  0.00000E+00  0.00000E+00  0.00000E+00  0.00000E+00  0.00000E+00  0.00000E+00  0.00000E+00  0.00000E+00  0.00000E+00  0.00000E+00  0.00000E+00  0.00000E+00  0.00000E+00  0.00000E+00  0.00000E+00  0.00000E+00  0.00000E+00  0.00000E+00  0.00000E+00  0.00000E+00
   37574   3  2.34262E-06  2.34262E-06  2.34262E-06  2.34262E-06  2.34262E-06  2.34262E-06  2.34262E-06  2.34262E-06  2.34262E-06  2.34262E-06  2.34262E-06  2.34262E-06  2.34262E-06  2.34262E-06  2.34262E-06  2.34262E-06  2.34262E-06  2.34262E-06  2.34262E-06  2.34262E-06  2.34262E-06  2.34262E-06  2.34262E-06  2.34262E-06
   37927   3  3.71844E-07  3.71844E-07  3.71844E-07  3.71844E-07  3.71844E-07  3.71844E-07  3.71844E-07  3.71844E-07  3.71844E-07  3.71844E-07  3.71844E-07  3.71844E-07  3.71844E-07  3.71844E-07  3.71844E-07  3.71844E-07  3.71844E-07  3.71844E-07  3.71844E-07  3.71844E-07  3.71844E-07  3.71844E-07  3.71844E-07  3.71844E-07
   34411   3  7.27641E-07  7.27641E-07  7.27641E-07  7.27641E-07  7.27641E-07  7.27641E-07  7.27641E-07  7.27641E-07  7.27641E-07  7.27641E-07  7.27641E-07  7.27641E-07  7.27641E-07  7.27641E-07  7.27641E-07  7.27641E-07  7.27641E-07  7.27641E-07  7.27641E-07  7.27641E-07  7.27641E-07  7.27641E-07  7.27641E-07  7.27641E-07
   34765   3  9.90592E-08  9.90592E-08  9.90592E-08  9.90592E-08  9.90592E-08  9.90592E-08  9.90592E-08  9.90592E-08  9.90592E-08  9.90592E-08  9.90592E-08  9.90592E-08  9.90592E-08  9.90592E-08  9.90592E-08  9.90592E-08  9.90592E-08  9.90592E-08  9.90592E-08  9.90592E-08  9.90592E-08  9.90592E-08  9.90592E-08  9.90592E-08
