TOL ,RADM-2, Emissions
         909 ,2005-03-16_00:00:00,SAT
   47145   3  0.00000E+00  0.00000E+00  0.00000E+00  0.00000E+00  0.00000E+00  0.00000E+00  0.00000E+00  0.00000E+00  0.00000E+00  0.00000E+00  0.00000E+00  0.00000E+00  0.00000E+00  0.00000E+00  0.00000E+00  0.00000E+00  0.00000E+00  0.00000E+00  0.00000E+00  0.00000E+00  0.00000E+00  0.00000E+00  0.00000E+00  0.00000E+00
   46441   2  0.00000E+00  0.00000E+00  0.00000E+00  0.00000E+00  0.00000E+00  0.00000E+00  0.00000E+00  0.00000E+00  0.00000E+00  0.00000E+00  0.00000E+00  0.00000E+00  0.00000E+00  0.00000E+00  0.00000E+00  0.00000E+00  0.00000E+00  0.00000E+00  0.00000E+00  0.00000E+00  0.00000E+00  0.00000E+00  0.00000E+00  0.00000E+00
   46441   3  5.72871E+00  5.72871E+00  5.72871E+00  5.72871E+00  5.72871E+00  5.72871E+00  5.72871E+00  5.72871E+00  5.72871E+00  5.72871E+00  5.72871E+00  5.72871E+00  5.72871E+00  5.72871E+00  5.72871E+00  5.72871E+00  5.72871E+00  5.72871E+00  5.72871E+00  5.72871E+00  5.72871E+00  5.72871E+00  5.72871E+00  5.72871E+00
   76270   4  3.69804E+02  3.69804E+02  3.69804E+02  3.69804E+02  3.69804E+02  3.69804E+02  3.69804E+02  3.69804E+02  3.69804E+02  3.69804E+02  3.69804E+02  3.69804E+02  3.69804E+02  3.69804E+02  3.69804E+02  3.69804E+02  3.69804E+02  3.69804E+02  3.69804E+02  3.69804E+02  3.69804E+02  3.69804E+02  3.69804E+02  3.69804E+02
   76270   3  0.00000E+00  0.00000E+00  0.00000E+00  0.00000E+00  0.00000E+00  0.00000E+00  0.00000E+00  0.00000E+00  0.00000E+00  0.00000E+00  0.00000E+00  0.00000E+00  0.00000E+00  0.00000E+00  0.00000E+00  0.00000E+00  0.00000E+00  0.00000E+00  0.00000E+00  0.00000E+00  0.00000E+00  0.00000E+00  0.00000E+00  0.00000E+00
   76270   7  1.03495E+01  1.03495E+01  1.03495E+01  1.03495E+01  1.03495E+01  1.03495E+01  1.03495E+01  1.03495E+01  1.03495E+01  1.03495E+01  1.03495E+01  1.03495E+01  1.03495E+01  1.03495E+01  1.03495E+01  1.03495E+01  1.03495E+01  1.03495E+01  1.03495E+01  1.03495E+01  1.03495E+01  1.03495E+01  1.03495E+01  1.03495E+01
   79107   3  3.96122E+00  3.96122E+00  3.96122E+00  3.96122E+00  3.96122E+00  3.96122E+00  3.96122E+00  3.96122E+00  3.96122E+00  3.96122E+00  3.96122E+00  3.96122E+00  3.96122E+00  3.96122E+00  3.96122E+00  3.96122E+00  3.96122E+00  3.96122E+00  3.96122E+00  3.96122E+00  3.96122E+00  3.96122E+00  3.96122E+00  3.96122E+00
   79108   3  0.00000E+00  0.00000E+00  0.00000E+00  0.00000E+00  0.00000E+00  0.00000E+00  0.00000E+00  0.00000E+00  0.00000E+00  0.00000E+00  0.00000E+00  0.00000E+00  0.00000E+00  0.00000E+00  0.00000E+00  0.00000E+00  0.00000E+00  0.00000E+00  0.00000E+00  0.00000E+00  0.00000E+00  0.00000E+00  0.00000E+00  0.00000E+00
   72399   3  3.84581E-03  3.84581E-03  3.84581E-03  3.84581E-03  3.84581E-03  3.84581E-03  3.84581E-03  3.84581E-03  3.84581E-03  3.84581E-03  3.84581E-03  3.84581E-03  3.84581E-03  3.84581E-03  3.84581E-03  3.84581E-03  3.84581E-03  3.84581E-03  3.84581E-03  3.84581E-03  3.84581E-03  3.84581E-03  3.84581E-03  3.84581E-03
   79107   4  2.12456E+01  2.12456E+01  2.12456E+01  2.12456E+01  2.12456E+01  2.12456E+01  2.12456E+01  2.12456E+01  2.12456E+01  2.12456E+01  2.12456E+01  2.12456E+01  2.12456E+01  2.12456E+01  2.12456E+01  2.12456E+01  2.12456E+01  2.12456E+01  2.12456E+01  2.12456E+01  2.12456E+01  2.12456E+01  2.12456E+01  2.12456E+01
   79106   4  3.52379E+01  3.52379E+01  3.52379E+01  3.52379E+01  3.52379E+01  3.52379E+01  3.52379E+01  3.52379E+01  3.52379E+01  3.52379E+01  3.52379E+01  3.52379E+01  3.52379E+01  3.52379E+01  3.52379E+01  3.52379E+01  3.52379E+01  3.52379E+01  3.52379E+01  3.52379E+01  3.52379E+01  3.52379E+01  3.52379E+01  3.52379E+01
   78754   3  3.00576E-04  3.00576E-04  3.00576E-04  3.00576E-04  3.00576E-04  3.00576E-04  3.00576E-04  3.00576E-04  3.00576E-04  3.00576E-04  3.00576E-04  3.00576E-04  3.00576E-04  3.00576E-04  3.00576E-04  3.00576E-04  3.00576E-04  3.00576E-04  3.00576E-04  3.00576E-04  3.00576E-04  3.00576E-04  3.00576E-04  3.00576E-04
   78754   4  3.13620E+00  3.13620E+00  3.13620E+00  3.13620E+00  3.13620E+00  3.13620E+00  3.13620E+00  3.13620E+00  3.13620E+00  3.13620E+00  3.13620E+00  3.13620E+00  3.13620E+00  3.13620E+00  3.13620E+00  3.13620E+00  3.13620E+00  3.13620E+00  3.13620E+00  3.13620E+00  3.13620E+00  3.13620E+00  3.13620E+00  3.13620E+00
   78755   3  0.00000E+00  0.00000E+00  0.00000E+00  0.00000E+00  0.00000E+00  0.00000E+00  0.00000E+00  0.00000E+00  0.00000E+00  0.00000E+00  0.00000E+00  0.00000E+00  0.00000E+00  0.00000E+00  0.00000E+00  0.00000E+00  0.00000E+00  0.00000E+00  0.00000E+00  0.00000E+00  0.00000E+00  0.00000E+00  0.00000E+00  0.00000E+00
   79107   7  2.55840E-01  2.55840E-01  2.55840E-01  2.55840E-01  2.55840E-01  2.55840E-01  2.55840E-01  2.55840E-01  2.55840E-01  2.55840E-01  2.55840E-01  2.55840E-01  2.55840E-01  2.55840E-01  2.55840E-01  1.49177E+01  1.49177E+01  1.49177E+01  1.49177E+01  1.49177E+01  1.49177E+01  1.49177E+01  1.49177E+01  2.55840E-01
   78738   4  0.00000E+00  0.00000E+00  0.00000E+00  0.00000E+00  0.00000E+00  0.00000E+00  0.00000E+00  0.00000E+00  0.00000E+00  0.00000E+00  0.00000E+00  0.00000E+00  0.00000E+00  0.00000E+00  0.00000E+00  0.00000E+00  0.00000E+00  0.00000E+00  0.00000E+00  0.00000E+00  0.00000E+00  0.00000E+00  0.00000E+00  0.00000E+00
   78383   3  5.47015E+00  5.38920E+00  5.08851E+00  4.59123E+00  4.07081E+00  3.44112E+00  3.18622E+00  3.05877E+00  3.01629E+00  3.10125E+00  3.35615E+00  3.75974E+00  4.28016E+00  4.59878E+00  4.85368E+00  5.07671E+00  5.16168E+00  5.24664E+00  5.27851E+00  5.32099E+00  5.31037E+00  5.27851E+00  5.19354E+00  5.06609E+00
   78383   2  1.82338E+00  1.79640E+00  1.69617E+00  1.53041E+00  1.35694E+00  1.14704E+00  1.06207E+00  1.01959E+00  1.00543E+00  1.03375E+00  1.11872E+00  1.25325E+00  1.42672E+00  1.53293E+00  1.61789E+00  1.69224E+00  1.72056E+00  1.74888E+00  1.75950E+00  1.77366E+00  1.77012E+00  1.75950E+00  1.73118E+00  1.68870E+00
   78383   6  0.00000E+00  0.00000E+00  0.00000E+00  0.00000E+00  0.00000E+00  0.00000E+00  0.00000E+00  0.00000E+00  0.00000E+00  0.00000E+00  0.00000E+00  0.00000E+00  0.00000E+00  0.00000E+00  0.00000E+00  0.00000E+00  0.00000E+00  0.00000E+00  0.00000E+00  0.00000E+00  0.00000E+00  0.00000E+00  0.00000E+00  0.00000E+00
   78032   5  1.36930E+00  1.36930E+00  1.36930E+00  1.36930E+00  1.36930E+00  1.36930E+00  1.36930E+00  1.36930E+00  1.36930E+00  1.36930E+00  1.36930E+00  1.36930E+00  1.36930E+00  1.36930E+00  1.36930E+00  1.36930E+00  1.36930E+00  1.36930E+00  1.36930E+00  1.36930E+00  1.36930E+00  1.36930E+00  1.36930E+00  1.36930E+00
   51367   3  7.48552E-03  7.48552E-03  7.48552E-03  7.48552E-03  7.48552E-03  7.48552E-03  7.48552E-03  7.48552E-03  7.48552E-03  7.48552E-03  7.48552E-03  7.48552E-03  7.48552E-03  7.48552E-03  7.48552E-03  7.48552E-03  7.48552E-03  7.48552E-03  7.48552E-03  7.48552E-03  7.48552E-03  7.48552E-03  7.48552E-03  7.48552E-03
   52419   3  0.00000E+00  0.00000E+00  0.00000E+00  0.00000E+00  0.00000E+00  0.00000E+00  0.00000E+00  0.00000E+00  0.00000E+00  0.00000E+00  0.00000E+00  0.00000E+00  0.00000E+00  0.00000E+00  0.00000E+00  0.00000E+00  0.00000E+00  0.00000E+00  0.00000E+00  0.00000E+00  0.00000E+00  0.00000E+00  0.00000E+00  0.00000E+00
   47111   3  4.99314E-03  4.91925E-03  4.64478E-03  4.19086E-03  3.71583E-03  3.14105E-03  2.90838E-03  2.79204E-03  2.75326E-03  2.83082E-03  3.06349E-03  3.43188E-03  3.90692E-03  4.19775E-03  4.43042E-03  4.63401E-03  4.71157E-03  4.78912E-03  4.81821E-03  4.85699E-03  4.84729E-03  4.81821E-03  4.74065E-03  4.62432E-03
   52073   4  8.80650E-02  8.80650E-02  8.80650E-02  8.80650E-02  8.80650E-02  8.80650E-02  8.80650E-02  8.80650E-02  8.80650E-02  8.80650E-02  8.80650E-02  8.80650E-02  8.80650E-02  8.80650E-02  8.80650E-02  8.80650E-02  8.80650E-02  8.80650E-02  8.80650E-02  8.80650E-02  8.80650E-02  8.80650E-02  8.80650E-02  8.80650E-02
   52073   3  6.24143E-03  6.14906E-03  5.80598E-03  5.23858E-03  4.64478E-03  3.92631E-03  3.63547E-03  3.49005E-03  3.44158E-03  3.53852E-03  3.82936E-03  4.28985E-03  4.88365E-03  2.41832E+00  2.41861E+00  2.41887E+00  2.41896E+00  2.41906E+00  2.41910E+00  2.41915E+00  2.41913E+00  6.02276E-03  5.92581E-03  5.78040E-03
   52073   1  9.09092E+01  9.09092E+01  9.09092E+01  9.09092E+01  9.09092E+01  9.09092E+01  9.09092E+01  9.09092E+01  9.09092E+01  9.09092E+01  9.09092E+01  9.09092E+01  9.09092E+01  9.09092E+01  9.09092E+01  9.09092E+01  9.09092E+01  9.09092E+01  9.09092E+01  9.09092E+01  9.09092E+01  9.09092E+01  9.09092E+01  9.09092E+01
   52073   2  3.06485E+02  3.06485E+02  3.06485E+02  3.06485E+02  3.06485E+02  3.06485E+02  3.06485E+02  3.06485E+02  3.06485E+02  3.06485E+02  3.06485E+02  3.06485E+02  3.06485E+02  3.06485E+02  3.06485E+02  3.06485E+02  3.06485E+02  3.06485E+02  3.06485E+02  3.06485E+02  3.06485E+02  3.06485E+02  3.06485E+02  3.06485E+02
   52076   7  2.32471E+00  2.32471E+00  2.32471E+00  2.32471E+00  2.32471E+00  2.32471E+00  2.32471E+00  2.32471E+00  2.32471E+00  2.32471E+00  2.32471E+00  2.32471E+00  2.32471E+00  2.32471E+00  2.32471E+00  2.32471E+00  2.32471E+00  2.32471E+00  2.32471E+00  2.32471E+00  2.32471E+00  2.32471E+00  2.32471E+00  2.32471E+00
   56308   3  0.00000E+00  0.00000E+00  0.00000E+00  0.00000E+00  0.00000E+00  0.00000E+00  0.00000E+00  0.00000E+00  0.00000E+00  0.00000E+00  0.00000E+00  0.00000E+00  0.00000E+00  0.00000E+00  0.00000E+00  0.00000E+00  0.00000E+00  0.00000E+00  0.00000E+00  0.00000E+00  0.00000E+00  0.00000E+00  0.00000E+00  0.00000E+00
   57719   2  3.43449E-04  3.43449E-04  3.43449E-04  3.43449E-04  3.43449E-04  3.43449E-04  3.43449E-04  3.43449E-04  3.43449E-04  3.43449E-04  3.43449E-04  3.43449E-04  3.43449E-04  3.43449E-04  3.43449E-04  3.43449E-04  3.43449E-04  3.43449E-04  3.43449E-04  3.43449E-04  3.43449E-04  3.43449E-04  3.43449E-04  3.43449E-04
   58787   3  0.00000E+00  0.00000E+00  0.00000E+00  0.00000E+00  0.00000E+00  0.00000E+00  0.00000E+00  0.00000E+00  0.00000E+00  0.00000E+00  0.00000E+00  0.00000E+00  0.00000E+00  0.00000E+00  0.00000E+00  0.00000E+00  0.00000E+00  0.00000E+00  0.00000E+00  0.00000E+00  0.00000E+00  0.00000E+00  0.00000E+00  0.00000E+00
   58787   2  1.87194E+01  1.84424E+01  1.74134E+01  1.57116E+01  1.39307E+01  1.17758E+01  1.09036E+01  1.04674E+01  1.03220E+01  1.06128E+01  1.14851E+01  1.28662E+01  1.46471E+01  1.57375E+01  1.66098E+01  1.73730E+01  1.76638E+01  1.79545E+01  1.80636E+01  1.82089E+01  1.81726E+01  1.80636E+01  1.77728E+01  1.73367E+01
   52405   4  0.00000E+00  0.00000E+00  0.00000E+00  0.00000E+00  0.00000E+00  0.00000E+00  0.00000E+00  0.00000E+00  0.00000E+00  0.00000E+00  0.00000E+00  0.00000E+00  0.00000E+00  0.00000E+00  0.00000E+00  0.00000E+00  0.00000E+00  0.00000E+00  0.00000E+00  0.00000E+00  0.00000E+00  0.00000E+00  0.00000E+00  0.00000E+00
   53828   3  0.00000E+00  0.00000E+00  0.00000E+00  0.00000E+00  0.00000E+00  0.00000E+00  0.00000E+00  0.00000E+00  0.00000E+00  0.00000E+00  0.00000E+00  0.00000E+00  0.00000E+00  0.00000E+00  0.00000E+00  0.00000E+00  0.00000E+00  0.00000E+00  0.00000E+00  0.00000E+00  0.00000E+00  0.00000E+00  0.00000E+00  0.00000E+00
   59849   3  1.33433E-01  1.33433E-01  1.33433E-01  1.33433E-01  1.33433E-01  1.33433E-01  1.33433E-01  1.33433E-01  1.33433E-01  1.33433E-01  1.33433E-01  1.33433E-01  1.33433E-01  1.33433E-01  1.33433E-01  1.33433E-01  1.33433E-01  1.33433E-01  1.33433E-01  1.33433E-01  1.33433E-01  1.33433E-01  1.33433E-01  1.33433E-01
   59849   4  7.73651E-01  7.73651E-01  7.73651E-01  7.73651E-01  7.73651E-01  7.73651E-01  7.73651E-01  7.73651E-01  7.73651E-01  7.73651E-01  7.73651E-01  7.73651E-01  7.73651E-01  7.73651E-01  7.73651E-01  7.73651E-01  7.73651E-01  7.73651E-01  7.73651E-01  7.73651E-01  7.73651E-01  7.73651E-01  7.73651E-01  7.73651E-01
   46431   3  0.00000E+00  0.00000E+00  0.00000E+00  0.00000E+00  0.00000E+00  0.00000E+00  0.00000E+00  0.00000E+00  0.00000E+00  0.00000E+00  0.00000E+00  0.00000E+00  0.00000E+00  0.00000E+00  0.00000E+00  0.00000E+00  0.00000E+00  0.00000E+00  0.00000E+00  0.00000E+00  0.00000E+00  0.00000E+00  0.00000E+00  0.00000E+00
   46078   4  1.08657E+00  1.08657E+00  1.08657E+00  1.08657E+00  1.08657E+00  1.08657E+00  1.08657E+00  1.08657E+00  1.08657E+00  1.08657E+00  1.08657E+00  1.08657E+00  1.08657E+00  1.08657E+00  1.08657E+00  1.08657E+00  1.08657E+00  1.08657E+00  1.08657E+00  1.08657E+00  1.08657E+00  1.08657E+00  1.08657E+00  1.08657E+00
   46078   3  0.00000E+00  0.00000E+00  0.00000E+00  0.00000E+00  0.00000E+00  0.00000E+00  0.00000E+00  0.00000E+00  0.00000E+00  0.00000E+00  0.00000E+00  0.00000E+00  0.00000E+00  0.00000E+00  0.00000E+00  0.00000E+00  0.00000E+00  0.00000E+00  0.00000E+00  0.00000E+00  0.00000E+00  0.00000E+00  0.00000E+00  0.00000E+00
   46078   7  0.00000E+00  0.00000E+00  0.00000E+00  0.00000E+00  0.00000E+00  0.00000E+00  0.00000E+00  0.00000E+00  0.00000E+00  0.00000E+00  0.00000E+00  0.00000E+00  0.00000E+00  3.93500E+01  3.93500E+01  3.93500E+01  3.93500E+01  3.93500E+01  3.93500E+01  3.93500E+01  3.93500E+01  0.00000E+00  0.00000E+00  0.00000E+00
   47835   2  3.19442E+00  3.19442E+00  3.19442E+00  3.19442E+00  3.19442E+00  3.19442E+00  3.19442E+00  3.19442E+00  3.19442E+00  3.19442E+00  3.19442E+00  3.19442E+00  3.19442E+00  3.19442E+00  3.19442E+00  3.19442E+00  3.19442E+00  3.19442E+00  3.19442E+00  3.19442E+00  3.19442E+00  3.19442E+00  3.19442E+00  3.19442E+00
   47835   8  4.50887E-02  4.50887E-02  4.50887E-02  4.50887E-02  4.50887E-02  4.50887E-02  4.50887E-02  4.50887E-02  4.50887E-02  4.50887E-02  4.50887E-02  4.50887E-02  4.50887E-02  4.50887E-02  4.50887E-02  4.50887E-02  4.50887E-02  4.50887E-02  4.50887E-02  4.50887E-02  4.50887E-02  4.50887E-02  4.50887E-02  4.50887E-02
   47835   3  8.49827E-02  8.49827E-02  8.49827E-02  8.49827E-02  8.49827E-02  8.49827E-02  8.49827E-02  8.49827E-02  8.49827E-02  8.49827E-02  8.49827E-02  8.49827E-02  8.49827E-02  8.49827E-02  8.49827E-02  8.49827E-02  8.49827E-02  8.49827E-02  8.49827E-02  8.49827E-02  8.49827E-02  8.49827E-02  8.49827E-02  8.49827E-02
   56665   7  2.23234E+00  2.23234E+00  2.23234E+00  2.23234E+00  2.23234E+00  2.23234E+00  2.23234E+00  2.23234E+00  2.23234E+00  2.23234E+00  2.23234E+00  2.23234E+00  2.23234E+00  2.23234E+00  2.23234E+00  2.23234E+00  2.23234E+00  2.23234E+00  2.23234E+00  2.23234E+00  2.23234E+00  2.23234E+00  2.23234E+00  2.23234E+00
   45724   4  1.05304E+00  1.05304E+00  1.05304E+00  1.05304E+00  1.05304E+00  1.05304E+00  1.05304E+00  1.05304E+00  1.05304E+00  1.05304E+00  1.05304E+00  1.05304E+00  1.05304E+00  1.05304E+00  1.05304E+00  1.05304E+00  1.05304E+00  1.05304E+00  1.05304E+00  1.05304E+00  1.05304E+00  1.05304E+00  1.05304E+00  1.05304E+00
   45724   3  3.63990E-03  3.63990E-03  3.63990E-03  3.63990E-03  3.63990E-03  3.63990E-03  3.63990E-03  3.63990E-03  3.63990E-03  3.63990E-03  3.63990E-03  3.63990E-03  3.63990E-03  3.63990E-03  3.63990E-03  3.63990E-03  3.63990E-03  3.63990E-03  3.63990E-03  3.63990E-03  3.63990E-03  3.63990E-03  3.63990E-03  3.63990E-03
   44664   7  0.00000E+00  0.00000E+00  0.00000E+00  0.00000E+00  0.00000E+00  0.00000E+00  0.00000E+00  0.00000E+00  0.00000E+00  0.00000E+00  0.00000E+00  0.00000E+00  0.00000E+00  2.84376E-01  2.84376E-01  2.84376E-01  2.84376E-01  2.84376E-01  2.84376E-01  2.84376E-01  2.84376E-01  0.00000E+00  0.00000E+00  0.00000E+00
   45724   7  3.01870E+00  3.01870E+00  3.01870E+00  3.01870E+00  3.01870E+00  3.01870E+00  3.01870E+00  3.01870E+00  3.01870E+00  3.01870E+00  3.01870E+00  3.01870E+00  3.01870E+00  3.01870E+00  3.01870E+00  3.01870E+00  3.01870E+00  3.01870E+00  3.01870E+00  3.01870E+00  3.01870E+00  3.01870E+00  3.01870E+00  3.01870E+00
   56311   3  3.04401E+00  3.04401E+00  3.04401E+00  3.04401E+00  3.04401E+00  3.04401E+00  3.04401E+00  3.04401E+00  3.04401E+00  3.04401E+00  3.04401E+00  3.04401E+00  3.04401E+00  3.04401E+00  3.04401E+00  3.04401E+00  3.04401E+00  3.04401E+00  3.04401E+00  3.04401E+00  3.04401E+00  3.04401E+00  3.04401E+00  3.04401E+00
   46050   3  1.40852E+00  1.40852E+00  1.40852E+00  1.40852E+00  1.40852E+00  1.40852E+00  1.40852E+00  1.40852E+00  1.40852E+00  1.40852E+00  1.40852E+00  1.40852E+00  1.40852E+00  1.40852E+00  1.40852E+00  1.40852E+00  1.40852E+00  1.40852E+00  1.40852E+00  1.40852E+00  1.40852E+00  1.40852E+00  1.40852E+00  1.40852E+00
   46050   4  4.52435E-01  4.52435E-01  4.52435E-01  4.52435E-01  4.52435E-01  4.52435E-01  4.52435E-01  4.52435E-01  4.52435E-01  4.52435E-01  4.52435E-01  4.52435E-01  4.52435E-01  4.52435E-01  4.52435E-01  4.52435E-01  4.52435E-01  4.52435E-01  4.52435E-01  4.52435E-01  4.52435E-01  4.52435E-01  4.52435E-01  4.52435E-01
   46050   2  0.00000E+00  0.00000E+00  0.00000E+00  0.00000E+00  0.00000E+00  0.00000E+00  0.00000E+00  0.00000E+00  0.00000E+00  0.00000E+00  0.00000E+00  0.00000E+00  0.00000E+00  0.00000E+00  0.00000E+00  0.00000E+00  0.00000E+00  0.00000E+00  0.00000E+00  0.00000E+00  0.00000E+00  0.00000E+00  0.00000E+00  0.00000E+00
   46051   4  0.00000E+00  0.00000E+00  0.00000E+00  0.00000E+00  0.00000E+00  0.00000E+00  0.00000E+00  0.00000E+00  0.00000E+00  0.00000E+00  0.00000E+00  0.00000E+00  0.00000E+00  0.00000E+00  0.00000E+00  0.00000E+00  0.00000E+00  0.00000E+00  0.00000E+00  0.00000E+00  0.00000E+00  0.00000E+00  0.00000E+00  0.00000E+00
   71070   3  0.00000E+00  0.00000E+00  0.00000E+00  0.00000E+00  0.00000E+00  0.00000E+00  0.00000E+00  0.00000E+00  0.00000E+00  0.00000E+00  0.00000E+00  0.00000E+00  0.00000E+00  0.00000E+00  0.00000E+00  0.00000E+00  0.00000E+00  0.00000E+00  0.00000E+00  0.00000E+00  0.00000E+00  0.00000E+00  0.00000E+00  0.00000E+00
   55562   4  1.45768E+00  1.45768E+00  1.45768E+00  1.45768E+00  1.45768E+00  1.45768E+00  1.45768E+00  1.45768E+00  1.45768E+00  1.45768E+00  1.45768E+00  1.45768E+00  1.45768E+00  1.45768E+00  1.45768E+00  1.45768E+00  1.45768E+00  1.45768E+00  1.45768E+00  1.45768E+00  1.45768E+00  1.45768E+00  1.45768E+00  1.45768E+00
   59075   4  0.00000E+00  0.00000E+00  0.00000E+00  0.00000E+00  0.00000E+00  0.00000E+00  0.00000E+00  0.00000E+00  0.00000E+00  0.00000E+00  0.00000E+00  0.00000E+00  0.00000E+00  0.00000E+00  0.00000E+00  0.00000E+00  0.00000E+00  0.00000E+00  0.00000E+00  0.00000E+00  0.00000E+00  0.00000E+00  0.00000E+00  0.00000E+00
   57669   3  0.00000E+00  0.00000E+00  0.00000E+00  0.00000E+00  0.00000E+00  0.00000E+00  0.00000E+00  0.00000E+00  0.00000E+00  0.00000E+00  0.00000E+00  0.00000E+00  0.00000E+00  0.00000E+00  0.00000E+00  0.00000E+00  0.00000E+00  0.00000E+00  0.00000E+00  0.00000E+00  0.00000E+00  0.00000E+00  0.00000E+00  0.00000E+00
   59789   3  1.61391E+00  1.61390E+00  1.61389E+00  1.61385E+00  1.61379E+00  1.61372E+00  3.19631E-03  3.16308E-03  3.14646E-03  3.14092E-03  3.15200E-03  3.18523E-03  3.23786E-03  3.30572E-03  1.61379E+00  1.61382E+00  1.61385E+00  1.61386E+00  1.61387E+00  1.61388E+00  1.61388E+00  1.61388E+00  1.61388E+00  1.61387E+00
   59789   4  7.23453E-01  7.23453E-01  7.23453E-01  7.23453E-01  7.23453E-01  7.23453E-01  7.23453E-01  7.23453E-01  7.23453E-01  7.23453E-01  7.23453E-01  7.23453E-01  7.23453E-01  7.23453E-01  7.23453E-01  7.23453E-01  7.23453E-01  7.23453E-01  7.23453E-01  7.23453E-01  7.23453E-01  7.23453E-01  7.23453E-01  7.23453E-01
   59437   5  3.34339E-01  3.34339E-01  3.34339E-01  3.34339E-01  3.34339E-01  3.34339E-01  3.34339E-01  3.34339E-01  3.34339E-01  3.34339E-01  3.34339E-01  3.34339E-01  3.34339E-01  3.34339E-01  3.34339E-01  3.34339E-01  3.34339E-01  3.34339E-01  3.34339E-01  3.34339E-01  3.34339E-01  3.34339E-01  3.34339E-01  3.34339E-01
   57677   2  4.14909E+01  4.11430E+01  4.05341E+01  3.82725E+01  3.45322E+01  3.06180E+01  2.58819E+01  2.39647E+01  2.30061E+01  2.26866E+01  2.33256E+01  2.52428E+01  2.82784E+01  3.21926E+01  3.45891E+01  3.65062E+01  3.81838E+01  3.88228E+01  3.94619E+01  3.97015E+01  4.00211E+01  3.99412E+01  3.97015E+01  3.90625E+01
   57677   4  0.00000E+00  0.00000E+00  0.00000E+00  0.00000E+00  0.00000E+00  0.00000E+00  0.00000E+00  0.00000E+00  0.00000E+00  0.00000E+00  0.00000E+00  0.00000E+00  0.00000E+00  0.00000E+00  0.00000E+00  0.00000E+00  0.00000E+00  0.00000E+00  0.00000E+00  0.00000E+00  0.00000E+00  0.00000E+00  0.00000E+00  0.00000E+00
   57677   3  0.00000E+00  0.00000E+00  0.00000E+00  0.00000E+00  0.00000E+00  0.00000E+00  0.00000E+00  0.00000E+00  0.00000E+00  0.00000E+00  0.00000E+00  0.00000E+00  0.00000E+00  0.00000E+00  0.00000E+00  0.00000E+00  0.00000E+00  0.00000E+00  0.00000E+00  0.00000E+00  0.00000E+00  0.00000E+00  0.00000E+00  0.00000E+00
   52380   7  1.27588E+00  1.27588E+00  1.27588E+00  1.27588E+00  1.27588E+00  1.27588E+00  1.27588E+00  1.27588E+00  1.27588E+00  1.27588E+00  1.27588E+00  1.27588E+00  1.27588E+00  1.27588E+00  1.27588E+00  1.27588E+00  1.27588E+00  1.27588E+00  1.27588E+00  1.27588E+00  1.27588E+00  1.27588E+00  1.27588E+00  1.27588E+00
   52380   3  0.00000E+00  0.00000E+00  0.00000E+00  0.00000E+00  0.00000E+00  0.00000E+00  0.00000E+00  0.00000E+00  0.00000E+00  0.00000E+00  0.00000E+00  0.00000E+00  0.00000E+00  0.00000E+00  0.00000E+00  0.00000E+00  0.00000E+00  0.00000E+00  0.00000E+00  0.00000E+00  0.00000E+00  0.00000E+00  0.00000E+00  0.00000E+00
   73199   3  2.49538E-01  2.49538E-01  2.49538E-01  2.49538E-01  2.49538E-01  2.49538E-01  2.49538E-01  2.49538E-01  2.49538E-01  2.49538E-01  2.49538E-01  2.49538E-01  2.49538E-01  2.49538E-01  2.49538E-01  2.49538E-01  2.49538E-01  2.49538E-01  2.49538E-01  2.49538E-01  2.49538E-01  2.49538E-01  2.49538E-01  2.49538E-01
   71434   3  3.73085E+00  3.69956E+00  3.64481E+00  3.44145E+00  3.10513E+00  2.75316E+00  2.32729E+00  2.15490E+00  2.06870E+00  2.03997E+00  2.09743E+00  2.26983E+00  2.54278E+00  2.89475E+00  3.11024E+00  3.28263E+00  3.43347E+00  3.49094E+00  3.54840E+00  3.56995E+00  3.59868E+00  3.59150E+00  3.56995E+00  3.51249E+00
   71434   2  1.89703E+00  1.89074E+00  1.87973E+00  1.83883E+00  1.77120E+00  1.70042E+00  1.61477E+00  1.58011E+00  1.56277E+00  1.55699E+00  1.56855E+00  1.60322E+00  1.65811E+00  1.72889E+00  1.77222E+00  1.80689E+00  1.83722E+00  1.84878E+00  1.86034E+00  1.86467E+00  1.87045E+00  1.86900E+00  1.86467E+00  1.85311E+00
   73199   2  0.00000E+00  0.00000E+00  0.00000E+00  0.00000E+00  0.00000E+00  0.00000E+00  0.00000E+00  0.00000E+00  0.00000E+00  0.00000E+00  0.00000E+00  0.00000E+00  0.00000E+00  0.00000E+00  0.00000E+00  0.00000E+00  0.00000E+00  0.00000E+00  0.00000E+00  0.00000E+00  0.00000E+00  0.00000E+00  0.00000E+00  0.00000E+00
   73199   4  4.10976E+01  4.10976E+01  4.10976E+01  4.10976E+01  4.10976E+01  4.10976E+01  4.10976E+01  4.10976E+01  4.10976E+01  4.10976E+01  4.10976E+01  4.10976E+01  4.10976E+01  4.10976E+01  4.10976E+01  4.10976E+01  4.10976E+01  4.10976E+01  4.10976E+01  4.10976E+01  4.10976E+01  4.10976E+01  4.10976E+01  4.10976E+01
   72847   4  4.09502E-01  4.09502E-01  4.09502E-01  4.09502E-01  4.09502E-01  4.09502E-01  4.09502E-01  4.09502E-01  4.09502E-01  4.09502E-01  4.09502E-01  4.09502E-01  4.09502E-01  4.09502E-01  4.09502E-01  4.09502E-01  4.09502E-01  4.09502E-01  4.09502E-01  4.09502E-01  4.09502E-01  4.09502E-01  4.09502E-01  4.09502E-01
   72846   3  0.00000E+00  0.00000E+00  0.00000E+00  0.00000E+00  0.00000E+00  0.00000E+00  0.00000E+00  0.00000E+00  0.00000E+00  0.00000E+00  0.00000E+00  0.00000E+00  0.00000E+00  0.00000E+00  1.91756E-01  1.91756E-01  1.91756E-01  1.91756E-01  1.91756E-01  1.91756E-01  1.91756E-01  1.91756E-01  0.00000E+00  0.00000E+00
   72846   4  0.00000E+00  0.00000E+00  0.00000E+00  0.00000E+00  0.00000E+00  0.00000E+00  0.00000E+00  0.00000E+00  0.00000E+00  0.00000E+00  0.00000E+00  0.00000E+00  0.00000E+00  0.00000E+00  0.00000E+00  0.00000E+00  0.00000E+00  0.00000E+00  0.00000E+00  0.00000E+00  0.00000E+00  0.00000E+00  0.00000E+00  0.00000E+00
   73200   4  1.38526E+01  1.38526E+01  1.38526E+01  1.38526E+01  1.38526E+01  1.38526E+01  1.38526E+01  1.38526E+01  1.38526E+01  1.38526E+01  1.38526E+01  1.38526E+01  1.38526E+01  1.38526E+01  1.38526E+01  1.38526E+01  1.38526E+01  1.38526E+01  1.38526E+01  1.38526E+01  1.38526E+01  1.38526E+01  1.38526E+01  1.38526E+01
   72845   4  8.30012E-01  8.30012E-01  8.30012E-01  8.30012E-01  8.30012E-01  8.30012E-01  8.30012E-01  8.30012E-01  8.30012E-01  8.30012E-01  8.30012E-01  8.30012E-01  8.30012E-01  8.30012E-01  8.30012E-01  8.30012E-01  8.30012E-01  8.30012E-01  8.30012E-01  8.30012E-01  8.30012E-01  8.30012E-01  8.30012E-01  8.30012E-01
   72139   7  9.70790E+00  9.70790E+00  9.70790E+00  9.70790E+00  9.70790E+00  9.70790E+00  9.70790E+00  9.70790E+00  9.70790E+00  9.70790E+00  9.70790E+00  9.70790E+00  9.70790E+00  9.70790E+00  9.70790E+00  9.70790E+00  9.70790E+00  9.70790E+00  9.70790E+00  9.70790E+00  9.70790E+00  9.70790E+00  9.70790E+00  9.70790E+00
   57997   3  1.74809E-03  1.74809E-03  1.74809E-03  1.74809E-03  1.74809E-03  1.74809E-03  1.74809E-03  1.74809E-03  1.74809E-03  1.74809E-03  1.74809E-03  1.74809E-03  1.74809E-03  1.74809E-03  1.74809E-03  1.74809E-03  1.74809E-03  1.74809E-03  1.74809E-03  1.74809E-03  1.74809E-03  1.74809E-03  1.74809E-03  1.74809E-03
   51672   3  0.00000E+00  0.00000E+00  0.00000E+00  0.00000E+00  0.00000E+00  0.00000E+00  0.00000E+00  0.00000E+00  0.00000E+00  0.00000E+00  0.00000E+00  0.00000E+00  0.00000E+00  0.00000E+00  0.00000E+00  0.00000E+00  0.00000E+00  0.00000E+00  0.00000E+00  0.00000E+00  0.00000E+00  0.00000E+00  0.00000E+00  0.00000E+00
   56265   3  1.04886E-03  1.04886E-03  1.04886E-03  1.04886E-03  1.04886E-03  1.04886E-03  1.04886E-03  1.04886E-03  1.04886E-03  1.04886E-03  1.04886E-03  1.04886E-03  1.04886E-03  1.04886E-03  1.04886E-03  1.04886E-03  1.04886E-03  1.04886E-03  1.04886E-03  1.04886E-03  1.04886E-03  1.04886E-03  1.04886E-03  1.04886E-03
   46793   2  2.60161E+00  2.56310E+00  2.42010E+00  2.18359E+00  1.93608E+00  1.63660E+00  1.51537E+00  1.45475E+00  1.43455E+00  1.47496E+00  1.59619E+00  1.78813E+00  2.03564E+00  2.18718E+00  2.30841E+00  2.41449E+00  2.45490E+00  2.49531E+00  2.51046E+00  2.53066E+00  2.52561E+00  2.51046E+00  2.47005E+00  2.40944E+00
   47145   7  1.29153E-02  1.29153E-02  1.29153E-02  1.29153E-02  1.29153E-02  0.00000E+00  0.00000E+00  0.00000E+00  0.00000E+00  0.00000E+00  0.00000E+00  0.00000E+00  1.29153E-02  1.29153E-02  1.29153E-02  1.29153E-02  1.29153E-02  1.29153E-02  1.29153E-02  1.29153E-02  1.29153E-02  1.29153E-02  1.29153E-02  1.29153E-02
   47145   4  4.32867E+00  4.32867E+00  4.32867E+00  4.32867E+00  4.32867E+00  4.32867E+00  4.32867E+00  4.32867E+00  4.32867E+00  4.32867E+00  4.32867E+00  4.32867E+00  4.32867E+00  4.32867E+00  4.32867E+00  4.32867E+00  4.32867E+00  4.32867E+00  4.32867E+00  4.32867E+00  4.32867E+00  4.32867E+00  4.32867E+00  4.32867E+00
   46441   1  0.00000E+00  0.00000E+00  0.00000E+00  0.00000E+00  0.00000E+00  0.00000E+00  0.00000E+00  0.00000E+00  0.00000E+00  0.00000E+00  0.00000E+00  0.00000E+00  0.00000E+00  0.00000E+00  0.00000E+00  0.00000E+00  0.00000E+00  0.00000E+00  0.00000E+00  0.00000E+00  0.00000E+00  0.00000E+00  0.00000E+00  0.00000E+00
   46089   7  4.48548E-01  4.48548E-01  4.48548E-01  4.48548E-01  4.48548E-01  4.48548E-01  4.48548E-01  4.48548E-01  4.48548E-01  4.48548E-01  4.48548E-01  4.48548E-01  4.48548E-01  4.48548E-01  4.48548E-01  4.48548E-01  4.48548E-01  4.48548E-01  4.48548E-01  4.48548E-01  4.48548E-01  4.48548E-01  4.48548E-01  4.48548E-01
   47851   4  1.01275E-02  1.01275E-02  1.01275E-02  1.01275E-02  1.01275E-02  1.01275E-02  1.01275E-02  1.01275E-02  1.01275E-02  1.01275E-02  1.01275E-02  1.01275E-02  1.01275E-02  1.01275E-02  1.01275E-02  1.01275E-02  1.01275E-02  1.01275E-02  1.01275E-02  1.01275E-02  1.01275E-02  1.01275E-02  1.01275E-02  1.01275E-02
   47851   3  0.00000E+00  0.00000E+00  0.00000E+00  0.00000E+00  0.00000E+00  0.00000E+00  0.00000E+00  0.00000E+00  0.00000E+00  0.00000E+00  0.00000E+00  0.00000E+00  0.00000E+00  0.00000E+00  0.00000E+00  0.00000E+00  0.00000E+00  0.00000E+00  0.00000E+00  0.00000E+00  0.00000E+00  0.00000E+00  0.00000E+00  0.00000E+00
   47493   3  1.40078E-02  1.40078E-02  1.40078E-02  1.40078E-02  1.40078E-02  1.40078E-02  1.40078E-02  1.40078E-02  1.40078E-02  1.40078E-02  1.40078E-02  1.40078E-02  1.40078E-02  3.56451E-02  3.56451E-02  3.56451E-02  3.56451E-02  3.56451E-02  3.56451E-02  3.56451E-02  3.56451E-02  1.40078E-02  1.40078E-02  1.40078E-02
   47493   4  0.00000E+00  0.00000E+00  0.00000E+00  0.00000E+00  0.00000E+00  0.00000E+00  0.00000E+00  0.00000E+00  0.00000E+00  0.00000E+00  0.00000E+00  0.00000E+00  0.00000E+00  0.00000E+00  0.00000E+00  0.00000E+00  0.00000E+00  0.00000E+00  0.00000E+00  0.00000E+00  0.00000E+00  0.00000E+00  0.00000E+00  0.00000E+00
   47141   4  0.00000E+00  0.00000E+00  0.00000E+00  0.00000E+00  0.00000E+00  0.00000E+00  0.00000E+00  0.00000E+00  0.00000E+00  0.00000E+00  0.00000E+00  0.00000E+00  0.00000E+00  0.00000E+00  0.00000E+00  0.00000E+00  0.00000E+00  0.00000E+00  0.00000E+00  0.00000E+00  0.00000E+00  0.00000E+00  0.00000E+00  0.00000E+00
   47142   4  0.00000E+00  0.00000E+00  0.00000E+00  0.00000E+00  0.00000E+00  0.00000E+00  0.00000E+00  0.00000E+00  0.00000E+00  0.00000E+00  0.00000E+00  0.00000E+00  0.00000E+00  0.00000E+00  0.00000E+00  0.00000E+00  0.00000E+00  0.00000E+00  0.00000E+00  0.00000E+00  0.00000E+00  0.00000E+00  0.00000E+00  0.00000E+00
   47141   3  1.18197E-01  1.18197E-01  1.18197E-01  1.18197E-01  1.18197E-01  1.18197E-01  1.18197E-01  1.18197E-01  1.18197E-01  1.18197E-01  1.18197E-01  1.18197E-01  1.18197E-01  1.18197E-01  1.18197E-01  1.18197E-01  1.18197E-01  1.18197E-01  1.18197E-01  1.18197E-01  1.18197E-01  1.18197E-01  1.18197E-01  1.18197E-01
   47494   3  0.00000E+00  0.00000E+00  0.00000E+00  0.00000E+00  0.00000E+00  0.00000E+00  0.00000E+00  0.00000E+00  0.00000E+00  0.00000E+00  0.00000E+00  0.00000E+00  0.00000E+00  0.00000E+00  0.00000E+00  0.00000E+00  0.00000E+00  0.00000E+00  0.00000E+00  0.00000E+00  0.00000E+00  0.00000E+00  0.00000E+00  0.00000E+00
   46790   4  3.70518E-01  3.70518E-01  3.70518E-01  3.70518E-01  3.70518E-01  3.70518E-01  3.70518E-01  3.70518E-01  3.70518E-01  3.70518E-01  3.70518E-01  3.70518E-01  3.70518E-01  3.70518E-01  3.70518E-01  3.70518E-01  3.70518E-01  3.70518E-01  3.70518E-01  3.70518E-01  3.70518E-01  3.70518E-01  3.70518E-01  3.70518E-01
   46790   3  0.00000E+00  0.00000E+00  0.00000E+00  0.00000E+00  0.00000E+00  0.00000E+00  0.00000E+00  0.00000E+00  0.00000E+00  0.00000E+00  0.00000E+00  0.00000E+00  0.00000E+00  0.00000E+00  0.00000E+00  0.00000E+00  0.00000E+00  0.00000E+00  0.00000E+00  0.00000E+00  0.00000E+00  0.00000E+00  0.00000E+00  0.00000E+00
   47143   4  0.00000E+00  0.00000E+00  0.00000E+00  0.00000E+00  0.00000E+00  0.00000E+00  0.00000E+00  0.00000E+00  0.00000E+00  0.00000E+00  0.00000E+00  0.00000E+00  0.00000E+00  0.00000E+00  0.00000E+00  0.00000E+00  0.00000E+00  0.00000E+00  0.00000E+00  0.00000E+00  0.00000E+00  0.00000E+00  0.00000E+00  0.00000E+00
   47497   7  0.00000E+00  0.00000E+00  0.00000E+00  0.00000E+00  0.00000E+00  0.00000E+00  0.00000E+00  0.00000E+00  0.00000E+00  0.00000E+00  0.00000E+00  0.00000E+00  0.00000E+00  3.93799E+00  3.93799E+00  3.93799E+00  3.93799E+00  3.93799E+00  3.93799E+00  3.93799E+00  3.93799E+00  0.00000E+00  0.00000E+00  0.00000E+00
   47143   3  0.00000E+00  0.00000E+00  0.00000E+00  0.00000E+00  0.00000E+00  0.00000E+00  0.00000E+00  0.00000E+00  0.00000E+00  0.00000E+00  0.00000E+00  0.00000E+00  0.00000E+00  0.00000E+00  0.00000E+00  0.00000E+00  0.00000E+00  0.00000E+00  0.00000E+00  0.00000E+00  0.00000E+00  0.00000E+00  0.00000E+00  0.00000E+00
   46792   4  0.00000E+00  0.00000E+00  0.00000E+00  0.00000E+00  0.00000E+00  0.00000E+00  0.00000E+00  0.00000E+00  0.00000E+00  0.00000E+00  0.00000E+00  0.00000E+00  0.00000E+00  0.00000E+00  0.00000E+00  0.00000E+00  0.00000E+00  0.00000E+00  0.00000E+00  0.00000E+00  0.00000E+00  0.00000E+00  0.00000E+00  0.00000E+00
   46792   3  0.00000E+00  0.00000E+00  0.00000E+00  0.00000E+00  0.00000E+00  0.00000E+00  0.00000E+00  0.00000E+00  0.00000E+00  0.00000E+00  0.00000E+00  0.00000E+00  0.00000E+00  0.00000E+00  0.00000E+00  0.00000E+00  0.00000E+00  0.00000E+00  0.00000E+00  0.00000E+00  0.00000E+00  0.00000E+00  0.00000E+00  0.00000E+00
   46791   3  5.54407E+00  5.54386E+00  5.54310E+00  5.54183E+00  5.54051E+00  5.53891E+00  5.53826E+00  5.53794E+00  5.53783E+00  5.53804E+00  5.53869E+00  5.53972E+00  5.54104E+00  6.82154E+00  6.82219E+00  6.82276E+00  6.82298E+00  6.82319E+00  6.82327E+00  6.82338E+00  6.82335E+00  5.54358E+00  5.54336E+00  5.54304E+00
   46791   8  8.31147E-02  8.31147E-02  8.31147E-02  8.31147E-02  8.31147E-02  8.31147E-02  8.31147E-02  8.31147E-02  8.31147E-02  8.31147E-02  8.31147E-02  8.31147E-02  8.31147E-02  8.31147E-02  8.31147E-02  8.31147E-02  8.31147E-02  8.31147E-02  8.31147E-02  8.31147E-02  8.31147E-02  8.31147E-02  8.31147E-02  8.31147E-02
   46791   2  4.49586E+00  4.42933E+00  4.18220E+00  3.77348E+00  3.34576E+00  2.82822E+00  2.61872E+00  2.51398E+00  2.47906E+00  2.54889E+00  2.75839E+00  3.09010E+00  3.51782E+00  3.77969E+00  3.98919E+00  4.17250E+00  4.24233E+00  4.31217E+00  4.33835E+00  4.37327E+00  4.36454E+00  4.33835E+00  4.26852E+00  4.16377E+00
   46791   4  2.02544E+02  2.02544E+02  2.02544E+02  2.02544E+02  2.02544E+02  2.02544E+02  2.02544E+02  2.02544E+02  2.02544E+02  2.02544E+02  2.02544E+02  2.02544E+02  2.02544E+02  2.02544E+02  2.02544E+02  2.02544E+02  2.02544E+02  2.02544E+02  2.02544E+02  2.02544E+02  2.02544E+02  2.02544E+02  2.02544E+02  2.02544E+02
   46438   3  9.55830E-02  9.55830E-02  9.55830E-02  9.55830E-02  9.55830E-02  9.55830E-02  9.55830E-02  9.55830E-02  9.55830E-02  9.55830E-02  9.55830E-02  9.55830E-02  9.55830E-02  9.55830E-02  9.55830E-02  9.55830E-02  9.55830E-02  9.55830E-02  9.55830E-02  9.55830E-02  9.55830E-02  9.55830E-02  9.55830E-02  9.55830E-02
   47147   3  8.28534E-02  8.28534E-02  8.28534E-02  8.28534E-02  8.28534E-02  8.28534E-02  8.28534E-02  8.28534E-02  8.28534E-02  8.28534E-02  8.28534E-02  8.28534E-02  8.28534E-02  8.28534E-02  8.28534E-02  8.28534E-02  8.28534E-02  8.28534E-02  8.28534E-02  8.28534E-02  8.28534E-02  8.28534E-02  8.28534E-02  8.28534E-02
   47848   3  0.00000E+00  0.00000E+00  0.00000E+00  0.00000E+00  0.00000E+00  0.00000E+00  0.00000E+00  0.00000E+00  0.00000E+00  0.00000E+00  0.00000E+00  0.00000E+00  0.00000E+00  0.00000E+00  0.00000E+00  0.00000E+00  0.00000E+00  0.00000E+00  0.00000E+00  0.00000E+00  0.00000E+00  0.00000E+00  0.00000E+00  0.00000E+00
   46791   1  0.00000E+00  0.00000E+00  0.00000E+00  0.00000E+00  0.00000E+00  0.00000E+00  0.00000E+00  0.00000E+00  0.00000E+00  0.00000E+00  0.00000E+00  0.00000E+00  0.00000E+00  0.00000E+00  0.00000E+00  0.00000E+00  0.00000E+00  0.00000E+00  0.00000E+00  0.00000E+00  0.00000E+00  0.00000E+00  0.00000E+00  0.00000E+00
   47144   3  6.40231E-03  6.40231E-03  6.40231E-03  6.40231E-03  6.40231E-03  6.40231E-03  6.40231E-03  6.40231E-03  6.40231E-03  6.40231E-03  6.40231E-03  6.40231E-03  6.40231E-03  6.40231E-03  6.40231E-03  6.40231E-03  6.40231E-03  6.40231E-03  6.40231E-03  6.40231E-03  6.40231E-03  6.40231E-03  6.40231E-03  6.40231E-03
   47144   4  3.86681E+01  3.86681E+01  3.86681E+01  3.86681E+01  3.86681E+01  3.86681E+01  3.86681E+01  3.86681E+01  3.86681E+01  3.86681E+01  3.86681E+01  3.86681E+01  3.86681E+01  3.86681E+01  3.86681E+01  3.86681E+01  3.86681E+01  3.86681E+01  3.86681E+01  3.86681E+01  3.86681E+01  3.86681E+01  3.86681E+01  3.86681E+01
   47144   1  5.79782E-01  5.79782E-01  5.79782E-01  5.79782E-01  5.79782E-01  5.79782E-01  5.79782E-01  5.79782E-01  5.79782E-01  5.79782E-01  5.79782E-01  5.79782E-01  5.79782E-01  5.79782E-01  5.79782E-01  5.79782E-01  5.79782E-01  5.79782E-01  5.79782E-01  5.79782E-01  5.79782E-01  5.79782E-01  5.79782E-01  5.79782E-01
   47144   2  9.56580E-02  9.56580E-02  9.56580E-02  9.56580E-02  9.56580E-02  9.56580E-02  9.56580E-02  9.56580E-02  9.56580E-02  9.56580E-02  9.56580E-02  9.56580E-02  9.56580E-02  9.56580E-02  9.56580E-02  9.56580E-02  9.56580E-02  9.56580E-02  9.56580E-02  9.56580E-02  9.56580E-02  9.56580E-02  9.56580E-02  9.56580E-02
   46789   3  4.42697E+00  4.42697E+00  4.42697E+00  4.42697E+00  4.42697E+00  4.42697E+00  4.42697E+00  4.42697E+00  4.42697E+00  4.42697E+00  4.42697E+00  4.42697E+00  4.42697E+00  4.42697E+00  4.42697E+00  4.42697E+00  4.42697E+00  4.42697E+00  4.42697E+00  4.42697E+00  4.42697E+00  4.42697E+00  4.42697E+00  4.42697E+00
   46789   4  9.55622E+00  9.55622E+00  9.55622E+00  9.55622E+00  9.55622E+00  9.55622E+00  9.55622E+00  9.55622E+00  9.55622E+00  9.55622E+00  9.55622E+00  9.55622E+00  9.55622E+00  9.55622E+00  9.55622E+00  9.55622E+00  9.55622E+00  9.55622E+00  9.55622E+00  9.55622E+00  9.55622E+00  9.55622E+00  9.55622E+00  9.55622E+00
   46436   7  2.67728E+01  2.67728E+01  2.67728E+01  2.67728E+01  2.67728E+01  2.67728E+01  2.67728E+01  2.67728E+01  2.67728E+01  2.67728E+01  2.67728E+01  2.67728E+01  2.67728E+01  2.67728E+01  2.67728E+01  2.67728E+01  2.67728E+01  2.67728E+01  2.67728E+01  2.67728E+01  2.67728E+01  2.67728E+01  2.67728E+01  2.67728E+01
   71754   1  0.00000E+00  0.00000E+00  0.00000E+00  0.00000E+00  0.00000E+00  0.00000E+00  0.00000E+00  0.00000E+00  0.00000E+00  0.00000E+00  0.00000E+00  0.00000E+00  0.00000E+00  0.00000E+00  5.36811E-01  5.36811E-01  5.36811E-01  5.36811E-01  5.36811E-01  5.36811E-01  5.36811E-01  5.36811E-01  0.00000E+00  0.00000E+00
   71755   4  5.28390E-03  5.28390E-03  5.28390E-03  5.28390E-03  5.28390E-03  5.28390E-03  5.28390E-03  5.28390E-03  5.28390E-03  5.28390E-03  5.28390E-03  5.28390E-03  5.28390E-03  5.28390E-03  5.28390E-03  5.28390E-03  5.28390E-03  5.28390E-03  5.28390E-03  5.28390E-03  5.28390E-03  5.28390E-03  5.28390E-03  5.28390E-03
   72073   3  0.00000E+00  0.00000E+00  0.00000E+00  0.00000E+00  0.00000E+00  0.00000E+00  0.00000E+00  0.00000E+00  0.00000E+00  0.00000E+00  0.00000E+00  0.00000E+00  0.00000E+00  0.00000E+00  0.00000E+00  0.00000E+00  0.00000E+00  0.00000E+00  0.00000E+00  0.00000E+00  0.00000E+00  0.00000E+00  0.00000E+00  0.00000E+00
   70667   3  1.71725E-03  1.71725E-03  1.71725E-03  1.71725E-03  1.71725E-03  1.71725E-03  1.71725E-03  1.71725E-03  1.71725E-03  1.71725E-03  1.71725E-03  1.71725E-03  1.71725E-03  1.71725E-03  1.71725E-03  1.71725E-03  1.71725E-03  1.71725E-03  1.71725E-03  1.71725E-03  1.71725E-03  1.71725E-03  1.71725E-03  1.71725E-03
   55157   3  6.86898E-04  6.86898E-04  6.86898E-04  6.86898E-04  6.86898E-04  6.86898E-04  6.86898E-04  6.86898E-04  6.86898E-04  6.86898E-04  6.86898E-04  6.86898E-04  6.86898E-04  6.86898E-04  6.86898E-04  6.86898E-04  6.86898E-04  6.86898E-04  6.86898E-04  6.86898E-04  6.86898E-04  6.86898E-04  6.86898E-04  6.86898E-04
   55157   7  3.62500E+00  3.62500E+00  3.62500E+00  3.62500E+00  3.62500E+00  3.62500E+00  3.62500E+00  3.62500E+00  3.62500E+00  3.62500E+00  3.62500E+00  3.62500E+00  3.62500E+00  3.62500E+00  3.62500E+00  3.62500E+00  3.62500E+00  3.62500E+00  3.62500E+00  3.62500E+00  3.62500E+00  3.62500E+00  3.62500E+00  3.62500E+00
   70688   2  4.20941E-01  4.20941E-01  4.20941E-01  4.20941E-01  4.20941E-01  4.20941E-01  4.20941E-01  4.20941E-01  4.20941E-01  4.20941E-01  4.20941E-01  4.20941E-01  4.20941E-01  4.20941E-01  4.20941E-01  4.20941E-01  4.20941E-01  4.20941E-01  4.20941E-01  4.20941E-01  4.20941E-01  4.20941E-01  4.20941E-01  4.20941E-01
   61152   3  4.89466E-03  4.89466E-03  4.89466E-03  4.89466E-03  4.89466E-03  4.89466E-03  4.89466E-03  4.89466E-03  4.89466E-03  4.89466E-03  4.89466E-03  4.89466E-03  4.89466E-03  4.89466E-03  4.89466E-03  4.89466E-03  4.89466E-03  4.89466E-03  4.89466E-03  4.89466E-03  4.89466E-03  4.89466E-03  4.89466E-03  4.89466E-03
   66103   3  2.51027E-04  2.51027E-04  2.51027E-04  2.51027E-04  2.51027E-04  2.51027E-04  2.51027E-04  2.51027E-04  2.51027E-04  2.51027E-04  2.51027E-04  2.51027E-04  2.51027E-04  2.51027E-04  2.51027E-04  2.51027E-04  2.51027E-04  2.51027E-04  2.51027E-04  2.51027E-04  2.51027E-04  2.51027E-04  2.51027E-04  2.51027E-04
   57265   2  7.09937E+00  7.03983E+00  6.93565E+00  6.54868E+00  5.90870E+00  5.23895E+00  4.42856E+00  4.10052E+00  3.93650E+00  3.88183E+00  3.99117E+00  4.31922E+00  4.83861E+00  5.50837E+00  5.91842E+00  6.24646E+00  6.53350E+00  6.64284E+00  6.75219E+00  6.79320E+00  6.84787E+00  6.83420E+00  6.79320E+00  6.68385E+00
   57265   7  6.62230E+00  6.62230E+00  6.62230E+00  6.62230E+00  6.62230E+00  6.62230E+00  6.62230E+00  6.62230E+00  6.62230E+00  6.62230E+00  6.62230E+00  6.62230E+00  6.62230E+00  6.62230E+00  6.62230E+00  6.62230E+00  6.62230E+00  6.62230E+00  6.62230E+00  6.62230E+00  6.62230E+00  6.62230E+00  6.62230E+00  6.62230E+00
   57265   3  0.00000E+00  0.00000E+00  0.00000E+00  0.00000E+00  0.00000E+00  0.00000E+00  0.00000E+00  0.00000E+00  0.00000E+00  0.00000E+00  0.00000E+00  0.00000E+00  0.00000E+00  0.00000E+00  0.00000E+00  0.00000E+00  0.00000E+00  0.00000E+00  0.00000E+00  0.00000E+00  0.00000E+00  0.00000E+00  0.00000E+00  0.00000E+00
   62209   3  3.13702E-01  3.13702E-01  3.13702E-01  3.13702E-01  3.13702E-01  3.13702E-01  3.13702E-01  3.13702E-01  3.13702E-01  3.13702E-01  3.13702E-01  3.13702E-01  3.13702E-01  3.13702E-01  3.13702E-01  3.13702E-01  3.13702E-01  3.13702E-01  3.13702E-01  3.13702E-01  3.13702E-01  3.13702E-01  3.13702E-01  3.13702E-01
   62209   4  0.00000E+00  0.00000E+00  0.00000E+00  0.00000E+00  0.00000E+00  0.00000E+00  0.00000E+00  0.00000E+00  0.00000E+00  0.00000E+00  0.00000E+00  0.00000E+00  0.00000E+00  0.00000E+00  0.00000E+00  0.00000E+00  0.00000E+00  0.00000E+00  0.00000E+00  0.00000E+00  0.00000E+00  0.00000E+00  0.00000E+00  0.00000E+00
   62209   2  0.00000E+00  0.00000E+00  0.00000E+00  0.00000E+00  0.00000E+00  0.00000E+00  0.00000E+00  0.00000E+00  0.00000E+00  0.00000E+00  0.00000E+00  0.00000E+00  0.00000E+00  0.00000E+00  0.00000E+00  0.00000E+00  0.00000E+00  0.00000E+00  0.00000E+00  0.00000E+00  0.00000E+00  0.00000E+00  0.00000E+00  0.00000E+00
   62560   3  0.00000E+00  0.00000E+00  0.00000E+00  0.00000E+00  0.00000E+00  0.00000E+00  0.00000E+00  0.00000E+00  0.00000E+00  0.00000E+00  0.00000E+00  0.00000E+00  0.00000E+00  0.00000E+00  6.49675E+01  6.49675E+01  6.49675E+01  6.49675E+01  6.49675E+01  6.49675E+01  6.49675E+01  6.49675E+01  0.00000E+00  0.00000E+00
   62560   6  1.11286E-01  1.11286E-01  1.11286E-01  1.11286E-01  1.11286E-01  1.11286E-01  1.11286E-01  1.11286E-01  1.11286E-01  1.11286E-01  1.11286E-01  1.11286E-01  1.11286E-01  1.11286E-01  1.11286E-01  1.11286E-01  1.11286E-01  1.11286E-01  1.11286E-01  1.11286E-01  1.11286E-01  1.11286E-01  1.11286E-01  1.11286E-01
   62560   2  0.00000E+00  0.00000E+00  0.00000E+00  0.00000E+00  0.00000E+00  0.00000E+00  0.00000E+00  0.00000E+00  0.00000E+00  0.00000E+00  0.00000E+00  0.00000E+00  0.00000E+00  0.00000E+00  0.00000E+00  0.00000E+00  0.00000E+00  0.00000E+00  0.00000E+00  0.00000E+00  0.00000E+00  0.00000E+00  0.00000E+00  0.00000E+00
   62906   3  0.00000E+00  0.00000E+00  0.00000E+00  0.00000E+00  0.00000E+00  0.00000E+00  0.00000E+00  0.00000E+00  0.00000E+00  0.00000E+00  0.00000E+00  0.00000E+00  0.00000E+00  0.00000E+00  7.72761E-02  7.72761E-02  7.72761E-02  7.72761E-02  7.72761E-02  7.72761E-02  7.72761E-02  7.72761E-02  0.00000E+00  0.00000E+00
   62906   2  3.99233E-02  3.95885E-02  3.90026E-02  3.68265E-02  3.32275E-02  2.94612E-02  2.49040E-02  2.30593E-02  2.21369E-02  2.18294E-02  2.24443E-02  2.42891E-02  2.72099E-02  3.09763E-02  3.32822E-02  3.51269E-02  3.67411E-02  3.73560E-02  3.79709E-02  3.82015E-02  3.85090E-02  3.84321E-02  3.82015E-02  3.75866E-02
   62201   7  1.50671E-04  1.50671E-04  1.50671E-04  1.50671E-04  1.50671E-04  1.50671E-04  1.50671E-04  1.50671E-04  1.50671E-04  1.50671E-04  1.50671E-04  1.50671E-04  1.50671E-04  1.50671E-04  1.50671E-04  1.50671E-04  1.50671E-04  1.50671E-04  1.50671E-04  1.50671E-04  1.50671E-04  1.50671E-04  1.50671E-04  1.50671E-04
   69268   7  3.33285E-01  3.33285E-01  3.33285E-01  3.33285E-01  3.33285E-01  3.33285E-01  3.33285E-01  3.33285E-01  3.33285E-01  3.33285E-01  3.33285E-01  3.33285E-01  3.33285E-01  3.33285E-01  3.33285E-01  3.33285E-01  3.33285E-01  3.33285E-01  3.33285E-01  3.33285E-01  3.33285E-01  3.33285E-01  3.33285E-01  3.33285E-01
   67518   2  0.00000E+00  0.00000E+00  0.00000E+00  0.00000E+00  0.00000E+00  0.00000E+00  0.00000E+00  0.00000E+00  0.00000E+00  0.00000E+00  0.00000E+00  0.00000E+00  0.00000E+00  0.00000E+00  0.00000E+00  0.00000E+00  0.00000E+00  0.00000E+00  0.00000E+00  0.00000E+00  0.00000E+00  0.00000E+00  0.00000E+00  0.00000E+00
   53397   5  0.00000E+00  0.00000E+00  0.00000E+00  0.00000E+00  0.00000E+00  0.00000E+00  0.00000E+00  0.00000E+00  0.00000E+00  0.00000E+00  0.00000E+00  0.00000E+00  0.00000E+00  0.00000E+00  0.00000E+00  0.00000E+00  0.00000E+00  0.00000E+00  0.00000E+00  0.00000E+00  0.00000E+00  0.00000E+00  0.00000E+00  0.00000E+00
   53397   3  0.00000E+00  0.00000E+00  0.00000E+00  0.00000E+00  0.00000E+00  0.00000E+00  0.00000E+00  0.00000E+00  0.00000E+00  0.00000E+00  0.00000E+00  0.00000E+00  0.00000E+00  0.00000E+00  1.13338E-02  1.13338E-02  1.13338E-02  1.13338E-02  1.13338E-02  1.13338E-02  1.13338E-02  1.13338E-02  0.00000E+00  0.00000E+00
   53397   7  4.29564E-01  4.29564E-01  4.29564E-01  4.29564E-01  4.29564E-01  4.29564E-01  4.29564E-01  4.29564E-01  4.29564E-01  4.29564E-01  4.29564E-01  4.29564E-01  4.29564E-01  4.29564E-01  4.29564E-01  4.29564E-01  4.29564E-01  4.29564E-01  4.29564E-01  4.29564E-01  4.29564E-01  4.29564E-01  4.29564E-01  4.29564E-01
   72093   3  3.90748E-03  3.90748E-03  3.90748E-03  3.90748E-03  3.90748E-03  3.90748E-03  3.90748E-03  3.90748E-03  3.90748E-03  3.90748E-03  3.90748E-03  3.90748E-03  3.90748E-03  3.90748E-03  3.90748E-03  3.90748E-03  3.90748E-03  3.90748E-03  3.90748E-03  3.90748E-03  3.90748E-03  3.90748E-03  3.90748E-03  3.90748E-03
   72093   7  2.09614E+00  2.09614E+00  2.09614E+00  2.09614E+00  2.09614E+00  2.09614E+00  2.09614E+00  2.09614E+00  2.09614E+00  2.09614E+00  2.09614E+00  2.09614E+00  2.09614E+00  2.09614E+00  2.09614E+00  2.09614E+00  2.09614E+00  2.09614E+00  2.09614E+00  2.09614E+00  2.09614E+00  2.09614E+00  2.09614E+00  2.09614E+00
   72093   4  2.49884E+00  2.49884E+00  2.49884E+00  2.49884E+00  2.49884E+00  2.49884E+00  2.49884E+00  2.49884E+00  2.49884E+00  2.49884E+00  2.49884E+00  2.49884E+00  2.49884E+00  2.49884E+00  2.49884E+00  2.49884E+00  2.49884E+00  2.49884E+00  2.49884E+00  2.49884E+00  2.49884E+00  2.49884E+00  2.49884E+00  2.49884E+00
   66425   2  9.17434E+00  9.03857E+00  8.53427E+00  7.70024E+00  6.82742E+00  5.77132E+00  5.34382E+00  5.13006E+00  5.05881E+00  5.20131E+00  5.62882E+00  6.30570E+00  7.17853E+00  7.71291E+00  8.14041E+00  8.51448E+00  8.65698E+00  8.79948E+00  8.85292E+00  8.92417E+00  8.90636E+00  8.85292E+00  8.71042E+00  8.49667E+00
   67854   3  1.39848E-03  1.39848E-03  1.39848E-03  1.39848E-03  1.39848E-03  1.39848E-03  1.39848E-03  1.39848E-03  1.39848E-03  1.39848E-03  1.39848E-03  1.39848E-03  1.39848E-03  1.39848E-03  1.39848E-03  1.39848E-03  1.39848E-03  1.39848E-03  1.39848E-03  1.39848E-03  1.39848E-03  1.39848E-03  1.39848E-03  1.39848E-03
   59052   2  3.43449E-04  3.43449E-04  3.43449E-04  3.43449E-04  3.43449E-04  3.43449E-04  3.43449E-04  3.43449E-04  3.43449E-04  3.43449E-04  3.43449E-04  3.43449E-04  3.43449E-04  3.43449E-04  3.43449E-04  3.43449E-04  3.43449E-04  3.43449E-04  3.43449E-04  3.43449E-04  3.43449E-04  3.43449E-04  3.43449E-04  3.43449E-04
   72780   3  1.39848E-03  1.39848E-03  1.39848E-03  1.39848E-03  1.39848E-03  1.39848E-03  1.39848E-03  1.39848E-03  1.39848E-03  1.39848E-03  1.39848E-03  1.39848E-03  1.39848E-03  1.39848E-03  1.39848E-03  1.39848E-03  1.39848E-03  1.39848E-03  1.39848E-03  1.39848E-03  1.39848E-03  1.39848E-03  1.39848E-03  1.39848E-03
   32698   2  1.20901E+01  1.19111E+01  1.12466E+01  1.01475E+01  8.99725E+00  7.60552E+00  7.04214E+00  6.76046E+00  6.66656E+00  6.85435E+00  7.41773E+00  8.30973E+00  9.45995E+00  1.01642E+01  1.07275E+01  1.12205E+01  1.14083E+01  1.15961E+01  1.16665E+01  1.17604E+01  1.17369E+01  1.16665E+01  1.14787E+01  1.11970E+01
   32699   3  0.00000E+00  0.00000E+00  0.00000E+00  0.00000E+00  0.00000E+00  0.00000E+00  0.00000E+00  0.00000E+00  0.00000E+00  0.00000E+00  0.00000E+00  0.00000E+00  0.00000E+00  0.00000E+00  0.00000E+00  0.00000E+00  0.00000E+00  0.00000E+00  0.00000E+00  0.00000E+00  0.00000E+00  0.00000E+00  0.00000E+00  0.00000E+00
   32698   4  5.04568E-01  5.04568E-01  5.04568E-01  5.04568E-01  5.04568E-01  5.04568E-01  5.04568E-01  5.04568E-01  5.04568E-01  5.04568E-01  5.04568E-01  5.04568E-01  5.04568E-01  5.04568E-01  5.04568E-01  5.04568E-01  5.04568E-01  5.04568E-01  5.04568E-01  5.04568E-01  5.04568E-01  5.04568E-01  5.04568E-01  5.04568E-01
   32698   3  1.88899E-01  1.88899E-01  1.88899E-01  1.88899E-01  1.88899E-01  1.88899E-01  1.88899E-01  1.88899E-01  1.88899E-01  1.88899E-01  1.88899E-01  1.88899E-01  1.88899E-01  1.88899E-01  1.88899E-01  1.88899E-01  1.88899E-01  1.88899E-01  1.88899E-01  1.88899E-01  1.88899E-01  1.88899E-01  1.88899E-01  1.88899E-01
   33754   4  0.00000E+00  0.00000E+00  0.00000E+00  0.00000E+00  0.00000E+00  0.00000E+00  0.00000E+00  0.00000E+00  0.00000E+00  0.00000E+00  0.00000E+00  0.00000E+00  0.00000E+00  0.00000E+00  0.00000E+00  0.00000E+00  0.00000E+00  0.00000E+00  0.00000E+00  0.00000E+00  0.00000E+00  0.00000E+00  0.00000E+00  0.00000E+00
   32698   5  9.09301E-01  9.09301E-01  9.09301E-01  9.09301E-01  9.09301E-01  9.09301E-01  9.09301E-01  9.09301E-01  9.09301E-01  9.09301E-01  9.09301E-01  9.09301E-01  9.09301E-01  9.09301E-01  9.09301E-01  9.09301E-01  9.09301E-01  9.09301E-01  9.09301E-01  9.09301E-01  9.09301E-01  9.09301E-01  9.09301E-01  9.09301E-01
   46097   3  2.39693E-03  2.39693E-03  2.39693E-03  2.39693E-03  2.39693E-03  2.39693E-03  2.39693E-03  2.39693E-03  2.39693E-03  2.39693E-03  2.39693E-03  2.39693E-03  2.39693E-03  2.39693E-03  2.39693E-03  2.39693E-03  2.39693E-03  2.39693E-03  2.39693E-03  2.39693E-03  2.39693E-03  2.39693E-03  2.39693E-03  2.39693E-03
   32346   1  1.64150E+01  1.64150E+01  1.64150E+01  1.64150E+01  1.64150E+01  1.64150E+01  1.64150E+01  1.64150E+01  1.64150E+01  1.64150E+01  1.64150E+01  1.64150E+01  1.64150E+01  1.64150E+01  1.64150E+01  1.64150E+01  1.64150E+01  1.64150E+01  1.64150E+01  1.64150E+01  1.64150E+01  1.64150E+01  1.64150E+01  1.64150E+01
   32346   2  4.98888E+01  4.98888E+01  4.98888E+01  4.98888E+01  4.98888E+01  4.98888E+01  4.98888E+01  4.98888E+01  4.98888E+01  4.98888E+01  4.98888E+01  4.98888E+01  4.98888E+01  4.98888E+01  4.98888E+01  4.98888E+01  4.98888E+01  4.98888E+01  4.98888E+01  4.98888E+01  4.98888E+01  4.98888E+01  4.98888E+01  4.98888E+01
   32346   3  1.31964E+01  1.31964E+01  1.31964E+01  1.31964E+01  1.31964E+01  1.31964E+01  1.31964E+01  1.31964E+01  1.31964E+01  1.31964E+01  1.31964E+01  1.31964E+01  1.31964E+01  1.32263E+01  1.32263E+01  1.32263E+01  1.32263E+01  1.32263E+01  1.32263E+01  1.32263E+01  1.32263E+01  1.31964E+01  1.31964E+01  1.31964E+01
   32346   5  2.99143E+00  2.99143E+00  2.99143E+00  2.99143E+00  2.99143E+00  2.99143E+00  2.99143E+00  2.99143E+00  2.99143E+00  2.99143E+00  2.99143E+00  2.99143E+00  2.99143E+00  2.99143E+00  2.99143E+00  2.99143E+00  2.99143E+00  2.99143E+00  2.99143E+00  2.99143E+00  2.99143E+00  2.99143E+00  2.99143E+00  2.99143E+00
   33394   3  0.00000E+00  0.00000E+00  0.00000E+00  0.00000E+00  0.00000E+00  0.00000E+00  0.00000E+00  0.00000E+00  0.00000E+00  0.00000E+00  0.00000E+00  0.00000E+00  0.00000E+00  0.00000E+00  0.00000E+00  0.00000E+00  0.00000E+00  0.00000E+00  0.00000E+00  0.00000E+00  0.00000E+00  0.00000E+00  0.00000E+00  0.00000E+00
   33394   7  6.90978E-01  6.90978E-01  6.90978E-01  6.90978E-01  6.90978E-01  6.90978E-01  6.90978E-01  6.90978E-01  6.90978E-01  6.90978E-01  6.90978E-01  6.90978E-01  6.90978E-01  6.90978E-01  6.90978E-01  6.90978E-01  6.90978E-01  6.90978E-01  6.90978E-01  6.90978E-01  6.90978E-01  6.90978E-01  6.90978E-01  6.90978E-01
   47881   3  5.09658E-02  5.09658E-02  5.09658E-02  5.09658E-02  5.09658E-02  5.09658E-02  5.09658E-02  5.09658E-02  5.09658E-02  5.09658E-02  5.09658E-02  5.09658E-02  5.09658E-02  5.09658E-02  5.09658E-02  5.09658E-02  5.09658E-02  5.09658E-02  5.09658E-02  5.09658E-02  5.09658E-02  5.09658E-02  5.09658E-02  5.09658E-02
   47881   4  4.32179E+00  4.32179E+00  4.32179E+00  4.32179E+00  4.32179E+00  4.32179E+00  4.32179E+00  4.32179E+00  4.32179E+00  4.32179E+00  4.32179E+00  4.32179E+00  4.32179E+00  4.32179E+00  4.32179E+00  4.32179E+00  4.32179E+00  4.32179E+00  4.32179E+00  4.32179E+00  4.32179E+00  4.32179E+00  4.32179E+00  4.32179E+00
   54565   3  3.43449E-04  3.43449E-04  3.43449E-04  3.43449E-04  3.43449E-04  3.43449E-04  3.43449E-04  3.43449E-04  3.43449E-04  3.43449E-04  3.43449E-04  3.43449E-04  3.43449E-04  3.43449E-04  3.43449E-04  3.43449E-04  3.43449E-04  3.43449E-04  3.43449E-04  3.43449E-04  3.43449E-04  3.43449E-04  3.43449E-04  3.43449E-04
   54565   4  2.63534E+00  2.63534E+00  2.63534E+00  2.63534E+00  2.63534E+00  2.63534E+00  2.63534E+00  2.63534E+00  2.63534E+00  2.63534E+00  2.63534E+00  2.63534E+00  2.63534E+00  2.63534E+00  2.63534E+00  2.63534E+00  2.63534E+00  2.63534E+00  2.63534E+00  2.63534E+00  2.63534E+00  2.63534E+00  2.63534E+00  2.63534E+00
   54565   7  1.43966E+00  1.43966E+00  1.43966E+00  1.43966E+00  1.43966E+00  1.43966E+00  1.43966E+00  1.43966E+00  1.43966E+00  1.43966E+00  1.43966E+00  1.43966E+00  1.43966E+00  1.43966E+00  1.43966E+00  1.43966E+00  1.43966E+00  1.43966E+00  1.43966E+00  1.43966E+00  1.43966E+00  1.43966E+00  1.43966E+00  1.43966E+00
   48578   4  1.28385E+00  1.28385E+00  1.28385E+00  1.28385E+00  1.28385E+00  1.28385E+00  1.28385E+00  1.28385E+00  1.28385E+00  1.28385E+00  1.28385E+00  1.28385E+00  1.28385E+00  1.28385E+00  1.28385E+00  1.28385E+00  1.28385E+00  1.28385E+00  1.28385E+00  1.28385E+00  1.28385E+00  1.28385E+00  1.28385E+00  1.28385E+00
   48578   3  3.17107E-01  3.17107E-01  3.17107E-01  3.17107E-01  3.17107E-01  3.17107E-01  3.17107E-01  3.17107E-01  3.17107E-01  3.17107E-01  3.17107E-01  3.17107E-01  3.17107E-01  3.17107E-01  3.17107E-01  3.17107E-01  3.17107E-01  3.17107E-01  3.17107E-01  3.17107E-01  3.17107E-01  3.17107E-01  3.17107E-01  3.17107E-01
   48578   2  0.00000E+00  0.00000E+00  0.00000E+00  0.00000E+00  0.00000E+00  0.00000E+00  0.00000E+00  0.00000E+00  0.00000E+00  0.00000E+00  0.00000E+00  0.00000E+00  0.00000E+00  0.00000E+00  0.00000E+00  0.00000E+00  0.00000E+00  0.00000E+00  0.00000E+00  0.00000E+00  0.00000E+00  0.00000E+00  0.00000E+00  0.00000E+00
   48226   3  0.00000E+00  0.00000E+00  0.00000E+00  0.00000E+00  0.00000E+00  0.00000E+00  0.00000E+00  0.00000E+00  0.00000E+00  0.00000E+00  0.00000E+00  0.00000E+00  0.00000E+00  0.00000E+00  0.00000E+00  0.00000E+00  0.00000E+00  0.00000E+00  0.00000E+00  0.00000E+00  0.00000E+00  0.00000E+00  0.00000E+00  0.00000E+00
   48226   4  0.00000E+00  0.00000E+00  0.00000E+00  0.00000E+00  0.00000E+00  0.00000E+00  0.00000E+00  0.00000E+00  0.00000E+00  0.00000E+00  0.00000E+00  0.00000E+00  0.00000E+00  0.00000E+00  0.00000E+00  0.00000E+00  0.00000E+00  0.00000E+00  0.00000E+00  0.00000E+00  0.00000E+00  0.00000E+00  0.00000E+00  0.00000E+00
   47518   7  6.47886E-01  6.47886E-01  6.47886E-01  6.47886E-01  6.47886E-01  6.47886E-01  6.47886E-01  6.47886E-01  6.47886E-01  6.47886E-01  6.47886E-01  6.47886E-01  6.47886E-01  6.47886E-01  6.47886E-01  6.47886E-01  6.47886E-01  6.47886E-01  6.47886E-01  6.47886E-01  6.47886E-01  6.47886E-01  6.47886E-01  6.47886E-01
   48227   3  6.19853E-01  6.10679E-01  5.76607E-01  5.20257E-01  4.61286E-01  3.89932E-01  3.61048E-01  3.46606E-01  3.41792E-01  3.51420E-01  3.80304E-01  4.26037E-01  4.85008E-01  5.21113E-01  5.49996E-01  5.75270E-01  5.84898E-01  5.94526E-01  5.98136E-01  6.02950E-01  6.01747E-01  5.98136E-01  5.88508E-01  5.74066E-01
   48227   2  5.56289E+00  5.48057E+00  5.17479E+00  4.66907E+00  4.13983E+00  3.49946E+00  3.24024E+00  3.11063E+00  3.06743E+00  3.15384E+00  3.41305E+00  3.82349E+00  4.35273E+00  4.67675E+00  4.93597E+00  5.16279E+00  5.24919E+00  5.33560E+00  5.36800E+00  5.41120E+00  5.40040E+00  5.36800E+00  5.28159E+00  5.15198E+00
   46818   4  4.97127E-01  4.97127E-01  4.97127E-01  4.97127E-01  4.97127E-01  4.97127E-01  4.97127E-01  4.97127E-01  4.97127E-01  4.97127E-01  4.97127E-01  4.97127E-01  4.97127E-01  4.97127E-01  4.97127E-01  4.97127E-01  4.97127E-01  4.97127E-01  4.97127E-01  4.97127E-01  4.97127E-01  4.97127E-01  4.97127E-01  4.97127E-01
   38332   4  0.00000E+00  0.00000E+00  0.00000E+00  0.00000E+00  0.00000E+00  0.00000E+00  0.00000E+00  0.00000E+00  0.00000E+00  0.00000E+00  0.00000E+00  0.00000E+00  0.00000E+00  0.00000E+00  0.00000E+00  0.00000E+00  0.00000E+00  0.00000E+00  0.00000E+00  0.00000E+00  0.00000E+00  0.00000E+00  0.00000E+00  0.00000E+00
   38332   7  7.59082E-01  7.59082E-01  7.59082E-01  7.59082E-01  7.59082E-01  7.59082E-01  7.59082E-01  7.59082E-01  7.59082E-01  7.59082E-01  7.59082E-01  7.59082E-01  7.59082E-01  7.59082E-01  7.59082E-01  7.59082E-01  7.59082E-01  7.59082E-01  7.59082E-01  7.59082E-01  7.59082E-01  7.59082E-01  7.59082E-01  7.59082E-01
   35158   3  0.00000E+00  0.00000E+00  0.00000E+00  0.00000E+00  0.00000E+00  0.00000E+00  0.00000E+00  0.00000E+00  0.00000E+00  0.00000E+00  0.00000E+00  0.00000E+00  0.00000E+00  0.00000E+00  0.00000E+00  0.00000E+00  0.00000E+00  0.00000E+00  0.00000E+00  0.00000E+00  0.00000E+00  0.00000E+00  0.00000E+00  0.00000E+00
   30178   3  3.47634E+00  3.47634E+00  3.47634E+00  3.47634E+00  3.47634E+00  5.08031E-02  5.08031E-02  5.08031E-02  5.08031E-02  5.08031E-02  5.08031E-02  5.08031E-02  5.08031E-02  3.47634E+00  3.47634E+00  3.47634E+00  3.47634E+00  3.47634E+00  3.47634E+00  3.47634E+00  3.47634E+00  3.47634E+00  3.47634E+00  3.47634E+00
   30178   4  4.93693E+00  4.93693E+00  4.93693E+00  4.93693E+00  4.93693E+00  4.92209E+00  4.92209E+00  4.92209E+00  4.92209E+00  4.92209E+00  4.92209E+00  4.92209E+00  4.92209E+00  4.93693E+00  4.93693E+00  4.93693E+00  4.93693E+00  4.93693E+00  4.93693E+00  4.93693E+00  4.93693E+00  4.93693E+00  4.93693E+00  4.93693E+00
   30178   7  8.91808E+00  8.91808E+00  8.91808E+00  8.91808E+00  8.91808E+00  8.91808E+00  8.91808E+00  8.91808E+00  8.91808E+00  8.91808E+00  8.91808E+00  8.91808E+00  8.91808E+00  1.08418E+01  1.08418E+01  1.08418E+01  1.08418E+01  1.08418E+01  1.08418E+01  1.08418E+01  1.08418E+01  8.91808E+00  8.91808E+00  8.91808E+00
   30177   4  7.53390E-04  7.53390E-04  7.53390E-04  7.53390E-04  7.53390E-04  7.53390E-04  7.53390E-04  7.53390E-04  7.53390E-04  7.53390E-04  7.53390E-04  7.53390E-04  7.53390E-04  7.53390E-04  7.53390E-04  7.53390E-04  7.53390E-04  7.53390E-04  7.53390E-04  7.53390E-04  7.53390E-04  7.53390E-04  7.53390E-04  7.53390E-04
   29472   3  0.00000E+00  0.00000E+00  0.00000E+00  0.00000E+00  0.00000E+00  0.00000E+00  0.00000E+00  0.00000E+00  0.00000E+00  0.00000E+00  0.00000E+00  0.00000E+00  0.00000E+00  5.81832E+01  5.81832E+01  5.81832E+01  5.81832E+01  5.81832E+01  5.81832E+01  5.81832E+01  5.81832E+01  0.00000E+00  0.00000E+00  0.00000E+00
   29472   5  0.00000E+00  0.00000E+00  0.00000E+00  0.00000E+00  0.00000E+00  0.00000E+00  0.00000E+00  0.00000E+00  0.00000E+00  0.00000E+00  0.00000E+00  0.00000E+00  0.00000E+00  1.29296E+01  1.29296E+01  1.29296E+01  1.29296E+01  1.29296E+01  1.29296E+01  1.29296E+01  1.29296E+01  0.00000E+00  0.00000E+00  0.00000E+00
   29472   4  0.00000E+00  0.00000E+00  0.00000E+00  0.00000E+00  0.00000E+00  0.00000E+00  0.00000E+00  0.00000E+00  0.00000E+00  0.00000E+00  0.00000E+00  0.00000E+00  0.00000E+00  5.81832E+01  5.81832E+01  5.81832E+01  5.81832E+01  5.81832E+01  5.81832E+01  5.81832E+01  5.81832E+01  0.00000E+00  0.00000E+00  0.00000E+00
   30531   4  7.42032E-04  7.42032E-04  7.42032E-04  7.42032E-04  7.42032E-04  7.42032E-04  7.42032E-04  7.42032E-04  7.42032E-04  7.42032E-04  7.42032E-04  7.42032E-04  7.42032E-04  7.42032E-04  7.42032E-04  7.42032E-04  7.42032E-04  7.42032E-04  7.42032E-04  7.42032E-04  7.42032E-04  7.42032E-04  7.42032E-04  7.42032E-04
   30178   5  0.00000E+00  0.00000E+00  0.00000E+00  0.00000E+00  0.00000E+00  0.00000E+00  0.00000E+00  0.00000E+00  0.00000E+00  0.00000E+00  0.00000E+00  0.00000E+00  0.00000E+00  0.00000E+00  0.00000E+00  0.00000E+00  0.00000E+00  0.00000E+00  0.00000E+00  0.00000E+00  0.00000E+00  0.00000E+00  0.00000E+00  0.00000E+00
   30526   3  4.39162E-04  4.39162E-04  4.39162E-04  4.39162E-04  4.39162E-04  4.39162E-04  4.39162E-04  4.39162E-04  4.39162E-04  4.39162E-04  4.39162E-04  4.39162E-04  4.39162E-04  4.39162E-04  4.39162E-04  4.39162E-04  4.39162E-04  4.39162E-04  4.39162E-04  4.39162E-04  4.39162E-04  4.39162E-04  4.39162E-04  4.39162E-04
   30529   3  1.78122E-02  1.78122E-02  1.78122E-02  1.78122E-02  1.78122E-02  1.78122E-02  1.78122E-02  1.78122E-02  1.78122E-02  1.78122E-02  1.78122E-02  1.78122E-02  1.78122E-02  1.78122E-02  1.78122E-02  1.78122E-02  1.78122E-02  1.78122E-02  1.78122E-02  1.78122E-02  1.78122E-02  1.78122E-02  1.78122E-02  1.78122E-02
   30529   4  5.77546E-01  5.77546E-01  5.77546E-01  5.77546E-01  5.77546E-01  5.77546E-01  5.77546E-01  5.77546E-01  5.77546E-01  5.77546E-01  5.77546E-01  5.77546E-01  5.77546E-01  5.77546E-01  5.77546E-01  5.77546E-01  5.77546E-01  5.77546E-01  5.77546E-01  5.77546E-01  5.77546E-01  5.77546E-01  5.77546E-01  5.77546E-01
   31942   4  1.56249E+01  1.56249E+01  1.56249E+01  1.56249E+01  1.56249E+01  1.56249E+01  1.56249E+01  1.56249E+01  1.56249E+01  1.56249E+01  1.56249E+01  1.56249E+01  1.56249E+01  1.56249E+01  1.56249E+01  1.56249E+01  1.56249E+01  1.56249E+01  1.56249E+01  1.56249E+01  1.56249E+01  1.56249E+01  1.56249E+01  1.56249E+01
   30884   4  9.73774E-02  9.73774E-02  9.73774E-02  9.73774E-02  9.73774E-02  9.73774E-02  9.73774E-02  9.73774E-02  9.73774E-02  9.73774E-02  9.73774E-02  9.73774E-02  9.73774E-02  9.73774E-02  9.73774E-02  9.73774E-02  9.73774E-02  9.73774E-02  9.73774E-02  9.73774E-02  9.73774E-02  9.73774E-02  9.73774E-02  9.73774E-02
   44188   2  5.51525E+00  5.37990E+00  5.33479E+00  5.25584E+00  4.96260E+00  4.47761E+00  3.97008E+00  3.35597E+00  3.10738E+00  2.98308E+00  2.94165E+00  3.02451E+00  3.27310E+00  3.66671E+00  4.17424E+00  4.48498E+00  4.73357E+00  4.95109E+00  5.03395E+00  5.11681E+00  5.14789E+00  5.18932E+00  5.17896E+00  5.14789E+00
   44899   3  0.00000E+00  0.00000E+00  0.00000E+00  0.00000E+00  0.00000E+00  0.00000E+00  0.00000E+00  0.00000E+00  0.00000E+00  0.00000E+00  0.00000E+00  0.00000E+00  0.00000E+00  0.00000E+00  0.00000E+00  0.00000E+00  0.00000E+00  0.00000E+00  0.00000E+00  0.00000E+00  0.00000E+00  0.00000E+00  0.00000E+00  0.00000E+00
   47369   3  1.53190E-02  1.53190E-02  1.53190E-02  1.53190E-02  1.53190E-02  1.53190E-02  1.53190E-02  1.53190E-02  1.53190E-02  1.53190E-02  1.53190E-02  1.53190E-02  1.53190E-02  1.53190E-02  1.53190E-02  1.53190E-02  1.53190E-02  1.53190E-02  1.53190E-02  1.53190E-02  1.53190E-02  1.53190E-02  1.53190E-02  1.53190E-02
   55130   4  6.97101E-01  6.79994E-01  6.74292E-01  6.64313E-01  6.27248E-01  5.65949E-01  5.01799E-01  4.24178E-01  3.92757E-01  3.77047E-01  3.71810E-01  3.82284E-01  4.13705E-01  4.63454E-01  5.27604E-01  5.66880E-01  5.98301E-01  6.25794E-01  6.36267E-01  6.46741E-01  6.50668E-01  6.55905E-01  6.54596E-01  6.50668E-01
   55130   3  5.22826E-01  5.09996E-01  5.05719E-01  4.98235E-01  4.70436E-01  4.24462E-01  3.76349E-01  3.18134E-01  2.94568E-01  2.82785E-01  2.78858E-01  2.86713E-01  3.10278E-01  3.47590E-01  3.95703E-01  4.25160E-01  4.48725E-01  4.69345E-01  4.77200E-01  4.85056E-01  4.88001E-01  4.91929E-01  4.90947E-01  4.88001E-01
   55121   4  6.33484E-01  6.17938E-01  6.12756E-01  6.03688E-01  5.70006E-01  5.14301E-01  4.56005E-01  3.85468E-01  3.56915E-01  3.42638E-01  3.37879E-01  3.47397E-01  3.75950E-01  4.21159E-01  4.79455E-01  5.15147E-01  5.43700E-01  5.68684E-01  5.78202E-01  5.87719E-01  5.91288E-01  5.96047E-01  5.94858E-01  5.91288E-01
   55121   3  2.99517E-01  2.92167E-01  2.89717E-01  2.85429E-01  2.69504E-01  2.43166E-01  2.15603E-01  1.82253E-01  1.68753E-01  1.62003E-01  1.59752E-01  1.64253E-01  1.77753E-01  1.99128E-01  2.26691E-01  2.43566E-01  2.57066E-01  2.68879E-01  2.73379E-01  2.77879E-01  2.79567E-01  2.81817E-01  2.81254E-01  2.79567E-01
   58290   4  2.19581E-02  2.19581E-02  2.19581E-02  2.19581E-02  2.19581E-02  2.19581E-02  2.19581E-02  2.19581E-02  2.19581E-02  2.19581E-02  2.19581E-02  2.19581E-02  2.19581E-02  2.19581E-02  2.19581E-02  2.19581E-02  2.19581E-02  2.19581E-02  2.19581E-02  2.19581E-02  2.19581E-02  2.19581E-02  2.19581E-02  2.19581E-02
   57936   4  5.60235E-04  5.60235E-04  5.60235E-04  5.60235E-04  5.60235E-04  5.60235E-04  5.60235E-04  5.60235E-04  5.60235E-04  5.60235E-04  5.60235E-04  5.60235E-04  5.60235E-04  5.60235E-04  5.60235E-04  5.60235E-04  5.60235E-04  5.60235E-04  5.60235E-04  5.60235E-04  5.60235E-04  5.60235E-04  5.60235E-04  5.60235E-04
   41032   3  0.00000E+00  0.00000E+00  0.00000E+00  0.00000E+00  0.00000E+00  0.00000E+00  0.00000E+00  0.00000E+00  0.00000E+00  0.00000E+00  0.00000E+00  0.00000E+00  0.00000E+00  0.00000E+00  0.00000E+00  0.00000E+00  0.00000E+00  0.00000E+00  0.00000E+00  0.00000E+00  0.00000E+00  0.00000E+00  0.00000E+00  0.00000E+00
   41027   3  1.28468E-03  1.28468E-03  1.28468E-03  1.28468E-03  1.28468E-03  1.28468E-03  1.28468E-03  1.28468E-03  1.28468E-03  1.28468E-03  1.28468E-03  1.28468E-03  1.28468E-03  1.28468E-03  1.28468E-03  1.28468E-03  1.28468E-03  1.28468E-03  1.28468E-03  1.28468E-03  1.28468E-03  1.28468E-03  1.28468E-03  1.28468E-03
   41027   4  2.00270E-01  2.00270E-01  2.00270E-01  2.00270E-01  2.00270E-01  2.00270E-01  2.00270E-01  2.00270E-01  2.00270E-01  2.00270E-01  2.00270E-01  2.00270E-01  2.00270E-01  2.00270E-01  2.00270E-01  2.00270E-01  2.00270E-01  2.00270E-01  2.00270E-01  2.00270E-01  2.00270E-01  2.00270E-01  2.00270E-01  2.00270E-01
   41027   2  0.00000E+00  0.00000E+00  0.00000E+00  0.00000E+00  0.00000E+00  0.00000E+00  0.00000E+00  0.00000E+00  0.00000E+00  0.00000E+00  0.00000E+00  0.00000E+00  0.00000E+00  0.00000E+00  0.00000E+00  0.00000E+00  0.00000E+00  0.00000E+00  0.00000E+00  0.00000E+00  0.00000E+00  0.00000E+00  0.00000E+00  0.00000E+00
   41031   7  3.79625E+00  3.79625E+00  3.79625E+00  3.79625E+00  3.79625E+00  3.79625E+00  3.79625E+00  3.79625E+00  3.79625E+00  3.79625E+00  3.79625E+00  3.79625E+00  3.79625E+00  3.79625E+00  3.79625E+00  3.79625E+00  3.79625E+00  3.79625E+00  3.79625E+00  3.79625E+00  3.79625E+00  3.79625E+00  3.79625E+00  3.79625E+00
   37153   2  1.27009E-01  1.23893E-01  1.22854E-01  1.21036E-01  1.14282E-01  1.03114E-01  9.14260E-02  7.72838E-02  7.15591E-02  6.86967E-02  6.77426E-02  6.96508E-02  7.53755E-02  8.44397E-02  9.61277E-02  1.03284E-01  1.09008E-01  1.14017E-01  1.15926E-01  1.17834E-01  1.18549E-01  1.19504E-01  1.19265E-01  1.18549E-01
   22551   2  1.66416E-02  1.66416E-02  1.66416E-02  1.66416E-02  1.66416E-02  1.66416E-02  1.66416E-02  1.66416E-02  1.66416E-02  1.66416E-02  1.66416E-02  1.66416E-02  1.66416E-02  1.66416E-02  1.66416E-02  1.66416E-02  1.66416E-02  1.66416E-02  1.66416E-02  1.66416E-02  1.66416E-02  1.66416E-02  1.66416E-02  1.66416E-02
   22551   3  1.41762E-02  1.41762E-02  1.41762E-02  1.41762E-02  1.41762E-02  1.41762E-02  1.41762E-02  1.41762E-02  1.41762E-02  1.41762E-02  1.41762E-02  1.41762E-02  1.41762E-02  1.41762E-02  1.41762E-02  1.41762E-02  1.41762E-02  1.41762E-02  1.41762E-02  1.41762E-02  1.41762E-02  1.41762E-02  1.41762E-02  1.41762E-02
   23253   7  1.30634E+00  1.30634E+00  1.30634E+00  1.30634E+00  1.30634E+00  1.30634E+00  1.30634E+00  1.30634E+00  1.30634E+00  1.30634E+00  1.30634E+00  1.30634E+00  1.30634E+00  1.30634E+00  1.30634E+00  1.30634E+00  1.30634E+00  1.30634E+00  1.30634E+00  1.30634E+00  1.30634E+00  1.30634E+00  1.30634E+00  1.30634E+00
   22551   4  1.14920E-03  1.14920E-03  1.14920E-03  1.14920E-03  1.14920E-03  1.14920E-03  1.14920E-03  1.14920E-03  1.14920E-03  1.14920E-03  1.14920E-03  1.14920E-03  1.14920E-03  1.14920E-03  1.14920E-03  1.14920E-03  1.14920E-03  1.14920E-03  1.14920E-03  1.14920E-03  1.14920E-03  1.14920E-03  1.14920E-03  1.14920E-03
   16894   2  2.52310E+00  2.52310E+00  2.52310E+00  2.52310E+00  2.52310E+00  2.52310E+00  2.52310E+00  2.52310E+00  2.52310E+00  2.52310E+00  2.52310E+00  2.52310E+00  2.52310E+00  2.52310E+00  2.52310E+00  2.52310E+00  2.52310E+00  2.52310E+00  2.52310E+00  2.52310E+00  2.52310E+00  2.52310E+00  2.52310E+00  2.52310E+00
   16894   3  5.69755E-02  5.69755E-02  5.69755E-02  5.69755E-02  5.69755E-02  5.69755E-02  5.69755E-02  5.69755E-02  5.69755E-02  5.69755E-02  5.69755E-02  5.69755E-02  5.69755E-02  5.69755E-02  5.69755E-02  5.69755E-02  5.69755E-02  5.69755E-02  5.69755E-02  5.69755E-02  5.69755E-02  5.69755E-02  5.69755E-02  5.69755E-02
   16894   4  3.45045E-01  3.45045E-01  3.45045E-01  3.45045E-01  3.45045E-01  3.45045E-01  3.45045E-01  3.45045E-01  3.45045E-01  3.45045E-01  3.45045E-01  3.45045E-01  3.45045E-01  3.45045E-01  3.45045E-01  3.45045E-01  3.45045E-01  3.45045E-01  3.45045E-01  3.45045E-01  3.45045E-01  3.45045E-01  3.45045E-01  3.45045E-01
   18317   3  0.00000E+00  0.00000E+00  0.00000E+00  0.00000E+00  0.00000E+00  0.00000E+00  0.00000E+00  0.00000E+00  0.00000E+00  0.00000E+00  0.00000E+00  0.00000E+00  0.00000E+00  0.00000E+00  0.00000E+00  0.00000E+00  0.00000E+00  0.00000E+00  0.00000E+00  0.00000E+00  0.00000E+00  0.00000E+00  0.00000E+00  0.00000E+00
   18513   7  1.43295E+00  1.43295E+00  1.43295E+00  1.43295E+00  1.43295E+00  1.43295E+00  1.43295E+00  1.43295E+00  1.43295E+00  1.43295E+00  1.43295E+00  1.43295E+00  1.43295E+00  1.43295E+00  1.43295E+00  1.43295E+00  1.43295E+00  1.43295E+00  1.43295E+00  1.43295E+00  1.43295E+00  1.43295E+00  1.43295E+00  1.43295E+00
   18509   3  2.89109E-04  2.89109E-04  2.89109E-04  2.89109E-04  2.89109E-04  2.89109E-04  2.89109E-04  2.89109E-04  2.89109E-04  2.89109E-04  2.89109E-04  2.89109E-04  2.89109E-04  2.89109E-04  2.89109E-04  2.89109E-04  2.89109E-04  2.89109E-04  2.89109E-04  2.89109E-04  2.89109E-04  2.89109E-04  2.89109E-04  2.89109E-04
   19219   3  1.07322E-01  1.07322E-01  1.07322E-01  1.07322E-01  1.07322E-01  1.07322E-01  1.07322E-01  1.07322E-01  1.07322E-01  1.07322E-01  1.07322E-01  1.07322E-01  1.07322E-01  1.07322E-01  1.07322E-01  1.07322E-01  1.07322E-01  1.07322E-01  1.07322E-01  1.07322E-01  1.07322E-01  1.07322E-01  1.07322E-01  1.07322E-01
   19219   2  0.00000E+00  0.00000E+00  0.00000E+00  0.00000E+00  0.00000E+00  0.00000E+00  0.00000E+00  0.00000E+00  0.00000E+00  0.00000E+00  0.00000E+00  0.00000E+00  0.00000E+00  0.00000E+00  0.00000E+00  0.00000E+00  0.00000E+00  0.00000E+00  0.00000E+00  0.00000E+00  0.00000E+00  0.00000E+00  0.00000E+00  0.00000E+00
   18505   2  0.00000E+00  0.00000E+00  0.00000E+00  0.00000E+00  0.00000E+00  0.00000E+00  0.00000E+00  0.00000E+00  0.00000E+00  0.00000E+00  0.00000E+00  0.00000E+00  0.00000E+00  0.00000E+00  0.00000E+00  0.00000E+00  0.00000E+00  0.00000E+00  0.00000E+00  0.00000E+00  0.00000E+00  0.00000E+00  0.00000E+00  0.00000E+00
   18505   3  2.19858E-01  2.19858E-01  2.19858E-01  2.19858E-01  2.19858E-01  2.19858E-01  2.19858E-01  2.19858E-01  2.19858E-01  2.19858E-01  2.19858E-01  2.19858E-01  2.19858E-01  2.19858E-01  2.19858E-01  2.19858E-01  2.19858E-01  2.19858E-01  2.19858E-01  2.19858E-01  2.19858E-01  2.19858E-01  2.19858E-01  2.19858E-01
   18505   7  7.68072E+00  7.68072E+00  7.68072E+00  7.68072E+00  7.68072E+00  7.68072E+00  7.68072E+00  7.68072E+00  7.68072E+00  7.68072E+00  7.68072E+00  7.68072E+00  7.68072E+00  7.68072E+00  7.68072E+00  7.68072E+00  7.68072E+00  7.68072E+00  7.68072E+00  7.68072E+00  7.68072E+00  7.68072E+00  7.68072E+00  7.68072E+00
   17452   2  2.32472E-01  2.32472E-01  2.32472E-01  2.32472E-01  2.32472E-01  2.32472E-01  2.32472E-01  2.32472E-01  2.32472E-01  2.32472E-01  2.32472E-01  2.32472E-01  2.32472E-01  2.32472E-01  2.32472E-01  2.32472E-01  2.32472E-01  2.32472E-01  2.32472E-01  2.32472E-01  2.32472E-01  2.32472E-01  2.32472E-01  2.32472E-01
    6979   3  0.00000E+00  0.00000E+00  0.00000E+00  0.00000E+00  0.00000E+00  0.00000E+00  0.00000E+00  0.00000E+00  0.00000E+00  0.00000E+00  0.00000E+00  0.00000E+00  0.00000E+00  0.00000E+00  0.00000E+00  0.00000E+00  0.00000E+00  0.00000E+00  0.00000E+00  0.00000E+00  0.00000E+00  0.00000E+00  0.00000E+00  0.00000E+00
    9108   3  3.15227E-02  3.15227E-02  3.15227E-02  3.15227E-02  3.15227E-02  3.15227E-02  3.15227E-02  3.15227E-02  3.15227E-02  3.15227E-02  3.15227E-02  3.15227E-02  3.15227E-02  3.15227E-02  3.15227E-02  3.15227E-02  3.15227E-02  3.15227E-02  3.15227E-02  3.15227E-02  3.15227E-02  3.15227E-02  3.15227E-02  3.15227E-02
    2407   3  0.00000E+00  0.00000E+00  0.00000E+00  0.00000E+00  0.00000E+00  0.00000E+00  0.00000E+00  0.00000E+00  0.00000E+00  0.00000E+00  0.00000E+00  0.00000E+00  0.00000E+00  0.00000E+00  0.00000E+00  0.00000E+00  0.00000E+00  0.00000E+00  0.00000E+00  0.00000E+00  0.00000E+00  0.00000E+00  0.00000E+00  0.00000E+00
    2407   2  0.00000E+00  0.00000E+00  0.00000E+00  0.00000E+00  0.00000E+00  0.00000E+00  0.00000E+00  0.00000E+00  0.00000E+00  0.00000E+00  0.00000E+00  0.00000E+00  0.00000E+00  0.00000E+00  0.00000E+00  0.00000E+00  0.00000E+00  0.00000E+00  0.00000E+00  0.00000E+00  0.00000E+00  0.00000E+00  0.00000E+00  0.00000E+00
   13341   3  3.38573E-03  3.38573E-03  3.38573E-03  3.38573E-03  3.38573E-03  3.38573E-03  3.38573E-03  3.38573E-03  3.38573E-03  3.38573E-03  3.38573E-03  3.38573E-03  3.38573E-03  3.38573E-03  3.38573E-03  3.38573E-03  3.38573E-03  3.38573E-03  3.38573E-03  3.38573E-03  3.38573E-03  3.38573E-03  3.38573E-03  3.38573E-03
    9455   3  0.00000E+00  0.00000E+00  0.00000E+00  0.00000E+00  0.00000E+00  0.00000E+00  0.00000E+00  0.00000E+00  0.00000E+00  0.00000E+00  0.00000E+00  0.00000E+00  0.00000E+00  0.00000E+00  0.00000E+00  0.00000E+00  0.00000E+00  0.00000E+00  0.00000E+00  0.00000E+00  0.00000E+00  0.00000E+00  0.00000E+00  0.00000E+00
   11927   3  7.11665E-01  7.11665E-01  7.11665E-01  7.11665E-01  7.11665E-01  7.11665E-01  7.11665E-01  7.11665E-01  7.11665E-01  7.11665E-01  7.11665E-01  7.11665E-01  7.11665E-01  7.11665E-01  7.11665E-01  7.11665E-01  7.11665E-01  7.11665E-01  7.11665E-01  7.11665E-01  7.11665E-01  7.11665E-01  7.11665E-01  7.11665E-01
   12279   3  1.30347E+00  1.30347E+00  1.30347E+00  1.30347E+00  1.30347E+00  1.30347E+00  1.30347E+00  1.30347E+00  1.30347E+00  1.30347E+00  1.30347E+00  1.30347E+00  1.30347E+00  1.30347E+00  1.30347E+00  1.30347E+00  1.30347E+00  1.30347E+00  1.30347E+00  1.30347E+00  1.30347E+00  1.30347E+00  1.30347E+00  1.30347E+00
   12635   3  2.03487E-01  2.03487E-01  2.03487E-01  2.03487E-01  2.03487E-01  2.03487E-01  2.03487E-01  2.03487E-01  2.03487E-01  2.03487E-01  2.03487E-01  2.03487E-01  2.03487E-01  2.03487E-01  2.03487E-01  2.03487E-01  2.03487E-01  2.03487E-01  2.03487E-01  2.03487E-01  2.03487E-01  2.03487E-01  2.03487E-01  2.03487E-01
   12636   3  9.85965E-02  9.85965E-02  9.85965E-02  9.85965E-02  9.85965E-02  9.85965E-02  9.85965E-02  9.85965E-02  9.85965E-02  9.85965E-02  9.85965E-02  9.85965E-02  9.85965E-02  9.85965E-02  9.85965E-02  9.85965E-02  9.85965E-02  9.85965E-02  9.85965E-02  9.85965E-02  9.85965E-02  9.85965E-02  9.85965E-02  9.85965E-02
   14046   3  2.27422E+00  2.27422E+00  2.27422E+00  2.27422E+00  2.27422E+00  2.27422E+00  2.27422E+00  2.27422E+00  2.27422E+00  2.27422E+00  2.27422E+00  2.27422E+00  2.27422E+00  2.27422E+00  2.27422E+00  2.27422E+00  2.27422E+00  2.27422E+00  2.27422E+00  2.27422E+00  2.27422E+00  2.27422E+00  2.27422E+00  2.27422E+00
   14047   3  1.69143E+00  1.69143E+00  1.69143E+00  1.69143E+00  1.69143E+00  1.69143E+00  1.69143E+00  1.69143E+00  1.69143E+00  1.69143E+00  1.69143E+00  1.69143E+00  1.69143E+00  1.69143E+00  1.69143E+00  1.69143E+00  1.69143E+00  1.69143E+00  1.69143E+00  1.69143E+00  1.69143E+00  1.69143E+00  1.69143E+00  1.69143E+00
   14047   2  0.00000E+00  0.00000E+00  0.00000E+00  0.00000E+00  0.00000E+00  0.00000E+00  0.00000E+00  0.00000E+00  0.00000E+00  0.00000E+00  0.00000E+00  0.00000E+00  0.00000E+00  0.00000E+00  0.00000E+00  0.00000E+00  0.00000E+00  0.00000E+00  0.00000E+00  0.00000E+00  0.00000E+00  0.00000E+00  0.00000E+00  0.00000E+00
    9465   3  0.00000E+00  0.00000E+00  0.00000E+00  0.00000E+00  0.00000E+00  0.00000E+00  0.00000E+00  0.00000E+00  0.00000E+00  0.00000E+00  0.00000E+00  0.00000E+00  0.00000E+00  0.00000E+00  0.00000E+00  0.00000E+00  0.00000E+00  0.00000E+00  0.00000E+00  0.00000E+00  0.00000E+00  0.00000E+00  0.00000E+00  0.00000E+00
    1352   7  1.84383E+00  1.84383E+00  1.84383E+00  1.84383E+00  1.84383E+00  1.84383E+00  1.84383E+00  1.84383E+00  1.84383E+00  1.84383E+00  1.84383E+00  1.84383E+00  1.84383E+00  1.84383E+00  1.84383E+00  1.84383E+00  1.84383E+00  1.84383E+00  1.84383E+00  1.84383E+00  1.84383E+00  1.84383E+00  1.84383E+00  1.84383E+00
    1352   4  0.00000E+00  0.00000E+00  0.00000E+00  0.00000E+00  0.00000E+00  0.00000E+00  0.00000E+00  0.00000E+00  0.00000E+00  0.00000E+00  0.00000E+00  0.00000E+00  0.00000E+00  0.00000E+00  0.00000E+00  0.00000E+00  0.00000E+00  0.00000E+00  0.00000E+00  0.00000E+00  0.00000E+00  0.00000E+00  0.00000E+00  0.00000E+00
    9106   3  8.10010E-03  8.10010E-03  8.10010E-03  8.10010E-03  8.10010E-03  8.10010E-03  8.10010E-03  8.10010E-03  8.10010E-03  8.10010E-03  8.10010E-03  8.10010E-03  8.10010E-03  8.10010E-03  8.10010E-03  8.10010E-03  8.10010E-03  8.10010E-03  8.10010E-03  8.10010E-03  8.10010E-03  8.10010E-03  8.10010E-03  8.10010E-03
    9458   7  4.60695E+00  4.60695E+00  4.60695E+00  4.60695E+00  4.60695E+00  4.60695E+00  4.60695E+00  4.60695E+00  4.60695E+00  4.60695E+00  4.60695E+00  4.60695E+00  4.60695E+00  4.60695E+00  4.60695E+00  4.60695E+00  4.60695E+00  4.60695E+00  4.60695E+00  4.60695E+00  4.60695E+00  4.60695E+00  4.60695E+00  4.60695E+00
    9458   3  0.00000E+00  0.00000E+00  0.00000E+00  0.00000E+00  0.00000E+00  0.00000E+00  0.00000E+00  0.00000E+00  0.00000E+00  0.00000E+00  0.00000E+00  0.00000E+00  0.00000E+00  0.00000E+00  0.00000E+00  0.00000E+00  0.00000E+00  0.00000E+00  0.00000E+00  0.00000E+00  0.00000E+00  0.00000E+00  0.00000E+00  0.00000E+00
    9458   2  0.00000E+00  0.00000E+00  0.00000E+00  0.00000E+00  0.00000E+00  0.00000E+00  0.00000E+00  0.00000E+00  0.00000E+00  0.00000E+00  0.00000E+00  0.00000E+00  0.00000E+00  0.00000E+00  0.00000E+00  0.00000E+00  0.00000E+00  0.00000E+00  0.00000E+00  0.00000E+00  0.00000E+00  0.00000E+00  0.00000E+00  0.00000E+00
    6635   3  0.00000E+00  0.00000E+00  0.00000E+00  0.00000E+00  0.00000E+00  0.00000E+00  0.00000E+00  0.00000E+00  0.00000E+00  0.00000E+00  0.00000E+00  0.00000E+00  0.00000E+00  0.00000E+00  0.00000E+00  0.00000E+00  0.00000E+00  0.00000E+00  0.00000E+00  0.00000E+00  0.00000E+00  0.00000E+00  0.00000E+00  0.00000E+00
    6635   2  0.00000E+00  0.00000E+00  0.00000E+00  0.00000E+00  0.00000E+00  0.00000E+00  0.00000E+00  0.00000E+00  0.00000E+00  0.00000E+00  0.00000E+00  0.00000E+00  0.00000E+00  0.00000E+00  0.00000E+00  0.00000E+00  0.00000E+00  0.00000E+00  0.00000E+00  0.00000E+00  0.00000E+00  0.00000E+00  0.00000E+00  0.00000E+00
   11586   3  1.48067E-03  1.48067E-03  1.48067E-03  1.48067E-03  1.48067E-03  1.48067E-03  1.48067E-03  1.48067E-03  1.48067E-03  1.48067E-03  1.48067E-03  1.48067E-03  1.48067E-03  1.48067E-03  1.48067E-03  1.48067E-03  1.48067E-03  1.48067E-03  1.48067E-03  1.48067E-03  1.48067E-03  1.48067E-03  1.48067E-03  1.48067E-03
   19977   3  1.48178E+02  1.48178E+02  1.50950E+01  1.50950E+01  1.50950E+01  1.02300E+01  1.02300E+01  1.02300E+01  1.02300E+01  1.02300E+01  1.02300E+01  1.02300E+01  1.02300E+01  1.48178E+02  1.48178E+02  1.48178E+02  1.48178E+02  1.48178E+02  1.48178E+02  1.48178E+02  1.48178E+02  1.48178E+02  1.48178E+02  1.48178E+02
   19977   4  9.76571E+01  9.76571E+01  9.76571E+01  9.76571E+01  9.76571E+01  9.76571E+01  9.76571E+01  9.76571E+01  9.76571E+01  9.76571E+01  9.76571E+01  9.76571E+01  9.76571E+01  9.94274E+01  9.94274E+01  9.94274E+01  9.94274E+01  9.94274E+01  9.94274E+01  9.94274E+01  9.94274E+01  9.76571E+01  9.76571E+01  9.76571E+01
   19977   5  0.00000E+00  0.00000E+00  0.00000E+00  0.00000E+00  0.00000E+00  0.00000E+00  0.00000E+00  0.00000E+00  0.00000E+00  0.00000E+00  0.00000E+00  0.00000E+00  0.00000E+00  0.00000E+00  0.00000E+00  0.00000E+00  0.00000E+00  0.00000E+00  0.00000E+00  0.00000E+00  0.00000E+00  0.00000E+00  0.00000E+00  0.00000E+00
   20329   4  1.08662E+02  1.08662E+02  1.08662E+02  1.08662E+02  1.08662E+02  1.08662E+02  1.08662E+02  1.08662E+02  1.08662E+02  1.08662E+02  1.08662E+02  1.08662E+02  1.08662E+02  1.11688E+02  1.11688E+02  1.11688E+02  1.11688E+02  1.11688E+02  1.11688E+02  1.11688E+02  1.11688E+02  1.08662E+02  1.08662E+02  1.08662E+02
   20330   4  4.53857E+01  4.53857E+01  4.53857E+01  4.53857E+01  4.53857E+01  4.53857E+01  4.53857E+01  4.53857E+01  4.53857E+01  4.53857E+01  4.53857E+01  4.53857E+01  4.53857E+01  4.53857E+01  4.53857E+01  4.53857E+01  4.53857E+01  4.53857E+01  4.53857E+01  4.53857E+01  4.53857E+01  4.53857E+01  4.53857E+01  4.53857E+01
   19977   2  1.44508E+00  1.44177E+00  1.42948E+00  1.40916E+00  1.38789E+00  1.36216E+00  1.35174E+00  1.34654E+00  1.34480E+00  1.34827E+00  1.35869E+00  1.37518E+00  1.39645E+00  1.40947E+00  1.41989E+00  1.42900E+00  1.43247E+00  1.43595E+00  1.43725E+00  1.43898E+00  1.43855E+00  1.43725E+00  1.43378E+00  1.42857E+00
   19976   4  2.53293E+01  2.53293E+01  2.53293E+01  2.53293E+01  2.53293E+01  2.53293E+01  2.53293E+01  2.53293E+01  2.53293E+01  2.53293E+01  2.53293E+01  2.53293E+01  2.53293E+01  2.53293E+01  2.53293E+01  2.53293E+01  2.53293E+01  2.53293E+01  2.53293E+01  2.53293E+01  2.53293E+01  2.53293E+01  2.53293E+01  2.53293E+01
   19977   7  4.88888E-01  4.88888E-01  4.88888E-01  4.88888E-01  4.88888E-01  0.00000E+00  0.00000E+00  0.00000E+00  0.00000E+00  0.00000E+00  0.00000E+00  0.00000E+00  4.88888E-01  4.95314E+01  4.95314E+01  4.95314E+01  4.95314E+01  4.95314E+01  4.95314E+01  4.95314E+01  4.95314E+01  4.88888E-01  4.88888E-01  4.88888E-01
   20330   3  1.86588E+01  1.86588E+01  1.42399E+01  1.42399E+01  1.42399E+01  1.35453E+01  1.35453E+01  1.35453E+01  1.35453E+01  1.35453E+01  1.35453E+01  1.35453E+01  1.35453E+01  1.86754E+01  1.86754E+01  1.86754E+01  1.86754E+01  1.86754E+01  1.86754E+01  1.86754E+01  1.86754E+01  1.86588E+01  1.86588E+01  1.86588E+01
   19976   3  1.08877E+01  1.08877E+01  6.21436E+00  6.21436E+00  6.21436E+00  4.81211E+00  4.81211E+00  4.81211E+00  4.81211E+00  4.81211E+00  4.81211E+00  4.81211E+00  4.81211E+00  1.08877E+01  1.08877E+01  1.08877E+01  1.08877E+01  1.08877E+01  1.08877E+01  1.08877E+01  1.08877E+01  1.08877E+01  1.08877E+01  1.08877E+01
   19624   3  3.49820E+01  3.49820E+01  6.13926E+00  6.13926E+00  6.13926E+00  1.91417E+00  1.91417E+00  1.91417E+00  1.91417E+00  1.91417E+00  1.91417E+00  1.91417E+00  1.91417E+00  3.49820E+01  3.49820E+01  3.49820E+01  3.49820E+01  3.49820E+01  3.49820E+01  3.49820E+01  3.49820E+01  3.49820E+01  3.49820E+01  3.49820E+01
   19271   4  8.82487E+00  8.82487E+00  8.82487E+00  8.82487E+00  8.82487E+00  8.82487E+00  8.82487E+00  8.82487E+00  8.82487E+00  8.82487E+00  8.82487E+00  8.82487E+00  8.82487E+00  8.82487E+00  8.82487E+00  8.82487E+00  8.82487E+00  8.82487E+00  8.82487E+00  8.82487E+00  8.82487E+00  8.82487E+00  8.82487E+00  8.82487E+00
   19271   7  0.00000E+00  0.00000E+00  0.00000E+00  0.00000E+00  0.00000E+00  0.00000E+00  0.00000E+00  0.00000E+00  0.00000E+00  0.00000E+00  0.00000E+00  0.00000E+00  0.00000E+00  1.49921E-01  1.49921E-01  1.49921E-01  1.49921E-01  1.49921E-01  1.49921E-01  1.49921E-01  1.49921E-01  0.00000E+00  0.00000E+00  0.00000E+00
   19624   4  6.79974E+00  6.79974E+00  6.79974E+00  6.79974E+00  6.79974E+00  6.79974E+00  6.79974E+00  6.79974E+00  6.79974E+00  6.79974E+00  6.79974E+00  6.79974E+00  6.79974E+00  6.79974E+00  6.79974E+00  6.79974E+00  6.79974E+00  6.79974E+00  6.79974E+00  6.79974E+00  6.79974E+00  6.79974E+00  6.79974E+00  6.79974E+00
   19271   3  6.05081E+00  6.05081E+00  5.96694E+00  5.96694E+00  5.96694E+00  4.63336E+00  4.63336E+00  4.63336E+00  4.63336E+00  4.63336E+00  4.63336E+00  4.63336E+00  4.63336E+00  6.05081E+00  6.05081E+00  6.05081E+00  6.05081E+00  6.05081E+00  6.05081E+00  6.05081E+00  6.05081E+00  6.05081E+00  6.05081E+00  6.05081E+00
   19272   4  4.40121E+01  4.40121E+01  4.40121E+01  4.40121E+01  4.40121E+01  4.40121E+01  4.40121E+01  4.40121E+01  4.40121E+01  4.40121E+01  4.40121E+01  4.40121E+01  4.40121E+01  4.40121E+01  4.40121E+01  4.40121E+01  4.40121E+01  4.40121E+01  4.40121E+01  4.40121E+01  4.40121E+01  4.40121E+01  4.40121E+01  4.40121E+01
   19622   3  5.48801E-04  5.48801E-04  5.48801E-04  5.48801E-04  5.48801E-04  5.48801E-04  5.48801E-04  5.48801E-04  5.48801E-04  5.48801E-04  5.48801E-04  5.48801E-04  5.48801E-04  5.48801E-04  5.48801E-04  5.48801E-04  5.48801E-04  5.48801E-04  5.48801E-04  5.48801E-04  5.48801E-04  5.48801E-04  5.48801E-04  5.48801E-04
   19269   4  6.10586E-04  6.10586E-04  6.10586E-04  6.10586E-04  6.10586E-04  6.10586E-04  6.10586E-04  6.10586E-04  6.10586E-04  6.10586E-04  6.10586E-04  6.10586E-04  6.10586E-04  6.10586E-04  6.10586E-04  6.10586E-04  6.10586E-04  6.10586E-04  6.10586E-04  6.10586E-04  6.10586E-04  6.10586E-04  6.10586E-04  6.10586E-04
   20330   5  0.00000E+00  0.00000E+00  0.00000E+00  0.00000E+00  0.00000E+00  0.00000E+00  0.00000E+00  0.00000E+00  0.00000E+00  0.00000E+00  0.00000E+00  0.00000E+00  0.00000E+00  0.00000E+00  0.00000E+00  0.00000E+00  0.00000E+00  0.00000E+00  0.00000E+00  0.00000E+00  0.00000E+00  0.00000E+00  0.00000E+00  0.00000E+00
   19978   4  2.59497E+01  2.59497E+01  2.59497E+01  2.59497E+01  2.59497E+01  2.59497E+01  2.59497E+01  2.59497E+01  2.59497E+01  2.59497E+01  2.59497E+01  2.59497E+01  2.59497E+01  6.09678E+01  6.09678E+01  6.09678E+01  6.09678E+01  6.09678E+01  6.09678E+01  6.09678E+01  6.09678E+01  2.59497E+01  2.59497E+01  2.59497E+01
   19978   3  7.91882E+00  7.91882E+00  3.54773E+00  3.54773E+00  3.54773E+00  2.22214E+00  2.22214E+00  2.22214E+00  2.22214E+00  2.22214E+00  2.22214E+00  2.22214E+00  2.22214E+00  7.91882E+00  7.91882E+00  7.91882E+00  7.91882E+00  7.91882E+00  7.91882E+00  7.91882E+00  7.91882E+00  7.91882E+00  7.91882E+00  7.91882E+00
   19625   3  5.95898E+01  5.95898E+01  4.85181E+01  4.85181E+01  4.85181E+01  3.83659E+01  3.83659E+01  3.83659E+01  3.83659E+01  3.83659E+01  3.83659E+01  3.83659E+01  3.83659E+01  5.95898E+01  5.95898E+01  5.95898E+01  5.95898E+01  5.95898E+01  5.95898E+01  5.95898E+01  5.95898E+01  5.95898E+01  5.95898E+01  5.95898E+01
   19625   4  5.26625E+02  5.26625E+02  5.26625E+02  5.26625E+02  5.26625E+02  5.26625E+02  5.26625E+02  5.26625E+02  5.26625E+02  5.26625E+02  5.26625E+02  5.26625E+02  5.26625E+02  5.27088E+02  5.27088E+02  5.27088E+02  5.27088E+02  5.27088E+02  5.27088E+02  5.27088E+02  5.27088E+02  5.26625E+02  5.26625E+02  5.26625E+02
   19625   7  2.37278E-01  2.37278E-01  2.37278E-01  2.37278E-01  2.37278E-01  0.00000E+00  0.00000E+00  0.00000E+00  0.00000E+00  0.00000E+00  0.00000E+00  0.00000E+00  2.37278E-01  9.81347E-01  9.81347E-01  9.81347E-01  9.81347E-01  9.81347E-01  9.81347E-01  9.81347E-01  9.81347E-01  2.37278E-01  2.37278E-01  2.37278E-01
   19625   5  0.00000E+00  0.00000E+00  0.00000E+00  0.00000E+00  0.00000E+00  0.00000E+00  0.00000E+00  0.00000E+00  0.00000E+00  0.00000E+00  0.00000E+00  0.00000E+00  0.00000E+00  0.00000E+00  0.00000E+00  0.00000E+00  0.00000E+00  0.00000E+00  0.00000E+00  0.00000E+00  0.00000E+00  0.00000E+00  0.00000E+00  0.00000E+00
   19272   3  1.61553E+00  1.61553E+00  1.07875E+00  1.07875E+00  1.07875E+00  3.79104E-02  3.79104E-02  3.79104E-02  3.79104E-02  3.79104E-02  3.79104E-02  3.79104E-02  3.79104E-02  1.61553E+00  1.61553E+00  1.61553E+00  1.61553E+00  1.61553E+00  1.61553E+00  1.61553E+00  1.61553E+00  1.61553E+00  1.61553E+00  1.61553E+00
   19626   3  4.81196E-01  4.81196E-01  4.81196E-01  4.81196E-01  4.81196E-01  4.34181E-01  4.34181E-01  4.34181E-01  4.34181E-01  4.34181E-01  4.34181E-01  4.34181E-01  4.34181E-01  4.82231E-01  4.82231E-01  4.82231E-01  4.82231E-01  4.82231E-01  4.82231E-01  4.82231E-01  4.82231E-01  4.81196E-01  4.81196E-01  4.81196E-01
   19626   4  8.05702E+00  8.05702E+00  8.05702E+00  8.05702E+00  8.05702E+00  8.05702E+00  8.05702E+00  8.05702E+00  8.05702E+00  8.05702E+00  8.05702E+00  8.05702E+00  8.05702E+00  8.05702E+00  8.05702E+00  8.05702E+00  8.05702E+00  8.05702E+00  8.05702E+00  8.05702E+00  8.05702E+00  8.05702E+00  8.05702E+00  8.05702E+00
   19626   5  0.00000E+00  0.00000E+00  0.00000E+00  0.00000E+00  0.00000E+00  0.00000E+00  0.00000E+00  0.00000E+00  0.00000E+00  0.00000E+00  0.00000E+00  0.00000E+00  0.00000E+00  0.00000E+00  0.00000E+00  0.00000E+00  0.00000E+00  0.00000E+00  0.00000E+00  0.00000E+00  0.00000E+00  0.00000E+00  0.00000E+00  0.00000E+00
   19270   3  4.35392E-01  4.35392E-01  3.41140E-01  3.41140E-01  3.41140E-01  3.41140E-01  3.41140E-01  3.41140E-01  3.41140E-01  3.41140E-01  3.41140E-01  3.41140E-01  3.41140E-01  4.35409E-01  4.35409E-01  4.35409E-01  4.35409E-01  4.35409E-01  4.35409E-01  4.35409E-01  4.35409E-01  4.35392E-01  4.35392E-01  4.35392E-01
   19270   4  3.71292E+00  3.71292E+00  3.71292E+00  3.71292E+00  3.71292E+00  3.71292E+00  3.71292E+00  3.71292E+00  3.71292E+00  3.71292E+00  3.71292E+00  3.71292E+00  3.71292E+00  3.71416E+00  3.71416E+00  3.71416E+00  3.71416E+00  3.71416E+00  3.71416E+00  3.71416E+00  3.71416E+00  3.71292E+00  3.71292E+00  3.71292E+00
   19623   4  2.83342E-01  2.83342E-01  2.83342E-01  2.83342E-01  2.83342E-01  2.83342E-01  2.83342E-01  2.83342E-01  2.83342E-01  2.83342E-01  2.83342E-01  2.83342E-01  2.83342E-01  2.83342E-01  2.83342E-01  2.83342E-01  2.83342E-01  2.83342E-01  2.83342E-01  2.83342E-01  2.83342E-01  2.83342E-01  2.83342E-01  2.83342E-01
   19623   3  4.38531E-01  4.38531E-01  4.38531E-01  4.38531E-01  4.38531E-01  4.38531E-01  4.38531E-01  4.38531E-01  4.38531E-01  4.38531E-01  4.38531E-01  4.38531E-01  4.38531E-01  4.38531E-01  4.38531E-01  4.38531E-01  4.38531E-01  4.38531E-01  4.38531E-01  4.38531E-01  4.38531E-01  4.38531E-01  4.38531E-01  4.38531E-01
   19623   7  0.00000E+00  0.00000E+00  0.00000E+00  0.00000E+00  0.00000E+00  0.00000E+00  0.00000E+00  0.00000E+00  0.00000E+00  0.00000E+00  0.00000E+00  0.00000E+00  0.00000E+00  8.89253E-01  8.89253E-01  8.89253E-01  8.89253E-01  8.89253E-01  8.89253E-01  8.89253E-01  8.89253E-01  0.00000E+00  0.00000E+00  0.00000E+00
   19273   4  2.43529E+00  2.43529E+00  2.43529E+00  2.43529E+00  2.43529E+00  2.43529E+00  2.43529E+00  2.43529E+00  2.43529E+00  2.43529E+00  2.43529E+00  2.43529E+00  2.43529E+00  2.43529E+00  2.43529E+00  2.43529E+00  2.43529E+00  2.43529E+00  2.43529E+00  2.43529E+00  2.43529E+00  2.43529E+00  2.43529E+00  2.43529E+00
   19273   3  8.87699E-01  8.87699E-01  5.85761E-01  5.85761E-01  5.85761E-01  5.85761E-01  5.85761E-01  5.85761E-01  5.85761E-01  5.85761E-01  5.85761E-01  5.85761E-01  5.85761E-01  8.98673E-01  8.98673E-01  8.98673E-01  8.98673E-01  8.98673E-01  8.98673E-01  8.98673E-01  8.98673E-01  8.87699E-01  8.87699E-01  8.87699E-01
   19273   5  3.76858E-04  3.76858E-04  3.76858E-04  3.76858E-04  3.76858E-04  3.76858E-04  3.76858E-04  3.76858E-04  3.76858E-04  3.76858E-04  3.76858E-04  3.76858E-04  3.76858E-04  3.76858E-04  3.76858E-04  3.76858E-04  3.76858E-04  3.76858E-04  3.76858E-04  3.76858E-04  3.76858E-04  3.76858E-04  3.76858E-04  3.76858E-04
   18917   4  1.30153E+00  1.30153E+00  1.30153E+00  1.30153E+00  1.30153E+00  1.30153E+00  1.30153E+00  1.30153E+00  1.30153E+00  1.30153E+00  1.30153E+00  1.30153E+00  1.30153E+00  1.30153E+00  1.30153E+00  1.30153E+00  1.30153E+00  1.30153E+00  1.30153E+00  1.30153E+00  1.30153E+00  1.30153E+00  1.30153E+00  1.30153E+00
   18917   3  4.79407E-01  4.79407E-01  1.33835E-03  1.33835E-03  1.33835E-03  1.33835E-03  1.33835E-03  1.33835E-03  1.33835E-03  1.33835E-03  1.33835E-03  1.33835E-03  1.33835E-03  4.79407E-01  4.79407E-01  4.79407E-01  4.79407E-01  4.79407E-01  4.79407E-01  4.79407E-01  4.79407E-01  4.79407E-01  4.79407E-01  4.79407E-01
   18919   3  1.07370E+00  1.07370E+00  8.57032E-01  8.57032E-01  8.57032E-01  1.08925E-01  1.08925E-01  1.08925E-01  1.08925E-01  1.08925E-01  1.08925E-01  1.08925E-01  1.08925E-01  1.07370E+00  1.07370E+00  1.07370E+00  1.07370E+00  1.07370E+00  1.07370E+00  1.07370E+00  1.07370E+00  1.07370E+00  1.07370E+00  1.07370E+00
   18919   4  3.09213E-01  3.09213E-01  3.09213E-01  3.09213E-01  3.09213E-01  3.09213E-01  3.09213E-01  3.09213E-01  3.09213E-01  3.09213E-01  3.09213E-01  3.09213E-01  3.09213E-01  3.09213E-01  3.09213E-01  3.09213E-01  3.09213E-01  3.09213E-01  3.09213E-01  3.09213E-01  3.09213E-01  3.09213E-01  3.09213E-01  3.09213E-01
   19624   5  0.00000E+00  0.00000E+00  0.00000E+00  0.00000E+00  0.00000E+00  0.00000E+00  0.00000E+00  0.00000E+00  0.00000E+00  0.00000E+00  0.00000E+00  0.00000E+00  0.00000E+00  0.00000E+00  0.00000E+00  0.00000E+00  0.00000E+00  0.00000E+00  0.00000E+00  0.00000E+00  0.00000E+00  0.00000E+00  0.00000E+00  0.00000E+00
   19976   5  8.73673E-03  8.73673E-03  8.73673E-03  8.73673E-03  8.73673E-03  8.73673E-03  8.73673E-03  8.73673E-03  8.73673E-03  8.73673E-03  8.73673E-03  8.73673E-03  8.73673E-03  8.73673E-03  8.73673E-03  8.73673E-03  8.73673E-03  8.73673E-03  8.73673E-03  8.73673E-03  8.73673E-03  8.73673E-03  8.73673E-03  8.73673E-03
   19976   2  1.67415E+00  1.67415E+00  1.67415E+00  1.67415E+00  1.67415E+00  1.67415E+00  1.67415E+00  1.67415E+00  1.67415E+00  1.67415E+00  1.67415E+00  1.67415E+00  1.67415E+00  1.67415E+00  1.67415E+00  1.67415E+00  1.67415E+00  1.67415E+00  1.67415E+00  1.67415E+00  1.67415E+00  1.67415E+00  1.67415E+00  1.67415E+00
   19978   7  0.00000E+00  0.00000E+00  0.00000E+00  0.00000E+00  0.00000E+00  0.00000E+00  0.00000E+00  0.00000E+00  0.00000E+00  0.00000E+00  0.00000E+00  0.00000E+00  0.00000E+00  9.23716E-01  9.23716E-01  9.23716E-01  9.23716E-01  9.23716E-01  9.23716E-01  9.23716E-01  9.23716E-01  0.00000E+00  0.00000E+00  0.00000E+00
   44604   3  5.50610E-04  5.50610E-04  5.50610E-04  5.50610E-04  5.50610E-04  5.50610E-04  5.50610E-04  5.50610E-04  5.50610E-04  5.50610E-04  5.50610E-04  5.50610E-04  5.50610E-04  5.50610E-04  5.50610E-04  5.50610E-04  5.50610E-04  5.50610E-04  5.50610E-04  5.50610E-04  5.50610E-04  5.50610E-04  5.50610E-04  5.50610E-04
   42517   3  6.42634E-06  6.42634E-06  6.42634E-06  6.42634E-06  6.42634E-06  6.42634E-06  6.42634E-06  6.42634E-06  6.42634E-06  6.42634E-06  6.42634E-06  6.42634E-06  6.42634E-06  6.42634E-06  6.42634E-06  6.42634E-06  6.42634E-06  6.42634E-06  6.42634E-06  6.42634E-06  6.42634E-06  6.42634E-06  6.42634E-06  6.42634E-06
   43929   3  0.00000E+00  0.00000E+00  0.00000E+00  0.00000E+00  0.00000E+00  0.00000E+00  0.00000E+00  0.00000E+00  0.00000E+00  0.00000E+00  0.00000E+00  0.00000E+00  0.00000E+00  0.00000E+00  0.00000E+00  0.00000E+00  0.00000E+00  0.00000E+00  0.00000E+00  0.00000E+00  0.00000E+00  0.00000E+00  0.00000E+00  0.00000E+00
   39330   3  1.71410E-03  1.71410E-03  1.71410E-03  1.71410E-03  1.71410E-03  1.71410E-03  1.71410E-03  1.71410E-03  1.71410E-03  1.71410E-03  1.71410E-03  1.71410E-03  1.71410E-03  1.71410E-03  1.71410E-03  1.71410E-03  1.71410E-03  1.71410E-03  1.71410E-03  1.71410E-03  1.71410E-03  1.71410E-03  1.71410E-03  1.71410E-03
   39327   2  0.00000E+00  0.00000E+00  0.00000E+00  0.00000E+00  0.00000E+00  0.00000E+00  0.00000E+00  0.00000E+00  0.00000E+00  0.00000E+00  0.00000E+00  0.00000E+00  0.00000E+00  0.00000E+00  0.00000E+00  0.00000E+00  0.00000E+00  0.00000E+00  0.00000E+00  0.00000E+00  0.00000E+00  0.00000E+00  0.00000E+00  0.00000E+00
   39327   4  1.94374E+00  1.94374E+00  1.94374E+00  1.94374E+00  1.94374E+00  1.94374E+00  1.94374E+00  1.94374E+00  1.94374E+00  1.94374E+00  1.94374E+00  1.94374E+00  1.94374E+00  1.94374E+00  1.94374E+00  1.94374E+00  1.94374E+00  1.94374E+00  1.94374E+00  1.94374E+00  1.94374E+00  1.94374E+00  1.94374E+00  1.94374E+00
   39683   4  3.49300E-01  3.49300E-01  3.49300E-01  3.49300E-01  3.49300E-01  3.49300E-01  3.49300E-01  3.49300E-01  3.49300E-01  3.49300E-01  3.49300E-01  3.49300E-01  3.49300E-01  3.49300E-01  3.49300E-01  3.49300E-01  3.49300E-01  3.49300E-01  3.49300E-01  3.49300E-01  3.49300E-01  3.49300E-01  3.49300E-01  3.49300E-01
   39682   7  2.33671E+02  2.33671E+02  2.33671E+02  2.33671E+02  2.33671E+02  2.33671E+02  2.33671E+02  2.33671E+02  2.33671E+02  2.33671E+02  2.33671E+02  2.33671E+02  2.33671E+02  2.33671E+02  2.33671E+02  2.33671E+02  2.33671E+02  2.33671E+02  2.33671E+02  2.33671E+02  2.33671E+02  2.33671E+02  2.33671E+02  2.33671E+02
   46049   3  0.00000E+00  0.00000E+00  0.00000E+00  0.00000E+00  0.00000E+00  0.00000E+00  0.00000E+00  0.00000E+00  0.00000E+00  0.00000E+00  0.00000E+00  0.00000E+00  0.00000E+00  0.00000E+00  0.00000E+00  0.00000E+00  0.00000E+00  0.00000E+00  0.00000E+00  0.00000E+00  0.00000E+00  0.00000E+00  0.00000E+00  0.00000E+00
   46755   2  6.34507E-01  6.25117E-01  5.90239E-01  5.32557E-01  4.72192E-01  3.99151E-01  3.69584E-01  3.54801E-01  3.49873E-01  3.59728E-01  3.89295E-01  4.36109E-01  4.96475E-01  5.33433E-01  5.63000E-01  5.88871E-01  5.98726E-01  6.08582E-01  6.12278E-01  6.17205E-01  6.15973E-01  6.12278E-01  6.02422E-01  5.87639E-01
   46403   3  7.35956E+00  7.25064E+00  6.84610E+00  6.17705E+00  5.47688E+00  4.62969E+00  4.28675E+00  4.11528E+00  4.05812E+00  4.17244E+00  4.51538E+00  5.05837E+00  5.75854E+00  6.18721E+00  6.53015E+00  6.83022E+00  6.94454E+00  7.05885E+00  7.10172E+00  7.15887E+00  7.14458E+00  7.10172E+00  6.98740E+00  6.81593E+00
   46755   1  9.60920E-01  9.46700E-01  8.93879E-01  8.06523E-01  7.15104E-01  6.04488E-01  5.59711E-01  5.37323E-01  5.29860E-01  5.44785E-01  5.89562E-01  6.60459E-01  7.51879E-01  8.07850E-01  8.52627E-01  8.91806E-01  9.06732E-01  9.21658E-01  9.27255E-01  9.34718E-01  9.32852E-01  9.27255E-01  9.12329E-01  8.89941E-01
   46755   3  5.14198E-02  5.14198E-02  5.14198E-02  5.14198E-02  5.14198E-02  5.14198E-02  5.14198E-02  5.14198E-02  5.14198E-02  5.14198E-02  5.14198E-02  5.14198E-02  5.14198E-02  5.14198E-02  5.14198E-02  5.14198E-02  5.14198E-02  5.14198E-02  5.14198E-02  5.14198E-02  5.14198E-02  5.14198E-02  5.14198E-02  5.14198E-02
   46755   4  9.04238E-01  9.04238E-01  9.04238E-01  9.04238E-01  9.04238E-01  9.04238E-01  9.04238E-01  9.04238E-01  9.04238E-01  9.04238E-01  9.04238E-01  9.04238E-01  9.04238E-01  9.04238E-01  9.04238E-01  9.04238E-01  9.04238E-01  9.04238E-01  9.04238E-01  9.04238E-01  9.04238E-01  9.04238E-01  9.04238E-01  9.04238E-01
   46753   4  0.00000E+00  0.00000E+00  0.00000E+00  0.00000E+00  0.00000E+00  0.00000E+00  0.00000E+00  0.00000E+00  0.00000E+00  0.00000E+00  0.00000E+00  0.00000E+00  0.00000E+00  2.32604E-01  2.32604E-01  2.32604E-01  2.32604E-01  2.32604E-01  2.32604E-01  2.32604E-01  2.32604E-01  0.00000E+00  0.00000E+00  0.00000E+00
   47110   3  1.78933E-02  1.78933E-02  1.78933E-02  1.78933E-02  1.78933E-02  1.78933E-02  1.78933E-02  1.78933E-02  1.78933E-02  1.78933E-02  1.78933E-02  1.78933E-02  1.78933E-02  1.78933E-02  1.78933E-02  1.78933E-02  1.78933E-02  1.78933E-02  1.78933E-02  1.78933E-02  1.78933E-02  1.78933E-02  1.78933E-02  1.78933E-02
   46402   7  1.96949E+01  1.96949E+01  1.96949E+01  1.96949E+01  1.96949E+01  1.96949E+01  1.96949E+01  1.96949E+01  1.96949E+01  1.96949E+01  1.96949E+01  1.96949E+01  1.96949E+01  1.96949E+01  1.96949E+01  1.96949E+01  1.96949E+01  1.96949E+01  1.96949E+01  1.96949E+01  1.96949E+01  1.96949E+01  1.96949E+01  1.96949E+01
   47787   3  7.14959E-05  7.14959E-05  7.14959E-05  7.14959E-05  7.14959E-05  7.14959E-05  7.14959E-05  7.14959E-05  7.14959E-05  7.14959E-05  7.14959E-05  7.14959E-05  7.14959E-05  7.14959E-05  7.14959E-05  7.14959E-05  7.14959E-05  7.14959E-05  7.14959E-05  7.14959E-05  7.14959E-05  7.14959E-05  7.14959E-05  7.14959E-05
   47460   4  0.00000E+00  0.00000E+00  0.00000E+00  0.00000E+00  0.00000E+00  0.00000E+00  0.00000E+00  0.00000E+00  0.00000E+00  0.00000E+00  0.00000E+00  0.00000E+00  0.00000E+00  0.00000E+00  0.00000E+00  0.00000E+00  0.00000E+00  0.00000E+00  0.00000E+00  0.00000E+00  0.00000E+00  0.00000E+00  0.00000E+00  0.00000E+00
   42139   3  8.97350E-01  8.97350E-01  8.97350E-01  8.97350E-01  8.97350E-01  8.97350E-01  8.97350E-01  8.97350E-01  8.97350E-01  8.97350E-01  8.97350E-01  8.97350E-01  8.97350E-01  8.97350E-01  8.97350E-01  8.97350E-01  8.97350E-01  8.97350E-01  8.97350E-01  8.97350E-01  8.97350E-01  8.97350E-01  8.97350E-01  8.97350E-01
   41804   3  1.62021E-04  1.62021E-04  1.62021E-04  1.62021E-04  1.62021E-04  1.62021E-04  1.62021E-04  1.62021E-04  1.62021E-04  1.62021E-04  1.62021E-04  1.62021E-04  1.62021E-04  1.62021E-04  1.62021E-04  1.62021E-04  1.62021E-04  1.62021E-04  1.62021E-04  1.62021E-04  1.62021E-04  1.62021E-04  1.62021E-04  1.62021E-04
   40021   4  2.66048E-04  2.66048E-04  2.66048E-04  2.66048E-04  2.66048E-04  2.66048E-04  2.66048E-04  2.66048E-04  2.66048E-04  2.66048E-04  2.66048E-04  2.66048E-04  2.66048E-04  2.66048E-04  2.66048E-04  2.66048E-04  2.66048E-04  2.66048E-04  2.66048E-04  2.66048E-04  2.66048E-04  2.66048E-04  2.66048E-04  2.66048E-04
   43907   3  0.00000E+00  0.00000E+00  0.00000E+00  0.00000E+00  0.00000E+00  0.00000E+00  0.00000E+00  0.00000E+00  0.00000E+00  0.00000E+00  0.00000E+00  0.00000E+00  0.00000E+00  0.00000E+00  0.00000E+00  0.00000E+00  0.00000E+00  0.00000E+00  0.00000E+00  0.00000E+00  0.00000E+00  0.00000E+00  0.00000E+00  0.00000E+00
   24538   7  1.05890E+00  1.05890E+00  1.05890E+00  1.05890E+00  1.05890E+00  1.05890E+00  1.05890E+00  1.05890E+00  1.05890E+00  1.05890E+00  1.05890E+00  1.05890E+00  1.05890E+00  1.05890E+00  1.05890E+00  1.05890E+00  1.05890E+00  1.05890E+00  1.05890E+00  1.05890E+00  1.05890E+00  1.05890E+00  1.05890E+00  1.05890E+00
   24549   3  0.00000E+00  0.00000E+00  0.00000E+00  0.00000E+00  0.00000E+00  0.00000E+00  0.00000E+00  0.00000E+00  0.00000E+00  0.00000E+00  0.00000E+00  0.00000E+00  0.00000E+00  0.00000E+00  0.00000E+00  0.00000E+00  0.00000E+00  0.00000E+00  0.00000E+00  0.00000E+00  0.00000E+00  0.00000E+00  0.00000E+00  0.00000E+00
   24549   4  4.60213E-03  4.60213E-03  4.60213E-03  4.60213E-03  4.60213E-03  4.60213E-03  4.60213E-03  4.60213E-03  4.60213E-03  4.60213E-03  4.60213E-03  4.60213E-03  4.60213E-03  4.60213E-03  4.60213E-03  4.60213E-03  4.60213E-03  4.60213E-03  4.60213E-03  4.60213E-03  4.60213E-03  4.60213E-03  4.60213E-03  4.60213E-03
   24547   4  7.71390E+00  7.71390E+00  7.71390E+00  7.71390E+00  7.71390E+00  7.71390E+00  7.71390E+00  7.71390E+00  7.71390E+00  7.71390E+00  7.71390E+00  7.71390E+00  7.71390E+00  9.12084E+01  9.12084E+01  9.12084E+01  9.12084E+01  9.12084E+01  9.12084E+01  9.12084E+01  9.12084E+01  7.71390E+00  7.71390E+00  7.71390E+00
   24547   6  7.69933E+01  7.69933E+01  7.69933E+01  7.69933E+01  7.69933E+01  7.69933E+01  7.69933E+01  7.69933E+01  7.69933E+01  7.69933E+01  7.69933E+01  7.69933E+01  7.69933E+01  7.69933E+01  7.69933E+01  7.69933E+01  7.69933E+01  7.69933E+01  7.69933E+01  7.69933E+01  7.69933E+01  7.69933E+01  7.69933E+01  7.69933E+01
   24547   2  1.09990E+01  1.09990E+01  1.09990E+01  1.09990E+01  1.09990E+01  1.09990E+01  1.09990E+01  1.09990E+01  1.09990E+01  1.09990E+01  1.09990E+01  1.09990E+01  1.09990E+01  1.09990E+01  1.09990E+01  1.09990E+01  1.09990E+01  1.09990E+01  1.09990E+01  1.09990E+01  1.09990E+01  1.09990E+01  1.09990E+01  1.09990E+01
   24547   5  4.39962E+01  4.39962E+01  4.39962E+01  4.39962E+01  4.39962E+01  4.39962E+01  4.39962E+01  4.39962E+01  4.39962E+01  4.39962E+01  4.39962E+01  4.39962E+01  4.39962E+01  6.25505E+01  6.25505E+01  6.25505E+01  6.25505E+01  6.25505E+01  6.25505E+01  6.25505E+01  6.25505E+01  4.39962E+01  4.39962E+01  4.39962E+01
   24547   3  1.14199E+01  1.14199E+01  1.14199E+01  1.14199E+01  1.14199E+01  1.14199E+01  1.14199E+01  1.14199E+01  1.14199E+01  1.14199E+01  1.14199E+01  1.14199E+01  1.14199E+01  9.49144E+01  9.49144E+01  9.49144E+01  9.49144E+01  9.49144E+01  9.49144E+01  9.49144E+01  9.49144E+01  1.14199E+01  1.14199E+01  1.14199E+01
   24547   7  3.62251E+00  3.62251E+00  3.62251E+00  3.62251E+00  3.62251E+00  3.62251E+00  3.62251E+00  3.62251E+00  3.62251E+00  3.62251E+00  3.62251E+00  3.62251E+00  3.62251E+00  3.62251E+00  3.62251E+00  3.62251E+00  3.62251E+00  3.62251E+00  3.62251E+00  3.62251E+00  3.62251E+00  3.62251E+00  3.62251E+00  3.62251E+00
   26660   3  1.12256E-02  1.12256E-02  1.12256E-02  1.12256E-02  1.12256E-02  1.12256E-02  1.12256E-02  1.12256E-02  1.12256E-02  1.12256E-02  1.12256E-02  1.12256E-02  1.12256E-02  1.12256E-02  1.12256E-02  1.12256E-02  1.12256E-02  1.12256E-02  1.12256E-02  1.12256E-02  1.12256E-02  1.12256E-02  1.12256E-02  1.12256E-02
   25246   4  1.56444E+00  1.56444E+00  1.56444E+00  1.56444E+00  1.56444E+00  1.56444E+00  1.56444E+00  1.56444E+00  1.56444E+00  1.56444E+00  1.56444E+00  1.56444E+00  1.56444E+00  1.56444E+00  1.56444E+00  1.56444E+00  1.56444E+00  1.56444E+00  1.56444E+00  1.56444E+00  1.56444E+00  1.56444E+00  1.56444E+00  1.56444E+00
   25246   7  1.25509E+01  1.25509E+01  1.25509E+01  1.25509E+01  1.25509E+01  1.25509E+01  1.25509E+01  1.25509E+01  1.25509E+01  1.25509E+01  1.25509E+01  1.25509E+01  1.25509E+01  1.25509E+01  1.25509E+01  1.25509E+01  1.25509E+01  1.25509E+01  1.25509E+01  1.25509E+01  1.25509E+01  1.25509E+01  1.25509E+01  1.25509E+01
   27008   7  8.74941E+00  8.74941E+00  8.74941E+00  8.74941E+00  8.74941E+00  6.69123E+00  6.69123E+00  6.69123E+00  6.69123E+00  6.69123E+00  6.69123E+00  6.69123E+00  8.74941E+00  8.74941E+00  8.74941E+00  8.74941E+00  8.74941E+00  8.74941E+00  8.74941E+00  8.74941E+00  8.74941E+00  8.74941E+00  8.74941E+00  8.74941E+00
   27008   4  1.13672E-03  1.13672E-03  1.13672E-03  1.13672E-03  1.13672E-03  1.13672E-03  1.13672E-03  1.13672E-03  1.13672E-03  1.13672E-03  1.13672E-03  1.13672E-03  1.13672E-03  1.13672E-03  1.13672E-03  1.13672E-03  1.13672E-03  1.13672E-03  1.13672E-03  1.13672E-03  1.13672E-03  1.13672E-03  1.13672E-03  1.13672E-03
   24896   2  8.61197E+00  8.61197E+00  8.61197E+00  8.61197E+00  8.61197E+00  8.61197E+00  8.61197E+00  8.61197E+00  8.61197E+00  8.61197E+00  8.61197E+00  8.61197E+00  8.61197E+00  8.61197E+00  8.61197E+00  8.61197E+00  8.61197E+00  8.61197E+00  8.61197E+00  8.61197E+00  8.61197E+00  8.61197E+00  8.61197E+00  8.61197E+00
   24896   6  0.00000E+00  0.00000E+00  0.00000E+00  0.00000E+00  0.00000E+00  0.00000E+00  0.00000E+00  0.00000E+00  0.00000E+00  0.00000E+00  0.00000E+00  0.00000E+00  0.00000E+00  0.00000E+00  0.00000E+00  0.00000E+00  0.00000E+00  0.00000E+00  0.00000E+00  0.00000E+00  0.00000E+00  0.00000E+00  0.00000E+00  0.00000E+00
   24896   7  4.72883E+00  4.72883E+00  4.72883E+00  4.72883E+00  4.72883E+00  3.48896E-01  3.48896E-01  3.48896E-01  3.48896E-01  3.48896E-01  3.48896E-01  3.48896E-01  4.72883E+00  4.72883E+00  4.72883E+00  4.72883E+00  4.72883E+00  4.72883E+00  4.72883E+00  4.72883E+00  4.72883E+00  4.72883E+00  4.72883E+00  4.72883E+00
   24896   3  0.00000E+00  0.00000E+00  0.00000E+00  0.00000E+00  0.00000E+00  0.00000E+00  0.00000E+00  0.00000E+00  0.00000E+00  0.00000E+00  0.00000E+00  0.00000E+00  0.00000E+00  0.00000E+00  0.00000E+00  0.00000E+00  0.00000E+00  0.00000E+00  0.00000E+00  0.00000E+00  0.00000E+00  0.00000E+00  0.00000E+00  0.00000E+00
   24896   4  8.14038E+00  8.14038E+00  8.14038E+00  8.14038E+00  8.14038E+00  8.14038E+00  8.14038E+00  8.14038E+00  8.14038E+00  8.14038E+00  8.14038E+00  8.14038E+00  8.14038E+00  8.14038E+00  8.14038E+00  8.14038E+00  8.14038E+00  8.14038E+00  8.14038E+00  8.14038E+00  8.14038E+00  8.14038E+00  8.14038E+00  8.14038E+00
   23133   3  7.62090E-04  7.62090E-04  7.62090E-04  7.62090E-04  7.62090E-04  7.62090E-04  7.62090E-04  7.62090E-04  7.62090E-04  7.62090E-04  7.62090E-04  7.62090E-04  7.62090E-04  7.62090E-04  7.62090E-04  7.62090E-04  7.62090E-04  7.62090E-04  7.62090E-04  7.62090E-04  7.62090E-04  7.62090E-04  7.62090E-04  7.62090E-04
   26300   4  3.90551E+00  3.90551E+00  3.90551E+00  3.90551E+00  3.90551E+00  3.90551E+00  3.90551E+00  3.90551E+00  3.90551E+00  3.90551E+00  3.90551E+00  3.90551E+00  3.90551E+00  3.90551E+00  3.90551E+00  3.90551E+00  3.90551E+00  3.90551E+00  3.90551E+00  3.90551E+00  3.90551E+00  3.90551E+00  3.90551E+00  3.90551E+00
   26669   4  9.08611E-04  9.08611E-04  9.08611E-04  9.08611E-04  9.08611E-04  9.08611E-04  9.08611E-04  9.08611E-04  9.08611E-04  9.08611E-04  9.08611E-04  9.08611E-04  9.08611E-04  9.08611E-04  9.08611E-04  9.08611E-04  9.08611E-04  9.08611E-04  9.08611E-04  9.08611E-04  9.08611E-04  9.08611E-04  9.08611E-04  9.08611E-04
   26669   3  3.83232E-02  3.83232E-02  3.83232E-02  3.83232E-02  3.83232E-02  3.83232E-02  3.83232E-02  3.83232E-02  3.83232E-02  3.83232E-02  3.83232E-02  3.83232E-02  3.83232E-02  3.83232E-02  3.83232E-02  3.83232E-02  3.83232E-02  3.83232E-02  3.83232E-02  3.83232E-02  3.83232E-02  3.83232E-02  3.83232E-02  3.83232E-02
   24545   3  4.11116E-03  4.11116E-03  4.11116E-03  4.11116E-03  4.11116E-03  4.11116E-03  4.11116E-03  4.11116E-03  4.11116E-03  4.11116E-03  4.11116E-03  4.11116E-03  4.11116E-03  4.11116E-03  4.11116E-03  4.11116E-03  4.11116E-03  4.11116E-03  4.11116E-03  4.11116E-03  4.11116E-03  4.11116E-03  4.11116E-03  4.11116E-03
    9028   3  9.54539E-02  9.54539E-02  9.54539E-02  9.54539E-02  9.54539E-02  9.54539E-02  9.54539E-02  9.54539E-02  9.54539E-02  9.54539E-02  9.54539E-02  9.54539E-02  9.54539E-02  9.54539E-02  9.54539E-02  9.54539E-02  9.54539E-02  9.54539E-02  9.54539E-02  9.54539E-02  9.54539E-02  9.54539E-02  9.54539E-02  9.54539E-02
    9028   2  5.99840E-02  5.90962E-02  5.57990E-02  5.03459E-02  4.46392E-02  3.77342E-02  3.49391E-02  3.35415E-02  3.30757E-02  3.40074E-02  3.68025E-02  4.12281E-02  4.69349E-02  5.04288E-02  5.32239E-02  5.56696E-02  5.66013E-02  5.75330E-02  5.78824E-02  5.83483E-02  5.82318E-02  5.78824E-02  5.69507E-02  5.55532E-02
    9028   7  6.25144E+00  6.25144E+00  6.25144E+00  6.25144E+00  6.25144E+00  6.25144E+00  6.25144E+00  6.25144E+00  6.25144E+00  6.25144E+00  6.25144E+00  6.25144E+00  6.25144E+00  6.25144E+00  6.25144E+00  6.25144E+00  6.25144E+00  6.25144E+00  6.25144E+00  6.25144E+00  6.25144E+00  6.25144E+00  6.25144E+00  6.25144E+00
   14677   7  1.18298E+00  1.18298E+00  1.18298E+00  1.18298E+00  1.18298E+00  1.18298E+00  1.18298E+00  1.18298E+00  1.18298E+00  1.18298E+00  1.18298E+00  1.18298E+00  1.18298E+00  1.18298E+00  1.18298E+00  1.18298E+00  1.18298E+00  1.18298E+00  1.18298E+00  1.18298E+00  1.18298E+00  1.18298E+00  1.18298E+00  1.18298E+00
   15736   3  4.74420E-05  4.74420E-05  4.74420E-05  4.74420E-05  4.74420E-05  4.74420E-05  4.74420E-05  4.74420E-05  4.74420E-05  4.74420E-05  4.74420E-05  4.74420E-05  4.74420E-05  4.74420E-05  4.74420E-05  4.74420E-05  4.74420E-05  4.74420E-05  4.74420E-05  4.74420E-05  4.74420E-05  4.74420E-05  4.74420E-05  4.74420E-05
   13592   2  0.00000E+00  0.00000E+00  0.00000E+00  0.00000E+00  0.00000E+00  0.00000E+00  0.00000E+00  0.00000E+00  0.00000E+00  0.00000E+00  0.00000E+00  0.00000E+00  0.00000E+00  0.00000E+00  0.00000E+00  0.00000E+00  0.00000E+00  0.00000E+00  0.00000E+00  0.00000E+00  0.00000E+00  0.00000E+00  0.00000E+00  0.00000E+00
   12912   3  0.00000E+00  0.00000E+00  0.00000E+00  0.00000E+00  0.00000E+00  0.00000E+00  0.00000E+00  0.00000E+00  0.00000E+00  0.00000E+00  0.00000E+00  0.00000E+00  0.00000E+00  0.00000E+00  0.00000E+00  0.00000E+00  0.00000E+00  0.00000E+00  0.00000E+00  0.00000E+00  0.00000E+00  0.00000E+00  0.00000E+00  0.00000E+00
   23165   4  3.82932E-03  3.82932E-03  3.82932E-03  3.82932E-03  3.82932E-03  3.82932E-03  3.82932E-03  3.82932E-03  3.82932E-03  3.82932E-03  3.82932E-03  3.82932E-03  3.82932E-03  3.82932E-03  3.82932E-03  3.82932E-03  3.82932E-03  3.82932E-03  3.82932E-03  3.82932E-03  3.82932E-03  3.82932E-03  3.82932E-03  3.82932E-03
   22447   4  9.79510E-03  9.79510E-03  9.79510E-03  9.79510E-03  9.79510E-03  9.79510E-03  9.79510E-03  9.79510E-03  9.79510E-03  9.79510E-03  9.79510E-03  9.79510E-03  9.79510E-03  9.79510E-03  9.79510E-03  9.79510E-03  9.79510E-03  9.79510E-03  9.79510E-03  9.79510E-03  9.79510E-03  9.79510E-03  9.79510E-03  9.79510E-03
   22447   3  5.23957E-02  5.23957E-02  5.23957E-02  5.23957E-02  5.23957E-02  5.23957E-02  5.23957E-02  5.23957E-02  5.23957E-02  5.23957E-02  5.23957E-02  5.23957E-02  5.23957E-02  5.23957E-02  5.23957E-02  5.23957E-02  5.23957E-02  5.23957E-02  5.23957E-02  5.23957E-02  5.23957E-02  5.23957E-02  5.23957E-02  5.23957E-02
   22447   5  0.00000E+00  0.00000E+00  0.00000E+00  0.00000E+00  0.00000E+00  0.00000E+00  0.00000E+00  0.00000E+00  0.00000E+00  0.00000E+00  0.00000E+00  0.00000E+00  0.00000E+00  0.00000E+00  0.00000E+00  0.00000E+00  0.00000E+00  0.00000E+00  0.00000E+00  0.00000E+00  0.00000E+00  0.00000E+00  0.00000E+00  0.00000E+00
   22094   3  1.18210E-01  1.18210E-01  1.18210E-01  1.18210E-01  1.18210E-01  1.18210E-01  1.18210E-01  1.18210E-01  1.18210E-01  1.18210E-01  1.18210E-01  1.18210E-01  1.18210E-01  1.18210E-01  1.18210E-01  1.18210E-01  1.18210E-01  1.18210E-01  1.18210E-01  1.18210E-01  1.18210E-01  1.18210E-01  1.18210E-01  1.18210E-01
   22094   2  2.14150E-01  2.14150E-01  2.14150E-01  2.14150E-01  2.14150E-01  2.14150E-01  2.14150E-01  2.14150E-01  2.14150E-01  2.14150E-01  2.14150E-01  2.14150E-01  2.14150E-01  2.14150E-01  2.14150E-01  2.14150E-01  2.14150E-01  2.14150E-01  2.14150E-01  2.14150E-01  2.14150E-01  2.14150E-01  2.14150E-01  2.14150E-01
   22094   4  2.15417E-01  2.15417E-01  2.15417E-01  2.15417E-01  2.15417E-01  2.15417E-01  2.15417E-01  2.15417E-01  2.15417E-01  2.15417E-01  2.15417E-01  2.15417E-01  2.15417E-01  2.15417E-01  2.15417E-01  2.15417E-01  2.15417E-01  2.15417E-01  2.15417E-01  2.15417E-01  2.15417E-01  2.15417E-01  2.15417E-01  2.15417E-01
   22458   4  1.12097E-03  1.12097E-03  1.12097E-03  1.12097E-03  1.12097E-03  1.12097E-03  1.12097E-03  1.12097E-03  1.12097E-03  1.12097E-03  1.12097E-03  1.12097E-03  1.12097E-03  1.12097E-03  1.12097E-03  1.12097E-03  1.12097E-03  1.12097E-03  1.12097E-03  1.12097E-03  1.12097E-03  1.12097E-03  1.12097E-03  1.12097E-03
   23854   3  0.00000E+00  0.00000E+00  0.00000E+00  0.00000E+00  0.00000E+00  0.00000E+00  0.00000E+00  0.00000E+00  0.00000E+00  0.00000E+00  0.00000E+00  0.00000E+00  0.00000E+00  0.00000E+00  0.00000E+00  0.00000E+00  0.00000E+00  0.00000E+00  0.00000E+00  0.00000E+00  0.00000E+00  0.00000E+00  0.00000E+00  0.00000E+00
   23854   4  0.00000E+00  0.00000E+00  0.00000E+00  0.00000E+00  0.00000E+00  0.00000E+00  0.00000E+00  0.00000E+00  0.00000E+00  0.00000E+00  0.00000E+00  0.00000E+00  0.00000E+00  0.00000E+00  0.00000E+00  0.00000E+00  0.00000E+00  0.00000E+00  0.00000E+00  0.00000E+00  0.00000E+00  0.00000E+00  0.00000E+00  0.00000E+00
   23854   2  1.55022E-01  1.55022E-01  1.55022E-01  1.55022E-01  1.55022E-01  1.55022E-01  1.55022E-01  1.55022E-01  1.55022E-01  1.55022E-01  1.55022E-01  1.55022E-01  1.55022E-01  1.55022E-01  1.55022E-01  1.55022E-01  1.55022E-01  1.55022E-01  1.55022E-01  1.55022E-01  1.55022E-01  1.55022E-01  1.55022E-01  1.55022E-01
   26688   3  9.37170E-02  9.37170E-02  9.37170E-02  9.37170E-02  9.37170E-02  9.37170E-02  9.37170E-02  9.37170E-02  9.37170E-02  9.37170E-02  9.37170E-02  9.37170E-02  9.37170E-02  9.37170E-02  9.37170E-02  9.37170E-02  9.37170E-02  9.37170E-02  9.37170E-02  9.37170E-02  9.37170E-02  9.37170E-02  9.37170E-02  9.37170E-02
   26688   2  1.04130E-02  1.04130E-02  1.04130E-02  1.04130E-02  1.04130E-02  1.04130E-02  1.04130E-02  1.04130E-02  1.04130E-02  1.04130E-02  1.04130E-02  1.04130E-02  1.04130E-02  1.04130E-02  1.04130E-02  1.04130E-02  1.04130E-02  1.04130E-02  1.04130E-02  1.04130E-02  1.04130E-02  1.04130E-02  1.04130E-02  1.04130E-02
   22806   3  9.24933E-04  9.24933E-04  9.24933E-04  9.24933E-04  9.24933E-04  9.24933E-04  9.24933E-04  9.24933E-04  9.24933E-04  9.24933E-04  9.24933E-04  9.24933E-04  9.24933E-04  9.24933E-04  9.24933E-04  9.24933E-04  9.24933E-04  9.24933E-04  9.24933E-04  9.24933E-04  9.24933E-04  9.24933E-04  9.24933E-04  9.24933E-04
   22805   3  1.56677E-03  1.56677E-03  1.56677E-03  1.56677E-03  1.56677E-03  1.56677E-03  1.56677E-03  1.56677E-03  1.56677E-03  1.56677E-03  1.56677E-03  1.56677E-03  1.56677E-03  1.56677E-03  1.56677E-03  1.56677E-03  1.56677E-03  1.56677E-03  1.56677E-03  1.56677E-03  1.56677E-03  1.56677E-03  1.56677E-03  1.56677E-03
   22806   7  6.89942E+00  6.89942E+00  6.89942E+00  6.89942E+00  6.89942E+00  6.89942E+00  6.89942E+00  6.89942E+00  6.89942E+00  6.89942E+00  6.89942E+00  6.89942E+00  6.89942E+00  6.89942E+00  6.89942E+00  6.89942E+00  6.89942E+00  6.89942E+00  6.89942E+00  6.89942E+00  6.89942E+00  6.89942E+00  6.89942E+00  6.89942E+00
   22806   4  2.42082E+00  2.42082E+00  2.42082E+00  2.42082E+00  2.42082E+00  2.42082E+00  2.42082E+00  2.42082E+00  2.42082E+00  2.42082E+00  2.42082E+00  2.42082E+00  2.42082E+00  2.42082E+00  2.42082E+00  2.42082E+00  2.42082E+00  2.42082E+00  2.42082E+00  2.42082E+00  2.42082E+00  2.42082E+00  2.42082E+00  2.42082E+00
   23506   3  1.93066E-01  1.93066E-01  1.93066E-01  1.93066E-01  1.93066E-01  1.93066E-01  1.93066E-01  1.93066E-01  1.93066E-01  1.93066E-01  1.93066E-01  1.93066E-01  1.93066E-01  1.93066E-01  1.93066E-01  1.93066E-01  1.93066E-01  1.93066E-01  1.93066E-01  1.93066E-01  1.93066E-01  1.93066E-01  1.93066E-01  1.93066E-01
   22453   3  0.00000E+00  0.00000E+00  0.00000E+00  0.00000E+00  0.00000E+00  0.00000E+00  0.00000E+00  0.00000E+00  0.00000E+00  0.00000E+00  0.00000E+00  0.00000E+00  0.00000E+00  0.00000E+00  0.00000E+00  0.00000E+00  0.00000E+00  0.00000E+00  0.00000E+00  0.00000E+00  0.00000E+00  0.00000E+00  0.00000E+00  0.00000E+00
   22457   4  1.13242E-02  1.13242E-02  1.13242E-02  1.13242E-02  1.13242E-02  1.13242E-02  1.13242E-02  1.13242E-02  1.13242E-02  1.13242E-02  1.13242E-02  1.13242E-02  1.13242E-02  1.13242E-02  1.13242E-02  1.13242E-02  1.13242E-02  1.13242E-02  1.13242E-02  1.13242E-02  1.13242E-02  1.13242E-02  1.13242E-02  1.13242E-02
   21396   7  0.00000E+00  0.00000E+00  0.00000E+00  0.00000E+00  0.00000E+00  0.00000E+00  0.00000E+00  0.00000E+00  0.00000E+00  0.00000E+00  0.00000E+00  0.00000E+00  0.00000E+00  3.75268E+00  3.75268E+00  3.75268E+00  3.75268E+00  3.75268E+00  3.75268E+00  3.75268E+00  3.75268E+00  0.00000E+00  0.00000E+00  0.00000E+00
   21395   4  7.38208E-01  7.38208E-01  7.38208E-01  7.38208E-01  7.38208E-01  7.38208E-01  7.38208E-01  7.38208E-01  7.38208E-01  7.38208E-01  7.38208E-01  7.38208E-01  7.38208E-01  7.38208E-01  7.38208E-01  7.38208E-01  7.38208E-01  7.38208E-01  7.38208E-01  7.38208E-01  7.38208E-01  7.38208E-01  7.38208E-01  7.38208E-01
   21396   4  6.01462E-01  6.01462E-01  6.01462E-01  6.01462E-01  6.01462E-01  6.01462E-01  6.01462E-01  6.01462E-01  6.01462E-01  6.01462E-01  6.01462E-01  6.01462E-01  6.01462E-01  6.01462E-01  6.01462E-01  6.01462E-01  6.01462E-01  6.01462E-01  6.01462E-01  6.01462E-01  6.01462E-01  6.01462E-01  6.01462E-01  6.01462E-01
   21740   4  1.41276E-02  1.41276E-02  1.41276E-02  1.41276E-02  1.41276E-02  1.41276E-02  1.41276E-02  1.41276E-02  1.41276E-02  1.41276E-02  1.41276E-02  1.41276E-02  1.41276E-02  1.41276E-02  1.41276E-02  1.41276E-02  1.41276E-02  1.41276E-02  1.41276E-02  1.41276E-02  1.41276E-02  1.41276E-02  1.41276E-02  1.41276E-02
   21739   4  8.88576E-02  8.88576E-02  8.88576E-02  8.88576E-02  8.88576E-02  8.88576E-02  8.88576E-02  8.88576E-02  8.88576E-02  8.88576E-02  8.88576E-02  8.88576E-02  8.88576E-02  8.88576E-02  8.88576E-02  8.88576E-02  8.88576E-02  8.88576E-02  8.88576E-02  8.88576E-02  8.88576E-02  8.88576E-02  8.88576E-02  8.88576E-02
   21740   3  1.13468E-01  1.13468E-01  1.13468E-01  1.13468E-01  1.13468E-01  0.00000E+00  0.00000E+00  0.00000E+00  0.00000E+00  0.00000E+00  0.00000E+00  0.00000E+00  0.00000E+00  1.13468E-01  1.13468E-01  1.13468E-01  1.13468E-01  1.13468E-01  1.13468E-01  1.13468E-01  1.13468E-01  1.13468E-01  1.13468E-01  1.13468E-01
   22093   4  0.00000E+00  0.00000E+00  0.00000E+00  0.00000E+00  0.00000E+00  0.00000E+00  0.00000E+00  0.00000E+00  0.00000E+00  0.00000E+00  0.00000E+00  0.00000E+00  0.00000E+00  0.00000E+00  0.00000E+00  0.00000E+00  0.00000E+00  0.00000E+00  0.00000E+00  0.00000E+00  0.00000E+00  0.00000E+00  0.00000E+00  0.00000E+00
   22093   7  0.00000E+00  0.00000E+00  0.00000E+00  0.00000E+00  0.00000E+00  0.00000E+00  0.00000E+00  0.00000E+00  0.00000E+00  0.00000E+00  0.00000E+00  0.00000E+00  0.00000E+00  0.00000E+00  0.00000E+00  0.00000E+00  0.00000E+00  0.00000E+00  0.00000E+00  0.00000E+00  0.00000E+00  0.00000E+00  0.00000E+00  0.00000E+00
   21744   3  1.44969E+00  1.44969E+00  1.44969E+00  1.44969E+00  1.44969E+00  1.44969E+00  1.44969E+00  1.44969E+00  1.44969E+00  1.44969E+00  1.44969E+00  1.44969E+00  1.44969E+00  1.44969E+00  1.44969E+00  1.44969E+00  1.44969E+00  1.44969E+00  1.44969E+00  1.44969E+00  1.44969E+00  1.44969E+00  1.44969E+00  1.44969E+00
   21744   4  7.42563E-01  7.42563E-01  7.42563E-01  7.42563E-01  7.42563E-01  7.42563E-01  7.42563E-01  7.42563E-01  7.42563E-01  7.42563E-01  7.42563E-01  7.42563E-01  7.42563E-01  7.42563E-01  7.42563E-01  7.42563E-01  7.42563E-01  7.42563E-01  7.42563E-01  7.42563E-01  7.42563E-01  7.42563E-01  7.42563E-01  7.42563E-01
   21391   4  3.62110E+00  3.62110E+00  3.62110E+00  3.62110E+00  3.62110E+00  3.62110E+00  3.62110E+00  3.62110E+00  3.62110E+00  3.62110E+00  3.62110E+00  3.62110E+00  3.62110E+00  3.62110E+00  3.62110E+00  3.62110E+00  3.62110E+00  3.62110E+00  3.62110E+00  3.62110E+00  3.62110E+00  3.62110E+00  3.62110E+00  3.62110E+00
   21391   3  1.76732E+00  1.76732E+00  1.76732E+00  1.76732E+00  1.76732E+00  1.76732E+00  1.76732E+00  1.76732E+00  1.76732E+00  1.76732E+00  1.76732E+00  1.76732E+00  1.76732E+00  1.76732E+00  1.76732E+00  1.76732E+00  1.76732E+00  1.76732E+00  1.76732E+00  1.76732E+00  1.76732E+00  1.76732E+00  1.76732E+00  1.76732E+00
   21744   5  0.00000E+00  0.00000E+00  0.00000E+00  0.00000E+00  0.00000E+00  0.00000E+00  0.00000E+00  0.00000E+00  0.00000E+00  0.00000E+00  0.00000E+00  0.00000E+00  0.00000E+00  0.00000E+00  0.00000E+00  0.00000E+00  0.00000E+00  0.00000E+00  0.00000E+00  0.00000E+00  0.00000E+00  0.00000E+00  0.00000E+00  0.00000E+00
   22098   4  1.89294E-01  1.89294E-01  1.89294E-01  1.89294E-01  1.89294E-01  1.89294E-01  1.89294E-01  1.89294E-01  1.89294E-01  1.89294E-01  1.89294E-01  1.89294E-01  1.89294E-01  1.89294E-01  1.89294E-01  1.89294E-01  1.89294E-01  1.89294E-01  1.89294E-01  1.89294E-01  1.89294E-01  1.89294E-01  1.89294E-01  1.89294E-01
   22445   7  5.95765E+00  5.95765E+00  5.95765E+00  5.95765E+00  5.95765E+00  5.95765E+00  5.95765E+00  5.95765E+00  5.95765E+00  5.95765E+00  5.95765E+00  5.95765E+00  5.95765E+00  5.95765E+00  5.95765E+00  5.95765E+00  5.95765E+00  5.95765E+00  5.95765E+00  5.95765E+00  5.95765E+00  5.95765E+00  5.95765E+00  5.95765E+00
   22093   3  3.22388E-01  3.22388E-01  3.22388E-01  3.22388E-01  3.22388E-01  3.22388E-01  3.22388E-01  3.22388E-01  3.22388E-01  3.22388E-01  3.22388E-01  3.22388E-01  3.22388E-01  3.22388E-01  3.22388E-01  3.22388E-01  3.22388E-01  3.22388E-01  3.22388E-01  3.22388E-01  3.22388E-01  3.22388E-01  3.22388E-01  3.22388E-01
   22093   2  3.22388E-01  3.22388E-01  3.22388E-01  3.22388E-01  3.22388E-01  3.22388E-01  3.22388E-01  3.22388E-01  3.22388E-01  3.22388E-01  3.22388E-01  3.22388E-01  3.22388E-01  3.22388E-01  3.22388E-01  3.22388E-01  3.22388E-01  3.22388E-01  3.22388E-01  3.22388E-01  3.22388E-01  3.22388E-01  3.22388E-01  3.22388E-01
   22445   2  6.58171E+00  6.58171E+00  6.58171E+00  6.58171E+00  6.58171E+00  6.58171E+00  6.58171E+00  6.58171E+00  6.58171E+00  6.58171E+00  6.58171E+00  6.58171E+00  6.58171E+00  6.58171E+00  6.58171E+00  6.58171E+00  6.58171E+00  6.58171E+00  6.58171E+00  6.58171E+00  6.58171E+00  6.58171E+00  6.58171E+00  6.58171E+00
   22445   3  6.66958E-01  6.66958E-01  6.66958E-01  6.66958E-01  6.66958E-01  6.66958E-01  6.66958E-01  6.66958E-01  6.66958E-01  6.66958E-01  6.66958E-01  6.66958E-01  6.66958E-01  6.66958E-01  6.66958E-01  6.66958E-01  6.66958E-01  6.66958E-01  6.66958E-01  6.66958E-01  6.66958E-01  6.66958E-01  6.66958E-01  6.66958E-01
   22445   1  0.00000E+00  0.00000E+00  0.00000E+00  0.00000E+00  0.00000E+00  0.00000E+00  0.00000E+00  0.00000E+00  0.00000E+00  0.00000E+00  0.00000E+00  0.00000E+00  0.00000E+00  0.00000E+00  0.00000E+00  0.00000E+00  0.00000E+00  0.00000E+00  0.00000E+00  0.00000E+00  0.00000E+00  0.00000E+00  0.00000E+00  0.00000E+00
   22446   4  2.24540E-01  2.24540E-01  2.24540E-01  2.24540E-01  2.24540E-01  2.24540E-01  2.24540E-01  2.24540E-01  2.24540E-01  2.24540E-01  2.24540E-01  2.24540E-01  2.24540E-01  2.24540E-01  2.24540E-01  2.24540E-01  2.24540E-01  2.24540E-01  2.24540E-01  2.24540E-01  2.24540E-01  2.24540E-01  2.24540E-01  2.24540E-01
   22446   2  0.00000E+00  0.00000E+00  0.00000E+00  0.00000E+00  0.00000E+00  0.00000E+00  0.00000E+00  0.00000E+00  0.00000E+00  0.00000E+00  0.00000E+00  0.00000E+00  0.00000E+00  0.00000E+00  0.00000E+00  0.00000E+00  0.00000E+00  0.00000E+00  0.00000E+00  0.00000E+00  0.00000E+00  0.00000E+00  0.00000E+00  0.00000E+00
   22446   3  0.00000E+00  0.00000E+00  0.00000E+00  0.00000E+00  0.00000E+00  0.00000E+00  0.00000E+00  0.00000E+00  0.00000E+00  0.00000E+00  0.00000E+00  0.00000E+00  0.00000E+00  0.00000E+00  0.00000E+00  0.00000E+00  0.00000E+00  0.00000E+00  0.00000E+00  0.00000E+00  0.00000E+00  0.00000E+00  0.00000E+00  0.00000E+00
   22446   1  0.00000E+00  0.00000E+00  0.00000E+00  0.00000E+00  0.00000E+00  0.00000E+00  0.00000E+00  0.00000E+00  0.00000E+00  0.00000E+00  0.00000E+00  0.00000E+00  0.00000E+00  0.00000E+00  0.00000E+00  0.00000E+00  0.00000E+00  0.00000E+00  0.00000E+00  0.00000E+00  0.00000E+00  0.00000E+00  0.00000E+00  0.00000E+00
   22810   4  4.35375E-02  4.35375E-02  4.35375E-02  4.35375E-02  4.35375E-02  4.35375E-02  4.35375E-02  4.35375E-02  4.35375E-02  4.35375E-02  4.35375E-02  4.35375E-02  4.35375E-02  4.35375E-02  4.35375E-02  4.35375E-02  4.35375E-02  4.35375E-02  4.35375E-02  4.35375E-02  4.35375E-02  4.35375E-02  4.35375E-02  4.35375E-02
   22810   3  0.00000E+00  0.00000E+00  0.00000E+00  0.00000E+00  0.00000E+00  0.00000E+00  0.00000E+00  0.00000E+00  0.00000E+00  0.00000E+00  0.00000E+00  0.00000E+00  0.00000E+00  0.00000E+00  0.00000E+00  0.00000E+00  0.00000E+00  0.00000E+00  0.00000E+00  0.00000E+00  0.00000E+00  0.00000E+00  0.00000E+00  0.00000E+00
   25975   3  0.00000E+00  0.00000E+00  0.00000E+00  0.00000E+00  0.00000E+00  0.00000E+00  0.00000E+00  0.00000E+00  0.00000E+00  0.00000E+00  0.00000E+00  0.00000E+00  0.00000E+00  0.00000E+00  0.00000E+00  0.00000E+00  0.00000E+00  0.00000E+00  0.00000E+00  0.00000E+00  0.00000E+00  0.00000E+00  0.00000E+00  0.00000E+00
   25581   3  0.00000E+00  0.00000E+00  0.00000E+00  0.00000E+00  0.00000E+00  0.00000E+00  0.00000E+00  0.00000E+00  0.00000E+00  0.00000E+00  0.00000E+00  0.00000E+00  0.00000E+00  0.00000E+00  0.00000E+00  0.00000E+00  0.00000E+00  0.00000E+00  0.00000E+00  0.00000E+00  0.00000E+00  0.00000E+00  0.00000E+00  0.00000E+00
   24161   3  0.00000E+00  0.00000E+00  0.00000E+00  0.00000E+00  0.00000E+00  0.00000E+00  0.00000E+00  0.00000E+00  0.00000E+00  0.00000E+00  0.00000E+00  0.00000E+00  0.00000E+00  0.00000E+00  0.00000E+00  0.00000E+00  0.00000E+00  0.00000E+00  0.00000E+00  0.00000E+00  0.00000E+00  0.00000E+00  0.00000E+00  0.00000E+00
   24161   2  0.00000E+00  0.00000E+00  0.00000E+00  0.00000E+00  0.00000E+00  0.00000E+00  0.00000E+00  0.00000E+00  0.00000E+00  0.00000E+00  0.00000E+00  0.00000E+00  0.00000E+00  0.00000E+00  0.00000E+00  0.00000E+00  0.00000E+00  0.00000E+00  0.00000E+00  0.00000E+00  0.00000E+00  0.00000E+00  0.00000E+00  0.00000E+00
   20976   3  0.00000E+00  0.00000E+00  0.00000E+00  0.00000E+00  0.00000E+00  0.00000E+00  0.00000E+00  0.00000E+00  0.00000E+00  0.00000E+00  0.00000E+00  0.00000E+00  0.00000E+00  0.00000E+00  0.00000E+00  0.00000E+00  0.00000E+00  0.00000E+00  0.00000E+00  0.00000E+00  0.00000E+00  0.00000E+00  0.00000E+00  0.00000E+00
   20976   2  0.00000E+00  0.00000E+00  0.00000E+00  0.00000E+00  0.00000E+00  0.00000E+00  0.00000E+00  0.00000E+00  0.00000E+00  0.00000E+00  0.00000E+00  0.00000E+00  0.00000E+00  0.00000E+00  0.00000E+00  0.00000E+00  0.00000E+00  0.00000E+00  0.00000E+00  0.00000E+00  0.00000E+00  0.00000E+00  0.00000E+00  0.00000E+00
   20621   3  0.00000E+00  0.00000E+00  0.00000E+00  0.00000E+00  0.00000E+00  0.00000E+00  0.00000E+00  0.00000E+00  0.00000E+00  0.00000E+00  0.00000E+00  0.00000E+00  0.00000E+00  0.00000E+00  0.00000E+00  0.00000E+00  0.00000E+00  0.00000E+00  0.00000E+00  0.00000E+00  0.00000E+00  0.00000E+00  0.00000E+00  0.00000E+00
   23460   3  4.24840E-01  4.24840E-01  4.24840E-01  4.24840E-01  4.24840E-01  4.24840E-01  4.24840E-01  4.24840E-01  4.24840E-01  4.24840E-01  4.24840E-01  4.24840E-01  4.24840E-01  4.24840E-01  4.24840E-01  4.24840E-01  4.24840E-01  4.24840E-01  4.24840E-01  4.24840E-01  4.24840E-01  4.24840E-01  4.24840E-01  4.24840E-01
   25224   4  1.21524E+02  1.21524E+02  1.21524E+02  1.21524E+02  1.21524E+02  1.21524E+02  1.21524E+02  1.21524E+02  1.21524E+02  1.21524E+02  1.21524E+02  1.21524E+02  1.21524E+02  1.21524E+02  1.21524E+02  1.21524E+02  1.21524E+02  1.21524E+02  1.21524E+02  1.21524E+02  1.21524E+02  1.21524E+02  1.21524E+02  1.21524E+02
   25224   3  1.67716E+01  1.67716E+01  1.67716E+01  1.67716E+01  1.67716E+01  1.67716E+01  1.67716E+01  1.67716E+01  1.67716E+01  1.67716E+01  1.67716E+01  1.67716E+01  1.67716E+01  1.67716E+01  1.67716E+01  1.67716E+01  1.67716E+01  1.67716E+01  1.67716E+01  1.67716E+01  1.67716E+01  1.67716E+01  1.67716E+01  1.67716E+01
   25223   3  1.43672E+01  1.43672E+01  1.43672E+01  1.43672E+01  1.43672E+01  1.38273E+01  1.38273E+01  1.38273E+01  1.38273E+01  1.38273E+01  1.38273E+01  1.38273E+01  1.38273E+01  1.43672E+01  1.43672E+01  1.43672E+01  1.43672E+01  1.43672E+01  1.43672E+01  1.43672E+01  1.43672E+01  1.43672E+01  1.43672E+01  1.43672E+01
   24870   3  3.19692E-01  3.19692E-01  3.19692E-01  3.19692E-01  3.19692E-01  3.19692E-01  3.19692E-01  3.19692E-01  3.19692E-01  3.19692E-01  3.19692E-01  3.19692E-01  3.19692E-01  3.19692E-01  3.19692E-01  3.19692E-01  3.19692E-01  3.19692E-01  3.19692E-01  3.19692E-01  3.19692E-01  3.19692E-01  3.19692E-01  3.19692E-01
   25224   7  0.00000E+00  0.00000E+00  0.00000E+00  0.00000E+00  0.00000E+00  0.00000E+00  0.00000E+00  0.00000E+00  0.00000E+00  0.00000E+00  0.00000E+00  0.00000E+00  0.00000E+00  2.34058E+00  2.34058E+00  2.34058E+00  2.34058E+00  2.34058E+00  2.34058E+00  2.34058E+00  2.34058E+00  0.00000E+00  0.00000E+00  0.00000E+00
   25224   5  0.00000E+00  0.00000E+00  0.00000E+00  0.00000E+00  0.00000E+00  0.00000E+00  0.00000E+00  0.00000E+00  0.00000E+00  0.00000E+00  0.00000E+00  0.00000E+00  0.00000E+00  0.00000E+00  0.00000E+00  0.00000E+00  0.00000E+00  0.00000E+00  0.00000E+00  0.00000E+00  0.00000E+00  0.00000E+00  0.00000E+00  0.00000E+00
   24871   3  0.00000E+00  0.00000E+00  0.00000E+00  0.00000E+00  0.00000E+00  0.00000E+00  0.00000E+00  0.00000E+00  0.00000E+00  0.00000E+00  0.00000E+00  0.00000E+00  0.00000E+00  0.00000E+00  0.00000E+00  0.00000E+00  0.00000E+00  0.00000E+00  0.00000E+00  0.00000E+00  0.00000E+00  0.00000E+00  0.00000E+00  0.00000E+00
   25223   4  2.39592E+00  2.39592E+00  2.39592E+00  2.39592E+00  2.39592E+00  2.39592E+00  2.39592E+00  2.39592E+00  2.39592E+00  2.39592E+00  2.39592E+00  2.39592E+00  2.39592E+00  2.39592E+00  2.39592E+00  2.39592E+00  2.39592E+00  2.39592E+00  2.39592E+00  2.39592E+00  2.39592E+00  2.39592E+00  2.39592E+00  2.39592E+00
   24870   4  5.82255E+00  5.82255E+00  5.82255E+00  5.82255E+00  5.82255E+00  5.82255E+00  5.82255E+00  5.82255E+00  5.82255E+00  5.82255E+00  5.82255E+00  5.82255E+00  5.82255E+00  5.82255E+00  5.82255E+00  5.82255E+00  5.82255E+00  5.82255E+00  5.82255E+00  5.82255E+00  5.82255E+00  5.82255E+00  5.82255E+00  5.82255E+00
   24871   4  1.28360E+01  1.28360E+01  1.28360E+01  1.28360E+01  1.28360E+01  1.28360E+01  1.28360E+01  1.28360E+01  1.28360E+01  1.28360E+01  1.28360E+01  1.28360E+01  1.28360E+01  1.28360E+01  1.28360E+01  1.28360E+01  1.28360E+01  1.28360E+01  1.28360E+01  1.28360E+01  1.28360E+01  1.28360E+01  1.28360E+01  1.28360E+01
   23814   4  1.45066E+00  1.45066E+00  1.45066E+00  1.45066E+00  1.45066E+00  1.45066E+00  1.45066E+00  1.45066E+00  1.45066E+00  1.45066E+00  1.45066E+00  1.45066E+00  1.45066E+00  1.45066E+00  1.45066E+00  1.45066E+00  1.45066E+00  1.45066E+00  1.45066E+00  1.45066E+00  1.45066E+00  1.45066E+00  1.45066E+00  1.45066E+00
   23813   3  0.00000E+00  0.00000E+00  0.00000E+00  0.00000E+00  0.00000E+00  0.00000E+00  0.00000E+00  0.00000E+00  0.00000E+00  0.00000E+00  0.00000E+00  0.00000E+00  0.00000E+00  0.00000E+00  0.00000E+00  0.00000E+00  0.00000E+00  0.00000E+00  0.00000E+00  0.00000E+00  0.00000E+00  0.00000E+00  0.00000E+00  0.00000E+00
   23458   4  1.02215E+01  1.02215E+01  1.02215E+01  1.02215E+01  1.02215E+01  1.02215E+01  1.02215E+01  1.02215E+01  1.02215E+01  1.02215E+01  1.02215E+01  1.02215E+01  1.02215E+01  1.02215E+01  1.02215E+01  1.02215E+01  1.02215E+01  1.02215E+01  1.02215E+01  1.02215E+01  1.02215E+01  1.02215E+01  1.02215E+01  1.02215E+01
   28064   5  1.46911E-04  1.46911E-04  1.46911E-04  1.46911E-04  1.46911E-04  1.46911E-04  1.46911E-04  1.46911E-04  1.46911E-04  1.46911E-04  1.46911E-04  1.46911E-04  1.46911E-04  1.46911E-04  1.46911E-04  1.46911E-04  1.46911E-04  1.46911E-04  1.46911E-04  1.46911E-04  1.46911E-04  1.46911E-04  1.46911E-04  1.46911E-04
   23819   3  3.80623E-03  3.80623E-03  3.80623E-03  3.80623E-03  3.80623E-03  3.80623E-03  3.80623E-03  3.80623E-03  3.80623E-03  3.80623E-03  3.80623E-03  3.80623E-03  3.80623E-03  3.80623E-03  3.80623E-03  3.80623E-03  3.80623E-03  3.80623E-03  3.80623E-03  3.80623E-03  3.80623E-03  3.80623E-03  3.80623E-03  3.80623E-03
   23819   4  5.85145E+00  5.85145E+00  5.85145E+00  5.85145E+00  5.85145E+00  5.85145E+00  5.85145E+00  5.85145E+00  5.85145E+00  5.85145E+00  5.85145E+00  5.85145E+00  5.85145E+00  5.85145E+00  5.85145E+00  5.85145E+00  5.85145E+00  5.85145E+00  5.85145E+00  5.85145E+00  5.85145E+00  5.85145E+00  5.85145E+00  5.85145E+00
   23464   5  0.00000E+00  0.00000E+00  0.00000E+00  0.00000E+00  0.00000E+00  0.00000E+00  0.00000E+00  0.00000E+00  0.00000E+00  0.00000E+00  0.00000E+00  0.00000E+00  0.00000E+00  0.00000E+00  0.00000E+00  0.00000E+00  0.00000E+00  0.00000E+00  0.00000E+00  0.00000E+00  0.00000E+00  0.00000E+00  0.00000E+00  0.00000E+00
   23464   3  0.00000E+00  0.00000E+00  0.00000E+00  0.00000E+00  0.00000E+00  0.00000E+00  0.00000E+00  0.00000E+00  0.00000E+00  0.00000E+00  0.00000E+00  0.00000E+00  0.00000E+00  0.00000E+00  0.00000E+00  0.00000E+00  0.00000E+00  0.00000E+00  0.00000E+00  0.00000E+00  0.00000E+00  0.00000E+00  0.00000E+00  0.00000E+00
   23464   1  4.93342E+02  4.93342E+02  4.93342E+02  4.93342E+02  4.93342E+02  4.93342E+02  4.93342E+02  4.93342E+02  4.93342E+02  4.93342E+02  4.93342E+02  4.93342E+02  4.93342E+02  4.93342E+02  4.93342E+02  4.93342E+02  4.93342E+02  4.93342E+02  4.93342E+02  4.93342E+02  4.93342E+02  4.93342E+02  4.93342E+02  4.93342E+02
   23464   2  0.00000E+00  0.00000E+00  0.00000E+00  0.00000E+00  0.00000E+00  0.00000E+00  0.00000E+00  0.00000E+00  0.00000E+00  0.00000E+00  0.00000E+00  0.00000E+00  0.00000E+00  0.00000E+00  0.00000E+00  0.00000E+00  0.00000E+00  0.00000E+00  0.00000E+00  0.00000E+00  0.00000E+00  0.00000E+00  0.00000E+00  0.00000E+00
   23464   4  1.83426E+00  1.83426E+00  1.83426E+00  1.83426E+00  1.83426E+00  1.83426E+00  1.83426E+00  1.83426E+00  1.83426E+00  1.83426E+00  1.83426E+00  1.83426E+00  1.83426E+00  1.83426E+00  1.83426E+00  1.83426E+00  1.83426E+00  1.83426E+00  1.83426E+00  1.83426E+00  1.83426E+00  1.83426E+00  1.83426E+00  1.83426E+00
   24519   4  8.39673E+00  8.39673E+00  8.39673E+00  8.39673E+00  8.39673E+00  8.39673E+00  8.39673E+00  8.39673E+00  8.39673E+00  8.39673E+00  8.39673E+00  8.39673E+00  8.39673E+00  8.39673E+00  8.39673E+00  8.39673E+00  8.39673E+00  8.39673E+00  8.39673E+00  8.39673E+00  8.39673E+00  8.39673E+00  8.39673E+00  8.39673E+00
   24519   3  4.88096E+00  4.88096E+00  4.88096E+00  4.88096E+00  4.88096E+00  9.45760E-01  9.45760E-01  9.45760E-01  9.45760E-01  9.45760E-01  9.45760E-01  9.45760E-01  9.45760E-01  4.88096E+00  4.88096E+00  4.88096E+00  4.88096E+00  4.88096E+00  4.88096E+00  4.88096E+00  4.88096E+00  4.88096E+00  4.88096E+00  4.88096E+00
   24166   4  2.88908E-01  2.88908E-01  2.88908E-01  2.88908E-01  2.88908E-01  2.88908E-01  2.88908E-01  2.88908E-01  2.88908E-01  2.88908E-01  2.88908E-01  2.88908E-01  2.88908E-01  2.88908E-01  2.88908E-01  2.88908E-01  2.88908E-01  2.88908E-01  2.88908E-01  2.88908E-01  2.88908E-01  2.88908E-01  2.88908E-01  2.88908E-01
   24518   4  4.77368E-01  4.77368E-01  4.77368E-01  4.77368E-01  4.77368E-01  4.77368E-01  4.77368E-01  4.77368E-01  4.77368E-01  4.77368E-01  4.77368E-01  4.77368E-01  4.77368E-01  4.77368E-01  4.77368E-01  4.77368E-01  4.77368E-01  4.77368E-01  4.77368E-01  4.77368E-01  4.77368E-01  4.77368E-01  4.77368E-01  4.77368E-01
   24519   7  1.54246E+01  1.54246E+01  1.54246E+01  1.54246E+01  1.54246E+01  1.54246E+01  1.54246E+01  1.54246E+01  1.54246E+01  1.54246E+01  1.54246E+01  1.54246E+01  1.54246E+01  1.54246E+01  1.54246E+01  1.54246E+01  1.54246E+01  1.54246E+01  1.54246E+01  1.54246E+01  1.54246E+01  1.54246E+01  1.54246E+01  1.54246E+01
   24510   3  0.00000E+00  0.00000E+00  0.00000E+00  0.00000E+00  0.00000E+00  0.00000E+00  0.00000E+00  0.00000E+00  0.00000E+00  0.00000E+00  0.00000E+00  0.00000E+00  0.00000E+00  0.00000E+00  0.00000E+00  0.00000E+00  0.00000E+00  0.00000E+00  0.00000E+00  0.00000E+00  0.00000E+00  0.00000E+00  0.00000E+00  0.00000E+00
   24510   2  0.00000E+00  0.00000E+00  0.00000E+00  0.00000E+00  0.00000E+00  0.00000E+00  0.00000E+00  0.00000E+00  0.00000E+00  0.00000E+00  0.00000E+00  0.00000E+00  0.00000E+00  0.00000E+00  0.00000E+00  0.00000E+00  0.00000E+00  0.00000E+00  0.00000E+00  0.00000E+00  0.00000E+00  0.00000E+00  0.00000E+00  0.00000E+00
   20989   3  0.00000E+00  0.00000E+00  0.00000E+00  0.00000E+00  0.00000E+00  0.00000E+00  0.00000E+00  0.00000E+00  0.00000E+00  0.00000E+00  0.00000E+00  0.00000E+00  0.00000E+00  0.00000E+00  0.00000E+00  0.00000E+00  0.00000E+00  0.00000E+00  0.00000E+00  0.00000E+00  0.00000E+00  0.00000E+00  0.00000E+00  0.00000E+00
   20989   2  0.00000E+00  0.00000E+00  0.00000E+00  0.00000E+00  0.00000E+00  0.00000E+00  0.00000E+00  0.00000E+00  0.00000E+00  0.00000E+00  0.00000E+00  0.00000E+00  0.00000E+00  0.00000E+00  0.00000E+00  0.00000E+00  0.00000E+00  0.00000E+00  0.00000E+00  0.00000E+00  0.00000E+00  0.00000E+00  0.00000E+00  0.00000E+00
   22745   4  1.18263E-01  1.18263E-01  1.18263E-01  1.18263E-01  1.18263E-01  1.18263E-01  1.18263E-01  1.18263E-01  1.18263E-01  1.18263E-01  1.18263E-01  1.18263E-01  1.18263E-01  1.18263E-01  1.18263E-01  1.18263E-01  1.18263E-01  1.18263E-01  1.18263E-01  1.18263E-01  1.18263E-01  1.18263E-01  1.18263E-01  1.18263E-01
   28410   4  8.70752E-02  8.70752E-02  8.70752E-02  8.70752E-02  8.70752E-02  8.70752E-02  8.70752E-02  8.70752E-02  8.70752E-02  8.70752E-02  8.70752E-02  8.70752E-02  8.70752E-02  8.70752E-02  8.70752E-02  8.70752E-02  8.70752E-02  8.70752E-02  8.70752E-02  8.70752E-02  8.70752E-02  8.70752E-02  8.70752E-02  8.70752E-02
   24163   4  4.35900E-01  4.35900E-01  4.35900E-01  4.35900E-01  4.35900E-01  4.35900E-01  4.35900E-01  4.35900E-01  4.35900E-01  4.35900E-01  4.35900E-01  4.35900E-01  4.35900E-01  4.35900E-01  4.35900E-01  4.35900E-01  4.35900E-01  4.35900E-01  4.35900E-01  4.35900E-01  4.35900E-01  4.35900E-01  4.35900E-01  4.35900E-01
   24163   3  7.71736E-04  7.71736E-04  7.71736E-04  7.71736E-04  7.71736E-04  7.71736E-04  7.71736E-04  7.71736E-04  7.71736E-04  7.71736E-04  7.71736E-04  7.71736E-04  7.71736E-04  7.71736E-04  7.71736E-04  7.71736E-04  7.71736E-04  7.71736E-04  7.71736E-04  7.71736E-04  7.71736E-04  7.71736E-04  7.71736E-04  7.71736E-04
   24870   5  6.10301E-05  6.10301E-05  6.10301E-05  6.10301E-05  6.10301E-05  6.10301E-05  6.10301E-05  6.10301E-05  6.10301E-05  6.10301E-05  6.10301E-05  6.10301E-05  6.10301E-05  6.10301E-05  6.10301E-05  6.10301E-05  6.10301E-05  6.10301E-05  6.10301E-05  6.10301E-05  6.10301E-05  6.10301E-05  6.10301E-05  6.10301E-05
   24517   4  4.41343E-01  4.41343E-01  4.41343E-01  4.41343E-01  4.41343E-01  4.41343E-01  4.41343E-01  4.41343E-01  4.41343E-01  4.41343E-01  4.41343E-01  4.41343E-01  4.41343E-01  4.41343E-01  4.41343E-01  4.41343E-01  4.41343E-01  4.41343E-01  4.41343E-01  4.41343E-01  4.41343E-01  4.41343E-01  4.41343E-01  4.41343E-01
   24872   4  2.91504E-01  2.91504E-01  2.91504E-01  2.91504E-01  2.91504E-01  2.91504E-01  2.91504E-01  2.91504E-01  2.91504E-01  2.91504E-01  2.91504E-01  2.91504E-01  2.91504E-01  2.91504E-01  2.91504E-01  2.91504E-01  2.91504E-01  2.91504E-01  2.91504E-01  2.91504E-01  2.91504E-01  2.91504E-01  2.91504E-01  2.91504E-01
   20280   3  0.00000E+00  0.00000E+00  0.00000E+00  0.00000E+00  0.00000E+00  0.00000E+00  0.00000E+00  0.00000E+00  0.00000E+00  0.00000E+00  0.00000E+00  0.00000E+00  0.00000E+00  0.00000E+00  0.00000E+00  0.00000E+00  0.00000E+00  0.00000E+00  0.00000E+00  0.00000E+00  0.00000E+00  0.00000E+00  0.00000E+00  0.00000E+00
   23103   3  0.00000E+00  0.00000E+00  0.00000E+00  0.00000E+00  0.00000E+00  0.00000E+00  0.00000E+00  0.00000E+00  0.00000E+00  0.00000E+00  0.00000E+00  0.00000E+00  0.00000E+00  5.86522E-02  5.86522E-02  5.86522E-02  5.86522E-02  5.86522E-02  5.86522E-02  5.86522E-02  5.86522E-02  0.00000E+00  0.00000E+00  0.00000E+00
   25575   3  3.85492E+00  3.85492E+00  3.85492E+00  3.85492E+00  3.85492E+00  3.85492E+00  3.85492E+00  3.85492E+00  3.85492E+00  3.85492E+00  3.85492E+00  3.85492E+00  3.85492E+00  3.85492E+00  3.85492E+00  3.85492E+00  3.85492E+00  3.85492E+00  3.85492E+00  3.85492E+00  3.85492E+00  3.85492E+00  3.85492E+00  3.85492E+00
   25575   4  1.08214E+01  1.08214E+01  1.08214E+01  1.08214E+01  1.08214E+01  1.08214E+01  1.08214E+01  1.08214E+01  1.08214E+01  1.08214E+01  1.08214E+01  1.08214E+01  1.08214E+01  1.08214E+01  1.08214E+01  1.08214E+01  1.08214E+01  1.08214E+01  1.08214E+01  1.08214E+01  1.08214E+01  1.08214E+01  1.08214E+01  1.08214E+01
   25575   5  0.00000E+00  0.00000E+00  0.00000E+00  0.00000E+00  0.00000E+00  0.00000E+00  0.00000E+00  0.00000E+00  0.00000E+00  0.00000E+00  0.00000E+00  0.00000E+00  0.00000E+00  0.00000E+00  0.00000E+00  0.00000E+00  0.00000E+00  0.00000E+00  0.00000E+00  0.00000E+00  0.00000E+00  0.00000E+00  0.00000E+00  0.00000E+00
   25575   2  1.98169E-01  1.98169E-01  1.98169E-01  1.98169E-01  1.98169E-01  1.98169E-01  1.98169E-01  1.98169E-01  1.98169E-01  1.98169E-01  1.98169E-01  1.98169E-01  1.98169E-01  1.98169E-01  1.98169E-01  1.98169E-01  1.98169E-01  1.98169E-01  1.98169E-01  1.98169E-01  1.98169E-01  1.98169E-01  1.98169E-01  1.98169E-01
   24868   4  0.00000E+00  0.00000E+00  0.00000E+00  0.00000E+00  0.00000E+00  0.00000E+00  0.00000E+00  0.00000E+00  0.00000E+00  0.00000E+00  0.00000E+00  0.00000E+00  0.00000E+00  0.00000E+00  0.00000E+00  0.00000E+00  0.00000E+00  0.00000E+00  0.00000E+00  0.00000E+00  0.00000E+00  0.00000E+00  0.00000E+00  0.00000E+00
   24869   4  0.00000E+00  0.00000E+00  0.00000E+00  0.00000E+00  0.00000E+00  0.00000E+00  0.00000E+00  0.00000E+00  0.00000E+00  0.00000E+00  0.00000E+00  0.00000E+00  0.00000E+00  0.00000E+00  0.00000E+00  0.00000E+00  0.00000E+00  0.00000E+00  0.00000E+00  0.00000E+00  0.00000E+00  0.00000E+00  0.00000E+00  0.00000E+00
   25575   7  2.85006E+01  2.85006E+01  2.85006E+01  2.85006E+01  2.85006E+01  2.85006E+01  2.85006E+01  2.85006E+01  2.85006E+01  2.85006E+01  2.85006E+01  2.85006E+01  2.85006E+01  2.85006E+01  2.85006E+01  2.85006E+01  2.85006E+01  2.85006E+01  2.85006E+01  2.85006E+01  2.85006E+01  2.85006E+01  2.85006E+01  2.85006E+01
   25576   3  1.91960E+00  1.91960E+00  1.91960E+00  1.91960E+00  1.91960E+00  1.91960E+00  1.91960E+00  1.91960E+00  1.91960E+00  1.91960E+00  1.91960E+00  1.91960E+00  1.91960E+00  1.91960E+00  1.91960E+00  1.91960E+00  1.91960E+00  1.91960E+00  1.91960E+00  1.91960E+00  1.91960E+00  1.91960E+00  1.91960E+00  1.91960E+00
   25222   3  2.90169E-02  2.90169E-02  2.90169E-02  2.90169E-02  2.90169E-02  2.90169E-02  2.90169E-02  2.90169E-02  2.90169E-02  2.90169E-02  2.90169E-02  2.90169E-02  2.90169E-02  2.90169E-02  2.90169E-02  2.90169E-02  2.90169E-02  2.90169E-02  2.90169E-02  2.90169E-02  2.90169E-02  2.90169E-02  2.90169E-02  2.90169E-02
   24874   3  0.00000E+00  0.00000E+00  0.00000E+00  0.00000E+00  0.00000E+00  0.00000E+00  0.00000E+00  0.00000E+00  0.00000E+00  0.00000E+00  0.00000E+00  0.00000E+00  0.00000E+00  0.00000E+00  0.00000E+00  0.00000E+00  0.00000E+00  0.00000E+00  0.00000E+00  0.00000E+00  0.00000E+00  0.00000E+00  0.00000E+00  0.00000E+00
   24874   4  5.52168E-01  5.52168E-01  5.52168E-01  5.52168E-01  5.52168E-01  5.52168E-01  5.52168E-01  5.52168E-01  5.52168E-01  5.52168E-01  5.52168E-01  5.52168E-01  5.52168E-01  5.52168E-01  5.52168E-01  5.52168E-01  5.52168E-01  5.52168E-01  5.52168E-01  5.52168E-01  5.52168E-01  5.52168E-01  5.52168E-01  5.52168E-01
   20686   4  2.24193E+01  2.24193E+01  2.24193E+01  2.24193E+01  2.24193E+01  2.24193E+01  2.24193E+01  2.24193E+01  2.24193E+01  2.24193E+01  2.24193E+01  2.24193E+01  2.24193E+01  2.24193E+01  2.24193E+01  2.24193E+01  2.24193E+01  2.24193E+01  2.24193E+01  2.24193E+01  2.24193E+01  2.24193E+01  2.24193E+01  2.24193E+01
   20686   2  3.14702E+00  3.10045E+00  2.92746E+00  2.64137E+00  2.34197E+00  1.97970E+00  1.83306E+00  1.75973E+00  1.73529E+00  1.78418E+00  1.93082E+00  2.16301E+00  2.46241E+00  2.64571E+00  2.79236E+00  2.92067E+00  2.96955E+00  3.01843E+00  3.03676E+00  3.06120E+00  3.05509E+00  3.03676E+00  2.98788E+00  2.91456E+00
   20686   3  4.88489E-01  4.81260E-01  4.54408E-01  4.10000E-01  3.63527E-01  3.07295E-01  2.84532E-01  2.73151E-01  2.69357E-01  2.76945E-01  2.99707E-01  3.35748E-01  3.82222E-01  4.10675E-01  4.33437E-01  4.53355E-01  4.60942E-01  4.68530E-01  4.71375E-01  4.75169E-01  4.74220E-01  4.71375E-01  4.63787E-01  4.52406E-01
   22095   4  1.42159E-01  1.42159E-01  1.42159E-01  1.42159E-01  1.42159E-01  1.42159E-01  1.42159E-01  1.42159E-01  1.42159E-01  1.42159E-01  1.42159E-01  1.42159E-01  1.42159E-01  1.42159E-01  1.42159E-01  1.42159E-01  1.42159E-01  1.42159E-01  1.42159E-01  1.42159E-01  1.42159E-01  1.42159E-01  1.42159E-01  1.42159E-01
   22095   2  3.61626E-01  3.61626E-01  3.61626E-01  3.61626E-01  3.61626E-01  3.61626E-01  3.61626E-01  3.61626E-01  3.61626E-01  3.61626E-01  3.61626E-01  3.61626E-01  3.61626E-01  3.61626E-01  3.61626E-01  3.61626E-01  3.61626E-01  3.61626E-01  3.61626E-01  3.61626E-01  3.61626E-01  3.61626E-01  3.61626E-01  3.61626E-01
   22095   3  0.00000E+00  0.00000E+00  0.00000E+00  0.00000E+00  0.00000E+00  0.00000E+00  0.00000E+00  0.00000E+00  0.00000E+00  0.00000E+00  0.00000E+00  0.00000E+00  0.00000E+00  0.00000E+00  0.00000E+00  0.00000E+00  0.00000E+00  0.00000E+00  0.00000E+00  0.00000E+00  0.00000E+00  0.00000E+00  0.00000E+00  0.00000E+00
   20329   3  4.89319E+01  4.89319E+01  2.06737E+01  2.06737E+01  2.06737E+01  1.24587E+00  1.24587E+00  1.24587E+00  1.24587E+00  1.24587E+00  1.24587E+00  1.24587E+00  1.24587E+00  4.89696E+01  4.89696E+01  4.89696E+01  4.89696E+01  4.89696E+01  4.89696E+01  4.89696E+01  4.89696E+01  4.89319E+01  4.89319E+01  4.89319E+01
   21381   4  0.00000E+00  0.00000E+00  0.00000E+00  0.00000E+00  0.00000E+00  0.00000E+00  0.00000E+00  0.00000E+00  0.00000E+00  0.00000E+00  0.00000E+00  0.00000E+00  0.00000E+00  0.00000E+00  0.00000E+00  0.00000E+00  0.00000E+00  0.00000E+00  0.00000E+00  0.00000E+00  0.00000E+00  0.00000E+00  0.00000E+00  0.00000E+00
   20684   3  8.55492E-02  8.55492E-02  0.00000E+00  0.00000E+00  0.00000E+00  0.00000E+00  0.00000E+00  0.00000E+00  0.00000E+00  0.00000E+00  0.00000E+00  0.00000E+00  0.00000E+00  8.55492E-02  8.55492E-02  8.55492E-02  8.55492E-02  8.55492E-02  8.55492E-02  8.55492E-02  8.55492E-02  8.55492E-02  8.55492E-02  8.55492E-02
   20683   3  1.36239E+01  1.36151E+01  1.31139E+01  1.30601E+01  1.30037E+01  9.68032E+00  9.65272E+00  9.63891E+00  9.63431E+00  9.64351E+00  9.67112E+00  9.71482E+00  9.77118E+00  1.35374E+01  1.35650E+01  1.35892E+01  1.35984E+01  1.36076E+01  1.36110E+01  1.36156E+01  1.36145E+01  1.36031E+01  1.35939E+01  1.35801E+01
   20684   4  1.68348E+00  1.68348E+00  1.68348E+00  1.68348E+00  1.68348E+00  1.68348E+00  1.68348E+00  1.68348E+00  1.68348E+00  1.68348E+00  1.68348E+00  1.68348E+00  1.68348E+00  1.68348E+00  1.68348E+00  1.68348E+00  1.68348E+00  1.68348E+00  1.68348E+00  1.68348E+00  1.68348E+00  1.68348E+00  1.68348E+00  1.68348E+00
   21036   4  5.02166E-01  5.02166E-01  5.02166E-01  5.02166E-01  5.02166E-01  5.02166E-01  5.02166E-01  5.02166E-01  5.02166E-01  5.02166E-01  5.02166E-01  5.02166E-01  5.02166E-01  2.84968E+00  2.84968E+00  2.84968E+00  2.84968E+00  2.84968E+00  2.84968E+00  2.84968E+00  2.84968E+00  5.02166E-01  5.02166E-01  5.02166E-01
   21036   3  2.35243E+01  2.35243E+01  2.35243E+01  2.35243E+01  2.35243E+01  2.26093E+01  2.26093E+01  2.26093E+01  2.26093E+01  2.26093E+01  2.26093E+01  2.26093E+01  2.26093E+01  2.35243E+01  2.35243E+01  2.35243E+01  2.35243E+01  2.35243E+01  2.35243E+01  2.35243E+01  2.35243E+01  2.35243E+01  2.35243E+01  2.35243E+01
   21036   7  0.00000E+00  0.00000E+00  0.00000E+00  0.00000E+00  0.00000E+00  0.00000E+00  0.00000E+00  0.00000E+00  0.00000E+00  0.00000E+00  0.00000E+00  0.00000E+00  0.00000E+00  3.28479E+00  3.28479E+00  3.28479E+00  3.28479E+00  3.28479E+00  3.28479E+00  3.28479E+00  3.28479E+00  0.00000E+00  0.00000E+00  0.00000E+00
   19275   4  4.63198E-02  4.63198E-02  4.63198E-02  4.63198E-02  4.63198E-02  4.63198E-02  4.63198E-02  4.63198E-02  4.63198E-02  4.63198E-02  4.63198E-02  4.63198E-02  4.63198E-02  4.63198E-02  4.63198E-02  4.63198E-02  4.63198E-02  4.63198E-02  4.63198E-02  4.63198E-02  4.63198E-02  4.63198E-02  4.63198E-02  4.63198E-02
   19275   3  1.62000E-02  1.62000E-02  1.62000E-02  1.62000E-02  1.62000E-02  1.62000E-02  1.62000E-02  1.62000E-02  1.62000E-02  1.62000E-02  1.62000E-02  1.62000E-02  1.62000E-02  1.62000E-02  1.62000E-02  1.62000E-02  1.62000E-02  1.62000E-02  1.62000E-02  1.62000E-02  1.62000E-02  1.62000E-02  1.62000E-02  1.62000E-02
   19274   4  3.90080E-02  3.90080E-02  3.90080E-02  3.90080E-02  3.90080E-02  3.90080E-02  3.90080E-02  3.90080E-02  3.90080E-02  3.90080E-02  3.90080E-02  3.90080E-02  3.90080E-02  3.90080E-02  3.90080E-02  3.90080E-02  3.90080E-02  3.90080E-02  3.90080E-02  3.90080E-02  3.90080E-02  3.90080E-02  3.90080E-02  3.90080E-02
   19627   4  5.30040E-02  5.30040E-02  5.30040E-02  5.30040E-02  5.30040E-02  5.30040E-02  5.30040E-02  5.30040E-02  5.30040E-02  5.30040E-02  5.30040E-02  5.30040E-02  5.30040E-02  5.30040E-02  5.30040E-02  5.30040E-02  5.30040E-02  5.30040E-02  5.30040E-02  5.30040E-02  5.30040E-02  5.30040E-02  5.30040E-02  5.30040E-02
   19627   3  4.05797E-04  4.05797E-04  4.05797E-04  4.05797E-04  4.05797E-04  0.00000E+00  0.00000E+00  0.00000E+00  0.00000E+00  0.00000E+00  0.00000E+00  0.00000E+00  0.00000E+00  4.05797E-04  4.05797E-04  4.05797E-04  4.05797E-04  4.05797E-04  4.05797E-04  4.05797E-04  4.05797E-04  4.05797E-04  4.05797E-04  4.05797E-04
   19627   2  0.00000E+00  0.00000E+00  0.00000E+00  0.00000E+00  0.00000E+00  0.00000E+00  0.00000E+00  0.00000E+00  0.00000E+00  0.00000E+00  0.00000E+00  0.00000E+00  0.00000E+00  0.00000E+00  0.00000E+00  0.00000E+00  0.00000E+00  0.00000E+00  0.00000E+00  0.00000E+00  0.00000E+00  0.00000E+00  0.00000E+00  0.00000E+00
   20331   4  1.70122E+02  1.70122E+02  1.70122E+02  1.70122E+02  1.70122E+02  1.70122E+02  1.70122E+02  1.70122E+02  1.70122E+02  1.70122E+02  1.70122E+02  1.70122E+02  1.70122E+02  1.70477E+02  1.70477E+02  1.70477E+02  1.70477E+02  1.70477E+02  1.70477E+02  1.70477E+02  1.70477E+02  1.70122E+02  1.70122E+02  1.70122E+02
   20331   3  6.49812E+01  6.49812E+01  6.45870E+01  6.45870E+01  6.45870E+01  5.95204E+00  5.95204E+00  5.95204E+00  5.95204E+00  5.95204E+00  5.95204E+00  5.95204E+00  5.95204E+00  7.48629E+01  7.48629E+01  7.48629E+01  7.48629E+01  7.48629E+01  7.48629E+01  7.48629E+01  7.48629E+01  6.49812E+01  6.49812E+01  6.49812E+01
   20331   7  8.97613E-01  8.97613E-01  8.97613E-01  8.97613E-01  8.97613E-01  8.46908E-01  8.46908E-01  8.46908E-01  8.46908E-01  8.46908E-01  8.46908E-01  8.46908E-01  8.97613E-01  1.56750E+00  1.56750E+00  1.56750E+00  1.56750E+00  1.56750E+00  1.56750E+00  1.56750E+00  1.56750E+00  8.97613E-01  8.97613E-01  8.97613E-01
   19971   4  7.99578E-02  7.99578E-02  7.99578E-02  7.99578E-02  7.99578E-02  7.99578E-02  7.99578E-02  7.99578E-02  7.99578E-02  7.99578E-02  7.99578E-02  7.99578E-02  7.99578E-02  7.99578E-02  7.99578E-02  7.99578E-02  7.99578E-02  7.99578E-02  7.99578E-02  7.99578E-02  7.99578E-02  7.99578E-02  7.99578E-02  7.99578E-02
   20331   1  2.70445E-01  2.70445E-01  2.70445E-01  2.70445E-01  2.70445E-01  2.70445E-01  2.70445E-01  2.70445E-01  2.70445E-01  2.70445E-01  2.70445E-01  2.70445E-01  2.70445E-01  2.70445E-01  2.70445E-01  2.70445E-01  2.70445E-01  2.70445E-01  2.70445E-01  2.70445E-01  2.70445E-01  2.70445E-01  2.70445E-01  2.70445E-01
   20331   2  6.37862E-03  6.37862E-03  6.37862E-03  6.37862E-03  6.37862E-03  6.37862E-03  6.37862E-03  6.37862E-03  6.37862E-03  6.37862E-03  6.37862E-03  6.37862E-03  6.37862E-03  6.37862E-03  6.37862E-03  6.37862E-03  6.37862E-03  6.37862E-03  6.37862E-03  6.37862E-03  6.37862E-03  6.37862E-03  6.37862E-03  6.37862E-03
   20685   3  0.00000E+00  0.00000E+00  0.00000E+00  0.00000E+00  0.00000E+00  0.00000E+00  0.00000E+00  0.00000E+00  0.00000E+00  0.00000E+00  0.00000E+00  0.00000E+00  0.00000E+00  4.29819E-03  4.29819E-03  4.29819E-03  4.29819E-03  4.29819E-03  4.29819E-03  4.29819E-03  4.29819E-03  0.00000E+00  0.00000E+00  0.00000E+00
   20332   3  0.00000E+00  0.00000E+00  0.00000E+00  0.00000E+00  0.00000E+00  0.00000E+00  0.00000E+00  0.00000E+00  0.00000E+00  0.00000E+00  0.00000E+00  0.00000E+00  0.00000E+00  0.00000E+00  0.00000E+00  0.00000E+00  0.00000E+00  0.00000E+00  0.00000E+00  0.00000E+00  0.00000E+00  0.00000E+00  0.00000E+00  0.00000E+00
   20685   7  0.00000E+00  0.00000E+00  0.00000E+00  0.00000E+00  0.00000E+00  0.00000E+00  0.00000E+00  0.00000E+00  0.00000E+00  0.00000E+00  0.00000E+00  0.00000E+00  0.00000E+00  1.17962E+00  1.17962E+00  1.17962E+00  1.17962E+00  1.17962E+00  1.17962E+00  1.17962E+00  1.17962E+00  0.00000E+00  0.00000E+00  0.00000E+00
   19622   4  6.60638E-04  6.60638E-04  6.60638E-04  6.60638E-04  6.60638E-04  6.60638E-04  6.60638E-04  6.60638E-04  6.60638E-04  6.60638E-04  6.60638E-04  6.60638E-04  6.60638E-04  6.60638E-04  6.60638E-04  6.60638E-04  6.60638E-04  6.60638E-04  6.60638E-04  6.60638E-04  6.60638E-04  6.60638E-04  6.60638E-04  6.60638E-04
   19628   4  1.42680E-01  1.42680E-01  1.42680E-01  1.42680E-01  1.42680E-01  1.42680E-01  1.42680E-01  1.42680E-01  1.42680E-01  1.42680E-01  1.42680E-01  1.42680E-01  1.42680E-01  1.42680E-01  1.42680E-01  1.42680E-01  1.42680E-01  1.42680E-01  1.42680E-01  1.42680E-01  1.42680E-01  1.42680E-01  1.42680E-01  1.42680E-01
   19628   3  3.04891E-01  3.04891E-01  3.04891E-01  3.04891E-01  3.04891E-01  4.32656E-02  4.32656E-02  4.32656E-02  4.32656E-02  4.32656E-02  4.32656E-02  4.32656E-02  4.32656E-02  3.04891E-01  3.04891E-01  3.04891E-01  3.04891E-01  3.04891E-01  3.04891E-01  3.04891E-01  3.04891E-01  3.04891E-01  3.04891E-01  3.04891E-01
   19274   3  2.74400E-05  2.74400E-05  2.74400E-05  2.74400E-05  2.74400E-05  2.74400E-05  2.74400E-05  2.74400E-05  2.74400E-05  2.74400E-05  2.74400E-05  2.74400E-05  2.74400E-05  2.74400E-05  2.74400E-05  2.74400E-05  2.74400E-05  2.74400E-05  2.74400E-05  2.74400E-05  2.74400E-05  2.74400E-05  2.74400E-05  2.74400E-05
   19628   7  5.16793E-01  5.16793E-01  5.16793E-01  5.16793E-01  5.16793E-01  0.00000E+00  0.00000E+00  0.00000E+00  0.00000E+00  0.00000E+00  0.00000E+00  0.00000E+00  5.16793E-01  5.16793E-01  5.16793E-01  5.16793E-01  5.16793E-01  5.16793E-01  5.16793E-01  5.16793E-01  5.16793E-01  5.16793E-01  5.16793E-01  5.16793E-01
   19267   4  8.66969E-01  8.66969E-01  8.66969E-01  8.66969E-01  8.66969E-01  8.66969E-01  8.66969E-01  8.66969E-01  8.66969E-01  8.66969E-01  8.66969E-01  8.66969E-01  8.66969E-01  1.09489E+00  1.09489E+00  1.09489E+00  1.09489E+00  1.09489E+00  1.09489E+00  1.09489E+00  1.09489E+00  8.66969E-01  8.66969E-01  8.66969E-01
   19267   2  5.87377E+01  5.87377E+01  5.87377E+01  5.87377E+01  5.87377E+01  5.87377E+01  5.87377E+01  5.87377E+01  5.87377E+01  5.87377E+01  5.87377E+01  5.87377E+01  5.87377E+01  5.87377E+01  5.87377E+01  5.87377E+01  5.87377E+01  5.87377E+01  5.87377E+01  5.87377E+01  5.87377E+01  5.87377E+01  5.87377E+01  5.87377E+01
   19620   4  2.25416E-01  2.25416E-01  2.25416E-01  2.25416E-01  2.25416E-01  2.25416E-01  2.25416E-01  2.25416E-01  2.25416E-01  2.25416E-01  2.25416E-01  2.25416E-01  2.25416E-01  2.25416E-01  2.25416E-01  2.25416E-01  2.25416E-01  2.25416E-01  2.25416E-01  2.25416E-01  2.25416E-01  2.25416E-01  2.25416E-01  2.25416E-01
   19620   3  4.49806E+00  4.49806E+00  4.49806E+00  4.49806E+00  4.49806E+00  2.04699E-02  2.04699E-02  2.04699E-02  2.04699E-02  2.04699E-02  2.04699E-02  2.04699E-02  2.04699E-02  4.49806E+00  4.49806E+00  4.49806E+00  4.49806E+00  4.49806E+00  4.49806E+00  4.49806E+00  4.49806E+00  4.49806E+00  4.49806E+00  4.49806E+00
   19267   7  0.00000E+00  0.00000E+00  0.00000E+00  0.00000E+00  0.00000E+00  0.00000E+00  0.00000E+00  0.00000E+00  0.00000E+00  0.00000E+00  0.00000E+00  0.00000E+00  0.00000E+00  5.19612E-01  5.19612E-01  5.19612E-01  5.19612E-01  5.19612E-01  5.19612E-01  5.19612E-01  5.19612E-01  0.00000E+00  0.00000E+00  0.00000E+00
   19267   3  8.61536E-01  8.61536E-01  8.61536E-01  8.61536E-01  8.61536E-01  8.61536E-01  8.61536E-01  8.61536E-01  8.61536E-01  8.61536E-01  8.61536E-01  8.61536E-01  8.61536E-01  8.61536E-01  8.61536E-01  8.61536E-01  8.61536E-01  8.61536E-01  8.61536E-01  8.61536E-01  8.61536E-01  8.61536E-01  8.61536E-01  8.61536E-01
   18913   3  0.00000E+00  0.00000E+00  0.00000E+00  0.00000E+00  0.00000E+00  0.00000E+00  0.00000E+00  0.00000E+00  0.00000E+00  0.00000E+00  0.00000E+00  0.00000E+00  0.00000E+00  0.00000E+00  0.00000E+00  0.00000E+00  0.00000E+00  0.00000E+00  0.00000E+00  0.00000E+00  0.00000E+00  0.00000E+00  0.00000E+00  0.00000E+00
   18913   4  0.00000E+00  0.00000E+00  0.00000E+00  0.00000E+00  0.00000E+00  0.00000E+00  0.00000E+00  0.00000E+00  0.00000E+00  0.00000E+00  0.00000E+00  0.00000E+00  0.00000E+00  0.00000E+00  0.00000E+00  0.00000E+00  0.00000E+00  0.00000E+00  0.00000E+00  0.00000E+00  0.00000E+00  0.00000E+00  0.00000E+00  0.00000E+00
   19975   3  2.45200E+01  2.45200E+01  1.83538E+00  1.83538E+00  1.83538E+00  1.83458E+00  1.83458E+00  1.83458E+00  1.83458E+00  1.83458E+00  1.83458E+00  1.83458E+00  1.83458E+00  2.45200E+01  2.45200E+01  2.45200E+01  2.45200E+01  2.45200E+01  2.45200E+01  2.45200E+01  2.45200E+01  2.45200E+01  2.45200E+01  2.45200E+01
   19975   4  7.89428E+00  7.89428E+00  7.89428E+00  7.89428E+00  7.89428E+00  7.89428E+00  7.89428E+00  7.89428E+00  7.89428E+00  7.89428E+00  7.89428E+00  7.89428E+00  7.89428E+00  8.50745E+00  8.50745E+00  8.50745E+00  8.50745E+00  8.50745E+00  8.50745E+00  8.50745E+00  8.50745E+00  7.89428E+00  7.89428E+00  7.89428E+00
   19975   2  3.31118E+00  3.31118E+00  3.31118E+00  3.31118E+00  3.31118E+00  0.00000E+00  0.00000E+00  0.00000E+00  0.00000E+00  0.00000E+00  0.00000E+00  0.00000E+00  0.00000E+00  3.31118E+00  3.31118E+00  3.31118E+00  3.31118E+00  3.31118E+00  3.31118E+00  3.31118E+00  3.31118E+00  3.31118E+00  3.31118E+00  3.31118E+00
   20329   7  0.00000E+00  0.00000E+00  0.00000E+00  0.00000E+00  0.00000E+00  0.00000E+00  0.00000E+00  0.00000E+00  0.00000E+00  0.00000E+00  0.00000E+00  0.00000E+00  0.00000E+00  8.81994E+00  8.81994E+00  8.81994E+00  8.81994E+00  8.81994E+00  8.81994E+00  8.81994E+00  8.81994E+00  0.00000E+00  0.00000E+00  0.00000E+00
   19975   5  0.00000E+00  0.00000E+00  0.00000E+00  0.00000E+00  0.00000E+00  0.00000E+00  0.00000E+00  0.00000E+00  0.00000E+00  0.00000E+00  0.00000E+00  0.00000E+00  0.00000E+00  0.00000E+00  0.00000E+00  0.00000E+00  0.00000E+00  0.00000E+00  0.00000E+00  0.00000E+00  0.00000E+00  0.00000E+00  0.00000E+00  0.00000E+00
   19979   5  7.10506E-05  7.10506E-05  7.10506E-05  7.10506E-05  7.10506E-05  7.10506E-05  7.10506E-05  7.10506E-05  7.10506E-05  7.10506E-05  7.10506E-05  7.10506E-05  7.10506E-05  7.10506E-05  7.10506E-05  7.10506E-05  7.10506E-05  7.10506E-05  7.10506E-05  7.10506E-05  7.10506E-05  7.10506E-05  7.10506E-05  7.10506E-05
   19979   4  7.26889E-02  7.26889E-02  7.26889E-02  7.26889E-02  7.26889E-02  7.26889E-02  7.26889E-02  7.26889E-02  7.26889E-02  7.26889E-02  7.26889E-02  7.26889E-02  7.26889E-02  7.26889E-02  7.26889E-02  7.26889E-02  7.26889E-02  7.26889E-02  7.26889E-02  7.26889E-02  7.26889E-02  7.26889E-02  7.26889E-02  7.26889E-02
   19979   3  7.18395E-02  7.18395E-02  7.18395E-02  7.18395E-02  7.18395E-02  7.18395E-02  7.18395E-02  7.18395E-02  7.18395E-02  7.18395E-02  7.18395E-02  7.18395E-02  7.18395E-02  7.18395E-02  7.18395E-02  7.18395E-02  7.18395E-02  7.18395E-02  7.18395E-02  7.18395E-02  7.18395E-02  7.18395E-02  7.18395E-02  7.18395E-02
   20681   4  1.70319E-02  1.70319E-02  1.70319E-02  1.70319E-02  1.70319E-02  1.70319E-02  1.70319E-02  1.70319E-02  1.70319E-02  1.70319E-02  1.70319E-02  1.70319E-02  1.70319E-02  1.70319E-02  1.70319E-02  1.70319E-02  1.70319E-02  1.70319E-02  1.70319E-02  1.70319E-02  1.70319E-02  1.70319E-02  1.70319E-02  1.70319E-02
   18915   3  0.00000E+00  0.00000E+00  0.00000E+00  0.00000E+00  0.00000E+00  0.00000E+00  0.00000E+00  0.00000E+00  0.00000E+00  0.00000E+00  0.00000E+00  0.00000E+00  0.00000E+00  0.00000E+00  0.00000E+00  0.00000E+00  0.00000E+00  0.00000E+00  0.00000E+00  0.00000E+00  0.00000E+00  0.00000E+00  0.00000E+00  0.00000E+00
   21038   4  1.82765E+01  1.82765E+01  1.82765E+01  1.82765E+01  1.82765E+01  1.82765E+01  1.82765E+01  1.82765E+01  1.82765E+01  1.82765E+01  1.82765E+01  1.82765E+01  1.82765E+01  1.82765E+01  1.82765E+01  1.82765E+01  1.82765E+01  1.82765E+01  1.82765E+01  1.82765E+01  1.82765E+01  1.82765E+01  1.82765E+01  1.82765E+01
   21038   3  1.53514E-03  1.53514E-03  1.53514E-03  1.53514E-03  1.53514E-03  1.53514E-03  1.53514E-03  1.53514E-03  1.53514E-03  1.53514E-03  1.53514E-03  1.53514E-03  1.53514E-03  1.53514E-03  1.53514E-03  1.53514E-03  1.53514E-03  1.53514E-03  1.53514E-03  1.53514E-03  1.53514E-03  1.53514E-03  1.53514E-03  1.53514E-03
   18562   3  2.76055E+01  2.76055E+01  2.76055E+01  2.76055E+01  2.76055E+01  2.76055E+01  2.76055E+01  2.76055E+01  2.76055E+01  2.76055E+01  2.76055E+01  2.76055E+01  2.76055E+01  2.76055E+01  2.76055E+01  2.76055E+01  2.76055E+01  2.76055E+01  2.76055E+01  2.76055E+01  2.76055E+01  2.76055E+01  2.76055E+01  2.76055E+01
   20330   7  8.52390E+00  8.52390E+00  8.52390E+00  8.52390E+00  8.52390E+00  0.00000E+00  0.00000E+00  0.00000E+00  0.00000E+00  0.00000E+00  0.00000E+00  0.00000E+00  8.52390E+00  2.54197E+01  2.54197E+01  2.54197E+01  2.54197E+01  2.54197E+01  2.54197E+01  2.54197E+01  2.54197E+01  8.52390E+00  8.52390E+00  8.52390E+00
   20330   2  5.70298E+00  5.70298E+00  5.70298E+00  5.70298E+00  5.70298E+00  5.70298E+00  5.70298E+00  5.70298E+00  5.70298E+00  5.70298E+00  5.70298E+00  5.70298E+00  5.70298E+00  5.70298E+00  5.70298E+00  5.70298E+00  5.70298E+00  5.70298E+00  5.70298E+00  5.70298E+00  5.70298E+00  5.70298E+00  5.70298E+00  5.70298E+00
   20329   2  2.96642E-03  2.96642E-03  2.96642E-03  2.96642E-03  2.96642E-03  2.96642E-03  2.96642E-03  2.96642E-03  2.96642E-03  2.96642E-03  2.96642E-03  2.96642E-03  2.96642E-03  2.96642E-03  2.96642E-03  2.96642E-03  2.96642E-03  2.96642E-03  2.96642E-03  2.96642E-03  2.96642E-03  2.96642E-03  2.96642E-03  2.96642E-03
   19266   5  0.00000E+00  0.00000E+00  0.00000E+00  0.00000E+00  0.00000E+00  0.00000E+00  0.00000E+00  0.00000E+00  0.00000E+00  0.00000E+00  0.00000E+00  0.00000E+00  0.00000E+00  0.00000E+00  0.00000E+00  0.00000E+00  0.00000E+00  0.00000E+00  0.00000E+00  0.00000E+00  0.00000E+00  0.00000E+00  0.00000E+00  0.00000E+00
   19265   4  1.61356E+02  1.61356E+02  1.61356E+02  1.61356E+02  1.61356E+02  1.61356E+02  1.61356E+02  1.61356E+02  1.61356E+02  1.61356E+02  1.61356E+02  1.61356E+02  1.61356E+02  2.14707E+02  2.14707E+02  2.14707E+02  2.14707E+02  2.14707E+02  2.14707E+02  2.14707E+02  2.14707E+02  1.61356E+02  1.61356E+02  1.61356E+02
   19265   3  3.97309E+00  3.97309E+00  1.34308E+00  1.34308E+00  1.34308E+00  1.34308E+00  1.34308E+00  1.34308E+00  1.34308E+00  1.34308E+00  1.34308E+00  1.34308E+00  1.34308E+00  5.73894E+01  5.73894E+01  5.73894E+01  5.73894E+01  5.73894E+01  5.73894E+01  5.73894E+01  5.73894E+01  3.97309E+00  3.97309E+00  3.97309E+00
   19265   5  0.00000E+00  0.00000E+00  0.00000E+00  0.00000E+00  0.00000E+00  0.00000E+00  0.00000E+00  0.00000E+00  0.00000E+00  0.00000E+00  0.00000E+00  0.00000E+00  0.00000E+00  1.18559E+01  1.18559E+01  1.18559E+01  1.18559E+01  1.18559E+01  1.18559E+01  1.18559E+01  1.18559E+01  0.00000E+00  0.00000E+00  0.00000E+00
   19266   7  2.01812E+00  2.01812E+00  2.01812E+00  2.01812E+00  2.01812E+00  2.01812E+00  2.01812E+00  2.01812E+00  2.01812E+00  2.01812E+00  2.01812E+00  2.01812E+00  2.01812E+00  2.01812E+00  2.01812E+00  2.01812E+00  2.01812E+00  2.01812E+00  2.01812E+00  2.01812E+00  2.01812E+00  2.01812E+00  2.01812E+00  2.01812E+00
   19265   7  2.44770E+00  2.44770E+00  2.44770E+00  2.44770E+00  2.44770E+00  0.00000E+00  0.00000E+00  0.00000E+00  0.00000E+00  0.00000E+00  0.00000E+00  0.00000E+00  2.44770E+00  1.86364E+01  1.86364E+01  1.86364E+01  1.86364E+01  1.86364E+01  1.86364E+01  1.86364E+01  1.86364E+01  2.44770E+00  2.44770E+00  2.44770E+00
   19266   4  7.82921E-02  7.82921E-02  7.82921E-02  7.82921E-02  7.82921E-02  7.82921E-02  7.82921E-02  7.82921E-02  7.82921E-02  7.82921E-02  7.82921E-02  7.82921E-02  7.82921E-02  7.82921E-02  7.82921E-02  7.82921E-02  7.82921E-02  7.82921E-02  7.82921E-02  7.82921E-02  7.82921E-02  7.82921E-02  7.82921E-02  7.82921E-02
   18912   4  3.14290E+00  3.14290E+00  3.14290E+00  3.14290E+00  3.14290E+00  3.14290E+00  3.14290E+00  3.14290E+00  3.14290E+00  3.14290E+00  3.14290E+00  3.14290E+00  3.14290E+00  3.14290E+00  3.14290E+00  3.14290E+00  3.14290E+00  3.14290E+00  3.14290E+00  3.14290E+00  3.14290E+00  3.14290E+00  3.14290E+00  3.14290E+00
   19265   1  5.12873E-01  5.12873E-01  5.12873E-01  5.12873E-01  5.12873E-01  5.12873E-01  5.12873E-01  5.12873E-01  5.12873E-01  5.12873E-01  5.12873E-01  5.12873E-01  5.12873E-01  5.12873E-01  5.12873E-01  5.12873E-01  5.12873E-01  5.12873E-01  5.12873E-01  5.12873E-01  5.12873E-01  5.12873E-01  5.12873E-01  5.12873E-01
   20683   4  6.39933E+01  6.39933E+01  6.39933E+01  6.39933E+01  6.39933E+01  6.39933E+01  6.39933E+01  6.39933E+01  6.39933E+01  6.39933E+01  6.39933E+01  6.39933E+01  6.39933E+01  6.39933E+01  6.39933E+01  6.39933E+01  6.39933E+01  6.39933E+01  6.39933E+01  6.39933E+01  6.39933E+01  6.39933E+01  6.39933E+01  6.39933E+01
   20683   7  5.19979E-01  5.19979E-01  5.19979E-01  5.19979E-01  5.19979E-01  0.00000E+00  0.00000E+00  0.00000E+00  0.00000E+00  0.00000E+00  0.00000E+00  0.00000E+00  5.19979E-01  2.16194E+00  2.16194E+00  2.16194E+00  2.16194E+00  2.16194E+00  2.16194E+00  2.16194E+00  2.16194E+00  5.19979E-01  5.19979E-01  5.19979E-01
   20683   2  1.90950E+00  1.88124E+00  1.77628E+00  1.60269E+00  1.42102E+00  1.20121E+00  1.11223E+00  1.06774E+00  1.05291E+00  1.08257E+00  1.17155E+00  1.31244E+00  1.49410E+00  1.60532E+00  1.69430E+00  1.77216E+00  1.80182E+00  1.83148E+00  1.84260E+00  1.85743E+00  1.85372E+00  1.84260E+00  1.81294E+00  1.76845E+00
   19973   5  0.00000E+00  0.00000E+00  0.00000E+00  0.00000E+00  0.00000E+00  0.00000E+00  0.00000E+00  0.00000E+00  0.00000E+00  0.00000E+00  0.00000E+00  0.00000E+00  0.00000E+00  0.00000E+00  0.00000E+00  0.00000E+00  0.00000E+00  0.00000E+00  0.00000E+00  0.00000E+00  0.00000E+00  0.00000E+00  0.00000E+00  0.00000E+00
   19264   3  8.22025E-03  8.22025E-03  8.22025E-03  8.22025E-03  8.22025E-03  8.22025E-03  8.22025E-03  8.22025E-03  8.22025E-03  8.22025E-03  8.22025E-03  8.22025E-03  8.22025E-03  8.22025E-03  8.22025E-03  8.22025E-03  8.22025E-03  8.22025E-03  8.22025E-03  8.22025E-03  8.22025E-03  8.22025E-03  8.22025E-03  8.22025E-03
   19263   4  6.74120E-03  6.74120E-03  6.74120E-03  6.74120E-03  6.74120E-03  6.74120E-03  6.74120E-03  6.74120E-03  6.74120E-03  6.74120E-03  6.74120E-03  6.74120E-03  6.74120E-03  6.74120E-03  6.74120E-03  6.74120E-03  6.74120E-03  6.74120E-03  6.74120E-03  6.74120E-03  6.74120E-03  6.74120E-03  6.74120E-03  6.74120E-03
   20682   4  2.40109E+01  2.40109E+01  2.40109E+01  2.40109E+01  2.40109E+01  2.40109E+01  2.40109E+01  2.40109E+01  2.40109E+01  2.40109E+01  2.40109E+01  2.40109E+01  2.40109E+01  6.81133E+01  6.81133E+01  6.81133E+01  6.81133E+01  6.81133E+01  6.81133E+01  6.81133E+01  6.81133E+01  2.40109E+01  2.40109E+01  2.40109E+01
   20682   3  3.39855E-01  3.39855E-01  3.39855E-01  3.39855E-01  3.39855E-01  3.39855E-01  3.39855E-01  3.39855E-01  3.39855E-01  3.39855E-01  3.39855E-01  3.39855E-01  3.39855E-01  4.33329E+01  4.33329E+01  4.33329E+01  4.33329E+01  4.33329E+01  4.33329E+01  4.33329E+01  4.33329E+01  3.39855E-01  3.39855E-01  3.39855E-01
   20682   5  0.00000E+00  0.00000E+00  0.00000E+00  0.00000E+00  0.00000E+00  0.00000E+00  0.00000E+00  0.00000E+00  0.00000E+00  0.00000E+00  0.00000E+00  0.00000E+00  0.00000E+00  9.55402E+00  9.55402E+00  9.55402E+00  9.55402E+00  9.55402E+00  9.55402E+00  9.55402E+00  9.55402E+00  0.00000E+00  0.00000E+00  0.00000E+00
   21035   4  1.80193E+00  1.80193E+00  1.80193E+00  1.80193E+00  1.80193E+00  1.80193E+00  1.80193E+00  1.80193E+00  1.80193E+00  1.80193E+00  1.80193E+00  1.80193E+00  1.80193E+00  1.80193E+00  1.80193E+00  1.80193E+00  1.80193E+00  1.80193E+00  1.80193E+00  1.80193E+00  1.80193E+00  1.80193E+00  1.80193E+00  1.80193E+00
   21035   3  1.47050E-03  1.47050E-03  1.47050E-03  1.47050E-03  1.47050E-03  1.47050E-03  1.47050E-03  1.47050E-03  1.47050E-03  1.47050E-03  1.47050E-03  1.47050E-03  1.47050E-03  1.47050E-03  1.47050E-03  1.47050E-03  1.47050E-03  1.47050E-03  1.47050E-03  1.47050E-03  1.47050E-03  1.47050E-03  1.47050E-03  1.47050E-03
   20682   7  0.00000E+00  0.00000E+00  0.00000E+00  0.00000E+00  0.00000E+00  0.00000E+00  0.00000E+00  0.00000E+00  0.00000E+00  0.00000E+00  0.00000E+00  0.00000E+00  0.00000E+00  1.62868E-01  1.62868E-01  1.62868E-01  1.62868E-01  1.62868E-01  1.62868E-01  1.62868E-01  1.62868E-01  0.00000E+00  0.00000E+00  0.00000E+00
   17468   3  1.92184E-03  1.92184E-03  1.92184E-03  1.92184E-03  1.92184E-03  1.92184E-03  1.92184E-03  1.92184E-03  1.92184E-03  1.92184E-03  1.92184E-03  1.92184E-03  1.92184E-03  1.92184E-03  1.92184E-03  1.92184E-03  1.92184E-03  1.92184E-03  1.92184E-03  1.92184E-03  1.92184E-03  1.92184E-03  1.92184E-03  1.92184E-03
   20665   3  2.69847E-03  2.69847E-03  2.69847E-03  2.69847E-03  2.69847E-03  2.69847E-03  2.69847E-03  2.69847E-03  2.69847E-03  2.69847E-03  2.69847E-03  2.69847E-03  2.69847E-03  2.69847E-03  2.69847E-03  2.69847E-03  2.69847E-03  2.69847E-03  2.69847E-03  2.69847E-03  2.69847E-03  2.69847E-03  2.69847E-03  2.69847E-03
   21015   3  0.00000E+00  0.00000E+00  0.00000E+00  0.00000E+00  0.00000E+00  0.00000E+00  0.00000E+00  0.00000E+00  0.00000E+00  0.00000E+00  0.00000E+00  0.00000E+00  0.00000E+00  0.00000E+00  0.00000E+00  0.00000E+00  0.00000E+00  0.00000E+00  0.00000E+00  0.00000E+00  0.00000E+00  0.00000E+00  0.00000E+00  0.00000E+00
   22058   3  1.38826E-03  1.38826E-03  1.38826E-03  1.38826E-03  1.38826E-03  1.38826E-03  1.38826E-03  1.38826E-03  1.38826E-03  1.38826E-03  1.38826E-03  1.38826E-03  1.38826E-03  1.38826E-03  1.38826E-03  1.38826E-03  1.38826E-03  1.38826E-03  1.38826E-03  1.38826E-03  1.38826E-03  1.38826E-03  1.38826E-03  1.38826E-03
   22404   3  0.00000E+00  0.00000E+00  0.00000E+00  0.00000E+00  0.00000E+00  0.00000E+00  0.00000E+00  0.00000E+00  0.00000E+00  0.00000E+00  0.00000E+00  0.00000E+00  0.00000E+00  0.00000E+00  0.00000E+00  0.00000E+00  0.00000E+00  0.00000E+00  0.00000E+00  0.00000E+00  0.00000E+00  0.00000E+00  0.00000E+00  0.00000E+00
   13938   4  3.44395E-04  3.44395E-04  3.44395E-04  3.44395E-04  3.44395E-04  3.44395E-04  3.44395E-04  3.44395E-04  3.44395E-04  3.44395E-04  3.44395E-04  3.44395E-04  3.44395E-04  3.44395E-04  3.44395E-04  3.44395E-04  3.44395E-04  3.44395E-04  3.44395E-04  3.44395E-04  3.44395E-04  3.44395E-04  3.44395E-04  3.44395E-04
   13938   2  1.56009E+00  1.56009E+00  1.56009E+00  1.56009E+00  0.00000E+00  0.00000E+00  0.00000E+00  0.00000E+00  1.56009E+00  1.56009E+00  1.56009E+00  1.56009E+00  1.56009E+00  1.56009E+00  1.56009E+00  1.56009E+00  1.56009E+00  1.56009E+00  1.56009E+00  1.56009E+00  1.56009E+00  1.56009E+00  1.56009E+00  1.56009E+00
   13938   1  0.00000E+00  0.00000E+00  0.00000E+00  0.00000E+00  0.00000E+00  0.00000E+00  0.00000E+00  0.00000E+00  0.00000E+00  0.00000E+00  0.00000E+00  0.00000E+00  0.00000E+00  0.00000E+00  0.00000E+00  0.00000E+00  0.00000E+00  0.00000E+00  0.00000E+00  0.00000E+00  0.00000E+00  0.00000E+00  0.00000E+00  0.00000E+00
   13938   7  2.61862E+00  2.61862E+00  2.61862E+00  2.61862E+00  2.61862E+00  2.61862E+00  2.61862E+00  2.61862E+00  2.61862E+00  2.61862E+00  2.61862E+00  2.61862E+00  2.61862E+00  2.61862E+00  2.61862E+00  2.61862E+00  2.61862E+00  2.61862E+00  2.61862E+00  2.61862E+00  2.61862E+00  2.61862E+00  2.61862E+00  2.61862E+00
   13235   1  2.73543E+01  2.73543E+01  2.73543E+01  2.73543E+01  2.73543E+01  2.73543E+01  2.73543E+01  2.73543E+01  2.73543E+01  2.73543E+01  2.73543E+01  2.73543E+01  2.73543E+01  2.73543E+01  2.73543E+01  2.73543E+01  2.73543E+01  2.73543E+01  2.73543E+01  2.73543E+01  2.73543E+01  2.73543E+01  2.73543E+01  2.73543E+01
   13235   2  9.92009E+01  9.92009E+01  9.92009E+01  9.92009E+01  9.92009E+01  9.92009E+01  9.92009E+01  9.92009E+01  9.92009E+01  9.92009E+01  9.92009E+01  9.92009E+01  9.92009E+01  9.92009E+01  9.92009E+01  9.92009E+01  9.92009E+01  9.92009E+01  9.92009E+01  9.92009E+01  9.92009E+01  9.92009E+01  9.92009E+01  9.92009E+01
   13235   3  4.38652E+00  4.38652E+00  4.38652E+00  4.38652E+00  4.38652E+00  4.38652E+00  4.38652E+00  4.38652E+00  4.38652E+00  4.38652E+00  4.38652E+00  4.38652E+00  4.38652E+00  4.38652E+00  4.38652E+00  4.38652E+00  4.38652E+00  4.38652E+00  4.38652E+00  4.38652E+00  4.38652E+00  4.38652E+00  4.38652E+00  4.38652E+00
   13938   3  0.00000E+00  0.00000E+00  0.00000E+00  0.00000E+00  0.00000E+00  0.00000E+00  0.00000E+00  0.00000E+00  0.00000E+00  0.00000E+00  0.00000E+00  0.00000E+00  0.00000E+00  0.00000E+00  0.00000E+00  0.00000E+00  0.00000E+00  0.00000E+00  0.00000E+00  0.00000E+00  0.00000E+00  0.00000E+00  0.00000E+00  0.00000E+00
   21012   3  0.00000E+00  0.00000E+00  0.00000E+00  0.00000E+00  0.00000E+00  0.00000E+00  0.00000E+00  0.00000E+00  0.00000E+00  0.00000E+00  0.00000E+00  0.00000E+00  0.00000E+00  0.00000E+00  0.00000E+00  0.00000E+00  0.00000E+00  0.00000E+00  0.00000E+00  0.00000E+00  0.00000E+00  0.00000E+00  0.00000E+00  0.00000E+00
   20658   3  0.00000E+00  0.00000E+00  0.00000E+00  0.00000E+00  0.00000E+00  0.00000E+00  0.00000E+00  0.00000E+00  0.00000E+00  0.00000E+00  0.00000E+00  0.00000E+00  0.00000E+00  0.00000E+00  0.00000E+00  0.00000E+00  0.00000E+00  0.00000E+00  0.00000E+00  0.00000E+00  0.00000E+00  0.00000E+00  0.00000E+00  0.00000E+00
   21012   4  6.00494E-02  6.00494E-02  6.00494E-02  6.00494E-02  6.00494E-02  6.00494E-02  6.00494E-02  6.00494E-02  6.00494E-02  6.00494E-02  6.00494E-02  6.00494E-02  6.00494E-02  6.00494E-02  6.00494E-02  6.00494E-02  6.00494E-02  6.00494E-02  6.00494E-02  6.00494E-02  6.00494E-02  6.00494E-02  6.00494E-02  6.00494E-02
   21013   4  1.70296E-01  1.70296E-01  1.70296E-01  1.70296E-01  1.70296E-01  1.70296E-01  1.70296E-01  1.70296E-01  1.70296E-01  1.70296E-01  1.70296E-01  1.70296E-01  1.70296E-01  1.70296E-01  1.70296E-01  1.70296E-01  1.70296E-01  1.70296E-01  1.70296E-01  1.70296E-01  1.70296E-01  1.70296E-01  1.70296E-01  1.70296E-01
   20658   7  2.10149E+00  2.10149E+00  2.10149E+00  2.10149E+00  2.10149E+00  2.10149E+00  2.10149E+00  2.10149E+00  2.10149E+00  2.10149E+00  2.10149E+00  2.10149E+00  2.10149E+00  2.10149E+00  2.10149E+00  2.10149E+00  2.10149E+00  2.10149E+00  2.10149E+00  2.10149E+00  2.10149E+00  2.10149E+00  2.10149E+00  2.10149E+00
   21013   3  0.00000E+00  0.00000E+00  0.00000E+00  0.00000E+00  0.00000E+00  0.00000E+00  0.00000E+00  0.00000E+00  0.00000E+00  0.00000E+00  0.00000E+00  0.00000E+00  0.00000E+00  0.00000E+00  0.00000E+00  0.00000E+00  0.00000E+00  0.00000E+00  0.00000E+00  0.00000E+00  0.00000E+00  0.00000E+00  0.00000E+00  0.00000E+00
   20659   4  0.00000E+00  0.00000E+00  0.00000E+00  0.00000E+00  0.00000E+00  0.00000E+00  0.00000E+00  0.00000E+00  0.00000E+00  0.00000E+00  0.00000E+00  0.00000E+00  0.00000E+00  0.00000E+00  0.00000E+00  0.00000E+00  0.00000E+00  0.00000E+00  0.00000E+00  0.00000E+00  0.00000E+00  0.00000E+00  0.00000E+00  0.00000E+00
   20645   3  0.00000E+00  0.00000E+00  0.00000E+00  0.00000E+00  0.00000E+00  0.00000E+00  0.00000E+00  0.00000E+00  0.00000E+00  0.00000E+00  0.00000E+00  0.00000E+00  0.00000E+00  0.00000E+00  0.00000E+00  0.00000E+00  0.00000E+00  0.00000E+00  0.00000E+00  0.00000E+00  0.00000E+00  0.00000E+00  0.00000E+00  0.00000E+00
   18891   3  0.00000E+00  0.00000E+00  0.00000E+00  0.00000E+00  0.00000E+00  0.00000E+00  0.00000E+00  0.00000E+00  0.00000E+00  0.00000E+00  0.00000E+00  0.00000E+00  0.00000E+00  0.00000E+00  0.00000E+00  0.00000E+00  0.00000E+00  0.00000E+00  0.00000E+00  0.00000E+00  0.00000E+00  0.00000E+00  0.00000E+00  0.00000E+00
   19239   2  0.00000E+00  0.00000E+00  0.00000E+00  0.00000E+00  0.00000E+00  0.00000E+00  0.00000E+00  0.00000E+00  0.00000E+00  0.00000E+00  0.00000E+00  0.00000E+00  0.00000E+00  0.00000E+00  0.00000E+00  0.00000E+00  0.00000E+00  0.00000E+00  0.00000E+00  0.00000E+00  0.00000E+00  0.00000E+00  0.00000E+00  0.00000E+00
   19239   3  0.00000E+00  0.00000E+00  0.00000E+00  0.00000E+00  0.00000E+00  0.00000E+00  0.00000E+00  0.00000E+00  0.00000E+00  0.00000E+00  0.00000E+00  0.00000E+00  0.00000E+00  0.00000E+00  0.00000E+00  0.00000E+00  0.00000E+00  0.00000E+00  0.00000E+00  0.00000E+00  0.00000E+00  0.00000E+00  0.00000E+00  0.00000E+00
   20643   2  0.00000E+00  0.00000E+00  0.00000E+00  0.00000E+00  0.00000E+00  0.00000E+00  0.00000E+00  0.00000E+00  0.00000E+00  0.00000E+00  0.00000E+00  0.00000E+00  0.00000E+00  0.00000E+00  0.00000E+00  0.00000E+00  0.00000E+00  0.00000E+00  0.00000E+00  0.00000E+00  0.00000E+00  0.00000E+00  0.00000E+00  0.00000E+00
   20643   3  0.00000E+00  0.00000E+00  0.00000E+00  0.00000E+00  0.00000E+00  0.00000E+00  0.00000E+00  0.00000E+00  0.00000E+00  0.00000E+00  0.00000E+00  0.00000E+00  0.00000E+00  0.00000E+00  0.00000E+00  0.00000E+00  0.00000E+00  0.00000E+00  0.00000E+00  0.00000E+00  0.00000E+00  0.00000E+00  0.00000E+00  0.00000E+00
   19590   3  0.00000E+00  0.00000E+00  0.00000E+00  0.00000E+00  0.00000E+00  0.00000E+00  0.00000E+00  0.00000E+00  0.00000E+00  0.00000E+00  0.00000E+00  0.00000E+00  0.00000E+00  0.00000E+00  0.00000E+00  0.00000E+00  0.00000E+00  0.00000E+00  0.00000E+00  0.00000E+00  0.00000E+00  0.00000E+00  0.00000E+00  0.00000E+00
   19590   7  3.81622E+00  3.81622E+00  3.81622E+00  3.81622E+00  3.81622E+00  3.81622E+00  3.81622E+00  3.81622E+00  3.81622E+00  3.81622E+00  3.81622E+00  3.81622E+00  3.81622E+00  3.81622E+00  3.81622E+00  3.81622E+00  3.81622E+00  3.81622E+00  3.81622E+00  3.81622E+00  3.81622E+00  3.81622E+00  3.81622E+00  3.81622E+00
   21358   4  0.00000E+00  0.00000E+00  0.00000E+00  0.00000E+00  0.00000E+00  0.00000E+00  0.00000E+00  0.00000E+00  0.00000E+00  0.00000E+00  0.00000E+00  0.00000E+00  0.00000E+00  0.00000E+00  0.00000E+00  0.00000E+00  0.00000E+00  0.00000E+00  0.00000E+00  0.00000E+00  0.00000E+00  0.00000E+00  0.00000E+00  0.00000E+00
   22412   3  1.36852E-02  1.36852E-02  1.36852E-02  1.36852E-02  1.36852E-02  1.36852E-02  1.36852E-02  1.36852E-02  1.36852E-02  1.36852E-02  1.36852E-02  1.36852E-02  1.36852E-02  1.36852E-02  1.36852E-02  1.36852E-02  1.36852E-02  1.36852E-02  1.36852E-02  1.36852E-02  1.36852E-02  1.36852E-02  1.36852E-02  1.36852E-02
   22412   7  6.74145E-01  6.74145E-01  6.74145E-01  6.74145E-01  6.74145E-01  6.74145E-01  6.74145E-01  6.74145E-01  6.74145E-01  6.74145E-01  6.74145E-01  6.74145E-01  6.74145E-01  6.74145E-01  6.74145E-01  6.74145E-01  6.74145E-01  6.74145E-01  6.74145E-01  6.74145E-01  6.74145E-01  6.74145E-01  6.74145E-01  6.74145E-01
   19610   3  0.00000E+00  0.00000E+00  0.00000E+00  0.00000E+00  0.00000E+00  0.00000E+00  0.00000E+00  0.00000E+00  0.00000E+00  0.00000E+00  0.00000E+00  0.00000E+00  0.00000E+00  0.00000E+00  0.00000E+00  0.00000E+00  0.00000E+00  0.00000E+00  0.00000E+00  0.00000E+00  0.00000E+00  0.00000E+00  0.00000E+00  0.00000E+00
   16803   4  6.39814E-02  6.39814E-02  6.39814E-02  6.39814E-02  6.39814E-02  6.39814E-02  6.39814E-02  6.39814E-02  6.39814E-02  6.39814E-02  6.39814E-02  6.39814E-02  6.39814E-02  6.39814E-02  6.39814E-02  6.39814E-02  6.39814E-02  6.39814E-02  6.39814E-02  6.39814E-02  6.39814E-02  6.39814E-02  6.39814E-02  6.39814E-02
   16802   4  5.30685E-01  5.30685E-01  5.30685E-01  5.30685E-01  5.30685E-01  5.30685E-01  5.30685E-01  5.30685E-01  5.30685E-01  5.30685E-01  5.30685E-01  5.30685E-01  5.30685E-01  5.30685E-01  5.30685E-01  5.30685E-01  5.30685E-01  5.30685E-01  5.30685E-01  5.30685E-01  5.30685E-01  5.30685E-01  5.30685E-01  5.30685E-01
   17156   4  8.80966E-04  8.80966E-04  8.80966E-04  8.80966E-04  8.80966E-04  8.80966E-04  8.80966E-04  8.80966E-04  8.80966E-04  8.80966E-04  8.80966E-04  8.80966E-04  8.80966E-04  8.80966E-04  8.80966E-04  8.80966E-04  8.80966E-04  8.80966E-04  8.80966E-04  8.80966E-04  8.80966E-04  8.80966E-04  8.80966E-04  8.80966E-04
   17156   3  1.95461E-03  1.95461E-03  1.95461E-03  1.95461E-03  1.95461E-03  0.00000E+00  0.00000E+00  0.00000E+00  0.00000E+00  0.00000E+00  0.00000E+00  0.00000E+00  0.00000E+00  1.95461E-03  1.95461E-03  1.95461E-03  1.95461E-03  1.95461E-03  1.95461E-03  1.95461E-03  1.95461E-03  1.95461E-03  1.95461E-03  1.95461E-03
   17156   7  1.47083E+00  1.47083E+00  1.47083E+00  1.47083E+00  1.47083E+00  1.47083E+00  1.47083E+00  1.47083E+00  1.47083E+00  1.47083E+00  1.47083E+00  1.47083E+00  1.47083E+00  1.47083E+00  1.47083E+00  1.47083E+00  1.47083E+00  1.47083E+00  1.47083E+00  1.47083E+00  1.47083E+00  1.47083E+00  1.47083E+00  1.47083E+00
   17156   2  5.34373E-02  5.34373E-02  5.34373E-02  5.34373E-02  5.34373E-02  5.34373E-02  5.34373E-02  5.34373E-02  5.34373E-02  5.34373E-02  5.34373E-02  5.34373E-02  5.34373E-02  5.34373E-02  5.34373E-02  5.34373E-02  5.34373E-02  5.34373E-02  5.34373E-02  5.34373E-02  5.34373E-02  5.34373E-02  5.34373E-02  5.34373E-02
   17506   4  1.92175E+01  1.92175E+01  1.92175E+01  1.92175E+01  1.92175E+01  1.92175E+01  1.92175E+01  1.92175E+01  1.92175E+01  1.92175E+01  1.92175E+01  1.92175E+01  1.92175E+01  7.96925E+01  7.96925E+01  7.96925E+01  7.96925E+01  7.96925E+01  7.96925E+01  7.96925E+01  7.96925E+01  1.92175E+01  1.92175E+01  1.92175E+01
   17506   3  3.24712E+00  3.24712E+00  3.24712E+00  3.24712E+00  3.24712E+00  3.24712E+00  3.24712E+00  3.24712E+00  3.24712E+00  3.24712E+00  3.24712E+00  3.24712E+00  3.24712E+00  6.37228E+01  6.37228E+01  6.37228E+01  6.37228E+01  6.37228E+01  6.37228E+01  6.37228E+01  6.37228E+01  3.24712E+00  3.24712E+00  3.24712E+00
   17859   3  0.00000E+00  0.00000E+00  0.00000E+00  0.00000E+00  0.00000E+00  0.00000E+00  0.00000E+00  0.00000E+00  0.00000E+00  0.00000E+00  0.00000E+00  0.00000E+00  0.00000E+00  0.00000E+00  0.00000E+00  0.00000E+00  0.00000E+00  0.00000E+00  0.00000E+00  0.00000E+00  0.00000E+00  0.00000E+00  0.00000E+00  0.00000E+00
   17506   7  9.34100E+00  9.34100E+00  9.34100E+00  9.34100E+00  9.34100E+00  9.34100E+00  9.34100E+00  9.34100E+00  9.34100E+00  9.34100E+00  9.34100E+00  9.34100E+00  9.34100E+00  9.34100E+00  9.34100E+00  9.34100E+00  9.34100E+00  9.34100E+00  9.34100E+00  9.34100E+00  9.34100E+00  9.34100E+00  9.34100E+00  9.34100E+00
   17505   3  0.00000E+00  0.00000E+00  0.00000E+00  0.00000E+00  0.00000E+00  0.00000E+00  0.00000E+00  0.00000E+00  0.00000E+00  0.00000E+00  0.00000E+00  0.00000E+00  0.00000E+00  0.00000E+00  0.00000E+00  0.00000E+00  0.00000E+00  0.00000E+00  0.00000E+00  0.00000E+00  0.00000E+00  0.00000E+00  0.00000E+00  0.00000E+00
   17153   2  2.42371E+00  2.42371E+00  2.42371E+00  2.42371E+00  2.42371E+00  2.42371E+00  2.42371E+00  2.42371E+00  2.42371E+00  2.42371E+00  2.42371E+00  2.42371E+00  2.42371E+00  2.42371E+00  2.42371E+00  2.42371E+00  2.42371E+00  2.42371E+00  2.42371E+00  2.42371E+00  2.42371E+00  2.42371E+00  2.42371E+00  2.42371E+00
   17506   5  0.00000E+00  0.00000E+00  0.00000E+00  0.00000E+00  0.00000E+00  0.00000E+00  0.00000E+00  0.00000E+00  0.00000E+00  0.00000E+00  0.00000E+00  0.00000E+00  0.00000E+00  1.34389E+01  1.34389E+01  1.34389E+01  1.34389E+01  1.34389E+01  1.34389E+01  1.34389E+01  1.34389E+01  0.00000E+00  0.00000E+00  0.00000E+00
   18212   4  6.82586E-03  6.82586E-03  6.82586E-03  6.82586E-03  6.82586E-03  6.82586E-03  6.82586E-03  6.82586E-03  6.82586E-03  6.82586E-03  6.82586E-03  6.82586E-03  6.82586E-03  6.82586E-03  6.82586E-03  6.82586E-03  6.82586E-03  6.82586E-03  6.82586E-03  6.82586E-03  6.82586E-03  6.82586E-03  6.82586E-03  6.82586E-03
   17510   4  1.51864E-01  1.51864E-01  1.51864E-01  1.51864E-01  1.51864E-01  1.51864E-01  1.51864E-01  1.51864E-01  1.51864E-01  1.51864E-01  1.51864E-01  1.51864E-01  1.51864E-01  1.51864E-01  1.51864E-01  1.51864E-01  1.51864E-01  1.51864E-01  1.51864E-01  1.51864E-01  1.51864E-01  1.51864E-01  1.51864E-01  1.51864E-01
   16447   2  0.00000E+00  0.00000E+00  0.00000E+00  0.00000E+00  0.00000E+00  0.00000E+00  0.00000E+00  0.00000E+00  0.00000E+00  0.00000E+00  0.00000E+00  0.00000E+00  0.00000E+00  0.00000E+00  0.00000E+00  0.00000E+00  0.00000E+00  0.00000E+00  0.00000E+00  0.00000E+00  0.00000E+00  0.00000E+00  0.00000E+00  0.00000E+00
   16447   3  0.00000E+00  0.00000E+00  0.00000E+00  0.00000E+00  0.00000E+00  0.00000E+00  0.00000E+00  0.00000E+00  0.00000E+00  0.00000E+00  0.00000E+00  0.00000E+00  0.00000E+00  0.00000E+00  0.00000E+00  0.00000E+00  0.00000E+00  0.00000E+00  0.00000E+00  0.00000E+00  0.00000E+00  0.00000E+00  0.00000E+00  0.00000E+00
   32968   7  1.15301E+00  1.15301E+00  1.15301E+00  1.15301E+00  1.15301E+00  1.15301E+00  1.15301E+00  1.15301E+00  1.15301E+00  1.15301E+00  1.15301E+00  1.15301E+00  1.15301E+00  1.15301E+00  1.15301E+00  1.15301E+00  1.15301E+00  1.15301E+00  1.15301E+00  1.15301E+00  1.15301E+00  1.15301E+00  1.15301E+00  1.15301E+00
   32968   3  0.00000E+00  0.00000E+00  0.00000E+00  0.00000E+00  0.00000E+00  0.00000E+00  0.00000E+00  0.00000E+00  0.00000E+00  0.00000E+00  0.00000E+00  0.00000E+00  0.00000E+00  0.00000E+00  0.00000E+00  0.00000E+00  0.00000E+00  0.00000E+00  0.00000E+00  0.00000E+00  0.00000E+00  0.00000E+00  0.00000E+00  0.00000E+00
   29089   4  3.24457E-03  3.24457E-03  3.24457E-03  3.24457E-03  3.24457E-03  3.24457E-03  3.24457E-03  3.24457E-03  3.24457E-03  3.24457E-03  3.24457E-03  3.24457E-03  3.24457E-03  3.24457E-03  3.24457E-03  3.24457E-03  3.24457E-03  3.24457E-03  3.24457E-03  3.24457E-03  3.24457E-03  3.24457E-03  3.24457E-03  3.24457E-03
   29089   2  0.00000E+00  0.00000E+00  0.00000E+00  0.00000E+00  0.00000E+00  0.00000E+00  0.00000E+00  0.00000E+00  0.00000E+00  0.00000E+00  0.00000E+00  0.00000E+00  0.00000E+00  0.00000E+00  0.00000E+00  0.00000E+00  0.00000E+00  0.00000E+00  0.00000E+00  0.00000E+00  0.00000E+00  0.00000E+00  0.00000E+00  0.00000E+00
   29089   3  1.51347E-02  1.51347E-02  1.51347E-02  1.51347E-02  1.51347E-02  1.51347E-02  1.51347E-02  1.51347E-02  1.51347E-02  1.51347E-02  1.51347E-02  1.51347E-02  1.51347E-02  1.51347E-02  1.51347E-02  1.51347E-02  1.51347E-02  1.51347E-02  1.51347E-02  1.51347E-02  1.51347E-02  1.51347E-02  1.51347E-02  1.51347E-02
   29089   7  1.34303E+00  1.34303E+00  1.34303E+00  1.34303E+00  1.34303E+00  1.34303E+00  1.34303E+00  1.34303E+00  1.34303E+00  1.34303E+00  1.34303E+00  1.34303E+00  1.34303E+00  1.34303E+00  1.34303E+00  1.34303E+00  1.34303E+00  1.34303E+00  1.34303E+00  1.34303E+00  1.34303E+00  1.34303E+00  1.34303E+00  1.34303E+00
   15772   3  0.00000E+00  0.00000E+00  0.00000E+00  0.00000E+00  0.00000E+00  0.00000E+00  0.00000E+00  0.00000E+00  0.00000E+00  0.00000E+00  0.00000E+00  0.00000E+00  0.00000E+00  0.00000E+00  0.00000E+00  0.00000E+00  0.00000E+00  0.00000E+00  0.00000E+00  0.00000E+00  0.00000E+00  0.00000E+00  0.00000E+00  0.00000E+00
   15772   2  0.00000E+00  0.00000E+00  0.00000E+00  0.00000E+00  0.00000E+00  0.00000E+00  0.00000E+00  0.00000E+00  0.00000E+00  0.00000E+00  0.00000E+00  0.00000E+00  0.00000E+00  0.00000E+00  0.00000E+00  0.00000E+00  0.00000E+00  0.00000E+00  0.00000E+00  0.00000E+00  0.00000E+00  0.00000E+00  0.00000E+00  0.00000E+00
   16476   4  4.86014E-03  4.86014E-03  4.86014E-03  4.86014E-03  4.86014E-03  4.86014E-03  4.86014E-03  4.86014E-03  4.86014E-03  4.86014E-03  4.86014E-03  4.86014E-03  4.86014E-03  4.86014E-03  4.86014E-03  4.86014E-03  4.86014E-03  4.86014E-03  4.86014E-03  4.86014E-03  4.86014E-03  4.86014E-03  4.86014E-03  4.86014E-03
   16476   3  0.00000E+00  0.00000E+00  0.00000E+00  0.00000E+00  0.00000E+00  0.00000E+00  0.00000E+00  0.00000E+00  0.00000E+00  0.00000E+00  0.00000E+00  0.00000E+00  0.00000E+00  0.00000E+00  0.00000E+00  0.00000E+00  0.00000E+00  0.00000E+00  0.00000E+00  0.00000E+00  0.00000E+00  0.00000E+00  0.00000E+00  0.00000E+00
    7320   4  3.93113E-04  3.93113E-04  3.93113E-04  3.93113E-04  3.93113E-04  3.93113E-04  3.93113E-04  3.93113E-04  3.93113E-04  3.93113E-04  3.93113E-04  3.93113E-04  3.93113E-04  3.93113E-04  3.93113E-04  3.93113E-04  3.93113E-04  3.93113E-04  3.93113E-04  3.93113E-04  3.93113E-04  3.93113E-04  3.93113E-04  3.93113E-04
   10496   2  1.84555E+00  1.84555E+00  1.84555E+00  1.84555E+00  1.84555E+00  1.84555E+00  1.84555E+00  1.84555E+00  1.84555E+00  1.84555E+00  1.84555E+00  1.84555E+00  1.84555E+00  1.84555E+00  1.84555E+00  1.84555E+00  1.84555E+00  1.84555E+00  1.84555E+00  1.84555E+00  1.84555E+00  1.84555E+00  1.84555E+00  1.84555E+00
   10496   3  4.51383E-02  4.51383E-02  4.51383E-02  4.51383E-02  4.51383E-02  4.51383E-02  4.51383E-02  4.51383E-02  4.51383E-02  4.51383E-02  4.51383E-02  4.51383E-02  4.51383E-02  4.51383E-02  4.51383E-02  4.51383E-02  4.51383E-02  4.51383E-02  4.51383E-02  4.51383E-02  4.51383E-02  4.51383E-02  4.51383E-02  4.51383E-02
   10122   3  0.00000E+00  0.00000E+00  0.00000E+00  0.00000E+00  0.00000E+00  0.00000E+00  0.00000E+00  0.00000E+00  0.00000E+00  0.00000E+00  0.00000E+00  0.00000E+00  0.00000E+00  0.00000E+00  0.00000E+00  0.00000E+00  0.00000E+00  0.00000E+00  0.00000E+00  0.00000E+00  0.00000E+00  0.00000E+00  0.00000E+00  0.00000E+00
   10122   5  0.00000E+00  0.00000E+00  0.00000E+00  0.00000E+00  0.00000E+00  0.00000E+00  0.00000E+00  0.00000E+00  0.00000E+00  0.00000E+00  0.00000E+00  0.00000E+00  0.00000E+00  0.00000E+00  0.00000E+00  0.00000E+00  0.00000E+00  0.00000E+00  0.00000E+00  0.00000E+00  0.00000E+00  0.00000E+00  0.00000E+00  0.00000E+00
    6258   1  2.07908E+01  2.07908E+01  2.07908E+01  2.07908E+01  2.07908E+01  2.07908E+01  2.07908E+01  2.07908E+01  2.07908E+01  2.07908E+01  2.07908E+01  2.07908E+01  2.07908E+01  2.07908E+01  2.07908E+01  2.07908E+01  2.07908E+01  2.07908E+01  2.07908E+01  2.07908E+01  2.07908E+01  2.07908E+01  2.07908E+01  2.07908E+01
    6258   2  0.00000E+00  0.00000E+00  0.00000E+00  0.00000E+00  0.00000E+00  0.00000E+00  0.00000E+00  0.00000E+00  0.00000E+00  0.00000E+00  0.00000E+00  0.00000E+00  0.00000E+00  0.00000E+00  0.00000E+00  0.00000E+00  0.00000E+00  0.00000E+00  0.00000E+00  0.00000E+00  0.00000E+00  0.00000E+00  0.00000E+00  0.00000E+00
    6258   3  0.00000E+00  0.00000E+00  0.00000E+00  0.00000E+00  0.00000E+00  0.00000E+00  0.00000E+00  0.00000E+00  0.00000E+00  0.00000E+00  0.00000E+00  0.00000E+00  0.00000E+00  0.00000E+00  0.00000E+00  0.00000E+00  0.00000E+00  0.00000E+00  0.00000E+00  0.00000E+00  0.00000E+00  0.00000E+00  0.00000E+00  0.00000E+00
    6258   4  3.95739E+01  3.95739E+01  3.95739E+01  3.95739E+01  3.95739E+01  3.95739E+01  3.95739E+01  3.95739E+01  3.95739E+01  3.95739E+01  3.95739E+01  3.95739E+01  3.95739E+01  3.95739E+01  3.95739E+01  3.95739E+01  3.95739E+01  3.95739E+01  3.95739E+01  3.95739E+01  3.95739E+01  3.95739E+01  3.95739E+01  3.95739E+01
    6258   7  6.83457E+00  6.83457E+00  6.83457E+00  6.83457E+00  6.83457E+00  6.83457E+00  6.83457E+00  6.83457E+00  6.83457E+00  6.83457E+00  6.83457E+00  6.83457E+00  6.83457E+00  6.83457E+00  6.83457E+00  6.83457E+00  6.83457E+00  6.83457E+00  6.83457E+00  6.83457E+00  6.83457E+00  6.83457E+00  6.83457E+00  6.83457E+00
    9417   4  1.16456E-03  1.16456E-03  1.16456E-03  1.16456E-03  1.16456E-03  1.16456E-03  1.16456E-03  1.16456E-03  1.16456E-03  1.16456E-03  1.16456E-03  1.16456E-03  1.16456E-03  1.16456E-03  1.16456E-03  1.16456E-03  1.16456E-03  1.16456E-03  1.16456E-03  1.16456E-03  1.16456E-03  1.16456E-03  1.16456E-03  1.16456E-03
   10122   4  1.37882E-03  1.37882E-03  1.37882E-03  1.37882E-03  1.37882E-03  1.37882E-03  1.37882E-03  1.37882E-03  1.37882E-03  1.37882E-03  1.37882E-03  1.37882E-03  1.37882E-03  1.37882E-03  1.37882E-03  1.37882E-03  1.37882E-03  1.37882E-03  1.37882E-03  1.37882E-03  1.37882E-03  1.37882E-03  1.37882E-03  1.37882E-03
   14365   3  0.00000E+00  0.00000E+00  0.00000E+00  0.00000E+00  0.00000E+00  0.00000E+00  0.00000E+00  0.00000E+00  0.00000E+00  0.00000E+00  0.00000E+00  0.00000E+00  0.00000E+00  0.00000E+00  0.00000E+00  0.00000E+00  0.00000E+00  0.00000E+00  0.00000E+00  0.00000E+00  0.00000E+00  0.00000E+00  0.00000E+00  0.00000E+00
   11525   4  2.39974E-02  2.39974E-02  2.39974E-02  2.39974E-02  2.39974E-02  2.39974E-02  2.39974E-02  2.39974E-02  2.39974E-02  2.39974E-02  2.39974E-02  2.39974E-02  2.39974E-02  2.39974E-02  2.39974E-02  2.39974E-02  2.39974E-02  2.39974E-02  2.39974E-02  2.39974E-02  2.39974E-02  2.39974E-02  2.39974E-02  2.39974E-02
    8358   7  3.51340E+00  3.51340E+00  3.51340E+00  3.51340E+00  3.51340E+00  3.51340E+00  3.51340E+00  3.51340E+00  3.51340E+00  3.51340E+00  3.51340E+00  3.51340E+00  3.51340E+00  3.51340E+00  3.51340E+00  3.51340E+00  3.51340E+00  3.51340E+00  3.51340E+00  3.51340E+00  3.51340E+00  3.51340E+00  3.51340E+00  3.51340E+00
    9771   3  4.19973E-04  4.19973E-04  4.19973E-04  4.19973E-04  4.19973E-04  0.00000E+00  0.00000E+00  0.00000E+00  0.00000E+00  0.00000E+00  0.00000E+00  0.00000E+00  0.00000E+00  4.19973E-04  4.19973E-04  4.19973E-04  4.19973E-04  4.19973E-04  4.19973E-04  4.19973E-04  4.19973E-04  4.19973E-04  4.19973E-04  4.19973E-04
    6609   3  0.00000E+00  0.00000E+00  0.00000E+00  0.00000E+00  0.00000E+00  0.00000E+00  0.00000E+00  0.00000E+00  0.00000E+00  0.00000E+00  0.00000E+00  0.00000E+00  0.00000E+00  0.00000E+00  0.00000E+00  0.00000E+00  0.00000E+00  0.00000E+00  0.00000E+00  0.00000E+00  0.00000E+00  0.00000E+00  0.00000E+00  0.00000E+00
   11870   4  2.21039E-01  2.21039E-01  2.21039E-01  2.21039E-01  2.21039E-01  2.21039E-01  2.21039E-01  2.21039E-01  2.21039E-01  2.21039E-01  2.21039E-01  2.21039E-01  2.21039E-01  2.21039E-01  2.21039E-01  2.21039E-01  2.21039E-01  2.21039E-01  2.21039E-01  2.21039E-01  2.21039E-01  2.21039E-01  2.21039E-01  2.21039E-01
   11870   3  0.00000E+00  0.00000E+00  0.00000E+00  0.00000E+00  0.00000E+00  0.00000E+00  0.00000E+00  0.00000E+00  0.00000E+00  0.00000E+00  0.00000E+00  0.00000E+00  0.00000E+00  0.00000E+00  0.00000E+00  0.00000E+00  0.00000E+00  0.00000E+00  0.00000E+00  0.00000E+00  0.00000E+00  0.00000E+00  0.00000E+00  0.00000E+00
   11870   2  0.00000E+00  0.00000E+00  0.00000E+00  0.00000E+00  0.00000E+00  0.00000E+00  0.00000E+00  0.00000E+00  0.00000E+00  0.00000E+00  0.00000E+00  0.00000E+00  0.00000E+00  0.00000E+00  0.00000E+00  0.00000E+00  0.00000E+00  0.00000E+00  0.00000E+00  0.00000E+00  0.00000E+00  0.00000E+00  0.00000E+00  0.00000E+00
   10124   4  5.17716E-04  5.17716E-04  5.17716E-04  5.17716E-04  5.17716E-04  5.17716E-04  5.17716E-04  5.17716E-04  5.17716E-04  5.17716E-04  5.17716E-04  5.17716E-04  5.17716E-04  5.17716E-04  5.17716E-04  5.17716E-04  5.17716E-04  5.17716E-04  5.17716E-04  5.17716E-04  5.17716E-04  5.17716E-04  5.17716E-04  5.17716E-04
   18579   3  1.81854E-03  1.81854E-03  1.81854E-03  1.81854E-03  1.81854E-03  1.81854E-03  1.81854E-03  1.81854E-03  1.81854E-03  1.81854E-03  1.81854E-03  1.81854E-03  1.81854E-03  1.81854E-03  1.81854E-03  1.81854E-03  1.81854E-03  1.81854E-03  1.81854E-03  1.81854E-03  1.81854E-03  1.81854E-03  1.81854E-03  1.81854E-03
   18225   4  1.29532E-04  1.29532E-04  1.29532E-04  1.29532E-04  1.29532E-04  1.29532E-04  1.29532E-04  1.29532E-04  1.29532E-04  1.29532E-04  1.29532E-04  1.29532E-04  1.29532E-04  1.24166E-01  1.24166E-01  1.24166E-01  1.24166E-01  1.24166E-01  1.24166E-01  1.24166E-01  1.24166E-01  1.29532E-04  1.29532E-04  1.29532E-04
   18225   3  6.76985E-02  6.76985E-02  6.76985E-02  6.76985E-02  6.76985E-02  6.76985E-02  6.76985E-02  6.76985E-02  6.76985E-02  6.76985E-02  6.76985E-02  6.76985E-02  6.76985E-02  6.76985E-02  6.76985E-02  6.76985E-02  6.76985E-02  6.76985E-02  6.76985E-02  6.76985E-02  6.76985E-02  6.76985E-02  6.76985E-02  6.76985E-02
   15059   3  0.00000E+00  0.00000E+00  0.00000E+00  0.00000E+00  0.00000E+00  0.00000E+00  0.00000E+00  0.00000E+00  0.00000E+00  0.00000E+00  0.00000E+00  0.00000E+00  0.00000E+00  0.00000E+00  0.00000E+00  0.00000E+00  0.00000E+00  0.00000E+00  0.00000E+00  0.00000E+00  0.00000E+00  0.00000E+00  0.00000E+00  0.00000E+00
   18576   4  2.22858E-01  2.22858E-01  2.22858E-01  2.22858E-01  2.22858E-01  2.22858E-01  2.22858E-01  2.22858E-01  2.22858E-01  2.22858E-01  2.22858E-01  2.22858E-01  2.22858E-01  2.22858E-01  2.22858E-01  2.22858E-01  2.22858E-01  2.22858E-01  2.22858E-01  2.22858E-01  2.22858E-01  2.22858E-01  2.22858E-01  2.22858E-01
   18576   3  4.86373E-01  4.86373E-01  4.86373E-01  4.86373E-01  4.86373E-01  4.86373E-01  4.86373E-01  4.86373E-01  4.86373E-01  4.86373E-01  4.86373E-01  4.86373E-01  4.86373E-01  4.86373E-01  4.86373E-01  4.86373E-01  4.86373E-01  4.86373E-01  4.86373E-01  4.86373E-01  4.86373E-01  4.86373E-01  4.86373E-01  4.86373E-01
   18576   1  1.63728E-01  1.63728E-01  1.63728E-01  1.63728E-01  1.63728E-01  1.63728E-01  1.63728E-01  1.63728E-01  1.63728E-01  1.63728E-01  1.63728E-01  1.63728E-01  1.63728E-01  1.63728E-01  1.63728E-01  1.63728E-01  1.63728E-01  1.63728E-01  1.63728E-01  1.63728E-01  1.63728E-01  1.63728E-01  1.63728E-01  1.63728E-01
   15747   3  0.00000E+00  0.00000E+00  0.00000E+00  0.00000E+00  0.00000E+00  0.00000E+00  0.00000E+00  0.00000E+00  0.00000E+00  0.00000E+00  0.00000E+00  0.00000E+00  0.00000E+00  0.00000E+00  0.00000E+00  0.00000E+00  0.00000E+00  0.00000E+00  0.00000E+00  0.00000E+00  0.00000E+00  0.00000E+00  0.00000E+00  0.00000E+00
   15747   2  0.00000E+00  0.00000E+00  0.00000E+00  0.00000E+00  0.00000E+00  0.00000E+00  0.00000E+00  0.00000E+00  0.00000E+00  0.00000E+00  0.00000E+00  0.00000E+00  0.00000E+00  0.00000E+00  0.00000E+00  0.00000E+00  0.00000E+00  0.00000E+00  0.00000E+00  0.00000E+00  0.00000E+00  0.00000E+00  0.00000E+00  0.00000E+00
   13638   3  0.00000E+00  0.00000E+00  0.00000E+00  0.00000E+00  0.00000E+00  0.00000E+00  0.00000E+00  0.00000E+00  0.00000E+00  0.00000E+00  0.00000E+00  0.00000E+00  0.00000E+00  0.00000E+00  0.00000E+00  0.00000E+00  0.00000E+00  0.00000E+00  0.00000E+00  0.00000E+00  0.00000E+00  0.00000E+00  0.00000E+00  0.00000E+00
   18926   4  2.71833E-02  2.71833E-02  2.71833E-02  2.71833E-02  2.71833E-02  2.71833E-02  2.71833E-02  2.71833E-02  2.71833E-02  2.71833E-02  2.71833E-02  2.71833E-02  2.71833E-02  2.71833E-02  2.71833E-02  2.71833E-02  2.71833E-02  2.71833E-02  2.71833E-02  2.71833E-02  2.71833E-02  2.71833E-02  2.71833E-02  2.71833E-02
   22115   4  8.30240E-04  8.30240E-04  8.30240E-04  8.30240E-04  8.30240E-04  8.30240E-04  8.30240E-04  8.30240E-04  8.30240E-04  8.30240E-04  8.30240E-04  8.30240E-04  8.30240E-04  8.30240E-04  8.30240E-04  8.30240E-04  8.30240E-04  8.30240E-04  8.30240E-04  8.30240E-04  8.30240E-04  8.30240E-04  8.30240E-04  8.30240E-04
   15750   4  5.29157E-02  5.29157E-02  5.29157E-02  5.29157E-02  5.29157E-02  5.29157E-02  5.29157E-02  5.29157E-02  5.29157E-02  5.29157E-02  5.29157E-02  5.29157E-02  5.29157E-02  5.29157E-02  5.29157E-02  5.29157E-02  5.29157E-02  5.29157E-02  5.29157E-02  5.29157E-02  5.29157E-02  5.29157E-02  5.29157E-02  5.29157E-02
   16455   4  7.75319E-02  7.75319E-02  7.75319E-02  7.75319E-02  7.75319E-02  7.75319E-02  7.75319E-02  7.75319E-02  7.75319E-02  7.75319E-02  7.75319E-02  7.75319E-02  7.75319E-02  7.75319E-02  7.75319E-02  7.75319E-02  7.75319E-02  7.75319E-02  7.75319E-02  7.75319E-02  7.75319E-02  7.75319E-02  7.75319E-02  7.75319E-02
   18223   3  5.82234E-01  5.82234E-01  5.82234E-01  5.82234E-01  5.82234E-01  5.52818E-01  5.52818E-01  5.52818E-01  5.52818E-01  5.52818E-01  5.52818E-01  5.52818E-01  5.52818E-01  5.82234E-01  5.82234E-01  5.82234E-01  5.82234E-01  5.82234E-01  5.82234E-01  5.82234E-01  5.82234E-01  5.82234E-01  5.82234E-01  5.82234E-01
   18224   4  9.60531E+00  9.60531E+00  9.60531E+00  9.60531E+00  9.60531E+00  9.60531E+00  9.60531E+00  9.60531E+00  9.60531E+00  9.60531E+00  9.60531E+00  9.60531E+00  9.60531E+00  1.77520E+02  1.77520E+02  1.77520E+02  1.77520E+02  1.77520E+02  1.77520E+02  1.77520E+02  1.77520E+02  9.60531E+00  9.60531E+00  9.60531E+00
   18930   4  1.17144E+00  1.17144E+00  1.17144E+00  1.17144E+00  1.17144E+00  1.17144E+00  1.17144E+00  1.17144E+00  1.17144E+00  1.17144E+00  1.17144E+00  1.17144E+00  1.17144E+00  1.17144E+00  1.17144E+00  1.17144E+00  1.17144E+00  1.17144E+00  1.17144E+00  1.17144E+00  1.17144E+00  1.17144E+00  1.17144E+00  1.17144E+00
   18224   5  0.00000E+00  0.00000E+00  0.00000E+00  0.00000E+00  0.00000E+00  0.00000E+00  0.00000E+00  0.00000E+00  0.00000E+00  0.00000E+00  0.00000E+00  0.00000E+00  0.00000E+00  3.73143E+01  3.73143E+01  3.73143E+01  3.73143E+01  3.73143E+01  3.73143E+01  3.73143E+01  3.73143E+01  0.00000E+00  0.00000E+00  0.00000E+00
   18577   3  0.00000E+00  0.00000E+00  0.00000E+00  0.00000E+00  0.00000E+00  0.00000E+00  0.00000E+00  0.00000E+00  0.00000E+00  0.00000E+00  0.00000E+00  0.00000E+00  0.00000E+00  1.56574E-04  1.56574E-04  1.56574E-04  1.56574E-04  1.56574E-04  1.56574E-04  1.56574E-04  1.56574E-04  0.00000E+00  0.00000E+00  0.00000E+00
   18223   4  2.11494E+00  2.11494E+00  2.11494E+00  2.11494E+00  2.11494E+00  2.11494E+00  2.11494E+00  2.11494E+00  2.11494E+00  2.11494E+00  2.11494E+00  2.11494E+00  2.11494E+00  2.70794E+00  2.70794E+00  2.70794E+00  2.70794E+00  2.70794E+00  2.70794E+00  2.70794E+00  2.70794E+00  2.11494E+00  2.11494E+00  2.11494E+00
   18224   3  3.69117E-01  3.69117E-01  3.63789E-01  3.63789E-01  3.63789E-01  3.57640E-01  3.57640E-01  3.57640E-01  3.57640E-01  3.57640E-01  3.57640E-01  3.57640E-01  3.57640E-01  1.68283E+02  1.68283E+02  1.68283E+02  1.68283E+02  1.68283E+02  1.68283E+02  1.68283E+02  1.68283E+02  3.69117E-01  3.69117E-01  3.69117E-01
   18223   5  0.00000E+00  0.00000E+00  0.00000E+00  0.00000E+00  0.00000E+00  0.00000E+00  0.00000E+00  0.00000E+00  0.00000E+00  0.00000E+00  0.00000E+00  0.00000E+00  0.00000E+00  0.00000E+00  0.00000E+00  0.00000E+00  0.00000E+00  0.00000E+00  0.00000E+00  0.00000E+00  0.00000E+00  0.00000E+00  0.00000E+00  0.00000E+00
   18577   4  8.13075E+00  8.13075E+00  8.13075E+00  8.13075E+00  8.13075E+00  8.13075E+00  8.13075E+00  8.13075E+00  8.13075E+00  8.13075E+00  8.13075E+00  8.13075E+00  8.13075E+00  8.13075E+00  8.13075E+00  8.13075E+00  8.13075E+00  8.13075E+00  8.13075E+00  8.13075E+00  8.13075E+00  8.13075E+00  8.13075E+00  8.13075E+00
   18576   5  0.00000E+00  0.00000E+00  0.00000E+00  0.00000E+00  0.00000E+00  0.00000E+00  0.00000E+00  0.00000E+00  0.00000E+00  0.00000E+00  0.00000E+00  0.00000E+00  0.00000E+00  0.00000E+00  0.00000E+00  0.00000E+00  0.00000E+00  0.00000E+00  0.00000E+00  0.00000E+00  0.00000E+00  0.00000E+00  0.00000E+00  0.00000E+00
   18223   7  0.00000E+00  0.00000E+00  0.00000E+00  0.00000E+00  0.00000E+00  0.00000E+00  0.00000E+00  0.00000E+00  0.00000E+00  0.00000E+00  0.00000E+00  0.00000E+00  0.00000E+00  3.18950E-03  3.18950E-03  3.18950E-03  3.18950E-03  3.18950E-03  3.18950E-03  3.18950E-03  3.18950E-03  0.00000E+00  0.00000E+00  0.00000E+00
   18576   7  0.00000E+00  0.00000E+00  0.00000E+00  0.00000E+00  0.00000E+00  0.00000E+00  0.00000E+00  0.00000E+00  0.00000E+00  0.00000E+00  0.00000E+00  0.00000E+00  0.00000E+00  8.98200E-02  8.98200E-02  8.98200E-02  8.98200E-02  8.98200E-02  8.98200E-02  8.98200E-02  8.98200E-02  0.00000E+00  0.00000E+00  0.00000E+00
   18222   3  4.22934E+00  4.22934E+00  4.22934E+00  4.22934E+00  4.22934E+00  0.00000E+00  0.00000E+00  0.00000E+00  0.00000E+00  0.00000E+00  0.00000E+00  0.00000E+00  0.00000E+00  4.22934E+00  4.22934E+00  4.22934E+00  4.22934E+00  4.22934E+00  4.22934E+00  4.22934E+00  4.22934E+00  4.22934E+00  4.22934E+00  4.22934E+00
   19280   3  0.00000E+00  0.00000E+00  0.00000E+00  0.00000E+00  0.00000E+00  0.00000E+00  0.00000E+00  0.00000E+00  0.00000E+00  0.00000E+00  0.00000E+00  0.00000E+00  0.00000E+00  0.00000E+00  0.00000E+00  0.00000E+00  0.00000E+00  0.00000E+00  0.00000E+00  0.00000E+00  0.00000E+00  0.00000E+00  0.00000E+00  0.00000E+00
   19280   4  8.44457E-01  8.44457E-01  8.44457E-01  8.44457E-01  8.44457E-01  8.44457E-01  8.44457E-01  8.44457E-01  8.44457E-01  8.44457E-01  8.44457E-01  8.44457E-01  8.44457E-01  3.99339E+01  3.99339E+01  3.99339E+01  3.99339E+01  3.99339E+01  3.99339E+01  3.99339E+01  3.99339E+01  8.44457E-01  8.44457E-01  8.44457E-01
   19279   4  1.01462E+01  1.01462E+01  1.01462E+01  1.01462E+01  1.01462E+01  1.01462E+01  1.01462E+01  1.01462E+01  1.01462E+01  1.01462E+01  1.01462E+01  1.01462E+01  1.01462E+01  1.01462E+01  1.01462E+01  1.01462E+01  1.01462E+01  1.01462E+01  1.01462E+01  1.01462E+01  1.01462E+01  1.01462E+01  1.01462E+01  1.01462E+01
   18928   3  1.34851E-01  1.34851E-01  1.34851E-01  1.34851E-01  1.34851E-01  1.34851E-01  1.34851E-01  1.34851E-01  1.34851E-01  1.34851E-01  1.34851E-01  1.34851E-01  1.34851E-01  1.34851E-01  1.34851E-01  1.34851E-01  1.34851E-01  1.34851E-01  1.34851E-01  1.34851E-01  1.34851E-01  1.34851E-01  1.34851E-01  1.34851E-01
   18928   4  3.74988E-01  3.74988E-01  3.74988E-01  3.74988E-01  3.74988E-01  3.74988E-01  3.74988E-01  3.74988E-01  3.74988E-01  3.74988E-01  3.74988E-01  3.74988E-01  3.74988E-01  3.74988E-01  3.74988E-01  3.74988E-01  3.74988E-01  3.74988E-01  3.74988E-01  3.74988E-01  3.74988E-01  3.74988E-01  3.74988E-01  3.74988E-01
   18575   4  7.59861E-03  7.59861E-03  7.59861E-03  7.59861E-03  7.59861E-03  7.59861E-03  7.59861E-03  7.59861E-03  7.59861E-03  7.59861E-03  7.59861E-03  7.59861E-03  7.59861E-03  7.59861E-03  7.59861E-03  7.59861E-03  7.59861E-03  7.59861E-03  7.59861E-03  7.59861E-03  7.59861E-03  7.59861E-03  7.59861E-03  7.59861E-03
   18222   4  5.65379E-03  5.65379E-03  5.65379E-03  5.65379E-03  5.65379E-03  5.65379E-03  5.65379E-03  5.65379E-03  5.65379E-03  5.65379E-03  5.65379E-03  5.65379E-03  5.65379E-03  5.65379E-03  5.65379E-03  5.65379E-03  5.65379E-03  5.65379E-03  5.65379E-03  5.65379E-03  5.65379E-03  5.65379E-03  5.65379E-03  5.65379E-03
   18575   3  4.70338E-03  4.70338E-03  4.70338E-03  4.70338E-03  4.70338E-03  4.70338E-03  4.70338E-03  4.70338E-03  4.70338E-03  4.70338E-03  4.70338E-03  4.70338E-03  4.70338E-03  4.70338E-03  4.70338E-03  4.70338E-03  4.70338E-03  4.70338E-03  4.70338E-03  4.70338E-03  4.70338E-03  4.70338E-03  4.70338E-03  4.70338E-03
   15401   3  0.00000E+00  0.00000E+00  0.00000E+00  0.00000E+00  0.00000E+00  0.00000E+00  0.00000E+00  0.00000E+00  0.00000E+00  0.00000E+00  0.00000E+00  0.00000E+00  0.00000E+00  0.00000E+00  0.00000E+00  0.00000E+00  0.00000E+00  0.00000E+00  0.00000E+00  0.00000E+00  0.00000E+00  0.00000E+00  0.00000E+00  0.00000E+00
   16114   7  8.17645E+00  8.17645E+00  8.17645E+00  8.17645E+00  8.17645E+00  8.17645E+00  8.17645E+00  8.17645E+00  8.17645E+00  8.17645E+00  8.17645E+00  8.17645E+00  8.17645E+00  8.17645E+00  8.17645E+00  8.17645E+00  8.17645E+00  8.17645E+00  8.17645E+00  8.17645E+00  8.17645E+00  8.17645E+00  8.17645E+00  8.17645E+00
   15761   3  2.00840E-01  2.00840E-01  2.00840E-01  2.00840E-01  2.00840E-01  0.00000E+00  0.00000E+00  0.00000E+00  0.00000E+00  0.00000E+00  0.00000E+00  0.00000E+00  0.00000E+00  2.00840E-01  2.00840E-01  2.00840E-01  2.00840E-01  2.00840E-01  2.00840E-01  2.00840E-01  2.00840E-01  2.00840E-01  2.00840E-01  2.00840E-01
   15762   4  0.00000E+00  0.00000E+00  0.00000E+00  0.00000E+00  0.00000E+00  0.00000E+00  0.00000E+00  0.00000E+00  0.00000E+00  0.00000E+00  0.00000E+00  0.00000E+00  0.00000E+00  0.00000E+00  0.00000E+00  0.00000E+00  0.00000E+00  0.00000E+00  0.00000E+00  0.00000E+00  0.00000E+00  0.00000E+00  0.00000E+00  0.00000E+00
   18227   4  3.27439E-02  3.27439E-02  3.27439E-02  3.27439E-02  3.27439E-02  3.27439E-02  3.27439E-02  3.27439E-02  3.27439E-02  3.27439E-02  3.27439E-02  3.27439E-02  3.27439E-02  3.27439E-02  3.27439E-02  3.27439E-02  3.27439E-02  3.27439E-02  3.27439E-02  3.27439E-02  3.27439E-02  3.27439E-02  3.27439E-02  3.27439E-02
   21763   4  1.91438E-02  1.91438E-02  1.91438E-02  1.91438E-02  1.91438E-02  1.91438E-02  1.91438E-02  1.91438E-02  1.91438E-02  1.91438E-02  1.91438E-02  1.91438E-02  1.91438E-02  1.91438E-02  1.91438E-02  1.91438E-02  1.91438E-02  1.91438E-02  1.91438E-02  1.91438E-02  1.91438E-02  1.91438E-02  1.91438E-02  1.91438E-02
   25974   3  0.00000E+00  0.00000E+00  0.00000E+00  0.00000E+00  0.00000E+00  0.00000E+00  0.00000E+00  0.00000E+00  0.00000E+00  0.00000E+00  0.00000E+00  0.00000E+00  0.00000E+00  0.00000E+00  0.00000E+00  0.00000E+00  0.00000E+00  0.00000E+00  0.00000E+00  0.00000E+00  0.00000E+00  0.00000E+00  0.00000E+00  0.00000E+00
   25262   3  0.00000E+00  0.00000E+00  0.00000E+00  0.00000E+00  0.00000E+00  0.00000E+00  0.00000E+00  0.00000E+00  0.00000E+00  0.00000E+00  0.00000E+00  0.00000E+00  0.00000E+00  0.00000E+00  0.00000E+00  0.00000E+00  0.00000E+00  0.00000E+00  0.00000E+00  0.00000E+00  0.00000E+00  0.00000E+00  0.00000E+00  0.00000E+00
   24198   4  0.00000E+00  0.00000E+00  0.00000E+00  0.00000E+00  0.00000E+00  0.00000E+00  0.00000E+00  0.00000E+00  0.00000E+00  0.00000E+00  0.00000E+00  0.00000E+00  0.00000E+00  0.00000E+00  0.00000E+00  0.00000E+00  0.00000E+00  0.00000E+00  0.00000E+00  0.00000E+00  0.00000E+00  0.00000E+00  0.00000E+00  0.00000E+00
   24198   3  1.09197E-03  1.09197E-03  1.09197E-03  1.09197E-03  1.09197E-03  0.00000E+00  0.00000E+00  0.00000E+00  0.00000E+00  0.00000E+00  0.00000E+00  0.00000E+00  0.00000E+00  1.09197E-03  1.09197E-03  1.09197E-03  1.09197E-03  1.09197E-03  1.09197E-03  1.09197E-03  1.09197E-03  1.09197E-03  1.09197E-03  1.09197E-03
   24551   4  6.08841E-02  6.08841E-02  6.08841E-02  6.08841E-02  6.08841E-02  6.08841E-02  6.08841E-02  6.08841E-02  6.08841E-02  6.08841E-02  6.08841E-02  6.08841E-02  6.08841E-02  6.08841E-02  6.08841E-02  6.08841E-02  6.08841E-02  6.08841E-02  6.08841E-02  6.08841E-02  6.08841E-02  6.08841E-02  6.08841E-02  6.08841E-02
   24911   4  0.00000E+00  0.00000E+00  0.00000E+00  0.00000E+00  0.00000E+00  0.00000E+00  0.00000E+00  0.00000E+00  0.00000E+00  0.00000E+00  0.00000E+00  0.00000E+00  0.00000E+00  0.00000E+00  0.00000E+00  0.00000E+00  0.00000E+00  0.00000E+00  0.00000E+00  0.00000E+00  0.00000E+00  0.00000E+00  0.00000E+00  0.00000E+00
   24553   4  2.69662E+00  2.69662E+00  2.69662E+00  2.69662E+00  2.69662E+00  2.69662E+00  2.69662E+00  2.69662E+00  2.69662E+00  2.69662E+00  2.69662E+00  2.69662E+00  2.69662E+00  1.05391E+01  1.05391E+01  1.05391E+01  1.05391E+01  1.05391E+01  1.05391E+01  1.05391E+01  1.05391E+01  2.69662E+00  2.69662E+00  2.69662E+00
   25259   4  0.00000E+00  0.00000E+00  0.00000E+00  0.00000E+00  0.00000E+00  0.00000E+00  0.00000E+00  0.00000E+00  0.00000E+00  0.00000E+00  0.00000E+00  0.00000E+00  0.00000E+00  0.00000E+00  0.00000E+00  0.00000E+00  0.00000E+00  0.00000E+00  0.00000E+00  0.00000E+00  0.00000E+00  0.00000E+00  0.00000E+00  0.00000E+00
   25259   3  1.47649E-03  1.47649E-03  1.47649E-03  1.47649E-03  1.47649E-03  1.47649E-03  1.47649E-03  1.47649E-03  1.47649E-03  1.47649E-03  1.47649E-03  1.47649E-03  1.47649E-03  1.47649E-03  1.47649E-03  1.47649E-03  1.47649E-03  1.47649E-03  1.47649E-03  1.47649E-03  1.47649E-03  1.47649E-03  1.47649E-03  1.47649E-03
   24906   4  1.00647E-01  1.00647E-01  1.00647E-01  1.00647E-01  1.00647E-01  1.00647E-01  1.00647E-01  1.00647E-01  1.00647E-01  1.00647E-01  1.00647E-01  1.00647E-01  1.00647E-01  1.00647E-01  1.00647E-01  1.00647E-01  1.00647E-01  1.00647E-01  1.00647E-01  1.00647E-01  1.00647E-01  1.00647E-01  1.00647E-01  1.00647E-01
   24201   2  0.00000E+00  0.00000E+00  0.00000E+00  0.00000E+00  0.00000E+00  0.00000E+00  0.00000E+00  0.00000E+00  0.00000E+00  0.00000E+00  0.00000E+00  0.00000E+00  0.00000E+00  0.00000E+00  0.00000E+00  0.00000E+00  0.00000E+00  0.00000E+00  0.00000E+00  0.00000E+00  0.00000E+00  0.00000E+00  0.00000E+00  0.00000E+00
   24201   1  0.00000E+00  0.00000E+00  0.00000E+00  0.00000E+00  0.00000E+00  0.00000E+00  0.00000E+00  0.00000E+00  0.00000E+00  0.00000E+00  0.00000E+00  0.00000E+00  0.00000E+00  0.00000E+00  0.00000E+00  0.00000E+00  0.00000E+00  0.00000E+00  0.00000E+00  0.00000E+00  0.00000E+00  0.00000E+00  0.00000E+00  0.00000E+00
   24554   4  4.26737E+00  4.26737E+00  4.26737E+00  4.26737E+00  4.26737E+00  4.26737E+00  4.26737E+00  4.26737E+00  4.26737E+00  4.26737E+00  4.26737E+00  4.26737E+00  4.26737E+00  4.26737E+00  4.26737E+00  4.26737E+00  4.26737E+00  4.26737E+00  4.26737E+00  4.26737E+00  4.26737E+00  4.26737E+00  4.26737E+00  4.26737E+00
   24904   3  6.27753E+00  6.27753E+00  6.27753E+00  6.27753E+00  6.27753E+00  3.03293E-01  3.03293E-01  3.03293E-01  3.03293E-01  3.03293E-01  3.03293E-01  3.03293E-01  3.03293E-01  6.27753E+00  6.27753E+00  6.27753E+00  6.27753E+00  6.27753E+00  6.27753E+00  6.27753E+00  6.27753E+00  6.27753E+00  6.27753E+00  6.27753E+00
   24904   4  8.16374E-01  8.16374E-01  8.16374E-01  8.16374E-01  8.16374E-01  8.16374E-01  8.16374E-01  8.16374E-01  8.16374E-01  8.16374E-01  8.16374E-01  8.16374E-01  8.16374E-01  8.16374E-01  8.16374E-01  8.16374E-01  8.16374E-01  8.16374E-01  8.16374E-01  8.16374E-01  8.16374E-01  8.16374E-01  8.16374E-01  8.16374E-01
   25257   4  1.13943E+01  1.13943E+01  1.13943E+01  1.13943E+01  1.13943E+01  1.13943E+01  1.13943E+01  1.13943E+01  1.13943E+01  1.13943E+01  1.13943E+01  1.13943E+01  1.13943E+01  1.13943E+01  1.13943E+01  1.13943E+01  1.13943E+01  1.13943E+01  1.13943E+01  1.13943E+01  1.13943E+01  1.13943E+01  1.13943E+01  1.13943E+01
   25257   3  1.20935E-02  1.20935E-02  1.20935E-02  1.20935E-02  1.20935E-02  1.20935E-02  1.20935E-02  1.20935E-02  1.20935E-02  1.20935E-02  1.20935E-02  1.20935E-02  1.20935E-02  1.20935E-02  1.20935E-02  1.20935E-02  1.20935E-02  1.20935E-02  1.20935E-02  1.20935E-02  1.20935E-02  1.20935E-02  1.20935E-02  1.20935E-02
   24904   7  1.97014E+00  1.97014E+00  1.97014E+00  1.97014E+00  1.97014E+00  1.97014E+00  1.97014E+00  1.97014E+00  1.97014E+00  1.97014E+00  1.97014E+00  1.97014E+00  1.97014E+00  1.97014E+00  1.97014E+00  1.97014E+00  1.97014E+00  1.97014E+00  1.97014E+00  1.97014E+00  1.97014E+00  1.97014E+00  1.97014E+00  1.97014E+00
   24904   1  4.76389E-02  4.76389E-02  4.76389E-02  4.76389E-02  4.76389E-02  4.76389E-02  4.76389E-02  4.76389E-02  4.76389E-02  4.76389E-02  4.76389E-02  4.76389E-02  4.76389E-02  4.76389E-02  4.76389E-02  4.76389E-02  4.76389E-02  4.76389E-02  4.76389E-02  4.76389E-02  4.76389E-02  4.76389E-02  4.76389E-02  4.76389E-02
   23850   3  8.08754E+00  8.08754E+00  8.08754E+00  8.08754E+00  8.08754E+00  8.08754E+00  8.08754E+00  8.08754E+00  8.08754E+00  8.08754E+00  8.08754E+00  8.08754E+00  8.08754E+00  8.08776E+00  8.08776E+00  8.08776E+00  8.08776E+00  8.08776E+00  8.08776E+00  8.08776E+00  8.08776E+00  8.08754E+00  8.08754E+00  8.08754E+00
   23850   4  7.87463E-03  7.87463E-03  7.87463E-03  7.87463E-03  7.87463E-03  7.87463E-03  7.87463E-03  7.87463E-03  7.87463E-03  7.87463E-03  7.87463E-03  7.87463E-03  7.87463E-03  7.87463E-03  7.87463E-03  7.87463E-03  7.87463E-03  7.87463E-03  7.87463E-03  7.87463E-03  7.87463E-03  7.87463E-03  7.87463E-03  7.87463E-03
   25616   4  0.00000E+00  0.00000E+00  0.00000E+00  0.00000E+00  0.00000E+00  0.00000E+00  0.00000E+00  0.00000E+00  0.00000E+00  0.00000E+00  0.00000E+00  0.00000E+00  0.00000E+00  0.00000E+00  0.00000E+00  0.00000E+00  0.00000E+00  0.00000E+00  0.00000E+00  0.00000E+00  0.00000E+00  0.00000E+00  0.00000E+00  0.00000E+00
   27883   2  7.74222E+00  7.62764E+00  7.20206E+00  6.49822E+00  5.76165E+00  4.87041E+00  4.50964E+00  4.32925E+00  4.26912E+00  4.38938E+00  4.75015E+00  5.32137E+00  6.05795E+00  6.50891E+00  6.86968E+00  7.18536E+00  7.30562E+00  7.42587E+00  7.47097E+00  7.53110E+00  7.51607E+00  7.47097E+00  7.35071E+00  7.17033E+00
   18690   2  3.83917E+00  3.78236E+00  3.57132E+00  3.22231E+00  2.85706E+00  2.41512E+00  2.23622E+00  2.14677E+00  2.11695E+00  2.17659E+00  2.35548E+00  2.63874E+00  3.00399E+00  3.22761E+00  3.40651E+00  3.56304E+00  3.62267E+00  3.68231E+00  3.70467E+00  3.73449E+00  3.72703E+00  3.70467E+00  3.64504E+00  3.55559E+00
   19395   3  0.00000E+00  0.00000E+00  0.00000E+00  0.00000E+00  0.00000E+00  0.00000E+00  0.00000E+00  0.00000E+00  0.00000E+00  0.00000E+00  0.00000E+00  0.00000E+00  0.00000E+00  0.00000E+00  0.00000E+00  0.00000E+00  0.00000E+00  0.00000E+00  0.00000E+00  0.00000E+00  0.00000E+00  0.00000E+00  0.00000E+00  0.00000E+00
   19395   2  0.00000E+00  0.00000E+00  0.00000E+00  0.00000E+00  0.00000E+00  0.00000E+00  0.00000E+00  0.00000E+00  0.00000E+00  0.00000E+00  0.00000E+00  0.00000E+00  0.00000E+00  0.00000E+00  0.00000E+00  0.00000E+00  0.00000E+00  0.00000E+00  0.00000E+00  0.00000E+00  0.00000E+00  0.00000E+00  0.00000E+00  0.00000E+00
   30002   2  5.10519E+00  5.02964E+00  4.74901E+00  4.28490E+00  3.79921E+00  3.21153E+00  2.97364E+00  2.85469E+00  2.81505E+00  2.89434E+00  3.13223E+00  3.50890E+00  3.99459E+00  4.29195E+00  4.52985E+00  4.73800E+00  4.81730E+00  4.89659E+00  4.92633E+00  4.96598E+00  4.95607E+00  4.92633E+00  4.84703E+00  4.72809E+00
   30355   1  0.00000E+00  0.00000E+00  0.00000E+00  0.00000E+00  0.00000E+00  0.00000E+00  0.00000E+00  0.00000E+00  0.00000E+00  0.00000E+00  0.00000E+00  0.00000E+00  0.00000E+00  0.00000E+00  0.00000E+00  0.00000E+00  0.00000E+00  0.00000E+00  0.00000E+00  0.00000E+00  0.00000E+00  0.00000E+00  0.00000E+00  0.00000E+00
   29995   4  2.00499E-01  1.97532E-01  1.86511E-01  1.68284E-01  1.49209E-01  1.26128E-01  1.16786E-01  1.12114E-01  1.10557E-01  1.13671E-01  1.23014E-01  1.37807E-01  1.56882E-01  1.68560E-01  1.77903E-01  1.86078E-01  1.89193E-01  1.92307E-01  1.93475E-01  1.95032E-01  1.94642E-01  1.93475E-01  1.90360E-01  1.85689E-01
   31274   3  3.34837E-01  3.34837E-01  3.34837E-01  3.34837E-01  3.34837E-01  3.34837E-01  3.34837E-01  3.34837E-01  3.34837E-01  3.34837E-01  3.34837E-01  3.34837E-01  3.34837E-01  3.34837E-01  3.34837E-01  3.34837E-01  3.34837E-01  3.34837E-01  3.34837E-01  3.34837E-01  3.34837E-01  3.34837E-01  3.34837E-01  3.34837E-01
   31274   4  0.00000E+00  0.00000E+00  0.00000E+00  0.00000E+00  0.00000E+00  0.00000E+00  0.00000E+00  0.00000E+00  0.00000E+00  0.00000E+00  0.00000E+00  0.00000E+00  0.00000E+00  0.00000E+00  0.00000E+00  0.00000E+00  0.00000E+00  0.00000E+00  0.00000E+00  0.00000E+00  0.00000E+00  0.00000E+00  0.00000E+00  0.00000E+00
   31274   2  0.00000E+00  0.00000E+00  0.00000E+00  0.00000E+00  0.00000E+00  0.00000E+00  0.00000E+00  0.00000E+00  0.00000E+00  0.00000E+00  0.00000E+00  0.00000E+00  0.00000E+00  0.00000E+00  0.00000E+00  0.00000E+00  0.00000E+00  0.00000E+00  0.00000E+00  0.00000E+00  0.00000E+00  0.00000E+00  0.00000E+00  0.00000E+00
   30921   4  0.00000E+00  0.00000E+00  0.00000E+00  0.00000E+00  0.00000E+00  0.00000E+00  0.00000E+00  0.00000E+00  0.00000E+00  0.00000E+00  0.00000E+00  0.00000E+00  0.00000E+00  0.00000E+00  0.00000E+00  0.00000E+00  0.00000E+00  0.00000E+00  0.00000E+00  0.00000E+00  0.00000E+00  0.00000E+00  0.00000E+00  0.00000E+00
   31274   7  2.42431E-01  2.42431E-01  2.42431E-01  2.42431E-01  2.42431E-01  2.42431E-01  2.42431E-01  2.42431E-01  2.42431E-01  2.42431E-01  2.42431E-01  2.42431E-01  2.42431E-01  2.42431E-01  2.42431E-01  2.42431E-01  2.42431E-01  2.42431E-01  2.42431E-01  2.42431E-01  2.42431E-01  2.42431E-01  2.42431E-01  2.42431E-01
   35839   3  0.00000E+00  0.00000E+00  0.00000E+00  0.00000E+00  0.00000E+00  0.00000E+00  0.00000E+00  0.00000E+00  0.00000E+00  0.00000E+00  0.00000E+00  0.00000E+00  0.00000E+00  0.00000E+00  0.00000E+00  0.00000E+00  0.00000E+00  0.00000E+00  0.00000E+00  0.00000E+00  0.00000E+00  0.00000E+00  0.00000E+00  0.00000E+00
   37257   7  1.99923E-01  1.99923E-01  1.99923E-01  1.99923E-01  1.99923E-01  1.99923E-01  1.99923E-01  1.99923E-01  1.99923E-01  1.99923E-01  1.99923E-01  1.99923E-01  1.99923E-01  1.99923E-01  1.99923E-01  1.99923E-01  1.99923E-01  1.99923E-01  1.99923E-01  1.99923E-01  1.99923E-01  1.99923E-01  1.99923E-01  1.99923E-01
   31605   4  8.74956E+00  8.74956E+00  8.74956E+00  8.74956E+00  8.74956E+00  8.74956E+00  8.74956E+00  8.74956E+00  8.74956E+00  8.74956E+00  8.74956E+00  8.74956E+00  8.74956E+00  8.74956E+00  8.74956E+00  8.74956E+00  8.74956E+00  8.74956E+00  8.74956E+00  8.74956E+00  8.74956E+00  8.74956E+00  8.74956E+00  8.74956E+00
   31252   3  7.27172E-02  7.27172E-02  7.27172E-02  7.27172E-02  7.27172E-02  7.27172E-02  7.27172E-02  7.27172E-02  7.27172E-02  7.27172E-02  7.27172E-02  7.27172E-02  7.27172E-02  7.27172E-02  7.27172E-02  7.27172E-02  7.27172E-02  7.27172E-02  7.27172E-02  7.27172E-02  7.27172E-02  7.27172E-02  7.27172E-02  7.27172E-02
   31958   4  1.95414E-02  1.95414E-02  1.95414E-02  1.95414E-02  1.95414E-02  1.95414E-02  1.95414E-02  1.95414E-02  1.95414E-02  1.95414E-02  1.95414E-02  1.95414E-02  1.95414E-02  1.95414E-02  1.95414E-02  1.95414E-02  1.95414E-02  1.95414E-02  1.95414E-02  1.95414E-02  1.95414E-02  1.95414E-02  1.95414E-02  1.95414E-02
   31252   2  4.15780E-02  4.15780E-02  4.15780E-02  4.15780E-02  4.15780E-02  4.15780E-02  4.15780E-02  4.15780E-02  4.15780E-02  4.15780E-02  4.15780E-02  4.15780E-02  4.15780E-02  4.15780E-02  4.15780E-02  4.15780E-02  4.15780E-02  4.15780E-02  4.15780E-02  4.15780E-02  4.15780E-02  4.15780E-02  4.15780E-02  4.15780E-02
   31253   7  7.49458E+00  7.49458E+00  7.49458E+00  7.49458E+00  7.49458E+00  0.00000E+00  0.00000E+00  0.00000E+00  0.00000E+00  0.00000E+00  0.00000E+00  0.00000E+00  7.49458E+00  7.96060E+00  7.96060E+00  7.96060E+00  7.96060E+00  7.96060E+00  7.96060E+00  7.96060E+00  7.96060E+00  7.49458E+00  7.49458E+00  7.49458E+00
   31605   3  2.92939E-02  2.92939E-02  2.92939E-02  2.92939E-02  2.92939E-02  4.02171E-03  4.02171E-03  4.02171E-03  4.02171E-03  4.02171E-03  4.02171E-03  4.02171E-03  4.02171E-03  2.92939E-02  2.92939E-02  2.92939E-02  2.92939E-02  2.92939E-02  2.92939E-02  2.92939E-02  2.92939E-02  2.92939E-02  2.92939E-02  2.92939E-02
   31958   3  2.20178E+00  2.20178E+00  2.20178E+00  2.20178E+00  2.20178E+00  2.20178E+00  2.20178E+00  2.20178E+00  2.20178E+00  2.20178E+00  2.20178E+00  2.20178E+00  2.20178E+00  2.20178E+00  2.20178E+00  2.20178E+00  2.20178E+00  2.20178E+00  2.20178E+00  2.20178E+00  2.20178E+00  2.20178E+00  2.20178E+00  2.20178E+00
   31958   5  0.00000E+00  0.00000E+00  0.00000E+00  0.00000E+00  0.00000E+00  0.00000E+00  0.00000E+00  0.00000E+00  0.00000E+00  0.00000E+00  0.00000E+00  0.00000E+00  0.00000E+00  0.00000E+00  0.00000E+00  0.00000E+00  0.00000E+00  0.00000E+00  0.00000E+00  0.00000E+00  0.00000E+00  0.00000E+00  0.00000E+00  0.00000E+00
   31252   4  1.41664E-01  1.41664E-01  1.41664E-01  1.41664E-01  1.41664E-01  1.41664E-01  1.41664E-01  1.41664E-01  1.41664E-01  1.41664E-01  1.41664E-01  1.41664E-01  1.41664E-01  1.41664E-01  1.41664E-01  1.41664E-01  1.41664E-01  1.41664E-01  1.41664E-01  1.41664E-01  1.41664E-01  1.41664E-01  1.41664E-01  1.41664E-01
   31604   4  2.38440E+00  2.38440E+00  2.38440E+00  2.38440E+00  2.38440E+00  2.38440E+00  2.38440E+00  2.38440E+00  2.38440E+00  2.38440E+00  2.38440E+00  2.38440E+00  2.38440E+00  2.38440E+00  2.38440E+00  2.38440E+00  2.38440E+00  2.38440E+00  2.38440E+00  2.38440E+00  2.38440E+00  2.38440E+00  2.38440E+00  2.38440E+00
   31604   1  1.03313E-01  1.03313E-01  1.03313E-01  1.03313E-01  1.03313E-01  1.03313E-01  1.03313E-01  1.03313E-01  1.03313E-01  1.03313E-01  1.03313E-01  1.03313E-01  1.03313E-01  1.03313E-01  1.03313E-01  1.03313E-01  1.03313E-01  1.03313E-01  1.03313E-01  1.03313E-01  1.03313E-01  1.03313E-01  1.03313E-01  1.03313E-01
   31605   2  1.31476E-01  1.31476E-01  1.31476E-01  1.31476E-01  1.31476E-01  1.31476E-01  1.31476E-01  1.31476E-01  1.31476E-01  1.31476E-01  1.31476E-01  1.31476E-01  1.31476E-01  1.31476E-01  1.31476E-01  1.31476E-01  1.31476E-01  1.31476E-01  1.31476E-01  1.31476E-01  1.31476E-01  1.31476E-01  1.31476E-01  1.31476E-01
   31958   7  3.62916E+00  3.62916E+00  3.62916E+00  3.62916E+00  3.62916E+00  3.62916E+00  3.62916E+00  3.62916E+00  3.62916E+00  3.62916E+00  3.62916E+00  3.62916E+00  3.62916E+00  3.62916E+00  3.62916E+00  3.62916E+00  3.62916E+00  3.62916E+00  3.62916E+00  3.62916E+00  3.62916E+00  3.62916E+00  3.62916E+00  3.62916E+00
   31253   4  1.24283E-01  1.24283E-01  1.24283E-01  1.24283E-01  1.24283E-01  1.24283E-01  1.24283E-01  1.24283E-01  1.24283E-01  1.24283E-01  1.24283E-01  1.24283E-01  1.24283E-01  1.24283E-01  1.24283E-01  1.24283E-01  1.24283E-01  1.24283E-01  1.24283E-01  1.24283E-01  1.24283E-01  1.24283E-01  1.24283E-01  1.24283E-01
   31959   3  4.38315E-04  4.38315E-04  4.38315E-04  4.38315E-04  4.38315E-04  0.00000E+00  0.00000E+00  0.00000E+00  0.00000E+00  0.00000E+00  0.00000E+00  0.00000E+00  0.00000E+00  4.38315E-04  4.38315E-04  4.38315E-04  4.38315E-04  4.38315E-04  4.38315E-04  4.38315E-04  4.38315E-04  4.38315E-04  4.38315E-04  4.38315E-04
   31959   4  1.45715E-02  1.45715E-02  1.45715E-02  1.45715E-02  1.45715E-02  1.45715E-02  1.45715E-02  1.45715E-02  1.45715E-02  1.45715E-02  1.45715E-02  1.45715E-02  1.45715E-02  1.45715E-02  1.45715E-02  1.45715E-02  1.45715E-02  1.45715E-02  1.45715E-02  1.45715E-02  1.45715E-02  1.45715E-02  1.45715E-02  1.45715E-02
   30564   3  0.00000E+00  0.00000E+00  0.00000E+00  0.00000E+00  0.00000E+00  0.00000E+00  0.00000E+00  0.00000E+00  0.00000E+00  0.00000E+00  0.00000E+00  0.00000E+00  0.00000E+00  0.00000E+00  0.00000E+00  0.00000E+00  0.00000E+00  0.00000E+00  0.00000E+00  0.00000E+00  0.00000E+00  0.00000E+00  0.00000E+00  0.00000E+00
   30564   2  0.00000E+00  0.00000E+00  0.00000E+00  0.00000E+00  0.00000E+00  0.00000E+00  0.00000E+00  0.00000E+00  0.00000E+00  0.00000E+00  0.00000E+00  0.00000E+00  0.00000E+00  0.00000E+00  0.00000E+00  0.00000E+00  0.00000E+00  0.00000E+00  0.00000E+00  0.00000E+00  0.00000E+00  0.00000E+00  0.00000E+00  0.00000E+00
   30924   3  1.29735E-01  1.29735E-01  1.29735E-01  1.29735E-01  1.29735E-01  1.29735E-01  1.29735E-01  1.29735E-01  1.29735E-01  1.29735E-01  1.29735E-01  1.29735E-01  1.29735E-01  1.29735E-01  1.29735E-01  1.29735E-01  1.29735E-01  1.29735E-01  1.29735E-01  1.29735E-01  1.29735E-01  1.29735E-01  1.29735E-01  1.29735E-01
   30924   2  3.46643E-01  3.46643E-01  3.46643E-01  3.46643E-01  3.46643E-01  3.46643E-01  3.46643E-01  3.46643E-01  3.46643E-01  3.46643E-01  3.46643E-01  3.46643E-01  3.46643E-01  3.46643E-01  3.46643E-01  3.46643E-01  3.46643E-01  3.46643E-01  3.46643E-01  3.46643E-01  3.46643E-01  3.46643E-01  3.46643E-01  3.46643E-01
   30193   2  0.00000E+00  0.00000E+00  0.00000E+00  0.00000E+00  0.00000E+00  0.00000E+00  0.00000E+00  0.00000E+00  0.00000E+00  0.00000E+00  0.00000E+00  0.00000E+00  0.00000E+00  0.00000E+00  0.00000E+00  0.00000E+00  0.00000E+00  0.00000E+00  0.00000E+00  0.00000E+00  0.00000E+00  0.00000E+00  0.00000E+00  0.00000E+00
   29840   3  0.00000E+00  0.00000E+00  0.00000E+00  0.00000E+00  0.00000E+00  0.00000E+00  0.00000E+00  0.00000E+00  0.00000E+00  0.00000E+00  0.00000E+00  0.00000E+00  0.00000E+00  0.00000E+00  0.00000E+00  0.00000E+00  0.00000E+00  0.00000E+00  0.00000E+00  0.00000E+00  0.00000E+00  0.00000E+00  0.00000E+00  0.00000E+00
   33035   3  0.00000E+00  0.00000E+00  0.00000E+00  0.00000E+00  0.00000E+00  0.00000E+00  0.00000E+00  0.00000E+00  0.00000E+00  0.00000E+00  0.00000E+00  0.00000E+00  0.00000E+00  0.00000E+00  0.00000E+00  0.00000E+00  0.00000E+00  0.00000E+00  0.00000E+00  0.00000E+00  0.00000E+00  0.00000E+00  0.00000E+00  0.00000E+00
   33035   2  0.00000E+00  0.00000E+00  0.00000E+00  0.00000E+00  0.00000E+00  0.00000E+00  0.00000E+00  0.00000E+00  0.00000E+00  0.00000E+00  0.00000E+00  0.00000E+00  0.00000E+00  0.00000E+00  0.00000E+00  0.00000E+00  0.00000E+00  0.00000E+00  0.00000E+00  0.00000E+00  0.00000E+00  0.00000E+00  0.00000E+00  0.00000E+00
   47753   3  8.09421E-03  8.09421E-03  8.09421E-03  8.09421E-03  8.09421E-03  8.09421E-03  8.09421E-03  8.09421E-03  8.09421E-03  8.09421E-03  8.09421E-03  8.09421E-03  8.09421E-03  8.09421E-03  8.09421E-03  8.09421E-03  8.09421E-03  8.09421E-03  8.09421E-03  8.09421E-03  8.09421E-03  8.09421E-03  8.09421E-03  8.09421E-03
   47753   4  6.52307E-02  6.52307E-02  6.52307E-02  6.52307E-02  6.52307E-02  6.52307E-02  6.52307E-02  6.52307E-02  6.52307E-02  6.52307E-02  6.52307E-02  6.52307E-02  6.52307E-02  6.52307E-02  6.52307E-02  6.52307E-02  6.52307E-02  6.52307E-02  6.52307E-02  6.52307E-02  6.52307E-02  6.52307E-02  6.52307E-02  6.52307E-02
   48458   4  5.94538E-02  5.94538E-02  5.94538E-02  5.94538E-02  5.94538E-02  5.94538E-02  5.94538E-02  5.94538E-02  5.94538E-02  5.94538E-02  5.94538E-02  5.94538E-02  5.94538E-02  5.94538E-02  5.94538E-02  5.94538E-02  5.94538E-02  5.94538E-02  5.94538E-02  5.94538E-02  5.94538E-02  5.94538E-02  5.94538E-02  5.94538E-02
   48458   2  0.00000E+00  0.00000E+00  0.00000E+00  0.00000E+00  0.00000E+00  0.00000E+00  0.00000E+00  0.00000E+00  0.00000E+00  0.00000E+00  0.00000E+00  0.00000E+00  0.00000E+00  0.00000E+00  0.00000E+00  0.00000E+00  0.00000E+00  0.00000E+00  0.00000E+00  0.00000E+00  0.00000E+00  0.00000E+00  0.00000E+00  0.00000E+00
   48458   3  0.00000E+00  0.00000E+00  0.00000E+00  0.00000E+00  0.00000E+00  0.00000E+00  0.00000E+00  0.00000E+00  0.00000E+00  0.00000E+00  0.00000E+00  0.00000E+00  0.00000E+00  0.00000E+00  0.00000E+00  0.00000E+00  0.00000E+00  0.00000E+00  0.00000E+00  0.00000E+00  0.00000E+00  0.00000E+00  0.00000E+00  0.00000E+00
   47047   7  9.81239E-02  9.81239E-02  9.81239E-02  9.81239E-02  9.81239E-02  9.81239E-02  9.81239E-02  9.81239E-02  9.81239E-02  9.81239E-02  9.81239E-02  9.81239E-02  9.81239E-02  9.81239E-02  9.81239E-02  9.81239E-02  9.81239E-02  9.81239E-02  9.81239E-02  9.81239E-02  9.81239E-02  9.81239E-02  9.81239E-02  9.81239E-02
   47753   7  3.28154E+00  3.28154E+00  3.28154E+00  3.28154E+00  3.28154E+00  3.28154E+00  3.28154E+00  3.28154E+00  3.28154E+00  3.28154E+00  3.28154E+00  3.28154E+00  3.28154E+00  3.28154E+00  3.28154E+00  3.28154E+00  3.28154E+00  3.28154E+00  3.28154E+00  3.28154E+00  3.28154E+00  3.28154E+00  3.28154E+00  3.28154E+00
   43182   3  3.27562E-03  3.27562E-03  3.27562E-03  3.27562E-03  3.27562E-03  3.05520E-03  3.05520E-03  3.05520E-03  3.05520E-03  3.05520E-03  3.05520E-03  3.05520E-03  3.05520E-03  6.45195E-03  6.45195E-03  6.45195E-03  6.45195E-03  6.45195E-03  6.45195E-03  6.45195E-03  6.45195E-03  3.27562E-03  3.27562E-03  3.27562E-03
   43182   4  2.50632E-01  2.50632E-01  2.50632E-01  2.50632E-01  2.50632E-01  2.50632E-01  2.50632E-01  2.50632E-01  2.50632E-01  2.50632E-01  2.50632E-01  2.50632E-01  2.50632E-01  2.50632E-01  2.50632E-01  2.50632E-01  2.50632E-01  2.50632E-01  2.50632E-01  2.50632E-01  2.50632E-01  2.50632E-01  2.50632E-01  2.50632E-01
   43182   8  0.00000E+00  0.00000E+00  0.00000E+00  0.00000E+00  0.00000E+00  0.00000E+00  0.00000E+00  0.00000E+00  0.00000E+00  0.00000E+00  0.00000E+00  0.00000E+00  0.00000E+00  0.00000E+00  0.00000E+00  0.00000E+00  0.00000E+00  0.00000E+00  0.00000E+00  0.00000E+00  0.00000E+00  0.00000E+00  0.00000E+00  0.00000E+00
   42477   3  0.00000E+00  0.00000E+00  0.00000E+00  0.00000E+00  0.00000E+00  0.00000E+00  0.00000E+00  0.00000E+00  0.00000E+00  0.00000E+00  0.00000E+00  0.00000E+00  0.00000E+00  0.00000E+00  0.00000E+00  0.00000E+00  0.00000E+00  0.00000E+00  0.00000E+00  0.00000E+00  0.00000E+00  0.00000E+00  0.00000E+00  0.00000E+00
   42477   2  0.00000E+00  0.00000E+00  0.00000E+00  0.00000E+00  0.00000E+00  0.00000E+00  0.00000E+00  0.00000E+00  0.00000E+00  0.00000E+00  0.00000E+00  0.00000E+00  0.00000E+00  0.00000E+00  0.00000E+00  0.00000E+00  0.00000E+00  0.00000E+00  0.00000E+00  0.00000E+00  0.00000E+00  0.00000E+00  0.00000E+00  0.00000E+00
   43182   7  2.96616E+00  2.96616E+00  2.96616E+00  2.96616E+00  2.96616E+00  2.96616E+00  2.96616E+00  2.96616E+00  2.96616E+00  2.96616E+00  2.96616E+00  2.96616E+00  2.96616E+00  2.96616E+00  2.96616E+00  2.96616E+00  2.96616E+00  2.96616E+00  2.96616E+00  2.96616E+00  2.96616E+00  2.96616E+00  2.96616E+00  2.96616E+00
   50582   3  2.15685E-01  2.15685E-01  2.15685E-01  2.15685E-01  2.15685E-01  2.15685E-01  2.15685E-01  2.15685E-01  2.15685E-01  2.15685E-01  2.15685E-01  2.15685E-01  2.15685E-01  2.15685E-01  2.15685E-01  2.15685E-01  2.15685E-01  2.15685E-01  2.15685E-01  2.15685E-01  2.15685E-01  2.15685E-01  2.15685E-01  2.15685E-01
   46700   3  3.65337E-03  3.65337E-03  3.65337E-03  3.65337E-03  3.65337E-03  3.65337E-03  3.65337E-03  3.65337E-03  3.65337E-03  3.65337E-03  3.65337E-03  3.65337E-03  3.65337E-03  3.65337E-03  3.65337E-03  3.65337E-03  3.65337E-03  3.65337E-03  3.65337E-03  3.65337E-03  3.65337E-03  3.65337E-03  3.65337E-03  3.65337E-03
   36485   4  0.00000E+00  0.00000E+00  0.00000E+00  0.00000E+00  0.00000E+00  0.00000E+00  0.00000E+00  0.00000E+00  0.00000E+00  0.00000E+00  0.00000E+00  0.00000E+00  0.00000E+00  0.00000E+00  0.00000E+00  0.00000E+00  0.00000E+00  0.00000E+00  0.00000E+00  0.00000E+00  0.00000E+00  0.00000E+00  0.00000E+00  0.00000E+00
   36485   6  0.00000E+00  0.00000E+00  0.00000E+00  0.00000E+00  0.00000E+00  0.00000E+00  0.00000E+00  0.00000E+00  0.00000E+00  0.00000E+00  0.00000E+00  0.00000E+00  0.00000E+00  0.00000E+00  0.00000E+00  0.00000E+00  0.00000E+00  0.00000E+00  0.00000E+00  0.00000E+00  0.00000E+00  0.00000E+00  0.00000E+00  0.00000E+00
   36485   5  0.00000E+00  0.00000E+00  0.00000E+00  0.00000E+00  0.00000E+00  0.00000E+00  0.00000E+00  0.00000E+00  0.00000E+00  0.00000E+00  0.00000E+00  0.00000E+00  0.00000E+00  0.00000E+00  0.00000E+00  0.00000E+00  0.00000E+00  0.00000E+00  0.00000E+00  0.00000E+00  0.00000E+00  0.00000E+00  0.00000E+00  0.00000E+00
   36485   3  0.00000E+00  0.00000E+00  0.00000E+00  0.00000E+00  0.00000E+00  0.00000E+00  0.00000E+00  0.00000E+00  0.00000E+00  0.00000E+00  0.00000E+00  0.00000E+00  0.00000E+00  0.00000E+00  0.00000E+00  0.00000E+00  0.00000E+00  0.00000E+00  0.00000E+00  0.00000E+00  0.00000E+00  0.00000E+00  0.00000E+00  0.00000E+00
   36485   2  0.00000E+00  0.00000E+00  0.00000E+00  0.00000E+00  0.00000E+00  0.00000E+00  0.00000E+00  0.00000E+00  0.00000E+00  0.00000E+00  0.00000E+00  0.00000E+00  0.00000E+00  0.00000E+00  0.00000E+00  0.00000E+00  0.00000E+00  0.00000E+00  0.00000E+00  0.00000E+00  0.00000E+00  0.00000E+00  0.00000E+00  0.00000E+00
   37192   2  0.00000E+00  0.00000E+00  0.00000E+00  0.00000E+00  0.00000E+00  0.00000E+00  0.00000E+00  0.00000E+00  0.00000E+00  0.00000E+00  0.00000E+00  0.00000E+00  0.00000E+00  0.00000E+00  0.00000E+00  0.00000E+00  0.00000E+00  0.00000E+00  0.00000E+00  0.00000E+00  0.00000E+00  0.00000E+00  0.00000E+00  0.00000E+00
   36485   7  4.56337E+00  4.56337E+00  4.56337E+00  4.56337E+00  4.56337E+00  4.56337E+00  4.56337E+00  4.56337E+00  4.56337E+00  4.56337E+00  4.56337E+00  4.56337E+00  4.56337E+00  4.56337E+00  4.56337E+00  4.56337E+00  4.56337E+00  4.56337E+00  4.56337E+00  4.56337E+00  4.56337E+00  4.56337E+00  4.56337E+00  4.56337E+00
   35437   3  0.00000E+00  0.00000E+00  0.00000E+00  0.00000E+00  0.00000E+00  0.00000E+00  0.00000E+00  0.00000E+00  0.00000E+00  0.00000E+00  0.00000E+00  0.00000E+00  0.00000E+00  0.00000E+00  0.00000E+00  0.00000E+00  0.00000E+00  0.00000E+00  0.00000E+00  0.00000E+00  0.00000E+00  0.00000E+00  0.00000E+00  0.00000E+00
   46351   7  1.98648E+00  1.98648E+00  1.98648E+00  1.98648E+00  1.98648E+00  1.98648E+00  1.98648E+00  1.98648E+00  1.98648E+00  1.98648E+00  1.98648E+00  1.98648E+00  1.98648E+00  1.98648E+00  1.98648E+00  1.98648E+00  1.98648E+00  1.98648E+00  1.98648E+00  1.98648E+00  1.98648E+00  1.98648E+00  1.98648E+00  1.98648E+00
   39310   3  1.54155E-04  1.54155E-04  1.54155E-04  1.54155E-04  1.54155E-04  1.54155E-04  1.54155E-04  1.54155E-04  1.54155E-04  1.54155E-04  1.54155E-04  1.54155E-04  1.54155E-04  1.54155E-04  1.54155E-04  1.54155E-04  1.54155E-04  1.54155E-04  1.54155E-04  1.54155E-04  1.54155E-04  1.54155E-04  1.54155E-04  1.54155E-04
   43177   3  0.00000E+00  0.00000E+00  0.00000E+00  0.00000E+00  0.00000E+00  0.00000E+00  0.00000E+00  0.00000E+00  0.00000E+00  0.00000E+00  0.00000E+00  0.00000E+00  0.00000E+00  0.00000E+00  0.00000E+00  0.00000E+00  0.00000E+00  0.00000E+00  0.00000E+00  0.00000E+00  0.00000E+00  0.00000E+00  0.00000E+00  0.00000E+00
   43177   2  0.00000E+00  0.00000E+00  0.00000E+00  0.00000E+00  0.00000E+00  0.00000E+00  0.00000E+00  0.00000E+00  0.00000E+00  0.00000E+00  0.00000E+00  0.00000E+00  0.00000E+00  0.00000E+00  0.00000E+00  0.00000E+00  0.00000E+00  0.00000E+00  0.00000E+00  0.00000E+00  0.00000E+00  0.00000E+00  0.00000E+00  0.00000E+00
   15453   3  1.61820E+02  1.61820E+02  1.61820E+02  1.61820E+02  1.61820E+02  1.61820E+02  1.61820E+02  1.61820E+02  1.61820E+02  1.61820E+02  1.61820E+02  1.61820E+02  1.61820E+02  1.61820E+02  1.61820E+02  1.61820E+02  1.61820E+02  1.61820E+02  1.61820E+02  1.61820E+02  1.61820E+02  1.61820E+02  1.61820E+02  1.61820E+02
   15453   2  0.00000E+00  0.00000E+00  0.00000E+00  0.00000E+00  0.00000E+00  0.00000E+00  0.00000E+00  0.00000E+00  0.00000E+00  0.00000E+00  0.00000E+00  0.00000E+00  0.00000E+00  0.00000E+00  0.00000E+00  0.00000E+00  0.00000E+00  0.00000E+00  0.00000E+00  0.00000E+00  0.00000E+00  0.00000E+00  0.00000E+00  0.00000E+00
   15098   3  9.76338E-03  9.76338E-03  9.76338E-03  9.76338E-03  9.76338E-03  9.76338E-03  9.76338E-03  9.76338E-03  9.76338E-03  9.76338E-03  9.76338E-03  9.76338E-03  9.76338E-03  9.76338E-03  9.76338E-03  9.76338E-03  9.76338E-03  9.76338E-03  9.76338E-03  9.76338E-03  9.76338E-03  9.76338E-03  9.76338E-03  9.76338E-03
   15450   3  7.80134E-02  7.80134E-02  7.80134E-02  7.80134E-02  7.80134E-02  7.80134E-02  7.80134E-02  7.80134E-02  7.80134E-02  7.80134E-02  7.80134E-02  7.80134E-02  7.80134E-02  7.80134E-02  7.80134E-02  7.80134E-02  7.80134E-02  7.80134E-02  7.80134E-02  7.80134E-02  7.80134E-02  7.80134E-02  7.80134E-02  7.80134E-02
   15808   3  3.50132E+01  3.50132E+01  3.50132E+01  3.50132E+01  3.50132E+01  3.50132E+01  3.50132E+01  3.50132E+01  3.50132E+01  3.50132E+01  3.50132E+01  3.50132E+01  3.50132E+01  3.50132E+01  3.50132E+01  3.50132E+01  3.50132E+01  3.50132E+01  3.50132E+01  3.50132E+01  3.50132E+01  3.50132E+01  3.50132E+01  3.50132E+01
   16524   3  2.82251E-01  2.82251E-01  2.82251E-01  2.82251E-01  2.82251E-01  2.82251E-01  2.82251E-01  2.82251E-01  2.82251E-01  2.82251E-01  2.82251E-01  2.82251E-01  2.82251E-01  2.82251E-01  2.82251E-01  2.82251E-01  2.82251E-01  2.82251E-01  2.82251E-01  2.82251E-01  2.82251E-01  2.82251E-01  2.82251E-01  2.82251E-01
   14756   5  0.00000E+00  0.00000E+00  0.00000E+00  0.00000E+00  0.00000E+00  0.00000E+00  0.00000E+00  0.00000E+00  0.00000E+00  0.00000E+00  0.00000E+00  0.00000E+00  0.00000E+00  0.00000E+00  0.00000E+00  0.00000E+00  0.00000E+00  0.00000E+00  0.00000E+00  0.00000E+00  0.00000E+00  0.00000E+00  0.00000E+00  0.00000E+00
   14756   4  2.21141E-03  2.21141E-03  2.21141E-03  2.21141E-03  2.21141E-03  2.21141E-03  2.21141E-03  2.21141E-03  2.21141E-03  2.21141E-03  2.21141E-03  2.21141E-03  2.21141E-03  2.21141E-03  2.21141E-03  2.21141E-03  2.21141E-03  2.21141E-03  2.21141E-03  2.21141E-03  2.21141E-03  2.21141E-03  2.21141E-03  2.21141E-03
   14756   3  2.29641E+01  2.29641E+01  2.29641E+01  2.29641E+01  2.29641E+01  2.29641E+01  2.29641E+01  2.29641E+01  2.29641E+01  2.29641E+01  2.29641E+01  2.29641E+01  2.29641E+01  2.29641E+01  2.29641E+01  2.29641E+01  2.29641E+01  2.29641E+01  2.29641E+01  2.29641E+01  2.29641E+01  2.29641E+01  2.29641E+01  2.29641E+01
   14756   1  0.00000E+00  0.00000E+00  0.00000E+00  0.00000E+00  0.00000E+00  0.00000E+00  0.00000E+00  0.00000E+00  0.00000E+00  0.00000E+00  0.00000E+00  0.00000E+00  0.00000E+00  0.00000E+00  0.00000E+00  0.00000E+00  0.00000E+00  0.00000E+00  0.00000E+00  0.00000E+00  0.00000E+00  0.00000E+00  0.00000E+00  0.00000E+00
   14756   2  9.13384E+00  9.13384E+00  9.13384E+00  9.13384E+00  9.13384E+00  9.13384E+00  9.13384E+00  9.13384E+00  9.13384E+00  9.13384E+00  9.13384E+00  9.13384E+00  9.13384E+00  9.13384E+00  9.13384E+00  9.13384E+00  9.13384E+00  9.13384E+00  9.13384E+00  9.13384E+00  9.13384E+00  9.13384E+00  9.13384E+00  9.13384E+00
   14756   7  1.37159E+01  1.37159E+01  1.37159E+01  1.37159E+01  1.37159E+01  1.37159E+01  1.37159E+01  1.37159E+01  1.37159E+01  1.37159E+01  1.37159E+01  1.37159E+01  1.37159E+01  1.37159E+01  1.37159E+01  1.37159E+01  1.37159E+01  1.37159E+01  1.37159E+01  1.37159E+01  1.37159E+01  1.37159E+01  1.37159E+01  1.37159E+01
   15810   3  3.08295E-01  3.08295E-01  3.08295E-01  3.08295E-01  3.08295E-01  3.08295E-01  3.08295E-01  3.08295E-01  3.08295E-01  3.08295E-01  3.08295E-01  3.08295E-01  3.08295E-01  3.08295E-01  3.08295E-01  3.08295E-01  3.08295E-01  3.08295E-01  3.08295E-01  3.08295E-01  3.08295E-01  3.08295E-01  3.08295E-01  3.08295E-01
   16516   3  8.19585E-02  8.19585E-02  8.19585E-02  8.19585E-02  8.19585E-02  8.19585E-02  8.19585E-02  8.19585E-02  8.19585E-02  8.19585E-02  8.19585E-02  8.19585E-02  8.19585E-02  8.19585E-02  8.19585E-02  8.19585E-02  8.19585E-02  8.19585E-02  8.19585E-02  8.19585E-02  8.19585E-02  8.19585E-02  8.19585E-02  8.19585E-02
   16161   3  2.95552E-02  2.95552E-02  2.95552E-02  2.95552E-02  2.95552E-02  2.95552E-02  2.95552E-02  2.95552E-02  2.95552E-02  2.95552E-02  2.95552E-02  2.95552E-02  2.95552E-02  2.95552E-02  2.95552E-02  2.95552E-02  2.95552E-02  2.95552E-02  2.95552E-02  2.95552E-02  2.95552E-02  2.95552E-02  2.95552E-02  2.95552E-02
   16162   3  6.25466E+01  6.25466E+01  6.25466E+01  6.25466E+01  6.25466E+01  6.25466E+01  6.25466E+01  6.25466E+01  6.25466E+01  6.25466E+01  6.25466E+01  6.25466E+01  6.25466E+01  6.25466E+01  6.25466E+01  6.25466E+01  6.25466E+01  6.25466E+01  6.25466E+01  6.25466E+01  6.25466E+01  6.25466E+01  6.25466E+01  6.25466E+01
   15105   3  1.95312E+02  1.95312E+02  1.95312E+02  1.95312E+02  1.95312E+02  1.95312E+02  1.95312E+02  1.95312E+02  1.95312E+02  1.95312E+02  1.95312E+02  1.95312E+02  1.95312E+02  1.95312E+02  1.95312E+02  1.95312E+02  1.95312E+02  1.95312E+02  1.95312E+02  1.95312E+02  1.95312E+02  1.95312E+02  1.95312E+02  1.95312E+02
   15104   3  6.49219E-01  6.49219E-01  6.49219E-01  6.49219E-01  6.49219E-01  6.49219E-01  6.49219E-01  6.49219E-01  6.49219E-01  6.49219E-01  6.49219E-01  6.49219E-01  6.49219E-01  6.49219E-01  6.49219E-01  6.49219E-01  6.49219E-01  6.49219E-01  6.49219E-01  6.49219E-01  6.49219E-01  6.49219E-01  6.49219E-01  6.49219E-01
   13688   3  9.65627E+01  9.65627E+01  9.65627E+01  9.65627E+01  9.65627E+01  9.65627E+01  9.65627E+01  9.65627E+01  9.65627E+01  9.65627E+01  9.65627E+01  9.65627E+01  9.65627E+01  9.65627E+01  9.65627E+01  9.65627E+01  9.65627E+01  9.65627E+01  9.65627E+01  9.65627E+01  9.65627E+01  9.65627E+01  9.65627E+01  9.65627E+01
   13688   4  5.84558E+00  5.84558E+00  5.84558E+00  5.84558E+00  5.84558E+00  5.84558E+00  5.84558E+00  5.84558E+00  5.84558E+00  5.84558E+00  5.84558E+00  5.84558E+00  5.84558E+00  5.84558E+00  5.84558E+00  5.84558E+00  5.84558E+00  5.84558E+00  5.84558E+00  5.84558E+00  5.84558E+00  5.84558E+00  5.84558E+00  5.84558E+00
   14743   3  7.38786E-03  7.38786E-03  7.38786E-03  7.38786E-03  7.38786E-03  7.38786E-03  7.38786E-03  7.38786E-03  7.38786E-03  7.38786E-03  7.38786E-03  7.38786E-03  7.38786E-03  7.38786E-03  7.38786E-03  7.38786E-03  7.38786E-03  7.38786E-03  7.38786E-03  7.38786E-03  7.38786E-03  7.38786E-03  7.38786E-03  7.38786E-03
   15813   3  1.45866E+01  1.45866E+01  1.45866E+01  1.45866E+01  1.45866E+01  1.45866E+01  1.45866E+01  1.45866E+01  1.45866E+01  1.45866E+01  1.45866E+01  1.45866E+01  1.45866E+01  1.45866E+01  1.45866E+01  1.45866E+01  1.45866E+01  1.45866E+01  1.45866E+01  1.45866E+01  1.45866E+01  1.45866E+01  1.45866E+01  1.45866E+01
   14408   4  5.84430E-02  5.84430E-02  5.84430E-02  5.84430E-02  5.84430E-02  5.84430E-02  5.84430E-02  5.84430E-02  5.84430E-02  5.84430E-02  5.84430E-02  5.84430E-02  5.84430E-02  5.84430E-02  5.84430E-02  5.84430E-02  5.84430E-02  5.84430E-02  5.84430E-02  5.84430E-02  5.84430E-02  5.84430E-02  5.84430E-02  5.84430E-02
   14053   3  1.13180E-02  1.13180E-02  1.13180E-02  1.13180E-02  1.13180E-02  1.13180E-02  1.13180E-02  1.13180E-02  1.13180E-02  1.13180E-02  1.13180E-02  1.13180E-02  1.13180E-02  1.13180E-02  1.13180E-02  1.13180E-02  1.13180E-02  1.13180E-02  1.13180E-02  1.13180E-02  1.13180E-02  1.13180E-02  1.13180E-02  1.13180E-02
   14408   3  1.19505E-01  1.19505E-01  1.19505E-01  1.19505E-01  1.19505E-01  1.19505E-01  1.19505E-01  1.19505E-01  1.19505E-01  1.19505E-01  1.19505E-01  1.19505E-01  1.19505E-01  1.19505E-01  1.19505E-01  1.19505E-01  1.19505E-01  1.19505E-01  1.19505E-01  1.19505E-01  1.19505E-01  1.19505E-01  1.19505E-01  1.19505E-01
   15469   3  3.88461E-01  3.88461E-01  3.88461E-01  3.88461E-01  3.88461E-01  3.88461E-01  3.88461E-01  3.88461E-01  3.88461E-01  3.88461E-01  3.88461E-01  3.88461E-01  3.88461E-01  3.88461E-01  3.88461E-01  3.88461E-01  3.88461E-01  3.88461E-01  3.88461E-01  3.88461E-01  3.88461E-01  3.88461E-01  3.88461E-01  3.88461E-01
   14761   3  0.00000E+00  0.00000E+00  0.00000E+00  0.00000E+00  0.00000E+00  0.00000E+00  0.00000E+00  0.00000E+00  0.00000E+00  0.00000E+00  0.00000E+00  0.00000E+00  0.00000E+00  0.00000E+00  0.00000E+00  0.00000E+00  0.00000E+00  0.00000E+00  0.00000E+00  0.00000E+00  0.00000E+00  0.00000E+00  0.00000E+00  0.00000E+00
   14763   2  2.96809E-01  2.96809E-01  2.96809E-01  2.96809E-01  2.96809E-01  2.96809E-01  2.96809E-01  2.96809E-01  2.96809E-01  2.96809E-01  2.96809E-01  2.96809E-01  2.96809E-01  2.96809E-01  2.96809E-01  2.96809E-01  2.96809E-01  2.96809E-01  2.96809E-01  2.96809E-01  2.96809E-01  2.96809E-01  2.96809E-01  2.96809E-01
   14763   3  1.77171E+00  1.77171E+00  1.77171E+00  1.77171E+00  1.77171E+00  1.77171E+00  1.77171E+00  1.77171E+00  1.77171E+00  1.77171E+00  1.77171E+00  1.77171E+00  1.77171E+00  1.77171E+00  1.77171E+00  1.77171E+00  1.77171E+00  1.77171E+00  1.77171E+00  1.77171E+00  1.77171E+00  1.77171E+00  1.77171E+00  1.77171E+00
   12640   3  0.00000E+00  0.00000E+00  0.00000E+00  0.00000E+00  0.00000E+00  0.00000E+00  0.00000E+00  0.00000E+00  0.00000E+00  0.00000E+00  0.00000E+00  0.00000E+00  0.00000E+00  0.00000E+00  0.00000E+00  0.00000E+00  0.00000E+00  0.00000E+00  0.00000E+00  0.00000E+00  0.00000E+00  0.00000E+00  0.00000E+00  0.00000E+00
   12657   2  0.00000E+00  0.00000E+00  0.00000E+00  0.00000E+00  0.00000E+00  0.00000E+00  0.00000E+00  0.00000E+00  0.00000E+00  0.00000E+00  0.00000E+00  0.00000E+00  0.00000E+00  0.00000E+00  0.00000E+00  0.00000E+00  0.00000E+00  0.00000E+00  0.00000E+00  0.00000E+00  0.00000E+00  0.00000E+00  0.00000E+00  0.00000E+00
   19635   3  1.59722E-02  1.59722E-02  1.59722E-02  1.59722E-02  1.59722E-02  0.00000E+00  0.00000E+00  0.00000E+00  0.00000E+00  0.00000E+00  0.00000E+00  0.00000E+00  0.00000E+00  1.59722E-02  1.59722E-02  1.59722E-02  1.59722E-02  1.59722E-02  1.59722E-02  1.59722E-02  1.59722E-02  1.59722E-02  1.59722E-02  1.59722E-02
   19635   4  5.58263E-03  5.58263E-03  5.58263E-03  5.58263E-03  5.58263E-03  5.58263E-03  5.58263E-03  5.58263E-03  5.58263E-03  5.58263E-03  5.58263E-03  5.58263E-03  5.58263E-03  5.58263E-03  5.58263E-03  5.58263E-03  5.58263E-03  5.58263E-03  5.58263E-03  5.58263E-03  5.58263E-03  5.58263E-03  5.58263E-03  5.58263E-03
   20341   3  2.14050E-02  2.14050E-02  2.14050E-02  2.14050E-02  2.14050E-02  2.14050E-02  2.14050E-02  2.14050E-02  2.14050E-02  2.14050E-02  2.14050E-02  2.14050E-02  2.14050E-02  2.14050E-02  2.14050E-02  2.14050E-02  2.14050E-02  2.14050E-02  2.14050E-02  2.14050E-02  2.14050E-02  2.14050E-02  2.14050E-02  2.14050E-02
   20337   3  0.00000E+00  0.00000E+00  0.00000E+00  0.00000E+00  0.00000E+00  0.00000E+00  0.00000E+00  0.00000E+00  0.00000E+00  0.00000E+00  0.00000E+00  0.00000E+00  0.00000E+00  0.00000E+00  0.00000E+00  0.00000E+00  0.00000E+00  0.00000E+00  0.00000E+00  0.00000E+00  0.00000E+00  0.00000E+00  0.00000E+00  0.00000E+00
   20337   4  1.52660E-03  1.52660E-03  1.52660E-03  1.52660E-03  1.52660E-03  1.52660E-03  1.52660E-03  1.52660E-03  1.52660E-03  1.52660E-03  1.52660E-03  1.52660E-03  1.52660E-03  1.52660E-03  1.52660E-03  1.52660E-03  1.52660E-03  1.52660E-03  1.52660E-03  1.52660E-03  1.52660E-03  1.52660E-03  1.52660E-03  1.52660E-03
   19641   4  5.06662E-03  5.06662E-03  5.06662E-03  5.06662E-03  5.06662E-03  5.06662E-03  5.06662E-03  5.06662E-03  5.06662E-03  5.06662E-03  5.06662E-03  5.06662E-03  5.06662E-03  5.06662E-03  5.06662E-03  5.06662E-03  5.06662E-03  5.06662E-03  5.06662E-03  5.06662E-03  5.06662E-03  5.06662E-03  5.06662E-03  5.06662E-03
   19283   4  7.37273E-03  7.37273E-03  7.37273E-03  7.37273E-03  7.37273E-03  7.37273E-03  7.37273E-03  7.37273E-03  7.37273E-03  7.37273E-03  7.37273E-03  7.37273E-03  7.37273E-03  7.37273E-03  7.37273E-03  7.37273E-03  7.37273E-03  7.37273E-03  7.37273E-03  7.37273E-03  7.37273E-03  7.37273E-03  7.37273E-03  7.37273E-03
   19638   5  0.00000E+00  0.00000E+00  0.00000E+00  0.00000E+00  0.00000E+00  0.00000E+00  0.00000E+00  0.00000E+00  0.00000E+00  0.00000E+00  0.00000E+00  0.00000E+00  0.00000E+00  0.00000E+00  0.00000E+00  0.00000E+00  0.00000E+00  0.00000E+00  0.00000E+00  0.00000E+00  0.00000E+00  0.00000E+00  0.00000E+00  0.00000E+00
   19633   3  1.71332E-02  1.71332E-02  1.71332E-02  1.71332E-02  1.71332E-02  1.71332E-02  1.71332E-02  1.71332E-02  1.71332E-02  1.71332E-02  1.71332E-02  1.71332E-02  1.71332E-02  1.71332E-02  1.71332E-02  1.71332E-02  1.71332E-02  1.71332E-02  1.71332E-02  1.71332E-02  1.71332E-02  1.71332E-02  1.71332E-02  1.71332E-02
   19633   7  1.34393E+01  1.34393E+01  1.34393E+01  1.34393E+01  1.34393E+01  0.00000E+00  0.00000E+00  0.00000E+00  0.00000E+00  0.00000E+00  0.00000E+00  0.00000E+00  1.34393E+01  1.34393E+01  1.34393E+01  1.34393E+01  1.34393E+01  1.34393E+01  1.34393E+01  1.34393E+01  1.34393E+01  1.34393E+01  1.34393E+01  1.34393E+01
   19633   4  3.45308E-03  3.45308E-03  3.45308E-03  3.45308E-03  3.45308E-03  3.45308E-03  3.45308E-03  3.45308E-03  3.45308E-03  3.45308E-03  3.45308E-03  3.45308E-03  3.45308E-03  3.45308E-03  3.45308E-03  3.45308E-03  3.45308E-03  3.45308E-03  3.45308E-03  3.45308E-03  3.45308E-03  3.45308E-03  3.45308E-03  3.45308E-03
   18930   3  3.46275E-02  3.46275E-02  3.46275E-02  3.46275E-02  3.46275E-02  3.46275E-02  3.46275E-02  3.46275E-02  3.46275E-02  3.46275E-02  3.46275E-02  3.46275E-02  3.46275E-02  3.46275E-02  3.46275E-02  3.46275E-02  3.46275E-02  3.46275E-02  3.46275E-02  3.46275E-02  3.46275E-02  3.46275E-02  3.46275E-02  3.46275E-02
   19636   5  0.00000E+00  0.00000E+00  0.00000E+00  0.00000E+00  0.00000E+00  0.00000E+00  0.00000E+00  0.00000E+00  0.00000E+00  0.00000E+00  0.00000E+00  0.00000E+00  0.00000E+00  0.00000E+00  0.00000E+00  0.00000E+00  0.00000E+00  0.00000E+00  0.00000E+00  0.00000E+00  0.00000E+00  0.00000E+00  0.00000E+00  0.00000E+00
   20343   4  1.81571E-03  1.81571E-03  1.81571E-03  1.81571E-03  1.81571E-03  1.81571E-03  1.81571E-03  1.81571E-03  1.81571E-03  1.81571E-03  1.81571E-03  1.81571E-03  1.81571E-03  1.81571E-03  1.81571E-03  1.81571E-03  1.81571E-03  1.81571E-03  1.81571E-03  1.81571E-03  1.81571E-03  1.81571E-03  1.81571E-03  1.81571E-03
   20343   3  5.39803E-03  5.39803E-03  5.39803E-03  5.39803E-03  5.39803E-03  5.39803E-03  5.39803E-03  5.39803E-03  5.39803E-03  5.39803E-03  5.39803E-03  5.39803E-03  5.39803E-03  5.39803E-03  5.39803E-03  5.39803E-03  5.39803E-03  5.39803E-03  5.39803E-03  5.39803E-03  5.39803E-03  5.39803E-03  5.39803E-03  5.39803E-03
   19282   5  0.00000E+00  0.00000E+00  0.00000E+00  0.00000E+00  0.00000E+00  0.00000E+00  0.00000E+00  0.00000E+00  0.00000E+00  0.00000E+00  0.00000E+00  0.00000E+00  0.00000E+00  0.00000E+00  0.00000E+00  0.00000E+00  0.00000E+00  0.00000E+00  0.00000E+00  0.00000E+00  0.00000E+00  0.00000E+00  0.00000E+00  0.00000E+00
   19282   4  2.47969E-02  2.47969E-02  2.47969E-02  2.47969E-02  2.47969E-02  2.47969E-02  2.47969E-02  2.47969E-02  2.47969E-02  2.47969E-02  2.47969E-02  2.47969E-02  2.47969E-02  2.47969E-02  2.47969E-02  2.47969E-02  2.47969E-02  2.47969E-02  2.47969E-02  2.47969E-02  2.47969E-02  2.47969E-02  2.47969E-02  2.47969E-02
   19282   3  0.00000E+00  0.00000E+00  0.00000E+00  0.00000E+00  0.00000E+00  0.00000E+00  0.00000E+00  0.00000E+00  0.00000E+00  0.00000E+00  0.00000E+00  0.00000E+00  0.00000E+00  0.00000E+00  0.00000E+00  0.00000E+00  0.00000E+00  0.00000E+00  0.00000E+00  0.00000E+00  0.00000E+00  0.00000E+00  0.00000E+00  0.00000E+00
   19990   3  6.86326E-02  6.86326E-02  6.86326E-02  6.86326E-02  6.86326E-02  6.86326E-02  6.86326E-02  6.86326E-02  6.86326E-02  6.86326E-02  6.86326E-02  6.86326E-02  6.86326E-02  6.86326E-02  6.86326E-02  6.86326E-02  6.86326E-02  6.86326E-02  6.86326E-02  6.86326E-02  6.86326E-02  6.86326E-02  6.86326E-02  6.86326E-02
   19990   4  3.91563E-02  3.91563E-02  3.91563E-02  3.91563E-02  3.91563E-02  3.91563E-02  3.91563E-02  3.91563E-02  3.91563E-02  3.91563E-02  3.91563E-02  3.91563E-02  3.91563E-02  3.91563E-02  3.91563E-02  3.91563E-02  3.91563E-02  3.91563E-02  3.91563E-02  3.91563E-02  3.91563E-02  3.91563E-02  3.91563E-02  3.91563E-02
   18929   3  2.59540E-02  2.59540E-02  2.59540E-02  2.59540E-02  2.59540E-02  2.59540E-02  2.59540E-02  2.59540E-02  2.59540E-02  2.59540E-02  2.59540E-02  2.59540E-02  2.59540E-02  3.60947E-02  3.60947E-02  3.60947E-02  3.60947E-02  3.60947E-02  3.60947E-02  3.60947E-02  3.60947E-02  2.59540E-02  2.59540E-02  2.59540E-02
   18929   4  2.48733E+01  2.48733E+01  2.48733E+01  2.48733E+01  2.48733E+01  2.48733E+01  2.48733E+01  2.48733E+01  2.48733E+01  2.48733E+01  2.48733E+01  2.48733E+01  2.48733E+01  2.48873E+01  2.48873E+01  2.48873E+01  2.48873E+01  2.48873E+01  2.48873E+01  2.48873E+01  2.48873E+01  2.48733E+01  2.48733E+01  2.48733E+01
   19281   4  3.63232E-03  3.63232E-03  3.63232E-03  3.63232E-03  3.63232E-03  3.63232E-03  3.63232E-03  3.63232E-03  3.63232E-03  3.63232E-03  3.63232E-03  3.63232E-03  3.63232E-03  3.63232E-03  3.63232E-03  3.63232E-03  3.63232E-03  3.63232E-03  3.63232E-03  3.63232E-03  3.63232E-03  3.63232E-03  3.63232E-03  3.63232E-03
   19637   3  4.41006E-02  4.41006E-02  4.41006E-02  4.41006E-02  4.41006E-02  4.41006E-02  4.41006E-02  4.41006E-02  4.41006E-02  4.41006E-02  4.41006E-02  4.41006E-02  4.41006E-02  4.41006E-02  4.41006E-02  4.41006E-02  4.41006E-02  4.41006E-02  4.41006E-02  4.41006E-02  4.41006E-02  4.41006E-02  4.41006E-02  4.41006E-02
   17533   4  1.82936E-01  1.82936E-01  1.82936E-01  1.82936E-01  1.82936E-01  1.82936E-01  1.82936E-01  1.82936E-01  1.82936E-01  1.82936E-01  1.82936E-01  1.82936E-01  1.82936E-01  1.82936E-01  1.82936E-01  1.82936E-01  1.82936E-01  1.82936E-01  1.82936E-01  1.82936E-01  1.82936E-01  1.82936E-01  1.82936E-01  1.82936E-01
   17533   3  0.00000E+00  0.00000E+00  0.00000E+00  0.00000E+00  0.00000E+00  0.00000E+00  0.00000E+00  0.00000E+00  0.00000E+00  0.00000E+00  0.00000E+00  0.00000E+00  0.00000E+00  1.91368E-02  1.91368E-02  1.91368E-02  1.91368E-02  1.91368E-02  1.91368E-02  1.91368E-02  1.91368E-02  0.00000E+00  0.00000E+00  0.00000E+00
   19657   3  0.00000E+00  0.00000E+00  0.00000E+00  0.00000E+00  0.00000E+00  0.00000E+00  0.00000E+00  0.00000E+00  0.00000E+00  0.00000E+00  0.00000E+00  0.00000E+00  0.00000E+00  0.00000E+00  0.00000E+00  0.00000E+00  0.00000E+00  0.00000E+00  0.00000E+00  0.00000E+00  0.00000E+00  0.00000E+00  0.00000E+00  0.00000E+00
   19657   2  0.00000E+00  0.00000E+00  0.00000E+00  0.00000E+00  0.00000E+00  0.00000E+00  0.00000E+00  0.00000E+00  0.00000E+00  0.00000E+00  0.00000E+00  0.00000E+00  0.00000E+00  0.00000E+00  0.00000E+00  0.00000E+00  0.00000E+00  0.00000E+00  0.00000E+00  0.00000E+00  0.00000E+00  0.00000E+00  0.00000E+00  0.00000E+00
   17887   3  0.00000E+00  0.00000E+00  0.00000E+00  0.00000E+00  0.00000E+00  0.00000E+00  0.00000E+00  0.00000E+00  0.00000E+00  0.00000E+00  0.00000E+00  0.00000E+00  0.00000E+00  0.00000E+00  0.00000E+00  0.00000E+00  0.00000E+00  0.00000E+00  0.00000E+00  0.00000E+00  0.00000E+00  0.00000E+00  0.00000E+00  0.00000E+00
   20356   4  4.05089E-03  4.05089E-03  4.05089E-03  4.05089E-03  4.05089E-03  4.05089E-03  4.05089E-03  4.05089E-03  4.05089E-03  4.05089E-03  4.05089E-03  4.05089E-03  4.05089E-03  4.05089E-03  4.05089E-03  4.05089E-03  4.05089E-03  4.05089E-03  4.05089E-03  4.05089E-03  4.05089E-03  4.05089E-03  4.05089E-03  4.05089E-03
   20356   3  0.00000E+00  0.00000E+00  0.00000E+00  0.00000E+00  0.00000E+00  0.00000E+00  0.00000E+00  0.00000E+00  0.00000E+00  0.00000E+00  0.00000E+00  0.00000E+00  0.00000E+00  0.00000E+00  0.00000E+00  0.00000E+00  0.00000E+00  0.00000E+00  0.00000E+00  0.00000E+00  0.00000E+00  0.00000E+00  0.00000E+00  0.00000E+00
   20356   2  0.00000E+00  0.00000E+00  0.00000E+00  0.00000E+00  0.00000E+00  0.00000E+00  0.00000E+00  0.00000E+00  0.00000E+00  0.00000E+00  0.00000E+00  0.00000E+00  0.00000E+00  0.00000E+00  0.00000E+00  0.00000E+00  0.00000E+00  0.00000E+00  0.00000E+00  0.00000E+00  0.00000E+00  0.00000E+00  0.00000E+00  0.00000E+00
   15091   3  1.03332E+02  1.03332E+02  1.03332E+02  1.03332E+02  1.03332E+02  1.03324E+02  1.03324E+02  1.03324E+02  1.03324E+02  1.03324E+02  1.03324E+02  1.03324E+02  1.03324E+02  1.03367E+02  1.03367E+02  1.03367E+02  1.03367E+02  1.03367E+02  1.03367E+02  1.03367E+02  1.03367E+02  1.03332E+02  1.03332E+02  1.03332E+02
   15091   4  1.10666E+02  1.10666E+02  1.10666E+02  1.10666E+02  1.10666E+02  1.10666E+02  1.10666E+02  1.10666E+02  1.10666E+02  1.10666E+02  1.10666E+02  1.10666E+02  1.10666E+02  1.10666E+02  1.10666E+02  1.10666E+02  1.10666E+02  1.10666E+02  1.10666E+02  1.10666E+02  1.10666E+02  1.10666E+02  1.10666E+02  1.10666E+02
   15091   2  5.52379E+01  5.52379E+01  5.52379E+01  5.52379E+01  5.52379E+01  5.52379E+01  5.52379E+01  5.52379E+01  5.52379E+01  5.52379E+01  5.52379E+01  5.52379E+01  5.52379E+01  5.52379E+01  5.52379E+01  5.52379E+01  5.52379E+01  5.52379E+01  5.52379E+01  5.52379E+01  5.52379E+01  5.52379E+01  5.52379E+01  5.52379E+01
   15092   4  6.97534E-02  6.97534E-02  6.97534E-02  6.97534E-02  6.97534E-02  6.97534E-02  6.97534E-02  6.97534E-02  6.97534E-02  6.97534E-02  6.97534E-02  6.97534E-02  6.97534E-02  6.97534E-02  6.97534E-02  6.97534E-02  6.97534E-02  6.97534E-02  6.97534E-02  6.97534E-02  6.97534E-02  6.97534E-02  6.97534E-02  6.97534E-02
   15091   7  2.00600E+02  2.00600E+02  2.00600E+02  2.00600E+02  2.00600E+02  2.00600E+02  2.00600E+02  2.00600E+02  2.00600E+02  2.00600E+02  2.00600E+02  2.00600E+02  2.00600E+02  2.00600E+02  2.00600E+02  2.00600E+02  2.00600E+02  2.00600E+02  2.00600E+02  2.00600E+02  2.00600E+02  2.00600E+02  2.00600E+02  2.00600E+02
   15092   1  1.36822E+01  1.36822E+01  1.36822E+01  1.36822E+01  1.36822E+01  1.36822E+01  1.36822E+01  1.36822E+01  1.36822E+01  1.36822E+01  1.36822E+01  1.36822E+01  1.36822E+01  1.36822E+01  1.36822E+01  1.36822E+01  1.36822E+01  1.36822E+01  1.36822E+01  1.36822E+01  1.36822E+01  1.36822E+01  1.36822E+01  1.36822E+01
   15092   3  6.58808E+00  6.58808E+00  6.58808E+00  6.58808E+00  6.58808E+00  6.58808E+00  6.58808E+00  6.58808E+00  6.58808E+00  6.58808E+00  6.58808E+00  6.58808E+00  6.58808E+00  6.58808E+00  6.58808E+00  6.58808E+00  6.58808E+00  6.58808E+00  6.58808E+00  6.58808E+00  6.58808E+00  6.58808E+00  6.58808E+00  6.58808E+00
   15092   2  2.04846E+01  2.04846E+01  2.04846E+01  2.04846E+01  2.04846E+01  2.04846E+01  2.04846E+01  2.04846E+01  2.04846E+01  2.04846E+01  2.04846E+01  2.04846E+01  2.04846E+01  2.04846E+01  2.04846E+01  2.04846E+01  2.04846E+01  2.04846E+01  2.04846E+01  2.04846E+01  2.04846E+01  2.04846E+01  2.04846E+01  2.04846E+01
   14738   4  0.00000E+00  0.00000E+00  0.00000E+00  0.00000E+00  0.00000E+00  0.00000E+00  0.00000E+00  0.00000E+00  0.00000E+00  0.00000E+00  0.00000E+00  0.00000E+00  0.00000E+00  0.00000E+00  0.00000E+00  0.00000E+00  0.00000E+00  0.00000E+00  0.00000E+00  0.00000E+00  0.00000E+00  0.00000E+00  0.00000E+00  0.00000E+00
   17885   3  1.84959E-01  1.84959E-01  1.84959E-01  1.84959E-01  1.84959E-01  0.00000E+00  0.00000E+00  0.00000E+00  0.00000E+00  0.00000E+00  0.00000E+00  0.00000E+00  0.00000E+00  7.30125E-01  7.30125E-01  7.30125E-01  7.30125E-01  7.30125E-01  7.30125E-01  7.30125E-01  7.30125E-01  1.84959E-01  1.84959E-01  1.84959E-01
   17885   4  1.32506E-03  1.32506E-03  1.32506E-03  1.32506E-03  1.32506E-03  1.32506E-03  1.32506E-03  1.32506E-03  1.32506E-03  1.32506E-03  1.32506E-03  1.32506E-03  1.32506E-03  1.32506E-03  1.32506E-03  1.32506E-03  1.32506E-03  1.32506E-03  1.32506E-03  1.32506E-03  1.32506E-03  1.32506E-03  1.32506E-03  1.32506E-03
   18238   4  0.00000E+00  0.00000E+00  0.00000E+00  0.00000E+00  0.00000E+00  0.00000E+00  0.00000E+00  0.00000E+00  0.00000E+00  0.00000E+00  0.00000E+00  0.00000E+00  0.00000E+00  0.00000E+00  0.00000E+00  0.00000E+00  0.00000E+00  0.00000E+00  0.00000E+00  0.00000E+00  0.00000E+00  0.00000E+00  0.00000E+00  0.00000E+00
   15426   3  0.00000E+00  0.00000E+00  0.00000E+00  0.00000E+00  0.00000E+00  0.00000E+00  0.00000E+00  0.00000E+00  0.00000E+00  0.00000E+00  0.00000E+00  0.00000E+00  0.00000E+00  0.00000E+00  0.00000E+00  0.00000E+00  0.00000E+00  0.00000E+00  0.00000E+00  0.00000E+00  0.00000E+00  0.00000E+00  0.00000E+00  0.00000E+00
   14383   3  2.74600E+01  2.74600E+01  2.74600E+01  2.74600E+01  2.74600E+01  2.74600E+01  2.74600E+01  2.74600E+01  2.74600E+01  2.74600E+01  2.74600E+01  2.74600E+01  2.74600E+01  2.74600E+01  2.74600E+01  2.74600E+01  2.74600E+01  2.74600E+01  2.74600E+01  2.74600E+01  2.74600E+01  2.74600E+01  2.74600E+01  2.74600E+01
   14736   4  4.89397E-01  4.89397E-01  4.89397E-01  4.89397E-01  4.89397E-01  4.89397E-01  4.89397E-01  4.89397E-01  4.89397E-01  4.89397E-01  4.89397E-01  4.89397E-01  4.89397E-01  4.94289E-01  4.94289E-01  4.94289E-01  4.94289E-01  4.94289E-01  4.94289E-01  4.94289E-01  4.94289E-01  4.89397E-01  4.89397E-01  4.89397E-01
   14383   4  3.25036E+01  3.25036E+01  3.25036E+01  3.25036E+01  3.25036E+01  3.25036E+01  3.25036E+01  3.25036E+01  3.25036E+01  3.25036E+01  3.25036E+01  3.25036E+01  3.25036E+01  3.25036E+01  3.25036E+01  3.25036E+01  3.25036E+01  3.25036E+01  3.25036E+01  3.25036E+01  3.25036E+01  3.25036E+01  3.25036E+01  3.25036E+01
   14383   2  4.94462E+02  4.94462E+02  4.94462E+02  4.94462E+02  4.94462E+02  4.94462E+02  4.94462E+02  4.94462E+02  4.94462E+02  4.94462E+02  4.94462E+02  4.94462E+02  4.94462E+02  4.94462E+02  4.94462E+02  4.94462E+02  4.94462E+02  4.94462E+02  4.94462E+02  4.94462E+02  4.94462E+02  4.94462E+02  4.94462E+02  4.94462E+02
   14383   1  2.44879E-01  2.44879E-01  2.44879E-01  2.44879E-01  2.44879E-01  2.44879E-01  2.44879E-01  2.44879E-01  2.44879E-01  2.44879E-01  2.44879E-01  2.44879E-01  2.44879E-01  2.44879E-01  2.44879E-01  2.44879E-01  2.44879E-01  2.44879E-01  2.44879E-01  2.44879E-01  2.44879E-01  2.44879E-01  2.44879E-01  2.44879E-01
   17892   3  2.54402E-02  2.54402E-02  2.54402E-02  2.54402E-02  2.54402E-02  2.54402E-02  2.54402E-02  2.54402E-02  2.54402E-02  2.54402E-02  2.54402E-02  2.54402E-02  2.54402E-02  2.54402E-02  2.54402E-02  2.54402E-02  2.54402E-02  2.54402E-02  2.54402E-02  2.54402E-02  2.54402E-02  2.54402E-02  2.54402E-02  2.54402E-02
   17180   3  0.00000E+00  0.00000E+00  0.00000E+00  0.00000E+00  0.00000E+00  0.00000E+00  0.00000E+00  0.00000E+00  0.00000E+00  0.00000E+00  0.00000E+00  0.00000E+00  0.00000E+00  0.00000E+00  0.00000E+00  0.00000E+00  0.00000E+00  0.00000E+00  0.00000E+00  0.00000E+00  0.00000E+00  0.00000E+00  0.00000E+00  0.00000E+00
   17180   2  0.00000E+00  0.00000E+00  0.00000E+00  0.00000E+00  0.00000E+00  0.00000E+00  0.00000E+00  0.00000E+00  0.00000E+00  0.00000E+00  0.00000E+00  0.00000E+00  0.00000E+00  0.00000E+00  0.00000E+00  0.00000E+00  0.00000E+00  0.00000E+00  0.00000E+00  0.00000E+00  0.00000E+00  0.00000E+00  0.00000E+00  0.00000E+00
   17182   3  0.00000E+00  0.00000E+00  0.00000E+00  0.00000E+00  0.00000E+00  0.00000E+00  0.00000E+00  0.00000E+00  0.00000E+00  0.00000E+00  0.00000E+00  0.00000E+00  0.00000E+00  0.00000E+00  0.00000E+00  0.00000E+00  0.00000E+00  0.00000E+00  0.00000E+00  0.00000E+00  0.00000E+00  0.00000E+00  0.00000E+00  0.00000E+00
   14735   3  9.70032E-03  9.70032E-03  9.70032E-03  9.70032E-03  9.70032E-03  0.00000E+00  0.00000E+00  0.00000E+00  0.00000E+00  0.00000E+00  0.00000E+00  0.00000E+00  0.00000E+00  9.70032E-03  9.70032E-03  9.70032E-03  9.70032E-03  9.70032E-03  9.70032E-03  9.70032E-03  9.70032E-03  9.70032E-03  9.70032E-03  9.70032E-03
   17884   4  8.90663E-02  8.90663E-02  8.90663E-02  8.90663E-02  8.90663E-02  8.90663E-02  8.90663E-02  8.90663E-02  8.90663E-02  8.90663E-02  8.90663E-02  8.90663E-02  8.90663E-02  8.90663E-02  8.90663E-02  8.90663E-02  8.90663E-02  8.90663E-02  8.90663E-02  8.90663E-02  8.90663E-02  8.90663E-02  8.90663E-02  8.90663E-02
   18944   3  0.00000E+00  0.00000E+00  0.00000E+00  0.00000E+00  0.00000E+00  0.00000E+00  0.00000E+00  0.00000E+00  0.00000E+00  0.00000E+00  0.00000E+00  0.00000E+00  0.00000E+00  0.00000E+00  0.00000E+00  0.00000E+00  0.00000E+00  0.00000E+00  0.00000E+00  0.00000E+00  0.00000E+00  0.00000E+00  0.00000E+00  0.00000E+00
   15082   3  0.00000E+00  0.00000E+00  0.00000E+00  0.00000E+00  0.00000E+00  0.00000E+00  0.00000E+00  0.00000E+00  0.00000E+00  0.00000E+00  0.00000E+00  0.00000E+00  0.00000E+00  0.00000E+00  0.00000E+00  0.00000E+00  0.00000E+00  0.00000E+00  0.00000E+00  0.00000E+00  0.00000E+00  0.00000E+00  0.00000E+00  0.00000E+00
   15082   2  0.00000E+00  0.00000E+00  0.00000E+00  0.00000E+00  0.00000E+00  0.00000E+00  0.00000E+00  0.00000E+00  0.00000E+00  0.00000E+00  0.00000E+00  0.00000E+00  0.00000E+00  0.00000E+00  0.00000E+00  0.00000E+00  0.00000E+00  0.00000E+00  0.00000E+00  0.00000E+00  0.00000E+00  0.00000E+00  0.00000E+00  0.00000E+00
   14385   3  8.27602E-03  8.27602E-03  8.27602E-03  8.27602E-03  8.27602E-03  0.00000E+00  0.00000E+00  0.00000E+00  0.00000E+00  0.00000E+00  0.00000E+00  0.00000E+00  0.00000E+00  8.27602E-03  8.27602E-03  8.27602E-03  8.27602E-03  8.27602E-03  8.27602E-03  8.27602E-03  8.27602E-03  8.27602E-03  8.27602E-03  8.27602E-03
   14385   4  4.54489E-02  4.54489E-02  4.54489E-02  4.54489E-02  4.54489E-02  4.54489E-02  4.54489E-02  4.54489E-02  4.54489E-02  4.54489E-02  4.54489E-02  4.54489E-02  4.54489E-02  4.54489E-02  4.54489E-02  4.54489E-02  4.54489E-02  4.54489E-02  4.54489E-02  4.54489E-02  4.54489E-02  4.54489E-02  4.54489E-02  4.54489E-02
   17531   4  2.66170E-01  2.66170E-01  2.66170E-01  2.66170E-01  2.66170E-01  2.66170E-01  2.66170E-01  2.66170E-01  2.66170E-01  2.66170E-01  2.66170E-01  2.66170E-01  2.66170E-01  2.66170E-01  2.66170E-01  2.66170E-01  2.66170E-01  2.66170E-01  2.66170E-01  2.66170E-01  2.66170E-01  2.66170E-01  2.66170E-01  2.66170E-01
   17531   3  9.36801E-02  9.36801E-02  9.36801E-02  9.36801E-02  9.36801E-02  9.36801E-02  9.36801E-02  9.36801E-02  9.36801E-02  9.36801E-02  9.36801E-02  9.36801E-02  9.36801E-02  8.49587E-01  8.49587E-01  8.49587E-01  8.49587E-01  8.49587E-01  8.49587E-01  8.49587E-01  8.49587E-01  9.36801E-02  9.36801E-02  9.36801E-02
   17531   5  0.00000E+00  0.00000E+00  0.00000E+00  0.00000E+00  0.00000E+00  0.00000E+00  0.00000E+00  0.00000E+00  0.00000E+00  0.00000E+00  0.00000E+00  0.00000E+00  0.00000E+00  0.00000E+00  0.00000E+00  0.00000E+00  0.00000E+00  0.00000E+00  0.00000E+00  0.00000E+00  0.00000E+00  0.00000E+00  0.00000E+00  0.00000E+00
   17531   2  3.24137E-01  3.24137E-01  3.24137E-01  3.24137E-01  3.24137E-01  3.24137E-01  3.24137E-01  3.24137E-01  3.24137E-01  3.24137E-01  3.24137E-01  3.24137E-01  3.24137E-01  3.24137E-01  3.24137E-01  3.24137E-01  3.24137E-01  3.24137E-01  3.24137E-01  3.24137E-01  3.24137E-01  3.24137E-01  3.24137E-01  3.24137E-01
   17531   7  8.68633E-01  8.68633E-01  8.68633E-01  8.68633E-01  8.68633E-01  8.68633E-01  8.68633E-01  8.68633E-01  8.68633E-01  8.68633E-01  8.68633E-01  8.68633E-01  8.68633E-01  8.68633E-01  8.68633E-01  8.68633E-01  8.68633E-01  8.68633E-01  8.68633E-01  8.68633E-01  8.68633E-01  8.68633E-01  8.68633E-01  8.68633E-01
   21411   4  2.47390E-03  2.47390E-03  2.47390E-03  2.47390E-03  2.47390E-03  2.47390E-03  2.47390E-03  2.47390E-03  2.47390E-03  2.47390E-03  2.47390E-03  2.47390E-03  2.47390E-03  2.47390E-03  2.47390E-03  2.47390E-03  2.47390E-03  2.47390E-03  2.47390E-03  2.47390E-03  2.47390E-03  2.47390E-03  2.47390E-03  2.47390E-03
   20709   4  0.00000E+00  0.00000E+00  0.00000E+00  0.00000E+00  0.00000E+00  0.00000E+00  0.00000E+00  0.00000E+00  0.00000E+00  0.00000E+00  0.00000E+00  0.00000E+00  0.00000E+00  0.00000E+00  0.00000E+00  0.00000E+00  0.00000E+00  0.00000E+00  0.00000E+00  0.00000E+00  0.00000E+00  0.00000E+00  0.00000E+00  0.00000E+00
   20709   7  1.96563E+00  1.96563E+00  1.96563E+00  1.96563E+00  1.96563E+00  1.96563E+00  1.96563E+00  1.96563E+00  1.96563E+00  1.96563E+00  1.96563E+00  1.96563E+00  1.96563E+00  1.96563E+00  1.96563E+00  1.96563E+00  1.96563E+00  1.96563E+00  1.96563E+00  1.96563E+00  1.96563E+00  1.96563E+00  1.96563E+00  1.96563E+00
   13676   3  0.00000E+00  0.00000E+00  0.00000E+00  0.00000E+00  0.00000E+00  0.00000E+00  0.00000E+00  0.00000E+00  0.00000E+00  0.00000E+00  0.00000E+00  0.00000E+00  0.00000E+00  1.19482E-01  1.19482E-01  1.19482E-01  1.19482E-01  1.19482E-01  1.19482E-01  1.19482E-01  1.19482E-01  0.00000E+00  0.00000E+00  0.00000E+00
   21062   3  0.00000E+00  0.00000E+00  0.00000E+00  0.00000E+00  0.00000E+00  0.00000E+00  0.00000E+00  0.00000E+00  0.00000E+00  0.00000E+00  0.00000E+00  0.00000E+00  0.00000E+00  0.00000E+00  0.00000E+00  0.00000E+00  0.00000E+00  0.00000E+00  0.00000E+00  0.00000E+00  0.00000E+00  0.00000E+00  0.00000E+00  0.00000E+00
   17196   3  0.00000E+00  0.00000E+00  0.00000E+00  0.00000E+00  0.00000E+00  0.00000E+00  0.00000E+00  0.00000E+00  0.00000E+00  0.00000E+00  0.00000E+00  0.00000E+00  0.00000E+00  0.00000E+00  0.00000E+00  0.00000E+00  0.00000E+00  0.00000E+00  0.00000E+00  0.00000E+00  0.00000E+00  0.00000E+00  0.00000E+00  0.00000E+00
   17196   2  0.00000E+00  0.00000E+00  0.00000E+00  0.00000E+00  0.00000E+00  0.00000E+00  0.00000E+00  0.00000E+00  0.00000E+00  0.00000E+00  0.00000E+00  0.00000E+00  0.00000E+00  0.00000E+00  0.00000E+00  0.00000E+00  0.00000E+00  0.00000E+00  0.00000E+00  0.00000E+00  0.00000E+00  0.00000E+00  0.00000E+00  0.00000E+00
   23179   4  2.36239E-02  2.36239E-02  2.36239E-02  2.36239E-02  2.36239E-02  2.36239E-02  2.36239E-02  2.36239E-02  2.36239E-02  2.36239E-02  2.36239E-02  2.36239E-02  2.36239E-02  2.36239E-02  2.36239E-02  2.36239E-02  2.36239E-02  2.36239E-02  2.36239E-02  2.36239E-02  2.36239E-02  2.36239E-02  2.36239E-02  2.36239E-02
   23179   3  0.00000E+00  0.00000E+00  0.00000E+00  0.00000E+00  0.00000E+00  0.00000E+00  0.00000E+00  0.00000E+00  0.00000E+00  0.00000E+00  0.00000E+00  0.00000E+00  0.00000E+00  0.00000E+00  0.00000E+00  0.00000E+00  0.00000E+00  0.00000E+00  0.00000E+00  0.00000E+00  0.00000E+00  0.00000E+00  0.00000E+00  0.00000E+00
   18247   4  0.00000E+00  0.00000E+00  0.00000E+00  0.00000E+00  0.00000E+00  0.00000E+00  0.00000E+00  0.00000E+00  0.00000E+00  0.00000E+00  0.00000E+00  0.00000E+00  0.00000E+00  0.00000E+00  0.00000E+00  0.00000E+00  0.00000E+00  0.00000E+00  0.00000E+00  0.00000E+00  0.00000E+00  0.00000E+00  0.00000E+00  0.00000E+00
   12621   2  1.88488E+01  1.88488E+01  1.88488E+01  1.88488E+01  1.88488E+01  1.88488E+01  1.88488E+01  1.88488E+01  1.88488E+01  1.88488E+01  1.88488E+01  1.88488E+01  1.88488E+01  1.88488E+01  1.88488E+01  1.88488E+01  1.88488E+01  1.88488E+01  1.88488E+01  1.88488E+01  1.88488E+01  1.88488E+01  1.88488E+01  1.88488E+01
   12621   3  1.33513E+01  1.33513E+01  1.33513E+01  1.33513E+01  1.33513E+01  1.33513E+01  1.33513E+01  1.33513E+01  1.33513E+01  1.33513E+01  1.33513E+01  1.33513E+01  1.33513E+01  1.33513E+01  1.33513E+01  1.33513E+01  1.33513E+01  1.33513E+01  1.33513E+01  1.33513E+01  1.33513E+01  1.33513E+01  1.33513E+01  1.33513E+01
   12621   7  1.78720E+00  1.78720E+00  1.78720E+00  1.78720E+00  1.78720E+00  1.78720E+00  1.78720E+00  1.78720E+00  1.78720E+00  1.78720E+00  1.78720E+00  1.78720E+00  1.78720E+00  1.78720E+00  1.78720E+00  1.78720E+00  1.78720E+00  1.78720E+00  1.78720E+00  1.78720E+00  1.78720E+00  1.78720E+00  1.78720E+00  1.78720E+00
   21063   3  1.55711E-01  1.55711E-01  1.55711E-01  1.55711E-01  1.55711E-01  1.55711E-01  1.55711E-01  1.55711E-01  1.55711E-01  1.55711E-01  1.55711E-01  1.55711E-01  1.55711E-01  1.55711E-01  1.55711E-01  1.55711E-01  1.55711E-01  1.55711E-01  1.55711E-01  1.55711E-01  1.55711E-01  1.55711E-01  1.55711E-01  1.55711E-01
   17529   4  8.82110E-03  8.82110E-03  8.82110E-03  8.82110E-03  8.82110E-03  8.82110E-03  8.82110E-03  8.82110E-03  8.82110E-03  8.82110E-03  8.82110E-03  8.82110E-03  8.82110E-03  8.82110E-03  8.82110E-03  8.82110E-03  8.82110E-03  8.82110E-03  8.82110E-03  8.82110E-03  8.82110E-03  8.82110E-03  8.82110E-03  8.82110E-03
   17530   3  2.62796E-02  2.62796E-02  2.62796E-02  2.62796E-02  2.62796E-02  0.00000E+00  0.00000E+00  0.00000E+00  0.00000E+00  0.00000E+00  0.00000E+00  0.00000E+00  0.00000E+00  2.62796E-02  2.62796E-02  2.62796E-02  2.62796E-02  2.62796E-02  2.62796E-02  2.62796E-02  2.62796E-02  2.62796E-02  2.62796E-02  2.62796E-02
   17530   4  4.80514E-01  4.80514E-01  4.80514E-01  4.80514E-01  4.80514E-01  4.80514E-01  4.80514E-01  4.80514E-01  4.80514E-01  4.80514E-01  4.80514E-01  4.80514E-01  4.80514E-01  4.80514E-01  4.80514E-01  4.80514E-01  4.80514E-01  4.80514E-01  4.80514E-01  4.80514E-01  4.80514E-01  4.80514E-01  4.80514E-01  4.80514E-01
   17530   6  3.78091E-01  3.78091E-01  3.78091E-01  3.78091E-01  3.78091E-01  3.78091E-01  3.78091E-01  3.78091E-01  3.78091E-01  3.78091E-01  3.78091E-01  3.78091E-01  3.78091E-01  3.78091E-01  3.78091E-01  3.78091E-01  3.78091E-01  3.78091E-01  3.78091E-01  3.78091E-01  3.78091E-01  3.78091E-01  3.78091E-01  3.78091E-01
   32341   4  0.00000E+00  0.00000E+00  0.00000E+00  0.00000E+00  0.00000E+00  0.00000E+00  0.00000E+00  0.00000E+00  0.00000E+00  0.00000E+00  0.00000E+00  0.00000E+00  0.00000E+00  0.00000E+00  0.00000E+00  0.00000E+00  0.00000E+00  0.00000E+00  0.00000E+00  0.00000E+00  0.00000E+00  0.00000E+00  0.00000E+00  0.00000E+00
   31636   3  2.05841E-01  2.05841E-01  2.05841E-01  2.05841E-01  2.05841E-01  0.00000E+00  0.00000E+00  0.00000E+00  0.00000E+00  0.00000E+00  0.00000E+00  0.00000E+00  0.00000E+00  2.05841E-01  2.05841E-01  2.05841E-01  2.05841E-01  2.05841E-01  2.05841E-01  2.05841E-01  2.05841E-01  2.05841E-01  2.05841E-01  2.05841E-01
   31636   2  0.00000E+00  0.00000E+00  0.00000E+00  0.00000E+00  0.00000E+00  0.00000E+00  0.00000E+00  0.00000E+00  0.00000E+00  0.00000E+00  0.00000E+00  0.00000E+00  0.00000E+00  0.00000E+00  0.00000E+00  0.00000E+00  0.00000E+00  0.00000E+00  0.00000E+00  0.00000E+00  0.00000E+00  0.00000E+00  0.00000E+00  0.00000E+00
   32694   3  2.44720E+00  2.44720E+00  2.44720E+00  2.44720E+00  2.44720E+00  2.44720E+00  2.44720E+00  2.44720E+00  2.44720E+00  2.44720E+00  2.44720E+00  2.44720E+00  2.44720E+00  2.44720E+00  2.44720E+00  2.44720E+00  2.44720E+00  2.44720E+00  2.44720E+00  2.44720E+00  2.44720E+00  2.44720E+00  2.44720E+00  2.44720E+00
   17888   3  0.00000E+00  0.00000E+00  0.00000E+00  0.00000E+00  0.00000E+00  0.00000E+00  0.00000E+00  0.00000E+00  0.00000E+00  0.00000E+00  0.00000E+00  0.00000E+00  0.00000E+00  0.00000E+00  0.00000E+00  0.00000E+00  0.00000E+00  0.00000E+00  0.00000E+00  0.00000E+00  0.00000E+00  0.00000E+00  0.00000E+00  0.00000E+00
   19303   4  2.59109E-05  2.59109E-05  2.59109E-05  2.59109E-05  2.59109E-05  2.59109E-05  2.59109E-05  2.59109E-05  2.59109E-05  2.59109E-05  2.59109E-05  2.59109E-05  2.59109E-05  2.59109E-05  2.59109E-05  2.59109E-05  2.59109E-05  2.59109E-05  2.59109E-05  2.59109E-05  2.59109E-05  2.59109E-05  2.59109E-05  2.59109E-05
   20352   4  0.00000E+00  0.00000E+00  0.00000E+00  0.00000E+00  0.00000E+00  0.00000E+00  0.00000E+00  0.00000E+00  0.00000E+00  0.00000E+00  0.00000E+00  0.00000E+00  0.00000E+00  0.00000E+00  0.00000E+00  0.00000E+00  0.00000E+00  0.00000E+00  0.00000E+00  0.00000E+00  0.00000E+00  0.00000E+00  0.00000E+00  0.00000E+00
   20352   7  7.62445E-01  7.62445E-01  7.62445E-01  7.62445E-01  7.62445E-01  7.62445E-01  7.62445E-01  7.62445E-01  7.62445E-01  7.62445E-01  7.62445E-01  7.62445E-01  7.62445E-01  7.62445E-01  7.62445E-01  7.62445E-01  7.62445E-01  7.62445E-01  7.62445E-01  7.62445E-01  7.62445E-01  7.62445E-01  7.62445E-01  7.62445E-01
   24938   4  1.32365E-01  1.32365E-01  1.32365E-01  1.32365E-01  1.32365E-01  1.32365E-01  1.32365E-01  1.32365E-01  1.32365E-01  1.32365E-01  1.32365E-01  1.32365E-01  1.32365E-01  1.32365E-01  1.32365E-01  1.32365E-01  1.32365E-01  1.32365E-01  1.32365E-01  1.32365E-01  1.32365E-01  1.32365E-01  1.32365E-01  1.32365E-01
   24938   3  3.63869E+00  3.63869E+00  3.63869E+00  3.63869E+00  3.63869E+00  3.63869E+00  3.63869E+00  3.63869E+00  3.63869E+00  3.63869E+00  3.63869E+00  3.63869E+00  3.63869E+00  3.63869E+00  3.63869E+00  3.63869E+00  3.63869E+00  3.63869E+00  3.63869E+00  3.63869E+00  3.63869E+00  3.63869E+00  3.63869E+00  3.63869E+00
   24938   2  0.00000E+00  0.00000E+00  0.00000E+00  0.00000E+00  0.00000E+00  0.00000E+00  0.00000E+00  0.00000E+00  0.00000E+00  0.00000E+00  0.00000E+00  0.00000E+00  0.00000E+00  0.00000E+00  0.00000E+00  0.00000E+00  0.00000E+00  0.00000E+00  0.00000E+00  0.00000E+00  0.00000E+00  0.00000E+00  0.00000E+00  0.00000E+00
   24938   7  2.93126E+00  2.93126E+00  2.93126E+00  2.93126E+00  2.93126E+00  2.93126E+00  2.93126E+00  2.93126E+00  2.93126E+00  2.93126E+00  2.93126E+00  2.93126E+00  2.93126E+00  2.93126E+00  2.93126E+00  2.93126E+00  2.93126E+00  2.93126E+00  2.93126E+00  2.93126E+00  2.93126E+00  2.93126E+00  2.93126E+00  2.93126E+00
   31639   3  2.94927E+00  2.94927E+00  2.94927E+00  2.94927E+00  2.94927E+00  0.00000E+00  0.00000E+00  0.00000E+00  0.00000E+00  0.00000E+00  0.00000E+00  0.00000E+00  0.00000E+00  2.94927E+00  2.94927E+00  2.94927E+00  2.94927E+00  2.94927E+00  2.94927E+00  2.94927E+00  2.94927E+00  2.94927E+00  2.94927E+00  2.94927E+00
   13317   4  9.29573E-03  9.29573E-03  9.29573E-03  9.29573E-03  9.29573E-03  9.29573E-03  9.29573E-03  9.29573E-03  9.29573E-03  9.29573E-03  9.29573E-03  9.29573E-03  9.29573E-03  9.29573E-03  9.29573E-03  9.29573E-03  9.29573E-03  9.29573E-03  9.29573E-03  9.29573E-03  9.29573E-03  9.29573E-03  9.29573E-03  9.29573E-03
   12967   4  1.32506E-03  1.32506E-03  1.32506E-03  1.32506E-03  1.32506E-03  1.32506E-03  1.32506E-03  1.32506E-03  1.32506E-03  1.32506E-03  1.32506E-03  1.32506E-03  1.32506E-03  1.32506E-03  1.32506E-03  1.32506E-03  1.32506E-03  1.32506E-03  1.32506E-03  1.32506E-03  1.32506E-03  1.32506E-03  1.32506E-03  1.32506E-03
   12967   3  0.00000E+00  0.00000E+00  0.00000E+00  0.00000E+00  0.00000E+00  0.00000E+00  0.00000E+00  0.00000E+00  0.00000E+00  0.00000E+00  0.00000E+00  0.00000E+00  0.00000E+00  5.22451E-03  5.22451E-03  5.22451E-03  5.22451E-03  5.22451E-03  5.22451E-03  5.22451E-03  5.22451E-03  0.00000E+00  0.00000E+00  0.00000E+00
   26700   3  0.00000E+00  0.00000E+00  0.00000E+00  0.00000E+00  0.00000E+00  0.00000E+00  0.00000E+00  0.00000E+00  0.00000E+00  0.00000E+00  0.00000E+00  0.00000E+00  0.00000E+00  0.00000E+00  0.00000E+00  0.00000E+00  0.00000E+00  0.00000E+00  0.00000E+00  0.00000E+00  0.00000E+00  0.00000E+00  0.00000E+00  0.00000E+00
   16475   3  0.00000E+00  0.00000E+00  0.00000E+00  0.00000E+00  0.00000E+00  0.00000E+00  0.00000E+00  0.00000E+00  0.00000E+00  0.00000E+00  0.00000E+00  0.00000E+00  0.00000E+00  0.00000E+00  0.00000E+00  0.00000E+00  0.00000E+00  0.00000E+00  0.00000E+00  0.00000E+00  0.00000E+00  0.00000E+00  0.00000E+00  0.00000E+00
   16475   2  0.00000E+00  0.00000E+00  0.00000E+00  0.00000E+00  0.00000E+00  0.00000E+00  0.00000E+00  0.00000E+00  0.00000E+00  0.00000E+00  0.00000E+00  0.00000E+00  0.00000E+00  0.00000E+00  0.00000E+00  0.00000E+00  0.00000E+00  0.00000E+00  0.00000E+00  0.00000E+00  0.00000E+00  0.00000E+00  0.00000E+00  0.00000E+00
   16481   3  2.77087E+00  2.77087E+00  2.77087E+00  2.77087E+00  2.77087E+00  0.00000E+00  0.00000E+00  0.00000E+00  0.00000E+00  0.00000E+00  0.00000E+00  0.00000E+00  0.00000E+00  2.77087E+00  2.77087E+00  2.77087E+00  2.77087E+00  2.77087E+00  2.77087E+00  2.77087E+00  2.77087E+00  2.77087E+00  2.77087E+00  2.77087E+00
   16481   7  1.85818E+00  1.85818E+00  1.85818E+00  1.85818E+00  1.85818E+00  1.85818E+00  1.85818E+00  1.85818E+00  1.85818E+00  1.85818E+00  1.85818E+00  1.85818E+00  1.85818E+00  1.85818E+00  1.85818E+00  1.85818E+00  1.85818E+00  1.85818E+00  1.85818E+00  1.85818E+00  1.85818E+00  1.85818E+00  1.85818E+00  1.85818E+00
   25290   6  0.00000E+00  0.00000E+00  0.00000E+00  0.00000E+00  0.00000E+00  0.00000E+00  0.00000E+00  0.00000E+00  0.00000E+00  0.00000E+00  0.00000E+00  0.00000E+00  0.00000E+00  0.00000E+00  0.00000E+00  0.00000E+00  0.00000E+00  0.00000E+00  0.00000E+00  0.00000E+00  0.00000E+00  0.00000E+00  0.00000E+00  0.00000E+00
   25290   3  0.00000E+00  0.00000E+00  0.00000E+00  0.00000E+00  0.00000E+00  0.00000E+00  0.00000E+00  0.00000E+00  0.00000E+00  0.00000E+00  0.00000E+00  0.00000E+00  0.00000E+00  0.00000E+00  0.00000E+00  0.00000E+00  0.00000E+00  0.00000E+00  0.00000E+00  0.00000E+00  0.00000E+00  0.00000E+00  0.00000E+00  0.00000E+00
   26704   4  4.54305E-04  4.54305E-04  4.54305E-04  4.54305E-04  4.54305E-04  4.54305E-04  4.54305E-04  4.54305E-04  4.54305E-04  4.54305E-04  4.54305E-04  4.54305E-04  4.54305E-04  4.54305E-04  4.54305E-04  4.54305E-04  4.54305E-04  4.54305E-04  4.54305E-04  4.54305E-04  4.54305E-04  4.54305E-04  4.54305E-04  4.54305E-04
   26704   2  0.00000E+00  0.00000E+00  0.00000E+00  0.00000E+00  0.00000E+00  0.00000E+00  0.00000E+00  0.00000E+00  0.00000E+00  0.00000E+00  0.00000E+00  0.00000E+00  0.00000E+00  0.00000E+00  0.00000E+00  0.00000E+00  0.00000E+00  0.00000E+00  0.00000E+00  0.00000E+00  0.00000E+00  0.00000E+00  0.00000E+00  0.00000E+00
   20009   2  0.00000E+00  0.00000E+00  0.00000E+00  0.00000E+00  0.00000E+00  0.00000E+00  0.00000E+00  0.00000E+00  0.00000E+00  0.00000E+00  0.00000E+00  0.00000E+00  0.00000E+00  0.00000E+00  0.00000E+00  0.00000E+00  0.00000E+00  0.00000E+00  0.00000E+00  0.00000E+00  0.00000E+00  0.00000E+00  0.00000E+00  0.00000E+00
   20362   3  0.00000E+00  0.00000E+00  0.00000E+00  0.00000E+00  0.00000E+00  0.00000E+00  0.00000E+00  0.00000E+00  0.00000E+00  0.00000E+00  0.00000E+00  0.00000E+00  0.00000E+00  0.00000E+00  0.00000E+00  0.00000E+00  0.00000E+00  0.00000E+00  0.00000E+00  0.00000E+00  0.00000E+00  0.00000E+00  0.00000E+00  0.00000E+00
   20362   2  0.00000E+00  0.00000E+00  0.00000E+00  0.00000E+00  0.00000E+00  0.00000E+00  0.00000E+00  0.00000E+00  0.00000E+00  0.00000E+00  0.00000E+00  0.00000E+00  0.00000E+00  0.00000E+00  0.00000E+00  0.00000E+00  0.00000E+00  0.00000E+00  0.00000E+00  0.00000E+00  0.00000E+00  0.00000E+00  0.00000E+00  0.00000E+00
   19305   3  2.22765E-01  2.22765E-01  2.22765E-01  2.22765E-01  2.22765E-01  2.22765E-01  2.22765E-01  2.22765E-01  2.22765E-01  2.22765E-01  2.22765E-01  2.22765E-01  2.22765E-01  2.22765E-01  2.22765E-01  2.22765E-01  2.22765E-01  2.22765E-01  2.22765E-01  2.22765E-01  2.22765E-01  2.22765E-01  2.22765E-01  2.22765E-01
   19305   4  6.09095E-01  6.09095E-01  6.09095E-01  6.09095E-01  6.09095E-01  6.09095E-01  6.09095E-01  6.09095E-01  6.09095E-01  6.09095E-01  6.09095E-01  6.09095E-01  6.09095E-01  6.09095E-01  6.09095E-01  6.09095E-01  6.09095E-01  6.09095E-01  6.09095E-01  6.09095E-01  6.09095E-01  6.09095E-01  6.09095E-01  6.09095E-01
   19305   5  9.89591E-04  9.89591E-04  9.89591E-04  9.89591E-04  9.89591E-04  9.89591E-04  9.89591E-04  9.89591E-04  9.89591E-04  9.89591E-04  9.89591E-04  9.89591E-04  9.89591E-04  9.89591E-04  9.89591E-04  9.89591E-04  9.89591E-04  9.89591E-04  9.89591E-04  9.89591E-04  9.89591E-04  9.89591E-04  9.89591E-04  9.89591E-04
   19306   3  0.00000E+00  0.00000E+00  0.00000E+00  0.00000E+00  0.00000E+00  0.00000E+00  0.00000E+00  0.00000E+00  0.00000E+00  0.00000E+00  0.00000E+00  0.00000E+00  0.00000E+00  0.00000E+00  0.00000E+00  0.00000E+00  0.00000E+00  0.00000E+00  0.00000E+00  0.00000E+00  0.00000E+00  0.00000E+00  0.00000E+00  0.00000E+00
   19306   7  3.15565E+00  3.15565E+00  3.15565E+00  3.15565E+00  3.15565E+00  3.15565E+00  3.15565E+00  3.15565E+00  3.15565E+00  3.15565E+00  3.15565E+00  3.15565E+00  3.15565E+00  3.15565E+00  3.15565E+00  3.15565E+00  3.15565E+00  3.15565E+00  3.15565E+00  3.15565E+00  3.15565E+00  3.15565E+00  3.15565E+00  3.15565E+00
   29869   3  0.00000E+00  0.00000E+00  0.00000E+00  0.00000E+00  0.00000E+00  0.00000E+00  0.00000E+00  0.00000E+00  0.00000E+00  0.00000E+00  0.00000E+00  0.00000E+00  0.00000E+00  0.00000E+00  0.00000E+00  0.00000E+00  0.00000E+00  0.00000E+00  0.00000E+00  0.00000E+00  0.00000E+00  0.00000E+00  0.00000E+00  0.00000E+00
   15423   5  3.63438E-03  3.63438E-03  3.63438E-03  3.63438E-03  3.63438E-03  3.63438E-03  3.63438E-03  3.63438E-03  3.63438E-03  3.63438E-03  3.63438E-03  3.63438E-03  3.63438E-03  3.63438E-03  3.63438E-03  3.63438E-03  3.63438E-03  3.63438E-03  3.63438E-03  3.63438E-03  3.63438E-03  3.63438E-03  3.63438E-03  3.63438E-03
   15071   2  0.00000E+00  0.00000E+00  0.00000E+00  0.00000E+00  0.00000E+00  0.00000E+00  0.00000E+00  0.00000E+00  0.00000E+00  0.00000E+00  0.00000E+00  0.00000E+00  0.00000E+00  0.00000E+00  0.00000E+00  0.00000E+00  0.00000E+00  0.00000E+00  0.00000E+00  0.00000E+00  0.00000E+00  0.00000E+00  0.00000E+00  0.00000E+00
   15423   3  0.00000E+00  0.00000E+00  0.00000E+00  0.00000E+00  0.00000E+00  0.00000E+00  0.00000E+00  0.00000E+00  0.00000E+00  0.00000E+00  0.00000E+00  0.00000E+00  0.00000E+00  0.00000E+00  0.00000E+00  0.00000E+00  0.00000E+00  0.00000E+00  0.00000E+00  0.00000E+00  0.00000E+00  0.00000E+00  0.00000E+00  0.00000E+00
   15423   2  0.00000E+00  0.00000E+00  0.00000E+00  0.00000E+00  0.00000E+00  0.00000E+00  0.00000E+00  0.00000E+00  0.00000E+00  0.00000E+00  0.00000E+00  0.00000E+00  0.00000E+00  0.00000E+00  0.00000E+00  0.00000E+00  0.00000E+00  0.00000E+00  0.00000E+00  0.00000E+00  0.00000E+00  0.00000E+00  0.00000E+00  0.00000E+00
   29174   3  0.00000E+00  0.00000E+00  0.00000E+00  0.00000E+00  0.00000E+00  0.00000E+00  0.00000E+00  0.00000E+00  0.00000E+00  0.00000E+00  0.00000E+00  0.00000E+00  0.00000E+00  0.00000E+00  0.00000E+00  0.00000E+00  0.00000E+00  0.00000E+00  0.00000E+00  0.00000E+00  0.00000E+00  0.00000E+00  0.00000E+00  0.00000E+00
   29174   2  0.00000E+00  0.00000E+00  0.00000E+00  0.00000E+00  0.00000E+00  0.00000E+00  0.00000E+00  0.00000E+00  0.00000E+00  0.00000E+00  0.00000E+00  0.00000E+00  0.00000E+00  0.00000E+00  0.00000E+00  0.00000E+00  0.00000E+00  0.00000E+00  0.00000E+00  0.00000E+00  0.00000E+00  0.00000E+00  0.00000E+00  0.00000E+00
   28558   3  5.11288E-02  5.11288E-02  5.11288E-02  5.11288E-02  5.11288E-02  2.94962E-02  2.94962E-02  2.94962E-02  2.94962E-02  2.94962E-02  2.94962E-02  2.94962E-02  2.94962E-02  5.11288E-02  5.11288E-02  5.11288E-02  5.11288E-02  5.11288E-02  5.11288E-02  5.11288E-02  5.11288E-02  5.11288E-02  5.11288E-02  5.11288E-02
   28558   4  2.12311E-01  2.12311E-01  2.12311E-01  2.12311E-01  2.12311E-01  2.12311E-01  2.12311E-01  2.12311E-01  2.12311E-01  2.12311E-01  2.12311E-01  2.12311E-01  2.12311E-01  2.12311E-01  2.12311E-01  2.12311E-01  2.12311E-01  2.12311E-01  2.12311E-01  2.12311E-01  2.12311E-01  2.12311E-01  2.12311E-01  2.12311E-01
   28558   2  1.08389E-01  1.08389E-01  1.08389E-01  1.08389E-01  1.08389E-01  1.08389E-01  1.08389E-01  1.08389E-01  1.08389E-01  1.08389E-01  1.08389E-01  1.08389E-01  1.08389E-01  1.08389E-01  1.08389E-01  1.08389E-01  1.08389E-01  1.08389E-01  1.08389E-01  1.08389E-01  1.08389E-01  1.08389E-01  1.08389E-01  1.08389E-01
   28911   3  1.54099E-02  1.54099E-02  1.54099E-02  1.54099E-02  1.54099E-02  1.54099E-02  1.54099E-02  1.54099E-02  1.54099E-02  1.54099E-02  1.54099E-02  1.54099E-02  1.54099E-02  1.54099E-02  1.54099E-02  1.54099E-02  1.54099E-02  1.54099E-02  1.54099E-02  1.54099E-02  1.54099E-02  1.54099E-02  1.54099E-02  1.54099E-02
   29621   4  1.22226E-02  1.22226E-02  1.22226E-02  1.22226E-02  1.22226E-02  1.22226E-02  1.22226E-02  1.22226E-02  1.22226E-02  1.22226E-02  1.22226E-02  1.22226E-02  1.22226E-02  1.22226E-02  1.22226E-02  1.22226E-02  1.22226E-02  1.22226E-02  1.22226E-02  1.22226E-02  1.22226E-02  1.22226E-02  1.22226E-02  1.22226E-02
   29616   7  1.69535E+01  1.69535E+01  1.69535E+01  1.69535E+01  1.69535E+01  1.69535E+01  1.69535E+01  1.69535E+01  1.69535E+01  1.69535E+01  1.69535E+01  1.69535E+01  1.69535E+01  1.69535E+01  1.69535E+01  1.69535E+01  1.69535E+01  1.69535E+01  1.69535E+01  1.69535E+01  1.69535E+01  1.69535E+01  1.69535E+01  1.69535E+01
   28204   3  9.35075E-03  9.35075E-03  9.35075E-03  9.35075E-03  9.35075E-03  0.00000E+00  0.00000E+00  0.00000E+00  0.00000E+00  0.00000E+00  0.00000E+00  0.00000E+00  0.00000E+00  9.35075E-03  9.35075E-03  9.35075E-03  9.35075E-03  9.35075E-03  9.35075E-03  9.35075E-03  9.35075E-03  9.35075E-03  9.35075E-03  9.35075E-03
   28204   4  0.00000E+00  0.00000E+00  0.00000E+00  0.00000E+00  0.00000E+00  0.00000E+00  0.00000E+00  0.00000E+00  0.00000E+00  0.00000E+00  0.00000E+00  0.00000E+00  0.00000E+00  0.00000E+00  0.00000E+00  0.00000E+00  0.00000E+00  0.00000E+00  0.00000E+00  0.00000E+00  0.00000E+00  0.00000E+00  0.00000E+00  0.00000E+00
   28204   7  1.00760E+01  1.00760E+01  1.00760E+01  1.00760E+01  1.00760E+01  1.00760E+01  1.00760E+01  1.00760E+01  1.00760E+01  1.00760E+01  1.00760E+01  1.00760E+01  1.00760E+01  1.00760E+01  1.00760E+01  1.00760E+01  1.00760E+01  1.00760E+01  1.00760E+01  1.00760E+01  1.00760E+01  1.00760E+01  1.00760E+01  1.00760E+01
   28221   3  0.00000E+00  0.00000E+00  0.00000E+00  0.00000E+00  0.00000E+00  0.00000E+00  0.00000E+00  0.00000E+00  0.00000E+00  0.00000E+00  0.00000E+00  0.00000E+00  0.00000E+00  0.00000E+00  0.00000E+00  0.00000E+00  0.00000E+00  0.00000E+00  0.00000E+00  0.00000E+00  0.00000E+00  0.00000E+00  0.00000E+00  0.00000E+00
   28221   2  0.00000E+00  0.00000E+00  0.00000E+00  0.00000E+00  0.00000E+00  0.00000E+00  0.00000E+00  0.00000E+00  0.00000E+00  0.00000E+00  0.00000E+00  0.00000E+00  0.00000E+00  0.00000E+00  0.00000E+00  0.00000E+00  0.00000E+00  0.00000E+00  0.00000E+00  0.00000E+00  0.00000E+00  0.00000E+00  0.00000E+00  0.00000E+00
   36171   3  2.10358E-03  2.10358E-03  2.10358E-03  2.10358E-03  2.10358E-03  2.10358E-03  2.10358E-03  2.10358E-03  2.10358E-03  2.10358E-03  2.10358E-03  2.10358E-03  2.10358E-03  2.10358E-03  2.10358E-03  2.10358E-03  2.10358E-03  2.10358E-03  2.10358E-03  2.10358E-03  2.10358E-03  2.10358E-03  2.10358E-03  2.10358E-03
   34059   3  4.97244E-04  4.97244E-04  4.97244E-04  4.97244E-04  4.97244E-04  4.97244E-04  4.97244E-04  4.97244E-04  4.97244E-04  4.97244E-04  4.97244E-04  4.97244E-04  4.97244E-04  4.97244E-04  4.97244E-04  4.97244E-04  4.97244E-04  4.97244E-04  4.97244E-04  4.97244E-04  4.97244E-04  4.97244E-04  4.97244E-04  4.97244E-04
   34059   7  7.74860E-01  7.74860E-01  7.74860E-01  7.74860E-01  7.74860E-01  7.74860E-01  7.74860E-01  7.74860E-01  7.74860E-01  7.74860E-01  7.74860E-01  7.74860E-01  7.74860E-01  7.74860E-01  7.74860E-01  7.74860E-01  7.74860E-01  7.74860E-01  7.74860E-01  7.74860E-01  7.74860E-01  7.74860E-01  7.74860E-01  7.74860E-01
   35117   4  0.00000E+00  0.00000E+00  0.00000E+00  0.00000E+00  0.00000E+00  0.00000E+00  0.00000E+00  0.00000E+00  0.00000E+00  0.00000E+00  0.00000E+00  0.00000E+00  0.00000E+00  0.00000E+00  0.00000E+00  0.00000E+00  0.00000E+00  0.00000E+00  0.00000E+00  0.00000E+00  0.00000E+00  0.00000E+00  0.00000E+00  0.00000E+00
   37574   3  8.09721E-04  8.09721E-04  8.09721E-04  8.09721E-04  8.09721E-04  8.09721E-04  8.09721E-04  8.09721E-04  8.09721E-04  8.09721E-04  8.09721E-04  8.09721E-04  8.09721E-04  8.09721E-04  8.09721E-04  8.09721E-04  8.09721E-04  8.09721E-04  8.09721E-04  8.09721E-04  8.09721E-04  8.09721E-04  8.09721E-04  8.09721E-04
   37927   3  1.28527E-04  1.28527E-04  1.28527E-04  1.28527E-04  1.28527E-04  1.28527E-04  1.28527E-04  1.28527E-04  1.28527E-04  1.28527E-04  1.28527E-04  1.28527E-04  1.28527E-04  1.28527E-04  1.28527E-04  1.28527E-04  1.28527E-04  1.28527E-04  1.28527E-04  1.28527E-04  1.28527E-04  1.28527E-04  1.28527E-04  1.28527E-04
   34411   3  2.51508E-04  2.51508E-04  2.51508E-04  2.51508E-04  2.51508E-04  2.51508E-04  2.51508E-04  2.51508E-04  2.51508E-04  2.51508E-04  2.51508E-04  2.51508E-04  2.51508E-04  2.51508E-04  2.51508E-04  2.51508E-04  2.51508E-04  2.51508E-04  2.51508E-04  2.51508E-04  2.51508E-04  2.51508E-04  2.51508E-04  2.51508E-04
   34765   3  3.42397E-05  3.42397E-05  3.42397E-05  3.42397E-05  3.42397E-05  3.42397E-05  3.42397E-05  3.42397E-05  3.42397E-05  3.42397E-05  3.42397E-05  3.42397E-05  3.42397E-05  3.42397E-05  3.42397E-05  3.42397E-05  3.42397E-05  3.42397E-05  3.42397E-05  3.42397E-05  3.42397E-05  3.42397E-05  3.42397E-05  3.42397E-05
