HC5 ,RADM-2, Emissions
         909 ,2005-03-16_00:00:00,SAT
   47145   3  0.00000E+00  0.00000E+00  0.00000E+00  0.00000E+00  0.00000E+00  0.00000E+00  0.00000E+00  0.00000E+00  0.00000E+00  0.00000E+00  0.00000E+00  0.00000E+00  0.00000E+00  0.00000E+00  0.00000E+00  0.00000E+00  0.00000E+00  0.00000E+00  0.00000E+00  0.00000E+00  0.00000E+00  0.00000E+00  0.00000E+00  0.00000E+00
   46441   2  3.51582E+02  3.51582E+02  3.51582E+02  3.51582E+02  3.51582E+02  3.51582E+02  3.51582E+02  3.51582E+02  3.51582E+02  3.51582E+02  3.51582E+02  3.51582E+02  3.51582E+02  3.51582E+02  3.51582E+02  3.51582E+02  3.51582E+02  3.51582E+02  3.51582E+02  3.51582E+02  3.51582E+02  3.51582E+02  3.51582E+02  3.51582E+02
   46441   3  4.03349E+01  4.03349E+01  4.03349E+01  4.03349E+01  4.03349E+01  4.03349E+01  4.03349E+01  4.03349E+01  4.03349E+01  4.03349E+01  4.03349E+01  4.03349E+01  4.03349E+01  4.03349E+01  4.03349E+01  4.03349E+01  4.03349E+01  4.03349E+01  4.03349E+01  4.03349E+01  4.03349E+01  4.03349E+01  4.03349E+01  4.03349E+01
   76270   4  3.36426E+02  3.36426E+02  3.36426E+02  3.36426E+02  3.36426E+02  3.36426E+02  3.36426E+02  3.36426E+02  3.36426E+02  3.36426E+02  3.36426E+02  3.36426E+02  3.36426E+02  3.36426E+02  3.36426E+02  3.36426E+02  3.36426E+02  3.36426E+02  3.36426E+02  3.36426E+02  3.36426E+02  3.36426E+02  3.36426E+02  3.36426E+02
   76270   3  0.00000E+00  0.00000E+00  0.00000E+00  0.00000E+00  0.00000E+00  0.00000E+00  0.00000E+00  0.00000E+00  0.00000E+00  0.00000E+00  0.00000E+00  0.00000E+00  0.00000E+00  0.00000E+00  0.00000E+00  0.00000E+00  0.00000E+00  0.00000E+00  0.00000E+00  0.00000E+00  0.00000E+00  0.00000E+00  0.00000E+00  0.00000E+00
   76270   7  1.19159E+02  1.19159E+02  1.19159E+02  1.19159E+02  1.19159E+02  1.19159E+02  1.19159E+02  1.19159E+02  1.19159E+02  1.19159E+02  1.19159E+02  1.19159E+02  1.19159E+02  1.19159E+02  1.19159E+02  1.19159E+02  1.19159E+02  1.19159E+02  1.19159E+02  1.19159E+02  1.19159E+02  1.19159E+02  1.19159E+02  1.19159E+02
   79107   3  4.80463E+01  4.80463E+01  4.80463E+01  4.80463E+01  4.80463E+01  4.80463E+01  4.80463E+01  4.80463E+01  4.80463E+01  4.80463E+01  4.80463E+01  4.80463E+01  4.80463E+01  4.80463E+01  4.80463E+01  7.14377E+01  7.14377E+01  7.14377E+01  7.14377E+01  7.14377E+01  7.14377E+01  7.14377E+01  7.14377E+01  4.80463E+01
   79108   3  0.00000E+00  0.00000E+00  0.00000E+00  0.00000E+00  0.00000E+00  0.00000E+00  0.00000E+00  0.00000E+00  0.00000E+00  0.00000E+00  0.00000E+00  0.00000E+00  0.00000E+00  0.00000E+00  0.00000E+00  0.00000E+00  0.00000E+00  0.00000E+00  0.00000E+00  0.00000E+00  0.00000E+00  0.00000E+00  0.00000E+00  0.00000E+00
   72399   3  6.37676E-03  6.37676E-03  6.37676E-03  6.37676E-03  6.37676E-03  6.37676E-03  6.37676E-03  6.37676E-03  6.37676E-03  6.37676E-03  6.37676E-03  6.37676E-03  6.37676E-03  6.37676E-03  6.37676E-03  6.37676E-03  6.37676E-03  6.37676E-03  6.37676E-03  6.37676E-03  6.37676E-03  6.37676E-03  6.37676E-03  6.37676E-03
   79107   4  1.83106E+01  1.83106E+01  1.83106E+01  1.83106E+01  1.83106E+01  1.83106E+01  1.83106E+01  1.83106E+01  1.83106E+01  1.83106E+01  1.83106E+01  1.83106E+01  1.83106E+01  1.83106E+01  1.83106E+01  1.83106E+01  1.83106E+01  1.83106E+01  1.83106E+01  1.83106E+01  1.83106E+01  1.83106E+01  1.83106E+01  1.83106E+01
   79106   4  1.81143E+00  1.81143E+00  1.81143E+00  1.81143E+00  1.81143E+00  1.81143E+00  1.81143E+00  1.81143E+00  1.81143E+00  1.81143E+00  1.81143E+00  1.81143E+00  1.81143E+00  1.81143E+00  1.81143E+00  1.81143E+00  1.81143E+00  1.81143E+00  1.81143E+00  1.81143E+00  1.81143E+00  1.81143E+00  1.81143E+00  1.81143E+00
   78754   3  9.16820E-04  9.16820E-04  9.16820E-04  9.16820E-04  9.16820E-04  9.16820E-04  9.16820E-04  9.16820E-04  9.16820E-04  9.16820E-04  9.16820E-04  9.16820E-04  9.16820E-04  9.16820E-04  9.16820E-04  9.16820E-04  9.16820E-04  9.16820E-04  9.16820E-04  9.16820E-04  9.16820E-04  9.16820E-04  9.16820E-04  9.16820E-04
   78754   4  3.80573E+01  3.80573E+01  3.80573E+01  3.80573E+01  3.80573E+01  3.80573E+01  3.80573E+01  3.80573E+01  3.80573E+01  3.80573E+01  3.80573E+01  3.80573E+01  3.80573E+01  3.80573E+01  3.80573E+01  3.80573E+01  3.80573E+01  3.80573E+01  3.80573E+01  3.80573E+01  3.80573E+01  3.80573E+01  3.80573E+01  3.80573E+01
   78755   3  0.00000E+00  0.00000E+00  0.00000E+00  0.00000E+00  0.00000E+00  0.00000E+00  0.00000E+00  0.00000E+00  0.00000E+00  0.00000E+00  0.00000E+00  0.00000E+00  0.00000E+00  0.00000E+00  0.00000E+00  0.00000E+00  0.00000E+00  0.00000E+00  0.00000E+00  0.00000E+00  0.00000E+00  0.00000E+00  0.00000E+00  0.00000E+00
   79107   7  2.94562E+00  2.94562E+00  2.94562E+00  2.94562E+00  2.94562E+00  2.94562E+00  2.94562E+00  2.94562E+00  2.94562E+00  2.94562E+00  2.94562E+00  2.94562E+00  2.94562E+00  2.94562E+00  2.94562E+00  2.72565E+01  2.72565E+01  2.72565E+01  2.72565E+01  2.72565E+01  2.72565E+01  2.72565E+01  2.72565E+01  2.94562E+00
   78738   4  0.00000E+00  0.00000E+00  0.00000E+00  0.00000E+00  0.00000E+00  0.00000E+00  0.00000E+00  0.00000E+00  0.00000E+00  0.00000E+00  0.00000E+00  0.00000E+00  0.00000E+00  0.00000E+00  0.00000E+00  0.00000E+00  0.00000E+00  0.00000E+00  0.00000E+00  0.00000E+00  0.00000E+00  0.00000E+00  0.00000E+00  0.00000E+00
   78383   3  5.75334E+00  5.66820E+00  5.35194E+00  4.82891E+00  4.28156E+00  3.61926E+00  3.35117E+00  3.21712E+00  3.17244E+00  3.26181E+00  3.52990E+00  3.95438E+00  4.50174E+00  4.83686E+00  5.10495E+00  5.33953E+00  5.42890E+00  5.51826E+00  5.55177E+00  5.59646E+00  5.58528E+00  5.55177E+00  5.46241E+00  5.32836E+00
   78383   2  1.91778E+00  1.88940E+00  1.78398E+00  1.60964E+00  1.42719E+00  1.20642E+00  1.11706E+00  1.07237E+00  1.05748E+00  1.08727E+00  1.17663E+00  1.31813E+00  1.50058E+00  1.61229E+00  1.70165E+00  1.77984E+00  1.80963E+00  1.83942E+00  1.85059E+00  1.86549E+00  1.86176E+00  1.85059E+00  1.82080E+00  1.77612E+00
   78383   6  0.00000E+00  0.00000E+00  0.00000E+00  0.00000E+00  0.00000E+00  0.00000E+00  0.00000E+00  0.00000E+00  0.00000E+00  0.00000E+00  0.00000E+00  0.00000E+00  0.00000E+00  0.00000E+00  0.00000E+00  0.00000E+00  0.00000E+00  0.00000E+00  0.00000E+00  0.00000E+00  0.00000E+00  0.00000E+00  0.00000E+00  0.00000E+00
   78032   5  1.57655E+01  1.57655E+01  1.57655E+01  1.57655E+01  1.57655E+01  1.57655E+01  1.57655E+01  1.57655E+01  1.57655E+01  1.57655E+01  1.57655E+01  1.57655E+01  1.57655E+01  1.57655E+01  1.57655E+01  1.57655E+01  1.57655E+01  1.57655E+01  1.57655E+01  1.57655E+01  1.57655E+01  1.57655E+01  1.57655E+01  1.57655E+01
   51367   3  6.80990E-03  6.80990E-03  6.80990E-03  6.80990E-03  6.80990E-03  6.80990E-03  6.80990E-03  6.80990E-03  6.80990E-03  6.80990E-03  6.80990E-03  6.80990E-03  6.80990E-03  6.80990E-03  6.80990E-03  6.80990E-03  6.80990E-03  6.80990E-03  6.80990E-03  6.80990E-03  6.80990E-03  6.80990E-03  6.80990E-03  6.80990E-03
   52419   3  0.00000E+00  0.00000E+00  0.00000E+00  0.00000E+00  0.00000E+00  0.00000E+00  0.00000E+00  0.00000E+00  0.00000E+00  0.00000E+00  0.00000E+00  0.00000E+00  0.00000E+00  0.00000E+00  0.00000E+00  0.00000E+00  0.00000E+00  0.00000E+00  0.00000E+00  0.00000E+00  0.00000E+00  0.00000E+00  0.00000E+00  0.00000E+00
   47111   3  2.38271E-02  2.34745E-02  2.21647E-02  1.99986E-02  1.77318E-02  1.49890E-02  1.38787E-02  1.33235E-02  1.31385E-02  1.35086E-02  1.46189E-02  1.63768E-02  1.86437E-02  2.00315E-02  2.11418E-02  2.21133E-02  2.24834E-02  2.28535E-02  2.29923E-02  2.31774E-02  2.31311E-02  2.29923E-02  2.26222E-02  2.20671E-02
   52073   4  8.01164E-02  8.01164E-02  8.01164E-02  8.01164E-02  8.01164E-02  8.01164E-02  8.01164E-02  8.01164E-02  8.01164E-02  8.01164E-02  8.01164E-02  8.01164E-02  8.01164E-02  8.01164E-02  8.01164E-02  8.01164E-02  8.01164E-02  8.01164E-02  8.01164E-02  8.01164E-02  8.01164E-02  8.01164E-02  8.01164E-02  8.01164E-02
   52073   3  2.97839E-02  2.93431E-02  2.77059E-02  2.49983E-02  2.21647E-02  1.87362E-02  1.73483E-02  1.66544E-02  1.64231E-02  1.68857E-02  1.82736E-02  2.04710E-02  2.33046E-02  4.02618E+00  4.02756E+00  4.02878E+00  4.02924E+00  4.02970E+00  4.02988E+00  4.03011E+00  4.03005E+00  2.87404E-02  2.82778E-02  2.75838E-02
   52073   1  0.00000E+00  0.00000E+00  0.00000E+00  0.00000E+00  0.00000E+00  0.00000E+00  0.00000E+00  0.00000E+00  0.00000E+00  0.00000E+00  0.00000E+00  0.00000E+00  0.00000E+00  0.00000E+00  0.00000E+00  0.00000E+00  0.00000E+00  0.00000E+00  0.00000E+00  0.00000E+00  0.00000E+00  0.00000E+00  0.00000E+00  0.00000E+00
   52073   2  4.84478E+02  4.84478E+02  4.84478E+02  4.84478E+02  4.84478E+02  4.84478E+02  4.84478E+02  4.84478E+02  4.84478E+02  4.84478E+02  4.84478E+02  4.84478E+02  4.84478E+02  4.84478E+02  4.84478E+02  4.84478E+02  4.84478E+02  4.84478E+02  4.84478E+02  4.84478E+02  4.84478E+02  4.84478E+02  4.84478E+02  4.84478E+02
   52076   7  2.67656E+01  2.67656E+01  2.67656E+01  2.67656E+01  2.67656E+01  2.67656E+01  2.67656E+01  2.67656E+01  2.67656E+01  2.67656E+01  2.67656E+01  2.67656E+01  2.67656E+01  2.67656E+01  2.67656E+01  2.67656E+01  2.67656E+01  2.67656E+01  2.67656E+01  2.67656E+01  2.67656E+01  2.67656E+01  2.67656E+01  2.67656E+01
   56308   3  0.00000E+00  0.00000E+00  0.00000E+00  0.00000E+00  0.00000E+00  0.00000E+00  0.00000E+00  0.00000E+00  0.00000E+00  0.00000E+00  0.00000E+00  0.00000E+00  0.00000E+00  0.00000E+00  0.00000E+00  0.00000E+00  0.00000E+00  0.00000E+00  0.00000E+00  0.00000E+00  0.00000E+00  0.00000E+00  0.00000E+00  0.00000E+00
   57719   2  5.69476E-04  5.69476E-04  5.69476E-04  5.69476E-04  5.69476E-04  5.69476E-04  5.69476E-04  5.69476E-04  5.69476E-04  5.69476E-04  5.69476E-04  5.69476E-04  5.69476E-04  5.69476E-04  5.69476E-04  5.69476E-04  5.69476E-04  5.69476E-04  5.69476E-04  5.69476E-04  5.69476E-04  5.69476E-04  5.69476E-04  5.69476E-04
   58787   3  0.00000E+00  0.00000E+00  0.00000E+00  0.00000E+00  0.00000E+00  0.00000E+00  0.00000E+00  0.00000E+00  0.00000E+00  0.00000E+00  0.00000E+00  0.00000E+00  0.00000E+00  0.00000E+00  0.00000E+00  0.00000E+00  0.00000E+00  0.00000E+00  0.00000E+00  0.00000E+00  0.00000E+00  0.00000E+00  0.00000E+00  0.00000E+00
   58787   2  1.96885E+01  1.93971E+01  1.83149E+01  1.65250E+01  1.46519E+01  1.23855E+01  1.14680E+01  1.10093E+01  1.08564E+01  1.11622E+01  1.20797E+01  1.35323E+01  1.54054E+01  1.65522E+01  1.74696E+01  1.82724E+01  1.85782E+01  1.88840E+01  1.89987E+01  1.91516E+01  1.91134E+01  1.89987E+01  1.86929E+01  1.82342E+01
   52405   4  0.00000E+00  0.00000E+00  0.00000E+00  0.00000E+00  0.00000E+00  0.00000E+00  0.00000E+00  0.00000E+00  0.00000E+00  0.00000E+00  0.00000E+00  0.00000E+00  0.00000E+00  0.00000E+00  0.00000E+00  0.00000E+00  0.00000E+00  0.00000E+00  0.00000E+00  0.00000E+00  0.00000E+00  0.00000E+00  0.00000E+00  0.00000E+00
   53828   3  0.00000E+00  0.00000E+00  0.00000E+00  0.00000E+00  0.00000E+00  0.00000E+00  0.00000E+00  0.00000E+00  0.00000E+00  0.00000E+00  0.00000E+00  0.00000E+00  0.00000E+00  0.00000E+00  0.00000E+00  0.00000E+00  0.00000E+00  0.00000E+00  0.00000E+00  0.00000E+00  0.00000E+00  0.00000E+00  0.00000E+00  0.00000E+00
   59849   3  2.43005E-01  2.43005E-01  2.43005E-01  2.43005E-01  2.43005E-01  2.43005E-01  2.43005E-01  2.43005E-01  2.43005E-01  2.43005E-01  2.43005E-01  2.43005E-01  2.43005E-01  2.43005E-01  2.43005E-01  2.43005E-01  2.43005E-01  2.43005E-01  2.43005E-01  2.43005E-01  2.43005E-01  2.43005E-01  2.43005E-01  2.43005E-01
   59849   4  7.03823E-01  7.03823E-01  7.03823E-01  7.03823E-01  7.03823E-01  7.03823E-01  7.03823E-01  7.03823E-01  7.03823E-01  7.03823E-01  7.03823E-01  7.03823E-01  7.03823E-01  7.03823E-01  7.03823E-01  7.03823E-01  7.03823E-01  7.03823E-01  7.03823E-01  7.03823E-01  7.03823E-01  7.03823E-01  7.03823E-01  7.03823E-01
   46431   3  0.00000E+00  0.00000E+00  0.00000E+00  0.00000E+00  0.00000E+00  0.00000E+00  0.00000E+00  0.00000E+00  0.00000E+00  0.00000E+00  0.00000E+00  0.00000E+00  0.00000E+00  0.00000E+00  0.00000E+00  0.00000E+00  0.00000E+00  0.00000E+00  0.00000E+00  0.00000E+00  0.00000E+00  0.00000E+00  0.00000E+00  0.00000E+00
   46078   4  1.33319E+00  1.33319E+00  1.33319E+00  1.33319E+00  1.33319E+00  1.33319E+00  1.33319E+00  1.33319E+00  1.33319E+00  1.33319E+00  1.33319E+00  1.33319E+00  1.33319E+00  1.33319E+00  1.33319E+00  1.33319E+00  1.33319E+00  1.33319E+00  1.33319E+00  1.33319E+00  1.33319E+00  1.33319E+00  1.33319E+00  1.33319E+00
   46078   3  0.00000E+00  0.00000E+00  0.00000E+00  0.00000E+00  0.00000E+00  0.00000E+00  0.00000E+00  0.00000E+00  0.00000E+00  0.00000E+00  0.00000E+00  0.00000E+00  0.00000E+00  0.00000E+00  0.00000E+00  0.00000E+00  0.00000E+00  0.00000E+00  0.00000E+00  0.00000E+00  0.00000E+00  0.00000E+00  0.00000E+00  0.00000E+00
   46078   7  0.00000E+00  0.00000E+00  0.00000E+00  0.00000E+00  0.00000E+00  0.00000E+00  0.00000E+00  0.00000E+00  0.00000E+00  0.00000E+00  0.00000E+00  0.00000E+00  0.00000E+00  6.52465E+01  6.52465E+01  6.52465E+01  6.52465E+01  6.52465E+01  6.52465E+01  6.52465E+01  6.52465E+01  0.00000E+00  0.00000E+00  0.00000E+00
   47835   2  5.29669E+00  5.29669E+00  5.29669E+00  5.29669E+00  5.29669E+00  5.29669E+00  5.29669E+00  5.29669E+00  5.29669E+00  5.29669E+00  5.29669E+00  5.29669E+00  5.29669E+00  5.29669E+00  5.29669E+00  5.29669E+00  5.29669E+00  5.29669E+00  5.29669E+00  5.29669E+00  5.29669E+00  5.29669E+00  5.29669E+00  5.29669E+00
   47835   8  5.47144E-01  5.47144E-01  5.47144E-01  5.47144E-01  5.47144E-01  5.47144E-01  5.47144E-01  5.47144E-01  5.47144E-01  5.47144E-01  5.47144E-01  5.47144E-01  5.47144E-01  5.47144E-01  5.47144E-01  5.47144E-01  5.47144E-01  5.47144E-01  5.47144E-01  5.47144E-01  5.47144E-01  5.47144E-01  5.47144E-01  5.47144E-01
   47835   3  7.73123E-02  7.73123E-02  7.73123E-02  7.73123E-02  7.73123E-02  7.73123E-02  7.73123E-02  7.73123E-02  7.73123E-02  7.73123E-02  7.73123E-02  7.73123E-02  7.73123E-02  7.73123E-02  7.73123E-02  7.73123E-02  7.73123E-02  7.73123E-02  7.73123E-02  7.73123E-02  7.73123E-02  7.73123E-02  7.73123E-02  7.73123E-02
   56665   7  2.57022E+01  2.57022E+01  2.57022E+01  2.57022E+01  2.57022E+01  2.57022E+01  2.57022E+01  2.57022E+01  2.57022E+01  2.57022E+01  2.57022E+01  2.57022E+01  2.57022E+01  2.57022E+01  2.57022E+01  2.57022E+01  2.57022E+01  2.57022E+01  2.57022E+01  2.57022E+01  2.57022E+01  2.57022E+01  2.57022E+01  2.57022E+01
   45724   4  6.50554E-01  6.50554E-01  6.50554E-01  6.50554E-01  6.50554E-01  6.50554E-01  6.50554E-01  6.50554E-01  6.50554E-01  6.50554E-01  6.50554E-01  6.50554E-01  6.50554E-01  6.50554E-01  6.50554E-01  6.50554E-01  6.50554E-01  6.50554E-01  6.50554E-01  6.50554E-01  6.50554E-01  6.50554E-01  6.50554E-01  6.50554E-01
   45724   3  1.19951E-02  1.19951E-02  1.19951E-02  1.19951E-02  1.19951E-02  1.19951E-02  1.19951E-02  1.19951E-02  1.19951E-02  1.19951E-02  1.19951E-02  1.19951E-02  1.19951E-02  5.61223E-02  5.61223E-02  5.61223E-02  5.61223E-02  5.61223E-02  5.61223E-02  5.61223E-02  5.61223E-02  1.19951E-02  1.19951E-02  1.19951E-02
   44664   7  0.00000E+00  0.00000E+00  0.00000E+00  0.00000E+00  0.00000E+00  0.00000E+00  0.00000E+00  0.00000E+00  0.00000E+00  0.00000E+00  0.00000E+00  0.00000E+00  0.00000E+00  4.71526E-01  4.71526E-01  4.71526E-01  4.71526E-01  4.71526E-01  4.71526E-01  4.71526E-01  4.71526E-01  0.00000E+00  0.00000E+00  0.00000E+00
   45724   7  3.47559E+01  3.47559E+01  3.47559E+01  3.47559E+01  3.47559E+01  3.47559E+01  3.47559E+01  3.47559E+01  3.47559E+01  3.47559E+01  3.47559E+01  3.47559E+01  3.47559E+01  3.47559E+01  3.47559E+01  3.47559E+01  3.47559E+01  3.47559E+01  3.47559E+01  3.47559E+01  3.47559E+01  3.47559E+01  3.47559E+01  3.47559E+01
   56311   3  9.28489E+00  9.28489E+00  9.28489E+00  9.28489E+00  9.28489E+00  9.28489E+00  9.28489E+00  9.28489E+00  9.28489E+00  9.28489E+00  9.28489E+00  9.28489E+00  9.28489E+00  9.28489E+00  9.28489E+00  9.28489E+00  9.28489E+00  9.28489E+00  9.28489E+00  9.28489E+00  9.28489E+00  9.28489E+00  9.28489E+00  9.28489E+00
   46050   3  2.37955E+00  2.37955E+00  2.37955E+00  2.37955E+00  2.37955E+00  2.37955E+00  2.37955E+00  2.37955E+00  2.37955E+00  2.37955E+00  2.37955E+00  2.37955E+00  2.37955E+00  2.45577E+00  2.45577E+00  2.45577E+00  2.45577E+00  2.45577E+00  2.45577E+00  2.45577E+00  2.45577E+00  2.37955E+00  2.37955E+00  2.37955E+00
   46050   4  4.20354E-01  4.20354E-01  4.20354E-01  4.20354E-01  4.20354E-01  4.20354E-01  4.20354E-01  4.20354E-01  4.20354E-01  4.20354E-01  4.20354E-01  4.20354E-01  4.20354E-01  4.20354E-01  4.20354E-01  4.20354E-01  4.20354E-01  4.20354E-01  4.20354E-01  4.20354E-01  4.20354E-01  4.20354E-01  4.20354E-01  4.20354E-01
   46050   2  0.00000E+00  0.00000E+00  0.00000E+00  0.00000E+00  0.00000E+00  0.00000E+00  0.00000E+00  0.00000E+00  0.00000E+00  0.00000E+00  0.00000E+00  0.00000E+00  0.00000E+00  0.00000E+00  0.00000E+00  0.00000E+00  0.00000E+00  0.00000E+00  0.00000E+00  0.00000E+00  0.00000E+00  0.00000E+00  0.00000E+00  0.00000E+00
   46051   4  0.00000E+00  0.00000E+00  0.00000E+00  0.00000E+00  0.00000E+00  0.00000E+00  0.00000E+00  0.00000E+00  0.00000E+00  0.00000E+00  0.00000E+00  0.00000E+00  0.00000E+00  0.00000E+00  0.00000E+00  0.00000E+00  0.00000E+00  0.00000E+00  0.00000E+00  0.00000E+00  0.00000E+00  0.00000E+00  0.00000E+00  0.00000E+00
   71070   3  0.00000E+00  0.00000E+00  0.00000E+00  0.00000E+00  0.00000E+00  0.00000E+00  0.00000E+00  0.00000E+00  0.00000E+00  0.00000E+00  0.00000E+00  0.00000E+00  0.00000E+00  0.00000E+00  0.00000E+00  0.00000E+00  0.00000E+00  0.00000E+00  0.00000E+00  0.00000E+00  0.00000E+00  0.00000E+00  0.00000E+00  0.00000E+00
   55562   4  2.17458E+00  2.17458E+00  2.17458E+00  2.17458E+00  2.17458E+00  2.17458E+00  2.17458E+00  2.17458E+00  2.17458E+00  2.17458E+00  2.17458E+00  2.17458E+00  2.17458E+00  2.17458E+00  2.17458E+00  2.17458E+00  2.17458E+00  2.17458E+00  2.17458E+00  2.17458E+00  2.17458E+00  2.17458E+00  2.17458E+00  2.17458E+00
   59075   4  0.00000E+00  0.00000E+00  0.00000E+00  0.00000E+00  0.00000E+00  0.00000E+00  0.00000E+00  0.00000E+00  0.00000E+00  0.00000E+00  0.00000E+00  0.00000E+00  0.00000E+00  0.00000E+00  0.00000E+00  0.00000E+00  0.00000E+00  0.00000E+00  0.00000E+00  0.00000E+00  0.00000E+00  0.00000E+00  0.00000E+00  0.00000E+00
   57669   3  0.00000E+00  0.00000E+00  0.00000E+00  0.00000E+00  0.00000E+00  0.00000E+00  0.00000E+00  0.00000E+00  0.00000E+00  0.00000E+00  0.00000E+00  0.00000E+00  0.00000E+00  0.00000E+00  0.00000E+00  0.00000E+00  0.00000E+00  0.00000E+00  0.00000E+00  0.00000E+00  0.00000E+00  0.00000E+00  0.00000E+00  0.00000E+00
   59789   3  5.99040E+01  5.99039E+01  5.99039E+01  5.99037E+01  5.99034E+01  5.99031E+01  6.69708E-03  6.53847E-03  6.45916E-03  6.43273E-03  6.48560E-03  6.64421E-03  6.89535E-03  7.21919E-03  1.01932E+02  1.01933E+02  1.01933E+02  1.01933E+02  1.01933E+02  1.01933E+02  1.01933E+02  1.01933E+02  5.99038E+01  5.99038E+01
   59789   4  6.58156E-01  6.58156E-01  6.58156E-01  6.58156E-01  6.58156E-01  6.58156E-01  6.58156E-01  6.58156E-01  6.58156E-01  6.58156E-01  6.58156E-01  6.58156E-01  6.58156E-01  6.58156E-01  6.58156E-01  6.58156E-01  6.58156E-01  6.58156E-01  6.58156E-01  6.58156E-01  6.58156E-01  6.58156E-01  6.58156E-01  6.58156E-01
   59437   5  3.84943E+00  3.84943E+00  3.84943E+00  3.84943E+00  3.84943E+00  3.84943E+00  3.84943E+00  3.84943E+00  3.84943E+00  3.84943E+00  3.84943E+00  3.84943E+00  3.84943E+00  3.84943E+00  3.84943E+00  3.84943E+00  3.84943E+00  3.84943E+00  3.84943E+00  3.84943E+00  3.84943E+00  3.84943E+00  3.84943E+00  3.84943E+00
   57677   2  4.36389E+01  4.32729E+01  4.26325E+01  4.02539E+01  3.63200E+01  3.22031E+01  2.72218E+01  2.52054E+01  2.41971E+01  2.38611E+01  2.45332E+01  2.65496E+01  2.97423E+01  3.38592E+01  3.63797E+01  3.83962E+01  4.01605E+01  4.08327E+01  4.15048E+01  4.17569E+01  4.20929E+01  4.20089E+01  4.17569E+01  4.10847E+01
   57677   4  0.00000E+00  0.00000E+00  0.00000E+00  0.00000E+00  0.00000E+00  0.00000E+00  0.00000E+00  0.00000E+00  0.00000E+00  0.00000E+00  0.00000E+00  0.00000E+00  0.00000E+00  0.00000E+00  0.00000E+00  0.00000E+00  0.00000E+00  0.00000E+00  0.00000E+00  0.00000E+00  0.00000E+00  0.00000E+00  0.00000E+00  0.00000E+00
   57677   3  0.00000E+00  0.00000E+00  0.00000E+00  0.00000E+00  0.00000E+00  0.00000E+00  0.00000E+00  0.00000E+00  0.00000E+00  0.00000E+00  0.00000E+00  0.00000E+00  0.00000E+00  0.00000E+00  0.00000E+00  0.00000E+00  0.00000E+00  0.00000E+00  0.00000E+00  0.00000E+00  0.00000E+00  0.00000E+00  0.00000E+00  0.00000E+00
   52380   7  1.46899E+01  1.46899E+01  1.46899E+01  1.46899E+01  1.46899E+01  1.46899E+01  1.46899E+01  1.46899E+01  1.46899E+01  1.46899E+01  1.46899E+01  1.46899E+01  1.46899E+01  1.46899E+01  1.46899E+01  1.46899E+01  1.46899E+01  1.46899E+01  1.46899E+01  1.46899E+01  1.46899E+01  1.46899E+01  1.46899E+01  1.46899E+01
   52380   3  0.00000E+00  0.00000E+00  0.00000E+00  0.00000E+00  0.00000E+00  0.00000E+00  0.00000E+00  0.00000E+00  0.00000E+00  0.00000E+00  0.00000E+00  0.00000E+00  0.00000E+00  0.00000E+00  3.04879E-01  3.04879E-01  3.04879E-01  3.04879E-01  3.04879E-01  3.04879E-01  3.04879E-01  3.04879E-01  0.00000E+00  0.00000E+00
   73199   3  1.09802E+00  1.09802E+00  1.09802E+00  1.09802E+00  1.09802E+00  1.09802E+00  1.09802E+00  1.09802E+00  1.09802E+00  1.09802E+00  1.09802E+00  1.09802E+00  1.09802E+00  1.09802E+00  6.78303E+01  6.78303E+01  6.78303E+01  6.78303E+01  6.78303E+01  6.78303E+01  6.78303E+01  6.78303E+01  1.09802E+00  1.09802E+00
   71434   3  3.92399E+00  3.89109E+00  3.83350E+00  3.61962E+00  3.26588E+00  2.89569E+00  2.44777E+00  2.26646E+00  2.17580E+00  2.14558E+00  2.20602E+00  2.38734E+00  2.67442E+00  3.04461E+00  3.27125E+00  3.45257E+00  3.61122E+00  3.67166E+00  3.73210E+00  3.75477E+00  3.78498E+00  3.77743E+00  3.75477E+00  3.69433E+00
   71434   2  5.48171E+00  5.45168E+00  5.39914E+00  5.20399E+00  4.88125E+00  4.54348E+00  4.13480E+00  3.96937E+00  3.88665E+00  3.85908E+00  3.91422E+00  4.07966E+00  4.34159E+00  4.67936E+00  4.88615E+00  5.05158E+00  5.19634E+00  5.25148E+00  5.30662E+00  5.32730E+00  5.35488E+00  5.34798E+00  5.32730E+00  5.27216E+00
   73199   2  0.00000E+00  0.00000E+00  0.00000E+00  0.00000E+00  0.00000E+00  0.00000E+00  0.00000E+00  0.00000E+00  0.00000E+00  0.00000E+00  0.00000E+00  0.00000E+00  0.00000E+00  0.00000E+00  0.00000E+00  0.00000E+00  0.00000E+00  0.00000E+00  0.00000E+00  0.00000E+00  0.00000E+00  0.00000E+00  0.00000E+00  0.00000E+00
   73199   4  3.74085E+01  3.74085E+01  3.74085E+01  3.74085E+01  3.74085E+01  3.74085E+01  3.74085E+01  3.74085E+01  3.74085E+01  3.74085E+01  3.74085E+01  3.74085E+01  3.74085E+01  3.74085E+01  3.74085E+01  3.74085E+01  3.74085E+01  3.74085E+01  3.74085E+01  3.74085E+01  3.74085E+01  3.74085E+01  3.74085E+01  3.74085E+01
   72847   4  3.72541E-01  3.72541E-01  3.72541E-01  3.72541E-01  3.72541E-01  3.72541E-01  3.72541E-01  3.72541E-01  3.72541E-01  3.72541E-01  3.72541E-01  3.72541E-01  3.72541E-01  3.72541E-01  3.72541E-01  3.72541E-01  3.72541E-01  3.72541E-01  3.72541E-01  3.72541E-01  3.72541E-01  3.72541E-01  3.72541E-01  3.72541E-01
   72846   3  0.00000E+00  0.00000E+00  0.00000E+00  0.00000E+00  0.00000E+00  0.00000E+00  0.00000E+00  0.00000E+00  0.00000E+00  0.00000E+00  0.00000E+00  0.00000E+00  0.00000E+00  0.00000E+00  3.17952E-01  3.17952E-01  3.17952E-01  3.17952E-01  3.17952E-01  3.17952E-01  3.17952E-01  3.17952E-01  0.00000E+00  0.00000E+00
   72846   4  0.00000E+00  0.00000E+00  0.00000E+00  0.00000E+00  0.00000E+00  0.00000E+00  0.00000E+00  0.00000E+00  0.00000E+00  0.00000E+00  0.00000E+00  0.00000E+00  0.00000E+00  0.00000E+00  0.00000E+00  0.00000E+00  0.00000E+00  0.00000E+00  0.00000E+00  0.00000E+00  0.00000E+00  0.00000E+00  0.00000E+00  0.00000E+00
   73200   4  1.26023E+01  1.26023E+01  1.26023E+01  1.26023E+01  1.26023E+01  1.26023E+01  1.26023E+01  1.26023E+01  1.26023E+01  1.26023E+01  1.26023E+01  1.26023E+01  1.26023E+01  1.26023E+01  1.26023E+01  1.26023E+01  1.26023E+01  1.26023E+01  1.26023E+01  1.26023E+01  1.26023E+01  1.26023E+01  1.26023E+01  1.26023E+01
   72845   4  7.55097E-01  7.55097E-01  7.55097E-01  7.55097E-01  7.55097E-01  7.55097E-01  7.55097E-01  7.55097E-01  7.55097E-01  7.55097E-01  7.55097E-01  7.55097E-01  7.55097E-01  7.55097E-01  7.55097E-01  7.55097E-01  7.55097E-01  7.55097E-01  7.55097E-01  7.55097E-01  7.55097E-01  7.55097E-01  7.55097E-01  7.55097E-01
   72139   7  1.11772E+02  1.11772E+02  1.11772E+02  1.11772E+02  1.11772E+02  1.11772E+02  1.11772E+02  1.11772E+02  1.11772E+02  1.11772E+02  1.11772E+02  1.11772E+02  1.11772E+02  1.11772E+02  1.11772E+02  1.11772E+02  1.11772E+02  1.11772E+02  1.11772E+02  1.11772E+02  1.11772E+02  1.11772E+02  1.11772E+02  1.11772E+02
   57997   3  2.89853E-03  2.89853E-03  2.89853E-03  2.89853E-03  2.89853E-03  2.89853E-03  2.89853E-03  2.89853E-03  2.89853E-03  2.89853E-03  2.89853E-03  2.89853E-03  2.89853E-03  2.89853E-03  2.89853E-03  2.89853E-03  2.89853E-03  2.89853E-03  2.89853E-03  2.89853E-03  2.89853E-03  2.89853E-03  2.89853E-03  2.89853E-03
   51672   3  0.00000E+00  0.00000E+00  0.00000E+00  0.00000E+00  0.00000E+00  0.00000E+00  0.00000E+00  0.00000E+00  0.00000E+00  0.00000E+00  0.00000E+00  0.00000E+00  0.00000E+00  0.00000E+00  0.00000E+00  0.00000E+00  0.00000E+00  0.00000E+00  0.00000E+00  0.00000E+00  0.00000E+00  0.00000E+00  0.00000E+00  0.00000E+00
   56265   3  1.73912E-03  1.73912E-03  1.73912E-03  1.73912E-03  1.73912E-03  1.73912E-03  1.73912E-03  1.73912E-03  1.73912E-03  1.73912E-03  1.73912E-03  1.73912E-03  1.73912E-03  1.73912E-03  1.73912E-03  1.73912E-03  1.73912E-03  1.73912E-03  1.73912E-03  1.73912E-03  1.73912E-03  1.73912E-03  1.73912E-03  1.73912E-03
   46793   2  2.73629E+00  2.69580E+00  2.54539E+00  2.29663E+00  2.03631E+00  1.72132E+00  1.59382E+00  1.53007E+00  1.50881E+00  1.55132E+00  1.67882E+00  1.88071E+00  2.14103E+00  2.30041E+00  2.42792E+00  2.53948E+00  2.58199E+00  2.62449E+00  2.64043E+00  2.66168E+00  2.65636E+00  2.64043E+00  2.59792E+00  2.53417E+00
   47145   7  2.98036E-02  2.98036E-02  2.98036E-02  2.98036E-02  2.98036E-02  0.00000E+00  0.00000E+00  0.00000E+00  0.00000E+00  0.00000E+00  0.00000E+00  0.00000E+00  2.98036E-02  2.98036E-02  2.98036E-02  2.98036E-02  2.98036E-02  2.98036E-02  2.98036E-02  2.98036E-02  2.98036E-02  2.98036E-02  2.98036E-02  2.98036E-02
   47145   4  0.00000E+00  0.00000E+00  0.00000E+00  0.00000E+00  0.00000E+00  0.00000E+00  0.00000E+00  0.00000E+00  0.00000E+00  0.00000E+00  0.00000E+00  0.00000E+00  0.00000E+00  0.00000E+00  0.00000E+00  0.00000E+00  0.00000E+00  0.00000E+00  0.00000E+00  0.00000E+00  0.00000E+00  0.00000E+00  0.00000E+00  0.00000E+00
   46441   1  6.87945E+01  6.87945E+01  6.87945E+01  6.87945E+01  6.87945E+01  6.87945E+01  6.87945E+01  6.87945E+01  6.87945E+01  6.87945E+01  6.87945E+01  6.87945E+01  6.87945E+01  6.87945E+01  6.87945E+01  6.87945E+01  6.87945E+01  6.87945E+01  6.87945E+01  6.87945E+01  6.87945E+01  6.87945E+01  6.87945E+01  6.87945E+01
   46089   7  5.16437E+00  5.16437E+00  5.16437E+00  5.16437E+00  5.16437E+00  5.16437E+00  5.16437E+00  5.16437E+00  5.16437E+00  5.16437E+00  5.16437E+00  5.16437E+00  5.16437E+00  5.16437E+00  5.16437E+00  5.16437E+00  5.16437E+00  5.16437E+00  5.16437E+00  5.16437E+00  5.16437E+00  5.16437E+00  5.16437E+00  5.16437E+00
   47851   4  9.21339E-03  9.21339E-03  9.21339E-03  9.21339E-03  9.21339E-03  9.21339E-03  9.21339E-03  9.21339E-03  9.21339E-03  9.21339E-03  9.21339E-03  9.21339E-03  9.21339E-03  9.21339E-03  9.21339E-03  9.21339E-03  9.21339E-03  9.21339E-03  9.21339E-03  9.21339E-03  9.21339E-03  9.21339E-03  9.21339E-03  9.21339E-03
   47851   3  0.00000E+00  0.00000E+00  0.00000E+00  0.00000E+00  0.00000E+00  0.00000E+00  0.00000E+00  0.00000E+00  0.00000E+00  0.00000E+00  0.00000E+00  0.00000E+00  0.00000E+00  0.00000E+00  0.00000E+00  0.00000E+00  0.00000E+00  0.00000E+00  0.00000E+00  0.00000E+00  0.00000E+00  0.00000E+00  0.00000E+00  0.00000E+00
   47493   3  1.69983E-01  1.69983E-01  1.69983E-01  1.69983E-01  1.69983E-01  1.69983E-01  1.69983E-01  1.69983E-01  1.69983E-01  1.69983E-01  1.69983E-01  1.69983E-01  1.69983E-01  2.05860E-01  2.05860E-01  2.05860E-01  2.05860E-01  2.05860E-01  2.05860E-01  2.05860E-01  2.05860E-01  1.69983E-01  1.69983E-01  1.69983E-01
   47493   4  0.00000E+00  0.00000E+00  0.00000E+00  0.00000E+00  0.00000E+00  0.00000E+00  0.00000E+00  0.00000E+00  0.00000E+00  0.00000E+00  0.00000E+00  0.00000E+00  0.00000E+00  0.00000E+00  0.00000E+00  0.00000E+00  0.00000E+00  0.00000E+00  0.00000E+00  0.00000E+00  0.00000E+00  0.00000E+00  0.00000E+00  0.00000E+00
   47141   4  0.00000E+00  0.00000E+00  0.00000E+00  0.00000E+00  0.00000E+00  0.00000E+00  0.00000E+00  0.00000E+00  0.00000E+00  0.00000E+00  0.00000E+00  0.00000E+00  0.00000E+00  0.00000E+00  0.00000E+00  0.00000E+00  0.00000E+00  0.00000E+00  0.00000E+00  0.00000E+00  0.00000E+00  0.00000E+00  0.00000E+00  0.00000E+00
   47142   4  0.00000E+00  0.00000E+00  0.00000E+00  0.00000E+00  0.00000E+00  0.00000E+00  0.00000E+00  0.00000E+00  0.00000E+00  0.00000E+00  0.00000E+00  0.00000E+00  0.00000E+00  0.00000E+00  0.00000E+00  0.00000E+00  0.00000E+00  0.00000E+00  0.00000E+00  0.00000E+00  0.00000E+00  0.00000E+00  0.00000E+00  0.00000E+00
   47141   3  1.43430E+00  1.43430E+00  1.43430E+00  1.43430E+00  1.43430E+00  1.43430E+00  1.43430E+00  1.43430E+00  1.43430E+00  1.43430E+00  1.43430E+00  1.43430E+00  1.43430E+00  1.43430E+00  1.43430E+00  1.43430E+00  1.43430E+00  1.43430E+00  1.43430E+00  1.43430E+00  1.43430E+00  1.43430E+00  1.43430E+00  1.43430E+00
   47494   3  0.00000E+00  0.00000E+00  0.00000E+00  0.00000E+00  0.00000E+00  0.00000E+00  0.00000E+00  0.00000E+00  0.00000E+00  0.00000E+00  0.00000E+00  0.00000E+00  0.00000E+00  0.00000E+00  0.00000E+00  0.00000E+00  0.00000E+00  0.00000E+00  0.00000E+00  0.00000E+00  0.00000E+00  0.00000E+00  0.00000E+00  0.00000E+00
   46790   4  3.37076E-01  3.37076E-01  3.37076E-01  3.37076E-01  3.37076E-01  3.37076E-01  3.37076E-01  3.37076E-01  3.37076E-01  3.37076E-01  3.37076E-01  3.37076E-01  3.37076E-01  3.37076E-01  3.37076E-01  3.37076E-01  3.37076E-01  3.37076E-01  3.37076E-01  3.37076E-01  3.37076E-01  3.37076E-01  3.37076E-01  3.37076E-01
   46790   3  0.00000E+00  0.00000E+00  0.00000E+00  0.00000E+00  0.00000E+00  0.00000E+00  0.00000E+00  0.00000E+00  0.00000E+00  0.00000E+00  0.00000E+00  0.00000E+00  0.00000E+00  0.00000E+00  0.00000E+00  0.00000E+00  0.00000E+00  0.00000E+00  0.00000E+00  0.00000E+00  0.00000E+00  0.00000E+00  0.00000E+00  0.00000E+00
   47143   4  0.00000E+00  0.00000E+00  0.00000E+00  0.00000E+00  0.00000E+00  0.00000E+00  0.00000E+00  0.00000E+00  0.00000E+00  0.00000E+00  0.00000E+00  0.00000E+00  0.00000E+00  0.00000E+00  0.00000E+00  0.00000E+00  0.00000E+00  0.00000E+00  0.00000E+00  0.00000E+00  0.00000E+00  0.00000E+00  0.00000E+00  0.00000E+00
   47497   7  0.00000E+00  0.00000E+00  0.00000E+00  0.00000E+00  0.00000E+00  0.00000E+00  0.00000E+00  0.00000E+00  0.00000E+00  0.00000E+00  0.00000E+00  0.00000E+00  0.00000E+00  6.52961E+00  6.52961E+00  6.52961E+00  6.52961E+00  6.52961E+00  6.52961E+00  6.52961E+00  6.52961E+00  0.00000E+00  0.00000E+00  0.00000E+00
   47143   3  0.00000E+00  0.00000E+00  0.00000E+00  0.00000E+00  0.00000E+00  0.00000E+00  0.00000E+00  0.00000E+00  0.00000E+00  0.00000E+00  0.00000E+00  0.00000E+00  0.00000E+00  0.00000E+00  0.00000E+00  0.00000E+00  0.00000E+00  0.00000E+00  0.00000E+00  0.00000E+00  0.00000E+00  0.00000E+00  0.00000E+00  0.00000E+00
   46792   4  0.00000E+00  0.00000E+00  0.00000E+00  0.00000E+00  0.00000E+00  0.00000E+00  0.00000E+00  0.00000E+00  0.00000E+00  0.00000E+00  0.00000E+00  0.00000E+00  0.00000E+00  0.00000E+00  0.00000E+00  0.00000E+00  0.00000E+00  0.00000E+00  0.00000E+00  0.00000E+00  0.00000E+00  0.00000E+00  0.00000E+00  0.00000E+00
   46792   3  0.00000E+00  0.00000E+00  0.00000E+00  0.00000E+00  0.00000E+00  0.00000E+00  0.00000E+00  0.00000E+00  0.00000E+00  0.00000E+00  0.00000E+00  0.00000E+00  0.00000E+00  4.50498E+00  4.50498E+00  4.50498E+00  4.50498E+00  4.50498E+00  4.50498E+00  4.50498E+00  4.50498E+00  0.00000E+00  0.00000E+00  0.00000E+00
   46791   3  3.21247E+01  3.21237E+01  3.21201E+01  3.21140E+01  3.21077E+01  3.21001E+01  3.20970E+01  3.20954E+01  3.20949E+01  3.20959E+01  3.20990E+01  3.21039E+01  3.21103E+01  3.49781E+01  3.49812E+01  3.49839E+01  3.49850E+01  3.49860E+01  3.49864E+01  3.49869E+01  3.49868E+01  3.21224E+01  3.21213E+01  3.21198E+01
   46791   8  1.37813E-01  1.37813E-01  1.37813E-01  1.37813E-01  1.37813E-01  1.37813E-01  1.37813E-01  1.37813E-01  1.37813E-01  1.37813E-01  1.37813E-01  1.37813E-01  1.37813E-01  1.37813E-01  1.37813E-01  1.37813E-01  1.37813E-01  1.37813E-01  1.37813E-01  1.37813E-01  1.37813E-01  1.37813E-01  1.37813E-01  1.37813E-01
   46791   2  5.74025E+00  5.65530E+00  5.33977E+00  4.81793E+00  4.27182E+00  3.61103E+00  3.34355E+00  3.20981E+00  3.16523E+00  3.25439E+00  3.52187E+00  3.94539E+00  4.49150E+00  4.82585E+00  5.09334E+00  5.32739E+00  5.41655E+00  5.50571E+00  5.53915E+00  5.58373E+00  5.57258E+00  5.53915E+00  5.44999E+00  5.31624E+00
   46791   4  6.34159E+01  6.34159E+01  6.34159E+01  6.34159E+01  6.34159E+01  6.34159E+01  6.34159E+01  6.34159E+01  6.34159E+01  6.34159E+01  6.34159E+01  6.34159E+01  6.34159E+01  6.34159E+01  6.34159E+01  6.34159E+01  6.34159E+01  6.34159E+01  6.34159E+01  6.34159E+01  6.34159E+01  6.34159E+01  6.34159E+01  6.34159E+01
   46438   3  1.15988E+00  1.15988E+00  1.15988E+00  1.15988E+00  1.15988E+00  1.15988E+00  1.15988E+00  1.15988E+00  1.15988E+00  1.15988E+00  1.15988E+00  1.15988E+00  1.15988E+00  1.15988E+00  1.15988E+00  1.15988E+00  1.15988E+00  1.15988E+00  1.15988E+00  1.15988E+00  1.15988E+00  1.15988E+00  1.15988E+00  1.15988E+00
   47147   3  4.46959E-01  4.46959E-01  4.46959E-01  4.46959E-01  4.46959E-01  4.46959E-01  4.46959E-01  4.46959E-01  4.46959E-01  4.46959E-01  4.46959E-01  4.46959E-01  4.46959E-01  4.46959E-01  4.46959E-01  4.46959E-01  4.46959E-01  4.46959E-01  4.46959E-01  4.46959E-01  4.46959E-01  4.46959E-01  4.46959E-01  4.46959E-01
   47848   3  0.00000E+00  0.00000E+00  0.00000E+00  0.00000E+00  0.00000E+00  0.00000E+00  0.00000E+00  0.00000E+00  0.00000E+00  0.00000E+00  0.00000E+00  0.00000E+00  0.00000E+00  0.00000E+00  0.00000E+00  0.00000E+00  0.00000E+00  0.00000E+00  0.00000E+00  0.00000E+00  0.00000E+00  0.00000E+00  0.00000E+00  0.00000E+00
   46791   1  2.72661E-01  2.68626E-01  2.53639E-01  2.28851E-01  2.02911E-01  1.71524E-01  1.58818E-01  1.52465E-01  1.50348E-01  1.54583E-01  1.67288E-01  1.87405E-01  2.13346E-01  2.29228E-01  2.41933E-01  2.53050E-01  2.57286E-01  2.61521E-01  2.63109E-01  2.65226E-01  2.64697E-01  2.63109E-01  2.58874E-01  2.52521E-01
   47144   3  3.45378E-02  3.45378E-02  3.45378E-02  3.45378E-02  3.45378E-02  3.45378E-02  3.45378E-02  3.45378E-02  3.45378E-02  3.45378E-02  3.45378E-02  3.45378E-02  3.45378E-02  1.22618E+01  1.22618E+01  1.22618E+01  1.22618E+01  1.22618E+01  1.22618E+01  1.22618E+01  1.22618E+01  3.45378E-02  3.45378E-02  3.45378E-02
   47144   4  2.62574E+01  2.62574E+01  2.62574E+01  2.62574E+01  2.62574E+01  2.62574E+01  2.62574E+01  2.62574E+01  2.62574E+01  2.62574E+01  2.62574E+01  2.62574E+01  2.62574E+01  2.62574E+01  2.62574E+01  2.62574E+01  2.62574E+01  2.62574E+01  2.62574E+01  2.62574E+01  2.62574E+01  2.62574E+01  2.62574E+01  2.62574E+01
   47144   1  3.08196E+00  3.08196E+00  3.08196E+00  3.08196E+00  3.08196E+00  3.08196E+00  3.08196E+00  3.08196E+00  3.08196E+00  3.08196E+00  3.08196E+00  3.08196E+00  3.08196E+00  3.08196E+00  3.08196E+00  3.08196E+00  3.08196E+00  3.08196E+00  3.08196E+00  3.08196E+00  3.08196E+00  3.08196E+00  3.08196E+00  3.08196E+00
   47144   2  5.16035E-01  5.16035E-01  5.16035E-01  5.16035E-01  5.16035E-01  5.16035E-01  5.16035E-01  5.16035E-01  5.16035E-01  5.16035E-01  5.16035E-01  5.16035E-01  5.16035E-01  5.16035E-01  5.16035E-01  5.16035E-01  5.16035E-01  5.16035E-01  5.16035E-01  5.16035E-01  5.16035E-01  5.16035E-01  5.16035E-01  5.16035E-01
   46789   3  1.43819E+02  1.43819E+02  1.43819E+02  1.43819E+02  1.43819E+02  1.43819E+02  1.43819E+02  1.43819E+02  1.43819E+02  1.43819E+02  1.43819E+02  1.43819E+02  1.43819E+02  1.65205E+02  1.65205E+02  1.65205E+02  1.65205E+02  1.65205E+02  1.65205E+02  1.65205E+02  1.65205E+02  1.43819E+02  1.43819E+02  1.43819E+02
   46789   4  0.00000E+00  0.00000E+00  0.00000E+00  0.00000E+00  0.00000E+00  0.00000E+00  0.00000E+00  0.00000E+00  0.00000E+00  0.00000E+00  0.00000E+00  0.00000E+00  0.00000E+00  0.00000E+00  0.00000E+00  0.00000E+00  0.00000E+00  0.00000E+00  0.00000E+00  0.00000E+00  0.00000E+00  0.00000E+00  0.00000E+00  0.00000E+00
   46436   7  3.08249E+02  3.08249E+02  3.08249E+02  3.08249E+02  3.08249E+02  3.08249E+02  3.08249E+02  3.08249E+02  3.08249E+02  3.08249E+02  3.08249E+02  3.08249E+02  3.08249E+02  3.08249E+02  3.08249E+02  3.08249E+02  3.08249E+02  3.08249E+02  3.08249E+02  3.08249E+02  3.08249E+02  3.08249E+02  3.08249E+02  3.08249E+02
   71754   1  0.00000E+00  0.00000E+00  0.00000E+00  0.00000E+00  0.00000E+00  0.00000E+00  0.00000E+00  0.00000E+00  0.00000E+00  0.00000E+00  0.00000E+00  0.00000E+00  0.00000E+00  0.00000E+00  8.90091E-01  8.90091E-01  8.90091E-01  8.90091E-01  8.90091E-01  8.90091E-01  8.90091E-01  8.90091E-01  0.00000E+00  0.00000E+00
   71755   4  4.80698E-03  4.80698E-03  4.80698E-03  4.80698E-03  4.80698E-03  4.80698E-03  4.80698E-03  4.80698E-03  4.80698E-03  4.80698E-03  4.80698E-03  4.80698E-03  4.80698E-03  4.80698E-03  4.80698E-03  4.80698E-03  4.80698E-03  4.80698E-03  4.80698E-03  4.80698E-03  4.80698E-03  4.80698E-03  4.80698E-03  4.80698E-03
   72073   3  0.00000E+00  0.00000E+00  0.00000E+00  0.00000E+00  0.00000E+00  0.00000E+00  0.00000E+00  0.00000E+00  0.00000E+00  0.00000E+00  0.00000E+00  0.00000E+00  0.00000E+00  0.00000E+00  0.00000E+00  0.00000E+00  0.00000E+00  0.00000E+00  0.00000E+00  0.00000E+00  0.00000E+00  0.00000E+00  0.00000E+00  0.00000E+00
   70667   3  2.84738E-03  2.84738E-03  2.84738E-03  2.84738E-03  2.84738E-03  2.84738E-03  2.84738E-03  2.84738E-03  2.84738E-03  2.84738E-03  2.84738E-03  2.84738E-03  2.84738E-03  2.84738E-03  2.84738E-03  2.84738E-03  2.84738E-03  2.84738E-03  2.84738E-03  2.84738E-03  2.84738E-03  2.84738E-03  2.84738E-03  2.84738E-03
   55157   3  1.13895E-03  1.13895E-03  1.13895E-03  1.13895E-03  1.13895E-03  1.13895E-03  1.13895E-03  1.13895E-03  1.13895E-03  1.13895E-03  1.13895E-03  1.13895E-03  1.13895E-03  1.13895E-03  5.62757E-01  5.62757E-01  5.62757E-01  5.62757E-01  5.62757E-01  5.62757E-01  5.62757E-01  5.62757E-01  1.13895E-03  1.13895E-03
   55157   7  4.17365E+01  4.17365E+01  4.17365E+01  4.17365E+01  4.17365E+01  4.17365E+01  4.17365E+01  4.17365E+01  4.17365E+01  4.17365E+01  4.17365E+01  4.17365E+01  4.17365E+01  4.17365E+01  4.17365E+01  4.17365E+01  4.17365E+01  4.17365E+01  4.17365E+01  4.17365E+01  4.17365E+01  4.17365E+01  4.17365E+01  4.17365E+01
   70688   2  6.97966E-01  6.97966E-01  6.97966E-01  6.97966E-01  6.97966E-01  6.97966E-01  6.97966E-01  6.97966E-01  6.97966E-01  6.97966E-01  6.97966E-01  6.97966E-01  6.97966E-01  6.97966E-01  6.97966E-01  6.97966E-01  6.97966E-01  6.97966E-01  6.97966E-01  6.97966E-01  6.97966E-01  6.97966E-01  6.97966E-01  6.97966E-01
   61152   3  8.11588E-03  8.11588E-03  8.11588E-03  8.11588E-03  8.11588E-03  8.11588E-03  8.11588E-03  8.11588E-03  8.11588E-03  8.11588E-03  8.11588E-03  8.11588E-03  8.11588E-03  8.11588E-03  8.11588E-03  8.11588E-03  8.11588E-03  8.11588E-03  8.11588E-03  8.11588E-03  8.11588E-03  8.11588E-03  8.11588E-03  8.11588E-03
   66103   3  8.27252E-04  8.27252E-04  8.27252E-04  8.27252E-04  8.27252E-04  8.27252E-04  8.27252E-04  8.27252E-04  8.27252E-04  8.27252E-04  8.27252E-04  8.27252E-04  8.27252E-04  8.27252E-04  8.27252E-04  8.27252E-04  8.27252E-04  8.27252E-04  8.27252E-04  8.27252E-04  8.27252E-04  8.27252E-04  8.27252E-04  8.27252E-04
   57265   2  7.67798E+00  7.61359E+00  7.50092E+00  7.08241E+00  6.39027E+00  5.66593E+00  4.78950E+00  4.43472E+00  4.25733E+00  4.19820E+00  4.31646E+00  4.67124E+00  5.23297E+00  5.95731E+00  6.40078E+00  6.75556E+00  7.06599E+00  7.18424E+00  7.30250E+00  7.34685E+00  7.40598E+00  7.39120E+00  7.34685E+00  7.22859E+00
   57265   7  7.62460E+01  7.62460E+01  7.62460E+01  7.62460E+01  7.62460E+01  7.62460E+01  7.62460E+01  7.62460E+01  7.62460E+01  7.62460E+01  7.62460E+01  7.62460E+01  7.62460E+01  7.62460E+01  7.62460E+01  7.62460E+01  7.62460E+01  7.62460E+01  7.62460E+01  7.62460E+01  7.62460E+01  7.62460E+01  7.62460E+01  7.62460E+01
   57265   3  0.00000E+00  0.00000E+00  0.00000E+00  0.00000E+00  0.00000E+00  0.00000E+00  0.00000E+00  0.00000E+00  0.00000E+00  0.00000E+00  0.00000E+00  0.00000E+00  0.00000E+00  0.00000E+00  1.90148E+00  1.90148E+00  1.90148E+00  1.90148E+00  1.90148E+00  1.90148E+00  1.90148E+00  1.90148E+00  0.00000E+00  0.00000E+00
   62209   3  5.20152E-01  5.20152E-01  5.20152E-01  5.20152E-01  5.20152E-01  5.20152E-01  5.20152E-01  5.20152E-01  5.20152E-01  5.20152E-01  5.20152E-01  5.20152E-01  5.20152E-01  5.20152E-01  5.20152E-01  5.20152E-01  5.20152E-01  5.20152E-01  5.20152E-01  5.20152E-01  5.20152E-01  5.20152E-01  5.20152E-01  5.20152E-01
   62209   4  0.00000E+00  0.00000E+00  0.00000E+00  0.00000E+00  0.00000E+00  0.00000E+00  0.00000E+00  0.00000E+00  0.00000E+00  0.00000E+00  0.00000E+00  0.00000E+00  0.00000E+00  0.00000E+00  0.00000E+00  0.00000E+00  0.00000E+00  0.00000E+00  0.00000E+00  0.00000E+00  0.00000E+00  0.00000E+00  0.00000E+00  0.00000E+00
   62209   2  0.00000E+00  0.00000E+00  0.00000E+00  0.00000E+00  0.00000E+00  0.00000E+00  0.00000E+00  0.00000E+00  0.00000E+00  0.00000E+00  0.00000E+00  0.00000E+00  0.00000E+00  0.00000E+00  0.00000E+00  0.00000E+00  0.00000E+00  0.00000E+00  0.00000E+00  0.00000E+00  0.00000E+00  0.00000E+00  0.00000E+00  0.00000E+00
   62560   3  0.00000E+00  0.00000E+00  0.00000E+00  0.00000E+00  0.00000E+00  0.00000E+00  0.00000E+00  0.00000E+00  0.00000E+00  0.00000E+00  0.00000E+00  0.00000E+00  0.00000E+00  0.00000E+00  1.07723E+02  1.07723E+02  1.07723E+02  1.07723E+02  1.07723E+02  1.07723E+02  1.07723E+02  1.07723E+02  0.00000E+00  0.00000E+00
   62560   6  1.84524E-01  1.84524E-01  1.84524E-01  1.84524E-01  1.84524E-01  1.84524E-01  1.84524E-01  1.84524E-01  1.84524E-01  1.84524E-01  1.84524E-01  1.84524E-01  1.84524E-01  1.84524E-01  1.84524E-01  1.84524E-01  1.84524E-01  1.84524E-01  1.84524E-01  1.84524E-01  1.84524E-01  1.84524E-01  1.84524E-01  1.84524E-01
   62560   2  0.00000E+00  0.00000E+00  0.00000E+00  0.00000E+00  0.00000E+00  0.00000E+00  0.00000E+00  0.00000E+00  0.00000E+00  0.00000E+00  0.00000E+00  0.00000E+00  0.00000E+00  0.00000E+00  0.00000E+00  0.00000E+00  0.00000E+00  0.00000E+00  0.00000E+00  0.00000E+00  0.00000E+00  0.00000E+00  0.00000E+00  0.00000E+00
   62906   3  0.00000E+00  0.00000E+00  0.00000E+00  0.00000E+00  0.00000E+00  0.00000E+00  0.00000E+00  0.00000E+00  0.00000E+00  0.00000E+00  0.00000E+00  0.00000E+00  0.00000E+00  0.00000E+00  1.28132E-01  1.28132E-01  1.28132E-01  1.28132E-01  1.28132E-01  1.28132E-01  1.28132E-01  1.28132E-01  0.00000E+00  0.00000E+00
   62906   2  1.90512E-01  1.88915E-01  1.86119E-01  1.75735E-01  1.58561E-01  1.40588E-01  1.18841E-01  1.10038E-01  1.05636E-01  1.04169E-01  1.07104E-01  1.15907E-01  1.29845E-01  1.47818E-01  1.58821E-01  1.67624E-01  1.75327E-01  1.78261E-01  1.81196E-01  1.82296E-01  1.83763E-01  1.83397E-01  1.82296E-01  1.79362E-01
   62201   7  1.73476E-03  1.73476E-03  1.73476E-03  1.73476E-03  1.73476E-03  1.73476E-03  1.73476E-03  1.73476E-03  1.73476E-03  1.73476E-03  1.73476E-03  1.73476E-03  1.73476E-03  1.73476E-03  1.73476E-03  1.73476E-03  1.73476E-03  1.73476E-03  1.73476E-03  1.73476E-03  1.73476E-03  1.73476E-03  1.73476E-03  1.73476E-03
   69268   7  3.83728E+00  3.83728E+00  3.83728E+00  3.83728E+00  3.83728E+00  3.83728E+00  3.83728E+00  3.83728E+00  3.83728E+00  3.83728E+00  3.83728E+00  3.83728E+00  3.83728E+00  3.83728E+00  3.83728E+00  3.83728E+00  3.83728E+00  3.83728E+00  3.83728E+00  3.83728E+00  3.83728E+00  3.83728E+00  3.83728E+00  3.83728E+00
   67518   2  0.00000E+00  0.00000E+00  0.00000E+00  0.00000E+00  0.00000E+00  0.00000E+00  0.00000E+00  0.00000E+00  0.00000E+00  0.00000E+00  0.00000E+00  0.00000E+00  0.00000E+00  0.00000E+00  0.00000E+00  0.00000E+00  0.00000E+00  0.00000E+00  0.00000E+00  0.00000E+00  0.00000E+00  0.00000E+00  0.00000E+00  0.00000E+00
   53397   5  0.00000E+00  0.00000E+00  0.00000E+00  0.00000E+00  0.00000E+00  0.00000E+00  0.00000E+00  0.00000E+00  0.00000E+00  0.00000E+00  0.00000E+00  0.00000E+00  0.00000E+00  0.00000E+00  0.00000E+00  0.00000E+00  0.00000E+00  0.00000E+00  0.00000E+00  0.00000E+00  0.00000E+00  0.00000E+00  0.00000E+00  0.00000E+00
   53397   3  0.00000E+00  0.00000E+00  0.00000E+00  0.00000E+00  0.00000E+00  0.00000E+00  0.00000E+00  0.00000E+00  0.00000E+00  0.00000E+00  0.00000E+00  0.00000E+00  0.00000E+00  0.00000E+00  1.87927E-02  1.87927E-02  1.87927E-02  1.87927E-02  1.87927E-02  1.87927E-02  1.87927E-02  1.87927E-02  0.00000E+00  0.00000E+00
   53397   7  4.94579E+00  4.94579E+00  4.94579E+00  4.94579E+00  4.94579E+00  4.94579E+00  4.94579E+00  4.94579E+00  4.94579E+00  4.94579E+00  4.94579E+00  4.94579E+00  4.94579E+00  4.94579E+00  4.94579E+00  4.94579E+00  4.94579E+00  4.94579E+00  4.94579E+00  4.94579E+00  4.94579E+00  4.94579E+00  4.94579E+00  4.94579E+00
   72093   3  1.19187E-02  1.19187E-02  1.19187E-02  1.19187E-02  1.19187E-02  1.19187E-02  1.19187E-02  1.19187E-02  1.19187E-02  1.19187E-02  1.19187E-02  1.19187E-02  1.19187E-02  1.19187E-02  1.19187E-02  1.19187E-02  1.19187E-02  1.19187E-02  1.19187E-02  1.19187E-02  1.19187E-02  1.19187E-02  1.19187E-02  1.19187E-02
   72093   7  2.41339E+01  2.41339E+01  2.41339E+01  2.41339E+01  2.41339E+01  2.41339E+01  2.41339E+01  2.41339E+01  2.41339E+01  2.41339E+01  2.41339E+01  2.41339E+01  2.41339E+01  2.41339E+01  2.41339E+01  2.41339E+01  2.41339E+01  2.41339E+01  2.41339E+01  2.41339E+01  2.41339E+01  2.41339E+01  2.41339E+01  2.41339E+01
   72093   4  2.27330E+00  2.27330E+00  2.27330E+00  2.27330E+00  2.27330E+00  2.27330E+00  2.27330E+00  2.27330E+00  2.27330E+00  2.27330E+00  2.27330E+00  2.27330E+00  2.27330E+00  2.27330E+00  2.27330E+00  2.27330E+00  2.27330E+00  2.27330E+00  2.27330E+00  2.27330E+00  2.27330E+00  2.27330E+00  2.27330E+00  2.27330E+00
   66425   2  9.64930E+00  9.50650E+00  8.97609E+00  8.09888E+00  7.18087E+00  6.07010E+00  5.62047E+00  5.39565E+00  5.32071E+00  5.47059E+00  5.92022E+00  6.63215E+00  7.55016E+00  8.11221E+00  8.56184E+00  8.95528E+00  9.10515E+00  9.25503E+00  9.31124E+00  9.38618E+00  9.36744E+00  9.31124E+00  9.16136E+00  8.93654E+00
   67854   3  2.31882E-03  2.31882E-03  2.31882E-03  2.31882E-03  2.31882E-03  2.31882E-03  2.31882E-03  2.31882E-03  2.31882E-03  2.31882E-03  2.31882E-03  2.31882E-03  2.31882E-03  2.31882E-03  2.31882E-03  2.31882E-03  2.31882E-03  2.31882E-03  2.31882E-03  2.31882E-03  2.31882E-03  2.31882E-03  2.31882E-03  2.31882E-03
   59052   2  5.69476E-04  5.69476E-04  5.69476E-04  5.69476E-04  5.69476E-04  5.69476E-04  5.69476E-04  5.69476E-04  5.69476E-04  5.69476E-04  5.69476E-04  5.69476E-04  5.69476E-04  5.69476E-04  5.69476E-04  5.69476E-04  5.69476E-04  5.69476E-04  5.69476E-04  5.69476E-04  5.69476E-04  5.69476E-04  5.69476E-04  5.69476E-04
   72780   3  2.31882E-03  2.31882E-03  2.31882E-03  2.31882E-03  2.31882E-03  2.31882E-03  2.31882E-03  2.31882E-03  2.31882E-03  2.31882E-03  2.31882E-03  2.31882E-03  2.31882E-03  2.31882E-03  2.31882E-03  2.31882E-03  2.31882E-03  2.31882E-03  2.31882E-03  2.31882E-03  2.31882E-03  2.31882E-03  2.31882E-03  2.31882E-03
   32698   2  1.27160E+01  1.25278E+01  1.18288E+01  1.06728E+01  9.46304E+00  7.99925E+00  7.40672E+00  7.11045E+00  7.01169E+00  7.20921E+00  7.80174E+00  8.73993E+00  9.94969E+00  1.06904E+01  1.12829E+01  1.18014E+01  1.19989E+01  1.21964E+01  1.22705E+01  1.23692E+01  1.23445E+01  1.22705E+01  1.20729E+01  1.17767E+01
   32699   3  0.00000E+00  0.00000E+00  0.00000E+00  0.00000E+00  0.00000E+00  0.00000E+00  0.00000E+00  0.00000E+00  0.00000E+00  0.00000E+00  0.00000E+00  0.00000E+00  0.00000E+00  0.00000E+00  0.00000E+00  0.00000E+00  0.00000E+00  0.00000E+00  0.00000E+00  0.00000E+00  0.00000E+00  0.00000E+00  0.00000E+00  0.00000E+00
   32698   4  2.79244E-01  2.79244E-01  2.79244E-01  2.79244E-01  2.79244E-01  2.79244E-01  2.79244E-01  2.79244E-01  2.79244E-01  2.79244E-01  2.79244E-01  2.79244E-01  2.79244E-01  2.79244E-01  2.79244E-01  2.79244E-01  2.79244E-01  2.79244E-01  2.79244E-01  2.79244E-01  2.79244E-01  2.79244E-01  2.79244E-01  2.79244E-01
   32698   3  1.71850E-01  1.71850E-01  1.71850E-01  1.71850E-01  1.71850E-01  1.71850E-01  1.71850E-01  1.71850E-01  1.71850E-01  1.71850E-01  1.71850E-01  1.71850E-01  1.71850E-01  1.71850E-01  1.71850E-01  1.71850E-01  1.71850E-01  1.71850E-01  1.71850E-01  1.71850E-01  1.71850E-01  1.71850E-01  1.71850E-01  1.71850E-01
   33754   4  0.00000E+00  0.00000E+00  0.00000E+00  0.00000E+00  0.00000E+00  0.00000E+00  0.00000E+00  0.00000E+00  0.00000E+00  0.00000E+00  0.00000E+00  0.00000E+00  0.00000E+00  0.00000E+00  0.00000E+00  0.00000E+00  0.00000E+00  0.00000E+00  0.00000E+00  0.00000E+00  0.00000E+00  0.00000E+00  0.00000E+00  0.00000E+00
   32698   5  1.04693E+01  1.04693E+01  1.04693E+01  1.04693E+01  1.04693E+01  1.04693E+01  1.04693E+01  1.04693E+01  1.04693E+01  1.04693E+01  1.04693E+01  1.04693E+01  1.04693E+01  1.04693E+01  1.04693E+01  1.04693E+01  1.04693E+01  1.04693E+01  1.04693E+01  1.04693E+01  1.04693E+01  1.04693E+01  1.04693E+01  1.04693E+01
   46097   3  3.97436E-03  3.97436E-03  3.97436E-03  3.97436E-03  3.97436E-03  3.97436E-03  3.97436E-03  3.97436E-03  3.97436E-03  3.97436E-03  3.97436E-03  3.97436E-03  3.97436E-03  3.97436E-03  3.97436E-03  3.97436E-03  3.97436E-03  3.97436E-03  3.97436E-03  3.97436E-03  3.97436E-03  3.97436E-03  3.97436E-03  3.97436E-03
   32346   1  7.83318E+01  7.83318E+01  7.83318E+01  7.83318E+01  7.83318E+01  7.83318E+01  7.83318E+01  7.83318E+01  7.83318E+01  7.83318E+01  7.83318E+01  7.83318E+01  7.83318E+01  7.83318E+01  7.83318E+01  7.83318E+01  7.83318E+01  7.83318E+01  7.83318E+01  7.83318E+01  7.83318E+01  7.83318E+01  7.83318E+01  7.83318E+01
   32346   2  7.72098E+02  7.72098E+02  7.72098E+02  7.72098E+02  7.72098E+02  7.72098E+02  7.72098E+02  7.72098E+02  7.72098E+02  7.72098E+02  7.72098E+02  7.72098E+02  7.72098E+02  7.72098E+02  7.72098E+02  7.72098E+02  7.72098E+02  7.72098E+02  7.72098E+02  7.72098E+02  7.72098E+02  7.72098E+02  7.72098E+02  7.72098E+02
   32346   3  6.29727E+01  6.29727E+01  6.29727E+01  6.29727E+01  6.29727E+01  6.29727E+01  6.29727E+01  6.29727E+01  6.29727E+01  6.29727E+01  6.29727E+01  6.29727E+01  6.29727E+01  6.30663E+01  6.30663E+01  6.30663E+01  6.30663E+01  6.30663E+01  6.30663E+01  6.30663E+01  6.30663E+01  6.29727E+01  6.29727E+01  6.29727E+01
   32346   5  3.44419E+01  3.44419E+01  3.44419E+01  3.44419E+01  3.44419E+01  3.44419E+01  3.44419E+01  3.44419E+01  3.44419E+01  3.44419E+01  3.44419E+01  3.44419E+01  3.44419E+01  3.44419E+01  3.44419E+01  3.44419E+01  3.44419E+01  3.44419E+01  3.44419E+01  3.44419E+01  3.44419E+01  3.44419E+01  3.44419E+01  3.44419E+01
   33394   3  0.00000E+00  0.00000E+00  0.00000E+00  0.00000E+00  0.00000E+00  0.00000E+00  0.00000E+00  0.00000E+00  0.00000E+00  0.00000E+00  0.00000E+00  0.00000E+00  0.00000E+00  0.00000E+00  0.00000E+00  0.00000E+00  0.00000E+00  0.00000E+00  0.00000E+00  0.00000E+00  0.00000E+00  0.00000E+00  0.00000E+00  0.00000E+00
   33394   7  7.95559E+00  7.95559E+00  7.95559E+00  7.95559E+00  7.95559E+00  7.95559E+00  7.95559E+00  7.95559E+00  7.95559E+00  7.95559E+00  7.95559E+00  7.95559E+00  7.95559E+00  7.95559E+00  7.95559E+00  7.95559E+00  7.95559E+00  7.95559E+00  7.95559E+00  7.95559E+00  7.95559E+00  7.95559E+00  7.95559E+00  7.95559E+00
   47881   3  6.18462E-01  6.18462E-01  6.18462E-01  6.18462E-01  6.18462E-01  6.18462E-01  6.18462E-01  6.18462E-01  6.18462E-01  6.18462E-01  6.18462E-01  6.18462E-01  6.18462E-01  7.40201E+00  7.40201E+00  7.40201E+00  7.40201E+00  7.40201E+00  7.40201E+00  7.40201E+00  7.40201E+00  6.18462E-01  6.18462E-01  6.18462E-01
   47881   4  3.93171E+00  3.93171E+00  3.93171E+00  3.93171E+00  3.93171E+00  3.93171E+00  3.93171E+00  3.93171E+00  3.93171E+00  3.93171E+00  3.93171E+00  3.93171E+00  3.93171E+00  3.93171E+00  3.93171E+00  3.93171E+00  3.93171E+00  3.93171E+00  3.93171E+00  3.93171E+00  3.93171E+00  3.93171E+00  3.93171E+00  3.93171E+00
   54565   3  5.69476E-04  5.69476E-04  5.69476E-04  5.69476E-04  5.69476E-04  5.69476E-04  5.69476E-04  5.69476E-04  5.69476E-04  5.69476E-04  5.69476E-04  5.69476E-04  5.69476E-04  5.69476E-04  5.69476E-04  5.69476E-04  5.69476E-04  5.69476E-04  5.69476E-04  5.69476E-04  5.69476E-04  5.69476E-04  5.69476E-04  5.69476E-04
   54565   4  2.39748E+00  2.39748E+00  2.39748E+00  2.39748E+00  2.39748E+00  2.39748E+00  2.39748E+00  2.39748E+00  2.39748E+00  2.39748E+00  2.39748E+00  2.39748E+00  2.39748E+00  2.39748E+00  2.39748E+00  2.39748E+00  2.39748E+00  2.39748E+00  2.39748E+00  2.39748E+00  2.39748E+00  2.39748E+00  2.39748E+00  2.39748E+00
   54565   7  1.65756E+01  1.65756E+01  1.65756E+01  1.65756E+01  1.65756E+01  1.65756E+01  1.65756E+01  1.65756E+01  1.65756E+01  1.65756E+01  1.65756E+01  1.65756E+01  1.65756E+01  1.65756E+01  1.65756E+01  1.65756E+01  1.65756E+01  1.65756E+01  1.65756E+01  1.65756E+01  1.65756E+01  1.65756E+01  1.65756E+01  1.65756E+01
   48578   4  1.16951E+00  1.16951E+00  1.16951E+00  1.16951E+00  1.16951E+00  1.16951E+00  1.16951E+00  1.16951E+00  1.16951E+00  1.16951E+00  1.16951E+00  1.16951E+00  1.16951E+00  1.16951E+00  1.16951E+00  1.16951E+00  1.16951E+00  1.16951E+00  1.16951E+00  1.16951E+00  1.16951E+00  1.16951E+00  1.16951E+00  1.16951E+00
   48578   3  9.67245E-01  9.67245E-01  9.67245E-01  9.67245E-01  9.67245E-01  9.67245E-01  9.67245E-01  9.67245E-01  9.67245E-01  9.67245E-01  9.67245E-01  9.67245E-01  9.67245E-01  9.67245E-01  9.67245E-01  9.67245E-01  9.67245E-01  9.67245E-01  9.67245E-01  9.67245E-01  9.67245E-01  9.67245E-01  9.67245E-01  9.67245E-01
   48578   2  0.00000E+00  0.00000E+00  0.00000E+00  0.00000E+00  0.00000E+00  0.00000E+00  0.00000E+00  0.00000E+00  0.00000E+00  0.00000E+00  0.00000E+00  0.00000E+00  0.00000E+00  0.00000E+00  0.00000E+00  0.00000E+00  0.00000E+00  0.00000E+00  0.00000E+00  0.00000E+00  0.00000E+00  0.00000E+00  0.00000E+00  0.00000E+00
   48226   3  0.00000E+00  0.00000E+00  0.00000E+00  0.00000E+00  0.00000E+00  0.00000E+00  0.00000E+00  0.00000E+00  0.00000E+00  0.00000E+00  0.00000E+00  0.00000E+00  0.00000E+00  0.00000E+00  0.00000E+00  0.00000E+00  0.00000E+00  0.00000E+00  0.00000E+00  0.00000E+00  0.00000E+00  0.00000E+00  0.00000E+00  0.00000E+00
   48226   4  0.00000E+00  0.00000E+00  0.00000E+00  0.00000E+00  0.00000E+00  0.00000E+00  0.00000E+00  0.00000E+00  0.00000E+00  0.00000E+00  0.00000E+00  0.00000E+00  0.00000E+00  0.00000E+00  0.00000E+00  0.00000E+00  0.00000E+00  0.00000E+00  0.00000E+00  0.00000E+00  0.00000E+00  0.00000E+00  0.00000E+00  0.00000E+00
   47518   7  7.45945E+00  7.45945E+00  7.45945E+00  7.45945E+00  7.45945E+00  7.45945E+00  7.45945E+00  7.45945E+00  7.45945E+00  7.45945E+00  7.45945E+00  7.45945E+00  7.45945E+00  7.45945E+00  7.45945E+00  7.45945E+00  7.45945E+00  7.45945E+00  7.45945E+00  7.45945E+00  7.45945E+00  7.45945E+00  7.45945E+00  7.45945E+00
   48227   3  6.51942E-01  6.42294E-01  6.06458E-01  5.47190E-01  4.85166E-01  4.10119E-01  3.79739E-01  3.64550E-01  3.59487E-01  3.69613E-01  3.99992E-01  4.48093E-01  5.10117E-01  5.48091E-01  5.78470E-01  6.05052E-01  6.15178E-01  6.25304E-01  6.29102E-01  6.34165E-01  6.32899E-01  6.29102E-01  6.18975E-01  6.03786E-01
   48227   2  5.85089E+00  5.76430E+00  5.44269E+00  4.91079E+00  4.35415E+00  3.68063E+00  3.40799E+00  3.27167E+00  3.22623E+00  3.31711E+00  3.58975E+00  4.02143E+00  4.57807E+00  4.91886E+00  5.19150E+00  5.43006E+00  5.52094E+00  5.61182E+00  5.64590E+00  5.69134E+00  5.67998E+00  5.64590E+00  5.55502E+00  5.41870E+00
   46818   4  4.52257E-01  4.52257E-01  4.52257E-01  4.52257E-01  4.52257E-01  4.52257E-01  4.52257E-01  4.52257E-01  4.52257E-01  4.52257E-01  4.52257E-01  4.52257E-01  4.52257E-01  4.52257E-01  4.52257E-01  4.52257E-01  4.52257E-01  4.52257E-01  4.52257E-01  4.52257E-01  4.52257E-01  4.52257E-01  4.52257E-01  4.52257E-01
   38332   4  0.00000E+00  0.00000E+00  0.00000E+00  0.00000E+00  0.00000E+00  0.00000E+00  0.00000E+00  0.00000E+00  0.00000E+00  0.00000E+00  0.00000E+00  0.00000E+00  0.00000E+00  0.00000E+00  0.00000E+00  0.00000E+00  0.00000E+00  0.00000E+00  0.00000E+00  0.00000E+00  0.00000E+00  0.00000E+00  0.00000E+00  0.00000E+00
   38332   7  8.73970E+00  8.73970E+00  8.73970E+00  8.73970E+00  8.73970E+00  8.73970E+00  8.73970E+00  8.73970E+00  8.73970E+00  8.73970E+00  8.73970E+00  8.73970E+00  8.73970E+00  8.73970E+00  8.73970E+00  8.73970E+00  8.73970E+00  8.73970E+00  8.73970E+00  8.73970E+00  8.73970E+00  8.73970E+00  8.73970E+00  8.73970E+00
   35158   3  0.00000E+00  0.00000E+00  0.00000E+00  0.00000E+00  0.00000E+00  0.00000E+00  0.00000E+00  0.00000E+00  0.00000E+00  0.00000E+00  0.00000E+00  0.00000E+00  0.00000E+00  0.00000E+00  0.00000E+00  0.00000E+00  0.00000E+00  0.00000E+00  0.00000E+00  0.00000E+00  0.00000E+00  0.00000E+00  0.00000E+00  0.00000E+00
   30178   3  8.42370E-02  8.42370E-02  8.42370E-02  8.42370E-02  8.42370E-02  8.42370E-02  8.42370E-02  8.42370E-02  8.42370E-02  8.42370E-02  8.42370E-02  8.42370E-02  8.42370E-02  8.42370E-02  8.42370E-02  8.42370E-02  8.42370E-02  8.42370E-02  8.42370E-02  8.42370E-02  8.42370E-02  8.42370E-02  8.42370E-02  8.42370E-02
   30178   4  5.03480E+00  5.03480E+00  5.03480E+00  5.03480E+00  5.03480E+00  5.03433E+00  5.03433E+00  5.03433E+00  5.03433E+00  5.03433E+00  5.03433E+00  5.03433E+00  5.03433E+00  5.25741E+00  5.25741E+00  5.25741E+00  5.25741E+00  5.25741E+00  5.25741E+00  5.25741E+00  5.25741E+00  5.03480E+00  5.03480E+00  5.03480E+00
   30178   7  1.02678E+02  1.02678E+02  1.02678E+02  1.02678E+02  1.02678E+02  1.02678E+02  1.02678E+02  1.02678E+02  1.02678E+02  1.02678E+02  1.02678E+02  1.02678E+02  1.02678E+02  1.05868E+02  1.05868E+02  1.05868E+02  1.05868E+02  1.05868E+02  1.05868E+02  1.05868E+02  1.05868E+02  1.02678E+02  1.02678E+02  1.02678E+02
   30177   4  1.24920E-03  1.24920E-03  1.24920E-03  1.24920E-03  1.24920E-03  1.24920E-03  1.24920E-03  1.24920E-03  1.24920E-03  1.24920E-03  1.24920E-03  1.24920E-03  1.24920E-03  1.24920E-03  1.24920E-03  1.24920E-03  1.24920E-03  1.24920E-03  1.24920E-03  1.24920E-03  1.24920E-03  1.24920E-03  1.24920E-03  1.24920E-03
   29472   3  0.00000E+00  0.00000E+00  0.00000E+00  0.00000E+00  0.00000E+00  0.00000E+00  0.00000E+00  0.00000E+00  0.00000E+00  0.00000E+00  0.00000E+00  0.00000E+00  0.00000E+00  9.64740E+01  9.64740E+01  9.64740E+01  9.64740E+01  9.64740E+01  9.64740E+01  9.64740E+01  9.64740E+01  0.00000E+00  0.00000E+00  0.00000E+00
   29472   5  0.00000E+00  0.00000E+00  0.00000E+00  0.00000E+00  0.00000E+00  0.00000E+00  0.00000E+00  0.00000E+00  0.00000E+00  0.00000E+00  0.00000E+00  0.00000E+00  0.00000E+00  2.14387E+01  2.14387E+01  2.14387E+01  2.14387E+01  2.14387E+01  2.14387E+01  2.14387E+01  2.14387E+01  0.00000E+00  0.00000E+00  0.00000E+00
   29472   4  0.00000E+00  0.00000E+00  0.00000E+00  0.00000E+00  0.00000E+00  0.00000E+00  0.00000E+00  0.00000E+00  0.00000E+00  0.00000E+00  0.00000E+00  0.00000E+00  0.00000E+00  9.64740E+01  9.64740E+01  9.64740E+01  9.64740E+01  9.64740E+01  9.64740E+01  9.64740E+01  9.64740E+01  0.00000E+00  0.00000E+00  0.00000E+00
   30531   4  1.23037E-03  1.23037E-03  1.23037E-03  1.23037E-03  1.23037E-03  1.23037E-03  1.23037E-03  1.23037E-03  1.23037E-03  1.23037E-03  1.23037E-03  1.23037E-03  1.23037E-03  1.23037E-03  1.23037E-03  1.23037E-03  1.23037E-03  1.23037E-03  1.23037E-03  1.23037E-03  1.23037E-03  1.23037E-03  1.23037E-03  1.23037E-03
   30178   5  3.69752E-02  3.69752E-02  3.69752E-02  3.69752E-02  3.69752E-02  3.69752E-02  3.69752E-02  3.69752E-02  3.69752E-02  3.69752E-02  3.69752E-02  3.69752E-02  3.69752E-02  3.69752E-02  3.69752E-02  3.69752E-02  3.69752E-02  3.69752E-02  3.69752E-02  3.69752E-02  3.69752E-02  3.69752E-02  3.69752E-02  3.69752E-02
   30526   3  7.28178E-04  7.28178E-04  7.28178E-04  7.28178E-04  7.28178E-04  7.28178E-04  7.28178E-04  7.28178E-04  7.28178E-04  7.28178E-04  7.28178E-04  7.28178E-04  7.28178E-04  7.28178E-04  7.28178E-04  7.28178E-04  7.28178E-04  7.28178E-04  7.28178E-04  7.28178E-04  7.28178E-04  7.28178E-04  7.28178E-04  7.28178E-04
   30529   3  5.43310E-02  5.43310E-02  5.43310E-02  5.43310E-02  5.43310E-02  5.43310E-02  5.43310E-02  5.43310E-02  5.43310E-02  5.43310E-02  5.43310E-02  5.43310E-02  5.43310E-02  5.43310E-02  5.43310E-02  5.43310E-02  5.43310E-02  5.43310E-02  5.43310E-02  5.43310E-02  5.43310E-02  5.43310E-02  5.43310E-02  5.43310E-02
   30529   4  9.57633E-01  9.57633E-01  9.57633E-01  9.57633E-01  9.57633E-01  9.57633E-01  9.57633E-01  9.57633E-01  9.57633E-01  9.57633E-01  9.57633E-01  9.57633E-01  9.57633E-01  9.57633E-01  9.57633E-01  9.57633E-01  9.57633E-01  9.57633E-01  9.57633E-01  9.57633E-01  9.57633E-01  9.57633E-01  9.57633E-01  9.57633E-01
   31942   4  4.72552E+00  4.72552E+00  4.72552E+00  4.72552E+00  4.72552E+00  4.72552E+00  4.72552E+00  4.72552E+00  4.72552E+00  4.72552E+00  4.72552E+00  4.72552E+00  4.72552E+00  4.72552E+00  4.72552E+00  4.72552E+00  4.72552E+00  4.72552E+00  4.72552E+00  4.72552E+00  4.72552E+00  4.72552E+00  4.72552E+00  4.72552E+00
   30884   4  1.58691E-01  1.58691E-01  1.58691E-01  1.58691E-01  1.58691E-01  1.58691E-01  1.58691E-01  1.58691E-01  1.58691E-01  1.58691E-01  1.58691E-01  1.58691E-01  1.58691E-01  1.58691E-01  1.58691E-01  1.58691E-01  1.58691E-01  1.58691E-01  1.58691E-01  1.58691E-01  1.58691E-01  1.58691E-01  1.58691E-01  1.58691E-01
   44188   2  5.80077E+00  5.65842E+00  5.61097E+00  5.52794E+00  5.21951E+00  4.70942E+00  4.17561E+00  3.52971E+00  3.26825E+00  3.13752E+00  3.09394E+00  3.18109E+00  3.44255E+00  3.85653E+00  4.39034E+00  4.71717E+00  4.97863E+00  5.20741E+00  5.29456E+00  5.38171E+00  5.41439E+00  5.45797E+00  5.44708E+00  5.41439E+00
   44899   3  0.00000E+00  0.00000E+00  0.00000E+00  0.00000E+00  0.00000E+00  0.00000E+00  0.00000E+00  0.00000E+00  0.00000E+00  0.00000E+00  0.00000E+00  0.00000E+00  0.00000E+00  0.00000E+00  0.00000E+00  0.00000E+00  0.00000E+00  0.00000E+00  0.00000E+00  0.00000E+00  0.00000E+00  0.00000E+00  0.00000E+00  0.00000E+00
   47369   3  2.54005E-02  2.54005E-02  2.54005E-02  2.54005E-02  2.54005E-02  2.54005E-02  2.54005E-02  2.54005E-02  2.54005E-02  2.54005E-02  2.54005E-02  2.54005E-02  2.54005E-02  2.54005E-02  2.54005E-02  2.54005E-02  2.54005E-02  2.54005E-02  2.54005E-02  2.54005E-02  2.54005E-02  2.54005E-02  2.54005E-02  2.54005E-02
   55130   4  0.00000E+00  0.00000E+00  0.00000E+00  0.00000E+00  0.00000E+00  0.00000E+00  0.00000E+00  0.00000E+00  0.00000E+00  0.00000E+00  0.00000E+00  0.00000E+00  0.00000E+00  0.00000E+00  0.00000E+00  0.00000E+00  0.00000E+00  0.00000E+00  0.00000E+00  0.00000E+00  0.00000E+00  0.00000E+00  0.00000E+00  0.00000E+00
   55130   3  0.00000E+00  0.00000E+00  0.00000E+00  0.00000E+00  0.00000E+00  0.00000E+00  0.00000E+00  0.00000E+00  0.00000E+00  0.00000E+00  0.00000E+00  0.00000E+00  0.00000E+00  0.00000E+00  0.00000E+00  0.00000E+00  0.00000E+00  0.00000E+00  0.00000E+00  0.00000E+00  0.00000E+00  0.00000E+00  0.00000E+00  0.00000E+00
   55121   4  0.00000E+00  0.00000E+00  0.00000E+00  0.00000E+00  0.00000E+00  0.00000E+00  0.00000E+00  0.00000E+00  0.00000E+00  0.00000E+00  0.00000E+00  0.00000E+00  0.00000E+00  0.00000E+00  0.00000E+00  0.00000E+00  0.00000E+00  0.00000E+00  0.00000E+00  0.00000E+00  0.00000E+00  0.00000E+00  0.00000E+00  0.00000E+00
   55121   3  0.00000E+00  0.00000E+00  0.00000E+00  0.00000E+00  0.00000E+00  0.00000E+00  0.00000E+00  0.00000E+00  0.00000E+00  0.00000E+00  0.00000E+00  0.00000E+00  0.00000E+00  0.00000E+00  0.00000E+00  0.00000E+00  0.00000E+00  0.00000E+00  0.00000E+00  0.00000E+00  0.00000E+00  0.00000E+00  0.00000E+00  0.00000E+00
   58290   4  3.64089E-02  3.64089E-02  3.64089E-02  3.64089E-02  3.64089E-02  3.64089E-02  3.64089E-02  3.64089E-02  3.64089E-02  3.64089E-02  3.64089E-02  3.64089E-02  3.64089E-02  3.64089E-02  3.64089E-02  3.64089E-02  3.64089E-02  3.64089E-02  3.64089E-02  3.64089E-02  3.64089E-02  3.64089E-02  3.64089E-02  3.64089E-02
   57936   4  9.28929E-04  9.28929E-04  9.28929E-04  9.28929E-04  9.28929E-04  9.28929E-04  9.28929E-04  9.28929E-04  9.28929E-04  9.28929E-04  9.28929E-04  9.28929E-04  9.28929E-04  9.28929E-04  9.28929E-04  9.28929E-04  9.28929E-04  9.28929E-04  9.28929E-04  9.28929E-04  9.28929E-04  9.28929E-04  9.28929E-04  9.28929E-04
   41032   3  6.69172E+00  6.52751E+00  6.47277E+00  6.37698E+00  6.02118E+00  5.43275E+00  4.81694E+00  4.07184E+00  3.77022E+00  3.61941E+00  3.56914E+00  3.66968E+00  3.97130E+00  4.44886E+00  5.06466E+00  5.44168E+00  5.74330E+00  6.00722E+00  6.10776E+00  6.20829E+00  6.24600E+00  6.29627E+00  6.28370E+00  6.24600E+00
   41027   3  2.13015E-03  2.13015E-03  2.13015E-03  2.13015E-03  2.13015E-03  2.13015E-03  2.13015E-03  2.13015E-03  2.13015E-03  2.13015E-03  2.13015E-03  2.13015E-03  2.13015E-03  2.13015E-03  2.13015E-03  2.13015E-03  2.13015E-03  2.13015E-03  2.13015E-03  2.13015E-03  2.13015E-03  2.13015E-03  2.13015E-03  2.13015E-03
   41027   4  5.41989E-01  5.41989E-01  5.41989E-01  5.41989E-01  5.41989E-01  5.41989E-01  5.41989E-01  5.41989E-01  5.41989E-01  5.41989E-01  5.41989E-01  5.41989E-01  5.41989E-01  5.41989E-01  5.41989E-01  5.41989E-01  5.41989E-01  5.41989E-01  5.41989E-01  5.41989E-01  5.41989E-01  5.41989E-01  5.41989E-01  5.41989E-01
   41027   2  0.00000E+00  0.00000E+00  0.00000E+00  0.00000E+00  0.00000E+00  0.00000E+00  0.00000E+00  0.00000E+00  0.00000E+00  0.00000E+00  0.00000E+00  0.00000E+00  0.00000E+00  0.00000E+00  0.00000E+00  0.00000E+00  0.00000E+00  0.00000E+00  0.00000E+00  0.00000E+00  0.00000E+00  0.00000E+00  0.00000E+00  0.00000E+00
   41031   7  4.37082E+01  4.37082E+01  4.37082E+01  4.37082E+01  4.37082E+01  4.37082E+01  4.37082E+01  4.37082E+01  4.37082E+01  4.37082E+01  4.37082E+01  4.37082E+01  4.37082E+01  4.37082E+01  4.37082E+01  4.37082E+01  4.37082E+01  4.37082E+01  4.37082E+01  4.37082E+01  4.37082E+01  4.37082E+01  4.37082E+01  4.37082E+01
   37153   2  1.33585E-01  1.30306E-01  1.29214E-01  1.27302E-01  1.20199E-01  1.08452E-01  9.61591E-02  8.12848E-02  7.52637E-02  7.22531E-02  7.12496E-02  7.32566E-02  7.92777E-02  8.88111E-02  1.01104E-01  1.08631E-01  1.14652E-01  1.19920E-01  1.21927E-01  1.23934E-01  1.24687E-01  1.25690E-01  1.25439E-01  1.24687E-01
   22551   2  1.28733E+01  1.28625E+01  1.28225E+01  1.27563E+01  1.26871E+01  1.26033E+01  1.25693E+01  1.25524E+01  1.25467E+01  1.25580E+01  1.25920E+01  1.26457E+01  1.27149E+01  1.27573E+01  1.27912E+01  1.28209E+01  1.28322E+01  1.28435E+01  1.28478E+01  1.28534E+01  1.28520E+01  1.28478E+01  1.28364E+01  1.28195E+01
   22551   3  1.08313E+01  1.08241E+01  1.07975E+01  1.07533E+01  1.07072E+01  1.06513E+01  1.06287E+01  1.06174E+01  1.06136E+01  1.06212E+01  1.06438E+01  1.06796E+01  1.07258E+01  1.07540E+01  1.07766E+01  1.07964E+01  1.08039E+01  1.08115E+01  1.08143E+01  1.08181E+01  1.08171E+01  1.08143E+01  1.08068E+01  1.07955E+01
   23253   7  1.50406E+01  1.50406E+01  1.50406E+01  1.50406E+01  1.50406E+01  1.50406E+01  1.50406E+01  1.50406E+01  1.50406E+01  1.50406E+01  1.50406E+01  1.50406E+01  1.50406E+01  1.50406E+01  1.50406E+01  1.50406E+01  1.50406E+01  1.50406E+01  1.50406E+01  1.50406E+01  1.50406E+01  1.50406E+01  1.50406E+01  1.50406E+01
   22551   4  8.38710E-01  8.38710E-01  8.38710E-01  8.38710E-01  8.38710E-01  8.38710E-01  8.38710E-01  8.38710E-01  8.38710E-01  8.38710E-01  8.38710E-01  8.38710E-01  8.38710E-01  8.38710E-01  8.38710E-01  8.38710E-01  8.38710E-01  8.38710E-01  8.38710E-01  8.38710E-01  8.38710E-01  8.38710E-01  8.38710E-01  8.38710E-01
   16894   2  2.19638E+01  2.19638E+01  2.19638E+01  2.19638E+01  2.19638E+01  2.19638E+01  2.19638E+01  2.19638E+01  2.19638E+01  2.19638E+01  2.19638E+01  2.19638E+01  2.19638E+01  2.19638E+01  2.19638E+01  2.19638E+01  2.19638E+01  2.19638E+01  2.19638E+01  2.19638E+01  2.19638E+01  2.19638E+01  2.19638E+01  2.19638E+01
   16894   3  4.15817E+01  4.15817E+01  4.15817E+01  4.15817E+01  4.15817E+01  4.15817E+01  4.15817E+01  4.15817E+01  4.15817E+01  4.15817E+01  4.15817E+01  4.15817E+01  4.15817E+01  4.15817E+01  4.15817E+01  4.15817E+01  4.15817E+01  4.15817E+01  4.15817E+01  4.15817E+01  4.15817E+01  4.15817E+01  4.15817E+01  4.15817E+01
   16894   4  2.51820E+02  2.51820E+02  2.51820E+02  2.51820E+02  2.51820E+02  2.51820E+02  2.51820E+02  2.51820E+02  2.51820E+02  2.51820E+02  2.51820E+02  2.51820E+02  2.51820E+02  2.51820E+02  2.51820E+02  2.51820E+02  2.51820E+02  2.51820E+02  2.51820E+02  2.51820E+02  2.51820E+02  2.51820E+02  2.51820E+02  2.51820E+02
   18317   3  0.00000E+00  0.00000E+00  0.00000E+00  0.00000E+00  0.00000E+00  0.00000E+00  0.00000E+00  0.00000E+00  0.00000E+00  0.00000E+00  0.00000E+00  0.00000E+00  0.00000E+00  0.00000E+00  0.00000E+00  0.00000E+00  0.00000E+00  0.00000E+00  0.00000E+00  0.00000E+00  0.00000E+00  0.00000E+00  0.00000E+00  0.00000E+00
   18513   7  1.64983E+01  1.64983E+01  1.64983E+01  1.64983E+01  1.64983E+01  1.64983E+01  1.64983E+01  1.64983E+01  1.64983E+01  1.64983E+01  1.64983E+01  1.64983E+01  1.64983E+01  1.64983E+01  1.64983E+01  1.64983E+01  1.64983E+01  1.64983E+01  1.64983E+01  1.64983E+01  1.64983E+01  1.64983E+01  1.64983E+01  1.64983E+01
   18509   3  4.79374E-04  4.79374E-04  4.79374E-04  4.79374E-04  4.79374E-04  4.79374E-04  4.79374E-04  4.79374E-04  4.79374E-04  4.79374E-04  4.79374E-04  4.79374E-04  4.79374E-04  4.79374E-04  4.79374E-04  4.79374E-04  4.79374E-04  4.79374E-04  4.79374E-04  4.79374E-04  4.79374E-04  4.79374E-04  4.79374E-04  4.79374E-04
   19219   3  1.77951E-01  1.77951E-01  1.77951E-01  1.77951E-01  1.77951E-01  1.77951E-01  1.77951E-01  1.77951E-01  1.77951E-01  1.77951E-01  1.77951E-01  1.77951E-01  1.77951E-01  1.77951E-01  1.77951E-01  1.77951E-01  1.77951E-01  1.77951E-01  1.77951E-01  1.77951E-01  1.77951E-01  1.77951E-01  1.77951E-01  1.77951E-01
   19219   2  0.00000E+00  0.00000E+00  0.00000E+00  0.00000E+00  0.00000E+00  0.00000E+00  0.00000E+00  0.00000E+00  0.00000E+00  0.00000E+00  0.00000E+00  0.00000E+00  0.00000E+00  0.00000E+00  0.00000E+00  0.00000E+00  0.00000E+00  0.00000E+00  0.00000E+00  0.00000E+00  0.00000E+00  0.00000E+00  0.00000E+00  0.00000E+00
   18505   2  8.16690E+01  8.04604E+01  7.59712E+01  6.85467E+01  6.07769E+01  5.13757E+01  4.75701E+01  4.56673E+01  4.50330E+01  4.63015E+01  5.01071E+01  5.61327E+01  6.39025E+01  6.86595E+01  7.24651E+01  7.57950E+01  7.70635E+01  7.83321E+01  7.88078E+01  7.94420E+01  7.92834E+01  7.88078E+01  7.75392E+01  7.56364E+01
   18505   3  3.64548E-01  3.64548E-01  3.64548E-01  3.64548E-01  3.64548E-01  3.64548E-01  3.64548E-01  3.64548E-01  3.64548E-01  3.64548E-01  3.64548E-01  3.64548E-01  3.64548E-01  3.64548E-01  3.64548E-01  3.64548E-01  3.64548E-01  3.64548E-01  3.64548E-01  3.64548E-01  3.64548E-01  3.64548E-01  3.64548E-01  3.64548E-01
   18505   7  8.84322E+01  8.84322E+01  8.84322E+01  8.84322E+01  8.84322E+01  8.84322E+01  8.84322E+01  8.84322E+01  8.84322E+01  8.84322E+01  8.84322E+01  8.84322E+01  8.84322E+01  8.84322E+01  8.84322E+01  8.84322E+01  8.84322E+01  8.84322E+01  8.84322E+01  8.84322E+01  8.84322E+01  8.84322E+01  8.84322E+01  8.84322E+01
   17452   2  3.85464E-01  3.85464E-01  3.85464E-01  3.85464E-01  3.85464E-01  3.85464E-01  3.85464E-01  3.85464E-01  3.85464E-01  3.85464E-01  3.85464E-01  3.85464E-01  3.85464E-01  3.85464E-01  3.85464E-01  3.85464E-01  3.85464E-01  3.85464E-01  3.85464E-01  3.85464E-01  3.85464E-01  3.85464E-01  3.85464E-01  3.85464E-01
    6979   3  0.00000E+00  0.00000E+00  0.00000E+00  0.00000E+00  0.00000E+00  0.00000E+00  0.00000E+00  0.00000E+00  0.00000E+00  0.00000E+00  0.00000E+00  0.00000E+00  0.00000E+00  0.00000E+00  0.00000E+00  0.00000E+00  0.00000E+00  0.00000E+00  0.00000E+00  0.00000E+00  0.00000E+00  0.00000E+00  0.00000E+00  0.00000E+00
    9108   3  7.56951E-01  7.56951E-01  7.56951E-01  7.56951E-01  7.56951E-01  7.56951E-01  7.56951E-01  7.56951E-01  7.56951E-01  7.56951E-01  7.56951E-01  7.56951E-01  7.56951E-01  7.56951E-01  7.56951E-01  7.56951E-01  7.56951E-01  7.56951E-01  7.56951E-01  7.56951E-01  7.56951E-01  7.56951E-01  7.56951E-01  7.56951E-01
    2407   3  0.00000E+00  0.00000E+00  0.00000E+00  0.00000E+00  0.00000E+00  0.00000E+00  0.00000E+00  0.00000E+00  0.00000E+00  0.00000E+00  0.00000E+00  0.00000E+00  0.00000E+00  0.00000E+00  0.00000E+00  0.00000E+00  0.00000E+00  0.00000E+00  0.00000E+00  0.00000E+00  0.00000E+00  0.00000E+00  0.00000E+00  0.00000E+00
    2407   2  0.00000E+00  0.00000E+00  0.00000E+00  0.00000E+00  0.00000E+00  0.00000E+00  0.00000E+00  0.00000E+00  0.00000E+00  0.00000E+00  0.00000E+00  0.00000E+00  0.00000E+00  0.00000E+00  0.00000E+00  0.00000E+00  0.00000E+00  0.00000E+00  0.00000E+00  0.00000E+00  0.00000E+00  0.00000E+00  0.00000E+00  0.00000E+00
   13341   3  5.61391E-03  5.61391E-03  5.61391E-03  5.61391E-03  5.61391E-03  5.61391E-03  5.61391E-03  5.61391E-03  5.61391E-03  5.61391E-03  5.61391E-03  5.61391E-03  5.61391E-03  5.61391E-03  5.61391E-03  5.61391E-03  5.61391E-03  5.61391E-03  5.61391E-03  5.61391E-03  5.61391E-03  5.61391E-03  5.61391E-03  5.61391E-03
    9455   3  0.00000E+00  0.00000E+00  0.00000E+00  0.00000E+00  0.00000E+00  0.00000E+00  0.00000E+00  0.00000E+00  0.00000E+00  0.00000E+00  0.00000E+00  0.00000E+00  0.00000E+00  0.00000E+00  0.00000E+00  0.00000E+00  0.00000E+00  0.00000E+00  0.00000E+00  0.00000E+00  0.00000E+00  0.00000E+00  0.00000E+00  0.00000E+00
   11927   3  1.18002E+00  1.18002E+00  1.18002E+00  1.18002E+00  1.18002E+00  1.18002E+00  1.18002E+00  1.18002E+00  1.18002E+00  1.18002E+00  1.18002E+00  1.18002E+00  1.18002E+00  1.18002E+00  1.18002E+00  1.18002E+00  1.18002E+00  1.18002E+00  1.18002E+00  1.18002E+00  1.18002E+00  1.18002E+00  1.18002E+00  1.18002E+00
   12279   3  2.16129E+00  2.16129E+00  2.16129E+00  2.16129E+00  2.16129E+00  2.16129E+00  2.16129E+00  2.16129E+00  2.16129E+00  2.16129E+00  2.16129E+00  2.16129E+00  2.16129E+00  2.16129E+00  2.16129E+00  2.16129E+00  2.16129E+00  2.16129E+00  2.16129E+00  2.16129E+00  2.16129E+00  2.16129E+00  2.16129E+00  2.16129E+00
   12635   3  3.37404E-01  3.37404E-01  3.37404E-01  3.37404E-01  3.37404E-01  3.37404E-01  3.37404E-01  3.37404E-01  3.37404E-01  3.37404E-01  3.37404E-01  3.37404E-01  3.37404E-01  3.37404E-01  3.37404E-01  3.37404E-01  3.37404E-01  3.37404E-01  3.37404E-01  3.37404E-01  3.37404E-01  3.37404E-01  3.37404E-01  3.37404E-01
   12636   3  1.63484E-01  1.63484E-01  1.63484E-01  1.63484E-01  1.63484E-01  1.63484E-01  1.63484E-01  1.63484E-01  1.63484E-01  1.63484E-01  1.63484E-01  1.63484E-01  1.63484E-01  1.63484E-01  1.63484E-01  1.63484E-01  1.63484E-01  1.63484E-01  1.63484E-01  1.63484E-01  1.63484E-01  1.63484E-01  1.63484E-01  1.63484E-01
   14046   3  3.77090E+00  3.77090E+00  3.77090E+00  3.77090E+00  3.77090E+00  3.77090E+00  3.77090E+00  3.77090E+00  3.77090E+00  3.77090E+00  3.77090E+00  3.77090E+00  3.77090E+00  3.77090E+00  3.77090E+00  3.77090E+00  3.77090E+00  3.77090E+00  3.77090E+00  3.77090E+00  3.77090E+00  3.77090E+00  3.77090E+00  3.77090E+00
   14047   3  8.07145E+00  8.07145E+00  8.07145E+00  8.07145E+00  8.07145E+00  8.07145E+00  8.07145E+00  8.07145E+00  8.07145E+00  8.07145E+00  8.07145E+00  8.07145E+00  8.07145E+00  8.07145E+00  8.07145E+00  8.07145E+00  8.07145E+00  8.07145E+00  8.07145E+00  8.07145E+00  8.07145E+00  8.07145E+00  8.07145E+00  8.07145E+00
   14047   2  6.12493E-02  6.12493E-02  6.12493E-02  6.12493E-02  6.12493E-02  6.12493E-02  6.12493E-02  6.12493E-02  6.12493E-02  6.12493E-02  6.12493E-02  6.12493E-02  6.12493E-02  6.12493E-02  6.12493E-02  6.12493E-02  6.12493E-02  6.12493E-02  6.12493E-02  6.12493E-02  6.12493E-02  6.12493E-02  6.12493E-02  6.12493E-02
    9465   3  0.00000E+00  0.00000E+00  0.00000E+00  0.00000E+00  0.00000E+00  0.00000E+00  0.00000E+00  0.00000E+00  0.00000E+00  0.00000E+00  0.00000E+00  0.00000E+00  0.00000E+00  0.00000E+00  0.00000E+00  0.00000E+00  0.00000E+00  0.00000E+00  0.00000E+00  0.00000E+00  0.00000E+00  0.00000E+00  0.00000E+00  0.00000E+00
    1352   7  2.12289E+01  2.12289E+01  2.12289E+01  2.12289E+01  2.12289E+01  2.12289E+01  2.12289E+01  2.12289E+01  2.12289E+01  2.12289E+01  2.12289E+01  2.12289E+01  2.12289E+01  2.12289E+01  2.12289E+01  2.12289E+01  2.12289E+01  2.12289E+01  2.12289E+01  2.12289E+01  2.12289E+01  2.12289E+01  2.12289E+01  2.12289E+01
    1352   4  0.00000E+00  0.00000E+00  0.00000E+00  0.00000E+00  0.00000E+00  0.00000E+00  0.00000E+00  0.00000E+00  0.00000E+00  0.00000E+00  0.00000E+00  0.00000E+00  0.00000E+00  0.00000E+00  0.00000E+00  0.00000E+00  0.00000E+00  0.00000E+00  0.00000E+00  0.00000E+00  0.00000E+00  0.00000E+00  0.00000E+00  0.00000E+00
    9106   3  1.34308E-02  1.34308E-02  1.34308E-02  1.34308E-02  1.34308E-02  1.34308E-02  1.34308E-02  1.34308E-02  1.34308E-02  1.34308E-02  1.34308E-02  1.34308E-02  1.34308E-02  1.34308E-02  1.34308E-02  1.34308E-02  1.34308E-02  1.34308E-02  1.34308E-02  1.34308E-02  1.34308E-02  1.34308E-02  1.34308E-02  1.34308E-02
    9458   7  5.30422E+01  5.30422E+01  5.30422E+01  5.30422E+01  5.30422E+01  5.30422E+01  5.30422E+01  5.30422E+01  5.30422E+01  5.30422E+01  5.30422E+01  5.30422E+01  5.30422E+01  5.30422E+01  5.30422E+01  5.30422E+01  5.30422E+01  5.30422E+01  5.30422E+01  5.30422E+01  5.30422E+01  5.30422E+01  5.30422E+01  5.30422E+01
    9458   3  0.00000E+00  0.00000E+00  0.00000E+00  0.00000E+00  0.00000E+00  0.00000E+00  0.00000E+00  0.00000E+00  0.00000E+00  0.00000E+00  0.00000E+00  0.00000E+00  0.00000E+00  0.00000E+00  0.00000E+00  0.00000E+00  0.00000E+00  0.00000E+00  0.00000E+00  0.00000E+00  0.00000E+00  0.00000E+00  0.00000E+00  0.00000E+00
    9458   2  0.00000E+00  0.00000E+00  0.00000E+00  0.00000E+00  0.00000E+00  0.00000E+00  0.00000E+00  0.00000E+00  0.00000E+00  0.00000E+00  0.00000E+00  0.00000E+00  0.00000E+00  0.00000E+00  0.00000E+00  0.00000E+00  0.00000E+00  0.00000E+00  0.00000E+00  0.00000E+00  0.00000E+00  0.00000E+00  0.00000E+00  0.00000E+00
    6635   3  0.00000E+00  0.00000E+00  0.00000E+00  0.00000E+00  0.00000E+00  0.00000E+00  0.00000E+00  0.00000E+00  0.00000E+00  0.00000E+00  0.00000E+00  0.00000E+00  0.00000E+00  0.00000E+00  0.00000E+00  0.00000E+00  0.00000E+00  0.00000E+00  0.00000E+00  0.00000E+00  0.00000E+00  0.00000E+00  0.00000E+00  0.00000E+00
    6635   2  0.00000E+00  0.00000E+00  0.00000E+00  0.00000E+00  0.00000E+00  0.00000E+00  0.00000E+00  0.00000E+00  0.00000E+00  0.00000E+00  0.00000E+00  0.00000E+00  0.00000E+00  0.00000E+00  0.00000E+00  0.00000E+00  0.00000E+00  0.00000E+00  0.00000E+00  0.00000E+00  0.00000E+00  0.00000E+00  0.00000E+00  0.00000E+00
   11586   3  2.45511E-03  2.45511E-03  2.45511E-03  2.45511E-03  2.45511E-03  2.45511E-03  2.45511E-03  2.45511E-03  2.45511E-03  2.45511E-03  2.45511E-03  2.45511E-03  2.45511E-03  2.45511E-03  2.45511E-03  2.45511E-03  2.45511E-03  2.45511E-03  2.45511E-03  2.45511E-03  2.45511E-03  2.45511E-03  2.45511E-03  2.45511E-03
   19977   3  3.29016E+02  3.29016E+02  1.08350E+02  1.08350E+02  1.08350E+02  1.75490E+01  1.75490E+01  1.75490E+01  1.75490E+01  1.75490E+01  1.75490E+01  1.75490E+01  1.75490E+01  3.31669E+02  3.31669E+02  3.31669E+02  3.31669E+02  3.31669E+02  3.31669E+02  3.31669E+02  3.31669E+02  3.29016E+02  3.29016E+02  3.29016E+02
   19977   4  7.22283E+01  7.22283E+01  7.22283E+01  7.22283E+01  7.22283E+01  7.22283E+01  7.22283E+01  7.22283E+01  7.22283E+01  7.22283E+01  7.22283E+01  7.22283E+01  7.22283E+01  1.97117E+02  1.97117E+02  1.97117E+02  1.97117E+02  1.97117E+02  1.97117E+02  1.97117E+02  1.97117E+02  7.22283E+01  7.22283E+01  7.22283E+01
   19977   5  0.00000E+00  0.00000E+00  0.00000E+00  0.00000E+00  0.00000E+00  0.00000E+00  0.00000E+00  0.00000E+00  0.00000E+00  0.00000E+00  0.00000E+00  0.00000E+00  0.00000E+00  0.00000E+00  0.00000E+00  0.00000E+00  0.00000E+00  0.00000E+00  0.00000E+00  0.00000E+00  0.00000E+00  0.00000E+00  0.00000E+00  0.00000E+00
   20329   4  1.28665E+01  1.28665E+01  1.28665E+01  1.28665E+01  1.28665E+01  1.28665E+01  1.28665E+01  1.28665E+01  1.28665E+01  1.28665E+01  1.28665E+01  1.28665E+01  1.28665E+01  4.68930E+01  4.68930E+01  4.68930E+01  4.68930E+01  4.68930E+01  4.68930E+01  4.68930E+01  4.68930E+01  1.28665E+01  1.28665E+01  1.28665E+01
   20330   4  6.50849E+01  6.50849E+01  6.50849E+01  6.50849E+01  6.50849E+01  6.50849E+01  6.50849E+01  6.50849E+01  6.50849E+01  6.50849E+01  6.50849E+01  6.50849E+01  6.50849E+01  1.06299E+02  1.06299E+02  1.06299E+02  1.06299E+02  1.06299E+02  1.06299E+02  1.06299E+02  1.06299E+02  6.50849E+01  6.50849E+01  6.50849E+01
   19977   2  2.26055E+00  2.25707E+00  2.24415E+00  2.22278E+00  2.20041E+00  2.17334E+00  2.16239E+00  2.15691E+00  2.15508E+00  2.15873E+00  2.16969E+00  2.18704E+00  2.20940E+00  2.22310E+00  2.23406E+00  2.24364E+00  2.24729E+00  2.25095E+00  2.25232E+00  2.25414E+00  2.25369E+00  2.25232E+00  2.24866E+00  2.24319E+00
   19976   4  3.61988E+01  3.61988E+01  3.61988E+01  3.61988E+01  3.61988E+01  3.61988E+01  3.61988E+01  3.61988E+01  3.61988E+01  3.61988E+01  3.61988E+01  3.61988E+01  3.61988E+01  4.52404E+01  4.52404E+01  4.52404E+01  4.52404E+01  4.52404E+01  4.52404E+01  4.52404E+01  4.52404E+01  3.61988E+01  3.61988E+01  3.61988E+01
   19977   7  1.12817E+00  1.12817E+00  1.12817E+00  1.12817E+00  1.12817E+00  0.00000E+00  0.00000E+00  0.00000E+00  0.00000E+00  0.00000E+00  0.00000E+00  0.00000E+00  1.12817E+00  8.24458E+01  8.24458E+01  8.24458E+01  8.24458E+01  8.24458E+01  8.24458E+01  8.24458E+01  8.24458E+01  1.12817E+00  1.12817E+00  1.12817E+00
   20330   3  3.57293E+01  3.57293E+01  2.84023E+01  2.84023E+01  2.84023E+01  2.35709E+01  2.35709E+01  2.35709E+01  2.35709E+01  2.35709E+01  2.35709E+01  2.35709E+01  2.35709E+01  3.57755E+01  3.57755E+01  3.57755E+01  3.57755E+01  3.57755E+01  3.57755E+01  3.57755E+01  3.57755E+01  3.57293E+01  3.57293E+01  3.57293E+01
   19976   3  1.00217E+01  1.00217E+01  2.27276E+00  2.27276E+00  2.27276E+00  1.43768E+00  1.43768E+00  1.43768E+00  1.43768E+00  1.43768E+00  1.43768E+00  1.43768E+00  1.43768E+00  1.00217E+01  1.00217E+01  1.00217E+01  1.00217E+01  1.00217E+01  1.00217E+01  1.00217E+01  1.00217E+01  1.00217E+01  1.00217E+01  1.00217E+01
   19624   3  5.31147E+01  5.31147E+01  5.29040E+00  5.29040E+00  5.29040E+00  3.17389E+00  3.17389E+00  3.17389E+00  3.17389E+00  3.17389E+00  3.17389E+00  3.17389E+00  3.17389E+00  5.31147E+01  5.31147E+01  5.31147E+01  5.31147E+01  5.31147E+01  5.31147E+01  5.31147E+01  5.31147E+01  5.31147E+01  5.31147E+01  5.31147E+01
   19271   4  2.80395E+00  2.80395E+00  2.80395E+00  2.80395E+00  2.80395E+00  2.80395E+00  2.80395E+00  2.80395E+00  2.80395E+00  2.80395E+00  2.80395E+00  2.80395E+00  2.80395E+00  3.66282E+00  3.66282E+00  3.66282E+00  3.66282E+00  3.66282E+00  3.66282E+00  3.66282E+00  3.66282E+00  2.80395E+00  2.80395E+00  2.80395E+00
   19271   7  0.00000E+00  0.00000E+00  0.00000E+00  0.00000E+00  0.00000E+00  0.00000E+00  0.00000E+00  0.00000E+00  0.00000E+00  0.00000E+00  0.00000E+00  0.00000E+00  0.00000E+00  2.48585E-01  2.48585E-01  2.48585E-01  2.48585E-01  2.48585E-01  2.48585E-01  2.48585E-01  2.48585E-01  0.00000E+00  0.00000E+00  0.00000E+00
   19624   4  5.26166E+00  5.26166E+00  5.26166E+00  5.26166E+00  5.26166E+00  5.26166E+00  5.26166E+00  5.26166E+00  5.26166E+00  5.26166E+00  5.26166E+00  5.26166E+00  5.26166E+00  5.26166E+00  5.26166E+00  5.26166E+00  5.26166E+00  5.26166E+00  5.26166E+00  5.26166E+00  5.26166E+00  5.26166E+00  5.26166E+00  5.26166E+00
   19271   3  8.48972E+00  8.48972E+00  8.35065E+00  8.35065E+00  8.35065E+00  7.68261E+00  7.68261E+00  7.68261E+00  7.68261E+00  7.68261E+00  7.68261E+00  7.68261E+00  7.68261E+00  8.48972E+00  8.48972E+00  8.48972E+00  8.48972E+00  8.48972E+00  8.48972E+00  8.48972E+00  8.48972E+00  8.48972E+00  8.48972E+00  8.48972E+00
   19272   4  1.40036E+00  1.40036E+00  1.40036E+00  1.40036E+00  1.40036E+00  1.40036E+00  1.40036E+00  1.40036E+00  1.40036E+00  1.40036E+00  1.40036E+00  1.40036E+00  1.40036E+00  1.40036E+00  1.40036E+00  1.40036E+00  1.40036E+00  1.40036E+00  1.40036E+00  1.40036E+00  1.40036E+00  1.40036E+00  1.40036E+00  1.40036E+00
   19622   3  9.09971E-04  9.09971E-04  9.09971E-04  9.09971E-04  9.09971E-04  9.09971E-04  9.09971E-04  9.09971E-04  9.09971E-04  9.09971E-04  9.09971E-04  9.09971E-04  9.09971E-04  9.09971E-04  9.09971E-04  9.09971E-04  9.09971E-04  9.09971E-04  9.09971E-04  9.09971E-04  9.09971E-04  9.09971E-04  9.09971E-04  9.09971E-04
   19269   4  1.01242E-03  1.01242E-03  1.01242E-03  1.01242E-03  1.01242E-03  1.01242E-03  1.01242E-03  1.01242E-03  1.01242E-03  1.01242E-03  1.01242E-03  1.01242E-03  1.01242E-03  1.01242E-03  1.01242E-03  1.01242E-03  1.01242E-03  1.01242E-03  1.01242E-03  1.01242E-03  1.01242E-03  1.01242E-03  1.01242E-03  1.01242E-03
   20330   5  0.00000E+00  0.00000E+00  0.00000E+00  0.00000E+00  0.00000E+00  0.00000E+00  0.00000E+00  0.00000E+00  0.00000E+00  0.00000E+00  0.00000E+00  0.00000E+00  0.00000E+00  0.00000E+00  0.00000E+00  0.00000E+00  0.00000E+00  0.00000E+00  0.00000E+00  0.00000E+00  0.00000E+00  0.00000E+00  0.00000E+00  0.00000E+00
   19978   4  2.76090E+01  2.76090E+01  2.76090E+01  2.76090E+01  2.76090E+01  2.76090E+01  2.76090E+01  2.76090E+01  2.76090E+01  2.76090E+01  2.76090E+01  2.76090E+01  2.76090E+01  4.31688E+02  4.31688E+02  4.31688E+02  4.31688E+02  4.31688E+02  4.31688E+02  4.31688E+02  4.31688E+02  2.76090E+01  2.76090E+01  2.76090E+01
   19978   3  1.76099E+01  1.76099E+01  1.03622E+01  1.03622E+01  1.03622E+01  4.77161E+00  4.77161E+00  4.77161E+00  4.77161E+00  4.77161E+00  4.77161E+00  4.77161E+00  4.77161E+00  1.76099E+01  1.76099E+01  1.76099E+01  1.76099E+01  1.76099E+01  1.76099E+01  1.76099E+01  1.76099E+01  1.76099E+01  1.76099E+01  1.76099E+01
   19625   3  4.56287E+01  4.56287E+01  2.72707E+01  2.72707E+01  2.72707E+01  2.34580E+01  2.34580E+01  2.34580E+01  2.34580E+01  2.34580E+01  2.34580E+01  2.34580E+01  2.34580E+01  9.18716E+01  9.18716E+01  9.18716E+01  9.18716E+01  9.18716E+01  9.18716E+01  9.18716E+01  9.18716E+01  4.56287E+01  4.56287E+01  4.56287E+01
   19625   4  1.49080E+02  1.49080E+02  1.49080E+02  1.49080E+02  1.49080E+02  1.49080E+02  1.49080E+02  1.49080E+02  1.49080E+02  1.49080E+02  1.49080E+02  1.49080E+02  1.49080E+02  2.39376E+02  2.39376E+02  2.39376E+02  2.39376E+02  2.39376E+02  2.39376E+02  2.39376E+02  2.39376E+02  1.49080E+02  1.49080E+02  1.49080E+02
   19625   7  5.47548E-01  5.47548E-01  5.47548E-01  5.47548E-01  5.47548E-01  0.00000E+00  0.00000E+00  0.00000E+00  0.00000E+00  0.00000E+00  0.00000E+00  0.00000E+00  5.47548E-01  1.78129E+00  1.78129E+00  1.78129E+00  1.78129E+00  1.78129E+00  1.78129E+00  1.78129E+00  1.78129E+00  5.47548E-01  5.47548E-01  5.47548E-01
   19625   5  0.00000E+00  0.00000E+00  0.00000E+00  0.00000E+00  0.00000E+00  0.00000E+00  0.00000E+00  0.00000E+00  0.00000E+00  0.00000E+00  0.00000E+00  0.00000E+00  0.00000E+00  0.00000E+00  0.00000E+00  0.00000E+00  0.00000E+00  0.00000E+00  0.00000E+00  0.00000E+00  0.00000E+00  0.00000E+00  0.00000E+00  0.00000E+00
   19272   3  1.47253E+00  1.47253E+00  5.82488E-01  5.82488E-01  5.82488E-01  6.10897E-02  6.10897E-02  6.10897E-02  6.10897E-02  6.10897E-02  6.10897E-02  6.10897E-02  6.10897E-02  1.47253E+00  1.47253E+00  1.47253E+00  1.47253E+00  1.47253E+00  1.47253E+00  1.47253E+00  1.47253E+00  1.47253E+00  1.47253E+00  1.47253E+00
   19626   3  8.00033E-01  8.00033E-01  8.00033E-01  8.00033E-01  8.00033E-01  7.22077E-01  7.22077E-01  7.22077E-01  7.22077E-01  7.22077E-01  7.22077E-01  7.22077E-01  7.22077E-01  8.01749E-01  8.01749E-01  8.01749E-01  8.01749E-01  8.01749E-01  8.01749E-01  8.01749E-01  8.01749E-01  8.00033E-01  8.00033E-01  8.00033E-01
   19626   4  1.32955E+01  1.32955E+01  1.32955E+01  1.32955E+01  1.32955E+01  1.32955E+01  1.32955E+01  1.32955E+01  1.32955E+01  1.32955E+01  1.32955E+01  1.32955E+01  1.32955E+01  1.32955E+01  1.32955E+01  1.32955E+01  1.32955E+01  1.32955E+01  1.32955E+01  1.32955E+01  1.32955E+01  1.32955E+01  1.32955E+01  1.32955E+01
   19626   5  0.00000E+00  0.00000E+00  0.00000E+00  0.00000E+00  0.00000E+00  0.00000E+00  0.00000E+00  0.00000E+00  0.00000E+00  0.00000E+00  0.00000E+00  0.00000E+00  0.00000E+00  0.00000E+00  0.00000E+00  0.00000E+00  0.00000E+00  0.00000E+00  0.00000E+00  0.00000E+00  0.00000E+00  0.00000E+00  0.00000E+00  0.00000E+00
   19270   3  6.16108E-01  6.16108E-01  4.59828E-01  4.59828E-01  4.59828E-01  4.59828E-01  4.59828E-01  4.59828E-01  4.59828E-01  4.59828E-01  4.59828E-01  4.59828E-01  4.59828E-01  6.16136E-01  6.16136E-01  6.16136E-01  6.16136E-01  6.16136E-01  6.16136E-01  6.16136E-01  6.16136E-01  6.16108E-01  6.16108E-01  6.16108E-01
   19270   4  2.96545E+01  2.96545E+01  2.96545E+01  2.96545E+01  2.96545E+01  2.96545E+01  2.96545E+01  2.96545E+01  2.96545E+01  2.96545E+01  2.96545E+01  2.96545E+01  2.96545E+01  4.91069E+01  4.91069E+01  4.91069E+01  4.91069E+01  4.91069E+01  4.91069E+01  4.91069E+01  4.91069E+01  2.96545E+01  2.96545E+01  2.96545E+01
   19623   4  5.46931E-01  5.46931E-01  5.46931E-01  5.46931E-01  5.46931E-01  5.46931E-01  5.46931E-01  5.46931E-01  5.46931E-01  5.46931E-01  5.46931E-01  5.46931E-01  5.46931E-01  5.46931E-01  5.46931E-01  5.46931E-01  5.46931E-01  5.46931E-01  5.46931E-01  5.46931E-01  5.46931E-01  5.46931E-01  5.46931E-01  5.46931E-01
   19623   3  7.27132E-01  7.27132E-01  7.27132E-01  7.27132E-01  7.27132E-01  7.27132E-01  7.27132E-01  7.27132E-01  7.27132E-01  7.27132E-01  7.27132E-01  7.27132E-01  7.27132E-01  7.27132E-01  7.27132E-01  7.27132E-01  7.27132E-01  7.27132E-01  7.27132E-01  7.27132E-01  7.27132E-01  7.27132E-01  7.27132E-01  7.27132E-01
   19623   7  0.00000E+00  0.00000E+00  0.00000E+00  0.00000E+00  0.00000E+00  0.00000E+00  0.00000E+00  0.00000E+00  0.00000E+00  0.00000E+00  0.00000E+00  0.00000E+00  0.00000E+00  1.47448E+00  1.47448E+00  1.47448E+00  1.47448E+00  1.47448E+00  1.47448E+00  1.47448E+00  1.47448E+00  0.00000E+00  0.00000E+00  0.00000E+00
   19273   4  3.82322E+00  3.82322E+00  3.82322E+00  3.82322E+00  3.82322E+00  3.82322E+00  3.82322E+00  3.82322E+00  3.82322E+00  3.82322E+00  3.82322E+00  3.82322E+00  3.82322E+00  4.09155E+00  4.09155E+00  4.09155E+00  4.09155E+00  4.09155E+00  4.09155E+00  4.09155E+00  4.09155E+00  3.82322E+00  3.82322E+00  3.82322E+00
   19273   3  2.31405E+00  2.31405E+00  1.81341E+00  1.81341E+00  1.81341E+00  1.81341E+00  1.81341E+00  1.81341E+00  1.81341E+00  1.81341E+00  1.81341E+00  1.81341E+00  1.81341E+00  8.99176E+00  8.99176E+00  8.99176E+00  8.99176E+00  8.99176E+00  8.99176E+00  8.99176E+00  8.99176E+00  2.31405E+00  2.31405E+00  2.31405E+00
   19273   5  2.69148E-02  2.69148E-02  2.69148E-02  2.69148E-02  2.69148E-02  2.69148E-02  2.69148E-02  2.69148E-02  2.69148E-02  2.69148E-02  2.69148E-02  2.69148E-02  2.69148E-02  2.69148E-02  2.69148E-02  2.69148E-02  2.69148E-02  2.69148E-02  2.69148E-02  2.69148E-02  2.69148E-02  2.69148E-02  2.69148E-02  2.69148E-02
   18917   4  2.05941E+00  2.05941E+00  2.05941E+00  2.05941E+00  2.05941E+00  2.05941E+00  2.05941E+00  2.05941E+00  2.05941E+00  2.05941E+00  2.05941E+00  2.05941E+00  2.05941E+00  2.05941E+00  2.05941E+00  2.05941E+00  2.05941E+00  2.05941E+00  2.05941E+00  2.05941E+00  2.05941E+00  2.05941E+00  2.05941E+00  2.05941E+00
   18917   3  7.94909E-01  7.94909E-01  2.21912E-03  2.21912E-03  2.21912E-03  2.21912E-03  2.21912E-03  2.21912E-03  2.21912E-03  2.21912E-03  2.21912E-03  2.21912E-03  2.21912E-03  7.94909E-01  7.94909E-01  7.94909E-01  7.94909E-01  7.94909E-01  7.94909E-01  7.94909E-01  7.94909E-01  7.94909E-01  7.94909E-01  7.94909E-01
   18919   3  9.14624E-01  9.14624E-01  5.55364E-01  5.55364E-01  5.55364E-01  1.80610E-01  1.80610E-01  1.80610E-01  1.80610E-01  1.80610E-01  1.80610E-01  1.80610E-01  1.80610E-01  9.14624E-01  9.14624E-01  9.14624E-01  9.14624E-01  9.14624E-01  9.14624E-01  9.14624E-01  9.14624E-01  9.14624E-01  9.14624E-01  9.14624E-01
   18919   4  3.51954E-01  3.51954E-01  3.51954E-01  3.51954E-01  3.51954E-01  3.51954E-01  3.51954E-01  3.51954E-01  3.51954E-01  3.51954E-01  3.51954E-01  3.51954E-01  3.51954E-01  3.51954E-01  3.51954E-01  3.51954E-01  3.51954E-01  3.51954E-01  3.51954E-01  3.51954E-01  3.51954E-01  3.51954E-01  3.51954E-01  3.51954E-01
   19624   5  5.51117E-03  5.51117E-03  5.51117E-03  5.51117E-03  5.51117E-03  5.51117E-03  5.51117E-03  5.51117E-03  5.51117E-03  5.51117E-03  5.51117E-03  5.51117E-03  5.51117E-03  5.51117E-03  5.51117E-03  5.51117E-03  5.51117E-03  5.51117E-03  5.51117E-03  5.51117E-03  5.51117E-03  5.51117E-03  5.51117E-03  5.51117E-03
   19976   5  5.91148E-02  5.91148E-02  5.91148E-02  5.91148E-02  5.91148E-02  5.91148E-02  5.91148E-02  5.91148E-02  5.91148E-02  5.91148E-02  5.91148E-02  5.91148E-02  5.91148E-02  5.91148E-02  5.91148E-02  5.91148E-02  5.91148E-02  5.91148E-02  5.91148E-02  5.91148E-02  5.91148E-02  5.91148E-02  5.91148E-02  5.91148E-02
   19976   2  4.19897E+00  4.19897E+00  4.19897E+00  4.19897E+00  4.19897E+00  4.19897E+00  4.19897E+00  4.19897E+00  4.19897E+00  4.19897E+00  4.19897E+00  4.19897E+00  4.19897E+00  4.19897E+00  4.19897E+00  4.19897E+00  4.19897E+00  4.19897E+00  4.19897E+00  4.19897E+00  4.19897E+00  4.19897E+00  4.19897E+00  4.19897E+00
   19978   7  0.00000E+00  0.00000E+00  0.00000E+00  0.00000E+00  0.00000E+00  0.00000E+00  0.00000E+00  0.00000E+00  0.00000E+00  0.00000E+00  0.00000E+00  0.00000E+00  0.00000E+00  1.53162E+00  1.53162E+00  1.53162E+00  1.53162E+00  1.53162E+00  1.53162E+00  1.53162E+00  1.53162E+00  0.00000E+00  0.00000E+00  0.00000E+00
   44604   3  9.12972E-04  9.12972E-04  9.12972E-04  9.12972E-04  9.12972E-04  9.12972E-04  9.12972E-04  9.12972E-04  9.12972E-04  9.12972E-04  9.12972E-04  9.12972E-04  9.12972E-04  9.12972E-04  9.12972E-04  9.12972E-04  9.12972E-04  9.12972E-04  9.12972E-04  9.12972E-04  9.12972E-04  9.12972E-04  9.12972E-04  9.12972E-04
   42517   3  1.06556E-05  1.06556E-05  1.06556E-05  1.06556E-05  1.06556E-05  1.06556E-05  1.06556E-05  1.06556E-05  1.06556E-05  1.06556E-05  1.06556E-05  1.06556E-05  1.06556E-05  1.06556E-05  1.06556E-05  1.06556E-05  1.06556E-05  1.06556E-05  1.06556E-05  1.06556E-05  1.06556E-05  1.06556E-05  1.06556E-05  1.06556E-05
   43929   3  0.00000E+00  0.00000E+00  0.00000E+00  0.00000E+00  0.00000E+00  0.00000E+00  0.00000E+00  0.00000E+00  0.00000E+00  0.00000E+00  0.00000E+00  0.00000E+00  0.00000E+00  0.00000E+00  0.00000E+00  0.00000E+00  0.00000E+00  0.00000E+00  0.00000E+00  0.00000E+00  0.00000E+00  0.00000E+00  0.00000E+00  0.00000E+00
   39330   3  2.84215E-03  2.84215E-03  2.84215E-03  2.84215E-03  2.84215E-03  2.84215E-03  2.84215E-03  2.84215E-03  2.84215E-03  2.84215E-03  2.84215E-03  2.84215E-03  2.84215E-03  2.84215E-03  2.84215E-03  2.84215E-03  2.84215E-03  2.84215E-03  2.84215E-03  2.84215E-03  2.84215E-03  2.84215E-03  2.84215E-03  2.84215E-03
   39327   2  1.89235E+00  1.89235E+00  1.89235E+00  1.89235E+00  1.89235E+00  1.89235E+00  1.89235E+00  1.89235E+00  1.89235E+00  1.89235E+00  1.89235E+00  1.89235E+00  1.89235E+00  1.89235E+00  1.89235E+00  1.89235E+00  1.89235E+00  1.89235E+00  1.89235E+00  1.89235E+00  1.89235E+00  1.89235E+00  1.89235E+00  1.89235E+00
   39327   4  3.22294E+00  3.22294E+00  3.22294E+00  3.22294E+00  3.22294E+00  3.22294E+00  3.22294E+00  3.22294E+00  3.22294E+00  3.22294E+00  3.22294E+00  3.22294E+00  3.22294E+00  3.22294E+00  3.22294E+00  3.22294E+00  3.22294E+00  3.22294E+00  3.22294E+00  3.22294E+00  3.22294E+00  3.22294E+00  3.22294E+00  3.22294E+00
   39683   4  3.12828E-01  3.12828E-01  3.12828E-01  3.12828E-01  3.12828E-01  3.12828E-01  3.12828E-01  3.12828E-01  3.12828E-01  3.12828E-01  3.12828E-01  3.12828E-01  3.12828E-01  3.12828E-01  3.12828E-01  3.12828E-01  3.12828E-01  3.12828E-01  3.12828E-01  3.12828E-01  3.12828E-01  3.12828E-01  3.12828E-01  3.12828E-01
   39682   7  2.69038E+03  2.69038E+03  2.69038E+03  2.69038E+03  2.69038E+03  2.69038E+03  2.69038E+03  2.69038E+03  2.69038E+03  2.69038E+03  2.69038E+03  2.69038E+03  2.69038E+03  2.69038E+03  2.69038E+03  2.69038E+03  2.69038E+03  2.69038E+03  2.69038E+03  2.69038E+03  2.69038E+03  2.69038E+03  2.69038E+03  2.69038E+03
   46049   3  0.00000E+00  0.00000E+00  0.00000E+00  0.00000E+00  0.00000E+00  0.00000E+00  0.00000E+00  0.00000E+00  0.00000E+00  0.00000E+00  0.00000E+00  0.00000E+00  0.00000E+00  0.00000E+00  0.00000E+00  0.00000E+00  0.00000E+00  0.00000E+00  0.00000E+00  0.00000E+00  0.00000E+00  0.00000E+00  0.00000E+00  0.00000E+00
   46755   2  9.23263E+00  9.09599E+00  8.58849E+00  7.74916E+00  6.87079E+00  5.80799E+00  5.37777E+00  5.16266E+00  5.09095E+00  5.23436E+00  5.66458E+00  6.34577E+00  7.22413E+00  7.76191E+00  8.19213E+00  8.56858E+00  8.71198E+00  8.85539E+00  8.90917E+00  8.98087E+00  8.96294E+00  8.90917E+00  8.76576E+00  8.55065E+00
   46403   3  7.74056E+00  7.62601E+00  7.20052E+00  6.49683E+00  5.76042E+00  4.86937E+00  4.50868E+00  4.32833E+00  4.26821E+00  4.38844E+00  4.74914E+00  5.32024E+00  6.05665E+00  6.50752E+00  6.86822E+00  7.18382E+00  7.30406E+00  7.42429E+00  7.46937E+00  7.52949E+00  7.51446E+00  7.46937E+00  7.34914E+00  7.16880E+00
   46755   1  1.01067E+00  9.95710E-01  9.40156E-01  8.48277E-01  7.52124E-01  6.35782E-01  5.88687E-01  5.65140E-01  5.57291E-01  5.72989E-01  6.20084E-01  6.94651E-01  7.90803E-01  8.49672E-01  8.96767E-01  9.37975E-01  9.53674E-01  9.69372E-01  9.75259E-01  9.83108E-01  9.81146E-01  9.75259E-01  9.59560E-01  9.36013E-01
   46755   3  8.52596E-02  8.52596E-02  8.52596E-02  8.52596E-02  8.52596E-02  8.52596E-02  8.52596E-02  8.52596E-02  8.52596E-02  8.52596E-02  8.52596E-02  8.52596E-02  8.52596E-02  8.52596E-02  8.52596E-02  8.52596E-02  8.52596E-02  8.52596E-02  8.52596E-02  8.52596E-02  8.52596E-02  8.52596E-02  8.52596E-02  8.52596E-02
   46755   4  1.50260E+00  1.50260E+00  1.50260E+00  1.50260E+00  1.50260E+00  1.50260E+00  1.50260E+00  1.50260E+00  1.50260E+00  1.50260E+00  1.50260E+00  1.50260E+00  1.50260E+00  1.50260E+00  1.50260E+00  1.50260E+00  1.50260E+00  1.50260E+00  1.50260E+00  1.50260E+00  1.50260E+00  1.50260E+00  1.50260E+00  1.50260E+00
   46753   4  0.00000E+00  0.00000E+00  0.00000E+00  0.00000E+00  0.00000E+00  0.00000E+00  0.00000E+00  0.00000E+00  0.00000E+00  0.00000E+00  0.00000E+00  0.00000E+00  0.00000E+00  3.85683E-01  3.85683E-01  3.85683E-01  3.85683E-01  3.85683E-01  3.85683E-01  3.85683E-01  3.85683E-01  0.00000E+00  0.00000E+00  0.00000E+00
   47110   3  2.96691E-02  2.96691E-02  2.96691E-02  2.96691E-02  2.96691E-02  2.96691E-02  2.96691E-02  2.96691E-02  2.96691E-02  2.96691E-02  2.96691E-02  2.96691E-02  2.96691E-02  2.96691E-02  2.96691E-02  2.96691E-02  2.96691E-02  2.96691E-02  2.96691E-02  2.96691E-02  2.96691E-02  2.96691E-02  2.96691E-02  2.96691E-02
   46402   7  2.26758E+02  2.26758E+02  2.26758E+02  2.26758E+02  2.26758E+02  2.26758E+02  2.26758E+02  2.26758E+02  2.26758E+02  2.26758E+02  2.26758E+02  2.26758E+02  2.26758E+02  2.26758E+02  2.26758E+02  2.26758E+02  2.26758E+02  2.26758E+02  2.26758E+02  2.26758E+02  2.26758E+02  2.26758E+02  2.26758E+02  2.26758E+02
   47787   3  1.18548E-04  1.18548E-04  1.18548E-04  1.18548E-04  1.18548E-04  1.18548E-04  1.18548E-04  1.18548E-04  1.18548E-04  1.18548E-04  1.18548E-04  1.18548E-04  1.18548E-04  1.18548E-04  1.18548E-04  1.18548E-04  1.18548E-04  1.18548E-04  1.18548E-04  1.18548E-04  1.18548E-04  1.18548E-04  1.18548E-04  1.18548E-04
   47460   4  0.00000E+00  0.00000E+00  0.00000E+00  0.00000E+00  0.00000E+00  0.00000E+00  0.00000E+00  0.00000E+00  0.00000E+00  0.00000E+00  0.00000E+00  0.00000E+00  0.00000E+00  0.00000E+00  0.00000E+00  0.00000E+00  0.00000E+00  0.00000E+00  0.00000E+00  0.00000E+00  0.00000E+00  0.00000E+00  0.00000E+00  0.00000E+00
   42139   3  1.48790E+00  1.48790E+00  1.48790E+00  1.48790E+00  1.48790E+00  1.48790E+00  1.48790E+00  1.48790E+00  1.48790E+00  1.48790E+00  1.48790E+00  1.48790E+00  1.48790E+00  1.48790E+00  1.48790E+00  1.48790E+00  1.48790E+00  1.48790E+00  1.48790E+00  1.48790E+00  1.48790E+00  1.48790E+00  1.48790E+00  1.48790E+00
   41804   3  2.68649E-04  2.68649E-04  2.68649E-04  2.68649E-04  2.68649E-04  2.68649E-04  2.68649E-04  2.68649E-04  2.68649E-04  2.68649E-04  2.68649E-04  2.68649E-04  2.68649E-04  2.68649E-04  2.68649E-04  2.68649E-04  2.68649E-04  2.68649E-04  2.68649E-04  2.68649E-04  2.68649E-04  2.68649E-04  2.68649E-04  2.68649E-04
   40021   4  4.41136E-04  4.41136E-04  4.41136E-04  4.41136E-04  4.41136E-04  4.41136E-04  4.41136E-04  4.41136E-04  4.41136E-04  4.41136E-04  4.41136E-04  4.41136E-04  4.41136E-04  4.41136E-04  4.41136E-04  4.41136E-04  4.41136E-04  4.41136E-04  4.41136E-04  4.41136E-04  4.41136E-04  4.41136E-04  4.41136E-04  4.41136E-04
   43907   3  0.00000E+00  0.00000E+00  0.00000E+00  0.00000E+00  0.00000E+00  0.00000E+00  0.00000E+00  0.00000E+00  0.00000E+00  0.00000E+00  0.00000E+00  0.00000E+00  0.00000E+00  0.00000E+00  0.00000E+00  0.00000E+00  0.00000E+00  0.00000E+00  0.00000E+00  0.00000E+00  0.00000E+00  0.00000E+00  0.00000E+00  0.00000E+00
   24538   7  1.21916E+01  1.21916E+01  1.21916E+01  1.21916E+01  1.21916E+01  1.21916E+01  1.21916E+01  1.21916E+01  1.21916E+01  1.21916E+01  1.21916E+01  1.21916E+01  1.21916E+01  1.21916E+01  1.21916E+01  1.21916E+01  1.21916E+01  1.21916E+01  1.21916E+01  1.21916E+01  1.21916E+01  1.21916E+01  1.21916E+01  1.21916E+01
   24549   3  0.00000E+00  0.00000E+00  0.00000E+00  0.00000E+00  0.00000E+00  0.00000E+00  0.00000E+00  0.00000E+00  0.00000E+00  0.00000E+00  0.00000E+00  0.00000E+00  0.00000E+00  0.00000E+00  0.00000E+00  0.00000E+00  0.00000E+00  0.00000E+00  0.00000E+00  0.00000E+00  0.00000E+00  0.00000E+00  0.00000E+00  0.00000E+00
   24549   4  7.63083E-03  7.63083E-03  7.63083E-03  7.63083E-03  7.63083E-03  7.63083E-03  7.63083E-03  7.63083E-03  7.63083E-03  7.63083E-03  7.63083E-03  7.63083E-03  7.63083E-03  7.63083E-03  7.63083E-03  7.63083E-03  7.63083E-03  7.63083E-03  7.63083E-03  7.63083E-03  7.63083E-03  7.63083E-03  7.63083E-03  7.63083E-03
   24547   4  1.17183E+01  1.17183E+01  1.17183E+01  1.17183E+01  1.17183E+01  1.17183E+01  1.17183E+01  1.17183E+01  1.17183E+01  1.17183E+01  1.17183E+01  1.17183E+01  1.17183E+01  1.50161E+02  1.50161E+02  1.50161E+02  1.50161E+02  1.50161E+02  1.50161E+02  1.50161E+02  1.50161E+02  1.17183E+01  1.17183E+01  1.17183E+01
   24547   6  2.32855E+01  2.32855E+01  2.32855E+01  2.32855E+01  2.32855E+01  2.32855E+01  2.32855E+01  2.32855E+01  2.32855E+01  2.32855E+01  2.32855E+01  2.32855E+01  2.32855E+01  2.32855E+01  2.32855E+01  2.32855E+01  2.32855E+01  2.32855E+01  2.32855E+01  2.32855E+01  2.32855E+01  2.32855E+01  2.32855E+01  2.32855E+01
   24547   2  3.32650E+00  3.32650E+00  3.32650E+00  3.32650E+00  3.32650E+00  3.32650E+00  3.32650E+00  3.32650E+00  3.32650E+00  3.32650E+00  3.32650E+00  3.32650E+00  3.32650E+00  3.32650E+00  3.32650E+00  3.32650E+00  3.32650E+00  3.32650E+00  3.32650E+00  3.32650E+00  3.32650E+00  3.32650E+00  3.32650E+00  3.32650E+00
   24547   5  1.33060E+01  1.33060E+01  1.33060E+01  1.33060E+01  1.33060E+01  1.33060E+01  1.33060E+01  1.33060E+01  1.33060E+01  1.33060E+01  1.33060E+01  1.33060E+01  1.33060E+01  4.40711E+01  4.40711E+01  4.40711E+01  4.40711E+01  4.40711E+01  4.40711E+01  4.40711E+01  4.40711E+01  1.33060E+01  1.33060E+01  1.33060E+01
   24547   3  5.33492E+00  5.33492E+00  5.33492E+00  5.33492E+00  5.33492E+00  5.33492E+00  5.33492E+00  5.33492E+00  5.33492E+00  5.33492E+00  5.33492E+00  5.33492E+00  5.33492E+00  1.43778E+02  1.43778E+02  1.43778E+02  1.43778E+02  1.43778E+02  1.43778E+02  1.43778E+02  1.43778E+02  5.33492E+00  5.33492E+00  5.33492E+00
   24547   7  4.17079E+01  4.17079E+01  4.17079E+01  4.17079E+01  4.17079E+01  4.17079E+01  4.17079E+01  4.17079E+01  4.17079E+01  4.17079E+01  4.17079E+01  4.17079E+01  4.17079E+01  4.17079E+01  4.17079E+01  4.17079E+01  4.17079E+01  4.17079E+01  4.17079E+01  4.17079E+01  4.17079E+01  4.17079E+01  4.17079E+01  4.17079E+01
   26660   3  1.86133E-02  1.86133E-02  1.86133E-02  1.86133E-02  1.86133E-02  1.86133E-02  1.86133E-02  1.86133E-02  1.86133E-02  1.86133E-02  1.86133E-02  1.86133E-02  1.86133E-02  1.86133E-02  1.86133E-02  1.86133E-02  1.86133E-02  1.86133E-02  1.86133E-02  1.86133E-02  1.86133E-02  1.86133E-02  1.86133E-02  1.86133E-02
   25246   4  3.07622E+00  3.07622E+00  3.07622E+00  3.07622E+00  3.07622E+00  3.07622E+00  3.07622E+00  3.07622E+00  3.07622E+00  3.07622E+00  3.07622E+00  3.07622E+00  3.07622E+00  3.07622E+00  3.07622E+00  3.07622E+00  3.07622E+00  3.07622E+00  3.07622E+00  3.07622E+00  3.07622E+00  3.07622E+00  3.07622E+00  3.07622E+00
   25246   7  1.44506E+02  1.44506E+02  1.44506E+02  1.44506E+02  1.44506E+02  1.44506E+02  1.44506E+02  1.44506E+02  1.44506E+02  1.44506E+02  1.44506E+02  1.44506E+02  1.44506E+02  1.44506E+02  1.44506E+02  1.44506E+02  1.44506E+02  1.44506E+02  1.44506E+02  1.44506E+02  1.44506E+02  1.44506E+02  1.44506E+02  1.44506E+02
   27008   7  8.17891E+01  8.17891E+01  8.17891E+01  8.17891E+01  8.17891E+01  7.70396E+01  7.70396E+01  7.70396E+01  7.70396E+01  7.70396E+01  7.70396E+01  7.70396E+01  8.17891E+01  8.17891E+01  8.17891E+01  8.17891E+01  8.17891E+01  8.17891E+01  8.17891E+01  8.17891E+01  8.17891E+01  8.17891E+01  8.17891E+01  8.17891E+01
   27008   4  1.69577E-03  1.69577E-03  1.69577E-03  1.69577E-03  1.69577E-03  1.69577E-03  1.69577E-03  1.69577E-03  1.69577E-03  1.69577E-03  1.69577E-03  1.69577E-03  1.69577E-03  1.69577E-03  1.69577E-03  1.69577E-03  1.69577E-03  1.69577E-03  1.69577E-03  1.69577E-03  1.69577E-03  1.69577E-03  1.69577E-03  1.69577E-03
   24896   2  8.02551E+01  7.98187E+01  7.81977E+01  7.55168E+01  7.27112E+01  6.93165E+01  6.79423E+01  6.72552E+01  6.70262E+01  6.74843E+01  6.88584E+01  7.10342E+01  7.38398E+01  7.55575E+01  7.69317E+01  7.81341E+01  7.85921E+01  7.90502E+01  7.92220E+01  7.94510E+01  7.93937E+01  7.92220E+01  7.87639E+01  7.80768E+01
   24896   6  9.82998E+00  9.68451E+00  9.14417E+00  8.25053E+00  7.31533E+00  6.18376E+00  5.72571E+00  5.49668E+00  5.42034E+00  5.57302E+00  6.03108E+00  6.75634E+00  7.69153E+00  8.26410E+00  8.72216E+00  9.12296E+00  9.27565E+00  9.42833E+00  9.48559E+00  9.56193E+00  9.54285E+00  9.48559E+00  9.33290E+00  9.10388E+00
   24896   7  1.41242E+01  1.41242E+01  1.41242E+01  1.41242E+01  1.41242E+01  4.01703E+00  4.01703E+00  4.01703E+00  4.01703E+00  4.01703E+00  4.01703E+00  4.01703E+00  1.41242E+01  1.41242E+01  1.41242E+01  1.41242E+01  1.41242E+01  1.41242E+01  1.41242E+01  1.41242E+01  1.41242E+01  1.41242E+01  1.41242E+01  1.41242E+01
   24896   3  4.85799E+00  4.85799E+00  4.85799E+00  4.85799E+00  4.85799E+00  4.85799E+00  4.85799E+00  4.85799E+00  4.85799E+00  4.85799E+00  4.85799E+00  4.85799E+00  4.85799E+00  4.85799E+00  4.85799E+00  4.85799E+00  4.85799E+00  4.85799E+00  4.85799E+00  4.85799E+00  4.85799E+00  4.85799E+00  4.85799E+00  4.85799E+00
   24896   4  1.21439E+01  1.21439E+01  1.21439E+01  1.21439E+01  1.21439E+01  1.21439E+01  1.21439E+01  1.21439E+01  1.21439E+01  1.21439E+01  1.21439E+01  1.21439E+01  1.21439E+01  1.21439E+01  1.21439E+01  1.21439E+01  1.21439E+01  1.21439E+01  1.21439E+01  1.21439E+01  1.21439E+01  1.21439E+01  1.21439E+01  1.21439E+01
   23133   3  1.26363E-03  1.26363E-03  1.26363E-03  1.26363E-03  1.26363E-03  1.26363E-03  1.26363E-03  1.26363E-03  1.26363E-03  1.26363E-03  1.26363E-03  1.26363E-03  1.26363E-03  1.26363E-03  1.26363E-03  1.26363E-03  1.26363E-03  1.26363E-03  1.26363E-03  1.26363E-03  1.26363E-03  1.26363E-03  1.26363E-03  1.26363E-03
   26300   4  1.48445E-02  1.48445E-02  1.48445E-02  1.48445E-02  1.48445E-02  1.48445E-02  1.48445E-02  1.48445E-02  1.48445E-02  1.48445E-02  1.48445E-02  1.48445E-02  1.48445E-02  1.48445E-02  1.48445E-02  1.48445E-02  1.48445E-02  1.48445E-02  1.48445E-02  1.48445E-02  1.48445E-02  1.48445E-02  1.48445E-02  1.48445E-02
   26669   4  1.50657E-03  1.50657E-03  1.50657E-03  1.50657E-03  1.50657E-03  1.50657E-03  1.50657E-03  1.50657E-03  1.50657E-03  1.50657E-03  1.50657E-03  1.50657E-03  1.50657E-03  1.50657E-03  1.50657E-03  1.50657E-03  1.50657E-03  1.50657E-03  1.50657E-03  1.50657E-03  1.50657E-03  1.50657E-03  1.50657E-03  1.50657E-03
   26669   3  6.35440E-02  6.35440E-02  6.35440E-02  6.35440E-02  6.35440E-02  6.35440E-02  6.35440E-02  6.35440E-02  6.35440E-02  6.35440E-02  6.35440E-02  6.35440E-02  6.35440E-02  6.35440E-02  6.35440E-02  6.35440E-02  6.35440E-02  6.35440E-02  6.35440E-02  6.35440E-02  6.35440E-02  6.35440E-02  6.35440E-02  6.35440E-02
   24545   3  6.81675E-03  6.81675E-03  6.81675E-03  6.81675E-03  6.81675E-03  6.81675E-03  6.81675E-03  6.81675E-03  6.81675E-03  6.81675E-03  6.81675E-03  6.81675E-03  6.81675E-03  6.81675E-03  6.81675E-03  6.81675E-03  6.81675E-03  6.81675E-03  6.81675E-03  6.81675E-03  6.81675E-03  6.81675E-03  6.81675E-03  6.81675E-03
    9028   3  1.58273E-01  1.58273E-01  1.58273E-01  1.58273E-01  1.58273E-01  1.58273E-01  1.58273E-01  1.58273E-01  1.58273E-01  1.58273E-01  1.58273E-01  1.58273E-01  1.58273E-01  1.58273E-01  1.58273E-01  1.58273E-01  1.58273E-01  1.58273E-01  1.58273E-01  1.58273E-01  1.58273E-01  1.58273E-01  1.58273E-01  1.58273E-01
    9028   2  6.30893E-02  6.21557E-02  5.86878E-02  5.29523E-02  4.69502E-02  3.96877E-02  3.67479E-02  3.52780E-02  3.47880E-02  3.57680E-02  3.87078E-02  4.33625E-02  4.93647E-02  5.30395E-02  5.59793E-02  5.85516E-02  5.95316E-02  6.05115E-02  6.08790E-02  6.13690E-02  6.12465E-02  6.08790E-02  5.98991E-02  5.84292E-02
    9028   7  7.19762E+01  7.19762E+01  7.19762E+01  7.19762E+01  7.19762E+01  7.19762E+01  7.19762E+01  7.19762E+01  7.19762E+01  7.19762E+01  7.19762E+01  7.19762E+01  7.19762E+01  7.19762E+01  7.19762E+01  7.19762E+01  7.19762E+01  7.19762E+01  7.19762E+01  7.19762E+01  7.19762E+01  7.19762E+01  7.19762E+01  7.19762E+01
   14677   7  1.36202E+01  1.36202E+01  1.36202E+01  1.36202E+01  1.36202E+01  1.36202E+01  1.36202E+01  1.36202E+01  1.36202E+01  1.36202E+01  1.36202E+01  1.36202E+01  1.36202E+01  1.36202E+01  1.36202E+01  1.36202E+01  1.36202E+01  1.36202E+01  1.36202E+01  1.36202E+01  1.36202E+01  1.36202E+01  1.36202E+01  1.36202E+01
   15736   3  7.86639E-05  7.86639E-05  7.86639E-05  7.86639E-05  7.86639E-05  7.86639E-05  7.86639E-05  7.86639E-05  7.86639E-05  7.86639E-05  7.86639E-05  7.86639E-05  7.86639E-05  7.86639E-05  7.86639E-05  7.86639E-05  7.86639E-05  7.86639E-05  7.86639E-05  7.86639E-05  7.86639E-05  7.86639E-05  7.86639E-05  7.86639E-05
   13592   2  8.14795E+01  8.02737E+01  7.57949E+01  6.83876E+01  6.06359E+01  5.12565E+01  4.74597E+01  4.55613E+01  4.49285E+01  4.61941E+01  4.99909E+01  5.60024E+01  6.37542E+01  6.85001E+01  7.22969E+01  7.56191E+01  7.68847E+01  7.81503E+01  7.86249E+01  7.92577E+01  7.90995E+01  7.86249E+01  7.73593E+01  7.54609E+01
   12912   3  0.00000E+00  0.00000E+00  0.00000E+00  0.00000E+00  0.00000E+00  0.00000E+00  0.00000E+00  0.00000E+00  0.00000E+00  0.00000E+00  0.00000E+00  0.00000E+00  0.00000E+00  0.00000E+00  0.00000E+00  0.00000E+00  0.00000E+00  0.00000E+00  0.00000E+00  0.00000E+00  0.00000E+00  0.00000E+00  0.00000E+00  0.00000E+00
   23165   4  6.34943E-03  6.34943E-03  6.34943E-03  6.34943E-03  6.34943E-03  6.34943E-03  6.34943E-03  6.34943E-03  6.34943E-03  6.34943E-03  6.34943E-03  6.34943E-03  6.34943E-03  6.34943E-03  6.34943E-03  6.34943E-03  6.34943E-03  6.34943E-03  6.34943E-03  6.34943E-03  6.34943E-03  6.34943E-03  6.34943E-03  6.34943E-03
   22447   4  1.62413E-02  1.62413E-02  1.62413E-02  1.62413E-02  1.62413E-02  1.62413E-02  1.62413E-02  1.62413E-02  1.62413E-02  1.62413E-02  1.62413E-02  1.62413E-02  1.62413E-02  1.62413E-02  1.62413E-02  1.62413E-02  1.62413E-02  1.62413E-02  1.62413E-02  1.62413E-02  1.62413E-02  1.62413E-02  1.62413E-02  1.62413E-02
   22447   3  8.68777E-02  8.68777E-02  8.68777E-02  8.68777E-02  8.68777E-02  8.68777E-02  8.68777E-02  8.68777E-02  8.68777E-02  8.68777E-02  8.68777E-02  8.68777E-02  8.68777E-02  8.68777E-02  8.68777E-02  8.68777E-02  8.68777E-02  8.68777E-02  8.68777E-02  8.68777E-02  8.68777E-02  8.68777E-02  8.68777E-02  8.68777E-02
   22447   5  0.00000E+00  0.00000E+00  0.00000E+00  0.00000E+00  0.00000E+00  0.00000E+00  0.00000E+00  0.00000E+00  0.00000E+00  0.00000E+00  0.00000E+00  0.00000E+00  0.00000E+00  0.00000E+00  0.00000E+00  0.00000E+00  0.00000E+00  0.00000E+00  0.00000E+00  0.00000E+00  0.00000E+00  0.00000E+00  0.00000E+00  0.00000E+00
   22094   3  3.45065E-01  3.45065E-01  3.45065E-01  3.45065E-01  3.45065E-01  3.45065E-01  3.45065E-01  3.45065E-01  3.45065E-01  3.45065E-01  3.45065E-01  3.45065E-01  3.45065E-01  3.45065E-01  3.45065E-01  3.45065E-01  3.45065E-01  3.45065E-01  3.45065E-01  3.45065E-01  3.45065E-01  3.45065E-01  3.45065E-01  3.45065E-01
   22094   2  6.53204E-01  6.53204E-01  6.53204E-01  6.53204E-01  6.53204E-01  6.53204E-01  6.53204E-01  6.53204E-01  6.53204E-01  6.53204E-01  6.53204E-01  6.53204E-01  6.53204E-01  6.53204E-01  6.53204E-01  6.53204E-01  6.53204E-01  6.53204E-01  6.53204E-01  6.53204E-01  6.53204E-01  6.53204E-01  6.53204E-01  6.53204E-01
   22094   4  3.57185E-01  3.57185E-01  3.57185E-01  3.57185E-01  3.57185E-01  3.57185E-01  3.57185E-01  3.57185E-01  3.57185E-01  3.57185E-01  3.57185E-01  3.57185E-01  3.57185E-01  3.57185E-01  3.57185E-01  3.57185E-01  3.57185E-01  3.57185E-01  3.57185E-01  3.57185E-01  3.57185E-01  3.57185E-01  3.57185E-01  3.57185E-01
   22458   4  1.85868E-03  1.85868E-03  1.85868E-03  1.85868E-03  1.85868E-03  1.85868E-03  1.85868E-03  1.85868E-03  1.85868E-03  1.85868E-03  1.85868E-03  1.85868E-03  1.85868E-03  1.85868E-03  1.85868E-03  1.85868E-03  1.85868E-03  1.85868E-03  1.85868E-03  1.85868E-03  1.85868E-03  1.85868E-03  1.85868E-03  1.85868E-03
   23854   3  3.69438E-01  3.69438E-01  3.69438E-01  3.69438E-01  3.69438E-01  3.69438E-01  3.69438E-01  3.69438E-01  3.69438E-01  3.69438E-01  3.69438E-01  3.69438E-01  3.69438E-01  3.69438E-01  3.69438E-01  3.69438E-01  3.69438E-01  3.69438E-01  3.69438E-01  3.69438E-01  3.69438E-01  3.69438E-01  3.69438E-01  3.69438E-01
   23854   4  0.00000E+00  0.00000E+00  0.00000E+00  0.00000E+00  0.00000E+00  0.00000E+00  0.00000E+00  0.00000E+00  0.00000E+00  0.00000E+00  0.00000E+00  0.00000E+00  0.00000E+00  0.00000E+00  0.00000E+00  0.00000E+00  0.00000E+00  0.00000E+00  0.00000E+00  0.00000E+00  0.00000E+00  0.00000E+00  0.00000E+00  0.00000E+00
   23854   2  4.72851E-01  4.72851E-01  4.72851E-01  4.72851E-01  4.72851E-01  4.72851E-01  4.72851E-01  4.72851E-01  4.72851E-01  4.72851E-01  4.72851E-01  4.72851E-01  4.72851E-01  4.72851E-01  4.72851E-01  4.72851E-01  4.72851E-01  4.72851E-01  4.72851E-01  4.72851E-01  4.72851E-01  4.72851E-01  4.72851E-01  4.72851E-01
   26688   3  4.47214E-01  4.47214E-01  4.47214E-01  4.47214E-01  4.47214E-01  4.47214E-01  4.47214E-01  4.47214E-01  4.47214E-01  4.47214E-01  4.47214E-01  4.47214E-01  4.47214E-01  4.47214E-01  4.47214E-01  4.47214E-01  4.47214E-01  4.47214E-01  4.47214E-01  4.47214E-01  4.47214E-01  4.47214E-01  4.47214E-01  4.47214E-01
   26688   2  4.96905E-02  4.96905E-02  4.96905E-02  4.96905E-02  4.96905E-02  4.96905E-02  4.96905E-02  4.96905E-02  4.96905E-02  4.96905E-02  4.96905E-02  4.96905E-02  4.96905E-02  4.96905E-02  4.96905E-02  4.96905E-02  4.96905E-02  4.96905E-02  4.96905E-02  4.96905E-02  4.96905E-02  4.96905E-02  4.96905E-02  4.96905E-02
   22806   3  1.53364E-03  1.53364E-03  1.53364E-03  1.53364E-03  1.53364E-03  1.53364E-03  1.53364E-03  1.53364E-03  1.53364E-03  1.53364E-03  1.53364E-03  1.53364E-03  1.53364E-03  1.53364E-03  1.53364E-03  1.53364E-03  1.53364E-03  1.53364E-03  1.53364E-03  1.53364E-03  1.53364E-03  1.53364E-03  1.53364E-03  1.53364E-03
   22805   3  5.60496E-03  5.60496E-03  5.60496E-03  5.60496E-03  5.60496E-03  5.60496E-03  5.60496E-03  5.60496E-03  5.60496E-03  5.60496E-03  5.60496E-03  5.60496E-03  5.60496E-03  5.60496E-03  5.60496E-03  5.60496E-03  5.60496E-03  5.60496E-03  5.60496E-03  5.60496E-03  5.60496E-03  5.60496E-03  5.60496E-03  5.60496E-03
   22806   7  7.94366E+01  7.94366E+01  7.94366E+01  7.94366E+01  7.94366E+01  7.94366E+01  7.94366E+01  7.94366E+01  7.94366E+01  7.94366E+01  7.94366E+01  7.94366E+01  7.94366E+01  7.94366E+01  7.94366E+01  7.94366E+01  7.94366E+01  7.94366E+01  7.94366E+01  7.94366E+01  7.94366E+01  7.94366E+01  7.94366E+01  7.94366E+01
   22806   4  4.01648E+00  4.01648E+00  4.01648E+00  4.01648E+00  4.01648E+00  4.01648E+00  4.01648E+00  4.01648E+00  4.01648E+00  4.01648E+00  4.01648E+00  4.01648E+00  4.01648E+00  4.01648E+00  4.01648E+00  4.01648E+00  4.01648E+00  4.01648E+00  4.01648E+00  4.01648E+00  4.01648E+00  4.01648E+00  4.01648E+00  4.01648E+00
   23506   3  6.22771E-01  6.22771E-01  6.22771E-01  6.22771E-01  6.22771E-01  6.22771E-01  6.22771E-01  6.22771E-01  6.22771E-01  6.22771E-01  6.22771E-01  6.22771E-01  6.22771E-01  6.22771E-01  6.22771E-01  6.22771E-01  6.22771E-01  6.22771E-01  6.22771E-01  6.22771E-01  6.22771E-01  6.22771E-01  6.22771E-01  6.22771E-01
   22453   3  0.00000E+00  0.00000E+00  0.00000E+00  0.00000E+00  0.00000E+00  0.00000E+00  0.00000E+00  0.00000E+00  0.00000E+00  0.00000E+00  0.00000E+00  0.00000E+00  0.00000E+00  0.00000E+00  0.00000E+00  0.00000E+00  0.00000E+00  0.00000E+00  0.00000E+00  0.00000E+00  0.00000E+00  0.00000E+00  0.00000E+00  0.00000E+00
   22457   4  1.87767E-02  1.87767E-02  1.87767E-02  1.87767E-02  1.87767E-02  1.87767E-02  1.87767E-02  1.87767E-02  1.87767E-02  1.87767E-02  1.87767E-02  1.87767E-02  1.87767E-02  1.87767E-02  1.87767E-02  1.87767E-02  1.87767E-02  1.87767E-02  1.87767E-02  1.87767E-02  1.87767E-02  1.87767E-02  1.87767E-02  1.87767E-02
   21396   7  0.00000E+00  0.00000E+00  0.00000E+00  0.00000E+00  0.00000E+00  0.00000E+00  0.00000E+00  0.00000E+00  0.00000E+00  0.00000E+00  0.00000E+00  0.00000E+00  0.00000E+00  6.22234E+00  6.22234E+00  6.22234E+00  6.22234E+00  6.22234E+00  6.22234E+00  6.22234E+00  6.22234E+00  0.00000E+00  0.00000E+00  0.00000E+00
   21395   4  1.22403E+00  1.22403E+00  1.22403E+00  1.22403E+00  1.22403E+00  1.22403E+00  1.22403E+00  1.22403E+00  1.22403E+00  1.22403E+00  1.22403E+00  1.22403E+00  1.22403E+00  1.22403E+00  1.22403E+00  1.22403E+00  1.22403E+00  1.22403E+00  1.22403E+00  1.22403E+00  1.22403E+00  1.22403E+00  1.22403E+00  1.22403E+00
   21396   4  9.97290E-01  9.97290E-01  9.97290E-01  9.97290E-01  9.97290E-01  9.97290E-01  9.97290E-01  9.97290E-01  9.97290E-01  9.97290E-01  9.97290E-01  9.97290E-01  9.97290E-01  9.97290E-01  9.97290E-01  9.97290E-01  9.97290E-01  9.97290E-01  9.97290E-01  9.97290E-01  9.97290E-01  9.97290E-01  9.97290E-01  9.97290E-01
   21740   4  2.34251E-02  2.34251E-02  2.34251E-02  2.34251E-02  2.34251E-02  2.34251E-02  2.34251E-02  2.34251E-02  2.34251E-02  2.34251E-02  2.34251E-02  2.34251E-02  2.34251E-02  2.34251E-02  2.34251E-02  2.34251E-02  2.34251E-02  2.34251E-02  2.34251E-02  2.34251E-02  2.34251E-02  2.34251E-02  2.34251E-02  2.34251E-02
   21739   4  1.47336E-01  1.47336E-01  1.47336E-01  1.47336E-01  1.47336E-01  1.47336E-01  1.47336E-01  1.47336E-01  1.47336E-01  1.47336E-01  1.47336E-01  1.47336E-01  1.47336E-01  1.47336E-01  1.47336E-01  1.47336E-01  1.47336E-01  1.47336E-01  1.47336E-01  1.47336E-01  1.47336E-01  1.47336E-01  1.47336E-01  1.47336E-01
   21740   3  1.88142E-01  1.88142E-01  1.88142E-01  1.88142E-01  1.88142E-01  0.00000E+00  0.00000E+00  0.00000E+00  0.00000E+00  0.00000E+00  0.00000E+00  0.00000E+00  0.00000E+00  1.88142E-01  1.88142E-01  1.88142E-01  1.88142E-01  1.88142E-01  1.88142E-01  1.88142E-01  1.88142E-01  1.88142E-01  1.88142E-01  1.88142E-01
   22093   4  4.74296E-02  4.74296E-02  4.74296E-02  4.74296E-02  4.74296E-02  4.74296E-02  4.74296E-02  4.74296E-02  4.74296E-02  4.74296E-02  4.74296E-02  4.74296E-02  4.74296E-02  4.74296E-02  4.74296E-02  4.74296E-02  4.74296E-02  4.74296E-02  4.74296E-02  4.74296E-02  4.74296E-02  4.74296E-02  4.74296E-02  4.74296E-02
   22093   7  0.00000E+00  0.00000E+00  0.00000E+00  0.00000E+00  0.00000E+00  0.00000E+00  0.00000E+00  0.00000E+00  0.00000E+00  0.00000E+00  0.00000E+00  0.00000E+00  0.00000E+00  0.00000E+00  0.00000E+00  0.00000E+00  0.00000E+00  0.00000E+00  0.00000E+00  0.00000E+00  0.00000E+00  0.00000E+00  0.00000E+00  0.00000E+00
   21744   3  2.40375E+00  2.40375E+00  2.40375E+00  2.40375E+00  2.40375E+00  2.40375E+00  2.40375E+00  2.40375E+00  2.40375E+00  2.40375E+00  2.40375E+00  2.40375E+00  2.40375E+00  2.40375E+00  2.40375E+00  2.40375E+00  2.40375E+00  2.40375E+00  2.40375E+00  2.40375E+00  2.40375E+00  2.40375E+00  2.40375E+00  2.40375E+00
   21744   4  1.22642E+00  1.22642E+00  1.22642E+00  1.22642E+00  1.22642E+00  1.22642E+00  1.22642E+00  1.22642E+00  1.22642E+00  1.22642E+00  1.22642E+00  1.22642E+00  1.22642E+00  1.22642E+00  1.22642E+00  1.22642E+00  1.22642E+00  1.22642E+00  1.22642E+00  1.22642E+00  1.22642E+00  1.22642E+00  1.22642E+00  1.22642E+00
   21391   4  2.08177E+00  2.08177E+00  2.08177E+00  2.08177E+00  2.08177E+00  2.08177E+00  2.08177E+00  2.08177E+00  2.08177E+00  2.08177E+00  2.08177E+00  2.08177E+00  2.08177E+00  2.08177E+00  2.08177E+00  2.08177E+00  2.08177E+00  2.08177E+00  2.08177E+00  2.08177E+00  2.08177E+00  2.08177E+00  2.08177E+00  2.08177E+00
   21391   3  3.33758E+00  3.33758E+00  3.33758E+00  3.33758E+00  3.33758E+00  3.33758E+00  3.33758E+00  3.33758E+00  3.33758E+00  3.33758E+00  3.33758E+00  3.33758E+00  3.33758E+00  3.33758E+00  3.33758E+00  3.33758E+00  3.33758E+00  3.33758E+00  3.33758E+00  3.33758E+00  3.33758E+00  3.33758E+00  3.33758E+00  3.33758E+00
   21744   5  0.00000E+00  0.00000E+00  0.00000E+00  0.00000E+00  0.00000E+00  0.00000E+00  0.00000E+00  0.00000E+00  0.00000E+00  0.00000E+00  0.00000E+00  0.00000E+00  0.00000E+00  0.00000E+00  0.00000E+00  0.00000E+00  0.00000E+00  0.00000E+00  0.00000E+00  0.00000E+00  0.00000E+00  0.00000E+00  0.00000E+00  0.00000E+00
   22098   4  3.13870E-01  3.13870E-01  3.13870E-01  3.13870E-01  3.13870E-01  3.13870E-01  3.13870E-01  3.13870E-01  3.13870E-01  3.13870E-01  3.13870E-01  3.13870E-01  3.13870E-01  3.13870E-01  3.13870E-01  3.13870E-01  3.13870E-01  3.13870E-01  3.13870E-01  3.13870E-01  3.13870E-01  3.13870E-01  3.13870E-01  3.13870E-01
   22445   7  6.85935E+01  6.85935E+01  6.85935E+01  6.85935E+01  6.85935E+01  6.85935E+01  6.85935E+01  6.85935E+01  6.85935E+01  6.85935E+01  6.85935E+01  6.85935E+01  6.85935E+01  6.85935E+01  6.85935E+01  6.85935E+01  6.85935E+01  6.85935E+01  6.85935E+01  6.85935E+01  6.85935E+01  6.85935E+01  6.85935E+01  6.85935E+01
   22093   3  8.87806E-01  8.87806E-01  8.87806E-01  8.87806E-01  8.87806E-01  8.87806E-01  8.87806E-01  8.87806E-01  8.87806E-01  8.87806E-01  8.87806E-01  8.87806E-01  8.87806E-01  8.87806E-01  8.87806E-01  8.87806E-01  8.87806E-01  8.87806E-01  8.87806E-01  8.87806E-01  8.87806E-01  8.87806E-01  8.87806E-01  8.87806E-01
   22093   2  8.87806E-01  8.87806E-01  8.87806E-01  8.87806E-01  8.87806E-01  8.87806E-01  8.87806E-01  8.87806E-01  8.87806E-01  8.87806E-01  8.87806E-01  8.87806E-01  8.87806E-01  8.87806E-01  8.87806E-01  8.87806E-01  8.87806E-01  8.87806E-01  8.87806E-01  8.87806E-01  8.87806E-01  8.87806E-01  8.87806E-01  8.87806E-01
   22445   2  4.36821E+01  4.36821E+01  4.36821E+01  4.36821E+01  4.36821E+01  4.36821E+01  4.36821E+01  4.36821E+01  4.36821E+01  4.36821E+01  4.36821E+01  4.36821E+01  4.36821E+01  4.36821E+01  4.36821E+01  4.36821E+01  4.36821E+01  4.36821E+01  4.36821E+01  4.36821E+01  4.36821E+01  4.36821E+01  4.36821E+01  4.36821E+01
   22445   3  8.17035E+00  8.17035E+00  8.17035E+00  8.17035E+00  8.17035E+00  8.17035E+00  8.17035E+00  8.17035E+00  8.17035E+00  8.17035E+00  8.17035E+00  8.17035E+00  8.17035E+00  8.17035E+00  8.17035E+00  8.17035E+00  8.17035E+00  8.17035E+00  8.17035E+00  8.17035E+00  8.17035E+00  8.17035E+00  8.17035E+00  8.17035E+00
   22445   1  1.41724E+00  1.41724E+00  1.41724E+00  1.41724E+00  1.41724E+00  1.41724E+00  1.41724E+00  1.41724E+00  1.41724E+00  1.41724E+00  1.41724E+00  1.41724E+00  1.41724E+00  1.41724E+00  1.41724E+00  1.41724E+00  1.41724E+00  1.41724E+00  1.41724E+00  1.41724E+00  1.41724E+00  1.41724E+00  1.41724E+00  1.41724E+00
   22446   4  3.72312E-01  3.72312E-01  3.72312E-01  3.72312E-01  3.72312E-01  3.72312E-01  3.72312E-01  3.72312E-01  3.72312E-01  3.72312E-01  3.72312E-01  3.72312E-01  3.72312E-01  3.72312E-01  3.72312E-01  3.72312E-01  3.72312E-01  3.72312E-01  3.72312E-01  3.72312E-01  3.72312E-01  3.72312E-01  3.72312E-01  3.72312E-01
   22446   2  8.33245E+00  8.20914E+00  7.75112E+00  6.99362E+00  6.20089E+00  5.24171E+00  4.85344E+00  4.65930E+00  4.59459E+00  4.72401E+00  5.11229E+00  5.72705E+00  6.51978E+00  7.00513E+00  7.39340E+00  7.73314E+00  7.86257E+00  7.99199E+00  8.04052E+00  8.10524E+00  8.08906E+00  8.04052E+00  7.91110E+00  7.71696E+00
   22446   3  0.00000E+00  0.00000E+00  0.00000E+00  0.00000E+00  0.00000E+00  0.00000E+00  0.00000E+00  0.00000E+00  0.00000E+00  0.00000E+00  0.00000E+00  0.00000E+00  0.00000E+00  0.00000E+00  0.00000E+00  0.00000E+00  0.00000E+00  0.00000E+00  0.00000E+00  0.00000E+00  0.00000E+00  0.00000E+00  0.00000E+00  0.00000E+00
   22446   1  2.08311E+00  2.05228E+00  1.93778E+00  1.74841E+00  1.55022E+00  1.31043E+00  1.21336E+00  1.16482E+00  1.14865E+00  1.18100E+00  1.27807E+00  1.43176E+00  1.62995E+00  1.75128E+00  1.84835E+00  1.93329E+00  1.96564E+00  1.99800E+00  2.01013E+00  2.02631E+00  2.02226E+00  2.01013E+00  1.97777E+00  1.92924E+00
   22810   4  7.21899E-02  7.21899E-02  7.21899E-02  7.21899E-02  7.21899E-02  7.21899E-02  7.21899E-02  7.21899E-02  7.21899E-02  7.21899E-02  7.21899E-02  7.21899E-02  7.21899E-02  7.21899E-02  7.21899E-02  7.21899E-02  7.21899E-02  7.21899E-02  7.21899E-02  7.21899E-02  7.21899E-02  7.21899E-02  7.21899E-02  7.21899E-02
   22810   3  0.00000E+00  0.00000E+00  0.00000E+00  0.00000E+00  0.00000E+00  0.00000E+00  0.00000E+00  0.00000E+00  0.00000E+00  0.00000E+00  0.00000E+00  0.00000E+00  0.00000E+00  0.00000E+00  0.00000E+00  0.00000E+00  0.00000E+00  0.00000E+00  0.00000E+00  0.00000E+00  0.00000E+00  0.00000E+00  0.00000E+00  0.00000E+00
   25975   3  0.00000E+00  0.00000E+00  0.00000E+00  0.00000E+00  0.00000E+00  0.00000E+00  0.00000E+00  0.00000E+00  0.00000E+00  0.00000E+00  0.00000E+00  0.00000E+00  0.00000E+00  0.00000E+00  0.00000E+00  0.00000E+00  0.00000E+00  0.00000E+00  0.00000E+00  0.00000E+00  0.00000E+00  0.00000E+00  0.00000E+00  0.00000E+00
   25581   3  0.00000E+00  0.00000E+00  0.00000E+00  0.00000E+00  0.00000E+00  0.00000E+00  0.00000E+00  0.00000E+00  0.00000E+00  0.00000E+00  0.00000E+00  0.00000E+00  0.00000E+00  0.00000E+00  0.00000E+00  0.00000E+00  0.00000E+00  0.00000E+00  0.00000E+00  0.00000E+00  0.00000E+00  0.00000E+00  0.00000E+00  0.00000E+00
   24161   3  0.00000E+00  0.00000E+00  0.00000E+00  0.00000E+00  0.00000E+00  0.00000E+00  0.00000E+00  0.00000E+00  0.00000E+00  0.00000E+00  0.00000E+00  0.00000E+00  0.00000E+00  0.00000E+00  0.00000E+00  0.00000E+00  0.00000E+00  0.00000E+00  0.00000E+00  0.00000E+00  0.00000E+00  0.00000E+00  0.00000E+00  0.00000E+00
   24161   2  0.00000E+00  0.00000E+00  0.00000E+00  0.00000E+00  0.00000E+00  0.00000E+00  0.00000E+00  0.00000E+00  0.00000E+00  0.00000E+00  0.00000E+00  0.00000E+00  0.00000E+00  0.00000E+00  0.00000E+00  0.00000E+00  0.00000E+00  0.00000E+00  0.00000E+00  0.00000E+00  0.00000E+00  0.00000E+00  0.00000E+00  0.00000E+00
   20976   3  0.00000E+00  0.00000E+00  0.00000E+00  0.00000E+00  0.00000E+00  0.00000E+00  0.00000E+00  0.00000E+00  0.00000E+00  0.00000E+00  0.00000E+00  0.00000E+00  0.00000E+00  0.00000E+00  0.00000E+00  0.00000E+00  0.00000E+00  0.00000E+00  0.00000E+00  0.00000E+00  0.00000E+00  0.00000E+00  0.00000E+00  0.00000E+00
   20976   2  0.00000E+00  0.00000E+00  0.00000E+00  0.00000E+00  0.00000E+00  0.00000E+00  0.00000E+00  0.00000E+00  0.00000E+00  0.00000E+00  0.00000E+00  0.00000E+00  0.00000E+00  0.00000E+00  0.00000E+00  0.00000E+00  0.00000E+00  0.00000E+00  0.00000E+00  0.00000E+00  0.00000E+00  0.00000E+00  0.00000E+00  0.00000E+00
   20621   3  0.00000E+00  0.00000E+00  0.00000E+00  0.00000E+00  0.00000E+00  0.00000E+00  0.00000E+00  0.00000E+00  0.00000E+00  0.00000E+00  0.00000E+00  0.00000E+00  0.00000E+00  0.00000E+00  0.00000E+00  0.00000E+00  0.00000E+00  0.00000E+00  0.00000E+00  0.00000E+00  0.00000E+00  0.00000E+00  0.00000E+00  0.00000E+00
   23460   3  7.04430E-01  7.04430E-01  7.04430E-01  7.04430E-01  7.04430E-01  7.04430E-01  7.04430E-01  7.04430E-01  7.04430E-01  7.04430E-01  7.04430E-01  7.04430E-01  7.04430E-01  7.04430E-01  7.04430E-01  7.04430E-01  7.04430E-01  7.04430E-01  7.04430E-01  7.04430E-01  7.04430E-01  7.04430E-01  7.04430E-01  7.04430E-01
   25224   4  3.45242E+01  3.45242E+01  3.45242E+01  3.45242E+01  3.45242E+01  3.45242E+01  3.45242E+01  3.45242E+01  3.45242E+01  3.45242E+01  3.45242E+01  3.45242E+01  3.45242E+01  3.45242E+01  3.45242E+01  3.45242E+01  3.45242E+01  3.45242E+01  3.45242E+01  3.45242E+01  3.45242E+01  3.45242E+01  3.45242E+01  3.45242E+01
   25224   3  4.86280E+01  4.86280E+01  4.86280E+01  4.86280E+01  4.86280E+01  4.86280E+01  4.86280E+01  4.86280E+01  4.86280E+01  4.86280E+01  4.86280E+01  4.86280E+01  4.86280E+01  4.86280E+01  4.86280E+01  4.86280E+01  4.86280E+01  4.86280E+01  4.86280E+01  4.86280E+01  4.86280E+01  4.86280E+01  4.86280E+01  4.86280E+01
   25223   3  3.77772E+01  3.77772E+01  3.77772E+01  3.77772E+01  3.77772E+01  3.75068E+01  3.75068E+01  3.75068E+01  3.75068E+01  3.75068E+01  3.75068E+01  3.75068E+01  3.75068E+01  3.77772E+01  3.77772E+01  3.77772E+01  3.77772E+01  3.77772E+01  3.77772E+01  3.77772E+01  3.77772E+01  3.77772E+01  3.77772E+01  3.77772E+01
   24870   3  8.50821E-01  8.50821E-01  8.50821E-01  8.50821E-01  8.50821E-01  8.50821E-01  8.50821E-01  8.50821E-01  8.50821E-01  8.50821E-01  8.50821E-01  8.50821E-01  8.50821E-01  8.50821E-01  8.50821E-01  8.50821E-01  8.50821E-01  8.50821E-01  8.50821E-01  8.50821E-01  8.50821E-01  8.50821E-01  8.50821E-01  8.50821E-01
   25224   7  0.00000E+00  0.00000E+00  0.00000E+00  0.00000E+00  0.00000E+00  0.00000E+00  0.00000E+00  0.00000E+00  0.00000E+00  0.00000E+00  0.00000E+00  0.00000E+00  0.00000E+00  3.88094E+00  3.88094E+00  3.88094E+00  3.88094E+00  3.88094E+00  3.88094E+00  3.88094E+00  3.88094E+00  0.00000E+00  0.00000E+00  0.00000E+00
   25224   5  0.00000E+00  0.00000E+00  0.00000E+00  0.00000E+00  0.00000E+00  0.00000E+00  0.00000E+00  0.00000E+00  0.00000E+00  0.00000E+00  0.00000E+00  0.00000E+00  0.00000E+00  0.00000E+00  0.00000E+00  0.00000E+00  0.00000E+00  0.00000E+00  0.00000E+00  0.00000E+00  0.00000E+00  0.00000E+00  0.00000E+00  0.00000E+00
   24871   3  0.00000E+00  0.00000E+00  0.00000E+00  0.00000E+00  0.00000E+00  0.00000E+00  0.00000E+00  0.00000E+00  0.00000E+00  0.00000E+00  0.00000E+00  0.00000E+00  0.00000E+00  0.00000E+00  0.00000E+00  0.00000E+00  0.00000E+00  0.00000E+00  0.00000E+00  0.00000E+00  0.00000E+00  0.00000E+00  0.00000E+00  0.00000E+00
   25223   4  2.03698E+00  2.03698E+00  2.03698E+00  2.03698E+00  2.03698E+00  2.03698E+00  2.03698E+00  2.03698E+00  2.03698E+00  2.03698E+00  2.03698E+00  2.03698E+00  2.03698E+00  2.03698E+00  2.03698E+00  2.03698E+00  2.03698E+00  2.03698E+00  2.03698E+00  2.03698E+00  2.03698E+00  2.03698E+00  2.03698E+00  2.03698E+00
   24870   4  9.46343E+00  9.46343E+00  9.46343E+00  9.46343E+00  9.46343E+00  9.46343E+00  9.46343E+00  9.46343E+00  9.46343E+00  9.46343E+00  9.46343E+00  9.46343E+00  9.46343E+00  9.46343E+00  9.46343E+00  9.46343E+00  9.46343E+00  9.46343E+00  9.46343E+00  9.46343E+00  9.46343E+00  9.46343E+00  9.46343E+00  9.46343E+00
   24871   4  2.11693E+01  2.11693E+01  2.11693E+01  2.11693E+01  2.11693E+01  2.11693E+01  2.11693E+01  2.11693E+01  2.11693E+01  2.11693E+01  2.11693E+01  2.11693E+01  2.11693E+01  2.11693E+01  2.11693E+01  2.11693E+01  2.11693E+01  2.11693E+01  2.11693E+01  2.11693E+01  2.11693E+01  2.11693E+01  2.11693E+01  2.11693E+01
   23814   4  4.38731E-01  4.38731E-01  4.38731E-01  4.38731E-01  4.38731E-01  4.38731E-01  4.38731E-01  4.38731E-01  4.38731E-01  4.38731E-01  4.38731E-01  4.38731E-01  4.38731E-01  4.38731E-01  4.38731E-01  4.38731E-01  4.38731E-01  4.38731E-01  4.38731E-01  4.38731E-01  4.38731E-01  4.38731E-01  4.38731E-01  4.38731E-01
   23813   3  0.00000E+00  0.00000E+00  0.00000E+00  0.00000E+00  0.00000E+00  0.00000E+00  0.00000E+00  0.00000E+00  0.00000E+00  0.00000E+00  0.00000E+00  0.00000E+00  0.00000E+00  0.00000E+00  0.00000E+00  0.00000E+00  0.00000E+00  0.00000E+00  0.00000E+00  0.00000E+00  0.00000E+00  0.00000E+00  0.00000E+00  0.00000E+00
   23458   4  9.46264E+00  9.46264E+00  9.46264E+00  9.46264E+00  9.46264E+00  9.46264E+00  9.46264E+00  9.46264E+00  9.46264E+00  9.46264E+00  9.46264E+00  9.46264E+00  9.46264E+00  9.46264E+00  9.46264E+00  9.46264E+00  9.46264E+00  9.46264E+00  9.46264E+00  9.46264E+00  9.46264E+00  9.46264E+00  9.46264E+00  9.46264E+00
   28064   5  7.24027E-03  7.24027E-03  7.24027E-03  7.24027E-03  7.24027E-03  7.24027E-03  7.24027E-03  7.24027E-03  7.24027E-03  7.24027E-03  7.24027E-03  7.24027E-03  7.24027E-03  7.24027E-03  7.24027E-03  7.24027E-03  7.24027E-03  7.24027E-03  7.24027E-03  7.24027E-03  7.24027E-03  7.24027E-03  7.24027E-03  7.24027E-03
   23819   3  6.31114E-03  6.31114E-03  6.31114E-03  6.31114E-03  6.31114E-03  6.31114E-03  6.31114E-03  6.31114E-03  6.31114E-03  6.31114E-03  6.31114E-03  6.31114E-03  6.31114E-03  6.31114E-03  6.31114E-03  6.31114E-03  6.31114E-03  6.31114E-03  6.31114E-03  6.31114E-03  6.31114E-03  6.31114E-03  6.31114E-03  6.31114E-03
   23819   4  9.70234E+00  9.70234E+00  9.70234E+00  9.70234E+00  9.70234E+00  9.70234E+00  9.70234E+00  9.70234E+00  9.70234E+00  9.70234E+00  9.70234E+00  9.70234E+00  9.70234E+00  9.70234E+00  9.70234E+00  9.70234E+00  9.70234E+00  9.70234E+00  9.70234E+00  9.70234E+00  9.70234E+00  9.70234E+00  9.70234E+00  9.70234E+00
   23464   5  0.00000E+00  0.00000E+00  0.00000E+00  0.00000E+00  0.00000E+00  0.00000E+00  0.00000E+00  0.00000E+00  0.00000E+00  0.00000E+00  0.00000E+00  0.00000E+00  0.00000E+00  0.00000E+00  0.00000E+00  0.00000E+00  0.00000E+00  0.00000E+00  0.00000E+00  0.00000E+00  0.00000E+00  0.00000E+00  0.00000E+00  0.00000E+00
   23464   3  2.30537E+00  2.30537E+00  2.30537E+00  2.30537E+00  2.30537E+00  2.30537E+00  2.30537E+00  2.30537E+00  2.30537E+00  2.30537E+00  2.30537E+00  2.30537E+00  2.30537E+00  2.30537E+00  2.30537E+00  2.30537E+00  2.30537E+00  2.30537E+00  2.30537E+00  2.30537E+00  2.30537E+00  2.30537E+00  2.30537E+00  2.30537E+00
   23464   1  0.00000E+00  0.00000E+00  0.00000E+00  0.00000E+00  0.00000E+00  0.00000E+00  0.00000E+00  0.00000E+00  0.00000E+00  0.00000E+00  0.00000E+00  0.00000E+00  0.00000E+00  0.00000E+00  0.00000E+00  0.00000E+00  0.00000E+00  0.00000E+00  0.00000E+00  0.00000E+00  0.00000E+00  0.00000E+00  0.00000E+00  0.00000E+00
   23464   2  1.69652E+01  1.69652E+01  1.69652E+01  1.69652E+01  1.69652E+01  1.69652E+01  1.69652E+01  1.69652E+01  1.69652E+01  1.69652E+01  1.69652E+01  1.69652E+01  1.69652E+01  1.69652E+01  1.69652E+01  1.69652E+01  1.69652E+01  1.69652E+01  1.69652E+01  1.69652E+01  1.69652E+01  1.69652E+01  1.69652E+01  1.69652E+01
   23464   4  3.04140E+00  3.04140E+00  3.04140E+00  3.04140E+00  3.04140E+00  3.04140E+00  3.04140E+00  3.04140E+00  3.04140E+00  3.04140E+00  3.04140E+00  3.04140E+00  3.04140E+00  3.04140E+00  3.04140E+00  3.04140E+00  3.04140E+00  3.04140E+00  3.04140E+00  3.04140E+00  3.04140E+00  3.04140E+00  3.04140E+00  3.04140E+00
   24519   4  1.04614E+01  1.04614E+01  1.04614E+01  1.04614E+01  1.04614E+01  1.04614E+01  1.04614E+01  1.04614E+01  1.04614E+01  1.04614E+01  1.04614E+01  1.04614E+01  1.04614E+01  1.04614E+01  1.04614E+01  1.04614E+01  1.04614E+01  1.04614E+01  1.04614E+01  1.04614E+01  1.04614E+01  1.04614E+01  1.04614E+01  1.04614E+01
   24519   3  1.47927E+02  1.47927E+02  1.47927E+02  1.47927E+02  1.47927E+02  1.56817E+00  1.56817E+00  1.56817E+00  1.56817E+00  1.56817E+00  1.56817E+00  1.56817E+00  1.56817E+00  1.47927E+02  1.47927E+02  1.47927E+02  1.47927E+02  1.47927E+02  1.47927E+02  1.47927E+02  1.47927E+02  1.47927E+02  1.47927E+02  1.47927E+02
   24166   4  4.79040E-01  4.79040E-01  4.79040E-01  4.79040E-01  4.79040E-01  4.79040E-01  4.79040E-01  4.79040E-01  4.79040E-01  4.79040E-01  4.79040E-01  4.79040E-01  4.79040E-01  4.79040E-01  4.79040E-01  4.79040E-01  4.79040E-01  4.79040E-01  4.79040E-01  4.79040E-01  4.79040E-01  4.79040E-01  4.79040E-01  4.79040E-01
   24518   4  0.00000E+00  0.00000E+00  0.00000E+00  0.00000E+00  0.00000E+00  0.00000E+00  0.00000E+00  0.00000E+00  0.00000E+00  0.00000E+00  0.00000E+00  0.00000E+00  0.00000E+00  0.00000E+00  0.00000E+00  0.00000E+00  0.00000E+00  0.00000E+00  0.00000E+00  0.00000E+00  0.00000E+00  0.00000E+00  0.00000E+00  0.00000E+00
   24519   7  1.77591E+02  1.77591E+02  1.77591E+02  1.77591E+02  1.77591E+02  1.77591E+02  1.77591E+02  1.77591E+02  1.77591E+02  1.77591E+02  1.77591E+02  1.77591E+02  1.77591E+02  1.77591E+02  1.77591E+02  1.77591E+02  1.77591E+02  1.77591E+02  1.77591E+02  1.77591E+02  1.77591E+02  1.77591E+02  1.77591E+02  1.77591E+02
   24510   3  0.00000E+00  0.00000E+00  0.00000E+00  0.00000E+00  0.00000E+00  0.00000E+00  0.00000E+00  0.00000E+00  0.00000E+00  0.00000E+00  0.00000E+00  0.00000E+00  0.00000E+00  0.00000E+00  0.00000E+00  0.00000E+00  0.00000E+00  0.00000E+00  0.00000E+00  0.00000E+00  0.00000E+00  0.00000E+00  0.00000E+00  0.00000E+00
   24510   2  0.00000E+00  0.00000E+00  0.00000E+00  0.00000E+00  0.00000E+00  0.00000E+00  0.00000E+00  0.00000E+00  0.00000E+00  0.00000E+00  0.00000E+00  0.00000E+00  0.00000E+00  0.00000E+00  0.00000E+00  0.00000E+00  0.00000E+00  0.00000E+00  0.00000E+00  0.00000E+00  0.00000E+00  0.00000E+00  0.00000E+00  0.00000E+00
   20989   3  0.00000E+00  0.00000E+00  0.00000E+00  0.00000E+00  0.00000E+00  0.00000E+00  0.00000E+00  0.00000E+00  0.00000E+00  0.00000E+00  0.00000E+00  0.00000E+00  0.00000E+00  0.00000E+00  0.00000E+00  0.00000E+00  0.00000E+00  0.00000E+00  0.00000E+00  0.00000E+00  0.00000E+00  0.00000E+00  0.00000E+00  0.00000E+00
   20989   2  0.00000E+00  0.00000E+00  0.00000E+00  0.00000E+00  0.00000E+00  0.00000E+00  0.00000E+00  0.00000E+00  0.00000E+00  0.00000E+00  0.00000E+00  0.00000E+00  0.00000E+00  0.00000E+00  0.00000E+00  0.00000E+00  0.00000E+00  0.00000E+00  0.00000E+00  0.00000E+00  0.00000E+00  0.00000E+00  0.00000E+00  0.00000E+00
   22745   4  1.96093E-01  1.96093E-01  1.96093E-01  1.96093E-01  1.96093E-01  1.96093E-01  1.96093E-01  1.96093E-01  1.96093E-01  1.96093E-01  1.96093E-01  1.96093E-01  1.96093E-01  1.96093E-01  1.96093E-01  1.96093E-01  1.96093E-01  1.96093E-01  1.96093E-01  1.96093E-01  1.96093E-01  1.96093E-01  1.96093E-01  1.96093E-01
   28410   4  1.44380E-01  1.44380E-01  1.44380E-01  1.44380E-01  1.44380E-01  1.44380E-01  1.44380E-01  1.44380E-01  1.44380E-01  1.44380E-01  1.44380E-01  1.44380E-01  1.44380E-01  1.44380E-01  1.44380E-01  1.44380E-01  1.44380E-01  1.44380E-01  1.44380E-01  1.44380E-01  1.44380E-01  1.44380E-01  1.44380E-01  1.44380E-01
   24163   4  6.66628E-01  6.66628E-01  6.66628E-01  6.66628E-01  6.66628E-01  6.66628E-01  6.66628E-01  6.66628E-01  6.66628E-01  6.66628E-01  6.66628E-01  6.66628E-01  6.66628E-01  6.66628E-01  6.66628E-01  6.66628E-01  6.66628E-01  6.66628E-01  6.66628E-01  6.66628E-01  6.66628E-01  6.66628E-01  6.66628E-01  6.66628E-01
   24163   3  1.23009E-03  1.23009E-03  1.23009E-03  1.23009E-03  1.23009E-03  1.23009E-03  1.23009E-03  1.23009E-03  1.23009E-03  1.23009E-03  1.23009E-03  1.23009E-03  1.23009E-03  1.23009E-03  1.23009E-03  1.23009E-03  1.23009E-03  1.23009E-03  1.23009E-03  1.23009E-03  1.23009E-03  1.23009E-03  1.23009E-03  1.23009E-03
   24870   5  3.00778E-03  3.00778E-03  3.00778E-03  3.00778E-03  3.00778E-03  3.00778E-03  3.00778E-03  3.00778E-03  3.00778E-03  3.00778E-03  3.00778E-03  3.00778E-03  3.00778E-03  3.00778E-03  3.00778E-03  3.00778E-03  3.00778E-03  3.00778E-03  3.00778E-03  3.00778E-03  3.00778E-03  3.00778E-03  3.00778E-03  3.00778E-03
   24517   4  4.11641E-01  4.11641E-01  4.11641E-01  4.11641E-01  4.11641E-01  4.11641E-01  4.11641E-01  4.11641E-01  4.11641E-01  4.11641E-01  4.11641E-01  4.11641E-01  4.11641E-01  4.11641E-01  4.11641E-01  4.11641E-01  4.11641E-01  4.11641E-01  4.11641E-01  4.11641E-01  4.11641E-01  4.11641E-01  4.11641E-01  4.11641E-01
   24872   4  4.83345E-01  4.83345E-01  4.83345E-01  4.83345E-01  4.83345E-01  4.83345E-01  4.83345E-01  4.83345E-01  4.83345E-01  4.83345E-01  4.83345E-01  4.83345E-01  4.83345E-01  4.83345E-01  4.83345E-01  4.83345E-01  4.83345E-01  4.83345E-01  4.83345E-01  4.83345E-01  4.83345E-01  4.83345E-01  4.83345E-01  4.83345E-01
   20280   3  0.00000E+00  0.00000E+00  0.00000E+00  0.00000E+00  0.00000E+00  0.00000E+00  0.00000E+00  0.00000E+00  0.00000E+00  0.00000E+00  0.00000E+00  0.00000E+00  0.00000E+00  0.00000E+00  0.00000E+00  0.00000E+00  0.00000E+00  0.00000E+00  0.00000E+00  0.00000E+00  0.00000E+00  0.00000E+00  0.00000E+00  0.00000E+00
   23103   3  0.00000E+00  0.00000E+00  0.00000E+00  0.00000E+00  0.00000E+00  0.00000E+00  0.00000E+00  0.00000E+00  0.00000E+00  0.00000E+00  0.00000E+00  0.00000E+00  0.00000E+00  9.72517E-02  9.72517E-02  9.72517E-02  9.72517E-02  9.72517E-02  9.72517E-02  9.72517E-02  9.72517E-02  0.00000E+00  0.00000E+00  0.00000E+00
   25575   3  7.31038E+00  7.31038E+00  7.31038E+00  7.31038E+00  7.31038E+00  7.31038E+00  7.31038E+00  7.31038E+00  7.31038E+00  7.31038E+00  7.31038E+00  7.31038E+00  7.31038E+00  7.31038E+00  7.31038E+00  7.31038E+00  7.31038E+00  7.31038E+00  7.31038E+00  7.31038E+00  7.31038E+00  7.31038E+00  7.31038E+00  7.31038E+00
   25575   4  1.25231E+01  1.25231E+01  1.25231E+01  1.25231E+01  1.25231E+01  1.25231E+01  1.25231E+01  1.25231E+01  1.25231E+01  1.25231E+01  1.25231E+01  1.25231E+01  1.25231E+01  1.25231E+01  1.25231E+01  1.25231E+01  1.25231E+01  1.25231E+01  1.25231E+01  1.25231E+01  1.25231E+01  1.25231E+01  1.25231E+01  1.25231E+01
   25575   5  8.58357E-04  8.58357E-04  8.58357E-04  8.58357E-04  8.58357E-04  8.58357E-04  8.58357E-04  8.58357E-04  8.58357E-04  8.58357E-04  8.58357E-04  8.58357E-04  8.58357E-04  8.58357E-04  8.58357E-04  8.58357E-04  8.58357E-04  8.58357E-04  8.58357E-04  8.58357E-04  8.58357E-04  8.58357E-04  8.58357E-04  8.58357E-04
   25575   2  2.37635E+00  2.37635E+00  2.37635E+00  2.37635E+00  2.37635E+00  2.37635E+00  2.37635E+00  2.37635E+00  2.37635E+00  2.37635E+00  2.37635E+00  2.37635E+00  2.37635E+00  2.37635E+00  2.37635E+00  2.37635E+00  2.37635E+00  2.37635E+00  2.37635E+00  2.37635E+00  2.37635E+00  2.37635E+00  2.37635E+00  2.37635E+00
   24868   4  0.00000E+00  0.00000E+00  0.00000E+00  0.00000E+00  0.00000E+00  0.00000E+00  0.00000E+00  0.00000E+00  0.00000E+00  0.00000E+00  0.00000E+00  0.00000E+00  0.00000E+00  0.00000E+00  0.00000E+00  0.00000E+00  0.00000E+00  0.00000E+00  0.00000E+00  0.00000E+00  0.00000E+00  0.00000E+00  0.00000E+00  0.00000E+00
   24869   4  0.00000E+00  0.00000E+00  0.00000E+00  0.00000E+00  0.00000E+00  0.00000E+00  0.00000E+00  0.00000E+00  0.00000E+00  0.00000E+00  0.00000E+00  0.00000E+00  0.00000E+00  0.00000E+00  0.00000E+00  0.00000E+00  0.00000E+00  0.00000E+00  0.00000E+00  0.00000E+00  0.00000E+00  0.00000E+00  0.00000E+00  0.00000E+00
   25575   7  3.28142E+02  3.28142E+02  3.28142E+02  3.28142E+02  3.28142E+02  3.28142E+02  3.28142E+02  3.28142E+02  3.28142E+02  3.28142E+02  3.28142E+02  3.28142E+02  3.28142E+02  3.28142E+02  3.28142E+02  3.28142E+02  3.28142E+02  3.28142E+02  3.28142E+02  3.28142E+02  3.28142E+02  3.28142E+02  3.28142E+02  3.28142E+02
   25576   3  5.19499E+00  5.19499E+00  5.19499E+00  5.19499E+00  5.19499E+00  5.19499E+00  5.19499E+00  5.19499E+00  5.19499E+00  5.19499E+00  5.19499E+00  5.19499E+00  5.19499E+00  5.19499E+00  5.19499E+00  5.19499E+00  5.19499E+00  5.19499E+00  5.19499E+00  5.19499E+00  5.19499E+00  5.19499E+00  5.19499E+00  5.19499E+00
   25222   3  4.81132E-02  4.81132E-02  4.81132E-02  4.81132E-02  4.81132E-02  4.81132E-02  4.81132E-02  4.81132E-02  4.81132E-02  4.81132E-02  4.81132E-02  4.81132E-02  4.81132E-02  4.81132E-02  4.81132E-02  4.81132E-02  4.81132E-02  4.81132E-02  4.81132E-02  4.81132E-02  4.81132E-02  4.81132E-02  4.81132E-02  4.81132E-02
   24874   3  0.00000E+00  0.00000E+00  0.00000E+00  0.00000E+00  0.00000E+00  0.00000E+00  0.00000E+00  0.00000E+00  0.00000E+00  0.00000E+00  0.00000E+00  0.00000E+00  0.00000E+00  0.00000E+00  0.00000E+00  0.00000E+00  0.00000E+00  0.00000E+00  0.00000E+00  0.00000E+00  0.00000E+00  0.00000E+00  0.00000E+00  0.00000E+00
   24874   4  1.66995E-01  1.66995E-01  1.66995E-01  1.66995E-01  1.66995E-01  1.66995E-01  1.66995E-01  1.66995E-01  1.66995E-01  1.66995E-01  1.66995E-01  1.66995E-01  1.66995E-01  1.66995E-01  1.66995E-01  1.66995E-01  1.66995E-01  1.66995E-01  1.66995E-01  1.66995E-01  1.66995E-01  1.66995E-01  1.66995E-01  1.66995E-01
   20686   4  0.00000E+00  0.00000E+00  0.00000E+00  0.00000E+00  0.00000E+00  0.00000E+00  0.00000E+00  0.00000E+00  0.00000E+00  0.00000E+00  0.00000E+00  0.00000E+00  0.00000E+00  0.00000E+00  0.00000E+00  0.00000E+00  0.00000E+00  0.00000E+00  0.00000E+00  0.00000E+00  0.00000E+00  0.00000E+00  0.00000E+00  0.00000E+00
   20686   2  8.76176E+00  8.63209E+00  8.15047E+00  7.35395E+00  6.52038E+00  5.51178E+00  5.10350E+00  4.89936E+00  4.83131E+00  4.96740E+00  5.37568E+00  6.02213E+00  6.85570E+00  7.36605E+00  7.77433E+00  8.13157E+00  8.26767E+00  8.40376E+00  8.45479E+00  8.52284E+00  8.50583E+00  8.45479E+00  8.31870E+00  8.11456E+00
   20686   3  2.33105E+00  2.29655E+00  2.16842E+00  1.95651E+00  1.73474E+00  1.46640E+00  1.35778E+00  1.30347E+00  1.28536E+00  1.32157E+00  1.43019E+00  1.60218E+00  1.82395E+00  1.95972E+00  2.06835E+00  2.16339E+00  2.19960E+00  2.23581E+00  2.24938E+00  2.26749E+00  2.26296E+00  2.24938E+00  2.21318E+00  2.15887E+00
   22095   4  2.35716E-01  2.35716E-01  2.35716E-01  2.35716E-01  2.35716E-01  2.35716E-01  2.35716E-01  2.35716E-01  2.35716E-01  2.35716E-01  2.35716E-01  2.35716E-01  2.35716E-01  2.35716E-01  2.35716E-01  2.35716E-01  2.35716E-01  2.35716E-01  2.35716E-01  2.35716E-01  2.35716E-01  2.35716E-01  2.35716E-01  2.35716E-01
   22095   2  1.10304E+00  1.10304E+00  1.10304E+00  1.10304E+00  1.10304E+00  1.10304E+00  1.10304E+00  1.10304E+00  1.10304E+00  1.10304E+00  1.10304E+00  1.10304E+00  1.10304E+00  1.10304E+00  1.10304E+00  1.10304E+00  1.10304E+00  1.10304E+00  1.10304E+00  1.10304E+00  1.10304E+00  1.10304E+00  1.10304E+00  1.10304E+00
   22095   3  0.00000E+00  0.00000E+00  0.00000E+00  0.00000E+00  0.00000E+00  0.00000E+00  0.00000E+00  0.00000E+00  0.00000E+00  0.00000E+00  0.00000E+00  0.00000E+00  0.00000E+00  0.00000E+00  0.00000E+00  0.00000E+00  0.00000E+00  0.00000E+00  0.00000E+00  0.00000E+00  0.00000E+00  0.00000E+00  0.00000E+00  0.00000E+00
   20329   3  4.90518E+01  4.90518E+01  2.19675E+00  2.19675E+00  2.19675E+00  2.18802E+00  2.18802E+00  2.18802E+00  2.18802E+00  2.18802E+00  2.18802E+00  2.18802E+00  2.18802E+00  4.91669E+01  4.91669E+01  4.91669E+01  4.91669E+01  4.91669E+01  4.91669E+01  4.91669E+01  4.91669E+01  4.90518E+01  4.90518E+01  4.90518E+01
   21381   4  0.00000E+00  0.00000E+00  0.00000E+00  0.00000E+00  0.00000E+00  0.00000E+00  0.00000E+00  0.00000E+00  0.00000E+00  0.00000E+00  0.00000E+00  0.00000E+00  0.00000E+00  3.22747E+01  3.22747E+01  3.22747E+01  3.22747E+01  3.22747E+01  3.22747E+01  3.22747E+01  3.22747E+01  0.00000E+00  0.00000E+00  0.00000E+00
   20684   3  1.41850E-01  1.41850E-01  0.00000E+00  0.00000E+00  0.00000E+00  0.00000E+00  0.00000E+00  0.00000E+00  0.00000E+00  0.00000E+00  0.00000E+00  0.00000E+00  0.00000E+00  1.41850E-01  1.41850E-01  1.41850E-01  1.41850E-01  1.41850E-01  1.41850E-01  1.41850E-01  1.41850E-01  1.41850E-01  1.41850E-01  1.41850E-01
   20683   3  1.40203E+02  1.40161E+02  1.39229E+02  1.38972E+02  1.38703E+02  1.73089E+01  1.71772E+01  1.71113E+01  1.70894E+01  1.71333E+01  1.72650E+01  1.74736E+01  1.77425E+01  1.39766E+02  1.39898E+02  1.40013E+02  1.40057E+02  1.40101E+02  1.40117E+02  1.40139E+02  1.40134E+02  1.40104E+02  1.40060E+02  1.39994E+02
   20684   4  3.39258E-01  3.39258E-01  3.39258E-01  3.39258E-01  3.39258E-01  3.39258E-01  3.39258E-01  3.39258E-01  3.39258E-01  3.39258E-01  3.39258E-01  3.39258E-01  3.39258E-01  3.39258E-01  3.39258E-01  3.39258E-01  3.39258E-01  3.39258E-01  3.39258E-01  3.39258E-01  3.39258E-01  3.39258E-01  3.39258E-01  3.39258E-01
   21036   4  1.89481E+00  1.89481E+00  1.89481E+00  1.89481E+00  1.89481E+00  1.89481E+00  1.89481E+00  1.89481E+00  1.89481E+00  1.89481E+00  1.89481E+00  1.89481E+00  1.89481E+00  5.42361E+01  5.42361E+01  5.42361E+01  5.42361E+01  5.42361E+01  5.42361E+01  5.42361E+01  5.42361E+01  1.89481E+00  1.89481E+00  1.89481E+00
   21036   3  3.74886E+01  3.74886E+01  3.74886E+01  3.74886E+01  3.74886E+01  3.74886E+01  3.74886E+01  3.74886E+01  3.74886E+01  3.74886E+01  3.74886E+01  3.74886E+01  3.74886E+01  3.74886E+01  3.74886E+01  3.74886E+01  3.74886E+01  3.74886E+01  3.74886E+01  3.74886E+01  3.74886E+01  3.74886E+01  3.74886E+01  3.74886E+01
   21036   7  0.00000E+00  0.00000E+00  0.00000E+00  0.00000E+00  0.00000E+00  0.00000E+00  0.00000E+00  0.00000E+00  0.00000E+00  0.00000E+00  0.00000E+00  0.00000E+00  0.00000E+00  5.44654E+00  5.44654E+00  5.44654E+00  5.44654E+00  5.44654E+00  5.44654E+00  5.44654E+00  5.44654E+00  0.00000E+00  0.00000E+00  0.00000E+00
   19275   4  5.50894E-02  5.50894E-02  5.50894E-02  5.50894E-02  5.50894E-02  5.50894E-02  5.50894E-02  5.50894E-02  5.50894E-02  5.50894E-02  5.50894E-02  5.50894E-02  5.50894E-02  5.50894E-02  5.50894E-02  5.50894E-02  5.50894E-02  5.50894E-02  5.50894E-02  5.50894E-02  5.50894E-02  5.50894E-02  5.50894E-02  5.50894E-02
   19275   3  1.95142E-01  1.95142E-01  1.95142E-01  1.95142E-01  1.95142E-01  1.95142E-01  1.95142E-01  1.95142E-01  1.95142E-01  1.95142E-01  1.95142E-01  1.95142E-01  1.95142E-01  1.95142E-01  1.95142E-01  1.95142E-01  1.95142E-01  1.95142E-01  1.95142E-01  1.95142E-01  1.95142E-01  1.95142E-01  1.95142E-01  1.95142E-01
   19274   4  3.59790E-02  3.59790E-02  3.59790E-02  3.59790E-02  3.59790E-02  3.59790E-02  3.59790E-02  3.59790E-02  3.59790E-02  3.59790E-02  3.59790E-02  3.59790E-02  3.59790E-02  3.59790E-02  3.59790E-02  3.59790E-02  3.59790E-02  3.59790E-02  3.59790E-02  3.59790E-02  3.59790E-02  3.59790E-02  3.59790E-02  3.59790E-02
   19627   4  8.78863E-02  8.78863E-02  8.78863E-02  8.78863E-02  8.78863E-02  8.78863E-02  8.78863E-02  8.78863E-02  8.78863E-02  8.78863E-02  8.78863E-02  8.78863E-02  8.78863E-02  8.78863E-02  8.78863E-02  8.78863E-02  8.78863E-02  8.78863E-02  8.78863E-02  8.78863E-02  8.78863E-02  8.78863E-02  8.78863E-02  8.78863E-02
   19627   3  0.00000E+00  0.00000E+00  0.00000E+00  0.00000E+00  0.00000E+00  0.00000E+00  0.00000E+00  0.00000E+00  0.00000E+00  0.00000E+00  0.00000E+00  0.00000E+00  0.00000E+00  0.00000E+00  0.00000E+00  0.00000E+00  0.00000E+00  0.00000E+00  0.00000E+00  0.00000E+00  0.00000E+00  0.00000E+00  0.00000E+00  0.00000E+00
   19627   2  0.00000E+00  0.00000E+00  0.00000E+00  0.00000E+00  0.00000E+00  0.00000E+00  0.00000E+00  0.00000E+00  0.00000E+00  0.00000E+00  0.00000E+00  0.00000E+00  0.00000E+00  0.00000E+00  0.00000E+00  0.00000E+00  0.00000E+00  0.00000E+00  0.00000E+00  0.00000E+00  0.00000E+00  0.00000E+00  0.00000E+00  0.00000E+00
   20331   4  2.75131E+01  2.75131E+01  2.75131E+01  2.75131E+01  2.75131E+01  2.75131E+01  2.75131E+01  2.75131E+01  2.75131E+01  2.75131E+01  2.75131E+01  2.75131E+01  2.75131E+01  3.12440E+01  3.12440E+01  3.12440E+01  3.12440E+01  3.12440E+01  3.12440E+01  3.12440E+01  3.12440E+01  2.75131E+01  2.75131E+01  2.75131E+01
   20331   3  1.20603E+01  1.20603E+01  1.14067E+01  1.14067E+01  1.14067E+01  1.14067E+01  1.14067E+01  1.14067E+01  1.14067E+01  1.14067E+01  1.14067E+01  1.14067E+01  1.14067E+01  2.84452E+01  2.84452E+01  2.84452E+01  2.84452E+01  2.84452E+01  2.84452E+01  2.84452E+01  2.84452E+01  1.20603E+01  1.20603E+01  1.20603E+01
   20331   7  1.52127E+00  1.52127E+00  1.52127E+00  1.52127E+00  1.52127E+00  1.40426E+00  1.40426E+00  1.40426E+00  1.40426E+00  1.40426E+00  1.40426E+00  1.40426E+00  1.52127E+00  2.63201E+00  2.63201E+00  2.63201E+00  2.63201E+00  2.63201E+00  2.63201E+00  2.63201E+00  2.63201E+00  1.52127E+00  1.52127E+00  1.52127E+00
   19971   4  1.32579E-01  1.32579E-01  1.32579E-01  1.32579E-01  1.32579E-01  1.32579E-01  1.32579E-01  1.32579E-01  1.32579E-01  1.32579E-01  1.32579E-01  1.32579E-01  1.32579E-01  1.32579E-01  1.32579E-01  1.32579E-01  1.32579E-01  1.32579E-01  1.32579E-01  1.32579E-01  1.32579E-01  1.32579E-01  1.32579E-01  1.32579E-01
   20331   1  4.48426E-01  4.48426E-01  4.48426E-01  4.48426E-01  4.48426E-01  4.48426E-01  4.48426E-01  4.48426E-01  4.48426E-01  4.48426E-01  4.48426E-01  4.48426E-01  4.48426E-01  4.48426E-01  4.48426E-01  4.48426E-01  4.48426E-01  4.48426E-01  4.48426E-01  4.48426E-01  4.48426E-01  4.48426E-01  4.48426E-01  4.48426E-01
   20331   2  1.05764E-02  1.05764E-02  1.05764E-02  1.05764E-02  1.05764E-02  1.05764E-02  1.05764E-02  1.05764E-02  1.05764E-02  1.05764E-02  1.05764E-02  1.05764E-02  1.05764E-02  1.05764E-02  1.05764E-02  1.05764E-02  1.05764E-02  1.05764E-02  1.05764E-02  1.05764E-02  1.05764E-02  1.05764E-02  1.05764E-02  1.05764E-02
   20685   3  0.00000E+00  0.00000E+00  0.00000E+00  0.00000E+00  0.00000E+00  0.00000E+00  0.00000E+00  0.00000E+00  0.00000E+00  0.00000E+00  0.00000E+00  0.00000E+00  0.00000E+00  7.12686E-03  7.12686E-03  7.12686E-03  7.12686E-03  7.12686E-03  7.12686E-03  7.12686E-03  7.12686E-03  0.00000E+00  0.00000E+00  0.00000E+00
   20332   3  0.00000E+00  0.00000E+00  0.00000E+00  0.00000E+00  0.00000E+00  0.00000E+00  0.00000E+00  0.00000E+00  0.00000E+00  0.00000E+00  0.00000E+00  0.00000E+00  0.00000E+00  0.00000E+00  0.00000E+00  0.00000E+00  0.00000E+00  0.00000E+00  0.00000E+00  0.00000E+00  0.00000E+00  0.00000E+00  0.00000E+00  0.00000E+00
   20685   7  0.00000E+00  0.00000E+00  0.00000E+00  0.00000E+00  0.00000E+00  0.00000E+00  0.00000E+00  0.00000E+00  0.00000E+00  0.00000E+00  0.00000E+00  0.00000E+00  0.00000E+00  1.95594E+00  1.95594E+00  1.95594E+00  1.95594E+00  1.95594E+00  1.95594E+00  1.95594E+00  1.95594E+00  0.00000E+00  0.00000E+00  0.00000E+00
   19622   4  1.30207E-03  1.30207E-03  1.30207E-03  1.30207E-03  1.30207E-03  1.30207E-03  1.30207E-03  1.30207E-03  1.30207E-03  1.30207E-03  1.30207E-03  1.30207E-03  1.30207E-03  1.30207E-03  1.30207E-03  1.30207E-03  1.30207E-03  1.30207E-03  1.30207E-03  1.30207E-03  1.30207E-03  1.30207E-03  1.30207E-03  1.30207E-03
   19628   4  1.37909E-01  1.37909E-01  1.37909E-01  1.37909E-01  1.37909E-01  1.37909E-01  1.37909E-01  1.37909E-01  1.37909E-01  1.37909E-01  1.37909E-01  1.37909E-01  1.37909E-01  1.37909E-01  1.37909E-01  1.37909E-01  1.37909E-01  1.37909E-01  1.37909E-01  1.37909E-01  1.37909E-01  1.37909E-01  1.37909E-01  1.37909E-01
   19628   3  7.38938E-02  7.38938E-02  7.38938E-02  7.38938E-02  7.38938E-02  7.38938E-02  7.38938E-02  7.38938E-02  7.38938E-02  7.38938E-02  7.38938E-02  7.38938E-02  7.38938E-02  7.38938E-02  7.38938E-02  7.38938E-02  7.38938E-02  7.38938E-02  7.38938E-02  7.38938E-02  7.38938E-02  7.38938E-02  7.38938E-02  7.38938E-02
   19274   3  4.54986E-05  4.54986E-05  4.54986E-05  4.54986E-05  4.54986E-05  4.54986E-05  4.54986E-05  4.54986E-05  4.54986E-05  4.54986E-05  4.54986E-05  4.54986E-05  4.54986E-05  4.54986E-05  4.54986E-05  4.54986E-05  4.54986E-05  4.54986E-05  4.54986E-05  4.54986E-05  4.54986E-05  4.54986E-05  4.54986E-05  4.54986E-05
   19628   7  1.19256E+00  1.19256E+00  1.19256E+00  1.19256E+00  1.19256E+00  0.00000E+00  0.00000E+00  0.00000E+00  0.00000E+00  0.00000E+00  0.00000E+00  0.00000E+00  1.19256E+00  1.19256E+00  1.19256E+00  1.19256E+00  1.19256E+00  1.19256E+00  1.19256E+00  1.19256E+00  1.19256E+00  1.19256E+00  1.19256E+00  1.19256E+00
   19267   4  1.37076E+00  1.37076E+00  1.37076E+00  1.37076E+00  1.37076E+00  1.37076E+00  1.37076E+00  1.37076E+00  1.37076E+00  1.37076E+00  1.37076E+00  1.37076E+00  1.37076E+00  1.74868E+00  1.74868E+00  1.74868E+00  1.74868E+00  1.74868E+00  1.74868E+00  1.74868E+00  1.74868E+00  1.37076E+00  1.37076E+00  1.37076E+00
   19267   2  1.77643E+01  1.77643E+01  1.77643E+01  1.77643E+01  1.77643E+01  1.77643E+01  1.77643E+01  1.77643E+01  1.77643E+01  1.77643E+01  1.77643E+01  1.77643E+01  1.77643E+01  1.77643E+01  1.77643E+01  1.77643E+01  1.77643E+01  1.77643E+01  1.77643E+01  1.77643E+01  1.77643E+01  1.77643E+01  1.77643E+01  1.77643E+01
   19620   4  3.29449E-01  3.29449E-01  3.29449E-01  3.29449E-01  3.29449E-01  3.29449E-01  3.29449E-01  3.29449E-01  3.29449E-01  3.29449E-01  3.29449E-01  3.29449E-01  3.29449E-01  3.29449E-01  3.29449E-01  3.29449E-01  3.29449E-01  3.29449E-01  3.29449E-01  3.29449E-01  3.29449E-01  3.29449E-01  3.29449E-01  3.29449E-01
   19620   3  2.34667E+00  2.34667E+00  2.34667E+00  2.34667E+00  2.34667E+00  1.03673E-01  1.03673E-01  1.03673E-01  1.03673E-01  1.03673E-01  1.03673E-01  1.03673E-01  1.03673E-01  2.34667E+00  2.34667E+00  2.34667E+00  2.34667E+00  2.34667E+00  2.34667E+00  2.34667E+00  2.34667E+00  2.34667E+00  2.34667E+00  2.34667E+00
   19267   7  0.00000E+00  0.00000E+00  0.00000E+00  0.00000E+00  0.00000E+00  0.00000E+00  0.00000E+00  0.00000E+00  0.00000E+00  0.00000E+00  0.00000E+00  0.00000E+00  0.00000E+00  8.61573E-01  8.61573E-01  8.61573E-01  8.61573E-01  8.61573E-01  8.61573E-01  8.61573E-01  8.61573E-01  0.00000E+00  0.00000E+00  0.00000E+00
   19267   3  1.43171E+00  1.43171E+00  1.43171E+00  1.43171E+00  1.43171E+00  1.43171E+00  1.43171E+00  1.43171E+00  1.43171E+00  1.43171E+00  1.43171E+00  1.43171E+00  1.43171E+00  1.43171E+00  1.43171E+00  1.43171E+00  1.43171E+00  1.43171E+00  1.43171E+00  1.43171E+00  1.43171E+00  1.43171E+00  1.43171E+00  1.43171E+00
   18913   3  0.00000E+00  0.00000E+00  0.00000E+00  0.00000E+00  0.00000E+00  0.00000E+00  0.00000E+00  0.00000E+00  0.00000E+00  0.00000E+00  0.00000E+00  0.00000E+00  0.00000E+00  0.00000E+00  0.00000E+00  0.00000E+00  0.00000E+00  0.00000E+00  0.00000E+00  0.00000E+00  0.00000E+00  0.00000E+00  0.00000E+00  0.00000E+00
   18913   4  0.00000E+00  0.00000E+00  0.00000E+00  0.00000E+00  0.00000E+00  0.00000E+00  0.00000E+00  0.00000E+00  0.00000E+00  0.00000E+00  0.00000E+00  0.00000E+00  0.00000E+00  0.00000E+00  0.00000E+00  0.00000E+00  0.00000E+00  0.00000E+00  0.00000E+00  0.00000E+00  0.00000E+00  0.00000E+00  0.00000E+00  0.00000E+00
   19975   3  3.76813E+01  3.76813E+01  6.76686E-02  6.76686E-02  6.76686E-02  6.52274E-02  6.52274E-02  6.52274E-02  6.52274E-02  6.52274E-02  6.52274E-02  6.52274E-02  6.52274E-02  3.76813E+01  3.76813E+01  3.76813E+01  3.76813E+01  3.76813E+01  3.76813E+01  3.76813E+01  3.76813E+01  3.76813E+01  3.76813E+01  3.76813E+01
   19975   4  4.63921E+00  4.63921E+00  4.63921E+00  4.63921E+00  4.63921E+00  4.63921E+00  4.63921E+00  4.63921E+00  4.63921E+00  4.63921E+00  4.63921E+00  4.63921E+00  4.63921E+00  2.24949E+01  2.24949E+01  2.24949E+01  2.24949E+01  2.24949E+01  2.24949E+01  2.24949E+01  2.24949E+01  4.63921E+00  4.63921E+00  4.63921E+00
   19975   2  0.00000E+00  0.00000E+00  0.00000E+00  0.00000E+00  0.00000E+00  0.00000E+00  0.00000E+00  0.00000E+00  0.00000E+00  0.00000E+00  0.00000E+00  0.00000E+00  0.00000E+00  0.00000E+00  0.00000E+00  0.00000E+00  0.00000E+00  0.00000E+00  0.00000E+00  0.00000E+00  0.00000E+00  0.00000E+00  0.00000E+00  0.00000E+00
   20329   7  0.00000E+00  0.00000E+00  0.00000E+00  0.00000E+00  0.00000E+00  0.00000E+00  0.00000E+00  0.00000E+00  0.00000E+00  0.00000E+00  0.00000E+00  0.00000E+00  0.00000E+00  1.46244E+01  1.46244E+01  1.46244E+01  1.46244E+01  1.46244E+01  1.46244E+01  1.46244E+01  1.46244E+01  0.00000E+00  0.00000E+00  0.00000E+00
   19975   5  0.00000E+00  0.00000E+00  0.00000E+00  0.00000E+00  0.00000E+00  0.00000E+00  0.00000E+00  0.00000E+00  0.00000E+00  0.00000E+00  0.00000E+00  0.00000E+00  0.00000E+00  0.00000E+00  0.00000E+00  0.00000E+00  0.00000E+00  0.00000E+00  0.00000E+00  0.00000E+00  0.00000E+00  0.00000E+00  0.00000E+00  0.00000E+00
   19979   5  3.50162E-03  3.50162E-03  3.50162E-03  3.50162E-03  3.50162E-03  3.50162E-03  3.50162E-03  3.50162E-03  3.50162E-03  3.50162E-03  3.50162E-03  3.50162E-03  3.50162E-03  3.50162E-03  3.50162E-03  3.50162E-03  3.50162E-03  3.50162E-03  3.50162E-03  3.50162E-03  3.50162E-03  3.50162E-03  3.50162E-03  3.50162E-03
   19979   4  1.20526E-01  1.20526E-01  1.20526E-01  1.20526E-01  1.20526E-01  1.20526E-01  1.20526E-01  1.20526E-01  1.20526E-01  1.20526E-01  1.20526E-01  1.20526E-01  1.20526E-01  1.20526E-01  1.20526E-01  1.20526E-01  1.20526E-01  1.20526E-01  1.20526E-01  1.20526E-01  1.20526E-01  1.20526E-01  1.20526E-01  1.20526E-01
   19979   3  3.87544E-01  3.87544E-01  3.87544E-01  3.87544E-01  3.87544E-01  3.87544E-01  3.87544E-01  3.87544E-01  3.87544E-01  3.87544E-01  3.87544E-01  3.87544E-01  3.87544E-01  3.87544E-01  3.87544E-01  3.87544E-01  3.87544E-01  3.87544E-01  3.87544E-01  3.87544E-01  3.87544E-01  3.87544E-01  3.87544E-01  3.87544E-01
   20681   4  2.82408E-02  2.82408E-02  2.82408E-02  2.82408E-02  2.82408E-02  2.82408E-02  2.82408E-02  2.82408E-02  2.82408E-02  2.82408E-02  2.82408E-02  2.82408E-02  2.82408E-02  2.82408E-02  2.82408E-02  2.82408E-02  2.82408E-02  2.82408E-02  2.82408E-02  2.82408E-02  2.82408E-02  2.82408E-02  2.82408E-02  2.82408E-02
   18915   3  0.00000E+00  0.00000E+00  0.00000E+00  0.00000E+00  0.00000E+00  0.00000E+00  0.00000E+00  0.00000E+00  0.00000E+00  0.00000E+00  0.00000E+00  0.00000E+00  0.00000E+00  0.00000E+00  0.00000E+00  0.00000E+00  0.00000E+00  0.00000E+00  0.00000E+00  0.00000E+00  0.00000E+00  0.00000E+00  0.00000E+00  0.00000E+00
   21038   4  2.26102E+00  2.26102E+00  2.26102E+00  2.26102E+00  2.26102E+00  2.26102E+00  2.26102E+00  2.26102E+00  2.26102E+00  2.26102E+00  2.26102E+00  2.26102E+00  2.26102E+00  2.26102E+00  2.26102E+00  2.26102E+00  2.26102E+00  2.26102E+00  2.26102E+00  2.26102E+00  2.26102E+00  2.26102E+00  2.26102E+00  2.26102E+00
   21038   3  8.28146E-03  8.28146E-03  8.28146E-03  8.28146E-03  8.28146E-03  8.28146E-03  8.28146E-03  8.28146E-03  8.28146E-03  8.28146E-03  8.28146E-03  8.28146E-03  8.28146E-03  8.28146E-03  8.28146E-03  8.28146E-03  8.28146E-03  8.28146E-03  8.28146E-03  8.28146E-03  8.28146E-03  8.28146E-03  8.28146E-03  8.28146E-03
   18562   3  1.48920E+02  1.48920E+02  1.48920E+02  1.48920E+02  1.48920E+02  1.48920E+02  1.48920E+02  1.48920E+02  1.48920E+02  1.48920E+02  1.48920E+02  1.48920E+02  1.48920E+02  1.48920E+02  1.48920E+02  1.48920E+02  1.48920E+02  1.48920E+02  1.48920E+02  1.48920E+02  1.48920E+02  1.48920E+02  1.48920E+02  1.48920E+02
   20330   7  1.96699E+01  1.96699E+01  1.96699E+01  1.96699E+01  1.96699E+01  0.00000E+00  0.00000E+00  0.00000E+00  0.00000E+00  0.00000E+00  0.00000E+00  0.00000E+00  1.96699E+01  4.76850E+01  4.76850E+01  4.76850E+01  4.76850E+01  4.76850E+01  4.76850E+01  4.76850E+01  4.76850E+01  1.96699E+01  1.96699E+01  1.96699E+01
   20330   2  1.00744E+01  1.00744E+01  1.00744E+01  1.00744E+01  1.00744E+01  1.00744E+01  1.00744E+01  1.00744E+01  1.00744E+01  1.00744E+01  1.00744E+01  1.00744E+01  1.00744E+01  1.00744E+01  1.00744E+01  1.00744E+01  1.00744E+01  1.00744E+01  1.00744E+01  1.00744E+01  1.00744E+01  1.00744E+01  1.00744E+01  1.00744E+01
   20329   2  4.91865E-03  4.91865E-03  4.91865E-03  4.91865E-03  4.91865E-03  4.91865E-03  4.91865E-03  4.91865E-03  4.91865E-03  4.91865E-03  4.91865E-03  4.91865E-03  4.91865E-03  4.91865E-03  4.91865E-03  4.91865E-03  4.91865E-03  4.91865E-03  4.91865E-03  4.91865E-03  4.91865E-03  4.91865E-03  4.91865E-03  4.91865E-03
   19266   5  0.00000E+00  0.00000E+00  0.00000E+00  0.00000E+00  0.00000E+00  0.00000E+00  0.00000E+00  0.00000E+00  0.00000E+00  0.00000E+00  0.00000E+00  0.00000E+00  0.00000E+00  0.00000E+00  0.00000E+00  0.00000E+00  0.00000E+00  0.00000E+00  0.00000E+00  0.00000E+00  0.00000E+00  0.00000E+00  0.00000E+00  0.00000E+00
   19265   4  1.22857E+01  1.22857E+01  1.22857E+01  1.22857E+01  1.22857E+01  1.22857E+01  1.22857E+01  1.22857E+01  1.22857E+01  1.22857E+01  1.22857E+01  1.22857E+01  1.22857E+01  1.00748E+02  1.00748E+02  1.00748E+02  1.00748E+02  1.00748E+02  1.00748E+02  1.00748E+02  1.00748E+02  1.22857E+01  1.22857E+01  1.22857E+01
   19265   3  6.61859E+00  6.61859E+00  2.25775E+00  2.25775E+00  2.25775E+00  2.25775E+00  2.25775E+00  2.25775E+00  2.25775E+00  2.25775E+00  2.25775E+00  2.25775E+00  2.25775E+00  9.51886E+01  9.51886E+01  9.51886E+01  9.51886E+01  9.51886E+01  9.51886E+01  9.51886E+01  9.51886E+01  6.61859E+00  6.61859E+00  6.61859E+00
   19265   5  1.10871E-02  1.10871E-02  1.10871E-02  1.10871E-02  1.10871E-02  1.10871E-02  1.10871E-02  1.10871E-02  1.10871E-02  1.10871E-02  1.10871E-02  1.10871E-02  1.10871E-02  1.96694E+01  1.96694E+01  1.96694E+01  1.96694E+01  1.96694E+01  1.96694E+01  1.96694E+01  1.96694E+01  1.10871E-02  1.10871E-02  1.10871E-02
   19266   7  2.32357E+01  2.32357E+01  2.32357E+01  2.32357E+01  2.32357E+01  2.32357E+01  2.32357E+01  2.32357E+01  2.32357E+01  2.32357E+01  2.32357E+01  2.32357E+01  2.32357E+01  2.32357E+01  2.32357E+01  2.32357E+01  2.32357E+01  2.32357E+01  2.32357E+01  2.32357E+01  2.32357E+01  2.32357E+01  2.32357E+01  2.32357E+01
   19265   7  5.64835E+00  5.64835E+00  5.64835E+00  5.64835E+00  5.64835E+00  0.00000E+00  0.00000E+00  0.00000E+00  0.00000E+00  0.00000E+00  0.00000E+00  0.00000E+00  5.64835E+00  3.24909E+01  3.24909E+01  3.24909E+01  3.24909E+01  3.24909E+01  3.24909E+01  3.24909E+01  3.24909E+01  5.64835E+00  5.64835E+00  5.64835E+00
   19266   4  1.06900E-01  1.06900E-01  1.06900E-01  1.06900E-01  1.06900E-01  1.06900E-01  1.06900E-01  1.06900E-01  1.06900E-01  1.06900E-01  1.06900E-01  1.06900E-01  1.06900E-01  4.28874E+01  4.28874E+01  4.28874E+01  4.28874E+01  4.28874E+01  4.28874E+01  4.28874E+01  4.28874E+01  1.06900E-01  1.06900E-01  1.06900E-01
   18912   4  0.00000E+00  0.00000E+00  0.00000E+00  0.00000E+00  0.00000E+00  0.00000E+00  0.00000E+00  0.00000E+00  0.00000E+00  0.00000E+00  0.00000E+00  0.00000E+00  0.00000E+00  0.00000E+00  0.00000E+00  0.00000E+00  0.00000E+00  0.00000E+00  0.00000E+00  0.00000E+00  0.00000E+00  0.00000E+00  0.00000E+00  0.00000E+00
   19265   1  8.50398E-01  8.50398E-01  8.50398E-01  8.50398E-01  8.50398E-01  8.50398E-01  8.50398E-01  8.50398E-01  8.50398E-01  8.50398E-01  8.50398E-01  8.50398E-01  8.50398E-01  8.50398E-01  8.50398E-01  8.50398E-01  8.50398E-01  8.50398E-01  8.50398E-01  8.50398E-01  8.50398E-01  8.50398E-01  8.50398E-01  8.50398E-01
   20683   4  2.26263E+01  2.26263E+01  2.26263E+01  2.26263E+01  2.26263E+01  2.26263E+01  2.26263E+01  2.26263E+01  2.26263E+01  2.26263E+01  2.26263E+01  2.26263E+01  2.26263E+01  2.79477E+01  2.79477E+01  2.79477E+01  2.79477E+01  2.79477E+01  2.79477E+01  2.79477E+01  2.79477E+01  2.26263E+01  2.26263E+01  2.26263E+01
   20683   7  1.19991E+00  1.19991E+00  1.19991E+00  1.19991E+00  1.19991E+00  0.00000E+00  0.00000E+00  0.00000E+00  0.00000E+00  0.00000E+00  0.00000E+00  0.00000E+00  1.19991E+00  3.92246E+00  3.92246E+00  3.92246E+00  3.92246E+00  3.92246E+00  3.92246E+00  3.92246E+00  3.92246E+00  1.19991E+00  1.19991E+00  1.19991E+00
   20683   2  2.00835E+00  1.97863E+00  1.86824E+00  1.68566E+00  1.49459E+00  1.26340E+00  1.16981E+00  1.12302E+00  1.10742E+00  1.13862E+00  1.23220E+00  1.38038E+00  1.57145E+00  1.68843E+00  1.78202E+00  1.86390E+00  1.89510E+00  1.92629E+00  1.93799E+00  1.95359E+00  1.94969E+00  1.93799E+00  1.90680E+00  1.86000E+00
   19973   5  6.04663E-04  6.04663E-04  6.04663E-04  6.04663E-04  6.04663E-04  6.04663E-04  6.04663E-04  6.04663E-04  6.04663E-04  6.04663E-04  6.04663E-04  6.04663E-04  6.04663E-04  6.04663E-04  6.04663E-04  6.04663E-04  6.04663E-04  6.04663E-04  6.04663E-04  6.04663E-04  6.04663E-04  6.04663E-04  6.04663E-04  6.04663E-04
   19264   3  1.36301E-02  1.36301E-02  1.36301E-02  1.36301E-02  1.36301E-02  1.36301E-02  1.36301E-02  1.36301E-02  1.36301E-02  1.36301E-02  1.36301E-02  1.36301E-02  1.36301E-02  1.36301E-02  1.36301E-02  1.36301E-02  1.36301E-02  1.36301E-02  1.36301E-02  1.36301E-02  1.36301E-02  1.36301E-02  1.36301E-02  1.36301E-02
   19263   4  1.11776E-02  1.11776E-02  1.11776E-02  1.11776E-02  1.11776E-02  1.11776E-02  1.11776E-02  1.11776E-02  1.11776E-02  1.11776E-02  1.11776E-02  1.11776E-02  1.11776E-02  1.11776E-02  1.11776E-02  1.11776E-02  1.11776E-02  1.11776E-02  1.11776E-02  1.11776E-02  1.11776E-02  1.11776E-02  1.11776E-02  1.11776E-02
   20682   4  2.29037E+01  2.29037E+01  2.29037E+01  2.29037E+01  2.29037E+01  2.29037E+01  2.29037E+01  2.29037E+01  2.29037E+01  2.29037E+01  2.29037E+01  2.29037E+01  2.29037E+01  1.21245E+02  1.21245E+02  1.21245E+02  1.21245E+02  1.21245E+02  1.21245E+02  1.21245E+02  1.21245E+02  2.29037E+01  2.29037E+01  2.29037E+01
   20682   3  7.01911E-01  7.01911E-01  7.01911E-01  7.01911E-01  7.01911E-01  7.01911E-01  7.01911E-01  7.01911E-01  7.01911E-01  7.01911E-01  7.01911E-01  7.01911E-01  7.01911E-01  7.19890E+01  7.19890E+01  7.19890E+01  7.19890E+01  7.19890E+01  7.19890E+01  7.19890E+01  7.19890E+01  7.01911E-01  7.01911E-01  7.01911E-01
   20682   5  0.00000E+00  0.00000E+00  0.00000E+00  0.00000E+00  0.00000E+00  0.00000E+00  0.00000E+00  0.00000E+00  0.00000E+00  0.00000E+00  0.00000E+00  0.00000E+00  0.00000E+00  1.58416E+01  1.58416E+01  1.58416E+01  1.58416E+01  1.58416E+01  1.58416E+01  1.58416E+01  1.58416E+01  0.00000E+00  0.00000E+00  0.00000E+00
   21035   4  4.52181E+00  4.52181E+00  4.52181E+00  4.52181E+00  4.52181E+00  4.52181E+00  4.52181E+00  4.52181E+00  4.52181E+00  4.52181E+00  4.52181E+00  4.52181E+00  4.52181E+00  4.52181E+00  4.52181E+00  4.52181E+00  4.52181E+00  4.52181E+00  4.52181E+00  4.52181E+00  4.52181E+00  4.52181E+00  4.52181E+00  4.52181E+00
   21035   3  2.43824E-03  2.43824E-03  2.43824E-03  2.43824E-03  2.43824E-03  2.43824E-03  2.43824E-03  2.43824E-03  2.43824E-03  2.43824E-03  2.43824E-03  2.43824E-03  2.43824E-03  2.43824E-03  2.43824E-03  2.43824E-03  2.43824E-03  2.43824E-03  2.43824E-03  2.43824E-03  2.43824E-03  2.43824E-03  2.43824E-03  2.43824E-03
   20682   7  0.00000E+00  0.00000E+00  0.00000E+00  0.00000E+00  0.00000E+00  0.00000E+00  0.00000E+00  0.00000E+00  0.00000E+00  0.00000E+00  0.00000E+00  0.00000E+00  0.00000E+00  2.70053E-01  2.70053E-01  2.70053E-01  2.70053E-01  2.70053E-01  2.70053E-01  2.70053E-01  2.70053E-01  0.00000E+00  0.00000E+00  0.00000E+00
   17468   3  3.18662E-03  3.18662E-03  3.18662E-03  3.18662E-03  3.18662E-03  3.18662E-03  3.18662E-03  3.18662E-03  3.18662E-03  3.18662E-03  3.18662E-03  3.18662E-03  3.18662E-03  3.18662E-03  3.18662E-03  3.18662E-03  3.18662E-03  3.18662E-03  3.18662E-03  3.18662E-03  3.18662E-03  3.18662E-03  3.18662E-03  3.18662E-03
   20665   3  4.47436E-03  4.47436E-03  4.47436E-03  4.47436E-03  4.47436E-03  4.47436E-03  4.47436E-03  4.47436E-03  4.47436E-03  4.47436E-03  4.47436E-03  4.47436E-03  4.47436E-03  4.47436E-03  4.47436E-03  4.47436E-03  4.47436E-03  4.47436E-03  4.47436E-03  4.47436E-03  4.47436E-03  4.47436E-03  4.47436E-03  4.47436E-03
   21015   3  0.00000E+00  0.00000E+00  0.00000E+00  0.00000E+00  0.00000E+00  0.00000E+00  0.00000E+00  0.00000E+00  0.00000E+00  0.00000E+00  0.00000E+00  0.00000E+00  0.00000E+00  0.00000E+00  0.00000E+00  0.00000E+00  0.00000E+00  0.00000E+00  0.00000E+00  0.00000E+00  0.00000E+00  0.00000E+00  0.00000E+00  0.00000E+00
   22058   3  2.30188E-03  2.30188E-03  2.30188E-03  2.30188E-03  2.30188E-03  2.30188E-03  2.30188E-03  2.30188E-03  2.30188E-03  2.30188E-03  2.30188E-03  2.30188E-03  2.30188E-03  2.30188E-03  2.30188E-03  2.30188E-03  2.30188E-03  2.30188E-03  2.30188E-03  2.30188E-03  2.30188E-03  2.30188E-03  2.30188E-03  2.30188E-03
   22404   3  0.00000E+00  0.00000E+00  0.00000E+00  0.00000E+00  0.00000E+00  0.00000E+00  0.00000E+00  0.00000E+00  0.00000E+00  0.00000E+00  0.00000E+00  0.00000E+00  0.00000E+00  0.00000E+00  0.00000E+00  0.00000E+00  0.00000E+00  0.00000E+00  0.00000E+00  0.00000E+00  0.00000E+00  0.00000E+00  0.00000E+00  0.00000E+00
   13938   4  5.71044E-04  5.71044E-04  5.71044E-04  5.71044E-04  5.71044E-04  5.71044E-04  5.71044E-04  5.71044E-04  5.71044E-04  5.71044E-04  5.71044E-04  5.71044E-04  5.71044E-04  5.71044E-04  5.71044E-04  5.71044E-04  5.71044E-04  5.71044E-04  5.71044E-04  5.71044E-04  5.71044E-04  5.71044E-04  5.71044E-04  5.71044E-04
   13938   2  3.49331E+00  3.49331E+00  3.49331E+00  3.49331E+00  9.06510E-01  9.06510E-01  9.06510E-01  9.06510E-01  3.49331E+00  3.49331E+00  3.49331E+00  3.49331E+00  3.49331E+00  3.49331E+00  3.49331E+00  3.49331E+00  3.49331E+00  3.49331E+00  3.49331E+00  3.49331E+00  3.49331E+00  3.49331E+00  3.49331E+00  3.49331E+00
   13938   1  9.06510E-01  9.06510E-01  9.06510E-01  9.06510E-01  9.06510E-01  9.06510E-01  9.06510E-01  9.06510E-01  9.06510E-01  9.06510E-01  9.06510E-01  9.06510E-01  9.06510E-01  9.06510E-01  9.06510E-01  9.06510E-01  9.06510E-01  9.06510E-01  9.06510E-01  9.06510E-01  9.06510E-01  9.06510E-01  9.06510E-01  9.06510E-01
   13938   7  3.01495E+01  3.01495E+01  3.01495E+01  3.01495E+01  3.01495E+01  3.01495E+01  3.01495E+01  3.01495E+01  3.01495E+01  3.01495E+01  3.01495E+01  3.01495E+01  3.01495E+01  3.01495E+01  3.01495E+01  3.01495E+01  3.01495E+01  3.01495E+01  3.01495E+01  3.01495E+01  3.01495E+01  3.01495E+01  3.01495E+01  3.01495E+01
   13235   1  4.10315E+01  4.10315E+01  4.10315E+01  4.10315E+01  4.10315E+01  4.10315E+01  4.10315E+01  4.10315E+01  4.10315E+01  4.10315E+01  4.10315E+01  4.10315E+01  4.10315E+01  4.10315E+01  4.10315E+01  4.10315E+01  4.10315E+01  4.10315E+01  4.10315E+01  4.10315E+01  4.10315E+01  4.10315E+01  4.10315E+01  4.10315E+01
   13235   2  4.77462E+01  4.77462E+01  4.77462E+01  4.77462E+01  4.77462E+01  4.77462E+01  4.77462E+01  4.77462E+01  4.77462E+01  4.77462E+01  4.77462E+01  4.77462E+01  4.77462E+01  4.77462E+01  4.77462E+01  4.77462E+01  4.77462E+01  4.77462E+01  4.77462E+01  4.77462E+01  4.77462E+01  4.77462E+01  4.77462E+01  4.77462E+01
   13235   3  1.28848E+01  1.28848E+01  1.28848E+01  1.28848E+01  1.28848E+01  1.28848E+01  1.28848E+01  1.28848E+01  1.28848E+01  1.28848E+01  1.28848E+01  1.28848E+01  1.28848E+01  1.28848E+01  1.28848E+01  1.28848E+01  1.28848E+01  1.28848E+01  1.28848E+01  1.28848E+01  1.28848E+01  1.28848E+01  1.28848E+01  1.28848E+01
   13938   3  0.00000E+00  0.00000E+00  0.00000E+00  0.00000E+00  0.00000E+00  0.00000E+00  0.00000E+00  0.00000E+00  0.00000E+00  0.00000E+00  0.00000E+00  0.00000E+00  0.00000E+00  0.00000E+00  0.00000E+00  0.00000E+00  0.00000E+00  0.00000E+00  0.00000E+00  0.00000E+00  0.00000E+00  0.00000E+00  0.00000E+00  0.00000E+00
   21012   3  0.00000E+00  0.00000E+00  0.00000E+00  0.00000E+00  0.00000E+00  0.00000E+00  0.00000E+00  0.00000E+00  0.00000E+00  0.00000E+00  0.00000E+00  0.00000E+00  0.00000E+00  0.00000E+00  0.00000E+00  0.00000E+00  0.00000E+00  0.00000E+00  0.00000E+00  0.00000E+00  0.00000E+00  0.00000E+00  0.00000E+00  0.00000E+00
   20658   3  0.00000E+00  0.00000E+00  0.00000E+00  0.00000E+00  0.00000E+00  0.00000E+00  0.00000E+00  0.00000E+00  0.00000E+00  0.00000E+00  0.00000E+00  0.00000E+00  0.00000E+00  0.00000E+00  0.00000E+00  0.00000E+00  0.00000E+00  0.00000E+00  0.00000E+00  0.00000E+00  0.00000E+00  0.00000E+00  0.00000E+00  0.00000E+00
   21012   4  1.16291E-01  1.16291E-01  1.16291E-01  1.16291E-01  1.16291E-01  1.16291E-01  1.16291E-01  1.16291E-01  1.16291E-01  1.16291E-01  1.16291E-01  1.16291E-01  1.16291E-01  1.16291E-01  1.16291E-01  1.16291E-01  1.16291E-01  1.16291E-01  1.16291E-01  1.16291E-01  1.16291E-01  1.16291E-01  1.16291E-01  1.16291E-01
   21013   4  2.82370E-01  2.82370E-01  2.82370E-01  2.82370E-01  2.82370E-01  2.82370E-01  2.82370E-01  2.82370E-01  2.82370E-01  2.82370E-01  2.82370E-01  2.82370E-01  2.82370E-01  2.82370E-01  2.82370E-01  2.82370E-01  2.82370E-01  2.82370E-01  2.82370E-01  2.82370E-01  2.82370E-01  2.82370E-01  2.82370E-01  2.82370E-01
   20658   7  2.41956E+01  2.41956E+01  2.41956E+01  2.41956E+01  2.41956E+01  2.41956E+01  2.41956E+01  2.41956E+01  2.41956E+01  2.41956E+01  2.41956E+01  2.41956E+01  2.41956E+01  2.41956E+01  2.41956E+01  2.41956E+01  2.41956E+01  2.41956E+01  2.41956E+01  2.41956E+01  2.41956E+01  2.41956E+01  2.41956E+01  2.41956E+01
   21013   3  0.00000E+00  0.00000E+00  0.00000E+00  0.00000E+00  0.00000E+00  0.00000E+00  0.00000E+00  0.00000E+00  0.00000E+00  0.00000E+00  0.00000E+00  0.00000E+00  0.00000E+00  0.00000E+00  0.00000E+00  0.00000E+00  0.00000E+00  0.00000E+00  0.00000E+00  0.00000E+00  0.00000E+00  0.00000E+00  0.00000E+00  0.00000E+00
   20659   4  0.00000E+00  0.00000E+00  0.00000E+00  0.00000E+00  0.00000E+00  0.00000E+00  0.00000E+00  0.00000E+00  0.00000E+00  0.00000E+00  0.00000E+00  0.00000E+00  0.00000E+00  0.00000E+00  0.00000E+00  0.00000E+00  0.00000E+00  0.00000E+00  0.00000E+00  0.00000E+00  0.00000E+00  0.00000E+00  0.00000E+00  0.00000E+00
   20645   3  0.00000E+00  0.00000E+00  0.00000E+00  0.00000E+00  0.00000E+00  0.00000E+00  0.00000E+00  0.00000E+00  0.00000E+00  0.00000E+00  0.00000E+00  0.00000E+00  0.00000E+00  0.00000E+00  0.00000E+00  0.00000E+00  0.00000E+00  0.00000E+00  0.00000E+00  0.00000E+00  0.00000E+00  0.00000E+00  0.00000E+00  0.00000E+00
   18891   3  0.00000E+00  0.00000E+00  0.00000E+00  0.00000E+00  0.00000E+00  0.00000E+00  0.00000E+00  0.00000E+00  0.00000E+00  0.00000E+00  0.00000E+00  0.00000E+00  0.00000E+00  0.00000E+00  0.00000E+00  0.00000E+00  0.00000E+00  0.00000E+00  0.00000E+00  0.00000E+00  0.00000E+00  0.00000E+00  0.00000E+00  0.00000E+00
   19239   2  0.00000E+00  0.00000E+00  0.00000E+00  0.00000E+00  0.00000E+00  0.00000E+00  0.00000E+00  0.00000E+00  0.00000E+00  0.00000E+00  0.00000E+00  0.00000E+00  0.00000E+00  0.00000E+00  0.00000E+00  0.00000E+00  0.00000E+00  0.00000E+00  0.00000E+00  0.00000E+00  0.00000E+00  0.00000E+00  0.00000E+00  0.00000E+00
   19239   3  0.00000E+00  0.00000E+00  0.00000E+00  0.00000E+00  0.00000E+00  0.00000E+00  0.00000E+00  0.00000E+00  0.00000E+00  0.00000E+00  0.00000E+00  0.00000E+00  0.00000E+00  0.00000E+00  0.00000E+00  0.00000E+00  0.00000E+00  0.00000E+00  0.00000E+00  0.00000E+00  0.00000E+00  0.00000E+00  0.00000E+00  0.00000E+00
   20643   2  0.00000E+00  0.00000E+00  0.00000E+00  0.00000E+00  0.00000E+00  0.00000E+00  0.00000E+00  0.00000E+00  0.00000E+00  0.00000E+00  0.00000E+00  0.00000E+00  0.00000E+00  0.00000E+00  0.00000E+00  0.00000E+00  0.00000E+00  0.00000E+00  0.00000E+00  0.00000E+00  0.00000E+00  0.00000E+00  0.00000E+00  0.00000E+00
   20643   3  0.00000E+00  0.00000E+00  0.00000E+00  0.00000E+00  0.00000E+00  0.00000E+00  0.00000E+00  0.00000E+00  0.00000E+00  0.00000E+00  0.00000E+00  0.00000E+00  0.00000E+00  0.00000E+00  0.00000E+00  0.00000E+00  0.00000E+00  0.00000E+00  0.00000E+00  0.00000E+00  0.00000E+00  0.00000E+00  0.00000E+00  0.00000E+00
   19590   3  0.00000E+00  0.00000E+00  0.00000E+00  0.00000E+00  0.00000E+00  0.00000E+00  0.00000E+00  0.00000E+00  0.00000E+00  0.00000E+00  0.00000E+00  0.00000E+00  0.00000E+00  0.00000E+00  0.00000E+00  0.00000E+00  0.00000E+00  0.00000E+00  0.00000E+00  0.00000E+00  0.00000E+00  0.00000E+00  0.00000E+00  0.00000E+00
   19590   7  4.39381E+01  4.39381E+01  4.39381E+01  4.39381E+01  4.39381E+01  4.39381E+01  4.39381E+01  4.39381E+01  4.39381E+01  4.39381E+01  4.39381E+01  4.39381E+01  4.39381E+01  4.39381E+01  4.39381E+01  4.39381E+01  4.39381E+01  4.39381E+01  4.39381E+01  4.39381E+01  4.39381E+01  4.39381E+01  4.39381E+01  4.39381E+01
   21358   4  0.00000E+00  0.00000E+00  0.00000E+00  0.00000E+00  0.00000E+00  0.00000E+00  0.00000E+00  0.00000E+00  0.00000E+00  0.00000E+00  0.00000E+00  0.00000E+00  0.00000E+00  1.61656E+00  1.61656E+00  1.61656E+00  1.61656E+00  1.61656E+00  1.61656E+00  1.61656E+00  1.61656E+00  0.00000E+00  0.00000E+00  0.00000E+00
   22412   3  2.26916E-02  2.26916E-02  2.26916E-02  2.26916E-02  2.26916E-02  2.26916E-02  2.26916E-02  2.26916E-02  2.26916E-02  2.26916E-02  2.26916E-02  2.26916E-02  2.26916E-02  2.26916E-02  2.26916E-02  2.26916E-02  2.26916E-02  2.26916E-02  2.26916E-02  2.26916E-02  2.26916E-02  2.26916E-02  2.26916E-02  2.26916E-02
   22412   7  7.76179E+00  7.76179E+00  7.76179E+00  7.76179E+00  7.76179E+00  7.76179E+00  7.76179E+00  7.76179E+00  7.76179E+00  7.76179E+00  7.76179E+00  7.76179E+00  7.76179E+00  7.76179E+00  7.76179E+00  7.76179E+00  7.76179E+00  7.76179E+00  7.76179E+00  7.76179E+00  7.76179E+00  7.76179E+00  7.76179E+00  7.76179E+00
   19610   3  0.00000E+00  0.00000E+00  0.00000E+00  0.00000E+00  0.00000E+00  0.00000E+00  0.00000E+00  0.00000E+00  0.00000E+00  0.00000E+00  0.00000E+00  0.00000E+00  0.00000E+00  0.00000E+00  0.00000E+00  0.00000E+00  0.00000E+00  0.00000E+00  0.00000E+00  0.00000E+00  0.00000E+00  0.00000E+00  0.00000E+00  0.00000E+00
   16803   4  1.06088E-01  1.06088E-01  1.06088E-01  1.06088E-01  1.06088E-01  1.06088E-01  1.06088E-01  1.06088E-01  1.06088E-01  1.06088E-01  1.06088E-01  1.06088E-01  1.06088E-01  1.06088E-01  1.06088E-01  1.06088E-01  1.06088E-01  1.06088E-01  1.06088E-01  1.06088E-01  1.06088E-01  1.06088E-01  1.06088E-01  1.06088E-01
   16802   4  8.79933E-01  8.79933E-01  8.79933E-01  8.79933E-01  8.79933E-01  8.79933E-01  8.79933E-01  8.79933E-01  8.79933E-01  8.79933E-01  8.79933E-01  8.79933E-01  8.79933E-01  8.79933E-01  8.79933E-01  8.79933E-01  8.79933E-01  8.79933E-01  8.79933E-01  8.79933E-01  8.79933E-01  8.79933E-01  8.79933E-01  8.79933E-01
   17156   4  1.46074E-03  1.46074E-03  1.46074E-03  1.46074E-03  1.46074E-03  1.46074E-03  1.46074E-03  1.46074E-03  1.46074E-03  1.46074E-03  1.46074E-03  1.46074E-03  1.46074E-03  1.46074E-03  1.46074E-03  1.46074E-03  1.46074E-03  1.46074E-03  1.46074E-03  1.46074E-03  1.46074E-03  1.46074E-03  1.46074E-03  1.46074E-03
   17156   3  3.24096E-03  3.24096E-03  3.24096E-03  3.24096E-03  3.24096E-03  0.00000E+00  0.00000E+00  0.00000E+00  0.00000E+00  0.00000E+00  0.00000E+00  0.00000E+00  0.00000E+00  3.24096E-03  3.24096E-03  3.24096E-03  3.24096E-03  3.24096E-03  3.24096E-03  3.24096E-03  3.24096E-03  3.24096E-03  3.24096E-03  3.24096E-03
   17156   7  1.69344E+01  1.69344E+01  1.69344E+01  1.69344E+01  1.69344E+01  1.69344E+01  1.69344E+01  1.69344E+01  1.69344E+01  1.69344E+01  1.69344E+01  1.69344E+01  1.69344E+01  1.69344E+01  1.69344E+01  1.69344E+01  1.69344E+01  1.69344E+01  1.69344E+01  1.69344E+01  1.69344E+01  1.69344E+01  1.69344E+01  1.69344E+01
   17156   2  6.48453E-01  6.48453E-01  6.48453E-01  6.48453E-01  6.48453E-01  6.48453E-01  6.48453E-01  6.48453E-01  6.48453E-01  6.48453E-01  6.48453E-01  6.48453E-01  6.48453E-01  6.48453E-01  6.48453E-01  6.48453E-01  6.48453E-01  6.48453E-01  6.48453E-01  6.48453E-01  6.48453E-01  6.48453E-01  6.48453E-01  6.48453E-01
   17506   4  2.03131E+01  2.03131E+01  2.03131E+01  2.03131E+01  2.03131E+01  2.03131E+01  2.03131E+01  2.03131E+01  2.03131E+01  2.03131E+01  2.03131E+01  2.03131E+01  2.03131E+01  1.23713E+02  1.23713E+02  1.23713E+02  1.23713E+02  1.23713E+02  1.23713E+02  1.23713E+02  1.23713E+02  2.03131E+01  2.03131E+01  2.03131E+01
   17506   3  5.38407E+00  5.38407E+00  5.38407E+00  5.38407E+00  5.38407E+00  5.38407E+00  5.38407E+00  5.38407E+00  5.38407E+00  5.38407E+00  5.38407E+00  5.38407E+00  5.38407E+00  1.05659E+02  1.05659E+02  1.05659E+02  1.05659E+02  1.05659E+02  1.05659E+02  1.05659E+02  1.05659E+02  5.38407E+00  5.38407E+00  5.38407E+00
   17859   3  0.00000E+00  0.00000E+00  0.00000E+00  0.00000E+00  0.00000E+00  0.00000E+00  0.00000E+00  0.00000E+00  0.00000E+00  0.00000E+00  0.00000E+00  0.00000E+00  0.00000E+00  0.00000E+00  0.00000E+00  0.00000E+00  0.00000E+00  0.00000E+00  0.00000E+00  0.00000E+00  0.00000E+00  0.00000E+00  0.00000E+00  0.00000E+00
   17506   7  1.07548E+02  1.07548E+02  1.07548E+02  1.07548E+02  1.07548E+02  1.07548E+02  1.07548E+02  1.07548E+02  1.07548E+02  1.07548E+02  1.07548E+02  1.07548E+02  1.07548E+02  1.07548E+02  1.07548E+02  1.07548E+02  1.07548E+02  1.07548E+02  1.07548E+02  1.07548E+02  1.07548E+02  1.07548E+02  1.07548E+02  1.07548E+02
   17505   3  0.00000E+00  0.00000E+00  0.00000E+00  0.00000E+00  0.00000E+00  0.00000E+00  0.00000E+00  0.00000E+00  0.00000E+00  0.00000E+00  0.00000E+00  0.00000E+00  0.00000E+00  0.00000E+00  0.00000E+00  0.00000E+00  0.00000E+00  0.00000E+00  0.00000E+00  0.00000E+00  0.00000E+00  0.00000E+00  0.00000E+00  0.00000E+00
   17153   2  4.01877E+00  4.01877E+00  4.01877E+00  4.01877E+00  4.01877E+00  4.01877E+00  4.01877E+00  4.01877E+00  4.01877E+00  4.01877E+00  4.01877E+00  4.01877E+00  4.01877E+00  4.01877E+00  4.01877E+00  4.01877E+00  4.01877E+00  4.01877E+00  4.01877E+00  4.01877E+00  4.01877E+00  4.01877E+00  4.01877E+00  4.01877E+00
   17506   5  0.00000E+00  0.00000E+00  0.00000E+00  0.00000E+00  0.00000E+00  0.00000E+00  0.00000E+00  0.00000E+00  0.00000E+00  0.00000E+00  0.00000E+00  0.00000E+00  0.00000E+00  2.22831E+01  2.22831E+01  2.22831E+01  2.22831E+01  2.22831E+01  2.22831E+01  2.22831E+01  2.22831E+01  0.00000E+00  0.00000E+00  0.00000E+00
   18212   4  1.34533E-02  1.34533E-02  1.34533E-02  1.34533E-02  1.34533E-02  1.34533E-02  1.34533E-02  1.34533E-02  1.34533E-02  1.34533E-02  1.34533E-02  1.34533E-02  1.34533E-02  1.34533E-02  1.34533E-02  1.34533E-02  1.34533E-02  1.34533E-02  1.34533E-02  1.34533E-02  1.34533E-02  1.34533E-02  1.34533E-02  1.34533E-02
   17510   4  2.51806E-01  2.51806E-01  2.51806E-01  2.51806E-01  2.51806E-01  2.51806E-01  2.51806E-01  2.51806E-01  2.51806E-01  2.51806E-01  2.51806E-01  2.51806E-01  2.51806E-01  2.51806E-01  2.51806E-01  2.51806E-01  2.51806E-01  2.51806E-01  2.51806E-01  2.51806E-01  2.51806E-01  2.51806E-01  2.51806E-01  2.51806E-01
   16447   2  0.00000E+00  0.00000E+00  0.00000E+00  0.00000E+00  0.00000E+00  0.00000E+00  0.00000E+00  0.00000E+00  0.00000E+00  0.00000E+00  0.00000E+00  0.00000E+00  0.00000E+00  0.00000E+00  0.00000E+00  0.00000E+00  0.00000E+00  0.00000E+00  0.00000E+00  0.00000E+00  0.00000E+00  0.00000E+00  0.00000E+00  0.00000E+00
   16447   3  0.00000E+00  0.00000E+00  0.00000E+00  0.00000E+00  0.00000E+00  0.00000E+00  0.00000E+00  0.00000E+00  0.00000E+00  0.00000E+00  0.00000E+00  0.00000E+00  0.00000E+00  0.00000E+00  0.00000E+00  0.00000E+00  0.00000E+00  0.00000E+00  0.00000E+00  0.00000E+00  0.00000E+00  0.00000E+00  0.00000E+00  0.00000E+00
   32968   7  1.32752E+01  1.32752E+01  1.32752E+01  1.32752E+01  1.32752E+01  1.32752E+01  1.32752E+01  1.32752E+01  1.32752E+01  1.32752E+01  1.32752E+01  1.32752E+01  1.32752E+01  1.32752E+01  1.32752E+01  1.32752E+01  1.32752E+01  1.32752E+01  1.32752E+01  1.32752E+01  1.32752E+01  1.32752E+01  1.32752E+01  1.32752E+01
   32968   3  0.00000E+00  0.00000E+00  0.00000E+00  0.00000E+00  0.00000E+00  0.00000E+00  0.00000E+00  0.00000E+00  0.00000E+00  0.00000E+00  0.00000E+00  0.00000E+00  0.00000E+00  0.00000E+00  0.00000E+00  0.00000E+00  0.00000E+00  0.00000E+00  0.00000E+00  0.00000E+00  0.00000E+00  0.00000E+00  0.00000E+00  0.00000E+00
   29089   4  5.37984E-03  5.37984E-03  5.37984E-03  5.37984E-03  5.37984E-03  5.37984E-03  5.37984E-03  5.37984E-03  5.37984E-03  5.37984E-03  5.37984E-03  5.37984E-03  5.37984E-03  5.37984E-03  5.37984E-03  5.37984E-03  5.37984E-03  5.37984E-03  5.37984E-03  5.37984E-03  5.37984E-03  5.37984E-03  5.37984E-03  5.37984E-03
   29089   2  0.00000E+00  0.00000E+00  0.00000E+00  0.00000E+00  0.00000E+00  0.00000E+00  0.00000E+00  0.00000E+00  0.00000E+00  0.00000E+00  0.00000E+00  0.00000E+00  0.00000E+00  0.00000E+00  0.00000E+00  0.00000E+00  0.00000E+00  0.00000E+00  0.00000E+00  0.00000E+00  0.00000E+00  0.00000E+00  0.00000E+00  0.00000E+00
   29089   3  2.50949E-02  2.50949E-02  2.50949E-02  2.50949E-02  2.50949E-02  2.50949E-02  2.50949E-02  2.50949E-02  2.50949E-02  2.50949E-02  2.50949E-02  2.50949E-02  2.50949E-02  2.50949E-02  2.50949E-02  2.50949E-02  2.50949E-02  2.50949E-02  2.50949E-02  2.50949E-02  2.50949E-02  2.50949E-02  2.50949E-02  2.50949E-02
   29089   7  1.54630E+01  1.54630E+01  1.54630E+01  1.54630E+01  1.54630E+01  1.54630E+01  1.54630E+01  1.54630E+01  1.54630E+01  1.54630E+01  1.54630E+01  1.54630E+01  1.54630E+01  1.54630E+01  1.54630E+01  1.54630E+01  1.54630E+01  1.54630E+01  1.54630E+01  1.54630E+01  1.54630E+01  1.54630E+01  1.54630E+01  1.54630E+01
   15772   3  0.00000E+00  0.00000E+00  0.00000E+00  0.00000E+00  0.00000E+00  0.00000E+00  0.00000E+00  0.00000E+00  0.00000E+00  0.00000E+00  0.00000E+00  0.00000E+00  0.00000E+00  0.00000E+00  0.00000E+00  0.00000E+00  0.00000E+00  0.00000E+00  0.00000E+00  0.00000E+00  0.00000E+00  0.00000E+00  0.00000E+00  0.00000E+00
   15772   2  0.00000E+00  0.00000E+00  0.00000E+00  0.00000E+00  0.00000E+00  0.00000E+00  0.00000E+00  0.00000E+00  0.00000E+00  0.00000E+00  0.00000E+00  0.00000E+00  0.00000E+00  0.00000E+00  0.00000E+00  0.00000E+00  0.00000E+00  0.00000E+00  0.00000E+00  0.00000E+00  0.00000E+00  0.00000E+00  0.00000E+00  0.00000E+00
   16476   4  8.05864E-03  8.05864E-03  8.05864E-03  8.05864E-03  8.05864E-03  8.05864E-03  8.05864E-03  8.05864E-03  8.05864E-03  8.05864E-03  8.05864E-03  8.05864E-03  8.05864E-03  8.05864E-03  8.05864E-03  8.05864E-03  8.05864E-03  8.05864E-03  8.05864E-03  8.05864E-03  8.05864E-03  8.05864E-03  8.05864E-03  8.05864E-03
   16476   3  0.00000E+00  0.00000E+00  0.00000E+00  0.00000E+00  0.00000E+00  0.00000E+00  0.00000E+00  0.00000E+00  0.00000E+00  0.00000E+00  0.00000E+00  0.00000E+00  0.00000E+00  0.00000E+00  0.00000E+00  0.00000E+00  0.00000E+00  0.00000E+00  0.00000E+00  0.00000E+00  0.00000E+00  0.00000E+00  0.00000E+00  0.00000E+00
    7320   4  7.74797E-04  7.74797E-04  7.74797E-04  7.74797E-04  7.74797E-04  7.74797E-04  7.74797E-04  7.74797E-04  7.74797E-04  7.74797E-04  7.74797E-04  7.74797E-04  7.74797E-04  7.74797E-04  7.74797E-04  7.74797E-04  7.74797E-04  7.74797E-04  7.74797E-04  7.74797E-04  7.74797E-04  7.74797E-04  7.74797E-04  7.74797E-04
   10496   2  5.62932E+00  5.62932E+00  5.62932E+00  5.62932E+00  5.62932E+00  5.62932E+00  5.62932E+00  5.62932E+00  5.62932E+00  5.62932E+00  5.62932E+00  5.62932E+00  5.62932E+00  5.62932E+00  5.62932E+00  5.62932E+00  5.62932E+00  5.62932E+00  5.62932E+00  5.62932E+00  5.62932E+00  5.62932E+00  5.62932E+00  5.62932E+00
   10496   3  2.30808E-01  2.30808E-01  2.30808E-01  2.30808E-01  2.30808E-01  2.30808E-01  2.30808E-01  2.30808E-01  2.30808E-01  2.30808E-01  2.30808E-01  2.30808E-01  2.30808E-01  2.30808E-01  2.30808E-01  2.30808E-01  2.30808E-01  2.30808E-01  2.30808E-01  2.30808E-01  2.30808E-01  2.30808E-01  2.30808E-01  2.30808E-01
   10122   3  0.00000E+00  0.00000E+00  0.00000E+00  0.00000E+00  0.00000E+00  0.00000E+00  0.00000E+00  0.00000E+00  0.00000E+00  0.00000E+00  0.00000E+00  0.00000E+00  0.00000E+00  0.00000E+00  0.00000E+00  0.00000E+00  0.00000E+00  0.00000E+00  0.00000E+00  0.00000E+00  0.00000E+00  0.00000E+00  0.00000E+00  0.00000E+00
   10122   5  3.91655E-03  3.91655E-03  3.91655E-03  3.91655E-03  3.91655E-03  3.91655E-03  3.91655E-03  3.91655E-03  3.91655E-03  3.91655E-03  3.91655E-03  3.91655E-03  3.91655E-03  3.91655E-03  3.91655E-03  3.91655E-03  3.91655E-03  3.91655E-03  3.91655E-03  3.91655E-03  3.91655E-03  3.91655E-03  3.91655E-03  3.91655E-03
    6258   1  9.92130E+01  9.92130E+01  9.92130E+01  9.92130E+01  9.92130E+01  9.92130E+01  9.92130E+01  9.92130E+01  9.92130E+01  9.92130E+01  9.92130E+01  9.92130E+01  9.92130E+01  9.92130E+01  9.92130E+01  9.92130E+01  9.92130E+01  9.92130E+01  9.92130E+01  9.92130E+01  9.92130E+01  9.92130E+01  9.92130E+01  9.92130E+01
    6258   2  7.47933E+01  7.47933E+01  7.47933E+01  7.47933E+01  7.47933E+01  7.47933E+01  7.47933E+01  7.47933E+01  7.47933E+01  7.47933E+01  7.47933E+01  7.47933E+01  7.47933E+01  7.47933E+01  7.47933E+01  7.47933E+01  7.47933E+01  7.47933E+01  7.47933E+01  7.47933E+01  7.47933E+01  7.47933E+01  7.47933E+01  7.47933E+01
    6258   3  1.43577E+00  1.43577E+00  1.43577E+00  1.43577E+00  1.43577E+00  1.43577E+00  1.43577E+00  1.43577E+00  1.43577E+00  1.43577E+00  1.43577E+00  1.43577E+00  1.43577E+00  1.43577E+00  1.43577E+00  1.43577E+00  1.43577E+00  1.43577E+00  1.43577E+00  1.43577E+00  1.43577E+00  1.43577E+00  1.43577E+00  1.43577E+00
    6258   4  1.79901E+01  1.79901E+01  1.79901E+01  1.79901E+01  1.79901E+01  1.79901E+01  1.79901E+01  1.79901E+01  1.79901E+01  1.79901E+01  1.79901E+01  1.79901E+01  1.79901E+01  1.79901E+01  1.79901E+01  1.79901E+01  1.79901E+01  1.79901E+01  1.79901E+01  1.79901E+01  1.79901E+01  1.79901E+01  1.79901E+01  1.79901E+01
    6258   7  7.86900E+01  7.86900E+01  7.86900E+01  7.86900E+01  7.86900E+01  7.86900E+01  7.86900E+01  7.86900E+01  7.86900E+01  7.86900E+01  7.86900E+01  7.86900E+01  7.86900E+01  7.86900E+01  7.86900E+01  7.86900E+01  7.86900E+01  7.86900E+01  7.86900E+01  7.86900E+01  7.86900E+01  7.86900E+01  7.86900E+01  7.86900E+01
    9417   4  1.93097E-03  1.93097E-03  1.93097E-03  1.93097E-03  1.93097E-03  1.93097E-03  1.93097E-03  1.93097E-03  1.93097E-03  1.93097E-03  1.93097E-03  1.93097E-03  1.93097E-03  1.93097E-03  1.93097E-03  1.93097E-03  1.93097E-03  1.93097E-03  1.93097E-03  1.93097E-03  1.93097E-03  1.93097E-03  1.93097E-03  1.93097E-03
   10122   4  4.17003E-04  4.17003E-04  4.17003E-04  4.17003E-04  4.17003E-04  4.17003E-04  4.17003E-04  4.17003E-04  4.17003E-04  4.17003E-04  4.17003E-04  4.17003E-04  4.17003E-04  4.17003E-04  4.17003E-04  4.17003E-04  4.17003E-04  4.17003E-04  4.17003E-04  4.17003E-04  4.17003E-04  4.17003E-04  4.17003E-04  4.17003E-04
   14365   3  0.00000E+00  0.00000E+00  0.00000E+00  0.00000E+00  0.00000E+00  0.00000E+00  0.00000E+00  0.00000E+00  0.00000E+00  0.00000E+00  0.00000E+00  0.00000E+00  0.00000E+00  0.00000E+00  0.00000E+00  0.00000E+00  0.00000E+00  0.00000E+00  0.00000E+00  0.00000E+00  0.00000E+00  0.00000E+00  0.00000E+00  0.00000E+00
   11525   4  3.97903E-02  3.97903E-02  3.97903E-02  3.97903E-02  3.97903E-02  3.97903E-02  3.97903E-02  3.97903E-02  3.97903E-02  3.97903E-02  3.97903E-02  3.97903E-02  3.97903E-02  3.97903E-02  3.97903E-02  3.97903E-02  3.97903E-02  3.97903E-02  3.97903E-02  3.97903E-02  3.97903E-02  3.97903E-02  3.97903E-02  3.97903E-02
    8358   7  4.04516E+01  4.04516E+01  4.04516E+01  4.04516E+01  4.04516E+01  4.04516E+01  4.04516E+01  4.04516E+01  4.04516E+01  4.04516E+01  4.04516E+01  4.04516E+01  4.04516E+01  4.04516E+01  4.04516E+01  4.04516E+01  4.04516E+01  4.04516E+01  4.04516E+01  4.04516E+01  4.04516E+01  4.04516E+01  4.04516E+01  4.04516E+01
    9771   3  1.28101E-03  1.28101E-03  1.28101E-03  1.28101E-03  1.28101E-03  0.00000E+00  0.00000E+00  0.00000E+00  0.00000E+00  0.00000E+00  0.00000E+00  0.00000E+00  0.00000E+00  1.28101E-03  1.28101E-03  1.28101E-03  1.28101E-03  1.28101E-03  1.28101E-03  1.28101E-03  1.28101E-03  1.28101E-03  1.28101E-03  1.28101E-03
    6609   3  0.00000E+00  0.00000E+00  0.00000E+00  0.00000E+00  0.00000E+00  0.00000E+00  0.00000E+00  0.00000E+00  0.00000E+00  0.00000E+00  0.00000E+00  0.00000E+00  0.00000E+00  0.00000E+00  0.00000E+00  0.00000E+00  0.00000E+00  0.00000E+00  0.00000E+00  0.00000E+00  0.00000E+00  0.00000E+00  0.00000E+00  0.00000E+00
   11870   4  3.66506E-01  3.66506E-01  3.66506E-01  3.66506E-01  3.66506E-01  3.66506E-01  3.66506E-01  3.66506E-01  3.66506E-01  3.66506E-01  3.66506E-01  3.66506E-01  3.66506E-01  3.66506E-01  3.66506E-01  3.66506E-01  3.66506E-01  3.66506E-01  3.66506E-01  3.66506E-01  3.66506E-01  3.66506E-01  3.66506E-01  3.66506E-01
   11870   3  0.00000E+00  0.00000E+00  0.00000E+00  0.00000E+00  0.00000E+00  0.00000E+00  0.00000E+00  0.00000E+00  0.00000E+00  0.00000E+00  0.00000E+00  0.00000E+00  0.00000E+00  0.00000E+00  0.00000E+00  0.00000E+00  0.00000E+00  0.00000E+00  0.00000E+00  0.00000E+00  0.00000E+00  0.00000E+00  0.00000E+00  0.00000E+00
   11870   2  0.00000E+00  0.00000E+00  0.00000E+00  0.00000E+00  0.00000E+00  0.00000E+00  0.00000E+00  0.00000E+00  0.00000E+00  0.00000E+00  0.00000E+00  0.00000E+00  0.00000E+00  0.00000E+00  0.00000E+00  0.00000E+00  0.00000E+00  0.00000E+00  0.00000E+00  0.00000E+00  0.00000E+00  0.00000E+00  0.00000E+00  0.00000E+00
   10124   4  8.58430E-04  8.58430E-04  8.58430E-04  8.58430E-04  8.58430E-04  8.58430E-04  8.58430E-04  8.58430E-04  8.58430E-04  8.58430E-04  8.58430E-04  8.58430E-04  8.58430E-04  8.58430E-04  8.58430E-04  8.58430E-04  8.58430E-04  8.58430E-04  8.58430E-04  8.58430E-04  8.58430E-04  8.58430E-04  8.58430E-04  8.58430E-04
   18579   3  5.86604E-03  5.86604E-03  5.86604E-03  5.86604E-03  5.86604E-03  5.86604E-03  5.86604E-03  5.86604E-03  5.86604E-03  5.86604E-03  5.86604E-03  5.86604E-03  5.86604E-03  5.86604E-03  5.86604E-03  5.86604E-03  5.86604E-03  5.86604E-03  5.86604E-03  5.86604E-03  5.86604E-03  5.86604E-03  5.86604E-03  5.86604E-03
   18225   4  2.55298E-04  2.55298E-04  2.55298E-04  2.55298E-04  2.55298E-04  2.55298E-04  2.55298E-04  2.55298E-04  2.55298E-04  2.55298E-04  2.55298E-04  2.55298E-04  2.55298E-04  1.30262E+00  1.30262E+00  1.30262E+00  1.30262E+00  1.30262E+00  1.30262E+00  1.30262E+00  1.30262E+00  2.55298E-04  2.55298E-04  2.55298E-04
   18225   3  3.65205E-01  3.65205E-01  3.65205E-01  3.65205E-01  3.65205E-01  3.65205E-01  3.65205E-01  3.65205E-01  3.65205E-01  3.65205E-01  3.65205E-01  3.65205E-01  3.65205E-01  3.65205E-01  3.65205E-01  3.65205E-01  3.65205E-01  3.65205E-01  3.65205E-01  3.65205E-01  3.65205E-01  3.65205E-01  3.65205E-01  3.65205E-01
   15059   3  0.00000E+00  0.00000E+00  0.00000E+00  0.00000E+00  0.00000E+00  0.00000E+00  0.00000E+00  0.00000E+00  0.00000E+00  0.00000E+00  0.00000E+00  0.00000E+00  0.00000E+00  0.00000E+00  0.00000E+00  0.00000E+00  0.00000E+00  0.00000E+00  0.00000E+00  0.00000E+00  0.00000E+00  0.00000E+00  0.00000E+00  0.00000E+00
   18576   4  4.08736E-01  4.08736E-01  4.08736E-01  4.08736E-01  4.08736E-01  4.08736E-01  4.08736E-01  4.08736E-01  4.08736E-01  4.08736E-01  4.08736E-01  4.08736E-01  4.08736E-01  4.08736E-01  4.08736E-01  4.08736E-01  4.08736E-01  4.08736E-01  4.08736E-01  4.08736E-01  4.08736E-01  4.08736E-01  4.08736E-01  4.08736E-01
   18576   3  1.03439E+00  1.03439E+00  1.03439E+00  1.03439E+00  1.03439E+00  1.03439E+00  1.03439E+00  1.03439E+00  1.03439E+00  1.03439E+00  1.03439E+00  1.03439E+00  1.03439E+00  1.03439E+00  1.03439E+00  1.03439E+00  1.03439E+00  1.03439E+00  1.03439E+00  1.03439E+00  1.03439E+00  1.03439E+00  1.03439E+00  1.03439E+00
   18576   1  4.99406E-01  4.99406E-01  4.99406E-01  4.99406E-01  4.99406E-01  4.99406E-01  4.99406E-01  4.99406E-01  4.99406E-01  4.99406E-01  4.99406E-01  4.99406E-01  4.99406E-01  4.99406E-01  4.99406E-01  4.99406E-01  4.99406E-01  4.99406E-01  4.99406E-01  4.99406E-01  4.99406E-01  4.99406E-01  4.99406E-01  4.99406E-01
   15747   3  0.00000E+00  0.00000E+00  0.00000E+00  0.00000E+00  0.00000E+00  0.00000E+00  0.00000E+00  0.00000E+00  0.00000E+00  0.00000E+00  0.00000E+00  0.00000E+00  0.00000E+00  0.00000E+00  0.00000E+00  0.00000E+00  0.00000E+00  0.00000E+00  0.00000E+00  0.00000E+00  0.00000E+00  0.00000E+00  0.00000E+00  0.00000E+00
   15747   2  0.00000E+00  0.00000E+00  0.00000E+00  0.00000E+00  0.00000E+00  0.00000E+00  0.00000E+00  0.00000E+00  0.00000E+00  0.00000E+00  0.00000E+00  0.00000E+00  0.00000E+00  0.00000E+00  0.00000E+00  0.00000E+00  0.00000E+00  0.00000E+00  0.00000E+00  0.00000E+00  0.00000E+00  0.00000E+00  0.00000E+00  0.00000E+00
   13638   3  0.00000E+00  0.00000E+00  0.00000E+00  0.00000E+00  0.00000E+00  0.00000E+00  0.00000E+00  0.00000E+00  0.00000E+00  0.00000E+00  0.00000E+00  0.00000E+00  0.00000E+00  0.00000E+00  0.00000E+00  0.00000E+00  0.00000E+00  0.00000E+00  0.00000E+00  0.00000E+00  0.00000E+00  0.00000E+00  0.00000E+00  0.00000E+00
   18926   4  4.50728E-02  4.50728E-02  4.50728E-02  4.50728E-02  4.50728E-02  4.50728E-02  4.50728E-02  4.50728E-02  4.50728E-02  4.50728E-02  4.50728E-02  4.50728E-02  4.50728E-02  4.50728E-02  4.50728E-02  4.50728E-02  4.50728E-02  4.50728E-02  4.50728E-02  4.50728E-02  4.50728E-02  4.50728E-02  4.50728E-02  4.50728E-02
   22115   4  2.51094E-04  2.51094E-04  2.51094E-04  2.51094E-04  2.51094E-04  2.51094E-04  2.51094E-04  2.51094E-04  2.51094E-04  2.51094E-04  2.51094E-04  2.51094E-04  2.51094E-04  2.51094E-04  2.51094E-04  2.51094E-04  2.51094E-04  2.51094E-04  2.51094E-04  2.51094E-04  2.51094E-04  2.51094E-04  2.51094E-04  2.51094E-04
   15750   4  8.77399E-02  8.77399E-02  8.77399E-02  8.77399E-02  8.77399E-02  8.77399E-02  8.77399E-02  8.77399E-02  8.77399E-02  8.77399E-02  8.77399E-02  8.77399E-02  8.77399E-02  8.77399E-02  8.77399E-02  8.77399E-02  8.77399E-02  8.77399E-02  8.77399E-02  8.77399E-02  8.77399E-02  8.77399E-02  8.77399E-02  8.77399E-02
   16455   4  1.28556E-01  1.28556E-01  1.28556E-01  1.28556E-01  1.28556E-01  1.28556E-01  1.28556E-01  1.28556E-01  1.28556E-01  1.28556E-01  1.28556E-01  1.28556E-01  1.28556E-01  1.28556E-01  1.28556E-01  1.28556E-01  1.28556E-01  1.28556E-01  1.28556E-01  1.28556E-01  1.28556E-01  1.28556E-01  1.28556E-01  1.28556E-01
   18223   3  9.21170E-01  9.21170E-01  9.21170E-01  9.21170E-01  9.21170E-01  9.21170E-01  9.21170E-01  9.21170E-01  9.21170E-01  9.21170E-01  9.21170E-01  9.21170E-01  9.21170E-01  9.21170E-01  9.21170E-01  9.21170E-01  9.21170E-01  9.21170E-01  9.21170E-01  9.21170E-01  9.21170E-01  9.21170E-01  9.21170E-01  9.21170E-01
   18224   4  1.57394E+01  1.57394E+01  1.57394E+01  1.57394E+01  1.57394E+01  1.57394E+01  1.57394E+01  1.57394E+01  1.57394E+01  1.57394E+01  1.57394E+01  1.57394E+01  1.57394E+01  2.94160E+02  2.94160E+02  2.94160E+02  2.94160E+02  2.94160E+02  2.94160E+02  2.94160E+02  2.94160E+02  1.57394E+01  1.57394E+01  1.57394E+01
   18930   4  1.06571E+00  1.06571E+00  1.06571E+00  1.06571E+00  1.06571E+00  1.06571E+00  1.06571E+00  1.06571E+00  1.06571E+00  1.06571E+00  1.06571E+00  1.06571E+00  1.06571E+00  1.06571E+00  1.06571E+00  1.06571E+00  1.06571E+00  1.06571E+00  1.06571E+00  1.06571E+00  1.06571E+00  1.06571E+00  1.06571E+00  1.06571E+00
   18224   5  0.00000E+00  0.00000E+00  0.00000E+00  0.00000E+00  0.00000E+00  0.00000E+00  0.00000E+00  0.00000E+00  0.00000E+00  0.00000E+00  0.00000E+00  0.00000E+00  0.00000E+00  6.18711E+01  6.18711E+01  6.18711E+01  6.18711E+01  6.18711E+01  6.18711E+01  6.18711E+01  6.18711E+01  0.00000E+00  0.00000E+00  0.00000E+00
   18577   3  0.00000E+00  0.00000E+00  0.00000E+00  0.00000E+00  0.00000E+00  0.00000E+00  0.00000E+00  0.00000E+00  0.00000E+00  0.00000E+00  0.00000E+00  0.00000E+00  0.00000E+00  2.59616E-04  2.59616E-04  2.59616E-04  2.59616E-04  2.59616E-04  2.59616E-04  2.59616E-04  2.59616E-04  0.00000E+00  0.00000E+00  0.00000E+00
   18223   4  3.50680E+00  3.50680E+00  3.50680E+00  3.50680E+00  3.50680E+00  3.50680E+00  3.50680E+00  3.50680E+00  3.50680E+00  3.50680E+00  3.50680E+00  3.50680E+00  3.50680E+00  9.73324E+00  9.73324E+00  9.73324E+00  9.73324E+00  9.73324E+00  9.73324E+00  9.73324E+00  9.73324E+00  3.50680E+00  3.50680E+00  3.50680E+00
   18224   3  8.46028E-01  8.46028E-01  8.37193E-01  8.37193E-01  8.37193E-01  8.37193E-01  8.37193E-01  8.37193E-01  8.37193E-01  8.37193E-01  8.37193E-01  8.37193E-01  8.37193E-01  2.79266E+02  2.79266E+02  2.79266E+02  2.79266E+02  2.79266E+02  2.79266E+02  2.79266E+02  2.79266E+02  8.46028E-01  8.46028E-01  8.46028E-01
   18223   5  0.00000E+00  0.00000E+00  0.00000E+00  0.00000E+00  0.00000E+00  0.00000E+00  0.00000E+00  0.00000E+00  0.00000E+00  0.00000E+00  0.00000E+00  0.00000E+00  0.00000E+00  0.00000E+00  0.00000E+00  0.00000E+00  0.00000E+00  0.00000E+00  0.00000E+00  0.00000E+00  0.00000E+00  0.00000E+00  0.00000E+00  0.00000E+00
   18577   4  1.34817E+01  1.34817E+01  1.34817E+01  1.34817E+01  1.34817E+01  1.34817E+01  1.34817E+01  1.34817E+01  1.34817E+01  1.34817E+01  1.34817E+01  1.34817E+01  1.34817E+01  1.34817E+01  1.34817E+01  1.34817E+01  1.34817E+01  1.34817E+01  1.34817E+01  1.34817E+01  1.34817E+01  1.34817E+01  1.34817E+01  1.34817E+01
   18576   5  0.00000E+00  0.00000E+00  0.00000E+00  0.00000E+00  0.00000E+00  0.00000E+00  0.00000E+00  0.00000E+00  0.00000E+00  0.00000E+00  0.00000E+00  0.00000E+00  0.00000E+00  0.00000E+00  0.00000E+00  0.00000E+00  0.00000E+00  0.00000E+00  0.00000E+00  0.00000E+00  0.00000E+00  0.00000E+00  0.00000E+00  0.00000E+00
   18223   7  0.00000E+00  0.00000E+00  0.00000E+00  0.00000E+00  0.00000E+00  0.00000E+00  0.00000E+00  0.00000E+00  0.00000E+00  0.00000E+00  0.00000E+00  0.00000E+00  0.00000E+00  5.28854E-03  5.28854E-03  5.28854E-03  5.28854E-03  5.28854E-03  5.28854E-03  5.28854E-03  5.28854E-03  0.00000E+00  0.00000E+00  0.00000E+00
   18576   7  0.00000E+00  0.00000E+00  0.00000E+00  0.00000E+00  0.00000E+00  0.00000E+00  0.00000E+00  0.00000E+00  0.00000E+00  0.00000E+00  0.00000E+00  0.00000E+00  0.00000E+00  1.48931E-01  1.48931E-01  1.48931E-01  1.48931E-01  1.48931E-01  1.48931E-01  1.48931E-01  1.48931E-01  0.00000E+00  0.00000E+00  0.00000E+00
   18222   3  0.00000E+00  0.00000E+00  0.00000E+00  0.00000E+00  0.00000E+00  0.00000E+00  0.00000E+00  0.00000E+00  0.00000E+00  0.00000E+00  0.00000E+00  0.00000E+00  0.00000E+00  0.00000E+00  0.00000E+00  0.00000E+00  0.00000E+00  0.00000E+00  0.00000E+00  0.00000E+00  0.00000E+00  0.00000E+00  0.00000E+00  0.00000E+00
   19280   3  0.00000E+00  0.00000E+00  0.00000E+00  0.00000E+00  0.00000E+00  0.00000E+00  0.00000E+00  0.00000E+00  0.00000E+00  0.00000E+00  0.00000E+00  0.00000E+00  0.00000E+00  0.00000E+00  0.00000E+00  0.00000E+00  0.00000E+00  0.00000E+00  0.00000E+00  0.00000E+00  0.00000E+00  0.00000E+00  0.00000E+00  0.00000E+00
   19280   4  1.40020E+00  1.40020E+00  1.40020E+00  1.40020E+00  1.40020E+00  1.40020E+00  1.40020E+00  1.40020E+00  1.40020E+00  1.40020E+00  1.40020E+00  1.40020E+00  1.40020E+00  6.62147E+01  6.62147E+01  6.62147E+01  6.62147E+01  6.62147E+01  6.62147E+01  6.62147E+01  6.62147E+01  1.40020E+00  1.40020E+00  1.40020E+00
   19279   4  1.68234E+01  1.68234E+01  1.68234E+01  1.68234E+01  1.68234E+01  1.68234E+01  1.68234E+01  1.68234E+01  1.68234E+01  1.68234E+01  1.68234E+01  1.68234E+01  1.68234E+01  1.68234E+01  1.68234E+01  1.68234E+01  1.68234E+01  1.68234E+01  1.68234E+01  1.68234E+01  1.68234E+01  1.68234E+01  1.68234E+01  1.68234E+01
   18928   3  7.27463E-01  7.27463E-01  7.27463E-01  7.27463E-01  7.27463E-01  7.27463E-01  7.27463E-01  7.27463E-01  7.27463E-01  7.27463E-01  7.27463E-01  7.27463E-01  7.27463E-01  7.27463E-01  7.27463E-01  7.27463E-01  7.27463E-01  7.27463E-01  7.27463E-01  7.27463E-01  7.27463E-01  7.27463E-01  7.27463E-01  7.27463E-01
   18928   4  6.21771E-01  6.21771E-01  6.21771E-01  6.21771E-01  6.21771E-01  6.21771E-01  6.21771E-01  6.21771E-01  6.21771E-01  6.21771E-01  6.21771E-01  6.21771E-01  6.21771E-01  6.21771E-01  6.21771E-01  6.21771E-01  6.21771E-01  6.21771E-01  6.21771E-01  6.21771E-01  6.21771E-01  6.21771E-01  6.21771E-01  6.21771E-01
   18575   4  7.67423E-03  7.67423E-03  7.67423E-03  7.67423E-03  7.67423E-03  7.67423E-03  7.67423E-03  7.67423E-03  7.67423E-03  7.67423E-03  7.67423E-03  7.67423E-03  7.67423E-03  7.67423E-03  7.67423E-03  7.67423E-03  7.67423E-03  7.67423E-03  7.67423E-03  7.67423E-03  7.67423E-03  7.67423E-03  7.67423E-03  7.67423E-03
   18222   4  9.37460E-03  9.37460E-03  9.37460E-03  9.37460E-03  9.37460E-03  9.37460E-03  9.37460E-03  9.37460E-03  9.37460E-03  9.37460E-03  9.37460E-03  9.37460E-03  9.37460E-03  9.37460E-03  9.37460E-03  9.37460E-03  9.37460E-03  9.37460E-03  9.37460E-03  9.37460E-03  9.37460E-03  9.37460E-03  9.37460E-03  9.37460E-03
   18575   3  2.53727E-02  2.53727E-02  2.53727E-02  2.53727E-02  2.53727E-02  2.53727E-02  2.53727E-02  2.53727E-02  2.53727E-02  2.53727E-02  2.53727E-02  2.53727E-02  2.53727E-02  2.53727E-02  2.53727E-02  2.53727E-02  2.53727E-02  2.53727E-02  2.53727E-02  2.53727E-02  2.53727E-02  2.53727E-02  2.53727E-02  2.53727E-02
   15401   3  0.00000E+00  0.00000E+00  0.00000E+00  0.00000E+00  0.00000E+00  0.00000E+00  0.00000E+00  0.00000E+00  0.00000E+00  0.00000E+00  0.00000E+00  0.00000E+00  0.00000E+00  0.00000E+00  0.00000E+00  0.00000E+00  0.00000E+00  0.00000E+00  0.00000E+00  0.00000E+00  0.00000E+00  0.00000E+00  0.00000E+00  0.00000E+00
   16114   7  9.41398E+01  9.41398E+01  9.41398E+01  9.41398E+01  9.41398E+01  9.41398E+01  9.41398E+01  9.41398E+01  9.41398E+01  9.41398E+01  9.41398E+01  9.41398E+01  9.41398E+01  9.41398E+01  9.41398E+01  9.41398E+01  9.41398E+01  9.41398E+01  9.41398E+01  9.41398E+01  9.41398E+01  9.41398E+01  9.41398E+01  9.41398E+01
   15761   3  3.33015E-01  3.33015E-01  3.33015E-01  3.33015E-01  3.33015E-01  0.00000E+00  0.00000E+00  0.00000E+00  0.00000E+00  0.00000E+00  0.00000E+00  0.00000E+00  0.00000E+00  3.33015E-01  3.33015E-01  3.33015E-01  3.33015E-01  3.33015E-01  3.33015E-01  3.33015E-01  3.33015E-01  3.33015E-01  3.33015E-01  3.33015E-01
   15762   4  0.00000E+00  0.00000E+00  0.00000E+00  0.00000E+00  0.00000E+00  0.00000E+00  0.00000E+00  0.00000E+00  0.00000E+00  0.00000E+00  0.00000E+00  0.00000E+00  0.00000E+00  0.00000E+00  0.00000E+00  0.00000E+00  0.00000E+00  0.00000E+00  0.00000E+00  0.00000E+00  0.00000E+00  0.00000E+00  0.00000E+00  0.00000E+00
   18227   4  5.42929E-02  5.42929E-02  5.42929E-02  5.42929E-02  5.42929E-02  5.42929E-02  5.42929E-02  5.42929E-02  5.42929E-02  5.42929E-02  5.42929E-02  5.42929E-02  5.42929E-02  5.42929E-02  5.42929E-02  5.42929E-02  5.42929E-02  5.42929E-02  5.42929E-02  5.42929E-02  5.42929E-02  5.42929E-02  5.42929E-02  5.42929E-02
   21763   4  3.17425E-02  3.17425E-02  3.17425E-02  3.17425E-02  3.17425E-02  3.17425E-02  3.17425E-02  3.17425E-02  3.17425E-02  3.17425E-02  3.17425E-02  3.17425E-02  3.17425E-02  3.17425E-02  3.17425E-02  3.17425E-02  3.17425E-02  3.17425E-02  3.17425E-02  3.17425E-02  3.17425E-02  3.17425E-02  3.17425E-02  3.17425E-02
   25974   3  0.00000E+00  0.00000E+00  0.00000E+00  0.00000E+00  0.00000E+00  0.00000E+00  0.00000E+00  0.00000E+00  0.00000E+00  0.00000E+00  0.00000E+00  0.00000E+00  0.00000E+00  0.00000E+00  0.00000E+00  0.00000E+00  0.00000E+00  0.00000E+00  0.00000E+00  0.00000E+00  0.00000E+00  0.00000E+00  0.00000E+00  0.00000E+00
   25262   3  0.00000E+00  0.00000E+00  0.00000E+00  0.00000E+00  0.00000E+00  0.00000E+00  0.00000E+00  0.00000E+00  0.00000E+00  0.00000E+00  0.00000E+00  0.00000E+00  0.00000E+00  0.00000E+00  0.00000E+00  0.00000E+00  0.00000E+00  0.00000E+00  0.00000E+00  0.00000E+00  0.00000E+00  0.00000E+00  0.00000E+00  0.00000E+00
   24198   4  0.00000E+00  0.00000E+00  0.00000E+00  0.00000E+00  0.00000E+00  0.00000E+00  0.00000E+00  0.00000E+00  0.00000E+00  0.00000E+00  0.00000E+00  0.00000E+00  0.00000E+00  0.00000E+00  0.00000E+00  0.00000E+00  0.00000E+00  0.00000E+00  0.00000E+00  0.00000E+00  0.00000E+00  0.00000E+00  0.00000E+00  0.00000E+00
   24198   3  1.81061E-03  1.81061E-03  1.81061E-03  1.81061E-03  1.81061E-03  0.00000E+00  0.00000E+00  0.00000E+00  0.00000E+00  0.00000E+00  0.00000E+00  0.00000E+00  0.00000E+00  1.81061E-03  1.81061E-03  1.81061E-03  1.81061E-03  1.81061E-03  1.81061E-03  1.81061E-03  1.81061E-03  1.81061E-03  1.81061E-03  1.81061E-03
   24551   4  1.84135E-02  1.84135E-02  1.84135E-02  1.84135E-02  1.84135E-02  1.84135E-02  1.84135E-02  1.84135E-02  1.84135E-02  1.84135E-02  1.84135E-02  1.84135E-02  1.84135E-02  1.84135E-02  1.84135E-02  1.84135E-02  1.84135E-02  1.84135E-02  1.84135E-02  1.84135E-02  1.84135E-02  1.84135E-02  1.84135E-02  1.84135E-02
   24911   4  0.00000E+00  0.00000E+00  0.00000E+00  0.00000E+00  0.00000E+00  0.00000E+00  0.00000E+00  0.00000E+00  0.00000E+00  0.00000E+00  0.00000E+00  0.00000E+00  0.00000E+00  0.00000E+00  0.00000E+00  0.00000E+00  0.00000E+00  0.00000E+00  0.00000E+00  0.00000E+00  0.00000E+00  0.00000E+00  0.00000E+00  0.00000E+00
   24553   4  4.47128E+00  4.47128E+00  4.47128E+00  4.47128E+00  4.47128E+00  4.47128E+00  4.47128E+00  4.47128E+00  4.47128E+00  4.47128E+00  4.47128E+00  4.47128E+00  4.47128E+00  1.74749E+01  1.74749E+01  1.74749E+01  1.74749E+01  1.74749E+01  1.74749E+01  1.74749E+01  1.74749E+01  4.47128E+00  4.47128E+00  4.47128E+00
   25259   4  0.00000E+00  0.00000E+00  0.00000E+00  0.00000E+00  0.00000E+00  0.00000E+00  0.00000E+00  0.00000E+00  0.00000E+00  0.00000E+00  0.00000E+00  0.00000E+00  0.00000E+00  0.00000E+00  0.00000E+00  0.00000E+00  0.00000E+00  0.00000E+00  0.00000E+00  0.00000E+00  0.00000E+00  0.00000E+00  0.00000E+00  0.00000E+00
   25259   3  2.44818E-03  2.44818E-03  2.44818E-03  2.44818E-03  2.44818E-03  2.44818E-03  2.44818E-03  2.44818E-03  2.44818E-03  2.44818E-03  2.44818E-03  2.44818E-03  2.44818E-03  2.44818E-03  2.44818E-03  2.44818E-03  2.44818E-03  2.44818E-03  2.44818E-03  2.44818E-03  2.44818E-03  2.44818E-03  2.44818E-03  2.44818E-03
   24906   4  9.15631E-02  9.15631E-02  9.15631E-02  9.15631E-02  9.15631E-02  9.15631E-02  9.15631E-02  9.15631E-02  9.15631E-02  9.15631E-02  9.15631E-02  9.15631E-02  9.15631E-02  9.15631E-02  9.15631E-02  9.15631E-02  9.15631E-02  9.15631E-02  9.15631E-02  9.15631E-02  9.15631E-02  9.15631E-02  9.15631E-02  9.15631E-02
   24201   2  0.00000E+00  0.00000E+00  0.00000E+00  0.00000E+00  0.00000E+00  0.00000E+00  0.00000E+00  0.00000E+00  0.00000E+00  0.00000E+00  0.00000E+00  0.00000E+00  0.00000E+00  0.00000E+00  0.00000E+00  0.00000E+00  0.00000E+00  0.00000E+00  0.00000E+00  0.00000E+00  0.00000E+00  0.00000E+00  0.00000E+00  0.00000E+00
   24201   1  0.00000E+00  0.00000E+00  0.00000E+00  0.00000E+00  0.00000E+00  0.00000E+00  0.00000E+00  0.00000E+00  0.00000E+00  0.00000E+00  0.00000E+00  0.00000E+00  0.00000E+00  0.00000E+00  0.00000E+00  0.00000E+00  0.00000E+00  0.00000E+00  0.00000E+00  0.00000E+00  0.00000E+00  0.00000E+00  0.00000E+00  0.00000E+00
   24554   4  7.07575E+00  7.07575E+00  7.07575E+00  7.07575E+00  7.07575E+00  7.07575E+00  7.07575E+00  7.07575E+00  7.07575E+00  7.07575E+00  7.07575E+00  7.07575E+00  7.07575E+00  7.07575E+00  7.07575E+00  7.07575E+00  7.07575E+00  7.07575E+00  7.07575E+00  7.07575E+00  7.07575E+00  7.07575E+00  7.07575E+00  7.07575E+00
   24904   3  1.63833E+02  1.63833E+02  1.63833E+02  1.63833E+02  1.63833E+02  1.76044E+00  1.76044E+00  1.76044E+00  1.76044E+00  1.76044E+00  1.76044E+00  1.76044E+00  1.76044E+00  1.63833E+02  1.63833E+02  1.63833E+02  1.63833E+02  1.63833E+02  1.63833E+02  1.63833E+02  1.63833E+02  1.63833E+02  1.63833E+02  1.63833E+02
   24904   4  1.35268E+00  1.35268E+00  1.35268E+00  1.35268E+00  1.35268E+00  1.35268E+00  1.35268E+00  1.35268E+00  1.35268E+00  1.35268E+00  1.35268E+00  1.35268E+00  1.35268E+00  1.35268E+00  1.35268E+00  1.35268E+00  1.35268E+00  1.35268E+00  1.35268E+00  1.35268E+00  1.35268E+00  1.35268E+00  1.35268E+00  1.35268E+00
   25257   4  1.91166E+01  1.91166E+01  1.91166E+01  1.91166E+01  1.91166E+01  1.91166E+01  1.91166E+01  1.91166E+01  1.91166E+01  1.91166E+01  1.91166E+01  1.91166E+01  1.91166E+01  1.91166E+01  1.91166E+01  1.91166E+01  1.91166E+01  1.91166E+01  1.91166E+01  1.91166E+01  1.91166E+01  1.91166E+01  1.91166E+01  1.91166E+01
   25257   3  3.68876E-02  3.68876E-02  3.68876E-02  3.68876E-02  3.68876E-02  3.68876E-02  3.68876E-02  3.68876E-02  3.68876E-02  3.68876E-02  3.68876E-02  3.68876E-02  3.68876E-02  3.68876E-02  3.68876E-02  3.68876E-02  3.68876E-02  3.68876E-02  3.68876E-02  3.68876E-02  3.68876E-02  3.68876E-02  3.68876E-02  3.68876E-02
   24904   7  2.26833E+01  2.26833E+01  2.26833E+01  2.26833E+01  2.26833E+01  2.26833E+01  2.26833E+01  2.26833E+01  2.26833E+01  2.26833E+01  2.26833E+01  2.26833E+01  2.26833E+01  2.26833E+01  2.26833E+01  2.26833E+01  2.26833E+01  2.26833E+01  2.26833E+01  2.26833E+01  2.26833E+01  2.26833E+01  2.26833E+01  2.26833E+01
   24904   1  5.78090E-01  5.78090E-01  5.78090E-01  5.78090E-01  5.78090E-01  5.78090E-01  5.78090E-01  5.78090E-01  5.78090E-01  5.78090E-01  5.78090E-01  5.78090E-01  5.78090E-01  5.78090E-01  5.78090E-01  5.78090E-01  5.78090E-01  5.78090E-01  5.78090E-01  5.78090E-01  5.78090E-01  5.78090E-01  5.78090E-01  5.78090E-01
   23850   3  4.30138E+01  4.30138E+01  4.30138E+01  4.30138E+01  4.30138E+01  4.30138E+01  4.30138E+01  4.30138E+01  4.30138E+01  4.30138E+01  4.30138E+01  4.30138E+01  4.30138E+01  4.30141E+01  4.30141E+01  4.30141E+01  4.30141E+01  4.30141E+01  4.30141E+01  4.30141E+01  4.30141E+01  4.30138E+01  4.30138E+01  4.30138E+01
   23850   4  1.30570E-02  1.30570E-02  1.30570E-02  1.30570E-02  1.30570E-02  1.30570E-02  1.30570E-02  1.30570E-02  1.30570E-02  1.30570E-02  1.30570E-02  1.30570E-02  1.30570E-02  1.30570E-02  1.30570E-02  1.30570E-02  1.30570E-02  1.30570E-02  1.30570E-02  1.30570E-02  1.30570E-02  1.30570E-02  1.30570E-02  1.30570E-02
   25616   4  0.00000E+00  0.00000E+00  0.00000E+00  0.00000E+00  0.00000E+00  0.00000E+00  0.00000E+00  0.00000E+00  0.00000E+00  0.00000E+00  0.00000E+00  0.00000E+00  0.00000E+00  0.00000E+00  0.00000E+00  0.00000E+00  0.00000E+00  0.00000E+00  0.00000E+00  0.00000E+00  0.00000E+00  0.00000E+00  0.00000E+00  0.00000E+00
   27883   2  8.14303E+00  8.02252E+00  7.57491E+00  6.83464E+00  6.05993E+00  5.12255E+00  4.74310E+00  4.55338E+00  4.49014E+00  4.61662E+00  4.99607E+00  5.59686E+00  6.37157E+00  6.84588E+00  7.22533E+00  7.55735E+00  7.68383E+00  7.81031E+00  7.85774E+00  7.92098E+00  7.90517E+00  7.85774E+00  7.73126E+00  7.54154E+00
   18690   2  4.03793E+00  3.97817E+00  3.75621E+00  3.38913E+00  3.00497E+00  2.54015E+00  2.35199E+00  2.25791E+00  2.22655E+00  2.28927E+00  2.47743E+00  2.77535E+00  3.15950E+00  3.39470E+00  3.58286E+00  3.74750E+00  3.81022E+00  3.87294E+00  3.89646E+00  3.92782E+00  3.91998E+00  3.89646E+00  3.83374E+00  3.73966E+00
   19395   3  0.00000E+00  0.00000E+00  0.00000E+00  0.00000E+00  0.00000E+00  0.00000E+00  0.00000E+00  0.00000E+00  0.00000E+00  0.00000E+00  0.00000E+00  0.00000E+00  0.00000E+00  0.00000E+00  0.00000E+00  0.00000E+00  0.00000E+00  0.00000E+00  0.00000E+00  0.00000E+00  0.00000E+00  0.00000E+00  0.00000E+00  0.00000E+00
   19395   2  0.00000E+00  0.00000E+00  0.00000E+00  0.00000E+00  0.00000E+00  0.00000E+00  0.00000E+00  0.00000E+00  0.00000E+00  0.00000E+00  0.00000E+00  0.00000E+00  0.00000E+00  0.00000E+00  0.00000E+00  0.00000E+00  0.00000E+00  0.00000E+00  0.00000E+00  0.00000E+00  0.00000E+00  0.00000E+00  0.00000E+00  0.00000E+00
   30002   2  5.36948E+00  5.29002E+00  4.99487E+00  4.50673E+00  3.99590E+00  3.37779E+00  3.12759E+00  3.00248E+00  2.96078E+00  3.04418E+00  3.29439E+00  3.69055E+00  4.20139E+00  4.51415E+00  4.76436E+00  4.98329E+00  5.06669E+00  5.15009E+00  5.18137E+00  5.22307E+00  5.21264E+00  5.18137E+00  5.09796E+00  4.97286E+00
   30355   1  0.00000E+00  0.00000E+00  0.00000E+00  0.00000E+00  0.00000E+00  0.00000E+00  0.00000E+00  0.00000E+00  0.00000E+00  0.00000E+00  0.00000E+00  0.00000E+00  0.00000E+00  0.00000E+00  0.00000E+00  0.00000E+00  0.00000E+00  0.00000E+00  0.00000E+00  0.00000E+00  0.00000E+00  0.00000E+00  0.00000E+00  0.00000E+00
   29995   4  2.10879E-01  2.07758E-01  1.96166E-01  1.76996E-01  1.56933E-01  1.32658E-01  1.22831E-01  1.17918E-01  1.16280E-01  1.19556E-01  1.29383E-01  1.44941E-01  1.65004E-01  1.77287E-01  1.87113E-01  1.95712E-01  1.98987E-01  2.02263E-01  2.03491E-01  2.05129E-01  2.04719E-01  2.03491E-01  2.00215E-01  1.95302E-01
   31274   3  1.02132E+00  1.02132E+00  1.02132E+00  1.02132E+00  1.02132E+00  1.02132E+00  1.02132E+00  1.02132E+00  1.02132E+00  1.02132E+00  1.02132E+00  1.02132E+00  1.02132E+00  1.02132E+00  1.02132E+00  1.02132E+00  1.02132E+00  1.02132E+00  1.02132E+00  1.02132E+00  1.02132E+00  1.02132E+00  1.02132E+00  1.02132E+00
   31274   4  2.79985E-02  2.79985E-02  2.79985E-02  2.79985E-02  2.79985E-02  2.79985E-02  2.79985E-02  2.79985E-02  2.79985E-02  2.79985E-02  2.79985E-02  2.79985E-02  2.79985E-02  2.79985E-02  2.79985E-02  2.79985E-02  2.79985E-02  2.79985E-02  2.79985E-02  2.79985E-02  2.79985E-02  2.79985E-02  2.79985E-02  2.79985E-02
   31274   2  0.00000E+00  0.00000E+00  0.00000E+00  0.00000E+00  0.00000E+00  0.00000E+00  0.00000E+00  0.00000E+00  0.00000E+00  0.00000E+00  0.00000E+00  0.00000E+00  0.00000E+00  0.00000E+00  0.00000E+00  0.00000E+00  0.00000E+00  0.00000E+00  0.00000E+00  0.00000E+00  0.00000E+00  0.00000E+00  0.00000E+00  0.00000E+00
   30921   4  0.00000E+00  0.00000E+00  0.00000E+00  0.00000E+00  0.00000E+00  0.00000E+00  0.00000E+00  0.00000E+00  0.00000E+00  0.00000E+00  0.00000E+00  0.00000E+00  0.00000E+00  0.00000E+00  0.00000E+00  0.00000E+00  0.00000E+00  0.00000E+00  0.00000E+00  0.00000E+00  0.00000E+00  0.00000E+00  0.00000E+00  0.00000E+00
   31274   7  2.79124E+00  2.79124E+00  2.79124E+00  2.79124E+00  2.79124E+00  2.79124E+00  2.79124E+00  2.79124E+00  2.79124E+00  2.79124E+00  2.79124E+00  2.79124E+00  2.79124E+00  2.79124E+00  2.79124E+00  2.79124E+00  2.79124E+00  2.79124E+00  2.79124E+00  2.79124E+00  2.79124E+00  2.79124E+00  2.79124E+00  2.79124E+00
   35839   3  0.00000E+00  0.00000E+00  0.00000E+00  0.00000E+00  0.00000E+00  0.00000E+00  0.00000E+00  0.00000E+00  0.00000E+00  0.00000E+00  0.00000E+00  0.00000E+00  0.00000E+00  0.00000E+00  0.00000E+00  0.00000E+00  0.00000E+00  0.00000E+00  0.00000E+00  0.00000E+00  0.00000E+00  0.00000E+00  0.00000E+00  0.00000E+00
   37257   7  2.30182E+00  2.30182E+00  2.30182E+00  2.30182E+00  2.30182E+00  2.30182E+00  2.30182E+00  2.30182E+00  2.30182E+00  2.30182E+00  2.30182E+00  2.30182E+00  2.30182E+00  2.30182E+00  2.30182E+00  2.30182E+00  2.30182E+00  2.30182E+00  2.30182E+00  2.30182E+00  2.30182E+00  2.30182E+00  2.30182E+00  2.30182E+00
   31605   4  1.45097E+01  1.45097E+01  1.45097E+01  1.45097E+01  1.45097E+01  1.45097E+01  1.45097E+01  1.45097E+01  1.45097E+01  1.45097E+01  1.45097E+01  1.45097E+01  1.45097E+01  1.81899E+01  1.81899E+01  1.81899E+01  1.81899E+01  1.81899E+01  1.81899E+01  1.81899E+01  1.81899E+01  1.45097E+01  1.45097E+01  1.45097E+01
   31252   3  3.92279E-01  3.92279E-01  3.92279E-01  3.92279E-01  3.92279E-01  3.92279E-01  3.92279E-01  3.92279E-01  3.92279E-01  3.92279E-01  3.92279E-01  3.92279E-01  3.92279E-01  3.92279E-01  3.92279E-01  3.92279E-01  3.92279E-01  3.92279E-01  3.92279E-01  3.92279E-01  3.92279E-01  3.92279E-01  3.92279E-01  3.92279E-01
   31958   4  3.27332E-02  3.27332E-02  3.27332E-02  3.27332E-02  3.27332E-02  3.27332E-02  3.27332E-02  3.27332E-02  3.27332E-02  3.27332E-02  3.27332E-02  3.27332E-02  3.27332E-02  6.98895E-02  6.98895E-02  6.98895E-02  6.98895E-02  6.98895E-02  6.98895E-02  6.98895E-02  6.98895E-02  3.27332E-02  3.27332E-02  3.27332E-02
   31252   2  6.89408E-02  6.89408E-02  6.89408E-02  6.89408E-02  6.89408E-02  6.89408E-02  6.89408E-02  6.89408E-02  6.89408E-02  6.89408E-02  6.89408E-02  6.89408E-02  6.89408E-02  6.89408E-02  6.89408E-02  6.89408E-02  6.89408E-02  6.89408E-02  6.89408E-02  6.89408E-02  6.89408E-02  6.89408E-02  6.89408E-02  6.89408E-02
   31253   7  1.72946E+01  1.72946E+01  1.72946E+01  1.72946E+01  1.72946E+01  0.00000E+00  0.00000E+00  0.00000E+00  0.00000E+00  0.00000E+00  0.00000E+00  0.00000E+00  1.72946E+01  1.80673E+01  1.80673E+01  1.80673E+01  1.80673E+01  1.80673E+01  1.80673E+01  1.80673E+01  1.80673E+01  1.72946E+01  1.72946E+01  1.72946E+01
   31605   3  3.07196E+00  3.07196E+00  3.07196E+00  3.07196E+00  3.07196E+00  2.13204E+00  2.13204E+00  2.13204E+00  2.13204E+00  2.13204E+00  2.13204E+00  2.13204E+00  2.13204E+00  3.07196E+00  3.07196E+00  3.07196E+00  3.07196E+00  3.07196E+00  3.07196E+00  3.07196E+00  3.07196E+00  3.07196E+00  3.07196E+00  3.07196E+00
   31958   3  1.18030E+01  1.18030E+01  1.18030E+01  1.18030E+01  1.18030E+01  1.18030E+01  1.18030E+01  1.18030E+01  1.18030E+01  1.18030E+01  1.18030E+01  1.18030E+01  1.18030E+01  1.18030E+01  1.18030E+01  1.18030E+01  1.18030E+01  1.18030E+01  1.18030E+01  1.18030E+01  1.18030E+01  1.18030E+01  1.18030E+01  1.18030E+01
   31958   5  0.00000E+00  0.00000E+00  0.00000E+00  0.00000E+00  0.00000E+00  0.00000E+00  0.00000E+00  0.00000E+00  0.00000E+00  0.00000E+00  0.00000E+00  0.00000E+00  0.00000E+00  0.00000E+00  0.00000E+00  0.00000E+00  0.00000E+00  0.00000E+00  0.00000E+00  0.00000E+00  0.00000E+00  0.00000E+00  0.00000E+00  0.00000E+00
   31252   4  2.34894E-01  2.34894E-01  2.34894E-01  2.34894E-01  2.34894E-01  2.34894E-01  2.34894E-01  2.34894E-01  2.34894E-01  2.34894E-01  2.34894E-01  2.34894E-01  2.34894E-01  2.34894E-01  2.34894E-01  2.34894E-01  2.34894E-01  2.34894E-01  2.34894E-01  2.34894E-01  2.34894E-01  2.34894E-01  2.34894E-01  2.34894E-01
   31604   4  3.95359E+00  3.95359E+00  3.95359E+00  3.95359E+00  3.95359E+00  3.95359E+00  3.95359E+00  3.95359E+00  3.95359E+00  3.95359E+00  3.95359E+00  3.95359E+00  3.95359E+00  3.95359E+00  3.95359E+00  3.95359E+00  3.95359E+00  3.95359E+00  3.95359E+00  3.95359E+00  3.95359E+00  3.95359E+00  3.95359E+00  3.95359E+00
   31604   1  1.71303E-01  1.71303E-01  1.71303E-01  1.71303E-01  1.71303E-01  1.71303E-01  1.71303E-01  1.71303E-01  1.71303E-01  1.71303E-01  1.71303E-01  1.71303E-01  1.71303E-01  1.71303E-01  1.71303E-01  1.71303E-01  1.71303E-01  1.71303E-01  1.71303E-01  1.71303E-01  1.71303E-01  1.71303E-01  1.71303E-01  1.71303E-01
   31605   2  2.18002E-01  2.18002E-01  2.18002E-01  2.18002E-01  2.18002E-01  2.18002E-01  2.18002E-01  2.18002E-01  2.18002E-01  2.18002E-01  2.18002E-01  2.18002E-01  2.18002E-01  2.18002E-01  2.18002E-01  2.18002E-01  2.18002E-01  2.18002E-01  2.18002E-01  2.18002E-01  2.18002E-01  2.18002E-01  2.18002E-01  2.18002E-01
   31958   7  4.17845E+01  4.17845E+01  4.17845E+01  4.17845E+01  4.17845E+01  4.17845E+01  4.17845E+01  4.17845E+01  4.17845E+01  4.17845E+01  4.17845E+01  4.17845E+01  4.17845E+01  4.17845E+01  4.17845E+01  4.17845E+01  4.17845E+01  4.17845E+01  4.17845E+01  4.17845E+01  4.17845E+01  4.17845E+01  4.17845E+01  4.17845E+01
   31253   4  2.06075E-01  2.06075E-01  2.06075E-01  2.06075E-01  2.06075E-01  2.06075E-01  2.06075E-01  2.06075E-01  2.06075E-01  2.06075E-01  2.06075E-01  2.06075E-01  2.06075E-01  2.06075E-01  2.06075E-01  2.06075E-01  2.06075E-01  2.06075E-01  2.06075E-01  2.06075E-01  2.06075E-01  2.06075E-01  2.06075E-01  2.06075E-01
   31959   3  7.26773E-04  7.26773E-04  7.26773E-04  7.26773E-04  7.26773E-04  0.00000E+00  0.00000E+00  0.00000E+00  0.00000E+00  0.00000E+00  0.00000E+00  0.00000E+00  0.00000E+00  7.26773E-04  7.26773E-04  7.26773E-04  7.26773E-04  7.26773E-04  7.26773E-04  7.26773E-04  7.26773E-04  7.26773E-04  7.26773E-04  7.26773E-04
   31959   4  4.44463E-02  4.44463E-02  4.44463E-02  4.44463E-02  4.44463E-02  4.44463E-02  4.44463E-02  4.44463E-02  4.44463E-02  4.44463E-02  4.44463E-02  4.44463E-02  4.44463E-02  4.44463E-02  4.44463E-02  4.44463E-02  4.44463E-02  4.44463E-02  4.44463E-02  4.44463E-02  4.44463E-02  4.44463E-02  4.44463E-02  4.44463E-02
   30564   3  0.00000E+00  0.00000E+00  0.00000E+00  0.00000E+00  0.00000E+00  0.00000E+00  0.00000E+00  0.00000E+00  0.00000E+00  0.00000E+00  0.00000E+00  0.00000E+00  0.00000E+00  0.00000E+00  0.00000E+00  0.00000E+00  0.00000E+00  0.00000E+00  0.00000E+00  0.00000E+00  0.00000E+00  0.00000E+00  0.00000E+00  0.00000E+00
   30564   2  0.00000E+00  0.00000E+00  0.00000E+00  0.00000E+00  0.00000E+00  0.00000E+00  0.00000E+00  0.00000E+00  0.00000E+00  0.00000E+00  0.00000E+00  0.00000E+00  0.00000E+00  0.00000E+00  0.00000E+00  0.00000E+00  0.00000E+00  0.00000E+00  0.00000E+00  0.00000E+00  0.00000E+00  0.00000E+00  0.00000E+00  0.00000E+00
   30924   3  2.55991E-01  2.55991E-01  2.55991E-01  2.55991E-01  2.55991E-01  2.55991E-01  2.55991E-01  2.55991E-01  2.55991E-01  2.55991E-01  2.55991E-01  2.55991E-01  2.55991E-01  2.55991E-01  2.55991E-01  2.55991E-01  2.55991E-01  2.55991E-01  2.55991E-01  2.55991E-01  2.55991E-01  2.55991E-01  2.55991E-01  2.55991E-01
   30924   2  1.05733E+00  1.05733E+00  1.05733E+00  1.05733E+00  1.05733E+00  1.05733E+00  1.05733E+00  1.05733E+00  1.05733E+00  1.05733E+00  1.05733E+00  1.05733E+00  1.05733E+00  1.05733E+00  1.05733E+00  1.05733E+00  1.05733E+00  1.05733E+00  1.05733E+00  1.05733E+00  1.05733E+00  1.05733E+00  1.05733E+00  1.05733E+00
   30193   2  2.97392E+01  2.92991E+01  2.76644E+01  2.49608E+01  2.21315E+01  1.87081E+01  1.73223E+01  1.66294E+01  1.63984E+01  1.68604E+01  1.82462E+01  2.04403E+01  2.32696E+01  2.50018E+01  2.63876E+01  2.76002E+01  2.80621E+01  2.85240E+01  2.86973E+01  2.89282E+01  2.88705E+01  2.86973E+01  2.82353E+01  2.75425E+01
   29840   3  0.00000E+00  0.00000E+00  0.00000E+00  0.00000E+00  0.00000E+00  0.00000E+00  0.00000E+00  0.00000E+00  0.00000E+00  0.00000E+00  0.00000E+00  0.00000E+00  0.00000E+00  0.00000E+00  0.00000E+00  0.00000E+00  0.00000E+00  0.00000E+00  0.00000E+00  0.00000E+00  0.00000E+00  0.00000E+00  0.00000E+00  0.00000E+00
   33035   3  0.00000E+00  0.00000E+00  0.00000E+00  0.00000E+00  0.00000E+00  0.00000E+00  0.00000E+00  0.00000E+00  0.00000E+00  0.00000E+00  0.00000E+00  0.00000E+00  0.00000E+00  0.00000E+00  0.00000E+00  0.00000E+00  0.00000E+00  0.00000E+00  0.00000E+00  0.00000E+00  0.00000E+00  0.00000E+00  0.00000E+00  0.00000E+00
   33035   2  0.00000E+00  0.00000E+00  0.00000E+00  0.00000E+00  0.00000E+00  0.00000E+00  0.00000E+00  0.00000E+00  0.00000E+00  0.00000E+00  0.00000E+00  0.00000E+00  0.00000E+00  0.00000E+00  0.00000E+00  0.00000E+00  0.00000E+00  0.00000E+00  0.00000E+00  0.00000E+00  0.00000E+00  0.00000E+00  0.00000E+00  0.00000E+00
   47753   3  1.34211E-02  1.34211E-02  1.34211E-02  1.34211E-02  1.34211E-02  1.34211E-02  1.34211E-02  1.34211E-02  1.34211E-02  1.34211E-02  1.34211E-02  1.34211E-02  1.34211E-02  1.34211E-02  1.34211E-02  1.34211E-02  1.34211E-02  1.34211E-02  1.34211E-02  1.34211E-02  1.34211E-02  1.34211E-02  1.34211E-02  1.34211E-02
   47753   4  1.08160E-01  1.08160E-01  1.08160E-01  1.08160E-01  1.08160E-01  1.08160E-01  1.08160E-01  1.08160E-01  1.08160E-01  1.08160E-01  1.08160E-01  1.08160E-01  1.08160E-01  1.08160E-01  1.08160E-01  1.08160E-01  1.08160E-01  1.08160E-01  1.08160E-01  1.08160E-01  1.08160E-01  1.08160E-01  1.08160E-01  1.08160E-01
   48458   4  9.85809E-02  9.85809E-02  9.85809E-02  9.85809E-02  9.85809E-02  9.85809E-02  9.85809E-02  9.85809E-02  9.85809E-02  9.85809E-02  9.85809E-02  9.85809E-02  9.85809E-02  9.85809E-02  9.85809E-02  9.85809E-02  9.85809E-02  9.85809E-02  9.85809E-02  9.85809E-02  9.85809E-02  9.85809E-02  9.85809E-02  9.85809E-02
   48458   2  1.78988E+00  1.76339E+00  1.66500E+00  1.50229E+00  1.33200E+00  1.12596E+00  1.04256E+00  1.00085E+00  9.86954E-01  1.01476E+00  1.09816E+00  1.23022E+00  1.40050E+00  1.50476E+00  1.58816E+00  1.66114E+00  1.68894E+00  1.71674E+00  1.72717E+00  1.74107E+00  1.73760E+00  1.72717E+00  1.69937E+00  1.65767E+00
   48458   3  0.00000E+00  0.00000E+00  0.00000E+00  0.00000E+00  0.00000E+00  0.00000E+00  0.00000E+00  0.00000E+00  0.00000E+00  0.00000E+00  0.00000E+00  0.00000E+00  0.00000E+00  0.00000E+00  0.00000E+00  0.00000E+00  0.00000E+00  0.00000E+00  0.00000E+00  0.00000E+00  0.00000E+00  0.00000E+00  0.00000E+00  0.00000E+00
   47047   7  1.12975E+00  1.12975E+00  1.12975E+00  1.12975E+00  1.12975E+00  1.12975E+00  1.12975E+00  1.12975E+00  1.12975E+00  1.12975E+00  1.12975E+00  1.12975E+00  1.12975E+00  1.12975E+00  1.12975E+00  1.12975E+00  1.12975E+00  1.12975E+00  1.12975E+00  1.12975E+00  1.12975E+00  1.12975E+00  1.12975E+00  1.12975E+00
   47753   7  3.77821E+01  3.77821E+01  3.77821E+01  3.77821E+01  3.77821E+01  3.77821E+01  3.77821E+01  3.77821E+01  3.77821E+01  3.77821E+01  3.77821E+01  3.77821E+01  3.77821E+01  3.77821E+01  3.77821E+01  3.77821E+01  3.77821E+01  3.77821E+01  3.77821E+01  3.77821E+01  3.77821E+01  3.77821E+01  3.77821E+01  3.77821E+01
   43182   3  5.06586E-03  5.06586E-03  5.06586E-03  5.06586E-03  5.06586E-03  5.06586E-03  5.06586E-03  5.06586E-03  5.06586E-03  5.06586E-03  5.06586E-03  5.06586E-03  5.06586E-03  1.03326E-02  1.03326E-02  1.03326E-02  1.03326E-02  1.03326E-02  1.03326E-02  1.03326E-02  1.03326E-02  5.06586E-03  5.06586E-03  5.06586E-03
   43182   4  3.94106E-01  3.94106E-01  3.94106E-01  3.94106E-01  3.94106E-01  3.94106E-01  3.94106E-01  3.94106E-01  3.94106E-01  3.94106E-01  3.94106E-01  3.94106E-01  3.94106E-01  3.94106E-01  3.94106E-01  3.94106E-01  3.94106E-01  3.94106E-01  3.94106E-01  3.94106E-01  3.94106E-01  3.94106E-01  3.94106E-01  3.94106E-01
   43182   8  0.00000E+00  0.00000E+00  0.00000E+00  0.00000E+00  0.00000E+00  0.00000E+00  0.00000E+00  0.00000E+00  0.00000E+00  0.00000E+00  0.00000E+00  0.00000E+00  0.00000E+00  0.00000E+00  0.00000E+00  0.00000E+00  0.00000E+00  0.00000E+00  0.00000E+00  0.00000E+00  0.00000E+00  0.00000E+00  0.00000E+00  0.00000E+00
   42477   3  0.00000E+00  0.00000E+00  0.00000E+00  0.00000E+00  0.00000E+00  0.00000E+00  0.00000E+00  0.00000E+00  0.00000E+00  0.00000E+00  0.00000E+00  0.00000E+00  0.00000E+00  0.00000E+00  0.00000E+00  0.00000E+00  0.00000E+00  0.00000E+00  0.00000E+00  0.00000E+00  0.00000E+00  0.00000E+00  0.00000E+00  0.00000E+00
   42477   2  0.00000E+00  0.00000E+00  0.00000E+00  0.00000E+00  0.00000E+00  0.00000E+00  0.00000E+00  0.00000E+00  0.00000E+00  0.00000E+00  0.00000E+00  0.00000E+00  0.00000E+00  0.00000E+00  0.00000E+00  0.00000E+00  0.00000E+00  0.00000E+00  0.00000E+00  0.00000E+00  0.00000E+00  0.00000E+00  0.00000E+00  0.00000E+00
   43182   7  3.41510E+01  3.41510E+01  3.41510E+01  3.41510E+01  3.41510E+01  3.41510E+01  3.41510E+01  3.41510E+01  3.41510E+01  3.41510E+01  3.41510E+01  3.41510E+01  3.41510E+01  3.41510E+01  3.41510E+01  3.41510E+01  3.41510E+01  3.41510E+01  3.41510E+01  3.41510E+01  3.41510E+01  3.41510E+01  3.41510E+01  3.41510E+01
   50582   3  3.57629E-01  3.57629E-01  3.57629E-01  3.57629E-01  3.57629E-01  3.57629E-01  3.57629E-01  3.57629E-01  3.57629E-01  3.57629E-01  3.57629E-01  3.57629E-01  3.57629E-01  3.57629E-01  3.57629E-01  3.57629E-01  3.57629E-01  3.57629E-01  3.57629E-01  3.57629E-01  3.57629E-01  3.57629E-01  3.57629E-01  3.57629E-01
   46700   3  6.05768E-03  6.05768E-03  6.05768E-03  6.05768E-03  6.05768E-03  6.05768E-03  6.05768E-03  6.05768E-03  6.05768E-03  6.05768E-03  6.05768E-03  6.05768E-03  6.05768E-03  6.05768E-03  6.05768E-03  6.05768E-03  6.05768E-03  6.05768E-03  6.05768E-03  6.05768E-03  6.05768E-03  6.05768E-03  6.05768E-03  6.05768E-03
   36485   4  4.06157E-01  4.06157E-01  4.06157E-01  4.06157E-01  4.06157E-01  4.06157E-01  4.06157E-01  4.06157E-01  4.06157E-01  4.06157E-01  4.06157E-01  4.06157E-01  4.06157E-01  4.06157E-01  4.06157E-01  4.06157E-01  4.06157E-01  4.06157E-01  4.06157E-01  4.06157E-01  4.06157E-01  4.06157E-01  4.06157E-01  4.06157E-01
   36485   6  4.06157E-01  4.06157E-01  4.06157E-01  4.06157E-01  4.06157E-01  4.06157E-01  4.06157E-01  4.06157E-01  4.06157E-01  4.06157E-01  4.06157E-01  4.06157E-01  4.06157E-01  4.06157E-01  4.06157E-01  4.06157E-01  4.06157E-01  4.06157E-01  4.06157E-01  4.06157E-01  4.06157E-01  4.06157E-01  4.06157E-01  4.06157E-01
   36485   5  0.00000E+00  0.00000E+00  0.00000E+00  0.00000E+00  0.00000E+00  0.00000E+00  0.00000E+00  0.00000E+00  0.00000E+00  0.00000E+00  0.00000E+00  0.00000E+00  0.00000E+00  0.00000E+00  0.00000E+00  0.00000E+00  0.00000E+00  0.00000E+00  0.00000E+00  0.00000E+00  0.00000E+00  0.00000E+00  0.00000E+00  0.00000E+00
   36485   3  0.00000E+00  0.00000E+00  0.00000E+00  0.00000E+00  0.00000E+00  0.00000E+00  0.00000E+00  0.00000E+00  0.00000E+00  0.00000E+00  0.00000E+00  0.00000E+00  0.00000E+00  0.00000E+00  0.00000E+00  0.00000E+00  0.00000E+00  0.00000E+00  0.00000E+00  0.00000E+00  0.00000E+00  0.00000E+00  0.00000E+00  0.00000E+00
   36485   2  0.00000E+00  0.00000E+00  0.00000E+00  0.00000E+00  0.00000E+00  0.00000E+00  0.00000E+00  0.00000E+00  0.00000E+00  0.00000E+00  0.00000E+00  0.00000E+00  0.00000E+00  0.00000E+00  0.00000E+00  0.00000E+00  0.00000E+00  0.00000E+00  0.00000E+00  0.00000E+00  0.00000E+00  0.00000E+00  0.00000E+00  0.00000E+00
   37192   2  3.50008E+00  3.44828E+00  3.25588E+00  2.93770E+00  2.60471E+00  2.20180E+00  2.03870E+00  1.95716E+00  1.92997E+00  1.98434E+00  2.14743E+00  2.40567E+00  2.73866E+00  2.94253E+00  3.10562E+00  3.24833E+00  3.30270E+00  3.35706E+00  3.37745E+00  3.40463E+00  3.39784E+00  3.37745E+00  3.32309E+00  3.24154E+00
   36485   7  5.25404E+01  5.25404E+01  5.25404E+01  5.25404E+01  5.25404E+01  5.25404E+01  5.25404E+01  5.25404E+01  5.25404E+01  5.25404E+01  5.25404E+01  5.25404E+01  5.25404E+01  5.25404E+01  5.25404E+01  5.25404E+01  5.25404E+01  5.25404E+01  5.25404E+01  5.25404E+01  5.25404E+01  5.25404E+01  5.25404E+01  5.25404E+01
   35437   3  0.00000E+00  0.00000E+00  0.00000E+00  0.00000E+00  0.00000E+00  0.00000E+00  0.00000E+00  0.00000E+00  0.00000E+00  0.00000E+00  0.00000E+00  0.00000E+00  0.00000E+00  0.00000E+00  0.00000E+00  0.00000E+00  0.00000E+00  0.00000E+00  0.00000E+00  0.00000E+00  0.00000E+00  0.00000E+00  0.00000E+00  0.00000E+00
   46351   7  2.28713E+01  2.28713E+01  2.28713E+01  2.28713E+01  2.28713E+01  2.28713E+01  2.28713E+01  2.28713E+01  2.28713E+01  2.28713E+01  2.28713E+01  2.28713E+01  2.28713E+01  2.28713E+01  2.28713E+01  2.28713E+01  2.28713E+01  2.28713E+01  2.28713E+01  2.28713E+01  2.28713E+01  2.28713E+01  2.28713E+01  2.28713E+01
   39310   3  2.55606E-04  2.55606E-04  2.55606E-04  2.55606E-04  2.55606E-04  2.55606E-04  2.55606E-04  2.55606E-04  2.55606E-04  2.55606E-04  2.55606E-04  2.55606E-04  2.55606E-04  2.55606E-04  2.55606E-04  2.55606E-04  2.55606E-04  2.55606E-04  2.55606E-04  2.55606E-04  2.55606E-04  2.55606E-04  2.55606E-04  2.55606E-04
   43177   3  0.00000E+00  0.00000E+00  0.00000E+00  0.00000E+00  0.00000E+00  0.00000E+00  0.00000E+00  0.00000E+00  0.00000E+00  0.00000E+00  0.00000E+00  0.00000E+00  0.00000E+00  0.00000E+00  0.00000E+00  0.00000E+00  0.00000E+00  0.00000E+00  0.00000E+00  0.00000E+00  0.00000E+00  0.00000E+00  0.00000E+00  0.00000E+00
   43177   2  0.00000E+00  0.00000E+00  0.00000E+00  0.00000E+00  0.00000E+00  0.00000E+00  0.00000E+00  0.00000E+00  0.00000E+00  0.00000E+00  0.00000E+00  0.00000E+00  0.00000E+00  0.00000E+00  0.00000E+00  0.00000E+00  0.00000E+00  0.00000E+00  0.00000E+00  0.00000E+00  0.00000E+00  0.00000E+00  0.00000E+00  0.00000E+00
   15453   3  2.68315E+02  2.68315E+02  2.68315E+02  2.68315E+02  2.68315E+02  2.68315E+02  2.68315E+02  2.68315E+02  2.68315E+02  2.68315E+02  2.68315E+02  2.68315E+02  2.68315E+02  2.68315E+02  2.68315E+02  2.68315E+02  2.68315E+02  2.68315E+02  2.68315E+02  2.68315E+02  2.68315E+02  2.68315E+02  2.68315E+02  2.68315E+02
   15453   2  0.00000E+00  0.00000E+00  0.00000E+00  0.00000E+00  0.00000E+00  0.00000E+00  0.00000E+00  0.00000E+00  0.00000E+00  0.00000E+00  0.00000E+00  0.00000E+00  0.00000E+00  0.00000E+00  0.00000E+00  0.00000E+00  0.00000E+00  0.00000E+00  0.00000E+00  0.00000E+00  0.00000E+00  0.00000E+00  0.00000E+00  0.00000E+00
   15098   3  1.61887E-02  1.61887E-02  1.61887E-02  1.61887E-02  1.61887E-02  1.61887E-02  1.61887E-02  1.61887E-02  1.61887E-02  1.61887E-02  1.61887E-02  1.61887E-02  1.61887E-02  1.61887E-02  1.61887E-02  1.61887E-02  1.61887E-02  1.61887E-02  1.61887E-02  1.61887E-02  1.61887E-02  1.61887E-02  1.61887E-02  1.61887E-02
   15450   3  1.29355E-01  1.29355E-01  1.29355E-01  1.29355E-01  1.29355E-01  1.29355E-01  1.29355E-01  1.29355E-01  1.29355E-01  1.29355E-01  1.29355E-01  1.29355E-01  1.29355E-01  1.29355E-01  1.29355E-01  1.29355E-01  1.29355E-01  1.29355E-01  1.29355E-01  1.29355E-01  1.29355E-01  1.29355E-01  1.29355E-01  1.29355E-01
   15808   3  5.80557E+01  5.80557E+01  5.80557E+01  5.80557E+01  5.80557E+01  5.80557E+01  5.80557E+01  5.80557E+01  5.80557E+01  5.80557E+01  5.80557E+01  5.80557E+01  5.80557E+01  5.80557E+01  5.80557E+01  5.80557E+01  5.80557E+01  5.80557E+01  5.80557E+01  5.80557E+01  5.80557E+01  5.80557E+01  5.80557E+01  5.80557E+01
   16524   3  4.68003E-01  4.68003E-01  4.68003E-01  4.68003E-01  4.68003E-01  4.68003E-01  4.68003E-01  4.68003E-01  4.68003E-01  4.68003E-01  4.68003E-01  4.68003E-01  4.68003E-01  4.68003E-01  4.68003E-01  4.68003E-01  4.68003E-01  4.68003E-01  4.68003E-01  4.68003E-01  4.68003E-01  4.68003E-01  4.68003E-01  4.68003E-01
   14756   5  0.00000E+00  0.00000E+00  0.00000E+00  0.00000E+00  0.00000E+00  0.00000E+00  0.00000E+00  0.00000E+00  0.00000E+00  0.00000E+00  0.00000E+00  0.00000E+00  0.00000E+00  0.00000E+00  0.00000E+00  0.00000E+00  0.00000E+00  0.00000E+00  0.00000E+00  0.00000E+00  0.00000E+00  0.00000E+00  0.00000E+00  0.00000E+00
   14756   4  3.76046E-03  3.76046E-03  3.76046E-03  3.76046E-03  3.76046E-03  3.76046E-03  3.76046E-03  3.76046E-03  3.76046E-03  3.76046E-03  3.76046E-03  3.76046E-03  3.76046E-03  3.76046E-03  3.76046E-03  3.76046E-03  3.76046E-03  3.76046E-03  3.76046E-03  3.76046E-03  3.76046E-03  3.76046E-03  3.76046E-03  3.76046E-03
   14756   3  5.25658E+01  5.25658E+01  5.25658E+01  5.25658E+01  5.25658E+01  5.25658E+01  5.25658E+01  5.25658E+01  5.25658E+01  5.25658E+01  5.25658E+01  5.25658E+01  5.25658E+01  5.25658E+01  5.25658E+01  5.25658E+01  5.25658E+01  5.25658E+01  5.25658E+01  5.25658E+01  5.25658E+01  5.25658E+01  5.25658E+01  5.25658E+01
   14756   1  0.00000E+00  0.00000E+00  0.00000E+00  0.00000E+00  0.00000E+00  0.00000E+00  0.00000E+00  0.00000E+00  0.00000E+00  0.00000E+00  0.00000E+00  0.00000E+00  0.00000E+00  0.00000E+00  0.00000E+00  0.00000E+00  0.00000E+00  0.00000E+00  0.00000E+00  0.00000E+00  0.00000E+00  0.00000E+00  0.00000E+00  0.00000E+00
   14756   2  5.59431E+01  5.59431E+01  5.59431E+01  5.59431E+01  5.59431E+01  5.59431E+01  5.59431E+01  5.59431E+01  5.59431E+01  5.59431E+01  5.59431E+01  5.59431E+01  5.59431E+01  5.59431E+01  5.59431E+01  5.59431E+01  5.59431E+01  5.59431E+01  5.59431E+01  5.59431E+01  5.59431E+01  5.59431E+01  5.59431E+01  5.59431E+01
   14756   7  1.57918E+02  1.57918E+02  1.57918E+02  1.57918E+02  1.57918E+02  1.57918E+02  1.57918E+02  1.57918E+02  1.57918E+02  1.57918E+02  1.57918E+02  1.57918E+02  1.57918E+02  1.57918E+02  1.57918E+02  1.57918E+02  1.57918E+02  1.57918E+02  1.57918E+02  1.57918E+02  1.57918E+02  1.57918E+02  1.57918E+02  1.57918E+02
   15810   3  5.11186E-01  5.11186E-01  5.11186E-01  5.11186E-01  5.11186E-01  5.11186E-01  5.11186E-01  5.11186E-01  5.11186E-01  5.11186E-01  5.11186E-01  5.11186E-01  5.11186E-01  5.11186E-01  5.11186E-01  5.11186E-01  5.11186E-01  5.11186E-01  5.11186E-01  5.11186E-01  5.11186E-01  5.11186E-01  5.11186E-01  5.11186E-01
   16516   3  1.35896E-01  1.35896E-01  1.35896E-01  1.35896E-01  1.35896E-01  1.35896E-01  1.35896E-01  1.35896E-01  1.35896E-01  1.35896E-01  1.35896E-01  1.35896E-01  1.35896E-01  1.35896E-01  1.35896E-01  1.35896E-01  1.35896E-01  1.35896E-01  1.35896E-01  1.35896E-01  1.35896E-01  1.35896E-01  1.35896E-01  1.35896E-01
   16161   3  4.90057E-02  4.90057E-02  4.90057E-02  4.90057E-02  4.90057E-02  4.90057E-02  4.90057E-02  4.90057E-02  4.90057E-02  4.90057E-02  4.90057E-02  4.90057E-02  4.90057E-02  4.90057E-02  4.90057E-02  4.90057E-02  4.90057E-02  4.90057E-02  4.90057E-02  4.90057E-02  4.90057E-02  4.90057E-02  4.90057E-02  4.90057E-02
   16162   3  1.03709E+02  1.03709E+02  1.03709E+02  1.03709E+02  1.03709E+02  1.03709E+02  1.03709E+02  1.03709E+02  1.03709E+02  1.03709E+02  1.03709E+02  1.03709E+02  1.03709E+02  1.03709E+02  1.03709E+02  1.03709E+02  1.03709E+02  1.03709E+02  1.03709E+02  1.03709E+02  1.03709E+02  1.03709E+02  1.03709E+02  1.03709E+02
   15105   3  3.23966E+02  3.23966E+02  3.23966E+02  3.23966E+02  3.23966E+02  3.23966E+02  3.23966E+02  3.23966E+02  3.23966E+02  3.23966E+02  3.23966E+02  3.23966E+02  3.23966E+02  3.23966E+02  3.23966E+02  3.23966E+02  3.23966E+02  3.23966E+02  3.23966E+02  3.23966E+02  3.23966E+02  3.23966E+02  3.23966E+02  3.23966E+02
   15104   3  1.07647E+00  1.07647E+00  1.07647E+00  1.07647E+00  1.07647E+00  1.07647E+00  1.07647E+00  1.07647E+00  1.07647E+00  1.07647E+00  1.07647E+00  1.07647E+00  1.07647E+00  1.07647E+00  1.07647E+00  1.07647E+00  1.07647E+00  1.07647E+00  1.07647E+00  1.07647E+00  1.07647E+00  1.07647E+00  1.07647E+00  1.07647E+00
   13688   3  1.60112E+02  1.60112E+02  1.60112E+02  1.60112E+02  1.60112E+02  1.60112E+02  1.60112E+02  1.60112E+02  1.60112E+02  1.60112E+02  1.60112E+02  1.60112E+02  1.60112E+02  1.60112E+02  1.60112E+02  1.60112E+02  1.60112E+02  1.60112E+02  1.60112E+02  1.60112E+02  1.60112E+02  1.60112E+02  1.60112E+02  1.60112E+02
   13688   4  9.69260E+00  9.69260E+00  9.69260E+00  9.69260E+00  9.69260E+00  9.69260E+00  9.69260E+00  9.69260E+00  9.69260E+00  9.69260E+00  9.69260E+00  9.69260E+00  9.69260E+00  9.69260E+00  9.69260E+00  9.69260E+00  9.69260E+00  9.69260E+00  9.69260E+00  9.69260E+00  9.69260E+00  9.69260E+00  9.69260E+00  9.69260E+00
   14743   3  1.22499E-02  1.22499E-02  1.22499E-02  1.22499E-02  1.22499E-02  1.22499E-02  1.22499E-02  1.22499E-02  1.22499E-02  1.22499E-02  1.22499E-02  1.22499E-02  1.22499E-02  1.22499E-02  1.22499E-02  1.22499E-02  1.22499E-02  1.22499E-02  1.22499E-02  1.22499E-02  1.22499E-02  1.22499E-02  1.22499E-02  1.22499E-02
   15813   3  2.41862E+01  2.41862E+01  2.41862E+01  2.41862E+01  2.41862E+01  2.41862E+01  2.41862E+01  2.41862E+01  2.41862E+01  2.41862E+01  2.41862E+01  2.41862E+01  2.41862E+01  2.41862E+01  2.41862E+01  2.41862E+01  2.41862E+01  2.41862E+01  2.41862E+01  2.41862E+01  2.41862E+01  2.41862E+01  2.41862E+01  2.41862E+01
   14408   4  2.65679E-02  2.65679E-02  2.65679E-02  2.65679E-02  2.65679E-02  2.65679E-02  2.65679E-02  2.65679E-02  2.65679E-02  2.65679E-02  2.65679E-02  2.65679E-02  2.65679E-02  2.65679E-02  2.65679E-02  2.65679E-02  2.65679E-02  2.65679E-02  2.65679E-02  2.65679E-02  2.65679E-02  2.65679E-02  2.65679E-02  2.65679E-02
   14053   3  1.87664E-02  1.87664E-02  1.87664E-02  1.87664E-02  1.87664E-02  1.87664E-02  1.87664E-02  1.87664E-02  1.87664E-02  1.87664E-02  1.87664E-02  1.87664E-02  1.87664E-02  1.87664E-02  1.87664E-02  1.87664E-02  1.87664E-02  1.87664E-02  1.87664E-02  1.87664E-02  1.87664E-02  1.87664E-02  1.87664E-02  1.87664E-02
   14408   3  1.98152E-01  1.98152E-01  1.98152E-01  1.98152E-01  1.98152E-01  1.98152E-01  1.98152E-01  1.98152E-01  1.98152E-01  1.98152E-01  1.98152E-01  1.98152E-01  1.98152E-01  1.98152E-01  1.98152E-01  1.98152E-01  1.98152E-01  1.98152E-01  1.98152E-01  1.98152E-01  1.98152E-01  1.98152E-01  1.98152E-01  1.98152E-01
   15469   3  6.44110E-01  6.44110E-01  6.44110E-01  6.44110E-01  6.44110E-01  6.44110E-01  6.44110E-01  6.44110E-01  6.44110E-01  6.44110E-01  6.44110E-01  6.44110E-01  6.44110E-01  6.44110E-01  6.44110E-01  6.44110E-01  6.44110E-01  6.44110E-01  6.44110E-01  6.44110E-01  6.44110E-01  6.44110E-01  6.44110E-01  6.44110E-01
   14761   3  0.00000E+00  0.00000E+00  0.00000E+00  0.00000E+00  0.00000E+00  0.00000E+00  0.00000E+00  0.00000E+00  0.00000E+00  0.00000E+00  0.00000E+00  0.00000E+00  0.00000E+00  0.00000E+00  0.00000E+00  0.00000E+00  0.00000E+00  0.00000E+00  0.00000E+00  0.00000E+00  0.00000E+00  0.00000E+00  0.00000E+00  0.00000E+00
   14763   2  2.76937E+00  2.76937E+00  2.76937E+00  2.76937E+00  2.76937E+00  2.76937E+00  2.76937E+00  2.76937E+00  2.76937E+00  2.76937E+00  2.76937E+00  2.76937E+00  2.76937E+00  2.76937E+00  2.76937E+00  2.76937E+00  2.76937E+00  2.76937E+00  2.76937E+00  2.76937E+00  2.76937E+00  2.76937E+00  2.76937E+00  2.76937E+00
   14763   3  8.45451E+00  8.45451E+00  8.45451E+00  8.45451E+00  8.45451E+00  8.45451E+00  8.45451E+00  8.45451E+00  8.45451E+00  8.45451E+00  8.45451E+00  8.45451E+00  8.45451E+00  8.45451E+00  8.45451E+00  8.45451E+00  8.45451E+00  8.45451E+00  8.45451E+00  8.45451E+00  8.45451E+00  8.45451E+00  8.45451E+00  8.45451E+00
   12640   3  0.00000E+00  0.00000E+00  0.00000E+00  0.00000E+00  0.00000E+00  0.00000E+00  0.00000E+00  0.00000E+00  0.00000E+00  0.00000E+00  0.00000E+00  0.00000E+00  0.00000E+00  0.00000E+00  0.00000E+00  0.00000E+00  0.00000E+00  0.00000E+00  0.00000E+00  0.00000E+00  0.00000E+00  0.00000E+00  0.00000E+00  0.00000E+00
   12657   2  0.00000E+00  0.00000E+00  0.00000E+00  0.00000E+00  0.00000E+00  0.00000E+00  0.00000E+00  0.00000E+00  0.00000E+00  0.00000E+00  0.00000E+00  0.00000E+00  0.00000E+00  0.00000E+00  0.00000E+00  0.00000E+00  0.00000E+00  0.00000E+00  0.00000E+00  0.00000E+00  0.00000E+00  0.00000E+00  0.00000E+00  0.00000E+00
   19635   3  0.00000E+00  0.00000E+00  0.00000E+00  0.00000E+00  0.00000E+00  0.00000E+00  0.00000E+00  0.00000E+00  0.00000E+00  0.00000E+00  0.00000E+00  0.00000E+00  0.00000E+00  0.00000E+00  0.00000E+00  0.00000E+00  0.00000E+00  0.00000E+00  0.00000E+00  0.00000E+00  0.00000E+00  0.00000E+00  0.00000E+00  0.00000E+00
   19635   4  9.25661E-03  9.25661E-03  9.25661E-03  9.25661E-03  9.25661E-03  9.25661E-03  9.25661E-03  9.25661E-03  9.25661E-03  9.25661E-03  9.25661E-03  9.25661E-03  9.25661E-03  9.25661E-03  9.25661E-03  9.25661E-03  9.25661E-03  9.25661E-03  9.25661E-03  9.25661E-03  9.25661E-03  9.25661E-03  9.25661E-03  9.25661E-03
   20341   3  3.54917E-02  3.54917E-02  3.54917E-02  3.54917E-02  3.54917E-02  3.54917E-02  3.54917E-02  3.54917E-02  3.54917E-02  3.54917E-02  3.54917E-02  3.54917E-02  3.54917E-02  3.54917E-02  3.54917E-02  3.54917E-02  3.54917E-02  3.54917E-02  3.54917E-02  3.54917E-02  3.54917E-02  3.54917E-02  3.54917E-02  3.54917E-02
   20337   3  0.00000E+00  0.00000E+00  0.00000E+00  0.00000E+00  0.00000E+00  0.00000E+00  0.00000E+00  0.00000E+00  0.00000E+00  0.00000E+00  0.00000E+00  0.00000E+00  0.00000E+00  0.00000E+00  0.00000E+00  0.00000E+00  0.00000E+00  0.00000E+00  0.00000E+00  0.00000E+00  0.00000E+00  0.00000E+00  0.00000E+00  0.00000E+00
   20337   4  2.53127E-03  2.53127E-03  2.53127E-03  2.53127E-03  2.53127E-03  2.53127E-03  2.53127E-03  2.53127E-03  2.53127E-03  2.53127E-03  2.53127E-03  2.53127E-03  2.53127E-03  2.53127E-03  2.53127E-03  2.53127E-03  2.53127E-03  2.53127E-03  2.53127E-03  2.53127E-03  2.53127E-03  2.53127E-03  2.53127E-03  2.53127E-03
   19641   4  8.40101E-03  8.40101E-03  8.40101E-03  8.40101E-03  8.40101E-03  8.40101E-03  8.40101E-03  8.40101E-03  8.40101E-03  8.40101E-03  8.40101E-03  8.40101E-03  8.40101E-03  8.40101E-03  8.40101E-03  8.40101E-03  8.40101E-03  8.40101E-03  8.40101E-03  8.40101E-03  8.40101E-03  8.40101E-03  8.40101E-03  8.40101E-03
   19283   4  1.22248E-02  1.22248E-02  1.22248E-02  1.22248E-02  1.22248E-02  1.22248E-02  1.22248E-02  1.22248E-02  1.22248E-02  1.22248E-02  1.22248E-02  1.22248E-02  1.22248E-02  1.22248E-02  1.22248E-02  1.22248E-02  1.22248E-02  1.22248E-02  1.22248E-02  1.22248E-02  1.22248E-02  1.22248E-02  1.22248E-02  1.22248E-02
   19638   5  8.00448E-03  8.00448E-03  8.00448E-03  8.00448E-03  8.00448E-03  8.00448E-03  8.00448E-03  8.00448E-03  8.00448E-03  8.00448E-03  8.00448E-03  8.00448E-03  8.00448E-03  8.00448E-03  8.00448E-03  8.00448E-03  8.00448E-03  8.00448E-03  8.00448E-03  8.00448E-03  8.00448E-03  8.00448E-03  8.00448E-03  8.00448E-03
   19633   3  5.22599E-02  5.22599E-02  5.22599E-02  5.22599E-02  5.22599E-02  5.22599E-02  5.22599E-02  5.22599E-02  5.22599E-02  5.22599E-02  5.22599E-02  5.22599E-02  5.22599E-02  5.22599E-02  5.22599E-02  5.22599E-02  5.22599E-02  5.22599E-02  5.22599E-02  5.22599E-02  5.22599E-02  5.22599E-02  5.22599E-02  5.22599E-02
   19633   7  3.10127E+01  3.10127E+01  3.10127E+01  3.10127E+01  3.10127E+01  0.00000E+00  0.00000E+00  0.00000E+00  0.00000E+00  0.00000E+00  0.00000E+00  0.00000E+00  3.10127E+01  3.10127E+01  3.10127E+01  3.10127E+01  3.10127E+01  3.10127E+01  3.10127E+01  3.10127E+01  3.10127E+01  3.10127E+01  3.10127E+01  3.10127E+01
   19633   4  5.72558E-03  5.72558E-03  5.72558E-03  5.72558E-03  5.72558E-03  5.72558E-03  5.72558E-03  5.72558E-03  5.72558E-03  5.72558E-03  5.72558E-03  5.72558E-03  5.72558E-03  5.72558E-03  5.72558E-03  5.72558E-03  5.72558E-03  5.72558E-03  5.72558E-03  5.72558E-03  5.72558E-03  5.72558E-03  5.72558E-03  5.72558E-03
   18930   3  1.05621E-01  1.05621E-01  1.05621E-01  1.05621E-01  1.05621E-01  1.05621E-01  1.05621E-01  1.05621E-01  1.05621E-01  1.05621E-01  1.05621E-01  1.05621E-01  1.05621E-01  1.05621E-01  1.05621E-01  1.05621E-01  1.05621E-01  1.05621E-01  1.05621E-01  1.05621E-01  1.05621E-01  1.05621E-01  1.05621E-01  1.05621E-01
   19636   5  1.12867E-03  1.12867E-03  1.12867E-03  1.12867E-03  1.12867E-03  1.12867E-03  1.12867E-03  1.12867E-03  1.12867E-03  1.12867E-03  1.12867E-03  1.12867E-03  1.12867E-03  1.12867E-03  1.12867E-03  1.12867E-03  1.12867E-03  1.12867E-03  1.12867E-03  1.12867E-03  1.12867E-03  1.12867E-03  1.12867E-03  1.12867E-03
   20343   4  3.71968E-01  3.71968E-01  3.71968E-01  3.71968E-01  3.71968E-01  3.71968E-01  3.71968E-01  3.71968E-01  3.71968E-01  3.71968E-01  3.71968E-01  3.71968E-01  3.71968E-01  3.76160E-01  3.76160E-01  3.76160E-01  3.76160E-01  3.76160E-01  3.76160E-01  3.76160E-01  3.76160E-01  3.71968E-01  3.71968E-01  3.71968E-01
   20343   3  1.64651E-02  1.64651E-02  1.64651E-02  1.64651E-02  1.64651E-02  1.64651E-02  1.64651E-02  1.64651E-02  1.64651E-02  1.64651E-02  1.64651E-02  1.64651E-02  1.64651E-02  1.64651E-02  1.64651E-02  1.64651E-02  1.64651E-02  1.64651E-02  1.64651E-02  1.64651E-02  1.64651E-02  1.64651E-02  1.64651E-02  1.64651E-02
   19282   5  4.26368E-03  4.26368E-03  4.26368E-03  4.26368E-03  4.26368E-03  4.26368E-03  4.26368E-03  4.26368E-03  4.26368E-03  4.26368E-03  4.26368E-03  4.26368E-03  4.26368E-03  4.26368E-03  4.26368E-03  4.26368E-03  4.26368E-03  4.26368E-03  4.26368E-03  4.26368E-03  4.26368E-03  4.26368E-03  4.26368E-03  4.26368E-03
   19282   4  4.11159E-02  4.11159E-02  4.11159E-02  4.11159E-02  4.11159E-02  4.11159E-02  4.11159E-02  4.11159E-02  4.11159E-02  4.11159E-02  4.11159E-02  4.11159E-02  4.11159E-02  4.11159E-02  4.11159E-02  4.11159E-02  4.11159E-02  4.11159E-02  4.11159E-02  4.11159E-02  4.11159E-02  4.11159E-02  4.11159E-02  4.11159E-02
   19282   3  0.00000E+00  0.00000E+00  0.00000E+00  0.00000E+00  0.00000E+00  0.00000E+00  0.00000E+00  0.00000E+00  0.00000E+00  0.00000E+00  0.00000E+00  0.00000E+00  0.00000E+00  0.00000E+00  0.00000E+00  0.00000E+00  0.00000E+00  0.00000E+00  0.00000E+00  0.00000E+00  0.00000E+00  0.00000E+00  0.00000E+00  0.00000E+00
   19990   3  3.57457E-01  3.57457E-01  3.57457E-01  3.57457E-01  3.57457E-01  3.57457E-01  3.57457E-01  3.57457E-01  3.57457E-01  3.57457E-01  3.57457E-01  3.57457E-01  3.57457E-01  3.57457E-01  3.57457E-01  3.57457E-01  3.57457E-01  3.57457E-01  3.57457E-01  3.57457E-01  3.57457E-01  3.57457E-01  3.57457E-01  3.57457E-01
   19990   4  8.61126E-02  8.61126E-02  8.61126E-02  8.61126E-02  8.61126E-02  8.61126E-02  8.61126E-02  8.61126E-02  8.61126E-02  8.61126E-02  8.61126E-02  8.61126E-02  8.61126E-02  8.61126E-02  8.61126E-02  8.61126E-02  8.61126E-02  8.61126E-02  8.61126E-02  8.61126E-02  8.61126E-02  8.61126E-02  8.61126E-02  8.61126E-02
   18929   3  7.91653E-02  7.91653E-02  7.91653E-02  7.91653E-02  7.91653E-02  7.91653E-02  7.91653E-02  7.91653E-02  7.91653E-02  7.91653E-02  7.91653E-02  7.91653E-02  7.91653E-02  9.59796E-02  9.59796E-02  9.59796E-02  9.59796E-02  9.59796E-02  9.59796E-02  9.59796E-02  9.59796E-02  7.91653E-02  7.91653E-02  7.91653E-02
   18929   4  6.72914E+01  6.72914E+01  6.72914E+01  6.72914E+01  6.72914E+01  6.72914E+01  6.72914E+01  6.72914E+01  6.72914E+01  6.72914E+01  6.72914E+01  6.72914E+01  6.72914E+01  6.73146E+01  6.73146E+01  6.73146E+01  6.73146E+01  6.73146E+01  6.73146E+01  6.73146E+01  6.73146E+01  6.72914E+01  6.72914E+01  6.72914E+01
   19281   4  6.02277E-03  6.02277E-03  6.02277E-03  6.02277E-03  6.02277E-03  6.02277E-03  6.02277E-03  6.02277E-03  6.02277E-03  6.02277E-03  6.02277E-03  6.02277E-03  6.02277E-03  6.02277E-03  6.02277E-03  6.02277E-03  6.02277E-03  6.02277E-03  6.02277E-03  6.02277E-03  6.02277E-03  6.02277E-03  6.02277E-03  6.02277E-03
   19637   3  9.96351E-02  9.96351E-02  9.96351E-02  9.96351E-02  9.96351E-02  9.96351E-02  9.96351E-02  9.96351E-02  9.96351E-02  9.96351E-02  9.96351E-02  9.96351E-02  9.96351E-02  9.96351E-02  9.96351E-02  9.96351E-02  9.96351E-02  9.96351E-02  9.96351E-02  9.96351E-02  9.96351E-02  9.96351E-02  9.96351E-02  9.96351E-02
   17533   4  2.90353E-01  2.90353E-01  2.90353E-01  2.90353E-01  2.90353E-01  2.90353E-01  2.90353E-01  2.90353E-01  2.90353E-01  2.90353E-01  2.90353E-01  2.90353E-01  2.90353E-01  2.90353E-01  2.90353E-01  2.90353E-01  2.90353E-01  2.90353E-01  2.90353E-01  2.90353E-01  2.90353E-01  2.90353E-01  2.90353E-01  2.90353E-01
   17533   3  0.00000E+00  0.00000E+00  0.00000E+00  0.00000E+00  0.00000E+00  0.00000E+00  0.00000E+00  0.00000E+00  0.00000E+00  0.00000E+00  0.00000E+00  0.00000E+00  0.00000E+00  3.17308E-02  3.17308E-02  3.17308E-02  3.17308E-02  3.17308E-02  3.17308E-02  3.17308E-02  3.17308E-02  0.00000E+00  0.00000E+00  0.00000E+00
   19657   3  0.00000E+00  0.00000E+00  0.00000E+00  0.00000E+00  0.00000E+00  0.00000E+00  0.00000E+00  0.00000E+00  0.00000E+00  0.00000E+00  0.00000E+00  0.00000E+00  0.00000E+00  0.00000E+00  0.00000E+00  0.00000E+00  0.00000E+00  0.00000E+00  0.00000E+00  0.00000E+00  0.00000E+00  0.00000E+00  0.00000E+00  0.00000E+00
   19657   2  0.00000E+00  0.00000E+00  0.00000E+00  0.00000E+00  0.00000E+00  0.00000E+00  0.00000E+00  0.00000E+00  0.00000E+00  0.00000E+00  0.00000E+00  0.00000E+00  0.00000E+00  0.00000E+00  0.00000E+00  0.00000E+00  0.00000E+00  0.00000E+00  0.00000E+00  0.00000E+00  0.00000E+00  0.00000E+00  0.00000E+00  0.00000E+00
   17887   3  0.00000E+00  0.00000E+00  0.00000E+00  0.00000E+00  0.00000E+00  0.00000E+00  0.00000E+00  0.00000E+00  0.00000E+00  0.00000E+00  0.00000E+00  0.00000E+00  0.00000E+00  0.00000E+00  0.00000E+00  0.00000E+00  0.00000E+00  0.00000E+00  0.00000E+00  0.00000E+00  0.00000E+00  0.00000E+00  0.00000E+00  0.00000E+00
   20356   4  6.71681E-03  6.71681E-03  6.71681E-03  6.71681E-03  6.71681E-03  6.71681E-03  6.71681E-03  6.71681E-03  6.71681E-03  6.71681E-03  6.71681E-03  6.71681E-03  6.71681E-03  1.15747E+00  1.15747E+00  1.15747E+00  1.15747E+00  1.15747E+00  1.15747E+00  1.15747E+00  1.15747E+00  6.71681E-03  6.71681E-03  6.71681E-03
   20356   3  0.00000E+00  0.00000E+00  0.00000E+00  0.00000E+00  0.00000E+00  0.00000E+00  0.00000E+00  0.00000E+00  0.00000E+00  0.00000E+00  0.00000E+00  0.00000E+00  0.00000E+00  0.00000E+00  0.00000E+00  0.00000E+00  0.00000E+00  0.00000E+00  0.00000E+00  0.00000E+00  0.00000E+00  0.00000E+00  0.00000E+00  0.00000E+00
   20356   2  0.00000E+00  0.00000E+00  0.00000E+00  0.00000E+00  0.00000E+00  0.00000E+00  0.00000E+00  0.00000E+00  0.00000E+00  0.00000E+00  0.00000E+00  0.00000E+00  0.00000E+00  0.00000E+00  0.00000E+00  0.00000E+00  0.00000E+00  0.00000E+00  0.00000E+00  0.00000E+00  0.00000E+00  0.00000E+00  0.00000E+00  0.00000E+00
   15091   3  3.79367E+01  3.79367E+01  3.79367E+01  3.79367E+01  3.79367E+01  3.79231E+01  3.79231E+01  3.79231E+01  3.79231E+01  3.79231E+01  3.79231E+01  3.79231E+01  3.79231E+01  3.79951E+01  3.79951E+01  3.79951E+01  3.79951E+01  3.79951E+01  3.79951E+01  3.79951E+01  3.79951E+01  3.79367E+01  3.79367E+01  3.79367E+01
   15091   4  8.06652E+01  8.06652E+01  8.06652E+01  8.06652E+01  8.06652E+01  8.06652E+01  8.06652E+01  8.06652E+01  8.06652E+01  8.06652E+01  8.06652E+01  8.06652E+01  8.06652E+01  8.06652E+01  8.06652E+01  8.06652E+01  8.06652E+01  8.06652E+01  8.06652E+01  8.06652E+01  8.06652E+01  8.06652E+01  8.06652E+01  8.06652E+01
   15091   2  9.39500E+01  9.39500E+01  9.39500E+01  9.39500E+01  9.39500E+01  9.39500E+01  9.39500E+01  9.39500E+01  9.39500E+01  9.39500E+01  9.39500E+01  9.39500E+01  9.39500E+01  9.39500E+01  9.39500E+01  9.39500E+01  9.39500E+01  9.39500E+01  9.39500E+01  9.39500E+01  9.39500E+01  9.39500E+01  9.39500E+01  9.39500E+01
   15092   4  1.15659E-01  1.15659E-01  1.15659E-01  1.15659E-01  1.15659E-01  1.15659E-01  1.15659E-01  1.15659E-01  1.15659E-01  1.15659E-01  1.15659E-01  1.15659E-01  1.15659E-01  1.15659E-01  1.15659E-01  1.15659E-01  1.15659E-01  1.15659E-01  1.15659E-01  1.15659E-01  1.15659E-01  1.15659E-01  1.15659E-01  1.15659E-01
   15091   7  2.30961E+03  2.30961E+03  2.30961E+03  2.30961E+03  2.30961E+03  2.30961E+03  2.30961E+03  2.30961E+03  2.30961E+03  2.30961E+03  2.30961E+03  2.30961E+03  2.30961E+03  2.30961E+03  2.30961E+03  2.30961E+03  2.30961E+03  2.30961E+03  2.30961E+03  2.30961E+03  2.30961E+03  2.30961E+03  2.30961E+03  2.30961E+03
   15092   1  1.70903E+01  1.70903E+01  1.70903E+01  1.70903E+01  1.70903E+01  1.70903E+01  1.70903E+01  1.70903E+01  1.70903E+01  1.70903E+01  1.70903E+01  1.70903E+01  1.70903E+01  1.70903E+01  1.70903E+01  1.70903E+01  1.70903E+01  1.70903E+01  1.70903E+01  1.70903E+01  1.70903E+01  1.70903E+01  1.70903E+01  1.70903E+01
   15092   3  3.14381E+01  3.14381E+01  3.14381E+01  3.14381E+01  3.14381E+01  3.14381E+01  3.14381E+01  3.14381E+01  3.14381E+01  3.14381E+01  3.14381E+01  3.14381E+01  3.14381E+01  3.14381E+01  3.14381E+01  3.14381E+01  3.14381E+01  3.14381E+01  3.14381E+01  3.14381E+01  3.14381E+01  3.14381E+01  3.14381E+01  3.14381E+01
   15092   2  9.77516E+01  9.77516E+01  9.77516E+01  9.77516E+01  9.77516E+01  9.77516E+01  9.77516E+01  9.77516E+01  9.77516E+01  9.77516E+01  9.77516E+01  9.77516E+01  9.77516E+01  9.77516E+01  9.77516E+01  9.77516E+01  9.77516E+01  9.77516E+01  9.77516E+01  9.77516E+01  9.77516E+01  9.77516E+01  9.77516E+01  9.77516E+01
   14738   4  0.00000E+00  0.00000E+00  0.00000E+00  0.00000E+00  0.00000E+00  0.00000E+00  0.00000E+00  0.00000E+00  0.00000E+00  0.00000E+00  0.00000E+00  0.00000E+00  0.00000E+00  0.00000E+00  0.00000E+00  0.00000E+00  0.00000E+00  0.00000E+00  0.00000E+00  0.00000E+00  0.00000E+00  0.00000E+00  0.00000E+00  0.00000E+00
   17885   3  0.00000E+00  0.00000E+00  0.00000E+00  0.00000E+00  0.00000E+00  0.00000E+00  0.00000E+00  0.00000E+00  0.00000E+00  0.00000E+00  0.00000E+00  0.00000E+00  0.00000E+00  9.03945E-01  9.03945E-01  9.03945E-01  9.03945E-01  9.03945E-01  9.03945E-01  9.03945E-01  9.03945E-01  0.00000E+00  0.00000E+00  0.00000E+00
   17885   4  2.19709E-03  2.19709E-03  2.19709E-03  2.19709E-03  2.19709E-03  2.19709E-03  2.19709E-03  2.19709E-03  2.19709E-03  2.19709E-03  2.19709E-03  2.19709E-03  2.19709E-03  2.19709E-03  2.19709E-03  2.19709E-03  2.19709E-03  2.19709E-03  2.19709E-03  2.19709E-03  2.19709E-03  2.19709E-03  2.19709E-03  2.19709E-03
   18238   4  0.00000E+00  0.00000E+00  0.00000E+00  0.00000E+00  0.00000E+00  0.00000E+00  0.00000E+00  0.00000E+00  0.00000E+00  0.00000E+00  0.00000E+00  0.00000E+00  0.00000E+00  0.00000E+00  0.00000E+00  0.00000E+00  0.00000E+00  0.00000E+00  0.00000E+00  0.00000E+00  0.00000E+00  0.00000E+00  0.00000E+00  0.00000E+00
   15426   3  0.00000E+00  0.00000E+00  0.00000E+00  0.00000E+00  0.00000E+00  0.00000E+00  0.00000E+00  0.00000E+00  0.00000E+00  0.00000E+00  0.00000E+00  0.00000E+00  0.00000E+00  0.00000E+00  0.00000E+00  0.00000E+00  0.00000E+00  0.00000E+00  0.00000E+00  0.00000E+00  0.00000E+00  0.00000E+00  0.00000E+00  0.00000E+00
   14383   3  8.33691E+00  8.33691E+00  8.33691E+00  8.33691E+00  8.33691E+00  8.33691E+00  8.33691E+00  8.33691E+00  8.33691E+00  8.33691E+00  8.33691E+00  8.33691E+00  8.33691E+00  8.33691E+00  8.33691E+00  8.33691E+00  8.33691E+00  8.33691E+00  8.33691E+00  8.33691E+00  8.33691E+00  8.33691E+00  8.33691E+00  8.33691E+00
   14736   4  8.11473E-01  8.11473E-01  8.11473E-01  8.11473E-01  8.11473E-01  8.11473E-01  8.11473E-01  8.11473E-01  8.11473E-01  8.11473E-01  8.11473E-01  8.11473E-01  8.11473E-01  8.19584E-01  8.19584E-01  8.19584E-01  8.19584E-01  8.19584E-01  8.19584E-01  8.19584E-01  8.19584E-01  8.11473E-01  8.11473E-01  8.11473E-01
   14383   4  1.66681E+01  1.66681E+01  1.66681E+01  1.66681E+01  1.66681E+01  1.66681E+01  1.66681E+01  1.66681E+01  1.66681E+01  1.66681E+01  1.66681E+01  1.66681E+01  1.66681E+01  1.66681E+01  1.66681E+01  1.66681E+01  1.66681E+01  1.66681E+01  1.66681E+01  1.66681E+01  1.66681E+01  1.66681E+01  1.66681E+01  1.66681E+01
   14383   2  1.50467E+02  1.50467E+02  1.50467E+02  1.50467E+02  1.50467E+02  1.50467E+02  1.50467E+02  1.50467E+02  1.50467E+02  1.50467E+02  1.50467E+02  1.50467E+02  1.50467E+02  1.50467E+02  1.50467E+02  1.50467E+02  1.50467E+02  1.50467E+02  1.50467E+02  1.50467E+02  1.50467E+02  1.50467E+02  1.50467E+02  1.50467E+02
   14383   1  1.16855E+00  1.16855E+00  1.16855E+00  1.16855E+00  1.16855E+00  1.16855E+00  1.16855E+00  1.16855E+00  1.16855E+00  1.16855E+00  1.16855E+00  1.16855E+00  1.16855E+00  1.16855E+00  1.16855E+00  1.16855E+00  1.16855E+00  1.16855E+00  1.16855E+00  1.16855E+00  1.16855E+00  1.16855E+00  1.16855E+00  1.16855E+00
   17892   3  4.21826E-02  4.21826E-02  4.21826E-02  4.21826E-02  4.21826E-02  4.21826E-02  4.21826E-02  4.21826E-02  4.21826E-02  4.21826E-02  4.21826E-02  4.21826E-02  4.21826E-02  4.21826E-02  4.21826E-02  4.21826E-02  4.21826E-02  4.21826E-02  4.21826E-02  4.21826E-02  4.21826E-02  4.21826E-02  4.21826E-02  4.21826E-02
   17180   3  0.00000E+00  0.00000E+00  0.00000E+00  0.00000E+00  0.00000E+00  0.00000E+00  0.00000E+00  0.00000E+00  0.00000E+00  0.00000E+00  0.00000E+00  0.00000E+00  0.00000E+00  0.00000E+00  0.00000E+00  0.00000E+00  0.00000E+00  0.00000E+00  0.00000E+00  0.00000E+00  0.00000E+00  0.00000E+00  0.00000E+00  0.00000E+00
   17180   2  0.00000E+00  0.00000E+00  0.00000E+00  0.00000E+00  0.00000E+00  0.00000E+00  0.00000E+00  0.00000E+00  0.00000E+00  0.00000E+00  0.00000E+00  0.00000E+00  0.00000E+00  0.00000E+00  0.00000E+00  0.00000E+00  0.00000E+00  0.00000E+00  0.00000E+00  0.00000E+00  0.00000E+00  0.00000E+00  0.00000E+00  0.00000E+00
   17182   3  0.00000E+00  0.00000E+00  0.00000E+00  0.00000E+00  0.00000E+00  0.00000E+00  0.00000E+00  0.00000E+00  0.00000E+00  0.00000E+00  0.00000E+00  0.00000E+00  0.00000E+00  0.00000E+00  0.00000E+00  0.00000E+00  0.00000E+00  0.00000E+00  0.00000E+00  0.00000E+00  0.00000E+00  0.00000E+00  0.00000E+00  0.00000E+00
   14735   3  1.60842E-02  1.60842E-02  1.60842E-02  1.60842E-02  1.60842E-02  0.00000E+00  0.00000E+00  0.00000E+00  0.00000E+00  0.00000E+00  0.00000E+00  0.00000E+00  0.00000E+00  1.60842E-02  1.60842E-02  1.60842E-02  1.60842E-02  1.60842E-02  1.60842E-02  1.60842E-02  1.60842E-02  1.60842E-02  1.60842E-02  1.60842E-02
   17884   4  8.10274E-02  8.10274E-02  8.10274E-02  8.10274E-02  8.10274E-02  8.10274E-02  8.10274E-02  8.10274E-02  8.10274E-02  8.10274E-02  8.10274E-02  8.10274E-02  8.10274E-02  8.10274E-02  8.10274E-02  8.10274E-02  8.10274E-02  8.10274E-02  8.10274E-02  8.10274E-02  8.10274E-02  8.10274E-02  8.10274E-02  8.10274E-02
   18944   3  0.00000E+00  0.00000E+00  0.00000E+00  0.00000E+00  0.00000E+00  0.00000E+00  0.00000E+00  0.00000E+00  0.00000E+00  0.00000E+00  0.00000E+00  0.00000E+00  0.00000E+00  0.00000E+00  0.00000E+00  0.00000E+00  0.00000E+00  0.00000E+00  0.00000E+00  0.00000E+00  0.00000E+00  0.00000E+00  0.00000E+00  0.00000E+00
   15082   3  0.00000E+00  0.00000E+00  0.00000E+00  0.00000E+00  0.00000E+00  0.00000E+00  0.00000E+00  0.00000E+00  0.00000E+00  0.00000E+00  0.00000E+00  0.00000E+00  0.00000E+00  0.00000E+00  0.00000E+00  0.00000E+00  0.00000E+00  0.00000E+00  0.00000E+00  0.00000E+00  0.00000E+00  0.00000E+00  0.00000E+00  0.00000E+00
   15082   2  0.00000E+00  0.00000E+00  0.00000E+00  0.00000E+00  0.00000E+00  0.00000E+00  0.00000E+00  0.00000E+00  0.00000E+00  0.00000E+00  0.00000E+00  0.00000E+00  0.00000E+00  0.00000E+00  0.00000E+00  0.00000E+00  0.00000E+00  0.00000E+00  0.00000E+00  0.00000E+00  0.00000E+00  0.00000E+00  0.00000E+00  0.00000E+00
   14385   3  1.37225E-02  1.37225E-02  1.37225E-02  1.37225E-02  1.37225E-02  0.00000E+00  0.00000E+00  0.00000E+00  0.00000E+00  0.00000E+00  0.00000E+00  0.00000E+00  0.00000E+00  1.37225E-02  1.37225E-02  1.37225E-02  1.37225E-02  1.37225E-02  1.37225E-02  1.37225E-02  1.37225E-02  1.37225E-02  1.37225E-02  1.37225E-02
   14385   4  7.53591E-02  7.53591E-02  7.53591E-02  7.53591E-02  7.53591E-02  7.53591E-02  7.53591E-02  7.53591E-02  7.53591E-02  7.53591E-02  7.53591E-02  7.53591E-02  7.53591E-02  7.53591E-02  7.53591E-02  7.53591E-02  7.53591E-02  7.53591E-02  7.53591E-02  7.53591E-02  7.53591E-02  7.53591E-02  7.53591E-02  7.53591E-02
   17531   4  4.98558E-01  4.98558E-01  4.98558E-01  4.98558E-01  4.98558E-01  4.98558E-01  4.98558E-01  4.98558E-01  4.98558E-01  4.98558E-01  4.98558E-01  4.98558E-01  4.98558E-01  4.98558E-01  4.98558E-01  4.98558E-01  4.98558E-01  4.98558E-01  4.98558E-01  4.98558E-01  4.98558E-01  4.98558E-01  4.98558E-01  4.98558E-01
   17531   3  5.05365E-01  5.05365E-01  5.05365E-01  5.05365E-01  5.05365E-01  5.05365E-01  5.05365E-01  5.05365E-01  5.05365E-01  5.05365E-01  5.05365E-01  5.05365E-01  5.05365E-01  1.75874E+00  1.75874E+00  1.75874E+00  1.75874E+00  1.75874E+00  1.75874E+00  1.75874E+00  1.75874E+00  5.05365E-01  5.05365E-01  5.05365E-01
   17531   5  0.00000E+00  0.00000E+00  0.00000E+00  0.00000E+00  0.00000E+00  0.00000E+00  0.00000E+00  0.00000E+00  0.00000E+00  0.00000E+00  0.00000E+00  0.00000E+00  0.00000E+00  0.00000E+00  0.00000E+00  0.00000E+00  0.00000E+00  0.00000E+00  0.00000E+00  0.00000E+00  0.00000E+00  0.00000E+00  0.00000E+00  0.00000E+00
   17531   2  9.88688E-01  9.88688E-01  9.88688E-01  9.88688E-01  9.88688E-01  9.88688E-01  9.88688E-01  9.88688E-01  9.88688E-01  9.88688E-01  9.88688E-01  9.88688E-01  9.88688E-01  9.88688E-01  9.88688E-01  9.88688E-01  9.88688E-01  9.88688E-01  9.88688E-01  9.88688E-01  9.88688E-01  9.88688E-01  9.88688E-01  9.88688E-01
   17531   7  1.00010E+01  1.00010E+01  1.00010E+01  1.00010E+01  1.00010E+01  1.00010E+01  1.00010E+01  1.00010E+01  1.00010E+01  1.00010E+01  1.00010E+01  1.00010E+01  1.00010E+01  1.00010E+01  1.00010E+01  1.00010E+01  1.00010E+01  1.00010E+01  1.00010E+01  1.00010E+01  1.00010E+01  1.00010E+01  1.00010E+01  1.00010E+01
   21411   4  4.10199E-03  4.10199E-03  4.10199E-03  4.10199E-03  4.10199E-03  4.10199E-03  4.10199E-03  4.10199E-03  4.10199E-03  4.10199E-03  4.10199E-03  4.10199E-03  4.10199E-03  4.10199E-03  4.10199E-03  4.10199E-03  4.10199E-03  4.10199E-03  4.10199E-03  4.10199E-03  4.10199E-03  4.10199E-03  4.10199E-03  4.10199E-03
   20709   4  0.00000E+00  0.00000E+00  0.00000E+00  0.00000E+00  0.00000E+00  0.00000E+00  0.00000E+00  0.00000E+00  0.00000E+00  0.00000E+00  0.00000E+00  0.00000E+00  0.00000E+00  0.00000E+00  0.00000E+00  0.00000E+00  0.00000E+00  0.00000E+00  0.00000E+00  0.00000E+00  0.00000E+00  0.00000E+00  0.00000E+00  0.00000E+00
   20709   7  2.26314E+01  2.26314E+01  2.26314E+01  2.26314E+01  2.26314E+01  2.26314E+01  2.26314E+01  2.26314E+01  2.26314E+01  2.26314E+01  2.26314E+01  2.26314E+01  2.26314E+01  2.26314E+01  2.26314E+01  2.26314E+01  2.26314E+01  2.26314E+01  2.26314E+01  2.26314E+01  2.26314E+01  2.26314E+01  2.26314E+01  2.26314E+01
   13676   3  0.00000E+00  0.00000E+00  0.00000E+00  0.00000E+00  0.00000E+00  0.00000E+00  0.00000E+00  0.00000E+00  0.00000E+00  0.00000E+00  0.00000E+00  0.00000E+00  0.00000E+00  1.98115E-01  1.98115E-01  1.98115E-01  1.98115E-01  1.98115E-01  1.98115E-01  1.98115E-01  1.98115E-01  0.00000E+00  0.00000E+00  0.00000E+00
   21062   3  0.00000E+00  0.00000E+00  0.00000E+00  0.00000E+00  0.00000E+00  0.00000E+00  0.00000E+00  0.00000E+00  0.00000E+00  0.00000E+00  0.00000E+00  0.00000E+00  0.00000E+00  0.00000E+00  0.00000E+00  0.00000E+00  0.00000E+00  0.00000E+00  0.00000E+00  0.00000E+00  0.00000E+00  0.00000E+00  0.00000E+00  0.00000E+00
   17196   3  0.00000E+00  0.00000E+00  0.00000E+00  0.00000E+00  0.00000E+00  0.00000E+00  0.00000E+00  0.00000E+00  0.00000E+00  0.00000E+00  0.00000E+00  0.00000E+00  0.00000E+00  0.00000E+00  0.00000E+00  0.00000E+00  0.00000E+00  0.00000E+00  0.00000E+00  0.00000E+00  0.00000E+00  0.00000E+00  0.00000E+00  0.00000E+00
   17196   2  0.00000E+00  0.00000E+00  0.00000E+00  0.00000E+00  0.00000E+00  0.00000E+00  0.00000E+00  0.00000E+00  0.00000E+00  0.00000E+00  0.00000E+00  0.00000E+00  0.00000E+00  0.00000E+00  0.00000E+00  0.00000E+00  0.00000E+00  0.00000E+00  0.00000E+00  0.00000E+00  0.00000E+00  0.00000E+00  0.00000E+00  0.00000E+00
   23179   4  3.91709E-02  3.91709E-02  3.91709E-02  3.91709E-02  3.91709E-02  3.91709E-02  3.91709E-02  3.91709E-02  3.91709E-02  3.91709E-02  3.91709E-02  3.91709E-02  3.91709E-02  3.91709E-02  3.91709E-02  3.91709E-02  3.91709E-02  3.91709E-02  3.91709E-02  3.91709E-02  3.91709E-02  3.91709E-02  3.91709E-02  3.91709E-02
   23179   3  0.00000E+00  0.00000E+00  0.00000E+00  0.00000E+00  0.00000E+00  0.00000E+00  0.00000E+00  0.00000E+00  0.00000E+00  0.00000E+00  0.00000E+00  0.00000E+00  0.00000E+00  0.00000E+00  0.00000E+00  0.00000E+00  0.00000E+00  0.00000E+00  0.00000E+00  0.00000E+00  0.00000E+00  0.00000E+00  0.00000E+00  0.00000E+00
   18247   4  0.00000E+00  0.00000E+00  0.00000E+00  0.00000E+00  0.00000E+00  0.00000E+00  0.00000E+00  0.00000E+00  0.00000E+00  0.00000E+00  0.00000E+00  0.00000E+00  0.00000E+00  0.00000E+00  0.00000E+00  0.00000E+00  0.00000E+00  0.00000E+00  0.00000E+00  0.00000E+00  0.00000E+00  0.00000E+00  0.00000E+00  0.00000E+00
   12621   2  1.07949E+02  1.07949E+02  1.07949E+02  1.07949E+02  1.07949E+02  1.07949E+02  1.07949E+02  1.07949E+02  1.07949E+02  1.07949E+02  1.07949E+02  1.07949E+02  1.07949E+02  1.07949E+02  1.07949E+02  1.07949E+02  1.07949E+02  1.07949E+02  1.07949E+02  1.07949E+02  1.07949E+02  1.07949E+02  1.07949E+02  1.07949E+02
   12621   3  8.44160E+01  8.44160E+01  8.44160E+01  8.44160E+01  8.44160E+01  8.44160E+01  8.44160E+01  8.44160E+01  8.44160E+01  8.44160E+01  8.44160E+01  8.44160E+01  8.44160E+01  8.44160E+01  8.44160E+01  8.44160E+01  8.44160E+01  8.44160E+01  8.44160E+01  8.44160E+01  8.44160E+01  8.44160E+01  8.44160E+01  8.44160E+01
   12621   7  2.05770E+01  2.05770E+01  2.05770E+01  2.05770E+01  2.05770E+01  2.05770E+01  2.05770E+01  2.05770E+01  2.05770E+01  2.05770E+01  2.05770E+01  2.05770E+01  2.05770E+01  2.05770E+01  2.05770E+01  2.05770E+01  2.05770E+01  2.05770E+01  2.05770E+01  2.05770E+01  2.05770E+01  2.05770E+01  2.05770E+01  2.05770E+01
   21063   3  2.58185E-01  2.58185E-01  2.58185E-01  2.58185E-01  2.58185E-01  2.58185E-01  2.58185E-01  2.58185E-01  2.58185E-01  2.58185E-01  2.58185E-01  2.58185E-01  2.58185E-01  2.58185E-01  2.58185E-01  2.58185E-01  2.58185E-01  2.58185E-01  2.58185E-01  2.58185E-01  2.58185E-01  2.58185E-01  2.58185E-01  2.58185E-01
   17529   4  1.46263E-02  1.46263E-02  1.46263E-02  1.46263E-02  1.46263E-02  1.46263E-02  1.46263E-02  1.46263E-02  1.46263E-02  1.46263E-02  1.46263E-02  1.46263E-02  1.46263E-02  1.46263E-02  1.46263E-02  1.46263E-02  1.46263E-02  1.46263E-02  1.46263E-02  1.46263E-02  1.46263E-02  1.46263E-02  1.46263E-02  1.46263E-02
   17530   3  9.77399E-01  9.77399E-01  9.77399E-01  9.77399E-01  9.77399E-01  0.00000E+00  0.00000E+00  0.00000E+00  0.00000E+00  0.00000E+00  0.00000E+00  0.00000E+00  0.00000E+00  9.77399E-01  9.77399E-01  9.77399E-01  9.77399E-01  9.77399E-01  9.77399E-01  9.77399E-01  9.77399E-01  9.77399E-01  9.77399E-01  9.77399E-01
   17530   4  7.96744E-01  7.96744E-01  7.96744E-01  7.96744E-01  7.96744E-01  7.96744E-01  7.96744E-01  7.96744E-01  7.96744E-01  7.96744E-01  7.96744E-01  7.96744E-01  7.96744E-01  7.96744E-01  7.96744E-01  7.96744E-01  7.96744E-01  7.96744E-01  7.96744E-01  7.96744E-01  7.96744E-01  7.96744E-01  7.96744E-01  7.96744E-01
   17530   6  6.26915E-01  6.26915E-01  6.26915E-01  6.26915E-01  6.26915E-01  6.26915E-01  6.26915E-01  6.26915E-01  6.26915E-01  6.26915E-01  6.26915E-01  6.26915E-01  6.26915E-01  6.26915E-01  6.26915E-01  6.26915E-01  6.26915E-01  6.26915E-01  6.26915E-01  6.26915E-01  6.26915E-01  6.26915E-01  6.26915E-01  6.26915E-01
   32341   4  0.00000E+00  0.00000E+00  0.00000E+00  0.00000E+00  0.00000E+00  0.00000E+00  0.00000E+00  0.00000E+00  0.00000E+00  0.00000E+00  0.00000E+00  0.00000E+00  0.00000E+00  0.00000E+00  0.00000E+00  0.00000E+00  0.00000E+00  0.00000E+00  0.00000E+00  0.00000E+00  0.00000E+00  0.00000E+00  0.00000E+00  0.00000E+00
   31636   3  0.00000E+00  0.00000E+00  0.00000E+00  0.00000E+00  0.00000E+00  0.00000E+00  0.00000E+00  0.00000E+00  0.00000E+00  0.00000E+00  0.00000E+00  0.00000E+00  0.00000E+00  0.00000E+00  0.00000E+00  0.00000E+00  0.00000E+00  0.00000E+00  0.00000E+00  0.00000E+00  0.00000E+00  0.00000E+00  0.00000E+00  0.00000E+00
   31636   2  0.00000E+00  0.00000E+00  0.00000E+00  0.00000E+00  0.00000E+00  0.00000E+00  0.00000E+00  0.00000E+00  0.00000E+00  0.00000E+00  0.00000E+00  0.00000E+00  0.00000E+00  0.00000E+00  0.00000E+00  0.00000E+00  0.00000E+00  0.00000E+00  0.00000E+00  0.00000E+00  0.00000E+00  0.00000E+00  0.00000E+00  0.00000E+00
   32694   3  1.32016E+01  1.32016E+01  1.32016E+01  1.32016E+01  1.32016E+01  1.32016E+01  1.32016E+01  1.32016E+01  1.32016E+01  1.32016E+01  1.32016E+01  1.32016E+01  1.32016E+01  1.32016E+01  1.32016E+01  1.32016E+01  1.32016E+01  1.32016E+01  1.32016E+01  1.32016E+01  1.32016E+01  1.32016E+01  1.32016E+01  1.32016E+01
   17888   3  0.00000E+00  0.00000E+00  0.00000E+00  0.00000E+00  0.00000E+00  0.00000E+00  0.00000E+00  0.00000E+00  0.00000E+00  0.00000E+00  0.00000E+00  0.00000E+00  0.00000E+00  0.00000E+00  0.00000E+00  0.00000E+00  0.00000E+00  0.00000E+00  0.00000E+00  0.00000E+00  0.00000E+00  0.00000E+00  0.00000E+00  0.00000E+00
   19303   4  4.29631E-05  4.29631E-05  4.29631E-05  4.29631E-05  4.29631E-05  4.29631E-05  4.29631E-05  4.29631E-05  4.29631E-05  4.29631E-05  4.29631E-05  4.29631E-05  4.29631E-05  4.29631E-05  4.29631E-05  4.29631E-05  4.29631E-05  4.29631E-05  4.29631E-05  4.29631E-05  4.29631E-05  4.29631E-05  4.29631E-05  4.29631E-05
   20352   4  0.00000E+00  0.00000E+00  0.00000E+00  0.00000E+00  0.00000E+00  0.00000E+00  0.00000E+00  0.00000E+00  0.00000E+00  0.00000E+00  0.00000E+00  0.00000E+00  0.00000E+00  0.00000E+00  0.00000E+00  0.00000E+00  0.00000E+00  0.00000E+00  0.00000E+00  0.00000E+00  0.00000E+00  0.00000E+00  0.00000E+00  0.00000E+00
   20352   7  8.77843E+00  8.77843E+00  8.77843E+00  8.77843E+00  8.77843E+00  8.77843E+00  8.77843E+00  8.77843E+00  8.77843E+00  8.77843E+00  8.77843E+00  8.77843E+00  8.77843E+00  8.77843E+00  8.77843E+00  8.77843E+00  8.77843E+00  8.77843E+00  8.77843E+00  8.77843E+00  8.77843E+00  8.77843E+00  8.77843E+00  8.77843E+00
   24938   4  6.19026E-01  6.19026E-01  6.19026E-01  6.19026E-01  6.19026E-01  6.19026E-01  6.19026E-01  6.19026E-01  6.19026E-01  6.19026E-01  6.19026E-01  6.19026E-01  6.19026E-01  6.19026E-01  6.19026E-01  6.19026E-01  6.19026E-01  6.19026E-01  6.19026E-01  6.19026E-01  6.19026E-01  6.19026E-01  6.19026E-01  6.19026E-01
   24938   3  2.81814E+01  2.81814E+01  2.81814E+01  2.81814E+01  2.81814E+01  2.81814E+01  2.81814E+01  2.81814E+01  2.81814E+01  2.81814E+01  2.81814E+01  2.81814E+01  2.81814E+01  2.81814E+01  2.81814E+01  2.81814E+01  2.81814E+01  2.81814E+01  2.81814E+01  2.81814E+01  2.81814E+01  2.81814E+01  2.81814E+01  2.81814E+01
   24938   2  0.00000E+00  0.00000E+00  0.00000E+00  0.00000E+00  0.00000E+00  0.00000E+00  0.00000E+00  0.00000E+00  0.00000E+00  0.00000E+00  0.00000E+00  0.00000E+00  0.00000E+00  0.00000E+00  0.00000E+00  0.00000E+00  0.00000E+00  0.00000E+00  0.00000E+00  0.00000E+00  0.00000E+00  0.00000E+00  0.00000E+00  0.00000E+00
   24938   7  3.37492E+01  3.37492E+01  3.37492E+01  3.37492E+01  3.37492E+01  3.37492E+01  3.37492E+01  3.37492E+01  3.37492E+01  3.37492E+01  3.37492E+01  3.37492E+01  3.37492E+01  3.37492E+01  3.37492E+01  3.37492E+01  3.37492E+01  3.37492E+01  3.37492E+01  3.37492E+01  3.37492E+01  3.37492E+01  3.37492E+01  3.37492E+01
   31639   3  0.00000E+00  0.00000E+00  0.00000E+00  0.00000E+00  0.00000E+00  0.00000E+00  0.00000E+00  0.00000E+00  0.00000E+00  0.00000E+00  0.00000E+00  0.00000E+00  0.00000E+00  0.00000E+00  0.00000E+00  0.00000E+00  0.00000E+00  0.00000E+00  0.00000E+00  0.00000E+00  0.00000E+00  0.00000E+00  0.00000E+00  0.00000E+00
   13317   4  1.54133E-02  1.54133E-02  1.54133E-02  1.54133E-02  1.54133E-02  1.54133E-02  1.54133E-02  1.54133E-02  1.54133E-02  1.54133E-02  1.54133E-02  1.54133E-02  1.54133E-02  1.54133E-02  1.54133E-02  1.54133E-02  1.54133E-02  1.54133E-02  1.54133E-02  1.54133E-02  1.54133E-02  1.54133E-02  1.54133E-02  1.54133E-02
   12967   4  2.19709E-03  2.19709E-03  2.19709E-03  2.19709E-03  2.19709E-03  2.19709E-03  2.19709E-03  2.19709E-03  2.19709E-03  2.19709E-03  2.19709E-03  2.19709E-03  2.19709E-03  2.19709E-03  2.19709E-03  2.19709E-03  2.19709E-03  2.19709E-03  2.19709E-03  2.19709E-03  2.19709E-03  2.19709E-03  2.19709E-03  2.19709E-03
   12967   3  0.00000E+00  0.00000E+00  0.00000E+00  0.00000E+00  0.00000E+00  0.00000E+00  0.00000E+00  0.00000E+00  0.00000E+00  0.00000E+00  0.00000E+00  0.00000E+00  0.00000E+00  8.66280E-03  8.66280E-03  8.66280E-03  8.66280E-03  8.66280E-03  8.66280E-03  8.66280E-03  8.66280E-03  0.00000E+00  0.00000E+00  0.00000E+00
   26700   3  0.00000E+00  0.00000E+00  0.00000E+00  0.00000E+00  0.00000E+00  0.00000E+00  0.00000E+00  0.00000E+00  0.00000E+00  0.00000E+00  0.00000E+00  0.00000E+00  0.00000E+00  0.00000E+00  0.00000E+00  0.00000E+00  0.00000E+00  0.00000E+00  0.00000E+00  0.00000E+00  0.00000E+00  0.00000E+00  0.00000E+00  0.00000E+00
   16475   3  0.00000E+00  0.00000E+00  0.00000E+00  0.00000E+00  0.00000E+00  0.00000E+00  0.00000E+00  0.00000E+00  0.00000E+00  0.00000E+00  0.00000E+00  0.00000E+00  0.00000E+00  0.00000E+00  0.00000E+00  0.00000E+00  0.00000E+00  0.00000E+00  0.00000E+00  0.00000E+00  0.00000E+00  0.00000E+00  0.00000E+00  0.00000E+00
   16475   2  0.00000E+00  0.00000E+00  0.00000E+00  0.00000E+00  0.00000E+00  0.00000E+00  0.00000E+00  0.00000E+00  0.00000E+00  0.00000E+00  0.00000E+00  0.00000E+00  0.00000E+00  0.00000E+00  0.00000E+00  0.00000E+00  0.00000E+00  0.00000E+00  0.00000E+00  0.00000E+00  0.00000E+00  0.00000E+00  0.00000E+00  0.00000E+00
   16481   3  1.38803E+00  1.38803E+00  1.38803E+00  1.38803E+00  1.38803E+00  0.00000E+00  0.00000E+00  0.00000E+00  0.00000E+00  0.00000E+00  0.00000E+00  0.00000E+00  0.00000E+00  1.38803E+00  1.38803E+00  1.38803E+00  1.38803E+00  1.38803E+00  1.38803E+00  1.38803E+00  1.38803E+00  1.38803E+00  1.38803E+00  1.38803E+00
   16481   7  2.13942E+01  2.13942E+01  2.13942E+01  2.13942E+01  2.13942E+01  2.13942E+01  2.13942E+01  2.13942E+01  2.13942E+01  2.13942E+01  2.13942E+01  2.13942E+01  2.13942E+01  2.13942E+01  2.13942E+01  2.13942E+01  2.13942E+01  2.13942E+01  2.13942E+01  2.13942E+01  2.13942E+01  2.13942E+01  2.13942E+01  2.13942E+01
   25290   6  0.00000E+00  0.00000E+00  0.00000E+00  0.00000E+00  0.00000E+00  0.00000E+00  0.00000E+00  0.00000E+00  0.00000E+00  0.00000E+00  0.00000E+00  0.00000E+00  0.00000E+00  0.00000E+00  0.00000E+00  0.00000E+00  0.00000E+00  0.00000E+00  0.00000E+00  0.00000E+00  0.00000E+00  0.00000E+00  0.00000E+00  0.00000E+00
   25290   3  5.89065E-01  5.80347E-01  5.47967E-01  4.94416E-01  4.38374E-01  3.70564E-01  3.43115E-01  3.29390E-01  3.24816E-01  3.33965E-01  3.61414E-01  4.04876E-01  4.60918E-01  4.95229E-01  5.22679E-01  5.46697E-01  5.55846E-01  5.64996E-01  5.68427E-01  5.73002E-01  5.71858E-01  5.68427E-01  5.59278E-01  5.45553E-01
   26704   4  7.53287E-04  7.53287E-04  7.53287E-04  7.53287E-04  7.53287E-04  7.53287E-04  7.53287E-04  7.53287E-04  7.53287E-04  7.53287E-04  7.53287E-04  7.53287E-04  7.53287E-04  7.53287E-04  7.53287E-04  7.53287E-04  7.53287E-04  7.53287E-04  7.53287E-04  7.53287E-04  7.53287E-04  7.53287E-04  7.53287E-04  7.53287E-04
   26704   2  5.16742E+00  5.09095E+00  4.80690E+00  4.33714E+00  3.84552E+00  3.25068E+00  3.00989E+00  2.88949E+00  2.84936E+00  2.92962E+00  3.17041E+00  3.55167E+00  4.04328E+00  4.34427E+00  4.58506E+00  4.79575E+00  4.87602E+00  4.95628E+00  4.98638E+00  5.02651E+00  5.01648E+00  4.98638E+00  4.90612E+00  4.78572E+00
   20009   2  0.00000E+00  0.00000E+00  0.00000E+00  0.00000E+00  0.00000E+00  0.00000E+00  0.00000E+00  0.00000E+00  0.00000E+00  0.00000E+00  0.00000E+00  0.00000E+00  0.00000E+00  0.00000E+00  0.00000E+00  0.00000E+00  0.00000E+00  0.00000E+00  0.00000E+00  0.00000E+00  0.00000E+00  0.00000E+00  0.00000E+00  0.00000E+00
   20362   3  0.00000E+00  0.00000E+00  0.00000E+00  0.00000E+00  0.00000E+00  0.00000E+00  0.00000E+00  0.00000E+00  0.00000E+00  0.00000E+00  0.00000E+00  0.00000E+00  0.00000E+00  0.00000E+00  0.00000E+00  0.00000E+00  0.00000E+00  0.00000E+00  0.00000E+00  0.00000E+00  0.00000E+00  0.00000E+00  0.00000E+00  0.00000E+00
   20362   2  0.00000E+00  0.00000E+00  0.00000E+00  0.00000E+00  0.00000E+00  0.00000E+00  0.00000E+00  0.00000E+00  0.00000E+00  0.00000E+00  0.00000E+00  0.00000E+00  0.00000E+00  0.00000E+00  0.00000E+00  0.00000E+00  0.00000E+00  0.00000E+00  0.00000E+00  0.00000E+00  0.00000E+00  0.00000E+00  0.00000E+00  0.00000E+00
   19305   3  1.18086E+00  1.18086E+00  1.18086E+00  1.18086E+00  1.18086E+00  1.18086E+00  1.18086E+00  1.18086E+00  1.18086E+00  1.18086E+00  1.18086E+00  1.18086E+00  1.18086E+00  1.18086E+00  1.18086E+00  1.18086E+00  1.18086E+00  1.18086E+00  1.18086E+00  1.18086E+00  1.18086E+00  1.18086E+00  1.18086E+00  1.18086E+00
   19305   4  7.11125E-01  7.11125E-01  7.11125E-01  7.11125E-01  7.11125E-01  7.11125E-01  7.11125E-01  7.11125E-01  7.11125E-01  7.11125E-01  7.11125E-01  7.11125E-01  7.11125E-01  7.23431E-01  7.23431E-01  7.23431E-01  7.23431E-01  7.23431E-01  7.23431E-01  7.23431E-01  7.23431E-01  7.11125E-01  7.11125E-01  7.11125E-01
   19305   5  4.72229E-03  4.72229E-03  4.72229E-03  4.72229E-03  4.72229E-03  4.72229E-03  4.72229E-03  4.72229E-03  4.72229E-03  4.72229E-03  4.72229E-03  4.72229E-03  4.72229E-03  4.72229E-03  4.72229E-03  4.72229E-03  4.72229E-03  4.72229E-03  4.72229E-03  4.72229E-03  4.72229E-03  4.72229E-03  4.72229E-03  4.72229E-03
   19306   3  0.00000E+00  0.00000E+00  0.00000E+00  0.00000E+00  0.00000E+00  0.00000E+00  0.00000E+00  0.00000E+00  0.00000E+00  0.00000E+00  0.00000E+00  0.00000E+00  0.00000E+00  0.00000E+00  0.00000E+00  0.00000E+00  0.00000E+00  0.00000E+00  0.00000E+00  0.00000E+00  0.00000E+00  0.00000E+00  0.00000E+00  0.00000E+00
   19306   7  3.63326E+01  3.63326E+01  3.63326E+01  3.63326E+01  3.63326E+01  3.63326E+01  3.63326E+01  3.63326E+01  3.63326E+01  3.63326E+01  3.63326E+01  3.63326E+01  3.63326E+01  3.63326E+01  3.63326E+01  3.63326E+01  3.63326E+01  3.63326E+01  3.63326E+01  3.63326E+01  3.63326E+01  3.63326E+01  3.63326E+01  3.63326E+01
   29869   3  0.00000E+00  0.00000E+00  0.00000E+00  0.00000E+00  0.00000E+00  0.00000E+00  0.00000E+00  0.00000E+00  0.00000E+00  0.00000E+00  0.00000E+00  0.00000E+00  0.00000E+00  0.00000E+00  0.00000E+00  0.00000E+00  0.00000E+00  0.00000E+00  0.00000E+00  0.00000E+00  0.00000E+00  0.00000E+00  0.00000E+00  0.00000E+00
   15423   5  1.73431E-02  1.73431E-02  1.73431E-02  1.73431E-02  1.73431E-02  1.73431E-02  1.73431E-02  1.73431E-02  1.73431E-02  1.73431E-02  1.73431E-02  1.73431E-02  1.73431E-02  1.73431E-02  1.73431E-02  1.73431E-02  1.73431E-02  1.73431E-02  1.73431E-02  1.73431E-02  1.73431E-02  1.73431E-02  1.73431E-02  1.73431E-02
   15071   2  0.00000E+00  0.00000E+00  0.00000E+00  0.00000E+00  0.00000E+00  0.00000E+00  0.00000E+00  0.00000E+00  0.00000E+00  0.00000E+00  0.00000E+00  0.00000E+00  0.00000E+00  0.00000E+00  0.00000E+00  0.00000E+00  0.00000E+00  0.00000E+00  0.00000E+00  0.00000E+00  0.00000E+00  0.00000E+00  0.00000E+00  0.00000E+00
   15423   3  3.04182E-01  3.04182E-01  3.04182E-01  3.04182E-01  3.04182E-01  3.04182E-01  3.04182E-01  3.04182E-01  3.04182E-01  3.04182E-01  3.04182E-01  3.04182E-01  3.04182E-01  3.04182E-01  3.04182E-01  3.04182E-01  3.04182E-01  3.04182E-01  3.04182E-01  3.04182E-01  3.04182E-01  3.04182E-01  3.04182E-01  3.04182E-01
   15423   2  0.00000E+00  0.00000E+00  0.00000E+00  0.00000E+00  0.00000E+00  0.00000E+00  0.00000E+00  0.00000E+00  0.00000E+00  0.00000E+00  0.00000E+00  0.00000E+00  0.00000E+00  0.00000E+00  0.00000E+00  0.00000E+00  0.00000E+00  0.00000E+00  0.00000E+00  0.00000E+00  0.00000E+00  0.00000E+00  0.00000E+00  0.00000E+00
   29174   3  0.00000E+00  0.00000E+00  0.00000E+00  0.00000E+00  0.00000E+00  0.00000E+00  0.00000E+00  0.00000E+00  0.00000E+00  0.00000E+00  0.00000E+00  0.00000E+00  0.00000E+00  0.00000E+00  0.00000E+00  0.00000E+00  0.00000E+00  0.00000E+00  0.00000E+00  0.00000E+00  0.00000E+00  0.00000E+00  0.00000E+00  0.00000E+00
   29174   2  0.00000E+00  0.00000E+00  0.00000E+00  0.00000E+00  0.00000E+00  0.00000E+00  0.00000E+00  0.00000E+00  0.00000E+00  0.00000E+00  0.00000E+00  0.00000E+00  0.00000E+00  0.00000E+00  0.00000E+00  0.00000E+00  0.00000E+00  0.00000E+00  0.00000E+00  0.00000E+00  0.00000E+00  0.00000E+00  0.00000E+00  0.00000E+00
   28558   3  5.14447E-01  5.08512E-01  4.86468E-01  4.50010E-01  4.11857E-01  3.29823E-01  3.11136E-01  3.01792E-01  2.98678E-01  3.04907E-01  3.23594E-01  3.53182E-01  3.91335E-01  4.50564E-01  4.69251E-01  4.85603E-01  4.91832E-01  4.98061E-01  5.00397E-01  5.03511E-01  5.02733E-01  5.00397E-01  4.94168E-01  4.84824E-01
   28558   4  3.52035E-01  3.52035E-01  3.52035E-01  3.52035E-01  3.52035E-01  3.52035E-01  3.52035E-01  3.52035E-01  3.52035E-01  3.52035E-01  3.52035E-01  3.52035E-01  3.52035E-01  3.52035E-01  3.52035E-01  3.52035E-01  3.52035E-01  3.52035E-01  3.52035E-01  3.52035E-01  3.52035E-01  3.52035E-01  3.52035E-01  3.52035E-01
   28558   2  3.30609E-01  3.30609E-01  3.30609E-01  3.30609E-01  3.30609E-01  3.30609E-01  3.30609E-01  3.30609E-01  3.30609E-01  3.30609E-01  3.30609E-01  3.30609E-01  3.30609E-01  3.30609E-01  3.30609E-01  3.30609E-01  3.30609E-01  3.30609E-01  3.30609E-01  3.30609E-01  3.30609E-01  3.30609E-01  3.30609E-01  3.30609E-01
   28911   3  8.31299E-02  8.31299E-02  8.31299E-02  8.31299E-02  8.31299E-02  8.31299E-02  8.31299E-02  8.31299E-02  8.31299E-02  8.31299E-02  8.31299E-02  8.31299E-02  8.31299E-02  8.31299E-02  8.31299E-02  8.31299E-02  8.31299E-02  8.31299E-02  8.31299E-02  8.31299E-02  8.31299E-02  8.31299E-02  8.31299E-02  8.31299E-02
   29621   4  2.02664E-02  2.02664E-02  2.02664E-02  2.02664E-02  2.02664E-02  2.02664E-02  2.02664E-02  2.02664E-02  2.02664E-02  2.02664E-02  2.02664E-02  2.02664E-02  2.02664E-02  2.02664E-02  2.02664E-02  2.02664E-02  2.02664E-02  2.02664E-02  2.02664E-02  2.02664E-02  2.02664E-02  2.02664E-02  2.02664E-02  2.02664E-02
   29616   7  1.95194E+02  1.95194E+02  1.95194E+02  1.95194E+02  1.95194E+02  1.95194E+02  1.95194E+02  1.95194E+02  1.95194E+02  1.95194E+02  1.95194E+02  1.95194E+02  1.95194E+02  1.95194E+02  1.95194E+02  1.95194E+02  1.95194E+02  1.95194E+02  1.95194E+02  1.95194E+02  1.95194E+02  1.95194E+02  1.95194E+02  1.95194E+02
   28204   3  1.55046E-02  1.55046E-02  1.55046E-02  1.55046E-02  1.55046E-02  0.00000E+00  0.00000E+00  0.00000E+00  0.00000E+00  0.00000E+00  0.00000E+00  0.00000E+00  0.00000E+00  1.55046E-02  1.55046E-02  1.55046E-02  1.55046E-02  1.55046E-02  1.55046E-02  1.55046E-02  1.55046E-02  1.55046E-02  1.55046E-02  1.55046E-02
   28204   4  0.00000E+00  0.00000E+00  0.00000E+00  0.00000E+00  0.00000E+00  0.00000E+00  0.00000E+00  0.00000E+00  0.00000E+00  0.00000E+00  0.00000E+00  0.00000E+00  0.00000E+00  0.00000E+00  0.00000E+00  0.00000E+00  0.00000E+00  0.00000E+00  0.00000E+00  0.00000E+00  0.00000E+00  0.00000E+00  0.00000E+00  0.00000E+00
   28204   7  1.16010E+02  1.16010E+02  1.16010E+02  1.16010E+02  1.16010E+02  1.16010E+02  1.16010E+02  1.16010E+02  1.16010E+02  1.16010E+02  1.16010E+02  1.16010E+02  1.16010E+02  1.16010E+02  1.16010E+02  1.16010E+02  1.16010E+02  1.16010E+02  1.16010E+02  1.16010E+02  1.16010E+02  1.16010E+02  1.16010E+02  1.16010E+02
   28221   3  4.06036E-01  4.00027E-01  3.77708E-01  3.40796E-01  3.02167E-01  2.55426E-01  2.36506E-01  2.27045E-01  2.23892E-01  2.30199E-01  2.49119E-01  2.79077E-01  3.17706E-01  3.41356E-01  3.60277E-01  3.76832E-01  3.83139E-01  3.89446E-01  3.91811E-01  3.94964E-01  3.94176E-01  3.91811E-01  3.85504E-01  3.76044E-01
   28221   2  9.47418E-01  9.33397E-01  8.81319E-01  7.95190E-01  7.05055E-01  5.95994E-01  5.51847E-01  5.29773E-01  5.22415E-01  5.37131E-01  5.81278E-01  6.51179E-01  7.41314E-01  7.96498E-01  8.40646E-01  8.79275E-01  8.93991E-01  9.08707E-01  9.14226E-01  9.21584E-01  9.19744E-01  9.14226E-01  8.99510E-01  8.77436E-01
   36171   3  3.48796E-03  3.48796E-03  3.48796E-03  3.48796E-03  3.48796E-03  3.48796E-03  3.48796E-03  3.48796E-03  3.48796E-03  3.48796E-03  3.48796E-03  3.48796E-03  3.48796E-03  3.48796E-03  3.48796E-03  3.48796E-03  3.48796E-03  3.48796E-03  3.48796E-03  3.48796E-03  3.48796E-03  3.48796E-03  3.48796E-03  3.48796E-03
   34059   3  8.24485E-04  8.24485E-04  8.24485E-04  8.24485E-04  8.24485E-04  8.24485E-04  8.24485E-04  8.24485E-04  8.24485E-04  8.24485E-04  8.24485E-04  8.24485E-04  8.24485E-04  8.24485E-04  8.24485E-04  8.24485E-04  8.24485E-04  8.24485E-04  8.24485E-04  8.24485E-04  8.24485E-04  8.24485E-04  8.24485E-04  8.24485E-04
   34059   7  8.92137E+00  8.92137E+00  8.92137E+00  8.92137E+00  8.92137E+00  8.92137E+00  8.92137E+00  8.92137E+00  8.92137E+00  8.92137E+00  8.92137E+00  8.92137E+00  8.92137E+00  8.92137E+00  8.92137E+00  8.92137E+00  8.92137E+00  8.92137E+00  8.92137E+00  8.92137E+00  8.92137E+00  8.92137E+00  8.92137E+00  8.92137E+00
   35117   4  0.00000E+00  0.00000E+00  0.00000E+00  0.00000E+00  0.00000E+00  0.00000E+00  0.00000E+00  0.00000E+00  0.00000E+00  0.00000E+00  0.00000E+00  0.00000E+00  0.00000E+00  0.00000E+00  0.00000E+00  0.00000E+00  0.00000E+00  0.00000E+00  0.00000E+00  0.00000E+00  0.00000E+00  0.00000E+00  0.00000E+00  0.00000E+00
   37574   3  1.34261E-03  1.34261E-03  1.34261E-03  1.34261E-03  1.34261E-03  1.34261E-03  1.34261E-03  1.34261E-03  1.34261E-03  1.34261E-03  1.34261E-03  1.34261E-03  1.34261E-03  1.34261E-03  1.34261E-03  1.34261E-03  1.34261E-03  1.34261E-03  1.34261E-03  1.34261E-03  1.34261E-03  1.34261E-03  1.34261E-03  1.34261E-03
   37927   3  2.13112E-04  2.13112E-04  2.13112E-04  2.13112E-04  2.13112E-04  2.13112E-04  2.13112E-04  2.13112E-04  2.13112E-04  2.13112E-04  2.13112E-04  2.13112E-04  2.13112E-04  2.13112E-04  2.13112E-04  2.13112E-04  2.13112E-04  2.13112E-04  2.13112E-04  2.13112E-04  2.13112E-04  2.13112E-04  2.13112E-04  2.13112E-04
   34411   3  4.17027E-04  4.17027E-04  4.17027E-04  4.17027E-04  4.17027E-04  4.17027E-04  4.17027E-04  4.17027E-04  4.17027E-04  4.17027E-04  4.17027E-04  4.17027E-04  4.17027E-04  4.17027E-04  4.17027E-04  4.17027E-04  4.17027E-04  4.17027E-04  4.17027E-04  4.17027E-04  4.17027E-04  4.17027E-04  4.17027E-04  4.17027E-04
   34765   3  5.67730E-05  5.67730E-05  5.67730E-05  5.67730E-05  5.67730E-05  5.67730E-05  5.67730E-05  5.67730E-05  5.67730E-05  5.67730E-05  5.67730E-05  5.67730E-05  5.67730E-05  5.67730E-05  5.67730E-05  5.67730E-05  5.67730E-05  5.67730E-05  5.67730E-05  5.67730E-05  5.67730E-05  5.67730E-05  5.67730E-05  5.67730E-05
