MGLY,RADM-2, Emissions
         909 ,2005-03-16_00:00:00,SAT
   47145   3  0.00000E+00  0.00000E+00  0.00000E+00  0.00000E+00  0.00000E+00  0.00000E+00  0.00000E+00  0.00000E+00  0.00000E+00  0.00000E+00  0.00000E+00  0.00000E+00  0.00000E+00  0.00000E+00  0.00000E+00  0.00000E+00  0.00000E+00  0.00000E+00  0.00000E+00  0.00000E+00  0.00000E+00  0.00000E+00  0.00000E+00  0.00000E+00
   46441   2  0.00000E+00  0.00000E+00  0.00000E+00  0.00000E+00  0.00000E+00  0.00000E+00  0.00000E+00  0.00000E+00  0.00000E+00  0.00000E+00  0.00000E+00  0.00000E+00  0.00000E+00  0.00000E+00  0.00000E+00  0.00000E+00  0.00000E+00  0.00000E+00  0.00000E+00  0.00000E+00  0.00000E+00  0.00000E+00  0.00000E+00  0.00000E+00
   46441   3  0.00000E+00  0.00000E+00  0.00000E+00  0.00000E+00  0.00000E+00  0.00000E+00  0.00000E+00  0.00000E+00  0.00000E+00  0.00000E+00  0.00000E+00  0.00000E+00  0.00000E+00  0.00000E+00  0.00000E+00  0.00000E+00  0.00000E+00  0.00000E+00  0.00000E+00  0.00000E+00  0.00000E+00  0.00000E+00  0.00000E+00  0.00000E+00
   76270   4  0.00000E+00  0.00000E+00  0.00000E+00  0.00000E+00  0.00000E+00  0.00000E+00  0.00000E+00  0.00000E+00  0.00000E+00  0.00000E+00  0.00000E+00  0.00000E+00  0.00000E+00  0.00000E+00  0.00000E+00  0.00000E+00  0.00000E+00  0.00000E+00  0.00000E+00  0.00000E+00  0.00000E+00  0.00000E+00  0.00000E+00  0.00000E+00
   76270   3  0.00000E+00  0.00000E+00  0.00000E+00  0.00000E+00  0.00000E+00  0.00000E+00  0.00000E+00  0.00000E+00  0.00000E+00  0.00000E+00  0.00000E+00  0.00000E+00  0.00000E+00  0.00000E+00  0.00000E+00  0.00000E+00  0.00000E+00  0.00000E+00  0.00000E+00  0.00000E+00  0.00000E+00  0.00000E+00  0.00000E+00  0.00000E+00
   76270   7  0.00000E+00  0.00000E+00  0.00000E+00  0.00000E+00  0.00000E+00  0.00000E+00  0.00000E+00  0.00000E+00  0.00000E+00  0.00000E+00  0.00000E+00  0.00000E+00  0.00000E+00  0.00000E+00  0.00000E+00  0.00000E+00  0.00000E+00  0.00000E+00  0.00000E+00  0.00000E+00  0.00000E+00  0.00000E+00  0.00000E+00  0.00000E+00
   79107   3  1.98611E-06  1.98611E-06  1.98611E-06  1.98611E-06  1.98611E-06  1.98611E-06  1.98611E-06  1.98611E-06  1.98611E-06  1.98611E-06  1.98611E-06  1.98611E-06  1.98611E-06  1.98611E-06  1.98611E-06  1.98611E-06  1.98611E-06  1.98611E-06  1.98611E-06  1.98611E-06  1.98611E-06  1.98611E-06  1.98611E-06  1.98611E-06
   79108   3  0.00000E+00  0.00000E+00  0.00000E+00  0.00000E+00  0.00000E+00  0.00000E+00  0.00000E+00  0.00000E+00  0.00000E+00  0.00000E+00  0.00000E+00  0.00000E+00  0.00000E+00  0.00000E+00  0.00000E+00  0.00000E+00  0.00000E+00  0.00000E+00  0.00000E+00  0.00000E+00  0.00000E+00  0.00000E+00  0.00000E+00  0.00000E+00
   72399   3  1.11198E-05  1.11198E-05  1.11198E-05  1.11198E-05  1.11198E-05  1.11198E-05  1.11198E-05  1.11198E-05  1.11198E-05  1.11198E-05  1.11198E-05  1.11198E-05  1.11198E-05  1.11198E-05  1.11198E-05  1.11198E-05  1.11198E-05  1.11198E-05  1.11198E-05  1.11198E-05  1.11198E-05  1.11198E-05  1.11198E-05  1.11198E-05
   79107   4  0.00000E+00  0.00000E+00  0.00000E+00  0.00000E+00  0.00000E+00  0.00000E+00  0.00000E+00  0.00000E+00  0.00000E+00  0.00000E+00  0.00000E+00  0.00000E+00  0.00000E+00  0.00000E+00  0.00000E+00  0.00000E+00  0.00000E+00  0.00000E+00  0.00000E+00  0.00000E+00  0.00000E+00  0.00000E+00  0.00000E+00  0.00000E+00
   79106   4  0.00000E+00  0.00000E+00  0.00000E+00  0.00000E+00  0.00000E+00  0.00000E+00  0.00000E+00  0.00000E+00  0.00000E+00  0.00000E+00  0.00000E+00  0.00000E+00  0.00000E+00  0.00000E+00  0.00000E+00  0.00000E+00  0.00000E+00  0.00000E+00  0.00000E+00  0.00000E+00  0.00000E+00  0.00000E+00  0.00000E+00  0.00000E+00
   78754   3  0.00000E+00  0.00000E+00  0.00000E+00  0.00000E+00  0.00000E+00  0.00000E+00  0.00000E+00  0.00000E+00  0.00000E+00  0.00000E+00  0.00000E+00  0.00000E+00  0.00000E+00  0.00000E+00  0.00000E+00  0.00000E+00  0.00000E+00  0.00000E+00  0.00000E+00  0.00000E+00  0.00000E+00  0.00000E+00  0.00000E+00  0.00000E+00
   78754   4  0.00000E+00  0.00000E+00  0.00000E+00  0.00000E+00  0.00000E+00  0.00000E+00  0.00000E+00  0.00000E+00  0.00000E+00  0.00000E+00  0.00000E+00  0.00000E+00  0.00000E+00  0.00000E+00  0.00000E+00  0.00000E+00  0.00000E+00  0.00000E+00  0.00000E+00  0.00000E+00  0.00000E+00  0.00000E+00  0.00000E+00  0.00000E+00
   78755   3  0.00000E+00  0.00000E+00  0.00000E+00  0.00000E+00  0.00000E+00  0.00000E+00  0.00000E+00  0.00000E+00  0.00000E+00  0.00000E+00  0.00000E+00  0.00000E+00  0.00000E+00  0.00000E+00  0.00000E+00  0.00000E+00  0.00000E+00  0.00000E+00  0.00000E+00  0.00000E+00  0.00000E+00  0.00000E+00  0.00000E+00  0.00000E+00
   79107   7  0.00000E+00  0.00000E+00  0.00000E+00  0.00000E+00  0.00000E+00  0.00000E+00  0.00000E+00  0.00000E+00  0.00000E+00  0.00000E+00  0.00000E+00  0.00000E+00  0.00000E+00  0.00000E+00  0.00000E+00  4.23935E-02  4.23935E-02  4.23935E-02  4.23935E-02  4.23935E-02  4.23935E-02  4.23935E-02  4.23935E-02  0.00000E+00
   78738   4  0.00000E+00  0.00000E+00  0.00000E+00  0.00000E+00  0.00000E+00  0.00000E+00  0.00000E+00  0.00000E+00  0.00000E+00  0.00000E+00  0.00000E+00  0.00000E+00  0.00000E+00  0.00000E+00  0.00000E+00  0.00000E+00  0.00000E+00  0.00000E+00  0.00000E+00  0.00000E+00  0.00000E+00  0.00000E+00  0.00000E+00  0.00000E+00
   78383   3  0.00000E+00  0.00000E+00  0.00000E+00  0.00000E+00  0.00000E+00  0.00000E+00  0.00000E+00  0.00000E+00  0.00000E+00  0.00000E+00  0.00000E+00  0.00000E+00  0.00000E+00  0.00000E+00  0.00000E+00  0.00000E+00  0.00000E+00  0.00000E+00  0.00000E+00  0.00000E+00  0.00000E+00  0.00000E+00  0.00000E+00  0.00000E+00
   78383   2  0.00000E+00  0.00000E+00  0.00000E+00  0.00000E+00  0.00000E+00  0.00000E+00  0.00000E+00  0.00000E+00  0.00000E+00  0.00000E+00  0.00000E+00  0.00000E+00  0.00000E+00  0.00000E+00  0.00000E+00  0.00000E+00  0.00000E+00  0.00000E+00  0.00000E+00  0.00000E+00  0.00000E+00  0.00000E+00  0.00000E+00  0.00000E+00
   78383   6  0.00000E+00  0.00000E+00  0.00000E+00  0.00000E+00  0.00000E+00  0.00000E+00  0.00000E+00  0.00000E+00  0.00000E+00  0.00000E+00  0.00000E+00  0.00000E+00  0.00000E+00  0.00000E+00  0.00000E+00  0.00000E+00  0.00000E+00  0.00000E+00  0.00000E+00  0.00000E+00  0.00000E+00  0.00000E+00  0.00000E+00  0.00000E+00
   78032   5  0.00000E+00  0.00000E+00  0.00000E+00  0.00000E+00  0.00000E+00  0.00000E+00  0.00000E+00  0.00000E+00  0.00000E+00  0.00000E+00  0.00000E+00  0.00000E+00  0.00000E+00  0.00000E+00  0.00000E+00  0.00000E+00  0.00000E+00  0.00000E+00  0.00000E+00  0.00000E+00  0.00000E+00  0.00000E+00  0.00000E+00  0.00000E+00
   51367   3  0.00000E+00  0.00000E+00  0.00000E+00  0.00000E+00  0.00000E+00  0.00000E+00  0.00000E+00  0.00000E+00  0.00000E+00  0.00000E+00  0.00000E+00  0.00000E+00  0.00000E+00  0.00000E+00  0.00000E+00  0.00000E+00  0.00000E+00  0.00000E+00  0.00000E+00  0.00000E+00  0.00000E+00  0.00000E+00  0.00000E+00  0.00000E+00
   52419   3  0.00000E+00  0.00000E+00  0.00000E+00  0.00000E+00  0.00000E+00  0.00000E+00  0.00000E+00  0.00000E+00  0.00000E+00  0.00000E+00  0.00000E+00  0.00000E+00  0.00000E+00  0.00000E+00  0.00000E+00  0.00000E+00  0.00000E+00  0.00000E+00  0.00000E+00  0.00000E+00  0.00000E+00  0.00000E+00  0.00000E+00  0.00000E+00
   47111   3  0.00000E+00  0.00000E+00  0.00000E+00  0.00000E+00  0.00000E+00  0.00000E+00  0.00000E+00  0.00000E+00  0.00000E+00  0.00000E+00  0.00000E+00  0.00000E+00  0.00000E+00  0.00000E+00  0.00000E+00  0.00000E+00  0.00000E+00  0.00000E+00  0.00000E+00  0.00000E+00  0.00000E+00  0.00000E+00  0.00000E+00  0.00000E+00
   52073   4  0.00000E+00  0.00000E+00  0.00000E+00  0.00000E+00  0.00000E+00  0.00000E+00  0.00000E+00  0.00000E+00  0.00000E+00  0.00000E+00  0.00000E+00  0.00000E+00  0.00000E+00  0.00000E+00  0.00000E+00  0.00000E+00  0.00000E+00  0.00000E+00  0.00000E+00  0.00000E+00  0.00000E+00  0.00000E+00  0.00000E+00  0.00000E+00
   52073   3  0.00000E+00  0.00000E+00  0.00000E+00  0.00000E+00  0.00000E+00  0.00000E+00  0.00000E+00  0.00000E+00  0.00000E+00  0.00000E+00  0.00000E+00  0.00000E+00  0.00000E+00  6.97721E-03  6.97721E-03  6.97721E-03  6.97721E-03  6.97721E-03  6.97721E-03  6.97721E-03  6.97721E-03  0.00000E+00  0.00000E+00  0.00000E+00
   52073   1  0.00000E+00  0.00000E+00  0.00000E+00  0.00000E+00  0.00000E+00  0.00000E+00  0.00000E+00  0.00000E+00  0.00000E+00  0.00000E+00  0.00000E+00  0.00000E+00  0.00000E+00  0.00000E+00  0.00000E+00  0.00000E+00  0.00000E+00  0.00000E+00  0.00000E+00  0.00000E+00  0.00000E+00  0.00000E+00  0.00000E+00  0.00000E+00
   52073   2  2.13904E-01  2.13904E-01  2.13904E-01  2.13904E-01  2.13904E-01  2.13904E-01  2.13904E-01  2.13904E-01  2.13904E-01  2.13904E-01  2.13904E-01  2.13904E-01  2.13904E-01  2.13904E-01  2.13904E-01  2.13904E-01  2.13904E-01  2.13904E-01  2.13904E-01  2.13904E-01  2.13904E-01  2.13904E-01  2.13904E-01  2.13904E-01
   52076   7  0.00000E+00  0.00000E+00  0.00000E+00  0.00000E+00  0.00000E+00  0.00000E+00  0.00000E+00  0.00000E+00  0.00000E+00  0.00000E+00  0.00000E+00  0.00000E+00  0.00000E+00  0.00000E+00  0.00000E+00  0.00000E+00  0.00000E+00  0.00000E+00  0.00000E+00  0.00000E+00  0.00000E+00  0.00000E+00  0.00000E+00  0.00000E+00
   56308   3  0.00000E+00  0.00000E+00  0.00000E+00  0.00000E+00  0.00000E+00  0.00000E+00  0.00000E+00  0.00000E+00  0.00000E+00  0.00000E+00  0.00000E+00  0.00000E+00  0.00000E+00  0.00000E+00  0.00000E+00  0.00000E+00  0.00000E+00  0.00000E+00  0.00000E+00  0.00000E+00  0.00000E+00  0.00000E+00  0.00000E+00  0.00000E+00
   57719   2  9.93055E-07  9.93055E-07  9.93055E-07  9.93055E-07  9.93055E-07  9.93055E-07  9.93055E-07  9.93055E-07  9.93055E-07  9.93055E-07  9.93055E-07  9.93055E-07  9.93055E-07  9.93055E-07  9.93055E-07  9.93055E-07  9.93055E-07  9.93055E-07  9.93055E-07  9.93055E-07  9.93055E-07  9.93055E-07  9.93055E-07  9.93055E-07
   58787   3  0.00000E+00  0.00000E+00  0.00000E+00  0.00000E+00  0.00000E+00  0.00000E+00  0.00000E+00  0.00000E+00  0.00000E+00  0.00000E+00  0.00000E+00  0.00000E+00  0.00000E+00  0.00000E+00  0.00000E+00  0.00000E+00  0.00000E+00  0.00000E+00  0.00000E+00  0.00000E+00  0.00000E+00  0.00000E+00  0.00000E+00  0.00000E+00
   58787   2  0.00000E+00  0.00000E+00  0.00000E+00  0.00000E+00  0.00000E+00  0.00000E+00  0.00000E+00  0.00000E+00  0.00000E+00  0.00000E+00  0.00000E+00  0.00000E+00  0.00000E+00  0.00000E+00  0.00000E+00  0.00000E+00  0.00000E+00  0.00000E+00  0.00000E+00  0.00000E+00  0.00000E+00  0.00000E+00  0.00000E+00  0.00000E+00
   52405   4  0.00000E+00  0.00000E+00  0.00000E+00  0.00000E+00  0.00000E+00  0.00000E+00  0.00000E+00  0.00000E+00  0.00000E+00  0.00000E+00  0.00000E+00  0.00000E+00  0.00000E+00  0.00000E+00  0.00000E+00  0.00000E+00  0.00000E+00  0.00000E+00  0.00000E+00  0.00000E+00  0.00000E+00  0.00000E+00  0.00000E+00  0.00000E+00
   53828   3  0.00000E+00  0.00000E+00  0.00000E+00  0.00000E+00  0.00000E+00  0.00000E+00  0.00000E+00  0.00000E+00  0.00000E+00  0.00000E+00  0.00000E+00  0.00000E+00  0.00000E+00  0.00000E+00  0.00000E+00  0.00000E+00  0.00000E+00  0.00000E+00  0.00000E+00  0.00000E+00  0.00000E+00  0.00000E+00  0.00000E+00  0.00000E+00
   59849   3  3.40618E-04  3.40618E-04  3.40618E-04  3.40618E-04  3.40618E-04  3.40618E-04  3.40618E-04  3.40618E-04  3.40618E-04  3.40618E-04  3.40618E-04  3.40618E-04  3.40618E-04  3.40618E-04  3.40618E-04  3.40618E-04  3.40618E-04  3.40618E-04  3.40618E-04  3.40618E-04  3.40618E-04  3.40618E-04  3.40618E-04  3.40618E-04
   59849   4  0.00000E+00  0.00000E+00  0.00000E+00  0.00000E+00  0.00000E+00  0.00000E+00  0.00000E+00  0.00000E+00  0.00000E+00  0.00000E+00  0.00000E+00  0.00000E+00  0.00000E+00  0.00000E+00  0.00000E+00  0.00000E+00  0.00000E+00  0.00000E+00  0.00000E+00  0.00000E+00  0.00000E+00  0.00000E+00  0.00000E+00  0.00000E+00
   46431   3  0.00000E+00  0.00000E+00  0.00000E+00  0.00000E+00  0.00000E+00  0.00000E+00  0.00000E+00  0.00000E+00  0.00000E+00  0.00000E+00  0.00000E+00  0.00000E+00  0.00000E+00  0.00000E+00  0.00000E+00  0.00000E+00  0.00000E+00  0.00000E+00  0.00000E+00  0.00000E+00  0.00000E+00  0.00000E+00  0.00000E+00  0.00000E+00
   46078   4  0.00000E+00  0.00000E+00  0.00000E+00  0.00000E+00  0.00000E+00  0.00000E+00  0.00000E+00  0.00000E+00  0.00000E+00  0.00000E+00  0.00000E+00  0.00000E+00  0.00000E+00  0.00000E+00  0.00000E+00  0.00000E+00  0.00000E+00  0.00000E+00  0.00000E+00  0.00000E+00  0.00000E+00  0.00000E+00  0.00000E+00  0.00000E+00
   46078   3  0.00000E+00  0.00000E+00  0.00000E+00  0.00000E+00  0.00000E+00  0.00000E+00  0.00000E+00  0.00000E+00  0.00000E+00  0.00000E+00  0.00000E+00  0.00000E+00  0.00000E+00  0.00000E+00  0.00000E+00  0.00000E+00  0.00000E+00  0.00000E+00  0.00000E+00  0.00000E+00  0.00000E+00  0.00000E+00  0.00000E+00  0.00000E+00
   46078   7  0.00000E+00  0.00000E+00  0.00000E+00  0.00000E+00  0.00000E+00  0.00000E+00  0.00000E+00  0.00000E+00  0.00000E+00  0.00000E+00  0.00000E+00  0.00000E+00  0.00000E+00  1.13777E-01  1.13777E-01  1.13777E-01  1.13777E-01  1.13777E-01  1.13777E-01  1.13777E-01  1.13777E-01  0.00000E+00  0.00000E+00  0.00000E+00
   47835   2  9.23639E-03  9.23639E-03  9.23639E-03  9.23639E-03  9.23639E-03  9.23639E-03  9.23639E-03  9.23639E-03  9.23639E-03  9.23639E-03  9.23639E-03  9.23639E-03  9.23639E-03  9.23639E-03  9.23639E-03  9.23639E-03  9.23639E-03  9.23639E-03  9.23639E-03  9.23639E-03  9.23639E-03  9.23639E-03  9.23639E-03  9.23639E-03
   47835   8  0.00000E+00  0.00000E+00  0.00000E+00  0.00000E+00  0.00000E+00  0.00000E+00  0.00000E+00  0.00000E+00  0.00000E+00  0.00000E+00  0.00000E+00  0.00000E+00  0.00000E+00  0.00000E+00  0.00000E+00  0.00000E+00  0.00000E+00  0.00000E+00  0.00000E+00  0.00000E+00  0.00000E+00  0.00000E+00  0.00000E+00  0.00000E+00
   47835   3  0.00000E+00  0.00000E+00  0.00000E+00  0.00000E+00  0.00000E+00  0.00000E+00  0.00000E+00  0.00000E+00  0.00000E+00  0.00000E+00  0.00000E+00  0.00000E+00  0.00000E+00  0.00000E+00  0.00000E+00  0.00000E+00  0.00000E+00  0.00000E+00  0.00000E+00  0.00000E+00  0.00000E+00  0.00000E+00  0.00000E+00  0.00000E+00
   56665   7  0.00000E+00  0.00000E+00  0.00000E+00  0.00000E+00  0.00000E+00  0.00000E+00  0.00000E+00  0.00000E+00  0.00000E+00  0.00000E+00  0.00000E+00  0.00000E+00  0.00000E+00  0.00000E+00  0.00000E+00  0.00000E+00  0.00000E+00  0.00000E+00  0.00000E+00  0.00000E+00  0.00000E+00  0.00000E+00  0.00000E+00  0.00000E+00
   45724   4  0.00000E+00  0.00000E+00  0.00000E+00  0.00000E+00  0.00000E+00  0.00000E+00  0.00000E+00  0.00000E+00  0.00000E+00  0.00000E+00  0.00000E+00  0.00000E+00  0.00000E+00  0.00000E+00  0.00000E+00  0.00000E+00  0.00000E+00  0.00000E+00  0.00000E+00  0.00000E+00  0.00000E+00  0.00000E+00  0.00000E+00  0.00000E+00
   45724   3  0.00000E+00  0.00000E+00  0.00000E+00  0.00000E+00  0.00000E+00  0.00000E+00  0.00000E+00  0.00000E+00  0.00000E+00  0.00000E+00  0.00000E+00  0.00000E+00  0.00000E+00  0.00000E+00  0.00000E+00  0.00000E+00  0.00000E+00  0.00000E+00  0.00000E+00  0.00000E+00  0.00000E+00  0.00000E+00  0.00000E+00  0.00000E+00
   44664   7  0.00000E+00  0.00000E+00  0.00000E+00  0.00000E+00  0.00000E+00  0.00000E+00  0.00000E+00  0.00000E+00  0.00000E+00  0.00000E+00  0.00000E+00  0.00000E+00  0.00000E+00  8.22250E-04  8.22250E-04  8.22250E-04  8.22250E-04  8.22250E-04  8.22250E-04  8.22250E-04  8.22250E-04  0.00000E+00  0.00000E+00  0.00000E+00
   45724   7  0.00000E+00  0.00000E+00  0.00000E+00  0.00000E+00  0.00000E+00  0.00000E+00  0.00000E+00  0.00000E+00  0.00000E+00  0.00000E+00  0.00000E+00  0.00000E+00  0.00000E+00  0.00000E+00  0.00000E+00  0.00000E+00  0.00000E+00  0.00000E+00  0.00000E+00  0.00000E+00  0.00000E+00  0.00000E+00  0.00000E+00  0.00000E+00
   56311   3  0.00000E+00  0.00000E+00  0.00000E+00  0.00000E+00  0.00000E+00  0.00000E+00  0.00000E+00  0.00000E+00  0.00000E+00  0.00000E+00  0.00000E+00  0.00000E+00  0.00000E+00  0.00000E+00  0.00000E+00  0.00000E+00  0.00000E+00  0.00000E+00  0.00000E+00  0.00000E+00  0.00000E+00  0.00000E+00  0.00000E+00  0.00000E+00
   46050   3  4.03851E-03  4.03851E-03  4.03851E-03  4.03851E-03  4.03851E-03  4.03851E-03  4.03851E-03  4.03851E-03  4.03851E-03  4.03851E-03  4.03851E-03  4.03851E-03  4.03851E-03  4.03851E-03  4.03851E-03  4.03851E-03  4.03851E-03  4.03851E-03  4.03851E-03  4.03851E-03  4.03851E-03  4.03851E-03  4.03851E-03  4.03851E-03
   46050   4  0.00000E+00  0.00000E+00  0.00000E+00  0.00000E+00  0.00000E+00  0.00000E+00  0.00000E+00  0.00000E+00  0.00000E+00  0.00000E+00  0.00000E+00  0.00000E+00  0.00000E+00  0.00000E+00  0.00000E+00  0.00000E+00  0.00000E+00  0.00000E+00  0.00000E+00  0.00000E+00  0.00000E+00  0.00000E+00  0.00000E+00  0.00000E+00
   46050   2  0.00000E+00  0.00000E+00  0.00000E+00  0.00000E+00  0.00000E+00  0.00000E+00  0.00000E+00  0.00000E+00  0.00000E+00  0.00000E+00  0.00000E+00  0.00000E+00  0.00000E+00  0.00000E+00  0.00000E+00  0.00000E+00  0.00000E+00  0.00000E+00  0.00000E+00  0.00000E+00  0.00000E+00  0.00000E+00  0.00000E+00  0.00000E+00
   46051   4  0.00000E+00  0.00000E+00  0.00000E+00  0.00000E+00  0.00000E+00  0.00000E+00  0.00000E+00  0.00000E+00  0.00000E+00  0.00000E+00  0.00000E+00  0.00000E+00  0.00000E+00  0.00000E+00  0.00000E+00  0.00000E+00  0.00000E+00  0.00000E+00  0.00000E+00  0.00000E+00  0.00000E+00  0.00000E+00  0.00000E+00  0.00000E+00
   71070   3  0.00000E+00  0.00000E+00  0.00000E+00  0.00000E+00  0.00000E+00  0.00000E+00  0.00000E+00  0.00000E+00  0.00000E+00  0.00000E+00  0.00000E+00  0.00000E+00  0.00000E+00  0.00000E+00  0.00000E+00  0.00000E+00  0.00000E+00  0.00000E+00  0.00000E+00  0.00000E+00  0.00000E+00  0.00000E+00  0.00000E+00  0.00000E+00
   55562   4  0.00000E+00  0.00000E+00  0.00000E+00  0.00000E+00  0.00000E+00  0.00000E+00  0.00000E+00  0.00000E+00  0.00000E+00  0.00000E+00  0.00000E+00  0.00000E+00  0.00000E+00  0.00000E+00  0.00000E+00  0.00000E+00  0.00000E+00  0.00000E+00  0.00000E+00  0.00000E+00  0.00000E+00  0.00000E+00  0.00000E+00  0.00000E+00
   59075   4  0.00000E+00  0.00000E+00  0.00000E+00  0.00000E+00  0.00000E+00  0.00000E+00  0.00000E+00  0.00000E+00  0.00000E+00  0.00000E+00  0.00000E+00  0.00000E+00  0.00000E+00  0.00000E+00  0.00000E+00  0.00000E+00  0.00000E+00  0.00000E+00  0.00000E+00  0.00000E+00  0.00000E+00  0.00000E+00  0.00000E+00  0.00000E+00
   57669   3  0.00000E+00  0.00000E+00  0.00000E+00  0.00000E+00  0.00000E+00  0.00000E+00  0.00000E+00  0.00000E+00  0.00000E+00  0.00000E+00  0.00000E+00  0.00000E+00  0.00000E+00  0.00000E+00  0.00000E+00  0.00000E+00  0.00000E+00  0.00000E+00  0.00000E+00  0.00000E+00  0.00000E+00  0.00000E+00  0.00000E+00  0.00000E+00
   59789   3  7.94444E-06  7.94444E-06  7.94444E-06  7.94444E-06  7.94444E-06  7.94444E-06  7.94444E-06  7.94444E-06  7.94444E-06  7.94444E-06  7.94444E-06  7.94444E-06  7.94444E-06  7.94444E-06  7.94444E-06  7.94444E-06  7.94444E-06  7.94444E-06  7.94444E-06  7.94444E-06  7.94444E-06  7.94444E-06  7.94444E-06  7.94444E-06
   59789   4  0.00000E+00  0.00000E+00  0.00000E+00  0.00000E+00  0.00000E+00  0.00000E+00  0.00000E+00  0.00000E+00  0.00000E+00  0.00000E+00  0.00000E+00  0.00000E+00  0.00000E+00  0.00000E+00  0.00000E+00  0.00000E+00  0.00000E+00  0.00000E+00  0.00000E+00  0.00000E+00  0.00000E+00  0.00000E+00  0.00000E+00  0.00000E+00
   59437   5  0.00000E+00  0.00000E+00  0.00000E+00  0.00000E+00  0.00000E+00  0.00000E+00  0.00000E+00  0.00000E+00  0.00000E+00  0.00000E+00  0.00000E+00  0.00000E+00  0.00000E+00  0.00000E+00  0.00000E+00  0.00000E+00  0.00000E+00  0.00000E+00  0.00000E+00  0.00000E+00  0.00000E+00  0.00000E+00  0.00000E+00  0.00000E+00
   57677   2  0.00000E+00  0.00000E+00  0.00000E+00  0.00000E+00  0.00000E+00  0.00000E+00  0.00000E+00  0.00000E+00  0.00000E+00  0.00000E+00  0.00000E+00  0.00000E+00  0.00000E+00  0.00000E+00  0.00000E+00  0.00000E+00  0.00000E+00  0.00000E+00  0.00000E+00  0.00000E+00  0.00000E+00  0.00000E+00  0.00000E+00  0.00000E+00
   57677   4  0.00000E+00  0.00000E+00  0.00000E+00  0.00000E+00  0.00000E+00  0.00000E+00  0.00000E+00  0.00000E+00  0.00000E+00  0.00000E+00  0.00000E+00  0.00000E+00  0.00000E+00  0.00000E+00  0.00000E+00  0.00000E+00  0.00000E+00  0.00000E+00  0.00000E+00  0.00000E+00  0.00000E+00  0.00000E+00  0.00000E+00  0.00000E+00
   57677   3  0.00000E+00  0.00000E+00  0.00000E+00  0.00000E+00  0.00000E+00  0.00000E+00  0.00000E+00  0.00000E+00  0.00000E+00  0.00000E+00  0.00000E+00  0.00000E+00  0.00000E+00  0.00000E+00  0.00000E+00  0.00000E+00  0.00000E+00  0.00000E+00  0.00000E+00  0.00000E+00  0.00000E+00  0.00000E+00  0.00000E+00  0.00000E+00
   52380   7  0.00000E+00  0.00000E+00  0.00000E+00  0.00000E+00  0.00000E+00  0.00000E+00  0.00000E+00  0.00000E+00  0.00000E+00  0.00000E+00  0.00000E+00  0.00000E+00  0.00000E+00  0.00000E+00  0.00000E+00  0.00000E+00  0.00000E+00  0.00000E+00  0.00000E+00  0.00000E+00  0.00000E+00  0.00000E+00  0.00000E+00  0.00000E+00
   52380   3  0.00000E+00  0.00000E+00  0.00000E+00  0.00000E+00  0.00000E+00  0.00000E+00  0.00000E+00  0.00000E+00  0.00000E+00  0.00000E+00  0.00000E+00  0.00000E+00  0.00000E+00  0.00000E+00  0.00000E+00  0.00000E+00  0.00000E+00  0.00000E+00  0.00000E+00  0.00000E+00  0.00000E+00  0.00000E+00  0.00000E+00  0.00000E+00
   73199   3  9.98407E-06  9.98407E-06  9.98407E-06  9.98407E-06  9.98407E-06  9.98407E-06  9.98407E-06  9.98407E-06  9.98407E-06  9.98407E-06  9.98407E-06  9.98407E-06  9.98407E-06  9.98407E-06  9.98407E-06  9.98407E-06  9.98407E-06  9.98407E-06  9.98407E-06  9.98407E-06  9.98407E-06  9.98407E-06  9.98407E-06  9.98407E-06
   71434   3  0.00000E+00  0.00000E+00  0.00000E+00  0.00000E+00  0.00000E+00  0.00000E+00  0.00000E+00  0.00000E+00  0.00000E+00  0.00000E+00  0.00000E+00  0.00000E+00  0.00000E+00  0.00000E+00  0.00000E+00  0.00000E+00  0.00000E+00  0.00000E+00  0.00000E+00  0.00000E+00  0.00000E+00  0.00000E+00  0.00000E+00  0.00000E+00
   71434   2  3.31576E-03  3.31576E-03  3.31576E-03  3.31576E-03  3.31576E-03  3.31576E-03  3.31576E-03  3.31576E-03  3.31576E-03  3.31576E-03  3.31576E-03  3.31576E-03  3.31576E-03  3.31576E-03  3.31576E-03  3.31576E-03  3.31576E-03  3.31576E-03  3.31576E-03  3.31576E-03  3.31576E-03  3.31576E-03  3.31576E-03  3.31576E-03
   73199   2  0.00000E+00  0.00000E+00  0.00000E+00  0.00000E+00  0.00000E+00  0.00000E+00  0.00000E+00  0.00000E+00  0.00000E+00  0.00000E+00  0.00000E+00  0.00000E+00  0.00000E+00  0.00000E+00  0.00000E+00  0.00000E+00  0.00000E+00  0.00000E+00  0.00000E+00  0.00000E+00  0.00000E+00  0.00000E+00  0.00000E+00  0.00000E+00
   73199   4  7.84514E-05  7.84514E-05  7.84514E-05  7.84514E-05  7.84514E-05  7.84514E-05  7.84514E-05  7.84514E-05  7.84514E-05  7.84514E-05  7.84514E-05  7.84514E-05  7.84514E-05  7.84514E-05  7.84514E-05  7.84514E-05  7.84514E-05  7.84514E-05  7.84514E-05  7.84514E-05  7.84514E-05  7.84514E-05  7.84514E-05  7.84514E-05
   72847   4  0.00000E+00  0.00000E+00  0.00000E+00  0.00000E+00  0.00000E+00  0.00000E+00  0.00000E+00  0.00000E+00  0.00000E+00  0.00000E+00  0.00000E+00  0.00000E+00  0.00000E+00  0.00000E+00  0.00000E+00  0.00000E+00  0.00000E+00  0.00000E+00  0.00000E+00  0.00000E+00  0.00000E+00  0.00000E+00  0.00000E+00  0.00000E+00
   72846   3  0.00000E+00  0.00000E+00  0.00000E+00  0.00000E+00  0.00000E+00  0.00000E+00  0.00000E+00  0.00000E+00  0.00000E+00  0.00000E+00  0.00000E+00  0.00000E+00  0.00000E+00  0.00000E+00  5.54446E-04  5.54446E-04  5.54446E-04  5.54446E-04  5.54446E-04  5.54446E-04  5.54446E-04  5.54446E-04  0.00000E+00  0.00000E+00
   72846   4  0.00000E+00  0.00000E+00  0.00000E+00  0.00000E+00  0.00000E+00  0.00000E+00  0.00000E+00  0.00000E+00  0.00000E+00  0.00000E+00  0.00000E+00  0.00000E+00  0.00000E+00  0.00000E+00  0.00000E+00  0.00000E+00  0.00000E+00  0.00000E+00  0.00000E+00  0.00000E+00  0.00000E+00  0.00000E+00  0.00000E+00  0.00000E+00
   73200   4  0.00000E+00  0.00000E+00  0.00000E+00  0.00000E+00  0.00000E+00  0.00000E+00  0.00000E+00  0.00000E+00  0.00000E+00  0.00000E+00  0.00000E+00  0.00000E+00  0.00000E+00  0.00000E+00  0.00000E+00  0.00000E+00  0.00000E+00  0.00000E+00  0.00000E+00  0.00000E+00  0.00000E+00  0.00000E+00  0.00000E+00  0.00000E+00
   72845   4  0.00000E+00  0.00000E+00  0.00000E+00  0.00000E+00  0.00000E+00  0.00000E+00  0.00000E+00  0.00000E+00  0.00000E+00  0.00000E+00  0.00000E+00  0.00000E+00  0.00000E+00  0.00000E+00  0.00000E+00  0.00000E+00  0.00000E+00  0.00000E+00  0.00000E+00  0.00000E+00  0.00000E+00  0.00000E+00  0.00000E+00  0.00000E+00
   72139   7  0.00000E+00  0.00000E+00  0.00000E+00  0.00000E+00  0.00000E+00  0.00000E+00  0.00000E+00  0.00000E+00  0.00000E+00  0.00000E+00  0.00000E+00  0.00000E+00  0.00000E+00  0.00000E+00  0.00000E+00  0.00000E+00  0.00000E+00  0.00000E+00  0.00000E+00  0.00000E+00  0.00000E+00  0.00000E+00  0.00000E+00  0.00000E+00
   57997   3  5.05447E-06  5.05447E-06  5.05447E-06  5.05447E-06  5.05447E-06  5.05447E-06  5.05447E-06  5.05447E-06  5.05447E-06  5.05447E-06  5.05447E-06  5.05447E-06  5.05447E-06  5.05447E-06  5.05447E-06  5.05447E-06  5.05447E-06  5.05447E-06  5.05447E-06  5.05447E-06  5.05447E-06  5.05447E-06  5.05447E-06  5.05447E-06
   51672   3  0.00000E+00  0.00000E+00  0.00000E+00  0.00000E+00  0.00000E+00  0.00000E+00  0.00000E+00  0.00000E+00  0.00000E+00  0.00000E+00  0.00000E+00  0.00000E+00  0.00000E+00  0.00000E+00  0.00000E+00  0.00000E+00  0.00000E+00  0.00000E+00  0.00000E+00  0.00000E+00  0.00000E+00  0.00000E+00  0.00000E+00  0.00000E+00
   56265   3  3.03268E-06  3.03268E-06  3.03268E-06  3.03268E-06  3.03268E-06  3.03268E-06  3.03268E-06  3.03268E-06  3.03268E-06  3.03268E-06  3.03268E-06  3.03268E-06  3.03268E-06  3.03268E-06  3.03268E-06  3.03268E-06  3.03268E-06  3.03268E-06  3.03268E-06  3.03268E-06  3.03268E-06  3.03268E-06  3.03268E-06  3.03268E-06
   46793   2  0.00000E+00  0.00000E+00  0.00000E+00  0.00000E+00  0.00000E+00  0.00000E+00  0.00000E+00  0.00000E+00  0.00000E+00  0.00000E+00  0.00000E+00  0.00000E+00  0.00000E+00  0.00000E+00  0.00000E+00  0.00000E+00  0.00000E+00  0.00000E+00  0.00000E+00  0.00000E+00  0.00000E+00  0.00000E+00  0.00000E+00  0.00000E+00
   47145   7  0.00000E+00  0.00000E+00  0.00000E+00  0.00000E+00  0.00000E+00  0.00000E+00  0.00000E+00  0.00000E+00  0.00000E+00  0.00000E+00  0.00000E+00  0.00000E+00  0.00000E+00  0.00000E+00  0.00000E+00  0.00000E+00  0.00000E+00  0.00000E+00  0.00000E+00  0.00000E+00  0.00000E+00  0.00000E+00  0.00000E+00  0.00000E+00
   47145   4  0.00000E+00  0.00000E+00  0.00000E+00  0.00000E+00  0.00000E+00  0.00000E+00  0.00000E+00  0.00000E+00  0.00000E+00  0.00000E+00  0.00000E+00  0.00000E+00  0.00000E+00  0.00000E+00  0.00000E+00  0.00000E+00  0.00000E+00  0.00000E+00  0.00000E+00  0.00000E+00  0.00000E+00  0.00000E+00  0.00000E+00  0.00000E+00
   46441   1  0.00000E+00  0.00000E+00  0.00000E+00  0.00000E+00  0.00000E+00  0.00000E+00  0.00000E+00  0.00000E+00  0.00000E+00  0.00000E+00  0.00000E+00  0.00000E+00  0.00000E+00  0.00000E+00  0.00000E+00  0.00000E+00  0.00000E+00  0.00000E+00  0.00000E+00  0.00000E+00  0.00000E+00  0.00000E+00  0.00000E+00  0.00000E+00
   46089   7  0.00000E+00  0.00000E+00  0.00000E+00  0.00000E+00  0.00000E+00  0.00000E+00  0.00000E+00  0.00000E+00  0.00000E+00  0.00000E+00  0.00000E+00  0.00000E+00  0.00000E+00  0.00000E+00  0.00000E+00  0.00000E+00  0.00000E+00  0.00000E+00  0.00000E+00  0.00000E+00  0.00000E+00  0.00000E+00  0.00000E+00  0.00000E+00
   47851   4  0.00000E+00  0.00000E+00  0.00000E+00  0.00000E+00  0.00000E+00  0.00000E+00  0.00000E+00  0.00000E+00  0.00000E+00  0.00000E+00  0.00000E+00  0.00000E+00  0.00000E+00  0.00000E+00  0.00000E+00  0.00000E+00  0.00000E+00  0.00000E+00  0.00000E+00  0.00000E+00  0.00000E+00  0.00000E+00  0.00000E+00  0.00000E+00
   47851   3  0.00000E+00  0.00000E+00  0.00000E+00  0.00000E+00  0.00000E+00  0.00000E+00  0.00000E+00  0.00000E+00  0.00000E+00  0.00000E+00  0.00000E+00  0.00000E+00  0.00000E+00  0.00000E+00  0.00000E+00  0.00000E+00  0.00000E+00  0.00000E+00  0.00000E+00  0.00000E+00  0.00000E+00  0.00000E+00  0.00000E+00  0.00000E+00
   47493   3  0.00000E+00  0.00000E+00  0.00000E+00  0.00000E+00  0.00000E+00  0.00000E+00  0.00000E+00  0.00000E+00  0.00000E+00  0.00000E+00  0.00000E+00  0.00000E+00  0.00000E+00  6.25625E-05  6.25625E-05  6.25625E-05  6.25625E-05  6.25625E-05  6.25625E-05  6.25625E-05  6.25625E-05  0.00000E+00  0.00000E+00  0.00000E+00
   47493   4  0.00000E+00  0.00000E+00  0.00000E+00  0.00000E+00  0.00000E+00  0.00000E+00  0.00000E+00  0.00000E+00  0.00000E+00  0.00000E+00  0.00000E+00  0.00000E+00  0.00000E+00  0.00000E+00  0.00000E+00  0.00000E+00  0.00000E+00  0.00000E+00  0.00000E+00  0.00000E+00  0.00000E+00  0.00000E+00  0.00000E+00  0.00000E+00
   47141   4  0.00000E+00  0.00000E+00  0.00000E+00  0.00000E+00  0.00000E+00  0.00000E+00  0.00000E+00  0.00000E+00  0.00000E+00  0.00000E+00  0.00000E+00  0.00000E+00  0.00000E+00  0.00000E+00  0.00000E+00  0.00000E+00  0.00000E+00  0.00000E+00  0.00000E+00  0.00000E+00  0.00000E+00  0.00000E+00  0.00000E+00  0.00000E+00
   47142   4  0.00000E+00  0.00000E+00  0.00000E+00  0.00000E+00  0.00000E+00  0.00000E+00  0.00000E+00  0.00000E+00  0.00000E+00  0.00000E+00  0.00000E+00  0.00000E+00  0.00000E+00  0.00000E+00  0.00000E+00  0.00000E+00  0.00000E+00  0.00000E+00  0.00000E+00  0.00000E+00  0.00000E+00  0.00000E+00  0.00000E+00  0.00000E+00
   47141   3  0.00000E+00  0.00000E+00  0.00000E+00  0.00000E+00  0.00000E+00  0.00000E+00  0.00000E+00  0.00000E+00  0.00000E+00  0.00000E+00  0.00000E+00  0.00000E+00  0.00000E+00  0.00000E+00  0.00000E+00  0.00000E+00  0.00000E+00  0.00000E+00  0.00000E+00  0.00000E+00  0.00000E+00  0.00000E+00  0.00000E+00  0.00000E+00
   47494   3  0.00000E+00  0.00000E+00  0.00000E+00  0.00000E+00  0.00000E+00  0.00000E+00  0.00000E+00  0.00000E+00  0.00000E+00  0.00000E+00  0.00000E+00  0.00000E+00  0.00000E+00  0.00000E+00  0.00000E+00  0.00000E+00  0.00000E+00  0.00000E+00  0.00000E+00  0.00000E+00  0.00000E+00  0.00000E+00  0.00000E+00  0.00000E+00
   46790   4  0.00000E+00  0.00000E+00  0.00000E+00  0.00000E+00  0.00000E+00  0.00000E+00  0.00000E+00  0.00000E+00  0.00000E+00  0.00000E+00  0.00000E+00  0.00000E+00  0.00000E+00  0.00000E+00  0.00000E+00  0.00000E+00  0.00000E+00  0.00000E+00  0.00000E+00  0.00000E+00  0.00000E+00  0.00000E+00  0.00000E+00  0.00000E+00
   46790   3  0.00000E+00  0.00000E+00  0.00000E+00  0.00000E+00  0.00000E+00  0.00000E+00  0.00000E+00  0.00000E+00  0.00000E+00  0.00000E+00  0.00000E+00  0.00000E+00  0.00000E+00  0.00000E+00  0.00000E+00  0.00000E+00  0.00000E+00  0.00000E+00  0.00000E+00  0.00000E+00  0.00000E+00  0.00000E+00  0.00000E+00  0.00000E+00
   47143   4  0.00000E+00  0.00000E+00  0.00000E+00  0.00000E+00  0.00000E+00  0.00000E+00  0.00000E+00  0.00000E+00  0.00000E+00  0.00000E+00  0.00000E+00  0.00000E+00  0.00000E+00  0.00000E+00  0.00000E+00  0.00000E+00  0.00000E+00  0.00000E+00  0.00000E+00  0.00000E+00  0.00000E+00  0.00000E+00  0.00000E+00  0.00000E+00
   47497   7  0.00000E+00  0.00000E+00  0.00000E+00  0.00000E+00  0.00000E+00  0.00000E+00  0.00000E+00  0.00000E+00  0.00000E+00  0.00000E+00  0.00000E+00  0.00000E+00  0.00000E+00  1.13864E-02  1.13864E-02  1.13864E-02  1.13864E-02  1.13864E-02  1.13864E-02  1.13864E-02  1.13864E-02  0.00000E+00  0.00000E+00  0.00000E+00
   47143   3  0.00000E+00  0.00000E+00  0.00000E+00  0.00000E+00  0.00000E+00  0.00000E+00  0.00000E+00  0.00000E+00  0.00000E+00  0.00000E+00  0.00000E+00  0.00000E+00  0.00000E+00  0.00000E+00  0.00000E+00  0.00000E+00  0.00000E+00  0.00000E+00  0.00000E+00  0.00000E+00  0.00000E+00  0.00000E+00  0.00000E+00  0.00000E+00
   46792   4  0.00000E+00  0.00000E+00  0.00000E+00  0.00000E+00  0.00000E+00  0.00000E+00  0.00000E+00  0.00000E+00  0.00000E+00  0.00000E+00  0.00000E+00  0.00000E+00  0.00000E+00  0.00000E+00  0.00000E+00  0.00000E+00  0.00000E+00  0.00000E+00  0.00000E+00  0.00000E+00  0.00000E+00  0.00000E+00  0.00000E+00  0.00000E+00
   46792   3  0.00000E+00  0.00000E+00  0.00000E+00  0.00000E+00  0.00000E+00  0.00000E+00  0.00000E+00  0.00000E+00  0.00000E+00  0.00000E+00  0.00000E+00  0.00000E+00  0.00000E+00  0.00000E+00  0.00000E+00  0.00000E+00  0.00000E+00  0.00000E+00  0.00000E+00  0.00000E+00  0.00000E+00  0.00000E+00  0.00000E+00  0.00000E+00
   46791   3  4.43670E-04  4.43670E-04  4.43670E-04  4.43670E-04  4.43670E-04  4.43670E-04  4.43670E-04  4.43670E-04  4.43670E-04  4.43670E-04  4.43670E-04  4.43670E-04  4.43670E-04  4.14379E-03  4.14379E-03  4.14379E-03  4.14379E-03  4.14379E-03  4.14379E-03  4.14379E-03  4.14379E-03  4.43670E-04  4.43670E-04  4.43670E-04
   46791   8  2.40319E-04  2.40319E-04  2.40319E-04  2.40319E-04  2.40319E-04  2.40319E-04  2.40319E-04  2.40319E-04  2.40319E-04  2.40319E-04  2.40319E-04  2.40319E-04  2.40319E-04  2.40319E-04  2.40319E-04  2.40319E-04  2.40319E-04  2.40319E-04  2.40319E-04  2.40319E-04  2.40319E-04  2.40319E-04  2.40319E-04  2.40319E-04
   46791   2  0.00000E+00  0.00000E+00  0.00000E+00  0.00000E+00  0.00000E+00  0.00000E+00  0.00000E+00  0.00000E+00  0.00000E+00  0.00000E+00  0.00000E+00  0.00000E+00  0.00000E+00  0.00000E+00  0.00000E+00  0.00000E+00  0.00000E+00  0.00000E+00  0.00000E+00  0.00000E+00  0.00000E+00  0.00000E+00  0.00000E+00  0.00000E+00
   46791   4  5.10589E-02  5.10589E-02  5.10589E-02  5.10589E-02  5.10589E-02  5.10589E-02  5.10589E-02  5.10589E-02  5.10589E-02  5.10589E-02  5.10589E-02  5.10589E-02  5.10589E-02  5.10589E-02  5.10589E-02  5.10589E-02  5.10589E-02  5.10589E-02  5.10589E-02  5.10589E-02  5.10589E-02  5.10589E-02  5.10589E-02  5.10589E-02
   46438   3  0.00000E+00  0.00000E+00  0.00000E+00  0.00000E+00  0.00000E+00  0.00000E+00  0.00000E+00  0.00000E+00  0.00000E+00  0.00000E+00  0.00000E+00  0.00000E+00  0.00000E+00  0.00000E+00  0.00000E+00  0.00000E+00  0.00000E+00  0.00000E+00  0.00000E+00  0.00000E+00  0.00000E+00  0.00000E+00  0.00000E+00  0.00000E+00
   47147   3  0.00000E+00  0.00000E+00  0.00000E+00  0.00000E+00  0.00000E+00  0.00000E+00  0.00000E+00  0.00000E+00  0.00000E+00  0.00000E+00  0.00000E+00  0.00000E+00  0.00000E+00  0.00000E+00  0.00000E+00  0.00000E+00  0.00000E+00  0.00000E+00  0.00000E+00  0.00000E+00  0.00000E+00  0.00000E+00  0.00000E+00  0.00000E+00
   47848   3  0.00000E+00  0.00000E+00  0.00000E+00  0.00000E+00  0.00000E+00  0.00000E+00  0.00000E+00  0.00000E+00  0.00000E+00  0.00000E+00  0.00000E+00  0.00000E+00  0.00000E+00  0.00000E+00  0.00000E+00  0.00000E+00  0.00000E+00  0.00000E+00  0.00000E+00  0.00000E+00  0.00000E+00  0.00000E+00  0.00000E+00  0.00000E+00
   46791   1  0.00000E+00  0.00000E+00  0.00000E+00  0.00000E+00  0.00000E+00  0.00000E+00  0.00000E+00  0.00000E+00  0.00000E+00  0.00000E+00  0.00000E+00  0.00000E+00  0.00000E+00  0.00000E+00  0.00000E+00  0.00000E+00  0.00000E+00  0.00000E+00  0.00000E+00  0.00000E+00  0.00000E+00  0.00000E+00  0.00000E+00  0.00000E+00
   47144   3  0.00000E+00  0.00000E+00  0.00000E+00  0.00000E+00  0.00000E+00  0.00000E+00  0.00000E+00  0.00000E+00  0.00000E+00  0.00000E+00  0.00000E+00  0.00000E+00  0.00000E+00  0.00000E+00  0.00000E+00  0.00000E+00  0.00000E+00  0.00000E+00  0.00000E+00  0.00000E+00  0.00000E+00  0.00000E+00  0.00000E+00  0.00000E+00
   47144   4  0.00000E+00  0.00000E+00  0.00000E+00  0.00000E+00  0.00000E+00  0.00000E+00  0.00000E+00  0.00000E+00  0.00000E+00  0.00000E+00  0.00000E+00  0.00000E+00  0.00000E+00  0.00000E+00  0.00000E+00  0.00000E+00  0.00000E+00  0.00000E+00  0.00000E+00  0.00000E+00  0.00000E+00  0.00000E+00  0.00000E+00  0.00000E+00
   47144   1  3.53813E-05  3.53813E-05  3.53813E-05  3.53813E-05  3.53813E-05  3.53813E-05  3.53813E-05  3.53813E-05  3.53813E-05  3.53813E-05  3.53813E-05  3.53813E-05  3.53813E-05  3.53813E-05  3.53813E-05  3.53813E-05  3.53813E-05  3.53813E-05  3.53813E-05  3.53813E-05  3.53813E-05  3.53813E-05  3.53813E-05  3.53813E-05
   47144   2  0.00000E+00  0.00000E+00  0.00000E+00  0.00000E+00  0.00000E+00  0.00000E+00  0.00000E+00  0.00000E+00  0.00000E+00  0.00000E+00  0.00000E+00  0.00000E+00  0.00000E+00  0.00000E+00  0.00000E+00  0.00000E+00  0.00000E+00  0.00000E+00  0.00000E+00  0.00000E+00  0.00000E+00  0.00000E+00  0.00000E+00  0.00000E+00
   46789   3  0.00000E+00  0.00000E+00  0.00000E+00  0.00000E+00  0.00000E+00  0.00000E+00  0.00000E+00  0.00000E+00  0.00000E+00  0.00000E+00  0.00000E+00  0.00000E+00  0.00000E+00  0.00000E+00  0.00000E+00  0.00000E+00  0.00000E+00  0.00000E+00  0.00000E+00  0.00000E+00  0.00000E+00  0.00000E+00  0.00000E+00  0.00000E+00
   46789   4  0.00000E+00  0.00000E+00  0.00000E+00  0.00000E+00  0.00000E+00  0.00000E+00  0.00000E+00  0.00000E+00  0.00000E+00  0.00000E+00  0.00000E+00  0.00000E+00  0.00000E+00  0.00000E+00  0.00000E+00  0.00000E+00  0.00000E+00  0.00000E+00  0.00000E+00  0.00000E+00  0.00000E+00  0.00000E+00  0.00000E+00  0.00000E+00
   46436   7  0.00000E+00  0.00000E+00  0.00000E+00  0.00000E+00  0.00000E+00  0.00000E+00  0.00000E+00  0.00000E+00  0.00000E+00  0.00000E+00  0.00000E+00  0.00000E+00  0.00000E+00  0.00000E+00  0.00000E+00  0.00000E+00  0.00000E+00  0.00000E+00  0.00000E+00  0.00000E+00  0.00000E+00  0.00000E+00  0.00000E+00  0.00000E+00
   71754   1  0.00000E+00  0.00000E+00  0.00000E+00  0.00000E+00  0.00000E+00  0.00000E+00  0.00000E+00  0.00000E+00  0.00000E+00  0.00000E+00  0.00000E+00  0.00000E+00  0.00000E+00  0.00000E+00  1.55215E-03  1.55215E-03  1.55215E-03  1.55215E-03  1.55215E-03  1.55215E-03  1.55215E-03  1.55215E-03  0.00000E+00  0.00000E+00
   71755   4  0.00000E+00  0.00000E+00  0.00000E+00  0.00000E+00  0.00000E+00  0.00000E+00  0.00000E+00  0.00000E+00  0.00000E+00  0.00000E+00  0.00000E+00  0.00000E+00  0.00000E+00  0.00000E+00  0.00000E+00  0.00000E+00  0.00000E+00  0.00000E+00  0.00000E+00  0.00000E+00  0.00000E+00  0.00000E+00  0.00000E+00  0.00000E+00
   72073   3  0.00000E+00  0.00000E+00  0.00000E+00  0.00000E+00  0.00000E+00  0.00000E+00  0.00000E+00  0.00000E+00  0.00000E+00  0.00000E+00  0.00000E+00  0.00000E+00  0.00000E+00  0.00000E+00  0.00000E+00  0.00000E+00  0.00000E+00  0.00000E+00  0.00000E+00  0.00000E+00  0.00000E+00  0.00000E+00  0.00000E+00  0.00000E+00
   70667   3  4.96528E-06  4.96528E-06  4.96528E-06  4.96528E-06  4.96528E-06  4.96528E-06  4.96528E-06  4.96528E-06  4.96528E-06  4.96528E-06  4.96528E-06  4.96528E-06  4.96528E-06  4.96528E-06  4.96528E-06  4.96528E-06  4.96528E-06  4.96528E-06  4.96528E-06  4.96528E-06  4.96528E-06  4.96528E-06  4.96528E-06  4.96528E-06
   55157   3  1.98611E-06  1.98611E-06  1.98611E-06  1.98611E-06  1.98611E-06  1.98611E-06  1.98611E-06  1.98611E-06  1.98611E-06  1.98611E-06  1.98611E-06  1.98611E-06  1.98611E-06  1.98611E-06  1.98611E-06  1.98611E-06  1.98611E-06  1.98611E-06  1.98611E-06  1.98611E-06  1.98611E-06  1.98611E-06  1.98611E-06  1.98611E-06
   55157   7  0.00000E+00  0.00000E+00  0.00000E+00  0.00000E+00  0.00000E+00  0.00000E+00  0.00000E+00  0.00000E+00  0.00000E+00  0.00000E+00  0.00000E+00  0.00000E+00  0.00000E+00  0.00000E+00  0.00000E+00  0.00000E+00  0.00000E+00  0.00000E+00  0.00000E+00  0.00000E+00  0.00000E+00  0.00000E+00  0.00000E+00  0.00000E+00
   70688   2  1.21712E-03  1.21712E-03  1.21712E-03  1.21712E-03  1.21712E-03  1.21712E-03  1.21712E-03  1.21712E-03  1.21712E-03  1.21712E-03  1.21712E-03  1.21712E-03  1.21712E-03  1.21712E-03  1.21712E-03  1.21712E-03  1.21712E-03  1.21712E-03  1.21712E-03  1.21712E-03  1.21712E-03  1.21712E-03  1.21712E-03  1.21712E-03
   61152   3  1.41525E-05  1.41525E-05  1.41525E-05  1.41525E-05  1.41525E-05  1.41525E-05  1.41525E-05  1.41525E-05  1.41525E-05  1.41525E-05  1.41525E-05  1.41525E-05  1.41525E-05  1.41525E-05  1.41525E-05  1.41525E-05  1.41525E-05  1.41525E-05  1.41525E-05  1.41525E-05  1.41525E-05  1.41525E-05  1.41525E-05  1.41525E-05
   66103   3  0.00000E+00  0.00000E+00  0.00000E+00  0.00000E+00  0.00000E+00  0.00000E+00  0.00000E+00  0.00000E+00  0.00000E+00  0.00000E+00  0.00000E+00  0.00000E+00  0.00000E+00  0.00000E+00  0.00000E+00  0.00000E+00  0.00000E+00  0.00000E+00  0.00000E+00  0.00000E+00  0.00000E+00  0.00000E+00  0.00000E+00  0.00000E+00
   57265   2  0.00000E+00  0.00000E+00  0.00000E+00  0.00000E+00  0.00000E+00  0.00000E+00  0.00000E+00  0.00000E+00  0.00000E+00  0.00000E+00  0.00000E+00  0.00000E+00  0.00000E+00  0.00000E+00  0.00000E+00  0.00000E+00  0.00000E+00  0.00000E+00  0.00000E+00  0.00000E+00  0.00000E+00  0.00000E+00  0.00000E+00  0.00000E+00
   57265   7  0.00000E+00  0.00000E+00  0.00000E+00  0.00000E+00  0.00000E+00  0.00000E+00  0.00000E+00  0.00000E+00  0.00000E+00  0.00000E+00  0.00000E+00  0.00000E+00  0.00000E+00  0.00000E+00  0.00000E+00  0.00000E+00  0.00000E+00  0.00000E+00  0.00000E+00  0.00000E+00  0.00000E+00  0.00000E+00  0.00000E+00  0.00000E+00
   57265   3  0.00000E+00  0.00000E+00  0.00000E+00  0.00000E+00  0.00000E+00  0.00000E+00  0.00000E+00  0.00000E+00  0.00000E+00  0.00000E+00  0.00000E+00  0.00000E+00  0.00000E+00  0.00000E+00  0.00000E+00  0.00000E+00  0.00000E+00  0.00000E+00  0.00000E+00  0.00000E+00  0.00000E+00  0.00000E+00  0.00000E+00  0.00000E+00
   62209   3  9.07044E-04  9.07044E-04  9.07044E-04  9.07044E-04  9.07044E-04  9.07044E-04  9.07044E-04  9.07044E-04  9.07044E-04  9.07044E-04  9.07044E-04  9.07044E-04  9.07044E-04  9.07044E-04  9.07044E-04  9.07044E-04  9.07044E-04  9.07044E-04  9.07044E-04  9.07044E-04  9.07044E-04  9.07044E-04  9.07044E-04  9.07044E-04
   62209   4  0.00000E+00  0.00000E+00  0.00000E+00  0.00000E+00  0.00000E+00  0.00000E+00  0.00000E+00  0.00000E+00  0.00000E+00  0.00000E+00  0.00000E+00  0.00000E+00  0.00000E+00  0.00000E+00  0.00000E+00  0.00000E+00  0.00000E+00  0.00000E+00  0.00000E+00  0.00000E+00  0.00000E+00  0.00000E+00  0.00000E+00  0.00000E+00
   62209   2  0.00000E+00  0.00000E+00  0.00000E+00  0.00000E+00  0.00000E+00  0.00000E+00  0.00000E+00  0.00000E+00  0.00000E+00  0.00000E+00  0.00000E+00  0.00000E+00  0.00000E+00  0.00000E+00  0.00000E+00  0.00000E+00  0.00000E+00  0.00000E+00  0.00000E+00  0.00000E+00  0.00000E+00  0.00000E+00  0.00000E+00  0.00000E+00
   62560   3  0.00000E+00  0.00000E+00  0.00000E+00  0.00000E+00  0.00000E+00  0.00000E+00  0.00000E+00  0.00000E+00  0.00000E+00  0.00000E+00  0.00000E+00  0.00000E+00  0.00000E+00  0.00000E+00  1.87848E-01  1.87848E-01  1.87848E-01  1.87848E-01  1.87848E-01  1.87848E-01  1.87848E-01  1.87848E-01  0.00000E+00  0.00000E+00
   62560   6  3.21774E-04  3.21774E-04  3.21774E-04  3.21774E-04  3.21774E-04  3.21774E-04  3.21774E-04  3.21774E-04  3.21774E-04  3.21774E-04  3.21774E-04  3.21774E-04  3.21774E-04  3.21774E-04  3.21774E-04  3.21774E-04  3.21774E-04  3.21774E-04  3.21774E-04  3.21774E-04  3.21774E-04  3.21774E-04  3.21774E-04  3.21774E-04
   62560   2  0.00000E+00  0.00000E+00  0.00000E+00  0.00000E+00  0.00000E+00  0.00000E+00  0.00000E+00  0.00000E+00  0.00000E+00  0.00000E+00  0.00000E+00  0.00000E+00  0.00000E+00  0.00000E+00  0.00000E+00  0.00000E+00  0.00000E+00  0.00000E+00  0.00000E+00  0.00000E+00  0.00000E+00  0.00000E+00  0.00000E+00  0.00000E+00
   62906   3  0.00000E+00  0.00000E+00  0.00000E+00  0.00000E+00  0.00000E+00  0.00000E+00  0.00000E+00  0.00000E+00  0.00000E+00  0.00000E+00  0.00000E+00  0.00000E+00  0.00000E+00  0.00000E+00  2.23437E-04  2.23437E-04  2.23437E-04  2.23437E-04  2.23437E-04  2.23437E-04  2.23437E-04  2.23437E-04  0.00000E+00  0.00000E+00
   62906   2  0.00000E+00  0.00000E+00  0.00000E+00  0.00000E+00  0.00000E+00  0.00000E+00  0.00000E+00  0.00000E+00  0.00000E+00  0.00000E+00  0.00000E+00  0.00000E+00  0.00000E+00  0.00000E+00  0.00000E+00  0.00000E+00  0.00000E+00  0.00000E+00  0.00000E+00  0.00000E+00  0.00000E+00  0.00000E+00  0.00000E+00  0.00000E+00
   62201   7  0.00000E+00  0.00000E+00  0.00000E+00  0.00000E+00  0.00000E+00  0.00000E+00  0.00000E+00  0.00000E+00  0.00000E+00  0.00000E+00  0.00000E+00  0.00000E+00  0.00000E+00  0.00000E+00  0.00000E+00  0.00000E+00  0.00000E+00  0.00000E+00  0.00000E+00  0.00000E+00  0.00000E+00  0.00000E+00  0.00000E+00  0.00000E+00
   69268   7  0.00000E+00  0.00000E+00  0.00000E+00  0.00000E+00  0.00000E+00  0.00000E+00  0.00000E+00  0.00000E+00  0.00000E+00  0.00000E+00  0.00000E+00  0.00000E+00  0.00000E+00  0.00000E+00  0.00000E+00  0.00000E+00  0.00000E+00  0.00000E+00  0.00000E+00  0.00000E+00  0.00000E+00  0.00000E+00  0.00000E+00  0.00000E+00
   67518   2  0.00000E+00  0.00000E+00  0.00000E+00  0.00000E+00  0.00000E+00  0.00000E+00  0.00000E+00  0.00000E+00  0.00000E+00  0.00000E+00  0.00000E+00  0.00000E+00  0.00000E+00  0.00000E+00  0.00000E+00  0.00000E+00  0.00000E+00  0.00000E+00  0.00000E+00  0.00000E+00  0.00000E+00  0.00000E+00  0.00000E+00  0.00000E+00
   53397   5  0.00000E+00  0.00000E+00  0.00000E+00  0.00000E+00  0.00000E+00  0.00000E+00  0.00000E+00  0.00000E+00  0.00000E+00  0.00000E+00  0.00000E+00  0.00000E+00  0.00000E+00  0.00000E+00  0.00000E+00  0.00000E+00  0.00000E+00  0.00000E+00  0.00000E+00  0.00000E+00  0.00000E+00  0.00000E+00  0.00000E+00  0.00000E+00
   53397   3  0.00000E+00  0.00000E+00  0.00000E+00  0.00000E+00  0.00000E+00  0.00000E+00  0.00000E+00  0.00000E+00  0.00000E+00  0.00000E+00  0.00000E+00  0.00000E+00  0.00000E+00  0.00000E+00  3.27708E-05  3.27708E-05  3.27708E-05  3.27708E-05  3.27708E-05  3.27708E-05  3.27708E-05  3.27708E-05  0.00000E+00  0.00000E+00
   53397   7  0.00000E+00  0.00000E+00  0.00000E+00  0.00000E+00  0.00000E+00  0.00000E+00  0.00000E+00  0.00000E+00  0.00000E+00  0.00000E+00  0.00000E+00  0.00000E+00  0.00000E+00  0.00000E+00  0.00000E+00  0.00000E+00  0.00000E+00  0.00000E+00  0.00000E+00  0.00000E+00  0.00000E+00  0.00000E+00  0.00000E+00  0.00000E+00
   72093   3  0.00000E+00  0.00000E+00  0.00000E+00  0.00000E+00  0.00000E+00  0.00000E+00  0.00000E+00  0.00000E+00  0.00000E+00  0.00000E+00  0.00000E+00  0.00000E+00  0.00000E+00  0.00000E+00  0.00000E+00  0.00000E+00  0.00000E+00  0.00000E+00  0.00000E+00  0.00000E+00  0.00000E+00  0.00000E+00  0.00000E+00  0.00000E+00
   72093   7  0.00000E+00  0.00000E+00  0.00000E+00  0.00000E+00  0.00000E+00  0.00000E+00  0.00000E+00  0.00000E+00  0.00000E+00  0.00000E+00  0.00000E+00  0.00000E+00  0.00000E+00  0.00000E+00  0.00000E+00  0.00000E+00  0.00000E+00  0.00000E+00  0.00000E+00  0.00000E+00  0.00000E+00  0.00000E+00  0.00000E+00  0.00000E+00
   72093   4  0.00000E+00  0.00000E+00  0.00000E+00  0.00000E+00  0.00000E+00  0.00000E+00  0.00000E+00  0.00000E+00  0.00000E+00  0.00000E+00  0.00000E+00  0.00000E+00  0.00000E+00  0.00000E+00  0.00000E+00  0.00000E+00  0.00000E+00  0.00000E+00  0.00000E+00  0.00000E+00  0.00000E+00  0.00000E+00  0.00000E+00  0.00000E+00
   66425   2  0.00000E+00  0.00000E+00  0.00000E+00  0.00000E+00  0.00000E+00  0.00000E+00  0.00000E+00  0.00000E+00  0.00000E+00  0.00000E+00  0.00000E+00  0.00000E+00  0.00000E+00  0.00000E+00  0.00000E+00  0.00000E+00  0.00000E+00  0.00000E+00  0.00000E+00  0.00000E+00  0.00000E+00  0.00000E+00  0.00000E+00  0.00000E+00
   67854   3  4.04358E-06  4.04358E-06  4.04358E-06  4.04358E-06  4.04358E-06  4.04358E-06  4.04358E-06  4.04358E-06  4.04358E-06  4.04358E-06  4.04358E-06  4.04358E-06  4.04358E-06  4.04358E-06  4.04358E-06  4.04358E-06  4.04358E-06  4.04358E-06  4.04358E-06  4.04358E-06  4.04358E-06  4.04358E-06  4.04358E-06  4.04358E-06
   59052   2  9.93055E-07  9.93055E-07  9.93055E-07  9.93055E-07  9.93055E-07  9.93055E-07  9.93055E-07  9.93055E-07  9.93055E-07  9.93055E-07  9.93055E-07  9.93055E-07  9.93055E-07  9.93055E-07  9.93055E-07  9.93055E-07  9.93055E-07  9.93055E-07  9.93055E-07  9.93055E-07  9.93055E-07  9.93055E-07  9.93055E-07  9.93055E-07
   72780   3  4.04358E-06  4.04358E-06  4.04358E-06  4.04358E-06  4.04358E-06  4.04358E-06  4.04358E-06  4.04358E-06  4.04358E-06  4.04358E-06  4.04358E-06  4.04358E-06  4.04358E-06  4.04358E-06  4.04358E-06  4.04358E-06  4.04358E-06  4.04358E-06  4.04358E-06  4.04358E-06  4.04358E-06  4.04358E-06  4.04358E-06  4.04358E-06
   32698   2  0.00000E+00  0.00000E+00  0.00000E+00  0.00000E+00  0.00000E+00  0.00000E+00  0.00000E+00  0.00000E+00  0.00000E+00  0.00000E+00  0.00000E+00  0.00000E+00  0.00000E+00  0.00000E+00  0.00000E+00  0.00000E+00  0.00000E+00  0.00000E+00  0.00000E+00  0.00000E+00  0.00000E+00  0.00000E+00  0.00000E+00  0.00000E+00
   32699   3  0.00000E+00  0.00000E+00  0.00000E+00  0.00000E+00  0.00000E+00  0.00000E+00  0.00000E+00  0.00000E+00  0.00000E+00  0.00000E+00  0.00000E+00  0.00000E+00  0.00000E+00  0.00000E+00  0.00000E+00  0.00000E+00  0.00000E+00  0.00000E+00  0.00000E+00  0.00000E+00  0.00000E+00  0.00000E+00  0.00000E+00  0.00000E+00
   32698   4  2.70111E-04  2.70111E-04  2.70111E-04  2.70111E-04  2.70111E-04  2.70111E-04  2.70111E-04  2.70111E-04  2.70111E-04  2.70111E-04  2.70111E-04  2.70111E-04  2.70111E-04  2.70111E-04  2.70111E-04  2.70111E-04  2.70111E-04  2.70111E-04  2.70111E-04  2.70111E-04  2.70111E-04  2.70111E-04  2.70111E-04  2.70111E-04
   32698   3  0.00000E+00  0.00000E+00  0.00000E+00  0.00000E+00  0.00000E+00  0.00000E+00  0.00000E+00  0.00000E+00  0.00000E+00  0.00000E+00  0.00000E+00  0.00000E+00  0.00000E+00  0.00000E+00  0.00000E+00  0.00000E+00  0.00000E+00  0.00000E+00  0.00000E+00  0.00000E+00  0.00000E+00  0.00000E+00  0.00000E+00  0.00000E+00
   33754   4  0.00000E+00  0.00000E+00  0.00000E+00  0.00000E+00  0.00000E+00  0.00000E+00  0.00000E+00  0.00000E+00  0.00000E+00  0.00000E+00  0.00000E+00  0.00000E+00  0.00000E+00  0.00000E+00  0.00000E+00  0.00000E+00  0.00000E+00  0.00000E+00  0.00000E+00  0.00000E+00  0.00000E+00  0.00000E+00  0.00000E+00  0.00000E+00
   32698   5  0.00000E+00  0.00000E+00  0.00000E+00  0.00000E+00  0.00000E+00  0.00000E+00  0.00000E+00  0.00000E+00  0.00000E+00  0.00000E+00  0.00000E+00  0.00000E+00  0.00000E+00  0.00000E+00  0.00000E+00  0.00000E+00  0.00000E+00  0.00000E+00  0.00000E+00  0.00000E+00  0.00000E+00  0.00000E+00  0.00000E+00  0.00000E+00
   46097   3  6.93051E-06  6.93051E-06  6.93051E-06  6.93051E-06  6.93051E-06  6.93051E-06  6.93051E-06  6.93051E-06  6.93051E-06  6.93051E-06  6.93051E-06  6.93051E-06  6.93051E-06  6.93051E-06  6.93051E-06  6.93051E-06  6.93051E-06  6.93051E-06  6.93051E-06  6.93051E-06  6.93051E-06  6.93051E-06  6.93051E-06  6.93051E-06
   32346   1  0.00000E+00  0.00000E+00  0.00000E+00  0.00000E+00  0.00000E+00  0.00000E+00  0.00000E+00  0.00000E+00  0.00000E+00  0.00000E+00  0.00000E+00  0.00000E+00  0.00000E+00  0.00000E+00  0.00000E+00  0.00000E+00  0.00000E+00  0.00000E+00  0.00000E+00  0.00000E+00  0.00000E+00  0.00000E+00  0.00000E+00  0.00000E+00
   32346   2  0.00000E+00  0.00000E+00  0.00000E+00  0.00000E+00  0.00000E+00  0.00000E+00  0.00000E+00  0.00000E+00  0.00000E+00  0.00000E+00  0.00000E+00  0.00000E+00  0.00000E+00  0.00000E+00  0.00000E+00  0.00000E+00  0.00000E+00  0.00000E+00  0.00000E+00  0.00000E+00  0.00000E+00  0.00000E+00  0.00000E+00  0.00000E+00
   32346   3  0.00000E+00  0.00000E+00  0.00000E+00  0.00000E+00  0.00000E+00  0.00000E+00  0.00000E+00  0.00000E+00  0.00000E+00  0.00000E+00  0.00000E+00  0.00000E+00  0.00000E+00  8.63958E-05  8.63958E-05  8.63958E-05  8.63958E-05  8.63958E-05  8.63958E-05  8.63958E-05  8.63958E-05  0.00000E+00  0.00000E+00  0.00000E+00
   32346   5  0.00000E+00  0.00000E+00  0.00000E+00  0.00000E+00  0.00000E+00  0.00000E+00  0.00000E+00  0.00000E+00  0.00000E+00  0.00000E+00  0.00000E+00  0.00000E+00  0.00000E+00  0.00000E+00  0.00000E+00  0.00000E+00  0.00000E+00  0.00000E+00  0.00000E+00  0.00000E+00  0.00000E+00  0.00000E+00  0.00000E+00  0.00000E+00
   33394   3  0.00000E+00  0.00000E+00  0.00000E+00  0.00000E+00  0.00000E+00  0.00000E+00  0.00000E+00  0.00000E+00  0.00000E+00  0.00000E+00  0.00000E+00  0.00000E+00  0.00000E+00  0.00000E+00  0.00000E+00  0.00000E+00  0.00000E+00  0.00000E+00  0.00000E+00  0.00000E+00  0.00000E+00  0.00000E+00  0.00000E+00  0.00000E+00
   33394   7  0.00000E+00  0.00000E+00  0.00000E+00  0.00000E+00  0.00000E+00  0.00000E+00  0.00000E+00  0.00000E+00  0.00000E+00  0.00000E+00  0.00000E+00  0.00000E+00  0.00000E+00  0.00000E+00  0.00000E+00  0.00000E+00  0.00000E+00  0.00000E+00  0.00000E+00  0.00000E+00  0.00000E+00  0.00000E+00  0.00000E+00  0.00000E+00
   47881   3  0.00000E+00  0.00000E+00  0.00000E+00  0.00000E+00  0.00000E+00  0.00000E+00  0.00000E+00  0.00000E+00  0.00000E+00  0.00000E+00  0.00000E+00  0.00000E+00  0.00000E+00  0.00000E+00  0.00000E+00  0.00000E+00  0.00000E+00  0.00000E+00  0.00000E+00  0.00000E+00  0.00000E+00  0.00000E+00  0.00000E+00  0.00000E+00
   47881   4  0.00000E+00  0.00000E+00  0.00000E+00  0.00000E+00  0.00000E+00  0.00000E+00  0.00000E+00  0.00000E+00  0.00000E+00  0.00000E+00  0.00000E+00  0.00000E+00  0.00000E+00  0.00000E+00  0.00000E+00  0.00000E+00  0.00000E+00  0.00000E+00  0.00000E+00  0.00000E+00  0.00000E+00  0.00000E+00  0.00000E+00  0.00000E+00
   54565   3  9.93055E-07  9.93055E-07  9.93055E-07  9.93055E-07  9.93055E-07  9.93055E-07  9.93055E-07  9.93055E-07  9.93055E-07  9.93055E-07  9.93055E-07  9.93055E-07  9.93055E-07  9.93055E-07  9.93055E-07  9.93055E-07  9.93055E-07  9.93055E-07  9.93055E-07  9.93055E-07  9.93055E-07  9.93055E-07  9.93055E-07  9.93055E-07
   54565   4  0.00000E+00  0.00000E+00  0.00000E+00  0.00000E+00  0.00000E+00  0.00000E+00  0.00000E+00  0.00000E+00  0.00000E+00  0.00000E+00  0.00000E+00  0.00000E+00  0.00000E+00  0.00000E+00  0.00000E+00  0.00000E+00  0.00000E+00  0.00000E+00  0.00000E+00  0.00000E+00  0.00000E+00  0.00000E+00  0.00000E+00  0.00000E+00
   54565   7  0.00000E+00  0.00000E+00  0.00000E+00  0.00000E+00  0.00000E+00  0.00000E+00  0.00000E+00  0.00000E+00  0.00000E+00  0.00000E+00  0.00000E+00  0.00000E+00  0.00000E+00  0.00000E+00  0.00000E+00  0.00000E+00  0.00000E+00  0.00000E+00  0.00000E+00  0.00000E+00  0.00000E+00  0.00000E+00  0.00000E+00  0.00000E+00
   48578   4  5.95833E-06  5.95833E-06  5.95833E-06  5.95833E-06  5.95833E-06  5.95833E-06  5.95833E-06  5.95833E-06  5.95833E-06  5.95833E-06  5.95833E-06  5.95833E-06  5.95833E-06  5.95833E-06  5.95833E-06  5.95833E-06  5.95833E-06  5.95833E-06  5.95833E-06  5.95833E-06  5.95833E-06  5.95833E-06  5.95833E-06  5.95833E-06
   48578   3  0.00000E+00  0.00000E+00  0.00000E+00  0.00000E+00  0.00000E+00  0.00000E+00  0.00000E+00  0.00000E+00  0.00000E+00  0.00000E+00  0.00000E+00  0.00000E+00  0.00000E+00  0.00000E+00  0.00000E+00  0.00000E+00  0.00000E+00  0.00000E+00  0.00000E+00  0.00000E+00  0.00000E+00  0.00000E+00  0.00000E+00  0.00000E+00
   48578   2  0.00000E+00  0.00000E+00  0.00000E+00  0.00000E+00  0.00000E+00  0.00000E+00  0.00000E+00  0.00000E+00  0.00000E+00  0.00000E+00  0.00000E+00  0.00000E+00  0.00000E+00  0.00000E+00  0.00000E+00  0.00000E+00  0.00000E+00  0.00000E+00  0.00000E+00  0.00000E+00  0.00000E+00  0.00000E+00  0.00000E+00  0.00000E+00
   48226   3  0.00000E+00  0.00000E+00  0.00000E+00  0.00000E+00  0.00000E+00  0.00000E+00  0.00000E+00  0.00000E+00  0.00000E+00  0.00000E+00  0.00000E+00  0.00000E+00  0.00000E+00  0.00000E+00  0.00000E+00  0.00000E+00  0.00000E+00  0.00000E+00  0.00000E+00  0.00000E+00  0.00000E+00  0.00000E+00  0.00000E+00  0.00000E+00
   48226   4  0.00000E+00  0.00000E+00  0.00000E+00  0.00000E+00  0.00000E+00  0.00000E+00  0.00000E+00  0.00000E+00  0.00000E+00  0.00000E+00  0.00000E+00  0.00000E+00  0.00000E+00  0.00000E+00  0.00000E+00  0.00000E+00  0.00000E+00  0.00000E+00  0.00000E+00  0.00000E+00  0.00000E+00  0.00000E+00  0.00000E+00  0.00000E+00
   47518   7  0.00000E+00  0.00000E+00  0.00000E+00  0.00000E+00  0.00000E+00  0.00000E+00  0.00000E+00  0.00000E+00  0.00000E+00  0.00000E+00  0.00000E+00  0.00000E+00  0.00000E+00  0.00000E+00  0.00000E+00  0.00000E+00  0.00000E+00  0.00000E+00  0.00000E+00  0.00000E+00  0.00000E+00  0.00000E+00  0.00000E+00  0.00000E+00
   48227   3  0.00000E+00  0.00000E+00  0.00000E+00  0.00000E+00  0.00000E+00  0.00000E+00  0.00000E+00  0.00000E+00  0.00000E+00  0.00000E+00  0.00000E+00  0.00000E+00  0.00000E+00  0.00000E+00  0.00000E+00  0.00000E+00  0.00000E+00  0.00000E+00  0.00000E+00  0.00000E+00  0.00000E+00  0.00000E+00  0.00000E+00  0.00000E+00
   48227   2  0.00000E+00  0.00000E+00  0.00000E+00  0.00000E+00  0.00000E+00  0.00000E+00  0.00000E+00  0.00000E+00  0.00000E+00  0.00000E+00  0.00000E+00  0.00000E+00  0.00000E+00  0.00000E+00  0.00000E+00  0.00000E+00  0.00000E+00  0.00000E+00  0.00000E+00  0.00000E+00  0.00000E+00  0.00000E+00  0.00000E+00  0.00000E+00
   46818   4  0.00000E+00  0.00000E+00  0.00000E+00  0.00000E+00  0.00000E+00  0.00000E+00  0.00000E+00  0.00000E+00  0.00000E+00  0.00000E+00  0.00000E+00  0.00000E+00  0.00000E+00  0.00000E+00  0.00000E+00  0.00000E+00  0.00000E+00  0.00000E+00  0.00000E+00  0.00000E+00  0.00000E+00  0.00000E+00  0.00000E+00  0.00000E+00
   38332   4  0.00000E+00  0.00000E+00  0.00000E+00  0.00000E+00  0.00000E+00  0.00000E+00  0.00000E+00  0.00000E+00  0.00000E+00  0.00000E+00  0.00000E+00  0.00000E+00  0.00000E+00  0.00000E+00  0.00000E+00  0.00000E+00  0.00000E+00  0.00000E+00  0.00000E+00  0.00000E+00  0.00000E+00  0.00000E+00  0.00000E+00  0.00000E+00
   38332   7  0.00000E+00  0.00000E+00  0.00000E+00  0.00000E+00  0.00000E+00  0.00000E+00  0.00000E+00  0.00000E+00  0.00000E+00  0.00000E+00  0.00000E+00  0.00000E+00  0.00000E+00  0.00000E+00  0.00000E+00  0.00000E+00  0.00000E+00  0.00000E+00  0.00000E+00  0.00000E+00  0.00000E+00  0.00000E+00  0.00000E+00  0.00000E+00
   35158   3  0.00000E+00  0.00000E+00  0.00000E+00  0.00000E+00  0.00000E+00  0.00000E+00  0.00000E+00  0.00000E+00  0.00000E+00  0.00000E+00  0.00000E+00  0.00000E+00  0.00000E+00  0.00000E+00  0.00000E+00  0.00000E+00  0.00000E+00  0.00000E+00  0.00000E+00  0.00000E+00  0.00000E+00  0.00000E+00  0.00000E+00  0.00000E+00
   30178   3  1.46893E-04  1.46893E-04  1.46893E-04  1.46893E-04  1.46893E-04  1.46893E-04  1.46893E-04  1.46893E-04  1.46893E-04  1.46893E-04  1.46893E-04  1.46893E-04  1.46893E-04  1.46893E-04  1.46893E-04  1.46893E-04  1.46893E-04  1.46893E-04  1.46893E-04  1.46893E-04  1.46893E-04  1.46893E-04  1.46893E-04  1.46893E-04
   30178   4  2.17230E-03  2.17230E-03  2.17230E-03  2.17230E-03  2.17230E-03  2.17230E-03  2.17230E-03  2.17230E-03  2.17230E-03  2.17230E-03  2.17230E-03  2.17230E-03  2.17230E-03  2.17230E-03  2.17230E-03  2.17230E-03  2.17230E-03  2.17230E-03  2.17230E-03  2.17230E-03  2.17230E-03  2.17230E-03  2.17230E-03  2.17230E-03
   30178   7  0.00000E+00  0.00000E+00  0.00000E+00  0.00000E+00  0.00000E+00  0.00000E+00  0.00000E+00  0.00000E+00  0.00000E+00  0.00000E+00  0.00000E+00  0.00000E+00  0.00000E+00  5.56229E-03  5.56229E-03  5.56229E-03  5.56229E-03  5.56229E-03  5.56229E-03  5.56229E-03  5.56229E-03  0.00000E+00  0.00000E+00  0.00000E+00
   30177   4  2.17837E-06  2.17837E-06  2.17837E-06  2.17837E-06  2.17837E-06  2.17837E-06  2.17837E-06  2.17837E-06  2.17837E-06  2.17837E-06  2.17837E-06  2.17837E-06  2.17837E-06  2.17837E-06  2.17837E-06  2.17837E-06  2.17837E-06  2.17837E-06  2.17837E-06  2.17837E-06  2.17837E-06  2.17837E-06  2.17837E-06  2.17837E-06
   29472   3  0.00000E+00  0.00000E+00  0.00000E+00  0.00000E+00  0.00000E+00  0.00000E+00  0.00000E+00  0.00000E+00  0.00000E+00  0.00000E+00  0.00000E+00  0.00000E+00  0.00000E+00  1.68232E-01  1.68232E-01  1.68232E-01  1.68232E-01  1.68232E-01  1.68232E-01  1.68232E-01  1.68232E-01  0.00000E+00  0.00000E+00  0.00000E+00
   29472   5  0.00000E+00  0.00000E+00  0.00000E+00  0.00000E+00  0.00000E+00  0.00000E+00  0.00000E+00  0.00000E+00  0.00000E+00  0.00000E+00  0.00000E+00  0.00000E+00  0.00000E+00  3.73849E-02  3.73849E-02  3.73849E-02  3.73849E-02  3.73849E-02  3.73849E-02  3.73849E-02  3.73849E-02  0.00000E+00  0.00000E+00  0.00000E+00
   29472   4  0.00000E+00  0.00000E+00  0.00000E+00  0.00000E+00  0.00000E+00  0.00000E+00  0.00000E+00  0.00000E+00  0.00000E+00  0.00000E+00  0.00000E+00  0.00000E+00  0.00000E+00  1.68232E-01  1.68232E-01  1.68232E-01  1.68232E-01  1.68232E-01  1.68232E-01  1.68232E-01  1.68232E-01  0.00000E+00  0.00000E+00  0.00000E+00
   30531   4  2.14553E-06  2.14553E-06  2.14553E-06  2.14553E-06  2.14553E-06  2.14553E-06  2.14553E-06  2.14553E-06  2.14553E-06  2.14553E-06  2.14553E-06  2.14553E-06  2.14553E-06  2.14553E-06  2.14553E-06  2.14553E-06  2.14553E-06  2.14553E-06  2.14553E-06  2.14553E-06  2.14553E-06  2.14553E-06  2.14553E-06  2.14553E-06
   30178   5  0.00000E+00  0.00000E+00  0.00000E+00  0.00000E+00  0.00000E+00  0.00000E+00  0.00000E+00  0.00000E+00  0.00000E+00  0.00000E+00  0.00000E+00  0.00000E+00  0.00000E+00  0.00000E+00  0.00000E+00  0.00000E+00  0.00000E+00  0.00000E+00  0.00000E+00  0.00000E+00  0.00000E+00  0.00000E+00  0.00000E+00  0.00000E+00
   30526   3  1.26980E-06  1.26980E-06  1.26980E-06  1.26980E-06  1.26980E-06  1.26980E-06  1.26980E-06  1.26980E-06  1.26980E-06  1.26980E-06  1.26980E-06  1.26980E-06  1.26980E-06  1.26980E-06  1.26980E-06  1.26980E-06  1.26980E-06  1.26980E-06  1.26980E-06  1.26980E-06  1.26980E-06  1.26980E-06  1.26980E-06  1.26980E-06
   30529   3  0.00000E+00  0.00000E+00  0.00000E+00  0.00000E+00  0.00000E+00  0.00000E+00  0.00000E+00  0.00000E+00  0.00000E+00  0.00000E+00  0.00000E+00  0.00000E+00  0.00000E+00  0.00000E+00  0.00000E+00  0.00000E+00  0.00000E+00  0.00000E+00  0.00000E+00  0.00000E+00  0.00000E+00  0.00000E+00  0.00000E+00  0.00000E+00
   30529   4  1.66993E-03  1.66993E-03  1.66993E-03  1.66993E-03  1.66993E-03  1.66993E-03  1.66993E-03  1.66993E-03  1.66993E-03  1.66993E-03  1.66993E-03  1.66993E-03  1.66993E-03  1.66993E-03  1.66993E-03  1.66993E-03  1.66993E-03  1.66993E-03  1.66993E-03  1.66993E-03  1.66993E-03  1.66993E-03  1.66993E-03  1.66993E-03
   31942   4  0.00000E+00  0.00000E+00  0.00000E+00  0.00000E+00  0.00000E+00  0.00000E+00  0.00000E+00  0.00000E+00  0.00000E+00  0.00000E+00  0.00000E+00  0.00000E+00  0.00000E+00  0.00000E+00  0.00000E+00  0.00000E+00  0.00000E+00  0.00000E+00  0.00000E+00  0.00000E+00  0.00000E+00  0.00000E+00  0.00000E+00  0.00000E+00
   30884   4  2.70851E-04  2.70851E-04  2.70851E-04  2.70851E-04  2.70851E-04  2.70851E-04  2.70851E-04  2.70851E-04  2.70851E-04  2.70851E-04  2.70851E-04  2.70851E-04  2.70851E-04  2.70851E-04  2.70851E-04  2.70851E-04  2.70851E-04  2.70851E-04  2.70851E-04  2.70851E-04  2.70851E-04  2.70851E-04  2.70851E-04  2.70851E-04
   44188   2  0.00000E+00  0.00000E+00  0.00000E+00  0.00000E+00  0.00000E+00  0.00000E+00  0.00000E+00  0.00000E+00  0.00000E+00  0.00000E+00  0.00000E+00  0.00000E+00  0.00000E+00  0.00000E+00  0.00000E+00  0.00000E+00  0.00000E+00  0.00000E+00  0.00000E+00  0.00000E+00  0.00000E+00  0.00000E+00  0.00000E+00  0.00000E+00
   44899   3  0.00000E+00  0.00000E+00  0.00000E+00  0.00000E+00  0.00000E+00  0.00000E+00  0.00000E+00  0.00000E+00  0.00000E+00  0.00000E+00  0.00000E+00  0.00000E+00  0.00000E+00  0.00000E+00  0.00000E+00  0.00000E+00  0.00000E+00  0.00000E+00  0.00000E+00  0.00000E+00  0.00000E+00  0.00000E+00  0.00000E+00  0.00000E+00
   47369   3  4.42936E-05  4.42936E-05  4.42936E-05  4.42936E-05  4.42936E-05  4.42936E-05  4.42936E-05  4.42936E-05  4.42936E-05  4.42936E-05  4.42936E-05  4.42936E-05  4.42936E-05  4.42936E-05  4.42936E-05  4.42936E-05  4.42936E-05  4.42936E-05  4.42936E-05  4.42936E-05  4.42936E-05  4.42936E-05  4.42936E-05  4.42936E-05
   55130   4  0.00000E+00  0.00000E+00  0.00000E+00  0.00000E+00  0.00000E+00  0.00000E+00  0.00000E+00  0.00000E+00  0.00000E+00  0.00000E+00  0.00000E+00  0.00000E+00  0.00000E+00  0.00000E+00  0.00000E+00  0.00000E+00  0.00000E+00  0.00000E+00  0.00000E+00  0.00000E+00  0.00000E+00  0.00000E+00  0.00000E+00  0.00000E+00
   55130   3  0.00000E+00  0.00000E+00  0.00000E+00  0.00000E+00  0.00000E+00  0.00000E+00  0.00000E+00  0.00000E+00  0.00000E+00  0.00000E+00  0.00000E+00  0.00000E+00  0.00000E+00  0.00000E+00  0.00000E+00  0.00000E+00  0.00000E+00  0.00000E+00  0.00000E+00  0.00000E+00  0.00000E+00  0.00000E+00  0.00000E+00  0.00000E+00
   55121   4  0.00000E+00  0.00000E+00  0.00000E+00  0.00000E+00  0.00000E+00  0.00000E+00  0.00000E+00  0.00000E+00  0.00000E+00  0.00000E+00  0.00000E+00  0.00000E+00  0.00000E+00  0.00000E+00  0.00000E+00  0.00000E+00  0.00000E+00  0.00000E+00  0.00000E+00  0.00000E+00  0.00000E+00  0.00000E+00  0.00000E+00  0.00000E+00
   55121   3  0.00000E+00  0.00000E+00  0.00000E+00  0.00000E+00  0.00000E+00  0.00000E+00  0.00000E+00  0.00000E+00  0.00000E+00  0.00000E+00  0.00000E+00  0.00000E+00  0.00000E+00  0.00000E+00  0.00000E+00  0.00000E+00  0.00000E+00  0.00000E+00  0.00000E+00  0.00000E+00  0.00000E+00  0.00000E+00  0.00000E+00  0.00000E+00
   58290   4  6.34900E-05  6.34900E-05  6.34900E-05  6.34900E-05  6.34900E-05  6.34900E-05  6.34900E-05  6.34900E-05  6.34900E-05  6.34900E-05  6.34900E-05  6.34900E-05  6.34900E-05  6.34900E-05  6.34900E-05  6.34900E-05  6.34900E-05  6.34900E-05  6.34900E-05  6.34900E-05  6.34900E-05  6.34900E-05  6.34900E-05  6.34900E-05
   57936   4  1.61987E-06  1.61987E-06  1.61987E-06  1.61987E-06  1.61987E-06  1.61987E-06  1.61987E-06  1.61987E-06  1.61987E-06  1.61987E-06  1.61987E-06  1.61987E-06  1.61987E-06  1.61987E-06  1.61987E-06  1.61987E-06  1.61987E-06  1.61987E-06  1.61987E-06  1.61987E-06  1.61987E-06  1.61987E-06  1.61987E-06  1.61987E-06
   41032   3  0.00000E+00  0.00000E+00  0.00000E+00  0.00000E+00  0.00000E+00  0.00000E+00  0.00000E+00  0.00000E+00  0.00000E+00  0.00000E+00  0.00000E+00  0.00000E+00  0.00000E+00  0.00000E+00  0.00000E+00  0.00000E+00  0.00000E+00  0.00000E+00  0.00000E+00  0.00000E+00  0.00000E+00  0.00000E+00  0.00000E+00  0.00000E+00
   41027   3  3.71456E-06  3.71456E-06  3.71456E-06  3.71456E-06  3.71456E-06  3.71456E-06  3.71456E-06  3.71456E-06  3.71456E-06  3.71456E-06  3.71456E-06  3.71456E-06  3.71456E-06  3.71456E-06  3.71456E-06  3.71456E-06  3.71456E-06  3.71456E-06  3.71456E-06  3.71456E-06  3.71456E-06  3.71456E-06  3.71456E-06  3.71456E-06
   41027   4  0.00000E+00  0.00000E+00  0.00000E+00  0.00000E+00  0.00000E+00  0.00000E+00  0.00000E+00  0.00000E+00  0.00000E+00  0.00000E+00  0.00000E+00  0.00000E+00  0.00000E+00  0.00000E+00  0.00000E+00  0.00000E+00  0.00000E+00  0.00000E+00  0.00000E+00  0.00000E+00  0.00000E+00  0.00000E+00  0.00000E+00  0.00000E+00
   41027   2  0.00000E+00  0.00000E+00  0.00000E+00  0.00000E+00  0.00000E+00  0.00000E+00  0.00000E+00  0.00000E+00  0.00000E+00  0.00000E+00  0.00000E+00  0.00000E+00  0.00000E+00  0.00000E+00  0.00000E+00  0.00000E+00  0.00000E+00  0.00000E+00  0.00000E+00  0.00000E+00  0.00000E+00  0.00000E+00  0.00000E+00  0.00000E+00
   41031   7  0.00000E+00  0.00000E+00  0.00000E+00  0.00000E+00  0.00000E+00  0.00000E+00  0.00000E+00  0.00000E+00  0.00000E+00  0.00000E+00  0.00000E+00  0.00000E+00  0.00000E+00  0.00000E+00  0.00000E+00  0.00000E+00  0.00000E+00  0.00000E+00  0.00000E+00  0.00000E+00  0.00000E+00  0.00000E+00  0.00000E+00  0.00000E+00
   37153   2  0.00000E+00  0.00000E+00  0.00000E+00  0.00000E+00  0.00000E+00  0.00000E+00  0.00000E+00  0.00000E+00  0.00000E+00  0.00000E+00  0.00000E+00  0.00000E+00  0.00000E+00  0.00000E+00  0.00000E+00  0.00000E+00  0.00000E+00  0.00000E+00  0.00000E+00  0.00000E+00  0.00000E+00  0.00000E+00  0.00000E+00  0.00000E+00
   22551   2  0.00000E+00  0.00000E+00  0.00000E+00  0.00000E+00  0.00000E+00  0.00000E+00  0.00000E+00  0.00000E+00  0.00000E+00  0.00000E+00  0.00000E+00  0.00000E+00  0.00000E+00  0.00000E+00  0.00000E+00  0.00000E+00  0.00000E+00  0.00000E+00  0.00000E+00  0.00000E+00  0.00000E+00  0.00000E+00  0.00000E+00  0.00000E+00
   22551   3  0.00000E+00  0.00000E+00  0.00000E+00  0.00000E+00  0.00000E+00  0.00000E+00  0.00000E+00  0.00000E+00  0.00000E+00  0.00000E+00  0.00000E+00  0.00000E+00  0.00000E+00  0.00000E+00  0.00000E+00  0.00000E+00  0.00000E+00  0.00000E+00  0.00000E+00  0.00000E+00  0.00000E+00  0.00000E+00  0.00000E+00  0.00000E+00
   23253   7  0.00000E+00  0.00000E+00  0.00000E+00  0.00000E+00  0.00000E+00  0.00000E+00  0.00000E+00  0.00000E+00  0.00000E+00  0.00000E+00  0.00000E+00  0.00000E+00  0.00000E+00  0.00000E+00  0.00000E+00  0.00000E+00  0.00000E+00  0.00000E+00  0.00000E+00  0.00000E+00  0.00000E+00  0.00000E+00  0.00000E+00  0.00000E+00
   22551   4  0.00000E+00  0.00000E+00  0.00000E+00  0.00000E+00  0.00000E+00  0.00000E+00  0.00000E+00  0.00000E+00  0.00000E+00  0.00000E+00  0.00000E+00  0.00000E+00  0.00000E+00  0.00000E+00  0.00000E+00  0.00000E+00  0.00000E+00  0.00000E+00  0.00000E+00  0.00000E+00  0.00000E+00  0.00000E+00  0.00000E+00  0.00000E+00
   16894   2  7.22473E-03  7.22473E-03  7.22473E-03  7.22473E-03  7.22473E-03  7.22473E-03  7.22473E-03  7.22473E-03  7.22473E-03  7.22473E-03  7.22473E-03  7.22473E-03  7.22473E-03  7.22473E-03  7.22473E-03  7.22473E-03  7.22473E-03  7.22473E-03  7.22473E-03  7.22473E-03  7.22473E-03  7.22473E-03  7.22473E-03  7.22473E-03
   16894   3  0.00000E+00  0.00000E+00  0.00000E+00  0.00000E+00  0.00000E+00  0.00000E+00  0.00000E+00  0.00000E+00  0.00000E+00  0.00000E+00  0.00000E+00  0.00000E+00  0.00000E+00  0.00000E+00  0.00000E+00  0.00000E+00  0.00000E+00  0.00000E+00  0.00000E+00  0.00000E+00  0.00000E+00  0.00000E+00  0.00000E+00  0.00000E+00
   16894   4  0.00000E+00  0.00000E+00  0.00000E+00  0.00000E+00  0.00000E+00  0.00000E+00  0.00000E+00  0.00000E+00  0.00000E+00  0.00000E+00  0.00000E+00  0.00000E+00  0.00000E+00  0.00000E+00  0.00000E+00  0.00000E+00  0.00000E+00  0.00000E+00  0.00000E+00  0.00000E+00  0.00000E+00  0.00000E+00  0.00000E+00  0.00000E+00
   18317   3  0.00000E+00  0.00000E+00  0.00000E+00  0.00000E+00  0.00000E+00  0.00000E+00  0.00000E+00  0.00000E+00  0.00000E+00  0.00000E+00  0.00000E+00  0.00000E+00  0.00000E+00  0.00000E+00  0.00000E+00  0.00000E+00  0.00000E+00  0.00000E+00  0.00000E+00  0.00000E+00  0.00000E+00  0.00000E+00  0.00000E+00  0.00000E+00
   18513   7  0.00000E+00  0.00000E+00  0.00000E+00  0.00000E+00  0.00000E+00  0.00000E+00  0.00000E+00  0.00000E+00  0.00000E+00  0.00000E+00  0.00000E+00  0.00000E+00  0.00000E+00  0.00000E+00  0.00000E+00  0.00000E+00  0.00000E+00  0.00000E+00  0.00000E+00  0.00000E+00  0.00000E+00  0.00000E+00  0.00000E+00  0.00000E+00
   18509   3  8.35935E-07  8.35935E-07  8.35935E-07  8.35935E-07  8.35935E-07  8.35935E-07  8.35935E-07  8.35935E-07  8.35935E-07  8.35935E-07  8.35935E-07  8.35935E-07  8.35935E-07  8.35935E-07  8.35935E-07  8.35935E-07  8.35935E-07  8.35935E-07  8.35935E-07  8.35935E-07  8.35935E-07  8.35935E-07  8.35935E-07  8.35935E-07
   19219   3  3.10312E-04  3.10312E-04  3.10312E-04  3.10312E-04  3.10312E-04  3.10312E-04  3.10312E-04  3.10312E-04  3.10312E-04  3.10312E-04  3.10312E-04  3.10312E-04  3.10312E-04  3.10312E-04  3.10312E-04  3.10312E-04  3.10312E-04  3.10312E-04  3.10312E-04  3.10312E-04  3.10312E-04  3.10312E-04  3.10312E-04  3.10312E-04
   19219   2  0.00000E+00  0.00000E+00  0.00000E+00  0.00000E+00  0.00000E+00  0.00000E+00  0.00000E+00  0.00000E+00  0.00000E+00  0.00000E+00  0.00000E+00  0.00000E+00  0.00000E+00  0.00000E+00  0.00000E+00  0.00000E+00  0.00000E+00  0.00000E+00  0.00000E+00  0.00000E+00  0.00000E+00  0.00000E+00  0.00000E+00  0.00000E+00
   18505   2  0.00000E+00  0.00000E+00  0.00000E+00  0.00000E+00  0.00000E+00  0.00000E+00  0.00000E+00  0.00000E+00  0.00000E+00  0.00000E+00  0.00000E+00  0.00000E+00  0.00000E+00  0.00000E+00  0.00000E+00  0.00000E+00  0.00000E+00  0.00000E+00  0.00000E+00  0.00000E+00  0.00000E+00  0.00000E+00  0.00000E+00  0.00000E+00
   18505   3  6.35700E-04  6.35700E-04  6.35700E-04  6.35700E-04  6.35700E-04  6.35700E-04  6.35700E-04  6.35700E-04  6.35700E-04  6.35700E-04  6.35700E-04  6.35700E-04  6.35700E-04  6.35700E-04  6.35700E-04  6.35700E-04  6.35700E-04  6.35700E-04  6.35700E-04  6.35700E-04  6.35700E-04  6.35700E-04  6.35700E-04  6.35700E-04
   18505   7  0.00000E+00  0.00000E+00  0.00000E+00  0.00000E+00  0.00000E+00  0.00000E+00  0.00000E+00  0.00000E+00  0.00000E+00  0.00000E+00  0.00000E+00  0.00000E+00  0.00000E+00  0.00000E+00  0.00000E+00  0.00000E+00  0.00000E+00  0.00000E+00  0.00000E+00  0.00000E+00  0.00000E+00  0.00000E+00  0.00000E+00  0.00000E+00
   17452   2  6.72175E-04  6.72175E-04  6.72175E-04  6.72175E-04  6.72175E-04  6.72175E-04  6.72175E-04  6.72175E-04  6.72175E-04  6.72175E-04  6.72175E-04  6.72175E-04  6.72175E-04  6.72175E-04  6.72175E-04  6.72175E-04  6.72175E-04  6.72175E-04  6.72175E-04  6.72175E-04  6.72175E-04  6.72175E-04  6.72175E-04  6.72175E-04
    6979   3  0.00000E+00  0.00000E+00  0.00000E+00  0.00000E+00  0.00000E+00  0.00000E+00  0.00000E+00  0.00000E+00  0.00000E+00  0.00000E+00  0.00000E+00  0.00000E+00  0.00000E+00  0.00000E+00  0.00000E+00  0.00000E+00  0.00000E+00  0.00000E+00  0.00000E+00  0.00000E+00  0.00000E+00  0.00000E+00  0.00000E+00  0.00000E+00
    9108   3  9.11454E-05  9.11454E-05  9.11454E-05  9.11454E-05  9.11454E-05  9.11454E-05  9.11454E-05  9.11454E-05  9.11454E-05  9.11454E-05  9.11454E-05  9.11454E-05  9.11454E-05  9.11454E-05  9.11454E-05  9.11454E-05  9.11454E-05  9.11454E-05  9.11454E-05  9.11454E-05  9.11454E-05  9.11454E-05  9.11454E-05  9.11454E-05
    2407   3  0.00000E+00  0.00000E+00  0.00000E+00  0.00000E+00  0.00000E+00  0.00000E+00  0.00000E+00  0.00000E+00  0.00000E+00  0.00000E+00  0.00000E+00  0.00000E+00  0.00000E+00  0.00000E+00  0.00000E+00  0.00000E+00  0.00000E+00  0.00000E+00  0.00000E+00  0.00000E+00  0.00000E+00  0.00000E+00  0.00000E+00  0.00000E+00
    2407   2  0.00000E+00  0.00000E+00  0.00000E+00  0.00000E+00  0.00000E+00  0.00000E+00  0.00000E+00  0.00000E+00  0.00000E+00  0.00000E+00  0.00000E+00  0.00000E+00  0.00000E+00  0.00000E+00  0.00000E+00  0.00000E+00  0.00000E+00  0.00000E+00  0.00000E+00  0.00000E+00  0.00000E+00  0.00000E+00  0.00000E+00  0.00000E+00
   13341   3  9.78958E-06  9.78958E-06  9.78958E-06  9.78958E-06  9.78958E-06  9.78958E-06  9.78958E-06  9.78958E-06  9.78958E-06  9.78958E-06  9.78958E-06  9.78958E-06  9.78958E-06  9.78958E-06  9.78958E-06  9.78958E-06  9.78958E-06  9.78958E-06  9.78958E-06  9.78958E-06  9.78958E-06  9.78958E-06  9.78958E-06  9.78958E-06
    9455   3  0.00000E+00  0.00000E+00  0.00000E+00  0.00000E+00  0.00000E+00  0.00000E+00  0.00000E+00  0.00000E+00  0.00000E+00  0.00000E+00  0.00000E+00  0.00000E+00  0.00000E+00  0.00000E+00  0.00000E+00  0.00000E+00  0.00000E+00  0.00000E+00  0.00000E+00  0.00000E+00  0.00000E+00  0.00000E+00  0.00000E+00  0.00000E+00
   11927   3  2.05772E-03  2.05772E-03  2.05772E-03  2.05772E-03  2.05772E-03  2.05772E-03  2.05772E-03  2.05772E-03  2.05772E-03  2.05772E-03  2.05772E-03  2.05772E-03  2.05772E-03  2.05772E-03  2.05772E-03  2.05772E-03  2.05772E-03  2.05772E-03  2.05772E-03  2.05772E-03  2.05772E-03  2.05772E-03  2.05772E-03  2.05772E-03
   12279   3  3.76887E-03  3.76887E-03  3.76887E-03  3.76887E-03  3.76887E-03  3.76887E-03  3.76887E-03  3.76887E-03  3.76887E-03  3.76887E-03  3.76887E-03  3.76887E-03  3.76887E-03  3.76887E-03  3.76887E-03  3.76887E-03  3.76887E-03  3.76887E-03  3.76887E-03  3.76887E-03  3.76887E-03  3.76887E-03  3.76887E-03  3.76887E-03
   12635   3  5.88367E-04  5.88367E-04  5.88367E-04  5.88367E-04  5.88367E-04  5.88367E-04  5.88367E-04  5.88367E-04  5.88367E-04  5.88367E-04  5.88367E-04  5.88367E-04  5.88367E-04  5.88367E-04  5.88367E-04  5.88367E-04  5.88367E-04  5.88367E-04  5.88367E-04  5.88367E-04  5.88367E-04  5.88367E-04  5.88367E-04  5.88367E-04
   12636   3  2.85084E-04  2.85084E-04  2.85084E-04  2.85084E-04  2.85084E-04  2.85084E-04  2.85084E-04  2.85084E-04  2.85084E-04  2.85084E-04  2.85084E-04  2.85084E-04  2.85084E-04  2.85084E-04  2.85084E-04  2.85084E-04  2.85084E-04  2.85084E-04  2.85084E-04  2.85084E-04  2.85084E-04  2.85084E-04  2.85084E-04  2.85084E-04
   14046   3  6.57572E-03  6.57572E-03  6.57572E-03  6.57572E-03  6.57572E-03  6.57572E-03  6.57572E-03  6.57572E-03  6.57572E-03  6.57572E-03  6.57572E-03  6.57572E-03  6.57572E-03  6.57572E-03  6.57572E-03  6.57572E-03  6.57572E-03  6.57572E-03  6.57572E-03  6.57572E-03  6.57572E-03  6.57572E-03  6.57572E-03  6.57572E-03
   14047   3  0.00000E+00  0.00000E+00  0.00000E+00  0.00000E+00  0.00000E+00  0.00000E+00  0.00000E+00  0.00000E+00  0.00000E+00  0.00000E+00  0.00000E+00  0.00000E+00  0.00000E+00  0.00000E+00  0.00000E+00  0.00000E+00  0.00000E+00  0.00000E+00  0.00000E+00  0.00000E+00  0.00000E+00  0.00000E+00  0.00000E+00  0.00000E+00
   14047   2  0.00000E+00  0.00000E+00  0.00000E+00  0.00000E+00  0.00000E+00  0.00000E+00  0.00000E+00  0.00000E+00  0.00000E+00  0.00000E+00  0.00000E+00  0.00000E+00  0.00000E+00  0.00000E+00  0.00000E+00  0.00000E+00  0.00000E+00  0.00000E+00  0.00000E+00  0.00000E+00  0.00000E+00  0.00000E+00  0.00000E+00  0.00000E+00
    9465   3  0.00000E+00  0.00000E+00  0.00000E+00  0.00000E+00  0.00000E+00  0.00000E+00  0.00000E+00  0.00000E+00  0.00000E+00  0.00000E+00  0.00000E+00  0.00000E+00  0.00000E+00  0.00000E+00  0.00000E+00  0.00000E+00  0.00000E+00  0.00000E+00  0.00000E+00  0.00000E+00  0.00000E+00  0.00000E+00  0.00000E+00  0.00000E+00
    1352   7  0.00000E+00  0.00000E+00  0.00000E+00  0.00000E+00  0.00000E+00  0.00000E+00  0.00000E+00  0.00000E+00  0.00000E+00  0.00000E+00  0.00000E+00  0.00000E+00  0.00000E+00  0.00000E+00  0.00000E+00  0.00000E+00  0.00000E+00  0.00000E+00  0.00000E+00  0.00000E+00  0.00000E+00  0.00000E+00  0.00000E+00  0.00000E+00
    1352   4  0.00000E+00  0.00000E+00  0.00000E+00  0.00000E+00  0.00000E+00  0.00000E+00  0.00000E+00  0.00000E+00  0.00000E+00  0.00000E+00  0.00000E+00  0.00000E+00  0.00000E+00  0.00000E+00  0.00000E+00  0.00000E+00  0.00000E+00  0.00000E+00  0.00000E+00  0.00000E+00  0.00000E+00  0.00000E+00  0.00000E+00  0.00000E+00
    9106   3  2.34208E-05  2.34208E-05  2.34208E-05  2.34208E-05  2.34208E-05  2.34208E-05  2.34208E-05  2.34208E-05  2.34208E-05  2.34208E-05  2.34208E-05  2.34208E-05  2.34208E-05  2.34208E-05  2.34208E-05  2.34208E-05  2.34208E-05  2.34208E-05  2.34208E-05  2.34208E-05  2.34208E-05  2.34208E-05  2.34208E-05  2.34208E-05
    9458   7  0.00000E+00  0.00000E+00  0.00000E+00  0.00000E+00  0.00000E+00  0.00000E+00  0.00000E+00  0.00000E+00  0.00000E+00  0.00000E+00  0.00000E+00  0.00000E+00  0.00000E+00  0.00000E+00  0.00000E+00  0.00000E+00  0.00000E+00  0.00000E+00  0.00000E+00  0.00000E+00  0.00000E+00  0.00000E+00  0.00000E+00  0.00000E+00
    9458   3  0.00000E+00  0.00000E+00  0.00000E+00  0.00000E+00  0.00000E+00  0.00000E+00  0.00000E+00  0.00000E+00  0.00000E+00  0.00000E+00  0.00000E+00  0.00000E+00  0.00000E+00  0.00000E+00  0.00000E+00  0.00000E+00  0.00000E+00  0.00000E+00  0.00000E+00  0.00000E+00  0.00000E+00  0.00000E+00  0.00000E+00  0.00000E+00
    9458   2  0.00000E+00  0.00000E+00  0.00000E+00  0.00000E+00  0.00000E+00  0.00000E+00  0.00000E+00  0.00000E+00  0.00000E+00  0.00000E+00  0.00000E+00  0.00000E+00  0.00000E+00  0.00000E+00  0.00000E+00  0.00000E+00  0.00000E+00  0.00000E+00  0.00000E+00  0.00000E+00  0.00000E+00  0.00000E+00  0.00000E+00  0.00000E+00
    6635   3  0.00000E+00  0.00000E+00  0.00000E+00  0.00000E+00  0.00000E+00  0.00000E+00  0.00000E+00  0.00000E+00  0.00000E+00  0.00000E+00  0.00000E+00  0.00000E+00  0.00000E+00  0.00000E+00  0.00000E+00  0.00000E+00  0.00000E+00  0.00000E+00  0.00000E+00  0.00000E+00  0.00000E+00  0.00000E+00  0.00000E+00  0.00000E+00
    6635   2  0.00000E+00  0.00000E+00  0.00000E+00  0.00000E+00  0.00000E+00  0.00000E+00  0.00000E+00  0.00000E+00  0.00000E+00  0.00000E+00  0.00000E+00  0.00000E+00  0.00000E+00  0.00000E+00  0.00000E+00  0.00000E+00  0.00000E+00  0.00000E+00  0.00000E+00  0.00000E+00  0.00000E+00  0.00000E+00  0.00000E+00  0.00000E+00
   11586   3  4.28124E-06  4.28124E-06  4.28124E-06  4.28124E-06  4.28124E-06  4.28124E-06  4.28124E-06  4.28124E-06  4.28124E-06  4.28124E-06  4.28124E-06  4.28124E-06  4.28124E-06  4.28124E-06  4.28124E-06  4.28124E-06  4.28124E-06  4.28124E-06  4.28124E-06  4.28124E-06  4.28124E-06  4.28124E-06  4.28124E-06  4.28124E-06
   19977   3  4.12096E-01  4.12096E-01  2.72965E-02  2.72965E-02  2.72965E-02  2.72965E-02  2.72965E-02  2.72965E-02  2.72965E-02  2.72965E-02  2.72965E-02  2.72965E-02  2.72965E-02  4.12096E-01  4.12096E-01  4.12096E-01  4.12096E-01  4.12096E-01  4.12096E-01  4.12096E-01  4.12096E-01  4.12096E-01  4.12096E-01  4.12096E-01
   19977   4  4.01510E-02  4.01510E-02  4.01510E-02  4.01510E-02  4.01510E-02  4.01510E-02  4.01510E-02  4.01510E-02  4.01510E-02  4.01510E-02  4.01510E-02  4.01510E-02  4.01510E-02  4.01510E-02  4.01510E-02  4.01510E-02  4.01510E-02  4.01510E-02  4.01510E-02  4.01510E-02  4.01510E-02  4.01510E-02  4.01510E-02  4.01510E-02
   19977   5  0.00000E+00  0.00000E+00  0.00000E+00  0.00000E+00  0.00000E+00  0.00000E+00  0.00000E+00  0.00000E+00  0.00000E+00  0.00000E+00  0.00000E+00  0.00000E+00  0.00000E+00  0.00000E+00  0.00000E+00  0.00000E+00  0.00000E+00  0.00000E+00  0.00000E+00  0.00000E+00  0.00000E+00  0.00000E+00  0.00000E+00  0.00000E+00
   20329   4  1.53219E-02  1.53219E-02  1.53219E-02  1.53219E-02  1.53219E-02  1.53219E-02  1.53219E-02  1.53219E-02  1.53219E-02  1.53219E-02  1.53219E-02  1.53219E-02  1.53219E-02  1.53219E-02  1.53219E-02  1.53219E-02  1.53219E-02  1.53219E-02  1.53219E-02  1.53219E-02  1.53219E-02  1.53219E-02  1.53219E-02  1.53219E-02
   20330   4  4.30985E-02  4.30985E-02  4.30985E-02  4.30985E-02  4.30985E-02  4.30985E-02  4.30985E-02  4.30985E-02  4.30985E-02  4.30985E-02  4.30985E-02  4.30985E-02  4.30985E-02  4.30985E-02  4.30985E-02  4.30985E-02  4.30985E-02  4.30985E-02  4.30985E-02  4.30985E-02  4.30985E-02  4.30985E-02  4.30985E-02  4.30985E-02
   19977   2  3.53197E-03  3.53197E-03  3.53197E-03  3.53197E-03  3.53197E-03  3.53197E-03  3.53197E-03  3.53197E-03  3.53197E-03  3.53197E-03  3.53197E-03  3.53197E-03  3.53197E-03  3.53197E-03  3.53197E-03  3.53197E-03  3.53197E-03  3.53197E-03  3.53197E-03  3.53197E-03  3.53197E-03  3.53197E-03  3.53197E-03  3.53197E-03
   19976   4  5.89846E-02  5.89846E-02  5.89846E-02  5.89846E-02  5.89846E-02  5.89846E-02  5.89846E-02  5.89846E-02  5.89846E-02  5.89846E-02  5.89846E-02  5.89846E-02  5.89846E-02  5.89846E-02  5.89846E-02  5.89846E-02  5.89846E-02  5.89846E-02  5.89846E-02  5.89846E-02  5.89846E-02  5.89846E-02  5.89846E-02  5.89846E-02
   19977   7  0.00000E+00  0.00000E+00  0.00000E+00  0.00000E+00  0.00000E+00  0.00000E+00  0.00000E+00  0.00000E+00  0.00000E+00  0.00000E+00  0.00000E+00  0.00000E+00  0.00000E+00  1.41802E-01  1.41802E-01  1.41802E-01  1.41802E-01  1.41802E-01  1.41802E-01  1.41802E-01  1.41802E-01  0.00000E+00  0.00000E+00  0.00000E+00
   20330   3  5.14146E-02  5.14146E-02  3.86377E-02  3.86377E-02  3.86377E-02  3.86377E-02  3.86377E-02  3.86377E-02  3.86377E-02  3.86377E-02  3.86377E-02  3.86377E-02  3.86377E-02  5.14241E-02  5.14241E-02  5.14241E-02  5.14241E-02  5.14241E-02  5.14241E-02  5.14241E-02  5.14241E-02  5.14146E-02  5.14146E-02  5.14146E-02
   19976   3  1.60092E-02  1.60092E-02  2.49656E-03  2.49656E-03  2.49656E-03  2.49656E-03  2.49656E-03  2.49656E-03  2.49656E-03  2.49656E-03  2.49656E-03  2.49656E-03  2.49656E-03  1.60092E-02  1.60092E-02  1.60092E-02  1.60092E-02  1.60092E-02  1.60092E-02  1.60092E-02  1.60092E-02  1.60092E-02  1.60092E-02  1.60092E-02
   19624   3  8.89310E-02  8.89310E-02  5.53466E-03  5.53466E-03  5.53466E-03  5.53466E-03  5.53466E-03  5.53466E-03  5.53466E-03  5.53466E-03  5.53466E-03  5.53466E-03  5.53466E-03  8.89310E-02  8.89310E-02  8.89310E-02  8.89310E-02  8.89310E-02  8.89310E-02  8.89310E-02  8.89310E-02  8.89310E-02  8.89310E-02  8.89310E-02
   19271   4  5.47543E-04  5.47543E-04  5.47543E-04  5.47543E-04  5.47543E-04  5.47543E-04  5.47543E-04  5.47543E-04  5.47543E-04  5.47543E-04  5.47543E-04  5.47543E-04  5.47543E-04  5.47543E-04  5.47543E-04  5.47543E-04  5.47543E-04  5.47543E-04  5.47543E-04  5.47543E-04  5.47543E-04  5.47543E-04  5.47543E-04  5.47543E-04
   19271   7  0.00000E+00  0.00000E+00  0.00000E+00  0.00000E+00  0.00000E+00  0.00000E+00  0.00000E+00  0.00000E+00  0.00000E+00  0.00000E+00  0.00000E+00  0.00000E+00  0.00000E+00  4.33484E-04  4.33484E-04  4.33484E-04  4.33484E-04  4.33484E-04  4.33484E-04  4.33484E-04  4.33484E-04  0.00000E+00  0.00000E+00  0.00000E+00
   19624   4  1.49167E-03  1.49167E-03  1.49167E-03  1.49167E-03  1.49167E-03  1.49167E-03  1.49167E-03  1.49167E-03  1.49167E-03  1.49167E-03  1.49167E-03  1.49167E-03  1.49167E-03  1.49167E-03  1.49167E-03  1.49167E-03  1.49167E-03  1.49167E-03  1.49167E-03  1.49167E-03  1.49167E-03  1.49167E-03  1.49167E-03  1.49167E-03
   19271   3  1.36395E-02  1.36395E-02  1.33970E-02  1.33970E-02  1.33970E-02  1.33970E-02  1.33970E-02  1.33970E-02  1.33970E-02  1.33970E-02  1.33970E-02  1.33970E-02  1.33970E-02  1.36395E-02  1.36395E-02  1.36395E-02  1.36395E-02  1.36395E-02  1.36395E-02  1.36395E-02  1.36395E-02  1.36395E-02  1.36395E-02  1.36395E-02
   19272   4  1.03873E-03  1.03873E-03  1.03873E-03  1.03873E-03  1.03873E-03  1.03873E-03  1.03873E-03  1.03873E-03  1.03873E-03  1.03873E-03  1.03873E-03  1.03873E-03  1.03873E-03  1.03873E-03  1.03873E-03  1.03873E-03  1.03873E-03  1.03873E-03  1.03873E-03  1.03873E-03  1.03873E-03  1.03873E-03  1.03873E-03  1.03873E-03
   19622   3  1.58681E-06  1.58681E-06  1.58681E-06  1.58681E-06  1.58681E-06  1.58681E-06  1.58681E-06  1.58681E-06  1.58681E-06  1.58681E-06  1.58681E-06  1.58681E-06  1.58681E-06  1.58681E-06  1.58681E-06  1.58681E-06  1.58681E-06  1.58681E-06  1.58681E-06  1.58681E-06  1.58681E-06  1.58681E-06  1.58681E-06  1.58681E-06
   19269   4  1.76546E-06  1.76546E-06  1.76546E-06  1.76546E-06  1.76546E-06  1.76546E-06  1.76546E-06  1.76546E-06  1.76546E-06  1.76546E-06  1.76546E-06  1.76546E-06  1.76546E-06  1.76546E-06  1.76546E-06  1.76546E-06  1.76546E-06  1.76546E-06  1.76546E-06  1.76546E-06  1.76546E-06  1.76546E-06  1.76546E-06  1.76546E-06
   20330   5  0.00000E+00  0.00000E+00  0.00000E+00  0.00000E+00  0.00000E+00  0.00000E+00  0.00000E+00  0.00000E+00  0.00000E+00  0.00000E+00  0.00000E+00  0.00000E+00  0.00000E+00  0.00000E+00  0.00000E+00  0.00000E+00  0.00000E+00  0.00000E+00  0.00000E+00  0.00000E+00  0.00000E+00  0.00000E+00  0.00000E+00  0.00000E+00
   19978   4  4.70670E-02  4.70670E-02  4.70670E-02  4.70670E-02  4.70670E-02  4.70670E-02  4.70670E-02  4.70670E-02  4.70670E-02  4.70670E-02  4.70670E-02  4.70670E-02  4.70670E-02  4.70670E-02  4.70670E-02  4.70670E-02  4.70670E-02  4.70670E-02  4.70670E-02  4.70670E-02  4.70670E-02  4.70670E-02  4.70670E-02  4.70670E-02
   19978   3  1.81168E-02  1.81168E-02  5.47816E-03  5.47816E-03  5.47816E-03  5.47816E-03  5.47816E-03  5.47816E-03  5.47816E-03  5.47816E-03  5.47816E-03  5.47816E-03  5.47816E-03  1.81168E-02  1.81168E-02  1.81168E-02  1.81168E-02  1.81168E-02  1.81168E-02  1.81168E-02  1.81168E-02  1.81168E-02  1.81168E-02  1.81168E-02
   19625   3  7.28128E-02  7.28128E-02  4.07999E-02  4.07999E-02  4.07999E-02  4.07999E-02  4.07999E-02  4.07999E-02  4.07999E-02  4.07999E-02  4.07999E-02  4.07999E-02  4.07999E-02  7.28128E-02  7.28128E-02  7.28128E-02  7.28128E-02  7.28128E-02  7.28128E-02  7.28128E-02  7.28128E-02  7.28128E-02  7.28128E-02  7.28128E-02
   19625   4  5.55401E-02  5.55401E-02  5.55401E-02  5.55401E-02  5.55401E-02  5.55401E-02  5.55401E-02  5.55401E-02  5.55401E-02  5.55401E-02  5.55401E-02  5.55401E-02  5.55401E-02  5.55401E-02  5.55401E-02  5.55401E-02  5.55401E-02  5.55401E-02  5.55401E-02  5.55401E-02  5.55401E-02  5.55401E-02  5.55401E-02  5.55401E-02
   19625   7  0.00000E+00  0.00000E+00  0.00000E+00  0.00000E+00  0.00000E+00  0.00000E+00  0.00000E+00  0.00000E+00  0.00000E+00  0.00000E+00  0.00000E+00  0.00000E+00  0.00000E+00  2.15141E-03  2.15141E-03  2.15141E-03  2.15141E-03  2.15141E-03  2.15141E-03  2.15141E-03  2.15141E-03  0.00000E+00  0.00000E+00  0.00000E+00
   19625   5  0.00000E+00  0.00000E+00  0.00000E+00  0.00000E+00  0.00000E+00  0.00000E+00  0.00000E+00  0.00000E+00  0.00000E+00  0.00000E+00  0.00000E+00  0.00000E+00  0.00000E+00  0.00000E+00  0.00000E+00  0.00000E+00  0.00000E+00  0.00000E+00  0.00000E+00  0.00000E+00  0.00000E+00  0.00000E+00  0.00000E+00  0.00000E+00
   19272   3  1.55284E-03  1.55284E-03  7.89077E-07  7.89077E-07  7.89077E-07  7.89077E-07  7.89077E-07  7.89077E-07  7.89077E-07  7.89077E-07  7.89077E-07  7.89077E-07  7.89077E-07  1.55284E-03  1.55284E-03  1.55284E-03  1.55284E-03  1.55284E-03  1.55284E-03  1.55284E-03  1.55284E-03  1.55284E-03  1.55284E-03  1.55284E-03
   19626   3  1.38967E-03  1.38967E-03  1.38967E-03  1.38967E-03  1.38967E-03  1.25373E-03  1.25373E-03  1.25373E-03  1.25373E-03  1.25373E-03  1.25373E-03  1.25373E-03  1.25373E-03  1.39266E-03  1.39266E-03  1.39266E-03  1.39266E-03  1.39266E-03  1.39266E-03  1.39266E-03  1.39266E-03  1.38967E-03  1.38967E-03  1.38967E-03
   19626   4  2.29971E-02  2.29971E-02  2.29971E-02  2.29971E-02  2.29971E-02  2.29971E-02  2.29971E-02  2.29971E-02  2.29971E-02  2.29971E-02  2.29971E-02  2.29971E-02  2.29971E-02  2.29971E-02  2.29971E-02  2.29971E-02  2.29971E-02  2.29971E-02  2.29971E-02  2.29971E-02  2.29971E-02  2.29971E-02  2.29971E-02  2.29971E-02
   19626   5  0.00000E+00  0.00000E+00  0.00000E+00  0.00000E+00  0.00000E+00  0.00000E+00  0.00000E+00  0.00000E+00  0.00000E+00  0.00000E+00  0.00000E+00  0.00000E+00  0.00000E+00  0.00000E+00  0.00000E+00  0.00000E+00  0.00000E+00  0.00000E+00  0.00000E+00  0.00000E+00  0.00000E+00  0.00000E+00  0.00000E+00  0.00000E+00
   19270   3  9.66349E-04  9.66349E-04  6.93826E-04  6.93826E-04  6.93826E-04  6.93826E-04  6.93826E-04  6.93826E-04  6.93826E-04  6.93826E-04  6.93826E-04  6.93826E-04  6.93826E-04  9.66398E-04  9.66398E-04  9.66398E-04  9.66398E-04  9.66398E-04  9.66398E-04  9.66398E-04  9.66398E-04  9.66349E-04  9.66349E-04  9.66349E-04
   19270   4  1.38569E-03  1.38569E-03  1.38569E-03  1.38569E-03  1.38569E-03  1.38569E-03  1.38569E-03  1.38569E-03  1.38569E-03  1.38569E-03  1.38569E-03  1.38569E-03  1.38569E-03  1.38928E-03  1.38928E-03  1.38928E-03  1.38928E-03  1.38928E-03  1.38928E-03  1.38928E-03  1.38928E-03  1.38569E-03  1.38569E-03  1.38569E-03
   19623   4  1.05311E-06  1.05311E-06  1.05311E-06  1.05311E-06  1.05311E-06  1.05311E-06  1.05311E-06  1.05311E-06  1.05311E-06  1.05311E-06  1.05311E-06  1.05311E-06  1.05311E-06  1.05311E-06  1.05311E-06  1.05311E-06  1.05311E-06  1.05311E-06  1.05311E-06  1.05311E-06  1.05311E-06  1.05311E-06  1.05311E-06  1.05311E-06
   19623   3  1.26798E-03  1.26798E-03  1.26798E-03  1.26798E-03  1.26798E-03  1.26798E-03  1.26798E-03  1.26798E-03  1.26798E-03  1.26798E-03  1.26798E-03  1.26798E-03  1.26798E-03  1.26798E-03  1.26798E-03  1.26798E-03  1.26798E-03  1.26798E-03  1.26798E-03  1.26798E-03  1.26798E-03  1.26798E-03  1.26798E-03  1.26798E-03
   19623   7  0.00000E+00  0.00000E+00  0.00000E+00  0.00000E+00  0.00000E+00  0.00000E+00  0.00000E+00  0.00000E+00  0.00000E+00  0.00000E+00  0.00000E+00  0.00000E+00  0.00000E+00  2.57120E-03  2.57120E-03  2.57120E-03  2.57120E-03  2.57120E-03  2.57120E-03  2.57120E-03  2.57120E-03  0.00000E+00  0.00000E+00  0.00000E+00
   19273   4  6.21171E-03  6.21171E-03  6.21171E-03  6.21171E-03  6.21171E-03  6.21171E-03  6.21171E-03  6.21171E-03  6.21171E-03  6.21171E-03  6.21171E-03  6.21171E-03  6.21171E-03  6.21171E-03  6.21171E-03  6.21171E-03  6.21171E-03  6.21171E-03  6.21171E-03  6.21171E-03  6.21171E-03  6.21171E-03  6.21171E-03  6.21171E-03
   19273   3  1.98672E-03  1.98672E-03  1.11369E-03  1.11369E-03  1.11369E-03  1.11369E-03  1.11369E-03  1.11369E-03  1.11369E-03  1.11369E-03  1.11369E-03  1.11369E-03  1.11369E-03  2.01845E-03  2.01845E-03  2.01845E-03  2.01845E-03  2.01845E-03  2.01845E-03  2.01845E-03  2.01845E-03  1.98672E-03  1.98672E-03  1.98672E-03
   19273   5  0.00000E+00  0.00000E+00  0.00000E+00  0.00000E+00  0.00000E+00  0.00000E+00  0.00000E+00  0.00000E+00  0.00000E+00  0.00000E+00  0.00000E+00  0.00000E+00  0.00000E+00  0.00000E+00  0.00000E+00  0.00000E+00  0.00000E+00  0.00000E+00  0.00000E+00  0.00000E+00  0.00000E+00  0.00000E+00  0.00000E+00  0.00000E+00
   18917   4  3.38206E-03  3.38206E-03  3.38206E-03  3.38206E-03  3.38206E-03  3.38206E-03  3.38206E-03  3.38206E-03  3.38206E-03  3.38206E-03  3.38206E-03  3.38206E-03  3.38206E-03  3.38206E-03  3.38206E-03  3.38206E-03  3.38206E-03  3.38206E-03  3.38206E-03  3.38206E-03  3.38206E-03  3.38206E-03  3.38206E-03  3.38206E-03
   18917   3  1.38617E-03  1.38617E-03  3.86972E-06  3.86972E-06  3.86972E-06  3.86972E-06  3.86972E-06  3.86972E-06  3.86972E-06  3.86972E-06  3.86972E-06  3.86972E-06  3.86972E-06  1.38617E-03  1.38617E-03  1.38617E-03  1.38617E-03  1.38617E-03  1.38617E-03  1.38617E-03  1.38617E-03  1.38617E-03  1.38617E-03  1.38617E-03
   18919   3  9.41428E-04  9.41428E-04  3.14948E-04  3.14948E-04  3.14948E-04  3.14948E-04  3.14948E-04  3.14948E-04  3.14948E-04  3.14948E-04  3.14948E-04  3.14948E-04  3.14948E-04  9.41428E-04  9.41428E-04  9.41428E-04  9.41428E-04  9.41428E-04  9.41428E-04  9.41428E-04  9.41428E-04  9.41428E-04  9.41428E-04  9.41428E-04
   18919   4  2.79966E-04  2.79966E-04  2.79966E-04  2.79966E-04  2.79966E-04  2.79966E-04  2.79966E-04  2.79966E-04  2.79966E-04  2.79966E-04  2.79966E-04  2.79966E-04  2.79966E-04  2.79966E-04  2.79966E-04  2.79966E-04  2.79966E-04  2.79966E-04  2.79966E-04  2.79966E-04  2.79966E-04  2.79966E-04  2.79966E-04  2.79966E-04
   19624   5  0.00000E+00  0.00000E+00  0.00000E+00  0.00000E+00  0.00000E+00  0.00000E+00  0.00000E+00  0.00000E+00  0.00000E+00  0.00000E+00  0.00000E+00  0.00000E+00  0.00000E+00  0.00000E+00  0.00000E+00  0.00000E+00  0.00000E+00  0.00000E+00  0.00000E+00  0.00000E+00  0.00000E+00  0.00000E+00  0.00000E+00  0.00000E+00
   19976   5  0.00000E+00  0.00000E+00  0.00000E+00  0.00000E+00  0.00000E+00  0.00000E+00  0.00000E+00  0.00000E+00  0.00000E+00  0.00000E+00  0.00000E+00  0.00000E+00  0.00000E+00  0.00000E+00  0.00000E+00  0.00000E+00  0.00000E+00  0.00000E+00  0.00000E+00  0.00000E+00  0.00000E+00  0.00000E+00  0.00000E+00  0.00000E+00
   19976   2  4.44794E-03  4.44794E-03  4.44794E-03  4.44794E-03  4.44794E-03  4.44794E-03  4.44794E-03  4.44794E-03  4.44794E-03  4.44794E-03  4.44794E-03  4.44794E-03  4.44794E-03  4.44794E-03  4.44794E-03  4.44794E-03  4.44794E-03  4.44794E-03  4.44794E-03  4.44794E-03  4.44794E-03  4.44794E-03  4.44794E-03  4.44794E-03
   19978   7  0.00000E+00  0.00000E+00  0.00000E+00  0.00000E+00  0.00000E+00  0.00000E+00  0.00000E+00  0.00000E+00  0.00000E+00  0.00000E+00  0.00000E+00  0.00000E+00  0.00000E+00  2.67085E-03  2.67085E-03  2.67085E-03  2.67085E-03  2.67085E-03  2.67085E-03  2.67085E-03  2.67085E-03  0.00000E+00  0.00000E+00  0.00000E+00
   44604   3  1.59205E-06  1.59205E-06  1.59205E-06  1.59205E-06  1.59205E-06  1.59205E-06  1.59205E-06  1.59205E-06  1.59205E-06  1.59205E-06  1.59205E-06  1.59205E-06  1.59205E-06  1.59205E-06  1.59205E-06  1.59205E-06  1.59205E-06  1.59205E-06  1.59205E-06  1.59205E-06  1.59205E-06  1.59205E-06  1.59205E-06  1.59205E-06
   42517   3  1.85813E-08  1.85813E-08  1.85813E-08  1.85813E-08  1.85813E-08  1.85813E-08  1.85813E-08  1.85813E-08  1.85813E-08  1.85813E-08  1.85813E-08  1.85813E-08  1.85813E-08  1.85813E-08  1.85813E-08  1.85813E-08  1.85813E-08  1.85813E-08  1.85813E-08  1.85813E-08  1.85813E-08  1.85813E-08  1.85813E-08  1.85813E-08
   43929   3  0.00000E+00  0.00000E+00  0.00000E+00  0.00000E+00  0.00000E+00  0.00000E+00  0.00000E+00  0.00000E+00  0.00000E+00  0.00000E+00  0.00000E+00  0.00000E+00  0.00000E+00  0.00000E+00  0.00000E+00  0.00000E+00  0.00000E+00  0.00000E+00  0.00000E+00  0.00000E+00  0.00000E+00  0.00000E+00  0.00000E+00  0.00000E+00
   39330   3  4.95617E-06  4.95617E-06  4.95617E-06  4.95617E-06  4.95617E-06  4.95617E-06  4.95617E-06  4.95617E-06  4.95617E-06  4.95617E-06  4.95617E-06  4.95617E-06  4.95617E-06  4.95617E-06  4.95617E-06  4.95617E-06  4.95617E-06  4.95617E-06  4.95617E-06  4.95617E-06  4.95617E-06  4.95617E-06  4.95617E-06  4.95617E-06
   39327   2  0.00000E+00  0.00000E+00  0.00000E+00  0.00000E+00  0.00000E+00  0.00000E+00  0.00000E+00  0.00000E+00  0.00000E+00  0.00000E+00  0.00000E+00  0.00000E+00  0.00000E+00  0.00000E+00  0.00000E+00  0.00000E+00  0.00000E+00  0.00000E+00  0.00000E+00  0.00000E+00  0.00000E+00  0.00000E+00  0.00000E+00  0.00000E+00
   39327   4  5.62018E-03  5.62018E-03  5.62018E-03  5.62018E-03  5.62018E-03  5.62018E-03  5.62018E-03  5.62018E-03  5.62018E-03  5.62018E-03  5.62018E-03  5.62018E-03  5.62018E-03  5.62018E-03  5.62018E-03  5.62018E-03  5.62018E-03  5.62018E-03  5.62018E-03  5.62018E-03  5.62018E-03  5.62018E-03  5.62018E-03  5.62018E-03
   39683   4  3.70073E-04  3.70073E-04  3.70073E-04  3.70073E-04  3.70073E-04  3.70073E-04  3.70073E-04  3.70073E-04  3.70073E-04  3.70073E-04  3.70073E-04  3.70073E-04  3.70073E-04  3.70073E-04  3.70073E-04  3.70073E-04  3.70073E-04  3.70073E-04  3.70073E-04  3.70073E-04  3.70073E-04  3.70073E-04  3.70073E-04  3.70073E-04
   39682   7  0.00000E+00  0.00000E+00  0.00000E+00  0.00000E+00  0.00000E+00  0.00000E+00  0.00000E+00  0.00000E+00  0.00000E+00  0.00000E+00  0.00000E+00  0.00000E+00  0.00000E+00  0.00000E+00  0.00000E+00  0.00000E+00  0.00000E+00  0.00000E+00  0.00000E+00  0.00000E+00  0.00000E+00  0.00000E+00  0.00000E+00  0.00000E+00
   46049   3  0.00000E+00  0.00000E+00  0.00000E+00  0.00000E+00  0.00000E+00  0.00000E+00  0.00000E+00  0.00000E+00  0.00000E+00  0.00000E+00  0.00000E+00  0.00000E+00  0.00000E+00  0.00000E+00  0.00000E+00  0.00000E+00  0.00000E+00  0.00000E+00  0.00000E+00  0.00000E+00  0.00000E+00  0.00000E+00  0.00000E+00  0.00000E+00
   46755   2  0.00000E+00  0.00000E+00  0.00000E+00  0.00000E+00  0.00000E+00  0.00000E+00  0.00000E+00  0.00000E+00  0.00000E+00  0.00000E+00  0.00000E+00  0.00000E+00  0.00000E+00  0.00000E+00  0.00000E+00  0.00000E+00  0.00000E+00  0.00000E+00  0.00000E+00  0.00000E+00  0.00000E+00  0.00000E+00  0.00000E+00  0.00000E+00
   46403   3  0.00000E+00  0.00000E+00  0.00000E+00  0.00000E+00  0.00000E+00  0.00000E+00  0.00000E+00  0.00000E+00  0.00000E+00  0.00000E+00  0.00000E+00  0.00000E+00  0.00000E+00  0.00000E+00  0.00000E+00  0.00000E+00  0.00000E+00  0.00000E+00  0.00000E+00  0.00000E+00  0.00000E+00  0.00000E+00  0.00000E+00  0.00000E+00
   46755   1  0.00000E+00  0.00000E+00  0.00000E+00  0.00000E+00  0.00000E+00  0.00000E+00  0.00000E+00  0.00000E+00  0.00000E+00  0.00000E+00  0.00000E+00  0.00000E+00  0.00000E+00  0.00000E+00  0.00000E+00  0.00000E+00  0.00000E+00  0.00000E+00  0.00000E+00  0.00000E+00  0.00000E+00  0.00000E+00  0.00000E+00  0.00000E+00
   46755   3  1.48676E-04  1.48676E-04  1.48676E-04  1.48676E-04  1.48676E-04  1.48676E-04  1.48676E-04  1.48676E-04  1.48676E-04  1.48676E-04  1.48676E-04  1.48676E-04  1.48676E-04  1.48676E-04  1.48676E-04  1.48676E-04  1.48676E-04  1.48676E-04  1.48676E-04  1.48676E-04  1.48676E-04  1.48676E-04  1.48676E-04  1.48676E-04
   46755   4  2.60773E-03  2.60773E-03  2.60773E-03  2.60773E-03  2.60773E-03  2.60773E-03  2.60773E-03  2.60773E-03  2.60773E-03  2.60773E-03  2.60773E-03  2.60773E-03  2.60773E-03  2.60773E-03  2.60773E-03  2.60773E-03  2.60773E-03  2.60773E-03  2.60773E-03  2.60773E-03  2.60773E-03  2.60773E-03  2.60773E-03  2.60773E-03
   46753   4  0.00000E+00  0.00000E+00  0.00000E+00  0.00000E+00  0.00000E+00  0.00000E+00  0.00000E+00  0.00000E+00  0.00000E+00  0.00000E+00  0.00000E+00  0.00000E+00  0.00000E+00  6.72557E-04  6.72557E-04  6.72557E-04  6.72557E-04  6.72557E-04  6.72557E-04  6.72557E-04  6.72557E-04  0.00000E+00  0.00000E+00  0.00000E+00
   47110   3  5.17372E-05  5.17372E-05  5.17372E-05  5.17372E-05  5.17372E-05  5.17372E-05  5.17372E-05  5.17372E-05  5.17372E-05  5.17372E-05  5.17372E-05  5.17372E-05  5.17372E-05  5.17372E-05  5.17372E-05  5.17372E-05  5.17372E-05  5.17372E-05  5.17372E-05  5.17372E-05  5.17372E-05  5.17372E-05  5.17372E-05  5.17372E-05
   46402   7  0.00000E+00  0.00000E+00  0.00000E+00  0.00000E+00  0.00000E+00  0.00000E+00  0.00000E+00  0.00000E+00  0.00000E+00  0.00000E+00  0.00000E+00  0.00000E+00  0.00000E+00  0.00000E+00  0.00000E+00  0.00000E+00  0.00000E+00  0.00000E+00  0.00000E+00  0.00000E+00  0.00000E+00  0.00000E+00  0.00000E+00  0.00000E+00
   47787   3  2.06725E-07  2.06725E-07  2.06725E-07  2.06725E-07  2.06725E-07  2.06725E-07  2.06725E-07  2.06725E-07  2.06725E-07  2.06725E-07  2.06725E-07  2.06725E-07  2.06725E-07  2.06725E-07  2.06725E-07  2.06725E-07  2.06725E-07  2.06725E-07  2.06725E-07  2.06725E-07  2.06725E-07  2.06725E-07  2.06725E-07  2.06725E-07
   47460   4  0.00000E+00  0.00000E+00  0.00000E+00  0.00000E+00  0.00000E+00  0.00000E+00  0.00000E+00  0.00000E+00  0.00000E+00  0.00000E+00  0.00000E+00  0.00000E+00  0.00000E+00  0.00000E+00  0.00000E+00  0.00000E+00  0.00000E+00  0.00000E+00  0.00000E+00  0.00000E+00  0.00000E+00  0.00000E+00  0.00000E+00  0.00000E+00
   42139   3  2.59462E-03  2.59462E-03  2.59462E-03  2.59462E-03  2.59462E-03  2.59462E-03  2.59462E-03  2.59462E-03  2.59462E-03  2.59462E-03  2.59462E-03  2.59462E-03  2.59462E-03  2.59462E-03  2.59462E-03  2.59462E-03  2.59462E-03  2.59462E-03  2.59462E-03  2.59462E-03  2.59462E-03  2.59462E-03  2.59462E-03  2.59462E-03
   41804   3  4.68472E-07  4.68472E-07  4.68472E-07  4.68472E-07  4.68472E-07  4.68472E-07  4.68472E-07  4.68472E-07  4.68472E-07  4.68472E-07  4.68472E-07  4.68472E-07  4.68472E-07  4.68472E-07  4.68472E-07  4.68472E-07  4.68472E-07  4.68472E-07  4.68472E-07  4.68472E-07  4.68472E-07  4.68472E-07  4.68472E-07  4.68472E-07
   40021   4  7.69256E-07  7.69256E-07  7.69256E-07  7.69256E-07  7.69256E-07  7.69256E-07  7.69256E-07  7.69256E-07  7.69256E-07  7.69256E-07  7.69256E-07  7.69256E-07  7.69256E-07  7.69256E-07  7.69256E-07  7.69256E-07  7.69256E-07  7.69256E-07  7.69256E-07  7.69256E-07  7.69256E-07  7.69256E-07  7.69256E-07  7.69256E-07
   43907   3  0.00000E+00  0.00000E+00  0.00000E+00  0.00000E+00  0.00000E+00  0.00000E+00  0.00000E+00  0.00000E+00  0.00000E+00  0.00000E+00  0.00000E+00  0.00000E+00  0.00000E+00  0.00000E+00  0.00000E+00  0.00000E+00  0.00000E+00  0.00000E+00  0.00000E+00  0.00000E+00  0.00000E+00  0.00000E+00  0.00000E+00  0.00000E+00
   24538   7  0.00000E+00  0.00000E+00  0.00000E+00  0.00000E+00  0.00000E+00  0.00000E+00  0.00000E+00  0.00000E+00  0.00000E+00  0.00000E+00  0.00000E+00  0.00000E+00  0.00000E+00  0.00000E+00  0.00000E+00  0.00000E+00  0.00000E+00  0.00000E+00  0.00000E+00  0.00000E+00  0.00000E+00  0.00000E+00  0.00000E+00  0.00000E+00
   24549   3  0.00000E+00  0.00000E+00  0.00000E+00  0.00000E+00  0.00000E+00  0.00000E+00  0.00000E+00  0.00000E+00  0.00000E+00  0.00000E+00  0.00000E+00  0.00000E+00  0.00000E+00  0.00000E+00  0.00000E+00  0.00000E+00  0.00000E+00  0.00000E+00  0.00000E+00  0.00000E+00  0.00000E+00  0.00000E+00  0.00000E+00  0.00000E+00
   24549   4  1.33067E-05  1.33067E-05  1.33067E-05  1.33067E-05  1.33067E-05  1.33067E-05  1.33067E-05  1.33067E-05  1.33067E-05  1.33067E-05  1.33067E-05  1.33067E-05  1.33067E-05  1.33067E-05  1.33067E-05  1.33067E-05  1.33067E-05  1.33067E-05  1.33067E-05  1.33067E-05  1.33067E-05  1.33067E-05  1.33067E-05  1.33067E-05
   24547   4  3.66206E-03  3.66206E-03  3.66206E-03  3.66206E-03  3.66206E-03  3.66206E-03  3.66206E-03  3.66206E-03  3.66206E-03  3.66206E-03  3.66206E-03  3.66206E-03  3.66206E-03  2.45080E-01  2.45080E-01  2.45080E-01  2.45080E-01  2.45080E-01  2.45080E-01  2.45080E-01  2.45080E-01  3.66206E-03  3.66206E-03  3.66206E-03
   24547   6  0.00000E+00  0.00000E+00  0.00000E+00  0.00000E+00  0.00000E+00  0.00000E+00  0.00000E+00  0.00000E+00  0.00000E+00  0.00000E+00  0.00000E+00  0.00000E+00  0.00000E+00  0.00000E+00  0.00000E+00  0.00000E+00  0.00000E+00  0.00000E+00  0.00000E+00  0.00000E+00  0.00000E+00  0.00000E+00  0.00000E+00  0.00000E+00
   24547   2  0.00000E+00  0.00000E+00  0.00000E+00  0.00000E+00  0.00000E+00  0.00000E+00  0.00000E+00  0.00000E+00  0.00000E+00  0.00000E+00  0.00000E+00  0.00000E+00  0.00000E+00  0.00000E+00  0.00000E+00  0.00000E+00  0.00000E+00  0.00000E+00  0.00000E+00  0.00000E+00  0.00000E+00  0.00000E+00  0.00000E+00  0.00000E+00
   24547   5  0.00000E+00  0.00000E+00  0.00000E+00  0.00000E+00  0.00000E+00  0.00000E+00  0.00000E+00  0.00000E+00  0.00000E+00  0.00000E+00  0.00000E+00  0.00000E+00  0.00000E+00  5.36483E-02  5.36483E-02  5.36483E-02  5.36483E-02  5.36483E-02  5.36483E-02  5.36483E-02  5.36483E-02  0.00000E+00  0.00000E+00  0.00000E+00
   24547   3  0.00000E+00  0.00000E+00  0.00000E+00  0.00000E+00  0.00000E+00  0.00000E+00  0.00000E+00  0.00000E+00  0.00000E+00  0.00000E+00  0.00000E+00  0.00000E+00  0.00000E+00  2.41417E-01  2.41417E-01  2.41417E-01  2.41417E-01  2.41417E-01  2.41417E-01  2.41417E-01  2.41417E-01  0.00000E+00  0.00000E+00  0.00000E+00
   24547   7  0.00000E+00  0.00000E+00  0.00000E+00  0.00000E+00  0.00000E+00  0.00000E+00  0.00000E+00  0.00000E+00  0.00000E+00  0.00000E+00  0.00000E+00  0.00000E+00  0.00000E+00  0.00000E+00  0.00000E+00  0.00000E+00  0.00000E+00  0.00000E+00  0.00000E+00  0.00000E+00  0.00000E+00  0.00000E+00  0.00000E+00  0.00000E+00
   26660   3  3.24580E-05  3.24580E-05  3.24580E-05  3.24580E-05  3.24580E-05  3.24580E-05  3.24580E-05  3.24580E-05  3.24580E-05  3.24580E-05  3.24580E-05  3.24580E-05  3.24580E-05  3.24580E-05  3.24580E-05  3.24580E-05  3.24580E-05  3.24580E-05  3.24580E-05  3.24580E-05  3.24580E-05  3.24580E-05  3.24580E-05  3.24580E-05
   25246   4  6.63246E-05  6.63246E-05  6.63246E-05  6.63246E-05  6.63246E-05  6.63246E-05  6.63246E-05  6.63246E-05  6.63246E-05  6.63246E-05  6.63246E-05  6.63246E-05  6.63246E-05  6.63246E-05  6.63246E-05  6.63246E-05  6.63246E-05  6.63246E-05  6.63246E-05  6.63246E-05  6.63246E-05  6.63246E-05  6.63246E-05  6.63246E-05
   25246   7  0.00000E+00  0.00000E+00  0.00000E+00  0.00000E+00  0.00000E+00  0.00000E+00  0.00000E+00  0.00000E+00  0.00000E+00  0.00000E+00  0.00000E+00  0.00000E+00  0.00000E+00  0.00000E+00  0.00000E+00  0.00000E+00  0.00000E+00  0.00000E+00  0.00000E+00  0.00000E+00  0.00000E+00  0.00000E+00  0.00000E+00  0.00000E+00
   27008   7  0.00000E+00  0.00000E+00  0.00000E+00  0.00000E+00  0.00000E+00  0.00000E+00  0.00000E+00  0.00000E+00  0.00000E+00  0.00000E+00  0.00000E+00  0.00000E+00  0.00000E+00  0.00000E+00  0.00000E+00  0.00000E+00  0.00000E+00  0.00000E+00  0.00000E+00  0.00000E+00  0.00000E+00  0.00000E+00  0.00000E+00  0.00000E+00
   27008   4  0.00000E+00  0.00000E+00  0.00000E+00  0.00000E+00  0.00000E+00  0.00000E+00  0.00000E+00  0.00000E+00  0.00000E+00  0.00000E+00  0.00000E+00  0.00000E+00  0.00000E+00  0.00000E+00  0.00000E+00  0.00000E+00  0.00000E+00  0.00000E+00  0.00000E+00  0.00000E+00  0.00000E+00  0.00000E+00  0.00000E+00  0.00000E+00
   24896   2  4.55438E-03  4.55438E-03  4.55438E-03  4.55438E-03  4.55438E-03  4.55438E-03  4.55438E-03  4.55438E-03  4.55438E-03  4.55438E-03  4.55438E-03  4.55438E-03  4.55438E-03  4.55438E-03  4.55438E-03  4.55438E-03  4.55438E-03  4.55438E-03  4.55438E-03  4.55438E-03  4.55438E-03  4.55438E-03  4.55438E-03  4.55438E-03
   24896   6  0.00000E+00  0.00000E+00  0.00000E+00  0.00000E+00  0.00000E+00  0.00000E+00  0.00000E+00  0.00000E+00  0.00000E+00  0.00000E+00  0.00000E+00  0.00000E+00  0.00000E+00  0.00000E+00  0.00000E+00  0.00000E+00  0.00000E+00  0.00000E+00  0.00000E+00  0.00000E+00  0.00000E+00  0.00000E+00  0.00000E+00  0.00000E+00
   24896   7  0.00000E+00  0.00000E+00  0.00000E+00  0.00000E+00  0.00000E+00  0.00000E+00  0.00000E+00  0.00000E+00  0.00000E+00  0.00000E+00  0.00000E+00  0.00000E+00  0.00000E+00  0.00000E+00  0.00000E+00  0.00000E+00  0.00000E+00  0.00000E+00  0.00000E+00  0.00000E+00  0.00000E+00  0.00000E+00  0.00000E+00  0.00000E+00
   24896   3  0.00000E+00  0.00000E+00  0.00000E+00  0.00000E+00  0.00000E+00  0.00000E+00  0.00000E+00  0.00000E+00  0.00000E+00  0.00000E+00  0.00000E+00  0.00000E+00  0.00000E+00  0.00000E+00  0.00000E+00  0.00000E+00  0.00000E+00  0.00000E+00  0.00000E+00  0.00000E+00  0.00000E+00  0.00000E+00  0.00000E+00  0.00000E+00
   24896   4  0.00000E+00  0.00000E+00  0.00000E+00  0.00000E+00  0.00000E+00  0.00000E+00  0.00000E+00  0.00000E+00  0.00000E+00  0.00000E+00  0.00000E+00  0.00000E+00  0.00000E+00  0.00000E+00  0.00000E+00  0.00000E+00  0.00000E+00  0.00000E+00  0.00000E+00  0.00000E+00  0.00000E+00  0.00000E+00  0.00000E+00  0.00000E+00
   23133   3  2.20352E-06  2.20352E-06  2.20352E-06  2.20352E-06  2.20352E-06  2.20352E-06  2.20352E-06  2.20352E-06  2.20352E-06  2.20352E-06  2.20352E-06  2.20352E-06  2.20352E-06  2.20352E-06  2.20352E-06  2.20352E-06  2.20352E-06  2.20352E-06  2.20352E-06  2.20352E-06  2.20352E-06  2.20352E-06  2.20352E-06  2.20352E-06
   26300   4  2.58860E-05  2.58860E-05  2.58860E-05  2.58860E-05  2.58860E-05  2.58860E-05  2.58860E-05  2.58860E-05  2.58860E-05  2.58860E-05  2.58860E-05  2.58860E-05  2.58860E-05  2.58860E-05  2.58860E-05  2.58860E-05  2.58860E-05  2.58860E-05  2.58860E-05  2.58860E-05  2.58860E-05  2.58860E-05  2.58860E-05  2.58860E-05
   26669   4  2.62717E-06  2.62717E-06  2.62717E-06  2.62717E-06  2.62717E-06  2.62717E-06  2.62717E-06  2.62717E-06  2.62717E-06  2.62717E-06  2.62717E-06  2.62717E-06  2.62717E-06  2.62717E-06  2.62717E-06  2.62717E-06  2.62717E-06  2.62717E-06  2.62717E-06  2.62717E-06  2.62717E-06  2.62717E-06  2.62717E-06  2.62717E-06
   26669   3  1.10808E-04  1.10808E-04  1.10808E-04  1.10808E-04  1.10808E-04  1.10808E-04  1.10808E-04  1.10808E-04  1.10808E-04  1.10808E-04  1.10808E-04  1.10808E-04  1.10808E-04  1.10808E-04  1.10808E-04  1.10808E-04  1.10808E-04  1.10808E-04  1.10808E-04  1.10808E-04  1.10808E-04  1.10808E-04  1.10808E-04  1.10808E-04
   24545   3  1.18871E-05  1.18871E-05  1.18871E-05  1.18871E-05  1.18871E-05  1.18871E-05  1.18871E-05  1.18871E-05  1.18871E-05  1.18871E-05  1.18871E-05  1.18871E-05  1.18871E-05  1.18871E-05  1.18871E-05  1.18871E-05  1.18871E-05  1.18871E-05  1.18871E-05  1.18871E-05  1.18871E-05  1.18871E-05  1.18871E-05  1.18871E-05
    9028   3  2.75997E-04  2.75997E-04  2.75997E-04  2.75997E-04  2.75997E-04  2.75997E-04  2.75997E-04  2.75997E-04  2.75997E-04  2.75997E-04  2.75997E-04  2.75997E-04  2.75997E-04  2.75997E-04  2.75997E-04  2.75997E-04  2.75997E-04  2.75997E-04  2.75997E-04  2.75997E-04  2.75997E-04  2.75997E-04  2.75997E-04  2.75997E-04
    9028   2  0.00000E+00  0.00000E+00  0.00000E+00  0.00000E+00  0.00000E+00  0.00000E+00  0.00000E+00  0.00000E+00  0.00000E+00  0.00000E+00  0.00000E+00  0.00000E+00  0.00000E+00  0.00000E+00  0.00000E+00  0.00000E+00  0.00000E+00  0.00000E+00  0.00000E+00  0.00000E+00  0.00000E+00  0.00000E+00  0.00000E+00  0.00000E+00
    9028   7  0.00000E+00  0.00000E+00  0.00000E+00  0.00000E+00  0.00000E+00  0.00000E+00  0.00000E+00  0.00000E+00  0.00000E+00  0.00000E+00  0.00000E+00  0.00000E+00  0.00000E+00  0.00000E+00  0.00000E+00  0.00000E+00  0.00000E+00  0.00000E+00  0.00000E+00  0.00000E+00  0.00000E+00  0.00000E+00  0.00000E+00  0.00000E+00
   14677   7  0.00000E+00  0.00000E+00  0.00000E+00  0.00000E+00  0.00000E+00  0.00000E+00  0.00000E+00  0.00000E+00  0.00000E+00  0.00000E+00  0.00000E+00  0.00000E+00  0.00000E+00  0.00000E+00  0.00000E+00  0.00000E+00  0.00000E+00  0.00000E+00  0.00000E+00  0.00000E+00  0.00000E+00  0.00000E+00  0.00000E+00  0.00000E+00
   15736   3  1.37175E-07  1.37175E-07  1.37175E-07  1.37175E-07  1.37175E-07  1.37175E-07  1.37175E-07  1.37175E-07  1.37175E-07  1.37175E-07  1.37175E-07  1.37175E-07  1.37175E-07  1.37175E-07  1.37175E-07  1.37175E-07  1.37175E-07  1.37175E-07  1.37175E-07  1.37175E-07  1.37175E-07  1.37175E-07  1.37175E-07  1.37175E-07
   13592   2  0.00000E+00  0.00000E+00  0.00000E+00  0.00000E+00  0.00000E+00  0.00000E+00  0.00000E+00  0.00000E+00  0.00000E+00  0.00000E+00  0.00000E+00  0.00000E+00  0.00000E+00  0.00000E+00  0.00000E+00  0.00000E+00  0.00000E+00  0.00000E+00  0.00000E+00  0.00000E+00  0.00000E+00  0.00000E+00  0.00000E+00  0.00000E+00
   12912   3  0.00000E+00  0.00000E+00  0.00000E+00  0.00000E+00  0.00000E+00  0.00000E+00  0.00000E+00  0.00000E+00  0.00000E+00  0.00000E+00  0.00000E+00  0.00000E+00  0.00000E+00  0.00000E+00  0.00000E+00  0.00000E+00  0.00000E+00  0.00000E+00  0.00000E+00  0.00000E+00  0.00000E+00  0.00000E+00  0.00000E+00  0.00000E+00
   23165   4  1.10722E-05  1.10722E-05  1.10722E-05  1.10722E-05  1.10722E-05  1.10722E-05  1.10722E-05  1.10722E-05  1.10722E-05  1.10722E-05  1.10722E-05  1.10722E-05  1.10722E-05  1.10722E-05  1.10722E-05  1.10722E-05  1.10722E-05  1.10722E-05  1.10722E-05  1.10722E-05  1.10722E-05  1.10722E-05  1.10722E-05  1.10722E-05
   22447   4  2.83217E-05  2.83217E-05  2.83217E-05  2.83217E-05  2.83217E-05  2.83217E-05  2.83217E-05  2.83217E-05  2.83217E-05  2.83217E-05  2.83217E-05  2.83217E-05  2.83217E-05  2.83217E-05  2.83217E-05  2.83217E-05  2.83217E-05  2.83217E-05  2.83217E-05  2.83217E-05  2.83217E-05  2.83217E-05  2.83217E-05  2.83217E-05
   22447   3  1.51498E-04  1.51498E-04  1.51498E-04  1.51498E-04  1.51498E-04  1.51498E-04  1.51498E-04  1.51498E-04  1.51498E-04  1.51498E-04  1.51498E-04  1.51498E-04  1.51498E-04  1.51498E-04  1.51498E-04  1.51498E-04  1.51498E-04  1.51498E-04  1.51498E-04  1.51498E-04  1.51498E-04  1.51498E-04  1.51498E-04  1.51498E-04
   22447   5  0.00000E+00  0.00000E+00  0.00000E+00  0.00000E+00  0.00000E+00  0.00000E+00  0.00000E+00  0.00000E+00  0.00000E+00  0.00000E+00  0.00000E+00  0.00000E+00  0.00000E+00  0.00000E+00  0.00000E+00  0.00000E+00  0.00000E+00  0.00000E+00  0.00000E+00  0.00000E+00  0.00000E+00  0.00000E+00  0.00000E+00  0.00000E+00
   22094   3  3.21954E-05  3.21954E-05  3.21954E-05  3.21954E-05  3.21954E-05  3.21954E-05  3.21954E-05  3.21954E-05  3.21954E-05  3.21954E-05  3.21954E-05  3.21954E-05  3.21954E-05  3.21954E-05  3.21954E-05  3.21954E-05  3.21954E-05  3.21954E-05  3.21954E-05  3.21954E-05  3.21954E-05  3.21954E-05  3.21954E-05  3.21954E-05
   22094   2  0.00000E+00  0.00000E+00  0.00000E+00  0.00000E+00  0.00000E+00  0.00000E+00  0.00000E+00  0.00000E+00  0.00000E+00  0.00000E+00  0.00000E+00  0.00000E+00  0.00000E+00  0.00000E+00  0.00000E+00  0.00000E+00  0.00000E+00  0.00000E+00  0.00000E+00  0.00000E+00  0.00000E+00  0.00000E+00  0.00000E+00  0.00000E+00
   22094   4  6.22861E-04  6.22861E-04  6.22861E-04  6.22861E-04  6.22861E-04  6.22861E-04  6.22861E-04  6.22861E-04  6.22861E-04  6.22861E-04  6.22861E-04  6.22861E-04  6.22861E-04  6.22861E-04  6.22861E-04  6.22861E-04  6.22861E-04  6.22861E-04  6.22861E-04  6.22861E-04  6.22861E-04  6.22861E-04  6.22861E-04  6.22861E-04
   22458   4  3.24118E-06  3.24118E-06  3.24118E-06  3.24118E-06  3.24118E-06  3.24118E-06  3.24118E-06  3.24118E-06  3.24118E-06  3.24118E-06  3.24118E-06  3.24118E-06  3.24118E-06  3.24118E-06  3.24118E-06  3.24118E-06  3.24118E-06  3.24118E-06  3.24118E-06  3.24118E-06  3.24118E-06  3.24118E-06  3.24118E-06  3.24118E-06
   23854   3  0.00000E+00  0.00000E+00  0.00000E+00  0.00000E+00  0.00000E+00  0.00000E+00  0.00000E+00  0.00000E+00  0.00000E+00  0.00000E+00  0.00000E+00  0.00000E+00  0.00000E+00  0.00000E+00  0.00000E+00  0.00000E+00  0.00000E+00  0.00000E+00  0.00000E+00  0.00000E+00  0.00000E+00  0.00000E+00  0.00000E+00  0.00000E+00
   23854   4  0.00000E+00  0.00000E+00  0.00000E+00  0.00000E+00  0.00000E+00  0.00000E+00  0.00000E+00  0.00000E+00  0.00000E+00  0.00000E+00  0.00000E+00  0.00000E+00  0.00000E+00  0.00000E+00  0.00000E+00  0.00000E+00  0.00000E+00  0.00000E+00  0.00000E+00  0.00000E+00  0.00000E+00  0.00000E+00  0.00000E+00  0.00000E+00
   23854   2  0.00000E+00  0.00000E+00  0.00000E+00  0.00000E+00  0.00000E+00  0.00000E+00  0.00000E+00  0.00000E+00  0.00000E+00  0.00000E+00  0.00000E+00  0.00000E+00  0.00000E+00  0.00000E+00  0.00000E+00  0.00000E+00  0.00000E+00  0.00000E+00  0.00000E+00  0.00000E+00  0.00000E+00  0.00000E+00  0.00000E+00  0.00000E+00
   26688   3  0.00000E+00  0.00000E+00  0.00000E+00  0.00000E+00  0.00000E+00  0.00000E+00  0.00000E+00  0.00000E+00  0.00000E+00  0.00000E+00  0.00000E+00  0.00000E+00  0.00000E+00  0.00000E+00  0.00000E+00  0.00000E+00  0.00000E+00  0.00000E+00  0.00000E+00  0.00000E+00  0.00000E+00  0.00000E+00  0.00000E+00  0.00000E+00
   26688   2  0.00000E+00  0.00000E+00  0.00000E+00  0.00000E+00  0.00000E+00  0.00000E+00  0.00000E+00  0.00000E+00  0.00000E+00  0.00000E+00  0.00000E+00  0.00000E+00  0.00000E+00  0.00000E+00  0.00000E+00  0.00000E+00  0.00000E+00  0.00000E+00  0.00000E+00  0.00000E+00  0.00000E+00  0.00000E+00  0.00000E+00  0.00000E+00
   22806   3  2.67437E-06  2.67437E-06  2.67437E-06  2.67437E-06  2.67437E-06  2.67437E-06  2.67437E-06  2.67437E-06  2.67437E-06  2.67437E-06  2.67437E-06  2.67437E-06  2.67437E-06  2.67437E-06  2.67437E-06  2.67437E-06  2.67437E-06  2.67437E-06  2.67437E-06  2.67437E-06  2.67437E-06  2.67437E-06  2.67437E-06  2.67437E-06
   22805   3  0.00000E+00  0.00000E+00  0.00000E+00  0.00000E+00  0.00000E+00  0.00000E+00  0.00000E+00  0.00000E+00  0.00000E+00  0.00000E+00  0.00000E+00  0.00000E+00  0.00000E+00  0.00000E+00  0.00000E+00  0.00000E+00  0.00000E+00  0.00000E+00  0.00000E+00  0.00000E+00  0.00000E+00  0.00000E+00  0.00000E+00  0.00000E+00
   22806   7  0.00000E+00  0.00000E+00  0.00000E+00  0.00000E+00  0.00000E+00  0.00000E+00  0.00000E+00  0.00000E+00  0.00000E+00  0.00000E+00  0.00000E+00  0.00000E+00  0.00000E+00  0.00000E+00  0.00000E+00  0.00000E+00  0.00000E+00  0.00000E+00  0.00000E+00  0.00000E+00  0.00000E+00  0.00000E+00  0.00000E+00  0.00000E+00
   22806   4  6.99960E-03  6.99960E-03  6.99960E-03  6.99960E-03  6.99960E-03  6.99960E-03  6.99960E-03  6.99960E-03  6.99960E-03  6.99960E-03  6.99960E-03  6.99960E-03  6.99960E-03  6.99960E-03  6.99960E-03  6.99960E-03  6.99960E-03  6.99960E-03  6.99960E-03  6.99960E-03  6.99960E-03  6.99960E-03  6.99960E-03  6.99960E-03
   23506   3  0.00000E+00  0.00000E+00  0.00000E+00  0.00000E+00  0.00000E+00  0.00000E+00  0.00000E+00  0.00000E+00  0.00000E+00  0.00000E+00  0.00000E+00  0.00000E+00  0.00000E+00  0.00000E+00  0.00000E+00  0.00000E+00  0.00000E+00  0.00000E+00  0.00000E+00  0.00000E+00  0.00000E+00  0.00000E+00  0.00000E+00  0.00000E+00
   22453   3  0.00000E+00  0.00000E+00  0.00000E+00  0.00000E+00  0.00000E+00  0.00000E+00  0.00000E+00  0.00000E+00  0.00000E+00  0.00000E+00  0.00000E+00  0.00000E+00  0.00000E+00  0.00000E+00  0.00000E+00  0.00000E+00  0.00000E+00  0.00000E+00  0.00000E+00  0.00000E+00  0.00000E+00  0.00000E+00  0.00000E+00  0.00000E+00
   22457   4  3.27429E-05  3.27429E-05  3.27429E-05  3.27429E-05  3.27429E-05  3.27429E-05  3.27429E-05  3.27429E-05  3.27429E-05  3.27429E-05  3.27429E-05  3.27429E-05  3.27429E-05  3.27429E-05  3.27429E-05  3.27429E-05  3.27429E-05  3.27429E-05  3.27429E-05  3.27429E-05  3.27429E-05  3.27429E-05  3.27429E-05  3.27429E-05
   21396   7  0.00000E+00  0.00000E+00  0.00000E+00  0.00000E+00  0.00000E+00  0.00000E+00  0.00000E+00  0.00000E+00  0.00000E+00  0.00000E+00  0.00000E+00  0.00000E+00  0.00000E+00  1.08506E-02  1.08506E-02  1.08506E-02  1.08506E-02  1.08506E-02  1.08506E-02  1.08506E-02  1.08506E-02  0.00000E+00  0.00000E+00  0.00000E+00
   21395   4  2.13447E-03  2.13447E-03  2.13447E-03  2.13447E-03  2.13447E-03  2.13447E-03  2.13447E-03  2.13447E-03  2.13447E-03  2.13447E-03  2.13447E-03  2.13447E-03  2.13447E-03  2.13447E-03  2.13447E-03  2.13447E-03  2.13447E-03  2.13447E-03  2.13447E-03  2.13447E-03  2.13447E-03  2.13447E-03  2.13447E-03  2.13447E-03
   21396   4  1.73908E-03  1.73908E-03  1.73908E-03  1.73908E-03  1.73908E-03  1.73908E-03  1.73908E-03  1.73908E-03  1.73908E-03  1.73908E-03  1.73908E-03  1.73908E-03  1.73908E-03  1.73908E-03  1.73908E-03  1.73908E-03  1.73908E-03  1.73908E-03  1.73908E-03  1.73908E-03  1.73908E-03  1.73908E-03  1.73908E-03  1.73908E-03
   21740   4  4.08489E-05  4.08489E-05  4.08489E-05  4.08489E-05  4.08489E-05  4.08489E-05  4.08489E-05  4.08489E-05  4.08489E-05  4.08489E-05  4.08489E-05  4.08489E-05  4.08489E-05  4.08489E-05  4.08489E-05  4.08489E-05  4.08489E-05  4.08489E-05  4.08489E-05  4.08489E-05  4.08489E-05  4.08489E-05  4.08489E-05  4.08489E-05
   21739   4  2.56925E-04  2.56925E-04  2.56925E-04  2.56925E-04  2.56925E-04  2.56925E-04  2.56925E-04  2.56925E-04  2.56925E-04  2.56925E-04  2.56925E-04  2.56925E-04  2.56925E-04  2.56925E-04  2.56925E-04  2.56925E-04  2.56925E-04  2.56925E-04  2.56925E-04  2.56925E-04  2.56925E-04  2.56925E-04  2.56925E-04  2.56925E-04
   21740   3  3.28084E-04  3.28084E-04  3.28084E-04  3.28084E-04  3.28084E-04  0.00000E+00  0.00000E+00  0.00000E+00  0.00000E+00  0.00000E+00  0.00000E+00  0.00000E+00  0.00000E+00  3.28084E-04  3.28084E-04  3.28084E-04  3.28084E-04  3.28084E-04  3.28084E-04  3.28084E-04  3.28084E-04  3.28084E-04  3.28084E-04  3.28084E-04
   22093   4  0.00000E+00  0.00000E+00  0.00000E+00  0.00000E+00  0.00000E+00  0.00000E+00  0.00000E+00  0.00000E+00  0.00000E+00  0.00000E+00  0.00000E+00  0.00000E+00  0.00000E+00  0.00000E+00  0.00000E+00  0.00000E+00  0.00000E+00  0.00000E+00  0.00000E+00  0.00000E+00  0.00000E+00  0.00000E+00  0.00000E+00  0.00000E+00
   22093   7  0.00000E+00  0.00000E+00  0.00000E+00  0.00000E+00  0.00000E+00  0.00000E+00  0.00000E+00  0.00000E+00  0.00000E+00  0.00000E+00  0.00000E+00  0.00000E+00  0.00000E+00  0.00000E+00  0.00000E+00  0.00000E+00  0.00000E+00  0.00000E+00  0.00000E+00  0.00000E+00  0.00000E+00  0.00000E+00  0.00000E+00  0.00000E+00
   21744   3  4.19167E-03  4.19167E-03  4.19167E-03  4.19167E-03  4.19167E-03  4.19167E-03  4.19167E-03  4.19167E-03  4.19167E-03  4.19167E-03  4.19167E-03  4.19167E-03  4.19167E-03  4.19167E-03  4.19167E-03  4.19167E-03  4.19167E-03  4.19167E-03  4.19167E-03  4.19167E-03  4.19167E-03  4.19167E-03  4.19167E-03  4.19167E-03
   21744   4  2.13294E-03  2.13294E-03  2.13294E-03  2.13294E-03  2.13294E-03  2.13294E-03  2.13294E-03  2.13294E-03  2.13294E-03  2.13294E-03  2.13294E-03  2.13294E-03  2.13294E-03  2.13294E-03  2.13294E-03  2.13294E-03  2.13294E-03  2.13294E-03  2.13294E-03  2.13294E-03  2.13294E-03  2.13294E-03  2.13294E-03  2.13294E-03
   21391   4  7.02046E-04  7.02046E-04  7.02046E-04  7.02046E-04  7.02046E-04  7.02046E-04  7.02046E-04  7.02046E-04  7.02046E-04  7.02046E-04  7.02046E-04  7.02046E-04  7.02046E-04  7.02046E-04  7.02046E-04  7.02046E-04  7.02046E-04  7.02046E-04  7.02046E-04  7.02046E-04  7.02046E-04  7.02046E-04  7.02046E-04  7.02046E-04
   21391   3  4.79497E-03  4.79497E-03  4.79497E-03  4.79497E-03  4.79497E-03  4.79497E-03  4.79497E-03  4.79497E-03  4.79497E-03  4.79497E-03  4.79497E-03  4.79497E-03  4.79497E-03  4.79497E-03  4.79497E-03  4.79497E-03  4.79497E-03  4.79497E-03  4.79497E-03  4.79497E-03  4.79497E-03  4.79497E-03  4.79497E-03  4.79497E-03
   21744   5  0.00000E+00  0.00000E+00  0.00000E+00  0.00000E+00  0.00000E+00  0.00000E+00  0.00000E+00  0.00000E+00  0.00000E+00  0.00000E+00  0.00000E+00  0.00000E+00  0.00000E+00  0.00000E+00  0.00000E+00  0.00000E+00  0.00000E+00  0.00000E+00  0.00000E+00  0.00000E+00  0.00000E+00  0.00000E+00  0.00000E+00  0.00000E+00
   22098   4  5.47328E-04  5.47328E-04  5.47328E-04  5.47328E-04  5.47328E-04  5.47328E-04  5.47328E-04  5.47328E-04  5.47328E-04  5.47328E-04  5.47328E-04  5.47328E-04  5.47328E-04  5.47328E-04  5.47328E-04  5.47328E-04  5.47328E-04  5.47328E-04  5.47328E-04  5.47328E-04  5.47328E-04  5.47328E-04  5.47328E-04  5.47328E-04
   22445   7  0.00000E+00  0.00000E+00  0.00000E+00  0.00000E+00  0.00000E+00  0.00000E+00  0.00000E+00  0.00000E+00  0.00000E+00  0.00000E+00  0.00000E+00  0.00000E+00  0.00000E+00  0.00000E+00  0.00000E+00  0.00000E+00  0.00000E+00  0.00000E+00  0.00000E+00  0.00000E+00  0.00000E+00  0.00000E+00  0.00000E+00  0.00000E+00
   22093   3  1.98450E-04  1.98450E-04  1.98450E-04  1.98450E-04  1.98450E-04  1.98450E-04  1.98450E-04  1.98450E-04  1.98450E-04  1.98450E-04  1.98450E-04  1.98450E-04  1.98450E-04  1.98450E-04  1.98450E-04  1.98450E-04  1.98450E-04  1.98450E-04  1.98450E-04  1.98450E-04  1.98450E-04  1.98450E-04  1.98450E-04  1.98450E-04
   22093   2  1.98450E-04  1.98450E-04  1.98450E-04  1.98450E-04  1.98450E-04  1.98450E-04  1.98450E-04  1.98450E-04  1.98450E-04  1.98450E-04  1.98450E-04  1.98450E-04  1.98450E-04  1.98450E-04  1.98450E-04  1.98450E-04  1.98450E-04  1.98450E-04  1.98450E-04  1.98450E-04  1.98450E-04  1.98450E-04  1.98450E-04  1.98450E-04
   22445   2  0.00000E+00  0.00000E+00  0.00000E+00  0.00000E+00  0.00000E+00  0.00000E+00  0.00000E+00  0.00000E+00  0.00000E+00  0.00000E+00  0.00000E+00  0.00000E+00  0.00000E+00  0.00000E+00  0.00000E+00  0.00000E+00  0.00000E+00  0.00000E+00  0.00000E+00  0.00000E+00  0.00000E+00  0.00000E+00  0.00000E+00  0.00000E+00
   22445   3  0.00000E+00  0.00000E+00  0.00000E+00  0.00000E+00  0.00000E+00  0.00000E+00  0.00000E+00  0.00000E+00  0.00000E+00  0.00000E+00  0.00000E+00  0.00000E+00  0.00000E+00  0.00000E+00  0.00000E+00  0.00000E+00  0.00000E+00  0.00000E+00  0.00000E+00  0.00000E+00  0.00000E+00  0.00000E+00  0.00000E+00  0.00000E+00
   22445   1  0.00000E+00  0.00000E+00  0.00000E+00  0.00000E+00  0.00000E+00  0.00000E+00  0.00000E+00  0.00000E+00  0.00000E+00  0.00000E+00  0.00000E+00  0.00000E+00  0.00000E+00  0.00000E+00  0.00000E+00  0.00000E+00  0.00000E+00  0.00000E+00  0.00000E+00  0.00000E+00  0.00000E+00  0.00000E+00  0.00000E+00  0.00000E+00
   22446   4  6.49241E-04  6.49241E-04  6.49241E-04  6.49241E-04  6.49241E-04  6.49241E-04  6.49241E-04  6.49241E-04  6.49241E-04  6.49241E-04  6.49241E-04  6.49241E-04  6.49241E-04  6.49241E-04  6.49241E-04  6.49241E-04  6.49241E-04  6.49241E-04  6.49241E-04  6.49241E-04  6.49241E-04  6.49241E-04  6.49241E-04  6.49241E-04
   22446   2  0.00000E+00  0.00000E+00  0.00000E+00  0.00000E+00  0.00000E+00  0.00000E+00  0.00000E+00  0.00000E+00  0.00000E+00  0.00000E+00  0.00000E+00  0.00000E+00  0.00000E+00  0.00000E+00  0.00000E+00  0.00000E+00  0.00000E+00  0.00000E+00  0.00000E+00  0.00000E+00  0.00000E+00  0.00000E+00  0.00000E+00  0.00000E+00
   22446   3  0.00000E+00  0.00000E+00  0.00000E+00  0.00000E+00  0.00000E+00  0.00000E+00  0.00000E+00  0.00000E+00  0.00000E+00  0.00000E+00  0.00000E+00  0.00000E+00  0.00000E+00  0.00000E+00  0.00000E+00  0.00000E+00  0.00000E+00  0.00000E+00  0.00000E+00  0.00000E+00  0.00000E+00  0.00000E+00  0.00000E+00  0.00000E+00
   22446   1  0.00000E+00  0.00000E+00  0.00000E+00  0.00000E+00  0.00000E+00  0.00000E+00  0.00000E+00  0.00000E+00  0.00000E+00  0.00000E+00  0.00000E+00  0.00000E+00  0.00000E+00  0.00000E+00  0.00000E+00  0.00000E+00  0.00000E+00  0.00000E+00  0.00000E+00  0.00000E+00  0.00000E+00  0.00000E+00  0.00000E+00  0.00000E+00
   22810   4  1.25885E-04  1.25885E-04  1.25885E-04  1.25885E-04  1.25885E-04  1.25885E-04  1.25885E-04  1.25885E-04  1.25885E-04  1.25885E-04  1.25885E-04  1.25885E-04  1.25885E-04  1.25885E-04  1.25885E-04  1.25885E-04  1.25885E-04  1.25885E-04  1.25885E-04  1.25885E-04  1.25885E-04  1.25885E-04  1.25885E-04  1.25885E-04
   22810   3  0.00000E+00  0.00000E+00  0.00000E+00  0.00000E+00  0.00000E+00  0.00000E+00  0.00000E+00  0.00000E+00  0.00000E+00  0.00000E+00  0.00000E+00  0.00000E+00  0.00000E+00  0.00000E+00  0.00000E+00  0.00000E+00  0.00000E+00  0.00000E+00  0.00000E+00  0.00000E+00  0.00000E+00  0.00000E+00  0.00000E+00  0.00000E+00
   25975   3  0.00000E+00  0.00000E+00  0.00000E+00  0.00000E+00  0.00000E+00  0.00000E+00  0.00000E+00  0.00000E+00  0.00000E+00  0.00000E+00  0.00000E+00  0.00000E+00  0.00000E+00  0.00000E+00  0.00000E+00  0.00000E+00  0.00000E+00  0.00000E+00  0.00000E+00  0.00000E+00  0.00000E+00  0.00000E+00  0.00000E+00  0.00000E+00
   25581   3  0.00000E+00  0.00000E+00  0.00000E+00  0.00000E+00  0.00000E+00  0.00000E+00  0.00000E+00  0.00000E+00  0.00000E+00  0.00000E+00  0.00000E+00  0.00000E+00  0.00000E+00  0.00000E+00  0.00000E+00  0.00000E+00  0.00000E+00  0.00000E+00  0.00000E+00  0.00000E+00  0.00000E+00  0.00000E+00  0.00000E+00  0.00000E+00
   24161   3  0.00000E+00  0.00000E+00  0.00000E+00  0.00000E+00  0.00000E+00  0.00000E+00  0.00000E+00  0.00000E+00  0.00000E+00  0.00000E+00  0.00000E+00  0.00000E+00  0.00000E+00  0.00000E+00  0.00000E+00  0.00000E+00  0.00000E+00  0.00000E+00  0.00000E+00  0.00000E+00  0.00000E+00  0.00000E+00  0.00000E+00  0.00000E+00
   24161   2  0.00000E+00  0.00000E+00  0.00000E+00  0.00000E+00  0.00000E+00  0.00000E+00  0.00000E+00  0.00000E+00  0.00000E+00  0.00000E+00  0.00000E+00  0.00000E+00  0.00000E+00  0.00000E+00  0.00000E+00  0.00000E+00  0.00000E+00  0.00000E+00  0.00000E+00  0.00000E+00  0.00000E+00  0.00000E+00  0.00000E+00  0.00000E+00
   20976   3  0.00000E+00  0.00000E+00  0.00000E+00  0.00000E+00  0.00000E+00  0.00000E+00  0.00000E+00  0.00000E+00  0.00000E+00  0.00000E+00  0.00000E+00  0.00000E+00  0.00000E+00  0.00000E+00  0.00000E+00  0.00000E+00  0.00000E+00  0.00000E+00  0.00000E+00  0.00000E+00  0.00000E+00  0.00000E+00  0.00000E+00  0.00000E+00
   20976   2  0.00000E+00  0.00000E+00  0.00000E+00  0.00000E+00  0.00000E+00  0.00000E+00  0.00000E+00  0.00000E+00  0.00000E+00  0.00000E+00  0.00000E+00  0.00000E+00  0.00000E+00  0.00000E+00  0.00000E+00  0.00000E+00  0.00000E+00  0.00000E+00  0.00000E+00  0.00000E+00  0.00000E+00  0.00000E+00  0.00000E+00  0.00000E+00
   20621   3  0.00000E+00  0.00000E+00  0.00000E+00  0.00000E+00  0.00000E+00  0.00000E+00  0.00000E+00  0.00000E+00  0.00000E+00  0.00000E+00  0.00000E+00  0.00000E+00  0.00000E+00  0.00000E+00  0.00000E+00  0.00000E+00  0.00000E+00  0.00000E+00  0.00000E+00  0.00000E+00  0.00000E+00  0.00000E+00  0.00000E+00  0.00000E+00
   23460   3  1.22839E-03  1.22839E-03  1.22839E-03  1.22839E-03  1.22839E-03  1.22839E-03  1.22839E-03  1.22839E-03  1.22839E-03  1.22839E-03  1.22839E-03  1.22839E-03  1.22839E-03  1.22839E-03  1.22839E-03  1.22839E-03  1.22839E-03  1.22839E-03  1.22839E-03  1.22839E-03  1.22839E-03  1.22839E-03  1.22839E-03  1.22839E-03
   25224   4  5.07383E-02  5.07383E-02  5.07383E-02  5.07383E-02  5.07383E-02  5.07383E-02  5.07383E-02  5.07383E-02  5.07383E-02  5.07383E-02  5.07383E-02  5.07383E-02  5.07383E-02  5.07383E-02  5.07383E-02  5.07383E-02  5.07383E-02  5.07383E-02  5.07383E-02  5.07383E-02  5.07383E-02  5.07383E-02  5.07383E-02  5.07383E-02
   25224   3  8.56108E-03  8.56108E-03  8.56108E-03  8.56108E-03  8.56108E-03  8.56108E-03  8.56108E-03  8.56108E-03  8.56108E-03  8.56108E-03  8.56108E-03  8.56108E-03  8.56108E-03  8.56108E-03  8.56108E-03  8.56108E-03  8.56108E-03  8.56108E-03  8.56108E-03  8.56108E-03  8.56108E-03  8.56108E-03  8.56108E-03  8.56108E-03
   25223   3  0.00000E+00  0.00000E+00  0.00000E+00  0.00000E+00  0.00000E+00  0.00000E+00  0.00000E+00  0.00000E+00  0.00000E+00  0.00000E+00  0.00000E+00  0.00000E+00  0.00000E+00  0.00000E+00  0.00000E+00  0.00000E+00  0.00000E+00  0.00000E+00  0.00000E+00  0.00000E+00  0.00000E+00  0.00000E+00  0.00000E+00  0.00000E+00
   24870   3  6.76167E-04  6.76167E-04  6.76167E-04  6.76167E-04  6.76167E-04  6.76167E-04  6.76167E-04  6.76167E-04  6.76167E-04  6.76167E-04  6.76167E-04  6.76167E-04  6.76167E-04  6.76167E-04  6.76167E-04  6.76167E-04  6.76167E-04  6.76167E-04  6.76167E-04  6.76167E-04  6.76167E-04  6.76167E-04  6.76167E-04  6.76167E-04
   25224   7  0.00000E+00  0.00000E+00  0.00000E+00  0.00000E+00  0.00000E+00  0.00000E+00  0.00000E+00  0.00000E+00  0.00000E+00  0.00000E+00  0.00000E+00  0.00000E+00  0.00000E+00  6.76760E-03  6.76760E-03  6.76760E-03  6.76760E-03  6.76760E-03  6.76760E-03  6.76760E-03  6.76760E-03  0.00000E+00  0.00000E+00  0.00000E+00
   25224   5  0.00000E+00  0.00000E+00  0.00000E+00  0.00000E+00  0.00000E+00  0.00000E+00  0.00000E+00  0.00000E+00  0.00000E+00  0.00000E+00  0.00000E+00  0.00000E+00  0.00000E+00  0.00000E+00  0.00000E+00  0.00000E+00  0.00000E+00  0.00000E+00  0.00000E+00  0.00000E+00  0.00000E+00  0.00000E+00  0.00000E+00  0.00000E+00
   24871   3  0.00000E+00  0.00000E+00  0.00000E+00  0.00000E+00  0.00000E+00  0.00000E+00  0.00000E+00  0.00000E+00  0.00000E+00  0.00000E+00  0.00000E+00  0.00000E+00  0.00000E+00  0.00000E+00  0.00000E+00  0.00000E+00  0.00000E+00  0.00000E+00  0.00000E+00  0.00000E+00  0.00000E+00  0.00000E+00  0.00000E+00  0.00000E+00
   25223   4  2.79823E-03  2.79823E-03  2.79823E-03  2.79823E-03  2.79823E-03  2.79823E-03  2.79823E-03  2.79823E-03  2.79823E-03  2.79823E-03  2.79823E-03  2.79823E-03  2.79823E-03  2.79823E-03  2.79823E-03  2.79823E-03  2.79823E-03  2.79823E-03  2.79823E-03  2.79823E-03  2.79823E-03  2.79823E-03  2.79823E-03  2.79823E-03
   24870   4  1.60976E-02  1.60976E-02  1.60976E-02  1.60976E-02  1.60976E-02  1.60976E-02  1.60976E-02  1.60976E-02  1.60976E-02  1.60976E-02  1.60976E-02  1.60976E-02  1.60976E-02  1.60976E-02  1.60976E-02  1.60976E-02  1.60976E-02  1.60976E-02  1.60976E-02  1.60976E-02  1.60976E-02  1.60976E-02  1.60976E-02  1.60976E-02
   24871   4  3.66733E-02  3.66733E-02  3.66733E-02  3.66733E-02  3.66733E-02  3.66733E-02  3.66733E-02  3.66733E-02  3.66733E-02  3.66733E-02  3.66733E-02  3.66733E-02  3.66733E-02  3.66733E-02  3.66733E-02  3.66733E-02  3.66733E-02  3.66733E-02  3.66733E-02  3.66733E-02  3.66733E-02  3.66733E-02  3.66733E-02  3.66733E-02
   23814   4  0.00000E+00  0.00000E+00  0.00000E+00  0.00000E+00  0.00000E+00  0.00000E+00  0.00000E+00  0.00000E+00  0.00000E+00  0.00000E+00  0.00000E+00  0.00000E+00  0.00000E+00  0.00000E+00  0.00000E+00  0.00000E+00  0.00000E+00  0.00000E+00  0.00000E+00  0.00000E+00  0.00000E+00  0.00000E+00  0.00000E+00  0.00000E+00
   23813   3  0.00000E+00  0.00000E+00  0.00000E+00  0.00000E+00  0.00000E+00  0.00000E+00  0.00000E+00  0.00000E+00  0.00000E+00  0.00000E+00  0.00000E+00  0.00000E+00  0.00000E+00  0.00000E+00  0.00000E+00  0.00000E+00  0.00000E+00  0.00000E+00  0.00000E+00  0.00000E+00  0.00000E+00  0.00000E+00  0.00000E+00  0.00000E+00
   23458   4  6.32585E-04  6.32585E-04  6.32585E-04  6.32585E-04  6.32585E-04  6.32585E-04  6.32585E-04  6.32585E-04  6.32585E-04  6.32585E-04  6.32585E-04  6.32585E-04  6.32585E-04  6.32585E-04  6.32585E-04  6.32585E-04  6.32585E-04  6.32585E-04  6.32585E-04  6.32585E-04  6.32585E-04  6.32585E-04  6.32585E-04  6.32585E-04
   28064   5  0.00000E+00  0.00000E+00  0.00000E+00  0.00000E+00  0.00000E+00  0.00000E+00  0.00000E+00  0.00000E+00  0.00000E+00  0.00000E+00  0.00000E+00  0.00000E+00  0.00000E+00  0.00000E+00  0.00000E+00  0.00000E+00  0.00000E+00  0.00000E+00  0.00000E+00  0.00000E+00  0.00000E+00  0.00000E+00  0.00000E+00  0.00000E+00
   23819   3  1.10054E-05  1.10054E-05  1.10054E-05  1.10054E-05  1.10054E-05  1.10054E-05  1.10054E-05  1.10054E-05  1.10054E-05  1.10054E-05  1.10054E-05  1.10054E-05  1.10054E-05  1.10054E-05  1.10054E-05  1.10054E-05  1.10054E-05  1.10054E-05  1.10054E-05  1.10054E-05  1.10054E-05  1.10054E-05  1.10054E-05  1.10054E-05
   23819   4  1.69190E-02  1.69190E-02  1.69190E-02  1.69190E-02  1.69190E-02  1.69190E-02  1.69190E-02  1.69190E-02  1.69190E-02  1.69190E-02  1.69190E-02  1.69190E-02  1.69190E-02  1.69190E-02  1.69190E-02  1.69190E-02  1.69190E-02  1.69190E-02  1.69190E-02  1.69190E-02  1.69190E-02  1.69190E-02  1.69190E-02  1.69190E-02
   23464   5  0.00000E+00  0.00000E+00  0.00000E+00  0.00000E+00  0.00000E+00  0.00000E+00  0.00000E+00  0.00000E+00  0.00000E+00  0.00000E+00  0.00000E+00  0.00000E+00  0.00000E+00  0.00000E+00  0.00000E+00  0.00000E+00  0.00000E+00  0.00000E+00  0.00000E+00  0.00000E+00  0.00000E+00  0.00000E+00  0.00000E+00  0.00000E+00
   23464   3  0.00000E+00  0.00000E+00  0.00000E+00  0.00000E+00  0.00000E+00  0.00000E+00  0.00000E+00  0.00000E+00  0.00000E+00  0.00000E+00  0.00000E+00  0.00000E+00  0.00000E+00  0.00000E+00  0.00000E+00  0.00000E+00  0.00000E+00  0.00000E+00  0.00000E+00  0.00000E+00  0.00000E+00  0.00000E+00  0.00000E+00  0.00000E+00
   23464   1  0.00000E+00  0.00000E+00  0.00000E+00  0.00000E+00  0.00000E+00  0.00000E+00  0.00000E+00  0.00000E+00  0.00000E+00  0.00000E+00  0.00000E+00  0.00000E+00  0.00000E+00  0.00000E+00  0.00000E+00  0.00000E+00  0.00000E+00  0.00000E+00  0.00000E+00  0.00000E+00  0.00000E+00  0.00000E+00  0.00000E+00  0.00000E+00
   23464   2  0.00000E+00  0.00000E+00  0.00000E+00  0.00000E+00  0.00000E+00  0.00000E+00  0.00000E+00  0.00000E+00  0.00000E+00  0.00000E+00  0.00000E+00  0.00000E+00  0.00000E+00  0.00000E+00  0.00000E+00  0.00000E+00  0.00000E+00  0.00000E+00  0.00000E+00  0.00000E+00  0.00000E+00  0.00000E+00  0.00000E+00  0.00000E+00
   23464   4  5.30361E-03  5.30361E-03  5.30361E-03  5.30361E-03  5.30361E-03  5.30361E-03  5.30361E-03  5.30361E-03  5.30361E-03  5.30361E-03  5.30361E-03  5.30361E-03  5.30361E-03  5.30361E-03  5.30361E-03  5.30361E-03  5.30361E-03  5.30361E-03  5.30361E-03  5.30361E-03  5.30361E-03  5.30361E-03  5.30361E-03  5.30361E-03
   24519   4  1.11023E-02  1.11023E-02  1.11023E-02  1.11023E-02  1.11023E-02  1.11023E-02  1.11023E-02  1.11023E-02  1.11023E-02  1.11023E-02  1.11023E-02  1.11023E-02  1.11023E-02  1.11023E-02  1.11023E-02  1.11023E-02  1.11023E-02  1.11023E-02  1.11023E-02  1.11023E-02  1.11023E-02  1.11023E-02  1.11023E-02  1.11023E-02
   24519   3  2.73459E-03  2.73459E-03  2.73459E-03  2.73459E-03  2.73459E-03  2.73459E-03  2.73459E-03  2.73459E-03  2.73459E-03  2.73459E-03  2.73459E-03  2.73459E-03  2.73459E-03  2.73459E-03  2.73459E-03  2.73459E-03  2.73459E-03  2.73459E-03  2.73459E-03  2.73459E-03  2.73459E-03  2.73459E-03  2.73459E-03  2.73459E-03
   24166   4  8.35353E-04  8.35353E-04  8.35353E-04  8.35353E-04  8.35353E-04  8.35353E-04  8.35353E-04  8.35353E-04  8.35353E-04  8.35353E-04  8.35353E-04  8.35353E-04  8.35353E-04  8.35353E-04  8.35353E-04  8.35353E-04  8.35353E-04  8.35353E-04  8.35353E-04  8.35353E-04  8.35353E-04  8.35353E-04  8.35353E-04  8.35353E-04
   24518   4  0.00000E+00  0.00000E+00  0.00000E+00  0.00000E+00  0.00000E+00  0.00000E+00  0.00000E+00  0.00000E+00  0.00000E+00  0.00000E+00  0.00000E+00  0.00000E+00  0.00000E+00  0.00000E+00  0.00000E+00  0.00000E+00  0.00000E+00  0.00000E+00  0.00000E+00  0.00000E+00  0.00000E+00  0.00000E+00  0.00000E+00  0.00000E+00
   24519   7  0.00000E+00  0.00000E+00  0.00000E+00  0.00000E+00  0.00000E+00  0.00000E+00  0.00000E+00  0.00000E+00  0.00000E+00  0.00000E+00  0.00000E+00  0.00000E+00  0.00000E+00  0.00000E+00  0.00000E+00  0.00000E+00  0.00000E+00  0.00000E+00  0.00000E+00  0.00000E+00  0.00000E+00  0.00000E+00  0.00000E+00  0.00000E+00
   24510   3  0.00000E+00  0.00000E+00  0.00000E+00  0.00000E+00  0.00000E+00  0.00000E+00  0.00000E+00  0.00000E+00  0.00000E+00  0.00000E+00  0.00000E+00  0.00000E+00  0.00000E+00  0.00000E+00  0.00000E+00  0.00000E+00  0.00000E+00  0.00000E+00  0.00000E+00  0.00000E+00  0.00000E+00  0.00000E+00  0.00000E+00  0.00000E+00
   24510   2  0.00000E+00  0.00000E+00  0.00000E+00  0.00000E+00  0.00000E+00  0.00000E+00  0.00000E+00  0.00000E+00  0.00000E+00  0.00000E+00  0.00000E+00  0.00000E+00  0.00000E+00  0.00000E+00  0.00000E+00  0.00000E+00  0.00000E+00  0.00000E+00  0.00000E+00  0.00000E+00  0.00000E+00  0.00000E+00  0.00000E+00  0.00000E+00
   20989   3  0.00000E+00  0.00000E+00  0.00000E+00  0.00000E+00  0.00000E+00  0.00000E+00  0.00000E+00  0.00000E+00  0.00000E+00  0.00000E+00  0.00000E+00  0.00000E+00  0.00000E+00  0.00000E+00  0.00000E+00  0.00000E+00  0.00000E+00  0.00000E+00  0.00000E+00  0.00000E+00  0.00000E+00  0.00000E+00  0.00000E+00  0.00000E+00
   20989   2  0.00000E+00  0.00000E+00  0.00000E+00  0.00000E+00  0.00000E+00  0.00000E+00  0.00000E+00  0.00000E+00  0.00000E+00  0.00000E+00  0.00000E+00  0.00000E+00  0.00000E+00  0.00000E+00  0.00000E+00  0.00000E+00  0.00000E+00  0.00000E+00  0.00000E+00  0.00000E+00  0.00000E+00  0.00000E+00  0.00000E+00  0.00000E+00
   22745   4  3.41948E-04  3.41948E-04  3.41948E-04  3.41948E-04  3.41948E-04  3.41948E-04  3.41948E-04  3.41948E-04  3.41948E-04  3.41948E-04  3.41948E-04  3.41948E-04  3.41948E-04  3.41948E-04  3.41948E-04  3.41948E-04  3.41948E-04  3.41948E-04  3.41948E-04  3.41948E-04  3.41948E-04  3.41948E-04  3.41948E-04  3.41948E-04
   28410   4  2.51771E-04  2.51771E-04  2.51771E-04  2.51771E-04  2.51771E-04  2.51771E-04  2.51771E-04  2.51771E-04  2.51771E-04  2.51771E-04  2.51771E-04  2.51771E-04  2.51771E-04  2.51771E-04  2.51771E-04  2.51771E-04  2.51771E-04  2.51771E-04  2.51771E-04  2.51771E-04  2.51771E-04  2.51771E-04  2.51771E-04  2.51771E-04
   24163   4  1.04346E-03  1.04346E-03  1.04346E-03  1.04346E-03  1.04346E-03  1.04346E-03  1.04346E-03  1.04346E-03  1.04346E-03  1.04346E-03  1.04346E-03  1.04346E-03  1.04346E-03  1.04346E-03  1.04346E-03  1.04346E-03  1.04346E-03  1.04346E-03  1.04346E-03  1.04346E-03  1.04346E-03  1.04346E-03  1.04346E-03  1.04346E-03
   24163   3  2.14504E-06  2.14504E-06  2.14504E-06  2.14504E-06  2.14504E-06  2.14504E-06  2.14504E-06  2.14504E-06  2.14504E-06  2.14504E-06  2.14504E-06  2.14504E-06  2.14504E-06  2.14504E-06  2.14504E-06  2.14504E-06  2.14504E-06  2.14504E-06  2.14504E-06  2.14504E-06  2.14504E-06  2.14504E-06  2.14504E-06  2.14504E-06
   24870   5  0.00000E+00  0.00000E+00  0.00000E+00  0.00000E+00  0.00000E+00  0.00000E+00  0.00000E+00  0.00000E+00  0.00000E+00  0.00000E+00  0.00000E+00  0.00000E+00  0.00000E+00  0.00000E+00  0.00000E+00  0.00000E+00  0.00000E+00  0.00000E+00  0.00000E+00  0.00000E+00  0.00000E+00  0.00000E+00  0.00000E+00  0.00000E+00
   24517   4  0.00000E+00  0.00000E+00  0.00000E+00  0.00000E+00  0.00000E+00  0.00000E+00  0.00000E+00  0.00000E+00  0.00000E+00  0.00000E+00  0.00000E+00  0.00000E+00  0.00000E+00  0.00000E+00  0.00000E+00  0.00000E+00  0.00000E+00  0.00000E+00  0.00000E+00  0.00000E+00  0.00000E+00  0.00000E+00  0.00000E+00  0.00000E+00
   24872   4  8.42860E-04  8.42860E-04  8.42860E-04  8.42860E-04  8.42860E-04  8.42860E-04  8.42860E-04  8.42860E-04  8.42860E-04  8.42860E-04  8.42860E-04  8.42860E-04  8.42860E-04  8.42860E-04  8.42860E-04  8.42860E-04  8.42860E-04  8.42860E-04  8.42860E-04  8.42860E-04  8.42860E-04  8.42860E-04  8.42860E-04  8.42860E-04
   20280   3  0.00000E+00  0.00000E+00  0.00000E+00  0.00000E+00  0.00000E+00  0.00000E+00  0.00000E+00  0.00000E+00  0.00000E+00  0.00000E+00  0.00000E+00  0.00000E+00  0.00000E+00  0.00000E+00  0.00000E+00  0.00000E+00  0.00000E+00  0.00000E+00  0.00000E+00  0.00000E+00  0.00000E+00  0.00000E+00  0.00000E+00  0.00000E+00
   23103   3  0.00000E+00  0.00000E+00  0.00000E+00  0.00000E+00  0.00000E+00  0.00000E+00  0.00000E+00  0.00000E+00  0.00000E+00  0.00000E+00  0.00000E+00  0.00000E+00  0.00000E+00  1.69588E-04  1.69588E-04  1.69588E-04  1.69588E-04  1.69588E-04  1.69588E-04  1.69588E-04  1.69588E-04  0.00000E+00  0.00000E+00  0.00000E+00
   25575   3  1.11770E-03  1.11770E-03  1.11770E-03  1.11770E-03  1.11770E-03  1.11770E-03  1.11770E-03  1.11770E-03  1.11770E-03  1.11770E-03  1.11770E-03  1.11770E-03  1.11770E-03  1.11770E-03  1.11770E-03  1.11770E-03  1.11770E-03  1.11770E-03  1.11770E-03  1.11770E-03  1.11770E-03  1.11770E-03  1.11770E-03  1.11770E-03
   25575   4  1.03484E-02  1.03484E-02  1.03484E-02  1.03484E-02  1.03484E-02  1.03484E-02  1.03484E-02  1.03484E-02  1.03484E-02  1.03484E-02  1.03484E-02  1.03484E-02  1.03484E-02  1.03484E-02  1.03484E-02  1.03484E-02  1.03484E-02  1.03484E-02  1.03484E-02  1.03484E-02  1.03484E-02  1.03484E-02  1.03484E-02  1.03484E-02
   25575   5  0.00000E+00  0.00000E+00  0.00000E+00  0.00000E+00  0.00000E+00  0.00000E+00  0.00000E+00  0.00000E+00  0.00000E+00  0.00000E+00  0.00000E+00  0.00000E+00  0.00000E+00  0.00000E+00  0.00000E+00  0.00000E+00  0.00000E+00  0.00000E+00  0.00000E+00  0.00000E+00  0.00000E+00  0.00000E+00  0.00000E+00  0.00000E+00
   25575   2  7.83781E-06  7.83781E-06  7.83781E-06  7.83781E-06  7.83781E-06  7.83781E-06  7.83781E-06  7.83781E-06  7.83781E-06  7.83781E-06  7.83781E-06  7.83781E-06  7.83781E-06  7.83781E-06  7.83781E-06  7.83781E-06  7.83781E-06  7.83781E-06  7.83781E-06  7.83781E-06  7.83781E-06  7.83781E-06  7.83781E-06  7.83781E-06
   24868   4  0.00000E+00  0.00000E+00  0.00000E+00  0.00000E+00  0.00000E+00  0.00000E+00  0.00000E+00  0.00000E+00  0.00000E+00  0.00000E+00  0.00000E+00  0.00000E+00  0.00000E+00  0.00000E+00  0.00000E+00  0.00000E+00  0.00000E+00  0.00000E+00  0.00000E+00  0.00000E+00  0.00000E+00  0.00000E+00  0.00000E+00  0.00000E+00
   24869   4  0.00000E+00  0.00000E+00  0.00000E+00  0.00000E+00  0.00000E+00  0.00000E+00  0.00000E+00  0.00000E+00  0.00000E+00  0.00000E+00  0.00000E+00  0.00000E+00  0.00000E+00  0.00000E+00  0.00000E+00  0.00000E+00  0.00000E+00  0.00000E+00  0.00000E+00  0.00000E+00  0.00000E+00  0.00000E+00  0.00000E+00  0.00000E+00
   25575   7  0.00000E+00  0.00000E+00  0.00000E+00  0.00000E+00  0.00000E+00  0.00000E+00  0.00000E+00  0.00000E+00  0.00000E+00  0.00000E+00  0.00000E+00  0.00000E+00  0.00000E+00  0.00000E+00  0.00000E+00  0.00000E+00  0.00000E+00  0.00000E+00  0.00000E+00  0.00000E+00  0.00000E+00  0.00000E+00  0.00000E+00  0.00000E+00
   25576   3  0.00000E+00  0.00000E+00  0.00000E+00  0.00000E+00  0.00000E+00  0.00000E+00  0.00000E+00  0.00000E+00  0.00000E+00  0.00000E+00  0.00000E+00  0.00000E+00  0.00000E+00  0.00000E+00  0.00000E+00  0.00000E+00  0.00000E+00  0.00000E+00  0.00000E+00  0.00000E+00  0.00000E+00  0.00000E+00  0.00000E+00  0.00000E+00
   25222   3  8.39000E-05  8.39000E-05  8.39000E-05  8.39000E-05  8.39000E-05  8.39000E-05  8.39000E-05  8.39000E-05  8.39000E-05  8.39000E-05  8.39000E-05  8.39000E-05  8.39000E-05  8.39000E-05  8.39000E-05  8.39000E-05  8.39000E-05  8.39000E-05  8.39000E-05  8.39000E-05  8.39000E-05  8.39000E-05  8.39000E-05  8.39000E-05
   24874   3  0.00000E+00  0.00000E+00  0.00000E+00  0.00000E+00  0.00000E+00  0.00000E+00  0.00000E+00  0.00000E+00  0.00000E+00  0.00000E+00  0.00000E+00  0.00000E+00  0.00000E+00  0.00000E+00  0.00000E+00  0.00000E+00  0.00000E+00  0.00000E+00  0.00000E+00  0.00000E+00  0.00000E+00  0.00000E+00  0.00000E+00  0.00000E+00
   24874   4  0.00000E+00  0.00000E+00  0.00000E+00  0.00000E+00  0.00000E+00  0.00000E+00  0.00000E+00  0.00000E+00  0.00000E+00  0.00000E+00  0.00000E+00  0.00000E+00  0.00000E+00  0.00000E+00  0.00000E+00  0.00000E+00  0.00000E+00  0.00000E+00  0.00000E+00  0.00000E+00  0.00000E+00  0.00000E+00  0.00000E+00  0.00000E+00
   20686   4  0.00000E+00  0.00000E+00  0.00000E+00  0.00000E+00  0.00000E+00  0.00000E+00  0.00000E+00  0.00000E+00  0.00000E+00  0.00000E+00  0.00000E+00  0.00000E+00  0.00000E+00  0.00000E+00  0.00000E+00  0.00000E+00  0.00000E+00  0.00000E+00  0.00000E+00  0.00000E+00  0.00000E+00  0.00000E+00  0.00000E+00  0.00000E+00
   20686   2  0.00000E+00  0.00000E+00  0.00000E+00  0.00000E+00  0.00000E+00  0.00000E+00  0.00000E+00  0.00000E+00  0.00000E+00  0.00000E+00  0.00000E+00  0.00000E+00  0.00000E+00  0.00000E+00  0.00000E+00  0.00000E+00  0.00000E+00  0.00000E+00  0.00000E+00  0.00000E+00  0.00000E+00  0.00000E+00  0.00000E+00  0.00000E+00
   20686   3  0.00000E+00  0.00000E+00  0.00000E+00  0.00000E+00  0.00000E+00  0.00000E+00  0.00000E+00  0.00000E+00  0.00000E+00  0.00000E+00  0.00000E+00  0.00000E+00  0.00000E+00  0.00000E+00  0.00000E+00  0.00000E+00  0.00000E+00  0.00000E+00  0.00000E+00  0.00000E+00  0.00000E+00  0.00000E+00  0.00000E+00  0.00000E+00
   22095   4  4.11042E-04  4.11042E-04  4.11042E-04  4.11042E-04  4.11042E-04  4.11042E-04  4.11042E-04  4.11042E-04  4.11042E-04  4.11042E-04  4.11042E-04  4.11042E-04  4.11042E-04  4.11042E-04  4.11042E-04  4.11042E-04  4.11042E-04  4.11042E-04  4.11042E-04  4.11042E-04  4.11042E-04  4.11042E-04  4.11042E-04  4.11042E-04
   22095   2  0.00000E+00  0.00000E+00  0.00000E+00  0.00000E+00  0.00000E+00  0.00000E+00  0.00000E+00  0.00000E+00  0.00000E+00  0.00000E+00  0.00000E+00  0.00000E+00  0.00000E+00  0.00000E+00  0.00000E+00  0.00000E+00  0.00000E+00  0.00000E+00  0.00000E+00  0.00000E+00  0.00000E+00  0.00000E+00  0.00000E+00  0.00000E+00
   22095   3  0.00000E+00  0.00000E+00  0.00000E+00  0.00000E+00  0.00000E+00  0.00000E+00  0.00000E+00  0.00000E+00  0.00000E+00  0.00000E+00  0.00000E+00  0.00000E+00  0.00000E+00  0.00000E+00  0.00000E+00  0.00000E+00  0.00000E+00  0.00000E+00  0.00000E+00  0.00000E+00  0.00000E+00  0.00000E+00  0.00000E+00  0.00000E+00
   20329   3  8.51768E-02  8.51768E-02  3.47062E-03  3.47062E-03  3.47062E-03  3.47062E-03  3.47062E-03  3.47062E-03  3.47062E-03  3.47062E-03  3.47062E-03  3.47062E-03  3.47062E-03  8.51768E-02  8.51768E-02  8.51768E-02  8.51768E-02  8.51768E-02  8.51768E-02  8.51768E-02  8.51768E-02  8.51768E-02  8.51768E-02  8.51768E-02
   21381   4  0.00000E+00  0.00000E+00  0.00000E+00  0.00000E+00  0.00000E+00  0.00000E+00  0.00000E+00  0.00000E+00  0.00000E+00  0.00000E+00  0.00000E+00  0.00000E+00  0.00000E+00  0.00000E+00  0.00000E+00  0.00000E+00  0.00000E+00  0.00000E+00  0.00000E+00  0.00000E+00  0.00000E+00  0.00000E+00  0.00000E+00  0.00000E+00
   20684   3  2.47359E-04  2.47359E-04  0.00000E+00  0.00000E+00  0.00000E+00  0.00000E+00  0.00000E+00  0.00000E+00  0.00000E+00  0.00000E+00  0.00000E+00  0.00000E+00  0.00000E+00  2.47359E-04  2.47359E-04  2.47359E-04  2.47359E-04  2.47359E-04  2.47359E-04  2.47359E-04  2.47359E-04  2.47359E-04  2.47359E-04  2.47359E-04
   20683   3  2.78094E-02  2.78094E-02  2.64545E-02  2.64545E-02  2.64545E-02  2.64545E-02  2.64545E-02  2.64545E-02  2.64545E-02  2.64545E-02  2.64545E-02  2.64545E-02  2.64545E-02  2.78323E-02  2.78323E-02  2.78323E-02  2.78323E-02  2.78323E-02  2.78323E-02  2.78323E-02  2.78323E-02  2.78094E-02  2.78094E-02  2.78094E-02
   20684   4  3.33224E-04  3.33224E-04  3.33224E-04  3.33224E-04  3.33224E-04  3.33224E-04  3.33224E-04  3.33224E-04  3.33224E-04  3.33224E-04  3.33224E-04  3.33224E-04  3.33224E-04  3.33224E-04  3.33224E-04  3.33224E-04  3.33224E-04  3.33224E-04  3.33224E-04  3.33224E-04  3.33224E-04  3.33224E-04  3.33224E-04  3.33224E-04
   21036   4  1.96115E-04  1.96115E-04  1.96115E-04  1.96115E-04  1.96115E-04  1.96115E-04  1.96115E-04  1.96115E-04  1.96115E-04  1.96115E-04  1.96115E-04  1.96115E-04  1.96115E-04  2.04001E-04  2.04001E-04  2.04001E-04  2.04001E-04  2.04001E-04  2.04001E-04  2.04001E-04  2.04001E-04  1.96115E-04  1.96115E-04  1.96115E-04
   21036   3  6.53729E-02  6.53729E-02  6.53729E-02  6.53729E-02  6.53729E-02  6.53729E-02  6.53729E-02  6.53729E-02  6.53729E-02  6.53729E-02  6.53729E-02  6.53729E-02  6.53729E-02  6.53729E-02  6.53729E-02  6.53729E-02  6.53729E-02  6.53729E-02  6.53729E-02  6.53729E-02  6.53729E-02  6.53729E-02  6.53729E-02  6.53729E-02
   21036   7  0.00000E+00  0.00000E+00  0.00000E+00  0.00000E+00  0.00000E+00  0.00000E+00  0.00000E+00  0.00000E+00  0.00000E+00  0.00000E+00  0.00000E+00  0.00000E+00  0.00000E+00  9.49771E-03  9.49771E-03  9.49771E-03  9.49771E-03  9.49771E-03  9.49771E-03  9.49771E-03  9.49771E-03  0.00000E+00  0.00000E+00  0.00000E+00
   19275   4  5.91542E-05  5.91542E-05  5.91542E-05  5.91542E-05  5.91542E-05  5.91542E-05  5.91542E-05  5.91542E-05  5.91542E-05  5.91542E-05  5.91542E-05  5.91542E-05  5.91542E-05  5.91542E-05  5.91542E-05  5.91542E-05  5.91542E-05  5.91542E-05  5.91542E-05  5.91542E-05  5.91542E-05  5.91542E-05  5.91542E-05  5.91542E-05
   19275   3  0.00000E+00  0.00000E+00  0.00000E+00  0.00000E+00  0.00000E+00  0.00000E+00  0.00000E+00  0.00000E+00  0.00000E+00  0.00000E+00  0.00000E+00  0.00000E+00  0.00000E+00  0.00000E+00  0.00000E+00  0.00000E+00  0.00000E+00  0.00000E+00  0.00000E+00  0.00000E+00  0.00000E+00  0.00000E+00  0.00000E+00  0.00000E+00
   19274   4  0.00000E+00  0.00000E+00  0.00000E+00  0.00000E+00  0.00000E+00  0.00000E+00  0.00000E+00  0.00000E+00  0.00000E+00  0.00000E+00  0.00000E+00  0.00000E+00  0.00000E+00  0.00000E+00  0.00000E+00  0.00000E+00  0.00000E+00  0.00000E+00  0.00000E+00  0.00000E+00  0.00000E+00  0.00000E+00  0.00000E+00  0.00000E+00
   19627   4  1.53257E-04  1.53257E-04  1.53257E-04  1.53257E-04  1.53257E-04  1.53257E-04  1.53257E-04  1.53257E-04  1.53257E-04  1.53257E-04  1.53257E-04  1.53257E-04  1.53257E-04  1.53257E-04  1.53257E-04  1.53257E-04  1.53257E-04  1.53257E-04  1.53257E-04  1.53257E-04  1.53257E-04  1.53257E-04  1.53257E-04  1.53257E-04
   19627   3  0.00000E+00  0.00000E+00  0.00000E+00  0.00000E+00  0.00000E+00  0.00000E+00  0.00000E+00  0.00000E+00  0.00000E+00  0.00000E+00  0.00000E+00  0.00000E+00  0.00000E+00  0.00000E+00  0.00000E+00  0.00000E+00  0.00000E+00  0.00000E+00  0.00000E+00  0.00000E+00  0.00000E+00  0.00000E+00  0.00000E+00  0.00000E+00
   19627   2  0.00000E+00  0.00000E+00  0.00000E+00  0.00000E+00  0.00000E+00  0.00000E+00  0.00000E+00  0.00000E+00  0.00000E+00  0.00000E+00  0.00000E+00  0.00000E+00  0.00000E+00  0.00000E+00  0.00000E+00  0.00000E+00  0.00000E+00  0.00000E+00  0.00000E+00  0.00000E+00  0.00000E+00  0.00000E+00  0.00000E+00  0.00000E+00
   20331   4  3.94806E-02  3.94806E-02  3.94806E-02  3.94806E-02  3.94806E-02  3.94806E-02  3.94806E-02  3.94806E-02  3.94806E-02  3.94806E-02  3.94806E-02  3.94806E-02  3.94806E-02  3.94806E-02  3.94806E-02  3.94806E-02  3.94806E-02  3.94806E-02  3.94806E-02  3.94806E-02  3.94806E-02  3.94806E-02  3.94806E-02  3.94806E-02
   20331   3  1.74399E-02  1.74399E-02  1.63001E-02  1.63001E-02  1.63001E-02  1.63001E-02  1.63001E-02  1.63001E-02  1.63001E-02  1.63001E-02  1.63001E-02  1.63001E-02  1.63001E-02  4.60120E-02  4.60120E-02  4.60120E-02  4.60120E-02  4.60120E-02  4.60120E-02  4.60120E-02  4.60120E-02  1.74399E-02  1.74399E-02  1.74399E-02
   20331   7  2.44876E-03  2.44876E-03  2.44876E-03  2.44876E-03  2.44876E-03  2.44876E-03  2.44876E-03  2.44876E-03  2.44876E-03  2.44876E-03  2.44876E-03  2.44876E-03  2.44876E-03  4.38568E-03  4.38568E-03  4.38568E-03  4.38568E-03  4.38568E-03  4.38568E-03  4.38568E-03  4.38568E-03  2.44876E-03  2.44876E-03  2.44876E-03
   19971   4  2.31191E-04  2.31191E-04  2.31191E-04  2.31191E-04  2.31191E-04  2.31191E-04  2.31191E-04  2.31191E-04  2.31191E-04  2.31191E-04  2.31191E-04  2.31191E-04  2.31191E-04  2.31191E-04  2.31191E-04  2.31191E-04  2.31191E-04  2.31191E-04  2.31191E-04  2.31191E-04  2.31191E-04  2.31191E-04  2.31191E-04  2.31191E-04
   20331   1  7.81968E-04  7.81968E-04  7.81968E-04  7.81968E-04  7.81968E-04  7.81968E-04  7.81968E-04  7.81968E-04  7.81968E-04  7.81968E-04  7.81968E-04  7.81968E-04  7.81968E-04  7.81968E-04  7.81968E-04  7.81968E-04  7.81968E-04  7.81968E-04  7.81968E-04  7.81968E-04  7.81968E-04  7.81968E-04  7.81968E-04  7.81968E-04
   20331   2  1.84433E-05  1.84433E-05  1.84433E-05  1.84433E-05  1.84433E-05  1.84433E-05  1.84433E-05  1.84433E-05  1.84433E-05  1.84433E-05  1.84433E-05  1.84433E-05  1.84433E-05  1.84433E-05  1.84433E-05  1.84433E-05  1.84433E-05  1.84433E-05  1.84433E-05  1.84433E-05  1.84433E-05  1.84433E-05  1.84433E-05  1.84433E-05
   20685   3  0.00000E+00  0.00000E+00  0.00000E+00  0.00000E+00  0.00000E+00  0.00000E+00  0.00000E+00  0.00000E+00  0.00000E+00  0.00000E+00  0.00000E+00  0.00000E+00  0.00000E+00  1.24279E-05  1.24279E-05  1.24279E-05  1.24279E-05  1.24279E-05  1.24279E-05  1.24279E-05  1.24279E-05  0.00000E+00  0.00000E+00  0.00000E+00
   20332   3  0.00000E+00  0.00000E+00  0.00000E+00  0.00000E+00  0.00000E+00  0.00000E+00  0.00000E+00  0.00000E+00  0.00000E+00  0.00000E+00  0.00000E+00  0.00000E+00  0.00000E+00  0.00000E+00  0.00000E+00  0.00000E+00  0.00000E+00  0.00000E+00  0.00000E+00  0.00000E+00  0.00000E+00  0.00000E+00  0.00000E+00  0.00000E+00
   20685   7  0.00000E+00  0.00000E+00  0.00000E+00  0.00000E+00  0.00000E+00  0.00000E+00  0.00000E+00  0.00000E+00  0.00000E+00  0.00000E+00  0.00000E+00  0.00000E+00  0.00000E+00  3.41078E-03  3.41078E-03  3.41078E-03  3.41078E-03  3.41078E-03  3.41078E-03  3.41078E-03  3.41078E-03  0.00000E+00  0.00000E+00  0.00000E+00
   19622   4  0.00000E+00  0.00000E+00  0.00000E+00  0.00000E+00  0.00000E+00  0.00000E+00  0.00000E+00  0.00000E+00  0.00000E+00  0.00000E+00  0.00000E+00  0.00000E+00  0.00000E+00  0.00000E+00  0.00000E+00  0.00000E+00  0.00000E+00  0.00000E+00  0.00000E+00  0.00000E+00  0.00000E+00  0.00000E+00  0.00000E+00  0.00000E+00
   19628   4  3.13240E-05  3.13240E-05  3.13240E-05  3.13240E-05  3.13240E-05  3.13240E-05  3.13240E-05  3.13240E-05  3.13240E-05  3.13240E-05  3.13240E-05  3.13240E-05  3.13240E-05  3.13240E-05  3.13240E-05  3.13240E-05  3.13240E-05  3.13240E-05  3.13240E-05  3.13240E-05  3.13240E-05  3.13240E-05  3.13240E-05  3.13240E-05
   19628   3  1.23431E-04  1.23431E-04  1.23431E-04  1.23431E-04  1.23431E-04  1.23431E-04  1.23431E-04  1.23431E-04  1.23431E-04  1.23431E-04  1.23431E-04  1.23431E-04  1.23431E-04  1.23431E-04  1.23431E-04  1.23431E-04  1.23431E-04  1.23431E-04  1.23431E-04  1.23431E-04  1.23431E-04  1.23431E-04  1.23431E-04  1.23431E-04
   19274   3  7.93407E-08  7.93407E-08  7.93407E-08  7.93407E-08  7.93407E-08  7.93407E-08  7.93407E-08  7.93407E-08  7.93407E-08  7.93407E-08  7.93407E-08  7.93407E-08  7.93407E-08  7.93407E-08  7.93407E-08  7.93407E-08  7.93407E-08  7.93407E-08  7.93407E-08  7.93407E-08  7.93407E-08  7.93407E-08  7.93407E-08  7.93407E-08
   19628   7  0.00000E+00  0.00000E+00  0.00000E+00  0.00000E+00  0.00000E+00  0.00000E+00  0.00000E+00  0.00000E+00  0.00000E+00  0.00000E+00  0.00000E+00  0.00000E+00  0.00000E+00  0.00000E+00  0.00000E+00  0.00000E+00  0.00000E+00  0.00000E+00  0.00000E+00  0.00000E+00  0.00000E+00  0.00000E+00  0.00000E+00  0.00000E+00
   19267   4  2.36437E-03  2.36437E-03  2.36437E-03  2.36437E-03  2.36437E-03  2.36437E-03  2.36437E-03  2.36437E-03  2.36437E-03  2.36437E-03  2.36437E-03  2.36437E-03  2.36437E-03  3.02339E-03  3.02339E-03  3.02339E-03  3.02339E-03  3.02339E-03  3.02339E-03  3.02339E-03  3.02339E-03  2.36437E-03  2.36437E-03  2.36437E-03
   19267   2  0.00000E+00  0.00000E+00  0.00000E+00  0.00000E+00  0.00000E+00  0.00000E+00  0.00000E+00  0.00000E+00  0.00000E+00  0.00000E+00  0.00000E+00  0.00000E+00  0.00000E+00  0.00000E+00  0.00000E+00  0.00000E+00  0.00000E+00  0.00000E+00  0.00000E+00  0.00000E+00  0.00000E+00  0.00000E+00  0.00000E+00  0.00000E+00
   19620   4  4.80554E-04  4.80554E-04  4.80554E-04  4.80554E-04  4.80554E-04  4.80554E-04  4.80554E-04  4.80554E-04  4.80554E-04  4.80554E-04  4.80554E-04  4.80554E-04  4.80554E-04  4.80554E-04  4.80554E-04  4.80554E-04  4.80554E-04  4.80554E-04  4.80554E-04  4.80554E-04  4.80554E-04  4.80554E-04  4.80554E-04  4.80554E-04
   19620   3  3.99422E-05  3.99422E-05  3.99422E-05  3.99422E-05  3.99422E-05  3.99422E-05  3.99422E-05  3.99422E-05  3.99422E-05  3.99422E-05  3.99422E-05  3.99422E-05  3.99422E-05  3.99422E-05  3.99422E-05  3.99422E-05  3.99422E-05  3.99422E-05  3.99422E-05  3.99422E-05  3.99422E-05  3.99422E-05  3.99422E-05  3.99422E-05
   19267   7  0.00000E+00  0.00000E+00  0.00000E+00  0.00000E+00  0.00000E+00  0.00000E+00  0.00000E+00  0.00000E+00  0.00000E+00  0.00000E+00  0.00000E+00  0.00000E+00  0.00000E+00  1.50242E-03  1.50242E-03  1.50242E-03  1.50242E-03  1.50242E-03  1.50242E-03  1.50242E-03  1.50242E-03  0.00000E+00  0.00000E+00  0.00000E+00
   19267   3  2.49017E-03  2.49017E-03  2.49017E-03  2.49017E-03  2.49017E-03  2.49017E-03  2.49017E-03  2.49017E-03  2.49017E-03  2.49017E-03  2.49017E-03  2.49017E-03  2.49017E-03  2.49017E-03  2.49017E-03  2.49017E-03  2.49017E-03  2.49017E-03  2.49017E-03  2.49017E-03  2.49017E-03  2.49017E-03  2.49017E-03  2.49017E-03
   18913   3  0.00000E+00  0.00000E+00  0.00000E+00  0.00000E+00  0.00000E+00  0.00000E+00  0.00000E+00  0.00000E+00  0.00000E+00  0.00000E+00  0.00000E+00  0.00000E+00  0.00000E+00  0.00000E+00  0.00000E+00  0.00000E+00  0.00000E+00  0.00000E+00  0.00000E+00  0.00000E+00  0.00000E+00  0.00000E+00  0.00000E+00  0.00000E+00
   18913   4  0.00000E+00  0.00000E+00  0.00000E+00  0.00000E+00  0.00000E+00  0.00000E+00  0.00000E+00  0.00000E+00  0.00000E+00  0.00000E+00  0.00000E+00  0.00000E+00  0.00000E+00  0.00000E+00  0.00000E+00  0.00000E+00  0.00000E+00  0.00000E+00  0.00000E+00  0.00000E+00  0.00000E+00  0.00000E+00  0.00000E+00  0.00000E+00
   19975   3  6.55998E-02  6.55998E-02  8.96326E-06  8.96326E-06  8.96326E-06  8.96326E-06  8.96326E-06  8.96326E-06  8.96326E-06  8.96326E-06  8.96326E-06  8.96326E-06  8.96326E-06  6.55998E-02  6.55998E-02  6.55998E-02  6.55998E-02  6.55998E-02  6.55998E-02  6.55998E-02  6.55998E-02  6.55998E-02  6.55998E-02  6.55998E-02
   19975   4  6.99533E-03  6.99533E-03  6.99533E-03  6.99533E-03  6.99533E-03  6.99533E-03  6.99533E-03  6.99533E-03  6.99533E-03  6.99533E-03  6.99533E-03  6.99533E-03  6.99533E-03  6.99533E-03  6.99533E-03  6.99533E-03  6.99533E-03  6.99533E-03  6.99533E-03  6.99533E-03  6.99533E-03  6.99533E-03  6.99533E-03  6.99533E-03
   19975   2  0.00000E+00  0.00000E+00  0.00000E+00  0.00000E+00  0.00000E+00  0.00000E+00  0.00000E+00  0.00000E+00  0.00000E+00  0.00000E+00  0.00000E+00  0.00000E+00  0.00000E+00  0.00000E+00  0.00000E+00  0.00000E+00  0.00000E+00  0.00000E+00  0.00000E+00  0.00000E+00  0.00000E+00  0.00000E+00  0.00000E+00  0.00000E+00
   20329   7  0.00000E+00  0.00000E+00  0.00000E+00  0.00000E+00  0.00000E+00  0.00000E+00  0.00000E+00  0.00000E+00  0.00000E+00  0.00000E+00  0.00000E+00  0.00000E+00  0.00000E+00  2.55021E-02  2.55021E-02  2.55021E-02  2.55021E-02  2.55021E-02  2.55021E-02  2.55021E-02  2.55021E-02  0.00000E+00  0.00000E+00  0.00000E+00
   19975   5  0.00000E+00  0.00000E+00  0.00000E+00  0.00000E+00  0.00000E+00  0.00000E+00  0.00000E+00  0.00000E+00  0.00000E+00  0.00000E+00  0.00000E+00  0.00000E+00  0.00000E+00  0.00000E+00  0.00000E+00  0.00000E+00  0.00000E+00  0.00000E+00  0.00000E+00  0.00000E+00  0.00000E+00  0.00000E+00  0.00000E+00  0.00000E+00
   19979   5  0.00000E+00  0.00000E+00  0.00000E+00  0.00000E+00  0.00000E+00  0.00000E+00  0.00000E+00  0.00000E+00  0.00000E+00  0.00000E+00  0.00000E+00  0.00000E+00  0.00000E+00  0.00000E+00  0.00000E+00  0.00000E+00  0.00000E+00  0.00000E+00  0.00000E+00  0.00000E+00  0.00000E+00  0.00000E+00  0.00000E+00  0.00000E+00
   19979   4  2.10174E-04  2.10174E-04  2.10174E-04  2.10174E-04  2.10174E-04  2.10174E-04  2.10174E-04  2.10174E-04  2.10174E-04  2.10174E-04  2.10174E-04  2.10174E-04  2.10174E-04  2.10174E-04  2.10174E-04  2.10174E-04  2.10174E-04  2.10174E-04  2.10174E-04  2.10174E-04  2.10174E-04  2.10174E-04  2.10174E-04  2.10174E-04
   19979   3  0.00000E+00  0.00000E+00  0.00000E+00  0.00000E+00  0.00000E+00  0.00000E+00  0.00000E+00  0.00000E+00  0.00000E+00  0.00000E+00  0.00000E+00  0.00000E+00  0.00000E+00  0.00000E+00  0.00000E+00  0.00000E+00  0.00000E+00  0.00000E+00  0.00000E+00  0.00000E+00  0.00000E+00  0.00000E+00  0.00000E+00  0.00000E+00
   20681   4  4.92464E-05  4.92464E-05  4.92464E-05  4.92464E-05  4.92464E-05  4.92464E-05  4.92464E-05  4.92464E-05  4.92464E-05  4.92464E-05  4.92464E-05  4.92464E-05  4.92464E-05  4.92464E-05  4.92464E-05  4.92464E-05  4.92464E-05  4.92464E-05  4.92464E-05  4.92464E-05  4.92464E-05  4.92464E-05  4.92464E-05  4.92464E-05
   18915   3  0.00000E+00  0.00000E+00  0.00000E+00  0.00000E+00  0.00000E+00  0.00000E+00  0.00000E+00  0.00000E+00  0.00000E+00  0.00000E+00  0.00000E+00  0.00000E+00  0.00000E+00  0.00000E+00  0.00000E+00  0.00000E+00  0.00000E+00  0.00000E+00  0.00000E+00  0.00000E+00  0.00000E+00  0.00000E+00  0.00000E+00  0.00000E+00
   21038   4  3.94278E-03  3.94278E-03  3.94278E-03  3.94278E-03  3.94278E-03  3.94278E-03  3.94278E-03  3.94278E-03  3.94278E-03  3.94278E-03  3.94278E-03  3.94278E-03  3.94278E-03  3.94278E-03  3.94278E-03  3.94278E-03  3.94278E-03  3.94278E-03  3.94278E-03  3.94278E-03  3.94278E-03  3.94278E-03  3.94278E-03  3.94278E-03
   21038   3  0.00000E+00  0.00000E+00  0.00000E+00  0.00000E+00  0.00000E+00  0.00000E+00  0.00000E+00  0.00000E+00  0.00000E+00  0.00000E+00  0.00000E+00  0.00000E+00  0.00000E+00  0.00000E+00  0.00000E+00  0.00000E+00  0.00000E+00  0.00000E+00  0.00000E+00  0.00000E+00  0.00000E+00  0.00000E+00  0.00000E+00  0.00000E+00
   18562   3  0.00000E+00  0.00000E+00  0.00000E+00  0.00000E+00  0.00000E+00  0.00000E+00  0.00000E+00  0.00000E+00  0.00000E+00  0.00000E+00  0.00000E+00  0.00000E+00  0.00000E+00  0.00000E+00  0.00000E+00  0.00000E+00  0.00000E+00  0.00000E+00  0.00000E+00  0.00000E+00  0.00000E+00  0.00000E+00  0.00000E+00  0.00000E+00
   20330   7  0.00000E+00  0.00000E+00  0.00000E+00  0.00000E+00  0.00000E+00  0.00000E+00  0.00000E+00  0.00000E+00  0.00000E+00  0.00000E+00  0.00000E+00  0.00000E+00  0.00000E+00  4.88529E-02  4.88529E-02  4.88529E-02  4.88529E-02  4.88529E-02  4.88529E-02  4.88529E-02  4.88529E-02  0.00000E+00  0.00000E+00  0.00000E+00
   20330   2  1.63191E-02  1.63191E-02  1.63191E-02  1.63191E-02  1.63191E-02  1.63191E-02  1.63191E-02  1.63191E-02  1.63191E-02  1.63191E-02  1.63191E-02  1.63191E-02  1.63191E-02  1.63191E-02  1.63191E-02  1.63191E-02  1.63191E-02  1.63191E-02  1.63191E-02  1.63191E-02  1.63191E-02  1.63191E-02  1.63191E-02  1.63191E-02
   20329   2  8.57717E-06  8.57717E-06  8.57717E-06  8.57717E-06  8.57717E-06  8.57717E-06  8.57717E-06  8.57717E-06  8.57717E-06  8.57717E-06  8.57717E-06  8.57717E-06  8.57717E-06  8.57717E-06  8.57717E-06  8.57717E-06  8.57717E-06  8.57717E-06  8.57717E-06  8.57717E-06  8.57717E-06  8.57717E-06  8.57717E-06  8.57717E-06
   19266   5  0.00000E+00  0.00000E+00  0.00000E+00  0.00000E+00  0.00000E+00  0.00000E+00  0.00000E+00  0.00000E+00  0.00000E+00  0.00000E+00  0.00000E+00  0.00000E+00  0.00000E+00  0.00000E+00  0.00000E+00  0.00000E+00  0.00000E+00  0.00000E+00  0.00000E+00  0.00000E+00  0.00000E+00  0.00000E+00  0.00000E+00  0.00000E+00
   19265   4  1.58474E-02  1.58474E-02  1.58474E-02  1.58474E-02  1.58474E-02  1.58474E-02  1.58474E-02  1.58474E-02  1.58474E-02  1.58474E-02  1.58474E-02  1.58474E-02  1.58474E-02  1.70109E-01  1.70109E-01  1.70109E-01  1.70109E-01  1.70109E-01  1.70109E-01  1.70109E-01  1.70109E-01  1.58474E-02  1.58474E-02  1.58474E-02
   19265   3  1.14638E-02  1.14638E-02  3.85935E-03  3.85935E-03  3.85935E-03  3.85935E-03  3.85935E-03  3.85935E-03  3.85935E-03  3.85935E-03  3.85935E-03  3.85935E-03  3.85935E-03  1.65913E-01  1.65913E-01  1.65913E-01  1.65913E-01  1.65913E-01  1.65913E-01  1.65913E-01  1.65913E-01  1.14638E-02  1.14638E-02  1.14638E-02
   19265   5  0.00000E+00  0.00000E+00  0.00000E+00  0.00000E+00  0.00000E+00  0.00000E+00  0.00000E+00  0.00000E+00  0.00000E+00  0.00000E+00  0.00000E+00  0.00000E+00  0.00000E+00  3.42803E-02  3.42803E-02  3.42803E-02  3.42803E-02  3.42803E-02  3.42803E-02  3.42803E-02  3.42803E-02  0.00000E+00  0.00000E+00  0.00000E+00
   19266   7  0.00000E+00  0.00000E+00  0.00000E+00  0.00000E+00  0.00000E+00  0.00000E+00  0.00000E+00  0.00000E+00  0.00000E+00  0.00000E+00  0.00000E+00  0.00000E+00  0.00000E+00  0.00000E+00  0.00000E+00  0.00000E+00  0.00000E+00  0.00000E+00  0.00000E+00  0.00000E+00  0.00000E+00  0.00000E+00  0.00000E+00  0.00000E+00
   19265   7  0.00000E+00  0.00000E+00  0.00000E+00  0.00000E+00  0.00000E+00  0.00000E+00  0.00000E+00  0.00000E+00  0.00000E+00  0.00000E+00  0.00000E+00  0.00000E+00  0.00000E+00  4.68083E-02  4.68083E-02  4.68083E-02  4.68083E-02  4.68083E-02  4.68083E-02  4.68083E-02  4.68083E-02  0.00000E+00  0.00000E+00  0.00000E+00
   19266   4  1.77498E-04  1.77498E-04  1.77498E-04  1.77498E-04  1.77498E-04  1.77498E-04  1.77498E-04  1.77498E-04  1.77498E-04  1.77498E-04  1.77498E-04  1.77498E-04  1.77498E-04  1.77498E-04  1.77498E-04  1.77498E-04  1.77498E-04  1.77498E-04  1.77498E-04  1.77498E-04  1.77498E-04  1.77498E-04  1.77498E-04  1.77498E-04
   18912   4  0.00000E+00  0.00000E+00  0.00000E+00  0.00000E+00  0.00000E+00  0.00000E+00  0.00000E+00  0.00000E+00  0.00000E+00  0.00000E+00  0.00000E+00  0.00000E+00  0.00000E+00  0.00000E+00  0.00000E+00  0.00000E+00  0.00000E+00  0.00000E+00  0.00000E+00  0.00000E+00  0.00000E+00  0.00000E+00  0.00000E+00  0.00000E+00
   19265   1  1.48293E-03  1.48293E-03  1.48293E-03  1.48293E-03  1.48293E-03  1.48293E-03  1.48293E-03  1.48293E-03  1.48293E-03  1.48293E-03  1.48293E-03  1.48293E-03  1.48293E-03  1.48293E-03  1.48293E-03  1.48293E-03  1.48293E-03  1.48293E-03  1.48293E-03  1.48293E-03  1.48293E-03  1.48293E-03  1.48293E-03  1.48293E-03
   20683   4  3.73577E-02  3.73577E-02  3.73577E-02  3.73577E-02  3.73577E-02  3.73577E-02  3.73577E-02  3.73577E-02  3.73577E-02  3.73577E-02  3.73577E-02  3.73577E-02  3.73577E-02  3.73577E-02  3.73577E-02  3.73577E-02  3.73577E-02  3.73577E-02  3.73577E-02  3.73577E-02  3.73577E-02  3.73577E-02  3.73577E-02  3.73577E-02
   20683   7  0.00000E+00  0.00000E+00  0.00000E+00  0.00000E+00  0.00000E+00  0.00000E+00  0.00000E+00  0.00000E+00  0.00000E+00  0.00000E+00  0.00000E+00  0.00000E+00  0.00000E+00  4.74760E-03  4.74760E-03  4.74760E-03  4.74760E-03  4.74760E-03  4.74760E-03  4.74760E-03  4.74760E-03  0.00000E+00  0.00000E+00  0.00000E+00
   20683   2  0.00000E+00  0.00000E+00  0.00000E+00  0.00000E+00  0.00000E+00  0.00000E+00  0.00000E+00  0.00000E+00  0.00000E+00  0.00000E+00  0.00000E+00  0.00000E+00  0.00000E+00  0.00000E+00  0.00000E+00  0.00000E+00  0.00000E+00  0.00000E+00  0.00000E+00  0.00000E+00  0.00000E+00  0.00000E+00  0.00000E+00  0.00000E+00
   19973   5  0.00000E+00  0.00000E+00  0.00000E+00  0.00000E+00  0.00000E+00  0.00000E+00  0.00000E+00  0.00000E+00  0.00000E+00  0.00000E+00  0.00000E+00  0.00000E+00  0.00000E+00  0.00000E+00  0.00000E+00  0.00000E+00  0.00000E+00  0.00000E+00  0.00000E+00  0.00000E+00  0.00000E+00  0.00000E+00  0.00000E+00  0.00000E+00
   19264   3  2.37682E-05  2.37682E-05  2.37682E-05  2.37682E-05  2.37682E-05  2.37682E-05  2.37682E-05  2.37682E-05  2.37682E-05  2.37682E-05  2.37682E-05  2.37682E-05  2.37682E-05  2.37682E-05  2.37682E-05  2.37682E-05  2.37682E-05  2.37682E-05  2.37682E-05  2.37682E-05  2.37682E-05  2.37682E-05  2.37682E-05  2.37682E-05
   19263   4  1.94916E-05  1.94916E-05  1.94916E-05  1.94916E-05  1.94916E-05  1.94916E-05  1.94916E-05  1.94916E-05  1.94916E-05  1.94916E-05  1.94916E-05  1.94916E-05  1.94916E-05  1.94916E-05  1.94916E-05  1.94916E-05  1.94916E-05  1.94916E-05  1.94916E-05  1.94916E-05  1.94916E-05  1.94916E-05  1.94916E-05  1.94916E-05
   20682   4  4.10332E-03  4.10332E-03  4.10332E-03  4.10332E-03  4.10332E-03  4.10332E-03  4.10332E-03  4.10332E-03  4.10332E-03  4.10332E-03  4.10332E-03  4.10332E-03  4.10332E-03  1.28414E-01  1.28414E-01  1.28414E-01  1.28414E-01  1.28414E-01  1.28414E-01  1.28414E-01  1.28414E-01  4.10332E-03  4.10332E-03  4.10332E-03
   20682   3  9.40605E-04  9.40605E-04  9.40605E-04  9.40605E-04  9.40605E-04  9.40605E-04  9.40605E-04  9.40605E-04  9.40605E-04  9.40605E-04  9.40605E-04  9.40605E-04  9.40605E-04  1.25252E-01  1.25252E-01  1.25252E-01  1.25252E-01  1.25252E-01  1.25252E-01  1.25252E-01  1.25252E-01  9.40605E-04  9.40605E-04  9.40605E-04
   20682   5  0.00000E+00  0.00000E+00  0.00000E+00  0.00000E+00  0.00000E+00  0.00000E+00  0.00000E+00  0.00000E+00  0.00000E+00  0.00000E+00  0.00000E+00  0.00000E+00  0.00000E+00  2.76247E-02  2.76247E-02  2.76247E-02  2.76247E-02  2.76247E-02  2.76247E-02  2.76247E-02  2.76247E-02  0.00000E+00  0.00000E+00  0.00000E+00
   21035   4  9.78582E-04  9.78582E-04  9.78582E-04  9.78582E-04  9.78582E-04  9.78582E-04  9.78582E-04  9.78582E-04  9.78582E-04  9.78582E-04  9.78582E-04  9.78582E-04  9.78582E-04  9.78582E-04  9.78582E-04  9.78582E-04  9.78582E-04  9.78582E-04  9.78582E-04  9.78582E-04  9.78582E-04  9.78582E-04  9.78582E-04  9.78582E-04
   21035   3  4.25182E-06  4.25182E-06  4.25182E-06  4.25182E-06  4.25182E-06  4.25182E-06  4.25182E-06  4.25182E-06  4.25182E-06  4.25182E-06  4.25182E-06  4.25182E-06  4.25182E-06  4.25182E-06  4.25182E-06  4.25182E-06  4.25182E-06  4.25182E-06  4.25182E-06  4.25182E-06  4.25182E-06  4.25182E-06  4.25182E-06  4.25182E-06
   20682   7  0.00000E+00  0.00000E+00  0.00000E+00  0.00000E+00  0.00000E+00  0.00000E+00  0.00000E+00  0.00000E+00  0.00000E+00  0.00000E+00  0.00000E+00  0.00000E+00  0.00000E+00  4.70921E-04  4.70921E-04  4.70921E-04  4.70921E-04  4.70921E-04  4.70921E-04  4.70921E-04  4.70921E-04  0.00000E+00  0.00000E+00  0.00000E+00
   17468   3  5.55685E-06  5.55685E-06  5.55685E-06  5.55685E-06  5.55685E-06  5.55685E-06  5.55685E-06  5.55685E-06  5.55685E-06  5.55685E-06  5.55685E-06  5.55685E-06  5.55685E-06  5.55685E-06  5.55685E-06  5.55685E-06  5.55685E-06  5.55685E-06  5.55685E-06  5.55685E-06  5.55685E-06  5.55685E-06  5.55685E-06  5.55685E-06
   20665   3  7.80241E-06  7.80241E-06  7.80241E-06  7.80241E-06  7.80241E-06  7.80241E-06  7.80241E-06  7.80241E-06  7.80241E-06  7.80241E-06  7.80241E-06  7.80241E-06  7.80241E-06  7.80241E-06  7.80241E-06  7.80241E-06  7.80241E-06  7.80241E-06  7.80241E-06  7.80241E-06  7.80241E-06  7.80241E-06  7.80241E-06  7.80241E-06
   21015   3  0.00000E+00  0.00000E+00  0.00000E+00  0.00000E+00  0.00000E+00  0.00000E+00  0.00000E+00  0.00000E+00  0.00000E+00  0.00000E+00  0.00000E+00  0.00000E+00  0.00000E+00  0.00000E+00  0.00000E+00  0.00000E+00  0.00000E+00  0.00000E+00  0.00000E+00  0.00000E+00  0.00000E+00  0.00000E+00  0.00000E+00  0.00000E+00
   22058   3  4.01403E-06  4.01403E-06  4.01403E-06  4.01403E-06  4.01403E-06  4.01403E-06  4.01403E-06  4.01403E-06  4.01403E-06  4.01403E-06  4.01403E-06  4.01403E-06  4.01403E-06  4.01403E-06  4.01403E-06  4.01403E-06  4.01403E-06  4.01403E-06  4.01403E-06  4.01403E-06  4.01403E-06  4.01403E-06  4.01403E-06  4.01403E-06
   22404   3  0.00000E+00  0.00000E+00  0.00000E+00  0.00000E+00  0.00000E+00  0.00000E+00  0.00000E+00  0.00000E+00  0.00000E+00  0.00000E+00  0.00000E+00  0.00000E+00  0.00000E+00  0.00000E+00  0.00000E+00  0.00000E+00  0.00000E+00  0.00000E+00  0.00000E+00  0.00000E+00  0.00000E+00  0.00000E+00  0.00000E+00  0.00000E+00
   13938   4  9.95790E-07  9.95790E-07  9.95790E-07  9.95790E-07  9.95790E-07  9.95790E-07  9.95790E-07  9.95790E-07  9.95790E-07  9.95790E-07  9.95790E-07  9.95790E-07  9.95790E-07  9.95790E-07  9.95790E-07  9.95790E-07  9.95790E-07  9.95790E-07  9.95790E-07  9.95790E-07  9.95790E-07  9.95790E-07  9.95790E-07  9.95790E-07
   13938   2  4.51088E-03  4.51088E-03  4.51088E-03  4.51088E-03  0.00000E+00  0.00000E+00  0.00000E+00  0.00000E+00  4.51088E-03  4.51088E-03  4.51088E-03  4.51088E-03  4.51088E-03  4.51088E-03  4.51088E-03  4.51088E-03  4.51088E-03  4.51088E-03  4.51088E-03  4.51088E-03  4.51088E-03  4.51088E-03  4.51088E-03  4.51088E-03
   13938   1  0.00000E+00  0.00000E+00  0.00000E+00  0.00000E+00  0.00000E+00  0.00000E+00  0.00000E+00  0.00000E+00  0.00000E+00  0.00000E+00  0.00000E+00  0.00000E+00  0.00000E+00  0.00000E+00  0.00000E+00  0.00000E+00  0.00000E+00  0.00000E+00  0.00000E+00  0.00000E+00  0.00000E+00  0.00000E+00  0.00000E+00  0.00000E+00
   13938   7  0.00000E+00  0.00000E+00  0.00000E+00  0.00000E+00  0.00000E+00  0.00000E+00  0.00000E+00  0.00000E+00  0.00000E+00  0.00000E+00  0.00000E+00  0.00000E+00  0.00000E+00  0.00000E+00  0.00000E+00  0.00000E+00  0.00000E+00  0.00000E+00  0.00000E+00  0.00000E+00  0.00000E+00  0.00000E+00  0.00000E+00  0.00000E+00
   13235   1  0.00000E+00  0.00000E+00  0.00000E+00  0.00000E+00  0.00000E+00  0.00000E+00  0.00000E+00  0.00000E+00  0.00000E+00  0.00000E+00  0.00000E+00  0.00000E+00  0.00000E+00  0.00000E+00  0.00000E+00  0.00000E+00  0.00000E+00  0.00000E+00  0.00000E+00  0.00000E+00  0.00000E+00  0.00000E+00  0.00000E+00  0.00000E+00
   13235   2  1.41822E-02  1.41822E-02  1.41822E-02  1.41822E-02  1.41822E-02  1.41822E-02  1.41822E-02  1.41822E-02  1.41822E-02  1.41822E-02  1.41822E-02  1.41822E-02  1.41822E-02  1.41822E-02  1.41822E-02  1.41822E-02  1.41822E-02  1.41822E-02  1.41822E-02  1.41822E-02  1.41822E-02  1.41822E-02  1.41822E-02  1.41822E-02
   13235   3  0.00000E+00  0.00000E+00  0.00000E+00  0.00000E+00  0.00000E+00  0.00000E+00  0.00000E+00  0.00000E+00  0.00000E+00  0.00000E+00  0.00000E+00  0.00000E+00  0.00000E+00  0.00000E+00  0.00000E+00  0.00000E+00  0.00000E+00  0.00000E+00  0.00000E+00  0.00000E+00  0.00000E+00  0.00000E+00  0.00000E+00  0.00000E+00
   13938   3  0.00000E+00  0.00000E+00  0.00000E+00  0.00000E+00  0.00000E+00  0.00000E+00  0.00000E+00  0.00000E+00  0.00000E+00  0.00000E+00  0.00000E+00  0.00000E+00  0.00000E+00  0.00000E+00  0.00000E+00  0.00000E+00  0.00000E+00  0.00000E+00  0.00000E+00  0.00000E+00  0.00000E+00  0.00000E+00  0.00000E+00  0.00000E+00
   21012   3  0.00000E+00  0.00000E+00  0.00000E+00  0.00000E+00  0.00000E+00  0.00000E+00  0.00000E+00  0.00000E+00  0.00000E+00  0.00000E+00  0.00000E+00  0.00000E+00  0.00000E+00  0.00000E+00  0.00000E+00  0.00000E+00  0.00000E+00  0.00000E+00  0.00000E+00  0.00000E+00  0.00000E+00  0.00000E+00  0.00000E+00  0.00000E+00
   20658   3  0.00000E+00  0.00000E+00  0.00000E+00  0.00000E+00  0.00000E+00  0.00000E+00  0.00000E+00  0.00000E+00  0.00000E+00  0.00000E+00  0.00000E+00  0.00000E+00  0.00000E+00  0.00000E+00  0.00000E+00  0.00000E+00  0.00000E+00  0.00000E+00  0.00000E+00  0.00000E+00  0.00000E+00  0.00000E+00  0.00000E+00  0.00000E+00
   21012   4  1.27499E-04  1.27499E-04  1.27499E-04  1.27499E-04  1.27499E-04  1.27499E-04  1.27499E-04  1.27499E-04  1.27499E-04  1.27499E-04  1.27499E-04  1.27499E-04  1.27499E-04  1.27499E-04  1.27499E-04  1.27499E-04  1.27499E-04  1.27499E-04  1.27499E-04  1.27499E-04  1.27499E-04  1.27499E-04  1.27499E-04  1.27499E-04
   21013   4  4.92398E-04  4.92398E-04  4.92398E-04  4.92398E-04  4.92398E-04  4.92398E-04  4.92398E-04  4.92398E-04  4.92398E-04  4.92398E-04  4.92398E-04  4.92398E-04  4.92398E-04  4.92398E-04  4.92398E-04  4.92398E-04  4.92398E-04  4.92398E-04  4.92398E-04  4.92398E-04  4.92398E-04  4.92398E-04  4.92398E-04  4.92398E-04
   20658   7  0.00000E+00  0.00000E+00  0.00000E+00  0.00000E+00  0.00000E+00  0.00000E+00  0.00000E+00  0.00000E+00  0.00000E+00  0.00000E+00  0.00000E+00  0.00000E+00  0.00000E+00  0.00000E+00  0.00000E+00  0.00000E+00  0.00000E+00  0.00000E+00  0.00000E+00  0.00000E+00  0.00000E+00  0.00000E+00  0.00000E+00  0.00000E+00
   21013   3  0.00000E+00  0.00000E+00  0.00000E+00  0.00000E+00  0.00000E+00  0.00000E+00  0.00000E+00  0.00000E+00  0.00000E+00  0.00000E+00  0.00000E+00  0.00000E+00  0.00000E+00  0.00000E+00  0.00000E+00  0.00000E+00  0.00000E+00  0.00000E+00  0.00000E+00  0.00000E+00  0.00000E+00  0.00000E+00  0.00000E+00  0.00000E+00
   20659   4  0.00000E+00  0.00000E+00  0.00000E+00  0.00000E+00  0.00000E+00  0.00000E+00  0.00000E+00  0.00000E+00  0.00000E+00  0.00000E+00  0.00000E+00  0.00000E+00  0.00000E+00  0.00000E+00  0.00000E+00  0.00000E+00  0.00000E+00  0.00000E+00  0.00000E+00  0.00000E+00  0.00000E+00  0.00000E+00  0.00000E+00  0.00000E+00
   20645   3  0.00000E+00  0.00000E+00  0.00000E+00  0.00000E+00  0.00000E+00  0.00000E+00  0.00000E+00  0.00000E+00  0.00000E+00  0.00000E+00  0.00000E+00  0.00000E+00  0.00000E+00  0.00000E+00  0.00000E+00  0.00000E+00  0.00000E+00  0.00000E+00  0.00000E+00  0.00000E+00  0.00000E+00  0.00000E+00  0.00000E+00  0.00000E+00
   18891   3  0.00000E+00  0.00000E+00  0.00000E+00  0.00000E+00  0.00000E+00  0.00000E+00  0.00000E+00  0.00000E+00  0.00000E+00  0.00000E+00  0.00000E+00  0.00000E+00  0.00000E+00  0.00000E+00  0.00000E+00  0.00000E+00  0.00000E+00  0.00000E+00  0.00000E+00  0.00000E+00  0.00000E+00  0.00000E+00  0.00000E+00  0.00000E+00
   19239   2  0.00000E+00  0.00000E+00  0.00000E+00  0.00000E+00  0.00000E+00  0.00000E+00  0.00000E+00  0.00000E+00  0.00000E+00  0.00000E+00  0.00000E+00  0.00000E+00  0.00000E+00  0.00000E+00  0.00000E+00  0.00000E+00  0.00000E+00  0.00000E+00  0.00000E+00  0.00000E+00  0.00000E+00  0.00000E+00  0.00000E+00  0.00000E+00
   19239   3  0.00000E+00  0.00000E+00  0.00000E+00  0.00000E+00  0.00000E+00  0.00000E+00  0.00000E+00  0.00000E+00  0.00000E+00  0.00000E+00  0.00000E+00  0.00000E+00  0.00000E+00  0.00000E+00  0.00000E+00  0.00000E+00  0.00000E+00  0.00000E+00  0.00000E+00  0.00000E+00  0.00000E+00  0.00000E+00  0.00000E+00  0.00000E+00
   20643   2  0.00000E+00  0.00000E+00  0.00000E+00  0.00000E+00  0.00000E+00  0.00000E+00  0.00000E+00  0.00000E+00  0.00000E+00  0.00000E+00  0.00000E+00  0.00000E+00  0.00000E+00  0.00000E+00  0.00000E+00  0.00000E+00  0.00000E+00  0.00000E+00  0.00000E+00  0.00000E+00  0.00000E+00  0.00000E+00  0.00000E+00  0.00000E+00
   20643   3  0.00000E+00  0.00000E+00  0.00000E+00  0.00000E+00  0.00000E+00  0.00000E+00  0.00000E+00  0.00000E+00  0.00000E+00  0.00000E+00  0.00000E+00  0.00000E+00  0.00000E+00  0.00000E+00  0.00000E+00  0.00000E+00  0.00000E+00  0.00000E+00  0.00000E+00  0.00000E+00  0.00000E+00  0.00000E+00  0.00000E+00  0.00000E+00
   19590   3  0.00000E+00  0.00000E+00  0.00000E+00  0.00000E+00  0.00000E+00  0.00000E+00  0.00000E+00  0.00000E+00  0.00000E+00  0.00000E+00  0.00000E+00  0.00000E+00  0.00000E+00  0.00000E+00  0.00000E+00  0.00000E+00  0.00000E+00  0.00000E+00  0.00000E+00  0.00000E+00  0.00000E+00  0.00000E+00  0.00000E+00  0.00000E+00
   19590   7  0.00000E+00  0.00000E+00  0.00000E+00  0.00000E+00  0.00000E+00  0.00000E+00  0.00000E+00  0.00000E+00  0.00000E+00  0.00000E+00  0.00000E+00  0.00000E+00  0.00000E+00  0.00000E+00  0.00000E+00  0.00000E+00  0.00000E+00  0.00000E+00  0.00000E+00  0.00000E+00  0.00000E+00  0.00000E+00  0.00000E+00  0.00000E+00
   21358   4  0.00000E+00  0.00000E+00  0.00000E+00  0.00000E+00  0.00000E+00  0.00000E+00  0.00000E+00  0.00000E+00  0.00000E+00  0.00000E+00  0.00000E+00  0.00000E+00  0.00000E+00  0.00000E+00  0.00000E+00  0.00000E+00  0.00000E+00  0.00000E+00  0.00000E+00  0.00000E+00  0.00000E+00  0.00000E+00  0.00000E+00  0.00000E+00
   22412   3  3.95698E-05  3.95698E-05  3.95698E-05  3.95698E-05  3.95698E-05  3.95698E-05  3.95698E-05  3.95698E-05  3.95698E-05  3.95698E-05  3.95698E-05  3.95698E-05  3.95698E-05  3.95698E-05  3.95698E-05  3.95698E-05  3.95698E-05  3.95698E-05  3.95698E-05  3.95698E-05  3.95698E-05  3.95698E-05  3.95698E-05  3.95698E-05
   22412   7  0.00000E+00  0.00000E+00  0.00000E+00  0.00000E+00  0.00000E+00  0.00000E+00  0.00000E+00  0.00000E+00  0.00000E+00  0.00000E+00  0.00000E+00  0.00000E+00  0.00000E+00  0.00000E+00  0.00000E+00  0.00000E+00  0.00000E+00  0.00000E+00  0.00000E+00  0.00000E+00  0.00000E+00  0.00000E+00  0.00000E+00  0.00000E+00
   19610   3  0.00000E+00  0.00000E+00  0.00000E+00  0.00000E+00  0.00000E+00  0.00000E+00  0.00000E+00  0.00000E+00  0.00000E+00  0.00000E+00  0.00000E+00  0.00000E+00  0.00000E+00  0.00000E+00  0.00000E+00  0.00000E+00  0.00000E+00  0.00000E+00  0.00000E+00  0.00000E+00  0.00000E+00  0.00000E+00  0.00000E+00  0.00000E+00
   16803   4  1.84997E-04  1.84997E-04  1.84997E-04  1.84997E-04  1.84997E-04  1.84997E-04  1.84997E-04  1.84997E-04  1.84997E-04  1.84997E-04  1.84997E-04  1.84997E-04  1.84997E-04  1.84997E-04  1.84997E-04  1.84997E-04  1.84997E-04  1.84997E-04  1.84997E-04  1.84997E-04  1.84997E-04  1.84997E-04  1.84997E-04  1.84997E-04
   16802   4  1.53443E-03  1.53443E-03  1.53443E-03  1.53443E-03  1.53443E-03  1.53443E-03  1.53443E-03  1.53443E-03  1.53443E-03  1.53443E-03  1.53443E-03  1.53443E-03  1.53443E-03  1.53443E-03  1.53443E-03  1.53443E-03  1.53443E-03  1.53443E-03  1.53443E-03  1.53443E-03  1.53443E-03  1.53443E-03  1.53443E-03  1.53443E-03
   17156   4  2.54724E-06  2.54724E-06  2.54724E-06  2.54724E-06  2.54724E-06  2.54724E-06  2.54724E-06  2.54724E-06  2.54724E-06  2.54724E-06  2.54724E-06  2.54724E-06  2.54724E-06  2.54724E-06  2.54724E-06  2.54724E-06  2.54724E-06  2.54724E-06  2.54724E-06  2.54724E-06  2.54724E-06  2.54724E-06  2.54724E-06  2.54724E-06
   17156   3  5.65161E-06  5.65161E-06  5.65161E-06  5.65161E-06  5.65161E-06  0.00000E+00  0.00000E+00  0.00000E+00  0.00000E+00  0.00000E+00  0.00000E+00  0.00000E+00  0.00000E+00  5.65161E-06  5.65161E-06  5.65161E-06  5.65161E-06  5.65161E-06  5.65161E-06  5.65161E-06  5.65161E-06  5.65161E-06  5.65161E-06  5.65161E-06
   17156   7  0.00000E+00  0.00000E+00  0.00000E+00  0.00000E+00  0.00000E+00  0.00000E+00  0.00000E+00  0.00000E+00  0.00000E+00  0.00000E+00  0.00000E+00  0.00000E+00  0.00000E+00  0.00000E+00  0.00000E+00  0.00000E+00  0.00000E+00  0.00000E+00  0.00000E+00  0.00000E+00  0.00000E+00  0.00000E+00  0.00000E+00  0.00000E+00
   17156   2  0.00000E+00  0.00000E+00  0.00000E+00  0.00000E+00  0.00000E+00  0.00000E+00  0.00000E+00  0.00000E+00  0.00000E+00  0.00000E+00  0.00000E+00  0.00000E+00  0.00000E+00  0.00000E+00  0.00000E+00  0.00000E+00  0.00000E+00  0.00000E+00  0.00000E+00  0.00000E+00  0.00000E+00  0.00000E+00  0.00000E+00  0.00000E+00
   17506   4  1.66288E-02  1.66288E-02  1.66288E-02  1.66288E-02  1.66288E-02  1.66288E-02  1.66288E-02  1.66288E-02  1.66288E-02  1.66288E-02  1.66288E-02  1.66288E-02  1.66288E-02  1.91487E-01  1.91487E-01  1.91487E-01  1.91487E-01  1.91487E-01  1.91487E-01  1.91487E-01  1.91487E-01  1.66288E-02  1.66288E-02  1.66288E-02
   17506   3  9.38878E-03  9.38878E-03  9.38878E-03  9.38878E-03  9.38878E-03  9.38878E-03  9.38878E-03  9.38878E-03  9.38878E-03  9.38878E-03  9.38878E-03  9.38878E-03  9.38878E-03  1.84249E-01  1.84249E-01  1.84249E-01  1.84249E-01  1.84249E-01  1.84249E-01  1.84249E-01  1.84249E-01  9.38878E-03  9.38878E-03  9.38878E-03
   17859   3  0.00000E+00  0.00000E+00  0.00000E+00  0.00000E+00  0.00000E+00  0.00000E+00  0.00000E+00  0.00000E+00  0.00000E+00  0.00000E+00  0.00000E+00  0.00000E+00  0.00000E+00  0.00000E+00  0.00000E+00  0.00000E+00  0.00000E+00  0.00000E+00  0.00000E+00  0.00000E+00  0.00000E+00  0.00000E+00  0.00000E+00  0.00000E+00
   17506   7  0.00000E+00  0.00000E+00  0.00000E+00  0.00000E+00  0.00000E+00  0.00000E+00  0.00000E+00  0.00000E+00  0.00000E+00  0.00000E+00  0.00000E+00  0.00000E+00  0.00000E+00  0.00000E+00  0.00000E+00  0.00000E+00  0.00000E+00  0.00000E+00  0.00000E+00  0.00000E+00  0.00000E+00  0.00000E+00  0.00000E+00  0.00000E+00
   17505   3  0.00000E+00  0.00000E+00  0.00000E+00  0.00000E+00  0.00000E+00  0.00000E+00  0.00000E+00  0.00000E+00  0.00000E+00  0.00000E+00  0.00000E+00  0.00000E+00  0.00000E+00  0.00000E+00  0.00000E+00  0.00000E+00  0.00000E+00  0.00000E+00  0.00000E+00  0.00000E+00  0.00000E+00  0.00000E+00  0.00000E+00  0.00000E+00
   17153   2  7.00796E-03  7.00796E-03  7.00796E-03  7.00796E-03  7.00796E-03  7.00796E-03  7.00796E-03  7.00796E-03  7.00796E-03  7.00796E-03  7.00796E-03  7.00796E-03  7.00796E-03  7.00796E-03  7.00796E-03  7.00796E-03  7.00796E-03  7.00796E-03  7.00796E-03  7.00796E-03  7.00796E-03  7.00796E-03  7.00796E-03  7.00796E-03
   17506   5  0.00000E+00  0.00000E+00  0.00000E+00  0.00000E+00  0.00000E+00  0.00000E+00  0.00000E+00  0.00000E+00  0.00000E+00  0.00000E+00  0.00000E+00  0.00000E+00  0.00000E+00  3.88574E-02  3.88574E-02  3.88574E-02  3.88574E-02  3.88574E-02  3.88574E-02  3.88574E-02  3.88574E-02  0.00000E+00  0.00000E+00  0.00000E+00
   18212   4  0.00000E+00  0.00000E+00  0.00000E+00  0.00000E+00  0.00000E+00  0.00000E+00  0.00000E+00  0.00000E+00  0.00000E+00  0.00000E+00  0.00000E+00  0.00000E+00  0.00000E+00  0.00000E+00  0.00000E+00  0.00000E+00  0.00000E+00  0.00000E+00  0.00000E+00  0.00000E+00  0.00000E+00  0.00000E+00  0.00000E+00  0.00000E+00
   17510   4  4.39101E-04  4.39101E-04  4.39101E-04  4.39101E-04  4.39101E-04  4.39101E-04  4.39101E-04  4.39101E-04  4.39101E-04  4.39101E-04  4.39101E-04  4.39101E-04  4.39101E-04  4.39101E-04  4.39101E-04  4.39101E-04  4.39101E-04  4.39101E-04  4.39101E-04  4.39101E-04  4.39101E-04  4.39101E-04  4.39101E-04  4.39101E-04
   16447   2  0.00000E+00  0.00000E+00  0.00000E+00  0.00000E+00  0.00000E+00  0.00000E+00  0.00000E+00  0.00000E+00  0.00000E+00  0.00000E+00  0.00000E+00  0.00000E+00  0.00000E+00  0.00000E+00  0.00000E+00  0.00000E+00  0.00000E+00  0.00000E+00  0.00000E+00  0.00000E+00  0.00000E+00  0.00000E+00  0.00000E+00  0.00000E+00
   16447   3  0.00000E+00  0.00000E+00  0.00000E+00  0.00000E+00  0.00000E+00  0.00000E+00  0.00000E+00  0.00000E+00  0.00000E+00  0.00000E+00  0.00000E+00  0.00000E+00  0.00000E+00  0.00000E+00  0.00000E+00  0.00000E+00  0.00000E+00  0.00000E+00  0.00000E+00  0.00000E+00  0.00000E+00  0.00000E+00  0.00000E+00  0.00000E+00
   32968   7  0.00000E+00  0.00000E+00  0.00000E+00  0.00000E+00  0.00000E+00  0.00000E+00  0.00000E+00  0.00000E+00  0.00000E+00  0.00000E+00  0.00000E+00  0.00000E+00  0.00000E+00  0.00000E+00  0.00000E+00  0.00000E+00  0.00000E+00  0.00000E+00  0.00000E+00  0.00000E+00  0.00000E+00  0.00000E+00  0.00000E+00  0.00000E+00
   32968   3  0.00000E+00  0.00000E+00  0.00000E+00  0.00000E+00  0.00000E+00  0.00000E+00  0.00000E+00  0.00000E+00  0.00000E+00  0.00000E+00  0.00000E+00  0.00000E+00  0.00000E+00  0.00000E+00  0.00000E+00  0.00000E+00  0.00000E+00  0.00000E+00  0.00000E+00  0.00000E+00  0.00000E+00  0.00000E+00  0.00000E+00  0.00000E+00
   29089   4  9.38140E-06  9.38140E-06  9.38140E-06  9.38140E-06  9.38140E-06  9.38140E-06  9.38140E-06  9.38140E-06  9.38140E-06  9.38140E-06  9.38140E-06  9.38140E-06  9.38140E-06  9.38140E-06  9.38140E-06  9.38140E-06  9.38140E-06  9.38140E-06  9.38140E-06  9.38140E-06  9.38140E-06  9.38140E-06  9.38140E-06  9.38140E-06
   29089   2  0.00000E+00  0.00000E+00  0.00000E+00  0.00000E+00  0.00000E+00  0.00000E+00  0.00000E+00  0.00000E+00  0.00000E+00  0.00000E+00  0.00000E+00  0.00000E+00  0.00000E+00  0.00000E+00  0.00000E+00  0.00000E+00  0.00000E+00  0.00000E+00  0.00000E+00  0.00000E+00  0.00000E+00  0.00000E+00  0.00000E+00  0.00000E+00
   29089   3  4.37607E-05  4.37607E-05  4.37607E-05  4.37607E-05  4.37607E-05  4.37607E-05  4.37607E-05  4.37607E-05  4.37607E-05  4.37607E-05  4.37607E-05  4.37607E-05  4.37607E-05  4.37607E-05  4.37607E-05  4.37607E-05  4.37607E-05  4.37607E-05  4.37607E-05  4.37607E-05  4.37607E-05  4.37607E-05  4.37607E-05  4.37607E-05
   29089   7  0.00000E+00  0.00000E+00  0.00000E+00  0.00000E+00  0.00000E+00  0.00000E+00  0.00000E+00  0.00000E+00  0.00000E+00  0.00000E+00  0.00000E+00  0.00000E+00  0.00000E+00  0.00000E+00  0.00000E+00  0.00000E+00  0.00000E+00  0.00000E+00  0.00000E+00  0.00000E+00  0.00000E+00  0.00000E+00  0.00000E+00  0.00000E+00
   15772   3  0.00000E+00  0.00000E+00  0.00000E+00  0.00000E+00  0.00000E+00  0.00000E+00  0.00000E+00  0.00000E+00  0.00000E+00  0.00000E+00  0.00000E+00  0.00000E+00  0.00000E+00  0.00000E+00  0.00000E+00  0.00000E+00  0.00000E+00  0.00000E+00  0.00000E+00  0.00000E+00  0.00000E+00  0.00000E+00  0.00000E+00  0.00000E+00
   15772   2  0.00000E+00  0.00000E+00  0.00000E+00  0.00000E+00  0.00000E+00  0.00000E+00  0.00000E+00  0.00000E+00  0.00000E+00  0.00000E+00  0.00000E+00  0.00000E+00  0.00000E+00  0.00000E+00  0.00000E+00  0.00000E+00  0.00000E+00  0.00000E+00  0.00000E+00  0.00000E+00  0.00000E+00  0.00000E+00  0.00000E+00  0.00000E+00
   16476   4  1.40527E-05  1.40527E-05  1.40527E-05  1.40527E-05  1.40527E-05  1.40527E-05  1.40527E-05  1.40527E-05  1.40527E-05  1.40527E-05  1.40527E-05  1.40527E-05  1.40527E-05  1.40527E-05  1.40527E-05  1.40527E-05  1.40527E-05  1.40527E-05  1.40527E-05  1.40527E-05  1.40527E-05  1.40527E-05  1.40527E-05  1.40527E-05
   16476   3  0.00000E+00  0.00000E+00  0.00000E+00  0.00000E+00  0.00000E+00  0.00000E+00  0.00000E+00  0.00000E+00  0.00000E+00  0.00000E+00  0.00000E+00  0.00000E+00  0.00000E+00  0.00000E+00  0.00000E+00  0.00000E+00  0.00000E+00  0.00000E+00  0.00000E+00  0.00000E+00  0.00000E+00  0.00000E+00  0.00000E+00  0.00000E+00
    7320   4  0.00000E+00  0.00000E+00  0.00000E+00  0.00000E+00  0.00000E+00  0.00000E+00  0.00000E+00  0.00000E+00  0.00000E+00  0.00000E+00  0.00000E+00  0.00000E+00  0.00000E+00  0.00000E+00  0.00000E+00  0.00000E+00  0.00000E+00  0.00000E+00  0.00000E+00  0.00000E+00  0.00000E+00  0.00000E+00  0.00000E+00  0.00000E+00
   10496   2  0.00000E+00  0.00000E+00  0.00000E+00  0.00000E+00  0.00000E+00  0.00000E+00  0.00000E+00  0.00000E+00  0.00000E+00  0.00000E+00  0.00000E+00  0.00000E+00  0.00000E+00  0.00000E+00  0.00000E+00  0.00000E+00  0.00000E+00  0.00000E+00  0.00000E+00  0.00000E+00  0.00000E+00  0.00000E+00  0.00000E+00  0.00000E+00
   10496   3  1.30514E-04  1.30514E-04  1.30514E-04  1.30514E-04  1.30514E-04  1.30514E-04  1.30514E-04  1.30514E-04  1.30514E-04  1.30514E-04  1.30514E-04  1.30514E-04  1.30514E-04  1.30514E-04  1.30514E-04  1.30514E-04  1.30514E-04  1.30514E-04  1.30514E-04  1.30514E-04  1.30514E-04  1.30514E-04  1.30514E-04  1.30514E-04
   10122   3  0.00000E+00  0.00000E+00  0.00000E+00  0.00000E+00  0.00000E+00  0.00000E+00  0.00000E+00  0.00000E+00  0.00000E+00  0.00000E+00  0.00000E+00  0.00000E+00  0.00000E+00  0.00000E+00  0.00000E+00  0.00000E+00  0.00000E+00  0.00000E+00  0.00000E+00  0.00000E+00  0.00000E+00  0.00000E+00  0.00000E+00  0.00000E+00
   10122   5  0.00000E+00  0.00000E+00  0.00000E+00  0.00000E+00  0.00000E+00  0.00000E+00  0.00000E+00  0.00000E+00  0.00000E+00  0.00000E+00  0.00000E+00  0.00000E+00  0.00000E+00  0.00000E+00  0.00000E+00  0.00000E+00  0.00000E+00  0.00000E+00  0.00000E+00  0.00000E+00  0.00000E+00  0.00000E+00  0.00000E+00  0.00000E+00
    6258   1  0.00000E+00  0.00000E+00  0.00000E+00  0.00000E+00  0.00000E+00  0.00000E+00  0.00000E+00  0.00000E+00  0.00000E+00  0.00000E+00  0.00000E+00  0.00000E+00  0.00000E+00  0.00000E+00  0.00000E+00  0.00000E+00  0.00000E+00  0.00000E+00  0.00000E+00  0.00000E+00  0.00000E+00  0.00000E+00  0.00000E+00  0.00000E+00
    6258   2  0.00000E+00  0.00000E+00  0.00000E+00  0.00000E+00  0.00000E+00  0.00000E+00  0.00000E+00  0.00000E+00  0.00000E+00  0.00000E+00  0.00000E+00  0.00000E+00  0.00000E+00  0.00000E+00  0.00000E+00  0.00000E+00  0.00000E+00  0.00000E+00  0.00000E+00  0.00000E+00  0.00000E+00  0.00000E+00  0.00000E+00  0.00000E+00
    6258   3  0.00000E+00  0.00000E+00  0.00000E+00  0.00000E+00  0.00000E+00  0.00000E+00  0.00000E+00  0.00000E+00  0.00000E+00  0.00000E+00  0.00000E+00  0.00000E+00  0.00000E+00  0.00000E+00  0.00000E+00  0.00000E+00  0.00000E+00  0.00000E+00  0.00000E+00  0.00000E+00  0.00000E+00  0.00000E+00  0.00000E+00  0.00000E+00
    6258   4  0.00000E+00  0.00000E+00  0.00000E+00  0.00000E+00  0.00000E+00  0.00000E+00  0.00000E+00  0.00000E+00  0.00000E+00  0.00000E+00  0.00000E+00  0.00000E+00  0.00000E+00  0.00000E+00  0.00000E+00  0.00000E+00  0.00000E+00  0.00000E+00  0.00000E+00  0.00000E+00  0.00000E+00  0.00000E+00  0.00000E+00  0.00000E+00
    6258   7  0.00000E+00  0.00000E+00  0.00000E+00  0.00000E+00  0.00000E+00  0.00000E+00  0.00000E+00  0.00000E+00  0.00000E+00  0.00000E+00  0.00000E+00  0.00000E+00  0.00000E+00  0.00000E+00  0.00000E+00  0.00000E+00  0.00000E+00  0.00000E+00  0.00000E+00  0.00000E+00  0.00000E+00  0.00000E+00  0.00000E+00  0.00000E+00
    9417   4  3.36724E-06  3.36724E-06  3.36724E-06  3.36724E-06  3.36724E-06  3.36724E-06  3.36724E-06  3.36724E-06  3.36724E-06  3.36724E-06  3.36724E-06  3.36724E-06  3.36724E-06  3.36724E-06  3.36724E-06  3.36724E-06  3.36724E-06  3.36724E-06  3.36724E-06  3.36724E-06  3.36724E-06  3.36724E-06  3.36724E-06  3.36724E-06
   10122   4  0.00000E+00  0.00000E+00  0.00000E+00  0.00000E+00  0.00000E+00  0.00000E+00  0.00000E+00  0.00000E+00  0.00000E+00  0.00000E+00  0.00000E+00  0.00000E+00  0.00000E+00  0.00000E+00  0.00000E+00  0.00000E+00  0.00000E+00  0.00000E+00  0.00000E+00  0.00000E+00  0.00000E+00  0.00000E+00  0.00000E+00  0.00000E+00
   14365   3  0.00000E+00  0.00000E+00  0.00000E+00  0.00000E+00  0.00000E+00  0.00000E+00  0.00000E+00  0.00000E+00  0.00000E+00  0.00000E+00  0.00000E+00  0.00000E+00  0.00000E+00  0.00000E+00  0.00000E+00  0.00000E+00  0.00000E+00  0.00000E+00  0.00000E+00  0.00000E+00  0.00000E+00  0.00000E+00  0.00000E+00  0.00000E+00
   11525   4  6.93865E-05  6.93865E-05  6.93865E-05  6.93865E-05  6.93865E-05  6.93865E-05  6.93865E-05  6.93865E-05  6.93865E-05  6.93865E-05  6.93865E-05  6.93865E-05  6.93865E-05  6.93865E-05  6.93865E-05  6.93865E-05  6.93865E-05  6.93865E-05  6.93865E-05  6.93865E-05  6.93865E-05  6.93865E-05  6.93865E-05  6.93865E-05
    8358   7  0.00000E+00  0.00000E+00  0.00000E+00  0.00000E+00  0.00000E+00  0.00000E+00  0.00000E+00  0.00000E+00  0.00000E+00  0.00000E+00  0.00000E+00  0.00000E+00  0.00000E+00  0.00000E+00  0.00000E+00  0.00000E+00  0.00000E+00  0.00000E+00  0.00000E+00  0.00000E+00  0.00000E+00  0.00000E+00  0.00000E+00  0.00000E+00
    9771   3  0.00000E+00  0.00000E+00  0.00000E+00  0.00000E+00  0.00000E+00  0.00000E+00  0.00000E+00  0.00000E+00  0.00000E+00  0.00000E+00  0.00000E+00  0.00000E+00  0.00000E+00  0.00000E+00  0.00000E+00  0.00000E+00  0.00000E+00  0.00000E+00  0.00000E+00  0.00000E+00  0.00000E+00  0.00000E+00  0.00000E+00  0.00000E+00
    6609   3  0.00000E+00  0.00000E+00  0.00000E+00  0.00000E+00  0.00000E+00  0.00000E+00  0.00000E+00  0.00000E+00  0.00000E+00  0.00000E+00  0.00000E+00  0.00000E+00  0.00000E+00  0.00000E+00  0.00000E+00  0.00000E+00  0.00000E+00  0.00000E+00  0.00000E+00  0.00000E+00  0.00000E+00  0.00000E+00  0.00000E+00  0.00000E+00
   11870   4  6.39116E-04  6.39116E-04  6.39116E-04  6.39116E-04  6.39116E-04  6.39116E-04  6.39116E-04  6.39116E-04  6.39116E-04  6.39116E-04  6.39116E-04  6.39116E-04  6.39116E-04  6.39116E-04  6.39116E-04  6.39116E-04  6.39116E-04  6.39116E-04  6.39116E-04  6.39116E-04  6.39116E-04  6.39116E-04  6.39116E-04  6.39116E-04
   11870   3  0.00000E+00  0.00000E+00  0.00000E+00  0.00000E+00  0.00000E+00  0.00000E+00  0.00000E+00  0.00000E+00  0.00000E+00  0.00000E+00  0.00000E+00  0.00000E+00  0.00000E+00  0.00000E+00  0.00000E+00  0.00000E+00  0.00000E+00  0.00000E+00  0.00000E+00  0.00000E+00  0.00000E+00  0.00000E+00  0.00000E+00  0.00000E+00
   11870   2  0.00000E+00  0.00000E+00  0.00000E+00  0.00000E+00  0.00000E+00  0.00000E+00  0.00000E+00  0.00000E+00  0.00000E+00  0.00000E+00  0.00000E+00  0.00000E+00  0.00000E+00  0.00000E+00  0.00000E+00  0.00000E+00  0.00000E+00  0.00000E+00  0.00000E+00  0.00000E+00  0.00000E+00  0.00000E+00  0.00000E+00  0.00000E+00
   10124   4  1.49693E-06  1.49693E-06  1.49693E-06  1.49693E-06  1.49693E-06  1.49693E-06  1.49693E-06  1.49693E-06  1.49693E-06  1.49693E-06  1.49693E-06  1.49693E-06  1.49693E-06  1.49693E-06  1.49693E-06  1.49693E-06  1.49693E-06  1.49693E-06  1.49693E-06  1.49693E-06  1.49693E-06  1.49693E-06  1.49693E-06  1.49693E-06
   18579   3  0.00000E+00  0.00000E+00  0.00000E+00  0.00000E+00  0.00000E+00  0.00000E+00  0.00000E+00  0.00000E+00  0.00000E+00  0.00000E+00  0.00000E+00  0.00000E+00  0.00000E+00  0.00000E+00  0.00000E+00  0.00000E+00  0.00000E+00  0.00000E+00  0.00000E+00  0.00000E+00  0.00000E+00  0.00000E+00  0.00000E+00  0.00000E+00
   18225   4  0.00000E+00  0.00000E+00  0.00000E+00  0.00000E+00  0.00000E+00  0.00000E+00  0.00000E+00  0.00000E+00  0.00000E+00  0.00000E+00  0.00000E+00  0.00000E+00  0.00000E+00  0.00000E+00  0.00000E+00  0.00000E+00  0.00000E+00  0.00000E+00  0.00000E+00  0.00000E+00  0.00000E+00  0.00000E+00  0.00000E+00  0.00000E+00
   18225   3  0.00000E+00  0.00000E+00  0.00000E+00  0.00000E+00  0.00000E+00  0.00000E+00  0.00000E+00  0.00000E+00  0.00000E+00  0.00000E+00  0.00000E+00  0.00000E+00  0.00000E+00  0.00000E+00  0.00000E+00  0.00000E+00  0.00000E+00  0.00000E+00  0.00000E+00  0.00000E+00  0.00000E+00  0.00000E+00  0.00000E+00  0.00000E+00
   15059   3  0.00000E+00  0.00000E+00  0.00000E+00  0.00000E+00  0.00000E+00  0.00000E+00  0.00000E+00  0.00000E+00  0.00000E+00  0.00000E+00  0.00000E+00  0.00000E+00  0.00000E+00  0.00000E+00  0.00000E+00  0.00000E+00  0.00000E+00  0.00000E+00  0.00000E+00  0.00000E+00  0.00000E+00  0.00000E+00  0.00000E+00  0.00000E+00
   18576   4  6.43478E-04  6.43478E-04  6.43478E-04  6.43478E-04  6.43478E-04  6.43478E-04  6.43478E-04  6.43478E-04  6.43478E-04  6.43478E-04  6.43478E-04  6.43478E-04  6.43478E-04  6.43478E-04  6.43478E-04  6.43478E-04  6.43478E-04  6.43478E-04  6.43478E-04  6.43478E-04  6.43478E-04  6.43478E-04  6.43478E-04  6.43478E-04
   18576   3  9.32901E-04  9.32901E-04  9.32901E-04  9.32901E-04  9.32901E-04  9.32901E-04  9.32901E-04  9.32901E-04  9.32901E-04  9.32901E-04  9.32901E-04  9.32901E-04  9.32901E-04  9.32901E-04  9.32901E-04  9.32901E-04  9.32901E-04  9.32901E-04  9.32901E-04  9.32901E-04  9.32901E-04  9.32901E-04  9.32901E-04  9.32901E-04
   18576   1  0.00000E+00  0.00000E+00  0.00000E+00  0.00000E+00  0.00000E+00  0.00000E+00  0.00000E+00  0.00000E+00  0.00000E+00  0.00000E+00  0.00000E+00  0.00000E+00  0.00000E+00  0.00000E+00  0.00000E+00  0.00000E+00  0.00000E+00  0.00000E+00  0.00000E+00  0.00000E+00  0.00000E+00  0.00000E+00  0.00000E+00  0.00000E+00
   15747   3  0.00000E+00  0.00000E+00  0.00000E+00  0.00000E+00  0.00000E+00  0.00000E+00  0.00000E+00  0.00000E+00  0.00000E+00  0.00000E+00  0.00000E+00  0.00000E+00  0.00000E+00  0.00000E+00  0.00000E+00  0.00000E+00  0.00000E+00  0.00000E+00  0.00000E+00  0.00000E+00  0.00000E+00  0.00000E+00  0.00000E+00  0.00000E+00
   15747   2  0.00000E+00  0.00000E+00  0.00000E+00  0.00000E+00  0.00000E+00  0.00000E+00  0.00000E+00  0.00000E+00  0.00000E+00  0.00000E+00  0.00000E+00  0.00000E+00  0.00000E+00  0.00000E+00  0.00000E+00  0.00000E+00  0.00000E+00  0.00000E+00  0.00000E+00  0.00000E+00  0.00000E+00  0.00000E+00  0.00000E+00  0.00000E+00
   13638   3  0.00000E+00  0.00000E+00  0.00000E+00  0.00000E+00  0.00000E+00  0.00000E+00  0.00000E+00  0.00000E+00  0.00000E+00  0.00000E+00  0.00000E+00  0.00000E+00  0.00000E+00  0.00000E+00  0.00000E+00  0.00000E+00  0.00000E+00  0.00000E+00  0.00000E+00  0.00000E+00  0.00000E+00  0.00000E+00  0.00000E+00  0.00000E+00
   18926   4  7.85983E-05  7.85983E-05  7.85983E-05  7.85983E-05  7.85983E-05  7.85983E-05  7.85983E-05  7.85983E-05  7.85983E-05  7.85983E-05  7.85983E-05  7.85983E-05  7.85983E-05  7.85983E-05  7.85983E-05  7.85983E-05  7.85983E-05  7.85983E-05  7.85983E-05  7.85983E-05  7.85983E-05  7.85983E-05  7.85983E-05  7.85983E-05
   22115   4  0.00000E+00  0.00000E+00  0.00000E+00  0.00000E+00  0.00000E+00  0.00000E+00  0.00000E+00  0.00000E+00  0.00000E+00  0.00000E+00  0.00000E+00  0.00000E+00  0.00000E+00  0.00000E+00  0.00000E+00  0.00000E+00  0.00000E+00  0.00000E+00  0.00000E+00  0.00000E+00  0.00000E+00  0.00000E+00  0.00000E+00  0.00000E+00
   15750   4  1.53001E-04  1.53001E-04  1.53001E-04  1.53001E-04  1.53001E-04  1.53001E-04  1.53001E-04  1.53001E-04  1.53001E-04  1.53001E-04  1.53001E-04  1.53001E-04  1.53001E-04  1.53001E-04  1.53001E-04  1.53001E-04  1.53001E-04  1.53001E-04  1.53001E-04  1.53001E-04  1.53001E-04  1.53001E-04  1.53001E-04  1.53001E-04
   16455   4  2.24177E-04  2.24177E-04  2.24177E-04  2.24177E-04  2.24177E-04  2.24177E-04  2.24177E-04  2.24177E-04  2.24177E-04  2.24177E-04  2.24177E-04  2.24177E-04  2.24177E-04  2.24177E-04  2.24177E-04  2.24177E-04  2.24177E-04  2.24177E-04  2.24177E-04  2.24177E-04  2.24177E-04  2.24177E-04  2.24177E-04  2.24177E-04
   18223   3  1.59492E-03  1.59492E-03  1.59492E-03  1.59492E-03  1.59492E-03  1.59492E-03  1.59492E-03  1.59492E-03  1.59492E-03  1.59492E-03  1.59492E-03  1.59492E-03  1.59492E-03  1.59492E-03  1.59492E-03  1.59492E-03  1.59492E-03  1.59492E-03  1.59492E-03  1.59492E-03  1.59492E-03  1.59492E-03  1.59492E-03  1.59492E-03
   18224   4  2.73729E-02  2.73729E-02  2.73729E-02  2.73729E-02  2.73729E-02  2.73729E-02  2.73729E-02  2.73729E-02  2.73729E-02  2.73729E-02  2.73729E-02  2.73729E-02  2.73729E-02  5.12884E-01  5.12884E-01  5.12884E-01  5.12884E-01  5.12884E-01  5.12884E-01  5.12884E-01  5.12884E-01  2.73729E-02  2.73729E-02  2.73729E-02
   18930   4  0.00000E+00  0.00000E+00  0.00000E+00  0.00000E+00  0.00000E+00  0.00000E+00  0.00000E+00  0.00000E+00  0.00000E+00  0.00000E+00  0.00000E+00  0.00000E+00  0.00000E+00  0.00000E+00  0.00000E+00  0.00000E+00  0.00000E+00  0.00000E+00  0.00000E+00  0.00000E+00  0.00000E+00  0.00000E+00  0.00000E+00  0.00000E+00
   18224   5  0.00000E+00  0.00000E+00  0.00000E+00  0.00000E+00  0.00000E+00  0.00000E+00  0.00000E+00  0.00000E+00  0.00000E+00  0.00000E+00  0.00000E+00  0.00000E+00  0.00000E+00  1.07891E-01  1.07891E-01  1.07891E-01  1.07891E-01  1.07891E-01  1.07891E-01  1.07891E-01  1.07891E-01  0.00000E+00  0.00000E+00  0.00000E+00
   18577   3  0.00000E+00  0.00000E+00  0.00000E+00  0.00000E+00  0.00000E+00  0.00000E+00  0.00000E+00  0.00000E+00  0.00000E+00  0.00000E+00  0.00000E+00  0.00000E+00  0.00000E+00  4.52721E-07  4.52721E-07  4.52721E-07  4.52721E-07  4.52721E-07  4.52721E-07  4.52721E-07  4.52721E-07  0.00000E+00  0.00000E+00  0.00000E+00
   18223   4  6.11518E-03  6.11518E-03  6.11518E-03  6.11518E-03  6.11518E-03  6.11518E-03  6.11518E-03  6.11518E-03  6.11518E-03  6.11518E-03  6.11518E-03  6.11518E-03  6.11518E-03  6.11518E-03  6.11518E-03  6.11518E-03  6.11518E-03  6.11518E-03  6.11518E-03  6.11518E-03  6.11518E-03  6.11518E-03  6.11518E-03  6.11518E-03
   18224   3  9.82101E-04  9.82101E-04  9.66694E-04  9.66694E-04  9.66694E-04  9.66694E-04  9.66694E-04  9.66694E-04  9.66694E-04  9.66694E-04  9.66694E-04  9.66694E-04  9.66694E-04  4.86493E-01  4.86493E-01  4.86493E-01  4.86493E-01  4.86493E-01  4.86493E-01  4.86493E-01  4.86493E-01  9.82101E-04  9.82101E-04  9.82101E-04
   18223   5  0.00000E+00  0.00000E+00  0.00000E+00  0.00000E+00  0.00000E+00  0.00000E+00  0.00000E+00  0.00000E+00  0.00000E+00  0.00000E+00  0.00000E+00  0.00000E+00  0.00000E+00  0.00000E+00  0.00000E+00  0.00000E+00  0.00000E+00  0.00000E+00  0.00000E+00  0.00000E+00  0.00000E+00  0.00000E+00  0.00000E+00  0.00000E+00
   18577   4  2.35094E-02  2.35094E-02  2.35094E-02  2.35094E-02  2.35094E-02  2.35094E-02  2.35094E-02  2.35094E-02  2.35094E-02  2.35094E-02  2.35094E-02  2.35094E-02  2.35094E-02  2.35094E-02  2.35094E-02  2.35094E-02  2.35094E-02  2.35094E-02  2.35094E-02  2.35094E-02  2.35094E-02  2.35094E-02  2.35094E-02  2.35094E-02
   18576   5  0.00000E+00  0.00000E+00  0.00000E+00  0.00000E+00  0.00000E+00  0.00000E+00  0.00000E+00  0.00000E+00  0.00000E+00  0.00000E+00  0.00000E+00  0.00000E+00  0.00000E+00  0.00000E+00  0.00000E+00  0.00000E+00  0.00000E+00  0.00000E+00  0.00000E+00  0.00000E+00  0.00000E+00  0.00000E+00  0.00000E+00  0.00000E+00
   18223   7  0.00000E+00  0.00000E+00  0.00000E+00  0.00000E+00  0.00000E+00  0.00000E+00  0.00000E+00  0.00000E+00  0.00000E+00  0.00000E+00  0.00000E+00  0.00000E+00  0.00000E+00  9.22218E-06  9.22218E-06  9.22218E-06  9.22218E-06  9.22218E-06  9.22218E-06  9.22218E-06  9.22218E-06  0.00000E+00  0.00000E+00  0.00000E+00
   18576   7  0.00000E+00  0.00000E+00  0.00000E+00  0.00000E+00  0.00000E+00  0.00000E+00  0.00000E+00  0.00000E+00  0.00000E+00  0.00000E+00  0.00000E+00  0.00000E+00  0.00000E+00  2.59707E-04  2.59707E-04  2.59707E-04  2.59707E-04  2.59707E-04  2.59707E-04  2.59707E-04  2.59707E-04  0.00000E+00  0.00000E+00  0.00000E+00
   18222   3  0.00000E+00  0.00000E+00  0.00000E+00  0.00000E+00  0.00000E+00  0.00000E+00  0.00000E+00  0.00000E+00  0.00000E+00  0.00000E+00  0.00000E+00  0.00000E+00  0.00000E+00  0.00000E+00  0.00000E+00  0.00000E+00  0.00000E+00  0.00000E+00  0.00000E+00  0.00000E+00  0.00000E+00  0.00000E+00  0.00000E+00  0.00000E+00
   19280   3  0.00000E+00  0.00000E+00  0.00000E+00  0.00000E+00  0.00000E+00  0.00000E+00  0.00000E+00  0.00000E+00  0.00000E+00  0.00000E+00  0.00000E+00  0.00000E+00  0.00000E+00  0.00000E+00  0.00000E+00  0.00000E+00  0.00000E+00  0.00000E+00  0.00000E+00  0.00000E+00  0.00000E+00  0.00000E+00  0.00000E+00  0.00000E+00
   19280   4  2.44168E-03  2.44168E-03  2.44168E-03  2.44168E-03  2.44168E-03  2.44168E-03  2.44168E-03  2.44168E-03  2.44168E-03  2.44168E-03  2.44168E-03  2.44168E-03  2.44168E-03  1.15466E-01  1.15466E-01  1.15466E-01  1.15466E-01  1.15466E-01  1.15466E-01  1.15466E-01  1.15466E-01  2.44168E-03  2.44168E-03  2.44168E-03
   19279   4  2.93368E-02  2.93368E-02  2.93368E-02  2.93368E-02  2.93368E-02  2.93368E-02  2.93368E-02  2.93368E-02  2.93368E-02  2.93368E-02  2.93368E-02  2.93368E-02  2.93368E-02  2.93368E-02  2.93368E-02  2.93368E-02  2.93368E-02  2.93368E-02  2.93368E-02  2.93368E-02  2.93368E-02  2.93368E-02  2.93368E-02  2.93368E-02
   18928   3  0.00000E+00  0.00000E+00  0.00000E+00  0.00000E+00  0.00000E+00  0.00000E+00  0.00000E+00  0.00000E+00  0.00000E+00  0.00000E+00  0.00000E+00  0.00000E+00  0.00000E+00  0.00000E+00  0.00000E+00  0.00000E+00  0.00000E+00  0.00000E+00  0.00000E+00  0.00000E+00  0.00000E+00  0.00000E+00  0.00000E+00  0.00000E+00
   18928   4  1.08425E-03  1.08425E-03  1.08425E-03  1.08425E-03  1.08425E-03  1.08425E-03  1.08425E-03  1.08425E-03  1.08425E-03  1.08425E-03  1.08425E-03  1.08425E-03  1.08425E-03  1.08425E-03  1.08425E-03  1.08425E-03  1.08425E-03  1.08425E-03  1.08425E-03  1.08425E-03  1.08425E-03  1.08425E-03  1.08425E-03  1.08425E-03
   18575   4  1.30760E-05  1.30760E-05  1.30760E-05  1.30760E-05  1.30760E-05  1.30760E-05  1.30760E-05  1.30760E-05  1.30760E-05  1.30760E-05  1.30760E-05  1.30760E-05  1.30760E-05  1.30760E-05  1.30760E-05  1.30760E-05  1.30760E-05  1.30760E-05  1.30760E-05  1.30760E-05  1.30760E-05  1.30760E-05  1.30760E-05  1.30760E-05
   18222   4  1.63475E-05  1.63475E-05  1.63475E-05  1.63475E-05  1.63475E-05  1.63475E-05  1.63475E-05  1.63475E-05  1.63475E-05  1.63475E-05  1.63475E-05  1.63475E-05  1.63475E-05  1.63475E-05  1.63475E-05  1.63475E-05  1.63475E-05  1.63475E-05  1.63475E-05  1.63475E-05  1.63475E-05  1.63475E-05  1.63475E-05  1.63475E-05
   18575   3  0.00000E+00  0.00000E+00  0.00000E+00  0.00000E+00  0.00000E+00  0.00000E+00  0.00000E+00  0.00000E+00  0.00000E+00  0.00000E+00  0.00000E+00  0.00000E+00  0.00000E+00  0.00000E+00  0.00000E+00  0.00000E+00  0.00000E+00  0.00000E+00  0.00000E+00  0.00000E+00  0.00000E+00  0.00000E+00  0.00000E+00  0.00000E+00
   15401   3  0.00000E+00  0.00000E+00  0.00000E+00  0.00000E+00  0.00000E+00  0.00000E+00  0.00000E+00  0.00000E+00  0.00000E+00  0.00000E+00  0.00000E+00  0.00000E+00  0.00000E+00  0.00000E+00  0.00000E+00  0.00000E+00  0.00000E+00  0.00000E+00  0.00000E+00  0.00000E+00  0.00000E+00  0.00000E+00  0.00000E+00  0.00000E+00
   16114   7  0.00000E+00  0.00000E+00  0.00000E+00  0.00000E+00  0.00000E+00  0.00000E+00  0.00000E+00  0.00000E+00  0.00000E+00  0.00000E+00  0.00000E+00  0.00000E+00  0.00000E+00  0.00000E+00  0.00000E+00  0.00000E+00  0.00000E+00  0.00000E+00  0.00000E+00  0.00000E+00  0.00000E+00  0.00000E+00  0.00000E+00  0.00000E+00
   15761   3  5.80713E-04  5.80713E-04  5.80713E-04  5.80713E-04  5.80713E-04  0.00000E+00  0.00000E+00  0.00000E+00  0.00000E+00  0.00000E+00  0.00000E+00  0.00000E+00  0.00000E+00  5.80713E-04  5.80713E-04  5.80713E-04  5.80713E-04  5.80713E-04  5.80713E-04  5.80713E-04  5.80713E-04  5.80713E-04  5.80713E-04  5.80713E-04
   15762   4  0.00000E+00  0.00000E+00  0.00000E+00  0.00000E+00  0.00000E+00  0.00000E+00  0.00000E+00  0.00000E+00  0.00000E+00  0.00000E+00  0.00000E+00  0.00000E+00  0.00000E+00  0.00000E+00  0.00000E+00  0.00000E+00  0.00000E+00  0.00000E+00  0.00000E+00  0.00000E+00  0.00000E+00  0.00000E+00  0.00000E+00  0.00000E+00
   18227   4  9.46762E-05  9.46762E-05  9.46762E-05  9.46762E-05  9.46762E-05  9.46762E-05  9.46762E-05  9.46762E-05  9.46762E-05  9.46762E-05  9.46762E-05  9.46762E-05  9.46762E-05  9.46762E-05  9.46762E-05  9.46762E-05  9.46762E-05  9.46762E-05  9.46762E-05  9.46762E-05  9.46762E-05  9.46762E-05  9.46762E-05  9.46762E-05
   21763   4  5.53528E-05  5.53528E-05  5.53528E-05  5.53528E-05  5.53528E-05  5.53528E-05  5.53528E-05  5.53528E-05  5.53528E-05  5.53528E-05  5.53528E-05  5.53528E-05  5.53528E-05  5.53528E-05  5.53528E-05  5.53528E-05  5.53528E-05  5.53528E-05  5.53528E-05  5.53528E-05  5.53528E-05  5.53528E-05  5.53528E-05  5.53528E-05
   25974   3  0.00000E+00  0.00000E+00  0.00000E+00  0.00000E+00  0.00000E+00  0.00000E+00  0.00000E+00  0.00000E+00  0.00000E+00  0.00000E+00  0.00000E+00  0.00000E+00  0.00000E+00  0.00000E+00  0.00000E+00  0.00000E+00  0.00000E+00  0.00000E+00  0.00000E+00  0.00000E+00  0.00000E+00  0.00000E+00  0.00000E+00  0.00000E+00
   25262   3  0.00000E+00  0.00000E+00  0.00000E+00  0.00000E+00  0.00000E+00  0.00000E+00  0.00000E+00  0.00000E+00  0.00000E+00  0.00000E+00  0.00000E+00  0.00000E+00  0.00000E+00  0.00000E+00  0.00000E+00  0.00000E+00  0.00000E+00  0.00000E+00  0.00000E+00  0.00000E+00  0.00000E+00  0.00000E+00  0.00000E+00  0.00000E+00
   24198   4  0.00000E+00  0.00000E+00  0.00000E+00  0.00000E+00  0.00000E+00  0.00000E+00  0.00000E+00  0.00000E+00  0.00000E+00  0.00000E+00  0.00000E+00  0.00000E+00  0.00000E+00  0.00000E+00  0.00000E+00  0.00000E+00  0.00000E+00  0.00000E+00  0.00000E+00  0.00000E+00  0.00000E+00  0.00000E+00  0.00000E+00  0.00000E+00
   24198   3  3.15736E-06  3.15736E-06  3.15736E-06  3.15736E-06  3.15736E-06  0.00000E+00  0.00000E+00  0.00000E+00  0.00000E+00  0.00000E+00  0.00000E+00  0.00000E+00  0.00000E+00  3.15736E-06  3.15736E-06  3.15736E-06  3.15736E-06  3.15736E-06  3.15736E-06  3.15736E-06  3.15736E-06  3.15736E-06  3.15736E-06  3.15736E-06
   24551   4  0.00000E+00  0.00000E+00  0.00000E+00  0.00000E+00  0.00000E+00  0.00000E+00  0.00000E+00  0.00000E+00  0.00000E+00  0.00000E+00  0.00000E+00  0.00000E+00  0.00000E+00  0.00000E+00  0.00000E+00  0.00000E+00  0.00000E+00  0.00000E+00  0.00000E+00  0.00000E+00  0.00000E+00  0.00000E+00  0.00000E+00  0.00000E+00
   24911   4  0.00000E+00  0.00000E+00  0.00000E+00  0.00000E+00  0.00000E+00  0.00000E+00  0.00000E+00  0.00000E+00  0.00000E+00  0.00000E+00  0.00000E+00  0.00000E+00  0.00000E+00  0.00000E+00  0.00000E+00  0.00000E+00  0.00000E+00  0.00000E+00  0.00000E+00  0.00000E+00  0.00000E+00  0.00000E+00  0.00000E+00  0.00000E+00
   24553   4  7.79705E-03  7.79705E-03  7.79705E-03  7.79705E-03  7.79705E-03  7.79705E-03  7.79705E-03  7.79705E-03  7.79705E-03  7.79705E-03  7.79705E-03  7.79705E-03  7.79705E-03  3.04729E-02  3.04729E-02  3.04729E-02  3.04729E-02  3.04729E-02  3.04729E-02  3.04729E-02  3.04729E-02  7.79705E-03  7.79705E-03  7.79705E-03
   25259   4  0.00000E+00  0.00000E+00  0.00000E+00  0.00000E+00  0.00000E+00  0.00000E+00  0.00000E+00  0.00000E+00  0.00000E+00  0.00000E+00  0.00000E+00  0.00000E+00  0.00000E+00  0.00000E+00  0.00000E+00  0.00000E+00  0.00000E+00  0.00000E+00  0.00000E+00  0.00000E+00  0.00000E+00  0.00000E+00  0.00000E+00  0.00000E+00
   25259   3  4.26916E-06  4.26916E-06  4.26916E-06  4.26916E-06  4.26916E-06  4.26916E-06  4.26916E-06  4.26916E-06  4.26916E-06  4.26916E-06  4.26916E-06  4.26916E-06  4.26916E-06  4.26916E-06  4.26916E-06  4.26916E-06  4.26916E-06  4.26916E-06  4.26916E-06  4.26916E-06  4.26916E-06  4.26916E-06  4.26916E-06  4.26916E-06
   24906   4  0.00000E+00  0.00000E+00  0.00000E+00  0.00000E+00  0.00000E+00  0.00000E+00  0.00000E+00  0.00000E+00  0.00000E+00  0.00000E+00  0.00000E+00  0.00000E+00  0.00000E+00  0.00000E+00  0.00000E+00  0.00000E+00  0.00000E+00  0.00000E+00  0.00000E+00  0.00000E+00  0.00000E+00  0.00000E+00  0.00000E+00  0.00000E+00
   24201   2  0.00000E+00  0.00000E+00  0.00000E+00  0.00000E+00  0.00000E+00  0.00000E+00  0.00000E+00  0.00000E+00  0.00000E+00  0.00000E+00  0.00000E+00  0.00000E+00  0.00000E+00  0.00000E+00  0.00000E+00  0.00000E+00  0.00000E+00  0.00000E+00  0.00000E+00  0.00000E+00  0.00000E+00  0.00000E+00  0.00000E+00  0.00000E+00
   24201   1  0.00000E+00  0.00000E+00  0.00000E+00  0.00000E+00  0.00000E+00  0.00000E+00  0.00000E+00  0.00000E+00  0.00000E+00  0.00000E+00  0.00000E+00  0.00000E+00  0.00000E+00  0.00000E+00  0.00000E+00  0.00000E+00  0.00000E+00  0.00000E+00  0.00000E+00  0.00000E+00  0.00000E+00  0.00000E+00  0.00000E+00  0.00000E+00
   24554   4  1.23387E-02  1.23387E-02  1.23387E-02  1.23387E-02  1.23387E-02  1.23387E-02  1.23387E-02  1.23387E-02  1.23387E-02  1.23387E-02  1.23387E-02  1.23387E-02  1.23387E-02  1.23387E-02  1.23387E-02  1.23387E-02  1.23387E-02  1.23387E-02  1.23387E-02  1.23387E-02  1.23387E-02  1.23387E-02  1.23387E-02  1.23387E-02
   24904   3  0.00000E+00  0.00000E+00  0.00000E+00  0.00000E+00  0.00000E+00  0.00000E+00  0.00000E+00  0.00000E+00  0.00000E+00  0.00000E+00  0.00000E+00  0.00000E+00  0.00000E+00  0.00000E+00  0.00000E+00  0.00000E+00  0.00000E+00  0.00000E+00  0.00000E+00  0.00000E+00  0.00000E+00  0.00000E+00  0.00000E+00  0.00000E+00
   24904   4  2.35680E-03  2.35680E-03  2.35680E-03  2.35680E-03  2.35680E-03  2.35680E-03  2.35680E-03  2.35680E-03  2.35680E-03  2.35680E-03  2.35680E-03  2.35680E-03  2.35680E-03  2.35680E-03  2.35680E-03  2.35680E-03  2.35680E-03  2.35680E-03  2.35680E-03  2.35680E-03  2.35680E-03  2.35680E-03  2.35680E-03  2.35680E-03
   25257   4  3.23290E-02  3.23290E-02  3.23290E-02  3.23290E-02  3.23290E-02  3.23290E-02  3.23290E-02  3.23290E-02  3.23290E-02  3.23290E-02  3.23290E-02  3.23290E-02  3.23290E-02  3.23290E-02  3.23290E-02  3.23290E-02  3.23290E-02  3.23290E-02  3.23290E-02  3.23290E-02  3.23290E-02  3.23290E-02  3.23290E-02  3.23290E-02
   25257   3  0.00000E+00  0.00000E+00  0.00000E+00  0.00000E+00  0.00000E+00  0.00000E+00  0.00000E+00  0.00000E+00  0.00000E+00  0.00000E+00  0.00000E+00  0.00000E+00  0.00000E+00  0.00000E+00  0.00000E+00  0.00000E+00  0.00000E+00  0.00000E+00  0.00000E+00  0.00000E+00  0.00000E+00  0.00000E+00  0.00000E+00  0.00000E+00
   24904   7  0.00000E+00  0.00000E+00  0.00000E+00  0.00000E+00  0.00000E+00  0.00000E+00  0.00000E+00  0.00000E+00  0.00000E+00  0.00000E+00  0.00000E+00  0.00000E+00  0.00000E+00  0.00000E+00  0.00000E+00  0.00000E+00  0.00000E+00  0.00000E+00  0.00000E+00  0.00000E+00  0.00000E+00  0.00000E+00  0.00000E+00  0.00000E+00
   24904   1  0.00000E+00  0.00000E+00  0.00000E+00  0.00000E+00  0.00000E+00  0.00000E+00  0.00000E+00  0.00000E+00  0.00000E+00  0.00000E+00  0.00000E+00  0.00000E+00  0.00000E+00  0.00000E+00  0.00000E+00  0.00000E+00  0.00000E+00  0.00000E+00  0.00000E+00  0.00000E+00  0.00000E+00  0.00000E+00  0.00000E+00  0.00000E+00
   23850   3  4.55230E-04  4.55230E-04  4.55230E-04  4.55230E-04  4.55230E-04  4.55230E-04  4.55230E-04  4.55230E-04  4.55230E-04  4.55230E-04  4.55230E-04  4.55230E-04  4.55230E-04  4.55885E-04  4.55885E-04  4.55885E-04  4.55885E-04  4.55885E-04  4.55885E-04  4.55885E-04  4.55885E-04  4.55230E-04  4.55230E-04  4.55230E-04
   23850   4  2.27688E-05  2.27688E-05  2.27688E-05  2.27688E-05  2.27688E-05  2.27688E-05  2.27688E-05  2.27688E-05  2.27688E-05  2.27688E-05  2.27688E-05  2.27688E-05  2.27688E-05  2.27688E-05  2.27688E-05  2.27688E-05  2.27688E-05  2.27688E-05  2.27688E-05  2.27688E-05  2.27688E-05  2.27688E-05  2.27688E-05  2.27688E-05
   25616   4  0.00000E+00  0.00000E+00  0.00000E+00  0.00000E+00  0.00000E+00  0.00000E+00  0.00000E+00  0.00000E+00  0.00000E+00  0.00000E+00  0.00000E+00  0.00000E+00  0.00000E+00  0.00000E+00  0.00000E+00  0.00000E+00  0.00000E+00  0.00000E+00  0.00000E+00  0.00000E+00  0.00000E+00  0.00000E+00  0.00000E+00  0.00000E+00
   27883   2  0.00000E+00  0.00000E+00  0.00000E+00  0.00000E+00  0.00000E+00  0.00000E+00  0.00000E+00  0.00000E+00  0.00000E+00  0.00000E+00  0.00000E+00  0.00000E+00  0.00000E+00  0.00000E+00  0.00000E+00  0.00000E+00  0.00000E+00  0.00000E+00  0.00000E+00  0.00000E+00  0.00000E+00  0.00000E+00  0.00000E+00  0.00000E+00
   18690   2  0.00000E+00  0.00000E+00  0.00000E+00  0.00000E+00  0.00000E+00  0.00000E+00  0.00000E+00  0.00000E+00  0.00000E+00  0.00000E+00  0.00000E+00  0.00000E+00  0.00000E+00  0.00000E+00  0.00000E+00  0.00000E+00  0.00000E+00  0.00000E+00  0.00000E+00  0.00000E+00  0.00000E+00  0.00000E+00  0.00000E+00  0.00000E+00
   19395   3  0.00000E+00  0.00000E+00  0.00000E+00  0.00000E+00  0.00000E+00  0.00000E+00  0.00000E+00  0.00000E+00  0.00000E+00  0.00000E+00  0.00000E+00  0.00000E+00  0.00000E+00  0.00000E+00  0.00000E+00  0.00000E+00  0.00000E+00  0.00000E+00  0.00000E+00  0.00000E+00  0.00000E+00  0.00000E+00  0.00000E+00  0.00000E+00
   19395   2  0.00000E+00  0.00000E+00  0.00000E+00  0.00000E+00  0.00000E+00  0.00000E+00  0.00000E+00  0.00000E+00  0.00000E+00  0.00000E+00  0.00000E+00  0.00000E+00  0.00000E+00  0.00000E+00  0.00000E+00  0.00000E+00  0.00000E+00  0.00000E+00  0.00000E+00  0.00000E+00  0.00000E+00  0.00000E+00  0.00000E+00  0.00000E+00
   30002   2  0.00000E+00  0.00000E+00  0.00000E+00  0.00000E+00  0.00000E+00  0.00000E+00  0.00000E+00  0.00000E+00  0.00000E+00  0.00000E+00  0.00000E+00  0.00000E+00  0.00000E+00  0.00000E+00  0.00000E+00  0.00000E+00  0.00000E+00  0.00000E+00  0.00000E+00  0.00000E+00  0.00000E+00  0.00000E+00  0.00000E+00  0.00000E+00
   30355   1  0.00000E+00  0.00000E+00  0.00000E+00  0.00000E+00  0.00000E+00  0.00000E+00  0.00000E+00  0.00000E+00  0.00000E+00  0.00000E+00  0.00000E+00  0.00000E+00  0.00000E+00  0.00000E+00  0.00000E+00  0.00000E+00  0.00000E+00  0.00000E+00  0.00000E+00  0.00000E+00  0.00000E+00  0.00000E+00  0.00000E+00  0.00000E+00
   29995   4  0.00000E+00  0.00000E+00  0.00000E+00  0.00000E+00  0.00000E+00  0.00000E+00  0.00000E+00  0.00000E+00  0.00000E+00  0.00000E+00  0.00000E+00  0.00000E+00  0.00000E+00  0.00000E+00  0.00000E+00  0.00000E+00  0.00000E+00  0.00000E+00  0.00000E+00  0.00000E+00  0.00000E+00  0.00000E+00  0.00000E+00  0.00000E+00
   31274   3  0.00000E+00  0.00000E+00  0.00000E+00  0.00000E+00  0.00000E+00  0.00000E+00  0.00000E+00  0.00000E+00  0.00000E+00  0.00000E+00  0.00000E+00  0.00000E+00  0.00000E+00  0.00000E+00  0.00000E+00  0.00000E+00  0.00000E+00  0.00000E+00  0.00000E+00  0.00000E+00  0.00000E+00  0.00000E+00  0.00000E+00  0.00000E+00
   31274   4  0.00000E+00  0.00000E+00  0.00000E+00  0.00000E+00  0.00000E+00  0.00000E+00  0.00000E+00  0.00000E+00  0.00000E+00  0.00000E+00  0.00000E+00  0.00000E+00  0.00000E+00  0.00000E+00  0.00000E+00  0.00000E+00  0.00000E+00  0.00000E+00  0.00000E+00  0.00000E+00  0.00000E+00  0.00000E+00  0.00000E+00  0.00000E+00
   31274   2  0.00000E+00  0.00000E+00  0.00000E+00  0.00000E+00  0.00000E+00  0.00000E+00  0.00000E+00  0.00000E+00  0.00000E+00  0.00000E+00  0.00000E+00  0.00000E+00  0.00000E+00  0.00000E+00  0.00000E+00  0.00000E+00  0.00000E+00  0.00000E+00  0.00000E+00  0.00000E+00  0.00000E+00  0.00000E+00  0.00000E+00  0.00000E+00
   30921   4  0.00000E+00  0.00000E+00  0.00000E+00  0.00000E+00  0.00000E+00  0.00000E+00  0.00000E+00  0.00000E+00  0.00000E+00  0.00000E+00  0.00000E+00  0.00000E+00  0.00000E+00  0.00000E+00  0.00000E+00  0.00000E+00  0.00000E+00  0.00000E+00  0.00000E+00  0.00000E+00  0.00000E+00  0.00000E+00  0.00000E+00  0.00000E+00
   31274   7  0.00000E+00  0.00000E+00  0.00000E+00  0.00000E+00  0.00000E+00  0.00000E+00  0.00000E+00  0.00000E+00  0.00000E+00  0.00000E+00  0.00000E+00  0.00000E+00  0.00000E+00  0.00000E+00  0.00000E+00  0.00000E+00  0.00000E+00  0.00000E+00  0.00000E+00  0.00000E+00  0.00000E+00  0.00000E+00  0.00000E+00  0.00000E+00
   35839   3  0.00000E+00  0.00000E+00  0.00000E+00  0.00000E+00  0.00000E+00  0.00000E+00  0.00000E+00  0.00000E+00  0.00000E+00  0.00000E+00  0.00000E+00  0.00000E+00  0.00000E+00  0.00000E+00  0.00000E+00  0.00000E+00  0.00000E+00  0.00000E+00  0.00000E+00  0.00000E+00  0.00000E+00  0.00000E+00  0.00000E+00  0.00000E+00
   37257   7  0.00000E+00  0.00000E+00  0.00000E+00  0.00000E+00  0.00000E+00  0.00000E+00  0.00000E+00  0.00000E+00  0.00000E+00  0.00000E+00  0.00000E+00  0.00000E+00  0.00000E+00  0.00000E+00  0.00000E+00  0.00000E+00  0.00000E+00  0.00000E+00  0.00000E+00  0.00000E+00  0.00000E+00  0.00000E+00  0.00000E+00  0.00000E+00
   31605   4  2.52944E-02  2.52944E-02  2.52944E-02  2.52944E-02  2.52944E-02  2.52944E-02  2.52944E-02  2.52944E-02  2.52944E-02  2.52944E-02  2.52944E-02  2.52944E-02  2.52944E-02  2.52944E-02  2.52944E-02  2.52944E-02  2.52944E-02  2.52944E-02  2.52944E-02  2.52944E-02  2.52944E-02  2.52944E-02  2.52944E-02  2.52944E-02
   31252   3  0.00000E+00  0.00000E+00  0.00000E+00  0.00000E+00  0.00000E+00  0.00000E+00  0.00000E+00  0.00000E+00  0.00000E+00  0.00000E+00  0.00000E+00  0.00000E+00  0.00000E+00  0.00000E+00  0.00000E+00  0.00000E+00  0.00000E+00  0.00000E+00  0.00000E+00  0.00000E+00  0.00000E+00  0.00000E+00  0.00000E+00  0.00000E+00
   31958   4  4.34546E-05  4.34546E-05  4.34546E-05  4.34546E-05  4.34546E-05  4.34546E-05  4.34546E-05  4.34546E-05  4.34546E-05  4.34546E-05  4.34546E-05  4.34546E-05  4.34546E-05  4.34546E-05  4.34546E-05  4.34546E-05  4.34546E-05  4.34546E-05  4.34546E-05  4.34546E-05  4.34546E-05  4.34546E-05  4.34546E-05  4.34546E-05
   31252   2  1.20219E-04  1.20219E-04  1.20219E-04  1.20219E-04  1.20219E-04  1.20219E-04  1.20219E-04  1.20219E-04  1.20219E-04  1.20219E-04  1.20219E-04  1.20219E-04  1.20219E-04  1.20219E-04  1.20219E-04  1.20219E-04  1.20219E-04  1.20219E-04  1.20219E-04  1.20219E-04  1.20219E-04  1.20219E-04  1.20219E-04  1.20219E-04
   31253   7  0.00000E+00  0.00000E+00  0.00000E+00  0.00000E+00  0.00000E+00  0.00000E+00  0.00000E+00  0.00000E+00  0.00000E+00  0.00000E+00  0.00000E+00  0.00000E+00  0.00000E+00  1.34745E-03  1.34745E-03  1.34745E-03  1.34745E-03  1.34745E-03  1.34745E-03  1.34745E-03  1.34745E-03  0.00000E+00  0.00000E+00  0.00000E+00
   31605   3  0.00000E+00  0.00000E+00  0.00000E+00  0.00000E+00  0.00000E+00  0.00000E+00  0.00000E+00  0.00000E+00  0.00000E+00  0.00000E+00  0.00000E+00  0.00000E+00  0.00000E+00  0.00000E+00  0.00000E+00  0.00000E+00  0.00000E+00  0.00000E+00  0.00000E+00  0.00000E+00  0.00000E+00  0.00000E+00  0.00000E+00  0.00000E+00
   31958   3  5.77594E-05  5.77594E-05  5.77594E-05  5.77594E-05  5.77594E-05  5.77594E-05  5.77594E-05  5.77594E-05  5.77594E-05  5.77594E-05  5.77594E-05  5.77594E-05  5.77594E-05  5.77594E-05  5.77594E-05  5.77594E-05  5.77594E-05  5.77594E-05  5.77594E-05  5.77594E-05  5.77594E-05  5.77594E-05  5.77594E-05  5.77594E-05
   31958   5  0.00000E+00  0.00000E+00  0.00000E+00  0.00000E+00  0.00000E+00  0.00000E+00  0.00000E+00  0.00000E+00  0.00000E+00  0.00000E+00  0.00000E+00  0.00000E+00  0.00000E+00  0.00000E+00  0.00000E+00  0.00000E+00  0.00000E+00  0.00000E+00  0.00000E+00  0.00000E+00  0.00000E+00  0.00000E+00  0.00000E+00  0.00000E+00
   31252   4  4.09610E-04  4.09610E-04  4.09610E-04  4.09610E-04  4.09610E-04  4.09610E-04  4.09610E-04  4.09610E-04  4.09610E-04  4.09610E-04  4.09610E-04  4.09610E-04  4.09610E-04  4.09610E-04  4.09610E-04  4.09610E-04  4.09610E-04  4.09610E-04  4.09610E-04  4.09610E-04  4.09610E-04  4.09610E-04  4.09610E-04  4.09610E-04
   31604   4  6.89430E-03  6.89430E-03  6.89430E-03  6.89430E-03  6.89430E-03  6.89430E-03  6.89430E-03  6.89430E-03  6.89430E-03  6.89430E-03  6.89430E-03  6.89430E-03  6.89430E-03  6.89430E-03  6.89430E-03  6.89430E-03  6.89430E-03  6.89430E-03  6.89430E-03  6.89430E-03  6.89430E-03  6.89430E-03  6.89430E-03  6.89430E-03
   31604   1  2.98720E-04  2.98720E-04  2.98720E-04  2.98720E-04  2.98720E-04  2.98720E-04  2.98720E-04  2.98720E-04  2.98720E-04  2.98720E-04  2.98720E-04  2.98720E-04  2.98720E-04  2.98720E-04  2.98720E-04  2.98720E-04  2.98720E-04  2.98720E-04  2.98720E-04  2.98720E-04  2.98720E-04  2.98720E-04  2.98720E-04  2.98720E-04
   31605   2  3.80153E-04  3.80153E-04  3.80153E-04  3.80153E-04  3.80153E-04  3.80153E-04  3.80153E-04  3.80153E-04  3.80153E-04  3.80153E-04  3.80153E-04  3.80153E-04  3.80153E-04  3.80153E-04  3.80153E-04  3.80153E-04  3.80153E-04  3.80153E-04  3.80153E-04  3.80153E-04  3.80153E-04  3.80153E-04  3.80153E-04  3.80153E-04
   31958   7  0.00000E+00  0.00000E+00  0.00000E+00  0.00000E+00  0.00000E+00  0.00000E+00  0.00000E+00  0.00000E+00  0.00000E+00  0.00000E+00  0.00000E+00  0.00000E+00  0.00000E+00  0.00000E+00  0.00000E+00  0.00000E+00  0.00000E+00  0.00000E+00  0.00000E+00  0.00000E+00  0.00000E+00  0.00000E+00  0.00000E+00  0.00000E+00
   31253   4  3.59355E-04  3.59355E-04  3.59355E-04  3.59355E-04  3.59355E-04  3.59355E-04  3.59355E-04  3.59355E-04  3.59355E-04  3.59355E-04  3.59355E-04  3.59355E-04  3.59355E-04  3.59355E-04  3.59355E-04  3.59355E-04  3.59355E-04  3.59355E-04  3.59355E-04  3.59355E-04  3.59355E-04  3.59355E-04  3.59355E-04  3.59355E-04
   31959   3  1.26735E-06  1.26735E-06  1.26735E-06  1.26735E-06  1.26735E-06  0.00000E+00  0.00000E+00  0.00000E+00  0.00000E+00  0.00000E+00  0.00000E+00  0.00000E+00  0.00000E+00  1.26735E-06  1.26735E-06  1.26735E-06  1.26735E-06  1.26735E-06  1.26735E-06  1.26735E-06  1.26735E-06  1.26735E-06  1.26735E-06  1.26735E-06
   31959   4  0.00000E+00  0.00000E+00  0.00000E+00  0.00000E+00  0.00000E+00  0.00000E+00  0.00000E+00  0.00000E+00  0.00000E+00  0.00000E+00  0.00000E+00  0.00000E+00  0.00000E+00  0.00000E+00  0.00000E+00  0.00000E+00  0.00000E+00  0.00000E+00  0.00000E+00  0.00000E+00  0.00000E+00  0.00000E+00  0.00000E+00  0.00000E+00
   30564   3  0.00000E+00  0.00000E+00  0.00000E+00  0.00000E+00  0.00000E+00  0.00000E+00  0.00000E+00  0.00000E+00  0.00000E+00  0.00000E+00  0.00000E+00  0.00000E+00  0.00000E+00  0.00000E+00  0.00000E+00  0.00000E+00  0.00000E+00  0.00000E+00  0.00000E+00  0.00000E+00  0.00000E+00  0.00000E+00  0.00000E+00  0.00000E+00
   30564   2  0.00000E+00  0.00000E+00  0.00000E+00  0.00000E+00  0.00000E+00  0.00000E+00  0.00000E+00  0.00000E+00  0.00000E+00  0.00000E+00  0.00000E+00  0.00000E+00  0.00000E+00  0.00000E+00  0.00000E+00  0.00000E+00  0.00000E+00  0.00000E+00  0.00000E+00  0.00000E+00  0.00000E+00  0.00000E+00  0.00000E+00  0.00000E+00
   30924   3  3.75120E-04  3.75120E-04  3.75120E-04  3.75120E-04  3.75120E-04  3.75120E-04  3.75120E-04  3.75120E-04  3.75120E-04  3.75120E-04  3.75120E-04  3.75120E-04  3.75120E-04  3.75120E-04  3.75120E-04  3.75120E-04  3.75120E-04  3.75120E-04  3.75120E-04  3.75120E-04  3.75120E-04  3.75120E-04  3.75120E-04  3.75120E-04
   30924   2  0.00000E+00  0.00000E+00  0.00000E+00  0.00000E+00  0.00000E+00  0.00000E+00  0.00000E+00  0.00000E+00  0.00000E+00  0.00000E+00  0.00000E+00  0.00000E+00  0.00000E+00  0.00000E+00  0.00000E+00  0.00000E+00  0.00000E+00  0.00000E+00  0.00000E+00  0.00000E+00  0.00000E+00  0.00000E+00  0.00000E+00  0.00000E+00
   30193   2  0.00000E+00  0.00000E+00  0.00000E+00  0.00000E+00  0.00000E+00  0.00000E+00  0.00000E+00  0.00000E+00  0.00000E+00  0.00000E+00  0.00000E+00  0.00000E+00  0.00000E+00  0.00000E+00  0.00000E+00  0.00000E+00  0.00000E+00  0.00000E+00  0.00000E+00  0.00000E+00  0.00000E+00  0.00000E+00  0.00000E+00  0.00000E+00
   29840   3  0.00000E+00  0.00000E+00  0.00000E+00  0.00000E+00  0.00000E+00  0.00000E+00  0.00000E+00  0.00000E+00  0.00000E+00  0.00000E+00  0.00000E+00  0.00000E+00  0.00000E+00  0.00000E+00  0.00000E+00  0.00000E+00  0.00000E+00  0.00000E+00  0.00000E+00  0.00000E+00  0.00000E+00  0.00000E+00  0.00000E+00  0.00000E+00
   33035   3  0.00000E+00  0.00000E+00  0.00000E+00  0.00000E+00  0.00000E+00  0.00000E+00  0.00000E+00  0.00000E+00  0.00000E+00  0.00000E+00  0.00000E+00  0.00000E+00  0.00000E+00  0.00000E+00  0.00000E+00  0.00000E+00  0.00000E+00  0.00000E+00  0.00000E+00  0.00000E+00  0.00000E+00  0.00000E+00  0.00000E+00  0.00000E+00
   33035   2  0.00000E+00  0.00000E+00  0.00000E+00  0.00000E+00  0.00000E+00  0.00000E+00  0.00000E+00  0.00000E+00  0.00000E+00  0.00000E+00  0.00000E+00  0.00000E+00  0.00000E+00  0.00000E+00  0.00000E+00  0.00000E+00  0.00000E+00  0.00000E+00  0.00000E+00  0.00000E+00  0.00000E+00  0.00000E+00  0.00000E+00  0.00000E+00
   47753   3  2.34037E-05  2.34037E-05  2.34037E-05  2.34037E-05  2.34037E-05  2.34037E-05  2.34037E-05  2.34037E-05  2.34037E-05  2.34037E-05  2.34037E-05  2.34037E-05  2.34037E-05  2.34037E-05  2.34037E-05  2.34037E-05  2.34037E-05  2.34037E-05  2.34037E-05  2.34037E-05  2.34037E-05  2.34037E-05  2.34037E-05  2.34037E-05
   47753   4  1.88609E-04  1.88609E-04  1.88609E-04  1.88609E-04  1.88609E-04  1.88609E-04  1.88609E-04  1.88609E-04  1.88609E-04  1.88609E-04  1.88609E-04  1.88609E-04  1.88609E-04  1.88609E-04  1.88609E-04  1.88609E-04  1.88609E-04  1.88609E-04  1.88609E-04  1.88609E-04  1.88609E-04  1.88609E-04  1.88609E-04  1.88609E-04
   48458   4  1.71906E-04  1.71906E-04  1.71906E-04  1.71906E-04  1.71906E-04  1.71906E-04  1.71906E-04  1.71906E-04  1.71906E-04  1.71906E-04  1.71906E-04  1.71906E-04  1.71906E-04  1.71906E-04  1.71906E-04  1.71906E-04  1.71906E-04  1.71906E-04  1.71906E-04  1.71906E-04  1.71906E-04  1.71906E-04  1.71906E-04  1.71906E-04
   48458   2  0.00000E+00  0.00000E+00  0.00000E+00  0.00000E+00  0.00000E+00  0.00000E+00  0.00000E+00  0.00000E+00  0.00000E+00  0.00000E+00  0.00000E+00  0.00000E+00  0.00000E+00  0.00000E+00  0.00000E+00  0.00000E+00  0.00000E+00  0.00000E+00  0.00000E+00  0.00000E+00  0.00000E+00  0.00000E+00  0.00000E+00  0.00000E+00
   48458   3  0.00000E+00  0.00000E+00  0.00000E+00  0.00000E+00  0.00000E+00  0.00000E+00  0.00000E+00  0.00000E+00  0.00000E+00  0.00000E+00  0.00000E+00  0.00000E+00  0.00000E+00  0.00000E+00  0.00000E+00  0.00000E+00  0.00000E+00  0.00000E+00  0.00000E+00  0.00000E+00  0.00000E+00  0.00000E+00  0.00000E+00  0.00000E+00
   47047   7  0.00000E+00  0.00000E+00  0.00000E+00  0.00000E+00  0.00000E+00  0.00000E+00  0.00000E+00  0.00000E+00  0.00000E+00  0.00000E+00  0.00000E+00  0.00000E+00  0.00000E+00  0.00000E+00  0.00000E+00  0.00000E+00  0.00000E+00  0.00000E+00  0.00000E+00  0.00000E+00  0.00000E+00  0.00000E+00  0.00000E+00  0.00000E+00
   47753   7  0.00000E+00  0.00000E+00  0.00000E+00  0.00000E+00  0.00000E+00  0.00000E+00  0.00000E+00  0.00000E+00  0.00000E+00  0.00000E+00  0.00000E+00  0.00000E+00  0.00000E+00  0.00000E+00  0.00000E+00  0.00000E+00  0.00000E+00  0.00000E+00  0.00000E+00  0.00000E+00  0.00000E+00  0.00000E+00  0.00000E+00  0.00000E+00
   43182   3  8.83387E-06  8.83387E-06  8.83387E-06  8.83387E-06  8.83387E-06  8.83387E-06  8.83387E-06  8.83387E-06  8.83387E-06  8.83387E-06  8.83387E-06  8.83387E-06  8.83387E-06  1.80180E-05  1.80180E-05  1.80180E-05  1.80180E-05  1.80180E-05  1.80180E-05  1.80180E-05  1.80180E-05  8.83387E-06  8.83387E-06  8.83387E-06
   43182   4  3.51385E-04  3.51385E-04  3.51385E-04  3.51385E-04  3.51385E-04  3.51385E-04  3.51385E-04  3.51385E-04  3.51385E-04  3.51385E-04  3.51385E-04  3.51385E-04  3.51385E-04  3.51385E-04  3.51385E-04  3.51385E-04  3.51385E-04  3.51385E-04  3.51385E-04  3.51385E-04  3.51385E-04  3.51385E-04  3.51385E-04  3.51385E-04
   43182   8  0.00000E+00  0.00000E+00  0.00000E+00  0.00000E+00  0.00000E+00  0.00000E+00  0.00000E+00  0.00000E+00  0.00000E+00  0.00000E+00  0.00000E+00  0.00000E+00  0.00000E+00  0.00000E+00  0.00000E+00  0.00000E+00  0.00000E+00  0.00000E+00  0.00000E+00  0.00000E+00  0.00000E+00  0.00000E+00  0.00000E+00  0.00000E+00
   42477   3  0.00000E+00  0.00000E+00  0.00000E+00  0.00000E+00  0.00000E+00  0.00000E+00  0.00000E+00  0.00000E+00  0.00000E+00  0.00000E+00  0.00000E+00  0.00000E+00  0.00000E+00  0.00000E+00  0.00000E+00  0.00000E+00  0.00000E+00  0.00000E+00  0.00000E+00  0.00000E+00  0.00000E+00  0.00000E+00  0.00000E+00  0.00000E+00
   42477   2  0.00000E+00  0.00000E+00  0.00000E+00  0.00000E+00  0.00000E+00  0.00000E+00  0.00000E+00  0.00000E+00  0.00000E+00  0.00000E+00  0.00000E+00  0.00000E+00  0.00000E+00  0.00000E+00  0.00000E+00  0.00000E+00  0.00000E+00  0.00000E+00  0.00000E+00  0.00000E+00  0.00000E+00  0.00000E+00  0.00000E+00  0.00000E+00
   43182   7  0.00000E+00  0.00000E+00  0.00000E+00  0.00000E+00  0.00000E+00  0.00000E+00  0.00000E+00  0.00000E+00  0.00000E+00  0.00000E+00  0.00000E+00  0.00000E+00  0.00000E+00  0.00000E+00  0.00000E+00  0.00000E+00  0.00000E+00  0.00000E+00  0.00000E+00  0.00000E+00  0.00000E+00  0.00000E+00  0.00000E+00  0.00000E+00
   50582   3  6.23636E-04  6.23636E-04  6.23636E-04  6.23636E-04  6.23636E-04  6.23636E-04  6.23636E-04  6.23636E-04  6.23636E-04  6.23636E-04  6.23636E-04  6.23636E-04  6.23636E-04  6.23636E-04  6.23636E-04  6.23636E-04  6.23636E-04  6.23636E-04  6.23636E-04  6.23636E-04  6.23636E-04  6.23636E-04  6.23636E-04  6.23636E-04
   46700   3  1.05634E-05  1.05634E-05  1.05634E-05  1.05634E-05  1.05634E-05  1.05634E-05  1.05634E-05  1.05634E-05  1.05634E-05  1.05634E-05  1.05634E-05  1.05634E-05  1.05634E-05  1.05634E-05  1.05634E-05  1.05634E-05  1.05634E-05  1.05634E-05  1.05634E-05  1.05634E-05  1.05634E-05  1.05634E-05  1.05634E-05  1.05634E-05
   36485   4  0.00000E+00  0.00000E+00  0.00000E+00  0.00000E+00  0.00000E+00  0.00000E+00  0.00000E+00  0.00000E+00  0.00000E+00  0.00000E+00  0.00000E+00  0.00000E+00  0.00000E+00  0.00000E+00  0.00000E+00  0.00000E+00  0.00000E+00  0.00000E+00  0.00000E+00  0.00000E+00  0.00000E+00  0.00000E+00  0.00000E+00  0.00000E+00
   36485   6  0.00000E+00  0.00000E+00  0.00000E+00  0.00000E+00  0.00000E+00  0.00000E+00  0.00000E+00  0.00000E+00  0.00000E+00  0.00000E+00  0.00000E+00  0.00000E+00  0.00000E+00  0.00000E+00  0.00000E+00  0.00000E+00  0.00000E+00  0.00000E+00  0.00000E+00  0.00000E+00  0.00000E+00  0.00000E+00  0.00000E+00  0.00000E+00
   36485   5  0.00000E+00  0.00000E+00  0.00000E+00  0.00000E+00  0.00000E+00  0.00000E+00  0.00000E+00  0.00000E+00  0.00000E+00  0.00000E+00  0.00000E+00  0.00000E+00  0.00000E+00  0.00000E+00  0.00000E+00  0.00000E+00  0.00000E+00  0.00000E+00  0.00000E+00  0.00000E+00  0.00000E+00  0.00000E+00  0.00000E+00  0.00000E+00
   36485   3  0.00000E+00  0.00000E+00  0.00000E+00  0.00000E+00  0.00000E+00  0.00000E+00  0.00000E+00  0.00000E+00  0.00000E+00  0.00000E+00  0.00000E+00  0.00000E+00  0.00000E+00  0.00000E+00  0.00000E+00  0.00000E+00  0.00000E+00  0.00000E+00  0.00000E+00  0.00000E+00  0.00000E+00  0.00000E+00  0.00000E+00  0.00000E+00
   36485   2  0.00000E+00  0.00000E+00  0.00000E+00  0.00000E+00  0.00000E+00  0.00000E+00  0.00000E+00  0.00000E+00  0.00000E+00  0.00000E+00  0.00000E+00  0.00000E+00  0.00000E+00  0.00000E+00  0.00000E+00  0.00000E+00  0.00000E+00  0.00000E+00  0.00000E+00  0.00000E+00  0.00000E+00  0.00000E+00  0.00000E+00  0.00000E+00
   37192   2  0.00000E+00  0.00000E+00  0.00000E+00  0.00000E+00  0.00000E+00  0.00000E+00  0.00000E+00  0.00000E+00  0.00000E+00  0.00000E+00  0.00000E+00  0.00000E+00  0.00000E+00  0.00000E+00  0.00000E+00  0.00000E+00  0.00000E+00  0.00000E+00  0.00000E+00  0.00000E+00  0.00000E+00  0.00000E+00  0.00000E+00  0.00000E+00
   36485   7  0.00000E+00  0.00000E+00  0.00000E+00  0.00000E+00  0.00000E+00  0.00000E+00  0.00000E+00  0.00000E+00  0.00000E+00  0.00000E+00  0.00000E+00  0.00000E+00  0.00000E+00  0.00000E+00  0.00000E+00  0.00000E+00  0.00000E+00  0.00000E+00  0.00000E+00  0.00000E+00  0.00000E+00  0.00000E+00  0.00000E+00  0.00000E+00
   35437   3  0.00000E+00  0.00000E+00  0.00000E+00  0.00000E+00  0.00000E+00  0.00000E+00  0.00000E+00  0.00000E+00  0.00000E+00  0.00000E+00  0.00000E+00  0.00000E+00  0.00000E+00  0.00000E+00  0.00000E+00  0.00000E+00  0.00000E+00  0.00000E+00  0.00000E+00  0.00000E+00  0.00000E+00  0.00000E+00  0.00000E+00  0.00000E+00
   46351   7  0.00000E+00  0.00000E+00  0.00000E+00  0.00000E+00  0.00000E+00  0.00000E+00  0.00000E+00  0.00000E+00  0.00000E+00  0.00000E+00  0.00000E+00  0.00000E+00  0.00000E+00  0.00000E+00  0.00000E+00  0.00000E+00  0.00000E+00  0.00000E+00  0.00000E+00  0.00000E+00  0.00000E+00  0.00000E+00  0.00000E+00  0.00000E+00
   39310   3  4.45728E-07  4.45728E-07  4.45728E-07  4.45728E-07  4.45728E-07  4.45728E-07  4.45728E-07  4.45728E-07  4.45728E-07  4.45728E-07  4.45728E-07  4.45728E-07  4.45728E-07  4.45728E-07  4.45728E-07  4.45728E-07  4.45728E-07  4.45728E-07  4.45728E-07  4.45728E-07  4.45728E-07  4.45728E-07  4.45728E-07  4.45728E-07
   43177   3  0.00000E+00  0.00000E+00  0.00000E+00  0.00000E+00  0.00000E+00  0.00000E+00  0.00000E+00  0.00000E+00  0.00000E+00  0.00000E+00  0.00000E+00  0.00000E+00  0.00000E+00  0.00000E+00  0.00000E+00  0.00000E+00  0.00000E+00  0.00000E+00  0.00000E+00  0.00000E+00  0.00000E+00  0.00000E+00  0.00000E+00  0.00000E+00
   43177   2  0.00000E+00  0.00000E+00  0.00000E+00  0.00000E+00  0.00000E+00  0.00000E+00  0.00000E+00  0.00000E+00  0.00000E+00  0.00000E+00  0.00000E+00  0.00000E+00  0.00000E+00  0.00000E+00  0.00000E+00  0.00000E+00  0.00000E+00  0.00000E+00  0.00000E+00  0.00000E+00  0.00000E+00  0.00000E+00  0.00000E+00  0.00000E+00
   15453   3  4.67889E-01  4.67889E-01  4.67889E-01  4.67889E-01  4.67889E-01  4.67889E-01  4.67889E-01  4.67889E-01  4.67889E-01  4.67889E-01  4.67889E-01  4.67889E-01  4.67889E-01  4.67889E-01  4.67889E-01  4.67889E-01  4.67889E-01  4.67889E-01  4.67889E-01  4.67889E-01  4.67889E-01  4.67889E-01  4.67889E-01  4.67889E-01
   15453   2  0.00000E+00  0.00000E+00  0.00000E+00  0.00000E+00  0.00000E+00  0.00000E+00  0.00000E+00  0.00000E+00  0.00000E+00  0.00000E+00  0.00000E+00  0.00000E+00  0.00000E+00  0.00000E+00  0.00000E+00  0.00000E+00  0.00000E+00  0.00000E+00  0.00000E+00  0.00000E+00  0.00000E+00  0.00000E+00  0.00000E+00  0.00000E+00
   15098   3  2.82300E-05  2.82300E-05  2.82300E-05  2.82300E-05  2.82300E-05  2.82300E-05  2.82300E-05  2.82300E-05  2.82300E-05  2.82300E-05  2.82300E-05  2.82300E-05  2.82300E-05  2.82300E-05  2.82300E-05  2.82300E-05  2.82300E-05  2.82300E-05  2.82300E-05  2.82300E-05  2.82300E-05  2.82300E-05  2.82300E-05  2.82300E-05
   15450   3  2.25569E-04  2.25569E-04  2.25569E-04  2.25569E-04  2.25569E-04  2.25569E-04  2.25569E-04  2.25569E-04  2.25569E-04  2.25569E-04  2.25569E-04  2.25569E-04  2.25569E-04  2.25569E-04  2.25569E-04  2.25569E-04  2.25569E-04  2.25569E-04  2.25569E-04  2.25569E-04  2.25569E-04  2.25569E-04  2.25569E-04  2.25569E-04
   15808   3  1.01238E-01  1.01238E-01  1.01238E-01  1.01238E-01  1.01238E-01  1.01238E-01  1.01238E-01  1.01238E-01  1.01238E-01  1.01238E-01  1.01238E-01  1.01238E-01  1.01238E-01  1.01238E-01  1.01238E-01  1.01238E-01  1.01238E-01  1.01238E-01  1.01238E-01  1.01238E-01  1.01238E-01  1.01238E-01  1.01238E-01  1.01238E-01
   16524   3  8.16107E-04  8.16107E-04  8.16107E-04  8.16107E-04  8.16107E-04  8.16107E-04  8.16107E-04  8.16107E-04  8.16107E-04  8.16107E-04  8.16107E-04  8.16107E-04  8.16107E-04  8.16107E-04  8.16107E-04  8.16107E-04  8.16107E-04  8.16107E-04  8.16107E-04  8.16107E-04  8.16107E-04  8.16107E-04  8.16107E-04  8.16107E-04
   14756   5  0.00000E+00  0.00000E+00  0.00000E+00  0.00000E+00  0.00000E+00  0.00000E+00  0.00000E+00  0.00000E+00  0.00000E+00  0.00000E+00  0.00000E+00  0.00000E+00  0.00000E+00  0.00000E+00  0.00000E+00  0.00000E+00  0.00000E+00  0.00000E+00  0.00000E+00  0.00000E+00  0.00000E+00  0.00000E+00  0.00000E+00  0.00000E+00
   14756   4  5.52810E-06  5.52810E-06  5.52810E-06  5.52810E-06  5.52810E-06  5.52810E-06  5.52810E-06  5.52810E-06  5.52810E-06  5.52810E-06  5.52810E-06  5.52810E-06  5.52810E-06  5.52810E-06  5.52810E-06  5.52810E-06  5.52810E-06  5.52810E-06  5.52810E-06  5.52810E-06  5.52810E-06  5.52810E-06  5.52810E-06  5.52810E-06
   14756   3  5.51396E-02  5.51396E-02  5.51396E-02  5.51396E-02  5.51396E-02  5.51396E-02  5.51396E-02  5.51396E-02  5.51396E-02  5.51396E-02  5.51396E-02  5.51396E-02  5.51396E-02  5.51396E-02  5.51396E-02  5.51396E-02  5.51396E-02  5.51396E-02  5.51396E-02  5.51396E-02  5.51396E-02  5.51396E-02  5.51396E-02  5.51396E-02
   14756   1  0.00000E+00  0.00000E+00  0.00000E+00  0.00000E+00  0.00000E+00  0.00000E+00  0.00000E+00  0.00000E+00  0.00000E+00  0.00000E+00  0.00000E+00  0.00000E+00  0.00000E+00  0.00000E+00  0.00000E+00  0.00000E+00  0.00000E+00  0.00000E+00  0.00000E+00  0.00000E+00  0.00000E+00  0.00000E+00  0.00000E+00  0.00000E+00
   14756   2  0.00000E+00  0.00000E+00  0.00000E+00  0.00000E+00  0.00000E+00  0.00000E+00  0.00000E+00  0.00000E+00  0.00000E+00  0.00000E+00  0.00000E+00  0.00000E+00  0.00000E+00  0.00000E+00  0.00000E+00  0.00000E+00  0.00000E+00  0.00000E+00  0.00000E+00  0.00000E+00  0.00000E+00  0.00000E+00  0.00000E+00  0.00000E+00
   14756   7  0.00000E+00  0.00000E+00  0.00000E+00  0.00000E+00  0.00000E+00  0.00000E+00  0.00000E+00  0.00000E+00  0.00000E+00  0.00000E+00  0.00000E+00  0.00000E+00  0.00000E+00  0.00000E+00  0.00000E+00  0.00000E+00  0.00000E+00  0.00000E+00  0.00000E+00  0.00000E+00  0.00000E+00  0.00000E+00  0.00000E+00  0.00000E+00
   15810   3  8.91409E-04  8.91409E-04  8.91409E-04  8.91409E-04  8.91409E-04  8.91409E-04  8.91409E-04  8.91409E-04  8.91409E-04  8.91409E-04  8.91409E-04  8.91409E-04  8.91409E-04  8.91409E-04  8.91409E-04  8.91409E-04  8.91409E-04  8.91409E-04  8.91409E-04  8.91409E-04  8.91409E-04  8.91409E-04  8.91409E-04  8.91409E-04
   16516   3  2.36976E-04  2.36976E-04  2.36976E-04  2.36976E-04  2.36976E-04  2.36976E-04  2.36976E-04  2.36976E-04  2.36976E-04  2.36976E-04  2.36976E-04  2.36976E-04  2.36976E-04  2.36976E-04  2.36976E-04  2.36976E-04  2.36976E-04  2.36976E-04  2.36976E-04  2.36976E-04  2.36976E-04  2.36976E-04  2.36976E-04  2.36976E-04
   16161   3  8.54565E-05  8.54565E-05  8.54565E-05  8.54565E-05  8.54565E-05  8.54565E-05  8.54565E-05  8.54565E-05  8.54565E-05  8.54565E-05  8.54565E-05  8.54565E-05  8.54565E-05  8.54565E-05  8.54565E-05  8.54565E-05  8.54565E-05  8.54565E-05  8.54565E-05  8.54565E-05  8.54565E-05  8.54565E-05  8.54565E-05  8.54565E-05
   16162   3  1.80849E-01  1.80849E-01  1.80849E-01  1.80849E-01  1.80849E-01  1.80849E-01  1.80849E-01  1.80849E-01  1.80849E-01  1.80849E-01  1.80849E-01  1.80849E-01  1.80849E-01  1.80849E-01  1.80849E-01  1.80849E-01  1.80849E-01  1.80849E-01  1.80849E-01  1.80849E-01  1.80849E-01  1.80849E-01  1.80849E-01  1.80849E-01
   15105   3  5.64728E-01  5.64728E-01  5.64728E-01  5.64728E-01  5.64728E-01  5.64728E-01  5.64728E-01  5.64728E-01  5.64728E-01  5.64728E-01  5.64728E-01  5.64728E-01  5.64728E-01  5.64728E-01  5.64728E-01  5.64728E-01  5.64728E-01  5.64728E-01  5.64728E-01  5.64728E-01  5.64728E-01  5.64728E-01  5.64728E-01  5.64728E-01
   15104   3  1.87716E-03  1.87716E-03  1.87716E-03  1.87716E-03  1.87716E-03  1.87716E-03  1.87716E-03  1.87716E-03  1.87716E-03  1.87716E-03  1.87716E-03  1.87716E-03  1.87716E-03  1.87716E-03  1.87716E-03  1.87716E-03  1.87716E-03  1.87716E-03  1.87716E-03  1.87716E-03  1.87716E-03  1.87716E-03  1.87716E-03  1.87716E-03
   13688   3  2.79203E-01  2.79203E-01  2.79203E-01  2.79203E-01  2.79203E-01  2.79203E-01  2.79203E-01  2.79203E-01  2.79203E-01  2.79203E-01  2.79203E-01  2.79203E-01  2.79203E-01  2.79203E-01  2.79203E-01  2.79203E-01  2.79203E-01  2.79203E-01  2.79203E-01  2.79203E-01  2.79203E-01  2.79203E-01  2.79203E-01  2.79203E-01
   13688   4  1.69020E-02  1.69020E-02  1.69020E-02  1.69020E-02  1.69020E-02  1.69020E-02  1.69020E-02  1.69020E-02  1.69020E-02  1.69020E-02  1.69020E-02  1.69020E-02  1.69020E-02  1.69020E-02  1.69020E-02  1.69020E-02  1.69020E-02  1.69020E-02  1.69020E-02  1.69020E-02  1.69020E-02  1.69020E-02  1.69020E-02  1.69020E-02
   14743   3  2.13614E-05  2.13614E-05  2.13614E-05  2.13614E-05  2.13614E-05  2.13614E-05  2.13614E-05  2.13614E-05  2.13614E-05  2.13614E-05  2.13614E-05  2.13614E-05  2.13614E-05  2.13614E-05  2.13614E-05  2.13614E-05  2.13614E-05  2.13614E-05  2.13614E-05  2.13614E-05  2.13614E-05  2.13614E-05  2.13614E-05  2.13614E-05
   15813   3  4.21761E-02  4.21761E-02  4.21761E-02  4.21761E-02  4.21761E-02  4.21761E-02  4.21761E-02  4.21761E-02  4.21761E-02  4.21761E-02  4.21761E-02  4.21761E-02  4.21761E-02  4.21761E-02  4.21761E-02  4.21761E-02  4.21761E-02  4.21761E-02  4.21761E-02  4.21761E-02  4.21761E-02  4.21761E-02  4.21761E-02  4.21761E-02
   14408   4  0.00000E+00  0.00000E+00  0.00000E+00  0.00000E+00  0.00000E+00  0.00000E+00  0.00000E+00  0.00000E+00  0.00000E+00  0.00000E+00  0.00000E+00  0.00000E+00  0.00000E+00  0.00000E+00  0.00000E+00  0.00000E+00  0.00000E+00  0.00000E+00  0.00000E+00  0.00000E+00  0.00000E+00  0.00000E+00  0.00000E+00  0.00000E+00
   14053   3  3.27250E-05  3.27250E-05  3.27250E-05  3.27250E-05  3.27250E-05  3.27250E-05  3.27250E-05  3.27250E-05  3.27250E-05  3.27250E-05  3.27250E-05  3.27250E-05  3.27250E-05  3.27250E-05  3.27250E-05  3.27250E-05  3.27250E-05  3.27250E-05  3.27250E-05  3.27250E-05  3.27250E-05  3.27250E-05  3.27250E-05  3.27250E-05
   14408   3  3.45539E-04  3.45539E-04  3.45539E-04  3.45539E-04  3.45539E-04  3.45539E-04  3.45539E-04  3.45539E-04  3.45539E-04  3.45539E-04  3.45539E-04  3.45539E-04  3.45539E-04  3.45539E-04  3.45539E-04  3.45539E-04  3.45539E-04  3.45539E-04  3.45539E-04  3.45539E-04  3.45539E-04  3.45539E-04  3.45539E-04  3.45539E-04
   15469   3  1.12320E-03  1.12320E-03  1.12320E-03  1.12320E-03  1.12320E-03  1.12320E-03  1.12320E-03  1.12320E-03  1.12320E-03  1.12320E-03  1.12320E-03  1.12320E-03  1.12320E-03  1.12320E-03  1.12320E-03  1.12320E-03  1.12320E-03  1.12320E-03  1.12320E-03  1.12320E-03  1.12320E-03  1.12320E-03  1.12320E-03  1.12320E-03
   14761   3  0.00000E+00  0.00000E+00  0.00000E+00  0.00000E+00  0.00000E+00  0.00000E+00  0.00000E+00  0.00000E+00  0.00000E+00  0.00000E+00  0.00000E+00  0.00000E+00  0.00000E+00  0.00000E+00  0.00000E+00  0.00000E+00  0.00000E+00  0.00000E+00  0.00000E+00  0.00000E+00  0.00000E+00  0.00000E+00  0.00000E+00  0.00000E+00
   14763   2  0.00000E+00  0.00000E+00  0.00000E+00  0.00000E+00  0.00000E+00  0.00000E+00  0.00000E+00  0.00000E+00  0.00000E+00  0.00000E+00  0.00000E+00  0.00000E+00  0.00000E+00  0.00000E+00  0.00000E+00  0.00000E+00  0.00000E+00  0.00000E+00  0.00000E+00  0.00000E+00  0.00000E+00  0.00000E+00  0.00000E+00  0.00000E+00
   14763   3  0.00000E+00  0.00000E+00  0.00000E+00  0.00000E+00  0.00000E+00  0.00000E+00  0.00000E+00  0.00000E+00  0.00000E+00  0.00000E+00  0.00000E+00  0.00000E+00  0.00000E+00  0.00000E+00  0.00000E+00  0.00000E+00  0.00000E+00  0.00000E+00  0.00000E+00  0.00000E+00  0.00000E+00  0.00000E+00  0.00000E+00  0.00000E+00
   12640   3  0.00000E+00  0.00000E+00  0.00000E+00  0.00000E+00  0.00000E+00  0.00000E+00  0.00000E+00  0.00000E+00  0.00000E+00  0.00000E+00  0.00000E+00  0.00000E+00  0.00000E+00  0.00000E+00  0.00000E+00  0.00000E+00  0.00000E+00  0.00000E+00  0.00000E+00  0.00000E+00  0.00000E+00  0.00000E+00  0.00000E+00  0.00000E+00
   12657   2  0.00000E+00  0.00000E+00  0.00000E+00  0.00000E+00  0.00000E+00  0.00000E+00  0.00000E+00  0.00000E+00  0.00000E+00  0.00000E+00  0.00000E+00  0.00000E+00  0.00000E+00  0.00000E+00  0.00000E+00  0.00000E+00  0.00000E+00  0.00000E+00  0.00000E+00  0.00000E+00  0.00000E+00  0.00000E+00  0.00000E+00  0.00000E+00
   19635   3  0.00000E+00  0.00000E+00  0.00000E+00  0.00000E+00  0.00000E+00  0.00000E+00  0.00000E+00  0.00000E+00  0.00000E+00  0.00000E+00  0.00000E+00  0.00000E+00  0.00000E+00  0.00000E+00  0.00000E+00  0.00000E+00  0.00000E+00  0.00000E+00  0.00000E+00  0.00000E+00  0.00000E+00  0.00000E+00  0.00000E+00  0.00000E+00
   19635   4  1.61417E-05  1.61417E-05  1.61417E-05  1.61417E-05  1.61417E-05  1.61417E-05  1.61417E-05  1.61417E-05  1.61417E-05  1.61417E-05  1.61417E-05  1.61417E-05  1.61417E-05  1.61417E-05  1.61417E-05  1.61417E-05  1.61417E-05  1.61417E-05  1.61417E-05  1.61417E-05  1.61417E-05  1.61417E-05  1.61417E-05  1.61417E-05
   20341   3  6.18907E-05  6.18907E-05  6.18907E-05  6.18907E-05  6.18907E-05  6.18907E-05  6.18907E-05  6.18907E-05  6.18907E-05  6.18907E-05  6.18907E-05  6.18907E-05  6.18907E-05  6.18907E-05  6.18907E-05  6.18907E-05  6.18907E-05  6.18907E-05  6.18907E-05  6.18907E-05  6.18907E-05  6.18907E-05  6.18907E-05  6.18907E-05
   20337   3  0.00000E+00  0.00000E+00  0.00000E+00  0.00000E+00  0.00000E+00  0.00000E+00  0.00000E+00  0.00000E+00  0.00000E+00  0.00000E+00  0.00000E+00  0.00000E+00  0.00000E+00  0.00000E+00  0.00000E+00  0.00000E+00  0.00000E+00  0.00000E+00  0.00000E+00  0.00000E+00  0.00000E+00  0.00000E+00  0.00000E+00  0.00000E+00
   20337   4  4.41404E-06  4.41404E-06  4.41404E-06  4.41404E-06  4.41404E-06  4.41404E-06  4.41404E-06  4.41404E-06  4.41404E-06  4.41404E-06  4.41404E-06  4.41404E-06  4.41404E-06  4.41404E-06  4.41404E-06  4.41404E-06  4.41404E-06  4.41404E-06  4.41404E-06  4.41404E-06  4.41404E-06  4.41404E-06  4.41404E-06  4.41404E-06
   19641   4  1.46497E-05  1.46497E-05  1.46497E-05  1.46497E-05  1.46497E-05  1.46497E-05  1.46497E-05  1.46497E-05  1.46497E-05  1.46497E-05  1.46497E-05  1.46497E-05  1.46497E-05  1.46497E-05  1.46497E-05  1.46497E-05  1.46497E-05  1.46497E-05  1.46497E-05  1.46497E-05  1.46497E-05  1.46497E-05  1.46497E-05  1.46497E-05
   19283   4  2.13177E-05  2.13177E-05  2.13177E-05  2.13177E-05  2.13177E-05  2.13177E-05  2.13177E-05  2.13177E-05  2.13177E-05  2.13177E-05  2.13177E-05  2.13177E-05  2.13177E-05  2.13177E-05  2.13177E-05  2.13177E-05  2.13177E-05  2.13177E-05  2.13177E-05  2.13177E-05  2.13177E-05  2.13177E-05  2.13177E-05  2.13177E-05
   19638   5  0.00000E+00  0.00000E+00  0.00000E+00  0.00000E+00  0.00000E+00  0.00000E+00  0.00000E+00  0.00000E+00  0.00000E+00  0.00000E+00  0.00000E+00  0.00000E+00  0.00000E+00  0.00000E+00  0.00000E+00  0.00000E+00  0.00000E+00  0.00000E+00  0.00000E+00  0.00000E+00  0.00000E+00  0.00000E+00  0.00000E+00  0.00000E+00
   19633   3  0.00000E+00  0.00000E+00  0.00000E+00  0.00000E+00  0.00000E+00  0.00000E+00  0.00000E+00  0.00000E+00  0.00000E+00  0.00000E+00  0.00000E+00  0.00000E+00  0.00000E+00  0.00000E+00  0.00000E+00  0.00000E+00  0.00000E+00  0.00000E+00  0.00000E+00  0.00000E+00  0.00000E+00  0.00000E+00  0.00000E+00  0.00000E+00
   19633   7  0.00000E+00  0.00000E+00  0.00000E+00  0.00000E+00  0.00000E+00  0.00000E+00  0.00000E+00  0.00000E+00  0.00000E+00  0.00000E+00  0.00000E+00  0.00000E+00  0.00000E+00  0.00000E+00  0.00000E+00  0.00000E+00  0.00000E+00  0.00000E+00  0.00000E+00  0.00000E+00  0.00000E+00  0.00000E+00  0.00000E+00  0.00000E+00
   19633   4  9.98431E-06  9.98431E-06  9.98431E-06  9.98431E-06  9.98431E-06  9.98431E-06  9.98431E-06  9.98431E-06  9.98431E-06  9.98431E-06  9.98431E-06  9.98431E-06  9.98431E-06  9.98431E-06  9.98431E-06  9.98431E-06  9.98431E-06  9.98431E-06  9.98431E-06  9.98431E-06  9.98431E-06  9.98431E-06  9.98431E-06  9.98431E-06
   18930   3  0.00000E+00  0.00000E+00  0.00000E+00  0.00000E+00  0.00000E+00  0.00000E+00  0.00000E+00  0.00000E+00  0.00000E+00  0.00000E+00  0.00000E+00  0.00000E+00  0.00000E+00  0.00000E+00  0.00000E+00  0.00000E+00  0.00000E+00  0.00000E+00  0.00000E+00  0.00000E+00  0.00000E+00  0.00000E+00  0.00000E+00  0.00000E+00
   19636   5  0.00000E+00  0.00000E+00  0.00000E+00  0.00000E+00  0.00000E+00  0.00000E+00  0.00000E+00  0.00000E+00  0.00000E+00  0.00000E+00  0.00000E+00  0.00000E+00  0.00000E+00  0.00000E+00  0.00000E+00  0.00000E+00  0.00000E+00  0.00000E+00  0.00000E+00  0.00000E+00  0.00000E+00  0.00000E+00  0.00000E+00  0.00000E+00
   20343   4  5.24997E-06  5.24997E-06  5.24997E-06  5.24997E-06  5.24997E-06  5.24997E-06  5.24997E-06  5.24997E-06  5.24997E-06  5.24997E-06  5.24997E-06  5.24997E-06  5.24997E-06  5.24997E-06  5.24997E-06  5.24997E-06  5.24997E-06  5.24997E-06  5.24997E-06  5.24997E-06  5.24997E-06  5.24997E-06  5.24997E-06  5.24997E-06
   20343   3  0.00000E+00  0.00000E+00  0.00000E+00  0.00000E+00  0.00000E+00  0.00000E+00  0.00000E+00  0.00000E+00  0.00000E+00  0.00000E+00  0.00000E+00  0.00000E+00  0.00000E+00  0.00000E+00  0.00000E+00  0.00000E+00  0.00000E+00  0.00000E+00  0.00000E+00  0.00000E+00  0.00000E+00  0.00000E+00  0.00000E+00  0.00000E+00
   19282   5  0.00000E+00  0.00000E+00  0.00000E+00  0.00000E+00  0.00000E+00  0.00000E+00  0.00000E+00  0.00000E+00  0.00000E+00  0.00000E+00  0.00000E+00  0.00000E+00  0.00000E+00  0.00000E+00  0.00000E+00  0.00000E+00  0.00000E+00  0.00000E+00  0.00000E+00  0.00000E+00  0.00000E+00  0.00000E+00  0.00000E+00  0.00000E+00
   19282   4  7.16982E-05  7.16982E-05  7.16982E-05  7.16982E-05  7.16982E-05  7.16982E-05  7.16982E-05  7.16982E-05  7.16982E-05  7.16982E-05  7.16982E-05  7.16982E-05  7.16982E-05  7.16982E-05  7.16982E-05  7.16982E-05  7.16982E-05  7.16982E-05  7.16982E-05  7.16982E-05  7.16982E-05  7.16982E-05  7.16982E-05  7.16982E-05
   19282   3  0.00000E+00  0.00000E+00  0.00000E+00  0.00000E+00  0.00000E+00  0.00000E+00  0.00000E+00  0.00000E+00  0.00000E+00  0.00000E+00  0.00000E+00  0.00000E+00  0.00000E+00  0.00000E+00  0.00000E+00  0.00000E+00  0.00000E+00  0.00000E+00  0.00000E+00  0.00000E+00  0.00000E+00  0.00000E+00  0.00000E+00  0.00000E+00
   19990   3  9.89545E-06  9.89545E-06  9.89545E-06  9.89545E-06  9.89545E-06  9.89545E-06  9.89545E-06  9.89545E-06  9.89545E-06  9.89545E-06  9.89545E-06  9.89545E-06  9.89545E-06  9.89545E-06  9.89545E-06  9.89545E-06  9.89545E-06  9.89545E-06  9.89545E-06  9.89545E-06  9.89545E-06  9.89545E-06  9.89545E-06  9.89545E-06
   19990   4  5.47723E-05  5.47723E-05  5.47723E-05  5.47723E-05  5.47723E-05  5.47723E-05  5.47723E-05  5.47723E-05  5.47723E-05  5.47723E-05  5.47723E-05  5.47723E-05  5.47723E-05  5.47723E-05  5.47723E-05  5.47723E-05  5.47723E-05  5.47723E-05  5.47723E-05  5.47723E-05  5.47723E-05  5.47723E-05  5.47723E-05  5.47723E-05
   18929   3  0.00000E+00  0.00000E+00  0.00000E+00  0.00000E+00  0.00000E+00  0.00000E+00  0.00000E+00  0.00000E+00  0.00000E+00  0.00000E+00  0.00000E+00  0.00000E+00  0.00000E+00  2.93210E-05  2.93210E-05  2.93210E-05  2.93210E-05  2.93210E-05  2.93210E-05  2.93210E-05  2.93210E-05  0.00000E+00  0.00000E+00  0.00000E+00
   18929   4  6.38130E-05  6.38130E-05  6.38130E-05  6.38130E-05  6.38130E-05  6.38130E-05  6.38130E-05  6.38130E-05  6.38130E-05  6.38130E-05  6.38130E-05  6.38130E-05  6.38130E-05  1.04251E-04  1.04251E-04  1.04251E-04  1.04251E-04  1.04251E-04  1.04251E-04  1.04251E-04  1.04251E-04  6.38130E-05  6.38130E-05  6.38130E-05
   19281   4  1.05026E-05  1.05026E-05  1.05026E-05  1.05026E-05  1.05026E-05  1.05026E-05  1.05026E-05  1.05026E-05  1.05026E-05  1.05026E-05  1.05026E-05  1.05026E-05  1.05026E-05  1.05026E-05  1.05026E-05  1.05026E-05  1.05026E-05  1.05026E-05  1.05026E-05  1.05026E-05  1.05026E-05  1.05026E-05  1.05026E-05  1.05026E-05
   19637   3  7.24485E-05  7.24485E-05  7.24485E-05  7.24485E-05  7.24485E-05  7.24485E-05  7.24485E-05  7.24485E-05  7.24485E-05  7.24485E-05  7.24485E-05  7.24485E-05  7.24485E-05  7.24485E-05  7.24485E-05  7.24485E-05  7.24485E-05  7.24485E-05  7.24485E-05  7.24485E-05  7.24485E-05  7.24485E-05  7.24485E-05  7.24485E-05
   17533   4  4.97773E-04  4.97773E-04  4.97773E-04  4.97773E-04  4.97773E-04  4.97773E-04  4.97773E-04  4.97773E-04  4.97773E-04  4.97773E-04  4.97773E-04  4.97773E-04  4.97773E-04  4.97773E-04  4.97773E-04  4.97773E-04  4.97773E-04  4.97773E-04  4.97773E-04  4.97773E-04  4.97773E-04  4.97773E-04  4.97773E-04  4.97773E-04
   17533   3  0.00000E+00  0.00000E+00  0.00000E+00  0.00000E+00  0.00000E+00  0.00000E+00  0.00000E+00  0.00000E+00  0.00000E+00  0.00000E+00  0.00000E+00  0.00000E+00  0.00000E+00  5.53324E-05  5.53324E-05  5.53324E-05  5.53324E-05  5.53324E-05  5.53324E-05  5.53324E-05  5.53324E-05  0.00000E+00  0.00000E+00  0.00000E+00
   19657   3  0.00000E+00  0.00000E+00  0.00000E+00  0.00000E+00  0.00000E+00  0.00000E+00  0.00000E+00  0.00000E+00  0.00000E+00  0.00000E+00  0.00000E+00  0.00000E+00  0.00000E+00  0.00000E+00  0.00000E+00  0.00000E+00  0.00000E+00  0.00000E+00  0.00000E+00  0.00000E+00  0.00000E+00  0.00000E+00  0.00000E+00  0.00000E+00
   19657   2  0.00000E+00  0.00000E+00  0.00000E+00  0.00000E+00  0.00000E+00  0.00000E+00  0.00000E+00  0.00000E+00  0.00000E+00  0.00000E+00  0.00000E+00  0.00000E+00  0.00000E+00  0.00000E+00  0.00000E+00  0.00000E+00  0.00000E+00  0.00000E+00  0.00000E+00  0.00000E+00  0.00000E+00  0.00000E+00  0.00000E+00  0.00000E+00
   17887   3  0.00000E+00  0.00000E+00  0.00000E+00  0.00000E+00  0.00000E+00  0.00000E+00  0.00000E+00  0.00000E+00  0.00000E+00  0.00000E+00  0.00000E+00  0.00000E+00  0.00000E+00  0.00000E+00  0.00000E+00  0.00000E+00  0.00000E+00  0.00000E+00  0.00000E+00  0.00000E+00  0.00000E+00  0.00000E+00  0.00000E+00  0.00000E+00
   20356   4  1.17128E-05  1.17128E-05  1.17128E-05  1.17128E-05  1.17128E-05  1.17128E-05  1.17128E-05  1.17128E-05  1.17128E-05  1.17128E-05  1.17128E-05  1.17128E-05  1.17128E-05  1.17128E-05  1.17128E-05  1.17128E-05  1.17128E-05  1.17128E-05  1.17128E-05  1.17128E-05  1.17128E-05  1.17128E-05  1.17128E-05  1.17128E-05
   20356   3  0.00000E+00  0.00000E+00  0.00000E+00  0.00000E+00  0.00000E+00  0.00000E+00  0.00000E+00  0.00000E+00  0.00000E+00  0.00000E+00  0.00000E+00  0.00000E+00  0.00000E+00  0.00000E+00  0.00000E+00  0.00000E+00  0.00000E+00  0.00000E+00  0.00000E+00  0.00000E+00  0.00000E+00  0.00000E+00  0.00000E+00  0.00000E+00
   20356   2  0.00000E+00  0.00000E+00  0.00000E+00  0.00000E+00  0.00000E+00  0.00000E+00  0.00000E+00  0.00000E+00  0.00000E+00  0.00000E+00  0.00000E+00  0.00000E+00  0.00000E+00  0.00000E+00  0.00000E+00  0.00000E+00  0.00000E+00  0.00000E+00  0.00000E+00  0.00000E+00  0.00000E+00  0.00000E+00  0.00000E+00  0.00000E+00
   15091   3  2.37633E-05  2.37633E-05  2.37633E-05  2.37633E-05  2.37633E-05  0.00000E+00  0.00000E+00  0.00000E+00  0.00000E+00  0.00000E+00  0.00000E+00  0.00000E+00  0.00000E+00  1.25566E-04  1.25566E-04  1.25566E-04  1.25566E-04  1.25566E-04  1.25566E-04  1.25566E-04  1.25566E-04  2.37633E-05  2.37633E-05  2.37633E-05
   15091   4  1.00418E-01  1.00418E-01  1.00418E-01  1.00418E-01  1.00418E-01  1.00418E-01  1.00418E-01  1.00418E-01  1.00418E-01  1.00418E-01  1.00418E-01  1.00418E-01  1.00418E-01  1.00418E-01  1.00418E-01  1.00418E-01  1.00418E-01  1.00418E-01  1.00418E-01  1.00418E-01  1.00418E-01  1.00418E-01  1.00418E-01  1.00418E-01
   15091   2  0.00000E+00  0.00000E+00  0.00000E+00  0.00000E+00  0.00000E+00  0.00000E+00  0.00000E+00  0.00000E+00  0.00000E+00  0.00000E+00  0.00000E+00  0.00000E+00  0.00000E+00  0.00000E+00  0.00000E+00  0.00000E+00  0.00000E+00  0.00000E+00  0.00000E+00  0.00000E+00  0.00000E+00  0.00000E+00  0.00000E+00  0.00000E+00
   15092   4  2.01686E-04  2.01686E-04  2.01686E-04  2.01686E-04  2.01686E-04  2.01686E-04  2.01686E-04  2.01686E-04  2.01686E-04  2.01686E-04  2.01686E-04  2.01686E-04  2.01686E-04  2.01686E-04  2.01686E-04  2.01686E-04  2.01686E-04  2.01686E-04  2.01686E-04  2.01686E-04  2.01686E-04  2.01686E-04  2.01686E-04  2.01686E-04
   15091   7  0.00000E+00  0.00000E+00  0.00000E+00  0.00000E+00  0.00000E+00  0.00000E+00  0.00000E+00  0.00000E+00  0.00000E+00  0.00000E+00  0.00000E+00  0.00000E+00  0.00000E+00  0.00000E+00  0.00000E+00  0.00000E+00  0.00000E+00  0.00000E+00  0.00000E+00  0.00000E+00  0.00000E+00  0.00000E+00  0.00000E+00  0.00000E+00
   15092   1  0.00000E+00  0.00000E+00  0.00000E+00  0.00000E+00  0.00000E+00  0.00000E+00  0.00000E+00  0.00000E+00  0.00000E+00  0.00000E+00  0.00000E+00  0.00000E+00  0.00000E+00  0.00000E+00  0.00000E+00  0.00000E+00  0.00000E+00  0.00000E+00  0.00000E+00  0.00000E+00  0.00000E+00  0.00000E+00  0.00000E+00  0.00000E+00
   15092   3  0.00000E+00  0.00000E+00  0.00000E+00  0.00000E+00  0.00000E+00  0.00000E+00  0.00000E+00  0.00000E+00  0.00000E+00  0.00000E+00  0.00000E+00  0.00000E+00  0.00000E+00  0.00000E+00  0.00000E+00  0.00000E+00  0.00000E+00  0.00000E+00  0.00000E+00  0.00000E+00  0.00000E+00  0.00000E+00  0.00000E+00  0.00000E+00
   15092   2  0.00000E+00  0.00000E+00  0.00000E+00  0.00000E+00  0.00000E+00  0.00000E+00  0.00000E+00  0.00000E+00  0.00000E+00  0.00000E+00  0.00000E+00  0.00000E+00  0.00000E+00  0.00000E+00  0.00000E+00  0.00000E+00  0.00000E+00  0.00000E+00  0.00000E+00  0.00000E+00  0.00000E+00  0.00000E+00  0.00000E+00  0.00000E+00
   14738   4  0.00000E+00  0.00000E+00  0.00000E+00  0.00000E+00  0.00000E+00  0.00000E+00  0.00000E+00  0.00000E+00  0.00000E+00  0.00000E+00  0.00000E+00  0.00000E+00  0.00000E+00  0.00000E+00  0.00000E+00  0.00000E+00  0.00000E+00  0.00000E+00  0.00000E+00  0.00000E+00  0.00000E+00  0.00000E+00  0.00000E+00  0.00000E+00
   17885   3  0.00000E+00  0.00000E+00  0.00000E+00  0.00000E+00  0.00000E+00  0.00000E+00  0.00000E+00  0.00000E+00  0.00000E+00  0.00000E+00  0.00000E+00  0.00000E+00  0.00000E+00  1.57630E-03  1.57630E-03  1.57630E-03  1.57630E-03  1.57630E-03  1.57630E-03  1.57630E-03  1.57630E-03  0.00000E+00  0.00000E+00  0.00000E+00
   17885   4  3.83130E-06  3.83130E-06  3.83130E-06  3.83130E-06  3.83130E-06  3.83130E-06  3.83130E-06  3.83130E-06  3.83130E-06  3.83130E-06  3.83130E-06  3.83130E-06  3.83130E-06  3.83130E-06  3.83130E-06  3.83130E-06  3.83130E-06  3.83130E-06  3.83130E-06  3.83130E-06  3.83130E-06  3.83130E-06  3.83130E-06  3.83130E-06
   18238   4  0.00000E+00  0.00000E+00  0.00000E+00  0.00000E+00  0.00000E+00  0.00000E+00  0.00000E+00  0.00000E+00  0.00000E+00  0.00000E+00  0.00000E+00  0.00000E+00  0.00000E+00  0.00000E+00  0.00000E+00  0.00000E+00  0.00000E+00  0.00000E+00  0.00000E+00  0.00000E+00  0.00000E+00  0.00000E+00  0.00000E+00  0.00000E+00
   15426   3  0.00000E+00  0.00000E+00  0.00000E+00  0.00000E+00  0.00000E+00  0.00000E+00  0.00000E+00  0.00000E+00  0.00000E+00  0.00000E+00  0.00000E+00  0.00000E+00  0.00000E+00  0.00000E+00  0.00000E+00  0.00000E+00  0.00000E+00  0.00000E+00  0.00000E+00  0.00000E+00  0.00000E+00  0.00000E+00  0.00000E+00  0.00000E+00
   14383   3  0.00000E+00  0.00000E+00  0.00000E+00  0.00000E+00  0.00000E+00  0.00000E+00  0.00000E+00  0.00000E+00  0.00000E+00  0.00000E+00  0.00000E+00  0.00000E+00  0.00000E+00  0.00000E+00  0.00000E+00  0.00000E+00  0.00000E+00  0.00000E+00  0.00000E+00  0.00000E+00  0.00000E+00  0.00000E+00  0.00000E+00  0.00000E+00
   14736   4  1.41505E-03  1.41505E-03  1.41505E-03  1.41505E-03  1.41505E-03  1.41505E-03  1.41505E-03  1.41505E-03  1.41505E-03  1.41505E-03  1.41505E-03  1.41505E-03  1.41505E-03  1.42920E-03  1.42920E-03  1.42920E-03  1.42920E-03  1.42920E-03  1.42920E-03  1.42920E-03  1.42920E-03  1.41505E-03  1.41505E-03  1.41505E-03
   14383   4  1.45839E-02  1.45839E-02  1.45839E-02  1.45839E-02  1.45839E-02  1.45839E-02  1.45839E-02  1.45839E-02  1.45839E-02  1.45839E-02  1.45839E-02  1.45839E-02  1.45839E-02  1.45839E-02  1.45839E-02  1.45839E-02  1.45839E-02  1.45839E-02  1.45839E-02  1.45839E-02  1.45839E-02  1.45839E-02  1.45839E-02  1.45839E-02
   14383   2  0.00000E+00  0.00000E+00  0.00000E+00  0.00000E+00  0.00000E+00  0.00000E+00  0.00000E+00  0.00000E+00  0.00000E+00  0.00000E+00  0.00000E+00  0.00000E+00  0.00000E+00  0.00000E+00  0.00000E+00  0.00000E+00  0.00000E+00  0.00000E+00  0.00000E+00  0.00000E+00  0.00000E+00  0.00000E+00  0.00000E+00  0.00000E+00
   14383   1  0.00000E+00  0.00000E+00  0.00000E+00  0.00000E+00  0.00000E+00  0.00000E+00  0.00000E+00  0.00000E+00  0.00000E+00  0.00000E+00  0.00000E+00  0.00000E+00  0.00000E+00  0.00000E+00  0.00000E+00  0.00000E+00  0.00000E+00  0.00000E+00  0.00000E+00  0.00000E+00  0.00000E+00  0.00000E+00  0.00000E+00  0.00000E+00
   17892   3  7.35583E-05  7.35583E-05  7.35583E-05  7.35583E-05  7.35583E-05  7.35583E-05  7.35583E-05  7.35583E-05  7.35583E-05  7.35583E-05  7.35583E-05  7.35583E-05  7.35583E-05  7.35583E-05  7.35583E-05  7.35583E-05  7.35583E-05  7.35583E-05  7.35583E-05  7.35583E-05  7.35583E-05  7.35583E-05  7.35583E-05  7.35583E-05
   17180   3  0.00000E+00  0.00000E+00  0.00000E+00  0.00000E+00  0.00000E+00  0.00000E+00  0.00000E+00  0.00000E+00  0.00000E+00  0.00000E+00  0.00000E+00  0.00000E+00  0.00000E+00  0.00000E+00  0.00000E+00  0.00000E+00  0.00000E+00  0.00000E+00  0.00000E+00  0.00000E+00  0.00000E+00  0.00000E+00  0.00000E+00  0.00000E+00
   17180   2  0.00000E+00  0.00000E+00  0.00000E+00  0.00000E+00  0.00000E+00  0.00000E+00  0.00000E+00  0.00000E+00  0.00000E+00  0.00000E+00  0.00000E+00  0.00000E+00  0.00000E+00  0.00000E+00  0.00000E+00  0.00000E+00  0.00000E+00  0.00000E+00  0.00000E+00  0.00000E+00  0.00000E+00  0.00000E+00  0.00000E+00  0.00000E+00
   17182   3  0.00000E+00  0.00000E+00  0.00000E+00  0.00000E+00  0.00000E+00  0.00000E+00  0.00000E+00  0.00000E+00  0.00000E+00  0.00000E+00  0.00000E+00  0.00000E+00  0.00000E+00  0.00000E+00  0.00000E+00  0.00000E+00  0.00000E+00  0.00000E+00  0.00000E+00  0.00000E+00  0.00000E+00  0.00000E+00  0.00000E+00  0.00000E+00
   14735   3  2.80477E-05  2.80477E-05  2.80477E-05  2.80477E-05  2.80477E-05  0.00000E+00  0.00000E+00  0.00000E+00  0.00000E+00  0.00000E+00  0.00000E+00  0.00000E+00  0.00000E+00  2.80477E-05  2.80477E-05  2.80477E-05  2.80477E-05  2.80477E-05  2.80477E-05  2.80477E-05  2.80477E-05  2.80477E-05  2.80477E-05  2.80477E-05
   17884   4  0.00000E+00  0.00000E+00  0.00000E+00  0.00000E+00  0.00000E+00  0.00000E+00  0.00000E+00  0.00000E+00  0.00000E+00  0.00000E+00  0.00000E+00  0.00000E+00  0.00000E+00  0.00000E+00  0.00000E+00  0.00000E+00  0.00000E+00  0.00000E+00  0.00000E+00  0.00000E+00  0.00000E+00  0.00000E+00  0.00000E+00  0.00000E+00
   18944   3  0.00000E+00  0.00000E+00  0.00000E+00  0.00000E+00  0.00000E+00  0.00000E+00  0.00000E+00  0.00000E+00  0.00000E+00  0.00000E+00  0.00000E+00  0.00000E+00  0.00000E+00  0.00000E+00  0.00000E+00  0.00000E+00  0.00000E+00  0.00000E+00  0.00000E+00  0.00000E+00  0.00000E+00  0.00000E+00  0.00000E+00  0.00000E+00
   15082   3  0.00000E+00  0.00000E+00  0.00000E+00  0.00000E+00  0.00000E+00  0.00000E+00  0.00000E+00  0.00000E+00  0.00000E+00  0.00000E+00  0.00000E+00  0.00000E+00  0.00000E+00  0.00000E+00  0.00000E+00  0.00000E+00  0.00000E+00  0.00000E+00  0.00000E+00  0.00000E+00  0.00000E+00  0.00000E+00  0.00000E+00  0.00000E+00
   15082   2  0.00000E+00  0.00000E+00  0.00000E+00  0.00000E+00  0.00000E+00  0.00000E+00  0.00000E+00  0.00000E+00  0.00000E+00  0.00000E+00  0.00000E+00  0.00000E+00  0.00000E+00  0.00000E+00  0.00000E+00  0.00000E+00  0.00000E+00  0.00000E+00  0.00000E+00  0.00000E+00  0.00000E+00  0.00000E+00  0.00000E+00  0.00000E+00
   14385   3  2.39294E-05  2.39294E-05  2.39294E-05  2.39294E-05  2.39294E-05  0.00000E+00  0.00000E+00  0.00000E+00  0.00000E+00  0.00000E+00  0.00000E+00  0.00000E+00  0.00000E+00  2.39294E-05  2.39294E-05  2.39294E-05  2.39294E-05  2.39294E-05  2.39294E-05  2.39294E-05  2.39294E-05  2.39294E-05  2.39294E-05  2.39294E-05
   14385   4  1.31412E-04  1.31412E-04  1.31412E-04  1.31412E-04  1.31412E-04  1.31412E-04  1.31412E-04  1.31412E-04  1.31412E-04  1.31412E-04  1.31412E-04  1.31412E-04  1.31412E-04  1.31412E-04  1.31412E-04  1.31412E-04  1.31412E-04  1.31412E-04  1.31412E-04  1.31412E-04  1.31412E-04  1.31412E-04  1.31412E-04  1.31412E-04
   17531   4  7.69609E-04  7.69609E-04  7.69609E-04  7.69609E-04  7.69609E-04  7.69609E-04  7.69609E-04  7.69609E-04  7.69609E-04  7.69609E-04  7.69609E-04  7.69609E-04  7.69609E-04  7.69609E-04  7.69609E-04  7.69609E-04  7.69609E-04  7.69609E-04  7.69609E-04  7.69609E-04  7.69609E-04  7.69609E-04  7.69609E-04  7.69609E-04
   17531   3  0.00000E+00  0.00000E+00  0.00000E+00  0.00000E+00  0.00000E+00  0.00000E+00  0.00000E+00  0.00000E+00  0.00000E+00  0.00000E+00  0.00000E+00  0.00000E+00  0.00000E+00  2.18564E-03  2.18564E-03  2.18564E-03  2.18564E-03  2.18564E-03  2.18564E-03  2.18564E-03  2.18564E-03  0.00000E+00  0.00000E+00  0.00000E+00
   17531   5  0.00000E+00  0.00000E+00  0.00000E+00  0.00000E+00  0.00000E+00  0.00000E+00  0.00000E+00  0.00000E+00  0.00000E+00  0.00000E+00  0.00000E+00  0.00000E+00  0.00000E+00  0.00000E+00  0.00000E+00  0.00000E+00  0.00000E+00  0.00000E+00  0.00000E+00  0.00000E+00  0.00000E+00  0.00000E+00  0.00000E+00  0.00000E+00
   17531   2  0.00000E+00  0.00000E+00  0.00000E+00  0.00000E+00  0.00000E+00  0.00000E+00  0.00000E+00  0.00000E+00  0.00000E+00  0.00000E+00  0.00000E+00  0.00000E+00  0.00000E+00  0.00000E+00  0.00000E+00  0.00000E+00  0.00000E+00  0.00000E+00  0.00000E+00  0.00000E+00  0.00000E+00  0.00000E+00  0.00000E+00  0.00000E+00
   17531   7  0.00000E+00  0.00000E+00  0.00000E+00  0.00000E+00  0.00000E+00  0.00000E+00  0.00000E+00  0.00000E+00  0.00000E+00  0.00000E+00  0.00000E+00  0.00000E+00  0.00000E+00  0.00000E+00  0.00000E+00  0.00000E+00  0.00000E+00  0.00000E+00  0.00000E+00  0.00000E+00  0.00000E+00  0.00000E+00  0.00000E+00  0.00000E+00
   21411   4  7.15307E-06  7.15307E-06  7.15307E-06  7.15307E-06  7.15307E-06  7.15307E-06  7.15307E-06  7.15307E-06  7.15307E-06  7.15307E-06  7.15307E-06  7.15307E-06  7.15307E-06  7.15307E-06  7.15307E-06  7.15307E-06  7.15307E-06  7.15307E-06  7.15307E-06  7.15307E-06  7.15307E-06  7.15307E-06  7.15307E-06  7.15307E-06
   20709   4  0.00000E+00  0.00000E+00  0.00000E+00  0.00000E+00  0.00000E+00  0.00000E+00  0.00000E+00  0.00000E+00  0.00000E+00  0.00000E+00  0.00000E+00  0.00000E+00  0.00000E+00  0.00000E+00  0.00000E+00  0.00000E+00  0.00000E+00  0.00000E+00  0.00000E+00  0.00000E+00  0.00000E+00  0.00000E+00  0.00000E+00  0.00000E+00
   20709   7  0.00000E+00  0.00000E+00  0.00000E+00  0.00000E+00  0.00000E+00  0.00000E+00  0.00000E+00  0.00000E+00  0.00000E+00  0.00000E+00  0.00000E+00  0.00000E+00  0.00000E+00  0.00000E+00  0.00000E+00  0.00000E+00  0.00000E+00  0.00000E+00  0.00000E+00  0.00000E+00  0.00000E+00  0.00000E+00  0.00000E+00  0.00000E+00
   13676   3  0.00000E+00  0.00000E+00  0.00000E+00  0.00000E+00  0.00000E+00  0.00000E+00  0.00000E+00  0.00000E+00  0.00000E+00  0.00000E+00  0.00000E+00  0.00000E+00  0.00000E+00  3.45473E-04  3.45473E-04  3.45473E-04  3.45473E-04  3.45473E-04  3.45473E-04  3.45473E-04  3.45473E-04  0.00000E+00  0.00000E+00  0.00000E+00
   21062   3  0.00000E+00  0.00000E+00  0.00000E+00  0.00000E+00  0.00000E+00  0.00000E+00  0.00000E+00  0.00000E+00  0.00000E+00  0.00000E+00  0.00000E+00  0.00000E+00  0.00000E+00  0.00000E+00  0.00000E+00  0.00000E+00  0.00000E+00  0.00000E+00  0.00000E+00  0.00000E+00  0.00000E+00  0.00000E+00  0.00000E+00  0.00000E+00
   17196   3  0.00000E+00  0.00000E+00  0.00000E+00  0.00000E+00  0.00000E+00  0.00000E+00  0.00000E+00  0.00000E+00  0.00000E+00  0.00000E+00  0.00000E+00  0.00000E+00  0.00000E+00  0.00000E+00  0.00000E+00  0.00000E+00  0.00000E+00  0.00000E+00  0.00000E+00  0.00000E+00  0.00000E+00  0.00000E+00  0.00000E+00  0.00000E+00
   17196   2  0.00000E+00  0.00000E+00  0.00000E+00  0.00000E+00  0.00000E+00  0.00000E+00  0.00000E+00  0.00000E+00  0.00000E+00  0.00000E+00  0.00000E+00  0.00000E+00  0.00000E+00  0.00000E+00  0.00000E+00  0.00000E+00  0.00000E+00  0.00000E+00  0.00000E+00  0.00000E+00  0.00000E+00  0.00000E+00  0.00000E+00  0.00000E+00
   23179   4  6.83065E-05  6.83065E-05  6.83065E-05  6.83065E-05  6.83065E-05  6.83065E-05  6.83065E-05  6.83065E-05  6.83065E-05  6.83065E-05  6.83065E-05  6.83065E-05  6.83065E-05  6.83065E-05  6.83065E-05  6.83065E-05  6.83065E-05  6.83065E-05  6.83065E-05  6.83065E-05  6.83065E-05  6.83065E-05  6.83065E-05  6.83065E-05
   23179   3  0.00000E+00  0.00000E+00  0.00000E+00  0.00000E+00  0.00000E+00  0.00000E+00  0.00000E+00  0.00000E+00  0.00000E+00  0.00000E+00  0.00000E+00  0.00000E+00  0.00000E+00  0.00000E+00  0.00000E+00  0.00000E+00  0.00000E+00  0.00000E+00  0.00000E+00  0.00000E+00  0.00000E+00  0.00000E+00  0.00000E+00  0.00000E+00
   18247   4  0.00000E+00  0.00000E+00  0.00000E+00  0.00000E+00  0.00000E+00  0.00000E+00  0.00000E+00  0.00000E+00  0.00000E+00  0.00000E+00  0.00000E+00  0.00000E+00  0.00000E+00  0.00000E+00  0.00000E+00  0.00000E+00  0.00000E+00  0.00000E+00  0.00000E+00  0.00000E+00  0.00000E+00  0.00000E+00  0.00000E+00  0.00000E+00
   12621   2  0.00000E+00  0.00000E+00  0.00000E+00  0.00000E+00  0.00000E+00  0.00000E+00  0.00000E+00  0.00000E+00  0.00000E+00  0.00000E+00  0.00000E+00  0.00000E+00  0.00000E+00  0.00000E+00  0.00000E+00  0.00000E+00  0.00000E+00  0.00000E+00  0.00000E+00  0.00000E+00  0.00000E+00  0.00000E+00  0.00000E+00  0.00000E+00
   12621   3  0.00000E+00  0.00000E+00  0.00000E+00  0.00000E+00  0.00000E+00  0.00000E+00  0.00000E+00  0.00000E+00  0.00000E+00  0.00000E+00  0.00000E+00  0.00000E+00  0.00000E+00  0.00000E+00  0.00000E+00  0.00000E+00  0.00000E+00  0.00000E+00  0.00000E+00  0.00000E+00  0.00000E+00  0.00000E+00  0.00000E+00  0.00000E+00
   12621   7  0.00000E+00  0.00000E+00  0.00000E+00  0.00000E+00  0.00000E+00  0.00000E+00  0.00000E+00  0.00000E+00  0.00000E+00  0.00000E+00  0.00000E+00  0.00000E+00  0.00000E+00  0.00000E+00  0.00000E+00  0.00000E+00  0.00000E+00  0.00000E+00  0.00000E+00  0.00000E+00  0.00000E+00  0.00000E+00  0.00000E+00  0.00000E+00
   21063   3  4.50225E-04  4.50225E-04  4.50225E-04  4.50225E-04  4.50225E-04  4.50225E-04  4.50225E-04  4.50225E-04  4.50225E-04  4.50225E-04  4.50225E-04  4.50225E-04  4.50225E-04  4.50225E-04  4.50225E-04  4.50225E-04  4.50225E-04  4.50225E-04  4.50225E-04  4.50225E-04  4.50225E-04  4.50225E-04  4.50225E-04  4.50225E-04
   17529   4  2.55055E-05  2.55055E-05  2.55055E-05  2.55055E-05  2.55055E-05  2.55055E-05  2.55055E-05  2.55055E-05  2.55055E-05  2.55055E-05  2.55055E-05  2.55055E-05  2.55055E-05  2.55055E-05  2.55055E-05  2.55055E-05  2.55055E-05  2.55055E-05  2.55055E-05  2.55055E-05  2.55055E-05  2.55055E-05  2.55055E-05  2.55055E-05
   17530   3  0.00000E+00  0.00000E+00  0.00000E+00  0.00000E+00  0.00000E+00  0.00000E+00  0.00000E+00  0.00000E+00  0.00000E+00  0.00000E+00  0.00000E+00  0.00000E+00  0.00000E+00  0.00000E+00  0.00000E+00  0.00000E+00  0.00000E+00  0.00000E+00  0.00000E+00  0.00000E+00  0.00000E+00  0.00000E+00  0.00000E+00  0.00000E+00
   17530   4  1.38937E-03  1.38937E-03  1.38937E-03  1.38937E-03  1.38937E-03  1.38937E-03  1.38937E-03  1.38937E-03  1.38937E-03  1.38937E-03  1.38937E-03  1.38937E-03  1.38937E-03  1.38937E-03  1.38937E-03  1.38937E-03  1.38937E-03  1.38937E-03  1.38937E-03  1.38937E-03  1.38937E-03  1.38937E-03  1.38937E-03  1.38937E-03
   17530   6  1.09322E-03  1.09322E-03  1.09322E-03  1.09322E-03  1.09322E-03  1.09322E-03  1.09322E-03  1.09322E-03  1.09322E-03  1.09322E-03  1.09322E-03  1.09322E-03  1.09322E-03  1.09322E-03  1.09322E-03  1.09322E-03  1.09322E-03  1.09322E-03  1.09322E-03  1.09322E-03  1.09322E-03  1.09322E-03  1.09322E-03  1.09322E-03
   32341   4  0.00000E+00  0.00000E+00  0.00000E+00  0.00000E+00  0.00000E+00  0.00000E+00  0.00000E+00  0.00000E+00  0.00000E+00  0.00000E+00  0.00000E+00  0.00000E+00  0.00000E+00  0.00000E+00  0.00000E+00  0.00000E+00  0.00000E+00  0.00000E+00  0.00000E+00  0.00000E+00  0.00000E+00  0.00000E+00  0.00000E+00  0.00000E+00
   31636   3  0.00000E+00  0.00000E+00  0.00000E+00  0.00000E+00  0.00000E+00  0.00000E+00  0.00000E+00  0.00000E+00  0.00000E+00  0.00000E+00  0.00000E+00  0.00000E+00  0.00000E+00  0.00000E+00  0.00000E+00  0.00000E+00  0.00000E+00  0.00000E+00  0.00000E+00  0.00000E+00  0.00000E+00  0.00000E+00  0.00000E+00  0.00000E+00
   31636   2  0.00000E+00  0.00000E+00  0.00000E+00  0.00000E+00  0.00000E+00  0.00000E+00  0.00000E+00  0.00000E+00  0.00000E+00  0.00000E+00  0.00000E+00  0.00000E+00  0.00000E+00  0.00000E+00  0.00000E+00  0.00000E+00  0.00000E+00  0.00000E+00  0.00000E+00  0.00000E+00  0.00000E+00  0.00000E+00  0.00000E+00  0.00000E+00
   32694   3  0.00000E+00  0.00000E+00  0.00000E+00  0.00000E+00  0.00000E+00  0.00000E+00  0.00000E+00  0.00000E+00  0.00000E+00  0.00000E+00  0.00000E+00  0.00000E+00  0.00000E+00  0.00000E+00  0.00000E+00  0.00000E+00  0.00000E+00  0.00000E+00  0.00000E+00  0.00000E+00  0.00000E+00  0.00000E+00  0.00000E+00  0.00000E+00
   17888   3  0.00000E+00  0.00000E+00  0.00000E+00  0.00000E+00  0.00000E+00  0.00000E+00  0.00000E+00  0.00000E+00  0.00000E+00  0.00000E+00  0.00000E+00  0.00000E+00  0.00000E+00  0.00000E+00  0.00000E+00  0.00000E+00  0.00000E+00  0.00000E+00  0.00000E+00  0.00000E+00  0.00000E+00  0.00000E+00  0.00000E+00  0.00000E+00
   19303   4  7.49194E-08  7.49194E-08  7.49194E-08  7.49194E-08  7.49194E-08  7.49194E-08  7.49194E-08  7.49194E-08  7.49194E-08  7.49194E-08  7.49194E-08  7.49194E-08  7.49194E-08  7.49194E-08  7.49194E-08  7.49194E-08  7.49194E-08  7.49194E-08  7.49194E-08  7.49194E-08  7.49194E-08  7.49194E-08  7.49194E-08  7.49194E-08
   20352   4  0.00000E+00  0.00000E+00  0.00000E+00  0.00000E+00  0.00000E+00  0.00000E+00  0.00000E+00  0.00000E+00  0.00000E+00  0.00000E+00  0.00000E+00  0.00000E+00  0.00000E+00  0.00000E+00  0.00000E+00  0.00000E+00  0.00000E+00  0.00000E+00  0.00000E+00  0.00000E+00  0.00000E+00  0.00000E+00  0.00000E+00  0.00000E+00
   20352   7  0.00000E+00  0.00000E+00  0.00000E+00  0.00000E+00  0.00000E+00  0.00000E+00  0.00000E+00  0.00000E+00  0.00000E+00  0.00000E+00  0.00000E+00  0.00000E+00  0.00000E+00  0.00000E+00  0.00000E+00  0.00000E+00  0.00000E+00  0.00000E+00  0.00000E+00  0.00000E+00  0.00000E+00  0.00000E+00  0.00000E+00  0.00000E+00
   24938   4  1.17128E-05  1.17128E-05  1.17128E-05  1.17128E-05  1.17128E-05  1.17128E-05  1.17128E-05  1.17128E-05  1.17128E-05  1.17128E-05  1.17128E-05  1.17128E-05  1.17128E-05  1.17128E-05  1.17128E-05  1.17128E-05  1.17128E-05  1.17128E-05  1.17128E-05  1.17128E-05  1.17128E-05  1.17128E-05  1.17128E-05  1.17128E-05
   24938   3  2.15000E-04  2.15000E-04  2.15000E-04  2.15000E-04  2.15000E-04  2.15000E-04  2.15000E-04  2.15000E-04  2.15000E-04  2.15000E-04  2.15000E-04  2.15000E-04  2.15000E-04  2.15000E-04  2.15000E-04  2.15000E-04  2.15000E-04  2.15000E-04  2.15000E-04  2.15000E-04  2.15000E-04  2.15000E-04  2.15000E-04  2.15000E-04
   24938   2  0.00000E+00  0.00000E+00  0.00000E+00  0.00000E+00  0.00000E+00  0.00000E+00  0.00000E+00  0.00000E+00  0.00000E+00  0.00000E+00  0.00000E+00  0.00000E+00  0.00000E+00  0.00000E+00  0.00000E+00  0.00000E+00  0.00000E+00  0.00000E+00  0.00000E+00  0.00000E+00  0.00000E+00  0.00000E+00  0.00000E+00  0.00000E+00
   24938   7  0.00000E+00  0.00000E+00  0.00000E+00  0.00000E+00  0.00000E+00  0.00000E+00  0.00000E+00  0.00000E+00  0.00000E+00  0.00000E+00  0.00000E+00  0.00000E+00  0.00000E+00  0.00000E+00  0.00000E+00  0.00000E+00  0.00000E+00  0.00000E+00  0.00000E+00  0.00000E+00  0.00000E+00  0.00000E+00  0.00000E+00  0.00000E+00
   31639   3  0.00000E+00  0.00000E+00  0.00000E+00  0.00000E+00  0.00000E+00  0.00000E+00  0.00000E+00  0.00000E+00  0.00000E+00  0.00000E+00  0.00000E+00  0.00000E+00  0.00000E+00  0.00000E+00  0.00000E+00  0.00000E+00  0.00000E+00  0.00000E+00  0.00000E+00  0.00000E+00  0.00000E+00  0.00000E+00  0.00000E+00  0.00000E+00
   13317   4  2.68778E-05  2.68778E-05  2.68778E-05  2.68778E-05  2.68778E-05  2.68778E-05  2.68778E-05  2.68778E-05  2.68778E-05  2.68778E-05  2.68778E-05  2.68778E-05  2.68778E-05  2.68778E-05  2.68778E-05  2.68778E-05  2.68778E-05  2.68778E-05  2.68778E-05  2.68778E-05  2.68778E-05  2.68778E-05  2.68778E-05  2.68778E-05
   12967   4  3.83130E-06  3.83130E-06  3.83130E-06  3.83130E-06  3.83130E-06  3.83130E-06  3.83130E-06  3.83130E-06  3.83130E-06  3.83130E-06  3.83130E-06  3.83130E-06  3.83130E-06  3.83130E-06  3.83130E-06  3.83130E-06  3.83130E-06  3.83130E-06  3.83130E-06  3.83130E-06  3.83130E-06  3.83130E-06  3.83130E-06  3.83130E-06
   12967   3  0.00000E+00  0.00000E+00  0.00000E+00  0.00000E+00  0.00000E+00  0.00000E+00  0.00000E+00  0.00000E+00  0.00000E+00  0.00000E+00  0.00000E+00  0.00000E+00  0.00000E+00  1.51063E-05  1.51063E-05  1.51063E-05  1.51063E-05  1.51063E-05  1.51063E-05  1.51063E-05  1.51063E-05  0.00000E+00  0.00000E+00  0.00000E+00
   26700   3  0.00000E+00  0.00000E+00  0.00000E+00  0.00000E+00  0.00000E+00  0.00000E+00  0.00000E+00  0.00000E+00  0.00000E+00  0.00000E+00  0.00000E+00  0.00000E+00  0.00000E+00  0.00000E+00  0.00000E+00  0.00000E+00  0.00000E+00  0.00000E+00  0.00000E+00  0.00000E+00  0.00000E+00  0.00000E+00  0.00000E+00  0.00000E+00
   16475   3  0.00000E+00  0.00000E+00  0.00000E+00  0.00000E+00  0.00000E+00  0.00000E+00  0.00000E+00  0.00000E+00  0.00000E+00  0.00000E+00  0.00000E+00  0.00000E+00  0.00000E+00  0.00000E+00  0.00000E+00  0.00000E+00  0.00000E+00  0.00000E+00  0.00000E+00  0.00000E+00  0.00000E+00  0.00000E+00  0.00000E+00  0.00000E+00
   16475   2  0.00000E+00  0.00000E+00  0.00000E+00  0.00000E+00  0.00000E+00  0.00000E+00  0.00000E+00  0.00000E+00  0.00000E+00  0.00000E+00  0.00000E+00  0.00000E+00  0.00000E+00  0.00000E+00  0.00000E+00  0.00000E+00  0.00000E+00  0.00000E+00  0.00000E+00  0.00000E+00  0.00000E+00  0.00000E+00  0.00000E+00  0.00000E+00
   16481   3  0.00000E+00  0.00000E+00  0.00000E+00  0.00000E+00  0.00000E+00  0.00000E+00  0.00000E+00  0.00000E+00  0.00000E+00  0.00000E+00  0.00000E+00  0.00000E+00  0.00000E+00  0.00000E+00  0.00000E+00  0.00000E+00  0.00000E+00  0.00000E+00  0.00000E+00  0.00000E+00  0.00000E+00  0.00000E+00  0.00000E+00  0.00000E+00
   16481   7  0.00000E+00  0.00000E+00  0.00000E+00  0.00000E+00  0.00000E+00  0.00000E+00  0.00000E+00  0.00000E+00  0.00000E+00  0.00000E+00  0.00000E+00  0.00000E+00  0.00000E+00  0.00000E+00  0.00000E+00  0.00000E+00  0.00000E+00  0.00000E+00  0.00000E+00  0.00000E+00  0.00000E+00  0.00000E+00  0.00000E+00  0.00000E+00
   25290   6  0.00000E+00  0.00000E+00  0.00000E+00  0.00000E+00  0.00000E+00  0.00000E+00  0.00000E+00  0.00000E+00  0.00000E+00  0.00000E+00  0.00000E+00  0.00000E+00  0.00000E+00  0.00000E+00  0.00000E+00  0.00000E+00  0.00000E+00  0.00000E+00  0.00000E+00  0.00000E+00  0.00000E+00  0.00000E+00  0.00000E+00  0.00000E+00
   25290   3  0.00000E+00  0.00000E+00  0.00000E+00  0.00000E+00  0.00000E+00  0.00000E+00  0.00000E+00  0.00000E+00  0.00000E+00  0.00000E+00  0.00000E+00  0.00000E+00  0.00000E+00  0.00000E+00  0.00000E+00  0.00000E+00  0.00000E+00  0.00000E+00  0.00000E+00  0.00000E+00  0.00000E+00  0.00000E+00  0.00000E+00  0.00000E+00
   26704   4  1.31359E-06  1.31359E-06  1.31359E-06  1.31359E-06  1.31359E-06  1.31359E-06  1.31359E-06  1.31359E-06  1.31359E-06  1.31359E-06  1.31359E-06  1.31359E-06  1.31359E-06  1.31359E-06  1.31359E-06  1.31359E-06  1.31359E-06  1.31359E-06  1.31359E-06  1.31359E-06  1.31359E-06  1.31359E-06  1.31359E-06  1.31359E-06
   26704   2  0.00000E+00  0.00000E+00  0.00000E+00  0.00000E+00  0.00000E+00  0.00000E+00  0.00000E+00  0.00000E+00  0.00000E+00  0.00000E+00  0.00000E+00  0.00000E+00  0.00000E+00  0.00000E+00  0.00000E+00  0.00000E+00  0.00000E+00  0.00000E+00  0.00000E+00  0.00000E+00  0.00000E+00  0.00000E+00  0.00000E+00  0.00000E+00
   20009   2  0.00000E+00  0.00000E+00  0.00000E+00  0.00000E+00  0.00000E+00  0.00000E+00  0.00000E+00  0.00000E+00  0.00000E+00  0.00000E+00  0.00000E+00  0.00000E+00  0.00000E+00  0.00000E+00  0.00000E+00  0.00000E+00  0.00000E+00  0.00000E+00  0.00000E+00  0.00000E+00  0.00000E+00  0.00000E+00  0.00000E+00  0.00000E+00
   20362   3  0.00000E+00  0.00000E+00  0.00000E+00  0.00000E+00  0.00000E+00  0.00000E+00  0.00000E+00  0.00000E+00  0.00000E+00  0.00000E+00  0.00000E+00  0.00000E+00  0.00000E+00  0.00000E+00  0.00000E+00  0.00000E+00  0.00000E+00  0.00000E+00  0.00000E+00  0.00000E+00  0.00000E+00  0.00000E+00  0.00000E+00  0.00000E+00
   20362   2  0.00000E+00  0.00000E+00  0.00000E+00  0.00000E+00  0.00000E+00  0.00000E+00  0.00000E+00  0.00000E+00  0.00000E+00  0.00000E+00  0.00000E+00  0.00000E+00  0.00000E+00  0.00000E+00  0.00000E+00  0.00000E+00  0.00000E+00  0.00000E+00  0.00000E+00  0.00000E+00  0.00000E+00  0.00000E+00  0.00000E+00  0.00000E+00
   19305   3  1.40116E-05  1.40116E-05  1.40116E-05  1.40116E-05  1.40116E-05  1.40116E-05  1.40116E-05  1.40116E-05  1.40116E-05  1.40116E-05  1.40116E-05  1.40116E-05  1.40116E-05  1.40116E-05  1.40116E-05  1.40116E-05  1.40116E-05  1.40116E-05  1.40116E-05  1.40116E-05  1.40116E-05  1.40116E-05  1.40116E-05  1.40116E-05
   19305   4  1.23891E-03  1.23891E-03  1.23891E-03  1.23891E-03  1.23891E-03  1.23891E-03  1.23891E-03  1.23891E-03  1.23891E-03  1.23891E-03  1.23891E-03  1.23891E-03  1.23891E-03  1.23891E-03  1.23891E-03  1.23891E-03  1.23891E-03  1.23891E-03  1.23891E-03  1.23891E-03  1.23891E-03  1.23891E-03  1.23891E-03  1.23891E-03
   19305   5  0.00000E+00  0.00000E+00  0.00000E+00  0.00000E+00  0.00000E+00  0.00000E+00  0.00000E+00  0.00000E+00  0.00000E+00  0.00000E+00  0.00000E+00  0.00000E+00  0.00000E+00  0.00000E+00  0.00000E+00  0.00000E+00  0.00000E+00  0.00000E+00  0.00000E+00  0.00000E+00  0.00000E+00  0.00000E+00  0.00000E+00  0.00000E+00
   19306   3  0.00000E+00  0.00000E+00  0.00000E+00  0.00000E+00  0.00000E+00  0.00000E+00  0.00000E+00  0.00000E+00  0.00000E+00  0.00000E+00  0.00000E+00  0.00000E+00  0.00000E+00  0.00000E+00  0.00000E+00  0.00000E+00  0.00000E+00  0.00000E+00  0.00000E+00  0.00000E+00  0.00000E+00  0.00000E+00  0.00000E+00  0.00000E+00
   19306   7  0.00000E+00  0.00000E+00  0.00000E+00  0.00000E+00  0.00000E+00  0.00000E+00  0.00000E+00  0.00000E+00  0.00000E+00  0.00000E+00  0.00000E+00  0.00000E+00  0.00000E+00  0.00000E+00  0.00000E+00  0.00000E+00  0.00000E+00  0.00000E+00  0.00000E+00  0.00000E+00  0.00000E+00  0.00000E+00  0.00000E+00  0.00000E+00
   29869   3  0.00000E+00  0.00000E+00  0.00000E+00  0.00000E+00  0.00000E+00  0.00000E+00  0.00000E+00  0.00000E+00  0.00000E+00  0.00000E+00  0.00000E+00  0.00000E+00  0.00000E+00  0.00000E+00  0.00000E+00  0.00000E+00  0.00000E+00  0.00000E+00  0.00000E+00  0.00000E+00  0.00000E+00  0.00000E+00  0.00000E+00  0.00000E+00
   15423   5  0.00000E+00  0.00000E+00  0.00000E+00  0.00000E+00  0.00000E+00  0.00000E+00  0.00000E+00  0.00000E+00  0.00000E+00  0.00000E+00  0.00000E+00  0.00000E+00  0.00000E+00  0.00000E+00  0.00000E+00  0.00000E+00  0.00000E+00  0.00000E+00  0.00000E+00  0.00000E+00  0.00000E+00  0.00000E+00  0.00000E+00  0.00000E+00
   15071   2  0.00000E+00  0.00000E+00  0.00000E+00  0.00000E+00  0.00000E+00  0.00000E+00  0.00000E+00  0.00000E+00  0.00000E+00  0.00000E+00  0.00000E+00  0.00000E+00  0.00000E+00  0.00000E+00  0.00000E+00  0.00000E+00  0.00000E+00  0.00000E+00  0.00000E+00  0.00000E+00  0.00000E+00  0.00000E+00  0.00000E+00  0.00000E+00
   15423   3  0.00000E+00  0.00000E+00  0.00000E+00  0.00000E+00  0.00000E+00  0.00000E+00  0.00000E+00  0.00000E+00  0.00000E+00  0.00000E+00  0.00000E+00  0.00000E+00  0.00000E+00  0.00000E+00  0.00000E+00  0.00000E+00  0.00000E+00  0.00000E+00  0.00000E+00  0.00000E+00  0.00000E+00  0.00000E+00  0.00000E+00  0.00000E+00
   15423   2  0.00000E+00  0.00000E+00  0.00000E+00  0.00000E+00  0.00000E+00  0.00000E+00  0.00000E+00  0.00000E+00  0.00000E+00  0.00000E+00  0.00000E+00  0.00000E+00  0.00000E+00  0.00000E+00  0.00000E+00  0.00000E+00  0.00000E+00  0.00000E+00  0.00000E+00  0.00000E+00  0.00000E+00  0.00000E+00  0.00000E+00  0.00000E+00
   29174   3  0.00000E+00  0.00000E+00  0.00000E+00  0.00000E+00  0.00000E+00  0.00000E+00  0.00000E+00  0.00000E+00  0.00000E+00  0.00000E+00  0.00000E+00  0.00000E+00  0.00000E+00  0.00000E+00  0.00000E+00  0.00000E+00  0.00000E+00  0.00000E+00  0.00000E+00  0.00000E+00  0.00000E+00  0.00000E+00  0.00000E+00  0.00000E+00
   29174   2  0.00000E+00  0.00000E+00  0.00000E+00  0.00000E+00  0.00000E+00  0.00000E+00  0.00000E+00  0.00000E+00  0.00000E+00  0.00000E+00  0.00000E+00  0.00000E+00  0.00000E+00  0.00000E+00  0.00000E+00  0.00000E+00  0.00000E+00  0.00000E+00  0.00000E+00  0.00000E+00  0.00000E+00  0.00000E+00  0.00000E+00  0.00000E+00
   28558   3  1.46826E-04  1.46826E-04  1.46826E-04  1.46826E-04  1.46826E-04  8.42776E-05  8.42776E-05  8.42776E-05  8.42776E-05  8.42776E-05  8.42776E-05  8.42776E-05  8.42776E-05  1.46826E-04  1.46826E-04  1.46826E-04  1.46826E-04  1.46826E-04  1.46826E-04  1.46826E-04  1.46826E-04  1.46826E-04  1.46826E-04  1.46826E-04
   28558   4  6.13881E-04  6.13881E-04  6.13881E-04  6.13881E-04  6.13881E-04  6.13881E-04  6.13881E-04  6.13881E-04  6.13881E-04  6.13881E-04  6.13881E-04  6.13881E-04  6.13881E-04  6.13881E-04  6.13881E-04  6.13881E-04  6.13881E-04  6.13881E-04  6.13881E-04  6.13881E-04  6.13881E-04  6.13881E-04  6.13881E-04  6.13881E-04
   28558   2  0.00000E+00  0.00000E+00  0.00000E+00  0.00000E+00  0.00000E+00  0.00000E+00  0.00000E+00  0.00000E+00  0.00000E+00  0.00000E+00  0.00000E+00  0.00000E+00  0.00000E+00  0.00000E+00  0.00000E+00  0.00000E+00  0.00000E+00  0.00000E+00  0.00000E+00  0.00000E+00  0.00000E+00  0.00000E+00  0.00000E+00  0.00000E+00
   28911   3  0.00000E+00  0.00000E+00  0.00000E+00  0.00000E+00  0.00000E+00  0.00000E+00  0.00000E+00  0.00000E+00  0.00000E+00  0.00000E+00  0.00000E+00  0.00000E+00  0.00000E+00  0.00000E+00  0.00000E+00  0.00000E+00  0.00000E+00  0.00000E+00  0.00000E+00  0.00000E+00  0.00000E+00  0.00000E+00  0.00000E+00  0.00000E+00
   29621   4  3.53406E-05  3.53406E-05  3.53406E-05  3.53406E-05  3.53406E-05  3.53406E-05  3.53406E-05  3.53406E-05  3.53406E-05  3.53406E-05  3.53406E-05  3.53406E-05  3.53406E-05  3.53406E-05  3.53406E-05  3.53406E-05  3.53406E-05  3.53406E-05  3.53406E-05  3.53406E-05  3.53406E-05  3.53406E-05  3.53406E-05  3.53406E-05
   29616   7  0.00000E+00  0.00000E+00  0.00000E+00  0.00000E+00  0.00000E+00  0.00000E+00  0.00000E+00  0.00000E+00  0.00000E+00  0.00000E+00  0.00000E+00  0.00000E+00  0.00000E+00  0.00000E+00  0.00000E+00  0.00000E+00  0.00000E+00  0.00000E+00  0.00000E+00  0.00000E+00  0.00000E+00  0.00000E+00  0.00000E+00  0.00000E+00
   28204   3  2.70369E-05  2.70369E-05  2.70369E-05  2.70369E-05  2.70369E-05  0.00000E+00  0.00000E+00  0.00000E+00  0.00000E+00  0.00000E+00  0.00000E+00  0.00000E+00  0.00000E+00  2.70369E-05  2.70369E-05  2.70369E-05  2.70369E-05  2.70369E-05  2.70369E-05  2.70369E-05  2.70369E-05  2.70369E-05  2.70369E-05  2.70369E-05
   28204   4  0.00000E+00  0.00000E+00  0.00000E+00  0.00000E+00  0.00000E+00  0.00000E+00  0.00000E+00  0.00000E+00  0.00000E+00  0.00000E+00  0.00000E+00  0.00000E+00  0.00000E+00  0.00000E+00  0.00000E+00  0.00000E+00  0.00000E+00  0.00000E+00  0.00000E+00  0.00000E+00  0.00000E+00  0.00000E+00  0.00000E+00  0.00000E+00
   28204   7  0.00000E+00  0.00000E+00  0.00000E+00  0.00000E+00  0.00000E+00  0.00000E+00  0.00000E+00  0.00000E+00  0.00000E+00  0.00000E+00  0.00000E+00  0.00000E+00  0.00000E+00  0.00000E+00  0.00000E+00  0.00000E+00  0.00000E+00  0.00000E+00  0.00000E+00  0.00000E+00  0.00000E+00  0.00000E+00  0.00000E+00  0.00000E+00
   28221   3  0.00000E+00  0.00000E+00  0.00000E+00  0.00000E+00  0.00000E+00  0.00000E+00  0.00000E+00  0.00000E+00  0.00000E+00  0.00000E+00  0.00000E+00  0.00000E+00  0.00000E+00  0.00000E+00  0.00000E+00  0.00000E+00  0.00000E+00  0.00000E+00  0.00000E+00  0.00000E+00  0.00000E+00  0.00000E+00  0.00000E+00  0.00000E+00
   28221   2  0.00000E+00  0.00000E+00  0.00000E+00  0.00000E+00  0.00000E+00  0.00000E+00  0.00000E+00  0.00000E+00  0.00000E+00  0.00000E+00  0.00000E+00  0.00000E+00  0.00000E+00  0.00000E+00  0.00000E+00  0.00000E+00  0.00000E+00  0.00000E+00  0.00000E+00  0.00000E+00  0.00000E+00  0.00000E+00  0.00000E+00  0.00000E+00
   36171   3  6.08232E-06  6.08232E-06  6.08232E-06  6.08232E-06  6.08232E-06  6.08232E-06  6.08232E-06  6.08232E-06  6.08232E-06  6.08232E-06  6.08232E-06  6.08232E-06  6.08232E-06  6.08232E-06  6.08232E-06  6.08232E-06  6.08232E-06  6.08232E-06  6.08232E-06  6.08232E-06  6.08232E-06  6.08232E-06  6.08232E-06  6.08232E-06
   34059   3  1.43774E-06  1.43774E-06  1.43774E-06  1.43774E-06  1.43774E-06  1.43774E-06  1.43774E-06  1.43774E-06  1.43774E-06  1.43774E-06  1.43774E-06  1.43774E-06  1.43774E-06  1.43774E-06  1.43774E-06  1.43774E-06  1.43774E-06  1.43774E-06  1.43774E-06  1.43774E-06  1.43774E-06  1.43774E-06  1.43774E-06  1.43774E-06
   34059   7  0.00000E+00  0.00000E+00  0.00000E+00  0.00000E+00  0.00000E+00  0.00000E+00  0.00000E+00  0.00000E+00  0.00000E+00  0.00000E+00  0.00000E+00  0.00000E+00  0.00000E+00  0.00000E+00  0.00000E+00  0.00000E+00  0.00000E+00  0.00000E+00  0.00000E+00  0.00000E+00  0.00000E+00  0.00000E+00  0.00000E+00  0.00000E+00
   35117   4  0.00000E+00  0.00000E+00  0.00000E+00  0.00000E+00  0.00000E+00  0.00000E+00  0.00000E+00  0.00000E+00  0.00000E+00  0.00000E+00  0.00000E+00  0.00000E+00  0.00000E+00  0.00000E+00  0.00000E+00  0.00000E+00  0.00000E+00  0.00000E+00  0.00000E+00  0.00000E+00  0.00000E+00  0.00000E+00  0.00000E+00  0.00000E+00
   37574   3  2.34124E-06  2.34124E-06  2.34124E-06  2.34124E-06  2.34124E-06  2.34124E-06  2.34124E-06  2.34124E-06  2.34124E-06  2.34124E-06  2.34124E-06  2.34124E-06  2.34124E-06  2.34124E-06  2.34124E-06  2.34124E-06  2.34124E-06  2.34124E-06  2.34124E-06  2.34124E-06  2.34124E-06  2.34124E-06  2.34124E-06  2.34124E-06
   37927   3  3.71626E-07  3.71626E-07  3.71626E-07  3.71626E-07  3.71626E-07  3.71626E-07  3.71626E-07  3.71626E-07  3.71626E-07  3.71626E-07  3.71626E-07  3.71626E-07  3.71626E-07  3.71626E-07  3.71626E-07  3.71626E-07  3.71626E-07  3.71626E-07  3.71626E-07  3.71626E-07  3.71626E-07  3.71626E-07  3.71626E-07  3.71626E-07
   34411   3  7.27215E-07  7.27215E-07  7.27215E-07  7.27215E-07  7.27215E-07  7.27215E-07  7.27215E-07  7.27215E-07  7.27215E-07  7.27215E-07  7.27215E-07  7.27215E-07  7.27215E-07  7.27215E-07  7.27215E-07  7.27215E-07  7.27215E-07  7.27215E-07  7.27215E-07  7.27215E-07  7.27215E-07  7.27215E-07  7.27215E-07  7.27215E-07
   34765   3  9.90012E-08  9.90012E-08  9.90012E-08  9.90012E-08  9.90012E-08  9.90012E-08  9.90012E-08  9.90012E-08  9.90012E-08  9.90012E-08  9.90012E-08  9.90012E-08  9.90012E-08  9.90012E-08  9.90012E-08  9.90012E-08  9.90012E-08  9.90012E-08  9.90012E-08  9.90012E-08  9.90012E-08  9.90012E-08  9.90012E-08  9.90012E-08
