CH4 ,RADM-2, Emissions
         909 ,2005-03-16_00:00:00,SAT
   47145   3  0.00000E+00  0.00000E+00  0.00000E+00  0.00000E+00  0.00000E+00  0.00000E+00  0.00000E+00  0.00000E+00  0.00000E+00  0.00000E+00  0.00000E+00  0.00000E+00  0.00000E+00  0.00000E+00  0.00000E+00  0.00000E+00  0.00000E+00  0.00000E+00  0.00000E+00  0.00000E+00  0.00000E+00  0.00000E+00  0.00000E+00  0.00000E+00
   46441   2  8.09079E+02  8.09079E+02  8.09079E+02  8.09079E+02  8.09079E+02  8.09079E+02  8.09079E+02  8.09079E+02  8.09079E+02  8.09079E+02  8.09079E+02  8.09079E+02  8.09079E+02  8.09079E+02  8.09079E+02  8.09079E+02  8.09079E+02  8.09079E+02  8.09079E+02  8.09079E+02  8.09079E+02  8.09079E+02  8.09079E+02  8.09079E+02
   46441   3  1.31049E+02  1.31049E+02  1.31049E+02  1.31049E+02  1.31049E+02  1.31049E+02  1.31049E+02  1.31049E+02  1.31049E+02  1.31049E+02  1.31049E+02  1.31049E+02  1.31049E+02  1.31049E+02  1.31049E+02  1.31049E+02  1.31049E+02  1.31049E+02  1.31049E+02  1.31049E+02  1.31049E+02  1.31049E+02  1.31049E+02  1.31049E+02
   76270   4  3.76139E+02  3.76139E+02  3.76139E+02  3.76139E+02  3.76139E+02  3.76139E+02  3.76139E+02  3.76139E+02  3.76139E+02  3.76139E+02  3.76139E+02  3.76139E+02  3.76139E+02  3.76139E+02  3.76139E+02  3.76139E+02  3.76139E+02  3.76139E+02  3.76139E+02  3.76139E+02  3.76139E+02  3.76139E+02  3.76139E+02  3.76139E+02
   76270   3  0.00000E+00  0.00000E+00  0.00000E+00  0.00000E+00  0.00000E+00  0.00000E+00  0.00000E+00  0.00000E+00  0.00000E+00  0.00000E+00  0.00000E+00  0.00000E+00  0.00000E+00  0.00000E+00  0.00000E+00  0.00000E+00  0.00000E+00  0.00000E+00  0.00000E+00  0.00000E+00  0.00000E+00  0.00000E+00  0.00000E+00  0.00000E+00
   76270   7  0.00000E+00  0.00000E+00  0.00000E+00  0.00000E+00  0.00000E+00  0.00000E+00  0.00000E+00  0.00000E+00  0.00000E+00  0.00000E+00  0.00000E+00  0.00000E+00  0.00000E+00  0.00000E+00  0.00000E+00  0.00000E+00  0.00000E+00  0.00000E+00  0.00000E+00  0.00000E+00  0.00000E+00  0.00000E+00  0.00000E+00  0.00000E+00
   79107   3  3.98092E+01  3.98092E+01  3.98092E+01  3.98092E+01  3.98092E+01  3.98092E+01  3.98092E+01  3.98092E+01  3.98092E+01  3.98092E+01  3.98092E+01  3.98092E+01  3.98092E+01  3.98092E+01  3.98092E+01  3.98092E+01  3.98092E+01  3.98092E+01  3.98092E+01  3.98092E+01  3.98092E+01  3.98092E+01  3.98092E+01  3.98092E+01
   79108   3  0.00000E+00  0.00000E+00  0.00000E+00  0.00000E+00  0.00000E+00  0.00000E+00  0.00000E+00  0.00000E+00  0.00000E+00  0.00000E+00  0.00000E+00  0.00000E+00  0.00000E+00  0.00000E+00  0.00000E+00  0.00000E+00  0.00000E+00  0.00000E+00  0.00000E+00  0.00000E+00  0.00000E+00  0.00000E+00  0.00000E+00  0.00000E+00
   72399   3  4.09210E-03  4.09210E-03  4.09210E-03  4.09210E-03  4.09210E-03  4.09210E-03  4.09210E-03  4.09210E-03  4.09210E-03  4.09210E-03  4.09210E-03  4.09210E-03  4.09210E-03  4.09210E-03  4.09210E-03  4.09210E-03  4.09210E-03  4.09210E-03  4.09210E-03  4.09210E-03  4.09210E-03  4.09210E-03  4.09210E-03  4.09210E-03
   79107   4  1.31667E+00  1.31667E+00  1.31667E+00  1.31667E+00  1.31667E+00  1.31667E+00  1.31667E+00  1.31667E+00  1.31667E+00  1.31667E+00  1.31667E+00  1.31667E+00  1.31667E+00  1.31667E+00  1.31667E+00  1.31667E+00  1.31667E+00  1.31667E+00  1.31667E+00  1.31667E+00  1.31667E+00  1.31667E+00  1.31667E+00  1.31667E+00
   79106   4  2.02526E+00  2.02526E+00  2.02526E+00  2.02526E+00  2.02526E+00  2.02526E+00  2.02526E+00  2.02526E+00  2.02526E+00  2.02526E+00  2.02526E+00  2.02526E+00  2.02526E+00  2.02526E+00  2.02526E+00  2.02526E+00  2.02526E+00  2.02526E+00  2.02526E+00  2.02526E+00  2.02526E+00  2.02526E+00  2.02526E+00  2.02526E+00
   78754   3  2.51740E-03  2.51740E-03  2.51740E-03  2.51740E-03  2.51740E-03  2.51740E-03  2.51740E-03  2.51740E-03  2.51740E-03  2.51740E-03  2.51740E-03  2.51740E-03  2.51740E-03  2.51740E-03  2.51740E-03  2.51740E-03  2.51740E-03  2.51740E-03  2.51740E-03  2.51740E-03  2.51740E-03  2.51740E-03  2.51740E-03  2.51740E-03
   78754   4  3.15409E+01  3.15409E+01  3.15409E+01  3.15409E+01  3.15409E+01  3.15409E+01  3.15409E+01  3.15409E+01  3.15409E+01  3.15409E+01  3.15409E+01  3.15409E+01  3.15409E+01  3.15409E+01  3.15409E+01  3.15409E+01  3.15409E+01  3.15409E+01  3.15409E+01  3.15409E+01  3.15409E+01  3.15409E+01  3.15409E+01  3.15409E+01
   78755   3  0.00000E+00  0.00000E+00  0.00000E+00  0.00000E+00  0.00000E+00  0.00000E+00  0.00000E+00  0.00000E+00  0.00000E+00  0.00000E+00  0.00000E+00  0.00000E+00  0.00000E+00  0.00000E+00  0.00000E+00  0.00000E+00  0.00000E+00  0.00000E+00  0.00000E+00  0.00000E+00  0.00000E+00  0.00000E+00  0.00000E+00  0.00000E+00
   79107   7  0.00000E+00  0.00000E+00  0.00000E+00  0.00000E+00  0.00000E+00  0.00000E+00  0.00000E+00  0.00000E+00  0.00000E+00  0.00000E+00  0.00000E+00  0.00000E+00  0.00000E+00  0.00000E+00  0.00000E+00  1.56008E+01  1.56008E+01  1.56008E+01  1.56008E+01  1.56008E+01  1.56008E+01  1.56008E+01  1.56008E+01  0.00000E+00
   78738   4  0.00000E+00  0.00000E+00  0.00000E+00  0.00000E+00  0.00000E+00  0.00000E+00  0.00000E+00  0.00000E+00  0.00000E+00  0.00000E+00  0.00000E+00  0.00000E+00  0.00000E+00  0.00000E+00  0.00000E+00  0.00000E+00  0.00000E+00  0.00000E+00  0.00000E+00  0.00000E+00  0.00000E+00  0.00000E+00  0.00000E+00  0.00000E+00
   78383   3  0.00000E+00  0.00000E+00  0.00000E+00  0.00000E+00  0.00000E+00  0.00000E+00  0.00000E+00  0.00000E+00  0.00000E+00  0.00000E+00  0.00000E+00  0.00000E+00  0.00000E+00  0.00000E+00  0.00000E+00  0.00000E+00  0.00000E+00  0.00000E+00  0.00000E+00  0.00000E+00  0.00000E+00  0.00000E+00  0.00000E+00  0.00000E+00
   78383   2  0.00000E+00  0.00000E+00  0.00000E+00  0.00000E+00  0.00000E+00  0.00000E+00  0.00000E+00  0.00000E+00  0.00000E+00  0.00000E+00  0.00000E+00  0.00000E+00  0.00000E+00  0.00000E+00  0.00000E+00  0.00000E+00  0.00000E+00  0.00000E+00  0.00000E+00  0.00000E+00  0.00000E+00  0.00000E+00  0.00000E+00  0.00000E+00
   78383   6  0.00000E+00  0.00000E+00  0.00000E+00  0.00000E+00  0.00000E+00  0.00000E+00  0.00000E+00  0.00000E+00  0.00000E+00  0.00000E+00  0.00000E+00  0.00000E+00  0.00000E+00  0.00000E+00  0.00000E+00  0.00000E+00  0.00000E+00  0.00000E+00  0.00000E+00  0.00000E+00  0.00000E+00  0.00000E+00  0.00000E+00  0.00000E+00
   78032   5  0.00000E+00  0.00000E+00  0.00000E+00  0.00000E+00  0.00000E+00  0.00000E+00  0.00000E+00  0.00000E+00  0.00000E+00  0.00000E+00  0.00000E+00  0.00000E+00  0.00000E+00  0.00000E+00  0.00000E+00  0.00000E+00  0.00000E+00  0.00000E+00  0.00000E+00  0.00000E+00  0.00000E+00  0.00000E+00  0.00000E+00  0.00000E+00
   51367   3  7.61376E-03  7.61376E-03  7.61376E-03  7.61376E-03  7.61376E-03  7.61376E-03  7.61376E-03  7.61376E-03  7.61376E-03  7.61376E-03  7.61376E-03  7.61376E-03  7.61376E-03  7.61376E-03  7.61376E-03  7.61376E-03  7.61376E-03  7.61376E-03  7.61376E-03  7.61376E-03  7.61376E-03  7.61376E-03  7.61376E-03  7.61376E-03
   52419   3  0.00000E+00  0.00000E+00  0.00000E+00  0.00000E+00  0.00000E+00  0.00000E+00  0.00000E+00  0.00000E+00  0.00000E+00  0.00000E+00  0.00000E+00  0.00000E+00  0.00000E+00  0.00000E+00  0.00000E+00  0.00000E+00  0.00000E+00  0.00000E+00  0.00000E+00  0.00000E+00  0.00000E+00  0.00000E+00  0.00000E+00  0.00000E+00
   47111   3  8.81513E-02  8.68467E-02  8.20012E-02  7.39874E-02  6.56010E-02  5.54535E-02  5.13458E-02  4.92920E-02  4.86074E-02  4.99766E-02  5.40843E-02  6.05881E-02  6.89746E-02  7.41092E-02  7.82168E-02  8.18110E-02  8.31803E-02  8.45495E-02  8.50629E-02  8.57476E-02  8.55764E-02  8.50629E-02  8.36937E-02  8.16399E-02
   52073   4  8.95736E-02  8.95736E-02  8.95736E-02  8.95736E-02  8.95736E-02  8.95736E-02  8.95736E-02  8.95736E-02  8.95736E-02  8.95736E-02  8.95736E-02  8.95736E-02  8.95736E-02  8.95736E-02  8.95736E-02  8.95736E-02  8.95736E-02  8.95736E-02  8.95736E-02  8.95736E-02  8.95736E-02  8.95736E-02  8.95736E-02  8.95736E-02
   52073   3  1.10189E-01  1.08558E-01  1.02502E-01  9.24843E-02  8.20012E-02  6.93169E-02  6.41823E-02  6.16150E-02  6.07592E-02  6.24708E-02  6.76054E-02  7.57351E-02  8.62182E-02  2.66025E+00  2.66538E+00  2.66988E+00  2.67159E+00  2.67330E+00  2.67394E+00  2.67480E+00  2.67458E+00  1.06329E-01  1.04617E-01  1.02050E-01
   52073   1  0.00000E+00  0.00000E+00  0.00000E+00  0.00000E+00  0.00000E+00  0.00000E+00  0.00000E+00  0.00000E+00  0.00000E+00  0.00000E+00  0.00000E+00  0.00000E+00  0.00000E+00  0.00000E+00  0.00000E+00  0.00000E+00  0.00000E+00  0.00000E+00  0.00000E+00  0.00000E+00  0.00000E+00  0.00000E+00  0.00000E+00  0.00000E+00
   52073   2  1.37005E+02  1.37005E+02  1.37005E+02  1.37005E+02  1.37005E+02  1.37005E+02  1.37005E+02  1.37005E+02  1.37005E+02  1.37005E+02  1.37005E+02  1.37005E+02  1.37005E+02  1.37005E+02  1.37005E+02  1.37005E+02  1.37005E+02  1.37005E+02  1.37005E+02  1.37005E+02  1.37005E+02  1.37005E+02  1.37005E+02  1.37005E+02
   52076   7  0.00000E+00  0.00000E+00  0.00000E+00  0.00000E+00  0.00000E+00  0.00000E+00  0.00000E+00  0.00000E+00  0.00000E+00  0.00000E+00  0.00000E+00  0.00000E+00  0.00000E+00  0.00000E+00  0.00000E+00  0.00000E+00  0.00000E+00  0.00000E+00  0.00000E+00  0.00000E+00  0.00000E+00  0.00000E+00  0.00000E+00  0.00000E+00
   56308   3  0.00000E+00  0.00000E+00  0.00000E+00  0.00000E+00  0.00000E+00  0.00000E+00  0.00000E+00  0.00000E+00  0.00000E+00  0.00000E+00  0.00000E+00  0.00000E+00  0.00000E+00  0.00000E+00  0.00000E+00  0.00000E+00  0.00000E+00  0.00000E+00  0.00000E+00  0.00000E+00  0.00000E+00  0.00000E+00  0.00000E+00  0.00000E+00
   57719   2  3.65444E-04  3.65444E-04  3.65444E-04  3.65444E-04  3.65444E-04  3.65444E-04  3.65444E-04  3.65444E-04  3.65444E-04  3.65444E-04  3.65444E-04  3.65444E-04  3.65444E-04  3.65444E-04  3.65444E-04  3.65444E-04  3.65444E-04  3.65444E-04  3.65444E-04  3.65444E-04  3.65444E-04  3.65444E-04  3.65444E-04  3.65444E-04
   58787   3  0.00000E+00  0.00000E+00  0.00000E+00  0.00000E+00  0.00000E+00  0.00000E+00  0.00000E+00  0.00000E+00  0.00000E+00  0.00000E+00  0.00000E+00  0.00000E+00  0.00000E+00  0.00000E+00  0.00000E+00  0.00000E+00  0.00000E+00  0.00000E+00  0.00000E+00  0.00000E+00  0.00000E+00  0.00000E+00  0.00000E+00  0.00000E+00
   58787   2  0.00000E+00  0.00000E+00  0.00000E+00  0.00000E+00  0.00000E+00  0.00000E+00  0.00000E+00  0.00000E+00  0.00000E+00  0.00000E+00  0.00000E+00  0.00000E+00  0.00000E+00  0.00000E+00  0.00000E+00  0.00000E+00  0.00000E+00  0.00000E+00  0.00000E+00  0.00000E+00  0.00000E+00  0.00000E+00  0.00000E+00  0.00000E+00
   52405   4  0.00000E+00  0.00000E+00  0.00000E+00  0.00000E+00  0.00000E+00  0.00000E+00  0.00000E+00  0.00000E+00  0.00000E+00  0.00000E+00  0.00000E+00  0.00000E+00  0.00000E+00  0.00000E+00  0.00000E+00  0.00000E+00  0.00000E+00  0.00000E+00  0.00000E+00  0.00000E+00  0.00000E+00  0.00000E+00  0.00000E+00  0.00000E+00
   53828   3  0.00000E+00  0.00000E+00  0.00000E+00  0.00000E+00  0.00000E+00  0.00000E+00  0.00000E+00  0.00000E+00  0.00000E+00  0.00000E+00  0.00000E+00  0.00000E+00  0.00000E+00  0.00000E+00  0.00000E+00  0.00000E+00  0.00000E+00  0.00000E+00  0.00000E+00  0.00000E+00  0.00000E+00  0.00000E+00  0.00000E+00  0.00000E+00
   59849   3  2.56252E-01  2.56252E-01  2.56252E-01  2.56252E-01  2.56252E-01  2.56252E-01  2.56252E-01  2.56252E-01  2.56252E-01  2.56252E-01  2.56252E-01  2.56252E-01  2.56252E-01  2.56252E-01  2.56252E-01  2.56252E-01  2.56252E-01  2.56252E-01  2.56252E-01  2.56252E-01  2.56252E-01  2.56252E-01  2.56252E-01  2.56252E-01
   59849   4  7.86904E-01  7.86904E-01  7.86904E-01  7.86904E-01  7.86904E-01  7.86904E-01  7.86904E-01  7.86904E-01  7.86904E-01  7.86904E-01  7.86904E-01  7.86904E-01  7.86904E-01  7.86904E-01  7.86904E-01  7.86904E-01  7.86904E-01  7.86904E-01  7.86904E-01  7.86904E-01  7.86904E-01  7.86904E-01  7.86904E-01  7.86904E-01
   46431   3  0.00000E+00  0.00000E+00  0.00000E+00  0.00000E+00  0.00000E+00  0.00000E+00  0.00000E+00  0.00000E+00  0.00000E+00  0.00000E+00  0.00000E+00  0.00000E+00  0.00000E+00  0.00000E+00  0.00000E+00  0.00000E+00  0.00000E+00  0.00000E+00  0.00000E+00  0.00000E+00  0.00000E+00  0.00000E+00  0.00000E+00  0.00000E+00
   46078   4  1.13031E-01  1.13031E-01  1.13031E-01  1.13031E-01  1.13031E-01  1.13031E-01  1.13031E-01  1.13031E-01  1.13031E-01  1.13031E-01  1.13031E-01  1.13031E-01  1.13031E-01  1.13031E-01  1.13031E-01  1.13031E-01  1.13031E-01  1.13031E-01  1.13031E-01  1.13031E-01  1.13031E-01  1.13031E-01  1.13031E-01  1.13031E-01
   46078   3  0.00000E+00  0.00000E+00  0.00000E+00  0.00000E+00  0.00000E+00  0.00000E+00  0.00000E+00  0.00000E+00  0.00000E+00  0.00000E+00  0.00000E+00  0.00000E+00  0.00000E+00  0.00000E+00  0.00000E+00  0.00000E+00  0.00000E+00  0.00000E+00  0.00000E+00  0.00000E+00  0.00000E+00  0.00000E+00  0.00000E+00  0.00000E+00
   46078   7  0.00000E+00  0.00000E+00  0.00000E+00  0.00000E+00  0.00000E+00  0.00000E+00  0.00000E+00  0.00000E+00  0.00000E+00  0.00000E+00  0.00000E+00  0.00000E+00  0.00000E+00  4.18701E+01  4.18701E+01  4.18701E+01  4.18701E+01  4.18701E+01  4.18701E+01  4.18701E+01  4.18701E+01  0.00000E+00  0.00000E+00  0.00000E+00
   47835   2  3.39899E+00  3.39899E+00  3.39899E+00  3.39899E+00  3.39899E+00  3.39899E+00  3.39899E+00  3.39899E+00  3.39899E+00  3.39899E+00  3.39899E+00  3.39899E+00  3.39899E+00  3.39899E+00  3.39899E+00  3.39899E+00  3.39899E+00  3.39899E+00  3.39899E+00  3.39899E+00  3.39899E+00  3.39899E+00  3.39899E+00  3.39899E+00
   47835   8  4.53459E-01  4.53459E-01  4.53459E-01  4.53459E-01  4.53459E-01  4.53459E-01  4.53459E-01  4.53459E-01  4.53459E-01  4.53459E-01  4.53459E-01  4.53459E-01  4.53459E-01  4.53459E-01  4.53459E-01  4.53459E-01  4.53459E-01  4.53459E-01  4.53459E-01  4.53459E-01  4.53459E-01  4.53459E-01  4.53459E-01  4.53459E-01
   47835   3  8.64385E-02  8.64385E-02  8.64385E-02  8.64385E-02  8.64385E-02  8.64385E-02  8.64385E-02  8.64385E-02  8.64385E-02  8.64385E-02  8.64385E-02  8.64385E-02  8.64385E-02  8.64385E-02  8.64385E-02  8.64385E-02  8.64385E-02  8.64385E-02  8.64385E-02  8.64385E-02  8.64385E-02  8.64385E-02  8.64385E-02  8.64385E-02
   56665   7  0.00000E+00  0.00000E+00  0.00000E+00  0.00000E+00  0.00000E+00  0.00000E+00  0.00000E+00  0.00000E+00  0.00000E+00  0.00000E+00  0.00000E+00  0.00000E+00  0.00000E+00  0.00000E+00  0.00000E+00  0.00000E+00  0.00000E+00  0.00000E+00  0.00000E+00  0.00000E+00  0.00000E+00  0.00000E+00  0.00000E+00  0.00000E+00
   45724   4  7.33675E-01  7.33675E-01  7.33675E-01  7.33675E-01  7.33675E-01  7.33675E-01  7.33675E-01  7.33675E-01  7.33675E-01  7.33675E-01  7.33675E-01  7.33675E-01  7.33675E-01  7.33675E-01  7.33675E-01  7.33675E-01  7.33675E-01  7.33675E-01  7.33675E-01  7.33675E-01  7.33675E-01  7.33675E-01  7.33675E-01  7.33675E-01
   45724   3  4.26547E-02  4.26547E-02  4.26547E-02  4.26547E-02  4.26547E-02  4.26547E-02  4.26547E-02  4.26547E-02  4.26547E-02  4.26547E-02  4.26547E-02  4.26547E-02  4.26547E-02  4.26547E-02  4.26547E-02  4.26547E-02  4.26547E-02  4.26547E-02  4.26547E-02  4.26547E-02  4.26547E-02  4.26547E-02  4.26547E-02  4.26547E-02
   44664   7  0.00000E+00  0.00000E+00  0.00000E+00  0.00000E+00  0.00000E+00  0.00000E+00  0.00000E+00  0.00000E+00  0.00000E+00  0.00000E+00  0.00000E+00  0.00000E+00  0.00000E+00  3.02588E-01  3.02588E-01  3.02588E-01  3.02588E-01  3.02588E-01  3.02588E-01  3.02588E-01  3.02588E-01  0.00000E+00  0.00000E+00  0.00000E+00
   45724   7  0.00000E+00  0.00000E+00  0.00000E+00  0.00000E+00  0.00000E+00  0.00000E+00  0.00000E+00  0.00000E+00  0.00000E+00  0.00000E+00  0.00000E+00  0.00000E+00  0.00000E+00  0.00000E+00  0.00000E+00  0.00000E+00  0.00000E+00  0.00000E+00  0.00000E+00  0.00000E+00  0.00000E+00  0.00000E+00  0.00000E+00  0.00000E+00
   56311   3  2.54944E+01  2.54944E+01  2.54944E+01  2.54944E+01  2.54944E+01  2.54944E+01  2.54944E+01  2.54944E+01  2.54944E+01  2.54944E+01  2.54944E+01  2.54944E+01  2.54944E+01  2.54944E+01  2.54944E+01  2.54944E+01  2.54944E+01  2.54944E+01  2.54944E+01  2.54944E+01  2.54944E+01  2.54944E+01  2.54944E+01  2.54944E+01
   46050   3  1.48617E+00  1.48617E+00  1.48617E+00  1.48617E+00  1.48617E+00  1.48617E+00  1.48617E+00  1.48617E+00  1.48617E+00  1.48617E+00  1.48617E+00  1.48617E+00  1.48617E+00  1.48617E+00  1.48617E+00  1.48617E+00  1.48617E+00  1.48617E+00  1.48617E+00  1.48617E+00  1.48617E+00  1.48617E+00  1.48617E+00  1.48617E+00
   46050   4  4.86242E-01  4.86242E-01  4.86242E-01  4.86242E-01  4.86242E-01  4.86242E-01  4.86242E-01  4.86242E-01  4.86242E-01  4.86242E-01  4.86242E-01  4.86242E-01  4.86242E-01  4.86242E-01  4.86242E-01  4.86242E-01  4.86242E-01  4.86242E-01  4.86242E-01  4.86242E-01  4.86242E-01  4.86242E-01  4.86242E-01  4.86242E-01
   46050   2  0.00000E+00  0.00000E+00  0.00000E+00  0.00000E+00  0.00000E+00  0.00000E+00  0.00000E+00  0.00000E+00  0.00000E+00  0.00000E+00  0.00000E+00  0.00000E+00  0.00000E+00  0.00000E+00  0.00000E+00  0.00000E+00  0.00000E+00  0.00000E+00  0.00000E+00  0.00000E+00  0.00000E+00  0.00000E+00  0.00000E+00  0.00000E+00
   46051   4  0.00000E+00  0.00000E+00  0.00000E+00  0.00000E+00  0.00000E+00  0.00000E+00  0.00000E+00  0.00000E+00  0.00000E+00  0.00000E+00  0.00000E+00  0.00000E+00  0.00000E+00  0.00000E+00  0.00000E+00  0.00000E+00  0.00000E+00  0.00000E+00  0.00000E+00  0.00000E+00  0.00000E+00  0.00000E+00  0.00000E+00  0.00000E+00
   71070   3  0.00000E+00  0.00000E+00  0.00000E+00  0.00000E+00  0.00000E+00  0.00000E+00  0.00000E+00  0.00000E+00  0.00000E+00  0.00000E+00  0.00000E+00  0.00000E+00  0.00000E+00  0.00000E+00  0.00000E+00  0.00000E+00  0.00000E+00  0.00000E+00  0.00000E+00  0.00000E+00  0.00000E+00  0.00000E+00  0.00000E+00  0.00000E+00
   55562   4  0.00000E+00  0.00000E+00  0.00000E+00  0.00000E+00  0.00000E+00  0.00000E+00  0.00000E+00  0.00000E+00  0.00000E+00  0.00000E+00  0.00000E+00  0.00000E+00  0.00000E+00  0.00000E+00  0.00000E+00  0.00000E+00  0.00000E+00  0.00000E+00  0.00000E+00  0.00000E+00  0.00000E+00  0.00000E+00  0.00000E+00  0.00000E+00
   59075   4  0.00000E+00  0.00000E+00  0.00000E+00  0.00000E+00  0.00000E+00  0.00000E+00  0.00000E+00  0.00000E+00  0.00000E+00  0.00000E+00  0.00000E+00  0.00000E+00  0.00000E+00  0.00000E+00  0.00000E+00  0.00000E+00  0.00000E+00  0.00000E+00  0.00000E+00  0.00000E+00  0.00000E+00  0.00000E+00  0.00000E+00  0.00000E+00
   57669   3  0.00000E+00  0.00000E+00  0.00000E+00  0.00000E+00  0.00000E+00  0.00000E+00  0.00000E+00  0.00000E+00  0.00000E+00  0.00000E+00  0.00000E+00  0.00000E+00  0.00000E+00  0.00000E+00  0.00000E+00  0.00000E+00  0.00000E+00  0.00000E+00  0.00000E+00  0.00000E+00  0.00000E+00  0.00000E+00  0.00000E+00  0.00000E+00
   59789   3  1.56231E-02  1.55166E-02  1.53302E-02  1.46380E-02  1.34932E-02  1.22951E-02  1.08455E-02  1.02587E-02  9.96527E-03  9.86747E-03  1.00631E-02  1.06499E-02  1.15790E-02  1.27771E-02  1.35106E-02  1.40974E-02  1.46108E-02  1.48064E-02  1.50021E-02  1.50754E-02  1.51732E-02  1.51488E-02  1.50754E-02  1.48798E-02
   59789   4  7.35847E-01  7.35847E-01  7.35847E-01  7.35847E-01  7.35847E-01  7.35847E-01  7.35847E-01  7.35847E-01  7.35847E-01  7.35847E-01  7.35847E-01  7.35847E-01  7.35847E-01  7.35847E-01  7.35847E-01  7.35847E-01  7.35847E-01  7.35847E-01  7.35847E-01  7.35847E-01  7.35847E-01  7.35847E-01  7.35847E-01  7.35847E-01
   59437   5  0.00000E+00  0.00000E+00  0.00000E+00  0.00000E+00  0.00000E+00  0.00000E+00  0.00000E+00  0.00000E+00  0.00000E+00  0.00000E+00  0.00000E+00  0.00000E+00  0.00000E+00  0.00000E+00  0.00000E+00  0.00000E+00  0.00000E+00  0.00000E+00  0.00000E+00  0.00000E+00  0.00000E+00  0.00000E+00  0.00000E+00  0.00000E+00
   57677   2  0.00000E+00  0.00000E+00  0.00000E+00  0.00000E+00  0.00000E+00  0.00000E+00  0.00000E+00  0.00000E+00  0.00000E+00  0.00000E+00  0.00000E+00  0.00000E+00  0.00000E+00  0.00000E+00  0.00000E+00  0.00000E+00  0.00000E+00  0.00000E+00  0.00000E+00  0.00000E+00  0.00000E+00  0.00000E+00  0.00000E+00  0.00000E+00
   57677   4  0.00000E+00  0.00000E+00  0.00000E+00  0.00000E+00  0.00000E+00  0.00000E+00  0.00000E+00  0.00000E+00  0.00000E+00  0.00000E+00  0.00000E+00  0.00000E+00  0.00000E+00  0.00000E+00  0.00000E+00  0.00000E+00  0.00000E+00  0.00000E+00  0.00000E+00  0.00000E+00  0.00000E+00  0.00000E+00  0.00000E+00  0.00000E+00
   57677   3  0.00000E+00  0.00000E+00  0.00000E+00  0.00000E+00  0.00000E+00  0.00000E+00  0.00000E+00  0.00000E+00  0.00000E+00  0.00000E+00  0.00000E+00  0.00000E+00  0.00000E+00  0.00000E+00  0.00000E+00  0.00000E+00  0.00000E+00  0.00000E+00  0.00000E+00  0.00000E+00  0.00000E+00  0.00000E+00  0.00000E+00  0.00000E+00
   52380   7  0.00000E+00  0.00000E+00  0.00000E+00  0.00000E+00  0.00000E+00  0.00000E+00  0.00000E+00  0.00000E+00  0.00000E+00  0.00000E+00  0.00000E+00  0.00000E+00  0.00000E+00  0.00000E+00  0.00000E+00  0.00000E+00  0.00000E+00  0.00000E+00  0.00000E+00  0.00000E+00  0.00000E+00  0.00000E+00  0.00000E+00  0.00000E+00
   52380   3  0.00000E+00  0.00000E+00  0.00000E+00  0.00000E+00  0.00000E+00  0.00000E+00  0.00000E+00  0.00000E+00  0.00000E+00  0.00000E+00  0.00000E+00  0.00000E+00  0.00000E+00  0.00000E+00  0.00000E+00  0.00000E+00  0.00000E+00  0.00000E+00  0.00000E+00  0.00000E+00  0.00000E+00  0.00000E+00  0.00000E+00  0.00000E+00
   73199   3  2.08482E+00  2.08482E+00  2.08482E+00  2.08482E+00  2.08482E+00  2.08482E+00  2.08482E+00  2.08482E+00  2.08482E+00  2.08482E+00  2.08482E+00  2.08482E+00  2.08482E+00  2.08482E+00  2.08482E+00  2.08482E+00  2.08482E+00  2.08482E+00  2.08482E+00  2.08482E+00  2.08482E+00  2.08482E+00  2.08482E+00  2.08482E+00
   71434   3  0.00000E+00  0.00000E+00  0.00000E+00  0.00000E+00  0.00000E+00  0.00000E+00  0.00000E+00  0.00000E+00  0.00000E+00  0.00000E+00  0.00000E+00  0.00000E+00  0.00000E+00  0.00000E+00  0.00000E+00  0.00000E+00  0.00000E+00  0.00000E+00  0.00000E+00  0.00000E+00  0.00000E+00  0.00000E+00  0.00000E+00  0.00000E+00
   71434   2  1.44658E+01  1.43547E+01  1.41604E+01  1.34384E+01  1.22443E+01  1.09947E+01  9.48277E+00  8.87073E+00  8.56471E+00  8.46270E+00  8.66671E+00  9.27876E+00  1.02478E+01  1.14974E+01  1.22625E+01  1.28745E+01  1.34100E+01  1.36141E+01  1.38181E+01  1.38946E+01  1.39966E+01  1.39711E+01  1.38946E+01  1.36906E+01
   73199   2  0.00000E+00  0.00000E+00  0.00000E+00  0.00000E+00  0.00000E+00  0.00000E+00  0.00000E+00  0.00000E+00  0.00000E+00  0.00000E+00  0.00000E+00  0.00000E+00  0.00000E+00  0.00000E+00  0.00000E+00  0.00000E+00  0.00000E+00  0.00000E+00  0.00000E+00  0.00000E+00  0.00000E+00  0.00000E+00  0.00000E+00  0.00000E+00
   73199   4  4.18029E+01  4.18029E+01  4.18029E+01  4.18029E+01  4.18029E+01  4.18029E+01  4.18029E+01  4.18029E+01  4.18029E+01  4.18029E+01  4.18029E+01  4.18029E+01  4.18029E+01  4.18029E+01  4.18029E+01  4.18029E+01  4.18029E+01  4.18029E+01  4.18029E+01  4.18029E+01  4.18029E+01  4.18029E+01  4.18029E+01  4.18029E+01
   72847   4  4.16517E-01  4.16517E-01  4.16517E-01  4.16517E-01  4.16517E-01  4.16517E-01  4.16517E-01  4.16517E-01  4.16517E-01  4.16517E-01  4.16517E-01  4.16517E-01  4.16517E-01  4.16517E-01  4.16517E-01  4.16517E-01  4.16517E-01  4.16517E-01  4.16517E-01  4.16517E-01  4.16517E-01  4.16517E-01  4.16517E-01  4.16517E-01
   72846   3  0.00000E+00  0.00000E+00  0.00000E+00  0.00000E+00  0.00000E+00  0.00000E+00  0.00000E+00  0.00000E+00  0.00000E+00  0.00000E+00  0.00000E+00  0.00000E+00  0.00000E+00  0.00000E+00  2.04036E-01  2.04036E-01  2.04036E-01  2.04036E-01  2.04036E-01  2.04036E-01  2.04036E-01  2.04036E-01  0.00000E+00  0.00000E+00
   72846   4  0.00000E+00  0.00000E+00  0.00000E+00  0.00000E+00  0.00000E+00  0.00000E+00  0.00000E+00  0.00000E+00  0.00000E+00  0.00000E+00  0.00000E+00  0.00000E+00  0.00000E+00  0.00000E+00  0.00000E+00  0.00000E+00  0.00000E+00  0.00000E+00  0.00000E+00  0.00000E+00  0.00000E+00  0.00000E+00  0.00000E+00  0.00000E+00
   73200   4  1.40899E+01  1.40899E+01  1.40899E+01  1.40899E+01  1.40899E+01  1.40899E+01  1.40899E+01  1.40899E+01  1.40899E+01  1.40899E+01  1.40899E+01  1.40899E+01  1.40899E+01  1.40899E+01  1.40899E+01  1.40899E+01  1.40899E+01  1.40899E+01  1.40899E+01  1.40899E+01  1.40899E+01  1.40899E+01  1.40899E+01  1.40899E+01
   72845   4  8.44231E-01  8.44231E-01  8.44231E-01  8.44231E-01  8.44231E-01  8.44231E-01  8.44231E-01  8.44231E-01  8.44231E-01  8.44231E-01  8.44231E-01  8.44231E-01  8.44231E-01  8.44231E-01  8.44231E-01  8.44231E-01  8.44231E-01  8.44231E-01  8.44231E-01  8.44231E-01  8.44231E-01  8.44231E-01  8.44231E-01  8.44231E-01
   72139   7  0.00000E+00  0.00000E+00  0.00000E+00  0.00000E+00  0.00000E+00  0.00000E+00  0.00000E+00  0.00000E+00  0.00000E+00  0.00000E+00  0.00000E+00  0.00000E+00  0.00000E+00  0.00000E+00  0.00000E+00  0.00000E+00  0.00000E+00  0.00000E+00  0.00000E+00  0.00000E+00  0.00000E+00  0.00000E+00  0.00000E+00  0.00000E+00
   57997   3  1.86005E-03  1.86005E-03  1.86005E-03  1.86005E-03  1.86005E-03  1.86005E-03  1.86005E-03  1.86005E-03  1.86005E-03  1.86005E-03  1.86005E-03  1.86005E-03  1.86005E-03  1.86005E-03  1.86005E-03  1.86005E-03  1.86005E-03  1.86005E-03  1.86005E-03  1.86005E-03  1.86005E-03  1.86005E-03  1.86005E-03  1.86005E-03
   51672   3  0.00000E+00  0.00000E+00  0.00000E+00  0.00000E+00  0.00000E+00  0.00000E+00  0.00000E+00  0.00000E+00  0.00000E+00  0.00000E+00  0.00000E+00  0.00000E+00  0.00000E+00  0.00000E+00  0.00000E+00  0.00000E+00  0.00000E+00  0.00000E+00  0.00000E+00  0.00000E+00  0.00000E+00  0.00000E+00  0.00000E+00  0.00000E+00
   56265   3  1.11603E-03  1.11603E-03  1.11603E-03  1.11603E-03  1.11603E-03  1.11603E-03  1.11603E-03  1.11603E-03  1.11603E-03  1.11603E-03  1.11603E-03  1.11603E-03  1.11603E-03  1.11603E-03  1.11603E-03  1.11603E-03  1.11603E-03  1.11603E-03  1.11603E-03  1.11603E-03  1.11603E-03  1.11603E-03  1.11603E-03  1.11603E-03
   46793   2  0.00000E+00  0.00000E+00  0.00000E+00  0.00000E+00  0.00000E+00  0.00000E+00  0.00000E+00  0.00000E+00  0.00000E+00  0.00000E+00  0.00000E+00  0.00000E+00  0.00000E+00  0.00000E+00  0.00000E+00  0.00000E+00  0.00000E+00  0.00000E+00  0.00000E+00  0.00000E+00  0.00000E+00  0.00000E+00  0.00000E+00  0.00000E+00
   47145   7  0.00000E+00  0.00000E+00  0.00000E+00  0.00000E+00  0.00000E+00  0.00000E+00  0.00000E+00  0.00000E+00  0.00000E+00  0.00000E+00  0.00000E+00  0.00000E+00  0.00000E+00  0.00000E+00  0.00000E+00  0.00000E+00  0.00000E+00  0.00000E+00  0.00000E+00  0.00000E+00  0.00000E+00  0.00000E+00  0.00000E+00  0.00000E+00
   47145   4  0.00000E+00  0.00000E+00  0.00000E+00  0.00000E+00  0.00000E+00  0.00000E+00  0.00000E+00  0.00000E+00  0.00000E+00  0.00000E+00  0.00000E+00  0.00000E+00  0.00000E+00  0.00000E+00  0.00000E+00  0.00000E+00  0.00000E+00  0.00000E+00  0.00000E+00  0.00000E+00  0.00000E+00  0.00000E+00  0.00000E+00  0.00000E+00
   46441   1  1.58314E+02  1.58314E+02  1.58314E+02  1.58314E+02  1.58314E+02  1.58314E+02  1.58314E+02  1.58314E+02  1.58314E+02  1.58314E+02  1.58314E+02  1.58314E+02  1.58314E+02  1.58314E+02  1.58314E+02  1.58314E+02  1.58314E+02  1.58314E+02  1.58314E+02  1.58314E+02  1.58314E+02  1.58314E+02  1.58314E+02  1.58314E+02
   46089   7  0.00000E+00  0.00000E+00  0.00000E+00  0.00000E+00  0.00000E+00  0.00000E+00  0.00000E+00  0.00000E+00  0.00000E+00  0.00000E+00  0.00000E+00  0.00000E+00  0.00000E+00  0.00000E+00  0.00000E+00  0.00000E+00  0.00000E+00  0.00000E+00  0.00000E+00  0.00000E+00  0.00000E+00  0.00000E+00  0.00000E+00  0.00000E+00
   47851   4  1.03010E-02  1.03010E-02  1.03010E-02  1.03010E-02  1.03010E-02  1.03010E-02  1.03010E-02  1.03010E-02  1.03010E-02  1.03010E-02  1.03010E-02  1.03010E-02  1.03010E-02  1.03010E-02  1.03010E-02  1.03010E-02  1.03010E-02  1.03010E-02  1.03010E-02  1.03010E-02  1.03010E-02  1.03010E-02  1.03010E-02  1.03010E-02
   47851   3  0.00000E+00  0.00000E+00  0.00000E+00  0.00000E+00  0.00000E+00  0.00000E+00  0.00000E+00  0.00000E+00  0.00000E+00  0.00000E+00  0.00000E+00  0.00000E+00  0.00000E+00  0.00000E+00  0.00000E+00  0.00000E+00  0.00000E+00  0.00000E+00  0.00000E+00  0.00000E+00  0.00000E+00  0.00000E+00  0.00000E+00  0.00000E+00
   47493   3  1.40878E-01  1.40878E-01  1.40878E-01  1.40878E-01  1.40878E-01  1.40878E-01  1.40878E-01  1.40878E-01  1.40878E-01  1.40878E-01  1.40878E-01  1.40878E-01  1.40878E-01  1.63901E-01  1.63901E-01  1.63901E-01  1.63901E-01  1.63901E-01  1.63901E-01  1.63901E-01  1.63901E-01  1.40878E-01  1.40878E-01  1.40878E-01
   47493   4  0.00000E+00  0.00000E+00  0.00000E+00  0.00000E+00  0.00000E+00  0.00000E+00  0.00000E+00  0.00000E+00  0.00000E+00  0.00000E+00  0.00000E+00  0.00000E+00  0.00000E+00  0.00000E+00  0.00000E+00  0.00000E+00  0.00000E+00  0.00000E+00  0.00000E+00  0.00000E+00  0.00000E+00  0.00000E+00  0.00000E+00  0.00000E+00
   47141   4  0.00000E+00  0.00000E+00  0.00000E+00  0.00000E+00  0.00000E+00  0.00000E+00  0.00000E+00  0.00000E+00  0.00000E+00  0.00000E+00  0.00000E+00  0.00000E+00  0.00000E+00  0.00000E+00  0.00000E+00  0.00000E+00  0.00000E+00  0.00000E+00  0.00000E+00  0.00000E+00  0.00000E+00  0.00000E+00  0.00000E+00  0.00000E+00
   47142   4  0.00000E+00  0.00000E+00  0.00000E+00  0.00000E+00  0.00000E+00  0.00000E+00  0.00000E+00  0.00000E+00  0.00000E+00  0.00000E+00  0.00000E+00  0.00000E+00  0.00000E+00  0.00000E+00  0.00000E+00  0.00000E+00  0.00000E+00  0.00000E+00  0.00000E+00  0.00000E+00  0.00000E+00  0.00000E+00  0.00000E+00  0.00000E+00
   47141   3  1.18871E+00  1.18871E+00  1.18871E+00  1.18871E+00  1.18871E+00  1.18871E+00  1.18871E+00  1.18871E+00  1.18871E+00  1.18871E+00  1.18871E+00  1.18871E+00  1.18871E+00  1.18871E+00  1.18871E+00  1.18871E+00  1.18871E+00  1.18871E+00  1.18871E+00  1.18871E+00  1.18871E+00  1.18871E+00  1.18871E+00  1.18871E+00
   47494   3  0.00000E+00  0.00000E+00  0.00000E+00  0.00000E+00  0.00000E+00  0.00000E+00  0.00000E+00  0.00000E+00  0.00000E+00  0.00000E+00  0.00000E+00  0.00000E+00  0.00000E+00  0.00000E+00  0.00000E+00  0.00000E+00  0.00000E+00  0.00000E+00  0.00000E+00  0.00000E+00  0.00000E+00  0.00000E+00  0.00000E+00  0.00000E+00
   46790   4  3.76865E-01  3.76865E-01  3.76865E-01  3.76865E-01  3.76865E-01  3.76865E-01  3.76865E-01  3.76865E-01  3.76865E-01  3.76865E-01  3.76865E-01  3.76865E-01  3.76865E-01  3.76865E-01  3.76865E-01  3.76865E-01  3.76865E-01  3.76865E-01  3.76865E-01  3.76865E-01  3.76865E-01  3.76865E-01  3.76865E-01  3.76865E-01
   46790   3  0.00000E+00  0.00000E+00  0.00000E+00  0.00000E+00  0.00000E+00  0.00000E+00  0.00000E+00  0.00000E+00  0.00000E+00  0.00000E+00  0.00000E+00  0.00000E+00  0.00000E+00  0.00000E+00  0.00000E+00  0.00000E+00  0.00000E+00  0.00000E+00  0.00000E+00  0.00000E+00  0.00000E+00  0.00000E+00  0.00000E+00  0.00000E+00
   47143   4  0.00000E+00  0.00000E+00  0.00000E+00  0.00000E+00  0.00000E+00  0.00000E+00  0.00000E+00  0.00000E+00  0.00000E+00  0.00000E+00  0.00000E+00  0.00000E+00  0.00000E+00  0.00000E+00  0.00000E+00  0.00000E+00  0.00000E+00  0.00000E+00  0.00000E+00  0.00000E+00  0.00000E+00  0.00000E+00  0.00000E+00  0.00000E+00
   47497   7  0.00000E+00  0.00000E+00  0.00000E+00  0.00000E+00  0.00000E+00  0.00000E+00  0.00000E+00  0.00000E+00  0.00000E+00  0.00000E+00  0.00000E+00  0.00000E+00  0.00000E+00  4.19019E+00  4.19019E+00  4.19019E+00  4.19019E+00  4.19019E+00  4.19019E+00  4.19019E+00  4.19019E+00  0.00000E+00  0.00000E+00  0.00000E+00
   47143   3  0.00000E+00  0.00000E+00  0.00000E+00  0.00000E+00  0.00000E+00  0.00000E+00  0.00000E+00  0.00000E+00  0.00000E+00  0.00000E+00  0.00000E+00  0.00000E+00  0.00000E+00  0.00000E+00  0.00000E+00  0.00000E+00  0.00000E+00  0.00000E+00  0.00000E+00  0.00000E+00  0.00000E+00  0.00000E+00  0.00000E+00  0.00000E+00
   46792   4  0.00000E+00  0.00000E+00  0.00000E+00  0.00000E+00  0.00000E+00  0.00000E+00  0.00000E+00  0.00000E+00  0.00000E+00  0.00000E+00  0.00000E+00  0.00000E+00  0.00000E+00  0.00000E+00  0.00000E+00  0.00000E+00  0.00000E+00  0.00000E+00  0.00000E+00  0.00000E+00  0.00000E+00  0.00000E+00  0.00000E+00  0.00000E+00
   46792   3  0.00000E+00  0.00000E+00  0.00000E+00  0.00000E+00  0.00000E+00  0.00000E+00  0.00000E+00  0.00000E+00  0.00000E+00  0.00000E+00  0.00000E+00  0.00000E+00  0.00000E+00  0.00000E+00  0.00000E+00  0.00000E+00  0.00000E+00  0.00000E+00  0.00000E+00  0.00000E+00  0.00000E+00  0.00000E+00  0.00000E+00  0.00000E+00
   46791   3  6.27525E+00  6.27161E+00  6.25811E+00  6.23579E+00  6.21243E+00  6.18416E+00  6.17272E+00  6.16699E+00  6.16509E+00  6.16890E+00  6.18034E+00  6.19846E+00  6.22182E+00  7.59777E+00  7.60922E+00  7.61923E+00  7.62304E+00  7.62686E+00  7.62829E+00  7.63020E+00  7.62972E+00  6.26664E+00  6.26283E+00  6.25711E+00
   46791   8  8.84376E-02  8.84376E-02  8.84376E-02  8.84376E-02  8.84376E-02  8.84376E-02  8.84376E-02  8.84376E-02  8.84376E-02  8.84376E-02  8.84376E-02  8.84376E-02  8.84376E-02  8.84376E-02  8.84376E-02  8.84376E-02  8.84376E-02  8.84376E-02  8.84376E-02  8.84376E-02  8.84376E-02  8.84376E-02  8.84376E-02  8.84376E-02
   46791   2  3.52801E+00  3.47580E+00  3.28187E+00  2.96114E+00  2.62550E+00  2.21937E+00  2.05498E+00  1.97278E+00  1.94538E+00  2.00018E+00  2.16457E+00  2.42487E+00  2.76052E+00  2.96601E+00  3.13041E+00  3.27426E+00  3.32906E+00  3.38386E+00  3.40441E+00  3.43181E+00  3.42496E+00  3.40441E+00  3.34961E+00  3.26741E+00
   46791   4  5.96985E+01  5.96985E+01  5.96985E+01  5.96985E+01  5.96985E+01  5.96985E+01  5.96985E+01  5.96985E+01  5.96985E+01  5.96985E+01  5.96985E+01  5.96985E+01  5.96985E+01  5.96985E+01  5.96985E+01  5.96985E+01  5.96985E+01  5.96985E+01  5.96985E+01  5.96985E+01  5.96985E+01  5.96985E+01  5.96985E+01  5.96985E+01
   46438   3  9.61282E-01  9.61282E-01  9.61282E-01  9.61282E-01  9.61282E-01  9.61282E-01  9.61282E-01  9.61282E-01  9.61282E-01  9.61282E-01  9.61282E-01  9.61282E-01  9.61282E-01  9.61282E-01  9.61282E-01  9.61282E-01  9.61282E-01  9.61282E-01  9.61282E-01  9.61282E-01  9.61282E-01  9.61282E-01  9.61282E-01  9.61282E-01
   47147   3  0.00000E+00  0.00000E+00  0.00000E+00  0.00000E+00  0.00000E+00  0.00000E+00  0.00000E+00  0.00000E+00  0.00000E+00  0.00000E+00  0.00000E+00  0.00000E+00  0.00000E+00  0.00000E+00  0.00000E+00  0.00000E+00  0.00000E+00  0.00000E+00  0.00000E+00  0.00000E+00  0.00000E+00  0.00000E+00  0.00000E+00  0.00000E+00
   47848   3  0.00000E+00  0.00000E+00  0.00000E+00  0.00000E+00  0.00000E+00  0.00000E+00  0.00000E+00  0.00000E+00  0.00000E+00  0.00000E+00  0.00000E+00  0.00000E+00  0.00000E+00  0.00000E+00  0.00000E+00  0.00000E+00  0.00000E+00  0.00000E+00  0.00000E+00  0.00000E+00  0.00000E+00  0.00000E+00  0.00000E+00  0.00000E+00
   46791   1  6.27464E-01  6.18178E-01  5.83687E-01  5.26645E-01  4.66950E-01  3.94720E-01  3.65481E-01  3.50862E-01  3.45989E-01  3.55735E-01  3.84974E-01  4.31268E-01  4.90963E-01  5.27511E-01  5.56750E-01  5.82333E-01  5.92080E-01  6.01826E-01  6.05480E-01  6.10354E-01  6.09135E-01  6.05480E-01  5.95734E-01  5.81115E-01
   47144   3  6.95971E-04  6.95971E-04  6.95971E-04  6.95971E-04  6.95971E-04  6.95971E-04  6.95971E-04  6.95971E-04  6.95971E-04  6.95971E-04  6.95971E-04  6.95971E-04  6.95971E-04  6.95971E-04  6.95971E-04  6.95971E-04  6.95971E-04  6.95971E-04  6.95971E-04  6.95971E-04  6.95971E-04  6.95971E-04  6.95971E-04  6.95971E-04
   47144   4  5.69317E-01  5.69317E-01  5.69317E-01  5.69317E-01  5.69317E-01  5.69317E-01  5.69317E-01  5.69317E-01  5.69317E-01  5.69317E-01  5.69317E-01  5.69317E-01  5.69317E-01  5.69317E-01  5.69317E-01  5.69317E-01  5.69317E-01  5.69317E-01  5.69317E-01  5.69317E-01  5.69317E-01  5.69317E-01  5.69317E-01  5.69317E-01
   47144   1  9.37530E-02  9.37530E-02  9.37530E-02  9.37530E-02  9.37530E-02  9.37530E-02  9.37530E-02  9.37530E-02  9.37530E-02  9.37530E-02  9.37530E-02  9.37530E-02  9.37530E-02  9.37530E-02  9.37530E-02  9.37530E-02  9.37530E-02  9.37530E-02  9.37530E-02  9.37530E-02  9.37530E-02  9.37530E-02  9.37530E-02  9.37530E-02
   47144   2  1.46154E-02  1.46154E-02  1.46154E-02  1.46154E-02  1.46154E-02  1.46154E-02  1.46154E-02  1.46154E-02  1.46154E-02  1.46154E-02  1.46154E-02  1.46154E-02  1.46154E-02  1.46154E-02  1.46154E-02  1.46154E-02  1.46154E-02  1.46154E-02  1.46154E-02  1.46154E-02  1.46154E-02  1.46154E-02  1.46154E-02  1.46154E-02
   46789   3  6.00299E+01  6.00299E+01  6.00299E+01  6.00299E+01  6.00299E+01  6.00299E+01  6.00299E+01  6.00299E+01  6.00299E+01  6.00299E+01  6.00299E+01  6.00299E+01  6.00299E+01  6.00299E+01  6.00299E+01  6.00299E+01  6.00299E+01  6.00299E+01  6.00299E+01  6.00299E+01  6.00299E+01  6.00299E+01  6.00299E+01  6.00299E+01
   46789   4  0.00000E+00  0.00000E+00  0.00000E+00  0.00000E+00  0.00000E+00  0.00000E+00  0.00000E+00  0.00000E+00  0.00000E+00  0.00000E+00  0.00000E+00  0.00000E+00  0.00000E+00  0.00000E+00  0.00000E+00  0.00000E+00  0.00000E+00  0.00000E+00  0.00000E+00  0.00000E+00  0.00000E+00  0.00000E+00  0.00000E+00  0.00000E+00
   46436   7  0.00000E+00  0.00000E+00  0.00000E+00  0.00000E+00  0.00000E+00  0.00000E+00  0.00000E+00  0.00000E+00  0.00000E+00  0.00000E+00  0.00000E+00  0.00000E+00  0.00000E+00  0.00000E+00  0.00000E+00  0.00000E+00  0.00000E+00  0.00000E+00  0.00000E+00  0.00000E+00  0.00000E+00  0.00000E+00  0.00000E+00  0.00000E+00
   71754   1  0.00000E+00  0.00000E+00  0.00000E+00  0.00000E+00  0.00000E+00  0.00000E+00  0.00000E+00  0.00000E+00  0.00000E+00  0.00000E+00  0.00000E+00  0.00000E+00  0.00000E+00  0.00000E+00  5.71190E-01  5.71190E-01  5.71190E-01  5.71190E-01  5.71190E-01  5.71190E-01  5.71190E-01  5.71190E-01  0.00000E+00  0.00000E+00
   71755   4  5.37442E-03  5.37442E-03  5.37442E-03  5.37442E-03  5.37442E-03  5.37442E-03  5.37442E-03  5.37442E-03  5.37442E-03  5.37442E-03  5.37442E-03  5.37442E-03  5.37442E-03  5.37442E-03  5.37442E-03  5.37442E-03  5.37442E-03  5.37442E-03  5.37442E-03  5.37442E-03  5.37442E-03  5.37442E-03  5.37442E-03  5.37442E-03
   72073   3  0.00000E+00  0.00000E+00  0.00000E+00  0.00000E+00  0.00000E+00  0.00000E+00  0.00000E+00  0.00000E+00  0.00000E+00  0.00000E+00  0.00000E+00  0.00000E+00  0.00000E+00  0.00000E+00  0.00000E+00  0.00000E+00  0.00000E+00  0.00000E+00  0.00000E+00  0.00000E+00  0.00000E+00  0.00000E+00  0.00000E+00  0.00000E+00
   70667   3  1.82722E-03  1.82722E-03  1.82722E-03  1.82722E-03  1.82722E-03  1.82722E-03  1.82722E-03  1.82722E-03  1.82722E-03  1.82722E-03  1.82722E-03  1.82722E-03  1.82722E-03  1.82722E-03  1.82722E-03  1.82722E-03  1.82722E-03  1.82722E-03  1.82722E-03  1.82722E-03  1.82722E-03  1.82722E-03  1.82722E-03  1.82722E-03
   55157   3  7.30889E-04  7.30889E-04  7.30889E-04  7.30889E-04  7.30889E-04  7.30889E-04  7.30889E-04  7.30889E-04  7.30889E-04  7.30889E-04  7.30889E-04  7.30889E-04  7.30889E-04  7.30889E-04  7.30889E-04  7.30889E-04  7.30889E-04  7.30889E-04  7.30889E-04  7.30889E-04  7.30889E-04  7.30889E-04  7.30889E-04  7.30889E-04
   55157   7  0.00000E+00  0.00000E+00  0.00000E+00  0.00000E+00  0.00000E+00  0.00000E+00  0.00000E+00  0.00000E+00  0.00000E+00  0.00000E+00  0.00000E+00  0.00000E+00  0.00000E+00  0.00000E+00  0.00000E+00  0.00000E+00  0.00000E+00  0.00000E+00  0.00000E+00  0.00000E+00  0.00000E+00  0.00000E+00  0.00000E+00  0.00000E+00
   70688   2  4.47899E-01  4.47899E-01  4.47899E-01  4.47899E-01  4.47899E-01  4.47899E-01  4.47899E-01  4.47899E-01  4.47899E-01  4.47899E-01  4.47899E-01  4.47899E-01  4.47899E-01  4.47899E-01  4.47899E-01  4.47899E-01  4.47899E-01  4.47899E-01  4.47899E-01  4.47899E-01  4.47899E-01  4.47899E-01  4.47899E-01  4.47899E-01
   61152   3  5.20813E-03  5.20813E-03  5.20813E-03  5.20813E-03  5.20813E-03  5.20813E-03  5.20813E-03  5.20813E-03  5.20813E-03  5.20813E-03  5.20813E-03  5.20813E-03  5.20813E-03  5.20813E-03  5.20813E-03  5.20813E-03  5.20813E-03  5.20813E-03  5.20813E-03  5.20813E-03  5.20813E-03  5.20813E-03  5.20813E-03  5.20813E-03
   66103   3  2.94170E-03  2.94170E-03  2.94170E-03  2.94170E-03  2.94170E-03  2.94170E-03  2.94170E-03  2.94170E-03  2.94170E-03  2.94170E-03  2.94170E-03  2.94170E-03  2.94170E-03  2.94170E-03  2.94170E-03  2.94170E-03  2.94170E-03  2.94170E-03  2.94170E-03  2.94170E-03  2.94170E-03  2.94170E-03  2.94170E-03  2.94170E-03
   57265   2  4.85736E-01  4.81663E-01  4.74535E-01  4.48059E-01  4.04271E-01  3.58447E-01  3.03001E-01  2.80556E-01  2.69334E-01  2.65593E-01  2.73075E-01  2.95519E-01  3.31056E-01  3.76880E-01  4.04936E-01  4.27381E-01  4.47019E-01  4.54501E-01  4.61982E-01  4.64788E-01  4.68529E-01  4.67594E-01  4.64788E-01  4.57307E-01
   57265   7  0.00000E+00  0.00000E+00  0.00000E+00  0.00000E+00  0.00000E+00  0.00000E+00  0.00000E+00  0.00000E+00  0.00000E+00  0.00000E+00  0.00000E+00  0.00000E+00  0.00000E+00  0.00000E+00  0.00000E+00  0.00000E+00  0.00000E+00  0.00000E+00  0.00000E+00  0.00000E+00  0.00000E+00  0.00000E+00  0.00000E+00  0.00000E+00
   57265   3  0.00000E+00  0.00000E+00  0.00000E+00  0.00000E+00  0.00000E+00  0.00000E+00  0.00000E+00  0.00000E+00  0.00000E+00  0.00000E+00  0.00000E+00  0.00000E+00  0.00000E+00  0.00000E+00  0.00000E+00  0.00000E+00  0.00000E+00  0.00000E+00  0.00000E+00  0.00000E+00  0.00000E+00  0.00000E+00  0.00000E+00  0.00000E+00
   62209   3  3.33792E-01  3.33792E-01  3.33792E-01  3.33792E-01  3.33792E-01  3.33792E-01  3.33792E-01  3.33792E-01  3.33792E-01  3.33792E-01  3.33792E-01  3.33792E-01  3.33792E-01  3.33792E-01  3.33792E-01  3.33792E-01  3.33792E-01  3.33792E-01  3.33792E-01  3.33792E-01  3.33792E-01  3.33792E-01  3.33792E-01  3.33792E-01
   62209   4  0.00000E+00  0.00000E+00  0.00000E+00  0.00000E+00  0.00000E+00  0.00000E+00  0.00000E+00  0.00000E+00  0.00000E+00  0.00000E+00  0.00000E+00  0.00000E+00  0.00000E+00  0.00000E+00  0.00000E+00  0.00000E+00  0.00000E+00  0.00000E+00  0.00000E+00  0.00000E+00  0.00000E+00  0.00000E+00  0.00000E+00  0.00000E+00
   62209   2  0.00000E+00  0.00000E+00  0.00000E+00  0.00000E+00  0.00000E+00  0.00000E+00  0.00000E+00  0.00000E+00  0.00000E+00  0.00000E+00  0.00000E+00  0.00000E+00  0.00000E+00  0.00000E+00  0.00000E+00  0.00000E+00  0.00000E+00  0.00000E+00  0.00000E+00  0.00000E+00  0.00000E+00  0.00000E+00  0.00000E+00  0.00000E+00
   62560   3  0.00000E+00  0.00000E+00  0.00000E+00  0.00000E+00  0.00000E+00  0.00000E+00  0.00000E+00  0.00000E+00  0.00000E+00  0.00000E+00  0.00000E+00  0.00000E+00  0.00000E+00  0.00000E+00  6.91282E+01  6.91282E+01  6.91282E+01  6.91282E+01  6.91282E+01  6.91282E+01  6.91282E+01  6.91282E+01  0.00000E+00  0.00000E+00
   62560   6  1.18413E-01  1.18413E-01  1.18413E-01  1.18413E-01  1.18413E-01  1.18413E-01  1.18413E-01  1.18413E-01  1.18413E-01  1.18413E-01  1.18413E-01  1.18413E-01  1.18413E-01  1.18413E-01  1.18413E-01  1.18413E-01  1.18413E-01  1.18413E-01  1.18413E-01  1.18413E-01  1.18413E-01  1.18413E-01  1.18413E-01  1.18413E-01
   62560   2  0.00000E+00  0.00000E+00  0.00000E+00  0.00000E+00  0.00000E+00  0.00000E+00  0.00000E+00  0.00000E+00  0.00000E+00  0.00000E+00  0.00000E+00  0.00000E+00  0.00000E+00  0.00000E+00  0.00000E+00  0.00000E+00  0.00000E+00  0.00000E+00  0.00000E+00  0.00000E+00  0.00000E+00  0.00000E+00  0.00000E+00  0.00000E+00
   62906   3  0.00000E+00  0.00000E+00  0.00000E+00  0.00000E+00  0.00000E+00  0.00000E+00  0.00000E+00  0.00000E+00  0.00000E+00  0.00000E+00  0.00000E+00  0.00000E+00  0.00000E+00  0.00000E+00  8.22250E-02  8.22250E-02  8.22250E-02  8.22250E-02  8.22250E-02  8.22250E-02  8.22250E-02  8.22250E-02  0.00000E+00  0.00000E+00
   62906   2  7.04824E-01  6.98914E-01  6.88571E-01  6.50152E-01  5.86615E-01  5.20122E-01  4.39667E-01  4.07099E-01  3.90815E-01  3.85387E-01  3.96243E-01  4.28811E-01  4.80377E-01  5.46870E-01  5.87580E-01  6.20148E-01  6.48645E-01  6.59501E-01  6.70357E-01  6.74428E-01  6.79856E-01  6.78499E-01  6.74428E-01  6.63572E-01
   62201   7  0.00000E+00  0.00000E+00  0.00000E+00  0.00000E+00  0.00000E+00  0.00000E+00  0.00000E+00  0.00000E+00  0.00000E+00  0.00000E+00  0.00000E+00  0.00000E+00  0.00000E+00  0.00000E+00  0.00000E+00  0.00000E+00  0.00000E+00  0.00000E+00  0.00000E+00  0.00000E+00  0.00000E+00  0.00000E+00  0.00000E+00  0.00000E+00
   69268   7  0.00000E+00  0.00000E+00  0.00000E+00  0.00000E+00  0.00000E+00  0.00000E+00  0.00000E+00  0.00000E+00  0.00000E+00  0.00000E+00  0.00000E+00  0.00000E+00  0.00000E+00  0.00000E+00  0.00000E+00  0.00000E+00  0.00000E+00  0.00000E+00  0.00000E+00  0.00000E+00  0.00000E+00  0.00000E+00  0.00000E+00  0.00000E+00
   67518   2  0.00000E+00  0.00000E+00  0.00000E+00  0.00000E+00  0.00000E+00  0.00000E+00  0.00000E+00  0.00000E+00  0.00000E+00  0.00000E+00  0.00000E+00  0.00000E+00  0.00000E+00  0.00000E+00  0.00000E+00  0.00000E+00  0.00000E+00  0.00000E+00  0.00000E+00  0.00000E+00  0.00000E+00  0.00000E+00  0.00000E+00  0.00000E+00
   53397   5  0.00000E+00  0.00000E+00  0.00000E+00  0.00000E+00  0.00000E+00  0.00000E+00  0.00000E+00  0.00000E+00  0.00000E+00  0.00000E+00  0.00000E+00  0.00000E+00  0.00000E+00  0.00000E+00  0.00000E+00  0.00000E+00  0.00000E+00  0.00000E+00  0.00000E+00  0.00000E+00  0.00000E+00  0.00000E+00  0.00000E+00  0.00000E+00
   53397   3  0.00000E+00  0.00000E+00  0.00000E+00  0.00000E+00  0.00000E+00  0.00000E+00  0.00000E+00  0.00000E+00  0.00000E+00  0.00000E+00  0.00000E+00  0.00000E+00  0.00000E+00  0.00000E+00  1.20597E-02  1.20597E-02  1.20597E-02  1.20597E-02  1.20597E-02  1.20597E-02  1.20597E-02  1.20597E-02  0.00000E+00  0.00000E+00
   53397   7  0.00000E+00  0.00000E+00  0.00000E+00  0.00000E+00  0.00000E+00  0.00000E+00  0.00000E+00  0.00000E+00  0.00000E+00  0.00000E+00  0.00000E+00  0.00000E+00  0.00000E+00  0.00000E+00  0.00000E+00  0.00000E+00  0.00000E+00  0.00000E+00  0.00000E+00  0.00000E+00  0.00000E+00  0.00000E+00  0.00000E+00  0.00000E+00
   72093   3  3.27261E-02  3.27261E-02  3.27261E-02  3.27261E-02  3.27261E-02  3.27261E-02  3.27261E-02  3.27261E-02  3.27261E-02  3.27261E-02  3.27261E-02  3.27261E-02  3.27261E-02  3.27261E-02  3.27261E-02  3.27261E-02  3.27261E-02  3.27261E-02  3.27261E-02  3.27261E-02  3.27261E-02  3.27261E-02  3.27261E-02  3.27261E-02
   72093   7  0.00000E+00  0.00000E+00  0.00000E+00  0.00000E+00  0.00000E+00  0.00000E+00  0.00000E+00  0.00000E+00  0.00000E+00  0.00000E+00  0.00000E+00  0.00000E+00  0.00000E+00  0.00000E+00  0.00000E+00  0.00000E+00  0.00000E+00  0.00000E+00  0.00000E+00  0.00000E+00  0.00000E+00  0.00000E+00  0.00000E+00  0.00000E+00
   72093   4  2.54165E+00  2.54165E+00  2.54165E+00  2.54165E+00  2.54165E+00  2.54165E+00  2.54165E+00  2.54165E+00  2.54165E+00  2.54165E+00  2.54165E+00  2.54165E+00  2.54165E+00  2.54165E+00  2.54165E+00  2.54165E+00  2.54165E+00  2.54165E+00  2.54165E+00  2.54165E+00  2.54165E+00  2.54165E+00  2.54165E+00  2.54165E+00
   66425   2  0.00000E+00  0.00000E+00  0.00000E+00  0.00000E+00  0.00000E+00  0.00000E+00  0.00000E+00  0.00000E+00  0.00000E+00  0.00000E+00  0.00000E+00  0.00000E+00  0.00000E+00  0.00000E+00  0.00000E+00  0.00000E+00  0.00000E+00  0.00000E+00  0.00000E+00  0.00000E+00  0.00000E+00  0.00000E+00  0.00000E+00  0.00000E+00
   67854   3  1.48804E-03  1.48804E-03  1.48804E-03  1.48804E-03  1.48804E-03  1.48804E-03  1.48804E-03  1.48804E-03  1.48804E-03  1.48804E-03  1.48804E-03  1.48804E-03  1.48804E-03  1.48804E-03  1.48804E-03  1.48804E-03  1.48804E-03  1.48804E-03  1.48804E-03  1.48804E-03  1.48804E-03  1.48804E-03  1.48804E-03  1.48804E-03
   59052   2  3.65444E-04  3.65444E-04  3.65444E-04  3.65444E-04  3.65444E-04  3.65444E-04  3.65444E-04  3.65444E-04  3.65444E-04  3.65444E-04  3.65444E-04  3.65444E-04  3.65444E-04  3.65444E-04  3.65444E-04  3.65444E-04  3.65444E-04  3.65444E-04  3.65444E-04  3.65444E-04  3.65444E-04  3.65444E-04  3.65444E-04  3.65444E-04
   72780   3  1.48804E-03  1.48804E-03  1.48804E-03  1.48804E-03  1.48804E-03  1.48804E-03  1.48804E-03  1.48804E-03  1.48804E-03  1.48804E-03  1.48804E-03  1.48804E-03  1.48804E-03  1.48804E-03  1.48804E-03  1.48804E-03  1.48804E-03  1.48804E-03  1.48804E-03  1.48804E-03  1.48804E-03  1.48804E-03  1.48804E-03  1.48804E-03
   32698   2  0.00000E+00  0.00000E+00  0.00000E+00  0.00000E+00  0.00000E+00  0.00000E+00  0.00000E+00  0.00000E+00  0.00000E+00  0.00000E+00  0.00000E+00  0.00000E+00  0.00000E+00  0.00000E+00  0.00000E+00  0.00000E+00  0.00000E+00  0.00000E+00  0.00000E+00  0.00000E+00  0.00000E+00  0.00000E+00  0.00000E+00  0.00000E+00
   32699   3  0.00000E+00  0.00000E+00  0.00000E+00  0.00000E+00  0.00000E+00  0.00000E+00  0.00000E+00  0.00000E+00  0.00000E+00  0.00000E+00  0.00000E+00  0.00000E+00  0.00000E+00  0.00000E+00  0.00000E+00  0.00000E+00  0.00000E+00  0.00000E+00  0.00000E+00  0.00000E+00  0.00000E+00  0.00000E+00  0.00000E+00  0.00000E+00
   32698   4  1.13232E+00  1.13232E+00  1.13232E+00  1.13232E+00  1.13232E+00  1.13232E+00  1.13232E+00  1.13232E+00  1.13232E+00  1.13232E+00  1.13232E+00  1.13232E+00  1.13232E+00  1.13232E+00  1.13232E+00  1.13232E+00  1.13232E+00  1.13232E+00  1.13232E+00  1.13232E+00  1.13232E+00  1.13232E+00  1.13232E+00  1.13232E+00
   32698   3  1.92135E-01  1.92135E-01  1.92135E-01  1.92135E-01  1.92135E-01  1.92135E-01  1.92135E-01  1.92135E-01  1.92135E-01  1.92135E-01  1.92135E-01  1.92135E-01  1.92135E-01  1.92135E-01  1.92135E-01  1.92135E-01  1.92135E-01  1.92135E-01  1.92135E-01  1.92135E-01  1.92135E-01  1.92135E-01  1.92135E-01  1.92135E-01
   33754   4  0.00000E+00  0.00000E+00  0.00000E+00  0.00000E+00  0.00000E+00  0.00000E+00  0.00000E+00  0.00000E+00  0.00000E+00  0.00000E+00  0.00000E+00  0.00000E+00  0.00000E+00  0.00000E+00  0.00000E+00  0.00000E+00  0.00000E+00  0.00000E+00  0.00000E+00  0.00000E+00  0.00000E+00  0.00000E+00  0.00000E+00  0.00000E+00
   32698   5  0.00000E+00  0.00000E+00  0.00000E+00  0.00000E+00  0.00000E+00  0.00000E+00  0.00000E+00  0.00000E+00  0.00000E+00  0.00000E+00  0.00000E+00  0.00000E+00  0.00000E+00  0.00000E+00  0.00000E+00  0.00000E+00  0.00000E+00  0.00000E+00  0.00000E+00  0.00000E+00  0.00000E+00  0.00000E+00  0.00000E+00  0.00000E+00
   46097   3  2.55043E-03  2.55043E-03  2.55043E-03  2.55043E-03  2.55043E-03  2.55043E-03  2.55043E-03  2.55043E-03  2.55043E-03  2.55043E-03  2.55043E-03  2.55043E-03  2.55043E-03  2.55043E-03  2.55043E-03  2.55043E-03  2.55043E-03  2.55043E-03  2.55043E-03  2.55043E-03  2.55043E-03  2.55043E-03  2.55043E-03  2.55043E-03
   32346   1  2.89798E+02  2.89798E+02  2.89798E+02  2.89798E+02  2.89798E+02  2.89798E+02  2.89798E+02  2.89798E+02  2.89798E+02  2.89798E+02  2.89798E+02  2.89798E+02  2.89798E+02  2.89798E+02  2.89798E+02  2.89798E+02  2.89798E+02  2.89798E+02  2.89798E+02  2.89798E+02  2.89798E+02  2.89798E+02  2.89798E+02  2.89798E+02
   32346   2  2.10970E+03  2.10970E+03  2.10970E+03  2.10970E+03  2.10970E+03  2.10970E+03  2.10970E+03  2.10970E+03  2.10970E+03  2.10970E+03  2.10970E+03  2.10970E+03  2.10970E+03  2.10970E+03  2.10970E+03  2.10970E+03  2.10970E+03  2.10970E+03  2.10970E+03  2.10970E+03  2.10970E+03  2.10970E+03  2.10970E+03  2.10970E+03
   32346   3  2.32975E+02  2.32975E+02  2.32975E+02  2.32975E+02  2.32975E+02  2.32975E+02  2.32975E+02  2.32975E+02  2.32975E+02  2.32975E+02  2.32975E+02  2.32975E+02  2.32975E+02  2.33007E+02  2.33007E+02  2.33007E+02  2.33007E+02  2.33007E+02  2.33007E+02  2.33007E+02  2.33007E+02  2.32975E+02  2.32975E+02  2.32975E+02
   32346   5  0.00000E+00  0.00000E+00  0.00000E+00  0.00000E+00  0.00000E+00  0.00000E+00  0.00000E+00  0.00000E+00  0.00000E+00  0.00000E+00  0.00000E+00  0.00000E+00  0.00000E+00  0.00000E+00  0.00000E+00  0.00000E+00  0.00000E+00  0.00000E+00  0.00000E+00  0.00000E+00  0.00000E+00  0.00000E+00  0.00000E+00  0.00000E+00
   33394   3  0.00000E+00  0.00000E+00  0.00000E+00  0.00000E+00  0.00000E+00  0.00000E+00  0.00000E+00  0.00000E+00  0.00000E+00  0.00000E+00  0.00000E+00  0.00000E+00  0.00000E+00  0.00000E+00  0.00000E+00  0.00000E+00  0.00000E+00  0.00000E+00  0.00000E+00  0.00000E+00  0.00000E+00  0.00000E+00  0.00000E+00  0.00000E+00
   33394   7  0.00000E+00  0.00000E+00  0.00000E+00  0.00000E+00  0.00000E+00  0.00000E+00  0.00000E+00  0.00000E+00  0.00000E+00  0.00000E+00  0.00000E+00  0.00000E+00  0.00000E+00  0.00000E+00  0.00000E+00  0.00000E+00  0.00000E+00  0.00000E+00  0.00000E+00  0.00000E+00  0.00000E+00  0.00000E+00  0.00000E+00  0.00000E+00
   47881   3  5.12566E-01  5.12566E-01  5.12566E-01  5.12566E-01  5.12566E-01  5.12566E-01  5.12566E-01  5.12566E-01  5.12566E-01  5.12566E-01  5.12566E-01  5.12566E-01  5.12566E-01  5.12566E-01  5.12566E-01  5.12566E-01  5.12566E-01  5.12566E-01  5.12566E-01  5.12566E-01  5.12566E-01  5.12566E-01  5.12566E-01  5.12566E-01
   47881   4  4.39582E+00  4.39582E+00  4.39582E+00  4.39582E+00  4.39582E+00  4.39582E+00  4.39582E+00  4.39582E+00  4.39582E+00  4.39582E+00  4.39582E+00  4.39582E+00  4.39582E+00  4.39582E+00  4.39582E+00  4.39582E+00  4.39582E+00  4.39582E+00  4.39582E+00  4.39582E+00  4.39582E+00  4.39582E+00  4.39582E+00  4.39582E+00
   54565   3  3.65444E-04  3.65444E-04  3.65444E-04  3.65444E-04  3.65444E-04  3.65444E-04  3.65444E-04  3.65444E-04  3.65444E-04  3.65444E-04  3.65444E-04  3.65444E-04  3.65444E-04  3.65444E-04  3.65444E-04  3.65444E-04  3.65444E-04  3.65444E-04  3.65444E-04  3.65444E-04  3.65444E-04  3.65444E-04  3.65444E-04  3.65444E-04
   54565   4  2.68049E+00  2.68049E+00  2.68049E+00  2.68049E+00  2.68049E+00  2.68049E+00  2.68049E+00  2.68049E+00  2.68049E+00  2.68049E+00  2.68049E+00  2.68049E+00  2.68049E+00  2.68049E+00  2.68049E+00  2.68049E+00  2.68049E+00  2.68049E+00  2.68049E+00  2.68049E+00  2.68049E+00  2.68049E+00  2.68049E+00  2.68049E+00
   54565   7  0.00000E+00  0.00000E+00  0.00000E+00  0.00000E+00  0.00000E+00  0.00000E+00  0.00000E+00  0.00000E+00  0.00000E+00  0.00000E+00  0.00000E+00  0.00000E+00  0.00000E+00  0.00000E+00  0.00000E+00  0.00000E+00  0.00000E+00  0.00000E+00  0.00000E+00  0.00000E+00  0.00000E+00  0.00000E+00  0.00000E+00  0.00000E+00
   48578   4  1.30594E+00  1.30594E+00  1.30594E+00  1.30594E+00  1.30594E+00  1.30594E+00  1.30594E+00  1.30594E+00  1.30594E+00  1.30594E+00  1.30594E+00  1.30594E+00  1.30594E+00  1.30594E+00  1.30594E+00  1.30594E+00  1.30594E+00  1.30594E+00  1.30594E+00  1.30594E+00  1.30594E+00  1.30594E+00  1.30594E+00  1.30594E+00
   48578   3  2.65585E+00  2.65585E+00  2.65585E+00  2.65585E+00  2.65585E+00  2.65585E+00  2.65585E+00  2.65585E+00  2.65585E+00  2.65585E+00  2.65585E+00  2.65585E+00  2.65585E+00  2.65585E+00  2.65585E+00  2.65585E+00  2.65585E+00  2.65585E+00  2.65585E+00  2.65585E+00  2.65585E+00  2.65585E+00  2.65585E+00  2.65585E+00
   48578   2  0.00000E+00  0.00000E+00  0.00000E+00  0.00000E+00  0.00000E+00  0.00000E+00  0.00000E+00  0.00000E+00  0.00000E+00  0.00000E+00  0.00000E+00  0.00000E+00  0.00000E+00  0.00000E+00  0.00000E+00  0.00000E+00  0.00000E+00  0.00000E+00  0.00000E+00  0.00000E+00  0.00000E+00  0.00000E+00  0.00000E+00  0.00000E+00
   48226   3  0.00000E+00  0.00000E+00  0.00000E+00  0.00000E+00  0.00000E+00  0.00000E+00  0.00000E+00  0.00000E+00  0.00000E+00  0.00000E+00  0.00000E+00  0.00000E+00  0.00000E+00  0.00000E+00  0.00000E+00  0.00000E+00  0.00000E+00  0.00000E+00  0.00000E+00  0.00000E+00  0.00000E+00  0.00000E+00  0.00000E+00  0.00000E+00
   48226   4  0.00000E+00  0.00000E+00  0.00000E+00  0.00000E+00  0.00000E+00  0.00000E+00  0.00000E+00  0.00000E+00  0.00000E+00  0.00000E+00  0.00000E+00  0.00000E+00  0.00000E+00  0.00000E+00  0.00000E+00  0.00000E+00  0.00000E+00  0.00000E+00  0.00000E+00  0.00000E+00  0.00000E+00  0.00000E+00  0.00000E+00  0.00000E+00
   47518   7  0.00000E+00  0.00000E+00  0.00000E+00  0.00000E+00  0.00000E+00  0.00000E+00  0.00000E+00  0.00000E+00  0.00000E+00  0.00000E+00  0.00000E+00  0.00000E+00  0.00000E+00  0.00000E+00  0.00000E+00  0.00000E+00  0.00000E+00  0.00000E+00  0.00000E+00  0.00000E+00  0.00000E+00  0.00000E+00  0.00000E+00  0.00000E+00
   48227   3  0.00000E+00  0.00000E+00  0.00000E+00  0.00000E+00  0.00000E+00  0.00000E+00  0.00000E+00  0.00000E+00  0.00000E+00  0.00000E+00  0.00000E+00  0.00000E+00  0.00000E+00  0.00000E+00  0.00000E+00  0.00000E+00  0.00000E+00  0.00000E+00  0.00000E+00  0.00000E+00  0.00000E+00  0.00000E+00  0.00000E+00  0.00000E+00
   48227   2  0.00000E+00  0.00000E+00  0.00000E+00  0.00000E+00  0.00000E+00  0.00000E+00  0.00000E+00  0.00000E+00  0.00000E+00  0.00000E+00  0.00000E+00  0.00000E+00  0.00000E+00  0.00000E+00  0.00000E+00  0.00000E+00  0.00000E+00  0.00000E+00  0.00000E+00  0.00000E+00  0.00000E+00  0.00000E+00  0.00000E+00  0.00000E+00
   46818   4  5.05643E-01  5.05643E-01  5.05643E-01  5.05643E-01  5.05643E-01  5.05643E-01  5.05643E-01  5.05643E-01  5.05643E-01  5.05643E-01  5.05643E-01  5.05643E-01  5.05643E-01  5.05643E-01  5.05643E-01  5.05643E-01  5.05643E-01  5.05643E-01  5.05643E-01  5.05643E-01  5.05643E-01  5.05643E-01  5.05643E-01  5.05643E-01
   38332   4  0.00000E+00  0.00000E+00  0.00000E+00  0.00000E+00  0.00000E+00  0.00000E+00  0.00000E+00  0.00000E+00  0.00000E+00  0.00000E+00  0.00000E+00  0.00000E+00  0.00000E+00  0.00000E+00  0.00000E+00  0.00000E+00  0.00000E+00  0.00000E+00  0.00000E+00  0.00000E+00  0.00000E+00  0.00000E+00  0.00000E+00  0.00000E+00
   38332   7  0.00000E+00  0.00000E+00  0.00000E+00  0.00000E+00  0.00000E+00  0.00000E+00  0.00000E+00  0.00000E+00  0.00000E+00  0.00000E+00  0.00000E+00  0.00000E+00  0.00000E+00  0.00000E+00  0.00000E+00  0.00000E+00  0.00000E+00  0.00000E+00  0.00000E+00  0.00000E+00  0.00000E+00  0.00000E+00  0.00000E+00  0.00000E+00
   35158   3  0.00000E+00  0.00000E+00  0.00000E+00  0.00000E+00  0.00000E+00  0.00000E+00  0.00000E+00  0.00000E+00  0.00000E+00  0.00000E+00  0.00000E+00  0.00000E+00  0.00000E+00  0.00000E+00  0.00000E+00  0.00000E+00  0.00000E+00  0.00000E+00  0.00000E+00  0.00000E+00  0.00000E+00  0.00000E+00  0.00000E+00  0.00000E+00
   30178   3  5.40566E-02  5.40566E-02  5.40566E-02  5.40566E-02  5.40566E-02  5.40566E-02  5.40566E-02  5.40566E-02  5.40566E-02  5.40566E-02  5.40566E-02  5.40566E-02  5.40566E-02  5.40566E-02  5.40566E-02  5.40566E-02  5.40566E-02  5.40566E-02  5.40566E-02  5.40566E-02  5.40566E-02  5.40566E-02  5.40566E-02  5.40566E-02
   30178   4  5.07893E+00  5.07893E+00  5.07893E+00  5.07893E+00  5.07893E+00  5.07893E+00  5.07893E+00  5.07893E+00  5.07893E+00  5.07893E+00  5.07893E+00  5.07893E+00  5.07893E+00  5.07893E+00  5.07893E+00  5.07893E+00  5.07893E+00  5.07893E+00  5.07893E+00  5.07893E+00  5.07893E+00  5.07893E+00  5.07893E+00  5.07893E+00
   30178   7  0.00000E+00  0.00000E+00  0.00000E+00  0.00000E+00  0.00000E+00  0.00000E+00  0.00000E+00  0.00000E+00  0.00000E+00  0.00000E+00  0.00000E+00  0.00000E+00  0.00000E+00  2.04692E+00  2.04692E+00  2.04692E+00  2.04692E+00  2.04692E+00  2.04692E+00  2.04692E+00  2.04692E+00  0.00000E+00  0.00000E+00  0.00000E+00
   30177   4  8.01639E-04  8.01639E-04  8.01639E-04  8.01639E-04  8.01639E-04  8.01639E-04  8.01639E-04  8.01639E-04  8.01639E-04  8.01639E-04  8.01639E-04  8.01639E-04  8.01639E-04  8.01639E-04  8.01639E-04  8.01639E-04  8.01639E-04  8.01639E-04  8.01639E-04  8.01639E-04  8.01639E-04  8.01639E-04  8.01639E-04  8.01639E-04
   29472   3  0.00000E+00  0.00000E+00  0.00000E+00  0.00000E+00  0.00000E+00  0.00000E+00  0.00000E+00  0.00000E+00  0.00000E+00  0.00000E+00  0.00000E+00  0.00000E+00  0.00000E+00  6.19093E+01  6.19093E+01  6.19093E+01  6.19093E+01  6.19093E+01  6.19093E+01  6.19093E+01  6.19093E+01  0.00000E+00  0.00000E+00  0.00000E+00
   29472   5  0.00000E+00  0.00000E+00  0.00000E+00  0.00000E+00  0.00000E+00  0.00000E+00  0.00000E+00  0.00000E+00  0.00000E+00  0.00000E+00  0.00000E+00  0.00000E+00  0.00000E+00  1.37576E+01  1.37576E+01  1.37576E+01  1.37576E+01  1.37576E+01  1.37576E+01  1.37576E+01  1.37576E+01  0.00000E+00  0.00000E+00  0.00000E+00
   29472   4  0.00000E+00  0.00000E+00  0.00000E+00  0.00000E+00  0.00000E+00  0.00000E+00  0.00000E+00  0.00000E+00  0.00000E+00  0.00000E+00  0.00000E+00  0.00000E+00  0.00000E+00  6.19093E+01  6.19093E+01  6.19093E+01  6.19093E+01  6.19093E+01  6.19093E+01  6.19093E+01  6.19093E+01  0.00000E+00  0.00000E+00  0.00000E+00
   30531   4  7.89554E-04  7.89554E-04  7.89554E-04  7.89554E-04  7.89554E-04  7.89554E-04  7.89554E-04  7.89554E-04  7.89554E-04  7.89554E-04  7.89554E-04  7.89554E-04  7.89554E-04  7.89554E-04  7.89554E-04  7.89554E-04  7.89554E-04  7.89554E-04  7.89554E-04  7.89554E-04  7.89554E-04  7.89554E-04  7.89554E-04  7.89554E-04
   30178   5  0.00000E+00  0.00000E+00  0.00000E+00  0.00000E+00  0.00000E+00  0.00000E+00  0.00000E+00  0.00000E+00  0.00000E+00  0.00000E+00  0.00000E+00  0.00000E+00  0.00000E+00  0.00000E+00  0.00000E+00  0.00000E+00  0.00000E+00  0.00000E+00  0.00000E+00  0.00000E+00  0.00000E+00  0.00000E+00  0.00000E+00  0.00000E+00
   30526   3  4.67287E-04  4.67287E-04  4.67287E-04  4.67287E-04  4.67287E-04  4.67287E-04  4.67287E-04  4.67287E-04  4.67287E-04  4.67287E-04  4.67287E-04  4.67287E-04  4.67287E-04  4.67287E-04  4.67287E-04  4.67287E-04  4.67287E-04  4.67287E-04  4.67287E-04  4.67287E-04  4.67287E-04  4.67287E-04  4.67287E-04  4.67287E-04
   30529   3  1.49182E-01  1.49182E-01  1.49182E-01  1.49182E-01  1.49182E-01  1.49182E-01  1.49182E-01  1.49182E-01  1.49182E-01  1.49182E-01  1.49182E-01  1.49182E-01  1.49182E-01  1.49182E-01  1.49182E-01  1.49182E-01  1.49182E-01  1.49182E-01  1.49182E-01  1.49182E-01  1.49182E-01  1.49182E-01  1.49182E-01  1.49182E-01
   30529   4  6.14533E-01  6.14533E-01  6.14533E-01  6.14533E-01  6.14533E-01  6.14533E-01  6.14533E-01  6.14533E-01  6.14533E-01  6.14533E-01  6.14533E-01  6.14533E-01  6.14533E-01  6.14533E-01  6.14533E-01  6.14533E-01  6.14533E-01  6.14533E-01  6.14533E-01  6.14533E-01  6.14533E-01  6.14533E-01  6.14533E-01  6.14533E-01
   31942   4  7.29950E+00  7.29950E+00  7.29950E+00  7.29950E+00  7.29950E+00  7.29950E+00  7.29950E+00  7.29950E+00  7.29950E+00  7.29950E+00  7.29950E+00  7.29950E+00  7.29950E+00  7.29950E+00  7.29950E+00  7.29950E+00  7.29950E+00  7.29950E+00  7.29950E+00  7.29950E+00  7.29950E+00  7.29950E+00  7.29950E+00  7.29950E+00
   30884   4  1.03440E-01  1.03440E-01  1.03440E-01  1.03440E-01  1.03440E-01  1.03440E-01  1.03440E-01  1.03440E-01  1.03440E-01  1.03440E-01  1.03440E-01  1.03440E-01  1.03440E-01  1.03440E-01  1.03440E-01  1.03440E-01  1.03440E-01  1.03440E-01  1.03440E-01  1.03440E-01  1.03440E-01  1.03440E-01  1.03440E-01  1.03440E-01
   44188   2  0.00000E+00  0.00000E+00  0.00000E+00  0.00000E+00  0.00000E+00  0.00000E+00  0.00000E+00  0.00000E+00  0.00000E+00  0.00000E+00  0.00000E+00  0.00000E+00  0.00000E+00  0.00000E+00  0.00000E+00  0.00000E+00  0.00000E+00  0.00000E+00  0.00000E+00  0.00000E+00  0.00000E+00  0.00000E+00  0.00000E+00  0.00000E+00
   44899   3  4.98508E+01  4.86275E+01  4.82197E+01  4.75061E+01  4.48555E+01  4.04719E+01  3.58844E+01  3.03337E+01  2.80867E+01  2.69633E+01  2.65888E+01  2.73377E+01  2.95847E+01  3.31423E+01  3.77298E+01  4.05385E+01  4.27854E+01  4.47515E+01  4.55005E+01  4.62495E+01  4.65303E+01  4.69048E+01  4.68112E+01  4.65303E+01
   47369   3  1.63001E-02  1.63001E-02  1.63001E-02  1.63001E-02  1.63001E-02  1.63001E-02  1.63001E-02  1.63001E-02  1.63001E-02  1.63001E-02  1.63001E-02  1.63001E-02  1.63001E-02  1.63001E-02  1.63001E-02  1.63001E-02  1.63001E-02  1.63001E-02  1.63001E-02  1.63001E-02  1.63001E-02  1.63001E-02  1.63001E-02  1.63001E-02
   55130   4  3.49348E+00  3.40776E+00  3.37918E+00  3.32917E+00  3.14342E+00  2.83622E+00  2.51474E+00  2.12575E+00  1.96828E+00  1.88955E+00  1.86331E+00  1.91580E+00  2.07326E+00  2.32257E+00  2.64406E+00  2.84089E+00  2.99835E+00  3.13613E+00  3.18862E+00  3.24111E+00  3.26079E+00  3.28703E+00  3.28047E+00  3.26079E+00
   55130   3  2.62011E+00  2.55582E+00  2.53438E+00  2.49688E+00  2.35757E+00  2.12717E+00  1.88605E+00  1.59431E+00  1.47621E+00  1.41716E+00  1.39748E+00  1.43685E+00  1.55494E+00  1.74193E+00  1.98305E+00  2.13067E+00  2.24876E+00  2.35210E+00  2.39146E+00  2.43083E+00  2.44559E+00  2.46528E+00  2.46035E+00  2.44559E+00
   55121   4  3.17467E+00  3.09676E+00  3.07080E+00  3.02535E+00  2.85655E+00  2.57739E+00  2.28524E+00  1.93175E+00  1.78866E+00  1.71711E+00  1.69326E+00  1.74096E+00  1.88405E+00  2.11062E+00  2.40277E+00  2.58163E+00  2.72472E+00  2.84993E+00  2.89763E+00  2.94533E+00  2.96321E+00  2.98706E+00  2.98110E+00  2.96321E+00
   55121   3  1.50101E+00  1.46418E+00  1.45190E+00  1.43041E+00  1.35061E+00  1.21862E+00  1.08048E+00  9.13351E-01  8.45695E-01  8.11867E-01  8.00591E-01  8.23143E-01  8.90799E-01  9.97920E-01  1.13605E+00  1.22062E+00  1.28828E+00  1.34747E+00  1.37003E+00  1.39258E+00  1.40103E+00  1.41231E+00  1.40949E+00  1.40103E+00
   58290   4  2.33643E-02  2.33643E-02  2.33643E-02  2.33643E-02  2.33643E-02  2.33643E-02  2.33643E-02  2.33643E-02  2.33643E-02  2.33643E-02  2.33643E-02  2.33643E-02  2.33643E-02  2.33643E-02  2.33643E-02  2.33643E-02  2.33643E-02  2.33643E-02  2.33643E-02  2.33643E-02  2.33643E-02  2.33643E-02  2.33643E-02  2.33643E-02
   57936   4  5.96113E-04  5.96113E-04  5.96113E-04  5.96113E-04  5.96113E-04  5.96113E-04  5.96113E-04  5.96113E-04  5.96113E-04  5.96113E-04  5.96113E-04  5.96113E-04  5.96113E-04  5.96113E-04  5.96113E-04  5.96113E-04  5.96113E-04  5.96113E-04  5.96113E-04  5.96113E-04  5.96113E-04  5.96113E-04  5.96113E-04  5.96113E-04
   41032   3  1.53994E+01  1.50215E+01  1.48955E+01  1.46751E+01  1.38563E+01  1.25021E+01  1.10850E+01  9.37034E+00  8.67624E+00  8.32919E+00  8.21350E+00  8.44487E+00  9.13897E+00  1.02380E+01  1.16551E+01  1.25227E+01  1.32168E+01  1.38241E+01  1.40555E+01  1.42869E+01  1.43736E+01  1.44893E+01  1.44604E+01  1.43736E+01
   41027   3  1.36696E-03  1.36696E-03  1.36696E-03  1.36696E-03  1.36696E-03  1.36696E-03  1.36696E-03  1.36696E-03  1.36696E-03  1.36696E-03  1.36696E-03  1.36696E-03  1.36696E-03  1.36696E-03  1.36696E-03  1.36696E-03  1.36696E-03  1.36696E-03  1.36696E-03  1.36696E-03  1.36696E-03  1.36696E-03  1.36696E-03  1.36696E-03
   41027   4  0.00000E+00  0.00000E+00  0.00000E+00  0.00000E+00  0.00000E+00  0.00000E+00  0.00000E+00  0.00000E+00  0.00000E+00  0.00000E+00  0.00000E+00  0.00000E+00  0.00000E+00  0.00000E+00  0.00000E+00  0.00000E+00  0.00000E+00  0.00000E+00  0.00000E+00  0.00000E+00  0.00000E+00  0.00000E+00  0.00000E+00  0.00000E+00
   41027   2  0.00000E+00  0.00000E+00  0.00000E+00  0.00000E+00  0.00000E+00  0.00000E+00  0.00000E+00  0.00000E+00  0.00000E+00  0.00000E+00  0.00000E+00  0.00000E+00  0.00000E+00  0.00000E+00  0.00000E+00  0.00000E+00  0.00000E+00  0.00000E+00  0.00000E+00  0.00000E+00  0.00000E+00  0.00000E+00  0.00000E+00  0.00000E+00
   41031   7  0.00000E+00  0.00000E+00  0.00000E+00  0.00000E+00  0.00000E+00  0.00000E+00  0.00000E+00  0.00000E+00  0.00000E+00  0.00000E+00  0.00000E+00  0.00000E+00  0.00000E+00  0.00000E+00  0.00000E+00  0.00000E+00  0.00000E+00  0.00000E+00  0.00000E+00  0.00000E+00  0.00000E+00  0.00000E+00  0.00000E+00  0.00000E+00
   37153   2  0.00000E+00  0.00000E+00  0.00000E+00  0.00000E+00  0.00000E+00  0.00000E+00  0.00000E+00  0.00000E+00  0.00000E+00  0.00000E+00  0.00000E+00  0.00000E+00  0.00000E+00  0.00000E+00  0.00000E+00  0.00000E+00  0.00000E+00  0.00000E+00  0.00000E+00  0.00000E+00  0.00000E+00  0.00000E+00  0.00000E+00  0.00000E+00
   22551   2  2.30309E+01  2.30061E+01  2.29140E+01  2.27617E+01  2.26024E+01  2.24095E+01  2.23315E+01  2.22925E+01  2.22795E+01  2.23055E+01  2.23835E+01  2.25071E+01  2.26665E+01  2.27640E+01  2.28421E+01  2.29104E+01  2.29364E+01  2.29624E+01  2.29722E+01  2.29852E+01  2.29819E+01  2.29722E+01  2.29462E+01  2.29071E+01
   22551   3  1.93087E+01  1.92922E+01  1.92308E+01  1.91293E+01  1.90230E+01  1.88945E+01  1.88424E+01  1.88164E+01  1.88078E+01  1.88251E+01  1.88771E+01  1.89595E+01  1.90658E+01  1.91308E+01  1.91828E+01  1.92284E+01  1.92457E+01  1.92631E+01  1.92696E+01  1.92782E+01  1.92761E+01  1.92696E+01  1.92522E+01  1.92262E+01
   23253   7  0.00000E+00  0.00000E+00  0.00000E+00  0.00000E+00  0.00000E+00  0.00000E+00  0.00000E+00  0.00000E+00  0.00000E+00  0.00000E+00  0.00000E+00  0.00000E+00  0.00000E+00  0.00000E+00  0.00000E+00  0.00000E+00  0.00000E+00  0.00000E+00  0.00000E+00  0.00000E+00  0.00000E+00  0.00000E+00  0.00000E+00  0.00000E+00
   22551   4  1.47475E+00  1.47475E+00  1.47475E+00  1.47475E+00  1.47475E+00  1.47475E+00  1.47475E+00  1.47475E+00  1.47475E+00  1.47475E+00  1.47475E+00  1.47475E+00  1.47475E+00  1.47475E+00  1.47475E+00  1.47475E+00  1.47475E+00  1.47475E+00  1.47475E+00  1.47475E+00  1.47475E+00  1.47475E+00  1.47475E+00  1.47475E+00
   16894   2  3.39938E+01  3.39938E+01  3.39938E+01  3.39938E+01  3.39938E+01  3.39938E+01  3.39938E+01  3.39938E+01  3.39938E+01  3.39938E+01  3.39938E+01  3.39938E+01  3.39938E+01  3.39938E+01  3.39938E+01  3.39938E+01  3.39938E+01  3.39938E+01  3.39938E+01  3.39938E+01  3.39938E+01  3.39938E+01  3.39938E+01  3.39938E+01
   16894   3  7.31153E+01  7.31153E+01  7.31153E+01  7.31153E+01  7.31153E+01  7.31153E+01  7.31153E+01  7.31153E+01  7.31153E+01  7.31153E+01  7.31153E+01  7.31153E+01  7.31153E+01  7.31153E+01  7.31153E+01  7.31153E+01  7.31153E+01  7.31153E+01  7.31153E+01  7.31153E+01  7.31153E+01  7.31153E+01  7.31153E+01  7.31153E+01
   16894   4  4.42788E+02  4.42788E+02  4.42788E+02  4.42788E+02  4.42788E+02  4.42788E+02  4.42788E+02  4.42788E+02  4.42788E+02  4.42788E+02  4.42788E+02  4.42788E+02  4.42788E+02  4.42788E+02  4.42788E+02  4.42788E+02  4.42788E+02  4.42788E+02  4.42788E+02  4.42788E+02  4.42788E+02  4.42788E+02  4.42788E+02  4.42788E+02
   18317   3  0.00000E+00  0.00000E+00  0.00000E+00  0.00000E+00  0.00000E+00  0.00000E+00  0.00000E+00  0.00000E+00  0.00000E+00  0.00000E+00  0.00000E+00  0.00000E+00  0.00000E+00  0.00000E+00  0.00000E+00  0.00000E+00  0.00000E+00  0.00000E+00  0.00000E+00  0.00000E+00  0.00000E+00  0.00000E+00  0.00000E+00  0.00000E+00
   18513   7  0.00000E+00  0.00000E+00  0.00000E+00  0.00000E+00  0.00000E+00  0.00000E+00  0.00000E+00  0.00000E+00  0.00000E+00  0.00000E+00  0.00000E+00  0.00000E+00  0.00000E+00  0.00000E+00  0.00000E+00  0.00000E+00  0.00000E+00  0.00000E+00  0.00000E+00  0.00000E+00  0.00000E+00  0.00000E+00  0.00000E+00  0.00000E+00
   18509   3  3.07624E-04  3.07624E-04  3.07624E-04  3.07624E-04  3.07624E-04  3.07624E-04  3.07624E-04  3.07624E-04  3.07624E-04  3.07624E-04  3.07624E-04  3.07624E-04  3.07624E-04  3.07624E-04  3.07624E-04  3.07624E-04  3.07624E-04  3.07624E-04  3.07624E-04  3.07624E-04  3.07624E-04  3.07624E-04  3.07624E-04  3.07624E-04
   19219   3  1.14195E-01  1.14195E-01  1.14195E-01  1.14195E-01  1.14195E-01  1.14195E-01  1.14195E-01  1.14195E-01  1.14195E-01  1.14195E-01  1.14195E-01  1.14195E-01  1.14195E-01  1.14195E-01  1.14195E-01  1.14195E-01  1.14195E-01  1.14195E-01  1.14195E-01  1.14195E-01  1.14195E-01  1.14195E-01  1.14195E-01  1.14195E-01
   19219   2  0.00000E+00  0.00000E+00  0.00000E+00  0.00000E+00  0.00000E+00  0.00000E+00  0.00000E+00  0.00000E+00  0.00000E+00  0.00000E+00  0.00000E+00  0.00000E+00  0.00000E+00  0.00000E+00  0.00000E+00  0.00000E+00  0.00000E+00  0.00000E+00  0.00000E+00  0.00000E+00  0.00000E+00  0.00000E+00  0.00000E+00  0.00000E+00
   18505   2  1.87941E+02  1.85160E+02  1.74829E+02  1.57743E+02  1.39863E+02  1.18229E+02  1.09471E+02  1.05092E+02  1.03632E+02  1.06552E+02  1.15309E+02  1.29176E+02  1.47056E+02  1.58003E+02  1.66761E+02  1.74424E+02  1.77343E+02  1.80262E+02  1.81357E+02  1.82816E+02  1.82451E+02  1.81357E+02  1.78438E+02  1.74059E+02
   18505   3  2.33938E-01  2.33938E-01  2.33938E-01  2.33938E-01  2.33938E-01  2.33938E-01  2.33938E-01  2.33938E-01  2.33938E-01  2.33938E-01  2.33938E-01  2.33938E-01  2.33938E-01  2.33938E-01  2.33938E-01  2.33938E-01  2.33938E-01  2.33938E-01  2.33938E-01  2.33938E-01  2.33938E-01  2.33938E-01  2.33938E-01  2.33938E-01
   18505   7  0.00000E+00  0.00000E+00  0.00000E+00  0.00000E+00  0.00000E+00  0.00000E+00  0.00000E+00  0.00000E+00  0.00000E+00  0.00000E+00  0.00000E+00  0.00000E+00  0.00000E+00  0.00000E+00  0.00000E+00  0.00000E+00  0.00000E+00  0.00000E+00  0.00000E+00  0.00000E+00  0.00000E+00  0.00000E+00  0.00000E+00  0.00000E+00
   17452   2  2.47360E-01  2.47360E-01  2.47360E-01  2.47360E-01  2.47360E-01  2.47360E-01  2.47360E-01  2.47360E-01  2.47360E-01  2.47360E-01  2.47360E-01  2.47360E-01  2.47360E-01  2.47360E-01  2.47360E-01  2.47360E-01  2.47360E-01  2.47360E-01  2.47360E-01  2.47360E-01  2.47360E-01  2.47360E-01  2.47360E-01  2.47360E-01
    6979   3  0.00000E+00  0.00000E+00  0.00000E+00  0.00000E+00  0.00000E+00  0.00000E+00  0.00000E+00  0.00000E+00  0.00000E+00  0.00000E+00  0.00000E+00  0.00000E+00  0.00000E+00  0.00000E+00  0.00000E+00  0.00000E+00  0.00000E+00  0.00000E+00  0.00000E+00  0.00000E+00  0.00000E+00  0.00000E+00  0.00000E+00  0.00000E+00
    9108   3  3.35415E-02  3.35415E-02  3.35415E-02  3.35415E-02  3.35415E-02  3.35415E-02  3.35415E-02  3.35415E-02  3.35415E-02  3.35415E-02  3.35415E-02  3.35415E-02  3.35415E-02  3.35415E-02  3.35415E-02  3.35415E-02  3.35415E-02  3.35415E-02  3.35415E-02  3.35415E-02  3.35415E-02  3.35415E-02  3.35415E-02  3.35415E-02
    2407   3  0.00000E+00  0.00000E+00  0.00000E+00  0.00000E+00  0.00000E+00  0.00000E+00  0.00000E+00  0.00000E+00  0.00000E+00  0.00000E+00  0.00000E+00  0.00000E+00  0.00000E+00  0.00000E+00  0.00000E+00  0.00000E+00  0.00000E+00  0.00000E+00  0.00000E+00  0.00000E+00  0.00000E+00  0.00000E+00  0.00000E+00  0.00000E+00
    2407   2  0.00000E+00  0.00000E+00  0.00000E+00  0.00000E+00  0.00000E+00  0.00000E+00  0.00000E+00  0.00000E+00  0.00000E+00  0.00000E+00  0.00000E+00  0.00000E+00  0.00000E+00  0.00000E+00  0.00000E+00  0.00000E+00  0.00000E+00  0.00000E+00  0.00000E+00  0.00000E+00  0.00000E+00  0.00000E+00  0.00000E+00  0.00000E+00
   13341   3  3.60257E-03  3.60257E-03  3.60257E-03  3.60257E-03  3.60257E-03  3.60257E-03  3.60257E-03  3.60257E-03  3.60257E-03  3.60257E-03  3.60257E-03  3.60257E-03  3.60257E-03  3.60257E-03  3.60257E-03  3.60257E-03  3.60257E-03  3.60257E-03  3.60257E-03  3.60257E-03  3.60257E-03  3.60257E-03  3.60257E-03  3.60257E-03
    9455   3  0.00000E+00  0.00000E+00  0.00000E+00  0.00000E+00  0.00000E+00  0.00000E+00  0.00000E+00  0.00000E+00  0.00000E+00  0.00000E+00  0.00000E+00  0.00000E+00  0.00000E+00  0.00000E+00  0.00000E+00  0.00000E+00  0.00000E+00  0.00000E+00  0.00000E+00  0.00000E+00  0.00000E+00  0.00000E+00  0.00000E+00  0.00000E+00
   11927   3  7.57242E-01  7.57242E-01  7.57242E-01  7.57242E-01  7.57242E-01  7.57242E-01  7.57242E-01  7.57242E-01  7.57242E-01  7.57242E-01  7.57242E-01  7.57242E-01  7.57242E-01  7.57242E-01  7.57242E-01  7.57242E-01  7.57242E-01  7.57242E-01  7.57242E-01  7.57242E-01  7.57242E-01  7.57242E-01  7.57242E-01  7.57242E-01
   12279   3  1.38694E+00  1.38694E+00  1.38694E+00  1.38694E+00  1.38694E+00  1.38694E+00  1.38694E+00  1.38694E+00  1.38694E+00  1.38694E+00  1.38694E+00  1.38694E+00  1.38694E+00  1.38694E+00  1.38694E+00  1.38694E+00  1.38694E+00  1.38694E+00  1.38694E+00  1.38694E+00  1.38694E+00  1.38694E+00  1.38694E+00  1.38694E+00
   12635   3  2.16519E-01  2.16519E-01  2.16519E-01  2.16519E-01  2.16519E-01  2.16519E-01  2.16519E-01  2.16519E-01  2.16519E-01  2.16519E-01  2.16519E-01  2.16519E-01  2.16519E-01  2.16519E-01  2.16519E-01  2.16519E-01  2.16519E-01  2.16519E-01  2.16519E-01  2.16519E-01  2.16519E-01  2.16519E-01  2.16519E-01  2.16519E-01
   12636   3  1.04911E-01  1.04911E-01  1.04911E-01  1.04911E-01  1.04911E-01  1.04911E-01  1.04911E-01  1.04911E-01  1.04911E-01  1.04911E-01  1.04911E-01  1.04911E-01  1.04911E-01  1.04911E-01  1.04911E-01  1.04911E-01  1.04911E-01  1.04911E-01  1.04911E-01  1.04911E-01  1.04911E-01  1.04911E-01  1.04911E-01  1.04911E-01
   14046   3  2.41987E+00  2.41987E+00  2.41987E+00  2.41987E+00  2.41987E+00  2.41987E+00  2.41987E+00  2.41987E+00  2.41987E+00  2.41987E+00  2.41987E+00  2.41987E+00  2.41987E+00  2.41987E+00  2.41987E+00  2.41987E+00  2.41987E+00  2.41987E+00  2.41987E+00  2.41987E+00  2.41987E+00  2.41987E+00  2.41987E+00  2.41987E+00
   14047   3  2.98613E+01  2.98613E+01  2.98613E+01  2.98613E+01  2.98613E+01  2.98613E+01  2.98613E+01  2.98613E+01  2.98613E+01  2.98613E+01  2.98613E+01  2.98613E+01  2.98613E+01  2.98613E+01  2.98613E+01  2.98613E+01  2.98613E+01  2.98613E+01  2.98613E+01  2.98613E+01  2.98613E+01  2.98613E+01  2.98613E+01  2.98613E+01
   14047   2  2.52948E+00  2.52948E+00  2.52948E+00  2.52948E+00  2.52948E+00  2.52948E+00  2.52948E+00  2.52948E+00  2.52948E+00  2.52948E+00  2.52948E+00  2.52948E+00  2.52948E+00  2.52948E+00  2.52948E+00  2.52948E+00  2.52948E+00  2.52948E+00  2.52948E+00  2.52948E+00  2.52948E+00  2.52948E+00  2.52948E+00  2.52948E+00
    9465   3  0.00000E+00  0.00000E+00  0.00000E+00  0.00000E+00  0.00000E+00  0.00000E+00  0.00000E+00  0.00000E+00  0.00000E+00  0.00000E+00  0.00000E+00  0.00000E+00  0.00000E+00  0.00000E+00  0.00000E+00  0.00000E+00  0.00000E+00  0.00000E+00  0.00000E+00  0.00000E+00  0.00000E+00  0.00000E+00  0.00000E+00  0.00000E+00
    1352   7  0.00000E+00  0.00000E+00  0.00000E+00  0.00000E+00  0.00000E+00  0.00000E+00  0.00000E+00  0.00000E+00  0.00000E+00  0.00000E+00  0.00000E+00  0.00000E+00  0.00000E+00  0.00000E+00  0.00000E+00  0.00000E+00  0.00000E+00  0.00000E+00  0.00000E+00  0.00000E+00  0.00000E+00  0.00000E+00  0.00000E+00  0.00000E+00
    1352   4  0.00000E+00  0.00000E+00  0.00000E+00  0.00000E+00  0.00000E+00  0.00000E+00  0.00000E+00  0.00000E+00  0.00000E+00  0.00000E+00  0.00000E+00  0.00000E+00  0.00000E+00  0.00000E+00  0.00000E+00  0.00000E+00  0.00000E+00  0.00000E+00  0.00000E+00  0.00000E+00  0.00000E+00  0.00000E+00  0.00000E+00  0.00000E+00
    9106   3  8.61884E-03  8.61884E-03  8.61884E-03  8.61884E-03  8.61884E-03  8.61884E-03  8.61884E-03  8.61884E-03  8.61884E-03  8.61884E-03  8.61884E-03  8.61884E-03  8.61884E-03  8.61884E-03  8.61884E-03  8.61884E-03  8.61884E-03  8.61884E-03  8.61884E-03  8.61884E-03  8.61884E-03  8.61884E-03  8.61884E-03  8.61884E-03
    9458   7  0.00000E+00  0.00000E+00  0.00000E+00  0.00000E+00  0.00000E+00  0.00000E+00  0.00000E+00  0.00000E+00  0.00000E+00  0.00000E+00  0.00000E+00  0.00000E+00  0.00000E+00  0.00000E+00  0.00000E+00  0.00000E+00  0.00000E+00  0.00000E+00  0.00000E+00  0.00000E+00  0.00000E+00  0.00000E+00  0.00000E+00  0.00000E+00
    9458   3  0.00000E+00  0.00000E+00  0.00000E+00  0.00000E+00  0.00000E+00  0.00000E+00  0.00000E+00  0.00000E+00  0.00000E+00  0.00000E+00  0.00000E+00  0.00000E+00  0.00000E+00  0.00000E+00  0.00000E+00  0.00000E+00  0.00000E+00  0.00000E+00  0.00000E+00  0.00000E+00  0.00000E+00  0.00000E+00  0.00000E+00  0.00000E+00
    9458   2  0.00000E+00  0.00000E+00  0.00000E+00  0.00000E+00  0.00000E+00  0.00000E+00  0.00000E+00  0.00000E+00  0.00000E+00  0.00000E+00  0.00000E+00  0.00000E+00  0.00000E+00  0.00000E+00  0.00000E+00  0.00000E+00  0.00000E+00  0.00000E+00  0.00000E+00  0.00000E+00  0.00000E+00  0.00000E+00  0.00000E+00  0.00000E+00
    6635   3  0.00000E+00  0.00000E+00  0.00000E+00  0.00000E+00  0.00000E+00  0.00000E+00  0.00000E+00  0.00000E+00  0.00000E+00  0.00000E+00  0.00000E+00  0.00000E+00  0.00000E+00  0.00000E+00  0.00000E+00  0.00000E+00  0.00000E+00  0.00000E+00  0.00000E+00  0.00000E+00  0.00000E+00  0.00000E+00  0.00000E+00  0.00000E+00
    6635   2  0.00000E+00  0.00000E+00  0.00000E+00  0.00000E+00  0.00000E+00  0.00000E+00  0.00000E+00  0.00000E+00  0.00000E+00  0.00000E+00  0.00000E+00  0.00000E+00  0.00000E+00  0.00000E+00  0.00000E+00  0.00000E+00  0.00000E+00  0.00000E+00  0.00000E+00  0.00000E+00  0.00000E+00  0.00000E+00  0.00000E+00  0.00000E+00
   11586   3  1.57550E-03  1.57550E-03  1.57550E-03  1.57550E-03  1.57550E-03  1.57550E-03  1.57550E-03  1.57550E-03  1.57550E-03  1.57550E-03  1.57550E-03  1.57550E-03  1.57550E-03  1.57550E-03  1.57550E-03  1.57550E-03  1.57550E-03  1.57550E-03  1.57550E-03  1.57550E-03  1.57550E-03  1.57550E-03  1.57550E-03  1.57550E-03
   19977   3  1.67349E+02  1.67349E+02  2.57433E+01  2.57433E+01  2.57433E+01  2.54757E+01  2.54757E+01  2.54757E+01  2.54757E+01  2.54757E+01  2.54757E+01  2.54757E+01  2.54757E+01  1.67350E+02  1.67350E+02  1.67350E+02  1.67350E+02  1.67350E+02  1.67350E+02  1.67350E+02  1.67350E+02  1.67349E+02  1.67349E+02  1.67349E+02
   19977   4  2.10245E+01  2.10245E+01  2.10245E+01  2.10245E+01  2.10245E+01  2.10245E+01  2.10245E+01  2.10245E+01  2.10245E+01  2.10245E+01  2.10245E+01  2.10245E+01  2.10245E+01  2.10245E+01  2.10245E+01  2.10245E+01  2.10245E+01  2.10245E+01  2.10245E+01  2.10245E+01  2.10245E+01  2.10245E+01  2.10245E+01  2.10245E+01
   19977   5  0.00000E+00  0.00000E+00  0.00000E+00  0.00000E+00  0.00000E+00  0.00000E+00  0.00000E+00  0.00000E+00  0.00000E+00  0.00000E+00  0.00000E+00  0.00000E+00  0.00000E+00  0.00000E+00  0.00000E+00  0.00000E+00  0.00000E+00  0.00000E+00  0.00000E+00  0.00000E+00  0.00000E+00  0.00000E+00  0.00000E+00  0.00000E+00
   20329   4  8.28998E+00  8.28998E+00  8.28998E+00  8.28998E+00  8.28998E+00  8.28998E+00  8.28998E+00  8.28998E+00  8.28998E+00  8.28998E+00  8.28998E+00  8.28998E+00  8.28998E+00  8.28998E+00  8.28998E+00  8.28998E+00  8.28998E+00  8.28998E+00  8.28998E+00  8.28998E+00  8.28998E+00  8.28998E+00  8.28998E+00  8.28998E+00
   20330   4  2.19526E+01  2.19526E+01  2.19526E+01  2.19526E+01  2.19526E+01  2.19526E+01  2.19526E+01  2.19526E+01  2.19526E+01  2.19526E+01  2.19526E+01  2.19526E+01  2.19526E+01  2.19526E+01  2.19526E+01  2.19526E+01  2.19526E+01  2.19526E+01  2.19526E+01  2.19526E+01  2.19526E+01  2.19526E+01  2.19526E+01  2.19526E+01
   19977   2  1.29976E+00  1.29976E+00  1.29976E+00  1.29976E+00  1.29976E+00  1.29976E+00  1.29976E+00  1.29976E+00  1.29976E+00  1.29976E+00  1.29976E+00  1.29976E+00  1.29976E+00  1.29976E+00  1.29976E+00  1.29976E+00  1.29976E+00  1.29976E+00  1.29976E+00  1.29976E+00  1.29976E+00  1.29976E+00  1.29976E+00  1.29976E+00
   19976   4  2.43481E+01  2.43481E+01  2.43481E+01  2.43481E+01  2.43481E+01  2.43481E+01  2.43481E+01  2.43481E+01  2.43481E+01  2.43481E+01  2.43481E+01  2.43481E+01  2.43481E+01  2.43481E+01  2.43481E+01  2.43481E+01  2.43481E+01  2.43481E+01  2.43481E+01  2.43481E+01  2.43481E+01  2.43481E+01  2.43481E+01  2.43481E+01
   19977   7  0.00000E+00  0.00000E+00  0.00000E+00  0.00000E+00  0.00000E+00  0.00000E+00  0.00000E+00  0.00000E+00  0.00000E+00  0.00000E+00  0.00000E+00  0.00000E+00  0.00000E+00  5.21833E+01  5.21833E+01  5.21833E+01  5.21833E+01  5.21833E+01  5.21833E+01  5.21833E+01  5.21833E+01  0.00000E+00  0.00000E+00  0.00000E+00
   20330   3  2.03504E+01  2.03504E+01  1.56485E+01  1.56485E+01  1.56485E+01  1.56106E+01  1.56106E+01  1.56106E+01  1.56106E+01  1.56106E+01  1.56106E+01  1.56106E+01  1.56106E+01  2.04658E+01  2.04658E+01  2.04658E+01  2.04658E+01  2.04658E+01  2.04658E+01  2.04658E+01  2.04658E+01  2.03504E+01  2.03504E+01  2.03504E+01
   19976   3  1.46596E+02  1.46596E+02  1.41623E+02  1.41623E+02  1.41623E+02  1.41623E+02  1.41623E+02  1.41623E+02  1.41623E+02  1.41623E+02  1.41623E+02  1.41623E+02  1.41623E+02  1.46596E+02  1.46596E+02  1.46596E+02  1.46596E+02  1.46596E+02  1.46596E+02  1.46596E+02  1.46596E+02  1.46596E+02  1.46596E+02  1.46596E+02
   19624   3  3.27266E+01  3.27266E+01  2.03675E+00  2.03675E+00  2.03675E+00  2.03675E+00  2.03675E+00  2.03675E+00  2.03675E+00  2.03675E+00  2.03675E+00  2.03675E+00  2.03675E+00  3.27266E+01  3.27266E+01  3.27266E+01  3.27266E+01  3.27266E+01  3.27266E+01  3.27266E+01  3.27266E+01  3.27266E+01  3.27266E+01  3.27266E+01
   19271   4  3.96091E+00  3.96091E+00  3.96091E+00  3.96091E+00  3.96091E+00  3.96091E+00  3.96091E+00  3.96091E+00  3.96091E+00  3.96091E+00  3.96091E+00  3.96091E+00  3.96091E+00  3.96091E+00  3.96091E+00  3.96091E+00  3.96091E+00  3.96091E+00  3.96091E+00  3.96091E+00  3.96091E+00  3.96091E+00  3.96091E+00  3.96091E+00
   19271   7  0.00000E+00  0.00000E+00  0.00000E+00  0.00000E+00  0.00000E+00  0.00000E+00  0.00000E+00  0.00000E+00  0.00000E+00  0.00000E+00  0.00000E+00  0.00000E+00  0.00000E+00  1.59522E-01  1.59522E-01  1.59522E-01  1.59522E-01  1.59522E-01  1.59522E-01  1.59522E-01  1.59522E-01  0.00000E+00  0.00000E+00  0.00000E+00
   19624   4  5.75148E+00  5.75148E+00  5.75148E+00  5.75148E+00  5.75148E+00  5.75148E+00  5.75148E+00  5.75148E+00  5.75148E+00  5.75148E+00  5.75148E+00  5.75148E+00  5.75148E+00  5.75148E+00  5.75148E+00  5.75148E+00  5.75148E+00  5.75148E+00  5.75148E+00  5.75148E+00  5.75148E+00  5.75148E+00  5.75148E+00  5.75148E+00
   19271   3  5.01933E+00  5.01933E+00  4.93009E+00  4.93009E+00  4.93009E+00  4.93009E+00  4.93009E+00  4.93009E+00  4.93009E+00  4.93009E+00  4.93009E+00  4.93009E+00  4.93009E+00  5.01933E+00  5.01933E+00  5.01933E+00  5.01933E+00  5.01933E+00  5.01933E+00  5.01933E+00  5.01933E+00  5.01933E+00  5.01933E+00  5.01933E+00
   19272   4  1.31821E+00  1.31821E+00  1.31821E+00  1.31821E+00  1.31821E+00  1.31821E+00  1.31821E+00  1.31821E+00  1.31821E+00  1.31821E+00  1.31821E+00  1.31821E+00  1.31821E+00  1.31821E+00  1.31821E+00  1.31821E+00  1.31821E+00  1.31821E+00  1.31821E+00  1.31821E+00  1.31821E+00  1.31821E+00  1.31821E+00  1.31821E+00
   19622   3  5.83947E-04  5.83947E-04  5.83947E-04  5.83947E-04  5.83947E-04  5.83947E-04  5.83947E-04  5.83947E-04  5.83947E-04  5.83947E-04  5.83947E-04  5.83947E-04  5.83947E-04  5.83947E-04  5.83947E-04  5.83947E-04  5.83947E-04  5.83947E-04  5.83947E-04  5.83947E-04  5.83947E-04  5.83947E-04  5.83947E-04  5.83947E-04
   19269   4  6.49690E-04  6.49690E-04  6.49690E-04  6.49690E-04  6.49690E-04  6.49690E-04  6.49690E-04  6.49690E-04  6.49690E-04  6.49690E-04  6.49690E-04  6.49690E-04  6.49690E-04  6.49690E-04  6.49690E-04  6.49690E-04  6.49690E-04  6.49690E-04  6.49690E-04  6.49690E-04  6.49690E-04  6.49690E-04  6.49690E-04  6.49690E-04
   20330   5  0.00000E+00  0.00000E+00  0.00000E+00  0.00000E+00  0.00000E+00  0.00000E+00  0.00000E+00  0.00000E+00  0.00000E+00  0.00000E+00  0.00000E+00  0.00000E+00  0.00000E+00  0.00000E+00  0.00000E+00  0.00000E+00  0.00000E+00  0.00000E+00  0.00000E+00  0.00000E+00  0.00000E+00  0.00000E+00  0.00000E+00  0.00000E+00
   19978   4  1.79162E+01  1.79162E+01  1.79162E+01  1.79162E+01  1.79162E+01  1.79162E+01  1.79162E+01  1.79162E+01  1.79162E+01  1.79162E+01  1.79162E+01  1.79162E+01  1.79162E+01  1.79162E+01  1.79162E+01  1.79162E+01  1.79162E+01  1.79162E+01  1.79162E+01  1.79162E+01  1.79162E+01  1.79162E+01  1.79162E+01  1.79162E+01
   19978   3  7.51536E+00  7.51536E+00  2.86434E+00  2.86434E+00  2.86434E+00  2.86434E+00  2.86434E+00  2.86434E+00  2.86434E+00  2.86434E+00  2.86434E+00  2.86434E+00  2.86434E+00  7.51536E+00  7.51536E+00  7.51536E+00  7.51536E+00  7.51536E+00  7.51536E+00  7.51536E+00  7.51536E+00  7.51536E+00  7.51536E+00  7.51536E+00
   19625   3  3.08470E+01  3.08470E+01  1.90663E+01  1.90663E+01  1.90663E+01  1.90223E+01  1.90223E+01  1.90223E+01  1.90223E+01  1.90223E+01  1.90223E+01  1.90223E+01  1.90223E+01  3.08470E+01  3.08470E+01  3.08470E+01  3.08470E+01  3.08470E+01  3.08470E+01  3.08470E+01  3.08470E+01  3.08470E+01  3.08470E+01  3.08470E+01
   19625   4  2.96728E+01  2.96728E+01  2.96728E+01  2.96728E+01  2.96728E+01  2.96728E+01  2.96728E+01  2.96728E+01  2.96728E+01  2.96728E+01  2.96728E+01  2.96728E+01  2.96728E+01  2.96728E+01  2.96728E+01  2.96728E+01  2.96728E+01  2.96728E+01  2.96728E+01  2.96728E+01  2.96728E+01  2.96728E+01  2.96728E+01  2.96728E+01
   19625   7  0.00000E+00  0.00000E+00  0.00000E+00  0.00000E+00  0.00000E+00  0.00000E+00  0.00000E+00  0.00000E+00  0.00000E+00  0.00000E+00  0.00000E+00  0.00000E+00  0.00000E+00  7.91721E-01  7.91721E-01  7.91721E-01  7.91721E-01  7.91721E-01  7.91721E-01  7.91721E-01  7.91721E-01  0.00000E+00  0.00000E+00  0.00000E+00
   19625   5  0.00000E+00  0.00000E+00  0.00000E+00  0.00000E+00  0.00000E+00  0.00000E+00  0.00000E+00  0.00000E+00  0.00000E+00  0.00000E+00  0.00000E+00  0.00000E+00  0.00000E+00  0.00000E+00  0.00000E+00  0.00000E+00  0.00000E+00  0.00000E+00  0.00000E+00  0.00000E+00  0.00000E+00  0.00000E+00  0.00000E+00  0.00000E+00
   19272   3  2.68429E+00  2.68429E+00  2.11314E+00  2.11314E+00  2.11314E+00  2.11314E+00  2.11314E+00  2.11314E+00  2.11314E+00  2.11314E+00  2.11314E+00  2.11314E+00  2.11314E+00  2.68429E+00  2.68429E+00  2.68429E+00  2.68429E+00  2.68429E+00  2.68429E+00  2.68429E+00  2.68429E+00  2.68429E+00  2.68429E+00  2.68429E+00
   19626   3  5.19076E-01  5.19076E-01  5.19076E-01  5.19076E-01  5.19076E-01  4.69050E-01  4.69050E-01  4.69050E-01  4.69050E-01  4.69050E-01  4.69050E-01  4.69050E-01  4.69050E-01  5.20178E-01  5.20178E-01  5.20178E-01  5.20178E-01  5.20178E-01  5.20178E-01  5.20178E-01  5.20178E-01  5.19076E-01  5.19076E-01  5.19076E-01
   19626   4  8.54972E+00  8.54972E+00  8.54972E+00  8.54972E+00  8.54972E+00  8.54972E+00  8.54972E+00  8.54972E+00  8.54972E+00  8.54972E+00  8.54972E+00  8.54972E+00  8.54972E+00  8.54972E+00  8.54972E+00  8.54972E+00  8.54972E+00  8.54972E+00  8.54972E+00  8.54972E+00  8.54972E+00  8.54972E+00  8.54972E+00  8.54972E+00
   19626   5  0.00000E+00  0.00000E+00  0.00000E+00  0.00000E+00  0.00000E+00  0.00000E+00  0.00000E+00  0.00000E+00  0.00000E+00  0.00000E+00  0.00000E+00  0.00000E+00  0.00000E+00  0.00000E+00  0.00000E+00  0.00000E+00  0.00000E+00  0.00000E+00  0.00000E+00  0.00000E+00  0.00000E+00  0.00000E+00  0.00000E+00  0.00000E+00
   19270   3  3.41827E+00  3.41827E+00  3.31799E+00  3.31799E+00  3.31799E+00  3.31799E+00  3.31799E+00  3.31799E+00  3.31799E+00  3.31799E+00  3.31799E+00  3.31799E+00  3.31799E+00  3.41829E+00  3.41829E+00  3.41829E+00  3.41829E+00  3.41829E+00  3.41829E+00  3.41829E+00  3.41829E+00  3.41827E+00  3.41827E+00  3.41827E+00
   19270   4  9.41161E-01  9.41161E-01  9.41161E-01  9.41161E-01  9.41161E-01  9.41161E-01  9.41161E-01  9.41161E-01  9.41161E-01  9.41161E-01  9.41161E-01  9.41161E-01  9.41161E-01  9.42483E-01  9.42483E-01  9.42483E-01  9.42483E-01  9.42483E-01  9.42483E-01  9.42483E-01  9.42483E-01  9.41161E-01  9.41161E-01  9.41161E-01
   19623   4  3.87545E-04  3.87545E-04  3.87545E-04  3.87545E-04  3.87545E-04  3.87545E-04  3.87545E-04  3.87545E-04  3.87545E-04  3.87545E-04  3.87545E-04  3.87545E-04  3.87545E-04  3.87545E-04  3.87545E-04  3.87545E-04  3.87545E-04  3.87545E-04  3.87545E-04  3.87545E-04  3.87545E-04  3.87545E-04  3.87545E-04  3.87545E-04
   19623   3  4.66616E-01  4.66616E-01  4.66616E-01  4.66616E-01  4.66616E-01  4.66616E-01  4.66616E-01  4.66616E-01  4.66616E-01  4.66616E-01  4.66616E-01  4.66616E-01  4.66616E-01  4.66616E-01  4.66616E-01  4.66616E-01  4.66616E-01  4.66616E-01  4.66616E-01  4.66616E-01  4.66616E-01  4.66616E-01  4.66616E-01  4.66616E-01
   19623   7  0.00000E+00  0.00000E+00  0.00000E+00  0.00000E+00  0.00000E+00  0.00000E+00  0.00000E+00  0.00000E+00  0.00000E+00  0.00000E+00  0.00000E+00  0.00000E+00  0.00000E+00  9.46203E-01  9.46203E-01  9.46203E-01  9.46203E-01  9.46203E-01  9.46203E-01  9.46203E-01  9.46203E-01  0.00000E+00  0.00000E+00  0.00000E+00
   19273   4  2.57779E+00  2.57779E+00  2.57779E+00  2.57779E+00  2.57779E+00  2.57779E+00  2.57779E+00  2.57779E+00  2.57779E+00  2.57779E+00  2.57779E+00  2.57779E+00  2.57779E+00  2.57779E+00  2.57779E+00  2.57779E+00  2.57779E+00  2.57779E+00  2.57779E+00  2.57779E+00  2.57779E+00  2.57779E+00  2.57779E+00  2.57779E+00
   19273   3  8.69351E-01  8.69351E-01  5.48076E-01  5.48076E-01  5.48076E-01  5.48076E-01  5.48076E-01  5.48076E-01  5.48076E-01  5.48076E-01  5.48076E-01  5.48076E-01  5.48076E-01  8.81028E-01  8.81028E-01  8.81028E-01  8.81028E-01  8.81028E-01  8.81028E-01  8.81028E-01  8.81028E-01  8.69351E-01  8.69351E-01  8.69351E-01
   19273   5  8.18736E-03  8.18736E-03  8.18736E-03  8.18736E-03  8.18736E-03  8.18736E-03  8.18736E-03  8.18736E-03  8.18736E-03  8.18736E-03  8.18736E-03  8.18736E-03  8.18736E-03  8.18736E-03  8.18736E-03  8.18736E-03  8.18736E-03  8.18736E-03  8.18736E-03  8.18736E-03  8.18736E-03  8.18736E-03  8.18736E-03  8.18736E-03
   18917   4  1.37870E+00  1.37870E+00  1.37870E+00  1.37870E+00  1.37870E+00  1.37870E+00  1.37870E+00  1.37870E+00  1.37870E+00  1.37870E+00  1.37870E+00  1.37870E+00  1.37870E+00  1.37870E+00  1.37870E+00  1.37870E+00  1.37870E+00  1.37870E+00  1.37870E+00  1.37870E+00  1.37870E+00  1.37870E+00  1.37870E+00  1.37870E+00
   18917   3  5.10110E-01  5.10110E-01  1.42406E-03  1.42406E-03  1.42406E-03  1.42406E-03  1.42406E-03  1.42406E-03  1.42406E-03  1.42406E-03  1.42406E-03  1.42406E-03  1.42406E-03  5.10110E-01  5.10110E-01  5.10110E-01  5.10110E-01  5.10110E-01  5.10110E-01  5.10110E-01  5.10110E-01  5.10110E-01  5.10110E-01  5.10110E-01
   18919   3  3.46446E-01  3.46446E-01  1.15901E-01  1.15901E-01  1.15901E-01  1.15901E-01  1.15901E-01  1.15901E-01  1.15901E-01  1.15901E-01  1.15901E-01  1.15901E-01  1.15901E-01  3.46446E-01  3.46446E-01  3.46446E-01  3.46446E-01  3.46446E-01  3.46446E-01  3.46446E-01  3.46446E-01  3.46446E-01  3.46446E-01  3.46446E-01
   18919   4  3.17411E-01  3.17411E-01  3.17411E-01  3.17411E-01  3.17411E-01  3.17411E-01  3.17411E-01  3.17411E-01  3.17411E-01  3.17411E-01  3.17411E-01  3.17411E-01  3.17411E-01  3.17411E-01  3.17411E-01  3.17411E-01  3.17411E-01  3.17411E-01  3.17411E-01  3.17411E-01  3.17411E-01  3.17411E-01  3.17411E-01  3.17411E-01
   19624   5  0.00000E+00  0.00000E+00  0.00000E+00  0.00000E+00  0.00000E+00  0.00000E+00  0.00000E+00  0.00000E+00  0.00000E+00  0.00000E+00  0.00000E+00  0.00000E+00  0.00000E+00  0.00000E+00  0.00000E+00  0.00000E+00  0.00000E+00  0.00000E+00  0.00000E+00  0.00000E+00  0.00000E+00  0.00000E+00  0.00000E+00  0.00000E+00
   19976   5  1.54242E-01  1.54242E-01  1.54242E-01  1.54242E-01  1.54242E-01  1.54242E-01  1.54242E-01  1.54242E-01  1.54242E-01  1.54242E-01  1.54242E-01  1.54242E-01  1.54242E-01  1.54242E-01  1.54242E-01  1.54242E-01  1.54242E-01  1.54242E-01  1.54242E-01  1.54242E-01  1.54242E-01  1.54242E-01  1.54242E-01  1.54242E-01
   19976   2  3.00288E+00  3.00288E+00  3.00288E+00  3.00288E+00  3.00288E+00  3.00288E+00  3.00288E+00  3.00288E+00  3.00288E+00  3.00288E+00  3.00288E+00  3.00288E+00  3.00288E+00  3.00288E+00  3.00288E+00  3.00288E+00  3.00288E+00  3.00288E+00  3.00288E+00  3.00288E+00  3.00288E+00  3.00288E+00  3.00288E+00  3.00288E+00
   19978   7  0.00000E+00  0.00000E+00  0.00000E+00  0.00000E+00  0.00000E+00  0.00000E+00  0.00000E+00  0.00000E+00  0.00000E+00  0.00000E+00  0.00000E+00  0.00000E+00  0.00000E+00  9.82873E-01  9.82873E-01  9.82873E-01  9.82873E-01  9.82873E-01  9.82873E-01  9.82873E-01  9.82873E-01  0.00000E+00  0.00000E+00  0.00000E+00
   44604   3  5.85873E-04  5.85873E-04  5.85873E-04  5.85873E-04  5.85873E-04  5.85873E-04  5.85873E-04  5.85873E-04  5.85873E-04  5.85873E-04  5.85873E-04  5.85873E-04  5.85873E-04  5.85873E-04  5.85873E-04  5.85873E-04  5.85873E-04  5.85873E-04  5.85873E-04  5.85873E-04  5.85873E-04  5.85873E-04  5.85873E-04  5.85873E-04
   42517   3  6.83790E-06  6.83790E-06  6.83790E-06  6.83790E-06  6.83790E-06  6.83790E-06  6.83790E-06  6.83790E-06  6.83790E-06  6.83790E-06  6.83790E-06  6.83790E-06  6.83790E-06  6.83790E-06  6.83790E-06  6.83790E-06  6.83790E-06  6.83790E-06  6.83790E-06  6.83790E-06  6.83790E-06  6.83790E-06  6.83790E-06  6.83790E-06
   43929   3  0.00000E+00  0.00000E+00  0.00000E+00  0.00000E+00  0.00000E+00  0.00000E+00  0.00000E+00  0.00000E+00  0.00000E+00  0.00000E+00  0.00000E+00  0.00000E+00  0.00000E+00  0.00000E+00  0.00000E+00  0.00000E+00  0.00000E+00  0.00000E+00  0.00000E+00  0.00000E+00  0.00000E+00  0.00000E+00  0.00000E+00  0.00000E+00
   39330   3  1.82387E-03  1.82387E-03  1.82387E-03  1.82387E-03  1.82387E-03  1.82387E-03  1.82387E-03  1.82387E-03  1.82387E-03  1.82387E-03  1.82387E-03  1.82387E-03  1.82387E-03  1.82387E-03  1.82387E-03  1.82387E-03  1.82387E-03  1.82387E-03  1.82387E-03  1.82387E-03  1.82387E-03  1.82387E-03  1.82387E-03  1.82387E-03
   39327   2  4.35478E+00  4.35478E+00  4.35478E+00  4.35478E+00  4.35478E+00  4.35478E+00  4.35478E+00  4.35478E+00  4.35478E+00  4.35478E+00  4.35478E+00  4.35478E+00  4.35478E+00  4.35478E+00  4.35478E+00  4.35478E+00  4.35478E+00  4.35478E+00  4.35478E+00  4.35478E+00  4.35478E+00  4.35478E+00  4.35478E+00  4.35478E+00
   39327   4  2.06822E+00  2.06822E+00  2.06822E+00  2.06822E+00  2.06822E+00  2.06822E+00  2.06822E+00  2.06822E+00  2.06822E+00  2.06822E+00  2.06822E+00  2.06822E+00  2.06822E+00  2.06822E+00  2.06822E+00  2.06822E+00  2.06822E+00  2.06822E+00  2.06822E+00  2.06822E+00  2.06822E+00  2.06822E+00  2.06822E+00  2.06822E+00
   39683   4  1.36187E-01  1.36187E-01  1.36187E-01  1.36187E-01  1.36187E-01  1.36187E-01  1.36187E-01  1.36187E-01  1.36187E-01  1.36187E-01  1.36187E-01  1.36187E-01  1.36187E-01  1.36187E-01  1.36187E-01  1.36187E-01  1.36187E-01  1.36187E-01  1.36187E-01  1.36187E-01  1.36187E-01  1.36187E-01  1.36187E-01  1.36187E-01
   39682   7  0.00000E+00  0.00000E+00  0.00000E+00  0.00000E+00  0.00000E+00  0.00000E+00  0.00000E+00  0.00000E+00  0.00000E+00  0.00000E+00  0.00000E+00  0.00000E+00  0.00000E+00  0.00000E+00  0.00000E+00  0.00000E+00  0.00000E+00  0.00000E+00  0.00000E+00  0.00000E+00  0.00000E+00  0.00000E+00  0.00000E+00  0.00000E+00
   46049   3  0.00000E+00  0.00000E+00  0.00000E+00  0.00000E+00  0.00000E+00  0.00000E+00  0.00000E+00  0.00000E+00  0.00000E+00  0.00000E+00  0.00000E+00  0.00000E+00  0.00000E+00  0.00000E+00  0.00000E+00  0.00000E+00  0.00000E+00  0.00000E+00  0.00000E+00  0.00000E+00  0.00000E+00  0.00000E+00  0.00000E+00  0.00000E+00
   46755   2  1.97109E+01  1.94192E+01  1.83357E+01  1.65438E+01  1.46686E+01  1.23996E+01  1.14811E+01  1.10218E+01  1.08688E+01  1.11749E+01  1.20934E+01  1.35477E+01  1.54229E+01  1.65710E+01  1.74895E+01  1.82932E+01  1.85993E+01  1.89055E+01  1.90203E+01  1.91734E+01  1.91351E+01  1.90203E+01  1.87142E+01  1.82549E+01
   46403   3  0.00000E+00  0.00000E+00  0.00000E+00  0.00000E+00  0.00000E+00  0.00000E+00  0.00000E+00  0.00000E+00  0.00000E+00  0.00000E+00  0.00000E+00  0.00000E+00  0.00000E+00  0.00000E+00  0.00000E+00  0.00000E+00  0.00000E+00  0.00000E+00  0.00000E+00  0.00000E+00  0.00000E+00  0.00000E+00  0.00000E+00  0.00000E+00
   46755   1  0.00000E+00  0.00000E+00  0.00000E+00  0.00000E+00  0.00000E+00  0.00000E+00  0.00000E+00  0.00000E+00  0.00000E+00  0.00000E+00  0.00000E+00  0.00000E+00  0.00000E+00  0.00000E+00  0.00000E+00  0.00000E+00  0.00000E+00  0.00000E+00  0.00000E+00  0.00000E+00  0.00000E+00  0.00000E+00  0.00000E+00  0.00000E+00
   46755   3  5.47128E-02  5.47128E-02  5.47128E-02  5.47128E-02  5.47128E-02  5.47128E-02  5.47128E-02  5.47128E-02  5.47128E-02  5.47128E-02  5.47128E-02  5.47128E-02  5.47128E-02  5.47128E-02  5.47128E-02  5.47128E-02  5.47128E-02  5.47128E-02  5.47128E-02  5.47128E-02  5.47128E-02  5.47128E-02  5.47128E-02  5.47128E-02
   46755   4  9.79334E-01  9.79334E-01  9.79334E-01  9.79334E-01  9.79334E-01  9.79334E-01  9.79334E-01  9.79334E-01  9.79334E-01  9.79334E-01  9.79334E-01  9.79334E-01  9.79334E-01  9.79334E-01  9.79334E-01  9.79334E-01  9.79334E-01  9.79334E-01  9.79334E-01  9.79334E-01  9.79334E-01  9.79334E-01  9.79334E-01  9.79334E-01
   46753   4  0.00000E+00  0.00000E+00  0.00000E+00  0.00000E+00  0.00000E+00  0.00000E+00  0.00000E+00  0.00000E+00  0.00000E+00  0.00000E+00  0.00000E+00  0.00000E+00  0.00000E+00  2.47501E-01  2.47501E-01  2.47501E-01  2.47501E-01  2.47501E-01  2.47501E-01  2.47501E-01  2.47501E-01  0.00000E+00  0.00000E+00  0.00000E+00
   47110   3  1.90393E-02  1.90393E-02  1.90393E-02  1.90393E-02  1.90393E-02  1.90393E-02  1.90393E-02  1.90393E-02  1.90393E-02  1.90393E-02  1.90393E-02  1.90393E-02  1.90393E-02  1.90393E-02  1.90393E-02  1.90393E-02  1.90393E-02  1.90393E-02  1.90393E-02  1.90393E-02  1.90393E-02  1.90393E-02  1.90393E-02  1.90393E-02
   46402   7  0.00000E+00  0.00000E+00  0.00000E+00  0.00000E+00  0.00000E+00  0.00000E+00  0.00000E+00  0.00000E+00  0.00000E+00  0.00000E+00  0.00000E+00  0.00000E+00  0.00000E+00  0.00000E+00  0.00000E+00  0.00000E+00  0.00000E+00  0.00000E+00  0.00000E+00  0.00000E+00  0.00000E+00  0.00000E+00  0.00000E+00  0.00000E+00
   47787   3  7.60746E-05  7.60746E-05  7.60746E-05  7.60746E-05  7.60746E-05  7.60746E-05  7.60746E-05  7.60746E-05  7.60746E-05  7.60746E-05  7.60746E-05  7.60746E-05  7.60746E-05  7.60746E-05  7.60746E-05  7.60746E-05  7.60746E-05  7.60746E-05  7.60746E-05  7.60746E-05  7.60746E-05  7.60746E-05  7.60746E-05  7.60746E-05
   47460   4  0.00000E+00  0.00000E+00  0.00000E+00  0.00000E+00  0.00000E+00  0.00000E+00  0.00000E+00  0.00000E+00  0.00000E+00  0.00000E+00  0.00000E+00  0.00000E+00  0.00000E+00  0.00000E+00  0.00000E+00  0.00000E+00  0.00000E+00  0.00000E+00  0.00000E+00  0.00000E+00  0.00000E+00  0.00000E+00  0.00000E+00  0.00000E+00
   42139   3  9.54819E-01  9.54819E-01  9.54819E-01  9.54819E-01  9.54819E-01  9.54819E-01  9.54819E-01  9.54819E-01  9.54819E-01  9.54819E-01  9.54819E-01  9.54819E-01  9.54819E-01  9.54819E-01  9.54819E-01  9.54819E-01  9.54819E-01  9.54819E-01  9.54819E-01  9.54819E-01  9.54819E-01  9.54819E-01  9.54819E-01  9.54819E-01
   41804   3  1.72398E-04  1.72398E-04  1.72398E-04  1.72398E-04  1.72398E-04  1.72398E-04  1.72398E-04  1.72398E-04  1.72398E-04  1.72398E-04  1.72398E-04  1.72398E-04  1.72398E-04  1.72398E-04  1.72398E-04  1.72398E-04  1.72398E-04  1.72398E-04  1.72398E-04  1.72398E-04  1.72398E-04  1.72398E-04  1.72398E-04  1.72398E-04
   40021   4  2.83086E-04  2.83086E-04  2.83086E-04  2.83086E-04  2.83086E-04  2.83086E-04  2.83086E-04  2.83086E-04  2.83086E-04  2.83086E-04  2.83086E-04  2.83086E-04  2.83086E-04  2.83086E-04  2.83086E-04  2.83086E-04  2.83086E-04  2.83086E-04  2.83086E-04  2.83086E-04  2.83086E-04  2.83086E-04  2.83086E-04  2.83086E-04
   43907   3  0.00000E+00  0.00000E+00  0.00000E+00  0.00000E+00  0.00000E+00  0.00000E+00  0.00000E+00  0.00000E+00  0.00000E+00  0.00000E+00  0.00000E+00  0.00000E+00  0.00000E+00  0.00000E+00  0.00000E+00  0.00000E+00  0.00000E+00  0.00000E+00  0.00000E+00  0.00000E+00  0.00000E+00  0.00000E+00  0.00000E+00  0.00000E+00
   24538   7  0.00000E+00  0.00000E+00  0.00000E+00  0.00000E+00  0.00000E+00  0.00000E+00  0.00000E+00  0.00000E+00  0.00000E+00  0.00000E+00  0.00000E+00  0.00000E+00  0.00000E+00  0.00000E+00  0.00000E+00  0.00000E+00  0.00000E+00  0.00000E+00  0.00000E+00  0.00000E+00  0.00000E+00  0.00000E+00  0.00000E+00  0.00000E+00
   24549   3  0.00000E+00  0.00000E+00  0.00000E+00  0.00000E+00  0.00000E+00  0.00000E+00  0.00000E+00  0.00000E+00  0.00000E+00  0.00000E+00  0.00000E+00  0.00000E+00  0.00000E+00  0.00000E+00  0.00000E+00  0.00000E+00  0.00000E+00  0.00000E+00  0.00000E+00  0.00000E+00  0.00000E+00  0.00000E+00  0.00000E+00  0.00000E+00
   24549   4  4.89686E-03  4.89686E-03  4.89686E-03  4.89686E-03  4.89686E-03  4.89686E-03  4.89686E-03  4.89686E-03  4.89686E-03  4.89686E-03  4.89686E-03  4.89686E-03  4.89686E-03  4.89686E-03  4.89686E-03  4.89686E-03  4.89686E-03  4.89686E-03  4.89686E-03  4.89686E-03  4.89686E-03  4.89686E-03  4.89686E-03  4.89686E-03
   24547   4  1.34764E+00  1.34764E+00  1.34764E+00  1.34764E+00  1.34764E+00  1.34764E+00  1.34764E+00  1.34764E+00  1.34764E+00  1.34764E+00  1.34764E+00  1.34764E+00  1.34764E+00  9.01893E+01  9.01893E+01  9.01893E+01  9.01893E+01  9.01893E+01  9.01893E+01  9.01893E+01  9.01893E+01  1.34764E+00  1.34764E+00  1.34764E+00
   24547   6  3.59690E+01  3.59690E+01  3.59690E+01  3.59690E+01  3.59690E+01  3.59690E+01  3.59690E+01  3.59690E+01  3.59690E+01  3.59690E+01  3.59690E+01  3.59690E+01  3.59690E+01  3.59690E+01  3.59690E+01  3.59690E+01  3.59690E+01  3.59690E+01  3.59690E+01  3.59690E+01  3.59690E+01  3.59690E+01  3.59690E+01  3.59690E+01
   24547   2  5.13843E+00  5.13843E+00  5.13843E+00  5.13843E+00  5.13843E+00  5.13843E+00  5.13843E+00  5.13843E+00  5.13843E+00  5.13843E+00  5.13843E+00  5.13843E+00  5.13843E+00  5.13843E+00  5.13843E+00  5.13843E+00  5.13843E+00  5.13843E+00  5.13843E+00  5.13843E+00  5.13843E+00  5.13843E+00  5.13843E+00  5.13843E+00
   24547   5  2.05537E+01  2.05537E+01  2.05537E+01  2.05537E+01  2.05537E+01  2.05537E+01  2.05537E+01  2.05537E+01  2.05537E+01  2.05537E+01  2.05537E+01  2.05537E+01  2.05537E+01  4.02963E+01  4.02963E+01  4.02963E+01  4.02963E+01  4.02963E+01  4.02963E+01  4.02963E+01  4.02963E+01  2.05537E+01  2.05537E+01  2.05537E+01
   24547   3  1.25688E+01  1.25688E+01  1.25688E+01  1.25688E+01  1.25688E+01  1.25688E+01  1.25688E+01  1.25688E+01  1.25688E+01  1.25688E+01  1.25688E+01  1.25688E+01  1.25688E+01  1.01410E+02  1.01410E+02  1.01410E+02  1.01410E+02  1.01410E+02  1.01410E+02  1.01410E+02  1.01410E+02  1.25688E+01  1.25688E+01  1.25688E+01
   24547   7  0.00000E+00  0.00000E+00  0.00000E+00  0.00000E+00  0.00000E+00  0.00000E+00  0.00000E+00  0.00000E+00  0.00000E+00  0.00000E+00  0.00000E+00  0.00000E+00  0.00000E+00  0.00000E+00  0.00000E+00  0.00000E+00  0.00000E+00  0.00000E+00  0.00000E+00  0.00000E+00  0.00000E+00  0.00000E+00  0.00000E+00  0.00000E+00
   26660   3  1.19445E-02  1.19445E-02  1.19445E-02  1.19445E-02  1.19445E-02  1.19445E-02  1.19445E-02  1.19445E-02  1.19445E-02  1.19445E-02  1.19445E-02  1.19445E-02  1.19445E-02  1.19445E-02  1.19445E-02  1.19445E-02  1.19445E-02  1.19445E-02  1.19445E-02  1.19445E-02  1.19445E-02  1.19445E-02  1.19445E-02  1.19445E-02
   25246   4  2.44075E-02  2.44075E-02  2.44075E-02  2.44075E-02  2.44075E-02  2.44075E-02  2.44075E-02  2.44075E-02  2.44075E-02  2.44075E-02  2.44075E-02  2.44075E-02  2.44075E-02  2.44075E-02  2.44075E-02  2.44075E-02  2.44075E-02  2.44075E-02  2.44075E-02  2.44075E-02  2.44075E-02  2.44075E-02  2.44075E-02  2.44075E-02
   25246   7  0.00000E+00  0.00000E+00  0.00000E+00  0.00000E+00  0.00000E+00  0.00000E+00  0.00000E+00  0.00000E+00  0.00000E+00  0.00000E+00  0.00000E+00  0.00000E+00  0.00000E+00  0.00000E+00  0.00000E+00  0.00000E+00  0.00000E+00  0.00000E+00  0.00000E+00  0.00000E+00  0.00000E+00  0.00000E+00  0.00000E+00  0.00000E+00
   27008   7  0.00000E+00  0.00000E+00  0.00000E+00  0.00000E+00  0.00000E+00  0.00000E+00  0.00000E+00  0.00000E+00  0.00000E+00  0.00000E+00  0.00000E+00  0.00000E+00  0.00000E+00  0.00000E+00  0.00000E+00  0.00000E+00  0.00000E+00  0.00000E+00  0.00000E+00  0.00000E+00  0.00000E+00  0.00000E+00  0.00000E+00  0.00000E+00
   27008   4  0.00000E+00  0.00000E+00  0.00000E+00  0.00000E+00  0.00000E+00  0.00000E+00  0.00000E+00  0.00000E+00  0.00000E+00  0.00000E+00  0.00000E+00  0.00000E+00  0.00000E+00  0.00000E+00  0.00000E+00  0.00000E+00  0.00000E+00  0.00000E+00  0.00000E+00  0.00000E+00  0.00000E+00  0.00000E+00  0.00000E+00  0.00000E+00
   24896   2  2.72991E+02  2.71986E+02  2.68256E+02  2.62087E+02  2.55630E+02  2.47818E+02  2.44656E+02  2.43075E+02  2.42548E+02  2.43602E+02  2.46764E+02  2.51771E+02  2.58227E+02  2.62180E+02  2.65343E+02  2.68110E+02  2.69164E+02  2.70218E+02  2.70613E+02  2.71140E+02  2.71008E+02  2.70613E+02  2.69559E+02  2.67978E+02
   24896   6  2.26213E+01  2.22865E+01  2.10431E+01  1.89866E+01  1.68344E+01  1.42304E+01  1.31763E+01  1.26493E+01  1.24736E+01  1.28249E+01  1.38791E+01  1.55481E+01  1.77002E+01  1.90178E+01  2.00719E+01  2.09943E+01  2.13456E+01  2.16970E+01  2.18288E+01  2.20044E+01  2.19605E+01  2.18288E+01  2.14774E+01  2.09503E+01
   24896   7  0.00000E+00  0.00000E+00  0.00000E+00  0.00000E+00  0.00000E+00  0.00000E+00  0.00000E+00  0.00000E+00  0.00000E+00  0.00000E+00  0.00000E+00  0.00000E+00  0.00000E+00  0.00000E+00  0.00000E+00  0.00000E+00  0.00000E+00  0.00000E+00  0.00000E+00  0.00000E+00  0.00000E+00  0.00000E+00  0.00000E+00  0.00000E+00
   24896   3  1.11795E+01  1.11795E+01  1.11795E+01  1.11795E+01  1.11795E+01  1.11795E+01  1.11795E+01  1.11795E+01  1.11795E+01  1.11795E+01  1.11795E+01  1.11795E+01  1.11795E+01  1.11795E+01  1.11795E+01  1.11795E+01  1.11795E+01  1.11795E+01  1.11795E+01  1.11795E+01  1.11795E+01  1.11795E+01  1.11795E+01  1.11795E+01
   24896   4  0.00000E+00  0.00000E+00  0.00000E+00  0.00000E+00  0.00000E+00  0.00000E+00  0.00000E+00  0.00000E+00  0.00000E+00  0.00000E+00  0.00000E+00  0.00000E+00  0.00000E+00  0.00000E+00  0.00000E+00  0.00000E+00  0.00000E+00  0.00000E+00  0.00000E+00  0.00000E+00  0.00000E+00  0.00000E+00  0.00000E+00  0.00000E+00
   23133   3  8.10896E-04  8.10896E-04  8.10896E-04  8.10896E-04  8.10896E-04  8.10896E-04  8.10896E-04  8.10896E-04  8.10896E-04  8.10896E-04  8.10896E-04  8.10896E-04  8.10896E-04  8.10896E-04  8.10896E-04  8.10896E-04  8.10896E-04  8.10896E-04  8.10896E-04  8.10896E-04  8.10896E-04  8.10896E-04  8.10896E-04  8.10896E-04
   26300   4  9.52605E-03  9.52605E-03  9.52605E-03  9.52605E-03  9.52605E-03  9.52605E-03  9.52605E-03  9.52605E-03  9.52605E-03  9.52605E-03  9.52605E-03  9.52605E-03  9.52605E-03  9.52605E-03  9.52605E-03  9.52605E-03  9.52605E-03  9.52605E-03  9.52605E-03  9.52605E-03  9.52605E-03  9.52605E-03  9.52605E-03  9.52605E-03
   26669   4  9.66800E-04  9.66800E-04  9.66800E-04  9.66800E-04  9.66800E-04  9.66800E-04  9.66800E-04  9.66800E-04  9.66800E-04  9.66800E-04  9.66800E-04  9.66800E-04  9.66800E-04  9.66800E-04  9.66800E-04  9.66800E-04  9.66800E-04  9.66800E-04  9.66800E-04  9.66800E-04  9.66800E-04  9.66800E-04  9.66800E-04  9.66800E-04
   26669   3  4.07775E-02  4.07775E-02  4.07775E-02  4.07775E-02  4.07775E-02  4.07775E-02  4.07775E-02  4.07775E-02  4.07775E-02  4.07775E-02  4.07775E-02  4.07775E-02  4.07775E-02  4.07775E-02  4.07775E-02  4.07775E-02  4.07775E-02  4.07775E-02  4.07775E-02  4.07775E-02  4.07775E-02  4.07775E-02  4.07775E-02  4.07775E-02
   24545   3  4.37445E-03  4.37445E-03  4.37445E-03  4.37445E-03  4.37445E-03  4.37445E-03  4.37445E-03  4.37445E-03  4.37445E-03  4.37445E-03  4.37445E-03  4.37445E-03  4.37445E-03  4.37445E-03  4.37445E-03  4.37445E-03  4.37445E-03  4.37445E-03  4.37445E-03  4.37445E-03  4.37445E-03  4.37445E-03  4.37445E-03  4.37445E-03
    9028   3  1.01567E-01  1.01567E-01  1.01567E-01  1.01567E-01  1.01567E-01  1.01567E-01  1.01567E-01  1.01567E-01  1.01567E-01  1.01567E-01  1.01567E-01  1.01567E-01  1.01567E-01  1.01567E-01  1.01567E-01  1.01567E-01  1.01567E-01  1.01567E-01  1.01567E-01  1.01567E-01  1.01567E-01  1.01567E-01  1.01567E-01  1.01567E-01
    9028   2  0.00000E+00  0.00000E+00  0.00000E+00  0.00000E+00  0.00000E+00  0.00000E+00  0.00000E+00  0.00000E+00  0.00000E+00  0.00000E+00  0.00000E+00  0.00000E+00  0.00000E+00  0.00000E+00  0.00000E+00  0.00000E+00  0.00000E+00  0.00000E+00  0.00000E+00  0.00000E+00  0.00000E+00  0.00000E+00  0.00000E+00  0.00000E+00
    9028   7  0.00000E+00  0.00000E+00  0.00000E+00  0.00000E+00  0.00000E+00  0.00000E+00  0.00000E+00  0.00000E+00  0.00000E+00  0.00000E+00  0.00000E+00  0.00000E+00  0.00000E+00  0.00000E+00  0.00000E+00  0.00000E+00  0.00000E+00  0.00000E+00  0.00000E+00  0.00000E+00  0.00000E+00  0.00000E+00  0.00000E+00  0.00000E+00
   14677   7  0.00000E+00  0.00000E+00  0.00000E+00  0.00000E+00  0.00000E+00  0.00000E+00  0.00000E+00  0.00000E+00  0.00000E+00  0.00000E+00  0.00000E+00  0.00000E+00  0.00000E+00  0.00000E+00  0.00000E+00  0.00000E+00  0.00000E+00  0.00000E+00  0.00000E+00  0.00000E+00  0.00000E+00  0.00000E+00  0.00000E+00  0.00000E+00
   15736   3  5.04802E-05  5.04802E-05  5.04802E-05  5.04802E-05  5.04802E-05  5.04802E-05  5.04802E-05  5.04802E-05  5.04802E-05  5.04802E-05  5.04802E-05  5.04802E-05  5.04802E-05  5.04802E-05  5.04802E-05  5.04802E-05  5.04802E-05  5.04802E-05  5.04802E-05  5.04802E-05  5.04802E-05  5.04802E-05  5.04802E-05  5.04802E-05
   13592   2  1.87505E+02  1.84730E+02  1.74423E+02  1.57377E+02  1.39539E+02  1.17954E+02  1.09217E+02  1.04848E+02  1.03392E+02  1.06304E+02  1.15042E+02  1.28876E+02  1.46715E+02  1.57636E+02  1.66374E+02  1.74019E+02  1.76931E+02  1.79844E+02  1.80936E+02  1.82392E+02  1.82028E+02  1.80936E+02  1.78023E+02  1.73655E+02
   12912   3  0.00000E+00  0.00000E+00  0.00000E+00  0.00000E+00  0.00000E+00  0.00000E+00  0.00000E+00  0.00000E+00  0.00000E+00  0.00000E+00  0.00000E+00  0.00000E+00  0.00000E+00  0.00000E+00  0.00000E+00  0.00000E+00  0.00000E+00  0.00000E+00  0.00000E+00  0.00000E+00  0.00000E+00  0.00000E+00  0.00000E+00  0.00000E+00
   23165   4  4.07456E-03  4.07456E-03  4.07456E-03  4.07456E-03  4.07456E-03  4.07456E-03  4.07456E-03  4.07456E-03  4.07456E-03  4.07456E-03  4.07456E-03  4.07456E-03  4.07456E-03  4.07456E-03  4.07456E-03  4.07456E-03  4.07456E-03  4.07456E-03  4.07456E-03  4.07456E-03  4.07456E-03  4.07456E-03  4.07456E-03  4.07456E-03
   22447   4  1.04224E-02  1.04224E-02  1.04224E-02  1.04224E-02  1.04224E-02  1.04224E-02  1.04224E-02  1.04224E-02  1.04224E-02  1.04224E-02  1.04224E-02  1.04224E-02  1.04224E-02  1.04224E-02  1.04224E-02  1.04224E-02  1.04224E-02  1.04224E-02  1.04224E-02  1.04224E-02  1.04224E-02  1.04224E-02  1.04224E-02  1.04224E-02
   22447   3  5.57512E-02  5.57512E-02  5.57512E-02  5.57512E-02  5.57512E-02  5.57512E-02  5.57512E-02  5.57512E-02  5.57512E-02  5.57512E-02  5.57512E-02  5.57512E-02  5.57512E-02  5.57512E-02  5.57512E-02  5.57512E-02  5.57512E-02  5.57512E-02  5.57512E-02  5.57512E-02  5.57512E-02  5.57512E-02  5.57512E-02  5.57512E-02
   22447   5  0.00000E+00  0.00000E+00  0.00000E+00  0.00000E+00  0.00000E+00  0.00000E+00  0.00000E+00  0.00000E+00  0.00000E+00  0.00000E+00  0.00000E+00  0.00000E+00  0.00000E+00  0.00000E+00  0.00000E+00  0.00000E+00  0.00000E+00  0.00000E+00  0.00000E+00  0.00000E+00  0.00000E+00  0.00000E+00  0.00000E+00  0.00000E+00
   22094   3  9.08629E-01  9.08629E-01  9.08629E-01  9.08629E-01  9.08629E-01  9.08629E-01  9.08629E-01  9.08629E-01  9.08629E-01  9.08629E-01  9.08629E-01  9.08629E-01  9.08629E-01  9.08629E-01  9.08629E-01  9.08629E-01  9.08629E-01  9.08629E-01  9.08629E-01  9.08629E-01  9.08629E-01  9.08629E-01  9.08629E-01  9.08629E-01
   22094   2  1.79356E+00  1.79356E+00  1.79356E+00  1.79356E+00  1.79356E+00  1.79356E+00  1.79356E+00  1.79356E+00  1.79356E+00  1.79356E+00  1.79356E+00  1.79356E+00  1.79356E+00  1.79356E+00  1.79356E+00  1.79356E+00  1.79356E+00  1.79356E+00  1.79356E+00  1.79356E+00  1.79356E+00  1.79356E+00  1.79356E+00  1.79356E+00
   22094   4  2.29213E-01  2.29213E-01  2.29213E-01  2.29213E-01  2.29213E-01  2.29213E-01  2.29213E-01  2.29213E-01  2.29213E-01  2.29213E-01  2.29213E-01  2.29213E-01  2.29213E-01  2.29213E-01  2.29213E-01  2.29213E-01  2.29213E-01  2.29213E-01  2.29213E-01  2.29213E-01  2.29213E-01  2.29213E-01  2.29213E-01  2.29213E-01
   22458   4  1.19276E-03  1.19276E-03  1.19276E-03  1.19276E-03  1.19276E-03  1.19276E-03  1.19276E-03  1.19276E-03  1.19276E-03  1.19276E-03  1.19276E-03  1.19276E-03  1.19276E-03  1.19276E-03  1.19276E-03  1.19276E-03  1.19276E-03  1.19276E-03  1.19276E-03  1.19276E-03  1.19276E-03  1.19276E-03  1.19276E-03  1.19276E-03
   23854   3  8.50170E-01  8.50170E-01  8.50170E-01  8.50170E-01  8.50170E-01  8.50170E-01  8.50170E-01  8.50170E-01  8.50170E-01  8.50170E-01  8.50170E-01  8.50170E-01  8.50170E-01  8.50170E-01  8.50170E-01  8.50170E-01  8.50170E-01  8.50170E-01  8.50170E-01  8.50170E-01  8.50170E-01  8.50170E-01  8.50170E-01  8.50170E-01
   23854   4  0.00000E+00  0.00000E+00  0.00000E+00  0.00000E+00  0.00000E+00  0.00000E+00  0.00000E+00  0.00000E+00  0.00000E+00  0.00000E+00  0.00000E+00  0.00000E+00  0.00000E+00  0.00000E+00  0.00000E+00  0.00000E+00  0.00000E+00  0.00000E+00  0.00000E+00  0.00000E+00  0.00000E+00  0.00000E+00  0.00000E+00  0.00000E+00
   23854   2  1.29835E+00  1.29835E+00  1.29835E+00  1.29835E+00  1.29835E+00  1.29835E+00  1.29835E+00  1.29835E+00  1.29835E+00  1.29835E+00  1.29835E+00  1.29835E+00  1.29835E+00  1.29835E+00  1.29835E+00  1.29835E+00  1.29835E+00  1.29835E+00  1.29835E+00  1.29835E+00  1.29835E+00  1.29835E+00  1.29835E+00  1.29835E+00
   26688   3  1.65453E+00  1.65453E+00  1.65453E+00  1.65453E+00  1.65453E+00  1.65453E+00  1.65453E+00  1.65453E+00  1.65453E+00  1.65453E+00  1.65453E+00  1.65453E+00  1.65453E+00  1.65453E+00  1.65453E+00  1.65453E+00  1.65453E+00  1.65453E+00  1.65453E+00  1.65453E+00  1.65453E+00  1.65453E+00  1.65453E+00  1.65453E+00
   26688   2  1.83836E-01  1.83836E-01  1.83836E-01  1.83836E-01  1.83836E-01  1.83836E-01  1.83836E-01  1.83836E-01  1.83836E-01  1.83836E-01  1.83836E-01  1.83836E-01  1.83836E-01  1.83836E-01  1.83836E-01  1.83836E-01  1.83836E-01  1.83836E-01  1.83836E-01  1.83836E-01  1.83836E-01  1.83836E-01  1.83836E-01  1.83836E-01
   22806   3  9.84168E-04  9.84168E-04  9.84168E-04  9.84168E-04  9.84168E-04  9.84168E-04  9.84168E-04  9.84168E-04  9.84168E-04  9.84168E-04  9.84168E-04  9.84168E-04  9.84168E-04  9.84168E-04  9.84168E-04  9.84168E-04  9.84168E-04  9.84168E-04  9.84168E-04  9.84168E-04  9.84168E-04  9.84168E-04  9.84168E-04  9.84168E-04
   22805   3  1.01712E-02  1.01712E-02  1.01712E-02  1.01712E-02  1.01712E-02  1.01712E-02  1.01712E-02  1.01712E-02  1.01712E-02  1.01712E-02  1.01712E-02  1.01712E-02  1.01712E-02  1.01712E-02  1.01712E-02  1.01712E-02  1.01712E-02  1.01712E-02  1.01712E-02  1.01712E-02  1.01712E-02  1.01712E-02  1.01712E-02  1.01712E-02
   22806   7  0.00000E+00  0.00000E+00  0.00000E+00  0.00000E+00  0.00000E+00  0.00000E+00  0.00000E+00  0.00000E+00  0.00000E+00  0.00000E+00  0.00000E+00  0.00000E+00  0.00000E+00  0.00000E+00  0.00000E+00  0.00000E+00  0.00000E+00  0.00000E+00  0.00000E+00  0.00000E+00  0.00000E+00  0.00000E+00  0.00000E+00  0.00000E+00
   22806   4  2.58160E+00  2.58160E+00  2.58160E+00  2.58160E+00  2.58160E+00  2.58160E+00  2.58160E+00  2.58160E+00  2.58160E+00  2.58160E+00  2.58160E+00  2.58160E+00  2.58160E+00  2.58160E+00  2.58160E+00  2.58160E+00  2.58160E+00  2.58160E+00  2.58160E+00  2.58160E+00  2.58160E+00  2.58160E+00  2.58160E+00  2.58160E+00
   23506   3  1.69494E+00  1.69494E+00  1.69494E+00  1.69494E+00  1.69494E+00  1.69494E+00  1.69494E+00  1.69494E+00  1.69494E+00  1.69494E+00  1.69494E+00  1.69494E+00  1.69494E+00  1.69494E+00  1.69494E+00  1.69494E+00  1.69494E+00  1.69494E+00  1.69494E+00  1.69494E+00  1.69494E+00  1.69494E+00  1.69494E+00  1.69494E+00
   22453   3  0.00000E+00  0.00000E+00  0.00000E+00  0.00000E+00  0.00000E+00  0.00000E+00  0.00000E+00  0.00000E+00  0.00000E+00  0.00000E+00  0.00000E+00  0.00000E+00  0.00000E+00  0.00000E+00  0.00000E+00  0.00000E+00  0.00000E+00  0.00000E+00  0.00000E+00  0.00000E+00  0.00000E+00  0.00000E+00  0.00000E+00  0.00000E+00
   22457   4  1.20494E-02  1.20494E-02  1.20494E-02  1.20494E-02  1.20494E-02  1.20494E-02  1.20494E-02  1.20494E-02  1.20494E-02  1.20494E-02  1.20494E-02  1.20494E-02  1.20494E-02  1.20494E-02  1.20494E-02  1.20494E-02  1.20494E-02  1.20494E-02  1.20494E-02  1.20494E-02  1.20494E-02  1.20494E-02  1.20494E-02  1.20494E-02
   21396   7  0.00000E+00  0.00000E+00  0.00000E+00  0.00000E+00  0.00000E+00  0.00000E+00  0.00000E+00  0.00000E+00  0.00000E+00  0.00000E+00  0.00000E+00  0.00000E+00  0.00000E+00  3.99301E+00  3.99301E+00  3.99301E+00  3.99301E+00  3.99301E+00  3.99301E+00  3.99301E+00  3.99301E+00  0.00000E+00  0.00000E+00  0.00000E+00
   21395   4  7.85485E-01  7.85485E-01  7.85485E-01  7.85485E-01  7.85485E-01  7.85485E-01  7.85485E-01  7.85485E-01  7.85485E-01  7.85485E-01  7.85485E-01  7.85485E-01  7.85485E-01  7.85485E-01  7.85485E-01  7.85485E-01  7.85485E-01  7.85485E-01  7.85485E-01  7.85485E-01  7.85485E-01  7.85485E-01  7.85485E-01  7.85485E-01
   21396   4  6.39981E-01  6.39981E-01  6.39981E-01  6.39981E-01  6.39981E-01  6.39981E-01  6.39981E-01  6.39981E-01  6.39981E-01  6.39981E-01  6.39981E-01  6.39981E-01  6.39981E-01  6.39981E-01  6.39981E-01  6.39981E-01  6.39981E-01  6.39981E-01  6.39981E-01  6.39981E-01  6.39981E-01  6.39981E-01  6.39981E-01  6.39981E-01
   21740   4  1.50324E-02  1.50324E-02  1.50324E-02  1.50324E-02  1.50324E-02  1.50324E-02  1.50324E-02  1.50324E-02  1.50324E-02  1.50324E-02  1.50324E-02  1.50324E-02  1.50324E-02  1.50324E-02  1.50324E-02  1.50324E-02  1.50324E-02  1.50324E-02  1.50324E-02  1.50324E-02  1.50324E-02  1.50324E-02  1.50324E-02  1.50324E-02
   21739   4  9.45483E-02  9.45483E-02  9.45483E-02  9.45483E-02  9.45483E-02  9.45483E-02  9.45483E-02  9.45483E-02  9.45483E-02  9.45483E-02  9.45483E-02  9.45483E-02  9.45483E-02  9.45483E-02  9.45483E-02  9.45483E-02  9.45483E-02  9.45483E-02  9.45483E-02  9.45483E-02  9.45483E-02  9.45483E-02  9.45483E-02  9.45483E-02
   21740   3  1.20735E-01  1.20735E-01  1.20735E-01  1.20735E-01  1.20735E-01  0.00000E+00  0.00000E+00  0.00000E+00  0.00000E+00  0.00000E+00  0.00000E+00  0.00000E+00  0.00000E+00  1.20735E-01  1.20735E-01  1.20735E-01  1.20735E-01  1.20735E-01  1.20735E-01  1.20735E-01  1.20735E-01  1.20735E-01  1.20735E-01  1.20735E-01
   22093   4  1.09148E-01  1.09148E-01  1.09148E-01  1.09148E-01  1.09148E-01  1.09148E-01  1.09148E-01  1.09148E-01  1.09148E-01  1.09148E-01  1.09148E-01  1.09148E-01  1.09148E-01  1.09148E-01  1.09148E-01  1.09148E-01  1.09148E-01  1.09148E-01  1.09148E-01  1.09148E-01  1.09148E-01  1.09148E-01  1.09148E-01  1.09148E-01
   22093   7  0.00000E+00  0.00000E+00  0.00000E+00  0.00000E+00  0.00000E+00  0.00000E+00  0.00000E+00  0.00000E+00  0.00000E+00  0.00000E+00  0.00000E+00  0.00000E+00  0.00000E+00  0.00000E+00  0.00000E+00  0.00000E+00  0.00000E+00  0.00000E+00  0.00000E+00  0.00000E+00  0.00000E+00  0.00000E+00  0.00000E+00  0.00000E+00
   21744   3  1.54253E+00  1.54253E+00  1.54253E+00  1.54253E+00  1.54253E+00  1.54253E+00  1.54253E+00  1.54253E+00  1.54253E+00  1.54253E+00  1.54253E+00  1.54253E+00  1.54253E+00  1.54253E+00  1.54253E+00  1.54253E+00  1.54253E+00  1.54253E+00  1.54253E+00  1.54253E+00  1.54253E+00  1.54253E+00  1.54253E+00  1.54253E+00
   21744   4  7.84921E-01  7.84921E-01  7.84921E-01  7.84921E-01  7.84921E-01  7.84921E-01  7.84921E-01  7.84921E-01  7.84921E-01  7.84921E-01  7.84921E-01  7.84921E-01  7.84921E-01  7.84921E-01  7.84921E-01  7.84921E-01  7.84921E-01  7.84921E-01  7.84921E-01  7.84921E-01  7.84921E-01  7.84921E-01  7.84921E-01  7.84921E-01
   21391   4  2.58353E-01  2.58353E-01  2.58353E-01  2.58353E-01  2.58353E-01  2.58353E-01  2.58353E-01  2.58353E-01  2.58353E-01  2.58353E-01  2.58353E-01  2.58353E-01  2.58353E-01  2.58353E-01  2.58353E-01  2.58353E-01  2.58353E-01  2.58353E-01  2.58353E-01  2.58353E-01  2.58353E-01  2.58353E-01  2.58353E-01  2.58353E-01
   21391   3  1.76455E+00  1.76455E+00  1.76455E+00  1.76455E+00  1.76455E+00  1.76455E+00  1.76455E+00  1.76455E+00  1.76455E+00  1.76455E+00  1.76455E+00  1.76455E+00  1.76455E+00  1.76455E+00  1.76455E+00  1.76455E+00  1.76455E+00  1.76455E+00  1.76455E+00  1.76455E+00  1.76455E+00  1.76455E+00  1.76455E+00  1.76455E+00
   21744   5  0.00000E+00  0.00000E+00  0.00000E+00  0.00000E+00  0.00000E+00  0.00000E+00  0.00000E+00  0.00000E+00  0.00000E+00  0.00000E+00  0.00000E+00  0.00000E+00  0.00000E+00  0.00000E+00  0.00000E+00  0.00000E+00  0.00000E+00  0.00000E+00  0.00000E+00  0.00000E+00  0.00000E+00  0.00000E+00  0.00000E+00  0.00000E+00
   22098   4  2.01417E-01  2.01417E-01  2.01417E-01  2.01417E-01  2.01417E-01  2.01417E-01  2.01417E-01  2.01417E-01  2.01417E-01  2.01417E-01  2.01417E-01  2.01417E-01  2.01417E-01  2.01417E-01  2.01417E-01  2.01417E-01  2.01417E-01  2.01417E-01  2.01417E-01  2.01417E-01  2.01417E-01  2.01417E-01  2.01417E-01  2.01417E-01
   22445   7  0.00000E+00  0.00000E+00  0.00000E+00  0.00000E+00  0.00000E+00  0.00000E+00  0.00000E+00  0.00000E+00  0.00000E+00  0.00000E+00  0.00000E+00  0.00000E+00  0.00000E+00  0.00000E+00  0.00000E+00  0.00000E+00  0.00000E+00  0.00000E+00  0.00000E+00  0.00000E+00  0.00000E+00  0.00000E+00  0.00000E+00  0.00000E+00
   22093   3  2.19828E+00  2.19828E+00  2.19828E+00  2.19828E+00  2.19828E+00  2.19828E+00  2.19828E+00  2.19828E+00  2.19828E+00  2.19828E+00  2.19828E+00  2.19828E+00  2.19828E+00  2.19828E+00  2.19828E+00  2.19828E+00  2.19828E+00  2.19828E+00  2.19828E+00  2.19828E+00  2.19828E+00  2.19828E+00  2.19828E+00  2.19828E+00
   22093   2  2.19828E+00  2.19828E+00  2.19828E+00  2.19828E+00  2.19828E+00  2.19828E+00  2.19828E+00  2.19828E+00  2.19828E+00  2.19828E+00  2.19828E+00  2.19828E+00  2.19828E+00  2.19828E+00  2.19828E+00  2.19828E+00  2.19828E+00  2.19828E+00  2.19828E+00  2.19828E+00  2.19828E+00  2.19828E+00  2.19828E+00  2.19828E+00
   22445   2  1.45850E+02  1.45850E+02  1.45850E+02  1.45850E+02  1.45850E+02  1.45850E+02  1.45850E+02  1.45850E+02  1.45850E+02  1.45850E+02  1.45850E+02  1.45850E+02  1.45850E+02  1.45850E+02  1.45850E+02  1.45850E+02  1.45850E+02  1.45850E+02  1.45850E+02  1.45850E+02  1.45850E+02  1.45850E+02  1.45850E+02  1.45850E+02
   22445   3  4.06403E+01  4.06403E+01  4.06403E+01  4.06403E+01  4.06403E+01  4.06403E+01  4.06403E+01  4.06403E+01  4.06403E+01  4.06403E+01  4.06403E+01  4.06403E+01  4.06403E+01  4.06403E+01  4.06403E+01  4.06403E+01  4.06403E+01  4.06403E+01  4.06403E+01  4.06403E+01  4.06403E+01  4.06403E+01  4.06403E+01  4.06403E+01
   22445   1  3.26144E+00  3.26144E+00  3.26144E+00  3.26144E+00  3.26144E+00  3.26144E+00  3.26144E+00  3.26144E+00  3.26144E+00  3.26144E+00  3.26144E+00  3.26144E+00  3.26144E+00  3.26144E+00  3.26144E+00  3.26144E+00  3.26144E+00  3.26144E+00  3.26144E+00  3.26144E+00  3.26144E+00  3.26144E+00  3.26144E+00  3.26144E+00
   22446   4  2.38921E-01  2.38921E-01  2.38921E-01  2.38921E-01  2.38921E-01  2.38921E-01  2.38921E-01  2.38921E-01  2.38921E-01  2.38921E-01  2.38921E-01  2.38921E-01  2.38921E-01  2.38921E-01  2.38921E-01  2.38921E-01  2.38921E-01  2.38921E-01  2.38921E-01  2.38921E-01  2.38921E-01  2.38921E-01  2.38921E-01  2.38921E-01
   22446   2  6.02670E+01  5.93751E+01  5.60623E+01  5.05835E+01  4.48499E+01  3.79123E+01  3.51040E+01  3.36998E+01  3.32318E+01  3.41679E+01  3.69762E+01  4.14227E+01  4.71563E+01  5.06667E+01  5.34750E+01  5.59323E+01  5.68684E+01  5.78046E+01  5.81556E+01  5.86236E+01  5.85066E+01  5.81556E+01  5.72195E+01  5.58153E+01
   22446   3  1.36973E+01  1.34946E+01  1.27417E+01  1.14965E+01  1.01933E+01  8.61659E+00  7.97833E+00  7.65919E+00  7.55281E+00  7.76557E+00  8.40384E+00  9.41442E+00  1.07176E+01  1.15154E+01  1.21536E+01  1.27121E+01  1.29249E+01  1.31376E+01  1.32174E+01  1.33238E+01  1.32972E+01  1.32174E+01  1.30047E+01  1.26855E+01
   22446   1  4.79377E+00  4.72283E+00  4.45932E+00  4.02353E+00  3.56746E+00  3.01563E+00  2.79225E+00  2.68056E+00  2.64333E+00  2.71779E+00  2.94117E+00  3.29485E+00  3.75092E+00  4.03015E+00  4.25352E+00  4.44898E+00  4.52344E+00  4.59790E+00  4.62582E+00  4.66305E+00  4.65375E+00  4.62582E+00  4.55136E+00  4.43968E+00
   22810   4  4.63258E-02  4.63258E-02  4.63258E-02  4.63258E-02  4.63258E-02  4.63258E-02  4.63258E-02  4.63258E-02  4.63258E-02  4.63258E-02  4.63258E-02  4.63258E-02  4.63258E-02  4.63258E-02  4.63258E-02  4.63258E-02  4.63258E-02  4.63258E-02  4.63258E-02  4.63258E-02  4.63258E-02  4.63258E-02  4.63258E-02  4.63258E-02
   22810   3  0.00000E+00  0.00000E+00  0.00000E+00  0.00000E+00  0.00000E+00  0.00000E+00  0.00000E+00  0.00000E+00  0.00000E+00  0.00000E+00  0.00000E+00  0.00000E+00  0.00000E+00  0.00000E+00  0.00000E+00  0.00000E+00  0.00000E+00  0.00000E+00  0.00000E+00  0.00000E+00  0.00000E+00  0.00000E+00  0.00000E+00  0.00000E+00
   25975   3  0.00000E+00  0.00000E+00  0.00000E+00  0.00000E+00  0.00000E+00  0.00000E+00  0.00000E+00  0.00000E+00  0.00000E+00  0.00000E+00  0.00000E+00  0.00000E+00  0.00000E+00  0.00000E+00  0.00000E+00  0.00000E+00  0.00000E+00  0.00000E+00  0.00000E+00  0.00000E+00  0.00000E+00  0.00000E+00  0.00000E+00  0.00000E+00
   25581   3  0.00000E+00  0.00000E+00  0.00000E+00  0.00000E+00  0.00000E+00  0.00000E+00  0.00000E+00  0.00000E+00  0.00000E+00  0.00000E+00  0.00000E+00  0.00000E+00  0.00000E+00  0.00000E+00  0.00000E+00  0.00000E+00  0.00000E+00  0.00000E+00  0.00000E+00  0.00000E+00  0.00000E+00  0.00000E+00  0.00000E+00  0.00000E+00
   24161   3  0.00000E+00  0.00000E+00  0.00000E+00  0.00000E+00  0.00000E+00  0.00000E+00  0.00000E+00  0.00000E+00  0.00000E+00  0.00000E+00  0.00000E+00  0.00000E+00  0.00000E+00  0.00000E+00  0.00000E+00  0.00000E+00  0.00000E+00  0.00000E+00  0.00000E+00  0.00000E+00  0.00000E+00  0.00000E+00  0.00000E+00  0.00000E+00
   24161   2  0.00000E+00  0.00000E+00  0.00000E+00  0.00000E+00  0.00000E+00  0.00000E+00  0.00000E+00  0.00000E+00  0.00000E+00  0.00000E+00  0.00000E+00  0.00000E+00  0.00000E+00  0.00000E+00  0.00000E+00  0.00000E+00  0.00000E+00  0.00000E+00  0.00000E+00  0.00000E+00  0.00000E+00  0.00000E+00  0.00000E+00  0.00000E+00
   20976   3  0.00000E+00  0.00000E+00  0.00000E+00  0.00000E+00  0.00000E+00  0.00000E+00  0.00000E+00  0.00000E+00  0.00000E+00  0.00000E+00  0.00000E+00  0.00000E+00  0.00000E+00  0.00000E+00  0.00000E+00  0.00000E+00  0.00000E+00  0.00000E+00  0.00000E+00  0.00000E+00  0.00000E+00  0.00000E+00  0.00000E+00  0.00000E+00
   20976   2  0.00000E+00  0.00000E+00  0.00000E+00  0.00000E+00  0.00000E+00  0.00000E+00  0.00000E+00  0.00000E+00  0.00000E+00  0.00000E+00  0.00000E+00  0.00000E+00  0.00000E+00  0.00000E+00  0.00000E+00  0.00000E+00  0.00000E+00  0.00000E+00  0.00000E+00  0.00000E+00  0.00000E+00  0.00000E+00  0.00000E+00  0.00000E+00
   20621   3  0.00000E+00  0.00000E+00  0.00000E+00  0.00000E+00  0.00000E+00  0.00000E+00  0.00000E+00  0.00000E+00  0.00000E+00  0.00000E+00  0.00000E+00  0.00000E+00  0.00000E+00  0.00000E+00  0.00000E+00  0.00000E+00  0.00000E+00  0.00000E+00  0.00000E+00  0.00000E+00  0.00000E+00  0.00000E+00  0.00000E+00  0.00000E+00
   23460   3  4.52047E-01  4.52047E-01  4.52047E-01  4.52047E-01  4.52047E-01  4.52047E-01  4.52047E-01  4.52047E-01  4.52047E-01  4.52047E-01  4.52047E-01  4.52047E-01  4.52047E-01  4.52047E-01  4.52047E-01  4.52047E-01  4.52047E-01  4.52047E-01  4.52047E-01  4.52047E-01  4.52047E-01  4.52047E-01  4.52047E-01  4.52047E-01
   25224   4  2.48784E+01  2.48784E+01  2.48784E+01  2.48784E+01  2.48784E+01  2.48784E+01  2.48784E+01  2.48784E+01  2.48784E+01  2.48784E+01  2.48784E+01  2.48784E+01  2.48784E+01  2.48784E+01  2.48784E+01  2.48784E+01  2.48784E+01  2.48784E+01  2.48784E+01  2.48784E+01  2.48784E+01  2.48784E+01  2.48784E+01  2.48784E+01
   25224   3  9.92990E+00  9.92990E+00  9.92990E+00  9.92990E+00  9.92990E+00  9.92990E+00  9.92990E+00  9.92990E+00  9.92990E+00  9.92990E+00  9.92990E+00  9.92990E+00  9.92990E+00  9.92990E+00  9.92990E+00  9.92990E+00  9.92990E+00  9.92990E+00  9.92990E+00  9.92990E+00  9.92990E+00  9.92990E+00  9.92990E+00  9.92990E+00
   25223   3  4.21721E-02  4.21721E-02  4.21721E-02  4.21721E-02  4.21721E-02  4.21721E-02  4.21721E-02  4.21721E-02  4.21721E-02  4.21721E-02  4.21721E-02  4.21721E-02  4.21721E-02  4.21721E-02  4.21721E-02  4.21721E-02  4.21721E-02  4.21721E-02  4.21721E-02  4.21721E-02  4.21721E-02  4.21721E-02  4.21721E-02  4.21721E-02
   24870   3  2.48829E-01  2.48829E-01  2.48829E-01  2.48829E-01  2.48829E-01  2.48829E-01  2.48829E-01  2.48829E-01  2.48829E-01  2.48829E-01  2.48829E-01  2.48829E-01  2.48829E-01  2.48829E-01  2.48829E-01  2.48829E-01  2.48829E-01  2.48829E-01  2.48829E-01  2.48829E-01  2.48829E-01  2.48829E-01  2.48829E-01  2.48829E-01
   25224   7  0.00000E+00  0.00000E+00  0.00000E+00  0.00000E+00  0.00000E+00  0.00000E+00  0.00000E+00  0.00000E+00  0.00000E+00  0.00000E+00  0.00000E+00  0.00000E+00  0.00000E+00  2.49048E+00  2.49048E+00  2.49048E+00  2.49048E+00  2.49048E+00  2.49048E+00  2.49048E+00  2.49048E+00  0.00000E+00  0.00000E+00  0.00000E+00
   25224   5  0.00000E+00  0.00000E+00  0.00000E+00  0.00000E+00  0.00000E+00  0.00000E+00  0.00000E+00  0.00000E+00  0.00000E+00  0.00000E+00  0.00000E+00  0.00000E+00  0.00000E+00  0.00000E+00  0.00000E+00  0.00000E+00  0.00000E+00  0.00000E+00  0.00000E+00  0.00000E+00  0.00000E+00  0.00000E+00  0.00000E+00  0.00000E+00
   24871   3  0.00000E+00  0.00000E+00  0.00000E+00  0.00000E+00  0.00000E+00  0.00000E+00  0.00000E+00  0.00000E+00  0.00000E+00  0.00000E+00  0.00000E+00  0.00000E+00  0.00000E+00  0.00000E+00  0.00000E+00  0.00000E+00  0.00000E+00  0.00000E+00  0.00000E+00  0.00000E+00  0.00000E+00  0.00000E+00  0.00000E+00  0.00000E+00
   25223   4  1.69729E+00  1.69729E+00  1.69729E+00  1.69729E+00  1.69729E+00  1.69729E+00  1.69729E+00  1.69729E+00  1.69729E+00  1.69729E+00  1.69729E+00  1.69729E+00  1.69729E+00  1.69729E+00  1.69729E+00  1.69729E+00  1.69729E+00  1.69729E+00  1.69729E+00  1.69729E+00  1.69729E+00  1.69729E+00  1.69729E+00  1.69729E+00
   24870   4  6.18346E+00  6.18346E+00  6.18346E+00  6.18346E+00  6.18346E+00  6.18346E+00  6.18346E+00  6.18346E+00  6.18346E+00  6.18346E+00  6.18346E+00  6.18346E+00  6.18346E+00  6.18346E+00  6.18346E+00  6.18346E+00  6.18346E+00  6.18346E+00  6.18346E+00  6.18346E+00  6.18346E+00  6.18346E+00  6.18346E+00  6.18346E+00
   24871   4  1.36508E+01  1.36508E+01  1.36508E+01  1.36508E+01  1.36508E+01  1.36508E+01  1.36508E+01  1.36508E+01  1.36508E+01  1.36508E+01  1.36508E+01  1.36508E+01  1.36508E+01  1.36508E+01  1.36508E+01  1.36508E+01  1.36508E+01  1.36508E+01  1.36508E+01  1.36508E+01  1.36508E+01  1.36508E+01  1.36508E+01  1.36508E+01
   23814   4  6.77706E-01  6.77706E-01  6.77706E-01  6.77706E-01  6.77706E-01  6.77706E-01  6.77706E-01  6.77706E-01  6.77706E-01  6.77706E-01  6.77706E-01  6.77706E-01  6.77706E-01  6.77706E-01  6.77706E-01  6.77706E-01  6.77706E-01  6.77706E-01  6.77706E-01  6.77706E-01  6.77706E-01  6.77706E-01  6.77706E-01  6.77706E-01
   23813   3  0.00000E+00  0.00000E+00  0.00000E+00  0.00000E+00  0.00000E+00  0.00000E+00  0.00000E+00  0.00000E+00  0.00000E+00  0.00000E+00  0.00000E+00  0.00000E+00  0.00000E+00  0.00000E+00  0.00000E+00  0.00000E+00  0.00000E+00  0.00000E+00  0.00000E+00  0.00000E+00  0.00000E+00  0.00000E+00  0.00000E+00  0.00000E+00
   23458   4  1.04068E+01  1.04068E+01  1.04068E+01  1.04068E+01  1.04068E+01  1.04068E+01  1.04068E+01  1.04068E+01  1.04068E+01  1.04068E+01  1.04068E+01  1.04068E+01  1.04068E+01  1.04068E+01  1.04068E+01  1.04068E+01  1.04068E+01  1.04068E+01  1.04068E+01  1.04068E+01  1.04068E+01  1.04068E+01  1.04068E+01  1.04068E+01
   28064   5  3.19169E-03  3.19169E-03  3.19169E-03  3.19169E-03  3.19169E-03  3.19169E-03  3.19169E-03  3.19169E-03  3.19169E-03  3.19169E-03  3.19169E-03  3.19169E-03  3.19169E-03  3.19169E-03  3.19169E-03  3.19169E-03  3.19169E-03  3.19169E-03  3.19169E-03  3.19169E-03  3.19169E-03  3.19169E-03  3.19169E-03  3.19169E-03
   23819   3  4.04999E-03  4.04999E-03  4.04999E-03  4.04999E-03  4.04999E-03  4.04999E-03  4.04999E-03  4.04999E-03  4.04999E-03  4.04999E-03  4.04999E-03  4.04999E-03  4.04999E-03  4.04999E-03  4.04999E-03  4.04999E-03  4.04999E-03  4.04999E-03  4.04999E-03  4.04999E-03  4.04999E-03  4.04999E-03  4.04999E-03  4.04999E-03
   23819   4  6.22619E+00  6.22619E+00  6.22619E+00  6.22619E+00  6.22619E+00  6.22619E+00  6.22619E+00  6.22619E+00  6.22619E+00  6.22619E+00  6.22619E+00  6.22619E+00  6.22619E+00  6.22619E+00  6.22619E+00  6.22619E+00  6.22619E+00  6.22619E+00  6.22619E+00  6.22619E+00  6.22619E+00  6.22619E+00  6.22619E+00  6.22619E+00
   23464   5  0.00000E+00  0.00000E+00  0.00000E+00  0.00000E+00  0.00000E+00  0.00000E+00  0.00000E+00  0.00000E+00  0.00000E+00  0.00000E+00  0.00000E+00  0.00000E+00  0.00000E+00  0.00000E+00  0.00000E+00  0.00000E+00  0.00000E+00  0.00000E+00  0.00000E+00  0.00000E+00  0.00000E+00  0.00000E+00  0.00000E+00  0.00000E+00
   23464   3  5.30525E+00  5.30525E+00  5.30525E+00  5.30525E+00  5.30525E+00  5.30525E+00  5.30525E+00  5.30525E+00  5.30525E+00  5.30525E+00  5.30525E+00  5.30525E+00  5.30525E+00  5.30525E+00  5.30525E+00  5.30525E+00  5.30525E+00  5.30525E+00  5.30525E+00  5.30525E+00  5.30525E+00  5.30525E+00  5.30525E+00  5.30525E+00
   23464   1  0.00000E+00  0.00000E+00  0.00000E+00  0.00000E+00  0.00000E+00  0.00000E+00  0.00000E+00  0.00000E+00  0.00000E+00  0.00000E+00  0.00000E+00  0.00000E+00  0.00000E+00  0.00000E+00  0.00000E+00  0.00000E+00  0.00000E+00  0.00000E+00  0.00000E+00  0.00000E+00  0.00000E+00  0.00000E+00  0.00000E+00  0.00000E+00
   23464   2  3.90411E+01  3.90411E+01  3.90411E+01  3.90411E+01  3.90411E+01  3.90411E+01  3.90411E+01  3.90411E+01  3.90411E+01  3.90411E+01  3.90411E+01  3.90411E+01  3.90411E+01  3.90411E+01  3.90411E+01  3.90411E+01  3.90411E+01  3.90411E+01  3.90411E+01  3.90411E+01  3.90411E+01  3.90411E+01  3.90411E+01  3.90411E+01
   23464   4  1.95173E+00  1.95173E+00  1.95173E+00  1.95173E+00  1.95173E+00  1.95173E+00  1.95173E+00  1.95173E+00  1.95173E+00  1.95173E+00  1.95173E+00  1.95173E+00  1.95173E+00  1.95173E+00  1.95173E+00  1.95173E+00  1.95173E+00  1.95173E+00  1.95173E+00  1.95173E+00  1.95173E+00  1.95173E+00  1.95173E+00  1.95173E+00
   24519   4  8.66368E+00  8.66368E+00  8.66368E+00  8.66368E+00  8.66368E+00  8.66368E+00  8.66368E+00  8.66368E+00  8.66368E+00  8.66368E+00  8.66368E+00  8.66368E+00  8.66368E+00  8.66368E+00  8.66368E+00  8.66368E+00  8.66368E+00  8.66368E+00  8.66368E+00  8.66368E+00  8.66368E+00  8.66368E+00  8.66368E+00  8.66368E+00
   24519   3  1.00633E+00  1.00633E+00  1.00633E+00  1.00633E+00  1.00633E+00  1.00633E+00  1.00633E+00  1.00633E+00  1.00633E+00  1.00633E+00  1.00633E+00  1.00633E+00  1.00633E+00  1.00633E+00  1.00633E+00  1.00633E+00  1.00633E+00  1.00633E+00  1.00633E+00  1.00633E+00  1.00633E+00  1.00633E+00  1.00633E+00  1.00633E+00
   24166   4  3.07410E-01  3.07410E-01  3.07410E-01  3.07410E-01  3.07410E-01  3.07410E-01  3.07410E-01  3.07410E-01  3.07410E-01  3.07410E-01  3.07410E-01  3.07410E-01  3.07410E-01  3.07410E-01  3.07410E-01  3.07410E-01  3.07410E-01  3.07410E-01  3.07410E-01  3.07410E-01  3.07410E-01  3.07410E-01  3.07410E-01  3.07410E-01
   24518   4  0.00000E+00  0.00000E+00  0.00000E+00  0.00000E+00  0.00000E+00  0.00000E+00  0.00000E+00  0.00000E+00  0.00000E+00  0.00000E+00  0.00000E+00  0.00000E+00  0.00000E+00  0.00000E+00  0.00000E+00  0.00000E+00  0.00000E+00  0.00000E+00  0.00000E+00  0.00000E+00  0.00000E+00  0.00000E+00  0.00000E+00  0.00000E+00
   24519   7  0.00000E+00  0.00000E+00  0.00000E+00  0.00000E+00  0.00000E+00  0.00000E+00  0.00000E+00  0.00000E+00  0.00000E+00  0.00000E+00  0.00000E+00  0.00000E+00  0.00000E+00  0.00000E+00  0.00000E+00  0.00000E+00  0.00000E+00  0.00000E+00  0.00000E+00  0.00000E+00  0.00000E+00  0.00000E+00  0.00000E+00  0.00000E+00
   24510   3  0.00000E+00  0.00000E+00  0.00000E+00  0.00000E+00  0.00000E+00  0.00000E+00  0.00000E+00  0.00000E+00  0.00000E+00  0.00000E+00  0.00000E+00  0.00000E+00  0.00000E+00  0.00000E+00  0.00000E+00  0.00000E+00  0.00000E+00  0.00000E+00  0.00000E+00  0.00000E+00  0.00000E+00  0.00000E+00  0.00000E+00  0.00000E+00
   24510   2  0.00000E+00  0.00000E+00  0.00000E+00  0.00000E+00  0.00000E+00  0.00000E+00  0.00000E+00  0.00000E+00  0.00000E+00  0.00000E+00  0.00000E+00  0.00000E+00  0.00000E+00  0.00000E+00  0.00000E+00  0.00000E+00  0.00000E+00  0.00000E+00  0.00000E+00  0.00000E+00  0.00000E+00  0.00000E+00  0.00000E+00  0.00000E+00
   20989   3  0.00000E+00  0.00000E+00  0.00000E+00  0.00000E+00  0.00000E+00  0.00000E+00  0.00000E+00  0.00000E+00  0.00000E+00  0.00000E+00  0.00000E+00  0.00000E+00  0.00000E+00  0.00000E+00  0.00000E+00  0.00000E+00  0.00000E+00  0.00000E+00  0.00000E+00  0.00000E+00  0.00000E+00  0.00000E+00  0.00000E+00  0.00000E+00
   20989   2  0.00000E+00  0.00000E+00  0.00000E+00  0.00000E+00  0.00000E+00  0.00000E+00  0.00000E+00  0.00000E+00  0.00000E+00  0.00000E+00  0.00000E+00  0.00000E+00  0.00000E+00  0.00000E+00  0.00000E+00  0.00000E+00  0.00000E+00  0.00000E+00  0.00000E+00  0.00000E+00  0.00000E+00  0.00000E+00  0.00000E+00  0.00000E+00
   22745   4  1.25837E-01  1.25837E-01  1.25837E-01  1.25837E-01  1.25837E-01  1.25837E-01  1.25837E-01  1.25837E-01  1.25837E-01  1.25837E-01  1.25837E-01  1.25837E-01  1.25837E-01  1.25837E-01  1.25837E-01  1.25837E-01  1.25837E-01  1.25837E-01  1.25837E-01  1.25837E-01  1.25837E-01  1.25837E-01  1.25837E-01  1.25837E-01
   28410   4  9.26517E-02  9.26517E-02  9.26517E-02  9.26517E-02  9.26517E-02  9.26517E-02  9.26517E-02  9.26517E-02  9.26517E-02  9.26517E-02  9.26517E-02  9.26517E-02  9.26517E-02  9.26517E-02  9.26517E-02  9.26517E-02  9.26517E-02  9.26517E-02  9.26517E-02  9.26517E-02  9.26517E-02  9.26517E-02  9.26517E-02  9.26517E-02
   24163   4  4.60297E-01  4.60297E-01  4.60297E-01  4.60297E-01  4.60297E-01  4.60297E-01  4.60297E-01  4.60297E-01  4.60297E-01  4.60297E-01  4.60297E-01  4.60297E-01  4.60297E-01  4.60297E-01  4.60297E-01  4.60297E-01  4.60297E-01  4.60297E-01  4.60297E-01  4.60297E-01  4.60297E-01  4.60297E-01  4.60297E-01  4.60297E-01
   24163   3  1.85395E-03  1.85395E-03  1.85395E-03  1.85395E-03  1.85395E-03  1.85395E-03  1.85395E-03  1.85395E-03  1.85395E-03  1.85395E-03  1.85395E-03  1.85395E-03  1.85395E-03  1.85395E-03  1.85395E-03  1.85395E-03  1.85395E-03  1.85395E-03  1.85395E-03  1.85395E-03  1.85395E-03  1.85395E-03  1.85395E-03  1.85395E-03
   24870   5  1.32590E-03  1.32590E-03  1.32590E-03  1.32590E-03  1.32590E-03  1.32590E-03  1.32590E-03  1.32590E-03  1.32590E-03  1.32590E-03  1.32590E-03  1.32590E-03  1.32590E-03  1.32590E-03  1.32590E-03  1.32590E-03  1.32590E-03  1.32590E-03  1.32590E-03  1.32590E-03  1.32590E-03  1.32590E-03  1.32590E-03  1.32590E-03
   24517   4  9.69238E-02  9.69238E-02  9.69238E-02  9.69238E-02  9.69238E-02  9.69238E-02  9.69238E-02  9.69238E-02  9.69238E-02  9.69238E-02  9.69238E-02  9.69238E-02  9.69238E-02  9.69238E-02  9.69238E-02  9.69238E-02  9.69238E-02  9.69238E-02  9.69238E-02  9.69238E-02  9.69238E-02  9.69238E-02  9.69238E-02  9.69238E-02
   24872   4  3.10172E-01  3.10172E-01  3.10172E-01  3.10172E-01  3.10172E-01  3.10172E-01  3.10172E-01  3.10172E-01  3.10172E-01  3.10172E-01  3.10172E-01  3.10172E-01  3.10172E-01  3.10172E-01  3.10172E-01  3.10172E-01  3.10172E-01  3.10172E-01  3.10172E-01  3.10172E-01  3.10172E-01  3.10172E-01  3.10172E-01  3.10172E-01
   20280   3  0.00000E+00  0.00000E+00  0.00000E+00  0.00000E+00  0.00000E+00  0.00000E+00  0.00000E+00  0.00000E+00  0.00000E+00  0.00000E+00  0.00000E+00  0.00000E+00  0.00000E+00  0.00000E+00  0.00000E+00  0.00000E+00  0.00000E+00  0.00000E+00  0.00000E+00  0.00000E+00  0.00000E+00  0.00000E+00  0.00000E+00  0.00000E+00
   23103   3  0.00000E+00  0.00000E+00  0.00000E+00  0.00000E+00  0.00000E+00  0.00000E+00  0.00000E+00  0.00000E+00  0.00000E+00  0.00000E+00  0.00000E+00  0.00000E+00  0.00000E+00  6.24085E-02  6.24085E-02  6.24085E-02  6.24085E-02  6.24085E-02  6.24085E-02  6.24085E-02  6.24085E-02  0.00000E+00  0.00000E+00  0.00000E+00
   25575   3  1.95800E+00  1.95800E+00  1.95800E+00  1.95800E+00  1.95800E+00  1.95800E+00  1.95800E+00  1.95800E+00  1.95800E+00  1.95800E+00  1.95800E+00  1.95800E+00  1.95800E+00  1.95800E+00  1.95800E+00  1.95800E+00  1.95800E+00  1.95800E+00  1.95800E+00  1.95800E+00  1.95800E+00  1.95800E+00  1.95800E+00  1.95800E+00
   25575   4  1.11747E+01  1.11747E+01  1.11747E+01  1.11747E+01  1.11747E+01  1.11747E+01  1.11747E+01  1.11747E+01  1.11747E+01  1.11747E+01  1.11747E+01  1.11747E+01  1.11747E+01  1.11747E+01  1.11747E+01  1.11747E+01  1.11747E+01  1.11747E+01  1.11747E+01  1.11747E+01  1.11747E+01  1.11747E+01  1.11747E+01  1.11747E+01
   25575   5  1.97530E-03  1.97530E-03  1.97530E-03  1.97530E-03  1.97530E-03  1.97530E-03  1.97530E-03  1.97530E-03  1.97530E-03  1.97530E-03  1.97530E-03  1.97530E-03  1.97530E-03  1.97530E-03  1.97530E-03  1.97530E-03  1.97530E-03  1.97530E-03  1.97530E-03  1.97530E-03  1.97530E-03  1.97530E-03  1.97530E-03  1.97530E-03
   25575   2  1.96862E+00  1.96862E+00  1.96862E+00  1.96862E+00  1.96862E+00  1.96862E+00  1.96862E+00  1.96862E+00  1.96862E+00  1.96862E+00  1.96862E+00  1.96862E+00  1.96862E+00  1.96862E+00  1.96862E+00  1.96862E+00  1.96862E+00  1.96862E+00  1.96862E+00  1.96862E+00  1.96862E+00  1.96862E+00  1.96862E+00  1.96862E+00
   24868   4  0.00000E+00  0.00000E+00  0.00000E+00  0.00000E+00  0.00000E+00  0.00000E+00  0.00000E+00  0.00000E+00  0.00000E+00  0.00000E+00  0.00000E+00  0.00000E+00  0.00000E+00  0.00000E+00  0.00000E+00  0.00000E+00  0.00000E+00  0.00000E+00  0.00000E+00  0.00000E+00  0.00000E+00  0.00000E+00  0.00000E+00  0.00000E+00
   24869   4  0.00000E+00  0.00000E+00  0.00000E+00  0.00000E+00  0.00000E+00  0.00000E+00  0.00000E+00  0.00000E+00  0.00000E+00  0.00000E+00  0.00000E+00  0.00000E+00  0.00000E+00  0.00000E+00  0.00000E+00  0.00000E+00  0.00000E+00  0.00000E+00  0.00000E+00  0.00000E+00  0.00000E+00  0.00000E+00  0.00000E+00  0.00000E+00
   25575   7  0.00000E+00  0.00000E+00  0.00000E+00  0.00000E+00  0.00000E+00  0.00000E+00  0.00000E+00  0.00000E+00  0.00000E+00  0.00000E+00  0.00000E+00  0.00000E+00  0.00000E+00  0.00000E+00  0.00000E+00  0.00000E+00  0.00000E+00  0.00000E+00  0.00000E+00  0.00000E+00  0.00000E+00  0.00000E+00  0.00000E+00  0.00000E+00
   25576   3  0.00000E+00  0.00000E+00  0.00000E+00  0.00000E+00  0.00000E+00  0.00000E+00  0.00000E+00  0.00000E+00  0.00000E+00  0.00000E+00  0.00000E+00  0.00000E+00  0.00000E+00  0.00000E+00  0.00000E+00  0.00000E+00  0.00000E+00  0.00000E+00  0.00000E+00  0.00000E+00  0.00000E+00  0.00000E+00  0.00000E+00  0.00000E+00
   25222   3  3.08752E-02  3.08752E-02  3.08752E-02  3.08752E-02  3.08752E-02  3.08752E-02  3.08752E-02  3.08752E-02  3.08752E-02  3.08752E-02  3.08752E-02  3.08752E-02  3.08752E-02  3.08752E-02  3.08752E-02  3.08752E-02  3.08752E-02  3.08752E-02  3.08752E-02  3.08752E-02  3.08752E-02  3.08752E-02  3.08752E-02  3.08752E-02
   24874   3  0.00000E+00  0.00000E+00  0.00000E+00  0.00000E+00  0.00000E+00  0.00000E+00  0.00000E+00  0.00000E+00  0.00000E+00  0.00000E+00  0.00000E+00  0.00000E+00  0.00000E+00  0.00000E+00  0.00000E+00  0.00000E+00  0.00000E+00  0.00000E+00  0.00000E+00  0.00000E+00  0.00000E+00  0.00000E+00  0.00000E+00  0.00000E+00
   24874   4  2.57957E-01  2.57957E-01  2.57957E-01  2.57957E-01  2.57957E-01  2.57957E-01  2.57957E-01  2.57957E-01  2.57957E-01  2.57957E-01  2.57957E-01  2.57957E-01  2.57957E-01  2.57957E-01  2.57957E-01  2.57957E-01  2.57957E-01  2.57957E-01  2.57957E-01  2.57957E-01  2.57957E-01  2.57957E-01  2.57957E-01  2.57957E-01
   20686   4  0.00000E+00  0.00000E+00  0.00000E+00  0.00000E+00  0.00000E+00  0.00000E+00  0.00000E+00  0.00000E+00  0.00000E+00  0.00000E+00  0.00000E+00  0.00000E+00  0.00000E+00  0.00000E+00  0.00000E+00  0.00000E+00  0.00000E+00  0.00000E+00  0.00000E+00  0.00000E+00  0.00000E+00  0.00000E+00  0.00000E+00  0.00000E+00
   20686   2  2.58721E+01  2.54892E+01  2.40670E+01  2.17150E+01  1.92536E+01  1.62754E+01  1.50698E+01  1.44670E+01  1.42661E+01  1.46679E+01  1.58735E+01  1.77824E+01  2.02438E+01  2.17507E+01  2.29563E+01  2.40112E+01  2.44131E+01  2.48149E+01  2.49656E+01  2.51666E+01  2.51163E+01  2.49656E+01  2.45638E+01  2.39610E+01
   20686   3  8.62402E+00  8.49639E+00  8.02234E+00  7.23834E+00  6.41787E+00  5.42513E+00  5.02327E+00  4.82234E+00  4.75536E+00  4.88931E+00  5.29117E+00  5.92745E+00  6.74792E+00  7.25025E+00  7.65211E+00  8.00374E+00  8.13769E+00  8.27164E+00  8.32188E+00  8.38885E+00  8.37211E+00  8.32188E+00  8.18792E+00  7.98699E+00
   22095   4  1.51264E-01  1.51264E-01  1.51264E-01  1.51264E-01  1.51264E-01  1.51264E-01  1.51264E-01  1.51264E-01  1.51264E-01  1.51264E-01  1.51264E-01  1.51264E-01  1.51264E-01  1.51264E-01  1.51264E-01  1.51264E-01  1.51264E-01  1.51264E-01  1.51264E-01  1.51264E-01  1.51264E-01  1.51264E-01  1.51264E-01  1.51264E-01
   22095   2  3.02871E+00  3.02871E+00  3.02871E+00  3.02871E+00  3.02871E+00  3.02871E+00  3.02871E+00  3.02871E+00  3.02871E+00  3.02871E+00  3.02871E+00  3.02871E+00  3.02871E+00  3.02871E+00  3.02871E+00  3.02871E+00  3.02871E+00  3.02871E+00  3.02871E+00  3.02871E+00  3.02871E+00  3.02871E+00  3.02871E+00  3.02871E+00
   22095   3  0.00000E+00  0.00000E+00  0.00000E+00  0.00000E+00  0.00000E+00  0.00000E+00  0.00000E+00  0.00000E+00  0.00000E+00  0.00000E+00  0.00000E+00  0.00000E+00  0.00000E+00  0.00000E+00  0.00000E+00  0.00000E+00  0.00000E+00  0.00000E+00  0.00000E+00  0.00000E+00  0.00000E+00  0.00000E+00  0.00000E+00  0.00000E+00
   20329   3  3.15211E+01  3.15211E+01  1.45320E+00  1.45320E+00  1.45320E+00  1.45320E+00  1.45320E+00  1.45320E+00  1.45320E+00  1.45320E+00  1.45320E+00  1.45320E+00  1.45320E+00  3.18371E+01  3.18371E+01  3.18371E+01  3.18371E+01  3.18371E+01  3.18371E+01  3.18371E+01  3.18371E+01  3.15211E+01  3.15211E+01  3.15211E+01
   21381   4  0.00000E+00  0.00000E+00  0.00000E+00  0.00000E+00  0.00000E+00  0.00000E+00  0.00000E+00  0.00000E+00  0.00000E+00  0.00000E+00  0.00000E+00  0.00000E+00  0.00000E+00  0.00000E+00  0.00000E+00  0.00000E+00  0.00000E+00  0.00000E+00  0.00000E+00  0.00000E+00  0.00000E+00  0.00000E+00  0.00000E+00  0.00000E+00
   20684   3  9.10280E-02  9.10280E-02  0.00000E+00  0.00000E+00  0.00000E+00  0.00000E+00  0.00000E+00  0.00000E+00  0.00000E+00  0.00000E+00  0.00000E+00  0.00000E+00  0.00000E+00  9.10280E-02  9.10280E-02  9.10280E-02  9.10280E-02  9.10280E-02  9.10280E-02  9.10280E-02  9.10280E-02  9.10280E-02  9.10280E-02  9.10280E-02
   20683   3  2.35769E+01  2.34221E+01  2.23487E+01  2.13979E+01  2.04029E+01  1.91990E+01  1.87117E+01  1.84680E+01  1.83868E+01  1.85493E+01  1.90366E+01  1.98082E+01  2.08032E+01  2.19194E+01  2.24067E+01  2.28331E+01  2.29956E+01  2.31580E+01  2.32189E+01  2.33002E+01  2.32799E+01  2.32105E+01  2.30481E+01  2.28044E+01
   20684   4  3.70745E-01  3.70745E-01  3.70745E-01  3.70745E-01  3.70745E-01  3.70745E-01  3.70745E-01  3.70745E-01  3.70745E-01  3.70745E-01  3.70745E-01  3.70745E-01  3.70745E-01  3.70745E-01  3.70745E-01  3.70745E-01  3.70745E-01  3.70745E-01  3.70745E-01  3.70745E-01  3.70745E-01  3.70745E-01  3.70745E-01  3.70745E-01
   21036   4  1.00519E-01  1.00519E-01  1.00519E-01  1.00519E-01  1.00519E-01  1.00519E-01  1.00519E-01  1.00519E-01  1.00519E-01  1.00519E-01  1.00519E-01  1.00519E-01  1.00519E-01  1.03420E-01  1.03420E-01  1.03420E-01  1.03420E-01  1.03420E-01  1.03420E-01  1.03420E-01  1.03420E-01  1.00519E-01  1.00519E-01  1.00519E-01
   21036   3  2.40591E+01  2.40591E+01  2.40591E+01  2.40591E+01  2.40591E+01  2.40591E+01  2.40591E+01  2.40591E+01  2.40591E+01  2.40591E+01  2.40591E+01  2.40591E+01  2.40591E+01  2.40591E+01  2.40591E+01  2.40591E+01  2.40591E+01  2.40591E+01  2.40591E+01  2.40591E+01  2.40591E+01  2.40591E+01  2.40591E+01  2.40591E+01
   21036   7  0.00000E+00  0.00000E+00  0.00000E+00  0.00000E+00  0.00000E+00  0.00000E+00  0.00000E+00  0.00000E+00  0.00000E+00  0.00000E+00  0.00000E+00  0.00000E+00  0.00000E+00  3.49516E+00  3.49516E+00  3.49516E+00  3.49516E+00  3.49516E+00  3.49516E+00  3.49516E+00  3.49516E+00  0.00000E+00  0.00000E+00  0.00000E+00
   19275   4  4.54343E-02  4.54343E-02  4.54343E-02  4.54343E-02  4.54343E-02  4.54343E-02  4.54343E-02  4.54343E-02  4.54343E-02  4.54343E-02  4.54343E-02  4.54343E-02  4.54343E-02  4.54343E-02  4.54343E-02  4.54343E-02  4.54343E-02  4.54343E-02  4.54343E-02  4.54343E-02  4.54343E-02  4.54343E-02  4.54343E-02  4.54343E-02
   19275   3  1.60772E-01  1.60772E-01  1.60772E-01  1.60772E-01  1.60772E-01  1.60772E-01  1.60772E-01  1.60772E-01  1.60772E-01  1.60772E-01  1.60772E-01  1.60772E-01  1.60772E-01  1.60772E-01  1.60772E-01  1.60772E-01  1.60772E-01  1.60772E-01  1.60772E-01  1.60772E-01  1.60772E-01  1.60772E-01  1.60772E-01  1.60772E-01
   19274   4  4.13666E-02  4.13666E-02  4.13666E-02  4.13666E-02  4.13666E-02  4.13666E-02  4.13666E-02  4.13666E-02  4.13666E-02  4.13666E-02  4.13666E-02  4.13666E-02  4.13666E-02  4.13666E-02  4.13666E-02  4.13666E-02  4.13666E-02  4.13666E-02  4.13666E-02  4.13666E-02  4.13666E-02  4.13666E-02  4.13666E-02  4.13666E-02
   19627   4  5.63985E-02  5.63985E-02  5.63985E-02  5.63985E-02  5.63985E-02  5.63985E-02  5.63985E-02  5.63985E-02  5.63985E-02  5.63985E-02  5.63985E-02  5.63985E-02  5.63985E-02  5.63985E-02  5.63985E-02  5.63985E-02  5.63985E-02  5.63985E-02  5.63985E-02  5.63985E-02  5.63985E-02  5.63985E-02  5.63985E-02  5.63985E-02
   19627   3  0.00000E+00  0.00000E+00  0.00000E+00  0.00000E+00  0.00000E+00  0.00000E+00  0.00000E+00  0.00000E+00  0.00000E+00  0.00000E+00  0.00000E+00  0.00000E+00  0.00000E+00  0.00000E+00  0.00000E+00  0.00000E+00  0.00000E+00  0.00000E+00  0.00000E+00  0.00000E+00  0.00000E+00  0.00000E+00  0.00000E+00  0.00000E+00
   19627   2  0.00000E+00  0.00000E+00  0.00000E+00  0.00000E+00  0.00000E+00  0.00000E+00  0.00000E+00  0.00000E+00  0.00000E+00  0.00000E+00  0.00000E+00  0.00000E+00  0.00000E+00  0.00000E+00  0.00000E+00  0.00000E+00  0.00000E+00  0.00000E+00  0.00000E+00  0.00000E+00  0.00000E+00  0.00000E+00  0.00000E+00  0.00000E+00
   20331   4  1.62345E+01  1.62345E+01  1.62345E+01  1.62345E+01  1.62345E+01  1.62345E+01  1.62345E+01  1.62345E+01  1.62345E+01  1.62345E+01  1.62345E+01  1.62345E+01  1.62345E+01  1.62345E+01  1.62345E+01  1.62345E+01  1.62345E+01  1.62345E+01  1.62345E+01  1.62345E+01  1.62345E+01  1.62345E+01  1.62345E+01  1.62345E+01
   20331   3  7.92931E+00  7.92931E+00  7.50987E+00  7.50987E+00  7.50987E+00  7.30029E+00  7.30029E+00  7.30029E+00  7.30029E+00  7.30029E+00  7.30029E+00  7.30029E+00  7.30029E+00  1.84438E+01  1.84438E+01  1.84438E+01  1.84438E+01  1.84438E+01  1.84438E+01  1.84438E+01  1.84438E+01  7.92931E+00  7.92931E+00  7.92931E+00
   20331   7  9.01145E-01  9.01145E-01  9.01145E-01  9.01145E-01  9.01145E-01  9.01145E-01  9.01145E-01  9.01145E-01  9.01145E-01  9.01145E-01  9.01145E-01  9.01145E-01  9.01145E-01  1.61393E+00  1.61393E+00  1.61393E+00  1.61393E+00  1.61393E+00  1.61393E+00  1.61393E+00  1.61393E+00  9.01145E-01  9.01145E-01  9.01145E-01
   19971   4  8.50784E-02  8.50784E-02  8.50784E-02  8.50784E-02  8.50784E-02  8.50784E-02  8.50784E-02  8.50784E-02  8.50784E-02  8.50784E-02  8.50784E-02  8.50784E-02  8.50784E-02  8.50784E-02  8.50784E-02  8.50784E-02  8.50784E-02  8.50784E-02  8.50784E-02  8.50784E-02  8.50784E-02  8.50784E-02  8.50784E-02  8.50784E-02
   20331   1  2.87764E-01  2.87764E-01  2.87764E-01  2.87764E-01  2.87764E-01  2.87764E-01  2.87764E-01  2.87764E-01  2.87764E-01  2.87764E-01  2.87764E-01  2.87764E-01  2.87764E-01  2.87764E-01  2.87764E-01  2.87764E-01  2.87764E-01  2.87764E-01  2.87764E-01  2.87764E-01  2.87764E-01  2.87764E-01  2.87764E-01  2.87764E-01
   20331   2  6.78712E-03  6.78712E-03  6.78712E-03  6.78712E-03  6.78712E-03  6.78712E-03  6.78712E-03  6.78712E-03  6.78712E-03  6.78712E-03  6.78712E-03  6.78712E-03  6.78712E-03  6.78712E-03  6.78712E-03  6.78712E-03  6.78712E-03  6.78712E-03  6.78712E-03  6.78712E-03  6.78712E-03  6.78712E-03  6.78712E-03  6.78712E-03
   20685   3  0.00000E+00  0.00000E+00  0.00000E+00  0.00000E+00  0.00000E+00  0.00000E+00  0.00000E+00  0.00000E+00  0.00000E+00  0.00000E+00  0.00000E+00  0.00000E+00  0.00000E+00  4.57346E-03  4.57346E-03  4.57346E-03  4.57346E-03  4.57346E-03  4.57346E-03  4.57346E-03  4.57346E-03  0.00000E+00  0.00000E+00  0.00000E+00
   20332   3  0.00000E+00  0.00000E+00  0.00000E+00  0.00000E+00  0.00000E+00  0.00000E+00  0.00000E+00  0.00000E+00  0.00000E+00  0.00000E+00  0.00000E+00  0.00000E+00  0.00000E+00  0.00000E+00  0.00000E+00  0.00000E+00  0.00000E+00  0.00000E+00  0.00000E+00  0.00000E+00  0.00000E+00  0.00000E+00  0.00000E+00  0.00000E+00
   20685   7  0.00000E+00  0.00000E+00  0.00000E+00  0.00000E+00  0.00000E+00  0.00000E+00  0.00000E+00  0.00000E+00  0.00000E+00  0.00000E+00  0.00000E+00  0.00000E+00  0.00000E+00  1.25517E+00  1.25517E+00  1.25517E+00  1.25517E+00  1.25517E+00  1.25517E+00  1.25517E+00  1.25517E+00  0.00000E+00  0.00000E+00  0.00000E+00
   19622   4  0.00000E+00  0.00000E+00  0.00000E+00  0.00000E+00  0.00000E+00  0.00000E+00  0.00000E+00  0.00000E+00  0.00000E+00  0.00000E+00  0.00000E+00  0.00000E+00  0.00000E+00  0.00000E+00  0.00000E+00  0.00000E+00  0.00000E+00  0.00000E+00  0.00000E+00  0.00000E+00  0.00000E+00  0.00000E+00  0.00000E+00  0.00000E+00
   19628   4  1.45632E-01  1.45632E-01  1.45632E-01  1.45632E-01  1.45632E-01  1.45632E-01  1.45632E-01  1.45632E-01  1.45632E-01  1.45632E-01  1.45632E-01  1.45632E-01  1.45632E-01  1.45632E-01  1.45632E-01  1.45632E-01  1.45632E-01  1.45632E-01  1.45632E-01  1.45632E-01  1.45632E-01  1.45632E-01  1.45632E-01  1.45632E-01
   19628   3  4.54227E-02  4.54227E-02  4.54227E-02  4.54227E-02  4.54227E-02  4.54227E-02  4.54227E-02  4.54227E-02  4.54227E-02  4.54227E-02  4.54227E-02  4.54227E-02  4.54227E-02  4.54227E-02  4.54227E-02  4.54227E-02  4.54227E-02  4.54227E-02  4.54227E-02  4.54227E-02  4.54227E-02  4.54227E-02  4.54227E-02  4.54227E-02
   19274   3  2.91974E-05  2.91974E-05  2.91974E-05  2.91974E-05  2.91974E-05  2.91974E-05  2.91974E-05  2.91974E-05  2.91974E-05  2.91974E-05  2.91974E-05  2.91974E-05  2.91974E-05  2.91974E-05  2.91974E-05  2.91974E-05  2.91974E-05  2.91974E-05  2.91974E-05  2.91974E-05  2.91974E-05  2.91974E-05  2.91974E-05  2.91974E-05
   19628   7  0.00000E+00  0.00000E+00  0.00000E+00  0.00000E+00  0.00000E+00  0.00000E+00  0.00000E+00  0.00000E+00  0.00000E+00  0.00000E+00  0.00000E+00  0.00000E+00  0.00000E+00  0.00000E+00  0.00000E+00  0.00000E+00  0.00000E+00  0.00000E+00  0.00000E+00  0.00000E+00  0.00000E+00  0.00000E+00  0.00000E+00  0.00000E+00
   19267   4  8.93096E-01  8.93096E-01  8.93096E-01  8.93096E-01  8.93096E-01  8.93096E-01  8.93096E-01  8.93096E-01  8.93096E-01  8.93096E-01  8.93096E-01  8.93096E-01  8.93096E-01  1.13562E+00  1.13562E+00  1.13562E+00  1.13562E+00  1.13562E+00  1.13562E+00  1.13562E+00  1.13562E+00  8.93096E-01  8.93096E-01  8.93096E-01
   19267   2  2.74405E+01  2.74405E+01  2.74405E+01  2.74405E+01  2.74405E+01  2.74405E+01  2.74405E+01  2.74405E+01  2.74405E+01  2.74405E+01  2.74405E+01  2.74405E+01  2.74405E+01  2.74405E+01  2.74405E+01  2.74405E+01  2.74405E+01  2.74405E+01  2.74405E+01  2.74405E+01  2.74405E+01  2.74405E+01  2.74405E+01  2.74405E+01
   19620   4  2.37074E-01  2.37074E-01  2.37074E-01  2.37074E-01  2.37074E-01  2.37074E-01  2.37074E-01  2.37074E-01  2.37074E-01  2.37074E-01  2.37074E-01  2.37074E-01  2.37074E-01  2.37074E-01  2.37074E-01  2.37074E-01  2.37074E-01  2.37074E-01  2.37074E-01  2.37074E-01  2.37074E-01  2.37074E-01  2.37074E-01  2.37074E-01
   19620   3  8.16372E-02  8.16372E-02  8.16372E-02  8.16372E-02  8.16372E-02  8.16372E-02  8.16372E-02  8.16372E-02  8.16372E-02  8.16372E-02  8.16372E-02  8.16372E-02  8.16372E-02  8.16372E-02  8.16372E-02  8.16372E-02  8.16372E-02  8.16372E-02  8.16372E-02  8.16372E-02  8.16372E-02  8.16372E-02  8.16372E-02  8.16372E-02
   19267   7  0.00000E+00  0.00000E+00  0.00000E+00  0.00000E+00  0.00000E+00  0.00000E+00  0.00000E+00  0.00000E+00  0.00000E+00  0.00000E+00  0.00000E+00  0.00000E+00  0.00000E+00  5.52889E-01  5.52889E-01  5.52889E-01  5.52889E-01  5.52889E-01  5.52889E-01  5.52889E-01  5.52889E-01  0.00000E+00  0.00000E+00  0.00000E+00
   19267   3  9.39600E-01  9.39600E-01  9.39600E-01  9.39600E-01  9.39600E-01  9.39600E-01  9.39600E-01  9.39600E-01  9.39600E-01  9.39600E-01  9.39600E-01  9.39600E-01  9.39600E-01  9.39600E-01  9.39600E-01  9.39600E-01  9.39600E-01  9.39600E-01  9.39600E-01  9.39600E-01  9.39600E-01  9.39600E-01  9.39600E-01  9.39600E-01
   18913   3  0.00000E+00  0.00000E+00  0.00000E+00  0.00000E+00  0.00000E+00  0.00000E+00  0.00000E+00  0.00000E+00  0.00000E+00  0.00000E+00  0.00000E+00  0.00000E+00  0.00000E+00  0.00000E+00  0.00000E+00  0.00000E+00  0.00000E+00  0.00000E+00  0.00000E+00  0.00000E+00  0.00000E+00  0.00000E+00  0.00000E+00  0.00000E+00
   18913   4  0.00000E+00  0.00000E+00  0.00000E+00  0.00000E+00  0.00000E+00  0.00000E+00  0.00000E+00  0.00000E+00  0.00000E+00  0.00000E+00  0.00000E+00  0.00000E+00  0.00000E+00  0.00000E+00  0.00000E+00  0.00000E+00  0.00000E+00  0.00000E+00  0.00000E+00  0.00000E+00  0.00000E+00  0.00000E+00  0.00000E+00  0.00000E+00
   19975   3  8.90184E+01  8.90184E+01  6.48809E+01  6.48809E+01  6.48809E+01  6.48742E+01  6.48742E+01  6.48742E+01  6.48742E+01  6.48742E+01  6.48742E+01  6.48742E+01  6.48742E+01  8.90184E+01  8.90184E+01  8.90184E+01  8.90184E+01  8.90184E+01  8.90184E+01  8.90184E+01  8.90184E+01  8.90184E+01  8.90184E+01  8.90184E+01
   19975   4  3.27171E+00  3.27171E+00  3.27171E+00  3.27171E+00  3.27171E+00  3.27171E+00  3.27171E+00  3.27171E+00  3.27171E+00  3.27171E+00  3.27171E+00  3.27171E+00  3.27171E+00  3.27171E+00  3.27171E+00  3.27171E+00  3.27171E+00  3.27171E+00  3.27171E+00  3.27171E+00  3.27171E+00  3.27171E+00  3.27171E+00  3.27171E+00
   19975   2  0.00000E+00  0.00000E+00  0.00000E+00  0.00000E+00  0.00000E+00  0.00000E+00  0.00000E+00  0.00000E+00  0.00000E+00  0.00000E+00  0.00000E+00  0.00000E+00  0.00000E+00  0.00000E+00  0.00000E+00  0.00000E+00  0.00000E+00  0.00000E+00  0.00000E+00  0.00000E+00  0.00000E+00  0.00000E+00  0.00000E+00  0.00000E+00
   20329   7  0.00000E+00  0.00000E+00  0.00000E+00  0.00000E+00  0.00000E+00  0.00000E+00  0.00000E+00  0.00000E+00  0.00000E+00  0.00000E+00  0.00000E+00  0.00000E+00  0.00000E+00  9.38478E+00  9.38478E+00  9.38478E+00  9.38478E+00  9.38478E+00  9.38478E+00  9.38478E+00  9.38478E+00  0.00000E+00  0.00000E+00  0.00000E+00
   19975   5  0.00000E+00  0.00000E+00  0.00000E+00  0.00000E+00  0.00000E+00  0.00000E+00  0.00000E+00  0.00000E+00  0.00000E+00  0.00000E+00  0.00000E+00  0.00000E+00  0.00000E+00  0.00000E+00  0.00000E+00  0.00000E+00  0.00000E+00  0.00000E+00  0.00000E+00  0.00000E+00  0.00000E+00  0.00000E+00  0.00000E+00  0.00000E+00
   19979   5  1.54360E-03  1.54360E-03  1.54360E-03  1.54360E-03  1.54360E-03  1.54360E-03  1.54360E-03  1.54360E-03  1.54360E-03  1.54360E-03  1.54360E-03  1.54360E-03  1.54360E-03  1.54360E-03  1.54360E-03  1.54360E-03  1.54360E-03  1.54360E-03  1.54360E-03  1.54360E-03  1.54360E-03  1.54360E-03  1.54360E-03  1.54360E-03
   19979   4  7.73440E-02  7.73440E-02  7.73440E-02  7.73440E-02  7.73440E-02  7.73440E-02  7.73440E-02  7.73440E-02  7.73440E-02  7.73440E-02  7.73440E-02  7.73440E-02  7.73440E-02  7.73440E-02  7.73440E-02  7.73440E-02  7.73440E-02  7.73440E-02  7.73440E-02  7.73440E-02  7.73440E-02  7.73440E-02  7.73440E-02  7.73440E-02
   19979   3  0.00000E+00  0.00000E+00  0.00000E+00  0.00000E+00  0.00000E+00  0.00000E+00  0.00000E+00  0.00000E+00  0.00000E+00  0.00000E+00  0.00000E+00  0.00000E+00  0.00000E+00  0.00000E+00  0.00000E+00  0.00000E+00  0.00000E+00  0.00000E+00  0.00000E+00  0.00000E+00  0.00000E+00  0.00000E+00  0.00000E+00  0.00000E+00
   20681   4  1.81227E-02  1.81227E-02  1.81227E-02  1.81227E-02  1.81227E-02  1.81227E-02  1.81227E-02  1.81227E-02  1.81227E-02  1.81227E-02  1.81227E-02  1.81227E-02  1.81227E-02  1.81227E-02  1.81227E-02  1.81227E-02  1.81227E-02  1.81227E-02  1.81227E-02  1.81227E-02  1.81227E-02  1.81227E-02  1.81227E-02  1.81227E-02
   18915   3  1.46935E-01  1.46935E-01  1.46935E-01  1.46935E-01  1.46935E-01  1.46935E-01  1.46935E-01  1.46935E-01  1.46935E-01  1.46935E-01  1.46935E-01  1.46935E-01  1.46935E-01  1.46935E-01  1.46935E-01  1.46935E-01  1.46935E-01  1.46935E-01  1.46935E-01  1.46935E-01  1.46935E-01  1.46935E-01  1.46935E-01  1.46935E-01
   21038   4  1.45094E+00  1.45094E+00  1.45094E+00  1.45094E+00  1.45094E+00  1.45094E+00  1.45094E+00  1.45094E+00  1.45094E+00  1.45094E+00  1.45094E+00  1.45094E+00  1.45094E+00  1.45094E+00  1.45094E+00  1.45094E+00  1.45094E+00  1.45094E+00  1.45094E+00  1.45094E+00  1.45094E+00  1.45094E+00  1.45094E+00  1.45094E+00
   21038   3  0.00000E+00  0.00000E+00  0.00000E+00  0.00000E+00  0.00000E+00  0.00000E+00  0.00000E+00  0.00000E+00  0.00000E+00  0.00000E+00  0.00000E+00  0.00000E+00  0.00000E+00  0.00000E+00  0.00000E+00  0.00000E+00  0.00000E+00  0.00000E+00  0.00000E+00  0.00000E+00  0.00000E+00  0.00000E+00  0.00000E+00  0.00000E+00
   18562   3  0.00000E+00  0.00000E+00  0.00000E+00  0.00000E+00  0.00000E+00  0.00000E+00  0.00000E+00  0.00000E+00  0.00000E+00  0.00000E+00  0.00000E+00  0.00000E+00  0.00000E+00  0.00000E+00  0.00000E+00  0.00000E+00  0.00000E+00  0.00000E+00  0.00000E+00  0.00000E+00  0.00000E+00  0.00000E+00  0.00000E+00  0.00000E+00
   20330   7  0.00000E+00  0.00000E+00  0.00000E+00  0.00000E+00  0.00000E+00  0.00000E+00  0.00000E+00  0.00000E+00  0.00000E+00  0.00000E+00  0.00000E+00  0.00000E+00  0.00000E+00  1.79779E+01  1.79779E+01  1.79779E+01  1.79779E+01  1.79779E+01  1.79779E+01  1.79779E+01  1.79779E+01  0.00000E+00  0.00000E+00  0.00000E+00
   20330   2  6.59892E+00  6.59892E+00  6.59892E+00  6.59892E+00  6.59892E+00  6.59892E+00  6.59892E+00  6.59892E+00  6.59892E+00  6.59892E+00  6.59892E+00  6.59892E+00  6.59892E+00  6.59892E+00  6.59892E+00  6.59892E+00  6.59892E+00  6.59892E+00  6.59892E+00  6.59892E+00  6.59892E+00  6.59892E+00  6.59892E+00  6.59892E+00
   20329   2  3.15640E-03  3.15640E-03  3.15640E-03  3.15640E-03  3.15640E-03  3.15640E-03  3.15640E-03  3.15640E-03  3.15640E-03  3.15640E-03  3.15640E-03  3.15640E-03  3.15640E-03  3.15640E-03  3.15640E-03  3.15640E-03  3.15640E-03  3.15640E-03  3.15640E-03  3.15640E-03  3.15640E-03  3.15640E-03  3.15640E-03  3.15640E-03
   19266   5  0.00000E+00  0.00000E+00  0.00000E+00  0.00000E+00  0.00000E+00  0.00000E+00  0.00000E+00  0.00000E+00  0.00000E+00  0.00000E+00  0.00000E+00  0.00000E+00  0.00000E+00  0.00000E+00  0.00000E+00  0.00000E+00  0.00000E+00  0.00000E+00  0.00000E+00  0.00000E+00  0.00000E+00  0.00000E+00  0.00000E+00  0.00000E+00
   19265   4  5.83183E+00  5.83183E+00  5.83183E+00  5.83183E+00  5.83183E+00  5.83183E+00  5.83183E+00  5.83183E+00  5.83183E+00  5.83183E+00  5.83183E+00  5.83183E+00  5.83183E+00  6.25999E+01  6.25999E+01  6.25999E+01  6.25999E+01  6.25999E+01  6.25999E+01  6.25999E+01  6.25999E+01  5.83183E+00  5.83183E+00  5.83183E+00
   19265   3  4.22794E+00  4.22794E+00  1.42950E+00  1.42950E+00  1.42950E+00  1.42950E+00  1.42950E+00  1.42950E+00  1.42950E+00  1.42950E+00  1.42950E+00  1.42950E+00  1.42950E+00  6.10652E+01  6.10652E+01  6.10652E+01  6.10652E+01  6.10652E+01  6.10652E+01  6.10652E+01  6.10652E+01  4.22794E+00  4.22794E+00  4.22794E+00
   19265   5  2.55142E-02  2.55142E-02  2.55142E-02  2.55142E-02  2.55142E-02  2.55142E-02  2.55142E-02  2.55142E-02  2.55142E-02  2.55142E-02  2.55142E-02  2.55142E-02  2.55142E-02  1.26406E+01  1.26406E+01  1.26406E+01  1.26406E+01  1.26406E+01  1.26406E+01  1.26406E+01  1.26406E+01  2.55142E-02  2.55142E-02  2.55142E-02
   19266   7  0.00000E+00  0.00000E+00  0.00000E+00  0.00000E+00  0.00000E+00  0.00000E+00  0.00000E+00  0.00000E+00  0.00000E+00  0.00000E+00  0.00000E+00  0.00000E+00  0.00000E+00  0.00000E+00  0.00000E+00  0.00000E+00  0.00000E+00  0.00000E+00  0.00000E+00  0.00000E+00  0.00000E+00  0.00000E+00  0.00000E+00  0.00000E+00
   19265   7  0.00000E+00  0.00000E+00  0.00000E+00  0.00000E+00  0.00000E+00  0.00000E+00  0.00000E+00  0.00000E+00  0.00000E+00  0.00000E+00  0.00000E+00  0.00000E+00  0.00000E+00  1.72254E+01  1.72254E+01  1.72254E+01  1.72254E+01  1.72254E+01  1.72254E+01  1.72254E+01  1.72254E+01  0.00000E+00  0.00000E+00  0.00000E+00
   19266   4  7.32165E-02  7.32165E-02  7.32165E-02  7.32165E-02  7.32165E-02  7.32165E-02  7.32165E-02  7.32165E-02  7.32165E-02  7.32165E-02  7.32165E-02  7.32165E-02  7.32165E-02  7.32165E-02  7.32165E-02  7.32165E-02  7.32165E-02  7.32165E-02  7.32165E-02  7.32165E-02  7.32165E-02  7.32165E-02  7.32165E-02  7.32165E-02
   18912   4  0.00000E+00  0.00000E+00  0.00000E+00  0.00000E+00  0.00000E+00  0.00000E+00  0.00000E+00  0.00000E+00  0.00000E+00  0.00000E+00  0.00000E+00  0.00000E+00  0.00000E+00  0.00000E+00  0.00000E+00  0.00000E+00  0.00000E+00  0.00000E+00  0.00000E+00  0.00000E+00  0.00000E+00  0.00000E+00  0.00000E+00  0.00000E+00
   19265   1  5.45718E-01  5.45718E-01  5.45718E-01  5.45718E-01  5.45718E-01  5.45718E-01  5.45718E-01  5.45718E-01  5.45718E-01  5.45718E-01  5.45718E-01  5.45718E-01  5.45718E-01  5.45718E-01  5.45718E-01  5.45718E-01  5.45718E-01  5.45718E-01  5.45718E-01  5.45718E-01  5.45718E-01  5.45718E-01  5.45718E-01  5.45718E-01
   20683   4  1.50906E+01  1.50906E+01  1.50906E+01  1.50906E+01  1.50906E+01  1.50906E+01  1.50906E+01  1.50906E+01  1.50906E+01  1.50906E+01  1.50906E+01  1.50906E+01  1.50906E+01  1.50906E+01  1.50906E+01  1.50906E+01  1.50906E+01  1.50906E+01  1.50906E+01  1.50906E+01  1.50906E+01  1.50906E+01  1.50906E+01  1.50906E+01
   20683   7  0.00000E+00  0.00000E+00  0.00000E+00  0.00000E+00  0.00000E+00  0.00000E+00  0.00000E+00  0.00000E+00  0.00000E+00  0.00000E+00  0.00000E+00  0.00000E+00  0.00000E+00  1.74712E+00  1.74712E+00  1.74712E+00  1.74712E+00  1.74712E+00  1.74712E+00  1.74712E+00  1.74712E+00  0.00000E+00  0.00000E+00  0.00000E+00
   20683   2  0.00000E+00  0.00000E+00  0.00000E+00  0.00000E+00  0.00000E+00  0.00000E+00  0.00000E+00  0.00000E+00  0.00000E+00  0.00000E+00  0.00000E+00  0.00000E+00  0.00000E+00  0.00000E+00  0.00000E+00  0.00000E+00  0.00000E+00  0.00000E+00  0.00000E+00  0.00000E+00  0.00000E+00  0.00000E+00  0.00000E+00  0.00000E+00
   19973   5  1.39148E-03  1.39148E-03  1.39148E-03  1.39148E-03  1.39148E-03  1.39148E-03  1.39148E-03  1.39148E-03  1.39148E-03  1.39148E-03  1.39148E-03  1.39148E-03  1.39148E-03  1.39148E-03  1.39148E-03  1.39148E-03  1.39148E-03  1.39148E-03  1.39148E-03  1.39148E-03  1.39148E-03  1.39148E-03  1.39148E-03  1.39148E-03
   19264   3  8.74669E-03  8.74669E-03  8.74669E-03  8.74669E-03  8.74669E-03  8.74669E-03  8.74669E-03  8.74669E-03  8.74669E-03  8.74669E-03  8.74669E-03  8.74669E-03  8.74669E-03  8.74669E-03  8.74669E-03  8.74669E-03  8.74669E-03  8.74669E-03  8.74669E-03  8.74669E-03  8.74669E-03  8.74669E-03  8.74669E-03  8.74669E-03
   19263   4  7.17292E-03  7.17292E-03  7.17292E-03  7.17292E-03  7.17292E-03  7.17292E-03  7.17292E-03  7.17292E-03  7.17292E-03  7.17292E-03  7.17292E-03  7.17292E-03  7.17292E-03  7.17292E-03  7.17292E-03  7.17292E-03  7.17292E-03  7.17292E-03  7.17292E-03  7.17292E-03  7.17292E-03  7.17292E-03  7.17292E-03  7.17292E-03
   20682   4  2.44870E+01  2.44870E+01  2.44870E+01  2.44870E+01  2.44870E+01  2.44870E+01  2.44870E+01  2.44870E+01  2.44870E+01  2.44870E+01  2.44870E+01  2.44870E+01  2.44870E+01  7.02334E+01  7.02334E+01  7.02334E+01  7.02334E+01  7.02334E+01  7.02334E+01  7.02334E+01  7.02334E+01  2.44870E+01  2.44870E+01  2.44870E+01
   20682   3  4.71545E-01  4.71545E-01  4.71545E-01  4.71545E-01  4.71545E-01  4.71545E-01  4.71545E-01  4.71545E-01  4.71545E-01  4.71545E-01  4.71545E-01  4.71545E-01  4.71545E-01  4.62180E+01  4.62180E+01  4.62180E+01  4.62180E+01  4.62180E+01  4.62180E+01  4.62180E+01  4.62180E+01  4.71545E-01  4.71545E-01  4.71545E-01
   20682   5  0.00000E+00  0.00000E+00  0.00000E+00  0.00000E+00  0.00000E+00  0.00000E+00  0.00000E+00  0.00000E+00  0.00000E+00  0.00000E+00  0.00000E+00  0.00000E+00  0.00000E+00  1.01659E+01  1.01659E+01  1.01659E+01  1.01659E+01  1.01659E+01  1.01659E+01  1.01659E+01  1.01659E+01  0.00000E+00  0.00000E+00  0.00000E+00
   21035   4  3.60118E-01  3.60118E-01  3.60118E-01  3.60118E-01  3.60118E-01  3.60118E-01  3.60118E-01  3.60118E-01  3.60118E-01  3.60118E-01  3.60118E-01  3.60118E-01  3.60118E-01  3.60118E-01  3.60118E-01  3.60118E-01  3.60118E-01  3.60118E-01  3.60118E-01  3.60118E-01  3.60118E-01  3.60118E-01  3.60118E-01  3.60118E-01
   21035   3  1.56467E-03  1.56467E-03  1.56467E-03  1.56467E-03  1.56467E-03  1.56467E-03  1.56467E-03  1.56467E-03  1.56467E-03  1.56467E-03  1.56467E-03  1.56467E-03  1.56467E-03  1.56467E-03  1.56467E-03  1.56467E-03  1.56467E-03  1.56467E-03  1.56467E-03  1.56467E-03  1.56467E-03  1.56467E-03  1.56467E-03  1.56467E-03
   20682   7  0.00000E+00  0.00000E+00  0.00000E+00  0.00000E+00  0.00000E+00  0.00000E+00  0.00000E+00  0.00000E+00  0.00000E+00  0.00000E+00  0.00000E+00  0.00000E+00  0.00000E+00  1.73299E-01  1.73299E-01  1.73299E-01  1.73299E-01  1.73299E-01  1.73299E-01  1.73299E-01  1.73299E-01  0.00000E+00  0.00000E+00  0.00000E+00
   17468   3  2.04492E-03  2.04492E-03  2.04492E-03  2.04492E-03  2.04492E-03  2.04492E-03  2.04492E-03  2.04492E-03  2.04492E-03  2.04492E-03  2.04492E-03  2.04492E-03  2.04492E-03  2.04492E-03  2.04492E-03  2.04492E-03  2.04492E-03  2.04492E-03  2.04492E-03  2.04492E-03  2.04492E-03  2.04492E-03  2.04492E-03  2.04492E-03
   20665   3  3.16137E+00  3.16137E+00  3.16137E+00  3.16137E+00  3.16137E+00  3.16137E+00  3.16137E+00  3.16137E+00  3.16137E+00  3.16137E+00  3.16137E+00  3.16137E+00  3.16137E+00  3.16137E+00  3.16137E+00  3.16137E+00  3.16137E+00  3.16137E+00  3.16137E+00  3.16137E+00  3.16137E+00  3.16137E+00  3.16137E+00  3.16137E+00
   21015   3  0.00000E+00  0.00000E+00  0.00000E+00  0.00000E+00  0.00000E+00  0.00000E+00  0.00000E+00  0.00000E+00  0.00000E+00  0.00000E+00  0.00000E+00  0.00000E+00  0.00000E+00  0.00000E+00  0.00000E+00  0.00000E+00  0.00000E+00  0.00000E+00  0.00000E+00  0.00000E+00  0.00000E+00  0.00000E+00  0.00000E+00  0.00000E+00
   22058   3  1.47716E-03  1.47716E-03  1.47716E-03  1.47716E-03  1.47716E-03  1.47716E-03  1.47716E-03  1.47716E-03  1.47716E-03  1.47716E-03  1.47716E-03  1.47716E-03  1.47716E-03  1.47716E-03  1.47716E-03  1.47716E-03  1.47716E-03  1.47716E-03  1.47716E-03  1.47716E-03  1.47716E-03  1.47716E-03  1.47716E-03  1.47716E-03
   22404   3  0.00000E+00  0.00000E+00  0.00000E+00  0.00000E+00  0.00000E+00  0.00000E+00  0.00000E+00  0.00000E+00  0.00000E+00  0.00000E+00  0.00000E+00  0.00000E+00  0.00000E+00  0.00000E+00  0.00000E+00  0.00000E+00  0.00000E+00  0.00000E+00  0.00000E+00  0.00000E+00  0.00000E+00  0.00000E+00  0.00000E+00  0.00000E+00
   13938   4  3.66451E-04  3.66451E-04  3.66451E-04  3.66451E-04  3.66451E-04  3.66451E-04  3.66451E-04  3.66451E-04  3.66451E-04  3.66451E-04  3.66451E-04  3.66451E-04  3.66451E-04  3.66451E-04  3.66451E-04  3.66451E-04  3.66451E-04  3.66451E-04  3.66451E-04  3.66451E-04  3.66451E-04  3.66451E-04  3.66451E-04  3.66451E-04
   13938   2  3.74611E+00  3.74611E+00  3.74611E+00  3.74611E+00  2.08611E+00  2.08611E+00  2.08611E+00  2.08611E+00  3.74611E+00  3.74611E+00  3.74611E+00  3.74611E+00  3.74611E+00  3.74611E+00  3.74611E+00  3.74611E+00  3.74611E+00  3.74611E+00  3.74611E+00  3.74611E+00  3.74611E+00  3.74611E+00  3.74611E+00  3.74611E+00
   13938   1  2.08611E+00  2.08611E+00  2.08611E+00  2.08611E+00  2.08611E+00  2.08611E+00  2.08611E+00  2.08611E+00  2.08611E+00  2.08611E+00  2.08611E+00  2.08611E+00  2.08611E+00  2.08611E+00  2.08611E+00  2.08611E+00  2.08611E+00  2.08611E+00  2.08611E+00  2.08611E+00  2.08611E+00  2.08611E+00  2.08611E+00  2.08611E+00
   13938   7  0.00000E+00  0.00000E+00  0.00000E+00  0.00000E+00  0.00000E+00  0.00000E+00  0.00000E+00  0.00000E+00  0.00000E+00  0.00000E+00  0.00000E+00  0.00000E+00  0.00000E+00  0.00000E+00  0.00000E+00  0.00000E+00  0.00000E+00  0.00000E+00  0.00000E+00  0.00000E+00  0.00000E+00  0.00000E+00  0.00000E+00  0.00000E+00
   13235   1  8.35447E+01  8.35447E+01  8.35447E+01  8.35447E+01  8.35447E+01  8.35447E+01  8.35447E+01  8.35447E+01  8.35447E+01  8.35447E+01  8.35447E+01  8.35447E+01  8.35447E+01  8.35447E+01  8.35447E+01  8.35447E+01  8.35447E+01  8.35447E+01  8.35447E+01  8.35447E+01  8.35447E+01  8.35447E+01  8.35447E+01  8.35447E+01
   13235   2  1.14048E+02  1.14048E+02  1.14048E+02  1.14048E+02  1.14048E+02  1.14048E+02  1.14048E+02  1.14048E+02  1.14048E+02  1.14048E+02  1.14048E+02  1.14048E+02  1.14048E+02  1.14048E+02  1.14048E+02  1.14048E+02  1.14048E+02  1.14048E+02  1.14048E+02  1.14048E+02  1.14048E+02  1.14048E+02  1.14048E+02  1.14048E+02
   13235   3  1.87345E+01  1.87345E+01  1.87345E+01  1.87345E+01  1.87345E+01  1.87345E+01  1.87345E+01  1.87345E+01  1.87345E+01  1.87345E+01  1.87345E+01  1.87345E+01  1.87345E+01  1.87345E+01  1.87345E+01  1.87345E+01  1.87345E+01  1.87345E+01  1.87345E+01  1.87345E+01  1.87345E+01  1.87345E+01  1.87345E+01  1.87345E+01
   13938   3  0.00000E+00  0.00000E+00  0.00000E+00  0.00000E+00  0.00000E+00  0.00000E+00  0.00000E+00  0.00000E+00  0.00000E+00  0.00000E+00  0.00000E+00  0.00000E+00  0.00000E+00  0.00000E+00  0.00000E+00  0.00000E+00  0.00000E+00  0.00000E+00  0.00000E+00  0.00000E+00  0.00000E+00  0.00000E+00  0.00000E+00  0.00000E+00
   21012   3  0.00000E+00  0.00000E+00  0.00000E+00  0.00000E+00  0.00000E+00  0.00000E+00  0.00000E+00  0.00000E+00  0.00000E+00  0.00000E+00  0.00000E+00  0.00000E+00  0.00000E+00  0.00000E+00  0.00000E+00  0.00000E+00  0.00000E+00  0.00000E+00  0.00000E+00  0.00000E+00  0.00000E+00  0.00000E+00  0.00000E+00  0.00000E+00
   20658   3  8.30049E+00  8.30049E+00  8.30049E+00  8.30049E+00  8.30049E+00  8.30049E+00  8.30049E+00  8.30049E+00  8.30049E+00  8.30049E+00  8.30049E+00  8.30049E+00  8.30049E+00  8.30049E+00  8.30049E+00  8.30049E+00  8.30049E+00  8.30049E+00  8.30049E+00  8.30049E+00  8.30049E+00  8.30049E+00  8.30049E+00  8.30049E+00
   21012   4  4.69195E-02  4.69195E-02  4.69195E-02  4.69195E-02  4.69195E-02  4.69195E-02  4.69195E-02  4.69195E-02  4.69195E-02  4.69195E-02  4.69195E-02  4.69195E-02  4.69195E-02  4.69195E-02  4.69195E-02  4.69195E-02  4.69195E-02  4.69195E-02  4.69195E-02  4.69195E-02  4.69195E-02  4.69195E-02  4.69195E-02  4.69195E-02
   21013   4  1.81203E-01  1.81203E-01  1.81203E-01  1.81203E-01  1.81203E-01  1.81203E-01  1.81203E-01  1.81203E-01  1.81203E-01  1.81203E-01  1.81203E-01  1.81203E-01  1.81203E-01  1.81203E-01  1.81203E-01  1.81203E-01  1.81203E-01  1.81203E-01  1.81203E-01  1.81203E-01  1.81203E-01  1.81203E-01  1.81203E-01  1.81203E-01
   20658   7  0.00000E+00  0.00000E+00  0.00000E+00  0.00000E+00  0.00000E+00  0.00000E+00  0.00000E+00  0.00000E+00  0.00000E+00  0.00000E+00  0.00000E+00  0.00000E+00  0.00000E+00  0.00000E+00  0.00000E+00  0.00000E+00  0.00000E+00  0.00000E+00  0.00000E+00  0.00000E+00  0.00000E+00  0.00000E+00  0.00000E+00  0.00000E+00
   21013   3  3.90956E+01  3.90956E+01  3.90956E+01  3.90956E+01  3.90956E+01  3.90956E+01  3.90956E+01  3.90956E+01  3.90956E+01  3.90956E+01  3.90956E+01  3.90956E+01  3.90956E+01  3.90956E+01  3.90956E+01  3.90956E+01  3.90956E+01  3.90956E+01  3.90956E+01  3.90956E+01  3.90956E+01  3.90956E+01  3.90956E+01  3.90956E+01
   20659   4  0.00000E+00  0.00000E+00  0.00000E+00  0.00000E+00  0.00000E+00  0.00000E+00  0.00000E+00  0.00000E+00  0.00000E+00  0.00000E+00  0.00000E+00  0.00000E+00  0.00000E+00  0.00000E+00  0.00000E+00  0.00000E+00  0.00000E+00  0.00000E+00  0.00000E+00  0.00000E+00  0.00000E+00  0.00000E+00  0.00000E+00  0.00000E+00
   20645   3  0.00000E+00  0.00000E+00  0.00000E+00  0.00000E+00  0.00000E+00  0.00000E+00  0.00000E+00  0.00000E+00  0.00000E+00  0.00000E+00  0.00000E+00  0.00000E+00  0.00000E+00  0.00000E+00  0.00000E+00  0.00000E+00  0.00000E+00  0.00000E+00  0.00000E+00  0.00000E+00  0.00000E+00  0.00000E+00  0.00000E+00  0.00000E+00
   18891   3  0.00000E+00  0.00000E+00  0.00000E+00  0.00000E+00  0.00000E+00  0.00000E+00  0.00000E+00  0.00000E+00  0.00000E+00  0.00000E+00  0.00000E+00  0.00000E+00  0.00000E+00  0.00000E+00  0.00000E+00  0.00000E+00  0.00000E+00  0.00000E+00  0.00000E+00  0.00000E+00  0.00000E+00  0.00000E+00  0.00000E+00  0.00000E+00
   19239   2  0.00000E+00  0.00000E+00  0.00000E+00  0.00000E+00  0.00000E+00  0.00000E+00  0.00000E+00  0.00000E+00  0.00000E+00  0.00000E+00  0.00000E+00  0.00000E+00  0.00000E+00  0.00000E+00  0.00000E+00  0.00000E+00  0.00000E+00  0.00000E+00  0.00000E+00  0.00000E+00  0.00000E+00  0.00000E+00  0.00000E+00  0.00000E+00
   19239   3  0.00000E+00  0.00000E+00  0.00000E+00  0.00000E+00  0.00000E+00  0.00000E+00  0.00000E+00  0.00000E+00  0.00000E+00  0.00000E+00  0.00000E+00  0.00000E+00  0.00000E+00  0.00000E+00  0.00000E+00  0.00000E+00  0.00000E+00  0.00000E+00  0.00000E+00  0.00000E+00  0.00000E+00  0.00000E+00  0.00000E+00  0.00000E+00
   20643   2  0.00000E+00  0.00000E+00  0.00000E+00  0.00000E+00  0.00000E+00  0.00000E+00  0.00000E+00  0.00000E+00  0.00000E+00  0.00000E+00  0.00000E+00  0.00000E+00  0.00000E+00  0.00000E+00  0.00000E+00  0.00000E+00  0.00000E+00  0.00000E+00  0.00000E+00  0.00000E+00  0.00000E+00  0.00000E+00  0.00000E+00  0.00000E+00
   20643   3  0.00000E+00  0.00000E+00  0.00000E+00  0.00000E+00  0.00000E+00  0.00000E+00  0.00000E+00  0.00000E+00  0.00000E+00  0.00000E+00  0.00000E+00  0.00000E+00  0.00000E+00  0.00000E+00  0.00000E+00  0.00000E+00  0.00000E+00  0.00000E+00  0.00000E+00  0.00000E+00  0.00000E+00  0.00000E+00  0.00000E+00  0.00000E+00
   19590   3  1.23846E+01  1.23846E+01  1.23846E+01  1.23846E+01  1.23846E+01  1.23846E+01  1.23846E+01  1.23846E+01  1.23846E+01  1.23846E+01  1.23846E+01  1.23846E+01  1.23846E+01  1.23846E+01  1.23846E+01  1.23846E+01  1.23846E+01  1.23846E+01  1.23846E+01  1.23846E+01  1.23846E+01  1.23846E+01  1.23846E+01  1.23846E+01
   19590   7  0.00000E+00  0.00000E+00  0.00000E+00  0.00000E+00  0.00000E+00  0.00000E+00  0.00000E+00  0.00000E+00  0.00000E+00  0.00000E+00  0.00000E+00  0.00000E+00  0.00000E+00  0.00000E+00  0.00000E+00  0.00000E+00  0.00000E+00  0.00000E+00  0.00000E+00  0.00000E+00  0.00000E+00  0.00000E+00  0.00000E+00  0.00000E+00
   21358   4  0.00000E+00  0.00000E+00  0.00000E+00  0.00000E+00  0.00000E+00  0.00000E+00  0.00000E+00  0.00000E+00  0.00000E+00  0.00000E+00  0.00000E+00  0.00000E+00  0.00000E+00  0.00000E+00  0.00000E+00  0.00000E+00  0.00000E+00  0.00000E+00  0.00000E+00  0.00000E+00  0.00000E+00  0.00000E+00  0.00000E+00  0.00000E+00
   22412   3  1.45617E-02  1.45617E-02  1.45617E-02  1.45617E-02  1.45617E-02  1.45617E-02  1.45617E-02  1.45617E-02  1.45617E-02  1.45617E-02  1.45617E-02  1.45617E-02  1.45617E-02  1.45617E-02  1.45617E-02  1.45617E-02  1.45617E-02  1.45617E-02  1.45617E-02  1.45617E-02  1.45617E-02  1.45617E-02  1.45617E-02  1.45617E-02
   22412   7  0.00000E+00  0.00000E+00  0.00000E+00  0.00000E+00  0.00000E+00  0.00000E+00  0.00000E+00  0.00000E+00  0.00000E+00  0.00000E+00  0.00000E+00  0.00000E+00  0.00000E+00  0.00000E+00  0.00000E+00  0.00000E+00  0.00000E+00  0.00000E+00  0.00000E+00  0.00000E+00  0.00000E+00  0.00000E+00  0.00000E+00  0.00000E+00
   19610   3  0.00000E+00  0.00000E+00  0.00000E+00  0.00000E+00  0.00000E+00  0.00000E+00  0.00000E+00  0.00000E+00  0.00000E+00  0.00000E+00  0.00000E+00  0.00000E+00  0.00000E+00  0.00000E+00  0.00000E+00  0.00000E+00  0.00000E+00  0.00000E+00  0.00000E+00  0.00000E+00  0.00000E+00  0.00000E+00  0.00000E+00  0.00000E+00
   16803   4  6.80789E-02  6.80789E-02  6.80789E-02  6.80789E-02  6.80789E-02  6.80789E-02  6.80789E-02  6.80789E-02  6.80789E-02  6.80789E-02  6.80789E-02  6.80789E-02  6.80789E-02  6.80789E-02  6.80789E-02  6.80789E-02  6.80789E-02  6.80789E-02  6.80789E-02  6.80789E-02  6.80789E-02  6.80789E-02  6.80789E-02  6.80789E-02
   16802   4  5.64672E-01  5.64672E-01  5.64672E-01  5.64672E-01  5.64672E-01  5.64672E-01  5.64672E-01  5.64672E-01  5.64672E-01  5.64672E-01  5.64672E-01  5.64672E-01  5.64672E-01  5.64672E-01  5.64672E-01  5.64672E-01  5.64672E-01  5.64672E-01  5.64672E-01  5.64672E-01  5.64672E-01  5.64672E-01  5.64672E-01  5.64672E-01
   17156   4  9.37385E-04  9.37385E-04  9.37385E-04  9.37385E-04  9.37385E-04  9.37385E-04  9.37385E-04  9.37385E-04  9.37385E-04  9.37385E-04  9.37385E-04  9.37385E-04  9.37385E-04  9.37385E-04  9.37385E-04  9.37385E-04  9.37385E-04  9.37385E-04  9.37385E-04  9.37385E-04  9.37385E-04  9.37385E-04  9.37385E-04  9.37385E-04
   17156   3  2.07979E-03  2.07979E-03  2.07979E-03  2.07979E-03  2.07979E-03  0.00000E+00  0.00000E+00  0.00000E+00  0.00000E+00  0.00000E+00  0.00000E+00  0.00000E+00  0.00000E+00  2.07979E-03  2.07979E-03  2.07979E-03  2.07979E-03  2.07979E-03  2.07979E-03  2.07979E-03  2.07979E-03  2.07979E-03  2.07979E-03  2.07979E-03
   17156   7  0.00000E+00  0.00000E+00  0.00000E+00  0.00000E+00  0.00000E+00  0.00000E+00  0.00000E+00  0.00000E+00  0.00000E+00  0.00000E+00  0.00000E+00  0.00000E+00  0.00000E+00  0.00000E+00  0.00000E+00  0.00000E+00  0.00000E+00  0.00000E+00  0.00000E+00  0.00000E+00  0.00000E+00  0.00000E+00  0.00000E+00  0.00000E+00
   17156   2  5.37421E-01  5.37421E-01  5.37421E-01  5.37421E-01  5.37421E-01  5.37421E-01  5.37421E-01  5.37421E-01  5.37421E-01  5.37421E-01  5.37421E-01  5.37421E-01  5.37421E-01  5.37421E-01  5.37421E-01  5.37421E-01  5.37421E-01  5.37421E-01  5.37421E-01  5.37421E-01  5.37421E-01  5.37421E-01  5.37421E-01  5.37421E-01
   17506   4  1.84785E+01  1.84785E+01  1.84785E+01  1.84785E+01  1.84785E+01  1.84785E+01  1.84785E+01  1.84785E+01  1.84785E+01  1.84785E+01  1.84785E+01  1.84785E+01  1.84785E+01  8.28265E+01  8.28265E+01  8.28265E+01  8.28265E+01  8.28265E+01  8.28265E+01  8.28265E+01  8.28265E+01  1.84785E+01  1.84785E+01  1.84785E+01
   17506   3  3.45507E+00  3.45507E+00  3.45507E+00  3.45507E+00  3.45507E+00  3.45507E+00  3.45507E+00  3.45507E+00  3.45507E+00  3.45507E+00  3.45507E+00  3.45507E+00  3.45507E+00  6.78037E+01  6.78037E+01  6.78037E+01  6.78037E+01  6.78037E+01  6.78037E+01  6.78037E+01  6.78037E+01  3.45507E+00  3.45507E+00  3.45507E+00
   17859   3  0.00000E+00  0.00000E+00  0.00000E+00  0.00000E+00  0.00000E+00  0.00000E+00  0.00000E+00  0.00000E+00  0.00000E+00  0.00000E+00  0.00000E+00  0.00000E+00  0.00000E+00  0.00000E+00  0.00000E+00  0.00000E+00  0.00000E+00  0.00000E+00  0.00000E+00  0.00000E+00  0.00000E+00  0.00000E+00  0.00000E+00  0.00000E+00
   17506   7  0.00000E+00  0.00000E+00  0.00000E+00  0.00000E+00  0.00000E+00  0.00000E+00  0.00000E+00  0.00000E+00  0.00000E+00  0.00000E+00  0.00000E+00  0.00000E+00  0.00000E+00  0.00000E+00  0.00000E+00  0.00000E+00  0.00000E+00  0.00000E+00  0.00000E+00  0.00000E+00  0.00000E+00  0.00000E+00  0.00000E+00  0.00000E+00
   17505   3  0.00000E+00  0.00000E+00  0.00000E+00  0.00000E+00  0.00000E+00  0.00000E+00  0.00000E+00  0.00000E+00  0.00000E+00  0.00000E+00  0.00000E+00  0.00000E+00  0.00000E+00  0.00000E+00  0.00000E+00  0.00000E+00  0.00000E+00  0.00000E+00  0.00000E+00  0.00000E+00  0.00000E+00  0.00000E+00  0.00000E+00  0.00000E+00
   17153   2  2.57893E+00  2.57893E+00  2.57893E+00  2.57893E+00  2.57893E+00  2.57893E+00  2.57893E+00  2.57893E+00  2.57893E+00  2.57893E+00  2.57893E+00  2.57893E+00  2.57893E+00  2.57893E+00  2.57893E+00  2.57893E+00  2.57893E+00  2.57893E+00  2.57893E+00  2.57893E+00  2.57893E+00  2.57893E+00  2.57893E+00  2.57893E+00
   17506   5  0.00000E+00  0.00000E+00  0.00000E+00  0.00000E+00  0.00000E+00  0.00000E+00  0.00000E+00  0.00000E+00  0.00000E+00  0.00000E+00  0.00000E+00  0.00000E+00  0.00000E+00  1.42995E+01  1.42995E+01  1.42995E+01  1.42995E+01  1.42995E+01  1.42995E+01  1.42995E+01  1.42995E+01  0.00000E+00  0.00000E+00  0.00000E+00
   18212   4  0.00000E+00  0.00000E+00  0.00000E+00  0.00000E+00  0.00000E+00  0.00000E+00  0.00000E+00  0.00000E+00  0.00000E+00  0.00000E+00  0.00000E+00  0.00000E+00  0.00000E+00  0.00000E+00  0.00000E+00  0.00000E+00  0.00000E+00  0.00000E+00  0.00000E+00  0.00000E+00  0.00000E+00  0.00000E+00  0.00000E+00  0.00000E+00
   17510   4  1.61589E-01  1.61589E-01  1.61589E-01  1.61589E-01  1.61589E-01  1.61589E-01  1.61589E-01  1.61589E-01  1.61589E-01  1.61589E-01  1.61589E-01  1.61589E-01  1.61589E-01  1.61589E-01  1.61589E-01  1.61589E-01  1.61589E-01  1.61589E-01  1.61589E-01  1.61589E-01  1.61589E-01  1.61589E-01  1.61589E-01  1.61589E-01
   16447   2  0.00000E+00  0.00000E+00  0.00000E+00  0.00000E+00  0.00000E+00  0.00000E+00  0.00000E+00  0.00000E+00  0.00000E+00  0.00000E+00  0.00000E+00  0.00000E+00  0.00000E+00  0.00000E+00  0.00000E+00  0.00000E+00  0.00000E+00  0.00000E+00  0.00000E+00  0.00000E+00  0.00000E+00  0.00000E+00  0.00000E+00  0.00000E+00
   16447   3  0.00000E+00  0.00000E+00  0.00000E+00  0.00000E+00  0.00000E+00  0.00000E+00  0.00000E+00  0.00000E+00  0.00000E+00  0.00000E+00  0.00000E+00  0.00000E+00  0.00000E+00  0.00000E+00  0.00000E+00  0.00000E+00  0.00000E+00  0.00000E+00  0.00000E+00  0.00000E+00  0.00000E+00  0.00000E+00  0.00000E+00  0.00000E+00
   32968   7  0.00000E+00  0.00000E+00  0.00000E+00  0.00000E+00  0.00000E+00  0.00000E+00  0.00000E+00  0.00000E+00  0.00000E+00  0.00000E+00  0.00000E+00  0.00000E+00  0.00000E+00  0.00000E+00  0.00000E+00  0.00000E+00  0.00000E+00  0.00000E+00  0.00000E+00  0.00000E+00  0.00000E+00  0.00000E+00  0.00000E+00  0.00000E+00
   32968   3  0.00000E+00  0.00000E+00  0.00000E+00  0.00000E+00  0.00000E+00  0.00000E+00  0.00000E+00  0.00000E+00  0.00000E+00  0.00000E+00  0.00000E+00  0.00000E+00  0.00000E+00  0.00000E+00  0.00000E+00  0.00000E+00  0.00000E+00  0.00000E+00  0.00000E+00  0.00000E+00  0.00000E+00  0.00000E+00  0.00000E+00  0.00000E+00
   29089   4  3.45236E-03  3.45236E-03  3.45236E-03  3.45236E-03  3.45236E-03  3.45236E-03  3.45236E-03  3.45236E-03  3.45236E-03  3.45236E-03  3.45236E-03  3.45236E-03  3.45236E-03  3.45236E-03  3.45236E-03  3.45236E-03  3.45236E-03  3.45236E-03  3.45236E-03  3.45236E-03  3.45236E-03  3.45236E-03  3.45236E-03  3.45236E-03
   29089   2  0.00000E+00  0.00000E+00  0.00000E+00  0.00000E+00  0.00000E+00  0.00000E+00  0.00000E+00  0.00000E+00  0.00000E+00  0.00000E+00  0.00000E+00  0.00000E+00  0.00000E+00  0.00000E+00  0.00000E+00  0.00000E+00  0.00000E+00  0.00000E+00  0.00000E+00  0.00000E+00  0.00000E+00  0.00000E+00  0.00000E+00  0.00000E+00
   29089   3  1.61039E-02  1.61039E-02  1.61039E-02  1.61039E-02  1.61039E-02  1.61039E-02  1.61039E-02  1.61039E-02  1.61039E-02  1.61039E-02  1.61039E-02  1.61039E-02  1.61039E-02  1.61039E-02  1.61039E-02  1.61039E-02  1.61039E-02  1.61039E-02  1.61039E-02  1.61039E-02  1.61039E-02  1.61039E-02  1.61039E-02  1.61039E-02
   29089   7  0.00000E+00  0.00000E+00  0.00000E+00  0.00000E+00  0.00000E+00  0.00000E+00  0.00000E+00  0.00000E+00  0.00000E+00  0.00000E+00  0.00000E+00  0.00000E+00  0.00000E+00  0.00000E+00  0.00000E+00  0.00000E+00  0.00000E+00  0.00000E+00  0.00000E+00  0.00000E+00  0.00000E+00  0.00000E+00  0.00000E+00  0.00000E+00
   15772   3  0.00000E+00  0.00000E+00  0.00000E+00  0.00000E+00  0.00000E+00  0.00000E+00  0.00000E+00  0.00000E+00  0.00000E+00  0.00000E+00  0.00000E+00  0.00000E+00  0.00000E+00  0.00000E+00  0.00000E+00  0.00000E+00  0.00000E+00  0.00000E+00  0.00000E+00  0.00000E+00  0.00000E+00  0.00000E+00  0.00000E+00  0.00000E+00
   15772   2  0.00000E+00  0.00000E+00  0.00000E+00  0.00000E+00  0.00000E+00  0.00000E+00  0.00000E+00  0.00000E+00  0.00000E+00  0.00000E+00  0.00000E+00  0.00000E+00  0.00000E+00  0.00000E+00  0.00000E+00  0.00000E+00  0.00000E+00  0.00000E+00  0.00000E+00  0.00000E+00  0.00000E+00  0.00000E+00  0.00000E+00  0.00000E+00
   16476   4  5.17140E-03  5.17140E-03  5.17140E-03  5.17140E-03  5.17140E-03  5.17140E-03  5.17140E-03  5.17140E-03  5.17140E-03  5.17140E-03  5.17140E-03  5.17140E-03  5.17140E-03  5.17140E-03  5.17140E-03  5.17140E-03  5.17140E-03  5.17140E-03  5.17140E-03  5.17140E-03  5.17140E-03  5.17140E-03  5.17140E-03  5.17140E-03
   16476   3  0.00000E+00  0.00000E+00  0.00000E+00  0.00000E+00  0.00000E+00  0.00000E+00  0.00000E+00  0.00000E+00  0.00000E+00  0.00000E+00  0.00000E+00  0.00000E+00  0.00000E+00  0.00000E+00  0.00000E+00  0.00000E+00  0.00000E+00  0.00000E+00  0.00000E+00  0.00000E+00  0.00000E+00  0.00000E+00  0.00000E+00  0.00000E+00
    7320   4  0.00000E+00  0.00000E+00  0.00000E+00  0.00000E+00  0.00000E+00  0.00000E+00  0.00000E+00  0.00000E+00  0.00000E+00  0.00000E+00  0.00000E+00  0.00000E+00  0.00000E+00  0.00000E+00  0.00000E+00  0.00000E+00  0.00000E+00  0.00000E+00  0.00000E+00  0.00000E+00  0.00000E+00  0.00000E+00  0.00000E+00  0.00000E+00
   10496   2  1.54569E+01  1.54569E+01  1.54569E+01  1.54569E+01  1.54569E+01  1.54569E+01  1.54569E+01  1.54569E+01  1.54569E+01  1.54569E+01  1.54569E+01  1.54569E+01  1.54569E+01  1.54569E+01  1.54569E+01  1.54569E+01  1.54569E+01  1.54569E+01  1.54569E+01  1.54569E+01  1.54569E+01  1.54569E+01  1.54569E+01  1.54569E+01
   10496   3  4.06942E-01  4.06942E-01  4.06942E-01  4.06942E-01  4.06942E-01  4.06942E-01  4.06942E-01  4.06942E-01  4.06942E-01  4.06942E-01  4.06942E-01  4.06942E-01  4.06942E-01  4.06942E-01  4.06942E-01  4.06942E-01  4.06942E-01  4.06942E-01  4.06942E-01  4.06942E-01  4.06942E-01  4.06942E-01  4.06942E-01  4.06942E-01
   10122   3  0.00000E+00  0.00000E+00  0.00000E+00  0.00000E+00  0.00000E+00  0.00000E+00  0.00000E+00  0.00000E+00  0.00000E+00  0.00000E+00  0.00000E+00  0.00000E+00  0.00000E+00  0.00000E+00  0.00000E+00  0.00000E+00  0.00000E+00  0.00000E+00  0.00000E+00  0.00000E+00  0.00000E+00  0.00000E+00  0.00000E+00  0.00000E+00
   10122   5  0.00000E+00  0.00000E+00  0.00000E+00  0.00000E+00  0.00000E+00  0.00000E+00  0.00000E+00  0.00000E+00  0.00000E+00  0.00000E+00  0.00000E+00  0.00000E+00  0.00000E+00  0.00000E+00  0.00000E+00  0.00000E+00  0.00000E+00  0.00000E+00  0.00000E+00  0.00000E+00  0.00000E+00  0.00000E+00  0.00000E+00  0.00000E+00
    6258   1  3.67051E+02  3.67051E+02  3.67051E+02  3.67051E+02  3.67051E+02  3.67051E+02  3.67051E+02  3.67051E+02  3.67051E+02  3.67051E+02  3.67051E+02  3.67051E+02  3.67051E+02  3.67051E+02  3.67051E+02  3.67051E+02  3.67051E+02  3.67051E+02  3.67051E+02  3.67051E+02  3.67051E+02  3.67051E+02  3.67051E+02  3.67051E+02
    6258   2  1.85711E+02  1.85711E+02  1.85711E+02  1.85711E+02  1.85711E+02  1.85711E+02  1.85711E+02  1.85711E+02  1.85711E+02  1.85711E+02  1.85711E+02  1.85711E+02  1.85711E+02  1.85711E+02  1.85711E+02  1.85711E+02  1.85711E+02  1.85711E+02  1.85711E+02  1.85711E+02  1.85711E+02  1.85711E+02  1.85711E+02  1.85711E+02
    6258   3  7.83735E+00  7.83735E+00  7.83735E+00  7.83735E+00  7.83735E+00  7.83735E+00  7.83735E+00  7.83735E+00  7.83735E+00  7.83735E+00  7.83735E+00  7.83735E+00  7.83735E+00  7.83735E+00  7.83735E+00  7.83735E+00  7.83735E+00  7.83735E+00  7.83735E+00  7.83735E+00  7.83735E+00  7.83735E+00  7.83735E+00  7.83735E+00
    6258   4  0.00000E+00  0.00000E+00  0.00000E+00  0.00000E+00  0.00000E+00  0.00000E+00  0.00000E+00  0.00000E+00  0.00000E+00  0.00000E+00  0.00000E+00  0.00000E+00  0.00000E+00  0.00000E+00  0.00000E+00  0.00000E+00  0.00000E+00  0.00000E+00  0.00000E+00  0.00000E+00  0.00000E+00  0.00000E+00  0.00000E+00  0.00000E+00
    6258   7  0.00000E+00  0.00000E+00  0.00000E+00  0.00000E+00  0.00000E+00  0.00000E+00  0.00000E+00  0.00000E+00  0.00000E+00  0.00000E+00  0.00000E+00  0.00000E+00  0.00000E+00  0.00000E+00  0.00000E+00  0.00000E+00  0.00000E+00  0.00000E+00  0.00000E+00  0.00000E+00  0.00000E+00  0.00000E+00  0.00000E+00  0.00000E+00
    9417   4  1.23914E-03  1.23914E-03  1.23914E-03  1.23914E-03  1.23914E-03  1.23914E-03  1.23914E-03  1.23914E-03  1.23914E-03  1.23914E-03  1.23914E-03  1.23914E-03  1.23914E-03  1.23914E-03  1.23914E-03  1.23914E-03  1.23914E-03  1.23914E-03  1.23914E-03  1.23914E-03  1.23914E-03  1.23914E-03  1.23914E-03  1.23914E-03
   10122   4  6.44144E-04  6.44144E-04  6.44144E-04  6.44144E-04  6.44144E-04  6.44144E-04  6.44144E-04  6.44144E-04  6.44144E-04  6.44144E-04  6.44144E-04  6.44144E-04  6.44144E-04  6.44144E-04  6.44144E-04  6.44144E-04  6.44144E-04  6.44144E-04  6.44144E-04  6.44144E-04  6.44144E-04  6.44144E-04  6.44144E-04  6.44144E-04
   14365   3  0.00000E+00  0.00000E+00  0.00000E+00  0.00000E+00  0.00000E+00  0.00000E+00  0.00000E+00  0.00000E+00  0.00000E+00  0.00000E+00  0.00000E+00  0.00000E+00  0.00000E+00  0.00000E+00  0.00000E+00  0.00000E+00  0.00000E+00  0.00000E+00  0.00000E+00  0.00000E+00  0.00000E+00  0.00000E+00  0.00000E+00  0.00000E+00
   11525   4  2.55342E-02  2.55342E-02  2.55342E-02  2.55342E-02  2.55342E-02  2.55342E-02  2.55342E-02  2.55342E-02  2.55342E-02  2.55342E-02  2.55342E-02  2.55342E-02  2.55342E-02  2.55342E-02  2.55342E-02  2.55342E-02  2.55342E-02  2.55342E-02  2.55342E-02  2.55342E-02  2.55342E-02  2.55342E-02  2.55342E-02  2.55342E-02
    8358   7  0.00000E+00  0.00000E+00  0.00000E+00  0.00000E+00  0.00000E+00  0.00000E+00  0.00000E+00  0.00000E+00  0.00000E+00  0.00000E+00  0.00000E+00  0.00000E+00  0.00000E+00  0.00000E+00  0.00000E+00  0.00000E+00  0.00000E+00  0.00000E+00  0.00000E+00  0.00000E+00  0.00000E+00  0.00000E+00  0.00000E+00  0.00000E+00
    9771   3  3.51738E-03  3.51738E-03  3.51738E-03  3.51738E-03  3.51738E-03  0.00000E+00  0.00000E+00  0.00000E+00  0.00000E+00  0.00000E+00  0.00000E+00  0.00000E+00  0.00000E+00  3.51738E-03  3.51738E-03  3.51738E-03  3.51738E-03  3.51738E-03  3.51738E-03  3.51738E-03  3.51738E-03  3.51738E-03  3.51738E-03  3.51738E-03
    6609   3  0.00000E+00  0.00000E+00  0.00000E+00  0.00000E+00  0.00000E+00  0.00000E+00  0.00000E+00  0.00000E+00  0.00000E+00  0.00000E+00  0.00000E+00  0.00000E+00  0.00000E+00  0.00000E+00  0.00000E+00  0.00000E+00  0.00000E+00  0.00000E+00  0.00000E+00  0.00000E+00  0.00000E+00  0.00000E+00  0.00000E+00  0.00000E+00
   11870   4  2.35195E-01  2.35195E-01  2.35195E-01  2.35195E-01  2.35195E-01  2.35195E-01  2.35195E-01  2.35195E-01  2.35195E-01  2.35195E-01  2.35195E-01  2.35195E-01  2.35195E-01  2.35195E-01  2.35195E-01  2.35195E-01  2.35195E-01  2.35195E-01  2.35195E-01  2.35195E-01  2.35195E-01  2.35195E-01  2.35195E-01  2.35195E-01
   11870   3  0.00000E+00  0.00000E+00  0.00000E+00  0.00000E+00  0.00000E+00  0.00000E+00  0.00000E+00  0.00000E+00  0.00000E+00  0.00000E+00  0.00000E+00  0.00000E+00  0.00000E+00  0.00000E+00  0.00000E+00  0.00000E+00  0.00000E+00  0.00000E+00  0.00000E+00  0.00000E+00  0.00000E+00  0.00000E+00  0.00000E+00  0.00000E+00
   11870   2  0.00000E+00  0.00000E+00  0.00000E+00  0.00000E+00  0.00000E+00  0.00000E+00  0.00000E+00  0.00000E+00  0.00000E+00  0.00000E+00  0.00000E+00  0.00000E+00  0.00000E+00  0.00000E+00  0.00000E+00  0.00000E+00  0.00000E+00  0.00000E+00  0.00000E+00  0.00000E+00  0.00000E+00  0.00000E+00  0.00000E+00  0.00000E+00
   10124   4  5.50872E-04  5.50872E-04  5.50872E-04  5.50872E-04  5.50872E-04  5.50872E-04  5.50872E-04  5.50872E-04  5.50872E-04  5.50872E-04  5.50872E-04  5.50872E-04  5.50872E-04  5.50872E-04  5.50872E-04  5.50872E-04  5.50872E-04  5.50872E-04  5.50872E-04  5.50872E-04  5.50872E-04  5.50872E-04  5.50872E-04  5.50872E-04
   18579   3  1.59651E-02  1.59651E-02  1.59651E-02  1.59651E-02  1.59651E-02  1.59651E-02  1.59651E-02  1.59651E-02  1.59651E-02  1.59651E-02  1.59651E-02  1.59651E-02  1.59651E-02  1.59651E-02  1.59651E-02  1.59651E-02  1.59651E-02  1.59651E-02  1.59651E-02  1.59651E-02  1.59651E-02  1.59651E-02  1.59651E-02  1.59651E-02
   18225   4  0.00000E+00  0.00000E+00  0.00000E+00  0.00000E+00  0.00000E+00  0.00000E+00  0.00000E+00  0.00000E+00  0.00000E+00  0.00000E+00  0.00000E+00  0.00000E+00  0.00000E+00  0.00000E+00  0.00000E+00  0.00000E+00  0.00000E+00  0.00000E+00  0.00000E+00  0.00000E+00  0.00000E+00  0.00000E+00  0.00000E+00  0.00000E+00
   18225   3  0.00000E+00  0.00000E+00  0.00000E+00  0.00000E+00  0.00000E+00  0.00000E+00  0.00000E+00  0.00000E+00  0.00000E+00  0.00000E+00  0.00000E+00  0.00000E+00  0.00000E+00  0.00000E+00  0.00000E+00  0.00000E+00  0.00000E+00  0.00000E+00  0.00000E+00  0.00000E+00  0.00000E+00  0.00000E+00  0.00000E+00  0.00000E+00
   15059   3  0.00000E+00  0.00000E+00  0.00000E+00  0.00000E+00  0.00000E+00  0.00000E+00  0.00000E+00  0.00000E+00  0.00000E+00  0.00000E+00  0.00000E+00  0.00000E+00  0.00000E+00  0.00000E+00  0.00000E+00  0.00000E+00  0.00000E+00  0.00000E+00  0.00000E+00  0.00000E+00  0.00000E+00  0.00000E+00  0.00000E+00  0.00000E+00
   18576   4  3.26817E-01  3.26817E-01  3.26817E-01  3.26817E-01  3.26817E-01  3.26817E-01  3.26817E-01  3.26817E-01  3.26817E-01  3.26817E-01  3.26817E-01  3.26817E-01  3.26817E-01  3.26817E-01  3.26817E-01  3.26817E-01  3.26817E-01  3.26817E-01  3.26817E-01  3.26817E-01  3.26817E-01  3.26817E-01  3.26817E-01  3.26817E-01
   18576   3  1.71457E+00  1.71457E+00  1.71457E+00  1.71457E+00  1.71457E+00  1.71457E+00  1.71457E+00  1.71457E+00  1.71457E+00  1.71457E+00  1.71457E+00  1.71457E+00  1.71457E+00  1.71457E+00  1.71457E+00  1.71457E+00  1.71457E+00  1.71457E+00  1.71457E+00  1.71457E+00  1.71457E+00  1.71457E+00  1.71457E+00  1.71457E+00
   18576   1  1.37127E+00  1.37127E+00  1.37127E+00  1.37127E+00  1.37127E+00  1.37127E+00  1.37127E+00  1.37127E+00  1.37127E+00  1.37127E+00  1.37127E+00  1.37127E+00  1.37127E+00  1.37127E+00  1.37127E+00  1.37127E+00  1.37127E+00  1.37127E+00  1.37127E+00  1.37127E+00  1.37127E+00  1.37127E+00  1.37127E+00  1.37127E+00
   15747   3  0.00000E+00  0.00000E+00  0.00000E+00  0.00000E+00  0.00000E+00  0.00000E+00  0.00000E+00  0.00000E+00  0.00000E+00  0.00000E+00  0.00000E+00  0.00000E+00  0.00000E+00  0.00000E+00  0.00000E+00  0.00000E+00  0.00000E+00  0.00000E+00  0.00000E+00  0.00000E+00  0.00000E+00  0.00000E+00  0.00000E+00  0.00000E+00
   15747   2  0.00000E+00  0.00000E+00  0.00000E+00  0.00000E+00  0.00000E+00  0.00000E+00  0.00000E+00  0.00000E+00  0.00000E+00  0.00000E+00  0.00000E+00  0.00000E+00  0.00000E+00  0.00000E+00  0.00000E+00  0.00000E+00  0.00000E+00  0.00000E+00  0.00000E+00  0.00000E+00  0.00000E+00  0.00000E+00  0.00000E+00  0.00000E+00
   13638   3  0.00000E+00  0.00000E+00  0.00000E+00  0.00000E+00  0.00000E+00  0.00000E+00  0.00000E+00  0.00000E+00  0.00000E+00  0.00000E+00  0.00000E+00  0.00000E+00  0.00000E+00  0.00000E+00  0.00000E+00  0.00000E+00  0.00000E+00  0.00000E+00  0.00000E+00  0.00000E+00  0.00000E+00  0.00000E+00  0.00000E+00  0.00000E+00
   18926   4  2.89242E-02  2.89242E-02  2.89242E-02  2.89242E-02  2.89242E-02  2.89242E-02  2.89242E-02  2.89242E-02  2.89242E-02  2.89242E-02  2.89242E-02  2.89242E-02  2.89242E-02  2.89242E-02  2.89242E-02  2.89242E-02  2.89242E-02  2.89242E-02  2.89242E-02  2.89242E-02  2.89242E-02  2.89242E-02  2.89242E-02  2.89242E-02
   22115   4  3.87864E-04  3.87864E-04  3.87864E-04  3.87864E-04  3.87864E-04  3.87864E-04  3.87864E-04  3.87864E-04  3.87864E-04  3.87864E-04  3.87864E-04  3.87864E-04  3.87864E-04  3.87864E-04  3.87864E-04  3.87864E-04  3.87864E-04  3.87864E-04  3.87864E-04  3.87864E-04  3.87864E-04  3.87864E-04  3.87864E-04  3.87864E-04
   15750   4  5.63045E-02  5.63045E-02  5.63045E-02  5.63045E-02  5.63045E-02  5.63045E-02  5.63045E-02  5.63045E-02  5.63045E-02  5.63045E-02  5.63045E-02  5.63045E-02  5.63045E-02  5.63045E-02  5.63045E-02  5.63045E-02  5.63045E-02  5.63045E-02  5.63045E-02  5.63045E-02  5.63045E-02  5.63045E-02  5.63045E-02  5.63045E-02
   16455   4  8.24972E-02  8.24972E-02  8.24972E-02  8.24972E-02  8.24972E-02  8.24972E-02  8.24972E-02  8.24972E-02  8.24972E-02  8.24972E-02  8.24972E-02  8.24972E-02  8.24972E-02  8.24972E-02  8.24972E-02  8.24972E-02  8.24972E-02  8.24972E-02  8.24972E-02  8.24972E-02  8.24972E-02  8.24972E-02  8.24972E-02  8.24972E-02
   18223   3  5.86930E-01  5.86930E-01  5.86930E-01  5.86930E-01  5.86930E-01  5.86930E-01  5.86930E-01  5.86930E-01  5.86930E-01  5.86930E-01  5.86930E-01  5.86930E-01  5.86930E-01  5.86930E-01  5.86930E-01  5.86930E-01  5.86930E-01  5.86930E-01  5.86930E-01  5.86930E-01  5.86930E-01  5.86930E-01  5.86930E-01  5.86930E-01
   18224   4  1.01382E+01  1.01382E+01  1.01382E+01  1.01382E+01  1.01382E+01  1.01382E+01  1.01382E+01  1.01382E+01  1.01382E+01  1.01382E+01  1.01382E+01  1.01382E+01  1.01382E+01  1.88806E+02  1.88806E+02  1.88806E+02  1.88806E+02  1.88806E+02  1.88806E+02  1.88806E+02  1.88806E+02  1.01382E+01  1.01382E+01  1.01382E+01
   18930   4  1.19151E+00  1.19151E+00  1.19151E+00  1.19151E+00  1.19151E+00  1.19151E+00  1.19151E+00  1.19151E+00  1.19151E+00  1.19151E+00  1.19151E+00  1.19151E+00  1.19151E+00  1.19151E+00  1.19151E+00  1.19151E+00  1.19151E+00  1.19151E+00  1.19151E+00  1.19151E+00  1.19151E+00  1.19151E+00  1.19151E+00  1.19151E+00
   18224   5  0.00000E+00  0.00000E+00  0.00000E+00  0.00000E+00  0.00000E+00  0.00000E+00  0.00000E+00  0.00000E+00  0.00000E+00  0.00000E+00  0.00000E+00  0.00000E+00  0.00000E+00  3.97040E+01  3.97040E+01  3.97040E+01  3.97040E+01  3.97040E+01  3.97040E+01  3.97040E+01  3.97040E+01  0.00000E+00  0.00000E+00  0.00000E+00
   18577   3  0.00000E+00  0.00000E+00  0.00000E+00  0.00000E+00  0.00000E+00  0.00000E+00  0.00000E+00  0.00000E+00  0.00000E+00  0.00000E+00  0.00000E+00  0.00000E+00  0.00000E+00  1.66601E-04  1.66601E-04  1.66601E-04  1.66601E-04  1.66601E-04  1.66601E-04  1.66601E-04  1.66601E-04  0.00000E+00  0.00000E+00  0.00000E+00
   18223   4  2.25039E+00  2.25039E+00  2.25039E+00  2.25039E+00  2.25039E+00  2.25039E+00  2.25039E+00  2.25039E+00  2.25039E+00  2.25039E+00  2.25039E+00  2.25039E+00  2.25039E+00  2.25039E+00  2.25039E+00  2.25039E+00  2.25039E+00  2.25039E+00  2.25039E+00  2.25039E+00  2.25039E+00  2.25039E+00  2.25039E+00  2.25039E+00
   18224   3  5.95819E-01  5.95819E-01  5.90149E-01  5.90149E-01  5.90149E-01  5.90149E-01  5.90149E-01  5.90149E-01  5.90149E-01  5.90149E-01  5.90149E-01  5.90149E-01  5.90149E-01  1.79264E+02  1.79264E+02  1.79264E+02  1.79264E+02  1.79264E+02  1.79264E+02  1.79264E+02  1.79264E+02  5.95819E-01  5.95819E-01  5.95819E-01
   18223   5  0.00000E+00  0.00000E+00  0.00000E+00  0.00000E+00  0.00000E+00  0.00000E+00  0.00000E+00  0.00000E+00  0.00000E+00  0.00000E+00  0.00000E+00  0.00000E+00  0.00000E+00  0.00000E+00  0.00000E+00  0.00000E+00  0.00000E+00  0.00000E+00  0.00000E+00  0.00000E+00  0.00000E+00  0.00000E+00  0.00000E+00  0.00000E+00
   18577   4  8.65146E+00  8.65146E+00  8.65146E+00  8.65146E+00  8.65146E+00  8.65146E+00  8.65146E+00  8.65146E+00  8.65146E+00  8.65146E+00  8.65146E+00  8.65146E+00  8.65146E+00  8.65146E+00  8.65146E+00  8.65146E+00  8.65146E+00  8.65146E+00  8.65146E+00  8.65146E+00  8.65146E+00  8.65146E+00  8.65146E+00  8.65146E+00
   18576   5  0.00000E+00  0.00000E+00  0.00000E+00  0.00000E+00  0.00000E+00  0.00000E+00  0.00000E+00  0.00000E+00  0.00000E+00  0.00000E+00  0.00000E+00  0.00000E+00  0.00000E+00  0.00000E+00  0.00000E+00  0.00000E+00  0.00000E+00  0.00000E+00  0.00000E+00  0.00000E+00  0.00000E+00  0.00000E+00  0.00000E+00  0.00000E+00
   18223   7  0.00000E+00  0.00000E+00  0.00000E+00  0.00000E+00  0.00000E+00  0.00000E+00  0.00000E+00  0.00000E+00  0.00000E+00  0.00000E+00  0.00000E+00  0.00000E+00  0.00000E+00  3.39376E-03  3.39376E-03  3.39376E-03  3.39376E-03  3.39376E-03  3.39376E-03  3.39376E-03  3.39376E-03  0.00000E+00  0.00000E+00  0.00000E+00
   18576   7  0.00000E+00  0.00000E+00  0.00000E+00  0.00000E+00  0.00000E+00  0.00000E+00  0.00000E+00  0.00000E+00  0.00000E+00  0.00000E+00  0.00000E+00  0.00000E+00  0.00000E+00  9.55723E-02  9.55723E-02  9.55723E-02  9.55723E-02  9.55723E-02  9.55723E-02  9.55723E-02  9.55723E-02  0.00000E+00  0.00000E+00  0.00000E+00
   18222   3  0.00000E+00  0.00000E+00  0.00000E+00  0.00000E+00  0.00000E+00  0.00000E+00  0.00000E+00  0.00000E+00  0.00000E+00  0.00000E+00  0.00000E+00  0.00000E+00  0.00000E+00  0.00000E+00  0.00000E+00  0.00000E+00  0.00000E+00  0.00000E+00  0.00000E+00  0.00000E+00  0.00000E+00  0.00000E+00  0.00000E+00  0.00000E+00
   19280   3  0.00000E+00  0.00000E+00  0.00000E+00  0.00000E+00  0.00000E+00  0.00000E+00  0.00000E+00  0.00000E+00  0.00000E+00  0.00000E+00  0.00000E+00  0.00000E+00  0.00000E+00  0.00000E+00  0.00000E+00  0.00000E+00  0.00000E+00  0.00000E+00  0.00000E+00  0.00000E+00  0.00000E+00  0.00000E+00  0.00000E+00  0.00000E+00
   19280   4  8.98538E-01  8.98538E-01  8.98538E-01  8.98538E-01  8.98538E-01  8.98538E-01  8.98538E-01  8.98538E-01  8.98538E-01  8.98538E-01  8.98538E-01  8.98538E-01  8.98538E-01  4.24914E+01  4.24914E+01  4.24914E+01  4.24914E+01  4.24914E+01  4.24914E+01  4.24914E+01  4.24914E+01  8.98538E-01  8.98538E-01  8.98538E-01
   19279   4  1.07959E+01  1.07959E+01  1.07959E+01  1.07959E+01  1.07959E+01  1.07959E+01  1.07959E+01  1.07959E+01  1.07959E+01  1.07959E+01  1.07959E+01  1.07959E+01  1.07959E+01  1.07959E+01  1.07959E+01  1.07959E+01  1.07959E+01  1.07959E+01  1.07959E+01  1.07959E+01  1.07959E+01  1.07959E+01  1.07959E+01  1.07959E+01
   18928   3  0.00000E+00  0.00000E+00  0.00000E+00  0.00000E+00  0.00000E+00  0.00000E+00  0.00000E+00  0.00000E+00  0.00000E+00  0.00000E+00  0.00000E+00  0.00000E+00  0.00000E+00  0.00000E+00  0.00000E+00  0.00000E+00  0.00000E+00  0.00000E+00  0.00000E+00  0.00000E+00  0.00000E+00  0.00000E+00  0.00000E+00  0.00000E+00
   18928   4  3.99003E-01  3.99003E-01  3.99003E-01  3.99003E-01  3.99003E-01  3.99003E-01  3.99003E-01  3.99003E-01  3.99003E-01  3.99003E-01  3.99003E-01  3.99003E-01  3.99003E-01  3.99003E-01  3.99003E-01  3.99003E-01  3.99003E-01  3.99003E-01  3.99003E-01  3.99003E-01  3.99003E-01  3.99003E-01  3.99003E-01  3.99003E-01
   18575   4  4.81197E-03  4.81197E-03  4.81197E-03  4.81197E-03  4.81197E-03  4.81197E-03  4.81197E-03  4.81197E-03  4.81197E-03  4.81197E-03  4.81197E-03  4.81197E-03  4.81197E-03  4.81197E-03  4.81197E-03  4.81197E-03  4.81197E-03  4.81197E-03  4.81197E-03  4.81197E-03  4.81197E-03  4.81197E-03  4.81197E-03  4.81197E-03
   18222   4  6.01588E-03  6.01588E-03  6.01588E-03  6.01588E-03  6.01588E-03  6.01588E-03  6.01588E-03  6.01588E-03  6.01588E-03  6.01588E-03  6.01588E-03  6.01588E-03  6.01588E-03  6.01588E-03  6.01588E-03  6.01588E-03  6.01588E-03  6.01588E-03  6.01588E-03  6.01588E-03  6.01588E-03  6.01588E-03  6.01588E-03  6.01588E-03
   18575   3  0.00000E+00  0.00000E+00  0.00000E+00  0.00000E+00  0.00000E+00  0.00000E+00  0.00000E+00  0.00000E+00  0.00000E+00  0.00000E+00  0.00000E+00  0.00000E+00  0.00000E+00  0.00000E+00  0.00000E+00  0.00000E+00  0.00000E+00  0.00000E+00  0.00000E+00  0.00000E+00  0.00000E+00  0.00000E+00  0.00000E+00  0.00000E+00
   15401   3  0.00000E+00  0.00000E+00  0.00000E+00  0.00000E+00  0.00000E+00  0.00000E+00  0.00000E+00  0.00000E+00  0.00000E+00  0.00000E+00  0.00000E+00  0.00000E+00  0.00000E+00  0.00000E+00  0.00000E+00  0.00000E+00  0.00000E+00  0.00000E+00  0.00000E+00  0.00000E+00  0.00000E+00  0.00000E+00  0.00000E+00  0.00000E+00
   16114   7  0.00000E+00  0.00000E+00  0.00000E+00  0.00000E+00  0.00000E+00  0.00000E+00  0.00000E+00  0.00000E+00  0.00000E+00  0.00000E+00  0.00000E+00  0.00000E+00  0.00000E+00  0.00000E+00  0.00000E+00  0.00000E+00  0.00000E+00  0.00000E+00  0.00000E+00  0.00000E+00  0.00000E+00  0.00000E+00  0.00000E+00  0.00000E+00
   15761   3  2.13702E-01  2.13702E-01  2.13702E-01  2.13702E-01  2.13702E-01  0.00000E+00  0.00000E+00  0.00000E+00  0.00000E+00  0.00000E+00  0.00000E+00  0.00000E+00  0.00000E+00  2.13702E-01  2.13702E-01  2.13702E-01  2.13702E-01  2.13702E-01  2.13702E-01  2.13702E-01  2.13702E-01  2.13702E-01  2.13702E-01  2.13702E-01
   15762   4  0.00000E+00  0.00000E+00  0.00000E+00  0.00000E+00  0.00000E+00  0.00000E+00  0.00000E+00  0.00000E+00  0.00000E+00  0.00000E+00  0.00000E+00  0.00000E+00  0.00000E+00  0.00000E+00  0.00000E+00  0.00000E+00  0.00000E+00  0.00000E+00  0.00000E+00  0.00000E+00  0.00000E+00  0.00000E+00  0.00000E+00  0.00000E+00
   18227   4  3.48409E-02  3.48409E-02  3.48409E-02  3.48409E-02  3.48409E-02  3.48409E-02  3.48409E-02  3.48409E-02  3.48409E-02  3.48409E-02  3.48409E-02  3.48409E-02  3.48409E-02  3.48409E-02  3.48409E-02  3.48409E-02  3.48409E-02  3.48409E-02  3.48409E-02  3.48409E-02  3.48409E-02  3.48409E-02  3.48409E-02  3.48409E-02
   21763   4  2.03698E-02  2.03698E-02  2.03698E-02  2.03698E-02  2.03698E-02  2.03698E-02  2.03698E-02  2.03698E-02  2.03698E-02  2.03698E-02  2.03698E-02  2.03698E-02  2.03698E-02  2.03698E-02  2.03698E-02  2.03698E-02  2.03698E-02  2.03698E-02  2.03698E-02  2.03698E-02  2.03698E-02  2.03698E-02  2.03698E-02  2.03698E-02
   25974   3  0.00000E+00  0.00000E+00  0.00000E+00  0.00000E+00  0.00000E+00  0.00000E+00  0.00000E+00  0.00000E+00  0.00000E+00  0.00000E+00  0.00000E+00  0.00000E+00  0.00000E+00  0.00000E+00  0.00000E+00  0.00000E+00  0.00000E+00  0.00000E+00  0.00000E+00  0.00000E+00  0.00000E+00  0.00000E+00  0.00000E+00  0.00000E+00
   25262   3  0.00000E+00  0.00000E+00  0.00000E+00  0.00000E+00  0.00000E+00  0.00000E+00  0.00000E+00  0.00000E+00  0.00000E+00  0.00000E+00  0.00000E+00  0.00000E+00  0.00000E+00  0.00000E+00  0.00000E+00  0.00000E+00  0.00000E+00  0.00000E+00  0.00000E+00  0.00000E+00  0.00000E+00  0.00000E+00  0.00000E+00  0.00000E+00
   24198   4  0.00000E+00  0.00000E+00  0.00000E+00  0.00000E+00  0.00000E+00  0.00000E+00  0.00000E+00  0.00000E+00  0.00000E+00  0.00000E+00  0.00000E+00  0.00000E+00  0.00000E+00  0.00000E+00  0.00000E+00  0.00000E+00  0.00000E+00  0.00000E+00  0.00000E+00  0.00000E+00  0.00000E+00  0.00000E+00  0.00000E+00  0.00000E+00
   24198   3  1.16191E-03  1.16191E-03  1.16191E-03  1.16191E-03  1.16191E-03  0.00000E+00  0.00000E+00  0.00000E+00  0.00000E+00  0.00000E+00  0.00000E+00  0.00000E+00  0.00000E+00  1.16191E-03  1.16191E-03  1.16191E-03  1.16191E-03  1.16191E-03  1.16191E-03  1.16191E-03  1.16191E-03  1.16191E-03  1.16191E-03  1.16191E-03
   24551   4  2.84433E-02  2.84433E-02  2.84433E-02  2.84433E-02  2.84433E-02  2.84433E-02  2.84433E-02  2.84433E-02  2.84433E-02  2.84433E-02  2.84433E-02  2.84433E-02  2.84433E-02  2.84433E-02  2.84433E-02  2.84433E-02  2.84433E-02  2.84433E-02  2.84433E-02  2.84433E-02  2.84433E-02  2.84433E-02  2.84433E-02  2.84433E-02
   24911   4  0.00000E+00  0.00000E+00  0.00000E+00  0.00000E+00  0.00000E+00  0.00000E+00  0.00000E+00  0.00000E+00  0.00000E+00  0.00000E+00  0.00000E+00  0.00000E+00  0.00000E+00  0.00000E+00  0.00000E+00  0.00000E+00  0.00000E+00  0.00000E+00  0.00000E+00  0.00000E+00  0.00000E+00  0.00000E+00  0.00000E+00  0.00000E+00
   24553   4  2.86931E+00  2.86931E+00  2.86931E+00  2.86931E+00  2.86931E+00  2.86931E+00  2.86931E+00  2.86931E+00  2.86931E+00  2.86931E+00  2.86931E+00  2.86931E+00  2.86931E+00  1.12140E+01  1.12140E+01  1.12140E+01  1.12140E+01  1.12140E+01  1.12140E+01  1.12140E+01  1.12140E+01  2.86931E+00  2.86931E+00  2.86931E+00
   25259   4  0.00000E+00  0.00000E+00  0.00000E+00  0.00000E+00  0.00000E+00  0.00000E+00  0.00000E+00  0.00000E+00  0.00000E+00  0.00000E+00  0.00000E+00  0.00000E+00  0.00000E+00  0.00000E+00  0.00000E+00  0.00000E+00  0.00000E+00  0.00000E+00  0.00000E+00  0.00000E+00  0.00000E+00  0.00000E+00  0.00000E+00  0.00000E+00
   25259   3  1.57105E-03  1.57105E-03  1.57105E-03  1.57105E-03  1.57105E-03  1.57105E-03  1.57105E-03  1.57105E-03  1.57105E-03  1.57105E-03  1.57105E-03  1.57105E-03  1.57105E-03  1.57105E-03  1.57105E-03  1.57105E-03  1.57105E-03  1.57105E-03  1.57105E-03  1.57105E-03  1.57105E-03  1.57105E-03  1.57105E-03  1.57105E-03
   24906   4  1.02372E-01  1.02372E-01  1.02372E-01  1.02372E-01  1.02372E-01  1.02372E-01  1.02372E-01  1.02372E-01  1.02372E-01  1.02372E-01  1.02372E-01  1.02372E-01  1.02372E-01  1.02372E-01  1.02372E-01  1.02372E-01  1.02372E-01  1.02372E-01  1.02372E-01  1.02372E-01  1.02372E-01  1.02372E-01  1.02372E-01  1.02372E-01
   24201   2  1.92582E+01  1.89732E+01  1.79146E+01  1.61638E+01  1.43317E+01  1.21148E+01  1.12174E+01  1.07687E+01  1.06191E+01  1.09183E+01  1.18156E+01  1.32365E+01  1.50687E+01  1.61904E+01  1.70878E+01  1.78730E+01  1.81722E+01  1.84713E+01  1.85835E+01  1.87330E+01  1.86956E+01  1.85835E+01  1.82843E+01  1.78356E+01
   24201   1  1.28388E+01  1.26488E+01  1.19431E+01  1.07759E+01  9.55444E+00  8.07652E+00  7.47826E+00  7.17912E+00  7.07941E+00  7.27884E+00  7.87710E+00  8.82434E+00  1.00458E+01  1.07936E+01  1.13919E+01  1.19154E+01  1.21148E+01  1.23142E+01  1.23890E+01  1.24887E+01  1.24638E+01  1.23890E+01  1.21896E+01  1.18904E+01
   24554   4  4.54066E+00  4.54066E+00  4.54066E+00  4.54066E+00  4.54066E+00  4.54066E+00  4.54066E+00  4.54066E+00  4.54066E+00  4.54066E+00  4.54066E+00  4.54066E+00  4.54066E+00  4.54066E+00  4.54066E+00  4.54066E+00  4.54066E+00  4.54066E+00  4.54066E+00  4.54066E+00  4.54066E+00  4.54066E+00  4.54066E+00  4.54066E+00
   24904   3  1.86081E+01  1.86081E+01  1.86081E+01  1.86081E+01  1.86081E+01  1.85470E-01  1.85470E-01  1.85470E-01  1.85470E-01  1.85470E-01  1.85470E-01  1.85470E-01  1.85470E-01  1.86081E+01  1.86081E+01  1.86081E+01  1.86081E+01  1.86081E+01  1.86081E+01  1.86081E+01  1.86081E+01  1.86081E+01  1.86081E+01  1.86081E+01
   24904   4  8.68597E-01  8.68597E-01  8.68597E-01  8.68597E-01  8.68597E-01  8.68597E-01  8.68597E-01  8.68597E-01  8.68597E-01  8.68597E-01  8.68597E-01  8.68597E-01  8.68597E-01  8.68597E-01  8.68597E-01  8.68597E-01  8.68597E-01  8.68597E-01  8.68597E-01  8.68597E-01  8.68597E-01  8.68597E-01  8.68597E-01  8.68597E-01
   25257   4  1.18971E+01  1.18971E+01  1.18971E+01  1.18971E+01  1.18971E+01  1.18971E+01  1.18971E+01  1.18971E+01  1.18971E+01  1.18971E+01  1.18971E+01  1.18971E+01  1.18971E+01  1.18971E+01  1.18971E+01  1.18971E+01  1.18971E+01  1.18971E+01  1.18971E+01  1.18971E+01  1.18971E+01  1.18971E+01  1.18971E+01  1.18971E+01
   25257   3  1.01286E-01  1.01286E-01  1.01286E-01  1.01286E-01  1.01286E-01  1.01286E-01  1.01286E-01  1.01286E-01  1.01286E-01  1.01286E-01  1.01286E-01  1.01286E-01  1.01286E-01  1.01286E-01  1.01286E-01  1.01286E-01  1.01286E-01  1.01286E-01  1.01286E-01  1.01286E-01  1.01286E-01  1.01286E-01  1.01286E-01  1.01286E-01
   24904   7  0.00000E+00  0.00000E+00  0.00000E+00  0.00000E+00  0.00000E+00  0.00000E+00  0.00000E+00  0.00000E+00  0.00000E+00  0.00000E+00  0.00000E+00  0.00000E+00  0.00000E+00  0.00000E+00  0.00000E+00  0.00000E+00  0.00000E+00  0.00000E+00  0.00000E+00  0.00000E+00  0.00000E+00  0.00000E+00  0.00000E+00  0.00000E+00
   24904   1  4.79106E-01  4.79106E-01  4.79106E-01  4.79106E-01  4.79106E-01  4.79106E-01  4.79106E-01  4.79106E-01  4.79106E-01  4.79106E-01  4.79106E-01  4.79106E-01  4.79106E-01  4.79106E-01  4.79106E-01  4.79106E-01  4.79106E-01  4.79106E-01  4.79106E-01  4.79106E-01  4.79106E-01  4.79106E-01  4.79106E-01  4.79106E-01
   23850   3  2.63261E-01  2.63261E-01  2.63261E-01  2.63261E-01  2.63261E-01  2.63261E-01  2.63261E-01  2.63261E-01  2.63261E-01  2.63261E-01  2.63261E-01  2.63261E-01  2.63261E-01  2.63502E-01  2.63502E-01  2.63502E-01  2.63502E-01  2.63502E-01  2.63502E-01  2.63502E-01  2.63502E-01  2.63261E-01  2.63261E-01  2.63261E-01
   23850   4  8.37894E-03  8.37894E-03  8.37894E-03  8.37894E-03  8.37894E-03  8.37894E-03  8.37894E-03  8.37894E-03  8.37894E-03  8.37894E-03  8.37894E-03  8.37894E-03  8.37894E-03  8.37894E-03  8.37894E-03  8.37894E-03  8.37894E-03  8.37894E-03  8.37894E-03  8.37894E-03  8.37894E-03  8.37894E-03  8.37894E-03  8.37894E-03
   25616   4  0.00000E+00  0.00000E+00  0.00000E+00  0.00000E+00  0.00000E+00  0.00000E+00  0.00000E+00  0.00000E+00  0.00000E+00  0.00000E+00  0.00000E+00  0.00000E+00  0.00000E+00  0.00000E+00  0.00000E+00  0.00000E+00  0.00000E+00  0.00000E+00  0.00000E+00  0.00000E+00  0.00000E+00  0.00000E+00  0.00000E+00  0.00000E+00
   27883   2  0.00000E+00  0.00000E+00  0.00000E+00  0.00000E+00  0.00000E+00  0.00000E+00  0.00000E+00  0.00000E+00  0.00000E+00  0.00000E+00  0.00000E+00  0.00000E+00  0.00000E+00  0.00000E+00  0.00000E+00  0.00000E+00  0.00000E+00  0.00000E+00  0.00000E+00  0.00000E+00  0.00000E+00  0.00000E+00  0.00000E+00  0.00000E+00
   18690   2  0.00000E+00  0.00000E+00  0.00000E+00  0.00000E+00  0.00000E+00  0.00000E+00  0.00000E+00  0.00000E+00  0.00000E+00  0.00000E+00  0.00000E+00  0.00000E+00  0.00000E+00  0.00000E+00  0.00000E+00  0.00000E+00  0.00000E+00  0.00000E+00  0.00000E+00  0.00000E+00  0.00000E+00  0.00000E+00  0.00000E+00  0.00000E+00
   19395   3  0.00000E+00  0.00000E+00  0.00000E+00  0.00000E+00  0.00000E+00  0.00000E+00  0.00000E+00  0.00000E+00  0.00000E+00  0.00000E+00  0.00000E+00  0.00000E+00  0.00000E+00  0.00000E+00  0.00000E+00  0.00000E+00  0.00000E+00  0.00000E+00  0.00000E+00  0.00000E+00  0.00000E+00  0.00000E+00  0.00000E+00  0.00000E+00
   19395   2  0.00000E+00  0.00000E+00  0.00000E+00  0.00000E+00  0.00000E+00  0.00000E+00  0.00000E+00  0.00000E+00  0.00000E+00  0.00000E+00  0.00000E+00  0.00000E+00  0.00000E+00  0.00000E+00  0.00000E+00  0.00000E+00  0.00000E+00  0.00000E+00  0.00000E+00  0.00000E+00  0.00000E+00  0.00000E+00  0.00000E+00  0.00000E+00
   30002   2  0.00000E+00  0.00000E+00  0.00000E+00  0.00000E+00  0.00000E+00  0.00000E+00  0.00000E+00  0.00000E+00  0.00000E+00  0.00000E+00  0.00000E+00  0.00000E+00  0.00000E+00  0.00000E+00  0.00000E+00  0.00000E+00  0.00000E+00  0.00000E+00  0.00000E+00  0.00000E+00  0.00000E+00  0.00000E+00  0.00000E+00  0.00000E+00
   30355   1  8.80585E+01  8.67553E+01  8.19149E+01  7.39096E+01  6.55319E+01  5.53951E+01  5.12918E+01  4.92401E+01  4.85562E+01  4.99240E+01  5.40274E+01  6.05243E+01  6.89020E+01  7.40312E+01  7.81345E+01  8.17249E+01  8.30927E+01  8.44605E+01  8.49734E+01  8.56573E+01  8.54863E+01  8.49734E+01  8.36056E+01  8.15540E+01
   29995   4  0.00000E+00  0.00000E+00  0.00000E+00  0.00000E+00  0.00000E+00  0.00000E+00  0.00000E+00  0.00000E+00  0.00000E+00  0.00000E+00  0.00000E+00  0.00000E+00  0.00000E+00  0.00000E+00  0.00000E+00  0.00000E+00  0.00000E+00  0.00000E+00  0.00000E+00  0.00000E+00  0.00000E+00  0.00000E+00  0.00000E+00  0.00000E+00
   31274   3  2.80434E+00  2.80434E+00  2.80434E+00  2.80434E+00  2.80434E+00  2.80434E+00  2.80434E+00  2.80434E+00  2.80434E+00  2.80434E+00  2.80434E+00  2.80434E+00  2.80434E+00  2.80434E+00  2.80434E+00  2.80434E+00  2.80434E+00  2.80434E+00  2.80434E+00  2.80434E+00  2.80434E+00  2.80434E+00  2.80434E+00  2.80434E+00
   31274   4  6.44318E-02  6.44318E-02  6.44318E-02  6.44318E-02  6.44318E-02  6.44318E-02  6.44318E-02  6.44318E-02  6.44318E-02  6.44318E-02  6.44318E-02  6.44318E-02  6.44318E-02  6.44318E-02  6.44318E-02  6.44318E-02  6.44318E-02  6.44318E-02  6.44318E-02  6.44318E-02  6.44318E-02  6.44318E-02  6.44318E-02  6.44318E-02
   31274   2  0.00000E+00  0.00000E+00  0.00000E+00  0.00000E+00  0.00000E+00  0.00000E+00  0.00000E+00  0.00000E+00  0.00000E+00  0.00000E+00  0.00000E+00  0.00000E+00  0.00000E+00  0.00000E+00  0.00000E+00  0.00000E+00  0.00000E+00  0.00000E+00  0.00000E+00  0.00000E+00  0.00000E+00  0.00000E+00  0.00000E+00  0.00000E+00
   30921   4  0.00000E+00  0.00000E+00  0.00000E+00  0.00000E+00  0.00000E+00  0.00000E+00  0.00000E+00  0.00000E+00  0.00000E+00  0.00000E+00  0.00000E+00  0.00000E+00  0.00000E+00  0.00000E+00  0.00000E+00  0.00000E+00  0.00000E+00  0.00000E+00  0.00000E+00  0.00000E+00  0.00000E+00  0.00000E+00  0.00000E+00  0.00000E+00
   31274   7  0.00000E+00  0.00000E+00  0.00000E+00  0.00000E+00  0.00000E+00  0.00000E+00  0.00000E+00  0.00000E+00  0.00000E+00  0.00000E+00  0.00000E+00  0.00000E+00  0.00000E+00  0.00000E+00  0.00000E+00  0.00000E+00  0.00000E+00  0.00000E+00  0.00000E+00  0.00000E+00  0.00000E+00  0.00000E+00  0.00000E+00  0.00000E+00
   35839   3  0.00000E+00  0.00000E+00  0.00000E+00  0.00000E+00  0.00000E+00  0.00000E+00  0.00000E+00  0.00000E+00  0.00000E+00  0.00000E+00  0.00000E+00  0.00000E+00  0.00000E+00  0.00000E+00  0.00000E+00  0.00000E+00  0.00000E+00  0.00000E+00  0.00000E+00  0.00000E+00  0.00000E+00  0.00000E+00  0.00000E+00  0.00000E+00
   37257   7  0.00000E+00  0.00000E+00  0.00000E+00  0.00000E+00  0.00000E+00  0.00000E+00  0.00000E+00  0.00000E+00  0.00000E+00  0.00000E+00  0.00000E+00  0.00000E+00  0.00000E+00  0.00000E+00  0.00000E+00  0.00000E+00  0.00000E+00  0.00000E+00  0.00000E+00  0.00000E+00  0.00000E+00  0.00000E+00  0.00000E+00  0.00000E+00
   31605   4  9.32048E+00  9.32048E+00  9.32048E+00  9.32048E+00  9.32048E+00  9.32048E+00  9.32048E+00  9.32048E+00  9.32048E+00  9.32048E+00  9.32048E+00  9.32048E+00  9.32048E+00  9.32048E+00  9.32048E+00  9.32048E+00  9.32048E+00  9.32048E+00  9.32048E+00  9.32048E+00  9.32048E+00  9.32048E+00  9.32048E+00  9.32048E+00
   31252   3  0.00000E+00  0.00000E+00  0.00000E+00  0.00000E+00  0.00000E+00  0.00000E+00  0.00000E+00  0.00000E+00  0.00000E+00  0.00000E+00  0.00000E+00  0.00000E+00  0.00000E+00  0.00000E+00  0.00000E+00  0.00000E+00  0.00000E+00  0.00000E+00  0.00000E+00  0.00000E+00  0.00000E+00  0.00000E+00  0.00000E+00  0.00000E+00
   31958   4  4.71234E-02  4.71234E-02  4.71234E-02  4.71234E-02  4.71234E-02  4.71234E-02  4.71234E-02  4.71234E-02  4.71234E-02  4.71234E-02  4.71234E-02  4.71234E-02  4.71234E-02  4.71234E-02  4.71234E-02  4.71234E-02  4.71234E-02  4.71234E-02  4.71234E-02  4.71234E-02  4.71234E-02  4.71234E-02  4.71234E-02  4.71234E-02
   31252   2  4.42407E-02  4.42407E-02  4.42407E-02  4.42407E-02  4.42407E-02  4.42407E-02  4.42407E-02  4.42407E-02  4.42407E-02  4.42407E-02  4.42407E-02  4.42407E-02  4.42407E-02  4.42407E-02  4.42407E-02  4.42407E-02  4.42407E-02  4.42407E-02  4.42407E-02  4.42407E-02  4.42407E-02  4.42407E-02  4.42407E-02  4.42407E-02
   31253   7  0.00000E+00  0.00000E+00  0.00000E+00  0.00000E+00  0.00000E+00  0.00000E+00  0.00000E+00  0.00000E+00  0.00000E+00  0.00000E+00  0.00000E+00  0.00000E+00  0.00000E+00  4.95860E-01  4.95860E-01  4.95860E-01  4.95860E-01  4.95860E-01  4.95860E-01  4.95860E-01  4.95860E-01  0.00000E+00  0.00000E+00  0.00000E+00
   31605   3  4.85643E+00  4.85643E+00  4.85643E+00  4.85643E+00  4.85643E+00  4.85643E+00  4.85643E+00  4.85643E+00  4.85643E+00  4.85643E+00  4.85643E+00  4.85643E+00  4.85643E+00  4.85643E+00  4.85643E+00  4.85643E+00  4.85643E+00  4.85643E+00  4.85643E+00  4.85643E+00  4.85643E+00  4.85643E+00  4.85643E+00  4.85643E+00
   31958   3  2.12555E-02  2.12555E-02  2.12555E-02  2.12555E-02  2.12555E-02  2.12555E-02  2.12555E-02  2.12555E-02  2.12555E-02  2.12555E-02  2.12555E-02  2.12555E-02  2.12555E-02  2.12555E-02  2.12555E-02  2.12555E-02  2.12555E-02  2.12555E-02  2.12555E-02  2.12555E-02  2.12555E-02  2.12555E-02  2.12555E-02  2.12555E-02
   31958   5  0.00000E+00  0.00000E+00  0.00000E+00  0.00000E+00  0.00000E+00  0.00000E+00  0.00000E+00  0.00000E+00  0.00000E+00  0.00000E+00  0.00000E+00  0.00000E+00  0.00000E+00  0.00000E+00  0.00000E+00  0.00000E+00  0.00000E+00  0.00000E+00  0.00000E+00  0.00000E+00  0.00000E+00  0.00000E+00  0.00000E+00  0.00000E+00
   31252   4  1.50737E-01  1.50737E-01  1.50737E-01  1.50737E-01  1.50737E-01  1.50737E-01  1.50737E-01  1.50737E-01  1.50737E-01  1.50737E-01  1.50737E-01  1.50737E-01  1.50737E-01  1.50737E-01  1.50737E-01  1.50737E-01  1.50737E-01  1.50737E-01  1.50737E-01  1.50737E-01  1.50737E-01  1.50737E-01  1.50737E-01  1.50737E-01
   31604   4  2.53710E+00  2.53710E+00  2.53710E+00  2.53710E+00  2.53710E+00  2.53710E+00  2.53710E+00  2.53710E+00  2.53710E+00  2.53710E+00  2.53710E+00  2.53710E+00  2.53710E+00  2.53710E+00  2.53710E+00  2.53710E+00  2.53710E+00  2.53710E+00  2.53710E+00  2.53710E+00  2.53710E+00  2.53710E+00  2.53710E+00  2.53710E+00
   31604   1  1.09929E-01  1.09929E-01  1.09929E-01  1.09929E-01  1.09929E-01  1.09929E-01  1.09929E-01  1.09929E-01  1.09929E-01  1.09929E-01  1.09929E-01  1.09929E-01  1.09929E-01  1.09929E-01  1.09929E-01  1.09929E-01  1.09929E-01  1.09929E-01  1.09929E-01  1.09929E-01  1.09929E-01  1.09929E-01  1.09929E-01  1.09929E-01
   31605   2  1.39896E-01  1.39896E-01  1.39896E-01  1.39896E-01  1.39896E-01  1.39896E-01  1.39896E-01  1.39896E-01  1.39896E-01  1.39896E-01  1.39896E-01  1.39896E-01  1.39896E-01  1.39896E-01  1.39896E-01  1.39896E-01  1.39896E-01  1.39896E-01  1.39896E-01  1.39896E-01  1.39896E-01  1.39896E-01  1.39896E-01  1.39896E-01
   31958   7  0.00000E+00  0.00000E+00  0.00000E+00  0.00000E+00  0.00000E+00  0.00000E+00  0.00000E+00  0.00000E+00  0.00000E+00  0.00000E+00  0.00000E+00  0.00000E+00  0.00000E+00  0.00000E+00  0.00000E+00  0.00000E+00  0.00000E+00  0.00000E+00  0.00000E+00  0.00000E+00  0.00000E+00  0.00000E+00  0.00000E+00  0.00000E+00
   31253   4  1.32243E-01  1.32243E-01  1.32243E-01  1.32243E-01  1.32243E-01  1.32243E-01  1.32243E-01  1.32243E-01  1.32243E-01  1.32243E-01  1.32243E-01  1.32243E-01  1.32243E-01  1.32243E-01  1.32243E-01  1.32243E-01  1.32243E-01  1.32243E-01  1.32243E-01  1.32243E-01  1.32243E-01  1.32243E-01  1.32243E-01  1.32243E-01
   31959   3  4.66385E-04  4.66385E-04  4.66385E-04  4.66385E-04  4.66385E-04  0.00000E+00  0.00000E+00  0.00000E+00  0.00000E+00  0.00000E+00  0.00000E+00  0.00000E+00  0.00000E+00  4.66385E-04  4.66385E-04  4.66385E-04  4.66385E-04  4.66385E-04  4.66385E-04  4.66385E-04  4.66385E-04  4.66385E-04  4.66385E-04  4.66385E-04
   31959   4  1.22040E-01  1.22040E-01  1.22040E-01  1.22040E-01  1.22040E-01  1.22040E-01  1.22040E-01  1.22040E-01  1.22040E-01  1.22040E-01  1.22040E-01  1.22040E-01  1.22040E-01  1.22040E-01  1.22040E-01  1.22040E-01  1.22040E-01  1.22040E-01  1.22040E-01  1.22040E-01  1.22040E-01  1.22040E-01  1.22040E-01  1.22040E-01
   30564   3  0.00000E+00  0.00000E+00  0.00000E+00  0.00000E+00  0.00000E+00  0.00000E+00  0.00000E+00  0.00000E+00  0.00000E+00  0.00000E+00  0.00000E+00  0.00000E+00  0.00000E+00  0.00000E+00  0.00000E+00  0.00000E+00  0.00000E+00  0.00000E+00  0.00000E+00  0.00000E+00  0.00000E+00  0.00000E+00  0.00000E+00  0.00000E+00
   30564   2  0.00000E+00  0.00000E+00  0.00000E+00  0.00000E+00  0.00000E+00  0.00000E+00  0.00000E+00  0.00000E+00  0.00000E+00  0.00000E+00  0.00000E+00  0.00000E+00  0.00000E+00  0.00000E+00  0.00000E+00  0.00000E+00  0.00000E+00  0.00000E+00  0.00000E+00  0.00000E+00  0.00000E+00  0.00000E+00  0.00000E+00  0.00000E+00
   30924   3  2.32109E-01  2.32109E-01  2.32109E-01  2.32109E-01  2.32109E-01  2.32109E-01  2.32109E-01  2.32109E-01  2.32109E-01  2.32109E-01  2.32109E-01  2.32109E-01  2.32109E-01  2.32109E-01  2.32109E-01  2.32109E-01  2.32109E-01  2.32109E-01  2.32109E-01  2.32109E-01  2.32109E-01  2.32109E-01  2.32109E-01  2.32109E-01
   30924   2  2.90322E+00  2.90322E+00  2.90322E+00  2.90322E+00  2.90322E+00  2.90322E+00  2.90322E+00  2.90322E+00  2.90322E+00  2.90322E+00  2.90322E+00  2.90322E+00  2.90322E+00  2.90322E+00  2.90322E+00  2.90322E+00  2.90322E+00  2.90322E+00  2.90322E+00  2.90322E+00  2.90322E+00  2.90322E+00  2.90322E+00  2.90322E+00
   30193   2  6.84374E+01  6.74246E+01  6.36627E+01  5.74411E+01  5.09302E+01  4.30521E+01  3.98630E+01  3.82685E+01  3.77370E+01  3.88000E+01  4.19891E+01  4.70384E+01  5.35493E+01  5.75356E+01  6.07247E+01  6.35151E+01  6.45781E+01  6.56411E+01  6.60397E+01  6.65713E+01  6.64384E+01  6.60397E+01  6.49767E+01  6.33822E+01
   29840   3  0.00000E+00  0.00000E+00  0.00000E+00  0.00000E+00  0.00000E+00  0.00000E+00  0.00000E+00  0.00000E+00  0.00000E+00  0.00000E+00  0.00000E+00  0.00000E+00  0.00000E+00  0.00000E+00  0.00000E+00  0.00000E+00  0.00000E+00  0.00000E+00  0.00000E+00  0.00000E+00  0.00000E+00  0.00000E+00  0.00000E+00  0.00000E+00
   33035   3  0.00000E+00  0.00000E+00  0.00000E+00  0.00000E+00  0.00000E+00  0.00000E+00  0.00000E+00  0.00000E+00  0.00000E+00  0.00000E+00  0.00000E+00  0.00000E+00  0.00000E+00  0.00000E+00  0.00000E+00  0.00000E+00  0.00000E+00  0.00000E+00  0.00000E+00  0.00000E+00  0.00000E+00  0.00000E+00  0.00000E+00  0.00000E+00
   33035   2  0.00000E+00  0.00000E+00  0.00000E+00  0.00000E+00  0.00000E+00  0.00000E+00  0.00000E+00  0.00000E+00  0.00000E+00  0.00000E+00  0.00000E+00  0.00000E+00  0.00000E+00  0.00000E+00  0.00000E+00  0.00000E+00  0.00000E+00  0.00000E+00  0.00000E+00  0.00000E+00  0.00000E+00  0.00000E+00  0.00000E+00  0.00000E+00
   47753   3  8.61258E-03  8.61258E-03  8.61258E-03  8.61258E-03  8.61258E-03  8.61258E-03  8.61258E-03  8.61258E-03  8.61258E-03  8.61258E-03  8.61258E-03  8.61258E-03  8.61258E-03  8.61258E-03  8.61258E-03  8.61258E-03  8.61258E-03  8.61258E-03  8.61258E-03  8.61258E-03  8.61258E-03  8.61258E-03  8.61258E-03  8.61258E-03
   47753   4  6.94082E-02  6.94082E-02  6.94082E-02  6.94082E-02  6.94082E-02  6.94082E-02  6.94082E-02  6.94082E-02  6.94082E-02  6.94082E-02  6.94082E-02  6.94082E-02  6.94082E-02  6.94082E-02  6.94082E-02  6.94082E-02  6.94082E-02  6.94082E-02  6.94082E-02  6.94082E-02  6.94082E-02  6.94082E-02  6.94082E-02  6.94082E-02
   48458   4  6.32614E-02  6.32614E-02  6.32614E-02  6.32614E-02  6.32614E-02  6.32614E-02  6.32614E-02  6.32614E-02  6.32614E-02  6.32614E-02  6.32614E-02  6.32614E-02  6.32614E-02  6.32614E-02  6.32614E-02  6.32614E-02  6.32614E-02  6.32614E-02  6.32614E-02  6.32614E-02  6.32614E-02  6.32614E-02  6.32614E-02  6.32614E-02
   48458   2  4.11896E+00  4.05801E+00  3.83160E+00  3.45714E+00  3.06528E+00  2.59113E+00  2.39919E+00  2.30322E+00  2.27123E+00  2.33521E+00  2.52715E+00  2.83104E+00  3.22291E+00  3.46283E+00  3.65477E+00  3.82271E+00  3.88669E+00  3.95067E+00  3.97466E+00  4.00665E+00  3.99865E+00  3.97466E+00  3.91068E+00  3.81471E+00
   48458   3  0.00000E+00  0.00000E+00  0.00000E+00  0.00000E+00  0.00000E+00  0.00000E+00  0.00000E+00  0.00000E+00  0.00000E+00  0.00000E+00  0.00000E+00  0.00000E+00  0.00000E+00  0.00000E+00  0.00000E+00  0.00000E+00  0.00000E+00  0.00000E+00  0.00000E+00  0.00000E+00  0.00000E+00  0.00000E+00  0.00000E+00  0.00000E+00
   47047   7  0.00000E+00  0.00000E+00  0.00000E+00  0.00000E+00  0.00000E+00  0.00000E+00  0.00000E+00  0.00000E+00  0.00000E+00  0.00000E+00  0.00000E+00  0.00000E+00  0.00000E+00  0.00000E+00  0.00000E+00  0.00000E+00  0.00000E+00  0.00000E+00  0.00000E+00  0.00000E+00  0.00000E+00  0.00000E+00  0.00000E+00  0.00000E+00
   47753   7  0.00000E+00  0.00000E+00  0.00000E+00  0.00000E+00  0.00000E+00  0.00000E+00  0.00000E+00  0.00000E+00  0.00000E+00  0.00000E+00  0.00000E+00  0.00000E+00  0.00000E+00  0.00000E+00  0.00000E+00  0.00000E+00  0.00000E+00  0.00000E+00  0.00000E+00  0.00000E+00  0.00000E+00  0.00000E+00  0.00000E+00  0.00000E+00
   43182   3  1.11058E-02  1.11058E-02  1.11058E-02  1.11058E-02  1.11058E-02  3.25087E-03  3.25087E-03  3.25087E-03  3.25087E-03  3.25087E-03  3.25087E-03  3.25087E-03  3.25087E-03  1.44855E-02  1.44855E-02  1.44855E-02  1.44855E-02  1.44855E-02  1.44855E-02  1.44855E-02  1.44855E-02  1.11058E-02  1.11058E-02  1.11058E-02
   43182   4  1.29310E-01  1.29310E-01  1.29310E-01  1.29310E-01  1.29310E-01  1.29310E-01  1.29310E-01  1.29310E-01  1.29310E-01  1.29310E-01  1.29310E-01  1.29310E-01  1.29310E-01  1.29310E-01  1.29310E-01  1.29310E-01  1.29310E-01  1.29310E-01  1.29310E-01  1.29310E-01  1.29310E-01  1.29310E-01  1.29310E-01  1.29310E-01
   43182   8  0.00000E+00  0.00000E+00  0.00000E+00  0.00000E+00  0.00000E+00  0.00000E+00  0.00000E+00  0.00000E+00  0.00000E+00  0.00000E+00  0.00000E+00  0.00000E+00  0.00000E+00  0.00000E+00  0.00000E+00  0.00000E+00  0.00000E+00  0.00000E+00  0.00000E+00  0.00000E+00  0.00000E+00  0.00000E+00  0.00000E+00  0.00000E+00
   42477   3  0.00000E+00  0.00000E+00  0.00000E+00  0.00000E+00  0.00000E+00  0.00000E+00  0.00000E+00  0.00000E+00  0.00000E+00  0.00000E+00  0.00000E+00  0.00000E+00  0.00000E+00  0.00000E+00  0.00000E+00  0.00000E+00  0.00000E+00  0.00000E+00  0.00000E+00  0.00000E+00  0.00000E+00  0.00000E+00  0.00000E+00  0.00000E+00
   42477   2  0.00000E+00  0.00000E+00  0.00000E+00  0.00000E+00  0.00000E+00  0.00000E+00  0.00000E+00  0.00000E+00  0.00000E+00  0.00000E+00  0.00000E+00  0.00000E+00  0.00000E+00  0.00000E+00  0.00000E+00  0.00000E+00  0.00000E+00  0.00000E+00  0.00000E+00  0.00000E+00  0.00000E+00  0.00000E+00  0.00000E+00  0.00000E+00
   43182   7  0.00000E+00  0.00000E+00  0.00000E+00  0.00000E+00  0.00000E+00  0.00000E+00  0.00000E+00  0.00000E+00  0.00000E+00  0.00000E+00  0.00000E+00  0.00000E+00  0.00000E+00  0.00000E+00  0.00000E+00  0.00000E+00  0.00000E+00  0.00000E+00  0.00000E+00  0.00000E+00  0.00000E+00  0.00000E+00  0.00000E+00  0.00000E+00
   50582   3  2.29498E-01  2.29498E-01  2.29498E-01  2.29498E-01  2.29498E-01  2.29498E-01  2.29498E-01  2.29498E-01  2.29498E-01  2.29498E-01  2.29498E-01  2.29498E-01  2.29498E-01  2.29498E-01  2.29498E-01  2.29498E-01  2.29498E-01  2.29498E-01  2.29498E-01  2.29498E-01  2.29498E-01  2.29498E-01  2.29498E-01  2.29498E-01
   46700   3  3.88734E-03  3.88734E-03  3.88734E-03  3.88734E-03  3.88734E-03  3.88734E-03  3.88734E-03  3.88734E-03  3.88734E-03  3.88734E-03  3.88734E-03  3.88734E-03  3.88734E-03  3.88734E-03  3.88734E-03  3.88734E-03  3.88734E-03  3.88734E-03  3.88734E-03  3.88734E-03  3.88734E-03  3.88734E-03  3.88734E-03  3.88734E-03
   36485   4  9.34670E-01  9.34670E-01  9.34670E-01  9.34670E-01  9.34670E-01  9.34670E-01  9.34670E-01  9.34670E-01  9.34670E-01  9.34670E-01  9.34670E-01  9.34670E-01  9.34670E-01  9.34670E-01  9.34670E-01  9.34670E-01  9.34670E-01  9.34670E-01  9.34670E-01  9.34670E-01  9.34670E-01  9.34670E-01  9.34670E-01  9.34670E-01
   36485   6  9.34670E-01  9.34670E-01  9.34670E-01  9.34670E-01  9.34670E-01  9.34670E-01  9.34670E-01  9.34670E-01  9.34670E-01  9.34670E-01  9.34670E-01  9.34670E-01  9.34670E-01  9.34670E-01  9.34670E-01  9.34670E-01  9.34670E-01  9.34670E-01  9.34670E-01  9.34670E-01  9.34670E-01  9.34670E-01  9.34670E-01  9.34670E-01
   36485   5  0.00000E+00  0.00000E+00  0.00000E+00  0.00000E+00  0.00000E+00  0.00000E+00  0.00000E+00  0.00000E+00  0.00000E+00  0.00000E+00  0.00000E+00  0.00000E+00  0.00000E+00  0.00000E+00  0.00000E+00  0.00000E+00  0.00000E+00  0.00000E+00  0.00000E+00  0.00000E+00  0.00000E+00  0.00000E+00  0.00000E+00  0.00000E+00
   36485   3  0.00000E+00  0.00000E+00  0.00000E+00  0.00000E+00  0.00000E+00  0.00000E+00  0.00000E+00  0.00000E+00  0.00000E+00  0.00000E+00  0.00000E+00  0.00000E+00  0.00000E+00  0.00000E+00  0.00000E+00  0.00000E+00  0.00000E+00  0.00000E+00  0.00000E+00  0.00000E+00  0.00000E+00  0.00000E+00  0.00000E+00  0.00000E+00
   36485   2  0.00000E+00  0.00000E+00  0.00000E+00  0.00000E+00  0.00000E+00  0.00000E+00  0.00000E+00  0.00000E+00  0.00000E+00  0.00000E+00  0.00000E+00  0.00000E+00  0.00000E+00  0.00000E+00  0.00000E+00  0.00000E+00  0.00000E+00  0.00000E+00  0.00000E+00  0.00000E+00  0.00000E+00  0.00000E+00  0.00000E+00  0.00000E+00
   37192   2  8.05457E+00  7.93537E+00  7.49262E+00  6.76039E+00  5.99410E+00  5.06690E+00  4.69158E+00  4.50391E+00  4.44136E+00  4.56647E+00  4.94179E+00  5.53606E+00  6.30235E+00  6.77151E+00  7.14683E+00  7.47524E+00  7.60035E+00  7.72546E+00  7.77238E+00  7.83493E+00  7.81929E+00  7.77238E+00  7.64727E+00  7.45961E+00
   36485   7  0.00000E+00  0.00000E+00  0.00000E+00  0.00000E+00  0.00000E+00  0.00000E+00  0.00000E+00  0.00000E+00  0.00000E+00  0.00000E+00  0.00000E+00  0.00000E+00  0.00000E+00  0.00000E+00  0.00000E+00  0.00000E+00  0.00000E+00  0.00000E+00  0.00000E+00  0.00000E+00  0.00000E+00  0.00000E+00  0.00000E+00  0.00000E+00
   35437   3  0.00000E+00  0.00000E+00  0.00000E+00  0.00000E+00  0.00000E+00  0.00000E+00  0.00000E+00  0.00000E+00  0.00000E+00  0.00000E+00  0.00000E+00  0.00000E+00  0.00000E+00  0.00000E+00  0.00000E+00  0.00000E+00  0.00000E+00  0.00000E+00  0.00000E+00  0.00000E+00  0.00000E+00  0.00000E+00  0.00000E+00  0.00000E+00
   46351   7  0.00000E+00  0.00000E+00  0.00000E+00  0.00000E+00  0.00000E+00  0.00000E+00  0.00000E+00  0.00000E+00  0.00000E+00  0.00000E+00  0.00000E+00  0.00000E+00  0.00000E+00  0.00000E+00  0.00000E+00  0.00000E+00  0.00000E+00  0.00000E+00  0.00000E+00  0.00000E+00  0.00000E+00  0.00000E+00  0.00000E+00  0.00000E+00
   39310   3  1.64028E-04  1.64028E-04  1.64028E-04  1.64028E-04  1.64028E-04  1.64028E-04  1.64028E-04  1.64028E-04  1.64028E-04  1.64028E-04  1.64028E-04  1.64028E-04  1.64028E-04  1.64028E-04  1.64028E-04  1.64028E-04  1.64028E-04  1.64028E-04  1.64028E-04  1.64028E-04  1.64028E-04  1.64028E-04  1.64028E-04  1.64028E-04
   43177   3  0.00000E+00  0.00000E+00  0.00000E+00  0.00000E+00  0.00000E+00  0.00000E+00  0.00000E+00  0.00000E+00  0.00000E+00  0.00000E+00  0.00000E+00  0.00000E+00  0.00000E+00  0.00000E+00  0.00000E+00  0.00000E+00  0.00000E+00  0.00000E+00  0.00000E+00  0.00000E+00  0.00000E+00  0.00000E+00  0.00000E+00  0.00000E+00
   43177   2  0.00000E+00  0.00000E+00  0.00000E+00  0.00000E+00  0.00000E+00  0.00000E+00  0.00000E+00  0.00000E+00  0.00000E+00  0.00000E+00  0.00000E+00  0.00000E+00  0.00000E+00  0.00000E+00  0.00000E+00  0.00000E+00  0.00000E+00  0.00000E+00  0.00000E+00  0.00000E+00  0.00000E+00  0.00000E+00  0.00000E+00  0.00000E+00
   15453   3  1.72183E+02  1.72183E+02  1.72183E+02  1.72183E+02  1.72183E+02  1.72183E+02  1.72183E+02  1.72183E+02  1.72183E+02  1.72183E+02  1.72183E+02  1.72183E+02  1.72183E+02  1.72183E+02  1.72183E+02  1.72183E+02  1.72183E+02  1.72183E+02  1.72183E+02  1.72183E+02  1.72183E+02  1.72183E+02  1.72183E+02  1.72183E+02
   15453   2  0.00000E+00  0.00000E+00  0.00000E+00  0.00000E+00  0.00000E+00  0.00000E+00  0.00000E+00  0.00000E+00  0.00000E+00  0.00000E+00  0.00000E+00  0.00000E+00  0.00000E+00  0.00000E+00  0.00000E+00  0.00000E+00  0.00000E+00  0.00000E+00  0.00000E+00  0.00000E+00  0.00000E+00  0.00000E+00  0.00000E+00  0.00000E+00
   15098   3  1.03886E-02  1.03886E-02  1.03886E-02  1.03886E-02  1.03886E-02  1.03886E-02  1.03886E-02  1.03886E-02  1.03886E-02  1.03886E-02  1.03886E-02  1.03886E-02  1.03886E-02  1.03886E-02  1.03886E-02  1.03886E-02  1.03886E-02  1.03886E-02  1.03886E-02  1.03886E-02  1.03886E-02  1.03886E-02  1.03886E-02  1.03886E-02
   15450   3  8.30096E-02  8.30096E-02  8.30096E-02  8.30096E-02  8.30096E-02  8.30096E-02  8.30096E-02  8.30096E-02  8.30096E-02  8.30096E-02  8.30096E-02  8.30096E-02  8.30096E-02  8.30096E-02  8.30096E-02  8.30096E-02  8.30096E-02  8.30096E-02  8.30096E-02  8.30096E-02  8.30096E-02  8.30096E-02  8.30096E-02  8.30096E-02
   15808   3  3.72555E+01  3.72555E+01  3.72555E+01  3.72555E+01  3.72555E+01  3.72555E+01  3.72555E+01  3.72555E+01  3.72555E+01  3.72555E+01  3.72555E+01  3.72555E+01  3.72555E+01  3.72555E+01  3.72555E+01  3.72555E+01  3.72555E+01  3.72555E+01  3.72555E+01  3.72555E+01  3.72555E+01  3.72555E+01  3.72555E+01  3.72555E+01
   16524   3  3.00327E-01  3.00327E-01  3.00327E-01  3.00327E-01  3.00327E-01  3.00327E-01  3.00327E-01  3.00327E-01  3.00327E-01  3.00327E-01  3.00327E-01  3.00327E-01  3.00327E-01  3.00327E-01  3.00327E-01  3.00327E-01  3.00327E-01  3.00327E-01  3.00327E-01  3.00327E-01  3.00327E-01  3.00327E-01  3.00327E-01  3.00327E-01
   14756   5  0.00000E+00  0.00000E+00  0.00000E+00  0.00000E+00  0.00000E+00  0.00000E+00  0.00000E+00  0.00000E+00  0.00000E+00  0.00000E+00  0.00000E+00  0.00000E+00  0.00000E+00  0.00000E+00  0.00000E+00  0.00000E+00  0.00000E+00  0.00000E+00  0.00000E+00  0.00000E+00  0.00000E+00  0.00000E+00  0.00000E+00  0.00000E+00
   14756   4  2.03434E-03  2.03434E-03  2.03434E-03  2.03434E-03  2.03434E-03  2.03434E-03  2.03434E-03  2.03434E-03  2.03434E-03  2.03434E-03  2.03434E-03  2.03434E-03  2.03434E-03  2.03434E-03  2.03434E-03  2.03434E-03  2.03434E-03  2.03434E-03  2.03434E-03  2.03434E-03  2.03434E-03  2.03434E-03  2.03434E-03  2.03434E-03
   14756   3  9.84572E+01  9.84572E+01  9.84572E+01  9.84572E+01  9.84572E+01  9.84572E+01  9.84572E+01  9.84572E+01  9.84572E+01  9.84572E+01  9.84572E+01  9.84572E+01  9.84572E+01  9.84572E+01  9.84572E+01  9.84572E+01  9.84572E+01  9.84572E+01  9.84572E+01  9.84572E+01  9.84572E+01  9.84572E+01  9.84572E+01  9.84572E+01
   14756   1  6.88598E+00  6.88598E+00  6.88598E+00  6.88598E+00  6.88598E+00  6.88598E+00  6.88598E+00  6.88598E+00  6.88598E+00  6.88598E+00  6.88598E+00  6.88598E+00  6.88598E+00  6.88598E+00  6.88598E+00  6.88598E+00  6.88598E+00  6.88598E+00  6.88598E+00  6.88598E+00  6.88598E+00  6.88598E+00  6.88598E+00  6.88598E+00
   14756   2  1.97183E+02  1.97183E+02  1.97183E+02  1.97183E+02  1.97183E+02  1.97183E+02  1.97183E+02  1.97183E+02  1.97183E+02  1.97183E+02  1.97183E+02  1.97183E+02  1.97183E+02  1.97183E+02  1.97183E+02  1.97183E+02  1.97183E+02  1.97183E+02  1.97183E+02  1.97183E+02  1.97183E+02  1.97183E+02  1.97183E+02  1.97183E+02
   14756   7  0.00000E+00  0.00000E+00  0.00000E+00  0.00000E+00  0.00000E+00  0.00000E+00  0.00000E+00  0.00000E+00  0.00000E+00  0.00000E+00  0.00000E+00  0.00000E+00  0.00000E+00  0.00000E+00  0.00000E+00  0.00000E+00  0.00000E+00  0.00000E+00  0.00000E+00  0.00000E+00  0.00000E+00  0.00000E+00  0.00000E+00  0.00000E+00
   15810   3  3.28039E-01  3.28039E-01  3.28039E-01  3.28039E-01  3.28039E-01  3.28039E-01  3.28039E-01  3.28039E-01  3.28039E-01  3.28039E-01  3.28039E-01  3.28039E-01  3.28039E-01  3.28039E-01  3.28039E-01  3.28039E-01  3.28039E-01  3.28039E-01  3.28039E-01  3.28039E-01  3.28039E-01  3.28039E-01  3.28039E-01  3.28039E-01
   16516   3  8.72073E-02  8.72073E-02  8.72073E-02  8.72073E-02  8.72073E-02  8.72073E-02  8.72073E-02  8.72073E-02  8.72073E-02  8.72073E-02  8.72073E-02  8.72073E-02  8.72073E-02  8.72073E-02  8.72073E-02  8.72073E-02  8.72073E-02  8.72073E-02  8.72073E-02  8.72073E-02  8.72073E-02  8.72073E-02  8.72073E-02  8.72073E-02
   16161   3  3.14480E-02  3.14480E-02  3.14480E-02  3.14480E-02  3.14480E-02  3.14480E-02  3.14480E-02  3.14480E-02  3.14480E-02  3.14480E-02  3.14480E-02  3.14480E-02  3.14480E-02  3.14480E-02  3.14480E-02  3.14480E-02  3.14480E-02  3.14480E-02  3.14480E-02  3.14480E-02  3.14480E-02  3.14480E-02  3.14480E-02  3.14480E-02
   16162   3  6.65523E+01  6.65523E+01  6.65523E+01  6.65523E+01  6.65523E+01  6.65523E+01  6.65523E+01  6.65523E+01  6.65523E+01  6.65523E+01  6.65523E+01  6.65523E+01  6.65523E+01  6.65523E+01  6.65523E+01  6.65523E+01  6.65523E+01  6.65523E+01  6.65523E+01  6.65523E+01  6.65523E+01  6.65523E+01  6.65523E+01  6.65523E+01
   15105   3  2.08082E+02  2.08082E+02  2.08082E+02  2.08082E+02  2.08082E+02  2.08082E+02  2.08082E+02  2.08082E+02  2.08082E+02  2.08082E+02  2.08082E+02  2.08082E+02  2.08082E+02  2.08082E+02  2.08082E+02  2.08082E+02  2.08082E+02  2.08082E+02  2.08082E+02  2.08082E+02  2.08082E+02  2.08082E+02  2.08082E+02  2.08082E+02
   15104   3  6.90796E-01  6.90796E-01  6.90796E-01  6.90796E-01  6.90796E-01  6.90796E-01  6.90796E-01  6.90796E-01  6.90796E-01  6.90796E-01  6.90796E-01  6.90796E-01  6.90796E-01  6.90796E-01  6.90796E-01  6.90796E-01  6.90796E-01  6.90796E-01  6.90796E-01  6.90796E-01  6.90796E-01  6.90796E-01  6.90796E-01  6.90796E-01
   13688   3  1.02747E+02  1.02747E+02  1.02747E+02  1.02747E+02  1.02747E+02  1.02747E+02  1.02747E+02  1.02747E+02  1.02747E+02  1.02747E+02  1.02747E+02  1.02747E+02  1.02747E+02  1.02747E+02  1.02747E+02  1.02747E+02  1.02747E+02  1.02747E+02  1.02747E+02  1.02747E+02  1.02747E+02  1.02747E+02  1.02747E+02  1.02747E+02
   13688   4  6.21994E+00  6.21994E+00  6.21994E+00  6.21994E+00  6.21994E+00  6.21994E+00  6.21994E+00  6.21994E+00  6.21994E+00  6.21994E+00  6.21994E+00  6.21994E+00  6.21994E+00  6.21994E+00  6.21994E+00  6.21994E+00  6.21994E+00  6.21994E+00  6.21994E+00  6.21994E+00  6.21994E+00  6.21994E+00  6.21994E+00  6.21994E+00
   14743   3  7.86099E-03  7.86099E-03  7.86099E-03  7.86099E-03  7.86099E-03  7.86099E-03  7.86099E-03  7.86099E-03  7.86099E-03  7.86099E-03  7.86099E-03  7.86099E-03  7.86099E-03  7.86099E-03  7.86099E-03  7.86099E-03  7.86099E-03  7.86099E-03  7.86099E-03  7.86099E-03  7.86099E-03  7.86099E-03  7.86099E-03  7.86099E-03
   15813   3  1.55208E+01  1.55208E+01  1.55208E+01  1.55208E+01  1.55208E+01  1.55208E+01  1.55208E+01  1.55208E+01  1.55208E+01  1.55208E+01  1.55208E+01  1.55208E+01  1.55208E+01  1.55208E+01  1.55208E+01  1.55208E+01  1.55208E+01  1.55208E+01  1.55208E+01  1.55208E+01  1.55208E+01  1.55208E+01  1.55208E+01  1.55208E+01
   14408   4  0.00000E+00  0.00000E+00  0.00000E+00  0.00000E+00  0.00000E+00  0.00000E+00  0.00000E+00  0.00000E+00  0.00000E+00  0.00000E+00  0.00000E+00  0.00000E+00  0.00000E+00  0.00000E+00  0.00000E+00  0.00000E+00  0.00000E+00  0.00000E+00  0.00000E+00  0.00000E+00  0.00000E+00  0.00000E+00  0.00000E+00  0.00000E+00
   14053   3  1.20428E-02  1.20428E-02  1.20428E-02  1.20428E-02  1.20428E-02  1.20428E-02  1.20428E-02  1.20428E-02  1.20428E-02  1.20428E-02  1.20428E-02  1.20428E-02  1.20428E-02  1.20428E-02  1.20428E-02  1.20428E-02  1.20428E-02  1.20428E-02  1.20428E-02  1.20428E-02  1.20428E-02  1.20428E-02  1.20428E-02  1.20428E-02
   14408   3  1.27158E-01  1.27158E-01  1.27158E-01  1.27158E-01  1.27158E-01  1.27158E-01  1.27158E-01  1.27158E-01  1.27158E-01  1.27158E-01  1.27158E-01  1.27158E-01  1.27158E-01  1.27158E-01  1.27158E-01  1.27158E-01  1.27158E-01  1.27158E-01  1.27158E-01  1.27158E-01  1.27158E-01  1.27158E-01  1.27158E-01  1.27158E-01
   15469   3  4.13339E-01  4.13339E-01  4.13339E-01  4.13339E-01  4.13339E-01  4.13339E-01  4.13339E-01  4.13339E-01  4.13339E-01  4.13339E-01  4.13339E-01  4.13339E-01  4.13339E-01  4.13339E-01  4.13339E-01  4.13339E-01  4.13339E-01  4.13339E-01  4.13339E-01  4.13339E-01  4.13339E-01  4.13339E-01  4.13339E-01  4.13339E-01
   14761   3  0.00000E+00  0.00000E+00  0.00000E+00  0.00000E+00  0.00000E+00  0.00000E+00  0.00000E+00  0.00000E+00  0.00000E+00  0.00000E+00  0.00000E+00  0.00000E+00  0.00000E+00  0.00000E+00  0.00000E+00  0.00000E+00  0.00000E+00  0.00000E+00  0.00000E+00  0.00000E+00  0.00000E+00  0.00000E+00  0.00000E+00  0.00000E+00
   14763   2  1.37397E+01  1.37397E+01  1.37397E+01  1.37397E+01  1.37397E+01  1.37397E+01  1.37397E+01  1.37397E+01  1.37397E+01  1.37397E+01  1.37397E+01  1.37397E+01  1.37397E+01  1.37397E+01  1.37397E+01  1.37397E+01  1.37397E+01  1.37397E+01  1.37397E+01  1.37397E+01  1.37397E+01  1.37397E+01  1.37397E+01  1.37397E+01
   14763   3  3.12785E+01  3.12785E+01  3.12785E+01  3.12785E+01  3.12785E+01  3.12785E+01  3.12785E+01  3.12785E+01  3.12785E+01  3.12785E+01  3.12785E+01  3.12785E+01  3.12785E+01  3.12785E+01  3.12785E+01  3.12785E+01  3.12785E+01  3.12785E+01  3.12785E+01  3.12785E+01  3.12785E+01  3.12785E+01  3.12785E+01  3.12785E+01
   12640   3  0.00000E+00  0.00000E+00  0.00000E+00  0.00000E+00  0.00000E+00  0.00000E+00  0.00000E+00  0.00000E+00  0.00000E+00  0.00000E+00  0.00000E+00  0.00000E+00  0.00000E+00  0.00000E+00  0.00000E+00  0.00000E+00  0.00000E+00  0.00000E+00  0.00000E+00  0.00000E+00  0.00000E+00  0.00000E+00  0.00000E+00  0.00000E+00
   12657   2  0.00000E+00  0.00000E+00  0.00000E+00  0.00000E+00  0.00000E+00  0.00000E+00  0.00000E+00  0.00000E+00  0.00000E+00  0.00000E+00  0.00000E+00  0.00000E+00  0.00000E+00  0.00000E+00  0.00000E+00  0.00000E+00  0.00000E+00  0.00000E+00  0.00000E+00  0.00000E+00  0.00000E+00  0.00000E+00  0.00000E+00  0.00000E+00
   19635   3  0.00000E+00  0.00000E+00  0.00000E+00  0.00000E+00  0.00000E+00  0.00000E+00  0.00000E+00  0.00000E+00  0.00000E+00  0.00000E+00  0.00000E+00  0.00000E+00  0.00000E+00  0.00000E+00  0.00000E+00  0.00000E+00  0.00000E+00  0.00000E+00  0.00000E+00  0.00000E+00  0.00000E+00  0.00000E+00  0.00000E+00  0.00000E+00
   19635   4  5.94016E-03  5.94016E-03  5.94016E-03  5.94016E-03  5.94016E-03  5.94016E-03  5.94016E-03  5.94016E-03  5.94016E-03  5.94016E-03  5.94016E-03  5.94016E-03  5.94016E-03  5.94016E-03  5.94016E-03  5.94016E-03  5.94016E-03  5.94016E-03  5.94016E-03  5.94016E-03  5.94016E-03  5.94016E-03  5.94016E-03  5.94016E-03
   20341   3  2.27758E-02  2.27758E-02  2.27758E-02  2.27758E-02  2.27758E-02  2.27758E-02  2.27758E-02  2.27758E-02  2.27758E-02  2.27758E-02  2.27758E-02  2.27758E-02  2.27758E-02  2.27758E-02  2.27758E-02  2.27758E-02  2.27758E-02  2.27758E-02  2.27758E-02  2.27758E-02  2.27758E-02  2.27758E-02  2.27758E-02  2.27758E-02
   20337   3  0.00000E+00  0.00000E+00  0.00000E+00  0.00000E+00  0.00000E+00  0.00000E+00  0.00000E+00  0.00000E+00  0.00000E+00  0.00000E+00  0.00000E+00  0.00000E+00  0.00000E+00  0.00000E+00  0.00000E+00  0.00000E+00  0.00000E+00  0.00000E+00  0.00000E+00  0.00000E+00  0.00000E+00  0.00000E+00  0.00000E+00  0.00000E+00
   20337   4  1.62437E-03  1.62437E-03  1.62437E-03  1.62437E-03  1.62437E-03  1.62437E-03  1.62437E-03  1.62437E-03  1.62437E-03  1.62437E-03  1.62437E-03  1.62437E-03  1.62437E-03  1.62437E-03  1.62437E-03  1.62437E-03  1.62437E-03  1.62437E-03  1.62437E-03  1.62437E-03  1.62437E-03  1.62437E-03  1.62437E-03  1.62437E-03
   19641   4  5.39110E-03  5.39110E-03  5.39110E-03  5.39110E-03  5.39110E-03  5.39110E-03  5.39110E-03  5.39110E-03  5.39110E-03  5.39110E-03  5.39110E-03  5.39110E-03  5.39110E-03  5.39110E-03  5.39110E-03  5.39110E-03  5.39110E-03  5.39110E-03  5.39110E-03  5.39110E-03  5.39110E-03  5.39110E-03  5.39110E-03  5.39110E-03
   19283   4  7.84490E-03  7.84490E-03  7.84490E-03  7.84490E-03  7.84490E-03  7.84490E-03  7.84490E-03  7.84490E-03  7.84490E-03  7.84490E-03  7.84490E-03  7.84490E-03  7.84490E-03  7.84490E-03  7.84490E-03  7.84490E-03  7.84490E-03  7.84490E-03  7.84490E-03  7.84490E-03  7.84490E-03  7.84490E-03  7.84490E-03  7.84490E-03
   19638   5  0.00000E+00  0.00000E+00  0.00000E+00  0.00000E+00  0.00000E+00  0.00000E+00  0.00000E+00  0.00000E+00  0.00000E+00  0.00000E+00  0.00000E+00  0.00000E+00  0.00000E+00  0.00000E+00  0.00000E+00  0.00000E+00  0.00000E+00  0.00000E+00  0.00000E+00  0.00000E+00  0.00000E+00  0.00000E+00  0.00000E+00  0.00000E+00
   19633   3  1.43495E-01  1.43495E-01  1.43495E-01  1.43495E-01  1.43495E-01  1.43495E-01  1.43495E-01  1.43495E-01  1.43495E-01  1.43495E-01  1.43495E-01  1.43495E-01  1.43495E-01  1.43495E-01  1.43495E-01  1.43495E-01  1.43495E-01  1.43495E-01  1.43495E-01  1.43495E-01  1.43495E-01  1.43495E-01  1.43495E-01  1.43495E-01
   19633   7  0.00000E+00  0.00000E+00  0.00000E+00  0.00000E+00  0.00000E+00  0.00000E+00  0.00000E+00  0.00000E+00  0.00000E+00  0.00000E+00  0.00000E+00  0.00000E+00  0.00000E+00  0.00000E+00  0.00000E+00  0.00000E+00  0.00000E+00  0.00000E+00  0.00000E+00  0.00000E+00  0.00000E+00  0.00000E+00  0.00000E+00  0.00000E+00
   19633   4  3.67423E-03  3.67423E-03  3.67423E-03  3.67423E-03  3.67423E-03  3.67423E-03  3.67423E-03  3.67423E-03  3.67423E-03  3.67423E-03  3.67423E-03  3.67423E-03  3.67423E-03  3.67423E-03  3.67423E-03  3.67423E-03  3.67423E-03  3.67423E-03  3.67423E-03  3.67423E-03  3.67423E-03  3.67423E-03  3.67423E-03  3.67423E-03
   18930   3  2.90014E-01  2.90014E-01  2.90014E-01  2.90014E-01  2.90014E-01  2.90014E-01  2.90014E-01  2.90014E-01  2.90014E-01  2.90014E-01  2.90014E-01  2.90014E-01  2.90014E-01  2.90014E-01  2.90014E-01  2.90014E-01  2.90014E-01  2.90014E-01  2.90014E-01  2.90014E-01  2.90014E-01  2.90014E-01  2.90014E-01  2.90014E-01
   19636   5  2.59736E-03  2.59736E-03  2.59736E-03  2.59736E-03  2.59736E-03  2.59736E-03  2.59736E-03  2.59736E-03  2.59736E-03  2.59736E-03  2.59736E-03  2.59736E-03  2.59736E-03  2.59736E-03  2.59736E-03  2.59736E-03  2.59736E-03  2.59736E-03  2.59736E-03  2.59736E-03  2.59736E-03  2.59736E-03  2.59736E-03  2.59736E-03
   20343   4  1.93199E-03  1.93199E-03  1.93199E-03  1.93199E-03  1.93199E-03  1.93199E-03  1.93199E-03  1.93199E-03  1.93199E-03  1.93199E-03  1.93199E-03  1.93199E-03  1.93199E-03  1.93199E-03  1.93199E-03  1.93199E-03  1.93199E-03  1.93199E-03  1.93199E-03  1.93199E-03  1.93199E-03  1.93199E-03  1.93199E-03  1.93199E-03
   20343   3  4.52098E-02  4.52098E-02  4.52098E-02  4.52098E-02  4.52098E-02  4.52098E-02  4.52098E-02  4.52098E-02  4.52098E-02  4.52098E-02  4.52098E-02  4.52098E-02  4.52098E-02  4.52098E-02  4.52098E-02  4.52098E-02  4.52098E-02  4.52098E-02  4.52098E-02  4.52098E-02  4.52098E-02  4.52098E-02  4.52098E-02  4.52098E-02
   19282   5  0.00000E+00  0.00000E+00  0.00000E+00  0.00000E+00  0.00000E+00  0.00000E+00  0.00000E+00  0.00000E+00  0.00000E+00  0.00000E+00  0.00000E+00  0.00000E+00  0.00000E+00  0.00000E+00  0.00000E+00  0.00000E+00  0.00000E+00  0.00000E+00  0.00000E+00  0.00000E+00  0.00000E+00  0.00000E+00  0.00000E+00  0.00000E+00
   19282   4  2.63849E-02  2.63849E-02  2.63849E-02  2.63849E-02  2.63849E-02  2.63849E-02  2.63849E-02  2.63849E-02  2.63849E-02  2.63849E-02  2.63849E-02  2.63849E-02  2.63849E-02  2.63849E-02  2.63849E-02  2.63849E-02  2.63849E-02  2.63849E-02  2.63849E-02  2.63849E-02  2.63849E-02  2.63849E-02  2.63849E-02  2.63849E-02
   19282   3  0.00000E+00  0.00000E+00  0.00000E+00  0.00000E+00  0.00000E+00  0.00000E+00  0.00000E+00  0.00000E+00  0.00000E+00  0.00000E+00  0.00000E+00  0.00000E+00  0.00000E+00  0.00000E+00  0.00000E+00  0.00000E+00  0.00000E+00  0.00000E+00  0.00000E+00  0.00000E+00  0.00000E+00  0.00000E+00  0.00000E+00  0.00000E+00
   19990   3  3.64152E-03  3.64152E-03  3.64152E-03  3.64152E-03  3.64152E-03  3.64152E-03  3.64152E-03  3.64152E-03  3.64152E-03  3.64152E-03  3.64152E-03  3.64152E-03  3.64152E-03  3.64152E-03  3.64152E-03  3.64152E-03  3.64152E-03  3.64152E-03  3.64152E-03  3.64152E-03  3.64152E-03  3.64152E-03  3.64152E-03  3.64152E-03
   19990   4  2.01562E-02  2.01562E-02  2.01562E-02  2.01562E-02  2.01562E-02  2.01562E-02  2.01562E-02  2.01562E-02  2.01562E-02  2.01562E-02  2.01562E-02  2.01562E-02  2.01562E-02  2.01562E-02  2.01562E-02  2.01562E-02  2.01562E-02  2.01562E-02  2.01562E-02  2.01562E-02  2.01562E-02  2.01562E-02  2.01562E-02  2.01562E-02
   18929   3  2.17371E-01  2.17371E-01  2.17371E-01  2.17371E-01  2.17371E-01  2.17371E-01  2.17371E-01  2.17371E-01  2.17371E-01  2.17371E-01  2.17371E-01  2.17371E-01  2.17371E-01  2.28161E-01  2.28161E-01  2.28161E-01  2.28161E-01  2.28161E-01  2.28161E-01  2.28161E-01  2.28161E-01  2.17371E-01  2.17371E-01  2.17371E-01
   18929   4  2.34832E-02  2.34832E-02  2.34832E-02  2.34832E-02  2.34832E-02  2.34832E-02  2.34832E-02  2.34832E-02  2.34832E-02  2.34832E-02  2.34832E-02  2.34832E-02  2.34832E-02  3.83643E-02  3.83643E-02  3.83643E-02  3.83643E-02  3.83643E-02  3.83643E-02  3.83643E-02  3.83643E-02  2.34832E-02  2.34832E-02  2.34832E-02
   19281   4  3.86494E-03  3.86494E-03  3.86494E-03  3.86494E-03  3.86494E-03  3.86494E-03  3.86494E-03  3.86494E-03  3.86494E-03  3.86494E-03  3.86494E-03  3.86494E-03  3.86494E-03  3.86494E-03  3.86494E-03  3.86494E-03  3.86494E-03  3.86494E-03  3.86494E-03  3.86494E-03  3.86494E-03  3.86494E-03  3.86494E-03  3.86494E-03
   19637   3  1.86161E-01  1.86161E-01  1.86161E-01  1.86161E-01  1.86161E-01  1.86161E-01  1.86161E-01  1.86161E-01  1.86161E-01  1.86161E-01  1.86161E-01  1.86161E-01  1.86161E-01  1.86161E-01  1.86161E-01  1.86161E-01  1.86161E-01  1.86161E-01  1.86161E-01  1.86161E-01  1.86161E-01  1.86161E-01  1.86161E-01  1.86161E-01
   17533   4  1.83181E-01  1.83181E-01  1.83181E-01  1.83181E-01  1.83181E-01  1.83181E-01  1.83181E-01  1.83181E-01  1.83181E-01  1.83181E-01  1.83181E-01  1.83181E-01  1.83181E-01  1.83181E-01  1.83181E-01  1.83181E-01  1.83181E-01  1.83181E-01  1.83181E-01  1.83181E-01  1.83181E-01  1.83181E-01  1.83181E-01  1.83181E-01
   17533   3  0.00000E+00  0.00000E+00  0.00000E+00  0.00000E+00  0.00000E+00  0.00000E+00  0.00000E+00  0.00000E+00  0.00000E+00  0.00000E+00  0.00000E+00  0.00000E+00  0.00000E+00  2.03623E-02  2.03623E-02  2.03623E-02  2.03623E-02  2.03623E-02  2.03623E-02  2.03623E-02  2.03623E-02  0.00000E+00  0.00000E+00  0.00000E+00
   19657   3  0.00000E+00  0.00000E+00  0.00000E+00  0.00000E+00  0.00000E+00  0.00000E+00  0.00000E+00  0.00000E+00  0.00000E+00  0.00000E+00  0.00000E+00  0.00000E+00  0.00000E+00  0.00000E+00  0.00000E+00  0.00000E+00  0.00000E+00  0.00000E+00  0.00000E+00  0.00000E+00  0.00000E+00  0.00000E+00  0.00000E+00  0.00000E+00
   19657   2  0.00000E+00  0.00000E+00  0.00000E+00  0.00000E+00  0.00000E+00  0.00000E+00  0.00000E+00  0.00000E+00  0.00000E+00  0.00000E+00  0.00000E+00  0.00000E+00  0.00000E+00  0.00000E+00  0.00000E+00  0.00000E+00  0.00000E+00  0.00000E+00  0.00000E+00  0.00000E+00  0.00000E+00  0.00000E+00  0.00000E+00  0.00000E+00
   17887   3  0.00000E+00  0.00000E+00  0.00000E+00  0.00000E+00  0.00000E+00  0.00000E+00  0.00000E+00  0.00000E+00  0.00000E+00  0.00000E+00  0.00000E+00  0.00000E+00  0.00000E+00  0.00000E+00  0.00000E+00  0.00000E+00  0.00000E+00  0.00000E+00  0.00000E+00  0.00000E+00  0.00000E+00  0.00000E+00  0.00000E+00  0.00000E+00
   20356   4  4.31032E-03  4.31032E-03  4.31032E-03  4.31032E-03  4.31032E-03  4.31032E-03  4.31032E-03  4.31032E-03  4.31032E-03  4.31032E-03  4.31032E-03  4.31032E-03  4.31032E-03  4.31032E-03  4.31032E-03  4.31032E-03  4.31032E-03  4.31032E-03  4.31032E-03  4.31032E-03  4.31032E-03  4.31032E-03  4.31032E-03  4.31032E-03
   20356   3  0.00000E+00  0.00000E+00  0.00000E+00  0.00000E+00  0.00000E+00  0.00000E+00  0.00000E+00  0.00000E+00  0.00000E+00  0.00000E+00  0.00000E+00  0.00000E+00  0.00000E+00  0.00000E+00  0.00000E+00  0.00000E+00  0.00000E+00  0.00000E+00  0.00000E+00  0.00000E+00  0.00000E+00  0.00000E+00  0.00000E+00  0.00000E+00
   20356   2  0.00000E+00  0.00000E+00  0.00000E+00  0.00000E+00  0.00000E+00  0.00000E+00  0.00000E+00  0.00000E+00  0.00000E+00  0.00000E+00  0.00000E+00  0.00000E+00  0.00000E+00  0.00000E+00  0.00000E+00  0.00000E+00  0.00000E+00  0.00000E+00  0.00000E+00  0.00000E+00  0.00000E+00  0.00000E+00  0.00000E+00  0.00000E+00
   15091   3  5.86215E+01  5.86215E+01  5.86215E+01  5.86215E+01  5.86215E+01  5.86128E+01  5.86128E+01  5.86128E+01  5.86128E+01  5.86128E+01  5.86128E+01  5.86128E+01  5.86128E+01  5.86590E+01  5.86590E+01  5.86590E+01  5.86590E+01  5.86590E+01  5.86590E+01  5.86590E+01  5.86590E+01  5.86215E+01  5.86215E+01  5.86215E+01
   15091   4  7.29859E+01  7.29859E+01  7.29859E+01  7.29859E+01  7.29859E+01  7.29859E+01  7.29859E+01  7.29859E+01  7.29859E+01  7.29859E+01  7.29859E+01  7.29859E+01  7.29859E+01  7.29859E+01  7.29859E+01  7.29859E+01  7.29859E+01  7.29859E+01  7.29859E+01  7.29859E+01  7.29859E+01  7.29859E+01  7.29859E+01  7.29859E+01
   15091   2  3.23477E+02  3.23477E+02  3.23477E+02  3.23477E+02  3.23477E+02  3.23477E+02  3.23477E+02  3.23477E+02  3.23477E+02  3.23477E+02  3.23477E+02  3.23477E+02  3.23477E+02  3.23477E+02  3.23477E+02  3.23477E+02  3.23477E+02  3.23477E+02  3.23477E+02  3.23477E+02  3.23477E+02  3.23477E+02  3.23477E+02  3.23477E+02
   15092   4  7.42205E-02  7.42205E-02  7.42205E-02  7.42205E-02  7.42205E-02  7.42205E-02  7.42205E-02  7.42205E-02  7.42205E-02  7.42205E-02  7.42205E-02  7.42205E-02  7.42205E-02  7.42205E-02  7.42205E-02  7.42205E-02  7.42205E-02  7.42205E-02  7.42205E-02  7.42205E-02  7.42205E-02  7.42205E-02  7.42205E-02  7.42205E-02
   15091   7  0.00000E+00  0.00000E+00  0.00000E+00  0.00000E+00  0.00000E+00  0.00000E+00  0.00000E+00  0.00000E+00  0.00000E+00  0.00000E+00  0.00000E+00  0.00000E+00  0.00000E+00  0.00000E+00  0.00000E+00  0.00000E+00  0.00000E+00  0.00000E+00  0.00000E+00  0.00000E+00  0.00000E+00  0.00000E+00  0.00000E+00  0.00000E+00
   15092   1  4.06301E+01  4.06301E+01  4.06301E+01  4.06301E+01  4.06301E+01  4.06301E+01  4.06301E+01  4.06301E+01  4.06301E+01  4.06301E+01  4.06301E+01  4.06301E+01  4.06301E+01  4.06301E+01  4.06301E+01  4.06301E+01  4.06301E+01  4.06301E+01  4.06301E+01  4.06301E+01  4.06301E+01  4.06301E+01  4.06301E+01  4.06301E+01
   15092   3  1.16309E+02  1.16309E+02  1.16309E+02  1.16309E+02  1.16309E+02  1.16309E+02  1.16309E+02  1.16309E+02  1.16309E+02  1.16309E+02  1.16309E+02  1.16309E+02  1.16309E+02  1.16309E+02  1.16309E+02  1.16309E+02  1.16309E+02  1.16309E+02  1.16309E+02  1.16309E+02  1.16309E+02  1.16309E+02  1.16309E+02  1.16309E+02
   15092   2  3.61644E+02  3.61644E+02  3.61644E+02  3.61644E+02  3.61644E+02  3.61644E+02  3.61644E+02  3.61644E+02  3.61644E+02  3.61644E+02  3.61644E+02  3.61644E+02  3.61644E+02  3.61644E+02  3.61644E+02  3.61644E+02  3.61644E+02  3.61644E+02  3.61644E+02  3.61644E+02  3.61644E+02  3.61644E+02  3.61644E+02  3.61644E+02
   14738   4  0.00000E+00  0.00000E+00  0.00000E+00  0.00000E+00  0.00000E+00  0.00000E+00  0.00000E+00  0.00000E+00  0.00000E+00  0.00000E+00  0.00000E+00  0.00000E+00  0.00000E+00  0.00000E+00  0.00000E+00  0.00000E+00  0.00000E+00  0.00000E+00  0.00000E+00  0.00000E+00  0.00000E+00  0.00000E+00  0.00000E+00  0.00000E+00
   17885   3  0.00000E+00  0.00000E+00  0.00000E+00  0.00000E+00  0.00000E+00  0.00000E+00  0.00000E+00  0.00000E+00  0.00000E+00  0.00000E+00  0.00000E+00  0.00000E+00  0.00000E+00  5.80080E-01  5.80080E-01  5.80080E-01  5.80080E-01  5.80080E-01  5.80080E-01  5.80080E-01  5.80080E-01  0.00000E+00  0.00000E+00  0.00000E+00
   17885   4  1.40992E-03  1.40992E-03  1.40992E-03  1.40992E-03  1.40992E-03  1.40992E-03  1.40992E-03  1.40992E-03  1.40992E-03  1.40992E-03  1.40992E-03  1.40992E-03  1.40992E-03  1.40992E-03  1.40992E-03  1.40992E-03  1.40992E-03  1.40992E-03  1.40992E-03  1.40992E-03  1.40992E-03  1.40992E-03  1.40992E-03  1.40992E-03
   18238   4  0.00000E+00  0.00000E+00  0.00000E+00  0.00000E+00  0.00000E+00  0.00000E+00  0.00000E+00  0.00000E+00  0.00000E+00  0.00000E+00  0.00000E+00  0.00000E+00  0.00000E+00  0.00000E+00  0.00000E+00  0.00000E+00  0.00000E+00  0.00000E+00  0.00000E+00  0.00000E+00  0.00000E+00  0.00000E+00  0.00000E+00  0.00000E+00
   15426   3  0.00000E+00  0.00000E+00  0.00000E+00  0.00000E+00  0.00000E+00  0.00000E+00  0.00000E+00  0.00000E+00  0.00000E+00  0.00000E+00  0.00000E+00  0.00000E+00  0.00000E+00  0.00000E+00  0.00000E+00  0.00000E+00  0.00000E+00  0.00000E+00  0.00000E+00  0.00000E+00  0.00000E+00  0.00000E+00  0.00000E+00  0.00000E+00
   14383   3  1.29027E+01  1.29027E+01  1.29027E+01  1.29027E+01  1.29027E+01  1.29027E+01  1.29027E+01  1.29027E+01  1.29027E+01  1.29027E+01  1.29027E+01  1.29027E+01  1.29027E+01  1.29027E+01  1.29027E+01  1.29027E+01  1.29027E+01  1.29027E+01  1.29027E+01  1.29027E+01  1.29027E+01  1.29027E+01  1.29027E+01  1.29027E+01
   14736   4  5.20739E-01  5.20739E-01  5.20739E-01  5.20739E-01  5.20739E-01  5.20739E-01  5.20739E-01  5.20739E-01  5.20739E-01  5.20739E-01  5.20739E-01  5.20739E-01  5.20739E-01  5.25944E-01  5.25944E-01  5.25944E-01  5.25944E-01  5.25944E-01  5.25944E-01  5.25944E-01  5.25944E-01  5.20739E-01  5.20739E-01  5.20739E-01
   14383   4  1.81953E+01  1.81953E+01  1.81953E+01  1.81953E+01  1.81953E+01  1.81953E+01  1.81953E+01  1.81953E+01  1.81953E+01  1.81953E+01  1.81953E+01  1.81953E+01  1.81953E+01  1.81953E+01  1.81953E+01  1.81953E+01  1.81953E+01  1.81953E+01  1.81953E+01  1.81953E+01  1.81953E+01  1.81953E+01  1.81953E+01  1.81953E+01
   14383   2  2.34412E+02  2.34412E+02  2.34412E+02  2.34412E+02  2.34412E+02  2.34412E+02  2.34412E+02  2.34412E+02  2.34412E+02  2.34412E+02  2.34412E+02  2.34412E+02  2.34412E+02  2.34412E+02  2.34412E+02  2.34412E+02  2.34412E+02  2.34412E+02  2.34412E+02  2.34412E+02  2.34412E+02  2.34412E+02  2.34412E+02  2.34412E+02
   14383   1  4.32321E+00  4.32321E+00  4.32321E+00  4.32321E+00  4.32321E+00  4.32321E+00  4.32321E+00  4.32321E+00  4.32321E+00  4.32321E+00  4.32321E+00  4.32321E+00  4.32321E+00  4.32321E+00  4.32321E+00  4.32321E+00  4.32321E+00  4.32321E+00  4.32321E+00  4.32321E+00  4.32321E+00  4.32321E+00  4.32321E+00  4.32321E+00
   17892   3  2.70694E-02  2.70694E-02  2.70694E-02  2.70694E-02  2.70694E-02  2.70694E-02  2.70694E-02  2.70694E-02  2.70694E-02  2.70694E-02  2.70694E-02  2.70694E-02  2.70694E-02  2.70694E-02  2.70694E-02  2.70694E-02  2.70694E-02  2.70694E-02  2.70694E-02  2.70694E-02  2.70694E-02  2.70694E-02  2.70694E-02  2.70694E-02
   17180   3  0.00000E+00  0.00000E+00  0.00000E+00  0.00000E+00  0.00000E+00  0.00000E+00  0.00000E+00  0.00000E+00  0.00000E+00  0.00000E+00  0.00000E+00  0.00000E+00  0.00000E+00  0.00000E+00  0.00000E+00  0.00000E+00  0.00000E+00  0.00000E+00  0.00000E+00  0.00000E+00  0.00000E+00  0.00000E+00  0.00000E+00  0.00000E+00
   17180   2  0.00000E+00  0.00000E+00  0.00000E+00  0.00000E+00  0.00000E+00  0.00000E+00  0.00000E+00  0.00000E+00  0.00000E+00  0.00000E+00  0.00000E+00  0.00000E+00  0.00000E+00  0.00000E+00  0.00000E+00  0.00000E+00  0.00000E+00  0.00000E+00  0.00000E+00  0.00000E+00  0.00000E+00  0.00000E+00  0.00000E+00  0.00000E+00
   17182   3  0.00000E+00  0.00000E+00  0.00000E+00  0.00000E+00  0.00000E+00  0.00000E+00  0.00000E+00  0.00000E+00  0.00000E+00  0.00000E+00  0.00000E+00  0.00000E+00  0.00000E+00  0.00000E+00  0.00000E+00  0.00000E+00  0.00000E+00  0.00000E+00  0.00000E+00  0.00000E+00  0.00000E+00  0.00000E+00  0.00000E+00  0.00000E+00
   14735   3  1.03215E-02  1.03215E-02  1.03215E-02  1.03215E-02  1.03215E-02  0.00000E+00  0.00000E+00  0.00000E+00  0.00000E+00  0.00000E+00  0.00000E+00  0.00000E+00  0.00000E+00  1.03215E-02  1.03215E-02  1.03215E-02  1.03215E-02  1.03215E-02  1.03215E-02  1.03215E-02  1.03215E-02  1.03215E-02  1.03215E-02  1.03215E-02
   17884   4  9.05921E-02  9.05921E-02  9.05921E-02  9.05921E-02  9.05921E-02  9.05921E-02  9.05921E-02  9.05921E-02  9.05921E-02  9.05921E-02  9.05921E-02  9.05921E-02  9.05921E-02  9.05921E-02  9.05921E-02  9.05921E-02  9.05921E-02  9.05921E-02  9.05921E-02  9.05921E-02  9.05921E-02  9.05921E-02  9.05921E-02  9.05921E-02
   18944   3  0.00000E+00  0.00000E+00  0.00000E+00  0.00000E+00  0.00000E+00  0.00000E+00  0.00000E+00  0.00000E+00  0.00000E+00  0.00000E+00  0.00000E+00  0.00000E+00  0.00000E+00  0.00000E+00  0.00000E+00  0.00000E+00  0.00000E+00  0.00000E+00  0.00000E+00  0.00000E+00  0.00000E+00  0.00000E+00  0.00000E+00  0.00000E+00
   15082   3  0.00000E+00  0.00000E+00  0.00000E+00  0.00000E+00  0.00000E+00  0.00000E+00  0.00000E+00  0.00000E+00  0.00000E+00  0.00000E+00  0.00000E+00  0.00000E+00  0.00000E+00  0.00000E+00  0.00000E+00  0.00000E+00  0.00000E+00  0.00000E+00  0.00000E+00  0.00000E+00  0.00000E+00  0.00000E+00  0.00000E+00  0.00000E+00
   15082   2  0.00000E+00  0.00000E+00  0.00000E+00  0.00000E+00  0.00000E+00  0.00000E+00  0.00000E+00  0.00000E+00  0.00000E+00  0.00000E+00  0.00000E+00  0.00000E+00  0.00000E+00  0.00000E+00  0.00000E+00  0.00000E+00  0.00000E+00  0.00000E+00  0.00000E+00  0.00000E+00  0.00000E+00  0.00000E+00  0.00000E+00  0.00000E+00
   14385   3  8.80603E-03  8.80603E-03  8.80603E-03  8.80603E-03  8.80603E-03  0.00000E+00  0.00000E+00  0.00000E+00  0.00000E+00  0.00000E+00  0.00000E+00  0.00000E+00  0.00000E+00  8.80603E-03  8.80603E-03  8.80603E-03  8.80603E-03  8.80603E-03  8.80603E-03  8.80603E-03  8.80603E-03  8.80603E-03  8.80603E-03  8.80603E-03
   14385   4  4.83595E-02  4.83595E-02  4.83595E-02  4.83595E-02  4.83595E-02  4.83595E-02  4.83595E-02  4.83595E-02  4.83595E-02  4.83595E-02  4.83595E-02  4.83595E-02  4.83595E-02  4.83595E-02  4.83595E-02  4.83595E-02  4.83595E-02  4.83595E-02  4.83595E-02  4.83595E-02  4.83595E-02  4.83595E-02  4.83595E-02  4.83595E-02
   17531   4  4.14892E-01  4.14892E-01  4.14892E-01  4.14892E-01  4.14892E-01  4.14892E-01  4.14892E-01  4.14892E-01  4.14892E-01  4.14892E-01  4.14892E-01  4.14892E-01  4.14892E-01  4.14892E-01  4.14892E-01  4.14892E-01  4.14892E-01  4.14892E-01  4.14892E-01  4.14892E-01  4.14892E-01  4.14892E-01  4.14892E-01  4.14892E-01
   17531   3  0.00000E+00  0.00000E+00  0.00000E+00  0.00000E+00  0.00000E+00  0.00000E+00  0.00000E+00  0.00000E+00  0.00000E+00  0.00000E+00  0.00000E+00  0.00000E+00  0.00000E+00  8.04317E-01  8.04317E-01  8.04317E-01  8.04317E-01  8.04317E-01  8.04317E-01  8.04317E-01  8.04317E-01  0.00000E+00  0.00000E+00  0.00000E+00
   17531   5  0.00000E+00  0.00000E+00  0.00000E+00  0.00000E+00  0.00000E+00  0.00000E+00  0.00000E+00  0.00000E+00  0.00000E+00  0.00000E+00  0.00000E+00  0.00000E+00  0.00000E+00  0.00000E+00  0.00000E+00  0.00000E+00  0.00000E+00  0.00000E+00  0.00000E+00  0.00000E+00  0.00000E+00  0.00000E+00  0.00000E+00  0.00000E+00
   17531   2  2.71473E+00  2.71473E+00  2.71473E+00  2.71473E+00  2.71473E+00  2.71473E+00  2.71473E+00  2.71473E+00  2.71473E+00  2.71473E+00  2.71473E+00  2.71473E+00  2.71473E+00  2.71473E+00  2.71473E+00  2.71473E+00  2.71473E+00  2.71473E+00  2.71473E+00  2.71473E+00  2.71473E+00  2.71473E+00  2.71473E+00  2.71473E+00
   17531   7  0.00000E+00  0.00000E+00  0.00000E+00  0.00000E+00  0.00000E+00  0.00000E+00  0.00000E+00  0.00000E+00  0.00000E+00  0.00000E+00  0.00000E+00  0.00000E+00  0.00000E+00  0.00000E+00  0.00000E+00  0.00000E+00  0.00000E+00  0.00000E+00  0.00000E+00  0.00000E+00  0.00000E+00  0.00000E+00  0.00000E+00  0.00000E+00
   21411   4  2.63233E-03  2.63233E-03  2.63233E-03  2.63233E-03  2.63233E-03  2.63233E-03  2.63233E-03  2.63233E-03  2.63233E-03  2.63233E-03  2.63233E-03  2.63233E-03  2.63233E-03  2.63233E-03  2.63233E-03  2.63233E-03  2.63233E-03  2.63233E-03  2.63233E-03  2.63233E-03  2.63233E-03  2.63233E-03  2.63233E-03  2.63233E-03
   20709   4  0.00000E+00  0.00000E+00  0.00000E+00  0.00000E+00  0.00000E+00  0.00000E+00  0.00000E+00  0.00000E+00  0.00000E+00  0.00000E+00  0.00000E+00  0.00000E+00  0.00000E+00  0.00000E+00  0.00000E+00  0.00000E+00  0.00000E+00  0.00000E+00  0.00000E+00  0.00000E+00  0.00000E+00  0.00000E+00  0.00000E+00  0.00000E+00
   20709   7  0.00000E+00  0.00000E+00  0.00000E+00  0.00000E+00  0.00000E+00  0.00000E+00  0.00000E+00  0.00000E+00  0.00000E+00  0.00000E+00  0.00000E+00  0.00000E+00  0.00000E+00  0.00000E+00  0.00000E+00  0.00000E+00  0.00000E+00  0.00000E+00  0.00000E+00  0.00000E+00  0.00000E+00  0.00000E+00  0.00000E+00  0.00000E+00
   13676   3  0.00000E+00  0.00000E+00  0.00000E+00  0.00000E+00  0.00000E+00  0.00000E+00  0.00000E+00  0.00000E+00  0.00000E+00  0.00000E+00  0.00000E+00  0.00000E+00  0.00000E+00  1.27134E-01  1.27134E-01  1.27134E-01  1.27134E-01  1.27134E-01  1.27134E-01  1.27134E-01  1.27134E-01  0.00000E+00  0.00000E+00  0.00000E+00
   21062   3  0.00000E+00  0.00000E+00  0.00000E+00  0.00000E+00  0.00000E+00  0.00000E+00  0.00000E+00  0.00000E+00  0.00000E+00  0.00000E+00  0.00000E+00  0.00000E+00  0.00000E+00  0.00000E+00  0.00000E+00  0.00000E+00  0.00000E+00  0.00000E+00  0.00000E+00  0.00000E+00  0.00000E+00  0.00000E+00  0.00000E+00  0.00000E+00
   17196   3  0.00000E+00  0.00000E+00  0.00000E+00  0.00000E+00  0.00000E+00  0.00000E+00  0.00000E+00  0.00000E+00  0.00000E+00  0.00000E+00  0.00000E+00  0.00000E+00  0.00000E+00  0.00000E+00  0.00000E+00  0.00000E+00  0.00000E+00  0.00000E+00  0.00000E+00  0.00000E+00  0.00000E+00  0.00000E+00  0.00000E+00  0.00000E+00
   17196   2  0.00000E+00  0.00000E+00  0.00000E+00  0.00000E+00  0.00000E+00  0.00000E+00  0.00000E+00  0.00000E+00  0.00000E+00  0.00000E+00  0.00000E+00  0.00000E+00  0.00000E+00  0.00000E+00  0.00000E+00  0.00000E+00  0.00000E+00  0.00000E+00  0.00000E+00  0.00000E+00  0.00000E+00  0.00000E+00  0.00000E+00  0.00000E+00
   23179   4  2.51368E-02  2.51368E-02  2.51368E-02  2.51368E-02  2.51368E-02  2.51368E-02  2.51368E-02  2.51368E-02  2.51368E-02  2.51368E-02  2.51368E-02  2.51368E-02  2.51368E-02  2.51368E-02  2.51368E-02  2.51368E-02  2.51368E-02  2.51368E-02  2.51368E-02  2.51368E-02  2.51368E-02  2.51368E-02  2.51368E-02  2.51368E-02
   23179   3  0.00000E+00  0.00000E+00  0.00000E+00  0.00000E+00  0.00000E+00  0.00000E+00  0.00000E+00  0.00000E+00  0.00000E+00  0.00000E+00  0.00000E+00  0.00000E+00  0.00000E+00  0.00000E+00  0.00000E+00  0.00000E+00  0.00000E+00  0.00000E+00  0.00000E+00  0.00000E+00  0.00000E+00  0.00000E+00  0.00000E+00  0.00000E+00
   18247   4  1.98893E+02  1.95949E+02  1.85016E+02  1.66935E+02  1.48013E+02  1.25118E+02  1.15850E+02  1.11216E+02  1.09671E+02  1.12761E+02  1.22028E+02  1.36703E+02  1.55625E+02  1.67210E+02  1.76478E+02  1.84587E+02  1.87677E+02  1.90766E+02  1.91925E+02  1.93469E+02  1.93083E+02  1.91925E+02  1.88835E+02  1.84201E+02
   12621   2  3.86088E+02  3.86088E+02  3.86088E+02  3.86088E+02  3.86088E+02  3.86088E+02  3.86088E+02  3.86088E+02  3.86088E+02  3.86088E+02  3.86088E+02  3.86088E+02  3.86088E+02  3.86088E+02  3.86088E+02  3.86088E+02  3.86088E+02  3.86088E+02  3.86088E+02  3.86088E+02  3.86088E+02  3.86088E+02  3.86088E+02  3.86088E+02
   12621   3  2.85055E+02  2.85055E+02  2.85055E+02  2.85055E+02  2.85055E+02  2.85055E+02  2.85055E+02  2.85055E+02  2.85055E+02  2.85055E+02  2.85055E+02  2.85055E+02  2.85055E+02  2.85055E+02  2.85055E+02  2.85055E+02  2.85055E+02  2.85055E+02  2.85055E+02  2.85055E+02  2.85055E+02  2.85055E+02  2.85055E+02  2.85055E+02
   12621   7  0.00000E+00  0.00000E+00  0.00000E+00  0.00000E+00  0.00000E+00  0.00000E+00  0.00000E+00  0.00000E+00  0.00000E+00  0.00000E+00  0.00000E+00  0.00000E+00  0.00000E+00  0.00000E+00  0.00000E+00  0.00000E+00  0.00000E+00  0.00000E+00  0.00000E+00  0.00000E+00  0.00000E+00  0.00000E+00  0.00000E+00  0.00000E+00
   21063   3  1.65683E-01  1.65683E-01  1.65683E-01  1.65683E-01  1.65683E-01  1.65683E-01  1.65683E-01  1.65683E-01  1.65683E-01  1.65683E-01  1.65683E-01  1.65683E-01  1.65683E-01  1.65683E-01  1.65683E-01  1.65683E-01  1.65683E-01  1.65683E-01  1.65683E-01  1.65683E-01  1.65683E-01  1.65683E-01  1.65683E-01  1.65683E-01
   17529   4  9.38602E-03  9.38602E-03  9.38602E-03  9.38602E-03  9.38602E-03  9.38602E-03  9.38602E-03  9.38602E-03  9.38602E-03  9.38602E-03  9.38602E-03  9.38602E-03  9.38602E-03  9.38602E-03  9.38602E-03  9.38602E-03  9.38602E-03  9.38602E-03  9.38602E-03  9.38602E-03  9.38602E-03  9.38602E-03  9.38602E-03  9.38602E-03
   17530   3  0.00000E+00  0.00000E+00  0.00000E+00  0.00000E+00  0.00000E+00  0.00000E+00  0.00000E+00  0.00000E+00  0.00000E+00  0.00000E+00  0.00000E+00  0.00000E+00  0.00000E+00  0.00000E+00  0.00000E+00  0.00000E+00  0.00000E+00  0.00000E+00  0.00000E+00  0.00000E+00  0.00000E+00  0.00000E+00  0.00000E+00  0.00000E+00
   17530   4  5.11287E-01  5.11287E-01  5.11287E-01  5.11287E-01  5.11287E-01  5.11287E-01  5.11287E-01  5.11287E-01  5.11287E-01  5.11287E-01  5.11287E-01  5.11287E-01  5.11287E-01  5.11287E-01  5.11287E-01  5.11287E-01  5.11287E-01  5.11287E-01  5.11287E-01  5.11287E-01  5.11287E-01  5.11287E-01  5.11287E-01  5.11287E-01
   17530   6  4.02304E-01  4.02304E-01  4.02304E-01  4.02304E-01  4.02304E-01  4.02304E-01  4.02304E-01  4.02304E-01  4.02304E-01  4.02304E-01  4.02304E-01  4.02304E-01  4.02304E-01  4.02304E-01  4.02304E-01  4.02304E-01  4.02304E-01  4.02304E-01  4.02304E-01  4.02304E-01  4.02304E-01  4.02304E-01  4.02304E-01  4.02304E-01
   32341   4  0.00000E+00  0.00000E+00  0.00000E+00  0.00000E+00  0.00000E+00  0.00000E+00  0.00000E+00  0.00000E+00  0.00000E+00  0.00000E+00  0.00000E+00  0.00000E+00  0.00000E+00  0.00000E+00  0.00000E+00  0.00000E+00  0.00000E+00  0.00000E+00  0.00000E+00  0.00000E+00  0.00000E+00  0.00000E+00  0.00000E+00  0.00000E+00
   31636   3  0.00000E+00  0.00000E+00  0.00000E+00  0.00000E+00  0.00000E+00  0.00000E+00  0.00000E+00  0.00000E+00  0.00000E+00  0.00000E+00  0.00000E+00  0.00000E+00  0.00000E+00  0.00000E+00  0.00000E+00  0.00000E+00  0.00000E+00  0.00000E+00  0.00000E+00  0.00000E+00  0.00000E+00  0.00000E+00  0.00000E+00  0.00000E+00
   31636   2  0.00000E+00  0.00000E+00  0.00000E+00  0.00000E+00  0.00000E+00  0.00000E+00  0.00000E+00  0.00000E+00  0.00000E+00  0.00000E+00  0.00000E+00  0.00000E+00  0.00000E+00  0.00000E+00  0.00000E+00  0.00000E+00  0.00000E+00  0.00000E+00  0.00000E+00  0.00000E+00  0.00000E+00  0.00000E+00  0.00000E+00  0.00000E+00
   32694   3  0.00000E+00  0.00000E+00  0.00000E+00  0.00000E+00  0.00000E+00  0.00000E+00  0.00000E+00  0.00000E+00  0.00000E+00  0.00000E+00  0.00000E+00  0.00000E+00  0.00000E+00  0.00000E+00  0.00000E+00  0.00000E+00  0.00000E+00  0.00000E+00  0.00000E+00  0.00000E+00  0.00000E+00  0.00000E+00  0.00000E+00  0.00000E+00
   17888   3  0.00000E+00  0.00000E+00  0.00000E+00  0.00000E+00  0.00000E+00  0.00000E+00  0.00000E+00  0.00000E+00  0.00000E+00  0.00000E+00  0.00000E+00  0.00000E+00  0.00000E+00  0.00000E+00  0.00000E+00  0.00000E+00  0.00000E+00  0.00000E+00  0.00000E+00  0.00000E+00  0.00000E+00  0.00000E+00  0.00000E+00  0.00000E+00
   19303   4  2.75703E-05  2.75703E-05  2.75703E-05  2.75703E-05  2.75703E-05  2.75703E-05  2.75703E-05  2.75703E-05  2.75703E-05  2.75703E-05  2.75703E-05  2.75703E-05  2.75703E-05  2.75703E-05  2.75703E-05  2.75703E-05  2.75703E-05  2.75703E-05  2.75703E-05  2.75703E-05  2.75703E-05  2.75703E-05  2.75703E-05  2.75703E-05
   20352   4  0.00000E+00  0.00000E+00  0.00000E+00  0.00000E+00  0.00000E+00  0.00000E+00  0.00000E+00  0.00000E+00  0.00000E+00  0.00000E+00  0.00000E+00  0.00000E+00  0.00000E+00  0.00000E+00  0.00000E+00  0.00000E+00  0.00000E+00  0.00000E+00  0.00000E+00  0.00000E+00  0.00000E+00  0.00000E+00  0.00000E+00  0.00000E+00
   20352   7  0.00000E+00  0.00000E+00  0.00000E+00  0.00000E+00  0.00000E+00  0.00000E+00  0.00000E+00  0.00000E+00  0.00000E+00  0.00000E+00  0.00000E+00  0.00000E+00  0.00000E+00  0.00000E+00  0.00000E+00  0.00000E+00  0.00000E+00  0.00000E+00  0.00000E+00  0.00000E+00  0.00000E+00  0.00000E+00  0.00000E+00  0.00000E+00
   24938   4  2.86785E+00  2.86785E+00  2.86785E+00  2.86785E+00  2.86785E+00  2.86785E+00  2.86785E+00  2.86785E+00  2.86785E+00  2.86785E+00  2.86785E+00  2.86785E+00  2.86785E+00  2.86785E+00  2.86785E+00  2.86785E+00  2.86785E+00  2.86785E+00  2.86785E+00  2.86785E+00  2.86785E+00  2.86785E+00  2.86785E+00  2.86785E+00
   24938   3  6.70404E+01  6.70404E+01  6.70404E+01  6.70404E+01  6.70404E+01  6.70404E+01  6.70404E+01  6.70404E+01  6.70404E+01  6.70404E+01  6.70404E+01  6.70404E+01  6.70404E+01  6.70404E+01  6.70404E+01  6.70404E+01  6.70404E+01  6.70404E+01  6.70404E+01  6.70404E+01  6.70404E+01  6.70404E+01  6.70404E+01  6.70404E+01
   24938   2  3.19054E+00  3.19054E+00  3.19054E+00  3.19054E+00  3.19054E+00  3.19054E+00  3.19054E+00  3.19054E+00  3.19054E+00  3.19054E+00  3.19054E+00  3.19054E+00  3.19054E+00  3.19054E+00  3.19054E+00  3.19054E+00  3.19054E+00  3.19054E+00  3.19054E+00  3.19054E+00  3.19054E+00  3.19054E+00  3.19054E+00  3.19054E+00
   24938   7  0.00000E+00  0.00000E+00  0.00000E+00  0.00000E+00  0.00000E+00  0.00000E+00  0.00000E+00  0.00000E+00  0.00000E+00  0.00000E+00  0.00000E+00  0.00000E+00  0.00000E+00  0.00000E+00  0.00000E+00  0.00000E+00  0.00000E+00  0.00000E+00  0.00000E+00  0.00000E+00  0.00000E+00  0.00000E+00  0.00000E+00  0.00000E+00
   31639   3  0.00000E+00  0.00000E+00  0.00000E+00  0.00000E+00  0.00000E+00  0.00000E+00  0.00000E+00  0.00000E+00  0.00000E+00  0.00000E+00  0.00000E+00  0.00000E+00  0.00000E+00  0.00000E+00  0.00000E+00  0.00000E+00  0.00000E+00  0.00000E+00  0.00000E+00  0.00000E+00  0.00000E+00  0.00000E+00  0.00000E+00  0.00000E+00
   13317   4  9.89105E-03  9.89105E-03  9.89105E-03  9.89105E-03  9.89105E-03  9.89105E-03  9.89105E-03  9.89105E-03  9.89105E-03  9.89105E-03  9.89105E-03  9.89105E-03  9.89105E-03  9.89105E-03  9.89105E-03  9.89105E-03  9.89105E-03  9.89105E-03  9.89105E-03  9.89105E-03  9.89105E-03  9.89105E-03  9.89105E-03  9.89105E-03
   12967   4  1.40992E-03  1.40992E-03  1.40992E-03  1.40992E-03  1.40992E-03  1.40992E-03  1.40992E-03  1.40992E-03  1.40992E-03  1.40992E-03  1.40992E-03  1.40992E-03  1.40992E-03  1.40992E-03  1.40992E-03  1.40992E-03  1.40992E-03  1.40992E-03  1.40992E-03  1.40992E-03  1.40992E-03  1.40992E-03  1.40992E-03  1.40992E-03
   12967   3  0.00000E+00  0.00000E+00  0.00000E+00  0.00000E+00  0.00000E+00  0.00000E+00  0.00000E+00  0.00000E+00  0.00000E+00  0.00000E+00  0.00000E+00  0.00000E+00  0.00000E+00  5.55910E-03  5.55910E-03  5.55910E-03  5.55910E-03  5.55910E-03  5.55910E-03  5.55910E-03  5.55910E-03  0.00000E+00  0.00000E+00  0.00000E+00
   26700   3  0.00000E+00  0.00000E+00  0.00000E+00  0.00000E+00  0.00000E+00  0.00000E+00  0.00000E+00  0.00000E+00  0.00000E+00  0.00000E+00  0.00000E+00  0.00000E+00  0.00000E+00  0.00000E+00  0.00000E+00  0.00000E+00  0.00000E+00  0.00000E+00  0.00000E+00  0.00000E+00  0.00000E+00  0.00000E+00  0.00000E+00  0.00000E+00
   16475   3  0.00000E+00  0.00000E+00  0.00000E+00  0.00000E+00  0.00000E+00  0.00000E+00  0.00000E+00  0.00000E+00  0.00000E+00  0.00000E+00  0.00000E+00  0.00000E+00  0.00000E+00  0.00000E+00  0.00000E+00  0.00000E+00  0.00000E+00  0.00000E+00  0.00000E+00  0.00000E+00  0.00000E+00  0.00000E+00  0.00000E+00  0.00000E+00
   16475   2  0.00000E+00  0.00000E+00  0.00000E+00  0.00000E+00  0.00000E+00  0.00000E+00  0.00000E+00  0.00000E+00  0.00000E+00  0.00000E+00  0.00000E+00  0.00000E+00  0.00000E+00  0.00000E+00  0.00000E+00  0.00000E+00  0.00000E+00  0.00000E+00  0.00000E+00  0.00000E+00  0.00000E+00  0.00000E+00  0.00000E+00  0.00000E+00
   16481   3  0.00000E+00  0.00000E+00  0.00000E+00  0.00000E+00  0.00000E+00  0.00000E+00  0.00000E+00  0.00000E+00  0.00000E+00  0.00000E+00  0.00000E+00  0.00000E+00  0.00000E+00  0.00000E+00  0.00000E+00  0.00000E+00  0.00000E+00  0.00000E+00  0.00000E+00  0.00000E+00  0.00000E+00  0.00000E+00  0.00000E+00  0.00000E+00
   16481   7  0.00000E+00  0.00000E+00  0.00000E+00  0.00000E+00  0.00000E+00  0.00000E+00  0.00000E+00  0.00000E+00  0.00000E+00  0.00000E+00  0.00000E+00  0.00000E+00  0.00000E+00  0.00000E+00  0.00000E+00  0.00000E+00  0.00000E+00  0.00000E+00  0.00000E+00  0.00000E+00  0.00000E+00  0.00000E+00  0.00000E+00  0.00000E+00
   25290   6  0.00000E+00  0.00000E+00  0.00000E+00  0.00000E+00  0.00000E+00  0.00000E+00  0.00000E+00  0.00000E+00  0.00000E+00  0.00000E+00  0.00000E+00  0.00000E+00  0.00000E+00  0.00000E+00  0.00000E+00  0.00000E+00  0.00000E+00  0.00000E+00  0.00000E+00  0.00000E+00  0.00000E+00  0.00000E+00  0.00000E+00  0.00000E+00
   25290   3  1.35559E+00  1.33553E+00  1.26101E+00  1.13778E+00  1.00881E+00  8.52763E-01  7.89595E-01  7.58011E-01  7.47483E-01  7.68539E-01  8.31707E-01  9.31722E-01  1.06069E+00  1.13965E+00  1.20282E+00  1.25809E+00  1.27914E+00  1.30020E+00  1.30810E+00  1.31862E+00  1.31599E+00  1.30810E+00  1.28704E+00  1.25546E+00
   26704   4  4.83400E-04  4.83400E-04  4.83400E-04  4.83400E-04  4.83400E-04  4.83400E-04  4.83400E-04  4.83400E-04  4.83400E-04  4.83400E-04  4.83400E-04  4.83400E-04  4.83400E-04  4.83400E-04  4.83400E-04  4.83400E-04  4.83400E-04  4.83400E-04  4.83400E-04  4.83400E-04  4.83400E-04  4.83400E-04  4.83400E-04  4.83400E-04
   26704   2  1.18916E+01  1.17156E+01  1.10619E+01  9.98086E+00  8.84953E+00  7.48064E+00  6.92652E+00  6.64946E+00  6.55710E+00  6.74181E+00  7.29593E+00  8.17329E+00  9.30462E+00  9.99728E+00  1.05514E+01  1.10363E+01  1.12210E+01  1.14057E+01  1.14749E+01  1.15673E+01  1.15442E+01  1.14749E+01  1.12902E+01  1.10132E+01
   20009   2  0.00000E+00  0.00000E+00  0.00000E+00  0.00000E+00  0.00000E+00  0.00000E+00  0.00000E+00  0.00000E+00  0.00000E+00  0.00000E+00  0.00000E+00  0.00000E+00  0.00000E+00  0.00000E+00  0.00000E+00  0.00000E+00  0.00000E+00  0.00000E+00  0.00000E+00  0.00000E+00  0.00000E+00  0.00000E+00  0.00000E+00  0.00000E+00
   20362   3  0.00000E+00  0.00000E+00  0.00000E+00  0.00000E+00  0.00000E+00  0.00000E+00  0.00000E+00  0.00000E+00  0.00000E+00  0.00000E+00  0.00000E+00  0.00000E+00  0.00000E+00  0.00000E+00  0.00000E+00  0.00000E+00  0.00000E+00  0.00000E+00  0.00000E+00  0.00000E+00  0.00000E+00  0.00000E+00  0.00000E+00  0.00000E+00
   20362   2  0.00000E+00  0.00000E+00  0.00000E+00  0.00000E+00  0.00000E+00  0.00000E+00  0.00000E+00  0.00000E+00  0.00000E+00  0.00000E+00  0.00000E+00  0.00000E+00  0.00000E+00  0.00000E+00  0.00000E+00  0.00000E+00  0.00000E+00  0.00000E+00  0.00000E+00  0.00000E+00  0.00000E+00  0.00000E+00  0.00000E+00  0.00000E+00
   19305   3  1.50074E-02  1.50074E-02  1.50074E-02  1.50074E-02  1.50074E-02  1.50074E-02  1.50074E-02  1.50074E-02  1.50074E-02  1.50074E-02  1.50074E-02  1.50074E-02  1.50074E-02  1.50074E-02  1.50074E-02  1.50074E-02  1.50074E-02  1.50074E-02  1.50074E-02  1.50074E-02  1.50074E-02  1.50074E-02  1.50074E-02  1.50074E-02
   19305   4  4.56659E-01  4.56659E-01  4.56659E-01  4.56659E-01  4.56659E-01  4.56659E-01  4.56659E-01  4.56659E-01  4.56659E-01  4.56659E-01  4.56659E-01  4.56659E-01  4.56659E-01  4.56659E-01  4.56659E-01  4.56659E-01  4.56659E-01  4.56659E-01  4.56659E-01  4.56659E-01  4.56659E-01  4.56659E-01  4.56659E-01  4.56659E-01
   19305   5  1.74707E-02  1.74707E-02  1.74707E-02  1.74707E-02  1.74707E-02  1.74707E-02  1.74707E-02  1.74707E-02  1.74707E-02  1.74707E-02  1.74707E-02  1.74707E-02  1.74707E-02  1.74707E-02  1.74707E-02  1.74707E-02  1.74707E-02  1.74707E-02  1.74707E-02  1.74707E-02  1.74707E-02  1.74707E-02  1.74707E-02  1.74707E-02
   19306   3  0.00000E+00  0.00000E+00  0.00000E+00  0.00000E+00  0.00000E+00  0.00000E+00  0.00000E+00  0.00000E+00  0.00000E+00  0.00000E+00  0.00000E+00  0.00000E+00  0.00000E+00  0.00000E+00  0.00000E+00  0.00000E+00  0.00000E+00  0.00000E+00  0.00000E+00  0.00000E+00  0.00000E+00  0.00000E+00  0.00000E+00  0.00000E+00
   19306   7  0.00000E+00  0.00000E+00  0.00000E+00  0.00000E+00  0.00000E+00  0.00000E+00  0.00000E+00  0.00000E+00  0.00000E+00  0.00000E+00  0.00000E+00  0.00000E+00  0.00000E+00  0.00000E+00  0.00000E+00  0.00000E+00  0.00000E+00  0.00000E+00  0.00000E+00  0.00000E+00  0.00000E+00  0.00000E+00  0.00000E+00  0.00000E+00
   29869   3  0.00000E+00  0.00000E+00  0.00000E+00  0.00000E+00  0.00000E+00  0.00000E+00  0.00000E+00  0.00000E+00  0.00000E+00  0.00000E+00  0.00000E+00  0.00000E+00  0.00000E+00  0.00000E+00  0.00000E+00  0.00000E+00  0.00000E+00  0.00000E+00  0.00000E+00  0.00000E+00  0.00000E+00  0.00000E+00  0.00000E+00  0.00000E+00
   15423   5  6.41632E-02  6.41632E-02  6.41632E-02  6.41632E-02  6.41632E-02  6.41632E-02  6.41632E-02  6.41632E-02  6.41632E-02  6.41632E-02  6.41632E-02  6.41632E-02  6.41632E-02  6.41632E-02  6.41632E-02  6.41632E-02  6.41632E-02  6.41632E-02  6.41632E-02  6.41632E-02  6.41632E-02  6.41632E-02  6.41632E-02  6.41632E-02
   15071   2  0.00000E+00  0.00000E+00  0.00000E+00  0.00000E+00  0.00000E+00  0.00000E+00  0.00000E+00  0.00000E+00  0.00000E+00  0.00000E+00  0.00000E+00  0.00000E+00  0.00000E+00  0.00000E+00  0.00000E+00  0.00000E+00  0.00000E+00  0.00000E+00  0.00000E+00  0.00000E+00  0.00000E+00  0.00000E+00  0.00000E+00  0.00000E+00
   15423   3  7.00000E-01  7.00000E-01  7.00000E-01  7.00000E-01  7.00000E-01  7.00000E-01  7.00000E-01  7.00000E-01  7.00000E-01  7.00000E-01  7.00000E-01  7.00000E-01  7.00000E-01  7.00000E-01  7.00000E-01  7.00000E-01  7.00000E-01  7.00000E-01  7.00000E-01  7.00000E-01  7.00000E-01  7.00000E-01  7.00000E-01  7.00000E-01
   15423   2  0.00000E+00  0.00000E+00  0.00000E+00  0.00000E+00  0.00000E+00  0.00000E+00  0.00000E+00  0.00000E+00  0.00000E+00  0.00000E+00  0.00000E+00  0.00000E+00  0.00000E+00  0.00000E+00  0.00000E+00  0.00000E+00  0.00000E+00  0.00000E+00  0.00000E+00  0.00000E+00  0.00000E+00  0.00000E+00  0.00000E+00  0.00000E+00
   29174   3  0.00000E+00  0.00000E+00  0.00000E+00  0.00000E+00  0.00000E+00  0.00000E+00  0.00000E+00  0.00000E+00  0.00000E+00  0.00000E+00  0.00000E+00  0.00000E+00  0.00000E+00  0.00000E+00  0.00000E+00  0.00000E+00  0.00000E+00  0.00000E+00  0.00000E+00  0.00000E+00  0.00000E+00  0.00000E+00  0.00000E+00  0.00000E+00
   29174   2  0.00000E+00  0.00000E+00  0.00000E+00  0.00000E+00  0.00000E+00  0.00000E+00  0.00000E+00  0.00000E+00  0.00000E+00  0.00000E+00  0.00000E+00  0.00000E+00  0.00000E+00  0.00000E+00  0.00000E+00  0.00000E+00  0.00000E+00  0.00000E+00  0.00000E+00  0.00000E+00  0.00000E+00  0.00000E+00  0.00000E+00  0.00000E+00
   28558   3  1.03981E+00  1.02615E+00  9.75426E-01  8.91528E-01  8.03727E-01  6.74473E-01  6.31469E-01  6.09967E-01  6.02799E-01  6.17134E-01  6.60138E-01  7.28228E-01  8.16029E-01  8.92802E-01  9.35806E-01  9.73435E-01  9.87769E-01  1.00210E+00  1.00748E+00  1.01465E+00  1.01286E+00  1.00748E+00  9.93145E-01  9.71643E-01
   28558   4  2.25908E-01  2.25908E-01  2.25908E-01  2.25908E-01  2.25908E-01  2.25908E-01  2.25908E-01  2.25908E-01  2.25908E-01  2.25908E-01  2.25908E-01  2.25908E-01  2.25908E-01  2.25908E-01  2.25908E-01  2.25908E-01  2.25908E-01  2.25908E-01  2.25908E-01  2.25908E-01  2.25908E-01  2.25908E-01  2.25908E-01  2.25908E-01
   28558   2  9.07784E-01  9.07784E-01  9.07784E-01  9.07784E-01  9.07784E-01  9.07784E-01  9.07784E-01  9.07784E-01  9.07784E-01  9.07784E-01  9.07784E-01  9.07784E-01  9.07784E-01  9.07784E-01  9.07784E-01  9.07784E-01  9.07784E-01  9.07784E-01  9.07784E-01  9.07784E-01  9.07784E-01  9.07784E-01  9.07784E-01  9.07784E-01
   28911   3  0.00000E+00  0.00000E+00  0.00000E+00  0.00000E+00  0.00000E+00  0.00000E+00  0.00000E+00  0.00000E+00  0.00000E+00  0.00000E+00  0.00000E+00  0.00000E+00  0.00000E+00  0.00000E+00  0.00000E+00  0.00000E+00  0.00000E+00  0.00000E+00  0.00000E+00  0.00000E+00  0.00000E+00  0.00000E+00  0.00000E+00  0.00000E+00
   29621   4  1.30054E-02  1.30054E-02  1.30054E-02  1.30054E-02  1.30054E-02  1.30054E-02  1.30054E-02  1.30054E-02  1.30054E-02  1.30054E-02  1.30054E-02  1.30054E-02  1.30054E-02  1.30054E-02  1.30054E-02  1.30054E-02  1.30054E-02  1.30054E-02  1.30054E-02  1.30054E-02  1.30054E-02  1.30054E-02  1.30054E-02  1.30054E-02
   29616   7  0.00000E+00  0.00000E+00  0.00000E+00  0.00000E+00  0.00000E+00  0.00000E+00  0.00000E+00  0.00000E+00  0.00000E+00  0.00000E+00  0.00000E+00  0.00000E+00  0.00000E+00  0.00000E+00  0.00000E+00  0.00000E+00  0.00000E+00  0.00000E+00  0.00000E+00  0.00000E+00  0.00000E+00  0.00000E+00  0.00000E+00  0.00000E+00
   28204   3  9.94960E-03  9.94960E-03  9.94960E-03  9.94960E-03  9.94960E-03  0.00000E+00  0.00000E+00  0.00000E+00  0.00000E+00  0.00000E+00  0.00000E+00  0.00000E+00  0.00000E+00  9.94960E-03  9.94960E-03  9.94960E-03  9.94960E-03  9.94960E-03  9.94960E-03  9.94960E-03  9.94960E-03  9.94960E-03  9.94960E-03  9.94960E-03
   28204   4  0.00000E+00  0.00000E+00  0.00000E+00  0.00000E+00  0.00000E+00  0.00000E+00  0.00000E+00  0.00000E+00  0.00000E+00  0.00000E+00  0.00000E+00  0.00000E+00  0.00000E+00  0.00000E+00  0.00000E+00  0.00000E+00  0.00000E+00  0.00000E+00  0.00000E+00  0.00000E+00  0.00000E+00  0.00000E+00  0.00000E+00  0.00000E+00
   28204   7  0.00000E+00  0.00000E+00  0.00000E+00  0.00000E+00  0.00000E+00  0.00000E+00  0.00000E+00  0.00000E+00  0.00000E+00  0.00000E+00  0.00000E+00  0.00000E+00  0.00000E+00  0.00000E+00  0.00000E+00  0.00000E+00  0.00000E+00  0.00000E+00  0.00000E+00  0.00000E+00  0.00000E+00  0.00000E+00  0.00000E+00  0.00000E+00
   28221   3  9.34393E-01  9.20565E-01  8.69203E-01  7.84258E-01  6.95362E-01  5.87801E-01  5.44260E-01  5.22489E-01  5.15233E-01  5.29746E-01  5.73287E-01  6.42227E-01  7.31122E-01  7.85548E-01  8.29089E-01  8.67187E-01  8.81701E-01  8.96214E-01  9.01657E-01  9.08914E-01  9.07100E-01  9.01657E-01  8.87143E-01  8.65373E-01
   28221   2  2.18025E+00  2.14799E+00  2.02814E+00  1.82994E+00  1.62251E+00  1.37153E+00  1.26994E+00  1.21914E+00  1.20221E+00  1.23607E+00  1.33767E+00  1.49853E+00  1.70595E+00  1.83295E+00  1.93454E+00  2.02344E+00  2.05730E+00  2.09117E+00  2.10387E+00  2.12080E+00  2.11657E+00  2.10387E+00  2.07000E+00  2.01920E+00
   36171   3  2.23829E-03  2.23829E-03  2.23829E-03  2.23829E-03  2.23829E-03  2.23829E-03  2.23829E-03  2.23829E-03  2.23829E-03  2.23829E-03  2.23829E-03  2.23829E-03  2.23829E-03  2.23829E-03  2.23829E-03  2.23829E-03  2.23829E-03  2.23829E-03  2.23829E-03  2.23829E-03  2.23829E-03  2.23829E-03  2.23829E-03  2.23829E-03
   34059   3  5.29089E-04  5.29089E-04  5.29089E-04  5.29089E-04  5.29089E-04  5.29089E-04  5.29089E-04  5.29089E-04  5.29089E-04  5.29089E-04  5.29089E-04  5.29089E-04  5.29089E-04  5.29089E-04  5.29089E-04  5.29089E-04  5.29089E-04  5.29089E-04  5.29089E-04  5.29089E-04  5.29089E-04  5.29089E-04  5.29089E-04  5.29089E-04
   34059   7  0.00000E+00  0.00000E+00  0.00000E+00  0.00000E+00  0.00000E+00  0.00000E+00  0.00000E+00  0.00000E+00  0.00000E+00  0.00000E+00  0.00000E+00  0.00000E+00  0.00000E+00  0.00000E+00  0.00000E+00  0.00000E+00  0.00000E+00  0.00000E+00  0.00000E+00  0.00000E+00  0.00000E+00  0.00000E+00  0.00000E+00  0.00000E+00
   35117   4  0.00000E+00  0.00000E+00  0.00000E+00  0.00000E+00  0.00000E+00  0.00000E+00  0.00000E+00  0.00000E+00  0.00000E+00  0.00000E+00  0.00000E+00  0.00000E+00  0.00000E+00  0.00000E+00  0.00000E+00  0.00000E+00  0.00000E+00  0.00000E+00  0.00000E+00  0.00000E+00  0.00000E+00  0.00000E+00  0.00000E+00  0.00000E+00
   37574   3  8.61578E-04  8.61578E-04  8.61578E-04  8.61578E-04  8.61578E-04  8.61578E-04  8.61578E-04  8.61578E-04  8.61578E-04  8.61578E-04  8.61578E-04  8.61578E-04  8.61578E-04  8.61578E-04  8.61578E-04  8.61578E-04  8.61578E-04  8.61578E-04  8.61578E-04  8.61578E-04  8.61578E-04  8.61578E-04  8.61578E-04  8.61578E-04
   37927   3  1.36758E-04  1.36758E-04  1.36758E-04  1.36758E-04  1.36758E-04  1.36758E-04  1.36758E-04  1.36758E-04  1.36758E-04  1.36758E-04  1.36758E-04  1.36758E-04  1.36758E-04  1.36758E-04  1.36758E-04  1.36758E-04  1.36758E-04  1.36758E-04  1.36758E-04  1.36758E-04  1.36758E-04  1.36758E-04  1.36758E-04  1.36758E-04
   34411   3  2.67615E-04  2.67615E-04  2.67615E-04  2.67615E-04  2.67615E-04  2.67615E-04  2.67615E-04  2.67615E-04  2.67615E-04  2.67615E-04  2.67615E-04  2.67615E-04  2.67615E-04  2.67615E-04  2.67615E-04  2.67615E-04  2.67615E-04  2.67615E-04  2.67615E-04  2.67615E-04  2.67615E-04  2.67615E-04  2.67615E-04  2.67615E-04
   34765   3  3.64324E-05  3.64324E-05  3.64324E-05  3.64324E-05  3.64324E-05  3.64324E-05  3.64324E-05  3.64324E-05  3.64324E-05  3.64324E-05  3.64324E-05  3.64324E-05  3.64324E-05  3.64324E-05  3.64324E-05  3.64324E-05  3.64324E-05  3.64324E-05  3.64324E-05  3.64324E-05  3.64324E-05  3.64324E-05  3.64324E-05  3.64324E-05
