OLI ,RADM-2, Emissions
         909 ,2005-03-16_00:00:00,SAT
   47145   3  0.00000E+00  0.00000E+00  0.00000E+00  0.00000E+00  0.00000E+00  0.00000E+00  0.00000E+00  0.00000E+00  0.00000E+00  0.00000E+00  0.00000E+00  0.00000E+00  0.00000E+00  0.00000E+00  0.00000E+00  0.00000E+00  0.00000E+00  0.00000E+00  0.00000E+00  0.00000E+00  0.00000E+00  0.00000E+00  0.00000E+00  0.00000E+00
   46441   2  0.00000E+00  0.00000E+00  0.00000E+00  0.00000E+00  0.00000E+00  0.00000E+00  0.00000E+00  0.00000E+00  0.00000E+00  0.00000E+00  0.00000E+00  0.00000E+00  0.00000E+00  0.00000E+00  0.00000E+00  0.00000E+00  0.00000E+00  0.00000E+00  0.00000E+00  0.00000E+00  0.00000E+00  0.00000E+00  0.00000E+00  0.00000E+00
   46441   3  0.00000E+00  0.00000E+00  0.00000E+00  0.00000E+00  0.00000E+00  0.00000E+00  0.00000E+00  0.00000E+00  0.00000E+00  0.00000E+00  0.00000E+00  0.00000E+00  0.00000E+00  0.00000E+00  0.00000E+00  0.00000E+00  0.00000E+00  0.00000E+00  0.00000E+00  0.00000E+00  0.00000E+00  0.00000E+00  0.00000E+00  0.00000E+00
   76270   4  8.50224E+01  8.50224E+01  8.50224E+01  8.50224E+01  8.50224E+01  8.50224E+01  8.50224E+01  8.50224E+01  8.50224E+01  8.50224E+01  8.50224E+01  8.50224E+01  8.50224E+01  8.50224E+01  8.50224E+01  8.50224E+01  8.50224E+01  8.50224E+01  8.50224E+01  8.50224E+01  8.50224E+01  8.50224E+01  8.50224E+01  8.50224E+01
   76270   3  0.00000E+00  0.00000E+00  0.00000E+00  0.00000E+00  0.00000E+00  0.00000E+00  0.00000E+00  0.00000E+00  0.00000E+00  0.00000E+00  0.00000E+00  0.00000E+00  0.00000E+00  0.00000E+00  0.00000E+00  0.00000E+00  0.00000E+00  0.00000E+00  0.00000E+00  0.00000E+00  0.00000E+00  0.00000E+00  0.00000E+00  0.00000E+00
   76270   7  2.19984E+01  2.19984E+01  2.19984E+01  2.19984E+01  2.19984E+01  2.19984E+01  2.19984E+01  2.19984E+01  2.19984E+01  2.19984E+01  2.19984E+01  2.19984E+01  2.19984E+01  2.19984E+01  2.19984E+01  2.19984E+01  2.19984E+01  2.19984E+01  2.19984E+01  2.19984E+01  2.19984E+01  2.19984E+01  2.19984E+01  2.19984E+01
   79107   3  1.71538E-01  1.71538E-01  1.71538E-01  1.71538E-01  1.71538E-01  1.71538E-01  1.71538E-01  1.71538E-01  1.71538E-01  1.71538E-01  1.71538E-01  1.71538E-01  1.71538E-01  1.71538E-01  1.71538E-01  1.94883E+01  1.94883E+01  1.94883E+01  1.94883E+01  1.94883E+01  1.94883E+01  1.94883E+01  1.94883E+01  1.71538E-01
   79108   3  0.00000E+00  0.00000E+00  0.00000E+00  0.00000E+00  0.00000E+00  0.00000E+00  0.00000E+00  0.00000E+00  0.00000E+00  0.00000E+00  0.00000E+00  0.00000E+00  0.00000E+00  0.00000E+00  0.00000E+00  0.00000E+00  0.00000E+00  0.00000E+00  0.00000E+00  0.00000E+00  0.00000E+00  0.00000E+00  0.00000E+00  0.00000E+00
   72399   3  1.78193E-03  1.78193E-03  1.78193E-03  1.78193E-03  1.78193E-03  1.78193E-03  1.78193E-03  1.78193E-03  1.78193E-03  1.78193E-03  1.78193E-03  1.78193E-03  1.78193E-03  1.78193E-03  1.78193E-03  1.78193E-03  1.78193E-03  1.78193E-03  1.78193E-03  1.78193E-03  1.78193E-03  1.78193E-03  1.78193E-03  1.78193E-03
   79107   4  9.03850E+00  9.03850E+00  9.03850E+00  9.03850E+00  9.03850E+00  9.03850E+00  9.03850E+00  9.03850E+00  9.03850E+00  9.03850E+00  9.03850E+00  9.03850E+00  9.03850E+00  9.03850E+00  9.03850E+00  9.03850E+00  9.03850E+00  9.03850E+00  9.03850E+00  9.03850E+00  9.03850E+00  9.03850E+00  9.03850E+00  9.03850E+00
   79106   4  4.57790E-01  4.57790E-01  4.57790E-01  4.57790E-01  4.57790E-01  4.57790E-01  4.57790E-01  4.57790E-01  4.57790E-01  4.57790E-01  4.57790E-01  4.57790E-01  4.57790E-01  4.57790E-01  4.57790E-01  4.57790E-01  4.57790E-01  4.57790E-01  4.57790E-01  4.57790E-01  4.57790E-01  4.57790E-01  4.57790E-01  4.57790E-01
   78754   3  7.41565E-06  7.41565E-06  7.41565E-06  7.41565E-06  7.41565E-06  7.41565E-06  7.41565E-06  7.41565E-06  7.41565E-06  7.41565E-06  7.41565E-06  7.41565E-06  7.41565E-06  7.41565E-06  7.41565E-06  7.41565E-06  7.41565E-06  7.41565E-06  7.41565E-06  7.41565E-06  7.41565E-06  7.41565E-06  7.41565E-06  7.41565E-06
   78754   4  1.35660E-01  1.35660E-01  1.35660E-01  1.35660E-01  1.35660E-01  1.35660E-01  1.35660E-01  1.35660E-01  1.35660E-01  1.35660E-01  1.35660E-01  1.35660E-01  1.35660E-01  1.35660E-01  1.35660E-01  1.35660E-01  1.35660E-01  1.35660E-01  1.35660E-01  1.35660E-01  1.35660E-01  1.35660E-01  1.35660E-01  1.35660E-01
   78755   3  0.00000E+00  0.00000E+00  0.00000E+00  0.00000E+00  0.00000E+00  0.00000E+00  0.00000E+00  0.00000E+00  0.00000E+00  0.00000E+00  0.00000E+00  0.00000E+00  0.00000E+00  0.00000E+00  0.00000E+00  0.00000E+00  0.00000E+00  0.00000E+00  0.00000E+00  0.00000E+00  0.00000E+00  0.00000E+00  0.00000E+00  0.00000E+00
   79107   7  5.43802E-01  5.43802E-01  5.43802E-01  5.43802E-01  5.43802E-01  5.43802E-01  5.43802E-01  5.43802E-01  5.43802E-01  5.43802E-01  5.43802E-01  5.43802E-01  5.43802E-01  5.43802E-01  5.43802E-01  7.33728E+00  7.33728E+00  7.33728E+00  7.33728E+00  7.33728E+00  7.33728E+00  7.33728E+00  7.33728E+00  5.43802E-01
   78738   4  1.03261E+02  1.03261E+02  1.03261E+02  1.03261E+02  1.03261E+02  1.03261E+02  1.03261E+02  1.03261E+02  1.03261E+02  1.03261E+02  1.03261E+02  1.03261E+02  1.03261E+02  1.03261E+02  1.03261E+02  1.03261E+02  1.03261E+02  1.03261E+02  1.03261E+02  1.03261E+02  1.03261E+02  1.03261E+02  1.03261E+02  1.03261E+02
   78383   3  1.33754E+00  1.31775E+00  1.24423E+00  1.12263E+00  9.95382E-01  8.41411E-01  7.79085E-01  7.47921E-01  7.37534E-01  7.58309E-01  8.20636E-01  9.19320E-01  1.04657E+00  1.12448E+00  1.18681E+00  1.24134E+00  1.26212E+00  1.28289E+00  1.29068E+00  1.30107E+00  1.29847E+00  1.29068E+00  1.26991E+00  1.23874E+00
   78383   2  4.45848E-01  4.39250E-01  4.14742E-01  3.74211E-01  3.31794E-01  2.80470E-01  2.59695E-01  2.49307E-01  2.45845E-01  2.52770E-01  2.73545E-01  3.06440E-01  3.48857E-01  3.74826E-01  3.95602E-01  4.13781E-01  4.20706E-01  4.27631E-01  4.30228E-01  4.33691E-01  4.32825E-01  4.30228E-01  4.23303E-01  4.12915E-01
   78383   6  0.00000E+00  0.00000E+00  0.00000E+00  0.00000E+00  0.00000E+00  0.00000E+00  0.00000E+00  0.00000E+00  0.00000E+00  0.00000E+00  0.00000E+00  0.00000E+00  0.00000E+00  0.00000E+00  0.00000E+00  0.00000E+00  0.00000E+00  0.00000E+00  0.00000E+00  0.00000E+00  0.00000E+00  0.00000E+00  0.00000E+00  0.00000E+00
   78032   5  2.91053E+00  2.91053E+00  2.91053E+00  2.91053E+00  2.91053E+00  2.91053E+00  2.91053E+00  2.91053E+00  2.91053E+00  2.91053E+00  2.91053E+00  2.91053E+00  2.91053E+00  2.91053E+00  2.91053E+00  2.91053E+00  2.91053E+00  2.91053E+00  2.91053E+00  2.91053E+00  2.91053E+00  2.91053E+00  2.91053E+00  2.91053E+00
   51367   3  1.72101E-03  1.72101E-03  1.72101E-03  1.72101E-03  1.72101E-03  1.72101E-03  1.72101E-03  1.72101E-03  1.72101E-03  1.72101E-03  1.72101E-03  1.72101E-03  1.72101E-03  1.72101E-03  1.72101E-03  1.72101E-03  1.72101E-03  1.72101E-03  1.72101E-03  1.72101E-03  1.72101E-03  1.72101E-03  1.72101E-03  1.72101E-03
   52419   3  0.00000E+00  0.00000E+00  0.00000E+00  0.00000E+00  0.00000E+00  0.00000E+00  0.00000E+00  0.00000E+00  0.00000E+00  0.00000E+00  0.00000E+00  0.00000E+00  0.00000E+00  0.00000E+00  0.00000E+00  0.00000E+00  0.00000E+00  0.00000E+00  0.00000E+00  0.00000E+00  0.00000E+00  0.00000E+00  0.00000E+00  0.00000E+00
   47111   3  0.00000E+00  0.00000E+00  0.00000E+00  0.00000E+00  0.00000E+00  0.00000E+00  0.00000E+00  0.00000E+00  0.00000E+00  0.00000E+00  0.00000E+00  0.00000E+00  0.00000E+00  0.00000E+00  0.00000E+00  0.00000E+00  0.00000E+00  0.00000E+00  0.00000E+00  0.00000E+00  0.00000E+00  0.00000E+00  0.00000E+00  0.00000E+00
   52073   4  2.02472E-02  2.02472E-02  2.02472E-02  2.02472E-02  2.02472E-02  2.02472E-02  2.02472E-02  2.02472E-02  2.02472E-02  2.02472E-02  2.02472E-02  2.02472E-02  2.02472E-02  2.02472E-02  2.02472E-02  2.02472E-02  2.02472E-02  2.02472E-02  2.02472E-02  2.02472E-02  2.02472E-02  2.02472E-02  2.02472E-02  2.02472E-02
   52073   3  0.00000E+00  0.00000E+00  0.00000E+00  0.00000E+00  0.00000E+00  0.00000E+00  0.00000E+00  0.00000E+00  0.00000E+00  0.00000E+00  0.00000E+00  0.00000E+00  0.00000E+00  1.11808E+00  1.11808E+00  1.11808E+00  1.11808E+00  1.11808E+00  1.11808E+00  1.11808E+00  1.11808E+00  0.00000E+00  0.00000E+00  0.00000E+00
   52073   1  0.00000E+00  0.00000E+00  0.00000E+00  0.00000E+00  0.00000E+00  0.00000E+00  0.00000E+00  0.00000E+00  0.00000E+00  0.00000E+00  0.00000E+00  0.00000E+00  0.00000E+00  0.00000E+00  0.00000E+00  0.00000E+00  0.00000E+00  0.00000E+00  0.00000E+00  0.00000E+00  0.00000E+00  0.00000E+00  0.00000E+00  0.00000E+00
   52073   2  3.42777E+01  3.42777E+01  3.42777E+01  3.42777E+01  3.42777E+01  3.42777E+01  3.42777E+01  3.42777E+01  3.42777E+01  3.42777E+01  3.42777E+01  3.42777E+01  3.42777E+01  3.42777E+01  3.42777E+01  3.42777E+01  3.42777E+01  3.42777E+01  3.42777E+01  3.42777E+01  3.42777E+01  3.42777E+01  3.42777E+01  3.42777E+01
   52076   7  4.94130E+00  4.94130E+00  4.94130E+00  4.94130E+00  4.94130E+00  4.94130E+00  4.94130E+00  4.94130E+00  4.94130E+00  4.94130E+00  4.94130E+00  4.94130E+00  4.94130E+00  4.94130E+00  4.94130E+00  4.94130E+00  4.94130E+00  4.94130E+00  4.94130E+00  4.94130E+00  4.94130E+00  4.94130E+00  4.94130E+00  4.94130E+00
   56308   3  0.00000E+00  0.00000E+00  0.00000E+00  0.00000E+00  0.00000E+00  0.00000E+00  0.00000E+00  0.00000E+00  0.00000E+00  0.00000E+00  0.00000E+00  0.00000E+00  0.00000E+00  0.00000E+00  0.00000E+00  0.00000E+00  0.00000E+00  0.00000E+00  0.00000E+00  0.00000E+00  0.00000E+00  0.00000E+00  0.00000E+00  0.00000E+00
   57719   2  1.59135E-04  1.59135E-04  1.59135E-04  1.59135E-04  1.59135E-04  1.59135E-04  1.59135E-04  1.59135E-04  1.59135E-04  1.59135E-04  1.59135E-04  1.59135E-04  1.59135E-04  1.59135E-04  1.59135E-04  1.59135E-04  1.59135E-04  1.59135E-04  1.59135E-04  1.59135E-04  1.59135E-04  1.59135E-04  1.59135E-04  1.59135E-04
   58787   3  0.00000E+00  0.00000E+00  0.00000E+00  0.00000E+00  0.00000E+00  0.00000E+00  0.00000E+00  0.00000E+00  0.00000E+00  0.00000E+00  0.00000E+00  0.00000E+00  0.00000E+00  0.00000E+00  0.00000E+00  0.00000E+00  0.00000E+00  0.00000E+00  0.00000E+00  0.00000E+00  0.00000E+00  0.00000E+00  0.00000E+00  0.00000E+00
   58787   2  4.57721E+00  4.50947E+00  4.25787E+00  3.84176E+00  3.40629E+00  2.87939E+00  2.66610E+00  2.55946E+00  2.52391E+00  2.59501E+00  2.80830E+00  3.14600E+00  3.58147E+00  3.84808E+00  4.06137E+00  4.24799E+00  4.31909E+00  4.39018E+00  4.41684E+00  4.45239E+00  4.44351E+00  4.41684E+00  4.34575E+00  4.23911E+00
   52405   4  0.00000E+00  0.00000E+00  0.00000E+00  0.00000E+00  0.00000E+00  0.00000E+00  0.00000E+00  0.00000E+00  0.00000E+00  0.00000E+00  0.00000E+00  0.00000E+00  0.00000E+00  0.00000E+00  0.00000E+00  0.00000E+00  0.00000E+00  0.00000E+00  0.00000E+00  0.00000E+00  0.00000E+00  0.00000E+00  0.00000E+00  0.00000E+00
   53828   3  0.00000E+00  0.00000E+00  0.00000E+00  0.00000E+00  0.00000E+00  0.00000E+00  0.00000E+00  0.00000E+00  0.00000E+00  0.00000E+00  0.00000E+00  0.00000E+00  0.00000E+00  0.00000E+00  0.00000E+00  0.00000E+00  0.00000E+00  0.00000E+00  0.00000E+00  0.00000E+00  0.00000E+00  0.00000E+00  0.00000E+00  0.00000E+00
   59849   3  5.49689E-02  5.49689E-02  5.49689E-02  5.49689E-02  5.49689E-02  5.49689E-02  5.49689E-02  5.49689E-02  5.49689E-02  5.49689E-02  5.49689E-02  5.49689E-02  5.49689E-02  5.49689E-02  5.49689E-02  5.49689E-02  5.49689E-02  5.49689E-02  5.49689E-02  5.49689E-02  5.49689E-02  5.49689E-02  5.49689E-02  5.49689E-02
   59849   4  1.77872E-01  1.77872E-01  1.77872E-01  1.77872E-01  1.77872E-01  1.77872E-01  1.77872E-01  1.77872E-01  1.77872E-01  1.77872E-01  1.77872E-01  1.77872E-01  1.77872E-01  1.77872E-01  1.77872E-01  1.77872E-01  1.77872E-01  1.77872E-01  1.77872E-01  1.77872E-01  1.77872E-01  1.77872E-01  1.77872E-01  1.77872E-01
   46431   3  1.98620E+00  1.98620E+00  1.98620E+00  1.98620E+00  1.98620E+00  1.98620E+00  1.98620E+00  1.98620E+00  1.98620E+00  1.98620E+00  1.98620E+00  1.98620E+00  1.98620E+00  1.98620E+00  1.98620E+00  1.98620E+00  1.98620E+00  1.98620E+00  1.98620E+00  1.98620E+00  1.98620E+00  1.98620E+00  1.98620E+00  1.98620E+00
   46078   4  3.06373E-02  3.06373E-02  3.06373E-02  3.06373E-02  3.06373E-02  3.06373E-02  3.06373E-02  3.06373E-02  3.06373E-02  3.06373E-02  3.06373E-02  3.06373E-02  3.06373E-02  3.06373E-02  3.06373E-02  3.06373E-02  3.06373E-02  3.06373E-02  3.06373E-02  3.06373E-02  3.06373E-02  3.06373E-02  3.06373E-02  3.06373E-02
   46078   3  0.00000E+00  0.00000E+00  0.00000E+00  0.00000E+00  0.00000E+00  0.00000E+00  0.00000E+00  0.00000E+00  0.00000E+00  0.00000E+00  0.00000E+00  0.00000E+00  0.00000E+00  0.00000E+00  0.00000E+00  0.00000E+00  0.00000E+00  0.00000E+00  0.00000E+00  0.00000E+00  0.00000E+00  0.00000E+00  0.00000E+00  0.00000E+00
   46078   7  0.00000E+00  0.00000E+00  0.00000E+00  0.00000E+00  0.00000E+00  0.00000E+00  0.00000E+00  0.00000E+00  0.00000E+00  0.00000E+00  0.00000E+00  0.00000E+00  0.00000E+00  1.82326E+01  1.82326E+01  1.82326E+01  1.82326E+01  1.82326E+01  1.82326E+01  1.82326E+01  1.82326E+01  0.00000E+00  0.00000E+00  0.00000E+00
   47835   2  1.48011E+00  1.48011E+00  1.48011E+00  1.48011E+00  1.48011E+00  1.48011E+00  1.48011E+00  1.48011E+00  1.48011E+00  1.48011E+00  1.48011E+00  1.48011E+00  1.48011E+00  1.48011E+00  1.48011E+00  1.48011E+00  1.48011E+00  1.48011E+00  1.48011E+00  1.48011E+00  1.48011E+00  1.48011E+00  1.48011E+00  1.48011E+00
   47835   8  1.95036E-03  1.95036E-03  1.95036E-03  1.95036E-03  1.95036E-03  1.95036E-03  1.95036E-03  1.95036E-03  1.95036E-03  1.95036E-03  1.95036E-03  1.95036E-03  1.95036E-03  1.95036E-03  1.95036E-03  1.95036E-03  1.95036E-03  1.95036E-03  1.95036E-03  1.95036E-03  1.95036E-03  1.95036E-03  1.95036E-03  1.95036E-03
   47835   3  1.95386E-02  1.95386E-02  1.95386E-02  1.95386E-02  1.95386E-02  1.95386E-02  1.95386E-02  1.95386E-02  1.95386E-02  1.95386E-02  1.95386E-02  1.95386E-02  1.95386E-02  1.95386E-02  1.95386E-02  1.95386E-02  1.95386E-02  1.95386E-02  1.95386E-02  1.95386E-02  1.95386E-02  1.95386E-02  1.95386E-02  1.95386E-02
   56665   7  4.74498E+00  4.74498E+00  4.74498E+00  4.74498E+00  4.74498E+00  4.74498E+00  4.74498E+00  4.74498E+00  4.74498E+00  4.74498E+00  4.74498E+00  4.74498E+00  4.74498E+00  4.74498E+00  4.74498E+00  4.74498E+00  4.74498E+00  4.74498E+00  4.74498E+00  4.74498E+00  4.74498E+00  4.74498E+00  4.74498E+00  4.74498E+00
   45724   4  1.64294E-01  1.64294E-01  1.64294E-01  1.64294E-01  1.64294E-01  1.64294E-01  1.64294E-01  1.64294E-01  1.64294E-01  1.64294E-01  1.64294E-01  1.64294E-01  1.64294E-01  1.64294E-01  1.64294E-01  1.64294E-01  1.64294E-01  1.64294E-01  1.64294E-01  1.64294E-01  1.64294E-01  1.64294E-01  1.64294E-01  1.64294E-01
   45724   3  1.46580E-04  1.46580E-04  1.46580E-04  1.46580E-04  1.46580E-04  1.46580E-04  1.46580E-04  1.46580E-04  1.46580E-04  1.46580E-04  1.46580E-04  1.46580E-04  1.46580E-04  1.46580E-04  1.46580E-04  1.46580E-04  1.46580E-04  1.46580E-04  1.46580E-04  1.46580E-04  1.46580E-04  1.46580E-04  1.46580E-04  1.46580E-04
   44664   7  0.00000E+00  0.00000E+00  0.00000E+00  0.00000E+00  0.00000E+00  0.00000E+00  0.00000E+00  0.00000E+00  0.00000E+00  0.00000E+00  0.00000E+00  0.00000E+00  0.00000E+00  1.31764E-01  1.31764E-01  1.31764E-01  1.31764E-01  1.31764E-01  1.31764E-01  1.31764E-01  1.31764E-01  0.00000E+00  0.00000E+00  0.00000E+00
   45724   7  6.41642E+00  6.41642E+00  6.41642E+00  6.41642E+00  6.41642E+00  6.41642E+00  6.41642E+00  6.41642E+00  6.41642E+00  6.41642E+00  6.41642E+00  6.41642E+00  6.41642E+00  6.41642E+00  6.41642E+00  6.41642E+00  6.41642E+00  6.41642E+00  6.41642E+00  6.41642E+00  6.41642E+00  6.41642E+00  6.41642E+00  6.41642E+00
   56311   3  7.51004E-02  7.51004E-02  7.51004E-02  7.51004E-02  7.51004E-02  7.51004E-02  7.51004E-02  7.51004E-02  7.51004E-02  7.51004E-02  7.51004E-02  7.51004E-02  7.51004E-02  7.51004E-02  7.51004E-02  7.51004E-02  7.51004E-02  7.51004E-02  7.51004E-02  7.51004E-02  7.51004E-02  7.51004E-02  7.51004E-02  7.51004E-02
   46050   3  6.47163E-01  6.47163E-01  6.47163E-01  6.47163E-01  6.47163E-01  6.47163E-01  6.47163E-01  6.47163E-01  6.47163E-01  6.47163E-01  6.47163E-01  6.47163E-01  6.47163E-01  6.47163E-01  6.47163E-01  6.47163E-01  6.47163E-01  6.47163E-01  6.47163E-01  6.47163E-01  6.47163E-01  6.47163E-01  6.47163E-01  6.47163E-01
   46050   4  1.02968E-01  1.02968E-01  1.02968E-01  1.02968E-01  1.02968E-01  1.02968E-01  1.02968E-01  1.02968E-01  1.02968E-01  1.02968E-01  1.02968E-01  1.02968E-01  1.02968E-01  1.02968E-01  1.02968E-01  1.02968E-01  1.02968E-01  1.02968E-01  1.02968E-01  1.02968E-01  1.02968E-01  1.02968E-01  1.02968E-01  1.02968E-01
   46050   2  0.00000E+00  0.00000E+00  0.00000E+00  0.00000E+00  0.00000E+00  0.00000E+00  0.00000E+00  0.00000E+00  0.00000E+00  0.00000E+00  0.00000E+00  0.00000E+00  0.00000E+00  0.00000E+00  0.00000E+00  0.00000E+00  0.00000E+00  0.00000E+00  0.00000E+00  0.00000E+00  0.00000E+00  0.00000E+00  0.00000E+00  0.00000E+00
   46051   4  0.00000E+00  0.00000E+00  0.00000E+00  0.00000E+00  0.00000E+00  0.00000E+00  0.00000E+00  0.00000E+00  0.00000E+00  0.00000E+00  0.00000E+00  0.00000E+00  0.00000E+00  0.00000E+00  0.00000E+00  0.00000E+00  0.00000E+00  0.00000E+00  0.00000E+00  0.00000E+00  0.00000E+00  0.00000E+00  0.00000E+00  0.00000E+00
   71070   3  0.00000E+00  0.00000E+00  0.00000E+00  0.00000E+00  0.00000E+00  0.00000E+00  0.00000E+00  0.00000E+00  0.00000E+00  0.00000E+00  0.00000E+00  0.00000E+00  0.00000E+00  0.00000E+00  0.00000E+00  0.00000E+00  0.00000E+00  0.00000E+00  0.00000E+00  0.00000E+00  0.00000E+00  0.00000E+00  0.00000E+00  0.00000E+00
   55562   4  2.19414E-02  2.19414E-02  2.19414E-02  2.19414E-02  2.19414E-02  2.19414E-02  2.19414E-02  2.19414E-02  2.19414E-02  2.19414E-02  2.19414E-02  2.19414E-02  2.19414E-02  2.19414E-02  2.19414E-02  2.19414E-02  2.19414E-02  2.19414E-02  2.19414E-02  2.19414E-02  2.19414E-02  2.19414E-02  2.19414E-02  2.19414E-02
   59075   4  0.00000E+00  0.00000E+00  0.00000E+00  0.00000E+00  0.00000E+00  0.00000E+00  0.00000E+00  0.00000E+00  0.00000E+00  0.00000E+00  0.00000E+00  0.00000E+00  0.00000E+00  0.00000E+00  0.00000E+00  0.00000E+00  0.00000E+00  0.00000E+00  0.00000E+00  0.00000E+00  0.00000E+00  0.00000E+00  0.00000E+00  0.00000E+00
   57669   3  0.00000E+00  0.00000E+00  0.00000E+00  0.00000E+00  0.00000E+00  0.00000E+00  0.00000E+00  0.00000E+00  0.00000E+00  0.00000E+00  0.00000E+00  0.00000E+00  0.00000E+00  0.00000E+00  0.00000E+00  0.00000E+00  0.00000E+00  0.00000E+00  0.00000E+00  0.00000E+00  0.00000E+00  0.00000E+00  0.00000E+00  0.00000E+00
   59789   3  4.63417E+01  4.63417E+01  4.63417E+01  4.63417E+01  4.63417E+01  4.63417E+01  4.63417E+01  4.63417E+01  4.63417E+01  4.63417E+01  4.63417E+01  4.63417E+01  4.63417E+01  4.63417E+01  4.63417E+01  4.63417E+01  4.63417E+01  4.63417E+01  4.63417E+01  4.63417E+01  4.63417E+01  4.63417E+01  4.63417E+01  4.63417E+01
   59789   4  1.66331E-01  1.66331E-01  1.66331E-01  1.66331E-01  1.66331E-01  1.66331E-01  1.66331E-01  1.66331E-01  1.66331E-01  1.66331E-01  1.66331E-01  1.66331E-01  1.66331E-01  1.66331E-01  1.66331E-01  1.66331E-01  1.66331E-01  1.66331E-01  1.66331E-01  1.66331E-01  1.66331E-01  1.66331E-01  1.66331E-01  1.66331E-01
   59437   5  7.10658E-01  7.10658E-01  7.10658E-01  7.10658E-01  7.10658E-01  7.10658E-01  7.10658E-01  7.10658E-01  7.10658E-01  7.10658E-01  7.10658E-01  7.10658E-01  7.10658E-01  7.10658E-01  7.10658E-01  7.10658E-01  7.10658E-01  7.10658E-01  7.10658E-01  7.10658E-01  7.10658E-01  7.10658E-01  7.10658E-01  7.10658E-01
   57677   2  1.01452E+01  1.00601E+01  9.91127E+00  9.35828E+00  8.44372E+00  7.48662E+00  6.32856E+00  5.85978E+00  5.62538E+00  5.54725E+00  5.70351E+00  6.17230E+00  6.91454E+00  7.87163E+00  8.45761E+00  8.92639E+00  9.33658E+00  9.49284E+00  9.64910E+00  9.70769E+00  9.78583E+00  9.76629E+00  9.70769E+00  9.55143E+00
   57677   4  0.00000E+00  0.00000E+00  0.00000E+00  0.00000E+00  0.00000E+00  0.00000E+00  0.00000E+00  0.00000E+00  0.00000E+00  0.00000E+00  0.00000E+00  0.00000E+00  0.00000E+00  0.00000E+00  0.00000E+00  0.00000E+00  0.00000E+00  0.00000E+00  0.00000E+00  0.00000E+00  0.00000E+00  0.00000E+00  0.00000E+00  0.00000E+00
   57677   3  0.00000E+00  0.00000E+00  0.00000E+00  0.00000E+00  0.00000E+00  0.00000E+00  0.00000E+00  0.00000E+00  0.00000E+00  0.00000E+00  0.00000E+00  0.00000E+00  0.00000E+00  0.00000E+00  0.00000E+00  0.00000E+00  0.00000E+00  0.00000E+00  0.00000E+00  0.00000E+00  0.00000E+00  0.00000E+00  0.00000E+00  0.00000E+00
   52380   7  2.71196E+00  2.71196E+00  2.71196E+00  2.71196E+00  2.71196E+00  2.71196E+00  2.71196E+00  2.71196E+00  2.71196E+00  2.71196E+00  2.71196E+00  2.71196E+00  2.71196E+00  2.71196E+00  2.71196E+00  2.71196E+00  2.71196E+00  2.71196E+00  2.71196E+00  2.71196E+00  2.71196E+00  2.71196E+00  2.71196E+00  2.71196E+00
   52380   3  0.00000E+00  0.00000E+00  0.00000E+00  0.00000E+00  0.00000E+00  0.00000E+00  0.00000E+00  0.00000E+00  0.00000E+00  0.00000E+00  0.00000E+00  0.00000E+00  0.00000E+00  0.00000E+00  0.00000E+00  0.00000E+00  0.00000E+00  0.00000E+00  0.00000E+00  0.00000E+00  0.00000E+00  0.00000E+00  0.00000E+00  0.00000E+00
   73199   3  6.19185E+00  6.19185E+00  6.19185E+00  6.19185E+00  6.19185E+00  6.19185E+00  6.19185E+00  6.19185E+00  6.19185E+00  6.19185E+00  6.19185E+00  6.19185E+00  6.19185E+00  6.19185E+00  1.83817E+01  1.83817E+01  1.83817E+01  1.83817E+01  1.83817E+01  1.83817E+01  1.83817E+01  1.83817E+01  6.19185E+00  6.19185E+00
   71434   3  9.12255E-01  9.04605E-01  8.91218E-01  8.41493E-01  7.59257E-01  6.73195E-01  5.69062E-01  5.26909E-01  5.05833E-01  4.98807E-01  5.12858E-01  5.55011E-01  6.21753E-01  7.07815E-01  7.60506E-01  8.02658E-01  8.39542E-01  8.53593E-01  8.67644E-01  8.72913E-01  8.79938E-01  8.78182E-01  8.72913E-01  8.58862E-01
   71434   2  5.31343E-01  5.31343E-01  5.31343E-01  5.31343E-01  5.31343E-01  5.31343E-01  5.31343E-01  5.31343E-01  5.31343E-01  5.31343E-01  5.31343E-01  5.31343E-01  5.31343E-01  5.31343E-01  5.31343E-01  5.31343E-01  5.31343E-01  5.31343E-01  5.31343E-01  5.31343E-01  5.31343E-01  5.31343E-01  5.31343E-01  5.31343E-01
   73199   2  0.00000E+00  0.00000E+00  0.00000E+00  0.00000E+00  0.00000E+00  0.00000E+00  0.00000E+00  0.00000E+00  0.00000E+00  0.00000E+00  0.00000E+00  0.00000E+00  0.00000E+00  0.00000E+00  0.00000E+00  0.00000E+00  0.00000E+00  0.00000E+00  0.00000E+00  0.00000E+00  0.00000E+00  0.00000E+00  0.00000E+00  0.00000E+00
   73199   4  9.45516E+00  9.45516E+00  9.45516E+00  9.45516E+00  9.45516E+00  9.45516E+00  9.45516E+00  9.45516E+00  9.45516E+00  9.45516E+00  9.45516E+00  9.45516E+00  9.45516E+00  9.45516E+00  9.45516E+00  9.45516E+00  9.45516E+00  9.45516E+00  9.45516E+00  9.45516E+00  9.45516E+00  9.45516E+00  9.45516E+00  9.45516E+00
   72847   4  9.41496E-02  9.41496E-02  9.41496E-02  9.41496E-02  9.41496E-02  9.41496E-02  9.41496E-02  9.41496E-02  9.41496E-02  9.41496E-02  9.41496E-02  9.41496E-02  9.41496E-02  9.41496E-02  9.41496E-02  9.41496E-02  9.41496E-02  9.41496E-02  9.41496E-02  9.41496E-02  9.41496E-02  9.41496E-02  9.41496E-02  9.41496E-02
   72846   3  0.00000E+00  0.00000E+00  0.00000E+00  0.00000E+00  0.00000E+00  0.00000E+00  0.00000E+00  0.00000E+00  0.00000E+00  0.00000E+00  0.00000E+00  0.00000E+00  0.00000E+00  0.00000E+00  8.88488E-02  8.88488E-02  8.88488E-02  8.88488E-02  8.88488E-02  8.88488E-02  8.88488E-02  8.88488E-02  0.00000E+00  0.00000E+00
   72846   4  0.00000E+00  0.00000E+00  0.00000E+00  0.00000E+00  0.00000E+00  0.00000E+00  0.00000E+00  0.00000E+00  0.00000E+00  0.00000E+00  0.00000E+00  0.00000E+00  0.00000E+00  0.00000E+00  0.00000E+00  0.00000E+00  0.00000E+00  0.00000E+00  0.00000E+00  0.00000E+00  0.00000E+00  0.00000E+00  0.00000E+00  0.00000E+00
   73200   4  3.18489E+00  3.18489E+00  3.18489E+00  3.18489E+00  3.18489E+00  3.18489E+00  3.18489E+00  3.18489E+00  3.18489E+00  3.18489E+00  3.18489E+00  3.18489E+00  3.18489E+00  3.18489E+00  3.18489E+00  3.18489E+00  3.18489E+00  3.18489E+00  3.18489E+00  3.18489E+00  3.18489E+00  3.18489E+00  3.18489E+00  3.18489E+00
   72845   4  1.90830E-01  1.90830E-01  1.90830E-01  1.90830E-01  1.90830E-01  1.90830E-01  1.90830E-01  1.90830E-01  1.90830E-01  1.90830E-01  1.90830E-01  1.90830E-01  1.90830E-01  1.90830E-01  1.90830E-01  1.90830E-01  1.90830E-01  1.90830E-01  1.90830E-01  1.90830E-01  1.90830E-01  1.90830E-01  1.90830E-01  1.90830E-01
   72139   7  2.06347E+01  2.06347E+01  2.06347E+01  2.06347E+01  2.06347E+01  2.06347E+01  2.06347E+01  2.06347E+01  2.06347E+01  2.06347E+01  2.06347E+01  2.06347E+01  2.06347E+01  2.06347E+01  2.06347E+01  2.06347E+01  2.06347E+01  2.06347E+01  2.06347E+01  2.06347E+01  2.06347E+01  2.06347E+01  2.06347E+01  2.06347E+01
   57997   3  8.09969E-04  8.09969E-04  8.09969E-04  8.09969E-04  8.09969E-04  8.09969E-04  8.09969E-04  8.09969E-04  8.09969E-04  8.09969E-04  8.09969E-04  8.09969E-04  8.09969E-04  8.09969E-04  8.09969E-04  8.09969E-04  8.09969E-04  8.09969E-04  8.09969E-04  8.09969E-04  8.09969E-04  8.09969E-04  8.09969E-04  8.09969E-04
   51672   3  0.00000E+00  0.00000E+00  0.00000E+00  0.00000E+00  0.00000E+00  0.00000E+00  0.00000E+00  0.00000E+00  0.00000E+00  0.00000E+00  0.00000E+00  0.00000E+00  0.00000E+00  0.00000E+00  0.00000E+00  0.00000E+00  0.00000E+00  0.00000E+00  0.00000E+00  0.00000E+00  0.00000E+00  0.00000E+00  0.00000E+00  0.00000E+00
   56265   3  4.85981E-04  4.85981E-04  4.85981E-04  4.85981E-04  4.85981E-04  4.85981E-04  4.85981E-04  4.85981E-04  4.85981E-04  4.85981E-04  4.85981E-04  4.85981E-04  4.85981E-04  4.85981E-04  4.85981E-04  4.85981E-04  4.85981E-04  4.85981E-04  4.85981E-04  4.85981E-04  4.85981E-04  4.85981E-04  4.85981E-04  4.85981E-04
   46793   2  6.36137E-01  6.26722E-01  5.91755E-01  5.33924E-01  4.73404E-01  4.00176E-01  3.70533E-01  3.55712E-01  3.50771E-01  3.60652E-01  3.90295E-01  4.37229E-01  4.97749E-01  5.34803E-01  5.64445E-01  5.90383E-01  6.00264E-01  6.10144E-01  6.13850E-01  6.18790E-01  6.17555E-01  6.13850E-01  6.03969E-01  5.89148E-01
   47145   7  4.80664E-04  4.80664E-04  4.80664E-04  4.80664E-04  4.80664E-04  0.00000E+00  0.00000E+00  0.00000E+00  0.00000E+00  0.00000E+00  0.00000E+00  0.00000E+00  4.80664E-04  4.80664E-04  4.80664E-04  4.80664E-04  4.80664E-04  4.80664E-04  4.80664E-04  4.80664E-04  4.80664E-04  4.80664E-04  4.80664E-04  4.80664E-04
   47145   4  0.00000E+00  0.00000E+00  0.00000E+00  0.00000E+00  0.00000E+00  0.00000E+00  0.00000E+00  0.00000E+00  0.00000E+00  0.00000E+00  0.00000E+00  0.00000E+00  0.00000E+00  0.00000E+00  0.00000E+00  0.00000E+00  0.00000E+00  0.00000E+00  0.00000E+00  0.00000E+00  0.00000E+00  0.00000E+00  0.00000E+00  0.00000E+00
   46441   1  0.00000E+00  0.00000E+00  0.00000E+00  0.00000E+00  0.00000E+00  0.00000E+00  0.00000E+00  0.00000E+00  0.00000E+00  0.00000E+00  0.00000E+00  0.00000E+00  0.00000E+00  0.00000E+00  0.00000E+00  0.00000E+00  0.00000E+00  0.00000E+00  0.00000E+00  0.00000E+00  0.00000E+00  0.00000E+00  0.00000E+00  0.00000E+00
   46089   7  9.53415E-01  9.53415E-01  9.53415E-01  9.53415E-01  9.53415E-01  9.53415E-01  9.53415E-01  9.53415E-01  9.53415E-01  9.53415E-01  9.53415E-01  9.53415E-01  9.53415E-01  9.53415E-01  9.53415E-01  9.53415E-01  9.53415E-01  9.53415E-01  9.53415E-01  9.53415E-01  9.53415E-01  9.53415E-01  9.53415E-01  9.53415E-01
   47851   4  2.32843E-03  2.32843E-03  2.32843E-03  2.32843E-03  2.32843E-03  2.32843E-03  2.32843E-03  2.32843E-03  2.32843E-03  2.32843E-03  2.32843E-03  2.32843E-03  2.32843E-03  2.32843E-03  2.32843E-03  2.32843E-03  2.32843E-03  2.32843E-03  2.32843E-03  2.32843E-03  2.32843E-03  2.32843E-03  2.32843E-03  2.32843E-03
   47851   3  0.00000E+00  0.00000E+00  0.00000E+00  0.00000E+00  0.00000E+00  0.00000E+00  0.00000E+00  0.00000E+00  0.00000E+00  0.00000E+00  0.00000E+00  0.00000E+00  0.00000E+00  0.00000E+00  0.00000E+00  0.00000E+00  0.00000E+00  0.00000E+00  0.00000E+00  0.00000E+00  0.00000E+00  0.00000E+00  0.00000E+00  0.00000E+00
   47493   3  6.05925E-04  6.05925E-04  6.05925E-04  6.05925E-04  6.05925E-04  6.05925E-04  6.05925E-04  6.05925E-04  6.05925E-04  6.05925E-04  6.05925E-04  6.05925E-04  6.05925E-04  1.06314E-02  1.06314E-02  1.06314E-02  1.06314E-02  1.06314E-02  1.06314E-02  1.06314E-02  1.06314E-02  6.05925E-04  6.05925E-04  6.05925E-04
   47493   4  0.00000E+00  0.00000E+00  0.00000E+00  0.00000E+00  0.00000E+00  0.00000E+00  0.00000E+00  0.00000E+00  0.00000E+00  0.00000E+00  0.00000E+00  0.00000E+00  0.00000E+00  0.00000E+00  0.00000E+00  0.00000E+00  0.00000E+00  0.00000E+00  0.00000E+00  0.00000E+00  0.00000E+00  0.00000E+00  0.00000E+00  0.00000E+00
   47141   4  0.00000E+00  0.00000E+00  0.00000E+00  0.00000E+00  0.00000E+00  0.00000E+00  0.00000E+00  0.00000E+00  0.00000E+00  0.00000E+00  0.00000E+00  0.00000E+00  0.00000E+00  0.00000E+00  0.00000E+00  0.00000E+00  0.00000E+00  0.00000E+00  0.00000E+00  0.00000E+00  0.00000E+00  0.00000E+00  0.00000E+00  0.00000E+00
   47142   4  0.00000E+00  0.00000E+00  0.00000E+00  0.00000E+00  0.00000E+00  0.00000E+00  0.00000E+00  0.00000E+00  0.00000E+00  0.00000E+00  0.00000E+00  0.00000E+00  0.00000E+00  0.00000E+00  0.00000E+00  0.00000E+00  0.00000E+00  0.00000E+00  0.00000E+00  0.00000E+00  0.00000E+00  0.00000E+00  0.00000E+00  0.00000E+00
   47141   3  5.11274E-03  5.11274E-03  5.11274E-03  5.11274E-03  5.11274E-03  5.11274E-03  5.11274E-03  5.11274E-03  5.11274E-03  5.11274E-03  5.11274E-03  5.11274E-03  5.11274E-03  5.11274E-03  5.11274E-03  5.11274E-03  5.11274E-03  5.11274E-03  5.11274E-03  5.11274E-03  5.11274E-03  5.11274E-03  5.11274E-03  5.11274E-03
   47494   3  0.00000E+00  0.00000E+00  0.00000E+00  0.00000E+00  0.00000E+00  0.00000E+00  0.00000E+00  0.00000E+00  0.00000E+00  0.00000E+00  0.00000E+00  0.00000E+00  0.00000E+00  0.00000E+00  0.00000E+00  0.00000E+00  0.00000E+00  0.00000E+00  0.00000E+00  0.00000E+00  0.00000E+00  0.00000E+00  0.00000E+00  0.00000E+00
   46790   4  8.51867E-02  8.51867E-02  8.51867E-02  8.51867E-02  8.51867E-02  8.51867E-02  8.51867E-02  8.51867E-02  8.51867E-02  8.51867E-02  8.51867E-02  8.51867E-02  8.51867E-02  8.51867E-02  8.51867E-02  8.51867E-02  8.51867E-02  8.51867E-02  8.51867E-02  8.51867E-02  8.51867E-02  8.51867E-02  8.51867E-02  8.51867E-02
   46790   3  0.00000E+00  0.00000E+00  0.00000E+00  0.00000E+00  0.00000E+00  0.00000E+00  0.00000E+00  0.00000E+00  0.00000E+00  0.00000E+00  0.00000E+00  0.00000E+00  0.00000E+00  0.00000E+00  0.00000E+00  0.00000E+00  0.00000E+00  0.00000E+00  0.00000E+00  0.00000E+00  0.00000E+00  0.00000E+00  0.00000E+00  0.00000E+00
   47143   4  0.00000E+00  0.00000E+00  0.00000E+00  0.00000E+00  0.00000E+00  0.00000E+00  0.00000E+00  0.00000E+00  0.00000E+00  0.00000E+00  0.00000E+00  0.00000E+00  0.00000E+00  0.00000E+00  0.00000E+00  0.00000E+00  0.00000E+00  0.00000E+00  0.00000E+00  0.00000E+00  0.00000E+00  0.00000E+00  0.00000E+00  0.00000E+00
   47497   7  0.00000E+00  0.00000E+00  0.00000E+00  0.00000E+00  0.00000E+00  0.00000E+00  0.00000E+00  0.00000E+00  0.00000E+00  0.00000E+00  0.00000E+00  0.00000E+00  0.00000E+00  1.82464E+00  1.82464E+00  1.82464E+00  1.82464E+00  1.82464E+00  1.82464E+00  1.82464E+00  1.82464E+00  0.00000E+00  0.00000E+00  0.00000E+00
   47143   3  0.00000E+00  0.00000E+00  0.00000E+00  0.00000E+00  0.00000E+00  0.00000E+00  0.00000E+00  0.00000E+00  0.00000E+00  0.00000E+00  0.00000E+00  0.00000E+00  0.00000E+00  0.00000E+00  0.00000E+00  0.00000E+00  0.00000E+00  0.00000E+00  0.00000E+00  0.00000E+00  0.00000E+00  0.00000E+00  0.00000E+00  0.00000E+00
   46792   4  0.00000E+00  0.00000E+00  0.00000E+00  0.00000E+00  0.00000E+00  0.00000E+00  0.00000E+00  0.00000E+00  0.00000E+00  0.00000E+00  0.00000E+00  0.00000E+00  0.00000E+00  0.00000E+00  0.00000E+00  0.00000E+00  0.00000E+00  0.00000E+00  0.00000E+00  0.00000E+00  0.00000E+00  0.00000E+00  0.00000E+00  0.00000E+00
   46792   3  0.00000E+00  0.00000E+00  0.00000E+00  0.00000E+00  0.00000E+00  0.00000E+00  0.00000E+00  0.00000E+00  0.00000E+00  0.00000E+00  0.00000E+00  0.00000E+00  0.00000E+00  0.00000E+00  0.00000E+00  0.00000E+00  0.00000E+00  0.00000E+00  0.00000E+00  0.00000E+00  0.00000E+00  0.00000E+00  0.00000E+00  0.00000E+00
   46791   3  1.75754E+02  1.75754E+02  1.75754E+02  1.75754E+02  1.75754E+02  1.75754E+02  1.75754E+02  1.75754E+02  1.75754E+02  1.75754E+02  1.75754E+02  1.75754E+02  1.75754E+02  1.76347E+02  1.76347E+02  1.76347E+02  1.76347E+02  1.76347E+02  1.76347E+02  1.76347E+02  1.76347E+02  1.75754E+02  1.75754E+02  1.75754E+02
   46791   8  3.85107E-02  3.85107E-02  3.85107E-02  3.85107E-02  3.85107E-02  3.85107E-02  3.85107E-02  3.85107E-02  3.85107E-02  3.85107E-02  3.85107E-02  3.85107E-02  3.85107E-02  3.85107E-02  3.85107E-02  3.85107E-02  3.85107E-02  3.85107E-02  3.85107E-02  3.85107E-02  3.85107E-02  3.85107E-02  3.85107E-02  3.85107E-02
   46791   2  1.06705E+00  1.05126E+00  9.92603E-01  8.95599E-01  7.94082E-01  6.71250E-01  6.21528E-01  5.96667E-01  5.88380E-01  6.04954E-01  6.54676E-01  7.33403E-01  8.34919E-01  8.97072E-01  9.46794E-01  9.90301E-01  1.00688E+00  1.02345E+00  1.02966E+00  1.03795E+00  1.03588E+00  1.02966E+00  1.01309E+00  9.88229E-01
   46791   4  1.95111E+01  1.95111E+01  1.95111E+01  1.95111E+01  1.95111E+01  1.95111E+01  1.95111E+01  1.95111E+01  1.95111E+01  1.95111E+01  1.95111E+01  1.95111E+01  1.95111E+01  1.95111E+01  1.95111E+01  1.95111E+01  1.95111E+01  1.95111E+01  1.95111E+01  1.95111E+01  1.95111E+01  1.95111E+01  1.95111E+01  1.95111E+01
   46438   3  4.13455E-03  4.13455E-03  4.13455E-03  4.13455E-03  4.13455E-03  4.13455E-03  4.13455E-03  4.13455E-03  4.13455E-03  4.13455E-03  4.13455E-03  4.13455E-03  4.13455E-03  4.13455E-03  4.13455E-03  4.13455E-03  4.13455E-03  4.13455E-03  4.13455E-03  4.13455E-03  4.13455E-03  4.13455E-03  4.13455E-03  4.13455E-03
   47147   3  0.00000E+00  0.00000E+00  0.00000E+00  0.00000E+00  0.00000E+00  0.00000E+00  0.00000E+00  0.00000E+00  0.00000E+00  0.00000E+00  0.00000E+00  0.00000E+00  0.00000E+00  0.00000E+00  0.00000E+00  0.00000E+00  0.00000E+00  0.00000E+00  0.00000E+00  0.00000E+00  0.00000E+00  0.00000E+00  0.00000E+00  0.00000E+00
   47848   3  0.00000E+00  0.00000E+00  0.00000E+00  0.00000E+00  0.00000E+00  0.00000E+00  0.00000E+00  0.00000E+00  0.00000E+00  0.00000E+00  0.00000E+00  0.00000E+00  0.00000E+00  0.00000E+00  0.00000E+00  0.00000E+00  0.00000E+00  0.00000E+00  0.00000E+00  0.00000E+00  0.00000E+00  0.00000E+00  0.00000E+00  0.00000E+00
   46791   1  0.00000E+00  0.00000E+00  0.00000E+00  0.00000E+00  0.00000E+00  0.00000E+00  0.00000E+00  0.00000E+00  0.00000E+00  0.00000E+00  0.00000E+00  0.00000E+00  0.00000E+00  0.00000E+00  0.00000E+00  0.00000E+00  0.00000E+00  0.00000E+00  0.00000E+00  0.00000E+00  0.00000E+00  0.00000E+00  0.00000E+00  0.00000E+00
   47144   3  2.37133E+00  2.37133E+00  2.37133E+00  2.37133E+00  2.37133E+00  2.37133E+00  2.37133E+00  2.37133E+00  2.37133E+00  2.37133E+00  2.37133E+00  2.37133E+00  2.37133E+00  2.37133E+00  2.37133E+00  2.37133E+00  2.37133E+00  2.37133E+00  2.37133E+00  2.37133E+00  2.37133E+00  2.37133E+00  2.37133E+00  2.37133E+00
   47144   4  1.40610E+01  1.40610E+01  1.40610E+01  1.40610E+01  1.40610E+01  1.40610E+01  1.40610E+01  1.40610E+01  1.40610E+01  1.40610E+01  1.40610E+01  1.40610E+01  1.40610E+01  1.40610E+01  1.40610E+01  1.40610E+01  1.40610E+01  1.40610E+01  1.40610E+01  1.40610E+01  1.40610E+01  1.40610E+01  1.40610E+01  1.40610E+01
   47144   1  5.66978E-03  5.66978E-03  5.66978E-03  5.66978E-03  5.66978E-03  5.66978E-03  5.66978E-03  5.66978E-03  5.66978E-03  5.66978E-03  5.66978E-03  5.66978E-03  5.66978E-03  5.66978E-03  5.66978E-03  5.66978E-03  5.66978E-03  5.66978E-03  5.66978E-03  5.66978E-03  5.66978E-03  5.66978E-03  5.66978E-03  5.66978E-03
   47144   2  0.00000E+00  0.00000E+00  0.00000E+00  0.00000E+00  0.00000E+00  0.00000E+00  0.00000E+00  0.00000E+00  0.00000E+00  0.00000E+00  0.00000E+00  0.00000E+00  0.00000E+00  0.00000E+00  0.00000E+00  0.00000E+00  0.00000E+00  0.00000E+00  0.00000E+00  0.00000E+00  0.00000E+00  0.00000E+00  0.00000E+00  0.00000E+00
   46789   3  4.68723E-02  4.68723E-02  4.68723E-02  4.68723E-02  4.68723E-02  4.68723E-02  4.68723E-02  4.68723E-02  4.68723E-02  4.68723E-02  4.68723E-02  4.68723E-02  4.68723E-02  4.68723E-02  4.68723E-02  4.68723E-02  4.68723E-02  4.68723E-02  4.68723E-02  4.68723E-02  4.68723E-02  4.68723E-02  4.68723E-02  4.68723E-02
   46789   4  0.00000E+00  0.00000E+00  0.00000E+00  0.00000E+00  0.00000E+00  0.00000E+00  0.00000E+00  0.00000E+00  0.00000E+00  0.00000E+00  0.00000E+00  0.00000E+00  0.00000E+00  0.00000E+00  0.00000E+00  0.00000E+00  0.00000E+00  0.00000E+00  0.00000E+00  0.00000E+00  0.00000E+00  0.00000E+00  0.00000E+00  0.00000E+00
   46436   7  5.69071E+01  5.69071E+01  5.69071E+01  5.69071E+01  5.69071E+01  5.69071E+01  5.69071E+01  5.69071E+01  5.69071E+01  5.69071E+01  5.69071E+01  5.69071E+01  5.69071E+01  5.69071E+01  5.69071E+01  5.69071E+01  5.69071E+01  5.69071E+01  5.69071E+01  5.69071E+01  5.69071E+01  5.69071E+01  5.69071E+01  5.69071E+01
   71754   1  0.00000E+00  0.00000E+00  0.00000E+00  0.00000E+00  0.00000E+00  0.00000E+00  0.00000E+00  0.00000E+00  0.00000E+00  0.00000E+00  0.00000E+00  0.00000E+00  0.00000E+00  0.00000E+00  2.48728E-01  2.48728E-01  2.48728E-01  2.48728E-01  2.48728E-01  2.48728E-01  2.48728E-01  2.48728E-01  0.00000E+00  0.00000E+00
   71755   4  1.21483E-03  1.21483E-03  1.21483E-03  1.21483E-03  1.21483E-03  1.21483E-03  1.21483E-03  1.21483E-03  1.21483E-03  1.21483E-03  1.21483E-03  1.21483E-03  1.21483E-03  1.21483E-03  1.21483E-03  1.21483E-03  1.21483E-03  1.21483E-03  1.21483E-03  1.21483E-03  1.21483E-03  1.21483E-03  1.21483E-03  1.21483E-03
   72073   3  0.00000E+00  0.00000E+00  0.00000E+00  0.00000E+00  0.00000E+00  0.00000E+00  0.00000E+00  0.00000E+00  0.00000E+00  0.00000E+00  0.00000E+00  0.00000E+00  0.00000E+00  0.00000E+00  0.00000E+00  0.00000E+00  0.00000E+00  0.00000E+00  0.00000E+00  0.00000E+00  0.00000E+00  0.00000E+00  0.00000E+00  0.00000E+00
   70667   3  7.95675E-04  7.95675E-04  7.95675E-04  7.95675E-04  7.95675E-04  7.95675E-04  7.95675E-04  7.95675E-04  7.95675E-04  7.95675E-04  7.95675E-04  7.95675E-04  7.95675E-04  7.95675E-04  7.95675E-04  7.95675E-04  7.95675E-04  7.95675E-04  7.95675E-04  7.95675E-04  7.95675E-04  7.95675E-04  7.95675E-04  7.95675E-04
   55157   3  3.18270E-04  3.18270E-04  3.18270E-04  3.18270E-04  3.18270E-04  3.18270E-04  3.18270E-04  3.18270E-04  3.18270E-04  3.18270E-04  3.18270E-04  3.18270E-04  3.18270E-04  3.18270E-04  3.18270E-04  3.18270E-04  3.18270E-04  3.18270E-04  3.18270E-04  3.18270E-04  3.18270E-04  3.18270E-04  3.18270E-04  3.18270E-04
   55157   7  7.70514E+00  7.70514E+00  7.70514E+00  7.70514E+00  7.70514E+00  7.70514E+00  7.70514E+00  7.70514E+00  7.70514E+00  7.70514E+00  7.70514E+00  7.70514E+00  7.70514E+00  7.70514E+00  7.70514E+00  7.70514E+00  7.70514E+00  7.70514E+00  7.70514E+00  7.70514E+00  7.70514E+00  7.70514E+00  7.70514E+00  7.70514E+00
   70688   2  1.95041E-01  1.95041E-01  1.95041E-01  1.95041E-01  1.95041E-01  1.95041E-01  1.95041E-01  1.95041E-01  1.95041E-01  1.95041E-01  1.95041E-01  1.95041E-01  1.95041E-01  1.95041E-01  1.95041E-01  1.95041E-01  1.95041E-01  1.95041E-01  1.95041E-01  1.95041E-01  1.95041E-01  1.95041E-01  1.95041E-01  1.95041E-01
   61152   3  2.26791E-03  2.26791E-03  2.26791E-03  2.26791E-03  2.26791E-03  2.26791E-03  2.26791E-03  2.26791E-03  2.26791E-03  2.26791E-03  2.26791E-03  2.26791E-03  2.26791E-03  2.26791E-03  2.26791E-03  2.26791E-03  2.26791E-03  2.26791E-03  2.26791E-03  2.26791E-03  2.26791E-03  2.26791E-03  2.26791E-03  2.26791E-03
   66103   3  1.01089E-05  1.01089E-05  1.01089E-05  1.01089E-05  1.01089E-05  1.01089E-05  1.01089E-05  1.01089E-05  1.01089E-05  1.01089E-05  1.01089E-05  1.01089E-05  1.01089E-05  1.01089E-05  1.01089E-05  1.01089E-05  1.01089E-05  1.01089E-05  1.01089E-05  1.01089E-05  1.01089E-05  1.01089E-05  1.01089E-05  1.01089E-05
   57265   2  1.73592E+00  1.72136E+00  1.69588E+00  1.60126E+00  1.44478E+00  1.28101E+00  1.08286E+00  1.00265E+00  9.62541E-01  9.49172E-01  9.75909E-01  1.05612E+00  1.18312E+00  1.34689E+00  1.44715E+00  1.52736E+00  1.59755E+00  1.62429E+00  1.65102E+00  1.66105E+00  1.67442E+00  1.67108E+00  1.66105E+00  1.63431E+00
   57265   7  1.40761E+01  1.40761E+01  1.40761E+01  1.40761E+01  1.40761E+01  1.40761E+01  1.40761E+01  1.40761E+01  1.40761E+01  1.40761E+01  1.40761E+01  1.40761E+01  1.40761E+01  1.40761E+01  1.40761E+01  1.40761E+01  1.40761E+01  1.40761E+01  1.40761E+01  1.40761E+01  1.40761E+01  1.40761E+01  1.40761E+01  1.40761E+01
   57265   3  0.00000E+00  0.00000E+00  0.00000E+00  0.00000E+00  0.00000E+00  0.00000E+00  0.00000E+00  0.00000E+00  0.00000E+00  0.00000E+00  0.00000E+00  0.00000E+00  0.00000E+00  0.00000E+00  0.00000E+00  0.00000E+00  0.00000E+00  0.00000E+00  0.00000E+00  0.00000E+00  0.00000E+00  0.00000E+00  0.00000E+00  0.00000E+00
   62209   3  1.45352E-01  1.45352E-01  1.45352E-01  1.45352E-01  1.45352E-01  1.45352E-01  1.45352E-01  1.45352E-01  1.45352E-01  1.45352E-01  1.45352E-01  1.45352E-01  1.45352E-01  1.45352E-01  1.45352E-01  1.45352E-01  1.45352E-01  1.45352E-01  1.45352E-01  1.45352E-01  1.45352E-01  1.45352E-01  1.45352E-01  1.45352E-01
   62209   4  0.00000E+00  0.00000E+00  0.00000E+00  0.00000E+00  0.00000E+00  0.00000E+00  0.00000E+00  0.00000E+00  0.00000E+00  0.00000E+00  0.00000E+00  0.00000E+00  0.00000E+00  0.00000E+00  0.00000E+00  0.00000E+00  0.00000E+00  0.00000E+00  0.00000E+00  0.00000E+00  0.00000E+00  0.00000E+00  0.00000E+00  0.00000E+00
   62209   2  0.00000E+00  0.00000E+00  0.00000E+00  0.00000E+00  0.00000E+00  0.00000E+00  0.00000E+00  0.00000E+00  0.00000E+00  0.00000E+00  0.00000E+00  0.00000E+00  0.00000E+00  0.00000E+00  0.00000E+00  0.00000E+00  0.00000E+00  0.00000E+00  0.00000E+00  0.00000E+00  0.00000E+00  0.00000E+00  0.00000E+00  0.00000E+00
   62560   3  0.00000E+00  0.00000E+00  0.00000E+00  0.00000E+00  0.00000E+00  0.00000E+00  0.00000E+00  0.00000E+00  0.00000E+00  0.00000E+00  0.00000E+00  0.00000E+00  0.00000E+00  0.00000E+00  3.01023E+01  3.01023E+01  3.01023E+01  3.01023E+01  3.01023E+01  3.01023E+01  3.01023E+01  3.01023E+01  0.00000E+00  0.00000E+00
   62560   6  5.15636E-02  5.15636E-02  5.15636E-02  5.15636E-02  5.15636E-02  5.15636E-02  5.15636E-02  5.15636E-02  5.15636E-02  5.15636E-02  5.15636E-02  5.15636E-02  5.15636E-02  5.15636E-02  5.15636E-02  5.15636E-02  5.15636E-02  5.15636E-02  5.15636E-02  5.15636E-02  5.15636E-02  5.15636E-02  5.15636E-02  5.15636E-02
   62560   2  0.00000E+00  0.00000E+00  0.00000E+00  0.00000E+00  0.00000E+00  0.00000E+00  0.00000E+00  0.00000E+00  0.00000E+00  0.00000E+00  0.00000E+00  0.00000E+00  0.00000E+00  0.00000E+00  0.00000E+00  0.00000E+00  0.00000E+00  0.00000E+00  0.00000E+00  0.00000E+00  0.00000E+00  0.00000E+00  0.00000E+00  0.00000E+00
   62906   3  0.00000E+00  0.00000E+00  0.00000E+00  0.00000E+00  0.00000E+00  0.00000E+00  0.00000E+00  0.00000E+00  0.00000E+00  0.00000E+00  0.00000E+00  0.00000E+00  0.00000E+00  0.00000E+00  3.58054E-02  3.58054E-02  3.58054E-02  3.58054E-02  3.58054E-02  3.58054E-02  3.58054E-02  3.58054E-02  0.00000E+00  0.00000E+00
   62906   2  0.00000E+00  0.00000E+00  0.00000E+00  0.00000E+00  0.00000E+00  0.00000E+00  0.00000E+00  0.00000E+00  0.00000E+00  0.00000E+00  0.00000E+00  0.00000E+00  0.00000E+00  0.00000E+00  0.00000E+00  0.00000E+00  0.00000E+00  0.00000E+00  0.00000E+00  0.00000E+00  0.00000E+00  0.00000E+00  0.00000E+00  0.00000E+00
   62201   7  3.20260E-04  3.20260E-04  3.20260E-04  3.20260E-04  3.20260E-04  3.20260E-04  3.20260E-04  3.20260E-04  3.20260E-04  3.20260E-04  3.20260E-04  3.20260E-04  3.20260E-04  3.20260E-04  3.20260E-04  3.20260E-04  3.20260E-04  3.20260E-04  3.20260E-04  3.20260E-04  3.20260E-04  3.20260E-04  3.20260E-04  3.20260E-04
   69268   7  7.08416E-01  7.08416E-01  7.08416E-01  7.08416E-01  7.08416E-01  7.08416E-01  7.08416E-01  7.08416E-01  7.08416E-01  7.08416E-01  7.08416E-01  7.08416E-01  7.08416E-01  7.08416E-01  7.08416E-01  7.08416E-01  7.08416E-01  7.08416E-01  7.08416E-01  7.08416E-01  7.08416E-01  7.08416E-01  7.08416E-01  7.08416E-01
   67518   2  0.00000E+00  0.00000E+00  0.00000E+00  0.00000E+00  0.00000E+00  0.00000E+00  0.00000E+00  0.00000E+00  0.00000E+00  0.00000E+00  0.00000E+00  0.00000E+00  0.00000E+00  0.00000E+00  0.00000E+00  0.00000E+00  0.00000E+00  0.00000E+00  0.00000E+00  0.00000E+00  0.00000E+00  0.00000E+00  0.00000E+00  0.00000E+00
   53397   5  0.00000E+00  0.00000E+00  0.00000E+00  0.00000E+00  0.00000E+00  0.00000E+00  0.00000E+00  0.00000E+00  0.00000E+00  0.00000E+00  0.00000E+00  0.00000E+00  0.00000E+00  0.00000E+00  0.00000E+00  0.00000E+00  0.00000E+00  0.00000E+00  0.00000E+00  0.00000E+00  0.00000E+00  0.00000E+00  0.00000E+00  0.00000E+00
   53397   3  0.00000E+00  0.00000E+00  0.00000E+00  0.00000E+00  0.00000E+00  0.00000E+00  0.00000E+00  0.00000E+00  0.00000E+00  0.00000E+00  0.00000E+00  0.00000E+00  0.00000E+00  0.00000E+00  5.25146E-03  5.25146E-03  5.25146E-03  5.25146E-03  5.25146E-03  5.25146E-03  5.25146E-03  5.25146E-03  0.00000E+00  0.00000E+00
   53397   7  9.13062E-01  9.13062E-01  9.13062E-01  9.13062E-01  9.13062E-01  9.13062E-01  9.13062E-01  9.13062E-01  9.13062E-01  9.13062E-01  9.13062E-01  9.13062E-01  9.13062E-01  9.13062E-01  9.13062E-01  9.13062E-01  9.13062E-01  9.13062E-01  9.13062E-01  9.13062E-01  9.13062E-01  9.13062E-01  9.13062E-01  9.13062E-01
   72093   3  9.64035E-05  9.64035E-05  9.64035E-05  9.64035E-05  9.64035E-05  9.64035E-05  9.64035E-05  9.64035E-05  9.64035E-05  9.64035E-05  9.64035E-05  9.64035E-05  9.64035E-05  9.64035E-05  9.64035E-05  9.64035E-05  9.64035E-05  9.64035E-05  9.64035E-05  9.64035E-05  9.64035E-05  9.64035E-05  9.64035E-05  9.64035E-05
   72093   7  4.45546E+00  4.45546E+00  4.45546E+00  4.45546E+00  4.45546E+00  4.45546E+00  4.45546E+00  4.45546E+00  4.45546E+00  4.45546E+00  4.45546E+00  4.45546E+00  4.45546E+00  4.45546E+00  4.45546E+00  4.45546E+00  4.45546E+00  4.45546E+00  4.45546E+00  4.45546E+00  4.45546E+00  4.45546E+00  4.45546E+00  4.45546E+00
   72093   4  5.74515E-01  5.74515E-01  5.74515E-01  5.74515E-01  5.74515E-01  5.74515E-01  5.74515E-01  5.74515E-01  5.74515E-01  5.74515E-01  5.74515E-01  5.74515E-01  5.74515E-01  5.74515E-01  5.74515E-01  5.74515E-01  5.74515E-01  5.74515E-01  5.74515E-01  5.74515E-01  5.74515E-01  5.74515E-01  5.74515E-01  5.74515E-01
   66425   2  2.24328E+00  2.21008E+00  2.08677E+00  1.88284E+00  1.66942E+00  1.41119E+00  1.30665E+00  1.25439E+00  1.23697E+00  1.27181E+00  1.37634E+00  1.54185E+00  1.75527E+00  1.88594E+00  1.99047E+00  2.08193E+00  2.11678E+00  2.15162E+00  2.16469E+00  2.18211E+00  2.17776E+00  2.16469E+00  2.12984E+00  2.07758E+00
   67854   3  6.47975E-04  6.47975E-04  6.47975E-04  6.47975E-04  6.47975E-04  6.47975E-04  6.47975E-04  6.47975E-04  6.47975E-04  6.47975E-04  6.47975E-04  6.47975E-04  6.47975E-04  6.47975E-04  6.47975E-04  6.47975E-04  6.47975E-04  6.47975E-04  6.47975E-04  6.47975E-04  6.47975E-04  6.47975E-04  6.47975E-04  6.47975E-04
   59052   2  1.59135E-04  1.59135E-04  1.59135E-04  1.59135E-04  1.59135E-04  1.59135E-04  1.59135E-04  1.59135E-04  1.59135E-04  1.59135E-04  1.59135E-04  1.59135E-04  1.59135E-04  1.59135E-04  1.59135E-04  1.59135E-04  1.59135E-04  1.59135E-04  1.59135E-04  1.59135E-04  1.59135E-04  1.59135E-04  1.59135E-04  1.59135E-04
   72780   3  6.47975E-04  6.47975E-04  6.47975E-04  6.47975E-04  6.47975E-04  6.47975E-04  6.47975E-04  6.47975E-04  6.47975E-04  6.47975E-04  6.47975E-04  6.47975E-04  6.47975E-04  6.47975E-04  6.47975E-04  6.47975E-04  6.47975E-04  6.47975E-04  6.47975E-04  6.47975E-04  6.47975E-04  6.47975E-04  6.47975E-04  6.47975E-04
   32698   2  2.95622E+00  2.91247E+00  2.74998E+00  2.48123E+00  2.19998E+00  1.85968E+00  1.72192E+00  1.65305E+00  1.63009E+00  1.67601E+00  1.81376E+00  2.03187E+00  2.31312E+00  2.48531E+00  2.62306E+00  2.74360E+00  2.78952E+00  2.83543E+00  2.85265E+00  2.87561E+00  2.86987E+00  2.85265E+00  2.80674E+00  2.73786E+00
   32699   3  0.00000E+00  0.00000E+00  0.00000E+00  0.00000E+00  0.00000E+00  0.00000E+00  0.00000E+00  0.00000E+00  0.00000E+00  0.00000E+00  0.00000E+00  0.00000E+00  0.00000E+00  0.00000E+00  0.00000E+00  0.00000E+00  0.00000E+00  0.00000E+00  0.00000E+00  0.00000E+00  0.00000E+00  0.00000E+00  0.00000E+00  0.00000E+00
   32698   4  7.37433E-02  7.37433E-02  7.37433E-02  7.37433E-02  7.37433E-02  7.37433E-02  7.37433E-02  7.37433E-02  7.37433E-02  7.37433E-02  7.37433E-02  7.37433E-02  7.37433E-02  7.37433E-02  7.37433E-02  7.37433E-02  7.37433E-02  7.37433E-02  7.37433E-02  7.37433E-02  7.37433E-02  7.37433E-02  7.37433E-02  7.37433E-02
   32698   3  4.34303E-02  4.34303E-02  4.34303E-02  4.34303E-02  4.34303E-02  4.34303E-02  4.34303E-02  4.34303E-02  4.34303E-02  4.34303E-02  4.34303E-02  4.34303E-02  4.34303E-02  4.34303E-02  4.34303E-02  4.34303E-02  4.34303E-02  4.34303E-02  4.34303E-02  4.34303E-02  4.34303E-02  4.34303E-02  4.34303E-02  4.34303E-02
   33754   4  0.00000E+00  0.00000E+00  0.00000E+00  0.00000E+00  0.00000E+00  0.00000E+00  0.00000E+00  0.00000E+00  0.00000E+00  0.00000E+00  0.00000E+00  0.00000E+00  0.00000E+00  0.00000E+00  0.00000E+00  0.00000E+00  0.00000E+00  0.00000E+00  0.00000E+00  0.00000E+00  0.00000E+00  0.00000E+00  0.00000E+00  0.00000E+00
   32698   5  1.93277E+00  1.93277E+00  1.93277E+00  1.93277E+00  1.93277E+00  1.93277E+00  1.93277E+00  1.93277E+00  1.93277E+00  1.93277E+00  1.93277E+00  1.93277E+00  1.93277E+00  1.93277E+00  1.93277E+00  1.93277E+00  1.93277E+00  1.93277E+00  1.93277E+00  1.93277E+00  1.93277E+00  1.93277E+00  1.93277E+00  1.93277E+00
   46097   3  1.11060E-03  1.11060E-03  1.11060E-03  1.11060E-03  1.11060E-03  1.11060E-03  1.11060E-03  1.11060E-03  1.11060E-03  1.11060E-03  1.11060E-03  1.11060E-03  1.11060E-03  1.11060E-03  1.11060E-03  1.11060E-03  1.11060E-03  1.11060E-03  1.11060E-03  1.11060E-03  1.11060E-03  1.11060E-03  1.11060E-03  1.11060E-03
   32346   1  0.00000E+00  0.00000E+00  0.00000E+00  0.00000E+00  0.00000E+00  0.00000E+00  0.00000E+00  0.00000E+00  0.00000E+00  0.00000E+00  0.00000E+00  0.00000E+00  0.00000E+00  0.00000E+00  0.00000E+00  0.00000E+00  0.00000E+00  0.00000E+00  0.00000E+00  0.00000E+00  0.00000E+00  0.00000E+00  0.00000E+00  0.00000E+00
   32346   2  0.00000E+00  0.00000E+00  0.00000E+00  0.00000E+00  0.00000E+00  0.00000E+00  0.00000E+00  0.00000E+00  0.00000E+00  0.00000E+00  0.00000E+00  0.00000E+00  0.00000E+00  0.00000E+00  0.00000E+00  0.00000E+00  0.00000E+00  0.00000E+00  0.00000E+00  0.00000E+00  0.00000E+00  0.00000E+00  0.00000E+00  0.00000E+00
   32346   3  0.00000E+00  0.00000E+00  0.00000E+00  0.00000E+00  0.00000E+00  0.00000E+00  0.00000E+00  0.00000E+00  0.00000E+00  0.00000E+00  0.00000E+00  0.00000E+00  0.00000E+00  1.38448E-02  1.38448E-02  1.38448E-02  1.38448E-02  1.38448E-02  1.38448E-02  1.38448E-02  1.38448E-02  0.00000E+00  0.00000E+00  0.00000E+00
   32346   5  6.35845E+00  6.35845E+00  6.35845E+00  6.35845E+00  6.35845E+00  6.35845E+00  6.35845E+00  6.35845E+00  6.35845E+00  6.35845E+00  6.35845E+00  6.35845E+00  6.35845E+00  6.35845E+00  6.35845E+00  6.35845E+00  6.35845E+00  6.35845E+00  6.35845E+00  6.35845E+00  6.35845E+00  6.35845E+00  6.35845E+00  6.35845E+00
   33394   3  0.00000E+00  0.00000E+00  0.00000E+00  0.00000E+00  0.00000E+00  0.00000E+00  0.00000E+00  0.00000E+00  0.00000E+00  0.00000E+00  0.00000E+00  0.00000E+00  0.00000E+00  0.00000E+00  0.00000E+00  0.00000E+00  0.00000E+00  0.00000E+00  0.00000E+00  0.00000E+00  0.00000E+00  0.00000E+00  0.00000E+00  0.00000E+00
   33394   7  1.46871E+00  1.46871E+00  1.46871E+00  1.46871E+00  1.46871E+00  1.46871E+00  1.46871E+00  1.46871E+00  1.46871E+00  1.46871E+00  1.46871E+00  1.46871E+00  1.46871E+00  1.46871E+00  1.46871E+00  1.46871E+00  1.46871E+00  1.46871E+00  1.46871E+00  1.46871E+00  1.46871E+00  1.46871E+00  1.46871E+00  1.46871E+00
   47881   3  2.20458E-03  2.20458E-03  2.20458E-03  2.20458E-03  2.20458E-03  2.20458E-03  2.20458E-03  2.20458E-03  2.20458E-03  2.20458E-03  2.20458E-03  2.20458E-03  2.20458E-03  2.20458E-03  2.20458E-03  2.20458E-03  2.20458E-03  2.20458E-03  2.20458E-03  2.20458E-03  2.20458E-03  2.20458E-03  2.20458E-03  2.20458E-03
   47881   4  9.93632E-01  9.93632E-01  9.93632E-01  9.93632E-01  9.93632E-01  9.93632E-01  9.93632E-01  9.93632E-01  9.93632E-01  9.93632E-01  9.93632E-01  9.93632E-01  9.93632E-01  9.93632E-01  9.93632E-01  9.93632E-01  9.93632E-01  9.93632E-01  9.93632E-01  9.93632E-01  9.93632E-01  9.93632E-01  9.93632E-01  9.93632E-01
   54565   3  1.59135E-04  1.59135E-04  1.59135E-04  1.59135E-04  1.59135E-04  1.59135E-04  1.59135E-04  1.59135E-04  1.59135E-04  1.59135E-04  1.59135E-04  1.59135E-04  1.59135E-04  1.59135E-04  1.59135E-04  1.59135E-04  1.59135E-04  1.59135E-04  1.59135E-04  1.59135E-04  1.59135E-04  1.59135E-04  1.59135E-04  1.59135E-04
   54565   4  6.05898E-01  6.05898E-01  6.05898E-01  6.05898E-01  6.05898E-01  6.05898E-01  6.05898E-01  6.05898E-01  6.05898E-01  6.05898E-01  6.05898E-01  6.05898E-01  6.05898E-01  6.05898E-01  6.05898E-01  6.05898E-01  6.05898E-01  6.05898E-01  6.05898E-01  6.05898E-01  6.05898E-01  6.05898E-01  6.05898E-01  6.05898E-01
   54565   7  3.06009E+00  3.06009E+00  3.06009E+00  3.06009E+00  3.06009E+00  3.06009E+00  3.06009E+00  3.06009E+00  3.06009E+00  3.06009E+00  3.06009E+00  3.06009E+00  3.06009E+00  3.06009E+00  3.06009E+00  3.06009E+00  3.06009E+00  3.06009E+00  3.06009E+00  3.06009E+00  3.06009E+00  3.06009E+00  3.06009E+00  3.06009E+00
   48578   4  2.95653E-01  2.95653E-01  2.95653E-01  2.95653E-01  2.95653E-01  2.95653E-01  2.95653E-01  2.95653E-01  2.95653E-01  2.95653E-01  2.95653E-01  2.95653E-01  2.95653E-01  2.95653E-01  2.95653E-01  2.95653E-01  2.95653E-01  2.95653E-01  2.95653E-01  2.95653E-01  2.95653E-01  2.95653E-01  2.95653E-01  2.95653E-01
   48578   3  7.82351E-03  7.82351E-03  7.82351E-03  7.82351E-03  7.82351E-03  7.82351E-03  7.82351E-03  7.82351E-03  7.82351E-03  7.82351E-03  7.82351E-03  7.82351E-03  7.82351E-03  7.82351E-03  7.82351E-03  7.82351E-03  7.82351E-03  7.82351E-03  7.82351E-03  7.82351E-03  7.82351E-03  7.82351E-03  7.82351E-03  7.82351E-03
   48578   2  0.00000E+00  0.00000E+00  0.00000E+00  0.00000E+00  0.00000E+00  0.00000E+00  0.00000E+00  0.00000E+00  0.00000E+00  0.00000E+00  0.00000E+00  0.00000E+00  0.00000E+00  0.00000E+00  0.00000E+00  0.00000E+00  0.00000E+00  0.00000E+00  0.00000E+00  0.00000E+00  0.00000E+00  0.00000E+00  0.00000E+00  0.00000E+00
   48226   3  0.00000E+00  0.00000E+00  0.00000E+00  0.00000E+00  0.00000E+00  0.00000E+00  0.00000E+00  0.00000E+00  0.00000E+00  0.00000E+00  0.00000E+00  0.00000E+00  0.00000E+00  0.00000E+00  0.00000E+00  0.00000E+00  0.00000E+00  0.00000E+00  0.00000E+00  0.00000E+00  0.00000E+00  0.00000E+00  0.00000E+00  0.00000E+00
   48226   4  0.00000E+00  0.00000E+00  0.00000E+00  0.00000E+00  0.00000E+00  0.00000E+00  0.00000E+00  0.00000E+00  0.00000E+00  0.00000E+00  0.00000E+00  0.00000E+00  0.00000E+00  0.00000E+00  0.00000E+00  0.00000E+00  0.00000E+00  0.00000E+00  0.00000E+00  0.00000E+00  0.00000E+00  0.00000E+00  0.00000E+00  0.00000E+00
   47518   7  1.37712E+00  1.37712E+00  1.37712E+00  1.37712E+00  1.37712E+00  1.37712E+00  1.37712E+00  1.37712E+00  1.37712E+00  1.37712E+00  1.37712E+00  1.37712E+00  1.37712E+00  1.37712E+00  1.37712E+00  1.37712E+00  1.37712E+00  1.37712E+00  1.37712E+00  1.37712E+00  1.37712E+00  1.37712E+00  1.37712E+00  1.37712E+00
   48227   3  1.51564E-01  1.49321E-01  1.40990E-01  1.27212E-01  1.12792E-01  9.53449E-02  8.82823E-02  8.47510E-02  8.35740E-02  8.59282E-02  9.29907E-02  1.04173E-01  1.18593E-01  1.27421E-01  1.34483E-01  1.40663E-01  1.43017E-01  1.45372E-01  1.46254E-01  1.47432E-01  1.47137E-01  1.46254E-01  1.43900E-01  1.40369E-01
   48227   2  1.36022E+00  1.34009E+00  1.26532E+00  1.14167E+00  1.01226E+00  8.55678E-01  7.92294E-01  7.60602E-01  7.50038E-01  7.71166E-01  8.34550E-01  9.34907E-01  1.06431E+00  1.14354E+00  1.20693E+00  1.26239E+00  1.28352E+00  1.30464E+00  1.31257E+00  1.32313E+00  1.32049E+00  1.31257E+00  1.29144E+00  1.25975E+00
   46818   4  1.14296E-01  1.14296E-01  1.14296E-01  1.14296E-01  1.14296E-01  1.14296E-01  1.14296E-01  1.14296E-01  1.14296E-01  1.14296E-01  1.14296E-01  1.14296E-01  1.14296E-01  1.14296E-01  1.14296E-01  1.14296E-01  1.14296E-01  1.14296E-01  1.14296E-01  1.14296E-01  1.14296E-01  1.14296E-01  1.14296E-01  1.14296E-01
   38332   4  0.00000E+00  0.00000E+00  0.00000E+00  0.00000E+00  0.00000E+00  0.00000E+00  0.00000E+00  0.00000E+00  0.00000E+00  0.00000E+00  0.00000E+00  0.00000E+00  0.00000E+00  0.00000E+00  0.00000E+00  0.00000E+00  0.00000E+00  0.00000E+00  0.00000E+00  0.00000E+00  0.00000E+00  0.00000E+00  0.00000E+00  0.00000E+00
   38332   7  1.61347E+00  1.61347E+00  1.61347E+00  1.61347E+00  1.61347E+00  1.61347E+00  1.61347E+00  1.61347E+00  1.61347E+00  1.61347E+00  1.61347E+00  1.61347E+00  1.61347E+00  1.61347E+00  1.61347E+00  1.61347E+00  1.61347E+00  1.61347E+00  1.61347E+00  1.61347E+00  1.61347E+00  1.61347E+00  1.61347E+00  1.61347E+00
   35158   3  0.00000E+00  0.00000E+00  0.00000E+00  0.00000E+00  0.00000E+00  0.00000E+00  0.00000E+00  0.00000E+00  0.00000E+00  0.00000E+00  0.00000E+00  0.00000E+00  0.00000E+00  0.00000E+00  0.00000E+00  0.00000E+00  0.00000E+00  0.00000E+00  0.00000E+00  0.00000E+00  0.00000E+00  0.00000E+00  0.00000E+00  0.00000E+00
   30178   3  2.35393E-02  2.35393E-02  2.35393E-02  2.35393E-02  2.35393E-02  2.35393E-02  2.35393E-02  2.35393E-02  2.35393E-02  2.35393E-02  2.35393E-02  2.35393E-02  2.35393E-02  2.35393E-02  2.35393E-02  2.35393E-02  2.35393E-02  2.35393E-02  2.35393E-02  2.35393E-02  2.35393E-02  2.35393E-02  2.35393E-02  2.35393E-02
   30178   4  1.30559E+00  1.30559E+00  1.30559E+00  1.30559E+00  1.30559E+00  1.30558E+00  1.30558E+00  1.30558E+00  1.30558E+00  1.30558E+00  1.30558E+00  1.30558E+00  1.30558E+00  1.30559E+00  1.30559E+00  1.30559E+00  1.30559E+00  1.30559E+00  1.30559E+00  1.30559E+00  1.30559E+00  1.30559E+00  1.30559E+00  1.30559E+00
   30178   7  1.89559E+01  1.89559E+01  1.89559E+01  1.89559E+01  1.89559E+01  1.89559E+01  1.89559E+01  1.89559E+01  1.89559E+01  1.89559E+01  1.89559E+01  1.89559E+01  1.89559E+01  1.98472E+01  1.98472E+01  1.98472E+01  1.98472E+01  1.98472E+01  1.98472E+01  1.98472E+01  1.98472E+01  1.89559E+01  1.89559E+01  1.89559E+01
   30177   4  3.49079E-04  3.49079E-04  3.49079E-04  3.49079E-04  3.49079E-04  3.49079E-04  3.49079E-04  3.49079E-04  3.49079E-04  3.49079E-04  3.49079E-04  3.49079E-04  3.49079E-04  3.49079E-04  3.49079E-04  3.49079E-04  3.49079E-04  3.49079E-04  3.49079E-04  3.49079E-04  3.49079E-04  3.49079E-04  3.49079E-04  3.49079E-04
   29472   3  0.00000E+00  0.00000E+00  0.00000E+00  0.00000E+00  0.00000E+00  0.00000E+00  0.00000E+00  0.00000E+00  0.00000E+00  0.00000E+00  0.00000E+00  0.00000E+00  0.00000E+00  2.69588E+01  2.69588E+01  2.69588E+01  2.69588E+01  2.69588E+01  2.69588E+01  2.69588E+01  2.69588E+01  0.00000E+00  0.00000E+00  0.00000E+00
   29472   5  0.00000E+00  0.00000E+00  0.00000E+00  0.00000E+00  0.00000E+00  0.00000E+00  0.00000E+00  0.00000E+00  0.00000E+00  0.00000E+00  0.00000E+00  0.00000E+00  0.00000E+00  5.99085E+00  5.99085E+00  5.99085E+00  5.99085E+00  5.99085E+00  5.99085E+00  5.99085E+00  5.99085E+00  0.00000E+00  0.00000E+00  0.00000E+00
   29472   4  0.00000E+00  0.00000E+00  0.00000E+00  0.00000E+00  0.00000E+00  0.00000E+00  0.00000E+00  0.00000E+00  0.00000E+00  0.00000E+00  0.00000E+00  0.00000E+00  0.00000E+00  2.69588E+01  2.69588E+01  2.69588E+01  2.69588E+01  2.69588E+01  2.69588E+01  2.69588E+01  2.69588E+01  0.00000E+00  0.00000E+00  0.00000E+00
   30531   4  3.43816E-04  3.43816E-04  3.43816E-04  3.43816E-04  3.43816E-04  3.43816E-04  3.43816E-04  3.43816E-04  3.43816E-04  3.43816E-04  3.43816E-04  3.43816E-04  3.43816E-04  3.43816E-04  3.43816E-04  3.43816E-04  3.43816E-04  3.43816E-04  3.43816E-04  3.43816E-04  3.43816E-04  3.43816E-04  3.43816E-04  3.43816E-04
   30178   5  0.00000E+00  0.00000E+00  0.00000E+00  0.00000E+00  0.00000E+00  0.00000E+00  0.00000E+00  0.00000E+00  0.00000E+00  0.00000E+00  0.00000E+00  0.00000E+00  0.00000E+00  0.00000E+00  0.00000E+00  0.00000E+00  0.00000E+00  0.00000E+00  0.00000E+00  0.00000E+00  0.00000E+00  0.00000E+00  0.00000E+00  0.00000E+00
   30526   3  2.03483E-04  2.03483E-04  2.03483E-04  2.03483E-04  2.03483E-04  2.03483E-04  2.03483E-04  2.03483E-04  2.03483E-04  2.03483E-04  2.03483E-04  2.03483E-04  2.03483E-04  2.03483E-04  2.03483E-04  2.03483E-04  2.03483E-04  2.03483E-04  2.03483E-04  2.03483E-04  2.03483E-04  2.03483E-04  2.03483E-04  2.03483E-04
   30529   3  4.39453E-04  4.39453E-04  4.39453E-04  4.39453E-04  4.39453E-04  4.39453E-04  4.39453E-04  4.39453E-04  4.39453E-04  4.39453E-04  4.39453E-04  4.39453E-04  4.39453E-04  4.39453E-04  4.39453E-04  4.39453E-04  4.39453E-04  4.39453E-04  4.39453E-04  4.39453E-04  4.39453E-04  4.39453E-04  4.39453E-04  4.39453E-04
   30529   4  2.67602E-01  2.67602E-01  2.67602E-01  2.67602E-01  2.67602E-01  2.67602E-01  2.67602E-01  2.67602E-01  2.67602E-01  2.67602E-01  2.67602E-01  2.67602E-01  2.67602E-01  2.67602E-01  2.67602E-01  2.67602E-01  2.67602E-01  2.67602E-01  2.67602E-01  2.67602E-01  2.67602E-01  2.67602E-01  2.67602E-01  2.67602E-01
   31942   4  1.15751E+00  1.15751E+00  1.15751E+00  1.15751E+00  1.15751E+00  1.15751E+00  1.15751E+00  1.15751E+00  1.15751E+00  1.15751E+00  1.15751E+00  1.15751E+00  1.15751E+00  1.15751E+00  1.15751E+00  1.15751E+00  1.15751E+00  1.15751E+00  1.15751E+00  1.15751E+00  1.15751E+00  1.15751E+00  1.15751E+00  1.15751E+00
   30884   4  4.42547E-02  4.42547E-02  4.42547E-02  4.42547E-02  4.42547E-02  4.42547E-02  4.42547E-02  4.42547E-02  4.42547E-02  4.42547E-02  4.42547E-02  4.42547E-02  4.42547E-02  4.42547E-02  4.42547E-02  4.42547E-02  4.42547E-02  4.42547E-02  4.42547E-02  4.42547E-02  4.42547E-02  4.42547E-02  4.42547E-02  4.42547E-02
   44188   2  1.34857E+00  1.31548E+00  1.30445E+00  1.28514E+00  1.21344E+00  1.09485E+00  9.70751E-01  8.20591E-01  7.59806E-01  7.29414E-01  7.19283E-01  7.39545E-01  8.00329E-01  8.96571E-01  1.02067E+00  1.09665E+00  1.15744E+00  1.21062E+00  1.23089E+00  1.25115E+00  1.25875E+00  1.26888E+00  1.26634E+00  1.25875E+00
   44899   3  0.00000E+00  0.00000E+00  0.00000E+00  0.00000E+00  0.00000E+00  0.00000E+00  0.00000E+00  0.00000E+00  0.00000E+00  0.00000E+00  0.00000E+00  0.00000E+00  0.00000E+00  0.00000E+00  0.00000E+00  0.00000E+00  0.00000E+00  0.00000E+00  0.00000E+00  0.00000E+00  0.00000E+00  0.00000E+00  0.00000E+00  0.00000E+00
   47369   3  7.09796E-03  7.09796E-03  7.09796E-03  7.09796E-03  7.09796E-03  7.09796E-03  7.09796E-03  7.09796E-03  7.09796E-03  7.09796E-03  7.09796E-03  7.09796E-03  7.09796E-03  7.09796E-03  7.09796E-03  7.09796E-03  7.09796E-03  7.09796E-03  7.09796E-03  7.09796E-03  7.09796E-03  7.09796E-03  7.09796E-03  7.09796E-03
   55130   4  2.10814E+00  2.05640E+00  2.03916E+00  2.00898E+00  1.89689E+00  1.71151E+00  1.51751E+00  1.28278E+00  1.18776E+00  1.14025E+00  1.12441E+00  1.15608E+00  1.25110E+00  1.40155E+00  1.59555E+00  1.71433E+00  1.80935E+00  1.89249E+00  1.92417E+00  1.95584E+00  1.96772E+00  1.98356E+00  1.97960E+00  1.96772E+00
   55130   3  1.58110E+00  1.54230E+00  1.52937E+00  1.50674E+00  1.42267E+00  1.28364E+00  1.13814E+00  9.62084E-01  8.90818E-01  8.55185E-01  8.43308E-01  8.67063E-01  9.38328E-01  1.05117E+00  1.19667E+00  1.28575E+00  1.35701E+00  1.41937E+00  1.44313E+00  1.46688E+00  1.47579E+00  1.48767E+00  1.48470E+00  1.47579E+00
   55121   4  1.91575E+00  1.86874E+00  1.85307E+00  1.82564E+00  1.72378E+00  1.55532E+00  1.37903E+00  1.16571E+00  1.07936E+00  1.03619E+00  1.02180E+00  1.05058E+00  1.13693E+00  1.27365E+00  1.44994E+00  1.55788E+00  1.64423E+00  1.71979E+00  1.74857E+00  1.77735E+00  1.78815E+00  1.80254E+00  1.79894E+00  1.78815E+00
   55121   3  9.05785E-01  8.83557E-01  8.76148E-01  8.63181E-01  8.15021E-01  7.35371E-01  6.52017E-01  5.51160E-01  5.10333E-01  4.89920E-01  4.83115E-01  4.96724E-01  5.37551E-01  6.02193E-01  6.85548E-01  7.36581E-01  7.77408E-01  8.13131E-01  8.26740E-01  8.40349E-01  8.45452E-01  8.52256E-01  8.50555E-01  8.45452E-01
   58290   4  1.01742E-02  1.01742E-02  1.01742E-02  1.01742E-02  1.01742E-02  1.01742E-02  1.01742E-02  1.01742E-02  1.01742E-02  1.01742E-02  1.01742E-02  1.01742E-02  1.01742E-02  1.01742E-02  1.01742E-02  1.01742E-02  1.01742E-02  1.01742E-02  1.01742E-02  1.01742E-02  1.01742E-02  1.01742E-02  1.01742E-02  1.01742E-02
   57936   4  2.59581E-04  2.59581E-04  2.59581E-04  2.59581E-04  2.59581E-04  2.59581E-04  2.59581E-04  2.59581E-04  2.59581E-04  2.59581E-04  2.59581E-04  2.59581E-04  2.59581E-04  2.59581E-04  2.59581E-04  2.59581E-04  2.59581E-04  2.59581E-04  2.59581E-04  2.59581E-04  2.59581E-04  2.59581E-04  2.59581E-04  2.59581E-04
   41032   3  0.00000E+00  0.00000E+00  0.00000E+00  0.00000E+00  0.00000E+00  0.00000E+00  0.00000E+00  0.00000E+00  0.00000E+00  0.00000E+00  0.00000E+00  0.00000E+00  0.00000E+00  0.00000E+00  0.00000E+00  0.00000E+00  0.00000E+00  0.00000E+00  0.00000E+00  0.00000E+00  0.00000E+00  0.00000E+00  0.00000E+00  0.00000E+00
   41027   3  5.95251E-04  5.95251E-04  5.95251E-04  5.95251E-04  5.95251E-04  5.95251E-04  5.95251E-04  5.95251E-04  5.95251E-04  5.95251E-04  5.95251E-04  5.95251E-04  5.95251E-04  5.95251E-04  5.95251E-04  5.95251E-04  5.95251E-04  5.95251E-04  5.95251E-04  5.95251E-04  5.95251E-04  5.95251E-04  5.95251E-04  5.95251E-04
   41027   4  2.76511E-01  2.76511E-01  2.76511E-01  2.76511E-01  2.76511E-01  2.76511E-01  2.76511E-01  2.76511E-01  2.76511E-01  2.76511E-01  2.76511E-01  2.76511E-01  2.76511E-01  2.76511E-01  2.76511E-01  2.76511E-01  2.76511E-01  2.76511E-01  2.76511E-01  2.76511E-01  2.76511E-01  2.76511E-01  2.76511E-01  2.76511E-01
   41027   2  0.00000E+00  0.00000E+00  0.00000E+00  0.00000E+00  0.00000E+00  0.00000E+00  0.00000E+00  0.00000E+00  0.00000E+00  0.00000E+00  0.00000E+00  0.00000E+00  0.00000E+00  0.00000E+00  0.00000E+00  0.00000E+00  0.00000E+00  0.00000E+00  0.00000E+00  0.00000E+00  0.00000E+00  0.00000E+00  0.00000E+00  0.00000E+00
   41031   7  8.06914E+00  8.06914E+00  8.06914E+00  8.06914E+00  8.06914E+00  8.06914E+00  8.06914E+00  8.06914E+00  8.06914E+00  8.06914E+00  8.06914E+00  8.06914E+00  8.06914E+00  8.06914E+00  8.06914E+00  8.06914E+00  8.06914E+00  8.06914E+00  8.06914E+00  8.06914E+00  8.06914E+00  8.06914E+00  8.06914E+00  8.06914E+00
   37153   2  3.10559E-02  3.02938E-02  3.00398E-02  2.95952E-02  2.79440E-02  2.52131E-02  2.23552E-02  1.88972E-02  1.74974E-02  1.67975E-02  1.65642E-02  1.70308E-02  1.84306E-02  2.06469E-02  2.35048E-02  2.52546E-02  2.66544E-02  2.78792E-02  2.83458E-02  2.88124E-02  2.89874E-02  2.92207E-02  2.91623E-02  2.89874E-02
   22551   2  0.00000E+00  0.00000E+00  0.00000E+00  0.00000E+00  0.00000E+00  0.00000E+00  0.00000E+00  0.00000E+00  0.00000E+00  0.00000E+00  0.00000E+00  0.00000E+00  0.00000E+00  0.00000E+00  0.00000E+00  0.00000E+00  0.00000E+00  0.00000E+00  0.00000E+00  0.00000E+00  0.00000E+00  0.00000E+00  0.00000E+00  0.00000E+00
   22551   3  0.00000E+00  0.00000E+00  0.00000E+00  0.00000E+00  0.00000E+00  0.00000E+00  0.00000E+00  0.00000E+00  0.00000E+00  0.00000E+00  0.00000E+00  0.00000E+00  0.00000E+00  0.00000E+00  0.00000E+00  0.00000E+00  0.00000E+00  0.00000E+00  0.00000E+00  0.00000E+00  0.00000E+00  0.00000E+00  0.00000E+00  0.00000E+00
   23253   7  2.77671E+00  2.77671E+00  2.77671E+00  2.77671E+00  2.77671E+00  2.77671E+00  2.77671E+00  2.77671E+00  2.77671E+00  2.77671E+00  2.77671E+00  2.77671E+00  2.77671E+00  2.77671E+00  2.77671E+00  2.77671E+00  2.77671E+00  2.77671E+00  2.77671E+00  2.77671E+00  2.77671E+00  2.77671E+00  2.77671E+00  2.77671E+00
   22551   4  0.00000E+00  0.00000E+00  0.00000E+00  0.00000E+00  0.00000E+00  0.00000E+00  0.00000E+00  0.00000E+00  0.00000E+00  0.00000E+00  0.00000E+00  0.00000E+00  0.00000E+00  0.00000E+00  0.00000E+00  0.00000E+00  0.00000E+00  0.00000E+00  0.00000E+00  0.00000E+00  0.00000E+00  0.00000E+00  0.00000E+00  0.00000E+00
   16894   2  1.15775E+00  1.15775E+00  1.15775E+00  1.15775E+00  1.15775E+00  1.15775E+00  1.15775E+00  1.15775E+00  1.15775E+00  1.15775E+00  1.15775E+00  1.15775E+00  1.15775E+00  1.15775E+00  1.15775E+00  1.15775E+00  1.15775E+00  1.15775E+00  1.15775E+00  1.15775E+00  1.15775E+00  1.15775E+00  1.15775E+00  1.15775E+00
   16894   3  0.00000E+00  0.00000E+00  0.00000E+00  0.00000E+00  0.00000E+00  0.00000E+00  0.00000E+00  0.00000E+00  0.00000E+00  0.00000E+00  0.00000E+00  0.00000E+00  0.00000E+00  0.00000E+00  0.00000E+00  0.00000E+00  0.00000E+00  0.00000E+00  0.00000E+00  0.00000E+00  0.00000E+00  0.00000E+00  0.00000E+00  0.00000E+00
   16894   4  0.00000E+00  0.00000E+00  0.00000E+00  0.00000E+00  0.00000E+00  0.00000E+00  0.00000E+00  0.00000E+00  0.00000E+00  0.00000E+00  0.00000E+00  0.00000E+00  0.00000E+00  0.00000E+00  0.00000E+00  0.00000E+00  0.00000E+00  0.00000E+00  0.00000E+00  0.00000E+00  0.00000E+00  0.00000E+00  0.00000E+00  0.00000E+00
   18317   3  0.00000E+00  0.00000E+00  0.00000E+00  0.00000E+00  0.00000E+00  0.00000E+00  0.00000E+00  0.00000E+00  0.00000E+00  0.00000E+00  0.00000E+00  0.00000E+00  0.00000E+00  0.00000E+00  0.00000E+00  0.00000E+00  0.00000E+00  0.00000E+00  0.00000E+00  0.00000E+00  0.00000E+00  0.00000E+00  0.00000E+00  0.00000E+00
   18513   7  3.04581E+00  3.04581E+00  3.04581E+00  3.04581E+00  3.04581E+00  3.04581E+00  3.04581E+00  3.04581E+00  3.04581E+00  3.04581E+00  3.04581E+00  3.04581E+00  3.04581E+00  3.04581E+00  3.04581E+00  3.04581E+00  3.04581E+00  3.04581E+00  3.04581E+00  3.04581E+00  3.04581E+00  3.04581E+00  3.04581E+00  3.04581E+00
   18509   3  1.33957E-04  1.33957E-04  1.33957E-04  1.33957E-04  1.33957E-04  1.33957E-04  1.33957E-04  1.33957E-04  1.33957E-04  1.33957E-04  1.33957E-04  1.33957E-04  1.33957E-04  1.33957E-04  1.33957E-04  1.33957E-04  1.33957E-04  1.33957E-04  1.33957E-04  1.33957E-04  1.33957E-04  1.33957E-04  1.33957E-04  1.33957E-04
   19219   3  4.97269E-02  4.97269E-02  4.97269E-02  4.97269E-02  4.97269E-02  4.97269E-02  4.97269E-02  4.97269E-02  4.97269E-02  4.97269E-02  4.97269E-02  4.97269E-02  4.97269E-02  4.97269E-02  4.97269E-02  4.97269E-02  4.97269E-02  4.97269E-02  4.97269E-02  4.97269E-02  4.97269E-02  4.97269E-02  4.97269E-02  4.97269E-02
   19219   2  0.00000E+00  0.00000E+00  0.00000E+00  0.00000E+00  0.00000E+00  0.00000E+00  0.00000E+00  0.00000E+00  0.00000E+00  0.00000E+00  0.00000E+00  0.00000E+00  0.00000E+00  0.00000E+00  0.00000E+00  0.00000E+00  0.00000E+00  0.00000E+00  0.00000E+00  0.00000E+00  0.00000E+00  0.00000E+00  0.00000E+00  0.00000E+00
   18505   2  0.00000E+00  0.00000E+00  0.00000E+00  0.00000E+00  0.00000E+00  0.00000E+00  0.00000E+00  0.00000E+00  0.00000E+00  0.00000E+00  0.00000E+00  0.00000E+00  0.00000E+00  0.00000E+00  0.00000E+00  0.00000E+00  0.00000E+00  0.00000E+00  0.00000E+00  0.00000E+00  0.00000E+00  0.00000E+00  0.00000E+00  0.00000E+00
   18505   3  1.01870E-01  1.01870E-01  1.01870E-01  1.01870E-01  1.01870E-01  1.01870E-01  1.01870E-01  1.01870E-01  1.01870E-01  1.01870E-01  1.01870E-01  1.01870E-01  1.01870E-01  1.01870E-01  1.01870E-01  1.01870E-01  1.01870E-01  1.01870E-01  1.01870E-01  1.01870E-01  1.01870E-01  1.01870E-01  1.01870E-01  1.01870E-01
   18505   7  1.63258E+01  1.63258E+01  1.63258E+01  1.63258E+01  1.63258E+01  1.63258E+01  1.63258E+01  1.63258E+01  1.63258E+01  1.63258E+01  1.63258E+01  1.63258E+01  1.63258E+01  1.63258E+01  1.63258E+01  1.63258E+01  1.63258E+01  1.63258E+01  1.63258E+01  1.63258E+01  1.63258E+01  1.63258E+01  1.63258E+01  1.63258E+01
   17452   2  1.07715E-01  1.07715E-01  1.07715E-01  1.07715E-01  1.07715E-01  1.07715E-01  1.07715E-01  1.07715E-01  1.07715E-01  1.07715E-01  1.07715E-01  1.07715E-01  1.07715E-01  1.07715E-01  1.07715E-01  1.07715E-01  1.07715E-01  1.07715E-01  1.07715E-01  1.07715E-01  1.07715E-01  1.07715E-01  1.07715E-01  1.07715E-01
    6979   3  0.00000E+00  0.00000E+00  0.00000E+00  0.00000E+00  0.00000E+00  0.00000E+00  0.00000E+00  0.00000E+00  0.00000E+00  0.00000E+00  0.00000E+00  0.00000E+00  0.00000E+00  0.00000E+00  0.00000E+00  0.00000E+00  0.00000E+00  0.00000E+00  0.00000E+00  0.00000E+00  0.00000E+00  0.00000E+00  0.00000E+00  0.00000E+00
    9108   3  1.46059E-02  1.46059E-02  1.46059E-02  1.46059E-02  1.46059E-02  1.46059E-02  1.46059E-02  1.46059E-02  1.46059E-02  1.46059E-02  1.46059E-02  1.46059E-02  1.46059E-02  1.46059E-02  1.46059E-02  1.46059E-02  1.46059E-02  1.46059E-02  1.46059E-02  1.46059E-02  1.46059E-02  1.46059E-02  1.46059E-02  1.46059E-02
    2407   3  0.00000E+00  0.00000E+00  0.00000E+00  0.00000E+00  0.00000E+00  0.00000E+00  0.00000E+00  0.00000E+00  0.00000E+00  0.00000E+00  0.00000E+00  0.00000E+00  0.00000E+00  0.00000E+00  0.00000E+00  0.00000E+00  0.00000E+00  0.00000E+00  0.00000E+00  0.00000E+00  0.00000E+00  0.00000E+00  0.00000E+00  0.00000E+00
    2407   2  0.00000E+00  0.00000E+00  0.00000E+00  0.00000E+00  0.00000E+00  0.00000E+00  0.00000E+00  0.00000E+00  0.00000E+00  0.00000E+00  0.00000E+00  0.00000E+00  0.00000E+00  0.00000E+00  0.00000E+00  0.00000E+00  0.00000E+00  0.00000E+00  0.00000E+00  0.00000E+00  0.00000E+00  0.00000E+00  0.00000E+00  0.00000E+00
   13341   3  1.56876E-03  1.56876E-03  1.56876E-03  1.56876E-03  1.56876E-03  1.56876E-03  1.56876E-03  1.56876E-03  1.56876E-03  1.56876E-03  1.56876E-03  1.56876E-03  1.56876E-03  1.56876E-03  1.56876E-03  1.56876E-03  1.56876E-03  1.56876E-03  1.56876E-03  1.56876E-03  1.56876E-03  1.56876E-03  1.56876E-03  1.56876E-03
    9455   3  0.00000E+00  0.00000E+00  0.00000E+00  0.00000E+00  0.00000E+00  0.00000E+00  0.00000E+00  0.00000E+00  0.00000E+00  0.00000E+00  0.00000E+00  0.00000E+00  0.00000E+00  0.00000E+00  0.00000E+00  0.00000E+00  0.00000E+00  0.00000E+00  0.00000E+00  0.00000E+00  0.00000E+00  0.00000E+00  0.00000E+00  0.00000E+00
   11927   3  3.29746E-01  3.29746E-01  3.29746E-01  3.29746E-01  3.29746E-01  3.29746E-01  3.29746E-01  3.29746E-01  3.29746E-01  3.29746E-01  3.29746E-01  3.29746E-01  3.29746E-01  3.29746E-01  3.29746E-01  3.29746E-01  3.29746E-01  3.29746E-01  3.29746E-01  3.29746E-01  3.29746E-01  3.29746E-01  3.29746E-01  3.29746E-01
   12279   3  6.03954E-01  6.03954E-01  6.03954E-01  6.03954E-01  6.03954E-01  6.03954E-01  6.03954E-01  6.03954E-01  6.03954E-01  6.03954E-01  6.03954E-01  6.03954E-01  6.03954E-01  6.03954E-01  6.03954E-01  6.03954E-01  6.03954E-01  6.03954E-01  6.03954E-01  6.03954E-01  6.03954E-01  6.03954E-01  6.03954E-01  6.03954E-01
   12635   3  9.42846E-02  9.42846E-02  9.42846E-02  9.42846E-02  9.42846E-02  9.42846E-02  9.42846E-02  9.42846E-02  9.42846E-02  9.42846E-02  9.42846E-02  9.42846E-02  9.42846E-02  9.42846E-02  9.42846E-02  9.42846E-02  9.42846E-02  9.42846E-02  9.42846E-02  9.42846E-02  9.42846E-02  9.42846E-02  9.42846E-02  9.42846E-02
   12636   3  4.56841E-02  4.56841E-02  4.56841E-02  4.56841E-02  4.56841E-02  4.56841E-02  4.56841E-02  4.56841E-02  4.56841E-02  4.56841E-02  4.56841E-02  4.56841E-02  4.56841E-02  4.56841E-02  4.56841E-02  4.56841E-02  4.56841E-02  4.56841E-02  4.56841E-02  4.56841E-02  4.56841E-02  4.56841E-02  4.56841E-02  4.56841E-02
   14046   3  1.05375E+00  1.05375E+00  1.05375E+00  1.05375E+00  1.05375E+00  1.05375E+00  1.05375E+00  1.05375E+00  1.05375E+00  1.05375E+00  1.05375E+00  1.05375E+00  1.05375E+00  1.05375E+00  1.05375E+00  1.05375E+00  1.05375E+00  1.05375E+00  1.05375E+00  1.05375E+00  1.05375E+00  1.05375E+00  1.05375E+00  1.05375E+00
   14047   3  0.00000E+00  0.00000E+00  0.00000E+00  0.00000E+00  0.00000E+00  0.00000E+00  0.00000E+00  0.00000E+00  0.00000E+00  0.00000E+00  0.00000E+00  0.00000E+00  0.00000E+00  0.00000E+00  0.00000E+00  0.00000E+00  0.00000E+00  0.00000E+00  0.00000E+00  0.00000E+00  0.00000E+00  0.00000E+00  0.00000E+00  0.00000E+00
   14047   2  0.00000E+00  0.00000E+00  0.00000E+00  0.00000E+00  0.00000E+00  0.00000E+00  0.00000E+00  0.00000E+00  0.00000E+00  0.00000E+00  0.00000E+00  0.00000E+00  0.00000E+00  0.00000E+00  0.00000E+00  0.00000E+00  0.00000E+00  0.00000E+00  0.00000E+00  0.00000E+00  0.00000E+00  0.00000E+00  0.00000E+00  0.00000E+00
    9465   3  1.32704E-02  1.32704E-02  1.32704E-02  1.32704E-02  1.32704E-02  1.32704E-02  1.32704E-02  1.32704E-02  1.32704E-02  1.32704E-02  1.32704E-02  1.32704E-02  1.32704E-02  1.32704E-02  1.32704E-02  1.32704E-02  1.32704E-02  1.32704E-02  1.32704E-02  1.32704E-02  1.32704E-02  1.32704E-02  1.32704E-02  1.32704E-02
    1352   7  3.91916E+00  3.91916E+00  3.91916E+00  3.91916E+00  3.91916E+00  3.91916E+00  3.91916E+00  3.91916E+00  3.91916E+00  3.91916E+00  3.91916E+00  3.91916E+00  3.91916E+00  3.91916E+00  3.91916E+00  3.91916E+00  3.91916E+00  3.91916E+00  3.91916E+00  3.91916E+00  3.91916E+00  3.91916E+00  3.91916E+00  3.91916E+00
    1352   4  6.45074E-01  6.45074E-01  6.45074E-01  6.45074E-01  6.45074E-01  6.45074E-01  6.45074E-01  6.45074E-01  6.45074E-01  6.45074E-01  6.45074E-01  6.45074E-01  6.45074E-01  6.45074E-01  6.45074E-01  6.45074E-01  6.45074E-01  6.45074E-01  6.45074E-01  6.45074E-01  6.45074E-01  6.45074E-01  6.45074E-01  6.45074E-01
    9106   3  3.75313E-03  3.75313E-03  3.75313E-03  3.75313E-03  3.75313E-03  3.75313E-03  3.75313E-03  3.75313E-03  3.75313E-03  3.75313E-03  3.75313E-03  3.75313E-03  3.75313E-03  3.75313E-03  3.75313E-03  3.75313E-03  3.75313E-03  3.75313E-03  3.75313E-03  3.75313E-03  3.75313E-03  3.75313E-03  3.75313E-03  3.75313E-03
    9458   7  9.79233E+00  9.79233E+00  9.79233E+00  9.79233E+00  9.79233E+00  9.79233E+00  9.79233E+00  9.79233E+00  9.79233E+00  9.79233E+00  9.79233E+00  9.79233E+00  9.79233E+00  9.79233E+00  9.79233E+00  9.79233E+00  9.79233E+00  9.79233E+00  9.79233E+00  9.79233E+00  9.79233E+00  9.79233E+00  9.79233E+00  9.79233E+00
    9458   3  0.00000E+00  0.00000E+00  0.00000E+00  0.00000E+00  0.00000E+00  0.00000E+00  0.00000E+00  0.00000E+00  0.00000E+00  0.00000E+00  0.00000E+00  0.00000E+00  0.00000E+00  0.00000E+00  0.00000E+00  0.00000E+00  0.00000E+00  0.00000E+00  0.00000E+00  0.00000E+00  0.00000E+00  0.00000E+00  0.00000E+00  0.00000E+00
    9458   2  0.00000E+00  0.00000E+00  0.00000E+00  0.00000E+00  0.00000E+00  0.00000E+00  0.00000E+00  0.00000E+00  0.00000E+00  0.00000E+00  0.00000E+00  0.00000E+00  0.00000E+00  0.00000E+00  0.00000E+00  0.00000E+00  0.00000E+00  0.00000E+00  0.00000E+00  0.00000E+00  0.00000E+00  0.00000E+00  0.00000E+00  0.00000E+00
    6635   3  0.00000E+00  0.00000E+00  0.00000E+00  0.00000E+00  0.00000E+00  0.00000E+00  0.00000E+00  0.00000E+00  0.00000E+00  0.00000E+00  0.00000E+00  0.00000E+00  0.00000E+00  0.00000E+00  0.00000E+00  0.00000E+00  0.00000E+00  0.00000E+00  0.00000E+00  0.00000E+00  0.00000E+00  0.00000E+00  0.00000E+00  0.00000E+00
    6635   2  0.00000E+00  0.00000E+00  0.00000E+00  0.00000E+00  0.00000E+00  0.00000E+00  0.00000E+00  0.00000E+00  0.00000E+00  0.00000E+00  0.00000E+00  0.00000E+00  0.00000E+00  0.00000E+00  0.00000E+00  0.00000E+00  0.00000E+00  0.00000E+00  0.00000E+00  0.00000E+00  0.00000E+00  0.00000E+00  0.00000E+00  0.00000E+00
   11586   3  6.86061E-04  6.86061E-04  6.86061E-04  6.86061E-04  6.86061E-04  6.86061E-04  6.86061E-04  6.86061E-04  6.86061E-04  6.86061E-04  6.86061E-04  6.86061E-04  6.86061E-04  6.86061E-04  6.86061E-04  6.86061E-04  6.86061E-04  6.86061E-04  6.86061E-04  6.86061E-04  6.86061E-04  6.86061E-04  6.86061E-04  6.86061E-04
   19977   3  1.37517E+02  1.37517E+02  7.58539E+01  7.58539E+01  7.58539E+01  7.58531E+01  7.58531E+01  7.58531E+01  7.58531E+01  7.58531E+01  7.58531E+01  7.58531E+01  7.58531E+01  1.37517E+02  1.37517E+02  1.37517E+02  1.37517E+02  1.37517E+02  1.37517E+02  1.37517E+02  1.37517E+02  1.37517E+02  1.37517E+02  1.37517E+02
   19977   4  1.42541E+02  1.42541E+02  1.42541E+02  1.42541E+02  1.42541E+02  1.42541E+02  1.42541E+02  1.42541E+02  1.42541E+02  1.42541E+02  1.42541E+02  1.42541E+02  1.42541E+02  1.42674E+02  1.42674E+02  1.42674E+02  1.42674E+02  1.42674E+02  1.42674E+02  1.42674E+02  1.42674E+02  1.42541E+02  1.42541E+02  1.42541E+02
   19977   5  0.00000E+00  0.00000E+00  0.00000E+00  0.00000E+00  0.00000E+00  0.00000E+00  0.00000E+00  0.00000E+00  0.00000E+00  0.00000E+00  0.00000E+00  0.00000E+00  0.00000E+00  0.00000E+00  0.00000E+00  0.00000E+00  0.00000E+00  0.00000E+00  0.00000E+00  0.00000E+00  0.00000E+00  0.00000E+00  0.00000E+00  0.00000E+00
   20329   4  2.60816E+01  2.60816E+01  2.60816E+01  2.60816E+01  2.60816E+01  2.60816E+01  2.60816E+01  2.60816E+01  2.60816E+01  2.60816E+01  2.60816E+01  2.60816E+01  2.60816E+01  2.63091E+01  2.63091E+01  2.63091E+01  2.63091E+01  2.63091E+01  2.63091E+01  2.63091E+01  2.63091E+01  2.60816E+01  2.60816E+01  2.60816E+01
   20330   4  1.91444E+01  1.91444E+01  1.91444E+01  1.91444E+01  1.91444E+01  1.91444E+01  1.91444E+01  1.91444E+01  1.91444E+01  1.91444E+01  1.91444E+01  1.91444E+01  1.91444E+01  1.91444E+01  1.91444E+01  1.91444E+01  1.91444E+01  1.91444E+01  1.91444E+01  1.91444E+01  1.91444E+01  1.91444E+01  1.91444E+01  1.91444E+01
   19977   2  6.20651E-01  6.19842E-01  6.16837E-01  6.11868E-01  6.06668E-01  6.00376E-01  5.97829E-01  5.96555E-01  5.96131E-01  5.96980E-01  5.99527E-01  6.03560E-01  6.08760E-01  6.11944E-01  6.14491E-01  6.16719E-01  6.17569E-01  6.18418E-01  6.18736E-01  6.19160E-01  6.19054E-01  6.18736E-01  6.17887E-01  6.16613E-01
   19976   4  1.37726E+01  1.37726E+01  1.37726E+01  1.37726E+01  1.37726E+01  1.37726E+01  1.37726E+01  1.37726E+01  1.37726E+01  1.37726E+01  1.37726E+01  1.37726E+01  1.37726E+01  1.37726E+01  1.37726E+01  1.37726E+01  1.37726E+01  1.37726E+01  1.37726E+01  1.37726E+01  1.37726E+01  1.37726E+01  1.37726E+01  1.37726E+01
   19977   7  1.81947E-02  1.81947E-02  1.81947E-02  1.81947E-02  1.81947E-02  0.00000E+00  0.00000E+00  0.00000E+00  0.00000E+00  0.00000E+00  0.00000E+00  0.00000E+00  1.81947E-02  2.27417E+01  2.27417E+01  2.27417E+01  2.27417E+01  2.27417E+01  2.27417E+01  2.27417E+01  2.27417E+01  1.81947E-02  1.81947E-02  1.81947E-02
   20330   3  1.32800E+02  1.32800E+02  1.30752E+02  1.30752E+02  1.30752E+02  1.30752E+02  1.30752E+02  1.30752E+02  1.30752E+02  1.30752E+02  1.30752E+02  1.30752E+02  1.30752E+02  1.32802E+02  1.32802E+02  1.32802E+02  1.32802E+02  1.32802E+02  1.32802E+02  1.32802E+02  1.32802E+02  1.32800E+02  1.32800E+02  1.32800E+02
   19976   3  5.22443E+01  5.22443E+01  5.00790E+01  5.00790E+01  5.00790E+01  5.00790E+01  5.00790E+01  5.00790E+01  5.00790E+01  5.00790E+01  5.00790E+01  5.00790E+01  5.00790E+01  5.22443E+01  5.22443E+01  5.22443E+01  5.22443E+01  5.22443E+01  5.22443E+01  5.22443E+01  5.22443E+01  5.22443E+01  5.22443E+01  5.22443E+01
   19624   3  3.21456E+01  3.21456E+01  1.87815E+01  1.87815E+01  1.87815E+01  1.87815E+01  1.87815E+01  1.87815E+01  1.87815E+01  1.87815E+01  1.87815E+01  1.87815E+01  1.87815E+01  3.21456E+01  3.21456E+01  3.21456E+01  3.21456E+01  3.21456E+01  3.21456E+01  3.21456E+01  3.21456E+01  3.21456E+01  3.21456E+01  3.21456E+01
   19271   4  6.83890E-01  6.83890E-01  6.83890E-01  6.83890E-01  6.83890E-01  6.83890E-01  6.83890E-01  6.83890E-01  6.83890E-01  6.83890E-01  6.83890E-01  6.83890E-01  6.83890E-01  6.83890E-01  6.83890E-01  6.83890E-01  6.83890E-01  6.83890E-01  6.83890E-01  6.83890E-01  6.83890E-01  6.83890E-01  6.83890E-01  6.83890E-01
   19271   7  0.00000E+00  0.00000E+00  0.00000E+00  0.00000E+00  0.00000E+00  0.00000E+00  0.00000E+00  0.00000E+00  0.00000E+00  0.00000E+00  0.00000E+00  0.00000E+00  0.00000E+00  6.94649E-02  6.94649E-02  6.94649E-02  6.94649E-02  6.94649E-02  6.94649E-02  6.94649E-02  6.94649E-02  0.00000E+00  0.00000E+00  0.00000E+00
   19624   4  2.20548E+00  2.20548E+00  2.20548E+00  2.20548E+00  2.20548E+00  2.20548E+00  2.20548E+00  2.20548E+00  2.20548E+00  2.20548E+00  2.20548E+00  2.20548E+00  2.20548E+00  2.20548E+00  2.20548E+00  2.20548E+00  2.20548E+00  2.20548E+00  2.20548E+00  2.20548E+00  2.20548E+00  2.20548E+00  2.20548E+00  2.20548E+00
   19271   3  4.09186E+00  4.09186E+00  4.05300E+00  4.05300E+00  4.05300E+00  4.05300E+00  4.05300E+00  4.05300E+00  4.05300E+00  4.05300E+00  4.05300E+00  4.05300E+00  4.05300E+00  4.09186E+00  4.09186E+00  4.09186E+00  4.09186E+00  4.09186E+00  4.09186E+00  4.09186E+00  4.09186E+00  4.09186E+00  4.09186E+00  4.09186E+00
   19272   4  3.69159E-01  3.69159E-01  3.69159E-01  3.69159E-01  3.69159E-01  3.69159E-01  3.69159E-01  3.69159E-01  3.69159E-01  3.69159E-01  3.69159E-01  3.69159E-01  3.69159E-01  3.69159E-01  3.69159E-01  3.69159E-01  3.69159E-01  3.69159E-01  3.69159E-01  3.69159E-01  3.69159E-01  3.69159E-01  3.69159E-01  3.69159E-01
   19622   3  2.54284E-04  2.54284E-04  2.54284E-04  2.54284E-04  2.54284E-04  2.54284E-04  2.54284E-04  2.54284E-04  2.54284E-04  2.54284E-04  2.54284E-04  2.54284E-04  2.54284E-04  2.54284E-04  2.54284E-04  2.54284E-04  2.54284E-04  2.54284E-04  2.54284E-04  2.54284E-04  2.54284E-04  2.54284E-04  2.54284E-04  2.54284E-04
   19269   4  2.82911E-04  2.82911E-04  2.82911E-04  2.82911E-04  2.82911E-04  2.82911E-04  2.82911E-04  2.82911E-04  2.82911E-04  2.82911E-04  2.82911E-04  2.82911E-04  2.82911E-04  2.82911E-04  2.82911E-04  2.82911E-04  2.82911E-04  2.82911E-04  2.82911E-04  2.82911E-04  2.82911E-04  2.82911E-04  2.82911E-04  2.82911E-04
   20330   5  0.00000E+00  0.00000E+00  0.00000E+00  0.00000E+00  0.00000E+00  0.00000E+00  0.00000E+00  0.00000E+00  0.00000E+00  0.00000E+00  0.00000E+00  0.00000E+00  0.00000E+00  0.00000E+00  0.00000E+00  0.00000E+00  0.00000E+00  0.00000E+00  0.00000E+00  0.00000E+00  0.00000E+00  0.00000E+00  0.00000E+00  0.00000E+00
   19978   4  4.47931E+01  4.47931E+01  4.47931E+01  4.47931E+01  4.47931E+01  4.47931E+01  4.47931E+01  4.47931E+01  4.47931E+01  4.47931E+01  4.47931E+01  4.47931E+01  4.47931E+01  4.74249E+01  4.74249E+01  4.74249E+01  4.74249E+01  4.74249E+01  4.74249E+01  4.74249E+01  4.74249E+01  4.47931E+01  4.47931E+01  4.47931E+01
   19978   3  3.01100E+01  3.01100E+01  2.80847E+01  2.80847E+01  2.80847E+01  2.80847E+01  2.80847E+01  2.80847E+01  2.80847E+01  2.80847E+01  2.80847E+01  2.80847E+01  2.80847E+01  3.01100E+01  3.01100E+01  3.01100E+01  3.01100E+01  3.01100E+01  3.01100E+01  3.01100E+01  3.01100E+01  3.01100E+01  3.01100E+01  3.01100E+01
   19625   3  7.79035E+02  7.79035E+02  7.73904E+02  7.73904E+02  7.73904E+02  7.73904E+02  7.73904E+02  7.73904E+02  7.73904E+02  7.73904E+02  7.73904E+02  7.73904E+02  7.73904E+02  7.79035E+02  7.79035E+02  7.79035E+02  7.79035E+02  7.79035E+02  7.79035E+02  7.79035E+02  7.79035E+02  7.79035E+02  7.79035E+02  7.79035E+02
   19625   4  4.89435E+01  4.89435E+01  4.89435E+01  4.89435E+01  4.89435E+01  4.89435E+01  4.89435E+01  4.89435E+01  4.89435E+01  4.89435E+01  4.89435E+01  4.89435E+01  4.89435E+01  4.89783E+01  4.89783E+01  4.89783E+01  4.89783E+01  4.89783E+01  4.89783E+01  4.89783E+01  4.89783E+01  4.89435E+01  4.89435E+01  4.89435E+01
   19625   7  8.83070E-03  8.83070E-03  8.83070E-03  8.83070E-03  8.83070E-03  0.00000E+00  0.00000E+00  0.00000E+00  0.00000E+00  0.00000E+00  0.00000E+00  0.00000E+00  8.83070E-03  3.53590E-01  3.53590E-01  3.53590E-01  3.53590E-01  3.53590E-01  3.53590E-01  3.53590E-01  3.53590E-01  8.83070E-03  8.83070E-03  8.83070E-03
   19625   5  0.00000E+00  0.00000E+00  0.00000E+00  0.00000E+00  0.00000E+00  0.00000E+00  0.00000E+00  0.00000E+00  0.00000E+00  0.00000E+00  0.00000E+00  0.00000E+00  0.00000E+00  0.00000E+00  0.00000E+00  0.00000E+00  0.00000E+00  0.00000E+00  0.00000E+00  0.00000E+00  0.00000E+00  0.00000E+00  0.00000E+00  0.00000E+00
   19272   3  1.80447E+01  1.80447E+01  1.77960E+01  1.77960E+01  1.77960E+01  1.77960E+01  1.77960E+01  1.77960E+01  1.77960E+01  1.77960E+01  1.77960E+01  1.77960E+01  1.77960E+01  1.80447E+01  1.80447E+01  1.80447E+01  1.80447E+01  1.80447E+01  1.80447E+01  1.80447E+01  1.80447E+01  1.80447E+01  1.80447E+01  1.80447E+01
   19626   3  7.95857E+00  7.95857E+00  7.95857E+00  7.95857E+00  7.95857E+00  7.93678E+00  7.93678E+00  7.93678E+00  7.93678E+00  7.93678E+00  7.93678E+00  7.93678E+00  7.93678E+00  7.95905E+00  7.95905E+00  7.95905E+00  7.95905E+00  7.95905E+00  7.95905E+00  7.95905E+00  7.95905E+00  7.95857E+00  7.95857E+00  7.95857E+00
   19626   4  6.10067E+00  6.10067E+00  6.10067E+00  6.10067E+00  6.10067E+00  6.10067E+00  6.10067E+00  6.10067E+00  6.10067E+00  6.10067E+00  6.10067E+00  6.10067E+00  6.10067E+00  6.10067E+00  6.10067E+00  6.10067E+00  6.10067E+00  6.10067E+00  6.10067E+00  6.10067E+00  6.10067E+00  6.10067E+00  6.10067E+00  6.10067E+00
   19626   5  0.00000E+00  0.00000E+00  0.00000E+00  0.00000E+00  0.00000E+00  0.00000E+00  0.00000E+00  0.00000E+00  0.00000E+00  0.00000E+00  0.00000E+00  0.00000E+00  0.00000E+00  0.00000E+00  0.00000E+00  0.00000E+00  0.00000E+00  0.00000E+00  0.00000E+00  0.00000E+00  0.00000E+00  0.00000E+00  0.00000E+00  0.00000E+00
   19270   3  2.96990E+01  2.96990E+01  2.96554E+01  2.96554E+01  2.96554E+01  2.96554E+01  2.96554E+01  2.96554E+01  2.96554E+01  2.96554E+01  2.96554E+01  2.96554E+01  2.96554E+01  2.96990E+01  2.96990E+01  2.96990E+01  2.96990E+01  2.96990E+01  2.96990E+01  2.96990E+01  2.96990E+01  2.96990E+01  2.96990E+01  2.96990E+01
   19270   4  5.91901E+00  5.91901E+00  5.91901E+00  5.91901E+00  5.91901E+00  5.91901E+00  5.91901E+00  5.91901E+00  5.91901E+00  5.91901E+00  5.91901E+00  5.91901E+00  5.91901E+00  5.91959E+00  5.91959E+00  5.91959E+00  5.91959E+00  5.91959E+00  5.91959E+00  5.91959E+00  5.91959E+00  5.91901E+00  5.91901E+00  5.91901E+00
   19623   4  5.26955E-04  5.26955E-04  5.26955E-04  5.26955E-04  5.26955E-04  5.26955E-04  5.26955E-04  5.26955E-04  5.26955E-04  5.26955E-04  5.26955E-04  5.26955E-04  5.26955E-04  5.26955E-04  5.26955E-04  5.26955E-04  5.26955E-04  5.26955E-04  5.26955E-04  5.26955E-04  5.26955E-04  5.26955E-04  5.26955E-04  5.26955E-04
   19623   3  2.03191E-01  2.03191E-01  2.03191E-01  2.03191E-01  2.03191E-01  2.03191E-01  2.03191E-01  2.03191E-01  2.03191E-01  2.03191E-01  2.03191E-01  2.03191E-01  2.03191E-01  2.03191E-01  2.03191E-01  2.03191E-01  2.03191E-01  2.03191E-01  2.03191E-01  2.03191E-01  2.03191E-01  2.03191E-01  2.03191E-01  2.03191E-01
   19623   7  0.00000E+00  0.00000E+00  0.00000E+00  0.00000E+00  0.00000E+00  0.00000E+00  0.00000E+00  0.00000E+00  0.00000E+00  0.00000E+00  0.00000E+00  0.00000E+00  0.00000E+00  4.12030E-01  4.12030E-01  4.12030E-01  4.12030E-01  4.12030E-01  4.12030E-01  4.12030E-01  4.12030E-01  0.00000E+00  0.00000E+00  0.00000E+00
   19273   4  1.06139E+00  1.06139E+00  1.06139E+00  1.06139E+00  1.06139E+00  1.06139E+00  1.06139E+00  1.06139E+00  1.06139E+00  1.06139E+00  1.06139E+00  1.06139E+00  1.06139E+00  1.06139E+00  1.06139E+00  1.06139E+00  1.06139E+00  1.06139E+00  1.06139E+00  1.06139E+00  1.06139E+00  1.06139E+00  1.06139E+00  1.06139E+00
   19273   3  1.49073E+00  1.49073E+00  1.35083E+00  1.35083E+00  1.35083E+00  1.35083E+00  1.35083E+00  1.35083E+00  1.35083E+00  1.35083E+00  1.35083E+00  1.35083E+00  1.35083E+00  1.49582E+00  1.49582E+00  1.49582E+00  1.49582E+00  1.49582E+00  1.49582E+00  1.49582E+00  1.49582E+00  1.49073E+00  1.49073E+00  1.49073E+00
   19273   5  0.00000E+00  0.00000E+00  0.00000E+00  0.00000E+00  0.00000E+00  0.00000E+00  0.00000E+00  0.00000E+00  0.00000E+00  0.00000E+00  0.00000E+00  0.00000E+00  0.00000E+00  0.00000E+00  0.00000E+00  0.00000E+00  0.00000E+00  0.00000E+00  0.00000E+00  0.00000E+00  0.00000E+00  0.00000E+00  0.00000E+00  0.00000E+00
   18917   4  5.72281E-01  5.72281E-01  5.72281E-01  5.72281E-01  5.72281E-01  5.72281E-01  5.72281E-01  5.72281E-01  5.72281E-01  5.72281E-01  5.72281E-01  5.72281E-01  5.72281E-01  5.72281E-01  5.72281E-01  5.72281E-01  5.72281E-01  5.72281E-01  5.72281E-01  5.72281E-01  5.72281E-01  5.72281E-01  5.72281E-01  5.72281E-01
   18917   3  4.35533E+00  4.35533E+00  4.13382E+00  4.13382E+00  4.13382E+00  4.13382E+00  4.13382E+00  4.13382E+00  4.13382E+00  4.13382E+00  4.13382E+00  4.13382E+00  4.13382E+00  4.35533E+00  4.35533E+00  4.35533E+00  4.35533E+00  4.35533E+00  4.35533E+00  4.35533E+00  4.35533E+00  4.35533E+00  4.35533E+00  4.35533E+00
   18919   3  4.12553E+01  4.12553E+01  4.11549E+01  4.11549E+01  4.11549E+01  4.11549E+01  4.11549E+01  4.11549E+01  4.11549E+01  4.11549E+01  4.11549E+01  4.11549E+01  4.11549E+01  4.12553E+01  4.12553E+01  4.12553E+01  4.12553E+01  4.12553E+01  4.12553E+01  4.12553E+01  4.12553E+01  4.12553E+01  4.12553E+01  4.12553E+01
   18919   4  3.94247E+00  3.94247E+00  3.94247E+00  3.94247E+00  3.94247E+00  3.94247E+00  3.94247E+00  3.94247E+00  3.94247E+00  3.94247E+00  3.94247E+00  3.94247E+00  3.94247E+00  3.94247E+00  3.94247E+00  3.94247E+00  3.94247E+00  3.94247E+00  3.94247E+00  3.94247E+00  3.94247E+00  3.94247E+00  3.94247E+00  3.94247E+00
   19624   5  0.00000E+00  0.00000E+00  0.00000E+00  0.00000E+00  0.00000E+00  0.00000E+00  0.00000E+00  0.00000E+00  0.00000E+00  0.00000E+00  0.00000E+00  0.00000E+00  0.00000E+00  0.00000E+00  0.00000E+00  0.00000E+00  0.00000E+00  0.00000E+00  0.00000E+00  0.00000E+00  0.00000E+00  0.00000E+00  0.00000E+00  0.00000E+00
   19976   5  0.00000E+00  0.00000E+00  0.00000E+00  0.00000E+00  0.00000E+00  0.00000E+00  0.00000E+00  0.00000E+00  0.00000E+00  0.00000E+00  0.00000E+00  0.00000E+00  0.00000E+00  0.00000E+00  0.00000E+00  0.00000E+00  0.00000E+00  0.00000E+00  0.00000E+00  0.00000E+00  0.00000E+00  0.00000E+00  0.00000E+00  0.00000E+00
   19976   2  7.18649E-01  7.18649E-01  7.18649E-01  7.18649E-01  7.18649E-01  7.18649E-01  7.18649E-01  7.18649E-01  7.18649E-01  7.18649E-01  7.18649E-01  7.18649E-01  7.18649E-01  7.18649E-01  7.18649E-01  7.18649E-01  7.18649E-01  7.18649E-01  7.18649E-01  7.18649E-01  7.18649E-01  7.18649E-01  7.18649E-01  7.18649E-01
   19978   7  0.00000E+00  0.00000E+00  0.00000E+00  0.00000E+00  0.00000E+00  0.00000E+00  0.00000E+00  0.00000E+00  0.00000E+00  0.00000E+00  0.00000E+00  0.00000E+00  0.00000E+00  4.27998E-01  4.27998E-01  4.27998E-01  4.27998E-01  4.27998E-01  4.27998E-01  4.27998E-01  4.27998E-01  0.00000E+00  0.00000E+00  0.00000E+00
   44604   3  2.55122E-04  2.55122E-04  2.55122E-04  2.55122E-04  2.55122E-04  2.55122E-04  2.55122E-04  2.55122E-04  2.55122E-04  2.55122E-04  2.55122E-04  2.55122E-04  2.55122E-04  2.55122E-04  2.55122E-04  2.55122E-04  2.55122E-04  2.55122E-04  2.55122E-04  2.55122E-04  2.55122E-04  2.55122E-04  2.55122E-04  2.55122E-04
   42517   3  2.97761E-06  2.97761E-06  2.97761E-06  2.97761E-06  2.97761E-06  2.97761E-06  2.97761E-06  2.97761E-06  2.97761E-06  2.97761E-06  2.97761E-06  2.97761E-06  2.97761E-06  2.97761E-06  2.97761E-06  2.97761E-06  2.97761E-06  2.97761E-06  2.97761E-06  2.97761E-06  2.97761E-06  2.97761E-06  2.97761E-06  2.97761E-06
   43929   3  0.00000E+00  0.00000E+00  0.00000E+00  0.00000E+00  0.00000E+00  0.00000E+00  0.00000E+00  0.00000E+00  0.00000E+00  0.00000E+00  0.00000E+00  0.00000E+00  0.00000E+00  0.00000E+00  0.00000E+00  0.00000E+00  0.00000E+00  0.00000E+00  0.00000E+00  0.00000E+00  0.00000E+00  0.00000E+00  0.00000E+00  0.00000E+00
   39330   3  7.94216E-04  7.94216E-04  7.94216E-04  7.94216E-04  7.94216E-04  7.94216E-04  7.94216E-04  7.94216E-04  7.94216E-04  7.94216E-04  7.94216E-04  7.94216E-04  7.94216E-04  7.94216E-04  7.94216E-04  7.94216E-04  7.94216E-04  7.94216E-04  7.94216E-04  7.94216E-04  7.94216E-04  7.94216E-04  7.94216E-04  7.94216E-04
   39327   2  0.00000E+00  0.00000E+00  0.00000E+00  0.00000E+00  0.00000E+00  0.00000E+00  0.00000E+00  0.00000E+00  0.00000E+00  0.00000E+00  0.00000E+00  0.00000E+00  0.00000E+00  0.00000E+00  0.00000E+00  0.00000E+00  0.00000E+00  0.00000E+00  0.00000E+00  0.00000E+00  0.00000E+00  0.00000E+00  0.00000E+00  0.00000E+00
   39327   4  9.00621E-01  9.00621E-01  9.00621E-01  9.00621E-01  9.00621E-01  9.00621E-01  9.00621E-01  9.00621E-01  9.00621E-01  9.00621E-01  9.00621E-01  9.00621E-01  9.00621E-01  9.00621E-01  9.00621E-01  9.00621E-01  9.00621E-01  9.00621E-01  9.00621E-01  9.00621E-01  9.00621E-01  9.00621E-01  9.00621E-01  9.00621E-01
   39683   4  8.83695E-02  8.83695E-02  8.83695E-02  8.83695E-02  8.83695E-02  8.83695E-02  8.83695E-02  8.83695E-02  8.83695E-02  8.83695E-02  8.83695E-02  8.83695E-02  8.83695E-02  8.83695E-02  8.83695E-02  8.83695E-02  8.83695E-02  8.83695E-02  8.83695E-02  8.83695E-02  8.83695E-02  8.83695E-02  8.83695E-02  8.83695E-02
   39682   7  4.96682E+02  4.96682E+02  4.96682E+02  4.96682E+02  4.96682E+02  4.96682E+02  4.96682E+02  4.96682E+02  4.96682E+02  4.96682E+02  4.96682E+02  4.96682E+02  4.96682E+02  4.96682E+02  4.96682E+02  4.96682E+02  4.96682E+02  4.96682E+02  4.96682E+02  4.96682E+02  4.96682E+02  4.96682E+02  4.96682E+02  4.96682E+02
   46049   3  0.00000E+00  0.00000E+00  0.00000E+00  0.00000E+00  0.00000E+00  0.00000E+00  0.00000E+00  0.00000E+00  0.00000E+00  0.00000E+00  0.00000E+00  0.00000E+00  0.00000E+00  0.00000E+00  0.00000E+00  0.00000E+00  0.00000E+00  0.00000E+00  0.00000E+00  0.00000E+00  0.00000E+00  0.00000E+00  0.00000E+00  0.00000E+00
   46755   2  1.55148E-01  1.52852E-01  1.44323E-01  1.30219E-01  1.15459E-01  9.75991E-02  9.03696E-02  8.67548E-02  8.55498E-02  8.79597E-02  9.51893E-02  1.06636E-01  1.21396E-01  1.30433E-01  1.37663E-01  1.43989E-01  1.46399E-01  1.48809E-01  1.49712E-01  1.50917E-01  1.50616E-01  1.49712E-01  1.47302E-01  1.43688E-01
   46403   3  1.79954E+00  1.77290E+00  1.67399E+00  1.51039E+00  1.33919E+00  1.13204E+00  1.04818E+00  1.00626E+00  9.92280E-01  1.02023E+00  1.10409E+00  1.23686E+00  1.40806E+00  1.51288E+00  1.59673E+00  1.67010E+00  1.69806E+00  1.72601E+00  1.73649E+00  1.75047E+00  1.74697E+00  1.73649E+00  1.70854E+00  1.66661E+00
   46755   1  2.34961E-01  2.31484E-01  2.18569E-01  1.97208E-01  1.74855E-01  1.47808E-01  1.36859E-01  1.31384E-01  1.29560E-01  1.33209E-01  1.44158E-01  1.61493E-01  1.83847E-01  1.97533E-01  2.08482E-01  2.18062E-01  2.21711E-01  2.25361E-01  2.26729E-01  2.28554E-01  2.28098E-01  2.26729E-01  2.23080E-01  2.17606E-01
   46755   3  2.38251E-02  2.38251E-02  2.38251E-02  2.38251E-02  2.38251E-02  2.38251E-02  2.38251E-02  2.38251E-02  2.38251E-02  2.38251E-02  2.38251E-02  2.38251E-02  2.38251E-02  2.38251E-02  2.38251E-02  2.38251E-02  2.38251E-02  2.38251E-02  2.38251E-02  2.38251E-02  2.38251E-02  2.38251E-02  2.38251E-02  2.38251E-02
   46755   4  4.17942E-01  4.17942E-01  4.17942E-01  4.17942E-01  4.17942E-01  4.17942E-01  4.17942E-01  4.17942E-01  4.17942E-01  4.17942E-01  4.17942E-01  4.17942E-01  4.17942E-01  4.17942E-01  4.17942E-01  4.17942E-01  4.17942E-01  4.17942E-01  4.17942E-01  4.17942E-01  4.17942E-01  4.17942E-01  4.17942E-01  4.17942E-01
   46753   4  0.00000E+00  0.00000E+00  0.00000E+00  0.00000E+00  0.00000E+00  0.00000E+00  0.00000E+00  0.00000E+00  0.00000E+00  0.00000E+00  0.00000E+00  0.00000E+00  0.00000E+00  1.07776E-01  1.07776E-01  1.07776E-01  1.07776E-01  1.07776E-01  1.07776E-01  1.07776E-01  1.07776E-01  0.00000E+00  0.00000E+00  0.00000E+00
   47110   3  8.29077E-03  8.29077E-03  8.29077E-03  8.29077E-03  8.29077E-03  8.29077E-03  8.29077E-03  8.29077E-03  8.29077E-03  8.29077E-03  8.29077E-03  8.29077E-03  8.29077E-03  8.29077E-03  8.29077E-03  8.29077E-03  8.29077E-03  8.29077E-03  8.29077E-03  8.29077E-03  8.29077E-03  8.29077E-03  8.29077E-03  8.29077E-03
   46402   7  4.18627E+01  4.18627E+01  4.18627E+01  4.18627E+01  4.18627E+01  4.18627E+01  4.18627E+01  4.18627E+01  4.18627E+01  4.18627E+01  4.18627E+01  4.18627E+01  4.18627E+01  4.18627E+01  4.18627E+01  4.18627E+01  4.18627E+01  4.18627E+01  4.18627E+01  4.18627E+01  4.18627E+01  4.18627E+01  4.18627E+01  4.18627E+01
   47787   3  3.31272E-05  3.31272E-05  3.31272E-05  3.31272E-05  3.31272E-05  3.31272E-05  3.31272E-05  3.31272E-05  3.31272E-05  3.31272E-05  3.31272E-05  3.31272E-05  3.31272E-05  3.31272E-05  3.31272E-05  3.31272E-05  3.31272E-05  3.31272E-05  3.31272E-05  3.31272E-05  3.31272E-05  3.31272E-05  3.31272E-05  3.31272E-05
   47460   4  0.00000E+00  0.00000E+00  0.00000E+00  0.00000E+00  0.00000E+00  0.00000E+00  0.00000E+00  0.00000E+00  0.00000E+00  0.00000E+00  0.00000E+00  0.00000E+00  0.00000E+00  0.00000E+00  0.00000E+00  0.00000E+00  0.00000E+00  0.00000E+00  0.00000E+00  0.00000E+00  0.00000E+00  0.00000E+00  0.00000E+00  0.00000E+00
   42139   3  4.15782E-01  4.15782E-01  4.15782E-01  4.15782E-01  4.15782E-01  4.15782E-01  4.15782E-01  4.15782E-01  4.15782E-01  4.15782E-01  4.15782E-01  4.15782E-01  4.15782E-01  4.15782E-01  4.15782E-01  4.15782E-01  4.15782E-01  4.15782E-01  4.15782E-01  4.15782E-01  4.15782E-01  4.15782E-01  4.15782E-01  4.15782E-01
   41804   3  7.50716E-05  7.50716E-05  7.50716E-05  7.50716E-05  7.50716E-05  7.50716E-05  7.50716E-05  7.50716E-05  7.50716E-05  7.50716E-05  7.50716E-05  7.50716E-05  7.50716E-05  7.50716E-05  7.50716E-05  7.50716E-05  7.50716E-05  7.50716E-05  7.50716E-05  7.50716E-05  7.50716E-05  7.50716E-05  7.50716E-05  7.50716E-05
   40021   4  1.23272E-04  1.23272E-04  1.23272E-04  1.23272E-04  1.23272E-04  1.23272E-04  1.23272E-04  1.23272E-04  1.23272E-04  1.23272E-04  1.23272E-04  1.23272E-04  1.23272E-04  1.23272E-04  1.23272E-04  1.23272E-04  1.23272E-04  1.23272E-04  1.23272E-04  1.23272E-04  1.23272E-04  1.23272E-04  1.23272E-04  1.23272E-04
   43907   3  0.00000E+00  0.00000E+00  0.00000E+00  0.00000E+00  0.00000E+00  0.00000E+00  0.00000E+00  0.00000E+00  0.00000E+00  0.00000E+00  0.00000E+00  0.00000E+00  0.00000E+00  0.00000E+00  0.00000E+00  0.00000E+00  0.00000E+00  0.00000E+00  0.00000E+00  0.00000E+00  0.00000E+00  0.00000E+00  0.00000E+00  0.00000E+00
   24538   7  2.25075E+00  2.25075E+00  2.25075E+00  2.25075E+00  2.25075E+00  2.25075E+00  2.25075E+00  2.25075E+00  2.25075E+00  2.25075E+00  2.25075E+00  2.25075E+00  2.25075E+00  2.25075E+00  2.25075E+00  2.25075E+00  2.25075E+00  2.25075E+00  2.25075E+00  2.25075E+00  2.25075E+00  2.25075E+00  2.25075E+00  2.25075E+00
   24549   3  0.00000E+00  0.00000E+00  0.00000E+00  0.00000E+00  0.00000E+00  0.00000E+00  0.00000E+00  0.00000E+00  0.00000E+00  0.00000E+00  0.00000E+00  0.00000E+00  0.00000E+00  0.00000E+00  0.00000E+00  0.00000E+00  0.00000E+00  0.00000E+00  0.00000E+00  0.00000E+00  0.00000E+00  0.00000E+00  0.00000E+00  0.00000E+00
   24549   4  2.13237E-03  2.13237E-03  2.13237E-03  2.13237E-03  2.13237E-03  2.13237E-03  2.13237E-03  2.13237E-03  2.13237E-03  2.13237E-03  2.13237E-03  2.13237E-03  2.13237E-03  2.13237E-03  2.13237E-03  2.13237E-03  2.13237E-03  2.13237E-03  2.13237E-03  2.13237E-03  2.13237E-03  2.13237E-03  2.13237E-03  2.13237E-03
   24547   4  6.83885E-01  6.83885E-01  6.83885E-01  6.83885E-01  6.83885E-01  6.83885E-01  6.83885E-01  6.83885E-01  6.83885E-01  6.83885E-01  6.83885E-01  6.83885E-01  6.83885E-01  3.93705E+01  3.93705E+01  3.93705E+01  3.93705E+01  3.93705E+01  3.93705E+01  3.93705E+01  3.93705E+01  6.83885E-01  6.83885E-01  6.83885E-01
   24547   6  5.70376E+00  5.70376E+00  5.70376E+00  5.70376E+00  5.70376E+00  5.70376E+00  5.70376E+00  5.70376E+00  5.70376E+00  5.70376E+00  5.70376E+00  5.70376E+00  5.70376E+00  5.70376E+00  5.70376E+00  5.70376E+00  5.70376E+00  5.70376E+00  5.70376E+00  5.70376E+00  5.70376E+00  5.70376E+00  5.70376E+00  5.70376E+00
   24547   2  8.14823E-01  8.14823E-01  8.14823E-01  8.14823E-01  8.14823E-01  8.14823E-01  8.14823E-01  8.14823E-01  8.14823E-01  8.14823E-01  8.14823E-01  8.14823E-01  8.14823E-01  8.14823E-01  8.14823E-01  8.14823E-01  8.14823E-01  8.14823E-01  8.14823E-01  8.14823E-01  8.14823E-01  8.14823E-01  8.14823E-01  8.14823E-01
   24547   5  3.25929E+00  3.25929E+00  3.25929E+00  3.25929E+00  3.25929E+00  3.25929E+00  3.25929E+00  3.25929E+00  3.25929E+00  3.25929E+00  3.25929E+00  3.25929E+00  3.25929E+00  1.18563E+01  1.18563E+01  1.18563E+01  1.18563E+01  1.18563E+01  1.18563E+01  1.18563E+01  1.18563E+01  3.25929E+00  3.25929E+00  3.25929E+00
   24547   3  8.14823E-01  8.14823E-01  8.14823E-01  8.14823E-01  8.14823E-01  8.14823E-01  8.14823E-01  8.14823E-01  8.14823E-01  8.14823E-01  8.14823E-01  8.14823E-01  8.14823E-01  3.95015E+01  3.95015E+01  3.95015E+01  3.95015E+01  3.95015E+01  3.95015E+01  3.95015E+01  3.95015E+01  8.14823E-01  8.14823E-01  8.14823E-01
   24547   7  7.69986E+00  7.69986E+00  7.69986E+00  7.69986E+00  7.69986E+00  7.69986E+00  7.69986E+00  7.69986E+00  7.69986E+00  7.69986E+00  7.69986E+00  7.69986E+00  7.69986E+00  7.69986E+00  7.69986E+00  7.69986E+00  7.69986E+00  7.69986E+00  7.69986E+00  7.69986E+00  7.69986E+00  7.69986E+00  7.69986E+00  7.69986E+00
   26660   3  5.20133E-03  5.20133E-03  5.20133E-03  5.20133E-03  5.20133E-03  5.20133E-03  5.20133E-03  5.20133E-03  5.20133E-03  5.20133E-03  5.20133E-03  5.20133E-03  5.20133E-03  5.20133E-03  5.20133E-03  5.20133E-03  5.20133E-03  5.20133E-03  5.20133E-03  5.20133E-03  5.20133E-03  5.20133E-03  5.20133E-03  5.20133E-03
   25246   4  1.06284E-02  1.06284E-02  1.06284E-02  1.06284E-02  1.06284E-02  1.06284E-02  1.06284E-02  1.06284E-02  1.06284E-02  1.06284E-02  1.06284E-02  1.06284E-02  1.06284E-02  1.06284E-02  1.06284E-02  1.06284E-02  1.06284E-02  1.06284E-02  1.06284E-02  1.06284E-02  1.06284E-02  1.06284E-02  1.06284E-02  1.06284E-02
   25246   7  2.66778E+01  2.66778E+01  2.66778E+01  2.66778E+01  2.66778E+01  2.66778E+01  2.66778E+01  2.66778E+01  2.66778E+01  2.66778E+01  2.66778E+01  2.66778E+01  2.66778E+01  2.66778E+01  2.66778E+01  2.66778E+01  2.66778E+01  2.66778E+01  2.66778E+01  2.66778E+01  2.66778E+01  2.66778E+01  2.66778E+01  2.66778E+01
   27008   7  1.42992E+01  1.42992E+01  1.42992E+01  1.42992E+01  1.42992E+01  1.42226E+01  1.42226E+01  1.42226E+01  1.42226E+01  1.42226E+01  1.42226E+01  1.42226E+01  1.42992E+01  1.42992E+01  1.42992E+01  1.42992E+01  1.42992E+01  1.42992E+01  1.42992E+01  1.42992E+01  1.42992E+01  1.42992E+01  1.42992E+01  1.42992E+01
   27008   4  1.71103E-05  1.71103E-05  1.71103E-05  1.71103E-05  1.71103E-05  1.71103E-05  1.71103E-05  1.71103E-05  1.71103E-05  1.71103E-05  1.71103E-05  1.71103E-05  1.71103E-05  1.71103E-05  1.71103E-05  1.71103E-05  1.71103E-05  1.71103E-05  1.71103E-05  1.71103E-05  1.71103E-05  1.71103E-05  1.71103E-05  1.71103E-05
   24896   2  7.29830E-01  7.29830E-01  7.29830E-01  7.29830E-01  7.29830E-01  7.29830E-01  7.29830E-01  7.29830E-01  7.29830E-01  7.29830E-01  7.29830E-01  7.29830E-01  7.29830E-01  7.29830E-01  7.29830E-01  7.29830E-01  7.29830E-01  7.29830E-01  7.29830E-01  7.29830E-01  7.29830E-01  7.29830E-01  7.29830E-01  7.29830E-01
   24896   6  0.00000E+00  0.00000E+00  0.00000E+00  0.00000E+00  0.00000E+00  0.00000E+00  0.00000E+00  0.00000E+00  0.00000E+00  0.00000E+00  0.00000E+00  0.00000E+00  0.00000E+00  0.00000E+00  0.00000E+00  0.00000E+00  0.00000E+00  0.00000E+00  0.00000E+00  0.00000E+00  0.00000E+00  0.00000E+00  0.00000E+00  0.00000E+00
   24896   7  9.04606E-01  9.04606E-01  9.04606E-01  9.04606E-01  9.04606E-01  7.41599E-01  7.41599E-01  7.41599E-01  7.41599E-01  7.41599E-01  7.41599E-01  7.41599E-01  9.04606E-01  9.04606E-01  9.04606E-01  9.04606E-01  9.04606E-01  9.04606E-01  9.04606E-01  9.04606E-01  9.04606E-01  9.04606E-01  9.04606E-01  9.04606E-01
   24896   3  0.00000E+00  0.00000E+00  0.00000E+00  0.00000E+00  0.00000E+00  0.00000E+00  0.00000E+00  0.00000E+00  0.00000E+00  0.00000E+00  0.00000E+00  0.00000E+00  0.00000E+00  0.00000E+00  0.00000E+00  0.00000E+00  0.00000E+00  0.00000E+00  0.00000E+00  0.00000E+00  0.00000E+00  0.00000E+00  0.00000E+00  0.00000E+00
   24896   4  1.22532E-01  1.22532E-01  1.22532E-01  1.22532E-01  1.22532E-01  1.22532E-01  1.22532E-01  1.22532E-01  1.22532E-01  1.22532E-01  1.22532E-01  1.22532E-01  1.22532E-01  1.22532E-01  1.22532E-01  1.22532E-01  1.22532E-01  1.22532E-01  1.22532E-01  1.22532E-01  1.22532E-01  1.22532E-01  1.22532E-01  1.22532E-01
   23133   3  3.53110E-04  3.53110E-04  3.53110E-04  3.53110E-04  3.53110E-04  3.53110E-04  3.53110E-04  3.53110E-04  3.53110E-04  3.53110E-04  3.53110E-04  3.53110E-04  3.53110E-04  3.53110E-04  3.53110E-04  3.53110E-04  3.53110E-04  3.53110E-04  3.53110E-04  3.53110E-04  3.53110E-04  3.53110E-04  3.53110E-04  3.53110E-04
   26300   4  4.14818E-03  4.14818E-03  4.14818E-03  4.14818E-03  4.14818E-03  4.14818E-03  4.14818E-03  4.14818E-03  4.14818E-03  4.14818E-03  4.14818E-03  4.14818E-03  4.14818E-03  4.14818E-03  4.14818E-03  4.14818E-03  4.14818E-03  4.14818E-03  4.14818E-03  4.14818E-03  4.14818E-03  4.14818E-03  4.14818E-03  4.14818E-03
   26669   4  4.20999E-04  4.20999E-04  4.20999E-04  4.20999E-04  4.20999E-04  4.20999E-04  4.20999E-04  4.20999E-04  4.20999E-04  4.20999E-04  4.20999E-04  4.20999E-04  4.20999E-04  4.20999E-04  4.20999E-04  4.20999E-04  4.20999E-04  4.20999E-04  4.20999E-04  4.20999E-04  4.20999E-04  4.20999E-04  4.20999E-04  4.20999E-04
   26669   3  1.77568E-02  1.77568E-02  1.77568E-02  1.77568E-02  1.77568E-02  1.77568E-02  1.77568E-02  1.77568E-02  1.77568E-02  1.77568E-02  1.77568E-02  1.77568E-02  1.77568E-02  1.77568E-02  1.77568E-02  1.77568E-02  1.77568E-02  1.77568E-02  1.77568E-02  1.77568E-02  1.77568E-02  1.77568E-02  1.77568E-02  1.77568E-02
   24545   3  1.90488E-03  1.90488E-03  1.90488E-03  1.90488E-03  1.90488E-03  1.90488E-03  1.90488E-03  1.90488E-03  1.90488E-03  1.90488E-03  1.90488E-03  1.90488E-03  1.90488E-03  1.90488E-03  1.90488E-03  1.90488E-03  1.90488E-03  1.90488E-03  1.90488E-03  1.90488E-03  1.90488E-03  1.90488E-03  1.90488E-03  1.90488E-03
    9028   3  4.42280E-02  4.42280E-02  4.42280E-02  4.42280E-02  4.42280E-02  4.42280E-02  4.42280E-02  4.42280E-02  4.42280E-02  4.42280E-02  4.42280E-02  4.42280E-02  4.42280E-02  4.42280E-02  4.42280E-02  4.42280E-02  4.42280E-02  4.42280E-02  4.42280E-02  4.42280E-02  4.42280E-02  4.42280E-02  4.42280E-02  4.42280E-02
    9028   2  1.46671E-02  1.44500E-02  1.36438E-02  1.23104E-02  1.09150E-02  9.22666E-03  8.54320E-03  8.20147E-03  8.08756E-03  8.31538E-03  8.99884E-03  1.00810E-02  1.14764E-02  1.23307E-02  1.30141E-02  1.36122E-02  1.38400E-02  1.40678E-02  1.41532E-02  1.42671E-02  1.42387E-02  1.41532E-02  1.39254E-02  1.35837E-02
    9028   7  1.32878E+01  1.32878E+01  1.32878E+01  1.32878E+01  1.32878E+01  1.32878E+01  1.32878E+01  1.32878E+01  1.32878E+01  1.32878E+01  1.32878E+01  1.32878E+01  1.32878E+01  1.32878E+01  1.32878E+01  1.32878E+01  1.32878E+01  1.32878E+01  1.32878E+01  1.32878E+01  1.32878E+01  1.32878E+01  1.32878E+01  1.32878E+01
   14677   7  2.51448E+00  2.51448E+00  2.51448E+00  2.51448E+00  2.51448E+00  2.51448E+00  2.51448E+00  2.51448E+00  2.51448E+00  2.51448E+00  2.51448E+00  2.51448E+00  2.51448E+00  2.51448E+00  2.51448E+00  2.51448E+00  2.51448E+00  2.51448E+00  2.51448E+00  2.51448E+00  2.51448E+00  2.51448E+00  2.51448E+00  2.51448E+00
   15736   3  2.19819E-05  2.19819E-05  2.19819E-05  2.19819E-05  2.19819E-05  2.19819E-05  2.19819E-05  2.19819E-05  2.19819E-05  2.19819E-05  2.19819E-05  2.19819E-05  2.19819E-05  2.19819E-05  2.19819E-05  2.19819E-05  2.19819E-05  2.19819E-05  2.19819E-05  2.19819E-05  2.19819E-05  2.19819E-05  2.19819E-05  2.19819E-05
   13592   2  0.00000E+00  0.00000E+00  0.00000E+00  0.00000E+00  0.00000E+00  0.00000E+00  0.00000E+00  0.00000E+00  0.00000E+00  0.00000E+00  0.00000E+00  0.00000E+00  0.00000E+00  0.00000E+00  0.00000E+00  0.00000E+00  0.00000E+00  0.00000E+00  0.00000E+00  0.00000E+00  0.00000E+00  0.00000E+00  0.00000E+00  0.00000E+00
   12912   3  0.00000E+00  0.00000E+00  0.00000E+00  0.00000E+00  0.00000E+00  0.00000E+00  0.00000E+00  0.00000E+00  0.00000E+00  0.00000E+00  0.00000E+00  0.00000E+00  0.00000E+00  0.00000E+00  0.00000E+00  0.00000E+00  0.00000E+00  0.00000E+00  0.00000E+00  0.00000E+00  0.00000E+00  0.00000E+00  0.00000E+00  0.00000E+00
   23165   4  1.77429E-03  1.77429E-03  1.77429E-03  1.77429E-03  1.77429E-03  1.77429E-03  1.77429E-03  1.77429E-03  1.77429E-03  1.77429E-03  1.77429E-03  1.77429E-03  1.77429E-03  1.77429E-03  1.77429E-03  1.77429E-03  1.77429E-03  1.77429E-03  1.77429E-03  1.77429E-03  1.77429E-03  1.77429E-03  1.77429E-03  1.77429E-03
   22447   4  4.53850E-03  4.53850E-03  4.53850E-03  4.53850E-03  4.53850E-03  4.53850E-03  4.53850E-03  4.53850E-03  4.53850E-03  4.53850E-03  4.53850E-03  4.53850E-03  4.53850E-03  4.53850E-03  4.53850E-03  4.53850E-03  4.53850E-03  4.53850E-03  4.53850E-03  4.53850E-03  4.53850E-03  4.53850E-03  4.53850E-03  4.53850E-03
   22447   3  2.42772E-02  2.42772E-02  2.42772E-02  2.42772E-02  2.42772E-02  2.42772E-02  2.42772E-02  2.42772E-02  2.42772E-02  2.42772E-02  2.42772E-02  2.42772E-02  2.42772E-02  2.42772E-02  2.42772E-02  2.42772E-02  2.42772E-02  2.42772E-02  2.42772E-02  2.42772E-02  2.42772E-02  2.42772E-02  2.42772E-02  2.42772E-02
   22447   5  0.00000E+00  0.00000E+00  0.00000E+00  0.00000E+00  0.00000E+00  0.00000E+00  0.00000E+00  0.00000E+00  0.00000E+00  0.00000E+00  0.00000E+00  0.00000E+00  0.00000E+00  0.00000E+00  0.00000E+00  0.00000E+00  0.00000E+00  0.00000E+00  0.00000E+00  0.00000E+00  0.00000E+00  0.00000E+00  0.00000E+00  0.00000E+00
   22094   3  7.80095E-03  7.80095E-03  7.80095E-03  7.80095E-03  7.80095E-03  7.80095E-03  7.80095E-03  7.80095E-03  7.80095E-03  7.80095E-03  7.80095E-03  7.80095E-03  7.80095E-03  7.80095E-03  7.80095E-03  7.80095E-03  7.80095E-03  7.80095E-03  7.80095E-03  7.80095E-03  7.80095E-03  7.80095E-03  7.80095E-03  7.80095E-03
   22094   2  5.28341E-03  5.28341E-03  5.28341E-03  5.28341E-03  5.28341E-03  5.28341E-03  5.28341E-03  5.28341E-03  5.28341E-03  5.28341E-03  5.28341E-03  5.28341E-03  5.28341E-03  5.28341E-03  5.28341E-03  5.28341E-03  5.28341E-03  5.28341E-03  5.28341E-03  5.28341E-03  5.28341E-03  5.28341E-03  5.28341E-03  5.28341E-03
   22094   4  9.98122E-02  9.98122E-02  9.98122E-02  9.98122E-02  9.98122E-02  9.98122E-02  9.98122E-02  9.98122E-02  9.98122E-02  9.98122E-02  9.98122E-02  9.98122E-02  9.98122E-02  9.98122E-02  9.98122E-02  9.98122E-02  9.98122E-02  9.98122E-02  9.98122E-02  9.98122E-02  9.98122E-02  9.98122E-02  9.98122E-02  9.98122E-02
   22458   4  5.19393E-04  5.19393E-04  5.19393E-04  5.19393E-04  5.19393E-04  5.19393E-04  5.19393E-04  5.19393E-04  5.19393E-04  5.19393E-04  5.19393E-04  5.19393E-04  5.19393E-04  5.19393E-04  5.19393E-04  5.19393E-04  5.19393E-04  5.19393E-04  5.19393E-04  5.19393E-04  5.19393E-04  5.19393E-04  5.19393E-04  5.19393E-04
   23854   3  0.00000E+00  0.00000E+00  0.00000E+00  0.00000E+00  0.00000E+00  0.00000E+00  0.00000E+00  0.00000E+00  0.00000E+00  0.00000E+00  0.00000E+00  0.00000E+00  0.00000E+00  0.00000E+00  0.00000E+00  0.00000E+00  0.00000E+00  0.00000E+00  0.00000E+00  0.00000E+00  0.00000E+00  0.00000E+00  0.00000E+00  0.00000E+00
   23854   4  0.00000E+00  0.00000E+00  0.00000E+00  0.00000E+00  0.00000E+00  0.00000E+00  0.00000E+00  0.00000E+00  0.00000E+00  0.00000E+00  0.00000E+00  0.00000E+00  0.00000E+00  0.00000E+00  0.00000E+00  0.00000E+00  0.00000E+00  0.00000E+00  0.00000E+00  0.00000E+00  0.00000E+00  0.00000E+00  0.00000E+00  0.00000E+00
   23854   2  3.82463E-03  3.82463E-03  3.82463E-03  3.82463E-03  3.82463E-03  3.82463E-03  3.82463E-03  3.82463E-03  3.82463E-03  3.82463E-03  3.82463E-03  3.82463E-03  3.82463E-03  3.82463E-03  3.82463E-03  3.82463E-03  3.82463E-03  3.82463E-03  3.82463E-03  3.82463E-03  3.82463E-03  3.82463E-03  3.82463E-03  3.82463E-03
   26688   3  0.00000E+00  0.00000E+00  0.00000E+00  0.00000E+00  0.00000E+00  0.00000E+00  0.00000E+00  0.00000E+00  0.00000E+00  0.00000E+00  0.00000E+00  0.00000E+00  0.00000E+00  0.00000E+00  0.00000E+00  0.00000E+00  0.00000E+00  0.00000E+00  0.00000E+00  0.00000E+00  0.00000E+00  0.00000E+00  0.00000E+00  0.00000E+00
   26688   2  0.00000E+00  0.00000E+00  0.00000E+00  0.00000E+00  0.00000E+00  0.00000E+00  0.00000E+00  0.00000E+00  0.00000E+00  0.00000E+00  0.00000E+00  0.00000E+00  0.00000E+00  0.00000E+00  0.00000E+00  0.00000E+00  0.00000E+00  0.00000E+00  0.00000E+00  0.00000E+00  0.00000E+00  0.00000E+00  0.00000E+00  0.00000E+00
   22806   3  4.28562E-04  4.28562E-04  4.28562E-04  4.28562E-04  4.28562E-04  4.28562E-04  4.28562E-04  4.28562E-04  4.28562E-04  4.28562E-04  4.28562E-04  4.28562E-04  4.28562E-04  4.28562E-04  4.28562E-04  4.28562E-04  4.28562E-04  4.28562E-04  4.28562E-04  4.28562E-04  4.28562E-04  4.28562E-04  4.28562E-04  4.28562E-04
   22805   3  2.99621E-05  2.99621E-05  2.99621E-05  2.99621E-05  2.99621E-05  2.99621E-05  2.99621E-05  2.99621E-05  2.99621E-05  2.99621E-05  2.99621E-05  2.99621E-05  2.99621E-05  2.99621E-05  2.99621E-05  2.99621E-05  2.99621E-05  2.99621E-05  2.99621E-05  2.99621E-05  2.99621E-05  2.99621E-05  2.99621E-05  2.99621E-05
   22806   7  1.46651E+01  1.46651E+01  1.46651E+01  1.46651E+01  1.46651E+01  1.46651E+01  1.46651E+01  1.46651E+01  1.46651E+01  1.46651E+01  1.46651E+01  1.46651E+01  1.46651E+01  1.46651E+01  1.46651E+01  1.46651E+01  1.46651E+01  1.46651E+01  1.46651E+01  1.46651E+01  1.46651E+01  1.46651E+01  1.46651E+01  1.46651E+01
   22806   4  1.12167E+00  1.12167E+00  1.12167E+00  1.12167E+00  1.12167E+00  1.12167E+00  1.12167E+00  1.12167E+00  1.12167E+00  1.12167E+00  1.12167E+00  1.12167E+00  1.12167E+00  1.12167E+00  1.12167E+00  1.12167E+00  1.12167E+00  1.12167E+00  1.12167E+00  1.12167E+00  1.12167E+00  1.12167E+00  1.12167E+00  1.12167E+00
   23506   3  4.76324E-03  4.76324E-03  4.76324E-03  4.76324E-03  4.76324E-03  4.76324E-03  4.76324E-03  4.76324E-03  4.76324E-03  4.76324E-03  4.76324E-03  4.76324E-03  4.76324E-03  4.76324E-03  4.76324E-03  4.76324E-03  4.76324E-03  4.76324E-03  4.76324E-03  4.76324E-03  4.76324E-03  4.76324E-03  4.76324E-03  4.76324E-03
   22453   3  0.00000E+00  0.00000E+00  0.00000E+00  0.00000E+00  0.00000E+00  0.00000E+00  0.00000E+00  0.00000E+00  0.00000E+00  0.00000E+00  0.00000E+00  0.00000E+00  0.00000E+00  0.00000E+00  0.00000E+00  0.00000E+00  0.00000E+00  0.00000E+00  0.00000E+00  0.00000E+00  0.00000E+00  0.00000E+00  0.00000E+00  0.00000E+00
   22457   4  5.24698E-03  5.24698E-03  5.24698E-03  5.24698E-03  5.24698E-03  5.24698E-03  5.24698E-03  5.24698E-03  5.24698E-03  5.24698E-03  5.24698E-03  5.24698E-03  5.24698E-03  5.24698E-03  5.24698E-03  5.24698E-03  5.24698E-03  5.24698E-03  5.24698E-03  5.24698E-03  5.24698E-03  5.24698E-03  5.24698E-03  5.24698E-03
   21396   7  0.00000E+00  0.00000E+00  0.00000E+00  0.00000E+00  0.00000E+00  0.00000E+00  0.00000E+00  0.00000E+00  0.00000E+00  0.00000E+00  0.00000E+00  0.00000E+00  0.00000E+00  1.73878E+00  1.73878E+00  1.73878E+00  1.73878E+00  1.73878E+00  1.73878E+00  1.73878E+00  1.73878E+00  0.00000E+00  0.00000E+00  0.00000E+00
   21395   4  3.42044E-01  3.42044E-01  3.42044E-01  3.42044E-01  3.42044E-01  3.42044E-01  3.42044E-01  3.42044E-01  3.42044E-01  3.42044E-01  3.42044E-01  3.42044E-01  3.42044E-01  3.42044E-01  3.42044E-01  3.42044E-01  3.42044E-01  3.42044E-01  3.42044E-01  3.42044E-01  3.42044E-01  3.42044E-01  3.42044E-01  3.42044E-01
   21396   4  2.78684E-01  2.78684E-01  2.78684E-01  2.78684E-01  2.78684E-01  2.78684E-01  2.78684E-01  2.78684E-01  2.78684E-01  2.78684E-01  2.78684E-01  2.78684E-01  2.78684E-01  2.78684E-01  2.78684E-01  2.78684E-01  2.78684E-01  2.78684E-01  2.78684E-01  2.78684E-01  2.78684E-01  2.78684E-01  2.78684E-01  2.78684E-01
   21740   4  6.54595E-03  6.54595E-03  6.54595E-03  6.54595E-03  6.54595E-03  6.54595E-03  6.54595E-03  6.54595E-03  6.54595E-03  6.54595E-03  6.54595E-03  6.54595E-03  6.54595E-03  6.54595E-03  6.54595E-03  6.54595E-03  6.54595E-03  6.54595E-03  6.54595E-03  6.54595E-03  6.54595E-03  6.54595E-03  6.54595E-03  6.54595E-03
   21739   4  4.11716E-02  4.11716E-02  4.11716E-02  4.11716E-02  4.11716E-02  4.11716E-02  4.11716E-02  4.11716E-02  4.11716E-02  4.11716E-02  4.11716E-02  4.11716E-02  4.11716E-02  4.11716E-02  4.11716E-02  4.11716E-02  4.11716E-02  4.11716E-02  4.11716E-02  4.11716E-02  4.11716E-02  4.11716E-02  4.11716E-02  4.11716E-02
   21740   3  5.25748E-02  5.25748E-02  5.25748E-02  5.25748E-02  5.25748E-02  0.00000E+00  0.00000E+00  0.00000E+00  0.00000E+00  0.00000E+00  0.00000E+00  0.00000E+00  0.00000E+00  5.25748E-02  5.25748E-02  5.25748E-02  5.25748E-02  5.25748E-02  5.25748E-02  5.25748E-02  5.25748E-02  5.25748E-02  5.25748E-02  5.25748E-02
   22093   4  0.00000E+00  0.00000E+00  0.00000E+00  0.00000E+00  0.00000E+00  0.00000E+00  0.00000E+00  0.00000E+00  0.00000E+00  0.00000E+00  0.00000E+00  0.00000E+00  0.00000E+00  0.00000E+00  0.00000E+00  0.00000E+00  0.00000E+00  0.00000E+00  0.00000E+00  0.00000E+00  0.00000E+00  0.00000E+00  0.00000E+00  0.00000E+00
   22093   7  0.00000E+00  0.00000E+00  0.00000E+00  0.00000E+00  0.00000E+00  0.00000E+00  0.00000E+00  0.00000E+00  0.00000E+00  0.00000E+00  0.00000E+00  0.00000E+00  0.00000E+00  0.00000E+00  0.00000E+00  0.00000E+00  0.00000E+00  0.00000E+00  0.00000E+00  0.00000E+00  0.00000E+00  0.00000E+00  0.00000E+00  0.00000E+00
   21744   3  6.71707E-01  6.71707E-01  6.71707E-01  6.71707E-01  6.71707E-01  6.71707E-01  6.71707E-01  6.71707E-01  6.71707E-01  6.71707E-01  6.71707E-01  6.71707E-01  6.71707E-01  6.71707E-01  6.71707E-01  6.71707E-01  6.71707E-01  6.71707E-01  6.71707E-01  6.71707E-01  6.71707E-01  6.71707E-01  6.71707E-01  6.71707E-01
   21744   4  1.13576E+01  1.13576E+01  1.13576E+01  1.13576E+01  1.13576E+01  1.13576E+01  1.13576E+01  1.13576E+01  1.13576E+01  1.13576E+01  1.13576E+01  1.13576E+01  1.13576E+01  1.13576E+01  1.13576E+01  1.13576E+01  1.13576E+01  1.13576E+01  1.13576E+01  1.13576E+01  1.13576E+01  1.13576E+01  1.13576E+01  1.13576E+01
   21391   4  9.69179E-01  9.69179E-01  9.69179E-01  9.69179E-01  9.69179E-01  9.69179E-01  9.69179E-01  9.69179E-01  9.69179E-01  9.69179E-01  9.69179E-01  9.69179E-01  9.69179E-01  9.69179E-01  9.69179E-01  9.69179E-01  9.69179E-01  9.69179E-01  9.69179E-01  9.69179E-01  9.69179E-01  9.69179E-01  9.69179E-01  9.69179E-01
   21391   3  7.68385E-01  7.68385E-01  7.68385E-01  7.68385E-01  7.68385E-01  7.68385E-01  7.68385E-01  7.68385E-01  7.68385E-01  7.68385E-01  7.68385E-01  7.68385E-01  7.68385E-01  7.68385E-01  7.68385E-01  7.68385E-01  7.68385E-01  7.68385E-01  7.68385E-01  7.68385E-01  7.68385E-01  7.68385E-01  7.68385E-01  7.68385E-01
   21744   5  0.00000E+00  0.00000E+00  0.00000E+00  0.00000E+00  0.00000E+00  0.00000E+00  0.00000E+00  0.00000E+00  0.00000E+00  0.00000E+00  0.00000E+00  0.00000E+00  0.00000E+00  0.00000E+00  0.00000E+00  0.00000E+00  0.00000E+00  0.00000E+00  0.00000E+00  0.00000E+00  0.00000E+00  0.00000E+00  0.00000E+00  0.00000E+00
   22098   4  8.77082E-02  8.77082E-02  8.77082E-02  8.77082E-02  8.77082E-02  8.77082E-02  8.77082E-02  8.77082E-02  8.77082E-02  8.77082E-02  8.77082E-02  8.77082E-02  8.77082E-02  8.77082E-02  8.77082E-02  8.77082E-02  8.77082E-02  8.77082E-02  8.77082E-02  8.77082E-02  8.77082E-02  8.77082E-02  8.77082E-02  8.77082E-02
   22445   7  1.26633E+01  1.26633E+01  1.26633E+01  1.26633E+01  1.26633E+01  1.26633E+01  1.26633E+01  1.26633E+01  1.26633E+01  1.26633E+01  1.26633E+01  1.26633E+01  1.26633E+01  1.26633E+01  1.26633E+01  1.26633E+01  1.26633E+01  1.26633E+01  1.26633E+01  1.26633E+01  1.26633E+01  1.26633E+01  1.26633E+01  1.26633E+01
   22093   3  3.80617E-02  3.80617E-02  3.80617E-02  3.80617E-02  3.80617E-02  3.80617E-02  3.80617E-02  3.80617E-02  3.80617E-02  3.80617E-02  3.80617E-02  3.80617E-02  3.80617E-02  3.80617E-02  3.80617E-02  3.80617E-02  3.80617E-02  3.80617E-02  3.80617E-02  3.80617E-02  3.80617E-02  3.80617E-02  3.80617E-02  3.80617E-02
   22093   2  3.80617E-02  3.80617E-02  3.80617E-02  3.80617E-02  3.80617E-02  3.80617E-02  3.80617E-02  3.80617E-02  3.80617E-02  3.80617E-02  3.80617E-02  3.80617E-02  3.80617E-02  3.80617E-02  3.80617E-02  3.80617E-02  3.80617E-02  3.80617E-02  3.80617E-02  3.80617E-02  3.80617E-02  3.80617E-02  3.80617E-02  3.80617E-02
   22445   2  0.00000E+00  0.00000E+00  0.00000E+00  0.00000E+00  0.00000E+00  0.00000E+00  0.00000E+00  0.00000E+00  0.00000E+00  0.00000E+00  0.00000E+00  0.00000E+00  0.00000E+00  0.00000E+00  0.00000E+00  0.00000E+00  0.00000E+00  0.00000E+00  0.00000E+00  0.00000E+00  0.00000E+00  0.00000E+00  0.00000E+00  0.00000E+00
   22445   3  0.00000E+00  0.00000E+00  0.00000E+00  0.00000E+00  0.00000E+00  0.00000E+00  0.00000E+00  0.00000E+00  0.00000E+00  0.00000E+00  0.00000E+00  0.00000E+00  0.00000E+00  0.00000E+00  0.00000E+00  0.00000E+00  0.00000E+00  0.00000E+00  0.00000E+00  0.00000E+00  0.00000E+00  0.00000E+00  0.00000E+00  0.00000E+00
   22445   1  0.00000E+00  0.00000E+00  0.00000E+00  0.00000E+00  0.00000E+00  0.00000E+00  0.00000E+00  0.00000E+00  0.00000E+00  0.00000E+00  0.00000E+00  0.00000E+00  0.00000E+00  0.00000E+00  0.00000E+00  0.00000E+00  0.00000E+00  0.00000E+00  0.00000E+00  0.00000E+00  0.00000E+00  0.00000E+00  0.00000E+00  0.00000E+00
   22446   4  1.04039E-01  1.04039E-01  1.04039E-01  1.04039E-01  1.04039E-01  1.04039E-01  1.04039E-01  1.04039E-01  1.04039E-01  1.04039E-01  1.04039E-01  1.04039E-01  1.04039E-01  1.04039E-01  1.04039E-01  1.04039E-01  1.04039E-01  1.04039E-01  1.04039E-01  1.04039E-01  1.04039E-01  1.04039E-01  1.04039E-01  1.04039E-01
   22446   2  0.00000E+00  0.00000E+00  0.00000E+00  0.00000E+00  0.00000E+00  0.00000E+00  0.00000E+00  0.00000E+00  0.00000E+00  0.00000E+00  0.00000E+00  0.00000E+00  0.00000E+00  0.00000E+00  0.00000E+00  0.00000E+00  0.00000E+00  0.00000E+00  0.00000E+00  0.00000E+00  0.00000E+00  0.00000E+00  0.00000E+00  0.00000E+00
   22446   3  0.00000E+00  0.00000E+00  0.00000E+00  0.00000E+00  0.00000E+00  0.00000E+00  0.00000E+00  0.00000E+00  0.00000E+00  0.00000E+00  0.00000E+00  0.00000E+00  0.00000E+00  0.00000E+00  0.00000E+00  0.00000E+00  0.00000E+00  0.00000E+00  0.00000E+00  0.00000E+00  0.00000E+00  0.00000E+00  0.00000E+00  0.00000E+00
   22446   1  0.00000E+00  0.00000E+00  0.00000E+00  0.00000E+00  0.00000E+00  0.00000E+00  0.00000E+00  0.00000E+00  0.00000E+00  0.00000E+00  0.00000E+00  0.00000E+00  0.00000E+00  0.00000E+00  0.00000E+00  0.00000E+00  0.00000E+00  0.00000E+00  0.00000E+00  0.00000E+00  0.00000E+00  0.00000E+00  0.00000E+00  0.00000E+00
   22810   4  2.01729E-02  2.01729E-02  2.01729E-02  2.01729E-02  2.01729E-02  2.01729E-02  2.01729E-02  2.01729E-02  2.01729E-02  2.01729E-02  2.01729E-02  2.01729E-02  2.01729E-02  2.01729E-02  2.01729E-02  2.01729E-02  2.01729E-02  2.01729E-02  2.01729E-02  2.01729E-02  2.01729E-02  2.01729E-02  2.01729E-02  2.01729E-02
   22810   3  0.00000E+00  0.00000E+00  0.00000E+00  0.00000E+00  0.00000E+00  0.00000E+00  0.00000E+00  0.00000E+00  0.00000E+00  0.00000E+00  0.00000E+00  0.00000E+00  0.00000E+00  0.00000E+00  0.00000E+00  0.00000E+00  0.00000E+00  0.00000E+00  0.00000E+00  0.00000E+00  0.00000E+00  0.00000E+00  0.00000E+00  0.00000E+00
   25975   3  0.00000E+00  0.00000E+00  0.00000E+00  0.00000E+00  0.00000E+00  0.00000E+00  0.00000E+00  0.00000E+00  0.00000E+00  0.00000E+00  0.00000E+00  0.00000E+00  0.00000E+00  0.00000E+00  0.00000E+00  0.00000E+00  0.00000E+00  0.00000E+00  0.00000E+00  0.00000E+00  0.00000E+00  0.00000E+00  0.00000E+00  0.00000E+00
   25581   3  0.00000E+00  0.00000E+00  0.00000E+00  0.00000E+00  0.00000E+00  0.00000E+00  0.00000E+00  0.00000E+00  0.00000E+00  0.00000E+00  0.00000E+00  0.00000E+00  0.00000E+00  0.00000E+00  0.00000E+00  0.00000E+00  0.00000E+00  0.00000E+00  0.00000E+00  0.00000E+00  0.00000E+00  0.00000E+00  0.00000E+00  0.00000E+00
   24161   3  0.00000E+00  0.00000E+00  0.00000E+00  0.00000E+00  0.00000E+00  0.00000E+00  0.00000E+00  0.00000E+00  0.00000E+00  0.00000E+00  0.00000E+00  0.00000E+00  0.00000E+00  0.00000E+00  0.00000E+00  0.00000E+00  0.00000E+00  0.00000E+00  0.00000E+00  0.00000E+00  0.00000E+00  0.00000E+00  0.00000E+00  0.00000E+00
   24161   2  0.00000E+00  0.00000E+00  0.00000E+00  0.00000E+00  0.00000E+00  0.00000E+00  0.00000E+00  0.00000E+00  0.00000E+00  0.00000E+00  0.00000E+00  0.00000E+00  0.00000E+00  0.00000E+00  0.00000E+00  0.00000E+00  0.00000E+00  0.00000E+00  0.00000E+00  0.00000E+00  0.00000E+00  0.00000E+00  0.00000E+00  0.00000E+00
   20976   3  0.00000E+00  0.00000E+00  0.00000E+00  0.00000E+00  0.00000E+00  0.00000E+00  0.00000E+00  0.00000E+00  0.00000E+00  0.00000E+00  0.00000E+00  0.00000E+00  0.00000E+00  0.00000E+00  0.00000E+00  0.00000E+00  0.00000E+00  0.00000E+00  0.00000E+00  0.00000E+00  0.00000E+00  0.00000E+00  0.00000E+00  0.00000E+00
   20976   2  0.00000E+00  0.00000E+00  0.00000E+00  0.00000E+00  0.00000E+00  0.00000E+00  0.00000E+00  0.00000E+00  0.00000E+00  0.00000E+00  0.00000E+00  0.00000E+00  0.00000E+00  0.00000E+00  0.00000E+00  0.00000E+00  0.00000E+00  0.00000E+00  0.00000E+00  0.00000E+00  0.00000E+00  0.00000E+00  0.00000E+00  0.00000E+00
   20621   3  0.00000E+00  0.00000E+00  0.00000E+00  0.00000E+00  0.00000E+00  0.00000E+00  0.00000E+00  0.00000E+00  0.00000E+00  0.00000E+00  0.00000E+00  0.00000E+00  0.00000E+00  0.00000E+00  0.00000E+00  0.00000E+00  0.00000E+00  0.00000E+00  0.00000E+00  0.00000E+00  0.00000E+00  0.00000E+00  0.00000E+00  0.00000E+00
   23460   3  1.96847E-01  1.96847E-01  1.96847E-01  1.96847E-01  1.96847E-01  1.96847E-01  1.96847E-01  1.96847E-01  1.96847E-01  1.96847E-01  1.96847E-01  1.96847E-01  1.96847E-01  1.96847E-01  1.96847E-01  1.96847E-01  1.96847E-01  1.96847E-01  1.96847E-01  1.96847E-01  1.96847E-01  1.96847E-01  1.96847E-01  1.96847E-01
   25224   4  9.49995E+00  9.49995E+00  9.49995E+00  9.49995E+00  9.49995E+00  9.49995E+00  9.49995E+00  9.49995E+00  9.49995E+00  9.49995E+00  9.49995E+00  9.49995E+00  9.49995E+00  9.49995E+00  9.49995E+00  9.49995E+00  9.49995E+00  9.49995E+00  9.49995E+00  9.49995E+00  9.49995E+00  9.49995E+00  9.49995E+00  9.49995E+00
   25224   3  3.90772E+02  3.90772E+02  3.90772E+02  3.90772E+02  3.90772E+02  3.90772E+02  3.90772E+02  3.90772E+02  3.90772E+02  3.90772E+02  3.90772E+02  3.90772E+02  3.90772E+02  3.90772E+02  3.90772E+02  3.90772E+02  3.90772E+02  3.90772E+02  3.90772E+02  3.90772E+02  3.90772E+02  3.90772E+02  3.90772E+02  3.90772E+02
   25223   3  1.90619E+01  1.90619E+01  1.90619E+01  1.90619E+01  1.90619E+01  1.90619E+01  1.90619E+01  1.90619E+01  1.90619E+01  1.90619E+01  1.90619E+01  1.90619E+01  1.90619E+01  1.90619E+01  1.90619E+01  1.90619E+01  1.90619E+01  1.90619E+01  1.90619E+01  1.90619E+01  1.90619E+01  1.90619E+01  1.90619E+01  1.90619E+01
   24870   3  1.99970E+01  1.99970E+01  1.99970E+01  1.99970E+01  1.99970E+01  1.99970E+01  1.99970E+01  1.99970E+01  1.99970E+01  1.99970E+01  1.99970E+01  1.99970E+01  1.99970E+01  1.99970E+01  1.99970E+01  1.99970E+01  1.99970E+01  1.99970E+01  1.99970E+01  1.99970E+01  1.99970E+01  1.99970E+01  1.99970E+01  1.99970E+01
   25224   7  0.00000E+00  0.00000E+00  0.00000E+00  0.00000E+00  0.00000E+00  0.00000E+00  0.00000E+00  0.00000E+00  0.00000E+00  0.00000E+00  0.00000E+00  0.00000E+00  0.00000E+00  1.08449E+00  1.08449E+00  1.08449E+00  1.08449E+00  1.08449E+00  1.08449E+00  1.08449E+00  1.08449E+00  0.00000E+00  0.00000E+00  0.00000E+00
   25224   5  0.00000E+00  0.00000E+00  0.00000E+00  0.00000E+00  0.00000E+00  0.00000E+00  0.00000E+00  0.00000E+00  0.00000E+00  0.00000E+00  0.00000E+00  0.00000E+00  0.00000E+00  0.00000E+00  0.00000E+00  0.00000E+00  0.00000E+00  0.00000E+00  0.00000E+00  0.00000E+00  0.00000E+00  0.00000E+00  0.00000E+00  0.00000E+00
   24871   3  0.00000E+00  0.00000E+00  0.00000E+00  0.00000E+00  0.00000E+00  0.00000E+00  0.00000E+00  0.00000E+00  0.00000E+00  0.00000E+00  0.00000E+00  0.00000E+00  0.00000E+00  0.00000E+00  0.00000E+00  0.00000E+00  0.00000E+00  0.00000E+00  0.00000E+00  0.00000E+00  0.00000E+00  0.00000E+00  0.00000E+00  0.00000E+00
   25223   4  1.62192E+01  1.62192E+01  1.62192E+01  1.62192E+01  1.62192E+01  1.62192E+01  1.62192E+01  1.62192E+01  1.62192E+01  1.62192E+01  1.62192E+01  1.62192E+01  1.62192E+01  1.62192E+01  1.62192E+01  1.62192E+01  1.62192E+01  1.62192E+01  1.62192E+01  1.62192E+01  1.62192E+01  1.62192E+01  1.62192E+01  1.62192E+01
   24870   4  2.63827E+00  2.63827E+00  2.63827E+00  2.63827E+00  2.63827E+00  2.63827E+00  2.63827E+00  2.63827E+00  2.63827E+00  2.63827E+00  2.63827E+00  2.63827E+00  2.63827E+00  2.63827E+00  2.63827E+00  2.63827E+00  2.63827E+00  2.63827E+00  2.63827E+00  2.63827E+00  2.63827E+00  2.63827E+00  2.63827E+00  2.63827E+00
   24871   4  5.91188E+00  5.91188E+00  5.91188E+00  5.91188E+00  5.91188E+00  5.91188E+00  5.91188E+00  5.91188E+00  5.91188E+00  5.91188E+00  5.91188E+00  5.91188E+00  5.91188E+00  5.91188E+00  5.91188E+00  5.91188E+00  5.91188E+00  5.91188E+00  5.91188E+00  5.91188E+00  5.91188E+00  5.91188E+00  5.91188E+00  5.91188E+00
   23814   4  1.07467E-01  1.07467E-01  1.07467E-01  1.07467E-01  1.07467E-01  1.07467E-01  1.07467E-01  1.07467E-01  1.07467E-01  1.07467E-01  1.07467E-01  1.07467E-01  1.07467E-01  1.07467E-01  1.07467E-01  1.07467E-01  1.07467E-01  1.07467E-01  1.07467E-01  1.07467E-01  1.07467E-01  1.07467E-01  1.07467E-01  1.07467E-01
   23813   3  0.00000E+00  0.00000E+00  0.00000E+00  0.00000E+00  0.00000E+00  0.00000E+00  0.00000E+00  0.00000E+00  0.00000E+00  0.00000E+00  0.00000E+00  0.00000E+00  0.00000E+00  0.00000E+00  0.00000E+00  0.00000E+00  0.00000E+00  0.00000E+00  0.00000E+00  0.00000E+00  0.00000E+00  0.00000E+00  0.00000E+00  0.00000E+00
   23458   4  2.40111E+00  2.40111E+00  2.40111E+00  2.40111E+00  2.40111E+00  2.40111E+00  2.40111E+00  2.40111E+00  2.40111E+00  2.40111E+00  2.40111E+00  2.40111E+00  2.40111E+00  2.40111E+00  2.40111E+00  2.40111E+00  2.40111E+00  2.40111E+00  2.40111E+00  2.40111E+00  2.40111E+00  2.40111E+00  2.40111E+00  2.40111E+00
   28064   5  0.00000E+00  0.00000E+00  0.00000E+00  0.00000E+00  0.00000E+00  0.00000E+00  0.00000E+00  0.00000E+00  0.00000E+00  0.00000E+00  0.00000E+00  0.00000E+00  0.00000E+00  0.00000E+00  0.00000E+00  0.00000E+00  0.00000E+00  0.00000E+00  0.00000E+00  0.00000E+00  0.00000E+00  0.00000E+00  0.00000E+00  0.00000E+00
   23819   3  1.17341E+00  1.17341E+00  1.17341E+00  1.17341E+00  1.17341E+00  1.17341E+00  1.17341E+00  1.17341E+00  1.17341E+00  1.17341E+00  1.17341E+00  1.17341E+00  1.17341E+00  1.17341E+00  1.17341E+00  1.17341E+00  1.17341E+00  1.17341E+00  1.17341E+00  1.17341E+00  1.17341E+00  1.17341E+00  1.17341E+00  1.17341E+00
   23819   4  2.71124E+00  2.71124E+00  2.71124E+00  2.71124E+00  2.71124E+00  2.71124E+00  2.71124E+00  2.71124E+00  2.71124E+00  2.71124E+00  2.71124E+00  2.71124E+00  2.71124E+00  2.71124E+00  2.71124E+00  2.71124E+00  2.71124E+00  2.71124E+00  2.71124E+00  2.71124E+00  2.71124E+00  2.71124E+00  2.71124E+00  2.71124E+00
   23464   5  0.00000E+00  0.00000E+00  0.00000E+00  0.00000E+00  0.00000E+00  0.00000E+00  0.00000E+00  0.00000E+00  0.00000E+00  0.00000E+00  0.00000E+00  0.00000E+00  0.00000E+00  0.00000E+00  0.00000E+00  0.00000E+00  0.00000E+00  0.00000E+00  0.00000E+00  0.00000E+00  0.00000E+00  0.00000E+00  0.00000E+00  0.00000E+00
   23464   3  0.00000E+00  0.00000E+00  0.00000E+00  0.00000E+00  0.00000E+00  0.00000E+00  0.00000E+00  0.00000E+00  0.00000E+00  0.00000E+00  0.00000E+00  0.00000E+00  0.00000E+00  0.00000E+00  0.00000E+00  0.00000E+00  0.00000E+00  0.00000E+00  0.00000E+00  0.00000E+00  0.00000E+00  0.00000E+00  0.00000E+00  0.00000E+00
   23464   1  0.00000E+00  0.00000E+00  0.00000E+00  0.00000E+00  0.00000E+00  0.00000E+00  0.00000E+00  0.00000E+00  0.00000E+00  0.00000E+00  0.00000E+00  0.00000E+00  0.00000E+00  0.00000E+00  0.00000E+00  0.00000E+00  0.00000E+00  0.00000E+00  0.00000E+00  0.00000E+00  0.00000E+00  0.00000E+00  0.00000E+00  0.00000E+00
   23464   2  0.00000E+00  0.00000E+00  0.00000E+00  0.00000E+00  0.00000E+00  0.00000E+00  0.00000E+00  0.00000E+00  0.00000E+00  0.00000E+00  0.00000E+00  0.00000E+00  0.00000E+00  0.00000E+00  0.00000E+00  0.00000E+00  0.00000E+00  0.00000E+00  0.00000E+00  0.00000E+00  0.00000E+00  0.00000E+00  0.00000E+00  0.00000E+00
   23464   4  8.49892E-01  8.49892E-01  8.49892E-01  8.49892E-01  8.49892E-01  8.49892E-01  8.49892E-01  8.49892E-01  8.49892E-01  8.49892E-01  8.49892E-01  8.49892E-01  8.49892E-01  8.49892E-01  8.49892E-01  8.49892E-01  8.49892E-01  8.49892E-01  8.49892E-01  8.49892E-01  8.49892E-01  8.49892E-01  8.49892E-01  8.49892E-01
   24519   4  2.81393E+00  2.81393E+00  2.81393E+00  2.81393E+00  2.81393E+00  2.81393E+00  2.81393E+00  2.81393E+00  2.81393E+00  2.81393E+00  2.81393E+00  2.81393E+00  2.81393E+00  2.81393E+00  2.81393E+00  2.81393E+00  2.81393E+00  2.81393E+00  2.81393E+00  2.81393E+00  2.81393E+00  2.81393E+00  2.81393E+00  2.81393E+00
   24519   3  1.61397E+01  1.61397E+01  1.61397E+01  1.61397E+01  1.61397E+01  1.61397E+01  1.61397E+01  1.61397E+01  1.61397E+01  1.61397E+01  1.61397E+01  1.61397E+01  1.61397E+01  1.61397E+01  1.61397E+01  1.61397E+01  1.61397E+01  1.61397E+01  1.61397E+01  1.61397E+01  1.61397E+01  1.61397E+01  1.61397E+01  1.61397E+01
   24166   4  1.33864E-01  1.33864E-01  1.33864E-01  1.33864E-01  1.33864E-01  1.33864E-01  1.33864E-01  1.33864E-01  1.33864E-01  1.33864E-01  1.33864E-01  1.33864E-01  1.33864E-01  1.33864E-01  1.33864E-01  1.33864E-01  1.33864E-01  1.33864E-01  1.33864E-01  1.33864E-01  1.33864E-01  1.33864E-01  1.33864E-01  1.33864E-01
   24518   4  0.00000E+00  0.00000E+00  0.00000E+00  0.00000E+00  0.00000E+00  0.00000E+00  0.00000E+00  0.00000E+00  0.00000E+00  0.00000E+00  0.00000E+00  0.00000E+00  0.00000E+00  0.00000E+00  0.00000E+00  0.00000E+00  0.00000E+00  0.00000E+00  0.00000E+00  0.00000E+00  0.00000E+00  0.00000E+00  0.00000E+00  0.00000E+00
   24519   7  3.27858E+01  3.27858E+01  3.27858E+01  3.27858E+01  3.27858E+01  3.27858E+01  3.27858E+01  3.27858E+01  3.27858E+01  3.27858E+01  3.27858E+01  3.27858E+01  3.27858E+01  3.27858E+01  3.27858E+01  3.27858E+01  3.27858E+01  3.27858E+01  3.27858E+01  3.27858E+01  3.27858E+01  3.27858E+01  3.27858E+01  3.27858E+01
   24510   3  0.00000E+00  0.00000E+00  0.00000E+00  0.00000E+00  0.00000E+00  0.00000E+00  0.00000E+00  0.00000E+00  0.00000E+00  0.00000E+00  0.00000E+00  0.00000E+00  0.00000E+00  0.00000E+00  0.00000E+00  0.00000E+00  0.00000E+00  0.00000E+00  0.00000E+00  0.00000E+00  0.00000E+00  0.00000E+00  0.00000E+00  0.00000E+00
   24510   2  0.00000E+00  0.00000E+00  0.00000E+00  0.00000E+00  0.00000E+00  0.00000E+00  0.00000E+00  0.00000E+00  0.00000E+00  0.00000E+00  0.00000E+00  0.00000E+00  0.00000E+00  0.00000E+00  0.00000E+00  0.00000E+00  0.00000E+00  0.00000E+00  0.00000E+00  0.00000E+00  0.00000E+00  0.00000E+00  0.00000E+00  0.00000E+00
   20989   3  0.00000E+00  0.00000E+00  0.00000E+00  0.00000E+00  0.00000E+00  0.00000E+00  0.00000E+00  0.00000E+00  0.00000E+00  0.00000E+00  0.00000E+00  0.00000E+00  0.00000E+00  0.00000E+00  0.00000E+00  0.00000E+00  0.00000E+00  0.00000E+00  0.00000E+00  0.00000E+00  0.00000E+00  0.00000E+00  0.00000E+00  0.00000E+00
   20989   2  0.00000E+00  0.00000E+00  0.00000E+00  0.00000E+00  0.00000E+00  0.00000E+00  0.00000E+00  0.00000E+00  0.00000E+00  0.00000E+00  0.00000E+00  0.00000E+00  0.00000E+00  0.00000E+00  0.00000E+00  0.00000E+00  0.00000E+00  0.00000E+00  0.00000E+00  0.00000E+00  0.00000E+00  0.00000E+00  0.00000E+00  0.00000E+00
   22745   4  5.47965E-02  5.47965E-02  5.47965E-02  5.47965E-02  5.47965E-02  5.47965E-02  5.47965E-02  5.47965E-02  5.47965E-02  5.47965E-02  5.47965E-02  5.47965E-02  5.47965E-02  5.47965E-02  5.47965E-02  5.47965E-02  5.47965E-02  5.47965E-02  5.47965E-02  5.47965E-02  5.47965E-02  5.47965E-02  5.47965E-02  5.47965E-02
   28410   4  4.03458E-02  4.03458E-02  4.03458E-02  4.03458E-02  4.03458E-02  4.03458E-02  4.03458E-02  4.03458E-02  4.03458E-02  4.03458E-02  4.03458E-02  4.03458E-02  4.03458E-02  4.03458E-02  4.03458E-02  4.03458E-02  4.03458E-02  4.03458E-02  4.03458E-02  4.03458E-02  4.03458E-02  4.03458E-02  4.03458E-02  4.03458E-02
   24163   4  2.21603E-01  2.21603E-01  2.21603E-01  2.21603E-01  2.21603E-01  2.21603E-01  2.21603E-01  2.21603E-01  2.21603E-01  2.21603E-01  2.21603E-01  2.21603E-01  2.21603E-01  2.21603E-01  2.21603E-01  2.21603E-01  2.21603E-01  2.21603E-01  2.21603E-01  2.21603E-01  2.21603E-01  2.21603E-01  2.21603E-01  2.21603E-01
   24163   3  5.27798E+00  5.27798E+00  5.27798E+00  5.27798E+00  5.27798E+00  5.27798E+00  5.27798E+00  5.27798E+00  5.27798E+00  5.27798E+00  5.27798E+00  5.27798E+00  5.27798E+00  5.27798E+00  5.27798E+00  5.27798E+00  5.27798E+00  5.27798E+00  5.27798E+00  5.27798E+00  5.27798E+00  5.27798E+00  5.27798E+00  5.27798E+00
   24870   5  0.00000E+00  0.00000E+00  0.00000E+00  0.00000E+00  0.00000E+00  0.00000E+00  0.00000E+00  0.00000E+00  0.00000E+00  0.00000E+00  0.00000E+00  0.00000E+00  0.00000E+00  0.00000E+00  0.00000E+00  0.00000E+00  0.00000E+00  0.00000E+00  0.00000E+00  0.00000E+00  0.00000E+00  0.00000E+00  0.00000E+00  0.00000E+00
   24517   4  1.88900E-02  1.88900E-02  1.88900E-02  1.88900E-02  1.88900E-02  1.88900E-02  1.88900E-02  1.88900E-02  1.88900E-02  1.88900E-02  1.88900E-02  1.88900E-02  1.88900E-02  1.88900E-02  1.88900E-02  1.88900E-02  1.88900E-02  1.88900E-02  1.88900E-02  1.88900E-02  1.88900E-02  1.88900E-02  1.88900E-02  1.88900E-02
   24872   4  1.35067E-01  1.35067E-01  1.35067E-01  1.35067E-01  1.35067E-01  1.35067E-01  1.35067E-01  1.35067E-01  1.35067E-01  1.35067E-01  1.35067E-01  1.35067E-01  1.35067E-01  1.35067E-01  1.35067E-01  1.35067E-01  1.35067E-01  1.35067E-01  1.35067E-01  1.35067E-01  1.35067E-01  1.35067E-01  1.35067E-01  1.35067E-01
   20280   3  1.23519E+01  1.23519E+01  1.23519E+01  1.23519E+01  1.23519E+01  1.23519E+01  1.23519E+01  1.23519E+01  1.23519E+01  1.23519E+01  1.23519E+01  1.23519E+01  1.23519E+01  1.23519E+01  1.23519E+01  1.23519E+01  1.23519E+01  1.23519E+01  1.23519E+01  1.23519E+01  1.23519E+01  1.23519E+01  1.23519E+01  1.23519E+01
   23103   3  0.00000E+00  0.00000E+00  0.00000E+00  0.00000E+00  0.00000E+00  0.00000E+00  0.00000E+00  0.00000E+00  0.00000E+00  0.00000E+00  0.00000E+00  0.00000E+00  0.00000E+00  2.71762E-02  2.71762E-02  2.71762E-02  2.71762E-02  2.71762E-02  2.71762E-02  2.71762E-02  2.71762E-02  0.00000E+00  0.00000E+00  0.00000E+00
   25575   3  8.85183E+01  8.85183E+01  8.85183E+01  8.85183E+01  8.85183E+01  8.85183E+01  8.85183E+01  8.85183E+01  8.85183E+01  8.85183E+01  8.85183E+01  8.85183E+01  8.85183E+01  8.85183E+01  8.85183E+01  8.85183E+01  8.85183E+01  8.85183E+01  8.85183E+01  8.85183E+01  8.85183E+01  8.85183E+01  8.85183E+01  8.85183E+01
   25575   4  3.40537E+00  3.40537E+00  3.40537E+00  3.40537E+00  3.40537E+00  3.40537E+00  3.40537E+00  3.40537E+00  3.40537E+00  3.40537E+00  3.40537E+00  3.40537E+00  3.40537E+00  3.40537E+00  3.40537E+00  3.40537E+00  3.40537E+00  3.40537E+00  3.40537E+00  3.40537E+00  3.40537E+00  3.40537E+00  3.40537E+00  3.40537E+00
   25575   5  0.00000E+00  0.00000E+00  0.00000E+00  0.00000E+00  0.00000E+00  0.00000E+00  0.00000E+00  0.00000E+00  0.00000E+00  0.00000E+00  0.00000E+00  0.00000E+00  0.00000E+00  0.00000E+00  0.00000E+00  0.00000E+00  0.00000E+00  0.00000E+00  0.00000E+00  0.00000E+00  0.00000E+00  0.00000E+00  0.00000E+00  0.00000E+00
   25575   2  9.71077E-03  9.71077E-03  9.71077E-03  9.71077E-03  9.71077E-03  9.71077E-03  9.71077E-03  9.71077E-03  9.71077E-03  9.71077E-03  9.71077E-03  9.71077E-03  9.71077E-03  9.71077E-03  9.71077E-03  9.71077E-03  9.71077E-03  9.71077E-03  9.71077E-03  9.71077E-03  9.71077E-03  9.71077E-03  9.71077E-03  9.71077E-03
   24868   4  1.95910E+00  1.95910E+00  1.95910E+00  1.95910E+00  1.95910E+00  1.95910E+00  1.95910E+00  1.95910E+00  1.95910E+00  1.95910E+00  1.95910E+00  1.95910E+00  1.95910E+00  1.95910E+00  1.95910E+00  1.95910E+00  1.95910E+00  1.95910E+00  1.95910E+00  1.95910E+00  1.95910E+00  1.95910E+00  1.95910E+00  1.95910E+00
   24869   4  1.42340E+00  1.42340E+00  1.42340E+00  1.42340E+00  1.42340E+00  1.42340E+00  1.42340E+00  1.42340E+00  1.42340E+00  1.42340E+00  1.42340E+00  1.42340E+00  1.42340E+00  1.42340E+00  1.42340E+00  1.42340E+00  1.42340E+00  1.42340E+00  1.42340E+00  1.42340E+00  1.42340E+00  1.42340E+00  1.42340E+00  1.42340E+00
   25575   7  6.05796E+01  6.05796E+01  6.05796E+01  6.05796E+01  6.05796E+01  6.05796E+01  6.05796E+01  6.05796E+01  6.05796E+01  6.05796E+01  6.05796E+01  6.05796E+01  6.05796E+01  6.05796E+01  6.05796E+01  6.05796E+01  6.05796E+01  6.05796E+01  6.05796E+01  6.05796E+01  6.05796E+01  6.05796E+01  6.05796E+01  6.05796E+01
   25576   3  2.65037E+00  2.65037E+00  2.65037E+00  2.65037E+00  2.65037E+00  2.65037E+00  2.65037E+00  2.65037E+00  2.65037E+00  2.65037E+00  2.65037E+00  2.65037E+00  2.65037E+00  2.65037E+00  2.65037E+00  2.65037E+00  2.65037E+00  2.65037E+00  2.65037E+00  2.65037E+00  2.65037E+00  2.65037E+00  2.65037E+00  2.65037E+00
   25222   3  1.34448E-02  1.34448E-02  1.34448E-02  1.34448E-02  1.34448E-02  1.34448E-02  1.34448E-02  1.34448E-02  1.34448E-02  1.34448E-02  1.34448E-02  1.34448E-02  1.34448E-02  1.34448E-02  1.34448E-02  1.34448E-02  1.34448E-02  1.34448E-02  1.34448E-02  1.34448E-02  1.34448E-02  1.34448E-02  1.34448E-02  1.34448E-02
   24874   3  0.00000E+00  0.00000E+00  0.00000E+00  0.00000E+00  0.00000E+00  0.00000E+00  0.00000E+00  0.00000E+00  0.00000E+00  0.00000E+00  0.00000E+00  0.00000E+00  0.00000E+00  0.00000E+00  0.00000E+00  0.00000E+00  0.00000E+00  0.00000E+00  0.00000E+00  0.00000E+00  0.00000E+00  0.00000E+00  0.00000E+00  0.00000E+00
   24874   4  4.09053E-02  4.09053E-02  4.09053E-02  4.09053E-02  4.09053E-02  4.09053E-02  4.09053E-02  4.09053E-02  4.09053E-02  4.09053E-02  4.09053E-02  4.09053E-02  4.09053E-02  4.09053E-02  4.09053E-02  4.09053E-02  4.09053E-02  4.09053E-02  4.09053E-02  4.09053E-02  4.09053E-02  4.09053E-02  4.09053E-02  4.09053E-02
   20686   4  0.00000E+00  0.00000E+00  0.00000E+00  0.00000E+00  0.00000E+00  0.00000E+00  0.00000E+00  0.00000E+00  0.00000E+00  0.00000E+00  0.00000E+00  0.00000E+00  0.00000E+00  0.00000E+00  0.00000E+00  0.00000E+00  0.00000E+00  0.00000E+00  0.00000E+00  0.00000E+00  0.00000E+00  0.00000E+00  0.00000E+00  0.00000E+00
   20686   2  4.11168E-01  4.05083E-01  3.82482E-01  3.45103E-01  3.05985E-01  2.58654E-01  2.39495E-01  2.29915E-01  2.26722E-01  2.33108E-01  2.52268E-01  2.82604E-01  3.21721E-01  3.45670E-01  3.64830E-01  3.81595E-01  3.87981E-01  3.94368E-01  3.96763E-01  3.99956E-01  3.99158E-01  3.96763E-01  3.90376E-01  3.80796E-01
   20686   3  0.00000E+00  0.00000E+00  0.00000E+00  0.00000E+00  0.00000E+00  0.00000E+00  0.00000E+00  0.00000E+00  0.00000E+00  0.00000E+00  0.00000E+00  0.00000E+00  0.00000E+00  0.00000E+00  0.00000E+00  0.00000E+00  0.00000E+00  0.00000E+00  0.00000E+00  0.00000E+00  0.00000E+00  0.00000E+00  0.00000E+00  0.00000E+00
   22095   4  6.58687E-02  6.58687E-02  6.58687E-02  6.58687E-02  6.58687E-02  6.58687E-02  6.58687E-02  6.58687E-02  6.58687E-02  6.58687E-02  6.58687E-02  6.58687E-02  6.58687E-02  6.58687E-02  6.58687E-02  6.58687E-02  6.58687E-02  6.58687E-02  6.58687E-02  6.58687E-02  6.58687E-02  6.58687E-02  6.58687E-02  6.58687E-02
   22095   2  8.92186E-03  8.92186E-03  8.92186E-03  8.92186E-03  8.92186E-03  8.92186E-03  8.92186E-03  8.92186E-03  8.92186E-03  8.92186E-03  8.92186E-03  8.92186E-03  8.92186E-03  8.92186E-03  8.92186E-03  8.92186E-03  8.92186E-03  8.92186E-03  8.92186E-03  8.92186E-03  8.92186E-03  8.92186E-03  8.92186E-03  8.92186E-03
   22095   3  0.00000E+00  0.00000E+00  0.00000E+00  0.00000E+00  0.00000E+00  0.00000E+00  0.00000E+00  0.00000E+00  0.00000E+00  0.00000E+00  0.00000E+00  0.00000E+00  0.00000E+00  0.00000E+00  0.00000E+00  0.00000E+00  0.00000E+00  0.00000E+00  0.00000E+00  0.00000E+00  0.00000E+00  0.00000E+00  0.00000E+00  0.00000E+00
   20329   3  2.73617E+01  2.73617E+01  1.42684E+01  1.42684E+01  1.42684E+01  1.42684E+01  1.42684E+01  1.42684E+01  1.42684E+01  1.42684E+01  1.42684E+01  1.42684E+01  1.42684E+01  2.73626E+01  2.73626E+01  2.73626E+01  2.73626E+01  2.73626E+01  2.73626E+01  2.73626E+01  2.73626E+01  2.73617E+01  2.73617E+01  2.73617E+01
   21381   4  0.00000E+00  0.00000E+00  0.00000E+00  0.00000E+00  0.00000E+00  0.00000E+00  0.00000E+00  0.00000E+00  0.00000E+00  0.00000E+00  0.00000E+00  0.00000E+00  0.00000E+00  0.00000E+00  0.00000E+00  0.00000E+00  0.00000E+00  0.00000E+00  0.00000E+00  0.00000E+00  0.00000E+00  0.00000E+00  0.00000E+00  0.00000E+00
   20684   3  3.96387E-02  3.96387E-02  0.00000E+00  0.00000E+00  0.00000E+00  0.00000E+00  0.00000E+00  0.00000E+00  0.00000E+00  0.00000E+00  0.00000E+00  0.00000E+00  0.00000E+00  3.96387E-02  3.96387E-02  3.96387E-02  3.96387E-02  3.96387E-02  3.96387E-02  3.96387E-02  3.96387E-02  3.96387E-02  3.96387E-02  3.96387E-02
   20683   3  4.46118E+00  4.46118E+00  4.24405E+00  4.24405E+00  4.24405E+00  4.24405E+00  4.24405E+00  4.24405E+00  4.24405E+00  4.24405E+00  4.24405E+00  4.24405E+00  4.24405E+00  4.46485E+00  4.46485E+00  4.46485E+00  4.46485E+00  4.46485E+00  4.46485E+00  4.46485E+00  4.46485E+00  4.46118E+00  4.46118E+00  4.46118E+00
   20684   4  9.08440E-02  9.08440E-02  9.08440E-02  9.08440E-02  9.08440E-02  9.08440E-02  9.08440E-02  9.08440E-02  9.08440E-02  9.08440E-02  9.08440E-02  9.08440E-02  9.08440E-02  9.08440E-02  9.08440E-02  9.08440E-02  9.08440E-02  9.08440E-02  9.08440E-02  9.08440E-02  9.08440E-02  9.08440E-02  9.08440E-02  9.08440E-02
   21036   4  5.90282E-01  5.90282E-01  5.90282E-01  5.90282E-01  5.90282E-01  5.90282E-01  5.90282E-01  5.90282E-01  5.90282E-01  5.90282E-01  5.90282E-01  5.90282E-01  5.90282E-01  7.67768E-01  7.67768E-01  7.67768E-01  7.67768E-01  7.67768E-01  7.67768E-01  7.67768E-01  7.67768E-01  5.90282E-01  5.90282E-01  5.90282E-01
   21036   3  1.58328E+01  1.58328E+01  1.58328E+01  1.58328E+01  1.58328E+01  1.58328E+01  1.58328E+01  1.58328E+01  1.58328E+01  1.58328E+01  1.58328E+01  1.58328E+01  1.58328E+01  1.58328E+01  1.58328E+01  1.58328E+01  1.58328E+01  1.58328E+01  1.58328E+01  1.58328E+01  1.58328E+01  1.58328E+01  1.58328E+01  1.58328E+01
   21036   7  0.00000E+00  0.00000E+00  0.00000E+00  0.00000E+00  0.00000E+00  0.00000E+00  0.00000E+00  0.00000E+00  0.00000E+00  0.00000E+00  0.00000E+00  0.00000E+00  0.00000E+00  1.52199E+00  1.52199E+00  1.52199E+00  1.52199E+00  1.52199E+00  1.52199E+00  1.52199E+00  1.52199E+00  0.00000E+00  0.00000E+00  0.00000E+00
   19275   4  1.48287E-02  1.48287E-02  1.48287E-02  1.48287E-02  1.48287E-02  1.48287E-02  1.48287E-02  1.48287E-02  1.48287E-02  1.48287E-02  1.48287E-02  1.48287E-02  1.48287E-02  1.48287E-02  1.48287E-02  1.48287E-02  1.48287E-02  1.48287E-02  1.48287E-02  1.48287E-02  1.48287E-02  1.48287E-02  1.48287E-02  1.48287E-02
   19275   3  1.45887E+00  1.45887E+00  1.45887E+00  1.45887E+00  1.45887E+00  1.45887E+00  1.45887E+00  1.45887E+00  1.45887E+00  1.45887E+00  1.45887E+00  1.45887E+00  1.45887E+00  1.45887E+00  1.45887E+00  1.45887E+00  1.45887E+00  1.45887E+00  1.45887E+00  1.45887E+00  1.45887E+00  1.45887E+00  1.45887E+00  1.45887E+00
   19274   4  3.69252E-02  3.69252E-02  3.69252E-02  3.69252E-02  3.69252E-02  3.69252E-02  3.69252E-02  3.69252E-02  3.69252E-02  3.69252E-02  3.69252E-02  3.69252E-02  3.69252E-02  3.69252E-02  3.69252E-02  3.69252E-02  3.69252E-02  3.69252E-02  3.69252E-02  3.69252E-02  3.69252E-02  3.69252E-02  3.69252E-02  3.69252E-02
   19627   4  2.45591E-02  2.45591E-02  2.45591E-02  2.45591E-02  2.45591E-02  2.45591E-02  2.45591E-02  2.45591E-02  2.45591E-02  2.45591E-02  2.45591E-02  2.45591E-02  2.45591E-02  2.45591E-02  2.45591E-02  2.45591E-02  2.45591E-02  2.45591E-02  2.45591E-02  2.45591E-02  2.45591E-02  2.45591E-02  2.45591E-02  2.45591E-02
   19627   3  0.00000E+00  0.00000E+00  0.00000E+00  0.00000E+00  0.00000E+00  0.00000E+00  0.00000E+00  0.00000E+00  0.00000E+00  0.00000E+00  0.00000E+00  0.00000E+00  0.00000E+00  0.00000E+00  0.00000E+00  0.00000E+00  0.00000E+00  0.00000E+00  0.00000E+00  0.00000E+00  0.00000E+00  0.00000E+00  0.00000E+00  0.00000E+00
   19627   2  0.00000E+00  0.00000E+00  0.00000E+00  0.00000E+00  0.00000E+00  0.00000E+00  0.00000E+00  0.00000E+00  0.00000E+00  0.00000E+00  0.00000E+00  0.00000E+00  0.00000E+00  0.00000E+00  0.00000E+00  0.00000E+00  0.00000E+00  0.00000E+00  0.00000E+00  0.00000E+00  0.00000E+00  0.00000E+00  0.00000E+00  0.00000E+00
   20331   4  3.53302E+01  3.53302E+01  3.53302E+01  3.53302E+01  3.53302E+01  3.53302E+01  3.53302E+01  3.53302E+01  3.53302E+01  3.53302E+01  3.53302E+01  3.53302E+01  3.53302E+01  3.53569E+01  3.53569E+01  3.53569E+01  3.53569E+01  3.53569E+01  3.53569E+01  3.53569E+01  3.53569E+01  3.53302E+01  3.53302E+01  3.53302E+01
   20331   3  1.67265E+02  1.67265E+02  1.67083E+02  1.67083E+02  1.67083E+02  1.67083E+02  1.67083E+02  1.67083E+02  1.67083E+02  1.67083E+02  1.67083E+02  1.67083E+02  1.67083E+02  1.71844E+02  1.71844E+02  1.71844E+02  1.71844E+02  1.71844E+02  1.71844E+02  1.71844E+02  1.71844E+02  1.67265E+02  1.67265E+02  1.67265E+02
   20331   7  3.94296E-01  3.94296E-01  3.94296E-01  3.94296E-01  3.94296E-01  3.92409E-01  3.92409E-01  3.92409E-01  3.92409E-01  3.92409E-01  3.92409E-01  3.92409E-01  3.94296E-01  7.04682E-01  7.04682E-01  7.04682E-01  7.04682E-01  7.04682E-01  7.04682E-01  7.04682E-01  7.04682E-01  3.94296E-01  3.94296E-01  3.94296E-01
   19971   4  3.70479E-02  3.70479E-02  3.70479E-02  3.70479E-02  3.70479E-02  3.70479E-02  3.70479E-02  3.70479E-02  3.70479E-02  3.70479E-02  3.70479E-02  3.70479E-02  3.70479E-02  3.70479E-02  3.70479E-02  3.70479E-02  3.70479E-02  3.70479E-02  3.70479E-02  3.70479E-02  3.70479E-02  3.70479E-02  3.70479E-02  3.70479E-02
   20331   1  1.25309E-01  1.25309E-01  1.25309E-01  1.25309E-01  1.25309E-01  1.25309E-01  1.25309E-01  1.25309E-01  1.25309E-01  1.25309E-01  1.25309E-01  1.25309E-01  1.25309E-01  1.25309E-01  1.25309E-01  1.25309E-01  1.25309E-01  1.25309E-01  1.25309E-01  1.25309E-01  1.25309E-01  1.25309E-01  1.25309E-01  1.25309E-01
   20331   2  2.95549E-03  2.95549E-03  2.95549E-03  2.95549E-03  2.95549E-03  2.95549E-03  2.95549E-03  2.95549E-03  2.95549E-03  2.95549E-03  2.95549E-03  2.95549E-03  2.95549E-03  2.95549E-03  2.95549E-03  2.95549E-03  2.95549E-03  2.95549E-03  2.95549E-03  2.95549E-03  2.95549E-03  2.95549E-03  2.95549E-03  2.95549E-03
   20685   3  0.00000E+00  0.00000E+00  0.00000E+00  0.00000E+00  0.00000E+00  0.00000E+00  0.00000E+00  0.00000E+00  0.00000E+00  0.00000E+00  0.00000E+00  0.00000E+00  0.00000E+00  1.99154E-03  1.99154E-03  1.99154E-03  1.99154E-03  1.99154E-03  1.99154E-03  1.99154E-03  1.99154E-03  0.00000E+00  0.00000E+00  0.00000E+00
   20332   3  2.16796E+00  2.16796E+00  2.16796E+00  2.16796E+00  2.16796E+00  2.16796E+00  2.16796E+00  2.16796E+00  2.16796E+00  2.16796E+00  2.16796E+00  2.16796E+00  2.16796E+00  2.16796E+00  2.16796E+00  2.16796E+00  2.16796E+00  2.16796E+00  2.16796E+00  2.16796E+00  2.16796E+00  2.16796E+00  2.16796E+00  2.16796E+00
   20685   7  0.00000E+00  0.00000E+00  0.00000E+00  0.00000E+00  0.00000E+00  0.00000E+00  0.00000E+00  0.00000E+00  0.00000E+00  0.00000E+00  0.00000E+00  0.00000E+00  0.00000E+00  5.46570E-01  5.46570E-01  5.46570E-01  5.46570E-01  5.46570E-01  5.46570E-01  5.46570E-01  5.46570E-01  0.00000E+00  0.00000E+00  0.00000E+00
   19622   4  0.00000E+00  0.00000E+00  0.00000E+00  0.00000E+00  0.00000E+00  0.00000E+00  0.00000E+00  0.00000E+00  0.00000E+00  0.00000E+00  0.00000E+00  0.00000E+00  0.00000E+00  0.00000E+00  0.00000E+00  0.00000E+00  0.00000E+00  0.00000E+00  0.00000E+00  0.00000E+00  0.00000E+00  0.00000E+00  0.00000E+00  0.00000E+00
   19628   4  4.16623E-01  4.16623E-01  4.16623E-01  4.16623E-01  4.16623E-01  4.16623E-01  4.16623E-01  4.16623E-01  4.16623E-01  4.16623E-01  4.16623E-01  4.16623E-01  4.16623E-01  4.16623E-01  4.16623E-01  4.16623E-01  4.16623E-01  4.16623E-01  4.16623E-01  4.16623E-01  4.16623E-01  4.16623E-01  4.16623E-01  4.16623E-01
   19628   3  2.37574E-01  2.37574E-01  2.37574E-01  2.37574E-01  2.37574E-01  2.37574E-01  2.37574E-01  2.37574E-01  2.37574E-01  2.37574E-01  2.37574E-01  2.37574E-01  2.37574E-01  2.37574E-01  2.37574E-01  2.37574E-01  2.37574E-01  2.37574E-01  2.37574E-01  2.37574E-01  2.37574E-01  2.37574E-01  2.37574E-01  2.37574E-01
   19274   3  9.52020E-03  9.52020E-03  9.52020E-03  9.52020E-03  9.52020E-03  9.52020E-03  9.52020E-03  9.52020E-03  9.52020E-03  9.52020E-03  9.52020E-03  9.52020E-03  9.52020E-03  9.52020E-03  9.52020E-03  9.52020E-03  9.52020E-03  9.52020E-03  9.52020E-03  9.52020E-03  9.52020E-03  9.52020E-03  9.52020E-03  9.52020E-03
   19628   7  1.92333E-02  1.92333E-02  1.92333E-02  1.92333E-02  1.92333E-02  0.00000E+00  0.00000E+00  0.00000E+00  0.00000E+00  0.00000E+00  0.00000E+00  0.00000E+00  1.92333E-02  1.92333E-02  1.92333E-02  1.92333E-02  1.92333E-02  1.92333E-02  1.92333E-02  1.92333E-02  1.92333E-02  1.92333E-02  1.92333E-02  1.92333E-02
   19267   4  3.82534E-01  3.82534E-01  3.82534E-01  3.82534E-01  3.82534E-01  3.82534E-01  3.82534E-01  3.82534E-01  3.82534E-01  3.82534E-01  3.82534E-01  3.82534E-01  3.82534E-01  4.88141E-01  4.88141E-01  4.88141E-01  4.88141E-01  4.88141E-01  4.88141E-01  4.88141E-01  4.88141E-01  3.82534E-01  3.82534E-01  3.82534E-01
   19267   2  4.35136E+00  4.35136E+00  4.35136E+00  4.35136E+00  4.35136E+00  4.35136E+00  4.35136E+00  4.35136E+00  4.35136E+00  4.35136E+00  4.35136E+00  4.35136E+00  4.35136E+00  4.35136E+00  4.35136E+00  4.35136E+00  4.35136E+00  4.35136E+00  4.35136E+00  4.35136E+00  4.35136E+00  4.35136E+00  4.35136E+00  4.35136E+00
   19620   4  9.06222E-02  9.06222E-02  9.06222E-02  9.06222E-02  9.06222E-02  9.06222E-02  9.06222E-02  9.06222E-02  9.06222E-02  9.06222E-02  9.06222E-02  9.06222E-02  9.06222E-02  9.06222E-02  9.06222E-02  9.06222E-02  9.06222E-02  9.06222E-02  9.06222E-02  9.06222E-02  9.06222E-02  9.06222E-02  9.06222E-02  9.06222E-02
   19620   3  6.68856E-03  6.68856E-03  6.68856E-03  6.68856E-03  6.68856E-03  6.68856E-03  6.68856E-03  6.68856E-03  6.68856E-03  6.68856E-03  6.68856E-03  6.68856E-03  6.68856E-03  6.68856E-03  6.68856E-03  6.68856E-03  6.68856E-03  6.68856E-03  6.68856E-03  6.68856E-03  6.68856E-03  6.68856E-03  6.68856E-03  6.68856E-03
   19267   7  0.00000E+00  0.00000E+00  0.00000E+00  0.00000E+00  0.00000E+00  0.00000E+00  0.00000E+00  0.00000E+00  0.00000E+00  0.00000E+00  0.00000E+00  0.00000E+00  0.00000E+00  2.40759E-01  2.40759E-01  2.40759E-01  2.40759E-01  2.40759E-01  2.40759E-01  2.40759E-01  2.40759E-01  0.00000E+00  0.00000E+00  0.00000E+00
   19267   3  4.00279E-01  4.00279E-01  4.00279E-01  4.00279E-01  4.00279E-01  4.00279E-01  4.00279E-01  4.00279E-01  4.00279E-01  4.00279E-01  4.00279E-01  4.00279E-01  4.00279E-01  4.00279E-01  4.00279E-01  4.00279E-01  4.00279E-01  4.00279E-01  4.00279E-01  4.00279E-01  4.00279E-01  4.00279E-01  4.00279E-01  4.00279E-01
   18913   3  5.46604E+00  5.46604E+00  5.46604E+00  5.46604E+00  5.46604E+00  5.46604E+00  5.46604E+00  5.46604E+00  5.46604E+00  5.46604E+00  5.46604E+00  5.46604E+00  5.46604E+00  5.46604E+00  5.46604E+00  5.46604E+00  5.46604E+00  5.46604E+00  5.46604E+00  5.46604E+00  5.46604E+00  5.46604E+00  5.46604E+00  5.46604E+00
   18913   4  2.32528E-02  2.32528E-02  2.32528E-02  2.32528E-02  2.32528E-02  2.32528E-02  2.32528E-02  2.32528E-02  2.32528E-02  2.32528E-02  2.32528E-02  2.32528E-02  2.32528E-02  2.32528E-02  2.32528E-02  2.32528E-02  2.32528E-02  2.32528E-02  2.32528E-02  2.32528E-02  2.32528E-02  2.32528E-02  2.32528E-02  2.32528E-02
   19975   3  3.75105E+01  3.75105E+01  2.69997E+01  2.69997E+01  2.69997E+01  2.69997E+01  2.69997E+01  2.69997E+01  2.69997E+01  2.69997E+01  2.69997E+01  2.69997E+01  2.69997E+01  3.75105E+01  3.75105E+01  3.75105E+01  3.75105E+01  3.75105E+01  3.75105E+01  3.75105E+01  3.75105E+01  3.75105E+01  3.75105E+01  3.75105E+01
   19975   4  1.27868E+00  1.27868E+00  1.27868E+00  1.27868E+00  1.27868E+00  1.27868E+00  1.27868E+00  1.27868E+00  1.27868E+00  1.27868E+00  1.27868E+00  1.27868E+00  1.27868E+00  1.32476E+00  1.32476E+00  1.32476E+00  1.32476E+00  1.32476E+00  1.32476E+00  1.32476E+00  1.32476E+00  1.27868E+00  1.27868E+00  1.27868E+00
   19975   2  0.00000E+00  0.00000E+00  0.00000E+00  0.00000E+00  0.00000E+00  0.00000E+00  0.00000E+00  0.00000E+00  0.00000E+00  0.00000E+00  0.00000E+00  0.00000E+00  0.00000E+00  0.00000E+00  0.00000E+00  0.00000E+00  0.00000E+00  0.00000E+00  0.00000E+00  0.00000E+00  0.00000E+00  0.00000E+00  0.00000E+00  0.00000E+00
   20329   7  0.00000E+00  0.00000E+00  0.00000E+00  0.00000E+00  0.00000E+00  0.00000E+00  0.00000E+00  0.00000E+00  0.00000E+00  0.00000E+00  0.00000E+00  0.00000E+00  0.00000E+00  4.08667E+00  4.08667E+00  4.08667E+00  4.08667E+00  4.08667E+00  4.08667E+00  4.08667E+00  4.08667E+00  0.00000E+00  0.00000E+00  0.00000E+00
   19975   5  0.00000E+00  0.00000E+00  0.00000E+00  0.00000E+00  0.00000E+00  0.00000E+00  0.00000E+00  0.00000E+00  0.00000E+00  0.00000E+00  0.00000E+00  0.00000E+00  0.00000E+00  0.00000E+00  0.00000E+00  0.00000E+00  0.00000E+00  0.00000E+00  0.00000E+00  0.00000E+00  0.00000E+00  0.00000E+00  0.00000E+00  0.00000E+00
   19979   5  0.00000E+00  0.00000E+00  0.00000E+00  0.00000E+00  0.00000E+00  0.00000E+00  0.00000E+00  0.00000E+00  0.00000E+00  0.00000E+00  0.00000E+00  0.00000E+00  0.00000E+00  0.00000E+00  0.00000E+00  0.00000E+00  0.00000E+00  0.00000E+00  0.00000E+00  0.00000E+00  0.00000E+00  0.00000E+00  0.00000E+00  0.00000E+00
   19979   4  3.36799E-02  3.36799E-02  3.36799E-02  3.36799E-02  3.36799E-02  3.36799E-02  3.36799E-02  3.36799E-02  3.36799E-02  3.36799E-02  3.36799E-02  3.36799E-02  3.36799E-02  3.36799E-02  3.36799E-02  3.36799E-02  3.36799E-02  3.36799E-02  3.36799E-02  3.36799E-02  3.36799E-02  3.36799E-02  3.36799E-02  3.36799E-02
   19979   3  4.30905E-02  4.30905E-02  4.30905E-02  4.30905E-02  4.30905E-02  4.30905E-02  4.30905E-02  4.30905E-02  4.30905E-02  4.30905E-02  4.30905E-02  4.30905E-02  4.30905E-02  4.30905E-02  4.30905E-02  4.30905E-02  4.30905E-02  4.30905E-02  4.30905E-02  4.30905E-02  4.30905E-02  4.30905E-02  4.30905E-02  4.30905E-02
   20681   4  3.32449E-02  3.32449E-02  3.32449E-02  3.32449E-02  3.32449E-02  3.32449E-02  3.32449E-02  3.32449E-02  3.32449E-02  3.32449E-02  3.32449E-02  3.32449E-02  3.32449E-02  3.32449E-02  3.32449E-02  3.32449E-02  3.32449E-02  3.32449E-02  3.32449E-02  3.32449E-02  3.32449E-02  3.32449E-02  3.32449E-02  3.32449E-02
   18915   3  0.00000E+00  0.00000E+00  0.00000E+00  0.00000E+00  0.00000E+00  0.00000E+00  0.00000E+00  0.00000E+00  0.00000E+00  0.00000E+00  0.00000E+00  0.00000E+00  0.00000E+00  0.00000E+00  0.00000E+00  0.00000E+00  0.00000E+00  0.00000E+00  0.00000E+00  0.00000E+00  0.00000E+00  0.00000E+00  0.00000E+00  0.00000E+00
   21038   4  6.46403E-01  6.46403E-01  6.46403E-01  6.46403E-01  6.46403E-01  6.46403E-01  6.46403E-01  6.46403E-01  6.46403E-01  6.46403E-01  6.46403E-01  6.46403E-01  6.46403E-01  6.46403E-01  6.46403E-01  6.46403E-01  6.46403E-01  6.46403E-01  6.46403E-01  6.46403E-01  6.46403E-01  6.46403E-01  6.46403E-01  6.46403E-01
   21038   3  0.00000E+00  0.00000E+00  0.00000E+00  0.00000E+00  0.00000E+00  0.00000E+00  0.00000E+00  0.00000E+00  0.00000E+00  0.00000E+00  0.00000E+00  0.00000E+00  0.00000E+00  0.00000E+00  0.00000E+00  0.00000E+00  0.00000E+00  0.00000E+00  0.00000E+00  0.00000E+00  0.00000E+00  0.00000E+00  0.00000E+00  0.00000E+00
   18562   3  0.00000E+00  0.00000E+00  0.00000E+00  0.00000E+00  0.00000E+00  0.00000E+00  0.00000E+00  0.00000E+00  0.00000E+00  0.00000E+00  0.00000E+00  0.00000E+00  0.00000E+00  0.00000E+00  0.00000E+00  0.00000E+00  0.00000E+00  0.00000E+00  0.00000E+00  0.00000E+00  0.00000E+00  0.00000E+00  0.00000E+00  0.00000E+00
   20330   7  3.17231E-01  3.17231E-01  3.17231E-01  3.17231E-01  3.17231E-01  0.00000E+00  0.00000E+00  0.00000E+00  0.00000E+00  0.00000E+00  0.00000E+00  0.00000E+00  3.17231E-01  8.14580E+00  8.14580E+00  8.14580E+00  8.14580E+00  8.14580E+00  8.14580E+00  8.14580E+00  8.14580E+00  3.17231E-01  3.17231E-01  3.17231E-01
   20330   2  2.61765E+00  2.61765E+00  2.61765E+00  2.61765E+00  2.61765E+00  2.61765E+00  2.61765E+00  2.61765E+00  2.61765E+00  2.61765E+00  2.61765E+00  2.61765E+00  2.61765E+00  2.61765E+00  2.61765E+00  2.61765E+00  2.61765E+00  2.61765E+00  2.61765E+00  2.61765E+00  2.61765E+00  2.61765E+00  2.61765E+00  2.61765E+00
   20329   2  1.37447E-03  1.37447E-03  1.37447E-03  1.37447E-03  1.37447E-03  1.37447E-03  1.37447E-03  1.37447E-03  1.37447E-03  1.37447E-03  1.37447E-03  1.37447E-03  1.37447E-03  1.37447E-03  1.37447E-03  1.37447E-03  1.37447E-03  1.37447E-03  1.37447E-03  1.37447E-03  1.37447E-03  1.37447E-03  1.37447E-03  1.37447E-03
   19266   5  0.00000E+00  0.00000E+00  0.00000E+00  0.00000E+00  0.00000E+00  0.00000E+00  0.00000E+00  0.00000E+00  0.00000E+00  0.00000E+00  0.00000E+00  0.00000E+00  0.00000E+00  0.00000E+00  0.00000E+00  0.00000E+00  0.00000E+00  0.00000E+00  0.00000E+00  0.00000E+00  0.00000E+00  0.00000E+00  0.00000E+00  0.00000E+00
   19265   4  2.71168E+00  2.71168E+00  2.71168E+00  2.71168E+00  2.71168E+00  2.71168E+00  2.71168E+00  2.71168E+00  2.71168E+00  2.71168E+00  2.71168E+00  2.71168E+00  2.71168E+00  2.74317E+01  2.74317E+01  2.74317E+01  2.74317E+01  2.74317E+01  2.74317E+01  2.74317E+01  2.74317E+01  2.71168E+00  2.71168E+00  2.71168E+00
   19265   3  1.83705E+00  1.83705E+00  6.18452E-01  6.18452E-01  6.18452E-01  6.18452E-01  6.18452E-01  6.18452E-01  6.18452E-01  6.18452E-01  6.18452E-01  6.18452E-01  6.18452E-01  2.65872E+01  2.65872E+01  2.65872E+01  2.65872E+01  2.65872E+01  2.65872E+01  2.65872E+01  2.65872E+01  1.83705E+00  1.83705E+00  1.83705E+00
   19265   5  0.00000E+00  0.00000E+00  0.00000E+00  0.00000E+00  0.00000E+00  0.00000E+00  0.00000E+00  0.00000E+00  0.00000E+00  0.00000E+00  0.00000E+00  0.00000E+00  0.00000E+00  5.49334E+00  5.49334E+00  5.49334E+00  5.49334E+00  5.49334E+00  5.49334E+00  5.49334E+00  5.49334E+00  0.00000E+00  0.00000E+00  0.00000E+00
   19266   7  4.28963E+00  4.28963E+00  4.28963E+00  4.28963E+00  4.28963E+00  4.28963E+00  4.28963E+00  4.28963E+00  4.28963E+00  4.28963E+00  4.28963E+00  4.28963E+00  4.28963E+00  4.28963E+00  4.28963E+00  4.28963E+00  4.28963E+00  4.28963E+00  4.28963E+00  4.28963E+00  4.28963E+00  4.28963E+00  4.28963E+00  4.28963E+00
   19265   7  9.10949E-02  9.10949E-02  9.10949E-02  9.10949E-02  9.10949E-02  0.00000E+00  0.00000E+00  0.00000E+00  0.00000E+00  0.00000E+00  0.00000E+00  0.00000E+00  9.10949E-02  7.59202E+00  7.59202E+00  7.59202E+00  7.59202E+00  7.59202E+00  7.59202E+00  7.59202E+00  7.59202E+00  9.10949E-02  9.10949E-02  9.10949E-02
   19266   4  2.96960E-02  2.96960E-02  2.96960E-02  2.96960E-02  2.96960E-02  2.96960E-02  2.96960E-02  2.96960E-02  2.96960E-02  2.96960E-02  2.96960E-02  2.96960E-02  2.96960E-02  2.96960E-02  2.96960E-02  2.96960E-02  2.96960E-02  2.96960E-02  2.96960E-02  2.96960E-02  2.96960E-02  2.96960E-02  2.96960E-02  2.96960E-02
   18912   4  0.00000E+00  0.00000E+00  0.00000E+00  0.00000E+00  0.00000E+00  0.00000E+00  0.00000E+00  0.00000E+00  0.00000E+00  0.00000E+00  0.00000E+00  0.00000E+00  0.00000E+00  0.00000E+00  0.00000E+00  0.00000E+00  0.00000E+00  0.00000E+00  0.00000E+00  0.00000E+00  0.00000E+00  0.00000E+00  0.00000E+00  0.00000E+00
   19265   1  2.37636E-01  2.37636E-01  2.37636E-01  2.37636E-01  2.37636E-01  2.37636E-01  2.37636E-01  2.37636E-01  2.37636E-01  2.37636E-01  2.37636E-01  2.37636E-01  2.37636E-01  2.37636E-01  2.37636E-01  2.37636E-01  2.37636E-01  2.37636E-01  2.37636E-01  2.37636E-01  2.37636E-01  2.37636E-01  2.37636E-01  2.37636E-01
   20683   4  6.32430E+00  6.32430E+00  6.32430E+00  6.32430E+00  6.32430E+00  6.32430E+00  6.32430E+00  6.32430E+00  6.32430E+00  6.32430E+00  6.32430E+00  6.32430E+00  6.32430E+00  6.32430E+00  6.32430E+00  6.32430E+00  6.32430E+00  6.32430E+00  6.32430E+00  6.32430E+00  6.32430E+00  6.32430E+00  6.32430E+00  6.32430E+00
   20683   7  1.93518E-02  1.93518E-02  1.93518E-02  1.93518E-02  1.93518E-02  0.00000E+00  0.00000E+00  0.00000E+00  0.00000E+00  0.00000E+00  0.00000E+00  0.00000E+00  1.93518E-02  7.80145E-01  7.80145E-01  7.80145E-01  7.80145E-01  7.80145E-01  7.80145E-01  7.80145E-01  7.80145E-01  1.93518E-02  1.93518E-02  1.93518E-02
   20683   2  4.66905E-01  4.59995E-01  4.34330E-01  3.91884E-01  3.47464E-01  2.93717E-01  2.71960E-01  2.61082E-01  2.57455E-01  2.64708E-01  2.86465E-01  3.20913E-01  3.65333E-01  3.92529E-01  4.14286E-01  4.33323E-01  4.40575E-01  4.47827E-01  4.50547E-01  4.54173E-01  4.53267E-01  4.50547E-01  4.43295E-01  4.32416E-01
   19973   5  0.00000E+00  0.00000E+00  0.00000E+00  0.00000E+00  0.00000E+00  0.00000E+00  0.00000E+00  0.00000E+00  0.00000E+00  0.00000E+00  0.00000E+00  0.00000E+00  0.00000E+00  0.00000E+00  0.00000E+00  0.00000E+00  0.00000E+00  0.00000E+00  0.00000E+00  0.00000E+00  0.00000E+00  0.00000E+00  0.00000E+00  0.00000E+00
   19264   3  3.80880E-03  3.80880E-03  3.80880E-03  3.80880E-03  3.80880E-03  3.80880E-03  3.80880E-03  3.80880E-03  3.80880E-03  3.80880E-03  3.80880E-03  3.80880E-03  3.80880E-03  3.80880E-03  3.80880E-03  3.80880E-03  3.80880E-03  3.80880E-03  3.80880E-03  3.80880E-03  3.80880E-03  3.80880E-03  3.80880E-03  3.80880E-03
   19263   4  3.12349E-03  3.12349E-03  3.12349E-03  3.12349E-03  3.12349E-03  3.12349E-03  3.12349E-03  3.12349E-03  3.12349E-03  3.12349E-03  3.12349E-03  3.12349E-03  3.12349E-03  3.12349E-03  3.12349E-03  3.12349E-03  3.12349E-03  3.12349E-03  3.12349E-03  3.12349E-03  3.12349E-03  3.12349E-03  3.12349E-03  3.12349E-03
   20682   4  5.86519E+00  5.86519E+00  5.86519E+00  5.86519E+00  5.86519E+00  5.86519E+00  5.86519E+00  5.86519E+00  5.86519E+00  5.86519E+00  5.86519E+00  5.86519E+00  5.86519E+00  2.58692E+01  2.58692E+01  2.58692E+01  2.58692E+01  2.58692E+01  2.58692E+01  2.58692E+01  2.58692E+01  5.86519E+00  5.86519E+00  5.86519E+00
   20682   3  1.51269E-01  1.51269E-01  1.51269E-01  1.51269E-01  1.51269E-01  1.51269E-01  1.51269E-01  1.51269E-01  1.51269E-01  1.51269E-01  1.51269E-01  1.51269E-01  1.51269E-01  2.00719E+01  2.00719E+01  2.00719E+01  2.00719E+01  2.00719E+01  2.00719E+01  2.00719E+01  2.00719E+01  1.51269E-01  1.51269E-01  1.51269E-01
   20682   5  0.00000E+00  0.00000E+00  0.00000E+00  0.00000E+00  0.00000E+00  0.00000E+00  0.00000E+00  0.00000E+00  0.00000E+00  0.00000E+00  0.00000E+00  0.00000E+00  0.00000E+00  4.42680E+00  4.42680E+00  4.42680E+00  4.42680E+00  4.42680E+00  4.42680E+00  4.42680E+00  4.42680E+00  0.00000E+00  0.00000E+00  0.00000E+00
   21035   4  2.17744E+00  2.17744E+00  2.17744E+00  2.17744E+00  2.17744E+00  2.17744E+00  2.17744E+00  2.17744E+00  2.17744E+00  2.17744E+00  2.17744E+00  2.17744E+00  2.17744E+00  2.17744E+00  2.17744E+00  2.17744E+00  2.17744E+00  2.17744E+00  2.17744E+00  2.17744E+00  2.17744E+00  2.17744E+00  2.17744E+00  2.17744E+00
   21035   3  6.81345E-04  6.81345E-04  6.81345E-04  6.81345E-04  6.81345E-04  6.81345E-04  6.81345E-04  6.81345E-04  6.81345E-04  6.81345E-04  6.81345E-04  6.81345E-04  6.81345E-04  6.81345E-04  6.81345E-04  6.81345E-04  6.81345E-04  6.81345E-04  6.81345E-04  6.81345E-04  6.81345E-04  6.81345E-04  6.81345E-04  6.81345E-04
   20682   7  0.00000E+00  0.00000E+00  0.00000E+00  0.00000E+00  0.00000E+00  0.00000E+00  0.00000E+00  0.00000E+00  0.00000E+00  0.00000E+00  0.00000E+00  0.00000E+00  0.00000E+00  7.54641E-02  7.54641E-02  7.54641E-02  7.54641E-02  7.54641E-02  7.54641E-02  7.54641E-02  7.54641E-02  0.00000E+00  0.00000E+00  0.00000E+00
   17468   3  8.90473E-04  8.90473E-04  8.90473E-04  8.90473E-04  8.90473E-04  8.90473E-04  8.90473E-04  8.90473E-04  8.90473E-04  8.90473E-04  8.90473E-04  8.90473E-04  8.90473E-04  8.90473E-04  8.90473E-04  8.90473E-04  8.90473E-04  8.90473E-04  8.90473E-04  8.90473E-04  8.90473E-04  8.90473E-04  8.90473E-04  8.90473E-04
   20665   3  4.92309E-02  4.92309E-02  4.92309E-02  4.92309E-02  4.92309E-02  4.92309E-02  4.92309E-02  4.92309E-02  4.92309E-02  4.92309E-02  4.92309E-02  4.92309E-02  4.92309E-02  4.92309E-02  4.92309E-02  4.92309E-02  4.92309E-02  4.92309E-02  4.92309E-02  4.92309E-02  4.92309E-02  4.92309E-02  4.92309E-02  4.92309E-02
   21015   3  4.38501E-01  4.38501E-01  4.38501E-01  4.38501E-01  4.38501E-01  4.38501E-01  4.38501E-01  4.38501E-01  4.38501E-01  4.38501E-01  4.38501E-01  4.38501E-01  4.38501E-01  4.38501E-01  4.38501E-01  4.38501E-01  4.38501E-01  4.38501E-01  4.38501E-01  4.38501E-01  4.38501E-01  4.38501E-01  4.38501E-01  4.38501E-01
   22058   3  6.43240E-04  6.43240E-04  6.43240E-04  6.43240E-04  6.43240E-04  6.43240E-04  6.43240E-04  6.43240E-04  6.43240E-04  6.43240E-04  6.43240E-04  6.43240E-04  6.43240E-04  6.43240E-04  6.43240E-04  6.43240E-04  6.43240E-04  6.43240E-04  6.43240E-04  6.43240E-04  6.43240E-04  6.43240E-04  6.43240E-04  6.43240E-04
   22404   3  0.00000E+00  0.00000E+00  0.00000E+00  0.00000E+00  0.00000E+00  0.00000E+00  0.00000E+00  0.00000E+00  0.00000E+00  0.00000E+00  0.00000E+00  0.00000E+00  0.00000E+00  0.00000E+00  0.00000E+00  0.00000E+00  0.00000E+00  0.00000E+00  0.00000E+00  0.00000E+00  0.00000E+00  0.00000E+00  0.00000E+00  0.00000E+00
   13938   4  1.59573E-04  1.59573E-04  1.59573E-04  1.59573E-04  1.59573E-04  1.59573E-04  1.59573E-04  1.59573E-04  1.59573E-04  1.59573E-04  1.59573E-04  1.59573E-04  1.59573E-04  1.59573E-04  1.59573E-04  1.59573E-04  1.59573E-04  1.59573E-04  1.59573E-04  1.59573E-04  1.59573E-04  1.59573E-04  1.59573E-04  1.59573E-04
   13938   2  7.22858E-01  7.22858E-01  7.22858E-01  7.22858E-01  0.00000E+00  0.00000E+00  0.00000E+00  0.00000E+00  7.22858E-01  7.22858E-01  7.22858E-01  7.22858E-01  7.22858E-01  7.22858E-01  7.22858E-01  7.22858E-01  7.22858E-01  7.22858E-01  7.22858E-01  7.22858E-01  7.22858E-01  7.22858E-01  7.22858E-01  7.22858E-01
   13938   1  0.00000E+00  0.00000E+00  0.00000E+00  0.00000E+00  0.00000E+00  0.00000E+00  0.00000E+00  0.00000E+00  0.00000E+00  0.00000E+00  0.00000E+00  0.00000E+00  0.00000E+00  0.00000E+00  0.00000E+00  0.00000E+00  0.00000E+00  0.00000E+00  0.00000E+00  0.00000E+00  0.00000E+00  0.00000E+00  0.00000E+00  0.00000E+00
   13938   7  5.56602E+00  5.56602E+00  5.56602E+00  5.56602E+00  5.56602E+00  5.56602E+00  5.56602E+00  5.56602E+00  5.56602E+00  5.56602E+00  5.56602E+00  5.56602E+00  5.56602E+00  5.56602E+00  5.56602E+00  5.56602E+00  5.56602E+00  5.56602E+00  5.56602E+00  5.56602E+00  5.56602E+00  5.56602E+00  5.56602E+00  5.56602E+00
   13235   1  0.00000E+00  0.00000E+00  0.00000E+00  0.00000E+00  0.00000E+00  0.00000E+00  0.00000E+00  0.00000E+00  0.00000E+00  0.00000E+00  0.00000E+00  0.00000E+00  0.00000E+00  0.00000E+00  0.00000E+00  0.00000E+00  0.00000E+00  0.00000E+00  0.00000E+00  0.00000E+00  0.00000E+00  0.00000E+00  0.00000E+00  0.00000E+00
   13235   2  2.27267E+00  2.27267E+00  2.27267E+00  2.27267E+00  2.27267E+00  2.27267E+00  2.27267E+00  2.27267E+00  2.27267E+00  2.27267E+00  2.27267E+00  2.27267E+00  2.27267E+00  2.27267E+00  2.27267E+00  2.27267E+00  2.27267E+00  2.27267E+00  2.27267E+00  2.27267E+00  2.27267E+00  2.27267E+00  2.27267E+00  2.27267E+00
   13235   3  2.06782E-01  2.06782E-01  2.06782E-01  2.06782E-01  2.06782E-01  2.06782E-01  2.06782E-01  2.06782E-01  2.06782E-01  2.06782E-01  2.06782E-01  2.06782E-01  2.06782E-01  2.06782E-01  2.06782E-01  2.06782E-01  2.06782E-01  2.06782E-01  2.06782E-01  2.06782E-01  2.06782E-01  2.06782E-01  2.06782E-01  2.06782E-01
   13938   3  0.00000E+00  0.00000E+00  0.00000E+00  0.00000E+00  0.00000E+00  0.00000E+00  0.00000E+00  0.00000E+00  0.00000E+00  0.00000E+00  0.00000E+00  0.00000E+00  0.00000E+00  0.00000E+00  0.00000E+00  0.00000E+00  0.00000E+00  0.00000E+00  0.00000E+00  0.00000E+00  0.00000E+00  0.00000E+00  0.00000E+00  0.00000E+00
   21012   3  0.00000E+00  0.00000E+00  0.00000E+00  0.00000E+00  0.00000E+00  0.00000E+00  0.00000E+00  0.00000E+00  0.00000E+00  0.00000E+00  0.00000E+00  0.00000E+00  0.00000E+00  0.00000E+00  0.00000E+00  0.00000E+00  0.00000E+00  0.00000E+00  0.00000E+00  0.00000E+00  0.00000E+00  0.00000E+00  0.00000E+00  0.00000E+00
   20658   3  0.00000E+00  0.00000E+00  0.00000E+00  0.00000E+00  0.00000E+00  0.00000E+00  0.00000E+00  0.00000E+00  0.00000E+00  0.00000E+00  0.00000E+00  0.00000E+00  0.00000E+00  0.00000E+00  0.00000E+00  0.00000E+00  0.00000E+00  0.00000E+00  0.00000E+00  0.00000E+00  0.00000E+00  0.00000E+00  0.00000E+00  0.00000E+00
   21012   4  4.24587E-02  4.24587E-02  4.24587E-02  4.24587E-02  4.24587E-02  4.24587E-02  4.24587E-02  4.24587E-02  4.24587E-02  4.24587E-02  4.24587E-02  4.24587E-02  4.24587E-02  4.24587E-02  4.24587E-02  4.24587E-02  4.24587E-02  4.24587E-02  4.24587E-02  4.24587E-02  4.24587E-02  4.24587E-02  4.24587E-02  4.24587E-02
   21013   4  7.89058E-02  7.89058E-02  7.89058E-02  7.89058E-02  7.89058E-02  7.89058E-02  7.89058E-02  7.89058E-02  7.89058E-02  7.89058E-02  7.89058E-02  7.89058E-02  7.89058E-02  7.89058E-02  7.89058E-02  7.89058E-02  7.89058E-02  7.89058E-02  7.89058E-02  7.89058E-02  7.89058E-02  7.89058E-02  7.89058E-02  7.89058E-02
   20658   7  4.46685E+00  4.46685E+00  4.46685E+00  4.46685E+00  4.46685E+00  4.46685E+00  4.46685E+00  4.46685E+00  4.46685E+00  4.46685E+00  4.46685E+00  4.46685E+00  4.46685E+00  4.46685E+00  4.46685E+00  4.46685E+00  4.46685E+00  4.46685E+00  4.46685E+00  4.46685E+00  4.46685E+00  4.46685E+00  4.46685E+00  4.46685E+00
   21013   3  0.00000E+00  0.00000E+00  0.00000E+00  0.00000E+00  0.00000E+00  0.00000E+00  0.00000E+00  0.00000E+00  0.00000E+00  0.00000E+00  0.00000E+00  0.00000E+00  0.00000E+00  0.00000E+00  0.00000E+00  0.00000E+00  0.00000E+00  0.00000E+00  0.00000E+00  0.00000E+00  0.00000E+00  0.00000E+00  0.00000E+00  0.00000E+00
   20659   4  0.00000E+00  0.00000E+00  0.00000E+00  0.00000E+00  0.00000E+00  0.00000E+00  0.00000E+00  0.00000E+00  0.00000E+00  0.00000E+00  0.00000E+00  0.00000E+00  0.00000E+00  0.00000E+00  0.00000E+00  0.00000E+00  0.00000E+00  0.00000E+00  0.00000E+00  0.00000E+00  0.00000E+00  0.00000E+00  0.00000E+00  0.00000E+00
   20645   3  0.00000E+00  0.00000E+00  0.00000E+00  0.00000E+00  0.00000E+00  0.00000E+00  0.00000E+00  0.00000E+00  0.00000E+00  0.00000E+00  0.00000E+00  0.00000E+00  0.00000E+00  0.00000E+00  0.00000E+00  0.00000E+00  0.00000E+00  0.00000E+00  0.00000E+00  0.00000E+00  0.00000E+00  0.00000E+00  0.00000E+00  0.00000E+00
   18891   3  0.00000E+00  0.00000E+00  0.00000E+00  0.00000E+00  0.00000E+00  0.00000E+00  0.00000E+00  0.00000E+00  0.00000E+00  0.00000E+00  0.00000E+00  0.00000E+00  0.00000E+00  0.00000E+00  0.00000E+00  0.00000E+00  0.00000E+00  0.00000E+00  0.00000E+00  0.00000E+00  0.00000E+00  0.00000E+00  0.00000E+00  0.00000E+00
   19239   2  0.00000E+00  0.00000E+00  0.00000E+00  0.00000E+00  0.00000E+00  0.00000E+00  0.00000E+00  0.00000E+00  0.00000E+00  0.00000E+00  0.00000E+00  0.00000E+00  0.00000E+00  0.00000E+00  0.00000E+00  0.00000E+00  0.00000E+00  0.00000E+00  0.00000E+00  0.00000E+00  0.00000E+00  0.00000E+00  0.00000E+00  0.00000E+00
   19239   3  0.00000E+00  0.00000E+00  0.00000E+00  0.00000E+00  0.00000E+00  0.00000E+00  0.00000E+00  0.00000E+00  0.00000E+00  0.00000E+00  0.00000E+00  0.00000E+00  0.00000E+00  0.00000E+00  0.00000E+00  0.00000E+00  0.00000E+00  0.00000E+00  0.00000E+00  0.00000E+00  0.00000E+00  0.00000E+00  0.00000E+00  0.00000E+00
   20643   2  0.00000E+00  0.00000E+00  0.00000E+00  0.00000E+00  0.00000E+00  0.00000E+00  0.00000E+00  0.00000E+00  0.00000E+00  0.00000E+00  0.00000E+00  0.00000E+00  0.00000E+00  0.00000E+00  0.00000E+00  0.00000E+00  0.00000E+00  0.00000E+00  0.00000E+00  0.00000E+00  0.00000E+00  0.00000E+00  0.00000E+00  0.00000E+00
   20643   3  0.00000E+00  0.00000E+00  0.00000E+00  0.00000E+00  0.00000E+00  0.00000E+00  0.00000E+00  0.00000E+00  0.00000E+00  0.00000E+00  0.00000E+00  0.00000E+00  0.00000E+00  0.00000E+00  0.00000E+00  0.00000E+00  0.00000E+00  0.00000E+00  0.00000E+00  0.00000E+00  0.00000E+00  0.00000E+00  0.00000E+00  0.00000E+00
   19590   3  0.00000E+00  0.00000E+00  0.00000E+00  0.00000E+00  0.00000E+00  0.00000E+00  0.00000E+00  0.00000E+00  0.00000E+00  0.00000E+00  0.00000E+00  0.00000E+00  0.00000E+00  0.00000E+00  0.00000E+00  0.00000E+00  0.00000E+00  0.00000E+00  0.00000E+00  0.00000E+00  0.00000E+00  0.00000E+00  0.00000E+00  0.00000E+00
   19590   7  8.11160E+00  8.11160E+00  8.11160E+00  8.11160E+00  8.11160E+00  8.11160E+00  8.11160E+00  8.11160E+00  8.11160E+00  8.11160E+00  8.11160E+00  8.11160E+00  8.11160E+00  8.11160E+00  8.11160E+00  8.11160E+00  8.11160E+00  8.11160E+00  8.11160E+00  8.11160E+00  8.11160E+00  8.11160E+00  8.11160E+00  8.11160E+00
   21358   4  0.00000E+00  0.00000E+00  0.00000E+00  0.00000E+00  0.00000E+00  0.00000E+00  0.00000E+00  0.00000E+00  0.00000E+00  0.00000E+00  0.00000E+00  0.00000E+00  0.00000E+00  0.00000E+00  0.00000E+00  0.00000E+00  0.00000E+00  0.00000E+00  0.00000E+00  0.00000E+00  0.00000E+00  0.00000E+00  0.00000E+00  0.00000E+00
   22412   3  6.34097E-03  6.34097E-03  6.34097E-03  6.34097E-03  6.34097E-03  6.34097E-03  6.34097E-03  6.34097E-03  6.34097E-03  6.34097E-03  6.34097E-03  6.34097E-03  6.34097E-03  6.34097E-03  6.34097E-03  6.34097E-03  6.34097E-03  6.34097E-03  6.34097E-03  6.34097E-03  6.34097E-03  6.34097E-03  6.34097E-03  6.34097E-03
   22412   7  1.43294E+00  1.43294E+00  1.43294E+00  1.43294E+00  1.43294E+00  1.43294E+00  1.43294E+00  1.43294E+00  1.43294E+00  1.43294E+00  1.43294E+00  1.43294E+00  1.43294E+00  1.43294E+00  1.43294E+00  1.43294E+00  1.43294E+00  1.43294E+00  1.43294E+00  1.43294E+00  1.43294E+00  1.43294E+00  1.43294E+00  1.43294E+00
   19610   3  1.59441E-01  1.59441E-01  1.59441E-01  1.59441E-01  1.59441E-01  1.59441E-01  1.59441E-01  1.59441E-01  1.59441E-01  1.59441E-01  1.59441E-01  1.59441E-01  1.59441E-01  1.59441E-01  1.59441E-01  1.59441E-01  1.59441E-01  1.59441E-01  1.59441E-01  1.59441E-01  1.59441E-01  1.59441E-01  1.59441E-01  1.59441E-01
   16803   4  2.96454E-02  2.96454E-02  2.96454E-02  2.96454E-02  2.96454E-02  2.96454E-02  2.96454E-02  2.96454E-02  2.96454E-02  2.96454E-02  2.96454E-02  2.96454E-02  2.96454E-02  2.96454E-02  2.96454E-02  2.96454E-02  2.96454E-02  2.96454E-02  2.96454E-02  2.96454E-02  2.96454E-02  2.96454E-02  2.96454E-02  2.96454E-02
   16802   4  2.45890E-01  2.45890E-01  2.45890E-01  2.45890E-01  2.45890E-01  2.45890E-01  2.45890E-01  2.45890E-01  2.45890E-01  2.45890E-01  2.45890E-01  2.45890E-01  2.45890E-01  2.45890E-01  2.45890E-01  2.45890E-01  2.45890E-01  2.45890E-01  2.45890E-01  2.45890E-01  2.45890E-01  2.45890E-01  2.45890E-01  2.45890E-01
   17156   4  4.08190E-04  4.08190E-04  4.08190E-04  4.08190E-04  4.08190E-04  4.08190E-04  4.08190E-04  4.08190E-04  4.08190E-04  4.08190E-04  4.08190E-04  4.08190E-04  4.08190E-04  4.08190E-04  4.08190E-04  4.08190E-04  4.08190E-04  4.08190E-04  4.08190E-04  4.08190E-04  4.08190E-04  4.08190E-04  4.08190E-04  4.08190E-04
   17156   3  9.05658E-04  9.05658E-04  9.05658E-04  9.05658E-04  9.05658E-04  0.00000E+00  0.00000E+00  0.00000E+00  0.00000E+00  0.00000E+00  0.00000E+00  0.00000E+00  0.00000E+00  9.05658E-04  9.05658E-04  9.05658E-04  9.05658E-04  9.05658E-04  9.05658E-04  9.05658E-04  9.05658E-04  9.05658E-04  9.05658E-04  9.05658E-04
   17156   7  3.12633E+00  3.12633E+00  3.12633E+00  3.12633E+00  3.12633E+00  3.12633E+00  3.12633E+00  3.12633E+00  3.12633E+00  3.12633E+00  3.12633E+00  3.12633E+00  3.12633E+00  3.12633E+00  3.12633E+00  3.12633E+00  3.12633E+00  3.12633E+00  3.12633E+00  3.12633E+00  3.12633E+00  3.12633E+00  3.12633E+00  3.12633E+00
   17156   2  2.31149E-03  2.31149E-03  2.31149E-03  2.31149E-03  2.31149E-03  2.31149E-03  2.31149E-03  2.31149E-03  2.31149E-03  2.31149E-03  2.31149E-03  2.31149E-03  2.31149E-03  2.31149E-03  2.31149E-03  2.31149E-03  2.31149E-03  2.31149E-03  2.31149E-03  2.31149E-03  2.31149E-03  2.31149E-03  2.31149E-03  2.31149E-03
   17506   4  5.38277E+00  5.38277E+00  5.38277E+00  5.38277E+00  5.38277E+00  5.38277E+00  5.38277E+00  5.38277E+00  5.38277E+00  5.38277E+00  5.38277E+00  5.38277E+00  5.38277E+00  3.34035E+01  3.34035E+01  3.34035E+01  3.34035E+01  3.34035E+01  3.34035E+01  3.34035E+01  3.34035E+01  5.38277E+00  5.38277E+00  5.38277E+00
   17506   3  2.88291E+00  2.88291E+00  2.88291E+00  2.88291E+00  2.88291E+00  2.88291E+00  2.88291E+00  2.88291E+00  2.88291E+00  2.88291E+00  2.88291E+00  2.88291E+00  2.88291E+00  3.09039E+01  3.09039E+01  3.09039E+01  3.09039E+01  3.09039E+01  3.09039E+01  3.09039E+01  3.09039E+01  2.88291E+00  2.88291E+00  2.88291E+00
   17859   3  8.89712E+01  8.89712E+01  8.89712E+01  8.89712E+01  8.89712E+01  8.89712E+01  8.89712E+01  8.89712E+01  8.89712E+01  8.89712E+01  8.89712E+01  8.89712E+01  8.89712E+01  8.89712E+01  8.89712E+01  8.89712E+01  8.89712E+01  8.89712E+01  8.89712E+01  8.89712E+01  8.89712E+01  8.89712E+01  8.89712E+01  8.89712E+01
   17506   7  1.98548E+01  1.98548E+01  1.98548E+01  1.98548E+01  1.98548E+01  1.98548E+01  1.98548E+01  1.98548E+01  1.98548E+01  1.98548E+01  1.98548E+01  1.98548E+01  1.98548E+01  1.98548E+01  1.98548E+01  1.98548E+01  1.98548E+01  1.98548E+01  1.98548E+01  1.98548E+01  1.98548E+01  1.98548E+01  1.98548E+01  1.98548E+01
   17505   3  6.19892E-01  6.19892E-01  6.19892E-01  6.19892E-01  6.19892E-01  6.19892E-01  6.19892E-01  6.19892E-01  6.19892E-01  6.19892E-01  6.19892E-01  6.19892E-01  6.19892E-01  6.19892E-01  6.19892E-01  6.19892E-01  6.19892E-01  6.19892E-01  6.19892E-01  6.19892E-01  6.19892E-01  6.19892E-01  6.19892E-01  6.19892E-01
   17153   2  1.12301E+00  1.12301E+00  1.12301E+00  1.12301E+00  1.12301E+00  1.12301E+00  1.12301E+00  1.12301E+00  1.12301E+00  1.12301E+00  1.12301E+00  1.12301E+00  1.12301E+00  1.12301E+00  1.12301E+00  1.12301E+00  1.12301E+00  1.12301E+00  1.12301E+00  1.12301E+00  1.12301E+00  1.12301E+00  1.12301E+00  1.12301E+00
   17506   5  0.00000E+00  0.00000E+00  0.00000E+00  0.00000E+00  0.00000E+00  0.00000E+00  0.00000E+00  0.00000E+00  0.00000E+00  0.00000E+00  0.00000E+00  0.00000E+00  0.00000E+00  6.22683E+00  6.22683E+00  6.22683E+00  6.22683E+00  6.22683E+00  6.22683E+00  6.22683E+00  6.22683E+00  0.00000E+00  0.00000E+00  0.00000E+00
   18212   4  0.00000E+00  0.00000E+00  0.00000E+00  0.00000E+00  0.00000E+00  0.00000E+00  0.00000E+00  0.00000E+00  0.00000E+00  0.00000E+00  0.00000E+00  0.00000E+00  0.00000E+00  0.00000E+00  0.00000E+00  0.00000E+00  0.00000E+00  0.00000E+00  0.00000E+00  0.00000E+00  0.00000E+00  0.00000E+00  0.00000E+00  0.00000E+00
   17510   4  7.03650E-02  7.03650E-02  7.03650E-02  7.03650E-02  7.03650E-02  7.03650E-02  7.03650E-02  7.03650E-02  7.03650E-02  7.03650E-02  7.03650E-02  7.03650E-02  7.03650E-02  7.03650E-02  7.03650E-02  7.03650E-02  7.03650E-02  7.03650E-02  7.03650E-02  7.03650E-02  7.03650E-02  7.03650E-02  7.03650E-02  7.03650E-02
   16447   2  0.00000E+00  0.00000E+00  0.00000E+00  0.00000E+00  0.00000E+00  0.00000E+00  0.00000E+00  0.00000E+00  0.00000E+00  0.00000E+00  0.00000E+00  0.00000E+00  0.00000E+00  0.00000E+00  0.00000E+00  0.00000E+00  0.00000E+00  0.00000E+00  0.00000E+00  0.00000E+00  0.00000E+00  0.00000E+00  0.00000E+00  0.00000E+00
   16447   3  0.00000E+00  0.00000E+00  0.00000E+00  0.00000E+00  0.00000E+00  0.00000E+00  0.00000E+00  0.00000E+00  0.00000E+00  0.00000E+00  0.00000E+00  0.00000E+00  0.00000E+00  0.00000E+00  0.00000E+00  0.00000E+00  0.00000E+00  0.00000E+00  0.00000E+00  0.00000E+00  0.00000E+00  0.00000E+00  0.00000E+00  0.00000E+00
   32968   7  2.45080E+00  2.45080E+00  2.45080E+00  2.45080E+00  2.45080E+00  2.45080E+00  2.45080E+00  2.45080E+00  2.45080E+00  2.45080E+00  2.45080E+00  2.45080E+00  2.45080E+00  2.45080E+00  2.45080E+00  2.45080E+00  2.45080E+00  2.45080E+00  2.45080E+00  2.45080E+00  2.45080E+00  2.45080E+00  2.45080E+00  2.45080E+00
   32968   3  0.00000E+00  0.00000E+00  0.00000E+00  0.00000E+00  0.00000E+00  0.00000E+00  0.00000E+00  0.00000E+00  0.00000E+00  0.00000E+00  0.00000E+00  0.00000E+00  0.00000E+00  0.00000E+00  0.00000E+00  0.00000E+00  0.00000E+00  0.00000E+00  0.00000E+00  0.00000E+00  0.00000E+00  0.00000E+00  0.00000E+00  0.00000E+00
   29089   4  1.50335E-03  1.50335E-03  1.50335E-03  1.50335E-03  1.50335E-03  1.50335E-03  1.50335E-03  1.50335E-03  1.50335E-03  1.50335E-03  1.50335E-03  1.50335E-03  1.50335E-03  1.50335E-03  1.50335E-03  1.50335E-03  1.50335E-03  1.50335E-03  1.50335E-03  1.50335E-03  1.50335E-03  1.50335E-03  1.50335E-03  1.50335E-03
   29089   2  0.00000E+00  0.00000E+00  0.00000E+00  0.00000E+00  0.00000E+00  0.00000E+00  0.00000E+00  0.00000E+00  0.00000E+00  0.00000E+00  0.00000E+00  0.00000E+00  0.00000E+00  0.00000E+00  0.00000E+00  0.00000E+00  0.00000E+00  0.00000E+00  0.00000E+00  0.00000E+00  0.00000E+00  0.00000E+00  0.00000E+00  0.00000E+00
   29089   3  7.01256E-03  7.01256E-03  7.01256E-03  7.01256E-03  7.01256E-03  7.01256E-03  7.01256E-03  7.01256E-03  7.01256E-03  7.01256E-03  7.01256E-03  7.01256E-03  7.01256E-03  7.01256E-03  7.01256E-03  7.01256E-03  7.01256E-03  7.01256E-03  7.01256E-03  7.01256E-03  7.01256E-03  7.01256E-03  7.01256E-03  7.01256E-03
   29089   7  2.85469E+00  2.85469E+00  2.85469E+00  2.85469E+00  2.85469E+00  2.85469E+00  2.85469E+00  2.85469E+00  2.85469E+00  2.85469E+00  2.85469E+00  2.85469E+00  2.85469E+00  2.85469E+00  2.85469E+00  2.85469E+00  2.85469E+00  2.85469E+00  2.85469E+00  2.85469E+00  2.85469E+00  2.85469E+00  2.85469E+00  2.85469E+00
   15772   3  0.00000E+00  0.00000E+00  0.00000E+00  0.00000E+00  0.00000E+00  0.00000E+00  0.00000E+00  0.00000E+00  0.00000E+00  0.00000E+00  0.00000E+00  0.00000E+00  0.00000E+00  0.00000E+00  0.00000E+00  0.00000E+00  0.00000E+00  0.00000E+00  0.00000E+00  0.00000E+00  0.00000E+00  0.00000E+00  0.00000E+00  0.00000E+00
   15772   2  0.00000E+00  0.00000E+00  0.00000E+00  0.00000E+00  0.00000E+00  0.00000E+00  0.00000E+00  0.00000E+00  0.00000E+00  0.00000E+00  0.00000E+00  0.00000E+00  0.00000E+00  0.00000E+00  0.00000E+00  0.00000E+00  0.00000E+00  0.00000E+00  0.00000E+00  0.00000E+00  0.00000E+00  0.00000E+00  0.00000E+00  0.00000E+00
   16476   4  2.25192E-03  2.25192E-03  2.25192E-03  2.25192E-03  2.25192E-03  2.25192E-03  2.25192E-03  2.25192E-03  2.25192E-03  2.25192E-03  2.25192E-03  2.25192E-03  2.25192E-03  2.25192E-03  2.25192E-03  2.25192E-03  2.25192E-03  2.25192E-03  2.25192E-03  2.25192E-03  2.25192E-03  2.25192E-03  2.25192E-03  2.25192E-03
   16476   3  0.00000E+00  0.00000E+00  0.00000E+00  0.00000E+00  0.00000E+00  0.00000E+00  0.00000E+00  0.00000E+00  0.00000E+00  0.00000E+00  0.00000E+00  0.00000E+00  0.00000E+00  0.00000E+00  0.00000E+00  0.00000E+00  0.00000E+00  0.00000E+00  0.00000E+00  0.00000E+00  0.00000E+00  0.00000E+00  0.00000E+00  0.00000E+00
    7320   4  0.00000E+00  0.00000E+00  0.00000E+00  0.00000E+00  0.00000E+00  0.00000E+00  0.00000E+00  0.00000E+00  0.00000E+00  0.00000E+00  0.00000E+00  0.00000E+00  0.00000E+00  0.00000E+00  0.00000E+00  0.00000E+00  0.00000E+00  0.00000E+00  0.00000E+00  0.00000E+00  0.00000E+00  0.00000E+00  0.00000E+00  0.00000E+00
   10496   2  4.55325E-02  4.55325E-02  4.55325E-02  4.55325E-02  4.55325E-02  4.55325E-02  4.55325E-02  4.55325E-02  4.55325E-02  4.55325E-02  4.55325E-02  4.55325E-02  4.55325E-02  4.55325E-02  4.55325E-02  4.55325E-02  4.55325E-02  4.55325E-02  4.55325E-02  4.55325E-02  4.55325E-02  4.55325E-02  4.55325E-02  4.55325E-02
   10496   3  2.09146E-02  2.09146E-02  2.09146E-02  2.09146E-02  2.09146E-02  2.09146E-02  2.09146E-02  2.09146E-02  2.09146E-02  2.09146E-02  2.09146E-02  2.09146E-02  2.09146E-02  2.09146E-02  2.09146E-02  2.09146E-02  2.09146E-02  2.09146E-02  2.09146E-02  2.09146E-02  2.09146E-02  2.09146E-02  2.09146E-02  2.09146E-02
   10122   3  3.70504E-01  3.70504E-01  3.70504E-01  3.70504E-01  3.70504E-01  3.70504E-01  3.70504E-01  3.70504E-01  3.70504E-01  3.70504E-01  3.70504E-01  3.70504E-01  3.70504E-01  3.70504E-01  3.70504E-01  3.70504E-01  3.70504E-01  3.70504E-01  3.70504E-01  3.70504E-01  3.70504E-01  3.70504E-01  3.70504E-01  3.70504E-01
   10122   5  0.00000E+00  0.00000E+00  0.00000E+00  0.00000E+00  0.00000E+00  0.00000E+00  0.00000E+00  0.00000E+00  0.00000E+00  0.00000E+00  0.00000E+00  0.00000E+00  0.00000E+00  0.00000E+00  0.00000E+00  0.00000E+00  0.00000E+00  0.00000E+00  0.00000E+00  0.00000E+00  0.00000E+00  0.00000E+00  0.00000E+00  0.00000E+00
    6258   1  0.00000E+00  0.00000E+00  0.00000E+00  0.00000E+00  0.00000E+00  0.00000E+00  0.00000E+00  0.00000E+00  0.00000E+00  0.00000E+00  0.00000E+00  0.00000E+00  0.00000E+00  0.00000E+00  0.00000E+00  0.00000E+00  0.00000E+00  0.00000E+00  0.00000E+00  0.00000E+00  0.00000E+00  0.00000E+00  0.00000E+00  0.00000E+00
    6258   2  0.00000E+00  0.00000E+00  0.00000E+00  0.00000E+00  0.00000E+00  0.00000E+00  0.00000E+00  0.00000E+00  0.00000E+00  0.00000E+00  0.00000E+00  0.00000E+00  0.00000E+00  0.00000E+00  0.00000E+00  0.00000E+00  0.00000E+00  0.00000E+00  0.00000E+00  0.00000E+00  0.00000E+00  0.00000E+00  0.00000E+00  0.00000E+00
    6258   3  0.00000E+00  0.00000E+00  0.00000E+00  0.00000E+00  0.00000E+00  0.00000E+00  0.00000E+00  0.00000E+00  0.00000E+00  0.00000E+00  0.00000E+00  0.00000E+00  0.00000E+00  0.00000E+00  0.00000E+00  0.00000E+00  0.00000E+00  0.00000E+00  0.00000E+00  0.00000E+00  0.00000E+00  0.00000E+00  0.00000E+00  0.00000E+00
    6258   4  5.19751E+00  5.19751E+00  5.19751E+00  5.19751E+00  5.19751E+00  5.19751E+00  5.19751E+00  5.19751E+00  5.19751E+00  5.19751E+00  5.19751E+00  5.19751E+00  5.19751E+00  5.19751E+00  5.19751E+00  5.19751E+00  5.19751E+00  5.19751E+00  5.19751E+00  5.19751E+00  5.19751E+00  5.19751E+00  5.19751E+00  5.19751E+00
    6258   7  1.45273E+01  1.45273E+01  1.45273E+01  1.45273E+01  1.45273E+01  1.45273E+01  1.45273E+01  1.45273E+01  1.45273E+01  1.45273E+01  1.45273E+01  1.45273E+01  1.45273E+01  1.45273E+01  1.45273E+01  1.45273E+01  1.45273E+01  1.45273E+01  1.45273E+01  1.45273E+01  1.45273E+01  1.45273E+01  1.45273E+01  1.45273E+01
    9417   4  5.39592E-04  5.39592E-04  5.39592E-04  5.39592E-04  5.39592E-04  5.39592E-04  5.39592E-04  5.39592E-04  5.39592E-04  5.39592E-04  5.39592E-04  5.39592E-04  5.39592E-04  5.39592E-04  5.39592E-04  5.39592E-04  5.39592E-04  5.39592E-04  5.39592E-04  5.39592E-04  5.39592E-04  5.39592E-04  5.39592E-04  5.39592E-04
   10122   4  1.02145E-04  1.02145E-04  1.02145E-04  1.02145E-04  1.02145E-04  1.02145E-04  1.02145E-04  1.02145E-04  1.02145E-04  1.02145E-04  1.02145E-04  1.02145E-04  1.02145E-04  1.02145E-04  1.02145E-04  1.02145E-04  1.02145E-04  1.02145E-04  1.02145E-04  1.02145E-04  1.02145E-04  1.02145E-04  1.02145E-04  1.02145E-04
   14365   3  9.44131E+00  9.44131E+00  9.44131E+00  9.44131E+00  9.44131E+00  9.44131E+00  9.44131E+00  9.44131E+00  9.44131E+00  9.44131E+00  9.44131E+00  9.44131E+00  9.44131E+00  9.44131E+00  9.44131E+00  9.44131E+00  9.44131E+00  9.44131E+00  9.44131E+00  9.44131E+00  9.44131E+00  9.44131E+00  9.44131E+00  9.44131E+00
   11525   4  1.11190E-02  1.11190E-02  1.11190E-02  1.11190E-02  1.11190E-02  1.11190E-02  1.11190E-02  1.11190E-02  1.11190E-02  1.11190E-02  1.11190E-02  1.11190E-02  1.11190E-02  1.11190E-02  1.11190E-02  1.11190E-02  1.11190E-02  1.11190E-02  1.11190E-02  1.11190E-02  1.11190E-02  1.11190E-02  1.11190E-02  1.11190E-02
    8358   7  7.46793E+00  7.46793E+00  7.46793E+00  7.46793E+00  7.46793E+00  7.46793E+00  7.46793E+00  7.46793E+00  7.46793E+00  7.46793E+00  7.46793E+00  7.46793E+00  7.46793E+00  7.46793E+00  7.46793E+00  7.46793E+00  7.46793E+00  7.46793E+00  7.46793E+00  7.46793E+00  7.46793E+00  7.46793E+00  7.46793E+00  7.46793E+00
    9771   3  1.03614E-05  1.03614E-05  1.03614E-05  1.03614E-05  1.03614E-05  0.00000E+00  0.00000E+00  0.00000E+00  0.00000E+00  0.00000E+00  0.00000E+00  0.00000E+00  0.00000E+00  1.03614E-05  1.03614E-05  1.03614E-05  1.03614E-05  1.03614E-05  1.03614E-05  1.03614E-05  1.03614E-05  1.03614E-05  1.03614E-05  1.03614E-05
    6609   3  0.00000E+00  0.00000E+00  0.00000E+00  0.00000E+00  0.00000E+00  0.00000E+00  0.00000E+00  0.00000E+00  0.00000E+00  0.00000E+00  0.00000E+00  0.00000E+00  0.00000E+00  0.00000E+00  0.00000E+00  0.00000E+00  0.00000E+00  0.00000E+00  0.00000E+00  0.00000E+00  0.00000E+00  0.00000E+00  0.00000E+00  0.00000E+00
   11870   4  1.02417E-01  1.02417E-01  1.02417E-01  1.02417E-01  1.02417E-01  1.02417E-01  1.02417E-01  1.02417E-01  1.02417E-01  1.02417E-01  1.02417E-01  1.02417E-01  1.02417E-01  1.02417E-01  1.02417E-01  1.02417E-01  1.02417E-01  1.02417E-01  1.02417E-01  1.02417E-01  1.02417E-01  1.02417E-01  1.02417E-01  1.02417E-01
   11870   3  0.00000E+00  0.00000E+00  0.00000E+00  0.00000E+00  0.00000E+00  0.00000E+00  0.00000E+00  0.00000E+00  0.00000E+00  0.00000E+00  0.00000E+00  0.00000E+00  0.00000E+00  0.00000E+00  0.00000E+00  0.00000E+00  0.00000E+00  0.00000E+00  0.00000E+00  0.00000E+00  0.00000E+00  0.00000E+00  0.00000E+00  0.00000E+00
   11870   2  0.00000E+00  0.00000E+00  0.00000E+00  0.00000E+00  0.00000E+00  0.00000E+00  0.00000E+00  0.00000E+00  0.00000E+00  0.00000E+00  0.00000E+00  0.00000E+00  0.00000E+00  0.00000E+00  0.00000E+00  0.00000E+00  0.00000E+00  0.00000E+00  0.00000E+00  0.00000E+00  0.00000E+00  0.00000E+00  0.00000E+00  0.00000E+00
   10124   4  2.39881E-04  2.39881E-04  2.39881E-04  2.39881E-04  2.39881E-04  2.39881E-04  2.39881E-04  2.39881E-04  2.39881E-04  2.39881E-04  2.39881E-04  2.39881E-04  2.39881E-04  2.39881E-04  2.39881E-04  2.39881E-04  2.39881E-04  2.39881E-04  2.39881E-04  2.39881E-04  2.39881E-04  2.39881E-04  2.39881E-04  2.39881E-04
   18579   3  4.48661E-05  4.48661E-05  4.48661E-05  4.48661E-05  4.48661E-05  4.48661E-05  4.48661E-05  4.48661E-05  4.48661E-05  4.48661E-05  4.48661E-05  4.48661E-05  4.48661E-05  4.48661E-05  4.48661E-05  4.48661E-05  4.48661E-05  4.48661E-05  4.48661E-05  4.48661E-05  4.48661E-05  4.48661E-05  4.48661E-05  4.48661E-05
   18225   4  0.00000E+00  0.00000E+00  0.00000E+00  0.00000E+00  0.00000E+00  0.00000E+00  0.00000E+00  0.00000E+00  0.00000E+00  0.00000E+00  0.00000E+00  0.00000E+00  0.00000E+00  9.32198E-03  9.32198E-03  9.32198E-03  9.32198E-03  9.32198E-03  9.32198E-03  9.32198E-03  9.32198E-03  0.00000E+00  0.00000E+00  0.00000E+00
   18225   3  1.53885E-01  1.53885E-01  1.53885E-01  1.53885E-01  1.53885E-01  1.53885E-01  1.53885E-01  1.53885E-01  1.53885E-01  1.53885E-01  1.53885E-01  1.53885E-01  1.53885E-01  1.53885E-01  1.53885E-01  1.53885E-01  1.53885E-01  1.53885E-01  1.53885E-01  1.53885E-01  1.53885E-01  1.53885E-01  1.53885E-01  1.53885E-01
   15059   3  0.00000E+00  0.00000E+00  0.00000E+00  0.00000E+00  0.00000E+00  0.00000E+00  0.00000E+00  0.00000E+00  0.00000E+00  0.00000E+00  0.00000E+00  0.00000E+00  0.00000E+00  0.00000E+00  0.00000E+00  0.00000E+00  0.00000E+00  0.00000E+00  0.00000E+00  0.00000E+00  0.00000E+00  0.00000E+00  0.00000E+00  0.00000E+00
   18576   4  1.03116E-01  1.03116E-01  1.03116E-01  1.03116E-01  1.03116E-01  1.03116E-01  1.03116E-01  1.03116E-01  1.03116E-01  1.03116E-01  1.03116E-01  1.03116E-01  1.03116E-01  1.03116E-01  1.03116E-01  1.03116E-01  1.03116E-01  1.03116E-01  1.03116E-01  1.03116E-01  1.03116E-01  1.03116E-01  1.03116E-01  1.03116E-01
   18576   3  1.53535E-01  1.53535E-01  1.53535E-01  1.53535E-01  1.53535E-01  1.53535E-01  1.53535E-01  1.53535E-01  1.53535E-01  1.53535E-01  1.53535E-01  1.53535E-01  1.53535E-01  1.53535E-01  1.53535E-01  1.53535E-01  1.53535E-01  1.53535E-01  1.53535E-01  1.53535E-01  1.53535E-01  1.53535E-01  1.53535E-01  1.53535E-01
   18576   1  4.03943E-03  4.03943E-03  4.03943E-03  4.03943E-03  4.03943E-03  4.03943E-03  4.03943E-03  4.03943E-03  4.03943E-03  4.03943E-03  4.03943E-03  4.03943E-03  4.03943E-03  4.03943E-03  4.03943E-03  4.03943E-03  4.03943E-03  4.03943E-03  4.03943E-03  4.03943E-03  4.03943E-03  4.03943E-03  4.03943E-03  4.03943E-03
   15747   3  0.00000E+00  0.00000E+00  0.00000E+00  0.00000E+00  0.00000E+00  0.00000E+00  0.00000E+00  0.00000E+00  0.00000E+00  0.00000E+00  0.00000E+00  0.00000E+00  0.00000E+00  0.00000E+00  0.00000E+00  0.00000E+00  0.00000E+00  0.00000E+00  0.00000E+00  0.00000E+00  0.00000E+00  0.00000E+00  0.00000E+00  0.00000E+00
   15747   2  0.00000E+00  0.00000E+00  0.00000E+00  0.00000E+00  0.00000E+00  0.00000E+00  0.00000E+00  0.00000E+00  0.00000E+00  0.00000E+00  0.00000E+00  0.00000E+00  0.00000E+00  0.00000E+00  0.00000E+00  0.00000E+00  0.00000E+00  0.00000E+00  0.00000E+00  0.00000E+00  0.00000E+00  0.00000E+00  0.00000E+00  0.00000E+00
   13638   3  0.00000E+00  0.00000E+00  0.00000E+00  0.00000E+00  0.00000E+00  0.00000E+00  0.00000E+00  0.00000E+00  0.00000E+00  0.00000E+00  0.00000E+00  0.00000E+00  0.00000E+00  0.00000E+00  0.00000E+00  0.00000E+00  0.00000E+00  0.00000E+00  0.00000E+00  0.00000E+00  0.00000E+00  0.00000E+00  0.00000E+00  0.00000E+00
   18926   4  1.25952E-02  1.25952E-02  1.25952E-02  1.25952E-02  1.25952E-02  1.25952E-02  1.25952E-02  1.25952E-02  1.25952E-02  1.25952E-02  1.25952E-02  1.25952E-02  1.25952E-02  1.25952E-02  1.25952E-02  1.25952E-02  1.25952E-02  1.25952E-02  1.25952E-02  1.25952E-02  1.25952E-02  1.25952E-02  1.25952E-02  1.25952E-02
   22115   4  6.15052E-05  6.15052E-05  6.15052E-05  6.15052E-05  6.15052E-05  6.15052E-05  6.15052E-05  6.15052E-05  6.15052E-05  6.15052E-05  6.15052E-05  6.15052E-05  6.15052E-05  6.15052E-05  6.15052E-05  6.15052E-05  6.15052E-05  6.15052E-05  6.15052E-05  6.15052E-05  6.15052E-05  6.15052E-05  6.15052E-05  6.15052E-05
   15750   4  2.45181E-02  2.45181E-02  2.45181E-02  2.45181E-02  2.45181E-02  2.45181E-02  2.45181E-02  2.45181E-02  2.45181E-02  2.45181E-02  2.45181E-02  2.45181E-02  2.45181E-02  2.45181E-02  2.45181E-02  2.45181E-02  2.45181E-02  2.45181E-02  2.45181E-02  2.45181E-02  2.45181E-02  2.45181E-02  2.45181E-02  2.45181E-02
   16455   4  3.59239E-02  3.59239E-02  3.59239E-02  3.59239E-02  3.59239E-02  3.59239E-02  3.59239E-02  3.59239E-02  3.59239E-02  3.59239E-02  3.59239E-02  3.59239E-02  3.59239E-02  3.59239E-02  3.59239E-02  3.59239E-02  3.59239E-02  3.59239E-02  3.59239E-02  3.59239E-02  3.59239E-02  3.59239E-02  3.59239E-02  3.59239E-02
   18223   3  2.55582E-01  2.55582E-01  2.55582E-01  2.55582E-01  2.55582E-01  2.55582E-01  2.55582E-01  2.55582E-01  2.55582E-01  2.55582E-01  2.55582E-01  2.55582E-01  2.55582E-01  2.55582E-01  2.55582E-01  2.55582E-01  2.55582E-01  2.55582E-01  2.55582E-01  2.55582E-01  2.55582E-01  2.55582E-01  2.55582E-01  2.55582E-01
   18224   4  4.42755E+00  4.42755E+00  4.42755E+00  4.42755E+00  4.42755E+00  4.42755E+00  4.42755E+00  4.42755E+00  4.42755E+00  4.42755E+00  4.42755E+00  4.42755E+00  4.42755E+00  8.22297E+01  8.22297E+01  8.22297E+01  8.22297E+01  8.22297E+01  8.22297E+01  8.22297E+01  8.22297E+01  4.42755E+00  4.42755E+00  4.42755E+00
   18930   4  2.69329E-01  2.69329E-01  2.69329E-01  2.69329E-01  2.69329E-01  2.69329E-01  2.69329E-01  2.69329E-01  2.69329E-01  2.69329E-01  2.69329E-01  2.69329E-01  2.69329E-01  2.69329E-01  2.69329E-01  2.69329E-01  2.69329E-01  2.69329E-01  2.69329E-01  2.69329E-01  2.69329E-01  2.69329E-01  2.69329E-01  2.69329E-01
   18224   5  0.00000E+00  0.00000E+00  0.00000E+00  0.00000E+00  0.00000E+00  0.00000E+00  0.00000E+00  0.00000E+00  0.00000E+00  0.00000E+00  0.00000E+00  0.00000E+00  0.00000E+00  1.72894E+01  1.72894E+01  1.72894E+01  1.72894E+01  1.72894E+01  1.72894E+01  1.72894E+01  1.72894E+01  0.00000E+00  0.00000E+00  0.00000E+00
   18577   3  0.00000E+00  0.00000E+00  0.00000E+00  0.00000E+00  0.00000E+00  0.00000E+00  0.00000E+00  0.00000E+00  0.00000E+00  0.00000E+00  0.00000E+00  0.00000E+00  0.00000E+00  7.25476E-05  7.25476E-05  7.25476E-05  7.25476E-05  7.25476E-05  7.25476E-05  7.25476E-05  7.25476E-05  0.00000E+00  0.00000E+00  0.00000E+00
   18223   4  9.79944E-01  9.79944E-01  9.79944E-01  9.79944E-01  9.79944E-01  9.79944E-01  9.79944E-01  9.79944E-01  9.79944E-01  9.79944E-01  9.79944E-01  9.79944E-01  9.79944E-01  1.02451E+00  1.02451E+00  1.02451E+00  1.02451E+00  1.02451E+00  1.02451E+00  1.02451E+00  1.02451E+00  9.79944E-01  9.79944E-01  9.79944E-01
   18224   3  1.58388E-01  1.58388E-01  1.55919E-01  1.55919E-01  1.55919E-01  1.55919E-01  1.55919E-01  1.55919E-01  1.55919E-01  1.55919E-01  1.55919E-01  1.55919E-01  1.55919E-01  7.79605E+01  7.79605E+01  7.79605E+01  7.79605E+01  7.79605E+01  7.79605E+01  7.79605E+01  7.79605E+01  1.58388E-01  1.58388E-01  1.58388E-01
   18223   5  0.00000E+00  0.00000E+00  0.00000E+00  0.00000E+00  0.00000E+00  0.00000E+00  0.00000E+00  0.00000E+00  0.00000E+00  0.00000E+00  0.00000E+00  0.00000E+00  0.00000E+00  0.00000E+00  0.00000E+00  0.00000E+00  0.00000E+00  0.00000E+00  0.00000E+00  0.00000E+00  0.00000E+00  0.00000E+00  0.00000E+00  0.00000E+00
   18577   4  3.76733E+00  3.76733E+00  3.76733E+00  3.76733E+00  3.76733E+00  3.76733E+00  3.76733E+00  3.76733E+00  3.76733E+00  3.76733E+00  3.76733E+00  3.76733E+00  3.76733E+00  3.76733E+00  3.76733E+00  3.76733E+00  3.76733E+00  3.76733E+00  3.76733E+00  3.76733E+00  3.76733E+00  3.76733E+00  3.76733E+00  3.76733E+00
   18576   5  0.00000E+00  0.00000E+00  0.00000E+00  0.00000E+00  0.00000E+00  0.00000E+00  0.00000E+00  0.00000E+00  0.00000E+00  0.00000E+00  0.00000E+00  0.00000E+00  0.00000E+00  0.00000E+00  0.00000E+00  0.00000E+00  0.00000E+00  0.00000E+00  0.00000E+00  0.00000E+00  0.00000E+00  0.00000E+00  0.00000E+00  0.00000E+00
   18223   7  0.00000E+00  0.00000E+00  0.00000E+00  0.00000E+00  0.00000E+00  0.00000E+00  0.00000E+00  0.00000E+00  0.00000E+00  0.00000E+00  0.00000E+00  0.00000E+00  0.00000E+00  1.47784E-03  1.47784E-03  1.47784E-03  1.47784E-03  1.47784E-03  1.47784E-03  1.47784E-03  1.47784E-03  0.00000E+00  0.00000E+00  0.00000E+00
   18576   7  0.00000E+00  0.00000E+00  0.00000E+00  0.00000E+00  0.00000E+00  0.00000E+00  0.00000E+00  0.00000E+00  0.00000E+00  0.00000E+00  0.00000E+00  0.00000E+00  0.00000E+00  4.16175E-02  4.16175E-02  4.16175E-02  4.16175E-02  4.16175E-02  4.16175E-02  4.16175E-02  4.16175E-02  0.00000E+00  0.00000E+00  0.00000E+00
   18222   3  0.00000E+00  0.00000E+00  0.00000E+00  0.00000E+00  0.00000E+00  0.00000E+00  0.00000E+00  0.00000E+00  0.00000E+00  0.00000E+00  0.00000E+00  0.00000E+00  0.00000E+00  0.00000E+00  0.00000E+00  0.00000E+00  0.00000E+00  0.00000E+00  0.00000E+00  0.00000E+00  0.00000E+00  0.00000E+00  0.00000E+00  0.00000E+00
   19280   3  1.44858E-01  1.44858E-01  1.44858E-01  1.44858E-01  1.44858E-01  1.44858E-01  1.44858E-01  1.44858E-01  1.44858E-01  1.44858E-01  1.44858E-01  1.44858E-01  1.44858E-01  1.44858E-01  1.44858E-01  1.44858E-01  1.44858E-01  1.44858E-01  1.44858E-01  1.44858E-01  1.44858E-01  1.44858E-01  1.44858E-01  1.44858E-01
   19280   4  3.91274E-01  3.91274E-01  3.91274E-01  3.91274E-01  3.91274E-01  3.91274E-01  3.91274E-01  3.91274E-01  3.91274E-01  3.91274E-01  3.91274E-01  3.91274E-01  3.91274E-01  1.85031E+01  1.85031E+01  1.85031E+01  1.85031E+01  1.85031E+01  1.85031E+01  1.85031E+01  1.85031E+01  3.91274E-01  3.91274E-01  3.91274E-01
   19279   4  4.70116E+00  4.70116E+00  4.70116E+00  4.70116E+00  4.70116E+00  4.70116E+00  4.70116E+00  4.70116E+00  4.70116E+00  4.70116E+00  4.70116E+00  4.70116E+00  4.70116E+00  4.70116E+00  4.70116E+00  4.70116E+00  4.70116E+00  4.70116E+00  4.70116E+00  4.70116E+00  4.70116E+00  4.70116E+00  4.70116E+00  4.70116E+00
   18928   3  0.00000E+00  0.00000E+00  0.00000E+00  0.00000E+00  0.00000E+00  0.00000E+00  0.00000E+00  0.00000E+00  0.00000E+00  0.00000E+00  0.00000E+00  0.00000E+00  0.00000E+00  0.00000E+00  0.00000E+00  0.00000E+00  0.00000E+00  0.00000E+00  0.00000E+00  0.00000E+00  0.00000E+00  0.00000E+00  0.00000E+00  0.00000E+00
   18928   4  1.73748E-01  1.73748E-01  1.73748E-01  1.73748E-01  1.73748E-01  1.73748E-01  1.73748E-01  1.73748E-01  1.73748E-01  1.73748E-01  1.73748E-01  1.73748E-01  1.73748E-01  1.73748E-01  1.73748E-01  1.73748E-01  1.73748E-01  1.73748E-01  1.73748E-01  1.73748E-01  1.73748E-01  1.73748E-01  1.73748E-01  1.73748E-01
   18575   4  2.09540E-03  2.09540E-03  2.09540E-03  2.09540E-03  2.09540E-03  2.09540E-03  2.09540E-03  2.09540E-03  2.09540E-03  2.09540E-03  2.09540E-03  2.09540E-03  2.09540E-03  2.09540E-03  2.09540E-03  2.09540E-03  2.09540E-03  2.09540E-03  2.09540E-03  2.09540E-03  2.09540E-03  2.09540E-03  2.09540E-03  2.09540E-03
   18222   4  2.61965E-03  2.61965E-03  2.61965E-03  2.61965E-03  2.61965E-03  2.61965E-03  2.61965E-03  2.61965E-03  2.61965E-03  2.61965E-03  2.61965E-03  2.61965E-03  2.61965E-03  2.61965E-03  2.61965E-03  2.61965E-03  2.61965E-03  2.61965E-03  2.61965E-03  2.61965E-03  2.61965E-03  2.61965E-03  2.61965E-03  2.61965E-03
   18575   3  0.00000E+00  0.00000E+00  0.00000E+00  0.00000E+00  0.00000E+00  0.00000E+00  0.00000E+00  0.00000E+00  0.00000E+00  0.00000E+00  0.00000E+00  0.00000E+00  0.00000E+00  0.00000E+00  0.00000E+00  0.00000E+00  0.00000E+00  0.00000E+00  0.00000E+00  0.00000E+00  0.00000E+00  0.00000E+00  0.00000E+00  0.00000E+00
   15401   3  0.00000E+00  0.00000E+00  0.00000E+00  0.00000E+00  0.00000E+00  0.00000E+00  0.00000E+00  0.00000E+00  0.00000E+00  0.00000E+00  0.00000E+00  0.00000E+00  0.00000E+00  0.00000E+00  0.00000E+00  0.00000E+00  0.00000E+00  0.00000E+00  0.00000E+00  0.00000E+00  0.00000E+00  0.00000E+00  0.00000E+00  0.00000E+00
   16114   7  1.73795E+01  1.73795E+01  1.73795E+01  1.73795E+01  1.73795E+01  1.73795E+01  1.73795E+01  1.73795E+01  1.73795E+01  1.73795E+01  1.73795E+01  1.73795E+01  1.73795E+01  1.73795E+01  1.73795E+01  1.73795E+01  1.73795E+01  1.73795E+01  1.73795E+01  1.73795E+01  1.73795E+01  1.73795E+01  1.73795E+01  1.73795E+01
   15761   3  9.30580E-02  9.30580E-02  9.30580E-02  9.30580E-02  9.30580E-02  0.00000E+00  0.00000E+00  0.00000E+00  0.00000E+00  0.00000E+00  0.00000E+00  0.00000E+00  0.00000E+00  9.30580E-02  9.30580E-02  9.30580E-02  9.30580E-02  9.30580E-02  9.30580E-02  9.30580E-02  9.30580E-02  9.30580E-02  9.30580E-02  9.30580E-02
   15762   4  0.00000E+00  0.00000E+00  0.00000E+00  0.00000E+00  0.00000E+00  0.00000E+00  0.00000E+00  0.00000E+00  0.00000E+00  0.00000E+00  0.00000E+00  0.00000E+00  0.00000E+00  0.00000E+00  0.00000E+00  0.00000E+00  0.00000E+00  0.00000E+00  0.00000E+00  0.00000E+00  0.00000E+00  0.00000E+00  0.00000E+00  0.00000E+00
   18227   4  1.51717E-02  1.51717E-02  1.51717E-02  1.51717E-02  1.51717E-02  1.51717E-02  1.51717E-02  1.51717E-02  1.51717E-02  1.51717E-02  1.51717E-02  1.51717E-02  1.51717E-02  1.51717E-02  1.51717E-02  1.51717E-02  1.51717E-02  1.51717E-02  1.51717E-02  1.51717E-02  1.51717E-02  1.51717E-02  1.51717E-02  1.51717E-02
   21763   4  8.87017E-03  8.87017E-03  8.87017E-03  8.87017E-03  8.87017E-03  8.87017E-03  8.87017E-03  8.87017E-03  8.87017E-03  8.87017E-03  8.87017E-03  8.87017E-03  8.87017E-03  8.87017E-03  8.87017E-03  8.87017E-03  8.87017E-03  8.87017E-03  8.87017E-03  8.87017E-03  8.87017E-03  8.87017E-03  8.87017E-03  8.87017E-03
   25974   3  0.00000E+00  0.00000E+00  0.00000E+00  0.00000E+00  0.00000E+00  0.00000E+00  0.00000E+00  0.00000E+00  0.00000E+00  0.00000E+00  0.00000E+00  0.00000E+00  0.00000E+00  0.00000E+00  0.00000E+00  0.00000E+00  0.00000E+00  0.00000E+00  0.00000E+00  0.00000E+00  0.00000E+00  0.00000E+00  0.00000E+00  0.00000E+00
   25262   3  0.00000E+00  0.00000E+00  0.00000E+00  0.00000E+00  0.00000E+00  0.00000E+00  0.00000E+00  0.00000E+00  0.00000E+00  0.00000E+00  0.00000E+00  0.00000E+00  0.00000E+00  0.00000E+00  0.00000E+00  0.00000E+00  0.00000E+00  0.00000E+00  0.00000E+00  0.00000E+00  0.00000E+00  0.00000E+00  0.00000E+00  0.00000E+00
   24198   4  0.00000E+00  0.00000E+00  0.00000E+00  0.00000E+00  0.00000E+00  0.00000E+00  0.00000E+00  0.00000E+00  0.00000E+00  0.00000E+00  0.00000E+00  0.00000E+00  0.00000E+00  0.00000E+00  0.00000E+00  0.00000E+00  0.00000E+00  0.00000E+00  0.00000E+00  0.00000E+00  0.00000E+00  0.00000E+00  0.00000E+00  0.00000E+00
   24198   3  5.05960E-04  5.05960E-04  5.05960E-04  5.05960E-04  5.05960E-04  0.00000E+00  0.00000E+00  0.00000E+00  0.00000E+00  0.00000E+00  0.00000E+00  0.00000E+00  0.00000E+00  5.05960E-04  5.05960E-04  5.05960E-04  5.05960E-04  5.05960E-04  5.05960E-04  5.05960E-04  5.05960E-04  5.05960E-04  5.05960E-04  5.05960E-04
   24551   4  4.22503E-02  4.22503E-02  4.22503E-02  4.22503E-02  4.22503E-02  4.22503E-02  4.22503E-02  4.22503E-02  4.22503E-02  4.22503E-02  4.22503E-02  4.22503E-02  4.22503E-02  4.22503E-02  4.22503E-02  4.22503E-02  4.22503E-02  4.22503E-02  4.22503E-02  4.22503E-02  4.22503E-02  4.22503E-02  4.22503E-02  4.22503E-02
   24911   4  0.00000E+00  0.00000E+00  0.00000E+00  0.00000E+00  0.00000E+00  0.00000E+00  0.00000E+00  0.00000E+00  0.00000E+00  0.00000E+00  0.00000E+00  0.00000E+00  0.00000E+00  0.00000E+00  0.00000E+00  0.00000E+00  0.00000E+00  0.00000E+00  0.00000E+00  0.00000E+00  0.00000E+00  0.00000E+00  0.00000E+00  0.00000E+00
   24553   4  1.24946E+00  1.24946E+00  1.24946E+00  1.24946E+00  1.24946E+00  1.24946E+00  1.24946E+00  1.24946E+00  1.24946E+00  1.24946E+00  1.24946E+00  1.24946E+00  1.24946E+00  4.88321E+00  4.88321E+00  4.88321E+00  4.88321E+00  4.88321E+00  4.88321E+00  4.88321E+00  4.88321E+00  1.24946E+00  1.24946E+00  1.24946E+00
   25259   4  0.00000E+00  0.00000E+00  0.00000E+00  0.00000E+00  0.00000E+00  0.00000E+00  0.00000E+00  0.00000E+00  0.00000E+00  0.00000E+00  0.00000E+00  0.00000E+00  0.00000E+00  0.00000E+00  0.00000E+00  0.00000E+00  0.00000E+00  0.00000E+00  0.00000E+00  0.00000E+00  0.00000E+00  0.00000E+00  0.00000E+00  0.00000E+00
   25259   3  5.47755E+00  5.47755E+00  5.47755E+00  5.47755E+00  5.47755E+00  5.47755E+00  5.47755E+00  5.47755E+00  5.47755E+00  5.47755E+00  5.47755E+00  5.47755E+00  5.47755E+00  5.47755E+00  5.47755E+00  5.47755E+00  5.47755E+00  5.47755E+00  5.47755E+00  5.47755E+00  5.47755E+00  5.47755E+00  5.47755E+00  5.47755E+00
   24906   4  2.31401E-02  2.31401E-02  2.31401E-02  2.31401E-02  2.31401E-02  2.31401E-02  2.31401E-02  2.31401E-02  2.31401E-02  2.31401E-02  2.31401E-02  2.31401E-02  2.31401E-02  2.31401E-02  2.31401E-02  2.31401E-02  2.31401E-02  2.31401E-02  2.31401E-02  2.31401E-02  2.31401E-02  2.31401E-02  2.31401E-02  2.31401E-02
   24201   2  0.00000E+00  0.00000E+00  0.00000E+00  0.00000E+00  0.00000E+00  0.00000E+00  0.00000E+00  0.00000E+00  0.00000E+00  0.00000E+00  0.00000E+00  0.00000E+00  0.00000E+00  0.00000E+00  0.00000E+00  0.00000E+00  0.00000E+00  0.00000E+00  0.00000E+00  0.00000E+00  0.00000E+00  0.00000E+00  0.00000E+00  0.00000E+00
   24201   1  0.00000E+00  0.00000E+00  0.00000E+00  0.00000E+00  0.00000E+00  0.00000E+00  0.00000E+00  0.00000E+00  0.00000E+00  0.00000E+00  0.00000E+00  0.00000E+00  0.00000E+00  0.00000E+00  0.00000E+00  0.00000E+00  0.00000E+00  0.00000E+00  0.00000E+00  0.00000E+00  0.00000E+00  0.00000E+00  0.00000E+00  0.00000E+00
   24554   4  1.97726E+00  1.97726E+00  1.97726E+00  1.97726E+00  1.97726E+00  1.97726E+00  1.97726E+00  1.97726E+00  1.97726E+00  1.97726E+00  1.97726E+00  1.97726E+00  1.97726E+00  1.97726E+00  1.97726E+00  1.97726E+00  1.97726E+00  1.97726E+00  1.97726E+00  1.97726E+00  1.97726E+00  1.97726E+00  1.97726E+00  1.97726E+00
   24904   3  7.97721E-04  7.97721E-04  7.97721E-04  7.97721E-04  7.97721E-04  7.97721E-04  7.97721E-04  7.97721E-04  7.97721E-04  7.97721E-04  7.97721E-04  7.97721E-04  7.97721E-04  7.97721E-04  7.97721E-04  7.97721E-04  7.97721E-04  7.97721E-04  7.97721E-04  7.97721E-04  7.97721E-04  7.97721E-04  7.97721E-04  7.97721E-04
   24904   4  1.40345E+00  1.40345E+00  1.40345E+00  1.40345E+00  1.40345E+00  1.40345E+00  1.40345E+00  1.40345E+00  1.40345E+00  1.40345E+00  1.40345E+00  1.40345E+00  1.40345E+00  1.40345E+00  1.40345E+00  1.40345E+00  1.40345E+00  1.40345E+00  1.40345E+00  1.40345E+00  1.40345E+00  1.40345E+00  1.40345E+00  1.40345E+00
   25257   4  5.47516E+00  5.47516E+00  5.47516E+00  5.47516E+00  5.47516E+00  5.47516E+00  5.47516E+00  5.47516E+00  5.47516E+00  5.47516E+00  5.47516E+00  5.47516E+00  5.47516E+00  5.47516E+00  5.47516E+00  5.47516E+00  5.47516E+00  5.47516E+00  5.47516E+00  5.47516E+00  5.47516E+00  5.47516E+00  5.47516E+00  5.47516E+00
   25257   3  2.98364E-04  2.98364E-04  2.98364E-04  2.98364E-04  2.98364E-04  2.98364E-04  2.98364E-04  2.98364E-04  2.98364E-04  2.98364E-04  2.98364E-04  2.98364E-04  2.98364E-04  2.98364E-04  2.98364E-04  2.98364E-04  2.98364E-04  2.98364E-04  2.98364E-04  2.98364E-04  2.98364E-04  2.98364E-04  2.98364E-04  2.98364E-04
   24904   7  4.18765E+00  4.18765E+00  4.18765E+00  4.18765E+00  4.18765E+00  4.18765E+00  4.18765E+00  4.18765E+00  4.18765E+00  4.18765E+00  4.18765E+00  4.18765E+00  4.18765E+00  4.18765E+00  4.18765E+00  4.18765E+00  4.18765E+00  4.18765E+00  4.18765E+00  4.18765E+00  4.18765E+00  4.18765E+00  4.18765E+00  4.18765E+00
   24904   1  2.06067E-03  2.06067E-03  2.06067E-03  2.06067E-03  2.06067E-03  2.06067E-03  2.06067E-03  2.06067E-03  2.06067E-03  2.06067E-03  2.06067E-03  2.06067E-03  2.06067E-03  2.06067E-03  2.06067E-03  2.06067E-03  2.06067E-03  2.06067E-03  2.06067E-03  2.06067E-03  2.06067E-03  2.06067E-03  2.06067E-03  2.06067E-03
   23850   3  1.40221E+00  1.40221E+00  1.40221E+00  1.40221E+00  1.40221E+00  1.40221E+00  1.40221E+00  1.40221E+00  1.40221E+00  1.40221E+00  1.40221E+00  1.40221E+00  1.40221E+00  1.40232E+00  1.40232E+00  1.40232E+00  1.40232E+00  1.40232E+00  1.40232E+00  1.40232E+00  1.40232E+00  1.40221E+00  1.40221E+00  1.40221E+00
   23850   4  1.52377E+01  1.52377E+01  1.52377E+01  1.52377E+01  1.52377E+01  1.52377E+01  1.52377E+01  1.52377E+01  1.52377E+01  1.52377E+01  1.52377E+01  1.52377E+01  1.52377E+01  1.52377E+01  1.52377E+01  1.52377E+01  1.52377E+01  1.52377E+01  1.52377E+01  1.52377E+01  1.52377E+01  1.52377E+01  1.52377E+01  1.52377E+01
   25616   4  0.00000E+00  0.00000E+00  0.00000E+00  0.00000E+00  0.00000E+00  0.00000E+00  0.00000E+00  0.00000E+00  0.00000E+00  0.00000E+00  0.00000E+00  0.00000E+00  0.00000E+00  0.00000E+00  0.00000E+00  0.00000E+00  0.00000E+00  0.00000E+00  0.00000E+00  0.00000E+00  0.00000E+00  0.00000E+00  0.00000E+00  0.00000E+00
   27883   2  1.89310E+00  1.86509E+00  1.76103E+00  1.58893E+00  1.40882E+00  1.19090E+00  1.10268E+00  1.05858E+00  1.04387E+00  1.07328E+00  1.16149E+00  1.30117E+00  1.48127E+00  1.59154E+00  1.67975E+00  1.75694E+00  1.78635E+00  1.81575E+00  1.82678E+00  1.84148E+00  1.83781E+00  1.82678E+00  1.79737E+00  1.75327E+00
   18690   2  9.38743E-01  9.24850E-01  8.73249E-01  7.87909E-01  6.98599E-01  5.90537E-01  5.46793E-01  5.24922E-01  5.17631E-01  5.32212E-01  5.75956E-01  6.45216E-01  7.34526E-01  7.89205E-01  8.32949E-01  8.71224E-01  8.85805E-01  9.00386E-01  9.05854E-01  9.13145E-01  9.11322E-01  9.05854E-01  8.91273E-01  8.69401E-01
   19395   3  0.00000E+00  0.00000E+00  0.00000E+00  0.00000E+00  0.00000E+00  0.00000E+00  0.00000E+00  0.00000E+00  0.00000E+00  0.00000E+00  0.00000E+00  0.00000E+00  0.00000E+00  0.00000E+00  0.00000E+00  0.00000E+00  0.00000E+00  0.00000E+00  0.00000E+00  0.00000E+00  0.00000E+00  0.00000E+00  0.00000E+00  0.00000E+00
   19395   2  0.00000E+00  0.00000E+00  0.00000E+00  0.00000E+00  0.00000E+00  0.00000E+00  0.00000E+00  0.00000E+00  0.00000E+00  0.00000E+00  0.00000E+00  0.00000E+00  0.00000E+00  0.00000E+00  0.00000E+00  0.00000E+00  0.00000E+00  0.00000E+00  0.00000E+00  0.00000E+00  0.00000E+00  0.00000E+00  0.00000E+00  0.00000E+00
   30002   2  1.24831E+00  1.22983E+00  1.16121E+00  1.04773E+00  9.28971E-01  7.85274E-01  7.27105E-01  6.98021E-01  6.88326E-01  7.07716E-01  7.65884E-01  8.57984E-01  9.76745E-01  1.04946E+00  1.10762E+00  1.15852E+00  1.17791E+00  1.19730E+00  1.20457E+00  1.21427E+00  1.21184E+00  1.20457E+00  1.18518E+00  1.15610E+00
   30355   1  0.00000E+00  0.00000E+00  0.00000E+00  0.00000E+00  0.00000E+00  0.00000E+00  0.00000E+00  0.00000E+00  0.00000E+00  0.00000E+00  0.00000E+00  0.00000E+00  0.00000E+00  0.00000E+00  0.00000E+00  0.00000E+00  0.00000E+00  0.00000E+00  0.00000E+00  0.00000E+00  0.00000E+00  0.00000E+00  0.00000E+00  0.00000E+00
   29995   4  4.90254E-02  4.82999E-02  4.56050E-02  4.11482E-02  3.64840E-02  3.08405E-02  2.85560E-02  2.74138E-02  2.70330E-02  2.77945E-02  3.00790E-02  3.36961E-02  3.83603E-02  4.12159E-02  4.35003E-02  4.54993E-02  4.62608E-02  4.70223E-02  4.73078E-02  4.76886E-02  4.75934E-02  4.73078E-02  4.65463E-02  4.54041E-02
   31274   3  8.26092E-03  8.26092E-03  8.26092E-03  8.26092E-03  8.26092E-03  8.26092E-03  8.26092E-03  8.26092E-03  8.26092E-03  8.26092E-03  8.26092E-03  8.26092E-03  8.26092E-03  8.26092E-03  8.26092E-03  8.26092E-03  8.26092E-03  8.26092E-03  8.26092E-03  8.26092E-03  8.26092E-03  8.26092E-03  8.26092E-03  8.26092E-03
   31274   4  0.00000E+00  0.00000E+00  0.00000E+00  0.00000E+00  0.00000E+00  0.00000E+00  0.00000E+00  0.00000E+00  0.00000E+00  0.00000E+00  0.00000E+00  0.00000E+00  0.00000E+00  0.00000E+00  0.00000E+00  0.00000E+00  0.00000E+00  0.00000E+00  0.00000E+00  0.00000E+00  0.00000E+00  0.00000E+00  0.00000E+00  0.00000E+00
   31274   2  0.00000E+00  0.00000E+00  0.00000E+00  0.00000E+00  0.00000E+00  0.00000E+00  0.00000E+00  0.00000E+00  0.00000E+00  0.00000E+00  0.00000E+00  0.00000E+00  0.00000E+00  0.00000E+00  0.00000E+00  0.00000E+00  0.00000E+00  0.00000E+00  0.00000E+00  0.00000E+00  0.00000E+00  0.00000E+00  0.00000E+00  0.00000E+00
   30921   4  1.19773E+00  1.19773E+00  1.19773E+00  1.19773E+00  1.19773E+00  1.19773E+00  1.19773E+00  1.19773E+00  1.19773E+00  1.19773E+00  1.19773E+00  1.19773E+00  1.19773E+00  1.19773E+00  1.19773E+00  1.19773E+00  1.19773E+00  1.19773E+00  1.19773E+00  1.19773E+00  1.19773E+00  1.19773E+00  1.19773E+00  1.19773E+00
   31274   7  5.15302E-01  5.15302E-01  5.15302E-01  5.15302E-01  5.15302E-01  5.15302E-01  5.15302E-01  5.15302E-01  5.15302E-01  5.15302E-01  5.15302E-01  5.15302E-01  5.15302E-01  5.15302E-01  5.15302E-01  5.15302E-01  5.15302E-01  5.15302E-01  5.15302E-01  5.15302E-01  5.15302E-01  5.15302E-01  5.15302E-01  5.15302E-01
   35839   3  0.00000E+00  0.00000E+00  0.00000E+00  0.00000E+00  0.00000E+00  0.00000E+00  0.00000E+00  0.00000E+00  0.00000E+00  0.00000E+00  0.00000E+00  0.00000E+00  0.00000E+00  0.00000E+00  0.00000E+00  0.00000E+00  0.00000E+00  0.00000E+00  0.00000E+00  0.00000E+00  0.00000E+00  0.00000E+00  0.00000E+00  0.00000E+00
   37257   7  4.24949E-01  4.24949E-01  4.24949E-01  4.24949E-01  4.24949E-01  4.24949E-01  4.24949E-01  4.24949E-01  4.24949E-01  4.24949E-01  4.24949E-01  4.24949E-01  4.24949E-01  4.24949E-01  4.24949E-01  4.24949E-01  4.24949E-01  4.24949E-01  4.24949E-01  4.24949E-01  4.24949E-01  4.24949E-01  4.24949E-01  4.24949E-01
   31605   4  4.05342E+00  4.05342E+00  4.05342E+00  4.05342E+00  4.05342E+00  4.05342E+00  4.05342E+00  4.05342E+00  4.05342E+00  4.05342E+00  4.05342E+00  4.05342E+00  4.05342E+00  4.05342E+00  4.05342E+00  4.05342E+00  4.05342E+00  4.05342E+00  4.05342E+00  4.05342E+00  4.05342E+00  4.05342E+00  4.05342E+00  4.05342E+00
   31252   3  1.45019E-01  1.45019E-01  1.45019E-01  1.45019E-01  1.45019E-01  1.45019E-01  1.45019E-01  1.45019E-01  1.45019E-01  1.45019E-01  1.45019E-01  1.45019E-01  1.45019E-01  1.45019E-01  1.45019E-01  1.45019E-01  1.45019E-01  1.45019E-01  1.45019E-01  1.45019E-01  1.45019E-01  1.45019E-01  1.45019E-01  1.45019E-01
   31958   4  7.16143E-03  7.16143E-03  7.16143E-03  7.16143E-03  7.16143E-03  7.16143E-03  7.16143E-03  7.16143E-03  7.16143E-03  7.16143E-03  7.16143E-03  7.16143E-03  7.16143E-03  7.16143E-03  7.16143E-03  7.16143E-03  7.16143E-03  7.16143E-03  7.16143E-03  7.16143E-03  7.16143E-03  7.16143E-03  7.16143E-03  7.16143E-03
   31252   2  1.92649E-02  1.92649E-02  1.92649E-02  1.92649E-02  1.92649E-02  1.92649E-02  1.92649E-02  1.92649E-02  1.92649E-02  1.92649E-02  1.92649E-02  1.92649E-02  1.92649E-02  1.92649E-02  1.92649E-02  1.92649E-02  1.92649E-02  1.92649E-02  1.92649E-02  1.92649E-02  1.92649E-02  1.92649E-02  1.92649E-02  1.92649E-02
   31253   7  2.78923E-01  2.78923E-01  2.78923E-01  2.78923E-01  2.78923E-01  0.00000E+00  0.00000E+00  0.00000E+00  0.00000E+00  0.00000E+00  0.00000E+00  0.00000E+00  2.78923E-01  4.94848E-01  4.94848E-01  4.94848E-01  4.94848E-01  4.94848E-01  4.94848E-01  4.94848E-01  4.94848E-01  2.78923E-01  2.78923E-01  2.78923E-01
   31605   3  3.80506E-01  3.80506E-01  3.80506E-01  3.80506E-01  3.80506E-01  3.80506E-01  3.80506E-01  3.80506E-01  3.80506E-01  3.80506E-01  3.80506E-01  3.80506E-01  3.80506E-01  3.80506E-01  3.80506E-01  3.80506E-01  3.80506E-01  3.80506E-01  3.80506E-01  3.80506E-01  3.80506E-01  3.80506E-01  3.80506E-01  3.80506E-01
   31958   3  9.25582E-03  9.25582E-03  9.25582E-03  9.25582E-03  9.25582E-03  9.25582E-03  9.25582E-03  9.25582E-03  9.25582E-03  9.25582E-03  9.25582E-03  9.25582E-03  9.25582E-03  9.25582E-03  9.25582E-03  9.25582E-03  9.25582E-03  9.25582E-03  9.25582E-03  9.25582E-03  9.25582E-03  9.25582E-03  9.25582E-03  9.25582E-03
   31958   5  0.00000E+00  0.00000E+00  0.00000E+00  0.00000E+00  0.00000E+00  0.00000E+00  0.00000E+00  0.00000E+00  0.00000E+00  0.00000E+00  0.00000E+00  0.00000E+00  0.00000E+00  0.00000E+00  0.00000E+00  0.00000E+00  0.00000E+00  0.00000E+00  0.00000E+00  0.00000E+00  0.00000E+00  0.00000E+00  0.00000E+00  0.00000E+00
   31252   4  6.56392E-02  6.56392E-02  6.56392E-02  6.56392E-02  6.56392E-02  6.56392E-02  6.56392E-02  6.56392E-02  6.56392E-02  6.56392E-02  6.56392E-02  6.56392E-02  6.56392E-02  6.56392E-02  6.56392E-02  6.56392E-02  6.56392E-02  6.56392E-02  6.56392E-02  6.56392E-02  6.56392E-02  6.56392E-02  6.56392E-02  6.56392E-02
   31604   4  1.10480E+00  1.10480E+00  1.10480E+00  1.10480E+00  1.10480E+00  1.10480E+00  1.10480E+00  1.10480E+00  1.10480E+00  1.10480E+00  1.10480E+00  1.10480E+00  1.10480E+00  1.10480E+00  1.10480E+00  1.10480E+00  1.10480E+00  1.10480E+00  1.10480E+00  1.10480E+00  1.10480E+00  1.10480E+00  1.10480E+00  1.10480E+00
   31604   1  4.78693E-02  4.78693E-02  4.78693E-02  4.78693E-02  4.78693E-02  4.78693E-02  4.78693E-02  4.78693E-02  4.78693E-02  4.78693E-02  4.78693E-02  4.78693E-02  4.78693E-02  4.78693E-02  4.78693E-02  4.78693E-02  4.78693E-02  4.78693E-02  4.78693E-02  4.78693E-02  4.78693E-02  4.78693E-02  4.78693E-02  4.78693E-02
   31605   2  6.09187E-02  6.09187E-02  6.09187E-02  6.09187E-02  6.09187E-02  6.09187E-02  6.09187E-02  6.09187E-02  6.09187E-02  6.09187E-02  6.09187E-02  6.09187E-02  6.09187E-02  6.09187E-02  6.09187E-02  6.09187E-02  6.09187E-02  6.09187E-02  6.09187E-02  6.09187E-02  6.09187E-02  6.09187E-02  6.09187E-02  6.09187E-02
   31958   7  7.71400E+00  7.71400E+00  7.71400E+00  7.71400E+00  7.71400E+00  7.71400E+00  7.71400E+00  7.71400E+00  7.71400E+00  7.71400E+00  7.71400E+00  7.71400E+00  7.71400E+00  7.71400E+00  7.71400E+00  7.71400E+00  7.71400E+00  7.71400E+00  7.71400E+00  7.71400E+00  7.71400E+00  7.71400E+00  7.71400E+00  7.71400E+00
   31253   4  5.75859E-02  5.75859E-02  5.75859E-02  5.75859E-02  5.75859E-02  5.75859E-02  5.75859E-02  5.75859E-02  5.75859E-02  5.75859E-02  5.75859E-02  5.75859E-02  5.75859E-02  5.75859E-02  5.75859E-02  5.75859E-02  5.75859E-02  5.75859E-02  5.75859E-02  5.75859E-02  5.75859E-02  5.75859E-02  5.75859E-02  5.75859E-02
   31959   3  2.03090E-04  2.03090E-04  2.03090E-04  2.03090E-04  2.03090E-04  0.00000E+00  0.00000E+00  0.00000E+00  0.00000E+00  0.00000E+00  0.00000E+00  0.00000E+00  0.00000E+00  2.03090E-04  2.03090E-04  2.03090E-04  2.03090E-04  2.03090E-04  2.03090E-04  2.03090E-04  2.03090E-04  2.03090E-04  2.03090E-04  2.03090E-04
   31959   4  3.59502E-04  3.59502E-04  3.59502E-04  3.59502E-04  3.59502E-04  3.59502E-04  3.59502E-04  3.59502E-04  3.59502E-04  3.59502E-04  3.59502E-04  3.59502E-04  3.59502E-04  3.59502E-04  3.59502E-04  3.59502E-04  3.59502E-04  3.59502E-04  3.59502E-04  3.59502E-04  3.59502E-04  3.59502E-04  3.59502E-04  3.59502E-04
   30564   3  0.00000E+00  0.00000E+00  0.00000E+00  0.00000E+00  0.00000E+00  0.00000E+00  0.00000E+00  0.00000E+00  0.00000E+00  0.00000E+00  0.00000E+00  0.00000E+00  0.00000E+00  0.00000E+00  0.00000E+00  0.00000E+00  0.00000E+00  0.00000E+00  0.00000E+00  0.00000E+00  0.00000E+00  0.00000E+00  0.00000E+00  0.00000E+00
   30564   2  0.00000E+00  0.00000E+00  0.00000E+00  0.00000E+00  0.00000E+00  0.00000E+00  0.00000E+00  0.00000E+00  0.00000E+00  0.00000E+00  0.00000E+00  0.00000E+00  0.00000E+00  0.00000E+00  0.00000E+00  0.00000E+00  0.00000E+00  0.00000E+00  0.00000E+00  0.00000E+00  0.00000E+00  0.00000E+00  0.00000E+00  0.00000E+00
   30924   3  6.01121E-02  6.01121E-02  6.01121E-02  6.01121E-02  6.01121E-02  6.01121E-02  6.01121E-02  6.01121E-02  6.01121E-02  6.01121E-02  6.01121E-02  6.01121E-02  6.01121E-02  6.01121E-02  6.01121E-02  6.01121E-02  6.01121E-02  6.01121E-02  6.01121E-02  6.01121E-02  6.01121E-02  6.01121E-02  6.01121E-02  6.01121E-02
   30924   2  8.55219E-03  8.55219E-03  8.55219E-03  8.55219E-03  8.55219E-03  8.55219E-03  8.55219E-03  8.55219E-03  8.55219E-03  8.55219E-03  8.55219E-03  8.55219E-03  8.55219E-03  8.55219E-03  8.55219E-03  8.55219E-03  8.55219E-03  8.55219E-03  8.55219E-03  8.55219E-03  8.55219E-03  8.55219E-03  8.55219E-03  8.55219E-03
   30193   2  0.00000E+00  0.00000E+00  0.00000E+00  0.00000E+00  0.00000E+00  0.00000E+00  0.00000E+00  0.00000E+00  0.00000E+00  0.00000E+00  0.00000E+00  0.00000E+00  0.00000E+00  0.00000E+00  0.00000E+00  0.00000E+00  0.00000E+00  0.00000E+00  0.00000E+00  0.00000E+00  0.00000E+00  0.00000E+00  0.00000E+00  0.00000E+00
   29840   3  9.07603E+00  9.07603E+00  9.07603E+00  9.07603E+00  9.07603E+00  9.07603E+00  9.07603E+00  9.07603E+00  9.07603E+00  9.07603E+00  9.07603E+00  9.07603E+00  9.07603E+00  9.07603E+00  9.07603E+00  9.07603E+00  9.07603E+00  9.07603E+00  9.07603E+00  9.07603E+00  9.07603E+00  9.07603E+00  9.07603E+00  9.07603E+00
   33035   3  0.00000E+00  0.00000E+00  0.00000E+00  0.00000E+00  0.00000E+00  0.00000E+00  0.00000E+00  0.00000E+00  0.00000E+00  0.00000E+00  0.00000E+00  0.00000E+00  0.00000E+00  0.00000E+00  0.00000E+00  0.00000E+00  0.00000E+00  0.00000E+00  0.00000E+00  0.00000E+00  0.00000E+00  0.00000E+00  0.00000E+00  0.00000E+00
   33035   2  0.00000E+00  0.00000E+00  0.00000E+00  0.00000E+00  0.00000E+00  0.00000E+00  0.00000E+00  0.00000E+00  0.00000E+00  0.00000E+00  0.00000E+00  0.00000E+00  0.00000E+00  0.00000E+00  0.00000E+00  0.00000E+00  0.00000E+00  0.00000E+00  0.00000E+00  0.00000E+00  0.00000E+00  0.00000E+00  0.00000E+00  0.00000E+00
   47753   3  3.75040E-03  3.75040E-03  3.75040E-03  3.75040E-03  3.75040E-03  3.75040E-03  3.75040E-03  3.75040E-03  3.75040E-03  3.75040E-03  3.75040E-03  3.75040E-03  3.75040E-03  3.75040E-03  3.75040E-03  3.75040E-03  3.75040E-03  3.75040E-03  3.75040E-03  3.75040E-03  3.75040E-03  3.75040E-03  3.75040E-03  3.75040E-03
   47753   4  3.02242E-02  3.02242E-02  3.02242E-02  3.02242E-02  3.02242E-02  3.02242E-02  3.02242E-02  3.02242E-02  3.02242E-02  3.02242E-02  3.02242E-02  3.02242E-02  3.02242E-02  3.02242E-02  3.02242E-02  3.02242E-02  3.02242E-02  3.02242E-02  3.02242E-02  3.02242E-02  3.02242E-02  3.02242E-02  3.02242E-02  3.02242E-02
   48458   4  2.75476E-02  2.75476E-02  2.75476E-02  2.75476E-02  2.75476E-02  2.75476E-02  2.75476E-02  2.75476E-02  2.75476E-02  2.75476E-02  2.75476E-02  2.75476E-02  2.75476E-02  2.75476E-02  2.75476E-02  2.75476E-02  2.75476E-02  2.75476E-02  2.75476E-02  2.75476E-02  2.75476E-02  2.75476E-02  2.75476E-02  2.75476E-02
   48458   2  0.00000E+00  0.00000E+00  0.00000E+00  0.00000E+00  0.00000E+00  0.00000E+00  0.00000E+00  0.00000E+00  0.00000E+00  0.00000E+00  0.00000E+00  0.00000E+00  0.00000E+00  0.00000E+00  0.00000E+00  0.00000E+00  0.00000E+00  0.00000E+00  0.00000E+00  0.00000E+00  0.00000E+00  0.00000E+00  0.00000E+00  0.00000E+00
   48458   3  0.00000E+00  0.00000E+00  0.00000E+00  0.00000E+00  0.00000E+00  0.00000E+00  0.00000E+00  0.00000E+00  0.00000E+00  0.00000E+00  0.00000E+00  0.00000E+00  0.00000E+00  0.00000E+00  0.00000E+00  0.00000E+00  0.00000E+00  0.00000E+00  0.00000E+00  0.00000E+00  0.00000E+00  0.00000E+00  0.00000E+00  0.00000E+00
   47047   7  2.08568E-01  2.08568E-01  2.08568E-01  2.08568E-01  2.08568E-01  2.08568E-01  2.08568E-01  2.08568E-01  2.08568E-01  2.08568E-01  2.08568E-01  2.08568E-01  2.08568E-01  2.08568E-01  2.08568E-01  2.08568E-01  2.08568E-01  2.08568E-01  2.08568E-01  2.08568E-01  2.08568E-01  2.08568E-01  2.08568E-01  2.08568E-01
   47753   7  6.97510E+00  6.97510E+00  6.97510E+00  6.97510E+00  6.97510E+00  6.97510E+00  6.97510E+00  6.97510E+00  6.97510E+00  6.97510E+00  6.97510E+00  6.97510E+00  6.97510E+00  6.97510E+00  6.97510E+00  6.97510E+00  6.97510E+00  6.97510E+00  6.97510E+00  6.97510E+00  6.97510E+00  6.97510E+00  6.97510E+00  6.97510E+00
   43182   3  1.41561E-03  1.41561E-03  1.41561E-03  1.41561E-03  1.41561E-03  1.41561E-03  1.41561E-03  1.41561E-03  1.41561E-03  1.41561E-03  1.41561E-03  1.41561E-03  1.41561E-03  2.88734E-03  2.88734E-03  2.88734E-03  2.88734E-03  2.88734E-03  2.88734E-03  2.88734E-03  2.88734E-03  1.41561E-03  1.41561E-03  1.41561E-03
   43182   4  5.82520E-02  5.82520E-02  5.82520E-02  5.82520E-02  5.82520E-02  5.82520E-02  5.82520E-02  5.82520E-02  5.82520E-02  5.82520E-02  5.82520E-02  5.82520E-02  5.82520E-02  5.82520E-02  5.82520E-02  5.82520E-02  5.82520E-02  5.82520E-02  5.82520E-02  5.82520E-02  5.82520E-02  5.82520E-02  5.82520E-02  5.82520E-02
   43182   8  0.00000E+00  0.00000E+00  0.00000E+00  0.00000E+00  0.00000E+00  0.00000E+00  0.00000E+00  0.00000E+00  0.00000E+00  0.00000E+00  0.00000E+00  0.00000E+00  0.00000E+00  0.00000E+00  0.00000E+00  0.00000E+00  0.00000E+00  0.00000E+00  0.00000E+00  0.00000E+00  0.00000E+00  0.00000E+00  0.00000E+00  0.00000E+00
   42477   3  0.00000E+00  0.00000E+00  0.00000E+00  0.00000E+00  0.00000E+00  0.00000E+00  0.00000E+00  0.00000E+00  0.00000E+00  0.00000E+00  0.00000E+00  0.00000E+00  0.00000E+00  0.00000E+00  0.00000E+00  0.00000E+00  0.00000E+00  0.00000E+00  0.00000E+00  0.00000E+00  0.00000E+00  0.00000E+00  0.00000E+00  0.00000E+00
   42477   2  0.00000E+00  0.00000E+00  0.00000E+00  0.00000E+00  0.00000E+00  0.00000E+00  0.00000E+00  0.00000E+00  0.00000E+00  0.00000E+00  0.00000E+00  0.00000E+00  0.00000E+00  0.00000E+00  0.00000E+00  0.00000E+00  0.00000E+00  0.00000E+00  0.00000E+00  0.00000E+00  0.00000E+00  0.00000E+00  0.00000E+00  0.00000E+00
   43182   7  6.30475E+00  6.30475E+00  6.30475E+00  6.30475E+00  6.30475E+00  6.30475E+00  6.30475E+00  6.30475E+00  6.30475E+00  6.30475E+00  6.30475E+00  6.30475E+00  6.30475E+00  6.30475E+00  6.30475E+00  6.30475E+00  6.30475E+00  6.30475E+00  6.30475E+00  6.30475E+00  6.30475E+00  6.30475E+00  6.30475E+00  6.30475E+00
   50582   3  9.99365E-02  9.99365E-02  9.99365E-02  9.99365E-02  9.99365E-02  9.99365E-02  9.99365E-02  9.99365E-02  9.99365E-02  9.99365E-02  9.99365E-02  9.99365E-02  9.99365E-02  9.99365E-02  9.99365E-02  9.99365E-02  9.99365E-02  9.99365E-02  9.99365E-02  9.99365E-02  9.99365E-02  9.99365E-02  9.99365E-02  9.99365E-02
   46700   3  1.69277E-03  1.69277E-03  1.69277E-03  1.69277E-03  1.69277E-03  1.69277E-03  1.69277E-03  1.69277E-03  1.69277E-03  1.69277E-03  1.69277E-03  1.69277E-03  1.69277E-03  1.69277E-03  1.69277E-03  1.69277E-03  1.69277E-03  1.69277E-03  1.69277E-03  1.69277E-03  1.69277E-03  1.69277E-03  1.69277E-03  1.69277E-03
   36485   4  0.00000E+00  0.00000E+00  0.00000E+00  0.00000E+00  0.00000E+00  0.00000E+00  0.00000E+00  0.00000E+00  0.00000E+00  0.00000E+00  0.00000E+00  0.00000E+00  0.00000E+00  0.00000E+00  0.00000E+00  0.00000E+00  0.00000E+00  0.00000E+00  0.00000E+00  0.00000E+00  0.00000E+00  0.00000E+00  0.00000E+00  0.00000E+00
   36485   6  0.00000E+00  0.00000E+00  0.00000E+00  0.00000E+00  0.00000E+00  0.00000E+00  0.00000E+00  0.00000E+00  0.00000E+00  0.00000E+00  0.00000E+00  0.00000E+00  0.00000E+00  0.00000E+00  0.00000E+00  0.00000E+00  0.00000E+00  0.00000E+00  0.00000E+00  0.00000E+00  0.00000E+00  0.00000E+00  0.00000E+00  0.00000E+00
   36485   5  0.00000E+00  0.00000E+00  0.00000E+00  0.00000E+00  0.00000E+00  0.00000E+00  0.00000E+00  0.00000E+00  0.00000E+00  0.00000E+00  0.00000E+00  0.00000E+00  0.00000E+00  0.00000E+00  0.00000E+00  0.00000E+00  0.00000E+00  0.00000E+00  0.00000E+00  0.00000E+00  0.00000E+00  0.00000E+00  0.00000E+00  0.00000E+00
   36485   3  0.00000E+00  0.00000E+00  0.00000E+00  0.00000E+00  0.00000E+00  0.00000E+00  0.00000E+00  0.00000E+00  0.00000E+00  0.00000E+00  0.00000E+00  0.00000E+00  0.00000E+00  0.00000E+00  0.00000E+00  0.00000E+00  0.00000E+00  0.00000E+00  0.00000E+00  0.00000E+00  0.00000E+00  0.00000E+00  0.00000E+00  0.00000E+00
   36485   2  0.00000E+00  0.00000E+00  0.00000E+00  0.00000E+00  0.00000E+00  0.00000E+00  0.00000E+00  0.00000E+00  0.00000E+00  0.00000E+00  0.00000E+00  0.00000E+00  0.00000E+00  0.00000E+00  0.00000E+00  0.00000E+00  0.00000E+00  0.00000E+00  0.00000E+00  0.00000E+00  0.00000E+00  0.00000E+00  0.00000E+00  0.00000E+00
   37192   2  0.00000E+00  0.00000E+00  0.00000E+00  0.00000E+00  0.00000E+00  0.00000E+00  0.00000E+00  0.00000E+00  0.00000E+00  0.00000E+00  0.00000E+00  0.00000E+00  0.00000E+00  0.00000E+00  0.00000E+00  0.00000E+00  0.00000E+00  0.00000E+00  0.00000E+00  0.00000E+00  0.00000E+00  0.00000E+00  0.00000E+00  0.00000E+00
   36485   7  9.69970E+00  9.69970E+00  9.69970E+00  9.69970E+00  9.69970E+00  9.69970E+00  9.69970E+00  9.69970E+00  9.69970E+00  9.69970E+00  9.69970E+00  9.69970E+00  9.69970E+00  9.69970E+00  9.69970E+00  9.69970E+00  9.69970E+00  9.69970E+00  9.69970E+00  9.69970E+00  9.69970E+00  9.69970E+00  9.69970E+00  9.69970E+00
   35437   3  0.00000E+00  0.00000E+00  0.00000E+00  0.00000E+00  0.00000E+00  0.00000E+00  0.00000E+00  0.00000E+00  0.00000E+00  0.00000E+00  0.00000E+00  0.00000E+00  0.00000E+00  0.00000E+00  0.00000E+00  0.00000E+00  0.00000E+00  0.00000E+00  0.00000E+00  0.00000E+00  0.00000E+00  0.00000E+00  0.00000E+00  0.00000E+00
   46351   7  4.22237E+00  4.22237E+00  4.22237E+00  4.22237E+00  4.22237E+00  4.22237E+00  4.22237E+00  4.22237E+00  4.22237E+00  4.22237E+00  4.22237E+00  4.22237E+00  4.22237E+00  4.22237E+00  4.22237E+00  4.22237E+00  4.22237E+00  4.22237E+00  4.22237E+00  4.22237E+00  4.22237E+00  4.22237E+00  4.22237E+00  4.22237E+00
   39310   3  7.14270E-05  7.14270E-05  7.14270E-05  7.14270E-05  7.14270E-05  7.14270E-05  7.14270E-05  7.14270E-05  7.14270E-05  7.14270E-05  7.14270E-05  7.14270E-05  7.14270E-05  7.14270E-05  7.14270E-05  7.14270E-05  7.14270E-05  7.14270E-05  7.14270E-05  7.14270E-05  7.14270E-05  7.14270E-05  7.14270E-05  7.14270E-05
   43177   3  0.00000E+00  0.00000E+00  0.00000E+00  0.00000E+00  0.00000E+00  0.00000E+00  0.00000E+00  0.00000E+00  0.00000E+00  0.00000E+00  0.00000E+00  0.00000E+00  0.00000E+00  0.00000E+00  0.00000E+00  0.00000E+00  0.00000E+00  0.00000E+00  0.00000E+00  0.00000E+00  0.00000E+00  0.00000E+00  0.00000E+00  0.00000E+00
   43177   2  0.00000E+00  0.00000E+00  0.00000E+00  0.00000E+00  0.00000E+00  0.00000E+00  0.00000E+00  0.00000E+00  0.00000E+00  0.00000E+00  0.00000E+00  0.00000E+00  0.00000E+00  0.00000E+00  0.00000E+00  0.00000E+00  0.00000E+00  0.00000E+00  0.00000E+00  0.00000E+00  0.00000E+00  0.00000E+00  0.00000E+00  0.00000E+00
   15453   3  7.49783E+01  7.49783E+01  7.49783E+01  7.49783E+01  7.49783E+01  7.49783E+01  7.49783E+01  7.49783E+01  7.49783E+01  7.49783E+01  7.49783E+01  7.49783E+01  7.49783E+01  7.49783E+01  7.49783E+01  7.49783E+01  7.49783E+01  7.49783E+01  7.49783E+01  7.49783E+01  7.49783E+01  7.49783E+01  7.49783E+01  7.49783E+01
   15453   2  0.00000E+00  0.00000E+00  0.00000E+00  0.00000E+00  0.00000E+00  0.00000E+00  0.00000E+00  0.00000E+00  0.00000E+00  0.00000E+00  0.00000E+00  0.00000E+00  0.00000E+00  0.00000E+00  0.00000E+00  0.00000E+00  0.00000E+00  0.00000E+00  0.00000E+00  0.00000E+00  0.00000E+00  0.00000E+00  0.00000E+00  0.00000E+00
   15098   3  4.52380E-03  4.52380E-03  4.52380E-03  4.52380E-03  4.52380E-03  4.52380E-03  4.52380E-03  4.52380E-03  4.52380E-03  4.52380E-03  4.52380E-03  4.52380E-03  4.52380E-03  4.52380E-03  4.52380E-03  4.52380E-03  4.52380E-03  4.52380E-03  4.52380E-03  4.52380E-03  4.52380E-03  4.52380E-03  4.52380E-03  4.52380E-03
   15450   3  3.61470E-02  3.61470E-02  3.61470E-02  3.61470E-02  3.61470E-02  3.61470E-02  3.61470E-02  3.61470E-02  3.61470E-02  3.61470E-02  3.61470E-02  3.61470E-02  3.61470E-02  3.61470E-02  3.61470E-02  3.61470E-02  3.61470E-02  3.61470E-02  3.61470E-02  3.61470E-02  3.61470E-02  3.61470E-02  3.61470E-02  3.61470E-02
   15808   3  1.62232E+01  1.62232E+01  1.62232E+01  1.62232E+01  1.62232E+01  1.62232E+01  1.62232E+01  1.62232E+01  1.62232E+01  1.62232E+01  1.62232E+01  1.62232E+01  1.62232E+01  1.62232E+01  1.62232E+01  1.62232E+01  1.62232E+01  1.62232E+01  1.62232E+01  1.62232E+01  1.62232E+01  1.62232E+01  1.62232E+01  1.62232E+01
   16524   3  1.30779E-01  1.30779E-01  1.30779E-01  1.30779E-01  1.30779E-01  1.30779E-01  1.30779E-01  1.30779E-01  1.30779E-01  1.30779E-01  1.30779E-01  1.30779E-01  1.30779E-01  1.30779E-01  1.30779E-01  1.30779E-01  1.30779E-01  1.30779E-01  1.30779E-01  1.30779E-01  1.30779E-01  1.30779E-01  1.30779E-01  1.30779E-01
   14756   5  0.00000E+00  0.00000E+00  0.00000E+00  0.00000E+00  0.00000E+00  0.00000E+00  0.00000E+00  0.00000E+00  0.00000E+00  0.00000E+00  0.00000E+00  0.00000E+00  0.00000E+00  0.00000E+00  0.00000E+00  0.00000E+00  0.00000E+00  0.00000E+00  0.00000E+00  0.00000E+00  0.00000E+00  0.00000E+00  0.00000E+00  0.00000E+00
   14756   4  8.85867E-04  8.85867E-04  8.85867E-04  8.85867E-04  8.85867E-04  8.85867E-04  8.85867E-04  8.85867E-04  8.85867E-04  8.85867E-04  8.85867E-04  8.85867E-04  8.85867E-04  8.85867E-04  8.85867E-04  8.85867E-04  8.85867E-04  8.85867E-04  8.85867E-04  8.85867E-04  8.85867E-04  8.85867E-04  8.85867E-04  8.85867E-04
   14756   3  8.83601E+00  8.83601E+00  8.83601E+00  8.83601E+00  8.83601E+00  8.83601E+00  8.83601E+00  8.83601E+00  8.83601E+00  8.83601E+00  8.83601E+00  8.83601E+00  8.83601E+00  8.83601E+00  8.83601E+00  8.83601E+00  8.83601E+00  8.83601E+00  8.83601E+00  8.83601E+00  8.83601E+00  8.83601E+00  8.83601E+00  8.83601E+00
   14756   1  0.00000E+00  0.00000E+00  0.00000E+00  0.00000E+00  0.00000E+00  0.00000E+00  0.00000E+00  0.00000E+00  0.00000E+00  0.00000E+00  0.00000E+00  0.00000E+00  0.00000E+00  0.00000E+00  0.00000E+00  0.00000E+00  0.00000E+00  0.00000E+00  0.00000E+00  0.00000E+00  0.00000E+00  0.00000E+00  0.00000E+00  0.00000E+00
   14756   2  0.00000E+00  0.00000E+00  0.00000E+00  0.00000E+00  0.00000E+00  0.00000E+00  0.00000E+00  0.00000E+00  0.00000E+00  0.00000E+00  0.00000E+00  0.00000E+00  0.00000E+00  0.00000E+00  0.00000E+00  0.00000E+00  0.00000E+00  0.00000E+00  0.00000E+00  0.00000E+00  0.00000E+00  0.00000E+00  0.00000E+00  0.00000E+00
   14756   7  2.91539E+01  2.91539E+01  2.91539E+01  2.91539E+01  2.91539E+01  2.91539E+01  2.91539E+01  2.91539E+01  2.91539E+01  2.91539E+01  2.91539E+01  2.91539E+01  2.91539E+01  2.91539E+01  2.91539E+01  2.91539E+01  2.91539E+01  2.91539E+01  2.91539E+01  2.91539E+01  2.91539E+01  2.91539E+01  2.91539E+01  2.91539E+01
   15810   3  1.42847E-01  1.42847E-01  1.42847E-01  1.42847E-01  1.42847E-01  1.42847E-01  1.42847E-01  1.42847E-01  1.42847E-01  1.42847E-01  1.42847E-01  1.42847E-01  1.42847E-01  1.42847E-01  1.42847E-01  1.42847E-01  1.42847E-01  1.42847E-01  1.42847E-01  1.42847E-01  1.42847E-01  1.42847E-01  1.42847E-01  1.42847E-01
   16516   3  3.79750E-02  3.79750E-02  3.79750E-02  3.79750E-02  3.79750E-02  3.79750E-02  3.79750E-02  3.79750E-02  3.79750E-02  3.79750E-02  3.79750E-02  3.79750E-02  3.79750E-02  3.79750E-02  3.79750E-02  3.79750E-02  3.79750E-02  3.79750E-02  3.79750E-02  3.79750E-02  3.79750E-02  3.79750E-02  3.79750E-02  3.79750E-02
   16161   3  1.36942E-02  1.36942E-02  1.36942E-02  1.36942E-02  1.36942E-02  1.36942E-02  1.36942E-02  1.36942E-02  1.36942E-02  1.36942E-02  1.36942E-02  1.36942E-02  1.36942E-02  1.36942E-02  1.36942E-02  1.36942E-02  1.36942E-02  1.36942E-02  1.36942E-02  1.36942E-02  1.36942E-02  1.36942E-02  1.36942E-02  1.36942E-02
   16162   3  2.89806E+01  2.89806E+01  2.89806E+01  2.89806E+01  2.89806E+01  2.89806E+01  2.89806E+01  2.89806E+01  2.89806E+01  2.89806E+01  2.89806E+01  2.89806E+01  2.89806E+01  2.89806E+01  2.89806E+01  2.89806E+01  2.89806E+01  2.89806E+01  2.89806E+01  2.89806E+01  2.89806E+01  2.89806E+01  2.89806E+01  2.89806E+01
   15105   3  9.04965E+01  9.04965E+01  9.04965E+01  9.04965E+01  9.04965E+01  9.04965E+01  9.04965E+01  9.04965E+01  9.04965E+01  9.04965E+01  9.04965E+01  9.04965E+01  9.04965E+01  9.04965E+01  9.04965E+01  9.04965E+01  9.04965E+01  9.04965E+01  9.04965E+01  9.04965E+01  9.04965E+01  9.04965E+01  9.04965E+01  9.04965E+01
   15104   3  3.00812E-01  3.00812E-01  3.00812E-01  3.00812E-01  3.00812E-01  3.00812E-01  3.00812E-01  3.00812E-01  3.00812E-01  3.00812E-01  3.00812E-01  3.00812E-01  3.00812E-01  3.00812E-01  3.00812E-01  3.00812E-01  3.00812E-01  3.00812E-01  3.00812E-01  3.00812E-01  3.00812E-01  3.00812E-01  3.00812E-01  3.00812E-01
   13688   3  4.47418E+01  4.47418E+01  4.47418E+01  4.47418E+01  4.47418E+01  4.47418E+01  4.47418E+01  4.47418E+01  4.47418E+01  4.47418E+01  4.47418E+01  4.47418E+01  4.47418E+01  4.47418E+01  4.47418E+01  4.47418E+01  4.47418E+01  4.47418E+01  4.47418E+01  4.47418E+01  4.47418E+01  4.47418E+01  4.47418E+01  4.47418E+01
   13688   4  2.70851E+00  2.70851E+00  2.70851E+00  2.70851E+00  2.70851E+00  2.70851E+00  2.70851E+00  2.70851E+00  2.70851E+00  2.70851E+00  2.70851E+00  2.70851E+00  2.70851E+00  2.70851E+00  2.70851E+00  2.70851E+00  2.70851E+00  2.70851E+00  2.70851E+00  2.70851E+00  2.70851E+00  2.70851E+00  2.70851E+00  2.70851E+00
   14743   3  3.42312E-03  3.42312E-03  3.42312E-03  3.42312E-03  3.42312E-03  3.42312E-03  3.42312E-03  3.42312E-03  3.42312E-03  3.42312E-03  3.42312E-03  3.42312E-03  3.42312E-03  3.42312E-03  3.42312E-03  3.42312E-03  3.42312E-03  3.42312E-03  3.42312E-03  3.42312E-03  3.42312E-03  3.42312E-03  3.42312E-03  3.42312E-03
   15813   3  6.75863E+00  6.75863E+00  6.75863E+00  6.75863E+00  6.75863E+00  6.75863E+00  6.75863E+00  6.75863E+00  6.75863E+00  6.75863E+00  6.75863E+00  6.75863E+00  6.75863E+00  6.75863E+00  6.75863E+00  6.75863E+00  6.75863E+00  6.75863E+00  6.75863E+00  6.75863E+00  6.75863E+00  6.75863E+00  6.75863E+00  6.75863E+00
   14408   4  7.67570E-03  7.67570E-03  7.67570E-03  7.67570E-03  7.67570E-03  7.67570E-03  7.67570E-03  7.67570E-03  7.67570E-03  7.67570E-03  7.67570E-03  7.67570E-03  7.67570E-03  7.67570E-03  7.67570E-03  7.67570E-03  7.67570E-03  7.67570E-03  7.67570E-03  7.67570E-03  7.67570E-03  7.67570E-03  7.67570E-03  7.67570E-03
   14053   3  5.24412E-03  5.24412E-03  5.24412E-03  5.24412E-03  5.24412E-03  5.24412E-03  5.24412E-03  5.24412E-03  5.24412E-03  5.24412E-03  5.24412E-03  5.24412E-03  5.24412E-03  5.24412E-03  5.24412E-03  5.24412E-03  5.24412E-03  5.24412E-03  5.24412E-03  5.24412E-03  5.24412E-03  5.24412E-03  5.24412E-03  5.24412E-03
   14408   3  5.53719E-02  5.53719E-02  5.53719E-02  5.53719E-02  5.53719E-02  5.53719E-02  5.53719E-02  5.53719E-02  5.53719E-02  5.53719E-02  5.53719E-02  5.53719E-02  5.53719E-02  5.53719E-02  5.53719E-02  5.53719E-02  5.53719E-02  5.53719E-02  5.53719E-02  5.53719E-02  5.53719E-02  5.53719E-02  5.53719E-02  5.53719E-02
   15469   3  1.79991E-01  1.79991E-01  1.79991E-01  1.79991E-01  1.79991E-01  1.79991E-01  1.79991E-01  1.79991E-01  1.79991E-01  1.79991E-01  1.79991E-01  1.79991E-01  1.79991E-01  1.79991E-01  1.79991E-01  1.79991E-01  1.79991E-01  1.79991E-01  1.79991E-01  1.79991E-01  1.79991E-01  1.79991E-01  1.79991E-01  1.79991E-01
   14761   3  0.00000E+00  0.00000E+00  0.00000E+00  0.00000E+00  0.00000E+00  0.00000E+00  0.00000E+00  0.00000E+00  0.00000E+00  0.00000E+00  0.00000E+00  0.00000E+00  0.00000E+00  0.00000E+00  0.00000E+00  0.00000E+00  0.00000E+00  0.00000E+00  0.00000E+00  0.00000E+00  0.00000E+00  0.00000E+00  0.00000E+00  0.00000E+00
   14763   2  0.00000E+00  0.00000E+00  0.00000E+00  0.00000E+00  0.00000E+00  0.00000E+00  0.00000E+00  0.00000E+00  0.00000E+00  0.00000E+00  0.00000E+00  0.00000E+00  0.00000E+00  0.00000E+00  0.00000E+00  0.00000E+00  0.00000E+00  0.00000E+00  0.00000E+00  0.00000E+00  0.00000E+00  0.00000E+00  0.00000E+00  0.00000E+00
   14763   3  0.00000E+00  0.00000E+00  0.00000E+00  0.00000E+00  0.00000E+00  0.00000E+00  0.00000E+00  0.00000E+00  0.00000E+00  0.00000E+00  0.00000E+00  0.00000E+00  0.00000E+00  0.00000E+00  0.00000E+00  0.00000E+00  0.00000E+00  0.00000E+00  0.00000E+00  0.00000E+00  0.00000E+00  0.00000E+00  0.00000E+00  0.00000E+00
   12640   3  0.00000E+00  0.00000E+00  0.00000E+00  0.00000E+00  0.00000E+00  0.00000E+00  0.00000E+00  0.00000E+00  0.00000E+00  0.00000E+00  0.00000E+00  0.00000E+00  0.00000E+00  0.00000E+00  0.00000E+00  0.00000E+00  0.00000E+00  0.00000E+00  0.00000E+00  0.00000E+00  0.00000E+00  0.00000E+00  0.00000E+00  0.00000E+00
   12657   2  0.00000E+00  0.00000E+00  0.00000E+00  0.00000E+00  0.00000E+00  0.00000E+00  0.00000E+00  0.00000E+00  0.00000E+00  0.00000E+00  0.00000E+00  0.00000E+00  0.00000E+00  0.00000E+00  0.00000E+00  0.00000E+00  0.00000E+00  0.00000E+00  0.00000E+00  0.00000E+00  0.00000E+00  0.00000E+00  0.00000E+00  0.00000E+00
   19635   3  7.06223E-01  7.06223E-01  7.06223E-01  7.06223E-01  7.06223E-01  7.06223E-01  7.06223E-01  7.06223E-01  7.06223E-01  7.06223E-01  7.06223E-01  7.06223E-01  7.06223E-01  7.06223E-01  7.06223E-01  7.06223E-01  7.06223E-01  7.06223E-01  7.06223E-01  7.06223E-01  7.06223E-01  7.06223E-01  7.06223E-01  7.06223E-01
   19635   4  2.58668E-03  2.58668E-03  2.58668E-03  2.58668E-03  2.58668E-03  2.58668E-03  2.58668E-03  2.58668E-03  2.58668E-03  2.58668E-03  2.58668E-03  2.58668E-03  2.58668E-03  2.58668E-03  2.58668E-03  2.58668E-03  2.58668E-03  2.58668E-03  2.58668E-03  2.58668E-03  2.58668E-03  2.58668E-03  2.58668E-03  2.58668E-03
   20341   3  1.95092E-01  1.95092E-01  1.95092E-01  1.95092E-01  1.95092E-01  1.95092E-01  1.95092E-01  1.95092E-01  1.95092E-01  1.95092E-01  1.95092E-01  1.95092E-01  1.95092E-01  1.95092E-01  1.95092E-01  1.95092E-01  1.95092E-01  1.95092E-01  1.95092E-01  1.95092E-01  1.95092E-01  1.95092E-01  1.95092E-01  1.95092E-01
   20337   3  0.00000E+00  0.00000E+00  0.00000E+00  0.00000E+00  0.00000E+00  0.00000E+00  0.00000E+00  0.00000E+00  0.00000E+00  0.00000E+00  0.00000E+00  0.00000E+00  0.00000E+00  0.00000E+00  0.00000E+00  0.00000E+00  0.00000E+00  0.00000E+00  0.00000E+00  0.00000E+00  0.00000E+00  0.00000E+00  0.00000E+00  0.00000E+00
   20337   4  7.07340E-04  7.07340E-04  7.07340E-04  7.07340E-04  7.07340E-04  7.07340E-04  7.07340E-04  7.07340E-04  7.07340E-04  7.07340E-04  7.07340E-04  7.07340E-04  7.07340E-04  7.07340E-04  7.07340E-04  7.07340E-04  7.07340E-04  7.07340E-04  7.07340E-04  7.07340E-04  7.07340E-04  7.07340E-04  7.07340E-04  7.07340E-04
   19641   4  2.34759E-03  2.34759E-03  2.34759E-03  2.34759E-03  2.34759E-03  2.34759E-03  2.34759E-03  2.34759E-03  2.34759E-03  2.34759E-03  2.34759E-03  2.34759E-03  2.34759E-03  2.34759E-03  2.34759E-03  2.34759E-03  2.34759E-03  2.34759E-03  2.34759E-03  2.34759E-03  2.34759E-03  2.34759E-03  2.34759E-03  2.34759E-03
   19283   4  3.41611E-03  3.41611E-03  3.41611E-03  3.41611E-03  3.41611E-03  3.41611E-03  3.41611E-03  3.41611E-03  3.41611E-03  3.41611E-03  3.41611E-03  3.41611E-03  3.41611E-03  3.41611E-03  3.41611E-03  3.41611E-03  3.41611E-03  3.41611E-03  3.41611E-03  3.41611E-03  3.41611E-03  3.41611E-03  3.41611E-03  3.41611E-03
   19638   5  0.00000E+00  0.00000E+00  0.00000E+00  0.00000E+00  0.00000E+00  0.00000E+00  0.00000E+00  0.00000E+00  0.00000E+00  0.00000E+00  0.00000E+00  0.00000E+00  0.00000E+00  0.00000E+00  0.00000E+00  0.00000E+00  0.00000E+00  0.00000E+00  0.00000E+00  0.00000E+00  0.00000E+00  0.00000E+00  0.00000E+00  0.00000E+00
   19633   3  4.22702E-04  4.22702E-04  4.22702E-04  4.22702E-04  4.22702E-04  4.22702E-04  4.22702E-04  4.22702E-04  4.22702E-04  4.22702E-04  4.22702E-04  4.22702E-04  4.22702E-04  4.22702E-04  4.22702E-04  4.22702E-04  4.22702E-04  4.22702E-04  4.22702E-04  4.22702E-04  4.22702E-04  4.22702E-04  4.22702E-04  4.22702E-04
   19633   7  5.00163E-01  5.00163E-01  5.00163E-01  5.00163E-01  5.00163E-01  0.00000E+00  0.00000E+00  0.00000E+00  0.00000E+00  0.00000E+00  0.00000E+00  0.00000E+00  5.00163E-01  5.00163E-01  5.00163E-01  5.00163E-01  5.00163E-01  5.00163E-01  5.00163E-01  5.00163E-01  5.00163E-01  5.00163E-01  5.00163E-01  5.00163E-01
   19633   4  1.59996E-03  1.59996E-03  1.59996E-03  1.59996E-03  1.59996E-03  1.59996E-03  1.59996E-03  1.59996E-03  1.59996E-03  1.59996E-03  1.59996E-03  1.59996E-03  1.59996E-03  1.59996E-03  1.59996E-03  1.59996E-03  1.59996E-03  1.59996E-03  1.59996E-03  1.59996E-03  1.59996E-03  1.59996E-03  1.59996E-03  1.59996E-03
   18930   3  8.54312E-04  8.54312E-04  8.54312E-04  8.54312E-04  8.54312E-04  8.54312E-04  8.54312E-04  8.54312E-04  8.54312E-04  8.54312E-04  8.54312E-04  8.54312E-04  8.54312E-04  8.54312E-04  8.54312E-04  8.54312E-04  8.54312E-04  8.54312E-04  8.54312E-04  8.54312E-04  8.54312E-04  8.54312E-04  8.54312E-04  8.54312E-04
   19636   5  0.00000E+00  0.00000E+00  0.00000E+00  0.00000E+00  0.00000E+00  0.00000E+00  0.00000E+00  0.00000E+00  0.00000E+00  0.00000E+00  0.00000E+00  0.00000E+00  0.00000E+00  0.00000E+00  0.00000E+00  0.00000E+00  0.00000E+00  0.00000E+00  0.00000E+00  0.00000E+00  0.00000E+00  0.00000E+00  0.00000E+00  0.00000E+00
   20343   4  8.41297E-04  8.41297E-04  8.41297E-04  8.41297E-04  8.41297E-04  8.41297E-04  8.41297E-04  8.41297E-04  8.41297E-04  8.41297E-04  8.41297E-04  8.41297E-04  8.41297E-04  8.41297E-04  8.41297E-04  8.41297E-04  8.41297E-04  8.41297E-04  8.41297E-04  8.41297E-04  8.41297E-04  8.41297E-04  8.41297E-04  8.41297E-04
   20343   3  1.33177E-04  1.33177E-04  1.33177E-04  1.33177E-04  1.33177E-04  1.33177E-04  1.33177E-04  1.33177E-04  1.33177E-04  1.33177E-04  1.33177E-04  1.33177E-04  1.33177E-04  1.33177E-04  1.33177E-04  1.33177E-04  1.33177E-04  1.33177E-04  1.33177E-04  1.33177E-04  1.33177E-04  1.33177E-04  1.33177E-04  1.33177E-04
   19282   5  0.00000E+00  0.00000E+00  0.00000E+00  0.00000E+00  0.00000E+00  0.00000E+00  0.00000E+00  0.00000E+00  0.00000E+00  0.00000E+00  0.00000E+00  0.00000E+00  0.00000E+00  0.00000E+00  0.00000E+00  0.00000E+00  0.00000E+00  0.00000E+00  0.00000E+00  0.00000E+00  0.00000E+00  0.00000E+00  0.00000E+00  0.00000E+00
   19282   4  1.14895E-02  1.14895E-02  1.14895E-02  1.14895E-02  1.14895E-02  1.14895E-02  1.14895E-02  1.14895E-02  1.14895E-02  1.14895E-02  1.14895E-02  1.14895E-02  1.14895E-02  1.14895E-02  1.14895E-02  1.14895E-02  1.14895E-02  1.14895E-02  1.14895E-02  1.14895E-02  1.14895E-02  1.14895E-02  1.14895E-02  1.14895E-02
   19282   3  0.00000E+00  0.00000E+00  0.00000E+00  0.00000E+00  0.00000E+00  0.00000E+00  0.00000E+00  0.00000E+00  0.00000E+00  0.00000E+00  0.00000E+00  0.00000E+00  0.00000E+00  0.00000E+00  0.00000E+00  0.00000E+00  0.00000E+00  0.00000E+00  0.00000E+00  0.00000E+00  0.00000E+00  0.00000E+00  0.00000E+00  0.00000E+00
   19990   3  1.58572E-03  1.58572E-03  1.58572E-03  1.58572E-03  1.58572E-03  1.58572E-03  1.58572E-03  1.58572E-03  1.58572E-03  1.58572E-03  1.58572E-03  1.58572E-03  1.58572E-03  1.58572E-03  1.58572E-03  1.58572E-03  1.58572E-03  1.58572E-03  1.58572E-03  1.58572E-03  1.58572E-03  1.58572E-03  1.58572E-03  1.58572E-03
   19990   4  3.66854E-02  3.66854E-02  3.66854E-02  3.66854E-02  3.66854E-02  3.66854E-02  3.66854E-02  3.66854E-02  3.66854E-02  3.66854E-02  3.66854E-02  3.66854E-02  3.66854E-02  3.66854E-02  3.66854E-02  3.66854E-02  3.66854E-02  3.66854E-02  3.66854E-02  3.66854E-02  3.66854E-02  3.66854E-02  3.66854E-02  3.66854E-02
   18929   3  6.40324E-04  6.40324E-04  6.40324E-04  6.40324E-04  6.40324E-04  6.40324E-04  6.40324E-04  6.40324E-04  6.40324E-04  6.40324E-04  6.40324E-04  6.40324E-04  6.40324E-04  5.33895E-03  5.33895E-03  5.33895E-03  5.33895E-03  5.33895E-03  5.33895E-03  5.33895E-03  5.33895E-03  6.40324E-04  6.40324E-04  6.40324E-04
   18929   4  3.43221E+01  3.43221E+01  3.43221E+01  3.43221E+01  3.43221E+01  3.43221E+01  3.43221E+01  3.43221E+01  3.43221E+01  3.43221E+01  3.43221E+01  3.43221E+01  3.43221E+01  3.43286E+01  3.43286E+01  3.43286E+01  3.43286E+01  3.43286E+01  3.43286E+01  3.43286E+01  3.43286E+01  3.43221E+01  3.43221E+01  3.43221E+01
   19281   4  1.68301E-03  1.68301E-03  1.68301E-03  1.68301E-03  1.68301E-03  1.68301E-03  1.68301E-03  1.68301E-03  1.68301E-03  1.68301E-03  1.68301E-03  1.68301E-03  1.68301E-03  1.68301E-03  1.68301E-03  1.68301E-03  1.68301E-03  1.68301E-03  1.68301E-03  1.68301E-03  1.68301E-03  1.68301E-03  1.68301E-03  1.68301E-03
   19637   3  1.20796E-02  1.20796E-02  1.20796E-02  1.20796E-02  1.20796E-02  1.20796E-02  1.20796E-02  1.20796E-02  1.20796E-02  1.20796E-02  1.20796E-02  1.20796E-02  1.20796E-02  1.20796E-02  1.20796E-02  1.20796E-02  1.20796E-02  1.20796E-02  1.20796E-02  1.20796E-02  1.20796E-02  1.20796E-02  1.20796E-02  1.20796E-02
   17533   4  8.11831E-02  8.11831E-02  8.11831E-02  8.11831E-02  8.11831E-02  8.11831E-02  8.11831E-02  8.11831E-02  8.11831E-02  8.11831E-02  8.11831E-02  8.11831E-02  8.11831E-02  8.11831E-02  8.11831E-02  8.11831E-02  8.11831E-02  8.11831E-02  8.11831E-02  8.11831E-02  8.11831E-02  8.11831E-02  8.11831E-02  8.11831E-02
   17533   3  0.00000E+00  0.00000E+00  0.00000E+00  0.00000E+00  0.00000E+00  0.00000E+00  0.00000E+00  0.00000E+00  0.00000E+00  0.00000E+00  0.00000E+00  0.00000E+00  0.00000E+00  8.86690E-03  8.86690E-03  8.86690E-03  8.86690E-03  8.86690E-03  8.86690E-03  8.86690E-03  8.86690E-03  0.00000E+00  0.00000E+00  0.00000E+00
   19657   3  0.00000E+00  0.00000E+00  0.00000E+00  0.00000E+00  0.00000E+00  0.00000E+00  0.00000E+00  0.00000E+00  0.00000E+00  0.00000E+00  0.00000E+00  0.00000E+00  0.00000E+00  0.00000E+00  0.00000E+00  0.00000E+00  0.00000E+00  0.00000E+00  0.00000E+00  0.00000E+00  0.00000E+00  0.00000E+00  0.00000E+00  0.00000E+00
   19657   2  0.00000E+00  0.00000E+00  0.00000E+00  0.00000E+00  0.00000E+00  0.00000E+00  0.00000E+00  0.00000E+00  0.00000E+00  0.00000E+00  0.00000E+00  0.00000E+00  0.00000E+00  0.00000E+00  0.00000E+00  0.00000E+00  0.00000E+00  0.00000E+00  0.00000E+00  0.00000E+00  0.00000E+00  0.00000E+00  0.00000E+00  0.00000E+00
   17887   3  0.00000E+00  0.00000E+00  0.00000E+00  0.00000E+00  0.00000E+00  0.00000E+00  0.00000E+00  0.00000E+00  0.00000E+00  0.00000E+00  0.00000E+00  0.00000E+00  0.00000E+00  0.00000E+00  0.00000E+00  0.00000E+00  0.00000E+00  0.00000E+00  0.00000E+00  0.00000E+00  0.00000E+00  0.00000E+00  0.00000E+00  0.00000E+00
   20356   4  1.87696E-03  1.87696E-03  1.87696E-03  1.87696E-03  1.87696E-03  1.87696E-03  1.87696E-03  1.87696E-03  1.87696E-03  1.87696E-03  1.87696E-03  1.87696E-03  1.87696E-03  1.87696E-03  1.87696E-03  1.87696E-03  1.87696E-03  1.87696E-03  1.87696E-03  1.87696E-03  1.87696E-03  1.87696E-03  1.87696E-03  1.87696E-03
   20356   3  0.00000E+00  0.00000E+00  0.00000E+00  0.00000E+00  0.00000E+00  0.00000E+00  0.00000E+00  0.00000E+00  0.00000E+00  0.00000E+00  0.00000E+00  0.00000E+00  0.00000E+00  0.00000E+00  0.00000E+00  0.00000E+00  0.00000E+00  0.00000E+00  0.00000E+00  0.00000E+00  0.00000E+00  0.00000E+00  0.00000E+00  0.00000E+00
   20356   2  0.00000E+00  0.00000E+00  0.00000E+00  0.00000E+00  0.00000E+00  0.00000E+00  0.00000E+00  0.00000E+00  0.00000E+00  0.00000E+00  0.00000E+00  0.00000E+00  0.00000E+00  0.00000E+00  0.00000E+00  0.00000E+00  0.00000E+00  0.00000E+00  0.00000E+00  0.00000E+00  0.00000E+00  0.00000E+00  0.00000E+00  0.00000E+00
   15091   3  9.51666E+00  9.51666E+00  9.51666E+00  9.51666E+00  9.51666E+00  9.51285E+00  9.51285E+00  9.51285E+00  9.51285E+00  9.51285E+00  9.51285E+00  9.51285E+00  9.51285E+00  9.53297E+00  9.53297E+00  9.53297E+00  9.53297E+00  9.53297E+00  9.53297E+00  9.53297E+00  9.53297E+00  9.51666E+00  9.51666E+00  9.51666E+00
   15091   4  2.17153E+01  2.17153E+01  2.17153E+01  2.17153E+01  2.17153E+01  2.17153E+01  2.17153E+01  2.17153E+01  2.17153E+01  2.17153E+01  2.17153E+01  2.17153E+01  2.17153E+01  2.17153E+01  2.17153E+01  2.17153E+01  2.17153E+01  2.17153E+01  2.17153E+01  2.17153E+01  2.17153E+01  2.17153E+01  2.17153E+01  2.17153E+01
   15091   2  2.81180E+00  2.81180E+00  2.81180E+00  2.81180E+00  2.81180E+00  2.81180E+00  2.81180E+00  2.81180E+00  2.81180E+00  2.81180E+00  2.81180E+00  2.81180E+00  2.81180E+00  2.81180E+00  2.81180E+00  2.81180E+00  2.81180E+00  2.81180E+00  2.81180E+00  2.81180E+00  2.81180E+00  2.81180E+00  2.81180E+00  2.81180E+00
   15092   4  3.23198E-02  3.23198E-02  3.23198E-02  3.23198E-02  3.23198E-02  3.23198E-02  3.23198E-02  3.23198E-02  3.23198E-02  3.23198E-02  3.23198E-02  3.23198E-02  3.23198E-02  3.23198E-02  3.23198E-02  3.23198E-02  3.23198E-02  3.23198E-02  3.23198E-02  3.23198E-02  3.23198E-02  3.23198E-02  3.23198E-02  3.23198E-02
   15091   7  4.26387E+02  4.26387E+02  4.26387E+02  4.26387E+02  4.26387E+02  4.26387E+02  4.26387E+02  4.26387E+02  4.26387E+02  4.26387E+02  4.26387E+02  4.26387E+02  4.26387E+02  4.26387E+02  4.26387E+02  4.26387E+02  4.26387E+02  4.26387E+02  4.26387E+02  4.26387E+02  4.26387E+02  4.26387E+02  4.26387E+02  4.26387E+02
   15092   1  4.71411E+00  4.71411E+00  4.71411E+00  4.71411E+00  4.71411E+00  4.71411E+00  4.71411E+00  4.71411E+00  4.71411E+00  4.71411E+00  4.71411E+00  4.71411E+00  4.71411E+00  4.71411E+00  4.71411E+00  4.71411E+00  4.71411E+00  4.71411E+00  4.71411E+00  4.71411E+00  4.71411E+00  4.71411E+00  4.71411E+00  4.71411E+00
   15092   3  0.00000E+00  0.00000E+00  0.00000E+00  0.00000E+00  0.00000E+00  0.00000E+00  0.00000E+00  0.00000E+00  0.00000E+00  0.00000E+00  0.00000E+00  0.00000E+00  0.00000E+00  0.00000E+00  0.00000E+00  0.00000E+00  0.00000E+00  0.00000E+00  0.00000E+00  0.00000E+00  0.00000E+00  0.00000E+00  0.00000E+00  0.00000E+00
   15092   2  0.00000E+00  0.00000E+00  0.00000E+00  0.00000E+00  0.00000E+00  0.00000E+00  0.00000E+00  0.00000E+00  0.00000E+00  0.00000E+00  0.00000E+00  0.00000E+00  0.00000E+00  0.00000E+00  0.00000E+00  0.00000E+00  0.00000E+00  0.00000E+00  0.00000E+00  0.00000E+00  0.00000E+00  0.00000E+00  0.00000E+00  0.00000E+00
   14738   4  0.00000E+00  0.00000E+00  0.00000E+00  0.00000E+00  0.00000E+00  0.00000E+00  0.00000E+00  0.00000E+00  0.00000E+00  0.00000E+00  0.00000E+00  0.00000E+00  0.00000E+00  0.00000E+00  0.00000E+00  0.00000E+00  0.00000E+00  0.00000E+00  0.00000E+00  0.00000E+00  0.00000E+00  0.00000E+00  0.00000E+00  0.00000E+00
   17885   3  0.00000E+00  0.00000E+00  0.00000E+00  0.00000E+00  0.00000E+00  0.00000E+00  0.00000E+00  0.00000E+00  0.00000E+00  0.00000E+00  0.00000E+00  0.00000E+00  0.00000E+00  2.52599E-01  2.52599E-01  2.52599E-01  2.52599E-01  2.52599E-01  2.52599E-01  2.52599E-01  2.52599E-01  0.00000E+00  0.00000E+00  0.00000E+00
   17885   4  6.13957E-04  6.13957E-04  6.13957E-04  6.13957E-04  6.13957E-04  6.13957E-04  6.13957E-04  6.13957E-04  6.13957E-04  6.13957E-04  6.13957E-04  6.13957E-04  6.13957E-04  6.13957E-04  6.13957E-04  6.13957E-04  6.13957E-04  6.13957E-04  6.13957E-04  6.13957E-04  6.13957E-04  6.13957E-04  6.13957E-04  6.13957E-04
   18238   4  0.00000E+00  0.00000E+00  0.00000E+00  0.00000E+00  0.00000E+00  0.00000E+00  0.00000E+00  0.00000E+00  0.00000E+00  0.00000E+00  0.00000E+00  0.00000E+00  0.00000E+00  0.00000E+00  0.00000E+00  0.00000E+00  0.00000E+00  0.00000E+00  0.00000E+00  0.00000E+00  0.00000E+00  0.00000E+00  0.00000E+00  0.00000E+00
   15426   3  0.00000E+00  0.00000E+00  0.00000E+00  0.00000E+00  0.00000E+00  0.00000E+00  0.00000E+00  0.00000E+00  0.00000E+00  0.00000E+00  0.00000E+00  0.00000E+00  0.00000E+00  0.00000E+00  0.00000E+00  0.00000E+00  0.00000E+00  0.00000E+00  0.00000E+00  0.00000E+00  0.00000E+00  0.00000E+00  0.00000E+00  0.00000E+00
   14383   3  2.03426E+00  2.03426E+00  2.03426E+00  2.03426E+00  2.03426E+00  2.03426E+00  2.03426E+00  2.03426E+00  2.03426E+00  2.03426E+00  2.03426E+00  2.03426E+00  2.03426E+00  2.03426E+00  2.03426E+00  2.03426E+00  2.03426E+00  2.03426E+00  2.03426E+00  2.03426E+00  2.03426E+00  2.03426E+00  2.03426E+00  2.03426E+00
   14736   4  2.26759E-01  2.26759E-01  2.26759E-01  2.26759E-01  2.26759E-01  2.26759E-01  2.26759E-01  2.26759E-01  2.26759E-01  2.26759E-01  2.26759E-01  2.26759E-01  2.26759E-01  2.29026E-01  2.29026E-01  2.29026E-01  2.29026E-01  2.29026E-01  2.29026E-01  2.29026E-01  2.29026E-01  2.26759E-01  2.26759E-01  2.26759E-01
   14383   4  4.37129E+00  4.37129E+00  4.37129E+00  4.37129E+00  4.37129E+00  4.37129E+00  4.37129E+00  4.37129E+00  4.37129E+00  4.37129E+00  4.37129E+00  4.37129E+00  4.37129E+00  4.37129E+00  4.37129E+00  4.37129E+00  4.37129E+00  4.37129E+00  4.37129E+00  4.37129E+00  4.37129E+00  4.37129E+00  4.37129E+00  4.37129E+00
   14383   2  3.66166E+01  3.66166E+01  3.66166E+01  3.66166E+01  3.66166E+01  3.66166E+01  3.66166E+01  3.66166E+01  3.66166E+01  3.66166E+01  3.66166E+01  3.66166E+01  3.66166E+01  3.66166E+01  3.66166E+01  3.66166E+01  3.66166E+01  3.66166E+01  3.66166E+01  3.66166E+01  3.66166E+01  3.66166E+01  3.66166E+01  3.66166E+01
   14383   1  0.00000E+00  0.00000E+00  0.00000E+00  0.00000E+00  0.00000E+00  0.00000E+00  0.00000E+00  0.00000E+00  0.00000E+00  0.00000E+00  0.00000E+00  0.00000E+00  0.00000E+00  0.00000E+00  0.00000E+00  0.00000E+00  0.00000E+00  0.00000E+00  0.00000E+00  0.00000E+00  0.00000E+00  0.00000E+00  0.00000E+00  0.00000E+00
   17892   3  1.17876E-02  1.17876E-02  1.17876E-02  1.17876E-02  1.17876E-02  1.17876E-02  1.17876E-02  1.17876E-02  1.17876E-02  1.17876E-02  1.17876E-02  1.17876E-02  1.17876E-02  1.17876E-02  1.17876E-02  1.17876E-02  1.17876E-02  1.17876E-02  1.17876E-02  1.17876E-02  1.17876E-02  1.17876E-02  1.17876E-02  1.17876E-02
   17180   3  0.00000E+00  0.00000E+00  0.00000E+00  0.00000E+00  0.00000E+00  0.00000E+00  0.00000E+00  0.00000E+00  0.00000E+00  0.00000E+00  0.00000E+00  0.00000E+00  0.00000E+00  0.00000E+00  0.00000E+00  0.00000E+00  0.00000E+00  0.00000E+00  0.00000E+00  0.00000E+00  0.00000E+00  0.00000E+00  0.00000E+00  0.00000E+00
   17180   2  0.00000E+00  0.00000E+00  0.00000E+00  0.00000E+00  0.00000E+00  0.00000E+00  0.00000E+00  0.00000E+00  0.00000E+00  0.00000E+00  0.00000E+00  0.00000E+00  0.00000E+00  0.00000E+00  0.00000E+00  0.00000E+00  0.00000E+00  0.00000E+00  0.00000E+00  0.00000E+00  0.00000E+00  0.00000E+00  0.00000E+00  0.00000E+00
   17182   3  0.00000E+00  0.00000E+00  0.00000E+00  0.00000E+00  0.00000E+00  0.00000E+00  0.00000E+00  0.00000E+00  0.00000E+00  0.00000E+00  0.00000E+00  0.00000E+00  0.00000E+00  0.00000E+00  0.00000E+00  0.00000E+00  0.00000E+00  0.00000E+00  0.00000E+00  0.00000E+00  0.00000E+00  0.00000E+00  0.00000E+00  0.00000E+00
   14735   3  4.49458E-03  4.49458E-03  4.49458E-03  4.49458E-03  4.49458E-03  0.00000E+00  0.00000E+00  0.00000E+00  0.00000E+00  0.00000E+00  0.00000E+00  0.00000E+00  0.00000E+00  4.49458E-03  4.49458E-03  4.49458E-03  4.49458E-03  4.49458E-03  4.49458E-03  4.49458E-03  4.49458E-03  4.49458E-03  4.49458E-03  4.49458E-03
   17884   4  2.04774E-02  2.04774E-02  2.04774E-02  2.04774E-02  2.04774E-02  2.04774E-02  2.04774E-02  2.04774E-02  2.04774E-02  2.04774E-02  2.04774E-02  2.04774E-02  2.04774E-02  2.04774E-02  2.04774E-02  2.04774E-02  2.04774E-02  2.04774E-02  2.04774E-02  2.04774E-02  2.04774E-02  2.04774E-02  2.04774E-02  2.04774E-02
   18944   3  0.00000E+00  0.00000E+00  0.00000E+00  0.00000E+00  0.00000E+00  0.00000E+00  0.00000E+00  0.00000E+00  0.00000E+00  0.00000E+00  0.00000E+00  0.00000E+00  0.00000E+00  0.00000E+00  0.00000E+00  0.00000E+00  0.00000E+00  0.00000E+00  0.00000E+00  0.00000E+00  0.00000E+00  0.00000E+00  0.00000E+00  0.00000E+00
   15082   3  0.00000E+00  0.00000E+00  0.00000E+00  0.00000E+00  0.00000E+00  0.00000E+00  0.00000E+00  0.00000E+00  0.00000E+00  0.00000E+00  0.00000E+00  0.00000E+00  0.00000E+00  0.00000E+00  0.00000E+00  0.00000E+00  0.00000E+00  0.00000E+00  0.00000E+00  0.00000E+00  0.00000E+00  0.00000E+00  0.00000E+00  0.00000E+00
   15082   2  0.00000E+00  0.00000E+00  0.00000E+00  0.00000E+00  0.00000E+00  0.00000E+00  0.00000E+00  0.00000E+00  0.00000E+00  0.00000E+00  0.00000E+00  0.00000E+00  0.00000E+00  0.00000E+00  0.00000E+00  0.00000E+00  0.00000E+00  0.00000E+00  0.00000E+00  0.00000E+00  0.00000E+00  0.00000E+00  0.00000E+00  0.00000E+00
   14385   3  3.83464E-03  3.83464E-03  3.83464E-03  3.83464E-03  3.83464E-03  0.00000E+00  0.00000E+00  0.00000E+00  0.00000E+00  0.00000E+00  0.00000E+00  0.00000E+00  0.00000E+00  3.83464E-03  3.83464E-03  3.83464E-03  3.83464E-03  3.83464E-03  3.83464E-03  3.83464E-03  3.83464E-03  3.83464E-03  3.83464E-03  3.83464E-03
   14385   4  2.10585E-02  2.10585E-02  2.10585E-02  2.10585E-02  2.10585E-02  2.10585E-02  2.10585E-02  2.10585E-02  2.10585E-02  2.10585E-02  2.10585E-02  2.10585E-02  2.10585E-02  2.10585E-02  2.10585E-02  2.10585E-02  2.10585E-02  2.10585E-02  2.10585E-02  2.10585E-02  2.10585E-02  2.10585E-02  2.10585E-02  2.10585E-02
   17531   4  1.23328E-01  1.23328E-01  1.23328E-01  1.23328E-01  1.23328E-01  1.23328E-01  1.23328E-01  1.23328E-01  1.23328E-01  1.23328E-01  1.23328E-01  1.23328E-01  1.23328E-01  1.23328E-01  1.23328E-01  1.23328E-01  1.23328E-01  1.23328E-01  1.23328E-01  1.23328E-01  1.23328E-01  1.23328E-01  1.23328E-01  1.23328E-01
   17531   3  0.00000E+00  0.00000E+00  0.00000E+00  0.00000E+00  0.00000E+00  0.00000E+00  0.00000E+00  0.00000E+00  0.00000E+00  0.00000E+00  0.00000E+00  0.00000E+00  0.00000E+00  3.50245E-01  3.50245E-01  3.50245E-01  3.50245E-01  3.50245E-01  3.50245E-01  3.50245E-01  3.50245E-01  0.00000E+00  0.00000E+00  0.00000E+00
   17531   5  0.00000E+00  0.00000E+00  0.00000E+00  0.00000E+00  0.00000E+00  0.00000E+00  0.00000E+00  0.00000E+00  0.00000E+00  0.00000E+00  0.00000E+00  0.00000E+00  0.00000E+00  0.00000E+00  0.00000E+00  0.00000E+00  0.00000E+00  0.00000E+00  0.00000E+00  0.00000E+00  0.00000E+00  0.00000E+00  0.00000E+00  0.00000E+00
   17531   2  7.99696E-03  7.99696E-03  7.99696E-03  7.99696E-03  7.99696E-03  7.99696E-03  7.99696E-03  7.99696E-03  7.99696E-03  7.99696E-03  7.99696E-03  7.99696E-03  7.99696E-03  7.99696E-03  7.99696E-03  7.99696E-03  7.99696E-03  7.99696E-03  7.99696E-03  7.99696E-03  7.99696E-03  7.99696E-03  7.99696E-03  7.99696E-03
   17531   7  1.84633E+00  1.84633E+00  1.84633E+00  1.84633E+00  1.84633E+00  1.84633E+00  1.84633E+00  1.84633E+00  1.84633E+00  1.84633E+00  1.84633E+00  1.84633E+00  1.84633E+00  1.84633E+00  1.84633E+00  1.84633E+00  1.84633E+00  1.84633E+00  1.84633E+00  1.84633E+00  1.84633E+00  1.84633E+00  1.84633E+00  1.84633E+00
   21411   4  1.14626E-03  1.14626E-03  1.14626E-03  1.14626E-03  1.14626E-03  1.14626E-03  1.14626E-03  1.14626E-03  1.14626E-03  1.14626E-03  1.14626E-03  1.14626E-03  1.14626E-03  1.14626E-03  1.14626E-03  1.14626E-03  1.14626E-03  1.14626E-03  1.14626E-03  1.14626E-03  1.14626E-03  1.14626E-03  1.14626E-03  1.14626E-03
   20709   4  2.82516E-01  2.82516E-01  2.82516E-01  2.82516E-01  2.82516E-01  2.82516E-01  2.82516E-01  2.82516E-01  2.82516E-01  2.82516E-01  2.82516E-01  2.82516E-01  2.82516E-01  2.82516E-01  2.82516E-01  2.82516E-01  2.82516E-01  2.82516E-01  2.82516E-01  2.82516E-01  2.82516E-01  2.82516E-01  2.82516E-01  2.82516E-01
   20709   7  4.17807E+00  4.17807E+00  4.17807E+00  4.17807E+00  4.17807E+00  4.17807E+00  4.17807E+00  4.17807E+00  4.17807E+00  4.17807E+00  4.17807E+00  4.17807E+00  4.17807E+00  4.17807E+00  4.17807E+00  4.17807E+00  4.17807E+00  4.17807E+00  4.17807E+00  4.17807E+00  4.17807E+00  4.17807E+00  4.17807E+00  4.17807E+00
   13676   3  2.40883E-01  2.40883E-01  2.40883E-01  2.40883E-01  2.40883E-01  2.40883E-01  2.40883E-01  2.40883E-01  2.40883E-01  2.40883E-01  2.40883E-01  2.40883E-01  2.40883E-01  2.96245E-01  2.96245E-01  2.96245E-01  2.96245E-01  2.96245E-01  2.96245E-01  2.96245E-01  2.96245E-01  2.40883E-01  2.40883E-01  2.40883E-01
   21062   3  0.00000E+00  0.00000E+00  0.00000E+00  0.00000E+00  0.00000E+00  0.00000E+00  0.00000E+00  0.00000E+00  0.00000E+00  0.00000E+00  0.00000E+00  0.00000E+00  0.00000E+00  0.00000E+00  0.00000E+00  0.00000E+00  0.00000E+00  0.00000E+00  0.00000E+00  0.00000E+00  0.00000E+00  0.00000E+00  0.00000E+00  0.00000E+00
   17196   3  0.00000E+00  0.00000E+00  0.00000E+00  0.00000E+00  0.00000E+00  0.00000E+00  0.00000E+00  0.00000E+00  0.00000E+00  0.00000E+00  0.00000E+00  0.00000E+00  0.00000E+00  0.00000E+00  0.00000E+00  0.00000E+00  0.00000E+00  0.00000E+00  0.00000E+00  0.00000E+00  0.00000E+00  0.00000E+00  0.00000E+00  0.00000E+00
   17196   2  0.00000E+00  0.00000E+00  0.00000E+00  0.00000E+00  0.00000E+00  0.00000E+00  0.00000E+00  0.00000E+00  0.00000E+00  0.00000E+00  0.00000E+00  0.00000E+00  0.00000E+00  0.00000E+00  0.00000E+00  0.00000E+00  0.00000E+00  0.00000E+00  0.00000E+00  0.00000E+00  0.00000E+00  0.00000E+00  0.00000E+00  0.00000E+00
   23179   4  1.09460E-02  1.09460E-02  1.09460E-02  1.09460E-02  1.09460E-02  1.09460E-02  1.09460E-02  1.09460E-02  1.09460E-02  1.09460E-02  1.09460E-02  1.09460E-02  1.09460E-02  1.09460E-02  1.09460E-02  1.09460E-02  1.09460E-02  1.09460E-02  1.09460E-02  1.09460E-02  1.09460E-02  1.09460E-02  1.09460E-02  1.09460E-02
   23179   3  0.00000E+00  0.00000E+00  0.00000E+00  0.00000E+00  0.00000E+00  0.00000E+00  0.00000E+00  0.00000E+00  0.00000E+00  0.00000E+00  0.00000E+00  0.00000E+00  0.00000E+00  0.00000E+00  0.00000E+00  0.00000E+00  0.00000E+00  0.00000E+00  0.00000E+00  0.00000E+00  0.00000E+00  0.00000E+00  0.00000E+00  0.00000E+00
   18247   4  0.00000E+00  0.00000E+00  0.00000E+00  0.00000E+00  0.00000E+00  0.00000E+00  0.00000E+00  0.00000E+00  0.00000E+00  0.00000E+00  0.00000E+00  0.00000E+00  0.00000E+00  0.00000E+00  0.00000E+00  0.00000E+00  0.00000E+00  0.00000E+00  0.00000E+00  0.00000E+00  0.00000E+00  0.00000E+00  0.00000E+00  0.00000E+00
   12621   2  0.00000E+00  0.00000E+00  0.00000E+00  0.00000E+00  0.00000E+00  0.00000E+00  0.00000E+00  0.00000E+00  0.00000E+00  0.00000E+00  0.00000E+00  0.00000E+00  0.00000E+00  0.00000E+00  0.00000E+00  0.00000E+00  0.00000E+00  0.00000E+00  0.00000E+00  0.00000E+00  0.00000E+00  0.00000E+00  0.00000E+00  0.00000E+00
   12621   3  0.00000E+00  0.00000E+00  0.00000E+00  0.00000E+00  0.00000E+00  0.00000E+00  0.00000E+00  0.00000E+00  0.00000E+00  0.00000E+00  0.00000E+00  0.00000E+00  0.00000E+00  0.00000E+00  0.00000E+00  0.00000E+00  0.00000E+00  0.00000E+00  0.00000E+00  0.00000E+00  0.00000E+00  0.00000E+00  0.00000E+00  0.00000E+00
   12621   7  3.79880E+00  3.79880E+00  3.79880E+00  3.79880E+00  3.79880E+00  3.79880E+00  3.79880E+00  3.79880E+00  3.79880E+00  3.79880E+00  3.79880E+00  3.79880E+00  3.79880E+00  3.79880E+00  3.79880E+00  3.79880E+00  3.79880E+00  3.79880E+00  3.79880E+00  3.79880E+00  3.79880E+00  3.79880E+00  3.79880E+00  3.79880E+00
   21063   3  7.21477E-02  7.21477E-02  7.21477E-02  7.21477E-02  7.21477E-02  7.21477E-02  7.21477E-02  7.21477E-02  7.21477E-02  7.21477E-02  7.21477E-02  7.21477E-02  7.21477E-02  7.21477E-02  7.21477E-02  7.21477E-02  7.21477E-02  7.21477E-02  7.21477E-02  7.21477E-02  7.21477E-02  7.21477E-02  7.21477E-02  7.21477E-02
   17529   4  4.08720E-03  4.08720E-03  4.08720E-03  4.08720E-03  4.08720E-03  4.08720E-03  4.08720E-03  4.08720E-03  4.08720E-03  4.08720E-03  4.08720E-03  4.08720E-03  4.08720E-03  4.08720E-03  4.08720E-03  4.08720E-03  4.08720E-03  4.08720E-03  4.08720E-03  4.08720E-03  4.08720E-03  4.08720E-03  4.08720E-03  4.08720E-03
   17530   3  5.45384E-01  5.45384E-01  5.45384E-01  5.45384E-01  5.45384E-01  5.45384E-01  5.45384E-01  5.45384E-01  5.45384E-01  5.45384E-01  5.45384E-01  5.45384E-01  5.45384E-01  5.45384E-01  5.45384E-01  5.45384E-01  5.45384E-01  5.45384E-01  5.45384E-01  5.45384E-01  5.45384E-01  5.45384E-01  5.45384E-01  5.45384E-01
   17530   4  2.45062E-01  2.45062E-01  2.45062E-01  2.45062E-01  2.45062E-01  2.45062E-01  2.45062E-01  2.45062E-01  2.45062E-01  2.45062E-01  2.45062E-01  2.45062E-01  2.45062E-01  2.45062E-01  2.45062E-01  2.45062E-01  2.45062E-01  2.45062E-01  2.45062E-01  2.45062E-01  2.45062E-01  2.45062E-01  2.45062E-01  2.45062E-01
   17530   6  1.75186E-01  1.75186E-01  1.75186E-01  1.75186E-01  1.75186E-01  1.75186E-01  1.75186E-01  1.75186E-01  1.75186E-01  1.75186E-01  1.75186E-01  1.75186E-01  1.75186E-01  1.75186E-01  1.75186E-01  1.75186E-01  1.75186E-01  1.75186E-01  1.75186E-01  1.75186E-01  1.75186E-01  1.75186E-01  1.75186E-01  1.75186E-01
   32341   4  0.00000E+00  0.00000E+00  0.00000E+00  0.00000E+00  0.00000E+00  0.00000E+00  0.00000E+00  0.00000E+00  0.00000E+00  0.00000E+00  0.00000E+00  0.00000E+00  0.00000E+00  0.00000E+00  0.00000E+00  0.00000E+00  0.00000E+00  0.00000E+00  0.00000E+00  0.00000E+00  0.00000E+00  0.00000E+00  0.00000E+00  0.00000E+00
   31636   3  0.00000E+00  0.00000E+00  0.00000E+00  0.00000E+00  0.00000E+00  0.00000E+00  0.00000E+00  0.00000E+00  0.00000E+00  0.00000E+00  0.00000E+00  0.00000E+00  0.00000E+00  0.00000E+00  0.00000E+00  0.00000E+00  0.00000E+00  0.00000E+00  0.00000E+00  0.00000E+00  0.00000E+00  0.00000E+00  0.00000E+00  0.00000E+00
   31636   2  0.00000E+00  0.00000E+00  0.00000E+00  0.00000E+00  0.00000E+00  0.00000E+00  0.00000E+00  0.00000E+00  0.00000E+00  0.00000E+00  0.00000E+00  0.00000E+00  0.00000E+00  0.00000E+00  0.00000E+00  0.00000E+00  0.00000E+00  0.00000E+00  0.00000E+00  0.00000E+00  0.00000E+00  0.00000E+00  0.00000E+00  0.00000E+00
   32694   3  0.00000E+00  0.00000E+00  0.00000E+00  0.00000E+00  0.00000E+00  0.00000E+00  0.00000E+00  0.00000E+00  0.00000E+00  0.00000E+00  0.00000E+00  0.00000E+00  0.00000E+00  0.00000E+00  0.00000E+00  0.00000E+00  0.00000E+00  0.00000E+00  0.00000E+00  0.00000E+00  0.00000E+00  0.00000E+00  0.00000E+00  0.00000E+00
   17888   3  0.00000E+00  0.00000E+00  0.00000E+00  0.00000E+00  0.00000E+00  0.00000E+00  0.00000E+00  0.00000E+00  0.00000E+00  0.00000E+00  0.00000E+00  0.00000E+00  0.00000E+00  0.00000E+00  0.00000E+00  0.00000E+00  0.00000E+00  0.00000E+00  0.00000E+00  0.00000E+00  0.00000E+00  0.00000E+00  0.00000E+00  0.00000E+00
   19303   4  1.20057E-05  1.20057E-05  1.20057E-05  1.20057E-05  1.20057E-05  1.20057E-05  1.20057E-05  1.20057E-05  1.20057E-05  1.20057E-05  1.20057E-05  1.20057E-05  1.20057E-05  1.20057E-05  1.20057E-05  1.20057E-05  1.20057E-05  1.20057E-05  1.20057E-05  1.20057E-05  1.20057E-05  1.20057E-05  1.20057E-05  1.20057E-05
   20352   4  0.00000E+00  0.00000E+00  0.00000E+00  0.00000E+00  0.00000E+00  0.00000E+00  0.00000E+00  0.00000E+00  0.00000E+00  0.00000E+00  0.00000E+00  0.00000E+00  0.00000E+00  0.00000E+00  0.00000E+00  0.00000E+00  0.00000E+00  0.00000E+00  0.00000E+00  0.00000E+00  0.00000E+00  0.00000E+00  0.00000E+00  0.00000E+00
   20352   7  1.62062E+00  1.62062E+00  1.62062E+00  1.62062E+00  1.62062E+00  1.62062E+00  1.62062E+00  1.62062E+00  1.62062E+00  1.62062E+00  1.62062E+00  1.62062E+00  1.62062E+00  1.62062E+00  1.62062E+00  1.62062E+00  1.62062E+00  1.62062E+00  1.62062E+00  1.62062E+00  1.62062E+00  1.62062E+00  1.62062E+00  1.62062E+00
   24938   4  1.87696E-03  1.87696E-03  1.87696E-03  1.87696E-03  1.87696E-03  1.87696E-03  1.87696E-03  1.87696E-03  1.87696E-03  1.87696E-03  1.87696E-03  1.87696E-03  1.87696E-03  1.87696E-03  1.87696E-03  1.87696E-03  1.87696E-03  1.87696E-03  1.87696E-03  1.87696E-03  1.87696E-03  1.87696E-03  1.87696E-03  1.87696E-03
   24938   3  3.44533E-02  3.44533E-02  3.44533E-02  3.44533E-02  3.44533E-02  3.44533E-02  3.44533E-02  3.44533E-02  3.44533E-02  3.44533E-02  3.44533E-02  3.44533E-02  3.44533E-02  3.44533E-02  3.44533E-02  3.44533E-02  3.44533E-02  3.44533E-02  3.44533E-02  3.44533E-02  3.44533E-02  3.44533E-02  3.44533E-02  3.44533E-02
   24938   2  0.00000E+00  0.00000E+00  0.00000E+00  0.00000E+00  0.00000E+00  0.00000E+00  0.00000E+00  0.00000E+00  0.00000E+00  0.00000E+00  0.00000E+00  0.00000E+00  0.00000E+00  0.00000E+00  0.00000E+00  0.00000E+00  0.00000E+00  0.00000E+00  0.00000E+00  0.00000E+00  0.00000E+00  0.00000E+00  0.00000E+00  0.00000E+00
   24938   7  6.23057E+00  6.23057E+00  6.23057E+00  6.23057E+00  6.23057E+00  6.23057E+00  6.23057E+00  6.23057E+00  6.23057E+00  6.23057E+00  6.23057E+00  6.23057E+00  6.23057E+00  6.23057E+00  6.23057E+00  6.23057E+00  6.23057E+00  6.23057E+00  6.23057E+00  6.23057E+00  6.23057E+00  6.23057E+00  6.23057E+00  6.23057E+00
   31639   3  0.00000E+00  0.00000E+00  0.00000E+00  0.00000E+00  0.00000E+00  0.00000E+00  0.00000E+00  0.00000E+00  0.00000E+00  0.00000E+00  0.00000E+00  0.00000E+00  0.00000E+00  0.00000E+00  0.00000E+00  0.00000E+00  0.00000E+00  0.00000E+00  0.00000E+00  0.00000E+00  0.00000E+00  0.00000E+00  0.00000E+00  0.00000E+00
   13317   4  4.30712E-03  4.30712E-03  4.30712E-03  4.30712E-03  4.30712E-03  4.30712E-03  4.30712E-03  4.30712E-03  4.30712E-03  4.30712E-03  4.30712E-03  4.30712E-03  4.30712E-03  4.30712E-03  4.30712E-03  4.30712E-03  4.30712E-03  4.30712E-03  4.30712E-03  4.30712E-03  4.30712E-03  4.30712E-03  4.30712E-03  4.30712E-03
   12967   4  6.13957E-04  6.13957E-04  6.13957E-04  6.13957E-04  6.13957E-04  6.13957E-04  6.13957E-04  6.13957E-04  6.13957E-04  6.13957E-04  6.13957E-04  6.13957E-04  6.13957E-04  6.13957E-04  6.13957E-04  6.13957E-04  6.13957E-04  6.13957E-04  6.13957E-04  6.13957E-04  6.13957E-04  6.13957E-04  6.13957E-04  6.13957E-04
   12967   3  0.00000E+00  0.00000E+00  0.00000E+00  0.00000E+00  0.00000E+00  0.00000E+00  0.00000E+00  0.00000E+00  0.00000E+00  0.00000E+00  0.00000E+00  0.00000E+00  0.00000E+00  2.42075E-03  2.42075E-03  2.42075E-03  2.42075E-03  2.42075E-03  2.42075E-03  2.42075E-03  2.42075E-03  0.00000E+00  0.00000E+00  0.00000E+00
   26700   3  0.00000E+00  0.00000E+00  0.00000E+00  0.00000E+00  0.00000E+00  0.00000E+00  0.00000E+00  0.00000E+00  0.00000E+00  0.00000E+00  0.00000E+00  0.00000E+00  0.00000E+00  0.00000E+00  0.00000E+00  0.00000E+00  0.00000E+00  0.00000E+00  0.00000E+00  0.00000E+00  0.00000E+00  0.00000E+00  0.00000E+00  0.00000E+00
   16475   3  0.00000E+00  0.00000E+00  0.00000E+00  0.00000E+00  0.00000E+00  0.00000E+00  0.00000E+00  0.00000E+00  0.00000E+00  0.00000E+00  0.00000E+00  0.00000E+00  0.00000E+00  0.00000E+00  0.00000E+00  0.00000E+00  0.00000E+00  0.00000E+00  0.00000E+00  0.00000E+00  0.00000E+00  0.00000E+00  0.00000E+00  0.00000E+00
   16475   2  0.00000E+00  0.00000E+00  0.00000E+00  0.00000E+00  0.00000E+00  0.00000E+00  0.00000E+00  0.00000E+00  0.00000E+00  0.00000E+00  0.00000E+00  0.00000E+00  0.00000E+00  0.00000E+00  0.00000E+00  0.00000E+00  0.00000E+00  0.00000E+00  0.00000E+00  0.00000E+00  0.00000E+00  0.00000E+00  0.00000E+00  0.00000E+00
   16481   3  0.00000E+00  0.00000E+00  0.00000E+00  0.00000E+00  0.00000E+00  0.00000E+00  0.00000E+00  0.00000E+00  0.00000E+00  0.00000E+00  0.00000E+00  0.00000E+00  0.00000E+00  0.00000E+00  0.00000E+00  0.00000E+00  0.00000E+00  0.00000E+00  0.00000E+00  0.00000E+00  0.00000E+00  0.00000E+00  0.00000E+00  0.00000E+00
   16481   7  3.94966E+00  3.94966E+00  3.94966E+00  3.94966E+00  3.94966E+00  3.94966E+00  3.94966E+00  3.94966E+00  3.94966E+00  3.94966E+00  3.94966E+00  3.94966E+00  3.94966E+00  3.94966E+00  3.94966E+00  3.94966E+00  3.94966E+00  3.94966E+00  3.94966E+00  3.94966E+00  3.94966E+00  3.94966E+00  3.94966E+00  3.94966E+00
   25290   6  0.00000E+00  0.00000E+00  0.00000E+00  0.00000E+00  0.00000E+00  0.00000E+00  0.00000E+00  0.00000E+00  0.00000E+00  0.00000E+00  0.00000E+00  0.00000E+00  0.00000E+00  0.00000E+00  0.00000E+00  0.00000E+00  0.00000E+00  0.00000E+00  0.00000E+00  0.00000E+00  0.00000E+00  0.00000E+00  0.00000E+00  0.00000E+00
   25290   3  0.00000E+00  0.00000E+00  0.00000E+00  0.00000E+00  0.00000E+00  0.00000E+00  0.00000E+00  0.00000E+00  0.00000E+00  0.00000E+00  0.00000E+00  0.00000E+00  0.00000E+00  0.00000E+00  0.00000E+00  0.00000E+00  0.00000E+00  0.00000E+00  0.00000E+00  0.00000E+00  0.00000E+00  0.00000E+00  0.00000E+00  0.00000E+00
   26704   4  2.10500E-04  2.10500E-04  2.10500E-04  2.10500E-04  2.10500E-04  2.10500E-04  2.10500E-04  2.10500E-04  2.10500E-04  2.10500E-04  2.10500E-04  2.10500E-04  2.10500E-04  2.10500E-04  2.10500E-04  2.10500E-04  2.10500E-04  2.10500E-04  2.10500E-04  2.10500E-04  2.10500E-04  2.10500E-04  2.10500E-04  2.10500E-04
   26704   2  0.00000E+00  0.00000E+00  0.00000E+00  0.00000E+00  0.00000E+00  0.00000E+00  0.00000E+00  0.00000E+00  0.00000E+00  0.00000E+00  0.00000E+00  0.00000E+00  0.00000E+00  0.00000E+00  0.00000E+00  0.00000E+00  0.00000E+00  0.00000E+00  0.00000E+00  0.00000E+00  0.00000E+00  0.00000E+00  0.00000E+00  0.00000E+00
   20009   2  0.00000E+00  0.00000E+00  0.00000E+00  0.00000E+00  0.00000E+00  0.00000E+00  0.00000E+00  0.00000E+00  0.00000E+00  0.00000E+00  0.00000E+00  0.00000E+00  0.00000E+00  0.00000E+00  0.00000E+00  0.00000E+00  0.00000E+00  0.00000E+00  0.00000E+00  0.00000E+00  0.00000E+00  0.00000E+00  0.00000E+00  0.00000E+00
   20362   3  0.00000E+00  0.00000E+00  0.00000E+00  0.00000E+00  0.00000E+00  0.00000E+00  0.00000E+00  0.00000E+00  0.00000E+00  0.00000E+00  0.00000E+00  0.00000E+00  0.00000E+00  0.00000E+00  0.00000E+00  0.00000E+00  0.00000E+00  0.00000E+00  0.00000E+00  0.00000E+00  0.00000E+00  0.00000E+00  0.00000E+00  0.00000E+00
   20362   2  0.00000E+00  0.00000E+00  0.00000E+00  0.00000E+00  0.00000E+00  0.00000E+00  0.00000E+00  0.00000E+00  0.00000E+00  0.00000E+00  0.00000E+00  0.00000E+00  0.00000E+00  0.00000E+00  0.00000E+00  0.00000E+00  0.00000E+00  0.00000E+00  0.00000E+00  0.00000E+00  0.00000E+00  0.00000E+00  0.00000E+00  0.00000E+00
   19305   3  2.27435E-03  2.27435E-03  2.27435E-03  2.27435E-03  2.27435E-03  2.27435E-03  2.27435E-03  2.27435E-03  2.27435E-03  2.27435E-03  2.27435E-03  2.27435E-03  2.27435E-03  2.27435E-03  2.27435E-03  2.27435E-03  2.27435E-03  2.27435E-03  2.27435E-03  2.27435E-03  2.27435E-03  2.27435E-03  2.27435E-03  2.27435E-03
   19305   4  1.98700E-01  1.98700E-01  1.98700E-01  1.98700E-01  1.98700E-01  1.98700E-01  1.98700E-01  1.98700E-01  1.98700E-01  1.98700E-01  1.98700E-01  1.98700E-01  1.98700E-01  1.98700E-01  1.98700E-01  1.98700E-01  1.98700E-01  1.98700E-01  1.98700E-01  1.98700E-01  1.98700E-01  1.98700E-01  1.98700E-01  1.98700E-01
   19305   5  0.00000E+00  0.00000E+00  0.00000E+00  0.00000E+00  0.00000E+00  0.00000E+00  0.00000E+00  0.00000E+00  0.00000E+00  0.00000E+00  0.00000E+00  0.00000E+00  0.00000E+00  0.00000E+00  0.00000E+00  0.00000E+00  0.00000E+00  0.00000E+00  0.00000E+00  0.00000E+00  0.00000E+00  0.00000E+00  0.00000E+00  0.00000E+00
   19306   3  0.00000E+00  0.00000E+00  0.00000E+00  0.00000E+00  0.00000E+00  0.00000E+00  0.00000E+00  0.00000E+00  0.00000E+00  0.00000E+00  0.00000E+00  0.00000E+00  0.00000E+00  0.00000E+00  0.00000E+00  0.00000E+00  0.00000E+00  0.00000E+00  0.00000E+00  0.00000E+00  0.00000E+00  0.00000E+00  0.00000E+00  0.00000E+00
   19306   7  6.70751E+00  6.70751E+00  6.70751E+00  6.70751E+00  6.70751E+00  6.70751E+00  6.70751E+00  6.70751E+00  6.70751E+00  6.70751E+00  6.70751E+00  6.70751E+00  6.70751E+00  6.70751E+00  6.70751E+00  6.70751E+00  6.70751E+00  6.70751E+00  6.70751E+00  6.70751E+00  6.70751E+00  6.70751E+00  6.70751E+00  6.70751E+00
   29869   3  0.00000E+00  0.00000E+00  0.00000E+00  0.00000E+00  0.00000E+00  0.00000E+00  0.00000E+00  0.00000E+00  0.00000E+00  0.00000E+00  0.00000E+00  0.00000E+00  0.00000E+00  0.00000E+00  0.00000E+00  0.00000E+00  0.00000E+00  0.00000E+00  0.00000E+00  0.00000E+00  0.00000E+00  0.00000E+00  0.00000E+00  0.00000E+00
   15423   5  0.00000E+00  0.00000E+00  0.00000E+00  0.00000E+00  0.00000E+00  0.00000E+00  0.00000E+00  0.00000E+00  0.00000E+00  0.00000E+00  0.00000E+00  0.00000E+00  0.00000E+00  0.00000E+00  0.00000E+00  0.00000E+00  0.00000E+00  0.00000E+00  0.00000E+00  0.00000E+00  0.00000E+00  0.00000E+00  0.00000E+00  0.00000E+00
   15071   2  0.00000E+00  0.00000E+00  0.00000E+00  0.00000E+00  0.00000E+00  0.00000E+00  0.00000E+00  0.00000E+00  0.00000E+00  0.00000E+00  0.00000E+00  0.00000E+00  0.00000E+00  0.00000E+00  0.00000E+00  0.00000E+00  0.00000E+00  0.00000E+00  0.00000E+00  0.00000E+00  0.00000E+00  0.00000E+00  0.00000E+00  0.00000E+00
   15423   3  0.00000E+00  0.00000E+00  0.00000E+00  0.00000E+00  0.00000E+00  0.00000E+00  0.00000E+00  0.00000E+00  0.00000E+00  0.00000E+00  0.00000E+00  0.00000E+00  0.00000E+00  0.00000E+00  0.00000E+00  0.00000E+00  0.00000E+00  0.00000E+00  0.00000E+00  0.00000E+00  0.00000E+00  0.00000E+00  0.00000E+00  0.00000E+00
   15423   2  0.00000E+00  0.00000E+00  0.00000E+00  0.00000E+00  0.00000E+00  0.00000E+00  0.00000E+00  0.00000E+00  0.00000E+00  0.00000E+00  0.00000E+00  0.00000E+00  0.00000E+00  0.00000E+00  0.00000E+00  0.00000E+00  0.00000E+00  0.00000E+00  0.00000E+00  0.00000E+00  0.00000E+00  0.00000E+00  0.00000E+00  0.00000E+00
   29174   3  0.00000E+00  0.00000E+00  0.00000E+00  0.00000E+00  0.00000E+00  0.00000E+00  0.00000E+00  0.00000E+00  0.00000E+00  0.00000E+00  0.00000E+00  0.00000E+00  0.00000E+00  0.00000E+00  0.00000E+00  0.00000E+00  0.00000E+00  0.00000E+00  0.00000E+00  0.00000E+00  0.00000E+00  0.00000E+00  0.00000E+00  0.00000E+00
   29174   2  0.00000E+00  0.00000E+00  0.00000E+00  0.00000E+00  0.00000E+00  0.00000E+00  0.00000E+00  0.00000E+00  0.00000E+00  0.00000E+00  0.00000E+00  0.00000E+00  0.00000E+00  0.00000E+00  0.00000E+00  0.00000E+00  0.00000E+00  0.00000E+00  0.00000E+00  0.00000E+00  0.00000E+00  0.00000E+00  0.00000E+00  0.00000E+00
   28558   3  2.35286E-02  2.35286E-02  2.35286E-02  2.35286E-02  2.35286E-02  1.35053E-02  1.35053E-02  1.35053E-02  1.35053E-02  1.35053E-02  1.35053E-02  1.35053E-02  1.35053E-02  2.35286E-02  2.35286E-02  2.35286E-02  2.35286E-02  2.35286E-02  2.35286E-02  2.35286E-02  2.35286E-02  2.35286E-02  2.35286E-02  2.35286E-02
   28558   4  1.12445E-01  1.12445E-01  1.12445E-01  1.12445E-01  1.12445E-01  1.12445E-01  1.12445E-01  1.12445E-01  1.12445E-01  1.12445E-01  1.12445E-01  1.12445E-01  1.12445E-01  1.12445E-01  1.12445E-01  1.12445E-01  1.12445E-01  1.12445E-01  1.12445E-01  1.12445E-01  1.12445E-01  1.12445E-01  1.12445E-01  1.12445E-01
   28558   2  2.67412E-03  2.67412E-03  2.67412E-03  2.67412E-03  2.67412E-03  2.67412E-03  2.67412E-03  2.67412E-03  2.67412E-03  2.67412E-03  2.67412E-03  2.67412E-03  2.67412E-03  2.67412E-03  2.67412E-03  2.67412E-03  2.67412E-03  2.67412E-03  2.67412E-03  2.67412E-03  2.67412E-03  2.67412E-03  2.67412E-03  2.67412E-03
   28911   3  0.00000E+00  0.00000E+00  0.00000E+00  0.00000E+00  0.00000E+00  0.00000E+00  0.00000E+00  0.00000E+00  0.00000E+00  0.00000E+00  0.00000E+00  0.00000E+00  0.00000E+00  0.00000E+00  0.00000E+00  0.00000E+00  0.00000E+00  0.00000E+00  0.00000E+00  0.00000E+00  0.00000E+00  0.00000E+00  0.00000E+00  0.00000E+00
   29621   4  5.66326E-03  5.66326E-03  5.66326E-03  5.66326E-03  5.66326E-03  5.66326E-03  5.66326E-03  5.66326E-03  5.66326E-03  5.66326E-03  5.66326E-03  5.66326E-03  5.66326E-03  5.66326E-03  5.66326E-03  5.66326E-03  5.66326E-03  5.66326E-03  5.66326E-03  5.66326E-03  5.66326E-03  5.66326E-03  5.66326E-03  5.66326E-03
   29616   7  3.60356E+01  3.60356E+01  3.60356E+01  3.60356E+01  3.60356E+01  3.60356E+01  3.60356E+01  3.60356E+01  3.60356E+01  3.60356E+01  3.60356E+01  3.60356E+01  3.60356E+01  3.60356E+01  3.60356E+01  3.60356E+01  3.60356E+01  3.60356E+01  3.60356E+01  3.60356E+01  3.60356E+01  3.60356E+01  3.60356E+01  3.60356E+01
   28204   3  4.33262E-03  4.33262E-03  4.33262E-03  4.33262E-03  4.33262E-03  0.00000E+00  0.00000E+00  0.00000E+00  0.00000E+00  0.00000E+00  0.00000E+00  0.00000E+00  0.00000E+00  4.33262E-03  4.33262E-03  4.33262E-03  4.33262E-03  4.33262E-03  4.33262E-03  4.33262E-03  4.33262E-03  4.33262E-03  4.33262E-03  4.33262E-03
   28204   4  0.00000E+00  0.00000E+00  0.00000E+00  0.00000E+00  0.00000E+00  0.00000E+00  0.00000E+00  0.00000E+00  0.00000E+00  0.00000E+00  0.00000E+00  0.00000E+00  0.00000E+00  0.00000E+00  0.00000E+00  0.00000E+00  0.00000E+00  0.00000E+00  0.00000E+00  0.00000E+00  0.00000E+00  0.00000E+00  0.00000E+00  0.00000E+00
   28204   7  2.14170E+01  2.14170E+01  2.14170E+01  2.14170E+01  2.14170E+01  2.14170E+01  2.14170E+01  2.14170E+01  2.14170E+01  2.14170E+01  2.14170E+01  2.14170E+01  2.14170E+01  2.14170E+01  2.14170E+01  2.14170E+01  2.14170E+01  2.14170E+01  2.14170E+01  2.14170E+01  2.14170E+01  2.14170E+01  2.14170E+01  2.14170E+01
   28221   3  0.00000E+00  0.00000E+00  0.00000E+00  0.00000E+00  0.00000E+00  0.00000E+00  0.00000E+00  0.00000E+00  0.00000E+00  0.00000E+00  0.00000E+00  0.00000E+00  0.00000E+00  0.00000E+00  0.00000E+00  0.00000E+00  0.00000E+00  0.00000E+00  0.00000E+00  0.00000E+00  0.00000E+00  0.00000E+00  0.00000E+00  0.00000E+00
   28221   2  0.00000E+00  0.00000E+00  0.00000E+00  0.00000E+00  0.00000E+00  0.00000E+00  0.00000E+00  0.00000E+00  0.00000E+00  0.00000E+00  0.00000E+00  0.00000E+00  0.00000E+00  0.00000E+00  0.00000E+00  0.00000E+00  0.00000E+00  0.00000E+00  0.00000E+00  0.00000E+00  0.00000E+00  0.00000E+00  0.00000E+00  0.00000E+00
   36171   3  9.74679E-04  9.74679E-04  9.74679E-04  9.74679E-04  9.74679E-04  9.74679E-04  9.74679E-04  9.74679E-04  9.74679E-04  9.74679E-04  9.74679E-04  9.74679E-04  9.74679E-04  9.74679E-04  9.74679E-04  9.74679E-04  9.74679E-04  9.74679E-04  9.74679E-04  9.74679E-04  9.74679E-04  9.74679E-04  9.74679E-04  9.74679E-04
   34059   3  2.30395E-04  2.30395E-04  2.30395E-04  2.30395E-04  2.30395E-04  2.30395E-04  2.30395E-04  2.30395E-04  2.30395E-04  2.30395E-04  2.30395E-04  2.30395E-04  2.30395E-04  2.30395E-04  2.30395E-04  2.30395E-04  2.30395E-04  2.30395E-04  2.30395E-04  2.30395E-04  2.30395E-04  2.30395E-04  2.30395E-04  2.30395E-04
   34059   7  1.64701E+00  1.64701E+00  1.64701E+00  1.64701E+00  1.64701E+00  1.64701E+00  1.64701E+00  1.64701E+00  1.64701E+00  1.64701E+00  1.64701E+00  1.64701E+00  1.64701E+00  1.64701E+00  1.64701E+00  1.64701E+00  1.64701E+00  1.64701E+00  1.64701E+00  1.64701E+00  1.64701E+00  1.64701E+00  1.64701E+00  1.64701E+00
   35117   4  0.00000E+00  0.00000E+00  0.00000E+00  0.00000E+00  0.00000E+00  0.00000E+00  0.00000E+00  0.00000E+00  0.00000E+00  0.00000E+00  0.00000E+00  0.00000E+00  0.00000E+00  0.00000E+00  0.00000E+00  0.00000E+00  0.00000E+00  0.00000E+00  0.00000E+00  0.00000E+00  0.00000E+00  0.00000E+00  0.00000E+00  0.00000E+00
   37574   3  3.75179E-04  3.75179E-04  3.75179E-04  3.75179E-04  3.75179E-04  3.75179E-04  3.75179E-04  3.75179E-04  3.75179E-04  3.75179E-04  3.75179E-04  3.75179E-04  3.75179E-04  3.75179E-04  3.75179E-04  3.75179E-04  3.75179E-04  3.75179E-04  3.75179E-04  3.75179E-04  3.75179E-04  3.75179E-04  3.75179E-04  3.75179E-04
   37927   3  5.95523E-05  5.95523E-05  5.95523E-05  5.95523E-05  5.95523E-05  5.95523E-05  5.95523E-05  5.95523E-05  5.95523E-05  5.95523E-05  5.95523E-05  5.95523E-05  5.95523E-05  5.95523E-05  5.95523E-05  5.95523E-05  5.95523E-05  5.95523E-05  5.95523E-05  5.95523E-05  5.95523E-05  5.95523E-05  5.95523E-05  5.95523E-05
   34411   3  1.16535E-04  1.16535E-04  1.16535E-04  1.16535E-04  1.16535E-04  1.16535E-04  1.16535E-04  1.16535E-04  1.16535E-04  1.16535E-04  1.16535E-04  1.16535E-04  1.16535E-04  1.16535E-04  1.16535E-04  1.16535E-04  1.16535E-04  1.16535E-04  1.16535E-04  1.16535E-04  1.16535E-04  1.16535E-04  1.16535E-04  1.16535E-04
   34765   3  1.58647E-05  1.58647E-05  1.58647E-05  1.58647E-05  1.58647E-05  1.58647E-05  1.58647E-05  1.58647E-05  1.58647E-05  1.58647E-05  1.58647E-05  1.58647E-05  1.58647E-05  1.58647E-05  1.58647E-05  1.58647E-05  1.58647E-05  1.58647E-05  1.58647E-05  1.58647E-05  1.58647E-05  1.58647E-05  1.58647E-05  1.58647E-05
