ENTIDAD,MUNICIPIO,,,,,,,,,,,,,,,,,,,,,,,,,
CLAVE,CLAVE,,Asados al carbón,GLP Combustión agropecuaria,GLP Combustión comercial,GN Combustión comercial,GLP Combustión doméstica,GN Combustión doméstica,Leña Combustión doméstica,Queroseno Combustión doméstica,Combustóleo Combustión industrial,Diesel Combustión industrial,GN Combustión industrial,GLP Combustión industrial,Queroseno Combustión industrial,Cruces fronterizos,Incendios de construcciones,Incendios forestales,Aviacion,Equipo basico aeropouertos,Embarcaciones marinas,Locomotoras de arrastre,Locomotoras de patio,Maq Contruc,Maq Agricola,
23,Mg_per_year,2302002000,2199007000,2103007005,2199006000,2104007000,2104006000,2104008000,2104011000,2102005000,2102004000,2102006000,2102007000,2102011000,2222222222,2810030000,2810001000,2275000000,2275050000,2280000000,2285000000,2285002010,2260002000,2270005000,,
1,1,1001,115.09,4.28,15.54,0.67,34.86,1.39,3327.49,0.19,21.96,11.54,177.56,6.44,0.0062,,25.22,1772.78,92.19,100.37,0,14.13,1.39,85.84,105.56,
1,2,1002,6.45,0.86,0.13,0.01,1.72,0.08,1431.39,0.01,0.04,0.02,0.36,0.01,0,,0,,0,0,0,6.99,0.69,0,70.35,
1,3,1003,7.99,,0.52,0.02,2.27,0.1,1771.56,0.01,0.69,0.36,5.56,0.2,0.0002,,0,115.93,0,0,0,0,0,0.9,12.43,
1,4,1004,2.18,,0.06,0,0.59,0.03,483.18,0,0.19,0.1,1.51,0.05,0.0001,,0,,0,0,0,4.57,0.45,1.8,21.91,
1,5,1005,13.15,,0.9,0.04,3.59,0.16,1936.19,0.02,6.74,3.54,54.48,1.98,0.0019,,0,3117.33,0,0,0,0,0,0.89,41.27,
1,6,1006,6.19,,0.41,0.02,1.69,0.07,1373.67,0.01,0.4,0.21,3.25,0.12,0.0001,,0,9.09,0,0,0,2.66,0.26,1.43,29.61,
1,7,1007,7.24,0,0.48,0.02,0.19,0.09,1605.22,0.01,0.7,0.37,5.65,0.21,0.0002,,0,36.99,0,0,0,3.64,0.36,2.64,41.88,
1,8,1008,1.21,,0.06,0,0.33,0.01,269.39,0,0.08,0.04,0.63,0.02,0,,0,57.74,0,0,0,0,0,0,15.54,
1,9,1009,2.77,,0.07,0,0.73,0.03,613.27,0,0.13,0.07,1.06,0.04,0,,0,,0,0,0,0,0,0,38.23,
1,10,1010,2.72,0,0.07,0,0.72,0.03,604.19,0,0.92,0.48,7.4,0.27,0.0003,,0,,0,0,0,0,0,0,90.67,
1,11,1011,4.59,,0.41,0.02,0.13,0.06,843.04,0.01,2.58,1.35,20.83,0.76,0.0007,,0,,0,0,0,6.18,0.61,0,22.36,
2,1,2001,65.81,0.22,3.41,15.34,62.4,0.52,14596.69,0.11,9.85,2.28,17.25,1.85,0.0028,,0,8662.66,0,0,358,0,0,15.01,285.03,
2,2,2002,136.24,0.3,6.98,31.36,12.96,1.08,6349.6,0.23,31.29,7.24,54.79,5.87,0.0089,1477.572565,12.05,,0.77,1.35,0,19.92,1.96,162.52,647.48,
2,3,2003,14.49,0.06,0.57,2.54,13.07,0.12,1291.07,0.02,5.1,1.18,8.94,0.96,0.0015,106.0907482,0,17924.11,0,0,0,6.67,0.66,3.14,11.43,
2,4,2004,224.54,,12.39,55.68,201.68,1.78,1416.6,0.37,78.67,18.21,137.78,14.76,0.0224,2959.479562,27.33,5671.15,450.32,393.15,0,11.68,1.15,144.23,6.26,
2,5,2005,11.67,0,0.7,3.12,10.3,0.09,516.36,0.02,1.44,0.33,2.52,0.27,0.0004,,0,8654.5,0,0,8.27,0,0,1.3,4.49,
3,1,3001,10.16,0.33,1.41,0,3.48,0,2253.32,0.02,0.81,0.36,0,0.11,0.0002,,0.93,2647.75,0,0,83.89,0,0,0.47,234.07,
3,2,3002,8.4,,1.11,0,2.95,0,1861.93,0.01,0.91,0.4,0,0.13,0.0003,,0.79,,0,0,31.91,0,0,26.15,22.56,
3,3,3003,34.95,0,6.99,0,12.23,0,7752.17,0.06,1.53,0.68,0,0.21,0.0004,,3.27,2.36,169.09,157.59,4.4,0,0,17.67,29.23,
3,8,3008,26.13,0.55,6.07,0,9.07,0,5795.24,0.04,0.64,0.28,0,0.09,0.0002,,2.42,,127.3,173.79,6.77,0,0,0,15.05,
3,9,3009,1.88,,0.4,0,0.64,0,417.94,0,0.04,0.02,0,0,0,,0.17,,0.77,1.35,0.45,0,0,0,2.99,
4,1,4001,7.93,,0.04,0,1.59,0,1759.8,0.01,1.22,13.28,7.46,0.39,0.0003,,0.13,,0,0,0,6.39,0.63,0.04,18.06,
4,2,4002,38.02,0,0.42,0,8.97,0,8431.87,0.06,3.48,37.89,21.27,1.12,0.001,,0.73,0.06,1.64,10.28,7.25,14.66,1.44,26.13,74.11,
4,3,4003,31.83,0.12,0.42,0,7.28,0,7059.97,0.05,0.69,7.52,4.22,0.22,0.0002,,0.59,,0.99,2.95,29.88,0,0,31.09,31.73,
4,4,4004,12.12,0.24,0.07,0,2.62,0,2687.04,0.02,0.93,10.07,5.65,0.3,0.0003,,0.21,1156.08,0,0,0,19.35,1.9,4.2,258.24,
4,5,4005,4.29,0.28,0.02,0,0.86,0,952.2,0.01,0.32,3.48,1.95,0.1,0.0001,,0.07,,0,0,0,6.22,0.61,0.27,55.53,
4,6,4006,5.52,0.2,0.02,0,1.02,0,1224.52,0.01,0.08,0.92,0.51,0.03,0,,0.08,30.38,0,0,0,0,0,0.67,183.03,
4,7,4007,1.32,,0.01,0,0.03,0,292.65,0,0.02,0.24,0.14,0.01,0,,0,42.53,0,0,0,0,0,0,48.2,
4,8,4008,1.44,0.32,0.01,0,0.28,0,319.48,0,0.25,2.75,1.55,0.08,0.0001,,0.02,,0,0,0,4.21,0.41,1.47,26.68,
4,9,4009,7.98,0,0.05,0,1.65,0,1768.84,0.01,0.24,2.61,1.47,0.08,0.0001,,0.13,2816.15,0,0,0,11.34,1.12,10.02,75.29,
4,10,4010,3.79,0.08,0.01,0,0.71,0,840.68,0.01,0.02,0.24,0.13,0.01,0,,0.06,2020.38,0,0,0,9.12,0.9,0,9.04,
4,11,4011,5.89,0.12,0.02,0,1.21,0,1306.38,0.01,0.06,0.63,0.35,0.02,0,,0.1,1967.33,0,0,0,0,0,0,9.3,
5,1,5001,0.16,,0,0,0.1,0.03,34.98,0,0.02,0.02,0.12,0,0,,0,4.75,0,0,0,3.31,0.33,0,0,
5,2,5002,20.09,0,1.45,0,9.52,3.53,4456.45,0.03,16.91,18.61,124.53,4.18,0.0048,22.967893,0,337.23,0,0,0,2.9,0.29,1.47,346.21,
5,3,5003,3.21,,0.32,0,1.64,0.56,711.44,0.01,0.94,1.03,6.89,0.23,0.0003,,0,,0,0,0,0,0,0.06,0,
5,4,5004,3.12,0.02,0.12,0,1.49,0.55,909.38,0.01,0.83,0.91,6.08,0.2,0.0002,,0,29.51,0,0,0,0,0,0.79,0,
5,5,5005,0.27,0,0.02,0,0.15,0.05,59.02,0,0.02,0.03,0.18,0.01,0,,0,133.23,0,0,0,0,0,0,0,
5,6,5006,3.8,0.09,0.16,0,1.83,0.67,179.77,0.01,1.29,1.42,9.48,0.32,0.0004,,0,92.16,0,0,0,14.11,1.39,0.37,0,
5,7,5007,1.95,0.02,0.14,0,0.1,0.34,431.39,0,0.43,0.47,3.16,0.11,0.0001,,0,59.72,0,0,0,27.49,2.7,0.17,0,
5,8,5008,0.44,,0.01,0,0.23,0.08,98.07,0,0,0,0,0,0,,0,12.66,0,0,0,6.19,0.61,0,0,
5,9,5009,8.2,0.06,0.53,0,3.75,1.44,1819.04,0.01,1.1,1.21,8.12,0.27,0.0003,,0,35.33,0,0,0,0,0,0,0,
5,10,5010,11.17,0.05,0.76,0,5.39,1.96,95.35,0.02,4.6,5.06,33.89,1.14,0.0013,,0,,0,0,0,2.93,0.29,0.24,209.35,
5,11,5011,1.8,0,0.07,0,0.87,0.32,398.35,0,0.03,0.04,0.25,0.01,0,,0,,0,0,0,18.65,1.83,0.07,0,
5,12,5012,0.3,0.09,0,0,0.17,0.05,66.26,0,0.05,0.05,0.36,0.01,0,,0,,0,0,0,0,0,0,0,
5,13,5013,0.24,,0.01,0,0.13,0.04,53.52,0,0,0,0,0,0,,0,,0,0,0,0,0,1.52,0,
5,14,5014,1.55,,0.02,0,0.08,0.27,344.83,0,0.07,0.08,0.54,0.02,0,,0,,0,0,0,12.36,1.22,0,0,
5,15,5015,0.22,0.03,0,0,0.12,0.04,49.18,0,0,0,0,0,0,,0,,0,0,0,0,0,0,0,
5,16,5016,0.27,,0.01,0,0.15,0.05,60.3,0,0,0,0.01,0,0,,0,39.01,0,0,0,0,0,0,0,
5,17,5017,15.87,0.11,0.61,0,6.96,2.78,2414.87,0.03,0.84,0.92,6.17,0.21,0.0002,,0,,0,0,0,0,0,0.89,0,
5,18,5018,31.86,0.02,3.41,0,15.92,5.59,92.19,0.05,6.76,7.44,49.81,1.67,0.0019,,0,12.64,0,0,0,1.58,0.16,24.05,0,
5,19,5019,1.15,,0.06,0,0.59,0.2,254.92,0,0.57,0.63,4.22,0.14,0.0002,,0,,0,0,0,0,0,0.3,0,
5,20,5020,9.98,0,0.6,0,4.91,1.75,2213.79,0.02,0.27,0.3,2,0.07,0.0001,,0,269.44,0,0,0,12.74,1.25,17.95,0,
5,21,5021,0.93,,0.04,0,0.47,0.16,205.53,0,0.02,0.02,0.17,0.01,0,,0,,0,0,0,3.06,0.3,0,0,
5,22,5022,4.12,0.05,0.14,0,1.93,0.72,70.53,0.01,0.5,0.55,3.68,0.12,0.0001,,0,574.94,0,0,0,11.51,1.13,23.99,0,
5,23,5023,1.62,0,0.07,0,0.8,0.28,359.48,0,0.26,0.28,1.89,0.06,0.0001,,0,30.98,0,0,0,16.2,1.59,0.1,0,
5,24,5024,7.12,0,0.46,0,3.33,1.25,1578.53,0.01,1.54,1.69,11.31,0.38,0.0004,,0,37.13,0,0,0,54.62,5.37,0,0,
5,25,5025,22.91,,2.09,0,11.39,4.02,130.89,0.04,7.27,7.99,53.5,1.79,0.0021,23.28353254,1.71,,0,0,0,2.83,0.28,1.28,0,
5,26,5026,0.54,0.09,0.01,0,0.28,0.09,119.29,0,0,0,0.01,0,0,,0,22.08,0,0,0,4.03,0.4,1.86,0,
5,27,5027,9.03,0.03,0.42,0,4.41,1.58,582.97,0.02,9.78,10.76,72,2.41,0.0028,,0.62,419.84,0,0,0,46.72,4.6,1.82,0,
5,28,5028,8.44,,0.85,0,4.35,1.48,1872.49,0.01,3,3.3,22.1,0.74,0.0009,,0,14.17,0,0,0,11.69,1.15,6.2,109.15,
5,29,5029,0.33,0,0.02,0,0.17,0.06,72.83,0,0.02,0.02,0.17,0.01,0,,0,,0,0,0,0,0,0,0,
5,30,5030,103.29,0.06,9.06,0,48.51,18.12,1049.22,0.17,17.72,19.49,130.46,4.37,0.005,,9.57,1546.17,0,0,0,56.53,5.56,35.52,586.69,
5,31,5031,3.12,0,0.23,0,1.63,0.55,692.62,0.01,0.65,0.71,4.76,0.16,0.0002,,0,115.78,0,0,0,0,0,0,0,
5,32,5032,6.39,0.02,0.56,0,3.38,1.12,1416.14,0.01,0.86,0.95,6.35,0.21,0.0002,,0,,0,0,0,0,0,2.77,0,
5,33,5033,14.91,0.02,0.59,0,6.7,2.62,3306.98,0.02,2.73,3,20.1,0.67,0.0008,,0,126.76,0,0,0,11.85,1.17,1.6,0,
5,34,5034,0.83,0.05,0.03,0,0.44,0.15,185.16,0,0,0,0.03,0,0,,0,,0,0,0,28.25,2.78,8.27,0,
5,35,5035,91.92,0,11.68,0,44.87,16.13,1279.31,0.15,28.35,31.19,208.74,7,0.0081,,0,,183.2,185.24,0,5.12,0.5,32.54,0,
5,36,5036,3.08,0.02,0.02,0,1.37,0.54,682.32,0.01,0.07,0.08,0.51,0.02,0,,0,,0,0,0,11.39,1.12,0,0,
5,37,5037,0.98,,0.03,0,0.51,0.17,216.68,0,0,0,0.02,0,0,,0,4.71,0,0,0,5.94,0.58,0,0,
5,38,5038,1.98,,0.08,0,1.03,0.35,438.13,0,0.43,0.48,3.18,0.11,0.0001,,0,906.5,0,0,0,8.38,0.82,0.05,0,
6,1,6001,3.97,,0.15,0,1.65,0,229.48,0.01,0.3,1.22,0,0.24,0.0001,,0.29,15.46,0,0,0,6.51,0.64,0.16,35.39,
6,2,6002,21.05,,1.85,0,0.91,0,596.45,0.04,1.47,6.08,0,1.19,0.0004,,0.16,,0.25,1.62,0,4.2,0.41,8.78,33.48,
6,3,6003,3.1,,0.08,0,0.13,0,445.82,0.01,0.11,0.46,0,0.09,0,,0.02,,0,0,0,0,0,0.03,18.35,
6,4,6004,2.76,,0.06,0,0.12,0,256.43,0,0.07,0.27,0,0.05,0,,0.02,226.64,0,0,0,6.73,0.66,1.31,23.61,
6,5,6005,4.07,,0.12,0,1.72,0,455.17,0.01,0.49,2.04,0,0.4,0.0001,,0.3,1.93,0,0,0,8,0.79,3.96,20.86,
6,6,6006,0.76,0,0.02,0,0.32,0,168,0,0.01,0.03,0,0.01,0,,0.06,0.39,0,0,0,0,0,0,15.04,
6,7,6007,21.94,,1.25,0,9.56,0,4866.09,0.04,1.08,4.44,0,0.87,0.0003,,1.66,625.11,34.56,41.51,39.56,8.06,0.79,4.59,49.97,
6,8,6008,1.19,,0.02,0,0.49,0,263.99,0,0.02,0.08,0,0.02,0,,0.08,57.88,0,0,0,0,0,6.49,16.07,
6,9,6009,15.62,0,0.82,0,6.24,0,571.49,0.03,1.25,5.16,0,1.01,0.0004,,1.08,0.01,0,0,0,7.47,0.74,1.04,95.29,
6,10,6010,15.94,0,0.47,0,6.96,0,166.37,0.03,0.72,2.98,0,0.58,0.0002,,1.21,136.76,0,0,0,0,0,3.45,14.23,
7,1,7001,2.33,,0.04,0,0.36,0,517.28,0,0.04,0.02,0.26,0.04,0,,0,,0,0,0,0,0,0,4.42,
7,2,7002,4.14,,0.11,0,0.73,0,917.96,0.01,0.12,0.07,0.75,0.11,0,,0,,0,0,0,0,0,0,8.73,
7,3,7003,3.85,,0.06,0,0.67,0,853.07,0.01,0.08,0.04,0.46,0.07,0,,0,76.67,0,0,0,4.81,0.47,0.06,16.32,
7,4,7004,3.94,0.21,0.06,0,0.58,0,872.84,0.01,0.02,0.01,0.12,0.02,0,,0,93.49,0,0,0,0,0,0,3.86,
7,5,7005,3.13,,0.02,0,0.04,0,693.22,0.01,0.01,0,0.05,0.01,0,,0,,0,0,0,0,0,0,4.02,
7,6,7006,4.03,,0.02,0,0.61,0,894.76,0.01,0.01,0.01,0.08,0.01,0,,0,262.54,0,0,0,0,0,0,4.89,
7,7,7007,1.35,,0.01,0,0.21,0,300.28,0,0.2,0.1,1.21,0.18,0.0001,,0,44.46,0,0,0,0,0,0,1.3,
7,8,7008,4.6,,0.09,0,0.64,0,1019.63,0.01,0.12,0.06,0.71,0.1,0,,0,150.35,0,0,0,0,0,0,6.58,
7,9,7009,6.14,,0.29,0,1.19,0,1361.67,0.01,0.29,0.15,1.74,0.26,0.0001,,0,84.17,0,0,0,6.34,0.62,1.83,1.3,
7,10,7010,1.05,,0,0,0.14,0,233.42,0,0,0,0,0,0,,0,,0,0,0,0,0,0,0.95,
7,11,7011,2.79,,0.01,0,0.39,0,619.66,0,0,0,0.02,0,0,,0,5.41,0,0,0,0,0,0,3.77,
7,12,7012,5.39,,0.13,0,0.08,0,1194.69,0.01,0.23,0.12,1.38,0.2,0.0001,,0,15.46,0,0,0,0,0,0.14,1.62,
7,13,7013,4.21,,0.09,0,0.63,0,933.6,0.01,0.05,0.02,0.28,0.04,0,,0,74.39,0,0,0,0,0,0,2.94,
7,14,7014,2.38,,0.02,0,0.36,0,527.13,0,0.01,0.01,0.08,0.01,0,,0,51.8,0,0,0,0,0,0,3.84,
7,15,7015,6.52,,0.09,0,1.04,0,1446.5,0.01,0.08,0.04,0.46,0.07,0,,0,,0,0,0,0,0,0,3.9,
7,16,7016,2.53,0,0.03,0,0.44,0,560.45,0,0.02,0.01,0.13,0.02,0,,0,,0,0,0,0,0,0,5.17,
7,17,7017,11.73,0.21,0.28,0,1.84,0,2600.62,0.02,0.42,0.22,2.59,0.38,0.0001,,0,15495.33,0,0,0,0,0,0.17,7.67,
7,18,7018,1.22,,0.02,0,0.21,0,271.15,0,0.02,0.01,0.13,0.02,0,,0,,0,0,0,0,0,0,1.88,
7,19,7019,19.3,0,1.14,0,3.34,0,4280.82,0.03,0.9,0.47,5.5,0.81,0.0003,,0,60.33,5.24,4.43,0,0,0,13.33,6.95,
7,20,7020,6.4,,0.06,0,1.02,0,1418.75,0.01,0.07,0.04,0.41,0.06,0,,0,2774.66,0,0,0,0,0,0,13.31,
7,21,7021,3.22,,0.07,0,0.55,0,715.11,0.01,0.04,0.02,0.24,0.03,0,,0,,0,0,0,0,0,0,2.5,
7,22,7022,2.12,,0,0,0.33,0,469.34,0,0,0,0.02,0,0,,0,15.75,0,0,0,0,0,0,3.58,
7,23,7023,10.68,,0.02,0,1.69,0,2368.23,0.02,0.01,0.01,0.09,0.01,0,,0,9.49,0,0,0,0,0,0,3.87,
7,24,7024,1.44,,0.01,0,0.18,0,319.48,0,0.01,0,0.03,0,0,,0,,0,0,0,0,0,0,1.22,
7,25,7025,1.13,,0.01,0,0.16,0,251.49,0,0.01,0,0.05,0.01,0,,0,,0,0,0,0,0,0,0.96,
7,26,7026,5.06,,0.02,0,0.66,0,1122.18,0.01,0.01,0.01,0.07,0.01,0,,0,,0,0,0,0,0,0,4.82,
7,27,7027,11.71,,0.2,0,1.98,0,2469.73,0.02,0.33,0.17,2.02,0.3,0.0001,,0,17.92,0,0,0,0,0,14.12,9.11,
7,28,7028,0.79,,0.02,0,0.13,0,174.99,0,0.02,0.01,0.11,0.02,0,,0,,0,0,0,0,0,0,1.81,
7,29,7029,0.81,,0.02,0,0.14,0,180.46,0,0.01,0.01,0.08,0.01,0,,0,,0,0,0,0,0,0,0.64,
7,30,7030,4.5,,0.06,0,0.07,0,997.63,0.01,0.03,0.01,0.16,0.02,0,,0,145.03,0,0,0,0,0,0,7.16,
7,31,7031,15.27,,0.05,0,1.95,0,3385.7,0.03,0.03,0.02,0.18,0.03,0,,0,56.66,0,0,0,0,0,0,15.89,
7,32,7032,4.36,,0.12,0,0.67,0,966,0.01,0.09,0.05,0.53,0.08,0,,0,,0,0,0,0,0,0,10.14,
7,33,7033,1.03,,0,0,0.13,0,227.84,0,0,0,0,0,0,,0,,0,0,0,0,0,0,0.7,
7,34,7034,9.16,,0.23,0,1.49,0,2032.69,0.02,0.14,0.08,0.87,0.13,0,,0,7.91,0,0,0,0,0,0.04,12.51,
7,35,7035,1.74,,0.02,0,0.29,0,384.86,0,0.01,0.01,0.06,0.01,0,,0,,0,0,0,0,0,0,3.7,
7,36,7036,1.07,,0.01,0,0.13,0,237.34,0,0,0,0.02,0,0,,0,2.32,0,0,0,0,0,0,1.09,
7,37,7037,4.85,,0.07,0,0.79,0,1074.94,0.01,0.05,0.03,0.32,0.05,0,,0,,0,0,0,3.12,0.31,0,11.37,
7,38,7038,3.03,,0,0,0.41,0,671.37,0.01,0,0,0.01,0,0,,0,4.35,0,0,0,0,0,0,1.94,
7,39,7039,3.2,,0.01,0,0.46,0,709.11,0.01,0,0,0.02,0,0,,0,,0,0,0,0,0,0,7.4,
7,40,7040,7.63,0,0.4,0,1.21,0,1692.83,0.01,0.55,0.29,3.38,0.5,0.0002,,0,,0,0,0,1.89,0.19,0.26,7.35,
7,41,7041,5.88,0,0.04,0,0.09,0,1304.44,0.01,0.05,0.02,0.29,0.04,0,,0,23.19,0,0,0,0,0,0,11.78,
7,42,7042,1.39,,0.02,0,0.02,0,308.33,0,0.01,0.01,0.06,0.01,0,,0,,0,0,0,0,0,0,1.26,
7,43,7043,1.54,,0.03,0,0.24,0,342.29,0,0.02,0.01,0.12,0.02,0,,0,,0,0,0,0,0,0,0.51,
7,44,7044,3.45,0,0.03,0,0.49,0,766.23,0.01,0.02,0.01,0.12,0.02,0,,0,839.81,0,0,0,0,0,0,4.21,
7,45,7045,0.78,,0,0,0.11,0,173.37,0,0,0,0.01,0,0,,0,,0,0,0,0,0,0,0.36,
7,46,7046,5.7,0,0.06,0,1.04,0,1264.9,0.01,0.06,0.03,0.36,0.05,0,,0,5257.86,0,0,0,0,0,0,10.47,
7,47,7047,2.39,,0.03,0,0.36,0,529.71,0,0.05,0.03,0.31,0.05,0,,0,157.45,0,0,0,0,0,0,1.82,
7,48,7048,3.21,,0.08,0,0.56,0,712.15,0.01,0.05,0.03,0.3,0.04,0,,0,,0,0,0,4.72,0.46,0,2.59,
7,49,7049,2.76,,0.02,0,0.36,0,611.43,0,0.01,0.01,0.07,0.01,0,,0,,0,0,0,0,0,0,2.86,
7,50,7050,0.84,,0.01,0,0.17,0,186.61,0,0.01,0.01,0.08,0.01,0,,0,,0,0,0,0,0,0,2.31,
7,51,7051,6.04,,0.14,0,1.03,0,1339.53,0.01,0.13,0.07,0.79,0.12,0,,0,,0,0,0,4.53,0.45,0,33.53,
7,52,7052,15.66,0,0.15,0,2.11,0,3472.79,0.03,0.1,0.05,0.63,0.09,0,,0,40.98,0,0,0,0,0,0.11,20.02,
7,53,7053,1.09,,0.01,0,0.15,0,241.64,0,0,0,0.02,0,0,,0,,0,0,0,0,0,0,0.62,
7,54,7054,3.82,,0.07,0,0.68,0,847.85,0.01,0.06,0.03,0.39,0.06,0,,0,,0,0,0,0,0,0,9.41,
7,55,7055,0.76,,0.01,0,0.13,0,169.66,0,0.01,0,0.05,0.01,0,,0,,0,0,0,0,0,0,1.31,
7,56,7056,1.44,,0,0,0.23,0,319.2,0,0,0,0.01,0,0,,0,,0,0,0,0,0,0,0.89,
7,57,7057,9.25,,0.16,0,1.24,0,2051.57,0.02,0.16,0.08,0.96,0.14,0,,0,9.49,0,0,0,0,0,0.28,11.46,
7,58,7058,0.63,,0,0,0.09,0,138.91,0,0,0,0,0,0,,0,,0,0,0,0,0,0,1.85,
7,59,7059,27.1,0,0.33,0,3.59,0,6011.22,0.05,0.14,0.08,0.88,0.13,0,,0,3135.36,0,0,0,0,0,0.04,28.72,
7,60,7060,1.68,,0.02,0,0.23,0,372.19,0,0.01,0.01,0.06,0.01,0,,0,,0,0,0,0,0,0,1.31,
7,61,7061,11.53,0,0.29,0,1.82,0,2556.78,0.02,0.65,0.34,3.97,0.58,0.0002,,0,580.3,0,0,0,0,0,0.18,17.8,
7,62,7062,2.61,,0.02,0,0.41,0,578.67,0,0.01,0.01,0.09,0.01,0,,0,,0,0,0,0,0,0,3.26,
7,63,7063,0.55,,0.01,0,0.09,0,121.44,0,0.01,0.01,0.07,0.01,0,,0,3.09,0,0,0,0,0,0,1.47,
7,64,7064,6.59,,0.03,0,0.84,0,1462.31,0.01,0.02,0.01,0.14,0.02,0,,0,7.88,0,0,0,0,0,0,4.31,
7,65,7065,15.6,0,0.43,0,2.46,0,3459.27,0.03,0.24,0.13,1.46,0.21,0.0001,,0,38.65,0,0,0,14.52,1.43,1.31,19.63,
7,66,7066,3.06,,0.04,0,0.4,0,678.79,0.01,0.02,0.01,0.1,0.01,0,,0,,0,0,0,0,0,0,2.34,
7,67,7067,1.56,,0.01,0,0.24,0,345.43,0,0,0,0.02,0,0,,0,3.74,0,0,0,0,0,0,0.69,
7,68,7068,4.71,0,0.15,0,0.79,0,1044.34,0.01,0.09,0.05,0.58,0.08,0,,0,,0,0,0,6.88,0.68,11.49,2.89,
7,69,7069,7.39,0,0.16,0,1.32,0,1639.39,0.01,0.13,0.07,0.82,0.12,0,,0,18.99,0,0,0,12.58,1.24,0.03,3.48,
7,70,7070,2.04,,0.01,0,0.22,0,452.96,0,0.01,0,0.04,0.01,0,,0,,0,0,0,0,0,0,1.25,
7,71,7071,4.2,,0.06,0,0.07,0,932.47,0.01,0.05,0.03,0.3,0.04,0,,0,17.31,0,0,0,3.54,0.35,0.06,6.45,
7,72,7072,4.43,,0.05,0,0.62,0,982.52,0.01,0.04,0.02,0.26,0.04,0,,0,13.45,0,0,0,0,0,0,4.07,
7,73,7073,1.27,,0.02,0,0.02,0,281.18,0,0.05,0.02,0.28,0.04,0,,0,12.59,0,0,0,0,0,0,0.53,
7,74,7074,5.55,,0.18,0,1.01,0,1231.9,0.01,0.93,0.49,5.66,0.83,0.0003,,0,,0,0,0,0,0,0.58,1.69,
7,75,7075,3.97,,0.09,0,0.65,0,881.45,0.01,0.12,0.06,0.72,0.11,0,,0,2.36,0,0,0,0,0,0.02,2.83,
7,76,7076,3.77,,0.02,0,0.54,0,835.77,0.01,0,0,0.02,0,0,,0,,0,0,0,0,0,0,5.98,
7,77,7077,8.52,,0.06,0,1.18,0,1890.31,0.01,0.04,0.02,0.27,0.04,0,,0,,0,0,0,3.95,0.39,0,12.86,
7,78,7078,26.5,0.42,1.55,0,4.19,0,5876.36,0.04,1.01,0.53,6.15,0.9,0.0003,,0,294.39,4.67,0.27,0,0,0,11.25,3.43,
7,79,7079,4.7,0.42,0.06,0,0.8,0,1042.93,0.01,0.1,0.05,0.59,0.09,0,,0,,0,0,0,0,0,0,2.89,
7,80,7080,5.71,,0.03,0,0.69,0,1266.32,0.01,0.02,0.01,0.1,0.01,0,,0,159.64,0,0,0,0,0,0,7.85,
7,81,7081,5.17,,0.06,0,0.74,0,1145.58,0.01,0.05,0.03,0.34,0.05,0,,0,,0,0,0,0,0,0,10.39,
7,82,7082,1.63,,0.01,0,0.23,0,361.7,0,0.01,0.01,0.06,0.01,0,,0,31.69,0,0,0,0,0,0,1.86,
7,83,7083,2.53,,0.03,0,0.43,0,560.77,0,0.03,0.01,0.16,0.02,0,,0,,0,0,0,0,0,0,5.77,
7,84,7084,1.26,,0.01,0,0.18,0,278.89,0,0.01,0,0.04,0.01,0,,0,,0,0,0,0,0,0,0.79,
7,85,7085,1.41,,0.02,0,0.22,0,312.49,0,0.02,0.01,0.15,0.02,0,,0,,0,0,0,0,0,0,1.74,
7,86,7086,2.93,,0.04,0,0.47,0,649.77,0,0.07,0.04,0.42,0.06,0,,0,,0,0,0,0,0,0.76,3.41,
7,87,7087,5.25,0,0.14,0,0.09,0,1164.12,0.01,0.08,0.04,0.51,0.08,0,,0,,0,0,0,2.75,0.27,0,5.61,
7,88,7088,0.33,,0,0,0.05,0,73.71,0,0,0,0.01,0,0,,0,,0,0,0,0,0,0,0.38,
7,89,7089,44.95,,2.37,0,7.8,0,9969.98,0.07,1.59,0.84,9.69,1.42,0.0005,,0,,58.24,32.93,0.16,10.09,0.99,17.71,26.77,
7,90,7090,0.63,,0.01,0,0.1,0,138.67,0,0,0,0.02,0,0,,0,88.19,0,0,0,0,0,0,0.48,
7,91,7091,1.58,,0.05,0,0.27,0,350.69,0,0.02,0.01,0.14,0.02,0,,0,,0,0,0,0,0,0,1.02,
7,92,7092,5.98,,0.11,0,0.95,0,1325.34,0.01,0.07,0.04,0.41,0.06,0,,0,2.32,0,0,0,0,0,0.03,3.79,
7,93,7093,6.02,,0.02,0,0.75,0,1335.33,0.01,0.02,0.01,0.12,0.02,0,,0,8.65,0,0,0,0,0,0,4.53,
7,94,7094,5.15,,0.1,0,0.75,0,1142.65,0.01,0.13,0.07,0.77,0.11,0,,0,24.45,0,0,0,0,0,0,3.03,
7,96,7096,10.06,,0.1,0,0.14,0,2230.1,0.02,0.04,0.02,0.22,0.03,0,,0,,0,0,0,0,0,0,11.81,
7,97,7097,12.5,0.62,0.41,0,2.26,0,2771.77,0.02,0.32,0.17,1.97,0.29,0.0001,,0,151.82,0,0,0,14.21,1.4,0,1.85,
7,98,7098,0.93,,0.02,0,0.13,0,206.13,0,0.01,0.01,0.07,0.01,0,,0,,0,0,0,0,0,0.98,2.96,
7,99,7099,9.62,0,0.06,0,1.59,0,2132.84,0.02,0.04,0.02,0.26,0.04,0,,0,22.46,0,0,0,0,0,0,16.45,
7,100,7100,4.6,,0.01,0,0.59,0,1019.66,0.01,0.01,0,0.03,0,0,,0,,0,0,0,0,0,0,5.02,
7,101,7101,80.11,0,4.95,0,14.8,0,157.36,0.13,3.77,1.98,23.02,3.38,0.0011,,0,70.48,97.96,95.29,0,0,0,0,1.93,
7,102,7102,5.43,,0.05,0,0.89,0,1203.83,0.01,0.05,0.02,0.29,0.04,0,,0,,0,0,0,0,0,73.67,5.2,
7,103,7103,3.89,,0.02,0,0.62,0,861.97,0.01,0.03,0.02,0.2,0.03,0,,0,,0,0,0,1.5,0.15,4.27,4.65,
7,104,7104,2.03,,0.01,0,0.38,0,450.35,0,0.03,0.02,0.19,0.03,0,,0,40.97,0,0,0,0,0,2.23,3.08,
7,105,7105,2.14,,0.03,0,0.35,0,475.13,0,0.02,0.01,0.11,0.02,0,,0,39.01,0,0,0,0,0,0,1.95,
7,106,7106,9.05,0,0.22,0,1.51,0,2006.32,0.02,0.47,0.25,2.89,0.42,0.0001,,0,1.58,0,0,0,0,0,0,18.4,
7,107,7107,10.79,,0.2,0,1.86,0,2393.97,0.02,0.27,0.14,1.68,0.25,0.0001,,0,3888.25,0,0,0,0,0,0.26,20.51,
7,108,7108,14.81,0,0.44,0,2.6,0,3283.89,0.02,1.29,0.68,7.86,1.15,0.0004,,0,1425.5,0,0,0,0,0,0.46,17.57,
7,109,7109,5.01,,0.13,0,0.76,0,1110.49,0.01,0.11,0.06,0.69,0.1,0,,0,2.71,0,0,0,0,0,0.31,2.75,
7,110,7110,0.94,,0.01,0,0.02,0,208.92,0,0.01,0.01,0.08,0.01,0,,0,,0,0,0,0,0,0.71,1.9,
7,111,7111,4.94,,0.02,0,0.67,0,1096.51,0.01,0.05,0.03,0.33,0.05,0,,0,167.05,0,0,0,0,0,0,4.29,
7,112,7112,3.96,,0.01,0,0.54,0,879.23,0.01,0.01,0,0.04,0.01,0,,0,,0,0,0,0,0,0,3.78,
7,113,7113,0.78,,0,0,0.1,0,173.19,0,0,0,0,0,0,,0,,0,0,0,0,0,0,0,
7,114,7114,2.42,,0.05,0,0.34,0,537.05,0,0.03,0.02,0.2,0.03,0,,0,,0,0,0,0,0,0,5.05,
7,115,7115,1.74,,0.01,0,0.22,0,385,0,0,0,0.02,0,0,,0,,0,0,0,0,0,0,0,
7,116,7116,1.36,,0.01,0,0.19,0,301.41,0,0.01,0,0.04,0.01,0,,0,,0,0,0,0,0,0,4.81,
7,117,7117,1.04,,0.01,0,0.14,0,229.85,0,0,0,0.03,0,0,,0,6.96,0,0,0,0,0,0,0,
7,118,7118,0.5,,0,0,0.07,0,111.02,0,0,0,0,0,0,,0,,0,0,0,0,0,0,0,
7,119,7119,0.45,,0,0,0.06,0,100.75,0,0,0,0,0,0,,0,,0,0,0,0,0,0,0,
8,1,8001,1.87,0.06,0.16,0,1.09,0.33,413.99,0,0.3,0.03,2.23,0.04,0.0001,,0,,0,0,0,42.69,4.2,0,102.98,
8,2,8002,3.16,0.06,0.18,0,0.18,0,247.15,0.01,0.4,0.03,2.98,0.05,0.0001,,0,,0,0,0,41.92,4.12,0.02,65.71,
8,3,8003,1.32,0.03,0.05,0,0.8,0,291.7,0,0.03,0,0.2,0,0,,0,,0,0,0,10.22,1.01,0,45.8,
8,4,8004,0.99,0.03,0.01,0,0.43,0,283.44,0,0.01,0,0.06,0,0,,0,,0,0,0,0,0,0,0,
8,5,8005,3.56,0.03,0.33,0,0.2,0,790.48,0.01,4.58,0.39,33.71,0.57,0.0013,7.330873451,0,,0,0,0,26.41,2.6,17.28,194.32,
8,6,8006,0.93,,0.03,0,0.62,0,206.27,0,0.01,0,0.09,0,0,,0,,0,0,0,0,0,0,156.57,
8,7,8007,2.58,0,0.04,0,1.28,0,573.13,0,0.01,0,0.08,0,0,,0,142.61,0,0,0,0,0,0,60.1,
8,8,8008,2.12,0.04,0.01,0,1,0,469.45,0,0.07,0.01,0.55,0.01,0,,0,55.39,0,0,0,0,0,0,0.62,
8,9,8009,4.76,,0.28,0,2.55,0,1055.78,0.01,0.18,0.02,1.29,0.02,0,,0,261.92,0,0,0,16.34,1.61,0,11.14,
8,10,8010,3.27,,0.17,0,1.9,0,724.86,0.01,2.94,0.25,21.61,0.37,0.0008,,0,,0,0,0,0,0,0.02,152.7,
8,11,8011,7.51,0.01,0.76,0,4.25,0,1666.57,0.01,1.55,0.13,11.45,0.19,0.0004,,0,,0,0,0,21.83,2.15,5.24,64.24,
8,12,8012,1.33,,0.02,0,0.69,0,295.72,0,0,0,0.03,0,0,,0,,0,0,0,0,0,0,69.99,
8,13,8013,1.34,0,0.04,0,0.79,0,297,0,0.01,0,0.09,0,0,,0,325.06,0,0,0,13.28,1.31,0,62.53,
8,14,8014,0.33,,0.01,0,0.2,0,72.23,0,0,0,0.02,0,0,,0,,0,0,0,0,0,0,12.81,
8,15,8015,0.23,0,0.01,0,0.16,0,51.29,0,0,0,0,0,0,,0,,0,0,0,0,0,0,0.75,
8,16,8016,0.55,,0.02,0,0.32,0,121.9,0,0,0,0.03,0,0,,0,,0,0,0,5.32,0.52,0,13.68,
8,17,8017,21.45,,2.23,0,12.45,0,4758.17,0.04,3.28,0.28,24.17,0.41,0.0009,,0,,0,0,0,14.08,1.38,1.44,631.72,
8,18,8018,0.77,,0.04,0,0.49,0,170.68,0,0,0,0,0,0,,0,,0,0,0,0,0,0.02,262.29,
8,19,8019,120.78,0.08,15.4,0,70.97,0,706.24,0.2,34.69,2.97,255.42,4.33,0.0099,,13.05,949.5,314.8,294.91,0,55.74,5.48,63.96,135.37,
8,20,8020,1.19,,0.01,0,0.56,0,263.74,0,0,0,0,0,0,,0,117.73,0,0,0,0,0,0,0.09,
8,21,8021,20.25,,2.44,0,11.67,0,4490.8,0.03,5.08,0.44,37.42,0.63,0.0014,,0,,0,0,0,4.7,0.46,3.63,87.78,
8,22,8022,0.42,,0,0,0.3,0,92.07,0,0,0,0,0,0,,0,,0,0,0,0,0,0,32.69,
8,23,8023,0.6,,0,0,0.31,0,133.23,0,0.77,0.07,5.66,0.1,0.0002,,0,,0,0,0,0,0,0,29.78,
8,24,8024,0.61,,0.05,0,0.38,0,134.85,0,0.02,0,0.12,0,0,,0,,0,0,0,0,0,0,59.49,
8,25,8025,1.21,,0.08,0,0.77,0,267.69,0,0.8,0.07,5.86,0.1,0.0002,,0,,0,0,0,0,0,0,144.83,
8,26,8026,0.49,,0.01,0,0.33,0,109.15,0,0,0,0,0,0,,0,,0,0,0,0,0,0,40.1,
8,27,8027,7.3,0,0.18,0,3.39,0,1619.69,0.01,0.19,0.02,1.43,0.02,0.0001,,0,595.79,0,0,0,0,0,0,111.41,
8,28,8028,1.46,,0.05,0,0.81,0,322.94,0,0.1,0.01,0.76,0.01,0,3.309455958,0,,0,0,0,0,0,0,23.55,
8,29,8029,8.25,0.01,0.06,0,3.54,0,1830.55,0.01,0.52,0.04,3.81,0.06,0.0001,,0,1599.39,0,0,0,0,0,0,104.65,
8,30,8030,1.27,,0.02,0,0.62,0,282.77,0,0.01,0,0.06,0,0,,0,257.02,0,0,0,10.99,1.08,0,0.57,
8,31,8031,5.93,,0.3,0,3.6,0,1314.96,0.01,0.19,0.02,1.43,0.02,0.0001,,0,87.78,0,0,0,34.93,3.44,0,364.77,
8,32,8032,16.48,0.04,2.16,0,9.15,0,3654.42,0.03,2.55,0.22,18.74,0.32,0.0007,,0,,0,0,0,8.12,0.8,2.18,17.53,
8,33,8033,0.16,,0,0,0.1,0,36.57,0,0,0,0.01,0,0,,0,,0,0,0,0,0,0,5.47,
8,34,8034,1.06,,0.04,0,0.68,0,234.09,0,0.41,0.04,3.05,0.05,0.0001,,0,,0,0,0,0,0,0,102.31,
8,35,8035,1.31,,0.05,0,0.71,0,289.86,0,0.01,0,0.04,0,0,,0,120.39,0,0,0,0,0,0,171.79,
8,36,8036,6.44,0,0.64,0,3.45,0,1428.56,0.01,1.04,0.09,7.66,0.13,0.0003,,0,,0,0,0,0,0,0.43,119.84,
8,37,8037,209.04,0,20.4,0,115.49,0,659.35,0.35,103.55,8.87,762.42,12.91,0.0295,206.2820147,16.32,,316.74,294.91,0,24.97,2.46,61.4,20.15,
8,38,8038,0.72,0,0.02,0,0.44,0,159.11,0,0.01,0,0.06,0,0,,0,,0,0,0,0,0,0,26.58,
8,39,8039,0.62,0,0.02,0,0.38,0,138.17,0,0.01,0,0.09,0,0,,0,,0,0,0,3.98,0.39,0,24.79,
8,40,8040,5.1,0.03,0.31,0,2.95,0,1130.76,0.01,0.37,0.03,2.72,0.05,0.0001,,0,630.01,0,0,0,25.56,2.51,0,181.97,
8,41,8041,0.34,,0.01,0,0.18,0,74.7,0,0.02,0,0.11,0,0,,0,0.79,0,0,0,0,0,0,0.33,
8,42,8042,0.25,,0.01,0,0.17,0,56.48,0,0,0,0.01,0,0,,0,334.91,0,0,0,0,0,0,1.3,
8,43,8043,0.5,,0.02,0,0.33,0,111.87,0,0.01,0,0.07,0,0,,0,,0,0,0,7.14,0.7,0,39.78,
8,44,8044,0.69,0,0.02,0,0.41,0,151.94,0,0.04,0,0.32,0.01,0,,0,,0,0,0,4.96,0.49,0.84,40.24,
8,45,8045,6.59,,0.38,0,3.82,0,1461.11,0.01,2.07,0.18,15.23,0.26,0.0006,,0,,0,0,0,0,0,0,105,
8,46,8046,1.14,,0.01,0,0.54,0,253.19,0,0,0,0,0,0,,0,,0,0,0,0,0,0,0,
8,47,8047,0.82,,0.01,0,0.43,0,181.59,0,0.02,0,0.15,0,0,,0,,0,0,0,0,0,0,0.57,
8,48,8048,3.23,,0.17,0,2.07,0,717.12,0.01,0.08,0.01,0.6,0.01,0,,0,,0,0,0,0,0,0.01,702.09,
8,49,8049,0.45,,0.02,0,0.25,0,99.2,0,0,0,0.01,0,0,,0,,0,0,0,0,0,0,16.3,
8,50,8050,8.66,,1.13,0,4.98,0,1920.81,0.01,10.75,0.92,79.13,1.34,0.0031,,0,,0,0,0,15.46,1.52,0.59,75.19,
8,51,8051,1,,0,0,0.53,0,222.33,0,0,0,0.01,0,0,,0,53.35,0,0,0,0,0,0.1,1.44,
8,52,8052,3.37,0,0.39,0,2.09,0,746.88,0.01,0.26,0.02,1.91,0.03,0.0001,3.812966092,0,,0,0,0,19.01,1.87,0.21,95.87,
8,53,8053,1.36,,0.07,0,0.79,0,300.56,0,0.06,0,0.43,0.01,0,,0,,0,0,0,0,0,0,34.08,
8,54,8054,1.24,,0.01,0,0.62,0,275.74,0,0.01,0,0.04,0,0,,0,,0,0,0,5.7,0.56,0,293.2,
8,55,8055,2.54,,0.03,0,1.48,0,562.54,0,0.01,0,0.08,0,0,,0,,0,0,0,8.01,0.79,0,61.37,
8,56,8056,0.33,,0,0,0.2,0,73.5,0,0,0,0.01,0,0,,0,,0,0,0,0,0,0,13.2,
8,57,8057,0.36,,0.01,0,0.25,0,79.18,0,0.01,0,0.08,0,0,,0,,0,0,0,0,0,0,0.18,
8,58,8058,0.42,,0,0,0.26,0,94.22,0,0,0,0,0,0,,0,,0,0,0,0,0,0,9.66,
8,59,8059,0.77,0,0.04,0,0.47,0,170.79,0,0.14,0.01,1.05,0.02,0,,0,,0,0,0,0,0,0,3.87,
8,60,8060,1.61,0,0.1,0,0.96,0,357.26,0,0.05,0,0.37,0.01,0,,0,,0,0,0,7.4,0.73,31.24,10.33,
8,61,8061,0.61,,0.01,0,0.38,0,136.12,0,0,0,0.01,0,0,,0,,0,0,0,0,0,0,49.14,
8,62,8062,4.54,0,0.26,0,2.59,0,1006.39,0.01,0.39,0.03,2.87,0.05,0.0001,,0,,0,0,0,4.57,0.45,63.07,83.32,
8,63,8063,1.01,0,0.02,0,0.65,0,223.07,0,0.01,0,0.06,0,0,,0,1.97,0,0,0,8.19,0.81,0,68.14,
8,64,8064,0.29,,0.01,0,0.18,0,64.18,0,0,0,0,0,0,,0,,0,0,0,0,0,0,11.51,
8,65,8065,3.11,0,0.02,0,1.54,0,690.72,0.01,0.04,0,0.26,0,0,,0,308.58,0,0,0,13.67,1.34,0,0.42,
8,66,8066,1.26,0.04,0.01,0,0.64,0,280.09,0,0,0,0.01,0,0,,0,31.43,0,0,0,0,0,0,0,
8,67,8067,0.69,0,0.04,0,0,0,153.25,0,0.02,0,0.15,0,0,,0,,0,0,0,0,0,0,40.07,
9,2,9002,67.69,,6.22,0.66,42.02,1.7,0,0.11,,19.15,150.85,11.45,0.0086,,1.26,,0,0,0,4.14,0.41,0,0,
9,3,9003,99.97,,7.03,0.75,63.85,0,0,0.17,,8.15,64.22,4.88,0.0037,,1.68,15.09,0,0,0,0,0,1.82,0,
9,4,9004,27.64,0,2,0.21,15.45,0,155.85,0.05,,1,7.86,0.6,0.0004,,0.95,37.09,0,0,0,0,0,9.51,0.12,
9,5,9005,189.91,,10.56,1.12,112.06,0,0,0.32,,11.89,93.67,7.11,0.0054,,3.27,57.25,0,0,0,6.39,0.63,9.17,0,
9,6,9006,62.88,,4.24,0.45,37.81,0,0,0.1,,15.14,119.27,9.06,0.0068,,0.76,,0,0,0,0,0,2.57,0,
9,7,9007,289.83,,15.22,1.62,162.54,0,0,0.48,,23.36,184.03,13.97,0.0105,,4.95,35.43,0,0,0,0,0,1.35,0,
9,8,9008,36.44,0,1.2,0.13,21.55,0,46.47,0.06,,0.46,3.65,0.28,0.0002,,0.31,38.25,0,0,0,4.14,0.41,62.36,0.3,
9,9,9009,18.45,0.37,0.61,0.06,9.89,0,668.36,0.03,,0.36,2.81,0.21,0.0002,,0.24,1231.23,0,0,0,0,0,0.45,20.58,
9,10,9010,112.46,0,7.39,0.79,67.09,0,20.76,0.19,,6.31,49.73,3.78,0.0028,,3.41,25.37,0,0,0,4.71,0.46,0,0.15,
9,11,9011,54.77,0,1.99,0.21,30.83,0,172.49,0.09,,2.37,18.63,1.41,0.0011,,2.04,108.18,0,0,0,1.69,0.17,16.13,10.25,
9,12,9012,96.7,0,6.35,0.68,56.77,0,500.75,0.16,,5.08,40.01,3.04,0.0023,,2.58,1759.52,0,0,0,18.82,1.85,0.15,15.33,
9,13,9013,64.38,,2.92,0.31,35.32,0,522.89,0.11,,3.44,27.13,2.06,0.0016,,2.68,161.3,0,0,0,0,0,43.04,2.67,
9,14,9014,56.51,,11.62,1.24,45.03,0,0,0.09,,9.56,75.34,5.72,0.0043,,1.09,,0,0,0,0,0,1.24,0,
9,15,9015,82.98,,25.36,2.7,59.09,0,0,0.14,,15.53,122.37,9.29,0.007,,2.53,,0,0,0,1.53,0.15,64.24,0,
9,16,9016,56.27,,13.01,1.39,39.06,0,0,0.09,,15.38,121.16,9.2,0.0069,,1.42,,0,0,0,5.63,0.55,22.73,0,
9,17,9017,71.22,,6.81,0.72,44.24,0,0,0.12,,5.54,43.65,3.31,0.0025,,1.68,,1940.94,2690.55,0,0,0,178.13,0,
10,1,10001,4.67,0.04,0.38,0,2.06,0.82,1036.25,0.01,0.3,0.19,2.22,0.11,0.0001,,0,273.65,0,0,0,13.34,1.31,0,269.74,
10,2,10002,0.65,,0.02,0,0.26,0,144.42,0,0.03,0.02,0.23,0.01,0,,0,949.92,0,0,0,0,0,0,3.88,
10,3,10003,0.69,,0.02,0,0.28,0,152.12,0,0,0,0.02,0,0,,0,,0,0,0,0,0,0,17.08,
10,4,10004,5.03,0,0.42,0,2.15,0,1116.11,0.01,0.39,0.25,2.87,0.14,0.0001,,0,,0,0,0,12.09,1.19,9.95,6.05,
10,5,10005,83.83,0,16.48,0,3.64,0,18592.09,0.14,8.71,5.6,64.13,3.2,0.0025,,4.67,1397.84,127.72,133.56,0,55.59,5.47,28.77,354.36,
10,6,10006,1.52,0.24,0.03,0,0.62,0,337.8,0,0.01,0,0.05,0,0,,0,,0,0,0,0,0,0,106.59,
10,7,10007,48.47,,8.6,0,21.23,0,3767.54,0.08,16.88,10.85,124.29,6.2,0.0048,,3.43,,0,0,0,14.24,1.4,15.9,159.29,
10,8,10008,5.1,0.44,0.93,0,2.24,0,1131.71,0.01,0.77,0.49,5.65,0.28,0.0002,,0,,0,0,0,5.36,0.53,0.09,341.81,
10,9,10009,1.63,0.08,0.04,0,0.75,0,360.93,0,0.02,0.01,0.13,0.01,0,,0,248.19,0,0,0,0,0,0.5,3.25,
10,10,10010,0.67,,0.01,0,0.32,0,148.55,0,0,0,0.03,0,0,,0,,0,0,0,0,0,0,34.33,
10,11,10011,0.77,,0.02,0,0.38,0,170.3,0,0,0,0.03,0,0,,0,,0,0,0,0,0,0.5,1.29,
10,12,10012,20.56,0,1.51,0,8.66,0,2043.57,0.03,5.15,3.31,37.89,1.89,0.0015,,0.54,,0,0,0,13.14,1.29,0.94,109.25,
10,13,10013,3.65,0.04,0.47,0,1.5,0,809.83,0.01,0.16,0.1,1.2,0.06,0,,0,,0,0,0,33.53,3.3,0,76.44,
10,14,10014,4.79,0.32,0.05,0,1.53,0,1061.49,0.01,0.01,0.01,0.1,0.01,0,,0,4802.85,0,0,0,0,0,0,22.75,
10,15,10015,1.94,0,0.08,0,0.08,0,429.48,0,0.01,0.01,0.07,0,0,,0,,0,0,0,0,0,0,47.93,
10,16,10016,2.76,,0.12,0,0.12,0,611.36,0,0.43,0.27,3.13,0.16,0.0001,,0,,0,0,0,0,0,0,106.56,
10,17,10017,1.47,,0.14,0,0.71,0,325.55,0,0.04,0.02,0.28,0.01,0,,0,,0,0,0,3.51,0.35,0,6.66,
10,18,10018,1.67,0,0.26,0,0.83,0,370.71,0,0.04,0.03,0.3,0.02,0,,0,,0,0,0,0,0,0.03,4.93,
10,19,10019,0.72,0.12,0.01,0,0.26,0,160.38,0,0,0,0,0,0,,0,735.81,0,0,0,0,0,3.79,4.39,
10,20,10020,1.89,0.36,0.19,0,0.86,0,5326.17,0,0.1,0.06,0.72,0.04,0,,0,,0,0,0,5.28,0.52,0,174.25,
10,21,10021,1.57,,0.12,0,0.69,0,332.87,0,0.03,0.02,0.25,0.01,0,,0,,0,0,0,9.92,0.98,0,142.28,
10,22,10022,3.74,0.12,0.3,0,0.16,0,828.4,0.01,0.07,0.04,0.49,0.02,0,,0,,0,0,0,0,0,0,212.02,
10,23,10023,7.5,0.04,0.85,0,2.74,0,6024.36,0.01,0.93,0.6,6.85,0.34,0.0003,,0,3543.58,0,0,0,0,0,0,2.46,
10,24,10024,1.79,,0.21,0,0.76,0,396.48,0,0.03,0.02,0.19,0.01,0,,0,,0,0,0,0,0,0,46.34,
10,25,10025,0.59,,0.02,0,0.3,0,1518.28,0,0,0,0.02,0,0,,0,,0,0,0,0,0,0,7.56,
10,26,10026,3.07,0,0.1,0,1.18,0,681.43,0.01,0.08,0.05,0.56,0.03,0,,0,626.63,0,0,0,0,0,10.1,23.04,
10,27,10027,0.93,0,0.06,0,0.39,0,206.8,0,0.06,0.04,0.47,0.02,0,,0,,0,0,0,10.91,1.07,0,29.53,
10,28,10028,1.69,0.08,0.12,0,0.73,0,375.4,0,0.03,0.02,0.21,0.01,0,,0,,0,0,0,0,0,0,87.87,
10,29,10029,0.32,,0.02,0,0.14,0,71.06,0,0,0,0.03,0,0,,0,,0,0,0,0,0,0,30.15,
10,30,10030,0.24,,0.01,0,0.12,0,52.46,0,0,0,0.01,0,0,,0,,0,0,0,0,0,0,27.55,
10,31,10031,1.03,,0.09,0,0.45,0,2401.67,0,0.01,0,0.04,0,0,,0,,0,0,0,0,0,0,124.73,
10,32,10032,6.61,0.08,0.87,0,0.29,0,1466.41,0.01,0.47,0.3,3.48,0.17,0.0001,,0,1639.79,0,0,0,16.11,1.59,11.79,179.19,
10,33,10033,1.1,0.16,0.08,0,0.47,0,244.57,0,0.02,0.01,0.12,0.01,0,,0,,0,0,0,0,0,0,53.72,
10,34,10034,4.12,0,0.07,0,1.4,0,913.9,0.01,0.04,0.03,0.33,0.02,0,,0,1008.03,0,0,0,0,0,0,0,
10,35,10035,1.85,0.08,0.22,0,0.87,0,409.68,0,0.07,0.04,0.49,0.02,0,,0,447.6,0,0,0,4.74,0.47,0,41.94,
10,36,10036,3.16,,0.22,0,0.14,0,701.87,0.01,0.89,0.57,6.53,0.33,0.0003,,0,,0,0,0,0,0,0.12,56.22,
10,37,10037,1.27,,0.03,0,0.48,0,4047.13,0,0.13,0.08,0.95,0.05,0,,0,80.94,0,0,0,0,0,0.04,6.7,
10,38,10038,3.28,,0.78,0,1.45,0,446.24,0.01,0.18,0.11,1.31,0.07,0.0001,,0,,0,0,0,0,0,0,110.89,
10,39,10039,3.86,,0.43,0,0.16,0,855.9,0.01,0.38,0.24,2.8,0.14,0.0001,,0,,0,0,0,0,0,0,246.17,
11,1,11001,12.27,0.09,0.22,0.02,5.81,0.15,2721.57,0.02,0.44,0.13,3.56,0.05,0.0001,,0,,0,0,0,4.02,0.4,0.22,236.6,
11,2,11002,16.2,0.07,0.6,0.07,8.67,0,3592.4,0.03,0.8,0.23,6.46,0.09,0.0002,,0,,0,0,0,13.58,1.34,1.92,101.17,
11,3,11003,22.17,0.14,0.81,0.09,10.18,0,4917.46,0.04,1.57,0.45,12.7,0.17,0.0004,,0,325.91,0,0,0,13.06,1.28,0.41,87.43,
11,4,11004,9.22,0.01,0.26,0.03,0.45,0,2045.47,0.02,0.51,0.15,4.1,0.06,0.0001,,0,76.43,0,0,0,0,0,0.04,131.14,
11,5,11005,11.76,,0.19,0.02,5.69,0,2607.51,0.02,2.28,0.66,18.41,0.25,0.0006,,0,,0,0,0,8.6,0.85,1.68,79.07,
11,6,11006,0.8,,0,0,0.4,0,177.75,0,0,0,0.01,0,0,,0,,0,0,0,0,0,0,0,
11,7,11007,66.19,,3.38,0.36,35,0,14680.99,0.11,13.24,3.81,107.02,1.46,0.0038,,0,133.96,0,0,0,11.1,1.09,15.85,146.88,
11,8,11008,5.46,0,0.14,0.01,0.29,0,1211.32,0.01,0.2,0.06,1.65,0.02,0.0001,,0,82.44,0,0,0,0,0,0.01,155.68,
11,9,11009,11.17,,0.22,0.02,4.98,0,2477.81,0.02,0.3,0.09,2.44,0.03,0.0001,,0,,0,0,0,3.82,0.38,0.95,99.67,
11,10,11010,1.75,,0.05,0.01,0.95,0,387.33,0,0.18,0.05,1.43,0.02,0.0001,,0,,0,0,0,0,0,0.01,15.59,
11,11,11011,13.24,0,0.49,0.05,6.31,0,2936.24,0.02,1.11,0.32,9,0.12,0.0003,,0,,0,0,0,0,0,0.06,91.84,
11,12,11012,3.81,0,0.12,0.01,1.9,0,845.83,0.01,0.09,0.03,0.72,0.01,0,,0,279.38,0,0,0,0,0,0.01,47.17,
11,13,11013,3.39,0.12,0.04,0,1.53,0,752.07,0.01,0.05,0.02,0.43,0.01,0,,0,,0,0,0,0,0,0,58.89,
11,14,11014,21.43,0,0.48,0.05,0.96,0,4753.09,0.04,1.75,0.5,14.16,0.19,0.0005,,0,15.75,0,0,0,13.49,1.33,1.4,112.12,
11,15,11015,24.41,0,0.9,0.1,11.98,0,5414.05,0.04,0.69,0.2,5.54,0.08,0.0002,,0,310.75,0,0,0,0,0,63.06,24.35,
11,16,11016,2.94,0.01,0.06,0.01,0.14,0,651.53,0,0.05,0.01,0.4,0.01,0,,0,6.4,0,0,0,0,0,0,47.85,
11,17,11017,73.71,0.03,3.22,0.35,36.03,0,16348.44,0.12,9.65,2.78,78.02,1.07,0.0027,,0,159.23,0,0,0,10.54,1.04,12,276.73,
11,18,11018,5.06,,0.12,0.01,2.62,0,1121.9,0.01,0.14,0.04,1.09,0.01,0,,0,,0,0,0,0,0,0.19,72.26,
11,19,11019,7.34,0.04,0.1,0.01,3.89,0,1628.73,0.01,0.09,0.03,0.72,0.01,0,,0,,0,0,0,0,0,0.03,144.52,
11,20,11020,203.43,0.24,9.3,1,97.45,0,45118.97,0.34,47.99,13.83,388.01,5.31,0.0137,,0,226.51,0,0,0,6.32,0.62,68.91,179.2,
11,21,11021,7.44,,0.67,0.07,4.23,0,1650.4,0.01,1.91,0.55,15.42,0.21,0.0005,,0,,0,0,0,0,0,0.06,7.75,
11,22,11022,3.28,0.04,0.06,0.01,1.52,0,726.48,0.01,0.06,0.02,0.49,0.01,0,,0,79.12,0,0,0,0,0,0,77.37,
11,23,11023,21.99,0.03,0.52,0.06,10.96,0,4877.21,0.04,1.64,0.47,13.23,0.18,0.0005,,0,158.85,0,0,0,16.25,1.6,3.03,324.11,
11,24,11024,1.55,,0.06,0.01,0.81,0,344.19,0,0.05,0.01,0.39,0.01,0,,0,,0,0,0,0,0,0,21.39,
11,25,11025,8.9,0.03,0.12,0.01,4.14,0,1973.73,0.01,2.12,0.61,17.13,0.23,0.0006,,0,,0,0,0,2.22,0.22,0.33,88.88,
11,26,11026,8.05,0,0.16,0.02,3.79,0,1785.57,0.01,0.23,0.07,1.84,0.03,0.0001,,0,11.04,0,0,0,0,0,0,153.1,
11,27,11027,37.19,0.03,1.37,0.15,19.56,0,8247.35,0.06,5.76,1.66,46.59,0.64,0.0016,,0,,0,0,0,4.82,0.47,4.6,253.42,
11,28,11028,14.71,0.09,0.51,0.05,7.84,0,3262.29,0.02,0.9,0.26,7.24,0.1,0.0003,,0,,0,0,0,3.74,0.37,0.42,147.19,
11,29,11029,5.48,0,0.05,0.01,2.55,0,1214.42,0.01,0.1,0.03,0.83,0.01,0,,0,458.92,0,0,0,7.47,0.74,0,37.18,
11,30,11030,15.26,0.07,0.28,0.03,6.59,0,3385.32,0.03,0.28,0.08,2.29,0.03,0.0001,,0,279.66,0,0,0,12.67,1.25,0.1,197.06,
11,31,11031,16.43,0.26,0.59,0.06,7.82,0,3643.76,0.03,5.33,1.54,43.1,0.59,0.0015,,0,,0,0,0,0,0,7.98,107.66,
11,32,11032,9.43,0,0.25,0.03,4.53,0,2090.48,0.02,2.16,0.62,17.47,0.24,0.0006,,0,,0,0,0,5.8,0.57,29.49,95.97,
11,33,11033,16.13,0.01,0.44,0.05,6.96,0,3578.56,0.03,0.62,0.18,5.03,0.07,0.0002,,0,,0,0,0,14.08,1.39,4.77,105.66,
11,34,11034,0.72,,0.02,0,0.36,0,160.41,0,0.01,0,0.11,0,0,,0,,0,0,0,0,0,0,2.29,
11,35,11035,11.19,0.03,0.29,0.03,5.01,0,2482.54,0.02,0.9,0.26,7.31,0.1,0.0003,,0,39.56,0,0,0,0,0,0.62,99.67,
11,36,11036,1.02,,0.02,0,0.59,0,225.54,0,0.02,0.01,0.16,0,0,,0,,0,0,0,0,0,0,17.03,
11,37,11037,23.42,0.08,0.7,0.07,10.38,0,5193.73,0.04,5.21,1.5,42.1,0.58,0.0015,,0,79.12,249.26,259.65,0,8.6,0.85,1.93,97.75,
11,38,11038,1.63,,0.04,0,0.88,0,361.92,0,0.05,0.02,0.42,0.01,0,,0,,0,0,0,2.06,0.2,0.45,19.67,
11,39,11039,5.25,0.01,0.12,0.01,2.87,0,1165.46,0.01,0.22,0.06,1.75,0.02,0.0001,,0,,0,0,0,2.59,0.25,0.09,78.34,
11,40,11040,2.57,,0.01,0,1.11,0,569.63,0,0.02,0.01,0.18,0,0,,0,,0,0,0,0,0,0.04,3.48,
11,41,11041,8.45,0.2,0.5,0.05,4.54,0,1873.72,0.01,0.88,0.25,7.11,0.1,0.0003,,0,,0,0,0,0,0,0.12,6.19,
11,42,11042,20.36,0.18,0.51,0.06,9.96,0,4516.71,0.03,0.46,0.13,3.69,0.05,0.0001,,0,,0,0,0,0,0,1.29,279.45,
11,43,11043,3.04,0.04,0.03,0,1.39,0,674.69,0.01,0.03,0.01,0.2,0,0,,0,,0,0,0,0,0,0,5.63,
11,44,11044,7.9,,0.24,0.03,3.71,0,1752.85,0.01,2.27,0.65,18.34,0.25,0.0006,,0,,0,0,0,3.95,0.39,2.49,86.06,
11,45,11045,1.69,,0.02,0,0.81,0,373.92,0,0.01,0,0.08,0,0,,0,,0,0,0,0,0,0,1.03,
11,46,11046,10.1,0.01,0.25,0.03,5.47,0,2239.8,0.02,0.34,0.1,2.75,0.04,0.0001,,0,,0,0,0,0,0,0.42,67.98,
12,1,12001,114.25,0.04,3.8,0,32.83,0,5349.27,0.19,3.31,0.4,0,0.01,0.0009,,0.16,1097.88,195.45,179.31,42.51,0,0,27.4,5.09,
12,2,12002,3.67,,0.01,0,0.08,0,812.86,0.01,0.01,0,0,0,0,,0,,0,0,0,0,0,0,1.37,
12,3,12003,5.96,0,0.05,0,1.41,0,1322.94,0.01,0.14,0.02,0,0,0,,0.01,53.8,0,0,0,0,0,0.11,4.05,
12,4,12004,2.58,,0.01,0,0.52,0,573.2,0,0.01,0,0,0,0,,0,,0,0,0,0,0,0,0.97,
12,5,12005,0.93,,0.01,0,0.24,0,206.45,0,0.01,0,0,0,0,,0,,0,0,0,0,0,0,0.17,
12,6,12006,1.97,,0.03,0,0.51,0,437.07,0,0.05,0.01,0,0,0,,0,,0,0,0,0,0,0,0.92,
12,7,12007,5,0.04,0.1,0,1.32,0,1108.52,0.01,0.18,0.02,0,0,0.0001,,0.01,,0,0,0,0,0,0,1.71,
12,8,12008,1.22,,0.01,0,0.33,0,269.99,0,0.02,0,0,0,0,,0,,0,0,0,0,0,0,0.68,
12,9,12009,0.82,,0,0,0.18,0,181.56,0,0,0,0,0,0,,0,19.69,0,0,0,0,0,0,0.42,
12,10,12010,3.72,,0.01,0,0.86,0,825.04,0.01,0.02,0,0,0,0,,0,300.21,0,0,0,0,0,0,0.87,
12,11,12011,9.3,,0.12,0,2.67,0,2063.47,0.02,0.16,0.02,0,0,0,,0.01,963.72,0,0,0,0,0,0,3.4,
12,12,12012,8.91,,0.07,0,1.96,0,1975.99,0.01,0.09,0.01,0,0,0,,0.01,177.07,0,0,0,0,0,0,2.29,
12,13,12013,2.14,,0.02,0,0.58,0,474.74,0,0.03,0,0,0,0,,0,,0,0,0,0,0,0.01,1.02,
12,14,12014,2.3,0,0.03,0,0.08,0,509.9,0,0.07,0.01,0,0,0,,0,,0,0,0,0,0,0,0.35,
12,15,12015,1.93,,0.03,0,0.58,0,428.85,0,0.73,0.09,0,0,0.0002,,0,27.64,0,0,0,5.82,0.57,0.52,0.29,
12,16,12016,2.12,,0.01,0,0.55,0,469.2,0,0.01,0,0,0,0,,0,,0,0,0,0,0,0,1.32,
12,17,12017,2.21,,0.02,0,0.64,0,490.13,0,0.06,0.01,0,0,0,,0,,0,0,0,6.59,0.65,0,1.06,
12,18,12018,1.89,,0.02,0,0.51,0,419.95,0,0.05,0.01,0,0,0,,0,,0,0,0,0,0,0.07,0.69,
12,19,12019,2.19,,0.01,0,0.47,0,485.3,0,1.21,0.15,0,0,0.0003,,0,,0,0,0,0,0,0,0.76,
12,20,12020,2.76,,0.01,0,0.6,0,612.03,0,0.02,0,0,0,0,,0,,0,0,0,0,0,0.04,0.79,
12,21,12021,10.99,0,0.08,0,3.09,0,2992.76,0.02,0.13,0.02,0,0,0,,0.01,1501.82,0,0,0,0,0,0.23,4.4,
12,22,12022,6.68,0,0.04,0,1.83,0,1481.8,0.01,0.11,0.01,0,0,0,,0.01,181.24,0,0,0,0,0,2.26,4.89,
12,23,12023,3.75,,0.06,0,0.98,0,830.9,0.01,0.12,0.01,0,0,0,,0,,0,0,0,0,0,0,0.98,
12,24,12024,1.08,,0,0,0.27,0,240.62,0,0.01,0,0,0,0,,0,,0,0,0,0,0,0,0.51,
12,25,12025,2.32,,0.01,0,0.56,0,513.78,0,0.02,0,0,0,0,,0,,0,0,0,0,0,0,1.56,
12,26,12026,1.41,,0.01,0,0.4,0,313.34,0,0.01,0,0,0,0,,0,,0,0,0,0,0,0,0.63,
12,27,12027,3.3,0.04,0.03,0,0.99,0,731.81,0.01,0.06,0.01,0,0,0,,0,,0,0,0,0,0,0,2.36,
12,28,12028,16.74,,0.2,0,4.02,0,3711.86,0.03,0.76,0.09,0,0,0.0002,,0.02,33.9,0,0,0,0,0,0.19,3.27,
12,29,12029,34.1,0,0.83,0,8.87,0,7562.35,0.06,0.91,0.11,0,0,0.0003,,0.04,8612.88,0,0,0,0,0,9.27,2.29,
12,30,12030,2.98,,0.04,0,0.73,0,660.61,0,0.04,0.01,0,0,0,,0,,0,0,0,0,0,0,0.87,
12,31,12031,1.02,,0.01,0,0.26,0,225.72,0,0.01,0,0,0,0,,0,,0,0,0,0,0,0,0.74,
12,32,12032,5.5,,0.02,0,1.18,0,1219.82,0.01,0.04,0,0,0,0,,0.01,295.6,0,0,0,0,0,0,3.12,
12,33,12033,2.2,0,0.02,0,0.6,0,487.38,0,0.04,0,0,0,0,,0,57.49,0,0,0,0,0,0,0.58,
12,34,12034,5.58,,0.09,0,1.65,0,1237.51,0.01,0.37,0.04,0,0,0.0001,,0.01,351.28,0,0,0,0,0,0.25,2.21,
12,35,12035,20.44,0,0.73,0,5.77,0,4534.32,0.03,1.1,0.13,0,0,0.0003,,0.03,,0,0,0,3.64,0.36,0.83,1.5,
12,36,12036,1.64,,0.01,0,0.38,0,364.03,0,0.02,0,0,0,0,,0,,0,0,0,0,0,0.17,0.87,
12,37,12037,0.97,,0.01,0,0.26,0,215.48,0,0.08,0.01,0,0,0,,0,,0,0,0,0,0,0.03,0.41,
12,38,12038,16.65,0,0.68,0,5.06,0,3692.9,0.03,0.51,0.06,0,0,0.0001,,0.02,,73.18,81.35,0,0,0,0.99,1.76,
12,39,12039,3.63,0,0.06,0,0.97,0,805.06,0.01,0.14,0.02,0,0,0,,0,400.06,0,0,0,0,0,0.47,1.31,
12,40,12040,3.66,0,0.02,0,0.85,0,811.31,0.01,1.41,0.17,0,0,0.0004,,0,94.53,0,0,0,0,0,0,1.89,
12,41,12041,4.24,,0,0,0.92,0,939.49,0.01,0,0,0,0,0,,0,446.8,0,0,0,0,0,0,1.29,
12,42,12042,2.43,0.04,0.01,0,0.6,0,539.13,0,0.02,0,0,0,0,,0,51.16,0,0,0,0,0,0,0.82,
12,43,12043,2.77,,0.01,0,0.59,0,614.18,0,0,0,0,0,0,,0,48.06,0,0,0,0,0,0,1.13,
12,44,12044,1.7,,0.01,0,0.46,0,378.05,0,0.02,0,0,0,0,,0,747.98,0,0,0,0,0,0,0.7,
12,45,12045,3.57,,0.02,0,0.82,0,792.07,0.01,0.08,0.01,0,0,0,,0,,0,0,0,0,0,0,1.17,
12,46,12046,8.8,,0.11,0,2.15,0,1951.6,0.01,0.38,0.05,0,0,0.0001,,0.01,,0,0,0,0,0,0.12,2.52,
12,47,12047,1.11,,0,0,0.27,0,246.65,0,0,0,0,0,0,,0,,0,0,0,0,0,0,0.72,
12,48,12048,7.08,,0.12,0,1.95,0,1570.41,0.01,0.2,0.02,0,0,0.0001,,0.01,100.29,0,0,1.41,0,0,0.42,2.34,
12,49,12049,1.76,,0.01,0,0.51,0,389.56,0,0.1,0.01,0,0,0,,0,,0,0,0,0,0,0.27,0.74,
12,50,12050,5.8,,0.25,0,0.15,0,1287.32,0.01,0.55,0.07,0,0,0.0002,,0,3.13,0,0,0,0,0,0.01,0.4,
12,51,12051,5.31,,0.03,0,1.29,0,1177.92,0.01,0.03,0,0,0,0,,0.01,108.78,0,0,0,0,0,0,2.11,
12,52,12052,6.67,0,0.03,0,1.43,0,1478.59,0.01,0.08,0.01,0,0,0,,0.01,179.83,0,0,0,0,0,0,4.06,
12,53,12053,7.16,,0.08,0,1.92,0,1587.14,0.01,0.15,0.02,0,0,0,,0.01,,0,0,0,0,0,0,4.73,
12,54,12054,4.3,,0.01,0,0.95,0,954.32,0.01,0.03,0,0,0,0,,0,382.6,0,0,0,0,0,0.06,2.6,
12,55,12055,15.73,0,0.45,0,4.41,0,3489.74,0.03,3.55,0.43,0,0.01,0.001,,0.02,,0,0,0,0,0,15.73,1.58,
12,56,12056,6.78,,0.02,0,1.59,0,1504.53,0.01,0.04,0.01,0,0,0,,0.01,366.34,0,0,0,0,0,0,1.81,
12,57,12057,9.21,0,0.15,0,2.76,0,2042.15,0.02,0.64,0.08,0,0,0.0002,,0.01,1381.49,0,0,0,0,0,0,2.44,
12,58,12058,8.22,0,0.11,0,0.02,0,1823.66,0.01,0.18,0.02,0,0,0.0001,,0,,0,0,0,0,0,0.15,2.24,
12,59,12059,4.61,0,0.03,0,1.34,0,1023.37,0.01,0.31,0.04,0,0,0.0001,,0.01,,0,0,0,0,0,0.24,1.5,
12,60,12060,2.02,,0.01,0,0.05,0,448.41,0,0.07,0.01,0,0,0,,0,276.47,0,0,0,0,0,0,0.57,
12,61,12061,5.94,,0.09,0,0.15,0,1316.76,0.01,0.15,0.02,0,0,0,,0,78.76,0,0,0,0,0,1.66,0.64,
12,62,12062,2.87,,0.01,0,0.6,0,637.38,0,0.18,0.02,0,0,0.0001,,0,17.08,0,0,0,0,0,0,1.6,
12,63,12063,1.39,,0,0,0.32,0,308.29,0,0.01,0,0,0,0,,0,,0,0,0,0,0,0,0.35,
12,64,12064,1.8,,0.02,0,0.54,0,398.42,0,0.08,0.01,0,0,0,,0,,0,0,0,0,0,0,0.96,
12,65,12065,1.04,,0.01,0,0,0,230.66,0,0.01,0,0,0,0,,0,,0,0,0,0,0,0,0.44,
12,66,12066,10.47,0,0.17,0,2.38,0,2321.56,0.02,0.18,0.02,0,0,0.0001,,0.01,344.95,0,0,0,0,0,0.37,1.31,
12,67,12067,3.34,,0.04,0,0.9,0,740.95,0.01,0.11,0.01,0,0,0,,0,,0,0,0,0,0,0,1.21,
12,68,12068,4.02,0.04,0.03,0,1.11,0,890.67,0.01,0.03,0,0,0,0,,0.01,15.64,0,0,0,0,0,0,1.33,
12,69,12069,2.01,,0.01,0,0.04,0,445.33,0,0,0,0,0,0,,0,,0,0,0,0,0,0,0.3,
12,70,12070,1.11,,0.01,0,0.03,0,247.29,0,0.01,0,0,0,0,,0,,0,0,0,0,0,0,0.21,
12,71,12071,4.01,,0.02,0,0.96,0,888.9,0.01,0.19,0.02,0,0,0.0001,,0,,0,0,0,0,0,0,1.51,
12,72,12072,1.53,,0,0,0.36,0,338.93,0,0,0,0,0,0,,0,,0,0,0,0,0,0,0.36,
12,73,12073,3.19,,0.02,0,0.87,0,707.91,0.01,0.04,0,0,0,0,,0,,0,0,0,0,0,0.02,2.97,
12,74,12074,3.14,,0.01,0,0.77,0,696.08,0.01,0.08,0.01,0,0,0,,0,,0,0,0,0,0,0,1.13,
12,75,12075,6.42,0.08,0.06,0,1.5,0,1423.66,0.01,0.82,0.1,0,0,0.0002,,0.01,226.58,0,0,0,0,0,9.2,1.52,
12,76,12076,4.54,,0,0,1.03,0,1006.99,0.01,0,0,0,0,0,,0,,0,0,0,0,0,0,0.9,
12,77,12077,1.88,,0.03,0,0.5,0,416.6,0,0.05,0.01,0,0,0,,0,,0,0,0,0,0,0,0,
12,78,12078,2.48,,0,0,0.53,0,549.72,0,0,0,0,0,0,,0,,0,0,0,0,0,0,0,
12,79,12079,2.3,,0,0,0.05,0,509.2,0,0.01,0,0,0,0,,0,,0,0,0,0,0,0,0,
12,80,12080,0.99,,0,0,0.27,0,220.28,0,0,0,0,0,0,,0,,0,0,0,0,0,0,0,
12,81,12081,1.6,,0,0,0.37,0,354.4,0,0,0,0,0,0,,0,,0,0,0,0,0,0,0,
13,1,13001,2.85,0.05,0.06,0,1.82,0.07,632.4,0,0.07,0.05,0.36,0.05,0,,0,37.06,0,0,0,0,0,0.08,23.29,
13,2,13002,5.55,,0.17,0.01,2.86,0,1231.76,0.01,0.12,0.09,0.62,0.08,0,,0,60.39,0,0,0,0,0,0,5.45,
13,3,13003,7.72,,1.12,0.05,4.9,0,1712.78,0.01,1.11,0.78,5.53,0.71,0.0003,,0,,0,0,0,0,0,0.01,24.46,
13,4,13004,1.34,,0.07,0,0.86,0,298.05,0,0.03,0.02,0.14,0.02,0,,0,3.06,0,0,0,0,0,0.92,9.3,
13,5,13005,2.56,,0.25,0.01,1.65,0,568.75,0,0.67,0.47,3.34,0.43,0.0002,,0,,0,0,0,6.09,0.6,0.06,54.15,
13,6,13006,2.68,0,0.08,0,1.8,0,595.16,0,0.05,0.04,0.25,0.03,0,,0,,0,0,0,0,0,0.02,55.99,
13,7,13007,1.69,,0.06,0,1.09,0,375.54,0,0.08,0.05,0.38,0.05,0,,0,63.59,0,0,0,2.24,0.22,0,90.32,
13,8,13008,6.25,,0.62,0.03,4.11,0,1385.5,0.01,0.5,0.35,2.5,0.32,0.0001,,0,,0,0,0,5.7,0.56,0.1,182.21,
13,9,13009,2.39,,0.06,0,0.15,0,530.84,0,0.04,0.02,0.18,0.02,0,,0,1.97,0,0,0,0,0,0.03,11.33,
13,10,13010,3.94,0,0.27,0.01,2.49,0,359.68,0.01,4.44,3.11,22.11,2.82,0.0013,,0,,0,0,0,1.7,0.17,0,13.15,
13,11,13011,2.99,0,0.08,0,1.67,0,662.58,0,0.03,0.02,0.14,0.02,0,,0,,0,0,0,0,0,0.01,0.42,
13,12,13012,3.79,0,0.3,0.01,2.48,0,841,0.01,0.1,0.07,0.52,0.07,0,,0.02,2.71,0,0,0,0,0,0,42.17,
13,13,13013,4.22,0.06,0.43,0.02,2.65,0,614.39,0.01,0.51,0.36,2.54,0.32,0.0001,,0.07,,0,0,0,2.18,0.21,3.57,14.94,
13,14,13014,2.52,,0.1,0,1.68,0,558.3,0,0.03,0.02,0.13,0.02,0,,0,6.88,0,0,0,0,0,0,0,
13,15,13015,2.53,0,0.02,0,1.61,0,560.45,0,0.02,0.01,0.1,0.01,0,,0,9.49,0,0,0,0,0,0.08,10.05,
13,16,13016,7.25,0,0.39,0.02,4.45,0,1634.32,0.01,0.53,0.37,2.63,0.34,0.0002,,0,14.94,0,0,0,5.93,0.58,0,75.8,
13,17,13017,1.81,0,0.05,0,0.01,0,402.05,0,0.09,0.06,0.43,0.06,0,,0,,0,0,0,3.24,0.32,0.04,18.67,
13,18,13018,3.28,,0.11,0,2.03,0,726.41,0.01,0.03,0.02,0.15,0.02,0,,0,,0,0,0,0,0,0.02,0,
13,19,13019,2.43,,0.03,0,1.52,0,539.56,0,0.01,0.01,0.04,0,0,,0,,0,0,0,0,0,0,33.67,
13,20,13020,0.38,0.02,0.01,0,0.29,0,85.32,0,0,0,0.01,0,0,,0,,0,0,0,0,0,0,3.94,
13,21,13021,1.96,,0.16,0.01,1.28,0,434.53,0,0.21,0.15,1.05,0.13,0.0001,,0,,0,0,0,4.9,0.48,0,20.85,
13,22,13022,1.83,0.02,0.04,0,1.22,0,614.12,0,0.07,0.05,0.33,0.04,0,,0,36.69,0,0,0,0,0,0.18,68.25,
13,23,13023,4.69,,0.31,0.01,2.91,0,1040.21,0.01,0.08,0.06,0.42,0.05,0,,0,,0,0,0,0,0,0.07,46.64,
13,24,13024,2.42,0.04,0.06,0,1.5,0,536.63,0,0.01,0.01,0.04,0.01,0,,0,2.22,0,0,0,0,0,0,40.11,
13,25,13025,3.58,0.05,0.06,0,2.14,0,795.04,0.01,0.07,0.05,0.36,0.05,0,,0,,0,0,0,0,0,0.01,3.31,
13,26,13026,1.89,,0.01,0,0.97,0,418.79,0,0,0,0,0,0,,0,,0,0,0,0,0,0,0,
13,27,13027,3.65,,0.07,0,2.1,0,809.37,0.01,0.03,0.02,0.13,0.02,0,,0,,0,0,0,0,0,0,0,
13,28,13028,18.43,0,1.53,0.06,9.83,0,4087.47,0.03,0.46,0.32,2.27,0.29,0.0001,,0,,0,0,0,0,0,1.95,7.74,
13,29,13029,6.32,0.01,0.46,0.02,4.02,0,1402.69,0.01,0.78,0.55,3.89,0.5,0.0002,,0,,0,0,0,8.84,0.87,11.09,70.03,
13,30,13030,11.76,0.03,1.31,0.05,7.51,0,2608.92,0.02,0.31,0.22,1.55,0.2,0.0001,,0,,0,0,0,0,0,0,79.45,
13,31,13031,1.92,0.03,0.14,0.01,1.39,0,425.64,0,0.03,0.02,0.13,0.02,0,,0,,0,0,0,0,0,0.03,8.09,
13,32,13032,1.63,0,0.06,0,0.92,0,362.37,0,0.16,0.11,0.78,0.1,0,,0,,0,0,0,0,0,0,0,
13,33,13033,0.45,,0.01,0,0.34,0,99.55,0,0,0,0.01,0,0,,0,10.89,0,0,0,0,0,0,0,
13,34,13034,1.52,,0,0,0.89,0,336.82,0,0,0,0.01,0,0,,0,46.35,0,0,0,0,0,10.63,0,
13,35,13035,1.48,0,0.06,0,0.93,0,327.53,0,0.06,0.04,0.29,0.04,0,,0,2.04,0,0,0,3.17,0.31,0.75,43.14,
13,36,13036,1.36,0.02,0.04,0,0.99,0,302.11,0,0.01,0.01,0.07,0.01,0,,0,0.58,0,0,0,0,0,0,5.28,
13,37,13037,3.2,0,0.07,0,2.27,0,710.38,0.01,0.02,0.01,0.1,0.01,0,,0,,0,0,0,0,0,0,42.02,
13,38,13038,1.07,,0.02,0,0.71,0,237.02,0,0,0,0.01,0,0,,0.02,0.4,0,0,0,0,0,0,4.89,
13,39,13039,1.9,,0.17,0.01,1.19,0,158.74,0,0.04,0.03,0.22,0.03,0,,0,15.73,0,0,0,0,0,1.26,1.86,
13,40,13040,1.61,,0.02,0,1.1,0,356.41,0,0.01,0,0.03,0,0,,0,,0,0,0,0,0,0,0,
13,41,13041,6.01,0.01,0.61,0.02,3.84,0,1332.54,0.01,0.28,0.19,1.38,0.18,0.0001,,0,,0,0,0,0,0,1.98,69.1,
13,42,13042,1.65,,0.07,0,1.11,0,366.61,0,0.02,0.01,0.09,0.01,0,,0,,0,0,0,0,0,0,0,
13,43,13043,0.99,,0.01,0,0.65,0,218.94,0,0.01,0,0.03,0,0,,0,,0,0,0,0,0,0.15,0.42,
13,44,13044,2.4,0,0.04,0,1.66,0,533.02,0,0.04,0.03,0.18,0.02,0,,0,,0,0,0,13.46,1.32,0,37.65,
13,45,13045,1.2,,0.03,0,0.75,0,265.79,0,0,0,0.02,0,0,,0.02,6.92,0,0,0,0,0,0,3.66,
13,46,13046,6.12,,0.2,0.01,3.44,0,1358.14,0.01,0.17,0.12,0.85,0.11,0,,0,,0,0,0,0,0,0,1.62,
13,47,13047,0.72,,0.01,0,0.5,0,159.64,0,0,0,0,0,0,,0,,0,0,0,0,0,0,0.82,
13,48,13048,43.86,,8.27,0.34,30.34,0,361.47,0.07,2.82,1.97,14.04,1.79,0.0008,,1.21,27.31,0,0,0,3.72,0.37,41.81,28.18,
13,49,13049,2.74,,0.05,0,1.55,0,607.69,0,0.02,0.02,0.11,0.01,0,,0,1.16,0,0,0,0,0,0,0.84,
13,50,13050,3.13,,0.51,0.02,1.97,0,694.46,0.01,0.21,0.14,1.03,0.13,0.0001,,0,,0,0,0,0,0,5.59,27.4,
13,51,13051,10.94,,0.76,0.03,7.81,0,645.67,0.02,1.91,1.33,9.48,1.21,0.0005,,0.38,22.87,0,0,0,3.3,0.32,7.01,25.82,
13,52,13052,4.32,0.01,0.22,0.01,2.62,0,1215.38,0.01,0.16,0.11,0.79,0.1,0,,0.07,239.23,0,0,0,6.34,0.62,0.1,43.62,
13,53,13053,2.84,,0.08,0,0.16,0,629.68,0,0.02,0.01,0.08,0.01,0,,0,20.39,0,0,0,0,0,0,0,
13,54,13054,4.56,,0.08,0,2.8,0,1010.94,0.01,0.03,0.02,0.14,0.02,0,,0,,0,0,0,0,0,0.06,41.36,
13,55,13055,2.24,0.1,0.04,0,1.45,0,496.56,0,0.05,0.04,0.27,0.03,0,,0,,0,0,0,0,0,0,16.1,
13,56,13056,4.66,0,0.19,0.01,3.03,0,573.14,0.01,0.42,0.29,2.09,0.27,0.0001,,0,103.57,0,0,0,3.4,0.33,0,6.52,
13,57,13057,2.09,0,0.11,0,1.35,0,463.97,0,0.12,0.08,0.59,0.08,0,,0,116.12,0,0,0,7.21,0.71,0.11,92,
13,58,13058,2.46,,0.1,0,1.68,0,544.67,0,0.01,0.01,0.06,0.01,0,,0,,0,0,0,0,0,0,30.8,
13,59,13059,5.03,0.06,0.17,0.01,3.2,0,1115.86,0.01,0.06,0.05,0.32,0.04,0,,0,,0,0,0,5.22,0.51,0.09,75.54,
13,60,13060,2.51,,0.08,0,1.51,0,557.52,0,0.01,0.01,0.07,0.01,0,,0,,0,0,0,0,0,0,4.36,
13,61,13061,7.93,,1.02,0.04,0.55,0,1759.8,0.01,1.24,0.87,6.17,0.79,0.0004,,0,2.32,0,0,0,5.99,0.59,0.13,63.55,
13,62,13062,4.34,,0.01,0,2.34,0,961.63,0.01,0,0,0,0,0,,0,,0,0,0,0,0,0.02,0,
13,63,13063,11.1,0.1,1.04,0.04,7.09,0,2462.49,0.02,6.92,4.84,34.42,4.39,0.002,,0,,0,0,0,3.49,0.34,0.12,51.93,
13,64,13064,1.42,0.01,0.03,0,0.99,0,313.94,0,0.02,0.01,0.08,0.01,0,,0,,0,0,0,5.93,0.58,0.01,18.51,
13,65,13065,1.54,,0.09,0,0.96,0,342.32,0,0.03,0.02,0.17,0.02,0,,0,,0,0,0,0,0,0,11.24,
13,66,13066,1.71,,0.15,0.01,1.05,0,378.54,0,0.27,0.19,1.32,0.17,0.0001,,0,,0,0,0,3.72,0.37,0.48,26.96,
13,67,13067,6.67,,0.52,0.02,4.13,0,1479.47,0.01,0.15,0.1,0.73,0.09,0,,0,30.92,0,0,0,0,0,0.02,61.08,
13,68,13068,2.15,,0.02,0,1.44,0,475.8,0,0,0,0.02,0,0,,0,6.26,0,0,0,0,0,0,0,
13,69,13069,9,,1.35,0.06,5.75,0,673.51,0.02,4.61,3.23,22.95,2.93,0.0013,,0,,0,0,0,6.09,0.6,0.09,0,
13,70,13070,2.45,,0.27,0.01,1.5,0,248.45,0,0.11,0.08,0.54,0.07,0,,0,,0,0,0,0,0,0.07,16.21,
13,71,13071,1.47,,0.01,0,0.11,0,327.04,0,0,0,0.01,0,0,,0,,0,0,0,0,0,0,1.82,
13,72,13072,1.38,,0.1,0,0.91,0,305.79,0,0.07,0.05,0.37,0.05,0,,0,,0,0,0,3.59,0.35,0.16,29.6,
13,73,13073,5.36,,0.11,0,3,0,1189.46,0.01,0.03,0.02,0.16,0.02,0,,0,,0,0,0,0,0,0,0,
13,74,13074,3.94,,0.45,0.02,2.36,0,70.53,0.01,0.33,0.23,1.64,0.21,0.0001,,0,,0,0,0,3.27,0.32,0,29.54,
13,75,13075,1.87,,0.16,0.01,0.01,0,414.66,0,0.25,0.17,1.23,0.16,0.0001,,0,251,0,0,0,0,0,0,37.64,
13,76,13076,14.85,0.01,2.28,0.09,10.09,0,1682.86,0.02,1.33,0.93,6.63,0.85,0.0004,,0,,0,0,0,14,1.38,5.41,69.09,
13,77,13077,20.68,0.01,3.65,0.15,13.26,0,911.24,0.03,2.22,1.55,11.04,1.41,0.0006,,0,99.64,0,0,0,6.02,0.59,2.86,31.53,
13,78,13078,2.89,0,0.03,0,1.51,0,640.98,0,0.01,0.01,0.04,0,0,,0,,0,0,0,0,0,0,1.13,
13,79,13079,1.11,,0.01,0,0.77,0,245.49,0,0,0,0.01,0,0,,0,,0,0,0,0,0,2.61,0,
13,80,13080,3.54,0,0.05,0,1.96,0,785.04,0.01,0.01,0.01,0.04,0.01,0,,0,,0,0,0,0,0,0,0.56,
13,81,13081,4.14,,0.3,0.01,2.86,0,917.39,0.01,0.65,0.45,3.22,0.41,0.0002,,0,27.02,0,0,0,0,0,0,0,
13,82,13082,2.63,0.01,0.2,0.01,1.69,0,3.78,0,0.46,0.32,2.28,0.29,0.0001,,0.02,7.88,0,0,0,0,0,0,51.38,
13,83,13083,4.35,0.01,0.13,0.01,2.88,0,1284.19,0.01,0.12,0.08,0.57,0.07,0,,0.02,11.43,0,0,0,9.55,0.94,1.45,127.83,
13,84,13084,5.49,0.02,0.46,0.02,3.54,0,1217.07,0.01,0.18,0.13,0.9,0.12,0.0001,,0,9.51,0,0,0,0,0,7.16,11.8,
14,1,14001,2.95,0.03,0.05,0.01,0.22,0.04,654.89,0,0.41,0,3.28,0.06,0.0001,,0,,0,0,0,0,0,0,64.44,
14,2,14002,3.59,,0.09,0.01,2.62,0.04,795.71,0.01,0.33,0,2.7,0.05,0.0001,,0,,0,0,0,6.15,0.61,0.22,18.76,
14,3,14003,3.42,,0.1,0.01,2.85,0.04,757.76,0.01,0.18,0,1.46,0.03,0.0001,,0,39.23,0,0,0,3.84,0.38,0,62.33,
14,4,14004,0.81,,0.01,0,0.67,0.01,178.8,0,0.02,0,0.14,0,0,,0,,0,0,0,4.9,0.48,0,16.8,
14,5,14005,2.14,,0.07,0.01,1.64,0.03,474.28,0,0.37,0,2.96,0.05,0.0001,,0,79.76,0,0,0,2.68,0.26,0,38.39,
14,6,14006,8.62,,0.25,0.03,7.4,0.1,1911.99,0.01,0.51,0,4.14,0.07,0.0001,,0,17.11,0,0,0,0,0,0,111.21,
14,7,14007,1.33,,0.02,0,1.13,0.02,295.8,0,0.04,0,0.31,0.01,0,,0,17.15,0,0,0,3.17,0.31,0,32.86,
14,8,14008,12.76,,0.34,0.04,9.67,0.15,2830.97,0.02,1.93,0.02,15.59,0.28,0.0005,,0,,0,0,0,0,0,0,143.34,
14,9,14009,2.4,,0.05,0.01,0.18,0.03,531.79,0,0.2,0,1.6,0.03,0.0001,,0,123.7,0,0,0,7.68,0.76,0.16,31.19,
14,10,14010,0.99,,0.02,0,0.7,0.01,220.14,0,0.04,0,0.31,0.01,0,,0,45.14,0,0,0,0,0,0,16.56,
14,11,14011,0.78,,0.01,0,0.61,0.01,173.62,0,0.02,0,0.12,0,0,,0,146.95,0,0,0,0,0,0,63.37,
14,12,14012,0.65,0,0.01,0,0.59,0.01,144.99,0,0,0,0.03,0,0,,0,270.04,0,0,0,0,0,0,29.56,
14,13,14013,8.31,0,0.25,0.03,6.42,0.1,1842.9,0.01,0.74,0.01,6,0.11,0.0002,,0,,0,0,0,0,0,0.01,153.33,
14,14,14014,1.25,,0.03,0,1.11,0.02,277.83,0,0.09,0,0.77,0.01,0,,0,1057.28,0,0,0,0,0,0,32.45,
14,15,14015,8.48,0,0.33,0.04,0.71,0.1,1880.5,0.01,0.72,0.01,5.81,0.1,0.0002,,0,108.09,0,0,0,0,0,0.24,74.67,
14,16,14016,5.59,0,0.1,0.01,4.17,0.07,1240.86,0.01,0.75,0.01,6.07,0.11,0.0002,,0,,0,0,0,0,0,0,110.78,
14,17,14017,1.95,0,0.05,0.01,0.16,0.02,431.43,0,0.08,0,0.64,0.01,0,,0,26.72,0,0,0,0,0,0,66.22,
14,18,14018,9.55,0,0.29,0.04,7.35,0.12,2117.76,0.02,0.59,0,4.74,0.09,0.0002,,0,,0,0,0,5.51,0.54,0.24,229.32,
14,19,14019,0.8,,0.01,0,0.53,0.01,177.18,0,0,0,0.03,0,0,,0,528.97,0,0,0,0,0,0,7.61,
14,20,14020,1.44,,0.02,0,1.19,0.02,318.92,0,0.23,0,1.84,0.03,0.0001,,0,93.6,0,0,0,0,0,0,207.25,
14,21,14021,3.01,,0.08,0.01,2.57,0.04,667.67,0.01,0.44,0,3.57,0.06,0.0001,,0,315.33,0,0,0,0,0,0.1,146.54,
14,22,14022,4.81,,0.24,0.03,4.06,0.06,1067.57,0.01,0.1,0,0.78,0.01,0,,0,,0,0,0,0,0,0.34,78.03,
14,23,14023,15.29,0,0.72,0.09,12.16,0.18,3390.75,0.03,1.24,0.01,10.04,0.18,0.0004,,0,370.35,0,0,0,0,0,3.01,77.7,
14,24,14024,4,,0.11,0.01,3.35,0.05,886.75,0.01,0.24,0,1.95,0.04,0.0001,,0,13.6,0,0,0,0,0,0.03,61.07,
14,25,14025,2.61,,0.08,0.01,2.16,0.03,579.09,0,0.11,0,0.88,0.02,0,,0,19.75,0,0,0,0,0,0,20.38,
14,26,14026,0.83,,0.02,0,0.71,0.01,184.31,0,0.05,0,0.44,0.01,0,,0,1318.98,0,0,0,0,0,0,26.14,
14,27,14027,2.61,,0.01,0,2.01,0.03,579.23,0,0.01,0,0.09,0,0,,0,190.76,0,0,0,0,0,0,203.08,
14,28,14028,0.32,0,0.01,0,0.27,0,71.45,0,0.01,0,0.11,0,0,,0,51.02,0,0,0,0,0,0,11.4,
14,29,14029,2.58,0,0.04,0,2.04,0.03,573.16,0,0.01,0,0.12,0,0,,0,,0,0,0,0,0,0,120.18,
14,30,14030,6.9,,0.28,0.04,5.73,0.08,1530.16,0.01,0.33,0,2.68,0.05,0.0001,,0,,0,0,0,0,0,0,19.63,
14,31,14031,0.54,,0.01,0,0.41,0.01,119.39,0,0.01,0,0.07,0,0,,0,65.47,0,0,0,0,0,0,8.74,
14,32,14032,0.81,,0.01,0,0.56,0.01,179.97,0,0.04,0,0.31,0.01,0,,0,82.68,0,0,0,0,0,0,24.41,
14,33,14033,3.05,0,0.07,0.01,2.42,0.04,676.84,0.01,0.32,0,2.6,0.05,0.0001,,0,,0,0,0,0,0,7.3,50.28,
14,34,14034,0.3,,0.01,0,0.3,0,66.65,0,0.01,0,0.05,0,0,,0,173.25,0,0,0,0,0,0,14.66,
14,35,14035,7.54,,0.16,0.02,5.75,0.09,1673.21,0.01,0.47,0,3.84,0.07,0.0001,,0,,0,0,0,13.86,1.36,1.73,160.01,
14,36,14036,2.8,,0.08,0.01,2.25,0.03,620.04,0,0.2,0,1.62,0.03,0.0001,,0,,0,0,0,1.31,0.13,0.01,39.92,
14,37,14037,3.47,,0.17,0.02,2.91,0.04,770.47,0.01,0.2,0,1.61,0.03,0.0001,,0,15.82,0,0,0,0,0,0.74,32.1,
14,38,14038,0.66,0.03,0.01,0,0.59,0.01,146.08,0,0.01,0,0.07,0,0,,0,621.08,0,0,0,0,0,0,28.5,
14,39,14039,254.82,,17.18,2.17,202.66,3.08,3.16,0.42,57.5,0.45,464.93,8.37,0.0164,,7.13,,1044.9,889.87,0,2.95,0.29,116.85,0,
14,40,14040,1.31,,0.01,0,0.99,0.02,290.46,0,0.01,0,0.07,0,0,,0,,0,0,0,8.93,0.88,0.03,16.86,
14,41,14041,0.83,,0.03,0,0.74,0.01,184.84,0,0.08,0,0.66,0.01,0,,0,,0,0,0,0,0,0,8.15,
14,42,14042,1.26,,0.04,0,1.02,0.02,279.8,0,0.03,0,0.22,0,0,,0,34.03,0,0,0,0,0,0,15.57,
14,43,14043,3.21,,0.07,0.01,2.72,0.04,711.72,0.01,0.07,0,0.57,0.01,0,,0,223.72,0,0,0,0,0,1.83,205.59,
14,44,14044,3.73,,0.07,0.01,2.9,0.04,707.47,0.01,1.34,0.01,10.81,0.19,0.0004,,0,11,0,0,0,4.2,0.41,0.67,45.53,
14,45,14045,2.89,,0.07,0.01,2.27,0.03,640.98,0,0.12,0,0.95,0.02,0,,0,,0,0,0,0,0,0.53,100.4,
14,46,14046,4.53,,0.12,0.02,3.43,0.05,1004.76,0.01,0.51,0,4.15,0.07,0.0001,,0,,0,0,0,0,0,0.05,34.49,
14,47,14047,3.38,0.03,0.09,0.01,2.59,0.04,749.21,0.01,0.24,0,1.93,0.03,0.0001,,0,,0,0,0,0,0,0.11,80,
14,48,14048,2.85,0,0.04,0.01,2.19,0.03,631.34,0,0.3,0,2.42,0.04,0.0001,,0,,0,0,0,0,0,0.54,108.24,
14,49,14049,1.37,0.03,0.01,0,1.08,0.02,302.86,0,0.01,0,0.08,0,0,,0,978.71,0,0,0,0,0,0,116.53,
14,50,14050,6.04,,0.13,0.02,4.27,0.07,1340.49,0.01,0.22,0,1.76,0.03,0.0001,,0,,0,0,0,0,0,0.1,60.6,
14,51,14051,1.89,,0.03,0,1.47,0.02,254.09,0,0.05,0,0.44,0.01,0,,0,49.06,0,0,0,0,0,0,17.71,
14,52,14052,0.84,,0.02,0,0.73,0.01,186.46,0,0.04,0,0.31,0.01,0,,0,,0,0,0,0,0,0,31.84,
14,53,14053,22.28,0.06,0.55,0.07,1.59,0.27,4942.31,0.04,4.32,0.03,34.91,0.63,0.0012,,0,,0,0,0,3.47,0.34,1.83,291.21,
14,54,14054,0.86,0.03,0.02,0,0.09,0.01,190.98,0,0.01,0,0.09,0,0,,0,,0,0,0,0,0,0,20.82,
14,55,14055,3.01,0.03,0.07,0.01,2.26,0.04,668.05,0.01,0.17,0,1.37,0.02,0,,0,70.56,0,0,0,6.55,0.64,0.16,27.96,
14,56,14056,0.42,,0,0,0.35,0.01,93.66,0,0,0,0,0,0,,0,,0,0,0,0,0,0,30.84,
14,57,14057,0.58,,0.01,0,0.51,0.01,127.9,0,0.02,0,0.19,0,0,,0,49.06,0,0,0,0,0,0.02,12,
14,58,14058,2.09,0,0.07,0.01,1.8,0.03,463.73,0,0.11,0,0.86,0.02,0,,0,73.44,0,0,0,0,0,0,49.96,
14,59,14059,1.86,0,0.06,0.01,0.14,0.02,412.01,0,0.05,0,0.43,0.01,0,,0,570.06,0,0,0,0,0,0,18.68,
14,60,14060,0.97,,0.01,0,0.86,0.01,214.78,0,0.02,0,0.17,0,0,,0,33.96,0,0,0,0,0,0,18.6,
14,61,14061,2.49,,0.02,0,1.76,0.03,553.32,0,0.02,0,0.18,0,0,,0,717.26,0,0,0,0,0,0,18.38,
14,62,14062,0.52,0,0.01,0,0.45,0.01,115.76,0,0.02,0,0.13,0,0,,0,951.68,0,0,0,0,0,0,22.24,
14,63,14063,14.22,,0.58,0.07,11.32,0.17,562.01,0.02,2.71,0.02,21.89,0.39,0.0008,,0,,0,0,0,10.6,1.04,1.87,76.23,
14,64,14064,4.47,0,0.08,0.01,3.1,0.05,991.31,0.01,0.11,0,0.89,0.02,0,,0,,0,0,0,0,0,0,101,
14,65,14065,1.86,,0.05,0.01,1.66,0.02,412.36,0,0.06,0,0.45,0.01,0,,0,5.41,0,0,0,0,0,0,74,
14,66,14066,6.97,0.03,0.14,0.02,4.87,0.08,1162.37,0.01,1.71,0.01,13.85,0.25,0.0005,,0,601.43,0,0,0,10.14,1,0.47,73.14,
14,67,14067,35.08,0,2.54,0.32,2.96,0.42,501.16,0.06,1,0.01,8.07,0.15,0.0003,,0,2.36,324.39,386.32,12.54,0,0,4.35,207.21,
14,68,14068,1.75,,0.02,0,1.5,0.02,387.44,0,0.02,0,0.15,0,0,,0,273.35,0,0,0,0,0,0,383.24,
14,69,14069,1.35,,0.01,0,0.12,0.02,299.75,0,0.01,0,0.05,0,0,,0,565.21,0,0,0,0,0,0,77.07,
14,70,14070,17.74,0,0.43,0.05,12.89,0.21,405.4,0.03,10.9,0.09,88.1,1.59,0.0031,,0.76,,0,0,0,3.38,0.33,0.33,10.65,
14,71,14071,0.51,,0,0,0.4,0.01,113.21,0,0,0,0.02,0,0,,0,,0,0,0,0,0,0,21.46,
14,72,14072,0.98,,0.02,0,0.72,0.01,218.2,0,0.06,0,0.48,0.01,0,,0,,0,0,0,0,0,0,23.91,
14,73,14073,9.09,,0.43,0.05,6.6,0.11,2015.88,0.02,0.36,0,2.89,0.05,0.0001,,0,,0,0,0,0,0,0.35,120.78,
14,74,14074,2.07,,0.1,0.01,0.16,0.02,458.01,0,0.21,0,1.66,0.03,0.0001,,0,,0,0,0,0,0,0,13.38,
14,75,14075,0.56,,0.01,0,0.46,0.01,124.72,0,0.02,0,0.18,0,0,,0,497.2,0,0,0,0,0,0,16.87,
14,76,14076,0.51,,0.01,0,0.4,0.01,113.14,0,0,0,0.03,0,0,,0,2095.69,0,0,0,0,0,17.93,6.47,
14,77,14077,3.84,,0.11,0.01,3.38,0.05,851.73,0.01,0.19,0,1.57,0.03,0.0001,,0,,0,0,0,0,0,0.04,126.24,
14,78,14078,4.29,,0.14,0.02,3.25,0.05,952.13,0.01,1.17,0.01,9.46,0.17,0.0003,,0,,0,0,0,0,0,0.16,41.05,
14,79,14079,2.02,,0.04,0,0.15,0.02,449.04,0,0.23,0,1.86,0.03,0.0001,,0,449.1,0,0,0,4.54,0.45,4.85,29.55,
14,80,14080,0.9,,0,0,0.76,0.01,198.61,0,0.01,0,0.04,0,0,,0,,0,0,0,0,0,1.22,30.05,
14,81,14081,0.59,,0,0,0.53,0.01,130.16,0,0,0,0.02,0,0,,0,5.48,0,0,0,0,0,0,7.58,
14,82,14082,5.53,0,0.15,0.02,4.18,0.07,1226.92,0.01,0.38,0,3.11,0.06,0.0001,,0,816.41,0,0,0,3.47,0.34,0,35.3,
14,83,14083,8.96,,0.18,0.02,7.26,0.11,1987.18,0.01,0.5,0,4.04,0.07,0.0001,,0,6928.74,0,0,0,8.35,0.82,2.46,82,
14,84,14084,2.17,,0.06,0.01,1.73,0.03,480.53,0,0.09,0,0.75,0.01,0,,0,550.3,0,0,0,0,0,0,47.7,
14,85,14085,5.73,0,0.14,0.02,5.11,0.07,1270.41,0.01,0.47,0,3.81,0.07,0.0001,,0,1563.13,0,0,0,0,0,0,89.84,
14,86,14086,2.56,0.03,0.06,0.01,0.18,0.03,566.84,0,0.15,0,1.18,0.02,0,,0,,0,0,0,0,0,0,30.94,
14,87,14087,2.55,,0.08,0.01,2.13,0.03,566.31,0,0.13,0,1.09,0.02,0,,0,648.27,0,0,0,0,0,0,56.74,
14,88,14088,2.38,,0.07,0.01,2.08,0.03,528.96,0,0.18,0,1.43,0.03,0.0001,,0,363.43,0,0,0,0,0,26.61,55.11,
14,89,14089,0.48,,0.01,0,0.42,0.01,107.46,0,0.01,0,0.05,0,0,,0,,0,0,0,3.99,0.39,0,9.08,
14,90,14090,1.12,,0.03,0,1,0.01,248.77,0,0.04,0,0.35,0.01,0,,0,,0,0,0,0,0,0,51.72,
14,91,14091,5.89,,0.14,0.02,4.69,0.07,1305.33,0.01,0.2,0,1.62,0.03,0.0001,,0,,0,0,0,0,0,0.11,107.47,
14,92,14092,1.63,,0.02,0,1.45,0.02,361,0,0.04,0,0.35,0.01,0,,0,,0,0,0,0,0,0,64.83,
14,93,14093,20.15,,0.8,0.1,15.5,0.24,4470.11,0.03,2.1,0.02,16.97,0.31,0.0006,,0,61.13,0,0,0,0,0,2.64,194.12,
14,94,14094,6.13,,0.17,0.02,0.44,0.07,1360.33,0.01,0.52,0,4.21,0.08,0.0001,,0,187.37,0,0,0,8.62,0.85,0.03,52.27,
14,95,14095,1.23,,0.02,0,0.11,0.01,273.34,0,0.01,0,0.12,0,0,,0,4.11,0,0,0,3.44,0.34,0,25.48,
14,96,14096,3.04,,0.09,0.01,0.25,0.04,673.42,0.01,0.09,0,0.71,0.01,0,,0,,0,0,0,0,0,0,23.95,
14,97,14097,35.12,0.03,0.66,0.08,27.05,0.42,1936.12,0.06,13.04,0.1,105.44,1.9,0.0037,,0,144.72,0,0,0,9.78,0.96,0.07,96.38,
14,98,14098,89.61,0,2.33,0.29,65.55,1.08,227.41,0.15,9.81,0.08,79.31,1.43,0.0028,,3.15,,0,0,0,4.51,0.44,12.5,28.02,
14,99,14099,1.39,,0.02,0,1.08,0.02,309.1,0,0.03,0,0.22,0,0,,0,4.65,0,0,0,0,0,0,38.18,
14,100,14100,5.06,,0.11,0.01,4.12,0.06,1122.53,0.01,0.07,0,0.59,0.01,0,,0,932.63,0,0,0,0,0,0.29,163.49,
14,101,14101,65.06,,1.26,0.16,45.38,0.79,1206.85,0.11,4.45,0.03,35.96,0.65,0.0013,,2.51,,0,0,0,0,0,0.76,11.72,
14,102,14102,0.88,,0.02,0,0.77,0.01,196.17,0,0.12,0,0.98,0.02,0,,0,12.37,0,0,0,0,0,0,40.11,
14,103,14103,1.14,0,0.03,0,0.99,0.01,253.43,0,0.04,0,0.29,0.01,0,,0,79.31,0,0,0,3.17,0.31,0.99,18.1,
14,104,14104,0.67,,0.01,0,0.65,0.01,148.87,0,0.02,0,0.15,0,0,,0,3.86,0,0,0,0,0,0,13.58,
14,105,14105,3.14,,0.06,0.01,0.25,0.04,695.8,0.01,0.15,0,1.2,0.02,0,,0,,0,0,0,0,0,0,80.98,
14,106,14106,0.6,,0.01,0,0.5,0.01,133.09,0,0.01,0,0.07,0,0,,0,0,0,0,0,0,0,0,27.29,
14,107,14107,0.92,,0.02,0,0.77,0.01,203.52,0,0.02,0,0.16,0,0,,0,,0,0,0,0,0,0,8.77,
14,108,14108,5.17,,0.13,0.02,3.94,0.06,1145.97,0.01,0.47,0,3.79,0.07,0.0001,,0,7.77,0,0,0,12.34,1.21,31.7,122.48,
14,109,14109,2.46,0,0.04,0.01,1.84,0.03,546.62,0,0.24,0,1.97,0.04,0.0001,,0,,0,0,0,6.79,0.67,0,50.99,
14,110,14110,2.09,,0.07,0.01,1.8,0.03,463.62,0,0.08,0,0.62,0.01,0,,0,7.91,0,0,0,0,0,0,60.74,
14,111,14111,0.96,,0.02,0,0.77,0.01,213.65,0,0.03,0,0.25,0,0,,0,36.21,0,0,0,0,0,0.07,20.7,
14,112,14112,0.83,,0.02,0,0.77,0.01,184.21,0,0.06,0,0.45,0.01,0,,0,,0,0,0,0,0,0,13.05,
14,113,14113,2.13,,0.03,0,1.74,0.03,472.27,0,0.11,0,0.86,0.02,0,,0,28.75,0,0,0,0,0,0,78.98,
14,114,14114,2.42,,0.07,0.01,2.04,0.03,536.45,0,0.12,0,0.93,0.02,0,,0,,0,0,0,0,0,0.68,22.65,
14,115,14115,0.82,,0.02,0,0.07,0.01,182.93,0,0.04,0,0.3,0.01,0,,0,48.16,0,0,0,0,0,0,12.45,
14,116,14116,2.75,,0.17,0.02,2.11,0.03,610.41,0,0.26,0,2.14,0.04,0.0001,,0,,0,0,0,0,0,0.17,33.96,
14,117,14117,0.63,,0.01,0,0.06,0.01,140.43,0,0,0,0.01,0,0,,0,,0,0,0,0,0,0,19.17,
14,118,14118,3.65,,0.09,0.01,3.3,0.04,809.12,0.01,0.17,0,1.4,0.03,0,,0,,0,0,0,0,0,0.4,55.31,
14,119,14119,4.06,,0.12,0.02,3.17,0.05,901.22,0.01,0.26,0,2.08,0.04,0.0001,,0,3.09,0,0,0,8.56,0.84,27.21,54.81,
14,120,14120,183.97,0.06,6.29,0.8,146.63,2.22,1026.18,0.31,32.06,0.25,259.21,4.67,0.0091,,5.38,7060.95,0,0,0,7.68,0.76,63.49,96,
14,121,14121,4.34,0,0.12,0.02,3.57,0.05,963.39,0.01,0.49,0,3.94,0.07,0.0001,,0,30.73,0,0,0,5.64,0.55,34.39,69.98,
14,122,14122,1.01,,0.01,0,0.8,0.01,223.99,0,0.02,0,0.13,0,0,,0,1.55,0,0,0,0,0,0,25.85,
14,123,14123,2.59,,0.02,0,0.2,0.03,574.5,0,1.36,0.01,10.97,0.2,0.0004,,0,,0,0,0,0,0,0,88.14,
14,124,14124,8.89,,0.32,0.04,6.89,0.11,1970.8,0.01,0.94,0.01,7.58,0.14,0.0003,,0,,0,0,0,0,0,0,84.45,
15,1,15001,9.05,,0.23,0.01,5.5,0.23,2006.88,0.02,0.29,0.02,1.44,0.19,0.0001,,0,74.98,0,0,0,0,0,0,0,
15,2,15002,12.26,0,0.91,0.04,7.72,0.31,508.45,0.02,1.65,0.11,8.22,1.1,0.0005,,0,3.07,0,0,0,7.41,0.73,7.05,0,
15,3,15003,6.45,,0.15,0.01,4,0.16,1429.45,0.01,0.19,0.01,0.94,0.13,0.0001,,0,10.51,0,0,0,0,0,0.49,0,
15,4,15004,2.26,,0.13,0.01,1.44,0.06,501.15,0,0.03,0,0.17,0.02,0,,0,69.53,0,0,0,0,0,0,0,
15,5,15005,20.08,0.49,0.54,0.03,11.61,0.5,5487.93,0.03,0.63,0.04,3.16,0.42,0.0002,,0,22.79,0,0,0,4.98,0.49,0.15,0,
15,6,15006,1.42,,0.08,0,0.94,0.04,315.56,0,0.31,0.02,1.55,0.21,0.0001,,0,,0,0,0,0,0,0,0,
15,7,15007,3.24,,0.05,0,1.95,0.08,718.15,0.01,0.01,0,0.07,0.01,0,,0,63,0,0,0,0,0,0,0,
15,8,15008,4.3,,0.17,0.01,0.28,0.11,954.07,0.01,0.05,0,0.26,0.03,0,,0,204.27,0,0,0,0,0,0.02,0,
15,9,15009,7.7,0,0.61,0.03,4.87,0.19,688.02,0.01,0.2,0.01,1.01,0.13,0.0001,,0,122.82,0,0,0,1.73,0.17,0,0,
15,10,15010,4.1,0,0.35,0.02,2.56,0.1,614.05,0.01,0.3,0.02,1.49,0.2,0.0001,,0,,0,0,0,1.99,0.2,16.19,0,
15,11,15011,6.8,0.07,0.35,0.02,3.9,0.17,645.46,0.01,0.4,0.03,2,0.27,0.0001,,0,,0,0,0,0,0,0,0,
15,12,15012,1.42,,0.13,0.01,0.08,0.04,314.51,0,0.22,0.01,1.08,0.14,0.0001,,0,,0,0,0,0,0,0,0,
15,13,15013,75.21,,5.61,0.26,51.23,1.89,42.76,0.13,8.31,0.53,41.36,5.54,0.0024,,0,37.82,0,0,0,0,0,3.4,0,
15,14,15014,12.39,0,1.45,0.07,0.75,0.31,2747.59,0.02,2.82,0.18,14.04,1.88,0.0008,,0,32.96,0,0,0,3.55,0.35,0.55,373.08,
15,15,15015,3.84,,0.18,0.01,2.25,0.1,187.27,0.01,0.08,0,0.38,0.05,0,,0,3.3,0,0,0,0.48,0.05,0,0,
15,16,15016,3.49,0,0.11,0.01,2.27,0.09,552.45,0.01,0.12,0.01,0.61,0.08,0,,0,7.98,0,0,0,8.32,0.82,0,0,
15,17,15017,1.01,,0.02,0,0.07,0.03,226.11,0,0.06,0,0.29,0.04,0,,0,1.59,0,0,0,2.73,0.27,0.15,0,
15,18,15018,6.17,,0.36,0.02,3.31,0.15,733.53,0.01,0.29,0.02,1.44,0.19,0.0001,,0,9.39,0,0,0,0,0,2.84,0,
15,19,15019,4.91,0,0.55,0.03,2.94,0.12,1088.64,0.01,0.62,0.04,3.08,0.41,0.0002,,0,3.09,0,0,0,0,0,0.1,0,
15,20,15020,45.51,,3.66,0.17,32.71,1.14,8.32,0.08,1.11,0.07,5.52,0.74,0.0003,,0,41.31,0,0,0,0,0,0.12,0,
15,21,15021,5.07,,0.21,0.01,3.07,0.13,1124.72,0.01,0.06,0,0.3,0.04,0,,0,110.89,0,0,0,0,0,0.02,107.45,
15,22,15022,1.93,,0.1,0,1.09,0.05,192.29,0,0.02,0,0.12,0.02,0,,0,0.77,0,0,0,0,0,0,0,
15,23,15023,6.26,0.07,0.37,0.02,0.37,0.16,227.69,0.01,0.14,0.01,0.68,0.09,0,,0,,0,0,0,2.43,0.24,0.17,0,
15,24,15024,17.56,,1.81,0.08,12.07,0.44,517.39,0.03,3.77,0.24,18.76,2.51,0.0011,,0,,0,0,0,3.34,0.33,0.07,0,
15,25,15025,40.97,0.07,3.64,0.17,24.43,1.03,802.76,0.07,3.06,0.19,15.21,2.04,0.0009,,0,69.08,0,0,0,7.19,0.71,0.52,0,
15,26,15026,3.46,,0.07,0,2.15,0.09,767.68,0.01,0.19,0.01,0.94,0.13,0.0001,,0,38.28,0,0,0,0,0,0.17,0,
15,27,15027,1.05,,0.06,0,0.64,0.03,32.31,0,0.02,0,0.09,0.01,0,,0,,0,0,0,0,0,0,0,
15,28,15028,3.61,0.14,0.14,0.01,2.07,0.09,531.62,0.01,0.17,0.01,0.87,0.12,0,,0,,0,0,0,2.64,0.26,0.01,0,
15,29,15029,27.06,0,1.18,0.05,18.21,0.68,99.27,0.05,0.6,0.04,2.97,0.4,0.0002,,0,6.2,0,0,0,0,0,18.3,0,
15,30,15030,3.13,,1.51,0.07,1.67,0.08,42,0.01,0.13,0.01,0.67,0.09,0,,0,,0,0,0,0,0,0,0,
15,31,15031,83.63,0,5.28,0.25,5.1,2.1,80.16,0.14,1.8,0.11,8.97,1.2,0.0005,,0,,0,0,0,2.47,0.24,0.47,0,
15,32,15032,4.71,,0.09,0,0.26,0.12,1045.68,0.01,0.02,0,0.1,0.01,0,,0,205.03,0,0,0,0,0,0.25,0,
15,33,15033,268.72,,23.17,1.08,172.34,6.74,48.74,0.45,25.27,1.61,125.76,16.84,0.0072,,0,32.35,0,0,0,9.53,0.94,18.23,0,
15,34,15034,1.31,0.35,0.05,0,0.68,0.03,134.95,0,0.02,0,0.11,0.01,0,,0,0.26,0,0,0,0,0,0.17,0,
15,35,15035,9.51,,0.42,0.02,6.17,0.24,540.97,0.02,1.8,0.11,8.94,1.2,0.0005,,0,,0,0,0,4.85,0.48,0.42,0,
15,36,15036,5.81,,0.27,0.01,3.43,0.15,682.38,0.01,0.14,0.01,0.69,0.09,0,,0,,0,0,0,0,0,0.13,0,
15,37,15037,35.66,,2.63,0.12,23.57,0.89,1721.97,0.06,0.61,0.04,3.05,0.41,0.0002,,0,81.21,0,0,0,9.53,0.94,31.45,0,
15,38,15038,1.4,,0.08,0,0.86,0.04,478.62,0,0.02,0,0.09,0.01,0,,0.28,8.63,0,0,0,0,0,0.84,0,
15,39,15039,68.29,0.07,3.32,0.15,44.71,1.71,534.92,0.11,3.73,0.24,18.55,2.48,0.0011,,0,254.74,0,0,0,0,0,45.38,0,
15,40,15040,4.79,,0.92,0.04,3.08,0.12,1061.64,0.01,0.09,0.01,0.46,0.06,0,,0,27.01,0,0,0,0,0,0.02,0,
15,41,15041,1.01,0,0.03,0,0.64,0.03,224.13,0,0,0,0.02,0,0,,0,146.23,0,0,0,0,0,0,0,
15,42,15042,20.14,,1.13,0.05,11.4,0.51,4465.87,0.03,1.03,0.07,5.14,0.69,0.0003,,0,16.52,0,0,0,13.17,1.3,0.09,0,
15,43,15043,3.18,,0.19,0.01,1.76,0.08,706.11,0.01,0.08,0.01,0.41,0.06,0,,0,17.74,0,0,0,0,0,0.25,0,
15,44,15044,4.2,0,0.19,0.01,2.71,0.11,930.52,0.01,0.09,0.01,0.44,0.06,0,,0,,0,0,0,0,0,0,0,
15,45,15045,11.4,0,0.59,0.03,7.03,0.29,2528.47,0.02,0.59,0.04,2.95,0.4,0.0002,,0,17.68,0,0,0,4.55,0.45,0.11,134.15,
15,46,15046,2.2,0.07,0.07,0,0.14,0.06,489.96,0,0.03,0,0.15,0.02,0,,0,46.3,0,0,0,0,0,5.22,0,
15,47,15047,9.55,0,0.15,0.01,5.67,0.24,2117.02,0.02,0.06,0,0.28,0.04,0,,0,15.98,0,0,0,0,0,0,0,
15,48,15048,8.82,,0.43,0.02,5.56,0.22,1955.83,0.01,2.87,0.18,14.29,1.91,0.0008,,0,22.27,0,0,0,1.69,0.17,1.02,0,
15,49,15049,1.76,,0.09,0,1.06,0.04,389.8,0,0.03,0,0.14,0.02,0,,0,60.72,0,0,0,0,0,0,0,
15,50,15050,3.35,,0.2,0.01,1.96,0.08,54.59,0.01,0.2,0.01,1.01,0.13,0.0001,,0,3.09,0,0,0,0,0,0,0,
15,51,15051,16.8,0,1.21,0.06,9.98,0.42,2766.58,0.03,7.73,0.49,38.47,5.15,0.0022,,0,53.34,0,0,0,1.47,0.14,1.6,0,
15,52,15052,3.66,,0.37,0.02,2.2,0.09,810.89,0.01,0.04,0,0.2,0.03,0,,0,24.71,0,0,0,0,0,0,0,
15,53,15053,6,,0.47,0.02,3.65,0.15,304.21,0.01,0.31,0.02,1.54,0.21,0.0001,,0,,0,0,0,0,0,0,0,
15,54,15054,32.79,,4.49,0.21,22.14,0.82,242.4,0.05,1.22,0.08,6.06,0.81,0.0003,,0.71,,0,0,0,0,0,8.27,0,
15,55,15055,1.62,,0.11,0,0.89,0.04,106.56,0,0.05,0,0.23,0.03,0,,0,,0,0,0,0,0,0,0,
15,56,15056,4.21,0,0.12,0.01,2.54,0.11,933.03,0.01,0.27,0.02,1.35,0.18,0.0001,,0,35.97,0,0,0,0,0,0,0,
15,57,15057,130.75,0.07,18.81,0.88,92.08,3.28,1123.53,0.22,30.63,1.95,152.43,20.41,0.0087,,2.42,39.79,0,0,0,3.73,0.37,111.45,0,
15,58,15058,181.54,,17.42,0.81,121.76,4.56,290.66,0.3,7.35,0.47,36.59,4.9,0.0021,,0,,0,0,0,8.01,0.79,3.1,0,
15,59,15059,3.58,0,0.17,0.01,2.18,0.09,421.83,0.01,0.16,0.01,0.8,0.11,0,,0,,0,0,0,3.12,0.31,0,0,
15,60,15060,48.79,,2.66,0.12,31.6,1.22,1730.91,0.08,1.36,0.09,6.76,0.91,0.0004,,0,309.15,0,0,0,0,0,1.16,0,
15,61,15061,1.3,,0.06,0,0.87,0.03,91.64,0,0.21,0.01,1.03,0.14,0.0001,,0,,0,0,0,4.59,0.45,0.2,0,
15,62,15062,8.63,0.49,0.9,0.04,4.95,0.22,725.28,0.01,1.37,0.09,6.8,0.91,0.0004,,0,97.65,0,0,0,6.11,0.6,0.66,0,
15,63,15063,4.19,,0.11,0.01,2.42,0.11,929.57,0.01,0.03,0,0.15,0.02,0,,0,85.7,0,0,0,0,0,0,0,
15,64,15064,5.07,,0.18,0.01,0.03,0.13,1124.26,0.01,0.09,0.01,0.47,0.06,0,,0,,0,0,0,5.11,0.5,0.01,0,
15,65,15065,4.75,,0.29,0.01,2.95,0.12,753.88,0.01,0.11,0.01,0.56,0.08,0,,0,,0,0,0,9.66,0.95,2.3,0,
15,66,15066,0.76,,0.03,0,0.45,0.02,167.61,0,0.01,0,0.07,0.01,0,,0,,0,0,0,0,0,0,0,
15,67,15067,10.76,,0.45,0.02,5.91,0.27,2302.4,0.02,1.62,0.1,8.06,1.08,0.0005,,0,9.37,0,0,0,0,0,0.18,0,
15,68,15068,3.83,0,0.34,0.02,2.35,0.1,393.03,0.01,0.17,0.01,0.85,0.11,0,,0,,0,0,0,1.91,0.19,0,0,
15,69,15069,0.6,0,0.05,0,0.35,0.02,4.61,0,0.07,0,0.36,0.05,0,,0,,0,0,0,0,0,0.04,0,
15,70,15070,37.01,,3.99,0.19,24.14,0.93,23.03,0.06,5.19,0.33,25.84,3.46,0.0015,,0,,0,0,0,4.12,0.4,0.35,0,
15,71,15071,1.96,0.28,0.09,0,0.13,0.05,434.88,0,0.2,0.01,0.98,0.13,0.0001,,0,,0,0,0,6.37,0.63,0,0,
15,72,15072,1.74,,0.07,0,0.97,0.04,245.08,0,0.33,0.02,1.62,0.22,0.0001,,0,,0,0,0,0,0,0.39,0,
15,73,15073,1.8,,0.11,0,0.99,0.05,52.25,0,0.54,0.03,2.71,0.36,0.0002,,0,,0,0,0,0,0,6.35,0,
15,74,15074,15.95,,0.5,0.02,8.37,0.4,3537.29,0.03,0.09,0.01,0.45,0.06,0,,0,12.21,0,0,0,2.82,0.28,0.29,0,
15,75,15075,3.42,,0.24,0.01,2.18,0.09,634.6,0.01,0.3,0.02,1.48,0.2,0.0001,,0,17.2,0,0,0,2.77,0.27,0,0,
15,76,15076,10.62,,1.7,0.08,6.15,0.27,9.9,0.02,2.54,0.16,12.62,1.69,0.0007,,0,,0,0,0,0.87,0.09,0.1,0,
15,77,15077,0.86,,0.02,0,0.52,0.02,190.91,0,0.01,0,0.03,0,0,,0,225.72,0,0,0,0,0,0,0,
15,78,15078,1.41,,0.04,0,0.87,0.04,313.76,0,0.01,0,0.07,0.01,0,,0,2.82,0,0,0,0,0,0,0,
15,79,15079,1.71,0.07,0.04,0,0.11,0.04,378.4,0,0.21,0.01,1.06,0.14,0.0001,,0,9.32,0,0,0,0,0,0.01,0,
15,80,15080,3.98,,0.1,0,2.3,0.1,882.05,0.01,0.02,0,0.08,0.01,0,,0,374.22,0,0,0,0,0,0.03,0,
15,81,15081,43.07,0,2.79,0.13,29.55,1.08,329.85,0.07,1.88,0.12,9.36,1.25,0.0005,,0,,0,0,0,0,0,22.78,0,
15,82,15082,9.96,,0.74,0.03,5.88,0.25,2208.03,0.02,0.19,0.01,0.96,0.13,0.0001,,0,786.34,0,0,0,0,0,0.76,90.18,
15,83,15083,1.61,0.07,0.07,0,0.94,0.04,345.73,0,0.02,0,0.11,0.01,0,,0,,0,0,0,0,0,0.27,0,
15,84,15084,5.26,,0.24,0.01,3.36,0.13,510.31,0.01,0.14,0.01,0.72,0.1,0,,0,,0,0,0,3.73,0.37,0,0,
15,85,15085,9.26,,0.36,0.02,5.42,0.23,2053.48,0.02,0.75,0.05,3.71,0.5,0.0002,,0,46.78,0,0,0,10.05,0.99,0,0,
15,86,15086,4.83,0,0.08,0,2.91,0.12,1070.92,0.01,0.01,0,0.07,0.01,0,,0,469.26,0,0,0,0,0,0.6,0,
15,87,15087,12.37,,0.44,0.02,6.43,0.31,2743.46,0.02,0.15,0.01,0.73,0.1,0,,0,,0,0,0,0,0,0,0,
15,88,15088,12.76,0,1.23,0.06,0.74,0.32,2830.62,0.02,0.73,0.05,3.63,0.49,0.0002,,0,113.65,0,0,0,0,0,0,0,
15,89,15089,1.5,,0.08,0,0.1,0.04,302.28,0,0.03,0,0.14,0.02,0,,0,7.03,0,0,0,4.12,0.4,0.1,0,
15,90,15090,10.93,,0.91,0.04,6.38,0.27,2424.15,0.02,1.03,0.07,5.13,0.69,0.0003,,0,73.03,0,0,0,0,0,0.59,0,
15,91,15091,11.73,,0.72,0.03,7.15,0.29,490.17,0.02,0.44,0.03,2.17,0.29,0.0001,,0,,0,0,0,1.86,0.18,0.02,0,
15,92,15092,7.45,0.14,0.68,0.03,4.74,0.19,555.2,0.01,0.66,0.04,3.27,0.44,0.0002,,0,,0,0,0,0,0,0,0,
15,93,15093,4.06,0,0.12,0.01,2.45,0.1,798.29,0.01,0.05,0,0.23,0.03,0,,0,14.37,0,0,0,0,0,0,0,
15,94,15094,2.69,,0.16,0.01,1.61,0.07,192.01,0,0.03,0,0.17,0.02,0,,0,,0,0,0,3.86,0.38,0,0,
15,95,15095,10.78,0,1.22,0.06,6.98,0.27,598.58,0.02,4.11,0.26,20.46,2.74,0.0012,,0,128.72,0,0,0,0,0,0.72,0,
15,96,15096,4.95,,0.32,0.01,3.16,0.12,287.09,0.01,0.45,0.03,2.25,0.3,0.0001,,0,,0,0,0,5.54,0.55,0,0,
15,97,15097,2.52,,0.15,0.01,1.48,0.06,558.62,0,0.02,0,0.11,0.01,0,,0,70.85,0,0,0,0,0,0,0,
15,98,15098,0.72,,0.07,0,0.44,0.02,159.35,0,0.03,0,0.17,0.02,0,,0,,0,0,0,0,0,0.04,0,
15,99,15099,33.32,0,3.47,0.16,2.07,0.84,709.4,0.06,2.38,0.15,11.85,1.59,0.0007,,0,57.46,0,0,0,6.06,0.6,24.41,148.87,
15,100,15100,4.04,,0.28,0.01,2.53,0.1,377.63,0.01,0.14,0.01,0.71,0.1,0,,0,,0,0,0,0,0,0,0,
15,101,15101,10.24,,0.86,0.04,5.72,0.26,2272.21,0.02,3.75,0.24,18.65,2.5,0.0011,,0,43.7,0,0,0,0,0,0.04,0,
15,102,15102,2.28,0,0.05,0,1.48,0.06,506.05,0,0.26,0.02,1.29,0.17,0.0001,,0,15.61,0,0,0,0,0,0.02,0,
15,103,15103,6.99,0.21,0.38,0.02,4.45,0.18,656.19,0.01,0.51,0.03,2.52,0.34,0.0001,,0,54.54,0,0,0,0,0,0.11,0,
15,104,15104,108.84,0,17.8,0.83,76.72,2.73,24139.76,0.18,31.53,2.01,156.9,21.01,0.009,,1.8,51.47,0,0,0,7.32,0.72,43.88,0,
15,105,15105,5.3,,0.05,0,3.35,0.13,1175.84,0.01,0.01,0,0.06,0.01,0,,0,14.86,0,0,0,0,0,0,0,
15,106,15106,118.98,0.07,17.39,0.81,77.44,2.99,3484.51,0.2,19.62,1.25,97.62,13.07,0.0056,,0,71.83,476.91,496.83,0,10.18,1,43.83,366.18,
15,107,15107,1.74,,0.21,0.01,0.12,0.04,384.83,0,0.08,0,0.39,0.05,0,,0,7.88,0,0,0,0,0,0.02,0,
15,108,15108,17.53,,0.93,0.04,10.71,0.44,344.56,0.03,0.62,0.04,3.1,0.41,0.0002,,0,,0,0,0,3.12,0.31,0,0,
15,109,15109,75.27,,4.82,0.22,50.56,1.89,159.15,0.13,10.61,0.68,52.79,7.07,0.003,,0,46.2,0,0,0,2.38,0.23,15.69,0,
15,110,15110,8.42,,1.23,0.06,5.31,0.21,1867.54,0.01,0.25,0.02,1.25,0.17,0.0001,,0,275.26,0,0,0,0,0,0.44,155.65,
15,111,15111,6.68,,0.11,0.01,3.69,0.17,1480.49,0.01,0.05,0,0.27,0.04,0,,0,96.66,0,0,0,0,0,0,0,
15,112,15112,6.3,0,0.25,0.01,3.69,0.16,1895.21,0.01,0.15,0.01,0.73,0.1,0,,0,139.46,0,0,0,0,0,0.09,0,
15,113,15113,8.29,,0.39,0.02,5.14,0.21,1838.88,0.01,0.07,0,0.37,0.05,0,,0,191.54,0,0,0,0,0,0.14,0,
15,114,15114,12.39,,0.22,0.01,6.65,0.31,2747.16,0.02,0.27,0.02,1.36,0.18,0.0001,,0,35.88,0,0,0,0,0,0.11,0,
15,115,15115,7.21,,0.45,0.02,4.12,0.18,1226.31,0.01,0.11,0.01,0.55,0.07,0,,0,4.75,0,0,0,0,0,0.41,0,
15,116,15116,0.61,,0.08,0,0.39,0.02,135.42,0,0.02,0,0.09,0.01,0,,0,51.6,0,0,0,0,0,41.53,0,
15,117,15117,2.2,,0.08,0,1.33,0.06,487.17,0,0.01,0,0.07,0.01,0,,0,10.94,0,0,0,0,0,7.22,0,
15,118,15118,21.67,0,1.75,0.08,12.59,0.54,2400.71,0.04,0.88,0.06,4.37,0.58,0.0002,,0,67.15,0,0,0,0,0,4.05,0,
15,119,15119,2.57,,0.05,0,1.4,0.06,570.09,0,0.01,0,0.05,0.01,0,,0,53.14,0,0,0,0,0,0,0,
15,120,15120,20.37,,1.6,0.07,11.94,0.51,1458.95,0.03,0.7,0.04,3.5,0.47,0.0002,,0,,0,0,0,1.52,0.15,1.46,262.13,
15,121,15121,79.27,,8.53,0.4,54.87,1.99,325.17,0.13,17.78,1.13,88.49,11.85,0.0051,,0,,0,0,0,7.23,0.71,8.07,0,
15,122,15122,52.89,0.07,4,0.19,33.54,1.33,65.86,0.09,1.73,0.11,8.62,1.15,0.0005,,0,,0,0,0,0,0,0.02,0,
15,123,15123,4.49,,0.21,0.01,2.56,0.11,995.97,0.01,0.06,0,0.29,0.04,0,,0,613.36,0,0,0,0,0,0,0,
15,124,15124,12.72,,0.1,0,6.6,0.32,2822.21,0.02,0.02,0,0.11,0.01,0,,0,32.1,0,0,0,0,0,0,0,
15,125,15125,1.29,,0.04,0,0.79,0.03,285.28,0,0.01,0,0.05,0.01,0,,0,,0,0,0,0,0,0,0,
16,1,16001,1.6,0.01,0.07,0.01,0.79,0.02,167.05,0,0.1,0.04,0.82,0.02,0,,0,89.19,0,0,0,0,0,0,15.46,
16,2,16002,2.57,,0.08,0.01,1.3,0.03,570.44,0,0.26,0.11,2.1,0.05,0.0001,,0,627.25,0,0,0,0,0,0,44.86,
16,3,16003,2.98,0,0.06,0.01,1.53,0.04,660.01,0,0.06,0.02,0.46,0.01,0,,0,,0,0,0,0,0,0,58.76,
16,4,16004,1.96,,0.07,0.01,1.01,0.02,435.38,0,0.02,0.01,0.18,0,0,,0,,0,0,0,4.75,0.47,0,46.04,
16,5,16005,1.59,,0.04,0,0.07,0.02,352.67,0,0.06,0.02,0.46,0.01,0,,0,7.36,0,0,0,1.8,0.18,0,0.7,
16,6,16006,18.32,0.04,1.08,0.09,9.3,0.22,4062.48,0.03,0.66,0.28,5.36,0.12,0.0002,,0.01,927.89,0,0,0,1.35,0.13,0.63,153.11,
16,7,16007,0.43,,0.01,0,0.2,0.01,95.49,0,0.05,0.02,0.38,0.01,0,,0,5.49,0,0,0,2.62,0.26,0,2.84,
16,8,16008,3.33,,0.01,0,0.15,0.04,737.74,0.01,0,0,0.02,0,0,,0,,0,0,0,0,0,11.22,13.66,
16,9,16009,5.04,0,0.17,0.01,2.59,0.06,1117.2,0.01,0.09,0.04,0.7,0.02,0,,0,363.1,0,0,0,0,0,0,0,
16,10,16010,3.37,0,0.09,0.01,1.66,0.04,747.45,0.01,0.07,0.03,0.6,0.01,0,,0,1108.13,0,0,0,18.77,1.85,0,0,
16,11,16011,1.52,,0.03,0,0.8,0.02,337.49,0,0.07,0.03,0.58,0.01,0,,0,,0,0,0,0,0,0,52.83,
16,12,16012,6.05,0.01,0.2,0.02,3.2,0.07,1342.75,0.01,0.17,0.07,1.35,0.03,0,,0,,0,0,0,0,0,0.04,151.55,
16,13,16013,1.49,,0.03,0,0.75,0.02,329.61,0,0.02,0.01,0.19,0,0,,0,,0,0,0,0,0,0,24.95,
16,14,16014,1.85,0,0.04,0,1.03,0.02,410.63,0,0.03,0.01,0.23,0,0,,0,,0,0,0,0,0,0,30.45,
16,15,16015,2.89,,0.09,0.01,1.43,0.03,640.94,0,0.13,0.05,1.02,0.02,0,,0,2040.76,0,0,0,0,0,0.01,19.77,
16,16,16016,3.1,0,0.05,0,1.77,0.04,687.61,0.01,0.16,0.07,1.29,0.03,0,,0,176.92,0,0,0,2.91,0.29,0.13,54.78,
16,17,16017,4.89,0.03,0.04,0,2.41,0.06,1083.63,0.01,0.09,0.04,0.76,0.02,0,,0,,0,0,0,6.57,0.65,0.16,38.01,
16,18,16018,1.29,,0.02,0,0.66,0.02,287.04,0,0.02,0.01,0.13,0,0,,0,,0,0,0,0,0,0,7.06,
16,19,16019,2.9,0.01,0.14,0.01,1.58,0.03,642.74,0,0.25,0.1,1.99,0.04,0.0001,,0,65.49,0,0,0,0,0,0,11.17,
16,20,16020,4.17,0,0.12,0.01,2.05,0.05,925.37,0.01,0.4,0.17,3.2,0.07,0.0001,,0,,0,0,0,0,0,0.31,15.15,
16,21,16021,1.73,0.03,0.03,0,0.82,0.02,383.63,0,0.2,0.09,1.64,0.04,0.0001,,0,238.52,0,0,0,0,0,0,19,
16,22,16022,3.09,0,0.02,0,1.33,0.04,685.46,0.01,0.02,0.01,0.16,0,0,,0,10.82,0,0,0,2.74,0.27,0.21,26.31,
16,23,16023,1.53,,0.05,0,0.9,0.02,339.46,0,0.1,0.04,0.78,0.02,0,,0,,0,0,0,3.1,0.3,0.02,10.7,
16,24,16024,2.5,,0.13,0.01,1.1,0.03,555.44,0,0.42,0.18,3.38,0.07,0.0001,,0,329.64,0,0,0,0,0,0,9.03,
16,25,16025,4.82,,0.11,0.01,2.24,0.06,1069.61,0.01,0.86,0.36,6.96,0.15,0.0002,,0,1872.56,0,0,0,0,0,0.02,2.36,
16,26,16026,0.85,0.01,0.01,0,0.42,0.01,188.62,0,0,0,0.02,0,0,,0,145.23,0,0,0,0,0,0,9.52,
16,27,16027,0.88,0,0.02,0,0.52,0.01,194.73,0,0.02,0.01,0.18,0,0,,0,,0,0,0,0,0,0,6.1,
16,28,16028,0.88,,0.03,0,0.56,0.01,194.87,0,0.04,0.02,0.35,0.01,0,,0,,0,0,0,0,0,0,19.25,
16,29,16029,2.2,0.07,0.04,0,0.1,0.03,487.2,0,0.02,0.01,0.13,0,0,,0,,0,0,0,0,0,0,35.81,
16,30,16030,1.98,0.03,0.04,0,1.14,0.02,438.45,0,0.05,0.02,0.4,0.01,0,,0,,0,0,0,3.66,0.36,0,20.7,
16,31,16031,2.52,,0.03,0,1.29,0.03,558.76,0,0.04,0.02,0.29,0.01,0,,0,6.29,0,0,0,0,0,0.03,15.95,
16,32,16032,2.08,,0.02,0,0.1,0.03,461.04,0,0.11,0.05,0.9,0.02,0,,0,170.9,0,0,0,4.96,0.49,0,0,
16,33,16033,3.16,,0.09,0.01,1.7,0.04,701.66,0.01,0.06,0.02,0.45,0.01,0,,0,324.43,0,0,0,3.95,0.39,0,60.86,
16,34,16034,17.56,,0.73,0.06,8.1,0.21,3894.19,0.03,2.03,0.86,16.43,0.35,0.0006,,0.01,180.22,0,0,0,0,0,0.22,45.54,
16,35,16035,5.06,,0.11,0.01,2.5,0.06,1121.68,0.01,0.08,0.03,0.61,0.01,0,,0,303.93,0,0,0,7.38,0.73,1.39,31.85,
16,36,16036,1.76,,0.08,0.01,1.02,0.02,390.19,0,0.08,0.03,0.62,0.01,0,,0,,0,0,0,0,0,0,8.73,
16,37,16037,1.21,0,0.02,0,0.79,0.01,269.25,0,0.04,0.02,0.3,0.01,0,,0,,0,0,0,0,0,0,31.75,
16,38,16038,6.56,,0.27,0.02,3.62,0.08,1455.82,0.01,0.23,0.1,1.84,0.04,0.0001,,0,,0,0,0,0,0,2.75,43.06,
16,39,16039,1.17,,0.02,0,0.55,0.01,260.14,0,0.01,0,0.04,0,0,,0,25.96,0,0,0,1.13,0.11,0.14,4.81,
16,40,16040,2.41,0.01,0.06,0.01,1.13,0.03,534.26,0,0.13,0.06,1.08,0.02,0,,0,1.55,0,0,0,2.81,0.28,0.43,36.79,
16,41,16041,1.82,0.01,0.04,0,0.09,0.02,403.01,0,0.1,0.04,0.83,0.02,0,,0,,0,0,0,2.2,0.22,0.19,2.62,
16,42,16042,2.04,0.01,0.03,0,1.15,0.02,451.65,0,0.02,0.01,0.16,0,0,,0,,0,0,0,0,0,0.24,20.92,
16,43,16043,9.55,,0.34,0.03,4.76,0.12,236.63,0.02,1.65,0.7,13.34,0.29,0.0005,,0.01,,0,0,0,0,0,2.71,11.66,
16,44,16044,2.04,,0.06,0.01,1.23,0.02,452.39,0,0.07,0.03,0.58,0.01,0,,0,16.56,0,0,0,1.82,0.18,0.32,37.48,
16,45,16045,5.05,,0.25,0.02,2.8,0.06,1120.13,0.01,0.35,0.15,2.85,0.06,0.0001,,0,,0,0,0,0,0,0.22,31.12,
16,46,16046,1.91,,0.04,0,0.95,0.02,424.19,0,0.02,0.01,0.19,0,0,,0,,0,0,0,0,0,0,9.46,
16,47,16047,2.96,,0.04,0,1.41,0.04,655.59,0,0.03,0.01,0.24,0.01,0,,0,,0,0,0,0,0,3.44,16.37,
16,48,16048,0.77,,0.02,0,0.42,0.01,170.44,0,0.03,0.01,0.22,0,0,,0,26.68,0,0,0,2.46,0.24,0,6.32,
16,49,16049,2.51,0.01,0.05,0,1.14,0.03,556.68,0,0.06,0.02,0.46,0.01,0,,0,204.63,0,0,0,0,0,0,52.72,
16,50,16050,11.17,0,0.37,0.03,5.31,0.13,2477.14,0.02,0.41,0.17,3.28,0.07,0.0001,,0.01,6.05,0,0,0,11.21,1.1,0.17,59.57,
16,51,16051,1.75,,0.07,0.01,0.98,0.02,388.75,0,0.26,0.11,2.1,0.05,0.0001,,0,0.08,0,0,0,0,0,0,9.54,
16,52,16052,25.94,0,1.41,0.12,14.18,0.31,5754.11,0.04,2.35,0.99,18.97,0.41,0.0007,,0.02,,0,0,22.28,8.53,0.84,33.48,15.27,
16,53,16053,108.89,0,7.3,0.62,57.48,1.31,3639.05,0.18,7.56,3.19,61.13,1.32,0.0022,,0.07,603.49,150.19,160.82,0,10.38,1.02,42.75,118.19,
16,54,16054,1.36,0.01,0.03,0,0.75,0.02,300.95,0,0.03,0.01,0.24,0.01,0,,0,,0,0,0,0,0,0,25.52,
16,55,16055,6.4,0.01,0.31,0.03,3.23,0.08,1420.27,0.01,0.21,0.09,1.66,0.04,0.0001,,0,19.69,0,0,0,9.67,0.95,0.81,63.54,
16,56,16056,3.99,0,0.15,0.01,1.66,0.05,884.49,0.01,0.84,0.35,6.77,0.15,0.0002,,0,66.97,0,0,0,0,0,0,19.91,
16,57,16057,1.22,,0.02,0,0.61,0.01,270.02,0,0.02,0.01,0.13,0,0,,0,,0,0,0,0,0,0,2.59,
16,58,16058,2.55,0.01,0.15,0.01,1.23,0.03,565.82,0,0.59,0.25,4.74,0.1,0.0002,,0,10.17,0,0,0,0,0,0.01,0,
16,59,16059,1.23,,0.01,0,0.65,0.01,272.6,0,0.01,0,0.05,0,0,,0,640.85,0,0,0,6.12,0.6,0,31.37,
16,60,16060,1.49,,0.03,0,0.08,0.02,331.41,0,0.07,0.03,0.57,0.01,0,,0,,0,0,0,0,0,0.27,25.07,
16,61,16061,3.29,,0.04,0,1.45,0.04,730.36,0.01,0.1,0.04,0.78,0.02,0,,0,22.9,0,0,0,2.74,0.27,0.2,0.75,
16,62,16062,2.93,,0.08,0.01,1.51,0.04,650.01,0,0.09,0.04,0.76,0.02,0,,0,,0,0,0,0,0,0,73.18,
16,63,16063,2.51,0.01,0.05,0,1.39,0.03,557.1,0,0.05,0.02,0.41,0.01,0,,0,,0,0,0,3.31,0.33,0.05,4.16,
16,64,16064,3.63,,0.07,0.01,1.84,0.04,804.96,0.01,0.04,0.02,0.32,0.01,0,,0,268.42,0,0,0,2.48,0.24,0,88.32,
16,65,16065,5.08,0,0.24,0.02,2.37,0.06,1125.71,0.01,0.82,0.35,6.65,0.14,0.0002,,0,900.25,0,0,0,0,0,0.11,18.63,
16,66,16066,12.71,0,0.82,0.07,5.97,0.15,2819.5,0.02,0.75,0.32,6.09,0.13,0.0002,,0.01,285.07,0,0,0,8.7,0.86,2.64,0,
16,67,16067,2.63,0,0.05,0,1.4,0.03,583.29,0,0.04,0.02,0.33,0.01,0,,0,,0,0,0,0,0,0,79.44,
16,68,16068,3.34,,0.13,0.01,1.62,0.04,740.11,0.01,0.05,0.02,0.42,0.01,0,,0,148.26,0,0,0,0,0,0.04,27.08,
16,69,16069,14.51,,1.07,0.09,7.73,0.18,877.97,0.02,1.42,0.6,11.5,0.25,0.0004,,0.01,,0,0,0,4.16,0.41,0.97,40.11,
16,70,16070,2.43,,0.15,0.01,1.32,0.03,539.73,0,0.45,0.19,3.67,0.08,0.0001,,0,343.12,0,0,0,0,0,0,0.13,
16,71,16071,10.28,,0.42,0.04,0.53,0.12,2280.15,0.02,0.31,0.13,2.5,0.05,0.0001,,0,,0,0,0,0,0,0.82,161.27,
16,72,16072,1.99,0,0.06,0.01,0.96,0.02,440.36,0,0.03,0.01,0.27,0.01,0,,0,52.69,0,0,0,0,0,0,36.56,
16,73,16073,3.72,0,0.23,0.02,1.82,0.04,825.75,0.01,1.75,0.74,14.16,0.31,0.0005,,0,107.67,0,0,0,0,0,0,0,
16,74,16074,1.5,,0.04,0,0.82,0.02,333.64,0,0.05,0.02,0.37,0.01,0,,0,,0,0,0,0,0,0,11.22,
16,75,16075,8.24,0,0.39,0.03,4.27,0.1,1828.22,0.01,0.28,0.12,2.27,0.05,0.0001,,0.01,979.97,0,0,0,0.95,0.09,0.01,28.61,
16,76,16076,9.86,,0.7,0.06,5.06,0.12,2187.49,0.02,0.83,0.35,6.74,0.15,0.0002,,0.01,,0,0,0,0,0,1.31,15.06,
16,77,16077,2.7,0.01,0.08,0.01,1.56,0.03,598.47,0,0.05,0.02,0.39,0.01,0,,0,,0,0,0,0,0,0,34.88,
16,78,16078,1.9,,0.06,0.01,0.97,0.02,420.98,0,0.06,0.02,0.47,0.01,0,,0,,0,0,0,0,0,0,4.57,
16,79,16079,6.13,0,0.15,0.01,2.62,0.07,1359.2,0.01,0.49,0.21,3.93,0.08,0.0001,,0,163.25,0,0,0,3.45,0.34,0,0,
16,80,16080,2.54,,0.02,0,1.18,0.03,563.07,0,0.03,0.01,0.24,0.01,0,,0,92.49,0,0,0,2.58,0.25,0.16,13.47,
16,81,16081,1.23,0,0.01,0,0.58,0.01,271.93,0,0.01,0,0.06,0,0,,0,19.88,0,0,0,0,0,0,7.16,
16,82,16082,9.54,0.02,0.32,0.03,4.54,0.12,2115.29,0.02,0.28,0.12,2.23,0.05,0.0001,,0.01,377.66,0,0,0,0,0,0.33,72.46,
16,83,16083,4.15,,0.08,0.01,1.93,0.05,920.99,0.01,0.07,0.03,0.59,0.01,0,,0,1487.03,0,0,0,0,0,0,97.9,
16,84,16084,3.86,,0.09,0.01,1.82,0.05,856.67,0.01,0.13,0.06,1.09,0.02,0,,0,6.29,0,0,0,0,0,0,1.71,
16,85,16085,4.78,0.02,0.16,0.01,2.68,0.06,1060.89,0.01,0.28,0.12,2.28,0.05,0.0001,,0,111.57,0,0,0,0,0,0.21,14.77,
16,86,16086,2.32,,0.05,0,0.12,0.03,514.67,0,0.05,0.02,0.42,0.01,0,,0,,0,0,0,1.3,0.13,0,59.89,
16,87,16087,1.96,0.02,0.05,0,1.05,0.02,434,0,0.17,0.07,1.35,0.03,0,,0,118.88,0,0,0,3.38,0.33,0.01,13.54,
16,88,16088,8.19,0,0.1,0.01,4.43,0.1,2099.19,0.01,0.41,0.17,3.32,0.07,0.0001,,0.01,,0,0,0,0,0,2.17,45.67,
16,89,16089,3.53,,0.21,0.02,1.98,0.04,782.01,0.01,0.15,0.06,1.24,0.03,0,,0,43.29,0,0,0,0,0,1.1,140.87,
16,90,16090,2.01,0,0.08,0.01,0.88,0.02,445.86,0,0.3,0.13,2.42,0.05,0.0001,,0,76.8,0,0,0,1.8,0.18,0.03,14.05,
16,91,16091,1.98,,0.05,0,1.09,0.02,438.24,0,0.15,0.06,1.19,0.03,0,,0,35.12,0,0,0,6.9,0.68,0,4.51,
16,92,16092,2.18,,0.04,0,1.06,0.03,482.4,0,0.03,0.01,0.23,0,0,,0,,0,0,0,0,0,0,8.1,
16,93,16093,4.04,,0.05,0,1.97,0.05,895.72,0.01,0.35,0.15,2.86,0.06,0.0001,,0,19.62,0,0,0,0,0,0,0.43,
16,94,16094,1.08,0,0.03,0,0.69,0.01,239.21,0,0.03,0.01,0.27,0.01,0,,0,,0,0,0,0,0,0,9.46,
16,95,16095,1.56,,0.05,0,0.93,0.02,346.67,0,0.05,0.02,0.44,0.01,0,,0,147.98,0,0,0,3.45,0.34,0,10.21,
16,96,16096,1.33,,0.02,0,0.62,0.02,295.23,0,0.01,0,0.07,0,0,,0,651.94,0,0,0,0,0,0,9.43,
16,97,16097,5.01,,0.09,0.01,2.5,0.06,1111.8,0.01,0.19,0.08,1.56,0.03,0.0001,,0,196.25,0,0,0,0,0,0.01,37.27,
16,98,16098,3.9,0,0.1,0.01,1.96,0.05,865.22,0.01,0.03,0.01,0.27,0.01,0,,0,24.04,0,0,0,1.09,0.11,0.2,25.76,
16,99,16099,2.44,,0.05,0,1.24,0.03,540.19,0,0.02,0.01,0.14,0,0,,0,52.57,0,0,0,0,0,0,39.66,
16,100,16100,1.95,,0.04,0,0.9,0.02,432.77,0,0.69,0.29,5.56,0.12,0.0002,,0,74.44,0,0,0,0,0,1.26,0,
16,101,16101,1.5,,0.01,0,0.7,0.02,331.63,0,0,0,0,0,0,,0,11.25,0,0,0,0,0,0,26.06,
16,102,16102,44.44,0,2.99,0.26,22.35,0.54,9857.33,0.07,4.01,1.69,32.39,0.7,0.0011,,0.03,564.33,9.25,13.56,0,2.2,0.22,5.57,101.93,
16,103,16103,3.38,0,0.11,0.01,1.88,0.04,749.32,0.01,0.12,0.05,0.95,0.02,0,,0,,0,0,0,0,0,0.17,58.81,
16,104,16104,2.47,0.01,0.03,0,0.14,0.03,547.6,0,0.01,0.01,0.11,0,0,,0,,0,0,0,4.37,0.43,0,51.71,
16,105,16105,2.77,,0.09,0.01,1.45,0.03,614.68,0,0.09,0.04,0.75,0.02,0,,0,,0,0,0,3.36,0.33,0,92.94,
16,106,16106,4.16,,0.17,0.01,2.04,0.05,923.22,0.01,0.28,0.12,2.29,0.05,0.0001,,0,,0,0,0,6.86,0.67,0.01,33.21,
16,107,16107,11.24,0.01,0.65,0.06,5.93,0.14,2493.59,0.02,1.36,0.58,11.02,0.24,0.0004,,0.01,703.84,0,0,0,4.42,0.43,1.8,67.5,
16,108,16108,27.18,0,1.78,0.15,14.34,0.33,1353.01,0.05,2.01,0.85,16.28,0.35,0.0006,,0.02,,0,0,0,6.19,0.61,2.73,37.54,
16,109,16109,0.51,0.02,0.02,0,0.32,0.01,113.71,0,0.04,0.02,0.35,0.01,0,,0,3.94,0,0,0,0,0,0,12.79,
16,110,16110,7.02,0.03,0.26,0.02,3.6,0.08,1557.59,0.01,0.21,0.09,1.72,0.04,0.0001,,0,398.2,0,0,0,5.08,0.5,0.34,59.8,
16,111,16111,2.2,0.02,0.05,0,1.04,0.03,486.88,0,0.05,0.02,0.39,0.01,0,,0,674.63,0,0,0,6.57,0.65,0.01,15.5,
16,112,16112,21.73,0.01,1.17,0.1,10.29,0.26,4818.4,0.04,1.04,0.44,8.4,0.18,0.0003,,0.01,40.37,0,0,0,4.21,0.41,0.59,47.97,
16,113,16113,3.79,,0.08,0.01,2.06,0.05,839.73,0.01,0.11,0.05,0.88,0.02,0,,0,,0,0,0,2.62,0.26,0,98.7,
17,1,17001,2.44,0.03,0.13,0,1.57,0,542.2,0,0.03,0.02,0.16,0.02,0,,0,,0,0,0,2.46,0.24,0.16,9.46,
17,2,17002,2.21,,0.18,0,1.39,0,386.08,0,0.04,0.02,0.19,0.03,0,,0,,0,0,0,1.65,0.16,0.44,11.79,
17,3,17003,4.87,,0.32,0,2.87,0,1079.39,0.01,0.2,0.1,0.99,0.14,0.0001,,0.01,,0,0,0,2.3,0.23,0.03,33.92,
17,4,17004,11.15,0,0.34,0,0.72,0,1689.32,0.02,1.15,0.56,5.73,0.81,0.0003,,0,4.67,0,0,0,1.73,0.17,0.09,54.41,
17,5,17005,1.3,,0.03,0,0.91,0,288.81,0,0.04,0.02,0.2,0.03,0,,0,,0,0,0,0,0,0.03,6,
17,6,17006,25.51,,3.14,0,16.82,0,761.99,0.04,1.68,0.81,8.36,1.18,0.0005,,0.05,,0,0,0,2.17,0.21,1.13,33.62,
17,7,17007,55.57,0,7.88,0,38.74,0,429.81,0.09,4.32,2.09,21.48,3.02,0.0012,,0.12,20.03,0,0,0,3.21,0.32,27.44,4.6,
17,8,17008,10.99,0.06,0.52,0,7.23,0,327.65,0.02,1.2,0.58,6,0.84,0.0003,,0.02,,0,0,0,2.44,0.24,21.18,0.96,
17,9,17009,2.36,,0.14,0,1.43,0,362.02,0,0.16,0.08,0.79,0.11,0,,0,140.05,0,0,0,2.91,0.29,0,5.45,
17,10,17010,2.2,0,0.1,0,1.36,0,487.56,0,0.08,0.04,0.39,0.06,0,,0,,0,0,0,0,0,0,16.22,
17,11,17011,28.86,,2.75,0,19.01,0,246.05,0.05,7.45,3.6,37.06,5.21,0.0021,,0.06,2.32,0,0,0,1.51,0.15,6.28,1.38,
17,12,17012,8.21,0,0.99,0,5.58,0,1821.72,0.01,0.35,0.17,1.74,0.25,0.0001,,0.02,,0,0,0,0,0,0.28,13.89,
17,13,17013,2.16,0.12,0.12,0,1.31,0,480.04,0,0.09,0.04,0.46,0.06,0,,0,,0,0,0,0.91,0.09,0,22.69,
17,14,17014,1.4,,0.04,0,1,0,309.46,0,0.05,0.02,0.25,0.04,0,,0,,0,0,0,0,0,0.01,6.73,
17,15,17015,3.61,,0.18,0,2.24,0,801.04,0.01,0.18,0.08,0.87,0.12,0,,0.01,13.91,0,0,0,0,0,0.13,21.32,
17,16,17016,2.44,,0.06,0,1.46,0,542.13,0,0.11,0.05,0.54,0.08,0,,0,7.42,0,0,0,0,0,0,20.51,
17,17,17017,8.98,0.03,0.56,0,0.53,0,1991.38,0.01,0.39,0.19,1.94,0.27,0.0001,,0,,0,0,0,4.41,0.43,3.47,17.02,
17,18,17018,15.69,0,1.02,0,9.82,0,350.33,0.03,0.7,0.34,3.49,0.49,0.0002,,0.03,14.8,80.92,66.3,0,0,0,1.66,2.8,
17,19,17019,3.69,,0.16,0,2.36,0,819.32,0.01,0.08,0.04,0.39,0.05,0,,0.01,,0,0,0,1.59,0.16,0,44.31,
17,20,17020,5.75,,0.26,0,3.75,0,897.22,0.01,0.1,0.05,0.5,0.07,0,,0.01,87.31,0,0,0,3.04,0.3,0.07,9.15,
17,21,17021,1.03,,0.06,0,0.72,0,228.51,0,0.03,0.02,0.17,0.02,0,,0,,0,0,0,0,0,0,2.65,
17,22,17022,2.75,,0.14,0,1.53,0,609.14,0,0.1,0.05,0.48,0.07,0,,0,17.4,0,0,0,0,0,0,13.38,
17,23,17023,0.94,,0.02,0,0.55,0,207.72,0,0.01,0.01,0.06,0.01,0,,0,78.84,0,0,0,0,0,0,19.85,
17,24,17024,7.13,0.03,0.34,0,4.65,0,1580.57,0.01,0.34,0.16,1.68,0.24,0.0001,,0.01,,0,0,0,5.04,0.5,0.25,18.03,
17,25,17025,4.72,0,0.23,0,3.09,0,1046.24,0.01,0.1,0.05,0.47,0.07,0,,0.01,,0,0,0,0.77,0.08,0.03,25.38,
17,26,17026,2.3,,0.15,0,0.13,0,485.9,0,0.09,0.04,0.45,0.06,0,,0,9.9,0,0,0,1.84,0.18,0,10.26,
17,27,17027,1.59,,0.05,0,0.98,0,353.44,0,0.04,0.02,0.2,0.03,0,,0,12.4,0,0,0,2.11,0.21,0,15.04,
17,28,17028,8.49,,0.45,0,5.01,0,653.37,0.01,0.52,0.25,2.58,0.36,0.0001,,0.02,,0,0,0,0,0,1.6,5.26,
17,29,17029,13.45,,1.29,0,8.87,0,806.4,0.02,0.63,0.31,3.14,0.44,0.0002,,0.03,9.82,0,0,0,2.93,0.29,0.88,19.53,
17,30,17030,6.34,0.03,0.23,0,3.67,0,944.79,0.01,1.31,0.63,6.52,0.92,0.0004,,0.01,,0,0,0,0,0,0,42.17,
17,31,17031,5.34,,0.51,0,3.64,0,1183.57,0.01,0.62,0.3,3.07,0.43,0.0002,,0.01,,0,0,0,1.39,0.14,3.04,2.58,
17,32,17032,1.27,,0.08,0,0.82,0,280.9,0,0.04,0.02,0.22,0.03,0,,0,,0,0,0,0,0,0,8.38,
17,33,17033,1.98,0.03,0.05,0,1.16,0,439.09,0,0.2,0.1,1.01,0.14,0.0001,,0,,0,0,0,0,0,0,11.94,
18,1,18001,5.52,,0.5,0,1.49,0,1223.74,0.01,0.26,0,0,0.17,0.0001,,0.02,246.19,0,0,0,7.95,0.78,0,162.08,
18,2,18002,2.25,0,0.11,0,0.66,0,498.25,0,0.05,0,0,0.03,0,,0.01,110.78,0,0,0,4.08,0.4,0,59.99,
18,3,18003,1.65,0.03,0.04,0,0.47,0,366.86,0,0.03,0,0,0.02,0,,0.01,130.14,0,0,0,0,0,0,57.17,
18,4,18004,10.02,0.03,0.83,0,2.82,0,2221.38,0.02,0.37,0,0,0.25,0.0001,,0.04,116.93,0,0,0,6.05,0.6,0,250.96,
18,5,18005,1.68,0.05,0.02,0,0.04,0,372.82,0,0.02,0,0,0.01,0,,0,214.5,0,0,0,0,0,0,28.26,
18,6,18006,4.09,,0.37,0,1.1,0,907.72,0.01,0.2,0,0,0.13,0.0001,,0.02,777.06,0,0,0,5.72,0.56,0,37.07,
18,7,18007,2.56,0.13,0.08,0,0.62,0,567.34,0,0.15,0,0,0.1,0,,0.01,501.86,0,0,0,0,0,0,47.11,
18,8,18008,6.83,,0.28,0,1.8,0,727.07,0.01,0.21,0,0,0.14,0.0001,,0.03,746.22,0.82,5.25,0,3.87,0.38,0.03,116.22,
18,9,18009,4.86,0,0.03,0,0.91,0,1078.51,0.01,0,0,0,0,0,,0.01,1602.96,0,0,0,0,0,0,16.02,
18,10,18010,5.13,0.05,0.12,0,1.42,0,1137.32,0.01,0.07,0,0,0.05,0,,0.02,210.67,0,0,0,10.13,1,0,220.81,
18,11,18011,3.34,0,0.21,0,0.88,0,741.2,0.01,0.11,0,0,0.07,0,,0.01,12.59,0,0,0,2.28,0.22,0,53.09,
18,12,18012,5.97,0.08,0.32,0,1.71,0,1323.05,0.01,0.17,0,0,0.11,0,,0.03,236.73,0,0,3.33,0,0,0,173.7,
18,13,18013,1.14,,0.04,0,0.34,0,252.59,0,0.02,0,0,0.01,0,,0,1164.09,0,0,0,5.02,0.49,0,66.91,
18,14,18014,3.45,,0.06,0,0.88,0,765.63,0.01,0.04,0,0,0.02,0,,0.01,1588.79,0,0,0,0,0,0.03,181.55,
18,15,18015,13.42,0.1,0.73,0,3.82,0,2976.45,0.02,0.32,0,0,0.21,0.0001,,0.06,180.16,0,0,0,8.5,0.84,0,644.53,
18,16,18016,5.93,,0.41,0,1.69,0,1314.43,0.01,0.15,0,0,0.1,0,,0.03,,0,0,0,0,0,0,422.78,
18,17,18017,53.54,0.03,5.28,0,14.46,0,2065.43,0.09,3.49,0,0,2.3,0.001,,0.21,1593.88,0,0,0,14,1.38,0.07,161.77,
18,18,18018,4.54,,0.39,0,1.33,0,1007.87,0.01,0.19,0,0,0.12,0.0001,,0.02,,0,0,0,0,0,0,285.2,
18,19,18019,1.91,,0.01,0,0.41,0,424.51,0,0,0,0,0,0,,0.01,6995.2,0,0,0,0,0,0,27.01,
18,20,18020,13.33,,1.55,0,3.58,0,1313.68,0.02,0.23,0,0,0.15,0.0001,,0.05,,0,0,0,0,0,0.06,128.78,
19,1,19001,0.44,,0.01,0,0.14,0.08,96.94,0,0.1,0.06,0.77,0.03,0,,0,,0,0,0,1.45,0.14,3.48,0.02,
19,2,19002,0.56,,0.03,0,0.23,0.1,124.86,0,0.05,0.03,0.37,0.01,0,,0,,0,0,0,0,0,0.43,33.49,
19,3,19003,0.27,,0,0,0.11,0.05,59.13,0,0,0,0,0,0,,0,,0,0,0,4.7,0.46,0,9.08,
19,4,19004,4.71,,0.54,0,1.6,0.83,1043.81,0.01,0.22,0.13,1.63,0.05,0.0001,,0,,0,0,0,0,0,0.07,6.06,
19,5,19005,2.86,,0.15,0,0.97,0.5,634.84,0,0.75,0.43,5.55,0.18,0.0002,,0,,0,0,0,14.96,1.47,0,53.84,
19,6,19006,66.66,,2.51,0,19.85,11.7,577.68,0.11,27.1,15.33,199.57,6.46,0.0077,,0,,795.86,814.91,0,4.42,0.44,4.75,7.67,
19,7,19007,2.34,,0.06,0,0.72,0.41,518.66,0,0.03,0.02,0.25,0.01,0,,0,5.41,0,0,0,0,0,0,14.68,
19,8,19008,0.53,,0.02,0,0.19,0.09,117.41,0,0.03,0.02,0.2,0.01,0,,0,3.86,0,0,0,5.62,0.55,0,2.57,
19,9,19009,11.74,,0.75,0,3.9,2.06,1182.03,0.02,3.2,1.81,23.53,0.76,0.0009,,0,,0,0,0,12.38,1.22,1.22,74.17,
19,10,19010,1.11,,0.05,0,0.35,0.2,246.97,0,1.57,0.89,11.52,0.37,0.0004,,0,,0,0,0,3.36,0.33,0.05,0.81,
19,11,19011,1.27,,0.09,0,0.48,0.22,282.73,0,0.04,0.02,0.26,0.01,0,,0,,0,0,0,0,0,17.26,11.26,
19,12,19012,2.27,,0.1,0,0.7,0.4,503.69,0,0.49,0.27,3.58,0.12,0.0001,,0,,0,0,0,0,0,0.07,0.44,
19,13,19013,1.7,,0.11,0,0.6,0.3,377.63,0,0.13,0.07,0.94,0.03,0,,0,,0,0,0,0,0,0,67.52,
19,14,19014,5.3,0,0.15,0,1.52,0.93,1174.46,0.01,0.35,0.2,2.57,0.08,0.0001,,0,,0,0,0,0,0,0.14,63.1,
19,15,19015,0.26,,0.01,0,0.1,0.05,57.86,0,0,0,0.01,0,0,,0,,0,0,0,5.65,0.56,0,19.8,
19,16,19016,0.49,,0.02,0,0.18,0.09,109.15,0,0.06,0.04,0.48,0.02,0,,0,,0,0,0,0,0,0,7.97,
19,17,19017,6.2,0,0.11,0,1.88,1.09,1374.31,0.01,0.06,0.04,0.48,0.02,0,,0,41.57,0,0,0,0,0,8.59,65.19,
19,18,19018,8.22,,0.22,0,2.48,1.44,378.8,0.01,4.23,2.39,31.15,1.01,0.0012,,0,,0,0,0,13.79,1.36,35.91,1.6,
19,19,19019,19.42,,3.77,0,5.78,3.41,2.2,0.03,5.56,3.14,40.91,1.32,0.0016,,0,,0,0,0,0,0,32.59,0,
19,20,19020,0.86,,0.04,0,0.31,0.15,190.1,0,0.04,0.02,0.28,0.01,0,,0,,0,0,0,0,0,0,49.21,
19,21,19021,47.65,,2.17,0,1.39,8.36,291.01,0.08,6.39,3.61,47.05,1.52,0.0018,,0,,0,0,0,5.62,0.55,25.51,0.49,
19,22,19022,2.23,,0.11,0,0.81,0.39,495,0,0.04,0.02,0.3,0.01,0,,0,,0,0,0,0,0,0,95.58,
19,23,19023,0.23,,0.01,0,0.09,0.04,52.11,0,0.01,0,0.04,0,0,,0,,0,0,0,0,0,0,7.99,
19,24,19024,0.91,,0.02,0,0.26,0.16,202.39,0,0.02,0.01,0.14,0,0,,0,204.38,0,0,0,0,0,0,4.6,
19,25,19025,1.11,,0.04,0,0.36,0.2,246.58,0,2.47,1.4,18.19,0.59,0.0007,,0,,0,0,0,0,0,0,6.41,
19,26,19026,110.13,,7.22,0,32.08,19.32,34.17,0.18,17.92,10.14,131.97,4.27,0.0051,,0,,0,0,0,4.42,0.44,12.64,1.65,
19,27,19027,0.3,,0.01,0,0.12,0.05,66.26,0,0.01,0.01,0.07,0,0,,0,,0,0,0,6.26,0.62,0,2.21,
19,28,19028,0.23,,0.01,0,0.08,0.04,50.38,0,0,0,0.01,0,0,,0,,0,0,0,0,0,0,1.62,
19,29,19029,1.06,0,0.05,0,0.36,0.19,234.09,0,0.06,0.03,0.43,0.01,0,,0,,0,0,0,0,0,0,9.55,
19,30,19030,0.56,,0.02,0,0.18,0.1,124.72,0,0.02,0.01,0.12,0,0,,0,3.1,0,0,0,0,0,0,0.44,
19,31,19031,22.98,,0.49,0,6.93,4.03,819.81,0.04,2.27,1.28,16.71,0.54,0.0006,,0,,0,0,0,2.5,0.25,0.26,1.41,
19,32,19032,0.7,,0.05,0,0.24,0.12,156.32,0,0.06,0.03,0.45,0.01,0,,0,,0,0,0,20.97,2.06,16.78,2.11,
19,33,19033,11.31,0,0.85,0,3.57,1.98,2508.59,0.02,2.61,1.48,19.21,0.62,0.0007,,0,52.32,0,0,0,8.93,0.88,37.45,81.49,
19,34,19034,0.86,,0.02,0,0.28,0.15,190.56,0,0.05,0.03,0.36,0.01,0,,0,,0,0,0,0,0,0,4.78,
19,35,19035,0.17,,0,0,0.07,0.03,37.14,0,0,0,0,0,0,,0,,0,0,0,0,0,0,0.67,
19,36,19036,1.12,,0.01,0,0.29,0.2,248.77,0,0.01,0,0.04,0,0,,0,,0,0,0,0,0,0,10.32,
19,37,19037,0.86,0,0.02,0,0.27,0.15,190.07,0,0,0,0.02,0,0,,0,,0,0,0,6.09,0.6,4.01,1.2,
19,38,19038,8.57,0,0.63,0,2.88,1.5,1901.15,0.01,1.55,0.87,11.39,0.37,0.0004,,0,,0,0,0,15.57,1.53,0.73,46.4,
19,39,19039,180.47,,29.78,0,53.77,31.66,51.15,0.3,43.01,24.33,316.66,10.25,0.0122,,0,0.77,0,0,0,7.9,0.78,224.65,0,
19,40,19040,0.15,,0.01,0,0.06,0.03,33.54,0,0,0,0.02,0,0,,0,,0,0,0,0,0,0.1,1.3,
19,41,19041,1.95,,0.03,0,0.64,0.34,432.73,0,0.56,0.32,4.13,0.13,0.0002,,0,,0,0,0,8.23,0.81,0,29.81,
19,42,19042,0.99,,0.02,0,0.37,0.17,219.83,0,0.04,0.02,0.29,0.01,0,,0,,0,0,0,10.07,0.99,0,38.99,
19,43,19043,0.41,,0.01,0,0.14,0.07,90.94,0,0,0,0.02,0,0,,0,1.16,0,0,0,0,0,0,4.85,
19,44,19044,5.1,0,0.49,0,1.76,0.89,1131.07,0.01,0.95,0.54,7,0.23,0.0003,,0,,0,0,0,0,0,2.42,6.92,
19,45,19045,4.43,0,0.07,0,1.4,0.78,351.64,0.01,0.54,0.3,3.96,0.13,0.0002,,0,1578.64,0,0,0,13.32,1.31,0.12,6.8,
19,46,19046,75.89,,7.31,0,22.85,13.31,16830.6,0.13,24.58,13.9,180.97,5.86,0.007,,0,,0,0,0,0,0,21.52,0,
19,47,19047,2.46,,0.12,0,0.78,0.43,546.47,0,0.07,0.04,0.52,0.02,0,,0,,0,0,0,1.92,0.19,0.86,0.04,
19,48,19048,41.37,,2.34,0,11.76,7.26,47.71,0.07,16.18,9.15,119.11,3.86,0.0046,,0,,0,0,0,3.73,0.37,98.65,0.65,
19,49,19049,6.03,,0.57,0,2.09,1.06,249.21,0.01,0.46,0.26,3.39,0.11,0.0001,,0,24.08,0,0,0,0,0,1.67,2.24,
19,50,19050,0.3,,0.01,0,0.12,0.05,65.63,0,0,0,0,0,0,,0,,0,0,0,0,0,0,9.05,
19,51,19051,0.65,0,0.02,0,0.24,0.11,144.91,0,0.02,0.01,0.14,0,0,,0,7.73,0,0,0,5.4,0.53,3.26,1.43,
20,1,20001,0.18,,0,0,0.03,0,40.39,0,0,0,0.01,0,0,,0,3.86,0,0,0,0,0,0,0,
20,2,20002,6.74,0,0.14,0,1.53,0,1494.93,0.01,0.44,0.1,2.67,0.1,0.0001,,0,,0,0,0,5.04,0.5,0,48.61,
20,3,20003,0.33,,0.01,0,0.08,0,73.96,0,0,0,0.02,0,0,,0,,0,0,0,0,0,0,0,
20,4,20004,0.12,0.01,0,0,0.03,0,26.58,0,0,0,0.01,0,0,,0,,0,0,0,0,0,0,0.4,
20,5,20005,2.3,0,0.06,0,0.59,0,509.69,0,0.06,0.01,0.37,0.01,0,,0,,0,0,0,2.24,0.22,0,15.15,
20,6,20006,2.34,0,0.28,0,0.53,0,518.09,0,0.21,0.05,1.28,0.05,0.0001,,0,51.9,0,0,0,0,0,0.2,7.12,
20,7,20007,0.52,,0.01,0,0.12,0,114.98,0,0,0,0.02,0,0,,0,,0,0,0,0,0,0,1.54,
20,8,20008,0.11,,0,0,0.03,0,24.68,0,0.01,0,0.04,0,0,,0,,0,0,0,0,0,0,0,
20,9,20009,1.04,,0.04,0,0.2,0,230.31,0,0.01,0,0.06,0,0,,0,,0,0,0,0,0,0,20.12,
20,10,20010,2.14,0.01,0.14,0,0.54,0,474.42,0,0.39,0.09,2.36,0.09,0.0001,,0,,0,0,0,2.65,0.26,10.42,3.62,
20,11,20011,0.17,,0.01,0,0.03,0,37.31,0,0,0,0,0,0,,0,,0,0,0,0,0,0,0.69,
20,12,20012,1.38,,0.03,0,0.03,0,306.63,0,0.01,0,0.08,0,0,,0,,0,0,0,0,0,0,3.82,
20,13,20013,0.41,,0.02,0,0.11,0,90.44,0,0.01,0,0.06,0,0,,0,,0,0,0,0,0,0,4.99,
20,14,20014,3.85,0.02,0.4,0,0.1,0,853.64,0.01,0.13,0.03,0.82,0.03,0,,0,,0,0,0,5.17,0.51,0.11,5.55,
20,15,20015,0.78,,0,0,0.12,0,172.34,0,0,0,0,0,0,,0,,0,0,0,0,0,0,3.97,
20,16,20016,1.21,,0.01,0,0.17,0,268.22,0,0,0,0,0,0,,0,,0,0,0,0,0,0,1.54,
20,17,20017,0.54,,0,0,0.12,0,118.86,0,0,0,0.01,0,0,,0,41.88,0,0,0,0,0,0,8.77,
20,18,20018,0.13,0,0,0,0.04,0,29.23,0,0,0,0.01,0,0,,0,,0,0,0,0,0,0,1.26,
20,19,20019,0.46,,0,0,0.11,0,103.08,0,0,0,0.02,0,0,,0,37.58,0,0,0,0,0,0,0.25,
20,20,20020,0.6,0,0.01,0,0.1,0,134.01,0,0,0,0.02,0,0,,0,195.31,0,0,0,0,0,0,0,
20,21,20021,2.28,,0.07,0,0.52,0,504.99,0,0.17,0.04,1.03,0.04,0,,0,,0,0,0,1.23,0.12,0.38,25.34,
20,22,20022,0.16,0,0,0,0.05,0,36.08,0,0,0,0,0,0,,0,,0,0,0,0,0,0,0.65,
20,23,20023,2.39,,0.12,0,0.51,0,530.98,0,0.04,0.01,0.25,0.01,0,,0,481.13,0,0,0,0,0,0,9.22,
20,24,20024,0.6,,0.01,0,0.13,0,133.55,0,0,0,0.01,0,0,,0,195.27,0,0,0,0,0,0,0.07,
20,25,20025,1.58,,0.08,0,0.37,0,350.51,0,0.03,0.01,0.2,0.01,0,,0,,0,0,0,0,0,0,9.38,
20,26,20026,1.19,,0.08,0,0.28,0,264.16,0,0.02,0.01,0.14,0.01,0,,0,,0,0,0,0,0,0,5.48,
20,27,20027,0.38,,0.01,0,0.1,0,83.6,0,0,0,0.03,0,0,,0,,0,0,0,0,0,0,0.13,
20,28,20028,2.74,0,0.12,0,0.58,0,608.32,0,0.11,0.02,0.66,0.03,0,,0,23.63,0,0,0,0,0,0,16.11,
20,29,20029,0.64,,0.01,0,0.14,0,142.69,0,0.01,0,0.03,0,0,,0,,0,0,0,0,0,0,0.31,
20,30,20030,1.31,,0.07,0,0.03,0,290.15,0,0.03,0.01,0.21,0.01,0,,0,,0,0,0,0.74,0.07,0,4.25,
20,31,20031,1.1,,0.03,0,0.23,0,243.87,0,0.01,0,0.07,0,0,,0,,0,0,0,0,0,0,0,
20,32,20032,0.14,,0,0,0.03,0,30.08,0,0,0,0.01,0,0,,0,,0,0,0,0,0,0,0.86,
20,33,20033,0.37,,0.01,0,0.09,0,82.92,0,0.12,0.03,0.73,0.03,0,,0,,0,0,0,0.57,0.06,0,2.24,
20,34,20034,0.19,,0.02,0,0.05,0,42.86,0,0.01,0,0.04,0,0,,0,,0,0,0,0,0,0,0.54,
20,35,20035,0.08,,0.01,0,0.02,0,16.8,0,0,0,0.01,0,0,,0,,0,0,0,0,0,0.1,0,
20,36,20036,0.84,,0.01,0,0.19,0,186.5,0,0.01,0,0.05,0,0,,0,705.84,0,0,0,0,0,0,13.74,
20,37,20037,0.63,,0.01,0,0.13,0,139.83,0,0,0,0.02,0,0,,0,,0,0,0,0,0,0,0,
20,38,20038,0.31,,0.02,0,0.07,0,69.02,0,0.06,0.01,0.36,0.01,0,,0,15.68,0,0,0,0,0,0,0,
20,39,20039,9.2,0,1.11,0,1.97,0,2040.74,0.02,0.3,0.07,1.85,0.07,0.0001,,0,,0,0,0,0,0,1.24,3.43,
20,40,20040,0.9,,0.01,0,0.19,0,200.23,0,0,0,0.02,0,0,,0,,0,0,0,0,0,0,0.57,
20,41,20041,5.07,,0.2,0,1.11,0,1123.63,0.01,0.07,0.02,0.44,0.02,0,,0,,0,0,0,0,0,0,1.89,
20,42,20042,1.14,0,0.06,0,0.26,0,253.75,0,0.08,0.02,0.48,0.02,0,,0,150.63,0,0,0,0,0,0.1,0.01,
20,43,20043,13.67,0,1.23,0,2.87,0,3031.34,0.02,1.21,0.28,7.41,0.28,0.0003,,0,,0,0,0,5.87,0.58,0.4,28.31,
20,44,20044,6.23,0,0.37,0,1.56,0,1382.64,0.01,0.46,0.11,2.81,0.11,0.0001,,0,,0,0,0,3.18,0.31,0.09,26.53,
20,45,20045,0.98,0,0.03,0,0.24,0,217.04,0,0.36,0.08,2.22,0.09,0.0001,,0,,0,0,0,0,0,0,3.55,
20,46,20046,0.55,0,0.01,0,0.13,0,122.25,0,0.05,0.01,0.3,0.01,0,,0,,0,0,0,0,0,0,5.91,
20,47,20047,0.02,0,0,0,0,0,3.6,0,0,0,0,0,0,,0,,0,0,0,0,0,0,0.44,
20,48,20048,0.18,,0,0,0.03,0,38.87,0,0,0,0,0,0,,0,,0,0,0,0,0,0,1.56,
20,49,20049,0.17,,0.01,0,0.03,0,37.42,0,0,0,0,0,0,,0,,0,0,0,0,0,0,1.73,
20,50,20050,0.55,0,0,0,0.11,0,122.18,0,0,0,0,0,0,,0,,0,0,0,0,0,0,0.77,
20,51,20051,0.68,,0.02,0,0.11,0,151.66,0,0.02,0,0.13,0,0,,0,,0,0,0,0,0,0,2.64,
20,52,20052,0.96,,0.03,0,0.23,0,212.31,0,0.02,0,0.11,0,0,,0,,0,0,0,0,0,0.97,5.13,
20,53,20053,0.19,0,0.01,0,0.05,0,41.13,0,0.01,0,0.08,0,0,,0,,0,0,0,0,0,0,1.72,
20,54,20054,0.07,,0,0,0.02,0,14.9,0,0,0,0.01,0,0,,0,,0,0,0,0,0,0,1.09,
20,55,20055,0.5,,0.03,0,0.12,0,110.85,0,0.02,0,0.09,0,0,,0,,0,0,0,0,0,0,1.53,
20,56,20056,0.19,,0.01,0,0.04,0,41.97,0,0,0,0,0,0,,0,,0,0,0,0,0,0,0.64,
20,57,20057,6.12,0.01,0.53,0,1.46,0,1356.34,0.01,0.17,0.04,1.06,0.04,0,,0,,0,0,0,6.7,0.66,0.04,32.25,
20,58,20058,2.06,,0.02,0,0.44,0,456.6,0,0.01,0,0.04,0,0,,0,,0,0,0,0,0,0,0.65,
20,59,20059,5.12,0,0.37,0,1.01,0,1136.19,0.01,0.21,0.05,1.27,0.05,0.0001,,0,7.07,0,0,0,0,0,0.02,0,
20,60,20060,0.39,,0,0,0.08,0,86.07,0,0,0,0,0,0,,0,,0,0,0,0,0,0,0,
20,61,20061,0.33,,0,0,0.07,0,74.28,0,0,0,0.01,0,0,,0,,0,0,0,0,0,0,0,
20,62,20062,0.09,,0.01,0,0.02,0,19.27,0,0,0,0.02,0,0,,0,,0,0,0,0,0,3.42,0,
20,63,20063,0.59,0,0.03,0,0.13,0,131.32,0,0.05,0.01,0.28,0.01,0,,0,,0,0,0,0,0,0.07,2.93,
20,64,20064,1.16,,0.01,0,0.26,0,257.17,0,0,0,0.01,0,0,,0,504.2,0,0,0,0,0,0,0,
20,65,20065,0.22,0,0.01,0,0.05,0,48.4,0,0,0,0.01,0,0,,0,,0,0,0,0,0,0,0.79,
20,66,20066,0.79,,0.03,0,0.21,0,175.13,0,0.02,0,0.13,0,0,,0,,0,0,0,0,0,0,13.63,
20,67,20067,42.18,,8.04,0,9.68,0,204.93,0.07,2.27,0.52,13.83,0.53,0.0006,,2.25,0.77,142.38,151.88,0,2.63,0.26,18.31,1.12,
20,68,20068,3.12,0,0.21,0,0.6,0,691.25,0.01,0.19,0.04,1.17,0.04,0.0001,,0,,0,0,0,0.59,0.06,1.71,12.62,
20,69,20069,0.34,,0,0,0.07,0,75.37,0,0,0,0.01,0,0,,0,,0,0,0,0,0,0,4.73,
20,70,20070,1.07,,0.02,0,0.23,0,236.63,0,0.01,0,0.07,0,0,,0,,0,0,0,0,0,0,0.78,
20,71,20071,0.53,,0.01,0,0.1,0,116.99,0,0.01,0,0.03,0,0,,0,11.08,0,0,0,0,0,0,4.22,
20,72,20072,0.98,,0.01,0,0.18,0,217.6,0,0.01,0,0.04,0,0,,0,,0,0,0,0,0,0,5.74,
20,73,20073,4.72,0,0.21,0,1.03,0,1047.69,0.01,0.05,0.01,0.32,0.01,0,,0,1806.51,0,0,0,0,0,0,0,
20,74,20074,0.07,,0,0,0.01,0,15.5,0,0,0,0.01,0,0,,0,,0,0,0,0,0,0,0,
20,75,20075,0.43,0,0.02,0,0.12,0,95,0,0.02,0,0.11,0,0,,0,,0,0,0,1.47,0.14,0,7.68,
20,76,20076,0.49,0,0.01,0,0.1,0,109.29,0,0,0,0.03,0,0,,0,,0,0,0,0,0,0,0,
20,77,20077,0.52,,0.01,0,0.11,0,114.8,0,0.03,0.01,0.18,0.01,0,,0,,0,0,0,0,0,0.47,2.9,
20,78,20078,0.15,,0,0,0.04,0,34.03,0,0,0,0.02,0,0,,0,,0,0,0,0,0,0,2.08,
20,79,20079,12.13,0.01,1.39,0,0.3,0,337.2,0.02,2.26,0.52,13.77,0.53,0.0006,,0,,0,0,32.28,0.83,0.08,8.11,1.09,
20,80,20080,0.23,0,0.01,0,0.06,0,51.36,0,0.01,0,0.03,0,0,,0,,0,0,0,0,0,0,2.95,
20,81,20081,0.28,,0.01,0,0.07,0,63.08,0,0,0,0.02,0,0,,0,,0,0,0,0,0,0,0.6,
20,82,20082,0.72,0,0.01,0,0.15,0,159.35,0,0,0,0.01,0,0,,0,,0,0,0,0,0,0,2.24,
20,83,20083,0.9,0,0.09,0,0.19,0,29.56,0,0.34,0.08,2.1,0.08,0.0001,,0,7.07,0,0,0,0,0,0,0.55,
20,84,20084,0.52,,0.02,0,0.12,0,114.48,0,0.01,0,0.06,0,0,,0,1.58,0,0,0,0,0,0,0.68,
20,85,20085,2.84,,0.02,0,0.52,0,629.19,0,0.01,0,0.04,0,0,,0,28.48,0,0,0,0,0,0,7.23,
20,86,20086,0.14,,0.01,0,0.04,0,30.92,0,0.01,0,0.03,0,0,,0,89.02,0,0,0,0,0,0,0.45,
20,87,20087,0.51,,0.04,0,0.11,0,12.31,0,0.05,0.01,0.3,0.01,0,,0,,0,0,0,0,0,0,0.54,
20,88,20088,0.4,0,0,0,0.08,0,89.28,0,0.05,0.01,0.28,0.01,0,,0,223.92,0,0,0,0,0,0,0,
20,89,20089,0.34,,0.01,0,0.08,0,74.63,0,0,0,0.02,0,0,,0,,0,0,0,0,0,0,1.42,
20,90,20090,0.92,0,0.04,0,0.19,0,203.2,0,0.01,0,0.09,0,0,,0,,0,0,0,0,0,0,1.07,
20,91,20091,0.72,0,0.02,0,0.17,0,27.77,0,0.03,0.01,0.15,0.01,0,,0,6.29,0,0,0,0,0,0,2.41,
20,92,20092,0.21,,0,0,0.05,0,47.41,0,0,0,0.01,0,0,,0,,0,0,0,0,0,0,2.19,
20,93,20093,0.08,0,0,0,0.03,0,18.64,0,0,0,0.01,0,0,,0,,0,0,0,0,0,0,1.49,
20,94,20094,0.32,0,0,0,0.06,0,70,0,0.01,0,0.03,0,0,,0,,0,0,0,0,0,0,1.47,
20,95,20095,0.65,,0,0,0.11,0,143.54,0,0.02,0,0.12,0,0,,0,31.54,0,0,0,0,0,0,0,
20,96,20096,0.1,0,0,0,0.03,0,21.64,0,0.01,0,0.07,0,0,,0,,0,0,0,0,0,0,2.96,
20,97,20097,0.27,,0,0,0.07,0,59.98,0,0,0,0.01,0,0,,0,,0,0,0,0,0,0,0,
20,98,20098,0.68,,0,0,0.14,0,150.21,0,0,0,0,0,0,,0,,0,0,0,0,0,0,0.58,
20,99,20099,0.08,,0,0,0.02,0,17.12,0,0,0,0,0,0,,0,,0,0,0,0,0,0,0.09,
20,100,20100,0.06,,0,0,0.02,0,13.34,0,0,0,0.02,0,0,,0,,0,0,0,0,0,0,0,
20,101,20101,0.12,,0,0,0.03,0,26.69,0,0,0,0.01,0,0,,0,341.33,0,0,0,0,0,0,1.25,
20,102,20102,0.61,0,0.01,0,0.13,0,134.57,0,0.01,0,0.04,0,0,,0,19.69,0,0,0,0,0,0,2.15,
20,103,20103,0.77,,0.03,0,0.16,0,170.47,0,0.03,0.01,0.17,0.01,0,,0,,0,0,0,0,0,0,4.88,
20,104,20104,0.39,,0,0,0.08,0,86.31,0,0,0,0,0,0,,0,,0,0,0,0,0,0,2.55,
20,105,20105,1.03,,0,0,0.22,0,228.83,0,0,0,0,0,0,,0,,0,0,0,0,0,0,3.56,
20,106,20106,0.05,,0,0,0.01,0,10.98,0,0,0,0.01,0,0,,0,,0,0,0,0,0,0,0.38,
20,107,20107,2.4,,0.13,0,0.48,0,43.38,0,0.29,0.07,1.79,0.07,0.0001,,0,,0,0,0,0,0,0.12,0.53,
20,108,20108,0.68,0.01,0.01,0,0.13,0,151.9,0,0.01,0,0.06,0,0,,0,,0,0,0,0,0,0,4.42,
20,109,20109,0.2,,0.01,0,0.04,0,44.34,0,0,0,0.02,0,0,,0,,0,0,0,3.11,0.31,0,0.07,
20,110,20110,0.21,,0,0,0.05,0,45.82,0,0,0,0,0,0,,0,,0,0,0,0,0,0,0.27,
20,111,20111,0.62,,0.01,0,0.11,0,136.72,0,0,0,0.02,0,0,,0,,0,0,0,0,0,0,0.85,
20,112,20112,0.43,0,0.01,0,0.1,0,95.88,0,0.02,0,0.11,0,0,,0,,0,0,0,0,0,0,6.44,
20,113,20113,0.44,,0.01,0,0.09,0,97.12,0,0,0,0.02,0,0,,0,,0,0,0,0,0,0,0.87,
20,114,20114,0.11,,0,0,0.03,0,24.36,0,0,0,0,0,0,,0,,0,0,0,0,0,0,0,
20,115,20115,1.28,0,0.06,0,0.3,0,19.52,0,0.17,0.04,1.06,0.04,0,,0,,0,0,0,0,0,0,2.79,
20,116,20116,0.59,,0.01,0,0.13,0,131.08,0,0,0,0,0,0,,0,,0,0,0,0,0,0,0.39,
20,117,20117,0.42,,0.01,0,0.08,0,92.39,0,0.01,0,0.06,0,0,,0,,0,0,0,0,0,0,1.32,
20,118,20118,0.4,,0.01,0,0.08,0,87.73,0,0.01,0,0.06,0,0,,0,,0,0,0,0,0,0,2.01,
20,119,20119,0.06,0.01,0,0,0.02,0,13.41,0,0,0,0.01,0,0,,0,,0,0,0,0,0,0,0.32,
20,120,20120,0.06,,0.01,0,0.02,0,13.45,0,0,0,0.01,0,0,,0,,0,0,0,0,0,0,0,
20,121,20121,0.11,0.01,0,0,0.03,0,24.04,0,0,0,0.01,0,0,,0,,0,0,0,0,0,0,1.41,
20,122,20122,0.11,,0,0,0.03,0,23.33,0,0,0,0.01,0,0,,0,,0,0,0,0,0,0,0,
20,123,20123,0.38,0,0.01,0,0.08,0,84.51,0,0.01,0,0.03,0,0,,0,,0,0,0,0,0,0,4.26,
20,124,20124,2.69,,0.07,0,0.58,0,322.08,0,0.56,0.13,3.43,0.13,0.0002,,0,,0,0,0,0,0,0,9.2,
20,125,20125,1.57,,0,0,0.03,0,347.97,0,0.01,0,0.04,0,0,,0,794.89,0,0,0,0,0,0,0,
20,126,20126,0.63,,0.01,0,0.12,0,140.43,0,0.23,0.05,1.43,0.05,0.0001,,0,,0,0,0,0,0,0,0,
20,127,20127,0.19,0,0,0,0.04,0,41.62,0,0,0,0,0,0,,0,,0,0,0,0,0,0,0.4,
20,128,20128,0.18,,0.01,0,0.06,0,39.89,0,0.02,0,0.09,0,0,,0,,0,0,0,0,0,0,0,
20,129,20129,0.04,,0.01,0,0.01,0,8.61,0,0,0,0.01,0,0,,0,,0,0,0,0,0,0,0.81,
20,130,20130,0.82,0,0.02,0,0.19,0,182.33,0,0.01,0,0.08,0,0,,0,,0,0,0,3.22,0.32,0,1.9,
20,131,20131,1.51,,0.04,0,0.31,0,334.91,0,0.11,0.03,0.69,0.03,0,,0,103.19,0,0,0,0,0,0,3.05,
20,132,20132,0.17,,0.01,0,0.04,0,38.59,0,0,0,0.03,0,0,,0,,0,0,0,0,0,0,2.83,
20,133,20133,0.59,,0,0,0.13,0,129.77,0,0,0,0.01,0,0,,0,4.76,0,0,0,0,0,0,1.63,
20,134,20134,4.04,,0.07,0,0.76,0,896.49,0.01,0.03,0.01,0.18,0.01,0,,0,,0,0,0,0,0,0,33.65,
20,135,20135,0.99,,0.01,0,0.2,0,219.61,0,0.05,0.01,0.33,0.01,0,,0,14.76,0,0,0,0,0,0,4.51,
20,136,20136,1.85,,0.04,0,0.03,0,410.99,0,0.02,0,0.1,0,0,,0,,0,0,0,0,0,0,25.28,
20,137,20137,0.5,,0,0,0.1,0,111.91,0,0,0,0.02,0,0,,0,,0,0,0,0,0,0,0,
20,138,20138,0.06,,0,0,0.02,0,13.1,0,0,0,0.01,0,0,,0,,0,0,0,0,0,0,0,
20,139,20139,0.31,,0,0,0.06,0,69.47,0,0,0,0,0,0,,0,,0,0,0,0,0,0,0.19,
20,140,20140,0.11,,0,0,0.02,0,23.76,0,0,0,0,0,0,,0,,0,0,0,0,0,0,1.57,
20,141,20141,1.09,,0.04,0,0.23,0,242.67,0,0.01,0,0.07,0,0,,0,,0,0,0,0,0,0,6.53,
20,142,20142,0.2,,0,0,0.05,0,44.16,0,0,0,0,0,0,,0,,0,0,0,0,0,0,0.09,
20,143,20143,1.44,0,0.04,0,0.36,0,319.48,0,0.02,0,0.12,0,0,,0,,0,0,0,3.57,0.35,0,12.28,
20,144,20144,0.14,0,0,0,0.04,0,31.1,0,0.01,0,0.04,0,0,,0,,0,0,0,0,0,0,1.25,
20,145,20145,0.31,,0.02,0,0.07,0,67.78,0,0.05,0.01,0.29,0.01,0,,0,,0,0,0,0,0,0,1.39,
20,146,20146,0.36,,0,0,0.06,0,79.08,0,0.01,0,0.04,0,0,,0,,0,0,0,0,0,0,0,
20,147,20147,0.05,,0.01,0,0.01,0,12.04,0,0,0,0.02,0,0,,0,,0,0,0,0,0,0,0.49,
20,148,20148,0.29,,0,0,0.05,0,64.78,0,0,0,0.02,0,0,,0,,0,0,0,0,0,0,0,
20,149,20149,0.21,,0,0,0.04,0,46.63,0,0,0,0.02,0,0,,0,166.6,0,0,0,0,0,0,0,
20,150,20150,1.64,,0.1,0,0.31,0,362.83,0,0.04,0.01,0.26,0.01,0,,0,9.52,0,0,0,3.55,0.35,0,7.57,
20,151,20151,0.06,,0,0,0.01,0,13.77,0,0,0,0.02,0,0,,0,,0,0,0,0,0,0,0.77,
20,152,20152,0.2,,0.01,0,0.04,0,43.6,0,0,0,0,0,0,,0,,0,0,0,0,0,0,0.98,
20,153,20153,0.63,,0.02,0,0.13,0,138.74,0,0.01,0,0.05,0,0,,0,10.16,0,0,0,0,0,0,2.76,
20,154,20154,0.32,,0.01,0,0.07,0,70.92,0,0,0,0,0,0,,0,,0,0,0,0,0,0,0,
20,155,20155,0.13,0,0,0,0.02,0,27.85,0,0,0,0,0,0,,0,,0,0,0,0,0,0,0,
20,156,20156,0.49,,0.02,0,0.12,0,109.44,0,0.01,0,0.03,0,0,,0,201.05,0,0,0,0,0,0,0,
20,157,20157,1.61,,0.11,0,0.36,0,356.55,0,0.14,0.03,0.83,0.03,0,,0,,0,0,0,0,0,0.12,0.44,
20,158,20158,0.34,,0,0,0.07,0,75.72,0,0,0,0,0,0,,0,,0,0,0,0,0,0,0,
20,159,20159,0.79,,0,0,0.13,0,175.77,0,0,0,0.01,0,0,,0,11.85,0,0,0,0,0,0,0,
20,160,20160,0.28,,0.01,0,0.06,0,61.5,0,0.01,0,0.08,0,0,,0,,0,0,0,0,0,0,0.49,
20,161,20161,0.44,0,0,0,0.11,0,96.59,0,0,0,0.03,0,0,,0,,0,0,0,2.63,0.26,0,0.15,
20,162,20162,0.28,,0,0,0.04,0,61.78,0,0,0,0.02,0,0,,0,,0,0,0,0,0,0,3.58,
20,163,20163,0.24,,0.01,0,0.06,0,53.73,0,0.01,0,0.04,0,0,,0,,0,0,0,0,0,0,0.12,
20,164,20164,0.47,,0.01,0,0.09,0,104.39,0,0.01,0,0.05,0,0,,0,,0,0,0,0,0,0,0.91,
20,165,20165,0.21,,0.01,0,0.05,0,47.38,0,0.01,0,0.05,0,0,,0,,0,0,0,0,0,0,1.04,
20,166,20166,1.62,,0.04,0,0.34,0,360.19,0,0.05,0.01,0.31,0.01,0,,0,,0,0,0,0,0,0,36.37,
20,167,20167,0.3,,0,0,0.07,0,65.77,0,0.01,0,0.06,0,0,,0,15.86,0,0,0,0,0,0,0,
20,168,20168,0.15,0,0,0,0.03,0,33.71,0,0,0,0.01,0,0,,0,,0,0,0,0,0,0,0.65,
20,169,20169,0.59,,0.01,0,0.12,0,130.23,0,0,0,0.02,0,0,,0,,0,0,0,0,0,0,2.55,
20,170,20170,0.56,,0.01,0,0.1,0,125,0,0.02,0,0.1,0,0,,0,,0,0,0,0,0,0,0,
20,171,20171,2.88,,0.02,0,0.6,0,639.67,0,0,0,0.02,0,0,,0,3.86,0,0,0,0,0,0,3.35,
20,172,20172,0.06,,0,0,0.02,0,14.16,0,0,0,0,0,0,,0,,0,0,0,0,0,0,0.35,
20,173,20173,0.21,0,0.01,0,0.06,0,45.93,0,0,0,0,0,0,,0,3.86,0,0,0,0,0,0,0,
20,174,20174,0.51,0,0.05,0,0.11,0,10.45,0,0.01,0,0.08,0,0,,0,,0,0,0,0,0,0,2.05,
20,175,20175,0.22,0,0,0,0.04,0,48.86,0,0,0,0.01,0,0,,0,,0,0,0,0,0,0,1.6,
20,176,20176,0.46,,0.02,0,0.11,0,101.07,0,0.01,0,0.04,0,0,,0,,0,0,0,0,0,0,2.65,
20,177,20177,1.46,,0.06,0,0.33,0,324.11,0,0.02,0.01,0.14,0.01,0,,0,,0,0,0,4.6,0.45,0,0.65,
20,178,20178,0.78,,0,0,0.18,0,173.4,0,0,0,0,0,0,,0,,0,0,0,0,0,0,2.79,
20,179,20179,0.2,0,0.01,0,0.04,0,44.27,0,0,0,0.03,0,0,,0,,0,0,0,0,0,0,3.37,
20,180,20180,0.34,,0.01,0,0.08,0,75.55,0,0.01,0,0.03,0,0,,0,,0,0,0,0,0,0,0.68,
20,181,20181,0.07,,0,0,0.02,0,14.54,0,0,0,0,0,0,,0,,0,0,0,0,0,0,0.38,
20,182,20182,0.36,,0,0,0.06,0,79.11,0,0,0,0.01,0,0,,0,,0,0,0,0,0,0,0.32,
20,183,20183,0.23,,0,0,0.05,0,50.94,0,0,0,0.01,0,0,,0,,0,0,0,0,0,0,0.48,
20,184,20184,23.01,0,1.84,0,5.52,0,5103.07,0.04,2.26,0.52,13.8,0.53,0.0006,,0,,0,0,0,5.06,0.5,2.83,179.95,
20,185,20185,1.29,0,0.04,0,0.26,0,287.15,0,0.03,0.01,0.18,0.01,0,,0,,0,0,0,0,0,0,1.2,
20,186,20186,0.09,,0,0,0.02,0,19.63,0,0,0,0,0,0,,0,,0,0,0,0,0,0,0.31,
20,187,20187,0.32,,0,0,0.07,0,71.27,0,0,0,0.01,0,0,,0,,0,0,0,0,0,0,0.45,
20,188,20188,1.38,,0.02,0,0.28,0,306.03,0,0.02,0,0.1,0,0,,0,,0,0,0,0,0,0,1.17,
20,189,20189,0.38,,0,0,0.07,0,84.34,0,0,0,0,0,0,,0,,0,0,0,0,0,0,8.41,
20,190,20190,3.58,,0.08,0,0.77,0,793.52,0.01,0.03,0.01,0.18,0.01,0,,0,173.38,0,0,0,0,0,0,0.08,
20,191,20191,0.04,0,0,0,0.01,0,9.92,0,0,0,0,0,0,,0,,0,0,0,0,0,0,0,
20,192,20192,0.21,0,0.01,0,0.05,0,46.7,0,0.01,0,0.05,0,0,,0,,0,0,0,0,0,0,2.2,
20,193,20193,0.35,0,0.01,0,0.08,0,77.66,0,0.01,0,0.06,0,0,,0,1527.27,0,0,0,0,0,0,3.36,
20,194,20194,0.2,,0.01,0,0.05,0,43.32,0,0.07,0.02,0.42,0.02,0,,0,,0,0,0,0,0,0,3.5,
20,195,20195,0.2,,0.01,0,0.05,0,45.19,0,0,0,0.02,0,0,,0,,0,0,0,0,0,0,0.51,
20,196,20196,0.07,,0,0,0.02,0,14.54,0,0,0,0.01,0,0,,0,,0,0,0,0,0,0,0,
20,197,20197,0.47,,0.03,0,0.11,0,103.79,0,0.02,0,0.1,0,0,,0,,0,0,0,2.08,0.2,0,0.87,
20,198,20198,4.4,0,0.03,0,1.07,0,975.96,0.01,0.02,0,0.12,0,0,,0,,0,0,0,4.1,0.4,0,51.73,
20,199,20199,0.11,,0,0,0.03,0,25.31,0,0,0,0.01,0,0,,0,,0,0,0,0,0,0,0.48,
20,200,20200,0.57,,0.01,0,0.13,0,125.57,0,0.01,0,0.03,0,0,,0,22.67,0,0,0,0,0,0,0,
20,201,20201,0.3,,0,0,0.07,0,67.36,0,0,0,0.02,0,0,,0,78.48,0,0,0,0,0,0,0,
20,202,20202,0.63,,0.01,0,0.11,0,138.95,0,0,0,0.02,0,0,,0,70.56,0,0,0,0,0,0,2.63,
20,203,20203,0.54,,0,0,0.09,0,118.72,0,0,0,0,0,0,,0,,0,0,0,0,0,0,1.94,
20,204,20204,0.11,,0,0,0.03,0,23.79,0,0,0,0,0,0,,0,4.64,0,0,0,0,0,0,0,
20,205,20205,2.6,,0,0,0.52,0,576.66,0,0,0,0,0,0,,0,63.3,0,0,0,0,0,0,36.92,
20,206,20206,0.39,,0.01,0,0.09,0,86.38,0,0.01,0,0.05,0,0,,0,,0,0,0,0,0,0,0.14,
20,207,20207,2.57,,0.01,0,0.5,0,569.7,0,0,0,0.02,0,0,,0,,0,0,0,0,0,2.07,0.06,
20,208,20208,1.18,,0.03,0,0.3,0,262.05,0,0.01,0,0.05,0,0,,0,,0,0,0,0,0,0,3.77,
20,209,20209,0.14,0,0,0,0.03,0,31.88,0,0,0,0.01,0,0,,0,,0,0,0,0,0,0,0,
20,210,20210,0.92,,0,0,0.18,0,204.61,0,0,0,0,0,0,,0,,0,0,0,0,0,0,3.71,
20,211,20211,0.44,,0,0,0.08,0,98.1,0,0,0,0.01,0,0,,0,114.73,0,0,0,0,0,0,0,
20,212,20212,0.43,,0,0,0.09,0,95.92,0,0,0,0,0,0,,0,,0,0,0,0,0,0,2.93,
20,213,20213,0.66,0,0.01,0,0.09,0,146.64,0,0,0,0,0,0,,0,571.68,0,0,0,0,0,0,0.79,
20,214,20214,0.39,,0.01,0,0.07,0,85.75,0,0,0,0.03,0,0,,0,,0,0,0,0,0,0,0,
20,215,20215,0.1,0,0,0,0.03,0,23.12,0,0,0,0,0,0,,0,,0,0,0,0,0,0,2.14,
20,216,20216,0.17,,0,0,0.04,0,38.51,0,0.02,0,0.1,0,0,,0,,0,0,0,0,0,0,0,
20,217,20217,0.5,0,0,0,0.1,0,111.91,0,0,0,0,0,0,,0,,0,0,0,0,0,0,3.72,
20,218,20218,0.08,0,0,0,0.02,0,18.04,0,0,0,0.02,0,0,,0,226.48,0,0,0,0,0,0,0.34,
20,219,20219,0.41,,0.01,0,0.1,0,90.09,0,0,0,0.02,0,0,,0,,0,0,0,0,0,0,1.81,
20,220,20220,0.46,,0,0,0.11,0,102.87,0,0,0,0,0,0,,0,,0,0,0,0,0,0,0.16,
20,221,20221,0.21,,0,0,0.05,0,47.45,0,0,0,0.02,0,0,,0,,0,0,0,0,0,0,0.98,
20,222,20222,0.24,,0,0,0.06,0,52.78,0,0.03,0.01,0.17,0.01,0,,0,,0,0,0,0,0,0,0,
20,223,20223,0.09,,0,0,0.02,0,19.8,0,0,0,0.02,0,0,,0,,0,0,0,0,0,0,0,
20,224,20224,0.1,0,0.01,0,0.03,0,23.16,0,0,0,0.02,0,0,,0,,0,0,0,0,0,0,2.19,
20,225,20225,0.92,,0,0,0.16,0,204.08,0,0,0,0,0,0,,0,,0,0,0,0,0,0,1.21,
20,226,20226,0.39,,0,0,0.09,0,87.44,0,0.03,0.01,0.15,0.01,0,,0,,0,0,0,0,0,0,5.26,
20,227,20227,1.84,,0.16,0,0.04,0,107.11,0,0.05,0.01,0.31,0.01,0,,0,,0,0,0,0,0,0,1.58,
20,228,20228,0.12,,0,0,0.02,0,26.05,0,0.01,0,0.03,0,0,,0,,0,0,0,0,0,0,0.02,
20,229,20229,1.01,,0.01,0,0.16,0,223.07,0,0,0,0,0,0,,0,864.88,0,0,0,0,0,0,0,
20,230,20230,0.15,0,0,0,0.04,0,33.47,0,0,0,0.02,0,0,,0,,0,0,0,0,0,0,0.45,
20,231,20231,0.4,,0,0,0.08,0,89.1,0,0,0,0.01,0,0,,0,,0,0,0,0,0,0,0,
20,232,20232,3.16,,0.05,0,0.58,0,701.49,0.01,0.02,0,0.1,0,0,,0,,0,0,0,0,0,0,58.8,
20,233,20233,0.28,,0.01,0,0.06,0,62.45,0,0,0,0.03,0,0,,0,,0,0,0,0,0,0,2.44,
20,234,20234,1.18,,0,0,0.24,0,260.67,0,0,0,0,0,0,,0,,0,0,0,0,0,0,0.33,
20,235,20235,0.54,,0,0,0.12,0,119.78,0,0.07,0.02,0.43,0.02,0,,0,,0,0,0,0,0,0,0,
20,236,20236,0.22,,0,0,0.04,0,49.39,0,0,0,0,0,0,,0,,0,0,0,0,0,0,0,
20,237,20237,0.34,0,0.01,0,0.08,0,74.49,0,0.01,0,0.03,0,0,,0,,0,0,0,0,0,0,1.01,
20,238,20238,0.12,,0,0,0.03,0,26.86,0,0,0,0.01,0,0,,0,,0,0,0,0,0,0,1.17,
20,239,20239,0.16,,0,0,0.04,0,35.73,0,0,0,0,0,0,,0,,0,0,0,0,0,0,0.83,
20,240,20240,0.41,,0,0,0.07,0,90.16,0,0,0,0,0,0,,0,,0,0,0,0,0,0,0.99,
20,241,20241,0.16,,0.01,0,0.04,0,34.56,0,0.01,0,0.04,0,0,,0,,0,0,0,0,0,0,0.42,
20,242,20242,1.97,,0.02,0,0.25,0,437.96,0,0,0,0.01,0,0,,0,,0,0,0,0,0,0,1.22,
20,243,20243,0.26,,0.01,0,0.06,0,57.58,0,0.16,0.04,1.01,0.04,0,,0,274.19,0,0,0,0,0,0,3.16,
20,244,20244,0.57,,0.01,0,0.12,0,126.91,0,0.01,0,0.04,0,0,,0,15.47,0,0,0,0,0,0,0.21,
20,245,20245,0.19,,0,0,0.04,0,42.33,0,0,0,0.02,0,0,,0,,0,0,0,0,0,0,1.1,
20,246,20246,0.09,,0,0,0.02,0,20.26,0,0.01,0,0.06,0,0,,0,,0,0,0,0,0,0,0,
20,247,20247,0.21,0,0.02,0,0.05,0,46.35,0,0,0,0.02,0,0,,0,1.16,0,0,0,0,0,0,0,
20,248,20248,2.02,,0.03,0,0.35,0,447.17,0,0.02,0,0.11,0,0,,0,,0,0,0,0,0,0,1.71,
20,249,20249,0.52,,0.02,0,0.1,0,116.28,0,0.01,0,0.05,0,0,,0,,0,0,0,0,0,0,0.17,
20,250,20250,0.17,,0,0,0.04,0,38.3,0,0,0,0.01,0,0,,0,,0,0,0,0,0,0,2.34,
20,251,20251,0.18,,0,0,0.04,0,39.79,0,0,0,0.01,0,0,,0,,0,0,0,0,0,0,0.3,
20,252,20252,0.28,,0.01,0,0.06,0,61.14,0,0.02,0,0.1,0,0,,0,,0,0,0,0,0,0,0.9,
20,253,20253,0.42,,0.01,0,0.1,0,93.44,0,0.01,0,0.03,0,0,,0,23.56,0,0,0,0,0,0,3.68,
20,254,20254,0.45,,0.01,0,0.09,0,99.06,0,0.01,0,0.07,0,0,,0,,0,0,0,0,0,0,0,
20,255,20255,0.3,0,0,0,0.06,0,66.05,0,0.01,0,0.04,0,0,,0,226.48,0,0,0,0,0,0,1.9,
20,256,20256,0.04,0,0,0,0.01,0,7.98,0,0,0,0.01,0,0,,0,,0,0,0,0,0,0,0.28,
20,257,20257,0.15,,0,0,0.04,0,32.44,0,0,0,0,0,0,,0,,0,0,0,0,0,0,0,
20,258,20258,0.13,0.02,0,0,0.04,0,28.21,0,0,0,0,0,0,,0,,0,0,0,0,0,0,0.45,
20,259,20259,0.35,,0.01,0,0.06,0,78.58,0,0.01,0,0.03,0,0,,0,,0,0,0,0,0,0,0.54,
20,260,20260,0.42,,0.01,0,0.08,0,93.09,0,0,0,0.01,0,0,,0,,0,0,0,0,0,0,0,
20,261,20261,0.95,,0.01,0,0.17,0,209.62,0,0.01,0,0.03,0,0,,0,,0,0,0,0,0,0,3.48,
20,262,20262,0.16,,0,0,0.04,0,35.73,0,0,0,0,0,0,,0,,0,0,0,0,0,0,0,
20,263,20263,0.45,,0.01,0,0.08,0,99.13,0,0.01,0,0.04,0,0,,0,,0,0,0,0,0,0,0,
20,264,20264,0.32,,0,0,0.07,0,71.84,0,0,0,0,0,0,,0,,0,0,0,0,0,0,1.45,
20,265,20265,1.04,,0.01,0,0.23,0,230.91,0,0,0,0.02,0,0,,0,563.47,0,0,0,0,0,0,17.11,
20,266,20266,1.2,,0.01,0,0.24,0,265.12,0,0,0,0.02,0,0,,0,1611.23,0,0,0,0,0,0,4.3,
20,267,20267,0.04,,0,0,0.01,0,9.71,0,0.01,0,0.03,0,0,,0,,0,0,0,0,0,0,0,
20,268,20268,0.12,,0,0,0.03,0,27.46,0,0,0,0.02,0,0,,0,,0,0,0,0,0,0,2.92,
20,269,20269,0.49,,0.01,0,0.12,0,108.94,0,0.01,0,0.04,0,0,,0,,0,0,0,0,0,0,2.12,
20,270,20270,0.2,,0,0,0.04,0,43.67,0,0.03,0.01,0.21,0.01,0,,0,,0,0,0,0,0,0,1.17,
20,271,20271,0.38,,0,0,0.07,0,84.27,0,0,0,0.01,0,0,,0,,0,0,0,0,0,0,5.42,
20,272,20272,0.91,,0.01,0,0.12,0,202.07,0,0,0,0.01,0,0,,0,275.38,0,0,0,0,0,0,2.56,
20,273,20273,0.5,0,0.01,0,0.1,0,110.35,0,0,0,0,0,0,,0,523.25,0,0,0,0,0,0,14.08,
20,274,20274,0.22,0,0,0,0.04,0,48.54,0,0,0,0.01,0,0,,0,,0,0,0,0,0,0,1.55,
20,275,20275,0.96,,0.02,0,0.02,0,212.34,0,0,0,0.03,0,0,,0,,0,0,0,0,0,0,0.01,
20,276,20276,0.13,,0,0,0.03,0,28.07,0,0,0,0.03,0,0,,0,23.64,0,0,0,0,0,0,0.04,
20,277,20277,1.89,0,0.03,0,0.04,0,419.53,0,0.01,0,0.03,0,0,,0,83.75,0,0,0,0,0,0,0,
20,278,20278,5.55,0,0.06,0,1.18,0,1229.99,0.01,0.03,0.01,0.18,0.01,0,,0,,0,0,0,0,0,0,41.37,
20,279,20279,0.43,,0.01,0,0.08,0,95.1,0,0.02,0,0.1,0,0,,0,,0,0,0,0,0,0,0,
20,280,20280,0.36,,0.02,0,0.1,0,78.97,0,0.01,0,0.06,0,0,,0,47.14,0,0,0,0,0,0,0,
20,281,20281,0.03,0,0,0,0.01,0,7.73,0,0,0,0,0,0,,0,,0,0,0,0,0,0,0.49,
20,282,20282,0.11,,0,0,0.03,0,24.15,0,0,0,0.01,0,0,,0,,0,0,0,0,0,0,1.78,
20,283,20283,0.15,0.01,0,0,0.04,0,34.03,0,0,0,0.02,0,0,,0,,0,0,0,0,0,0,1.09,
20,284,20284,0.55,,0.01,0,0.07,0,121.51,0,0.01,0,0.06,0,0,,0,,0,0,0,0,0,0,1.24,
20,285,20285,0.49,,0.01,0,0.1,0,108.52,0,0.01,0,0.04,0,0,,0,,0,0,0,0,0,0,1.09,
20,286,20286,0.53,,0.01,0,0.12,0,116.74,0,0.01,0,0.03,0,0,,0,,0,0,0,0,0,0,0.53,
20,287,20287,0.05,,0,0,0.02,0,11.86,0,0,0,0.02,0,0,,0,,0,0,0,0,0,0,0.25,
20,288,20288,0.1,,0,0,0.02,0,22.31,0,0,0,0.01,0,0,,0,,0,0,0,0,0,0,0,
20,289,20289,0.17,,0,0,0.05,0,36.61,0,0,0,0.01,0,0,,0,,0,0,0,0,0,0,0,
20,290,20290,0.15,,0.01,0,0.03,0,33.04,0,0,0,0.01,0,0,,0,,0,0,0,0,0,0,0.4,
20,291,20291,0.62,0,0,0,0.12,0,136.83,0,0.01,0,0.03,0,0,,0,31.28,0,0,0,0,0,0,0,
20,292,20292,0.2,,0,0,0.04,0,44.73,0,0,0,0,0,0,,0,1.55,0,0,0,1.88,0.18,0,3.1,
20,293,20293,1.94,,0.05,0,0.5,0,196.27,0,0.01,0,0.06,0,0,,0,,0,0,0,0.85,0.08,0,1.86,
20,294,20294,0.94,,0.05,0,0.22,0,209.27,0,0.04,0.01,0.24,0.01,0,,0,,0,0,0,0.79,0.08,0,5.12,
20,295,20295,1.31,,0.1,0,0.28,0,290.04,0,0.07,0.02,0.4,0.02,0,,0,308.36,0,0,0,0,0,0,8.61,
20,296,20296,0.15,,0,0,0.04,0,33.75,0,0.01,0,0.07,0,0,,0,315.02,0,0,0,0,0,0,0,
20,297,20297,0.4,,0,0,0.06,0,89.28,0,0,0,0,0,0,,0,,0,0,0,0,0,0,1.6,
20,298,20298,1.79,0,0.13,0,0.39,0,396.05,0,0.24,0.05,1.44,0.06,0.0001,,0,,0,0,0,0,0,6.66,5.24,
20,299,20299,0.16,,0.01,0,0.03,0,35.3,0,0.08,0.02,0.47,0.02,0,,0,,0,0,0,0,0,0,0,
20,300,20300,0.87,,0.03,0,0.17,0,193.21,0,0.01,0,0.04,0,0,,0,,0,0,0,0,0,0,0,
20,301,20301,0.24,,0.01,0,0.06,0,53.34,0,0.01,0,0.09,0,0,,0,,0,0,0,0,0,0,4.96,
20,302,20302,0.55,,0.01,0,0.1,0,122.29,0,0.01,0,0.03,0,0,,0,,0,0,0,0,0,0,0.77,
20,303,20303,0.16,,0.01,0,0.04,0,34.91,0,0.01,0,0.03,0,0,,0,7.73,0,0,0,0,0,0,0,
20,304,20304,0.14,,0,0,0.03,0,30.96,0,0,0,0.01,0,0,,0,,0,0,0,0,0,0,1.08,
20,305,20305,0.61,,0.04,0,0.15,0,136.19,0,0.02,0,0.12,0,0,,0,,0,0,0,1.93,0.19,0,6.15,
20,306,20306,0.63,,0,0,0.11,0,139.41,0,0,0,0,0,0,,0,,0,0,0,0,0,0,0.8,
20,307,20307,1.41,0,0.02,0,0.34,0,311.86,0,0.02,0,0.09,0,0,,0,,0,0,0,0,0,2.87,5.29,
20,308,20308,0.43,,0.01,0,0.09,0,94.29,0,0.01,0,0.09,0,0,,0,,0,0,0,0,0,0.29,2.08,
20,309,20309,1.74,,0.03,0,0.37,0,385.89,0,0.01,0,0.03,0,0,,0,,0,0,0,0,0,0,11.05,
20,310,20310,0.85,,0.01,0,0.17,0,187.84,0,0.02,0.01,0.15,0.01,0,,0,,0,0,0,0,0,0,3.7,
20,311,20311,0.04,,0,0,0.01,0,9.57,0,0.06,0.01,0.36,0.01,0,,0,,0,0,0,2.24,0.22,0,0.04,
20,312,20312,1.63,,0.02,0,0.3,0,361.92,0,0,0,0.02,0,0,,0,,0,0,0,0,0,0,1.02,
20,313,20313,0.13,,0,0,0.04,0,28.98,0,0.16,0.04,0.97,0.04,0,,0,12.01,0,0,0,0,0,0,0.05,
20,314,20314,0.26,0,0.04,0,0.05,0,57.12,0,0,0,0.02,0,0,,0,,0,0,0,0,0,0,0.32,
20,315,20315,0.28,,0,0,0.06,0,62.87,0,0.01,0,0.03,0,0,,0,,0,0,0,0,0,0,3.88,
20,316,20316,0.11,,0.01,0,0.02,0,25.49,0,0,0,0.01,0,0,,0,,0,0,0,0,0,0,0,
20,317,20317,0.22,,0,0,0.06,0,48.01,0,0,0,0,0,0,,0,10.29,0,0,0,0,0,0,0.75,
20,318,20318,5.36,,0.7,0,1.2,0,1189.04,0.01,0.32,0.07,1.96,0.07,0.0001,,0,11.08,2.71,6.36,0.17,0,0,0.36,0.23,
20,319,20319,0.17,,0,0,0.04,0,37.63,0,0,0,0,0,0,,0,,0,0,0,0,0,0,0,
20,320,20320,0.12,,0,0,0.03,0,26.02,0,0,0,0.02,0,0,,0,,0,0,0,0,0,0,0.4,
20,321,20321,0.13,,0.01,0,0.03,0,29.44,0,0,0,0,0,0,,0,,0,0,0,0,0,0,0.58,
20,322,20322,0.14,,0,0,0.03,0,31.67,0,0,0,0,0,0,,0,,0,0,0,0,0,0,0.08,
20,323,20323,0.35,,0,0,0.07,0,76.64,0,0,0,0.02,0,0,,0,,0,0,0,0,0,0,0,
20,324,20324,6.18,,0.33,0,1.25,0,1369.65,0.01,0.19,0.04,1.19,0.05,0.0001,,0,75.25,0,0,0,0,0,0,4.13,
20,325,20325,1.56,,0.03,0,0.03,0,346.81,0,0.04,0.01,0.26,0.01,0,,0,,0,0,0,0,0,0,2.96,
20,326,20326,0.73,,0.01,0,0.13,0,162.49,0,0,0,0,0,0,,0,,0,0,0,0,0,0,0.52,
20,327,20327,2.17,0,0.09,0,0.54,0,481.77,0,0.04,0.01,0.26,0.01,0,,0,,0,0,0,6.86,0.68,0,50.3,
20,328,20328,0.17,,0,0,0.03,0,37.98,0,0.06,0.01,0.38,0.01,0,,0,,0,0,0,0,0,0,3.43,
20,329,20329,0.21,0,0.01,0,0.05,0,45.82,0,0,0,0,0,0,,0,,0,0,0,0,0,0,1.62,
20,330,20330,0.66,,0,0,0.14,0,146.11,0,0,0,0.01,0,0,,0,,0,0,0,0,0,0,0.27,
20,331,20331,0.1,,0.01,0,0.03,0,22.81,0,0.01,0,0.04,0,0,,0,,0,0,0,0,0,0,0.98,
20,332,20332,0.06,,0,0,0.02,0,13.13,0,0,0,0,0,0,,0,,0,0,0,0,0,0,0.45,
20,333,20333,0.42,,0.02,0,0.1,0,93.34,0,0.01,0,0.08,0,0,,0,,0,0,0,0,0,0,3.93,
20,334,20334,6.49,,0.24,0,1.42,0,1439.15,0.01,0.12,0.03,0.74,0.03,0,,0,137.86,0,0,0,0,0,0,16.28,
20,335,20335,0.15,,0,0,0.04,0,33.29,0,0,0,0,0,0,,0,,0,0,0,0,0,0,0,
20,336,20336,0.44,,0.01,0,0.08,0,97.36,0,0,0,0.01,0,0,,0,897.79,0,0,0,0,0,0,0,
20,337,20337,0.69,,0.05,0,0.16,0,152.47,0,0.01,0,0.07,0,0,,0,9.83,0,0,0,0,0,0,0,
20,338,20338,1.22,,0.14,0,0.26,0,269.6,0,0.13,0.03,0.8,0.03,0,,0,,0,0,0,0.55,0.05,0,1.38,
20,339,20339,0.58,0,0.03,0,0.13,0,129.35,0,0.1,0.02,0.63,0.02,0,,0,,0,0,0,0,0,7.09,1.93,
20,340,20340,0.28,0,0,0,0.08,0,61.11,0,0.01,0,0.03,0,0,,0,,0,0,0,0,0,0,1.71,
20,341,20341,0.04,,0,0,0.01,0,8.61,0,0,0,0.01,0,0,,0,,0,0,0,0,0,0,0.47,
20,342,20342,0.28,,0.02,0,0.06,0,63.12,0,0.01,0,0.03,0,0,,0,,0,0,0,0,0,0,0.99,
20,343,20343,0.24,,0.01,0,0.06,0,53.45,0,0,0,0.02,0,0,,0,,0,0,0,0,0,0,1.83,
20,344,20344,0.4,,0.01,0,0.07,0,88.57,0,0.01,0,0.03,0,0,,0,,0,0,0,0,0,0,0,
20,345,20345,0.54,,0.01,0,0.11,0,118.76,0,0,0,0.02,0,0,,0,,0,0,0,0,0,0,0.67,
20,346,20346,0.22,,0,0,0.06,0,49.85,0,0.03,0.01,0.21,0.01,0,,0,,0,0,0,0,0,0,1.32,
20,347,20347,0.49,,0.01,0,0.1,0,108.34,0,0.09,0.02,0.52,0.02,0,,0,1.55,0,0,0,0,0,0,0,
20,348,20348,1.1,,0.03,0,0.23,0,244.15,0,0.01,0,0.06,0,0,,0,30.22,0,0,0,0,0,0,3,
20,349,20349,0.31,,0,0,0.07,0,69.26,0,0,0,0.02,0,0,,0,,0,0,0,0,0,0,1.56,
20,350,20350,2.53,,0.12,0,0.59,0,2.06,0,0.08,0.02,0.47,0.02,0,,0,,0,0,0,0,0,0.3,0.44,
20,351,20351,0.29,,0.01,0,0.07,0,65.2,0,0,0,0,0,0,,0,,0,0,0,0,0,0,0,
20,352,20352,0.39,,0,0,0.04,0,87.58,0,0,0,0,0,0,,0,,0,0,0,0,0,0,0.62,
20,353,20353,0.27,0,0,0,0.05,0,59.91,0,0,0,0,0,0,,0,,0,0,0,0,0,0,0,
20,354,20354,0.09,,0,0,0.02,0,20.19,0,0,0,0,0,0,,0,,0,0,0,0,0,0,0.05,
20,355,20355,0.12,,0,0,0.03,0,27.64,0,0,0,0.02,0,0,,0,267.45,0,0,0,0,0,0,0.05,
20,356,20356,0.32,0,0.01,0,0.08,0,70.46,0,0.13,0.03,0.76,0.03,0,,0,,0,0,0,0,0,0,1.44,
20,357,20357,0.16,,0,0,0.04,0,35.73,0,0.02,0,0.13,0,0,,0,,0,0,0,0,0,0,0,
20,358,20358,0.27,,0.01,0,0.07,0,59.55,0,0,0,0.01,0,0,,0,3.86,0,0,0,0,0,0,3.05,
20,359,20359,0.15,0,0.01,0,0.04,0,33.18,0,0,0,0.01,0,0,,0,,0,0,0,0,0,0,0,
20,360,20360,0.51,,0.01,0,0.11,0,112.83,0,0,0,0.03,0,0,,0,,0,0,0,0,0,0,2.52,
20,361,20361,0.16,,0,0,0.03,0,35.02,0,0,0,0,0,0,,0,,0,0,0,0,0,0,0,
20,362,20362,0.21,0,0,0,0.04,0,45.57,0,0,0,0.01,0,0,,0,,0,0,0,0,0,0,0,
20,363,20363,0.39,0,0.01,0,0.09,0,87.55,0,0,0,0.01,0,0,,0,8.13,0,0,0,0,0,0,0,
20,364,20364,2.29,,0.12,0,0.41,0,507.64,0,0.05,0.01,0.29,0.01,0,,0,1607.6,0,0,0,0,0,0,7.11,
20,365,20365,0.17,0,0,0,0.05,0,38.73,0,0,0,0,0,0,,0,,0,0,0,0,0,0,0,
20,366,20366,0.66,,0.01,0,0.12,0,146.96,0,0.01,0,0.03,0,0,,0,,0,0,0,0,0,0,0.68,
20,367,20367,0.7,0,0.01,0,0.13,0,155.65,0,0.02,0,0.1,0,0,,0,,0,0,0,0,0,0,0.79,
20,368,20368,0.27,,0,0,0.05,0,59.94,0,0.02,0,0.1,0,0,,0,,0,0,0,0,0,0,1.3,
20,369,20369,0.25,,0.01,0,0.06,0,55.46,0,0.01,0,0.04,0,0,,0,,0,0,0,0,0,0,1.46,
20,370,20370,0.09,,0,0,0.03,0,21.04,0,0,0,0,0,0,,0,,0,0,0,0,0,0,0.6,
20,371,20371,0.15,,0,0,0.04,0,32.44,0,0,0,0.02,0,0,,0,,0,0,0,0,0,0,0.56,
20,372,20372,0.3,,0,0,0.06,0,65.8,0,0,0,0,0,0,,0,9.31,0,0,0,0,0,0,1.29,
20,373,20373,0.06,,0,0,0.02,0,14.37,0,0,0,0.01,0,0,,0,,0,0,0,0,0,0,0.42,
20,374,20374,0.21,,0,0,0.05,0,45.93,0,0,0,0.02,0,0,,0,,0,0,0,0,0,0,0.08,
20,375,20375,1.4,,0.05,0,0.32,0,310.8,0,0.03,0.01,0.17,0.01,0,,0,,0,0,0,0,0,0,0.22,
20,376,20376,0.06,,0,0,0.01,0,13.38,0,0,0,0,0,0,,0,,0,0,0,0,0,0,0.16,
20,377,20377,1.65,0,0.01,0,0.33,0,366.65,0,0.14,0.03,0.87,0.03,0,,0,260.75,0,0,0,0,0,0,0,
20,378,20378,0.47,,0.01,0,0.1,0,105.34,0,0.01,0,0.04,0,0,,0,42.66,0,0,0,0,0,0,4.35,
20,379,20379,0.43,,0,0,0.09,0,95.03,0,0,0,0,0,0,,0,,0,0,0,0,0,0,1.02,
20,380,20380,0.3,,0.01,0,0.07,0,67.43,0,0.05,0.01,0.28,0.01,0,,0,,0,0,0,0,0,0,1.61,
20,381,20381,0.4,0,0.03,0,0.09,0,87.65,0,0.02,0.01,0.14,0.01,0,,0,,0,0,0,0,0,0,1.43,
20,382,20382,0.18,,0.01,0,0.04,0,40.28,0,0,0,0.01,0,0,,0,,0,0,0,0,0,0,0.68,
20,383,20383,0.09,,0,0,0.02,0,19.1,0,0,0,0,0,0,,0,,0,0,0,0,0,0,0.53,
20,384,20384,0.63,0,0.01,0,0.11,0,138.84,0,0.14,0.03,0.88,0.03,0,,0,,0,0,0,0,0,0,0,
20,385,20385,10.48,,0.48,0,0.23,0,460.05,0.02,0.3,0.07,1.8,0.07,0.0001,,0,,0,0,0,1.45,0.14,0,1.48,
20,386,20386,2.67,0,0.01,0,0.05,0,592.12,0,0,0,0,0,0,,0,114.4,0,0,0,0,0,0,0,
20,387,20387,0.42,0,0.02,0,0.1,0,93.94,0,0,0,0.01,0,0,,0,7.88,0,0,0,0,0,0,6.32,
20,388,20388,0.36,,0,0,0.07,0,80.31,0,0,0,0,0,0,,0,,0,0,0,0,0,0,2.94,
20,389,20389,0.16,,0,0,0.03,0,34.42,0,0,0,0.01,0,0,,0,,0,0,0,0,0,0,1.14,
20,390,20390,7.28,,0.63,0,1.64,0,1615.14,0.01,0.66,0.15,4.03,0.15,0.0002,,0,,0,0,0,0.64,0.06,1.92,0.14,
20,391,20391,0.48,,0,0,0.09,0,106.72,0,0,0,0.01,0,0,,0,,0,0,0,0,0,0,0,
20,392,20392,1.02,,0,0,0.21,0,225.83,0,0,0,0,0,0,,0,104.44,0,0,0,0,0,0,0,
20,393,20393,0.57,,0.01,0,0.09,0,126.38,0,0,0,0.01,0,0,,0,,0,0,0,0,0,0,2.84,
20,394,20394,0.4,,0.01,0,0.1,0,89.17,0,0,0,0.01,0,0,,0,,0,0,0,0,0,0,0.01,
20,395,20395,0.26,,0,0,0.06,0,57.51,0,0,0,0,0,0,,0,,0,0,0,0,0,0,1.64,
20,396,20396,0.51,,0.01,0,0.11,0,113.78,0,0,0,0.02,0,0,,0,,0,0,0,0,0,0,0.31,
20,397,20397,5.51,,0.31,0,1.19,0,1220.99,0.01,0.15,0.03,0.9,0.03,0,,0,158.16,0,0,0,0,0,0.11,3.88,
20,398,20398,0.7,,0.04,0,0.16,0,154.8,0,0.03,0.01,0.16,0.01,0,,0,131.66,0,0,0,0,0,0,5.75,
20,399,20399,3.16,0,0.16,0,0.66,0,207.68,0.01,0.49,0.11,2.98,0.11,0.0001,,0,12.66,0,0,0,0,0,0,1.46,
20,400,20400,0.21,,0.01,0,0.06,0,47.06,0,0.01,0,0.04,0,0,,0,,0,0,0,0,0,0,0.4,
20,401,20401,3.06,,0.14,0,0.59,0,678.61,0.01,0.02,0,0.1,0,0,,0,,0,0,0,0,0,0,5.82,
20,402,20402,0.16,,0,0,0.03,0,34.7,0,0,0,0.01,0,0,,0,,0,0,0,0,0,0,0.62,
20,403,20403,0.33,,0.04,0,0.08,0,20.21,0,0.05,0.01,0.32,0.01,0,,0,,0,0,0,0,0,0,0.59,
20,404,20404,0.12,,0,0,0.03,0,26.48,0,0,0,0.01,0,0,,0,,0,0,0,0,0,0,2.11,
20,405,20405,0.27,0,0.02,0,0.07,0,59.55,0,0.07,0.02,0.43,0.02,0,,0,143.51,0,0,0,0,0,0,0.49,
20,406,20406,3.28,,0.02,0,0.66,0,726.41,0.01,0.01,0,0.05,0,0,,0,,0,0,0,0,0,0,2.79,
20,407,20407,1.38,,0.01,0,0.26,0,305.11,0,0,0,0.01,0,0,,0,11885.18,0,0,0,0,0,0,19.56,
20,408,20408,0.07,,0,0,0.02,0,15.57,0,0,0,0,0,0,,0,,0,0,0,0,0,0,0.3,
20,409,20409,1.31,0,0.1,0,0.31,0,29.42,0,0.34,0.08,2.08,0.08,0.0001,,0,,0,0,0,0,0,0.11,1.67,
20,410,20410,0.58,,0.01,0,0.13,0,128.32,0,0,0,0,0,0,,0,59.07,0,0,0,0,0,0,0,
20,411,20411,0.11,,0,0,0.02,0,25.06,0,0,0,0.01,0,0,,0,,0,0,0,0,0,0,0.56,
20,412,20412,0.46,,0.01,0,0.1,0,102.76,0,0.02,0,0.1,0,0,,0,,0,0,0,0,0,0,9.81,
20,413,20413,5.28,,0.75,0,1.23,0,1171.81,0.01,0.14,0.03,0.86,0.03,0,,0,133.59,54.02,59.8,11.56,0,0,0.08,3.78,
20,414,20414,1.63,,0.03,0,0.35,0,361.46,0,0.04,0.01,0.25,0.01,0,,0,,0,0,0,0,0,0,3.9,
20,415,20415,0.68,0,0.01,0,0.14,0,150.14,0,0.01,0,0.03,0,0,,0,,0,0,0,0,0,0,0,
20,416,20416,0.09,,0,0,0.03,0,20.23,0,0.07,0.01,0.4,0.02,0,,0,,0,0,0,0.92,0.09,0,0.03,
20,417,20417,1.42,0,0.01,0,0.3,0,315.46,0,0,0,0.01,0,0,,0,,0,0,0,0,0,0,30.47,
20,418,20418,1.77,,0.07,0,0.43,0,392.66,0,0.04,0.01,0.26,0.01,0,,0,,0,0,0,0,0,0,6.08,
20,419,20419,0.09,,0,0,0.02,0,20.09,0,0,0,0.02,0,0,,0,,0,0,0,0,0,0,0,
20,420,20420,0.23,,0.01,0,0.04,0,51.33,0,0,0,0,0,0,,0,,0,0,0,0,0,0,0,
20,421,20421,0.67,0,0.02,0,0.17,0,149.64,0,0.01,0,0.05,0,0,,0,,0,0,0,0,0,0,3.84,
20,422,20422,0.1,0,0,0,0.03,0,21.43,0,0,0,0.01,0,0,,0,,0,0,0,0,0,0,0.61,
20,423,20423,0.09,0,0,0,0.02,0,20.05,0,0,0,0.01,0,0,,0,6.33,0,0,0,0,0,0,0.51,
20,424,20424,0.64,,0.01,0,0.12,0,142.02,0,0,0,0.01,0,0,,0,3.99,0,0,0,0,0,0,0,
20,425,20425,0.33,,0.01,0,0.07,0,73.68,0,0,0,0,0,0,,0,,0,0,0,0,0,0,0.15,
20,426,20426,1.22,,0,0,0.19,0,269.71,0,0,0,0.02,0,0,,0,3.16,0,0,0,0,0,0,14.76,
20,427,20427,2.21,0,0.05,0,0.52,0,489.53,0,0.03,0.01,0.17,0.01,0,,0,,0,0,0,1.03,0.1,0,5.97,
20,428,20428,0.24,,0,0,0.05,0,54.26,0,0,0,0.01,0,0,,0,218.68,0,0,0,0,0,0,0,
20,429,20429,0.24,,0,0,0.05,0,52.6,0,0,0,0,0,0,,0,3.86,0,0,0,0,0,0,0,
20,430,20430,0.05,0,0,0,0.01,0,10.7,0,0,0,0,0,0,,0,28.76,0,0,0,0,0,0,0.49,
20,431,20431,0.27,,0.01,0,0.06,0,59.41,0,0.01,0,0.05,0,0,,0,,0,0,0,3.72,0.37,0,0.13,
20,432,20432,0.15,,0,0,0.04,0,32.62,0,0.01,0,0.04,0,0,,0,,0,0,0,0,0,0,0,
20,433,20433,0.42,,0,0,0.08,0,92.77,0,0,0,0,0,0,,0,,0,0,0,0,0,0,0.69,
20,434,20434,0.71,,0,0,0.14,0,156.6,0,0,0,0,0,0,,0,,0,0,0,0,0,0,0.17,
20,435,20435,0.37,,0.01,0,0.08,0,81.72,0,0,0,0.01,0,0,,0,,0,0,0,0,0,0,0,
20,436,20436,0.15,,0,0,0.03,0,32.16,0,0.19,0.04,1.18,0.05,0.0001,,0,,0,0,0,0,0,0,0.04,
20,437,20437,1.43,,0.03,0,0.26,0,317.72,0,0.03,0.01,0.18,0.01,0,,0,,0,0,0,0,0,0,0,
20,438,20438,0.25,,0,0,0.05,0,55.35,0,0,0,0.01,0,0,,0,,0,0,0,0,0,0,0.06,
20,439,20439,3.38,,0.01,0,0.65,0,749.21,0.01,0,0,0.02,0,0,,0,,0,0,0,0,0,0,6.49,
20,440,20440,0.14,,0,0,0.04,0,31,0,0,0,0.01,0,0,,0,,0,0,0,0,0,0,1.31,
20,441,20441,1.16,,0.03,0,0.23,0,257.1,0,0.31,0.07,1.9,0.07,0.0001,,0,,0,0,0,0,0,0,4.54,
20,442,20442,0.05,,0,0,0.01,0,10.31,0,0,0,0.01,0,0,,0,,0,0,0,0,0,0,0,
20,443,20443,0.07,,0,0,0.02,0,14.44,0,0.03,0.01,0.19,0.01,0,,0,,0,0,0,0,0,0,0,
20,444,20444,0.07,,0,0,0.02,0,15.22,0,0,0,0.01,0,0,,0,,0,0,0,0,0,0,0.29,
20,445,20445,0.2,,0,0,0.04,0,45.33,0,0,0,0,0,0,,0,,0,0,0,0,0,0,0.89,
20,446,20446,1.03,,0,0,0.19,0,229.32,0,0.01,0,0.03,0,0,,0,,0,0,0,0,0,0,4.34,
20,447,20447,2.19,,0.04,0,0.43,0,484.84,0,0.01,0,0.08,0,0,,0,316.5,0,0,0,0,0,0,0,
20,448,20448,0.29,,0,0,0.05,0,64.18,0,0,0,0,0,0,,0,17.19,0,0,0,0,0,0,0,
20,449,20449,0.5,,0.01,0,0.12,0,111.66,0,0.02,0,0.1,0,0,,0,,0,0,0,0,0,0,6.6,
20,450,20450,1.77,,0.01,0,0.31,0,392.31,0,0,0,0.01,0,0,,0,,0,0,0,0,0,0,0,
20,451,20451,0.13,,0,0,0.03,0,28.77,0,0,0,0,0,0,,0,,0,0,0,0,0,0,1.46,
20,452,20452,0.61,,0.02,0,0.13,0,135.03,0,0.08,0.02,0.51,0.02,0,,0,,0,0,0,1.1,0.11,0,3.59,
20,453,20453,0.58,,0.02,0,0.15,0,128.57,0,0.02,0,0.11,0,0,,0,,0,0,0,0,0,0.05,2.31,
20,454,20454,0.51,,0,0,0.1,0,112.51,0,0,0,0,0,0,,0,,0,0,0,0,0,0,0,
20,455,20455,0.36,,0.01,0,0.07,0,79.82,0,0.01,0,0.05,0,0,,0,,0,0,0,0,0,0,0.77,
20,456,20456,0.24,,0.01,0,0.05,0,52.81,0,0.01,0,0.05,0,0,,0,,0,0,0,0,0,0,0.33,
20,457,20457,0.49,,0.01,0,0.1,0,109.05,0,0,0,0.01,0,0,,0,19.63,0,0,0,0,0,0,0.01,
20,458,20458,0.22,0,0.01,0,0.05,0,48.93,0,0,0,0.01,0,0,,0,,0,0,0,0,0,0,0,
20,459,20459,0.67,0,0.02,0,0.19,0,148.59,0,0.02,0,0.12,0,0,,0,,0,0,0,0,0,0,2.92,
20,460,20460,0.79,,0.01,0,0.16,0,175.77,0,0,0,0.02,0,0,,0,,0,0,0,0,0,0,10.59,
20,461,20461,0.09,0.01,0,0,0.03,0,19.17,0,0,0,0.01,0,0,,0,,0,0,0,0,0,0,0.6,
20,462,20462,0.64,0,0.02,0,0.14,0,141.7,0,0.02,0,0.12,0,0,,0,,0,0,0,0,0,0,1.48,
20,463,20463,0.1,0,0,0,0.03,0,21.43,0,0,0,0,0,0,,0,10.16,0,0,0,2.54,0.25,0,1.33,
20,464,20464,0.07,0,0,0,0.02,0,14.79,0,0.01,0,0.08,0,0,,0,,0,0,0,0,0,0,0.86,
20,465,20465,0.23,,0.01,0,0.05,0,50.87,0,0,0,0.03,0,0,,0,2057.24,0,0,0,0,0,0,0,
20,466,20466,1.84,0,0.01,0,0.3,0,407.46,0,0,0,0.01,0,0,,0,246.36,0,0,0,0,0,0,1.95,
20,467,20467,2.74,,0.12,0,0.58,0,607.41,0,0.07,0.02,0.43,0.02,0,,0,,0,0,0,0,0,0,10.46,
20,468,20468,1.98,,0.01,0,0.36,0,438.56,0,0,0,0.01,0,0,,0,,0,0,0,0,0,0,22.85,
20,469,20469,5.32,0,0.24,0,0.94,0,1179.12,0.01,0.08,0.02,0.51,0.02,0,,0,1349.12,0,0,0,0,0,0,2.93,
20,470,20470,0.69,,0.01,0,0.17,0,153.95,0,0,0,0.01,0,0,,0,,0,0,0,0,0,0,17.47,
20,471,20471,0.07,,0,0,0.02,0,14.62,0,0,0,0,0,0,,0,,0,0,0,0,0,0,0,
20,472,20472,0.43,0,0.02,0,0.12,0,95.88,0,0,0,0.02,0,0,,0,,0,0,0,0,0,0,4.24,
20,473,20473,0.2,,0,0,0.05,0,45.26,0,0,0,0.02,0,0,,0,,0,0,0,0,0,0,0,
20,474,20474,0.48,0,0.01,0,0.11,0,106.65,0,0.01,0,0.03,0,0,,0,,0,0,0,0,0,0,1.13,
20,475,20475,1.46,,0.07,0,0.28,0,324.71,0,0.08,0.02,0.49,0.02,0,,0,45.21,0,0,0,0,0,0,6.01,
20,476,20476,0.04,,0,0,0.01,0,9.36,0,0,0,0.01,0,0,,0,31.47,0,0,0,0,0,0,0.22,
20,477,20477,0.24,,0,0,0.05,0,53.09,0,0,0,0,0,0,,0,,0,0,0,0,0,0,0,
20,478,20478,0.31,0,0,0,0.08,0,69.44,0,0,0,0.02,0,0,,0,,0,0,0,0,0,0,0.25,
20,479,20479,0.03,,0,0,0.01,0,6.88,0,0,0,0,0,0,,0,,0,0,0,0,0,0,0.32,
20,480,20480,0.14,,0,0,0.03,0,30.68,0,0,0,0,0,0,,0,14.25,0,0,0,0,0,0,0.63,
20,481,20481,0.35,,0,0,0.07,0,76.71,0,0.03,0.01,0.16,0.01,0,,0,,0,0,0,0,0,0,4.12,
20,482,20482,7.07,,0.52,0,1.52,0,1568.85,0.01,0.15,0.04,0.94,0.04,0,,0,23.74,0,0,0,0,0,0,10.13,
20,483,20483,1.36,,0.04,0,0.3,0,300.7,0,0.01,0,0.05,0,0,,0,,0,0,0,3.18,0.31,0,5.8,
20,484,20484,0.63,,0.03,0,0.13,0,139.44,0,0.01,0,0.05,0,0,,0,,0,0,0,0,0,0,1.85,
20,485,20485,0.45,0,0.01,0,0.08,0,99.2,0,0,0,0,0,0,,0,,0,0,0,0,0,0,0.95,
20,486,20486,0.35,0,0.01,0,0.08,0,76.85,0,0.01,0,0.03,0,0,,0,,0,0,0,0,0,0,2.27,
20,487,20487,0.28,,0,0,0.06,0,62.91,0,0,0,0.01,0,0,,0,,0,0,0,0,0,0,3.32,
20,488,20488,0.02,,0,0,0.01,0,4.1,0,0,0,0.02,0,0,,0,,0,0,0,0,0,0,0.19,
20,489,20489,0.75,0,0,0,0.15,0,166.2,0,0,0,0.01,0,0,,0,39.24,0,0,0,0,0,0,1.16,
20,490,20490,0.44,,0,0,0.09,0,98.17,0,0,0,0,0,0,,0,,0,0,0,0,0,0,0.15,
20,491,20491,0.63,,0,0,0.1,0,138.7,0,0.04,0.01,0.25,0.01,0,,0,502.73,0,0,0,0,0,0,0,
20,492,20492,0.53,0,0.01,0,0.12,0,118.19,0,0,0,0.01,0,0,,0,,0,0,0,0,0,0,2.5,
20,493,20493,0.08,0,0,0,0.02,0,16.66,0,0,0,0.02,0,0,,0,,0,0,0,0,0,0,2.1,
20,494,20494,0.69,,0,0,0.12,0,153.81,0,0,0,0,0,0,,0,,0,0,0,0,0,0,7.01,
20,495,20495,0.45,,0.01,0,0.09,0,99.87,0,0,0,0.01,0,0,,0,30.5,0,0,0,0,0,0,0,
20,496,20496,0.27,0,0,0,0.07,0,59.34,0,0.01,0,0.03,0,0,,0,17.93,0,0,0,0,0,0,0,
20,497,20497,0.58,,0,0,0.09,0,129.38,0,0.01,0,0.03,0,0,,0,,0,0,0,0,0,0,0.75,
20,498,20498,0.88,,0,0,0.19,0,194.27,0,0,0,0,0,0,,0,365.47,0,0,0,0,0,0,53.75,
20,499,20499,0.3,,0.03,0,0.07,0,67.5,0,0.02,0,0.13,0,0,,0,,0,0,0,0,0,0,0.49,
20,500,20500,1.15,,0.02,0,0.27,0,254.07,0,0.01,0,0.06,0,0,,0,965.72,0,0,0,0,0,0,2.44,
20,501,20501,0.12,,0.01,0,0.03,0,26.19,0,0,0,0.01,0,0,,0,,0,0,0,0,0,0,0.35,
20,502,20502,0.78,,0.01,0,0.17,0,171.96,0,0,0,0,0,0,,0,,0,0,0,0,0,0,0.01,
20,503,20503,0.07,,0,0,0.02,0,15.53,0,0.03,0.01,0.15,0.01,0,,0,,0,0,0,0,0,0,0,
20,504,20504,0.24,0,0.01,0,0.05,0,52.46,0,0.01,0,0.04,0,0,,0,,0,0,0,0,0,0,0,
20,505,20505,1.16,,0.05,0,0.31,0,257.67,0,0.05,0.01,0.31,0.01,0,,0,,0,0,0,0,0,0,13.57,
20,506,20506,0.12,,0,0,0.03,0,26.37,0,0.04,0.01,0.25,0.01,0,,0,,0,0,0,0,0,0,1.95,
20,507,20507,0.48,,0.01,0,0.09,0,106.68,0,0,0,0.02,0,0,,0,,0,0,0,0,0,0,0.96,
20,508,20508,0.22,0,0.01,0,0.06,0,48.82,0,0.01,0,0.03,0,0,,0,,0,0,0,0,0,0,5.6,
20,509,20509,1.39,,0.01,0,0.23,0,308.93,0,0.01,0,0.05,0,0,,0,122.05,0,0,0,0,0,0,2.79,
20,510,20510,0.25,,0,0,0.05,0,55.85,0,0.01,0,0.04,0,0,,0,,0,0,0,0,0,0,0.3,
20,511,20511,0.52,,0,0,0.1,0,114.84,0,0,0,0.02,0,0,,0,,0,0,0,0,0,0,2.78,
20,512,20512,0.15,,0,0,0.03,0,33.96,0,0,0,0.01,0,0,,0,,0,0,0,0,0,0,0,
20,513,20513,1.21,,0.02,0,0.28,0,267.69,0,0.02,0,0.13,0,0,,0,,0,0,0,0,0,0,17.72,
20,514,20514,0.14,,0,0,0.03,0,30.47,0,0,0,0,0,0,,0,,0,0,0,0,0,0,0,
20,515,20515,9.1,0,0.62,0,0.21,0,1007.76,0.02,0.34,0.08,2.1,0.08,0.0001,,0,11.78,0,0,0,3.99,0.39,0.2,22.86,
20,516,20516,0.64,0,0.01,0,0.13,0,140.93,0,0,0,0,0,0,,0,474.75,0,0,0,0,0,0,0,
20,517,20517,0.59,,0.01,0,0.11,0,131.11,0,0.01,0,0.06,0,0,,0,,0,0,0,0,0,0,0,
20,518,20518,0.02,,0,0,0.01,0,5.15,0,0,0,0.02,0,0,,0,,0,0,0,0,0,0,0.49,
20,519,20519,0.37,,0.02,0,0.09,0,16.64,0,0.04,0.01,0.24,0.01,0,,0,,0,0,0,0,0,0,0.92,
20,520,20520,1.04,,0.04,0,0.21,0,230.7,0,0.02,0,0.12,0,0,,0,,0,0,0,0,0,3.99,3.22,
20,521,20521,0.05,,0,0,0.01,0,10.27,0,0,0,0,0,0,,0,,0,0,0,0,0,0,0.28,
20,522,20522,0.15,,0.01,0,0.04,0,32.76,0,0,0,0.01,0,0,,0,6.26,0,0,0,0,0,0,0,
20,523,20523,0.23,,0.01,0,0.06,0,51.96,0,0,0,0.02,0,0,,0,,0,0,0,0,0,0,2.96,
20,524,20524,0.07,,0,0,0.02,0,15.57,0,0,0,0,0,0,,0,,0,0,0,0,0,0,0.68,
20,525,20525,1.71,,0.07,0,0.41,0,378.3,0,0.06,0.01,0.35,0.01,0,,0,364.36,0,0,0,1.2,0.12,0,27.85,
20,526,20526,2.31,,0.03,0,0.45,0,512.02,0,0.01,0,0.07,0,0,,0,4.75,0,0,0,0,0,0,5.06,
20,527,20527,0.42,,0,0,0.08,0,93.44,0,0,0,0,0,0,,0,,0,0,0,0,0,0,0.06,
20,528,20528,0.18,,0.01,0,0.05,0,39.71,0,0,0,0.02,0,0,,0,,0,0,0,0,0,0,0.59,
20,529,20529,0.21,,0,0,0.03,0,46.67,0,0,0,0,0,0,,0,,0,0,0,0,0,0,0.26,
20,530,20530,0.46,,0.01,0,0.09,0,101.85,0,0.09,0.02,0.55,0.02,0,,0,,0,0,0,0,0,0,5.68,
20,531,20531,0.3,0,0.01,0,0.07,0,66.3,0,0.08,0.02,0.5,0.02,0,,0,12.59,0,0,0,0,0,0,4.34,
20,532,20532,0.6,,0,0,0.12,0,133.76,0,0,0,0,0,0,,0,9.49,0,0,0,0,0,0,2.29,
20,533,20533,0.29,,0.01,0,0.07,0,65.41,0,0.01,0,0.06,0,0,,0,,0,0,0,0,0,0,0,
20,534,20534,0.54,,0.01,0,0.11,0,119.25,0,0.03,0.01,0.2,0.01,0,,0,,0,0,0,0,0,0,6.06,
20,535,20535,0.5,0,0.01,0,0.08,0,111.34,0,0,0,0.02,0,0,,0,29.75,0,0,0,0,0,0,0,
20,536,20536,0.07,,0,0,0.02,0,16.56,0,0,0,0.02,0,0,,0,,0,0,0,0,0,0,0.76,
20,537,20537,1.03,0,0.02,0,0.23,0,228.97,0,0.01,0,0.06,0,0,,0,,0,0,0,0,0,0,3.34,
20,538,20538,0.11,,0,0,0.03,0,24.89,0,0,0,0.03,0,0,,0,,0,0,0,0,0,0,0,
20,539,20539,0.67,0,0.03,0,0.14,0,147.81,0,0.01,0,0.07,0,0,,0,,0,0,0,0,0,0,5.31,
20,540,20540,1.06,,0.09,0,0.24,0,234.33,0,0.08,0.02,0.48,0.02,0,,0,,0,0,0,0,0,0,2.8,
20,541,20541,0.25,,0.01,0,0.07,0,55.81,0,0.03,0.01,0.15,0.01,0,,0,,0,0,0,0,0,0,0,
20,542,20542,0.12,,0,0,0.03,0,26.09,0,0,0,0.01,0,0,,0,,0,0,0,0,0,0,1.29,
20,543,20543,0.86,,0.01,0,0.16,0,189.82,0,0.01,0,0.08,0,0,,0,,0,0,0,0,0,0,4.84,
20,544,20544,0.2,,0.01,0,0.05,0,43.67,0,0.01,0,0.04,0,0,,0,851.29,0,0,0,0,0,0,0,
20,545,20545,1.38,,0.1,0,0.3,0,306.24,0,0.05,0.01,0.28,0.01,0,,0,,0,0,0,0.39,0.04,0,0.15,
20,546,20546,0.89,,0.06,0,0.19,0,197.73,0,0.69,0.16,4.22,0.16,0.0002,,0,,0,0,0,0,0,0,1.81,
20,547,20547,0.15,,0.01,0,0.04,0,33.08,0,0,0,0.02,0,0,,0,,0,0,0,0,0,0,1.32,
20,548,20548,0.23,,0.01,0,0.06,0,51.36,0,0.01,0,0.04,0,0,,0,,0,0,0,0,0,0,1.74,
20,549,20549,1.75,,0.04,0,0.38,0,389.03,0,0.02,0.01,0.15,0.01,0,,0,,0,0,0,0,0,0,9.72,
20,550,20550,0.74,0,0.03,0,0.16,0,165.18,0,0.03,0.01,0.18,0.01,0,,0,,0,0,0,0,0,0,2.94,
20,551,20551,2.63,0,0.28,0,0.58,0,582.84,0,0.29,0.07,1.8,0.07,0.0001,,0,,0,0,0,0.79,0.08,0.04,14.69,
20,552,20552,0.07,,0.01,0,0.02,0,16.52,0,0,0,0,0,0,,0,,0,0,0,0,0,0,0.7,
20,553,20553,1.33,,0.15,0,0.03,0,63.87,0,0.38,0.09,2.34,0.09,0.0001,,0,21.27,0,0,0,0.57,0.06,0,3.35,
20,554,20554,0.76,,0.01,0,0.16,0,168.74,0,0.01,0,0.06,0,0,,0,0.39,0,0,0,0,0,0,0.01,
20,555,20555,0.45,,0,0,0.1,0,99.16,0,0,0,0,0,0,,0,,0,0,0,0,0,0,4.37,
20,556,20556,0.04,,0,0,0.01,0,8.3,0,0,0,0,0,0,,0,,0,0,0,0,0,0,0.38,
20,557,20557,2.07,,0.12,0,0.49,0,458.33,0,0.07,0.02,0.45,0.02,0,,0,,0,0,0,0,0,0.02,7.04,
20,558,20558,0.24,,0,0,0.06,0,53.02,0,0,0,0.01,0,0,,0,,0,0,0,0,0,0,0.06,
20,559,20559,3.37,0,0.1,0,0.7,0,748.01,0.01,0.05,0.01,0.3,0.01,0,,0,,0,0,0,0,0,0,29.57,
20,560,20560,0.93,0,0.02,0,0.21,0,206.83,0,0.02,0,0.13,0,0,,0,,0,0,0,0,0,0,3.36,
20,561,20561,0.39,0,0,0,0.08,0,86.21,0,0.02,0,0.11,0,0,,0,,0,0,0,0,0,0,6.02,
20,562,20562,0.19,0,0.01,0,0.04,0,42.19,0,0.02,0,0.09,0,0,,0,,0,0,0,0,0,0,0.63,
20,563,20563,0.18,,0.01,0,0.05,0,40.95,0,0,0,0.01,0,0,,0,,0,0,0,0,0,0,2.17,
20,564,20564,0.19,0,0.01,0,0.04,0,41.48,0,0.04,0.01,0.22,0.01,0,,0,,0,0,0,0,0,0,1.93,
20,565,20565,4.46,,0.31,0,0.93,0,93.08,0.01,0.12,0.03,0.75,0.03,0,,0,,0,0,0,1.23,0.12,0,5.42,
20,566,20566,0.52,0,0,0,0.1,0,114.8,0,0,0,0.01,0,0,,0,,0,0,0,0,0,0,0,
20,567,20567,0.49,,0.02,0,0.11,0,109.37,0,0,0,0,0,0,,0,,0,0,0,0,0,0,1.6,
20,568,20568,0.22,,0.01,0,0.05,0,48.47,0,0.02,0.01,0.14,0.01,0,,0,,0,0,0,0,0,0,0.54,
20,569,20569,0.26,,0.01,0,0.07,0,58.21,0,0,0,0.01,0,0,,0,,0,0,0,0,0,0,1.96,
20,570,20570,2.92,0,0.14,0,0.62,0,648.5,0,0.17,0.04,1.03,0.04,0,,0,53.7,0,0,0,0,0,0,8.83,
21,1,21001,8.45,,0.46,0.02,0.34,0.21,1875.06,0.01,0.39,0.09,1.96,0.21,0.0001,,0,31.47,0,0,0,7.18,0.71,0,21.91,
21,2,21002,1.34,,0.05,0,0.71,0.03,297.21,0,0.05,0.01,0.23,0.02,0,,0,,0,0,0,0,0,0,0,
21,3,21003,5.18,,0.41,0.03,2.65,0.13,1148.05,0.01,0.18,0.04,0.9,0.1,0.0001,,0.01,,0,0,0,0,0,0.06,16.23,
21,4,21004,7.35,,0.38,0.03,2.9,0.18,1630.17,0.01,0.81,0.19,4.04,0.44,0.0002,,0.01,12.51,0,0,0,0,0,0,0,
21,5,21005,0.46,,0.01,0,0.24,0.01,102.87,0,0.39,0.09,1.94,0.21,0.0001,,0,,0,0,0,0,0,0,3.76,
21,6,21006,2.19,,0.03,0,0.95,0.05,485.23,0,0.01,0,0.07,0.01,0,,0,,0,0,0,0,0,0,0,
21,7,21007,0.54,,0,0,0.25,0.01,120.1,0,0,0,0.02,0,0,,0,,0,0,0,0,0,0,1.08,
21,8,21008,1.52,,0.03,0,0.07,0.04,337.95,0,0.02,0,0.09,0.01,0,,0,65.4,0,0,0,0.74,0.07,27.32,3.39,
21,9,21009,0.31,0,0.01,0,0.18,0.01,69.83,0,0,0,0.02,0,0,,0,,0,0,0,0,0,0,0.88,
21,10,21010,8.71,,0.19,0.01,3.41,0.22,1932.43,0.01,1.82,0.42,9.05,0.99,0.0005,,0.01,,0,0,0,0,0,0,1.31,
21,11,21011,0.28,,0.02,0,0.14,0.01,62.1,0,0.01,0,0.05,0.01,0,,0,,0,0,0,0,0,0,1.11,
21,12,21012,0.96,,0.03,0,0.47,0.02,213.75,0,0.01,0,0.04,0,0,,0,14.25,0,0,0,0,0,0,11.77,
21,13,21013,2.74,,0.16,0.01,0.12,0.07,608.54,0,0.37,0.08,1.83,0.2,0.0001,,0,,0,0,0,2.86,0.28,0.02,2.03,
21,14,21014,0.8,,0.01,0,0.39,0.02,176.51,0,0.01,0,0.06,0.01,0,,0,,0,0,0,0,0,0,0,
21,15,21015,12.49,,0.49,0.04,5.57,0.31,314.45,0.02,0.82,0.19,4.07,0.45,0.0002,,0.01,185.69,0,0,0,5.06,0.5,1.02,11.74,
21,16,21016,1.18,,0.01,0,0.59,0.03,260.74,0,0.05,0.01,0.26,0.03,0,,0,667.34,0,0,0,0,0,0,0.13,
21,17,21017,3.53,,0.07,0,0.15,0.09,781.94,0.01,0.09,0.02,0.44,0.05,0,,0,,0,0,0,0.8,0.08,0.09,0,
21,18,21018,0.58,0,0.01,0,0.29,0.01,127.93,0,0.01,0,0.05,0,0,,0,,0,0,0,0,0,0,0.28,
21,19,21019,19.44,0,1.51,0.11,9.83,0.49,4312.1,0.03,1.82,0.42,9.06,0.99,0.0005,,0.02,51.55,0,0,0,8.64,0.85,0,18.97,
21,20,21020,0.99,,0.03,0,0.42,0.02,218.66,0,0.13,0.03,0.67,0.07,0,,0,,0,0,0,0,0,0,2.48,
21,21,21021,0.2,,0.01,0,0.11,0,43.49,0,0,0,0.02,0,0,,0,,0,0,0,0,0,0,1.04,
21,22,21022,1.75,0,0.05,0,0.82,0.04,388.89,0,0.04,0.01,0.19,0.02,0,,0,6.96,0,0,0,0,0,0,7.61,
21,23,21023,1.28,,0.03,0,0.5,0.03,283.83,0,0.05,0.01,0.23,0.02,0,,0,37.98,0,0,0,0,0,0,9.53,
21,24,21024,0.15,,0,0,0.09,0,33.01,0,0,0,0.01,0,0,,0,,0,0,0,0,0,0,0.65,
21,25,21025,1.25,,0.05,0,0.6,0.03,278.29,0,0.04,0.01,0.19,0.02,0,,0,,0,0,0,0,0,1.74,0,
21,26,21026,2.12,,0.09,0.01,1,0.05,470.19,0,0.03,0.01,0.17,0.02,0,,0,43.03,0,0,0,0,0,0,6.78,
21,27,21027,0.72,,0,0,0.39,0.02,159.67,0,0,0,0.02,0,0,,0,,0,0,0,0,0,0,0.15,
21,28,21028,0.35,,0,0,0.18,0.01,77.91,0,0.01,0,0.03,0,0,,0,,0,0,0,0,0,0,0,
21,29,21029,0.61,,0.01,0,0.28,0.02,134.64,0,0.02,0,0.1,0.01,0,,0,,0,0,0,0,0,0,0,
21,30,21030,0.12,,0,0,0.06,0,25.74,0,0,0,0.02,0,0,,0,,0,0,0,0,0,0,0,
21,31,21031,0.49,,0.03,0,0.27,0.01,109.61,0,0.02,0.01,0.12,0.01,0,,0,,0,0,0,0,0,0,4.08,
21,32,21032,0.22,,0.01,0,0.12,0.01,47.87,0,0.01,0,0.04,0,0,,0,,0,0,0,0,0,0,1.95,
21,33,21033,0.71,,0.01,0,0.32,0.02,158.58,0,0.32,0.07,1.6,0.18,0.0001,,0,,0,0,0,0,0,0,3.54,
21,34,21034,4.82,,0.2,0.01,1.95,0.12,40.77,0.01,0.79,0.18,3.91,0.43,0.0002,,0,,0,0,0,0,0,0,5.65,
21,35,21035,3.15,0,0.08,0.01,1.44,0.08,697.71,0.01,0.27,0.06,1.34,0.15,0.0001,,0,,0,0,0,5.72,0.56,0,0,
21,36,21036,2.01,,0.01,0,0.09,0.05,445.3,0,0.02,0,0.08,0.01,0,,0,,0,0,0,0,0,0,0,
21,37,21037,0.36,,0.01,0,0.22,0.01,79.15,0,0.05,0.01,0.23,0.03,0,,0,,0,0,0,0,0,0,0.81,
21,38,21038,1.14,,0.04,0,0.47,0.03,253.57,0,0.1,0.02,0.52,0.06,0,,0,,0,0,0,2.46,0.24,0,1.66,
21,39,21039,1.35,,0.02,0,0.71,0.03,299.96,0,0.01,0,0.06,0.01,0,,0,,0,0,0,0,0,0,0,
21,40,21040,1.23,,0.01,0,0.58,0.03,272.53,0,0.19,0.04,0.94,0.1,0.0001,,0,,0,0,0,0,0,0,7.68,
21,41,21041,8.83,,0.36,0.03,4.49,0.22,200.6,0.01,10.76,2.46,53.55,5.86,0.0031,,0.01,,0,0,0,0,0,1.4,6.32,
21,42,21042,0.51,,0.01,0,0.28,0.01,113.71,0,0.02,0,0.09,0.01,0,,0,,0,0,0,0,0,0,3.35,
21,43,21043,7.29,,0.12,0.01,3.14,0.18,1616.16,0.01,0.06,0.01,0.32,0.03,0,,0.01,,0,0,0,0,0,0.01,0,
21,44,21044,2.29,,0.06,0,1.06,0.06,507.18,0,0.04,0.01,0.21,0.02,0,,0,56.62,0,0,0,5.75,0.57,0,17.93,
21,45,21045,6.51,,0.34,0.02,3.06,0.16,1442.83,0.01,0.39,0.09,1.93,0.21,0.0001,,0.01,42.73,0,0,0,4.83,0.48,0.18,37.13,
21,46,21046,0.99,,0.04,0,0.43,0.02,218.73,0,0.18,0.04,0.91,0.1,0.0001,,0,11.08,0,0,0,4.12,0.41,0.29,0.06,
21,47,21047,2.94,,0.2,0.01,0.15,0.07,652.38,0,0.09,0.02,0.43,0.05,0,,0,,0,0,0,0,0,0.64,16.37,
21,48,21048,2.73,,0.07,0.01,1.21,0.07,122.71,0,0.07,0.02,0.33,0.04,0,,0,,0,0,0,0,0,0,4.29,
21,49,21049,2.16,,0.02,0,0.1,0.05,478.77,0,0.01,0,0.07,0.01,0,,0,,0,0,0,0,0,0,0,
21,50,21050,3.67,,0.02,0,1.32,0.09,814.49,0.01,0.01,0,0.04,0,0,,0,,0,0,0,0,0,0,7.34,
21,51,21051,5.22,0,0.27,0.02,2.85,0.13,1158.79,0.01,0.53,0.12,2.64,0.29,0.0002,,0.01,,0,0,0,5.64,0.55,5.14,18.07,
21,52,21052,0.18,,0.01,0,0.12,0,40.56,0,0.14,0.03,0.71,0.08,0,,0,,0,0,0,0,0,0,0,
21,53,21053,8.2,0,0.31,0.02,4.02,0.21,1819.32,0.01,0.4,0.09,2.01,0.22,0.0001,,0.01,9.66,0,0,0,0,0,1.4,0.15,
21,54,21054,4.15,0,0.07,0.01,1.72,0.1,920.92,0.01,0.57,0.13,2.81,0.31,0.0002,,0,284.28,0,0,0,1.09,0.11,0.28,0,
21,55,21055,0.73,0.02,0.02,0,0.04,0.02,161.05,0,0.08,0.02,0.39,0.04,0,,0,,0,0,0,0,0,0,2.05,
21,56,21056,0.2,,0.01,0,0.12,0,43.99,0,0.01,0,0.03,0,0,,0,,0,0,0,0,0,0.05,0.36,
21,57,21057,1.06,,0.01,0,0.53,0.03,236.06,0,0.02,0,0.1,0.01,0,,0,,0,0,0,0,0,0.81,1.66,
21,58,21058,2.91,,0.08,0.01,1.04,0.07,646.13,0,0.02,0.01,0.12,0.01,0,,0,,0,0,0,0,0,0,15.05,
21,59,21059,0.36,,0.02,0,0.2,0.01,79.92,0,0.01,0,0.06,0.01,0,,0,,0,0,0,0,0,0,0.79,
21,60,21060,0.89,0,0.02,0,0.4,0.02,13.54,0,0.01,0,0.07,0.01,0,,0,,0,0,0,0,0,0,1.81,
21,61,21061,1.81,,0.02,0,0.8,0.05,400.57,0,0,0,0.01,0,0,,0,,0,0,0,0,0,0,0,
21,62,21062,0.68,0,0.01,0,0.36,0.02,150.67,0,0,0,0.02,0,0,,0,,0,0,0,0,0,0,4.11,
21,63,21063,2.13,,0.11,0.01,1.08,0.05,472.98,0,0.05,0.01,0.24,0.03,0,,0,0.01,0,0,0,5.92,0.58,0,13.31,
21,64,21064,2.55,,0.05,0,1.35,0.06,565.29,0,0.05,0.01,0.25,0.03,0,,0,,0,0,0,0,0,0,0.99,
21,65,21065,2.78,,0.06,0,1.21,0.07,615.91,0,0.03,0.01,0.15,0.02,0,,0,39.56,0,0,0,0,0,0,1.27,
21,66,21066,1.01,,0.03,0,0.05,0.03,224.34,0,0.01,0,0.06,0.01,0,,0,,0,0,0,0,0,0,14.08,
21,67,21067,2.39,,0.13,0.01,1.1,0.06,530.98,0,0.18,0.04,0.9,0.1,0.0001,,0,131.79,0,0,0,0,0,0,5.18,
21,68,21068,1.2,,0.01,0,0.57,0.03,266.88,0,0.01,0,0.07,0.01,0,,0,,0,0,0,0,0,0,0,
21,69,21069,4.05,,0.06,0,1.91,0.1,897.55,0.01,0.03,0.01,0.16,0.02,0,,0,,0,0,0,2.78,0.27,0,12.42,
21,70,21070,1.04,,0.01,0,0.53,0.03,230.87,0,0.08,0.02,0.41,0.04,0,,0,,0,0,0,0,0,1.86,0.08,
21,71,21071,14.46,0,0.91,0.06,7.11,0.36,3207.04,0.02,0.4,0.09,1.99,0.22,0.0001,,0.02,146.54,0,0,0,0,0,0.49,0.07,
21,72,21072,2.49,,0.04,0,0.1,0.06,551.28,0,0.04,0.01,0.18,0.02,0,,0,,0,0,0,0,0,0,0,
21,73,21073,1.33,,0.08,0.01,0.65,0.03,294.14,0,0.03,0.01,0.17,0.02,0,,0,,0,0,0,0,0,0,6.31,
21,74,21074,9.52,,0.46,0.03,0,0.24,1023.99,0.02,3.57,0.82,17.78,1.94,0.001,,0,,122.86,118.15,0,3.46,0.34,0.32,11.29,
21,75,21075,1.77,,0.04,0,0.78,0.04,392.03,0,0.04,0.01,0.22,0.02,0,,0,,0,0,0,0,0,0,0,
21,76,21076,4.16,,0.07,0,2.03,0.1,921.91,0.01,0.34,0.08,1.71,0.19,0.0001,,0,,0,0,0,0,0,0,0,
21,77,21077,0.74,,0.01,0,0.33,0.02,164.54,0,0.01,0,0.03,0,0,,0,,0,0,0,0,0,0,0,
21,78,21078,1.92,,0.01,0,0.86,0.05,426.73,0,0.01,0,0.07,0.01,0,,0,,0,0,0,0,0,0,0,
21,79,21079,0.77,,0.02,0,0.37,0.02,171.64,0,0.04,0.01,0.19,0.02,0,,0,,0,0,0,0,0,0,4.41,
21,80,21080,0.48,,0.01,0,0.22,0.01,107.28,0,0.01,0,0.04,0,0,,0,,0,0,0,0,0,0,0,
21,81,21081,0.57,,0.01,0,0.29,0.01,127.16,0,0.01,0,0.06,0.01,0,,0,,0,0,0,0,0,0.03,3.23,
21,82,21082,1.19,,0.05,0,0.6,0.03,263.28,0,0.03,0.01,0.14,0.01,0,,0,,0,0,0,0,0,0.23,1.66,
21,83,21083,4,0,0.01,0,1.86,0.1,888.2,0.01,0.04,0.01,0.2,0.02,0,,0,1202.06,0,0,0,0,0,0,0.08,
21,84,21084,1.07,,0.02,0,0.47,0.03,238.11,0,0.02,0.01,0.12,0.01,0,,0,,0,0,0,0,0,0,0,
21,85,21085,11.05,0,0.94,0.07,5.72,0.28,2450.41,0.02,0.53,0.12,2.66,0.29,0.0002,,0.01,0.77,0,0,0,5.98,0.59,5.83,25.66,
21,86,21086,1.92,,0,0,0.92,0.05,426.09,0,0,0,0.02,0,0,,0,,0,0,0,0,0,0,0.68,
21,87,21087,1.87,,0.06,0,0.92,0.05,415.54,0,0.16,0.04,0.78,0.09,0,,0,4.64,0,0,0,0,0,3.42,5.06,
21,88,21088,0.74,,0.01,0,0.37,0.02,165.14,0,0.01,0,0.06,0.01,0,,0,,0,0,0,0,0,0,0,
21,89,21089,2.03,,0.03,0,0.93,0.05,450.06,0,0.02,0,0.08,0.01,0,,0,,0,0,0,0,0,0,0,
21,90,21090,2.36,,0.09,0.01,0.1,0.06,21.72,0,0.8,0.18,4,0.44,0.0002,,0,,0,0,0,0,0,0.03,4.52,
21,91,21091,1.53,,0.09,0.01,0.82,0.04,339.46,0,0.05,0.01,0.25,0.03,0,,0,,0,0,0,0,0,0.46,0,
21,92,21092,0.79,,0.01,0,0.41,0.02,175.7,0,0.1,0.02,0.5,0.06,0,,0,,0,0,0,0,0,0,0.8,
21,93,21093,1.24,,0,0,0.58,0.03,274.37,0,0,0,0,0,0,,0,144.7,0,0,0,0,0,0,4.83,
21,94,21094,4.51,,0.22,0.02,2.04,0.11,1000.21,0.01,0.13,0.03,0.63,0.07,0,,0,187.16,0,0,0,8.7,0.86,0,19.27,
21,95,21095,0.07,0,0,0,0.03,0,15.04,0,0.02,0,0.1,0.01,0,,0,,0,0,0,0,0,0,0,
21,96,21096,0.39,,0.01,0,0.19,0.01,85.5,0,0.01,0,0.05,0,0,,0,13.45,0,0,0,4.35,0.43,0,3.8,
21,97,21097,0.34,,0.02,0,0.15,0.01,76.39,0,0.01,0,0.03,0,0,,0,,0,0,0,0,0,0,0.53,
21,98,21098,0.91,,0.02,0,0.46,0.02,201.89,0,0.01,0,0.05,0.01,0,,0,,0,0,0,0,0,0,2.16,
21,99,21099,2.84,0,0.05,0,1.41,0.07,630.85,0,0.05,0.01,0.24,0.03,0,,0,,0,0,0,7.52,0.74,0,10.93,
21,100,21100,1.55,,0.01,0,0.7,0.04,344.12,0,0.01,0,0.06,0.01,0,,0,,0,0,0,0,0,0,0,
21,101,21101,0.55,,0.01,0,0.29,0.01,121.54,0,0.02,0,0.08,0.01,0,,0,,0,0,0,0,0,0,0,
21,102,21102,1.67,,0.11,0.01,0.68,0.04,371.13,0,0.14,0.03,0.68,0.07,0,,0,9.42,0,0,0,0,0,0.48,5.19,
21,103,21103,0.87,,0.02,0,0.38,0.02,193.77,0,0.04,0.01,0.18,0.02,0,,0,59.23,0,0,0,0,0,0,0,
21,104,21104,3.88,,0.08,0.01,1.56,0.1,861.54,0.01,0.04,0.01,0.21,0.02,0,,0,,0,0,0,9.21,0.91,0,14.46,
21,105,21105,0.72,,0.01,0,0.04,0.02,159.53,0,0.01,0,0.03,0,0,,0,12.49,0,0,0,0,0,0,2.5,
21,106,21106,3.37,,0.12,0.01,1.45,0.08,433.17,0.01,0.52,0.12,2.56,0.28,0.0001,,0,,0,0,0,0,0,4.84,1.13,
21,107,21107,1.93,,0.02,0,0.83,0.05,427.29,0,0.02,0,0.1,0.01,0,,0,,0,0,0,0,0,0,0,
21,108,21108,2.29,0,0.11,0.01,1.04,0.06,507.11,0,0.14,0.03,0.72,0.08,0,,0,18.51,0,0,0,1.46,0.14,4.78,11.98,
21,109,21109,2.9,,0.07,0.01,1.43,0.07,642.81,0,0.32,0.07,1.59,0.17,0.0001,,0,,0,0,0,0,0,0.01,0,
21,110,21110,6.22,,0.15,0.01,2.74,0.16,1379.49,0.01,0.08,0.02,0.41,0.05,0,,0.01,68.16,0,0,0,0,0,0,10.94,
21,111,21111,2.9,,0.05,0,1.46,0.07,644.3,0,0.06,0.01,0.29,0.03,0,,0,,0,0,0,0,0,0.05,0.95,
21,112,21112,1.45,0.02,0.04,0,0.76,0.04,322.38,0,0.04,0.01,0.18,0.02,0,,0,,0,0,0,0,0,0.03,7.94,
21,113,21113,0.65,,0.02,0,0.4,0.02,144.63,0,0.01,0,0.04,0,0,,0,,0,0,0,0,0,0.01,2.5,
21,114,21114,236.52,,23.15,1.66,128.07,5.93,1566.88,0.39,30.92,7.06,153.85,16.82,0.0088,,0.31,362.47,0,0,0,6.64,0.65,96.57,18.07,
21,115,21115,6.76,,0.18,0.01,2.91,0.17,1499.59,0.01,0.08,0.02,0.38,0.04,0,,0.01,,0,0,0,0,0,0,10.58,
21,116,21116,3.12,,0.02,0,1.2,0.08,692.24,0.01,0.01,0,0.04,0,0,,0,80.71,0,0,0,0,0,0,9.66,
21,117,21117,2.06,,0.19,0.01,0.94,0.05,456.98,0,2.24,0.51,11.16,1.22,0.0006,,0,,0,0,0,0,0,0,2.18,
21,118,21118,3.84,,0.12,0.01,1.56,0.1,852.58,0.01,0.04,0.01,0.2,0.02,0,,0,,0,0,0,0,0,0,5.78,
21,119,21119,12.75,,0.46,0.03,6.39,0.32,136.6,0.02,2.05,0.47,10.2,1.12,0.0006,,0.02,,0,0,0,0,0,0.51,3.39,
21,120,21120,0.72,,0.01,0,0.29,0.02,159.49,0,0,0,0.01,0,0,,0,,0,0,0,0,0,0,0.09,
21,121,21121,0.2,0.02,0,0,0.1,0.01,45.22,0,0.02,0,0.08,0.01,0,,0,,0,0,0,0,0,1.12,0.64,
21,122,21122,1.35,,0.03,0,0.65,0.03,184.79,0,0.02,0,0.09,0.01,0,,0,28.48,0,0,0,0,0,0,4.52,
21,123,21123,0.69,,0,0,0.32,0.02,152.12,0,0,0,0.01,0,0,,0,,0,0,0,0,0,0,0,
21,124,21124,2.13,0,0.1,0.01,0.97,0.05,472.55,0,0.35,0.08,1.74,0.19,0.0001,,0,,0,0,0,0,0,0,1.99,
21,125,21125,1.11,,0.07,0,0.06,0.03,6.6,0,0.51,0.12,2.56,0.28,0.0001,,0,,0,0,0,0,0,0,1.13,
21,126,21126,0.83,,0.01,0,0.36,0.02,184.49,0,0,0,0.02,0,0,,0,3.12,0,0,0,0,0,0.06,4.29,
21,127,21127,0.61,,0.01,0,0.36,0.02,135.67,0,0.04,0.01,0.2,0.02,0,,0,,0,0,0,0,0,0,1.51,
21,128,21128,1.18,,0.03,0,0.56,0.03,261.73,0,0.01,0,0.06,0.01,0,,0,,0,0,0,4.52,0.44,0,9.14,
21,129,21129,1.89,,0.04,0,0.92,0.05,419.49,0,0.04,0.01,0.22,0.02,0,,0,,0,0,0,0,0,0,1.06,
21,130,21130,0.53,,0.01,0,0.27,0.01,117.03,0,0.01,0,0.03,0,0,,0,,0,0,0,2.57,0.25,0,15.91,
21,131,21131,0.12,,0,0,0.07,0,27.01,0,0.09,0.02,0.46,0.05,0,,0,,0,0,0,0,0,0,0,
21,132,21132,20.74,,2.22,0.16,9.64,0.52,132.2,0.03,3.76,0.86,18.73,2.05,0.0011,,0.02,,0,0,0,3.29,0.32,1.23,11.29,
21,133,21133,0.12,,0.01,0,0.07,0,27.18,0,0,0,0.01,0,0,,0,,0,0,0,0,0,0,1.46,
21,134,21134,2.72,,0.07,0,1.24,0.07,602.57,0,0.04,0.01,0.21,0.02,0,,0,,0,0,0,0,0,0,7.9,
21,135,21135,0.09,,0,0,0.06,0,20.26,0,0.09,0.02,0.45,0.05,0,,0,,0,0,0,0,0,0,1.24,
21,136,21136,1.7,,0.11,0.01,0.77,0.04,8.18,0,0.59,0.13,2.93,0.32,0.0002,,0,,0,0,0,0,0,0,0.9,
21,137,21137,1.33,,0.03,0,0.58,0.03,294.88,0,0.01,0,0.07,0.01,0,,0,110.77,0,0,0,0,0,9.57,6.26,
21,138,21138,1.55,0,0.11,0.01,0.68,0.04,344.16,0,0.02,0.01,0.12,0.01,0,,0,669.34,0,0,0,0,0,0,3.61,
21,139,21139,0.53,,0.03,0,0.27,0.01,117.63,0,0.02,0,0.08,0.01,0,,0,,0,0,0,0,0,0,2.98,
21,140,21140,18.06,,1.46,0.1,8.89,0.45,42.49,0.03,4.22,0.96,20.99,2.29,0.0012,,0.02,,0,0,0,6.35,0.62,1.37,10.16,
21,141,21141,0.51,,0.02,0,0.28,0.01,113.81,0,0.02,0,0.08,0.01,0,,0,,0,0,0,0,0,0,2.82,
21,142,21142,4.05,,0.2,0.01,1.77,0.1,899,0.01,0.8,0.18,3.97,0.43,0.0002,,0,413.18,0,0,0,2.35,0.23,1.84,25.47,
21,143,21143,3.81,,0.11,0.01,1.68,0.1,536.78,0.01,0.22,0.05,1.08,0.12,0.0001,,0,29.92,0,0,0,0,0,0,11.29,
21,144,21144,1.94,,0.35,0.03,0.77,0.05,429.41,0,0.04,0.01,0.22,0.02,0,,0,,0,0,0,0,0,0,1.71,
21,145,21145,2.02,,0.02,0,0.88,0.05,447.91,0,0.01,0,0.04,0,0,,0,,0,0,0,0,0,0,0,
21,146,21146,0.13,,0,0,0.09,0,28.07,0,0.07,0.02,0.37,0.04,0,,0,,0,0,0,0,0,0,0,
21,147,21147,0.9,,0.03,0,0.49,0.02,199.31,0,0.16,0.04,0.81,0.09,0,,0,,0,0,0,0,0,0,0,
21,148,21148,1.46,,0.01,0,0.63,0.04,324.5,0,0,0,0.02,0,0,,0,,0,0,0,0,0,0.68,3.39,
21,149,21149,2.94,,0.08,0.01,0.13,0.07,210.98,0,0.62,0.14,3.09,0.34,0.0002,,0,11.59,0,0,0,3.4,0.33,1.47,0.41,
21,150,21150,1,,0.02,0,0.51,0.03,222.08,0,0.01,0,0.03,0,0,,0,,0,0,0,0,0,0,4.46,
21,151,21151,1.2,,0.07,0,0.05,0.03,265.15,0,0.05,0.01,0.25,0.03,0,,0,,0,0,0,0,0,0,1.11,
21,152,21152,1.77,,0.04,0,0.78,0.04,392.38,0,0.02,0,0.1,0.01,0,,0,15.53,0,0,0,0,0,0,12.43,
21,153,21153,2.89,0.02,0.08,0.01,1.41,0.07,641.82,0,0.28,0.06,1.39,0.15,0.0001,,0,,0,0,0,0,0,0.84,7.68,
21,154,21154,10.25,0,0.65,0.05,4.51,0.26,2272.74,0.02,0.72,0.16,3.6,0.39,0.0002,,0.01,,0,0,0,4.35,0.43,1.24,22.04,
21,155,21155,0.81,0,0.03,0,0.4,0.02,178.91,0,0.01,0,0.06,0.01,0,,0,,0,0,0,0,0,0,2.23,
21,156,21156,41.53,0,3.55,0.25,2.06,1.04,809.01,0.07,11.47,2.62,57.06,6.24,0.0033,,0,13.4,0,0,0,7.7,0.76,12.22,3.89,
21,157,21157,1.64,,0.09,0.01,0.08,0.04,364.32,0,0.07,0.02,0.33,0.04,0,,0,,0,0,0,0,0,0,3.36,
21,158,21158,1.07,,0.02,0,0.61,0.03,237.26,0,0.01,0,0.04,0,0,,0,,0,0,0,0,0,0,0,
21,159,21159,0.67,0,0.02,0,0.37,0.02,148.97,0,0.42,0.09,2.07,0.23,0.0001,,0,,0,0,0,0,0,0,3.56,
21,160,21160,0.47,0,0.01,0,0.24,0.01,104.88,0,0,0,0.02,0,0,,0,,0,0,0,0,0,0.46,2.12,
21,161,21161,2.72,,0.13,0.01,1.27,0.07,603.42,0,2.24,0.51,11.17,1.22,0.0006,,0,23.19,0,0,0,2.86,0.28,0,12.46,
21,162,21162,0.66,,0.02,0,0.3,0.02,145.37,0,0.02,0,0.09,0.01,0,,0,,0,0,0,0,0,0,0,
21,163,21163,2.37,,0.09,0.01,0.99,0.06,13.68,0,0.06,0.01,0.32,0.03,0,,0,114.82,0,0,0,0,0,0,4.52,
21,164,21164,10.69,,0.83,0.06,4.54,0.27,2370.77,0.02,0.54,0.12,2.68,0.29,0.0002,,0.01,,0,0,0,6.38,0.63,8.44,16.94,
21,165,21165,0.19,,0,0,0.08,0,42.89,0,0.06,0.01,0.31,0.03,0,,0,,0,0,0,0,0,0,1.64,
21,166,21166,1.19,,0.03,0,0.58,0.03,263.53,0,0.02,0,0.08,0.01,0,,0,,0,0,0,3.35,0.33,0,5.6,
21,167,21167,1.5,,0.01,0,0.67,0.04,333.32,0,0.01,0,0.03,0,0,,0,54.19,0,0,0,0,0,0,0,
21,168,21168,1,,0.04,0,0.46,0.03,221.1,0,0.01,0,0.06,0.01,0,,0,,0,0,0,0,0,0.11,12.03,
21,169,21169,3.05,,0.05,0,1.48,0.08,676.24,0.01,0.07,0.02,0.34,0.04,0,,0,,0,0,0,0,0,2.97,1.19,
21,170,21170,2.52,,0.01,0,1.17,0.06,558.27,0,0.03,0.01,0.16,0.02,0,,0,386.93,0,0,0,6.38,0.63,2.27,24.7,
21,171,21171,0.47,,0.01,0,0.23,0.01,105.06,0,0.12,0.03,0.61,0.07,0,,0,,0,0,0,0,0,0,1.92,
21,172,21172,3.89,,0.1,0.01,2.01,0.1,863.45,0.01,0.04,0.01,0.21,0.02,0,,0,651.07,0,0,0,0,0,0.04,0.15,
21,173,21173,0.88,,0.04,0,0.46,0.02,195.86,0,0.13,0.03,0.65,0.07,0,,0,,0,0,0,0,0,0.19,0,
21,174,21174,14.16,,1.19,0.08,7.34,0.36,3140.82,0.02,7.03,1.6,34.98,3.82,0.002,,0.02,3.09,0,0,0,0.66,0.06,0.37,0,
21,175,21175,1.54,,0.03,0,0.71,0.04,342.04,0,0.01,0,0.05,0,0,,0,126.01,0,0,0,0,0,0.14,3.39,
21,176,21176,1.3,0,0.02,0,0.69,0.03,289.26,0,0.01,0,0.04,0,0,,0,,0,0,0,0,0,0,9.12,
21,177,21177,7.1,,0.19,0.01,3.05,0.18,1573.73,0.01,0.56,0.13,2.79,0.31,0.0002,,0.01,9.35,0,0,0,4.98,0.49,0,19.78,
21,178,21178,2.67,,0.01,0,1.29,0.07,592.97,0,0.01,0,0.06,0.01,0,,0,,0,0,0,0,0,0,0,
21,179,21179,4.26,0,0.09,0.01,1.81,0.11,945.63,0.01,0.18,0.04,0.91,0.1,0.0001,,0,253.44,0,0,0,0,0,0,34.48,
21,180,21180,5.38,0,0.11,0.01,2.42,0.14,1194.3,0.01,0.1,0.02,0.52,0.06,0,,0.01,374.37,0,0,0,0,0,0,22.58,
21,181,21181,0.9,,0.03,0,0.43,0.02,3.37,0,0.02,0.01,0.12,0.01,0,,0,,0,0,0,0,0,0,4.52,
21,182,21182,0.74,,0.02,0,0.29,0.02,163.2,0,0.08,0.02,0.4,0.04,0,,0,,0,0,0,0,0,0,1.8,
21,183,21183,3.03,,0.01,0,1.34,0.08,671.09,0.01,0.01,0,0.03,0,0,,0,,0,0,0,0,0,0,0,
21,184,21184,0.96,,0,0,0.05,0.02,213.01,0,0,0,0.01,0,0,,0,,0,0,0,0,0,0,0,
21,185,21185,1.27,,0.02,0,0.63,0.03,282.2,0,0.02,0,0.09,0.01,0,,0,,0,0,0,0,0,0.02,10.7,
21,186,21186,7.5,0,0.17,0.01,3.63,0.19,1664.52,0.01,0.53,0.12,2.61,0.29,0.0001,,0.01,174.48,0,0,0,2.98,0.29,0.04,0,
21,187,21187,0.85,,0.01,0,0.42,0.02,187.95,0,0.01,0,0.04,0,0,,0,,0,0,0,0,0,0,0,
21,188,21188,2.38,,0.04,0,0.01,0.06,527.91,0,0.04,0.01,0.19,0.02,0,,0,81.88,0,0,0,0,0,0,6.78,
21,189,21189,2.9,,0.1,0.01,1.33,0.07,642.67,0,0.08,0.02,0.39,0.04,0,,0,,0,0,0,0,0,0,6.1,
21,190,21190,0.17,,0.01,0,0.11,0,38.44,0,0,0,0.02,0,0,,0,,0,0,0,0,0,0,0.64,
21,191,21191,1.36,,0.12,0.01,0.73,0.03,300.77,0,0.07,0.02,0.34,0.04,0,,0,,0,0,0,0,0,0,2.6,
21,192,21192,0.93,,0.01,0,0.46,0.02,206.76,0,0.02,0.01,0.11,0.01,0,,0,,0,0,0,0,0,0,0,
21,193,21193,0.92,0,0,0,0.47,0.02,203.27,0,0.07,0.02,0.35,0.04,0,,0,,0,0,0,0,0,0,5.87,
21,194,21194,4.21,,0.23,0.02,2.18,0.11,934.27,0.01,0.19,0.04,0.93,0.1,0.0001,,0.01,,0,0,0,0,0,0,1.26,
21,195,21195,3.25,,0.03,0,0.14,0.08,719.84,0.01,0.01,0,0.07,0.01,0,,0,,0,0,0,0,0,0,0,
21,196,21196,0.21,,0.02,0,0.13,0.01,47.06,0,0.01,0,0.04,0,0,,0,,0,0,0,0,0,0,0.41,
21,197,21197,11.37,,0.69,0.05,5.4,0.29,2522.47,0.02,0.63,0.14,3.12,0.34,0.0002,,0.01,,0,0,0,0,0,0.72,0,
21,198,21198,0.2,,0.01,0,0.09,0,43.56,0,0,0,0.01,0,0,,0,,0,0,0,0,0,0.01,0.99,
21,199,21199,5.5,,0.12,0.01,2.27,0.14,1220.57,0.01,0.39,0.09,1.94,0.21,0.0001,,0.01,242,0,0,0,0,0,0.01,0,
21,200,21200,0.62,,0.02,0,0.32,0.02,136.72,0,0.02,0,0.08,0.01,0,,0,,0,0,0,0,0,0,0,
21,201,21201,0.48,,0.01,0,0.25,0.01,107.35,0,0.01,0,0.03,0,0,,0,,0,0,0,0,0,0.32,2.25,
21,202,21202,1.87,,0.01,0,0.87,0.05,414.59,0,0.04,0.01,0.2,0.02,0,,0,23.19,0,0,0,0,0,0,0,
21,203,21203,0.86,,0.02,0,0.44,0.02,190.17,0,0.01,0,0.06,0.01,0,,0,,0,0,0,0,0,0,6.86,
21,204,21204,1.14,,0.02,0,0.52,0.03,252.48,0,0.07,0.01,0.33,0.04,0,,0,30.92,0,0,0,0,0,0,0,
21,205,21205,3.32,,0.1,0.01,1.46,0.08,736.93,0.01,0.18,0.04,0.9,0.1,0.0001,,0,,0,0,0,2.35,0.23,0.01,9.74,
21,206,21206,0.62,0,0.01,0,0.33,0.02,138.21,0,0.01,0,0.07,0.01,0,,0,,0,0,0,0,0,0,1.3,
21,207,21207,8.03,,0.31,0.02,3.67,0.2,1780.88,0.01,0.38,0.09,1.87,0.2,0.0001,,0.01,4.64,0,0,0,0,0,0.34,0,
21,208,21208,11.12,,0.52,0.04,0.54,0.28,2465.24,0.02,0.48,0.11,2.39,0.26,0.0001,,0,475.86,0,0,0,0,0,0.44,0.13,
21,209,21209,1.24,0,0.01,0,0.63,0.03,274.44,0,0.06,0.01,0.28,0.03,0,,0,,0,0,0,0,0,3.45,0.11,
21,210,21210,0.82,,0.01,0,0.4,0.02,182.79,0,0.03,0.01,0.13,0.01,0,,0,,0,0,0,0,0,0,0,
21,211,21211,2.3,,0.15,0.01,1.15,0.06,510.18,0,0.08,0.02,0.38,0.04,0,,0,12.07,0,0,0,3.49,0.34,0,0,
21,212,21212,2.96,,0.05,0,1.34,0.07,655.45,0,0.42,0.1,2.1,0.23,0.0001,,0,167.55,0,0,0,0,0,0,0,
21,213,21213,1.95,,0.01,0,0.88,0.05,431.64,0,0.01,0,0.07,0.01,0,,0,,0,0,0,0,0,0,0,
21,214,21214,2.32,,0.11,0.01,1.08,0.06,514.49,0,0.32,0.07,1.61,0.18,0.0001,,0,,0,0,0,2.43,0.24,0,2.2,
21,215,21215,0.7,,0.01,0,0.32,0.02,154.23,0,0.02,0.01,0.12,0.01,0,,0,,0,0,0,0,0,0,0,
21,216,21216,0.42,,0.01,0,0.22,0.01,92.67,0,0,0,0.02,0,0,,0,,0,0,0,0,0,0,0,
21,217,21217,2.97,,0.1,0.01,1.27,0.07,659.72,0,0.05,0.01,0.23,0.03,0,,0,,0,0,0,0,0,0,0,
22,1,22001,8.99,,0.03,0.01,4.04,0.11,1993.04,0.01,1.14,0.7,9.22,0.37,0.0003,,0.03,214.39,0,0,0,0,0,0.07,60.77,
22,2,22002,4.03,,0.03,0,1.76,0.05,894.02,0.01,0.01,0.01,0.08,0,0,,0.01,447.51,0,0,0,0,0,0,0,
22,3,22003,1.99,,0.02,0,1.03,0.02,441.03,0,0.01,0,0.06,0,0,,0.01,0.79,0,0,0,0,0,0,3.64,
22,4,22004,9.11,0,0.28,0.02,4.17,0.11,2019.41,0.02,0.52,0.32,4.18,0.17,0.0001,,0.03,292.28,0,0,0,0,0,7.42,26.8,
22,5,22005,8.22,0,0.1,0.01,3.37,0.1,1822.46,0.01,0.29,0.18,2.35,0.09,0.0001,,0.03,6.18,53.16,51.54,0,5.3,0.52,24.04,48.07,
22,6,22006,16.59,0,0.68,0.04,8.29,0.2,1396.25,0.03,3.42,2.1,27.65,1.1,0.001,,0.07,75.82,0,0,0,0,0,0.74,12.9,
22,7,22007,5.53,,0.41,0.02,2.51,0.07,1226,0.01,0.65,0.4,5.29,0.21,0.0002,,0.02,,0,0,0,0,0,6.48,10.58,
22,8,22008,5.21,0.23,0.04,0,2.16,0.06,2145.66,0.01,0.02,0.01,0.18,0.01,0,,0.02,355.47,0,0,0,0,0,0.09,27.59,
22,9,22009,3.51,,0.17,0.01,1.68,0.04,777.53,0.01,0.04,0.03,0.34,0.01,0,,0.01,264.63,0,0,0,0,0,0,2.78,
22,10,22010,3.01,,0.01,0,1.48,0.04,667.38,0.01,0,0,0,0,0,,0.01,34.78,0,0,0,0,0,0,3.82,
22,11,22011,12.69,0.68,0.4,0.02,5.64,0.15,2694.81,0.02,5.1,3.13,41.23,1.63,0.0015,,0.05,685.75,53.16,51.54,0,20.65,2.03,5.13,46.74,
22,12,22012,9,,0.38,0.02,4.05,0.11,1996.43,0.02,0.65,0.4,5.23,0.21,0.0002,,0.03,146.18,0,0,0,8.41,0.83,0.22,51.98,
22,13,22013,2.71,,0.02,0,1.23,0.03,600.38,0,0.01,0,0.04,0,0,,0.01,,0,0,0,0,0,0,3.68,
22,14,22014,116.85,0.23,12.46,0.69,58.66,1.41,3741.48,0.19,20.8,12.78,168.17,6.67,0.0059,,0.49,86.12,0,0,0,12.16,1.2,70.43,27.75,
22,15,22015,1.22,,0.04,0,0.57,0.01,269.5,0,0.01,0.01,0.09,0,0,,0,5.54,0,0,0,0,0,0,1.04,
22,16,22016,33.18,0,2.27,0.12,1.66,0.4,7359.12,0.06,13.94,8.56,112.74,4.47,0.004,,0.01,62.86,0,0,0,27.05,2.66,21.21,85.27,
22,17,22017,8.74,0.45,0.61,0.03,4.07,0.11,1939.1,0.01,0.89,0.55,7.23,0.29,0.0003,,0.03,113.72,0,0,0,8.12,0.8,0.04,21.18,
22,18,22018,3.81,0,0.06,0,1.56,0.05,845.94,0.01,0.11,0.07,0.88,0.03,0,,0.01,,0,0,0,0,0,4.33,1.91,
23,1,23001,11.65,,0.48,0,4.86,0,2583.86,0.02,0.34,0,0,0.11,0.0001,,0.14,,105.53,56.25,42.45,0,0,79.45,0,
23,2,23002,10.41,0,0.35,0,3.43,0,2307.79,0.02,0.19,0,0,0.06,0.0001,,0.1,1537.87,0,0,1.72,0,0,1,2.31,
23,3,23003,2.12,,0.33,0,0.87,0,149.04,0,0.03,0,0,0.01,0,,0.03,127.37,0,0,31.7,0,0,0,0,
23,4,23004,34.98,0.08,2.47,0,13.89,0,7758.06,0.06,1.41,0,0,0.45,0.0004,,0.4,6153.21,61.48,119.68,7.74,0,0,27.11,201.89,
23,5,23005,91.2,,12.39,0,37.67,0,1406.77,0.15,2.51,0,0,0.8,0.0007,,1.08,301.05,585.16,815.51,0,0,0,97.91,0,
23,6,23006,5.21,0,0.12,0,1.72,0,1156,0.01,0.1,0,0,0.03,0,,0.05,113.73,0,0,0.56,0,0,0.46,6.29,
23,7,23007,3.57,,0.08,0,1.28,0,791.96,0.01,0.06,0,0,0.02,0,,0.04,366.35,0,0,0,0,0,0.32,0.82,
23,8,23008,21.57,0.24,2.92,0,9.11,0,4783.84,0.04,0.35,0,0,0.11,0.0001,,0.26,74.22,0,0,0.04,0,0,10.56,0,
24,1,24001,2.77,0.04,0.05,0,0.87,0.03,615.24,0,0.04,0.07,0.33,0.01,0,,0.01,14.8,0,0,0,8.12,0.8,0,7.09,
24,2,24002,1.25,,0.01,0,0.45,0.02,276.45,0,0.01,0.01,0.06,0,0,,0,,0,0,0,3.54,0.35,0,6.27,
24,3,24003,7.17,0,0.03,0,2.26,0.09,1591.2,0.01,0.02,0.04,0.16,0,0,,0.03,3.86,0,0,0,0,0,0.12,11.59,
24,4,24004,0.72,0.07,0,0,0.28,0.01,159.07,0,0.01,0.02,0.09,0,0,,0,,0,0,0,0,0,0.45,9.04,
24,5,24005,2.83,,0.29,0.02,1.06,0.03,628.52,0,0.11,0.19,0.86,0.02,0,,0.01,,0,0,0,5.36,0.53,0.03,8.86,
24,6,24006,1.46,0.04,0.06,0,0.49,0.02,323.33,0,0.01,0.01,0.06,0,0,,0.01,,0,0,0,9.89,0.97,0,7.35,
24,7,24007,2.7,0,0.15,0.01,0.88,0.03,598.3,0,0.3,0.56,2.45,0.05,0.0001,,0.01,,0,0,0,5.02,0.49,0,18.13,
24,8,24008,3.25,0.04,0.28,0.02,1.26,0.04,721.04,0.01,0.16,0.28,1.26,0.03,0,,0.01,5.41,0,0,0,2.6,0.26,0,36.75,
24,9,24009,0.52,0.29,0,0,0.17,0.01,115.72,0,0,0.01,0.03,0,0,,0,1.55,0,0,0,0,0,0,2.67,
24,10,24010,4.75,0.04,0.18,0.01,1.58,0.06,1053.94,0.01,0.07,0.13,0.6,0.01,0,,0.02,1074.91,0,0,0,6.35,0.62,0,32.35,
24,11,24011,6.53,0.04,0.25,0.01,2.33,0.08,788.6,0.01,0.23,0.41,1.82,0.04,0.0001,,0.03,5.45,0,0,0,3.18,0.31,0,58.61,
24,12,24012,3.26,0.04,0.05,0,1.04,0.04,723.51,0.01,0.01,0.03,0.12,0,0,,0.01,,0,0,0,0,0,0.13,2.23,
24,13,24013,24.97,0.11,2.11,0.12,9.69,0.3,5537.43,0.04,1.66,3.04,13.41,0.29,0.0005,,0.11,65.02,0,0,0,11.32,1.11,3.53,149.27,
24,14,24014,2.71,,0.03,0,0.91,0.03,601.47,0,0.03,0.06,0.25,0.01,0,,0.01,,0,0,0,0,0,0,0,
24,15,24015,3.21,0.15,0.19,0.01,1.2,0.04,712.15,0.01,0.58,1.06,4.69,0.1,0.0002,,0.01,,0,0,0,11.97,1.18,13.7,36.39,
24,16,24016,6.09,0.81,0.39,0.02,2.27,0.07,1350.19,0.01,0.42,0.77,3.4,0.07,0.0001,,0.03,,0,0,0,6.51,0.64,0.24,292.58,
24,17,24017,3.96,0,0.03,0,1.33,0.05,878.77,0.01,0.06,0.11,0.48,0.01,0,,0.01,6.96,0,0,0,2.84,0.28,0.07,38.93,
24,18,24018,2.35,,0.01,0,0.78,0.03,521.34,0,0.05,0.1,0.43,0.01,0,,0.01,,0,0,0,0,0,0,0,
24,19,24019,0.9,,0.01,0,0.37,0.01,199.35,0,0,0,0.02,0,0,,0,178.66,0,0,0,0,0,0,8.06,
24,20,24020,13.17,0.11,1.26,0.07,4.64,0.16,2920.39,0.02,2.59,4.74,20.93,0.45,0.0007,,0.05,,0,0,0,1.95,0.19,0.63,46.09,
24,21,24021,7.72,0.15,0.02,0,2.38,0.09,1711.58,0.01,0.49,0.89,3.93,0.08,0.0001,,0.03,30.85,0,0,0,8.8,0.87,0,24.48,
24,22,24022,2.92,0.11,0.06,0,1,0.04,647.58,0,0.1,0.18,0.78,0.02,0,,0.01,,0,0,0,5.28,0.52,0,26.57,
24,23,24023,2.33,,0.07,0,0.89,0.03,515.97,0,0.05,0.09,0.38,0.01,0,,0.01,0.77,0,0,0,5.05,0.5,0,30.25,
24,24,24024,13.68,0,1.12,0.06,4.92,0.17,2527.27,0.02,0.44,0.81,3.59,0.08,0.0001,,0.05,211.24,0,0,0,13.54,1.33,0.59,56.94,
24,25,24025,4.3,0,0.27,0.02,1.41,0.05,952.62,0.01,0.26,0.48,2.14,0.05,0.0001,,0.02,,0,0,0,10.15,1,0.04,122.5,
24,26,24026,1.48,0.18,0.01,0,0.44,0.02,327.39,0,0.01,0.01,0.05,0,0,,0,,0,0,0,0,0,0,0,
24,27,24027,1.57,,0.13,0.01,0.06,0.02,348.96,0,0.05,0.1,0.42,0.01,0,,0,,0,0,0,0,0,0.01,1.76,
24,28,24028,116.34,0.15,11.82,0.65,43.48,1.4,2197.43,0.19,30.04,55,242.91,5.16,0.0085,,0.48,7.91,0,0,0,11.45,1.13,65.38,44.91,
24,29,24029,3.43,0.04,0.02,0,1.15,0.04,761.68,0.01,0.02,0.05,0.2,0,0,,0.01,,0,0,0,0,0,0,0.5,
24,30,24030,0.88,0,0.01,0,0.36,0.01,195.82,0,0,0.01,0.02,0,0,,0,,0,0,0,0,0,0,0.91,
24,31,24031,1.74,,0,0,0.53,0.02,385.14,0,0,0,0,0,0,,0.01,225.6,0,0,0,0,0,0,3.33,
24,32,24032,5.94,0.15,0.26,0.01,2,0.07,1316.41,0.01,0.15,0.27,1.19,0.03,0,,0.02,32.94,0,0,0,0,0,0.23,13.77,
24,33,24033,1.8,0.04,0.01,0,0.65,0.02,400.08,0,0,0,0.02,0,0,,0.01,,0,0,0,0,0,0,160.41,
24,34,24034,2.13,0.04,0.06,0,0.76,0.03,471.56,0,0.05,0.1,0.43,0.01,0,,0.01,,0,0,0,0,0,0.06,27.4,
24,35,24035,36.1,0,1.59,0.09,13.02,0.44,573.01,0.06,2.92,5.34,23.59,0.5,0.0008,,0.14,6.18,13.67,11.38,0,0,0,7.41,23.02,
24,36,24036,4.28,0.15,0.15,0.01,1.61,0.05,949.91,0.01,0.31,0.57,2.53,0.05,0.0001,,0.02,615.83,0,0,0,0,0,0,61.25,
24,37,24037,14.93,,0.42,0.02,4.79,0.18,3311.71,0.02,0.13,0.24,1.08,0.02,0,,0.05,,0,0,0,0,0,0.2,0.16,
24,38,24038,2.51,0.15,0.02,0,0.8,0.03,556.61,0,0.01,0.01,0.06,0,0,,0.01,,0,0,0,0,0,0,0,
24,39,24039,2.19,,0.03,0,0.71,0.03,485.75,0,0.02,0.04,0.16,0,0,,0.01,,0,0,0,0,0,0,1.61,
24,40,24040,5.64,0.04,0.32,0.02,2.06,0.07,1251.31,0.01,0.55,1,4.43,0.09,0.0002,,0.02,102.91,0,0,0,17,1.67,2.77,129.3,
24,41,24041,3.03,0,0.02,0,0.94,0.04,672.93,0.01,0.04,0.07,0.29,0.01,0,,0.01,100.48,0,0,0,0,0,0,5.63,
24,42,24042,2.13,0.04,0.13,0.01,0.73,0.03,472.66,0,0.13,0.24,1.04,0.02,0,,0.01,,0,0,0,0,0,0.04,0.18,
24,43,24043,1.43,,0.05,0,0.5,0.02,317.65,0,0.03,0.06,0.26,0.01,0,,0.01,17.37,0,0,0,0,0,0.07,3.83,
24,44,24044,1.13,0.04,0.04,0,0.37,0.01,250.57,0,0.06,0.1,0.45,0.01,0,,0,,0,0,0,21.47,2.11,0,31.86,
24,45,24045,2.22,0.15,0.08,0,0.81,0.03,492.39,0,0.14,0.25,1.11,0.02,0,,0.01,,0,0,0,14.65,1.44,0,42.99,
24,46,24046,2.38,,0.06,0,0.77,0.03,527.83,0,0.18,0.32,1.43,0.03,0.0001,,0.01,,0,0,0,0,0,0,139.08,
24,47,24047,1.47,0.26,0.01,0,0.51,0.02,326.12,0,0,0,0.01,0,0,,0.01,4.64,0,0,0,0,0,0,75.16,
24,48,24048,0.79,0.33,0.03,0,0.26,0.01,175.34,0,0.04,0.06,0.29,0.01,0,,0,,0,0,0,0,0,19.96,3.38,
24,49,24049,5.49,,0.17,0.01,1.88,0.07,1218.48,0.01,0.13,0.23,1.02,0.02,0,,0.02,,0,0,0,0,0,0,378.6,
24,50,24050,6.69,0,0.18,0.01,2.05,0.08,1483.04,0.01,0.51,0.94,4.14,0.09,0.0001,,0.02,8.84,0,0,0,11.97,1.18,0.35,35.24,
24,51,24051,2.22,0.04,0.07,0,0.8,0.03,493.03,0,0.03,0.05,0.21,0,0,,0.01,39.56,0,0,0,9.76,0.96,0,19.98,
24,52,24052,1.56,0,0.04,0,0.62,0.02,345.08,0,0.03,0.06,0.27,0.01,0,,0.01,,0,0,0,3.93,0.39,0,26.06,
24,53,24053,5.21,0.18,0.12,0.01,1.68,0.06,1155.12,0.01,0.05,0.1,0.43,0.01,0,,0.02,,0,0,0,0,0,0,1.38,
24,54,24054,7.97,,0.1,0.01,2.51,0.1,1767.36,0.01,0.03,0.06,0.27,0.01,0,,0.03,,0,0,0,0,0,0,0,
24,55,24055,3.57,0.11,0.05,0,1.02,0.04,791.65,0.01,0.08,0.15,0.68,0.01,0,,0.01,,0,0,0,0,0,28.18,2.82,
24,56,24056,2.24,,0.07,0,0.72,0.03,497.23,0,0.02,0.04,0.2,0,0,,0.01,,0,0,0,0,0,0,14,
24,57,24057,4.7,,0.09,0,1.43,0.06,1043.1,0.01,0.1,0.18,0.8,0.02,0,,0.02,,0,0,0,0,0,0,0,
24,58,24058,2.94,0.04,0.14,0.01,1.1,0.04,651.46,0,0.36,0.66,2.91,0.06,0.0001,,0.01,151.05,0,0,0,0,0,0,52.96,
25,1,25001,61.81,,5.47,0,18.56,0,13709.3,0.1,5.61,5.58,0,2.85,0.0016,,4.38,,183.63,159.66,37.85,9.13,0.9,17.3,1389.59,
25,2,25002,6.76,0,0.32,0,0.21,0,1498.39,0.01,0.22,0.21,0,0.11,0.0001,,0.01,,0,0,0,0,0,0,0,
25,3,25003,5.14,0.03,0.06,0,1.38,0,1140.08,0.01,0.05,0.05,0,0.03,0,,0.04,610.1,0,0,0,0,0,0.02,0,
25,4,25004,4.3,0.03,0.08,0,1.29,0,953.19,0.01,0.08,0.08,0,0.04,0,,0,291.28,0,0,0,0,0,0.87,0,
25,5,25005,2.84,,0.08,0,0.69,0,628.83,0,0.06,0.06,0,0.03,0,,0,,0,0,0,0,0,0,0,
25,6,25006,126.34,0.24,12.49,0,36.9,0,28020.22,0.21,8.27,8.22,0,4.2,0.0024,,5.85,,498.41,434.94,0,35.29,3.47,55.34,1208.51,
25,7,25007,5.06,,0.09,0,1.4,0,1121.3,0.01,0.04,0.04,0,0.02,0,,0,494.45,0,0,0,14.94,1.47,0,0,
25,8,25008,7.4,0,0.28,0,2.08,0,1640.2,0.01,0.09,0.09,0,0.05,0,,0,,0,0,0,10.78,1.06,0.57,335.6,
25,9,25009,7.9,,0.43,0,2.29,0,1752.92,0.01,0.22,0.22,0,0.11,0.0001,,0,,0,0,0,15.67,1.54,0,0,
25,10,25010,14.74,0.07,0.38,0,4.18,0,3268.43,0.02,0.39,0.39,0,0.2,0.0001,,0,,0,0,0,39.99,3.93,3.45,0,
25,11,25011,43.02,0,2.64,0,12.32,0,9540.71,0.07,1.22,1.21,0,0.62,0.0003,,0,,0,0,0,0,0,1.77,948.72,
25,12,25012,64.29,0.28,7.04,0,20.42,0,14258.04,0.11,5.94,5.9,0,3.02,0.0017,,3.55,,186.46,192.07,50.4,20.24,1.99,15.05,621.71,
25,13,25013,7.04,0,0.14,0,0.21,0,1560.95,0.01,0.05,0.05,0,0.03,0,,0.01,,0,0,0,8.22,0.81,18.33,0,
25,14,25014,7.54,0.14,0.28,0,0.02,0,1673.1,0.01,0.25,0.25,0,0.13,0.0001,,0,284.37,0,0,0,12.18,1.2,0.64,0,
25,15,25015,12.18,0.17,1.41,0,3.67,0,2701.91,0.02,0.47,0.46,0,0.24,0.0001,,0,,0,0,0,13.42,1.32,2.62,920.77,
25,16,25016,3.72,0.14,0.07,0,1.07,0,824.48,0.01,0.03,0.03,0,0.02,0,,0,833.35,0,0,0,8.09,0.8,0,0,
25,17,25017,13.53,0.14,0.17,0,3.65,0,3001.27,0.02,0.11,0.11,0,0.06,0,,0,191.96,0,0,0,12.51,1.23,0.02,0,
25,18,25018,21.6,,0.77,0,6.15,0,4789.8,0.04,0.8,0.8,0,0.41,0.0002,,0.45,,0,0,0,4.37,0.43,1.7,0,
26,1,26001,0.39,0.05,0.02,0.05,0.15,0,86.56,0,0.04,0.05,0.07,0.01,0,,0,,0,0,0,0,0,0,0,
26,2,26002,11.19,0.1,0.93,3.02,4.29,0.09,2481.83,0.02,3.09,3.68,5.41,1.08,0.0009,99.02228108,0,288.35,0,0,0,7.23,0.71,0.52,14.15,
26,3,26003,3.9,0.35,0.1,0.34,1.44,0.03,864.65,0.01,0.07,0.08,0.12,0.02,0,,0,128.85,0,0,0,0,0,0,0,
26,4,26004,1.33,0.15,0.14,0.44,0.5,0.01,295.02,0,0.06,0.07,0.1,0.02,0,,0,,0,0,0,0,0,0,0,
26,5,26005,0.2,0.1,0,0.01,0.09,0,45.19,0,0,0,0,0,0,,0,,0,0,0,0,0,0,0,
26,6,26006,0.47,,0.02,0.06,0.21,0,104.46,0,0,0,0,0,0,,0,165.8,0,0,0,0,0,0,0,
26,7,26007,0.12,,0,0.01,0.05,0,25.91,0,0,0,0,0,0,,0,,0,0,0,0,0,0,0,
26,8,26008,0.2,,0.01,0.02,0.08,0,44.62,0,0,0,0,0,0,,0,26.9,0,0,0,0,0,0,0,
26,9,26009,0.12,,0,0.01,0.06,0,27.08,0,0,0,0,0,0,,0,,0,0,0,0,0,0,0,
26,10,26010,0.21,,0.01,0.03,0.09,0,47.52,0,0.01,0.01,0.01,0,0,,0,,0,0,0,0,0,0,0,
26,11,26011,0.23,,0.01,0.03,0.11,0,51.4,0,0,0,0,0,0,,0,15.64,0,0,0,0,0,0,0,
26,12,26012,3.33,0,0.05,0.17,1.26,0.03,737.53,0.01,0.13,0.15,0.22,0.04,0,,0,,0,0,0,0,0,0,0,
26,13,26013,0.23,,0.01,0.04,0.1,0,51.68,0,0.04,0.04,0.06,0.01,0,,0,,0,0,0,0,0,0,0,
26,14,26014,0.54,,0.02,0.06,0.23,0,120.17,0,0.16,0.19,0.28,0.06,0,,0,,0,0,0,0,0,0.12,0,
26,15,26015,0.2,,0.01,0.02,0.09,0,44.59,0,0,0,0,0,0,,0,,0,0,0,0,0,0,0,
26,16,26016,0.84,0,0.04,0.13,0.35,0.01,186.57,0,0.06,0.07,0.11,0.02,0,,0,,0,0,0,81.09,7.98,0,0,
26,17,26017,11.16,0,1.08,3.51,4.35,0.09,2475.13,0.02,0.61,0.73,1.07,0.21,0.0002,,0,,0,0,0.24,18.1,1.78,24.18,262.37,
26,18,26018,59.82,0,5.56,18.09,23.61,0.48,13266.48,0.1,9.62,11.47,16.86,3.36,0.0027,,0,,8.66,17.93,0,8.56,0.84,15.77,914.83,
26,19,26019,5.12,,0.38,1.24,2.11,0.04,1135.21,0.01,0.44,0.53,0.78,0.16,0.0001,,0,23.74,0,0,0,7.9,0.78,39.98,0,
26,20,26020,0.74,,0.02,0.08,0.27,0.01,163.94,0,0.02,0.02,0.03,0.01,0,,0,,0,0,0,8.63,0.85,0.01,0,
26,21,26021,0.28,0,0,0.01,0.13,0,61.92,0,0,0,0,0,0,,0,,0,0,0,8.11,0.8,1.78,0,
26,22,26022,0.13,0,0,0.01,0.06,0,28.17,0,0,0,0,0,0,,0,,0,0,0,0,0,0,0,
26,23,26023,0.92,0.35,0.02,0.07,0.39,0.01,203.9,0,0.14,0.16,0.24,0.05,0,,0,,0,0,0,0,0,0,0,
26,24,26024,0.11,0,0,0.01,0.05,0,24.04,0,0,0,0,0,0,,0,,0,0,0,0,0,0,0,
26,25,26025,8.06,,0.38,1.24,0.31,0.06,689.74,0.01,4.86,5.79,8.52,1.7,0.0014,,0,,0,0,0,7.38,0.73,0.49,0,
26,26,26026,8.87,0,0.18,0.6,3.04,0.07,1966.21,0.01,0.1,0.12,0.18,0.04,0,,0,,0,0,0,0,0,0,0,
26,27,26027,1.19,,0.05,0.15,0.48,0.01,263.71,0,0.02,0.03,0.04,0.01,0,,0,719.5,0,0,0,12.32,1.21,0,0,
26,28,26028,0.15,,0.01,0.04,0.06,0,33.11,0,0.03,0.04,0.05,0.01,0,,0,,0,0,0,0,0,0,0,
26,29,26029,21.35,0,1.93,6.27,8.21,0.17,1257.11,0.04,2.64,3.14,4.61,0.92,0.0007,,0,,1.29,1.59,22.47,20,1.97,2.52,54.66,
26,30,26030,111.71,0.05,10.62,34.55,43.69,0.89,24776.26,0.19,12.59,15,22.05,4.39,0.0036,,9.31,,412.48,386.63,0,10.46,1.03,85.21,323.24,
26,31,26031,0.19,,0.01,0.02,0.08,0,43.17,0,0,0,0,0,0,,0,,0,0,0,0,0,0,0,
26,32,26032,0.14,,0.01,0.04,0.06,0,30.54,0,0.01,0.01,0.01,0,0,,0,,0,0,0,0,0,0,0,
26,33,26033,11.86,,0.61,1.98,4.28,0.09,2631.16,0.02,1.22,1.45,2.13,0.43,0.0003,,0,,0,0,0,10.18,1,0.33,0,
26,34,26034,0.16,,0,0.01,0.07,0,36.43,0,0,0,0,0,0,,0,,0,0,0,0,0,0,0,
26,35,26035,1.68,0.8,0.08,0.25,0.64,0.01,372.12,0,0.31,0.37,0.55,0.11,0.0001,,0,2045.5,0,0,0,6.38,0.63,0.13,0,
26,36,26036,4.06,0.5,0.32,1.03,1.58,0.03,900.2,0.01,1.55,1.84,2.71,0.54,0.0004,,0,,0,0,0,4.42,0.43,0.08,41.79,
26,37,26037,0.22,0,0.01,0.04,0.1,0,48.12,0,0.01,0.01,0.01,0,0,,0,,0,0,0,0,0,0,18.33,
26,38,26038,0.69,,0.06,0.19,0.03,0.01,152.58,0,0.19,0.23,0.33,0.07,0.0001,,0,18.88,0,0,0,0,0,0.03,23.24,
26,39,26039,0.96,,0.08,0.27,0.38,0.01,212.16,0,0.09,0.11,0.15,0.03,0,0.802517392,0,,0,0,0,8.26,0.81,0,0,
26,40,26040,0.28,0,0.01,0.03,0.12,0,61.53,0,0.02,0.03,0.04,0.01,0,,0,5.93,0,0,0,0,0,0,0,
26,41,26041,1.9,,0.09,0.29,0.73,0.02,422.25,0,0.62,0.73,1.08,0.21,0.0002,,0,11.08,0,0,0,4.6,0.45,44.73,0,
26,42,26042,23.02,0.05,1.84,5.98,8.41,0.18,5104.59,0.04,2.78,3.32,4.88,0.97,0.0008,,0,,0,0,0,18.7,1.84,5.27,480.42,
26,43,26043,30.8,0.05,2.19,7.13,11.65,0.24,6831.53,0.05,13.79,16.43,24.15,4.81,0.0039,116.0925282,0,1468.84,24.25,18.93,0,10.9,1.07,3.82,0,
26,44,26044,0.06,,0,0.01,0.03,0,13.84,0,0,0,0,0,0,,0,,0,0,0,0,0,0,0,
26,45,26045,0.42,,0.02,0.05,0.18,0,92.99,0,0.03,0.04,0.06,0.01,0,,0,,0,0,0,5.35,0.53,0,0,
26,46,26046,0.07,,0,0.01,0.03,0,14.44,0,0,0,0,0,0,,0,,0,0,0,0,0,0,0,
26,47,26047,1.45,0.05,0.06,0.21,0.58,0.01,321.85,0,0.12,0.14,0.2,0.04,0,,0,,0,0,0,7.36,0.72,0,0,
26,48,26048,7.14,,0.83,2.7,2.7,0.06,1584.18,0.01,0.4,0.48,0.7,0.14,0.0001,,0,,0,0,8.15,25.07,2.47,4.51,0,
26,49,26049,0.49,0.05,0,0.02,0.2,0,107.64,0,0,0,0.01,0,0,,0,,0,0,0,0,0,0,0,
26,50,26050,0.25,,0.01,0.04,0.11,0,54.47,0,0.01,0.01,0.02,0,0,,0,,0,0,0,0,0,0.08,0,
26,51,26051,0.82,0,0.03,0.09,0.34,0.01,182.33,0,0.02,0.02,0.03,0.01,0,,0,,0,0,0,0,0,0,0,
26,52,26052,0.92,0.15,0.03,0.09,0.39,0.01,204.47,0,0.02,0.02,0.03,0.01,0,,0,3.16,0,0,0,0,0,0,4.94,
26,53,26053,0.05,,0,0.01,0.02,0,11.01,0,0,0,0,0,0,,0,,0,0,0,0,0,0,0,
26,54,26054,0.04,,0,0,0.02,0,8.54,0,0,0,0,0,0,,0,,0,0,0,0,0,0.05,0,
26,55,26055,25,0,2.23,7.24,9.76,0.2,5545.09,0.04,7.12,8.48,12.47,2.48,0.002,293.1806284,0,,0,0,0,24.23,2.38,1.73,0,
26,56,26056,0.96,0,0.03,0.11,0.31,0.01,213.08,0,0.01,0.01,0.02,0,0,,0,,0,0,0,3.17,0.31,0,0,
26,57,26057,0.23,,0.01,0.02,0.12,0,50.45,0,0.01,0.01,0.01,0,0,,0,,0,0,0,0,0,0,0,
26,58,26058,2.33,,0.18,0.59,0.9,0.02,516.75,0,0.65,0.78,1.15,0.23,0.0002,,0,,0,0,0,5.26,0.52,0.02,0,
26,59,26059,0.28,,0.01,0.02,0.11,0,63.05,0,0,0,0,0,0,,0,,0,0,0,10.16,1,0,0,
26,60,26060,0.4,0.1,0,0.02,0.15,0,87.76,0,0,0,0,0,0,0.096333467,0,,0,0,0,0,0,0,0,
26,61,26061,0.19,0.45,0,0,0.09,0,42.68,0,0,0,0,0,0,,0,,0,0,0,0,0,0.01,0,
26,62,26062,0.18,0,0.01,0.02,0.07,0,38.9,0,0,0,0,0,0,,0,,0,0,0,0,0,0,0,
26,63,26063,0.19,,0.01,0.02,0.09,0,41.8,0,0,0,0,0,0,,0,,0,0,0,0,0,0,0,
26,64,26064,0.27,,0.01,0.03,0.11,0,58.95,0,0,0,0,0,0,,0,,0,0,0,10.57,1.04,0.59,0,
26,65,26065,0.28,,0,0.01,0.11,0,61.81,0,0,0,0,0,0,,0,,0,0,0,0,0,0,0,
26,66,26066,1.34,0,0.05,0.17,0.59,0.01,297.24,0,0.09,0.11,0.17,0.03,0,,0,,0,0,0,0,0,0,49.33,
26,67,26067,0.25,0,0.01,0.02,0.11,0,55.25,0,0,0,0,0,0,,0,,0,0,0,0,0,0,0,
26,68,26068,0.22,0,0,0.01,0.1,0,48.5,0,0,0,0.01,0,0,,0,,0,0,0,0,0,0,0,
26,69,26069,0.97,0.05,0.02,0.07,0.38,0.01,214.95,0,0.04,0.05,0.07,0.01,0,,0,12.66,0,0,0,0,0,0,0,
26,70,26070,1.98,0.05,0.21,0.67,0.73,0.02,438.31,0,0.21,0.25,0.36,0.07,0.0001,,0,,0,0,0,0,0,0,0,
26,71,26071,3.25,0.05,0.17,0.55,1.22,0.03,721.82,0.01,0.13,0.15,0.22,0.04,0,2.087263287,0,,0,0,0,0,0,0.04,0,
26,72,26072,2.11,0,0.05,0.16,0.77,0.02,467.54,0,0.02,0.03,0.04,0.01,0,,0,,0,0,0,0,0,0,0,
27,1,27001,8.44,,0.14,0,3.01,0,1872.35,0.01,0.12,0.14,0.7,0.01,0,,0.01,,0,0,6.17,10.2,1,0.18,143.81,
27,2,27002,34.95,0,2.12,0,11.37,0,7751,0.06,1.77,2.11,10.8,0.21,0.0005,,0.05,,0,0,0,0,0,13.41,175.07,
27,3,27003,14.76,,0.49,0,4.74,0,3274.43,0.02,0.21,0.25,1.28,0.02,0.0001,,0.02,65.64,0,0,0,0,0,0.01,5.35,
27,4,27004,88.9,0.44,9.02,0,32.48,0,8904.1,0.15,5.46,6.5,33.31,0.64,0.0016,,0.16,,39.87,46.78,0,0,0,122.24,20.64,
27,5,27005,27.66,0,1.1,0,9.03,0,6134.53,0.05,0.53,0.63,3.22,0.06,0.0002,,0.04,,0,0,0,0,0,4.01,12.39,
27,6,27006,17.83,,0.32,0,5.94,0,3955.09,0.03,0.2,0.24,1.22,0.02,0.0001,,0.03,,0,0,0,0,0,0.64,9.08,
27,7,27007,4.23,0.04,0.38,0,1.54,0,938.18,0.01,0.17,0.2,1.01,0.02,0,,0.01,,0,0,0,1.25,0.12,0.28,58.7,
27,8,27008,26.02,0.04,0.67,0,8.2,0,5770.53,0.04,0.64,0.76,3.91,0.08,0.0002,,0.04,13382.22,0,0,0,17.36,1.71,12.71,91.59,
27,9,27009,5.35,,0.08,0,1.86,0,1186,0.01,0.04,0.05,0.27,0.01,0,,0.01,,0,0,0,0,0,12.43,4.46,
27,10,27010,11.61,,0.25,0,3.66,0,2575.95,0.02,0.16,0.19,1,0.02,0,,0.02,,0,0,0,0,0,0.01,0.56,
27,11,27011,4.52,,0.08,0,1.51,0,1002.68,0.01,0.03,0.04,0.18,0,0,,0.01,,0,0,0,0,0,1.92,17.27,
27,12,27012,22.75,0,0.78,0,0.75,0,5046.56,0.04,0.92,1.09,5.61,0.11,0.0003,,0,,0,0,0,6.18,0.61,6.13,5.79,
27,13,27013,13.71,,0.3,0,4.52,0,3500.73,0.02,0.12,0.15,0.75,0.01,0,,0.02,,0,0,0,0,0,0.32,3.49,
27,14,27014,12.5,,0.4,0,4.19,0,2771.87,0.02,0.31,0.37,1.92,0.04,0.0001,,0.02,,0,0,272.13,0,0,2.86,1.35,
27,15,27015,6.82,,0.13,0,2.1,0,1512.09,0.01,0.07,0.08,0.4,0.01,0,,0.01,,0,0,0,5.04,0.5,38.58,7.41,
27,16,27016,7.84,,0.37,0,2.65,0,1739.05,0.01,0.27,0.32,1.63,0.03,0.0001,,0.01,,0,0,0,3.58,0.35,46.6,57.08,
27,17,27017,8.85,0.08,0.5,0,3.16,0,1962.82,0.01,0.32,0.38,1.96,0.04,0.0001,,0.02,188.54,0,0,0,7.89,0.78,1.67,22.66,
28,1,28001,1.89,,0.05,0,0.94,0.33,418.75,0,0.05,0.01,0.38,0.01,0,,0,,0,0,0,0,0,0,163.55,
28,2,28002,4.41,,0.19,0,2.28,0.77,977.02,0.01,0.15,0.03,1.12,0.02,0,,0.02,430.02,0,0,0,0,0,22.93,103.94,
28,3,28003,25.89,0,1.27,0,1.31,4.54,1660.72,0.04,4.3,0.88,31.67,0.5,0.0012,,0,,0,0,11.28,14.66,1.44,12.3,366.9,
28,4,28004,1.36,0,0.03,0,0.73,0.24,302.22,0,0.04,0.01,0.26,0,0,,0.02,23.55,0,0,0,0,0,8.11,29.92,
28,5,28005,0.76,,0.02,0,0.43,0.13,168.81,0,0.04,0.01,0.33,0.01,0,,0.02,,0,0,0,0,0,0,30.57,
28,6,28006,1.16,,0.01,0,0.51,0.2,256.82,0,0.01,0,0.04,0,0,,0,11.59,0,0,0,0,0,0,46.86,
28,7,28007,2.8,,0.15,0,1.59,0.49,620.86,0,0.74,0.15,5.47,0.09,0.0002,7.911661658,0,,0,0,0,11.04,1.09,8.01,55.82,
28,8,28008,0.66,0.53,0.01,0,0.33,0.12,145.55,0,0,0,0,0,0,,0,379.17,0,0,0,5.06,0.5,0,144.56,
28,9,28009,30.73,,2.02,0,16.81,5.39,6814.87,0.05,3.84,0.78,28.29,0.45,0.0011,,0,,0,0,0,0,0,33.1,0,
28,10,28010,0.36,,0.01,0,0.21,0.06,80.06,0,0,0,0.01,0,0,,0.02,,0,0,0,0,0,0.04,15.33,
28,11,28011,1.35,0.18,0.03,0,0.71,0.24,298.8,0,0.04,0.01,0.27,0,0,,0.02,,0,0,0,0,0,0,59.68,
28,12,28012,6.52,0,0.4,0,3.27,1.14,1445.47,0.01,0.39,0.08,2.84,0.05,0.0001,,0.02,,0,0,0,17.05,1.68,0.23,655.17,
28,13,28013,2.3,,0.02,0,0.11,0.4,509.2,0,0.05,0.01,0.38,0.01,0,,0.02,,0,0,0,1.14,0.11,0,125.19,
28,14,28014,0.61,0,0.04,0,0.36,0.11,136.3,0,0.04,0.01,0.33,0.01,0,,0.02,,0,0,0,0,0,0,1.82,
28,15,28015,2.39,,0.17,0,1.33,0.42,530.52,0,0.4,0.08,2.95,0.05,0.0001,,0.02,,0,0,0,4.16,0.41,0,53.6,
28,16,28016,3.72,0,0.11,0,1.95,0.65,824.55,0.01,0.24,0.05,1.76,0.03,0.0001,,0,,0,0,0,10.6,1.04,0,122.08,
28,17,28017,2.23,0.18,0.08,0,1.08,0.39,494.97,0,0.12,0.02,0.88,0.01,0,,0,53.37,0,0,0,0,0,0,27.45,
28,18,28018,1.31,,0.07,0,0.67,0.23,290.54,0,0.1,0.02,0.72,0.01,0,,0,,0,0,0,0,0,0,56.7,
28,19,28019,2.76,0,0.06,0,1.52,0.48,611.32,0,0.03,0.01,0.25,0,0,,0,243.44,0,0,0,9.73,0.96,3.11,72.36,
28,20,28020,0.39,,0,0,0.22,0.07,87.02,0,0,0,0.01,0,0,,0.02,,0,0,0,0,0,0,17.46,
28,21,28021,17.84,0,1.62,0,9.76,3.13,3955.97,0.03,1.47,0.3,10.84,0.17,0.0004,,0.28,,0,0,0,13.79,1.36,40.5,333.14,
28,22,28022,73.56,0.09,5.47,0,37.68,12.91,2258.89,0.12,29.57,6.04,217.7,3.46,0.0084,135.1882282,0.54,,8.65,9.26,0,10.77,1.06,84.53,689.97,
28,23,28023,0.76,,0.02,0,0.04,0.13,168.92,0,0,0,0.01,0,0,,0.02,,0,0,0,0,0,0,265.03,
28,24,28024,1.04,,0.09,0,0.59,0.18,230.84,0,0.07,0.01,0.53,0.01,0,14.42700727,0.02,,0,0,0,0,0,0,7.35,
28,25,28025,3.82,,0.46,0,2.05,0.67,847.95,0.01,0.22,0.05,1.65,0.03,0.0001,,0.24,,0,0,0,0,0,47.26,25.4,
28,26,28026,0.54,,0.01,0,0.27,0.09,119.67,0,0.01,0,0.04,0,0,,0,15,0,0,0,0,0,0,21.41,
28,27,28027,56.64,0.09,4.75,0,27.84,9.94,199.5,0.09,10.83,2.21,79.73,1.27,0.0031,184.0331784,0.5,,40.55,24.43,0,6.37,0.63,32.91,4.95,
28,28,28028,0.49,,0.01,0,0.25,0.09,107.71,0,0.01,0,0.04,0,0,,0,,0,0,0,0,0,0,18.66,
28,29,28029,1.99,0,0.06,0,1.08,0.35,440.46,0,0.03,0.01,0.25,0,0,,0.02,3.09,0,0,0,0,0,0,64.82,
28,30,28030,2.01,0.09,0.08,0,1.02,0.35,445.12,0,0.03,0.01,0.22,0,0,,0,,0,0,0,0,0,0,86.64,
28,31,28031,0.26,,0.01,0,0.15,0.04,56.59,0,0,0,0.03,0,0,,0,27.24,0,0,0,0,0,0,5.66,
28,32,28032,83.86,0,6.49,0,42.29,14.71,1298.63,0.14,39.6,8.09,291.58,4.63,0.0113,332.4441704,1.75,,58.89,11.9,0,11.82,1.16,51.65,428.32,
28,33,28033,17.01,,1.44,0,8.54,2.98,970.84,0.03,1.82,0.37,13.4,0.21,0.0005,19.10870323,0.64,,0,0,0,6.2,0.61,6.03,760.49,
28,34,28034,1.47,,0.01,0,0.8,0.26,326.93,0,0,0,0.02,0,0,,0,53.33,0,0,0,0,0,0,102.95,
28,35,28035,9.19,,0.42,0,4.66,1.61,2038.9,0.02,0.55,0.11,4.02,0.06,0.0002,,0,,0,0,0,0,0,0.11,955.3,
28,36,28036,0.17,,0,0,0.08,0.03,36.86,0,0,0,0,0,0,,0.21,,0,0,0,0,0,0,0,
28,37,28037,3.63,,0.16,0,1.85,0.64,805.8,0.01,0.04,0.01,0.31,0,0,,0,94.69,0,0,0,0,0,0,92.24,
28,38,28038,48.38,0.09,6.98,0,26.22,8.49,19.87,0.08,3.4,0.69,25.05,0.4,0.001,,0.14,,200.1,179.05,37.59,5.3,0.52,33.9,0,
28,39,28039,4.09,,0.17,0,1.81,0.72,906.8,0.01,0.05,0.01,0.38,0.01,0,,0,0.39,0,0,0,0,0,0.01,86.72,
28,40,28040,9.9,0.18,0.93,0,0.51,1.74,2195.53,0.02,3.38,0.69,24.91,0.4,0.001,,0,,0,0,0,0,0,0.99,285.73,
28,41,28041,46.64,,3.95,0,23.52,8.18,10345.03,0.08,4.81,0.98,35.42,0.56,0.0014,,0.21,19.32,13.61,14.79,0,11.65,1.15,52.85,64.78,
28,42,28042,1.03,,0.01,0,0.57,0.18,227.94,0,0.01,0,0.04,0,0,,0,,0,0,0,10.02,0.99,0,45,
28,43,28043,3.48,0,0.14,0,1.9,0.61,772.3,0.01,0.42,0.09,3.12,0.05,0.0001,,0,,0,0,0,11.28,1.11,0.1,91.77,
29,1,29001,1.25,,0.12,0.01,0.6,0.03,38.77,0,0.08,0,0.4,0.04,0,,0,,0,0,0,0,0,0.04,3.14,
29,2,29002,1.95,,0.07,0,0.98,0.05,148.7,0,0.55,0,2.72,0.25,0.0002,,0,,0,0,0,0,0,0.71,4.07,
29,3,29003,0.87,,0.03,0,0.42,0.02,193.7,0,0.01,0,0.04,0,0,,0,,0,0,0,1.59,0.16,2.67,22.65,
29,4,29004,2.28,,0.03,0,1.03,0.06,505.98,0,0.05,0,0.25,0.02,0,,0,7.1,0,0,0,0,0,0,29.51,
29,5,29005,11.63,0,1.67,0.12,5.98,0.29,148.01,0.02,1,0,4.99,0.45,0.0003,,0.02,,0,0,0,1.47,0.15,0.8,16.56,
29,6,29006,6.49,,0.42,0.03,3.12,0.16,1439.97,0.01,0.73,0,3.65,0.33,0.0002,,0.01,73.8,0,0,0,5.47,0.54,0.92,59.09,
29,7,29007,2.22,,0.09,0.01,0.98,0.06,491.62,0,0.09,0,0.47,0.04,0,,0,,0,0,0,1.63,0.16,0,4.24,
29,8,29008,2.01,,0.06,0,0.91,0.05,444.84,0,0.12,0,0.61,0.05,0,,0,,0,0,0,3.22,0.32,0,35.28,
29,9,29009,0.69,,0.01,0,0.33,0.02,148.01,0,0,0,0.02,0,0,,0,,0,0,0,0,0,0.15,5.5,
29,10,29010,10.08,,0.93,0.07,4.62,0.25,305.03,0.02,1.91,0,9.52,0.87,0.0005,,0.02,29.13,0,0,0,0.45,0.04,0.46,15.17,
29,11,29011,0.64,,0.01,0,0.29,0.02,141.56,0,0.02,0,0.09,0.01,0,,0,,0,0,0,3.92,0.39,0,19.09,
29,12,29012,1.28,0,0.01,0,0.6,0.03,283.09,0,0.02,0,0.1,0.01,0,,0,17.41,0,0,0,3.86,0.38,1.4,26.31,
29,13,29013,12.27,,0.67,0.05,5.34,0.31,2720.93,0.02,2.28,0,11.36,1.03,0.0006,,0.02,40.36,0,0,0,8.57,0.84,3.32,95.8,
29,14,29014,0,,0.07,0.01,0.95,0,0.45,0,0.1,0,0.48,0.04,0,,0,,0,0,0,1.68,0.17,0.02,40.87,
29,15,29015,5.18,,0.15,0.01,2.51,0.13,669.11,0.01,0.76,0,3.76,0.34,0.0002,,0.01,,0,0,0,1.72,0.17,0,22.68,
29,16,29016,1,,0.03,0,0.47,0.03,221.66,0,0.05,0,0.27,0.02,0,,0,24.49,0,0,0,1.11,0.11,0,6.02,
29,17,29017,1.36,,0.08,0.01,0.59,0.03,11.14,0,0.14,0,0.68,0.06,0,,0,20.03,0,0,0,0,0,0,2.01,
29,18,29018,5.15,,0.15,0.01,2.17,0.13,473.32,0.01,0.76,0,3.79,0.34,0.0002,,0.01,37.01,0,0,0,0.91,0.09,0.05,7.75,
29,19,29019,2.61,,0.11,0.01,1.22,0.07,59.88,0,0.93,0,4.63,0.42,0.0003,,0,,0,0,0,0,0,0,8.21,
29,20,29020,1.2,,0.02,0,0.57,0.03,266.64,0,0.02,0,0.09,0.01,0,,0,14.13,0,0,0,0.36,0.04,0,19.51,
29,21,29021,2.49,,0.11,0.01,1.25,0.06,553.25,0,0.16,0,0.8,0.07,0,,0,48.94,0,0,0,2.81,0.28,0,32.02,
29,22,29022,0.81,,0.03,0,0.35,0.02,242.61,0,0.67,0,3.31,0.3,0.0002,,0,20.76,0,0,0,0.34,0.03,0.53,2.54,
29,23,29023,3.48,,0.11,0.01,1.59,0.09,631.23,0.01,0.05,0,0.27,0.02,0,,0.01,,0,0,0,0,0,0.61,17.31,
29,24,29024,3.56,,0.12,0.01,1.76,0.09,651.31,0.01,0.12,0,0.61,0.05,0,,0.01,,0,0,0,0,0,0.01,10.7,
29,25,29025,10.2,,0.41,0.03,3.92,0.26,45.3,0.02,0.77,0,3.86,0.35,0.0002,,0.01,21.84,0,0,0,0,0,0.33,7.79,
29,26,29026,2.42,,0.11,0.01,1.13,0.06,245.7,0,0.15,0,0.73,0.07,0,,0,8.7,0,0,0,1.43,0.14,0,8.07,
29,27,29027,1.69,,0.09,0.01,0.71,0.04,5.02,0,0.04,0,0.21,0.02,0,,0,7.12,0,0,0,0.09,0.01,0,3.04,
29,28,29028,3.09,0,0.13,0.01,1.3,0.08,178.74,0.01,0.96,0,4.79,0.44,0.0003,,0,57.36,0,0,0,0.86,0.08,0,15.25,
29,29,29029,1.46,,0.02,0,0.64,0.04,423.27,0,0.01,0,0.04,0,0,,0,,0,0,0,0,0,0,3.34,
29,30,29030,2.01,,0.03,0,0.88,0.05,445.83,0,0.01,0,0.04,0,0,,0,11.02,0,0,0,0,0,0,31.47,
29,31,29031,3.94,0,0.15,0.01,0.02,0.1,215.18,0.01,3.16,0,15.71,1.43,0.0009,,0,36.41,0,0,0,3.9,0.38,0.24,31.79,
29,32,29032,1.83,,0.04,0,0.84,0.05,262.96,0,0.14,0,0.7,0.06,0,,0,,0,0,0,0,0,0,9.03,
29,33,29033,13.33,,1.39,0.1,6.89,0.33,0.76,0.02,1.09,0,5.44,0.49,0.0003,,0.02,,0,0,0,0,0,2.95,8.59,
29,34,29034,5.81,0.03,0.16,0.01,2.65,0.15,1288.73,0.01,0.8,0,3.96,0.36,0.0002,,0.01,55.11,0,0,0,5.51,0.54,0.39,126.34,
29,35,29035,0.8,,0.03,0,0.35,0.02,1.51,0,0.02,0,0.1,0.01,0,,0,15.37,0,0,0,0,0,0,4.02,
29,36,29036,3.12,,0.11,0.01,1.51,0.08,624.43,0.01,0.24,0,1.18,0.11,0.0001,,0.01,,0,0,0,0,0,0.25,1.03,
29,37,29037,1.31,0,0.03,0,0.53,0.03,290.5,0,0.03,0,0.17,0.02,0,,0,38.68,0,0,0,0,0,0,17.32,
29,38,29038,2,,0.06,0,0.98,0.05,185.14,0,0.57,0,2.85,0.26,0.0002,,0,,0,0,0,2.13,0.21,0.02,12.88,
29,39,29039,3.13,,0.11,0.01,1.32,0.08,99.27,0.01,0.83,0,4.12,0.37,0.0002,,0,,0,0,0,1.66,0.16,0,12.1,
29,40,29040,1.35,,0.01,0,0,0.03,299.15,0,0,0,0,0,0,,0,,0,0,0,0,0,2.73,40.19,
29,41,29041,3.92,,0.27,0.02,1.81,0.1,9.49,0.01,2.41,0,11.99,1.09,0.0007,,0.01,19.25,0,0,0,0.66,0.06,0.09,9.23,
29,42,29042,1.71,0,0.1,0.01,0.83,0.04,378.86,0,0.32,0,1.59,0.14,0.0001,,0,,0,0,0,0.29,0.03,0,2.84,
29,43,29043,4.43,,0.21,0.01,0.22,0.11,588.47,0.01,0.49,0,2.46,0.22,0.0001,,0,,0,0,0,0,0,0.43,10.18,
29,44,29044,5.62,,0.39,0.03,2.51,0.14,19.25,0.01,0.49,0,2.42,0.22,0.0001,,0.01,,0,0,0,0,0,0,6.66,
29,45,29045,0.82,,0.04,0,0.38,0.02,182.05,0,0.01,0,0.04,0,0,,0,,0,0,0,2.61,0.26,0,14.65,
29,46,29046,0.6,0,0.01,0,0.27,0.02,133.83,0,0.12,0,0.58,0.05,0,,0,4.75,0,0,0,0,0,0,1.11,
29,47,29047,0.41,,0.01,0,0.18,0.01,89.95,0,0.03,0,0.13,0.01,0,,0,11.04,0,0,0,0,0,0,3.37,
29,48,29048,2.39,,0.12,0.01,0.95,0.06,531.15,0,0.82,0,4.09,0.37,0.0002,,0,,0,0,0,1.04,0.1,0.02,2.43,
29,49,29049,0.71,,0.03,0,0.33,0.02,2.06,0,0.02,0,0.09,0.01,0,,0,,0,0,0,0,0,0,2.69,
29,50,29050,1.6,,0.06,0,0.67,0.04,0.82,0,0.05,0,0.25,0.02,0,,0,27.53,0,0,0,0,0,0,3.33,
29,51,29051,0.49,,0.02,0,0.24,0.01,1.51,0,0.01,0,0.03,0,0,,0,,0,0,0,0,0,0.05,1.22,
29,52,29052,0.81,,0.03,0,0.33,0.02,180.68,0,0.03,0,0.13,0.01,0,,0,3.16,0,0,0,0,0,0,4.99,
29,53,29053,1.05,,0.03,0,0.41,0.03,5.5,0,0.53,0,2.63,0.24,0.0002,,0,,0,0,0,0,0,0,1.22,
29,54,29054,0.77,,0.02,0,0.33,0.02,1.72,0,0.03,0,0.17,0.02,0,,0,,0,0,0,0,0,0,2.1,
29,55,29055,0.42,,0.01,0,0.19,0.01,92.6,0,0.03,0,0.15,0.01,0,,0,,0,0,0,0,0,0,13.82,
29,56,29056,0.97,,0.06,0,0.43,0.02,0.48,0,0.03,0,0.16,0.01,0,,0,,0,0,0,0,0,0,1.47,
29,57,29057,0.61,,0.03,0,0.27,0.02,4.54,0,0.01,0,0.06,0.01,0,,0,,0,0,0,0,0,0,1.73,
29,58,29058,1.16,,0.05,0,0.53,0.03,257.92,0,0.03,0,0.14,0.01,0,,0,9.42,0,0,0,0.64,0.06,0,1.88,
29,59,29059,0.86,,0.04,0,0.38,0.02,102.78,0,0.04,0,0.19,0.02,0,,0,,0,0,0,0,0,0,0.7,
29,60,29060,0.66,,0.02,0,0.27,0.02,145.37,0,0.45,0,2.26,0.21,0.0001,,0,,0,0,0,0.39,0.04,0,0.43,
30,1,30001,1.2,,0.01,0,0.35,0,266.81,0,0.01,0.01,0.03,0,0,,0,1.18,0,0,0,2.33,0.23,0.25,1.09,
30,2,30002,0.46,,0.02,0,0.13,0,102.13,0,0.14,0.21,0.87,0.08,0,,0,,0,0,0,0,0,0,1.17,
30,3,30003,12.65,0,1.14,0,4.03,0,1581.73,0.02,0.46,0.69,2.81,0.27,0.0001,,0,,0,0,0,0,0,17.38,29.78,
30,4,30004,6.03,,0.09,0,2.18,0,1336.78,0.01,0.04,0.05,0.22,0.02,0,,0,0.58,0,0,0,0,0,0,52.82,
30,5,30005,0.75,,0.02,0,0.27,0,167.05,0,0.01,0.02,0.09,0.01,0,,0,,0,0,0,0,0,0,7.48,
30,6,30006,2.97,,0.03,0,0.82,0,659.76,0,0.09,0.14,0.56,0.05,0,,0,196.65,0,0,0,8.59,0.85,0,12.86,
30,7,30007,0.9,,0.01,0,0.29,0,199.81,0,0,0.01,0.02,0,0,,0,,0,0,0,5.03,0.49,0,12.89,
30,8,30008,1.43,,0.01,0,0.35,0,317.29,0,0.01,0.01,0.03,0,0,,0,6.96,0,0,0,0,0,0,5.74,
30,9,30009,4.12,,0.11,0,1.41,0,914.07,0.01,0.09,0.14,0.55,0.05,0,,0,,0,0,0,0,0,0,25.38,
30,10,30010,9.07,0,0.25,0,2.45,0,2010.87,0.02,0.66,1,4.05,0.39,0.0002,,0,,0,0,0,0,0,0,24.74,
30,11,30011,7.67,0.01,0.43,0,2.74,0,1351.63,0.01,0.21,0.32,1.3,0.12,0.0001,,0,,0,0,0,10.03,0.99,8.81,2.38,
30,12,30012,1.14,,0.01,0,0.43,0,252.59,0,0.01,0.02,0.07,0.01,0,,0,,0,0,0,0,0,0,13.07,
30,13,30013,4.16,,0.4,0,1.42,0,922.05,0.01,0.17,0.26,1.07,0.1,0,,0,,0,0,0,0,0,0.18,3.06,
30,14,30014,6.09,0,0.16,0,1.91,0,1195.58,0.01,0.72,1.08,4.41,0.42,0.0002,,0,,0,0,0,5.45,0.54,0.37,12.84,
30,15,30015,5.25,0,0.14,0,1.85,0,1163.55,0.01,0.07,0.1,0.4,0.04,0,,0,,0,0,0,0,0,0,28.36,
30,16,30016,4.04,0,0.55,0,1.45,0,896.99,0.01,0.46,0.69,2.81,0.27,0.0001,,0,,0,0,0,5.19,0.51,3.62,9.05,
30,17,30017,0.56,,0.01,0,0.2,0,124.76,0,0,0,0.01,0,0,,0,1.16,0,0,0,1.62,0.16,0,5.88,
30,18,30018,0.26,,0,0,0.07,0,57.05,0,0,0,0.01,0,0,,0,0.58,0,0,0,0,0,0,1.34,
30,19,30019,0.77,,0.01,0,0.19,0,171.07,0,0,0,0,0,0,,0,,0,0,0,0,0,0,3.68,
30,20,30020,1.44,,0.01,0,0.37,0,319.06,0,0,0.01,0.03,0,0,,0,,0,0,0,0,0,0,2.86,
30,21,30021,3.43,,0.1,0,1.13,0,760.05,0.01,0.6,0.9,3.65,0.35,0.0002,,0,,0,0,0,2.04,0.2,0,16.44,
30,22,30022,2.86,,0.05,0,0.77,0,361.26,0,0.03,0.05,0.2,0.02,0,,0,,0,0,0,0,0,0,11.88,
30,23,30023,6.93,0,0.05,0,0.2,0,1538.11,0.01,0.25,0.38,1.54,0.15,0.0001,,0,3.86,0,0,0,0,0,0.02,58.82,
30,24,30024,2.16,0,0.03,0,0.58,0,479.89,0,0.02,0.03,0.13,0.01,0,,0,,0,0,0,0,0,0,21.84,
30,25,30025,3.73,,0.04,0,0.88,0,827.16,0.01,0.02,0.03,0.1,0.01,0,,0,15.77,0,0,0,0,0,0,16.33,
30,26,30026,3.05,,0.26,0,0.97,0,78.37,0.01,0.12,0.19,0.76,0.07,0,,0,,0,0,0,1.83,0.18,1.53,0.14,
30,27,30027,2.62,0,0.01,0,0.67,0,580.58,0,0.01,0.01,0.05,0,0,,0,,0,0,0,0,0,0.19,32.88,
30,28,30028,22.59,,2.75,0,8.06,0,103.81,0.04,0.92,1.38,5.6,0.54,0.0003,,0,,0,0,0,1.05,0.1,10.31,0.05,
30,29,30029,1.98,,0.01,0,0.04,0,440.07,0,0,0,0.01,0,0,,0,71.27,0,0,0,0,0,0,5.71,
30,30,30030,6.21,,0.49,0,1.93,0,322.35,0.01,0.52,0.77,3.15,0.3,0.0001,,0,0.97,0,0,0,1.2,0.12,0.07,0.6,
30,31,30031,2.3,,0.01,0,0.06,0,509.9,0,0,0,0.01,0,0,,0,,0,0,0,0,0,0.24,14.17,
30,32,30032,7.43,,0.36,0,2.22,0,1648.67,0.01,0.21,0.31,1.27,0.12,0.0001,,0,,0,0,0,0,0,0.64,11.8,
30,33,30033,3.67,0.01,0.06,0,1.15,0,1319.67,0.01,0.02,0.04,0.14,0.01,0,,0,,0,0,0,0,0,0,25.91,
30,34,30034,3.94,,0.33,0,1.37,0,873.34,0.01,0.15,0.22,0.9,0.09,0,,0,,0,0,0,0,0,0,1.5,
30,35,30035,1.75,,0.07,0,0.52,0,388.78,0,0.1,0.15,0.6,0.06,0,,0,,0,0,0,0,0,0,0.7,
30,36,30036,1.32,,0.05,0,0.38,0,292.79,0,0.04,0.06,0.23,0.02,0,,0,,0,0,0,0,0,0,1.96,
30,37,30037,1.15,,0.02,0,0.28,0,255.69,0,0,0.01,0.03,0,0,,0,,0,0,0,0,0,0,3.86,
30,38,30038,12.7,0.01,0.76,0,4.03,0,1073.35,0.02,1.28,1.92,7.8,0.75,0.0004,,0,,0,0,0,0.68,0.07,0.83,33.88,
30,39,30039,44.63,,4.91,0,15.74,0,408.77,0.07,8.36,12.56,51.06,4.9,0.0024,,0,,0,0,43.11,4.9,0.48,35.82,5.21,
30,40,30040,6.86,,0.17,0,2.23,0,896.8,0.01,0.08,0.12,0.48,0.05,0,,0,,0,0,0,0,0,0.2,15.32,
30,41,30041,0.31,,0,0,0.09,0,69.12,0,0,0.01,0.03,0,0,,0,,0,0,0,0,0,0,2.15,
30,42,30042,0.93,,0.02,0,0.31,0,205.21,0,0.01,0.01,0.06,0.01,0,,0,,0,0,0,0,0,0,2.72,
30,43,30043,2.69,0,0.04,0,0.73,0,595.54,0,0.04,0.06,0.24,0.02,0,,0,,0,0,0,0,0,0,25.17,
30,44,30044,29.7,0,3.51,0,9.97,0,2015.18,0.05,3.49,5.24,21.3,2.05,0.001,,0,,0,0,0,3.14,0.31,8.65,23.27,
30,45,30045,8.68,0.01,0.65,0,3.17,0,1924.59,0.01,0.37,0.56,2.26,0.22,0.0001,,0,,0,0,0,10,0.98,0.04,52.69,
30,46,30046,2.34,,0.04,0,0.67,0,519.79,0,0.04,0.06,0.24,0.02,0,,0,,0,0,0,0,0,0,11.79,
30,47,30047,7.48,,0.21,0,1.93,0,1659.65,0.01,0.18,0.27,1.1,0.11,0.0001,,0,,0,0,0,0,0,0.1,15.99,
30,48,30048,16.71,0.01,0.68,0,5.48,0,1092.94,0.03,1.8,2.7,10.99,1.06,0.0005,,0,,52.59,49.3,0,1,0.1,1.39,7.29,
30,49,30049,3,0.01,0.04,0,0.98,0,664.42,0,0.14,0.22,0.88,0.08,0,,0,,0,0,0,0,0,0.59,18.22,
30,50,30050,2.38,,0.04,0,0.63,0,527.48,0,0.02,0.03,0.12,0.01,0,,0,,0,0,0,0,0,0,9.51,
30,51,30051,3.32,,0.1,0,0.94,0,735.8,0.01,0.11,0.16,0.66,0.06,0,,0,,0,0,0,0,0,0,10.61,
30,52,30052,1.74,,0.04,0,0.53,0,385.85,0,0.51,0.77,3.14,0.3,0.0001,,0,,0,0,0,2.93,0.29,0,13.59,
30,53,30053,3.69,,0.25,0,1.19,0,819.32,0.01,0.42,0.63,2.55,0.24,0.0001,,0,,0,0,0,0,0,0,10.95,
30,54,30054,1.82,0,0.03,0,0.69,0,403.01,0,0.03,0.04,0.17,0.02,0,,0,,0,0,0,3.22,0.32,0,18.64,
30,55,30055,2.08,0,0.02,0,0.62,0,461.29,0,0,0,0.02,0,0,,0,,0,0,0,0,0,0,10.59,
30,56,30056,1.08,0,0,0,0.29,0,240.44,0,0.01,0.01,0.04,0,0,,0,,0,0,0,0,0,0,4.61,
30,57,30057,1.99,,0.03,0,0.51,0,441.84,0,0.01,0.02,0.06,0.01,0,,0,,0,0,0,0,0,0,9.38,
30,58,30058,8.81,,0.09,0,2.55,0,1954.78,0.01,0.03,0.04,0.16,0.02,0,,0,,0,0,0,0,0,0,73.72,
30,59,30059,2.22,0,0.09,0,0.76,0,468.58,0,0.14,0.21,0.87,0.08,0,,0,,0,0,0,3.4,0.33,4.28,4.73,
30,60,30060,2.25,,0.02,0,0.67,0,499.28,0,0.01,0.02,0.07,0.01,0,,0,,0,0,0,0,0,0,3.27,
30,61,30061,11.16,0,0.52,0,3.3,0,2474.38,0.02,0.2,0.29,1.19,0.11,0.0001,,0,109.76,0,0,0,9.4,0.93,0.1,62.8,
30,62,30062,2.63,,0.06,0,0.75,0,584.21,0,0.21,0.31,1.27,0.12,0.0001,,0,,0,0,0,0,0,0,12.09,
30,63,30063,2.32,,0.03,0,0.69,0,513.61,0,0.04,0.06,0.22,0.02,0,,0,,0,0,0,0,0,0,5.49,
30,64,30064,0.54,,0.01,0,0.16,0,119,0,0,0.01,0.03,0,0,,0,,0,0,0,0,0,0,2.81,
30,65,30065,7.88,,0.24,0,2.63,0,2012.77,0.01,0.23,0.35,1.42,0.14,0.0001,,0,1.55,0,0,0,10.24,1.01,0.06,30.66,
30,66,30066,3.95,0,0.06,0,1.17,0,876.3,0.01,0.04,0.06,0.26,0.02,0,,0,,0,0,0,0,0,0,14.55,
30,67,30067,2.3,,0.04,0,0.46,0,509.27,0,0.04,0.07,0.27,0.03,0,,0,,0,0,0,0,0,0,2.09,
30,68,30068,8.49,0.01,0.58,0,2.83,0,745.63,0.01,0.62,0.93,3.79,0.36,0.0002,,0,,0,0,0,1.57,0.15,1.06,9.69,
30,69,30069,3.87,,0.25,0,1.34,0,858.61,0.01,0.14,0.21,0.84,0.08,0,,0,,0,0,0,0,0,0,27.84,
30,70,30070,2.77,,0.05,0,0.82,0,614.08,0,0.04,0.06,0.25,0.02,0,,0,15.46,0,0,0,0,0,0,27.88,
30,71,30071,7.81,,0.52,0,2.21,0,1732.66,0.01,0.44,0.66,2.69,0.26,0.0001,,0,,0,0,0,0,0,0.66,28.15,
30,72,30072,3.07,,0.07,0,0.93,0,681.79,0.01,0.03,0.04,0.17,0.02,0,,0,20.87,0,0,0,0,0,9.86,17.71,
30,73,30073,6.08,0.01,0.16,0,2,0,1347.65,0.01,0.32,0.48,1.96,0.19,0.0001,,0,,0,0,0,0,0,0,57.48,
30,74,30074,0.99,,0.02,0,0.31,0,156.47,0,0.05,0.07,0.29,0.03,0,,0,0.79,0,0,0,0.79,0.08,0.27,0.23,
30,75,30075,2.76,,0.07,0,0.1,0,613.19,0,0.04,0.05,0.22,0.02,0,,0,,0,0,0,0,0,0,1.82,
30,76,30076,2.12,,0,0,0.61,0,470.19,0,0,0,0,0,0,,0,,0,0,0,0,0,0,9.97,
30,77,30077,6.12,0,0.36,0,2.03,0,1356.37,0.01,0.16,0.24,0.99,0.1,0,,0,,0,0,0,6.13,0.6,0,36.53,
30,78,30078,2.02,,0.02,0,0.58,0,447.06,0,0.02,0.02,0.09,0.01,0,,0,,0,0,0,0,0,0,10.9,
30,79,30079,1.58,,0.02,0,0.45,0,350.65,0,0.02,0.03,0.13,0.01,0,,0,1.16,0,0,0,0,0,0,3.63,
30,80,30080,3.09,,0.05,0,0.83,0,685,0.01,0.1,0.15,0.63,0.06,0,,0,,0,0,0,0,0,0,20.2,
30,81,30081,2.49,,0.05,0,0.8,0,264.4,0,0.04,0.06,0.24,0.02,0,,0,,0,0,0,0,0,0,1.35,
30,82,30082,2.23,,0.06,0,0.07,0,301.46,0,0.13,0.19,0.78,0.07,0,,0,,0,0,0,1.83,0.18,0,4.42,
30,83,30083,7.74,,0.05,0,2.2,0,1715.99,0.01,0.03,0.05,0.21,0.02,0,,0,,0,0,0,0,0,0,43.75,
30,84,30084,0.9,,0.01,0,0.33,0,200.13,0,0.01,0.01,0.04,0,0,,0,,0,0,0,0,0,0,13,
30,85,30085,9.65,,0.32,0,2.97,0,1151.3,0.02,2.56,3.85,15.65,1.5,0.0007,,0,1.16,0,0,0,2.1,0.21,6.97,25.54,
30,86,30086,6.02,0,0.09,0,1.58,0,1334.1,0.01,1.02,1.54,6.25,0.6,0.0003,,0,16.79,0,0,0,0,0,0,23.7,
30,87,30087,65.76,0.01,6.81,0,2.27,0,594.11,0.11,2.87,4.3,17.49,1.68,0.0008,,0,,0,0,0,4.22,0.41,26.78,7.63,
30,88,30088,0.75,,0.04,0,0.26,0,165.57,0,0.01,0.02,0.08,0.01,0,,0,,0,0,0,0,0,0,8.45,
30,89,30089,5.92,,0.38,0,2.02,0,459.99,0.01,0.28,0.41,1.68,0.16,0.0001,,0,,0,0,0,3.27,0.32,18.57,13.38,
30,90,30090,1.56,,0.03,0,0.56,0,344.97,0,0.01,0.02,0.06,0.01,0,,0,,0,0,0,0,0,0,3.44,
30,91,30091,3.83,,0.09,0,1.15,0,849.68,0.01,0.12,0.18,0.74,0.07,0,,0,67.25,0,0,0,7.65,0.75,0,17.23,
30,92,30092,5.13,,0.16,0,1.43,0,1136.72,0.01,0.18,0.27,1.08,0.1,0.0001,,0,,0,0,0,0,0,0,11.18,
30,93,30093,2.17,0,0.04,0,0.65,0,474.35,0,0.03,0.05,0.2,0.02,0,,0,,0,0,0,1.89,0.19,0,5.97,
30,94,30094,5.47,,0.22,0,1.78,0,1214,0.01,0.22,0.33,1.34,0.13,0.0001,,0,,0,0,0,13.02,1.28,0,35.03,
30,95,30095,2.6,,0.06,0,0.84,0,577.54,0,0.04,0.06,0.24,0.02,0,,0,,0,0,0,0,0,0,15.3,
30,96,30096,0.25,,0.01,0,0.07,0,54.68,0,0.01,0.01,0.04,0,0,,0,,0,0,0,0,0,0,0.91,
30,97,30097,2.97,0,0.27,0,0.11,0,658.03,0,0.6,0.9,3.67,0.35,0.0002,,0,,0,0,0,0,0,0,7.38,
30,98,30098,0.42,,0,0,0.12,0,93.51,0,0,0,0.01,0,0,,0,,0,0,0,0,0,0,0.99,
30,99,30099,2.36,,0.07,0,0.61,0,522.93,0,0.14,0.21,0.87,0.08,0,,0,160.39,0,0,0,6.57,0.65,0,6.04,
30,100,30100,3.24,,0.03,0,1.14,0,719.24,0.01,0.07,0.11,0.44,0.04,0,,0,,0,0,0,4.45,0.44,0,15.93,
30,101,30101,4.86,0,0.07,0,1.42,0,956.34,0.01,0.02,0.03,0.12,0.01,0,,0,,0,0,0,0,0,0.89,18.38,
30,102,30102,15.56,,1.59,0,5.18,0,3451.4,0.03,0.87,1.31,5.32,0.51,0.0002,,0,,0,0,0,0,0,0.29,95.98,
30,103,30103,1.79,,0.02,0,0.46,0,397.36,0,0.01,0.01,0.04,0,0,,0,,0,0,0,0,0,0,4.31,
30,104,30104,2.17,,0.03,0,0.63,0,481.27,0,0.02,0.03,0.11,0.01,0,,0,6.6,0,0,0,0,0,0,16.7,
30,105,30105,6.18,,0.18,0,2.22,0,1214.62,0.01,0.34,0.51,2.07,0.2,0.0001,,0,,0,0,0,9.69,0.95,0,7.98,
30,106,30106,0.65,,0.02,0,0.19,0,144.14,0,0.06,0.09,0.37,0.04,0,,0,,0,0,0,0,0,0,1.62,
30,107,30107,0.45,,0,0,0.11,0,99.69,0,0,0,0,0,0,,0,,0,0,0,0,0,6.32,1.9,
30,108,30108,24.19,0,2.75,0,8.22,0,2670.13,0.04,2.7,4.06,16.5,1.58,0.0008,,0,,0,0,0,0,0,2.2,42.32,
30,109,30109,9.55,,0.38,0,3.04,0,2117.41,0.02,0.29,0.44,1.77,0.17,0.0001,,0,,0,0,0,0,0,0,39.47,
30,110,30110,1.52,,0.01,0,0.42,0,337.91,0,0,0,0,0,0,,0,,0,0,0,0,0,0,3.95,
30,111,30111,2.53,,0.11,0,0.08,0,560.7,0,0.04,0.06,0.23,0.02,0,,0,,0,0,0,4.01,0.39,0,3.96,
30,112,30112,3.01,,0.15,0,0.94,0,666.68,0.01,0.36,0.54,2.21,0.21,0.0001,,0,,0,0,0,0,0,0,6.27,
30,113,30113,0.69,,0.01,0,0.2,0,152.65,0,0.02,0.02,0.1,0.01,0,,0,,0,0,0,0,0,0,3.14,
30,114,30114,1.6,,0.04,0,0.01,0,353.83,0,0.03,0.04,0.15,0.01,0,,0,,0,0,0,0,0,0,8.31,
30,115,30115,5.06,,0.16,0,1.61,0,498.55,0.01,0.14,0.21,0.87,0.08,0,,0,5.89,0,0,0,1.83,0.18,0,3.12,
30,116,30116,2.17,,0.11,0,0.7,0,123.33,0,0.09,0.14,0.57,0.05,0,,0,,0,0,0,2.38,0.23,0.09,1.13,
30,117,30117,3.44,,0.08,0,1.05,0,763.23,0.01,0.04,0.06,0.23,0.02,0,,0,,0,0,0,2.57,0.25,0,41.06,
30,118,30118,18.67,,2.78,0,0.65,0,1.1,0.03,3.02,4.54,18.44,1.77,0.0009,,0,,0,0,0,1.57,0.15,16.72,0,
30,119,30119,0.89,0,0.04,0,0.32,0,196.35,0,0.06,0.09,0.38,0.04,0,,0,,0,0,0,0.71,0.07,0,8.89,
30,120,30120,2.03,,0.1,0,0.64,0,1.03,0,0.07,0.11,0.46,0.04,0,,0,,0,0,0,0,0,0,1.11,
30,121,30121,3.69,0.01,0.06,0,1.22,0,818.65,0.01,0.04,0.06,0.24,0.02,0,,0,,0,0,0,11.58,1.14,0,14.52,
30,122,30122,2.33,,0.06,0,0.73,0,516.15,0,0.07,0.11,0.45,0.04,0,,0,54.11,0,0,0,0,0,0,8.23,
30,123,30123,14.49,0,0.67,0,4.74,0,2611.01,0.02,0.88,1.32,5.37,0.52,0.0003,,0,,0,0,0,11.26,1.11,0.43,111.99,
30,124,30124,24.33,,0.91,0,0.75,0,5944.89,0.04,0.62,0.92,3.75,0.36,0.0002,,0,,0,0,0,0,0,2.02,93.4,
30,125,30125,4.35,0,0.2,0,1.34,0,964.84,0.01,0.33,0.49,2.01,0.19,0.0001,,0,,0,0,0,4.35,0.43,0,32.62,
30,126,30126,4.75,,0.11,0,1.66,0,1052.99,0.01,0.06,0.08,0.34,0.03,0,,0,,0,0,0,0,0,0,40.09,
30,127,30127,3.01,,0.02,0,0.72,0,668.27,0.01,0.01,0.02,0.08,0.01,0,,0,114.93,0,0,0,0,0,0,5.88,
30,128,30128,9.75,0,0.56,0,2.66,0,2163.02,0.02,0.68,1.02,4.14,0.4,0.0002,,0,166.61,0,0,0,7.1,0.7,3.51,51.48,
30,129,30129,2.81,,0.06,0,0.82,0,623.79,0,0.05,0.07,0.3,0.03,0,,0,,0,0,0,0,0,0,14.45,
30,130,30130,6.07,,0.3,0,1.9,0,1345.89,0.01,0.2,0.3,1.23,0.12,0.0001,,0,,0,0,0,0,0,0,46.53,
30,131,30131,28.88,,3.07,0,9.8,0,290.39,0.05,2.37,3.56,14.48,1.39,0.0007,,0,,0.93,3.09,0,0,0,18.35,0,
30,132,30132,2.39,,0.09,0,0.67,0,530.8,0,0.14,0.21,0.86,0.08,0,,0,28.77,0,0,0,4.87,0.48,0,4.22,
30,133,30133,8.37,,0.31,0,2.73,0,326.14,0.01,0.23,0.34,1.4,0.13,0.0001,,0,,0,0,0,6.42,0.63,0,1.19,
30,134,30134,3.21,0,0.07,0,0.11,0,711.26,0.01,0.03,0.04,0.16,0.02,0,,0,,0,0,0,5.32,0.52,5.08,39.54,
30,135,30135,2.78,,0.08,0,0.71,0,124.71,0,0.02,0.03,0.12,0.01,0,,0,,0,0,0,0,0,0,2.38,
30,136,30136,0.95,,0.03,0,0.27,0,153.44,0,0.03,0.04,0.15,0.01,0,,0,,0,0,0,2.04,0.2,0,0.68,
30,137,30137,0.77,,0,0,0.21,0,170.68,0,0,0,0.01,0,0,,0,,0,0,0,0,0,0,2.28,
30,138,30138,6.37,,0.44,0,2.18,0,1412.71,0.01,0.25,0.37,1.5,0.14,0.0001,,0,3.53,0,0,0,1.18,0.12,0.14,0.46,
30,139,30139,0.92,0.01,0.03,0,0.35,0,203.09,0,0.01,0.01,0.05,0,0,,0,,0,0,0,0,0,0,5.66,
30,140,30140,0.4,,0,0,0.09,0,87.83,0,0.01,0.01,0.03,0,0,,0,,0,0,0,0,0,0,0.7,
30,141,30141,23.63,0.01,0.93,0,7,0,5240.47,0.04,1.1,1.65,6.72,0.65,0.0003,,0,,0,0,0,0,0,0.84,69,
30,142,30142,4.91,,0.08,0,1.52,0,1088.22,0.01,0.06,0.09,0.37,0.04,0,,0,,0,0,0,9.93,0.98,52.13,22.69,
30,143,30143,8.74,0,0.2,0,2.68,0,1939.45,0.01,0.1,0.15,0.62,0.06,0,,0,,0,0,10.99,0,0,0.01,26.28,
30,144,30144,4.59,,0.13,0,1.36,0,1017.16,0.01,0.07,0.1,0.41,0.04,0,,0,,0,0,0,8.12,0.8,0,13.01,
30,145,30145,1.98,,0.05,0,0.61,0,239.17,0,0.04,0.06,0.26,0.02,0,,0,,0,0,0,0,0,2.72,5.4,
30,146,30146,0.51,,0,0,0.12,0,112.37,0,0,0,0,0,0,,0,,0,0,0,0,0,0,3.59,
30,147,30147,3.05,,0.03,0,0.7,0,677.41,0.01,0.1,0.15,0.6,0.06,0,,0,33.84,0,0,0,0,0,0,3.76,
30,148,30148,4.27,0,0.15,0,1.4,0,946.34,0.01,0.07,0.1,0.42,0.04,0,,0,,0,0,0,2.7,0.27,0,18.04,
30,149,30149,4.47,0,0.05,0,1.3,0,992.13,0.01,0.02,0.03,0.12,0.01,0,,0,0.09,0,0,0,0,0,0,44.83,
30,150,30150,1.79,,0.05,0,0.06,0,397.82,0,0.21,0.31,1.26,0.12,0.0001,,0,,0,0,0,0,0,0,2.85,
30,151,30151,3.82,0,0.08,0,1.27,0,846.68,0.01,0.04,0.06,0.25,0.02,0,,0,,0,0,0,0,0,0,17.89,
30,152,30152,1.91,,0.03,0,0.67,0,422.6,0,0.02,0.02,0.09,0.01,0,,0,,0,0,0,5.37,0.53,0,5.66,
30,153,30153,0.93,0.01,0.01,0,0.32,0,206.3,0,0.02,0.03,0.11,0.01,0,,0,,0,0,0,0,0,0,2.48,
30,154,30154,2.11,0.03,0.01,0,0.64,0,467.68,0,0.04,0.07,0.27,0.03,0,,0,,0,0,0,0,0,0,7.28,
30,155,30155,15.59,0,0.37,0,4.34,0,3457.79,0.03,0.19,0.28,1.14,0.11,0.0001,,0,,0,0,0,0,0,0.58,41.09,
30,156,30156,0.84,,0.01,0,0.22,0,186.15,0,0.01,0.01,0.04,0,0,,0,26.03,0,0,0,0,0,0.8,2.9,
30,157,30157,2.93,0,0.03,0,0.87,0,650.4,0,0.03,0.04,0.16,0.02,0,,0,,0,0,0,0,0,0.01,42.08,
30,158,30158,3.86,,0.24,0,0.13,0,856.35,0.01,0.06,0.09,0.35,0.03,0,,0,,0,0,0,0,0,0,30.19,
30,159,30159,3.25,,0.04,0,0.07,0,720.37,0.01,0,0.01,0.02,0,0,,0,,0,0,0,0,0,0,5.95,
30,160,30160,16.04,0.01,0.59,0,4.81,0,3558.08,0.03,0.25,0.38,1.54,0.15,0.0001,,0,,0,0,0,0,0,1.06,155.49,
30,161,30161,5.27,,0.13,0,1.62,0,1168.74,0.01,0.16,0.24,0.99,0.1,0,,0,,0,0,0,0,0,0,14.27,
30,162,30162,0.9,,0.01,0,0.24,0,199.31,0,0,0.01,0.03,0,0,,0,,0,0,0,0,0,0,8.52,
30,163,30163,0.8,,0.01,0,0.22,0,176.33,0,0.01,0.01,0.05,0,0,,0,,0,0,0,0,0,0,2.9,
30,164,30164,2.41,,0.08,0,0.78,0,534.12,0,0.06,0.1,0.39,0.04,0,,0,,0,0,0,0,0,0,8.8,
30,165,30165,1.21,,0.01,0,0.33,0,268.93,0,0.01,0.01,0.05,0.01,0,,0,,0,0,0,0,0,0,8.86,
30,166,30166,1.39,,0.01,0,0.45,0,307.23,0,0.02,0.02,0.1,0.01,0,,0,,0,0,0,0,0,0,5.1,
30,167,30167,2.18,0.01,0.03,0,0.66,0,482.65,0,0.03,0.05,0.21,0.02,0,,0,,0,0,0,0,0,0,5.17,
30,168,30168,1.94,,0.02,0,0.54,0,430.9,0,0,0,0.01,0,0,,0,3.09,0,0,0,0,0,0,9.46,
30,169,30169,3.65,,0.07,0,1.24,0,809.12,0.01,0.04,0.07,0.27,0.03,0,,0,,0,0,0,5.21,0.51,0,50.82,
30,170,30170,1.55,0,0.01,0,0.4,0,343.59,0,0,0,0,0,0,,0,4.75,0,0,0,0,0,0,11.05,
30,171,30171,0.75,,0.01,0,0.21,0,167.33,0,0.01,0.01,0.03,0,0,,0,,0,0,0,0,0,0,2.92,
30,172,30172,2.88,,0.06,0,0.89,0,639.46,0,0.06,0.09,0.36,0.03,0,,0,,0,0,0,3.01,0.3,0,31.55,
30,173,30173,7.62,,0.2,0,2.26,0,1690.19,0.01,0.55,0.83,3.37,0.32,0.0002,,0,,0,0,0,4.16,0.41,0,86.87,
30,174,30174,13.7,0,0.82,0,4.77,0,3038.62,0.02,0.39,0.58,2.38,0.23,0.0001,,0,,0,0,0,13.23,1.3,1.57,78.78,
30,175,30175,12.88,0,0.47,0,3.93,0,3084.74,0.02,0.4,0.61,2.47,0.24,0.0001,,0,,0,0,0,0,0,0.04,56.52,
30,176,30176,0.7,0,0.04,0,0.26,0,156.32,0,0.02,0.03,0.1,0.01,0,,0,,0,0,0,0,0,0,15.38,
30,177,30177,1.5,,0.01,0,0.39,0,332.54,0,0.01,0.01,0.03,0,0,,0,28,0,0,0,0,0,1.53,3.45,
30,178,30178,2.2,,0.12,0,0.81,0,488.76,0,0.12,0.17,0.7,0.07,0,,0,,0,0,0,0,0,0,11.69,
30,179,30179,0.56,,0.01,0,0.17,0,124.58,0,0.02,0.04,0.15,0.01,0,,0,,0,0,0,0,0,0,6.84,
30,180,30180,1.71,,0.01,0,0.48,0,378.75,0,0.01,0.01,0.03,0,0,,0,5.41,0,0,0,0,0,0,17.16,
30,181,30181,5.64,,0.23,0,0.2,0,1251.17,0.01,0.12,0.18,0.72,0.07,0,,0,,0,0,0,7.8,0.77,0,20.8,
30,182,30182,2.21,,0.02,0,0.61,0,527.84,0,0.01,0.02,0.08,0.01,0,,0,,0,0,0,0,0,0,1.92,
30,183,30183,8.65,0.01,0.46,0,0.27,0,1917.64,0.01,0.26,0.4,1.61,0.15,0.0001,,0,,0,0,0,0,0,0,27.16,
30,184,30184,1.04,,0.01,0,0.24,0,231.37,0,0.01,0.02,0.06,0.01,0,,0,34.78,0,0,0,0,0,0,2.96,
30,185,30185,0.72,,0.01,0,0.02,0,91.71,0,0.01,0.01,0.04,0,0,,0,,0,0,0,0,0,0,0.35,
30,186,30186,0.99,,0.04,0,0.31,0,220.64,0,0.04,0.06,0.26,0.02,0,,0,,0,0,0,0,0,0,6.7,
30,187,30187,0.84,,0.01,0,0.2,0,186.85,0,0,0.01,0.02,0,0,,0,,0,0,0,0,0,0,2.08,
30,188,30188,2.39,,0.05,0,0.67,0,530.09,0,0.03,0.04,0.18,0.02,0,,0,,0,0,0,0,0,0,22.18,
30,189,30189,21.39,0.01,1.45,0,7.16,0,4744.37,0.04,0.76,1.15,4.66,0.45,0.0002,,0,,0,0,20.17,0,0,4.82,38.06,
30,190,30190,0.34,,0.01,0,0.14,0,75.05,0,0.01,0.02,0.06,0.01,0,,0,,0,0,0,0,0,0,3.85,
30,191,30191,4.28,0.01,0.16,0,0.16,0,949.94,0.01,0.34,0.52,2.09,0.2,0.0001,,0,,0,0,0,0,0,0,21.06,
30,192,30192,2.95,,0.18,0,1.06,0,653.33,0,0.15,0.22,0.89,0.09,0,,0,,0,0,0,0,0,0,4.62,
30,193,30193,81.54,,8.77,0,29.74,0,1404.36,0.14,5.24,7.87,31.97,3.07,0.0015,,0,,0,0,65.13,12.05,1.19,40.85,3.11,
30,194,30194,1.52,,0.02,0,0.42,0,337.95,0,0.18,0.26,1.07,0.1,0.0001,,0,1.98,0,0,0,1.73,0.17,4.25,4.44,
30,195,30195,0.74,,0.01,0,0.18,0,163.84,0,0.04,0.06,0.25,0.02,0,,0,,0,0,0,0,0,0,4.44,
30,196,30196,2.47,,0.15,0,0.84,0,731.67,0,0.06,0.09,0.38,0.04,0,,0,7.73,0,0,0,0,0,0.53,14.17,
30,197,30197,1.82,,0.03,0,0.56,0,404.07,0,0.03,0.05,0.21,0.02,0,,0,,0,0,0,0,0,0,8.95,
30,198,30198,1.07,,0.01,0,0.34,0,237.12,0,0.01,0.01,0.04,0,0,,0,4.25,0,0,0,0,0,2.84,5.03,
30,199,30199,1.58,,0.06,0,0.41,0,67.99,0,0.03,0.05,0.2,0.02,0,,0,,0,0,0,0,0,0,2.05,
30,200,30200,1.91,,0.01,0,0.05,0,422.92,0,0.02,0.03,0.12,0.01,0,,0,,0,0,0,0,0,0,24.61,
30,201,30201,6.23,,0.13,0,1.78,0,1382.28,0.01,0.05,0.08,0.31,0.03,0,,0,,0,0,0,0,0,0.04,38.55,
30,202,30202,2.08,,0.01,0,0.06,0,462.14,0,0.01,0.01,0.05,0,0,,0,,0,0,0,0,0,0,12.08,
30,203,30203,1.98,,0.03,0,0.55,0,439.69,0,0.03,0.04,0.18,0.02,0,,0,,0,0,0,0,0,0,4.66,
30,204,30204,7.05,,0.46,0,2.34,0,1564.65,0.01,0.14,0.21,0.87,0.08,0,,0,1.55,0,0,0,0,0,0.01,6.13,
30,205,30205,2.93,,0.08,0,0.09,0,649.27,0,0.34,0.51,2.06,0.2,0.0001,,0,,0,0,0,0,0,0,35.37,
30,206,30206,4.27,,0.3,0,1.47,0,946.23,0.01,0.11,0.16,0.65,0.06,0,,0,,0,0,0,2.65,0.26,10.75,0.45,
30,207,30207,6.82,0,0.31,0,2.33,0,1512.87,0.01,0.82,1.23,4.98,0.48,0.0002,,0,,0,0,0,10.21,1,0,59.84,
30,208,30208,3.5,0,0.19,0,1.29,0,775.3,0.01,0.99,1.49,6.07,0.58,0.0003,,0,,0,0,0,0,0,0,14.51,
30,209,30209,1.97,,0.04,0,0.57,0,435.98,0,0.03,0.04,0.16,0.02,0,,0,1.95,0,0,0,0,0,0,8.1,
30,210,30210,3.96,,0.04,0,1.02,0,879.23,0.01,0.03,0.04,0.15,0.01,0,,0,48.7,0,0,0,0,0,0,39.74,
30,211,30211,4.5,,0,0,1.53,0,998.73,0.01,0,0,0,0,0,,0,,0,0,0,0,0,0,0,
30,212,30212,1.22,,0,0,0,0,269.67,0,0,0,0,0,0,,0,,0,0,0,0,0,0,0,
31,1,31001,0.95,,0,0,0.3,0,210.96,0,0.01,0.01,0.03,0,0,,0,0.46,0,0,0,0,0,0,0.22,
31,2,31002,2.28,,0.09,0,0.66,0,505.24,0,0.53,1.26,0,0.13,0.0002,,0,15.46,0,0,0,3.47,0.34,0,0.21,
31,3,31003,1.55,,0.08,0,0.44,0,344.72,0,0.21,0.5,0,0.05,0.0001,,0,,0,0,0,1.77,0.17,0,0.56,
31,4,31004,0.85,,0.04,0,0.28,0,189.11,0,0.04,0.1,0,0.01,0,,0.02,20.28,0,0,0,0,0,0,0.32,
31,5,31005,0.31,,0.01,0,0.11,0,69.12,0,0.01,0.02,0,0,0,,0,40.97,0,0,0,1.07,0.11,0,0.13,
31,6,31006,1.33,,0.08,0,0.46,0,295.8,0,0.06,0.14,0,0.01,0,,0,3.86,0,0,0,0,0,0,5.17,
31,7,31007,1.02,,0.04,0,0.33,0,225.9,0,0.06,0.14,0,0.01,0,,0,,0,0,0,2.6,0.26,0,0.16,
31,8,31008,0.61,,0.01,0,0.19,0,135.52,0,0.04,0.09,0,0.01,0,,0,,0,0,0,2.98,0.29,0,2.02,
31,9,31009,0.75,,0.03,0,0.26,0,167.26,0,0.03,0.07,0,0.01,0,,0.02,7.73,0,0,0,0,0,0,0.53,
31,10,31010,0.36,,0.01,0,0.1,0,80.59,0,0.1,0.25,0,0.02,0,,0,,0,0,0,0,0,0,0.27,
31,11,31011,1,,0.1,0,0.34,0,221.31,0,0.1,0.24,0,0.02,0,,0,,0,0,0,0,0,0.79,0.16,
31,12,31012,0.56,,0.02,0,0.21,0,124.97,0,0.02,0.06,0,0.01,0,,0,12,0,0,0,0,0,0,4.17,
31,13,31013,1.35,,0.06,0,0.44,0,128.9,0,0.15,0.35,0,0.04,0,,0,15.46,0,0,0,0,0,0.57,0.11,
31,14,31014,0.24,,0.01,0,0.06,0,53.06,0,0.02,0.05,0,0.01,0,,0,,0,0,0,0,0,1,0.19,
31,15,31015,0.76,,0.02,0,0.23,0,169.45,0,0.02,0.04,0,0,0,,0,,0,0,0,0,0,0,0.12,
31,16,31016,0.41,,0.01,0,0.1,0,90.97,0,0.16,0.39,0,0.04,0,,0,,0,0,0,0,0,0,0.17,
31,17,31017,0.69,,0,0,0.2,0,153.21,0,0,0,0,0,0,,0,,0,0,0,0,0,0,0.54,
31,18,31018,0.47,,0.01,0,0.15,0,103.15,0,0.01,0.03,0,0,0,,0,,0,0,0,1.93,0.19,0,0.23,
31,19,31019,4.78,,0.09,0,1.24,0,1059.87,0.01,0.11,0.25,0,0.03,0,,0,,0,0,0,0,0,0,1.75,
31,20,31020,0.61,,0.03,0,0.2,0,135.84,0,0.02,0.05,0,0.01,0,,0,69.57,0,0,0,0,0,0,0.07,
31,21,31021,1.18,,0.02,0,0.29,0,262.61,0,0.03,0.07,0,0.01,0,,0,,0,0,0,0,0,0,0.48,
31,22,31022,0.64,,0.01,0,0.16,0,142.8,0,0.03,0.08,0,0.01,0,,0,,0,0,0,0,0,0,0.59,
31,23,31023,0.69,,0.03,0,0.02,0,153.18,0,0.05,0.11,0,0.01,0,,0,,0,0,0,2.48,0.24,0,0.17,
31,24,31024,0.47,,0.01,0,0.13,0,103.68,0,0.28,0.66,0,0.07,0.0001,,0,,0,0,0,0,0,0,0.19,
31,25,31025,0.73,,0.03,0,0.19,0,161.93,0,0.08,0.2,0,0.02,0,,0,,0,0,0,0,0,0,0.46,
31,26,31026,0.52,,0.02,0,0.19,0,115.19,0,0.09,0.21,0,0.02,0,,0,406.41,0,0,0,0,0,0,0.19,
31,27,31027,1.3,,0.1,0,0.46,0,288.24,0,0.1,0.25,0,0.02,0,,0,102.29,0,0,0,0,0,0,0.51,
31,28,31028,0.36,,0.04,0,0.12,0,79.36,0,0.03,0.07,0,0.01,0,,0,,0,0,0,0,0,0.05,1.01,
31,29,31029,0.93,,0.07,0,0.34,0,206.2,0,0.05,0.11,0,0.01,0,,0,,0,0,0,0,0,0,3.25,
31,30,31030,0.55,,0.01,0,0.16,0,121.54,0,0.02,0.04,0,0,0,,0,,0,0,0,4.05,0.4,0,0.46,
31,31,31031,0.44,,0.01,0,0.14,0,98.21,0,0.02,0.06,0,0.01,0,,0,,0,0,0,1.71,0.17,0,0.99,
31,32,31032,2.3,,0.05,0,0.64,0,509.48,0,0.1,0.25,0,0.02,0,,0,,0,0,0,5.04,0.5,0,3.64,
31,33,31033,2.88,,0.06,0,0.89,0,639.85,0,0.17,0.41,0,0.04,0,,0,,0,0,0,1.23,0.12,0,0.5,
31,34,31034,0.93,,0.02,0,0.28,0,205.6,0,0.03,0.07,0,0.01,0,,0,6.96,0,0,0,1.75,0.17,0,0.26,
31,35,31035,0.89,,0.03,0,0.3,0,197.2,0,0.03,0.08,0,0.01,0,,0.02,1.6,0,0,0,0,0,0,0.2,
31,36,31036,1.11,,0.04,0,0.03,0,245.38,0,0.06,0.15,0,0.01,0,,0,,0,0,0,0,0,0,0.19,
31,37,31037,0.72,,0.03,0,0.23,0,158.75,0,0.16,0.38,0,0.04,0,,0,,0,0,0,3.14,0.31,0,0.19,
31,38,31038,4.47,,0.27,0,1.28,0,991.98,0.01,0.39,0.94,0,0.09,0.0001,,0,84.42,0,0,0,0,0,0,0.34,
31,39,31039,0.57,,0.02,0,0.17,0,127.02,0,0.21,0.51,0,0.05,0.0001,,0,,0,0,0,0,0,0,0.03,
31,40,31040,3.87,,0.2,0,1.22,0,859.04,0.01,0.86,2.04,0,0.21,0.0002,,0.09,189.39,0,0,0,4.65,0.46,0,1.28,
31,41,31041,8.24,,0.36,0,2.52,0,1827.72,0.01,0.79,1.87,0,0.19,0.0002,,0,133.1,0,0,0,2.16,0.21,17.2,0.09,
31,42,31042,0.85,,0.01,0,0.27,0,189.29,0,0.02,0.04,0,0,0,,0,,0,0,0,0,0,0,0.2,
31,43,31043,0.41,,0.02,0,0.12,0,90.23,0,0.01,0.02,0,0,0,,0.07,,0,0,0,0,0,0,0.2,
31,44,31044,0.95,,0.03,0,0.31,0,210.54,0,0.02,0.04,0,0,0,,0,,0,0,0,0,0,0,0.25,
31,45,31045,0.35,,0.02,0,0.12,0,78.26,0,0.01,0.03,0,0,0,,0,,0,0,0,2.68,0.26,0,0.09,
31,46,31046,0.43,,0.02,0,0.13,0,95.21,0,0.2,0.49,0,0.05,0.0001,,0,,0,0,0,0,0,0,0.2,
31,47,31047,0.77,,0.04,0,0.23,0,171.81,0,0.08,0.19,0,0.02,0,,0,,0,0,0,0,0,0,0.53,
31,48,31048,3.32,,0.11,0,0.92,0,735.34,0.01,0.59,1.4,0,0.14,0.0002,,0.21,,0,0,0,2.1,0.21,0,0.63,
31,49,31049,0.47,,0.01,0,0.13,0,104.92,0,0.23,0.54,0,0.05,0.0001,,0,,0,0,0,0,0,0,0.28,
31,50,31050,124.33,,15.05,0,42.73,0,1728.43,0.21,20.99,49.85,0,5.02,0.006,,2.75,15.37,213.44,200.39,0,11.08,1.09,61.82,0.41,
31,51,31051,0.46,,0.01,0,0.16,0,102.91,0,0.01,0.02,0,0,0,,0,11.59,0,0,0,0,0,0.37,0.08,
31,52,31052,5.02,,0.33,0,1.59,0,1113.67,0.01,2.13,5.07,0,0.51,0.0006,,0.24,349.79,0,0,0,0,0,0.01,1.06,
31,53,31053,1.87,,0.1,0,0.57,0,415.26,0,0.05,0.13,0,0.01,0,,0,,0,0,0,0,0,0,0.64,
31,54,31054,0.42,,0.01,0,0.14,0,92.74,0,0.02,0.04,0,0,0,,0,,0,0,0,0,0,0,0.1,
31,55,31055,0.89,0,0.02,0,0.26,0,198.36,0,0.02,0.05,0,0,0,,0,,0,0,0,0,0,0.77,0.43,
31,56,31056,4.31,0,0.31,0,1.18,0,956.12,0.01,0.25,0.61,0,0.06,0.0001,,0,,0,0,0,1.53,0.15,0,1.7,
31,57,31057,1.2,,0.04,0,0.38,0,266.28,0,0.03,0.07,0,0.01,0,,0,,0,0,0,0,0,0,8.2,
31,58,31058,3.56,,0.18,0,0.97,0,790.27,0.01,0.28,0.67,0,0.07,0.0001,,0.28,,0,0,0,0,0,2.11,2.2,
31,59,31059,7.87,,0.83,0,2.68,0,1745.82,0.01,0.48,1.14,0,0.11,0.0001,,0.26,118.18,0,0,10.34,2.82,0.28,5.09,0.06,
31,60,31060,0.15,,0,0,0.05,0,34.07,0,0.03,0.07,0,0.01,0,,0,,0,0,0,1.65,0.16,0,0.32,
31,61,31061,0.52,,0.04,0,0.16,0,115.51,0,0.11,0.26,0,0.03,0,,0,25.53,0,0,0,0,0,0.75,1.93,
31,62,31062,0.68,,0.02,0,0,0,150.81,0,0.01,0.02,0,0,0,,0,,0,0,0,0,0,0,0.35,
31,63,31063,0.76,,0.02,0,0.02,0,168.18,0,0.01,0.03,0,0,0,,0,,0,0,0,0,0,0,0.19,
31,64,31064,0.24,,0.01,0,0.07,0,53.87,0,0.01,0.03,0,0,0,,0,,0,0,0,1.35,0.13,0,0.04,
31,65,31065,0.29,,0.02,0,0.1,0,64.88,0,0.01,0.03,0,0,0,,0,67.83,0,0,0,0,0,0,3.19,
31,66,31066,0.58,,0.03,0,0.17,0,127.69,0,0.02,0.04,0,0,0,,0,,0,0,0,0,0,0,0.13,
31,67,31067,1.43,,0.03,0,0.45,0,317.61,0,0.06,0.15,0,0.02,0,,0,94.79,0,0,0,2.88,0.28,0,0.35,
31,68,31068,0.47,0,0.01,0,0.17,0,104.92,0,0.01,0.02,0,0,0,,0,71.88,0,0,0,0,0,0,0.29,
31,69,31069,1.29,,0.04,0,0.37,0,285.28,0,0.08,0.2,0,0.02,0,,0,,0,0,0,1.49,0.15,0,0.66,
31,70,31070,0.59,,0.03,0,0.19,0,131.11,0,0.03,0.07,0,0.01,0,,0,,0,0,0,0,0,0,3.7,
31,71,31071,0.25,,0,0,0.08,0,55.07,0,0.01,0.01,0,0,0,,0,,0,0,0,0,0,0,0.33,
31,72,31072,0.28,,0.01,0,0.1,0,62.41,0,0.07,0.16,0,0.02,0,,0,23.19,0,0,0,0,0,0,0.3,
31,73,31073,0.62,,0.01,0,0.14,0,137.36,0,0.23,0.54,0,0.05,0.0001,,0,,0,0,0,0,0,0,0.38,
31,74,31074,0.56,,0.03,0,0.19,0,123.59,0,0.04,0.09,0,0.01,0,,0,57.47,0,0,0,0,0,0,0.24,
31,75,31075,0.89,,0.04,0,0.24,0,197.76,0,0.29,0.68,0,0.07,0.0001,,0,,0,0,0,0,0,0,0.24,
31,76,31076,2.46,,0.05,0,0.71,0,544.99,0,0.27,0.63,0,0.06,0.0001,,0,1.6,0,0,0,5.06,0.5,0,0.38,
31,77,31077,0.39,,0.01,0,0.13,0,86.98,0,0.01,0.03,0,0,0,,0,,0,0,0,2.5,0.25,0,0.41,
31,78,31078,0.6,,0.03,0,0.2,0,133.44,0,0.09,0.22,0,0.02,0,,0,,0,0,0,2.24,0.22,0,0.3,
31,79,31079,5.96,0,0.26,0,1.66,0,1322.2,0.01,0.97,2.31,0,0.23,0.0003,,0.21,11.69,0,0,0,0.81,0.08,0.49,3.91,
31,80,31080,1.46,,0.06,0,0.42,0,323.47,0,0.48,1.15,0,0.12,0.0001,,0,,0,0,0,0,0,0,0.28,
31,81,31081,0.47,,0.01,0,0.12,0,103.54,0,0.02,0.05,0,0,0,,0,,0,0,0,0,0,0,0.28,
31,82,31082,0.54,,0.02,0,0.22,0,120.17,0,0.03,0.08,0,0.01,0,,0,,0,0,0,0,0,0.27,0.22,
31,83,31083,0.26,,0.05,0,0.1,0,57.4,0,0.01,0.02,0,0,0,,0.05,10.94,0,0,0,0,0,0,0.03,
31,84,31084,1.08,,0.04,0,0.33,0,238.78,0,0.06,0.14,0,0.01,0,,0,3.09,0,0,0,0.44,0.04,0,1.4,
31,85,31085,2.23,,0.05,0,0.63,0,494.51,0,0.27,0.64,0,0.06,0.0001,,0,,0,0,0,0,0,0.59,5.43,
31,86,31086,0.33,,0.01,0,0.12,0,73.82,0,0.03,0.06,0,0.01,0,,0,,0,0,0,0,0,0,0.24,
31,87,31087,0.71,,0.03,0,0.22,0,157.73,0,0.01,0.02,0,0,0,,0,,0,0,0,0,0,0,0.11,
31,88,31088,0.31,,0.01,0,0.11,0,69.47,0,0.01,0.03,0,0,0,,0,,0,0,0,0,0,0,0.15,
31,89,31089,5.67,,0.42,0,1.56,0,1257.49,0.01,1.07,2.54,0,0.26,0.0003,,0.31,,0,0,0,4.39,0.43,0.73,0.56,
31,90,31090,1.01,,0.02,0,0.27,0,224.2,0,0.01,0.03,0,0,0,,0,,0,0,0,0,0,0,0.1,
31,91,31091,1.59,,0.18,0,0.45,0,351.61,0,0.11,0.27,0,0.03,0,,0,,0,0,0,2.86,0.28,0.02,0.61,
31,92,31092,0.98,,0.01,0,0.27,0,217.92,0,0.07,0.18,0,0.02,0,,0,,0,0,0,0,0,0,0.64,
31,93,31093,2.57,,0.11,0,0.82,0,570.16,0,0.2,0.48,0,0.05,0.0001,,0,102.93,0,0,0,2.34,0.23,0,0.35,
31,94,31094,0.69,0,0.01,0,0.19,0,152.82,0,0.04,0.09,0,0.01,0,,0,,0,0,0,0,0,0,0.43,
31,95,31095,0.8,,0.03,0,0.26,0,176.55,0,0.02,0.04,0,0,0,,0,,0,0,0,1.49,0.15,2.46,0.11,
31,96,31096,11.07,,0.55,0,3.26,0,2455.36,0.02,0.75,1.77,0,0.18,0.0002,,0.66,3077.06,0,0,0,1.17,0.12,0.91,33.98,
31,97,31097,0.54,,0.02,0,0.19,0,120.77,0,0.02,0.05,0,0.01,0,,0,6.96,0,0,0,5.44,0.54,0,1.32,
31,98,31098,2.16,0,0.05,0,0.61,0,478.84,0,0.11,0.25,0,0.03,0,,0,,0,0,0,0,0,0.06,1.92,
31,99,31099,0.48,,0.01,0,0.12,0,105.8,0,0.03,0.07,0,0.01,0,,0,,0,0,0,1.47,0.14,0.16,0.34,
31,100,31100,0.49,,0.01,0,0.16,0,47.92,0,0.03,0.07,0,0.01,0,,0,,0,0,0,0,0,0.81,0.06,
31,101,31101,8.48,,0.41,0,2.63,0,723.49,0.01,3.12,7.41,0,0.75,0.0009,,0.24,3.86,0,0,0,3.95,0.39,0.39,0.29,
31,102,31102,10.96,,0.79,0,3.15,0,2431,0.02,2.62,6.22,0,0.63,0.0007,,0,,0,0,0,2.76,0.27,3.48,1.89,
31,103,31103,0.47,,0.02,0,0.14,0,103.61,0,0.02,0.05,0,0.01,0,,0,,0,0,0,0,0,0,0.1,
31,104,31104,2.21,,0.01,0,0.62,0,491.01,0,0.03,0.06,0,0.01,0,,0,,0,0,0,0,0,0,2.09,
31,105,31105,0.42,,0.01,0,0.14,0,93.76,0,0.05,0.11,0,0.01,0,,0,17.78,0,0,0,0,0,0,0.11,
31,106,31106,0.33,,0.01,0,0.12,0,72.58,0,0.01,0.02,0,0,0,,0,14.02,0,0,0,0,0,0,0.36,
32,1,32001,0.94,0.06,0.04,0,0.38,0,208.21,0,0.01,0,0,0.02,0,,0,953.23,0,0,0,0,0,0,8.51,
32,2,32002,0.76,,0.01,0,0.27,0,169.48,0,0.01,0,0,0.01,0,,0,18.07,0,0,0,0,0,0,11.12,
32,3,32003,0.44,,0.01,0,0.21,0,96.66,0,0,0,0,0.01,0,,0,315.4,0,0,0,0,0,0,5.32,
32,4,32004,0.62,,0.04,0,0.24,0,137.82,0,0.01,0,0,0.02,0,,0,3082.74,0,0,0,0,0,0,5.37,
32,5,32005,5.75,,0.46,0,2.13,0,1274.61,0.01,2.64,0.65,0,4.27,0.0008,,0.01,,0,0,0,1.88,0.19,0.6,91.64,
32,6,32006,1.26,,0.07,0,0.05,0,278.64,0,0.02,0.01,0,0.03,0,,0,,0,0,0,6.4,0.63,0,71.96,
32,7,32007,1.89,0,0.12,0,0.74,0,418.58,0,0.04,0.01,0,0.07,0,,0,,0,0,0,4.55,0.45,0.34,14.55,
32,8,32008,1.79,,0.09,0,0.62,0,397.92,0,0.06,0.02,0,0.1,0,,0,2572.19,0,0,0,2.67,0.26,0,16.19,
32,9,32009,1.67,,0.06,0,0.65,0,371.34,0,0.03,0.01,0,0.05,0,,0,,0,0,0,1.79,0.18,0,70.52,
32,10,32010,31.28,0,2.34,0,11.61,0,6938.18,0.05,2.8,0.69,0,4.52,0.0008,,0.04,62.93,0,0,0,9.09,0.89,19.89,701.23,
32,11,32011,0.47,,0.03,0,0.21,0,104.64,0,0.01,0,0,0.02,0,,0,1092.19,0,0,0,0,0,0,4.23,
32,12,32012,1.17,,0.01,0,0.4,0,260.14,0,0.01,0,0,0.01,0,,0,78.76,0,0,0,2.07,0.2,0,26.47,
32,13,32013,0.9,,0.04,0,0.35,0,199.07,0,0.02,0.01,0,0.04,0,,0,,0,0,0,1.98,0.19,0,69.59,
32,14,32014,3.35,0,0.08,0,1.25,0,742.08,0.01,0.04,0.01,0,0.06,0,,0,,0,0,0,7.19,0.71,0.09,224.88,
32,15,32015,0.26,0,0,0,0.13,0,57.15,0,0,0,0,0,0,,0,63.52,0,0,0,0,0,0,8.35,
32,16,32016,3.41,,0.08,0,1.25,0,755.39,0.01,0.04,0.01,0,0.07,0,,0,27.42,0,0,0,0,0,0,88.14,
32,17,32017,20.59,0,1.38,0,7.85,0,910,0.03,1.78,0.44,0,2.88,0.0005,,0.03,342.86,0,0,0,4.25,0.42,5.7,152.22,
32,18,32018,0.67,,0.02,0,0.03,0,149.64,0,0.01,0,0,0.01,0,,0,,0,0,0,0,0,0,1.57,
32,19,32019,3.65,,0.27,0,1.44,0,808.73,0.01,0.12,0.03,0,0.19,0,,0.01,333.32,0,0,0,0,0,0.06,19.86,
32,20,32020,8.37,0.13,0.7,0,3.51,0,1856.67,0.01,0.48,0.12,0,0.78,0.0001,,0.01,166.32,0,0,0,0,0,0.23,79.97,
32,21,32021,0.77,,0.02,0,0.25,0,171.39,0,0.01,0,0,0.01,0,,0,1095.3,0,0,0,0,0,0,19.79,
32,22,32022,2.94,,0.24,0,1.09,0,653.02,0,0.12,0.03,0,0.19,0,,0,,0,0,0,0,0,0,191.41,
32,23,32023,1.85,,0.17,0,0.84,0,409.61,0,0.08,0.02,0,0.13,0,,0,84.06,0,0,0,0,0,0,8.97,
32,24,32024,6.91,0,0.4,0,2.28,0,1532.49,0.01,0.32,0.08,0,0.52,0.0001,,0.01,,0,0,0,2.22,0.22,0,41.09,
32,25,32025,1.75,0,0.08,0,0.06,0,387.69,0,0.19,0.05,0,0.3,0.0001,,0,,0,0,0,0.9,0.09,0.03,26.6,
32,26,32026,2.48,0.32,0.01,0,0.92,0,550.32,0,0,0,0,0,0,,0,10.97,0,0,0,9.07,0.89,3.62,63.24,
32,27,32027,0.4,,0.01,0,0.14,0,88.47,0,0,0,0,0,0,,0,,0,0,0,0,0,0,3.88,
32,28,32028,0.39,,0.01,0,0.16,0,87.37,0,0.01,0,0,0.01,0,,0,275.74,0,0,0,0,0,0,3.89,
32,29,32029,3.29,,0.16,0,1.14,0,730.15,0.01,0.16,0.04,0,0.26,0,,0,,0,0,0,0,0,0,243.34,
32,30,32030,0.43,,0.03,0,0.19,0,94.75,0,0.01,0,0,0.02,0,,0,1954.24,0,0,0,0,0,0,3.41,
32,31,32031,1.41,,0.07,0,0.62,0,312.6,0,0.03,0.01,0,0.05,0,,0,1062.39,0,0,0,0,0,0.01,26.99,
32,32,32032,1.68,,0.08,0,0.07,0,372.19,0,0.14,0.04,0,0.23,0,,0,14.17,0,0,0,2.3,0.23,7.45,60.93,
32,33,32033,0.73,,0.04,0,0.33,0,162.39,0,0.02,0.01,0,0.04,0,,0,282.65,0,0,0,0,0,0,8.53,
32,34,32034,4.17,,0.22,0,0.17,0,924.73,0.01,0.16,0.04,0,0.27,0,,0,1077.26,0,0,0,0,0,0,29.84,
32,35,32035,2.1,0,0.01,0,0.74,0,465.88,0,0.01,0,0,0.01,0,,0,,0,0,0,2.75,0.27,0,32.38,
32,36,32036,5.98,0,0.31,0,2.06,0,1325.41,0.01,0.37,0.09,0,0.6,0.0001,,0.01,78.76,0,0,0,1.11,0.11,0.1,93.79,
32,37,32037,2.37,0,0.04,0,0.88,0,525.89,0,0.03,0.01,0,0.05,0,,0,1.55,0,0,0,0,0,0,111.96,
32,38,32038,10.53,0.13,0.09,0,3.64,0,2336.07,0.02,0.14,0.03,0,0.22,0,,0.01,,0,0,0,9.8,0.96,0.03,219.9,
32,39,32039,9.19,0.06,0.65,0,3.51,0,2037.21,0.02,0.26,0.06,0,0.42,0.0001,,0.01,,0,0,0,9.88,0.97,0.07,346.36,
32,40,32040,3.08,0,0.07,0,1.02,0,682.49,0.01,0.02,0.01,0,0.04,0,,0,,0,0,0,5.68,0.56,0,140.8,
32,41,32041,0.46,,0.01,0,0.17,0,101.18,0,0,0,0,0.01,0,,0,,0,0,0,5.17,0.51,0,8.67,
32,42,32042,9.26,,0.46,0,3.56,0,2054.61,0.02,0.19,0.05,0,0.3,0.0001,,0.01,,0,0,0,11.42,1.12,5.89,695.77,
32,43,32043,0.2,,0,0,0.08,0,43.6,0,0,0,0,0,0,,0,89.21,0,0,0,0,0,0,1.07,
32,44,32044,2.36,,0.12,0,0.89,0,522.68,0,0.41,0.1,0,0.66,0.0001,,0,54.84,0,0,0,0,0,0,10.26,
32,45,32045,1.27,,0.08,0,0.01,0,281.18,0,0.04,0.01,0,0.07,0,,0,1048.37,0,0,0,0,0,0,14.21,
32,46,32046,1.13,0.19,0.02,0,0.5,0,249.94,0,0.01,0,0,0.02,0,,0,29.79,0,0,0,0,0,0,28.74,
32,47,32047,0.84,,0.06,0,0.04,0,186.36,0,0.03,0.01,0,0.05,0,,0,2093.64,0,0,0,0,0,0,14.08,
32,48,32048,3.44,,0.35,0,1.36,0,763.79,0.01,0.18,0.04,0,0.29,0.0001,,0.01,2885.53,0,0,0,0,0,0.03,16.48,
32,49,32049,5.17,,0.24,0,2.02,0,1147.28,0.01,0.13,0.03,0,0.22,0,,0.01,2091.97,0,0,0,0,0,0.11,83.96,
32,50,32050,1.33,,0.02,0,0.47,0,295.05,0,0.01,0,0,0.02,0,,0,511.06,0,0,0,0,0,0.24,49.57,
32,51,32051,4.84,0,0.15,0,1.79,0,1073.89,0.01,0.09,0.02,0,0.14,0,,0.01,2752.9,0,0,0,8.13,0.8,0.33,327.92,
32,52,32052,2.63,0,0.06,0,0.91,0,583.89,0,0.06,0.02,0,0.1,0,,0,,0,0,0,0,0,0,32.07,
32,53,32053,1.89,0.26,0.06,0,0.68,0,418.54,0,0.03,0.01,0,0.05,0,,0,,0,0,0,0,0,0,43.66,
32,54,32054,2.74,0,0.05,0,0.93,0,607.02,0,0.02,0.01,0,0.03,0,,0,,0,0,0,1.34,0.13,0,34.18,
32,55,32055,4.58,0,0.21,0,1.85,0,1015.28,0.01,0.34,0.08,0,0.56,0.0001,,0.01,1177.49,0,0,0,0,0,0,92.38,
32,56,32056,21.02,0,2.92,0,8.15,0,628.76,0.04,1.02,0.25,0,1.65,0.0003,,0.03,188.44,79.35,79.57,0,3.35,0.33,14.17,41.69,
32,57,32057,2.45,,0.09,0,0.77,0,542.31,0,0.03,0.01,0,0.05,0,,0,32.09,0,0,0,0,0,0,38.32,
32,58,32058,0.41,,0,0,0.17,0,91.82,0,0,0,0,0,0,,0,663.82,0,0,0,0,0,0,0,