ENTIDAD,MUNICIPIO,,,,,,,,,,
CLAVE,CLAVE,,Cruces fronterizos,Domésticas de amoniaco,Fertilizantes,Ganaderas amoniaco,Incendios forestales,Terminales de autobuses,Quemas agrícolas,Maquinaria uso agropecuario,Maq Const
9,Mg_per_year,2222222222,5555555555,2801700000,2805020000,2810001000,2230075350,2801500002,2270005000,2260002000,
1,1,1001,,674.24,246.68,2665,17.78,0.01,,25.42,0.02
1,2,1002,,48.27,158.28,2031.14,,,0,16.94,0
1,3,1003,,55.06,93.76,59.82,1.16,,,2.99,0
1,4,1004,,15.24,51.43,166.1,,,,5.27,0
1,5,1005,,92.96,94.75,471.17,31.25,,,9.94,0
1,6,1006,,42.66,65.99,2128.42,0.09,,,7.13,0
1,7,1007,,50.98,91.56,2424.24,0.37,,,10.08,0
1,8,1008,,9.27,36.78,58.85,0.58,,,3.74,0
1,9,1009,,19.94,89.75,720.65,,,,9.21,0
1,10,1010,,21.1,199.19,6606.49,,,,21.83,0
1,11,1011,,31.26,49.14,1278.14,,,,5.38,0
2,1,2001,,1019.45,1112.1,338.44,86.9,,15.49,70.11,0
2,2,2002,0.886869738,1883.2,2512.6,904.66,,0.01,15.49,159.25,0.04
2,3,2003,0.063692143,237.61,47.74,79.2,179.82,,15.49,2.81,0
2,4,2004,1.782991414,3154.27,23.75,142.38,56.89,0.01,,1.54,0.04
2,5,2005,,187.69,15.65,44.24,86.82,,,1.11,0
3,1,3001,,78.77,580.37,558.46,26.56,,1.01,59.21,0
3,2,3002,,63.68,64.89,352.9,,,,5.71,0.01
3,3,3003,,225.75,83.06,392.73,0.02,0.01,,7.39,0
3,8,3008,,186.65,44.4,424.73,,,1.01,3.81,0
3,9,3009,,18.16,7.19,105.22,,,,0.76,0
4,1,4001,,129.69,74.41,321.02,,,,4.43,0
4,2,4002,,564.3,213.57,1363.15,0,0,,18.19,0.01
4,3,4003,,519.38,167.58,1039,,,,7.79,0.01
4,4,4004,,201.64,474.32,543.47,11.61,,7.94,63.4,0
4,5,4005,,76.1,121.59,104.31,,,,13.63,0
4,6,4006,,102.56,447.21,447.66,0.3,,,44.93,0
4,7,4007,,23.53,101.55,606.77,0.41,,,11.83,0
4,8,4008,,24.79,63.2,40.04,,,,6.55,0
4,9,4009,,136.74,258.44,1052.96,28.28,,,18.48,0
4,10,4010,,80.82,161.87,223.69,20.29,,,2.22,0
4,11,4011,,137.01,167.95,821.71,19.75,,,2.28,0
5,1,5001,,2.47,17.39,41.23,0.05,,0.13,0,0
5,2,5002,0.089889212,313.57,7.71,274.27,3.38,,0.13,83.2,0
5,3,5003,,50.18,21.93,56.53,,,,0,0
5,4,5004,,50.16,135.59,180.27,0.3,,0.13,0,0
5,5,5005,,4.38,30.24,79.04,1.34,,0.13,0,0
5,6,5006,,60.82,75.75,221.98,0.92,,,0,0
5,7,5007,,34.58,45.33,118.45,0.6,,0.13,0,0
5,8,5008,,7.11,11.48,129.77,0.13,,0.13,0,0
5,9,5009,,128.36,90.64,681.13,0.35,,0.13,0,0
5,10,5010,,174.91,18.22,33.4,,,0.13,50.31,0
5,11,5011,,29.8,60.82,458.3,,,0.13,0,0
5,12,5012,,5.16,44.15,130.14,,,,0,0
5,13,5013,,4.08,246.3,77.55,,,,0,0
5,14,5014,,26.47,20.16,224.64,,,0.13,0,0
5,15,5015,,3.71,54.44,38.18,,,0.13,0,0
5,16,5016,,4.29,3.47,17.1,0.39,,0.13,0,0
5,17,5017,,249.64,106.49,1126.27,,,,0,0
5,18,5018,,465.03,26.89,38.99,0.13,,0.13,0,0.01
5,19,5019,,17.97,17.41,53.67,,,0.13,0,0
5,20,5020,,159.16,65.69,350.96,2.7,,0.13,0,0
5,21,5021,,14.47,21.47,94.67,,,0.13,0,0
5,22,5022,,65.26,41.77,135.81,5.77,,0.13,0,0.01
5,23,5023,,27.66,6.45,173.7,0.31,,,0,0
5,24,5024,,111.93,76.1,412.11,0.37,,0.13,0,0
5,25,5025,0.091193351,355.68,18.02,44.06,,,,0,0
5,26,5026,,8.69,55.15,60.87,0.22,,0.13,0,0
5,27,5027,,144.86,58.4,750.41,4.2,,0.13,0,0
5,28,5028,,131.5,34.17,165.23,0.14,,,26.23,0
5,29,5029,,5.17,6.68,34.06,,,0.13,0,0
5,30,5030,,1510.84,126.67,750.46,15.51,0.02,0.13,140.99,0.01
5,31,5031,,48.85,18.19,247.55,1.16,,0.13,0,0
5,32,5032,,100.81,15.9,100.53,,,0.13,0,0
5,33,5033,,236.13,141.25,799.64,1.27,,0.13,0,0
5,34,5034,,15.5,2.92,88.54,,,,0,0
5,35,5035,,1337.03,34.53,781.36,,,0.13,0,0.01
5,36,5036,,48.97,37.05,664.77,,,0.13,0,0
5,37,5037,,16.06,31.23,176.57,0.05,,0.13,0,0
5,38,5038,,31.96,28.64,350.89,9.09,,0.13,0,0
6,1,6001,,62.21,139.56,37.21,0.16,,,8.54,0
6,2,6002,,326.99,132.57,416.74,,0,2.05,8.08,0
6,3,6003,,49.85,67.1,185.5,,,2.05,4.43,0
6,4,6004,,43.61,92.52,115.14,2.27,,2.05,5.7,0
6,5,6005,,63.57,84.38,185,0.02,,2.05,5.04,0
6,6,6006,,12.4,58.98,59.55,0,,,3.63,0
6,7,6007,,342.4,203.02,161.45,6.27,,,12.07,0
6,8,6008,,19.69,65.67,69.19,0.58,,2.05,3.88,0
6,9,6009,,244.21,376.46,151.87,0,,,23.01,0
6,10,6010,,247.35,57.27,67.68,1.37,,2.05,3.44,0
7,1,7001,,42.26,30.45,27.92,,,,1.06,0
7,2,7002,,68.02,60.16,127.7,,,,2.09,0
7,3,7003,,62.89,112.46,229.9,0.77,,1.95,3.91,0
7,4,7004,,76.65,26.61,80.89,0.94,,,0.92,0
7,5,7005,,64.1,27.67,175.34,,,,0.96,0
7,6,7006,,66.32,33.68,51.25,2.63,,,1.17,0
7,7,7007,,22.88,8.95,30.31,0.45,,,0.31,0
7,8,7008,,80.09,45.33,606.88,1.49,,,1.58,0
7,9,7009,,99.2,8.97,407.98,0.84,,,0.31,0
7,10,7010,,17.28,6.51,35.75,,,,0.23,0
7,11,7011,,47.99,25.98,63.38,0.05,,,0.9,0
7,12,7012,,92.76,11.13,249.66,0.16,,,0.39,0
7,13,7013,,66.4,20.22,136.64,0.75,,,0.7,0
7,14,7014,,37.13,26.43,85.47,0.52,,,0.92,0
7,15,7015,,109.21,26.85,387.66,,,,0.93,0
7,16,7016,,42.42,35.64,426.55,,,,1.24,0
7,17,7017,,199.71,52.88,696.88,154.07,,,1.84,0
7,18,7018,,20.42,12.92,320.96,,,,0.45,0
7,19,7019,,308.62,47.91,294.67,0.61,,,1.66,0
7,20,7020,,116.87,91.69,879.77,27.78,,,3.19,0
7,21,7021,,59.02,17.23,244.13,,,,0.6,0
7,22,7022,,46.96,24.68,30.23,0.16,,,0.86,0
7,23,7023,,188.48,26.63,138.86,0.1,,,0.93,0
7,24,7024,,25.7,8.44,21.99,,,,0.29,0
7,25,7025,,22.44,6.61,133.29,,,,0.23,0
7,26,7026,,91.06,33.24,43.63,,,,1.15,0
7,27,7027,,189.77,62.78,166.4,0.18,,,2.18,0
7,28,7028,,12.49,12.49,38.01,,,,0.43,0
7,29,7029,,13.11,4.44,37.48,,,,0.15,0
7,30,7030,,77.18,49.33,564.11,1.45,,,1.71,0
7,31,7031,,333.8,109.49,560.78,0.57,,,3.8,0
7,32,7032,,77,69.88,109.74,,,,2.43,0
7,33,7033,,20.5,4.81,114.59,,,,0.17,0
7,34,7034,,150.6,86.19,600.39,0.08,,,2.99,0
7,35,7035,,29.07,25.5,38.19,,,,0.89,0
7,36,7036,,18.5,7.49,29.67,0.02,,,0.26,0
7,37,7037,,82.09,78.31,47.3,,,1.95,2.72,0
7,38,7038,,51.2,13.37,36.08,0.04,,1.95,0.46,0
7,39,7039,,62.13,50.99,142.44,,,,1.77,0
7,40,7040,,127.16,50.64,59.23,,,1.95,1.76,0
7,41,7041,,94.68,81.16,323.06,0.23,,,2.82,0
7,42,7042,,23.56,8.69,33.2,,,,0.3,0
7,43,7043,,30.42,3.52,171.88,,,,0.12,0
7,44,7044,,55.25,29.01,62.73,8.42,,,1.01,0
7,45,7045,,14.27,2.46,125.38,,,,0.09,0
7,46,7046,,96.57,72.17,628.5,52.58,,,2.51,0
7,47,7047,,42.19,12.56,55.34,1.58,,,0.44,0
7,48,7048,,54.36,17.83,271.82,,,,0.62,0
7,49,7049,,47.25,19.74,28.02,,,,0.69,0
7,50,7050,,15.22,15.92,411.67,,,,0.55,0
7,51,7051,,99.92,231.03,500.9,,,,8.03,0
7,52,7052,,300.57,137.94,428.44,0.41,,,4.79,0
7,53,7053,,17.85,4.27,33.38,,,1.95,0.15,0
7,54,7054,,62.22,64.86,139.49,,,1.95,2.25,0
7,55,7055,,12.56,9.03,11.38,,,,0.31,0
7,56,7056,,23.35,6.12,10.53,,,,0.21,0
7,57,7057,,151.31,78.98,72.19,0.1,,1.95,2.74,0
7,58,7058,,10.14,12.77,38.77,,,,0.44,0
7,59,7059,,565.97,197.9,673.83,31.06,,,6.88,0
7,60,7060,,29.7,9.01,,,,,0.31,0
7,61,7061,,197.86,122.61,278.17,5.76,,,4.26,0
7,62,7062,,54.8,22.5,700.6,,,,0.78,0
7,63,7063,,8.63,10.15,47.62,0.03,,,0.35,0
7,64,7064,,149.71,29.7,22.07,0.08,,,1.03,0
7,65,7065,,274.35,135.27,1387.8,0.39,,,4.7,0
7,66,7066,,71.7,16.09,64.61,,,,0.56,0
7,67,7067,,26.25,4.74,27.53,0.04,,,0.16,0
7,68,7068,,83.72,19.92,758.63,,,,0.69,0
7,69,7069,,124.78,23.98,1156.62,0.19,,,0.83,0
7,70,7070,,34.46,8.58,60.78,,,1.95,0.3,0
7,71,7071,,72.48,44.45,84.37,0.17,,1.95,1.54,0
7,72,7072,,75.08,28.07,110.19,0.13,,,0.98,0
7,73,7073,,20.54,3.63,31.9,0.13,,,0.13,0
7,74,7074,,87.91,11.62,452.9,,,,0.4,0
7,75,7075,,66.62,19.51,22.61,0.02,,1.95,0.68,0
7,76,7076,,71.54,41.22,111.32,,,,1.43,0
7,77,7077,,158.82,88.61,478.48,,,,3.08,0
7,78,7078,,415.4,23.65,50.22,2.95,,,0.82,0
7,79,7079,,75.56,19.94,86.89,,,,0.69,0
7,80,7080,,102.82,54.1,128.55,1.58,,,1.88,0
7,81,7081,,84.69,71.57,109.77,,,,2.49,0
7,82,7082,,46.54,12.83,73.37,0.32,,,0.45,0
7,83,7083,,41.11,39.73,237.67,,,1.95,1.38,0
7,84,7084,,22.46,5.42,227.73,,,,0.19,0
7,85,7085,,21.99,11.98,29.57,,,,0.42,0
7,86,7086,,47.28,23.5,117.02,,,,0.82,0
7,87,7087,,88.87,38.68,71.4,,,,1.34,0
7,88,7088,,6.71,2.63,169.53,,,,0.09,0
7,89,7089,,688.5,184.47,267.47,,,1.95,6.41,0
7,90,7090,,10.39,3.33,22.59,0.88,,,0.12,0
7,91,7091,,26.52,7,28.41,,,,0.24,0
7,92,7092,,110.27,26.13,719.95,0.02,,,0.91,0
7,93,7093,,97.73,31.25,13.66,0.09,,,1.09,0
7,94,7094,,84.76,20.88,45.35,0.25,,,0.73,0
7,96,7096,,189.61,81.38,213.04,,,,2.83,0
7,97,7097,,205.55,12.76,747.67,1.52,,,0.44,0
7,98,7098,,15.74,20.38,55.31,,,,0.71,0
7,99,7099,,155.56,113.31,522.57,0.23,,,3.94,0
7,100,7100,,89.02,34.6,125.73,,,,1.2,0
7,101,7101,,1179.59,13.3,83.78,0.71,0.08,,0.46,0
7,102,7102,,90.29,35.83,109.81,,,,1.24,0.02
7,103,7103,,65.44,32.02,22.25,,,1.95,1.11,0
7,104,7104,,32.26,21.23,217.51,0.41,,1.95,0.74,0
7,105,7105,,35.84,13.44,6.75,0.39,,,0.47,0
7,106,7106,,148.46,126.77,230.93,0.02,,1.95,4.4,0
7,107,7107,,192.19,141.31,1214.92,38.98,,,4.91,0
7,108,7108,,244.28,121.1,6269.61,14.29,,,4.21,0
7,109,7109,,97.81,18.93,102.34,0.03,,,0.66,0
7,110,7110,,15.66,13.07,45.42,,,,0.45,0
7,111,7111,,78.04,29.53,14.38,1.68,,,1.03,0
7,112,7112,,73.49,26.06,27.2,,,,0.91,0
7,113,7113,,16.51,0,,,,,0,0
7,114,7114,,41.06,34.82,118.28,,,,1.21,0
7,115,7115,,38.92,0,13.66,,,,0,0
7,116,7116,,23,33.14,102.91,,,,1.15,0
7,117,7117,,18.15,0,,0.07,,,0,0
7,118,7118,,8.2,0,,,,,0,0
7,119,7119,,7.6,0,,,,,0,0
8,1,8001,,29.75,303.55,,,,0.13,25.11,0
8,2,8002,,50.88,186.32,,,,0.13,16.02,0
8,3,8003,,20.92,177.39,,,,0.13,11.16,0
8,4,8004,,15.4,0,,,,,0,0
8,5,8005,0.028720677,62.51,522.14,,,,0.13,47.37,0
8,6,8006,,14.84,445.72,,,,0.13,38.17,0
8,7,8007,,71.04,171.6,836.94,1.43,,,14.65,0
8,8,8008,,75.62,28.83,,0.56,,0.13,0.15,0
8,9,8009,,120.15,191.43,,2.63,,,2.72,0
8,10,8010,,51.59,436.44,116.27,,,0.13,37.23,0
8,11,8011,,117.91,182.65,,,,0.13,15.66,0
8,12,8012,,41.89,224.13,,,,,17.06,0
8,13,8013,,23.85,206.68,,3.26,,0.13,15.24,0
8,14,8014,,5.1,36.28,,,,0.13,3.12,0
8,15,8015,,3.64,12.06,,,,,0.18,0
8,16,8016,,8.65,38.92,,,,0.13,3.34,0
8,17,8017,,334.34,1798.39,970.33,,,0.13,154,0
8,18,8018,,12.61,746.73,,,,0.13,63.94,0
8,19,8019,,1762.75,384.96,1519.04,9.53,0.01,0.13,33,0.02
8,20,8020,,27.37,32.96,,1.18,,0.13,0.02,0
8,21,8021,,313.43,248.97,2620.28,,,0.13,21.4,0
8,22,8022,,6.56,92.78,,,,,7.97,0
8,23,8023,,9.55,84.77,,,,0.13,7.26,0
8,24,8024,,9.51,169.35,,,,,14.5,0
8,25,8025,,18.99,368.53,,,,,35.31,0
8,26,8026,,7.85,120.09,,,,,9.78,0
8,27,8027,,243.84,307.42,,5.98,,,27.16,0
8,28,8028,0.012951178,23.26,67.02,,,,0.13,5.74,0
8,29,8029,,269.26,289.79,,16.04,,,25.51,0
8,30,8030,,33.83,47.66,,2.58,,0.13,0.14,0
8,31,8031,,109.76,1069.19,,0.88,,0.13,88.92,0
8,32,8032,,257.57,60.18,,,,0.13,4.27,0
8,33,8033,,2.8,29.54,,,,,1.33,0
8,34,8034,,16.58,292.25,,,,,24.94,0
8,35,8035,,21.26,520.45,,1.21,,0.13,41.88,0
8,36,8036,,100.41,340.01,,,,0.13,29.21,0
8,37,8037,0.80972501,2872.55,57.78,,,,0.13,4.91,0.02
8,38,8038,,11.23,75.5,,,,0.13,6.48,0
8,39,8039,,9.81,77.52,,,,0.13,6.04,0
8,40,8040,,84.43,532.87,743.78,6.32,,0.13,44.36,0
8,41,8041,,9.59,21.91,,0.01,,0.13,0.08,0
8,42,8042,,4.56,3.91,,3.36,,0.13,0.32,0
8,43,8043,,8.23,113.26,,,,,9.7,0
8,44,8044,,11.02,114.6,,,,0.13,9.81,0
8,45,8045,,102.99,298.81,,,,0.13,25.6,0
8,46,8046,,40.55,20.25,,,,,0,0
8,47,8047,,17.39,35.01,,,,0.13,0.14,0
8,48,8048,,50.64,1998.81,,,,,171.16,0
8,49,8049,,10.92,46.68,,,,,3.97,0
8,50,8050,,135.09,209.17,1074.9,,,0.13,18.33,0
8,51,8051,,22.62,45.11,,0.54,,0.13,0.35,0
8,52,8052,0.01493865,54.71,277.19,,,,0.13,23.37,0
8,53,8053,,21.46,96.98,,,,0.13,8.31,0
8,54,8054,,19.37,834.73,,,,0.13,71.48,0
8,55,8055,,40.34,174.59,,,,0.13,14.96,0
8,56,8056,,5.39,53.98,,,,,3.22,0
8,57,8057,,6.11,63.76,,,,0.13,0.04,0
8,58,8058,,6.69,27.49,,,,0.13,2.35,0
8,59,8059,,12.85,15.42,,,,,0.94,0
8,60,8060,,25.03,30,,,,,2.52,0.01
8,61,8061,,10.54,139.91,,,,,11.98,0
8,62,8062,,70.71,236.94,,,,0.13,20.31,0.02
8,63,8063,,23.81,194,,0.02,,,16.61,0
8,64,8064,,4.9,35.09,,,,,2.81,0
8,65,8065,,92.2,86.61,,3.09,,0.13,0.1,0
8,66,8066,,37.94,40.12,,0.32,,0.13,0,0
8,67,8067,,11.44,119.3,,,,,9.77,0
9,2,9002,,981.88,0,,,,,0,0
9,3,9003,,1450.93,0,,0.15,0.09,,0,0
9,4,9004,,427.66,0.6,4.5,0.37,,,0.03,0
9,5,9005,,2593.44,0,,0.57,0.09,,0,0
9,6,9006,,911.77,0,,,,,0,0
9,7,9007,,3961.46,0,,0.35,,,0,0
9,8,9008,,528.96,1.79,5.6,0.38,,,0.07,0.02
9,9,9009,,286.65,43.7,29.92,12.15,,,4.91,0
9,10,9010,,1632.18,0.52,5.13,0.25,0.09,,0.04,0
9,11,9011,,794.98,21.05,57.8,1.07,,,2.45,0
9,12,9012,,1407.36,35,61.14,17.36,,,3.66,0
9,13,9013,,937.96,6.86,64.78,1.59,,,0.64,0.01
9,14,9014,,820.24,0,,,,,0,0
9,15,9015,,1203.89,0,,,,,0,0.02
9,16,9016,,816.83,0,,,,,0,0.01
9,17,9017,,1033.27,0,,,0.09,,0,0.04
10,1,10001,,74.4,390.77,302.3,2.75,,0.11,64.31,0
10,2,10002,,16.29,30.93,134.48,9.53,,0.11,0.92,0
10,3,10003,,11.15,30.98,148.36,,,,4.07,0
10,4,10004,,79.74,512.47,342.16,,,0.11,1.44,0
10,5,10005,,1234.51,506.77,971.12,14.02,0,0.11,84.49,0.01
10,6,10006,,24.29,126.88,181.78,,,0.11,25.41,0
10,7,10007,,706.35,184.72,3717.14,,,,37.98,0
10,8,10008,,79.66,482.18,251.49,,,0.11,81.5,0
10,9,10009,,33.72,47,240.62,2.49,,,0.77,0
10,10,10010,,10.9,127.13,,,,0.11,8.18,0
10,11,10011,,12.32,139.79,295.11,,,,0.31,0
10,12,10012,,320.51,129.98,1057.89,,,0.11,26.05,0
10,13,10013,,57.3,88.87,1862.35,,,0.11,18.22,0
10,14,10014,,162.35,157.09,543.15,48.18,,,5.42,0
10,15,10015,,31.47,49.87,165.53,,,0.11,11.43,0
10,16,10016,,44.02,149.76,148.73,,,0.11,25.41,0
10,17,10017,,25.16,113.95,,,,,1.59,0
10,18,10018,,26.68,66.17,329.55,,,,1.17,0
10,19,10019,,14.15,21.01,123.69,7.38,,,1.05,0
10,20,10020,,29.55,229.97,107.07,,,0.11,41.55,0
10,21,10021,,25.44,173.74,159.98,,,0.11,33.92,0
10,22,10022,,58.55,279.15,170.98,,,0.11,50.55,0
10,23,10023,,148.59,73.09,462.59,35.55,,,0.59,0
10,24,10024,,28.35,54.59,157.89,,,0.11,11.05,0
10,25,10025,,10.9,58.37,244.87,,,,1.8,0
10,26,10026,,55.2,80.73,452.31,6.27,,,5.49,0
10,27,10027,,17.54,35.15,176.86,,,0.11,7.04,0
10,28,10028,,27.06,136.43,230.06,,,0.11,20.95,0
10,29,10029,,5.11,35.91,61.05,,,0.11,7.19,0
10,30,10030,,3.88,32.52,128.63,,,,6.57,0
10,31,10031,,16.08,158.57,156.28,,,0.11,29.74,0
10,32,10032,,109.04,277.66,402.67,16.44,,0.11,42.73,0
10,33,10033,,21.14,68.35,115.38,,,0.11,12.81,0
10,34,10034,,82.29,92.02,579.21,10.11,,,0,0
10,35,10035,,36.37,75.03,219.61,4.49,,0.11,10,0
10,36,10036,,49.71,67.02,723.16,,,,13.41,0
10,37,10037,,36.83,31.31,100.61,0.81,,0.11,1.6,0
10,38,10038,,51.41,137.38,62.73,,,0.11,26.44,0
10,39,10039,,62.24,322.39,338.65,,,0.11,58.69,0
11,1,11001,,195.13,627.52,431.65,,,0.91,56.55,0
11,2,11002,,257.54,286.21,284,,,0.91,24.18,0
11,3,11003,,361.64,300.56,2250.44,3.27,,0.91,20.9,0
11,4,11004,,149.85,280.77,1330.37,0.77,,0.91,31.34,0
11,5,11005,,189.46,175,2852.03,,,0.91,18.9,0
11,6,11006,,15.56,8.87,46.69,,,,0,0
11,7,11007,,982.28,312,1246.6,1.34,,0.91,35.1,0
11,8,11008,,90.73,400.89,277.04,0.83,,0.91,37.21,0
11,9,11009,,193.29,216.25,809.64,,,0.91,23.82,0
11,10,11010,,29.39,33.08,127.25,,,,3.73,0
11,11,11011,,209.85,229.25,571.77,,,0.91,21.95,0
11,12,11012,,60.5,124.94,119.2,2.8,,0.91,11.27,0
11,13,11013,,57.53,128.45,208.88,,,,14.08,0
11,14,11014,,362.34,324.2,616.27,0.16,,0.91,26.8,0
11,15,11015,,393.81,83.11,177.33,3.11,0.09,0.91,5.82,0.02
11,16,11016,,46,135.36,156.63,0.06,,0.91,11.44,0
11,17,11017,,1081.18,733.93,766.46,1.59,,0.91,66.14,0
11,18,11018,,79.23,170.35,117.29,,,0.91,17.27,0
11,19,11019,,121.29,306.66,168.8,,,0.91,34.54,0
11,20,11020,,2838.89,434.54,936.76,2.27,,0.91,42.83,0.02
11,21,11021,,115.47,32.89,111.84,,,,1.85,0
11,22,11022,,55.35,328.35,137.53,0.79,,0.91,18.49,0
11,23,11023,,362.12,982.4,1268.32,1.59,,0.91,77.46,0
11,24,11024,,24.33,53.38,224.56,,,0.91,5.11,0
11,25,11025,,145.56,226.08,515.33,,,0.91,21.24,0
11,26,11026,,128.52,349.96,183.31,0.11,,0.91,36.59,0
11,27,11027,,552.19,672.16,445.89,,,0.91,60.57,0
11,28,11028,,231.17,389.27,292.88,,,0.91,35.18,0
11,29,11029,,91.99,126.28,759.42,4.6,,,8.89,0
11,30,11030,,262.13,727.73,387.48,2.8,,0.91,47.1,0
11,31,11031,,258.53,262.72,191.82,,,0.91,25.73,0
11,32,11032,,154.14,204.84,187.38,,,,22.94,0.01
11,33,11033,,275.23,227.92,1619.22,,,,25.25,0
11,34,11034,,14.26,8.84,33.65,,,,0.55,0
11,35,11035,,180.41,213.4,1526.41,0.4,,0.91,23.82,0
11,36,11036,,15.86,51.62,34.11,,,0.91,4.07,0
11,37,11037,,374.27,238.05,399.45,0.79,,0.91,23.36,0
11,38,11038,,25.86,69.57,65.62,,,0.91,4.7,0
11,39,11039,,84.62,166.23,159.8,,,0.91,18.72,0
11,40,11040,,48.6,12.3,64,,,,0.83,0
11,41,11041,,131.45,26.27,111.29,,,,1.48,0
11,42,11042,,318.91,741.19,489.16,,,0.91,66.79,0
11,43,11043,,59.76,49.62,203.33,,,,1.35,0
11,44,11044,,124.84,214.82,1347.41,,,0.91,20.57,0
11,45,11045,,32.99,43.85,82.55,,,,0.25,0
11,46,11046,,158.28,221.92,156.67,,,0.91,16.25,0
12,1,12001,,706.81,216.5,748.78,11.01,0.03,,1.21,0.01
12,2,12002,,40.02,36.31,,,,,0.33,0
12,3,12003,,58.65,114.15,,0.54,,,0.96,0
12,4,12004,,22.27,25.63,,,,,0.23,0
12,5,12005,,7.29,7.98,,,,,0.04,0
12,6,12006,,16.03,27.31,4315.93,,,,0.22,0
12,7,12007,,42.21,54.79,,,,,0.41,0
12,8,12008,,9.08,17.18,,,,,0.16,0
12,9,12009,,7.4,11.34,,0.2,,,0.1,0
12,10,12010,,45.7,23.46,,3.01,,,0.21,0
12,11,12011,,73.45,332.84,2939.86,9.67,,,0.81,0
12,12,12012,,106.67,144.57,4798.44,1.78,,,0.55,0
12,13,12013,,17.76,87.43,,,,,0.24,0
12,14,12014,,18.3,61.36,,,,,0.08,0
12,15,12015,,14.31,7.09,,0.28,,,0.07,0
12,16,12016,,37.75,41.75,,,,,0.32,0
12,17,12017,,16.59,33.18,,,,,0.25,0
12,18,12018,,15.25,57.01,,,,,0.16,0
12,19,12019,,20.12,19.97,,,,,0.18,0
12,20,12020,,28.8,20.94,,,,,0.19,0
12,21,12021,,85.12,208.89,,15.07,,,1.05,0
12,22,12022,,75.61,128.45,5824.63,1.82,,,1.17,0
12,23,12023,,31.34,143.88,,,,,0.23,0
12,24,12024,,9.56,13.39,,,,,0.12,0
12,25,12025,,18.29,61.15,,,,,0.37,0
12,26,12026,,10.68,17.93,,,,,0.15,0
12,27,12027,,27.32,61.52,,,,,0.56,0
12,28,12028,,145.81,90.53,,0.34,,,0.78,0
12,29,12029,,223.27,64.18,2697.86,86.4,,,0.54,0
12,30,12030,,22.72,83.1,,,,,0.21,0
12,31,12031,,8.86,20.91,,,,,0.18,0
12,32,12032,,101.6,84.44,,2.97,,,0.74,0
12,33,12033,,16.16,19.1,,0.58,,,0.14,0
12,34,12034,,42.52,59.77,,3.52,,,0.53,0
12,35,12035,,152.87,44.19,,,,,0.36,0
12,36,12036,,14.54,100.09,,,,,0.21,0
12,37,12037,,7.47,11.75,,,,,0.1,0
12,38,12038,,124.15,75.62,,,,,0.42,0
12,39,12039,,26.63,61.86,,4.01,,,0.31,0
12,40,12040,,28.83,51.45,,0.95,,,0.45,0
12,41,12041,,59.65,72.27,,4.48,,,0.31,0
12,42,12042,,19.25,21.34,,0.51,,,0.2,0
12,43,12043,,40.44,34.64,,0.48,,,0.27,0
12,44,12044,,16.05,22.89,,7.5,,,0.17,0
12,45,12045,,35.47,28.16,,,,,0.28,0
12,46,12046,,84.52,151.72,,,,,0.6,0
12,47,12047,,21.75,19.75,,,,,0.17,0
12,48,12048,,61.61,133.34,,1.01,,,0.56,0
12,49,12049,,13.59,18.72,,,,,0.18,0
12,50,12050,,41.66,13.1,,0.03,,,0.1,0
12,51,12051,,44.17,58.08,,1.09,,,0.5,0
12,52,12052,,97.62,160.64,,1.8,,,0.97,0
12,53,12053,,55.83,215.79,,,,,1.13,0
12,54,12054,,67.57,72.65,,3.84,,,0.62,0
12,55,12055,,116.2,43.37,,,,,0.38,0
12,56,12056,,56.56,118.92,,3.68,,,0.43,0
12,57,12057,,82.02,244.64,,13.86,,,0.58,0
12,58,12058,,73.98,64.54,,,,,0.53,0
12,59,12059,,35.18,42.39,,,,,0.36,0
12,60,12060,,18.3,16.22,,2.77,,,0.14,0
12,61,12061,,47.14,18.56,,0.79,,,0.15,0
12,62,12062,,35.02,67.11,,0.17,,,0.38,0
12,63,12063,,31.3,10.33,,,,,0.08,0
12,64,12064,,14.02,27,,,,,0.23,0
12,65,12065,,7.65,11.72,,,,,0.11,0
12,66,12066,,88.59,41.7,,3.46,,,0.31,0
12,67,12067,,25.07,31.02,,,,,0.29,0
12,68,12068,,35.95,74.82,,0.16,,,0.32,0
12,69,12069,,17.17,7.98,,,,,0.07,0
12,70,12070,,8.52,5.79,,,,,0.05,0
12,71,12071,,57.09,55.31,,,,,0.36,0
12,72,12072,,23.15,9.65,,,,,0.09,0
12,73,12073,,37.68,77.13,,,,,0.71,0
12,74,12074,,25,31.31,,,,,0.27,0
12,75,12075,,47.16,40.78,,2.27,,,0.36,0
12,76,12076,,111.96,24.96,1265.43,,,,0.21,0
12,77,12077,,14.35,37.66,,,,,0,0
12,78,12078,,64.26,0,,,,,0,0
12,79,12079,,28.62,0,,,,,0,0
12,80,12080,,8.07,0,,,,,0,0
12,81,12081,,35.99,0,,,,,0,0
13,1,13001,,48.61,49.05,452.74,0.37,,0.02,5.54,0
13,2,13002,,93.41,41.92,219.17,0.61,,,1.3,0
13,3,13003,,128.8,19.92,436.5,,,0.02,5.82,0
13,4,13004,,31.22,13.55,205.46,0.03,,,2.21,0
13,5,13005,,41.9,42.35,209.08,,,0.02,12.89,0
13,6,13006,,47.08,41.02,261.5,,,0.02,13.33,0
13,7,13007,,27.16,60.97,233.16,0.64,,,21.5,0
13,8,13008,,101.83,120.85,334.2,,,0.02,43.37,0
13,9,13009,,39.18,10.14,137.55,0.02,,,2.7,0
13,10,13010,,62.35,8.64,258.9,,,0.02,3.13,0
13,11,13011,,49.19,26.04,47.55,,,0.02,0.1,0
13,12,13012,,66.44,34.69,286.84,0.03,,0.02,10.04,0
13,13,13013,,67.93,10.79,190.63,,,0.02,3.56,0
13,14,13014,,42.61,38.3,37.71,0.07,,0.02,0,0
13,15,13015,,42.8,22.44,301.17,0.1,,,2.39,0
13,16,13016,,120.95,88.2,308.39,0.15,,0.02,18.04,0
13,17,13017,,30.93,26.87,148.39,,,,4.44,0
13,18,13018,,61.58,27.17,78.04,,,0.02,0,0
13,19,13019,,39.55,24.45,166.85,,,0.02,8.02,0
13,20,13020,,6.36,6.74,55.26,,,,0.94,0
13,21,13021,,30.86,14.25,190.19,,,,4.96,0
13,22,13022,,30.23,44.63,251.8,0.37,,,16.25,0
13,23,13023,,75.27,30.76,303.31,,,,11.1,0
13,24,13024,,43.97,33.96,258.89,0.02,,,9.55,0
13,25,13025,,58.32,46.59,74.38,,,0.02,0.79,0
13,26,13026,,31.43,18.7,43,,,0.02,0,0
13,27,13027,,81.91,52.37,82.76,,,0.02,0,0
13,28,13028,,304.56,94.47,209.11,,,0.02,1.84,0
13,29,13029,,102.35,73.74,657.15,,,,16.67,0
13,30,13030,,187.47,66.69,842.52,,,0.02,18.91,0
13,31,13031,,32.77,14.11,76.72,,,,1.93,0
13,32,13032,,27.57,9.94,38.99,,,0.02,0,0
13,33,13033,,7.46,4.41,27.93,0.11,,,0,0
13,34,13034,,29.59,14.24,36.58,0.46,,0.02,0,0
13,35,13035,,25.42,35.21,330.8,0.02,,,10.27,0
13,36,13036,,24.09,13.19,86.05,0.01,,,1.26,0
13,37,13037,,60.87,39.22,180.27,,,,10,0
13,38,13038,,19.92,13.8,153.68,0,,,1.16,0
13,39,13039,,29.68,3.14,125.3,0.16,,,0.44,0
13,40,13040,,29.11,10.02,78.35,,,,0,0
13,41,13041,,95.07,45.57,325.22,,,0.02,16.45,0
13,42,13042,,29.96,14.27,47.52,,,0.02,0,0
13,43,13043,,21.49,4.13,57.76,,,,0.1,0
13,44,13044,,42.45,38.85,234.71,,,,8.96,0
13,45,13045,,19.63,7.37,137.89,0.07,,,0.87,0
13,46,13046,,99.53,62.25,210.72,,,0.02,0.39,0
13,47,13047,,13.02,3.71,62.96,,,,0.2,0
13,48,13048,,649.03,18.81,116.56,0.27,0.01,0.02,6.71,0.01
13,49,13049,,49.47,26.79,100.93,0.01,,,0.2,0
13,50,13050,,49.95,18.01,103.12,,,0.02,6.52,0
13,51,13051,,170.62,19.47,197.59,0.23,,,6.15,0
13,52,13052,,69.85,46.11,226.74,2.4,,0.02,10.38,0
13,53,13053,,68.56,34.23,65.82,0.2,,0.02,0,0
13,54,13054,,73.67,28.52,275.13,,,0.02,9.84,0
13,55,13055,,36.94,11.9,174.28,,,,3.83,0
13,56,13056,,73.52,18.89,262.78,1.04,,0.02,1.55,0
13,57,13057,,35.61,68.49,295.51,1.16,,0.02,21.9,0
13,58,13058,,40.93,27.25,195.07,,,,7.33,0
13,59,13059,,84.45,58.7,895.66,,,,17.98,0
13,60,13060,,44.75,19.24,78.07,,,0.02,1.04,0
13,61,13061,,124.03,42.56,228.55,0.02,,0.02,15.13,0
13,62,13062,,89.08,28.15,71.73,,,0.02,0,0
13,63,13063,,176.21,40.07,361.12,,,0.02,12.36,0
13,64,13064,,24.42,13.77,119.02,,,,4.41,0
13,65,13065,,24.53,8.77,92.74,,,0.02,2.67,0
13,66,13066,,27.15,18.06,231.68,,,,6.42,0
13,67,13067,,106.38,40.32,361.89,0.31,,0.02,14.54,0
13,68,13068,,48.57,22.42,34.02,0.06,,0.02,0,0
13,69,13069,,140.68,25.69,1352.69,,,0.02,0,0
13,70,13070,,39.11,10.65,128.36,,,,3.86,0
13,71,13071,,36.63,13.17,82.37,,,,0.43,0
13,72,13072,,22.15,19.86,171.52,,,,7.05,0
13,73,13073,,95.36,50.05,59.98,,,0.02,0,0
13,74,13074,,62.41,19.42,217.75,,,0.02,7.03,0
13,75,13075,,29.47,25.69,361.76,2.52,,0.02,8.96,0
13,76,13076,,235.04,48.95,425.08,,,0.02,16.45,0
13,77,13077,,323.55,62.74,470.27,1,,0.02,7.5,0
13,78,13078,,50.75,33.28,28.14,,,0.02,0.27,0
13,79,13079,,19.13,16.09,33.3,,,0.02,0,0
13,80,13080,,60.89,32.88,30.17,,,0.02,0.13,0
13,81,13081,,70.01,6.95,53.64,0.27,,0.02,0,0
13,82,13082,,42.37,33.89,209.78,0.08,,0.02,12.23,0
13,83,13083,,69.63,93.2,443.61,0.11,,0.02,30.43,0
13,84,13084,,95.16,11.56,173.86,0.1,,,2.81,0
14,1,14001,,46.54,116.24,3040.2,,,1.36,15.41,0
14,2,14002,,55.97,33.85,231.99,,,1.36,4.49,0
14,3,14003,,53.66,112.44,286.76,0.39,,1.36,14.9,0
14,4,14004,,13.19,30.3,223.73,,,1.36,4.02,0
14,5,14005,,35.55,69.25,62.02,0.8,,1.36,9.18,0
14,6,14006,,134.45,200.61,739.92,0.17,,1.36,26.59,0
14,7,14007,,21.27,59.28,109.01,0.17,,1.36,7.86,0
14,8,14008,,204.84,258.57,4692.84,,,1.36,34.27,0
14,9,14009,,37.79,56.26,163.81,1.24,,1.36,7.46,0
14,10,14010,,16.42,29.87,79.08,0.45,,1.36,3.96,0
14,11,14011,,12.52,114.31,115.52,1.47,,,15.15,0
14,12,14012,,11.01,53.31,144.37,2.71,,,7.07,0
14,13,14013,,129.88,276.59,1397.69,,,1.36,36.66,0
14,14,14014,,20.23,58.25,106.58,10.6,,1.36,7.76,0
14,15,14015,,133.81,134.7,199.31,1.08,,1.36,17.85,0
14,16,14016,,87.1,199.83,343.37,,,1.36,26.48,0
14,17,14017,,31.44,119.45,116.91,0.27,,,15.83,0
14,18,14018,,148.52,413.67,1568.15,,,1.36,54.82,0
14,19,14019,,22.43,13.72,123.41,5.28,,,1.82,0
14,20,14020,,29.92,373.86,189.37,0.93,,,49.55,0
14,21,14021,,47.11,264.35,258.27,3.16,,1.36,35.03,0
14,22,14022,,75.19,140.73,99.17,,,,18.66,0
14,23,14023,,237.08,140.17,3162.18,3.71,,1.36,18.58,0
14,24,14024,,62.45,110.16,2598.53,0.14,,1.36,14.6,0
14,25,14025,,41.17,36.75,303.74,0.2,,,4.87,0
14,26,14026,,13.05,47.15,169.4,13.22,,,6.25,0
14,27,14027,,54.52,366.34,269.91,1.9,,1.36,48.55,0
14,28,14028,,5.54,20.57,60.21,0.51,,,2.73,0
14,29,14029,,41.19,216.78,0.54,,,,28.73,0
14,30,14030,,107.76,35.4,674.71,,,1.36,4.69,0
14,31,14031,,12.15,15.77,119.86,0.65,,,2.09,0
14,32,14032,,13.1,44.02,258.72,0.83,,1.36,5.83,0
14,33,14033,,48.35,90.7,657.6,,,1.36,12.02,0
14,34,14034,,4.76,26.45,49.84,1.72,,,3.51,0
14,35,14035,,121.05,288.63,3145.92,,,,38.25,0
14,36,14036,,43.96,71.61,283.98,,,1.36,9.54,0
14,37,14037,,54.4,57.9,141.78,0.16,,1.36,7.67,0
14,38,14038,,11.04,51.42,155.56,6.22,,,6.81,0
14,39,14039,,3482.46,0,,,0.08,,0,0.03
14,40,14040,,22.08,30.42,102.26,,,,4.03,0
14,41,14041,,12.97,14.7,161.69,,,,1.95,0
14,42,14042,,21.89,28.08,232,0.34,,,3.72,0
14,43,14043,,53.7,370.85,459.22,2.24,,1.36,49.15,0
14,44,14044,,58.65,82.13,496.69,0.11,,1.36,10.88,0
14,45,14045,,46.65,180.7,250.21,,,,24,0
14,46,14046,,71.57,62.21,1313.01,,,,8.24,0
14,47,14047,,52.52,144.3,252.05,,,1.36,19.12,0
14,48,14048,,48.47,195.25,339.88,,,1.36,25.88,0
14,49,14049,,22.74,210.21,292.87,9.82,,,27.86,0
14,50,14050,,94.07,109.31,230.2,,,,14.49,0
14,51,14051,,29.59,31.94,120.71,0.49,,1.36,4.23,0
14,52,14052,,13.85,57.43,74.73,,,,7.61,0
14,53,14053,,356.2,525.27,5911.97,,,,69.62,0
14,54,14054,,13.6,37.56,28.98,,,1.36,4.98,0
14,55,14055,,47.37,50.45,130.4,0.71,,1.36,6.69,0
14,56,14056,,7.35,0,570.77,,,,7.37,0
14,57,14057,,8.97,21.64,105.18,0.49,,,2.87,0
14,58,14058,,35.36,90.12,99.03,0.73,,1.36,11.94,0
14,59,14059,,29.59,33.7,106.86,5.72,,1.36,4.47,0
14,60,14060,,15.5,33.56,62.83,0.34,,,4.45,0
14,61,14061,,91.63,33.16,338.93,7.17,,1.36,4.39,0
14,62,14062,,8.83,40.12,109.73,9.55,,,5.32,0
14,63,14063,,221.67,137.5,203.81,,,1.36,18.22,0
14,64,14064,,73.24,182.2,1330.39,,,1.36,24.15,0
14,65,14065,,30.77,133.49,615.31,0.05,,1.36,17.69,0
14,66,14066,,112.7,131.93,254.64,6.03,,1.36,17.49,0
14,67,14067,,512.92,373.44,161.22,0.02,,,49.54,0
14,68,14068,,31.68,691.32,469.96,2.72,,1.36,91.62,0
14,69,14069,,22.18,139.02,123.04,5.67,,1.36,18.42,0
14,70,14070,,276.76,19.2,152.52,,,,2.55,0
14,71,14071,,8.03,38.71,242.99,,,,5.13,0
14,72,14072,,15.54,43.14,297.02,,,1.36,5.72,0
14,73,14073,,142.08,217.87,8276.57,,,,28.87,0
14,74,14074,,32.02,24.14,874.34,,,1.36,3.2,0
14,75,14075,,9.37,30.44,124.58,4.99,,1.36,4.03,0
14,76,14076,,10.24,11.66,102.69,20.99,,,1.55,0
14,77,14077,,59.98,227.72,1960.79,,,1.36,30.18,0
14,78,14078,,68.23,74.05,1733.86,,,,9.81,0
14,79,14079,,31.6,53.3,1139.67,4.5,,1.36,7.06,0
14,80,14080,,15.79,54.21,28.14,,,,7.18,0
14,81,14081,,9.22,13.67,92.47,0.06,,,1.81,0
14,82,14082,,86.24,63.67,4320.87,8.19,,1.36,8.44,0
14,83,14083,,140.84,147.91,289.59,69.47,,1.36,19.6,0
14,84,14084,,39.34,86.01,192.36,5.51,,,11.4,0
14,85,14085,,93.17,162.06,836.18,15.68,,1.36,21.48,0
14,86,14086,,42.29,55.82,326.69,,,1.36,7.4,0
14,87,14087,,43,102.37,501.94,6.5,,1.36,13.57,0
14,88,14088,,37.75,99.41,181.32,3.64,,,13.17,0.01
14,89,14089,,7.9,16.37,70.78,,,,2.17,0
14,90,14090,,17.57,93.29,118.99,,,,12.36,0
14,91,14091,,94.8,193.87,1764.26,,,,25.69,0
14,92,14092,,25.42,116.94,375.55,,,1.36,15.5,0
14,93,14093,,316.64,350.17,7630.65,0.61,,,46.41,0
14,94,14094,,106.03,94.29,159.98,1.88,,1.36,12.5,0
14,95,14095,,19.2,45.96,474.67,0.04,,1.36,6.09,0
14,96,14096,,48.38,43.21,231.74,,,,5.73,0
14,97,14097,,511.79,173.84,832.89,1.45,,1.36,23.04,0
14,98,14098,,1308.07,50.45,282.37,,,,6.7,0
14,99,14099,,23.67,68.87,97.37,0.05,,,9.13,0
14,100,14100,,89.82,294.88,1220.45,9.35,,,39.09,0
14,101,14101,,954.76,21.13,720.87,,,1.36,2.8,0
14,102,14102,,13.81,72.34,309.84,0.12,,,9.59,0
14,103,14103,,17.96,32.65,41.78,0.8,,1.36,4.33,0
14,104,14104,,11.36,24.5,142.16,0.04,,,3.25,0
14,105,14105,,48.71,146.08,2031.61,,,1.36,19.36,0
14,106,14106,,9.6,49.23,39.93,0,,,6.52,0
14,107,14107,,14.29,15.81,231.61,,,,2.1,0
14,108,14108,,82.09,220.94,655.56,0.08,,1.36,29.28,0.01
14,109,14109,,39.63,91.99,195.45,,,1.36,12.19,0
14,110,14110,,32.62,109.57,61.55,0.08,,1.36,14.52,0
14,111,14111,,15.14,37.34,715.1,0.36,,,4.95,0
14,112,14112,,13.67,23.53,158.33,,,,3.12,0
14,113,14113,,34.37,142.47,344.26,0.29,,1.36,18.88,0
14,114,14114,,37.77,40.85,151.43,,,1.36,5.41,0
14,115,14115,,16.26,22.46,174.49,0.48,,,2.98,0
14,116,14116,,43.49,61.27,533.2,,,,8.12,0
14,117,14117,,10.08,34.58,82.38,,,,4.58,0
14,118,14118,,60.6,99.78,493.25,,,,13.22,0
14,119,14119,,63.8,98.88,172,0.03,,1.36,13.1,0.01
14,120,14120,,2524.89,173.16,2229.42,70.81,,1.36,22.95,0.02
14,121,14121,,68.09,126.25,178.09,0.31,,1.36,16.73,0.01
14,122,14122,,21.94,46.63,103.15,0.02,,1.36,6.18,0
14,123,14123,,40.84,159,231.89,,,1.36,21.07,0
14,124,14124,,140.65,152.33,1451.68,,,1.36,20.19,0
15,1,15001,,152.92,189.7,,0.75,,0.06,0,0
15,2,15002,,191.67,47.7,,0.03,,0.06,0,0
15,3,15003,,119.34,149.63,,0.11,,0.06,0,0
15,4,15004,,37.11,42.45,,0.7,,,0,0
15,5,15005,,335.68,237.56,,0.23,,,0,0
15,6,15006,,22.25,4.44,,,,,0,0
15,7,15007,,54.52,78.7,,0.63,,0.06,0,0
15,8,15008,,71.06,278.84,,2.05,,0.06,0,0
15,9,15009,,120.08,50.26,,1.23,,0.06,0,0
15,10,15010,,63.99,28.38,,,,0.06,0,0
15,11,15011,,107.11,21.04,,,,,0,0
15,12,15012,,21.93,5.03,,,,,0,0
15,13,15013,,1091.79,0.56,,0.38,,,0,0
15,14,15014,,200.37,119.28,1747.09,0.33,,0.06,88.8,0
15,15,15015,,59.97,34.8,,0.03,,,0,0
15,16,15016,,54.73,114.23,,0.08,,0.06,0,0
15,17,15017,,15.88,23.63,,0.02,,0.06,0,0
15,18,15018,,96.63,62.23,,0.09,,,0,0
15,19,15019,,76.2,11.17,,0.03,,,0,0
15,20,15020,,659.85,0.52,,0.41,,,0,0
15,21,15021,,81.68,116.54,1081.48,1.11,,0.06,25.58,0
15,22,15022,,30.27,17.29,,0.01,,0.06,0,0
15,23,15023,,97.53,7.68,,,,,0,0
15,24,15024,,271.34,17.3,,,,,0,0
15,25,15025,,603.96,79.93,,0.69,,0.06,0,0
15,26,15026,,57.09,37.86,,0.38,,0.06,0,0
15,27,15027,,16.34,6.93,,,,,0,0
15,28,15028,,56.54,8.47,,,,,0,0
15,29,15029,,430.45,24.94,,0.06,,0.06,0,0
15,30,15030,,48.46,1.61,,,,,0,0
15,31,15031,,1220.17,3.11,,,,0.06,0,0
15,32,15032,,85.4,66.85,,2.05,,0.06,0,0
15,33,15033,,3677.84,1.54,,0.32,,,0,0
15,34,15034,,20.58,16.41,,0,,,0,0
15,35,15035,,147.72,49.41,,,,0.06,0,0
15,36,15036,,90.02,93.62,,,,0.06,0,0
15,37,15037,,519.27,28.14,,0.81,,,0,0.01
15,38,15038,,22.58,10.65,,0.09,,,0,0
15,39,15039,,1001.63,56.12,,2.56,,0.06,0,0.01
15,40,15040,,75.64,20.62,,0.27,,,0,0
15,41,15041,,17.13,20.03,,1.47,,,0,0
15,42,15042,,328.04,245.52,,0.17,,0.06,0,0
15,43,15043,,49.65,23.26,,0.18,,,0,0
15,44,15044,,64.82,9.46,,,,0.06,0,0
15,45,15045,,196.02,135.26,1315.03,0.18,,0.06,31.93,0
15,46,15046,,34.34,14.1,,0.46,,,0,0
15,47,15047,,155.67,163.42,,0.16,,0.06,0,0
15,48,15048,,141.67,172.28,,0.22,,0.06,0,0
15,49,15049,,27.74,28.78,,0.61,,,0,0
15,50,15050,,51.89,89.24,,0.03,,,0,0
15,51,15051,,262.39,94.76,,0.54,,0.06,0,0
15,52,15052,,58.11,44.5,,0.25,,0.06,0,0
15,53,15053,,92.67,9.04,,,,,0,0
15,54,15054,,476.84,38.81,,,,,0,0
15,55,15055,,25.19,6.12,,,,,0,0
15,56,15056,,74.45,86.58,,0.36,,0.06,0,0
15,57,15057,,1793.09,12.24,,0.4,,,0,0.03
15,58,15058,,2481.89,0,,,,,0,0
15,59,15059,,55.77,28.83,,,,0.06,0,0
15,60,15060,,712.69,60.06,,3.1,,0.06,0,0
15,61,15061,,20.24,60.98,,,,0.06,0,0
15,62,15062,,135.25,42.39,,0.98,,,0,0
15,63,15063,,66.36,75.96,,0.86,,,0,0
15,64,15064,,82.28,71.49,,,,,0,0
15,65,15065,,75.13,88.47,,,,0.06,0,0
15,66,15066,,12.36,73.61,,,,,0,0
15,67,15067,,169.01,1.1,,0.09,,,0,0
15,68,15068,,59.75,24.53,,,,0.06,0,0
15,69,15069,,9.52,1.1,,,,,0,0
15,70,15070,,540.53,5.25,,,,0.06,0,0
15,71,15071,,31.64,69.82,,,,0.06,0,0
15,72,15072,,27.14,15.46,,,,,0,0
15,73,15073,,28.18,18.35,,,,,0,0
15,74,15074,,280.36,216.01,,0.12,,0.06,0,0
15,75,15075,,54.02,49.66,,0.17,,0.06,0,0
15,76,15076,,166.42,3.88,,,,,0,0
15,77,15077,,14.03,18.08,,2.26,,,0,0
15,78,15078,,22.15,17.1,,0.03,,,0,0
15,79,15079,,27.93,44.35,,0.09,,0.06,0,0
15,80,15080,,68.46,95.3,,3.75,,0.06,0,0
15,81,15081,,627.63,83.85,,,,0.06,0,0.01
15,82,15082,,165.18,180.38,1017.68,7.87,,0.06,21.47,0
15,83,15083,,25.53,9.5,,,,0.06,0,0
15,84,15084,,85.89,116.85,,,,0.06,0,0
15,85,15085,,150.05,117.91,,0.47,,0.06,0,0
15,86,15086,,79.73,82.23,,4.71,,0.06,0,0
15,87,15087,,197.33,114.18,,,,,0,0
15,88,15088,,201.83,60.55,,1.14,,,0,0
15,89,15089,,23.4,14.39,,0.07,,0.06,0,0
15,90,15090,,174.41,105.88,,0.73,,,0,0
15,91,15091,,182.26,20.13,,,,0.06,0,0
15,92,15092,,115.72,35.11,,,,0.06,0,0
15,93,15093,,63.95,14.3,,0.14,,,0,0
15,94,15094,,41.86,21.92,,,,,0,0
15,95,15095,,168.65,50.21,,1.29,,0.06,0,0
15,96,15096,,76.86,48.77,,,,0.06,0,0
15,97,15097,,42.73,64.9,,0.71,,0.06,0,0
15,98,15098,,11.55,9.7,,,,,0,0
15,99,15099,,487.57,73.77,1776.56,0.58,,0.06,35.44,0.01
15,100,15100,,64.28,7.16,,,,0.06,0,0
15,101,15101,,160.92,58.98,,0.44,,,0,0
15,102,15102,,36.98,33.12,,0.16,,0.06,0,0
15,103,15103,,108.32,25.36,,0.55,,0.06,0,0
15,104,15104,,1580.06,0.95,,0.52,,,0,0.01
15,105,15105,,84.15,368.71,,0.15,,0.06,0,0
15,106,15106,,1747.18,206.46,1673.98,0.72,0.03,,87.16,0.01
15,107,15107,,27.15,22.03,,0.08,,,0,0
15,108,15108,,271.47,10.72,,,,,0,0
15,109,15109,,1094.35,12.3,,0.46,,,0,0
15,110,15110,,136.87,56.85,1150.98,2.76,,0.06,37.05,0
15,111,15111,,127.4,171.81,,0.97,,0.06,0,0
15,112,15112,,107.69,63.52,,1.4,,,0,0
15,113,15113,,131.71,50.79,,1.92,,,0,0
15,114,15114,,232.85,188.13,,0.36,,0.06,0,0
15,115,15115,,112.63,17.63,,0.05,,,0,0
15,116,15116,,9.56,13.26,,0.52,,0.06,0,0.01
15,117,15117,,38.8,51.19,,0.11,,0.06,0,0
15,118,15118,,345.52,114.22,,0.67,,,0,0
15,119,15119,,40.88,27.56,,0.53,,,0,0
15,120,15120,,319.81,156.43,2508.36,,,0.06,62.39,0
15,121,15121,,1154.71,38.77,,,,,0,0
15,122,15122,,768.28,0.44,,,,,0,0
15,123,15123,,76.76,238,,6.15,,0.06,0,0
15,124,15124,,242.53,214.64,,0.32,,,0,0
15,125,15125,,19.99,0.26,,,,,0,0
16,1,16001,,26.7,31.85,135.63,0.89,,,3.69,0
16,2,16002,,47.31,159.04,367.7,6.28,,0.32,10.71,0
16,3,16003,,46.36,106.66,193.01,,,0.32,14.02,0
16,4,16004,,30.57,83.94,332.42,,,0.32,10.99,0
16,5,16005,,25.7,11,30.16,0.07,,,0.17,0
16,6,16006,,291.66,279.95,365.93,9.13,,,36.53,0
16,7,16007,,7.02,12.13,21.17,0.06,,,0.68,0
16,8,16008,,82.57,412.91,287.18,,,,3.26,0
16,9,16009,,82.42,196.78,76.55,3.61,,0.32,0,0
16,10,16010,,69.06,70.16,449.85,10.98,,,0,0
16,11,16011,,23.57,96.21,43.84,,,0.32,12.61,0
16,12,16012,,95.66,277.94,241.25,,,0.32,36.16,0
16,13,16013,,29.32,75.97,145.55,,,,5.95,0
16,14,16014,,30.65,164.02,109.52,,,,7.27,0
16,15,16015,,56.57,90.47,389.89,20.23,,,4.72,0
16,16,16016,,48.99,104.13,383.29,1.77,,0.32,13.07,0
16,17,16017,,78.77,140.68,224.66,,,0.32,9.07,0
16,18,16018,,19.97,12.63,79.27,,,0.32,1.68,0
16,19,16019,,46.38,47.18,222.96,0.66,,0.32,2.66,0
16,20,16020,,64.83,27.23,116.46,,,0.32,3.61,0
16,21,16021,,27.86,34.72,77.83,2.39,,,4.53,0
16,22,16022,,49.48,52.84,333.06,0.11,,0.32,6.28,0
16,23,16023,,23.82,63.35,67.02,,,0.32,2.55,0
16,24,16024,,40.1,22.97,106.2,3.31,,,2.16,0
16,25,16025,,77.54,44.77,135.63,18.78,,0.32,0.56,0
16,26,16026,,17.67,214.71,,1.45,,,2.27,0
16,27,16027,,13.68,12.35,65.3,,,,1.45,0
16,28,16028,,13.87,37.41,119.9,,,0.32,4.59,0
16,29,16029,,39.85,65.01,285.74,,,,8.55,0
16,30,16030,,30.64,97.95,153.55,,,0.32,4.94,0
16,31,16031,,41.84,88.96,223.24,0.06,,,3.81,0
16,32,16032,,32.46,47.28,61.13,1.71,,0.32,0,0
16,33,16033,,50.04,110.61,174.73,3.26,,,14.52,0
16,34,16034,,288.33,102.11,360.39,1.8,,0.32,10.87,0
16,35,16035,,82.53,143.88,525.74,3.03,,,7.6,0
16,36,16036,,27.56,16.76,638.76,,,0.32,2.08,0
16,37,16037,,19.01,57.64,142.33,,,0.32,7.58,0
16,38,16038,,114.04,148.34,560.36,,,,10.27,0
16,39,16039,,18.5,21.12,72.14,0.26,,0.32,1.15,0
16,40,16040,,38.59,69.26,100.44,0.02,,0.32,8.78,0
16,41,16041,,29.44,30.83,58.42,,,0.32,0.62,0
16,42,16042,,31.73,73.93,231.08,,,0.32,4.99,0
16,43,16043,,149.39,25.64,61.38,,,0.32,2.78,0
16,44,16044,,32.05,83.62,244,0.17,,0.32,8.94,0
16,45,16045,,78.8,59.46,266.38,,,0.32,7.43,0
16,46,16046,,30.05,30.39,61.1,,,,2.26,0
16,47,16047,,48.21,62.48,87.25,,,0.32,3.91,0
16,48,16048,,12.11,17.67,518.96,0.26,,,1.51,0
16,49,16049,,50.83,102.51,123.72,2.04,,,12.58,0
16,50,16050,,184.94,224.42,259.24,0.06,,0.32,14.21,0
16,51,16051,,27.62,18.46,310.54,0,,,2.28,0
16,52,16052,,408.47,98.48,341.52,,,,3.64,0.01
16,53,16053,,1593.29,214.53,1355.07,6.05,0.03,0.32,28.2,0.01
16,54,16054,,21.11,46.63,231.62,,,0.32,6.09,0
16,55,16055,,102.31,117.18,135.53,0.2,,,15.16,0
16,56,16056,,67.04,49.99,84.93,0.67,,,4.75,0
16,57,16057,,23.82,47.82,177.68,,,0.32,0.62,0
16,58,16058,,40.79,69.78,44.16,0.1,,,0,0
16,59,16059,,19.79,63,76.22,6.43,,0.32,7.49,0
16,60,16060,,23.34,47,137.09,,,0.32,5.98,0
16,61,16061,,55.57,32.79,61.82,0.23,,0.32,0.18,0
16,62,16062,,45.9,133.79,311.96,,,0.32,17.46,0
16,63,16063,,39.97,64.49,194.21,,,0.32,0.99,0
16,64,16064,,58.24,172.56,159.39,2.68,,,21.07,0
16,65,16065,,81.47,48.11,81,9,,,4.45,0
16,66,16066,,199.77,57.61,129.99,2.86,,0.32,0,0
16,67,16067,,41.48,145.13,183.39,,,0.32,18.96,0
16,68,16068,,52.9,178.62,158.87,1.47,,0.32,6.46,0
16,69,16069,,225.49,76.45,1568.83,,,0.32,9.57,0
16,70,16070,,37.82,39.21,556.87,3.44,,0.32,0.03,0
16,71,16071,,160.63,292.97,591.51,,,0.32,38.48,0
16,72,16072,,31.89,66.37,98.36,0.53,,0.32,8.72,0
16,73,16073,,58.33,29.97,40.03,1.07,,0.32,0,0
16,74,16074,,23.7,20.49,63.16,,,,2.68,0
16,75,16075,,131.02,131.73,235.32,9.78,,0.32,6.83,0
16,76,16076,,153.53,48.54,99.74,,,0.32,3.59,0
16,77,16077,,43.17,93.01,149.73,,,,8.32,0
16,78,16078,,29.79,10.55,155.87,,,0.32,1.09,0
16,79,16079,,97.23,170.78,120.86,1.63,,0.32,0,0
16,80,16080,,41.44,61.73,72.58,0.92,,0.32,3.21,0
16,81,16081,,20.74,36.18,86.63,0.2,,,1.71,0
16,82,16082,,152.71,165.73,129.11,3.78,,0.32,17.29,0
16,83,16083,,68.87,220.74,71.67,14.89,,0.32,23.36,0
16,84,16084,,60.7,55.89,177.24,0.06,,0.32,0.41,0
16,85,16085,,74.94,80.21,1542.8,1.12,,0.32,3.53,0
16,86,16086,,36.17,111.25,165.18,,,0.32,14.29,0
16,87,16087,,30.55,62.1,73.07,1.19,,0.32,3.23,0
16,88,16088,,127.47,82.91,147.1,,,0.32,10.9,0
16,89,16089,,56.14,257.66,382.82,0.43,,,33.61,0
16,90,16090,,31.2,36.66,56.84,0.77,,,3.35,0
16,91,16091,,31.76,61.48,116.65,0.35,,0.32,1.08,0
16,92,16092,,40.46,73.08,348.27,,,,1.93,0
16,93,16093,,65.96,43.68,70.21,0.2,,,0.1,0
16,94,16094,,16.74,26.83,391.99,,,0.32,2.26,0
16,95,16095,,26.15,43.85,175.13,1.48,,0.32,2.44,0
16,96,16096,,27.48,88.66,330.12,6.45,,,2.25,0
16,97,16097,,93.52,127.09,235.22,1.94,,0.32,8.89,0
16,98,16098,,64.47,63.28,104.82,0.24,,0.32,6.15,0
16,99,16099,,42.42,108.41,253.49,0.53,,,9.46,0
16,100,16100,,31.24,23.7,39.56,0.74,,0.32,0,0
16,101,16101,,37.49,92.83,125.71,0.11,,0.32,6.22,0
16,102,16102,,661.28,232.4,302.46,5.66,,0.32,24.32,0
16,103,16103,,52.6,107.69,97.06,,,0.32,14.03,0
16,104,16104,,38.57,96.01,83.48,,,0.32,12.34,0
16,105,16105,,43.35,170.11,152.38,,,0.32,22.18,0
16,106,16106,,64.48,60.58,317.45,,,0.32,7.92,0
16,107,16107,,177.95,136.97,369.66,7.06,,,16.11,0
16,108,16108,,423.23,122.4,278.94,,,0.32,8.96,0
16,109,16109,,8.15,24.28,164.07,0.04,,,3.05,0
16,110,16110,,111.28,108.55,172.81,3.98,,0.32,14.27,0
16,111,16111,,34.87,36.09,520.27,6.76,,0.32,3.7,0
16,112,16112,,349.49,124.8,266.59,0.4,,0.32,11.45,0
16,113,16113,,58.95,179.53,141.36,,,0.32,23.55,0
17,1,17001,,38.81,36.63,86.57,,,0.65,2.26,0
17,2,17002,,35.97,44.08,47.33,,,,2.82,0
17,3,17003,,76.78,124.8,133.05,,,0.65,8.11,0
17,4,17004,,175.84,201.18,1088.86,0.05,,0.65,13.01,0
17,5,17005,,20.44,22.27,81.07,,,,1.44,0
17,6,17006,,398.17,123.76,86.15,,,0.65,8.04,0
17,7,17007,,809.79,17.41,431.95,0.2,0.01,,1.1,0.01
17,8,17008,,171.12,3.62,58.28,,,0.65,0.23,0.01
17,9,17009,,37.03,20.68,59.13,1.4,,,1.3,0
17,10,17010,,34.74,59.59,91.86,,,0.65,3.88,0
17,11,17011,,447.12,4.97,246.29,0.02,,0.65,0.33,0
17,12,17012,,128.23,53.58,297.34,,,0.65,3.32,0
17,13,17013,,34.27,83.25,160.56,,,,5.42,0
17,14,17014,,21.84,25.04,46.32,,,0.65,1.61,0
17,15,17015,,57.31,80.79,439.67,0.14,,0.65,5.1,0
17,16,17016,,39.07,83.64,106.63,0.07,,,4.9,0
17,17,17017,,142.26,64.03,647.95,,,0.65,4.07,0
17,18,17018,,246.59,10.63,65.52,0.15,,0.65,0.67,0
17,19,17019,,57.94,162.78,363.69,,,0.65,10.59,0
17,20,17020,,90.44,34.74,45.39,0.88,,,2.19,0
17,21,17021,,16.28,10.31,292.47,,,0.65,0.63,0
17,22,17022,,43.95,53.48,79.03,0.17,,,3.2,0
17,23,17023,,15.02,74.53,409.28,0.79,,0.65,4.75,0
17,24,17024,,112.51,66.83,38.84,,,0.65,4.31,0
17,25,17025,,73.7,96.24,166.81,,,0.65,6.07,0
17,26,17026,,36.34,37.74,54.52,0.1,,0.65,2.45,0
17,27,17027,,25.59,56.28,42.35,0.12,,0.65,3.6,0
17,28,17028,,133.18,19.41,221.35,,,0.65,1.26,0
17,29,17029,,212.89,113.4,653.93,0.1,,0.65,4.67,0
17,30,17030,,101.57,118,592.64,,,0.65,10.08,0
17,31,17031,,82.78,9.46,154.38,,,0.65,0.62,0
17,32,17032,,20.04,30.84,154.38,,,,2,0
17,33,17033,,31.09,58.14,62.01,,,,2.86,0
18,1,18001,,92.25,264.85,326.06,2.47,,,41.73,0
18,2,18002,,35.17,114.37,109.26,1.11,,2.92,15.45,0
18,3,18003,,26.26,102.25,82.97,1.31,,,14.72,0
18,4,18004,,158.39,480.55,302.72,1.17,,2.92,64.61,0
18,5,18005,,41.58,98.32,299.36,2.15,,,7.28,0
18,6,18006,,64.67,66.44,114.37,7.79,,2.92,9.54,0
18,7,18007,,43.01,58.62,75.33,5.03,,2.92,12.13,0
18,8,18008,,106.72,203.39,579.8,7.47,,2.92,29.92,0
18,9,18009,,181.73,92.9,310.86,16.08,,,4.12,0
18,10,18010,,85.22,374.56,276.39,2.11,,,56.85,0
18,11,18011,,60.38,163.38,225.36,0.13,,,13.67,0
18,12,18012,,94.6,498.76,550.27,2.37,,,44.72,0
18,13,18013,,17.8,157.65,173.13,11.68,,2.92,17.23,0
18,14,18014,,57.17,226.18,298.6,15.93,,2.92,46.74,0
18,15,18015,,209.17,813.58,348.69,1.81,,2.92,165.95,0
18,16,18016,,93,550.63,397.99,,,,108.85,0
18,17,18017,,787.8,217.07,1650.05,15.99,0.01,2.92,41.65,0
18,18,18018,,70.66,193.51,192.32,,,,73.43,0
18,19,18019,,50.13,61.6,382.39,70.18,,2.92,6.95,0
18,20,18020,,209.12,112.02,221.06,,,,33.16,0
19,1,19001,,6.84,0.02,100.44,,,,0,0
19,2,19002,,8.94,36.45,100.44,,,,7.99,0
19,3,19003,,4.16,9.89,35.98,,,,2.17,0
19,4,19004,,72.88,6.6,275.71,,,,1.45,0
19,5,19005,,48.33,58.62,85.61,,,0.56,12.85,0
19,6,19006,,966.77,8.34,111.99,,,,1.83,0
19,7,19007,,48.21,15.98,186.7,0.05,,0.56,3.51,0
19,8,19008,,8.46,3.04,16.14,0.04,,,0.61,0
19,9,19009,,182.67,80.71,1199.61,,,0.56,17.7,0
19,10,19010,,17.47,0.88,42.48,,,,0.19,0
19,11,19011,,20.57,12.25,608.46,,,0.56,2.69,0
19,12,19012,,35.26,0.48,547.14,,,,0.11,0
19,13,19013,,30.11,73.48,140.84,,,0.56,16.12,0
19,14,19014,,90.29,68.67,361.55,,,,15.06,0
19,15,19015,,4.23,21.55,44.56,,,,4.73,0
19,16,19016,,8.07,8.67,1217.37,,,0.56,1.9,0
19,17,19017,,101.63,70.94,737,0.42,,0.56,15.56,0
19,18,19018,,132.4,1.74,1580.13,,,,0.38,0.01
19,19,19019,,300.08,0,,,,,0,0.01
19,20,19020,,14.43,53.55,107.54,,,0.56,11.75,0
19,21,19021,,697.52,0.53,2.82,,,0.56,0.12,0.01
19,22,19022,,37.29,104.01,158.71,,,0.56,22.82,0
19,23,19023,,4.35,8.7,35.94,,,,1.91,0
19,24,19024,,18.86,5.01,63.48,2.02,,0.56,1.1,0
19,25,19025,,17.31,6.98,130.43,,,,1.53,0
19,26,19026,,1597.28,1.79,0.18,,,,0.39,0
19,27,19027,,4.74,2.4,57.98,,,,0.53,0
19,28,19028,,3.57,1.76,48.27,,,,0.39,0
19,29,19029,,16.43,10.39,98.72,,,,2.28,0
19,30,19030,,10.84,0.48,36.92,0.03,,,0.11,0
19,31,19031,,356.61,1.54,983.71,,,,0.34,0
19,32,19032,,11.44,2.3,68.34,,,,0.5,0
19,33,19033,,179.93,88.67,351.82,0.52,,0.56,19.45,0.01
19,34,19034,,13.67,5.2,258.16,,,,1.14,0
19,35,19035,,2.6,0.73,22.8,,,,0.16,0
19,36,19036,,19.26,11.23,80.05,,,,2.46,0
19,37,19037,,14.25,1.32,466.15,,,,0.29,0
19,38,19038,,136.01,50.49,454.36,,,0.56,11.07,0
19,39,19039,,2467.82,0,,0.01,0.05,,0,0.06
19,40,19040,,2.45,1.42,13.05,,,,0.31,0
19,41,19041,,30.65,32.44,397.66,,,0.56,7.12,0
19,42,19042,,15.85,42.43,67.75,,,0.56,9.31,0
19,43,19043,,7.44,5.28,18.95,0.01,,,1.16,0
19,44,19044,,79.65,7.53,432.25,,,0.56,1.65,0
19,45,19045,,74.36,7.4,2639.85,15.85,,0.56,1.62,0
19,46,19046,,1100.64,0,,,,,0,0.01
19,47,19047,,38.69,0.04,57.07,,,,0.01,0
19,48,19048,,601.83,0.7,2445.46,,,0.56,0.15,0.02
19,49,19049,,94.57,2.38,396.08,0.24,,0.56,0.54,0
19,50,19050,,5.15,9.37,44.85,,,0.56,2.16,0
19,51,19051,,10.28,1.55,21.32,0.08,,,0.34,0
20,1,20001,,3.05,0.56,,0.04,,0.32,0,0
20,2,20002,,113.04,71.89,,,,0.32,11.57,0
20,3,20003,,5.75,3.59,,,,,0,0
20,4,20004,,1.91,0.95,,,,,0.1,0
20,5,20005,,37.11,27.97,,,,,3.61,0
20,6,20006,,39.5,16.94,,0.52,,0.32,1.69,0
20,7,20007,,8.61,1.92,,,,,0.37,0
20,8,20008,,1.88,2.44,,,,,0,0
20,9,20009,,16.96,30.35,,,,,4.79,0
20,10,20010,,34.02,6.67,,,,,0.86,0
20,11,20011,,2.6,0,,,,,0.16,0
20,12,20012,,28.26,26.3,,,,,0.91,0
20,13,20013,,6.29,6.21,,,,0.32,1.19,0
20,14,20014,,60.65,10.24,,,,,1.32,0
20,15,20015,,12.61,4.95,,,,,0.94,0
20,16,20016,,32.69,3.67,,,,,0.37,0
20,17,20017,,8.58,10.93,,0.42,,,2.09,0
20,18,20018,,2.45,3,,,,0.32,0.3,0
20,19,20019,,8.26,5.18,,0.38,,,0.06,0
20,20,20020,,13.63,3.89,,1.96,,,0,0
20,21,20021,,37.73,38.23,,,,0.32,6.03,0
20,22,20022,,2.7,1.54,,,,,0.15,0
20,23,20023,,43.94,11.49,,4.83,,,2.19,0
20,24,20024,,10.5,1.39,,1.92,,,0.02,0
20,25,20025,,26.64,17.32,,,,,2.23,0
20,26,20026,,19.98,13.05,,,,0.32,1.3,0
20,27,20027,,6.26,2.78,,,,,0.03,0
20,28,20028,,44.89,20.08,,0.24,,,3.83,0
20,29,20029,,16.21,6.42,,,,,0.07,0
20,30,20030,,20.73,7.85,,,,,1.01,0
20,31,20031,,23.2,4.46,,,,,0,0
20,32,20032,,2.17,2.06,,,,,0.21,0
20,33,20033,,6.17,2.79,5490.21,,,,0.53,0
20,34,20034,,3.11,1.28,,,,,0.13,0
20,35,20035,,1.22,0.47,,,,,0,0
20,36,20036,,15.14,25.36,,7.08,,,3.27,0
20,37,20037,,11.63,4.77,,,,,0,0
20,38,20038,,6.13,0,,0.16,,,0,0
20,39,20039,,149.03,8.17,7138.02,,,,0.82,0
20,40,20040,,17.67,11.92,,,,,0.14,0
20,41,20041,,90.72,39.18,,,,,0.45,0
20,42,20042,,18.29,13.44,975.61,1.51,,0.32,0,0
20,43,20043,,217.76,52.27,,,,0.32,6.74,0
20,44,20044,,101.72,40.02,,,,0.32,6.31,0
20,45,20045,,15.98,4.42,,,,,0.84,0
20,46,20046,,9.15,14.05,,,,0.32,1.41,0
20,47,20047,,0.25,1.04,,,,0.32,0.1,0
20,48,20048,,2.79,1.94,,,,,0.37,0
20,49,20049,,2.65,0.38,,,,,0.41,0
20,50,20050,,9.68,1.82,,,,0.32,0.18,0
20,51,20051,,10.84,3.29,,,,,0.63,0
20,52,20052,,17.72,9.47,,,,,1.22,0
20,53,20053,,2.92,3.17,,,,,0.41,0
20,54,20054,,1.06,2.6,,,,0.32,0.26,0
20,55,20055,,7.79,3.63,,,,,0.36,0
20,56,20056,,3.08,4.38,,,,,0.15,0
20,57,20057,,100.02,59.54,,,,,7.67,0
20,58,20058,,36.54,13.43,,,,,0.15,0
20,59,20059,,86.43,29.76,,0.07,,,0,0
20,60,20060,,6.85,2.45,,,,,0,0
20,61,20061,,5.67,3.05,,,,,0,0
20,62,20062,,1.34,0.09,,,,,0,0
20,63,20063,,9.38,2.53,,,,,0.7,0
20,64,20064,,20.85,34.01,,5.06,,,0,0
20,65,20065,,3.56,1.87,,,,,0.19,0
20,66,20066,,13.91,25.16,,,,,3.24,0
20,67,20067,,626.67,1.39,,0.01,0.02,,0.27,0
20,68,20068,,51.26,15.73,,,,0.32,3,0
20,69,20069,,5.84,5.89,,,,,1.13,0
20,70,20070,,20.19,5.4,,,,,0.19,0
20,71,20071,,11.55,29.09,,0.11,,,1.01,0
20,72,20072,,17.5,0,,,,,1.37,0
20,73,20073,,80.25,22.79,,18.12,,0.32,0,0
20,74,20074,,1.12,1.06,,,,,0,0
20,75,20075,,6.89,14.18,,,,,1.83,0
20,76,20076,,8.58,4.21,,,,,0,0
20,77,20077,,8.35,3.61,,,,,0.69,0
20,78,20078,,2.39,2.6,,,,,0.5,0
20,79,20079,,193.01,2.02,,,,,0.26,0
20,80,20080,,3.78,3.68,,,,,0.7,0
20,81,20081,,4.88,1.44,,,,,0.14,0
20,82,20082,,11.91,15.41,,,,,0.53,0
20,83,20083,,14.98,0.68,,0.07,,,0.13,0
20,84,20084,,8.22,0.8,,0.02,,,0.16,0
20,85,20085,,76.98,49.79,,0.29,,,1.72,0
20,86,20086,,2.32,1.06,,0.89,,,0.11,0
20,87,20087,,7.87,0.67,,,,,0.13,0
20,88,20088,,7.32,3.15,,2.25,,,0,0
20,89,20089,,5.37,3.39,,,,,0.34,0
20,90,20090,,15.32,7.4,,,,,0.26,0
20,91,20091,,11.66,3,,0.06,,,0.57,0
20,92,20092,,3.46,2.72,,,,0.32,0.52,0
20,93,20093,,1.42,3.54,,,,0.32,0.35,0
20,94,20094,,5.89,3.51,,,,,0.35,0
20,95,20095,,14.26,1.85,,0.32,,,0,0
20,96,20096,,1.52,7.05,,,,0.32,0.71,0
20,97,20097,,4.4,1.13,,,,0.32,0,0
20,98,20098,,12.97,12.12,,,,,0.14,0
20,99,20099,,1.21,0.22,,,,,0.02,0
20,100,20100,,0.95,0.63,,,,0.32,0,0
20,101,20101,,1.91,1.56,,3.42,,,0.3,0
20,102,20102,,11.44,2.68,,0.2,,,0.51,0
20,103,20103,,12.01,5.98,,,,,1.16,0
20,104,20104,,7.93,3.17,,,,,0.61,0
20,105,20105,,17.76,8.46,,,,0.32,0.85,0
20,106,20106,,0.78,0.91,,,,0.32,0.09,0
20,107,20107,,38.93,0.66,,,,,0.13,0
20,108,20108,,14.88,5.51,,,,,1.05,0
20,109,20109,,3.24,1.51,,,,0.32,0.02,0
20,110,20110,,4.1,0.65,,,,0.32,0.06,0
20,111,20111,,10.21,5.86,,,,,0.2,0
20,112,20112,,6.81,8.03,,,,,1.53,0
20,113,20113,,6.94,6.01,,,,,0.21,0
20,114,20114,,1.71,0.47,,,,,0,0
20,115,20115,,21.2,3.48,,,,,0.66,0
20,116,20116,,10.21,8.15,,,,,0.09,0
20,117,20117,,8.51,9.08,,,,,0.31,0
20,118,20118,,6.32,2.51,,,,,0.48,0
20,119,20119,,1.03,0.76,,,,,0.08,0
20,120,20120,,0.95,0.09,,,,,0,0
20,121,20121,,1.75,3.35,,,,0.32,0.33,0
20,122,20122,,1.67,2.06,,,,,0,0
20,123,20123,,6.15,5.31,,,,,1.01,0
20,124,20124,,47.13,16.96,,,,,2.19,0
20,125,20125,,29.66,22.22,,7.97,,,0,0
20,126,20126,,11.03,5.7,,,,,0,0
20,127,20127,,4.74,0.95,,,,0.32,0.09,0
20,128,20128,,2.79,1.27,,,,0.32,0,0
20,129,20129,,0.63,1.93,,,,0.32,0.19,0
20,130,20130,,14.49,3.5,,,,,0.45,0
20,131,20131,,27.55,3.8,,1.02,,,0.73,0
20,132,20132,,2.73,3.52,,,,,0.67,0
20,133,20133,,17.27,3.88,,0.05,,,0.39,0
20,134,20134,,72.37,50.76,,,,,8.01,0
20,135,20135,,17.03,5.62,,0.15,,,1.07,0
20,136,20136,,33.17,38.13,,,,,6.02,0
20,137,20137,,12.04,5.86,,,,,0,0
20,138,20138,,0.91,0.52,,,,,0,0
20,139,20139,,8.12,4.02,,,,,0.05,0
20,140,20140,,1.75,3.74,,,,0.32,0.37,0
20,141,20141,,19.16,12.06,,,,,1.55,0
20,142,20142,,3.25,1.88,,,,,0.02,0
20,143,20143,,24.8,22.67,,,,,2.92,0
20,144,20144,,2.23,2.96,,,,0.32,0.3,0
20,145,20145,,5.33,1.73,,,,,0.33,0
20,146,20146,,6.1,1.44,,,,,0,0
20,147,20147,,0.95,1.16,,,,0.32,0.12,0
20,148,20148,,5.17,3.13,,,,,0,0
20,149,20149,,3.94,2.59,,1.65,,,0,0
20,150,20150,,27.99,9.44,,0.1,,,1.8,0
20,151,20151,,1.01,1.82,,,,0.32,0.18,0
20,152,20152,,3.19,2.34,,,,,0.23,0
20,153,20153,,11.52,18.99,,0.1,,,0.66,0
20,154,20154,,5.27,3.72,,,,,0,0
20,155,20155,,2.46,1.63,,,,,0,0
20,156,20156,,7.67,5.79,,2.02,,0.32,0,0
20,157,20157,,25.04,0.55,,,,,0.1,0
20,158,20158,,5.65,4.71,,,,,0,0
20,159,20159,,15.11,8.56,,0.12,,,0,0
20,160,20160,,4.41,1.16,,,,,0.12,0
20,161,20161,,7.73,0.18,,,,,0.03,0
20,162,20162,,5.76,4.47,,,,0.32,0.85,0
20,163,20163,,4.56,2.51,,,,,0.03,0
20,164,20164,,7.55,2.17,,,,,0.22,0
20,165,20165,,3.55,2.46,,,,,0.25,0
20,166,20166,,27.84,54.87,,,,0.32,8.66,0
20,167,20167,,5.37,3.83,,0.16,,,0,0
20,168,20168,,2.5,4.5,,,,,0.16,0
20,169,20169,,12.4,3.85,,,,,0.61,0
20,170,20170,,11.23,0.8,,,,,0,0
20,171,20171,,76.79,69.65,,0.04,,,0.8,0
20,172,20172,,1.13,0.83,,,,0.32,0.08,0
20,173,20173,,3.24,1.03,,0.04,,0.32,0,0
20,174,20174,,8.08,2.06,,,,,0.49,0
20,175,20175,,3.49,1.99,,,,,0.38,0
20,176,20176,,10.11,6.3,,,,0.32,0.63,0
20,177,20177,,23.33,13.45,1059.94,,,0.32,0.15,0
20,178,20178,,12.75,3.31,,,,,0.66,0
20,179,20179,,3.35,4.2,,,,,0.8,0
20,180,20180,,5.37,4.7,,,,,0.16,0
20,181,20181,,1.18,0.9,,,,,0.09,0
20,182,20182,,5.83,6.63,,,,,0.08,0
20,183,20183,,3.74,1.14,,,,,0.11,0
20,184,20184,,371.79,271.44,2725.01,,,0.32,42.82,0
20,185,20185,,21.52,8.25,,,,,0.28,0
20,186,20186,,1.45,0.74,,,,,0.07,0
20,187,20187,,5.66,9.36,,,,,0.11,0
20,188,20188,,27.2,8.04,,,,,0.28,0
20,189,20189,,11.75,12.68,,,,,2,0
20,190,20190,,61.38,103.63,,1.73,,,0.02,0
20,191,20191,,0.69,0.78,,,,0.32,0,0
20,192,20192,,3.33,2.74,,,,,0.52,0
20,193,20193,,5.69,4.18,,15.19,,,0.8,0
20,194,20194,,3.06,4.37,,,,,0.83,0
20,195,20195,,3.51,1.2,,,,0.32,0.12,0
20,196,20196,,1.01,0.3,,,,0.32,0,0
20,197,20197,,7.5,1.09,,,,,0.21,0
20,198,20198,,76.62,95.51,,,,,12.31,0
20,199,20199,,2,1.13,,,,,0.11,0
20,200,20200,,9.31,5.34,,0.22,,0.32,0,0
20,201,20201,,4.92,2.64,,0.79,,,0,0
20,202,20202,,10.55,18.14,,0.7,,,0.63,0
20,203,20203,,8.5,2.41,,,,,0.46,0
20,204,20204,,1.69,4.28,,0.05,,,0,0
20,205,20205,,55.75,55.69,,0.64,,,8.79,0
20,206,20206,,6.41,2.89,,,,,0.03,0
20,207,20207,,59.26,81.09,,,,,0.01,0
20,208,20208,,20.34,8.97,,,,,0.9,0
20,209,20209,,2.34,2.82,,,,,0,0
20,210,20210,,16.87,8.82,,,,0.32,0.88,0
20,211,20211,,7.86,3.81,,1.13,,,0,0
20,212,20212,,15.98,4.42,,,,,0.7,0
20,213,20213,,11.32,5.43,,5.6,,,0.19,0
20,214,20214,,6.67,1.47,,,,,0,0
20,215,20215,,1.61,5.09,,,,0.32,0.51,0
20,216,20216,,2.71,0.8,,,,0.32,0,0
20,217,20217,,12.77,8.85,,,,0.32,0.88,0
20,218,20218,,1.3,0.81,,2.27,,,0.08,0
20,219,20219,,6.41,2.26,,,,,0.43,0
20,220,20220,,7.68,3.35,,,,,0.04,0
20,221,20221,,3.51,2.32,,,,0.32,0.23,0
20,222,20222,,3.69,1.94,,,,0.32,0,0
20,223,20223,,1.38,1.3,,,,,0,0
20,224,20224,,1.74,5.2,,,,0.32,0.52,0
20,225,20225,,17.02,8.35,,,,,0.29,0
20,226,20226,,6.62,6.56,,,,,1.25,0
20,227,20227,,30.02,1.97,,,,,0.38,0
20,228,20228,,1.92,0.5,,,,,0.01,0
20,229,20229,,18.44,6.66,,8.68,,,0,0
20,230,20230,,2.52,1.06,,,,,0.11,0
20,231,20231,,8.54,2.41,,,,,0,0
20,232,20232,,59.33,88.7,,,,0.32,13.99,0
20,233,20233,,4.58,3.04,,,,,0.58,0
20,234,20234,,23.23,6.95,,,,,0.08,0
20,235,20235,,10.2,7.79,,,,,0,0
20,236,20236,,5.73,0.83,,,,,0,0
20,237,20237,,5.26,2.41,,,,,0.24,0
20,238,20238,,1.92,1.46,,,,,0.28,0
20,239,20239,,2.93,1.98,,,,0.32,0.2,0
20,240,20240,,7.3,2.36,,,,,0.24,0
20,241,20241,,2.42,0.53,,,,,0.1,0
20,242,20242,,38.87,2.89,,,,,0.29,0
20,243,20243,,4.09,3.94,,2.75,,,0.75,0
20,244,20244,,9.21,4.42,,0.15,,0.32,0.05,0
20,245,20245,,3.09,2.61,,,,,0.26,0
20,246,20246,,1.41,0.5,,,,,0,0
20,247,20247,,3.24,0,,0.01,,0.32,0,0
20,248,20248,,45.57,3.15,,,,,0.41,0
20,249,20249,,8.77,3.54,,,,,0.04,0
20,250,20250,,2.81,5.56,,,,0.32,0.56,0
20,251,20251,,2.9,0.72,,,,,0.07,0
20,252,20252,,5.3,2.14,,,,,0.21,0
20,253,20253,,13.24,25.35,,0.24,,,0.88,0
20,254,20254,,10.43,2.03,,,,,0,0
20,255,20255,,4.71,4.52,,2.27,,,0.45,0
20,256,20256,,0.58,0.67,,,,0.32,0.07,0
20,257,20257,,2.31,1.16,,,,0.32,0,0
20,258,20258,,2.33,1.07,,,,0.32,0.11,0
20,259,20259,,5.87,1.29,,,,,0.13,0
20,260,20260,,6.71,1.91,,,,0.32,0,0
20,261,20261,,15.47,8.29,,,,,0.83,0
20,262,20262,,2.48,0.6,,,,,0,0
20,263,20263,,13.03,5.66,,,,,0,0
20,264,20264,,8.99,3.45,,,,0.32,0.35,0
20,265,20265,,21.94,31.58,,5.64,,,4.07,0
20,266,20266,,23.52,29.59,,15.96,,,1.02,0
20,267,20267,,0.68,0.16,,,,,0,0
20,268,20268,,2.12,3.64,,,,,0.7,0
20,269,20269,,8.54,5.05,,,,0.32,0.51,0
20,270,20270,,3.89,2.79,,,,0.32,0.28,0
20,271,20271,,7.68,6.76,,,,,1.29,0
20,272,20272,,17.3,17.6,,2.69,,,0.61,0
20,273,20273,,10.86,17.55,,5.14,,,3.35,0
20,274,20274,,3.79,3.69,,,,,0.37,0
20,275,20275,,18.93,10.72,,,,0.32,0,0
20,276,20276,,2.23,0.81,,0.24,,,0.01,0
20,277,20277,,40.13,25.62,,0.84,,,0,0
20,278,20278,,95.66,62.4,,,,0.32,9.84,0
20,279,20279,,7.63,1.79,,,,,0,0
20,280,20280,,5.51,2.47,,0.47,,0.32,0,0
20,281,20281,,0.54,1.16,,,,0.32,0.12,0
20,282,20282,,2.15,3.29,,,,,0.42,0
20,283,20283,,2.66,2.6,,,,0.32,0.26,0
20,284,20284,,9.24,0,,,,,0.29,0
20,285,20285,,8.43,7.5,,,,,0.26,0
20,286,20286,,8.65,1.27,,,,,0.13,0
20,287,20287,,0.95,0.59,,,,0.32,0.06,0
20,288,20288,,1.62,0.99,,,,,0,0
20,289,20289,,2.74,2.39,,,,,0,0
20,290,20290,,2.42,0.96,,,,,0.1,0
20,291,20291,,10.47,7.59,,0.31,,,0,0
20,292,20292,,4.27,3.86,,0.02,,,0.74,0
20,293,20293,,31.38,2.32,,,,,0.44,0
20,294,20294,,15.51,6.38,,,,,1.22,0
20,295,20295,,20.6,10.73,,3.09,,,2.05,0
20,296,20296,,2.39,0.64,,3.14,,0.32,0,0
20,297,20297,,9.94,3.81,,,,0.32,0.38,0
20,298,20298,,28.96,6.53,,,,,1.25,0
20,299,20299,,2.45,0.96,,,,,0,0
20,300,20300,,14.75,3.24,,,,,0,0
20,301,20301,,3.76,6.18,,,,,1.18,0
20,302,20302,,10.6,5.31,,,,,0.18,0
20,303,20303,,2.44,0.36,,0.08,,,0,0
20,304,20304,,2.3,2.56,,,,0.32,0.26,0
20,305,20305,,9.8,11.35,,,,,1.46,0
20,306,20306,,13.86,5.51,,,,,0.19,0
20,307,20307,,24.93,9.76,,,,,1.26,0
20,308,20308,,7.45,3.85,,,,,0.5,0
20,309,20309,,34.53,16.67,,,,,2.63,0
20,310,20310,,15.21,4.61,,,,,0.88,0
20,311,20311,,0.66,0.83,,,,0.32,0.01,0
20,312,20312,,29.85,6.99,,,,,0.24,0
20,313,20313,,2.2,1.02,,0.12,,0.32,0.01,0
20,314,20314,,4.4,2.21,,,,,0.08,0
20,315,20315,,4.42,4.83,,,,,0.92,0
20,316,20316,,1.94,2.16,,,,,0,0
20,317,20317,,4.08,1.79,,0.1,,0.32,0.18,0
20,318,20318,,88.68,45.72,,0.11,,,0.05,0
20,319,20319,,2.95,1.52,,,,,0,0
20,320,20320,,1.99,0.96,,,,,0.1,0
20,321,20321,,2.32,1.39,,,,0.32,0.14,0
20,322,20322,,2.34,1.6,,,,,0.02,0
20,323,20323,,6.48,3.66,,,,0.32,0,0
20,324,20324,,117.84,28.41,,0.75,,,0.98,0
20,325,20325,,36.19,3.69,,,,,0.7,0
20,326,20326,,12.44,10.8,,,,,0.12,0
20,327,20327,,39.06,92.86,,,,,11.97,0
20,328,20328,,2.91,4.27,,,,,0.82,0
20,329,20329,,3.68,3.85,,,,,0.39,0
20,330,20330,,12.24,5.62,,,,,0.06,0
20,331,20331,,1.8,2.33,,,,0.32,0.23,0
20,332,20332,,0.96,1.08,,,,0.32,0.11,0
20,333,20333,,6.7,4.9,,,,,0.94,0
20,334,20334,,107.87,112.06,,1.38,,,3.87,0
20,335,20335,,2.4,1.84,,,,0.32,0,0
20,336,20336,,6.92,2.12,,8.8,,,0,0
20,337,20337,,18.15,3.89,,0.1,,,0,0
20,338,20338,,19.33,0,,,,,0.33,0
20,339,20339,,9.4,4.58,,,,0.32,0.46,0
20,340,20340,,4.86,4.06,,,,,0.41,0
20,341,20341,,0.64,1.13,,,,0.32,0.11,0
20,342,20342,,4.82,1.24,,,,,0.24,0
20,343,20343,,3.81,2.28,,,,,0.44,0
20,344,20344,,7.03,6.74,,,,,0,0
20,345,20345,,9.02,4.62,,,,,0.16,0
20,346,20346,,3.71,3.14,,,,0.32,0.31,0
20,347,20347,,8.79,1.99,,0.02,,,0,0
20,348,20348,,18.33,7.14,,0.3,,,0.71,0
20,349,20349,,5.18,1.94,,,,,0.37,0
20,350,20350,,39.27,0.55,,,,,0.11,0
20,351,20351,,4.82,3.29,,,,,0,0
20,352,20352,,7.17,1.48,,,,,0.15,0
20,353,20353,,4.27,3.17,,,,,0,0
20,354,20354,,2.08,1.09,,,,,0.01,0
20,355,20355,,2.26,0.95,,2.68,,,0.01,0
20,356,20356,,5.03,1.79,,,,,0.34,0
20,357,20357,,2.66,3.66,,,,,0,0
20,358,20358,,4.42,3.8,,0.04,,,0.73,0
20,359,20359,,2.33,0.5,,,,0.32,0,0
20,360,20360,,8.06,3.14,,,,0.32,0.6,0
20,361,20361,,2.71,1.32,,,,,0,0
20,362,20362,,3.18,2.45,,,,,0,0
20,363,20363,,6.38,2.23,,0.08,,0.32,0,0
20,364,20364,,39.38,48.99,,15.71,,,1.69,0
20,365,20365,,2.84,2.38,,,,0.32,0,0
20,366,20366,,15.25,4.65,,,,,0.16,0
20,367,20367,,11.86,5.47,,,,,0.19,0
20,368,20368,,4.3,1.62,,,,,0.31,0
20,369,20369,,3.97,1.82,,,,,0.35,0
20,370,20370,,1.71,1.43,,,,0.32,0.14,0
20,371,20371,,2.88,1.32,,,,,0.13,0
20,372,20372,,5.41,3.07,,0.09,,,0.31,0
20,373,20373,,1.07,1.01,,,,,0.1,0
20,374,20374,,4.14,1.68,,,,,0.02,0
20,375,20375,,23.16,0.28,,,,,0.05,0
20,376,20376,,0.93,0.39,,,,,0.04,0
20,377,20377,,40.11,8.95,,2.61,,,0,0
20,378,20378,,7.57,5.42,,0.43,,0.32,1.04,0
20,379,20379,,7.52,2.42,,,,,0.24,0
20,380,20380,,4.73,2.01,,,,,0.38,0
20,381,20381,,6.18,3.4,,,,,0.34,0
20,382,20382,,4.88,1.63,,,,,0.16,0
20,383,20383,,1.69,1.26,,,,0.32,0.13,0
20,384,20384,,9.73,3.6,,,,,0,0
20,385,20385,,172.04,1.85,,,,,0.35,0
20,386,20386,,97.38,3.8,,1.15,,,0,0
20,387,20387,,6.65,7.87,,0.08,,0.32,1.5,0
20,388,20388,,6.43,3.67,,,,,0.7,0
20,389,20389,,2.39,1.42,,,,,0.27,0
20,390,20390,,113.2,0.18,,,,,0.03,0
20,391,20391,,13.02,2.07,,,,,0,0
20,392,20392,,22.83,14.9,,1.05,,,0,0
20,393,20393,,8.92,3.54,,,,,0.68,0
20,394,20394,,6.68,7.69,,,,0.32,0,0
20,395,20395,,5.24,3.9,,,,0.32,0.39,0
20,396,20396,,9.56,6.41,,,,,0.07,0
20,397,20397,,92.79,9.23,,1.58,,0.32,0.92,0
20,398,20398,,11.45,0,,1.31,,,1.37,0
20,399,20399,,54.41,1.82,,0.13,,,0.35,0
20,400,20400,,3.47,0.95,,,,,0.1,0
20,401,20401,,54.35,40.08,,,,,1.39,0
20,402,20402,,2.53,4.26,,,,,0.15,0
20,403,20403,,5.41,0.74,,,,,0.14,0
20,404,20404,,1.89,5.01,,,,0.32,0.5,0
20,405,20405,,4.3,4.19,,1.44,,0.32,0.12,0
20,406,20406,,69.8,57.88,,,,,0.66,0
20,407,20407,,31.58,36.11,,118.11,,,4.65,0
20,408,20408,,1.34,0.72,,,,0.32,0.07,0
20,409,20409,,20.64,2.08,,,,,0.4,0
20,410,20410,,10.03,9.06,,0.59,,,0,0
20,411,20411,,1.77,0.7,,,,,0.13,0
20,412,20412,,10.99,18.1,,,,,2.33,0
20,413,20413,,89.53,26.06,,1.32,,,0.9,0
20,414,20414,,26.54,26.84,,,,,0.93,0
20,415,20415,,11.02,7.52,,,,,0,0
20,416,20416,,1.53,0.54,,,,0.32,0.01,0
20,417,20417,,26.1,45.96,,,,0.32,7.25,0
20,418,20418,,31.78,11.23,,,,,1.45,0
20,419,20419,,1.46,0.5,,,,0.32,0,0
20,420,20420,,3.89,3.11,,,,,0,0
20,421,20421,,11.31,7.09,,,,,0.91,0
20,422,20422,,1.76,1.46,,,,0.32,0.15,0
20,423,20423,,2.15,1.2,,0.06,,0.32,0.12,0
20,424,20424,,13.35,5.73,,0.04,,,0,0
20,425,20425,,5.27,3.08,,,,,0.04,0
20,426,20426,,32.84,18.39,,0.03,,0.32,3.51,0
20,427,20427,,37.35,11.02,,,,,1.42,0
20,428,20428,,4.12,3.04,,2.19,,,0,0
20,429,20429,,4.78,10.4,,0.04,,,0,0
20,430,20430,,0.78,1.16,,0.29,,,0.12,0
20,431,20431,,4.29,2.76,,,,0.32,0.03,0
20,432,20432,,2.27,0.98,,,,0.32,0,0
20,433,20433,,8.11,4.77,,,,,0.16,0
20,434,20434,,11.52,3.6,,,,,0.04,0
20,435,20435,,7.94,1.79,,,,,0,0
20,436,20436,,2.4,0.79,,,,0.32,0.01,0
20,437,20437,,31.23,5.34,,,,,0,0
20,438,20438,,5.73,1.33,,,,,0.02,0
20,439,20439,,65.61,44.69,,,,,1.54,0
20,440,20440,,2.45,2.43,,,,,0.31,0
20,441,20441,,19.06,8.39,,,,,1.08,0
20,442,20442,,0.73,0.17,,,,,0,0
20,443,20443,,1.04,0.46,,,,0.32,0,0
20,444,20444,,1.77,0.7,,,,,0.07,0
20,445,20445,,3.37,2.11,,,,0.32,0.21,0
20,446,20446,,16.58,10.32,,,,,1.03,0
20,447,20447,,36.08,15.08,,3.18,,,0,0
20,448,20448,,5.3,3.02,,0.17,,,0,0
20,449,20449,,8.46,8.22,,,,,1.57,0
20,450,20450,,58.4,4.52,,,,,0,0
20,451,20451,,2.23,3.48,,,,0.32,0.35,0
20,452,20452,,9.56,4.37,,,,,0.85,0
20,453,20453,,10.46,4.26,,,,,0.55,0
20,454,20454,,12.98,4.83,,,,,0,0
20,455,20455,,6.17,1.84,,,,,0.18,0
20,456,20456,,3.93,0.78,,,,,0.08,0
20,457,20457,,13.17,8.03,,0.2,,0.32,0,0
20,458,20458,,3.5,2.12,,,,,0,0
20,459,20459,,11.45,6.95,,,,,0.7,0
20,460,20460,,21.99,15.98,,,,,2.52,0
20,461,20461,,1.46,1.43,,,,,0.14,0
20,462,20462,,10.22,3.53,,,,,0.35,0
20,463,20463,,1.62,3.16,,0.1,,0.32,0.32,0
20,464,20464,,1.09,2.05,,,,0.32,0.2,0
20,465,20465,,4.14,4.43,,20.64,,,0,0
20,466,20466,,36.74,13.41,,2.46,,,0.46,0
20,467,20467,,45.53,72,,,,,2.49,0
20,468,20468,,34.72,34.47,,,,,5.44,0
20,469,20469,,99.96,6.96,,13.53,,,0.7,0
20,470,20470,,14.48,32.25,,,,,4.16,0
20,471,20471,,1.02,0.6,,,,0.32,0,0
20,472,20472,,7.26,7.82,,,,,1.01,0
20,473,20473,,3.16,1.06,,,,,0,0
20,474,20474,,7.72,7.78,,,,,0.27,0
20,475,20475,,26.7,7.49,,0.45,,,1.43,0
20,476,20476,,0.69,0.52,,0.32,,,0.05,0
20,477,20477,,5.86,4.3,,,,,0,0
20,478,20478,,5.09,5.22,,,,0.32,0.06,0
20,479,20479,,0.5,0.77,,,,0.32,0.08,0
20,480,20480,,2.47,1.49,,0.14,,0.32,0.15,0
20,481,20481,,5.98,9.8,,,,,0.98,0
20,482,20482,,115.11,69.77,3314.7,0.24,,,2.41,0
20,483,20483,,22.09,7.23,,,,,1.38,0
20,484,20484,,10.16,4.41,,,,,0.44,0
20,485,20485,,7.16,6.55,,,,,0.23,0
20,486,20486,,5.55,0,,,,0.32,0.54,0
20,487,20487,,5.07,4.13,,,,,0.79,0
20,488,20488,,0.33,0.45,,,,0.32,0.04,0
20,489,20489,,12.78,7.95,,0.39,,,0.27,0
20,490,20490,,8.19,3.15,,,,,0.04,0
20,491,20491,,10.29,4.42,,5,,,0,0
20,492,20492,,10.42,5.94,,,,0.32,0.59,0
20,493,20493,,1.16,5.01,,,,0.32,0.5,0
20,494,20494,,16.05,8.74,,,,,1.67,0
20,495,20495,,11.44,4.25,,0.3,,,0,0
20,496,20496,,4.21,1.39,,0.18,,0.32,0,0
20,497,20497,,9.69,5.16,,,,,0.18,0
20,498,20498,,15.84,81.08,,3.67,,,12.79,0
20,499,20499,,5.36,1.16,,,,0.32,0.12,0
20,500,20500,,21.14,5.81,,9.65,,0.32,0.58,0
20,501,20501,,1.87,0.83,,,,,0.08,0
20,502,20502,,14.69,12.04,,,,0.32,0,0
20,503,20503,,1.08,0.2,,,,,0,0
20,504,20504,,3.67,1.04,,,,0.32,0,0
20,505,20505,,19.03,25.06,,,,0.32,3.23,0
20,506,20506,,1.91,2.43,,,,,0.46,0
20,507,20507,,7.85,6.6,,,,,0.23,0
20,508,20508,,3.67,10.35,,,,,1.33,0
20,509,20509,,25.9,19.25,,1.22,,,0.67,0
20,510,20510,,4.55,0.7,,,,,0.07,0
20,511,20511,,13.9,6.6,,,,0.32,0.66,0
20,512,20512,,2.75,1.09,,,,,0,0
20,513,20513,,20.14,32.72,,,,,4.22,0
20,514,20514,,3.99,1.49,,,,0.32,0,0
20,515,20515,,153.28,42.15,3568.17,0.12,,,5.44,0
20,516,20516,,10.75,4.52,,4.76,,,0,0
20,517,20517,,16.57,3.22,,,,,0,0
20,518,20518,,0.36,1.16,,,,0.32,0.12,0
20,519,20519,,5.87,1.14,,,,,0.22,0
20,520,20520,,16.55,7.66,,,,,0.77,0
20,521,20521,,0.85,0.67,,,,0.32,0.07,0
20,522,20522,,2.39,0.73,,0.06,,,0,0
20,523,20523,,3.9,7.04,,,,0.32,0.7,0
20,524,20524,,1.09,1.63,,,,,0.16,0
20,525,20525,,27.63,37.35,,3.66,,,6.63,0
20,526,20526,,44,34.83,,0.05,,,1.2,0
20,527,20527,,6.84,1.15,,,,,0.01,0
20,528,20528,,2.99,1.41,,,,,0.14,0
20,529,20529,,3.56,0.62,,,,,0.06,0
20,530,20530,,7.53,7.08,,,,,1.35,0
20,531,20531,,4.71,5.41,,0.13,,,1.03,0
20,532,20532,,10.13,5.44,,0.1,,0.32,0.54,0
20,533,20533,,5.38,1.54,,,,,0,0
20,534,20534,,9.64,7.55,,,,,1.44,0
20,535,20535,,8.82,0.15,,0.29,,,0,0
20,536,20536,,1.26,1.82,,,,0.32,0.18,0
20,537,20537,,16.55,7.95,,,,,0.8,0
20,538,20538,,1.85,0.44,,,,,0,0
20,539,20539,,10.58,6.62,,,,,1.26,0
20,540,20540,,17.43,6.66,,,,0.32,0.67,0
20,541,20541,,3.91,1.34,,,,,0,0
20,542,20542,,1.84,1.6,,,,,0.31,0
20,543,20543,,16.07,33.3,,,,,1.15,0
20,544,20544,,3.03,0.96,,8.46,,0.32,0,0
20,545,20545,,22.15,3.15,,,,0.32,0.04,0
20,546,20546,,14.42,2.25,,,,,0.43,0
20,547,20547,,2.48,0,,,,0.32,0.31,0
20,548,20548,,5.02,4.13,,,,0.32,0.41,0
20,549,20549,,28.57,23.13,,,,,2.31,0
20,550,20550,,11.81,3.66,,,,,0.7,0
20,551,20551,,42.74,18.31,,,,,3.5,0
20,552,20552,,1.21,1.66,,,,0.32,0.17,0
20,553,20553,,21.48,4.18,,0.21,,,0.8,0
20,554,20554,,12.73,7.6,,0,,0.32,0,0
20,555,20555,,7.04,5.45,,,,,1.04,0
20,556,20556,,0.59,0.92,,,,0.32,0.09,0
20,557,20557,,32.38,12.99,,,,0.32,1.67,0
20,558,20558,,3.93,1.17,,,,,0.01,0
20,559,20559,,55.47,44.6,,,,,7.04,0
20,560,20560,,15,4.19,,,,0.32,0.8,0
20,561,20561,,6.82,7.47,,,,,1.43,0
20,562,20562,,3,1.51,,,,0.32,0.15,0
20,563,20563,,3.17,2.7,,,,,0.52,0
20,564,20564,,2.95,4.59,,,,,0.46,0
20,565,20565,,86.71,6.74,,,,,1.29,0
20,566,20566,,15.27,12.37,,,,,0,0
20,567,20567,,8.68,3.8,,,,,0.38,0
20,568,20568,,3.49,1.3,,,,,0.13,0
20,569,20569,,4.46,4.66,,,,0.32,0.47,0
20,570,20570,,47.56,11,,0.54,,0.32,2.1,0
21,1,21001,,136.72,138.08,73.51,0.32,,0.23,5.22,0
21,2,21002,,23.93,114.57,122.64,,,,0,0
21,3,21003,,82.71,81.73,135.97,,,,3.87,0
21,4,21004,,115.67,100.19,121.36,0.13,,0.23,0,0
21,5,21005,,7.5,18.92,42,,,,0.9,0
21,6,21006,,36.88,17.76,224.76,,,,0,0
21,7,21007,,8.65,16.64,43.62,,,,0.26,0
21,8,21008,,24.68,33.31,50.42,0.66,,,0.81,0.01
21,9,21009,,5.13,6.91,19.12,,,,0.21,0
21,10,21010,,148.85,92.08,606.68,,,0.23,0.31,0
21,11,21011,,4.57,8.74,24.19,,,,0.26,0
21,12,21012,,15.42,68.64,20.49,0.14,,0.23,2.8,0
21,13,21013,,42.72,61.92,51.89,,,0.23,0.48,0
21,14,21014,,14.67,13.7,185.16,,,,0,0
21,15,21015,,196.04,74.12,60.49,1.86,,0.23,2.8,0
21,16,21016,,19.43,53.72,242.17,6.7,,,0.03,0
21,17,21017,,59.51,14.33,52.91,,,,0,0
21,18,21018,,9.6,37.91,129.11,,,0.23,0.07,0
21,19,21019,,305.52,120.46,134.91,0.51,,,4.52,0
21,20,21020,,15.43,15.47,122.01,,,0.23,0.59,0
21,21,21021,,3.03,5.24,35.64,,,0.23,0.25,0
21,22,21022,,27.47,45,29.54,0.07,,,1.81,0
21,23,21023,,20.4,53.79,45.01,0.38,,,2.27,0
21,24,21024,,2.42,5.24,15.4,,,,0.15,0
21,25,21025,,22.62,47.29,123.68,,,,0,0
21,26,21026,,33.33,45.54,39.39,0.43,,,1.61,0
21,27,21027,,13.4,42.23,373.41,,,0.23,0.03,0
21,28,21028,,6.92,6.74,99.51,,,,0,0
21,29,21029,,11.02,15.38,27.61,,,,0,0
21,30,21030,,1.99,5.29,70.25,,,,0,0
21,31,21031,,8.19,23.79,65.16,,,,0.97,0
21,32,21032,,3.4,15.66,33.66,,,,0.47,0
21,33,21033,,11.65,20.73,13.54,,,,0.84,0
21,34,21034,,75.03,32.06,48.29,,,,1.35,0
21,35,21035,,51.29,65.92,80.47,,,,0,0
21,36,21036,,40.95,7.37,86.51,,,,0,0
21,37,21037,,5.57,40.58,58.57,,,0.23,0.19,0
21,38,21038,,17.98,15.78,33.17,,,,0.39,0
21,39,21039,,24.13,29.47,221.28,,,,0,0
21,40,21040,,19.83,51.63,64.32,,,0.23,1.83,0
21,41,21041,,137.58,33.61,36.61,,,,1.51,0
21,42,21042,,8.56,22.48,18.97,,,,0.8,0
21,43,21043,,148.1,91.67,33.66,,,,0,0
21,44,21044,,36.62,104.66,37.23,0.57,,0.23,4.27,0
21,45,21045,,102.23,217.99,104.81,0.43,,,8.84,0
21,46,21046,,15.93,11.99,73.64,0.11,,0.23,0.01,0
21,47,21047,,46.5,116.16,124.33,,,0.23,3.9,0
21,48,21048,,43.15,26.32,67.47,,,,1.02,0
21,49,21049,,35.28,22.69,22.07,,,,0,0
21,50,21050,,59.64,30.65,10.59,,,,1.75,0
21,51,21051,,82.23,107.03,33.66,,,0.23,4.31,0
21,52,21052,,2.95,1.51,6.84,,,,0,0
21,53,21053,,133.86,259.69,667,0.1,,0.23,0.04,0
21,54,21054,,67.44,50.06,94.26,2.85,,,0,0
21,55,21055,,12.12,24.34,97,,,0.23,0.49,0
21,56,21056,,3.11,8.51,14.62,,,,0.09,0
21,57,21057,,17.18,35.53,45.56,,,,0.4,0
21,58,21058,,48.13,42.56,35.7,,,,3.58,0
21,59,21059,,5.9,5.22,,,,,0.19,0
21,60,21060,,14.19,12.35,29.05,,,,0.43,0
21,61,21061,,41.12,72.54,73.25,,,,0,0
21,62,21062,,10.68,25.47,41.98,,,0.23,0.98,0
21,63,21063,,33.49,75.16,34.64,0,,,3.17,0
21,64,21064,,45.49,83.09,277.29,,,,0.24,0
21,65,21065,,44.06,92.08,82.87,0.4,,0.23,0.3,0
21,66,21066,,16.37,83.85,132.71,,,0.23,3.36,0
21,67,21067,,37.72,88.56,105.06,1.32,,,1.23,0
21,68,21068,,24.71,28.67,11.9,,,,0,0
21,69,21069,,65.36,84.33,73.74,,,,2.96,0
21,70,21070,,16.65,29.2,58.94,,,,0.02,0
21,71,21071,,229.86,38.58,81.87,1.47,,,0.02,0
21,72,21072,,53.69,39.56,35.48,,,,0,0
21,73,21073,,21.78,44.38,49.12,,,0.23,1.5,0
21,74,21074,,148.18,64.5,184.75,,,,2.69,0
21,75,21075,,30.18,27.41,19.26,,,,0,0
21,76,21076,,74.09,118.8,177.34,,,,0,0
21,77,21077,,16.88,23.89,20.19,,,,0,0
21,78,21078,,37.29,24.29,30.62,,,,0,0
21,79,21079,,12.1,25.2,143,,,,1.05,0
21,80,21080,,8.6,13.28,16.9,,,,0,0
21,81,21081,,9.21,28.17,84.39,,,,0.77,0
21,82,21082,,18.59,50.7,88.97,,,0.23,0.4,0
21,83,21083,,66.36,119.84,294.06,11.98,,0.23,0.02,0
21,84,21084,,19.92,19.86,26,,,,0,0
21,85,21085,,173.73,149.94,121.69,0.01,,0.23,6.11,0
21,86,21086,,34.34,82.91,115.5,,,,0.16,0
21,87,21087,,31,38.8,42.19,0.05,,,1.21,0
21,88,21088,,13.47,26.12,24.48,,,,0,0
21,89,21089,,34.23,80.12,12.03,,,,0,0
21,90,21090,,37.06,28.11,93.25,,,,1.08,0
21,91,21091,,23.9,1.11,7.4,,,,0,0
21,92,21092,,12.92,42.77,73.39,,,0.23,0.19,0
21,93,21093,,19.45,56.01,27.34,1.45,,,1.15,0
21,94,21094,,72.54,115.05,82.05,1.88,,0.23,4.59,0
21,95,21095,,1.08,2.63,44.29,,,,0,0
21,96,21096,,6.08,21.36,11.82,0.13,,,0.91,0
21,97,21097,,5.44,11.99,16.38,,,0.23,0.13,0
21,98,21098,,14.4,37.75,77.84,,,0.23,0.52,0
21,99,21099,,45.24,0,114.02,,,0.23,2.6,0
21,100,21100,,25.1,22.06,26.89,,,,0,0
21,101,21101,,9.18,11.18,22.74,,,,0,0
21,102,21102,,25.91,32.47,23.28,0.09,,,1.24,0
21,103,21103,,14.32,11.69,183.62,0.59,,,0,0
21,104,21104,,61.83,86.97,49.4,,,0.23,3.45,0
21,105,21105,,12.09,15.27,13.01,0.13,,,0.6,0
21,106,21106,,52.7,8.34,223.92,,,,0.27,0
21,107,21107,,36.42,33.2,28.82,,,,0,0
21,108,21108,,36.5,70.24,241.78,0.19,,,2.85,0
21,109,21109,,50.93,17.56,35.74,,,0.23,0,0
21,110,21110,,100.4,246.4,521,0.68,,0.23,2.61,0
21,111,21111,,51.6,66.21,103.98,,,0.23,0.23,0
21,112,21112,,24.29,60.24,91.68,,,0.23,1.89,0
21,113,21113,,10.55,16.48,29.99,,,,0.6,0
21,114,21114,,3255.37,10.33,154.52,3.64,0.03,,4.3,0.03
21,115,21115,,107.29,113.91,235.03,,,0.23,2.52,0
21,116,21116,,49.9,27.13,32.47,0.81,,,2.3,0
21,117,21117,,31.94,12.45,18.8,,,0.23,0.52,0
21,118,21118,,60.82,47.06,23.82,,,,1.38,0
21,119,21119,,198.09,19.63,189.22,,,,0.81,0
21,120,21120,,12.37,8.3,140.88,,,0.23,0.02,0
21,121,21121,,3.19,0,77.29,,,,0.15,0
21,122,21122,,21.29,29.2,70,0.29,,0.23,1.08,0
21,123,21123,,15.13,14.33,12.25,,,,0,0
21,124,21124,,33.55,21.18,80.29,,,0.23,0.47,0
21,125,21125,,17.38,7.61,27.9,,,,0.27,0
21,126,21126,,13.1,27.84,95.91,0.03,,,1.02,0
21,127,21127,,9.9,10.5,85.21,,,,0.36,0
21,128,21128,,18.67,52.8,34.57,,,,2.18,0
21,129,21129,,29.62,50.59,767.04,,,0.23,0.25,0
21,130,21130,,8.46,8.06,8.04,,,0.23,3.79,0
21,131,21131,,1.89,3.12,,,,,0,0
21,132,21132,,322.95,108.88,322,,,,2.69,0
21,133,21133,,1.93,7.32,26.08,,,,0.35,0
21,134,21134,,42.24,46.98,133.64,,,0.23,1.88,0
21,135,21135,,1.61,11.35,93.1,,,,0.3,0
21,136,21136,,26.29,5.8,30.19,,,,0.22,0
21,137,21137,,20.97,90.48,37.79,1.11,,,1.49,0
21,138,21138,,24.24,25.1,32.54,6.71,,,0.86,0
21,139,21139,,8.48,17.71,106.47,,,0.23,0.71,0
21,140,21140,,280.55,57.51,157.7,,,,2.42,0
21,141,21141,,8.62,17.17,90.72,,,0.23,0.67,0
21,142,21142,,63.42,150.64,32.9,4.15,,,6.07,0
21,143,21143,,59.2,67.81,116.26,0.3,,0.23,2.69,0
21,144,21144,,30.41,24.33,134.6,,,,0.41,0
21,145,21145,,51,56.56,84.6,,,,0,0
21,146,21146,,2.05,1.53,8.15,,,,0,0
21,147,21147,,14.8,70.95,101.99,,,,0,0
21,148,21148,,22.98,21.81,40.49,,,,0.81,0
21,149,21149,,49.85,35.06,157.14,0.12,,0.23,0.1,0
21,150,21150,,15.92,27.94,57.2,,,0.23,1.06,0
21,151,21151,,18.6,15.89,83.69,,,,0.26,0
21,152,21152,,28.51,70.87,35.1,0.16,,,2.96,0
21,153,21153,,45.3,50.63,83.5,,,0.23,1.83,0
21,154,21154,,161.41,139.72,3132.15,,,0.23,5.25,0
21,155,21155,,12.75,0.69,52.66,,,,0.53,0
21,156,21156,,626.48,103.22,4096.16,0.13,,0.23,0.93,0
21,157,21157,,27.19,21.65,17.5,,,,0.8,0
21,158,21158,,19.5,55.82,170.53,,,,0,0
21,159,21159,,11.1,24.67,22.43,,,,0.85,0
21,160,21160,,7.87,16.03,20.82,,,,0.5,0
21,161,21161,,43.96,68.74,2063.47,0.23,,,2.97,0
21,162,21162,,11.23,5.29,140.77,,,,0,0
21,163,21163,,38.2,30,31.17,1.15,,,1.08,0
21,164,21164,,169.25,118.17,165.06,,,0.23,4.04,0
21,165,21165,,3.16,9.97,14.62,,,,0.39,0
21,166,21166,,18.64,28.13,28.01,,,0.23,1.33,0
21,167,21167,,25.03,13.41,133.59,0.54,,,0,0
21,168,21168,,15.6,63.67,37.68,,,,2.87,0
21,169,21169,,48.81,126.41,90.4,,,,0.28,0
21,170,21170,,41.36,153.86,53.4,3.88,,0.23,5.89,0
21,171,21171,,7.37,12.16,145.07,,,,0.46,0
21,172,21172,,71.85,40.76,304.27,6.53,,,0.04,0
21,173,21173,,14.35,10.7,45.66,,,,0,0
21,174,21174,,222.13,27.28,139.81,0.03,,,0,0
21,175,21175,,24.13,21.05,46.5,1.26,,,0.81,0
21,176,21176,,20.41,46.01,29.99,,,0.23,2.17,0
21,177,21177,,114.92,116.59,1073.97,0.09,,0.23,4.71,0
21,178,21178,,45.93,60,44.78,,,0.23,0,0
21,179,21179,,68.22,207.55,84.72,2.53,,,8.21,0
21,180,21180,,85.02,148.98,368.36,3.76,,0.23,5.38,0
21,181,21181,,14.39,29.22,35.66,,,,1.08,0
21,182,21182,,11.58,10.69,57.2,,,,0.43,0
21,183,21183,,48.34,54.11,31.66,,,,0,0
21,184,21184,,15.06,28.55,40.44,,,,0,0
21,185,21185,,19.83,57.36,30.85,,,0.23,2.55,0
21,186,21186,,123.38,150.21,143.64,1.75,,,0,0
21,187,21187,,16.54,30.8,36.1,,,0.23,0,0
21,188,21188,,37.95,42.37,122.13,0.82,,,1.61,0
21,189,21189,,45.71,47.79,841.2,,,0.23,1.45,0
21,190,21190,,2.94,5.34,18.53,,,,0.15,0
21,191,21191,,21.83,16.69,38.89,,,,0.62,0
21,192,21192,,16.6,25.2,37.41,,,,0,0
21,193,21193,,14.51,37.63,64.2,,,0.23,1.4,0
21,194,21194,,69.05,60.61,211.11,,,0.23,0.3,0
21,195,21195,,54.32,65.93,92.04,,,0.23,0,0
21,196,21196,,3.29,2.69,14.3,,,,0.1,0
21,197,21197,,184.02,106.95,94.74,,,0.23,0,0
21,198,21198,,3.21,7.95,111.68,,,,0.24,0
21,199,21199,,88.96,64.82,103.41,2.43,,,0,0
21,200,21200,,10.99,18.32,20.87,,,,0,0
21,201,21201,,7.61,13.13,0.54,,,0.23,0.54,0
21,202,21202,,34.91,15.55,36.08,0.23,,,0,0
21,203,21203,,13.62,36.65,81.07,,,,1.63,0
21,204,21204,,18.35,22.32,32.52,0.31,,,0,0
21,205,21205,,52.44,53.22,251.51,,,0.23,2.32,0
21,206,21206,,10.16,49.44,122.89,,,,0.31,0
21,207,21207,,133.31,51.63,60.78,0.05,,,0,0
21,208,21208,,180.47,170.03,451.8,4.77,,0.23,0.03,0
21,209,21209,,21.23,30.25,83.61,,,0.23,0.03,0
21,210,21210,,13.53,17.71,31.89,,,,0,0
21,211,21211,,36.51,30.42,82.61,0.12,,,0,0
21,212,21212,,50.98,27.55,35.54,1.68,,,0,0
21,213,21213,,34.16,83.58,31.31,,,,0,0
21,214,21214,,36.41,26.63,873.29,,,0.23,0.52,0
21,215,21215,,11.7,20.15,22.16,,,,0,0
21,216,21216,,7.82,15.1,27.65,,,,0,0
21,217,21217,,58.05,35.33,83.61,,,,0,0
22,1,22001,,175,248,843.7,2.15,,0.03,14.5,0
22,2,22002,,92.91,16.89,108.53,4.49,,,0,0
22,3,22003,,34.53,24.12,130.26,0.01,,,0.87,0
22,4,22004,,170.79,100.57,352.95,2.92,,,6.39,0
22,5,22005,,133.22,163.11,1323.67,0.06,,0.03,11.47,0.01
22,6,22006,,260.06,50.95,453.59,0.76,,0.03,3.08,0
22,7,22007,,91.73,37.22,1452.11,,,,2.52,0
22,8,22008,,85.17,117.9,200.65,3.56,,,6.58,0
22,9,22009,,65.27,23.68,151.94,2.65,,,0.66,0
22,10,22010,,53.12,26.47,126.29,0.35,,,0.91,0
22,11,22011,,203.85,187,1630.66,6.88,,0.03,11.15,0
22,12,22012,,145.37,168.06,597.91,1.47,,0.03,12.4,0
22,13,22013,,50.56,24.36,206.52,,,,0.88,0
22,14,22014,,1722.65,123.65,809.52,0.86,0.03,0.03,6.62,0.02
22,15,22015,,28.86,14.79,138.2,0.06,,,0.25,0
22,16,22016,,494.15,301.36,746.81,0.63,,0.03,20.34,0.01
22,17,22017,,139.03,83.24,613.1,1.14,,0.03,5.05,0
22,18,22018,,65.51,15.44,165.42,,,,0.46,0
23,1,23001,,183.22,0.11,4.21,,,,0,0.02
23,2,23002,,181.55,127.21,817.18,15.23,,,0.55,0
23,3,23003,,35.52,0.13,10.76,1.28,,,0,0
23,4,23004,,538.94,318.92,723.89,60.42,,23.5,48.09,0.01
23,5,23005,,1368.86,0.55,59.16,3.02,0.01,,0,0.02
23,6,23006,,91.39,41.67,355.27,1.13,,,1.5,0
23,7,23007,,62.99,24.66,156.7,3.66,,,0.19,0
23,8,23008,,345.45,18.73,45.41,0.73,,,0,0
24,1,24001,,51.6,5.81,180.42,0.15,,,1.72,0
24,2,24002,,24.18,13.54,84.44,,,,1.52,0
24,3,24003,,176.81,46.76,150.19,0.04,,3.4,2.8,0
24,4,24004,,13.09,8.19,125.86,,,,2.19,0
24,5,24005,,47.05,13.37,118.32,,,,2.15,0
24,6,24006,,33.02,16.73,245.85,,,,1.78,0
24,7,24007,,44.58,33.24,276.02,,,,4.39,0
24,8,24008,,53.51,42.07,212.38,0.05,,,8.89,0
24,9,24009,,8.67,2.08,67.74,0.02,,,0.65,0
24,10,24010,,83.17,44.39,972.75,10.78,,3.4,7.83,0
24,11,24011,,106.31,70.47,106.82,0.05,,,14.19,0
24,12,24012,,67.25,12.86,83.33,,,3.4,0.54,0
24,13,24013,,413.67,118.71,260.38,0.65,,3.4,36.13,0
24,14,24014,,48.74,21.63,51.11,,,3.4,0,0
24,15,24015,,64.19,36.44,256.41,,,,8.81,0
24,16,24016,,104.92,198.47,177.84,,,3.4,70.82,0
24,17,24017,,79.45,72.49,,0.07,,,9.42,0
24,18,24018,,54.18,10.6,,,,3.4,0,0
24,19,24019,,15.64,13.43,125.12,1.79,,,1.95,0
24,20,24020,,212.59,55.73,296.4,,,3.4,11.16,0
24,21,24021,,132.02,17.84,304.4,0.31,,,5.93,0
24,22,24022,,53.48,20.65,431.13,,,,6.43,0
24,23,24023,,42.15,41.41,144.86,0.01,,,7.32,0
24,24,24024,,229.47,91.99,468.91,2.07,,,13.78,0
24,25,24025,,72.77,81.9,987.36,,,,29.65,0
24,26,24026,,34.51,9.36,47.63,,,3.4,0,0
24,27,24027,,28.29,17.35,76.15,,,,0.43,0
24,28,24028,,1709.08,33.24,1114.5,0.08,0.02,,10.87,0.02
24,29,24029,,62.57,23.77,127.27,,,3.4,0.12,0
24,30,24030,,16.21,11.83,76.87,,,,0.22,0
24,31,24031,,45,6.08,109.6,2.26,,,0.81,0
24,32,24032,,115.57,10.34,199.19,0.33,,,3.33,0
24,33,24033,,31.56,108.56,473.52,,,,38.83,0
24,34,24034,,41.65,18.59,197.38,,,3.4,6.63,0
24,35,24035,,533.09,15.62,1875.27,0.06,,,5.57,0
24,36,24036,,87.77,47.33,96.95,6.16,,3.4,14.83,0
24,37,24037,,257.4,55.98,62.17,,,3.4,0.04,0
24,38,24038,,46.04,15.89,139.6,,,3.4,0,0
24,39,24039,,47.19,14.42,99.03,,,3.4,0.39,0
24,40,24040,,101.18,87.71,834.74,1.03,,3.4,31.3,0
24,41,24041,,62.05,20.34,92.36,1.01,,3.4,1.36,0
24,42,24042,,39.48,12.1,104.04,,,,0.04,0
24,43,24043,,28.3,2.96,89.23,0.17,,,0.93,0
24,44,24044,,21.81,25.53,187.7,,,3.4,7.71,0
24,45,24045,,45.92,44.09,217.3,,,,10.41,0
24,46,24046,,41.87,94.35,509.8,,,3.4,33.66,0
24,47,24047,,27.31,37.47,258.13,0.05,,,18.19,0
24,48,24048,,12.93,2.54,24.81,,,,0.82,0
24,49,24049,,92.34,255.18,963.17,,,,91.64,0
24,50,24050,,112.09,25.3,497.72,0.09,,,8.53,0
24,51,24051,,39.36,19.74,433.94,0.4,,,4.84,0
24,52,24052,,26.76,42.5,164.26,,,,6.31,0
24,53,24053,,92.44,29.92,85.28,,,3.4,0.33,0
24,54,24054,,166.84,33.4,84.09,,,3.4,0,0
24,55,24055,,59.95,2.58,96.48,,,,0.68,0.01
24,56,24056,,39.95,9.66,106.78,,,,3.39,0
24,57,24057,,84.52,22.75,56.17,,,3.4,0,0
24,58,24058,,49.82,41.44,80.27,1.52,,3.4,12.82,0
25,1,25001,,907.46,1690.35,1274.06,,,3.98,332.82,0
25,2,25002,,105.18,850.68,356,,,3.98,0,0
25,3,25003,,154.18,204.16,499.01,6.12,,,0,0
25,4,25004,,73.27,184.83,314.45,2.92,,,0,0
25,5,25005,,53.15,126.47,368.61,,,,0,0
25,6,25006,,1859.35,1970.76,3639.72,,0.02,3.98,289.45,0.01
25,7,25007,,104.29,264.62,473.59,4.96,,,0,0
25,8,25008,,116.84,521.12,,,,3.98,80.38,0
25,9,25009,,125.73,272.33,,,,,0,0
25,10,25010,,236.5,445.98,815.2,,,3.98,0,0
25,11,25011,,628.77,1927.74,747.53,,,3.98,227.22,0
25,12,25012,,941.12,502.53,784.44,,,,148.9,0
25,13,25013,,112.75,823.12,1131.84,,,,0,0
25,14,25014,,122.98,371.83,628.53,2.85,,,0,0
25,15,25015,,188.52,528.78,191.15,,,3.98,220.53,0
25,16,25016,,61,214.3,506.23,8.36,,,0,0
25,17,25017,,232.75,952.65,1065.28,1.93,,3.98,0,0
25,18,25018,,342.69,849.43,800.21,,,3.98,0,0
26,1,26001,,6.07,13.17,42.87,,,2.59,0,0
26,2,26002,0.167119621,187.65,44.96,108.47,20.13,,,3.45,0
26,3,26003,,78.7,485.56,601.6,9,,,0,0
26,4,26004,,21.41,59.74,108.75,,,2.59,0,0
26,5,26005,,3.59,5.05,80.51,,,,0,0
26,6,26006,,7.85,27.37,192.29,11.58,,2.59,0,0
26,7,26007,,1.82,1.98,12.26,,,2.59,0,0
26,8,26008,,3.21,2.93,69.67,1.88,,,0,0
26,9,26009,,1.99,3.92,75.25,,,,0,0
26,10,26010,,4.56,10.02,60.23,,,2.59,0,0
26,11,26011,,3.76,7.42,107.82,1.09,,,0,0
26,12,26012,,52.6,589.04,732.85,,,2.59,0,0
26,13,26013,,3.65,10.08,66.81,,,2.59,0,0
26,14,26014,,8.42,16.24,154.49,,,,0,0
26,15,26015,,3.19,17.36,54.86,,,2.59,0,0
26,16,26016,,13.42,3.32,75.9,,,2.59,0,0
26,17,26017,,176.77,361.39,183.71,,,2.59,64.06,0.01
26,18,26018,,875.95,1527.39,2611.52,,,2.59,223.38,0
26,19,26019,,79.98,3.13,160.24,1.66,,,0,0.01
26,20,26020,,11.84,40.67,159.67,,,,0,0
26,21,26021,,4.89,45.8,207.82,,,,0,0
26,22,26022,,2.54,10.27,123.32,,,2.59,0,0
26,23,26023,,14.44,27.66,153.53,,,2.59,0,0
26,24,26024,,1.69,6.74,36.61,,,2.59,0,0
26,25,26025,,126.21,134.85,119.02,,,2.59,0,0
26,26,26026,,147.51,810.08,594.66,,,2.59,0,0
26,27,26027,,19.34,131.68,129.15,49.54,,,0,0
26,28,26028,,2.35,3.2,30.1,,,,0,0
26,29,26029,,342.47,558.33,504.56,,,2.59,13.35,0
26,30,26030,,1654.98,1248.14,3079.05,,0.02,2.59,78.93,0.02
26,31,26031,,3.17,2.58,68.09,,,2.59,0,0
26,32,26032,,2.14,5.5,53.71,,,,0,0
26,33,26033,,191.1,613.53,265.2,,,2.59,0,0
26,34,26034,,2.55,12.33,56.45,,,2.59,0,0
26,35,26035,,27.18,20.88,97.19,131.65,,2.59,0,0
26,36,26036,,63.79,33.15,106.01,,,2.59,10.2,0
26,37,26037,,3.49,25.54,52.81,,,,4.48,0
26,38,26038,,10.7,17.77,24.16,0.19,,,5.67,0
26,39,26039,0.00134541,15.46,0.37,30.99,,,,0,0
26,40,26040,,4.99,9.5,144.55,0.25,,2.59,0,0
26,41,26041,,29.55,0,64.88,0.77,,,0,0.01
26,42,26042,,376.43,965.77,1686.2,,,2.59,117.31,0
26,43,26043,0.193594645,494.78,2.56,68.76,99.07,,,0,0
26,44,26044,,1.01,8.41,40.02,,,,0,0
26,45,26045,,7.63,20.53,76.39,,,,0,0
26,46,26046,,1.06,0.58,19.32,,,,0,0
26,47,26047,,23.57,22.26,123.72,,,2.59,0,0
26,48,26048,,117.84,0,1.81,,,,0,0
26,49,26049,,10.44,63.47,209.07,,,,0,0
26,50,26050,,3.9,36.11,84.63,,,2.59,0,0
26,51,26051,,14.42,76.41,192.05,,,,0,0
26,52,26052,,15.4,14.86,276.96,0.22,,,1.21,0
26,53,26053,,0.78,5.4,8.32,,,,0,0
26,54,26054,,0.69,0.78,32.75,,,,0,0
26,55,26055,0.494862996,396.92,580.38,49.45,,,2.59,0,0
26,56,26056,,15.53,67.96,160.75,,,2.59,0,0
26,57,26057,,3.75,12.14,105.07,,,,0,0
26,58,26058,,36.26,48.67,86.81,,,,0,0
26,59,26059,,5.09,0.78,58.63,,,,0,0
26,60,26060,0.000162603,6.95,2.93,56.26,,,2.59,0,0
26,61,26061,,3.12,14.12,76.79,,,,0,0
26,62,26062,,2.98,3.92,52.7,,,,0,0
26,63,26063,,2.93,4.14,22.47,,,,0,0
26,64,26064,,4.35,55.98,89.42,,,2.59,0,0
26,65,26065,,4.95,5.69,45.07,,,2.59,0,0
26,66,26066,,21.1,76.25,306.94,,,2.59,12.04,0
26,67,26067,,3.92,7.57,70.77,,,,0,0
26,68,26068,,3.72,23.95,97.37,,,,0,0
26,69,26069,,18.46,12.27,208.72,0.41,,,0,0
26,70,26070,,32.75,55.78,50.83,,,2.59,0,0
26,71,26071,0.003496537,52.38,407.09,36.68,,,2.59,0,0
26,72,26072,,35.32,182.65,105.55,,,2.59,0,0
27,1,27001,,144.66,140.55,1611.06,,,4.27,34.37,0
27,2,27002,,524.37,208.48,835.36,,,4.27,41.84,0
27,3,27003,,241.96,27.63,339.59,0.66,,,1.28,0
27,4,27004,,1298.76,29.1,833.96,,0.01,,4.93,0.03
27,5,27005,,434.55,74.07,397.1,,,4.27,2.96,0
27,6,27006,,282.51,88.69,384.13,,,4.27,2.17,0
27,7,27007,,68.09,33.53,276.37,,,4.27,14.03,0
27,8,27008,,447.63,199.3,1599.53,130.88,,4.27,21.89,0
27,9,27009,,85.98,13.47,495.21,,,,1.07,0
27,10,27010,,182.72,17.94,191.87,,,,0.13,0
27,11,27011,,80.95,29.17,627.29,,,,4.13,0
27,12,27012,,369.32,17,985.67,,,,1.38,0
27,13,27013,,216.02,11.45,309.94,,,,0.83,0
27,14,27014,,196.04,18.62,108.52,,,,0.32,0
27,15,27015,,112.94,63.35,378.21,,,,1.77,0.01
27,16,27016,,125,34.06,307.25,,,,13.64,0.01
27,17,27017,,145.99,65.4,934.98,1.84,,4.27,5.42,0
28,1,28001,,31.43,193.71,,,,,39.32,0
28,2,28002,,78.1,122.66,86.51,4.31,,3.08,24.99,0.01
28,3,28003,,419.42,433.7,1.29,,,3.08,88.21,0
28,4,28004,,23.17,35.43,,0.24,,3.08,7.19,0
28,5,28005,,14.55,36.21,130.33,,,,7.35,0
28,6,28006,,20.22,55.5,19.31,0.12,,,11.27,0
28,7,28007,0.013724453,44.48,66.11,4.79,,,,13.42,0
28,8,28008,,11.68,171.21,45.71,3.8,,,34.76,0
28,9,28009,,498.03,0,,,,,0,0.01
28,10,28010,,6.9,5.72,25.63,,,,3.69,0
28,11,28011,,23.88,70.68,352.61,,,3.08,14.35,0
28,12,28012,,109.87,775.83,40.52,,,3.08,157.52,0
28,13,28013,,37.42,148.27,57.3,,,,30.1,0
28,14,28014,,9.99,2.16,,,,,0.44,0
28,15,28015,,38.7,63.48,36.09,,,,12.89,0
28,16,28016,,62.76,144.6,114.24,,,,29.35,0
28,17,28017,,39.75,32.52,,0.54,,,6.6,0
28,18,28018,,21.59,67.16,69.61,,,,13.63,0
28,19,28019,,52.12,85.7,2.66,2.43,,,17.4,0
28,20,28020,,8.24,28.34,,,,,4.2,0
28,21,28021,,281.39,394.57,3.06,,,3.08,80.1,0.01
28,22,28022,0.234676368,1138.61,816.8,803.69,,,,165.89,0.02
28,23,28023,,16.2,313.9,43.06,,,,63.72,0
28,24,28024,0.025091966,16.15,9.83,,,,,1.77,0
28,25,28025,,60.4,30.09,0.4,,,,6.11,0.01
28,26,28026,,10.01,25.36,64.22,0.15,,3.08,5.15,0
28,27,28027,0.335113876,855.05,5.86,167.11,,,,1.19,0.01
28,28,28028,,8.85,22.39,17.83,,,3.08,4.49,0
28,29,28029,,35.43,76.9,97.18,0.03,,3.08,15.59,0
28,30,28030,,32.61,102.61,248.11,,,,20.83,0
28,31,28031,,4.68,6.7,14.12,0.27,,,1.36,0
28,32,28032,0.579584152,1272.04,507.29,614,,0.01,,102.98,0.01
28,33,28033,0.033184284,286.86,900.22,18.19,,,,182.84,0
28,34,28034,,27.9,121.93,6.6,0.54,,,24.75,0
28,35,28035,,156.02,1131.42,278.81,,,,229.68,0
28,36,28036,,2.86,0,3.66,,,,0,0
28,37,28037,,72.07,109.2,173.71,0.95,,,22.18,0
28,38,28038,,713.06,0,,,,,0,0.01
28,39,28039,,74.27,102.71,270.48,0,,,20.85,0
28,40,28040,,165.56,338.42,,,,,68.7,0
28,41,28041,,698.88,76.47,15.73,0.19,0.01,,15.58,0.01
28,42,28042,,18.66,53.3,64.66,,,,10.82,0
28,43,28043,,59.5,108.47,22.25,,,3.08,22.06,0
29,1,29001,,19.42,12.12,6.11,,,,0.75,0
29,2,29002,,30.58,16.32,5.26,,,,0.97,0
29,3,29003,,13.96,88.53,151.4,,,0.36,5.4,0
29,4,29004,,37.39,131.33,154.92,0.07,,0.36,7.04,0
29,5,29005,,180.62,65.3,172.84,,,0.36,3.95,0
29,6,29006,,102.48,225.37,293.37,0.74,,0.36,14.09,0
29,7,29007,,35.66,19.72,59.76,,,0.36,1.01,0
29,8,29008,,31.77,177.2,87.03,,,0.36,8.41,0
29,9,29009,,10.88,20.99,21.42,,,,1.31,0
29,10,29010,,157.51,57.92,29.89,0.29,,,3.62,0
29,11,29011,,10.08,73.11,114.16,,,0.36,4.55,0
29,12,29012,,20.28,100.01,97.96,0.17,,0.36,6.27,0
29,13,29013,,194.34,382.46,555.87,0.4,,0.36,22.84,0
29,14,29014,,31.91,154.98,125.06,,,0.36,9.74,0
29,15,29015,,81.19,88.08,55.54,,,0.36,5.41,0
29,16,29016,,15.65,28.63,51.99,0.25,,,1.43,0
29,17,29017,,22.01,7.85,2.3,0.2,,,0.48,0
29,18,29018,,80.36,29.41,9.72,0.37,,,1.85,0
29,19,29019,,41.23,30.66,36.88,,,,1.96,0
29,20,29020,,19.01,74.27,200.81,0.14,,0.36,4.65,0
29,21,29021,,38.93,121.43,163.47,0.49,,0.36,7.63,0
29,22,29022,,12.75,0.86,3.46,0.21,,,0.6,0
29,23,29023,,55.09,64.89,43.36,,,,4.13,0
29,24,29024,,56.04,40.41,9.34,,,,2.55,0
29,25,29025,,161.39,29.66,8.59,0.22,,,1.86,0
29,26,29026,,38.26,30.53,12.19,0.09,,,1.92,0
29,27,29027,,26.48,11.49,4.03,0.07,,,0.72,0
29,28,29028,,48.82,57.71,11.4,0.58,,,3.64,0
29,29,29029,,22.94,12.09,3.92,,,,0.8,0
29,30,29030,,33.26,167.14,110.94,0.11,,0.36,7.5,0
29,31,29031,,62.73,120.96,103.31,0.36,,0.36,7.58,0
29,32,29032,,28.88,34.02,41.99,,,,2.15,0
29,33,29033,,208.72,32.5,4.48,,0.01,,2.05,0
29,34,29034,,92.81,478.18,,0.55,,0.36,30.13,0
29,35,29035,,12.66,19.86,34.36,0.15,,0.36,0.96,0
29,36,29036,,48.62,3.93,5.5,,,,0.25,0
29,37,29037,,20.8,68.54,62.47,0.39,,0.36,4.13,0
29,38,29038,,32.31,50.28,44.4,,,0.36,3.07,0
29,39,29039,,49.4,61.45,52.03,,,0.36,2.88,0
29,40,29040,,21.61,152.08,15.88,,,0.36,9.58,0
29,41,29041,,61.7,34.91,13.95,0.19,,,2.2,0
29,42,29042,,26.64,10.74,6.67,,,,0.68,0
29,43,29043,,69.17,39.52,22.17,,,0.36,2.43,0
29,44,29044,,88.06,25.22,10.82,,,,1.59,0
29,45,29045,,12.74,55.74,116.74,,,0.36,3.49,0
29,46,29046,,9.46,12.13,27.11,0.05,,0.36,0.26,0
29,47,29047,,6.31,16.96,24.94,0.11,,0.36,0.8,0
29,48,29048,,38.08,9.21,14.86,,,,0.58,0
29,49,29049,,11.07,10.08,18.96,,,,0.64,0
29,50,29050,,25.1,12.59,10.8,0.28,,,0.79,0
29,51,29051,,7.75,5.7,11.61,,,,0.29,0
29,52,29052,,12.63,26.36,60.54,0.03,,0.36,1.19,0
29,53,29053,,16.59,4.52,2.41,,,,0.29,0
29,54,29054,,12.2,8.02,5.03,,,,0.5,0
29,55,29055,,6.61,52.59,16.83,,,0.36,3.29,0
29,56,29056,,15.06,5.65,13.93,,,,0.35,0
29,57,29057,,9.9,6.71,18.7,,,,0.41,0
29,58,29058,,18.3,7.12,1.95,0.09,,,0.45,0
29,59,29059,,13.22,2.66,2.67,,,,0.17,0
29,60,29060,,10.35,1.68,2.29,,,,0.1,0
30,1,30001,,20.5,2.82,53.94,0.01,,,0.26,0
30,2,30002,,7.13,3.02,27.02,,,,0.28,0
30,3,30003,,211.16,77.19,395.49,,,2.8,7.15,0
30,4,30004,,94.9,136.46,202.77,0.01,,2.8,12.69,0
30,5,30005,,12.42,19.39,57.46,,,2.8,1.8,0
30,6,30006,,54.19,33.34,90.28,1.97,,,3.09,0
30,7,30007,,14.57,0,69.29,,,,3.1,0
30,8,30008,,24.52,14.89,33.86,0.07,,,1.38,0
30,9,30009,,64.73,65.8,254.85,,,2.8,6.1,0
30,10,30010,,157.7,64.14,60.41,,,2.8,5.94,0
30,11,30011,,125.89,6.17,297.11,,,,0.57,0
30,12,30012,,18.22,33.89,78.23,,,2.8,3.14,0
30,13,30013,,71.28,0,62.92,,,2.8,0.73,0
30,14,30014,,97.89,33.3,39.88,,,2.8,3.09,0
30,15,30015,,90.83,73.51,222.02,,,2.8,6.81,0
30,16,30016,,63.31,23.33,54.09,,,2.8,2.18,0
30,17,30017,,8.95,15.24,42.43,0.01,,,1.41,0
30,18,30018,,4.46,3.48,9.28,0.01,,,0.32,0
30,19,30019,,12.38,9.53,14.55,,,,0.88,0
30,20,30020,,24.66,7.42,10.01,,,,0.69,0
30,21,30021,,55.26,42.61,211.06,,,2.8,3.95,0
30,22,30022,,47.5,30.78,31.04,,,2.8,2.85,0
30,23,30023,,127.4,152.45,,0.04,,2.8,14.13,0
30,24,30024,,36.75,56.62,59.59,,,2.8,5.25,0
30,25,30025,,61.01,42.33,65.13,0.16,,,3.92,0
30,26,30026,,47.71,0.36,34.95,,,2.8,0.03,0
30,27,30027,,49.73,85.22,84.29,,,2.8,7.9,0
30,28,30028,,349.2,85.22,10.99,,,,0.01,0
30,29,30029,,35.9,14.8,35.73,0.71,,,1.37,0
30,30,30030,,96.73,1.56,5.74,0.01,,,0.14,0
30,31,30031,,39.36,36.72,60.7,,,2.8,3.4,0
30,32,30032,,128.03,30.58,365.35,,,2.8,2.83,0
30,33,30033,,61.86,67.16,97.29,,,,6.22,0
30,34,30034,,62.64,3.89,248.28,,,,0.36,0
30,35,30035,,31.86,1.81,25.54,,,,0.17,0
30,36,30036,,22.94,5.08,33.35,,,,0.47,0
30,37,30037,,20.93,10.02,63.88,,,,0.93,0
30,38,30038,,201,87.83,100.99,,,2.8,8.14,0
30,39,30039,,655.81,13.5,148.18,,,,1.25,0.01
30,40,30040,,113.3,39.71,228.35,,,,3.68,0
30,41,30041,,5.93,5.57,2.28,,,2.8,0.52,0
30,42,30042,,16.24,7.06,66.29,,,,0.65,0
30,43,30043,,45.98,65.26,135.07,,,2.8,6.05,0
30,44,30044,,464.89,60.31,527.67,,,2.8,5.59,0
30,45,30045,,139.36,136.57,189.92,,,2.8,12.66,0
30,46,30046,,37.91,30.57,61.26,,,2.8,2.83,0
30,47,30047,,127.1,41.44,167.21,,,,3.84,0
30,48,30048,,273.96,18.89,205.59,,,,1.75,0
30,49,30049,,49.42,47.22,495.32,,,2.8,4.38,0
30,50,30050,,53.35,24.65,69.08,,,,2.28,0
30,51,30051,,58.6,27.5,211.02,,,,2.55,0
30,52,30052,,28.62,35.22,3.79,,,2.8,3.26,0
30,53,30053,,59.36,28.37,467.75,,,2.8,2.63,0
30,54,30054,,30.61,48.31,97.15,,,2.8,4.48,0
30,55,30055,,36.34,27.46,106.94,,,2.8,2.55,0
30,56,30056,,18.87,11.96,81.44,,,2.8,1.11,0
30,57,30057,,34.79,24.3,50.88,,,,2.25,0
30,58,30058,,153.3,191.09,521.51,,,2.8,17.71,0
30,59,30059,,36.93,12.25,331.43,,,,1.14,0
30,60,30060,,39.9,8.49,48.68,,,2.8,0.79,0
30,61,30061,,243.53,162.8,2187.23,1.1,,,15.09,0
30,62,30062,,43.78,31.34,201.17,,,2.8,2.9,0
30,63,30063,,42.16,14.23,141.54,,,2.8,1.32,0
30,64,30064,,10.49,7.27,25.08,,,,0.67,0
30,65,30065,,124.9,79.48,253.63,0.02,,2.8,7.37,0
30,66,30066,,70.43,37.72,168.84,,,,3.5,0
30,67,30067,,40.79,5.4,46.7,,,,0.5,0
30,68,30068,,133.74,25.12,7.88,,,2.8,2.33,0
30,69,30069,,64.84,72.15,125.31,,,,6.69,0
30,70,30070,,49.54,72.27,659.48,0.16,,,6.7,0
30,71,30071,,127.09,72.97,125.1,,,2.8,6.76,0
30,72,30072,,69.65,45.91,209.79,0.21,,2.8,4.26,0
30,73,30073,,104.78,147.86,419,,,2.8,13.81,0
30,74,30074,,15.73,0.6,6.63,0.01,,,0.06,0
30,75,30075,,47.62,4.72,294.18,,,,0.44,0
30,76,30076,,41.96,25.85,75.94,,,2.8,2.4,0
30,77,30077,,102.46,45.33,287.63,,,,8.78,0
30,78,30078,,36.11,28.25,76.7,,,2.8,2.62,0
30,79,30079,,26.56,9.42,41.22,0.01,,,0.87,0
30,80,30080,,53.93,52.36,18.34,,,,4.85,0
30,81,30081,,46.9,3.5,35.01,,,2.8,0.32,0
30,82,30082,,38.02,11.45,85.54,,,,1.06,0
30,83,30083,,132.85,113.4,395.51,,,2.8,10.51,0
30,84,30084,,16.7,33.71,138.43,,,2.8,3.12,0
30,85,30085,,157.06,66.22,9.2,0.01,,2.8,6.14,0
30,86,30086,,99.2,61.43,79.75,0.17,,2.8,5.69,0
30,87,30087,,961.35,19.77,75.75,,,2.8,1.83,0.01
30,88,30088,,12.27,21.91,48.94,,,2.8,2.03,0
30,89,30089,,98.86,34.69,140.09,,,,3.21,0
30,90,30090,,25.79,8.93,61.28,,,,0.83,0
30,91,30091,,64.69,44.67,791.99,0.67,,,4.14,0
30,92,30092,,82.97,28.97,114.09,,,2.8,2.68,0
30,93,30093,,34.62,15.47,32.84,,,2.8,1.43,0
30,94,30094,,91.24,90.8,426.69,,,,8.42,0
30,95,30095,,43.1,39.67,60.8,,,,3.68,0
30,96,30096,,3.94,2.36,27.68,,,,0.22,0
30,97,30097,,47.58,19.14,47.86,,,2.8,1.77,0
30,98,30098,,6.77,2.57,3.89,,,,0.24,0
30,99,30099,,38.59,15.64,40.76,1.61,,,1.45,0
30,100,30100,,52.11,41.29,187.73,,,2.8,3.83,0
30,101,30101,,79.33,47.66,62.58,,,2.8,4.42,0
30,102,30102,,253.48,248.81,226.24,,,2.8,23.06,0
30,103,30103,,38.75,11.15,53.38,,,,1.04,0
30,104,30104,,39.3,43.29,178.22,0.07,,,4.01,0
30,105,30105,,99.74,20.69,180.53,,,,1.92,0
30,106,30106,,10.22,4.19,35.75,,,,0.39,0
30,107,30107,,7.88,4.93,28.02,,,,0.46,0
30,108,30108,,409.71,109.7,1537.56,,,,10.17,0
30,109,30109,,159.12,102.32,166.13,,,2.8,9.48,0
30,110,30110,,37.16,10.24,18.69,,,,0.95,0
30,111,30111,,45,10.27,112.74,,,,0.95,0
30,112,30112,,47.94,16.24,66.76,,,2.8,1.51,0
30,113,30113,,11.01,8.14,4.79,,,2.8,0.75,0
30,114,30114,,28.21,21.53,201.37,,,2.8,2,0
30,115,30115,,80.83,8.09,81,0.06,,,0.75,0
30,116,30116,,35.92,2.92,80.53,,,,0.27,0
30,117,30117,,57.64,106.44,157.18,,,2.8,9.86,0
30,118,30118,,290.34,0,41.15,,,,0,0
30,119,30119,,14.45,23.04,20.92,,,2.8,2.14,0
30,120,30120,,33.12,2.89,18.93,,,,0.27,0
30,121,30121,,80.32,37.65,708.23,,,2.8,3.49,0
30,122,30122,,42.67,21.34,120.92,0.54,,,1.98,0
30,123,30123,,255.82,290.3,676.91,,,2.8,26.9,0
30,124,30124,,427.13,242.1,816.57,,,,22.44,0
30,125,30125,,70.91,84.31,109.81,,,2.8,7.84,0
30,126,30126,,75.71,103.47,89.72,,,2.8,9.63,0
30,127,30127,,53.19,15.25,19.41,1.15,,,1.41,0
30,128,30128,,156.09,133.45,524.27,1.67,,2.8,12.37,0
30,129,30129,,48.72,37.45,162.94,,,2.8,3.47,0
30,130,30130,,102.81,120.62,1190.93,,,,11.18,0
30,131,30131,,455.52,0,,,,,0,0
30,132,30132,,39.02,0,70.07,0.29,,,1.01,0
30,133,30133,,136.34,3.08,69.46,,,,0.29,0
30,134,30134,,50.86,102.03,87.6,,,2.8,9.5,0
30,135,30135,,49.39,5.97,4.8,,,2.8,0.57,0
30,136,30136,,15.15,1.77,28.38,,,,0.16,0
30,137,30137,,14,5.92,6.1,,,,0.55,0
30,138,30138,,99.23,1.2,72.87,0.04,,2.8,0.11,0
30,139,30139,,15.77,14.68,67.5,,,2.8,1.36,0
30,140,30140,,6.44,1.81,3.73,,,,0.17,0
30,141,30141,,399.32,178.87,518.98,,,2.8,16.58,0
30,142,30142,,82.69,58.81,945.03,,,,5.45,0.01
30,143,30143,,163.69,68.13,418.11,,,2.8,6.31,0
30,144,30144,,80.16,33.72,372.84,,,,3.12,0
30,145,30145,,33.32,14,222.69,,,,1.3,0
30,146,30146,,8.42,9.32,5.83,,,2.8,0.86,0
30,147,30147,,50.02,9.76,12.96,0.34,,,0.9,0
30,148,30148,,68.61,46.77,171.84,,,2.8,4.33,0
30,149,30149,,80.31,116.21,104.39,0,,,10.77,0
30,150,30150,,32.17,7.39,106.72,,,,0.69,0
30,151,30151,,65.86,46.36,327,,,,4.3,0
30,152,30152,,42.83,14.66,242.91,,,2.8,1.36,0
30,153,30153,,16.17,6.44,53.97,,,2.8,0.6,0
30,154,30154,,39.65,18.87,96.02,,,,1.75,0
30,155,30155,,428.47,106.51,303.03,,,2.8,9.87,0
30,156,30156,,14.11,7.52,45.28,0.26,,,0.7,0
30,157,30157,,48.09,109.09,306.3,,,,10.11,0
30,158,30158,,70.68,78.26,240.93,,,2.8,7.25,0
30,159,30159,,59.56,15.42,34.95,,,,1.43,0
30,160,30160,,277.57,403.07,795.49,,,,37.36,0
30,161,30161,,99.3,36.98,551.14,,,2.8,3.43,0
30,162,30162,,16.86,22.1,12.34,,,,2.05,0
30,163,30163,,14.28,7.52,35.31,,,,0.7,0
30,164,30164,,38.09,22.8,62.42,,,2.8,2.11,0
30,165,30165,,22.76,22.98,75.52,,,2.8,2.13,0
30,166,30166,,22.35,13.22,43.94,,,2.8,1.22,0
30,167,30167,,38.58,13.4,288.9,,,,1.24,0
30,168,30168,,36.68,24.53,14.96,0.03,,,2.27,0
30,169,30169,,60.32,131.73,277.85,,,2.8,12.21,0
30,170,30170,,30.89,28.64,111.5,0.05,,2.8,2.65,0
30,171,30171,,14.42,7.57,10,,,,0.7,0
30,172,30172,,52.63,81.77,201.59,,,,7.58,0
30,173,30173,,142.01,225.18,79.61,,,2.8,20.87,0
30,174,30174,,228.8,204.21,966.94,,,2.8,18.93,0
30,175,30175,,224.77,146.51,458.49,,,,13.58,0
30,176,30176,,12.15,39.88,36.69,,,2.8,3.7,0
30,177,30177,,26.07,8.94,49.95,0.28,,,0.83,0
30,178,30178,,39.21,30.29,269.42,,,,2.81,0
30,179,30179,,10.22,17.74,18.61,,,2.8,1.64,0
30,180,30180,,35.84,44.49,176.44,0.05,,2.8,4.12,0
30,181,30181,,95.07,53.91,362.05,,,2.8,5,0
30,182,30182,,34.98,4.98,28.66,,,,0.46,0
30,183,30183,,143.07,70.41,49.22,,,2.8,6.52,0
30,184,30184,,17.14,7.67,16.28,0.35,,,0.71,0
30,185,30185,,12.47,0.92,0.18,,,2.8,0.09,0
30,186,30186,,16.16,17.37,10.32,,,2.8,1.61,0
30,187,30187,,14.07,5.39,31.2,,,,0.5,0
30,188,30188,,40.18,57.49,48.01,,,2.8,5.33,0
30,189,30189,,351.41,98.67,544.79,,,,9.14,0
30,190,30190,,5.49,9.98,31.22,,,2.8,0.93,0
30,191,30191,,66.45,54.58,51.43,,,2.8,5.06,0
30,192,30192,,48.57,11.99,198.5,,,2.8,1.11,0
30,193,30193,,1190.69,8.05,86.99,,0.03,2.8,0.75,0.01
30,194,30194,,25.1,11.5,77.25,0.02,,2.8,1.07,0
30,195,30195,,12.98,11.5,18.36,,,,1.07,0
30,196,30196,,39.61,36.72,34.91,0.08,,2.8,3.4,0
30,197,30197,,32.1,23.19,42.71,,,,2.15,0
30,198,30198,,27.82,13.04,109.64,0.04,,2.8,1.21,0
30,199,30199,,26.1,5.31,75.87,,,,0.49,0
30,200,30200,,32.74,63.8,108.87,,,2.8,5.91,0
30,201,30201,,122.66,99.92,43.79,,,,9.26,0
30,202,30202,,47.24,31.3,87.68,,,2.8,2.9,0
30,203,30203,,57.13,12.08,71.02,,,,1.12,0
30,204,30204,,114.12,15.88,784.89,0.02,,,1.47,0
30,205,30205,,49.11,91.7,145.71,,,2.8,8.5,0
30,206,30206,,67.01,1.16,19.45,,,,0.11,0
30,207,30207,,111.07,155.13,180.87,,,2.8,14.38,0
30,208,30208,,55.59,37.6,97.58,,,2.8,3.48,0
30,209,30209,,33.73,21.01,95.25,0.02,,,1.95,0
30,210,30210,,72.78,103.02,147.25,0.49,,,9.55,0
30,211,30211,,72.72,0,214.81,,,,0,0
30,212,30212,,21.67,0,,,,,0,0
31,1,31001,,15.78,0.73,,0,,,0.05,0
31,2,31002,,36.59,0.7,275.24,0.16,,,0.05,0
31,3,31003,,25.62,1.91,16.99,,,,0.14,0
31,4,31004,,13.34,1.08,218.4,0.2,,,0.08,0
31,5,31005,,5.04,0.45,10.88,0.41,,,0.03,0
31,6,31006,,21.75,17.57,144.51,0.04,,,1.25,0
31,7,31007,,16.17,0.55,133.82,,,,0.04,0
31,8,31008,,10.12,6.86,58.7,,,,0.49,0
31,9,31009,,12,1.78,17.27,0.08,,,0.13,0
31,10,31010,,7.57,0.92,5.67,,,,0.07,0
31,11,31011,,16.62,0.53,3.01,,,,0.04,0
31,12,31012,,9.52,14.19,65.9,0.12,,,1.01,0
31,13,31013,,21.94,0.36,152.29,0.16,,,0.03,0
31,14,31014,,4.05,0.66,4.9,,,,0.05,0
31,15,31015,,12.66,0.42,8.82,,,,0.03,0
31,16,31016,,6.84,0.57,14.26,,,,0.04,0
31,17,31017,,13.19,1.83,7.87,,,,0.13,0
31,18,31018,,7.67,0.8,10.47,,,,0.06,0
31,19,31019,,92.84,5.95,56.17,,,,0.42,0
31,20,31020,,9.74,0.25,198.58,0.7,,,0.02,0
31,21,31021,,22.89,1.63,15.47,,,,0.12,0
31,22,31022,,11.59,2.01,8.27,,,,0.14,0
31,23,31023,,10.98,0.57,131.36,,,,0.04,0
31,24,31024,,7.61,0.65,27.09,,,,0.05,0
31,25,31025,,11.62,1.58,15.78,,,,0.11,0
31,26,31026,,8.11,0.65,29.98,4.08,,,0.05,0
31,27,31027,,20.74,1.73,33.31,1.03,,,0.12,0
31,28,31028,,5.66,3.42,41.34,,,,0.24,0
31,29,31029,,15.31,11.05,114.11,,,,0.79,0
31,30,31030,,9.25,1.57,6.74,,,,0.11,0
31,31,31031,,7.33,3.35,26.78,,,,0.24,0
31,32,31032,,39.86,12.39,49.29,,,,0.88,0
31,33,31033,,47.01,1.71,62.62,,,,0.12,0
31,34,31034,,15.15,0.87,52.87,0.07,,,0.06,0
31,35,31035,,14.34,0.68,102.93,0.02,,,0.05,0
31,36,31036,,18.33,0.65,21.79,,,,0.05,0
31,37,31037,,11.5,0.65,13.3,,,,0.05,0
31,38,31038,,70.34,1.1,260.42,0.84,,,0.08,0
31,39,31039,,9.17,0.1,6.99,,,,0.01,0
31,40,31040,,61.79,4.36,62.56,1.89,,,0.31,0
31,41,31041,,134.76,0.31,153.06,1.33,,,0.02,0
31,42,31042,,14.29,0.66,19.86,,,,0.05,0
31,43,31043,,7.48,0.7,6.06,,,,0.05,0
31,44,31044,,15.06,0.84,97.28,,,,0.06,0
31,45,31045,,5.68,0.31,224.39,,,,0.02,0
31,46,31046,,6.88,0.68,28.47,,,,0.05,0
31,47,31047,,12.24,1.8,23.79,,,,0.13,0
31,48,31048,,54.59,2.19,204.64,,,,0.15,0
31,49,31049,,8.69,0.91,5.37,,,,0.07,0
31,50,31050,,1827.29,1.33,597.29,0.15,0.01,,0.1,0.02
31,51,31051,,7.38,0.28,18.81,0.12,,,0.02,0
31,52,31052,,80.3,3.6,104.7,3.51,,,0.26,0
31,53,31053,,30.07,2.19,110.9,,,,0.16,0
31,54,31054,,6.62,0.33,61.9,,,,0.02,0
31,55,31055,,15.33,1.47,207.25,,,,0.1,0
31,56,31056,,73.3,5.77,44.69,,,,0.41,0
31,57,31057,,19.68,27.87,324.07,,,,1.98,0
31,58,31058,,61.95,7.49,56.15,,,,0.53,0
31,59,31059,,123.59,0.21,210.64,1.18,,,0.01,0
31,60,31060,,2.61,1.1,3.47,,,,0.08,0
31,61,31061,,8.39,6.55,61.17,0.25,,,0.47,0
31,62,31062,,10.8,1.18,97.74,,,,0.08,0
31,63,31063,,12,0.66,357.81,,,,0.05,0
31,64,31064,,3.93,0.14,5.33,,,,0.01,0
31,65,31065,,4.83,10.84,116.72,0.68,,,0.77,0
31,66,31066,,9.42,0.44,32.95,,,,0.03,0
31,67,31067,,23.19,1.18,41.65,0.95,,,0.08,0
31,68,31068,,7.49,0.99,9.51,0.72,,,0.07,0
31,69,31069,,21.11,2.25,25.7,,,,0.16,0
31,70,31070,,9.47,12.58,168.61,,,,0.9,0
31,71,31071,,4.18,1.11,21.15,,,,0.08,0
31,72,31072,,4.47,1.02,10.7,0.23,,,0.07,0
31,73,31073,,11.55,1.3,14.68,,,,0.09,0
31,74,31074,,8.94,0.82,102.26,0.57,,,0.06,0
31,75,31075,,15.06,0.81,18.83,,,,0.06,0
31,76,31076,,40.14,1.3,59.36,0.02,,,0.09,0
31,77,31077,,6.59,1.38,38.83,,,,0.1,0
31,78,31078,,9.63,1.02,120.8,,,,0.07,0
31,79,31079,,102.46,13.3,125.94,0.12,,,0.95,0
31,80,31080,,23.16,0.93,36.79,,,,0.07,0
31,81,31081,,7.77,0.96,12.42,,,,0.07,0
31,82,31082,,8.57,0.75,14.38,,,,0.05,0
31,83,31083,,4.08,0.1,3.02,0.11,,,0.01,0
31,84,31084,,17.35,4.74,29.05,0.03,,,0.34,0
31,85,31085,,39.38,18.48,71.87,,,,1.32,0
31,86,31086,,5.57,0.82,105.01,,,,0.06,0
31,87,31087,,11.76,0.38,317.82,,,,0.03,0
31,88,31088,,4.95,0.52,16.82,,,,0.04,0
31,89,31089,,90.66,1.9,50.39,,,,0.14,0
31,90,31090,,16.23,0.34,14.93,,,,0.02,0
31,91,31091,,25.95,2.09,22.66,,,,0.15,0
31,92,31092,,19.29,2.18,10.27,,,,0.16,0
31,93,31093,,40.35,1.19,208.3,1.03,,,0.08,0
31,94,31094,,11.91,1.44,9.9,,,,0.1,0
31,95,31095,,12.38,0.39,39.53,,,,0.03,0
31,96,31096,,188.44,115.81,1554.76,30.83,,,8.23,0
31,97,31097,,9.36,4.49,28.42,0.07,,,0.32,0
31,98,31098,,37.17,6.53,46.45,,,,0.46,0
31,99,31099,,8.05,1.16,8.37,,,,0.08,0
31,100,31100,,7.8,0.21,72.05,,,,0.02,0
31,101,31101,,136.27,0.98,498.66,0.04,,,0.07,0
31,102,31102,,191.05,6.44,110.63,,,,0.46,0
31,103,31103,,7.43,0.35,16.73,,,,0.02,0
31,104,31104,,43.08,7.1,34.62,,,,0.51,0
31,105,31105,,6.72,0.39,9.53,0.18,,,0.03,0
31,106,31106,,5.13,1.22,16.59,0.14,,,0.09,0
32,1,32001,,14.82,29.27,40.08,9.56,,0.09,2.03,0
32,2,32002,,12.54,26.05,41.64,0.18,,,2.65,0
32,3,32003,,6.9,11.29,99.63,3.16,,,1.27,0
32,4,32004,,10.17,12.63,104.16,30.92,,,1.28,0
32,5,32005,,91.21,160.94,86.89,,,0.09,21.84,0
32,6,32006,,20.21,110.27,61.21,,,,17.15,0
32,7,32007,,30.87,28.7,257.81,,,0.09,3.47,0
32,8,32008,,28.62,36.77,73.69,25.8,,,3.86,0
32,9,32009,,26.59,111.13,194,,,0.09,16.81,0
32,10,32010,,495.86,1102.6,455.1,0.63,,0.09,167.11,0
32,11,32011,,7.45,13.1,63.87,10.95,,,1.01,0
32,12,32012,,19.73,63.07,68.86,0.79,,,6.31,0
32,13,32013,,14.39,120.28,31.98,,,,16.58,0
32,14,32014,,53.14,351.25,509,,,,53.59,0
32,15,32015,,4.42,15.04,85.32,0.64,,,1.99,0
32,16,32016,,54.35,165.27,212.92,0.28,,,21,0
32,17,32017,,323.65,301.23,118.93,3.44,,,36.27,0
32,18,32018,,10.73,31,56.32,,,,0.37,0
32,19,32019,,58.26,66.38,113.96,3.34,,,4.73,0
32,20,32020,,131.03,190.48,257.72,1.66,,,19.06,0
32,21,32021,,14.33,30.56,197.65,10.98,,,4.71,0
32,22,32022,,46.25,300.84,285.53,,,,45.61,0
32,23,32023,,28.6,25.44,91.23,0.84,,0.09,2.14,0
32,24,32024,,110.09,116.28,177.04,,,,9.79,0
32,25,32025,,27.59,55.65,86.38,,,,6.34,0
32,26,32026,,42.04,113.68,724.32,0.11,,0.09,15.07,0
32,27,32027,,6.91,6.26,119.37,,,0.09,0.92,0
32,28,32028,,6.25,10.64,57.68,2.76,,0.09,0.93,0
32,29,32029,,51.8,388.08,296.13,,,0.09,57.99,0
32,30,32030,,6.77,7.45,60.46,19.6,,,0.81,0
32,31,32031,,23.7,53.16,181.73,10.66,,,6.43,0
32,32,32032,,26.23,94.68,50.68,0.14,,0.09,14.52,0
32,33,32033,,11.78,29.23,111.17,2.84,,0.09,2.03,0
32,34,32034,,66.35,81.71,145.96,10.8,,,7.11,0
32,35,32035,,34.09,79.81,134.28,,,,7.72,0
32,36,32036,,95.41,188.49,215.67,0.79,,,22.35,0
32,37,32037,,37.7,174.32,99.73,0.02,,0.09,26.68,0
32,38,32038,,177.14,547.36,984.43,,,0.09,52.4,0
32,39,32039,,143.18,543.66,472.86,,,,82.54,0
32,40,32040,,49.05,211.95,341.2,,,0.09,33.55,0
32,41,32041,,8.08,13.98,136.51,,,0.09,2.07,0
32,42,32042,,150.45,1096.54,781.68,,,0.09,165.8,0
32,43,32043,,3.27,1.97,34.63,0.9,,,0.25,0
32,44,32044,,37.06,32.99,84.36,0.55,,0.09,2.45,0
32,45,32045,,20.25,26.49,153.46,10.51,,,3.39,0
32,46,32046,,17.58,53.57,153.68,0.3,,,6.85,0
32,47,32047,,13.76,32.63,145.25,20.97,,,3.35,0
32,48,32048,,55.38,35.58,157.68,28.94,,0.09,3.93,0
32,49,32049,,93.31,229.48,454.8,20.98,,,20.01,0
32,50,32050,,20.89,78.38,33.73,5.13,,,11.81,0
32,51,32051,,78.86,511.19,602.31,27.62,,,78.15,0
32,52,32052,,42.28,70.78,168.21,,,,7.64,0
32,53,32053,,30.47,74.15,86.66,,,,10.4,0
32,54,32054,,44.95,83.07,257.99,,,,8.15,0
32,55,32055,,73.5,172.39,362.35,11.78,,0.09,22.02,0
32,56,32056,,328.55,66.23,82.46,1.89,0,,9.93,0
32,57,32057,,38.95,0,45.33,0.32,,,9.13,0
32,58,32058,,6.73,0,45.39,6.65,,,0,0