ENTIDAD,MUNICIPIO,,,,,,,,,,,,,,,,,,,,,,,,,,
CLAVE,CLAVE,,Asados al carbón,GLP Combustión agropecuaria,GLP Combustión comercial,GN Combustión comercial,GLP Combustión doméstica,GN Combustión doméstica,Leña Combustión doméstica,Queroseno Combustión doméstica,Combustóleo Combustión industrial,Diesel Combustión industrial,GN Combustión industrial,GLP Combustión industrial,Queroseno Combustión industrial,Cruces fronterizos,Incendios de construcciones,Incendios forestales,Terminales_de_autobuses,Quemas_agrícolas,Aviacion,Equipo basico aeropouertos,Embarcaciones marinas,Locomotoras de arrastre,Locomotoras de patio,Maq Contruc,Maq Agricola
25,,2302002000,2199007000,2103007005,2199006000,2104007000,2104006000,2104008000,2104011000,2102005000,2102004000,2102006000,2102007000,2102011000,2222222222,2810030000,2810001000,2230075350,2801500002,2275000000,2275050000,2280000000,2285000000,2285002010,2260002000,2270005000,
1,1,1001,2.12,25.11,91.24,0.79,204.68,3.26,40.37,0.69,206.42,13.77,591.88,37.83,0.03,,0.6,52.81,9.111248929,,78.94,13.03,0,143.35,13.2,0,146.61
1,2,1002,0.12,5.02,0.77,0.01,10.08,0.18,17.37,0.04,0.42,0.03,1.2,0.08,0.0001,,0,,,0,0,0,0,70.92,6.53,1.83,97.71
1,3,1003,0.15,,3.05,0.03,13.32,0.23,21.49,0.05,6.46,0.43,18.52,1.18,0.0009,,0,3.44,,,0,0,0,0,0,3.67,17.27
1,4,1004,0.04,,0.36,0,3.45,0.06,5.86,0.01,1.75,0.12,5.02,0.32,0.0003,,0,,,,0,0,0,46.37,4.27,1.8,30.43
1,5,1005,0.24,,5.3,0.05,21.07,0.37,23.49,0.08,63.34,4.23,181.61,11.61,0.0092,,0,93.93,,,0,0,0,0,0,2.91,57.32
1,6,1006,0.11,,2.4,0.02,9.92,0.18,16.66,0.04,3.78,0.25,10.82,0.69,0.0005,,0,0.27,,,0,0,0,26.97,2.48,5.36,41.13
1,7,1007,0.13,0,2.83,0.02,1.13,0.21,19.47,0.04,6.57,0.44,18.85,1.2,0.001,,0,1.1,,,0,0,0,36.97,3.4,0,58.16
1,8,1008,0.02,,0.33,0,1.95,0.03,3.27,0.01,0.73,0.05,2.09,0.13,0.0001,,0,1.72,,,0,0,0,0,0,0,21.59
1,9,1009,0.05,,0.41,0,4.3,0.08,7.44,0.02,1.23,0.08,3.52,0.23,0.0002,,0,,,,0,0,0,0,0,0,53.1
1,10,1010,0.05,0,0.42,0,4.22,0.08,7.33,0.02,8.61,0.57,24.68,1.58,0.0013,,0,,,,0,0,0,0,0,0,125.93
1,11,1011,0.08,,2.44,0.02,0.77,0.13,10.23,0.03,24.22,1.62,69.45,4.44,0.0035,,0,,,,0,0,0,62.73,5.78,30.43,31.06
2,1,2001,1.21,1.3,20.05,18.26,366.41,1.23,177.08,0.39,92.6,2.72,57.5,10.85,0.0135,,0,257.29,,42.78,0,0,3712.12,0,0,329.52,407.56
2,2,2002,2.51,1.79,40.99,37.34,76.1,2.54,77.03,0.82,294.11,8.64,182.64,34.47,0.0427,19.87880786,0.29,,3.433548799,42.78,0.91,0.19,0,202.1,18.61,6.37,925.81
2,3,2003,0.27,0.33,3.32,3.03,76.72,0.27,15.66,0.09,47.98,1.41,29.8,5.62,0.007,1.440324598,0,532.19,,42.78,0,0,0,67.71,6.24,292.45,16.35
2,4,2004,4.14,,72.77,66.29,1184.3,4.19,17.19,1.35,739.52,21.73,459.25,86.68,0.1074,45.87901487,0.65,168.47,3.433548799,,184.27,46.85,0,118.55,10.92,2.63,8.95
2,5,2005,0.22,0,4.08,3.72,60.47,0.22,6.26,0.07,13.52,0.4,8.39,1.58,0.002,,0,257.03,,,0,0,87.5,0,0,0.96,6.43
3,1,3001,0.19,1.96,8.29,0,20.43,0,27.34,0.06,7.58,0.43,0,0.66,0.0011,,0.02,78.74,,2.78,0,0,853.58,0,0,53.08,334.74
3,2,3002,0.15,,6.54,0,17.3,0,22.59,0.05,8.51,0.48,0,0.74,0.0012,,0.02,,,,0,0,373.44,0,0,35.87,32.27
3,3,3003,0.64,0,41.02,0,71.81,0,94.05,0.21,14.4,0.81,0,1.26,0.0021,,0.08,0.07,5.402944378,,80.39,19.06,47.69,0,0,0,41.8
3,8,3008,0.48,3.26,35.67,0,53.28,0,70.31,0.16,5.98,0.34,0,0.52,0.0009,,0.06,,,2.78,68.16,22.47,82.18,0,0,0,21.52
3,9,3009,0.03,,2.36,0,3.78,0,5.07,0.01,0.33,0.02,0,0.03,0,,0,,,,0.91,0.19,6.62,0,0,0.09,4.28
4,1,4001,0.15,,0.26,0,9.31,0,21.35,0.05,11.48,15.85,24.85,2.3,0.0017,,0,,,,0,0,0,64.8,5.97,54.07,25.91
4,2,4002,0.7,0,2.48,0,52.68,0,102.29,0.23,32.75,45.22,70.9,6.56,0.0048,,0.02,0.01,6.651738436,,0.92,1.11,106.7,148.74,13.7,64.32,106.33
4,3,4003,0.59,0.7,2.44,0,42.77,0,85.65,0.19,6.5,8.97,14.06,1.3,0.0009,,0.01,,,,0.75,0.35,305.54,0,0,8.7,45.52
4,4,4004,0.22,1.41,0.4,0,15.41,0,32.6,0.07,8.71,12.02,18.85,1.74,0.0013,,0.01,31.38,,21.92,0,0,0,196.29,18.08,0.56,370.52
4,5,4005,0.08,1.64,0.13,0,5.04,0,11.55,0.03,3.01,4.15,6.51,0.6,0.0004,,0,,,,0,0,0,63.11,5.81,1.4,79.67
4,6,4006,0.1,1.17,0.12,0,5.99,0,14.86,0.03,0.79,1.09,1.71,0.16,0.0001,,0,1.34,,,0,0,0,0,0,0,262.6
4,7,4007,0.02,,0.05,0,0.17,0,3.55,0.01,0.21,0.29,0.45,0.04,0,,0,1.88,,,0,0,0,0,0,3.04,69.15
4,8,4008,0.03,1.88,0.04,0,1.67,0,3.88,0.01,2.38,3.29,5.15,0.48,0.0003,,0,,,,0,0,0,42.71,3.93,20.74,38.28
4,9,4009,0.15,0,0.3,0,9.7,0,21.46,0.05,2.26,3.12,4.89,0.45,0.0003,,0,76.45,,,0,0,0,115.08,10.6,0,108.02
4,10,4010,0.07,0.47,0.06,0,4.14,0,10.2,0.02,0.2,0.28,0.44,0.04,0,,0,54.85,,,0,0,0,92.57,8.52,0,12.97
4,11,4011,0.11,0.7,0.13,0,7.13,0,15.85,0.04,0.55,0.75,1.18,0.11,0.0001,,0,53.41,,,0,0,0,0,0,0,13.34
5,1,5001,0,,0.02,0,0.56,0.07,0.42,0,0.16,0.02,0.41,0.02,0,,0,0.14,,0.35,0,0,0,33.6,3.09,2.99,0
5,2,5002,0.37,0,8.52,0,55.93,8.28,54.06,0.12,158.98,22.21,415.11,24.52,0.0231,0.788469603,0,10.01,,0.35,0,0,0,29.47,2.71,0.13,489.26
5,3,5003,0.06,,1.87,0,9.64,1.32,8.63,0.02,8.8,1.23,22.98,1.36,0.0013,,0,,,,0,0,0,0,0,1.6,0
5,4,5004,0.06,0.09,0.7,0,8.74,1.29,11.03,0.02,7.76,1.08,20.26,1.2,0.0011,,0,0.88,,0.35,0,0,0,0,0,0,0
5,5,5005,0,0,0.09,0,0.88,0.11,0.72,0,0.23,0.03,0.61,0.04,0,,0,3.96,,0.35,0,0,0,0,0,0.76,0
5,6,5006,0.07,0.53,0.94,0,10.77,1.57,2.18,0.02,12.1,1.69,31.6,1.87,0.0018,,0,2.76,,,0,0,0,143.2,13.19,0.34,0
5,7,5007,0.04,0.09,0.81,0,0.56,0.8,5.23,0.01,4.03,0.56,10.53,0.62,0.0006,,0,1.78,,0.35,0,0,0,278.9,25.68,0,0
5,8,5008,0.01,,0.04,0,1.34,0.18,1.19,0,0,0,0,0,0,,0,0.38,,0.35,0,0,0,62.81,5.78,0,0
5,9,5009,0.15,0.35,3.1,0,22.02,3.38,22.07,0.05,10.37,1.45,27.07,1.6,0.0015,,0,1.05,,0.35,0,0,0,0,0,0.5,0
5,10,5010,0.21,0.27,4.45,0,31.63,4.6,1.16,0.07,43.27,6.04,112.98,6.67,0.0063,,0,,,0.35,0,0,0,29.73,2.74,0.15,295.86
5,11,5011,0.03,0,0.4,0,5.09,0.74,4.83,0.01,0.32,0.04,0.83,0.05,0,,0,,,0.35,0,0,0,189.21,17.42,0,0
5,12,5012,0.01,0.53,0.02,0,1.01,0.12,0.8,0,0.46,0.06,1.19,0.07,0.0001,,0,,,,0,0,0,0,0,3.1,0
5,13,5013,0,,0.04,0,0.75,0.1,0.65,0,0,0,0,0,0,,0,,,,0,0,0,0,0,0,0
5,14,5014,0.03,,0.15,0,0.45,0.64,4.18,0.01,0.69,0.1,1.81,0.11,0.0001,,0,,,0.35,0,0,0,125.36,11.54,0,0
5,15,5015,0,0.18,0.02,0,0.71,0.09,0.6,0,0,0,0,0,0,,0,,,0.35,0,0,0,0,0,0,0
5,16,5016,0.01,,0.06,0,0.88,0.11,0.73,0,0.01,0,0.04,0,0,,0,1.16,,0.35,0,0,0,0,0,1.82,0
5,17,5017,0.29,0.62,3.61,0,40.87,6.54,29.3,0.1,7.87,1.1,20.56,1.21,0.0011,,0,,,,0,0,0,0,0,48.9,0
5,18,5018,0.59,0.09,20.05,0,93.48,13.14,1.12,0.19,63.58,8.88,166.02,9.81,0.0092,,0,0.38,,0.35,0,0,0,16.03,1.48,0.6,0
5,19,5019,0.02,,0.34,0,3.47,0.47,3.09,0.01,5.38,0.75,14.05,0.83,0.0008,,0,,,0.35,0,0,0,0,0,36.5,0
5,20,5020,0.18,0,3.54,0,28.83,4.12,26.86,0.06,2.55,0.36,6.66,0.39,0.0004,,0,8,,0.35,0,0,0,129.24,11.9,0,0
5,21,5021,0.02,,0.23,0,2.79,0.38,2.49,0.01,0.21,0.03,0.56,0.03,0,,0,,,0.35,0,0,0,31.02,2.86,48.76,0
5,22,5022,0.08,0.27,0.81,0,11.33,1.7,0.86,0.02,4.7,0.66,12.26,0.72,0.0007,,0,17,,0.35,0,0,0,116.83,10.76,0.2,0
5,23,5023,0.03,0,0.44,0,4.72,0.67,4.36,0.01,2.42,0.34,6.32,0.37,0.0004,,0,0.92,,,0,0,0,164.39,15.14,0,0
5,24,5024,0.13,0,2.73,0,19.58,2.93,19.15,0.04,14.44,2.02,37.69,2.23,0.0021,,0,1.1,,0.35,0,0,0,554.18,51.04,2.61,0
5,25,5025,0.42,,12.26,0,66.88,9.44,1.59,0.14,68.3,9.54,178.34,10.53,0.0099,0.807875916,0.04,,,,0,0,0,28.69,2.64,3.77,0
5,26,5026,0.01,0.53,0.07,0,1.65,0.22,1.45,0,0.02,0,0.05,0,0,,0,0.66,,0.35,0,0,0,40.84,3.76,3.71,0
5,27,5027,0.17,0.18,2.45,0,25.91,3.72,7.07,0.05,91.91,12.84,239.99,14.17,0.0134,,0.01,12.93,,0.35,0,0,0,474.05,43.66,12.61,0
5,28,5028,0.16,,4.99,0,25.52,3.48,22.72,0.05,28.21,3.94,73.67,4.35,0.0041,,0,0.42,,,0,0,0,118.64,10.93,0,154.25
5,29,5029,0.01,0,0.09,0,0.99,0.14,0.88,0,0.21,0.03,0.56,0.03,0,,0,,,0.35,0,0,0,0,0,72.2,0
5,30,5030,1.9,0.35,53.22,0,284.85,42.59,12.73,0.62,166.55,23.27,434.88,25.68,0.0242,,0.23,45.94,34.34979219,0.35,0,0,0,573.57,52.82,0.01,829.12
5,31,5031,0.06,0,1.35,0,9.56,1.29,8.4,0.02,6.08,0.85,15.87,0.94,0.0009,,0,3.45,,0.35,0,0,0,0,0,5.64,0
5,32,5032,0.12,0.09,3.29,0,19.82,2.63,17.18,0.04,8.1,1.13,21.16,1.25,0.0012,,0,,,0.35,0,0,0,0,0,3.25,0
5,33,5033,0.27,0.09,3.49,0,39.35,6.15,40.12,0.09,25.66,3.58,66.99,3.96,0.0037,,0,3.76,,0.35,0,0,0,120.19,11.07,16.81,0
5,34,5034,0.02,0.27,0.19,0,2.58,0.34,2.25,0.01,0.04,0.01,0.1,0.01,0,,0,,,,0,0,0,286.65,26.4,66.15,0
5,35,5035,1.69,0,68.61,0,263.51,37.9,15.52,0.55,266.48,37.23,695.78,41.09,0.0387,,0,,,0.35,118.28,23.23,0,51.95,4.78,0,0
5,36,5036,0.06,0.09,0.13,0,8.02,1.27,8.28,0.02,0.65,0.09,1.7,0.1,0.0001,,0,,,0.35,0,0,0,115.54,10.64,0,0
5,37,5037,0.02,,0.16,0,3,0.4,2.63,0.01,0.03,0,0.07,0,0,,0,0.14,,0.35,0,0,0,60.23,5.55,0.1,0
5,38,5038,0.04,,0.46,0,6.03,0.81,5.32,0.01,4.06,0.57,10.6,0.63,0.0006,,0,26.9,,0.35,0,0,0,85.04,7.83,0.32,0
6,1,6001,0.07,,0.86,0,9.71,0,2.78,0.02,2.78,1.45,0,1.4,0.0004,,0.01,0.46,,,0,0,0,66.09,6.09,17.93,48.76
6,2,6002,0.39,,10.88,0,5.33,0,7.24,0.13,13.86,7.25,0,6.99,0.002,,0,,2.341133795,5.66,0.15,0.18,0,42.6,3.92,0.06,46.13
6,3,6003,0.06,,0.45,0,0.74,0,5.41,0.02,1.06,0.55,0,0.53,0.0002,,0,,,5.66,0,0,0,0,0,2.68,25.28
6,4,6004,0.05,,0.38,0,0.68,0,3.11,0.02,0.61,0.32,0,0.31,0.0001,,0,6.73,,5.66,0,0,0,68.29,6.29,8.09,32.53
6,5,6005,0.08,,0.68,0,10.13,0,5.52,0.02,4.65,2.44,0,2.35,0.0007,,0.01,0.06,,5.66,0,0,0,81.13,7.47,0,28.75
6,6,6006,0.01,0,0.12,0,1.88,0,2.04,0,0.07,0.03,0,0.03,0,,0,0.01,,,0,0,0,0,0,9.37,20.73
6,7,6007,0.4,,7.33,0,56.12,0,59.03,0.13,10.13,5.31,0,5.11,0.0015,,0.04,18.56,,,30.73,5.48,479.15,81.76,7.53,13.27,68.86
6,8,6008,0.02,,0.15,0,2.87,0,3.2,0.01,0.18,0.09,0,0.09,0,,0,1.92,,5.66,0,0,0,0,0,2.12,22.14
6,9,6009,0.29,0,4.8,0,36.66,0,6.93,0.09,11.78,6.16,0,5.94,0.0017,,0.03,0,,,0,0,0,75.8,6.98,7.05,131.3
6,10,6010,0.29,0,2.76,0,40.88,0,2.02,0.1,6.81,3.56,0,3.43,0.001,,0.03,4.07,,5.66,0,0,0,0,0,0,19.61
7,1,7001,0.04,,0.22,0,2.12,0,6.28,0.01,0.4,0.03,0.87,0.23,0.0001,,0,,,,0,0,0,0,0,0,6.1
7,2,7002,0.08,,0.63,0,4.3,0,11.14,0.02,1.16,0.08,2.52,0.65,0.0002,,0,,,,0,0,0,0,0,0.13,12.04
7,3,7003,0.07,,0.38,0,3.91,0,10.35,0.02,0.71,0.05,1.54,0.4,0.0001,,0,2.36,,5.38,0,0,0,48.85,4.5,0,22.52
7,4,7004,0.07,1.22,0.33,0,3.42,0,10.59,0.02,0.18,0.01,0.4,0.1,0,,0,2.78,,,0,0,0,0,0,0,5.33
7,5,7005,0.06,,0.1,0,0.26,0,8.41,0.02,0.08,0.01,0.16,0.04,0,,0,,,,0,0,0,0,0,0,5.54
7,6,7006,0.07,,0.11,0,3.59,0,10.86,0.02,0.13,0.01,0.28,0.07,0,,0,7.82,,,0,0,0,0,0,0,6.74
7,7,7007,0.02,,0.06,0,1.23,0,3.64,0.01,1.86,0.12,4.03,1.04,0.0003,,0,1.33,,,0,0,0,0,0,0,1.79
7,8,7008,0.08,,0.55,0,3.75,0,12.37,0.03,1.1,0.07,2.38,0.62,0.0002,,0,5.19,,,0,0,0,0,0,3.74,9.08
7,9,7009,0.11,,1.72,0,7,0,16.52,0.04,2.68,0.18,5.8,1.5,0.0004,,0,2.5,,,0,0,0,64.29,5.92,0,1.8
7,10,7010,0.02,,0.01,0,0.81,0,2.83,0.01,0,0,0,0,0,,0,,,,0,0,0,0,0,0,1.3
7,11,7011,0.05,,0.04,0,2.26,0,7.52,0.02,0.03,0,0.06,0.02,0,,0,0.16,,,0,0,0,0,0,0.29,5.2
7,12,7012,0.1,,0.77,0,0.49,0,14.49,0.03,2.12,0.14,4.59,1.19,0.0003,,0,0.46,,,0,0,0,0,0,0,2.23
7,13,7013,0.08,,0.53,0,3.68,0,11.33,0.03,0.44,0.03,0.94,0.24,0.0001,,0,2.21,,,0,0,0,0,0,0,4.05
7,14,7014,0.04,,0.1,0,2.14,0,6.39,0.01,0.13,0.01,0.28,0.07,0,,0,1.54,,,0,0,0,0,0,0,5.29
7,15,7015,0.12,,0.52,0,6.09,0,17.55,0.04,0.71,0.05,1.54,0.4,0.0001,,0,,,,0,0,0,0,0,0,5.37
7,16,7016,0.05,0,0.18,0,2.6,0,6.8,0.02,0.2,0.01,0.43,0.11,0,,0,,,,0,0,0,0,0,0.36,7.13
7,17,7017,0.22,1.22,1.65,0,10.81,0,31.55,0.07,3.99,0.27,8.64,2.24,0.0006,,0,529.98,,,0,0,0,0,0,0,10.59
7,18,7018,0.02,,0.1,0,1.21,0,3.29,0.01,0.19,0.01,0.42,0.11,0,,0,,,,0,0,0,0,0,27.24,2.59
7,19,7019,0.36,0,6.72,0,19.59,0,51.93,0.12,8.47,0.57,18.35,4.74,0.0012,,0,1.79,,,3.2,0.53,0,0,0,0,9.59
7,20,7020,0.12,,0.35,0,6.01,0,17.21,0.04,0.63,0.04,1.37,0.35,0.0001,,0,85.12,,,0,0,0,0,0,0,18.36
7,21,7021,0.06,,0.41,0,3.24,0,8.68,0.02,0.37,0.02,0.79,0.2,0.0001,,0,,,,0,0,0,0,0,0,3.45
7,22,7022,0.04,,0.03,0,1.92,0,5.69,0.01,0.04,0,0.08,0.02,0,,0,0.47,,,0,0,0,0,0,0,4.94
7,23,7023,0.2,,0.11,0,9.95,0,28.73,0.06,0.14,0.01,0.3,0.08,0,,0,0.28,,,0,0,0,0,0,0,5.33
7,24,7024,0.03,,0.06,0,1.05,0,3.88,0.01,0.05,0,0.1,0.03,0,,0,,,,0,0,0,0,0,0,1.69
7,25,7025,0.02,,0.07,0,0.91,0,3.05,0.01,0.07,0,0.15,0.04,0,,0,,,,0,0,0,0,0,0,1.32
7,26,7026,0.09,,0.1,0,3.89,0,13.61,0.03,0.11,0.01,0.24,0.06,0,,0,,,,0,0,0,0,0,28.86,6.66
7,27,7027,0.22,,1.15,0,11.65,0,29.96,0.07,3.11,0.21,6.73,1.74,0.0005,,0,0.53,,,0,0,0,0,0,0,12.57
7,28,7028,0.01,,0.1,0,0.79,0,2.12,0,0.17,0.01,0.36,0.09,0,,0,,,,0,0,0,0,0,0,2.5
7,29,7029,0.01,,0.12,0,0.81,0,2.19,0,0.12,0.01,0.27,0.07,0,,0,,,,0,0,0,0,0,0,0.89
7,30,7030,0.08,,0.33,0,0.39,0,12.1,0.03,0.25,0.02,0.53,0.14,0,,0,4.31,,,0,0,0,0,0,0,9.88
7,31,7031,0.28,,0.28,0,11.46,0,41.07,0.09,0.27,0.02,0.59,0.15,0,,0,1.68,,,0,0,0,0,0,0,21.92
7,32,7032,0.08,,0.68,0,3.91,0,11.72,0.03,0.81,0.05,1.76,0.45,0.0001,,0,,,,0,0,0,0,0,0,13.99
7,33,7033,0.02,,0.01,0,0.78,0,2.76,0.01,0,0,0,0,0,,0,,,,0,0,0,0,0,0.08,0.96
7,34,7034,0.17,,1.34,0,8.72,0,24.66,0.06,1.34,0.09,2.91,0.75,0.0002,,0,0.23,,,0,0,0,0,0,0,17.25
7,35,7035,0.03,,0.14,0,1.71,0,4.67,0.01,0.1,0.01,0.22,0.06,0,,0,,,,0,0,0,0,0,0,5.11
7,36,7036,0.02,,0.05,0,0.78,0,2.88,0.01,0.03,0,0.07,0.02,0,,0,0.07,,,0,0,0,0,0,0,1.5
7,37,7037,0.09,,0.41,0,4.66,0,13.04,0.03,0.49,0.03,1.06,0.27,0.0001,,0,,,5.38,0,0,0,31.66,2.92,0,15.68
7,38,7038,0.06,,0.02,0,2.38,0,8.14,0.02,0.02,0,0.04,0.01,0,,0,0.13,,5.38,0,0,0,0,0,0,2.68
7,39,7039,0.06,,0.06,0,2.69,0,8.6,0.02,0.04,0,0.08,0.02,0,,0,,,,0,0,0,0,0,0.53,10.21
7,40,7040,0.14,0,2.34,0,7.1,0,20.54,0.05,5.2,0.35,11.26,2.91,0.0008,,0,,,5.38,0,0,0,19.15,1.76,0,10.14
7,41,7041,0.11,0,0.22,0,0.55,0,15.83,0.04,0.44,0.03,0.95,0.25,0.0001,,0,0.69,,,0,0,0,0,0,0,16.25
7,42,7042,0.03,,0.09,0,0.12,0,3.74,0.01,0.09,0.01,0.2,0.05,0,,0,,,,0,0,0,0,0,0,1.74
7,43,7043,0.03,,0.18,0,1.39,0,4.15,0.01,0.18,0.01,0.39,0.1,0,,0,,,,0,0,0,0,0,0,0.7
7,44,7044,0.06,0,0.19,0,2.87,0,9.3,0.02,0.18,0.01,0.39,0.1,0,,0,25,,,0,0,0,0,0,0,5.81
7,45,7045,0.01,,0.02,0,0.67,0,2.1,0,0.01,0,0.02,0.01,0,,0,,,,0,0,0,0,0,0,0.49
7,46,7046,0.11,0,0.37,0,6.09,0,15.35,0.03,0.55,0.04,1.19,0.31,0.0001,,0,164.72,,,0,0,0,0,0,0,14.45
7,47,7047,0.04,,0.2,0,2.12,0,6.43,0.01,0.48,0.03,1.04,0.27,0.0001,,0,4.68,,,0,0,0,0,0,0,2.52
7,48,7048,0.06,,0.45,0,3.27,0,8.64,0.02,0.46,0.03,0.99,0.25,0.0001,,0,,,,0,0,0,47.88,4.41,0,3.57
7,49,7049,0.05,,0.11,0,2.13,0,7.42,0.02,0.11,0.01,0.25,0.06,0,,0,,,,0,0,0,0,0,0,3.95
7,50,7050,0.02,,0.09,0,0.97,0,2.26,0.01,0.12,0.01,0.26,0.07,0,,0,,,,0,0,0,0,0,0,3.19
7,51,7051,0.11,,0.82,0,6.08,0,16.25,0.04,1.22,0.08,2.65,0.68,0.0002,,0,,,,0,0,0,45.92,4.23,0.22,46.25
7,52,7052,0.29,0,0.91,0,12.38,0,42.13,0.09,0.97,0.06,2.09,0.54,0.0001,,0,1.22,,,0,0,0,0,0,0,27.62
7,53,7053,0.02,,0.08,0,0.88,0,2.93,0.01,0.02,0,0.05,0.01,0,,0,,,5.38,0,0,0,0,0,0,0.86
7,54,7054,0.07,,0.42,0,4.02,0,10.29,0.02,0.6,0.04,1.29,0.33,0.0001,,0,,,5.38,0,0,0,0,0,0,12.99
7,55,7055,0.01,,0.07,0,0.78,0,2.06,0,0.07,0,0.15,0.04,0,,0,,,,0,0,0,0,0,0,1.81
7,56,7056,0.03,,0.02,0,1.36,0,3.87,0.01,0.01,0,0.03,0.01,0,,0,,,,0,0,0,0,0,0.57,1.23
7,57,7057,0.17,,0.95,0,7.29,0,24.89,0.06,1.47,0.1,3.19,0.83,0.0002,,0,0.28,,5.38,0,0,0,0,0,0,15.81
7,58,7058,0.01,,0,0,0.54,0,1.69,0,0,0,0,0,0,,0,,,,0,0,0,0,0,0.08,2.56
7,59,7059,0.5,0,1.91,0,21.08,0,72.93,0.16,1.36,0.09,2.94,0.76,0.0002,,0,113.11,,,0,0,0,0,0,0,39.62
7,60,7060,0.03,,0.1,0,1.34,0,4.52,0.01,0.09,0.01,0.21,0.05,0,,0,,,,0,0,0,0,0,0.37,1.8
7,61,7061,0.21,0,1.71,0,10.69,0,31.02,0.07,6.11,0.41,13.22,3.42,0.0009,,0,20.22,,,0,0,0,0,0,0,24.55
7,62,7062,0.05,,0.11,0,2.39,0,7.02,0.02,0.14,0.01,0.3,0.08,0,,0,,,,0,0,0,0,0,0,4.5
7,63,7063,0.01,,0.07,0,0.56,0,1.47,0,0.1,0.01,0.23,0.06,0,,0,0.09,,,0,0,0,0,0,0,2.03
7,64,7064,0.12,,0.15,0,4.92,0,17.74,0.04,0.22,0.01,0.47,0.12,0,,0,0.23,,,0,0,0,0,0,2.67,5.95
7,65,7065,0.29,0,2.54,0,14.46,0,41.97,0.09,2.24,0.15,4.86,1.26,0.0003,,0,1.15,,,0,0,0,147.34,13.57,0,27.08
7,66,7066,0.06,,0.23,0,2.35,0,8.23,0.02,0.15,0.01,0.33,0.08,0,,0,,,,0,0,0,0,0,0,3.22
7,67,7067,0.03,,0.06,0,1.44,0,4.19,0.01,0.04,0,0.08,0.02,0,,0,0.11,,,0,0,0,0,0,23.48,0.95
7,68,7068,0.09,0,0.89,0,4.62,0,12.67,0.03,0.89,0.06,1.92,0.5,0.0001,,0,,,,0,0,0,69.76,6.42,0.07,3.99
7,69,7069,0.14,0,0.95,0,7.75,0,19.89,0.04,1.26,0.08,2.73,0.71,0.0002,,0,0.56,,,0,0,0,127.61,11.75,0,4.8
7,70,7070,0.04,,0.07,0,1.31,0,5.5,0.01,0.07,0,0.14,0.04,0,,0,,,5.38,0,0,0,0,0,0.12,1.72
7,71,7071,0.08,,0.36,0,0.39,0,11.31,0.03,0.46,0.03,0.99,0.25,0.0001,,0,0.54,,5.38,0,0,0,35.96,3.31,0,8.9
7,72,7072,0.08,,0.32,0,3.64,0,11.92,0.03,0.4,0.03,0.86,0.22,0.0001,,0,0.4,,,0,0,0,0,0,0,5.62
7,73,7073,0.02,,0.13,0,0.11,0,3.41,0.01,0.43,0.03,0.93,0.24,0.0001,,0,0.37,,,0,0,0,0,0,1.19,0.73
7,74,7074,0.1,,1.05,0,5.9,0,14.95,0.03,8.72,0.58,18.88,4.88,0.0013,,0,,,,0,0,0,0,0,0.04,2.33
7,75,7075,0.07,,0.55,0,3.8,0,10.69,0.02,1.11,0.07,2.4,0.62,0.0002,,0,0.07,,5.38,0,0,0,0,0,0,3.91
7,76,7076,0.07,,0.1,0,3.19,0,10.14,0.02,0.04,0,0.08,0.02,0,,0,,,,0,0,0,0,0,0,8.25
7,77,7077,0.16,,0.34,0,6.92,0,22.93,0.05,0.41,0.03,0.89,0.23,0.0001,,0,,,,0,0,0,40.06,3.69,22.98,17.74
7,78,7078,0.49,2.44,9.13,0,24.62,0,71.29,0.16,9.48,0.63,20.51,5.3,0.0014,,0,8.77,,,0.05,0.03,0,0,0,0,4.73
7,79,7079,0.09,2.44,0.37,0,4.71,0,12.65,0.03,0.9,0.06,1.95,0.5,0.0001,,0,,,,0,0,0,0,0,0,3.99
7,80,7080,0.11,,0.19,0,4.07,0,15.36,0.03,0.16,0.01,0.34,0.09,0,,0,5.61,,,0,0,0,0,0,0,10.83
7,81,7081,0.1,,0.33,0,4.32,0,13.9,0.03,0.52,0.03,1.12,0.29,0.0001,,0,,,,0,0,0,0,0,0,14.33
7,82,7082,0.03,,0.05,0,1.35,0,4.39,0.01,0.09,0.01,0.21,0.05,0,,0,0.94,,,0,0,0,0,0,0,2.57
7,83,7083,0.05,,0.16,0,2.51,0,6.8,0.02,0.24,0.02,0.52,0.14,0,,0,,,5.38,0,0,0,0,0,0,7.95
7,84,7084,0.02,,0.04,0,1.09,0,3.38,0.01,0.06,0,0.13,0.03,0,,0,,,,0,0,0,0,0,0,1.09
7,85,7085,0.03,,0.11,0,1.3,0,3.79,0.01,0.23,0.02,0.5,0.13,0,,0,,,,0,0,0,0,0,1.55,2.4
7,86,7086,0.05,,0.26,0,2.77,0,7.88,0.02,0.64,0.04,1.39,0.36,0.0001,,0,,,,0,0,0,0,0,0,4.7
7,87,7087,0.1,0,0.84,0,0.52,0,14.12,0.03,0.79,0.05,1.7,0.44,0.0001,,0,,,,0,0,0,27.94,2.57,0,7.74
7,88,7088,0.01,,0.02,0,0.3,0,0.89,0,0.01,0,0.03,0.01,0,,0,,,,0,0,0,0,0,36.18,0.53
7,89,7089,0.83,,13.92,0,45.79,0,120.95,0.27,14.92,1,32.31,8.36,0.0022,,0,,,5.38,27.33,4.2,2.39,102.4,9.43,0,36.93
7,90,7090,0.01,,0.04,0,0.61,0,1.68,0,0.02,0,0.05,0.01,0,,0,2.62,,,0,0,0,0,0,0,0.67
7,91,7091,0.03,,0.26,0,1.59,0,4.25,0.01,0.22,0.01,0.47,0.12,0,,0,,,,0,0,0,0,0,0.06,1.4
7,92,7092,0.11,,0.65,0,5.55,0,16.08,0.04,0.63,0.04,1.36,0.35,0.0001,,0,0.07,,,0,0,0,0,0,0,5.23
7,93,7093,0.11,,0.14,0,4.38,0,16.2,0.04,0.18,0.01,0.4,0.1,0,,0,0.26,,,0,0,0,0,0,0,6.26
7,94,7094,0.09,,0.6,0,4.43,0,13.86,0.03,1.19,0.08,2.58,0.67,0.0002,,0,0.73,,,0,0,0,0,0,0,4.18
7,96,7096,0.19,,0.58,0,0.8,0,27.05,0.06,0.34,0.02,0.74,0.19,0,,0,,,,0,0,0,0,0,0,16.29
7,97,7097,0.23,3.66,2.44,0,13.25,0,33.63,0.07,3.04,0.2,6.57,1.7,0.0004,,0,4.51,,,0,0,0,144.22,13.28,2.01,2.55
7,98,7098,0.02,,0.09,0,0.78,0,2.5,0.01,0.11,0.01,0.24,0.06,0,,0,,,,0,0,0,0,0,0,4.08
7,99,7099,0.18,0,0.32,0,9.37,0,25.87,0.06,0.4,0.03,0.86,0.22,0.0001,,0,0.67,,,0,0,0,0,0,0,22.69
7,100,7100,0.08,,0.09,0,3.46,0,12.37,0.03,0.05,0,0.1,0.03,0,,0,,,,0,0,0,0,0,0,6.93
7,101,7101,1.48,0,29.04,0,86.93,0,1.91,0.48,35.44,2.37,76.72,19.84,0.0051,,0,2.11,29.99364227,,37.85,11.51,0,0,0,150.53,2.66
7,102,7102,0.1,,0.3,0,5.25,0,14.6,0.03,0.45,0.03,0.97,0.25,0.0001,,0,,,,0,0,0,0,0,8.74,7.17
7,103,7103,0.07,,0.13,0,3.63,0,10.46,0.02,0.31,0.02,0.68,0.18,0,,0,,,5.38,0,0,0,15.24,1.4,4.55,6.41
7,104,7104,0.04,,0.09,0,2.21,0,5.46,0.01,0.29,0.02,0.64,0.16,0,,0,1.22,,5.38,0,0,0,0,0,0,4.25
7,105,7105,0.04,,0.19,0,2.03,0,5.76,0.01,0.17,0.01,0.37,0.1,0,,0,1.16,,,0,0,0,0,0,0,2.69
7,106,7106,0.17,0,1.28,0,8.89,0,24.34,0.05,4.45,0.3,9.64,2.49,0.0006,,0,0.05,,5.38,0,0,0,0,0,0.53,25.38
7,107,7107,0.2,,1.17,0,10.91,0,29.04,0.06,2.58,0.17,5.6,1.45,0.0004,,0,117.09,,,0,0,0,0,0,0.94,28.29
7,108,7108,0.27,0,2.6,0,15.26,0,39.84,0.09,12.11,0.81,26.21,6.78,0.0018,,0,43.08,,,0,0,0,0,0,0.64,24.24
7,109,7109,0.09,,0.77,0,4.44,0,13.47,0.03,1.07,0.07,2.31,0.6,0.0002,,0,0.08,,,0,0,0,0,0,1.45,3.79
7,110,7110,0.02,,0.09,0,0.09,0,2.53,0.01,0.12,0.01,0.26,0.07,0,,0,,,,0,0,0,0,0,0,2.62
7,111,7111,0.09,,0.12,0,3.91,0,13.3,0.03,0.51,0.03,1.1,0.28,0.0001,,0,4.96,,,0,0,0,0,0,0,5.91
7,112,7112,0.07,,0.07,0,3.14,0,10.67,0.02,0.06,0,0.13,0.03,0,,0,,,,0,0,0,0,0,0,5.22
7,113,7113,0.01,,0.01,0,0.6,0,2.1,0,0,0,0,0,0,,0,,,,0,0,0,0,0,0,0
7,114,7114,0.04,,0.29,0,2.02,0,6.52,0.01,0.31,0.02,0.67,0.17,0,,0,,,,0,0,0,0,0,0,6.97
7,115,7115,0.03,,0.03,0,1.31,0,4.67,0.01,0.04,0,0.08,0.02,0,,0,,,,0,0,0,0,0,0,0
7,116,7116,0.03,,0.07,0,1.11,0,3.66,0.01,0.07,0,0.14,0.04,0,,0,,,,0,0,0,0,0,0,6.64
7,117,7117,0.02,,0.06,0,0.8,0,2.79,0.01,0.04,0,0.09,0.02,0,,0,0.21,,,0,0,0,0,0,0,0
7,118,7118,0.01,,0.01,0,0.43,0,1.35,0,0,0,0,0,0,,0,,,,0,0,0,0,0,0,0
7,119,7119,0.01,,0.01,0,0.37,0,1.22,0,0,0,0,0,0,,0,,,,0,0,0,0,0,0,0
8,1,8001,0.03,0.37,0.92,0,6.39,0.77,5.02,0.01,2.85,0.03,7.43,0.22,0.0004,,0,,,0.36,0,0,0,433.17,39.89,0.05,143.69
8,2,8002,0.06,0.37,1.07,0,1.04,0,3,0.02,3.8,0.04,9.92,0.3,0.0006,,0,,,0.36,0,0,0,425.35,39.17,0,91.68
8,3,8003,0.02,0.15,0.32,0,4.7,0,3.54,0.01,0.26,0,0.67,0.02,0,,0,,,0.36,0,0,0,103.73,9.55,0,63.9
8,4,8004,0.02,0.15,0.04,0,2.52,0,3.44,0.01,0.07,0,0.19,0.01,0,,0,,,,0,0,0,0,0,35.08,0
8,5,8005,0.07,0.15,1.92,0,1.18,0,9.59,0.02,43.03,0.47,112.36,3.35,0.0063,0.255387896,0,,,0.36,0,0,0,267.93,24.67,0,271.13
8,6,8006,0.02,,0.15,0,3.66,0,2.5,0.01,0.11,0,0.3,0.01,0,,0,,,0.36,0,0,0,0,0,0,218.46
8,7,8007,0.05,0,0.21,0,7.51,0,6.95,0.02,0.1,0,0.27,0.01,0,,0,4.23,,,0,0,0,0,0,0,83.86
8,8,8008,0.04,0.22,0.07,0,5.88,0,5.7,0.01,0.7,0.01,1.83,0.05,0.0001,,0,1.64,,0.36,0,0,0,0,0,0,0.86
8,9,8009,0.09,,1.62,0,15,0,12.81,0.03,1.65,0.02,4.31,0.13,0.0002,,0,7.79,,,0,0,0,165.76,15.27,0.03,15.55
8,10,8010,0.06,,0.98,0,11.13,0,8.79,0.02,27.59,0.3,72.04,2.15,0.004,,0,,,0.36,0,0,0,0,0,10.64,213.07
8,11,8011,0.14,0.07,4.45,0,24.93,0,20.22,0.05,14.61,0.16,38.15,1.14,0.0021,,0,,,0.36,0,0,0,221.54,20.4,0,89.64
8,12,8012,0.02,,0.11,0,4.05,0,3.59,0.01,0.04,0,0.11,0,0,,0,,,,0,0,0,0,0,0,97.66
8,13,8013,0.02,0,0.21,0,4.67,0,3.6,0.01,0.12,0,0.31,0.01,0,,0,9.65,,0.36,0,0,0,134.75,12.41,0,87.26
8,14,8014,0.01,,0.06,0,1.16,0,0.88,0,0.02,0,0.06,0,0,,0,,,0.36,0,0,0,0,0,0,17.88
8,15,8015,0,0,0.05,0,0.91,0,0.62,0,0,0,0,0,0,,0,,,,0,0,0,0,0,0,1.05
8,16,8016,0.01,,0.09,0,1.9,0,1.48,0,0.03,0,0.09,0,0,,0,,,0.36,0,0,0,53.95,4.97,2.93,19.09
8,17,8017,0.4,,13.09,0,73.13,0,57.72,0.13,30.85,0.34,80.55,2.4,0.0045,,0,,,0.36,0,0,0,142.83,13.15,0.04,881.46
8,18,8018,0.01,,0.25,0,2.85,0,2.07,0,0,0,0,0,0,,0,,,0.36,0,0,0,0,0,129.88,365.99
8,19,8019,2.23,0.45,90.42,0,416.72,0,8.57,0.72,326.08,3.55,851.41,25.41,0.0474,,0.31,28.2,10.12888781,0.36,196.79,36.1,0,565.57,52.08,0,188.89
8,20,8020,0.02,,0.05,0,3.3,0,3.2,0.01,0,0,0.01,0,0,,0,3.5,,0.36,0,0,0,0,0,7.38,0.12
8,21,8021,0.37,,14.34,0,68.53,0,54.48,0.12,47.77,0.52,124.72,3.72,0.0069,,0,,,0.36,0,0,0,47.7,4.39,0,122.49
8,22,8022,0.01,,0.02,0,1.75,0,1.12,0,0,0,0,0,0,,0,,,,0,0,0,0,0,0,45.62
8,23,8023,0.01,,0.02,0,1.85,0,1.62,0,7.23,0.08,18.87,0.56,0.0011,,0,,,0.36,0,0,0,0,0,0,41.55
8,24,8024,0.01,,0.27,0,2.21,0,1.64,0,0.15,0,0.4,0.01,0,,0,,,,0,0,0,0,0,0,83
8,25,8025,0.02,,0.46,0,4.51,0,3.25,0.01,7.48,0.08,19.54,0.58,0.0011,,0,,,,0,0,0,0,0,0,202.08
8,26,8026,0.01,,0.05,0,1.95,0,1.32,0,0,0,0,0,0,,0,,,,0,0,0,0,0,0,55.95
8,27,8027,0.13,0,1.04,0,19.92,0,19.65,0.04,1.83,0.02,4.78,0.14,0.0003,,0,17.67,,,0,0,0,0,0,0,155.46
8,28,8028,0.03,,0.28,0,4.74,0,3.92,0.01,0.97,0.01,2.53,0.08,0.0001,0.113485675,0,,,0.36,0,0,0,0,0,0,32.85
8,29,8029,0.15,0.07,0.36,0,20.77,0,22.21,0.05,4.86,0.05,12.69,0.38,0.0007,,0,47.94,,,0,0,0,0,0,0,146.02
8,30,8030,0.02,,0.11,0,3.66,0,3.43,0.01,0.07,0,0.19,0.01,0,,0,7.65,,0.36,0,0,0,111.55,10.27,0,0.8
8,31,8031,0.11,,1.75,0,21.11,0,15.95,0.04,1.83,0.02,4.78,0.14,0.0003,,0,2.64,,0.36,0,0,0,354.46,32.64,4.43,508.97
8,32,8032,0.3,0.22,12.68,0,53.7,0,44.33,0.1,23.93,0.26,62.47,1.86,0.0035,,0,,,0.36,0,0,0,82.36,7.58,0,24.46
8,33,8033,0,,0.01,0,0.61,0,0.44,0,0.02,0,0.05,0,0,,0,,,,0,0,0,0,0,0,7.64
8,34,8034,0.02,,0.26,0,4.01,0,2.84,0.01,3.89,0.04,10.17,0.3,0.0006,,0,,,,0,0,0,0,0,0,142.76
8,35,8035,0.02,,0.27,0,4.16,0,3.52,0.01,0.05,0,0.12,0,0,,0,3.62,,0.36,0,0,0,0,0,0.87,239.71
8,36,8036,0.12,0,3.75,0,20.28,0,17.33,0.04,9.77,0.11,25.52,0.76,0.0014,,0,,,0.36,0,0,0,0,0,124.68,167.21
8,37,8037,3.85,0,119.77,0,678.16,0,8,1.25,973.33,10.59,2541.41,75.83,0.1414,7.380516127,0.39,,,0.36,191.66,36.1,0,253.33,23.33,0,28.11
8,38,8038,0.01,0,0.11,0,2.59,0,1.93,0,0.08,0,0.21,0.01,0,,0,,,0.36,0,0,0,0,0,0,37.09
8,39,8039,0.01,0,0.13,0,2.26,0,1.68,0,0.11,0,0.28,0.01,0,,0,,,0.36,0,0,0,40.4,3.72,0,34.58
8,40,8040,0.09,0.15,1.8,0,17.34,0,13.72,0.03,3.47,0.04,9.06,0.27,0.0005,,0,18.84,,0.36,0,0,0,259.33,23.88,0,253.91
8,41,8041,0.01,,0.03,0,1.06,0,0.91,0,0.14,0,0.37,0.01,0,,0,0.02,,0.36,0,0,0,0,0,0,0.46
8,42,8042,0,,0.05,0,0.98,0,0.69,0,0.01,0,0.04,0,0,,0,9.95,,0.36,0,0,0,0,0,0,1.81
8,43,8043,0.01,,0.14,0,1.93,0,1.36,0,0.09,0,0.25,0.01,0,,0,,,,0,0,0,72.46,6.67,1.7,55.51
8,44,8044,0.01,0,0.11,0,2.42,0,1.84,0,0.41,0,1.08,0.03,0.0001,,0,,,0.36,0,0,0,50.3,4.63,0,56.15
8,45,8045,0.12,,2.2,0,22.41,0,17.73,0.04,19.44,0.21,50.76,1.51,0.0028,,0,,,0.36,0,0,0,0,0,0,146.51
8,46,8046,0.02,,0.04,0,3.15,0,3.07,0.01,0,0,0,0,0,,0,,,,0,0,0,0,0,0,0
8,47,8047,0.02,,0.05,0,2.54,0,2.2,0,0.19,0,0.51,0.02,0,,0,,,0.36,0,0,0,0,0,0.03,0.8
8,48,8048,0.06,,1.03,0,12.14,0,8.7,0.02,0.76,0.01,1.99,0.06,0.0001,,0,,,,0,0,0,0,0,0,979.65
8,49,8049,0.01,,0.09,0,1.45,0,1.2,0,0.02,0,0.05,0,0,,0,,,,0,0,0,0,0,1.19,22.74
8,50,8050,0.16,,6.66,0,29.23,0,23.3,0.05,101.02,1.1,263.77,7.87,0.0147,,0,,,0.36,0,0,0,156.9,14.45,0.21,104.92
8,51,8051,0.02,,0.03,0,3.13,0,2.7,0.01,0.01,0,0.04,0,0,,0,1.58,,0.36,0,0,0,0,0,0.43,2.01
8,52,8052,0.06,0,2.28,0,12.27,0,9.06,0.02,2.44,0.03,6.36,0.19,0.0004,0.132873997,0,,,0.36,0,0,0,192.87,17.76,0,133.78
8,53,8053,0.02,,0.4,0,4.65,0,3.65,0.01,0.55,0.01,1.42,0.04,0.0001,,0,,,0.36,0,0,0,0,0,0,47.56
8,54,8054,0.02,,0.05,0,3.63,0,3.35,0.01,0.06,0,0.15,0,0,,0,,,0.36,0,0,0,57.86,5.33,0,409.12
8,55,8055,0.05,,0.19,0,8.68,0,6.82,0.02,0.1,0,0.27,0.01,0,,0,,,0.36,0,0,0,81.32,7.49,0,85.63
8,56,8056,0.01,,0.02,0,1.15,0,0.89,0,0.01,0,0.02,0,0,,0,,,,0,0,0,0,0,0,18.42
8,57,8057,0.01,,0.07,0,1.46,0,0.96,0,0.1,0,0.26,0.01,0,,0,,,0.36,0,0,0,0,0,0,0.25
8,58,8058,0.01,,0.02,0,1.53,0,1.14,0,0,0,0.01,0,0,,0,,,0.36,0,0,0,0,0,0,13.47
8,59,8059,0.01,0,0.21,0,2.79,0,2.07,0,1.34,0.01,3.5,0.1,0.0002,,0,,,,0,0,0,0,0,63.44,5.39
8,60,8060,0.03,0,0.58,0,5.62,0,4.33,0.01,0.47,0.01,1.24,0.04,0.0001,,0,,,,0,0,0,75.06,6.91,0,14.42
8,61,8061,0.01,,0.04,0,2.24,0,1.65,0,0.02,0,0.05,0,0,,0,,,,0,0,0,0,0,128.07,68.57
8,62,8062,0.08,0,1.55,0,15.2,0,12.21,0.03,3.66,0.04,9.56,0.29,0.0005,,0,,,0.36,0,0,0,46.39,4.27,0,116.26
8,63,8063,0.02,0,0.14,0,3.79,0,2.71,0.01,0.08,0,0.21,0.01,0,,0,0.06,,,0,0,0,83.14,7.66,0,95.08
8,64,8064,0.01,,0.05,0,1.04,0,0.78,0,0,0,0,0,0,,0,,,,0,0,0,0,0,0,16.06
8,65,8065,0.06,0,0.12,0,9.06,0,8.38,0.02,0.34,0,0.88,0.03,0,,0,9.36,,0.36,0,0,0,138.66,12.77,0,0.59
8,66,8066,0.02,0.22,0.05,0,3.74,0,3.4,0.01,0.01,0,0.04,0,0,,0,0.93,,0.36,0,0,0,0,0,0,0
8,67,8067,0.01,0,0.21,0,0.03,0,1.86,0,0.19,0,0.51,0.02,0,,0,,,,0,0,0,0,0,0,55.91
9,2,9002,1.25,,36.53,0.79,246.74,3.99,0,0.41,,22.86,502.82,67.25,0.0414,,0.03,,,,0,0,0,42.04,3.87,3.7,0
9,3,9003,1.84,,41.27,0.89,374.93,0,0,0.6,,9.73,214.07,28.63,0.0176,,0.04,0.6,175.6722849,,0,0,0,0,0,19.35,0
9,4,9004,0.51,0,11.72,0.25,90.73,0,1.89,0.17,,1.19,26.18,3.5,0.0022,,0.02,1.4,,,0,0,0,0,0,18.65,0.17
9,5,9005,3.5,,62.04,1.34,658.02,0,0,1.14,,14.19,312.23,41.76,0.0257,,0.08,2.1,175.6722849,,0,0,0,64.87,5.97,5.23,0
9,6,9006,1.16,,24.92,0.54,222.01,0,0,0.38,,18.07,397.57,53.18,0.0327,,0.02,,,,0,0,0,0,0,2.74,0
9,7,9007,5.34,,89.37,1.93,954.43,0,0,1.74,,27.88,613.44,82.05,0.0505,,0.12,1.4,,,0,0,0,0,0,126.82,0
9,8,9008,0.67,0,7.02,0.15,126.54,0,0.56,0.22,,0.55,12.18,1.63,0.001,,0.01,1.41,,,0,0,0,42.04,3.87,0.92,0.43
9,9,9009,0.34,2.17,3.56,0.08,58.08,0,8.11,0.11,,0.43,9.36,1.25,0.0008,,0.01,46.5,,,0,0,0,0,0,0,29
9,10,9010,2.07,0,43.42,0.94,393.94,0,0.25,0.67,,7.53,165.76,22.17,0.0136,,0.08,0.97,175.6722849,,0,0,0,47.74,4.4,32.81,0.21
9,11,9011,1.01,0,11.67,0.25,181.06,0,2.09,0.33,,2.82,62.1,8.31,0.0051,,0.05,4.24,,,0,0,0,17.13,1.58,0.31,14.44
9,12,9012,1.78,0,37.27,0.8,333.39,0,6.07,0.58,,6.06,133.37,17.84,0.011,,0.06,66.96,,,0,0,0,190.98,17.59,87.54,21.6
9,13,9013,1.19,,17.16,0.37,207.41,0,6.34,0.39,,4.11,90.42,12.09,0.0074,,0.06,6.14,,,0,0,0,0,0,2.52,3.76
9,14,9014,1.04,,68.24,1.47,264.41,0,0,0.34,,11.41,251.12,33.59,0.0207,,0.03,,,,0,0,0,0,0,130.65,0
9,15,9015,1.53,,148.91,3.21,347.01,0,0,0.5,,18.54,407.91,54.56,0.0336,,0.06,,,,0,0,0,15.57,1.43,46.22,0
9,16,9016,1.04,,76.42,1.65,229.38,0,0,0.34,,18.36,403.85,54.02,0.0333,,0.03,,,,0,0,0,57.09,5.26,362.25,0
9,17,9017,1.31,,39.97,0.86,259.78,0,0,0.43,,6.61,145.5,19.46,0.012,,0.04,,175.6722849,,1994.4,350.28,0,0,0,0,0
10,1,10001,0.09,0.23,2.21,0,12.09,1.93,12.57,0.03,2.84,0.23,7.4,0.65,0.0004,,0,7.52,,0.3,0,0,0,135.34,12.46,0,374.33
10,2,10002,0.01,,0.12,0,1.55,0,1.75,0,0.29,0.02,0.77,0.07,0,,0,28.24,,0.3,0,0,0,0,0,0,5.38
10,3,10003,0.01,,0.12,0,1.64,0,1.85,0,0.03,0,0.07,0.01,0,,0,,,,0,0,0,0,0,20.21,23.7
10,4,10004,0.09,0,2.46,0,12.63,0,13.54,0.03,3.67,0.3,9.57,0.84,0.0005,,0,,,0.3,0,0,0,122.63,11.29,58.45,8.4
10,5,10005,1.55,0,96.78,0,21.39,0,225.55,0.5,81.87,6.68,213.77,18.78,0.0119,,0.11,41.48,5.891335431,0.3,75.45,16.82,0,564.06,51.94,0,491.75
10,6,10006,0.03,1.41,0.17,0,3.65,0,4.1,0.01,0.07,0.01,0.17,0.02,0,,0,,,0.3,0,0,0,0,0,32.29,147.92
10,7,10007,0.89,,50.51,0,124.67,0,45.71,0.29,158.67,12.94,414.31,36.39,0.0231,,0.08,,,,0,0,0,144.52,13.31,0.18,221.05
10,8,10008,0.09,2.58,5.48,0,13.14,0,13.73,0.03,7.21,0.59,18.82,1.65,0.001,,0,,,0.3,0,0,0,54.34,5,1.01,474.33
10,9,10009,0.03,0.47,0.26,0,4.43,0,4.38,0.01,0.17,0.01,0.43,0.04,0,,0,7.39,,,0,0,0,0,0,0,4.51
10,10,10010,0.01,,0.07,0,1.88,0,1.8,0,0.03,0,0.09,0.01,0,,0,,,0.3,0,0,0,0,0,1.02,47.63
10,11,10011,0.01,,0.11,0,2.22,0,2.07,0,0.03,0,0.09,0.01,0,,0,,,,0,0,0,0,0,1.91,1.79
10,12,10012,0.38,0,8.84,0,50.86,0,24.79,0.12,48.37,3.95,126.31,11.09,0.007,,0.01,,,0.3,0,0,0,133.35,12.28,0,151.61
10,13,10013,0.07,0.23,2.78,0,8.8,0,9.82,0.02,1.53,0.12,4,0.35,0.0002,,0,,,0.3,0,0,0,340.23,31.33,0,106.07
10,14,10014,0.09,1.88,0.27,0,8.99,0,12.88,0.03,0.13,0.01,0.35,0.03,0,,0,142.98,,,0,0,0,0,0,0,31.57
10,15,10015,0.04,0,0.48,0,0.5,0,5.21,0.01,0.09,0.01,0.22,0.02,0,,0,,,0.3,0,0,0,0,0,0,66.52
10,16,10016,0.05,,0.69,0,0.72,0,7.42,0.02,4,0.33,10.44,0.92,0.0006,,0,,,0.3,0,0,0,0,0,0,147.88
10,17,10017,0.03,,0.82,0,4.18,0,3.95,0.01,0.36,0.03,0.93,0.08,0.0001,,0,,,,0,0,0,35.64,3.28,0.05,9.24
10,18,10018,0.03,0,1.55,0,4.9,0,4.5,0.01,0.39,0.03,1.02,0.09,0.0001,,0,,,,0,0,0,0,0,7.69,6.84
10,19,10019,0.01,0.7,0.05,0,1.53,0,1.95,0,0,0,0.01,0,0,,0,21.86,,,0,0,0,0,0,0,6.09
10,20,10020,0.03,2.11,1.12,0,5.03,0,64.62,0.01,0.92,0.08,2.41,0.21,0.0001,,0,,,0.3,0,0,0,53.59,4.94,0,241.82
10,21,10021,0.03,,0.69,0,4.05,0,4.04,0.01,0.32,0.03,0.83,0.07,0,,0,,,0.3,0,0,0,100.7,9.27,0,197.45
10,22,10022,0.07,0.7,1.78,0,0.93,0,10.05,0.02,0.63,0.05,1.65,0.14,0.0001,,0,,,0.3,0,0,0,0,0,0,294.23
10,23,10023,0.14,0.23,4.99,0,16.12,0,73.09,0.04,8.75,0.71,22.85,2.01,0.0013,,0,105.49,,,0,0,0,0,0,0,3.42
10,24,10024,0.03,,1.25,0,4.48,0,4.81,0.01,0.24,0.02,0.63,0.06,0,,0,,,0.3,0,0,0,0,0,0,64.31
10,25,10025,0.01,,0.1,0,1.75,0,18.42,0,0.03,0,0.07,0.01,0,,0,,,,0,0,0,0,0,20.51,10.49
10,26,10026,0.06,0,0.57,0,6.9,0,8.27,0.02,0.71,0.06,1.86,0.16,0.0001,,0,19.47,,,0,0,0,0,0,0,31.97
10,27,10027,0.02,0,0.37,0,2.26,0,2.51,0.01,0.6,0.05,1.57,0.14,0.0001,,0,,,0.3,0,0,0,110.67,10.19,0,40.98
10,28,10028,0.03,0.47,0.7,0,4.31,0,4.55,0.01,0.27,0.02,0.69,0.06,0,,0,,,0.3,0,0,0,0,0,0,121.94
10,29,10029,0.01,,0.14,0,0.84,0,0.86,0,0.04,0,0.11,0.01,0,,0,,,0.3,0,0,0,0,0,0,41.84
10,30,10030,0,,0.06,0,0.68,0,0.64,0,0.01,0,0.04,0,0,,0,,,,0,0,0,0,0,0,38.24
10,31,10031,0.02,,0.52,0,2.67,0,29.14,0.01,0.05,0,0.14,0.01,0,,0,,,0.3,0,0,0,0,0,23.95,173.1
10,32,10032,0.12,0.47,5.11,0,1.69,0,17.79,0.04,4.45,0.36,11.62,1.02,0.0006,,0,49.34,,0.3,0,0,0,163.51,15.06,0,248.67
10,33,10033,0.02,0.94,0.47,0,2.76,0,2.97,0.01,0.16,0.01,0.41,0.04,0,,0,,,0.3,0,0,0,0,0,0,74.55
10,34,10034,0.08,0,0.39,0,8.2,0,11.09,0.02,0.42,0.03,1.09,0.1,0.0001,,0,30.08,,,0,0,0,0,0,0,0
10,35,10035,0.03,0.47,1.3,0,5.1,0,4.97,0.01,0.63,0.05,1.63,0.14,0.0001,,0,12.94,,0.3,0,0,0,48.11,4.43,0.24,58.21
10,36,10036,0.06,,1.29,0,0.82,0,8.51,0.02,8.34,0.68,21.77,1.91,0.0012,,0,,,,0,0,0,0,0,0.08,78.02
10,37,10037,0.02,,0.18,0,2.83,0,49.1,0.01,1.22,0.1,3.18,0.28,0.0002,,0,2.41,,0.3,0,0,0,0,0,0,9.29
10,38,10038,0.06,,4.56,0,8.51,0,5.41,0.02,1.67,0.14,4.37,0.38,0.0002,,0,,,0.3,0,0,0,0,0,0,153.89
10,39,10039,0.07,,2.55,0,0.94,0,10.38,0.02,3.58,0.29,9.35,0.82,0.0005,,0,,,0.3,0,0,0,0,0,0.45,341.62
11,1,11001,0.23,0.56,1.3,0.03,34.11,0.35,33.02,0.07,4.14,0.15,11.87,0.29,0.0006,,0,,,2.5,0,0,0,40.78,3.76,3.91,334.88
11,2,11002,0.3,0.4,3.55,0.08,50.91,0,43.58,0.1,7.51,0.27,21.53,0.52,0.0011,,0,,,2.5,0,0,0,137.78,12.69,0.84,143.2
11,3,11003,0.41,0.8,4.77,0.1,59.75,0,59.66,0.13,14.76,0.54,42.33,1.02,0.0021,,0,9.69,,2.5,0,0,0,132.49,12.2,0.08,123.75
11,4,11004,0.17,0.08,1.55,0.03,2.65,0,24.82,0.06,4.77,0.17,13.68,0.33,0.0007,,0,2.29,,2.5,0,0,0,0,0,3.41,185.62
11,5,11005,0.22,,1.1,0.02,33.43,0,31.63,0.07,21.4,0.78,61.37,1.48,0.0031,,0,,,2.5,0,0,0,87.3,8.04,0,111.91
11,6,11006,0.01,,0.02,0,2.36,0,2.16,0,0.01,0,0.04,0,0,,0,,,,0,0,0,0,0,32.2,0
11,7,11007,1.22,,19.86,0.43,205.52,0,178.11,0.4,124.41,4.55,356.74,8.59,0.0181,,0,3.98,,2.5,0,0,0,112.65,10.37,0.02,207.89
11,8,11008,0.1,0,0.81,0.02,1.72,0,14.7,0.03,1.92,0.07,5.51,0.13,0.0003,,0,2.45,,2.5,0,0,0,0,0,1.94,220.35
11,9,11009,0.21,,1.32,0.03,29.24,0,30.06,0.07,2.84,0.1,8.15,0.2,0.0004,,0,,,2.5,0,0,0,38.8,3.57,0.03,141.07
11,10,11010,0.03,,0.32,0.01,5.59,0,4.7,0.01,1.66,0.06,4.77,0.11,0.0002,,0,,,,0,0,0,0,0,0.13,22.07
11,11,11011,0.24,0,2.86,0.06,37.03,0,35.62,0.08,10.46,0.38,30,0.72,0.0015,,0,,,2.5,0,0,0,0,0,0.02,129.98
11,12,11012,0.07,0,0.72,0.02,11.18,0,10.26,0.02,0.84,0.03,2.41,0.06,0.0001,,0,8.48,,2.5,0,0,0,0,0,0,66.77
11,13,11013,0.06,0.72,0.22,0,9.01,0,9.12,0.02,0.5,0.02,1.44,0.03,0.0001,,0,,,,0,0,0,0,0,2.85,83.36
11,14,11014,0.4,0,2.85,0.06,5.66,0,57.66,0.13,16.47,0.6,47.21,1.14,0.0024,,0,0.47,,2.5,0,0,0,136.9,12.61,128.11,158.7
11,15,11015,0.45,0,5.27,0.11,70.33,0,65.68,0.15,6.44,0.24,18.47,0.44,0.0009,,0,9.76,197.5474723,2.5,0,0,0,0,0,0,34.47
11,16,11016,0.05,0.08,0.35,0.01,0.84,0,7.9,0.02,0.46,0.02,1.32,0.03,0.0001,,0,0.2,,2.5,0,0,0,0,0,24.38,67.72
11,17,11017,1.36,0.16,18.9,0.41,211.57,0,198.33,0.44,90.7,3.32,260.07,6.26,0.0132,,0,4.89,,2.5,0,0,0,106.92,9.85,0.38,391.67
11,18,11018,0.09,,0.71,0.02,15.39,0,13.61,0.03,1.27,0.05,3.64,0.09,0.0002,,0,,,2.5,0,0,0,0,0,0.06,102.28
11,19,11019,0.14,0.24,0.61,0.01,22.83,0,19.76,0.04,0.84,0.03,2.41,0.06,0.0001,,0,,,2.5,0,0,0,0,0,140,204.56
11,20,11020,3.75,1.43,54.61,1.19,572.24,0,547.37,1.22,451.07,16.51,1293.37,31.16,0.0655,,0,6.8,,2.5,0,0,0,64.15,5.91,0.13,253.64
11,21,11021,0.14,,3.92,0.09,24.84,0,20.02,0.04,17.93,0.66,51.42,1.24,0.0026,,0,,,,0,0,0,0,0,0,10.97
11,22,11022,0.06,0.24,0.35,0.01,8.9,0,8.81,0.02,0.56,0.02,1.62,0.04,0.0001,,0,2.35,,2.5,0,0,0,0,0,6.15,109.51
11,23,11023,0.41,0.16,3.07,0.07,64.36,0,59.17,0.13,15.38,0.56,44.11,1.06,0.0022,,0,4.84,,2.5,0,0,0,164.89,15.19,0,458.75
11,24,11024,0.03,,0.37,0.01,4.74,0,4.18,0.01,0.45,0.02,1.29,0.03,0.0001,,0,,,2.5,0,0,0,0,0,0.67,30.27
11,25,11025,0.16,0.16,0.73,0.02,24.3,0,23.94,0.05,19.92,0.73,57.11,1.38,0.0029,,0,,,2.5,0,0,0,22.49,2.07,0,125.8
11,26,11026,0.15,0,0.94,0.02,22.28,0,21.66,0.05,2.13,0.08,6.12,0.15,0.0003,,0,0.33,,2.5,0,0,0,0,0,9.35,216.7
11,27,11027,0.69,0.16,8.04,0.18,114.89,0,100.05,0.22,54.16,1.98,155.29,3.74,0.0079,,0,,,2.5,0,0,0,48.94,4.51,0.84,358.69
11,28,11028,0.27,0.56,2.97,0.06,46.01,0,39.58,0.09,8.42,0.31,24.14,0.58,0.0012,,0,,,2.5,0,0,0,37.92,3.49,0,208.33
11,29,11029,0.1,0,0.3,0.01,14.98,0,14.73,0.03,0.97,0.04,2.77,0.07,0.0001,,0,13.63,,,0,0,0,75.83,6.98,0.2,52.62
11,30,11030,0.28,0.4,1.66,0.04,38.71,0,41.07,0.09,2.67,0.1,7.64,0.18,0.0004,,0,8.48,,2.5,0,0,0,128.52,11.84,16.21,278.92
11,31,11031,0.3,1.51,3.48,0.08,45.92,0,44.21,0.1,50.11,1.83,143.68,3.46,0.0073,,0,,,2.5,0,0,0,0,0,59.91,152.38
11,32,11032,0.17,0,1.47,0.03,26.61,0,25.36,0.06,20.31,0.74,58.24,1.4,0.003,,0,,,,0,0,0,58.86,5.42,9.69,135.83
11,33,11033,0.3,0.08,2.6,0.06,40.88,0,43.41,0.1,5.85,0.21,16.78,0.4,0.0009,,0,,,,0,0,0,142.85,13.16,0,149.55
11,34,11034,0.01,,0.09,0,2.12,0,1.95,0,0.13,0,0.38,0.01,0,,0,,,,0,0,0,0,0,1.27,3.24
11,35,11035,0.21,0.16,1.67,0.04,29.41,0,30.12,0.07,8.5,0.31,24.37,0.59,0.0012,,0,1.17,,2.5,0,0,0,0,0,0,141.07
11,36,11036,0.02,,0.12,0,3.44,0,2.74,0.01,0.18,0.01,0.52,0.01,0,,0,,,2.5,0,0,0,0,0,3.93,24.11
11,37,11037,0.43,0.48,4.09,0.09,60.96,0,63.01,0.14,48.94,1.79,140.32,3.38,0.0071,,0,2.35,,2.5,195.12,33.25,0,87.3,8.04,0.92,138.35
11,38,11038,0.03,,0.26,0.01,5.19,0,4.39,0.01,0.49,0.02,1.41,0.03,0.0001,,0,,,2.5,0,0,0,20.94,1.93,0.19,27.84
11,39,11039,0.1,0.08,0.72,0.02,16.83,0,14.14,0.03,2.03,0.07,5.82,0.14,0.0003,,0,,,2.5,0,0,0,26.23,2.42,0.09,110.89
11,40,11040,0.05,,0.09,0,6.53,0,6.91,0.02,0.21,0.01,0.6,0.01,0,,0,,,,0,0,0,0,0,0.24,4.92
11,41,11041,0.16,1.2,2.91,0.06,26.66,0,22.73,0.05,8.27,0.3,23.72,0.57,0.0012,,0,,,,0,0,0,0,0,2.61,8.76
11,42,11042,0.38,1.04,3,0.07,58.46,0,54.8,0.12,4.29,0.16,12.31,0.3,0.0006,,0,,,2.5,0,0,0,0,0,0,395.54
11,43,11043,0.06,0.24,0.15,0,8.19,0,8.19,0.02,0.24,0.01,0.68,0.02,0,,0,,,,0,0,0,0,0,5.07,7.97
11,44,11044,0.15,,1.39,0.03,21.76,0,21.27,0.05,21.32,0.78,61.12,1.47,0.0031,,0,,,2.5,0,0,0,40.12,3.69,0,121.8
11,45,11045,0.03,,0.11,0,4.76,0,4.54,0.01,0.09,0,0.26,0.01,0,,0,,,,0,0,0,0,0,0.86,1.46
11,46,11046,0.19,0.08,1.48,0.03,32.12,0,27.17,0.06,3.2,0.12,9.18,0.22,0.0005,,0,,,2.5,0,0,0,0,0,55.76,96.22
12,1,12001,2.11,0.23,22.33,0,192.81,0,64.9,0.69,31.09,0.48,0,0.03,0.0045,,0,32.67,11.17694275,,114.15,21.9,440.45,0,0,0,7.22
12,2,12002,0.07,,0.04,0,0.47,0,9.86,0.02,0.09,0,0,0,0,,0,,,,0,0,0,0,0,0.21,1.94
12,3,12003,0.11,0,0.31,0,8.28,0,16.05,0.04,1.33,0.02,0,0,0.0002,,0,1.6,,,0,0,0,0,0,0,5.73
12,4,12004,0.05,,0.05,0,3.04,0,6.95,0.02,0.08,0,0,0,0,,0,,,,0,0,0,0,0,0,1.37
12,5,12005,0.02,,0.06,0,1.41,0,2.5,0.01,0.12,0,0,0,0,,0,,,,0,0,0,0,0,0,0.24
12,6,12006,0.04,,0.16,0,2.98,0,5.3,0.01,0.46,0.01,0,0,0.0001,,0,,,,0,0,0,0,0,0,1.3
12,7,12007,0.09,0.23,0.59,0,7.74,0,13.45,0.03,1.73,0.03,0,0,0.0003,,0,,,,0,0,0,0,0,0,2.42
12,8,12008,0.02,,0.06,0,1.94,0,3.28,0.01,0.16,0,0,0,0,,0,,,,0,0,0,0,0,0,0.96
12,9,12009,0.02,,0.01,0,1.06,0,2.2,0,0,0,0,0,0,,0,0.58,,,0,0,0,0,0,0,0.6
12,10,12010,0.07,,0.07,0,5.02,0,10.01,0.02,0.22,0,0,0,0,,0,8.94,,,0,0,0,0,0,0,1.23
12,11,12011,0.17,,0.68,0,15.65,0,25.03,0.06,1.54,0.02,0,0,0.0002,,0,28.73,,,0,0,0,0,0,0,4.81
12,12,12012,0.16,,0.38,0,11.5,0,23.97,0.05,0.88,0.01,0,0,0.0001,,0,5.26,,,0,0,0,0,0,0.03,3.25
12,13,12013,0.04,,0.11,0,3.4,0,5.76,0.01,0.31,0,0,0,0,,0,,,,0,0,0,0,0,0,1.45
12,14,12014,0.04,0,0.15,0,0.44,0,6.19,0.01,0.63,0.01,0,0,0.0001,,0,,,,0,0,0,0,0,1.06,0.49
12,15,12015,0.04,,0.16,0,3.42,0,5.2,0.01,6.82,0.1,0,0.01,0.001,,0,0.83,,,0,0,0,59.07,5.44,0,0.41
12,16,12016,0.04,,0.04,0,3.23,0,5.69,0.01,0.1,0,0,0,0,,0,,,,0,0,0,0,0,0,1.87
12,17,12017,0.04,,0.13,0,3.77,0,5.95,0.01,0.61,0.01,0,0,0.0001,,0,,,,0,0,0,66.87,6.16,0.14,1.5
12,18,12018,0.03,,0.11,0,3.02,0,5.09,0.01,0.46,0.01,0,0,0.0001,,0,,,,0,0,0,0,0,0,0.98
12,19,12019,0.04,,0.05,0,2.76,0,5.89,0.01,11.34,0.17,0,0.01,0.0016,,0,,,,0,0,0,0,0,0.07,1.07
12,20,12020,0.05,,0.04,0,3.55,0,7.42,0.02,0.17,0,0,0,0,,0,,,,0,0,0,0,0,0.48,1.11
12,21,12021,0.2,0,0.46,0,18.13,0,36.31,0.07,1.21,0.02,0,0,0.0002,,0,44.77,,,0,0,0,0,0,4.6,6.23
12,22,12022,0.12,0,0.23,0,10.74,0,17.98,0.04,1.01,0.02,0,0,0.0001,,0,5.41,,,0,0,0,0,0,0,6.93
12,23,12023,0.07,,0.36,0,5.77,0,10.08,0.02,1.08,0.02,0,0,0.0002,,0,,,,0,0,0,0,0,0,1.39
12,24,12024,0.02,,0.03,0,1.6,0,2.92,0.01,0.05,0,0,0,0,,0,,,,0,0,0,0,0,0,0.72
12,25,12025,0.04,,0.04,0,3.29,0,6.23,0.01,0.14,0,0,0,0,,0,,,,0,0,0,0,0,0,2.21
12,26,12026,0.03,,0.04,0,2.32,0,3.8,0.01,0.12,0,0,0,0,,0,,,,0,0,0,0,0,0,0.9
12,27,12027,0.06,0.23,0.17,0,5.8,0,8.88,0.02,0.54,0.01,0,0,0.0001,,0,,,,0,0,0,0,0,0.39,3.35
12,28,12028,0.31,,1.18,0,23.63,0,45.03,0.1,7.18,0.11,0,0.01,0.001,,0,1.01,,,0,0,0,0,0,18.86,4.64
12,29,12029,0.63,0,4.85,0,52.08,0,91.74,0.2,8.51,0.13,0,0.01,0.0012,,0,257.22,,,0,0,0,0,0,0,3.24
12,30,12030,0.05,,0.24,0,4.31,0,8.01,0.02,0.41,0.01,0,0,0.0001,,0,,,,0,0,0,0,0,0,1.24
12,31,12031,0.02,,0.03,0,1.52,0,2.74,0.01,0.09,0,0,0,0,,0,,,,0,0,0,0,0,0,1.04
12,32,12032,0.1,,0.1,0,6.91,0,14.8,0.03,0.37,0.01,0,0,0.0001,,0,8.89,,,0,0,0,0,0,0,4.42
12,33,12033,0.04,0,0.12,0,3.52,0,5.91,0.01,0.33,0.01,0,0,0,,0,1.71,,,0,0,0,0,0,0.52,0.82
12,34,12034,0.1,,0.52,0,9.67,0,15.01,0.03,3.46,0.05,0,0,0.0005,,0,10.43,,,0,0,0,0,0,1.7,3.14
12,35,12035,0.38,0,4.3,0,33.86,0,55.01,0.12,10.3,0.16,0,0.01,0.0015,,0,,,,0,0,0,36.92,3.4,0.34,2.13
12,36,12036,0.03,,0.06,0,2.22,0,4.42,0.01,0.18,0,0,0,0,,0,,,,0,0,0,0,0,0.06,1.23
12,37,12037,0.02,,0.05,0,1.54,0,2.61,0.01,0.72,0.01,0,0,0.0001,,0,,,,0,0,0,0,0,2.01,0.59
12,38,12038,0.31,0,3.99,0,29.7,0,44.8,0.1,4.79,0.07,0,0,0.0007,,0,,,,63.94,10.64,0,0,0,0.97,2.5
12,39,12039,0.07,0,0.35,0,5.71,0,9.77,0.02,1.36,0.02,0,0,0.0002,,0,12,,,0,0,0,0,0,0,1.85
12,40,12040,0.07,0,0.15,0,5.01,0,9.84,0.02,13.24,0.2,0,0.01,0.0019,,0,2.82,,,0,0,0,0,0,0,2.67
12,41,12041,0.08,,0.03,0,5.4,0,11.4,0.03,0.03,0,0,0,0,,0,13.27,,,0,0,0,0,0,0,1.83
12,42,12042,0.04,0.23,0.05,0,3.53,0,6.54,0.01,0.15,0,0,0,0,,0,1.52,,,0,0,0,0,0,0,1.16
12,43,12043,0.05,,0.04,0,3.47,0,7.45,0.02,0.02,0,0,0,0,,0,1.44,,,0,0,0,0,0,0,1.6
12,44,12044,0.03,,0.06,0,2.73,0,4.59,0.01,0.17,0,0,0,0,,0,22.36,,,0,0,0,0,0,0,1
12,45,12045,0.07,,0.13,0,4.82,0,9.61,0.02,0.71,0.01,0,0,0.0001,,0,,,,0,0,0,0,0,0.25,1.66
12,46,12046,0.16,,0.66,0,12.63,0,23.68,0.05,3.53,0.05,0,0,0.0005,,0,,,,0,0,0,0,0,0,3.57
12,47,12047,0.02,,0.03,0,1.57,0,2.99,0.01,0.03,0,0,0,0,,0,,,,0,0,0,0,0,0.86,1.02
12,48,12048,0.13,,0.7,0,11.48,0,19.05,0.04,1.84,0.03,0,0,0.0003,,0,3.01,,,0,0,14.35,0,0,0.55,3.31
12,49,12049,0.03,,0.08,0,2.98,0,4.73,0.01,0.98,0.01,0,0,0.0001,,0,,,,0,0,0,0,0,0.02,1.05
12,50,12050,0.11,,1.46,0,0.9,0,15.62,0.03,5.13,0.08,0,0,0.0007,,0,0.09,,,0,0,0,0,0,0,0.57
12,51,12051,0.1,,0.15,0,7.6,0,14.29,0.03,0.3,0,0,0,0,,0,3.25,,,0,0,0,0,0,0,2.99
12,52,12052,0.12,0,0.2,0,8.39,0,17.94,0.04,0.74,0.01,0,0,0.0001,,0,5.37,,,0,0,0,0,0,0,5.76
12,53,12053,0.13,,0.45,0,11.26,0,19.25,0.04,1.43,0.02,0,0,0.0002,,0,,,,0,0,0,0,0,0.12,6.7
12,54,12054,0.08,,0.08,0,5.56,0,11.58,0.03,0.28,0,0,0,0,,0,11.41,,,0,0,0,0,0,32.02,3.69
12,55,12055,0.29,0,2.64,0,25.87,0,42.34,0.09,33.33,0.51,0,0.03,0.0048,,0,,,,0,0,0,0,0,0,2.24
12,56,12056,0.13,,0.14,0,9.32,0,18.25,0.04,0.42,0.01,0,0,0.0001,,0,10.88,,,0,0,0,0,0,0,2.57
12,57,12057,0.17,0,0.89,0,16.23,0,24.77,0.06,6.05,0.09,0,0.01,0.0009,,0,41.28,,,0,0,0,0,0,0.3,3.45
12,58,12058,0.15,0,0.62,0,0.13,0,22.12,0.05,1.68,0.03,0,0,0.0002,,0,,,,0,0,0,0,0,0.49,3.18
12,59,12059,0.09,0,0.15,0,7.86,0,12.42,0.03,2.95,0.05,0,0,0.0004,,0,,,,0,0,0,0,0,0,2.13
12,60,12060,0.04,,0.04,0,0.31,0,5.44,0.01,0.63,0.01,0,0,0.0001,,0,8.22,,,0,0,0,0,0,3.37,0.81
12,61,12061,0.11,,0.52,0,0.87,0,15.97,0.04,1.41,0.02,0,0,0.0002,,0,2.34,,,0,0,0,0,0,0,0.91
12,62,12062,0.05,,0.05,0,3.54,0,7.73,0.02,1.71,0.03,0,0,0.0002,,0,0.51,,,0,0,0,0,0,0,2.27
12,63,12063,0.03,,0.02,0,1.9,0,3.74,0.01,0.06,0,0,0,0,,0,,,,0,0,0,0,0,0,0.5
12,64,12064,0.03,,0.1,0,3.2,0,4.83,0.01,0.71,0.01,0,0,0.0001,,0,,,,0,0,0,0,0,0,1.36
12,65,12065,0.02,,0.05,0,0.02,0,2.8,0.01,0.07,0,0,0,0,,0,,,,0,0,0,0,0,0.75,0.63
12,66,12066,0.19,0,1,0,13.95,0,28.16,0.06,1.69,0.03,0,0,0.0002,,0,10.24,,,0,0,0,0,0,0,1.85
12,67,12067,0.06,,0.22,0,5.28,0,8.99,0.02,1.04,0.02,0,0,0.0002,,0,,,,0,0,0,0,0,0,1.72
12,68,12068,0.07,0.23,0.16,0,6.53,0,10.81,0.02,0.28,0,0,0,0,,0,0.46,,,0,0,0,0,0,0,1.89
12,69,12069,0.04,,0.04,0,0.24,0,5.4,0.01,0.02,0,0,0,0,,0,,,,0,0,0,0,0,0,0.43
12,70,12070,0.02,,0.07,0,0.18,0,3,0.01,0.1,0,0,0,0,,0,,,,0,0,0,0,0,0,0.3
12,71,12071,0.07,,0.09,0,5.61,0,10.78,0.02,1.82,0.03,0,0,0.0003,,0,,,,0,0,0,0,0,0,2.14
12,72,12072,0.03,,0.02,0,2.1,0,4.11,0.01,0.02,0,0,0,0,,0,,,,0,0,0,0,0,0.05,0.51
12,73,12073,0.06,,0.14,0,5.1,0,8.59,0.02,0.37,0.01,0,0,0.0001,,0,,,,0,0,0,0,0,0,4.2
12,74,12074,0.06,,0.08,0,4.51,0,8.44,0.02,0.76,0.01,0,0,0.0001,,0,,,,0,0,0,0,0,18.72,1.61
12,75,12075,0.12,0.47,0.34,0,8.81,0,17.27,0.04,7.74,0.12,0,0.01,0.0011,,0,6.77,,,0,0,0,0,0,0,2.16
12,76,12076,0.08,,0.02,0,6.05,0,12.22,0.03,0.02,0,0,0,0,,0,,,,0,0,0,0,0,0,1.28
12,77,12077,0.03,,0.16,0,2.96,0,5.05,0.01,0.45,0.01,0,0,0.0001,,0,,,,0,0,0,0,0,0,0
12,78,12078,0.05,,0.01,0,3.11,0,6.67,0.01,0,0,0,0,0,,0,,,,0,0,0,0,0,0,0
12,79,12079,0.04,,0,0,0.28,0,6.18,0.01,0.06,0,0,0,0,,0,,,,0,0,0,0,0,0,0
12,80,12080,0.02,,0,0,1.59,0,2.67,0.01,0,0,0,0,0,,0,,,,0,0,0,0,0,0,0
12,81,12081,0.03,,0,0,2.15,0,4.3,0.01,0,0,0,0,0,,0,,,,0,0,0,0,0,0.16,0
13,1,13001,0.05,0.27,0.37,0,10.67,0.17,7.67,0.02,0.67,0.06,1.19,0.27,0.0001,,0,1.1,,0.05,0,0,0,0,0,0,32.72
13,2,13002,0.1,,0.99,0.01,16.8,0,14.94,0.03,1.17,0.1,2.07,0.46,0.0002,,0,1.84,,,0,0,0,0,0,0.02,7.66
13,3,13003,0.14,,6.58,0.06,28.75,0,20.78,0.05,10.44,0.93,18.43,4.14,0.0015,,0,,,0.05,0,0,0,0,0,1.87,34.38
13,4,13004,0.02,,0.43,0,5.07,0,3.62,0.01,0.27,0.02,0.47,0.11,0,,0,0.11,,,0,0,0,0,0,0.12,13.07
13,5,13005,0.05,,1.44,0.01,9.71,0,6.9,0.02,6.3,0.56,11.12,2.5,0.0009,,0,,,0.05,0,0,0,61.76,5.69,0.05,76.1
13,6,13006,0.05,0,0.45,0,10.57,0,7.22,0.02,0.47,0.04,0.84,0.19,0.0001,,0,,,0.05,0,0,0,0,0,0.01,78.68
13,7,13007,0.03,,0.33,0,6.41,0,4.56,0.01,0.71,0.06,1.26,0.28,0.0001,,0,1.95,,,0,0,0,22.76,2.1,0.2,126.91
13,8,13008,0.12,,3.66,0.03,24.13,0,16.81,0.04,4.71,0.42,8.32,1.87,0.0007,,0,,,0.05,0,0,0,57.86,5.33,0.06,256.04
13,9,13009,0.04,,0.36,0,0.85,0,6.44,0.01,0.33,0.03,0.59,0.13,0,,0,0.06,,,0,0,0,0,0,0,15.92
13,10,13010,0.07,0,1.6,0.01,14.59,0,4.36,0.02,41.77,3.71,73.7,16.56,0.0061,,0,,,0.05,0,0,0,17.23,1.59,0.02,18.48
13,11,13011,0.06,0,0.46,0,9.82,0,8.04,0.02,0.27,0.02,0.47,0.11,0,,0,,,0.05,0,0,0,0,0,0,0.59
13,12,13012,0.07,0,1.76,0.01,14.57,0,10.2,0.02,0.98,0.09,1.72,0.39,0.0001,,0,0.08,,0.05,0,0,0,0,0,7.27,59.26
13,13,13013,0.08,0.33,2.53,0.02,15.53,0,7.45,0.03,4.79,0.43,8.46,1.9,0.0007,,0,,,0.05,0,0,0,22.11,2.04,0,20.99
13,14,13014,0.05,,0.57,0,9.87,0,6.77,0.02,0.24,0.02,0.42,0.09,0,,0,0.21,,0.05,0,0,0,0,0,0.15,0
13,15,13015,0.05,0,0.11,0,9.43,0,6.8,0.02,0.18,0.02,0.33,0.07,0,,0,0.28,,,0,0,0,0,0,0,14.13
13,16,13016,0.13,0,2.29,0.02,26.14,0,19.83,0.04,4.97,0.44,8.78,1.97,0.0007,,0,0.45,,0.05,0,0,0,60.14,5.54,0.09,106.52
13,17,13017,0.03,0,0.28,0,0.07,0,4.88,0.01,0.82,0.07,1.45,0.33,0.0001,,0,,,,0,0,0,32.83,3.02,0.04,26.23
13,18,13018,0.06,,0.65,0.01,11.9,0,8.81,0.02,0.28,0.03,0.5,0.11,0,,0,,,0.05,0,0,0,0,0,0,0
13,19,13019,0.04,,0.19,0,8.95,0,6.55,0.01,0.07,0.01,0.13,0.03,0,,0,,,0.05,0,0,0,0,0,0,47.32
13,20,13020,0.01,0.11,0.04,0,1.72,0,1.04,0,0.01,0,0.02,0,0,,0,,,,0,0,0,0,0,0,5.54
13,21,13021,0.04,,0.93,0.01,7.51,0,5.27,0.01,1.98,0.18,3.49,0.78,0.0003,,0,,,,0,0,0,49.74,4.58,0.36,29.3
13,22,13022,0.03,0.11,0.21,0,7.17,0,7.45,0.01,0.62,0.05,1.09,0.24,0.0001,,0,1.13,,,0,0,0,0,0,0.14,95.9
13,23,13023,0.09,,1.84,0.02,17.1,0,12.62,0.03,0.79,0.07,1.39,0.31,0.0001,,0,,,,0,0,0,0,0,0,65.54
13,24,13024,0.04,0.22,0.34,0,8.83,0,6.51,0.01,0.08,0.01,0.13,0.03,0,,0,0.08,,,0,0,0,0,0,0.02,56.36
13,25,13025,0.07,0.27,0.36,0,12.55,0,9.65,0.02,0.68,0.06,1.21,0.27,0.0001,,0,,,0.05,0,0,0,0,0,0,4.65
13,26,13026,0.03,,0.05,0,5.69,0,5.08,0.01,0,0,0.01,0,0,,0,,,0.05,0,0,0,0,0,0,0
13,27,13027,0.07,,0.4,0,12.3,0,9.82,0.02,0.24,0.02,0.43,0.1,0,,0,,,0.05,0,0,0,0,0,3.97,0
13,28,13028,0.34,0,8.98,0.08,57.71,0,49.59,0.11,4.3,0.38,7.58,1.7,0.0006,,0,,,0.05,0,0,0,0,0,22.61,10.88
13,29,13029,0.12,0.05,2.71,0.02,23.61,0,17.02,0.04,7.35,0.65,12.96,2.91,0.0011,,0,,,,0,0,0,89.72,8.26,0,98.4
13,30,13030,0.22,0.16,7.71,0.06,44.07,0,31.65,0.07,2.92,0.26,5.15,1.16,0.0004,,0,,,0.05,0,0,0,0,0,0.07,111.65
13,31,13031,0.04,0.16,0.83,0.01,8.16,0,5.16,0.01,0.24,0.02,0.42,0.09,0,,0,,,,0,0,0,0,0,0,11.37
13,32,13032,0.03,0,0.38,0,5.38,0,4.4,0.01,1.47,0.13,2.59,0.58,0.0002,,0,,,0.05,0,0,0,0,0,0,0
13,33,13033,0.01,,0.04,0,1.99,0,1.21,0,0.01,0,0.02,0,0,,0,0.32,,,0,0,0,0,0,21.67,0
13,34,13034,0.03,,0.03,0,5.24,0,4.09,0.01,0.01,0,0.02,0,0,,0,1.83,,0.05,0,0,0,0,0,1.53,0
13,35,13035,0.03,0,0.36,0,5.49,0,3.97,0.01,0.55,0.05,0.96,0.22,0.0001,,0,0.07,,,0,0,0,32.18,2.96,0,60.62
13,36,13036,0.03,0.11,0.22,0,5.79,0,3.67,0.01,0.12,0.01,0.22,0.05,0,,0,0.02,,,0,0,0,0,0,0,7.42
13,37,13037,0.06,0,0.39,0,13.33,0,8.62,0.02,0.18,0.02,0.33,0.07,0,,0,,,,0,0,0,0,0,0,59.04
13,38,13038,0.02,,0.12,0,4.15,0,2.88,0.01,0.01,0,0.02,0,0,,0,0.01,,,0,0,0,0,0,2.57,6.87
13,39,13039,0.04,,1.02,0.01,6.99,0,1.93,0.01,0.42,0.04,0.74,0.17,0.0001,,0,0.47,,,0,0,0,0,0,0,2.62
13,40,13040,0.03,,0.11,0,6.48,0,4.32,0.01,0.05,0,0.08,0.02,0,,0,,,,0,0,0,0,0,4.03,0
13,41,13041,0.11,0.05,3.55,0.03,22.55,0,16.17,0.04,2.61,0.23,4.61,1.04,0.0004,,0,,,0.05,0,0,0,0,0,0,97.1
13,42,13042,0.03,,0.42,0,6.49,0,4.45,0.01,0.17,0.02,0.3,0.07,0,,0,,,0.05,0,0,0,0,0,0.3,0
13,43,13043,0.02,,0.07,0,3.84,0,2.66,0.01,0.05,0,0.09,0.02,0,,0,,,,0,0,0,0,0,0,0.59
13,44,13044,0.04,0,0.25,0,9.76,0,6.47,0.01,0.35,0.03,0.61,0.14,0.0001,,0,,,,0,0,0,136.53,12.57,0,52.9
13,45,13045,0.02,,0.19,0,4.4,0,3.22,0.01,0.03,0,0.05,0.01,0,,0,0.2,,,0,0,0,0,0,0,5.14
13,46,13046,0.11,,1.19,0.01,20.19,0,16.48,0.04,1.61,0.14,2.84,0.64,0.0002,,0,,,0.05,0,0,0,0,0,0,2.27
13,47,13047,0.01,,0.05,0,2.94,0,1.94,0,0,0,0,0,0,,0,,,,0,0,0,0,0,85.25,1.16
13,48,13048,0.81,,48.55,0.41,178.15,0,4.39,0.26,26.52,2.36,46.8,10.52,0.0039,,0.03,0.81,20.81558641,0.05,0,0,0,37.71,3.47,0,39.6
13,49,13049,0.05,,0.29,0,9.08,0,7.37,0.02,0.2,0.02,0.36,0.08,0,,0,0.03,,,0,0,0,0,0,11.39,1.19
13,50,13050,0.06,,2.97,0.02,11.6,0,8.42,0.02,1.94,0.17,3.42,0.77,0.0003,,0,,,0.05,0,0,0,0,0,14.28,38.5
13,51,13051,0.2,,4.48,0.04,45.87,0,7.83,0.07,17.91,1.59,31.61,7.1,0.0026,,0.01,0.68,,,0,0,0,33.48,3.08,0.21,36.28
13,52,13052,0.08,0.05,1.32,0.01,15.4,0,14.74,0.03,1.49,0.13,2.63,0.59,0.0002,,0,7.12,,0.05,0,0,0,64.37,5.93,0,61.3
13,53,13053,0.05,,0.45,0,0.97,0,7.64,0.02,0.16,0.01,0.28,0.06,0,,0,0.61,,0.05,0,0,0,0,0,0.12,0
13,54,13054,0.08,,0.46,0,16.43,0,12.26,0.03,0.26,0.02,0.45,0.1,0,,0,,,0.05,0,0,0,0,0,0.01,58.11
13,55,13055,0.04,0.6,0.21,0,8.54,0,6.02,0.01,0.51,0.05,0.9,0.2,0.0001,,0,,,,0,0,0,0,0,0,22.63
13,56,13056,0.09,0,1.14,0.01,17.81,0,6.95,0.03,3.95,0.35,6.96,1.56,0.0006,,0,3.08,,0.05,0,0,0,34.46,3.17,0.22,9.15
13,57,13057,0.04,0,0.62,0.01,7.93,0,5.63,0.01,1.12,0.1,1.98,0.45,0.0002,,0,3.46,,0.05,0,0,0,73.14,6.74,0,129.28
13,58,13058,0.05,,0.59,0,9.84,0,6.61,0.01,0.11,0.01,0.19,0.04,0,,0,,,,0,0,0,0,0,0.18,43.28
13,59,13059,0.09,0.38,0.97,0.01,18.79,0,13.54,0.03,0.61,0.05,1.07,0.24,0.0001,,0,,,,0,0,0,52.99,4.88,0,106.14
13,60,13060,0.05,,0.44,0,8.88,0,6.76,0.02,0.14,0.01,0.24,0.05,0,,0,,,0.05,0,0,0,0,0,0.27,6.13
13,61,13061,0.15,,6,0.05,3.21,0,21.35,0.05,11.65,1.03,20.56,4.62,0.0017,,0,0.07,,0.05,0,0,0,60.79,5.6,0.05,89.3
13,62,13062,0.08,,0.05,0,13.73,0,11.67,0.03,0,0,0,0,0,,0,,,0.05,0,0,0,0,0,0.25,0
13,63,13063,0.2,0.6,6.12,0.05,41.61,0,29.87,0.07,65.02,5.77,114.74,25.78,0.0094,,0,,,0.05,0,0,0,35.43,3.26,0.03,72.97
13,64,13064,0.03,0.05,0.2,0,5.8,0,3.81,0.01,0.15,0.01,0.26,0.06,0,,0,,,,0,0,0,60.14,5.54,0,26.01
13,65,13065,0.03,,0.53,0,5.64,0,4.15,0.01,0.33,0.03,0.58,0.13,0,,0,,,0.05,0,0,0,0,0,0.98,15.79
13,66,13066,0.03,,0.89,0.01,6.16,0,4.59,0.01,2.5,0.22,4.41,0.99,0.0004,,0,,,,0,0,0,37.71,3.47,0.05,37.89
13,67,13067,0.12,,3.06,0.03,24.25,0,17.95,0.04,1.38,0.12,2.44,0.55,0.0002,,0,0.92,,0.05,0,0,0,0,0,0,85.84
13,68,13068,0.04,,0.13,0,8.44,0,5.77,0.01,0.04,0,0.07,0.02,0,,0,0.19,,0.05,0,0,0,0,0,0.19,0
13,69,13069,0.17,,7.91,0.07,33.78,0,8.17,0.05,43.36,3.85,76.5,17.19,0.0063,,0,,,0.05,0,0,0,61.83,5.69,0.13,0
13,70,13070,0.05,,1.58,0.01,8.82,0,3.01,0.01,1.03,0.09,1.82,0.41,0.0001,,0,,,,0,0,0,0,0,0,22.78
13,71,13071,0.03,,0.04,0,0.65,0,3.97,0.01,0.01,0,0.02,0,0,,0,,,,0,0,0,0,0,0.33,2.56
13,72,13072,0.03,,0.61,0.01,5.37,0,3.71,0.01,0.7,0.06,1.24,0.28,0.0001,,0,,,,0,0,0,36.41,3.35,0,41.59
13,73,13073,0.1,,0.62,0.01,17.6,0,14.43,0.03,0.29,0.03,0.52,0.12,0,,0,,,0.05,0,0,0,0,0,0,0
13,74,13074,0.07,,2.64,0.02,13.83,0,0.86,0.02,3.1,0.28,5.47,1.23,0.0005,,0,,,0.05,0,0,0,33.16,3.05,0,41.51
13,75,13075,0.03,,0.93,0.01,0.07,0,5.03,0.01,2.33,0.21,4.11,0.92,0.0003,,0,7.45,,0.05,0,0,0,0,0,11.03,52.89
13,76,13076,0.27,0.05,13.4,0.11,59.23,0,20.42,0.09,12.52,1.11,22.09,4.96,0.0018,,0,,,0.05,0,0,0,142.06,13.08,5.83,97.09
13,77,13077,0.38,0.05,21.46,0.18,77.86,0,11.05,0.12,20.86,1.85,36.81,8.27,0.003,,0,3.16,,0.05,0,0,0,61.11,5.63,0.01,44.3
13,78,13078,0.05,0,0.16,0,8.84,0,7.78,0.02,0.07,0.01,0.13,0.03,0,,0,,,0.05,0,0,0,0,0,5.32,1.58
13,79,13079,0.02,,0.08,0,4.5,0,2.98,0.01,0.01,0,0.03,0.01,0,,0,,,0.05,0,0,0,0,0,0.01,0
13,80,13080,0.07,0,0.27,0,11.49,0,9.52,0.02,0.08,0.01,0.13,0.03,0,,0,,,0.05,0,0,0,0,0,0,0.79
13,81,13081,0.08,,1.74,0.01,16.8,0,11.13,0.02,6.09,0.54,10.75,2.41,0.0009,,0,0.84,,0.05,0,0,0,0,0,0,0
13,82,13082,0.05,0.05,1.18,0.01,9.93,0,0.05,0.02,4.31,0.38,7.6,1.71,0.0006,,0,0.23,,0.05,0,0,0,0,0,2.95,72.2
13,83,13083,0.08,0.05,0.74,0.01,16.94,0,15.58,0.03,1.08,0.1,1.91,0.43,0.0002,,0,0.34,,0.05,0,0,0,96.87,8.92,14.59,179.62
13,84,13084,0.1,0.11,2.72,0.02,20.81,0,14.77,0.03,1.71,0.15,3.01,0.68,0.0002,,0,0.28,,,0,0,0,0,0,0,16.58
14,1,14001,0.05,0.18,0.27,0.01,1.3,0.08,7.94,0.02,3.82,0,10.95,0.35,0.0006,,0,,,6.87,0,0,0,0,0,0.44,91.3
14,2,14002,0.07,,0.52,0.01,15.37,0.1,9.65,0.02,3.13,0,8.99,0.29,0.0005,,0,,,6.87,0,0,0,62.44,5.75,0,26.59
14,3,14003,0.06,,0.6,0.02,16.73,0.1,9.19,0.02,1.69,0,4.85,0.15,0.0002,,0,1.17,,6.87,0,0,0,38.95,3.59,0,88.31
14,4,14004,0.01,,0.07,0,3.92,0.02,2.17,0,0.16,0,0.46,0.01,0,,0,,,6.87,0,0,0,49.76,4.58,0,23.8
14,5,14005,0.04,,0.43,0.01,9.63,0.06,5.75,0.01,3.44,0,9.87,0.31,0.0005,,0,2.37,,6.87,0,0,0,27.2,2.5,0,54.39
14,6,14006,0.16,,1.49,0.04,43.48,0.24,23.2,0.05,4.82,0,13.82,0.44,0.0007,,0,0.51,,6.87,0,0,0,0,0,0,157.56
14,7,14007,0.02,,0.1,0,6.65,0.04,3.59,0.01,0.36,0,1.03,0.03,0.0001,,0,0.51,,6.87,0,0,0,32.15,2.96,0,46.56
14,8,14008,0.24,,2.02,0.05,56.79,0.36,34.34,0.08,18.13,0.02,51.97,1.65,0.0026,,0,,,6.87,0,0,0,0,0,0.32,203.09
14,9,14009,0.04,,0.29,0.01,1.07,0.07,6.45,0.01,1.86,0,5.33,0.17,0.0003,,0,3.67,,6.87,0,0,0,77.89,7.17,0,44.19
14,10,14010,0.02,,0.1,0,4.14,0.03,2.67,0.01,0.36,0,1.03,0.03,0.0001,,0,1.35,,6.87,0,0,0,0,0,0,23.46
14,11,14011,0.01,,0.04,0,3.6,0.02,2.11,0,0.14,0,0.41,0.01,0,,0,4.36,,,0,0,0,0,0,0,89.78
14,12,14012,0.01,0,0.06,0,3.47,0.02,1.76,0,0.04,0,0.11,0,0,,0,8.21,,,0,0,0,0,0,0.02,41.87
14,13,14013,0.15,0,1.49,0.04,37.67,0.24,22.36,0.05,6.98,0.01,20,0.63,0.001,,0,,,6.87,0,0,0,0,0,0,217.25
14,14,14014,0.02,,0.15,0,6.53,0.04,3.37,0.01,0.89,0,2.56,0.08,0.0001,,0,31.65,,6.87,0,0,0,0,0,0.49,45.97
14,15,14015,0.16,0,1.93,0.05,4.18,0.24,22.81,0.05,6.76,0.01,19.38,0.61,0.001,,0,3.23,,6.87,0,0,0,0,0,0,105.8
14,16,14016,0.1,0,0.56,0.01,24.46,0.16,15.05,0.03,7.06,0.01,20.23,0.64,0.001,,0,,,6.87,0,0,0,0,0,0,156.96
14,17,14017,0.04,0,0.32,0.01,0.92,0.06,5.23,0.01,0.74,0,2.13,0.07,0.0001,,0,0.79,,,0,0,0,0,0,0.49,93.82
14,18,14018,0.18,0,1.71,0.04,43.17,0.27,25.69,0.06,5.51,0.01,15.8,0.5,0.0008,,0,,,6.87,0,0,0,55.94,5.15,0,324.91
14,19,14019,0.01,,0.04,0,3.1,0.02,2.15,0,0.04,0,0.11,0,0,,0,17.3,,,0,0,0,0,0,0,10.78
14,20,14020,0.03,,0.09,0,7.01,0.04,3.87,0.01,2.13,0,6.12,0.19,0.0003,,0,3.09,,,0,0,0,0,0,0.21,293.64
14,21,14021,0.06,,0.47,0.01,15.08,0.09,8.1,0.02,4.15,0,11.91,0.38,0.0006,,0,9.62,,6.87,0,0,0,0,0,0.7,207.63
14,22,14022,0.09,,1.38,0.04,23.83,0.14,12.95,0.03,0.91,0,2.6,0.08,0.0001,,0,,,,0,0,0,0,0,6.11,110.56
14,23,14023,0.28,0,4.24,0.11,71.43,0.43,41.14,0.09,11.68,0.01,33.48,1.06,0.0017,,0,11.04,,6.87,0,0,0,0,0,0.06,110.09
14,24,14024,0.07,,0.66,0.02,19.68,0.11,10.76,0.02,2.27,0,6.51,0.21,0.0003,,0,0.48,,6.87,0,0,0,0,0,0,86.52
14,25,14025,0.05,,0.48,0.01,12.66,0.07,7.03,0.02,1.02,0,2.94,0.09,0.0001,,0,0.61,,,0,0,0,0,0,0,28.87
14,26,14026,0.02,,0.12,0,4.16,0.02,2.24,0,0.51,0,1.46,0.05,0.0001,,0,39.72,,,0,0,0,0,0,0,37.04
14,27,14027,0.05,,0.08,0,11.82,0.07,7.03,0.02,0.11,0,0.31,0.01,0,,0,6.36,,6.87,0,0,0,0,0,0,287.73
14,28,14028,0.01,0,0.04,0,1.6,0.01,0.87,0,0.12,0,0.35,0.01,0,,0,1.66,,,0,0,0,0,0,0,16.16
14,29,14029,0.05,0,0.22,0.01,11.95,0.07,6.95,0.02,0.14,0,0.39,0.01,0,,0,,,,0,0,0,0,0,0,170.27
14,30,14030,0.13,,1.63,0.04,33.67,0.2,18.56,0.04,3.12,0,8.93,0.28,0.0005,,0,,,6.87,0,0,0,0,0,0,27.81
14,31,14031,0.01,,0.03,0,2.4,0.02,1.45,0,0.09,0,0.24,0.01,0,,0,2.09,,,0,0,0,0,0,0,12.38
14,32,14032,0.01,,0.07,0,3.29,0.02,2.18,0,0.36,0,1.03,0.03,0.0001,,0,2.48,,6.87,0,0,0,0,0,14.81,34.58
14,33,14033,0.06,0,0.4,0.01,14.18,0.09,8.21,0.02,3.02,0,8.66,0.27,0.0004,,0,,,6.87,0,0,0,0,0,0,71.24
14,34,14034,0.01,,0.03,0,1.74,0.01,0.81,0,0.06,0,0.18,0.01,0,,0,5.93,,,0,0,0,0,0,3.52,20.78
14,35,14035,0.14,,0.93,0.02,33.79,0.21,20.3,0.05,4.46,0,12.8,0.41,0.0006,,0,,,,0,0,0,140.63,12.95,0.02,226.7
14,36,14036,0.05,,0.47,0.01,13.22,0.08,7.52,0.02,1.89,0,5.41,0.17,0.0003,,0,,,6.87,0,0,0,13.29,1.22,1.51,56.56
14,37,14037,0.06,,0.97,0.02,17.11,0.1,9.35,0.02,1.87,0,5.36,0.17,0.0003,,0,0.47,,6.87,0,0,0,0,0,0,45.48
14,38,14038,0.01,0.18,0.03,0,3.47,0.02,1.77,0,0.08,0,0.23,0.01,0,,0,18.9,,,0,0,0,0,0,237.24,40.39
14,39,14039,4.7,,100.9,2.58,1190.06,7.23,0.04,1.53,540.49,0.54,1549.76,49.14,0.0785,,0.17,,87.26441226,,759.31,97.76,0,29.98,2.76,0.05,0
14,40,14040,0.02,,0.06,0,5.81,0.04,3.52,0.01,0.08,0,0.23,0.01,0,,0,,,,0,0,0,90.56,8.34,0,23.89
14,41,14041,0.02,,0.16,0,4.37,0.02,2.24,0.01,0.77,0,2.22,0.07,0.0001,,0,,,,0,0,0,0,0,0,11.54
14,42,14042,0.02,,0.23,0.01,5.99,0.04,3.39,0.01,0.25,0,0.72,0.02,0,,0,1.02,,,0,0,0,0,0,3.71,22.06
14,43,14043,0.06,,0.42,0.01,15.98,0.09,8.63,0.02,0.66,0,1.89,0.06,0.0001,,0,6.9,,6.87,0,0,0,0,0,1.36,291.28
14,44,14044,0.07,,0.42,0.01,17.04,0.11,8.58,0.02,12.57,0.01,36.05,1.14,0.0018,,0,0.33,,6.87,0,0,0,42.65,3.93,1.07,64.51
14,45,14045,0.05,,0.42,0.01,13.36,0.08,7.78,0.02,1.1,0,3.15,0.1,0.0002,,0,,,,0,0,0,0,0,0.09,142.25
14,46,14046,0.08,,0.71,0.02,20.14,0.13,12.19,0.03,4.82,0,13.83,0.44,0.0007,,0,,,,0,0,0,0,0,0.23,48.86
14,47,14047,0.06,0.18,0.5,0.01,15.19,0.1,9.09,0.02,2.25,0,6.45,0.2,0.0003,,0,,,6.87,0,0,0,0,0,1.09,113.34
14,48,14048,0.05,0,0.25,0.01,12.84,0.08,7.66,0.02,2.81,0,8.05,0.26,0.0004,,0,,,6.87,0,0,0,0,0,0,153.36
14,49,14049,0.03,0.18,0.04,0,6.37,0.04,3.67,0.01,0.09,0,0.26,0.01,0,,0,29.2,,,0,0,0,0,0,0.21,165.11
14,50,14050,0.11,,0.76,0.02,25.07,0.17,16.26,0.04,2.04,0,5.86,0.19,0.0003,,0,,,,0,0,0,0,0,0,85.86
14,51,14051,0.03,,0.17,0,8.61,0.05,3.08,0.01,0.51,0,1.46,0.05,0.0001,,0,1.46,,6.87,0,0,0,0,0,0,25.09
14,52,14052,0.02,,0.11,0,4.31,0.02,2.26,0.01,0.36,0,1.02,0.03,0.0001,,0,,,,0,0,0,0,0,3.72,45.11
14,53,14053,0.41,0.36,3.2,0.08,9.31,0.63,59.96,0.13,40.58,0.04,116.36,3.69,0.0059,,0,,,,0,0,0,35.24,3.24,0,412.59
14,54,14054,0.02,0.18,0.1,0,0.51,0.02,2.32,0.01,0.1,0,0.29,0.01,0,,0,,,6.87,0,0,0,0,0,0.32,29.5
14,55,14055,0.06,0.18,0.43,0.01,13.29,0.09,8.1,0.02,1.59,0,4.56,0.14,0.0002,,0,2.1,,6.87,0,0,0,66.45,6.12,0,39.62
14,56,14056,0.01,,0.02,0,2.04,0.01,1.14,0,0,0,0,0,0,,0,,,,0,0,0,0,0,0.04,43.69
14,57,14057,0.01,,0.08,0,3,0.02,1.55,0,0.22,0,0.63,0.02,0,,0,1.54,,,0,0,0,0,0,0,17
14,58,14058,0.04,0,0.41,0.01,10.54,0.06,5.63,0.01,1,0,2.87,0.09,0.0001,,0,2.32,,6.87,0,0,0,0,0,0.01,70.78
14,59,14059,0.03,0,0.35,0.01,0.83,0.05,5,0.01,0.5,0,1.43,0.05,0.0001,,0,17.01,,6.87,0,0,0,0,0,0,26.47
14,60,14060,0.02,,0.08,0,5.07,0.03,2.61,0.01,0.19,0,0.56,0.02,0,,0,1.08,,,0,0,0,0,0,0,26.36
14,61,14061,0.05,,0.1,0,10.35,0.07,6.71,0.01,0.2,0,0.58,0.02,0,,0,22.55,,6.87,0,0,0,0,0,0,26.04
14,62,14062,0.01,0,0.05,0,2.65,0.01,1.4,0,0.15,0,0.44,0.01,0,,0,28.37,,,0,0,0,0,0,3.79,31.51
14,63,14063,0.26,,3.39,0.09,66.48,0.4,6.82,0.09,25.45,0.03,72.98,2.31,0.0037,,0,,,6.87,0,0,0,107.56,9.91,0,108
14,64,14064,0.08,0,0.49,0.01,18.18,0.13,12.03,0.03,1.04,0,2.98,0.09,0.0002,,0,,,6.87,0,0,0,0,0,0,143.1
14,65,14065,0.03,,0.29,0.01,9.74,0.05,5,0.01,0.52,0,1.5,0.05,0.0001,,0,0.16,,6.87,0,0,0,0,0,0.96,104.85
14,66,14066,0.13,0.18,0.85,0.02,28.62,0.2,14.1,0.04,16.1,0.02,46.17,1.46,0.0023,,0,17.87,,6.87,0,0,0,102.93,9.48,8.84,103.63
14,67,14067,0.65,0,14.91,0.38,17.35,1,6.08,0.21,9.38,0.01,26.9,0.85,0.0014,,0,0.07,,,330.67,51.95,138.58,0,0,0,293.58
14,68,14068,0.03,,0.13,0,8.79,0.05,4.7,0.01,0.18,0,0.5,0.02,0,,0,9.36,,6.87,0,0,0,0,0,0,542.98
14,69,14069,0.02,,0.03,0,0.7,0.04,3.64,0.01,0.06,0,0.18,0.01,0,,0,16.96,,6.87,0,0,0,0,0,0.66,109.19
14,70,14070,0.33,0,2.54,0.07,75.69,0.5,4.92,0.11,102.42,0.1,293.67,9.31,0.0149,,0.02,,,,0,0,0,34.31,3.16,0,15.08
14,71,14071,0.01,,0.03,0,2.35,0.01,1.37,0,0.02,0,0.07,0,0,,0,,,,0,0,0,0,0,0,30.4
14,72,14072,0.02,,0.14,0,4.23,0.03,2.65,0.01,0.56,0,1.6,0.05,0.0001,,0,,,6.87,0,0,0,0,0,0.72,33.88
14,73,14073,0.17,,2.53,0.06,38.74,0.26,24.46,0.05,3.36,0,9.64,0.31,0.0005,,0,,,,0,0,0,0,0,0,171.12
14,74,14074,0.04,,0.59,0.02,0.95,0.06,5.56,0.01,1.93,0,5.53,0.18,0.0003,,0,,,6.87,0,0,0,0,0,0,18.96
14,75,14075,0.01,,0.05,0,2.68,0.02,1.51,0,0.21,0,0.6,0.02,0,,0,14.76,,6.87,0,0,0,0,0,36.4,23.91
14,76,14076,0.01,,0.06,0,2.34,0.01,1.37,0,0.03,0,0.1,0,0,,0,64.3,,,0,0,0,0,0,0.07,9.16
14,77,14077,0.07,,0.64,0.02,19.86,0.11,10.33,0.02,1.82,0,5.22,0.17,0.0003,,0,,,6.87,0,0,0,0,0,0.32,178.86
14,78,14078,0.08,,0.82,0.02,19.08,0.12,11.55,0.03,10.99,0.01,31.52,1,0.0016,,0,,,,0,0,0,0,0,9.85,58.16
14,79,14079,0.04,,0.22,0.01,0.87,0.06,5.45,0.01,2.17,0,6.21,0.2,0.0003,,0,13.63,,6.87,0,0,0,46.05,4.24,2.48,41.87
14,80,14080,0.02,,0.02,0,4.46,0.03,2.41,0.01,0.05,0,0.15,0,0,,0,,,,0,0,0,0,0,0,42.58
14,81,14081,0.01,,0.02,0,3.14,0.02,1.58,0,0.03,0,0.08,0,0,,0,0.16,,,0,0,0,0,0,0,10.74
14,82,14082,0.1,0,0.86,0.02,24.54,0.16,14.88,0.03,3.62,0,10.38,0.33,0.0005,,0,24.42,,6.87,0,0,0,35.24,3.24,5,50.01
14,83,14083,0.17,,1.05,0.03,42.6,0.25,24.11,0.05,4.7,0,13.46,0.43,0.0007,,0,207.56,,6.87,0,0,0,84.69,7.8,0,116.17
14,84,14084,0.04,,0.35,0.01,10.18,0.06,5.83,0.01,0.88,0,2.52,0.08,0.0001,,0,16.68,,,0,0,0,0,0,0,67.58
14,85,14085,0.11,0,0.81,0.02,30.01,0.16,15.41,0.03,4.43,0,12.7,0.4,0.0006,,0,46.54,,6.87,0,0,0,0,0,0,127.28
14,86,14086,0.05,0.18,0.33,0.01,1.03,0.07,6.88,0.02,1.37,0,3.93,0.12,0.0002,,0,,,6.87,0,0,0,0,0,0,43.84
14,87,14087,0.05,,0.46,0.01,12.52,0.07,6.87,0.02,1.27,0,3.63,0.12,0.0002,,0,19.31,,6.87,0,0,0,0,0,54.03,80.39
14,88,14088,0.04,,0.4,0.01,12.21,0.07,6.42,0.01,1.66,0,4.77,0.15,0.0002,,0,10.88,,,0,0,0,0,0,0,78.08
14,89,14089,0.01,,0.04,0,2.45,0.01,1.3,0,0.06,0,0.18,0.01,0,,0,,,,0,0,0,40.49,3.73,0,12.86
14,90,14090,0.02,,0.17,0,5.88,0.03,3.02,0.01,0.41,0,1.18,0.04,0.0001,,0,,,,0,0,0,0,0,0.22,73.27
14,91,14091,0.11,,0.81,0.02,27.55,0.17,15.84,0.04,1.88,0,5.38,0.17,0.0003,,0,,,,0,0,0,0,0,0,152.27
14,92,14092,0.03,,0.13,0,8.52,0.05,4.38,0.01,0.4,0,1.16,0.04,0.0001,,0,,,6.87,0,0,0,0,0,5.36,91.85
14,93,14093,0.37,,4.69,0.12,91.04,0.57,54.23,0.12,19.73,0.02,56.58,1.79,0.0029,,0,1.97,,,0,0,0,0,0,0.06,275.03
14,94,14094,0.11,,0.98,0.03,2.57,0.17,16.5,0.04,4.89,0,14.03,0.45,0.0007,,0,5.56,,6.87,0,0,0,87.47,8.06,0,74.06
14,95,14095,0.02,,0.11,0,0.63,0.03,3.32,0.01,0.14,0,0.39,0.01,0,,0,0.14,,6.87,0,0,0,34.93,3.22,0,36.09
14,96,14096,0.06,,0.53,0.01,1.45,0.09,8.17,0.02,0.83,0,2.37,0.08,0.0001,,0,,,,0,0,0,0,0,0.13,33.94
14,97,14097,0.65,0.18,3.9,0.1,158.87,1,23.49,0.21,122.57,0.12,351.46,11.15,0.0178,,0,4.3,,6.87,0,0,0,99.22,9.14,25.38,136.56
14,98,14098,1.65,0,13.66,0.35,384.91,2.54,2.76,0.54,92.19,0.09,264.35,8.38,0.0134,,0.07,,,,0,0,0,45.74,4.21,0,39.69
14,99,14099,0.03,,0.13,0,6.36,0.04,3.75,0.01,0.26,0,0.73,0.02,0,,0,0.14,,,0,0,0,0,0,0.59,54.09
14,100,14100,0.09,,0.65,0.02,24.2,0.14,13.62,0.03,0.68,0,1.96,0.06,0.0001,,0,28,,,0,0,0,0,0,1.54,231.64
14,101,14101,1.2,,7.39,0.19,266.5,1.85,14.64,0.39,41.81,0.04,119.88,3.8,0.0061,,0.06,,,6.87,0,0,0,0,0,0,16.6
14,102,14102,0.02,,0.14,0,4.53,0.03,2.38,0.01,1.14,0,3.26,0.1,0.0002,,0,0.37,,,0,0,0,0,0,2.01,56.82
14,103,14103,0.02,0,0.15,0,5.81,0.03,3.07,0.01,0.34,0,0.97,0.03,0,,0,2.36,,6.87,0,0,0,32.15,2.96,0,25.64
14,104,14104,0.01,,0.06,0,3.82,0.02,1.81,0,0.18,0,0.5,0.02,0,,0,0.11,,,0,0,0,0,0,0,19.24
14,105,14105,0.06,,0.36,0.01,1.49,0.09,8.44,0.02,1.4,0,4.01,0.13,0.0002,,0,,,6.87,0,0,0,0,0,0,114.74
14,106,14106,0.01,,0.04,0,2.93,0.02,1.61,0,0.08,0,0.23,0.01,0,,0,0,,,0,0,0,0,0,0,38.67
14,107,14107,0.02,,0.1,0,4.49,0.03,2.47,0.01,0.18,0,0.53,0.02,0,,0,,,,0,0,0,0,0,64.36,12.42
14,108,14108,0.1,,0.78,0.02,23.12,0.15,13.9,0.03,4.41,0,12.63,0.4,0.0006,,0,0.23,,6.87,0,0,0,125.18,11.53,0,173.54
14,109,14109,0.05,0,0.24,0.01,10.83,0.07,6.63,0.01,2.29,0,6.57,0.21,0.0003,,0,,,6.87,0,0,0,68.93,6.35,0,72.25
14,110,14110,0.04,,0.38,0.01,10.56,0.06,5.62,0.01,0.72,0,2.07,0.07,0.0001,,0,0.23,,6.87,0,0,0,0,0,0.15,86.06
14,111,14111,0.02,,0.11,0,4.53,0.03,2.59,0.01,0.29,0,0.84,0.03,0,,0,1.08,,,0,0,0,0,0,0.01,29.33
14,112,14112,0.02,,0.14,0,4.49,0.02,2.23,0,0.53,0,1.51,0.05,0.0001,,0,,,,0,0,0,0,0,0,18.48
14,113,14113,0.04,,0.16,0,10.24,0.06,5.73,0.01,1,0,2.86,0.09,0.0001,,0,0.85,,6.87,0,0,0,0,0,1.37,111.9
14,114,14114,0.04,,0.4,0.01,12,0.07,6.51,0.01,1.09,0,3.11,0.1,0.0002,,0,,,6.87,0,0,0,0,0,0,32.09
14,115,14115,0.02,,0.14,0,0.42,0.02,2.22,0,0.35,0,1.01,0.03,0.0001,,0,1.81,,,0,0,0,0,0,0.34,17.64
14,116,14116,0.05,,1.02,0.03,12.39,0.08,7.41,0.02,2.49,0,7.13,0.23,0.0004,,0,,,,0,0,0,0,0,0,48.12
14,117,14117,0.01,,0.05,0,0.35,0.02,1.7,0,0.01,0,0.03,0,0,,0,,,,0,0,0,0,0,0.8,27.16
14,118,14118,0.07,,0.55,0.01,19.36,0.1,9.82,0.02,1.62,0,4.65,0.15,0.0002,,0,,,,0,0,0,0,0,55.25,78.37
14,119,14119,0.07,,0.71,0.02,18.6,0.12,10.93,0.02,2.42,0,6.94,0.22,0.0004,,0,0.09,,6.87,0,0,0,86.85,8,128.91,77.66
14,120,14120,3.39,0.36,36.96,0.95,861.04,5.22,12.45,1.1,301.33,0.3,864.03,27.4,0.0438,,0.13,211.16,,6.87,0,0,0,77.89,7.17,69.83,136.01
14,121,14121,0.08,0,0.72,0.02,20.94,0.12,11.69,0.03,4.58,0,13.14,0.42,0.0007,,0,0.91,,6.87,0,0,0,57.18,5.27,0,99.15
14,122,14122,0.02,,0.08,0,4.7,0.03,2.72,0.01,0.15,0,0.44,0.01,0,,0,0.05,,6.87,0,0,0,0,0,0,36.63
14,123,14123,0.05,,0.11,0,1.19,0.07,6.97,0.02,12.75,0.01,36.57,1.16,0.0019,,0,,,6.87,0,0,0,0,0,0,124.88
14,124,14124,0.16,,1.9,0.05,40.48,0.25,23.91,0.05,8.81,0.01,25.25,0.8,0.0013,,0,,,6.87,0,0,0,0,0,0.01,119.64
15,1,15001,0.17,,1.34,0.01,32.31,0.53,24.35,0.05,2.72,0.02,4.8,1.13,0.0004,,0,2.23,,0.17,0,0,0,0,0,14.28,0
15,2,15002,0.23,0,5.32,0.05,45.34,0.72,6.17,0.07,15.54,0.13,27.42,6.47,0.0023,,0,0.1,,0.17,0,0,0,75.16,6.92,1,0
15,3,15003,0.12,,0.85,0.01,23.51,0.38,17.34,0.04,1.77,0.01,3.13,0.74,0.0003,,0,0.31,,0.17,0,0,0,0,0,0,0
15,4,15004,0.04,,0.77,0.01,8.43,0.13,6.08,0.01,0.31,0,0.55,0.13,0,,0,2.12,,,0,0,0,0,0,0.3,0
15,5,15005,0.37,2.87,3.18,0.03,68.15,1.18,66.58,0.12,5.97,0.05,10.53,2.48,0.0009,,0,0.68,,,0,0,0,50.54,4.65,0,0
15,6,15006,0.03,,0.49,0,5.53,0.08,3.83,0.01,2.94,0.02,5.18,1.22,0.0004,,0,,,,0,0,0,0,0,0.01,0
15,7,15007,0.06,,0.28,0,11.45,0.19,8.71,0.02,0.12,0,0.22,0.05,0,,0,1.92,,0.17,0,0,0,0,0,0.04,0
15,8,15008,0.08,,1.01,0.01,1.63,0.25,11.57,0.03,0.49,0,0.87,0.21,0.0001,,0,6.17,,0.17,0,0,0,0,0,0,0
15,9,15009,0.14,0,3.59,0.03,28.58,0.45,8.35,0.05,1.9,0.02,3.36,0.79,0.0003,,0,3.75,,0.17,0,0,0,17.58,1.62,32.81,0
15,10,15010,0.08,0,2.05,0.02,15.03,0.24,7.45,0.02,2.81,0.02,4.95,1.17,0.0004,,0,,,0.17,0,0,0,20.22,1.86,0,0
15,11,15011,0.13,0.41,2.06,0.02,22.93,0.4,7.83,0.04,3.78,0.03,6.66,1.57,0.0005,,0,,,,0,0,0,0,0,0,0
15,12,15012,0.03,,0.75,0.01,0.48,0.08,3.82,0.01,2.03,0.02,3.59,0.85,0.0003,,0,,,,0,0,0,0,0,6.88,0
15,13,15013,1.39,,32.95,0.31,300.81,4.44,0.52,0.45,78.13,0.63,137.86,32.52,0.0114,,0,1.12,,,0,0,0,0,0,1.12,0
15,14,15014,0.23,0,8.53,0.08,4.42,0.73,33.33,0.07,26.52,0.21,46.79,11.04,0.0039,,0,0.98,,0.17,0,0,0,36.04,3.32,0,526.33
15,15,15015,0.07,,1.06,0.01,13.23,0.23,2.27,0.02,0.71,0.01,1.26,0.3,0.0001,,0,0.12,,,0,0,0,4.83,0.45,0,0
15,16,15016,0.06,0,0.63,0.01,13.31,0.21,6.7,0.02,1.15,0.01,2.03,0.48,0.0002,,0,0.24,,0.17,0,0,0,84.39,7.77,0.31,0
15,17,15017,0.02,,0.12,0,0.4,0.06,2.74,0.01,0.54,0,0.95,0.23,0.0001,,0,0.05,,0.17,0,0,0,27.69,2.55,5.76,0
15,18,15018,0.11,,2.09,0.02,19.41,0.36,8.9,0.04,2.72,0.02,4.8,1.13,0.0004,,0,0.28,,,0,0,0,0,0,0.2,0
15,19,15019,0.09,0,3.24,0.03,17.26,0.29,13.21,0.03,5.81,0.05,10.25,2.42,0.0008,,0,0.09,,,0,0,0,0,0,0.25,0
15,20,15020,0.84,,21.51,0.2,192.09,2.68,0.1,0.27,10.43,0.08,18.4,4.34,0.0015,,0,1.28,,,0,0,0,0,0,0.03,0
15,21,15021,0.09,,1.23,0.01,18.05,0.3,13.64,0.03,0.57,0,1.01,0.24,0.0001,,0,3.33,,0.17,0,0,0,0,0,0,151.59
15,22,15022,0.04,,0.58,0.01,6.42,0.11,2.33,0.01,0.22,0,0.38,0.09,0,,0,0.02,,0.17,0,0,0,0,0,0.34,0
15,23,15023,0.12,0.41,2.15,0.02,2.16,0.37,2.76,0.04,1.29,0.01,2.27,0.53,0.0002,,0,,,,0,0,0,24.61,2.27,0.13,0
15,24,15024,0.32,,10.63,0.1,70.86,1.04,6.28,0.11,35.43,0.29,62.52,14.75,0.0051,,0,,,,0,0,0,33.84,3.12,1.06,0
15,25,15025,0.76,0.41,21.35,0.2,143.43,2.42,9.74,0.25,28.73,0.23,50.69,11.95,0.0042,,0,2.06,,0.17,0,0,0,72.96,6.72,0.35,0
15,26,15026,0.06,,0.41,0,12.64,0.2,9.31,0.02,1.78,0.01,3.15,0.74,0.0003,,0,1.14,,0.17,0,0,0,0,0,0,0
15,27,15027,0.02,,0.36,0,3.78,0.06,0.39,0.01,0.17,0,0.3,0.07,0,,0,,,,0,0,0,0,0,0.03,0
15,28,15028,0.07,0.82,0.84,0.01,12.16,0.21,6.45,0.02,1.64,0.01,2.9,0.68,0.0002,,0,,,,0,0,0,26.81,2.47,37.09,0
15,29,15029,0.5,0,6.92,0.07,106.92,1.6,1.2,0.16,5.62,0.05,9.91,2.34,0.0008,,0,0.19,,0.17,0,0,0,0,0,0,0
15,30,15030,0.06,,8.84,0.08,9.82,0.18,0.51,0.02,1.26,0.01,2.22,0.52,0.0002,,0,,,,0,0,0,0,0,0.96,0
15,31,15031,1.54,0,31.01,0.29,29.92,4.93,0.97,0.5,16.94,0.14,29.89,7.05,0.0025,,0,,,0.17,0,0,0,25.05,2.31,0.51,0
15,32,15032,0.09,,0.52,0,1.5,0.28,12.69,0.03,0.19,0,0.34,0.08,0,,0,6.38,,0.17,0,0,0,0,0,36.95,0
15,33,15033,4.95,,136.06,1.28,1011.99,15.85,0.59,1.61,237.57,1.92,419.2,98.87,0.0345,,0,0.96,,,0,0,0,96.69,8.9,0.34,0
15,34,15034,0.02,2.05,0.29,0,3.96,0.08,1.64,0.01,0.21,0,0.37,0.09,0,,0,0.04,,,0,0,0,0,0,0.86,0
15,35,15035,0.18,,2.46,0.02,36.21,0.56,6.56,0.06,16.89,0.14,29.81,7.03,0.0025,,0,,,0.17,0,0,0,49.23,4.53,0.27,0
15,36,15036,0.11,,1.56,0.01,20.15,0.34,8.28,0.03,1.3,0.01,2.29,0.54,0.0002,,0,,,0.17,0,0,0,0,0,63.75,0
15,37,15037,0.66,,15.42,0.15,138.42,2.1,20.89,0.21,5.76,0.05,10.16,2.4,0.0008,,0,2.41,,,0,0,0,96.69,8.9,1.7,0
15,38,15038,0.03,,0.46,0,5.07,0.08,5.81,0.01,0.18,0,0.31,0.07,0,,0.01,0.26,,,0,0,0,0,0,91.99,0
15,39,15039,1.26,0.41,19.52,0.18,262.52,4.03,6.49,0.41,35.04,0.28,61.83,14.58,0.0051,,0,7.62,,0.17,0,0,0,0,0,0.04,0
15,40,15040,0.09,,5.39,0.05,18.1,0.28,12.88,0.03,0.86,0.01,1.52,0.36,0.0001,,0,0.81,,,0,0,0,0,0,0,0
15,41,15041,0.02,0,0.17,0,3.78,0.06,2.72,0.01,0.04,0,0.08,0.02,0,,0,4.35,,,0,0,0,0,0,0.18,0
15,42,15042,0.37,,6.64,0.06,66.93,1.19,54.18,0.12,9.71,0.08,17.14,4.04,0.0014,,0,0.49,,0.17,0,0,0,133.61,12.3,0.5,0
15,43,15043,0.06,,1.1,0.01,10.35,0.19,8.57,0.02,0.78,0.01,1.38,0.33,0.0001,,0,0.53,,,0,0,0,0,0,0,0
15,44,15044,0.08,0,1.14,0.01,15.9,0.25,11.29,0.03,0.83,0.01,1.47,0.35,0.0001,,0,,,0.17,0,0,0,0,0,0.22,0
15,45,15045,0.21,0,3.47,0.03,41.28,0.67,30.67,0.07,5.58,0.05,9.85,2.32,0.0008,,0,0.53,,0.17,0,0,0,46.15,4.25,10.57,189.26
15,46,15046,0.04,0.41,0.44,0,0.84,0.13,5.94,0.01,0.28,0,0.49,0.12,0,,0,1.38,,,0,0,0,0,0,0,0
15,47,15047,0.18,0,0.86,0.01,33.27,0.56,25.68,0.06,0.52,0,0.92,0.22,0.0001,,0,0.48,,0.17,0,0,0,0,0,2.07,0
15,48,15048,0.16,,2.5,0.02,32.65,0.52,23.73,0.05,26.99,0.22,47.63,11.23,0.0039,,0,0.66,,0.17,0,0,0,17.14,1.58,0,0
15,49,15049,0.03,,0.54,0.01,6.21,0.1,4.73,0.01,0.27,0,0.48,0.11,0,,0,1.81,,,0,0,0,0,0,0,0
15,50,15050,0.06,,1.15,0.01,11.5,0.2,0.66,0.02,1.9,0.02,3.36,0.79,0.0003,,0,0.09,,,0,0,0,0,0,3.25,0
15,51,15051,0.31,0,7.09,0.07,58.58,0.99,33.56,0.1,72.67,0.59,128.23,30.24,0.0106,,0,1.59,,0.17,0,0,0,14.94,1.38,0,0
15,52,15052,0.07,,2.2,0.02,12.9,0.22,9.84,0.02,0.37,0,0.66,0.16,0.0001,,0,0.74,,0.17,0,0,0,0,0,0,0
15,53,15053,0.11,,2.74,0.03,21.41,0.35,3.69,0.04,2.9,0.02,5.12,1.21,0.0004,,0,,,,0,0,0,0,0,16.76,0
15,54,15054,0.6,,26.36,0.25,130.02,1.93,2.94,0.2,11.45,0.09,20.21,4.77,0.0017,,0.02,,,,0,0,0,0,0,0,0
15,55,15055,0.03,,0.62,0.01,5.2,0.1,1.29,0.01,0.43,0,0.76,0.18,0.0001,,0,,,,0,0,0,0,0,0,0
15,56,15056,0.08,0,0.7,0.01,14.93,0.25,11.32,0.03,2.56,0.02,4.51,1.06,0.0004,,0,1.07,,0.17,0,0,0,0,0,225.9,0
15,57,15057,2.41,0.41,110.45,1.04,540.68,7.71,13.63,0.78,287.94,2.33,508.08,119.83,0.0418,,0.06,1.18,,,0,0,0,37.8,3.48,6.28,0
15,58,15058,3.35,,102.27,0.97,715.01,10.7,3.53,1.09,69.12,0.56,121.96,28.77,0.01,,0,,,,0,0,0,81.31,7.49,0,0
15,59,15059,0.07,0,0.98,0.01,12.83,0.21,5.12,0.02,1.52,0.01,2.68,0.63,0.0002,,0,,,0.17,0,0,0,31.65,2.91,2.36,0
15,60,15060,0.9,,15.64,0.15,185.53,2.88,21,0.29,12.77,0.1,22.54,5.32,0.0019,,0,9.23,,0.17,0,0,0,0,0,0.41,0
15,61,15061,0.02,,0.36,0,5.13,0.08,1.11,0.01,1.94,0.02,3.42,0.81,0.0003,,0,,,0.17,0,0,0,46.59,4.29,1.34,0
15,62,15062,0.16,2.87,5.29,0.05,29.06,0.51,8.8,0.05,12.84,0.1,22.65,5.34,0.0019,,0,2.9,,,0,0,0,61.97,5.71,0,0
15,63,15063,0.08,,0.65,0.01,14.23,0.25,11.28,0.03,0.28,0,0.49,0.11,0,,0,2.55,,,0,0,0,0,0,0.01,0
15,64,15064,0.09,,1.07,0.01,0.17,0.3,13.64,0.03,0.89,0.01,1.56,0.37,0.0001,,0,,,,0,0,0,51.86,4.78,4.66,0
15,65,15065,0.09,,1.73,0.02,17.34,0.28,9.15,0.03,1.06,0.01,1.87,0.44,0.0002,,0,,,0.17,0,0,0,98.01,9.03,0,0
15,66,15066,0.01,,0.17,0,2.63,0.04,2.03,0,0.13,0,0.23,0.05,0,,0,,,,0,0,0,0,0,0.36,0
15,67,15067,0.2,,2.62,0.02,34.69,0.63,27.93,0.06,15.22,0.12,26.85,6.33,0.0022,,0,0.28,,,0,0,0,0,0,0,0
15,68,15068,0.07,0,1.98,0.02,13.83,0.23,4.77,0.02,1.61,0.01,2.84,0.67,0.0002,,0,,,0.17,0,0,0,19.34,1.78,0.09,0
15,69,15069,0.01,0,0.29,0,2.03,0.04,0.06,0,0.67,0.01,1.19,0.28,0.0001,,0,,,,0,0,0,0,0,0.71,0
15,70,15070,0.68,,23.4,0.22,141.74,2.18,0.28,0.22,48.81,0.4,86.14,20.32,0.0071,,0,,,0.17,0,0,0,41.75,3.85,0,0
15,71,15071,0.04,1.64,0.54,0.01,0.77,0.12,5.28,0.01,1.85,0.01,3.26,0.77,0.0003,,0,,,0.17,0,0,0,64.61,5.95,0.79,0
15,72,15072,0.03,,0.39,0,5.67,0.1,2.97,0.01,3.06,0.02,5.4,1.27,0.0004,,0,,,,0,0,0,0,0,12.87,0
15,73,15073,0.03,,0.63,0.01,5.81,0.11,0.63,0.01,5.12,0.04,9.04,2.13,0.0007,,0,,,,0,0,0,0,0,0.58,0
15,74,15074,0.29,,2.94,0.03,49.15,0.94,42.91,0.1,0.86,0.01,1.51,0.36,0.0001,,0,0.37,,0.17,0,0,0,28.57,2.63,0,0
15,75,15075,0.06,,1.41,0.01,12.8,0.2,7.7,0.02,2.8,0.02,4.95,1.17,0.0004,,0,0.51,,0.17,0,0,0,28.13,2.59,0.2,0
15,76,15076,0.2,,9.99,0.09,36.1,0.63,0.12,0.06,23.85,0.19,42.08,9.92,0.0035,,0,,,,0,0,0,8.79,0.81,0,0
15,77,15077,0.02,,0.13,0,3.05,0.05,2.32,0.01,0.06,0,0.1,0.02,0,,0,6.81,,,0,0,0,0,0,0,0
15,78,15078,0.03,,0.25,0,5.12,0.08,3.81,0.01,0.13,0,0.23,0.05,0,,0,0.09,,,0,0,0,0,0,0.03,0
15,79,15079,0.03,0.41,0.24,0,0.67,0.1,4.59,0.01,2.01,0.02,3.54,0.83,0.0003,,0,0.28,,0.17,0,0,0,0,0,0.07,0
15,80,15080,0.07,,0.56,0.01,13.49,0.23,10.7,0.02,0.16,0,0.28,0.07,0,,0,11.14,,0.17,0,0,0,0,0,46.17,0
15,81,15081,0.79,0,16.37,0.15,173.51,2.54,4,0.26,17.68,0.14,31.2,7.36,0.0026,,0,,,0.17,0,0,0,0,0,1.54,0
15,82,15082,0.18,,4.33,0.04,34.5,0.59,26.79,0.06,1.81,0.01,3.2,0.75,0.0003,,0,24.24,,0.17,0,0,0,0,0,0.54,127.22
15,83,15083,0.03,0.41,0.42,0,5.54,0.1,4.19,0.01,0.21,0,0.37,0.09,0,,0,,,0.17,0,0,0,0,0,0,0
15,84,15084,0.1,,1.4,0.01,19.75,0.31,6.19,0.03,1.36,0.01,2.4,0.57,0.0002,,0,,,0.17,0,0,0,37.8,3.48,0,0
15,85,15085,0.17,,2.11,0.02,31.85,0.55,24.91,0.06,7,0.06,12.36,2.92,0.001,,0,1.41,,0.17,0,0,0,101.97,9.39,1.21,0
15,86,15086,0.09,0,0.48,0,17.09,0.28,12.99,0.03,0.13,0,0.23,0.05,0,,0,14.03,,0.17,0,0,0,0,0,0,0
15,87,15087,0.23,,2.61,0.02,37.74,0.73,33.28,0.07,1.37,0.01,2.42,0.57,0.0002,,0,,,,0,0,0,0,0,0,0
15,88,15088,0.24,0,7.21,0.07,4.36,0.75,34.34,0.08,6.86,0.06,12.11,2.86,0.001,,0,3.42,,,0,0,0,0,0,0.19,0
15,89,15089,0.03,,0.45,0,0.56,0.09,3.67,0.01,0.26,0,0.46,0.11,0,,0,0.21,,0.17,0,0,0,41.75,3.85,1.2,0
15,90,15090,0.2,,5.33,0.05,37.45,0.64,29.41,0.07,9.69,0.08,17.11,4.03,0.0014,,0,2.17,,,0,0,0,0,0,0.03,0
15,91,15091,0.22,,4.22,0.04,42,0.69,5.95,0.07,4.1,0.03,7.23,1.71,0.0006,,0,,,0.17,0,0,0,18.9,1.74,0,0
15,92,15092,0.14,0.82,4.01,0.04,27.81,0.44,6.74,0.04,6.17,0.05,10.89,2.57,0.0009,,0,,,0.17,0,0,0,0,0,0,0
15,93,15093,0.07,0,0.7,0.01,14.41,0.24,9.68,0.02,0.43,0,0.76,0.18,0.0001,,0,0.43,,,0,0,0,0,0,0,0
15,94,15094,0.05,,0.92,0.01,9.44,0.16,2.33,0.02,0.32,0,0.57,0.13,0,,0,,,,0,0,0,39.12,3.6,1.47,0
15,95,15095,0.2,0,7.15,0.07,40.97,0.64,7.26,0.06,38.65,0.31,68.2,16.09,0.0056,,0,3.82,,0.17,0,0,0,0,0,0,0
15,96,15096,0.09,,1.89,0.02,18.58,0.29,3.48,0.03,4.25,0.03,7.5,1.77,0.0006,,0,,,0.17,0,0,0,56.26,5.18,0,0
15,97,15097,0.05,,0.85,0.01,8.71,0.15,6.78,0.02,0.2,0,0.35,0.08,0,,0,2.11,,0.17,0,0,0,0,0,0.08,0
15,98,15098,0.01,,0.4,0,2.6,0.04,1.93,0,0.33,0,0.58,0.14,0,,0,,,,0,0,0,0,0,49.48,0
15,99,15099,0.61,0,20.35,0.19,12.15,1.96,8.61,0.2,22.39,0.18,39.51,9.32,0.0033,,0,1.71,,0.17,0,0,0,61.53,5.67,0,210.02
15,100,15100,0.07,,1.66,0.02,14.88,0.24,4.58,0.02,1.35,0.01,2.38,0.56,0.0002,,0,,,0.17,0,0,0,0,0,0.08,0
15,101,15101,0.19,,5.06,0.05,33.58,0.6,27.57,0.06,35.23,0.29,62.16,14.66,0.0051,,0,1.3,,,0,0,0,0,0,0.03,0
15,102,15102,0.04,0,0.27,0,8.67,0.13,6.14,0.01,2.44,0.02,4.31,1.02,0.0004,,0,0.46,,0.17,0,0,0,0,0,0.23,0
15,103,15103,0.13,1.23,2.26,0.02,26.13,0.41,7.96,0.04,4.75,0.04,8.39,1.98,0.0007,,0,1.65,,0.17,0,0,0,0,0,88.94,0
15,104,15104,2.01,0,104.55,0.99,450.5,6.42,292.86,0.65,296.39,2.4,523.01,123.35,0.0431,,0.04,1.54,,,0,0,0,74.28,6.84,0,0
15,105,15105,0.1,,0.29,0,19.67,0.31,14.26,0.03,0.11,0,0.19,0.05,0,,0,0.44,,0.17,0,0,0,0,0,88.85,0
15,106,15106,2.19,0.41,102.1,0.96,454.76,7.02,42.27,0.71,184.4,1.49,325.39,76.75,0.0268,,0,2.14,70.53018132,,291.82,63.17,0,103.29,9.51,0.04,516.6
15,107,15107,0.03,,1.21,0.01,0.71,0.1,4.67,0.01,0.73,0.01,1.29,0.3,0.0001,,0,0.23,,,0,0,0,0,0,0,0
15,108,15108,0.32,,5.46,0.05,62.89,1.03,4.18,0.11,5.85,0.05,10.32,2.43,0.0008,,0,,,,0,0,0,31.65,2.91,31.8,0
15,109,15109,1.39,,28.31,0.27,296.92,4.44,1.93,0.45,99.72,0.81,175.96,41.5,0.0145,,0,1.41,,,0,0,0,24.17,2.23,0.88,0
15,110,15110,0.16,,7.24,0.07,31.2,0.5,22.66,0.05,2.37,0.02,4.18,0.98,0.0003,,0,8.21,,0.17,0,0,0,0,0,0,219.59
15,111,15111,0.12,,0.67,0.01,21.69,0.39,17.96,0.04,0.51,0,0.9,0.21,0.0001,,0,2.92,,0.17,0,0,0,0,0,0.18,0
15,112,15112,0.12,0,1.47,0.01,21.69,0.37,22.99,0.04,1.38,0.01,2.44,0.58,0.0002,,0,4.14,,,0,0,0,0,0,0.29,0
15,113,15113,0.15,,2.29,0.02,30.17,0.49,22.31,0.05,0.7,0.01,1.24,0.29,0.0001,,0,5.85,,,0,0,0,0,0,0.23,0
15,114,15114,0.23,,1.28,0.01,39.02,0.73,33.33,0.07,2.57,0.02,4.54,1.07,0.0004,,0,1.07,,0.17,0,0,0,0,0,0.84,0
15,115,15115,0.13,,2.65,0.03,24.21,0.42,14.88,0.04,1.04,0.01,1.84,0.43,0.0002,,0,0.14,,,0,0,0,0,0,84.18,0
15,116,15116,0.01,,0.45,0,2.31,0.04,1.64,0,0.16,0,0.28,0.07,0,,0,1.53,,0.17,0,0,0,0,0,14.62,0
15,117,15117,0.04,,0.48,0,7.78,0.13,5.91,0.01,0.13,0,0.23,0.05,0,,0,0.33,,0.17,0,0,0,0,0,8.21,0
15,118,15118,0.4,0,10.28,0.1,73.94,1.28,29.12,0.13,8.25,0.07,14.55,3.43,0.0012,,0,2,,,0,0,0,0,0,0,0
15,119,15119,0.05,,0.29,0,8.24,0.15,6.92,0.02,0.09,0,0.17,0.04,0,,0,1.59,,,0,0,0,0,0,2.96,0
15,120,15120,0.38,,9.4,0.09,70.1,1.2,17.7,0.12,6.61,0.05,11.66,2.75,0.001,,0,,,0.17,0,0,0,15.38,1.42,16.37,369.8
15,121,15121,1.46,,50.06,0.47,322.19,4.67,3.94,0.48,167.17,1.35,294.98,69.57,0.0243,,0,,,,0,0,0,73.4,6.76,0.05,0
15,122,15122,0.97,0.41,23.5,0.22,196.94,3.12,0.8,0.32,16.29,0.13,28.74,6.78,0.0024,,0,,,,0,0,0,0,0,0,0
15,123,15123,0.08,,1.24,0.01,15.02,0.26,12.08,0.03,0.55,0,0.96,0.23,0.0001,,0,18.45,,0.17,0,0,0,0,0,0,0
15,124,15124,0.23,,0.58,0.01,38.75,0.75,34.24,0.08,0.2,0,0.36,0.08,0,,0,0.97,,,0,0,0,0,0,0,0
15,125,15125,0.02,,0.26,0,4.64,0.08,3.46,0.01,0.09,0,0.17,0.04,0,,0,,,,0,0,0,0,0,0,0
16,1,16001,0.03,0.07,0.38,0.01,4.64,0.05,2.03,0.01,0.95,0.05,2.73,0.1,0.0001,,0,2.65,,,0,0,0,0,0,0,21.77
16,2,16002,0.05,,0.49,0.01,7.61,0.07,6.92,0.02,2.44,0.13,6.99,0.27,0.0004,,0,19.42,,0.89,0,0,0,0,0,0,63.17
16,3,16003,0.05,0,0.37,0.01,9.01,0.08,8.01,0.02,0.53,0.03,1.52,0.06,0.0001,,0,,,0.89,0,0,0,0,0,0,82.73
16,4,16004,0.04,,0.4,0.01,5.96,0.06,5.28,0.01,0.21,0.01,0.6,0.02,0,,0,,,0.89,0,0,0,48.21,4.44,0,64.82
16,5,16005,0.03,,0.22,0,0.42,0.05,4.28,0.01,0.53,0.03,1.52,0.06,0.0001,,0,0.22,,,0,0,0,18.23,1.68,1.29,0.98
16,6,16006,0.34,0.26,6.34,0.11,54.62,0.52,49.28,0.11,6.23,0.33,17.85,0.68,0.0009,,0,36.74,,,0,0,0,13.67,1.26,0,215.57
16,7,16007,0.01,,0.06,0,1.17,0.01,1.16,0,0.44,0.02,1.26,0.05,0.0001,,0,0.17,,,0,0,0,26.62,2.45,22.8,3.99
16,8,16008,0.06,,0.08,0,0.89,0.09,8.95,0.02,0.02,0,0.05,0,0,,0,,,,0,0,0,0,0,0,19.24
16,9,16009,0.09,0,0.99,0.02,15.23,0.14,13.55,0.03,0.81,0.04,2.33,0.09,0.0001,,0,12.3,,0.89,0,0,0,0,0,0,0
16,10,16010,0.06,0,0.56,0.01,9.74,0.1,9.07,0.02,0.7,0.04,2.01,0.08,0.0001,,0,39.99,,,0,0,0,190.45,17.54,0,0
16,11,16011,0.03,,0.15,0,4.71,0.04,4.09,0.01,0.67,0.04,1.92,0.07,0.0001,,0,,,0.89,0,0,0,0,0,0.09,74.39
16,12,16012,0.11,0.07,1.15,0.02,18.78,0.17,16.29,0.04,1.57,0.08,4.5,0.17,0.0002,,0,,,0.89,0,0,0,0,0,0,213.38
16,13,16013,0.03,,0.16,0,4.43,0.04,4,0.01,0.22,0.01,0.63,0.02,0,,0,,,,0,0,0,0,0,0,35.13
16,14,16014,0.03,0,0.24,0,6.03,0.05,4.98,0.01,0.27,0.01,0.76,0.03,0,,0,,,,0,0,0,0,0,0.03,42.87
16,15,16015,0.05,,0.52,0.01,8.37,0.08,7.78,0.02,1.19,0.06,3.41,0.13,0.0002,,0,73.08,,,0,0,0,0,0,0.27,27.84
16,16,16016,0.06,0,0.3,0.01,10.38,0.09,8.34,0.02,1.5,0.08,4.31,0.16,0.0002,,0,5.26,,0.89,0,0,0,29.5,2.72,0.33,77.13
16,17,16017,0.09,0.2,0.25,0,14.13,0.14,13.15,0.03,0.88,0.05,2.53,0.1,0.0001,,0,,,0.89,0,0,0,66.68,6.14,0,53.52
16,18,16018,0.02,,0.13,0,3.9,0.04,3.48,0.01,0.16,0.01,0.45,0.02,0,,0,,,0.89,0,0,0,0,0,0,9.94
16,19,16019,0.05,0.07,0.81,0.01,9.3,0.08,7.8,0.02,2.32,0.12,6.65,0.25,0.0003,,0,1.96,,0.89,0,0,0,0,0,0.63,15.72
16,20,16020,0.08,0,0.69,0.01,12.06,0.12,11.23,0.03,3.72,0.2,10.66,0.41,0.0005,,0,,,0.89,0,0,0,0,0,0,21.33
16,21,16021,0.03,0.2,0.2,0,4.79,0.05,4.65,0.01,1.9,0.1,5.45,0.21,0.0003,,0,7.12,,,0,0,0,0,0,0.43,26.75
16,22,16022,0.06,0,0.14,0,7.81,0.09,8.32,0.02,0.18,0.01,0.53,0.02,0,,0,0.32,,0.89,0,0,0,27.82,2.56,0.03,37.04
16,23,16023,0.03,,0.26,0,5.31,0.04,4.12,0.01,0.91,0.05,2.6,0.1,0.0001,,0,,,0.89,0,0,0,31.42,2.89,0,15.07
16,24,16024,0.05,,0.78,0.01,6.44,0.07,6.74,0.02,3.93,0.21,11.26,0.43,0.0006,,0,9.69,,,0,0,0,0,0,0.04,12.72
16,25,16025,0.09,,0.64,0.01,13.16,0.14,12.98,0.03,8.09,0.43,23.19,0.88,0.0012,,0,56.31,,0.89,0,0,0,0,0,0,3.32
16,26,16026,0.02,0.07,0.04,0,2.49,0.02,2.29,0.01,0.02,0,0.07,0,0,,0,4.49,,,0,0,0,0,0,0,13.4
16,27,16027,0.02,0,0.1,0,3.06,0.02,2.36,0.01,0.21,0.01,0.61,0.02,0,,0,,,,0,0,0,0,0,0,8.58
16,28,16028,0.02,,0.16,0,3.28,0.02,2.36,0.01,0.41,0.02,1.18,0.05,0.0001,,0,,,0.89,0,0,0,0,0,0,27.1
16,29,16029,0.04,0.4,0.21,0,0.58,0.06,5.91,0.01,0.15,0.01,0.42,0.02,0,,0,,,,0,0,0,0,0,0,50.42
16,30,16030,0.04,0.2,0.23,0,6.72,0.06,5.32,0.01,0.47,0.03,1.35,0.05,0.0001,,0,,,0.89,0,0,0,37.18,3.42,0.06,29.15
16,31,16031,0.05,,0.16,0,7.6,0.07,6.78,0.02,0.34,0.02,0.97,0.04,0,,0,0.19,,,0,0,0,0,0,0,22.46
16,32,16032,0.04,,0.12,0,0.59,0.06,5.59,0.01,1.05,0.06,3.01,0.11,0.0002,,0,5.45,,0.89,0,0,0,50.37,4.64,0,0
16,33,16033,0.06,,0.52,0.01,9.96,0.09,8.51,0.02,0.53,0.03,1.51,0.06,0.0001,,0,9.19,,,0,0,0,40.06,3.69,0.45,85.69
16,34,16034,0.32,,4.29,0.07,47.59,0.5,47.24,0.11,19.1,1.02,54.77,2.08,0.0028,,0,5.49,,0.89,0,0,0,0,0,2.83,64.12
16,35,16035,0.09,,0.63,0.01,14.7,0.14,13.61,0.03,0.71,0.04,2.03,0.08,0.0001,,0,9.98,,,0,0,0,74.84,6.89,0,44.85
16,36,16036,0.03,,0.44,0.01,6,0.05,4.73,0.01,0.72,0.04,2.07,0.08,0.0001,,0,,,0.89,0,0,0,0,0,0,12.29
16,37,16037,0.02,0,0.14,0,4.65,0.03,3.27,0.01,0.35,0.02,1.01,0.04,0.0001,,0,,,0.89,0,0,0,0,0,5.58,44.7
16,38,16038,0.12,,1.57,0.03,21.26,0.19,17.66,0.04,2.13,0.11,6.12,0.23,0.0003,,0,,,,0,0,0,0,0,0.29,60.63
16,39,16039,0.02,,0.1,0,3.24,0.03,3.16,0.01,0.05,0,0.15,0.01,0,,0,0.77,,0.89,0,0,0,11.51,1.06,0.87,6.77
16,40,16040,0.04,0.07,0.35,0.01,6.61,0.07,6.48,0.01,1.25,0.07,3.59,0.14,0.0002,,0,0.05,,0.89,0,0,0,28.54,2.63,0.38,51.79
16,41,16041,0.03,0.07,0.22,0,0.51,0.05,4.89,0.01,0.96,0.05,2.76,0.11,0.0001,,0,,,0.89,0,0,0,22.31,2.05,0.49,3.69
16,42,16042,0.04,0.07,0.18,0,6.74,0.06,5.48,0.01,0.19,0.01,0.54,0.02,0,,0,,,0.89,0,0,0,0,0,5.51,29.45
16,43,16043,0.18,,2,0.03,27.97,0.27,2.87,0.06,15.51,0.83,44.48,1.69,0.0023,,0,,,0.89,0,0,0,0,0,0.65,16.42
16,44,16044,0.04,,0.34,0.01,7.24,0.06,5.49,0.01,0.67,0.04,1.92,0.07,0.0001,,0,0.49,,0.89,0,0,0,18.47,1.7,0.45,52.77
16,45,16045,0.09,,1.44,0.03,16.46,0.14,13.59,0.03,3.32,0.18,9.51,0.36,0.0005,,0,,,0.89,0,0,0,0,0,0,43.82
16,46,16046,0.04,,0.22,0,5.57,0.05,5.15,0.01,0.22,0.01,0.64,0.02,0,,0,,,,0,0,0,0,0,6.99,13.32
16,47,16047,0.05,,0.22,0,8.3,0.08,7.95,0.02,0.28,0.02,0.82,0.03,0,,0,,,0.89,0,0,0,0,0,0,23.04
16,48,16048,0.01,,0.14,0,2.48,0.02,2.07,0,0.26,0.01,0.73,0.03,0,,0,1.01,,,0,0,0,24.95,2.3,0,8.9
16,49,16049,0.05,0.07,0.3,0.01,6.69,0.07,6.75,0.02,0.53,0.03,1.52,0.06,0.0001,,0,6.6,,,0,0,0,0,0,0.35,74.23
16,50,16050,0.21,0,2.18,0.04,31.2,0.32,30.05,0.07,3.82,0.2,10.95,0.42,0.0006,,0,0.18,,0.89,0,0,0,113.69,10.47,0,83.87
16,51,16051,0.03,,0.39,0.01,5.74,0.05,4.72,0.01,2.44,0.13,6.99,0.27,0.0004,,0,0.01,,,0,0,0,0,0,68.06,13.43
16,52,16052,0.48,0,8.25,0.14,83.27,0.74,69.81,0.16,22.06,1.18,63.25,2.41,0.0032,,0,,,,0,0,251.85,86.59,7.97,86.9,21.49
16,53,16053,2.01,0,42.86,0.74,337.55,3.09,44.15,0.65,71.07,3.81,203.77,7.75,0.0103,,0,18.06,53.98606892,0.89,110.13,20.65,0,105.3,9.7,0,166.4
16,54,16054,0.03,0.07,0.15,0,4.42,0.04,3.65,0.01,0.28,0.01,0.8,0.03,0,,0,,,0.89,0,0,0,0,0,1.65,35.93
16,55,16055,0.12,0.07,1.82,0.03,18.97,0.18,17.23,0.04,1.93,0.1,5.55,0.21,0.0003,,0,0.58,,,0,0,0,98.1,9.03,0,89.46
16,56,16056,0.07,0,0.86,0.01,9.75,0.11,10.73,0.02,7.87,0.42,22.57,0.86,0.0011,,0,2,,,0,0,0,0,0,0,28.03
16,57,16057,0.02,,0.13,0,3.56,0.03,3.28,0.01,0.16,0.01,0.45,0.02,0,,0,,,0.89,0,0,0,0,0,0.02,3.65
16,58,16058,0.05,0.07,0.89,0.02,7.21,0.07,6.86,0.02,5.51,0.3,15.79,0.6,0.0008,,0,0.3,,,0,0,0,0,0,0,0
16,59,16059,0.02,,0.06,0,3.8,0.03,3.31,0.01,0.06,0,0.18,0.01,0,,0,18.8,,0.89,0,0,0,62.12,5.72,0.55,44.17
16,60,16060,0.03,,0.18,0,0.45,0.04,4.02,0.01,0.66,0.04,1.9,0.07,0.0001,,0,,,0.89,0,0,0,0,0,0.42,35.29
16,61,16061,0.06,,0.23,0,8.52,0.09,8.86,0.02,0.91,0.05,2.6,0.1,0.0001,,0,0.79,,0.89,0,0,0,27.82,2.56,0,1.06
16,62,16062,0.05,,0.46,0.01,8.9,0.08,7.89,0.02,0.88,0.05,2.53,0.1,0.0001,,0,,,0.89,0,0,0,0,0,0.11,103.03
16,63,16063,0.05,0.07,0.29,0.01,8.18,0.07,6.76,0.02,0.47,0.03,1.36,0.05,0.0001,,0,,,0.89,0,0,0,33.58,3.09,0,5.85
16,64,16064,0.07,,0.39,0.01,10.78,0.1,9.77,0.02,0.37,0.02,1.06,0.04,0.0001,,0,8.74,,,0,0,0,25.19,2.32,0.23,124.35
16,65,16065,0.09,0,1.41,0.02,13.9,0.14,13.66,0.03,7.73,0.41,22.15,0.84,0.0011,,0,28.38,,,0,0,0,0,0,5.37,26.23
16,66,16066,0.23,0,4.81,0.08,35.08,0.36,34.21,0.08,7.09,0.38,20.32,0.77,0.001,,0,8.68,,0.89,0,0,0,88.27,8.13,0,0
16,67,16067,0.05,0,0.29,0.01,8.23,0.07,7.08,0.02,0.39,0.02,1.12,0.04,0.0001,,0,,,0.89,0,0,0,0,0,0.07,111.85
16,68,16068,0.06,,0.76,0.01,9.54,0.09,8.98,0.02,0.48,0.03,1.39,0.05,0.0001,,0,5.16,,0.89,0,0,0,0,0,1.98,38.13
16,69,16069,0.27,,6.29,0.11,45.41,0.41,10.65,0.09,13.37,0.72,38.33,1.46,0.0019,,0,,,0.89,0,0,0,42.22,3.89,0,56.47
16,70,16070,0.04,,0.87,0.02,7.73,0.07,6.55,0.01,4.27,0.23,12.24,0.47,0.0006,,0,10.24,,0.89,0,0,0,0,0,1.67,0.18
16,71,16071,0.19,,2.48,0.04,3.1,0.29,27.66,0.06,2.91,0.16,8.34,0.32,0.0004,,0,,,0.89,0,0,0,0,0,0,227.06
16,72,16072,0.04,0,0.36,0.01,5.65,0.06,5.34,0.01,0.31,0.02,0.9,0.03,0,,0,1.59,,0.89,0,0,0,0,0,0,51.48
16,73,16073,0.07,0,1.36,0.02,10.67,0.11,10.02,0.02,16.46,0.88,47.19,1.8,0.0024,,0,3.5,,0.89,0,0,0,0,0,0,0
16,74,16074,0.03,,0.23,0,4.84,0.04,4.05,0.01,0.43,0.02,1.24,0.05,0.0001,,0,,,,0,0,0,0,0,0.03,15.8
16,75,16075,0.15,0,2.28,0.04,25.07,0.23,22.18,0.05,2.64,0.14,7.57,0.29,0.0004,,0,31.62,,0.89,0,0,0,9.59,0.88,2.67,40.28
16,76,16076,0.18,,4.12,0.07,29.69,0.28,26.54,0.06,7.83,0.42,22.46,0.85,0.0011,,0,,,0.89,0,0,0,0,0,0,21.2
16,77,16077,0.05,0.07,0.5,0.01,9.14,0.08,7.26,0.02,0.46,0.02,1.31,0.05,0.0001,,0,,,,0,0,0,0,0,0,49.12
16,78,16078,0.03,,0.35,0.01,5.72,0.05,5.11,0.01,0.55,0.03,1.56,0.06,0.0001,,0,,,0.89,0,0,0,0,0,0,6.43
16,79,16079,0.11,0,0.88,0.02,15.41,0.17,16.49,0.04,4.57,0.24,13.11,0.5,0.0007,,0,5.5,,0.89,0,0,0,35.02,3.23,0.33,0
16,80,16080,0.05,,0.11,0,6.92,0.07,6.83,0.02,0.28,0.01,0.79,0.03,0,,0,3.06,,0.89,0,0,0,26.14,2.41,0,18.97
16,81,16081,0.02,0,0.05,0,3.42,0.03,3.3,0.01,0.07,0,0.19,0.01,0,,0,0.6,,,0,0,0,0,0,0.68,10.07
16,82,16082,0.18,0.13,1.88,0.03,26.67,0.27,25.66,0.06,2.59,0.14,7.42,0.28,0.0004,,0,11.89,,0.89,0,0,0,0,0,0,102.02
16,83,16083,0.08,,0.46,0.01,11.31,0.12,11.17,0.02,0.69,0.04,1.97,0.08,0.0001,,0,45.55,,0.89,0,0,0,0,0,0,137.84
16,84,16084,0.07,,0.56,0.01,10.71,0.11,10.39,0.02,1.27,0.07,3.63,0.14,0.0002,,0,0.19,,0.89,0,0,0,0,0,0.42,2.41
16,85,16085,0.09,0.13,0.95,0.02,15.71,0.14,12.87,0.03,2.66,0.14,7.62,0.29,0.0004,,0,3.34,,0.89,0,0,0,0,0,0,20.8
16,86,16086,0.04,,0.29,0.01,0.7,0.07,6.24,0.01,0.49,0.03,1.41,0.05,0.0001,,0,,,0.89,0,0,0,13.19,1.21,0.03,84.32
16,87,16087,0.04,0.13,0.3,0.01,6.17,0.06,5.27,0.01,1.57,0.08,4.51,0.17,0.0002,,0,3.53,,0.89,0,0,0,34.3,3.16,4.4,19.07
16,88,16088,0.15,0,0.6,0.01,26.01,0.23,25.47,0.05,3.86,0.21,11.06,0.42,0.0006,,0,,,0.89,0,0,0,0,0,2.23,64.31
16,89,16089,0.06,,1.25,0.02,11.61,0.1,9.49,0.02,1.45,0.08,4.15,0.16,0.0002,,0,1.29,,,0,0,0,0,0,0.06,198.33
16,90,16090,0.04,0,0.46,0.01,5.18,0.06,5.41,0.01,2.82,0.15,8.08,0.31,0.0004,,0,2.28,,,0,0,0,18.23,1.68,0,19.78
16,91,16091,0.04,,0.32,0.01,6.42,0.06,5.32,0.01,1.38,0.07,3.96,0.15,0.0002,,0,1.05,,0.89,0,0,0,70.04,6.45,0,6.35
16,92,16092,0.04,,0.21,0,6.23,0.06,5.85,0.01,0.27,0.01,0.76,0.03,0,,0,,,,0,0,0,0,0,0,11.4
16,93,16093,0.07,,0.29,0.01,11.59,0.11,10.87,0.02,3.32,0.18,9.52,0.36,0.0005,,0,0.66,,,0,0,0,0,0,0,0.6
16,94,16094,0.02,0,0.18,0,4.08,0.03,2.9,0.01,0.32,0.02,0.91,0.03,0,,0,,,0.89,0,0,0,0,0,0,13.32
16,95,16095,0.03,,0.27,0,5.46,0.04,4.21,0.01,0.51,0.03,1.47,0.06,0.0001,,0,4.4,,0.89,0,0,0,35.02,3.23,0,14.37
16,96,16096,0.02,,0.11,0,3.64,0.04,3.58,0.01,0.08,0,0.23,0.01,0,,0,24.13,,,0,0,0,0,0,0.01,13.28
16,97,16097,0.09,,0.51,0.01,14.65,0.14,13.49,0.03,1.82,0.1,5.21,0.2,0.0003,,0,7.07,,0.89,0,0,0,0,0,0.41,52.48
16,98,16098,0.07,0,0.61,0.01,11.52,0.11,10.5,0.02,0.31,0.02,0.9,0.03,0,,0,0.98,,0.89,0,0,0,11.03,1.02,0,36.27
16,99,16099,0.04,,0.29,0,7.26,0.07,6.55,0.01,0.17,0.01,0.48,0.02,0,,0,1.56,,,0,0,0,0,0,2.56,55.84
16,100,16100,0.04,,0.24,0,5.3,0.06,5.25,0.01,6.46,0.35,18.52,0.7,0.0009,,0,2.43,,0.89,0,0,0,0,0,0,0
16,101,16101,0.03,,0.04,0,4.1,0.04,4.02,0.01,0,0,0,0,0,,0,0.47,,0.89,0,0,0,0,0,11.33,36.69
16,102,16102,0.82,0,17.54,0.3,131.21,1.26,119.59,0.27,37.66,2.02,107.97,4.11,0.0055,,0,16.84,,0.89,5.71,1.55,0,22.31,2.05,0.35,143.52
16,103,16103,0.06,0,0.64,0.01,11.01,0.1,9.09,0.02,1.11,0.06,3.18,0.12,0.0002,,0,,,0.89,0,0,0,0,0,0,82.8
16,104,16104,0.05,0.07,0.17,0,0.82,0.07,6.64,0.01,0.12,0.01,0.35,0.01,0,,0,,,0.89,0,0,0,44.37,4.09,0,72.8
16,105,16105,0.05,,0.52,0.01,8.54,0.08,7.46,0.02,0.87,0.05,2.5,0.1,0.0001,,0,,,0.89,0,0,0,34.06,3.14,0.01,130.86
16,106,16106,0.08,,1,0.02,11.97,0.12,11.2,0.02,2.67,0.14,7.64,0.29,0.0004,,0,,,0.89,0,0,0,69.56,6.41,3.66,46.76
16,107,16107,0.21,0.07,3.84,0.07,34.8,0.32,30.25,0.07,12.81,0.69,36.73,1.4,0.0019,,0,20.93,,,0,0,0,44.85,4.13,5.54,95.04
16,108,16108,0.5,0,10.46,0.18,84.18,0.77,16.41,0.16,18.92,1.01,54.26,2.06,0.0027,,0,,,0.89,0,0,0,62.84,5.79,0,52.85
16,109,16109,0.01,0.13,0.11,0,1.91,0.01,1.38,0,0.4,0.02,1.16,0.04,0.0001,,0,0.12,,,0,0,0,0,0,0.69,18
16,110,16110,0.13,0.2,1.54,0.03,21.14,0.2,18.9,0.04,2,0.11,5.72,0.22,0.0003,,0,12.54,,0.89,0,0,0,51.57,4.75,0.02,84.2
16,111,16111,0.04,0.13,0.29,0.01,6.11,0.06,5.91,0.01,0.45,0.02,1.29,0.05,0.0001,,0,20.32,,0.89,0,0,0,66.68,6.14,1.21,21.82
16,112,16112,0.4,0.07,6.84,0.12,60.42,0.62,58.46,0.13,9.77,0.52,28.01,1.07,0.0014,,0,1.22,,0.89,0,0,0,42.7,3.93,0,67.54
16,113,16113,0.07,,0.46,0.01,12.08,0.11,10.19,0.02,1.02,0.05,2.94,0.11,0.0001,,0,,,0.89,0,0,0,26.62,2.45,0.33,138.96
17,1,17001,0.05,0.18,0.77,0,9.2,0,6.58,0.01,0.3,0.02,0.54,0.13,0,,0,,,1.8,0,0,0,24.93,2.3,0.89,13.19
17,2,17002,0.04,,1.06,0,8.16,0,4.68,0.01,0.37,0.02,0.64,0.16,0.0001,,0,,,,0,0,0,16.78,1.55,0.06,16.44
17,3,17003,0.09,,1.86,0,16.85,0,13.09,0.03,1.87,0.11,3.3,0.82,0.0003,,0,,,1.8,0,0,0,23.33,2.15,0.17,47.3
17,4,17004,0.21,0,2.02,0,4.24,0,20.49,0.07,10.83,0.66,19.11,4.73,0.0016,,0,0.14,,1.8,0,0,0,17.58,1.62,0.06,75.88
17,5,17005,0.02,,0.2,0,5.36,0,3.5,0.01,0.38,0.02,0.68,0.17,0.0001,,0,,,,0,0,0,0,0,2.29,8.37
17,6,17006,0.47,,18.47,0,98.77,0,9.24,0.15,15.8,0.97,27.88,6.91,0.0023,,0,,,1.8,0,0,0,22.05,2.03,55.65,46.89
17,7,17007,1.02,0,46.24,0,227.49,0,5.21,0.33,40.58,2.49,71.61,17.74,0.0059,,0,0.59,30.60808292,,0,0,0,32.6,3,42.95,6.42
17,8,17008,0.2,0.35,3.07,0,42.48,0,3.97,0.07,11.33,0.7,19.98,4.95,0.0016,,0,,,1.8,0,0,0,24.77,2.28,0,1.33
17,9,17009,0.04,,0.82,0,8.41,0,4.39,0.01,1.49,0.09,2.63,0.65,0.0002,,0,4.16,,,0,0,0,29.56,2.72,0,7.6
17,10,17010,0.04,0,0.56,0,7.97,0,5.91,0.01,0.74,0.05,1.31,0.33,0.0001,,0,,,1.8,0,0,0,0,0,12.74,22.62
17,11,17011,0.53,,16.16,0,111.65,0,2.98,0.17,70.01,4.3,123.54,30.61,0.0102,,0,0.07,,1.8,0,0,0,15.34,1.41,0.57,1.92
17,12,17012,0.15,0,5.84,0,32.79,0,22.1,0.05,3.29,0.2,5.81,1.44,0.0005,,0,,,1.8,0,0,0,0,0,0,19.37
17,13,17013,0.04,0.71,0.7,0,7.69,0,5.82,0.01,0.87,0.05,1.53,0.38,0.0001,,0,,,,0,0,0,9.27,0.85,0.02,31.64
17,14,17014,0.03,,0.25,0,5.86,0,3.75,0.01,0.48,0.03,0.85,0.21,0.0001,,0,,,1.8,0,0,0,0,0,0.26,9.38
17,15,17015,0.07,,1.03,0,13.13,0,9.72,0.02,1.65,0.1,2.91,0.72,0.0002,,0,0.41,,1.8,0,0,0,0,0,0,29.73
17,16,17016,0.05,,0.36,0,8.6,0,6.58,0.01,1.01,0.06,1.79,0.44,0.0001,,0,0.22,,,0,0,0,0,0,7.04,28.6
17,17,17017,0.17,0.18,3.27,0,3.12,0,24.16,0.05,3.66,0.22,6.45,1.6,0.0005,,0,,,1.8,0,0,0,44.75,4.12,3.36,23.73
17,18,17018,0.29,0,5.96,0,57.66,0,4.25,0.09,6.6,0.41,11.65,2.89,0.001,,0,0.44,,1.8,50.18,7.92,0,0,0,0,3.9
17,19,17019,0.07,,0.93,0,13.84,0,9.94,0.02,0.73,0.04,1.29,0.32,0.0001,,0,,,1.8,0,0,0,16.14,1.49,0.15,61.79
17,20,17020,0.11,,1.55,0,22.04,0,10.88,0.03,0.94,0.06,1.67,0.41,0.0001,,0,2.59,,,0,0,0,30.84,2.84,0,12.77
17,21,17021,0.02,,0.35,0,4.2,0,2.77,0.01,0.32,0.02,0.56,0.14,0,,0,,,1.8,0,0,0,0,0,0,3.7
17,22,17022,0.05,,0.81,0,9.01,0,7.39,0.02,0.91,0.06,1.6,0.4,0.0001,,0,0.52,,,0,0,0,0,0,0,18.66
17,23,17023,0.02,,0.12,0,3.25,0,2.52,0.01,0.1,0.01,0.18,0.05,0,,0,2.35,,1.8,0,0,0,0,0,0.5,27.69
17,24,17024,0.13,0.18,2.02,0,27.28,0,19.18,0.04,3.18,0.2,5.62,1.39,0.0005,,0,,,1.8,0,0,0,51.14,4.71,0.06,25.14
17,25,17025,0.09,0,1.36,0,18.16,0,12.69,0.03,0.9,0.06,1.58,0.39,0.0001,,0,,,1.8,0,0,0,7.83,0.72,0,35.4
17,26,17026,0.04,,0.87,0,0.79,0,5.89,0.01,0.85,0.05,1.51,0.37,0.0001,,0,0.29,,1.8,0,0,0,18.7,1.72,0,14.31
17,27,17027,0.03,,0.32,0,5.75,0,4.29,0.01,0.37,0.02,0.66,0.16,0.0001,,0,0.37,,1.8,0,0,0,21.41,1.97,3.25,20.98
17,28,17028,0.16,,2.63,0,29.4,0,7.93,0.05,4.88,0.3,8.6,2.13,0.0007,,0,,,1.8,0,0,0,0,0,1.79,7.34
17,29,17029,0.25,,7.59,0,52.08,0,9.78,0.08,5.94,0.36,10.48,2.6,0.0009,,0,0.29,,1.8,0,0,0,29.72,2.74,0,27.24
17,30,17030,0.12,0.18,1.38,0,21.56,0,11.46,0.04,12.32,0.76,21.73,5.38,0.0018,,0,,,1.8,0,0,0,0,0,6.16,58.8
17,31,17031,0.1,,2.98,0,21.4,0,14.36,0.03,5.8,0.36,10.23,2.54,0.0008,,0,,,1.8,0,0,0,14.06,1.3,0,3.6
17,32,17032,0.02,,0.46,0,4.8,0,3.41,0.01,0.41,0.03,0.73,0.18,0.0001,,0,,,,0,0,0,0,0,0,11.69
17,33,17033,0.04,0.18,0.28,0,6.79,0,5.33,0.01,1.91,0.12,3.37,0.84,0.0003,,0,,,,0,0,0,0,0,0,16.65
18,1,18001,0.1,,2.94,0,8.74,0,14.85,0.03,2.49,0,0,1.02,0.0004,,0,7.31,,,0,0,0,80.65,7.43,0,231.63
18,2,18002,0.04,0,0.62,0,3.87,0,6.04,0.01,0.46,0,0,0.19,0.0001,,0,3.29,,8.07,0,0,0,41.42,3.81,0,85.73
18,3,18003,0.03,0.15,0.26,0,2.78,0,4.45,0.01,0.29,0,0,0.12,0,,0,3.86,,,0,0,0,0,0,0,81.71
18,4,18004,0.18,0.15,4.85,0,16.53,0,26.95,0.06,3.51,0,0,1.44,0.0005,,0,3.47,,8.07,0,0,0,61.4,5.65,0,358.66
18,5,18005,0.03,0.31,0.09,0,0.21,0,4.52,0.01,0.16,0,0,0.07,0,,0,6.37,,,0,0,0,0,0,0,40.39
18,6,18006,0.08,,2.18,0,6.48,0,11.01,0.02,1.92,0,0,0.79,0.0003,,0,23.49,,8.07,0,0,0,57.99,5.34,0,52.97
18,7,18007,0.05,0.77,0.44,0,3.62,0,6.88,0.02,1.38,0,0,0.57,0.0002,,0,14.91,,8.07,0,0,0,0,0,0.07,67.33
18,8,18008,0.13,,1.63,0,10.57,0,8.82,0.04,1.97,0,0,0.81,0.0003,,0,23.07,,8.07,0.51,0.57,0,39.23,3.61,0,166.09
18,9,18009,0.09,0,0.15,0,5.33,0,13.08,0.03,0,0,0,0,0,,0,47.63,,,0,0,0,0,0,0,22.89
18,10,18010,0.09,0.31,0.69,0,8.32,0,13.8,0.03,0.65,0,0,0.27,0.0001,,0,6.26,,,0,0,0,102.82,9.47,0,315.57
18,11,18011,0.06,0,1.22,0,5.16,0,8.99,0.02,1.01,0,0,0.42,0.0001,,0,0.37,,,0,0,0,23.15,2.13,0,75.87
18,12,18012,0.11,0.46,1.88,0,10.04,0,16.05,0.04,1.59,0,0,0.65,0.0002,,0,7.03,,,0,0,33.76,0,0,0,248.24
18,13,18013,0.02,,0.23,0,1.97,0,3.06,0.01,0.16,0,0,0.06,0,,0,34.63,,8.07,0,0,0,50.92,4.69,0.07,95.62
18,14,18014,0.06,,0.38,0,5.16,0,9.29,0.02,0.35,0,0,0.14,0.0001,,0,47.44,,8.07,0,0,0,0,0,0,259.46
18,15,18015,0.25,0.62,4.26,0,22.45,0,36.11,0.08,3,0,0,1.23,0.0004,,0,5.35,,8.07,0,0,0,86.25,7.94,0,921.12
18,16,18016,0.11,,2.41,0,9.92,0,15.95,0.04,1.41,0,0,0.58,0.0002,,0,,,,0,0,0,0,0,0.15,604.2
18,17,18017,0.99,0.15,31,0,84.88,0,25.06,0.32,32.79,0,0,13.48,0.0048,,0.01,46.88,8.876956673,8.07,0,0,0,142.05,13.08,0,231.19
18,18,18018,0.08,,2.31,0,7.82,0,12.23,0.03,1.78,0,0,0.73,0.0003,,0,,,,0,0,0,0,0,0,407.59
18,19,18019,0.04,,0.04,0,2.43,0,5.15,0.01,0.02,0,0,0.01,0,,0,207.79,,8.07,0,0,0,0,0,0.11,38.6
18,20,18020,0.25,,9.12,0,21.02,0,15.94,0.08,2.16,0,0,0.89,0.0003,,0,,,,0,0,0,0,0,7.06,184.05
19,1,19001,0.01,,0.08,0,0.8,0.18,1.18,0,0.99,0.07,2.58,0.15,0.0001,,0,,,,0,0,0,14.67,1.35,0.87,0.02
19,2,19002,0.01,,0.19,0,1.34,0.23,1.51,0,0.47,0.03,1.23,0.07,0.0001,,0,,,,0,0,0,0,0,0,47.2
19,3,19003,0,,0.02,0,0.66,0.11,0.72,0,0,0,0.01,0,0,,0,,,,0,0,0,47.69,4.39,0.14,12.8
19,4,19004,0.09,,3.14,0,9.42,1.94,12.66,0.03,2.08,0.15,5.44,0.31,0.0003,,0,,,,0,0,0,0,0,0,8.54
19,5,19005,0.05,,0.86,0,5.72,1.18,7.7,0.02,7.09,0.51,18.51,1.06,0.001,,0,,,1.54,0,0,0,151.81,13.98,9.64,75.89
19,6,19006,1.23,,14.75,0,116.58,27.48,7.01,0.4,254.78,18.3,665.25,37.95,0.037,,0,,,,545.66,93.42,0,44.86,4.13,0,10.81
19,7,19007,0.04,,0.37,0,4.21,0.96,6.29,0.01,0.31,0.02,0.82,0.05,0,,0,0.16,,1.54,0,0,0,0,0,0,20.7
19,8,19008,0.01,,0.12,0,1.1,0.22,1.42,0,0.26,0.02,0.68,0.04,0,,0,0.11,,,0,0,0,57,5.25,2.48,3.62
19,9,19009,0.22,,4.41,0,22.89,4.84,14.34,0.07,30.04,2.16,78.43,4.47,0.0044,,0,,,1.54,0,0,0,125.56,11.56,0.1,104.54
19,10,19010,0.02,,0.28,0,2.06,0.46,3,0.01,14.71,1.06,38.41,2.19,0.0021,,0,,,,0,0,0,34.14,3.14,35.05,1.14
19,11,19011,0.02,,0.51,0,2.8,0.53,3.43,0.01,0.34,0.02,0.88,0.05,0,,0,,,1.54,0,0,0,0,0,0.15,15.87
19,12,19012,0.04,,0.56,0,4.11,0.94,6.11,0.01,4.57,0.33,11.92,0.68,0.0007,,0,,,,0,0,0,0,0,0.01,0.62
19,13,19013,0.03,,0.65,0,3.53,0.7,4.58,0.01,1.2,0.09,3.13,0.18,0.0002,,0,,,1.54,0,0,0,0,0,0.28,95.17
19,14,19014,0.1,0,0.86,0,8.91,2.18,14.25,0.03,3.28,0.24,8.56,0.49,0.0005,,0,,,,0,0,0,0,0,0,88.94
19,15,19015,0,,0.04,0,0.61,0.11,0.7,0,0.01,0,0.02,0,0,,0,,,,0,0,0,57.28,5.28,0,27.91
19,16,19016,0.01,,0.12,0,1.03,0.2,1.32,0,0.61,0.04,1.59,0.09,0.0001,,0,,,1.54,0,0,0,0,0,17.46,11.23
19,17,19017,0.11,0,0.63,0,11.04,2.55,16.67,0.04,0.61,0.04,1.59,0.09,0.0001,,0,1.28,,1.54,0,0,0,0,0,72.94,91.88
19,18,19018,0.15,,1.29,0,14.56,3.39,4.6,0.05,39.77,2.86,103.84,5.92,0.0058,,0,,,,0,0,0,139.96,12.89,66.18,2.25
19,19,19019,0.36,,22.12,0,33.92,8.01,0.03,0.12,52.23,3.75,136.37,7.78,0.0076,,0,,,,0,0,0,0,0,0,0
19,20,19020,0.02,,0.25,0,1.81,0.35,2.31,0.01,0.36,0.03,0.93,0.05,0.0001,,0,,,1.54,0,0,0,0,0,51.81,69.35
19,21,19021,0.88,,12.73,0,8.17,19.65,3.53,0.29,60.07,4.31,156.84,8.95,0.0087,,0,,,1.54,0,0,0,57,5.25,0,0.69
19,22,19022,0.04,,0.62,0,4.75,0.92,6.01,0.01,0.39,0.03,1.02,0.06,0.0001,,0,,,1.54,0,0,0,0,0,0,134.72
19,23,19023,0,,0.05,0,0.55,0.1,0.63,0,0.05,0,0.14,0.01,0,,0,,,,0,0,0,0,0,0,11.27
19,24,19024,0.02,,0.13,0,1.53,0.38,2.46,0.01,0.18,0.01,0.47,0.03,0,,0,7.37,,1.54,0,0,0,0,0,0,6.49
19,25,19025,0.02,,0.26,0,2.12,0.46,2.99,0.01,23.22,1.67,60.64,3.46,0.0034,,0,,,,0,0,0,0,0,25.67,9.04
19,26,19026,2.03,,42.4,0,188.36,45.41,0.41,0.66,168.48,12.1,439.9,25.09,0.0245,,0,,,,0,0,0,44.86,4.13,0,2.32
19,27,19027,0.01,,0.08,0,0.71,0.12,0.8,0,0.09,0.01,0.24,0.01,0,,0,,,,0,0,0,63.49,5.85,0,3.11
19,28,19028,0,,0.04,0,0.47,0.09,0.61,0,0.02,0,0.05,0,0,,0,,,,0,0,0,0,0,0,2.28
19,29,19029,0.02,0,0.28,0,2.1,0.44,2.84,0.01,0.55,0.04,1.45,0.08,0.0001,,0,,,,0,0,0,0,0,0,13.46
19,30,19030,0.01,,0.1,0,1.04,0.23,1.51,0,0.16,0.01,0.41,0.02,0,,0,0.09,,,0,0,0,0,0,0.52,0.62
19,31,19031,0.42,,2.9,0,40.67,9.48,9.95,0.14,21.34,1.53,55.71,3.18,0.0031,,0,,,,0,0,0,25.4,2.34,34.09,1.99
19,32,19032,0.01,,0.27,0,1.44,0.29,1.9,0,0.57,0.04,1.49,0.08,0.0001,,0,,,,0,0,0,212.76,19.59,76.05,2.97
19,33,19033,0.21,0,5,0,20.94,4.66,30.43,0.07,24.53,1.76,64.04,3.65,0.0036,,0,1.53,,1.54,0,0,0,90.58,8.34,0,114.85
19,34,19034,0.02,,0.13,0,1.64,0.35,2.31,0.01,0.46,0.03,1.2,0.07,0.0001,,0,,,,0,0,0,0,0,0,6.74
19,35,19035,0,,0.03,0,0.4,0.07,0.45,0,0,0,0,0,0,,0,,,,0,0,0,0,0,0,0.95
19,36,19036,0.02,,0.08,0,1.7,0.46,3.02,0.01,0.05,0,0.14,0.01,0,,0,,,,0,0,0,0,0,8.15,14.54
19,37,19037,0.02,0,0.11,0,1.6,0.35,2.31,0.01,0.03,0,0.07,0,0,,0,,,,0,0,0,61.79,5.69,1.48,1.7
19,38,19038,0.16,0,3.68,0,16.94,3.53,23.06,0.05,14.54,1.04,37.95,2.16,0.0021,,0,,,1.54,0,0,0,158.01,14.55,456.25,65.39
19,39,19039,3.33,,174.84,0,315.73,74.41,0.62,1.08,404.26,29.04,1055.54,60.21,0.0587,,0,0.02,41.67038541,,0,0,0,80.14,7.38,0.21,0
19,40,19040,0,,0.07,0,0.38,0.06,0.41,0,0.03,0,0.07,0,0,,0,,,,0,0,0,0,0,0,1.84
19,41,19041,0.04,,0.18,0,3.73,0.8,5.25,0.01,5.27,0.38,13.77,0.79,0.0008,,0,,,1.54,0,0,0,83.52,7.69,0,42.02
19,42,19042,0.02,,0.11,0,2.2,0.41,2.67,0.01,0.37,0.03,0.97,0.06,0.0001,,0,,,1.54,0,0,0,102.15,9.41,0,54.96
19,43,19043,0.01,,0.05,0,0.85,0.17,1.1,0,0.03,0,0.07,0,0,,0,0.03,,,0,0,0,0,0,4.91,6.83
19,44,19044,0.09,0,2.87,0,10.32,2.1,13.72,0.03,8.93,0.64,23.33,1.33,0.0013,,0,,,1.54,0,0,0,0,0,0.25,9.76
19,45,19045,0.08,0,0.4,0,8.24,1.83,4.27,0.03,5.06,0.36,13.21,0.75,0.0007,,0,44.56,,1.54,0,0,0,135.16,12.45,43.71,9.59
19,46,19046,1.4,,42.94,0,134.19,31.29,204.18,0.46,231.03,16.59,603.23,34.41,0.0336,,0,,,,0,0,0,0,0,1.75,0
19,47,19047,0.05,,0.72,0,4.57,1.02,6.63,0.01,0.66,0.05,1.72,0.1,0.0001,,0,,,,0,0,0,19.47,1.79,200.36,0.05
19,48,19048,0.76,,13.75,0,69.07,17.06,0.58,0.25,152.05,10.92,397.02,22.65,0.0221,,0,,,1.54,0,0,0,37.81,3.48,3.39,0.91
19,49,19049,0.11,,3.36,0,12.26,2.49,3.02,0.04,4.33,0.31,11.31,0.64,0.0006,,0,0.85,,1.54,0,0,0,0,0,0,3.16
19,50,19050,0.01,,0.03,0,0.68,0.12,0.8,0,0,0,0,0,0,,0,,,1.54,0,0,0,0,0,6.63,12.76
19,51,19051,0.01,0,0.12,0,1.44,0.27,1.76,0,0.18,0.01,0.47,0.03,0,,0,0.23,,,0,0,0,54.74,5.04,0,2.01
20,1,20001,0,,0.02,0,0.2,0,0.49,0,0.01,0,0.02,0,0,,0,0.11,,0.88,0,0,0,0,0,0,0
20,2,20002,0.12,0,0.83,0,8.99,0,18.14,0.04,4.11,0.12,8.9,0.6,0.0006,,0,,,0.88,0,0,0,51.15,4.71,0,68.96
20,3,20003,0.01,,0.03,0,0.49,0,0.9,0,0.03,0,0.07,0,0,,0,,,,0,0,0,0,0,0,0
20,4,20004,0,0.07,0.02,0,0.16,0,0.32,0,0.01,0,0.02,0,0,,0,,,,0,0,0,0,0,0,0.57
20,5,20005,0.04,0,0.37,0,3.49,0,6.18,0.01,0.56,0.02,1.22,0.08,0.0001,,0,,,,0,0,0,22.78,2.1,0.41,21.49
20,6,20006,0.04,0.02,1.67,0,3.12,0,6.29,0.01,1.97,0.06,4.27,0.29,0.0003,,0,1.55,,0.88,0,0,0,0,0,0,10.1
20,7,20007,0.01,,0.05,0,0.71,0,1.39,0,0.02,0,0.05,0,0,,0,,,,0,0,0,0,0,0,2.19
20,8,20008,0,,0.01,0,0.16,0,0.3,0,0.06,0,0.13,0.01,0,,0,,,,0,0,0,0,0,0,0
20,9,20009,0.02,,0.22,0,1.18,0,2.79,0.01,0.09,0,0.21,0.01,0,,0,,,,0,0,0,0,0,21.41,28.54
20,10,20010,0.04,0.07,0.81,0,3.2,0,5.76,0.01,3.63,0.11,7.86,0.53,0.0005,,0,,,,0,0,0,26.88,2.48,0,5.13
20,11,20011,0,,0.06,0,0.2,0,0.45,0,0,0,0,0,0,,0,,,,0,0,0,0,0,0,0.98
20,12,20012,0.03,,0.15,0,0.15,0,3.72,0.01,0.12,0,0.26,0.02,0,,0,,,,0,0,0,0,0,0,5.42
20,13,20013,0.01,,0.12,0,0.62,0,1.1,0,0.09,0,0.21,0.01,0,,0,,,0.88,0,0,0,0,0,0.22,7.07
20,14,20014,0.07,0.12,2.35,0,0.58,0,10.36,0.02,1.26,0.04,2.73,0.18,0.0002,,0,,,,0,0,0,52.46,4.83,0,7.87
20,15,20015,0.01,,0.02,0,0.73,0,2.09,0,0,0,0,0,0,,0,,,,0,0,0,0,0,0,5.63
20,16,20016,0.02,,0.07,0,1.01,0,3.25,0.01,0,0,0,0,0,,0,,,,0,0,0,0,0,0,2.19
20,17,20017,0.01,,0,0,0.73,0,1.44,0,0.02,0,0.04,0,0,,0,1.24,,,0,0,0,0,0,0,12.44
20,18,20018,0,0,0.02,0,0.21,0,0.35,0,0.01,0,0.02,0,0,,0,,,0.88,0,0,0,0,0,0,1.79
20,19,20019,0.01,,0.02,0,0.67,0,1.25,0,0.03,0,0.07,0,0,,0,1.12,,,0,0,0,0,0,0,0.35
20,20,20020,0.01,0,0.06,0,0.57,0,1.63,0,0.03,0,0.07,0,0,,0,5.8,,,0,0,0,0,0,0.78,0
20,21,20021,0.04,,0.43,0,3.08,0,6.13,0.01,1.58,0.05,3.43,0.23,0.0002,,0,,,0.88,0,0,0,12.51,1.15,0,35.95
20,22,20022,0,0,0,0,0.29,0,0.44,0,0,0,0,0,0,,0,,,,0,0,0,0,0,0,0.92
20,23,20023,0.04,,0.73,0,3,0,6.44,0.01,0.38,0.01,0.82,0.06,0.0001,,0,14.29,,,0,0,0,0,0,0,13.08
20,24,20024,0.01,,0.03,0,0.75,0,1.62,0,0.01,0,0.02,0,0,,0,7.99,,,0,0,0,0,0,0,0.09
20,25,20025,0.03,,0.5,0,2.16,0,4.25,0.01,0.31,0.01,0.68,0.05,0,,0,,,,0,0,0,0,0,0,13.31
20,26,20026,0.02,,0.45,0,1.61,0,3.2,0.01,0.21,0.01,0.45,0.03,0,,0,,,0.88,0,0,0,0,0,0,7.78
20,27,20027,0.01,,0.05,0,0.59,0,1.01,0,0.04,0,0.09,0.01,0,,0,,,,0,0,0,0,0,0,0.19
20,28,20028,0.05,0.02,0.73,0,3.41,0,7.38,0.02,1.01,0.03,2.19,0.15,0.0001,,0,0.7,,,0,0,0,0,0,0,22.86
20,29,20029,0.01,,0.07,0,0.81,0,1.73,0,0.05,0,0.1,0.01,0,,0,,,,0,0,0,0,0,0,0.44
20,30,20030,0.02,,0.41,0,0.19,0,3.52,0.01,0.33,0.01,0.71,0.05,0,,0,,,,0,0,0,7.47,0.69,0,6.03
20,31,20031,0.02,,0.15,0,1.35,0,2.96,0.01,0.1,0,0.23,0.02,0,,0,,,,0,0,0,0,0,0,0
20,32,20032,0,,0.01,0,0.19,0,0.36,0,0.01,0,0.02,0,0,,0,,,,0,0,0,0,0,0,1.23
20,33,20033,0.01,,0.07,0,0.51,0,1.01,0,1.12,0.03,2.42,0.16,0.0002,,0,,,,0,0,0,5.79,0.53,0.01,3.17
20,34,20034,0,,0.09,0,0.28,0,0.52,0,0.07,0,0.14,0.01,0,,0,,,,0,0,0,0,0,0.22,0.76
20,35,20035,0,,0.03,0,0.1,0,0.2,0,0.01,0,0.02,0,0,,0,,,,0,0,0,0,0,0,0
20,36,20036,0.02,,0.06,0,1.12,0,2.26,0.01,0.08,0,0.17,0.01,0,,0,20.96,,,0,0,0,0,0,0,19.49
20,37,20037,0.01,,0.04,0,0.74,0,1.7,0,0.02,0,0.05,0,0,,0,,,,0,0,0,0,0,0,0
20,38,20038,0.01,,0.1,0,0.42,0,0.84,0,0.55,0.02,1.19,0.08,0.0001,,0,0.47,,,0,0,0,0,0,2.55,0
20,39,20039,0.17,0,6.51,0,11.58,0,24.76,0.06,2.85,0.08,6.18,0.42,0.0004,,0,,,,0,0,0,0,0,0,4.87
20,40,20040,0.02,,0.05,0,1.1,0,2.43,0.01,0.04,0,0.08,0.01,0,,0,,,,0,0,0,0,0,0,0.81
20,41,20041,0.09,,1.18,0,6.49,0,13.63,0.03,0.68,0.02,1.48,0.1,0.0001,,0,,,,0,0,0,0,0,0.2,2.68
20,42,20042,0.02,0,0.32,0,1.52,0,3.08,0.01,0.74,0.02,1.59,0.11,0.0001,,0,4.37,,0.88,0,0,0,0,0,0.82,0.01
20,43,20043,0.25,0,7.23,0,16.86,0,36.78,0.08,11.41,0.33,24.7,1.67,0.0017,,0,,,0.88,0,0,0,59.55,5.48,0.18,40.16
20,44,20044,0.11,0.02,2.15,0,9.15,0,16.77,0.04,4.32,0.13,9.35,0.63,0.0006,,0,,,0.88,0,0,0,32.3,2.97,0,37.63
20,45,20045,0.02,0,0.15,0,1.39,0,2.63,0.01,3.42,0.1,7.41,0.5,0.0005,,0,,,,0,0,0,0,0,0,5.03
20,46,20046,0.01,0,0.09,0,0.78,0,1.48,0,0.46,0.01,1.01,0.07,0.0001,,0,,,0.88,0,0,0,0,0,0,8.38
20,47,20047,0,0,0,0,0.03,0,0.04,0,0,0,0.01,0,0,,0,,,0.88,0,0,0,0,0,0,0.62
20,48,20048,0,,0.01,0,0.16,0,0.47,0,0,0,0,0,0,,0,,,,0,0,0,0,0,0,2.21
20,49,20049,0,,0.04,0,0.2,0,0.45,0,0,0,0,0,0,,0,,,,0,0,0,0,0,0,2.46
20,50,20050,0.01,0.02,0.02,0,0.67,0,1.48,0,0,0,0,0,0,,0,,,0.88,0,0,0,0,0,0,1.09
20,51,20051,0.01,,0.12,0,0.63,0,1.84,0,0.2,0.01,0.43,0.03,0,,0,,,,0,0,0,0,0,1.99,3.75
20,52,20052,0.02,,0.19,0,1.35,0,2.58,0.01,0.17,0,0.36,0.02,0,,0,,,,0,0,0,0,0,0,7.28
20,53,20053,0,0,0.08,0,0.3,0,0.5,0,0.12,0,0.27,0.02,0,,0,,,,0,0,0,0,0,0,2.44
20,54,20054,0,,0.01,0,0.11,0,0.18,0,0.01,0,0.03,0,0,,0,,,0.88,0,0,0,0,0,0,1.55
20,55,20055,0.01,,0.2,0,0.68,0,1.34,0,0.14,0,0.31,0.02,0,,0,,,,0,0,0,0,0,0,2.17
20,56,20056,0,,0.03,0,0.24,0,0.51,0,0,0,0.01,0,0,,0,,,,0,0,0,0,0,0.09,0.9
20,57,20057,0.11,0.05,3.12,0,8.56,0,16.45,0.04,1.64,0.05,3.54,0.24,0.0002,,0,,,,0,0,0,67.95,6.26,0,45.75
20,58,20058,0.04,,0.09,0,2.61,0,5.54,0.01,0.06,0,0.12,0.01,0,,0,,,,0,0,0,0,0,0.04,0.92
20,59,20059,0.09,0,2.16,0,5.96,0,13.78,0.03,1.96,0.06,4.24,0.29,0.0003,,0,0.21,,,0,0,0,0,0,0,0
20,60,20060,0.01,,0.02,0,0.45,0,1.04,0,0,0,0.01,0,0,,0,,,,0,0,0,0,0,0,0
20,61,20061,0.01,,0.02,0,0.42,0,0.9,0,0.01,0,0.02,0,0,,0,,,,0,0,0,0,0,7.02,0
20,62,20062,0,,0.05,0,0.13,0,0.23,0,0.04,0,0.08,0.01,0,,0,,,,0,0,0,0,0,0.15,0
20,63,20063,0.01,0.02,0.19,0,0.79,0,1.59,0,0.43,0.01,0.93,0.06,0.0001,,0,,,,0,0,0,0,0,0,4.16
20,64,20064,0.02,,0.05,0,1.51,0,3.12,0.01,0.01,0,0.02,0,0,,0,14.97,,,0,0,0,0,0,0,0
20,65,20065,0,0,0.03,0,0.32,0,0.59,0,0.01,0,0.02,0,0,,0,,,,0,0,0,0,0,0,1.12
20,66,20066,0.01,,0.17,0,1.21,0,2.12,0,0.2,0.01,0.43,0.03,0,,0,,,,0,0,0,0,0,37.61,19.33
20,67,20067,0.78,,47.22,0,56.85,0,2.49,0.25,21.3,0.62,46.1,3.11,0.0031,,0.05,0.02,39.25798875,,78.76,19.15,0,26.7,2.46,3.51,1.59
20,68,20068,0.06,0,1.22,0,3.51,0,8.39,0.02,1.8,0.05,3.9,0.26,0.0003,,0,,,0.88,0,0,0,5.97,0.55,0,17.91
20,69,20069,0.01,,0.02,0,0.41,0,0.91,0,0.01,0,0.02,0,0,,0,,,,0,0,0,0,0,0,6.71
20,70,20070,0.02,,0.13,0,1.32,0,2.87,0.01,0.11,0,0.25,0.02,0,,0,,,,0,0,0,0,0,0,1.11
20,71,20071,0.01,,0.04,0,0.58,0,1.42,0,0.05,0,0.11,0.01,0,,0,0.33,,,0,0,0,0,0,0,5.99
20,72,20072,0.02,,0.07,0,1.03,0,2.64,0.01,0.07,0,0.14,0.01,0,,0,,,,0,0,0,0,0,0,8.14
20,73,20073,0.09,0,1.23,0,6.07,0,12.71,0.03,0.49,0.01,1.07,0.07,0.0001,,0,53.69,,0.88,0,0,0,0,0,0,0
20,74,20074,0,,0.01,0,0.08,0,0.19,0,0.01,0,0.02,0,0,,0,,,,0,0,0,0,0,0,0
20,75,20075,0.01,0,0.12,0,0.71,0,1.15,0,0.17,0,0.36,0.02,0,,0,,,,0,0,0,14.94,1.38,0,10.9
20,76,20076,0.01,0,0.07,0,0.59,0,1.33,0,0.04,0,0.09,0.01,0,,0,,,,0,0,0,0,0,0.97,0
20,77,20077,0.01,,0.05,0,0.62,0,1.39,0,0.28,0.01,0.62,0.04,0,,0,,,,0,0,0,0,0,0,4.11
20,78,20078,0,,0.02,0,0.24,0,0.41,0,0.04,0,0.08,0.01,0,,0,,,,0,0,0,0,0,16.66,2.96
20,79,20079,0.22,0.05,8.15,0,1.78,0,4.09,0.07,21.21,0.62,45.91,3.1,0.0031,,0,,,,0,0,348.76,8.4,0.77,0,1.55
20,80,20080,0,0,0.03,0,0.37,0,0.62,0,0.05,0,0.11,0.01,0,,0,,,,0,0,0,0,0,0,4.19
20,81,20081,0.01,,0.05,0,0.4,0,0.77,0,0.02,0,0.05,0,0,,0,,,,0,0,0,0,0,0,0.86
20,82,20082,0.01,0,0.09,0,0.87,0,1.93,0,0.01,0,0.03,0,0,,0,,,,0,0,0,0,0,0,3.17
20,83,20083,0.02,0,0.54,0,1.09,0,0.36,0.01,3.24,0.09,7.01,0.47,0.0005,,0,0.21,,,0,0,0,0,0,0,0.78
20,84,20084,0.01,,0.13,0,0.71,0,1.39,0,0.1,0,0.22,0.01,0,,0,0.05,,,0,0,0,0,0,0,0.96
20,85,20085,0.05,,0.14,0,3.05,0,7.63,0.02,0.06,0,0.13,0.01,0,,0,0.85,,,0,0,0,0,0,0,10.26
20,86,20086,0,,0.04,0,0.26,0,0.38,0,0.05,0,0.11,0.01,0,,0,2.64,,,0,0,0,0,0,0,0.63
20,87,20087,0.01,,0.23,0,0.63,0,0.15,0,0.46,0.01,1.01,0.07,0.0001,,0,,,,0,0,0,0,0,0,0.76
20,88,20088,0.01,0,0.01,0,0.49,0,1.08,0,0.43,0.01,0.92,0.06,0.0001,,0,6.68,,,0,0,0,0,0,0,0
20,89,20089,0.01,,0.03,0,0.46,0,0.91,0,0.02,0,0.05,0,0,,0,,,,0,0,0,0,0,0,2.02
20,90,20090,0.02,0,0.23,0,1.09,0,2.47,0.01,0.13,0,0.29,0.02,0,,0,,,,0,0,0,0,0,0,1.52
20,91,20091,0.01,0,0.13,0,0.99,0,0.34,0,0.24,0.01,0.51,0.03,0,,0,0.19,,,0,0,0,0,0,0,3.41
20,92,20092,0,,0.02,0,0.27,0,0.58,0,0.02,0,0.04,0,0,,0,,,0.88,0,0,0,0,0,0,3.1
20,93,20093,0,0,0.01,0,0.15,0,0.23,0,0.01,0,0.02,0,0,,0,,,0.88,0,0,0,0,0,0,2.11
20,94,20094,0.01,0,0.02,0,0.38,0,0.85,0,0.05,0,0.11,0.01,0,,0,,,,0,0,0,0,0,0,2.09
20,95,20095,0.01,,0.02,0,0.67,0,1.74,0,0.19,0.01,0.41,0.03,0,,0,0.97,,,0,0,0,0,0,0,0
20,96,20096,0,0,0.02,0,0.15,0,0.26,0,0.1,0,0.23,0.02,0,,0,,,0.88,0,0,0,0,0,0,4.21
20,97,20097,0,,0.02,0,0.41,0,0.73,0,0.01,0,0.02,0,0,,0,,,0.88,0,0,0,0,0,0,0
20,98,20098,0.01,,0.03,0,0.81,0,1.82,0,0,0,0,0,0,,0,,,,0,0,0,0,0,0,0.83
20,99,20099,0,,0.02,0,0.1,0,0.21,0,0,0,0.01,0,0,,0,,,,0,0,0,0,0,0,0.13
20,100,20100,0,,0.01,0,0.11,0,0.16,0,0.04,0,0.08,0.01,0,,0,,,0.88,0,0,0,0,0,0,0
20,101,20101,0,,0.02,0,0.15,0,0.32,0,0.01,0,0.03,0,0,,0,10.14,,,0,0,0,0,0,0,1.78
20,102,20102,0.01,0,0.06,0,0.78,0,1.63,0,0.07,0,0.14,0.01,0,,0,0.58,,,0,0,0,0,0,0,3.05
20,103,20103,0.01,,0.2,0,0.95,0,2.07,0,0.26,0.01,0.56,0.04,0,,0,,,,0,0,0,0,0,0,6.92
20,104,20104,0.01,,0.02,0,0.44,0,1.05,0,0,0,0,0,0,,0,,,,0,0,0,0,0,0,3.62
20,105,20105,0.02,,0.02,0,1.27,0,2.78,0.01,0,0,0,0,0,,0,,,0.88,0,0,0,0,0,0,5.04
20,106,20106,0,,0.01,0,0.07,0,0.13,0,0.01,0,0.03,0,0,,0,,,0.88,0,0,0,0,0,0.25,0.54
20,107,20107,0.04,,0.75,0,2.8,0,0.53,0.01,2.76,0.08,5.97,0.4,0.0004,,0,,,,0,0,0,0,0,0,0.76
20,108,20108,0.01,0.05,0.07,0,0.79,0,1.84,0,0.09,0,0.18,0.01,0,,0,,,,0,0,0,0,0,0,6.27
20,109,20109,0,,0.03,0,0.26,0,0.54,0,0.03,0,0.07,0,0,,0,,,0.88,0,0,0,31.55,2.91,0,0.1
20,110,20110,0,,0,0,0.27,0,0.56,0,0,0,0,0,0,,0,,,0.88,0,0,0,0,0,0,0.39
20,111,20111,0.01,,0.05,0,0.63,0,1.66,0,0.03,0,0.06,0,0,,0,,,,0,0,0,0,0,0,1.21
20,112,20112,0.01,0,0.07,0,0.58,0,1.16,0,0.18,0.01,0.38,0.03,0,,0,,,,0,0,0,0,0,0,9.14
20,113,20113,0.01,,0.05,0,0.53,0,1.18,0,0.04,0,0.08,0.01,0,,0,,,,0,0,0,0,0,0,1.24
20,114,20114,0,,0.01,0,0.19,0,0.3,0,0,0,0,0,0,,0,,,,0,0,0,0,0,0,0
20,115,20115,0.02,0,0.35,0,1.77,0,0.24,0.01,1.64,0.05,3.54,0.24,0.0002,,0,,,,0,0,0,0,0,0,3.96
20,116,20116,0.01,,0.06,0,0.74,0,1.59,0,0,0,0.01,0,0,,0,,,,0,0,0,0,0,0,0.56
20,117,20117,0.01,,0.07,0,0.46,0,1.12,0,0.1,0,0.22,0.01,0,,0,,,,0,0,0,0,0,0,1.87
20,118,20118,0.01,,0.05,0,0.48,0,1.06,0,0.09,0,0.18,0.01,0,,0,,,,0,0,0,0,0,0,2.86
20,119,20119,0,0.05,0.01,0,0.1,0,0.16,0,0.02,0,0.04,0,0,,0,,,,0,0,0,0,0,0,0.45
20,120,20120,0,,0.08,0,0.11,0,0.16,0,0.02,0,0.04,0,0,,0,,,,0,0,0,0,0,0,0
20,121,20121,0,0.05,0,0,0.19,0,0.29,0,0.01,0,0.02,0,0,,0,,,0.88,0,0,0,0,0,0,2
20,122,20122,0,,0.01,0,0.16,0,0.28,0,0.02,0,0.04,0,0,,0,,,,0,0,0,0,0,0,0
20,123,20123,0.01,0.02,0.09,0,0.48,0,1.03,0,0.05,0,0.1,0.01,0,,0,,,,0,0,0,0,0,0,6.05
20,124,20124,0.05,,0.43,0,3.42,0,3.91,0.02,5.29,0.15,11.45,0.77,0.0008,,0,,,,0,0,0,0,0,0,13.06
20,125,20125,0.03,,0.03,0,0.18,0,4.22,0.01,0.06,0,0.13,0.01,0,,0,23.76,,,0,0,0,0,0,0,0
20,126,20126,0.01,,0.05,0,0.69,0,1.7,0,2.2,0.06,4.76,0.32,0.0003,,0,,,,0,0,0,0,0,0,0
20,127,20127,0,0.02,0.01,0,0.25,0,0.5,0,0,0,0,0,0,,0,,,0.88,0,0,0,0,0,0,0.56
20,128,20128,0,,0.08,0,0.35,0,0.48,0,0.14,0,0.31,0.02,0,,0,,,0.88,0,0,0,0,0,0,0
20,129,20129,0,,0.03,0,0.07,0,0.1,0,0.01,0,0.03,0,0,,0,,,0.88,0,0,0,0,0,0,1.15
20,130,20130,0.02,0.02,0.11,0,1.09,0,2.21,0,0.13,0,0.28,0.02,0,,0,,,,0,0,0,32.67,3.01,0,2.69
20,131,20131,0.03,,0.26,0,1.8,0,4.06,0.01,1.07,0.03,2.31,0.16,0.0002,,0,3.92,,,0,0,0,0,0,0,4.32
20,132,20132,0,,0.06,0,0.21,0,0.47,0,0.04,0,0.09,0.01,0,,0,,,,0,0,0,0,0,0,4.01
20,133,20133,0.01,,0.01,0,0.76,0,1.57,0,0.01,0,0.03,0,0,,0,0.14,,,0,0,0,0,0,0,2.31
20,134,20134,0.07,,0.4,0,4.46,0,10.88,0.02,0.27,0.01,0.59,0.04,0,,0,,,,0,0,0,0,0,0,47.74
20,135,20135,0.02,,0.06,0,1.17,0,2.66,0.01,0.5,0.01,1.09,0.07,0.0001,,0,0.48,,,0,0,0,0,0,0,6.4
20,136,20136,0.03,,0.25,0,0.19,0,4.99,0.01,0.15,0,0.32,0.02,0,,0,,,,0,0,0,0,0,0,35.86
20,137,20137,0.01,,0.02,0,0.57,0,1.36,0,0.03,0,0.06,0,0,,0,,,,0,0,0,0,0,0,0
20,138,20138,0,,0.01,0,0.11,0,0.16,0,0.01,0,0.02,0,0,,0,,,,0,0,0,0,0,0,0
20,139,20139,0.01,,0,0,0.37,0,0.84,0,0,0,0.01,0,0,,0,,,,0,0,0,0,0,0,0.27
20,140,20140,0,,0.01,0,0.14,0,0.29,0,0,0,0,0,0,,0,,,0.88,0,0,0,0,0,0,2.23
20,141,20141,0.02,,0.23,0,1.35,0,2.94,0.01,0.11,0,0.24,0.02,0,,0,,,,0,0,0,0,0,0,9.27
20,142,20142,0,,0.01,0,0.28,0,0.54,0,0,0,0,0,0,,0,,,,0,0,0,0,0,0,0.13
20,143,20143,0.03,0.02,0.24,0,2.11,0,3.88,0.01,0.19,0.01,0.41,0.03,0,,0,,,,0,0,0,36.22,3.34,0,17.42
20,144,20144,0,0,0.01,0,0.22,0,0.38,0,0.06,0,0.13,0.01,0,,0,,,0.88,0,0,0,0,0,0,1.77
20,145,20145,0.01,,0.09,0,0.41,0,0.82,0,0.45,0.01,0.97,0.07,0.0001,,0,,,,0,0,0,0,0,0,1.97
20,146,20146,0.01,,0.02,0,0.34,0,0.96,0,0.06,0,0.12,0.01,0,,0,,,,0,0,0,0,0,0,0
20,147,20147,0,,0.03,0,0.08,0,0.15,0,0.04,0,0.08,0.01,0,,0,,,0.88,0,0,0,0,0,0,0.69
20,148,20148,0.01,,0.02,0,0.29,0,0.79,0,0.03,0,0.07,0,0,,0,,,,0,0,0,0,0,0,0
20,149,20149,0,,0.03,0,0.26,0,0.57,0,0.04,0,0.08,0.01,0,,0,6.26,,,0,0,0,0,0,0,0
20,150,20150,0.03,,0.56,0,1.83,0,4.4,0.01,0.4,0.01,0.86,0.06,0.0001,,0,0.29,,,0,0,0,36.03,3.32,0,10.74
20,151,20151,0,,0.01,0,0.08,0,0.17,0,0.02,0,0.05,0,0,,0,,,0.88,0,0,0,0,0,0,1.09
20,152,20152,0,,0.05,0,0.22,0,0.53,0,0,0,0,0,0,,0,,,,0,0,0,0,0,0,1.4
20,153,20153,0.01,,0.13,0,0.75,0,1.68,0,0.08,0,0.17,0.01,0,,0,0.3,,,0,0,0,0,0,0,3.91
20,154,20154,0.01,,0.05,0,0.42,0,0.86,0,0,0,0,0,0,,0,,,,0,0,0,0,0,0,0
20,155,20155,0,0,0,0,0.13,0,0.34,0,0,0,0,0,0,,0,,,,0,0,0,0,0,0,0
20,156,20156,0.01,,0.11,0,0.73,0,1.33,0,0.05,0,0.1,0.01,0,,0,6.02,,0.88,0,0,0,0,0,0.24,0.01
20,157,20157,0.03,,0.66,0,2.11,0,4.33,0.01,1.29,0.04,2.78,0.19,0.0002,,0,,,,0,0,0,0,0,0,0.62
20,158,20158,0.01,,0.02,0,0.39,0,0.92,0,0,0,0,0,0,,0,,,,0,0,0,0,0,0,0
20,159,20159,0.01,,0.02,0,0.76,0,2.13,0,0.01,0,0.03,0,0,,0,0.38,,,0,0,0,0,0,0,0
20,160,20160,0.01,,0.04,0,0.38,0,0.75,0,0.13,0,0.28,0.02,0,,0,,,,0,0,0,0,0,0,0.69
20,161,20161,0.01,0.02,0.01,0,0.62,0,1.17,0,0.04,0,0.09,0.01,0,,0,,,,0,0,0,26.7,2.46,0,0.21
20,162,20162,0.01,,0.01,0,0.26,0,0.75,0,0.02,0,0.05,0,0,,0,,,0.88,0,0,0,0,0,0,5.08
20,163,20163,0,,0.08,0,0.34,0,0.65,0,0.06,0,0.13,0.01,0,,0,,,,0,0,0,0,0,0,0.17
20,164,20164,0.01,,0.07,0,0.54,0,1.27,0,0.07,0,0.15,0.01,0,,0,,,,0,0,0,0,0,0,1.29
20,165,20165,0,,0.05,0,0.27,0,0.57,0,0.07,0,0.15,0.01,0,,0,,,,0,0,0,0,0,0,1.47
20,166,20166,0.03,,0.25,0,2,0,4.37,0.01,0.48,0.01,1.05,0.07,0.0001,,0,,,0.88,0,0,0,0,0,0,51.6
20,167,20167,0.01,,0.01,0,0.38,0,0.8,0,0.09,0,0.18,0.01,0,,0,0.5,,,0,0,0,0,0,0,0
20,168,20168,0,0,0.03,0,0.2,0,0.41,0,0.01,0,0.03,0,0,,0,,,,0,0,0,0,0,0,0.93
20,169,20169,0.01,,0.08,0,0.73,0,1.58,0,0.03,0,0.06,0,0,,0,,,,0,0,0,0,0,0,3.62
20,170,20170,0.01,,0.08,0,0.61,0,1.52,0,0.16,0,0.34,0.02,0,,0,,,,0,0,0,0,0,0,0
20,171,20171,0.05,,0.13,0,3.54,0,7.76,0.02,0.02,0,0.05,0,0,,0,0.11,,,0,0,0,0,0,0,4.76
20,172,20172,0,,0.01,0,0.12,0,0.17,0,0,0,0,0,0,,0,,,0.88,0,0,0,0,0,0,0.5
20,173,20173,0,0,0.04,0,0.35,0,0.56,0,0,0,0.01,0,0,,0,0.11,,0.88,0,0,0,0,0,0,0
20,174,20174,0.01,0.02,0.29,0,0.63,0,0.13,0,0.13,0,0.28,0.02,0,,0,,,,0,0,0,0,0,0,2.9
20,175,20175,0,0,0.01,0,0.26,0,0.59,0,0.02,0,0.04,0,0,,0,,,,0,0,0,0,0,0,2.27
20,176,20176,0.01,,0.09,0,0.67,0,1.23,0,0.06,0,0.12,0.01,0,,0,,,0.88,0,0,0,0,0,0,3.76
20,177,20177,0.03,,0.36,0,1.96,0,3.93,0.01,0.21,0.01,0.46,0.03,0,,0,,,0.88,0,0,0,46.67,4.3,0,0.92
20,178,20178,0.01,,0.03,0,1.04,0,2.1,0,0,0,0,0,0,,0,,,,0,0,0,0,0,0,3.95
20,179,20179,0,0,0.04,0,0.26,0,0.54,0,0.04,0,0.09,0.01,0,,0,,,,0,0,0,0,0,0,4.78
20,180,20180,0.01,,0.07,0,0.46,0,0.92,0,0.05,0,0.1,0.01,0,,0,,,,0,0,0,0,0,0,0.97
20,181,20181,0,,0,0,0.11,0,0.18,0,0,0,0,0,0,,0,,,,0,0,0,0,0,0,0.54
20,182,20182,0.01,,0.02,0,0.37,0,0.96,0,0.01,0,0.03,0,0,,0,,,,0,0,0,0,0,0,0.45
20,183,20183,0,,0.02,0,0.28,0,0.62,0,0.01,0,0.02,0,0,,0,,,,0,0,0,0,0,5.82,0.68
20,184,20184,0.42,0,10.8,0,32.4,0,61.91,0.14,21.25,0.62,45.99,3.1,0.0031,,0,,,0.88,0,0,0,51.34,4.73,0,255.27
20,185,20185,0.02,0.02,0.26,0,1.51,0,3.48,0.01,0.28,0.01,0.61,0.04,0,,0,,,,0,0,0,0,0,0,1.7
20,186,20186,0,,0.02,0,0.13,0,0.24,0,0,0,0,0,0,,0,,,,0,0,0,0,0,0,0.44
20,187,20187,0.01,,0.01,0,0.39,0,0.86,0,0.01,0,0.02,0,0,,0,,,,0,0,0,0,0,0,0.64
20,188,20188,0.03,,0.09,0,1.62,0,3.71,0.01,0.15,0,0.32,0.02,0,,0,,,,0,0,0,0,0,0,1.66
20,189,20189,0.01,,0.01,0,0.41,0,1.02,0,0,0,0,0,0,,0,,,,0,0,0,0,0,0,11.93
20,190,20190,0.07,,0.45,0,4.51,0,9.63,0.02,0.28,0.01,0.62,0.04,0,,0,5.49,,,0,0,0,0,0,0,0.11
20,191,20191,0,0,0.01,0,0.08,0,0.12,0,0,0,0,0,0,,0,,,0.88,0,0,0,0,0,0,0
20,192,20192,0,0.02,0.05,0,0.29,0,0.57,0,0.08,0,0.17,0.01,0,,0,,,,0,0,0,0,0,0,3.11
20,193,20193,0.01,0,0.06,0,0.46,0,0.94,0,0.09,0,0.21,0.01,0,,0,52.16,,,0,0,0,0,0,0,4.76
20,194,20194,0,,0.05,0,0.31,0,0.53,0,0.64,0.02,1.39,0.09,0.0001,,0,,,,0,0,0,0,0,0,4.97
20,195,20195,0,,0.04,0,0.28,0,0.55,0,0.02,0,0.05,0,0,,0,,,0.88,0,0,0,0,0,0,0.72
20,196,20196,0,,0.01,0,0.1,0,0.18,0,0.01,0,0.02,0,0,,0,,,0.88,0,0,0,0,0,0,0
20,197,20197,0.01,,0.17,0,0.62,0,1.26,0,0.15,0,0.32,0.02,0,,0,,,,0,0,0,21.1,1.94,0,1.24
20,198,20198,0.08,0,0.2,0,6.3,0,11.84,0.03,0.19,0.01,0.41,0.03,0,,0,,,,0,0,0,41.63,3.83,0,73.39
20,199,20199,0,,0.02,0,0.15,0,0.31,0,0.01,0,0.02,0,0,,0,,,,0,0,0,0,0,0,0.68
20,200,20200,0.01,,0.08,0,0.77,0,1.52,0,0.05,0,0.11,0.01,0,,0,0.9,,0.88,0,0,0,0,0,0,0
20,201,20201,0.01,,0.01,0,0.41,0,0.82,0,0.03,0,0.06,0,0,,0,2.34,,,0,0,0,0,0,0,0
20,202,20202,0.01,,0.04,0,0.65,0,1.69,0,0.02,0,0.05,0,0,,0,2.4,,,0,0,0,0,0,0,3.74
20,203,20203,0.01,,0.01,0,0.53,0,1.44,0,0,0,0,0,0,,0,,,,0,0,0,0,0,0,2.75
20,204,20204,0,,0.01,0,0.16,0,0.29,0,0,0,0.01,0,0,,0,0.14,,,0,0,0,0,0,0,0
20,205,20205,0.05,,0.01,0,3.03,0,7,0.02,0,0,0,0,0,,0,1.88,,,0,0,0,0,0,0,52.37
20,206,20206,0.01,,0.03,0,0.52,0,1.05,0,0.07,0,0.15,0.01,0,,0,,,,0,0,0,0,0,4.24,0.2
20,207,20207,0.05,,0.05,0,2.94,0,6.91,0.02,0.02,0,0.05,0,0,,0,,,,0,0,0,0,0,0,0.08
20,208,20208,0.02,,0.16,0,1.76,0,3.18,0.01,0.08,0,0.16,0.01,0,,0,,,,0,0,0,0,0,0,5.35
20,209,20209,0,0,0.01,0,0.18,0,0.39,0,0.02,0,0.04,0,0,,0,,,,0,0,0,0,0,0,0
20,210,20210,0.02,,0.01,0,1.05,0,2.48,0.01,0,0,0,0,0,,0,,,0.88,0,0,0,0,0,0,5.26
20,211,20211,0.01,,0.02,0,0.49,0,1.19,0,0.02,0,0.04,0,0,,0,4.28,,,0,0,0,0,0,0,0
20,212,20212,0.01,,0,0,0.5,0,1.16,0,0,0,0,0,0,,0,,,,0,0,0,0,0,0,4.16
20,213,20213,0.01,0.02,0.03,0,0.53,0,1.78,0,0,0,0,0,0,,0,23.75,,,0,0,0,0,0,0,1.12
20,214,20214,0.01,,0.05,0,0.43,0,1.04,0,0.04,0,0.09,0.01,0,,0,,,,0,0,0,0,0,0,0
20,215,20215,0,0,0.01,0,0.15,0,0.28,0,0,0,0,0,0,,0,,,0.88,0,0,0,0,0,0,3.04
20,216,20216,0,,0.02,0,0.23,0,0.47,0,0.15,0,0.33,0.02,0,,0,,,0.88,0,0,0,0,0,0,0
20,217,20217,0.01,0.02,0.01,0,0.59,0,1.36,0,0,0,0,0,0,,0,,,0.88,0,0,0,0,0,0,5.27
20,218,20218,0,0,0.02,0,0.11,0,0.22,0,0.02,0,0.05,0,0,,0,6.73,,,0,0,0,0,0,0,0.49
20,219,20219,0.01,,0.09,0,0.59,0,1.09,0,0.04,0,0.08,0.01,0,,0,,,,0,0,0,0,0,0,2.57
20,220,20220,0.01,,0.01,0,0.66,0,1.25,0,0,0,0.01,0,0,,0,,,,0,0,0,0,0,0,0.23
20,221,20221,0,,0.02,0,0.31,0,0.58,0,0.03,0,0.06,0,0,,0,,,0.88,0,0,0,0,0,0,1.39
20,222,20222,0,,0.02,0,0.38,0,0.64,0,0.26,0.01,0.55,0.04,0,,0,,,0.88,0,0,0,0,0,0,0
20,223,20223,0,,0.01,0,0.11,0,0.24,0,0.03,0,0.06,0,0,,0,,,,0,0,0,0,0,0,0
20,224,20224,0,0,0.03,0,0.16,0,0.28,0,0.03,0,0.07,0,0,,0,,,0.88,0,0,0,0,0,0,3.1
20,225,20225,0.02,,0.03,0,0.93,0,2.48,0.01,0,0,0,0,0,,0,,,,0,0,0,0,0,0,1.72
20,226,20226,0.01,,0.03,0,0.53,0,1.06,0,0.24,0.01,0.51,0.03,0,,0,,,,0,0,0,0,0,0,7.46
20,227,20227,0.03,,0.94,0,0.24,0,1.3,0.01,0.48,0.01,1.05,0.07,0.0001,,0,,,,0,0,0,0,0,0,2.24
20,228,20228,0,,0.02,0,0.13,0,0.32,0,0.05,0,0.1,0.01,0,,0,,,,0,0,0,0,0,0,0.03
20,229,20229,0.02,,0.04,0,0.93,0,2.71,0.01,0,0,0,0,0,,0,25.68,,,0,0,0,0,0,0,0
20,230,20230,0,0.02,0.02,0,0.21,0,0.41,0,0.03,0,0.06,0,0,,0,,,,0,0,0,0,0,0,0.63
20,231,20231,0.01,,0.03,0,0.46,0,1.08,0,0.01,0,0.03,0,0,,0,,,,0,0,0,0,0,0,0
20,232,20232,0.06,,0.32,0,3.42,0,8.51,0.02,0.16,0,0.34,0.02,0,,0,,,0.88,0,0,0,0,0,0,83.41
20,233,20233,0.01,,0.07,0,0.34,0,0.76,0,0.04,0,0.09,0.01,0,,0,,,,0,0,0,0,0,0,3.46
20,234,20234,0.02,,0.02,0,1.42,0,3.16,0.01,0,0,0,0,0,,0,,,,0,0,0,0,0,0,0.47
20,235,20235,0.01,,0.02,0,0.71,0,1.45,0,0.66,0.02,1.43,0.1,0.0001,,0,,,,0,0,0,0,0,0,0
20,236,20236,0,,0.03,0,0.26,0,0.6,0,0,0,0,0,0,,0,,,,0,0,0,0,0,0,0
20,237,20237,0.01,0,0.08,0,0.45,0,0.9,0,0.05,0,0.1,0.01,0,,0,,,,0,0,0,0,0,0,1.44
20,238,20238,0,,0.01,0,0.16,0,0.33,0,0.01,0,0.02,0,0,,0,,,,0,0,0,0,0,0,1.66
20,239,20239,0,,0.01,0,0.24,0,0.43,0,0,0,0,0,0,,0,,,0.88,0,0,0,0,0,0,1.18
20,240,20240,0.01,,0.01,0,0.39,0,1.09,0,0,0,0,0,0,,0,,,,0,0,0,0,0,0,1.4
20,241,20241,0,,0.04,0,0.23,0,0.42,0,0.06,0,0.12,0.01,0,,0,,,,0,0,0,0,0,0,0.6
20,242,20242,0.04,,0.11,0,1.48,0,5.31,0.01,0.02,0,0.04,0,0,,0,,,,0,0,0,0,0,0,1.72
20,243,20243,0,,0.05,0,0.33,0,0.7,0,1.55,0.05,3.36,0.23,0.0002,,0,8.14,,,0,0,0,0,0,0,4.48
20,244,20244,0.01,,0.06,0,0.72,0,1.54,0,0.06,0,0.12,0.01,0,,0,0.55,,0.88,0,0,0,0,0,0,0.3
20,245,20245,0,,0.02,0,0.26,0,0.51,0,0.03,0,0.06,0,0,,0,,,,0,0,0,0,0,0,1.56
20,246,20246,0,,0.03,0,0.12,0,0.25,0,0.1,0,0.22,0.01,0,,0,,,,0,0,0,0,0,0,0
20,247,20247,0,0,0.11,0,0.29,0,0.56,0,0.04,0,0.08,0.01,0,,0,0.03,,0.88,0,0,0,0,0,0,0
20,248,20248,0.04,,0.19,0,2.08,0,5.42,0.01,0.17,0,0.36,0.02,0,,0,,,,0,0,0,0,0,0,2.42
20,249,20249,0.01,,0.11,0,0.61,0,1.41,0,0.07,0,0.15,0.01,0,,0,,,,0,0,0,0,0,0,0.24
20,250,20250,0,,0.02,0,0.26,0,0.46,0,0.01,0,0.02,0,0,,0,,,0.88,0,0,0,0,0,0,3.32
20,251,20251,0,,0.03,0,0.21,0,0.48,0,0.01,0,0.03,0,0,,0,,,,0,0,0,0,0,0,0.43
20,252,20252,0.01,,0.04,0,0.36,0,0.74,0,0.15,0,0.32,0.02,0,,0,,,,0,0,0,0,0,0,1.28
20,253,20253,0.01,,0.05,0,0.56,0,1.13,0,0.05,0,0.1,0.01,0,,0,0.71,,,0,0,0,0,0,0,5.22
20,254,20254,0.01,,0.03,0,0.56,0,1.2,0,0.1,0,0.23,0.02,0,,0,,,,0,0,0,0,0,0,0
20,255,20255,0.01,0,0.02,0,0.33,0,0.8,0,0.07,0,0.14,0.01,0,,0,6.73,,,0,0,0,0,0,0,2.69
20,256,20256,0,0,0.01,0,0.06,0,0.1,0,0.02,0,0.04,0,0,,0,,,0.88,0,0,0,0,0,0,0.4
20,257,20257,0,,0.02,0,0.21,0,0.39,0,0,0,0,0,0,,0,,,0.88,0,0,0,0,0,0,0
20,258,20258,0,0.1,0.03,0,0.21,0,0.34,0,0,0,0,0,0,,0,,,0.88,0,0,0,0,0,0,0.64
20,259,20259,0.01,,0.07,0,0.35,0,0.95,0,0.05,0,0.1,0.01,0,,0,,,,0,0,0,0,0,0,0.77
20,260,20260,0.01,,0.06,0,0.46,0,1.13,0,0.01,0,0.02,0,0,,0,,,0.88,0,0,0,0,0,0,0
20,261,20261,0.02,,0.04,0,1,0,2.54,0.01,0.05,0,0.1,0.01,0,,0,,,,0,0,0,0,0,0,4.94
20,262,20262,0,,0.01,0,0.22,0,0.43,0,0,0,0.01,0,0,,0,,,,0,0,0,0,0,0,0
20,263,20263,0.01,,0.04,0,0.48,0,1.2,0,0.07,0,0.14,0.01,0,,0,,,,0,0,0,0,0,0,0
20,264,20264,0.01,,0.01,0,0.41,0,0.87,0,0,0,0,0,0,,0,,,0.88,0,0,0,0,0,0,2.06
20,265,20265,0.02,,0.04,0,1.33,0,2.8,0.01,0.03,0,0.07,0,0,,0,17.61,,,0,0,0,0,0,0,24.27
20,266,20266,0.02,,0.03,0,1.42,0,3.22,0.01,0.04,0,0.08,0.01,0,,0,58.18,,,0,0,0,0,0,0,6.1
20,267,20267,0,,0.01,0,0.06,0,0.12,0,0.05,0,0.1,0.01,0,,0,,,,0,0,0,0,0,0,0
20,268,20268,0,,0.03,0,0.15,0,0.33,0,0.03,0,0.07,0,0,,0,,,,0,0,0,0,0,0,4.15
20,269,20269,0.01,,0.07,0,0.7,0,1.32,0,0.06,0,0.13,0.01,0,,0,,,0.88,0,0,0,0,0,0,3.01
20,270,20270,0,,0.02,0,0.26,0,0.53,0,0.32,0.01,0.69,0.05,0,,0,,,0.88,0,0,0,0,0,0,1.67
20,271,20271,0.01,,0.02,0,0.39,0,1.02,0,0.01,0,0.03,0,0,,0,,,,0,0,0,0,0,0,7.69
20,272,20272,0.02,,0.06,0,0.71,0,2.45,0.01,0.01,0,0.02,0,0,,0,12.08,,,0,0,0,0,0,0,3.62
20,273,20273,0.01,0,0.05,0,0.57,0,1.34,0,0,0,0.01,0,0,,0,21.14,,,0,0,0,0,0,0,19.98
20,274,20274,0,0.02,0.01,0,0.23,0,0.59,0,0.01,0,0.02,0,0,,0,,,,0,0,0,0,0,0,2.2
20,275,20275,0.02,,0.12,0,0.13,0,2.58,0.01,0.04,0,0.09,0.01,0,,0,,,0.88,0,0,0,0,0,0,0.01
20,276,20276,0,,0.02,0,0.17,0,0.34,0,0.04,0,0.09,0.01,0,,0,0.66,,,0,0,0,0,0,0,0.06
20,277,20277,0.03,0.02,0.2,0,0.22,0,5.09,0.01,0.05,0,0.1,0.01,0,,0,2.5,,,0,0,0,0,0,0,0
20,278,20278,0.1,0,0.35,0,6.93,0,14.92,0.03,0.27,0.01,0.59,0.04,0,,0,,,0.88,0,0,0,0,0,0,58.68
20,279,20279,0.01,,0.05,0,0.45,0,1.15,0,0.16,0,0.34,0.02,0,,0,,,,0,0,0,0,0,0,0
20,280,20280,0.01,,0.13,0,0.57,0,0.96,0,0.1,0,0.22,0.01,0,,0,1.43,,0.88,0,0,0,0,0,0,0
20,281,20281,0,0,0.01,0,0.06,0,0.09,0,0,0,0,0,0,,0,,,0.88,0,0,0,0,0,0,0.69
20,282,20282,0,,0.03,0,0.15,0,0.29,0,0.01,0,0.02,0,0,,0,,,,0,0,0,0,0,0,2.53
20,283,20283,0,0.05,0.03,0,0.22,0,0.41,0,0.03,0,0.06,0,0,,0,,,0.88,0,0,0,0,0,0,1.55
20,284,20284,0.01,,0.03,0,0.43,0,1.47,0,0.09,0,0.2,0.01,0,,0,,,,0,0,0,0,0,0,1.75
20,285,20285,0.01,,0.05,0,0.57,0,1.32,0,0.06,0,0.12,0.01,0,,0,,,,0,0,0,0,0,0,1.54
20,286,20286,0.01,,0.07,0,0.69,0,1.42,0,0.05,0,0.11,0.01,0,,0,,,,0,0,0,0,0,0,0.75
20,287,20287,0,,0.01,0,0.11,0,0.14,0,0.02,0,0.05,0,0,,0,,,0.88,0,0,0,0,0,0,0.35
20,288,20288,0,,0.01,0,0.14,0,0.27,0,0.01,0,0.02,0,0,,0,,,,0,0,0,0,0,0,0
20,289,20289,0,,0.01,0,0.27,0,0.44,0,0.01,0,0.03,0,0,,0,,,,0,0,0,0,0,0,0
20,290,20290,0,,0.04,0,0.19,0,0.4,0,0.01,0,0.02,0,0,,0,,,,0,0,0,0,0,0,0.57
20,291,20291,0.01,0.02,0.02,0,0.71,0,1.66,0,0.05,0,0.1,0.01,0,,0,0.93,,,0,0,0,0,0,0,0
20,292,20292,0,,0.01,0,0.21,0,0.54,0,0,0,0,0,0,,0,0.05,,,0,0,0,19.04,1.75,0,4.4
20,293,20293,0.04,,0.3,0,2.91,0,2.38,0.01,0.1,0,0.22,0.01,0,,0,,,,0,0,0,8.59,0.79,0,2.64
20,294,20294,0.02,,0.27,0,1.27,0,2.54,0.01,0.37,0.01,0.79,0.05,0.0001,,0,,,,0,0,0,8.03,0.74,0,7.26
20,295,20295,0.02,,0.56,0,1.65,0,3.52,0.01,0.62,0.02,1.33,0.09,0.0001,,0,9.24,,,0,0,0,0,0,0,12.22
20,296,20296,0,,0.02,0,0.24,0,0.41,0,0.11,0,0.24,0.02,0,,0,10.42,,0.88,0,0,0,0,0,0,0
20,297,20297,0.01,,0.03,0,0.38,0,1.08,0,0,0,0.01,0,0,,0,,,0.88,0,0,0,0,0,13.67,2.27
20,298,20298,0.03,0,0.74,0,2.29,0,4.8,0.01,2.21,0.06,4.79,0.32,0.0003,,0,,,,0,0,0,0,0,0,7.43
20,299,20299,0,,0.03,0,0.2,0,0.43,0,0.72,0.02,1.55,0.1,0.0001,,0,,,,0,0,0,0,0,0,0
20,300,20300,0.02,,0.16,0,1.03,0,2.34,0.01,0.06,0,0.13,0.01,0,,0,,,,0,0,0,0,0,0,0
20,301,20301,0,,0.07,0,0.36,0,0.65,0,0.13,0,0.29,0.02,0,,0,,,,0,0,0,0,0,0,7.03
20,302,20302,0.01,,0.05,0,0.58,0,1.48,0,0.05,0,0.1,0.01,0,,0,,,,0,0,0,0,0,0,1.09
20,303,20303,0,,0.07,0,0.24,0,0.42,0,0.05,0,0.11,0.01,0,,0,0.23,,,0,0,0,0,0,0,0
20,304,20304,0,,0.01,0,0.19,0,0.38,0,0.01,0,0.03,0,0,,0,,,0.88,0,0,0,0,0,0,1.53
20,305,20305,0.01,,0.23,0,0.91,0,1.65,0,0.18,0.01,0.4,0.03,0,,0,,,,0,0,0,19.6,1.81,0,8.72
20,306,20306,0.01,,0.02,0,0.66,0,1.69,0,0,0,0,0,0,,0,,,,0,0,0,0,0,5.9,1.14
20,307,20307,0.03,0.02,0.1,0,2.02,0,3.78,0.01,0.14,0,0.31,0.02,0,,0,,,,0,0,0,0,0,0.6,7.5
20,308,20308,0.01,,0.05,0,0.54,0,1.14,0,0.13,0,0.29,0.02,0,,0,,,,0,0,0,0,0,0,2.95
20,309,20309,0.03,,0.16,0,2.18,0,4.68,0.01,0.05,0,0.1,0.01,0,,0,,,,0,0,0,0,0,0,15.68
20,310,20310,0.02,,0.07,0,1.02,0,2.28,0.01,0.23,0.01,0.49,0.03,0,,0,,,,0,0,0,0,0,0,5.25
20,311,20311,0,,0.01,0,0.07,0,0.12,0,0.55,0.02,1.19,0.08,0.0001,,0,,,0.88,0,0,0,22.78,2.1,0,0.06
20,312,20312,0.03,,0.09,0,1.74,0,4.39,0.01,0.03,0,0.07,0,0,,0,,,,0,0,0,0,0,0,1.44
20,313,20313,0,,0.01,0,0.23,0,0.35,0,1.49,0.04,3.22,0.22,0.0002,,0,0.49,,0.88,0,0,0,0,0,0,0.07
20,314,20314,0,0.02,0.21,0,0.32,0,0.69,0,0.03,0,0.07,0,0,,0,,,,0,0,0,0,0,0,0.46
20,315,20315,0.01,,0.02,0,0.33,0,0.76,0,0.05,0,0.1,0.01,0,,0,,,,0,0,0,0,0,0,5.5
20,316,20316,0,,0.04,0,0.14,0,0.31,0,0.02,0,0.04,0,0,,0,,,,0,0,0,0,0,0,0
20,317,20317,0,,0.01,0,0.33,0,0.58,0,0,0,0,0,0,,0,0.31,,0.88,0,0,0,0,0,0.74,1.07
20,318,20318,0.1,,4.12,0,7.04,0,14.43,0.03,3.01,0.09,6.52,0.44,0.0004,,0,0.33,,,6.02,0.75,1.69,0,0,0,0.32
20,319,20319,0,,0.02,0,0.23,0,0.46,0,0,0,0,0,0,,0,,,,0,0,0,0,0,0,0
20,320,20320,0,,0.02,0,0.16,0,0.32,0,0.04,0,0.08,0.01,0,,0,,,,0,0,0,0,0,0,0.57
20,321,20321,0,,0.04,0,0.19,0,0.36,0,0,0,0,0,0,,0,,,0.88,0,0,0,0,0,0,0.83
20,322,20322,0,,0.01,0,0.18,0,0.38,0,0,0,0,0,0,,0,,,,0,0,0,0,0,0,0.11
20,323,20323,0.01,,0.03,0,0.39,0,0.93,0,0.03,0,0.07,0,0,,0,,,0.88,0,0,0,0,0,0,0
20,324,20324,0.11,,1.92,0,7.32,0,16.62,0.04,1.83,0.05,3.96,0.27,0.0003,,0,2.62,,,0,0,0,0,0,0,5.85
20,325,20325,0.03,,0.15,0,0.18,0,4.21,0.01,0.4,0.01,0.86,0.06,0.0001,,0,,,,0,0,0,0,0,0,4.2
20,326,20326,0.01,,0.03,0,0.76,0,1.97,0,0,0,0,0,0,,0,,,,0,0,0,0,0,0,0.74
20,327,20327,0.04,0,0.54,0,3.15,0,5.84,0.01,0.4,0.01,0.86,0.06,0.0001,,0,,,,0,0,0,69.63,6.41,0,71.36
20,328,20328,0,,0,0,0.17,0,0.46,0,0.59,0.02,1.28,0.09,0.0001,,0,,,,0,0,0,0,0,0,4.86
20,329,20329,0,0,0.03,0,0.29,0,0.56,0,0,0,0.01,0,0,,0,,,,0,0,0,0,0,0,2.3
20,330,20330,0.01,,0.02,0,0.8,0,1.77,0,0.02,0,0.04,0,0,,0,,,,0,0,0,0,0,0,0.38
20,331,20331,0,,0.06,0,0.18,0,0.28,0,0.06,0,0.13,0.01,0,,0,,,0.88,0,0,0,0,0,0,1.39
20,332,20332,0,,0.01,0,0.1,0,0.16,0,0,0,0,0,0,,0,,,0.88,0,0,0,0,0,0,0.64
20,333,20333,0.01,,0.12,0,0.58,0,1.13,0,0.12,0,0.26,0.02,0,,0,,,,0,0,0,0,0,0,5.57
20,334,20334,0.12,,1.42,0,8.34,0,17.46,0.04,1.14,0.03,2.47,0.17,0.0002,,0,4.09,,,0,0,0,0,0,0,23.09
20,335,20335,0,,0.01,0,0.22,0,0.4,0,0,0,0,0,0,,0,,,0.88,0,0,0,0,0,0,0
20,336,20336,0.01,,0.04,0,0.45,0,1.18,0,0.02,0,0.04,0,0,,0,37.45,,,0,0,0,0,0,0,0
20,337,20337,0.01,,0.27,0,0.91,0,1.85,0,0.11,0,0.24,0.02,0,,0,0.38,,,0,0,0,0,0,0,0
20,338,20338,0.02,,0.8,0,1.5,0,3.27,0.01,1.24,0.04,2.68,0.18,0.0002,,0,,,,0,0,0,5.6,0.52,14.57,1.95
20,339,20339,0.01,0,0.19,0,0.77,0,1.57,0,0.97,0.03,2.1,0.14,0.0001,,0,,,0.88,0,0,0,0,0,0,2.73
20,340,20340,0.01,0,0.03,0,0.5,0,0.74,0,0.05,0,0.11,0.01,0,,0,,,,0,0,0,0,0,0,2.42
20,341,20341,0,,0.01,0,0.06,0,0.1,0,0.01,0,0.02,0,0,,0,,,0.88,0,0,0,0,0,0,0.67
20,342,20342,0.01,,0.11,0,0.36,0,0.77,0,0.05,0,0.1,0.01,0,,0,,,,0,0,0,0,0,0,1.41
20,343,20343,0,,0.05,0,0.33,0,0.65,0,0.04,0,0.08,0.01,0,,0,,,,0,0,0,0,0,0,2.6
20,344,20344,0.01,,0.05,0,0.44,0,1.07,0,0.05,0,0.11,0.01,0,,0,,,,0,0,0,0,0,0,0
20,345,20345,0.01,,0.04,0,0.66,0,1.44,0,0.02,0,0.05,0,0,,0,,,,0,0,0,0,0,0,0.95
20,346,20346,0,,0.02,0,0.37,0,0.6,0,0.32,0.01,0.7,0.05,0,,0,,,0.88,0,0,0,0,0,0,1.87
20,347,20347,0.01,,0.05,0,0.57,0,1.31,0,0.81,0.02,1.75,0.12,0.0001,,0,0.05,,,0,0,0,0,0,0,0
20,348,20348,0.02,,0.19,0,1.36,0,2.96,0.01,0.09,0,0.21,0.01,0,,0,0.9,,,0,0,0,0,0,0,4.26
20,349,20349,0.01,,0.02,0,0.43,0,0.84,0,0.03,0,0.07,0,0,,0,,,,0,0,0,0,0,0.61,2.21
20,350,20350,0.05,,0.71,0,3.48,0,0.03,0.02,0.73,0.02,1.57,0.11,0.0001,,0,,,,0,0,0,0,0,0,0.63
20,351,20351,0.01,,0.04,0,0.42,0,0.79,0,0,0,0,0,0,,0,,,,0,0,0,0,0,0,0
20,352,20352,0.01,,0.02,0,0.24,0,1.06,0,0,0,0,0,0,,0,,,,0,0,0,0,0,0,0.88
20,353,20353,0,0.02,0.02,0,0.32,0,0.73,0,0,0,0.01,0,0,,0,,,,0,0,0,0,0,0,0
20,354,20354,0,,0.01,0,0.12,0,0.24,0,0,0,0,0,0,,0,,,,0,0,0,0,0,0,0.07
20,355,20355,0,,0.01,0,0.17,0,0.34,0,0.03,0,0.07,0,0,,0,7.97,,,0,0,0,0,0,0,0.06
20,356,20356,0.01,0,0.07,0,0.45,0,0.85,0,1.18,0.03,2.55,0.17,0.0002,,0,,,,0,0,0,0,0,0,2.04
20,357,20357,0,,0.02,0,0.25,0,0.43,0,0.2,0.01,0.43,0.03,0,,0,,,,0,0,0,0,0,0,0
20,358,20358,0,,0.03,0,0.41,0,0.72,0,0.02,0,0.04,0,0,,0,0.11,,,0,0,0,0,0,0,4.33
20,359,20359,0,0.02,0.04,0,0.23,0,0.4,0,0.02,0,0.04,0,0,,0,,,0.88,0,0,0,0,0,0,0
20,360,20360,0.01,,0.09,0,0.63,0,1.37,0,0.04,0,0.09,0.01,0,,0,,,0.88,0,0,0,0,0,0,3.57
20,361,20361,0,,0.02,0,0.19,0,0.42,0,0,0,0.01,0,0,,0,,,,0,0,0,0,0,0,0
20,362,20362,0,0.02,0.03,0,0.26,0,0.55,0,0.01,0,0.02,0,0,,0,,,,0,0,0,0,0,0,0
20,363,20363,0.01,0,0.03,0,0.53,0,1.06,0,0.02,0,0.04,0,0,,0,0.24,,0.88,0,0,0,0,0,0,0
20,364,20364,0.04,,0.7,0,2.42,0,6.16,0.01,0.44,0.01,0.95,0.06,0.0001,,0,69.06,,,0,0,0,0,0,0,10.09
20,365,20365,0,0.02,0.01,0,0.28,0,0.47,0,0,0,0,0,0,,0,,,0.88,0,0,0,0,0,0,0
20,366,20366,0.01,,0.08,0,0.71,0,1.78,0,0.05,0,0.1,0.01,0,,0,,,,0,0,0,0,0,0,0.96
20,367,20367,0.01,0.02,0.05,0,0.75,0,1.89,0,0.16,0,0.35,0.02,0,,0,,,,0,0,0,0,0,0,1.13
20,368,20368,0,,0.01,0,0.32,0,0.73,0,0.15,0,0.33,0.02,0,,0,,,,0,0,0,0,0,0,1.85
20,369,20369,0,,0.05,0,0.38,0,0.67,0,0.06,0,0.13,0.01,0,,0,,,,0,0,0,0,0,0,2.08
20,370,20370,0,,0.01,0,0.15,0,0.26,0,0,0,0,0,0,,0,,,0.88,0,0,0,0,0,0,0.85
20,371,20371,0,,0.03,0,0.25,0,0.39,0,0.03,0,0.06,0,0,,0,,,,0,0,0,0,0,0,0.79
20,372,20372,0.01,,0.03,0,0.38,0,0.8,0,0,0,0,0,0,,0,0.28,,,0,0,0,0,0,0,1.83
20,373,20373,0,,0.01,0,0.1,0,0.17,0,0.02,0,0.04,0,0,,0,,,,0,0,0,0,0,0,0.6
20,374,20374,0,,0.01,0,0.27,0,0.56,0,0.03,0,0.06,0,0,,0,,,,0,0,0,0,0,0,0.11
20,375,20375,0.03,,0.3,0,1.88,0,3.77,0.01,0.26,0.01,0.55,0.04,0,,0,,,,0,0,0,0,0,0,0.32
20,376,20376,0,,0.02,0,0.08,0,0.16,0,0,0,0,0,0,,0,,,,0,0,0,0,0,0,0.23
20,377,20377,0.03,0,0.06,0,1.96,0,4.45,0.01,1.33,0.04,2.88,0.19,0.0002,,0,7.97,,,0,0,0,0,0,0,0
20,378,20378,0.01,,0.05,0,0.61,0,1.28,0,0.06,0,0.13,0.01,0,,0,1.27,,0.88,0,0,0,0,0,0,6.17
20,379,20379,0.01,,0.01,0,0.52,0,1.15,0,0,0,0.01,0,0,,0,,,,0,0,0,0,0,0,1.44
20,380,20380,0.01,,0.06,0,0.42,0,0.82,0,0.43,0.01,0.93,0.06,0.0001,,0,,,,0,0,0,0,0,0,2.28
20,381,20381,0.01,0.02,0.18,0,0.55,0,1.06,0,0.22,0.01,0.48,0.03,0,,0,,,,0,0,0,0,0,0,2.03
20,382,20382,0,,0.03,0,0.25,0,0.49,0,0.02,0,0.04,0,0,,0,,,,0,0,0,0,0,0,0.97
20,383,20383,0,,0.01,0,0.12,0,0.23,0,0,0,0,0,0,,0,,,0.88,0,0,0,0,0,0,0.75
20,384,20384,0.01,0,0.07,0,0.65,0,1.68,0,1.35,0.04,2.93,0.2,0.0002,,0,,,,0,0,0,0,0,0.01,0
20,385,20385,0.19,,2.8,0,1.36,0,5.58,0.06,2.78,0.08,6.02,0.41,0.0004,,0,,,,0,0,0,14.75,1.36,0,2.1
20,386,20386,0.05,0,0.03,0,0.27,0,7.18,0.02,0,0,0,0,0,,0,3.41,,,0,0,0,0,0,0,0
20,387,20387,0.01,0,0.12,0,0.61,0,1.14,0,0.02,0,0.04,0,0,,0,0.23,,0.88,0,0,0,0,0,0,8.96
20,388,20388,0.01,,0.02,0,0.39,0,0.97,0,0,0,0,0,0,,0,,,,0,0,0,0,0,0,4.17
20,389,20389,0,,0.02,0,0.19,0,0.42,0,0.01,0,0.02,0,0,,0,,,,0,0,0,0,0,3.95,1.61
20,390,20390,0.13,,3.69,0,9.61,0,19.59,0.04,6.2,0.18,13.43,0.91,0.0009,,0,,,,0,0,0,6.53,0.6,0,0.2
20,391,20391,0.01,,0.02,0,0.52,0,1.29,0,0.01,0,0.03,0,0,,0,,,,0,0,0,0,0,0,0
20,392,20392,0.02,,0.03,0,1.24,0,2.74,0.01,0,0,0.01,0,0,,0,3.1,,,0,0,0,0,0,0,0
20,393,20393,0.01,,0.05,0,0.54,0,1.53,0,0.02,0,0.04,0,0,,0,,,,0,0,0,0,0,0,4.02
20,394,20394,0.01,,0.04,0,0.6,0,1.08,0,0.01,0,0.02,0,0,,0,,,0.88,0,0,0,0,0,0,0.01
20,395,20395,0,,0.03,0,0.35,0,0.7,0,0,0,0,0,0,,0,,,0.88,0,0,0,0,0,0,2.33
20,396,20396,0.01,,0.04,0,0.66,0,1.38,0,0.02,0,0.05,0,0,,0,,,,0,0,0,0,0,0.23,0.44
20,397,20397,0.1,,1.82,0,6.96,0,14.81,0.03,1.39,0.04,3.01,0.2,0.0002,,0,4.86,,0.88,0,0,0,0,0,0,5.51
20,398,20398,0.01,,0.26,0,0.92,0,1.88,0,0.24,0.01,0.52,0.04,0,,0,4.34,,,0,0,0,0,0,0,8.16
20,399,20399,0.06,0,0.95,0,3.9,0,2.52,0.02,4.59,0.13,9.93,0.67,0.0007,,0,0.38,,,0,0,0,0,0,0,2.07
20,400,20400,0,,0.05,0,0.33,0,0.57,0,0.06,0,0.13,0.01,0,,0,,,,0,0,0,0,0,0,0.57
20,401,20401,0.06,,0.82,0,3.46,0,8.23,0.02,0.16,0,0.34,0.02,0,,0,,,,0,0,0,0,0,0,8.26
20,402,20402,0,,0.02,0,0.2,0,0.42,0,0.01,0,0.02,0,0,,0,,,,0,0,0,0,0,0,0.88
20,403,20403,0.01,,0.21,0,0.45,0,0.25,0,0.5,0.01,1.08,0.07,0.0001,,0,,,,0,0,0,0,0,0,0.84
20,404,20404,0,,0.03,0,0.18,0,0.32,0,0.01,0,0.02,0,0,,0,,,0.88,0,0,0,0,0,0,2.99
20,405,20405,0,0,0.1,0,0.43,0,0.72,0,0.66,0.02,1.44,0.1,0.0001,,0,4.21,,0.88,0,0,0,0,0,0,0.69
20,406,20406,0.06,,0.13,0,3.86,0,8.81,0.02,0.08,0,0.16,0.01,0,,0,,,,0,0,0,0,0,0,3.95
20,407,20407,0.03,,0.03,0,1.54,0,3.7,0.01,0.02,0,0.04,0,0,,0,411.35,,,0,0,0,0,0,0,27.75
20,408,20408,0,,0,0,0.1,0,0.19,0,0,0,0,0,0,,0,,,0.88,0,0,0,0,0,0.23,0.43
20,409,20409,0.02,0.02,0.61,0,1.84,0,0.36,0.01,3.2,0.09,6.92,0.47,0.0005,,0,,,,0,0,0,0,0,0,2.36
20,410,20410,0.01,,0.03,0,0.78,0,1.56,0,0,0,0,0,0,,0,1.75,,,0,0,0,0,0,0,0
20,411,20411,0,,0.03,0,0.13,0,0.3,0,0.01,0,0.03,0,0,,0,,,,0,0,0,0,0,0,0.8
20,412,20412,0.01,,0.06,0,0.58,0,1.25,0,0.15,0,0.33,0.02,0,,0,,,,0,0,0,0,0,0.17,13.91
20,413,20413,0.1,,4.38,0,7.25,0,14.22,0.03,1.32,0.04,2.86,0.19,0.0002,,0,5.04,,,27.49,7.43,117.32,0,0,0,5.37
20,414,20414,0.03,,0.2,0,2.07,0,4.39,0.01,0.38,0.01,0.83,0.06,0.0001,,0,,,,0,0,0,0,0,0,5.53
20,415,20415,0.01,0,0.05,0,0.81,0,1.82,0,0.05,0,0.1,0.01,0,,0,,,,0,0,0,0,0,0,0
20,416,20416,0,,0.02,0,0.16,0,0.25,0,0.61,0.02,1.32,0.09,0.0001,,0,,,0.88,0,0,0,9.33,0.86,0,0.04
20,417,20417,0.03,0,0.05,0,1.75,0,3.83,0.01,0.01,0,0.02,0,0,,0,,,0.88,0,0,0,0,0,0,43.22
20,418,20418,0.03,,0.44,0,2.52,0,4.76,0.01,0.41,0.01,0.88,0.06,0.0001,,0,,,,0,0,0,0,0,0,8.63
20,419,20419,0,,0.02,0,0.13,0,0.24,0,0.02,0,0.05,0,0,,0,,,0.88,0,0,0,0,0,0,0
20,420,20420,0,,0.03,0,0.23,0,0.62,0,0,0,0,0,0,,0,,,,0,0,0,0,0,0,0
20,421,20421,0.01,0,0.14,0,0.99,0,1.82,0,0.07,0,0.15,0.01,0,,0,,,,0,0,0,0,0,0,5.45
20,422,20422,0,0,0.01,0,0.16,0,0.26,0,0.01,0,0.02,0,0,,0,,,0.88,0,0,0,0,0,0,0.87
20,423,20423,0,0,0.01,0,0.14,0,0.24,0,0.01,0,0.02,0,0,,0,0.19,,0.88,0,0,0,0,0,0,0.72
20,424,20424,0.01,,0.03,0,0.68,0,1.72,0,0.01,0,0.02,0,0,,0,0.13,,,0,0,0,0,0,0,0
20,425,20425,0.01,,0.03,0,0.43,0,0.89,0,0,0,0.01,0,0,,0,,,,0,0,0,0,0,0,0.21
20,426,20426,0.02,,0.03,0,1.14,0,3.27,0.01,0.02,0,0.05,0,0,,0,0.09,,0.88,0,0,0,0,0,0,20.94
20,427,20427,0.04,0.02,0.29,0,3.08,0,5.94,0.01,0.27,0.01,0.57,0.04,0,,0,,,,0,0,0,10.45,0.96,0,8.47
20,428,20428,0,,0.02,0,0.28,0,0.66,0,0.01,0,0.03,0,0,,0,6.58,,,0,0,0,0,0,0,0
20,429,20429,0,,0.02,0,0.31,0,0.64,0,0,0,0,0,0,,0,0.11,,,0,0,0,0,0,0,0
20,430,20430,0,0,0.02,0,0.08,0,0.13,0,0,0,0.01,0,0,,0,0.86,,,0,0,0,0,0,0,0.69
20,431,20431,0,,0.06,0,0.34,0,0.72,0,0.07,0,0.15,0.01,0,,0,,,0.88,0,0,0,37.71,3.47,0,0.19
20,432,20432,0,,0.02,0,0.22,0,0.4,0,0.06,0,0.12,0.01,0,,0,,,0.88,0,0,0,0,0,0,0
20,433,20433,0.01,,0.01,0,0.45,0,1.13,0,0,0,0.01,0,0,,0,,,,0,0,0,0,0,0,0.98
20,434,20434,0.01,,0.02,0,0.8,0,1.9,0,0,0,0,0,0,,0,,,,0,0,0,0,0,0,0.25
20,435,20435,0.01,,0.05,0,0.46,0,0.99,0,0.01,0,0.03,0,0,,0,,,,0,0,0,0,0,0,0
20,436,20436,0,,0.01,0,0.19,0,0.39,0,1.82,0.05,3.93,0.27,0.0003,,0,,,0.88,0,0,0,0,0,0,0.05
20,437,20437,0.03,,0.18,0,1.55,0,3.85,0.01,0.27,0.01,0.59,0.04,0,,0,,,,0,0,0,0,0,0,0.01
20,438,20438,0,,0.02,0,0.31,0,0.67,0,0.01,0,0.03,0,0,,0,,,,0,0,0,0,0,0,0.09
20,439,20439,0.06,,0.07,0,3.84,0,9.09,0.02,0.03,0,0.06,0,0,,0,,,,0,0,0,0,0,0,9.2
20,440,20440,0,,0.03,0,0.22,0,0.38,0,0.02,0,0.04,0,0,,0,,,,0,0,0,0,0,0,1.86
20,441,20441,0.02,,0.15,0,1.35,0,3.12,0.01,2.93,0.09,6.34,0.43,0.0004,,0,,,,0,0,0,0,0,0,6.45
20,442,20442,0,,0.02,0,0.08,0,0.13,0,0.01,0,0.02,0,0,,0,,,,0,0,0,0,0,0,0
20,443,20443,0,,0.01,0,0.11,0,0.18,0,0.29,0.01,0.64,0.04,0,,0,,,0.88,0,0,0,0,0,0,0
20,444,20444,0,,0.01,0,0.09,0,0.18,0,0.01,0,0.03,0,0,,0,,,,0,0,0,0,0,0,0.42
20,445,20445,0,,0.01,0,0.23,0,0.55,0,0,0,0,0,0,,0,,,0.88,0,0,0,0,0,0,1.26
20,446,20446,0.02,,0.02,0,1.13,0,2.78,0.01,0.05,0,0.11,0.01,0,,0,,,,0,0,0,0,0,0,6.15
20,447,20447,0.04,,0.22,0,2.53,0,5.88,0.01,0.13,0,0.28,0.02,0,,0,9.4,,,0,0,0,0,0,0,0
20,448,20448,0.01,,0.03,0,0.29,0,0.78,0,0,0,0,0,0,,0,0.73,,,0,0,0,0,0,0,0
20,449,20449,0.01,,0.07,0,0.71,0,1.35,0,0.15,0,0.32,0.02,0,,0,,,,0,0,0,0,0,0,9.36
20,450,20450,0.03,,0.04,0,1.83,0,4.76,0.01,0.01,0,0.02,0,0,,0,,,,0,0,0,0,0,0,0
20,451,20451,0,,0.03,0,0.2,0,0.35,0,0,0,0,0,0,,0,,,0.88,0,0,0,0,0,0,2.07
20,452,20452,0.01,,0.1,0,0.74,0,1.64,0,0.78,0.02,1.68,0.11,0.0001,,0,,,,0,0,0,11.2,1.03,0.11,5.09
20,453,20453,0.01,,0.11,0,0.86,0,1.56,0,0.17,0,0.36,0.02,0,,0,,,,0,0,0,0,0,0,3.27
20,454,20454,0.01,,0.03,0,0.6,0,1.36,0,0,0,0,0,0,,0,,,,0,0,0,0,0,0,0.01
20,455,20455,0.01,,0.07,0,0.44,0,0.97,0,0.08,0,0.16,0.01,0,,0,,,,0,0,0,0,0,0,1.09
20,456,20456,0,,0.06,0,0.31,0,0.64,0,0.07,0,0.15,0.01,0,,0,,,,0,0,0,0,0,0,0.46
20,457,20457,0.01,,0.03,0,0.61,0,1.32,0,0.01,0,0.02,0,0,,0,0.58,,0.88,0,0,0,0,0,0,0.01
20,458,20458,0,0,0.03,0,0.3,0,0.59,0,0.02,0,0.04,0,0,,0,,,,0,0,0,0,0,0,0
20,459,20459,0.01,0,0.14,0,1.11,0,1.8,0,0.18,0.01,0.39,0.03,0,,0,,,,0,0,0,0,0,0,4.14
20,460,20460,0.01,,0.06,0,0.96,0,2.13,0,0.03,0,0.07,0,0,,0,,,,0,0,0,0,0,0,15.02
20,461,20461,0,0.05,0.01,0,0.16,0,0.23,0,0.01,0,0.02,0,0,,0,,,,0,0,0,0,0,0,0.85
20,462,20462,0.01,0,0.12,0,0.84,0,1.72,0,0.19,0.01,0.41,0.03,0,,0,,,,0,0,0,0,0,0,2.11
20,463,20463,0,0,0.01,0,0.18,0,0.26,0,0,0,0.01,0,0,,0,0.3,,0.88,0,0,0,25.76,2.37,0,1.89
20,464,20464,0,0.02,0.03,0,0.11,0,0.18,0,0.13,0,0.28,0.02,0,,0,,,0.88,0,0,0,0,0,0,1.22
20,465,20465,0,,0.08,0,0.27,0,0.62,0,0.04,0,0.09,0.01,0,,0,61.09,,,0,0,0,0,0,0,0
20,466,20466,0.03,0,0.06,0,1.77,0,4.94,0.01,0.01,0,0.02,0,0,,0,7.8,,,0,0,0,0,0,0,2.76
20,467,20467,0.05,,0.7,0,3.42,0,7.37,0.02,0.66,0.02,1.44,0.1,0.0001,,0,,,,0,0,0,0,0,0,14.83
20,468,20468,0.04,,0.05,0,2.12,0,5.32,0.01,0.01,0,0.02,0,0,,0,,,,0,0,0,0,0,0,32.42
20,469,20469,0.1,0,1.39,0,5.53,0,14.3,0.03,0.79,0.02,1.71,0.12,0.0001,,0,40.12,,,0,0,0,0,0,0,4.15
20,470,20470,0.01,,0.03,0,0.98,0,1.87,0,0.01,0,0.02,0,0,,0,,,,0,0,0,0,0,0,24.78
20,471,20471,0,,0.01,0,0.1,0,0.18,0,0,0,0,0,0,,0,,,0.88,0,0,0,0,0,0,0
20,472,20472,0.01,0,0.13,0,0.69,0,1.16,0,0.04,0,0.08,0.01,0,,0,,,,0,0,0,0,0,0,6.01
20,473,20473,0,,0.01,0,0.28,0,0.55,0,0.04,0,0.08,0.01,0,,0,,,,0,0,0,0,0,0,0
20,474,20474,0.01,0.02,0.07,0,0.63,0,1.29,0,0.05,0,0.1,0.01,0,,0,,,,0,0,0,0,0,0,1.6
20,475,20475,0.03,,0.39,0,1.66,0,3.94,0.01,0.76,0.02,1.64,0.11,0.0001,,0,1.34,,,0,0,0,0,0,0,8.52
20,476,20476,0,,0.01,0,0.07,0,0.11,0,0.01,0,0.03,0,0,,0,0.93,,,0,0,0,0,0,0,0.31
20,477,20477,0,,0.01,0,0.28,0,0.64,0,0,0,0.01,0,0,,0,,,,0,0,0,0,0,0,0
20,478,20478,0.01,0,0.03,0,0.49,0,0.84,0,0.03,0,0.07,0,0,,0,,,0.88,0,0,0,0,0,0,0.36
20,479,20479,0,,0.01,0,0.06,0,0.08,0,0,0,0,0,0,,0,,,0.88,0,0,0,0,0,0,0.46
20,480,20480,0,,0,0,0.19,0,0.37,0,0,0,0,0,0,,0,0.42,,0.88,0,0,0,0,0,0,0.89
20,481,20481,0.01,,0.01,0,0.43,0,0.93,0,0.24,0.01,0.52,0.04,0,,0,,,,0,0,0,0,0,0,5.84
20,482,20482,0.13,,3.06,0,8.92,0,19.03,0.04,1.45,0.04,3.13,0.21,0.0002,,0,0.7,,,0,0,0,0,0,0,14.37
20,483,20483,0.02,,0.22,0,1.74,0,3.65,0.01,0.07,0,0.15,0.01,0,,0,,,,0,0,0,32.3,2.97,0,8.23
20,484,20484,0.01,,0.18,0,0.76,0,1.69,0,0.08,0,0.16,0.01,0,,0,,,,0,0,0,0,0,0,2.63
20,485,20485,0.01,0.02,0.03,0,0.49,0,1.2,0,0,0,0,0,0,,0,,,,0,0,0,0,0,0,1.35
20,486,20486,0.01,0,0.09,0,0.47,0,0.93,0,0.05,0,0.1,0.01,0,,0,,,0.88,0,0,0,0,0,0,3.22
20,487,20487,0.01,,0.02,0,0.36,0,0.76,0,0.02,0,0.04,0,0,,0,,,,0,0,0,0,0,0,4.7
20,488,20488,0,,0.02,0,0.04,0,0.05,0,0.02,0,0.05,0,0,,0,,,0.88,0,0,0,0,0,0,0.27
20,489,20489,0.01,0.02,0.02,0,0.88,0,2.02,0,0.01,0,0.02,0,0,,0,1.17,,,0,0,0,0,0,0,1.64
20,490,20490,0.01,,0.01,0,0.53,0,1.19,0,0,0,0.01,0,0,,0,,,,0,0,0,0,0,0,0.21
20,491,20491,0.01,,0.02,0,0.56,0,1.68,0,0.38,0.01,0.83,0.06,0.0001,,0,17.18,,,0,0,0,0,0,0,0
20,492,20492,0.01,0,0.05,0,0.73,0,1.43,0,0.01,0,0.03,0,0,,0,,,0.88,0,0,0,0,0,0,3.54
20,493,20493,0,0,0.01,0,0.13,0,0.2,0,0.03,0,0.07,0,0,,0,,,0.88,0,0,0,0,0,0,2.98
20,494,20494,0.01,,0.02,0,0.71,0,1.87,0,0,0,0,0,0,,0,,,,0,0,0,0,0,0,9.95
20,495,20495,0.01,,0.04,0,0.53,0,1.21,0,0.02,0,0.04,0,0,,0,1.17,,,0,0,0,0,0,0,0
20,496,20496,0,0,0.02,0,0.38,0,0.72,0,0.05,0,0.1,0.01,0,,0,0.66,,0.88,0,0,0,0,0,0,0
20,497,20497,0.01,,0.03,0,0.55,0,1.57,0,0.05,0,0.1,0.01,0,,0,,,,0,0,0,0,0,0,1.06
20,498,20498,0.02,,0.01,0,1.11,0,2.36,0.01,0,0,0,0,0,,0,10.85,,,0,0,0,0,0,0,76.25
20,499,20499,0.01,,0.16,0,0.43,0,0.82,0,0.19,0.01,0.42,0.03,0,,0,,,0.88,0,0,0,0,0,0,0.69
20,500,20500,0.02,,0.09,0,1.6,0,3.08,0.01,0.1,0,0.22,0.01,0,,0,30.82,,0.88,0,0,0,0,0,0,3.46
20,501,20501,0,,0.03,0,0.19,0,0.32,0,0.01,0,0.03,0,0,,0,,,,0,0,0,0,0,0,0.5
20,502,20502,0.01,,0.06,0,0.98,0,2.09,0,0,0,0,0,0,,0,,,0.88,0,0,0,0,0,0,0.01
20,503,20503,0,,0.02,0,0.1,0,0.19,0,0.24,0.01,0.51,0.03,0,,0,,,,0,0,0,0,0,0,0
20,504,20504,0,0.02,0.08,0,0.29,0,0.64,0,0.06,0,0.13,0.01,0,,0,,,0.88,0,0,0,0,0,0,0
20,505,20505,0.02,,0.3,0,1.8,0,3.13,0.01,0.47,0.01,1.03,0.07,0.0001,,0,,,0.88,0,0,0,0,0,0,19.26
20,506,20506,0,,0.02,0,0.17,0,0.32,0,0.38,0.01,0.83,0.06,0.0001,,0,,,,0,0,0,0,0,0,2.77
20,507,20507,0.01,,0.07,0,0.55,0,1.29,0,0.02,0,0.05,0,0,,0,,,,0,0,0,0,0,0,1.36
20,508,20508,0,0,0.06,0,0.35,0,0.59,0,0.05,0,0.11,0.01,0,,0,,,,0,0,0,0,0,0,7.95
20,509,20509,0.03,,0.06,0,1.37,0,3.75,0.01,0.07,0,0.15,0.01,0,,0,3.63,,,0,0,0,0,0,0,3.96
20,510,20510,0,,0.01,0,0.29,0,0.68,0,0.06,0,0.13,0.01,0,,0,,,,0,0,0,0,0,0,0.42
20,511,20511,0.01,,0.01,0,0.59,0,1.39,0,0.02,0,0.05,0,0,,0,,,0.88,0,0,0,0,0,0,3.94
20,512,20512,0,,0.02,0,0.16,0,0.41,0,0.01,0,0.03,0,0,,0,,,,0,0,0,0,0,0,0
20,513,20513,0.02,,0.13,0,1.66,0,3.25,0.01,0.19,0.01,0.42,0.03,0,,0,,,,0,0,0,0,0,0,25.14
20,514,20514,0,,0.01,0,0.18,0,0.37,0,0,0,0,0,0,,0,,,0.88,0,0,0,0,0,0.41,0
20,515,20515,0.17,0,3.63,0,1.21,0,12.23,0.05,3.23,0.09,7,0.47,0.0005,,0,0.35,,,0,0,0,40.51,3.73,0,32.43
20,516,20516,0.01,0.02,0.08,0,0.76,0,1.71,0,0,0,0.01,0,0,,0,14.1,,,0,0,0,0,0,0,0
20,517,20517,0.01,,0.06,0,0.67,0,1.59,0,0.1,0,0.22,0.01,0,,0,,,,0,0,0,0,0,0,0
20,518,20518,0,,0.02,0,0.04,0,0.06,0,0.03,0,0.07,0,0,,0,,,0.88,0,0,0,0,0,0,0.69
20,519,20519,0.01,,0.09,0,0.52,0,0.2,0,0.37,0.01,0.79,0.05,0.0001,,0,,,,0,0,0,0,0,8.19,1.3
20,520,20520,0.02,,0.23,0,1.25,0,2.8,0.01,0.19,0.01,0.41,0.03,0,,0,,,,0,0,0,0,0,0,4.57
20,521,20521,0,,0.01,0,0.08,0,0.12,0,0,0,0,0,0,,0,,,0.88,0,0,0,0,0,0,0.4
20,522,20522,0,,0.05,0,0.21,0,0.4,0,0.01,0,0.03,0,0,,0,0.19,,,0,0,0,0,0,0,0
20,523,20523,0,,0.06,0,0.37,0,0.63,0,0.04,0,0.08,0.01,0,,0,,,0.88,0,0,0,0,0,0,4.2
20,524,20524,0,,0.02,0,0.12,0,0.19,0,0,0,0,0,0,,0,,,,0,0,0,0,0,0,0.97
20,525,20525,0.03,,0.42,0,2.42,0,4.59,0.01,0.54,0.02,1.17,0.08,0.0001,,0,10.82,,,0,0,0,12.13,1.12,0,39.5
20,526,20526,0.04,,0.2,0,2.63,0,6.21,0.01,0.11,0,0.24,0.02,0,,0,0.14,,,0,0,0,0,0,0,7.17
20,527,20527,0.01,,0.01,0,0.45,0,1.13,0,0,0,0.01,0,0,,0,,,,0,0,0,0,0,0,0.08
20,528,20528,0,,0.08,0,0.28,0,0.48,0,0.02,0,0.05,0,0,,0,,,,0,0,0,0,0,0,0.84
20,529,20529,0,,0.01,0,0.15,0,0.57,0,0,0,0,0,0,,0,,,,0,0,0,0,0,0,0.37
20,530,20530,0.01,,0.06,0,0.5,0,1.24,0,0.84,0.02,1.82,0.12,0.0001,,0,,,,0,0,0,0,0,0,8.06
20,531,20531,0.01,0,0.09,0,0.39,0,0.8,0,0.76,0.02,1.65,0.11,0.0001,,0,0.37,,,0,0,0,0,0,0,6.16
20,532,20532,0.01,,0.02,0,0.69,0,1.62,0,0,0,0,0,0,,0,0.28,,0.88,0,0,0,0,0,0,3.25
20,533,20533,0.01,,0.05,0,0.39,0,0.79,0,0.09,0,0.2,0.01,0,,0,,,,0,0,0,0,0,0,0
20,534,20534,0.01,,0.04,0,0.66,0,1.45,0,0.31,0.01,0.67,0.05,0,,0,,,,0,0,0,0,0,0,8.6
20,535,20535,0.01,0,0.05,0,0.46,0,1.35,0,0.02,0,0.05,0,0,,0,1.32,,,0,0,0,0,0,0,0
20,536,20536,0,,0.01,0,0.14,0,0.2,0,0.02,0,0.05,0,0,,0,,,0.88,0,0,0,0,0,0,1.08
20,537,20537,0.02,0,0.11,0,1.36,0,2.78,0.01,0.09,0,0.18,0.01,0,,0,,,,0,0,0,0,0,0,4.74
20,538,20538,0,,0.01,0,0.15,0,0.3,0,0.04,0,0.09,0.01,0,,0,,,,0,0,0,0,0,0,0
20,539,20539,0.01,0,0.17,0,0.84,0,1.79,0,0.11,0,0.25,0.02,0,,0,,,,0,0,0,0,0,0,7.54
20,540,20540,0.02,,0.55,0,1.41,0,2.84,0.01,0.74,0.02,1.59,0.11,0.0001,,0,,,0.88,0,0,0,0,0,0,3.97
20,541,20541,0,,0.06,0,0.41,0,0.68,0,0.24,0.01,0.51,0.03,0,,0,,,,0,0,0,0,0,0,0
20,542,20542,0,,0.01,0,0.18,0,0.32,0,0.01,0,0.02,0,0,,0,,,,0,0,0,0,0,0,1.83
20,543,20543,0.02,,0.08,0,0.95,0,2.3,0.01,0.12,0,0.26,0.02,0,,0,,,,0,0,0,0,0,0,6.86
20,544,20544,0,,0.05,0,0.28,0,0.53,0,0.06,0,0.12,0.01,0,,0,29.21,,0.88,0,0,0,0,0,0,0
20,545,20545,0.03,,0.62,0,1.77,0,3.72,0.01,0.43,0.01,0.92,0.06,0.0001,,0,,,0.88,0,0,0,3.92,0.36,0,0.21
20,546,20546,0.02,,0.37,0,1.11,0,2.4,0.01,6.49,0.19,14.05,0.95,0.0009,,0,,,,0,0,0,0,0,0,2.56
20,547,20547,0,,0.04,0,0.25,0,0.4,0,0.03,0,0.07,0,0,,0,,,0.88,0,0,0,0,0,0,1.87
20,548,20548,0,,0.07,0,0.37,0,0.62,0,0.06,0,0.12,0.01,0,,0,,,0.88,0,0,0,0,0,0,2.46
20,549,20549,0.03,,0.23,0,2.21,0,4.72,0.01,0.23,0.01,0.5,0.03,0,,0,,,,0,0,0,0,0,0,13.79
20,550,20550,0.01,0,0.19,0,0.96,0,2,0,0.27,0.01,0.59,0.04,0,,0,,,,0,0,0,0,0,0.07,4.17
20,551,20551,0.05,0,1.64,0,3.38,0,7.07,0.02,2.77,0.08,6,0.4,0.0004,,0,,,,0,0,0,8.03,0.74,0,20.84
20,552,20552,0,,0.03,0,0.12,0,0.2,0,0,0,0,0,0,,0,,,0.88,0,0,0,0,0,0,0.99
20,553,20553,0.02,,0.89,0,0.17,0,0.77,0.01,3.6,0.11,7.8,0.53,0.0005,,0,0.63,,,0,0,0,5.79,0.53,0,4.75
20,554,20554,0.01,,0.05,0,0.95,0,2.05,0,0.09,0,0.2,0.01,0,,0,0.01,,0.88,0,0,0,0,0,0,0.01
20,555,20555,0.01,,0.03,0,0.56,0,1.2,0,0,0,0.01,0,0,,0,,,,0,0,0,0,0,0,6.21
20,556,20556,0,,0.01,0,0.06,0,0.1,0,0,0,0,0,0,,0,,,0.88,0,0,0,0,0,0.05,0.55
20,557,20557,0.04,,0.73,0,2.87,0,5.56,0.01,0.69,0.02,1.5,0.1,0.0001,,0,,,0.88,0,0,0,0,0,0,9.98
20,558,20558,0,,0.02,0,0.33,0,0.64,0,0.01,0,0.03,0,0,,0,,,,0,0,0,0,0,0,0.08
20,559,20559,0.06,0,0.6,0,4.09,0,9.07,0.02,0.46,0.01,1,0.07,0.0001,,0,,,,0,0,0,0,0,0,41.94
20,560,20560,0.02,0,0.13,0,1.24,0,2.51,0.01,0.19,0.01,0.42,0.03,0,,0,,,0.88,0,0,0,0,0,0,4.77
20,561,20561,0.01,0,0.03,0,0.44,0,1.05,0,0.17,0,0.37,0.02,0,,0,,,,0,0,0,0,0,0,8.54
20,562,20562,0,0,0.03,0,0.25,0,0.51,0,0.14,0,0.31,0.02,0,,0,,,0.88,0,0,0,0,0,0,0.9
20,563,20563,0,,0.03,0,0.28,0,0.5,0,0.01,0,0.02,0,0,,0,,,,0,0,0,0,0,0,3.08
20,564,20564,0,0,0.03,0,0.26,0,0.5,0,0.35,0.01,0.75,0.05,0.0001,,0,,,,0,0,0,0,0,0,2.74
20,565,20565,0.08,,1.84,0,5.48,0,1.13,0.03,1.15,0.03,2.48,0.17,0.0002,,0,,,,0,0,0,12.51,1.15,0,7.69
20,566,20566,0.01,0,0.01,0,0.6,0,1.39,0,0.01,0,0.02,0,0,,0,,,,0,0,0,0,0,0,0
20,567,20567,0.01,,0.09,0,0.66,0,1.33,0,0,0,0.01,0,0,,0,,,,0,0,0,0,0,0,2.27
20,568,20568,0,,0.05,0,0.29,0,0.59,0,0.21,0.01,0.45,0.03,0,,0,,,,0,0,0,0,0,0,0.77
20,569,20569,0,,0.05,0,0.39,0,0.71,0,0.02,0,0.04,0,0,,0,,,0.88,0,0,0,0,0,0,2.78
20,570,20570,0.05,0.02,0.81,0,3.62,0,7.87,0.02,1.58,0.05,3.43,0.23,0.0002,,0,1.6,,0.88,0,0,0,0,0,0,12.53
21,1,21001,0.16,,2.7,0.02,1.98,0.5,22.75,0.05,3.71,0.11,6.54,1.26,0.0005,,0,0.93,,0.64,0,0,0,72.86,6.71,0,31.07
21,2,21002,0.02,,0.28,0,4.2,0.08,3.61,0.01,0.43,0.01,0.76,0.15,0.0001,,0,,,,0,0,0,0,0,0.12,0
21,3,21003,0.1,,2.4,0.03,15.57,0.31,13.93,0.03,1.71,0.05,3.01,0.58,0.0002,,0,,,,0,0,0,0,0,0,23.02
21,4,21004,0.14,,2.26,0.03,17.01,0.43,19.78,0.04,7.63,0.22,13.46,2.59,0.0011,,0,0.37,,0.64,0,0,0,0,0,0,0
21,5,21005,0.01,,0.04,0,1.39,0.03,1.25,0,3.66,0.11,6.45,1.24,0.0005,,0,,,,0,0,0,0,0,0,5.34
21,6,21006,0.04,,0.16,0,5.58,0.13,5.89,0.01,0.13,0,0.23,0.05,0,,0,,,,0,0,0,0,0,0,0
21,7,21007,0.01,,0.03,0,1.48,0.03,1.46,0,0.03,0,0.06,0.01,0,,0,,,,0,0,0,0,0,59.66,1.54
21,8,21008,0.03,,0.2,0,0.44,0.09,4.1,0.01,0.16,0,0.28,0.05,0,,0,1.94,,,0,0,0,7.55,0.7,0,4.8
21,9,21009,0.01,0,0.06,0,1.05,0.02,0.85,0,0.04,0,0.08,0.01,0,,0,,,,0,0,0,0,0,0,1.25
21,10,21010,0.16,,1.12,0.02,20.02,0.51,23.44,0.05,17.1,0.5,30.17,5.81,0.0025,,0,,,0.64,0,0,0,0,0,0,1.86
21,11,21011,0.01,,0.12,0,0.84,0.02,0.75,0,0.09,0,0.16,0.03,0,,0,,,,0,0,0,0,0,0,1.57
21,12,21012,0.02,,0.15,0,2.75,0.06,2.59,0.01,0.07,0,0.13,0.02,0,,0,0.42,,0.64,0,0,0,0,0,0.05,16.7
21,13,21013,0.05,,0.93,0.01,0.69,0.16,7.38,0.02,3.45,0.1,6.08,1.17,0.0005,,0,,,0.64,0,0,0,29.03,2.67,0,2.88
21,14,21014,0.01,,0.07,0,2.29,0.05,2.14,0,0.11,0,0.2,0.04,0,,0,,,,0,0,0,0,0,2.24,0
21,15,21015,0.23,,2.88,0.04,32.71,0.74,3.81,0.07,7.7,0.22,13.58,2.62,0.0011,,0,5.51,,0.64,0,0,0,51.38,4.73,0,16.66
21,16,21016,0.02,,0.05,0,3.45,0.07,3.16,0.01,0.49,0.01,0.86,0.17,0.0001,,0,18.89,,,0,0,0,0,0,0.19,0.19
21,17,21017,0.06,,0.39,0.01,0.89,0.21,9.49,0.02,0.84,0.02,1.48,0.29,0.0001,,0,,,,0,0,0,8.13,0.75,0,0
21,18,21018,0.01,0,0.05,0,1.72,0.03,1.55,0,0.09,0,0.15,0.03,0,,0,,,0.64,0,0,0,0,0,0.01,0.4
21,19,21019,0.36,0,8.85,0.13,57.74,1.15,52.31,0.12,17.12,0.5,30.21,5.82,0.0025,,0,1.74,,,0,0,0,87.66,8.07,0,26.91
21,20,21020,0.02,,0.2,0,2.48,0.06,2.65,0.01,1.26,0.04,2.23,0.43,0.0002,,0,,,0.64,0,0,0,0,0,0,3.52
21,21,21021,0,,0.03,0,0.63,0.01,0.53,0,0.03,0,0.06,0.01,0,,0,,,0.64,0,0,0,0,0,0,1.48
21,22,21022,0.03,0,0.29,0,4.79,0.1,4.72,0.01,0.36,0.01,0.64,0.12,0.0001,,0,0.21,,,0,0,0,0,0,0,10.79
21,23,21023,0.02,,0.16,0,2.96,0.08,3.44,0.01,0.43,0.01,0.76,0.15,0.0001,,0,1.13,,,0,0,0,0,0,0,13.52
21,24,21024,0,,0.03,0,0.55,0.01,0.4,0,0.02,0,0.04,0.01,0,,0,,,,0,0,0,0,0,3.8,0.92
21,25,21025,0.02,,0.29,0,3.55,0.07,3.38,0.01,0.36,0.01,0.64,0.12,0.0001,,0,,,,0,0,0,0,0,0,0
21,26,21026,0.04,,0.55,0.01,5.85,0.13,5.7,0.01,0.31,0.01,0.55,0.11,0,,0,1.52,,,0,0,0,0,0,0,9.61
21,27,21027,0.01,,0.02,0,2.3,0.04,1.94,0,0.04,0,0.07,0.01,0,,0,,,0.64,0,0,0,0,0,0,0.21
21,28,21028,0.01,,0.03,0,1.03,0.02,0.95,0,0.05,0,0.08,0.02,0,,0,,,,0,0,0,0,0,0,0
21,29,21029,0.01,,0.09,0,1.65,0.04,1.63,0,0.18,0.01,0.33,0.06,0,,0,,,,0,0,0,0,0,0,0
21,30,21030,0,,0.02,0,0.36,0.01,0.31,0,0.03,0,0.06,0.01,0,,0,,,,0,0,0,0,0,0,0
21,31,21031,0.01,,0.17,0,1.58,0.03,1.33,0,0.23,0.01,0.41,0.08,0,,0,,,,0,0,0,0,0,0,5.79
21,32,21032,0,,0.03,0,0.7,0.01,0.58,0,0.08,0,0.13,0.03,0,,0,,,,0,0,0,0,0,0,2.77
21,33,21033,0.01,,0.06,0,1.9,0.04,1.92,0,3.03,0.09,5.35,1.03,0.0004,,0,,,,0,0,0,0,0,0,5.02
21,34,21034,0.09,,1.2,0.02,11.45,0.28,0.49,0.03,7.38,0.21,13.02,2.51,0.0011,,0,,,,0,0,0,0,0,0,8.01
21,35,21035,0.06,0,0.48,0.01,8.47,0.19,8.46,0.02,2.52,0.07,4.45,0.86,0.0004,,0,,,,0,0,0,58.05,5.35,0,0
21,36,21036,0.04,,0.07,0,0.53,0.12,5.4,0.01,0.15,0,0.27,0.05,0,,0,,,,0,0,0,0,0,0,0
21,37,21037,0.01,,0.04,0,1.28,0.02,0.96,0,0.44,0.01,0.77,0.15,0.0001,,0,,,0.64,0,0,0,0,0,0,1.14
21,38,21038,0.02,,0.21,0,2.77,0.07,3.08,0.01,0.98,0.03,1.72,0.33,0.0001,,0,,,,0,0,0,24.96,2.3,0,2.35
21,39,21039,0.02,,0.1,0,4.18,0.08,3.64,0.01,0.12,0,0.21,0.04,0,,0,,,,0,0,0,0,0,0,0
21,40,21040,0.02,,0.04,0,3.41,0.07,3.31,0.01,1.77,0.05,3.13,0.6,0.0003,,0,,,0.64,0,0,0,0,0,3.07,10.89
21,41,21041,0.16,,2.13,0.03,26.38,0.52,2.43,0.05,101.16,2.93,178.5,34.38,0.0147,,0,,,,0,0,0,0,0,0,8.97
21,42,21042,0.01,,0.05,0,1.65,0.03,1.38,0,0.18,0.01,0.31,0.06,0,,0,,,,0,0,0,0,0,0.02,4.76
21,43,21043,0.13,,0.73,0.01,18.47,0.43,19.61,0.04,0.6,0.02,1.05,0.2,0.0001,,0,,,,0,0,0,0,0,0,0
21,44,21044,0.04,,0.36,0.01,6.24,0.13,6.15,0.01,0.39,0.01,0.69,0.13,0.0001,,0,1.69,,0.64,0,0,0,58.35,5.37,0.39,25.43
21,45,21045,0.12,,2.02,0.03,17.94,0.38,17.5,0.04,3.64,0.11,6.43,1.24,0.0005,,0,1.27,,,0,0,0,49.06,4.52,0.64,52.65
21,46,21046,0.02,,0.22,0,2.51,0.06,2.65,0.01,1.71,0.05,3.02,0.58,0.0002,,0,0.33,,0.64,0,0,0,41.8,3.85,1.4,0.08
21,47,21047,0.05,,1.15,0.02,0.88,0.17,7.91,0.02,0.82,0.02,1.44,0.28,0.0001,,0,,,0.64,0,0,0,0,0,0,23.22
21,48,21048,0.05,,0.43,0.01,7.08,0.16,1.49,0.02,0.62,0.02,1.1,0.21,0.0001,,0,,,,0,0,0,0,0,0,6.09
21,49,21049,0.04,,0.1,0,0.57,0.13,5.81,0.01,0.13,0,0.23,0.04,0,,0,,,,0,0,0,0,0,0,0
21,50,21050,0.07,,0.1,0,7.78,0.22,9.88,0.02,0.07,0,0.12,0.02,0,,0,,,,0,0,0,0,0,11.22,10.41
21,51,21051,0.1,0,1.6,0.02,16.72,0.31,14.06,0.03,4.99,0.14,8.81,1.7,0.0007,,0,,,0.64,0,0,0,57.18,5.27,0,25.63
21,52,21052,0,,0.04,0,0.69,0.01,0.49,0,1.33,0.04,2.35,0.45,0.0002,,0,,,,0,0,0,0,0,3.07,0
21,53,21053,0.15,0,1.83,0.03,23.58,0.48,22.07,0.05,3.79,0.11,6.69,1.29,0.0006,,0,0.38,,0.64,0,0,0,0,0,0.61,0.21
21,54,21054,0.08,0,0.43,0.01,10.13,0.24,11.17,0.02,5.31,0.15,9.37,1.81,0.0008,,0,8.52,,,0,0,0,11.03,1.02,0,0
21,55,21055,0.01,0.15,0.14,0,0.23,0.04,1.95,0,0.74,0.02,1.31,0.25,0.0001,,0,,,0.64,0,0,0,0,0,0.1,2.9
21,56,21056,0,,0.06,0,0.69,0.01,0.53,0,0.05,0,0.08,0.02,0,,0,,,,0,0,0,0,0,1.77,0.51
21,57,21057,0.02,,0.08,0,3.13,0.06,2.86,0.01,0.18,0.01,0.33,0.06,0,,0,,,,0,0,0,0,0,0,2.35
21,58,21058,0.05,,0.45,0.01,6.09,0.17,7.84,0.02,0.22,0.01,0.39,0.08,0,,0,,,,0,0,0,0,0,0,21.34
21,59,21059,0.01,,0.14,0,1.16,0.02,0.97,0,0.11,0,0.19,0.04,0,,0,,,,0,0,0,0,0,0,1.12
21,60,21060,0.02,0,0.12,0,2.33,0.05,0.16,0.01,0.14,0,0.24,0.05,0,,0,,,,0,0,0,0,0,0,2.56
21,61,21061,0.03,,0.11,0,4.67,0.11,4.86,0.01,0.02,0,0.04,0.01,0,,0,,,,0,0,0,0,0,0,0
21,62,21062,0.01,0,0.06,0,2.1,0.04,1.83,0,0.04,0,0.07,0.01,0,,0,,,0.64,0,0,0,0,0,0,5.84
21,63,21063,0.04,,0.67,0.01,6.35,0.13,5.74,0.01,0.45,0.01,0.8,0.15,0.0001,,0,0,,,0,0,0,60.09,5.53,0,18.88
21,64,21064,0.05,,0.31,0,7.91,0.15,6.86,0.02,0.46,0.01,0.82,0.16,0.0001,,0,,,,0,0,0,0,0,0,1.41
21,65,21065,0.05,,0.38,0.01,7.12,0.16,7.47,0.02,0.29,0.01,0.51,0.1,0,,0,1.17,,0.64,0,0,0,0,0,0,1.81
21,66,21066,0.02,,0.17,0,0.32,0.06,2.72,0.01,0.12,0,0.21,0.04,0,,0,,,0.64,0,0,0,0,0,0,19.97
21,67,21067,0.04,,0.77,0.01,6.44,0.14,6.44,0.01,1.69,0.05,2.99,0.58,0.0002,,0,3.91,,,0,0,0,0,0,0,7.34
21,68,21068,0.02,,0.06,0,3.36,0.07,3.24,0.01,0.12,0,0.22,0.04,0,,0,,,,0,0,0,0,0,0,0
21,69,21069,0.07,,0.36,0.01,11.21,0.24,10.89,0.02,0.29,0.01,0.52,0.1,0,,0,,,,0,0,0,28.16,2.59,4.07,17.62
21,70,21070,0.02,,0.04,0,3.1,0.06,2.8,0.01,0.77,0.02,1.36,0.26,0.0001,,0,,,,0,0,0,0,0,1.07,0.11
21,71,21071,0.27,0,5.32,0.08,41.72,0.85,38.91,0.09,3.76,0.11,6.63,1.28,0.0005,,0,4.35,,,0,0,0,0,0,0,0.1
21,72,21072,0.05,,0.25,0,0.61,0.15,6.69,0.01,0.34,0.01,0.59,0.11,0,,0,,,,0,0,0,0,0,0,0
21,73,21073,0.02,,0.49,0.01,3.83,0.08,3.57,0.01,0.32,0.01,0.57,0.11,0,,0,,,0.64,0,0,0,0,0,0.7,8.96
21,74,21074,0.18,,2.68,0.04,0.02,0.56,12.42,0.06,33.59,0.97,59.27,11.42,0.0049,,0,,,,79.36,14.69,0,35.12,3.23,0,16.02
21,75,21075,0.03,,0.23,0,4.6,0.1,4.76,0.01,0.42,0.01,0.74,0.14,0.0001,,0,,,,0,0,0,0,0,0,0
21,76,21076,0.08,,0.41,0.01,11.9,0.25,11.18,0.02,3.22,0.09,5.69,1.1,0.0005,,0,,,,0,0,0,0,0,0,0
21,77,21077,0.01,,0.04,0,1.95,0.04,2,0,0.06,0,0.11,0.02,0,,0,,,,0,0,0,0,0,0,0
21,78,21078,0.04,,0.07,0,5.06,0.11,5.18,0.01,0.13,0,0.23,0.04,0,,0,,,,0,0,0,0,0,0,0
21,79,21079,0.01,,0.13,0,2.17,0.05,2.08,0,0.35,0.01,0.62,0.12,0.0001,,0,,,,0,0,0,0,0,0,6.25
21,80,21080,0.01,,0.06,0,1.29,0.03,1.3,0,0.08,0,0.13,0.03,0,,0,,,,0,0,0,0,0,0.06,0
21,81,21081,0.01,,0.07,0,1.71,0.03,1.54,0,0.11,0,0.19,0.04,0,,0,,,,0,0,0,0,0,0.49,4.59
21,82,21082,0.02,,0.28,0,3.53,0.07,3.19,0.01,0.26,0.01,0.45,0.09,0,,0,,,0.64,0,0,0,0,0,0,2.35
21,83,21083,0.07,0,0.03,0,10.94,0.24,10.78,0.02,0.37,0.01,0.65,0.13,0.0001,,0,39.13,,0.64,0,0,0,0,0,0,0.11
21,84,21084,0.02,,0.09,0,2.79,0.06,2.89,0.01,0.22,0.01,0.39,0.08,0,,0,,,,0,0,0,0,0,12.73,0
21,85,21085,0.2,0,5.5,0.08,33.61,0.65,29.73,0.07,5.02,0.15,8.86,1.71,0.0007,,0,0.02,,0.64,0,0,0,60.67,5.59,0,36.39
21,86,21086,0.04,,0.01,0,5.43,0.11,5.17,0.01,0.03,0,0.06,0.01,0,,0,,,,0,0,0,0,0,7.47,0.96
21,87,21087,0.03,,0.35,0.01,5.42,0.11,5.04,0.01,1.48,0.04,2.61,0.5,0.0002,,0,0.14,,,0,0,0,0,0,0,7.17
21,88,21088,0.01,,0.08,0,2.19,0.04,2,0,0.11,0,0.19,0.04,0,,0,,,,0,0,0,0,0,0,0
21,89,21089,0.04,,0.19,0,5.47,0.12,5.46,0.01,0.15,0,0.27,0.05,0,,0,,,,0,0,0,0,0,0.06,0
21,90,21090,0.04,,0.54,0.01,0.6,0.14,0.26,0.01,7.56,0.22,13.35,2.57,0.0011,,0,,,,0,0,0,0,0,1.01,6.41
21,91,21091,0.03,,0.52,0.01,4.81,0.09,4.12,0.01,0.46,0.01,0.82,0.16,0.0001,,0,,,,0,0,0,0,0,0,0
21,92,21092,0.01,,0.07,0,2.41,0.05,2.13,0,0.95,0.03,1.68,0.32,0.0001,,0,,,0.64,0,0,0,0,0,0,1.13
21,93,21093,0.02,,0.02,0,3.43,0.07,3.33,0.01,0,0,0.01,0,0,,0,4.3,,,0,0,0,0,0,0,6.85
21,94,21094,0.08,,1.31,0.02,12,0.27,12.13,0.03,1.19,0.03,2.1,0.4,0.0002,,0,5.61,,0.64,0,0,0,88.24,8.13,0,27.33
21,95,21095,0,0,0.02,0,0.19,0,0.18,0,0.18,0.01,0.32,0.06,0,,0,,,,0,0,0,0,0,0,0
21,96,21096,0.01,,0.07,0,1.09,0.02,1.04,0,0.09,0,0.15,0.03,0,,0,0.4,,,0,0,0,44.12,4.06,0,5.39
21,97,21097,0.01,,0.1,0,0.86,0.02,0.93,0,0.06,0,0.1,0.02,0,,0,,,0.64,0,0,0,0,0,0,0.75
21,98,21098,0.02,,0.09,0,2.71,0.05,2.45,0.01,0.09,0,0.17,0.03,0,,0,,,0.64,0,0,0,0,0,0,3.07
21,99,21099,0.05,0,0.3,0,8.31,0.17,7.65,0.02,0.46,0.01,0.8,0.15,0.0001,,0,,,0.64,0,0,0,76.34,7.03,0,15.5
21,100,21100,0.03,,0.06,0,4.11,0.09,4.17,0.01,0.11,0,0.19,0.04,0,,0,,,,0,0,0,0,0,0,0
21,101,21101,0.01,,0.04,0,1.69,0.03,1.47,0,0.15,0,0.26,0.05,0,,0,,,,0,0,0,0,0,1.05,0
21,102,21102,0.03,,0.67,0.01,4.01,0.1,4.5,0.01,1.29,0.04,2.27,0.44,0.0002,,0,0.28,,,0,0,0,0,0,0,7.37
21,103,21103,0.02,,0.12,0,2.24,0.05,2.35,0.01,0.35,0.01,0.61,0.12,0.0001,,0,1.77,,,0,0,0,0,0,0,0
21,104,21104,0.07,,0.48,0.01,9.18,0.23,10.45,0.02,0.39,0.01,0.69,0.13,0.0001,,0,,,0.64,0,0,0,93.47,8.61,0,20.52
21,105,21105,0.01,,0.04,0,0.22,0.04,1.94,0,0.06,0,0.11,0.02,0,,0,0.37,,,0,0,0,0,0,10.56,3.55
21,106,21106,0.06,,0.69,0.01,8.53,0.2,5.26,0.02,4.84,0.14,8.54,1.65,0.0007,,0,,,,0,0,0,0,0,0,1.6
21,107,21107,0.04,,0.09,0,4.87,0.11,5.18,0.01,0.19,0.01,0.34,0.07,0,,0,,,,0,0,0,0,0,10.43,0
21,108,21108,0.04,0,0.65,0.01,6.09,0.13,6.15,0.01,1.36,0.04,2.4,0.46,0.0002,,0,0.55,,,0,0,0,14.8,1.36,0.01,16.99
21,109,21109,0.05,,0.42,0.01,8.39,0.17,7.8,0.02,3,0.09,5.29,1.02,0.0004,,0,,,0.64,0,0,0,0,0,0,0
21,110,21110,0.11,,0.87,0.01,16.07,0.37,16.74,0.04,0.78,0.02,1.38,0.27,0.0001,,0,2.02,,0.64,0,0,0,0,0,0.11,15.52
21,111,21111,0.05,,0.3,0,8.55,0.17,7.82,0.02,0.55,0.02,0.96,0.19,0.0001,,0,,,0.64,0,0,0,0,0,0.07,1.35
21,112,21112,0.03,0.15,0.22,0,4.46,0.09,3.91,0.01,0.34,0.01,0.6,0.12,0,,0,,,0.64,0,0,0,0,0,0.03,11.26
21,113,21113,0.01,,0.13,0,2.33,0.04,1.75,0,0.08,0,0.13,0.03,0,,0,,,,0,0,0,0,0,210.88,3.55
21,114,21114,4.36,,135.95,1.97,752.04,13.95,19.01,1.42,290.63,8.42,512.85,98.78,0.0422,,0.01,10.78,64.93457644,,0,0,0,67.34,6.2,0,25.62
21,115,21115,0.12,,1.06,0.02,17.08,0.4,18.19,0.04,0.72,0.02,1.27,0.25,0.0001,,0,,,0.64,0,0,0,0,0,0,15
21,116,21116,0.06,,0.1,0,7.05,0.18,8.4,0.02,0.07,0,0.12,0.02,0,,0,2.4,,,0,0,0,0,0,0,13.7
21,117,21117,0.04,,1.1,0.02,5.53,0.12,5.54,0.01,21.08,0.61,37.2,7.17,0.0031,,0,,,0.64,0,0,0,0,0,0,3.09
21,118,21118,0.07,,0.68,0.01,9.16,0.23,10.34,0.02,0.38,0.01,0.68,0.13,0.0001,,0,,,,0,0,0,0,0,1.11,8.2
21,119,21119,0.24,,2.71,0.04,37.53,0.75,1.66,0.08,19.26,0.56,33.99,6.55,0.0028,,0,,,,0,0,0,0,0,0,4.8
21,120,21120,0.01,,0.05,0,1.72,0.04,1.93,0,0.02,0,0.03,0.01,0,,0,,,0.64,0,0,0,0,0,2.45,0.13
21,121,21121,0,0.15,0.02,0,0.62,0.01,0.55,0,0.16,0,0.28,0.05,0,,0,,,,0,0,0,0,0,0,0.91
21,122,21122,0.02,,0.17,0,3.82,0.08,2.24,0.01,0.16,0,0.28,0.05,0,,0,0.85,,0.64,0,0,0,0,0,0,6.41
21,123,21123,0.01,,0.01,0,1.86,0.04,1.85,0,0.02,0,0.03,0.01,0,,0,,,,0,0,0,0,0,0,0
21,124,21124,0.04,0,0.6,0.01,5.68,0.13,5.73,0.01,3.28,0.1,5.79,1.12,0.0005,,0,,,0.64,0,0,0,0,0,0,2.82
21,125,21125,0.02,,0.4,0.01,0.33,0.07,0.08,0.01,4.83,0.14,8.52,1.64,0.0007,,0,,,,0,0,0,0,0,0.14,1.6
21,126,21126,0.02,,0.03,0,2.12,0.05,2.24,0,0.04,0,0.07,0.01,0,,0,0.1,,,0,0,0,0,0,0,6.09
21,127,21127,0.01,,0.08,0,2.14,0.04,1.65,0,0.37,0.01,0.65,0.13,0.0001,,0,,,,0,0,0,0,0,0,2.14
21,128,21128,0.02,,0.15,0,3.27,0.07,3.18,0.01,0.11,0,0.2,0.04,0,,0,,,,0,0,0,45.86,4.22,0,12.96
21,129,21129,0.03,,0.26,0,5.43,0.11,5.09,0.01,0.42,0.01,0.74,0.14,0.0001,,0,,,0.64,0,0,0,0,0,0,1.5
21,130,21130,0.01,,0.08,0,1.6,0.03,1.42,0,0.05,0,0.08,0.02,0,,0,,,0.64,0,0,0,26.12,2.41,0,22.57
21,131,21131,0,,0.02,0,0.38,0.01,0.33,0,0.86,0.03,1.52,0.29,0.0001,,0,,,,0,0,0,0,0,2.68,0
21,132,21132,0.38,,13.05,0.19,56.59,1.22,1.6,0.12,35.38,1.03,62.44,12.03,0.0051,,0,,,,0,0,0,33.38,3.07,0,16.02
21,133,21133,0,,0.03,0,0.4,0.01,0.33,0,0.02,0,0.04,0.01,0,,0,,,,0,0,0,0,0,0,2.07
21,134,21134,0.05,,0.4,0.01,7.27,0.16,7.31,0.02,0.39,0.01,0.69,0.13,0.0001,,0,,,0.64,0,0,0,0,0,0,11.21
21,135,21135,0,,0.02,0,0.35,0.01,0.25,0,0.85,0.02,1.51,0.29,0.0001,,0,,,,0,0,0,0,0,0,1.76
21,136,21136,0.03,,0.64,0.01,4.5,0.1,0.1,0.01,5.53,0.16,9.76,1.88,0.0008,,0,,,,0,0,0,0,0,20.9,1.28
21,137,21137,0.02,,0.16,0,3.41,0.08,3.58,0.01,0.12,0,0.22,0.04,0,,0,3.29,,,0,0,0,0,0,0,8.88
21,138,21138,0.03,0,0.62,0.01,4.01,0.09,4.18,0.01,0.23,0.01,0.4,0.08,0,,0,19.88,,,0,0,0,0,0,0,5.12
21,139,21139,0.01,,0.16,0,1.59,0.03,1.43,0,0.15,0,0.26,0.05,0,,0,,,0.64,0,0,0,0,0,3,4.22
21,140,21140,0.33,,8.56,0.12,52.19,1.06,0.52,0.11,39.64,1.15,69.95,13.47,0.0058,,0,,,,0,0,0,64.44,5.93,0,14.41
21,141,21141,0.01,,0.12,0,1.64,0.03,1.38,0,0.15,0,0.27,0.05,0,,0,,,0.64,0,0,0,0,0,4.02,3.99
21,142,21142,0.07,,1.18,0.02,10.4,0.24,10.91,0.02,7.5,0.22,13.24,2.55,0.0011,,0,12.27,,,0,0,0,23.8,2.19,0,36.13
21,143,21143,0.07,,0.66,0.01,9.85,0.22,6.51,0.02,2.03,0.06,3.59,0.69,0.0003,,0,0.89,,0.64,0,0,0,0,0,0,16.02
21,144,21144,0.04,,2.07,0.03,4.54,0.11,5.21,0.01,0.41,0.01,0.73,0.14,0.0001,,0,,,,0,0,0,0,0,0,2.43
21,145,21145,0.04,,0.13,0,5.14,0.12,5.43,0.01,0.08,0,0.13,0.03,0,,0,,,,0,0,0,0,0,0,0
21,146,21146,0,,0.02,0,0.51,0.01,0.34,0,0.69,0.02,1.22,0.24,0.0001,,0,,,,0,0,0,0,0,0,0
21,147,21147,0.02,,0.16,0,2.88,0.05,2.42,0.01,1.53,0.04,2.7,0.52,0.0002,,0,,,,0,0,0,0,0,1.48,0
21,148,21148,0.03,,0.04,0,3.72,0.09,3.94,0.01,0.03,0,0.06,0.01,0,,0,,,,0,0,0,0,0,3.21,4.8
21,149,21149,0.05,,0.44,0.01,0.74,0.17,2.56,0.02,5.84,0.17,10.31,1.99,0.0008,,0,0.34,,0.64,0,0,0,34.54,3.18,0,0.58
21,150,21150,0.02,,0.11,0,3.02,0.06,2.69,0.01,0.06,0,0.11,0.02,0,,0,,,0.64,0,0,0,0,0,0,6.33
21,151,21151,0.02,,0.38,0.01,0.31,0.07,3.22,0.01,0.48,0.01,0.85,0.16,0.0001,,0,,,,0,0,0,0,0,0,1.58
21,152,21152,0.03,,0.23,0,4.58,0.1,4.76,0.01,0.18,0.01,0.33,0.06,0,,0,0.46,,,0,0,0,0,0,1.83,17.64
21,153,21153,0.05,0.15,0.45,0.01,8.26,0.17,7.79,0.02,2.63,0.08,4.64,0.89,0.0004,,0,,,0.64,0,0,0,0,0,2.71,10.89
21,154,21154,0.19,0,3.83,0.06,26.48,0.6,27.57,0.06,6.8,0.2,11.99,2.31,0.001,,0,,,0.64,0,0,0,44.12,4.06,0,31.26
21,155,21155,0.01,0,0.15,0,2.33,0.05,2.17,0,0.1,0,0.18,0.04,0,,0,,,,0,0,0,0,0,26.68,3.16
21,156,21156,0.77,0,20.85,0.3,12.07,2.45,9.81,0.25,107.79,3.12,190.21,36.64,0.0157,,0,0.4,,0.64,0,0.57,0,78.08,7.19,0.01,5.51
21,157,21157,0.03,,0.52,0.01,0.5,0.1,4.42,0.01,0.63,0.02,1.11,0.21,0.0001,,0,,,,0,0,0,0,0,0,4.76
21,158,21158,0.02,,0.14,0,3.55,0.06,2.88,0.01,0.08,0,0.13,0.03,0,,0,,,,0,0,0,0,0,0,0
21,159,21159,0.01,0,0.12,0,2.17,0.04,1.81,0,3.91,0.11,6.9,1.33,0.0006,,0,,,,0,0,0,0,0,1.01,5.04
21,160,21160,0.01,0,0.06,0,1.44,0.03,1.27,0,0.03,0,0.05,0.01,0,,0,,,,0,0,0,0,0,0,3
21,161,21161,0.05,,0.74,0.01,7.45,0.16,7.32,0.02,21.1,0.61,37.23,7.17,0.0031,,0,0.69,,,0,0,0,29.03,2.67,0,17.67
21,162,21162,0.01,,0.14,0,1.79,0.04,1.76,0,0.17,0,0.29,0.06,0,,0,,,,0,0,0,0,0,0,0
21,163,21163,0.04,,0.54,0.01,5.81,0.14,0.17,0.01,0.6,0.02,1.06,0.2,0.0001,,0,3.44,,,0,0,0,0,0,18.42,6.41
21,164,21164,0.2,,4.86,0.07,26.67,0.63,28.76,0.06,5.06,0.15,8.93,1.72,0.0007,,0,,,0.64,0,0,0,64.73,5.96,0,24.02
21,165,21165,0,,0.03,0,0.45,0.01,0.52,0,0.58,0.02,1.02,0.2,0.0001,,0,,,,0,0,0,0,0,0,2.33
21,166,21166,0.02,,0.18,0,3.42,0.07,3.2,0.01,0.14,0,0.25,0.05,0,,0,,,0.64,0,0,0,33.96,3.13,0,7.94
21,167,21167,0.03,,0.03,0,3.93,0.09,4.04,0.01,0.05,0,0.08,0.02,0,,0,1.62,,,0,0,0,0,0,0.25,0
21,168,21168,0.02,,0.23,0,2.71,0.06,2.68,0.01,0.12,0,0.21,0.04,0,,0,,,,0,0,0,0,0,6.48,17.06
21,169,21169,0.06,,0.29,0,8.7,0.18,8.2,0.02,0.64,0.02,1.14,0.22,0.0001,,0,,,,0,0,0,0,0,4.96,1.69
21,170,21170,0.05,,0.05,0,6.9,0.15,6.77,0.02,0.31,0.01,0.54,0.1,0,,0,11.49,,0.64,0,0,0,64.73,5.96,0,35.03
21,171,21171,0.01,,0.08,0,1.36,0.03,1.27,0,1.15,0.03,2.03,0.39,0.0002,,0,,,,0,0,0,0,0,0.08,2.72
21,172,21172,0.07,,0.58,0.01,11.82,0.23,10.48,0.02,0.39,0.01,0.69,0.13,0.0001,,0,19.33,,,0,0,0,0,0,0.41,0.21
21,173,21173,0.02,,0.23,0,2.67,0.05,2.38,0.01,1.22,0.04,2.16,0.42,0.0002,,0,,,,0,0,0,0,0,0.82,0
21,174,21174,0.26,,6.97,0.1,43.07,0.84,38.1,0.08,66.08,1.91,116.6,22.46,0.0096,,0,0.09,,,0,0,0,6.68,0.61,0.31,0
21,175,21175,0.03,,0.16,0,4.14,0.09,4.15,0.01,0.09,0,0.15,0.03,0,,0,3.74,,,0,0,0,0,0,0,4.8
21,176,21176,0.02,0,0.1,0,4.05,0.08,3.51,0.01,0.07,0,0.12,0.02,0,,0,,,0.64,0,0,0,0,0,0,12.93
21,177,21177,0.13,,1.14,0.02,17.89,0.42,19.09,0.04,5.27,0.15,9.31,1.79,0.0008,,0,0.28,,0.64,0,0,0,50.51,4.65,0,28.06
21,178,21178,0.05,,0.07,0,7.55,0.16,7.19,0.02,0.12,0,0.21,0.04,0,,0,,,0.64,0,0,0,0,0,0,0
21,179,21179,0.08,0,0.52,0.01,10.61,0.25,11.47,0.03,1.72,0.05,3.03,0.58,0.0002,,0,8.03,,,0,0,0,0,0,0,48.9
21,180,21180,0.1,0,0.66,0.01,14.19,0.32,14.49,0.03,0.99,0.03,1.74,0.34,0.0001,,0,11.12,,0.64,0,0,0,0,0,0,32.03
21,181,21181,0.02,,0.18,0,2.5,0.05,0.04,0.01,0.22,0.01,0.38,0.07,0,,0,,,,0,0,0,0,0,0,6.41
21,182,21182,0.01,,0.13,0,1.7,0.04,1.98,0,0.76,0.02,1.34,0.26,0.0001,,0,,,,0,0,0,0,0,0,2.55
21,183,21183,0.06,,0.08,0,7.88,0.18,8.14,0.02,0.05,0,0.09,0.02,0,,0,,,,0,0,0,0,0,0,0
21,184,21184,0.02,,0.02,0,0.27,0.06,2.58,0.01,0.02,0,0.03,0.01,0,,0,,,,0,0,0,0,0,0.03,0
21,185,21185,0.02,,0.11,0,3.67,0.08,3.42,0.01,0.17,0,0.3,0.06,0,,0,,,0.64,0,0,0,0,0,0.09,15.17
21,186,21186,0.14,0,0.98,0.01,21.29,0.44,20.19,0.05,4.94,0.14,8.71,1.68,0.0007,,0,5.25,,,0,0,0,30.19,2.78,0,0
21,187,21187,0.02,,0.08,0,2.46,0.05,2.28,0.01,0.07,0,0.12,0.02,0,,0,,,0.64,0,0,0,0,0,0,0
21,188,21188,0.04,,0.23,0,0.06,0.14,6.4,0.01,0.37,0.01,0.64,0.12,0.0001,,0,2.43,,,0,0,0,0,0,0,9.61
21,189,21189,0.05,,0.61,0.01,7.83,0.17,7.8,0.02,0.73,0.02,1.29,0.25,0.0001,,0,,,0.64,0,0,0,0,0,0,8.66
21,190,21190,0,,0.04,0,0.67,0.01,0.47,0,0.04,0,0.08,0.01,0,,0,,,,0,0,0,0,0,0,0.91
21,191,21191,0.02,,0.69,0.01,4.3,0.08,3.65,0.01,0.64,0.02,1.14,0.22,0.0001,,0,,,,0,0,0,0,0,0,3.68
21,192,21192,0.02,,0.08,0,2.69,0.05,2.51,0.01,0.21,0.01,0.38,0.07,0,,0,,,,0,0,0,0,0,0,0
21,193,21193,0.02,0,0.02,0,2.78,0.05,2.47,0.01,0.67,0.02,1.18,0.23,0.0001,,0,,,0.64,0,0,0,0,0,0,8.33
21,194,21194,0.08,,1.37,0.02,12.79,0.25,11.33,0.03,1.76,0.05,3.11,0.6,0.0003,,0,,,0.64,0,0,0,0,0,0,1.79
21,195,21195,0.06,,0.19,0,0.8,0.19,8.73,0.02,0.13,0,0.23,0.05,0,,0,,,0.64,0,0,0,0,0,0,0
21,196,21196,0,,0.1,0,0.75,0.01,0.57,0,0.07,0,0.12,0.02,0,,0,,,,0,0,0,0,0,1.58,0.58
21,197,21197,0.21,,4.07,0.06,31.73,0.67,30.6,0.07,5.89,0.17,10.39,2,0.0009,,0,,,0.64,0,0,0,0,0,0.01,0
21,198,21198,0,,0.03,0,0.53,0.01,0.53,0,0.01,0,0.02,0,0,,0,,,,0,0,0,0,0,0.01,1.41
21,199,21199,0.1,,0.69,0.01,13.34,0.32,14.81,0.03,3.66,0.11,6.46,1.24,0.0005,,0,7.19,,,0,0,0,0,0,0,0
21,200,21200,0.01,,0.1,0,1.9,0.04,1.66,0,0.15,0,0.27,0.05,0,,0,,,,0,0,0,0,0,0.71,0
21,201,21201,0.01,,0.03,0,1.45,0.03,1.3,0,0.05,0,0.09,0.02,0,,0,,,0.64,0,0,0,0,0,0,3.19
21,202,21202,0.03,,0.07,0,5.12,0.11,5.03,0.01,0.38,0.01,0.67,0.13,0.0001,,0,0.69,,,0,0,0,0,0,0,0
21,203,21203,0.02,,0.14,0,2.59,0.05,2.31,0.01,0.12,0,0.21,0.04,0,,0,,,,0,0,0,0,0,0,9.73
21,204,21204,0.02,,0.13,0,3.03,0.07,3.06,0.01,0.62,0.02,1.09,0.21,0.0001,,0,0.92,,,0,0,0,0,0,0.02,0
21,205,21205,0.06,,0.57,0.01,8.55,0.2,8.94,0.02,1.69,0.05,2.99,0.58,0.0002,,0,,,0.64,0,0,0,23.8,2.19,0,13.81
21,206,21206,0.01,0,0.06,0,1.94,0.04,1.68,0,0.13,0,0.23,0.04,0,,0,,,,0,0,0,0,0,0.73,1.85
21,207,21207,0.15,,1.82,0.03,21.57,0.47,21.61,0.05,3.54,0.1,6.24,1.2,0.0005,,0,0.14,,,0,0,0,0,0,0.95,0
21,208,21208,0.2,,3.05,0.04,3.14,0.66,29.91,0.07,4.51,0.13,7.96,1.53,0.0007,,0,14.16,,0.64,0,0,0,0,0,7.52,0.18
21,209,21209,0.02,0,0.06,0,3.69,0.07,3.33,0.01,0.53,0.02,0.94,0.18,0.0001,,0,,,0.64,0,0,0,0,0,0,0.16
21,210,21210,0.02,,0.09,0,2.37,0.05,2.22,0,0.25,0.01,0.44,0.08,0,,0,,,,0,0,0,0,0,0,0
21,211,21211,0.04,,0.91,0.01,6.75,0.14,6.19,0.01,0.73,0.02,1.28,0.25,0.0001,,0,0.36,,,0,0,0,35.41,3.26,0,0
21,212,21212,0.05,,0.32,0,7.89,0.17,7.95,0.02,3.97,0.12,7.01,1.35,0.0006,,0,5,,,0,0,0,0,0,0,0
21,213,21213,0.04,,0.06,0,5.17,0.11,5.24,0.01,0.12,0,0.22,0.04,0,,0,,,,0,0,0,0,0,0,0
21,214,21214,0.04,,0.65,0.01,6.35,0.14,6.24,0.01,3.04,0.09,5.36,1.03,0.0004,,0,,,0.64,0,0,0,24.67,2.27,0,3.11
21,215,21215,0.01,,0.08,0,1.86,0.04,1.87,0,0.23,0.01,0.4,0.08,0,,0,,,,0,0,0,0,0,0,0
21,216,21216,0.01,,0.06,0,1.28,0.02,1.12,0,0.04,0,0.08,0.01,0,,0,,,,0,0,0,0,0,0,0
21,217,21217,0.05,,0.59,0.01,7.49,0.18,8,0.02,0.44,0.01,0.77,0.15,0.0001,,0,,,,0,0,0,0,0,0.13,0
22,1,22001,0.17,,0.19,0.02,23.72,0.25,24.18,0.05,10.72,0.84,30.75,2.15,0.0016,,0,6.38,,0.08,0,0,0,0,0,0,86.09
22,2,22002,0.07,,0.2,0,10.34,0.11,10.85,0.02,0.09,0.01,0.27,0.02,0,,0,13.43,,,0,0,0,0,0,0,0
22,3,22003,0.04,,0.13,0,6.02,0.06,5.35,0.01,0.07,0.01,0.2,0.01,0,,0,0.02,,,0,0,0,0,0,15.06,5.16
22,4,22004,0.17,0,1.62,0.02,24.5,0.26,24.5,0.05,4.86,0.38,13.92,0.97,0.0007,,0,9.46,,,0,0,0,0,0,48.78,37.97
22,5,22005,0.15,0,0.57,0.01,19.77,0.23,22.11,0.05,2.73,0.21,7.83,0.55,0.0004,,0,0.18,,0.08,34.4,6.43,0,53.83,4.96,1.5,68.09
22,6,22006,0.31,0,4.01,0.04,48.67,0.47,16.94,0.1,32.15,2.51,92.18,6.44,0.0047,,0,2.25,,0.08,0,0,0,0,0,13.15,18.27
22,7,22007,0.1,,2.43,0.03,14.75,0.16,14.87,0.03,6.15,0.48,17.64,1.23,0.0009,,0,,,,0,0,0,0,0,0.18,14.99
22,8,22008,0.1,1.33,0.24,0,12.67,0.15,26.03,0.03,0.21,0.02,0.6,0.04,0,,0,10.63,,,0,0,0,0,0,0,39.09
22,9,22009,0.06,,0.97,0.01,9.87,0.1,9.43,0.02,0.39,0.03,1.13,0.08,0.0001,,0,7.86,,,0,0,0,0,0,0,3.93
22,10,22010,0.06,,0.07,0,8.67,0.09,8.1,0.02,0,0,0,0,0,,0,1.03,,,0,0,0,0,0,10.42,5.41
22,11,22011,0.23,3.99,2.34,0.03,33.13,0.36,32.69,0.08,47.93,3.74,137.44,9.6,0.007,,0,20.36,,0.08,34.4,6.43,0,209.5,19.29,0.45,66.21
22,12,22012,0.17,,2.21,0.02,23.76,0.26,24.22,0.05,6.08,0.47,17.42,1.22,0.0009,,0,4.34,,0.08,0,0,0,85.29,7.85,0,73.63
22,13,22013,0.05,,0.09,0,7.24,0.08,7.28,0.02,0.05,0,0.14,0.01,0,,0,,,,0,0,0,0,0,142.92,5.21
22,14,22014,2.15,1.33,73.18,0.82,344.49,3.31,45.39,0.7,195.5,15.25,560.58,39.14,0.0284,,0.01,2.56,69.07681524,0.08,0,0,0,123.38,11.36,0,39.3
22,15,22015,0.02,,0.26,0,3.32,0.03,3.27,0.01,0.1,0.01,0.29,0.02,0,,0,0.16,,,0,0,0,0,0,43.04,1.47
22,16,22016,0.61,0,13.33,0.15,9.77,0.94,89.28,0.2,131.06,10.22,375.79,26.24,0.019,,0,1.87,,0.08,0,0,0,274.51,25.28,0.08,120.79
22,17,22017,0.16,2.66,3.58,0.04,23.88,0.25,23.52,0.05,8.4,0.66,24.1,1.68,0.0012,,0,3.38,,0.08,0,0,0,82.39,7.59,8.79,30
22,18,22018,0.07,0,0.33,0,9.14,0.11,10.26,0.02,1.02,0.08,2.92,0.2,0.0001,,0,,,,0,0,0,0,0,161.38,2.71
23,1,23001,0.21,,2.82,0,28.53,0,31.35,0.07,3.17,0,0,0.64,0.0005,,0,,,,79.68,6.88,479.79,0,0,2.04,0
23,2,23002,0.19,0,2.05,0,20.15,0,28,0.06,1.79,0,0,0.36,0.0003,,0,55.95,,,0,0,25.34,0,0,0,3.29
23,3,23003,0.04,,1.92,0,5.13,0,1.81,0.01,0.3,0,0,0.06,0,,0,3.78,,,0,0,321.57,0,0,55.07,0
23,4,23004,0.64,0.47,14.53,0,81.58,0,94.12,0.21,13.21,0,0,2.65,0.0019,,0.01,249.44,,64.91,30.48,15.48,78.49,0,0,198.88,287.02
23,5,23005,1.68,,72.78,0,221.19,0,17.07,0.55,23.6,0,0,4.73,0.0034,,0.03,8.96,0.784480878,,685.9,110.77,0,0,0,0.93,0
23,6,23006,0.1,0,0.73,0,10.12,0,14.02,0.03,0.94,0,0,0.19,0.0001,,0,4.33,,,0,0,8.31,0,0,0.65,8.94
23,7,23007,0.07,,0.5,0,7.54,0,9.61,0.02,0.57,0,0,0.11,0.0001,,0,11.51,,,0,0,0,0,0,21.45,1.16
23,8,23008,0.4,1.41,17.14,0,53.47,0,58.04,0.13,3.32,0,0,0.66,0.0005,,0.01,3.17,,,0,0,0.56,0,0,0,0
24,1,24001,0.05,0.21,0.28,0.01,5.13,0.08,7.46,0.02,0.38,0.09,1.1,0.04,0.0001,,0,0.44,,,0,0,0,82.4,7.59,0,9.91
24,2,24002,0.02,,0.08,0,2.63,0.04,3.35,0.01,0.07,0.02,0.19,0.01,0,,0,,,,0,0,0,35.92,3.31,0.25,8.77
24,3,24003,0.13,0,0.2,0,13.28,0.2,19.3,0.04,0.18,0.04,0.52,0.02,0,,0,0.11,,9.39,0,0,0,0,0,0.91,16.2
24,4,24004,0.01,0.43,0.03,0,1.63,0.02,1.93,0,0.1,0.02,0.3,0.01,0,,0,,,,0,0,0,0,0,0.07,12.64
24,5,24005,0.05,,1.69,0.02,6.24,0.08,7.62,0.02,1,0.23,2.86,0.11,0.0001,,0,,,,0,0,0,54.41,5.01,0,12.39
24,6,24006,0.03,0.21,0.35,0,2.88,0.04,3.92,0.01,0.07,0.02,0.19,0.01,0,,0,,,,0,0,0,100.36,9.24,0,10.28
24,7,24007,0.05,0,0.88,0.01,5.18,0.08,7.26,0.02,2.85,0.66,8.17,0.31,0.0004,,0,,,,0,0,0,50.97,4.69,0,25.34
24,8,24008,0.06,0.21,1.62,0.02,7.38,0.09,8.75,0.02,1.46,0.34,4.19,0.16,0.0002,,0,0.16,,,0,0,0,26.41,2.43,0,51.38
24,9,24009,0.01,1.72,0.02,0,1.02,0.01,1.4,0,0.03,0.01,0.1,0,0,,0,0.05,,,0,0,0,0,0,0,3.74
24,10,24010,0.09,0.21,1.04,0.01,9.31,0.13,12.79,0.03,0.69,0.16,1.99,0.07,0.0001,,0,32.21,,9.39,0,0,0,64.44,5.93,0,45.23
24,11,24011,0.12,0.21,1.46,0.02,13.7,0.19,9.57,0.04,2.12,0.49,6.06,0.23,0.0003,,0,0.16,,,0,0,0,32.22,2.97,0.26,81.94
24,12,24012,0.06,0.21,0.31,0,6.11,0.09,8.78,0.02,0.14,0.03,0.39,0.01,0,,0,,,9.39,0,0,0,0,0,7.17,3.12
24,13,24013,0.46,0.64,12.42,0.14,56.89,0.71,67.18,0.15,15.59,3.62,44.7,1.67,0.0023,,0,1.93,,9.39,0,0,0,114.89,10.58,0,208.71
24,14,24014,0.05,,0.17,0,5.37,0.08,7.3,0.02,0.29,0.07,0.83,0.03,0,,0,,,9.39,0,0,0,0,0,27.83,0
24,15,24015,0.06,0.86,1.12,0.01,7.02,0.09,8.64,0.02,5.45,1.27,15.64,0.59,0.0008,,0,,,,0,0,0,121.49,11.19,0.49,50.87
24,16,24016,0.11,4.73,2.29,0.03,13.33,0.17,16.38,0.04,3.96,0.92,11.34,0.42,0.0006,,0,,,9.39,0,0,0,66.03,6.08,0.15,409.07
24,17,24017,0.07,0,0.2,0,7.84,0.11,10.66,0.02,0.56,0.13,1.6,0.06,0.0001,,0,0.21,,,0,0,0,28.79,2.65,0,54.43
24,18,24018,0.04,,0.04,0,4.61,0.07,6.32,0.01,0.5,0.12,1.43,0.05,0.0001,,0,,,9.39,0,0,0,0,0,0,0
24,19,24019,0.02,,0.04,0,2.17,0.03,2.42,0.01,0.02,0,0.05,0,0,,0,5.09,,,0,0,0,0,0,1.27,11.28
24,20,24020,0.24,0.64,7.41,0.08,27.23,0.37,35.43,0.08,24.33,5.66,69.77,2.61,0.0035,,0,,,9.39,0,0,0,19.81,1.82,0,64.44
24,21,24021,0.14,0.86,0.14,0,13.98,0.22,20.76,0.05,4.57,1.06,13.11,0.49,0.0007,,0,0.92,,,0,0,0,89.27,8.22,0,34.23
24,22,24022,0.05,0.64,0.34,0,5.85,0.08,7.86,0.02,0.91,0.21,2.61,0.1,0.0001,,0,,,,0,0,0,53.62,4.94,0,37.15
24,23,24023,0.04,,0.43,0,5.2,0.07,6.26,0.01,0.45,0.1,1.28,0.05,0.0001,,0,0.02,,,0,0,0,51.24,4.72,1.2,42.29
24,24,24024,0.25,0,6.56,0.07,28.9,0.39,30.66,0.08,4.17,0.97,11.95,0.45,0.0006,,0,9.23,,,0,0,0,137.34,12.65,0.09,79.61
24,25,24025,0.08,0,1.6,0.02,8.28,0.12,11.56,0.03,2.49,0.58,7.14,0.27,0.0004,,0,,,,0,0,0,103,9.49,0,171.27
24,26,24026,0.03,1.07,0.03,0,2.58,0.04,3.97,0.01,0.06,0.01,0.18,0.01,0,,0,,,9.39,0,0,0,0,0,0.01,0
24,27,24027,0.03,,0.77,0.01,0.37,0.04,4.23,0.01,0.49,0.11,1.4,0.05,0.0001,,0,,,,0,0,0,0,0,132.81,2.46
24,28,24028,2.14,0.86,69.42,0.77,255.29,3.3,26.66,0.7,282.39,65.64,809.7,30.32,0.041,,0.01,0.23,34.99261313,,0,0,0,116.21,10.7,0,62.8
24,29,24029,0.06,0.21,0.13,0,6.75,0.1,9.24,0.02,0.23,0.05,0.67,0.02,0,,0,,,9.39,0,0,0,0,0,0,0.7
24,30,24030,0.02,0,0.05,0,2.11,0.03,2.38,0.01,0.03,0.01,0.08,0,0,,0,,,,0,0,0,0,0,0,1.27
24,31,24031,0.03,,0.01,0,3.12,0.05,4.67,0.01,0,0,0,0,0,,0,6.82,,,0,0,0,0,0,0.47,4.66
24,32,24032,0.11,0.86,1.52,0.02,11.74,0.17,15.97,0.04,1.38,0.32,3.97,0.15,0.0002,,0,0.99,,,0,0,0,0,0,0,19.25
24,33,24033,0.03,0.21,0.06,0,3.81,0.05,4.85,0.01,0.02,0,0.05,0,0,,0,,,,0,0,0,0,0,0.13,224.28
24,34,24034,0.04,0.21,0.35,0,4.43,0.06,5.72,0.01,0.5,0.12,1.44,0.05,0.0001,,0,,,9.39,0,0,0,0,0,15.05,38.31
24,35,24035,0.67,0,9.34,0.1,76.48,1.02,6.95,0.22,27.43,6.37,78.64,2.95,0.004,,0,0.18,,,8.63,1.37,0,0,0,0,32.19
24,36,24036,0.08,0.86,0.87,0.01,9.44,0.12,11.52,0.03,2.94,0.68,8.43,0.32,0.0004,,0,19.37,,9.39,0,0,0,0,0,0.41,85.64
24,37,24037,0.28,,2.45,0.03,28.12,0.42,40.18,0.09,1.25,0.29,3.59,0.13,0.0002,,0,,,9.39,0,0,0,0,0,0,0.22
24,38,24038,0.05,0.86,0.1,0,4.71,0.07,6.75,0.02,0.07,0.02,0.19,0.01,0,,0,,,9.39,0,0,0,0,0,0,0
24,39,24039,0.04,,0.15,0,4.14,0.06,5.89,0.01,0.19,0.04,0.54,0.02,0,,0,,,9.39,0,0,0,0,0,5.62,2.25
24,40,24040,0.1,0.21,1.86,0.02,12.08,0.16,15.18,0.03,5.16,1.2,14.78,0.55,0.0007,,0,3.3,,9.39,0,0,0,172.47,15.88,0,180.78
24,41,24041,0.06,0,0.13,0,5.55,0.09,8.16,0.02,0.34,0.08,0.97,0.04,0,,0,2.98,,9.39,0,0,0,0,0,0.08,7.88
24,42,24042,0.04,0.21,0.74,0.01,4.26,0.06,5.73,0.01,1.21,0.28,3.47,0.13,0.0002,,0,,,,0,0,0,0,0,0.13,0.25
24,43,24043,0.03,,0.28,0,2.96,0.04,3.85,0.01,0.3,0.07,0.87,0.03,0,,0,0.52,,,0,0,0,0,0,0,5.36
24,44,24044,0.02,0.21,0.21,0,2.15,0.03,3.04,0.01,0.53,0.12,1.51,0.06,0.0001,,0,,,9.39,0,0,0,217.89,20.07,0,44.54
24,45,24045,0.04,0.86,0.49,0.01,4.73,0.06,5.97,0.01,1.29,0.3,3.7,0.14,0.0002,,0,,,,0,0,0,148.7,13.69,0,60.11
24,46,24046,0.04,,0.37,0,4.52,0.07,6.4,0.01,1.66,0.39,4.77,0.18,0.0002,,0,,,9.39,0,0,0,0,0,0,194.46
24,47,24047,0.03,1.5,0.07,0,3.02,0.04,3.96,0.01,0.01,0,0.04,0,0,,0,0.14,,,0,0,0,0,0,40.55,105.08
24,48,24048,0.01,1.93,0.19,0,1.53,0.02,2.13,0,0.33,0.08,0.95,0.04,0,,0,,,,0,0,0,0,0,0,4.73
24,49,24049,0.1,,0.97,0.01,11.02,0.16,14.78,0.03,1.18,0.27,3.39,0.13,0.0002,,0,,,,0,0,0,0,0,0.71,529.35
24,50,24050,0.12,0,1.08,0.01,12.06,0.19,17.99,0.04,4.82,1.12,13.82,0.52,0.0007,,0,0.26,,,0,0,0,121.49,11.19,0,49.27
24,51,24051,0.04,0.21,0.39,0,4.72,0.06,5.98,0.01,0.24,0.06,0.69,0.03,0,,0,1.17,,,0,0,0,99.04,9.12,0,27.94
24,52,24052,0.03,0,0.23,0,3.67,0.04,4.19,0.01,0.31,0.07,0.9,0.03,0,,0,,,,0,0,0,39.88,3.67,0,36.44
24,53,24053,0.1,1.07,0.69,0.01,9.85,0.15,14.01,0.03,0.5,0.12,1.43,0.05,0.0001,,0,,,9.39,0,0,0,0,0,0,1.92
24,54,24054,0.15,,0.58,0.01,14.76,0.23,21.44,0.05,0.31,0.07,0.9,0.03,0,,0,,,9.39,0,0,0,0,0,57.24,0
24,55,24055,0.07,0.64,0.29,0,5.96,0.1,9.6,0.02,0.79,0.18,2.26,0.08,0.0001,,0,,,,0,0,0,0,0,0,3.94
24,56,24056,0.04,,0.42,0,4.24,0.06,6.03,0.01,0.23,0.05,0.65,0.02,0,,0,,,,0,0,0,0,0,0,19.57
24,57,24057,0.09,,0.51,0.01,8.39,0.13,12.65,0.03,0.93,0.22,2.68,0.1,0.0001,,0,,,9.39,0,0,0,0,0,0,0
24,58,24058,0.05,0.21,0.84,0.01,6.45,0.08,7.9,0.02,3.39,0.79,9.71,0.36,0.0005,,0,4.49,,9.39,0,0,0,0,0,35.06,74.05
25,1,25001,1.14,,32.12,0,108.96,0,166.32,0.37,52.77,6.66,0,16.76,0.0077,,0.1,,,11,92.88,19.14,399.53,92.6,8.53,0,1976.77
25,2,25002,0.12,0,1.9,0,1.21,0,18.18,0.04,2.03,0.26,0,0.64,0.0003,,0,,,11,0,0,0,0,0,0.04,0
25,3,25003,0.09,0.2,0.34,0,8.08,0,13.83,0.03,0.46,0.06,0,0.15,0.0001,,0,18.1,,,0,0,0,0,0,1.77,0
25,4,25004,0.08,0.2,0.48,0,7.57,0,11.56,0.03,0.73,0.09,0,0.23,0.0001,,0,8.66,,,0,0,0,0,0,0,0
25,5,25005,0.05,,0.48,0,4.03,0,7.63,0.02,0.57,0.07,0,0.18,0.0001,,0,,,,0,0,0,0,0,112.14,0
25,6,25006,2.33,1.43,73.32,0,216.71,0,339.93,0.76,77.7,9.81,0,24.67,0.0113,,0.14,,29.63230997,11,264.76,52.46,0,358.07,32.97,0,1719.17
25,7,25007,0.09,,0.51,0,8.21,0,13.6,0.03,0.34,0.04,0,0.11,0,,0,14.68,,,0,0,0,151.62,13.96,1.16,0
25,8,25008,0.14,0,1.62,0,12.19,0,19.9,0.04,0.86,0.11,0,0.27,0.0001,,0,,,11,0,0,0,109.39,10.07,0.01,477.41
25,9,25009,0.15,,2.55,0,13.46,0,21.27,0.05,2.08,0.26,0,0.66,0.0003,,0,,,,0,0,0,158.97,14.64,7,0
25,10,25010,0.27,0.41,2.21,0,24.56,0,39.65,0.09,3.7,0.47,0,1.18,0.0005,,0,,,11,0,0,0,405.81,37.37,3.59,0
25,11,25011,0.79,0,15.51,0,72.32,0,115.75,0.26,11.43,1.44,0,3.63,0.0017,,0,,,11,0,0,0,0,0,30.5,1349.61
25,12,25012,1.19,1.63,41.34,0,119.92,0,172.97,0.39,55.8,7.04,0,17.72,0.0081,,0.08,,,,142.53,24.18,539.38,205.4,18.92,37.15,884.41
25,13,25013,0.13,0,0.82,0,1.21,0,18.94,0.04,0.47,0.06,0,0.15,0.0001,,0,,,,0,0,0,83.42,7.68,1.29,0
25,14,25014,0.14,0.81,1.61,0,0.13,0,20.3,0.05,2.33,0.29,0,0.74,0.0003,,0,8.45,,,0,0,0,123.55,11.38,5.31,0
25,15,25015,0.22,1.02,8.3,0,21.54,0,32.78,0.07,4.38,0.55,0,1.39,0.0006,,0,,,11,0,0,0,136.14,12.54,0,1309.84
25,16,25016,0.07,0.81,0.4,0,6.31,0,10,0.02,0.28,0.04,0,0.09,0,,0,24.75,,,0,0,0,82.11,7.56,0.03,0
25,17,25017,0.25,0.81,0.97,0,21.41,0,36.41,0.08,1.04,0.13,0,0.33,0.0002,,0,5.72,,11,0,0,0,126.96,11.69,3.45,0
25,18,25018,0.4,,4.54,0,36.12,0,58.11,0.13,7.56,0.95,0,2.4,0.0011,,0.01,,,11,0,0,0,44.33,4.08,0,0
26,1,26001,0.01,0.29,0.11,0.06,0.86,0.01,1.05,0,0.37,0.06,0.23,0.08,0.0001,,0,,,7.16,0,0,0,0,0,1.05,0
26,2,26002,0.21,0.59,5.46,3.6,25.18,0.21,30.11,0.07,29.04,4.39,18.04,6.33,0.0042,3.115590863,0,8.56,,,0,0,0,73.39,6.76,0,20.17
26,3,26003,0.07,2.06,0.61,0.4,8.48,0.07,10.49,0.02,0.65,0.1,0.4,0.14,0.0001,,0,3.83,,,0,0,0,0,0,0,0
26,4,26004,0.02,0.88,0.8,0.53,2.93,0.02,3.58,0.01,0.54,0.08,0.34,0.12,0.0001,,0,,,7.16,0,0,0,0,0,0,0
26,5,26005,0,0.59,0.03,0.02,0.53,0,0.55,0,0.02,0,0.01,0.01,0,,0,,,,0,0,0,0,0,0,0
26,6,26006,0.01,,0.12,0.08,1.24,0.01,1.27,0,0,0,0,0,0,,0,4.92,,7.16,0,0,0,0,0,0,0
26,7,26007,0,,0.02,0.01,0.27,0,0.31,0,0,0,0,0,0,,0,,,7.16,0,0,0,0,0,0,0
26,8,26008,0,,0.03,0.02,0.5,0,0.54,0,0,0,0,0,0,,0,0.8,,,0,0,0,0,0,0,0
26,9,26009,0,,0.02,0.01,0.33,0,0.33,0,0,0,0,0,0,,0,,,,0,0,0,0,0,0,0
26,10,26010,0,,0.05,0.04,0.54,0,0.58,0,0.05,0.01,0.03,0.01,0,,0,,,7.16,0,0,0,0,0,0,0
26,11,26011,0,,0.05,0.03,0.63,0,0.62,0,0,0,0,0,0,,0,0.46,,,0,0,0,0,0,0,0
26,12,26012,0.06,0,0.31,0.2,7.39,0.06,8.95,0.02,1.18,0.18,0.73,0.26,0.0002,,0,,,7.16,0,0,0,0,0,0,0
26,13,26013,0,,0.07,0.04,0.58,0,0.63,0,0.35,0.05,0.21,0.08,0.0001,,0,,,7.16,0,0,0,0,0,0.25,0
26,14,26014,0.01,,0.11,0.07,1.34,0.01,1.46,0,1.48,0.22,0.92,0.32,0.0002,,0,,,,0,0,0,0,0,0,0
26,15,26015,0,,0.03,0.02,0.5,0,0.54,0,0.02,0,0.01,0.01,0,,0,,,7.16,0,0,0,0,0,0,0
26,16,26016,0.02,0,0.23,0.15,2.04,0.02,2.26,0.01,0.58,0.09,0.36,0.13,0.0001,,0,,,7.16,0,0,0,822.75,75.77,49.06,0
26,17,26017,0.21,0,6.34,4.18,25.52,0.21,30.03,0.07,5.73,0.87,3.56,1.25,0.0008,,0,,,7.16,0,0,3.52,183.65,16.91,32.01,374.01
26,18,26018,1.1,0,32.66,21.54,138.64,1.12,160.95,0.36,90.47,13.68,56.18,19.72,0.0131,,0,,,7.16,11.04,2.13,0,86.81,7.99,81.14,1304.09
26,19,26019,0.09,,2.24,1.47,12.38,0.1,13.77,0.03,4.18,0.63,2.59,0.91,0.0006,,0,0.7,,,0,0,0,80.19,7.39,0.01,0
26,20,26020,0.01,,0.15,0.1,1.58,0.01,1.99,0,0.15,0.02,0.09,0.03,0,,0,,,,0,0,0,87.57,8.06,3.61,0
26,21,26021,0.01,0,0.01,0.01,0.78,0.01,0.75,0,0.02,0,0.01,0,0,,0,,,,0,0,0,82.27,7.58,0,0
26,22,26022,0,0,0.02,0.01,0.38,0,0.34,0,0,0,0,0,0,,0,,,7.16,0,0,0,0,0,0,0
26,23,26023,0.02,2.06,0.13,0.09,2.29,0.02,2.47,0.01,1.29,0.2,0.8,0.28,0.0002,,0,,,7.16,0,0,0,0,0,0,0
26,24,26024,0,0,0.02,0.01,0.27,0,0.29,0,0,0,0,0,0,,0,,,7.16,0,0,0,0,0,1,0
26,25,26025,0.15,,2.23,1.47,1.84,0.15,8.37,0.05,45.72,6.92,28.39,9.96,0.0066,,0,,,7.16,0,0,0,74.9,6.9,0,0
26,26,26026,0.16,0,1.08,0.71,17.83,0.17,23.85,0.05,0.96,0.15,0.6,0.21,0.0001,,0,,,7.16,0,0,0,0,0,0,0
26,27,26027,0.02,,0.27,0.18,2.8,0.02,3.2,0.01,0.23,0.03,0.14,0.05,0,,0,21.34,,,0,0,0,125.02,11.51,0,0
26,28,26028,0,,0.07,0.04,0.38,0,0.4,0,0.28,0.04,0.17,0.06,0,,0,,,,0,0,0,0,0,5.11,0
26,29,26029,0.39,0,11.32,7.47,48.22,0.4,15.25,0.13,24.77,3.75,15.38,5.4,0.0036,,0,,,7.16,0.64,0.23,237.19,202.94,18.69,172.92,77.92
26,30,26030,2.06,0.29,62.36,41.13,256.54,2.09,300.58,0.67,118.37,17.9,73.51,25.8,0.0172,,0.22,,18.61688394,7.16,247.88,47.35,0,106.11,9.77,0,460.78
26,31,26031,0,,0.04,0.03,0.5,0,0.52,0,0.02,0,0.01,0,0,,0,,,7.16,0,0,0,0,0,0,0
26,32,26032,0,,0.07,0.04,0.36,0,0.37,0,0.08,0.01,0.05,0.02,0,,0,,,,0,0,0,0,0,0.68,0
26,33,26033,0.22,,3.57,2.36,25.15,0.22,31.92,0.07,11.46,1.73,7.12,2.5,0.0017,,0,,,7.16,0,0,0,103.27,9.51,0,0
26,34,26034,0,,0.02,0.02,0.43,0,0.44,0,0,0,0,0,0,,0,,,7.16,0,0,0,0,0,0.27,0
26,35,26035,0.03,4.71,0.46,0.3,3.75,0.03,4.51,0.01,2.94,0.44,1.83,0.64,0.0004,,0,60.27,,7.16,0,0,0,64.69,5.96,0.16,0
26,36,26036,0.07,2.94,1.87,1.23,9.29,0.08,10.92,0.02,14.55,2.2,9.04,3.17,0.0021,,0,,,7.16,0,0,0,44.83,4.13,0,59.57
26,37,26037,0,0,0.07,0.05,0.61,0,0.58,0,0.05,0.01,0.03,0.01,0,,0,,,,0,0,0,0,0,0.06,26.13
26,38,26038,0.01,,0.34,0.22,0.17,0.01,1.85,0,1.79,0.27,1.11,0.39,0.0003,,0,0.56,,,0,0,0,0,0,0,33.13
26,39,26039,0.02,,0.48,0.32,2.21,0.02,2.57,0.01,0.83,0.13,0.52,0.18,0.0001,0.03558767,0,,,,0,0,0,83.79,7.72,0,0
26,40,26040,0.01,0,0.05,0.03,0.7,0.01,0.75,0,0.22,0.03,0.14,0.05,0,,0,0.18,,7.16,0,0,0,0,0,90.78,0
26,41,26041,0.04,,0.53,0.35,4.3,0.04,5.12,0.01,5.79,0.88,3.59,1.26,0.0008,,0,0.33,,,0,0,0,46.72,4.3,10.7,0
26,42,26042,0.42,0.29,10.79,7.12,49.37,0.43,61.93,0.14,26.17,3.96,16.25,5.7,0.0038,,0,,,7.16,0,0,0,189.71,17.47,7.74,684.84
26,43,26043,0.57,0.29,12.88,8.49,68.39,0.57,82.88,0.18,129.6,19.6,80.48,28.25,0.0188,6.335200358,0,43.47,,,16.92,2.25,0,110.65,10.19,0,0
26,44,26044,0,,0.01,0.01,0.17,0,0.17,0,0,0,0,0,0,,0,,,,0,0,0,0,0,0,0
26,45,26045,0.01,,0.09,0.06,1.03,0.01,1.13,0,0.3,0.05,0.19,0.07,0,,0,,,,0,0,0,54.28,5,0,0
26,46,26046,0,,0.01,0.01,0.17,0,0.18,0,0,0,0,0,0,,0,,,,0,0,0,0,0,0,0
26,47,26047,0.03,0.29,0.37,0.25,3.39,0.03,3.9,0.01,1.09,0.16,0.67,0.24,0.0002,,0,,,7.16,0,0,0,74.71,6.88,9.15,0
26,48,26048,0.13,,4.87,3.21,15.87,0.13,19.22,0.04,3.76,0.57,2.34,0.82,0.0005,,0,,,,0,0,82.71,254.39,23.43,0,0
26,49,26049,0.01,0.29,0.03,0.02,1.15,0.01,1.31,0,0.03,0.01,0.02,0.01,0,,0,,,,0,0,0,0,0,0.16,0
26,50,26050,0,,0.06,0.04,0.66,0,0.66,0,0.08,0.01,0.05,0.02,0,,0,,,7.16,0,0,0,0,0,0,0
26,51,26051,0.02,0,0.16,0.1,1.98,0.02,2.21,0,0.16,0.02,0.1,0.04,0,,0,,,,0,0,0,0,0,0,0
26,52,26052,0.02,0.88,0.17,0.11,2.31,0.02,2.48,0.01,0.17,0.03,0.11,0.04,0,,0,0.09,,,0,0,0,0,0,0,7.04
26,53,26053,0,,0.01,0.01,0.14,0,0.13,0,0,0,0,0,0,,0,,,,0,0,0,0,0,0.1,0
26,54,26054,0,,0,0,0.12,0,0.1,0,0,0,0,0,0,,0,,,,0,0,0,0,0,3.51,0
26,55,26055,0.46,0,13.07,8.62,57.33,0.47,67.27,0.15,66.95,10.13,41.58,14.59,0.0097,9.152231935,0,,,7.16,0,0,0,245.88,22.64,0,0
26,56,26056,0.02,0,0.19,0.13,1.8,0.02,2.59,0.01,0.11,0.02,0.07,0.02,0,,0,,,7.16,0,0,0,32.15,2.96,0,0
26,57,26057,0,,0.03,0.02,0.72,0,0.61,0,0.05,0.01,0.03,0.01,0,,0,,,,0,0,0,0,0,0.04,0
26,58,26058,0.04,,1.07,0.7,5.31,0.04,6.27,0.01,6.15,0.93,3.82,1.34,0.0009,,0,,,,0,0,0,53.34,4.91,0,0
26,59,26059,0.01,,0.03,0.02,0.67,0.01,0.76,0,0,0,0,0,0,,0,,,,0,0,0,103.08,9.49,0,0
26,60,26060,0.01,0.59,0.03,0.02,0.88,0.01,1.06,0,0.01,0,0.01,0,0,0.00300638,0,,,7.16,0,0,0,0,0,0.02,0
26,61,26061,0,2.65,0,0,0.52,0,0.52,0,0,0,0,0,0,,0,,,,0,0,0,0,0,0,0
26,62,26062,0,0,0.04,0.03,0.4,0,0.47,0,0.02,0,0.01,0,0,,0,,,,0,0,0,0,0,0,0
26,63,26063,0,,0.04,0.03,0.52,0,0.51,0,0,0,0,0,0,,0,,,,0,0,0,0,0,1.21,0
26,64,26064,0,,0.05,0.03,0.64,0,0.72,0,0,0,0,0,0,,0,,,7.16,0,0,0,107.24,9.88,0,0
26,65,26065,0.01,,0.02,0.01,0.64,0.01,0.75,0,0,0,0,0,0,,0,,,7.16,0,0,0,0,0,0,0
26,66,26066,0.02,0,0.3,0.2,3.45,0.03,3.61,0.01,0.89,0.13,0.55,0.19,0.0001,,0,,,7.16,0,0,0,0,0,0,70.32
26,67,26067,0,0,0.04,0.03,0.67,0,0.67,0,0.01,0,0.01,0,0,,0,,,,0,0,0,0,0,0,0
26,68,26068,0,0,0.02,0.01,0.58,0,0.59,0,0.03,0,0.02,0.01,0,,0,,,,0,0,0,0,0,0,0
26,69,26069,0.02,0.29,0.13,0.09,2.25,0.02,2.61,0.01,0.36,0.05,0.22,0.08,0.0001,,0,0.38,,,0,0,0,0,0,0,0
26,70,26070,0.04,0.29,1.22,0.8,4.3,0.04,5.32,0.01,1.95,0.29,1.21,0.42,0.0003,,0,,,7.16,0,0,0,0,0,0.07,0
26,71,26071,0.06,0.29,1,0.66,7.15,0.06,8.76,0.02,1.2,0.18,0.74,0.26,0.0002,0.095700563,0,,,7.16,0,0,0,0,0,0,0
26,72,26072,0.04,0,0.29,0.19,4.5,0.04,5.67,0.01,0.22,0.03,0.14,0.05,0,,0,,,7.16,0,0,0,0,0,0.36,0
27,1,27001,0.16,,0.84,0,17.67,0,22.71,0.05,1.08,0.16,2.34,0.08,0.0002,,0,,,11.8,0,0,63.02,103.48,9.53,27.48,204.36
27,2,27002,0.64,0,12.46,0,66.76,0,94.03,0.21,16.64,2.52,36.01,1.22,0.0024,,0,,,11.8,0,0,0,0,0,0.02,248.79
27,3,27003,0.27,,2.88,0,27.85,0,39.72,0.09,1.97,0.3,4.27,0.14,0.0003,,0,1.79,,,0,0,0,0,0,250.55,7.6
27,4,27004,1.64,2.58,52.96,0,190.71,0,108.02,0.53,51.29,7.76,111.02,3.76,0.0075,,0,,19.62171665,,28.62,6.15,0,0,0,8.22,29.32
27,5,27005,0.51,0,6.47,0,53.05,0,74.42,0.17,4.96,0.75,10.74,0.36,0.0007,,0,,,11.8,0,0,0,0,0,1.32,17.6
27,6,27006,0.33,,1.86,0,34.89,0,47.98,0.11,1.88,0.28,4.07,0.14,0.0003,,0,,,11.8,0,0,0,0,0,0.57,12.9
27,7,27007,0.08,0.23,2.25,0,9.07,0,11.38,0.03,1.56,0.24,3.38,0.11,0.0002,,0,,,11.8,0,0,0,12.69,1.17,26.05,83.42
27,8,27008,0.48,0.23,3.94,0,48.18,0,70.01,0.16,6.02,0.91,13.04,0.44,0.0009,,0,566.32,,11.8,0,0,0,176.15,16.22,25.47,130.16
27,9,27009,0.1,,0.45,0,10.9,0,14.39,0.03,0.41,0.06,0.89,0.03,0.0001,,0,,,,0,0,0,0,0,0.03,6.34
27,10,27010,0.21,,1.49,0,21.48,0,31.25,0.07,1.54,0.23,3.33,0.11,0.0002,,0,,,,0,0,0,0,0,3.95,0.79
27,11,27011,0.08,,0.5,0,8.85,0,12.16,0.03,0.28,0.04,0.62,0.02,0,,0,,,,0,0,0,0,0,12.56,24.55
27,12,27012,0.42,0,4.6,0,4.41,0,61.22,0.14,8.63,1.31,18.68,0.63,0.0013,,0,,,,0,0,0,62.67,5.77,0.66,8.22
27,13,27013,0.25,,1.74,0,26.52,0,42.47,0.08,1.15,0.17,2.48,0.08,0.0002,,0,,,,0,0,0,0,0,5.86,4.96
27,14,27014,0.23,,2.33,0,24.59,0,33.63,0.08,2.95,0.45,6.39,0.22,0.0004,,0,,,,0,0,2775.83,0,0,79.07,1.92
27,15,27015,0.13,,0.79,0,12.31,0,18.34,0.04,0.62,0.09,1.33,0.05,0.0001,,0,,,,0,0,0,51.16,4.71,95.51,10.53
27,16,27016,0.14,,2.18,0,15.58,0,21.1,0.05,2.51,0.38,5.43,0.18,0.0004,,0,,,,0,0,0,36.32,3.34,3.41,81.11
27,17,27017,0.16,0.47,2.95,0,18.56,0,23.81,0.05,3.03,0.46,6.55,0.22,0.0004,,0,8.24,,11.8,0,0,0,80.03,7.37,0,32.2
28,1,28001,0.03,,0.32,0,5.5,0.78,5.08,0.01,0.49,0.01,1.28,0.04,0.0001,,0,,,,0,0,0,0,0,46.61,233.95
28,2,28002,0.08,,1.14,0,13.37,1.82,11.85,0.03,1.43,0.04,3.73,0.1,0.0002,,0,12.77,,8.5,0,0,0,0,0,25.01,148.68
28,3,28003,0.48,0,7.44,0,7.67,10.67,20.15,0.16,40.43,1.05,105.58,2.95,0.0059,,0,,,8.5,0,0,165.96,148.77,13.7,16.49,524.81
28,4,28004,0.03,0,0.18,0,4.26,0.56,3.67,0.01,0.33,0.01,0.87,0.02,0,,0,0.7,,8.5,0,0,0,0,0,0,42.8
28,5,28005,0.01,,0.14,0,2.51,0.31,2.05,0,0.42,0.01,1.1,0.03,0.0001,,0,,,,0,0,0,0,0,0,43.73
28,6,28006,0.02,,0.05,0,2.97,0.48,3.12,0.01,0.05,0,0.14,0,0,,0,0.34,,,0,0,0,0,0,16.29,67.03
28,7,28007,0.05,,0.88,0,9.31,1.15,7.53,0.02,6.98,0.18,18.23,0.51,0.001,0.203787325,0,,,,0,0,0,112.01,10.32,0,79.85
28,8,28008,0.01,3.12,0.04,0,1.94,0.27,1.77,0,0,0,0,0,0,,0,11.26,,,0,0,0,51.32,4.73,67.29,206.78
28,9,28009,0.57,,11.83,0,98.68,12.67,82.68,0.18,36.11,0.94,94.3,2.64,0.0052,,0,,,,0,0,0,0,0,0.07,0
28,10,28010,0.01,,0.05,0,1.24,0.15,0.97,0,0.02,0,0.05,0,0,,0,,,,0,0,0,0,0,0,21.93
28,11,28011,0.02,1.04,0.16,0,4.19,0.56,3.62,0.01,0.35,0.01,0.92,0.03,0.0001,,0,,,8.5,0,0,0,0,0,0.47,85.36
28,12,28012,0.12,0,2.33,0,19.22,2.69,17.54,0.04,3.62,0.09,9.46,0.26,0.0005,,0,,,8.5,0,0,0,172.95,15.93,0,937.16
28,13,28013,0.04,,0.12,0,0.66,0.95,6.18,0.01,0.49,0.01,1.28,0.04,0.0001,,0,,,,0,0,0,11.6,1.07,0,179.07
28,14,28014,0.01,0,0.25,0,2.11,0.25,1.65,0,0.42,0.01,1.1,0.03,0.0001,,0,,,,0,0,0,0,0,0,2.61
28,15,28015,0.04,,0.99,0,7.8,0.99,6.44,0.01,3.76,0.1,9.82,0.27,0.0005,,0,,,,0,0,0,42.19,3.89,0,76.67
28,16,28016,0.07,0,0.67,0,11.45,1.53,10,0.02,2.24,0.06,5.86,0.16,0.0003,,0,,,,0,0,0,107.57,9.91,0,174.63
28,17,28017,0.04,1.04,0.46,0,6.33,0.92,6,0.01,1.12,0.03,2.92,0.08,0.0002,,0,1.58,,,0,0,0,0,0,0,39.27
28,18,28018,0.02,,0.39,0,3.92,0.54,3.52,0.01,0.92,0.02,2.41,0.07,0.0001,,0,,,,0,0,0,0,0,6.33,81.11
28,19,28019,0.05,0,0.36,0,8.9,1.14,7.42,0.02,0.32,0.01,0.84,0.02,0,,0,7.66,,,0,0,0,98.69,9.09,0,103.5
28,20,28020,0.01,,0.02,0,1.28,0.16,1.06,0,0.01,0,0.04,0,0,,0,,,,0,0,0,0,0,82.34,24.97
28,21,28021,0.33,0,9.52,0,57.3,7.35,47.99,0.11,13.84,0.36,36.13,1.01,0.002,,0.01,,,8.5,0,0,0,139.89,12.88,171.84,476.53
28,22,28022,1.36,0.52,32.14,0,221.25,30.33,27.4,0.44,277.92,7.21,725.65,20.3,0.0404,3.565021824,0.01,,,,6.6,1.21,0,109.29,10.07,0,986.95
28,23,28023,0.01,,0.09,0,0.24,0.31,2.05,0,0.01,0,0.04,0,0,,0,,,,0,0,0,0,0,0.01,379.1
28,24,28024,0.02,,0.54,0,3.48,0.43,2.8,0.01,0.68,0.02,1.78,0.05,0.0001,0.404634649,0,,,,0,0,0,0,0,96.07,10.52
28,25,28025,0.07,,2.69,0,12.02,1.58,10.29,0.02,2.11,0.05,5.5,0.15,0.0003,,0.01,,,,0,0,0,0,0,0,36.34
28,26,28026,0.01,,0.08,0,1.56,0.22,1.45,0,0.05,0,0.14,0,0,,0,0.45,,8.5,0,0,0,0,0,66.89,30.63
28,27,28027,1.04,0.52,27.87,0,163.45,23.35,2.42,0.34,101.79,2.64,265.77,7.43,0.0148,12.77046415,0.01,,,,21.39,3.11,0,64.64,5.95,0,7.08
28,28,28028,0.01,,0.06,0,1.45,0.2,1.31,0,0.06,0,0.15,0,0,,0,,,8.5,0,0,0,0,0,0,26.69
28,29,28029,0.04,0,0.38,0,6.35,0.82,5.34,0.01,0.32,0.01,0.83,0.02,0,,0,0.09,,8.5,0,0,0,0,0,0,92.72
28,30,28030,0.04,0.52,0.45,0,5.98,0.83,5.4,0.01,0.28,0.01,0.72,0.02,0,,0,,,,0,0,0,0,0,0,123.93
28,31,28031,0,,0.05,0,0.9,0.11,0.69,0,0.03,0,0.09,0,0,,0,0.81,,,0,0,0,0,0,105,8.1
28,32,28032,1.55,0,38.08,0,248.3,34.58,15.75,0.5,372.23,9.65,971.92,27.19,0.0541,10.02510021,0.04,,17.26429864,,29.85,1.92,0,119.9,11.04,12.25,612.67
28,33,28033,0.31,,8.47,0,50.15,7.01,11.78,0.1,17.11,0.44,44.68,1.25,0.0025,0.510512632,0.02,,,,0,0,0,62.91,5.79,0,1087.81
28,34,28034,0.03,,0.09,0,4.68,0.61,3.97,0.01,0.02,0,0.06,0,0,,0,1.55,,,0,0,0,0,0,0.21,147.26
28,35,28035,0.17,,2.48,0,27.38,3.79,24.74,0.06,5.13,0.13,13.4,0.37,0.0007,,0,,,,0,0,0,0,0,0,1366.48
28,36,28036,0,,0,0,0.45,0.07,0.45,0,0,0,0,0,0,,0.01,,,,0,0,0,0,0,0,0
28,37,28037,0.07,,0.96,0,10.88,1.5,9.78,0.02,0.4,0.01,1.04,0.03,0.0001,,0,2.69,,,0,0,0,0,0,68.92,131.94
28,38,28038,0.89,0.52,41,0,153.95,19.95,0.24,0.29,31.98,0.83,83.5,2.34,0.0046,,0,,,,92.6,21.63,420.54,53.78,4.95,0.03,0
28,39,28039,0.08,,0.97,0,10.63,1.69,11,0.02,0.48,0.01,1.26,0.04,0.0001,,0,0.01,,,0,0,0,0,0,2.01,124.04
28,40,28040,0.18,1.04,5.43,0,3.02,4.08,26.64,0.06,31.8,0.82,83.04,2.32,0.0046,,0,,,,0,0,0,0,0,107.44,408.72
28,41,28041,0.86,,23.21,0,138.14,19.23,125.5,0.28,45.21,1.17,118.06,3.3,0.0066,,0.01,0.57,17.26429864,,8.28,1.69,0,118.18,10.88,0,92.67
28,42,28042,0.02,,0.06,0,3.34,0.42,2.77,0.01,0.05,0,0.14,0,0,,0,,,,0,0,0,101.65,9.36,0.21,64.36
28,43,28043,0.06,0,0.79,0,11.19,1.44,9.37,0.02,3.98,0.1,10.4,0.29,0.0006,,0,,,8.5,0,0,0,114.48,10.54,0.08,131.27
29,1,29001,0.02,,0.72,0.01,3.51,0.07,0.47,0.01,0.76,0,1.34,0.21,0.0001,,0,,,,0,0,0,0,0,1.44,4.43
29,2,29002,0.04,,0.4,0.01,5.78,0.12,1.8,0.01,5.14,0,9.06,1.45,0.0007,,0,,,,0,0,0,0,0,5.44,5.74
29,3,29003,0.02,,0.19,0,2.49,0.05,2.35,0.01,0.08,0,0.13,0.02,0,,0,,,0.99,0,0,0,16.11,1.48,0,31.96
29,4,29004,0.04,,0.16,0,6.07,0.13,6.14,0.01,0.47,0,0.84,0.13,0.0001,,0,0.21,,0.99,0,0,0,0,0,1.62,41.64
29,5,29005,0.21,0,9.81,0.14,35.1,0.69,1.8,0.07,9.42,0,16.62,2.66,0.0014,,0,,,0.99,0,0,0,14.96,1.38,1.88,23.37
29,6,29006,0.12,,2.49,0.04,18.3,0.38,17.47,0.04,6.9,0,12.18,1.95,0.001,,0,2.19,,0.99,0,0,0,55.46,5.11,0,83.36
29,7,29007,0.04,,0.51,0.01,5.77,0.13,5.96,0.01,0.89,0,1.57,0.25,0.0001,,0,,,0.99,0,0,0,16.57,1.53,0,5.98
29,8,29008,0.04,,0.38,0.01,5.33,0.12,5.4,0.01,1.14,0,2.02,0.32,0.0002,,0,,,0.99,0,0,0,32.68,3.01,0.31,49.78
29,9,29009,0.01,,0.08,0,1.92,0.04,1.8,0,0.03,0,0.06,0.01,0,,0,,,,0,0,0,0,0,0.94,7.76
29,10,29010,0.19,,5.48,0.08,27.14,0.59,3.7,0.06,17.98,0,31.73,5.08,0.0026,,0,0.87,,,0,0,0,4.6,0.42,0,21.4
29,11,29011,0.01,,0.07,0,1.7,0.04,1.72,0,0.18,0,0.31,0.05,0,,0,,,0.99,0,0,0,39.81,3.67,2.85,26.94
29,12,29012,0.02,0,0.06,0,3.55,0.08,3.43,0.01,0.18,0,0.32,0.05,0,,0,0.52,,0.99,0,0,0,39.12,3.6,6.77,37.12
29,13,29013,0.23,,3.95,0.06,31.34,0.72,33.01,0.07,21.46,0,37.87,6.06,0.0031,,0,1.2,,0.99,0,0,0,86.98,8.01,0.04,135.16
29,14,29014,0,,0.42,0.01,5.58,0,0.01,0,0.91,0,1.61,0.26,0.0001,,0,,,0.99,0,0,0,17.03,1.57,0,57.66
29,15,29015,0.1,,0.89,0.01,14.74,0.31,8.12,0.03,7.1,0,12.53,2.01,0.001,,0,,,0.99,0,0,0,17.49,1.61,0,32
29,16,29016,0.02,,0.19,0,2.74,0.06,2.69,0.01,0.5,0,0.89,0.14,0.0001,,0,0.73,,,0,0,0,11.28,1.04,0,8.49
29,17,29017,0.03,,0.47,0.01,3.48,0.08,0.14,0.01,1.29,0,2.27,0.36,0.0002,,0,0.6,,,0,0,0,0,0,0.11,2.84
29,18,29018,0.09,,0.89,0.01,12.74,0.3,5.74,0.03,7.16,0,12.64,2.02,0.001,,0,1.1,,,0,0,0,9.2,0.85,0,10.93
29,19,29019,0.05,,0.66,0.01,7.19,0.15,0.73,0.02,8.75,0,15.45,2.47,0.0013,,0,,,,0,0,0,0,0,0,11.58
29,20,29020,0.02,,0.14,0,3.35,0.07,3.23,0.01,0.17,0,0.29,0.05,0,,0,0.42,,0.99,0,0,0,3.68,0.34,0,27.52
29,21,29021,0.05,,0.64,0.01,7.36,0.15,6.71,0.01,1.51,0,2.67,0.43,0.0002,,0,1.45,,0.99,0,0,0,28.53,2.63,1.08,45.17
29,22,29022,0.01,,0.18,0,2.07,0.05,2.94,0,6.26,0,11.05,1.77,0.0009,,0,0.62,,,0,0,0,3.45,0.32,1.24,3.58
29,23,29023,0.06,,0.65,0.01,9.31,0.21,7.66,0.02,0.51,0,0.9,0.14,0.0001,,0,,,,0,0,0,0,0,0.02,24.42
29,24,29024,0.07,,0.68,0.01,10.34,0.21,7.9,0.02,1.14,0,2.02,0.32,0.0002,,0,,,,0,0,0,0,0,0.68,15.1
29,25,29025,0.19,,2.4,0.03,23,0.6,0.55,0.06,7.28,0,12.85,2.06,0.0011,,0,0.65,,,0,0,0,0,0,0,10.99
29,26,29026,0.04,,0.65,0.01,6.63,0.14,2.98,0.01,1.38,0,2.44,0.39,0.0002,,0,0.26,,,0,0,0,14.5,1.34,0,11.39
29,27,29027,0.03,,0.51,0.01,4.17,0.1,0.06,0.01,0.39,0,0.69,0.11,0.0001,,0,0.21,,,0,0,0,0.92,0.08,0,4.28
29,28,29028,0.06,0,0.75,0.01,7.65,0.18,2.17,0.02,9.05,0,15.98,2.56,0.0013,,0,1.7,,,0,0,0,8.74,0.81,0,21.52
29,29,29029,0.03,,0.14,0,3.73,0.09,5.14,0.01,0.08,0,0.13,0.02,0,,0,,,,0,0,0,0,0,0,4.71
29,30,29030,0.04,,0.16,0,5.18,0.12,5.41,0.01,0.07,0,0.13,0.02,0,,0,0.33,,0.99,0,0,0,0,0,0.49,44.4
29,31,29031,0.07,0,0.89,0.01,0.11,0.23,2.61,0.02,29.67,0,52.36,8.38,0.0043,,0,1.13,,0.99,0,0,0,39.58,3.65,0,44.86
29,32,29032,0.03,,0.24,0,4.93,0.11,3.19,0.01,1.31,0,2.32,0.37,0.0002,,0,,,,0,0,0,0,0,6.01,12.74
29,33,29033,0.25,,8.16,0.12,40.45,0.79,0.01,0.08,10.28,0,18.13,2.9,0.0015,,0,,12.25044039,,0,0,0,0,0,0.79,12.12
29,34,29034,0.11,0.16,0.91,0.01,15.55,0.34,15.63,0.03,7.49,0,13.21,2.12,0.0011,,0,1.66,,0.99,0,0,0,55.92,5.15,0,178.26
29,35,29035,0.01,,0.2,0,2.08,0.05,0.02,0,0.19,0,0.33,0.05,0,,0,0.46,,0.99,0,0,0,0,0,0.51,5.67
29,36,29036,0.06,,0.63,0.01,8.84,0.18,7.58,0.02,2.24,0,3.95,0.63,0.0003,,0,,,,0,0,0,0,0,0,1.46
29,37,29037,0.02,0,0.2,0,3.12,0.08,3.52,0.01,0.31,0,0.55,0.09,0,,0,1.15,,0.99,0,0,0,0,0,0.03,24.43
29,38,29038,0.04,,0.32,0,5.78,0.12,2.25,0.01,5.39,0,9.51,1.52,0.0008,,0,,,0.99,0,0,0,21.63,1.99,0,18.17
29,39,29039,0.06,,0.67,0.01,7.75,0.18,1.2,0.02,7.79,0,13.74,2.2,0.0011,,0,,,0.99,0,0,0,16.8,1.55,5.56,17.07
29,40,29040,0.02,,0.06,0,0,0.08,3.63,0.01,0,0,0.01,0,0,,0,,,0.99,0,0,0,0,0,0.17,56.71
29,41,29041,0.07,,1.61,0.02,10.62,0.23,0.12,0.02,22.65,0,39.98,6.4,0.0033,,0,0.57,,,0,0,0,6.67,0.61,0,13.02
29,42,29042,0.03,0,0.57,0.01,4.86,0.1,4.6,0.01,3.01,0,5.31,0.85,0.0004,,0,,,,0,0,0,2.99,0.28,0.87,4
29,43,29043,0.08,,1.23,0.02,1.32,0.26,7.14,0.03,4.65,0,8.21,1.31,0.0007,,0,,,0.99,0,0,0,0,0,0,14.36
29,44,29044,0.1,,2.32,0.03,14.74,0.33,0.23,0.03,4.57,0,8.07,1.29,0.0007,,0,,,,0,0,0,0,0,0,9.4
29,45,29045,0.02,,0.21,0,2.22,0.05,2.21,0,0.08,0,0.14,0.02,0,,0,,,0.99,0,0,0,26.46,2.44,0,20.67
29,46,29046,0.01,0,0.04,0,1.57,0.04,1.62,0,1.11,0,1.95,0.31,0.0002,,0,0.14,,0.99,0,0,0,0,0,0,1.57
29,47,29047,0.01,,0.08,0,1.07,0.02,1.09,0,0.25,0,0.44,0.07,0,,0,0.33,,0.99,0,0,0,0,0,0.05,4.75
29,48,29048,0.04,,0.72,0.01,5.59,0.14,6.44,0.01,7.73,0,13.63,2.18,0.0011,,0,,,,0,0,0,10.59,0.97,0,3.43
29,49,29049,0.01,,0.17,0,1.94,0.04,0.03,0,0.18,0,0.31,0.05,0,,0,,,,0,0,0,0,0,0,3.79
29,50,29050,0.03,,0.37,0.01,3.93,0.09,0.01,0.01,0.46,0,0.82,0.13,0.0001,,0,0.82,,,0,0,0,0,0,0.09,4.69
29,51,29051,0.01,,0.12,0,1.41,0.03,0.02,0,0.05,0,0.09,0.01,0,,0,,,,0,0,0,0,0,0,1.73
29,52,29052,0.02,,0.19,0,1.96,0.05,2.19,0,0.24,0,0.43,0.07,0,,0,0.09,,0.99,0,0,0,0,0,0,7.04
29,53,29053,0.02,,0.19,0,2.42,0.06,0.07,0.01,4.97,0,8.77,1.4,0.0007,,0,,,,0,0,0,0,0,0,1.73
29,54,29054,0.01,,0.13,0,1.96,0.05,0.02,0,0.33,0,0.58,0.09,0,,0,,,,0,0,0,0,0,0,2.96
29,55,29055,0.01,,0.07,0,1.14,0.02,1.12,0,0.29,0,0.51,0.08,0,,0,,,0.99,0,0,0,0,0,0,19.5
29,56,29056,0.02,,0.35,0.01,2.53,0.06,0.01,0.01,0.3,0,0.54,0.09,0,,0,,,,0,0,0,0,0,0,2.07
29,57,29057,0.01,,0.18,0,1.59,0.04,0.06,0,0.12,0,0.21,0.03,0,,0,,,,0,0,0,0,0,0,2.44
29,58,29058,0.02,,0.32,0,3.1,0.07,3.13,0.01,0.26,0,0.45,0.07,0,,0,0.28,,,0,0,0,6.44,0.59,0,2.65
29,59,29059,0.02,,0.22,0,2.21,0.05,1.25,0.01,0.35,0,0.62,0.1,0.0001,,0,,,,0,0,0,0,0,0,0.99
29,60,29060,0.01,,0.12,0,1.59,0.04,1.76,0,4.27,0,7.54,1.21,0.0006,,0,,,,0,0,0,3.91,0.36,0.52,0.61
30,1,30001,0.02,,0.05,0,2.03,0,3.24,0.01,0.05,0.01,0.1,0.02,0,,0,0.03,,,0,0,0,23.65,2.18,0,1.52
30,2,30002,0.01,,0.14,0,0.76,0,1.24,0,1.34,0.26,2.91,0.49,0.0002,,0,,,,0,0,0,0,0,35.26,1.63
30,3,30003,0.23,0,6.7,0,23.67,0,19.19,0.08,4.33,0.83,9.38,1.59,0.0006,,0,,,7.72,0,0,0,0,0,0,41.7
30,4,30004,0.11,,0.52,0,12.8,0,16.22,0.04,0.33,0.06,0.72,0.12,0,,0,0.02,,7.72,0,0,0,0,0,0,73.97
30,5,30005,0.01,,0.1,0,1.57,0,2.03,0,0.13,0.03,0.29,0.05,0,,0,,,7.72,0,0,0,0,0,0,10.48
30,6,30006,0.05,,0.19,0,4.81,0,8,0.02,0.86,0.16,1.86,0.31,0.0001,,0,5.85,,,0,0,0,87.16,8.03,0,18.01
30,7,30007,0.02,,0.04,0,1.73,0,2.42,0.01,0.03,0.01,0.07,0.01,0,,0,,,,0,0,0,51.02,4.7,0,18.05
30,8,30008,0.03,,0.05,0,2.04,0,3.85,0.01,0.05,0.01,0.1,0.02,0,,0,0.21,,,0,0,0,0,0,0,8.04
30,9,30009,0.08,,0.64,0,8.27,0,11.09,0.02,0.85,0.16,1.84,0.31,0.0001,,0,,,7.72,0,0,0,0,0,0,35.55
30,10,30010,0.17,0,1.49,0,14.41,0,24.4,0.05,6.23,1.19,13.49,2.28,0.0009,,0,,,7.72,0,0,0,0,0,17.88,34.66
30,11,30011,0.14,0.04,2.52,0,16.07,0,16.4,0.05,2,0.38,4.33,0.73,0.0003,,0,,,,0,0,0,101.77,9.37,0,3.34
30,12,30012,0.02,,0.06,0,2.51,0,3.06,0.01,0.11,0.02,0.25,0.04,0,,0,,,7.72,0,0,0,0,0,0.36,18.31
30,13,30013,0.08,,2.35,0,8.34,0,11.19,0.02,1.64,0.31,3.55,0.6,0.0002,,0,,,7.72,0,0,0,0,0,0.75,4.28
30,14,30014,0.11,0,0.95,0,11.21,0,14.5,0.04,6.79,1.29,14.69,2.49,0.001,,0,,,7.72,0,0,0,55.27,5.09,0,17.99
30,15,30015,0.1,0,0.83,0,10.85,0,14.12,0.03,0.61,0.12,1.32,0.22,0.0001,,0,,,7.72,0,0,0,0,0,7.34,39.72
30,16,30016,0.07,0,3.25,0,8.54,0,10.88,0.02,4.32,0.82,9.35,1.58,0.0006,,0,,,7.72,0,0,0,52.61,4.85,0,12.68
30,17,30017,0.01,,0.04,0,1.16,0,1.51,0,0.02,0,0.04,0.01,0,,0,0.03,,,0,0,0,16.47,1.52,0,8.23
30,18,30018,0,,0.02,0,0.43,0,0.69,0,0.01,0,0.02,0,0,,0,0.02,,,0,0,0,0,0,0,1.88
30,19,30019,0.01,,0.04,0,1.11,0,2.08,0,0,0,0,0,0,,0,,,,0,0,0,0,0,0,5.15
30,20,30020,0.03,,0.04,0,2.2,0,3.87,0.01,0.04,0.01,0.09,0.02,0,,0,,,,0,0,0,0,0,0,4.01
30,21,30021,0.06,,0.6,0,6.64,0,9.22,0.02,5.62,1.07,12.17,2.06,0.0008,,0,,,7.72,0,0,0,20.73,1.91,0,23.02
30,22,30022,0.05,,0.32,0,4.55,0,4.38,0.02,0.31,0.06,0.67,0.11,0,,0,,,7.72,0,0,0,0,0,0.05,16.63
30,23,30023,0.13,0,0.31,0,1.16,0,18.66,0.04,2.37,0.45,5.12,0.87,0.0003,,0,0.11,,7.72,0,0,0,0,0,0,82.37
30,24,30024,0.04,0,0.16,0,3.4,0,5.82,0.01,0.2,0.04,0.43,0.07,0,,0,,,7.72,0,0,0,0,0,0,30.59
30,25,30025,0.07,,0.21,0,5.19,0,10.03,0.02,0.16,0.03,0.35,0.06,0,,0,0.47,,,0,0,0,0,0,3.11,22.87
30,26,30026,0.06,,1.5,0,5.71,0,0.95,0.02,1.17,0.22,2.53,0.43,0.0002,,0,,,7.72,0,0,0,18.6,1.71,0.39,0.19
30,27,30027,0.05,0,0.07,0,3.93,0,7.04,0.02,0.07,0.01,0.15,0.03,0,,0,,,7.72,0,0,0,0,0,20.93,46.04
30,28,30028,0.42,,16.13,0,47.36,0,1.26,0.14,8.62,1.64,18.66,3.16,0.0013,,0,,,,0,0,0,10.63,0.98,0,0.07
30,29,30029,0.04,,0.04,0,0.25,0,5.34,0.01,0.01,0,0.02,0,0,,0,2.12,,,0,0,0,0,0,0.15,8
30,30,30030,0.11,,2.85,0,11.35,0,3.91,0.04,4.85,0.92,10.49,1.77,0.0007,,0,0.03,,,0,0,0,12.22,1.13,0.48,0.85
30,31,30031,0.04,,0.03,0,0.38,0,6.19,0.01,0.01,0,0.02,0,0,,0,,,7.72,0,0,0,0,0,1.29,19.84
30,32,30032,0.14,,2.14,0,13.06,0,20,0.04,1.95,0.37,4.23,0.72,0.0003,,0,,,7.72,0,0,0,0,0,0,16.52
30,33,30033,0.07,0.04,0.34,0,6.76,0,16.01,0.02,0.22,0.04,0.48,0.08,0,,0,,,,0,0,0,0,0,0,36.28
30,34,30034,0.07,,1.91,0,8.06,0,10.6,0.02,1.39,0.26,3.01,0.51,0.0002,,0,,,,0,0,0,0,0,0,2.1
30,35,30035,0.03,,0.39,0,3.06,0,4.72,0.01,0.93,0.18,2.01,0.34,0.0001,,0,,,,0,0,0,0,0,0,0.98
30,36,30036,0.02,,0.27,0,2.24,0,3.55,0.01,0.36,0.07,0.78,0.13,0.0001,,0,,,,0,0,0,0,0,0,2.74
30,37,30037,0.02,,0.1,0,1.65,0,3.1,0.01,0.04,0.01,0.09,0.02,0,,0,,,,0,0,0,0,0,1.68,5.41
30,38,30038,0.23,0.04,4.46,0,23.64,0,13.02,0.08,12.02,2.29,26.01,4.4,0.0017,,0,,,7.72,0,0,0,6.91,0.64,72.69,47.45
30,39,30039,0.82,,28.82,0,92.45,0,4.96,0.27,78.63,14.99,170.2,28.79,0.0114,,0,,,,0,0,451.15,49.69,4.58,0.4,7.29
30,40,30040,0.13,,1.02,0,13.07,0,10.88,0.04,0.74,0.14,1.61,0.27,0.0001,,0,,,,0,0,0,0,0,0,21.46
30,41,30041,0.01,,0.02,0,0.52,0,0.84,0,0.04,0.01,0.09,0.02,0,,0,,,7.72,0,0,0,0,0,0,3.01
30,42,30042,0.02,,0.13,0,1.8,0,2.49,0.01,0.09,0.02,0.18,0.03,0,,0,,,,0,0,0,0,0,0,3.82
30,43,30043,0.05,0,0.22,0,4.31,0,7.22,0.02,0.37,0.07,0.81,0.14,0.0001,,0,,,7.72,0,0,0,0,0,17.56,35.26
30,44,30044,0.55,0,20.59,0,58.52,0,24.45,0.18,32.8,6.25,71,12.01,0.0048,,0,,,7.72,0,0,0,31.89,2.94,0.08,32.59
30,45,30045,0.16,0.08,3.84,0,18.63,0,23.35,0.05,3.49,0.66,7.55,1.28,0.0005,,0,,,7.72,0,0,0,101.51,9.35,0,73.79
30,46,30046,0.04,,0.22,0,3.93,0,6.31,0.01,0.37,0.07,0.81,0.14,0.0001,,0,,,7.72,0,0,0,0,0,0.21,16.52
30,47,30047,0.14,,1.21,0,11.36,0,20.13,0.04,1.69,0.32,3.66,0.62,0.0002,,0,,,,0,0,0,0,0,2.82,22.39
30,48,30048,0.31,0.08,3.99,0,32.2,0,13.26,0.1,16.93,3.23,36.64,6.2,0.0025,,0,,,,21.73,5.42,0,10.1,0.93,1.2,10.21
30,49,30049,0.06,0.04,0.24,0,5.75,0,8.06,0.02,1.35,0.26,2.93,0.49,0.0002,,0,,,7.72,0,0,0,0,0,0,25.51
30,50,30050,0.04,,0.21,0,3.7,0,6.4,0.01,0.18,0.04,0.4,0.07,0,,0,,,,0,0,0,0,0,0,13.32
30,51,30051,0.06,,0.59,0,5.54,0,8.93,0.02,1.02,0.19,2.21,0.37,0.0001,,0,,,,0,0,0,0,0,0,14.86
30,52,30052,0.03,,0.22,0,3.14,0,4.68,0.01,4.83,0.92,10.46,1.77,0.0007,,0,,,7.72,0,0,0,29.76,2.74,0,19.03
30,53,30053,0.07,,1.46,0,7,0,9.94,0.02,3.92,0.75,8.49,1.44,0.0006,,0,,,7.72,0,0,0,0,0,0,15.33
30,54,30054,0.03,0,0.18,0,4.04,0,4.89,0.01,0.27,0.05,0.57,0.1,0,,0,,,7.72,0,0,0,32.68,3.01,0,26.1
30,55,30055,0.04,0,0.13,0,3.65,0,5.6,0.01,0.02,0,0.05,0.01,0,,0,,,7.72,0,0,0,0,0,0,14.84
30,56,30056,0.02,0,0.03,0,1.68,0,2.92,0.01,0.07,0.01,0.14,0.02,0,,0,,,7.72,0,0,0,0,0,0,6.46
30,57,30057,0.04,,0.19,0,2.97,0,5.36,0.01,0.09,0.02,0.21,0.03,0,,0,,,,0,0,0,0,0,0,13.13
30,58,30058,0.16,,0.52,0,14.97,0,23.71,0.05,0.24,0.05,0.52,0.09,0,,0,,,7.72,0,0,0,0,0,8.69,103.24
30,59,30059,0.04,0,0.52,0,4.46,0,5.68,0.01,1.33,0.25,2.88,0.49,0.0002,,0,,,,0,0,0,34.54,3.18,0,6.62
30,60,30060,0.04,,0.14,0,3.91,0,6.06,0.01,0.11,0.02,0.25,0.04,0,,0,,,7.72,0,0,0,0,0,0.2,4.59
30,61,30061,0.21,0,3.07,0,19.4,0,30.02,0.07,1.84,0.35,3.98,0.67,0.0003,,0,3.26,,,0,0,0,95.39,8.78,0.01,87.96
30,62,30062,0.05,,0.35,0,4.39,0,7.09,0.02,1.95,0.37,4.23,0.72,0.0003,,0,,,7.72,0,0,0,0,0,0,16.93
30,63,30063,0.04,,0.15,0,4.07,0,6.23,0.01,0.35,0.07,0.75,0.13,0.0001,,0,,,7.72,0,0,0,0,0,0,7.69
30,64,30064,0.01,,0.05,0,0.92,0,1.44,0,0.04,0.01,0.09,0.02,0,,0,,,,0,0,0,0,0,0.13,3.93
30,65,30065,0.15,,1.38,0,15.43,0,24.42,0.05,2.18,0.42,4.72,0.8,0.0003,,0,0.05,,7.72,0,0,0,103.9,9.57,0,42.94
30,66,30066,0.07,0,0.35,0,6.89,0,10.63,0.02,0.4,0.08,0.86,0.15,0.0001,,0,,,,0,0,0,0,0,0,20.38
30,67,30067,0.04,,0.21,0,2.7,0,6.18,0.01,0.41,0.08,0.89,0.15,0.0001,,0,,,,0,0,0,0,0,2.16,2.92
30,68,30068,0.16,0.04,3.42,0,16.6,0,9.05,0.05,5.83,1.11,12.62,2.13,0.0008,,0,,,7.72,0,0,0,15.94,1.47,0,13.57
30,69,30069,0.07,,1.48,0,7.89,0,10.42,0.02,1.29,0.25,2.8,0.47,0.0002,,0,,,,0,0,0,0,0,0,38.99
30,70,30070,0.05,,0.31,0,4.79,0,7.45,0.02,0.38,0.07,0.82,0.14,0.0001,,0,0.46,,,0,0,0,0,0,1.34,39.04
30,71,30071,0.14,,3.04,0,12.96,0,21.02,0.05,4.14,0.79,8.97,1.52,0.0006,,0,,,7.72,0,0,0,0,0,20.01,39.42
30,72,30072,0.06,,0.4,0,5.47,0,8.27,0.02,0.27,0.05,0.57,0.1,0,,0,0.62,,7.72,0,0,0,0,0,0,24.8
30,73,30073,0.11,0.04,0.94,0,11.73,0,16.35,0.04,3.03,0.58,6.55,1.11,0.0004,,0,,,7.72,0,0,0,0,0,0.54,80.5
30,74,30074,0.02,,0.09,0,1.83,0,1.9,0.01,0.45,0.09,0.98,0.16,0.0001,,0,0.02,,,0,0,0,7.97,0.73,0,0.33
30,75,30075,0.05,,0.43,0,0.59,0,7.44,0.02,0.33,0.06,0.72,0.12,0,,0,,,,0,0,0,0,0,0,2.55
30,76,30076,0.04,,0.02,0,3.58,0,5.7,0.01,0,0,0,0,0,,0,,,7.72,0,0,0,0,0,0,13.97
30,77,30077,0.11,0,2.11,0,11.94,0,16.46,0.04,1.53,0.29,3.32,0.56,0.0002,,0,,,,0,0,0,62.18,5.73,0,51.17
30,78,30078,0.04,,0.14,0,3.39,0,5.42,0.01,0.14,0.03,0.31,0.05,0,,0,,,7.72,0,0,0,0,0,0,15.26
30,79,30079,0.03,,0.12,0,2.62,0,4.25,0.01,0.2,0.04,0.44,0.07,0,,0,0.03,,,0,0,0,0,0,0,5.09
30,80,30080,0.06,,0.28,0,4.86,0,8.31,0.02,0.97,0.18,2.09,0.35,0.0001,,0,,,,0,0,0,0,0,0,28.29
30,81,30081,0.05,,0.28,0,4.69,0,3.21,0.01,0.37,0.07,0.81,0.14,0.0001,,0,,,7.72,0,0,0,0,0,0,1.89
30,82,30082,0.04,,0.37,0,0.43,0,3.66,0.01,1.2,0.23,2.59,0.44,0.0002,,0,,,,0,0,0,18.6,1.71,0,6.19
30,83,30083,0.14,,0.27,0,12.93,0,20.82,0.05,0.32,0.06,0.69,0.12,0,,0,,,7.72,0,0,0,0,0,0,61.27
30,84,30084,0.02,,0.06,0,1.95,0,2.43,0.01,0.06,0.01,0.13,0.02,0,,0,,,7.72,0,0,0,0,0,14.15,18.21
30,85,30085,0.18,,1.9,0,17.43,0,13.97,0.06,24.1,4.6,52.17,8.83,0.0035,,0,0.03,,7.72,0,0,0,21.26,1.96,0,35.77
30,86,30086,0.11,0,0.55,0,9.29,0,16.18,0.04,9.63,1.84,20.84,3.53,0.0014,,0,0.5,,7.72,0,0,0,0,0,54.34,33.19
30,87,30087,1.21,0.04,39.98,0,13.32,0,7.21,0.39,26.94,5.14,58.31,9.86,0.0039,,0,,,7.72,0,0,0,42.78,3.94,0,10.68
30,88,30088,0.01,,0.23,0,1.52,0,2.01,0,0.12,0.02,0.27,0.05,0,,0,,,7.72,0,0,0,0,0,37.67,11.84
30,89,30089,0.11,,2.21,0,11.87,0,5.58,0.04,2.59,0.49,5.61,0.95,0.0004,,0,,,,0,0,0,33.22,3.06,0,18.74
30,90,30090,0.03,,0.17,0,3.28,0,4.19,0.01,0.1,0.02,0.22,0.04,0,,0,,,,0,0,0,0,0,0,4.82
30,91,30091,0.07,,0.54,0,6.77,0,10.31,0.02,1.14,0.22,2.47,0.42,0.0002,,0,2,,,0,0,0,77.59,7.15,0.01,24.13
30,92,30092,0.09,,0.95,0,8.4,0,13.79,0.03,1.67,0.32,3.61,0.61,0.0002,,0,,,7.72,0,0,0,0,0,0,15.65
30,93,30093,0.04,0,0.26,0,3.79,0,5.75,0.01,0.31,0.06,0.67,0.11,0,,0,,,7.72,0,0,0,19.13,1.76,0,8.36
30,94,30094,0.1,,1.29,0,10.47,0,14.73,0.03,2.06,0.39,4.47,0.76,0.0003,,0,,,,0,0,0,132.06,12.16,0,49.06
30,95,30095,0.05,,0.37,0,4.94,0,7.01,0.02,0.37,0.07,0.79,0.13,0.0001,,0,,,,0,0,0,0,0,0,21.43
30,96,30096,0,,0.05,0,0.43,0,0.66,0,0.07,0.01,0.14,0.02,0,,0,,,,0,0,0,0,0,0,1.28
30,97,30097,0.05,0,1.56,0,0.64,0,7.98,0.02,5.66,1.08,12.25,2.07,0.0008,,0,,,7.72,0,0,0,0,0,0,10.34
30,98,30098,0.01,,0.03,0,0.68,0,1.13,0,0.01,0,0.02,0,0,,0,,,,0,0,0,0,0,0,1.39
30,99,30099,0.04,,0.44,0,3.59,0,6.34,0.01,1.34,0.26,2.9,0.49,0.0002,,0,4.77,,,0,0,0,66.7,6.14,0,8.45
30,100,30100,0.06,,0.19,0,6.68,0,8.73,0.02,0.68,0.13,1.48,0.25,0.0001,,0,,,7.72,0,0,0,45.17,4.16,1.82,22.31
30,101,30101,0.09,0,0.43,0,8.32,0,11.6,0.03,0.18,0.04,0.4,0.07,0,,0,,,7.72,0,0,0,0,0,0.58,25.75
30,102,30102,0.29,,9.34,0,30.43,0,41.87,0.09,8.19,1.56,17.73,3,0.0012,,0,,,7.72,0,0,0,0,0,0,134.42
30,103,30103,0.03,,0.1,0,2.68,0,4.82,0.01,0.07,0.01,0.14,0.02,0,,0,,,,0,0,0,0,0,0,6.04
30,104,30104,0.04,,0.18,0,3.7,0,5.84,0.01,0.17,0.03,0.36,0.06,0,,0,0.2,,,0,0,0,0,0,0,23.39
30,105,30105,0.11,,1.07,0,13.02,0,14.74,0.04,3.19,0.61,6.9,1.17,0.0005,,0,,,,0,0,0,98.32,9.05,0,11.18
30,106,30106,0.01,,0.11,0,1.12,0,1.75,0,0.56,0.11,1.22,0.21,0.0001,,0,,,,0,0,0,0,0,12.82,2.26
30,107,30107,0.01,,0.01,0,0.66,0,1.21,0,0,0,0,0,0,,0,,,,0,0,0,0,0,4.46,2.66
30,108,30108,0.45,0,16.15,0,48.26,0,32.39,0.15,25.42,4.85,55.02,9.31,0.0037,,0,,,,0,0,0,0,0,0,59.27
30,109,30109,0.18,,2.25,0,17.85,0,25.69,0.06,2.73,0.52,5.91,1,0.0004,,0,,,7.72,0,0,0,0,0,0,55.28
30,110,30110,0.03,,0.04,0,2.46,0,4.1,0.01,0,0,0,0,0,,0,,,,0,0,0,0,0,0,5.53
30,111,30111,0.05,,0.63,0,0.49,0,6.8,0.02,0.36,0.07,0.78,0.13,0.0001,,0,,,,0,0,0,40.66,3.74,0,5.55
30,112,30112,0.06,,0.89,0,5.51,0,8.09,0.02,3.4,0.65,7.35,1.24,0.0005,,0,,,7.72,0,0,0,0,0,0,8.77
30,113,30113,0.01,,0.05,0,1.15,0,1.85,0,0.15,0.03,0.32,0.05,0,,0,,,7.72,0,0,0,0,0,0,4.4
30,114,30114,0.03,,0.26,0,0.03,0,4.29,0.01,0.24,0.05,0.51,0.09,0,,0,,,7.72,0,0,0,0,0,0,11.63
30,115,30115,0.09,,0.96,0,9.44,0,6.05,0.03,1.34,0.26,2.91,0.49,0.0002,,0,0.17,,,0,0,0,18.6,1.71,0.19,4.37
30,116,30116,0.04,,0.63,0,4.09,0,1.5,0.01,0.87,0.17,1.89,0.32,0.0001,,0,,,,0,0,0,24.18,2.23,0,1.58
30,117,30117,0.06,,0.44,0,6.16,0,9.26,0.02,0.36,0.07,0.77,0.13,0.0001,,0,,,7.72,0,0,0,26.04,2.4,33.93,57.51
30,118,30118,0.34,,16.33,0,3.79,0,0.01,0.11,28.4,5.42,61.47,10.4,0.0041,,0,,,,0,0,0,15.94,1.47,0,0
30,119,30119,0.02,0,0.25,0,1.86,0,2.38,0.01,0.58,0.11,1.26,0.21,0.0001,,0,,,7.72,0,0,0,7.17,0.66,0,12.45
30,120,30120,0.04,,0.6,0,3.73,0,0.01,0.01,0.7,0.13,1.52,0.26,0.0001,,0,,,,0,0,0,0,0,0,1.56
30,121,30121,0.07,0.04,0.36,0,7.18,0,9.93,0.02,0.37,0.07,0.79,0.13,0.0001,,0,,,7.72,0,0,0,117.45,10.82,0,20.34
30,122,30122,0.04,,0.33,0,4.27,0,6.26,0.01,0.7,0.13,1.51,0.26,0.0001,,0,1.61,,,0,0,0,0,0,0.87,11.53
30,123,30123,0.27,0,3.95,0,27.86,0,31.68,0.09,8.27,1.58,17.9,3.03,0.0012,,0,,,7.72,0,0,0,114.26,10.52,4.1,156.84
30,124,30124,0.45,,5.33,0,4.38,0,72.12,0.15,5.78,1.1,12.51,2.12,0.0008,,0,,,,0,0,0,0,0,0,130.8
30,125,30125,0.08,0,1.18,0,7.84,0,11.71,0.03,3.09,0.59,6.69,1.13,0.0004,,0,,,7.72,0,0,0,44.11,4.06,0,45.68
30,126,30126,0.09,,0.64,0,9.77,0,12.77,0.03,0.53,0.1,1.14,0.19,0.0001,,0,,,7.72,0,0,0,0,0,0,56.15
30,127,30127,0.06,,0.1,0,4.21,0,8.11,0.02,0.13,0.02,0.28,0.05,0,,0,3.41,,,0,0,0,0,0,7.13,8.24
30,128,30128,0.18,0,3.31,0,15.64,0,26.24,0.06,6.37,1.21,13.79,2.33,0.0009,,0,4.96,,7.72,0,0,0,72.01,6.63,0,72.1
30,129,30129,0.05,,0.38,0,4.82,0,7.57,0.02,0.46,0.09,1,0.17,0.0001,,0,,,7.72,0,0,0,0,0,0,20.23
30,130,30130,0.11,,1.74,0,11.17,0,16.33,0.04,1.89,0.36,4.1,0.69,0.0003,,0,,,,0,0,0,0,0,37.25,65.17
30,131,30131,0.53,,18.04,0,57.55,0,3.52,0.17,22.29,4.25,48.26,8.16,0.0032,,0,,,,0.3,0.33,0,0,0,0,0
30,132,30132,0.04,,0.51,0,3.94,0,6.44,0.01,1.32,0.25,2.85,0.48,0.0002,,0,0.86,,,0,0,0,49.42,4.55,0,5.92
30,133,30133,0.15,,1.83,0,16.01,0,3.96,0.05,2.15,0.41,4.66,0.79,0.0003,,0,,,,0,0,0,65.1,6,10.31,1.67
30,134,30134,0.06,0,0.43,0,0.66,0,8.63,0.02,0.25,0.05,0.53,0.09,0,,0,,,7.72,0,0,0,53.94,4.97,0,55.38
30,135,30135,0.05,,0.45,0,4.2,0,1.51,0.02,0.19,0.04,0.41,0.07,0,,0,,,7.72,0,0,0,0,0,0,3.33
30,136,30136,0.02,,0.15,0,1.61,0,1.86,0.01,0.24,0.05,0.51,0.09,0,,0,,,,0,0,0,20.73,1.91,0,0.96
30,137,30137,0.01,,0.02,0,1.22,0,2.07,0,0.02,0,0.04,0.01,0,,0,,,,0,0,0,0,0,0.28,3.2
30,138,30138,0.12,,2.6,0,12.8,0,17.14,0.04,2.31,0.44,5.01,0.85,0.0003,,0,0.1,,7.72,0,0,0,11.96,1.1,0,0.65
30,139,30139,0.02,0.04,0.15,0,2.03,0,2.46,0.01,0.08,0.01,0.16,0.03,0,,0,,,7.72,0,0,0,0,0,0,7.93
30,140,30140,0.01,,0.03,0,0.53,0,1.07,0,0.05,0.01,0.1,0.02,0,,0,,,,0,0,0,0,0,1.71,0.98
30,141,30141,0.44,0.08,5.46,0,41.1,0,63.58,0.14,10.35,1.97,22.4,3.79,0.0015,,0,,,7.72,0,0,0,0,0,105.8,96.64
30,142,30142,0.09,,0.49,0,8.95,0,13.2,0.03,0.57,0.11,1.24,0.21,0.0001,,0,,,,0,0,0,100.71,9.27,0.02,31.78
30,143,30143,0.16,0,1.2,0,15.75,0,23.53,0.05,0.96,0.18,2.07,0.35,0.0001,,0,,,7.72,0,0,161.74,0,0,0,36.81
30,144,30144,0.08,,0.75,0,7.96,0,12.34,0.03,0.63,0.12,1.37,0.23,0.0001,,0,,,,0,0,0,82.37,7.59,5.51,18.22
30,145,30145,0.04,,0.3,0,3.58,0,2.9,0.01,0.4,0.08,0.86,0.15,0.0001,,0,,,,0,0,0,0,0,0,7.56
30,146,30146,0.01,,0.02,0,0.72,0,1.36,0,0,0,0,0,0,,0,,,7.72,0,0,0,0,0,0,5.03
30,147,30147,0.06,,0.15,0,4.13,0,8.22,0.02,0.92,0.18,2,0.34,0.0001,,0,1.01,,,0,0,0,0,0,0,5.27
30,148,30148,0.08,0,0.91,0,8.24,0,11.48,0.03,0.64,0.12,1.4,0.24,0.0001,,0,,,7.72,0,0,0,27.37,2.52,0,25.27
30,149,30149,0.08,0,0.3,0,7.62,0,12.04,0.03,0.18,0.03,0.39,0.07,0,,0,0.01,,,0,0,0,0,0,0,62.79
30,150,30150,0.03,,0.3,0,0.33,0,4.83,0.01,1.93,0.37,4.19,0.71,0.0003,,0,,,,0,0,0,0,0,0,3.99
30,151,30151,0.07,0,0.46,0,7.46,0,10.27,0.02,0.38,0.07,0.83,0.14,0.0001,,0,,,,0,0,0,0,0,0,25.05
30,152,30152,0.04,,0.18,0,3.92,0,5.13,0.01,0.14,0.03,0.31,0.05,0,,0,,,7.72,0,0,0,54.47,5.02,0,7.92
30,153,30153,0.02,0.04,0.04,0,1.87,0,2.5,0.01,0.17,0.03,0.37,0.06,0,,0,,,7.72,0,0,0,0,0,0,3.48
30,154,30154,0.04,0.19,0.06,0,3.78,0,5.67,0.01,0.41,0.08,0.89,0.15,0.0001,,0,,,,0,0,0,0,0,1.18,10.2
30,155,30155,0.29,0,2.19,0,25.5,0,41.95,0.09,1.75,0.33,3.8,0.64,0.0003,,0,,,7.72,0,0,0,0,0,1.62,57.55
30,156,30156,0.02,,0.03,0,1.28,0,2.26,0.01,0.07,0.01,0.14,0.02,0,,0,0.77,,,0,0,0,0,0,0.02,4.06
30,157,30157,0.05,0,0.16,0,5.13,0,7.89,0.02,0.25,0.05,0.54,0.09,0,,0,,,,0,0,0,0,0,0,58.94
30,158,30158,0.07,,1.4,0,0.76,0,10.39,0.02,0.54,0.1,1.17,0.2,0.0001,,0,,,7.72,0,0,0,0,0,0,42.28
30,159,30159,0.06,,0.23,0,0.42,0,8.74,0.02,0.04,0.01,0.08,0.01,0,,0,,,,0,0,0,0,0,2.15,8.33
30,160,30160,0.3,0.04,3.44,0,28.27,0,43.17,0.1,2.37,0.45,5.13,0.87,0.0003,,0,,,,0,0,0,0,0,0,217.77
30,161,30161,0.1,,0.76,0,9.49,0,14.18,0.03,1.53,0.29,3.31,0.56,0.0002,,0,,,7.72,0,0,0,0,0,0,19.98
30,162,30162,0.02,,0.05,0,1.41,0,2.42,0.01,0.04,0.01,0.09,0.02,0,,0,,,,0,0,0,0,0,0,11.94
30,163,30163,0.01,,0.06,0,1.28,0,2.14,0,0.08,0.01,0.16,0.03,0,,0,,,,0,0,0,0,0,0,4.06
30,164,30164,0.04,,0.48,0,4.57,0,6.48,0.01,0.6,0.11,1.29,0.22,0.0001,,0,,,7.72,0,0,0,0,0,0,12.32
30,165,30165,0.02,,0.04,0,1.94,0,3.26,0.01,0.08,0.02,0.17,0.03,0,,0,,,7.72,0,0,0,0,0,0,12.41
30,166,30166,0.03,,0.06,0,2.62,0,3.73,0.01,0.15,0.03,0.33,0.06,0,,0,,,7.72,0,0,0,0,0,0,7.14
30,167,30167,0.04,0.04,0.17,0,3.88,0,5.86,0.01,0.32,0.06,0.69,0.12,0,,0,,,,0,0,0,0,0,0,7.24
30,168,30168,0.04,,0.1,0,3.16,0,5.23,0.01,0.02,0,0.04,0.01,0,,0,0.09,,,0,0,0,0,0,0,13.25
30,169,30169,0.07,,0.43,0,7.27,0,9.82,0.02,0.42,0.08,0.9,0.15,0.0001,,0,,,7.72,0,0,0,52.88,4.87,0,71.17
30,170,30170,0.03,0,0.04,0,2.35,0,4.17,0.01,0,0,0,0,0,,0,0.14,,7.72,0,0,0,0,0,0,15.47
30,171,30171,0.01,,0.07,0,1.21,0,2.03,0,0.05,0.01,0.1,0.02,0,,0,,,,0,0,0,0,0,0,4.09
30,172,30172,0.05,,0.37,0,5.2,0,7.76,0.02,0.56,0.11,1.21,0.2,0.0001,,0,,,,0,0,0,30.56,2.81,0,44.18
30,173,30173,0.14,,1.17,0,13.28,0,20.5,0.05,5.18,0.99,11.22,1.9,0.0008,,0,,,7.72,0,0,0,42.25,3.89,3.18,121.66
30,174,30174,0.25,0,4.81,0,28.03,0,36.86,0.08,3.66,0.7,7.93,1.34,0.0005,,0,,,7.72,0,0,0,134.19,12.36,0.08,110.32
30,175,30175,0.24,0,2.77,0,23.08,0,37.42,0.08,3.8,0.72,8.22,1.39,0.0006,,0,,,,0,0,0,0,0,0,79.15
30,176,30176,0.01,0,0.22,0,1.51,0,1.9,0,0.16,0.03,0.35,0.06,0,,0,,,7.72,0,0,0,0,0,3.1,21.54
30,177,30177,0.03,,0.07,0,2.3,0,4.03,0.01,0.05,0.01,0.1,0.02,0,,0,0.83,,,0,0,0,0,0,0,4.83
30,178,30178,0.04,,0.68,0,4.73,0,5.93,0.01,1.08,0.21,2.34,0.4,0.0002,,0,,,,0,0,0,0,0,0,16.37
30,179,30179,0.01,,0.08,0,1.03,0,1.51,0,0.23,0.04,0.49,0.08,0,,0,,,7.72,0,0,0,0,0,0,9.58
30,180,30180,0.03,,0.08,0,2.83,0,4.59,0.01,0.05,0.01,0.11,0.02,0,,0,0.16,,7.72,0,0,0,0,0,0,24.04
30,181,30181,0.1,,1.36,0,1.19,0,15.18,0.03,1.11,0.21,2.41,0.41,0.0002,,0,,,7.72,0,0,0,79.18,7.29,0,29.12
30,182,30182,0.04,,0.1,0,3.56,0,6.4,0.01,0.13,0.02,0.28,0.05,0,,0,,,,0,0,0,0,0,0,2.69
30,183,30183,0.16,0.08,2.7,0,1.59,0,23.26,0.05,2.49,0.47,5.38,0.91,0.0004,,0,,,7.72,0,0,0,0,0,0,38.04
30,184,30184,0.02,,0.09,0,1.44,0,2.81,0.01,0.09,0.02,0.21,0.03,0,,0,1.03,,,0,0,0,0,0,0,4.15
30,185,30185,0.01,,0.09,0,0.12,0,1.11,0,0.07,0.01,0.14,0.02,0,,0,,,7.72,0,0,0,0,0,0,0.5
30,186,30186,0.02,,0.21,0,1.84,0,2.68,0.01,0.4,0.08,0.86,0.15,0.0001,,0,,,7.72,0,0,0,0,0,0,9.39
30,187,30187,0.02,,0.04,0,1.19,0,2.27,0.01,0.04,0.01,0.08,0.01,0,,0,,,,0,0,0,0,0,0,2.91
30,188,30188,0.04,,0.27,0,3.95,0,6.43,0.01,0.27,0.05,0.59,0.1,0,,0,,,7.72,0,0,0,0,0,9.78,31.06
30,189,30189,0.39,0.04,8.53,0,42.04,0,57.56,0.13,7.17,1.37,15.52,2.63,0.001,,0,,,,0,0,225.68,0,0,0,53.31
30,190,30190,0.01,,0.08,0,0.82,0,0.91,0,0.1,0.02,0.22,0.04,0,,0,,,7.72,0,0,0,0,0,0,5.39
30,191,30191,0.08,0.08,0.96,0,0.94,0,11.52,0.03,3.22,0.61,6.98,1.18,0.0005,,0,,,7.72,0,0,0,0,0,0,29.49
30,192,30192,0.05,,1.04,0,6.21,0,7.93,0.02,1.38,0.26,2.98,0.5,0.0002,,0,,,7.72,0,0,0,0,0,82.91,6.48
30,193,30193,1.5,,51.51,0,174.63,0,17.04,0.49,49.23,9.39,106.57,18.03,0.0072,,0,,54.18682724,7.72,0,0,731.07,122.23,11.26,8.63,4.35
30,194,30194,0.03,,0.12,0,2.44,0,4.1,0.01,1.66,0.32,3.58,0.61,0.0002,,0,0.06,,7.72,0,0,0,17.54,1.62,0,6.21
30,195,30195,0.01,,0.07,0,1.05,0,1.99,0,0.38,0.07,0.83,0.14,0.0001,,0,,,,0,0,0,0,0,1.08,6.21
30,196,30196,0.05,,0.89,0,4.93,0,8.88,0.01,0.59,0.11,1.28,0.22,0.0001,,0,0.23,,7.72,0,0,0,0,0,0,19.84
30,197,30197,0.03,,0.19,0,3.3,0,4.9,0.01,0.33,0.06,0.71,0.12,0,,0,,,,0,0,0,0,0,5.76,12.53
30,198,30198,0.02,,0.08,0,2.02,0,2.88,0.01,0.06,0.01,0.12,0.02,0,,0,0.13,,7.72,0,0,0,0,0,0,7.04
30,199,30199,0.03,,0.35,0,2.41,0,0.82,0.01,0.3,0.06,0.66,0.11,0,,0,,,,0,0,0,0,0,0,2.87
30,200,30200,0.04,,0.05,0,0.32,0,5.13,0.01,0.18,0.04,0.4,0.07,0,,0,,,7.72,0,0,0,0,0,0.09,34.47
30,201,30201,0.11,,0.74,0,10.43,0,16.77,0.04,0.47,0.09,1.03,0.17,0.0001,,0,,,,0,0,0,0,0,0,53.98
30,202,30202,0.04,,0.06,0,0.33,0,5.61,0.01,0.07,0.01,0.15,0.03,0,,0,,,7.72,0,0,0,0,0,0,16.91
30,203,30203,0.04,,0.16,0,3.24,0,5.33,0.01,0.27,0.05,0.59,0.1,0,,0,,,,0,0,0,0,0,0.03,6.53
30,204,30204,0.13,,2.72,0,13.73,0,18.98,0.04,1.34,0.26,2.91,0.49,0.0002,,0,0.05,,,0,0,0,0,0,0,8.58
30,205,30205,0.05,,0.48,0,0.54,0,7.88,0.02,3.17,0.61,6.87,1.16,0.0005,,0,,,7.72,0,0,0,0,0,21.82,49.54
30,206,30206,0.08,,1.79,0,8.63,0,11.48,0.03,1.01,0.19,2.18,0.37,0.0001,,0,,,,0,0,0,26.84,2.47,0,0.63
30,207,30207,0.13,0,1.83,0,13.65,0,18.35,0.04,7.67,1.46,16.61,2.81,0.0011,,0,,,7.72,0,0,0,103.63,9.54,0,83.81
30,208,30208,0.06,0,1.11,0,7.6,0,9.41,0.02,9.34,1.78,20.22,3.42,0.0014,,0,,,7.72,0,0,0,0,0,0,20.31
30,209,30209,0.04,,0.25,0,3.34,0,5.29,0.01,0.25,0.05,0.53,0.09,0,,0,0.06,,,0,0,0,0,0,0,11.35
30,210,30210,0.07,,0.26,0,5.97,0,10.67,0.02,0.24,0.05,0.51,0.09,0,,0,1.45,,,0,0,0,0,0,0,55.66
30,211,30211,0.08,,0,0,8.98,0,12.12,0.03,0,0,0,0,0,,0,,,,0,0,0,0,0,0,0
30,212,30212,0.02,,0,0,0.02,0,3.27,0.01,0,0,0,0,0,,0,,,,0,0,0,0,0,0,0
31,1,31001,0.02,,0.03,0,1.79,0,2.56,0.01,0.05,0.01,0.1,0.01,0,,0,0.01,,,0,0,0,0,0,0,0.31
31,2,31002,0.04,,0.55,0,3.88,0,6.13,0.01,4.98,1.5,0,0.74,0.0007,,0,0.46,,,0,0,0,35.16,3.24,0,0.3
31,3,31003,0.03,,0.45,0,2.57,0,4.18,0.01,1.97,0.59,0,0.29,0.0003,,0,,,,0,0,0,17.99,1.66,0,0.8
31,4,31004,0.02,,0.24,0,1.65,0,2.29,0.01,0.4,0.12,0,0.06,0.0001,,0,0.6,,,0,0,0,0,0,0,0.46
31,5,31005,0.01,,0.07,0,0.65,0,0.84,0,0.09,0.03,0,0.01,0,,0,1.22,,,0,0,0,10.83,1,0,0.19
31,6,31006,0.02,,0.49,0,2.67,0,3.59,0.01,0.55,0.17,0,0.08,0.0001,,0,0.11,,,0,0,0,0,0,0,7.4
31,7,31007,0.02,,0.24,0,1.91,0,2.74,0.01,0.57,0.17,0,0.09,0.0001,,0,,,,0,0,0,26.37,2.43,0,0.23
31,8,31008,0.01,,0.06,0,1.14,0,1.64,0,0.34,0.1,0,0.05,0,,0,,,,0,0,0,30.25,2.79,0,2.89
31,9,31009,0.01,,0.18,0,1.54,0,2.03,0,0.29,0.09,0,0.04,0,,0,0.23,,,0,0,0,0,0,0,0.75
31,10,31010,0.01,,0.04,0,0.59,0,0.98,0,0.97,0.29,0,0.15,0.0001,,0,,,,0,0,0,0,0,1.6,0.39
31,11,31011,0.02,,0.61,0,2.01,0,2.68,0.01,0.96,0.29,0,0.14,0.0001,,0,,,,0,0,0,0,0,0,0.22
31,12,31012,0.01,,0.11,0,1.24,0,1.52,0,0.22,0.07,0,0.03,0,,0,0.38,,,0,0,0,0,0,1.17,5.98
31,13,31013,0.02,,0.36,0,2.58,0,1.56,0.01,1.38,0.42,0,0.21,0.0002,,0,0.46,,,0,0,0,0,0,2.05,0.15
31,14,31014,0,,0.06,0,0.36,0,0.64,0,0.21,0.06,0,0.03,0,,0,,,,0,0,0,0,0,0,0.28
31,15,31015,0.01,,0.09,0,1.34,0,2.06,0,0.17,0.05,0,0.03,0,,0,,,,0,0,0,0,0,0,0.18
31,16,31016,0.01,,0.06,0,0.61,0,1.1,0,1.54,0.46,0,0.23,0.0002,,0,,,,0,0,0,0,0,0,0.25
31,17,31017,0.01,,0.02,0,1.18,0,1.86,0,0.01,0,0,0,0,,0,,,,0,0,0,0,0,0,0.77
31,18,31018,0.01,,0.05,0,0.86,0,1.25,0,0.11,0.03,0,0.02,0,,0,,,,0,0,0,19.62,1.81,0,0.34
31,19,31019,0.09,,0.54,0,7.26,0,12.86,0.03,1,0.3,0,0.15,0.0001,,0,,,,0,0,0,0,0,0,2.51
31,20,31020,0.01,,0.16,0,1.2,0,1.65,0,0.2,0.06,0,0.03,0,,0,2.07,,,0,0,0,0,0,0,0.11
31,21,31021,0.02,,0.12,0,1.71,0,3.19,0.01,0.27,0.08,0,0.04,0,,0,,,,0,0,0,0,0,0,0.69
31,22,31022,0.01,,0.05,0,0.96,0,1.73,0,0.32,0.1,0,0.05,0,,0,,,,0,0,0,0,0,0,0.85
31,23,31023,0.01,,0.15,0,0.14,0,1.86,0,0.44,0.13,0,0.07,0.0001,,0,,,,0,0,0,25.14,2.32,0,0.25
31,24,31024,0.01,,0.09,0,0.77,0,1.26,0,2.6,0.78,0,0.39,0.0004,,0,,,,0,0,0,0,0,0,0.27
31,25,31025,0.01,,0.19,0,1.11,0,1.96,0,0.8,0.24,0,0.12,0.0001,,0,,,,0,0,0,0,0,0,0.66
31,26,31026,0.01,,0.11,0,1.14,0,1.4,0,0.84,0.25,0,0.13,0.0001,,0,12.07,,,0,0,0,0,0,0,0.27
31,27,31027,0.02,,0.61,0,2.7,0,3.5,0.01,0.97,0.29,0,0.15,0.0001,,0,3.05,,,0,0,0,0,0,0.1,0.74
31,28,31028,0.01,,0.22,0,0.72,0,0.96,0,0.28,0.09,0,0.04,0,,0,,,,0,0,0,0,0,0,1.44
31,29,31029,0.02,,0.39,0,2.01,0,2.5,0.01,0.43,0.13,0,0.06,0.0001,,0,,,,0,0,0,0,0,0,4.66
31,30,31030,0.01,,0.07,0,0.96,0,1.47,0,0.14,0.04,0,0.02,0,,0,,,,0,0,0,41.09,3.78,0,0.66
31,31,31031,0.01,,0.07,0,0.8,0,1.19,0,0.23,0.07,0,0.03,0,,0,,,,0,0,0,17.38,1.6,0,1.41
31,32,31032,0.04,,0.32,0,3.76,0,6.18,0.01,0.98,0.3,0,0.15,0.0001,,0,,,,0,0,0,51.1,4.71,0,5.22
31,33,31033,0.05,,0.38,0,5.23,0,7.76,0.02,1.61,0.49,0,0.24,0.0002,,0,,,,0,0,0,12.47,1.15,0,0.72
31,34,31034,0.02,,0.13,0,1.67,0,2.49,0.01,0.28,0.09,0,0.04,0,,0,0.21,,,0,0,0,17.78,1.64,0,0.37
31,35,31035,0.02,,0.2,0,1.76,0,2.39,0.01,0.31,0.09,0,0.05,0,,0,0.05,,,0,0,0,0,0,0,0.29
31,36,31036,0.02,,0.23,0,0.21,0,2.98,0.01,0.59,0.18,0,0.09,0.0001,,0,,,,0,0,0,0,0,0,0.27
31,37,31037,0.01,,0.19,0,1.34,0,1.93,0,1.49,0.45,0,0.22,0.0002,,0,,,,0,0,0,31.89,2.94,0,0.28
31,38,31038,0.08,,1.57,0,7.51,0,12.03,0.03,3.7,1.12,0,0.55,0.0005,,0,2.78,,,0,0,0,0,0,0,0.48
31,39,31039,0.01,,0.12,0,1.03,0,1.54,0,2.02,0.61,0,0.3,0.0003,,0,,,,0,0,0,0,0,0,0.05
31,40,31040,0.07,,1.19,0,7.16,0,10.42,0.02,8.06,2.43,0,1.2,0.0012,,0,5.97,,,0,0,0,47.22,4.35,35.01,1.84
31,41,31041,0.15,,2.13,0,14.83,0,22.17,0.05,7.41,2.24,0,1.11,0.0011,,0,4.28,,,0,0,0,21.87,2.01,0,0.13
31,42,31042,0.02,,0.06,0,1.59,0,2.3,0.01,0.15,0.04,0,0.02,0,,0,,,,0,0,0,0,0,0,0.28
31,43,31043,0.01,,0.13,0,0.72,0,1.09,0,0.09,0.03,0,0.01,0,,0,,,,0,0,0,0,0,0,0.29
31,44,31044,0.02,,0.2,0,1.8,0,2.55,0.01,0.17,0.05,0,0.03,0,,0,,,,0,0,0,0,0,0,0.36
31,45,31045,0.01,,0.1,0,0.68,0,0.95,0,0.11,0.03,0,0.02,0,,0,,,,0,0,0,27.19,2.5,0,0.13
31,46,31046,0.01,,0.09,0,0.77,0,1.16,0,1.92,0.58,0,0.29,0.0003,,0,,,,0,0,0,0,0,0,0.29
31,47,31047,0.01,,0.25,0,1.33,0,2.08,0,0.76,0.23,0,0.11,0.0001,,0,,,,0,0,0,0,0,0,0.76
31,48,31048,0.06,,0.67,0,5.39,0,8.92,0.02,5.54,1.67,0,0.83,0.0008,,0.01,,,,0,0,0,21.26,1.96,0,0.91
31,49,31049,0.01,,0.06,0,0.76,0,1.27,0,2.12,0.64,0,0.32,0.0003,,0,,,,0,0,0,0,0,125.85,0.4
31,50,31050,2.29,,88.36,0,250.89,0,20.97,0.75,197.32,59.5,0,29.46,0.0287,,0.07,0.46,12.95486111,,107.3,24.88,0,112.43,10.35,0.75,0.59
31,51,31051,0.01,,0.08,0,0.92,0,1.25,0,0.09,0.03,0,0.01,0,,0,0.34,,,0,0,0,0,0,0.03,0.12
31,52,31052,0.09,,1.92,0,9.32,0,13.51,0.03,20.06,6.05,0,3,0.0029,,0.01,10.39,,,0,0,0,0,0,0,1.52
31,53,31053,0.03,,0.57,0,3.36,0,5.04,0.01,0.52,0.16,0,0.08,0.0001,,0,,,,0,0,0,0,0,0,0.92
31,54,31054,0.01,,0.08,0,0.82,0,1.13,0,0.16,0.05,0,0.02,0,,0,,,,0,0,0,0,0,1.58,0.14
31,55,31055,0.02,0,0.13,0,1.54,0,2.41,0.01,0.19,0.06,0,0.03,0,,0,,,,0,0,0,0,0,0,0.62
31,56,31056,0.08,0,1.8,0,6.96,0,11.6,0.03,2.39,0.72,0,0.36,0.0003,,0,,,,0,0,0,15.54,1.43,0,2.43
31,57,31057,0.02,,0.23,0,2.25,0,3.23,0.01,0.28,0.08,0,0.04,0,,0,,,,0,0,0,0,0,4.3,11.74
31,58,31058,0.07,,1.05,0,5.67,0,9.59,0.02,2.65,0.8,0,0.4,0.0004,,0.01,,,,0,0,0,0,0,10.36,3.16
31,59,31059,0.15,,4.89,0,15.71,0,21.18,0.05,4.51,1.36,0,0.67,0.0007,,0.01,3.56,,,0,0,141.45,28.62,2.64,0,0.09
31,60,31060,0,,0.03,0,0.3,0,0.41,0,0.27,0.08,0,0.04,0,,0,,,,0,0,0,16.76,1.54,1.53,0.46
31,61,31061,0.01,,0.22,0,0.96,0,1.4,0,1.04,0.31,0,0.16,0.0002,,0,0.95,,,0,0,0,0,0,0,2.76
31,62,31062,0.01,,0.13,0,0,0,1.83,0,0.08,0.02,0,0.01,0,,0,,,,0,0,0,0,0,0,0.5
31,63,31063,0.01,,0.12,0,0.13,0,2.04,0,0.11,0.03,0,0.02,0,,0,,,,0,0,0,0,0,0,0.28
31,64,31064,0,,0.04,0,0.41,0,0.65,0,0.13,0.04,0,0.02,0,,0,,,,0,0,0,13.7,1.26,0,0.06
31,65,31065,0.01,,0.13,0,0.62,0,0.79,0,0.13,0.04,0,0.02,0,,0,2.01,,,0,0,0,0,0,0,4.57
31,66,31066,0.01,,0.2,0,0.97,0,1.55,0,0.15,0.04,0,0.02,0,,0,,,,0,0,0,0,0,0,0.19
31,67,31067,0.03,,0.16,0,2.63,0,3.85,0.01,0.61,0.18,0,0.09,0.0001,,0,2.9,,,0,0,0,29.23,2.69,0,0.5
31,68,31068,0.01,0,0.07,0,1,0,1.27,0,0.07,0.02,0,0.01,0,,0,2.13,,,0,0,0,0,0,0,0.42
31,69,31069,0.02,,0.21,0,2.19,0,3.46,0.01,0.8,0.24,0,0.12,0.0001,,0,,,,0,0,0,15.13,1.39,0,0.95
31,70,31070,0.01,,0.16,0,1.14,0,1.59,0,0.29,0.09,0,0.04,0,,0,,,,0,0,0,0,0,0,5.3
31,71,31071,0,,0.02,0,0.47,0,0.67,0,0.05,0.02,0,0.01,0,,0,,,,0,0,0,0,0,0,0.47
31,72,31072,0.01,,0.08,0,0.6,0,0.76,0,0.64,0.19,0,0.09,0.0001,,0,0.69,,,0,0,0,0,0,0,0.43
31,73,31073,0.01,,0.04,0,0.84,0,1.67,0,2.15,0.65,0,0.32,0.0003,,0,,,,0,0,0,0,0,0,0.55
31,74,31074,0.01,,0.18,0,1.11,0,1.5,0,0.34,0.1,0,0.05,0,,0,1.98,,,0,0,0,0,0,0,0.35
31,75,31075,0.02,,0.22,0,1.4,0,2.4,0.01,2.71,0.82,0,0.4,0.0004,,0,,,,0,0,0,0,0,0,0.34
31,76,31076,0.05,,0.32,0,4.15,0,6.61,0.01,2.51,0.76,0,0.37,0.0004,,0,0.05,,,0,0,0,51.31,4.73,0,0.55
31,77,31077,0.01,,0.07,0,0.74,0,1.06,0,0.13,0.04,0,0.02,0,,0,,,,0,0,0,25.35,2.33,0,0.58
31,78,31078,0.01,,0.17,0,1.15,0,1.62,0,0.88,0.27,0,0.13,0.0001,,0,,,,0,0,0,22.69,2.09,1,0.43
31,79,31079,0.11,0,1.54,0,9.75,0,16.04,0.04,9.16,2.76,0,1.37,0.0013,,0.01,0.35,,,0,0,0,8.18,0.75,0,5.6
31,80,31080,0.03,,0.35,0,2.46,0,3.92,0.01,4.53,1.37,0,0.68,0.0007,,0,,,,0,0,0,0,0,0,0.39
31,81,31081,0.01,,0.06,0,0.72,0,1.26,0,0.18,0.05,0,0.03,0,,0,,,,0,0,0,0,0,0.56,0.4
31,82,31082,0.01,,0.14,0,1.3,0,1.46,0,0.31,0.09,0,0.05,0,,0,,,,0,0,0,0,0,0,0.32
31,83,31083,0,,0.3,0,0.57,0,0.7,0,0.08,0.02,0,0.01,0,,0,0.33,,,0,0,0,0,0,0,0.04
31,84,31084,0.02,,0.24,0,1.91,0,2.9,0.01,0.57,0.17,0,0.09,0.0001,,0,0.09,,,0,0,0,4.5,0.41,1.2,2
31,85,31085,0.04,,0.28,0,3.68,0,6,0.01,2.53,0.76,0,0.38,0.0004,,0,,,,0,0,0,0,0,0,7.78
31,86,31086,0.01,,0.07,0,0.71,0,0.9,0,0.25,0.07,0,0.04,0,,0,,,,0,0,0,0,0,0,0.34
31,87,31087,0.01,,0.18,0,1.3,0,1.91,0,0.09,0.03,0,0.01,0,,0,,,,0,0,0,0,0,0,0.16
31,88,31088,0.01,,0.04,0,0.63,0,0.84,0,0.1,0.03,0,0.01,0,,0,,,,0,0,0,0,0,1.49,0.22
31,89,31089,0.1,,2.47,0,9.15,0,15.26,0.03,10.06,3.03,0,1.5,0.0015,,0.01,,,,0,0,0,44.56,4.1,0,0.8
31,90,31090,0.02,,0.1,0,1.6,0,2.72,0.01,0.11,0.03,0,0.02,0,,0,,,,0,0,0,0,0,0.04,0.15
31,91,31091,0.03,,1.05,0,2.65,0,4.27,0.01,1.07,0.32,0,0.16,0.0002,,0,,,,0,0,0,29.03,2.67,0,0.88
31,92,31092,0.02,,0.06,0,1.59,0,2.64,0.01,0.7,0.21,0,0.1,0.0001,,0,,,,0,0,0,0,0,0,0.92
31,93,31093,0.05,,0.67,0,4.84,0,6.92,0.02,1.89,0.57,0,0.28,0.0003,,0,3.19,,,0,0,0,23.71,2.18,0,0.5
31,94,31094,0.01,0,0.06,0,1.12,0,1.85,0,0.37,0.11,0,0.06,0.0001,,0,,,,0,0,0,0,0,5,0.61
31,95,31095,0.01,,0.18,0,1.52,0,2.14,0,0.16,0.05,0,0.02,0,,0,,,,0,0,0,15.13,1.39,1.85,0.16
31,96,31096,0.2,,3.23,0,19.13,0,29.79,0.07,7,2.11,0,1.05,0.001,,0.02,93.33,,,0,0,0,11.86,1.09,0,48.68
31,97,31097,0.01,,0.09,0,1.11,0,1.47,0,0.21,0.06,0,0.03,0,,0,0.21,,,0,0,0,55.19,5.08,0.12,1.89
31,98,31098,0.04,0,0.28,0,3.58,0,5.81,0.01,0.99,0.3,0,0.15,0.0001,,0,,,,0,0,0,0,0,0.32,2.75
31,99,31099,0.01,,0.06,0,0.71,0,1.28,0,0.27,0.08,0,0.04,0,,0,,,,0,0,0,14.92,1.37,1.65,0.49
31,100,31100,0.01,,0.08,0,0.94,0,0.58,0,0.26,0.08,0,0.04,0,,0,,,,0,0,0,0,0,0.79,0.09
31,101,31101,0.16,,2.43,0,15.45,0,8.78,0.05,29.32,8.84,0,4.38,0.0043,,0.01,0.11,,,0,0,0,40.06,3.69,7.08,0.42
31,102,31102,0.2,,4.65,0,18.5,0,29.49,0.07,24.61,7.42,0,3.68,0.0036,,0,,,,0,0,0,28,2.58,0,2.71
31,103,31103,0.01,,0.09,0,0.81,0,1.26,0,0.21,0.06,0,0.03,0,,0,,,,0,0,0,0,0,0,0.15
31,104,31104,0.04,,0.08,0,3.63,0,5.96,0.01,0.24,0.07,0,0.04,0,,0,,,,0,0,0,0,0,0,2.99
31,105,31105,0.01,,0.09,0,0.83,0,1.14,0,0.44,0.13,0,0.07,0.0001,,0,0.53,,,0,0,0,0,0,0,0.16
31,106,31106,0.01,,0.08,0,0.69,0,0.88,0,0.09,0.03,0,0.01,0,,0,0.44,,,0,0,0,0,0,0,0.52
32,1,32001,0.02,0.38,0.21,0,2.25,0,2.53,0.01,0.12,0,0,0.12,0,,0,28.28,,0.24,0,0,0,0,0,0,11.83
32,2,32002,0.01,,0.05,0,1.61,0,2.06,0,0.06,0,0,0.06,0,,0,0.54,,,0,0,0,0,0,0,15.45
32,3,32003,0.01,,0.09,0,1.23,0,1.17,0,0.04,0,0,0.04,0,,0,9.37,,,0,0,0,0,0,0,7.39
32,4,32004,0.01,,0.25,0,1.44,0,1.67,0,0.12,0,0,0.12,0,,0,91.93,,,0,0,0,0,0,1.23,7.46
32,5,32005,0.11,,2.67,0,12.5,0,15.46,0.03,24.85,0.78,0,25.09,0.0036,,0,,,0.24,0,0,0,19.09,1.76,0,127.33
32,6,32006,0.02,,0.44,0,0.29,0,3.38,0.01,0.19,0.01,0,0.2,0,,0,,,,0,0,0,64.92,5.98,0.69,99.98
32,7,32007,0.03,0,0.68,0,4.34,0,5.08,0.01,0.39,0.01,0,0.39,0.0001,,0,,,0.24,0,0,0,46.21,4.26,0,20.21
32,8,32008,0.03,,0.55,0,3.63,0,4.83,0.01,0.57,0.02,0,0.58,0.0001,,0,76.38,,,0,0,0,27.11,2.5,0,22.5
32,9,32009,0.03,,0.35,0,3.8,0,4.51,0.01,0.28,0.01,0,0.28,0,,0,,,0.24,0,0,0,18.14,1.67,40.59,97.99
32,10,32010,0.58,0,13.73,0,68.15,0,84.17,0.19,26.31,0.82,0,26.56,0.0038,,0,1.87,,0.24,0,0,0,92.22,8.49,0,974.38
32,11,32011,0.01,,0.17,0,1.25,0,1.27,0,0.11,0,0,0.11,0,,0,32.79,,,0,0,0,0,0,0,5.88
32,12,32012,0.02,,0.08,0,2.33,0,3.16,0.01,0.06,0,0,0.06,0,,0,2.34,,,0,0,0,21,1.93,0,36.78
32,13,32013,0.02,,0.21,0,2.07,0,2.42,0.01,0.21,0.01,0,0.22,0,,0,,,,0,0,0,20.05,1.85,0.18,96.7
32,14,32014,0.06,0,0.46,0,7.36,0,9,0.02,0.37,0.01,0,0.38,0.0001,,0,,,,0,0,0,72.94,6.72,0,312.47
32,15,32015,0,0,0.03,0,0.77,0,0.69,0,0.01,0,0,0.01,0,,0,1.89,,,0,0,0,0,0,0,11.6
32,16,32016,0.06,,0.49,0,7.35,0,9.16,0.02,0.38,0.01,0,0.38,0.0001,,0,0.81,,,0,0,0,0,0,11.64,122.48
32,17,32017,0.38,0,8.13,0,46.08,0,11.04,0.12,16.73,0.52,0,16.89,0.0024,,0,10.18,,,0,0,0,43.15,3.97,0,211.51
32,18,32018,0.01,,0.1,0,0.16,0,1.82,0,0.06,0,0,0.06,0,,0,,,,0,0,0,0,0,0.12,2.18
32,19,32019,0.07,,1.61,0,8.45,0,9.81,0.02,1.13,0.04,0,1.14,0.0002,,0,9.95,,,0,0,0,0,0,0.47,27.6
32,20,32020,0.15,0.76,4.09,0,20.64,0,22.52,0.05,4.55,0.14,0,4.6,0.0007,,0,5.29,,,0,0,0,0,0,0,111.12
32,21,32021,0.01,,0.11,0,1.47,0,2.08,0,0.05,0,0,0.05,0,,0,32.99,,,0,0,0,0,0,0,27.49
32,22,32022,0.05,,1.42,0,6.41,0,7.92,0.02,1.12,0.04,0,1.13,0.0002,,0,,,,0,0,0,0,0,0,265.97
32,23,32023,0.03,,1.02,0,4.9,0,4.97,0.01,0.75,0.02,0,0.76,0.0001,,0,2.5,,0.24,0,0,0,0,0,0,12.46
32,24,32024,0.13,0,2.36,0,13.4,0,18.59,0.04,3.03,0.1,0,3.06,0.0004,,0,,,,0,0,0,22.53,2.07,0.06,57.1
32,25,32025,0.03,0,0.45,0,0.36,0,4.7,0.01,1.75,0.06,0,1.77,0.0003,,0,,,,0,0,0,9.16,0.84,7.38,36.96
32,26,32026,0.05,1.91,0.06,0,5.43,0,6.68,0.01,0.01,0,0,0.01,0,,0,0.33,,0.24,0,0,0,92.03,8.48,0,87.87
32,27,32027,0.01,,0.03,0,0.85,0,1.07,0,0,0,0,0,0,,0,,,0.24,0,0,0,0,0,0,5.38
32,28,32028,0.01,,0.08,0,0.96,0,1.06,0,0.05,0,0,0.05,0,,0,8.4,,0.24,0,0,0,0,0,0,5.4
32,29,32029,0.06,,0.93,0,6.71,0,8.86,0.02,1.52,0.05,0,1.54,0.0002,,0,,,0.24,0,0,0,0,0,0,338.13
32,30,32030,0.01,,0.15,0,1.12,0,1.15,0,0.14,0,0,0.14,0,,0,58.17,,,0,0,0,0,0,0.01,4.74
32,31,32031,0.03,,0.41,0,3.63,0,3.79,0.01,0.28,0.01,0,0.28,0,,0,31.22,,,0,0,0,0,0,15.21,37.5
32,32,32032,0.03,,0.47,0,0.38,0,4.52,0.01,1.35,0.04,0,1.36,0.0002,,0,0.42,,0.24,0,0,0,23.29,2.15,0,84.66
32,33,32033,0.01,,0.22,0,1.91,0,1.97,0,0.21,0.01,0,0.22,0,,0,8.39,,0.24,0,0,0,0,0,0,11.86
32,34,32034,0.08,,1.32,0,0.99,0,11.22,0.03,1.55,0.05,0,1.56,0.0002,,0,32.25,,,0,0,0,0,0,0,41.46
32,35,32035,0.04,0,0.07,0,4.33,0,5.65,0.01,0.07,0,0,0.07,0,,0,,,,0,0,0,27.88,2.57,0.2,44.99
32,36,32036,0.11,0,1.83,0,12.11,0,16.08,0.04,3.5,0.11,0,3.54,0.0005,,0,2.34,,,0,0,0,11.27,1.04,0,130.32
32,37,32037,0.04,0,0.26,0,5.15,0,6.38,0.01,0.31,0.01,0,0.31,0,,0,0.05,,0.24,0,0,0,0,0,0.06,155.57
32,38,32038,0.19,0.76,0.53,0,21.37,0,28.34,0.06,1.27,0.04,0,1.28,0.0002,,0,,,0.24,0,0,0,99.48,9.16,0.15,305.56
32,39,32039,0.17,0.38,3.83,0,20.62,0,24.71,0.06,2.41,0.08,0,2.44,0.0004,,0,,,,0,0,0,100.24,9.23,0,481.28
32,40,32040,0.06,0,0.41,0,6.01,0,8.28,0.02,0.23,0.01,0,0.23,0,,0,,,0.24,0,0,0,57.66,5.31,0,195.65
32,41,32041,0.01,,0.06,0,1.02,0,1.23,0,0.04,0,0,0.04,0,,0,,,0.24,0,0,0,52.51,4.84,12.01,12.05
32,42,32042,0.17,,2.71,0,20.9,0,24.93,0.06,1.76,0.06,0,1.78,0.0003,,0,,,0.24,0,0,0,115.9,10.67,0,966.79
32,43,32043,0,,0.02,0,0.47,0,0.53,0,0.02,0,0,0.02,0,,0,2.61,,,0,0,0,0,0,0,1.49
32,44,32044,0.04,,0.7,0,5.21,0,6.34,0.01,3.83,0.12,0,3.86,0.0006,,0,1.63,,0.24,0,0,0,0,0,0,14.26
32,45,32045,0.02,,0.5,0,0.03,0,3.41,0.01,0.4,0.01,0,0.41,0.0001,,0,31.49,,,0,0,0,0,0,0,19.75
32,46,32046,0.02,1.14,0.14,0,2.92,0,3.03,0.01,0.13,0,0,0.13,0,,0,0.98,,,0,0,0,0,0,0,39.94
32,47,32047,0.02,,0.34,0,0.21,0,2.26,0.01,0.31,0.01,0,0.32,0,,0,63.8,,,0,0,0,0,0,0.07,19.56
32,48,32048,0.06,,2.05,0,8.01,0,9.27,0.02,1.67,0.05,0,1.69,0.0002,,0,86.17,,0.24,0,0,0,0,0,0.21,22.9
32,49,32049,0.1,,1.44,0,11.84,0,13.92,0.03,1.27,0.04,0,1.28,0.0002,,0,62.14,,,0,0,0,0,0,0.5,116.67
32,50,32050,0.02,,0.11,0,2.76,0,3.58,0.01,0.11,0,0,0.11,0,,0,15.18,,,0,0,0,0,0,0.68,68.88
32,51,32051,0.09,0,0.86,0,10.5,0,13.03,0.03,0.8,0.03,0,0.81,0.0001,,0,81.75,,,0,0,0,82.48,7.6,0,455.66
32,52,32052,0.05,0,0.36,0,5.34,0,7.08,0.02,0.59,0.02,0,0.6,0.0001,,0,,,,0,0,0,0,0,0,44.56
32,53,32053,0.03,1.53,0.38,0,4.01,0,5.08,0.01,0.29,0.01,0,0.3,0,,0,,,,0,0,0,0,0,0,60.67
32,54,32054,0.05,0,0.3,0,5.47,0,7.36,0.02,0.2,0.01,0,0.2,0,,0,,,,0,0,0,13.56,1.25,0.01,47.5
32,55,32055,0.08,0,1.25,0,10.85,0,12.32,0.03,3.23,0.1,0,3.26,0.0005,,0,36.62,,0.24,0,0,0,0,0,28.92,128.37
32,56,32056,0.39,0,17.16,0,47.88,0,7.63,0.13,9.58,0.3,0,9.67,0.0014,,0,5.6,2.790592931,,54.67,10.03,0,33.99,3.13,0,57.92
32,57,32057,0.05,,0.52,0,4.5,0,6.58,0.01,0.31,0.01,0,0.32,0,,0,0.95,,,0,0,0,0,0,0,53.25
32,58,32058,0.01,,0,0,1.02,0,1.11,0,0,0,0,0,0,,0,20.29,,,0,0,0,0,0,,0