ENTIDAD,MUNICIPIO,,,,,,,,,,,,,,,,,,,,,,,,,,,,,
CLAVE,CLAVE,,Asados al carbón,GLP Combustión agropecuaria,GLP Combustión comercial,GN Combustión comercial,GLP Combustión doméstica,GN Combustión doméstica,Leña Combustión doméstica,Queroseno Combustión doméstica,Combustóleo Combustión industrial,Diesel Combustión industrial,GN Combustión industrial,GLP Combustión industrial,Queroseno Combustión industrial,Corrales de engorda,Cruces fronterizos,Actividades de construcción,Incendios de construcciones,Incendios forestales,Labranza,Terminales_de_autobuses,Quemas_agrícolas,Aviacion,Equipo basico aeropouertos,Embarcaciones marinas,Locomotoras de arrastre,Locomotoras de patio,Maq Contruc,Maq Agricola
28,Mg_per_year,2302002000,2199007000,2103007005,2199006000,2104007000,2104006000,2104008000,2104011000,2102005000,2102004000,2102006000,2102007000,2102011000,2805000000,2222222222,2311000000,2810030000,2810001000,2801000001,2230075350,2801500002,2275000000,2275050000,2280000000,2285000000,2285002010,2260002000,2270005000,
1,1,1001,57.81,0.75,2.71,0.06,6.08,0.26,441.17,0.01,140.55,2.31,16.07,1.12,0.0012,37.93,,308.35,1.59,178.66,193.54,0.01,,1.23,0.58,0,3.56,0.34,19.65,26.1
1,2,1002,3.24,0.15,0.02,0,0.3,0.01,189.78,0,0.28,0,0.03,0,0,1.53,,21.86,0,,117.52,,0,0,0,0,1.76,0.17,0,17.39
1,3,1003,4.01,,0.09,0,0.4,0.02,234.88,0,4.4,0.07,0.5,0.04,0,1.35,,0,0,11.68,34.43,,,0,0,0,0,0,0.21,3.07
1,4,1004,1.09,,0.01,0,0.1,0,64.06,0,1.19,0.02,0.14,0.01,0,3.09,,0,0,,39.44,,,0,0,0,1.15,0.11,0.41,5.42
1,5,1005,6.61,,0.16,0,0.63,0.03,256.7,0,43.13,0.71,4.93,0.34,0.0004,4.41,,0,0,314.81,78.49,,,0,0,0,0,0,0.2,10.2
1,6,1006,3.11,,0.07,0,0.29,0.01,182.12,0,2.57,0.04,0.29,0.02,0,0,,0,0,0.92,56.15,,,0,0,0,0.67,0.06,0.33,7.32
1,7,1007,3.64,0,0.08,0,0.03,0.02,212.82,0,4.48,0.07,0.51,0.04,0,2.06,,0,0,3.73,74.13,,,0,0,0,0.92,0.09,0.6,10.35
1,8,1008,0.61,,0.01,0,0.06,0,35.72,0,0.5,0.01,0.06,0,0,0.7,,0,0,5.82,26.1,,,0,0,0,0,0,0,3.84
1,9,1009,1.39,,0.01,0,0.13,0.01,81.31,0,0.84,0.01,0.1,0.01,0,0.91,,0,0,,66.92,,,0,0,0,0,0,0,9.45
1,10,1010,1.37,0,0.01,0,0.13,0.01,80.11,0,5.86,0.1,0.67,0.05,0.0001,0,,0,0,,140.7,,,0,0,0,0,0,0,22.42
1,11,1011,2.31,,0.07,0,0.02,0.01,111.77,0,16.49,0.27,1.88,0.13,0.0001,0,,0,0,,38.36,,,0,0,0,1.56,0.15,0,5.53
2,1,2001,33.06,0.04,0.6,1.39,10.88,0.1,1935.26,0,63.05,0.46,1.56,0.32,0.0006,6.22,,0,0,872.55,607.92,,64.9,0,0,204.26,0,0,3.43,74.07
2,2,2002,68.44,0.05,1.22,2.84,2.26,0.21,841.84,0.01,200.25,1.45,4.96,1.02,0.0018,229.35,0.274473108,0,0.76,,1463.23,0.01,64.9,0.02,0.01,0,5.01,0.47,37.12,168.26
2,3,2003,7.28,0.01,0.1,0.23,2.28,0.02,171.17,0,32.67,0.24,0.81,0.17,0.0003,1.47,0.020101461,79.58,0,1805.31,25.23,,64.9,0,0,0,1.68,0.16,0.72,2.97
2,4,2004,112.79,,2.16,5.04,35.18,0.34,187.82,0.02,503.54,3.64,12.47,2.57,0.0045,22.71,0.733382784,0,1.72,571.25,9.65,0.01,,6.3,1.91,0,2.94,0.28,32.94,1.63
2,5,2005,5.86,0,0.12,0.28,1.8,0.02,68.46,0,9.2,0.07,0.23,0.05,0.0001,0,,0,0,871.72,7.92,,,0,0,7.28,0,0,0.3,1.17
3,1,3001,5.1,0.06,0.25,0,0.61,0,298.75,0,5.16,0.07,0,0.02,0,11.79,,0,0.06,266.76,188.71,,4.22,0,0,23.86,0,0,0.11,61
3,2,3002,4.22,,0.19,0,0.51,0,246.86,0,5.8,0.08,0,0.02,0.0001,1.45,,0,0.05,,17.99,,,0,0,80.85,0,0,5.96,5.88
3,3,3003,17.56,0,1.22,0,2.13,0,1027.8,0,9.81,0.14,0,0.04,0.0001,8.57,,775.25,0.21,0.24,23.57,0.01,,2.51,0.81,5.51,0,0,4.03,7.62
3,8,3008,13.12,0.1,1.06,0,1.58,0,768.35,0,4.07,0.06,0,0.02,0,6.15,,0,0.15,,9.52,,4.22,1.04,0.85,21.47,0,0,0,3.92
3,9,3009,0.95,,0.07,0,0.11,0,55.41,0,0.23,0,0,0,0,2.88,,0,0.01,,1.52,,,0.02,0.01,3.14,0,0,0,0.78
4,1,4001,3.99,,0.01,0,0.28,0,233.32,0,7.82,2.66,0.67,0.07,0.0001,1.29,,3.38,0.01,,41.34,,,0,0,0,1.61,0.15,0.01,4.65
4,2,4002,19.1,0,0.07,0,1.56,0,1117.92,0,22.3,7.58,1.92,0.19,0.0002,8.06,,237.85,0.05,0.01,118.83,0.01,,0,0.03,50.56,3.69,0.35,6.12,19.09
4,3,4003,15.99,0.02,0.07,0,1.27,0,936.03,0,4.42,1.5,0.38,0.04,0,18.7,,157.62,0.04,,85.42,,,0.01,0.01,10.69,0,0,7.28,8.17
4,4,4004,6.09,0.04,0.01,0,0.46,0,356.25,0,5.93,2.01,0.51,0.05,0.0001,7.75,,28.22,0.01,114.36,277.66,,33.26,0,0,0,4.87,0.46,0.98,66.52
4,5,4005,2.16,0.05,0,0,0.15,0,126.24,0,2.05,0.7,0.18,0.02,0,1.02,,0,0,,67.61,,,0,0,0,1.57,0.15,0.06,14.3
4,6,4006,2.77,0.03,0,0,0.18,0,162.35,0,0.54,0.18,0.05,0,0,5.84,,0.05,0.01,3.33,257.75,,,0,0,0,0,0,0.16,47.15
4,7,4007,0.66,,0,0,0.01,0,38.8,0,0.14,0.05,0.01,0,0,14.32,,0,0,4.66,69.31,,,0,0,0,0,0,0,12.42
4,8,4008,0.72,0.06,0,0,0.05,0,42.36,0,1.62,0.55,0.14,0.01,0,0.68,,0,0,,35.68,,,0,0,0,1.06,0.1,0.34,6.87
4,9,4009,4.01,0,0.01,0,0.29,0,234.52,0,1.54,0.52,0.13,0.01,0,26.87,,26.47,0.01,278.58,143.31,,,0,0,0,2.86,0.27,2.35,19.39
4,10,4010,1.9,0.01,0,0,0.12,0,111.46,0,0.14,0.05,0.01,0,0,1.13,,0,0,199.86,88.98,,,0,0,0,2.3,0.22,0,2.33
4,11,4011,2.96,0.02,0,0,0.21,0,173.2,0,0.37,0.13,0.03,0,0,19.68,,22.29,0.01,194.61,91.74,,,0,0,0,0,0,0,2.39
5,1,5001,0.08,,0,0,0.02,0.01,4.64,0,0.11,0,0.01,0,0,0,,0,0,0.48,29.01,,0.54,0,0,0,0.83,0.08,0,0
5,2,5002,10.09,0,0.25,0,1.66,0.67,590.85,0,108.25,3.72,11.27,0.73,0.001,11.19,0.023419746,0,0,33.97,14.74,,0.54,0,0,0,0.73,0.07,0.34,87.2
5,3,5003,1.61,,0.06,0,0.29,0.11,94.32,0,5.99,0.21,0.62,0.04,0.0001,0,,0,0,,61.68,,,0,0,0,0,0,0.01,0
5,4,5004,1.57,0,0.02,0,0.26,0.1,120.57,0,5.28,0.18,0.55,0.04,0,0,,16.98,0,2.97,140.01,,0.54,0,0,0,0,0,0.18,0
5,5,5005,0.13,0,0,0,0.03,0.01,7.83,0,0.16,0.01,0.02,0,0,0,,0,0,13.42,53.57,,0.54,0,0,0,0,0,0,0
5,6,5006,1.91,0.02,0.03,0,0.32,0.13,23.83,0,8.24,0.28,0.86,0.06,0.0001,0,,0,0,9.3,110.48,,,0,0,0,3.55,0.34,0.09,0
5,7,5007,0.98,0,0.02,0,0.02,0.06,57.19,0,2.74,0.09,0.29,0.02,0,0,,0,0,6.02,61.61,,0.54,0,0,0,6.92,0.65,0.04,0
5,8,5008,0.22,,0,0,0.04,0.01,13,0,0,0,0,0,0,0,,0,0,1.28,18.77,,0.54,0,0,0,1.56,0.15,0,0
5,9,5009,4.12,0.01,0.09,0,0.65,0.27,241.17,0,7.06,0.24,0.73,0.05,0.0001,0,,0,0,3.56,135.25,,0.54,0,0,0,0,0,0,0
5,10,5010,5.61,0.01,0.13,0,0.94,0.37,12.64,0,29.46,1.01,3.07,0.2,0.0003,5.58,,0,0,,27.91,,0.54,0,0,0,0.74,0.07,0.06,52.73
5,11,5011,0.9,0,0.01,0,0.15,0.06,52.81,0,0.22,0.01,0.02,0,0,0,,0,0,,95.18,,0.54,0,0,0,4.7,0.44,0.02,0
5,12,5012,0.15,0.02,0,0,0.03,0.01,8.79,0,0.31,0.01,0.03,0,0,0,,0,0,,71.16,,,0,0,0,0,0,0,0
5,13,5013,0.12,,0,0,0.02,0.01,7.1,0,0,0,0,0,0,0,,0,0,,368.99,,,0,0,0,0,0,0.35,0
5,14,5014,0.78,,0,0,0.01,0.05,45.72,0,0.47,0.02,0.05,0,0,0,,0,0,,41.91,,0.54,0,0,0,3.11,0.29,0,0
5,15,5015,0.11,0.01,0,0,0.02,0.01,6.52,0,0,0,0,0,0,0,,0,0,,82.47,,0.54,0,0,0,0,0,0,0
5,16,5016,0.14,,0,0,0.03,0.01,7.99,0,0.01,0,0,0,0,0,,0,0,3.93,9.65,,0.54,0,0,0,0,0,0,0
5,17,5017,7.97,0.02,0.11,0,1.21,0.53,320.17,0,5.36,0.18,0.56,0.04,0,0,,0,0,,176.54,,,0,0,0,0,0,0.2,0
5,18,5018,16,0,0.6,0,2.78,1.06,12.22,0,43.29,1.49,4.51,0.29,0.0004,0,,0,0,1.27,42.63,,0.54,0,0,0,0.4,0.04,5.5,0
5,19,5019,0.58,,0.01,0,0.1,0.04,33.8,0,3.67,0.13,0.38,0.02,0,0,,0,0,,57.8,,0.54,0,0,0,0,0,0.07,0
5,20,5020,5.01,0,0.11,0,0.86,0.33,293.51,0,1.74,0.06,0.18,0.01,0,0,,0,0,27.14,114.7,,0.54,0,0,0,3.21,0.3,4.11,0
5,21,5021,0.47,,0.01,0,0.08,0.03,27.25,0,0.15,0,0.02,0,0,0,,0,0,,36.06,,0.54,0,0,0,0.77,0.07,0,0
5,22,5022,2.07,0.01,0.02,0,0.34,0.14,9.35,0,3.2,0.11,0.33,0.02,0,0,,0,0,57.86,69.67,,0.54,0,0,0,2.9,0.27,5.49,0
5,23,5023,0.81,0,0.01,0,0.14,0.05,47.66,0,1.65,0.06,0.17,0.01,0,0,,0,0,3.12,10.76,,,0,0,0,4.08,0.38,0.02,0
5,24,5024,3.58,0,0.08,0,0.58,0.24,209.28,0,9.83,0.34,1.02,0.07,0.0001,0,,0,0,3.74,179.98,,0.54,0,0,0,13.75,1.3,0,0
5,25,5025,11.51,,0.36,0,1.99,0.76,17.35,0,46.51,1.6,4.84,0.31,0.0004,0,0.025520925,0,0.11,,37.47,,,0,0,0,0.71,0.07,0.29,0
5,26,5026,0.27,0.02,0,0,0.05,0.02,15.82,0,0.01,0,0,0,0,0,,0,0,2.22,83.06,,0.54,0,0,0,1.01,0.1,0.42,0
5,27,5027,4.53,0.01,0.07,0,0.77,0.3,77.29,0,62.58,2.15,6.51,0.42,0.0006,0,,81.51,0.04,42.57,101.98,,0.54,0,0,0,11.76,1.11,0.42,0
5,28,5028,4.24,,0.15,0,0.76,0.28,248.26,0,19.21,0.66,2,0.13,0.0002,10.18,,0,0,1.43,54.22,,,0,0,0,2.94,0.28,1.42,27.49
5,29,5029,0.16,0,0,0,0.03,0.01,9.66,0,0.15,0,0.02,0,0,0,,0,0,,12.49,,0.54,0,0,0,0,0,0,0
5,30,5030,51.88,0.01,1.58,0,8.46,3.44,139.11,0.01,113.4,3.9,11.8,0.76,0.001,55.74,,364.28,0.6,155.75,166.34,0.05,0.54,0,0,0,14.23,1.34,8.13,147.77
5,31,5031,1.57,0,0.04,0,0.28,0.1,91.83,0,4.14,0.14,0.43,0.03,0,0,,0,0,11.67,29.73,,0.54,0,0,0,0,0,0,0
5,32,5032,3.21,0,0.1,0,0.59,0.21,187.75,0,5.52,0.19,0.57,0.04,0,0,,0,0,,33.89,,0.54,0,0,0,0,0,0.63,0
5,33,5033,7.49,0,0.1,0,1.17,0.5,438.45,0,17.47,0.6,1.82,0.12,0.0002,0,,0,0,12.77,257.01,,0.54,0,0,0,2.98,0.28,0.37,0
5,34,5034,0.42,0.01,0.01,0,0.08,0.03,24.55,0,0.03,0,0,0,0,0,,0,0,,3.97,,,0,0,0,7.11,0.67,1.89,0
5,35,5035,46.17,0,2.04,0,7.83,3.06,169.61,0.01,181.44,6.24,18.89,1.22,0.0016,0,,0,0,,68.09,,0.54,2.56,0.98,0,1.29,0.12,7.44,0
5,36,5036,1.55,0,0,0,0.24,0.1,90.46,0,0.44,0.02,0.05,0,0,0,,0,0,,56.57,,0.54,0,0,0,2.87,0.27,0,0
5,37,5037,0.49,,0,0,0.09,0.03,28.73,0,0.02,0,0,0,0,0,,0,0,0.47,73.2,,0.54,0,0,0,1.49,0.14,0,0
5,38,5038,0.99,,0.01,0,0.18,0.07,58.09,0,2.76,0.1,0.29,0.02,0,0,,0,0,91.29,103.31,,0.54,0,0,0,2.11,0.2,0.01,0
6,1,6001,1.99,,0.03,0,0.29,0,30.42,0,1.89,0.24,0,0.04,0,0,,21.36,0.02,1.56,69.85,,,0,0,0,1.64,0.15,0.04,8.7
6,2,6002,10.58,,0.32,0,0.16,0,79.08,0,9.44,1.22,0,0.21,0.0001,0,,464.09,0.01,,127.63,0,8.59,0,0.01,0,1.06,0.1,2,8.23
6,3,6003,1.56,,0.01,0,0.02,0,59.11,0,0.72,0.09,0,0.02,0,0.64,,12.72,0,,55.66,,8.59,0,0,0,0,0,0.01,4.51
6,4,6004,1.39,,0.01,0,0.02,0,34,0,0.42,0.05,0,0.01,0,1.65,,0,0,22.83,72.5,,8.59,0,0,0,1.69,0.16,0.3,5.8
6,5,6005,2.04,,0.02,0,0.3,0,60.35,0,3.17,0.41,0,0.07,0,1.86,,12.2,0.02,0.19,74.51,,8.59,0,0,0,2.01,0.19,0.9,5.13
6,6,6006,0.38,0,0,0,0.06,0,22.27,0,0.05,0.01,0,0,0,0.3,,0.39,0,0.04,61.58,,,0,0,0,0,0,0,3.7
6,7,6007,11.02,,0.22,0,1.67,0,645.16,0,6.9,0.89,0,0.15,0.0001,4.28,,94.63,0.1,62.96,177.59,,,0.52,0.25,124.1,2.03,0.19,1.05,12.28
6,8,6008,0.6,,0,0,0.09,0,35,0,0.12,0.02,0,0,0,0.36,,0.29,0.01,5.96,67.64,,8.59,0,0,0,0,0,1.48,3.95
6,9,6009,7.85,0,0.14,0,1.09,0,75.77,0,8.02,1.03,0,0.18,0.0001,6.44,,24.69,0.07,0,198.04,,,0,0,0,1.88,0.18,0.24,23.42
6,10,6010,8,0,0.08,0,1.21,0,22.06,0,4.63,0.6,0,0.1,0,0,,72.03,0.08,13.78,55.62,,8.59,0,0,0,0,0,0.79,3.5
7,1,7001,1.17,,0.01,0,0.06,0,68.58,0,0.27,0,0.02,0.01,0,0.68,,0,0,,63.86,,,0,0,0,0,0,0,1.08
7,2,7002,2.08,,0.02,0,0.13,0,121.7,0,0.79,0.01,0.07,0.02,0,2.15,,0,0,,114.79,,,0,0,0,0,0,0,2.14
7,3,7003,1.93,,0.01,0,0.12,0,113.1,0,0.48,0.01,0.04,0.01,0,5.65,,0,0,7.77,286.28,,8.16,0,0,0,1.21,0.11,0.01,4.01
7,4,7004,1.98,0.04,0.01,0,0.1,0,115.72,0,0.13,0,0.01,0,0,0.99,,0,0,9.42,46.04,,,0,0,0,0,0,0,0.95
7,5,7005,1.57,,0,0,0.01,0,91.91,0,0.05,0,0,0,0,2.52,,0,0,,47.5,,,0,0,0,0,0,0,0.99
7,6,7006,2.03,,0,0,0.11,0,118.63,0,0.09,0,0.01,0,0,0.8,,0,0,26.46,53.91,,,0,0,0,0,0,0,1.2
7,7,7007,0.68,,0,0,0.04,0,39.81,0,1.27,0.02,0.11,0.03,0,0.18,,0,0,4.48,16.5,,,0,0,0,0,0,0,0.32
7,8,7008,2.31,,0.02,0,0.11,0,135.18,0,0.75,0.01,0.06,0.02,0,16.63,,0,0,15.59,70.05,,,0,0,0,0,0,0,1.61
7,9,7009,3.08,,0.05,0,0.21,0,180.53,0,1.82,0.03,0.16,0.04,0,3.33,,0,0,8.48,20.94,,,0,0,0,1.6,0.15,0.42,0.32
7,10,7010,0.53,,0,0,0.02,0,30.95,0,0,0,0,0,0,0.08,,0,0,,11.88,,,0,0,0,0,0,0,0.23
7,11,7011,1.4,,0,0,0.07,0,82.16,0,0.02,0,0,0,0,0.19,,0,0,0.54,42.34,,,0,0,0,0,0,0,0.93
7,12,7012,2.71,,0.02,0,0.01,0,158.39,0,1.44,0.02,0.12,0.04,0,1.09,,0,0,1.56,20.21,,,0,0,0,0,0,0.03,0.4
7,13,7013,2.11,,0.02,0,0.11,0,123.78,0,0.3,0,0.03,0.01,0,1.35,,0,0,7.49,37.28,,,0,0,0,0,0,0,0.72
7,14,7014,1.19,,0,0,0.06,0,69.89,0,0.09,0,0.01,0,0,0.94,,0,0,5.22,44.68,,,0,0,0,0,0,0,0.94
7,15,7015,3.28,,0.02,0,0.18,0,191.78,0,0.48,0.01,0.04,0.01,0,0,,0,0,,39.41,,,0,0,0,0,0,0,0.96
7,16,7016,1.27,0,0.01,0,0.08,0,74.31,0,0.14,0,0.01,0,0,11.13,,0,0,,75.49,,,0,0,0,0,0,0,1.27
7,17,7017,5.89,0.04,0.05,0,0.32,0,344.8,0,2.72,0.04,0.23,0.07,0,4.03,,0,0,1603.19,112.85,,,0,0,0,0,0,0.04,1.88
7,18,7018,0.61,,0,0,0.04,0,35.95,0,0.13,0,0.01,0,0,0.47,,0,0,,23.46,,,0,0,0,0,0,0,0.46
7,19,7019,9.7,0,0.2,0,0.58,0,567.56,0,5.77,0.09,0.5,0.14,0.0001,5.82,,67.27,0,6.08,88.63,,,0.09,0.03,0,0,0,3.07,1.71
7,20,7020,3.21,,0.01,0,0.18,0,188.1,0,0.43,0.01,0.04,0.01,0,18.67,,0,0,281.13,160.82,,,0,0,0,0,0,0,3.27
7,21,7021,1.62,,0.01,0,0.1,0,94.81,0,0.25,0,0.02,0.01,0,3.13,,0,0,,28.36,,,0,0,0,0,0,0,0.61
7,22,7022,1.06,,0,0,0.06,0,62.23,0,0.03,0,0,0,0,0.12,,0,0,1.59,43.12,,,0,0,0,0,0,0,0.88
7,23,7023,5.36,,0,0,0.3,0,313.99,0,0.09,0,0.01,0,0,0.2,,0,0,0.96,49.31,,,0,0,0,0,0,0,0.95
7,24,7024,0.72,,0,0,0.03,0,42.36,0,0.03,0,0,0,0,0.15,,0,0,,15.36,,,0,0,0,0,0,0,0.3
7,25,7025,0.57,,0,0,0.03,0,33.34,0,0.05,0,0,0,0,3.04,,0,0,,11.15,,,0,0,0,0,0,0,0.24
7,26,7026,2.54,,0,0,0.12,0,148.78,0,0.07,0,0.01,0,0,0.43,,0,0,,55.4,,,0,0,0,0,0,0,1.18
7,27,7027,5.88,,0.03,0,0.35,0,327.44,0,2.12,0.03,0.18,0.05,0,1.44,,0,0,1.81,119.04,,,0,0,0,0,0,3.25,2.24
7,28,7028,0.4,,0,0,0.02,0,23.2,0,0.11,0,0.01,0,0,0.23,,0,0,,23.14,,,0,0,0,0,0,0,0.45
7,29,7029,0.41,,0,0,0.02,0,23.93,0,0.08,0,0.01,0,0,0.31,,0,0,,8.34,,,0,0,0,0,0,0,0.16
7,30,7030,2.26,,0.01,0,0.01,0,132.27,0,0.17,0,0.01,0,0,13.88,,0,0,14.61,85.68,,,0,0,0,0,0,0,1.76
7,31,7031,7.67,,0.01,0,0.34,0,448.88,0,0.18,0,0.02,0,0,12.44,,0,0,5.71,183.58,,,0,0,0,0,0,0,3.9
7,32,7032,2.19,,0.02,0,0.12,0,128.07,0,0.55,0.01,0.05,0.01,0,1.44,,0,0,,135.66,,,0,0,0,0,0,0,2.49
7,33,7033,0.52,,0,0,0.02,0,30.21,0,0,0,0,0,0,4.73,,0,0,,8.93,,,0,0,0,0,0,0,0.17
7,34,7034,4.6,,0.04,0,0.26,0,269.5,0,0.91,0.02,0.08,0.02,0,14.34,,0,0,0.8,157.87,,,0,0,0,0,0,0.01,3.07
7,35,7035,0.87,,0,0,0.05,0,51.03,0,0.07,0,0.01,0,0,0.57,,0,0,,65.54,,,0,0,0,0,0,0,0.91
7,36,7036,0.54,,0,0,0.02,0,31.47,0,0.02,0,0,0,0,0.08,,0,0,0.23,13.37,,,0,0,0,0,0,0,0.27
7,37,7037,2.43,,0.01,0,0.14,0,142.52,0,0.33,0.01,0.03,0.01,0,1.62,,0,0,,192.74,,8.16,0,0,0,0.79,0.07,0,2.79
7,38,7038,1.52,,0,0,0.07,0,89.01,0,0.01,0,0,0,0,0.41,,0,0,0.44,24.83,,8.16,0,0,0,0,0,0,0.48
7,39,7039,1.61,,0,0,0.08,0,94.02,0,0.03,0,0,0,0,1.34,,0,0,,84.01,,,0,0,0,0,0,0,1.82
7,40,7040,3.83,0,0.07,0,0.21,0,224.44,0,3.54,0.06,0.31,0.09,0,1.47,,0,0,,105.58,,8.16,0,0,0,0.48,0.04,0.06,1.8
7,41,7041,2.95,0,0.01,0,0.02,0,172.95,0,0.3,0,0.03,0.01,0,6.66,,0,0,2.34,144.09,,,0,0,0,0,0,0,2.89
7,42,7042,0.7,,0,0,0,0,40.88,0,0.06,0,0.01,0,0,0.86,,0,0,,13.98,,,0,0,0,0,0,0,0.31
7,43,7043,0.78,,0.01,0,0.04,0,45.38,0,0.12,0,0.01,0,0,3.58,,0,0,,6.04,,,0,0,0,0,0,0,0.13
7,44,7044,1.74,0,0.01,0,0.09,0,101.59,0,0.12,0,0.01,0,0,0.68,,0,0,84.63,54.1,,,0,0,0,0,0,0,1.03
7,45,7045,0.39,,0,0,0.02,0,22.99,0,0.01,0,0,0,0,2.41,,0,0,,4.18,,,0,0,0,0,0,0,0.09
7,46,7046,2.86,0,0.01,0,0.18,0,167.7,0,0.37,0.01,0.03,0.01,0,1.03,,0,0,534.81,136.11,,,0,0,0,0,0,0,2.57
7,47,7047,1.2,,0.01,0,0.06,0,70.23,0,0.33,0.01,0.03,0.01,0,0.68,,0,0,15.86,21.87,,,0,0,0,0,0,0,0.45
7,48,7048,1.61,,0.01,0,0.1,0,94.42,0,0.31,0.01,0.03,0.01,0,8.81,,0,0,,32.06,,,0,0,0,1.19,0.11,0,0.64
7,49,7049,1.38,,0,0,0.06,0,81.06,0,0.08,0,0.01,0,0,0.16,,0,0,,34.46,,,0,0,0,0,0,0,0.7
7,50,7050,0.42,,0,0,0.03,0,24.74,0,0.08,0,0.01,0,0,12.16,,0,0,,32.77,,,0,0,0,0,0,0,0.57
7,51,7051,3.03,,0.02,0,0.18,0,177.6,0,0.83,0.01,0.07,0.02,0,12.01,,0,0,,671.8,,,0,0,0,1.14,0.11,0,8.23
7,52,7052,7.87,0,0.03,0,0.37,0,460.43,0,0.66,0.01,0.06,0.02,0,33.5,,0,0,4.13,236.06,,,0,0,0,0,0,0.02,4.91
7,53,7053,0.55,,0,0,0.03,0,32.04,0,0.02,0,0,0,0,0.08,,0,0,,7.95,,8.16,0,0,0,0,0,0,0.15
7,54,7054,1.92,,0.01,0,0.12,0,112.41,0,0.41,0.01,0.04,0.01,0,2.73,,0,0,,154.63,,8.16,0,0,0,0,0,0,2.31
7,55,7055,0.38,,0,0,0.02,0,22.49,0,0.05,0,0,0,0,0.3,,0,0,,19.59,,,0,0,0,0,0,0,0.32
7,56,7056,0.72,,0,0,0.04,0,42.32,0,0.01,0,0,0,0,0.06,,0,0,,11,,,0,0,0,0,0,0,0.22
7,57,7057,4.65,,0.03,0,0.22,0,272,0,1,0.02,0.09,0.02,0,1.04,,0,0,0.96,127.72,,8.16,0,0,0,0,0,0.06,2.81
7,58,7058,0.31,,0,0,0.02,0,18.42,0,0,0,0,0,0,0.36,,0,0,,23.43,,,0,0,0,0,0,0,0.45
7,59,7059,13.61,0,0.06,0,0.63,0,796.98,0,0.92,0.02,0.08,0.02,0,14.06,,0,0,327.97,349.61,,,0,0,0,0,0,0.01,7.05
7,60,7060,0.84,,0,0,0.04,0,49.35,0,0.06,0,0.01,0,0,,,0,0,,15,,,0,0,0,0,0,0,0.32
7,61,7061,5.79,0,0.05,0,0.32,0,338.98,0,4.16,0.07,0.36,0.1,0,5.66,,0,0,60.26,222.92,,,0,0,0,0,0,0.04,4.37
7,62,7062,1.31,,0,0,0.07,0,76.72,0,0.09,0,0.01,0,0,27.35,,0,0,,40.65,,,0,0,0,0,0,0,0.8
7,63,7063,0.28,,0,0,0.02,0,16.1,0,0.07,0,0.01,0,0,0.65,,0,0,0.31,19.04,,,0,0,0,0,0,0,0.36
7,64,7064,3.31,,0,0,0.15,0,193.88,0,0.15,0,0.01,0,0,0.2,,0,0,0.79,51.71,,,0,0,0,0,0,0,1.06
7,65,7065,7.83,0,0.08,0,0.43,0,458.64,0,1.53,0.03,0.13,0.04,0,39.25,,0,0,3.89,234.65,,,0,0,0,3.66,0.34,0.3,4.82
7,66,7066,1.54,,0.01,0,0.07,0,90,0,0.1,0,0.01,0,0,0.45,,0,0,,26.6,,,0,0,0,0,0,0,0.57
7,67,7067,0.78,,0,0,0.04,0,45.8,0,0.03,0,0,0,0,0.66,,0,0,0.37,8.35,,,0,0,0,0,0,0,0.17
7,68,7068,2.37,0,0.03,0,0.14,0,138.46,0,0.6,0.01,0.05,0.01,0,28,,1.58,0,,31.36,,,0,0,0,1.73,0.16,2.65,0.71
7,69,7069,3.71,0,0.03,0,0.23,0,217.35,0,0.86,0.01,0.07,0.02,0,15.21,,0,0,1.91,39.7,,,0,0,0,3.17,0.3,0.01,0.85
7,70,7070,1.03,,0,0,0.04,0,60.05,0,0.05,0,0,0,0,0.15,,0,0,,15.69,,8.16,0,0,0,0,0,0,0.31
7,71,7071,2.11,,0.01,0,0.01,0,123.63,0,0.31,0.01,0.03,0.01,0,2.04,,0,0,1.76,77.3,,8.16,0,0,0,0.89,0.08,0.01,1.58
7,72,7072,2.23,,0.01,0,0.11,0,130.27,0,0.27,0,0.02,0.01,0,1.5,,0,0,1.35,48.28,,,0,0,0,0,0,0,1
7,73,7073,0.64,,0,0,0,0,37.28,0,0.29,0,0.03,0.01,0,0.46,,0,0,1.27,6.6,,,0,0,0,0,0,0,0.13
7,74,7074,2.79,,0.03,0,0.18,0,163.33,0,5.94,0.1,0.51,0.15,0.0001,14.97,,0,0,,20.9,,,0,0,0,0,0,0.13,0.41
7,75,7075,2,,0.02,0,0.11,0,116.87,0,0.76,0.01,0.07,0.02,0,1.23,,0,0,0.24,38.75,,8.16,0,0,0,0,0,0,0.69
7,76,7076,1.89,,0,0,0.09,0,110.81,0,0.03,0,0,0,0,1.43,,0,0,,69.66,,,0,0,0,0,0,0,1.47
7,77,7077,4.28,,0.01,0,0.21,0,250.62,0,0.28,0,0.02,0.01,0,9.04,,0,0,,157.53,,,0,0,0,0.99,0.09,0,3.16
7,78,7078,13.31,0.07,0.27,0,0.73,0,779.1,0,6.45,0.11,0.56,0.16,0.0001,8.22,,0,0,29.67,43.14,,,0,0,0,0,0,2.59,0.84
7,79,7079,2.36,0.07,0.01,0,0.14,0,138.27,0,0.61,0.01,0.05,0.01,0,1.21,,0,0,,35.59,,,0,0,0,0,0,0,0.71
7,80,7080,2.87,,0.01,0,0.12,0,167.89,0,0.11,0,0.01,0,0,0.73,,0,0,16.61,88.72,,,0,0,0,0,0,0,1.93
7,81,7081,2.59,,0.01,0,0.13,0,151.88,0,0.35,0.01,0.03,0.01,0,1.42,,0,0,,122.84,,,0,0,0,0,0,0,2.55
7,82,7082,0.82,,0,0,0.04,0,47.96,0,0.06,0,0.01,0,0,1.77,,0,0,3.19,20.88,,,0,0,0,0,0,0,0.46
7,83,7083,1.27,,0,0,0.07,0,74.35,0,0.16,0,0.01,0,0,2.49,,0,0,,84.83,,8.16,0,0,0,0,0,0,1.42
7,84,7084,0.63,,0,0,0.03,0,36.98,0,0.04,0,0,0,0,6.91,,0,0,,8.8,,,0,0,0,0,0,0,0.19
7,85,7085,0.71,,0,0,0.04,0,41.43,0,0.16,0,0.01,0,0,0.22,,0,0,,22.47,,,0,0,0,0,0,0,0.43
7,86,7086,1.47,,0.01,0,0.08,0,86.15,0,0.44,0.01,0.04,0.01,0,1.34,,0,0,,44.61,,,0,0,0,0,0,0.17,0.84
7,87,7087,2.64,0,0.02,0,0.02,0,154.34,0,0.54,0.01,0.05,0.01,0,1.35,,0,0,,67.66,,,0,0,0,0.69,0.07,0,1.38
7,88,7088,0.17,,0,0,0.01,0,9.77,0,0.01,0,0,0,0,4.85,,0,0,,4.65,,,0,0,0,0,0,0,0.09
7,89,7089,22.58,,0.41,0,1.36,0,1321.84,0,10.16,0.17,0.88,0.25,0.0001,3.83,,0,0,,338.44,,8.16,0.93,0.23,1.13,2.54,0.24,4.08,6.57
7,90,7090,0.31,,0,0,0.02,0,18.38,0,0.02,0,0,0,0,0.51,,0,0,8.88,5.37,,,0,0,0,0,0,0,0.12
7,91,7091,0.79,,0.01,0,0.05,0,46.5,0,0.15,0,0.01,0,0,0.41,,0,0,,10.88,,,0,0,0,0,0,0,0.25
7,92,7092,3,,0.02,0,0.16,0,175.72,0,0.43,0.01,0.04,0.01,0,9.25,,0,0,0.23,45.66,,,0,0,0,0,0,0.01,0.93
7,93,7093,3.02,,0,0,0.13,0,177.04,0,0.13,0,0.01,0,0,0.12,,0,0,0.87,53.91,,,0,0,0,0,0,0,1.11
7,94,7094,2.59,,0.02,0,0.13,0,151.5,0,0.81,0.01,0.07,0.02,0,0.68,,0,0,2.46,36.96,,,0,0,0,0,0,0,0.74
7,96,7096,5.05,,0.02,0,0.02,0,295.67,0,0.23,0,0.02,0.01,0,1.35,,0,0,,136.7,,,0,0,0,0,0,0,2.9
7,97,7097,6.28,0.11,0.07,0,0.39,0,367.49,0,2.07,0.03,0.18,0.05,0,15.32,,0,0,15.29,20.14,,,0,0,0,3.58,0.34,0,0.45
7,98,7098,0.47,,0,0,0.02,0,27.33,0,0.07,0,0.01,0,0,0.3,,0,0,,37.77,,,0,0,0,0,0,0.23,0.73
7,99,7099,4.83,0,0.01,0,0.28,0,282.78,0,0.27,0,0.02,0.01,0,13.84,,0,0,2.26,208.42,,,0,0,0,0,0,0,4.04
7,100,7100,2.31,,0,0,0.1,0,135.19,0,0.03,0,0,0,0,0.84,,0,0,,58.35,,,0,0,0,0,0,0,1.23
7,101,7101,40.24,0,0.86,0,2.58,0,20.86,0.01,24.13,0.4,2.08,0.59,0.0002,27.59,,1451.89,0,7.11,25.17,0.06,,1.32,0.45,0,0,0,0,0.47
7,102,7102,2.73,,0.01,0,0.16,0,159.61,0,0.3,0,0.03,0.01,0,0.2,,0,0,,72.23,,,0,0,0,0,0,16.97,1.28
7,103,7103,1.95,,0,0,0.11,0,114.28,0,0.21,0,0.02,0.01,0,0.59,,0,0,,55.7,,8.16,0,0,0,0.38,0.04,0.98,1.14
7,104,7104,1.02,,0,0,0.07,0,59.71,0,0.2,0,0.02,0,0,3.36,,0,0,4.13,43.01,,8.16,0,0,0,0,0,0.51,0.76
7,105,7105,1.08,,0.01,0,0.06,0,62.99,0,0.12,0,0.01,0,0,0,,0,0,3.93,19.57,,,0,0,0,0,0,0,0.48
7,106,7106,4.54,0,0.04,0,0.26,0,266,0,3.03,0.05,0.26,0.07,0,3.12,,0,0,0.16,252.58,,8.16,0,0,0,0,0,0,4.52
7,107,7107,5.42,,0.03,0,0.32,0,317.4,0,1.76,0.03,0.15,0.04,0,26.61,,0,0,392.62,261.79,,,0,0,0,0,0,0.06,5.03
7,108,7108,7.44,0,0.08,0,0.45,0,435.39,0,8.24,0.14,0.71,0.2,0.0001,22.68,,0,0,144.04,225.12,,,0,0,0,0,0,0.11,4.31
7,109,7109,2.52,,0.02,0,0.13,0,147.23,0,0.73,0.01,0.06,0.02,0,2.37,,0,0,0.27,30.49,,,0,0,0,0,0,0.07,0.67
7,110,7110,0.47,,0,0,0,0,27.7,0,0.08,0,0.01,0,0,0.13,,0,0,,24.01,,,0,0,0,0,0,0.16,0.47
7,111,7111,2.48,,0,0,0.12,0,145.38,0,0.35,0.01,0.03,0.01,0,0.11,,0,0,16.83,54.66,,,0,0,0,0,0,0,1.05
7,112,7112,1.99,,0,0,0.09,0,116.57,0,0.04,0,0,0,0,0.23,,0,0,,44.37,,,0,0,0,0,0,0,0.93
7,113,7113,0.39,,0,0,0.02,0,22.96,0,0,0,0,0,0,,,0,0,,0,,,0,0,0,0,0,0,0
7,114,7114,1.22,,0.01,0,0.06,0,71.2,0,0.21,0,0.02,0.01,0,2.64,,0,0,,59.03,,,0,0,0,0,0,0,1.24
7,115,7115,0.87,,0,0,0.04,0,51.04,0,0.03,0,0,0,0,0.12,,0,0,,0,,,0,0,0,0,0,0,0
7,116,7116,0.68,,0,0,0.03,0,39.96,0,0.05,0,0,0,0,2.39,,0,0,,59.86,,,0,0,0,0,0,0,1.18
7,117,7117,0.52,,0,0,0.02,0,30.47,0,0.03,0,0,0,0,,,0,0,0.7,0,,,0,0,0,0,0,0,0
7,118,7118,0.25,,0,0,0.01,0,14.72,0,0,0,0,0,0,,,0,0,,0,,,0,0,0,0,0,0,0
7,119,7119,0.23,,0,0,0.01,0,13.36,0,0,0,0,0,0,,,0,0,,0,,,0,0,0,0,0,0,0
8,1,8001,0.94,0.01,0.03,0,0.19,0.06,54.89,0,1.94,0.01,0.2,0.01,0,0.62,,0,0,,249.75,,0.54,0,0,0,10.75,1.01,0,25.87
8,2,8002,1.59,0.01,0.03,0,0.03,0,32.77,0,2.59,0.01,0.27,0.01,0,0.64,,0,0,,209.67,,0.54,0,0,0,10.55,1,0.01,16.51
8,3,8003,0.66,0,0.01,0,0.14,0,38.67,0,0.17,0,0.02,0,0,0.6,,0,0,,224.71,,0.54,0,0,0,2.57,0.24,0,11.5
8,4,8004,0.5,0,0,0,0.07,0,37.58,0,0.05,0,0.01,0,0,,,0,0,,0,,,0,0,0,0,0,0,0
8,5,8005,1.79,0,0.06,0,0.04,0,104.8,0,29.3,0.08,3.05,0.1,0.0003,0.26,0.008248392,0,0,,226.61,,0.54,0,0,0,6.65,0.63,3.95,48.81
8,6,8006,0.47,,0,0,0.11,0,27.35,0,0.08,0,0.01,0,0,0.09,,0,0,,243.57,,0.54,0,0,0,0,0,0,39.33
8,7,8007,1.3,0,0.01,0,0.22,0,75.99,0,0.07,0,0.01,0,0,0.57,,0,0,14.36,77.94,,,0,0,0,0,0,0,15.1
8,8,8008,1.06,0.01,0,0,0.17,0,62.24,0,0.48,0,0.05,0,0,0.02,,0,0,5.58,10.22,,0.54,0,0,0,0,0,0,0.16
8,9,8009,2.39,,0.05,0,0.45,0,139.98,0,1.12,0,0.12,0,0,1.38,,0,0,26.39,76.76,,,0,0,0,4.11,0.39,0,2.8
8,10,8010,1.64,,0.03,0,0.33,0,96.1,0,18.79,0.05,1.96,0.06,0.0002,0.68,,0,0,,286.29,,0.54,0,0,0,0,0,0,38.36
8,11,8011,3.77,0,0.13,0,0.74,0,220.96,0,9.95,0.03,1.04,0.03,0.0001,5.98,,26.65,0,,336.69,,0.54,0,0,0,5.5,0.52,1.2,16.14
8,12,8012,0.67,,0,0,0.12,0,39.21,0,0.03,0,0,0,0,0.06,,0,0,,113.54,,,0,0,0,0,0,0,17.58
8,13,8013,0.67,0,0.01,0,0.14,0,39.38,0,0.08,0,0.01,0,0,,,0,0,32.74,101.71,,0.54,0,0,0,3.34,0.32,0,15.71
8,14,8014,0.16,,0,0,0.03,0,9.58,0,0.02,0,0,0,0,0.14,,0,0,,39.34,,0.54,0,0,0,0,0,0,3.22
8,15,8015,0.12,0,0,0,0.03,0,6.8,0,0,0,0,0,0,,,0,0,,21.01,,,0,0,0,0,0,0,0.19
8,16,8016,0.28,,0,0,0.06,0,16.16,0,0.02,0,0,0,0,0.22,,0,0,,79,,0.54,0,0,0,1.34,0.13,0,3.44
8,17,8017,10.78,,0.39,0,2.17,0,630.85,0,21.01,0.06,2.19,0.07,0.0002,14.63,,105.3,0,,862.59,,0.54,0,0,0,3.54,0.33,0.33,158.69
8,18,8018,0.39,,0.01,0,0.08,0,22.63,0,0,0,0,0,0,,,0,0,,393.14,,0.54,0,0,0,0,0,0,65.89
8,19,8019,60.67,0.01,2.69,0,12.38,0,93.63,0.01,222.03,0.59,23.11,0.75,0.002,76.84,,666.32,0.82,95.64,316.73,0.02,0.54,4.8,1.6,0,14.03,1.32,14.61,34.01
8,20,8020,0.6,,0,0,0.1,0,34.97,0,0,0,0,0,0,0.05,,0,0,11.86,11.67,,0.54,0,0,0,0,0,0,0.02
8,21,8021,10.17,,0.43,0,2.04,0,595.4,0,32.52,0.09,3.39,0.11,0.0003,12.52,,107.17,0,,204.52,,0.54,0,0,0,1.18,0.11,0.83,22.05
8,22,8022,0.21,,0,0,0.05,0,12.21,0,0,0,0,0,0,,,0,0,,49.98,,,0,0,0,0,0,0,8.21
8,23,8023,0.3,,0,0,0.05,0,17.66,0,4.92,0.01,0.51,0.02,0,0.03,,0,0,,59.15,,0.54,0,0,0,0,0,0,7.48
8,24,8024,0.31,,0.01,0,0.07,0,17.88,0,0.1,0,0.01,0,0,0,,0,0,,90.89,,,0,0,0,0,0,0,14.94
8,25,8025,0.61,,0.01,0,0.13,0,35.49,0,5.1,0.01,0.53,0.02,0,0.1,,0,0,,152.13,,,0,0,0,0,0,0,36.38
8,26,8026,0.25,,0,0,0.06,0,14.47,0,0,0,0,0,0,0.31,,0,0,,62.82,,,0,0,0,0,0,0,10.07
8,27,8027,3.67,0,0.03,0,0.59,0,214.74,0,1.25,0,0.13,0,0,1.09,,0,0,59.99,113.11,,,0,0,0,0,0,0,27.99
8,28,8028,0.73,,0.01,0,0.14,0,42.82,0,0.66,0,0.07,0,0,0.04,0.003348544,0,0,,39.36,,0.54,0,0,0,0,0,0,5.91
8,29,8029,4.15,0,0.01,0,0.62,0,242.7,0,3.31,0.01,0.34,0.01,0,0.14,,0,0,161.35,116.85,,,0,0,0,0,0,0,26.29
8,30,8030,0.64,,0,0,0.11,0,37.49,0,0.05,0,0.01,0,0,0.25,,0,0,25.9,16.9,,0.54,0,0,0,2.77,0.26,0,0.14
8,31,8031,2.98,,0.05,0,0.63,0,174.34,0,1.25,0,0.13,0,0,0.87,,10.14,0,8.86,551.65,,0.54,0,0,0,8.8,0.83,0,91.63
8,32,8032,8.28,0.01,0.38,0,1.6,0,484.51,0,16.29,0.04,1.7,0.06,0.0001,13.19,,56,0,,34.99,,0.54,0,0,0,2.04,0.19,0.5,4.4
8,33,8033,0.08,,0,0,0.02,0,4.85,0,0.01,0,0,0,0,0,,0,0,,11.71,,,0,0,0,0,0,0,1.37
8,34,8034,0.53,,0.01,0,0.12,0,31.04,0,2.65,0.01,0.28,0.01,0,0.56,,0,0,,115.8,,,0,0,0,0,0,0,25.7
8,35,8035,0.66,,0.01,0,0.12,0,38.43,0,0.03,0,0,0,0,0.02,,0,0,12.16,223.57,,0.54,0,0,0,0,0,0,43.15
8,36,8036,3.24,0,0.11,0,0.6,0,189.4,0,6.66,0.02,0.69,0.02,0.0001,3.47,,30.67,0,,608.86,,0.54,0,0,0,0,0,0.1,30.1
8,37,8037,105,0,3.56,0,20.14,0,87.42,0.02,662.73,1.77,68.98,2.25,0.0059,31.9,0.272418463,340.21,1.03,,39.82,,0.54,4.88,1.6,0,6.29,0.59,14.03,5.06
8,38,8038,0.36,0,0,0,0.08,0,21.09,0,0.05,0,0.01,0,0,0.09,,0,0,,65.76,,0.54,0,0,0,0,0,0,6.68
8,39,8039,0.31,0,0,0,0.07,0,18.32,0,0.07,0,0.01,0,0,0.12,,0,0,,107.09,,0.54,0,0,0,1,0.09,0,6.23
8,40,8040,2.56,0,0.05,0,0.52,0,149.92,0,2.36,0.01,0.25,0.01,0,1.12,,8.72,0,63.54,221.16,,0.54,0,0,0,6.44,0.61,0,45.71
8,41,8041,0.17,,0,0,0.03,0,9.9,0,0.1,0,0.01,0,0,,,0,0,0.08,7.64,,0.54,0,0,0,0,0,0,0.08
8,42,8042,0.13,,0,0,0.03,0,7.49,0,0.01,0,0,0,0,0,,0,0,33.73,2.54,,0.54,0,0,0,0,0,0,0.33
8,43,8043,0.25,,0,0,0.06,0,14.83,0,0.06,0,0.01,0,0,0.08,,0,0,,57.82,,,0,0,0,1.8,0.17,0,9.99
8,44,8044,0.34,0,0,0,0.07,0,20.14,0,0.28,0,0.03,0,0,0.34,,0,0,,50.77,,0.54,0,0,0,1.25,0.12,0.19,10.11
8,45,8045,3.31,,0.07,0,0.67,0,193.72,0,13.24,0.04,1.38,0.04,0.0001,4.39,,10.83,0,,218.89,,0.54,0,0,0,0,0,0,26.38
8,46,8046,0.57,,0,0,0.09,0,33.57,0,0,0,0,0,0,,,0,0,,7.27,,,0,0,0,0,0,0,0
8,47,8047,0.41,,0,0,0.08,0,24.08,0,0.13,0,0.01,0,0,,,0,0,,13.54,,0.54,0,0,0,0,0,0,0.14
8,48,8048,1.62,,0.03,0,0.36,0,95.08,0,0.52,0,0.05,0,0,1.3,,0,0,,1128.5,,,0,0,0,0,0,0,176.37
8,49,8049,0.22,,0,0,0.04,0,13.15,0,0.01,0,0,0,0,,,0,0,,20.99,,,0,0,0,0,0,0,4.09
8,50,8050,4.35,,0.2,0,0.87,0,254.67,0,68.78,0.18,7.16,0.23,0.0006,1.25,,38.86,0,,110.02,,0.54,0,0,0,3.89,0.37,0.13,18.89
8,51,8051,0.5,,0,0,0.09,0,29.48,0,0.01,0,0,0,0,,,0,0,5.37,18.3,,0.54,0,0,0,0,0,0.02,0.36
8,52,8052,1.69,0,0.07,0,0.36,0,99.02,0,1.66,0,0.17,0.01,0,0.9,0.004298603,20.23,0,,125.76,,0.54,0,0,0,4.79,0.45,0.05,24.08
8,53,8053,0.68,,0.01,0,0.14,0,39.85,0,0.37,0,0.04,0,0,0.87,,0,0,,48.74,,0.54,0,0,0,0,0,0,8.56
8,54,8054,0.62,,0,0,0.11,0,36.56,0,0.04,0,0,0,0,,,0,0,,451.74,,0.54,0,0,0,1.44,0.14,0,73.65
8,55,8055,1.27,,0.01,0,0.26,0,74.58,0,0.07,0,0.01,0,0,,,0,0,,149.62,,0.54,0,0,0,2.02,0.19,0,15.42
8,56,8056,0.17,,0,0,0.03,0,9.74,0,0.01,0,0,0,0,0,,0,0,,21.74,,,0,0,0,0,0,0,3.32
8,57,8057,0.18,,0,0,0.04,0,10.5,0,0.07,0,0.01,0,0,0.05,,0,0,,33.92,,0.54,0,0,0,0,0,0,0.04
8,58,8058,0.21,,0,0,0.05,0,12.49,0,0,0,0,0,0,0.11,,0,0,,42.31,,0.54,0,0,0,0,0,0,2.43
8,59,8059,0.39,0,0.01,0,0.08,0,22.64,0,0.91,0,0.1,0,0,0.22,,0,0,,6.39,,,0,0,0,0,0,0,0.97
8,60,8060,0.81,0,0.02,0,0.17,0,47.37,0,0.32,0,0.03,0,0,1.53,,0,0,,17.92,,,0,0,0,1.86,0.18,7.14,2.6
8,61,8061,0.31,,0,0,0.07,0,18.05,0,0.01,0,0,0,0,0.02,,0,0,,91.34,,,0,0,0,0,0,0,12.34
8,62,8062,2.28,0,0.05,0,0.45,0,133.43,0,2.49,0.01,0.26,0.01,0,2.36,,2.62,0,,286.54,,0.54,0,0,0,1.15,0.11,14.41,20.93
8,63,8063,0.51,0,0,0,0.11,0,29.58,0,0.05,0,0.01,0,0,0.19,,0,0,0.2,95.25,,,0,0,0,2.06,0.19,0,17.12
8,64,8064,0.15,,0,0,0.03,0,8.51,0,0,0,0,0,0,,,0,0,,14.99,,,0,0,0,0,0,0,2.89
8,65,8065,1.56,0,0,0,0.27,0,91.58,0,0.23,0,0.02,0,0,0.07,,0,0,31.2,35.44,,0.54,0,0,0,3.44,0.32,0,0.11
8,66,8066,0.63,0.01,0,0,0.11,0,37.13,0,0.01,0,0,0,0,0.1,,0,0,3.17,15.19,,0.54,0,0,0,0,0,0,0
8,67,8067,0.35,0,0.01,0,0,0,20.32,0,0.13,0,0.01,0,0,0.57,,0,0,,71.11,,,0,0,0,0,0,0,10.07
9,2,9002,34,,1.09,0.06,7.33,0.32,0,0,,3.83,13.65,2,0.0017,,,4.45,0.08,,0,,,0,0,0,1.04,0.1,0,0
9,3,9003,50.21,,1.23,0.07,11.14,0,0,0.01,,1.63,5.81,0.85,0.0007,,,54.24,0.11,1.61,0,0.27,,0,0,0,0,0,0.42,0
9,4,9004,13.88,0,0.35,0.02,2.7,0,20.66,0,,0.2,0.71,0.1,0.0001,0,,18.87,0.06,3.92,0.88,,,0,0,0,0,0,2.18,0.03
9,5,9005,95.39,,1.84,0.1,19.55,0,0,0.01,,2.38,8.47,1.24,0.0011,,,16.31,0.21,6.01,0,0.27,,0,0,0,1.61,0.15,2.1,0
9,6,9006,31.58,,0.74,0.04,6.59,0,0,0,,3.03,10.79,1.58,0.0014,,,23.29,0.05,,0,,,0,0,0,0,0,0.59,0
9,7,9007,145.58,,2.65,0.15,28.35,0,0,0.02,,4.67,16.65,2.44,0.0021,,,31.97,0.31,3.78,0,,,0,0,0,0,0,0.31,0
9,8,9008,18.3,0,0.21,0.01,3.76,0,6.16,0,,0.09,0.33,0.05,0,0,,6.86,0.02,4.02,2.58,,,0,0,0,1.04,0.1,14.3,0.08
9,9,9009,9.27,0.06,0.11,0.01,1.73,0,88.61,0,,0.07,0.25,0.04,0,0,,0.05,0.01,130.05,63,,,0,0,0,0,0,0.1,5.13
9,10,9010,56.49,0,1.29,0.07,11.7,0,2.75,0.01,,1.26,4.5,0.66,0.0006,0,,19.78,0.21,2.69,0.67,0.27,,0,0,0,1.18,0.11,0,0.04
9,11,9011,27.51,0,0.35,0.02,5.38,0,22.87,0,,0.47,1.69,0.25,0.0002,0,,9,0.13,11.52,28.11,,,0,0,0,0.43,0.04,3.7,2.55
9,12,9012,48.57,0,1.11,0.06,9.9,0,66.39,0.01,,1.02,3.62,0.53,0.0005,0,,29.11,0.16,186.15,71.36,,,0,0,0,4.74,0.45,0.04,3.82
9,13,9013,32.34,,0.51,0.03,6.16,0,69.33,0,,0.69,2.45,0.36,0.0003,0,,13.24,0.17,17.07,10.38,,,0,0,0,0,0,9.87,0.67
9,14,9014,28.38,,2.03,0.11,7.85,0,0,0,,1.91,6.82,1,0.0009,,,17.92,0.07,,0,,,0,0,0,0,0,0.28,0
9,15,9015,41.68,,4.42,0.24,10.31,0,0,0.01,,3.11,11.07,1.62,0.0014,,,75.61,0.16,,0,,,0,0,0,0.39,0.04,14.73,0
9,16,9016,28.27,,2.27,0.13,6.81,0,0,0,,3.08,10.96,1.6,0.0014,,,37.69,0.09,,0,,,0,0,0,1.42,0.13,5.21,0
9,17,9017,35.77,,1.19,0.07,7.72,0,0,0.01,,1.11,3.95,0.58,0.0005,,,4.75,0.11,,0,0.27,,25.47,16.98,0,0,0,40.85,0
10,1,10001,2.35,0.01,0.07,0,0.36,0.16,137.39,0,1.93,0.04,0.2,0.02,0,8.94,,0,0,27.13,322.82,,0.46,0,0,0,3.36,0.32,0,66.53
10,2,10002,0.33,,0,0,0.05,0,19.15,0,0.2,0,0.02,0,0,4.69,,0,0,95.69,24.37,,0.46,0,0,0,0,0,0,0.96
10,3,10003,0.34,,0,0,0.05,0,20.17,0,0.02,0,0,0,0,5.61,,0,0,,26.28,,,0,0,0,0,0,0,4.21
10,4,10004,2.53,0,0.07,0,0.38,0,147.98,0,2.5,0.05,0.26,0.02,0,11.15,,0,0,,339.59,,0.46,0,0,0,3.04,0.29,2.28,1.49
10,5,10005,42.11,0,2.87,0,0.64,0,2464.98,0.01,55.74,1.12,5.8,0.56,0.0005,37.18,,421.36,0.29,140.76,448.39,0.01,0.46,1.67,0.69,0,14,1.32,6.59,87.4
10,6,10006,0.77,0.04,0.01,0,0.11,0,44.79,0,0.05,0,0,0,0,8.2,,0,0,,98.71,,0.46,0,0,0,0,0,0,26.29
10,7,10007,24.35,,1.5,0,3.7,0,499.51,0,108.04,2.17,11.25,1.08,0.001,132.19,,210.77,0.22,,180.92,,,0,0,0,3.59,0.34,3.64,39.29
10,8,10008,2.56,0.08,0.16,0,0.39,0,150.04,0,4.91,0.1,0.51,0.05,0,7.22,,0,0,,331.94,,0.46,0,0,0,1.35,0.13,0.02,84.31
10,9,10009,0.82,0.01,0.01,0,0.13,0,47.85,0,0.11,0,0.01,0,0,7.63,,0,0,25.01,48.5,,,0,0,0,0,0,0.11,0.8
10,10,10010,0.34,,0,0,0.06,0,19.7,0,0.02,0,0,0,0,,,0,0,,141.46,,0.46,0,0,0,0,0,0,8.47
10,11,10011,0.39,,0,0,0.07,0,22.58,0,0.02,0,0,0,0,10.79,,0,0,,124.11,,,0,0,0,0,0,0.11,0.32
10,12,10012,10.33,0,0.26,0,1.51,0,270.94,0,32.94,0.66,3.43,0.33,0.0003,38.29,,13.02,0.03,,156.72,,0.46,0,0,0,3.31,0.31,0.22,26.95
10,13,10013,1.83,0.01,0.08,0,0.26,0,107.37,0,1.04,0.02,0.11,0.01,0,12.93,,0,0,,87.9,,0.46,0,0,0,8.44,0.8,0,18.85
10,14,10014,2.4,0.06,0.01,0,0.27,0,140.74,0,0.09,0,0.01,0,0,12.2,,0,0,483.97,110.8,,,0,0,0,0,0,0,5.61
10,15,10015,0.97,0,0.01,0,0.01,0,56.94,0,0.06,0,0.01,0,0,8.03,,0,0,,52.06,,0.46,0,0,0,0,0,0,11.82
10,16,10016,1.38,,0.02,0,0.02,0,81.06,0,2.72,0.05,0.28,0.03,0,3.98,,0,0,,103.98,,0.46,0,0,0,0,0,0,26.28
10,17,10017,0.74,,0.02,0,0.12,0,43.16,0,0.24,0,0.03,0,0,,,0,0,,127.94,,,0,0,0,0.88,0.08,0,1.64
10,18,10018,0.84,0,0.05,0,0.15,0,49.15,0,0.26,0.01,0.03,0,0,11.86,,0,0,,53.1,,,0,0,0,0,0,0.01,1.22
10,19,10019,0.36,0.02,0,0,0.05,0,21.26,0,0,0,0,0,0,4.13,,0,0,74.11,16.81,,,0,0,0,0,0,0.87,1.08
10,20,10020,0.95,0.06,0.03,0,0.15,0,706.16,0,0.63,0.01,0.07,0.01,0,3.87,,0,0,,158.78,,0.46,0,0,0,1.33,0.13,0,42.98
10,21,10021,0.79,,0.02,0,0.12,0,44.13,0,0.22,0,0.02,0,0,4.96,,0,0,,129.85,,0.46,0,0,0,2.5,0.24,0,35.09
10,22,10022,1.88,0.02,0.05,0,0.03,0,109.83,0,0.43,0.01,0.04,0,0,4.47,,0,0,,207.95,,0.46,0,0,0,0,0,0,52.29
10,23,10023,3.77,0.01,0.15,0,0.48,0,798.72,0,5.96,0.12,0.62,0.06,0.0001,10.69,,0,0,357.08,60.8,,,0,0,0,0,0,0,0.61
10,24,10024,0.9,,0.04,0,0.13,0,52.57,0,0.16,0,0.02,0,0,19.71,,0,0,,59.91,,0.46,0,0,0,0,0,0,11.43
10,25,10025,0.3,,0,0,0.05,0,201.3,0,0.02,0,0,0,0,7.87,,0,0,,45.97,,,0,0,0,0,0,0,1.86
10,26,10026,1.54,0,0.02,0,0.21,0,90.35,0,0.48,0.01,0.05,0,0,9.37,,0,0,63.63,70.05,,,0,0,0,0,0,2.31,5.68
10,27,10027,0.47,0,0.01,0,0.07,0,27.42,0,0.41,0.01,0.04,0,0,5.21,,0,0,,29.93,,0.46,0,0,0,2.75,0.26,0,7.28
10,28,10028,0.85,0.01,0.02,0,0.13,0,49.77,0,0.18,0,0.02,0,0,8.22,,0,0,,113.06,,0.46,0,0,0,0,0,0,21.67
10,29,10029,0.16,,0,0,0.02,0,9.42,0,0.03,0,0,0,0,4.71,,0,0,,32.95,,0.46,0,0,0,0,0,0,7.44
10,30,10030,0.12,,0,0,0.02,0,6.96,0,0.01,0,0,0,0,24.73,,0,0,,27.5,,,0,0,0,0,0,0,6.8
10,31,10031,0.52,,0.02,0,0.08,0,318.42,0,0.04,0,0,0,0,3.56,,0,0,,100.63,,0.46,0,0,0,0,0,0,30.77
10,32,10032,3.32,0.01,0.15,0,0.05,0,194.42,0,3.03,0.06,0.32,0.03,0,14.53,,0,0,165.52,272.01,,0.46,0,0,0,4.06,0.38,2.7,44.2
10,33,10033,0.55,0.03,0.01,0,0.08,0,32.43,0,0.11,0,0.01,0,0,2.07,,0,0,,55.3,,0.46,0,0,0,0,0,0,13.25
10,34,10034,2.07,0,0.01,0,0.24,0,121.17,0,0.28,0.01,0.03,0,0,20.71,,0,0,101.62,69.95,,,0,0,0,0,0,0,0
10,35,10035,0.93,0.01,0.04,0,0.15,0,54.32,0,0.43,0.01,0.04,0,0,9.68,,0,0,44.82,73.04,,0.46,0,0,0,1.19,0.11,0,10.35
10,36,10036,1.59,,0.04,0,0.02,0,93.06,0,5.68,0.11,0.59,0.06,0.0001,8.32,,0,0,,70.49,,,0,0,0,0,0,0.03,13.87
10,37,10037,0.64,,0.01,0,0.08,0,536.58,0,0.83,0.02,0.09,0.01,0,3.94,,0,0,8.16,25.79,,0.46,0,0,0,0,0,0.01,1.65
10,38,10038,1.65,,0.14,0,0.25,0,59.16,0,1.14,0.02,0.12,0.01,0,1.55,,0,0,,94.28,,0.46,0,0,0,0,0,0,27.35
10,39,10039,1.94,,0.08,0,0.03,0,113.48,0,2.44,0.05,0.25,0.02,0,9.03,,0,0,,310.17,,0.46,0,0,0,0,0,0,60.72
11,1,11001,6.16,0.02,0.04,0,1.01,0.03,360.83,0,2.82,0.03,0.32,0.01,0,27.42,,0,0,,478.93,,3.8,0,0,0,1.01,0.1,0.05,59.59
11,2,11002,8.14,0.01,0.11,0.01,1.51,0,476.29,0,5.11,0.05,0.58,0.02,0,12.26,,109.02,0,,193.52,,3.8,0,0,0,3.42,0.32,0.44,25.48
11,3,11003,11.14,0.02,0.14,0.01,1.77,0,651.97,0,10.05,0.09,1.15,0.03,0.0001,6.3,,0,0,32.84,175.51,,3.8,0,0,0,3.29,0.31,0.09,22.02
11,4,11004,4.63,0,0.05,0,0.08,0,271.19,0,3.25,0.03,0.37,0.01,0,2.64,,0,0,7.71,159.11,,3.8,0,0,0,0,0,0.01,33.03
11,5,11005,5.91,,0.03,0,0.99,0,345.71,0,14.57,0.13,1.67,0.04,0.0001,1.64,,10.61,0,,105.96,,3.8,0,0,0,2.17,0.2,0.38,19.91
11,6,11006,0.4,,0,0,0.07,0,23.57,0,0.01,0,0,0,0,0.16,,0,0,,4.35,,,0,0,0,0,0,0,0
11,7,11007,33.25,,0.59,0.03,6.1,0,1946.44,0,84.71,0.76,9.68,0.26,0.0008,16.15,,0,0,13.49,223.85,,3.8,0,0,0,2.8,0.26,3.63,36.99
11,8,11008,2.74,0,0.02,0,0.05,0,160.6,0,1.31,0.01,0.15,0,0,5.89,,0,0,8.3,272.21,,3.8,0,0,0,0,0,0,39.21
11,9,11009,5.61,,0.04,0,0.87,0,328.51,0,1.93,0.02,0.22,0.01,0,0.5,,0,0,,114.18,,3.8,0,0,0,0.96,0.09,0.22,25.1
11,10,11010,0.88,,0.01,0,0.17,0,51.35,0,1.13,0.01,0.13,0,0,2.08,,3.04,0,,17.1,,,0,0,0,0,0,0,3.93
11,11,11011,6.65,0,0.08,0,1.1,0,389.29,0,7.12,0.06,0.81,0.02,0.0001,3.52,,68.56,0,,168.77,,3.8,0,0,0,0,0,0.01,23.13
11,12,11012,1.92,0,0.02,0,0.33,0,112.14,0,0.57,0.01,0.07,0,0,2.98,,0,0,28.25,99.02,,3.8,0,0,0,0,0,0,11.88
11,13,11013,1.7,0.02,0.01,0,0.27,0,99.71,0,0.34,0,0.04,0,0,7.78,,8.52,0,,71.2,,,0,0,0,0,0,0,14.83
11,14,11014,10.76,0,0.08,0,0.17,0,630.18,0,11.21,0.1,1.28,0.03,0.0001,2.86,,0,0,1.59,183.16,,3.8,0,0,0,3.4,0.32,0.32,28.24
11,15,11015,12.26,0,0.16,0.01,2.09,0,717.81,0,4.39,0.04,0.5,0.01,0,2.8,,178.58,0,31.62,43.99,0.31,3.8,0,0,0,0,0,14.43,6.13
11,16,11016,1.48,0,0.01,0,0.03,0,86.38,0,0.31,0,0.04,0,0,17.61,,0.73,0,0.65,104.01,,3.8,0,0,0,0,0,0,12.05
11,17,11017,37.03,0,0.56,0.03,6.28,0,2167.51,0.01,61.76,0.56,7.06,0.19,0.0005,7.43,,232.42,0,16.14,598.68,,3.8,0,0,0,2.65,0.25,2.75,69.69
11,18,11018,2.54,,0.02,0,0.46,0,148.74,0,0.87,0.01,0.1,0,0,1.63,,19.44,0,,113.19,,3.8,0,0,0,0,0,0.04,18.2
11,19,11019,3.69,0.01,0.02,0,0.68,0,215.94,0,0.57,0.01,0.07,0,0,2.85,,46.55,0,,175.92,,3.8,0,0,0,0,0,0.01,36.4
11,20,11020,102.18,0.04,1.62,0.09,17,0,5981.98,0.01,307.13,2.77,35.11,0.93,0.0027,24.62,,510.87,0,22.86,266.14,,3.8,0,0,0,1.59,0.15,15.77,45.13
11,21,11021,3.74,,0.12,0.01,0.74,0,218.81,0,12.21,0.11,1.4,0.04,0.0001,2.73,,0,0,,18.66,,,0,0,0,0,0,0.01,1.95
11,22,11022,1.65,0.01,0.01,0,0.26,0,96.32,0,0.38,0,0.04,0,0,2.83,,5.14,0,7.97,240.36,,3.8,0,0,0,0,0,0,19.49
11,23,11023,11.05,0,0.09,0.01,1.91,0,646.63,0,10.48,0.09,1.2,0.03,0.0001,16.38,,18.92,0,16.07,770.23,,3.8,0,0,0,4.09,0.39,0.69,81.63
11,24,11024,0.78,,0.01,0,0.14,0,45.63,0,0.31,0,0.04,0,0,7.74,,0,0,,44,,3.8,0,0,0,0,0,0,5.39
11,25,11025,4.47,0,0.02,0,0.72,0,261.68,0,13.56,0.12,1.55,0.04,0.0001,7.1,,0,0,,156.35,,3.8,0,0,0,0.56,0.05,0.08,22.39
11,26,11026,4.04,0,0.03,0,0.66,0,236.74,0,1.45,0.01,0.17,0,0,2.88,,9.06,0,1.11,225.05,,3.8,0,0,0,0,0,0,38.56
11,27,11027,18.68,0,0.24,0.01,3.41,0,1093.45,0,36.88,0.33,4.22,0.11,0.0003,13.04,,89.44,0,,561.39,,3.8,0,0,0,1.21,0.11,1.05,63.83
11,28,11028,7.39,0.02,0.09,0,1.37,0,432.52,0,5.73,0.05,0.66,0.02,0.0001,5.84,,0,0,,265.61,,3.8,0,0,0,0.94,0.09,0.1,37.07
11,29,11029,2.75,0,0.01,0,0.44,0,161.01,0,0.66,0.01,0.08,0,0,1.74,,0,0,46.22,63,,,0,0,0,1.88,0.18,0,9.36
11,30,11030,7.67,0.01,0.05,0,1.15,0,448.83,0,1.81,0.02,0.21,0.01,0,6.5,,36.73,0,28.28,526.36,,3.8,0,0,0,3.19,0.3,0.02,49.63
11,31,11031,8.25,0.04,0.1,0.01,1.36,0,483.1,0,34.12,0.31,3.9,0.1,0.0003,11.55,,103.19,0,,170.62,,3.8,0,0,0,0,0,1.83,27.12
11,32,11032,4.73,0,0.04,0,0.79,0,277.16,0,13.83,0.12,1.58,0.04,0.0001,5.37,,26.91,0,,117.75,,,0,0,0,1.46,0.14,6.75,24.17
11,33,11033,8.1,0,0.08,0,1.21,0,474.45,0,3.98,0.04,0.46,0.01,0,6.12,,64.64,0,,127.08,,,0,0,0,3.54,0.33,1.09,26.61
11,34,11034,0.36,,0,0,0.06,0,21.27,0,0.09,0,0.01,0,0,0.98,,0,0,,4.2,,,0,0,0,0,0,0,0.58
11,35,11035,5.62,0,0.05,0,0.87,0,329.14,0,5.79,0.05,0.66,0.02,0.0001,3.44,,0,0,3.98,148.66,,3.8,0,0,0,0,0,0.14,25.1
11,36,11036,0.51,,0,0,0.1,0,29.9,0,0.12,0,0.01,0,0,0.62,,0,0,,31.28,,3.8,0,0,0,0,0,0,4.29
11,37,11037,11.76,0.01,0.12,0.01,1.81,0,688.6,0,33.32,0.3,3.81,0.1,0.0003,14.48,,0,0,7.97,153.46,,3.8,3.57,1.46,0,2.17,0.2,0.44,24.62
11,38,11038,0.82,,0.01,0,0.15,0,47.98,0,0.34,0,0.04,0,0,1.31,,0,0,,37.73,,3.8,0,0,0,0.52,0.05,0.1,4.95
11,39,11039,2.64,0,0.02,0,0.5,0,154.52,0,1.38,0.01,0.16,0,0,2.6,,16.1,0,,111.77,,3.8,0,0,0,0.65,0.06,0.02,19.73
11,40,11040,1.29,,0,0,0.19,0,75.52,0,0.14,0,0.02,0,0,0.26,,0,0,,6.03,,,0,0,0,0,0,0.01,0.88
11,41,11041,4.24,0.04,0.09,0,0.79,0,248.42,0,5.63,0.05,0.64,0.02,0.0001,5.78,,0,0,,14.65,,,0,0,0,0,0,0.03,1.56
11,42,11042,10.23,0.03,0.09,0,1.74,0,598.84,0,2.92,0.03,0.33,0.01,0,13.83,,9.88,0,,530.76,,3.8,0,0,0,0,0,0.29,70.38
11,43,11043,1.53,0.01,0,0,0.24,0,89.45,0,0.16,0,0.02,0,0,0.64,,3.28,0,,23.97,,,0,0,0,0,0,0,1.42
11,44,11044,3.97,,0.04,0,0.65,0,232.4,0,14.51,0.13,1.66,0.04,0.0001,0.8,,29.8,0,,176.44,,3.8,0,0,0,1,0.09,0.57,21.67
11,45,11045,0.85,,0,0,0.14,0,49.57,0,0.06,0,0.01,0,0,0.16,,0,0,,20.92,,,0,0,0,0,0,0,0.26
11,46,11046,5.07,0,0.04,0,0.95,0,296.96,0,2.18,0.02,0.25,0.01,0,5.73,,0,0,,152.71,,3.8,0,0,0,0,0,0.1,17.12
12,1,12001,57.39,0.01,0.66,0,5.73,0,709.22,0.01,21.17,0.08,0,0,0.0002,3.19,,0,0.01,110.62,180.56,0.02,,3.26,1.03,23.72,0,0,6.28,1.28
12,2,12002,1.84,,0,0,0.01,0,107.77,0,0.06,0,0,0,0,0,,0,0,,34.61,,,0,0,0,0,0,0,0.34
12,3,12003,3,0,0.01,0,0.25,0,175.4,0,0.91,0,0,0,0,0,,0,0,5.42,111.26,,,0,0,0,0,0,0.02,1.02
12,4,12004,1.3,,0,0,0.09,0,76,0,0.05,0,0,0,0,0,,0,0,,24.15,,,0,0,0,0,0,0,0.24
12,5,12005,0.47,,0,0,0.04,0,27.37,0,0.08,0,0,0,0,0,,0,0,,7.63,,,0,0,0,0,0,0,0.04
12,6,12006,0.99,,0,0,0.09,0,57.95,0,0.31,0,0,0,0,17.75,,0,0,,28.16,,,0,0,0,0,0,0,0.23
12,7,12007,2.51,0.01,0.02,0,0.23,0,146.97,0,1.18,0,0,0,0,0,,0,0,,58.61,,,0,0,0,0,0,0,0.43
12,8,12008,0.61,,0,0,0.06,0,35.8,0,0.11,0,0,0,0,0,,0,0,,17.29,,,0,0,0,0,0,0,0.17
12,9,12009,0.41,,0,0,0.03,0,24.07,0,0,0,0,0,0,0,,0,0,1.98,10.68,,,0,0,0,0,0,0,0.11
12,10,12010,1.87,,0,0,0.15,0,109.39,0,0.15,0,0,0,0,0,,0,0,30.25,22.14,,,0,0,0,0,0,0,0.22
12,11,12011,4.67,,0.02,0,0.46,0,273.58,0,1.05,0,0,0,0,12.13,,0,0,97.14,249.12,,,0,0,0,0,0,0,0.85
12,12,12012,4.48,,0.01,0,0.34,0,261.98,0,0.6,0,0,0,0,13.8,,0,0,17.84,159.06,,,0,0,0,0,0,0,0.58
12,13,12013,1.08,,0,0,0.1,0,62.94,0,0.21,0,0,0,0,0,,0,0,,110.51,,,0,0,0,0,0,0,0.26
12,14,12014,1.15,0,0,0,0.01,0,67.6,0,0.43,0,0,0,0,0,,0,0,,35.35,,,0,0,0,0,0,0,0.09
12,15,12015,0.97,,0,0,0.1,0,56.86,0,4.65,0.02,0,0,0,0,,0,0,2.79,7.37,,,0,0,0,1.47,0.14,0.12,0.07
12,16,12016,1.06,,0,0,0.1,0,62.21,0,0.07,0,0,0,0,0,,0,0,,41,,,0,0,0,0,0,0,0.33
12,17,12017,1.11,,0,0,0.11,0,64.98,0,0.41,0,0,0,0,0,,0,0,,31.7,,,0,0,0,1.66,0.16,0,0.27
12,18,12018,0.95,,0,0,0.09,0,55.68,0,0.32,0,0,0,0,0,,0,0,,55.33,,,0,0,0,0,0,0.02,0.17
12,19,12019,1.1,,0,0,0.08,0,64.34,0,7.72,0.03,0,0,0.0001,0,,0,0,,19.22,,,0,0,0,0,0,0,0.19
12,20,12020,1.39,,0,0,0.11,0,81.14,0,0.12,0,0,0,0,0,,0,0,,19.78,,,0,0,0,0,0,0.01,0.2
12,21,12021,5.52,0,0.01,0,0.54,0,396.79,0,0.83,0,0,0,0,0,,0,0,151.37,161.35,,,0,0,0,0,0,0.05,1.1
12,22,12022,3.36,0,0.01,0,0.32,0,196.46,0,0.69,0,0,0,0,16.41,,0,0,18.27,128.37,,,0,0,0,0,0,0.52,1.23
12,23,12023,1.88,,0.01,0,0.17,0,110.16,0,0.74,0,0,0,0,0,,0,0,,168.38,,,0,0,0,0,0,0,0.25
12,24,12024,0.54,,0,0,0.05,0,31.9,0,0.03,0,0,0,0,0,,0,0,,12.64,,,0,0,0,0,0,0,0.13
12,25,12025,1.16,,0,0,0.1,0,68.12,0,0.1,0,0,0,0,0,,0,0,,64.26,,,0,0,0,0,0,0,0.39
12,26,12026,0.71,,0,0,0.07,0,41.54,0,0.08,0,0,0,0,0,,0,0,,17.03,,,0,0,0,0,0,0,0.16
12,27,12027,1.66,0.01,0,0,0.17,0,97.03,0,0.37,0,0,0,0,0,,0,0,,67.51,,,0,0,0,0,0,0,0.59
12,28,12028,8.41,,0.03,0,0.7,0,492.13,0,4.89,0.02,0,0,0,0,,0,0,3.41,85.29,,,0,0,0,0,0,0.04,0.82
12,29,12029,17.13,0,0.14,0,1.55,0,1002.63,0,5.79,0.02,0,0,0.0001,94.03,,68.74,0,868.39,60.7,,,0,0,0,0,0,2.12,0.57
12,30,12030,1.5,,0.01,0,0.13,0,87.58,0,0.28,0,0,0,0,0,,0,0,,71.38,,,0,0,0,0,0,0,0.22
12,31,12031,0.51,,0,0,0.05,0,29.93,0,0.06,0,0,0,0,0,,0,0,,20.73,,,0,0,0,0,0,0,0.18
12,32,12032,2.76,,0,0,0.21,0,161.73,0,0.25,0,0,0,0,0,,0,0,29.84,79.45,,,0,0,0,0,0,0,0.78
12,33,12033,1.1,0,0,0,0.1,0,64.62,0,0.23,0,0,0,0,0,,0,0,5.79,17.74,,,0,0,0,0,0,0,0.15
12,34,12034,2.8,,0.02,0,0.29,0,164.07,0,2.35,0.01,0,0,0,0,,0,0,35.38,58.52,,,0,0,0,0,0,0.06,0.56
12,35,12035,10.27,0,0.13,0,1.01,0,601.17,0,7.01,0.03,0,0,0.0001,0,,30.71,0,,44.74,,,0,0,0,0.92,0.09,0.19,0.38
12,36,12036,0.82,,0,0,0.07,0,48.26,0,0.13,0,0,0,0,0,,0,0,,141.5,,,0,0,0,0,0,0.04,0.22
12,37,12037,0.49,,0,0,0.05,0,28.57,0,0.49,0,0,0,0,0,,0,0,,10.78,,,0,0,0,0,0,0.01,0.1
12,38,12038,8.36,0,0.12,0,0.88,0,489.61,0,3.26,0.01,0,0,0,0,,109.42,0,,59.7,,,1.18,0.51,0,0,0,0.23,0.44
12,39,12039,1.82,0,0.01,0,0.17,0,106.74,0,0.92,0,0,0,0,0,,0,0,40.37,67.79,,,0,0,0,0,0,0.11,0.33
12,40,12040,1.84,0,0,0,0.15,0,107.57,0,9.01,0.03,0,0,0.0001,0,,0,0,9.53,52.15,,,0,0,0,0,0,0,0.47
12,41,12041,2.13,,0,0,0.16,0,124.56,0,0.02,0,0,0,0,0,,0,0,45.01,59.42,,,0,0,0,0,0,0,0.33
12,42,12042,1.22,0.01,0,0,0.1,0,71.48,0,0.1,0,0,0,0,0,,0,0,5.15,21.1,,,0,0,0,0,0,0,0.21
12,43,12043,1.39,,0,0,0.1,0,81.43,0,0.01,0,0,0,0,0,,0,0,4.85,31.6,,,0,0,0,0,0,0,0.28
12,44,12044,0.86,,0,0,0.08,0,50.12,0,0.12,0,0,0,0,0,,0,0,75.43,21.27,,,0,0,0,0,0,0,0.18
12,45,12045,1.79,,0,0,0.14,0,105.01,0,0.48,0,0,0,0,0,,0,0,,29.04,,,0,0,0,0,0,0,0.29
12,46,12046,4.42,,0.02,0,0.38,0,258.75,0,2.4,0.01,0,0,0,0,,0,0,,189.21,,,0,0,0,0,0,0.03,0.63
12,47,12047,0.56,,0,0,0.05,0,32.7,0,0.02,0,0,0,0,0,,0,0,,18.94,,,0,0,0,0,0,0,0.18
12,48,12048,3.56,,0.02,0,0.34,0,208.21,0,1.25,0,0,0,0,0,,0,0,10.12,99.89,,,0,0,0.34,0,0,0.1,0.59
12,49,12049,0.88,,0,0,0.09,0,51.65,0,0.67,0,0,0,0,0,,0,0,,18.94,,,0,0,0,0,0,0.06,0.19
12,50,12050,2.92,,0.04,0,0.03,0,170.68,0,3.49,0.01,0,0,0,0,,30.21,0,0.32,14.36,,,0,0,0,0,0,0,0.1
12,51,12051,2.67,,0,0,0.23,0,156.17,0,0.21,0,0,0,0,0,,0,0,10.97,54.77,,,0,0,0,0,0,0,0.53
12,52,12052,3.35,0,0.01,0,0.25,0,196.03,0,0.5,0,0,0,0,0,,0,0,18.13,161.53,,,0,0,0,0,0,0,1.02
12,53,12053,3.59,,0.01,0,0.33,0,210.43,0,0.98,0,0,0,0,0,,0,0,,206.71,,,0,0,0,0,0,0,1.19
12,54,12054,2.16,,0,0,0.17,0,126.53,0,0.19,0,0,0,0,0,,0,0,38.56,72.54,,,0,0,0,0,0,0.01,0.65
12,55,12055,7.9,0,0.08,0,0.77,0,462.68,0,22.69,0.09,0,0,0.0002,0,,0,0,,41.9,,,0,0,0,0,0,3.61,0.4
12,56,12056,3.41,,0,0,0.28,0,199.47,0,0.29,0,0,0,0,0,,0,0,36.9,131.12,,,0,0,0,0,0,0,0.46
12,57,12057,4.63,0,0.03,0,0.48,0,270.75,0,4.12,0.02,0,0,0,0,,0,0,139.3,200.29,,,0,0,0,0,0,0,0.61
12,58,12058,4.13,0,0.02,0,0,0,241.79,0,1.15,0,0,0,0,0,,0,0,,62.66,,,0,0,0,0,0,0.03,0.56
12,59,12059,2.32,0,0,0,0.23,0,135.68,0,2.01,0.01,0,0,0,0,,0,0,,40.23,,,0,0,0,0,0,0.06,0.38
12,60,12060,1.02,,0,0,0.01,0,59.45,0,0.43,0,0,0,0,0,,0,0,27.85,14.76,,,0,0,0,0,0,0,0.14
12,61,12061,2.98,,0.02,0,0.03,0,174.58,0,0.96,0,0,0,0,0,,0,0,7.93,17.63,,,0,0,0,0,0,0.38,0.16
12,62,12062,1.44,,0,0,0.11,0,84.5,0,1.16,0,0,0,0,0,,0,0,1.72,74.68,,,0,0,0,0,0,0,0.4
12,63,12063,0.7,,0,0,0.06,0,40.87,0,0.04,0,0,0,0,0,,0,0,,9.51,,,0,0,0,0,0,0,0.09
12,64,12064,0.9,,0,0,0.09,0,52.82,0,0.48,0,0,0,0,0,,0,0,,27.44,,,0,0,0,0,0,0,0.24
12,65,12065,0.52,,0,0,0,0,30.58,0,0.05,0,0,0,0,0,,0,0,,11.04,,,0,0,0,0,0,0,0.11
12,66,12066,5.26,0,0.03,0,0.41,0,307.8,0,1.15,0,0,0,0,0,,0,0,34.74,39.38,,,0,0,0,0,0,0.08,0.33
12,67,12067,1.68,,0.01,0,0.16,0,98.24,0,0.71,0,0,0,0,0,,0,0,,33.19,,,0,0,0,0,0,0,0.3
12,68,12068,2.02,0.01,0,0,0.19,0,118.09,0,0.19,0,0,0,0,0,,0,0,1.58,53.23,,,0,0,0,0,0,0,0.34
12,69,12069,1.01,,0,0,0.01,0,59.04,0,0.02,0,0,0,0,0,,0,0,,7.54,,,0,0,0,0,0,0,0.08
12,70,12070,0.56,,0,0,0.01,0,32.79,0,0.07,0,0,0,0,0,,0,0,,5.42,,,0,0,0,0,0,0,0.05
12,71,12071,2.01,,0,0,0.17,0,117.85,0,1.24,0,0,0,0,0,,0,0,,58.49,,,0,0,0,0,0,0,0.38
12,72,12072,0.77,,0,0,0.06,0,44.94,0,0.02,0,0,0,0,0,,0,0,,9.13,,,0,0,0,0,0,0,0.09
12,73,12073,1.6,,0,0,0.15,0,93.86,0,0.26,0,0,0,0,0,,0,0,,92.29,,,0,0,0,0,0,0.01,0.75
12,74,12074,1.58,,0,0,0.13,0,92.29,0,0.52,0,0,0,0,0,,0,0,,29.68,,,0,0,0,0,0,0,0.29
12,75,12075,3.22,0.01,0.01,0,0.26,0,188.75,0,5.27,0.02,0,0,0,0,,0,0,22.85,38.86,,,0,0,0,0,0,2.11,0.38
12,76,12076,2.28,,0,0,0.18,0,133.51,0,0.01,0,0,0,0,5.97,,0,0,,23.43,,,0,0,0,0,0,0,0.23
12,77,12077,0.94,,0,0,0.09,0,55.23,0,0.3,0,0,0,0,0,,0,0,,34.21,,,0,0,0,0,0,0,0
12,78,12078,1.25,,0,0,0.09,0,72.88,0,0,0,0,0,0,0,,0,0,,0,,,0,0,0,0,0,0,0
12,79,12079,1.15,,0,0,0.01,0,67.51,0,0.04,0,0,0,0,0,,0,0,,0,,,0,0,0,0,0,0,0
12,80,12080,0.5,,0,0,0.05,0,29.21,0,0,0,0,0,0,0,,0,0,,0,,,0,0,0,0,0,0,0
12,81,12081,0.8,,0,0,0.06,0,46.99,0,0,0,0,0,0,0,,0,0,,0,,,0,0,0,0,0,0,0
13,1,13001,1.43,0.01,0.01,0,0.32,0.01,83.84,0,0.46,0.01,0.03,0.01,0,3.05,,0,0,3.73,70.93,,0.08,0,0,0,0,0,0.02,5.82
13,2,13002,2.79,,0.03,0,0.5,0,163.31,0,0.8,0.02,0.06,0.01,0,1.29,,0,0,6.11,50.55,,,0,0,0,0,0,0,1.36
13,3,13003,3.88,,0.2,0,0.85,0,227.08,0,7.11,0.16,0.5,0.12,0.0001,2.3,,0,0,,28.58,,0.08,0,0,0,0,0,0,6.11
13,4,13004,0.68,,0.01,0,0.15,0,39.52,0,0.18,0,0.01,0,0,1.56,,0,0,0.32,15.83,,,0,0,0,0,0,0.21,2.32
13,5,13005,1.29,,0.04,0,0.29,0,75.41,0,4.29,0.09,0.3,0.07,0,1.29,,0,0,,59.57,,0.08,0,0,0,1.53,0.14,0.01,13.53
13,6,13006,1.35,0,0.01,0,0.31,0,78.91,0,0.32,0.01,0.02,0.01,0,2.1,,0,0,,69.21,,0.08,0,0,0,0,0,0.01,13.98
13,7,13007,0.85,,0.01,0,0.19,0,49.79,0,0.48,0.01,0.03,0.01,0,0.82,,0,0,6.44,131.95,,,0,0,0,0.56,0.05,0,22.56
13,8,13008,3.14,,0.11,0,0.72,0,183.69,0,3.21,0.07,0.23,0.06,0,1.77,,0,0,,266.37,,0.08,0,0,0,1.44,0.14,0.02,45.51
13,9,13009,1.2,,0.01,0,0.03,0,70.38,0,0.23,0,0.02,0,0,1.32,,0,0,0.2,12.45,,,0,0,0,0,0,0.01,2.83
13,10,13010,1.98,0,0.05,0,0.43,0,47.69,0,28.44,0.62,2,0.49,0.0003,1.26,,0,0,,14.18,,0.08,0,0,0,0.43,0.04,0,3.28
13,11,13011,1.5,0,0.01,0,0.29,0,87.85,0,0.18,0,0.01,0,0,1.06,,0,0,,29.76,,0.08,0,0,0,0,0,0,0.11
13,12,13012,1.9,0,0.05,0,0.43,0,111.5,0,0.67,0.01,0.05,0.01,0,3.04,,0,0,0.27,48.19,,0.08,0,0,0,0,0,0,10.53
13,13,13013,2.12,0.01,0.08,0,0.46,0,81.46,0,3.26,0.07,0.23,0.06,0,1.42,,0,0,,16.69,,0.08,0,0,0,0.55,0.05,0.82,3.73
13,14,13014,1.26,,0.02,0,0.29,0,74.02,0,0.16,0,0.01,0,0,0.71,,0,0,0.69,49.01,,0.08,0,0,0,0,0,0,0
13,15,13015,1.27,0,0,0,0.28,0,74.31,0,0.13,0,0.01,0,0,1.03,,0,0,0.96,28.99,,,0,0,0,0,0,0.02,2.51
13,16,13016,3.64,0,0.07,0,0.78,0,216.68,0,3.39,0.07,0.24,0.06,0,1.23,,0,0,1.51,152.11,,0.08,0,0,0,1.49,0.14,0,18.93
13,17,13017,0.91,0,0.01,0,0,0,53.31,0,0.56,0.01,0.04,0.01,0,2.82,,0,0,,34.22,,,0,0,0,0.81,0.08,0.01,4.66
13,18,13018,1.65,,0.02,0,0.35,0,96.31,0,0.19,0,0.01,0,0,3.59,,0,0,,28.75,,0.08,0,0,0,0,0,0,0
13,19,13019,1.22,,0.01,0,0.27,0,71.54,0,0.05,0,0,0,0,1.46,,0,0,,32.91,,0.08,0,0,0,0,0,0,8.41
13,20,13020,0.19,0,0,0,0.05,0,11.31,0,0.01,0,0,0,0,0.69,,0,0,,10.38,,,0,0,0,0,0,0,0.98
13,21,13021,0.98,,0.03,0,0.22,0,57.61,0,1.35,0.03,0.09,0.02,0,0.66,,0,0,,31.05,,,0,0,0,1.23,0.12,0,5.21
13,22,13022,0.92,0,0.01,0,0.21,0,81.42,0,0.42,0.01,0.03,0.01,0,0.78,,0,0,3.72,90.66,,,0,0,0,0,0,0.04,17.05
13,23,13023,2.36,,0.05,0,0.51,0,137.91,0,0.54,0.01,0.04,0.01,0,0.64,,0,0,,48.93,,,0,0,0,0,0,0.02,11.65
13,24,13024,1.22,0.01,0.01,0,0.26,0,71.15,0,0.05,0,0,0,0,1.63,,0,0,0.23,45.22,,,0,0,0,0,0,0,10.02
13,25,13025,1.8,0.01,0.01,0,0.37,0,105.41,0,0.46,0.01,0.03,0.01,0,2.37,,0,0,,53.27,,0.08,0,0,0,0,0,0,0.83
13,26,13026,0.95,,0,0,0.17,0,55.52,0,0,0,0,0,0,1.42,,0,0,,20.59,,0.08,0,0,0,0,0,0,0
13,27,13027,1.83,,0.01,0,0.37,0,107.31,0,0.16,0,0.01,0,0,2.57,,0,0,,54.03,,0.08,0,0,0,0,0,0,0
13,28,13028,9.26,0,0.27,0.01,1.71,0,541.93,0,2.93,0.06,0.21,0.05,0,5.78,,0,0,,105.93,,0.08,0,0,0,0,0,0.45,1.93
13,29,13029,3.18,0,0.08,0,0.7,0,185.97,0,5,0.11,0.35,0.09,0,4.52,,0,0,,95.65,,,0,0,0,2.23,0.21,2.55,17.49
13,30,13030,5.91,0,0.23,0,1.31,0,345.9,0,1.99,0.04,0.14,0.03,0,3.55,,0,0,,108.82,,0.08,0,0,0,0,0,0,19.84
13,31,13031,0.96,0,0.02,0,0.24,0,56.43,0,0.16,0,0.01,0,0,2.03,,0,0,,17.12,,,0,0,0,0,0,0.01,2.02
13,32,13032,0.82,0,0.01,0,0.16,0,48.04,0,1,0.02,0.07,0.02,0,0.94,,0,0,,10.36,,0.08,0,0,0,0,0,0,0
13,33,13033,0.23,,0,0,0.06,0,13.2,0,0.01,0,0,0,0,0.53,,0,0,1.1,6.02,,,0,0,0,0,0,0,0
13,34,13034,0.76,,0,0,0.16,0,44.66,0,0.01,0,0,0,0,0.71,,0,0,4.95,20.88,,0.08,0,0,0,0,0,2.44,0
13,35,13035,0.74,0,0.01,0,0.16,0,43.42,0,0.37,0.01,0.03,0.01,0,1.27,,0,0,0.21,53.49,,,0,0,0,0.8,0.08,0.17,10.78
13,36,13036,0.68,0,0.01,0,0.17,0,40.05,0,0.08,0,0.01,0,0,0.49,,0,0,0.06,26.73,,,0,0,0,0,0,0,1.32
13,37,13037,1.61,0,0.01,0,0.4,0,94.18,0,0.13,0,0.01,0,0,0.63,,0,0,,53.88,,,0,0,0,0,0,0,10.49
13,38,13038,0.54,,0,0,0.12,0,31.42,0,0.01,0,0,0,0,0.62,,0,0,0.04,19.94,,,0,0,0,0,0,0,1.22
13,39,13039,0.95,,0.03,0,0.21,0,21.05,0,0.28,0.01,0.02,0,0,1.01,,0,0,1.58,4.38,,,0,0,0,0,0,0.29,0.47
13,40,13040,0.81,,0,0,0.19,0,47.25,0,0.03,0,0,0,0,2.31,,0,0,,11.27,,,0,0,0,0,0,0,0
13,41,13041,3.02,0,0.11,0,0.67,0,176.67,0,1.78,0.04,0.13,0.03,0,1.09,,0,0,,69.02,,0.08,0,0,0,0,0,0.45,17.26
13,42,13042,0.83,,0.01,0,0.19,0,48.61,0,0.12,0,0.01,0,0,0.71,,0,0,,18.68,,0.08,0,0,0,0,0,0,0
13,43,13043,0.5,,0,0,0.11,0,29.03,0,0.04,0,0,0,0,1.13,,0,0,,4.67,,,0,0,0,0,0,0.03,0.11
13,44,13044,1.21,0,0.01,0,0.29,0,70.67,0,0.24,0.01,0.02,0,0,3.39,,0,0,,50.11,,,0,0,0,3.39,0.32,0,9.4
13,45,13045,0.6,,0.01,0,0.13,0,35.24,0,0.02,0,0,0,0,1.08,,0,0,0.7,10.23,,,0,0,0,0,0,0,0.91
13,46,13046,3.08,,0.04,0,0.6,0,180.06,0,1.09,0.02,0.08,0.02,0,6.61,,0,0,,65.52,,0.08,0,0,0,0,0,0,0.4
13,47,13047,0.36,,0,0,0.09,0,21.16,0,0,0,0,0,0,0.71,,0,0,,4.33,,,0,0,0,0,0,0,0.21
13,48,13048,22.03,,1.44,0.03,5.29,0,47.92,0,18.06,0.39,1.27,0.31,0.0002,0.61,,0,0.08,2.75,39.89,0.03,0.08,0,0,0,0.94,0.09,9.6,7.04
13,49,13049,1.38,,0.01,0,0.27,0,80.57,0,0.14,0,0.01,0,0,3.05,,0,0,0.12,27.32,,,0,0,0,0,0,0,0.21
13,50,13050,1.57,,0.09,0,0.34,0,92.07,0,1.32,0.03,0.09,0.02,0,0.43,,0,0,,29.81,,0.08,0,0,0,0,0,1.28,6.84
13,51,13051,5.49,,0.13,0,1.36,0,85.6,0,12.2,0.27,0.86,0.21,0.0001,2.28,,0,0.02,2.3,38.2,,,0,0,0,0.83,0.08,1.61,6.45
13,52,13052,2.17,0,0.04,0,0.46,0,161.14,0,1.01,0.02,0.07,0.02,0,1.6,,0,0,24.1,73.06,,0.08,0,0,0,1.6,0.15,0.02,10.89
13,53,13053,1.43,,0.01,0,0.03,0,83.48,0,0.11,0,0.01,0,0,2.2,,0,0,2.05,35.4,,0.08,0,0,0,0,0,0,0
13,54,13054,2.29,,0.01,0,0.49,0,134.03,0,0.17,0,0.01,0,0,0.87,,0,0,,42.41,,0.08,0,0,0,0,0,0.01,10.33
13,55,13055,1.12,0.02,0.01,0,0.25,0,65.83,0,0.35,0.01,0.02,0.01,0,1.55,,0,0,,17.13,,,0,0,0,0,0,0,4.02
13,56,13056,2.34,0,0.03,0,0.53,0,75.99,0,2.69,0.06,0.19,0.05,0,1.42,,0,0,10.43,27.1,,0.08,0,0,0,0.86,0.08,0,1.63
13,57,13057,1.05,0,0.02,0,0.24,0,61.51,0,0.77,0.02,0.05,0.01,0,0.98,,0,0,11.7,142.93,,0.08,0,0,0,1.82,0.17,0.02,22.98
13,58,13058,1.23,,0.02,0,0.29,0,72.21,0,0.07,0,0.01,0,0,1.7,,0,0,,51.85,,,0,0,0,0,0,0,7.69
13,59,13059,2.53,0.01,0.03,0,0.56,0,147.94,0,0.41,0.01,0.03,0.01,0,3.67,,0,0,,76.51,,,0,0,0,1.31,0.12,0.02,18.87
13,60,13060,1.26,,0.01,0,0.26,0,73.92,0,0.09,0,0.01,0,0,1.49,,0,0,,21.26,,0.08,0,0,0,0,0,0,1.09
13,61,13061,3.99,,0.18,0,0.1,0,233.32,0,7.93,0.17,0.56,0.14,0.0001,1.36,,0,0,0.23,93.04,,0.08,0,0,0,1.51,0.14,0.03,15.87
13,62,13062,2.18,,0,0,0.41,0,127.49,0,0,0,0,0,0,1.39,,0,0,,39.63,,0.08,0,0,0,0,0,0.01,0
13,63,13063,5.58,0.02,0.18,0,1.24,0,326.48,0,44.27,0.97,3.11,0.77,0.0004,3.96,,0,0,,58.71,,0.08,0,0,0,0.88,0.08,0.03,12.97
13,64,13064,0.71,0,0.01,0,0.17,0,41.62,0,0.1,0,0.01,0,0,0.83,,0,0,,19.24,,,0,0,0,1.49,0.14,0,4.62
13,65,13065,0.78,,0.02,0,0.17,0,45.39,0,0.22,0,0.02,0,0,0.86,,0,0,,12.16,,0.08,0,0,0,0,0,0,2.81
13,66,13066,0.86,,0.03,0,0.18,0,50.19,0,1.7,0.04,0.12,0.03,0,1.84,,0,0,,36,,,0,0,0,0.94,0.09,0.11,6.73
13,67,13067,3.35,,0.09,0,0.72,0,196.15,0,0.94,0.02,0.07,0.02,0,1.46,,0,0,3.11,65.84,,0.08,0,0,0,0,0,0.01,15.26
13,68,13068,1.08,,0,0,0.25,0,63.08,0,0.03,0,0,0,0,0.66,,0,0,0.63,33.5,,0.08,0,0,0,0,0,0,0
13,69,13069,4.52,,0.23,0.01,1,0,89.3,0,29.52,0.65,2.08,0.51,0.0003,2.37,,0,0,,52.38,,0.08,0,0,0,1.53,0.14,0.02,0
13,70,13070,1.23,,0.05,0,0.26,0,32.94,0,0.7,0.02,0.05,0.01,0,0.93,,0,0,,17.13,,,0,0,0,0,0,0.02,4.05
13,71,13071,0.74,,0,0,0.02,0,43.36,0,0.01,0,0,0,0,0.83,,0,0,,18.91,,,0,0,0,0,0,0,0.46
13,72,13072,0.69,,0.02,0,0.16,0,40.54,0,0.48,0.01,0.03,0.01,0,0.6,,0,0,,42.65,,,0,0,0,0.9,0.09,0.04,7.39
13,73,13073,2.69,,0.02,0,0.52,0,157.7,0,0.2,0,0.01,0,0,1.12,,0,0,,59.97,,0.08,0,0,0,0,0,0,0
13,74,13074,1.98,,0.08,0,0.41,0,9.35,0,2.11,0.05,0.15,0.04,0,0.61,,0,0,,30.19,,0.08,0,0,0,0.82,0.08,0,7.38
13,75,13075,0.94,,0.03,0,0,0,54.98,0,1.59,0.03,0.11,0.03,0,0.72,,0,0,25.28,54.06,,0.08,0,0,0,0,0,0,9.4
13,76,13076,7.46,0,0.4,0.01,1.76,0,223.12,0,8.52,0.19,0.6,0.15,0.0001,3.12,,0,0,,74.59,,0.08,0,0,0,3.53,0.33,1.24,17.26
13,77,13077,10.39,0,0.64,0.01,2.31,0,120.81,0,14.2,0.31,1,0.25,0.0001,2.95,,0,0,10.16,106.44,,0.08,0,0,0,1.52,0.14,0.66,7.87
13,78,13078,1.45,0,0,0,0.26,0,84.98,0,0.05,0,0,0,0,0.5,,0,0,,38.91,,0.08,0,0,0,0,0,0,0.28
13,79,13079,0.56,,0,0,0.13,0,32.55,0,0.01,0,0,0,0,0.55,,0,0,,18.88,,0.08,0,0,0,0,0,0.6,0
13,80,13080,1.78,0,0.01,0,0.34,0,104.08,0,0.05,0,0,0,0,0.74,,0,0,,38.3,,0.08,0,0,0,0,0,0,0.14
13,81,13081,2.08,,0.05,0,0.5,0,121.63,0,4.15,0.09,0.29,0.07,0,0.57,,0,0,2.75,9.41,,0.08,0,0,0,0,0,0,0
13,82,13082,1.32,0,0.03,0,0.29,0,0.5,0,2.93,0.06,0.21,0.05,0,1.11,,0,0,0.79,74.01,,0.08,0,0,0,0,0,0,12.83
13,83,13083,2.19,0,0.02,0,0.5,0,170.26,0,0.74,0.02,0.05,0.01,0,1.62,,0,0,1.15,175.08,,0.08,0,0,0,2.4,0.23,0.33,31.93
13,84,13084,2.76,0,0.08,0,0.62,0,161.36,0,1.16,0.03,0.08,0.02,0,1.02,,0,0,0.96,14.7,,,0,0,0,0,0,1.64,2.95
14,1,14001,1.48,0.01,0.01,0,0.04,0.01,86.83,0,2.6,0,0.3,0.01,0,1.3,,0,0,,72.02,,4.92,0,0,0,0,0,0,16.25
14,2,14002,1.8,,0.02,0,0.46,0.01,105.5,0,2.13,0,0.24,0.01,0,1.61,,0,0,,23.6,,4.92,0,0,0,1.55,0.15,0.05,4.73
14,3,14003,1.72,,0.02,0,0.5,0.01,100.47,0,1.15,0,0.13,0,0,1.82,,0,0,3.95,75.53,,4.92,0,0,0,0.97,0.09,0,15.72
14,4,14004,0.4,,0,0,0.12,0,23.71,0,0.11,0,0.01,0,0,0.31,,0,0,,32.52,,4.92,0,0,0,1.23,0.12,0,4.24
14,5,14005,1.07,,0.01,0,0.29,0,62.88,0,2.34,0,0.27,0.01,0,0.96,,0,0,8.03,33.2,,4.92,0,0,0,0.67,0.06,0,9.68
14,6,14006,4.33,,0.04,0,1.29,0.02,253.5,0,3.28,0,0.38,0.01,0,4.43,,0,0,1.72,132.33,,4.92,0,0,0,0,0,0,28.04
14,7,14007,0.67,,0,0,0.2,0,39.22,0,0.25,0,0.03,0,0,0.54,,0,0,1.73,38.07,,4.92,0,0,0,0.8,0.08,0,8.29
14,8,14008,6.41,,0.06,0,1.69,0.03,375.34,0,12.34,0,1.41,0.05,0.0001,10.05,,0,0,,135.96,,4.92,0,0,0,0,0,0,36.14
14,9,14009,1.2,,0.01,0,0.03,0.01,70.51,0,1.27,0,0.14,0.01,0,0.95,,0,0,12.46,36.88,,4.92,0,0,0,1.93,0.18,0.04,7.86
14,10,14010,0.5,,0,0,0.12,0,29.19,0,0.25,0,0.03,0,0,0.58,,0,0,4.55,23.32,,4.92,0,0,0,0,0,0,4.17
14,11,14011,0.39,,0,0,0.11,0,23.02,0,0.1,0,0.01,0,0,0.25,,0,0,14.8,89.36,,,0,0,0,0,0,0,15.98
14,12,14012,0.33,0,0,0,0.1,0,19.22,0,0.03,0,0,0,0,0.35,,0,0,27.31,39.22,,,0,0,0,0,0,0,7.45
14,13,14013,4.17,0,0.04,0,1.12,0.02,244.34,0,4.75,0,0.54,0.02,0,3.58,,0,0,,163.17,,4.92,0,0,0,0,0,0,38.66
14,14,14014,0.63,,0,0,0.19,0,36.83,0,0.61,0,0.07,0,0,0.82,,0,0,106.65,42.59,,4.92,0,0,0,0,0,0,8.18
14,15,14015,4.26,0,0.06,0,0.12,0.02,249.32,0,4.6,0,0.53,0.02,0,3.54,,0,0,10.9,98.28,,4.92,0,0,0,0,0,0.06,18.83
14,16,14016,2.81,0,0.02,0,0.73,0.01,164.52,0,4.8,0,0.55,0.02,0,1.25,,0,0,,141.32,,4.92,0,0,0,0,0,0,27.93
14,17,14017,0.98,0,0.01,0,0.03,0,57.2,0,0.51,0,0.06,0,0,0.72,,0,0,2.69,89.29,,,0,0,0,0,0,0,16.7
14,18,14018,4.8,0,0.05,0,1.28,0.02,280.78,0,3.75,0,0.43,0.01,0,4.08,,0,0,,292.15,,4.92,0,0,0,1.39,0.13,0.06,57.82
14,19,14019,0.4,,0,0,0.09,0,23.49,0,0.03,0,0,0,0,0.06,,0,0,54.25,8.19,,,0,0,0,0,0,0,1.92
14,20,14020,0.72,,0,0,0.21,0,42.28,0,1.45,0,0.17,0.01,0,0.98,,0,0,9.62,371.8,,,0,0,0,0,0,0,52.26
14,21,14021,1.51,,0.01,0,0.45,0.01,88.52,0,2.83,0,0.32,0.01,0,2.13,,0,0,31.91,250.4,,4.92,0,0,0,0,0,0.02,36.95
14,22,14022,2.42,,0.04,0,0.71,0.01,141.54,0,0.62,0,0.07,0,0,2.78,,0,0,,101.53,,,0,0,0,0,0,0.08,19.68
14,23,14023,7.68,0,0.13,0.01,2.12,0.04,449.55,0,7.95,0,0.91,0.03,0.0001,8.16,,0,0,37.33,104.2,,4.92,0,0,0,0,0,0.69,19.59
14,24,14024,2.01,,0.02,0,0.58,0.01,117.57,0,1.55,0,0.18,0.01,0,1.91,,0,0,1.41,75.47,,4.92,0,0,0,0,0,0.01,15.4
14,25,14025,1.31,,0.01,0,0.38,0.01,76.78,0,0.7,0,0.08,0,0,1.44,,0,0,2.01,26.56,,,0,0,0,0,0,0,5.14
14,26,14026,0.42,,0,0,0.12,0,24.44,0,0.35,0,0.04,0,0,0.62,,0,0,133.19,34.15,,,0,0,0,0,0,0,6.59
14,27,14027,1.31,,0,0,0.35,0.01,76.8,0,0.07,0,0.01,0,0,0.62,,0,0,19.64,346.75,,4.92,0,0,0,0,0,0,51.21
14,28,14028,0.16,0,0,0,0.05,0,9.47,0,0.08,0,0.01,0,0,0.13,,0,0,5.23,14.75,,,0,0,0,0,0,0,2.88
14,29,14029,1.3,0,0.01,0,0.35,0.01,75.99,0,0.09,0,0.01,0,0,,,0,0,,145.62,,,0,0,0,0,0,0,30.3
14,30,14030,3.47,,0.05,0,1,0.02,202.87,0,2.12,0,0.24,0.01,0,1.86,,0,0,,26.86,,4.92,0,0,0,0,0,0,4.95
14,31,14031,0.27,,0,0,0.07,0,15.83,0,0.06,0,0.01,0,0,0.03,,0,0,6.68,9.52,,,0,0,0,0,0,0,2.2
14,32,14032,0.41,,0,0,0.1,0,23.86,0,0.25,0,0.03,0,0,0.16,,0,0,8.34,34.66,,4.92,0,0,0,0,0,0,6.15
14,33,14033,1.53,0,0.01,0,0.42,0.01,89.74,0,2.06,0,0.24,0.01,0,1.16,,0,0,,71.68,,4.92,0,0,0,0,0,1.67,12.68
14,34,14034,0.15,,0,0,0.05,0,8.84,0,0.04,0,0,0,0,0.05,,0,0,17.93,20.42,,,0,0,0,0,0,0,3.7
14,35,14035,3.79,,0.03,0,1,0.02,221.84,0,3.04,0,0.35,0.01,0,3.34,,0,0,,180.27,,,0,0,0,3.49,0.33,0.4,40.34
14,36,14036,1.4,,0.01,0,0.39,0.01,82.21,0,1.29,0,0.15,0.01,0,1.45,,0,0,,47.74,,4.92,0,0,0,0.33,0.03,0,10.07
14,37,14037,1.74,,0.03,0,0.51,0.01,102.15,0,1.27,0,0.15,0.01,0,2.22,,0,0,1.59,45.42,,4.92,0,0,0,0,0,0.17,8.09
14,38,14038,0.33,0.01,0,0,0.1,0,19.37,0,0.05,0,0.01,0,0,0.1,,0,0,62.83,36.2,,,0,0,0,0,0,0,7.19
14,39,14039,128,,3,0.2,35.35,0.58,0.42,0.02,368.01,0.09,42.07,1.46,0.0033,153.79,,1815.99,0.45,,0,0.14,,14.29,2.64,0,0.74,0.07,26.72,0
14,40,14040,0.66,,0,0,0.17,0,38.51,0,0.05,0,0.01,0,0,0.08,,0,0,,17.42,,,0,0,0,2.25,0.21,0.01,4.25
14,41,14041,0.42,,0,0,0.13,0,24.51,0,0.53,0,0.06,0,0,0.63,,0,0,,10.62,,,0,0,0,0,0,0,2.05
14,42,14042,0.63,,0.01,0,0.18,0,37.1,0,0.17,0,0.02,0,0,0.55,,0,0,3.44,21.49,,,0,0,0,0,0,0,3.93
14,43,14043,1.61,,0.01,0,0.47,0.01,94.36,0,0.45,0,0.05,0,0,1.23,,0,0,22.69,356.62,,4.92,0,0,0,0,0,0.42,51.84
14,44,14044,1.87,,0.01,0,0.51,0.01,93.8,0,8.56,0,0.98,0.03,0.0001,2.68,,0,0,1.11,61.24,,4.92,0,0,0,1.06,0.1,0.15,11.48
14,45,14045,1.45,,0.01,0,0.4,0.01,84.98,0,0.75,0,0.09,0,0,1.21,,0,0,,126.43,,,0,0,0,0,0,0.12,25.32
14,46,14046,2.28,,0.02,0,0.6,0.01,133.21,0,3.28,0,0.38,0.01,0,5.19,,0,0,,40.03,,,0,0,0,0,0,0.01,8.7
14,47,14047,1.7,0.01,0.01,0,0.45,0.01,99.33,0,1.53,0,0.17,0.01,0,1.35,,0,0,,107.34,,4.92,0,0,0,0,0,0.03,20.17
14,48,14048,1.43,0,0.01,0,0.38,0.01,83.7,0,1.91,0,0.22,0.01,0,1.16,,0,0,,121.33,,4.92,0,0,0,0,0,0.12,27.29
14,49,14049,0.69,0.01,0,0,0.19,0,40.15,0,0.06,0,0.01,0,0,0.07,,0,0,98.66,180.86,,,0,0,0,0,0,0,29.38
14,50,14050,3.04,,0.02,0,0.74,0.01,177.72,0,1.39,0,0.16,0.01,0,2.51,,0,0,,76.77,,,0,0,0,0,0,0.02,15.28
14,51,14051,0.95,,0.01,0,0.26,0,33.69,0,0.35,0,0.04,0,0,1.25,,0,0,4.94,21.9,,4.92,0,0,0,0,0,0,4.46
14,52,14052,0.42,,0,0,0.13,0,24.72,0,0.24,0,0.03,0,0,0.42,,0,0,,41.17,,,0,0,0,0,0,0,8.03
14,53,14053,11.19,0.01,0.1,0.01,0.28,0.05,655.26,0,27.63,0.01,3.16,0.11,0.0002,11.98,,0,0,,357.18,,,0,0,0,0.87,0.08,0.42,73.42
14,54,14054,0.43,0.01,0,0,0.02,0,25.32,0,0.07,0,0.01,0,0,0.17,,0,0,,28.24,,4.92,0,0,0,0,0,0,5.25
14,55,14055,1.51,0.01,0.01,0,0.39,0.01,88.57,0,1.08,0,0.12,0,0,1.94,,0,0,7.11,30.08,,4.92,0,0,0,1.65,0.16,0.04,7.05
14,56,14056,0.21,,0,0,0.06,0,12.42,0,0,0,0,0,0,0.06,,0,0,,0,,,0,0,0,0,0,0,7.77
14,57,14057,0.29,,0,0,0.09,0,16.96,0,0.15,0,0.02,0,0,0.05,,0,0,4.99,16.07,,,0,0,0,0,0,0,3.03
14,58,14058,1.05,0,0.01,0,0.31,0,61.48,0,0.68,0,0.08,0,0,1.57,,0,0,7.48,62.29,,4.92,0,0,0,0,0,0,12.6
14,59,14059,0.93,0,0.01,0,0.02,0,54.63,0,0.34,0,0.04,0,0,0.54,,0,0,57.47,24.08,,4.92,0,0,0,0,0,0,4.71
14,60,14060,0.49,,0,0,0.15,0,28.48,0,0.13,0,0.02,0,0,0.07,,0,0,3.46,23.29,,,0,0,0,0,0,0,4.69
14,61,14061,1.25,,0,0,0.31,0.01,73.36,0,0.14,0,0.02,0,0,0.22,,0,0,73,21.51,,4.92,0,0,0,0,0,0,4.63
14,62,14062,0.26,0,0,0,0.08,0,15.35,0,0.1,0,0.01,0,0,0.07,,0,0,95.92,27.15,,,0,0,0,0,0,0,5.61
14,63,14063,7.14,,0.1,0.01,1.97,0.03,74.51,0,17.33,0,1.98,0.07,0.0002,6.46,,0,0,,91.6,,4.92,0,0,0,2.67,0.25,0.43,19.22
14,64,14064,2.25,0,0.01,0,0.54,0.01,131.43,0,0.71,0,0.08,0,0,2.73,,0,0,,121.41,,4.92,0,0,0,0,0,0,25.47
14,65,14065,0.93,,0.01,0,0.29,0,54.67,0,0.36,0,0.04,0,0,1.11,,0,0,0.54,89.47,,4.92,0,0,0,0,0,0,18.66
14,66,14066,3.5,0.01,0.03,0,0.85,0.02,154.11,0,10.96,0,1.25,0.04,0.0001,2.23,,0,0,60.59,89.94,,4.92,0,0,0,2.55,0.24,0.11,18.44
14,67,14067,17.62,0,0.44,0.03,0.52,0.08,66.45,0,6.39,0,0.73,0.03,0.0001,13.67,,0,0,0.24,357.68,,,4.48,2.3,19.71,0,0,1,52.25
14,68,14068,0.88,,0,0,0.26,0,51.37,0,0.12,0,0.01,0,0,0.2,,0,0,28.29,685.81,,4.92,0,0,0,0,0,0,96.63
14,69,14069,0.68,,0,0,0.02,0,39.74,0,0.04,0,0,0,0,0.38,,0,0,57.04,124.53,,4.92,0,0,0,0,0,0,19.43
14,70,14070,8.91,0,0.08,0,2.25,0.04,53.75,0,69.74,0.02,7.97,0.28,0.0006,2.33,,101.2,0.05,,12.23,,,0,0,0,0.85,0.08,0.07,2.68
14,71,14071,0.26,,0,0,0.07,0,15.01,0,0.02,0,0,0,0,0.06,,0,0,,21.57,,,0,0,0,0,0,0,5.41
14,72,14072,0.49,,0,0,0.13,0,28.93,0,0.38,0,0.04,0,0,0.36,,0,0,,27.65,,4.92,0,0,0,0,0,0,6.03
14,73,14073,4.57,,0.08,0,1.15,0.02,267.27,0,2.29,0,0.26,0.01,0,5.25,,0,0,,143.11,,,0,0,0,0,0,0.08,30.45
14,74,14074,1.04,,0.02,0,0.03,0,60.72,0,1.31,0,0.15,0.01,0,1.33,,0,0,,14.8,,4.92,0,0,0,0,0,0,3.37
14,75,14075,0.28,,0,0,0.08,0,16.54,0,0.14,0,0.02,0,0,0.34,,0,0,50.08,18.73,,4.92,0,0,0,0,0,0,4.25
14,76,14076,0.26,,0,0,0.07,0,15,0,0.02,0,0,0,0,0.05,,0,0,212.34,7.11,,,0,0,0,0,0,4.1,1.63
14,77,14077,1.93,,0.02,0,0.59,0.01,112.92,0,1.24,0,0.14,0,0,2.62,,0,0,,148.17,,4.92,0,0,0,0,0,0.01,31.83
14,78,14078,2.16,,0.02,0,0.57,0.01,126.24,0,7.49,0,0.86,0.03,0.0001,1.54,,0,0,,45.03,,,0,0,0,0,0,0.04,10.35
14,79,14079,1.02,,0.01,0,0.03,0,59.53,0,1.48,0,0.17,0.01,0,0.94,,0,0,45.41,37.17,,4.92,0,0,0,1.14,0.11,1.11,7.45
14,80,14080,0.45,,0,0,0.13,0,26.33,0,0.04,0,0,0,0,0.16,,0,0,,38.26,,,0,0,0,0,0,0.28,7.58
14,81,14081,0.29,,0,0,0.09,0,17.26,0,0.02,0,0,0,0,0,,0,0,0.55,8.53,,,0,0,0,0,0,0,1.91
14,82,14082,2.78,0,0.03,0,0.73,0.01,162.67,0,2.46,0,0.28,0.01,0,2.02,,0,0,82.34,51.31,,4.92,0,0,0,0.87,0.08,0,8.9
14,83,14083,4.5,,0.03,0,1.27,0.02,263.47,0,3.2,0,0.37,0.01,0,3.67,,0,0,698.98,107.44,,4.92,0,0,0,2.1,0.2,0.56,20.67
14,84,14084,1.09,,0.01,0,0.3,0,63.71,0,0.6,0,0.07,0,0,1.54,,0,0,55.63,53.23,,,0,0,0,0,0,0,12.03
14,85,14085,2.88,0,0.02,0,0.89,0.01,168.43,0,3.02,0,0.34,0.01,0,5.28,,0,0,157.52,111.9,,4.92,0,0,0,0,0,0,22.65
14,86,14086,1.28,0.01,0.01,0,0.03,0.01,75.15,0,0.93,0,0.11,0,0,1.48,,0,0,,44.55,,4.92,0,0,0,0,0,0,7.8
14,87,14087,1.28,,0.01,0,0.37,0.01,75.08,0,0.86,0,0.1,0,0,1.6,,0,0,65.33,70.58,,4.92,0,0,0,0,0,0,14.31
14,88,14088,1.2,,0.01,0,0.36,0.01,70.13,0,1.13,0,0.13,0,0,0.71,,0,0,36.66,75.22,,,0,0,0,0,0,6.09,13.9
14,89,14089,0.24,,0,0,0.07,0,14.25,0,0.04,0,0,0,0,0.14,,0,0,,14.5,,,0,0,0,1,0.09,0,2.29
14,90,14090,0.56,,0,0,0.17,0,32.98,0,0.28,0,0.03,0,0,0.66,,0,0,,67.65,,,0,0,0,0,0,0,13.04
14,91,14091,2.96,,0.02,0,0.82,0.01,173.06,0,1.28,0,0.15,0.01,0,1.84,,0,0,,121.53,,,0,0,0,0,0,0.03,27.1
14,92,14092,0.82,,0,0,0.25,0,47.86,0,0.27,0,0.03,0,0,0.85,,0,0,,97.5,,4.92,0,0,0,0,0,0,16.35
14,93,14093,10.12,,0.14,0.01,2.7,0.05,592.66,0,13.44,0,1.54,0.05,0.0001,8.3,,0,0,6.25,227.83,,,0,0,0,0,0,0.6,48.95
14,94,14094,3.08,,0.03,0,0.08,0.01,180.36,0,3.33,0,0.38,0.01,0,1.97,,0,0,18.87,45.58,,4.92,0,0,0,2.17,0.2,0.01,13.18
14,95,14095,0.62,,0,0,0.02,0,36.24,0,0.09,0,0.01,0,0,0.42,,0,0,0.42,29.26,,4.92,0,0,0,0.87,0.08,0,6.42
14,96,14096,1.53,,0.02,0,0.04,0.01,89.28,0,0.56,0,0.06,0,0,1.29,,0,0,,26.26,,,0,0,0,0,0,0,6.04
14,97,14097,17.64,0.01,0.12,0.01,4.72,0.08,256.7,0,83.46,0.02,9.54,0.33,0.0007,5.37,,136.31,0,14.58,110.06,,4.92,0,0,0,2.46,0.23,0.01,24.3
14,98,14098,45.01,0,0.41,0.03,11.43,0.21,30.15,0.01,62.77,0.02,7.18,0.25,0.0006,27.52,,142.34,0.2,,33.82,,,0,0,0,1.14,0.11,2.86,7.06
14,99,14099,0.7,,0,0,0.19,0,40.98,0,0.17,0,0.02,0,0,0.13,,0,0,0.47,49.89,,,0,0,0,0,0,0,9.63
14,100,14100,2.54,,0.02,0,0.72,0.01,148.83,0,0.46,0,0.05,0,0,3.39,,0,0,94.12,256.73,,,0,0,0,0,0,0.07,41.22
14,101,14101,32.68,,0.22,0.01,7.92,0.15,160.01,0,28.47,0.01,3.25,0.11,0.0003,20.23,,144.67,0.16,,14.99,,4.92,0,0,0,0,0,0.17,2.95
14,102,14102,0.44,,0,0,0.13,0,26.01,0,0.77,0,0.09,0,0,0.23,,0,0,1.25,57.68,,,0,0,0,0,0,0,10.11
14,103,14103,0.57,0,0,0,0.17,0,33.6,0,0.23,0,0.03,0,0,0.33,,0,0,7.99,22.18,,4.92,0,0,0,0.8,0.08,0.23,4.56
14,104,14104,0.34,,0,0,0.11,0,19.74,0,0.12,0,0.01,0,0,0.15,,0,0,0.39,15.36,,,0,0,0,0,0,0,3.42
14,105,14105,1.58,,0.01,0,0.04,0.01,92.25,0,0.95,0,0.11,0,0,1.69,,0,0,,101.87,,4.92,0,0,0,0,0,0,20.42
14,106,14106,0.3,,0,0,0.09,0,17.65,0,0.05,0,0.01,0,0,0.1,,0,0,0,38.13,,,0,0,0,0,0,0,6.88
14,107,14107,0.46,,0,0,0.13,0,26.98,0,0.13,0,0.01,0,0,0.41,,0,0,,10.28,,,0,0,0,0,0,0,2.21
14,108,14108,2.6,,0.02,0,0.69,0.01,151.94,0,3,0,0.34,0.01,0,2.1,,0,0,0.78,165.5,,4.92,0,0,0,3.11,0.29,7.25,30.88
14,109,14109,1.24,0,0.01,0,0.32,0.01,72.47,0,1.56,0,0.18,0.01,0,0.42,,0,0,,59.27,,4.92,0,0,0,1.71,0.16,0,12.86
14,110,14110,1.05,,0.01,0,0.31,0,61.47,0,0.49,0,0.06,0,0,1.37,,0,0,0.8,79.61,,4.92,0,0,0,0,0,0,15.32
14,111,14111,0.48,,0,0,0.13,0,28.33,0,0.2,0,0.02,0,0,0.53,,0,0,3.65,23.76,,,0,0,0,0,0,0.02,5.22
14,112,14112,0.42,,0,0,0.13,0,24.42,0,0.36,0,0.04,0,0,0.51,,0,0,,17.77,,,0,0,0,0,0,0,3.29
14,113,14113,1.07,,0,0,0.3,0,62.61,0,0.68,0,0.08,0,0,0.58,,0,0,2.9,99.84,,4.92,0,0,0,0,0,0,19.91
14,114,14114,1.21,,0.01,0,0.36,0.01,71.12,0,0.74,0,0.08,0,0,0.99,,0,0,,28.83,,4.92,0,0,0,0,0,0.15,5.71
14,115,14115,0.41,,0,0,0.01,0,24.25,0,0.24,0,0.03,0,0,0.17,,0,0,5.08,13.89,,,0,0,0,0,0,0,3.14
14,116,14116,1.38,,0.03,0,0.37,0.01,80.93,0,1.69,0,0.19,0.01,0,1.7,,0,0,,37.98,,,0,0,0,0,0,0.04,8.56
14,117,14117,0.32,,0,0,0.01,0,18.62,0,0.01,0,0,0,0,0.22,,0,0,,20.43,,,0,0,0,0,0,0,4.83
14,118,14118,1.83,,0.02,0,0.57,0.01,107.28,0,1.1,0,0.13,0,0,1.67,,0,0,,67.33,,,0,0,0,0,0,0.09,13.95
14,119,14119,2.04,,0.02,0,0.55,0.01,119.49,0,1.65,0,0.19,0.01,0,2.31,,0,0,0.31,76,,4.92,0,0,0,2.16,0.2,6.22,13.82
14,120,14120,92.41,0.01,1.1,0.07,25.58,0.42,136.05,0.01,205.18,0.05,23.45,0.81,0.0018,60.83,,642.16,0.34,712.1,108.55,,4.92,0,0,0,1.93,0.18,14.52,24.2
14,121,14121,2.18,0,0.02,0,0.62,0.01,127.73,0,3.12,0,0.36,0.01,0,1.43,,0,0,3.1,88.53,,4.92,0,0,0,1.42,0.13,7.87,17.65
14,122,14122,0.51,,0,0,0.14,0,29.7,0,0.1,0,0.01,0,0,0.34,,0,0,0.16,30.18,,4.92,0,0,0,0,0,0,6.52
14,123,14123,1.3,,0,0,0.04,0.01,76.17,0,8.68,0,0.99,0.03,0.0001,0.43,,0,0,,107.19,,4.92,0,0,0,0,0,0,22.22
14,124,14124,4.46,,0.06,0,1.2,0.02,261.29,0,6,0,0.69,0.02,0.0001,3.53,,0,0,,92.37,,4.92,0,0,0,0,0,0,21.29
15,1,15001,4.55,,0.04,0,0.96,0.04,266.08,0,1.85,0,0.13,0.03,0,,,0,0,7.56,146.35,,0.26,0,0,0,0,0,0,0
15,2,15002,6.16,0,0.16,0,1.35,0.06,67.41,0,10.58,0.02,0.74,0.19,0.0001,,,0,0,0.31,37.69,,0.26,0,0,0,1.87,0.18,1.61,0
15,3,15003,3.24,,0.03,0,0.7,0.03,189.52,0,1.21,0,0.08,0.02,0,,,0,0,1.06,110.56,,0.26,0,0,0,0,0,0.11,0
15,4,15004,1.13,,0.02,0,0.25,0.01,66.44,0,0.21,0,0.01,0,0,,,0,0,7.04,26.39,,,0,0,0,0,0,0,0
15,5,15005,10.09,0.09,0.09,0,2.02,0.1,727.6,0,4.06,0.01,0.29,0.07,0,,,0,0,2.3,161.31,,,0,0,0,1.25,0.12,0.03,0
15,6,15006,0.71,,0.01,0,0.16,0.01,41.84,0,2,0,0.14,0.04,0,,,0,0,,3.01,,,0,0,0,0,0,0,0
15,7,15007,1.63,,0.01,0,0.34,0.02,95.21,0,0.08,0,0.01,0,0,,,0,0,6.38,51.43,,0.26,0,0,0,0,0,0,0
15,8,15008,2.16,,0.03,0,0.05,0.02,126.49,0,0.34,0,0.02,0.01,0,,,0,0,20.64,248.29,,0.26,0,0,0,0,0,0,0
15,9,15009,3.87,0,0.11,0,0.85,0.04,91.22,0,1.29,0,0.09,0.02,0,,,0,0,12.43,33.88,,0.26,0,0,0,0.44,0.04,0,0
15,10,15010,2.06,0,0.06,0,0.45,0.02,81.41,0,1.91,0,0.13,0.03,0,,,0,0,,25.23,,0.26,0,0,0,0.5,0.05,3.69,0
15,11,15011,3.42,0.01,0.06,0,0.68,0.03,85.58,0,2.57,0.01,0.18,0.05,0,,,0,0,,14.77,,,0,0,0,0,0,0,0
15,12,15012,0.71,,0.02,0,0.01,0.01,41.7,0,1.39,0,0.1,0.03,0,,,0,0,,3.29,,,0,0,0,0,0,0,0
15,13,15013,37.78,,0.98,0.02,8.94,0.36,5.67,0.01,53.2,0.11,3.74,0.97,0.0005,,,0,0,3.81,0.46,,,0,0,0,0,0,0.78,0
15,14,15014,6.22,0,0.25,0.01,0.13,0.06,364.28,0,18.05,0.04,1.27,0.33,0.0002,38.26,,0,0,3.32,81.28,,0.26,0,0,0,0.89,0.08,0.13,93.52
15,15,15015,1.93,,0.03,0,0.39,0.02,24.83,0,0.48,0,0.03,0.01,0,,,0,0,0.35,21.76,,,0,0,0,0.12,0.01,0,0
15,16,15016,1.75,0,0.02,0,0.4,0.02,73.25,0,0.78,0,0.05,0.01,0,,,0,0,0.81,113.67,,0.26,0,0,0,2.09,0.2,0,0
15,17,15017,0.51,,0,0,0.01,0,29.98,0,0.37,0,0.03,0.01,0,,,0,0,0.16,16.57,,0.26,0,0,0,0.69,0.06,0.03,0
15,18,15018,3.1,,0.06,0,0.58,0.03,97.25,0,1.85,0,0.13,0.03,0,,,0,0,0.95,40.48,,,0,0,0,0,0,0.65,0
15,19,15019,2.47,0,0.1,0,0.51,0.02,144.33,0,3.96,0.01,0.28,0.07,0,,,0,0,0.31,7.69,,,0,0,0,0,0,0.02,0
15,20,15020,22.86,,0.64,0.02,5.71,0.22,1.1,0,7.1,0.01,0.5,0.13,0.0001,,,0,0,4.19,0.39,,,0,0,0,0,0,0.03,0
15,21,15021,2.55,,0.04,0,0.54,0.02,149.12,0,0.39,0,0.03,0.01,0,22.22,,0,0,11.19,79.96,,0.26,0,0,0,0,0,0,26.93
15,22,15022,0.97,,0.02,0,0.19,0.01,25.49,0,0.15,0,0.01,0,0,,,0,0,0.08,12.28,,0.26,0,0,0,0,0,0,0
15,23,15023,3.15,0.01,0.06,0,0.06,0.03,30.19,0,0.88,0,0.06,0.02,0,,,0,0,,5.43,,,0,0,0,0.61,0.06,0.04,0
15,24,15024,8.82,,0.32,0.01,2.1,0.08,68.6,0,24.12,0.05,1.7,0.44,0.0002,,,0,0,,17.79,,,0,0,0,0.84,0.08,0.01,0
15,25,15025,20.58,0.01,0.63,0.02,4.26,0.2,106.43,0,19.56,0.04,1.38,0.36,0.0002,,,0,0,6.96,54.81,,0.26,0,0,0,1.81,0.17,0.12,0
15,26,15026,1.74,,0.01,0,0.38,0.02,101.78,0,1.21,0,0.09,0.02,0,,,0,0,3.86,29.14,,0.26,0,0,0,0,0,0.04,0
15,27,15027,0.53,,0.01,0,0.11,0,4.28,0,0.12,0,0.01,0,0,,,0,0,,4.45,,,0,0,0,0,0,0,0
15,28,15028,1.81,0.02,0.03,0,0.36,0.02,70.48,0,1.12,0,0.08,0.02,0,,,0,0,,6.13,,,0,0,0,0.67,0.06,0,0
15,29,15029,13.59,0,0.21,0,3.18,0.13,13.16,0,3.82,0.01,0.27,0.07,0,,,0,0,0.63,23.65,,0.26,0,0,0,0,0,4.18,0
15,30,15030,1.57,,0.26,0.01,0.29,0.01,5.57,0,0.86,0,0.06,0.02,0,,,0,0,,1.12,,,0,0,0,0,0,0,0
15,31,15031,42.01,0,0.92,0.02,0.89,0.4,10.63,0.01,11.53,0.02,0.81,0.21,0.0001,,,0,0,,2.28,,0.26,0,0,0,0.62,0.06,0.11,0
15,32,15032,2.37,,0.02,0,0.04,0.02,138.64,0,0.13,0,0.01,0,0,,,0,0,20.83,44.94,,0.26,0,0,0,0,0,0.06,0
15,33,15033,134.98,,4.04,0.1,30.06,1.28,6.46,0.02,161.76,0.32,11.38,2.94,0.0014,,,0,0,3.26,1.12,,,0,0,0,2.4,0.23,4.16,0
15,34,15034,0.66,0.06,0.01,0,0.12,0.01,17.89,0,0.14,0,0.01,0,0,,,0,0,0.05,10.93,,,0,0,0,0,0,0.04,0
15,35,15035,4.77,,0.07,0,1.08,0.05,71.72,0,11.5,0.02,0.81,0.21,0.0001,,,0,0,,37.23,,0.26,0,0,0,1.22,0.12,0.1,0
15,36,15036,2.92,,0.05,0,0.6,0.03,90.47,0,0.88,0,0.06,0.02,0,,,0,0,,97.32,,0.26,0,0,0,0,0,0.03,0
15,37,15037,17.91,,0.46,0.01,4.11,0.17,228.3,0,3.92,0.01,0.28,0.07,0,,,0,0,8.18,19.25,,,0,0,0,2.4,0.23,7.18,0
15,38,15038,0.7,,0.01,0,0.15,0.01,63.46,0,0.12,0,0.01,0,0,,,0,0.02,0.87,8.3,,,0,0,0,0,0,0.19,0
15,39,15039,34.3,0.01,0.58,0.01,7.8,0.33,70.92,0.01,23.86,0.05,1.68,0.43,0.0002,,,0,0,25.69,57.07,,0.26,0,0,0,0,0,10.36,0
15,40,15040,2.4,,0.16,0,0.54,0.02,140.75,0,0.59,0,0.04,0.01,0,,,0,0,2.72,12.66,,,0,0,0,0,0,0,0
15,41,15041,0.51,0,0.01,0,0.11,0,29.72,0,0.03,0,0,0,0,,,0,0,14.73,12.5,,,0,0,0,0,0,0,0
15,42,15042,10.11,,0.2,0,1.99,0.1,592.1,0,6.61,0.01,0.47,0.12,0.0001,,,0,0,1.66,161.71,,0.26,0,0,0,3.32,0.31,0.02,0
15,43,15043,1.6,,0.03,0,0.31,0.02,93.62,0,0.53,0,0.04,0.01,0,,,0,0,1.79,22.66,,,0,0,0,0,0,0.06,0
15,44,15044,2.11,0,0.03,0,0.47,0.02,123.37,0,0.57,0,0.04,0.01,0,,,0,0,,7.39,,0.26,0,0,0,0,0,0,0
15,45,15045,5.73,0,0.1,0,1.23,0.05,335.23,0,3.8,0.01,0.27,0.07,0,15.91,,0,0,1.78,100.39,,0.26,0,0,0,1.15,0.11,0.03,33.63
15,46,15046,1.11,0.01,0.01,0,0.02,0.01,64.96,0,0.19,0,0.01,0,0,,,0,0,4.67,10.73,,,0,0,0,0,0,1.19,0
15,47,15047,4.79,0,0.03,0,0.99,0.05,280.68,0,0.36,0,0.02,0.01,0,,,0,0,1.61,114.04,,0.26,0,0,0,0,0,0,0
15,48,15048,4.43,,0.07,0,0.97,0.04,259.31,0,18.38,0.04,1.29,0.33,0.0002,,,0,0,2.24,116.93,,0.26,0,0,0,0.43,0.04,0.23,0
15,49,15049,0.88,,0.02,0,0.18,0.01,51.68,0,0.18,0,0.01,0,0,,,0,0,6.12,18.74,,,0,0,0,0,0,0,0
15,50,15050,1.68,,0.03,0,0.34,0.02,7.24,0,1.29,0,0.09,0.02,0,,,0,0,0.31,73.91,,,0,0,0,0,0,0,0
15,51,15051,8.44,0,0.21,0.01,1.74,0.08,366.8,0,49.48,0.1,3.48,0.9,0.0004,,,0,0,5.37,60.72,,0.26,0,0,0,0.37,0.04,0.37,0
15,52,15052,1.84,,0.07,0,0.38,0.02,107.51,0,0.26,0,0.02,0,0,,,0,0,2.5,27.35,,0.26,0,0,0,0,0,0,0
15,53,15053,3.01,,0.08,0,0.64,0.03,40.33,0,1.98,0,0.14,0.04,0,,,0,0,,7.99,,,0,0,0,0,0,0,0
15,54,15054,16.47,,0.78,0.02,3.86,0.16,32.14,0,7.8,0.02,0.55,0.14,0.0001,,,0,0.04,,25.07,,,0,0,0,0,0,1.89,0
15,55,15055,0.81,,0.02,0,0.15,0.01,14.13,0,0.29,0,0.02,0.01,0,,,0,0,,3.9,,,0,0,0,0,0,0,0
15,56,15056,2.11,0,0.02,0,0.44,0.02,123.7,0,1.74,0,0.12,0.03,0,,,0,0,3.63,64.09,,0.26,0,0,0,0,0,0,0
15,57,15057,65.68,0.01,3.28,0.08,16.06,0.62,148.96,0.01,196.05,0.39,13.79,3.56,0.0017,,,0,0.15,4.01,9.23,,,0,0,0,0.94,0.09,25.43,0
15,58,15058,91.19,,3.04,0.07,21.24,0.87,38.54,0.01,47.06,0.09,3.31,0.85,0.0004,,,0,0,,0,,,0,0,0,2.02,0.19,0.71,0
15,59,15059,1.8,0,0.03,0,0.38,0.02,55.93,0,1.03,0,0.07,0.02,0,,,0,0,,22.46,,0.26,0,0,0,0.79,0.07,0,0
15,60,15060,24.51,,0.46,0.01,5.51,0.23,229.49,0,8.7,0.02,0.61,0.16,0.0001,,,0,0,31.17,52.79,,0.26,0,0,0,0,0,0.27,0
15,61,15061,0.65,,0.01,0,0.15,0.01,12.15,0,1.32,0,0.09,0.02,0,,,0,0,,58.45,,0.26,0,0,0,1.16,0.11,0.05,0
15,62,15062,4.34,0.09,0.16,0,0.86,0.04,96.16,0,8.74,0.02,0.61,0.16,0.0001,,,0,0,9.84,28.05,,,0,0,0,1.54,0.15,0.15,0
15,63,15063,2.11,,0.02,0,0.42,0.02,123.24,0,0.19,0,0.01,0,0,,,0,0,8.64,50.31,,,0,0,0,0,0,0,0
15,64,15064,2.55,,0.03,0,0.01,0.02,149.06,0,0.6,0,0.04,0.01,0,,,0,0,,55.07,,,0,0,0,1.29,0.12,0,0
15,65,15065,2.39,,0.05,0,0.51,0.02,99.95,0,0.72,0,0.05,0.01,0,,,0,0,,76.68,,0.26,0,0,0,2.43,0.23,0.53,0
15,66,15066,0.38,,0.01,0,0.08,0,22.22,0,0.09,0,0.01,0,0,,,0,0,,46.49,,,0,0,0,0,0,0,0
15,67,15067,5.41,,0.08,0,1.03,0.05,305.26,0,10.36,0.02,0.73,0.19,0.0001,,,0,0,0.94,1.19,,,0,0,0,0,0,0.04,0
15,68,15068,1.92,0,0.06,0,0.41,0.02,52.11,0,1.09,0,0.08,0.02,0,,,0,0,,18.41,,0.26,0,0,0,0.48,0.05,0,0
15,69,15069,0.3,0,0.01,0,0.06,0,0.61,0,0.46,0,0.03,0.01,0,,,0,0,,0.83,,,0,0,0,0,0,0.01,0
15,70,15070,18.59,,0.7,0.02,4.21,0.18,3.05,0,33.24,0.07,2.34,0.6,0.0003,,,0,0,,4.11,,0.26,0,0,0,1.04,0.1,0.08,0
15,71,15071,0.98,0.05,0.02,0,0.02,0.01,57.66,0,1.26,0,0.09,0.02,0,,,0,0,,53.44,,0.26,0,0,0,1.6,0.15,0,0
15,72,15072,0.88,,0.01,0,0.17,0.01,32.49,0,2.08,0,0.15,0.04,0,,,0,0,,10.17,,,0,0,0,0,0,0.09,0
15,73,15073,0.9,,0.02,0,0.17,0.01,6.93,0,3.49,0.01,0.25,0.06,0,,,0,0,,11.63,,,0,0,0,0,0,1.45,0
15,74,15074,8.01,,0.09,0,1.46,0.08,468.98,0,0.58,0,0.04,0.01,0,,,0,0,1.23,147.77,,0.26,0,0,0,0.71,0.07,0.07,0
15,75,15075,1.72,,0.04,0,0.38,0.02,84.14,0,1.91,0,0.13,0.03,0,,,0,0,1.73,31.85,,0.26,0,0,0,0.7,0.07,0,0
15,76,15076,5.34,,0.3,0.01,1.07,0.05,1.31,0,16.24,0.03,1.14,0.29,0.0001,,,0,0,,2.68,,,0,0,0,0.22,0.02,0.02,0
15,77,15077,0.43,,0,0,0.09,0,25.31,0,0.04,0,0,0,0,,,0,0,22.8,14.91,,,0,0,0,0,0,0,0
15,78,15078,0.71,,0.01,0,0.15,0.01,41.6,0,0.09,0,0.01,0,0,,,0,0,0.29,10.7,,,0,0,0,0,0,0,0
15,79,15079,0.86,0.01,0.01,0,0.02,0.01,50.17,0,1.37,0,0.1,0.02,0,,,0,0,0.94,30.53,,0.26,0,0,0,0,0,0,0
15,80,15080,2,,0.02,0,0.4,0.02,116.94,0,0.11,0,0.01,0,0,,,0,0,37.71,80.95,,0.26,0,0,0,0,0,0.01,0
15,81,15081,21.63,0,0.49,0.01,5.15,0.21,43.73,0,12.04,0.02,0.85,0.22,0.0001,,,0,0,,74.53,,0.26,0,0,0,0,0,5.2,0
15,82,15082,5,,0.13,0,1.02,0.05,292.75,0,1.23,0,0.09,0.02,0,34,,0,0,79.75,155.68,,0.26,0,0,0,0,0,0.17,22.6
15,83,15083,0.81,0.01,0.01,0,0.16,0.01,45.84,0,0.14,0,0.01,0,0,,,0,0,,6.24,,0.26,0,0,0,0,0,0.06,0
15,84,15084,2.64,,0.04,0,0.59,0.03,67.66,0,0.93,0,0.07,0.02,0,,,0,0,,112.73,,0.26,0,0,0,0.94,0.09,0,0
15,85,15085,4.65,,0.06,0,0.95,0.04,272.26,0,4.77,0.01,0.34,0.09,0,,,0,0,4.72,82.69,,0.26,0,0,0,2.53,0.24,0,0
15,86,15086,2.43,0,0.01,0,0.51,0.02,141.99,0,0.09,0,0.01,0,0,,,0,0,47.32,63.98,,0.26,0,0,0,0,0,0.14,0
15,87,15087,6.21,,0.08,0,1.12,0.06,363.73,0,0.93,0,0.07,0.02,0,,,0,0,,73.3,,,0,0,0,0,0,0,0
15,88,15088,6.41,0,0.21,0.01,0.13,0.06,375.29,0,4.67,0.01,0.33,0.08,0,,,0,0,11.48,37.33,,,0,0,0,0,0,0,0
15,89,15089,0.75,,0.01,0,0.02,0.01,40.08,0,0.18,0,0.01,0,0,,,0,0,0.71,10.6,,0.26,0,0,0,1.04,0.1,0.02,0
15,90,15090,5.49,,0.16,0,1.11,0.05,321.4,0,6.6,0.01,0.46,0.12,0.0001,,,0,0,7.36,68.24,,,0,0,0,0,0,0.14,0
15,91,15091,5.89,,0.13,0,1.25,0.06,64.99,0,2.79,0.01,0.2,0.05,0,,,0,0,,18.01,,0.26,0,0,0,0.47,0.04,0,0
15,92,15092,3.74,0.02,0.12,0,0.83,0.04,73.61,0,4.2,0.01,0.3,0.08,0,,,0,0,,23.91,,0.26,0,0,0,0,0,0,0
15,93,15093,2.04,0,0.02,0,0.43,0.02,105.84,0,0.29,0,0.02,0.01,0,,,0,0,1.45,12.8,,,0,0,0,0,0,0,0
15,94,15094,1.35,,0.03,0,0.28,0.01,25.46,0,0.22,0,0.02,0,0,,,0,0,,13.32,,,0,0,0,0.97,0.09,0,0
15,95,15095,5.41,0,0.21,0.01,1.22,0.05,79.36,0,26.32,0.05,1.85,0.48,0.0002,,,0,0,12.97,41.27,,0.26,0,0,0,0,0,0.17,0
15,96,15096,2.48,,0.06,0,0.55,0.02,38.06,0,2.89,0.01,0.2,0.05,0,,,0,0,,44.35,,0.26,0,0,0,1.4,0.13,0,0
15,97,15097,1.27,,0.03,0,0.26,0.01,74.06,0,0.14,0,0.01,0,0,,,0,0,7.14,52.17,,0.26,0,0,0,0,0,0,0
15,98,15098,0.36,,0.01,0,0.08,0,21.13,0,0.22,0,0.02,0,0,,,0,0,,6.57,,,0,0,0,0,0,0.01,0
15,99,15099,16.73,0,0.6,0.01,0.36,0.16,94.05,0,15.24,0.03,1.07,0.28,0.0001,12.81,,0,0,5.79,57.43,,0.26,0,0,0,1.53,0.14,5.57,37.32
15,100,15100,2.03,,0.05,0,0.44,0.02,50.07,0,0.92,0,0.06,0.02,0,,,0,0,,5.63,,0.26,0,0,0,0,0,0,0
15,101,15101,5.15,,0.15,0,1,0.05,301.25,0,23.99,0.05,1.69,0.44,0.0002,,,0,0,4.4,39.5,,,0,0,0,0,0,0.01,0
15,102,15102,1.15,0,0.01,0,0.26,0.01,67.09,0,1.66,0,0.12,0.03,0,,,0,0,1.57,25.34,,0.26,0,0,0,0,0,0,0
15,103,15103,3.51,0.04,0.07,0,0.78,0.03,87,0,3.24,0.01,0.23,0.06,0,,,0,0,5.51,18.41,,0.26,0,0,0,0,0,0.03,0
15,104,15104,54.67,0,3.11,0.08,13.38,0.52,3200.51,0.01,201.81,0.4,14.2,3.66,0.0018,,,0,0.11,5.19,0.72,,,0,0,0,1.84,0.17,10.01,0
15,105,15105,2.66,,0.01,0,0.58,0.03,155.9,0,0.07,0,0.01,0,0,,,0,0,1.5,342.88,,0.26,0,0,0,0,0,0,0
15,106,15106,59.76,0.01,3.03,0.07,13.51,0.57,461.98,0.01,125.56,0.25,8.83,2.28,0.0011,25.33,,0,0,7.24,131.94,0.11,,6.47,2.76,0,2.56,0.24,10,91.79
15,107,15107,0.87,,0.04,0,0.02,0.01,51.02,0,0.5,0,0.03,0.01,0,,,0,0,0.79,14,,,0,0,0,0,0,0,0
15,108,15108,8.81,,0.16,0,1.87,0.08,45.68,0,3.98,0.01,0.28,0.07,0,,,0,0,,9.1,,,0,0,0,0.79,0.07,0,0
15,109,15109,37.81,,0.84,0.02,8.82,0.36,21.1,0.01,67.9,0.14,4.78,1.23,0.0006,,,0,0,4.68,9.19,,,0,0,0,0.6,0.06,3.58,0
15,110,15110,4.23,,0.21,0.01,0.93,0.04,247.6,0,1.61,0,0.11,0.03,0,13.28,,0,0,27.75,41.11,,0.26,0,0,0,0,0,0.1,39.02
15,111,15111,3.35,,0.02,0,0.64,0.03,196.29,0,0.35,0,0.02,0.01,0,,,0,0,9.76,120.91,,0.26,0,0,0,0,0,0,0
15,112,15112,3.17,0,0.04,0,0.64,0.03,251.27,0,0.94,0,0.07,0.02,0,,,0,0,14.05,45.29,,,0,0,0,0,0,0.02,0
15,113,15113,4.16,,0.07,0,0.9,0.04,243.8,0,0.48,0,0.03,0.01,0,,,0,0,19.39,17.72,,,0,0,0,0,0,0.03,0
15,114,15114,6.22,,0.04,0,1.16,0.06,364.23,0,1.75,0,0.12,0.03,0,,,0,0,3.62,136.7,,0.26,0,0,0,0,0,0.03,0
15,115,15115,3.62,,0.08,0,0.72,0.03,162.59,0,0.71,0,0.05,0.01,0,,,0,0,0.48,11.61,,,0,0,0,0,0,0.09,0
15,116,15116,0.31,,0.01,0,0.07,0,17.95,0,0.11,0,0.01,0,0,,,0,0,5.2,8.56,,0.26,0,0,0,0,0,9.48,0
15,117,15117,1.1,,0.01,0,0.23,0.01,64.59,0,0.09,0,0.01,0,0,,,0,0,1.1,34.4,,0.26,0,0,0,0,0,1.65,0
15,118,15118,10.89,0,0.31,0.01,2.2,0.1,318.29,0,5.62,0.01,0.4,0.1,0,,,0,0,6.77,74.45,,,0,0,0,0,0,0.92,0
15,119,15119,1.29,,0.01,0,0.24,0.01,75.58,0,0.06,0,0,0,0,,,0,0,5.36,17.48,,,0,0,0,0,0,0,0
15,120,15120,10.23,,0.28,0.01,2.08,0.1,193.43,0,4.5,0.01,0.32,0.08,0,29.43,,0,0,,145.81,,0.26,0,0,0,0.38,0.04,0.33,65.7
15,121,15121,39.82,,1.49,0.04,9.57,0.38,43.11,0.01,113.82,0.23,8.01,2.07,0.001,,,0,0,,31.76,,,0,0,0,1.82,0.17,1.84,0
15,122,15122,26.57,0.01,0.7,0.02,5.85,0.25,8.73,0,11.09,0.02,0.78,0.2,0.0001,,,0,0,,0.28,,,0,0,0,0,0,0.01,0
15,123,15123,2.26,,0.04,0,0.45,0.02,132.05,0,0.37,0,0.03,0.01,0,,,0,0,61.92,204.09,,0.26,0,0,0,0,0,0,0
15,124,15124,6.39,,0.02,0,1.15,0.06,374.18,0,0.14,0,0.01,0,0,,,0,0,3.24,154.66,,,0,0,0,0,0,0,0
15,125,15125,0.65,,0.01,0,0.14,0.01,37.82,0,0.06,0,0,0,0,,,0,0,,0.28,,,0,0,0,0,0,0,0
16,1,16001,0.8,0,0.01,0,0.14,0,22.15,0,0.65,0.01,0.07,0,0,0.55,,0,0,8.98,16.66,,,0,0,0,0,0,0,3.87
16,2,16002,1.29,,0.01,0,0.23,0.01,75.63,0,1.66,0.02,0.19,0.01,0,0.79,,0,0,63.66,101.51,,1.35,0,0,0,0,0,0,11.24
16,3,16003,1.49,0,0.01,0,0.27,0.01,87.51,0,0.36,0,0.04,0,0,4.96,,0,0,,77.14,,1.35,0,0,0,0,0,0,14.71
16,4,16004,0.99,,0.01,0,0.18,0,57.72,0,0.14,0,0.02,0,0,1.51,,0,0,,69.63,,1.35,0,0,0,1.2,0.11,0,11.53
16,5,16005,0.8,,0.01,0,0.01,0,46.76,0,0.36,0,0.04,0,0,1.14,,0,0,0.74,6.77,,,0,0,0,0.45,0.04,0,0.17
16,6,16006,9.2,0.01,0.19,0.01,1.62,0.04,538.61,0,4.24,0.06,0.48,0.02,0,11.91,,0,0,99.05,188.92,,,0,0,0,0.34,0.03,0.15,38.34
16,7,16007,0.22,,0,0,0.03,0,12.66,0,0.3,0,0.03,0,0,0.28,,0,0,0.56,7.29,,,0,0,0,0.66,0.06,0,0.71
16,8,16008,1.67,,0,0,0.03,0.01,97.81,0,0.01,0,0,0,0,0,,0,0,,342.66,,,0,0,0,0,0,2.57,3.42
16,9,16009,2.53,0,0.03,0,0.45,0.01,148.12,0,0.55,0.01,0.06,0,0,0,,0,0,37.49,76.65,,1.35,0,0,0,0,0,0,0
16,10,16010,1.69,0,0.02,0,0.29,0.01,99.1,0,0.48,0.01,0.05,0,0,1.47,,0,0,115.93,44.73,,,0,0,0,4.73,0.45,0,0
16,11,16011,0.76,,0,0,0.14,0,44.74,0,0.46,0.01,0.05,0,0,0,,0,0,,79.95,,1.35,0,0,0,0,0,0,13.23
16,12,16012,3.04,0,0.03,0,0.56,0.01,178.02,0,1.07,0.01,0.12,0.01,0,5.32,,0,0,,170.47,,1.35,0,0,0,0,0,0.01,37.95
16,13,16013,0.75,,0,0,0.13,0,43.7,0,0.15,0,0.02,0,0,0,,0,0,,52.24,,,0,0,0,0,0,0,6.25
16,14,16014,0.93,0,0.01,0,0.18,0,54.44,0,0.18,0,0.02,0,0,0,,0,0,,115.28,,,0,0,0,0,0,0,7.63
16,15,16015,1.45,,0.02,0,0.25,0.01,84.98,0,0.81,0.01,0.09,0,0,0.85,,0,0,213.14,51.35,,,0,0,0,0,0,0,4.95
16,16,16016,1.56,0,0.01,0,0.31,0.01,91.17,0,1.02,0.01,0.12,0,0,4.64,,0,0,17.82,58.69,,1.35,0,0,0,0.73,0.07,0.03,13.72
16,17,16017,2.45,0.01,0.01,0,0.42,0.01,143.67,0,0.6,0.01,0.07,0,0,0.61,,0,0,,89.64,,1.35,0,0,0,1.65,0.16,0.04,9.52
16,18,16018,0.65,,0,0,0.12,0,38.06,0,0.11,0,0.01,0,0,0.4,,0,0,,7.62,,1.35,0,0,0,0,0,0,1.77
16,19,16019,1.46,0,0.02,0,0.28,0.01,85.22,0,1.58,0.02,0.18,0.01,0,1.24,,0,0,6.61,29.43,,1.35,0,0,0,0,0,0,2.8
16,20,16020,2.1,0,0.02,0,0.36,0.01,122.69,0,2.53,0.03,0.29,0.01,0,0.44,,0,0,,19.21,,1.35,0,0,0,0,0,0.07,3.79
16,21,16021,0.87,0.01,0.01,0,0.14,0,50.86,0,1.29,0.02,0.15,0.01,0,1.32,,0,0,24.05,19.34,,,0,0,0,0,0,0,4.76
16,22,16022,1.55,0,0,0,0.23,0.01,90.88,0,0.13,0,0.01,0,0,0.54,,0,0,1.09,30.09,,1.35,0,0,0,0.69,0.07,0.05,6.59
16,23,16023,0.77,,0.01,0,0.16,0,45.01,0,0.62,0.01,0.07,0,0,0.53,,0,0,,49.05,,1.35,0,0,0,0.78,0.07,0,2.68
16,24,16024,1.26,,0.02,0,0.19,0.01,73.64,0,2.67,0.04,0.31,0.01,0,0.54,,0,0,33.13,12.91,,,0,0,0,0,0,0,2.26
16,25,16025,2.42,,0.02,0,0.39,0.01,141.81,0,5.51,0.07,0.63,0.03,0,1.54,,0,0,189.03,25.04,,1.35,0,0,0,0,0,0,0.59
16,26,16026,0.43,0,0,0,0.07,0,25.01,0,0.02,0,0,0,0,,,0,0,14.74,172.6,,,0,0,0,0,0,0,2.38
16,27,16027,0.44,0,0,0,0.09,0,25.82,0,0.15,0,0.02,0,0,0.78,,0,0,,8.88,,,0,0,0,0,0,0,1.53
16,28,16028,0.44,,0,0,0.1,0,25.84,0,0.28,0,0.03,0,0,0.77,,0,0,,30.65,,1.35,0,0,0,0,0,0,4.82
16,29,16029,1.1,0.01,0.01,0,0.02,0.01,64.59,0,0.1,0,0.01,0,0,1.27,,0,0,,52.81,,,0,0,0,0,0,0,8.97
16,30,16030,0.99,0.01,0.01,0,0.2,0,58.13,0,0.32,0,0.04,0,0,0.33,,0,0,,78.11,,1.35,0,0,0,0.92,0.09,0,5.18
16,31,16031,1.27,,0,0,0.23,0.01,74.08,0,0.23,0,0.03,0,0,0.54,,0,0,0.63,55.93,,,0,0,0,0,0,0.01,3.99
16,32,16032,1.04,,0,0,0.02,0,61.13,0,0.71,0.01,0.08,0,0,0,,0,0,17.43,36.08,,1.35,0,0,0,1.25,0.12,0,0
16,33,16033,1.59,,0.02,0,0.3,0.01,93.03,0,0.36,0,0.04,0,0,1.6,,0,0,32.37,60.7,,,0,0,0,0.99,0.09,0,15.24
16,34,16034,8.82,,0.13,0.01,1.41,0.04,516.3,0,13.01,0.17,1.49,0.06,0.0001,6.52,,0,0,18.23,59.94,,1.35,0,0,0,0,0,0.05,11.4
16,35,16035,2.54,,0.02,0,0.44,0.01,148.72,0,0.48,0.01,0.05,0,0,1.68,,0,0,31.19,103.69,,,0,0,0,1.86,0.18,0.32,7.98
16,36,16036,0.88,,0.01,0,0.18,0,51.73,0,0.49,0.01,0.06,0,0,0.84,,0,0,,10.86,,1.35,0,0,0,0,0,0,2.19
16,37,16037,0.61,0,0,0,0.14,0,35.7,0,0.24,0,0.03,0,0,1.96,,0,0,,32.52,,1.35,0,0,0,0,0,0,7.95
16,38,16038,3.3,,0.05,0,0.63,0.02,193.02,0,1.45,0.02,0.17,0.01,0,0,,0,0,,119.64,,,0,0,0,0,0,0.63,10.78
16,39,16039,0.59,,0,0,0.1,0,34.49,0,0.04,0,0,0,0,0,,0,0,2.62,13.48,,1.35,0,0,0,0.29,0.03,0.03,1.2
16,40,16040,1.21,0,0.01,0,0.2,0.01,70.83,0,0.85,0.01,0.1,0,0,1.99,,0,0,0.16,46.05,,1.35,0,0,0,0.71,0.07,0.1,9.21
16,41,16041,0.91,0,0.01,0,0.02,0,53.43,0,0.66,0.01,0.07,0,0,0.5,,0,0,,18.23,,1.35,0,0,0,0.55,0.05,0.04,0.66
16,42,16042,1.02,0,0.01,0,0.2,0,59.88,0,0.13,0,0.01,0,0,0.48,,0,0,,55.69,,1.35,0,0,0,0,0,0.06,5.24
16,43,16043,4.8,,0.06,0,0.83,0.02,31.37,0,10.56,0.14,1.21,0.05,0.0001,7.67,,0,0,,15.05,,1.35,0,0,0,0,0,0.62,2.92
16,44,16044,1.02,,0.01,0,0.21,0,59.98,0,0.46,0.01,0.05,0,0,4.63,,0,0,1.67,56.27,,1.35,0,0,0,0.46,0.04,0.07,9.39
16,45,16045,2.54,,0.04,0,0.49,0.01,148.51,0,2.26,0.03,0.26,0.01,0,0,,0,0,,42.53,,1.35,0,0,0,0,0,0.05,7.79
16,46,16046,0.96,,0.01,0,0.17,0,56.24,0,0.15,0,0.02,0,0,0,,0,0,,6.59,,,0,0,0,0,0,0,2.37
16,47,16047,1.48,,0.01,0,0.25,0.01,86.92,0,0.19,0,0.02,0,0,0.15,,0,0,,20.53,,1.35,0,0,0,0,0,0.79,4.1
16,48,16048,0.39,,0,0,0.07,0,22.6,0,0.17,0,0.02,0,0,0,,0,0,2.82,11.14,,,0,0,0,0.62,0.06,0,1.58
16,49,16049,1.26,0,0.01,0,0.2,0.01,73.81,0,0.36,0,0.04,0,0,0.53,,0,0,20.93,57.55,,,0,0,0,0,0,0,13.2
16,50,16050,5.61,0,0.06,0,0.93,0.03,328.42,0,2.6,0.03,0.3,0.01,0,3.7,,0,0,0.61,132.12,,1.35,0,0,0,2.82,0.27,0.04,14.92
16,51,16051,0.88,,0.01,0,0.17,0,51.54,0,1.66,0.02,0.19,0.01,0,0,,0,0,0.01,10.46,,,0,0,0,0,0,0,2.39
16,52,16052,13.03,0,0.25,0.01,2.47,0.06,762.89,0,15.02,0.2,1.72,0.07,0.0001,16.21,,0,0,,33.73,,,0,0,43.37,2.15,0.2,7.67,3.82
16,53,16053,54.7,0,1.27,0.06,10.03,0.25,482.47,0.01,48.39,0.64,5.53,0.23,0.0004,24.72,,544.47,0,60.87,124.19,0.08,1.35,1.99,0.87,0,2.61,0.25,9.8,29.6
16,54,16054,0.68,0,0,0,0.13,0,39.9,0,0.19,0,0.02,0,0,1.43,,0,0,,28.21,,1.35,0,0,0,0,0,0,6.39
16,55,16055,3.22,0,0.05,0,0.56,0.01,188.3,0,1.32,0.02,0.15,0.01,0,5.85,,0,0,1.98,53.73,,,0,0,0,2.43,0.23,0.19,15.91
16,56,16056,2,0,0.03,0,0.29,0.01,117.27,0,5.36,0.07,0.61,0.03,0,1.38,,0,0,6.75,27.96,,,0,0,0,0,0,0,4.99
16,57,16057,0.61,,0,0,0.11,0,35.8,0,0.11,0,0.01,0,0,0,,0,0,,29.73,,1.35,0,0,0,0,0,0,0.65
16,58,16058,1.28,0,0.03,0,0.21,0.01,75.02,0,3.75,0.05,0.43,0.02,0,4.05,,0,0,1.02,20.29,,,0,0,0,0,0,0,0
16,59,16059,0.62,,0,0,0.11,0,36.14,0,0.04,0,0,0,0,1.85,,0,0,64.38,29.92,,1.35,0,0,0,1.54,0.15,0,7.86
16,60,16060,0.75,,0.01,0,0.01,0,43.94,0,0.45,0.01,0.05,0,0,0.84,,0,0,,40.07,,1.35,0,0,0,0,0,0.06,6.28
16,61,16061,1.65,,0.01,0,0.25,0.01,96.83,0,0.62,0.01,0.07,0,0,0.89,,0,0,2.37,19.81,,1.35,0,0,0,0.69,0.07,0.05,0.19
16,62,16062,1.47,,0.01,0,0.26,0.01,86.18,0,0.6,0.01,0.07,0,0,0,,0,0,,97.57,,1.35,0,0,0,0,0,0,18.33
16,63,16063,1.26,0,0.01,0,0.24,0.01,73.86,0,0.32,0,0.04,0,0,2.29,,0,0,,45.08,,1.35,0,0,0,0.83,0.08,0.01,1.04
16,64,16064,1.82,,0.01,0,0.32,0.01,106.72,0,0.25,0,0.03,0,0,4.38,,0,0,27.51,100.59,,,0,0,0,0.63,0.06,0,22.12
16,65,16065,2.55,0,0.04,0,0.41,0.01,149.25,0,5.26,0.07,0.6,0.03,0,0.73,,0,0,91.67,27.08,,,0,0,0,0,0,0.03,4.67
16,66,16066,6.39,0,0.14,0.01,1.04,0.03,373.82,0,4.82,0.06,0.55,0.02,0,0,,0,0,28.84,37,,1.35,0,0,0,2.19,0.21,0.61,0
16,67,16067,1.32,0,0.01,0,0.24,0.01,77.33,0,0.26,0,0.03,0,0,3.95,,0,0,,125.89,,1.35,0,0,0,0,0,0,19.89
16,68,16068,1.68,,0.02,0,0.28,0.01,98.12,0,0.33,0,0.04,0,0,2.34,,0,0,15.39,60.47,,1.35,0,0,0,0,0,0.01,6.78
16,69,16069,7.29,,0.19,0.01,1.35,0.03,116.4,0,9.1,0.12,1.04,0.04,0.0001,3.51,,0,0,,68.46,,1.35,0,0,0,1.05,0.1,0.22,10.04
16,70,16070,1.22,,0.03,0,0.23,0.01,71.56,0,2.91,0.04,0.33,0.01,0,2.78,,0,0,34.59,21.88,,1.35,0,0,0,0,0,0,0.03
16,71,16071,5.16,,0.07,0,0.09,0.02,302.31,0,1.98,0.03,0.23,0.01,0,3.69,,0,0,,229.32,,1.35,0,0,0,0,0,0.19,40.39
16,72,16072,1,0,0.01,0,0.17,0,58.38,0,0.21,0,0.02,0,0,0.4,,0,0,5.32,41.39,,1.35,0,0,0,0,0,0,9.16
16,73,16073,1.87,0,0.04,0,0.32,0.01,109.48,0,11.21,0.15,1.28,0.05,0.0001,0,,0,0,11.03,19.16,,1.35,0,0,0,0,0,0,0
16,74,16074,0.76,,0.01,0,0.14,0,44.23,0,0.29,0,0.03,0,0,0,,0,0,,11.44,,,0,0,0,0,0,0,2.81
16,75,16075,4.14,0,0.07,0,0.74,0.02,242.39,0,1.8,0.02,0.21,0.01,0,4.67,,0,0,100.24,68.34,,1.35,0,0,0,0.24,0.02,0,7.16
16,76,16076,4.95,,0.12,0.01,0.88,0.02,290.02,0,5.33,0.07,0.61,0.03,0,0,,0,0,,35.63,,1.35,0,0,0,0,0,0.3,3.77
16,77,16077,1.36,0,0.01,0,0.27,0.01,79.35,0,0.31,0,0.04,0,0,0,,0,0,,65.28,,,0,0,0,0,0,0,8.74
16,78,16078,0.95,,0.01,0,0.17,0,55.81,0,0.37,0,0.04,0,0,0.32,,0,0,,8.41,,1.35,0,0,0,0,0,0,1.14
16,79,16079,3.08,0,0.03,0,0.46,0.01,180.21,0,3.11,0.04,0.36,0.01,0,0,,0,0,16.84,68.94,,1.35,0,0,0,0.87,0.08,0,0
16,80,16080,1.28,,0,0,0.21,0.01,74.65,0,0.19,0,0.02,0,0,0.74,,0,0,9.51,39.41,,1.35,0,0,0,0.65,0.06,0.04,3.37
16,81,16081,0.62,0,0,0,0.1,0,36.05,0,0.05,0,0.01,0,0,0,,0,0,2.01,17.77,,,0,0,0,0,0,0,1.79
16,82,16082,4.79,0,0.06,0,0.79,0.02,280.45,0,1.76,0.02,0.2,0.01,0,0,,0,0,38.45,69.88,,1.35,0,0,0,0,0,0.08,18.15
16,83,16083,2.09,,0.01,0,0.34,0.01,122.11,0,0.47,0.01,0.05,0,0,1.54,,0,0,150.63,74.49,,1.35,0,0,0,0,0,0,24.52
16,84,16084,1.94,,0.02,0,0.32,0.01,113.58,0,0.86,0.01,0.1,0,0,1.19,,0,0,0.63,32.26,,1.35,0,0,0,0,0,0,0.43
16,85,16085,2.4,0,0.03,0,0.47,0.01,140.66,0,1.81,0.02,0.21,0.01,0,3.36,,0,0,11.26,46.14,,1.35,0,0,0,0,0,0.05,3.7
16,86,16086,1.17,,0.01,0,0.02,0.01,68.24,0,0.34,0,0.04,0,0,0.67,,0,0,,89.88,,1.35,0,0,0,0.33,0.03,0,15
16,87,16087,0.98,0,0.01,0,0.18,0,57.54,0,1.07,0.01,0.12,0.01,0,0.94,,0,0,11.97,39.6,,1.35,0,0,0,0.85,0.08,0,3.39
16,88,16088,4.12,0,0.02,0,0.77,0.02,278.32,0,2.63,0.03,0.3,0.01,0,0.6,,0,0,,54.21,,1.35,0,0,0,0,0,0.5,11.44
16,89,16089,1.77,,0.04,0,0.34,0.01,103.68,0,0.98,0.01,0.11,0,0,4.94,,0,0,4.36,224.48,,,0,0,0,0,0,0.25,35.28
16,90,16090,1.01,0,0.01,0,0.15,0,59.11,0,1.92,0.03,0.22,0.01,0,0.99,,0,0,7.74,19.88,,,0,0,0,0.45,0.04,0.01,3.52
16,91,16091,0.99,,0.01,0,0.19,0,58.1,0,0.94,0.01,0.11,0,0,0.9,,0,0,3.54,23.08,,1.35,0,0,0,1.74,0.16,0,1.13
16,92,16092,1.09,,0.01,0,0.19,0,63.96,0,0.18,0,0.02,0,0,0,,0,0,,48.44,,,0,0,0,0,0,0,2.03
16,93,16093,2.03,,0.01,0,0.34,0.01,118.76,0,2.26,0.03,0.26,0.01,0,0,,0,0,2.02,28.4,,,0,0,0,0,0,0,0.11
16,94,16094,0.54,0,0.01,0,0.12,0,31.71,0,0.22,0,0.02,0,0,0,,0,0,,15.34,,1.35,0,0,0,0,0,0,2.37
16,95,16095,0.79,,0.01,0,0.16,0,45.96,0,0.35,0,0.04,0,0,0.45,,0,0,14.91,26.8,,1.35,0,0,0,0.87,0.08,0,2.56
16,96,16096,0.67,,0,0,0.11,0,39.14,0,0.05,0,0.01,0,0,1.22,,0,0,68.57,70.55,,,0,0,0,0,0,0,2.36
16,97,16097,2.52,,0.02,0,0.44,0.01,147.41,0,1.24,0.02,0.14,0.01,0,0,,0,0,20.52,78.28,,1.35,0,0,0,0,0,0,9.33
16,98,16098,1.96,0,0.02,0,0.34,0.01,114.71,0,0.21,0,0.02,0,0,1.51,,0,0,2.58,36,,1.35,0,0,0,0.27,0.03,0.05,6.45
16,99,16099,1.22,,0.01,0,0.22,0.01,71.62,0,0.11,0,0.01,0,0,0,,0,0,5.3,62.03,,,0,0,0,0,0,0,9.93
16,100,16100,0.98,,0.01,0,0.16,0,57.38,0,4.4,0.06,0.5,0.02,0,0,,0,0,7.63,16.41,,1.35,0,0,0,0,0,0.29,0
16,101,16101,0.75,,0,0,0.12,0,43.97,0,0,0,0,0,0,0.3,,0,0,1.21,60.34,,1.35,0,0,0,0,0,0,6.53
16,102,16102,22.32,0,0.52,0.02,3.9,0.1,1306.91,0,25.64,0.34,2.93,0.12,0.0002,9.35,,0,0,56.89,76.06,,1.35,0,0.08,0,0.55,0.05,1.28,25.53
16,103,16103,1.7,0,0.02,0,0.33,0.01,99.35,0,0.76,0.01,0.09,0,0,0,,0,0,,82.28,,1.35,0,0,0,0,0,0.04,14.73
16,104,16104,1.24,0,0.01,0,0.02,0.01,72.6,0,0.08,0,0.01,0,0,0,,0,0,,64.41,,1.35,0,0,0,1.1,0.1,0,12.95
16,105,16105,1.39,,0.02,0,0.25,0.01,81.5,0,0.59,0.01,0.07,0,0,1.06,,0,0,,128.85,,1.35,0,0,0,0.85,0.08,0,23.28
16,106,16106,2.09,,0.03,0,0.36,0.01,122.4,0,1.81,0.02,0.21,0.01,0,4.04,,0,0,,47.88,,1.35,0,0,0,1.73,0.16,0,8.32
16,107,16107,5.65,0,0.11,0.01,1.03,0.03,330.61,0,8.72,0.12,1,0.04,0.0001,2.15,,0,0,70.91,81.95,,,0,0,0,1.11,0.11,0.41,16.9
16,108,16108,13.65,0,0.31,0.01,2.5,0.06,179.38,0,12.88,0.17,1.47,0.06,0.0001,9.33,,0,0,,81.57,,1.35,0,0,0,1.56,0.15,0.62,9.4
16,109,16109,0.26,0,0,0,0.06,0,15.08,0,0.27,0,0.03,0,0,1.43,,0,0,0.4,19.54,,,0,0,0,0,0,0,3.2
16,110,16110,3.53,0.01,0.05,0,0.63,0.02,206.51,0,1.36,0.02,0.16,0.01,0,0.82,,0,0,40.54,63.11,,1.35,0,0,0,1.28,0.12,0.08,14.98
16,111,16111,1.1,0,0.01,0,0.18,0.01,64.55,0,0.31,0,0.04,0,0,0.62,,0,0,68.11,15.87,,1.35,0,0,0,1.65,0.16,0,3.88
16,112,16112,10.91,0,0.2,0.01,1.79,0.05,638.83,0,6.65,0.09,0.76,0.03,0.0001,7.33,,0,0,4.08,60.24,,1.35,0,0,0,1.06,0.1,0.14,12.01
16,113,16113,1.9,,0.01,0,0.36,0.01,111.33,0,0.7,0.01,0.08,0,0,1.73,,0,0,,151.6,,1.35,0,0,0,0.66,0.06,0,24.72
17,1,17001,1.23,0.01,0.02,0,0.27,0,71.89,0,0.21,0,0.01,0,0,1.12,,2.89,0,,22.5,,2.73,0,0,0,0.62,0.06,0.04,2.34
17,2,17002,1.11,,0.03,0,0.24,0,51.19,0,0.25,0,0.02,0,0,0.46,,18.47,0,,18.15,,,0,0,0,0.42,0.04,0.1,2.92
17,3,17003,2.44,,0.06,0,0.5,0,143.11,0,1.27,0.02,0.09,0.02,0,1.26,,0,0,,66.92,,2.73,0,0,0,0.58,0.05,0.01,8.4
17,4,17004,5.6,0,0.06,0,0.13,0,223.97,0,7.37,0.11,0.52,0.14,0.0001,1.39,,0,0,0.47,98.27,,2.73,0,0,0,0.44,0.04,0.02,13.48
17,5,17005,0.65,,0.01,0,0.16,0,38.29,0,0.26,0,0.02,0,0,0.76,,0,0,,10.6,,,0,0,0,0,0,0.01,1.49
17,6,17006,12.81,,0.55,0,2.93,0,101.03,0,10.76,0.16,0.76,0.21,0.0001,1.32,,0,0,,61.62,,2.73,0,0,0,0.55,0.05,0.26,8.33
17,7,17007,27.91,0,1.37,0,6.76,0,56.98,0,27.63,0.42,1.94,0.53,0.0002,0.66,,0,0.01,2.02,7.42,0.05,,0,0,0,0.81,0.08,6.28,1.14
17,8,17008,5.52,0.01,0.09,0,1.26,0,43.44,0,7.71,0.12,0.54,0.15,0.0001,0.62,,259.49,0,,1.57,,2.73,0,0,0,0.61,0.06,4.84,0.24
17,9,17009,1.18,,0.02,0,0.25,0,48,0,1.01,0.02,0.07,0.02,0,0.17,,0,0,14.11,13.76,,,0,0,0,0.73,0.07,0,1.35
17,10,17010,1.1,0,0.02,0,0.24,0,64.64,0,0.51,0.01,0.04,0.01,0,0.52,,2.07,0,,37.58,,2.73,0,0,0,0,0,0,4.02
17,11,17011,14.5,,0.48,0,3.32,0,32.62,0,47.67,0.72,3.35,0.91,0.0004,0.42,,41.47,0,0.23,1.82,,2.73,0,0,0,0.38,0.04,1.44,0.34
17,12,17012,4.13,0,0.17,0,0.97,0,241.53,0,2.24,0.03,0.16,0.04,0,1.18,,0,0,,30.43,,2.73,0,0,0,0,0,0.06,3.44
17,13,17013,1.09,0.02,0.02,0,0.23,0,63.64,0,0.59,0.01,0.04,0.01,0,0.37,,0,0,,53.9,,,0,0,0,0.23,0.02,0,5.62
17,14,17014,0.7,,0.01,0,0.17,0,41.03,0,0.33,0,0.02,0.01,0,0.84,,1.03,0,,10.97,,2.73,0,0,0,0,0,0,1.67
17,15,17015,1.81,,0.03,0,0.39,0,106.2,0,1.12,0.02,0.08,0.02,0,1.26,,0,0,1.4,37.02,,2.73,0,0,0,0,0,0.03,5.28
17,16,17016,1.23,,0.01,0,0.26,0,71.88,0,0.69,0.01,0.05,0.01,0,0.51,,0,0,0.75,29.45,,,0,0,0,0,0,0,5.08
17,17,17017,4.51,0.01,0.1,0,0.09,0,264.02,0,2.49,0.04,0.18,0.05,0,1.29,,22.23,0,,34.39,,2.73,0,0,0,1.11,0.1,0.79,4.22
17,18,17018,7.88,0,0.18,0,1.71,0,46.45,0,4.49,0.07,0.32,0.09,0,0.96,,3.13,0,1.49,5.36,,2.73,1.49,0.42,0,0,0,0.38,0.69
17,19,17019,1.86,,0.03,0,0.41,0,108.63,0,0.5,0.01,0.03,0.01,0,1.09,,0,0,,88.27,,2.73,0,0,0,0.4,0.04,0,10.98
17,20,17020,2.89,,0.05,0,0.65,0,118.95,0,0.64,0.01,0.05,0.01,0,0.47,,0.44,0,8.79,13.21,,,0,0,0,0.77,0.07,0.02,2.27
17,21,17021,0.52,,0.01,0,0.12,0,30.3,0,0.22,0,0.02,0,0,0.68,,0,0,,4.96,,2.73,0,0,0,0,0,0,0.66
17,22,17022,1.38,,0.02,0,0.27,0,80.76,0,0.62,0.01,0.04,0.01,0,0.21,,0,0,1.75,16.87,,,0,0,0,0,0,0,3.32
17,23,17023,0.47,,0,0,0.1,0,27.54,0,0.07,0,0,0,0,0.11,,0,0,7.94,32.58,,2.73,0,0,0,0,0,0,4.92
17,24,17024,3.58,0.01,0.06,0,0.81,0,209.56,0,2.17,0.03,0.15,0.04,0,0.95,,24.37,0,,32.65,,2.73,0,0,0,1.27,0.12,0.06,4.47
17,25,17025,2.37,0,0.04,0,0.54,0,138.71,0,0.61,0.01,0.04,0.01,0,1.62,,6.67,0,,45.35,,2.73,0,0,0,0.19,0.02,0.01,6.29
17,26,17026,1.16,,0.03,0,0.02,0,64.42,0,0.58,0.01,0.04,0.01,0,0.39,,0,0,1,14.63,,2.73,0,0,0,0.46,0.04,0,2.54
17,27,17027,0.8,,0.01,0,0.17,0,46.86,0,0.26,0,0.02,0,0,0.22,,1.37,0,1.25,23.35,,2.73,0,0,0,0.53,0.05,0,3.73
17,28,17028,4.27,,0.08,0,0.87,0,86.63,0,3.32,0.05,0.23,0.06,0,0.56,,99.21,0,,8.14,,2.73,0,0,0,0,0,0.37,1.3
17,29,17029,6.76,,0.23,0,1.55,0,106.91,0,4.04,0.06,0.28,0.08,0,0.63,,0,0,0.99,54.72,,2.73,0,0,0,0.74,0.07,0.2,4.84
17,30,17030,3.19,0.01,0.04,0,0.64,0,125.26,0,8.39,0.13,0.59,0.16,0.0001,0.94,,0,0,,78.01,,2.73,0,0,0,0,0,0,10.45
17,31,17031,2.68,,0.09,0,0.64,0,156.92,0,3.95,0.06,0.28,0.08,0,0.46,,102.91,0,,4.59,,2.73,0,0,0,0.35,0.03,0.69,0.64
17,32,17032,0.64,,0.01,0,0.14,0,37.24,0,0.28,0,0.02,0.01,0,0.21,,0,0,,16.68,,,0,0,0,0,0,0,2.08
17,33,17033,0.99,0.01,0.01,0,0.2,0,58.22,0,1.3,0.02,0.09,0.02,0,0.41,,2.74,0,,32.8,,,0,0,0,0,0,0,2.96
18,1,18001,2.77,,0.09,0,0.26,0,162.25,0,1.7,0,0,0.03,0,6.13,,0,0,24.8,179.15,,,0,0,0,2,0.19,0,41.45
18,2,18002,1.13,0,0.02,0,0.11,0,66.06,0,0.31,0,0,0.01,0,3.59,,0,0,11.16,56.28,,12.25,0,0,0,1.03,0.1,0,15.34
18,3,18003,0.83,0,0.01,0,0.08,0,48.64,0,0.2,0,0,0,0,2.56,,0,0,13.11,56.33,,,0,0,0,0,0,0,14.62
18,4,18004,5.03,0,0.14,0,0.49,0,294.52,0,2.39,0,0,0.04,0,6.29,,0,0,11.78,238.94,,12.25,0,0,0,1.52,0.14,0,64.17
18,5,18005,0.84,0.01,0,0,0.01,0,49.43,0,0.11,0,0,0,0,1.87,,0,0,21.61,65.8,,,0,0,0,0,0,0,7.23
18,6,18006,2.06,,0.06,0,0.19,0,120.35,0,1.31,0,0,0.02,0,3.84,,0,0,78.52,34.4,,12.25,0,0,0,1.44,0.14,0,9.48
18,7,18007,1.28,0.02,0.01,0,0.11,0,75.22,0,0.94,0,0,0.02,0,1.69,,0,0,50.55,26.45,,12.25,0,0,0,0,0,0,12.05
18,8,18008,3.43,,0.05,0,0.31,0,96.4,0,1.34,0,0,0.02,0,2.7,,0,0,75.72,103.01,,12.25,0,0.02,0,0.97,0.09,0,29.72
18,9,18009,2.44,0,0,0,0.16,0,142.99,0,0,0,0,0,0,4.14,,0,0,161.47,45.02,,,0,0,0,0,0,0,4.1
18,10,18010,2.58,0.01,0.02,0,0.25,0,150.79,0,0.45,0,0,0.01,0,8.75,,0,0,21.22,240.43,,,0,0,0,2.55,0.24,0,56.47
18,11,18011,1.68,0,0.04,0,0.15,0,98.27,0,0.69,0,0,0.01,0,6.45,,0,0,1.27,88.28,,,0,0,0,0.57,0.05,0,13.57
18,12,18012,3,0.01,0.06,0,0.3,0,175.41,0,1.08,0,0,0.02,0,13.46,,0,0,23.85,212.62,,,0,0,0.8,0,0,0,44.42
18,13,18013,0.57,,0.01,0,0.06,0,33.49,0,0.11,0,0,0,0,4.23,,0,0,117.29,76.14,,12.25,0,0,0,1.26,0.12,0,17.11
18,14,18014,1.73,,0.01,0,0.15,0,101.51,0,0.24,0,0,0,0,4.67,,0,0,160.18,119.92,,12.25,0,0,0,0,0,0,46.42
18,15,18015,6.74,0.02,0.13,0,0.67,0,394.62,0,2.04,0,0,0.04,0,8.74,,0,0,18.15,387.52,,12.25,0,0,0,2.14,0.2,0,164.82
18,16,18016,2.98,,0.07,0,0.29,0,174.27,0,0.96,0,0,0.02,0,7.68,,0,0,,393.34,,,0,0,0,0,0,0,108.11
18,17,18017,26.9,0,0.92,0,2.52,0,273.84,0,22.33,0,0,0.4,0.0002,16.28,,0,0.01,160.21,108.76,0.01,12.25,0,0,0,3.52,0.33,0,41.37
18,18,18018,2.28,,0.07,0,0.23,0,133.63,0,1.21,0,0,0.02,0,5.4,,0,0,,119.98,,,0,0,0,0,0,0,72.93
18,19,18019,0.96,,0,0,0.07,0,56.28,0,0.02,0,0,0,0,16.86,,0,0,704.6,27.44,,12.25,0,0,0,0,0,0,6.91
18,20,18020,6.7,,0.27,0,0.62,0,174.17,0,1.47,0,0,0.03,0,4.22,,0,0,,42.66,,,0,0,0,0,0,0,32.93
19,1,19001,0.22,,0,0,0.02,0.01,12.85,0,0.67,0.01,0.07,0,0,0.01,,0,0,,0.39,,,0,0,0,0.36,0.03,0.79,0
19,2,19002,0.28,,0.01,0,0.04,0.02,16.55,0,0.32,0.01,0.03,0,0,0.01,,0,0,,136.65,,,0,0,0,0,0,0.1,8.41
19,3,19003,0.13,,0,0,0.02,0.01,7.84,0,0,0,0,0,0,2.3,,0,0,,37.31,,,0,0,0,1.18,0.11,0,2.28
19,4,19004,2.36,,0.09,0,0.28,0.16,138.39,0,1.42,0.03,0.15,0.01,0,0.57,,0,0,,11.46,,,0,0,0,0,0,0.02,1.52
19,5,19005,1.44,,0.03,0,0.17,0.1,84.17,0,4.83,0.09,0.5,0.03,0,4.72,,0,0,,216.92,,2.33,0,0,0,3.77,0.36,0,13.52
19,6,19006,33.48,,0.44,0,3.46,2.22,76.59,0,173.48,3.07,18.06,1.13,0.0015,8.13,,721.65,0,,31.27,,,10.12,2.82,0,1.11,0.11,1.09,1.92
19,7,19007,1.17,,0.01,0,0.13,0.08,68.76,0,0.21,0,0.02,0,0,12.2,,0,0,0.54,49.19,,2.33,0,0,0,0,0,0,3.69
19,8,19008,0.27,,0,0,0.03,0.02,15.57,0,0.18,0,0.02,0,0,0.53,,0,0,0.39,49.24,,,0,0,0,1.41,0.13,0,0.64
19,9,19009,5.9,,0.13,0,0.68,0.39,156.72,0,20.45,0.36,2.13,0.13,0.0002,4.45,,69.53,0,,273.39,,2.33,0,0,0,3.12,0.29,0.28,18.62
19,10,19010,0.56,,0.01,0,0.06,0.04,32.74,0,10.02,0.18,1.04,0.07,0.0001,0.37,,0,0,,10.78,,,0,0,0,0.85,0.08,0.01,0.2
19,11,19011,0.64,,0.02,0,0.08,0.04,37.49,0,0.23,0,0.02,0,0,3.7,,0,0,,44.82,,2.33,0,0,0,0,0,3.95,2.83
19,12,19012,1.14,,0.02,0,0.12,0.08,66.78,0,3.11,0.05,0.32,0.02,0,0.42,,0,0,,2.53,,,0,0,0,0,0,0.02,0.11
19,13,19013,0.86,,0.02,0,0.1,0.06,50.07,0,0.82,0.01,0.09,0.01,0,8.19,,0,0,,275.48,,2.33,0,0,0,0,0,0,16.95
19,14,19014,2.66,0,0.03,0,0.26,0.18,155.71,0,2.23,0.04,0.23,0.01,0,20.53,,0,0,,152.55,,,0,0,0,0,0,0.03,15.84
19,15,19015,0.13,,0,0,0.02,0.01,7.67,0,0.01,0,0,0,0,2.28,,0,0,,81.59,,,0,0,0,1.42,0.13,0,4.97
19,16,19016,0.25,,0,0,0.03,0.02,14.47,0,0.41,0.01,0.04,0,0,1.72,,0,0,,34.22,,2.33,0,0,0,0,0,0,2
19,17,19017,3.11,0,0.02,0,0.33,0.21,182.21,0,0.41,0.01,0.04,0,0,27.39,,0,0,4.21,175.99,,2.33,0,0,0,0,0,1.97,16.37
19,18,19018,4.13,,0.04,0,0.43,0.27,50.22,0,27.08,0.48,2.82,0.18,0.0002,0.42,,182.22,0,,15.37,,,0,0,0,3.47,0.33,8.22,0.4
19,19,19019,9.75,,0.66,0,1.01,0.65,0.29,0,35.56,0.63,3.7,0.23,0.0003,,,134.93,0,,0,,,0,0,0,0,0,7.45,0
19,20,19020,0.43,,0.01,0,0.05,0.03,25.2,0,0.24,0,0.03,0,0,7.24,,0,0,,200.08,,2.33,0,0,0,0,0,0,12.35
19,21,19021,23.93,,0.38,0,0.24,1.59,38.58,0,40.9,0.72,4.26,0.27,0.0004,0,,144.04,0,,2.15,,2.33,0,0,0,1.41,0.13,5.84,0.12
19,22,19022,1.12,,0.02,0,0.14,0.07,65.63,0,0.26,0,0.03,0,0,8.76,,0,0,,381.08,,2.33,0,0,0,0,0,0,24
19,23,19023,0.12,,0,0,0.02,0.01,6.91,0,0.04,0,0,0,0,1.24,,0,0,,33.14,,,0,0,0,0,0,0,2.01
19,24,19024,0.46,,0,0,0.05,0.03,26.83,0,0.12,0,0.01,0,0,4.62,,0,0,21.38,13.68,,2.33,0,0,0,0,0,0,1.16
19,25,19025,0.56,,0.01,0,0.06,0.04,32.69,0,15.81,0.28,1.65,0.1,0.0001,3.53,,0,0,,26.44,,,0,0,0,0,0,0,1.61
19,26,19026,55.32,,1.26,0,5.59,3.67,4.53,0.01,114.72,2.03,11.94,0.75,0.001,0,,444.31,0,,6.89,,,0,0,0,1.11,0.11,2.89,0.41
19,27,19027,0.15,,0,0,0.02,0.01,8.79,0,0.06,0,0.01,0,0,0.75,,0,0,,9.92,,,0,0,0,1.58,0.15,0,0.55
19,28,19028,0.11,,0,0,0.01,0.01,6.68,0,0.01,0,0,0,0,1.14,,0,0,,6.71,,,0,0,0,0,0,0,0.41
19,29,19029,0.53,0,0.01,0,0.06,0.04,31.04,0,0.38,0.01,0.04,0,0,0.15,,0,0,,29.71,,,0,0,0,0,0,0,2.4
19,30,19030,0.28,,0,0,0.03,0.02,16.54,0,0.11,0,0.01,0,0,0.22,,0,0,0.31,1.17,,,0,0,0,0,0,0,0.11
19,31,19031,11.54,,0.09,0,1.21,0.77,108.69,0,14.53,0.26,1.51,0.09,0.0001,0.83,,298.1,0,,6.51,,,0,0,0,0.63,0.06,0.06,0.36
19,32,19032,0.35,,0.01,0,0.04,0.02,20.72,0,0.39,0.01,0.04,0,0,3.41,,0,0,,9.6,,,0,0,0,5.28,0.5,3.84,0.53
19,33,19033,5.68,0,0.15,0,0.62,0.38,332.6,0,16.7,0.3,1.74,0.11,0.0001,7.59,,0,0,5.25,316.15,,2.33,0,0,0,2.25,0.21,8.57,20.46
19,34,19034,0.43,,0,0,0.05,0.03,25.26,0,0.31,0.01,0.03,0,0,1.82,,0,0,,19.15,,,0,0,0,0,0,0,1.2
19,35,19035,0.08,,0,0,0.01,0.01,4.92,0,0,0,0,0,0,0.4,,0,0,,2.85,,,0,0,0,0,0,0,0.17
19,36,19036,0.56,,0,0,0.05,0.04,32.98,0,0.04,0,0,0,0,5.66,,0,0,,24.84,,,0,0,0,0,0,0,2.59
19,37,19037,0.43,0,0,0,0.05,0.03,25.2,0,0.02,0,0,0,0,2.84,,0,0,,4.03,,,0,0,0,1.53,0.14,0.92,0.3
19,38,19038,4.31,0,0.11,0,0.5,0.29,252.06,0,9.9,0.17,1.03,0.06,0.0001,5.87,,0,0,,139.73,,2.33,0,0,0,3.92,0.37,0.17,11.65
19,39,19039,90.65,,5.19,0,9.38,6.02,6.78,0.01,275.26,4.87,28.65,1.79,0.0024,,,661.57,0,0.08,0,0.07,,0,0,0,1.99,0.19,51.39,0
19,40,19040,0.08,,0,0,0.01,0.01,4.45,0,0.02,0,0,0,0,0.74,,0,0,,5.27,,,0,0,0,0,0,0.02,0.33
19,41,19041,0.98,,0.01,0,0.11,0.07,57.37,0,3.59,0.06,0.37,0.02,0,1.95,,0,0,,128.77,,2.33,0,0,0,2.07,0.2,0,7.48
19,42,19042,0.5,,0,0,0.07,0.03,29.14,0,0.25,0,0.03,0,0,1.93,,0,0,,168.75,,2.33,0,0,0,2.53,0.24,0,9.79
19,43,19043,0.21,,0,0,0.03,0.01,12.06,0,0.02,0,0,0,0,0.16,,0,0,0.12,72.6,,,0,0,0,0,0,0,1.22
19,44,19044,2.56,0,0.09,0,0.31,0.17,149.96,0,6.08,0.11,0.63,0.04,0.0001,4.32,,0,0,,31.86,,2.33,0,0,0,0,0,0.55,1.74
19,45,19045,2.23,0,0.01,0,0.24,0.15,46.62,0,3.45,0.06,0.36,0.02,0,6.76,,0,0,157.36,31.83,,2.33,0,0,0,3.35,0.32,0.03,1.71
19,46,19046,38.12,,1.28,0,3.99,2.53,2231.44,0.01,157.31,2.78,16.37,1.02,0.0014,0,,245.06,0,,0,,,0,0,0,0,0,4.92,0
19,47,19047,1.24,,0.02,0,0.14,0.08,72.45,0,0.45,0.01,0.05,0,0,1.6,,0,0,,0.14,,,0,0,0,0.48,0.05,0.2,0.01
19,48,19048,20.78,,0.41,0,2.05,1.38,6.33,0,103.53,1.83,10.78,0.67,0.0009,0,,402.49,0,,1.63,,2.33,0,0,0,0.94,0.09,22.57,0.16
19,49,19049,3.03,,0.1,0,0.36,0.2,33.04,0,2.95,0.05,0.31,0.02,0,1.39,,22.68,0,2.51,4.08,,2.33,0,0,0,0,0,0.38,0.56
19,50,19050,0.15,,0,0,0.02,0.01,8.7,0,0,0,0,0,0,2.83,,0,0,,34.91,,2.33,0,0,0,0,0,0,2.27
19,51,19051,0.33,0,0,0,0.04,0.02,19.21,0,0.12,0,0.01,0,0,1.62,,0,0,0.78,19.09,,,0,0,0,1.36,0.13,0.75,0.36
20,1,20001,0.09,,0,0,0.01,0,5.35,0,0.01,0,0,0,0,,,0,0,0.39,0.81,,1.34,0,0,0,0,0,0,0
20,2,20002,3.39,0,0.02,0,0.27,0,198.2,0,2.8,0.02,0.24,0.02,0,,,0,0,,129.94,,1.34,0,0,0,1.27,0.12,0,12.25
20,3,20003,0.17,,0,0,0.01,0,9.81,0,0.02,0,0,0,0,,,0,0,,4.86,,,0,0,0,0,0,0,0
20,4,20004,0.06,0,0,0,0,0,3.52,0,0.01,0,0,0,0,,,0,0,,1.29,,,0,0,0,0,0,0,0.1
20,5,20005,1.15,0,0.01,0,0.1,0,67.58,0,0.38,0,0.03,0,0,,,0,0,,54.56,,,0,0,0,0.57,0.05,0,3.82
20,6,20006,1.17,0,0.05,0,0.09,0,68.69,0,1.34,0.01,0.12,0.01,0,,,0,0,5.23,32.7,,1.34,0,0,0,0,0,0.05,1.8
20,7,20007,0.26,,0,0,0.02,0,15.24,0,0.02,0,0,0,0,,,0,0,,2.8,,,0,0,0,0,0,0,0.39
20,8,20008,0.06,,0,0,0,0,3.27,0,0.04,0,0,0,0,,,0,0,,3.31,,,0,0,0,0,0,0,0
20,9,20009,0.52,,0.01,0,0.03,0,30.54,0,0.06,0,0.01,0,0,,,0,0,,61.43,,,0,0,0,0,0,0,5.07
20,10,20010,1.07,0,0.02,0,0.1,0,62.9,0,2.47,0.02,0.21,0.02,0,,,0,0,,10.79,,,0,0,0,0.67,0.06,2.41,0.91
20,11,20011,0.08,,0,0,0.01,0,4.95,0,0,0,0,0,0,,,0,0,,0,,,0,0,0,0,0,0,0.17
20,12,20012,0.69,,0,0,0,0,40.65,0,0.08,0,0.01,0,0,,,0,0,,30.19,,,0,0,0,0,0,0,0.96
20,13,20013,0.2,,0,0,0.02,0,11.99,0,0.06,0,0.01,0,0,,,0,0,,10.49,,1.34,0,0,0,0,0,0,1.26
20,14,20014,1.93,0,0.07,0,0.02,0,113.18,0,0.86,0.01,0.07,0.01,0,,,0,0,,17.07,,,0,0,0,1.3,0.12,0.02,1.4
20,15,20015,0.39,,0,0,0.02,0,22.85,0,0,0,0,0,0,,,0,0,,7,,,0,0,0,0,0,0,1
20,16,20016,0.61,,0,0,0.03,0,35.56,0,0,0,0,0,0,,,0,0,,5.22,,,0,0,0,0,0,0,0.39
20,17,20017,0.27,,0,0,0.02,0,15.76,0,0.01,0,0,0,0,,,0,0,4.22,15.45,,,0,0,0,0,0,0,2.21
20,18,20018,0.07,0,0,0,0.01,0,3.88,0,0.01,0,0,0,0,,,0,0,,5.28,,1.34,0,0,0,0,0,0,0.32
20,19,20019,0.23,,0,0,0.02,0,13.67,0,0.02,0,0,0,0,,,0,0,3.78,7.19,,,0,0,0,0,0,0,0.06
20,20,20020,0.3,0,0,0,0.02,0,17.77,0,0.02,0,0,0,0,,,0,0,19.67,5.43,,,0,0,0,0,0,0,0
20,21,20021,1.14,,0.01,0,0.09,0,66.95,0,1.08,0.01,0.09,0.01,0,,,0,0,,66.83,,1.34,0,0,0,0.31,0.03,0.09,6.39
20,22,20022,0.08,0,0,0,0.01,0,4.78,0,0,0,0,0,0,,,0,0,,2.01,,,0,0,0,0,0,0,0.16
20,23,20023,1.2,,0.02,0,0.09,0,70.4,0,0.26,0,0.02,0,0,,,0,0,48.46,20.59,,,0,0,0,0,0,0,2.32
20,24,20024,0.3,,0,0,0.02,0,17.71,0,0.01,0,0,0,0,,,0,0,21,1.72,,,0,0,0,0,0,0,0.02
20,25,20025,0.79,,0.01,0,0.06,0,46.47,0,0.21,0,0.02,0,0,,,0,0,,19.59,,,0,0,0,0,0,0,2.36
20,26,20026,0.6,,0.01,0,0.05,0,35.02,0,0.14,0,0.01,0,0,,,0,0,,19.69,,1.34,0,0,0,0,0,0,1.38
20,27,20027,0.19,,0,0,0.02,0,11.08,0,0.03,0,0,0,0,,,0,0,,3.26,,,0,0,0,0,0,0,0.03
20,28,20028,1.38,0,0.02,0,0.1,0,80.65,0,0.69,0,0.06,0,0,,,0,0,2.38,28.13,,,0,0,0,0,0,0,4.06
20,29,20029,0.32,,0,0,0.02,0,18.92,0,0.03,0,0,0,0,,,0,0,,7.52,,,0,0,0,0,0,0,0.08
20,30,20030,0.66,,0.01,0,0.01,0,38.47,0,0.22,0,0.02,0,0,,,0,0,,17.76,,,0,0,0,0.19,0.02,0,1.07
20,31,20031,0.55,,0,0,0.04,0,32.33,0,0.07,0,0.01,0,0,,,0,0,,6.03,,,0,0,0,0,0,0,0
20,32,20032,0.07,,0,0,0.01,0,3.99,0,0.01,0,0,0,0,,,0,0,,2.81,,,0,0,0,0,0,0,0.22
20,33,20033,0.19,,0,0,0.02,0,10.99,0,0.76,0.01,0.07,0,0,27.66,,0,0,,4.97,,,0,0,0,0.14,0.01,0,0.56
20,34,20034,0.1,,0,0,0.01,0,5.68,0,0.05,0,0,0,0,,,0,0,,1.82,,,0,0,0,0,0,0,0.14
20,35,20035,0.04,,0,0,0,0,2.23,0,0.01,0,0,0,0,,,0,0,,0.66,,,0,0,0,0,0,0.02,0
20,36,20036,0.42,,0,0,0.03,0,24.73,0,0.05,0,0,0,0,,,0,0,71.09,30.51,,,0,0,0,0,0,0,3.46
20,37,20037,0.32,,0,0,0.02,0,18.54,0,0.02,0,0,0,0,,,0,0,,6.78,,,0,0,0,0,0,0,0
20,38,20038,0.16,,0,0,0.01,0,9.15,0,0.37,0,0.03,0,0,,,0,0,1.58,0,,,0,0,0,0,0,0,0
20,39,20039,4.62,0,0.19,0,0.34,0,270.57,0,1.94,0.01,0.17,0.01,0,27.66,,0,0,,11.71,,,0,0,0,0,0,0.29,0.87
20,40,20040,0.45,,0,0,0.03,0,26.55,0,0.03,0,0,0,0,,,0,0,,15.31,,,0,0,0,0,0,0,0.14
20,41,20041,2.54,,0.04,0,0.19,0,148.97,0,0.46,0,0.04,0,0,,,0,0,,44.75,,,0,0,0,0,0,0,0.48
20,42,20042,0.57,0,0.01,0,0.05,0,33.64,0,0.5,0,0.04,0,0,7.61,,0,0,15.1,16.99,,1.34,0,0,0,0,0,0.02,0
20,43,20043,6.87,0,0.21,0,0.5,0,401.9,0,7.77,0.06,0.67,0.05,0.0001,,,0,0,,88.65,,1.34,0,0,0,1.48,0.14,0.09,7.14
20,44,20044,3.13,0,0.06,0,0.27,0,183.31,0,2.94,0.02,0.25,0.02,0,,,0,0,,69.51,,1.34,0,0,0,0.8,0.08,0.02,6.69
20,45,20045,0.49,0,0,0,0.04,0,28.78,0,2.33,0.02,0.2,0.01,0,,,0,0,,6.57,,,0,0,0,0,0,0,0.89
20,46,20046,0.28,0,0,0,0.02,0,16.21,0,0.32,0,0.03,0,0,,,0,0,,20.28,,1.34,0,0,0,0,0,0,1.49
20,47,20047,0.01,0,0,0,0,0,0.48,0,0,0,0,0,0,,,0,0,,2.04,,1.34,0,0,0,0,0,0,0.11
20,48,20048,0.09,,0,0,0,0,5.15,0,0,0,0,0,0,,,0,0,,2.66,,,0,0,0,0,0,0,0.39
20,49,20049,0.08,,0,0,0.01,0,4.96,0,0,0,0,0,0,,,0,0,,0.59,,,0,0,0,0,0,0,0.44
20,50,20050,0.28,0,0,0,0.02,0,16.2,0,0,0,0,0,0,,,0,0,,2.67,,1.34,0,0,0,0,0,0,0.19
20,51,20051,0.34,,0,0,0.02,0,20.11,0,0.14,0,0.01,0,0,,,0,0,,4.65,,,0,0,0,0,0,0,0.67
20,52,20052,0.48,,0.01,0,0.04,0,28.15,0,0.11,0,0.01,0,0,,,0,0,,14.24,,,0,0,0,0,0,0.22,1.29
20,53,20053,0.09,0,0,0,0.01,0,5.45,0,0.08,0,0.01,0,0,,,0,0,,6.07,,,0,0,0,0,0,0,0.43
20,54,20054,0.03,,0,0,0,0,1.98,0,0.01,0,0,0,0,,,0,0,,4.67,,1.34,0,0,0,0,0,0,0.28
20,55,20055,0.25,,0.01,0,0.02,0,14.7,0,0.1,0,0.01,0,0,,,0,0,,5.13,,,0,0,0,0,0,0,0.38
20,56,20056,0.1,,0,0,0.01,0,5.57,0,0,0,0,0,0,,,0,0,,8.09,,,0,0,0,0,0,0,0.16
20,57,20057,3.07,0,0.09,0,0.25,0,179.83,0,1.11,0.01,0.1,0.01,0,,,0,0,,114.13,,,0,0,0,1.69,0.16,0.01,8.13
20,58,20058,1.03,,0,0,0.08,0,60.54,0,0.04,0,0,0,0,,,0,0,,17.05,,,0,0,0,0,0,0,0.16
20,59,20059,2.57,0,0.06,0,0.18,0,150.64,0,1.33,0.01,0.12,0.01,0,,,0,0,0.71,40.01,,,0,0,0,0,0,0,0
20,60,20060,0.19,,0,0,0.01,0,11.41,0,0,0,0,0,0,,,0,0,,3.44,,,0,0,0,0,0,0,0
20,61,20061,0.17,,0,0,0.01,0,9.85,0,0.01,0,0,0,0,,,0,0,,4.21,,,0,0,0,0,0,0,0
20,62,20062,0.04,,0,0,0,0,2.56,0,0.03,0,0,0,0,,,0,0,,0.13,,,0,0,0,0,0,0.79,0
20,63,20063,0.3,0,0.01,0,0.02,0,17.41,0,0.29,0,0.03,0,0,,,0,0,,4.36,,,0,0,0,0,0,0.02,0.74
20,64,20064,0.58,,0,0,0.04,0,34.1,0,0.01,0,0,0,0,,,0,0,50.78,58.29,,,0,0,0,0,0,0,0
20,65,20065,0.11,0,0,0,0.01,0,6.42,0,0.01,0,0,0,0,,,0,0,,2.67,,,0,0,0,0,0,0,0.2
20,66,20066,0.4,,0.01,0,0.04,0,23.22,0,0.14,0,0.01,0,0,,,0,0,,49.64,,,0,0,0,0,0,0,3.44
20,67,20067,21.19,,1.4,0,1.69,0,27.17,0,14.5,0.1,1.25,0.09,0.0001,,,499.18,0.14,0.08,2.05,0.06,,1.82,0.78,0,0.66,0.06,4.22,0.28
20,68,20068,1.57,0,0.04,0,0.1,0,91.65,0,1.23,0.01,0.11,0.01,0,,,0,0,,23.21,,1.34,0,0,0,0.15,0.01,0.39,3.18
20,69,20069,0.17,,0,0,0.01,0,9.99,0,0.01,0,0,0,0,,,0,0,,8.32,,,0,0,0,0,0,0,1.19
20,70,20070,0.54,,0,0,0.04,0,31.37,0,0.08,0,0.01,0,0,,,0,0,,9.19,,,0,0,0,0,0,0,0.2
20,71,20071,0.26,,0,0,0.02,0,15.51,0,0.04,0,0,0,0,,,0,0,1.12,31.34,,,0,0,0,0,0,0,1.06
20,72,20072,0.49,,0,0,0.03,0,28.85,0,0.05,0,0,0,0,,,0,0,,0,,,0,0,0,0,0,0,1.45
20,73,20073,2.37,0,0.04,0,0.18,0,138.91,0,0.34,0,0.03,0,0,,,0,0,181.98,30.08,,1.34,0,0,0,0,0,0,0
20,74,20074,0.04,,0,0,0,0,2.05,0,0.01,0,0,0,0,,,0,0,,1.47,,,0,0,0,0,0,0,0
20,75,20075,0.22,0,0,0,0.02,0,12.59,0,0.11,0,0.01,0,0,,,0,0,,27.33,,,0,0,0,0.37,0.03,0,1.94
20,76,20076,0.25,0,0,0,0.02,0,14.49,0,0.03,0,0,0,0,,,0,0,,5.22,,,0,0,0,0,0,0,0
20,77,20077,0.26,,0,0,0.02,0,15.22,0,0.19,0,0.02,0,0,,,0,0,,5.88,,,0,0,0,0,0,0.11,0.73
20,78,20078,0.08,,0,0,0.01,0,4.51,0,0.03,0,0,0,0,,,0,0,,4.88,,,0,0,0,0,0,0,0.53
20,79,20079,6.09,0,0.24,0,0.05,0,44.71,0,14.44,0.1,1.25,0.09,0.0001,,,0,0,,3.71,,,0,0,39.15,0.21,0.02,1.87,0.28
20,80,20080,0.12,0,0,0,0.01,0,6.81,0,0.04,0,0,0,0,,,0,0,,5.13,,,0,0,0,0,0,0,0.74
20,81,20081,0.14,,0,0,0.01,0,8.36,0,0.02,0,0,0,0,,,0,0,,2.04,,,0,0,0,0,0,0,0.15
20,82,20082,0.36,0,0,0,0.03,0,21.13,0,0.01,0,0,0,0,,,0,0,,20.49,,,0,0,0,0,0,0,0.56
20,83,20083,0.45,0,0.02,0,0.03,0,3.92,0,2.21,0.02,0.19,0.01,0,,,0,0,0.71,1.06,,,0,0,0,0,0,0,0.14
20,84,20084,0.26,,0,0,0.02,0,15.18,0,0.07,0,0.01,0,0,,,0,0,0.16,1.2,,,0,0,0,0,0,0,0.17
20,85,20085,1.42,,0,0,0.09,0,83.42,0,0.04,0,0,0,0,,,0,0,2.87,59.1,,,0,0,0,0,0,0,1.82
20,86,20086,0.07,,0,0,0.01,0,4.1,0,0.04,0,0,0,0,,,0,0,8.97,1.49,,,0,0,0,0,0,0,0.11
20,87,20087,0.25,,0.01,0,0.02,0,1.63,0,0.32,0,0.03,0,0,,,0,0,,0.96,,,0,0,0,0,0,0,0.14
20,88,20088,0.2,0,0,0,0.01,0,11.84,0,0.29,0,0.03,0,0,,,0,0,22.57,4.21,,,0,0,0,0,0,0,0
20,89,20089,0.17,,0,0,0.01,0,9.89,0,0.02,0,0,0,0,,,0,0,,4.71,,,0,0,0,0,0,0,0.36
20,90,20090,0.46,0,0.01,0,0.03,0,26.94,0,0.09,0,0.01,0,0,,,0,0,,13.96,,,0,0,0,0,0,0,0.27
20,91,20091,0.36,0,0,0,0.03,0,3.68,0,0.16,0,0.01,0,0,,,0,0,0.63,4.28,,,0,0,0,0,0,0,0.61
20,92,20092,0.11,,0,0,0.01,0,6.29,0,0.01,0,0,0,0,,,0,0,,3.92,,1.34,0,0,0,0,0,0,0.55
20,93,20093,0.04,0,0,0,0,0,2.47,0,0.01,0,0,0,0,,,0,0,,5.97,,1.34,0,0,0,0,0,0,0.37
20,94,20094,0.16,0,0,0,0.01,0,9.28,0,0.04,0,0,0,0,,,0,0,,4.88,,,0,0,0,0,0,0,0.37
20,95,20095,0.33,,0,0,0.02,0,19.03,0,0.13,0,0.01,0,0,,,0,0,3.2,2.61,,,0,0,0,0,0,0,0
20,96,20096,0.05,0,0,0,0,0,2.87,0,0.07,0,0.01,0,0,,,0,0,,12.35,,1.34,0,0,0,0,0,0,0.75
20,97,20097,0.14,,0,0,0.01,0,7.95,0,0.01,0,0,0,0,,,0,0,,1.47,,1.34,0,0,0,0,0,0,0
20,98,20098,0.34,,0,0,0.02,0,19.92,0,0,0,0,0,0,,,0,0,,15,,,0,0,0,0,0,0,0.15
20,99,20099,0.04,,0,0,0,0,2.27,0,0,0,0,0,0,,,0,0,,0.31,,,0,0,0,0,0,0,0.02
20,100,20100,0.03,,0,0,0,0,1.77,0,0.03,0,0,0,0,,,0,0,,0.84,,1.34,0,0,0,0,0,0,0
20,101,20101,0.06,,0,0,0,0,3.54,0,0.01,0,0,0,0,,,0,0,34.38,2.21,,,0,0,0,0,0,0,0.32
20,102,20102,0.3,0,0,0,0.02,0,17.84,0,0.05,0,0,0,0,,,0,0,1.98,4.01,,,0,0,0,0,0,0,0.54
20,103,20103,0.39,,0.01,0,0.03,0,22.6,0,0.18,0,0.02,0,0,,,0,0,,8.72,,,0,0,0,0,0,0,1.23
20,104,20104,0.2,,0,0,0.01,0,11.44,0,0,0,0,0,0,,,0,0,,4.49,,,0,0,0,0,0,0,0.64
20,105,20105,0.52,,0,0,0.04,0,30.34,0,0,0,0,0,0,,,0,0,,13.18,,1.34,0,0,0,0,0,0,0.9
20,106,20106,0.02,,0,0,0,0,1.46,0,0.01,0,0,0,0,,,0,0,,1.59,,1.34,0,0,0,0,0,0,0.1
20,107,20107,1.2,,0.02,0,0.08,0,5.75,0,1.88,0.01,0.16,0.01,0,,,0,0,,1.29,,,0,0,0,0,0,0.03,0.13
20,108,20108,0.34,0,0,0,0.02,0,20.14,0,0.06,0,0.01,0,0,,,0,0,,7.75,,,0,0,0,0,0,0,1.11
20,109,20109,0.1,,0,0,0.01,0,5.88,0,0.02,0,0,0,0,,,0,0,,2.62,,1.34,0,0,0,0.78,0.07,0,0.02
20,110,20110,0.1,,0,0,0.01,0,6.08,0,0,0,0,0,0,,,0,0,,0.97,,1.34,0,0,0,0,0,0,0.07
20,111,20111,0.31,,0,0,0.02,0,18.13,0,0.02,0,0,0,0,,,0,0,,10.13,,,0,0,0,0,0,0,0.21
20,112,20112,0.22,0,0,0,0.02,0,12.71,0,0.12,0,0.01,0,0,,,0,0,,11.36,,,0,0,0,0,0,0,1.62
20,113,20113,0.22,,0,0,0.02,0,12.88,0,0.03,0,0,0,0,,,0,0,,7.33,,,0,0,0,0,0,0,0.22
20,114,20114,0.06,,0,0,0.01,0,3.23,0,0,0,0,0,0,,,0,0,,0.64,,,0,0,0,0,0,0,0
20,115,20115,0.64,0,0.01,0,0.05,0,2.59,0,1.11,0.01,0.1,0.01,0,,,0,0,,5.02,,,0,0,0,0,0,0,0.7
20,116,20116,0.3,,0,0,0.02,0,17.38,0,0,0,0,0,0,,,0,0,,10.14,,,0,0,0,0,0,0,0.1
20,117,20117,0.21,,0,0,0.01,0,12.25,0,0.07,0,0.01,0,0,,,0,0,,10.73,,,0,0,0,0,0,0,0.33
20,118,20118,0.2,,0,0,0.01,0,11.63,0,0.06,0,0.01,0,0,,,0,0,,3.53,,,0,0,0,0,0,0,0.51
20,119,20119,0.03,0,0,0,0,0,1.78,0,0.01,0,0,0,0,,,0,0,,1.07,,,0,0,0,0,0,0,0.08
20,120,20120,0.03,,0,0,0,0,1.78,0,0.01,0,0,0,0,,,0,0,,0.12,,,0,0,0,0,0,0,0
20,121,20121,0.05,0,0,0,0.01,0,3.19,0,0.01,0,0,0,0,,,0,0,,6.45,,1.34,0,0,0,0,0,0,0.35
20,122,20122,0.05,,0,0,0,0,3.09,0,0.01,0,0,0,0,,,0,0,,2.57,,,0,0,0,0,0,0,0
20,123,20123,0.19,0,0,0,0.01,0,11.2,0,0.03,0,0,0,0,,,0,0,,7.2,,,0,0,0,0,0,0,1.07
20,124,20124,1.35,,0.01,0,0.1,0,42.7,0,3.6,0.03,0.31,0.02,0,,,0,0,,27.19,,,0,0,0,0,0,0,2.32
20,125,20125,0.79,,0,0,0.01,0,46.13,0,0.04,0,0,0,0,,,0,0,80.16,29.8,,,0,0,0,0,0,0,0
20,126,20126,0.32,,0,0,0.02,0,18.62,0,1.5,0.01,0.13,0.01,0,,,0,0,,7.98,,,0,0,0,0,0,0,0
20,127,20127,0.09,0,0,0,0.01,0,5.52,0,0,0,0,0,0,,,0,0,,1.36,,1.34,0,0,0,0,0,0,0.1
20,128,20128,0.09,,0,0,0.01,0,5.29,0,0.1,0,0.01,0,0,,,0,0,,1.66,,1.34,0,0,0,0,0,0,0
20,129,20129,0.02,,0,0,0,0,1.14,0,0.01,0,0,0,0,,,0,0,,4.01,,1.34,0,0,0,0,0,0,0.2
20,130,20130,0.41,0,0,0,0.03,0,24.17,0,0.09,0,0.01,0,0,,,0,0,,5.49,,,0,0,0,0.81,0.08,0,0.48
20,131,20131,0.76,,0.01,0,0.05,0,44.4,0,0.73,0.01,0.06,0,0,,,0,0,10.92,4.26,,,0,0,0,0,0,0,0.77
20,132,20132,0.09,,0,0,0.01,0,5.12,0,0.03,0,0,0,0,,,0,0,,4.99,,,0,0,0,0,0,0,0.71
20,133,20133,0.29,,0,0,0.02,0,17.21,0,0.01,0,0,0,0,,,0,0,0.48,5.51,,,0,0,0,0,0,0,0.41
20,134,20134,2.03,,0.01,0,0.13,0,118.86,0,0.18,0,0.02,0,0,,,0,0,,87.95,,,0,0,0,0,0,0,8.48
20,135,20135,0.5,,0,0,0.03,0,29.12,0,0.34,0,0.03,0,0,,,0,0,1.51,8.2,,,0,0,0,0,0,0,1.14
20,136,20136,0.93,,0.01,0,0.01,0,54.49,0,0.1,0,0.01,0,0,,,0,0,,54.68,,,0,0,0,0,0,0,6.37
20,137,20137,0.25,,0,0,0.02,0,14.84,0,0.02,0,0,0,0,,,0,0,,8.13,,,0,0,0,0,0,0,0
20,138,20138,0.03,,0,0,0,0,1.74,0,0.01,0,0,0,0,,,0,0,,0.7,,,0,0,0,0,0,0,0
20,139,20139,0.16,,0,0,0.01,0,9.21,0,0,0,0,0,0,,,0,0,,4.96,,,0,0,0,0,0,0,0.05
20,140,20140,0.05,,0,0,0,0,3.15,0,0,0,0,0,0,,,0,0,,6.69,,1.34,0,0,0,0,0,0,0.4
20,141,20141,0.55,,0.01,0,0.04,0,32.17,0,0.07,0,0.01,0,0,,,0,0,,22.43,,,0,0,0,0,0,0,1.65
20,142,20142,0.1,,0,0,0.01,0,5.86,0,0,0,0,0,0,,,0,0,,2.61,,,0,0,0,0,0,0,0.02
20,143,20143,0.72,0,0.01,0,0.06,0,42.36,0,0.13,0,0.01,0,0,,,0,0,,43.7,,,0,0,0,0.9,0.08,0,3.1
20,144,20144,0.07,0,0,0,0.01,0,4.12,0,0.04,0,0,0,0,,,0,0,,5.59,,1.34,0,0,0,0,0,0,0.31
20,145,20145,0.15,,0,0,0.01,0,8.99,0,0.3,0,0.03,0,0,,,0,0,,2.48,,,0,0,0,0,0,0,0.35
20,146,20146,0.18,,0,0,0.01,0,10.48,0,0.04,0,0,0,0,,,0,0,,2.04,,,0,0,0,0,0,0,0
20,147,20147,0.03,,0,0,0,0,1.6,0,0.03,0,0,0,0,,,0,0,,1.75,,1.34,0,0,0,0,0,0,0.12
20,148,20148,0.15,,0,0,0.01,0,8.59,0,0.02,0,0,0,0,,,0,0,,3.96,,,0,0,0,0,0,0,0
20,149,20149,0.11,,0,0,0.01,0,6.18,0,0.03,0,0,0,0,,,0,0,17.58,3.62,,,0,0,0,0,0,0,0
20,150,20150,0.82,,0.02,0,0.05,0,48.11,0,0.27,0,0.02,0,0,,,0,0,0.96,13.29,,,0,0,0,0.89,0.08,0,1.91
20,151,20151,0.03,,0,0,0,0,1.83,0,0.02,0,0,0,0,,,0,0,,3.63,,1.34,0,0,0,0,0,0,0.19
20,152,20152,0.1,,0,0,0.01,0,5.78,0,0,0,0,0,0,,,0,0,,3.33,,,0,0,0,0,0,0,0.25
20,153,20153,0.31,,0,0,0.02,0,18.39,0,0.05,0,0,0,0,,,0,0,1.02,24.34,,,0,0,0,0,0,0,0.7
20,154,20154,0.16,,0,0,0.01,0,9.4,0,0,0,0,0,0,,,0,0,,5.04,,,0,0,0,0,0,0,0
20,155,20155,0.06,0,0,0,0,0,3.69,0,0,0,0,0,0,,,0,0,,2.29,,,0,0,0,0,0,0,0
20,156,20156,0.25,,0,0,0.02,0,14.51,0,0.03,0,0,0,0,,,0,0,20.28,7.51,,1.34,0,0,0,0,0,0,0
20,157,20157,0.81,,0.02,0,0.06,0,47.27,0,0.88,0.01,0.08,0.01,0,,,0,0,,0.78,,,0,0,0,0,0,0.03,0.11
20,158,20158,0.17,,0,0,0.01,0,10.04,0,0,0,0,0,0,,,0,0,,6.62,,,0,0,0,0,0,0,0
20,159,20159,0.4,,0,0,0.02,0,23.3,0,0.01,0,0,0,0,,,0,0,1.21,11.24,,,0,0,0,0,0,0,0
20,160,20160,0.14,,0,0,0.01,0,8.15,0,0.09,0,0.01,0,0,,,0,0,,1.64,,,0,0,0,0,0,0,0.12
20,161,20161,0.22,0,0,0,0.02,0,12.81,0,0.03,0,0,0,0,,,0,0,,0.22,,,0,0,0,0.66,0.06,0,0.04
20,162,20162,0.14,,0,0,0.01,0,8.19,0,0.02,0,0,0,0,,,0,0,,6.37,,1.34,0,0,0,0,0,0,0.9
20,163,20163,0.12,,0,0,0.01,0,7.12,0,0.04,0,0,0,0,,,0,0,,3,,,0,0,0,0,0,0,0.03
20,164,20164,0.24,,0,0,0.02,0,13.84,0,0.05,0,0,0,0,,,0,0,,3.07,,,0,0,0,0,0,0,0.23
20,165,20165,0.11,,0,0,0.01,0,6.28,0,0.05,0,0,0,0,,,0,0,,3.38,,,0,0,0,0,0,0,0.26
20,166,20166,0.82,,0.01,0,0.06,0,47.75,0,0.33,0,0.03,0,0,,,0,0,,103.91,,1.34,0,0,0,0,0,0,9.17
20,167,20167,0.15,,0,0,0.01,0,8.72,0,0.06,0,0.01,0,0,,,0,0,1.61,5.43,,,0,0,0,0,0,0,0
20,168,20168,0.08,0,0,0,0.01,0,4.47,0,0.01,0,0,0,0,,,0,0,,10.12,,,0,0,0,0,0,0,0.16
20,169,20169,0.29,,0,0,0.02,0,17.27,0,0.02,0,0,0,0,,,0,0,,5,,,0,0,0,0,0,0,0.64
20,170,20170,0.28,,0,0,0.02,0,16.57,0,0.11,0,0.01,0,0,,,0,0,,1.14,,,0,0,0,0,0,0,0
20,171,20171,1.45,,0,0,0.11,0,84.81,0,0.02,0,0,0,0,,,0,0,0.39,81.64,,,0,0,0,0,0,0,0.85
20,172,20172,0.03,,0,0,0,0,1.88,0,0,0,0,0,0,,,0,0,,1.21,,1.34,0,0,0,0,0,0,0.09
20,173,20173,0.1,0,0,0,0.01,0,6.09,0,0,0,0,0,0,,,0,0,0.39,1.69,,1.34,0,0,0,0,0,0,0
20,174,20174,0.25,0,0.01,0,0.02,0,1.39,0,0.09,0,0.01,0,0,,,0,0,,2.94,,,0,0,0,0,0,0,0.52
20,175,20175,0.11,0,0,0,0.01,0,6.48,0,0.01,0,0,0,0,,,0,0,,2.74,,,0,0,0,0,0,0,0.4
20,176,20176,0.23,,0,0,0.02,0,13.4,0,0.04,0,0,0,0,,,0,0,,12.48,,1.34,0,0,0,0,0,0,0.67
20,177,20177,0.73,,0.01,0,0.06,0,42.97,0,0.15,0,0.01,0,0,5.29,,0,0,,13.31,,1.34,0,0,0,1.16,0.11,0,0.16
20,178,20178,0.39,,0,0,0.03,0,22.99,0,0,0,0,0,0,,,0,0,,4.84,,,0,0,0,0,0,0,0.7
20,179,20179,0.1,0,0,0,0.01,0,5.87,0,0.03,0,0,0,0,,,0,0,,6.05,,,0,0,0,0,0,0,0.85
20,180,20180,0.17,,0,0,0.01,0,10.02,0,0.03,0,0,0,0,,,0,0,,9.94,,,0,0,0,0,0,0,0.17
20,181,20181,0.03,,0,0,0,0,1.93,0,0,0,0,0,0,,,0,0,,1.25,,,0,0,0,0,0,0,0.1
20,182,20182,0.18,,0,0,0.01,0,10.49,0,0.01,0,0,0,0,,,0,0,,8.16,,,0,0,0,0,0,0,0.08
20,183,20183,0.12,,0,0,0.01,0,6.75,0,0.01,0,0,0,0,,,0,0,,1.63,,,0,0,0,0,0,0,0.12
20,184,20184,11.56,0,0.32,0,0.96,0,676.58,0,14.47,0.1,1.25,0.09,0.0001,51.33,,0,0,,552.14,,1.34,0,0,0,1.27,0.12,0.65,45.36
20,185,20185,0.65,0,0.01,0,0.04,0,38.07,0,0.19,0,0.02,0,0,,,0,0,,14.59,,,0,0,0,0,0,0,0.3
20,186,20186,0.04,,0,0,0,0,2.6,0,0,0,0,0,0,,,0,0,,1.05,,,0,0,0,0,0,0,0.08
20,187,20187,0.16,,0,0,0.01,0,9.45,0,0.01,0,0,0,0,,,0,0,,11.43,,,0,0,0,0,0,0,0.11
20,188,20188,0.69,,0,0,0.05,0,40.57,0,0.1,0,0.01,0,0,,,0,0,,12.93,,,0,0,0,0,0,0,0.29
20,189,20189,0.19,,0,0,0.01,0,11.18,0,0,0,0,0,0,,,0,0,,25.82,,,0,0,0,0,0,0,2.12
20,190,20190,1.8,,0.01,0,0.13,0,105.21,0,0.19,0,0.02,0,0,,,0,0,17.67,189.24,,,0,0,0,0,0,0,0.02
20,191,20191,0.02,0,0,0,0,0,1.32,0,0,0,0,0,0,,,0,0,,1.17,,1.34,0,0,0,0,0,0,0
20,192,20192,0.11,0,0,0,0.01,0,6.19,0,0.05,0,0,0,0,,,0,0,,3.92,,,0,0,0,0,0,0,0.55
20,193,20193,0.18,0,0,0,0.01,0,10.3,0,0.06,0,0.01,0,0,,,0,0,157.97,5.9,,,0,0,0,0,0,0,0.85
20,194,20194,0.1,,0,0,0.01,0,5.74,0,0.44,0,0.04,0,0,,,0,0,,5.59,,,0,0,0,0,0,0,0.88
20,195,20195,0.1,,0,0,0.01,0,5.99,0,0.02,0,0,0,0,,,0,0,,1.99,,1.34,0,0,0,0,0,0,0.13
20,196,20196,0.03,,0,0,0,0,1.93,0,0.01,0,0,0,0,,,0,0,,0.56,,1.34,0,0,0,0,0,0,0
20,197,20197,0.24,,0.01,0,0.02,0,13.76,0,0.1,0,0.01,0,0,,,0,0,,1.52,,,0,0,0,0.52,0.05,0,0.22
20,198,20198,2.21,0,0.01,0,0.19,0,129.39,0,0.13,0,0.01,0,0,,,0,0,,158.22,,,0,0,0,1.03,0.1,0,13.04
20,199,20199,0.06,,0,0,0,0,3.36,0,0.01,0,0,0,0,,,0,0,,1.61,,,0,0,0,0,0,0,0.12
20,200,20200,0.28,,0,0,0.02,0,16.65,0,0.04,0,0,0,0,,,0,0,2.42,6.94,,1.34,0,0,0,0,0,0,0
20,201,20201,0.15,,0,0,0.01,0,8.93,0,0.02,0,0,0,0,,,0,0,7.91,3.28,,,0,0,0,0,0,0,0
20,202,20202,0.31,,0,0,0.02,0,18.42,0,0.02,0,0,0,0,,,0,0,7.29,24.44,,,0,0,0,0,0,0,0.66
20,203,20203,0.27,,0,0,0.02,0,15.74,0,0,0,0,0,0,,,0,0,,3.4,,,0,0,0,0,0,0,0.49
20,204,20204,0.05,,0,0,0,0,3.15,0,0,0,0,0,0,,,0,0,0.47,6.77,,,0,0,0,0,0,0,0
20,205,20205,1.31,,0,0,0.09,0,76.45,0,0,0,0,0,0,,,0,0,6.38,106.45,,,0,0,0,0,0,0,9.31
20,206,20206,0.2,,0,0,0.02,0,11.45,0,0.05,0,0,0,0,,,0,0,,3.2,,,0,0,0,0,0,0,0.04
20,207,20207,1.29,,0,0,0.09,0,75.53,0,0.02,0,0,0,0,,,0,0,,135.6,,,0,0,0,0,0,0.48,0.02
20,208,20208,0.59,,0,0,0.05,0,34.74,0,0.05,0,0,0,0,,,0,0,,12.29,,,0,0,0,0,0,0,0.95
20,209,20209,0.07,0,0,0,0.01,0,4.23,0,0.01,0,0,0,0,,,0,0,,4.01,,,0,0,0,0,0,0,0
20,210,20210,0.46,,0,0,0.03,0,27.13,0,0,0,0,0,0,,,0,0,,12.9,,1.34,0,0,0,0,0,0,0.93
20,211,20211,0.22,,0,0,0.01,0,13.01,0,0.01,0,0,0,0,,,0,0,12.09,4.82,,,0,0,0,0,0,0,0
20,212,20212,0.22,,0,0,0.01,0,12.72,0,0,0,0,0,0,,,0,0,,5.76,,,0,0,0,0,0,0,0.74
20,213,20213,0.33,0,0,0,0.02,0,19.44,0,0,0,0,0,0,,,0,0,61.7,7.07,,,0,0,0,0,0,0,0.2
20,214,20214,0.19,,0,0,0.01,0,11.37,0,0.03,0,0,0,0,,,0,0,,1.92,,,0,0,0,0,0,0,0
20,215,20215,0.05,0,0,0,0,0,3.07,0,0,0,0,0,0,,,0,0,,9.14,,1.34,0,0,0,0,0,0,0.54
20,216,20216,0.09,,0,0,0.01,0,5.11,0,0.1,0,0.01,0,0,,,0,0,,1.08,,1.34,0,0,0,0,0,0,0
20,217,20217,0.25,0,0,0,0.02,0,14.84,0,0,0,0,0,0,,,0,0,,12.44,,1.34,0,0,0,0,0,0,0.94
20,218,20218,0.04,0,0,0,0,0,2.39,0,0.02,0,0,0,0,,,0,0,22.81,1.15,,,0,0,0,0,0,0,0.09
20,219,20219,0.2,,0,0,0.02,0,11.94,0,0.03,0,0,0,0,,,0,0,,3.28,,,0,0,0,0,0,0,0.46
20,220,20220,0.23,,0,0,0.02,0,13.64,0,0,0,0,0,0,,,0,0,,4.5,,,0,0,0,0,0,0,0.04
20,221,20221,0.11,,0,0,0.01,0,6.29,0,0.02,0,0,0,0,,,0,0,,4.43,,1.34,0,0,0,0,0,0,0.25
20,222,20222,0.12,,0,0,0.01,0,7,0,0.17,0,0.02,0,0,,,0,0,,2.35,,1.34,0,0,0,0,0,0,0
20,223,20223,0.04,,0,0,0,0,2.63,0,0.02,0,0,0,0,,,0,0,,1.7,,,0,0,0,0,0,0,0
20,224,20224,0.05,0,0,0,0,0,3.07,0,0.02,0,0,0,0,,,0,0,,9.8,,1.34,0,0,0,0,0,0,0.55
20,225,20225,0.46,,0,0,0.03,0,27.06,0,0,0,0,0,0,,,0,0,,13.28,,,0,0,0,0,0,0,0.31
20,226,20226,0.2,,0,0,0.02,0,11.59,0,0.16,0,0.01,0,0,,,0,0,,8.73,,,0,0,0,0,0,0,1.33
20,227,20227,0.92,,0.03,0,0.01,0,14.2,0,0.33,0,0.03,0,0,,,0,0,,3.19,,,0,0,0,0,0,0,0.4
20,228,20228,0.06,,0,0,0,0,3.45,0,0.03,0,0,0,0,,,0,0,,0.69,,,0,0,0,0,0,0,0.01
20,229,20229,0.51,,0,0,0.03,0,29.58,0,0,0,0,0,0,,,0,0,87.11,9.16,,,0,0,0,0,0,0,0
20,230,20230,0.08,0,0,0,0.01,0,4.44,0,0.02,0,0,0,0,,,0,0,,1.5,,,0,0,0,0,0,0,0.11
20,231,20231,0.2,,0,0,0.01,0,11.81,0,0.01,0,0,0,0,,,0,0,,2.98,,,0,0,0,0,0,0,0
20,232,20232,1.59,,0.01,0,0.1,0,93,0,0.11,0,0.01,0,0,,,0,0,,173.65,,1.34,0,0,0,0,0,0,14.82
20,233,20233,0.14,,0,0,0.01,0,8.28,0,0.03,0,0,0,0,,,0,0,,4.24,,,0,0,0,0,0,0,0.62
20,234,20234,0.59,,0,0,0.04,0,34.56,0,0,0,0,0,0,,,0,0,,9.82,,,0,0,0,0,0,0,0.08
20,235,20235,0.27,,0,0,0.02,0,15.88,0,0.45,0,0.04,0,0,,,0,0,,10.59,,,0,0,0,0,0,0,0
20,236,20236,0.11,,0,0,0.01,0,6.55,0,0,0,0,0,0,,,0,0,,1.18,,,0,0,0,0,0,0,0
20,237,20237,0.17,0,0,0,0.01,0,9.88,0,0.03,0,0,0,0,,,0,0,,3.4,,,0,0,0,0,0,0,0.26
20,238,20238,0.06,,0,0,0,0,3.56,0,0.01,0,0,0,0,,,0,0,,2.08,,,0,0,0,0,0,0,0.29
20,239,20239,0.08,,0,0,0.01,0,4.74,0,0,0,0,0,0,,,0,0,,2.96,,1.34,0,0,0,0,0,0,0.21
20,240,20240,0.2,,0,0,0.01,0,11.95,0,0,0,0,0,0,,,0,0,,3.35,,,0,0,0,0,0,0,0.25
20,241,20241,0.08,,0,0,0.01,0,4.58,0,0.04,0,0,0,0,,,0,0,,0.81,,,0,0,0,0,0,0,0.11
20,242,20242,0.99,,0,0,0.04,0,58.07,0,0.01,0,0,0,0,,,0,0,,4.11,,,0,0,0,0,0,0,0.31
20,243,20243,0.13,,0,0,0.01,0,7.63,0,1.06,0.01,0.09,0.01,0,,,0,0,27.62,5.61,,,0,0,0,0,0,0,0.8
20,244,20244,0.29,,0,0,0.02,0,16.83,0,0.04,0,0,0,0,,,0,0,1.61,5.59,,1.34,0,0,0,0,0,0,0.05
20,245,20245,0.1,,0,0,0.01,0,5.61,0,0.02,0,0,0,0,,,0,0,,3.5,,,0,0,0,0,0,0,0.28
20,246,20246,0.05,,0,0,0,0,2.69,0,0.07,0,0.01,0,0,,,0,0,,0.69,,,0,0,0,0,0,0,0
20,247,20247,0.1,0,0,0,0.01,0,6.15,0,0.03,0,0,0,0,,,0,0,0.12,0,,1.34,0,0,0,0,0,0,0
20,248,20248,1.01,,0.01,0,0.06,0,59.29,0,0.11,0,0.01,0,0,,,0,0,,5.31,,,0,0,0,0,0,0,0.43
20,249,20249,0.26,,0,0,0.02,0,15.42,0,0.05,0,0,0,0,,,0,0,,4.13,,,0,0,0,0,0,0,0.04
20,250,20250,0.09,,0,0,0.01,0,5.08,0,0.01,0,0,0,0,,,0,0,,10.56,,1.34,0,0,0,0,0,0,0.59
20,251,20251,0.09,,0,0,0.01,0,5.27,0,0.01,0,0,0,0,,,0,0,,1.02,,,0,0,0,0,0,0,0.08
20,252,20252,0.14,,0,0,0.01,0,8.11,0,0.1,0,0.01,0,0,,,0,0,,3.05,,,0,0,0,0,0,0,0.23
20,253,20253,0.21,,0,0,0.02,0,12.39,0,0.03,0,0,0,0,,,0,0,2.38,27.86,,,0,0,0,0,0,0,0.93
20,254,20254,0.22,,0,0,0.02,0,13.13,0,0.07,0,0.01,0,0,,,0,0,,2.47,,,0,0,0,0,0,0,0
20,255,20255,0.15,0,0,0,0.01,0,8.76,0,0.05,0,0,0,0,,,0,0,22.81,6.41,,,0,0,0,0,0,0,0.48
20,256,20256,0.02,0,0,0,0,0,1.06,0,0.01,0,0,0,0,,,0,0,,1.12,,1.34,0,0,0,0,0,0,0.07
20,257,20257,0.07,,0,0,0.01,0,4.3,0,0,0,0,0,0,,,0,0,,1.55,,1.34,0,0,0,0,0,0,0
20,258,20258,0.06,0,0,0,0.01,0,3.74,0,0,0,0,0,0,,,0,0,,1.62,,1.34,0,0,0,0,0,0,0.11
20,259,20259,0.18,,0,0,0.01,0,10.42,0,0.03,0,0,0,0,,,0,0,,1.84,,,0,0,0,0,0,0,0.14
20,260,20260,0.21,,0,0,0.01,0,12.34,0,0.01,0,0,0,0,,,0,0,,2.66,,1.34,0,0,0,0,0,0,0
20,261,20261,0.47,,0,0,0.03,0,27.79,0,0.03,0,0,0,0,,,0,0,,11.53,,,0,0,0,0,0,0,0.88
20,262,20262,0.08,,0,0,0.01,0,4.74,0,0,0,0,0,0,,,0,0,,0.82,,,0,0,0,0,0,0,0
20,263,20263,0.22,,0,0,0.01,0,13.14,0,0.05,0,0,0,0,,,0,0,,8.02,,,0,0,0,0,0,0,0
20,264,20264,0.16,,0,0,0.01,0,9.52,0,0,0,0,0,0,,,0,0,,5.84,,1.34,0,0,0,0,0,0,0.37
20,265,20265,0.52,,0,0,0.04,0,30.61,0,0.02,0,0,0,0,,,0,0,57.29,50.44,,,0,0,0,0,0,0,4.31
20,266,20266,0.6,,0,0,0.04,0,35.15,0,0.03,0,0,0,0,,,0,0,168.57,34.31,,,0,0,0,0,0,0,1.08
20,267,20267,0.02,,0,0,0,0,1.29,0,0.03,0,0,0,0,,,0,0,,0.22,,,0,0,0,0,0,0,0
20,268,20268,0.06,,0,0,0,0,3.64,0,0.02,0,0,0,0,,,0,0,,4.94,,,0,0,0,0,0,0,0.74
20,269,20269,0.25,,0,0,0.02,0,14.44,0,0.04,0,0,0,0,,,0,0,,7.27,,1.34,0,0,0,0,0,0,0.54
20,270,20270,0.1,,0,0,0.01,0,5.79,0,0.22,0,0.02,0,0,,,0,0,,4.78,,1.34,0,0,0,0,0,0,0.3
20,271,20271,0.19,,0,0,0.01,0,11.17,0,0.01,0,0,0,0,,,0,0,,9.27,,,0,0,0,0,0,0,1.37
20,272,20272,0.46,,0,0,0.02,0,26.79,0,0.01,0,0,0,0,,,0,0,30.11,20.6,,,0,0,0,0,0,0,0.64
20,273,20273,0.25,0,0,0,0.02,0,14.63,0,0,0,0,0,0,,,0,0,56.11,21.13,,,0,0,0,0,0,0,3.55
20,274,20274,0.11,0,0,0,0.01,0,6.44,0,0.01,0,0,0,0,,,0,0,,5.2,,,0,0,0,0,0,0,0.39
20,275,20275,0.48,,0,0,0,0,28.15,0,0.03,0,0,0,0,,,0,0,,13.22,,1.34,0,0,0,0,0,0,0
20,276,20276,0.06,,0,0,0.01,0,3.72,0,0.03,0,0,0,0,,,0,0,2.35,1.09,,,0,0,0,0,0,0,0.01
20,277,20277,0.95,0,0.01,0,0.01,0,55.62,0,0.03,0,0,0,0,,,0,0,8.45,35.37,,,0,0,0,0,0,0,0
20,278,20278,2.79,0,0.01,0,0.21,0,163.08,0,0.18,0,0.02,0,0,,,0,0,,105.76,,1.34,0,0,0,0,0,0,10.43
20,279,20279,0.22,,0,0,0.01,0,12.61,0,0.11,0,0.01,0,0,,,0,0,,2.38,,,0,0,0,0,0,0,0
20,280,20280,0.18,,0,0,0.02,0,10.47,0,0.07,0,0.01,0,0,,,0,0,4.76,3.2,,1.34,0,0,0,0,0,0,0
20,281,20281,0.02,0,0,0,0,0,1.03,0,0,0,0,0,0,,,0,0,,2.15,,1.34,0,0,0,0,0,0,0.12
20,282,20282,0.05,,0,0,0,0,3.2,0,0.01,0,0,0,0,,,0,0,,4.68,,,0,0,0,0,0,0,0.45
20,283,20283,0.08,0,0,0,0.01,0,4.51,0,0.02,0,0,0,0,,,0,0,,5.04,,1.34,0,0,0,0,0,0,0.28
20,284,20284,0.28,,0,0,0.01,0,16.11,0,0.06,0,0.01,0,0,,,0,0,,0,,,0,0,0,0,0,0,0.31
20,285,20285,0.25,,0,0,0.02,0,14.39,0,0.04,0,0,0,0,,,0,0,,15.9,,,0,0,0,0,0,0,0.27
20,286,20286,0.26,,0,0,0.02,0,15.48,0,0.04,0,0,0,0,,,0,0,,1.78,,,0,0,0,0,0,0,0.13
20,287,20287,0.03,,0,0,0,0,1.57,0,0.02,0,0,0,0,,,0,0,,1.09,,1.34,0,0,0,0,0,0,0.06
20,288,20288,0.05,,0,0,0,0,2.96,0,0.01,0,0,0,0,,,0,0,,1.14,,,0,0,0,0,0,0,0
20,289,20289,0.08,,0,0,0.01,0,4.85,0,0.01,0,0,0,0,,,0,0,,3.36,,,0,0,0,0,0,0,0
20,290,20290,0.07,,0,0,0.01,0,4.38,0,0.01,0,0,0,0,,,0,0,,1.36,,,0,0,0,0,0,0,0.1
20,291,20291,0.31,0,0,0,0.02,0,18.14,0,0.03,0,0,0,0,,,0,0,3.15,10.21,,,0,0,0,0,0,0,0
20,292,20292,0.1,,0,0,0.01,0,5.93,0,0,0,0,0,0,,,0,0,0.16,5.48,,,0,0,0,0.47,0.04,0,0.78
20,293,20293,0.98,,0.01,0,0.09,0,26.02,0,0.07,0,0.01,0,0,,,0,0,,3.63,,,0,0,0,0.21,0.02,0,0.47
20,294,20294,0.47,,0.01,0,0.04,0,27.75,0,0.25,0,0.02,0,0,,,0,0,,9.33,,,0,0,0,0.2,0.02,0,1.29
20,295,20295,0.66,,0.02,0,0.05,0,38.45,0,0.42,0,0.04,0,0,,,0,0,31.11,18.08,,,0,0,0,0,0,0,2.17
20,296,20296,0.08,,0,0,0.01,0,4.47,0,0.07,0,0.01,0,0,,,0,0,32.38,0.93,,1.34,0,0,0,0,0,0,0
20,297,20297,0.2,,0,0,0.01,0,11.84,0,0,0,0,0,0,,,0,0,,5.69,,1.34,0,0,0,0,0,0,0.4
20,298,20298,0.9,0,0.02,0,0.07,0,52.51,0,1.51,0.01,0.13,0.01,0,,,0,0,,9.01,,,0,0,0,0,0,1.54,1.32
20,299,20299,0.08,,0,0,0.01,0,4.68,0,0.49,0,0.04,0,0,,,0,0,,1.19,,,0,0,0,0,0,0,0
20,300,20300,0.44,,0,0,0.03,0,25.62,0,0.04,0,0,0,0,,,0,0,,4.5,,,0,0,0,0,0,0,0
20,301,20301,0.12,,0,0,0.01,0,7.07,0,0.09,0,0.01,0,0,,,0,0,,8.81,,,0,0,0,0,0,0,1.25
20,302,20302,0.28,,0,0,0.02,0,16.21,0,0.03,0,0,0,0,,,0,0,,8.89,,,0,0,0,0,0,0,0.19
20,303,20303,0.08,,0,0,0.01,0,4.63,0,0.04,0,0,0,0,,,0,0,0.78,0.49,,,0,0,0,0,0,0,0
20,304,20304,0.07,,0,0,0.01,0,4.1,0,0.01,0,0,0,0,,,0,0,,4.08,,1.34,0,0,0,0,0,0,0.27
20,305,20305,0.31,,0.01,0,0.03,0,18.06,0,0.13,0,0.01,0,0,,,0,0,,24.87,,,0,0,0,0.49,0.05,0,1.55
20,306,20306,0.32,,0,0,0.02,0,18.48,0,0,0,0,0,0,,,0,0,,7.08,,,0,0,0,0,0,0,0.2
20,307,20307,0.71,0,0,0,0.06,0,41.35,0,0.1,0,0.01,0,0,,,0,0,,14.63,,,0,0,0,0,0,0.66,1.33
20,308,20308,0.21,,0,0,0.02,0,12.5,0,0.09,0,0.01,0,0,,,0,0,,5.93,,,0,0,0,0,0,0.07,0.53
20,309,20309,0.87,,0,0,0.06,0,51.16,0,0.03,0,0,0,0,,,0,0,,28.49,,,0,0,0,0,0,0,2.79
20,310,20310,0.43,,0,0,0.03,0,24.9,0,0.15,0,0.01,0,0,,,0,0,,6.79,,,0,0,0,0,0,0,0.93
20,311,20311,0.02,,0,0,0,0,1.27,0,0.37,0,0.03,0,0,,,0,0,,1.43,,1.34,0,0,0,0.57,0.05,0,0.01
20,312,20312,0.82,,0,0,0.05,0,47.98,0,0.02,0,0,0,0,,,0,0,,11.71,,,0,0,0,0,0,0,0.26
20,313,20313,0.07,,0,0,0.01,0,3.84,0,1.01,0.01,0.09,0.01,0,,,0,0,1.29,1.68,,1.34,0,0,0,0,0,0,0.01
20,314,20314,0.13,0,0.01,0,0.01,0,7.57,0,0.02,0,0,0,0,,,0,0,,3.31,,,0,0,0,0,0,0,0.08
20,315,20315,0.14,,0,0,0.01,0,8.34,0,0.03,0,0,0,0,,,0,0,,6.89,,,0,0,0,0,0,0,0.98
20,316,20316,0.06,,0,0,0,0,3.38,0,0.01,0,0,0,0,,,0,0,,3,,,0,0,0,0,0,0,0
20,317,20317,0.11,,0,0,0.01,0,6.37,0,0,0,0,0,0,,,0,0,1.04,2.63,,1.34,0,0,0,0,0,0,0.19
20,318,20318,2.69,,0.12,0,0.21,0,157.65,0,2.05,0.01,0.18,0.01,0,,,0,0,1.12,92.48,,,0.13,0.04,0.04,0,0,0.08,0.06
20,319,20319,0.09,,0,0,0.01,0,4.99,0,0,0,0,0,0,,,0,0,,2.13,,,0,0,0,0,0,0,0
20,320,20320,0.06,,0,0,0,0,3.45,0,0.03,0,0,0,0,,,0,0,,1.32,,,0,0,0,0,0,0,0.1
20,321,20321,0.07,,0,0,0.01,0,3.9,0,0,0,0,0,0,,,0,0,,2.14,,1.34,0,0,0,0,0,0,0.15
20,322,20322,0.07,,0,0,0.01,0,4.2,0,0,0,0,0,0,,,0,0,,2.06,,,0,0,0,0,0,0,0.02
20,323,20323,0.17,,0,0,0.01,0,10.16,0,0.02,0,0,0,0,,,0,0,,4.74,,1.34,0,0,0,0,0,0,0
20,324,20324,3.1,,0.06,0,0.22,0,181.59,0,1.25,0.01,0.11,0.01,0,,,0,0,7.81,36.42,,,0,0,0,0,0,0,1.04
20,325,20325,0.79,,0,0,0.01,0,45.98,0,0.27,0,0.02,0,0,,,0,0,,4.32,,,0,0,0,0,0,0,0.75
20,326,20326,0.37,,0,0,0.02,0,21.54,0,0,0,0,0,0,,,0,0,,13.6,,,0,0,0,0,0,0,0.13
20,327,20327,1.09,0,0.02,0,0.09,0,63.87,0,0.27,0,0.02,0,0,,,0,0,,162.96,,,0,0,0,1.73,0.16,0,12.68
20,328,20328,0.09,,0,0,0,0,5.04,0,0.4,0,0.03,0,0,,,0,0,,6.07,,,0,0,0,0,0,0,0.86
20,329,20329,0.1,0,0,0,0.01,0,6.08,0,0,0,0,0,0,,,0,0,,5.46,,,0,0,0,0,0,0,0.41
20,330,20330,0.33,,0,0,0.02,0,19.37,0,0.01,0,0,0,0,,,0,0,,7.08,,,0,0,0,0,0,0,0.07
20,331,20331,0.05,,0,0,0.01,0,3.02,0,0.04,0,0,0,0,,,0,0,,4.19,,1.34,0,0,0,0,0,0,0.25
20,332,20332,0.03,,0,0,0,0,1.74,0,0,0,0,0,0,,,0,0,,1.72,,1.34,0,0,0,0,0,0,0.11
20,333,20333,0.21,,0,0,0.02,0,12.38,0,0.08,0,0.01,0,0,,,0,0,,6.54,,,0,0,0,0,0,0,0.99
20,334,20334,3.26,,0.04,0,0.25,0,190.81,0,0.78,0.01,0.07,0,0,,,0,0,13.89,167.62,,,0,0,0,0,0,0,4.1
20,335,20335,0.08,,0,0,0.01,0,4.41,0,0,0,0,0,0,,,0,0,,2.29,,1.34,0,0,0,0,0,0,0
20,336,20336,0.22,,0,0,0.01,0,12.91,0,0.01,0,0,0,0,,,0,0,96.99,2.65,,,0,0,0,0,0,0,0
20,337,20337,0.35,,0.01,0,0.03,0,20.21,0,0.07,0,0.01,0,0,,,0,0,1.04,5.24,,,0,0,0,0,0,0,0
20,338,20338,0.61,,0.02,0,0.04,0,35.74,0,0.84,0.01,0.07,0.01,0,,,0,0,,0,,,0,0,0,0.14,0.01,0,0.35
20,339,20339,0.29,0,0.01,0,0.02,0,17.15,0,0.66,0,0.06,0,0,,,0,0,,7.66,,1.34,0,0,0,0,0,1.64,0.49
20,340,20340,0.14,0,0,0,0.01,0,8.1,0,0.04,0,0,0,0,,,0,0,,5.64,,,0,0,0,0,0,0,0.43
20,341,20341,0.02,,0,0,0,0,1.14,0,0.01,0,0,0,0,,,0,0,,2.21,,1.34,0,0,0,0,0,0,0.12
20,342,20342,0.14,,0,0,0.01,0,8.37,0,0.03,0,0,0,0,,,0,0,,2.25,,,0,0,0,0,0,0,0.25
20,343,20343,0.12,,0,0,0.01,0,7.09,0,0.03,0,0,0,0,,,0,0,,3.32,,,0,0,0,0,0,0,0.46
20,344,20344,0.2,,0,0,0.01,0,11.74,0,0.04,0,0,0,0,,,0,0,,8.36,,,0,0,0,0,0,0,0
20,345,20345,0.27,,0,0,0.02,0,15.74,0,0.02,0,0,0,0,,,0,0,,8.78,,,0,0,0,0,0,0,0.17
20,346,20346,0.11,,0,0,0.01,0,6.61,0,0.22,0,0.02,0,0,,,0,0,,4.76,,1.34,0,0,0,0,0,0,0.33
20,347,20347,0.25,,0,0,0.02,0,14.36,0,0.55,0,0.05,0,0,,,0,0,0.16,2.72,,,0,0,0,0,0,0,0
20,348,20348,0.55,,0.01,0,0.04,0,32.37,0,0.06,0,0.01,0,0,,,0,0,3.04,9.73,,,0,0,0,0,0,0,0.76
20,349,20349,0.16,,0,0,0.01,0,9.18,0,0.02,0,0,0,0,,,0,0,,2.82,,,0,0,0,0,0,0,0.39
20,350,20350,1.27,,0.02,0,0.1,0,0.27,0,0.49,0,0.04,0,0,,,0,0,,0.83,,,0,0,0,0,0,0.07,0.11
20,351,20351,0.15,,0,0,0.01,0,8.64,0,0,0,0,0,0,,,0,0,,4.49,,,0,0,0,0,0,0,0
20,352,20352,0.2,,0,0,0.01,0,11.61,0,0,0,0,0,0,,,0,0,,2.01,,,0,0,0,0,0,0,0.16
20,353,20353,0.14,0,0,0,0.01,0,7.94,0,0,0,0,0,0,,,0,0,,4.42,,,0,0,0,0,0,0,0
20,354,20354,0.05,,0,0,0,0,2.68,0,0,0,0,0,0,,,0,0,,1.3,,,0,0,0,0,0,0,0.01
20,355,20355,0.06,,0,0,0.01,0,3.66,0,0.02,0,0,0,0,,,0,0,26.96,1.16,,,0,0,0,0,0,0,0.01
20,356,20356,0.16,0,0,0,0.01,0,9.34,0,0.8,0.01,0.07,0.01,0,,,0,0,,2.55,,,0,0,0,0,0,0,0.36
20,357,20357,0.08,,0,0,0.01,0,4.74,0,0.14,0,0.01,0,0,,,0,0,,5.64,,,0,0,0,0,0,0,0
20,358,20358,0.13,,0,0,0.01,0,7.9,0,0.01,0,0,0,0,,,0,0,0.39,5.74,,,0,0,0,0,0,0,0.77
20,359,20359,0.08,0,0,0,0.01,0,4.4,0,0.01,0,0,0,0,,,0,0,,0.72,,1.34,0,0,0,0,0,0,0
20,360,20360,0.26,,0,0,0.02,0,14.96,0,0.03,0,0,0,0,,,0,0,,4.58,,1.34,0,0,0,0,0,0,0.63
20,361,20361,0.08,,0,0,0.01,0,4.64,0,0,0,0,0,0,,,0,0,,1.84,,,0,0,0,0,0,0,0
20,362,20362,0.1,0,0,0,0.01,0,6.04,0,0.01,0,0,0,0,,,0,0,,3.35,,,0,0,0,0,0,0,0
20,363,20363,0.2,0,0,0,0.02,0,11.61,0,0.01,0,0,0,0,,,0,0,0.82,3.32,,1.34,0,0,0,0,0,0,0
20,364,20364,1.15,,0.02,0,0.07,0,67.3,0,0.3,0,0.03,0,0,,,0,0,174.9,79.16,,,0,0,0,0,0,0,1.79
20,365,20365,0.09,0,0,0,0.01,0,5.13,0,0,0,0,0,0,,,0,0,,3.6,,1.34,0,0,0,0,0,0,0
20,366,20366,0.33,,0,0,0.02,0,19.48,0,0.03,0,0,0,0,,,0,0,,5.84,,,0,0,0,0,0,0,0.17
20,367,20367,0.35,0,0,0,0.02,0,20.64,0,0.11,0,0.01,0,0,,,0,0,,9.44,,,0,0,0,0,0,0,0.2
20,368,20368,0.14,,0,0,0.01,0,7.95,0,0.1,0,0.01,0,0,,,0,0,,2.29,,,0,0,0,0,0,0,0.33
20,369,20369,0.13,,0,0,0.01,0,7.35,0,0.04,0,0,0,0,,,0,0,,2.68,,,0,0,0,0,0,0,0.37
20,370,20370,0.05,,0,0,0,0,2.79,0,0,0,0,0,0,,,0,0,,2.53,,1.34,0,0,0,0,0,0,0.15
20,371,20371,0.07,,0,0,0.01,0,4.3,0,0.02,0,0,0,0,,,0,0,,2.33,,,0,0,0,0,0,0,0.14
20,372,20372,0.15,,0,0,0.01,0,8.72,0,0,0,0,0,0,,,0,0,0.94,4.36,,,0,0,0,0,0,0,0.32
20,373,20373,0.03,,0,0,0,0,1.9,0,0.01,0,0,0,0,,,0,0,,1.41,,,0,0,0,0,0,0,0.11
20,374,20374,0.1,,0,0,0.01,0,6.09,0,0.02,0,0,0,0,,,0,0,,1.96,,,0,0,0,0,0,0,0.02
20,375,20375,0.7,,0.01,0,0.06,0,41.21,0,0.17,0,0.02,0,0,,,0,0,,0.41,,,0,0,0,0,0,0,0.06
20,376,20376,0.03,,0,0,0,0,1.77,0,0,0,0,0,0,,,0,0,,0.55,,,0,0,0,0,0,0,0.04
20,377,20377,0.83,0,0,0,0.06,0,48.61,0,0.91,0.01,0.08,0.01,0,,,0,0,26.4,10.79,,,0,0,0,0,0,0,0
20,378,20378,0.24,,0,0,0.02,0,13.97,0,0.04,0,0,0,0,,,0,0,4.3,8.04,,1.34,0,0,0,0,0,0,1.1
20,379,20379,0.22,,0,0,0.02,0,12.6,0,0,0,0,0,0,,,0,0,,3.44,,,0,0,0,0,0,0,0.26
20,380,20380,0.15,,0,0,0.01,0,8.94,0,0.29,0,0.03,0,0,,,0,0,,2.88,,,0,0,0,0,0,0,0.41
20,381,20381,0.2,0,0.01,0,0.02,0,11.62,0,0.15,0,0.01,0,0,,,0,0,,4.82,,,0,0,0,0,0,0,0.36
20,382,20382,0.09,,0,0,0.01,0,5.34,0,0.01,0,0,0,0,,,0,0,,2.28,,,0,0,0,0,0,0,0.17
20,383,20383,0.04,,0,0,0,0,2.53,0,0,0,0,0,0,,,0,0,,1.73,,1.34,0,0,0,0,0,0,0.13
20,384,20384,0.31,0,0,0,0.02,0,18.41,0,0.92,0.01,0.08,0.01,0,,,0,0,,5.03,,,0,0,0,0,0,0,0
20,385,20385,5.27,,0.08,0,0.04,0,61,0,1.89,0.01,0.16,0.01,0,,,0,0,,2.83,,,0,0,0,0.37,0.03,0,0.37
20,386,20386,1.34,0,0,0,0.01,0,78.5,0,0,0,0,0,0,,,0,0,11.53,4.95,,,0,0,0,0,0,0,0
20,387,20387,0.21,0,0,0,0.02,0,12.45,0,0.01,0,0,0,0,,,0,0,0.79,11.88,,1.34,0,0,0,0,0,0,1.59
20,388,20388,0.18,,0,0,0.01,0,10.65,0,0,0,0,0,0,,,0,0,,5.15,,,0,0,0,0,0,0,0.74
20,389,20389,0.08,,0,0,0.01,0,4.56,0,0.01,0,0,0,0,,,0,0,,2.09,,,0,0,0,0,0,0,0.29
20,390,20390,3.66,,0.11,0,0.29,0,214.14,0,4.22,0.03,0.36,0.03,0,,,0,0,,0.25,,,0,0,0,0.16,0.02,0.44,0.04
20,391,20391,0.24,,0,0,0.02,0,14.15,0,0.01,0,0,0,0,,,0,0,,2.88,,,0,0,0,0,0,0,0
20,392,20392,0.51,,0,0,0.04,0,29.94,0,0,0,0,0,0,,,0,0,10.52,19.88,,,0,0,0,0,0,0,0
20,393,20393,0.29,,0,0,0.02,0,16.76,0,0.01,0,0,0,0,,,0,0,,5.02,,,0,0,0,0,0,0,0.72
20,394,20394,0.2,,0,0,0.02,0,11.82,0,0.01,0,0,0,0,,,0,0,,10.02,,1.34,0,0,0,0,0,0,0
20,395,20395,0.13,,0,0,0.01,0,7.62,0,0,0,0,0,0,,,0,0,,7.11,,1.34,0,0,0,0,0,0,0.41
20,396,20396,0.26,,0,0,0.02,0,15.08,0,0.02,0,0,0,0,,,0,0,,7.36,,,0,0,0,0,0,0,0.08
20,397,20397,2.77,,0.05,0,0.21,0,161.88,0,0.95,0.01,0.08,0.01,0,,,0,0,16.03,13.8,,1.34,0,0,0,0,0,0.03,0.98
20,398,20398,0.35,,0.01,0,0.03,0,20.52,0,0.16,0,0.01,0,0,,,0,0,13.52,0,,,0,0,0,0,0,0,1.45
20,399,20399,1.59,0,0.03,0,0.12,0,27.54,0,3.12,0.02,0.27,0.02,0,,,0,0,1.28,2.66,,,0,0,0,0,0,0,0.37
20,400,20400,0.11,,0,0,0.01,0,6.24,0,0.04,0,0,0,0,,,0,0,,1.32,,,0,0,0,0,0,0,0.1
20,401,20401,1.54,,0.02,0,0.1,0,89.97,0,0.11,0,0.01,0,0,,,0,0,,68.54,,,0,0,0,0,0,0,1.47
20,402,20402,0.08,,0,0,0.01,0,4.6,0,0.01,0,0,0,0,,,0,0,,8.93,,,0,0,0,0,0,0,0.16
20,403,20403,0.17,,0.01,0,0.01,0,2.68,0,0.34,0,0.03,0,0,,,0,0,,1.07,,,0,0,0,0,0,0,0.15
20,404,20404,0.06,,0,0,0.01,0,3.51,0,0.01,0,0,0,0,,,0,0,,8.79,,1.34,0,0,0,0,0,0,0.53
20,405,20405,0.13,0,0,0,0.01,0,7.9,0,0.45,0,0.04,0,0,,,0,0,14.42,5.8,,1.34,0,0,0,0,0,0,0.12
20,406,20406,1.65,,0,0,0.11,0,96.31,0,0.05,0,0,0,0,,,0,0,,67.77,,,0,0,0,0,0,0,0.7
20,407,20407,0.69,,0,0,0.05,0,40.45,0,0.01,0,0,0,0,,,0,0,1232.54,63.96,,,0,0,0,0,0,0,4.93
20,408,20408,0.04,,0,0,0,0,2.06,0,0,0,0,0,0,,,0,0,,1.14,,1.34,0,0,0,0,0,0,0.08
20,409,20409,0.66,0,0.02,0,0.05,0,3.9,0,2.18,0.02,0.19,0.01,0,,,0,0,,3.04,,,0,0,0,0,0,0.03,0.42
20,410,20410,0.29,,0,0,0.02,0,17.01,0,0,0,0,0,0,,,0,0,5.95,11.47,,,0,0,0,0,0,0,0
20,411,20411,0.06,,0,0,0,0,3.32,0,0.01,0,0,0,0,,,0,0,,1.02,,,0,0,0,0,0,0,0.14
20,412,20412,0.23,,0,0,0.02,0,13.62,0,0.1,0,0.01,0,0,,,0,0,,31.7,,,0,0,0,0,0,0,2.47
20,413,20413,2.65,,0.13,0,0.22,0,155.36,0,0.9,0.01,0.08,0.01,0,,,0,0,14.11,39.4,,,0.78,0.31,2.79,0,0,0.02,0.95
20,414,20414,0.82,,0.01,0,0.06,0,47.92,0,0.26,0,0.02,0,0,,,0,0,,41.23,,,0,0,0,0,0,0,0.98
20,415,20415,0.34,0,0,0,0.02,0,19.91,0,0.03,0,0,0,0,,,0,0,,10.66,,,0,0,0,0,0,0,0
20,416,20416,0.05,,0,0,0,0,2.68,0,0.42,0,0.04,0,0,,,0,0,,0.91,,1.34,0,0,0,0.23,0.02,0,0.01
20,417,20417,0.71,0,0,0,0.05,0,41.82,0,0.01,0,0,0,0,,,0,0,,79.68,,1.34,0,0,0,0,0,0,7.68
20,418,20418,0.89,,0.01,0,0.07,0,52.06,0,0.28,0,0.02,0,0,,,0,0,,19.44,,,0,0,0,0,0,0,1.53
20,419,20419,0.05,,0,0,0,0,2.66,0,0.02,0,0,0,0,,,0,0,,0.93,,1.34,0,0,0,0,0,0,0
20,420,20420,0.12,,0,0,0.01,0,6.81,0,0,0,0,0,0,,,0,0,,4.42,,,0,0,0,0,0,0,0
20,421,20421,0.34,0,0,0,0.03,0,19.84,0,0.05,0,0,0,0,,,0,0,,14.35,,,0,0,0,0,0,0,0.97
20,422,20422,0.05,0,0,0,0,0,2.84,0,0.01,0,0,0,0,,,0,0,,2.86,,1.34,0,0,0,0,0,0,0.15
20,423,20423,0.05,0,0,0,0,0,2.66,0,0.01,0,0,0,0,,,0,0,0.64,1.84,,1.34,0,0,0,0,0,0,0.13
20,424,20424,0.32,,0,0,0.02,0,18.83,0,0.01,0,0,0,0,,,0,0,0.41,6.99,,,0,0,0,0,0,0,0
20,425,20425,0.17,,0,0,0.01,0,9.77,0,0,0,0,0,0,,,0,0,,4.26,,,0,0,0,0,0,0,0.04
20,426,20426,0.61,,0,0,0.03,0,35.76,0,0.02,0,0,0,0,,,0,0,0.32,25.96,,1.34,0,0,0,0,0,0,3.72
20,427,20427,1.11,0,0.01,0,0.09,0,64.9,0,0.18,0,0.02,0,0,,,0,0,,21.27,,,0,0,0,0.26,0.02,0,1.51
20,428,20428,0.12,,0,0,0.01,0,7.19,0,0.01,0,0,0,0,,,0,0,22.08,4.2,,,0,0,0,0,0,0,0
20,429,20429,0.12,,0,0,0.01,0,6.97,0,0,0,0,0,0,,,0,0,0.39,13.16,,,0,0,0,0,0,0,0
20,430,20430,0.02,0,0,0,0,0,1.42,0,0,0,0,0,0,,,0,0,2.9,1.65,,,0,0,0,0,0,0,0.12
20,431,20431,0.13,,0,0,0.01,0,7.88,0,0.05,0,0,0,0,,,0,0,,3.07,,1.34,0,0,0,0.94,0.09,0,0.03
20,432,20432,0.07,,0,0,0.01,0,4.32,0,0.04,0,0,0,0,,,0,0,,1.39,,1.34,0,0,0,0,0,0,0
20,433,20433,0.21,,0,0,0.01,0,12.3,0,0,0,0,0,0,,,0,0,,5.99,,,0,0,0,0,0,0,0.17
20,434,20434,0.35,,0,0,0.02,0,20.76,0,0,0,0,0,0,,,0,0,,4.98,,,0,0,0,0,0,0,0.04
20,435,20435,0.19,,0,0,0.01,0,10.84,0,0.01,0,0,0,0,,,0,0,,2.41,,,0,0,0,0,0,0,0
20,436,20436,0.07,,0,0,0.01,0,4.26,0,1.24,0.01,0.11,0.01,0,,,0,0,,1.4,,1.34,0,0,0,0,0,0,0.01
20,437,20437,0.72,,0.01,0,0.05,0,42.12,0,0.18,0,0.02,0,0,,,0,0,,7.31,,,0,0,0,0,0,0,0
20,438,20438,0.13,,0,0,0.01,0,7.34,0,0.01,0,0,0,0,,,0,0,,1.71,,,0,0,0,0,0,0,0.02
20,439,20439,1.7,,0,0,0.11,0,99.33,0,0.02,0,0,0,0,,,0,0,,74.47,,,0,0,0,0,0,0,1.64
20,440,20440,0.07,,0,0,0.01,0,4.11,0,0.01,0,0,0,0,,,0,0,,3.31,,,0,0,0,0,0,0,0.33
20,441,20441,0.58,,0,0,0.04,0,34.09,0,2,0.01,0.17,0.01,0,,,0,0,,11.96,,,0,0,0,0,0,0,1.15
20,442,20442,0.02,,0,0,0,0,1.37,0,0.01,0,0,0,0,,,0,0,,0.22,,,0,0,0,0,0,0,0
20,443,20443,0.03,,0,0,0,0,1.91,0,0.2,0,0.02,0,0,,,0,0,,1.13,,1.34,0,0,0,0,0,0,0
20,444,20444,0.03,,0,0,0,0,2.02,0,0.01,0,0,0,0,,,0,0,,0.96,,,0,0,0,0,0,0,0.07
20,445,20445,0.1,,0,0,0.01,0,6.01,0,0,0,0,0,0,,,0,0,,3.16,,1.34,0,0,0,0,0,0,0.22
20,446,20446,0.52,,0,0,0.03,0,30.4,0,0.04,0,0,0,0,,,0,0,,12.85,,,0,0,0,0,0,0,1.09
20,447,20447,1.1,,0.01,0,0.08,0,64.28,0,0.09,0,0.01,0,0,,,0,0,31.88,20.06,,,0,0,0,0,0,0,0
20,448,20448,0.15,,0,0,0.01,0,8.51,0,0,0,0,0,0,,,0,0,1.86,4.16,,,0,0,0,0,0,0,0
20,449,20449,0.25,,0,0,0.02,0,14.8,0,0.1,0,0.01,0,0,,,0,0,,11.32,,,0,0,0,0,0,0,1.66
20,450,20450,0.89,,0,0,0.05,0,52.01,0,0.01,0,0,0,0,,,0,0,,6.36,,,0,0,0,0,0,0,0
20,451,20451,0.07,,0,0,0.01,0,3.81,0,0,0,0,0,0,,,0,0,,5.36,,1.34,0,0,0,0,0,0,0.37
20,452,20452,0.31,,0,0,0.02,0,17.9,0,0.53,0,0.05,0,0,,,0,0,,6.2,,,0,0,0,0.28,0.03,0,0.9
20,453,20453,0.29,,0,0,0.03,0,17.05,0,0.11,0,0.01,0,0,,,0,0,,6.25,,,0,0,0,0,0,0.01,0.58
20,454,20454,0.25,,0,0,0.02,0,14.92,0,0,0,0,0,0,,,0,0,,5.95,,,0,0,0,0,0,0,0
20,455,20455,0.18,,0,0,0.01,0,10.58,0,0.05,0,0,0,0,,,0,0,,2.56,,,0,0,0,0,0,0,0.19
20,456,20456,0.12,,0,0,0.01,0,7,0,0.05,0,0,0,0,,,0,0,,1.1,,,0,0,0,0,0,0,0.08
20,457,20457,0.25,,0,0,0.02,0,14.46,0,0.01,0,0,0,0,,,0,0,1.98,10.49,,1.34,0,0,0,0,0,0,0
20,458,20458,0.11,0,0,0,0.01,0,6.49,0,0.01,0,0,0,0,,,0,0,,2.64,,,0,0,0,0,0,0,0
20,459,20459,0.34,0,0,0,0.03,0,19.7,0,0.12,0,0.01,0,0,,,0,0,,9.09,,,0,0,0,0,0,0,0.74
20,460,20460,0.4,,0,0,0.03,0,23.3,0,0.02,0,0,0,0,,,0,0,,29.63,,,0,0,0,0,0,0,2.67
20,461,20461,0.04,0,0,0,0,0,2.54,0,0.01,0,0,0,0,,,0,0,,2.02,,,0,0,0,0,0,0,0.15
20,462,20462,0.32,0,0,0,0.02,0,18.79,0,0.13,0,0.01,0,0,,,0,0,,5.07,,,0,0,0,0,0,0,0.37
20,463,20463,0.05,0,0,0,0.01,0,2.84,0,0,0,0,0,0,,,0,0,1.02,4.97,,1.34,0,0,0,0.64,0.06,0,0.34
20,464,20464,0.03,0,0,0,0,0,1.96,0,0.09,0,0.01,0,0,,,0,0,,4.08,,1.34,0,0,0,0,0,0,0.22
20,465,20465,0.12,,0,0,0.01,0,6.74,0,0.03,0,0,0,0,,,0,0,207.21,5.53,,,0,0,0,0,0,0,0
20,466,20466,0.92,0,0,0,0.05,0,54.02,0,0.01,0,0,0,0,,,0,0,25.11,20.25,,,0,0,0,0,0,0,0.49
20,467,20467,1.38,,0.02,0,0.1,0,80.53,0,0.45,0,0.04,0,0,,,0,0,,121.25,,,0,0,0,0,0,0,2.64
20,468,20468,0.99,,0,0,0.06,0,58.14,0,0.01,0,0,0,0,,,0,0,,66.93,,,0,0,0,0,0,0,5.76
20,469,20469,2.67,0,0.04,0,0.16,0,156.33,0,0.54,0,0.05,0,0,,,0,0,135.92,9.75,,,0,0,0,0,0,0,0.74
20,470,20470,0.35,,0,0,0.03,0,20.41,0,0.01,0,0,0,0,,,0,0,,38.88,,,0,0,0,0,0,0,4.4
20,471,20471,0.03,,0,0,0,0,1.94,0,0,0,0,0,0,,,0,0,,0.73,,1.34,0,0,0,0,0,0,0
20,472,20472,0.22,0,0,0,0.02,0,12.71,0,0.03,0,0,0,0,,,0,0,,14.06,,,0,0,0,0,0,0,1.07
20,473,20473,0.1,,0,0,0.01,0,6,0,0.03,0,0,0,0,,,0,0,,1.65,,,0,0,0,0,0,0,0
20,474,20474,0.24,0,0,0,0.02,0,14.14,0,0.03,0,0,0,0,,,0,0,,15.64,,,0,0,0,0,0,0,0.28
20,475,20475,0.74,,0.01,0,0.05,0,43.05,0,0.52,0,0.04,0,0,,,0,0,4.55,9.73,,,0,0,0,0,0,0,1.51
20,476,20476,0.02,,0,0,0,0,1.24,0,0.01,0,0,0,0,,,0,0,3.17,0.73,,,0,0,0,0,0,0,0.05
20,477,20477,0.12,,0,0,0.01,0,7.04,0,0,0,0,0,0,,,0,0,,6.23,,,0,0,0,0,0,0,0
20,478,20478,0.16,0,0,0,0.01,0,9.21,0,0.02,0,0,0,0,,,0,0,,7.57,,1.34,0,0,0,0,0,0,0.06
20,479,20479,0.02,,0,0,0,0,0.91,0,0,0,0,0,0,,,0,0,,1.5,,1.34,0,0,0,0,0,0,0.08
20,480,20480,0.07,,0,0,0.01,0,4.07,0,0,0,0,0,0,,,0,0,1.44,2.18,,1.34,0,0,0,0,0,0,0.16
20,481,20481,0.17,,0,0,0.01,0,10.17,0,0.16,0,0.01,0,0,,,0,0,,12.11,,,0,0,0,0,0,0,1.04
20,482,20482,3.55,,0.09,0,0.26,0,208,0,0.98,0.01,0.08,0.01,0,51.26,,0,0,2.39,112,,,0,0,0,0,0,0,2.55
20,483,20483,0.68,,0.01,0,0.05,0,39.87,0,0.05,0,0,0,0,,,0,0,,10.68,,,0,0,0,0.8,0.08,0,1.46
20,484,20484,0.32,,0.01,0,0.02,0,18.49,0,0.05,0,0,0,0,,,0,0,,6.26,,,0,0,0,0,0,0,0.47
20,485,20485,0.22,0,0,0,0.01,0,13.15,0,0,0,0,0,0,,,0,0,,12.68,,,0,0,0,0,0,0,0.24
20,486,20486,0.17,0,0,0,0.01,0,10.19,0,0.03,0,0,0,0,,,0,0,,0,,1.34,0,0,0,0,0,0,0.57
20,487,20487,0.14,,0,0,0.01,0,8.34,0,0.01,0,0,0,0,,,0,0,,5.8,,,0,0,0,0,0,0,0.84
20,488,20488,0.01,,0,0,0,0,0.54,0,0.02,0,0,0,0,,,0,0,,0.96,,1.34,0,0,0,0,0,0,0.05
20,489,20489,0.38,0,0,0,0.03,0,22.04,0,0.01,0,0,0,0,,,0,0,3.96,14.22,,,0,0,0,0,0,0,0.29
20,490,20490,0.22,,0,0,0.02,0,13.02,0,0,0,0,0,0,,,0,0,,4.31,,,0,0,0,0,0,0,0.04
20,491,20491,0.31,,0,0,0.02,0,18.39,0,0.26,0,0.02,0,0,,,0,0,52.01,6.2,,,0,0,0,0,0,0,0
20,492,20492,0.27,0,0,0,0.02,0,15.67,0,0.01,0,0,0,0,,,0,0,,8.88,,1.34,0,0,0,0,0,0,0.63
20,493,20493,0.04,0,0,0,0,0,2.21,0,0.02,0,0,0,0,,,0,0,,8.62,,1.34,0,0,0,0,0,0,0.53
20,494,20494,0.35,,0,0,0.02,0,20.39,0,0,0,0,0,0,,,0,0,,12.36,,,0,0,0,0,0,0,1.77
20,495,20495,0.23,,0,0,0.02,0,13.24,0,0.01,0,0,0,0,,,0,0,3.23,5.24,,,0,0,0,0,0,0,0
20,496,20496,0.13,0,0,0,0.01,0,7.87,0,0.03,0,0,0,0,,,0,0,1.89,2.58,,1.34,0,0,0,0,0,0,0
20,497,20497,0.29,,0,0,0.02,0,17.15,0,0.03,0,0,0,0,,,0,0,,6.47,,,0,0,0,0,0,0,0.19
20,498,20498,0.44,,0,0,0.03,0,25.76,0,0,0,0,0,0,,,0,0,36.81,158.18,,,0,0,0,0,0,0,13.55
20,499,20499,0.15,,0,0,0.01,0,8.95,0,0.13,0,0.01,0,0,,,0,0,,2.06,,1.34,0,0,0,0,0,0,0.12
20,500,20500,0.58,,0,0,0.05,0,33.68,0,0.07,0,0.01,0,0,,,0,0,98.58,8.34,,1.34,0,0,0,0,0,0,0.62
20,501,20501,0.06,,0,0,0.01,0,3.47,0,0.01,0,0,0,0,,,0,0,,1.19,,,0,0,0,0,0,0,0.09
20,502,20502,0.39,,0,0,0.03,0,22.8,0,0,0,0,0,0,,,0,0,,14.87,,1.34,0,0,0,0,0,0,0
20,503,20503,0.04,,0,0,0,0,2.06,0,0.16,0,0.01,0,0,,,0,0,,0.27,,,0,0,0,0,0,0,0
20,504,20504,0.12,0,0,0,0.01,0,6.96,0,0.04,0,0,0,0,,,0,0,,1.63,,1.34,0,0,0,0,0,0,0
20,505,20505,0.58,,0.01,0,0.05,0,34.16,0,0.32,0,0.03,0,0,,,0,0,,57.05,,1.34,0,0,0,0,0,0,3.42
20,506,20506,0.06,,0,0,0,0,3.5,0,0.26,0,0.02,0,0,,,0,0,,3.24,,,0,0,0,0,0,0,0.49
20,507,20507,0.24,,0,0,0.02,0,14.14,0,0.02,0,0,0,0,,,0,0,,12,,,0,0,0,0,0,0,0.24
20,508,20508,0.11,0,0,0,0.01,0,6.47,0,0.04,0,0,0,0,,,0,0,,20.17,,,0,0,0,0,0,0,1.41
20,509,20509,0.7,,0,0,0.04,0,40.96,0,0.05,0,0,0,0,,,0,0,12.3,27.42,,,0,0,0,0,0,0,0.7
20,510,20510,0.13,,0,0,0.01,0,7.4,0,0.04,0,0,0,0,,,0,0,,0.98,,,0,0,0,0,0,0,0.07
20,511,20511,0.26,,0,0,0.02,0,15.23,0,0.02,0,0,0,0,,,0,0,,9.18,,1.34,0,0,0,0,0,0,0.7
20,512,20512,0.08,,0,0,0,0,4.5,0,0.01,0,0,0,0,,,0,0,,1.55,,,0,0,0,0,0,0,0
20,513,20513,0.61,,0,0,0.05,0,35.49,0,0.13,0,0.01,0,0,,,0,0,,46.57,,,0,0,0,0,0,0,4.47
20,514,20514,0.07,,0,0,0.01,0,4.04,0,0,0,0,0,0,,,0,0,,1.91,,1.34,0,0,0,0,0,0,0
20,515,20515,4.57,0,0.11,0,0.04,0,133.61,0,2.2,0.02,0.19,0.01,0,181.75,,0,0,1.19,66.86,,,0,0,0,1.01,0.09,0.05,5.76
20,516,20516,0.32,0,0,0,0.02,0,18.68,0,0,0,0,0,0,,,0,0,47.82,6.27,,,0,0,0,0,0,0,0
20,517,20517,0.3,,0,0,0.02,0,17.38,0,0.07,0,0.01,0,0,,,0,0,,4.02,,,0,0,0,0,0,0,0
20,518,20518,0.01,,0,0,0,0,0.68,0,0.02,0,0,0,0,,,0,0,,2.46,,1.34,0,0,0,0,0,0,0.12
20,519,20519,0.18,,0,0,0.02,0,2.21,0,0.25,0,0.02,0,0,,,0,0,,1.7,,,0,0,0,0,0,0,0.23
20,520,20520,0.52,,0.01,0,0.04,0,30.59,0,0.13,0,0.01,0,0,,,0,0,,10.89,,,0,0,0,0,0,0.92,0.81
20,521,20521,0.02,,0,0,0,0,1.36,0,0,0,0,0,0,,,0,0,,1.3,,1.34,0,0,0,0,0,0,0.07
20,522,20522,0.07,,0,0,0.01,0,4.34,0,0.01,0,0,0,0,,,0,0,0.63,0.98,,,0,0,0,0,0,0,0
20,523,20523,0.12,,0,0,0.01,0,6.89,0,0.03,0,0,0,0,,,0,0,,12.5,,1.34,0,0,0,0,0,0,0.75
20,524,20524,0.04,,0,0,0,0,2.06,0,0,0,0,0,0,,,0,0,,2.28,,,0,0,0,0,0,0,0.17
20,525,20525,0.86,,0.01,0,0.07,0,50.16,0,0.37,0,0.03,0,0,,,0,0,36.7,71.31,,,0,0,0,0.3,0.03,0,7.02
20,526,20526,1.16,,0.01,0,0.08,0,67.88,0,0.07,0,0.01,0,0,,,0,0,0.48,58.64,,,0,0,0,0,0,0,1.27
20,527,20527,0.21,,0,0,0.01,0,12.39,0,0,0,0,0,0,,,0,0,,1.59,,,0,0,0,0,0,0,0.01
20,528,20528,0.09,,0,0,0.01,0,5.27,0,0.02,0,0,0,0,,,0,0,,1.98,,,0,0,0,0,0,0,0.15
20,529,20529,0.11,,0,0,0,0,6.19,0,0,0,0,0,0,,,0,0,,0.86,,,0,0,0,0,0,0,0.07
20,530,20530,0.23,,0,0,0.01,0,13.5,0,0.57,0,0.05,0,0,,,0,0,,10.02,,,0,0,0,0,0,0,1.43
20,531,20531,0.15,0,0,0,0.01,0,8.79,0,0.52,0,0.04,0,0,,,0,0,1.27,8.02,,,0,0,0,0,0,0,1.09
20,532,20532,0.3,,0,0,0.02,0,17.73,0,0,0,0,0,0,,,0,0,0.96,8.23,,1.34,0,0,0,0,0,0,0.58
20,533,20533,0.15,,0,0,0.01,0,8.67,0,0.06,0,0.01,0,0,,,0,0,,2.18,,,0,0,0,0,0,0,0
20,534,20534,0.27,,0,0,0.02,0,15.81,0,0.21,0,0.02,0,0,,,0,0,,10.43,,,0,0,0,0,0,0,1.53
20,535,20535,0.25,0,0,0,0.01,0,14.76,0,0.02,0,0,0,0,,,0,0,3.26,0.19,,,0,0,0,0,0,0,0
20,536,20536,0.04,,0,0,0,0,2.2,0,0.02,0,0,0,0,,,0,0,,3.39,,1.34,0,0,0,0,0,0,0.19
20,537,20537,0.52,0,0,0,0.04,0,30.36,0,0.06,0,0.01,0,0,,,0,0,,11.31,,,0,0,0,0,0,0,0.84
20,538,20538,0.06,,0,0,0,0,3.3,0,0.03,0,0,0,0,,,0,0,,0.5,,,0,0,0,0,0,0,0
20,539,20539,0.33,0,0.01,0,0.02,0,19.6,0,0.08,0,0.01,0,0,,,0,0,,10.94,,,0,0,0,0,0,0,1.34
20,540,20540,0.53,,0.02,0,0.04,0,31.07,0,0.5,0,0.04,0,0,,,0,0,,13.36,,1.34,0,0,0,0,0,0,0.71
20,541,20541,0.13,,0,0,0.01,0,7.4,0,0.16,0,0.01,0,0,,,0,0,,1.56,,,0,0,0,0,0,0,0
20,542,20542,0.06,,0,0,0.01,0,3.46,0,0.01,0,0,0,0,,,0,0,,2.36,,,0,0,0,0,0,0,0.32
20,543,20543,0.43,,0,0,0.03,0,25.17,0,0.08,0,0.01,0,0,,,0,0,,50.83,,,0,0,0,0,0,0,1.22
20,544,20544,0.1,,0,0,0.01,0,5.79,0,0.04,0,0,0,0,,,0,0,88.13,1.36,,1.34,0,0,0,0,0,0,0
20,545,20545,0.69,,0.02,0,0.05,0,40.6,0,0.29,0,0.03,0,0,,,0,0,,4.17,,1.34,0,0,0,0.1,0.01,0,0.04
20,546,20546,0.45,,0.01,0,0.03,0,26.22,0,4.42,0.03,0.38,0.03,0,,,0,0,,3.24,,,0,0,0,0,0,0,0.46
20,547,20547,0.07,,0,0,0.01,0,4.39,0,0.02,0,0,0,0,,,0,0,,0,,1.34,0,0,0,0,0,0,0.33
20,548,20548,0.12,,0,0,0.01,0,6.81,0,0.04,0,0,0,0,,,0,0,,8.51,,1.34,0,0,0,0,0,0,0.44
20,549,20549,0.88,,0.01,0,0.07,0,51.58,0,0.16,0,0.01,0,0,,,0,0,,32.74,,,0,0,0,0,0,0,2.45
20,550,20550,0.37,0,0.01,0,0.03,0,21.9,0,0.18,0,0.02,0,0,,,0,0,,5.29,,,0,0,0,0,0,0,0.74
20,551,20551,1.32,0,0.05,0,0.1,0,77.27,0,1.89,0.01,0.16,0.01,0,,,0,0,,25.15,,,0,0,0,0.2,0.02,0.01,3.7
20,552,20552,0.04,,0,0,0,0,2.19,0,0,0,0,0,0,,,0,0,,3.47,,1.34,0,0,0,0,0,0,0.18
20,553,20553,0.67,,0.03,0,0,0,8.47,0,2.45,0.02,0.21,0.02,0,,,0,0,2.14,5.98,,,0,0,0,0.14,0.01,0,0.84
20,554,20554,0.38,,0,0,0.03,0,22.37,0,0.06,0,0.01,0,0,,,0,0,0.04,10.1,,1.34,0,0,0,0,0,0,0
20,555,20555,0.22,,0,0,0.02,0,13.15,0,0,0,0,0,0,,,0,0,,9.83,,,0,0,0,0,0,0,1.1
20,556,20556,0.02,,0,0,0,0,1.1,0,0,0,0,0,0,,,0,0,,1.62,,1.34,0,0,0,0,0,0,0.1
20,557,20557,1.04,,0.02,0,0.09,0,60.77,0,0.47,0,0.04,0,0,,,0,0,,29.88,,1.34,0,0,0,0,0,0.01,1.77
20,558,20558,0.12,,0,0,0.01,0,7.03,0,0.01,0,0,0,0,,,0,0,,1.21,,,0,0,0,0,0,0,0.01
20,559,20559,1.69,0,0.02,0,0.12,0,99.17,0,0.31,0,0.03,0,0,,,0,0,,60.31,,,0,0,0,0,0,0,7.45
20,560,20560,0.47,0,0,0,0.04,0,27.42,0,0.13,0,0.01,0,0,,,0,0,,5.8,,1.34,0,0,0,0,0,0,0.85
20,561,20561,0.2,0,0,0,0.01,0,11.43,0,0.12,0,0.01,0,0,,,0,0,,10.46,,,0,0,0,0,0,0,1.52
20,562,20562,0.1,0,0,0,0.01,0,5.59,0,0.1,0,0.01,0,0,,,0,0,,2.34,,1.34,0,0,0,0,0,0,0.16
20,563,20563,0.09,,0,0,0.01,0,5.43,0,0.01,0,0,0,0,,,0,0,,3.81,,,0,0,0,0,0,0,0.55
20,564,20564,0.09,0,0,0,0.01,0,5.5,0,0.24,0,0.02,0,0,,,0,0,,6.55,,,0,0,0,0,0,0,0.49
20,565,20565,2.24,,0.05,0,0.16,0,12.34,0,0.78,0.01,0.07,0,0,,,0,0,,18.01,,,0,0,0,0.31,0.03,0,1.37
20,566,20566,0.26,0,0,0,0.02,0,15.22,0,0.01,0,0,0,0,,,0,0,,17.49,,,0,0,0,0,0,0,0
20,567,20567,0.25,,0,0,0.02,0,14.5,0,0,0,0,0,0,,,0,0,,5.41,,,0,0,0,0,0,0,0.4
20,568,20568,0.11,,0,0,0.01,0,6.43,0,0.14,0,0.01,0,0,,,0,0,,1.82,,,0,0,0,0,0,0,0.14
20,569,20569,0.13,,0,0,0.01,0,7.72,0,0.01,0,0,0,0,,,0,0,,6.5,,1.34,0,0,0,0,0,0,0.49
20,570,20570,1.47,0,0.02,0,0.11,0,85.98,0,1.08,0.01,0.09,0.01,0,,,0,0,5.41,16.13,,1.34,0,0,0,0,0,0,2.23
21,1,21001,4.25,,0.08,0,0.06,0.04,248.6,0,2.53,0.02,0.18,0.04,0,0.24,,0,0,3.17,67.69,,0.97,0,0,0,1.81,0.17,0,5.53
21,2,21002,0.67,,0.01,0,0.12,0.01,39.4,0,0.29,0,0.02,0,0,2.81,,0,0,,41.22,,,0,0,0,0,0,0,0
21,3,21003,2.6,,0.07,0,0.46,0.02,152.21,0,1.16,0.01,0.08,0.02,0,0.4,,0,0,,37.79,,,0,0,0,0,0,0.01,4.09
21,4,21004,3.69,,0.07,0,0.51,0.04,216.13,0,5.19,0.04,0.37,0.08,0,0.6,,0,0,1.26,48.36,,0.97,0,0,0,0,0,0,0
21,5,21005,0.23,,0,0,0.04,0,13.64,0,2.49,0.02,0.18,0.04,0,0.28,,0,0,,14.69,,,0,0,0,0,0,0,0.95
21,6,21006,1.1,,0,0,0.17,0.01,64.33,0,0.09,0,0.01,0,0,0.71,,0,0,,7.99,,,0,0,0,0,0,0,0
21,7,21007,0.27,,0,0,0.04,0,15.92,0,0.02,0,0,0,0,0.65,,0,0,,8.32,,,0,0,0,0,0,0,0.27
21,8,21008,0.77,,0.01,0,0.01,0.01,44.81,0,0.11,0,0.01,0,0,0.8,,0,0,6.59,17.49,,,0,0,0,0.19,0.02,6.56,0.85
21,9,21009,0.16,0,0,0,0.03,0,9.26,0,0.03,0,0,0,0,0.16,,0,0,,3.36,,,0,0,0,0,0,0,0.22
21,10,21010,4.38,,0.03,0,0.59,0.04,256.21,0,11.64,0.08,0.82,0.17,0.0001,1.8,,0,0,,45.72,,0.97,0,0,0,0,0,0,0.33
21,11,21011,0.14,,0,0,0.02,0,8.23,0,0.06,0,0,0,0,0.31,,0,0,,4.35,,,0,0,0,0,0,0,0.28
21,12,21012,0.48,,0,0,0.08,0,28.34,0,0.05,0,0,0,0,0.48,,0,0,1.44,34.66,,0.97,0,0,0,0,0,0,2.97
21,13,21013,1.38,,0.03,0,0.02,0.01,80.68,0,2.35,0.02,0.17,0.03,0,0.12,,0,0,,30.15,,0.97,0,0,0,0.72,0.07,0.01,0.51
21,14,21014,0.4,,0,0,0.07,0,23.4,0,0.08,0,0.01,0,0,0.64,,0,0,,5.51,,,0,0,0,0,0,0,0
21,15,21015,6.27,,0.09,0,0.97,0.06,41.69,0,5.24,0.04,0.37,0.08,0,0.18,,0,0,18.7,36,,0.97,0,0,0,1.27,0.12,0.25,2.96
21,16,21016,0.59,,0,0,0.1,0.01,34.57,0,0.33,0,0.02,0,0,0.75,,0,0,66.55,26.16,,,0,0,0,0,0,0,0.03
21,17,21017,1.77,,0.01,0,0.03,0.02,103.67,0,0.57,0,0.04,0.01,0,0.08,,0,0,,6.29,,,0,0,0,0.2,0.02,0.02,0
21,18,21018,0.29,0,0,0,0.05,0,16.96,0,0.06,0,0,0,0,0.18,,0,0,,17.88,,0.97,0,0,0,0,0,0,0.07
21,19,21019,9.77,0,0.26,0.01,1.72,0.09,571.71,0,11.66,0.08,0.82,0.17,0.0001,0.49,,0,0,5.32,58.08,,,0,0,0,2.18,0.21,0,4.78
21,20,21020,0.5,,0.01,0,0.07,0,28.99,0,0.86,0.01,0.06,0.01,0,0.73,,0,0,,8.95,,0.97,0,0,0,0,0,0,0.63
21,21,21021,0.1,,0,0,0.02,0,5.77,0,0.02,0,0,0,0,0.1,,0,0,,3.33,,0.97,0,0,0,0,0,0,0.26
21,22,21022,0.88,0,0.01,0,0.14,0.01,51.56,0,0.25,0,0.02,0,0,0.17,,0,0,0.7,28.44,,,0,0,0,0,0,0,1.92
21,23,21023,0.64,,0,0,0.09,0.01,37.63,0,0.29,0,0.02,0,0,0.49,,0,0,3.83,27.26,,,0,0,0,0,0,0,2.41
21,24,21024,0.07,,0,0,0.02,0,4.38,0,0.02,0,0,0,0,0.27,,0,0,,2.55,,,0,0,0,0,0,0,0.16
21,25,21025,0.63,,0.01,0,0.11,0.01,36.9,0,0.25,0,0.02,0,0,3.13,,0,0,,19.4,,,0,0,0,0,0,0.42,0
21,26,21026,1.06,,0.02,0,0.17,0.01,62.34,0,0.21,0,0.01,0,0,0.25,,0,0,4.48,21.53,,,0,0,0,0,0,0,1.71
21,27,21027,0.36,,0,0,0.07,0,21.17,0,0.03,0,0,0,0,1.93,,0,0,,20.48,,0.97,0,0,0,0,0,0,0.04
21,28,21028,0.18,,0,0,0.03,0,10.33,0,0.03,0,0,0,0,0.6,,0,0,,2.91,,,0,0,0,0,0,0,0
21,29,21029,0.3,,0,0,0.05,0,17.85,0,0.13,0,0.01,0,0,0.33,,0,0,,6.92,,,0,0,0,0,0,0,0
21,30,21030,0.06,,0,0,0.01,0,3.41,0,0.02,0,0,0,0,0.28,,0,0,,2.21,,,0,0,0,0,0,0,0
21,31,21031,0.25,,0.01,0,0.05,0,14.53,0,0.16,0,0.01,0,0,0.75,,0,0,,11.41,,,0,0,0,0,0,0,1.03
21,32,21032,0.11,,0,0,0.02,0,6.35,0,0.05,0,0,0,0,0.46,,0,0,,7.65,,,0,0,0,0,0,0,0.49
21,33,21033,0.36,,0,0,0.06,0,21.02,0,2.06,0.01,0.15,0.03,0,0.12,,0,0,,14.97,,,0,0,0,0,0,0,0.89
21,34,21034,2.42,,0.04,0,0.34,0.02,5.4,0,5.02,0.04,0.35,0.07,0,0.2,,0,0,,15.98,,,0,0,0,0,0,0,1.42
21,35,21035,1.58,0,0.01,0,0.25,0.01,92.5,0,1.72,0.01,0.12,0.03,0,0.26,,0,0,,34.12,,,0,0,0,1.44,0.14,0,0
21,36,21036,1.01,,0,0,0.02,0.01,59.04,0,0.1,0,0.01,0,0,0.2,,0,0,,2.79,,,0,0,0,0,0,0,0
21,37,21037,0.18,,0,0,0.04,0,10.49,0,0.3,0,0.02,0,0,0.22,,0,0,,18.77,,0.97,0,0,0,0,0,0,0.2
21,38,21038,0.57,,0.01,0,0.08,0.01,33.62,0,0.67,0,0.05,0.01,0,0.19,,0,0,,7.54,,,0,0,0,0.62,0.06,0,0.42
21,39,21039,0.68,,0,0,0.12,0.01,39.77,0,0.08,0,0.01,0,0,0.67,,0,0,,13.02,,,0,0,0,0,0,0,0
21,40,21040,0.62,,0,0,0.1,0.01,36.13,0,1.21,0.01,0.08,0.02,0,0.1,,0,0,,25.73,,0.97,0,0,0,0,0,0,1.94
21,41,21041,4.43,,0.06,0,0.78,0.04,26.6,0,68.88,0.49,4.84,1.02,0.0006,0.19,,0,0,,16.7,,,0,0,0,0,0,0.34,1.59
21,42,21042,0.26,,0,0,0.05,0,15.08,0,0.12,0,0.01,0,0,0.17,,0,0,,10.76,,,0,0,0,0,0,0,0.85
21,43,21043,3.66,,0.02,0,0.55,0.03,214.27,0,0.41,0,0.03,0.01,0,0.46,,0,0,,39.13,,,0,0,0,0,0,0,0
21,44,21044,1.15,,0.01,0,0.19,0.01,67.24,0,0.26,0,0.02,0,0,0.46,,0,0,5.71,70.9,,0.97,0,0,0,1.45,0.14,0,4.52
21,45,21045,3.27,,0.06,0,0.53,0.03,191.29,0,2.48,0.02,0.17,0.04,0,0.51,,0,0,4.3,109.36,,,0,0,0,1.22,0.11,0.04,9.36
21,46,21046,0.5,,0.01,0,0.07,0,29,0,1.17,0.01,0.08,0.02,0,1.39,,0,0,1.12,6,,0.97,0,0,0,1.04,0.1,0.07,0.01
21,47,21047,1.48,,0.03,0,0.03,0.01,86.49,0,0.56,0,0.04,0.01,0,1.11,,0,0,,63.58,,0.97,0,0,0,0,0,0.15,4.13
21,48,21048,1.37,,0.01,0,0.21,0.01,16.27,0,0.42,0,0.03,0.01,0,0.24,,0,0,,13.31,,,0,0,0,0,0,0,1.08
21,49,21049,1.08,,0,0,0.02,0.01,63.48,0,0.09,0,0.01,0,0,0.61,,0,0,,9.85,,,0,0,0,0,0,0,0
21,50,21050,1.84,,0,0,0.23,0.02,107.99,0,0.05,0,0,0,0,0.46,,0,0,,13.91,,,0,0,0,0,0,0,1.85
21,51,21051,2.62,0,0.05,0,0.5,0.02,153.63,0,3.4,0.02,0.24,0.05,0,0.17,,0,0,,60.72,,0.97,0,0,0,1.42,0.13,1.23,4.56
21,52,21052,0.09,,0,0,0.02,0,5.38,0,0.91,0.01,0.06,0.01,0,0.02,,0,0,,0.92,,,0,0,0,0,0,0,0
21,53,21053,4.12,0,0.05,0,0.7,0.04,241.21,0,2.58,0.02,0.18,0.04,0,1.16,,0,0,1.03,172.46,,0.97,0,0,0,0,0,0.34,0.04
21,54,21054,2.09,0,0.01,0,0.3,0.02,122.1,0,3.62,0.03,0.25,0.05,0,0.12,,0,0,28.68,29.72,,,0,0,0,0.27,0.03,0.07,0
21,55,21055,0.36,0,0,0,0.01,0,21.35,0,0.5,0,0.04,0.01,0,0.21,,0,0,,11.78,,0.97,0,0,0,0,0,0,0.52
21,56,21056,0.1,,0,0,0.02,0,5.83,0,0.03,0,0,0,0,0.19,,0,0,,4.14,,,0,0,0,0,0,0.01,0.09
21,57,21057,0.53,,0,0,0.09,0.01,31.3,0,0.13,0,0.01,0,0,0.56,,0,0,,17.26,,,0,0,0,0,0,0.2,0.42
21,58,21058,1.46,,0.01,0,0.18,0.01,85.67,0,0.15,0,0.01,0,0,0.46,,0,0,,20.23,,,0,0,0,0,0,0,3.8
21,59,21059,0.18,,0,0,0.03,0,10.6,0,0.07,0,0.01,0,0,,,0,0,,2.53,,,0,0,0,0,0,0,0.2
21,60,21060,0.45,0,0,0,0.07,0,1.8,0,0.09,0,0.01,0,0,0.12,,0,0,,6.11,,,0,0,0,0,0,0,0.46
21,61,21061,0.91,,0,0,0.14,0.01,53.11,0,0.02,0,0,0,0,0.32,,0,0,,32.63,,,0,0,0,0,0,0,0
21,62,21062,0.34,0,0,0,0.06,0,19.98,0,0.03,0,0,0,0,0.26,,0,0,,12.66,,0.97,0,0,0,0,0,0,1.04
21,63,21063,1.07,,0.02,0,0.19,0.01,62.71,0,0.31,0,0.02,0,0,0.5,,0,0,0,41.65,,,0,0,0,1.49,0.14,0,3.36
21,64,21064,1.28,,0.01,0,0.23,0.01,74.95,0,0.32,0,0.02,0,0,2.91,,0,0,,31.34,,,0,0,0,0,0,0,0.25
21,65,21065,1.39,,0.01,0,0.21,0.01,81.66,0,0.2,0,0.01,0,0,0.31,,0,0,3.98,43.87,,0.97,0,0,0,0,0,0,0.32
21,66,21066,0.51,,0.01,0,0.01,0,29.74,0,0.08,0,0.01,0,0,0.26,,0,0,,39.18,,0.97,0,0,0,0,0,0,3.55
21,67,21067,1.2,,0.02,0,0.19,0.01,70.4,0,1.15,0.01,0.08,0.02,0,0.47,,0,0,13.27,43.46,,,0,0,0,0,0,0,1.31
21,68,21068,0.6,,0,0,0.1,0.01,35.38,0,0.08,0,0.01,0,0,0.58,,0,0,,11.03,,,0,0,0,0,0,0,0
21,69,21069,2.03,,0.01,0,0.33,0.02,119,0,0.2,0,0.01,0,0,0.09,,0,0,,41.9,,,0,0,0,0.7,0.07,0,3.13
21,70,21070,0.52,,0,0,0.09,0,30.61,0,0.53,0,0.04,0.01,0,0.17,,0,0,,13.86,,,0,0,0,0,0,0.45,0.02
21,71,21071,7.26,0,0.16,0.01,1.24,0.07,425.2,0,2.56,0.02,0.18,0.04,0,7.76,,0,0,14.76,17.32,,,0,0,0,0,0,0.12,0.02
21,72,21072,1.25,,0.01,0,0.02,0.01,73.09,0,0.23,0,0.02,0,0,0.56,,0,0,,17.54,,,0,0,0,0,0,0,0
21,73,21073,0.67,,0.01,0,0.11,0.01,39,0,0.22,0,0.02,0,0,0.61,,0,0,,25.19,,0.97,0,0,0,0,0,0,1.59
21,74,21074,4.78,,0.08,0,0,0.05,135.76,0,22.87,0.16,1.61,0.34,0.0002,0.76,,0,0,,31.52,,,1.89,0.68,0,0.87,0.08,0.08,2.85
21,75,21075,0.89,,0.01,0,0.14,0.01,51.98,0,0.29,0,0.02,0,0,0.24,,0,0,,11.21,,,0,0,0,0,0,0,0
21,76,21076,2.09,,0.01,0,0.35,0.02,122.23,0,2.2,0.02,0.15,0.03,0,3.43,,0,0,,45.67,,,0,0,0,0,0,0,0
21,77,21077,0.37,,0,0,0.06,0,21.82,0,0.04,0,0,0,0,0.33,,0,0,,11.23,,,0,0,0,0,0,0,0
21,78,21078,0.97,,0,0,0.15,0.01,56.58,0,0.09,0,0.01,0,0,0.33,,0,0,,11.43,,,0,0,0,0,0,0,0
21,79,21079,0.39,,0,0,0.06,0,22.76,0,0.24,0,0.02,0,0,0.58,,0,0,,12.85,,,0,0,0,0,0,0,1.11
21,80,21080,0.24,,0,0,0.04,0,14.22,0,0.05,0,0,0,0,0.16,,0,0,,6.09,,,0,0,0,0,0,0,0
21,81,21081,0.29,,0,0,0.05,0,16.86,0,0.07,0,0.01,0,0,0.31,,0,0,,13.75,,,0,0,0,0,0,0.01,0.82
21,82,21082,0.6,,0.01,0,0.1,0.01,34.91,0,0.17,0,0.01,0,0,0.31,,0,0,,23.04,,0.97,0,0,0,0,0,0.05,0.42
21,83,21083,2.01,0,0,0,0.33,0.02,117.76,0,0.25,0,0.02,0,0,0.84,,0,0,123.06,60.99,,0.97,0,0,0,0,0,0,0.02
21,84,21084,0.54,,0,0,0.08,0.01,31.57,0,0.15,0,0.01,0,0,0.35,,0,0,,9.17,,,0,0,0,0,0,0,0
21,85,21085,5.55,0,0.16,0.01,1,0.05,324.88,0,3.42,0.02,0.24,0.05,0,0.78,,0,0,0.08,86.27,,0.97,0,0,0,1.51,0.14,1.4,6.47
21,86,21086,0.97,,0,0,0.16,0.01,56.49,0,0.02,0,0,0,0,0,,0,0,,33.83,,,0,0,0,0,0,0,0.17
21,87,21087,0.94,,0.01,0,0.16,0.01,55.09,0,1.01,0.01,0.07,0.01,0,0.27,,0,0,0.47,19.71,,,0,0,0,0,0,0.82,1.28
21,88,21088,0.37,,0,0,0.06,0,21.89,0,0.07,0,0.01,0,0,0.57,,0,0,,10.96,,,0,0,0,0,0,0,0
21,89,21089,1.02,,0.01,0,0.16,0.01,59.67,0,0.1,0,0.01,0,0,,,0,0,,31.39,,,0,0,0,0,0,0,0
21,90,21090,1.18,,0.02,0,0.02,0.01,2.88,0,5.15,0.04,0.36,0.08,0,0.33,,0,0,,13.81,,,0,0,0,0,0,0.01,1.14
21,91,21091,0.77,,0.02,0,0.14,0.01,45.01,0,0.32,0,0.02,0,0,0.52,,0,0,,0.53,,,0,0,0,0,0,0.11,0
21,92,21092,0.4,,0,0,0.07,0,23.29,0,0.65,0,0.05,0.01,0,0.11,,0,0,,20.2,,0.97,0,0,0,0,0,0,0.2
21,93,21093,0.62,,0,0,0.1,0.01,36.38,0,0,0,0,0,0,0.5,,0,0,14.58,27.05,,,0,0,0,0,0,0,1.22
21,94,21094,2.27,,0.04,0,0.36,0.02,132.61,0,0.81,0.01,0.06,0.01,0,0.53,,0,0,18.89,67.75,,0.97,0,0,0,2.19,0.21,0,4.86
21,95,21095,0.03,0,0,0,0.01,0,1.99,0,0.12,0,0.01,0,0,0.04,,0,0,,1.26,,,0,0,0,0,0,0,0
21,96,21096,0.19,,0,0,0.03,0,11.34,0,0.06,0,0,0,0,0.5,,0,0,1.35,10.54,,,0,0,0,1.09,0.1,0,0.96
21,97,21097,0.17,,0,0,0.03,0,10.13,0,0.04,0,0,0,0,0.07,,0,0,,6.06,,0.97,0,0,0,0,0,0,0.13
21,98,21098,0.46,,0,0,0.08,0,26.77,0,0.06,0,0,0,0,0.41,,0,0,,18.1,,0.97,0,0,0,0,0,0,0.55
21,99,21099,1.43,0,0.01,0,0.25,0.01,83.64,0,0.31,0,0.02,0,0,0.5,,0,0,,0,,0.97,0,0,0,1.89,0.18,0,2.76
21,100,21100,0.78,,0,0,0.12,0.01,45.62,0,0.07,0,0.01,0,0,0.54,,0,0,,9.6,,,0,0,0,0,0,0,0
21,101,21101,0.28,,0,0,0.05,0,16.11,0,0.1,0,0.01,0,0,0.16,,0,0,,5.29,,,0,0,0,0,0,0,0
21,102,21102,0.84,,0.02,0,0.12,0.01,49.21,0,0.88,0.01,0.06,0.01,0,0.22,,0,0,0.95,15.74,,,0,0,0,0,0,0.12,1.31
21,103,21103,0.44,,0,0,0.07,0,25.69,0,0.24,0,0.02,0,0,0.28,,0,0,5.97,5.65,,,0,0,0,0,0,0,0
21,104,21104,1.95,,0.01,0,0.27,0.02,114.23,0,0.27,0,0.02,0,0,0.52,,0,0,,47.97,,0.97,0,0,0,2.32,0.22,0,3.65
21,105,21105,0.36,,0,0,0.01,0,21.15,0,0.04,0,0,0,0,0.48,,0,0,1.26,9.81,,,0,0,0,0,0,0,0.63
21,106,21106,1.69,,0.02,0,0.25,0.02,57.43,0,3.3,0.02,0.23,0.05,0,0.37,,0,0,,4.16,,,0,0,0,0,0,1.16,0.28
21,107,21107,0.97,,0,0,0.14,0.01,56.65,0,0.13,0,0.01,0,0,0.29,,0,0,,14.67,,,0,0,0,0,0,0,0
21,108,21108,1.15,0,0.02,0,0.18,0.01,67.23,0,0.93,0.01,0.07,0.01,0,0.49,,0,0,1.86,38.56,,,0,0,0,0.37,0.03,1.15,3.02
21,109,21109,1.46,,0.01,0,0.25,0.01,85.23,0,2.04,0.01,0.14,0.03,0,0.6,,0,0,,7.32,,0.97,0,0,0,0,0,0,0
21,110,21110,3.12,,0.03,0,0.48,0.03,182.9,0,0.53,0,0.04,0.01,0,1.02,,0,0,6.87,124.37,,0.97,0,0,0,0,0,0,2.76
21,111,21111,1.46,,0.01,0,0.25,0.01,85.42,0,0.37,0,0.03,0.01,0,2.41,,0,0,,26.52,,0.97,0,0,0,0,0,0.01,0.24
21,112,21112,0.73,0,0.01,0,0.13,0.01,42.74,0,0.23,0,0.02,0,0,0.46,,0,0,,29.21,,0.97,0,0,0,0,0,0.01,2
21,113,21113,0.33,,0,0,0.07,0,19.18,0,0.05,0,0,0,0,0.13,,0,0,,7.8,,,0,0,0,0,0,0,0.63
21,114,21114,118.8,,4.04,0.15,22.34,1.13,207.74,0.02,197.89,1.41,13.92,2.93,0.0018,0.55,,0,0.02,36.52,4.91,0.1,,0,0,0,1.67,0.16,23.19,4.56
21,115,21115,3.4,,0.03,0,0.51,0.03,198.82,0,0.49,0,0.03,0.01,0,0.58,,0,0,,53.24,,0.97,0,0,0,0,0,0,2.67
21,116,21116,1.57,,0,0,0.21,0.01,91.78,0,0.05,0,0,0,0,0.46,,0,0,8.13,11.7,,,0,0,0,0,0,0,2.44
21,117,21117,1.03,,0.03,0,0.16,0.01,60.59,0,14.35,0.1,1.01,0.21,0.0001,0.5,,0,0,,7.24,,0.97,0,0,0,0,0,0,0.55
21,118,21118,1.93,,0.02,0,0.27,0.02,113.04,0,0.26,0,0.02,0,0,0.22,,0,0,,22.26,,,0,0,0,0,0,0,1.46
21,119,21119,6.41,,0.08,0,1.11,0.06,18.11,0,13.12,0.09,0.92,0.19,0.0001,0.43,,0,0,,9.9,,,0,0,0,0,0,0.12,0.85
21,120,21120,0.36,,0,0,0.05,0,21.15,0,0.01,0,0,0,0,0.23,,0,0,,4.05,,0.97,0,0,0,0,0,0,0.02
21,121,21121,0.1,0,0,0,0.02,0,6,0,0.11,0,0.01,0,0,0.16,,0,0,,0,,,0,0,0,0,0,0.27,0.16
21,122,21122,0.68,,0,0,0.11,0.01,24.5,0,0.11,0,0.01,0,0,0.32,,0,0,2.87,14,,0.97,0,0,0,0,0,0,1.14
21,123,21123,0.34,,0,0,0.06,0,20.17,0,0.01,0,0,0,0,0.62,,0,0,,5.6,,,0,0,0,0,0,0,0
21,124,21124,1.07,0,0.02,0,0.17,0.01,62.65,0,2.23,0.02,0.16,0.03,0,0.14,,0,0,,10.41,,0.97,0,0,0,0,0,0,0.5
21,125,21125,0.56,,0.01,0,0.01,0.01,0.88,0,3.29,0.02,0.23,0.05,0,0.88,,0,0,,4.22,,,0,0,0,0,0,0,0.28
21,126,21126,0.42,,0,0,0.06,0,24.46,0,0.03,0,0,0,0,0.14,,0,0,0.32,13.46,,,0,0,0,0,0,0.02,1.08
21,127,21127,0.31,,0,0,0.06,0,17.99,0,0.25,0,0.02,0,0,0.29,,0,0,,5.11,,,0,0,0,0,0,0,0.38
21,128,21128,0.59,,0,0,0.1,0.01,34.7,0,0.08,0,0.01,0,0,0.53,,0,0,,27.49,,,0,0,0,1.14,0.11,0,2.3
21,129,21129,0.95,,0.01,0,0.16,0.01,55.62,0,0.28,0,0.02,0,0,0.2,,0,0,,24.95,,0.97,0,0,0,0,0,0,0.27
21,130,21130,0.27,,0,0,0.05,0,15.52,0,0.03,0,0,0,0,0.48,,0,0,,5.06,,0.97,0,0,0,0.65,0.06,0,4.01
21,131,21131,0.06,,0,0,0.01,0,3.58,0,0.59,0,0.04,0.01,0,,,0,0,,1.49,,,0,0,0,0,0,0,0
21,132,21132,10.42,,0.39,0.01,1.68,0.1,17.53,0,24.09,0.17,1.69,0.36,0.0002,0.73,,0,0,,54.38,,,0,0,0,0.83,0.08,0.29,2.85
21,133,21133,0.06,,0,0,0.01,0,3.6,0,0.02,0,0,0,0,0.34,,0,0,,4.08,,,0,0,0,0,0,0,0.37
21,134,21134,1.36,,0.01,0,0.22,0.01,79.89,0,0.27,0,0.02,0,0,0.26,,0,0,,25.19,,0.97,0,0,0,0,0,0,1.99
21,135,21135,0.05,,0,0,0.01,0,2.69,0,0.58,0,0.04,0.01,0,0.26,,0,0,,5.52,,,0,0,0,0,0,0,0.31
21,136,21136,0.85,,0.02,0,0.13,0.01,1.08,0,3.77,0.03,0.26,0.06,0,0.04,,0,0,,2.77,,,0,0,0,0,0,0,0.23
21,137,21137,0.67,,0,0,0.1,0.01,39.1,0,0.08,0,0.01,0,0,0.49,,0,0,11.16,42.39,,,0,0,0,0,0,2.3,1.58
21,138,21138,0.78,0,0.02,0,0.12,0.01,45.63,0,0.15,0,0.01,0,0,0.04,,0,0,67.42,11.88,,,0,0,0,0,0,0,0.91
21,139,21139,0.27,,0,0,0.05,0,15.6,0,0.1,0,0.01,0,0,0.15,,0,0,,8.32,,0.97,0,0,0,0,0,0,0.75
21,140,21140,9.07,,0.25,0.01,1.55,0.09,5.63,0,26.99,0.19,1.9,0.4,0.0002,0.18,,0,0,,27.83,,,0,0,0,1.6,0.15,0.33,2.56
21,141,21141,0.26,,0,0,0.05,0,15.09,0,0.1,0,0.01,0,0,0.27,,0,0,,8.09,,0.97,0,0,0,0,0,0,0.71
21,142,21142,2.04,,0.04,0,0.31,0.02,119.19,0,5.11,0.04,0.36,0.08,0,0.5,,0,0,41.62,74.23,,,0,0,0,0.59,0.06,0.44,6.43
21,143,21143,1.91,,0.02,0,0.29,0.02,71.17,0,1.39,0.01,0.1,0.02,0,0.23,,0,0,3.01,34.8,,0.97,0,0,0,0,0,0,2.85
21,144,21144,0.97,,0.06,0,0.13,0.01,56.93,0,0.28,0,0.02,0,0,0.07,,0,0,,11.56,,,0,0,0,0,0,0,0.43
21,145,21145,1.01,,0,0,0.15,0.01,59.39,0,0.05,0,0,0,0,2.23,,0,0,,24.92,,,0,0,0,0,0,0,0
21,146,21146,0.06,,0,0,0.02,0,3.72,0,0.47,0,0.03,0.01,0,0.02,,0,0,,0.74,,,0,0,0,0,0,0,0
21,147,21147,0.45,,0,0,0.09,0,26.43,0,1.04,0.01,0.07,0.02,0,0.97,,0,0,,32.69,,,0,0,0,0,0,0,0
21,148,21148,0.73,,0,0,0.11,0.01,43.02,0,0.02,0,0,0,0,0.16,,0,0,,9.8,,,0,0,0,0,0,0.16,0.85
21,149,21149,1.48,,0.01,0,0.02,0.01,27.97,0,3.98,0.03,0.28,0.06,0,0.2,,0,0,1.17,18.04,,0.97,0,0,0,0.86,0.08,0.35,0.1
21,150,21150,0.5,,0,0,0.09,0,29.44,0,0.04,0,0,0,0,1.05,,0,0,,15.93,,0.97,0,0,0,0,0,0,1.13
21,151,21151,0.6,,0.01,0,0.01,0.01,35.15,0,0.33,0,0.02,0,0,0.35,,0,0,,8.26,,,0,0,0,0,0,0,0.28
21,152,21152,0.89,,0.01,0,0.14,0.01,52.02,0,0.13,0,0.01,0,0,0.5,,0,0,1.56,35.04,,,0,0,0,0,0,0,3.14
21,153,21153,1.45,0,0.01,0,0.25,0.01,85.09,0,1.79,0.01,0.13,0.03,0,0.17,,0,0,,25.79,,0.97,0,0,0,0,0,0.2,1.94
21,154,21154,5.15,0,0.11,0,0.79,0.05,301.33,0,4.63,0.03,0.33,0.07,0,3.18,,0,0,,80.06,,0.97,0,0,0,1.09,0.1,0.3,5.56
21,155,21155,0.41,0,0,0,0.07,0,23.72,0,0.07,0,0,0,0,0.38,,0,0,,0.34,,,0,0,0,0,0,0,0.56
21,156,21156,20.86,0,0.62,0.02,0.36,0.2,107.26,0,73.4,0.52,5.16,1.09,0.0007,2.68,,0,0,1.35,53.2,,0.97,0,0.01,0,1.94,0.18,2.93,0.98
21,157,21157,0.83,,0.02,0,0.01,0.01,48.3,0,0.43,0,0.03,0.01,0,0.18,,0,0,,10.29,,,0,0,0,0,0,0,0.85
21,158,21158,0.54,,0,0,0.11,0.01,31.46,0,0.05,0,0,0,0,3.66,,0,0,,23.66,,,0,0,0,0,0,0,0
21,159,21159,0.34,0,0,0,0.06,0,19.75,0,2.66,0.02,0.19,0.04,0,0.25,,0,0,,12.3,,,0,0,0,0,0,0,0.9
21,160,21160,0.24,0,0,0,0.04,0,13.91,0,0.02,0,0,0,0,0.16,,0,0,,8.67,,,0,0,0,0,0,0.11,0.53
21,161,21161,1.37,,0.02,0,0.22,0.01,80,0,14.37,0.1,1.01,0.21,0.0001,1.02,,0,0,2.34,35.17,,,0,0,0,0.72,0.07,0,3.14
21,162,21162,0.33,,0,0,0.05,0,19.27,0,0.11,0,0.01,0,0,0.48,,0,0,,2.18,,,0,0,0,0,0,0,0
21,163,21163,1.19,,0.02,0,0.17,0.01,1.81,0,0.41,0,0.03,0.01,0,0.16,,0,0,11.58,14.56,,,0,0,0,0,0,0,1.14
21,164,21164,5.37,,0.14,0.01,0.79,0.05,314.32,0,3.45,0.02,0.24,0.05,0,0.57,,0,0,,56.3,,0.97,0,0,0,1.61,0.15,2.03,4.27
21,165,21165,0.1,,0,0,0.01,0,5.69,0,0.39,0,0.03,0.01,0,0.14,,0,0,,5.82,,,0,0,0,0,0,0,0.41
21,166,21166,0.6,,0.01,0,0.1,0.01,34.94,0,0.1,0,0.01,0,0,0.24,,0,0,,17.36,,0.97,0,0,0,0.84,0.08,0,1.41
21,167,21167,0.75,,0,0,0.12,0.01,44.19,0,0.03,0,0,0,0,0.41,,0,0,5.46,6.21,,,0,0,0,0,0,0,0
21,168,21168,0.5,,0.01,0,0.08,0,29.31,0,0.08,0,0.01,0,0,0.45,,0,0,,45.99,,,0,0,0,0,0,0.03,3.03
21,169,21169,1.53,,0.01,0,0.26,0.01,89.66,0,0.44,0,0.03,0.01,0,0.83,,0,0,,58.26,,,0,0,0,0,0,0.71,0.3
21,170,21170,1.26,,0,0,0.2,0.01,74.02,0,0.21,0,0.01,0,0,0.49,,0,0,38.97,79.75,,0.97,0,0,0,1.61,0.15,0.55,6.23
21,171,21171,0.24,,0,0,0.04,0,13.93,0,0.78,0.01,0.06,0.01,0,0.7,,0,0,,6.92,,,0,0,0,0,0,0,0.48
21,172,21172,1.96,,0.02,0,0.35,0.02,114.48,0,0.27,0,0.02,0,0,0.92,,0,0,65.58,19.15,,,0,0,0,0,0,0.01,0.04
21,173,21173,0.44,,0.01,0,0.08,0,25.97,0,0.83,0.01,0.06,0.01,0,0.38,,0,0,,4.76,,,0,0,0,0,0,0.05,0
21,174,21174,7.11,,0.21,0.01,1.28,0.07,416.42,0,44.99,0.32,3.16,0.67,0.0004,1.21,,0,0,0.31,10.73,,,0,0,0,0.17,0.02,0.09,0
21,175,21175,0.77,,0,0,0.12,0.01,45.35,0,0.06,0,0,0,0,0.18,,0,0,12.69,10.27,,,0,0,0,0,0,0.03,0.85
21,176,21176,0.66,0,0,0,0.12,0.01,38.35,0,0.05,0,0,0,0,0.12,,0,0,,24.88,,0.97,0,0,0,0,0,0,2.3
21,177,21177,3.56,,0.03,0,0.53,0.03,208.65,0,3.59,0.03,0.25,0.05,0,2,,0,0,0.94,61.38,,0.97,0,0,0,1.25,0.12,0,4.99
21,178,21178,1.34,,0,0,0.22,0.01,78.62,0,0.08,0,0.01,0,0,0.83,,0,0,,23.82,,0.97,0,0,0,0,0,0,0
21,179,21179,2.14,0,0.02,0,0.32,0.02,125.37,0,1.17,0.01,0.08,0.02,0,0.49,,0,0,25.83,102.17,,,0,0,0,0,0,0,8.7
21,180,21180,2.7,0,0.02,0,0.42,0.03,158.34,0,0.67,0,0.05,0.01,0,0.68,,0,0,37.71,76.9,,0.97,0,0,0,0,0,0,5.7
21,181,21181,0.45,,0.01,0,0.07,0,0.45,0,0.15,0,0.01,0,0,0.06,,0,0,,14.69,,,0,0,0,0,0,0,1.14
21,182,21182,0.37,,0,0,0.05,0,21.64,0,0.52,0,0.04,0.01,0,0.52,,0,0,,5.62,,,0,0,0,0,0,0,0.45
21,183,21183,1.52,,0,0,0.23,0.01,88.97,0,0.04,0,0,0,0,0.61,,0,0,,21.59,,,0,0,0,0,0,0,0
21,184,21184,0.48,,0,0,0.01,0,28.24,0,0.01,0,0,0,0,0.56,,0,0,,10.09,,,0,0,0,0,0,0,0
21,185,21185,0.64,,0,0,0.11,0.01,37.42,0,0.12,0,0.01,0,0,0.12,,0,0,,30.26,,0.97,0,0,0,0,0,0,2.7
21,186,21186,3.77,0,0.03,0,0.63,0.04,220.69,0,3.36,0.02,0.24,0.05,0,1.53,,0,0,17.61,78.46,,,0,0,0,0.75,0.07,0.01,0
21,187,21187,0.43,,0,0,0.07,0,24.92,0,0.05,0,0,0,0,0.58,,0,0,,12.09,,0.97,0,0,0,0,0,0,0
21,188,21188,1.2,,0.01,0,0,0.01,69.99,0,0.25,0,0.02,0,0,0.1,,0,0,8.25,20.61,,,0,0,0,0,0,0,1.71
21,189,21189,1.46,,0.02,0,0.23,0.01,85.21,0,0.5,0,0.03,0.01,0,2.77,,0,0,,29.32,,0.97,0,0,0,0,0,0,1.54
21,190,21190,0.09,,0,0,0.02,0,5.1,0,0.03,0,0,0,0,0.13,,0,0,,2.59,,,0,0,0,0,0,0,0.16
21,191,21191,0.68,,0.02,0,0.13,0.01,39.88,0,0.44,0,0.03,0.01,0,0.38,,0,0,,7.92,,,0,0,0,0,0,0,0.66
21,192,21192,0.47,,0,0,0.08,0,27.41,0,0.15,0,0.01,0,0,0.43,,0,0,,10.79,,,0,0,0,0,0,0,0
21,193,21193,0.46,0,0,0,0.08,0,26.95,0,0.46,0,0.03,0.01,0,0.16,,0,0,,18.85,,0.97,0,0,0,0,0,0,1.48
21,194,21194,2.12,,0.04,0,0.38,0.02,123.87,0,1.2,0.01,0.08,0.02,0,2.68,,0,0,,24.56,,0.97,0,0,0,0,0,0,0.32
21,195,21195,1.63,,0.01,0,0.02,0.02,95.44,0,0.09,0,0.01,0,0,0.97,,0,0,,31.58,,0.97,0,0,0,0,0,0,0
21,196,21196,0.11,,0,0,0.02,0,6.24,0,0.05,0,0,0,0,0.08,,0,0,,1.28,,,0,0,0,0,0,0,0.1
21,197,21197,5.71,,0.12,0,0.94,0.05,334.43,0,4.01,0.03,0.28,0.06,0,1.77,,0,0,,40.71,,0.97,0,0,0,0,0,0.17,0
21,198,21198,0.1,,0,0,0.02,0,5.78,0,0.01,0,0,0,0,0.21,,0,0,,3.86,,,0,0,0,0,0,0,0.25
21,199,21199,2.76,,0.02,0,0.4,0.03,161.83,0,2.49,0.02,0.18,0.04,0,0.29,,0,0,24.38,38.29,,,0,0,0,0,0,0,0
21,200,21200,0.31,,0,0,0.06,0,18.13,0,0.1,0,0.01,0,0,0.13,,0,0,,8.58,,,0,0,0,0,0,0,0
21,201,21201,0.24,,0,0,0.04,0,14.23,0,0.04,0,0,0,0,,,0,0,,6.95,,0.97,0,0,0,0,0,0.08,0.57
21,202,21202,0.94,,0,0,0.15,0.01,54.97,0,0.26,0,0.02,0,0,0.38,,0,0,2.34,7.14,,,0,0,0,0,0,0,0
21,203,21203,0.43,,0,0,0.08,0,25.21,0,0.08,0,0.01,0,0,0.21,,0,0,,18.65,,,0,0,0,0,0,0,1.73
21,204,21204,0.57,,0,0,0.09,0.01,33.47,0,0.42,0,0.03,0.01,0,0.21,,0,0,3.11,9.74,,,0,0,0,0,0,0,0
21,205,21205,1.67,,0.02,0,0.25,0.02,97.7,0,1.15,0.01,0.08,0.02,0,0.28,,0,0,,27.21,,0.97,0,0,0,0.59,0.06,0,2.46
21,206,21206,0.31,0,0,0,0.06,0,18.32,0,0.09,0,0.01,0,0,0.59,,0,0,,22.96,,,0,0,0,0,0,0,0.33
21,207,21207,4.03,,0.05,0,0.64,0.04,236.11,0,2.41,0.02,0.17,0.04,0,1.02,,0,0,0.47,24.7,,,0,0,0,0,0,0.08,0
21,208,21208,5.58,,0.09,0,0.09,0.05,326.85,0,3.07,0.02,0.22,0.05,0,1.1,,0,0,47.95,85.6,,0.97,0,0,0,0,0,0.1,0.03
21,209,21209,0.62,0,0,0,0.11,0.01,36.39,0,0.36,0,0.03,0.01,0,0.34,,0,0,,15,,0.97,0,0,0,0,0,0.83,0.03
21,210,21210,0.41,,0,0,0.07,0,24.24,0,0.17,0,0.01,0,0,0.5,,0,0,,8.13,,,0,0,0,0,0,0,0
21,211,21211,1.16,,0.03,0,0.2,0.01,67.64,0,0.49,0,0.03,0.01,0,0.89,,0,0,1.22,14.53,,,0,0,0,0.88,0.08,0,0
21,212,21212,1.48,,0.01,0,0.23,0.01,86.9,0,2.71,0.02,0.19,0.04,0,0.24,,0,0,16.89,13.27,,,0,0,0,0,0,0,0
21,213,21213,0.98,,0,0,0.15,0.01,57.23,0,0.08,0,0.01,0,0,0.83,,0,0,,31.12,,,0,0,0,0,0,0,0
21,214,21214,1.17,,0.02,0,0.19,0.01,68.21,0,2.07,0.01,0.15,0.03,0,0.26,,0,0,,13.05,,0.97,0,0,0,0.61,0.06,0,0.55
21,215,21215,0.35,,0,0,0.06,0,20.45,0,0.15,0,0.01,0,0,0.26,,0,0,,8.92,,,0,0,0,0,0,0,0
21,216,21216,0.21,,0,0,0.04,0,12.29,0,0.03,0,0,0,0,0.63,,0,0,,6.92,,,0,0,0,0,0,0,0
21,217,21217,1.49,,0.02,0,0.22,0.01,87.47,0,0.3,0,0.02,0,0,0.34,,0,0,,15.92,,,0,0,0,0,0,0,0
22,1,22001,4.51,,0.01,0,0.7,0.02,264.24,0,7.3,0.14,0.83,0.06,0.0001,2.96,,0,0,21.6,148.19,,0.11,0,0,0,0,0,0.01,15.3
22,2,22002,2.02,,0.01,0,0.31,0.01,118.53,0,0.06,0,0.01,0,0,0.95,,0,0,45.16,8.18,,,0,0,0,0,0,0,0
22,3,22003,1,,0,0,0.18,0,58.47,0,0.05,0,0.01,0,0,1.25,,0,0,0.08,12.1,,,0,0,0,0,0,0,0.92
22,4,22004,4.57,0,0.05,0,0.73,0.02,267.74,0,3.31,0.06,0.38,0.03,0,2.69,,0,0,29.92,52.87,,,0,0,0,0,0,1.69,6.75
22,5,22005,4.13,0,0.02,0,0.59,0.02,241.63,0,1.86,0.04,0.21,0.02,0,0.7,,0,0,0.62,92.73,,0.11,0.81,0.29,0,1.34,0.13,5.49,12.1
22,6,22006,8.33,0,0.12,0,1.45,0.04,185.12,0,21.89,0.42,2.5,0.19,0.0002,9.72,,0,0,7.64,28.44,,0.11,0,0,0,0,0,0.17,3.25
22,7,22007,2.78,,0.07,0,0.44,0.01,162.55,0,4.19,0.08,0.48,0.04,0,15.81,,0,0,,21.33,,,0,0,0,0,0,1.48,2.66
22,8,22008,2.62,0.04,0.01,0,0.38,0.01,284.48,0,0.14,0,0.02,0,0,0,,0,0,35.85,63.87,,,0,0,0,0,0,0.02,6.95
22,9,22009,1.76,,0.03,0,0.29,0.01,103.09,0,0.27,0.01,0.03,0,0,2.04,,0,0,26.65,11.85,,,0,0,0,0,0,0,0.7
22,10,22010,1.51,,0,0,0.26,0.01,88.48,0,0,0,0,0,0,1.34,,0,0,3.5,13.66,,,0,0,0,0,0,0,0.96
22,11,22011,6.38,0.12,0.07,0,0.98,0.03,357.28,0,32.64,0.63,3.73,0.29,0.0003,0,,0,0,69.07,107.79,,0.11,0.81,0.29,0,5.2,0.49,1.17,11.77
22,12,22012,4.52,,0.07,0,0.71,0.02,264.69,0,4.14,0.08,0.47,0.04,0,3.48,,0,0,14.72,108.64,,0.11,0,0,0,2.12,0.2,0.05,13.09
22,13,22013,1.36,,0,0,0.21,0.01,79.6,0,0.03,0,0,0,0,0.48,,0,0,,19.35,,,0,0,0,0,0,0,0.93
22,14,22014,58.7,0.04,2.17,0.06,10.23,0.27,496.05,0.01,133.12,2.56,15.22,1.16,0.0012,27.11,,0,0.03,8.67,68.43,0.11,0.11,0,0,0,3.06,0.29,16.08,6.99
22,15,22015,0.61,,0.01,0,0.1,0,35.73,0,0.07,0,0.01,0,0,0.38,,0,0,0.56,6.77,,,0,0,0,0,0,0,0.26
22,16,22016,16.67,0,0.4,0.01,0.29,0.08,975.69,0,89.24,1.71,10.2,0.78,0.0008,13.17,,0,0,6.33,174.34,,0.11,0,0,0,6.81,0.64,4.84,21.47
22,17,22017,4.39,0.08,0.11,0,0.71,0.02,257.09,0,5.72,0.11,0.65,0.05,0.0001,3.67,,0,0,11.45,49.62,,0.11,0,0,0,2.04,0.19,0.01,5.33
22,18,22018,1.92,0,0.01,0,0.27,0.01,112.16,0,0.69,0.01,0.08,0.01,0,0.87,,0,0,,7.47,,,0,0,0,0,0,0.99,0.48
23,1,23001,5.85,,0.08,0,0.85,0,342.57,0,2.16,0,0,0.02,0,0.86,,123.28,0.01,,0.14,,,1.49,0.32,82.62,0,0,18.18,0
23,2,23002,5.23,0,0.06,0,0.6,0,305.97,0,1.22,0,0,0.01,0,0,,0,0.01,161.16,163.48,,,0,0,12.01,0,0,0.23,0.59
23,3,23003,1.06,,0.06,0,0.15,0,19.76,0,0.2,0,0,0,0,0,,0,0,12.83,0.16,,,0,0,7.65,0,0,0,0
23,4,23004,17.57,0.01,0.43,0,2.42,0,1028.58,0,9,0,0,0.08,0.0001,5.54,,266.03,0.03,660.36,452.05,,98.48,1,0.71,1.87,0,0,6.2,51.12
23,5,23005,45.81,,2.16,0,6.57,0,186.51,0.01,16.07,0,0,0.14,0.0001,12.69,,627.92,0.07,30.34,0.67,0,,7.48,4.98,0,0,0,22.4,0
23,6,23006,2.62,0,0.02,0,0.3,0,153.26,0,0.64,0,0,0.01,0,0,,2.74,0,12.04,47.98,,,0,0,3.94,0,0,0.1,1.59
23,7,23007,1.79,,0.01,0,0.22,0,105,0,0.39,0,0,0,0,0,,89.37,0,37.28,31.6,,,0,0,0,0,0,0.07,0.21
23,8,23008,10.83,0.04,0.51,0,1.59,0,634.25,0,2.26,0,0,0.02,0,0,,0,0.02,8.06,24.03,,,0,0,0.27,0,0,2.42,0
24,1,24001,1.39,0.01,0.01,0,0.15,0.01,81.57,0,0.26,0.01,0.03,0,0,0,,0,0,1.49,11.41,,,0,0,0,2.04,0.19,0,1.77
24,2,24002,0.63,,0,0,0.08,0,36.65,0,0.05,0,0.01,0,0,0,,0,0,,27.64,,,0,0,0,0.89,0.08,0,1.57
24,3,24003,3.6,0,0.01,0,0.39,0.02,210.97,0,0.12,0.01,0.01,0,0,0.45,,0,0,0.39,75.04,,14.24,0,0,0,0,0,0.03,2.89
24,4,24004,0.36,0.01,0,0,0.05,0,21.09,0,0.07,0,0.01,0,0,0,,0.1,0,,15.99,,,0,0,0,0,0,0.1,2.26
24,5,24005,1.42,,0.05,0,0.19,0.01,83.33,0,0.68,0.04,0.08,0,0,1.07,,10.83,0,,26.11,,,0,0,0,1.35,0.13,0.01,2.21
24,6,24006,0.73,0.01,0.01,0,0.09,0,42.87,0,0.05,0,0.01,0,0,0,,25.43,0,,28.48,,,0,0,0,2.49,0.23,0,1.84
24,7,24007,1.36,0,0.03,0,0.15,0.01,79.32,0,1.94,0.11,0.22,0.01,0,0.83,,0,0,,56.15,,,0,0,0,1.26,0.12,0,4.53
24,8,24008,1.63,0.01,0.05,0,0.22,0.01,95.6,0,0.99,0.06,0.11,0,0,0,,0,0,0.54,107.49,,,0,0,0,0.66,0.06,0,9.17
24,9,24009,0.26,0.05,0,0,0.03,0,15.34,0,0.02,0,0,0,0,0,,0,0,0.16,4.06,,,0,0,0,0,0,0,0.67
24,10,24010,2.39,0.01,0.03,0,0.28,0.01,139.73,0,0.47,0.03,0.05,0,0,0,,0,0,108.45,84.14,,14.24,0,0,0,1.6,0.15,0,8.08
24,11,24011,3.28,0.01,0.04,0,0.41,0.01,104.55,0,1.44,0.08,0.16,0.01,0,0,,25.66,0,0.55,121.99,,,0,0,0,0.8,0.08,0,14.63
24,12,24012,1.64,0.01,0.01,0,0.18,0.01,95.93,0,0.09,0.01,0.01,0,0,0.4,,0,0,,22.07,,14.24,0,0,0,0,0,0.03,0.56
24,13,24013,12.54,0.02,0.37,0.01,1.69,0.06,734.17,0,10.61,0.61,1.21,0.05,0.0001,2.26,,0,0.01,6.55,248.3,,14.24,0,0,0,2.85,0.27,0.81,37.27
24,14,24014,1.36,,0,0,0.16,0.01,79.74,0,0.2,0.01,0.02,0,0,0.19,,0,0,,32.57,,14.24,0,0,0,0,0,0,0
24,15,24015,1.61,0.03,0.03,0,0.21,0.01,94.42,0,3.71,0.21,0.42,0.02,0,0.77,,0,0,,70.77,,,0,0,0,3.01,0.28,3.14,9.08
24,16,24016,3.06,0.14,0.07,0,0.4,0.01,179.01,0,2.69,0.15,0.31,0.01,0,5.11,,0,0,,549.75,,14.24,0,0,0,1.64,0.15,0.05,73.04
24,17,24017,1.99,0,0.01,0,0.23,0.01,116.51,0,0.38,0.02,0.04,0,0,,,5.73,0,0.7,156.35,,,0,0,0,0.71,0.07,0.02,9.72
24,18,24018,1.18,,0,0,0.14,0.01,69.12,0,0.34,0.02,0.04,0,0,0,,0,0,,15.23,,14.24,0,0,0,0,0,0,0
24,19,24019,0.45,,0,0,0.06,0,26.43,0,0.01,0,0,0,0,0,,0,0,17.84,22.99,,,0,0,0,0,0,0,2.01
24,20,24020,6.61,0.02,0.22,0.01,0.81,0.03,387.19,0,16.57,0.95,1.89,0.08,0.0001,6.53,,0,0,,117.22,,14.24,0,0,0,0.49,0.05,0.14,11.51
24,21,24021,3.88,0.03,0,0,0.42,0.02,226.93,0,3.11,0.18,0.36,0.01,0,0,,4.24,0,3.11,37.13,,,0,0,0,2.22,0.21,0,6.11
24,22,24022,1.47,0.02,0.01,0,0.17,0.01,85.86,0,0.62,0.04,0.07,0,0,0,,0,0,,39.11,,,0,0,0,1.33,0.13,0,6.63
24,23,24023,1.17,,0.01,0,0.15,0.01,68.41,0,0.3,0.02,0.03,0,0,1.54,,0,0,0.08,91.58,,,0,0,0,1.27,0.12,0,7.55
24,24,24024,6.87,0,0.19,0.01,0.86,0.03,335.07,0,2.84,0.16,0.32,0.01,0,5.02,,0,0,23.08,173.87,,,0,0,0,3.41,0.32,0.14,14.21
24,25,24025,2.16,0,0.05,0,0.25,0.01,126.3,0,1.7,0.1,0.19,0.01,0,1.36,,0.64,0,,142.14,,,0,0,0,2.56,0.24,0.01,30.58
24,26,24026,0.74,0.03,0,0,0.08,0,43.41,0,0.04,0,0,0,0,0.19,,0,0,,17.19,,14.24,0,0,0,0,0,0,0
24,27,24027,0.79,,0.02,0,0.01,0,46.27,0,0.33,0.02,0.04,0,0,0.75,,0,0,,33.77,,,0,0,0,0,0,0,0.44
24,28,24028,58.44,0.03,2.06,0.06,7.58,0.27,291.34,0.01,192.28,11,21.98,0.9,0.0017,53.86,,1006.4,0.03,0.8,67.43,0.05,,0,0,0,2.88,0.27,14.96,11.21
24,29,24029,1.73,0.01,0,0,0.2,0.01,100.98,0,0.16,0.01,0.02,0,0,0.6,,0,0,,30.11,,14.24,0,0,0,0,0,0,0.13
24,30,24030,0.44,0,0,0,0.06,0,25.96,0,0.02,0,0,0,0,0,,0,0,,22.95,,,0,0,0,0,0,0,0.23
24,31,24031,0.87,,0,0,0.09,0,51.06,0,0,0,0,0,0,0,,0,0,22.8,10.4,,,0,0,0,0,0,0,0.83
24,32,24032,2.98,0.03,0.05,0,0.35,0.01,174.53,0,0.94,0.05,0.11,0,0,0.47,,6.38,0,3.32,22.04,,,0,0,0,0,0,0.05,3.44
24,33,24033,0.91,0.01,0,0,0.11,0,53.04,0,0.01,0,0,0,0,0,,0,0,,191.93,,,0,0,0,0,0,0,40.05
24,34,24034,1.07,0.01,0.01,0,0.13,0,62.52,0,0.34,0.02,0.04,0,0,10.93,,0,0,,35.32,,14.24,0,0,0,0,0,0.01,6.84
24,35,24035,18.13,0,0.28,0.01,2.27,0.08,75.97,0,18.67,1.07,2.13,0.09,0.0002,1.61,,268.64,0.01,0.62,37.26,,,0.25,0.07,0,0,0,1.7,5.75
24,36,24036,2.15,0.03,0.03,0,0.28,0.01,125.94,0,2,0.11,0.23,0.01,0,0.34,,0,0,62.69,104.09,,14.24,0,0,0,0,0,0,15.29
24,37,24037,7.5,,0.07,0,0.84,0.03,439.07,0,0.85,0.05,0.1,0,0,4.65,,0,0,,76.62,,14.24,0,0,0,0,0,0.05,0.04
24,38,24038,1.26,0.03,0,0,0.14,0.01,73.8,0,0.05,0,0.01,0,0,0.32,,0,0,,19.92,,14.24,0,0,0,0,0,0,0
24,39,24039,1.1,,0,0,0.12,0.01,64.4,0,0.13,0.01,0.01,0,0,0.78,,0,0,,24.11,,14.24,0,0,0,0,0,0,0.4
24,40,24040,2.83,0.01,0.06,0,0.36,0.01,165.9,0,3.51,0.2,0.4,0.02,0,0,,0,0,10.52,235.16,,14.24,0,0,0,4.28,0.4,0.63,32.28
24,41,24041,1.52,0,0,0,0.16,0.01,89.22,0,0.23,0.01,0.03,0,0,1.83,,0,0,10.12,40.55,,14.24,0,0,0,0,0,0,1.41
24,42,24042,1.07,0.01,0.02,0,0.13,0,62.67,0,0.82,0.05,0.09,0,0,0.7,,0,0,,15.5,,,0,0,0,0,0,0.01,0.04
24,43,24043,0.72,,0.01,0,0.09,0,42.11,0,0.21,0.01,0.02,0,0,0,,0,0,1.75,5.98,,,0,0,0,0,0,0.01,0.96
24,44,24044,0.57,0.01,0.01,0,0.06,0,33.22,0,0.36,0.02,0.04,0,0,0.33,,0,0,,45.67,,14.24,0,0,0,5.41,0.51,0,7.95
24,45,24045,1.12,0.03,0.01,0,0.14,0.01,65.28,0,0.88,0.05,0.1,0,0,0.66,,0.49,0,,86.1,,,0,0,0,3.69,0.35,0,10.73
24,46,24046,1.2,,0.01,0,0.13,0.01,69.98,0,1.13,0.06,0.13,0.01,0,0,,0,0,,233.54,,14.24,0,0,0,0,0,0,34.72
24,47,24047,0.74,0.04,0,0,0.09,0,43.24,0,0.01,0,0,0,0,0,,0,0,0.47,70.34,,,0,0,0,0,0,0,18.76
24,48,24048,0.4,0.06,0.01,0,0.05,0,23.25,0,0.23,0.01,0.03,0,0,0.44,,0,0,,4.53,,,0,0,0,0,0,4.57,0.84
24,49,24049,2.76,,0.03,0,0.33,0.01,161.55,0,0.8,0.05,0.09,0,0,0,,0,0,,425.79,,,0,0,0,0,0,0,94.52
24,50,24050,3.36,0,0.03,0,0.36,0.02,196.62,0,3.28,0.19,0.38,0.02,0,0,,0,0,0.89,52.41,,,0,0,0,3.01,0.28,0.08,8.8
24,51,24051,1.12,0.01,0.01,0,0.14,0.01,65.37,0,0.16,0.01,0.02,0,0,0,,0,0,3.98,39.14,,,0,0,0,2.46,0.23,0,4.99
24,52,24052,0.78,0,0.01,0,0.11,0,45.75,0,0.21,0.01,0.02,0,0,0,,0,0,,87.2,,,0,0,0,0.99,0.09,0,6.51
24,53,24053,2.62,0.03,0.02,0,0.29,0.01,153.15,0,0.34,0.02,0.04,0,0,0.25,,0,0,,36.49,,14.24,0,0,0,0,0,0,0.34
24,54,24054,4,,0.02,0,0.44,0.02,234.32,0,0.21,0.01,0.02,0,0,0.33,,1.87,0,,45.34,,14.24,0,0,0,0,0,0,0
24,55,24055,1.79,0.02,0.01,0,0.18,0.01,104.96,0,0.54,0.03,0.06,0,0,0,,0,0,,5.35,,,0,0,0,0,0,6.45,0.7
24,56,24056,1.13,,0.01,0,0.13,0.01,65.92,0,0.15,0.01,0.02,0,0,0,,0,0,,18.79,,,0,0,0,0,0,0,3.49
24,57,24057,2.36,,0.02,0,0.25,0.01,138.3,0,0.64,0.04,0.07,0,0,0.22,,0,0,,29.49,,14.24,0,0,0,0,0,0,0
24,58,24058,1.48,0.01,0.03,0,0.19,0.01,86.37,0,2.31,0.13,0.26,0.01,0,0.49,,0,0,15.21,90.81,,14.24,0,0,0,0,0,0,13.22
25,1,25001,31.05,,0.95,0,3.24,0,1817.61,0,35.93,1.12,0,0.5,0.0003,20.16,,99.12,0.28,,1109.31,,16.69,2.99,0.88,32.06,2.3,0.22,3.95,352.59
25,2,25002,3.39,0,0.06,0,0.04,0,198.66,0,1.38,0.04,0,0.02,0,5.53,,0,0,,583.55,,16.69,0,0,0,0,0,0,0
25,3,25003,2.58,0.01,0.01,0,0.24,0,151.15,0,0.32,0.01,0,0,0,17.68,,1.32,0,61.44,166.98,,,0,0,0,0,0,0,0
25,4,25004,2.16,0.01,0.01,0,0.22,0,126.38,0,0.49,0.02,0,0.01,0,8.76,,0,0,29.34,151.25,,,0,0,0,0,0,0.2,0
25,5,25005,1.42,,0.01,0,0.12,0,83.37,0,0.39,0.01,0,0.01,0,9.03,,0,0,,100.74,,,0,0,0,0,0,0,0
25,6,25006,63.46,0.04,2.18,0,6.44,0,3714.99,0.01,52.91,1.64,0,0.73,0.0005,121.8,,871.83,0.37,,1543.98,0.05,16.69,8.23,2.48,0,8.89,0.84,12.65,306.64
25,7,25007,2.54,,0.02,0,0.24,0,148.66,0,0.23,0.01,0,0,0,11.4,,0,0,49.8,229.99,,,0,0,0,3.76,0.35,0,0
25,8,25008,3.71,0,0.05,0,0.36,0,217.46,0,0.58,0.02,0,0.01,0,,,0,0,,458.21,,16.69,0,0,0,2.71,0.26,0.13,85.15
25,9,25009,3.97,,0.08,0,0.4,0,232.41,0,1.41,0.04,0,0.02,0,,,0,0,,175.26,,,0,0,0,3.94,0.37,0,0
25,10,25010,7.4,0.01,0.07,0,0.73,0,433.34,0,2.52,0.08,0,0.03,0,14.67,,0,0,,355.16,,16.69,0,0,0,10.07,0.95,0.79,0
25,11,25011,21.61,0,0.46,0,2.15,0,1264.93,0,7.78,0.24,0,0.11,0.0001,16.15,,0,0,,1245.71,,16.69,0,0,0,0,0,0.4,240.73
25,12,25012,32.29,0.05,1.23,0,3.56,0,1890.36,0,38,1.18,0,0.53,0.0003,19.68,,1817.26,0.22,,478.98,,,2.91,1.1,53.5,5.1,0.48,3.44,157.75
25,13,25013,3.54,0,0.02,0,0.04,0,206.95,0,0.32,0.01,0,0,0,28.39,,0,0,,716.34,,,0,0,0,2.07,0.2,4.19,0
25,14,25014,3.79,0.02,0.05,0,0,0,221.82,0,1.59,0.05,0,0.02,0,8,,0,0,28.65,253.99,,,0,0,0,3.07,0.29,0.15,0
25,15,25015,6.12,0.03,0.25,0,0.64,0,358.22,0,2.98,0.09,0,0.04,0,5.6,,45.89,0,,492.75,,16.69,0,0,0,3.38,0.32,0.6,233.63
25,16,25016,1.87,0.02,0.01,0,0.19,0,109.31,0,0.19,0.01,0,0,0,14.3,,0,0,83.94,184.48,,,0,0,0,2.04,0.19,0,0
25,17,25017,6.8,0.02,0.03,0,0.64,0,397.91,0,0.71,0.02,0,0.01,0,31.75,,0,0,19.34,780.4,,16.69,0,0,0,3.15,0.3,0,0
25,18,25018,10.85,,0.13,0,1.07,0,635.04,0,5.15,0.16,0,0.07,0,5.83,,0,0.03,,531.93,,16.69,0,0,0,1.1,0.1,0.39,0
26,1,26001,0.2,0.01,0,0,0.03,0,11.48,0,0.25,0.01,0.01,0,0,0.28,,0,0,,6.6,,10.86,0,0,0,0,0,0,0
26,2,26002,5.62,0.02,0.16,0.27,0.75,0.02,329.05,0,19.78,0.74,0.49,0.19,0.0002,3.87,0.052859211,0,0,29.04,21.39,,,0,0,0,1.82,0.17,0.12,3.64
26,3,26003,1.96,0.06,0.02,0.03,0.25,0.01,114.64,0,0.44,0.02,0.01,0,0,1.66,,0,0,12.98,229.7,,,0,0,0,0,0,0,0
26,4,26004,0.67,0.03,0.02,0.04,0.09,0,39.11,0,0.37,0.01,0.01,0,0,0.68,,0,0,,27.23,,10.86,0,0,0,0,0,0,0
26,5,26005,0.1,0.02,0,0,0.02,0,5.99,0,0.02,0,0,0,0,0.1,,0,0,,2.59,,,0,0,0,0,0,0,0
26,6,26006,0.24,,0,0.01,0.04,0,13.85,0,0,0,0,0,0,0.23,,0,0,16.7,10.81,,10.86,0,0,0,0,0,0,0
26,7,26007,0.06,,0,0,0.01,0,3.44,0,0,0,0,0,0,0,,0,0,,1.01,,10.86,0,0,0,0,0,0,0
26,8,26008,0.1,,0,0,0.01,0,5.92,0,0,0,0,0,0,0.37,,0,0,2.71,1.46,,,0,0,0,0,0,0,0
26,9,26009,0.06,,0,0,0.01,0,3.59,0,0,0,0,0,0,0.11,,0,0,,1.8,,,0,0,0,0,0,0,0
26,10,26010,0.11,,0,0,0.02,0,6.3,0,0.03,0,0,0,0,0.26,,0,0,,6.68,,10.86,0,0,0,0,0,0,0
26,11,26011,0.12,,0,0,0.02,0,6.81,0,0,0,0,0,0,0,,0,0,1.58,3.43,,,0,0,0,0,0,0,0
26,12,26012,1.67,0,0.01,0.02,0.22,0.01,97.78,0,0.8,0.03,0.02,0.01,0,3.06,,0,0,,269.95,,10.86,0,0,0,0,0,0,0
26,13,26013,0.12,,0,0,0.02,0,6.85,0,0.24,0.01,0.01,0,0,0.14,,0,0,,6.74,,10.86,0,0,0,0,0,0,0
26,14,26014,0.27,,0,0.01,0.04,0,15.93,0,1.01,0.04,0.03,0.01,0,0.41,,0,0,,7.79,,,0,0,0,0,0,0.03,0
26,15,26015,0.1,,0,0,0.01,0,5.91,0,0.02,0,0,0,0,0,,0,0,,10.12,,10.86,0,0,0,0,0,0,0
26,16,26016,0.42,0,0.01,0.01,0.06,0,24.74,0,0.4,0.01,0.01,0,0,0.48,,0,0,,1.68,,10.86,0,0,0,20.42,1.93,0,0
26,17,26017,5.61,0,0.19,0.32,0.76,0.02,328.16,0,3.9,0.15,0.1,0.04,0,17.86,,0,0,,141.18,,10.86,0,0,1.67,4.56,0.43,5.52,67.52
26,18,26018,30.05,0,0.97,1.64,4.12,0.09,1758.9,0,61.6,2.29,1.53,0.59,0.0005,24.88,,0,0,,686.78,,10.86,0.11,0.09,0,2.15,0.2,3.6,235.43
26,19,26019,2.57,,0.07,0.11,0.37,0.01,150.51,0,2.84,0.11,0.07,0.03,0,2.02,,0,0,2.39,1.94,,,0,0,0,1.99,0.19,9.13,0
26,20,26020,0.37,,0,0.01,0.05,0,21.74,0,0.1,0,0,0,0,1.3,,0,0,,24.61,,,0,0,0,2.17,0.2,0,0
26,21,26021,0.14,0,0,0,0.02,0,8.21,0,0.01,0,0,0,0,0.01,,0,0,,22.25,,,0,0,0,2.04,0.19,0.41,0
26,22,26022,0.06,0,0,0,0.01,0,3.73,0,0,0,0,0,0,0.19,,0,0,,5.68,,10.86,0,0,0,0,0,0,0
26,23,26023,0.46,0.06,0,0.01,0.07,0,27.03,0,0.88,0.03,0.02,0.01,0,1.45,,0,0,,13.72,,10.86,0,0,0,0,0,0,0
26,24,26024,0.05,0,0,0,0.01,0,3.19,0,0,0,0,0,0,0.31,,0,0,,3.31,,10.86,0,0,0,0,0,0,0
26,25,26025,4.05,,0.07,0.11,0.05,0.01,91.45,0,31.13,1.16,0.77,0.3,0.0003,1.67,,0,0,,53.99,,10.86,0,0,0,1.86,0.18,0.11,0
26,26,26026,4.45,0,0.03,0.05,0.53,0.01,260.69,0,0.66,0.02,0.02,0.01,0,0.5,,0,0,,391.06,,10.86,0,0,0,0,0,0,0
26,27,26027,0.6,,0.01,0.01,0.08,0,34.96,0,0.15,0.01,0,0,0,0.07,,0,0,72.45,62.92,,,0,0,0,3.1,0.29,0,0
26,28,26028,0.07,,0,0,0.01,0,4.39,0,0.19,0.01,0,0,0,0.26,,0,0,,1.52,,,0,0,0,0,0,0,0
26,29,26029,10.73,0,0.34,0.57,1.43,0.03,166.67,0,16.87,0.63,0.42,0.16,0.0001,1.44,,0,0,,267.4,,10.86,0,0.01,18.95,5.04,0.47,0.57,14.07
26,30,26030,56.11,0.01,1.85,3.13,7.62,0.17,3284.89,0.01,80.6,3,2,0.77,0.0007,81.47,,0,0.59,,658.45,0.03,10.86,6.31,2.1,0,2.63,0.25,19.47,83.19
26,31,26031,0.1,,0,0,0.01,0,5.72,0,0.01,0,0,0,0,0.16,,0,0,,1.42,,10.86,0,0,0,0,0,0,0
26,32,26032,0.07,,0,0,0.01,0,4.05,0,0.05,0,0,0,0,0.37,,0,0,,2.55,,,0,0,0,0,0,0,0
26,33,26033,5.96,,0.11,0.18,0.75,0.02,348.85,0,7.8,0.29,0.19,0.07,0.0001,3.98,,0,0,,286.19,,10.86,0,0,0,2.56,0.24,0.08,0
26,34,26034,0.08,,0,0,0.01,0,4.83,0,0,0,0,0,0,0.07,,0,0,,5.57,,10.86,0,0,0,0,0,0,0
26,35,26035,0.84,0.14,0.01,0.02,0.11,0,49.34,0,2,0.07,0.05,0.02,0,0.81,,0,0,205.69,9.66,,10.86,0,0,0,1.61,0.15,0.03,0
26,36,26036,2.04,0.09,0.06,0.09,0.28,0.01,119.35,0,9.91,0.37,0.25,0.09,0.0001,0.89,,0,0,,16.48,,10.86,0,0,0,1.11,0.1,0.02,10.75
26,37,26037,0.11,0,0,0,0.02,0,6.38,0,0.04,0,0,0,0,0.07,,0,0,,12.39,,,0,0,0,0,0,0,4.72
26,38,26038,0.35,,0.01,0.02,0.01,0,20.23,0,1.22,0.05,0.03,0.01,0,1.76,,0,0,1.9,9.61,,,0,0,0,0,0,0.01,5.98
26,39,26039,0.48,,0.01,0.02,0.07,0,28.13,0,0.57,0.02,0.01,0.01,0,0.04,0.00077814,0,0,,0.18,,,0,0,0,2.08,0.2,0,0
26,40,26040,0.14,0,0,0,0.02,0,8.16,0,0.15,0.01,0,0,0,0.21,,0,0,0.6,4.78,,10.86,0,0,0,0,0,0,0
26,41,26041,0.96,,0.02,0.03,0.13,0,55.98,0,3.94,0.15,0.1,0.04,0,0.18,,0,0,1.12,0,,,0,0,0,1.16,0.11,10.22,0
26,42,26042,11.56,0.01,0.32,0.54,1.47,0.03,676.78,0,17.82,0.66,0.44,0.17,0.0002,6.84,,0,0,,436.86,,10.86,0,0,0,4.71,0.44,1.2,123.64
26,43,26043,15.47,0.01,0.38,0.65,2.03,0.05,905.74,0,88.25,3.29,2.18,0.84,0.0008,3.28,0.152727602,0,0,147.84,1.12,,,0.46,0.12,0,2.75,0.26,0.87,0
26,44,26044,0.03,,0,0,0,0,1.83,0,0,0,0,0,0,0.01,,0,0,,4.27,,,0,0,0,0,0,0,0
26,45,26045,0.21,,0,0,0.03,0,12.33,0,0.2,0.01,0.01,0,0,0.17,,0,0,,12.29,,,0,0,0,1.35,0.13,0,0
26,46,26046,0.03,,0,0,0.01,0,1.91,0,0,0,0,0,0,0,,0,0,,0.29,,,0,0,0,0,0,0,0
26,47,26047,0.73,0.01,0.01,0.02,0.1,0,42.67,0,0.74,0.03,0.02,0.01,0,0,,0,0,,10.57,,10.86,0,0,0,1.85,0.17,0,0
26,48,26048,3.59,,0.14,0.24,0.47,0.01,210.03,0,2.56,0.1,0.06,0.02,0,0,,0,0,,0,,,0,0,1.97,6.31,0.6,1.03,0
26,49,26049,0.24,0.01,0,0,0.03,0,14.27,0,0.02,0,0,0,0,0,,0,0,,33.43,,,0,0,0,0,0,0,0
26,50,26050,0.12,,0,0,0.02,0,7.22,0,0.05,0,0,0,0,0.24,,0,0,,17.3,,10.86,0,0,0,0,0,0.02,0
26,51,26051,0.41,0,0,0.01,0.06,0,24.17,0,0.11,0,0,0,0,0,,0,0,,39.35,,,0,0,0,0,0,0,0
26,52,26052,0.46,0.03,0.01,0.01,0.07,0,27.11,0,0.12,0,0,0,0,0.99,,0,0,0.32,7.26,,,0,0,0,0,0,0,1.27
26,53,26053,0.02,,0,0,0,0,1.46,0,0,0,0,0,0,0.03,,0,0,,2.69,,,0,0,0,0,0,0,0
26,54,26054,0.02,,0,0,0,0,1.13,0,0,0,0,0,0,0,,0,0,,0.34,,,0,0,0,0,0,0.01,0
26,55,26055,12.56,0,0.39,0.65,1.7,0.04,735.18,0,45.59,1.7,1.13,0.43,0.0004,2.24,0.154058175,0,0,,266.36,,10.86,0,0,0,6.1,0.58,0.39,0
26,56,26056,0.48,0,0.01,0.01,0.05,0,28.25,0,0.07,0,0,0,0,0,,0,0,,30.45,,10.86,0,0,0,0.8,0.08,0,0
26,57,26057,0.11,,0,0,0.02,0,6.69,0,0.04,0,0,0,0,0.14,,0,0,,6.18,,,0,0,0,0,0,0,0
26,58,26058,1.17,,0.03,0.05,0.16,0,68.51,0,4.18,0.16,0.1,0.04,0,0.6,,0,0,,23.82,,,0,0,0,1.32,0.12,0,0
26,59,26059,0.14,,0,0,0.02,0,8.36,0,0,0,0,0,0,0.21,,0,0,,0.28,,,0,0,0,2.56,0.24,0,0
26,60,26060,0.2,0.02,0,0,0.03,0,11.64,0,0.01,0,0,0,0,0,5.06E-05,0,0,,1.49,,10.86,0,0,0,0,0,0,0
26,61,26061,0.1,0.08,0,0,0.02,0,5.66,0,0,0,0,0,0,0.03,,0,0,,7.32,,,0,0,0,0,0,0,0
26,62,26062,0.09,0,0,0,0.01,0,5.16,0,0.01,0,0,0,0,0.01,,0,0,,1.93,,,0,0,0,0,0,0,0
26,63,26063,0.09,,0,0,0.02,0,5.54,0,0,0,0,0,0,0.43,,0,0,,2.1,,,0,0,0,0,0,0,0
26,64,26064,0.13,,0,0,0.02,0,7.82,0,0,0,0,0,0,0.41,,0,0,,39.37,,10.86,0,0,0,2.66,0.25,0.14,0
26,65,26065,0.14,,0,0,0.02,0,8.2,0,0,0,0,0,0,0,,0,0,,2.86,,10.86,0,0,0,0,0,0,0
26,66,26066,0.67,0,0.01,0.02,0.1,0,39.41,0,0.6,0.02,0.01,0.01,0,0.78,,0,0,,33.87,,10.86,0,0,0,0,0,0,12.69
26,67,26067,0.13,0,0,0,0.02,0,7.32,0,0.01,0,0,0,0,0.16,,0,0,,3.47,,,0,0,0,0,0,0,0
26,68,26068,0.11,0,0,0,0.02,0,6.43,0,0.02,0,0,0,0,0.1,,0,0,,11.74,,,0,0,0,0,0,0,0
26,69,26069,0.49,0.01,0,0.01,0.07,0,28.5,0,0.24,0.01,0.01,0,0,0.15,,0,0,1.28,4.2,,,0,0,0,0,0,0,0
26,70,26070,0.99,0.01,0.04,0.06,0.13,0,58.11,0,1.33,0.05,0.03,0.01,0,0,,0,0,,24.46,,10.86,0,0,0,0,0,0,0
26,71,26071,1.63,0.01,0.03,0.05,0.21,0,95.7,0,0.81,0.03,0.02,0.01,0,0,0.002130121,0,0,,198.03,,10.86,0,0,0,0,0,0.01,0
26,72,26072,1.06,0,0.01,0.01,0.13,0,61.99,0,0.15,0.01,0,0,0,0,,0,0,,75.02,,10.86,0,0,0,0,0,0,0
27,1,27001,4.24,,0.03,0,0.52,0,248.24,0,0.74,0.03,0.06,0,0,51,,6.38,0,,192.14,,17.9,0,0,2.13,2.57,0.24,0.04,36.41
27,2,27002,17.55,0,0.37,0,1.98,0,1027.65,0,11.33,0.42,0.98,0.04,0.0001,24.1,,49.42,0,,265.33,,17.9,0,0,0,0,0,3.1,44.32
27,3,27003,7.42,,0.09,0,0.83,0,434.13,0,1.34,0.05,0.12,0,0,7.34,,9.66,0,6.5,23.84,,,0,0,0,0,0,0,1.35
27,4,27004,44.65,0.08,1.57,0,5.66,0,1180.53,0.01,34.92,1.3,3.01,0.11,0.0003,19.98,,181.96,0.01,,30.68,0.03,,0.54,0.27,0,0,0,28.29,5.22
27,5,27005,13.89,0,0.19,0,1.58,0,813.33,0,3.38,0.13,0.29,0.01,0,8.6,,29.28,0,,76.53,,17.9,0,0,0,0,0,0.93,3.14
27,6,27006,8.96,,0.06,0,1.04,0,524.38,0,1.28,0.05,0.11,0,0,10.19,,14.25,0,,98.47,,17.9,0,0,0,0,0,0.15,2.3
27,7,27007,2.12,0.01,0.07,0,0.27,0,124.39,0,1.06,0.04,0.09,0,0,7.99,,6.43,0,,51.54,,17.9,0,0,0,0.31,0.03,0.06,14.86
27,8,27008,13.07,0.01,0.12,0,1.43,0,765.07,0,4.1,0.15,0.35,0.01,0,46.84,,27.91,0,1450.36,204.3,,17.9,0,0,0,4.37,0.41,2.94,23.19
27,9,27009,2.69,,0.01,0,0.32,0,157.24,0,0.28,0.01,0.02,0,0,14.83,,0.5,0,,14.26,,,0,0,0,0,0,2.88,1.13
27,10,27010,5.83,,0.04,0,0.64,0,341.53,0,1.05,0.04,0.09,0,0,4.82,,5.39,0,,18.39,,,0,0,0,0,0,0,0.14
27,11,27011,2.27,,0.01,0,0.26,0,132.94,0,0.19,0.01,0.02,0,0,19.98,,2.62,0,,37.19,,,0,0,0,0,0,0.45,4.37
27,12,27012,11.43,0,0.14,0,0.13,0,669.08,0,5.88,0.22,0.51,0.02,0.0001,29.47,,37.94,0,,17.86,,,0,0,0,1.56,0.15,1.42,1.47
27,13,27013,6.88,,0.05,0,0.79,0,464.13,0,0.78,0.03,0.07,0,0,7.94,,46.22,0,,13.52,,,0,0,0,0,0,0.07,0.88
27,14,27014,6.28,,0.07,0,0.73,0,367.5,0,2.01,0.07,0.17,0.01,0,1.59,,39.43,0,,15.17,,,0,0,87.65,0,0,0.66,0.34
27,15,27015,3.42,,0.02,0,0.37,0,200.48,0,0.42,0.02,0.04,0,0,10.54,,1.58,0,,72.8,,,0,0,0,1.27,0.12,8.93,1.88
27,16,27016,3.94,,0.06,0,0.46,0,230.57,0,1.71,0.06,0.15,0.01,0,7.97,,9.71,0,,30.83,,,0,0,0,0.9,0.09,10.79,14.45
27,17,27017,4.45,0.01,0.09,0,0.55,0,260.24,0,2.06,0.08,0.18,0.01,0,30.09,,3.08,0,20.6,82.52,,17.9,0,0,0,1.99,0.19,0.39,5.74
28,1,28001,0.95,,0.01,0,0.16,0.06,55.52,0,0.33,0,0.03,0,0,0,,0,0,,255.07,,,0,0,0,0,0,0,41.86
28,2,28002,2.21,,0.03,0,0.4,0.15,129.54,0,0.97,0.01,0.1,0,0,5.81,,0,0,43.31,196.84,,12.9,0,0,0,0,0,5.25,26.61
28,3,28003,13,0,0.22,0,0.23,0.86,220.18,0,27.53,0.18,2.87,0.09,0.0002,0.09,,0,0,,677.9,,12.9,0,0,78.64,3.69,0.35,2.82,93.91
28,4,28004,0.68,0,0.01,0,0.13,0.05,40.07,0,0.23,0,0.02,0,0,0,,0,0,2.37,46.03,,12.9,0,0,0,0,0,1.86,7.66
28,5,28005,0.38,,0,0,0.07,0.03,22.38,0,0.29,0,0.03,0,0,8.75,,0,0,,36.43,,,0,0,0,0,0,0,7.82
28,6,28006,0.58,,0,0,0.09,0.04,34.05,0,0.04,0,0,0,0,1.3,,0,0,1.17,54.7,,,0,0,0,0,0,0,11.99
28,7,28007,1.41,,0.03,0,0.28,0.09,82.31,0,4.75,0.03,0.49,0.02,0,0.32,0.003950979,0,0,,75.95,,,0,0,0,2.78,0.26,1.83,14.29
28,8,28008,0.33,0.09,0,0,0.06,0.02,19.3,0,0,0,0,0,0,3.07,,0,0,38.19,304.97,,,0,0,0,1.27,0.12,0,37
28,9,28009,15.43,,0.35,0,2.93,1.02,903.53,0,24.59,0.16,2.56,0.08,0.0002,0,,0,0,,0,,,0,0,0,0,0,7.58,0
28,10,28010,0.18,,0,0,0.04,0.01,10.62,0,0.01,0,0,0,0,1.72,,0,0,,10.46,,,0,0,0,0,0,0.01,3.92
28,11,28011,0.68,0.03,0,0,0.12,0.04,39.62,0,0.24,0,0.02,0,0,23.68,,0,0,,88,,12.9,0,0,0,0,0,0,15.28
28,12,28012,3.27,0,0.07,0,0.57,0.22,191.64,0,2.47,0.02,0.26,0.01,0,2.72,,0,0,,1274.56,,12.9,0,0,0,4.29,0.4,0.05,167.7
28,13,28013,1.15,,0,0,0.02,0.08,67.51,0,0.33,0,0.03,0,0,3.85,,0,0,,182.46,,,0,0,0,0.29,0.03,0,32.04
28,14,28014,0.31,0,0.01,0,0.06,0.02,18.07,0,0.29,0,0.03,0,0,0,,0,0,,3.64,,,0,0,0,0,0,0,0.47
28,15,28015,1.2,,0.03,0,0.23,0.08,70.34,0,2.56,0.02,0.27,0.01,0,2.42,,0,0,,65.27,,,0,0,0,1.05,0.1,0,13.72
28,16,28016,1.87,0,0.02,0,0.34,0.12,109.32,0,1.53,0.01,0.16,0,0,7.67,,0,0,,171.72,,,0,0,0,2.67,0.25,0,31.25
28,17,28017,1.12,0.03,0.01,0,0.19,0.07,65.62,0,0.76,0,0.08,0,0,0,,0,0,5.38,36.28,,,0,0,0,0,0,0,7.03
28,18,28018,0.66,,0.01,0,0.12,0.04,38.52,0,0.63,0,0.07,0,0,4.68,,0,0,,117.63,,,0,0,0,0,0,0,14.51
28,19,28019,1.38,0,0.01,0,0.26,0.09,81.05,0,0.22,0,0.02,0,0,0.18,,0,0,24.78,104.69,,,0,0,0,2.45,0.23,0.71,18.52
28,20,28020,0.2,,0,0,0.04,0.01,11.54,0,0.01,0,0,0,0,0,,0,0,,47.88,,,0,0,0,0,0,0,4.47
28,21,28021,8.96,0,0.28,0,1.7,0.59,524.49,0,9.42,0.06,0.98,0.03,0.0001,0.21,,0,0.02,,607.47,,12.9,0,0,0,3.47,0.33,9.27,85.27
28,22,28022,36.95,0.02,0.95,0,6.57,2.45,299.49,0.01,189.23,1.21,19.7,0.6,0.0017,53.98,0.072515461,0,0.03,,1440.67,,,0.17,0.08,0,2.71,0.26,19.35,176.61
28,23,28023,0.38,,0,0,0.01,0.03,22.4,0,0.01,0,0,0,0,2.89,,0,0,,576.01,,,0,0,0,0,0,0,67.84
28,24,28024,0.52,,0.02,0,0.1,0.03,30.61,0,0.46,0,0.05,0,0,0,0.009199118,0,0,,15.97,,,0,0,0,0,0,0,1.88
28,25,28025,1.92,,0.08,0,0.36,0.13,112.42,0,1.43,0.01,0.15,0,0,0.03,,0,0.01,,37.49,,,0,0,0,0,0,10.82,6.5
28,26,28026,0.27,,0,0,0.05,0.02,15.87,0,0.04,0,0,0,0,4.31,,0,0,1.51,29.72,,12.9,0,0,0,0,0,0,5.48
28,27,28027,28.45,0.02,0.83,0,4.85,1.89,26.45,0,69.31,0.44,7.21,0.22,0.0006,11.22,0.576849707,0,0.03,,11.13,,,0.65,0.17,0,1.6,0.15,7.53,1.27
28,28,28028,0.24,,0,0,0.04,0.02,14.28,0,0.04,0,0,0,0,1.2,,0,0,,28.56,,12.9,0,0,0,0,0,0,4.78
28,29,28029,1,0,0.01,0,0.19,0.07,58.4,0,0.22,0,0.02,0,0,6.53,,0,0,0.31,87.45,,12.9,0,0,0,0,0,0,16.59
28,30,28030,1.01,0.02,0.01,0,0.18,0.07,59.02,0,0.19,0,0.02,0,0,16.66,,0,0,,132.49,,,0,0,0,0,0,0,22.18
28,31,28031,0.13,,0,0,0.03,0.01,7.5,0,0.02,0,0,0,0,0.95,,0,0,2.74,6.84,,,0,0,0,0,0,0,1.45
28,32,28032,42.13,0,1.13,0,7.38,2.8,172.18,0.01,253.45,1.62,26.38,0.81,0.0023,41.24,0.254312535,0,0.11,,850.62,0.03,,0.95,0.17,0,2.98,0.28,11.82,109.63
28,33,28033,8.54,,0.25,0,1.49,0.57,128.72,0,11.65,0.07,1.21,0.04,0.0001,1.22,0.010648606,0,0.04,,1434.66,,,0,0,0,1.56,0.15,1.38,194.66
28,34,28034,0.74,,0,0,0.14,0.05,43.35,0,0.02,0,0,0,0,0.44,,0,0,5.35,214.84,,,0,0,0,0,0,0,26.35
28,35,28035,4.62,,0.07,0,0.81,0.31,270.32,0,3.49,0.02,0.36,0.01,0,18.73,,0,0,,2080.99,,,0,0,0,0,0,0.02,244.52
28,36,28036,0.08,,0,0,0.01,0.01,4.89,0,0,0,0,0,0,0.25,,0,0.01,,0,,,0,0,0,0,0,0,0
28,37,28037,1.82,,0.03,0,0.32,0.12,106.84,0,0.27,0,0.03,0,0,11.67,,0,0,9.45,168.31,,,0,0,0,0,0,0,23.61
28,38,28038,24.3,0.02,1.22,0,4.57,1.61,2.63,0,21.77,0.14,2.27,0.07,0.0002,0,,0,0.01,,0,,,3.09,0.96,66.7,1.33,0.13,7.76,0
28,39,28039,2.05,,0.03,0,0.32,0.14,120.23,0,0.33,0,0.03,0,0,18.17,,0,0,0.04,101.87,,,0,0,0,0,0,0,22.2
28,40,28040,4.97,0.03,0.16,0,0.09,0.33,291.09,0,21.65,0.14,2.25,0.07,0.0002,0,,0,0,,565.86,,,0,0,0,0,0,0.23,73.14
28,41,28041,23.43,,0.69,0,4.1,1.55,1371.57,0,30.79,0.2,3.2,0.1,0.0003,1.06,,0,0.01,1.95,99.43,0.03,,0.25,0.08,0,2.93,0.28,12.1,16.58
28,42,28042,0.52,,0,0,0.1,0.03,30.22,0,0.04,0,0,0,0,4.34,,0,0,,71.57,,,0,0,0,2.52,0.24,0,11.52
28,43,28043,1.75,0,0.02,0,0.33,0.12,102.39,0,2.71,0.02,0.28,0.01,0,1.49,,0,0,,135.7,,12.9,0,0,0,2.84,0.27,0.02,23.49
29,1,29001,0.63,,0.02,0,0.1,0.01,5.14,0,0.52,0,0.04,0.01,0,0,,5.24,0,,4.74,,,0,0,0,0,0,0.01,0.79
29,2,29002,0.98,,0.01,0,0.17,0.01,19.71,0,3.5,0,0.25,0.04,0,0,,0.74,0,,6.17,,,0,0,0,0,0,0.16,1.02
29,3,29003,0.44,,0.01,0,0.07,0,25.68,0,0.05,0,0,0,0,0,,0.29,0,,50.25,,1.5,0,0,0,0.4,0.04,0.61,5.7
29,4,29004,1.15,,0,0,0.18,0.01,67.08,0,0.32,0,0.02,0,0,0,,0,0,0.72,50.09,,1.5,0,0,0,0,0,0,7.42
29,5,29005,5.84,0,0.29,0.01,1.04,0.06,19.62,0,6.41,0,0.45,0.08,0.0001,0,,53.79,0,,33.96,,1.5,0,0,0,0.37,0.04,0.18,4.16
29,6,29006,3.26,,0.07,0,0.54,0.03,190.91,0,4.7,0,0.33,0.06,0,24.23,,0,0,7.43,142.86,,1.5,0,0,0,1.38,0.13,0.21,14.86
29,7,29007,1.11,,0.02,0,0.17,0.01,65.18,0,0.61,0,0.04,0.01,0,0,,0.15,0,,7.88,,1.5,0,0,0,0.41,0.04,0,1.06
29,8,29008,1.01,,0.01,0,0.16,0.01,58.98,0,0.78,0,0.05,0.01,0,0,,2.2,0,,67.78,,1.5,0,0,0,0.81,0.08,0,8.87
29,9,29009,0.35,,0,0,0.06,0,19.62,0,0.02,0,0,0,0,0,,0,0,,8.01,,,0,0,0,0,0,0.04,1.38
29,10,29010,5.06,,0.16,0.01,0.81,0.05,40.44,0,12.24,0,0.86,0.15,0.0001,0,,0,0,2.93,21.36,,,0,0,0,0.11,0.01,0.11,3.81
29,11,29011,0.32,,0,0,0.05,0,18.77,0,0.12,0,0.01,0,0,0,,0.15,0,,43.78,,1.5,0,0,0,0.99,0.09,0,4.8
29,12,29012,0.64,0,0,0,0.11,0.01,37.53,0,0.12,0,0.01,0,0,0,,0,0,1.75,59.76,,1.5,0,0,0,0.97,0.09,0.32,6.62
29,13,29013,6.16,,0.12,0,0.93,0.06,360.75,0,14.61,0,1.03,0.18,0.0001,11.43,,19.21,0,4.07,147.19,,1.5,0,0,0,2.16,0.2,0.76,24.09
29,14,29014,0,,0.01,0,0.17,0,0.06,0,0.62,0,0.04,0.01,0,0,,0.1,0,,98.33,,1.5,0,0,0,0.42,0.04,0,10.28
29,15,29015,2.6,,0.03,0,0.44,0.02,88.71,0,4.83,0,0.34,0.06,0,0,,0,0,,37.86,,1.5,0,0,0,0.43,0.04,0,5.7
29,16,29016,0.5,,0.01,0,0.08,0,29.39,0,0.34,0,0.02,0,0,0,,0,0,2.47,10.35,,,0,0,0,0.28,0.03,0,1.51
29,17,29017,0.69,,0.01,0,0.1,0.01,1.48,0,0.88,0,0.06,0.01,0,0,,0,0,2.02,2.98,,,0,0,0,0,0,0,0.51
29,18,29018,2.59,,0.03,0,0.38,0.02,62.75,0,4.88,0,0.34,0.06,0,0,,0,0,3.73,10.64,,,0,0,0,0.23,0.02,0.01,1.95
29,19,29019,1.31,,0.02,0,0.21,0.01,7.94,0,5.96,0,0.42,0.07,0.0001,0,,3.43,0,,11.83,,,0,0,0,0,0,0,2.06
29,20,29020,0.6,,0,0,0.1,0.01,35.35,0,0.11,0,0.01,0,0,0,,0,0,1.42,43.26,,1.5,0,0,0,0.09,0.01,0,4.9
29,21,29021,1.25,,0.02,0,0.22,0.01,73.35,0,1.03,0,0.07,0.01,0,0,,0.2,0,4.93,73.68,,1.5,0,0,0,0.71,0.07,0,8.05
29,22,29022,0.41,,0.01,0,0.06,0,32.17,0,4.26,0,0.3,0.05,0,0,,0,0,2.09,0.5,,,0,0,0,0.09,0.01,0.12,0.64
29,23,29023,1.75,,0.02,0,0.28,0.02,83.69,0,0.35,0,0.02,0,0,0,,1.57,0,,25.36,,,0,0,0,0,0,0.14,4.35
29,24,29024,1.79,,0.02,0,0.31,0.02,86.35,0,0.78,0,0.05,0.01,0,0,,0,0,,15.53,,,0,0,0,0,0,0,2.69
29,25,29025,5.13,,0.07,0,0.68,0.05,6.01,0,4.96,0,0.35,0.06,0,0,,0,0,2.2,10.84,,,0,0,0,0,0,0.08,1.96
29,26,29026,1.21,,0.02,0,0.2,0.01,32.58,0,0.94,0,0.07,0.01,0,0,,0,0,0.88,11.21,,,0,0,0,0.36,0.03,0,2.03
29,27,29027,0.85,,0.02,0,0.12,0.01,0.67,0,0.27,0,0.02,0,0,0,,0,0,0.72,4.2,,,0,0,0,0.02,0,0,0.76
29,28,29028,1.55,0,0.02,0,0.23,0.01,23.7,0,6.16,0,0.43,0.08,0.0001,0,,0,0,5.78,20.83,,,0,0,0,0.22,0.02,0,3.83
29,29,29029,0.73,,0,0,0.11,0.01,56.12,0,0.05,0,0,0,0,0,,0.69,0,,4.9,,,0,0,0,0,0,0,0.84
29,30,29030,1.01,,0,0,0.15,0.01,59.11,0,0.05,0,0,0,0,0,,0,0,1.11,73.55,,1.5,0,0,0,0,0,0,7.91
29,31,29031,1.98,0,0.03,0,0,0.02,28.53,0,20.2,0,1.42,0.25,0.0002,0,,0,0,3.7,73.64,,1.5,0,0,0,0.98,0.09,0.06,7.99
29,32,29032,0.92,,0.01,0,0.15,0.01,34.86,0,0.89,0,0.06,0.01,0,0,,0,0,,14.32,,,0,0,0,0,0,0,2.27
29,33,29033,6.7,,0.24,0.01,1.2,0.06,0.1,0,7,0,0.49,0.09,0.0001,16.9,,0,0,,11.87,0.02,,0,0,0,0,0,0.68,2.16
29,34,29034,2.92,0,0.03,0,0.46,0.03,170.86,0,5.1,0,0.36,0.06,0,,,16.76,0,5.57,269.32,,1.5,0,0,0,1.39,0.13,0.09,31.77
29,35,29035,0.4,,0.01,0,0.06,0,0.2,0,0.13,0,0.01,0,0,0,,15.1,0,1.55,8.88,,1.5,0,0,0,0,0,0,1.01
29,36,29036,1.57,,0.02,0,0.26,0.01,82.79,0,1.52,0,0.11,0.02,0,0,,0,0,,1.64,,,0,0,0,0,0,0.06,0.26
29,37,29037,0.66,0,0.01,0,0.09,0.01,38.52,0,0.21,0,0.01,0,0,0,,0,0,3.9,25.57,,1.5,0,0,0,0,0,0,4.35
29,38,29038,1.01,,0.01,0,0.17,0.01,24.55,0,3.67,0,0.26,0.05,0,0,,17.79,0,,20.6,,1.5,0,0,0,0.54,0.05,0,3.24
29,39,29039,1.57,,0.02,0,0.23,0.01,13.16,0,5.3,0,0.37,0.07,0,0,,6.94,0,,23.09,,1.5,0,0,0,0.42,0.04,0,3.04
29,40,29040,0.68,,0,0,0,0.01,39.66,0,0,0,0,0,0,0,,0,0,,84.09,,1.5,0,0,0,0,0,0.63,10.11
29,41,29041,1.97,,0.05,0,0.32,0.02,1.26,0,15.43,0,1.09,0.19,0.0001,0,,51.58,0,1.94,12.79,,,0,0,0,0.17,0.02,0.02,2.32
29,42,29042,0.86,0,0.02,0,0.14,0.01,50.23,0,2.05,0,0.14,0.03,0,0,,0,0,,4,,,0,0,0,0.07,0.01,0,0.71
29,43,29043,2.23,,0.04,0,0.04,0.02,78.02,0,3.17,0,0.22,0.04,0,0,,26.79,0,,23.27,,1.5,0,0,0,0,0,0.1,2.56
29,44,29044,2.82,,0.07,0,0.44,0.03,2.55,0,3.11,0,0.22,0.04,0,0,,0,0,,9.99,,,0,0,0,0,0,0,1.68
29,45,29045,0.41,,0.01,0,0.07,0,24.14,0,0.05,0,0,0,0,0,,0,0,,30.5,,1.5,0,0,0,0.66,0.06,0,3.68
29,46,29046,0.3,0,0,0,0.05,0,17.74,0,0.75,0,0.05,0.01,0,0,,0,0,0.48,4.56,,1.5,0,0,0,0,0,0,0.28
29,47,29047,0.2,,0,0,0.03,0,11.93,0,0.17,0,0.01,0,0,0,,0,0,1.11,7.67,,1.5,0,0,0,0,0,0,0.85
29,48,29048,1.2,,0.02,0,0.17,0.01,70.42,0,5.26,0,0.37,0.06,0,0,,0.44,0,,3.31,,,0,0,0,0.26,0.02,0.01,0.61
29,49,29049,0.36,,0.01,0,0.06,0,0.27,0,0.12,0,0.01,0,0,0,,0,0,,3.85,,,0,0,0,0,0,0,0.68
29,50,29050,0.8,,0.01,0,0.12,0.01,0.11,0,0.32,0,0.02,0,0,0,,0,0,2.77,4.54,,,0,0,0,0,0,0,0.84
29,51,29051,0.25,,0,0,0.04,0,0.2,0,0.04,0,0,0,0,0,,1.42,0,,2.11,,,0,0,0,0,0,0.01,0.31
29,52,29052,0.41,,0.01,0,0.06,0,23.95,0,0.16,0,0.01,0,0,0,,0.3,0,0.32,13.02,,1.5,0,0,0,0,0,0,1.25
29,53,29053,0.53,,0.01,0,0.07,0,0.73,0,3.38,0,0.24,0.04,0,0,,0.15,0,,1.68,,,0,0,0,0,0,0,0.31
29,54,29054,0.39,,0,0,0.06,0,0.23,0,0.22,0,0.02,0,0,0,,0,0,,2.87,,,0,0,0,0,0,0,0.53
29,55,29055,0.21,,0,0,0.03,0,12.28,0,0.2,0,0.01,0,0,0,,0,0,,27.48,,1.5,0,0,0,0,0,0,3.47
29,56,29056,0.49,,0.01,0,0.08,0,0.06,0,0.21,0,0.01,0,0,0,,0.05,0,,2.09,,,0,0,0,0,0,0,0.37
29,57,29057,0.31,,0.01,0,0.05,0,0.6,0,0.08,0,0.01,0,0,0,,0,0,,2.89,,,0,0,0,0,0,0,0.43
29,58,29058,0.58,,0.01,0,0.09,0.01,34.2,0,0.17,0,0.01,0,0,0,,0,0,0.95,2.56,,,0,0,0,0.16,0.02,0,0.47
29,59,29059,0.43,,0.01,0,0.07,0,13.63,0,0.24,0,0.02,0,0,0,,0,0,,0.96,,,0,0,0,0,0,0,0.18
29,60,29060,0.33,,0,0,0.05,0,19.27,0,2.91,0,0.2,0.04,0,0,,0.5,0,,0.63,,,0,0,0,0.1,0.01,0,0.11
30,1,30001,0.6,,0,0,0.06,0,35.37,0,0.03,0,0,0,0,0,,0,0,0.12,2.29,,,0,0,0,0.59,0.06,0.06,0.27
30,2,30002,0.23,,0,0,0.02,0,13.54,0,0.91,0.04,0.08,0.01,0,0,,0,0,,2.46,,,0,0,0,0,0,0,0.29
30,3,30003,6.35,0,0.2,0,0.7,0,209.71,0,2.95,0.14,0.25,0.05,0,0.09,,0,0,,62.3,,11.71,0,0,0,0,0,3.97,7.43
30,4,30004,3.03,,0.02,0,0.38,0,177.23,0,0.23,0.01,0.02,0,0,0.56,,0,0,0.06,112.9,,11.71,0,0,0,0,0,0,13.19
30,5,30005,0.38,,0,0,0.05,0,22.15,0,0.09,0,0.01,0,0,0.28,,0,0,,20,,11.71,0,0,0,0,0,0,1.87
30,6,30006,1.49,,0.01,0,0.14,0,87.47,0,0.58,0.03,0.05,0.01,0,0,,0,0,19.81,27.71,,,0,0,0,2.16,0.2,0,3.21
30,7,30007,0.45,,0,0,0.05,0,26.49,0,0.02,0,0,0,0,0.07,,0,0,,0,,,0,0,0,1.27,0.12,0,3.22
30,8,30008,0.72,,0,0,0.06,0,42.07,0,0.03,0,0,0,0,0,,0,0,0.7,11.91,,,0,0,0,0,0,0,1.43
30,9,30009,2.07,,0.02,0,0.25,0,121.19,0,0.58,0.03,0.05,0.01,0,0,,0,0,,49.56,,11.71,0,0,0,0,0,0,6.34
30,10,30010,4.55,0,0.04,0,0.43,0,266.61,0,4.24,0.2,0.37,0.07,0,1.12,,0,0,,50.13,,11.71,0,0,0,0,0,0,6.18
30,11,30011,3.85,0,0.07,0,0.48,0,179.2,0,1.36,0.06,0.12,0.02,0,8.03,,0,0,,5.26,,,0,0,0,2.53,0.24,2.01,0.59
30,12,30012,0.57,,0,0,0.07,0,33.49,0,0.08,0,0.01,0,0,1.03,,0,0,,35.97,,11.71,0,0,0,0,0,0,3.26
30,13,30013,2.09,,0.07,0,0.25,0,122.25,0,1.12,0.05,0.1,0.02,0,2.32,,0,0,,0,,11.71,0,0,0,0,0,0.04,0.76
30,14,30014,3.06,0,0.03,0,0.33,0,158.51,0,4.62,0.22,0.4,0.07,0,0,,0,0,,27.74,,11.71,0,0,0,1.37,0.13,0.08,3.21
30,15,30015,2.64,0,0.02,0,0.32,0,154.27,0,0.42,0.02,0.04,0.01,0,1.45,,0,0,,75.9,,11.71,0,0,0,0,0,0,7.08
30,16,30016,2.03,0,0.1,0,0.25,0,118.92,0,2.94,0.14,0.25,0.05,0,2.08,,0,0,,23.45,,11.71,0,0,0,1.31,0.12,0.83,2.26
30,17,30017,0.28,,0,0,0.03,0,16.54,0,0.01,0,0,0,0,0,,0,0,0.12,11.03,,,0,0,0,0.41,0.04,0,1.47
30,18,30018,0.13,,0,0,0.01,0,7.56,0,0.01,0,0,0,0,0,,0,0,0.06,2.86,,,0,0,0,0,0,0,0.33
30,19,30019,0.39,,0,0,0.03,0,22.68,0,0,0,0,0,0,0,,0,0,,7.81,,,0,0,0,0,0,0,0.92
30,20,30020,0.72,,0,0,0.07,0,42.3,0,0.03,0,0,0,0,0,,0,0,,6.08,,,0,0,0,0,0,0,0.71
30,21,30021,1.72,,0.02,0,0.2,0,100.77,0,3.83,0.18,0.33,0.06,0,0.51,,0,0,,35.54,,11.71,0,0,0,0.51,0.05,0,4.1
30,22,30022,1.44,,0.01,0,0.14,0,47.9,0,0.21,0.01,0.02,0,0,0,,0,0,,29.6,,11.71,0,0,0,0,0,0,2.96
30,23,30023,3.48,0,0.01,0,0.03,0,203.93,0,1.61,0.08,0.14,0.03,0,0,,0,0,0.39,95.99,,11.71,0,0,0,0,0,0.01,14.68
30,24,30024,1.09,0,0,0,0.1,0,63.63,0,0.14,0.01,0.01,0,0,0,,0,0,,44.09,,11.71,0,0,0,0,0,0,5.45
30,25,30025,1.87,,0.01,0,0.15,0,109.67,0,0.11,0.01,0.01,0,0,0,,0,0,1.59,34.97,,,0,0,0,0,0,0,4.08
30,26,30026,1.53,,0.04,0,0.17,0,10.39,0,0.79,0.04,0.07,0.01,0,0,,0,0,,0.24,,11.71,0,0,0,0.46,0.04,0.35,0.03
30,27,30027,1.31,0,0,0,0.12,0,76.97,0,0.05,0,0,0,0,0,,0,0,,66.87,,11.71,0,0,0,0,0,0.04,8.21
30,28,30028,11.35,,0.48,0,1.41,0,13.76,0,5.87,0.28,0.51,0.09,0.0001,0,,0,0,,66.87,,,0,0,0,0.26,0.02,2.36,0.01
30,29,30029,1,,0,0,0.01,0,58.35,0,0.01,0,0,0,0,0,,0,0,7.18,11.67,,,0,0,0,0,0,0,1.43
30,30,30030,3.12,,0.08,0,0.34,0,42.74,0,3.3,0.15,0.28,0.05,0,0,,0,0,0.1,1.27,,,0,0,0,0.3,0.03,0.02,0.15
30,31,30031,1.15,,0,0,0.01,0,67.6,0,0.01,0,0,0,0,0,,0,0,,33.36,,11.71,0,0,0,0,0,0.05,3.54
30,32,30032,3.73,,0.06,0,0.39,0,218.58,0,1.33,0.06,0.11,0.02,0,1.48,,0,0,,23.14,,11.71,0,0,0,0,0,0.15,2.94
30,33,30033,1.84,0,0.01,0,0.2,0,174.96,0,0.15,0.01,0.01,0,0,0,,0,0,,47.78,,,0,0,0,0,0,0,6.47
30,34,30034,1.98,,0.06,0,0.24,0,115.79,0,0.95,0.04,0.08,0.02,0,2.21,,0,0,,3.01,,,0,0,0,0,0,0,0.37
30,35,30035,0.88,,0.01,0,0.09,0,51.55,0,0.63,0.03,0.05,0.01,0,0,,0,0,,1.41,,,0,0,0,0,0,0,0.17
30,36,30036,0.66,,0.01,0,0.07,0,38.82,0,0.25,0.01,0.02,0,0,0,,0,0,,4.12,,,0,0,0,0,0,0,0.49
30,37,30037,0.58,,0,0,0.05,0,33.9,0,0.03,0,0,0,0,0,,0,0,,7.52,,,0,0,0,0,0,0,0.96
30,38,30038,6.38,0,0.13,0,0.7,0,142.31,0,8.18,0.38,0.71,0.13,0.0001,3.9,,0,0,,62.34,,11.71,0,0,0,0.17,0.02,0.19,8.46
30,39,30039,22.42,,0.86,0,2.75,0,54.2,0,53.54,2.51,4.62,0.86,0.0005,0,,0,0,,7.99,,,0,0,30.69,1.23,0.12,8.19,1.3
30,40,30040,3.45,,0.03,0,0.39,0,118.9,0,0.51,0.02,0.04,0.01,0,0,,0,0,,30.34,,,0,0,0,0,0,0.05,3.82
30,41,30041,0.16,,0,0,0.02,0,9.16,0,0.03,0,0,0,0,0,,0,0,,4.11,,11.71,0,0,0,0,0,0,0.54
30,42,30042,0.46,,0,0,0.05,0,27.21,0,0.06,0,0.01,0,0,0,,0,0,,5.11,,,0,0,0,0,0,0,0.68
30,43,30043,1.35,0,0.01,0,0.13,0,78.96,0,0.26,0.01,0.02,0,0,0,,0,0,,50.33,,11.71,0,0,0,0,0,0,6.29
30,44,30044,14.92,0,0.61,0,1.74,0,267.18,0,22.33,1.05,1.93,0.36,0.0002,6.08,,0,0,,55.94,,11.71,0,0,0,0.79,0.07,1.98,5.81
30,45,30045,4.36,0,0.11,0,0.55,0,255.17,0,2.37,0.11,0.2,0.04,0,0,,0,0,,144.96,,11.71,0,0,0,2.52,0.24,0.01,13.15
30,46,30046,1.18,,0.01,0,0.12,0,68.91,0,0.26,0.01,0.02,0,0,0,,0,0,,19.32,,11.71,0,0,0,0,0,0,2.94
30,47,30047,3.76,,0.04,0,0.34,0,220.04,0,1.15,0.05,0.1,0.02,0,0.01,,0,0,,33.45,,,0,0,0,0,0,0.02,3.99
30,48,30048,8.39,0,0.12,0,0.96,0,144.9,0,11.52,0.54,0.99,0.18,0.0001,0,,0,0,,15.15,,,0.74,0.15,0,0.25,0.02,0.32,1.82
30,49,30049,1.5,0,0.01,0,0.17,0,88.09,0,0.92,0.04,0.08,0.01,0,0,,0,0,,36.43,,11.71,0,0,0,0,0,0.13,4.55
30,50,30050,1.19,,0.01,0,0.11,0,69.93,0,0.13,0.01,0.01,0,0,0,,0,0,,18.63,,,0,0,0,0,0,0,2.37
30,51,30051,1.67,,0.02,0,0.16,0,97.55,0,0.69,0.03,0.06,0.01,0,0,,0,0,,21.04,,,0,0,0,0,0,0,2.65
30,52,30052,0.87,,0.01,0,0.09,0,51.16,0,3.29,0.15,0.28,0.05,0,0,,0,0,,34.89,,11.71,0,0,0,0.74,0.07,0,3.39
30,53,30053,1.86,,0.04,0,0.21,0,108.63,0,2.67,0.13,0.23,0.04,0,3.31,,0,0,,26.14,,11.71,0,0,0,0,0,0,2.73
30,54,30054,0.91,0,0.01,0,0.12,0,53.43,0,0.18,0.01,0.02,0,0,0.54,,0,0,,45.1,,11.71,0,0,0,0.81,0.08,0,4.65
30,55,30055,1.04,0,0,0,0.11,0,61.16,0,0.02,0,0,0,0,0,,0,0,,22.15,,11.71,0,0,0,0,0,0,2.64
30,56,30056,0.54,0,0,0,0.05,0,31.88,0,0.05,0,0,0,0,0,,0,0,,9.83,,11.71,0,0,0,0,0,0,1.15
30,57,30057,1,,0.01,0,0.09,0,58.58,0,0.06,0,0.01,0,0,0,,0,0,,18.11,,,0,0,0,0,0,0,2.34
30,58,30058,4.43,,0.02,0,0.44,0,259.17,0,0.16,0.01,0.01,0,0,0,,0,0,,148.7,,11.71,0,0,0,0,0,0,18.4
30,59,30059,1.12,0,0.02,0,0.13,0,62.13,0,0.91,0.04,0.08,0.01,0,1.34,,0,0,,8.85,,,0,0,0,0.86,0.08,0.98,1.18
30,60,30060,1.13,,0,0,0.12,0,66.2,0,0.08,0,0.01,0,0,0,,0,0,,6.33,,11.71,0,0,0,0,0,0,0.82
30,61,30061,5.6,0,0.09,0,0.58,0,328.06,0,1.25,0.06,0.11,0.02,0,4.68,,0,0,11.06,126.38,,,0,0,0,2.37,0.22,0.02,15.68
30,62,30062,1.32,,0.01,0,0.13,0,77.46,0,1.33,0.06,0.11,0.02,0,0,,0,0,,28.5,,11.71,0,0,0,0,0,0,3.02
30,63,30063,1.16,,0,0,0.12,0,68.1,0,0.24,0.01,0.02,0,0,0,,0,0,,11.27,,11.71,0,0,0,0,0,0,1.37
30,64,30064,0.27,,0,0,0.03,0,15.78,0,0.03,0,0,0,0,0,,0,0,,5.55,,,0,0,0,0,0,0,0.7
30,65,30065,3.96,,0.04,0,0.46,0,266.86,0,1.49,0.07,0.13,0.02,0,0.26,,0,0,0.16,58.02,,11.71,0,0,0,2.58,0.24,0.01,7.65
30,66,30066,1.98,0,0.01,0,0.2,0,116.18,0,0.27,0.01,0.02,0,0,0,,0,0,,28.8,,,0,0,0,0,0,0,3.63
30,67,30067,1.15,,0.01,0,0.08,0,67.52,0,0.28,0.01,0.02,0,0,0,,0,0,,3.93,,,0,0,0,0,0,0,0.52
30,68,30068,4.26,0,0.1,0,0.49,0,98.86,0,3.97,0.19,0.34,0.06,0,0,,0,0,,19.96,,11.71,0,0,0,0.4,0.04,0.24,2.42
30,69,30069,1.94,,0.04,0,0.23,0,113.84,0,0.88,0.04,0.08,0.01,0,0.35,,0,0,,43.16,,,0,0,0,0,0,0,6.95
30,70,30070,1.39,,0.01,0,0.14,0,81.42,0,0.26,0.01,0.02,0,0,0.85,,0,0,1.56,49.29,,,0,0,0,0,0,0,6.96
30,71,30071,3.92,,0.09,0,0.38,0,229.72,0,2.82,0.13,0.24,0.05,0,1.93,,0,0,,50.74,,11.71,0,0,0,0,0,0.15,7.03
30,72,30072,1.54,,0.01,0,0.16,0,90.39,0,0.18,0.01,0.02,0,0,0,,0,0,2.1,39.58,,11.71,0,0,0,0,0,2.25,4.42
30,73,30073,3.05,0,0.03,0,0.35,0,178.67,0,2.06,0.1,0.18,0.03,0,0,,0,0,,131.62,,11.71,0,0,0,0,0,0,14.35
30,74,30074,0.5,,0,0,0.05,0,20.74,0,0.31,0.01,0.03,0,0,0,,0,0,0.08,0.43,,,0,0,0,0.2,0.02,0.06,0.06
30,75,30075,1.39,,0.01,0,0.02,0,81.3,0,0.23,0.01,0.02,0,0,0.97,,0,0,,3.54,,,0,0,0,0,0,0,0.45
30,76,30076,1.06,,0,0,0.11,0,62.34,0,0,0,0,0,0,0,,0,0,,20.67,,11.71,0,0,0,0,0,0,2.49
30,77,30077,3.07,0,0.06,0,0.35,0,179.83,0,1.04,0.05,0.09,0.02,0,1.92,,0,0,,38.26,,,0,0,0,1.54,0.15,0,9.12
30,78,30078,1.01,,0,0,0.1,0,59.27,0,0.1,0,0.01,0,0,0,,0,0,,22.85,,11.71,0,0,0,0,0,0,2.72
30,79,30079,0.79,,0,0,0.08,0,46.49,0,0.14,0.01,0.01,0,0,0,,0,0,0.12,6.7,,,0,0,0,0,0,0,0.91
30,80,30080,1.55,,0.01,0,0.14,0,90.82,0,0.66,0.03,0.06,0.01,0,0,,0,0,,34.08,,,0,0,0,0,0,0,5.04
30,81,30081,1.25,,0.01,0,0.14,0,35.05,0,0.26,0.01,0.02,0,0,0,,0,0,,3.37,,11.71,0,0,0,0,0,0,0.34
30,82,30082,1.12,,0.01,0,0.01,0,39.97,0,0.81,0.04,0.07,0.01,0,0.13,,0,0,,8.6,,,0,0,0,0.46,0.04,0,1.1
30,83,30083,3.89,,0.01,0,0.38,0,227.51,0,0.22,0.01,0.02,0,0,0,,0,0,,88.87,,11.71,0,0,0,0,0,0,10.92
30,84,30084,0.45,,0,0,0.06,0,26.53,0,0.04,0,0,0,0,0.27,,0,0,,35.58,,11.71,0,0,0,0,0,0,3.25
30,85,30085,4.85,,0.06,0,0.52,0,152.64,0,16.41,0.77,1.42,0.26,0.0001,0,,0,0,0.12,63.67,,11.71,0,0,0,0.53,0.05,1.59,6.38
30,86,30086,3.02,0,0.02,0,0.28,0,176.88,0,6.56,0.31,0.57,0.1,0.0001,0,,0,0,1.69,50.91,,11.71,0,0,0,0,0,0,5.92
30,87,30087,33.03,0,1.19,0,0.4,0,78.77,0,18.34,0.86,1.58,0.29,0.0002,8.76,,0,0,,13.96,,11.71,0,0,0,1.06,0.1,6.12,1.9
30,88,30088,0.37,,0.01,0,0.05,0,21.95,0,0.08,0,0.01,0,0,0,,0,0,,12.09,,11.71,0,0,0,0,0,0,2.11
30,89,30089,2.97,,0.07,0,0.35,0,60.99,0,1.76,0.08,0.15,0.03,0,1.61,,0,0,,27.61,,,0,0,0,0.82,0.08,4.24,3.34
30,90,30090,0.78,,0,0,0.1,0,45.74,0,0.07,0,0.01,0,0,0,,0,0,,6.85,,,0,0,0,0,0,0,0.86
30,91,30091,1.92,,0.02,0,0.2,0,112.65,0,0.78,0.04,0.07,0.01,0,0,,0,0,6.77,37.35,,,0,0,0,1.93,0.18,0,4.3
30,92,30092,2.57,,0.03,0,0.25,0,150.71,0,1.14,0.05,0.1,0.02,0,0.61,,0,0,,18.57,,11.71,0,0,0,0,0,0,2.79
30,93,30093,1.09,0,0.01,0,0.11,0,62.89,0,0.21,0.01,0.02,0,0,0,,0,0,,11.77,,11.71,0,0,0,0.47,0.04,0,1.49
30,94,30094,2.75,,0.04,0,0.31,0,160.95,0,1.4,0.07,0.12,0.02,0,2.35,,0,0,,61.12,,,0,0,0,3.28,0.31,0,8.75
30,95,30095,1.31,,0.01,0,0.15,0,76.57,0,0.25,0.01,0.02,0,0,0,,0,0,,25.71,,,0,0,0,0,0,0,3.82
30,96,30096,0.12,,0,0,0.01,0,7.25,0,0.05,0,0,0,0,0,,0,0,,1.94,,,0,0,0,0,0,0,0.23
30,97,30097,1.49,0,0.05,0,0.02,0,87.24,0,3.85,0.18,0.33,0.06,0,2.07,,0,0,,20.9,,11.71,0,0,0,0,0,0,1.84
30,98,30098,0.21,,0,0,0.02,0,12.4,0,0.01,0,0,0,0,0,,0,0,,1.94,,,0,0,0,0,0,0,0.25
30,99,30099,1.18,,0.01,0,0.11,0,69.33,0,0.91,0.04,0.08,0.01,0,0,,0,0,16.16,12.95,,,0,0,0,1.66,0.16,0,1.51
30,100,30100,1.63,,0.01,0,0.2,0,95.36,0,0.46,0.02,0.04,0.01,0,5.02,,0,0,,35.6,,11.71,0,0,0,1.12,0.11,0,3.98
30,101,30101,2.44,0,0.01,0,0.25,0,126.79,0,0.13,0.01,0.01,0,0,0,,0,0,,47.43,,11.71,0,0,0,0,0,0.2,4.59
30,102,30102,7.82,,0.28,0,0.9,0,457.59,0,5.58,0.26,0.48,0.09,0,0.62,,0,0,,146.48,,11.71,0,0,0,0,0,0.07,23.96
30,103,30103,0.9,,0,0,0.08,0,52.68,0,0.05,0,0,0,0,0,,0,0,,7.84,,,0,0,0,0,0,0,1.08
30,104,30104,1.09,,0.01,0,0.11,0,63.81,0,0.11,0.01,0.01,0,0,0,,0,0,0.67,30.52,,,0,0,0,0,0,0,4.17
30,105,30105,3.11,,0.03,0,0.39,0,161.04,0,2.17,0.1,0.19,0.03,0,0,,0,0,,14.96,,,0,0,0,2.44,0.23,0,1.99
30,106,30106,0.33,,0,0,0.03,0,19.11,0,0.38,0.02,0.03,0.01,0,0,,0,0,,3.33,,,0,0,0,0,0,0,0.4
30,107,30107,0.23,,0,0,0.02,0,13.22,0,0,0,0,0,0,0,,0,0,,3.72,,,0,0,0,0,0,1.44,0.47
30,108,30108,12.15,0,0.48,0,1.43,0,354.01,0,17.3,0.81,1.49,0.28,0.0002,5.64,,0,0,,87.11,,,0,0,0,0,0,0.5,10.57
30,109,30109,4.8,,0.07,0,0.53,0,280.73,0,1.86,0.09,0.16,0.03,0,1.43,,0,0,,68.12,,11.71,0,0,0,0,0,0,9.85
30,110,30110,0.77,,0,0,0.07,0,44.8,0,0,0,0,0,0,0,,0,0,,7.95,,,0,0,0,0,0,0,0.99
30,111,30111,1.27,,0.02,0,0.01,0,74.34,0,0.25,0.01,0.02,0,0,1.04,,0,0,,7.43,,,0,0,0,1.01,0.1,0,0.99
30,112,30112,1.51,,0.03,0,0.16,0,88.39,0,2.31,0.11,0.2,0.04,0,0.23,,0,0,,14.35,,11.71,0,0,0,0,0,0,1.56
30,113,30113,0.35,,0,0,0.03,0,20.24,0,0.1,0,0.01,0,0,0,,0,0,,5.4,,11.71,0,0,0,0,0,0,0.78
30,114,30114,0.8,,0.01,0,0,0,46.91,0,0.16,0.01,0.01,0,0,0.09,,0,0,,16.85,,11.71,0,0,0,0,0,0,2.07
30,115,30115,2.54,,0.03,0,0.28,0,66.1,0,0.91,0.04,0.08,0.01,0,1.61,,0,0,0.59,6.89,,,0,0,0,0.46,0.04,0,0.78
30,116,30116,1.09,,0.02,0,0.12,0,16.35,0,0.59,0.03,0.05,0.01,0,0,,0,0,,2.32,,,0,0,0,0.6,0.06,0.02,0.28
30,117,30117,1.73,,0.01,0,0.18,0,101.19,0,0.24,0.01,0.02,0,0,0,,0,0,,110.96,,11.71,0,0,0,0.65,0.06,0,10.25
30,118,30118,9.38,,0.48,0,0.11,0,0.15,0,19.34,0.91,1.67,0.31,0.0002,13.35,,0,0,,0,,,0,0,0,0.4,0.04,3.82,0
30,119,30119,0.44,0,0.01,0,0.06,0,26.03,0,0.4,0.02,0.03,0.01,0,0.19,,0,0,,20.2,,11.71,0,0,0,0.18,0.02,0,2.22
30,120,30120,1.02,,0.02,0,0.11,0,0.14,0,0.48,0.02,0.04,0.01,0,0.22,,0,0,,2.37,,,0,0,0,0,0,0,0.28
30,121,30121,1.85,0,0.01,0,0.21,0,108.54,0,0.25,0.01,0.02,0,0,0.97,,0,0,,32.5,,11.71,0,0,0,2.91,0.27,0,3.63
30,122,30122,1.17,,0.01,0,0.13,0,68.43,0,0.47,0.02,0.04,0.01,0,0,,0,0,5.45,16.34,,,0,0,0,0,0,0,2.06
30,123,30123,7.28,0,0.12,0,0.83,0,346.17,0,5.63,0.26,0.49,0.09,0.0001,7.04,,0,0,,333.46,,11.71,0,0,0,2.84,0.27,0.1,27.96
30,124,30124,12.22,,0.16,0,0.13,0,788.19,0,3.94,0.18,0.34,0.06,0,1.77,,0,0,,176.5,,,0,0,0,0,0,0.46,23.32
30,125,30125,2.19,0,0.03,0,0.23,0,127.92,0,2.11,0.1,0.18,0.03,0,2.03,,0,0,,86.02,,11.71,0,0,0,1.09,0.1,0,8.14
30,126,30126,2.38,,0.02,0,0.29,0,139.61,0,0.36,0.02,0.03,0.01,0,0.81,,0,0,,82.22,,11.71,0,0,0,0,0,0,10.01
30,127,30127,1.51,,0,0,0.13,0,88.6,0,0.09,0,0.01,0,0,0,,0,0,11.58,12.36,,,0,0,0,0,0,0,1.47
30,128,30128,4.9,0,0.1,0,0.46,0,286.78,0,4.34,0.2,0.37,0.07,0,0,,0,0,16.79,113.29,,11.71,0,0,0,1.79,0.17,0.8,12.85
30,129,30129,1.41,,0.01,0,0.14,0,82.7,0,0.31,0.01,0.03,0.01,0,0,,0,0,,30.05,,11.71,0,0,0,0,0,0,3.61
30,130,30130,3.05,,0.05,0,0.33,0,178.44,0,1.29,0.06,0.11,0.02,0,1.36,,0,0,,92.18,,,0,0,0,0,0,0,11.62
30,131,30131,14.51,,0.54,0,1.71,0,38.5,0,15.18,0.71,1.31,0.24,0.0001,,,0,0,,0,,,0,0.01,0,0,0,4.19,0
30,132,30132,1.2,,0.02,0,0.12,0,70.37,0,0.9,0.04,0.08,0.01,0,0,,0,0,2.9,0,,,0,0,0,1.23,0.12,0,1.05
30,133,30133,4.2,,0.05,0,0.48,0,43.24,0,1.47,0.07,0.13,0.02,0,6.7,,0,0,,2.65,,,0,0,0,1.62,0.15,0,0.3
30,134,30134,1.61,0,0.01,0,0.02,0,94.3,0,0.17,0.01,0.01,0,0,0,,0,0,,84.85,,11.71,0,0,0,1.34,0.13,1.16,9.87
30,135,30135,1.4,,0.01,0,0.12,0,16.53,0,0.13,0.01,0.01,0,0,0,,0,0,,4.35,,11.71,0,0,0,0,0,0,0.59
30,136,30136,0.48,,0,0,0.05,0,20.34,0,0.16,0.01,0.01,0,0,0,,0,0,,1.41,,,0,0,0,0.51,0.05,0,0.17
30,137,30137,0.39,,0,0,0.04,0,22.63,0,0.01,0,0,0,0,0,,0,0,,4.49,,,0,0,0,0,0,0,0.57
30,138,30138,3.2,,0.08,0,0.38,0,187.3,0,1.58,0.07,0.14,0.03,0,1.16,,0,0,0.36,1.14,,11.71,0,0,0,0.3,0.03,0.03,0.12
30,139,30139,0.46,0,0,0,0.06,0,26.93,0,0.05,0,0,0,0,0,,0,0,,15.96,,11.71,0,0,0,0,0,0,1.41
30,140,30140,0.2,,0,0,0.02,0,11.64,0,0.03,0,0,0,0,0,,0,0,,1.49,,,0,0,0,0,0,0,0.17
30,141,30141,11.87,0,0.16,0,1.22,0,694.79,0,7.05,0.33,0.61,0.11,0.0001,2.93,,0,0,,143.9,,11.71,0,0,0,0,0,0.19,17.23
30,142,30142,2.46,,0.01,0,0.27,0,144.28,0,0.39,0.02,0.03,0.01,0,0.31,,0,0,,49.44,,,0,0,0,2.5,0.24,11.91,5.66
30,143,30143,4.39,0,0.04,0,0.47,0,257.14,0,0.65,0.03,0.06,0.01,0,1.39,,0,0,,56.98,,11.71,0,0,76.64,0,0,0,6.56
30,144,30144,2.3,,0.02,0,0.24,0,134.86,0,0.43,0.02,0.04,0.01,0,0,,0,0,,32.01,,,0,0,0,2.04,0.19,0,3.25
30,145,30145,1,,0.01,0,0.11,0,31.71,0,0.27,0.01,0.02,0,0,0,,0,0,,9.64,,,0,0,0,0,0,0.62,1.35
30,146,30146,0.25,,0,0,0.02,0,14.9,0,0,0,0,0,0,0,,0,0,,6.93,,11.71,0,0,0,0,0,0,0.9
30,147,30147,1.53,,0,0,0.12,0,89.81,0,0.63,0.03,0.05,0.01,0,0,,0,0,3.41,8.05,,,0,0,0,0,0,0,0.94
30,148,30148,2.14,0,0.03,0,0.24,0,125.47,0,0.44,0.02,0.04,0.01,0,1.7,,0,0,,35.84,,11.71,0,0,0,0.68,0.06,0,4.5
30,149,30149,2.25,0,0.01,0,0.23,0,131.54,0,0.12,0.01,0.01,0,0,0,,0,0,0.02,88.76,,,0,0,0,0,0,0,11.19
30,150,30150,0.9,,0.01,0,0.01,0,52.74,0,1.32,0.06,0.11,0.02,0,0,,0,0,,5.63,,,0,0,0,0,0,0,0.71
30,151,30151,1.92,0,0.01,0,0.22,0,112.26,0,0.26,0.01,0.02,0,0,0.39,,0,0,,32.64,,,0,0,0,0,0,0,4.47
30,152,30152,0.96,,0.01,0,0.12,0,56.03,0,0.1,0,0.01,0,0,5,,0,0,,11.67,,11.71,0,0,0,1.35,0.13,0,1.41
30,153,30153,0.47,0,0,0,0.06,0,27.35,0,0.12,0.01,0.01,0,0,0,,0,0,,5.06,,11.71,0,0,0,0,0,0,0.62
30,154,30154,1.06,0.01,0,0,0.11,0,62.01,0,0.28,0.01,0.02,0,0,0,,0,0,,14.99,,,0,0,0,0,0,0,1.82
30,155,30155,7.83,0,0.07,0,0.76,0,458.44,0,1.19,0.06,0.1,0.02,0,3.44,,0,0,,84.96,,11.71,0,0,0,0,0,0.13,10.26
30,156,30156,0.42,,0,0,0.04,0,24.68,0,0.05,0,0,0,0,0,,0,0,2.62,5.57,,,0,0,0,0,0,0.18,0.72
30,157,30157,1.47,0,0,0,0.15,0,86.23,0,0.17,0.01,0.01,0,0,0.28,,0,0,,73.82,,,0,0,0,0,0,0,10.51
30,158,30158,1.94,,0.04,0,0.02,0,113.54,0,0.37,0.02,0.03,0.01,0,0,,0,0,,51.1,,11.71,0,0,0,0,0,0,7.54
30,159,30159,1.63,,0.01,0,0.01,0,95.51,0,0.03,0,0,0,0,0,,0,0,,12.63,,,0,0,0,0,0,0,1.49
30,160,30160,8.06,0,0.1,0,0.84,0,471.74,0,1.61,0.08,0.14,0.03,0,2.77,,0,0,,246.34,,,0,0,0,0,0,0.24,38.82
30,161,30161,2.65,,0.02,0,0.28,0,154.95,0,1.04,0.05,0.09,0.02,0,32.19,,0,0,,32.15,,11.71,0,0,0,0,0,0,3.56
30,162,30162,0.45,,0,0,0.04,0,26.43,0,0.03,0,0,0,0,0,,0,0,,14.12,,,0,0,0,0,0,0,2.13
30,163,30163,0.4,,0,0,0.04,0,23.38,0,0.05,0,0,0,0,0,,0,0,,5.05,,,0,0,0,0,0,0,0.72
30,164,30164,1.21,,0.01,0,0.14,0,70.81,0,0.41,0.02,0.04,0.01,0,0.35,,0,0,,14.29,,11.71,0,0,0,0,0,0,2.2
30,165,30165,0.61,,0,0,0.06,0,35.66,0,0.05,0,0,0,0,0,,0,0,,14.97,,11.71,0,0,0,0,0,0,2.21
30,166,30166,0.7,,0,0,0.08,0,40.73,0,0.1,0,0.01,0,0,0,,0,0,,11.27,,11.71,0,0,0,0,0,0,1.27
30,167,30167,1.09,0,0.01,0,0.12,0,63.99,0,0.22,0.01,0.02,0,0,0.01,,0,0,,10.1,,,0,0,0,0,0,0,1.29
30,168,30168,0.98,,0,0,0.09,0,57.13,0,0.01,0,0,0,0,0,,0,0,0.31,18.23,,,0,0,0,0,0,0,2.36
30,169,30169,1.83,,0.01,0,0.22,0,107.28,0,0.28,0.01,0.02,0,0,0.63,,0,0,,100.79,,11.71,0,0,0,1.31,0.12,0,12.69
30,170,30170,0.78,0,0,0,0.07,0,45.55,0,0,0,0,0,0,0,,0,0,0.48,21.8,,11.71,0,0,0,0,0,0,2.76
30,171,30171,0.38,,0,0,0.04,0,22.19,0,0.03,0,0,0,0,0,,0,0,,6.1,,,0,0,0,0,0,0,0.73
30,172,30172,1.45,,0.01,0,0.15,0,84.78,0,0.38,0.02,0.03,0.01,0,1.02,,0,0,,71.07,,,0,0,0,0.76,0.07,0,7.88
30,173,30173,3.83,,0.03,0,0.39,0,224.09,0,3.53,0.17,0.3,0.06,0,0.71,,0,0,,174.03,,11.71,0,0,0,1.05,0.1,0,21.69
30,174,30174,6.88,0,0.14,0,0.83,0,402.87,0,2.49,0.12,0.22,0.04,0,0,,0,0,,191.69,,11.71,0,0,0,3.33,0.31,0.36,19.67
30,175,30175,6.47,0,0.08,0,0.69,0,408.98,0,2.59,0.12,0.22,0.04,0,3.69,,0,0,,91.39,,,0,0,0,0,0,0.01,14.11
30,176,30176,0.35,0,0.01,0,0.04,0,20.72,0,0.11,0.01,0.01,0,0,0,,0,0,,36.85,,11.71,0,0,0,0,0,0,3.84
30,177,30177,0.75,,0,0,0.07,0,44.09,0,0.03,0,0,0,0,0,,0,0,2.82,7.34,,,0,0,0,0,0,0.35,0.86
30,178,30178,1.11,,0.02,0,0.14,0,64.8,0,0.74,0.03,0.06,0.01,0,0.65,,0,0,,31.99,,,0,0,0,0,0,0,2.92
30,179,30179,0.28,,0,0,0.03,0,16.52,0,0.15,0.01,0.01,0,0,0,,0,0,,15.33,,11.71,0,0,0,0,0,0,1.71
30,180,30180,0.86,,0,0,0.08,0,50.22,0,0.04,0,0,0,0,0,,0,0,0.54,32.57,,11.71,0,0,0,0,0,0,4.28
30,181,30181,2.83,,0.04,0,0.04,0,165.88,0,0.76,0.04,0.07,0.01,0,1.38,,0,0,,52.13,,11.71,0,0,0,1.96,0.19,0,5.19
30,182,30182,1.11,,0,0,0.11,0,69.98,0,0.09,0,0.01,0,0,0,,0,0,,3.86,,,0,0,0,0,0,0,0.48
30,183,30183,4.34,0,0.08,0,0.05,0,254.24,0,1.69,0.08,0.15,0.03,0,2.22,,0,0,,40.47,,11.71,0,0,0,0,0,0,6.78
30,184,30184,0.52,,0,0,0.04,0,30.68,0,0.06,0,0.01,0,0,0,,0,0,3.5,6.26,,,0,0,0,0,0,0,0.74
30,185,30185,0.36,,0,0,0,0,12.16,0,0.05,0,0,0,0,,,0,0,,0.68,,11.71,0,0,0,0,0,0,0.09
30,186,30186,0.5,,0.01,0,0.05,0,29.25,0,0.27,0.01,0.02,0,0,0,,0,0,,16.34,,11.71,0,0,0,0,0,0,1.67
30,187,30187,0.42,,0,0,0.04,0,24.77,0,0.03,0,0,0,0,0,,0,0,,4.34,,,0,0,0,0,0,0,0.52
30,188,30188,1.2,,0.01,0,0.12,0,70.28,0,0.18,0.01,0.02,0,0,0,,0,0,,42.53,,11.71,0,0,0,0,0,0,5.54
30,189,30189,10.74,0,0.25,0,1.25,0,629.02,0,4.88,0.23,0.42,0.08,0,5.39,,0,0,,62.63,,,0,0,35.9,0,0,1.1,9.5
30,190,30190,0.17,,0,0,0.02,0,9.95,0,0.07,0,0.01,0,0,0.25,,0,0,,9.67,,11.71,0,0,0,0,0,0,0.96
30,191,30191,2.15,0,0.03,0,0.03,0,125.95,0,2.2,0.1,0.19,0.04,0,0,,0,0,,57.27,,11.71,0,0,0,0,0,0,5.26
30,192,30192,1.48,,0.03,0,0.18,0,86.62,0,0.94,0.04,0.08,0.01,0,0.76,,0,0,,9.34,,11.71,0,0,0,0,0,0,1.15
30,193,30193,40.96,,1.53,0,5.19,0,186.19,0.01,33.52,1.57,2.89,0.54,0.0003,61.63,,0,0,,8.61,0.08,11.71,0,0,119.26,3.03,0.29,9.34,0.78
30,194,30194,0.77,,0,0,0.07,0,44.81,0,1.13,0.05,0.1,0.02,0,0,,0,0,0.2,9.78,,11.71,0,0,0,0.44,0.04,0.97,1.11
30,195,30195,0.37,,0,0,0.03,0,21.72,0,0.26,0.01,0.02,0,0,0,,0,0,,9.73,,,0,0,0,0,0,0,1.11
30,196,30196,1.24,,0.03,0,0.15,0,97.01,0,0.4,0.02,0.03,0.01,0,0,,0,0,0.78,38.3,,11.71,0,0,0,0,0,0.12,3.54
30,197,30197,0.92,,0.01,0,0.1,0,53.57,0,0.22,0.01,0.02,0,0,0,,0,0,,14.97,,,0,0,0,0,0,0,2.23
30,198,30198,0.54,,0,0,0.06,0,31.44,0,0.04,0,0,0,0,0,,0,0,0.43,10.35,,11.71,0,0,0,0,0,0.65,1.26
30,199,30199,0.79,,0.01,0,0.07,0,9.01,0,0.21,0.01,0.02,0,0,0,,0,0,,4.3,,,0,0,0,0,0,0,0.51
30,200,30200,0.96,,0,0,0.01,0,56.07,0,0.13,0.01,0.01,0,0,0,,0,0,,55.04,,11.71,0,0,0,0,0,0,6.14
30,201,30201,3.13,,0.02,0,0.31,0,183.27,0,0.32,0.02,0.03,0.01,0,0,,0,0,,73.21,,,0,0,0,0,0,0.01,9.62
30,202,30202,1.05,,0,0,0.01,0,61.27,0,0.05,0,0,0,0,0,,0,0,,25,,11.71,0,0,0,0,0,0,3.01
30,203,30203,1,,0,0,0.1,0,58.29,0,0.18,0.01,0.02,0,0,0,,0,0,,8.67,,,0,0,0,0,0,0,1.16
30,204,30204,3.54,,0.08,0,0.41,0,207.45,0,0.91,0.04,0.08,0.01,0,3.08,,0,0,0.16,9.79,,,0,0,0,0,0,0,1.53
30,205,30205,1.47,,0.01,0,0.02,0,86.08,0,2.16,0.1,0.19,0.03,0,1.85,,0,0,,95.17,,11.71,0,0,0,0,0,0,8.83
30,206,30206,2.14,,0.05,0,0.26,0,125.45,0,0.68,0.03,0.06,0.01,0,3.11,,0,0,,0.95,,,0,0,0,0.67,0.06,2.46,0.11
30,207,30207,3.43,0,0.05,0,0.41,0,200.58,0,5.22,0.25,0.45,0.08,0,1.7,,0,0,,164.28,,11.71,0,0,0,2.57,0.24,0,14.94
30,208,30208,1.76,0,0.03,0,0.23,0,102.79,0,6.36,0.3,0.55,0.1,0.0001,4.69,,0,0,,40.76,,11.71,0,0,0,0,0,0,3.62
30,209,30209,0.99,,0.01,0,0.1,0,57.8,0,0.17,0.01,0.01,0,0,0,,0,0,0.2,16.64,,,0,0,0,0,0,0,2.02
30,210,30210,1.99,,0.01,0,0.18,0,116.57,0,0.16,0.01,0.01,0,0,0,,0,0,4.9,65.95,,,0,0,0,0,0,0,9.92
30,211,30211,2.26,,0,0,0.27,0,132.41,0,0,0,0,0,0,,,0,0,,0,,,0,0,0,0,0,0,0
30,212,30212,0.61,,0,0,0,0,35.75,0,0,0,0,0,0,,,0,0,,0,,,0,0,0,0,0,0,0
31,1,31001,0.48,,0,0,0.05,0,27.97,0,0.03,0,0,0,0,0.49,,0,0,0.05,7.07,,,0,0,0,0,0,0,0.06
31,2,31002,1.14,,0.02,0,0.12,0,66.99,0,3.39,0.25,0,0.02,0,0.37,,0,0,1.56,8.11,,,0,0,0,0.87,0.08,0,0.05
31,3,31003,0.78,,0.01,0,0.08,0,45.7,0,1.34,0.1,0,0.01,0,0.23,,0,0,,17.25,,,0,0,0,0.45,0.04,0,0.14
31,4,31004,0.43,,0.01,0,0.05,0,25.07,0,0.27,0.02,0,0,0,0.7,,0,0,2.04,14.75,,,0,0,0,0,0,0,0.08
31,5,31005,0.16,,0,0,0.02,0,9.16,0,0.06,0,0,0,0,0.05,,0,0,4.13,4.3,,,0,0,0,0.27,0.03,0,0.03
31,6,31006,0.67,,0.01,0,0.08,0,39.22,0,0.38,0.03,0,0,0,6,,0,0,0.39,309.99,,,0,0,0,0,0,0,1.32
31,7,31007,0.51,,0.01,0,0.06,0,29.95,0,0.39,0.03,0,0,0,0.24,,0,0,,6,,,0,0,0,0.65,0.06,0,0.04
31,8,31008,0.31,,0,0,0.03,0,17.97,0,0.23,0.02,0,0,0,1.33,,0,0,,113.83,,,0,0,0,0.75,0.07,0,0.52
31,9,31009,0.38,,0.01,0,0.05,0,22.18,0,0.2,0.01,0,0,0,0.39,,0,0,0.78,28.45,,,0,0,0,0,0,0,0.13
31,10,31010,0.18,,0,0,0.02,0,10.69,0,0.66,0.05,0,0,0,0.09,,0,0,,9.8,,,0,0,0,0,0,0,0.07
31,11,31011,0.5,,0.02,0,0.06,0,29.34,0,0.65,0.05,0,0,0,0.12,,0,0,,8.83,,,0,0,0,0,0,0.18,0.04
31,12,31012,0.28,,0,0,0.04,0,16.57,0,0.15,0.01,0,0,0,2.73,,0,0,1.23,249.1,,,0,0,0,0,0,0,1.07
31,13,31013,0.68,,0.01,0,0.08,0,17.09,0,0.94,0.07,0,0.01,0,0.37,,0,0,1.56,5.75,,,0,0,0,0,0,0.13,0.03
31,14,31014,0.12,,0,0,0.01,0,7.03,0,0.15,0.01,0,0,0,0.06,,0,0,,6.98,,,0,0,0,0,0,0.23,0.05
31,15,31015,0.38,,0,0,0.04,0,22.47,0,0.12,0.01,0,0,0,0.09,,0,0,,4.05,,,0,0,0,0,0,0,0.03
31,16,31016,0.21,,0,0,0.02,0,12.06,0,1.05,0.08,0,0.01,0,0.07,,0,0,,6.14,,,0,0,0,0,0,0,0.04
31,17,31017,0.35,,0,0,0.04,0,20.31,0,0.01,0,0,0,0,0.24,,0,0,,19.38,,,0,0,0,0,0,0,0.14
31,18,31018,0.23,,0,0,0.03,0,13.68,0,0.07,0.01,0,0,0,0.19,,0,0,,8.36,,,0,0,0,0.49,0.05,0,0.06
31,19,31019,2.4,,0.02,0,0.22,0,140.52,0,0.68,0.05,0,0,0,0.88,,0,0,,63.31,,,0,0,0,0,0,0,0.45
31,20,31020,0.31,,0,0,0.04,0,18.01,0,0.14,0.01,0,0,0,0.28,,0,0,7.01,3.59,,,0,0,0,0,0,0,0.02
31,21,31021,0.59,,0,0,0.05,0,34.82,0,0.18,0.01,0,0,0,0.09,,0,0,,17.33,,,0,0,0,0,0,0,0.12
31,22,31022,0.32,,0,0,0.03,0,18.93,0,0.22,0.02,0,0,0,0.21,,0,0,,21.49,,,0,0,0,0,0,0,0.15
31,23,31023,0.35,,0,0,0,0,20.31,0,0.3,0.02,0,0,0,0.55,,0,0,,5.68,,,0,0,0,0.62,0.06,0,0.04
31,24,31024,0.23,,0,0,0.02,0,13.75,0,1.77,0.13,0,0.01,0,0.21,,0,0,,6.99,,,0,0,0,0,0,0,0.05
31,25,31025,0.37,,0.01,0,0.03,0,21.47,0,0.54,0.04,0,0,0,0.18,,0,0,,15.59,,,0,0,0,0,0,0,0.12
31,26,31026,0.26,,0,0,0.03,0,15.27,0,0.57,0.04,0,0,0,0.22,,0,0,40.94,8.71,,,0,0,0,0,0,0,0.05
31,27,31027,0.65,,0.02,0,0.08,0,38.22,0,0.66,0.05,0,0,0,1.15,,0,0,10.31,28.19,,,0,0,0,0,0,0,0.13
31,28,31028,0.18,,0.01,0,0.02,0,10.52,0,0.19,0.01,0,0,0,1.81,,0,0,,58.18,,,0,0,0,0,0,0.01,0.26
31,29,31029,0.47,,0.01,0,0.06,0,27.34,0,0.29,0.02,0,0,0,4.87,,0,0,,189.51,,,0,0,0,0,0,0,0.83
31,30,31030,0.28,,0,0,0.03,0,16.11,0,0.1,0.01,0,0,0,0.08,,0,0,,22.74,,,0,0,0,1.02,0.1,0,0.12
31,31,31031,0.22,,0,0,0.02,0,13.02,0,0.15,0.01,0,0,0,1.07,,0,0,,54.84,,,0,0,0,0.43,0.04,0,0.25
31,32,31032,1.15,,0.01,0,0.11,0,67.55,0,0.67,0.05,0,0,0,1.07,,0,0,,207.01,,,0,0,0,1.27,0.12,0,0.93
31,33,31033,1.45,,0.01,0,0.16,0,84.83,0,1.1,0.08,0,0.01,0,0.37,,0,0,,18.22,,,0,0,0,0.31,0.03,0,0.13
31,34,31034,0.47,,0,0,0.05,0,27.26,0,0.19,0.01,0,0,0,0.2,,0,0,0.7,11.99,,,0,0,0,0.44,0.04,0,0.07
31,35,31035,0.45,,0.01,0,0.05,0,26.14,0,0.21,0.02,0,0,0,0.09,,0,0,0.16,6.59,,,0,0,0,0,0,0,0.05
31,36,31036,0.56,,0.01,0,0.01,0,32.53,0,0.4,0.03,0,0,0,0.21,,0,0,,6.08,,,0,0,0,0,0,0,0.05
31,37,31037,0.36,,0.01,0,0.04,0,21.05,0,1.02,0.08,0,0.01,0,0.33,,0,0,,6.57,,,0,0,0,0.79,0.07,0,0.05
31,38,31038,2.25,,0.05,0,0.22,0,131.52,0,2.52,0.19,0,0.02,0,0.38,,0,0,8.67,9.54,,,0,0,0,0,0,0,0.09
31,39,31039,0.29,,0,0,0.03,0,16.84,0,1.38,0.1,0,0.01,0,0.17,,0,0,,1.32,,,0,0,0,0,0,0,0.01
31,40,31040,1.95,,0.04,0,0.21,0,113.89,0,5.49,0.41,0,0.04,0,1.63,,0,0.01,19.28,56.24,,,0,0,0,1.17,0.11,0,0.33
31,41,31041,4.14,,0.06,0,0.44,0,242.32,0,5.05,0.37,0,0.03,0,0.35,,0,0,13.6,4.63,,,0,0,0,0.54,0.05,3.94,0.02
31,42,31042,0.43,,0,0,0.05,0,25.1,0,0.1,0.01,0,0,0,0.18,,0,0,,7.38,,,0,0,0,0,0,0,0.05
31,43,31043,0.2,,0,0,0.02,0,11.96,0,0.06,0,0,0,0,0.11,,0,0,,7.38,,,0,0,0,0,0,0,0.05
31,44,31044,0.48,,0.01,0,0.05,0,27.91,0,0.12,0.01,0,0,0,0.93,,0,0,,8.55,,,0,0,0,0,0,0,0.06
31,45,31045,0.18,,0,0,0.02,0,10.38,0,0.07,0.01,0,0,0,0.44,,0,0,,3.82,,,0,0,0,0.67,0.06,0,0.02
31,46,31046,0.22,,0,0,0.02,0,12.62,0,1.31,0.1,0,0.01,0,0.26,,0,0,,7.42,,,0,0,0,0,0,0,0.05
31,47,31047,0.39,,0.01,0,0.04,0,22.78,0,0.52,0.04,0,0,0,0.44,,0,0,,20.57,,,0,0,0,0,0,0,0.14
31,48,31048,1.67,,0.02,0,0.16,0,97.49,0,3.77,0.28,0,0.02,0,1.17,,0,0.01,,26.08,,,0,0,0,0.53,0.05,0,0.16
31,49,31049,0.24,,0,0,0.02,0,13.91,0,1.44,0.11,0,0.01,0,0.05,,0,0,,9.7,,,0,0,0,0,0,0,0.07
31,50,31050,62.45,,2.62,0,7.45,0,229.16,0.01,134.35,9.97,0,0.88,0.0012,1.12,,501.56,0.17,1.55,16.23,0.02,,3.36,1.1,0,2.79,0.26,14.15,0.1
31,51,31051,0.23,,0,0,0.03,0,13.64,0,0.06,0,0,0,0,0.11,,0,0,1.17,3.59,,,0,0,0,0,0,0.08,0.02
31,52,31052,2.52,,0.06,0,0.28,0,147.65,0,13.66,1.01,0,0.09,0.0001,0.59,,0,0.01,35.23,38.25,,,0,0,0,0,0,0,0.27
31,53,31053,0.94,,0.02,0,0.1,0,55.06,0,0.35,0.03,0,0,0,0.57,,0,0,,24.78,,,0,0,0,0,0,0,0.17
31,54,31054,0.21,,0,0,0.02,0,12.3,0,0.11,0.01,0,0,0,0.26,,0,0,,3.39,,,0,0,0,0,0,0,0.03
31,55,31055,0.45,0,0,0,0.05,0,26.3,0,0.13,0.01,0,0,0,0.13,,0,0,,15.68,,,0,0,0,0,0,0.18,0.11
31,56,31056,2.17,0,0.05,0,0.21,0,126.76,0,1.63,0.12,0,0.01,0,0.59,,0,0,,60.36,,,0,0,0,0.39,0.04,0,0.44
31,57,31057,0.6,,0.01,0,0.07,0,35.3,0,0.19,0.01,0,0,0,13.54,,0,0,,497.54,,,0,0,0,0,0,0,2.1
31,58,31058,1.79,,0.03,0,0.17,0,104.78,0,1.8,0.13,0,0.01,0,1.37,,0,0.02,,97.2,,,0,0,0,0,0,0.48,0.57
31,59,31059,3.95,,0.15,0,0.47,0,231.47,0,3.07,0.23,0,0.02,0,0.48,,0,0.02,11.94,2.29,,,0,0,56.39,0.71,0.07,1.17,0.02
31,60,31060,0.08,,0,0,0.01,0,4.52,0,0.18,0.01,0,0,0,0.07,,0,0,,17.44,,,0,0,0,0.42,0.04,0,0.08
31,61,31061,0.26,,0.01,0,0.03,0,15.31,0,0.71,0.05,0,0,0,2.18,,0,0,2.69,116.95,,,0,0,0,0,0,0.17,0.49
31,62,31062,0.34,,0,0,0,0,19.99,0,0.05,0,0,0,0,0.15,,0,0,,11.3,,,0,0,0,0,0,0,0.09
31,63,31063,0.38,,0,0,0,0,22.3,0,0.08,0.01,0,0,0,0.32,,0,0,,6.06,,,0,0,0,0,0,0,0.05
31,64,31064,0.12,,0,0,0.01,0,7.14,0,0.09,0.01,0,0,0,0.14,,0,0,,1.49,,,0,0,0,0.34,0.03,0,0.01
31,65,31065,0.15,,0,0,0.02,0,8.6,0,0.09,0.01,0,0,0,4.79,,0,0,6.83,193.8,,,0,0,0,0,0,0,0.82
31,66,31066,0.29,,0.01,0,0.03,0,16.93,0,0.1,0.01,0,0,0,0.07,,0,0,,4.92,,,0,0,0,0,0,0,0.03
31,67,31067,0.72,,0,0,0.08,0,42.11,0,0.41,0.03,0,0,0,0.2,,0,0,9.6,11,,,0,0,0,0.73,0.07,0,0.09
31,68,31068,0.24,0,0,0,0.03,0,13.91,0,0.05,0,0,0,0,0.32,,0,0,7.24,14.27,,,0,0,0,0,0,0,0.08
31,69,31069,0.65,,0.01,0,0.07,0,37.82,0,0.54,0.04,0,0,0,0.51,,0,0,,24.04,,,0,0,0,0.38,0.04,0,0.17
31,70,31070,0.3,,0,0,0.03,0,17.38,0,0.2,0.01,0,0,0,6.79,,0,0,,223.32,,,0,0,0,0,0,0,0.95
31,71,31071,0.12,,0,0,0.01,0,7.3,0,0.04,0,0,0,0,0.28,,0,0,,17.11,,,0,0,0,0,0,0,0.08
31,72,31072,0.14,,0,0,0.02,0,8.27,0,0.43,0.03,0,0,0,0.34,,0,0,2.34,13.98,,,0,0,0,0,0,0,0.08
31,73,31073,0.31,,0,0,0.02,0,18.21,0,1.47,0.11,0,0.01,0,0.03,,0,0,,13.81,,,0,0,0,0,0,0,0.1
31,74,31074,0.28,,0.01,0,0.03,0,16.39,0,0.23,0.02,0,0,0,0.13,,0,0,5.96,7.18,,,0,0,0,0,0,0,0.06
31,75,31075,0.45,,0.01,0,0.04,0,26.22,0,1.84,0.14,0,0.01,0,0.31,,0,0,,9.76,,,0,0,0,0,0,0,0.06
31,76,31076,1.23,,0.01,0,0.12,0,72.26,0,1.71,0.13,0,0.01,0,0.55,,0,0,0.16,13.07,,,0,0,0,1.27,0.12,0,0.1
31,77,31077,0.2,,0,0,0.02,0,11.53,0,0.09,0.01,0,0,0,0.63,,0,0,,22.22,,,0,0,0,0.63,0.06,0,0.1
31,78,31078,0.3,,0,0,0.03,0,17.69,0,0.6,0.04,0,0,0,0.19,,0,0,,10.9,,,0,0,0,0.56,0.05,0,0.08
31,79,31079,2.99,0,0.05,0,0.29,0,175.3,0,6.24,0.46,0,0.04,0.0001,2.02,,0,0.01,1.18,179.14,,,0,0,0,0.2,0.02,0.11,1
31,80,31080,0.73,,0.01,0,0.07,0,42.89,0,3.09,0.23,0,0.02,0,1.31,,0,0,,11.75,,,0,0,0,0,0,0,0.07
31,81,31081,0.23,,0,0,0.02,0,13.73,0,0.12,0.01,0,0,0,0.1,,0,0,,10.2,,,0,0,0,0,0,0,0.07
31,82,31082,0.27,,0,0,0.04,0,15.93,0,0.21,0.02,0,0,0,0.23,,0,0,,10.2,,,0,0,0,0,0,0.06,0.06
31,83,31083,0.13,,0.01,0,0.02,0,7.61,0,0.05,0,0,0,0,0.08,,0,0,1.1,1.43,,,0,0,0,0,0,0,0.01
31,84,31084,0.54,,0.01,0,0.06,0,31.66,0,0.39,0.03,0,0,0,1.09,,0,0,0.31,78.42,,,0,0,0,0.11,0.01,0,0.36
31,85,31085,1.12,,0.01,0,0.11,0,65.56,0,1.72,0.13,0,0.01,0,1.74,,0,0,,312.64,,,0,0,0,0,0,0.13,1.39
31,86,31086,0.17,,0,0,0.02,0,9.79,0,0.17,0.01,0,0,0,0.19,,0,0,,10.58,,,0,0,0,0,0,0,0.06
31,87,31087,0.36,,0.01,0,0.04,0,20.91,0,0.06,0,0,0,0,0.23,,0,0,,3.73,,,0,0,0,0,0,0,0.03
31,88,31088,0.16,,0,0,0.02,0,9.21,0,0.07,0.01,0,0,0,0.17,,0,0,,4.88,,,0,0,0,0,0,0,0.04
31,89,31089,2.85,,0.07,0,0.27,0,166.72,0,6.85,0.51,0,0.04,0.0001,0.77,,0,0.02,,20.41,,,0,0,0,1.11,0.1,0.17,0.14
31,90,31090,0.51,,0,0,0.05,0,29.73,0,0.07,0.01,0,0,0,0.11,,0,0,,3.52,,,0,0,0,0,0,0,0.03
31,91,31091,0.8,,0.03,0,0.08,0,46.62,0,0.73,0.05,0,0,0,0.16,,0,0,,22.19,,,0,0,0,0.72,0.07,0,0.16
31,92,31092,0.49,,0,0,0.05,0,28.89,0,0.48,0.04,0,0,0,0.06,,0,0,,23.13,,,0,0,0,0,0,0,0.16
31,93,31093,1.29,,0.02,0,0.14,0,75.59,0,1.29,0.1,0,0.01,0,0.25,,0,0,10.45,11.6,,,0,0,0,0.59,0.06,0,0.09
31,94,31094,0.35,0,0,0,0.03,0,20.26,0,0.25,0.02,0,0,0,0.06,,0,0,,15.82,,,0,0,0,0,0,0,0.11
31,95,31095,0.4,,0.01,0,0.05,0,23.41,0,0.11,0.01,0,0,0,0.24,,0,0,,4.56,,,0,0,0,0.38,0.04,0.56,0.03
31,96,31096,5.56,,0.1,0,0.57,0,325.54,0,4.77,0.35,0,0.03,0,53.3,,0,0.04,311.12,2037.09,,,0,0,0,0.29,0.03,0.21,8.71
31,97,31097,0.27,,0,0,0.03,0,16.01,0,0.14,0.01,0,0,0,1.03,,0,0,0.7,75.46,,,0,0,0,1.37,0.13,0,0.34
31,98,31098,1.08,0,0.01,0,0.11,0,63.49,0,0.67,0.05,0,0,0,1.36,,0,0,,94.16,,,0,0,0,0,0,0.01,0.49
31,99,31099,0.24,,0,0,0.02,0,14.03,0,0.18,0.01,0,0,0,0.08,,0,0,,12.45,,,0,0,0,0.37,0.03,0.04,0.09
31,100,31100,0.24,,0,0,0.03,0,6.35,0,0.18,0.01,0,0,0,0.22,,0,0,,2.73,,,0,0,0,0,0,0.19,0.02
31,101,31101,4.26,,0.07,0,0.46,0,95.92,0,19.96,1.48,0,0.13,0.0002,0.33,,0,0.01,0.39,9.25,,,0,0,0,0.99,0.09,0.09,0.08
31,102,31102,5.51,,0.14,0,0.55,0,322.31,0,16.76,1.24,0,0.11,0.0001,1.18,,0,0,,68.69,,,0,0,0,0.69,0.07,0.8,0.49
31,103,31103,0.23,,0,0,0.02,0,13.74,0,0.14,0.01,0,0,0,0.09,,0,0,,3.88,,,0,0,0,0,0,0,0.03
31,104,31104,1.11,,0,0,0.11,0,65.1,0,0.16,0.01,0,0,0,0.41,,0,0,,75.32,,,0,0,0,0,0,0,0.54
31,105,31105,0.21,,0,0,0.02,0,12.43,0,0.3,0.02,0,0,0,0.19,,0,0,1.79,4.89,,,0,0,0,0,0,0,0.03
31,106,31106,0.16,,0,0,0.02,0,9.62,0,0.06,0,0,0,0,0.47,,0,0,1.43,19.24,,,0,0,0,0,0,0,0.09
32,1,32001,0.47,0.01,0.01,0,0.07,0,27.61,0,0.08,0,0,0,0,0,,0,0,95.99,18.29,,0.36,0,0,0,0,0,0,2.1
32,2,32002,0.38,,0,0,0.05,0,22.47,0,0.04,0,0,0,0,0,,0,0,1.82,21.45,,,0,0,0,0,0,0,2.74
32,3,32003,0.22,,0,0,0.04,0,12.81,0,0.03,0,0,0,0,0.23,,0,0,31.77,11.29,,,0,0,0,0,0,0,1.31
32,4,32004,0.31,,0.01,0,0.04,0,18.27,0,0.08,0,0,0,0,0.23,,0,0,310.71,11.59,,,0,0,0,0,0,0,1.32
32,5,32005,2.89,,0.08,0,0.37,0,168.99,0,16.92,0.13,0,0.75,0.0002,3.35,,0,0,,141.77,,0.36,0,0,0,0.47,0.04,0.14,22.6
32,6,32006,0.63,,0.01,0,0.01,0,36.94,0,0.13,0,0,0.01,0,0.94,,0,0,,86.67,,,0,0,0,1.61,0.15,0,17.75
32,7,32007,0.95,0,0.02,0,0.13,0,55.5,0,0.26,0,0,0.01,0,1.18,,0,0,,27.07,,0.36,0,0,0,1.15,0.11,0.08,3.59
32,8,32008,0.9,,0.02,0,0.11,0,52.76,0,0.39,0,0,0.02,0,0.12,,0,0,259.08,30.81,,,0,0,0,0.67,0.06,0,3.99
32,9,32009,0.84,,0.01,0,0.11,0,49.23,0,0.19,0,0,0.01,0,1.12,,0,0,,136.76,,0.36,0,0,0,0.45,0.04,0,17.4
32,10,32010,15.71,0,0.41,0,2.02,0,919.88,0,17.91,0.14,0,0.79,0.0002,11.23,,0,0,6.34,942.59,,0.36,0,0,0,2.29,0.22,4.58,172.97
32,11,32011,0.24,,0.01,0,0.04,0,13.87,0,0.07,0,0,0,0,0.35,,0,0,110.22,9.97,,,0,0,0,0,0,0,1.04
32,12,32012,0.59,,0,0,0.07,0,34.49,0,0.04,0,0,0,0,0,,0,0,7.93,75.28,,,0,0,0,0.52,0.05,0,6.53
32,13,32013,0.45,,0.01,0,0.06,0,26.39,0,0.15,0,0,0.01,0,0.28,,0,0,,103.61,,,0,0,0,0.5,0.05,0,17.17
32,14,32014,1.68,0,0.01,0,0.22,0,98.39,0,0.26,0,0,0.01,0,0.39,,0,0,,288.9,,,0,0,0,1.81,0.17,0.02,55.47
32,15,32015,0.13,0,0,0,0.02,0,7.58,0,0.01,0,0,0,0,0,,0,0,6.4,13.62,,,0,0,0,0,0,0,2.06
32,16,32016,1.71,,0.01,0,0.22,0,100.15,0,0.26,0,0,0.01,0,0,,0,0,2.76,128.31,,,0,0,0,0,0,0,21.74
32,17,32017,10.34,0,0.24,0,1.37,0,120.65,0,11.39,0.09,0,0.5,0.0001,5.48,,0,0,34.53,248.95,,,0,0,0,1.07,0.1,1.31,37.55
32,18,32018,0.34,,0,0,0,0,19.84,0,0.04,0,0,0,0,0.32,,0,0,,25.54,,,0,0,0,0,0,0,0.39
32,19,32019,1.83,,0.05,0,0.25,0,107.22,0,0.77,0.01,0,0.03,0,2.6,,0,0,33.61,48.9,,,0,0,0,0,0,0.01,4.9
32,20,32020,4.2,0.02,0.12,0,0.61,0,246.16,0,3.1,0.02,0,0.14,0,3.39,,0,0,16.96,189.24,,,0,0,0,0,0,0.05,19.73
32,21,32021,0.39,,0,0,0.04,0,22.72,0,0.04,0,0,0,0,0,,0,0,110.61,29.28,,,0,0,0,0,0,0,4.88
32,22,32022,1.48,,0.04,0,0.19,0,86.58,0,0.76,0.01,0,0.03,0,1.36,,0,0,,226.5,,,0,0,0,0,0,0,47.22
32,23,32023,0.93,,0.03,0,0.15,0,54.31,0,0.51,0,0,0.02,0,1.2,,0,0,8.47,21.83,,0.36,0,0,0,0,0,0,2.21
32,24,32024,3.47,0,0.07,0,0.4,0,203.18,0,2.06,0.02,0,0.09,0,0.21,,0,0,,106.87,,,0,0,0,0.56,0.05,0,10.14
32,25,32025,0.88,0,0.01,0,0.01,0,51.4,0,1.19,0.01,0,0.05,0,0.47,,0,0,,48.85,,,0,0,0,0.23,0.02,0.01,6.56
32,26,32026,1.25,0.06,0,0,0.16,0,72.96,0,0.01,0,0,0,0,0,,0,0,1.1,109.08,,0.36,0,0,0,2.28,0.22,0.83,15.6
32,27,32027,0.2,,0,0,0.03,0,11.73,0,0,0,0,0,0,0,,0,0,,5.75,,0.36,0,0,0,0,0,0,0.96
32,28,32028,0.2,,0,0,0.03,0,11.58,0,0.04,0,0,0,0,0,,0,0,27.9,8.55,,0.36,0,0,0,0,0,0,0.96
32,29,32029,1.65,,0.03,0,0.2,0,96.81,0,1.04,0.01,0,0.05,0,1.24,,0,0,,316.27,,0.36,0,0,0,0,0,0,60.02
32,30,32030,0.21,,0,0,0.03,0,12.56,0,0.09,0,0,0,0,0.25,,0,0,196.92,6.5,,,0,0,0,0,0,0,0.84
32,31,32031,0.71,,0.01,0,0.11,0,41.45,0,0.19,0,0,0.01,0,0.5,,0,0,106.76,51.18,,,0,0,0,0,0,0,6.66
32,32,32032,0.84,,0.01,0,0.01,0,49.35,0,0.92,0.01,0,0.04,0,1.04,,0,0,1.43,84.65,,0.36,0,0,0,0.58,0.05,1.72,15.03
32,33,32033,0.37,,0.01,0,0.06,0,21.53,0,0.15,0,0,0.01,0,0.23,,0,0,28.47,27.56,,0.36,0,0,0,0,0,0,2.1
32,34,32034,2.09,,0.04,0,0.03,0,122.6,0,1.05,0.01,0,0.05,0,2.43,,0,0,108.66,72.26,,,0,0,0,0,0,0,7.36
32,35,32035,1.06,0,0,0,0.13,0,61.77,0,0.05,0,0,0,0,0,,0,0,,69.02,,,0,0,0,0.69,0.07,0,7.99
32,36,32036,3,0,0.05,0,0.36,0,175.73,0,2.39,0.02,0,0.11,0,1.75,,0,0,7.93,156.42,,,0,0,0,0.28,0.03,0.02,23.13
32,37,32037,1.19,0,0.01,0,0.15,0,69.72,0,0.21,0,0,0.01,0,0,,0,0,0.16,144.22,,0.36,0,0,0,0,0,0,27.62
32,38,32038,5.29,0.02,0.02,0,0.63,0,309.72,0,0.87,0.01,0,0.04,0,0,,0,0,,464.06,,0.36,0,0,0,2.47,0.23,0.01,54.24
32,39,32039,4.61,0.01,0.11,0,0.61,0,270.1,0,1.64,0.01,0,0.07,0,4.8,,0,0,,422.95,,,0,0,0,2.49,0.23,0.02,85.44
32,40,32040,1.55,0,0.01,0,0.18,0,90.49,0,0.16,0,0,0.01,0,0.57,,0,0,,162.19,,0.36,0,0,0,1.43,0.13,0,34.73
32,41,32041,0.23,,0,0,0.03,0,13.41,0,0.03,0,0,0,0,0,,0,0,,12.29,,0.36,0,0,0,1.3,0.12,0,2.14
32,42,32042,4.65,,0.08,0,0.62,0,272.4,0,1.2,0.01,0,0.05,0,2.59,,0,0,,981.6,,0.36,0,0,0,2.88,0.27,1.36,171.63
32,43,32043,0.1,,0,0,0.01,0,5.78,0,0.01,0,0,0,0,0,,0,0,8.96,1.91,,,0,0,0,0,0,0,0.26
32,44,32044,1.18,,0.02,0,0.15,0,69.3,0,2.61,0.02,0,0.11,0,1.33,,0,0,5.52,26.03,,0.36,0,0,0,0,0,0,2.53
32,45,32045,0.64,,0.01,0,0,0,37.28,0,0.27,0,0,0.01,0,0.45,,0,0,105.81,23.15,,,0,0,0,0,0,0,3.51
32,46,32046,0.57,0.03,0,0,0.09,0,33.14,0,0.09,0,0,0,0,0,,0,0,3.06,48.69,,,0,0,0,0,0,0,7.09
32,47,32047,0.42,,0.01,0,0.01,0,24.71,0,0.21,0,0,0.01,0,0.44,,0,0,211.87,27.4,,,0,0,0,0,0,0,3.47
32,48,32048,1.73,,0.06,0,0.24,0,101.27,0,1.14,0.01,0,0.05,0,2.2,,0,0,290.93,32.53,,0.36,0,0,0,0,0,0.01,4.06
32,49,32049,2.6,,0.04,0,0.35,0,152.11,0,0.86,0.01,0,0.04,0,1.96,,0,0,210.7,260.47,,,0,0,0,0,0,0.02,20.71
32,50,32050,0.67,,0,0,0.08,0,39.12,0,0.07,0,0,0,0,0,,0,0,51.48,58.83,,,0,0,0,0,0,0.06,12.23
32,51,32051,2.43,0,0.03,0,0.31,0,142.38,0,0.55,0,0,0.02,0,1.8,,0,0,277.28,513.43,,,0,0,0,2.05,0.19,0.08,80.89
32,52,32052,1.32,0,0.01,0,0.16,0,77.41,0,0.4,0,0,0.02,0,0.22,,0,0,,61.08,,,0,0,0,0,0,0,7.91
32,53,32053,0.95,0.05,0.01,0,0.12,0,55.49,0,0.2,0,0,0.01,0,0,,0,0,,62,,,0,0,0,0,0,0,10.77
32,54,32054,1.37,0,0.01,0,0.16,0,80.48,0,0.14,0,0,0.01,0,0.02,,0,0,,73.5,,,0,0,0,0.34,0.03,0,8.43
32,55,32055,2.3,0,0.04,0,0.32,0,134.61,0,2.2,0.02,0,0.1,0,1.55,,0,0,119.61,149.46,,0.36,0,0,0,0,0,0,22.79
32,56,32056,10.56,0,0.51,0,1.42,0,83.36,0,6.52,0.05,0,0.29,0.0001,7.37,,0,0,18.98,63.72,0,,1.1,0.43,0,0.84,0.08,3.27,10.28
32,57,32057,1.23,,0.02,0,0.13,0,71.9,0,0.21,0,0,0.01,0,0.95,,0,0,3.23,0,,,0,0,0,0,0,0,9.45
32,58,32058,0.21,,0,0,0.03,0,12.17,0,0,0,0,0,0,0.09,,0,0,67.21,0,,,0,0,0,0,0,0,0