ENTIDAD,MUNICIPIO,,,,,,,,,,,,,,,,,,,,,,,,,,,,,
CLAVE,CLAVE,,Asados al carbón,GLP Combustión agropecuaria,GLP Combustión comercial,GN Combustión comercial,GLP Combustión doméstica,GN Combustión doméstica,Leña Combustión doméstica,Queroseno Combustión doméstica,Combustóleo Combustión industrial,Diesel Combustión industrial,GN Combustión industrial,GLP Combustión industrial,Queroseno Combustión industrial,Corrales de engorda,Cruces fronterizos,Actividades de construcción,Incendios de construcciones,Incendios forestales,Labranza,Terminales_de_autobuses,Quemas_agrícolas,Aviacion,Equipo basico aeropouertos,Embarcaciones marinas,Locomotoras de arrastre,Locomotoras de patio,Maq Contruc,Maq Agricola
28,MG_per_year,2302002000,2199007000,2103007005,2199006000,2104007000,2104006000,2104008000,2104011000,2102005000,2102004000,2102006000,2102007000,2102011000,2805001100,2222222222,2311000000,2810030000,2810001000,2801000001,2230075350,2801500002,2275000000,2275050000,2280000000,2285000000,2285002010,2260002000,2270005000,
1,1,1001,46.14,0.75,2.71,0.06,6.08,0.26,423.52,0.01,91.52,0.55,16.07,1.12,0.0003,4.33,,64.09,1.48,151.61,42.91,0.01,,1.23,0.57,0,3.2,0.3,19.06,25.32
1,2,1002,2.59,0.15,0.02,0,0.3,0.01,182.19,0,0.19,0,0.03,0,0,0.17,,4.54,0,,26.05,,0,0,0,0,1.58,0.15,0,16.87
1,3,1003,3.2,,0.09,0,0.4,0.02,225.48,0,2.86,0.02,0.5,0.04,0,0.15,,0,0,9.91,7.63,,,0,0,0,0,0,0.2,2.98
1,4,1004,0.87,,0.01,0,0.1,0,61.5,0,0.78,0,0.14,0.01,0,0.35,,0,0,,8.74,,,0,0,0,1.03,0.1,0.4,5.25
1,5,1005,5.27,,0.16,0,0.63,0.03,246.44,0,28.08,0.17,4.93,0.34,0.0001,0.5,,0,0,267.15,17.4,,,0,0,0,0,0,0.2,9.9
1,6,1006,2.48,,0.07,0,0.29,0.01,174.84,0,1.67,0.01,0.29,0.02,0,0,,0,0,0.78,12.45,,,0,0,0,0.6,0.06,0.32,7.1
1,7,1007,2.9,0,0.08,0,0.03,0.02,204.31,0,2.91,0.02,0.51,0.04,0,0.23,,0,0,3.16,16.43,,,0,0,0,0.82,0.08,0.59,10.04
1,8,1008,0.49,,0.01,0,0.06,0,34.29,0,0.32,0,0.06,0,0,0.08,,0,0,4.94,5.79,,,0,0,0,0,0,0,3.73
1,9,1009,1.11,,0.01,0,0.13,0.01,78.06,0,0.54,0,0.1,0.01,0,0.1,,0,0,,14.84,,,0,0,0,0,0,0,9.17
1,10,1010,1.09,0,0.01,0,0.13,0.01,76.9,0,3.82,0.02,0.67,0.05,0,0,,0,0,,31.19,,,0,0,0,0,0,0,21.74
1,11,1011,1.84,,0.07,0,0.02,0.01,107.3,0,10.74,0.06,1.88,0.13,0,0,,0,0,,8.5,,,0,0,0,1.4,0.13,0,5.36
2,1,2001,26.39,0.04,0.6,1.39,10.88,0.1,1857.85,0,41.06,0.11,1.56,0.32,0.0001,0.71,,0,0,740.45,134.78,,61.22,0,0,199.36,0,0,3.32,71.85
2,2,2002,54.62,0.05,1.22,2.84,2.26,0.21,808.17,0.01,130.4,0.35,4.96,1.02,0.0004,26.19,0.151404692,0,0.71,,324.4,0,61.22,0.02,0.01,0,4.5,0.43,36,163.21
2,3,2003,5.81,0.01,0.1,0.23,2.28,0.02,164.33,0,21.27,0.06,0.81,0.17,0.0001,0.17,0.011219462,16.54,0,1531.98,5.59,,61.22,0,0,0,1.51,0.14,0.7,2.88
2,4,2004,90.02,,2.16,5.04,35.18,0.34,180.3,0.01,327.88,0.87,12.47,2.57,0.0011,2.59,0.465637297,0,1.61,484.77,2.14,0,,6.3,1.87,0,2.64,0.25,31.95,1.58
2,5,2005,4.68,0,0.12,0.28,1.8,0.02,65.72,0,5.99,0.02,0.23,0.05,0,0,,0,0,739.75,1.76,,,0,0,7.1,0,0,0.29,1.13
3,1,3001,4.07,0.06,0.25,0,0.61,0,286.8,0,3.36,0.02,0,0.02,0,1.35,,0,0.05,226.37,41.84,,3.98,0,0,23.29,0,0,0.1,59.17
3,2,3002,3.37,,0.19,0,0.51,0,236.98,0,3.77,0.02,0,0.02,0,0.17,,0,0.05,,3.99,,,0,0,78.91,0,0,5.78,5.7
3,3,3003,14.01,0,1.22,0,2.13,0,986.69,0,6.39,0.03,0,0.04,0,0.98,,161.14,0.19,0.2,5.23,0.01,,2.51,0.79,5.37,0,0,3.91,7.39
3,8,3008,10.48,0.1,1.06,0,1.58,0,737.61,0,2.65,0.01,0,0.02,0,0.7,,0,0.14,,2.11,,3.98,1.04,0.83,20.95,0,0,0,3.8
3,9,3009,0.76,,0.07,0,0.11,0,53.19,0,0.15,0,0,0,0,0.33,,0,0.01,,0.34,,,0.02,0.01,3.06,0,0,0,0.76
4,1,4001,3.18,,0.01,0,0.28,0,223.99,0,5.09,0.64,0.67,0.07,0,0.15,,0.7,0.01,,9.17,,,0,0,0,1.44,0.14,0.01,4.51
4,2,4002,15.24,0,0.07,0,1.56,0,1073.2,0,14.52,1.82,1.92,0.19,0,0.92,,49.44,0.04,0.01,26.34,0.01,,0,0.03,49.35,3.32,0.31,5.93,18.52
4,3,4003,12.76,0.02,0.07,0,1.27,0,898.59,0,2.88,0.36,0.38,0.04,0,2.14,,32.76,0.03,,18.94,,,0.01,0.01,10.44,0,0,7.06,7.93
4,4,4004,4.86,0.04,0.01,0,0.46,0,342,0,3.86,0.48,0.51,0.05,0,0.88,,5.87,0.01,96.73,61.56,,31.37,0,0,0,4.38,0.41,0.95,64.53
4,5,4005,1.72,0.05,0,0,0.15,0,121.2,0,1.33,0.17,0.18,0.02,0,0.12,,0,0,,14.99,,,0,0,0,1.41,0.13,0.06,13.88
4,6,4006,2.21,0.03,0,0,0.18,0,155.86,0,0.35,0.04,0.05,0,0,0.67,,0.01,0,2.82,57.14,,,0,0,0,0,0,0.15,45.73
4,7,4007,0.53,,0,0,0.01,0,37.25,0,0.09,0.01,0.01,0,0,1.64,,0,0,3.95,15.37,,,0,0,0,0,0,0,12.04
4,8,4008,0.58,0.06,0,0,0.05,0,40.66,0,1.06,0.13,0.14,0.01,0,0.08,,0,0,,7.91,,,0,0,0,0.95,0.09,0.33,6.67
4,9,4009,3.2,0,0.01,0,0.29,0,225.14,0,1,0.13,0.13,0.01,0,3.07,,5.5,0.01,235.64,31.77,,,0,0,0,2.57,0.24,2.28,18.81
4,10,4010,1.52,0.01,0,0,0.12,0,107,0,0.09,0.01,0.01,0,0,0.13,,0,0,169.05,19.73,,,0,0,0,2.06,0.2,0,2.26
4,11,4011,2.36,0.02,0,0,0.21,0,166.28,0,0.24,0.03,0.03,0,0,2.25,,4.63,0.01,164.61,20.34,,,0,0,0,0,0,0,2.32
5,1,5001,0.06,,0,0,0.02,0.01,4.45,0,0.07,0,0.01,0,0,0,,0,0,0.41,6.43,,0.51,0,0,0,0.75,0.07,0,0
5,2,5002,8.06,0,0.25,0,1.66,0.67,567.21,0,70.49,0.89,11.27,0.73,0.0002,1.28,0.011101046,0,0,28.82,3.27,,0.51,0,0,0,0.66,0.06,0.33,84.59
5,3,5003,1.29,,0.06,0,0.29,0.11,90.55,0,3.9,0.05,0.62,0.04,0,0,,0,0,,13.67,,,0,0,0,0,0,0.01,0
5,4,5004,1.25,0,0.02,0,0.26,0.1,115.75,0,3.44,0.04,0.55,0.04,0,0,,3.53,0,2.52,31.04,,0.51,0,0,0,0,0,0.18,0
5,5,5005,0.11,0,0,0,0.03,0.01,7.51,0,0.1,0,0.02,0,0,0,,0,0,11.39,11.88,,0.51,0,0,0,0,0,0,0
5,6,5006,1.52,0.02,0.03,0,0.32,0.13,22.88,0,5.37,0.07,0.86,0.06,0,0,,0,0,7.89,24.49,,,0,0,0,3.19,0.3,0.08,0
5,7,5007,0.78,0,0.02,0,0.02,0.06,54.91,0,1.79,0.02,0.29,0.02,0,0,,0,0,5.11,13.66,,0.51,0,0,0,6.22,0.59,0.04,0
5,8,5008,0.18,,0,0,0.04,0.01,12.48,0,0,0,0,0,0,0,,0,0,1.08,4.16,,0.51,0,0,0,1.4,0.13,0,0
5,9,5009,3.29,0.01,0.09,0,0.65,0.27,231.53,0,4.6,0.06,0.73,0.05,0,0,,0,0,3.02,29.99,,0.51,0,0,0,0,0,0,0
5,10,5010,4.48,0.01,0.13,0,0.94,0.37,12.14,0,19.18,0.24,3.07,0.2,0.0001,0.64,,0,0,,6.19,,0.51,0,0,0,0.66,0.06,0.05,51.15
5,11,5011,0.72,0,0.01,0,0.15,0.06,50.7,0,0.14,0,0.02,0,0,0,,0,0,,21.1,,0.51,0,0,0,4.22,0.4,0.02,0
5,12,5012,0.12,0.02,0,0,0.03,0.01,8.43,0,0.2,0,0.03,0,0,0,,0,0,,15.78,,,0,0,0,0,0,0,0
5,13,5013,0.1,,0,0,0.02,0.01,6.81,0,0,0,0,0,0,0,,0,0,,81.81,,,0,0,0,0,0,0.34,0
5,14,5014,0.62,,0,0,0.01,0.05,43.89,0,0.31,0,0.05,0,0,0,,0,0,,9.29,,0.51,0,0,0,2.79,0.26,0,0
5,15,5015,0.09,0.01,0,0,0.02,0.01,6.26,0,0,0,0,0,0,0,,0,0,,18.28,,0.51,0,0,0,0,0,0,0
5,16,5016,0.11,,0,0,0.03,0.01,7.67,0,0.01,0,0,0,0,0,,0,0,3.33,2.14,,0.51,0,0,0,0,0,0,0
5,17,5017,6.36,0.02,0.11,0,1.21,0.53,307.36,0,3.49,0.04,0.56,0.04,0,0,,0,0,,39.14,,,0,0,0,0,0,0.2,0
5,18,5018,12.77,0,0.6,0,2.78,1.06,11.73,0,28.19,0.36,4.51,0.29,0.0001,0,,0,0,1.08,9.45,,0.51,0,0,0,0.36,0.03,5.34,0
5,19,5019,0.46,,0.01,0,0.1,0.04,32.45,0,2.39,0.03,0.38,0.02,0,0,,0,0,,12.82,,0.51,0,0,0,0,0,0.07,0
5,20,5020,4,0,0.11,0,0.86,0.33,281.77,0,1.13,0.01,0.18,0.01,0,0,,0,0,23.03,25.43,,0.51,0,0,0,2.88,0.27,3.98,0
5,21,5021,0.37,,0.01,0,0.08,0.03,26.16,0,0.09,0,0.02,0,0,0,,0,0,,7.99,,0.51,0,0,0,0.69,0.07,0,0
5,22,5022,1.65,0.01,0.02,0,0.34,0.14,8.98,0,2.08,0.03,0.33,0.02,0,0,,0,0,49.09,15.45,,0.51,0,0,0,2.6,0.25,5.32,0
5,23,5023,0.65,0,0.01,0,0.14,0.05,45.75,0,1.07,0.01,0.17,0.01,0,0,,0,0,2.65,2.38,,,0,0,0,3.66,0.35,0.02,0
5,24,5024,2.85,0,0.08,0,0.58,0.24,200.91,0,6.4,0.08,1.02,0.07,0,0,,0,0,3.17,39.9,,0.51,0,0,0,12.35,1.17,0,0
5,25,5025,9.18,,0.36,0,1.99,0.76,16.66,0,30.28,0.38,4.84,0.31,0.0001,0,0.012826696,0,0.1,,8.31,,,0,0,0,0.64,0.06,0.28,0
5,26,5026,0.22,0.02,0,0,0.05,0.02,15.18,0,0.01,0,0,0,0,0,,0,0,1.89,18.42,,0.51,0,0,0,0.91,0.09,0.41,0
5,27,5027,3.62,0.01,0.07,0,0.77,0.3,74.2,0,40.75,0.52,6.51,0.42,0.0001,0,,16.94,0.04,36.12,22.61,,0.51,0,0,0,10.57,1,0.4,0
5,28,5028,3.38,,0.15,0,0.76,0.28,238.33,0,12.51,0.16,2,0.13,0,1.16,,0,0,1.21,12.02,,,0,0,0,2.64,0.25,1.38,26.67
5,29,5029,0.13,0,0,0,0.03,0.01,9.27,0,0.09,0,0.02,0,0,0,,0,0,,2.77,,0.51,0,0,0,0,0,0,0
5,30,5030,41.41,0.01,1.58,0,8.46,3.44,133.54,0.01,73.84,0.94,11.8,0.76,0.0002,6.37,,75.72,0.56,132.17,36.88,0.04,0.51,0,0,0,12.79,1.21,7.88,143.34
5,31,5031,1.25,0,0.04,0,0.28,0.1,88.16,0,2.7,0.03,0.43,0.03,0,0,,0,0,9.9,6.59,,0.51,0,0,0,0,0,0,0
5,32,5032,2.56,0,0.1,0,0.59,0.21,180.24,0,3.59,0.05,0.57,0.04,0,0,,0,0,,7.51,,0.51,0,0,0,0,0,0.62,0
5,33,5033,5.98,0,0.1,0,1.17,0.5,420.91,0,11.38,0.14,1.82,0.12,0,0,,0,0,10.83,56.98,,0.51,0,0,0,2.68,0.25,0.36,0
5,34,5034,0.33,0.01,0.01,0,0.08,0.03,23.57,0,0.02,0,0,0,0,0,,0,0,,0.88,,,0,0,0,6.39,0.6,1.84,0
5,35,5035,36.85,0,2.04,0,7.83,3.06,162.83,0.01,118.15,1.5,18.89,1.22,0.0004,0,,0,0,,15.09,,0.51,2.56,0.96,0,1.16,0.11,7.22,0
5,36,5036,1.23,0,0,0,0.24,0.1,86.84,0,0.29,0,0.05,0,0,0,,0,0,,12.54,,0.51,0,0,0,2.58,0.24,0,0
5,37,5037,0.39,,0,0,0.09,0.03,27.58,0,0.01,0,0,0,0,0,,0,0,0.4,16.23,,0.51,0,0,0,1.34,0.13,0,0
5,38,5038,0.79,,0.01,0,0.18,0.07,55.77,0,1.8,0.02,0.29,0.02,0,0,,0,0,77.47,22.9,,0.51,0,0,0,1.9,0.18,0.01,0
6,1,6001,1.59,,0.03,0,0.29,0,29.21,0,1.23,0.06,0,0.04,0,0,,4.44,0.02,1.32,15.48,,,0,0,0,1.47,0.14,0.03,8.44
6,2,6002,8.44,,0.32,0,0.16,0,75.92,0,6.14,0.29,0,0.21,0,0,,96.46,0.01,,28.3,0,8.1,0,0.01,0,0.95,0.09,1.94,7.98
6,3,6003,1.24,,0.01,0,0.02,0,56.74,0,0.47,0.02,0,0.02,0,0.07,,2.64,0,,12.34,,8.1,0,0,0,0,0,0.01,4.37
6,4,6004,1.11,,0.01,0,0.02,0,32.64,0,0.27,0.01,0,0.01,0,0.19,,0,0,19.37,16.07,,8.1,0,0,0,1.52,0.14,0.29,5.63
6,5,6005,1.63,,0.02,0,0.3,0,57.93,0,2.06,0.1,0,0.07,0,0.21,,2.54,0.02,0.17,16.52,,8.1,0,0,0,1.81,0.17,0.88,4.97
6,6,6006,0.3,0,0,0,0.06,0,21.38,0,0.03,0,0,0,0,0.03,,0.08,0,0.03,13.65,,,0,0,0,0,0,0,3.59
6,7,6007,8.8,,0.22,0,1.67,0,619.35,0,4.49,0.21,0,0.15,0,0.49,,19.67,0.1,53.43,39.37,,,0.52,0.24,121.13,1.82,0.17,1.02,11.91
6,8,6008,0.48,,0,0,0.09,0,33.6,0,0.08,0,0,0,0,0.04,,0.06,0,5.05,15,,8.1,0,0,0,0,0,1.44,3.83
6,9,6009,6.26,0,0.14,0,1.09,0,72.74,0,5.22,0.25,0,0.18,0,0.74,,5.13,0.06,0,43.91,,,0,0,0,1.69,0.16,0.23,22.71
6,10,6010,6.39,0,0.08,0,1.21,0,21.18,0,3.02,0.14,0,0.1,0,0,,14.97,0.07,11.69,12.33,,8.1,0,0,0,0,0,0.76,3.39
7,1,7001,0.94,,0.01,0,0.06,0,65.84,0,0.18,0,0.02,0.01,0,0.08,,0,0,,14.16,,,0,0,0,0,0,0,1.05
7,2,7002,1.66,,0.02,0,0.13,0,116.84,0,0.52,0,0.07,0.02,0,0.25,,0,0,,25.45,,,0,0,0,0,0,0,2.08
7,3,7003,1.54,,0.01,0,0.12,0,108.58,0,0.32,0,0.04,0.01,0,0.65,,0,0,6.6,63.47,,7.69,0,0,0,1.09,0.1,0.01,3.89
7,4,7004,1.58,0.04,0.01,0,0.1,0,111.09,0,0.08,0,0.01,0,0,0.11,,0,0,7.99,10.21,,,0,0,0,0,0,0,0.92
7,5,7005,1.25,,0,0,0.01,0,88.23,0,0.03,0,0,0,0,0.29,,0,0,,10.53,,,0,0,0,0,0,0,0.96
7,6,7006,1.62,,0,0,0.11,0,113.88,0,0.06,0,0.01,0,0,0.09,,0,0,22.45,11.95,,,0,0,0,0,0,0,1.16
7,7,7007,0.54,,0,0,0.04,0,38.22,0,0.83,0.01,0.11,0.03,0,0.02,,0,0,3.8,3.66,,,0,0,0,0,0,0,0.31
7,8,7008,1.84,,0.02,0,0.11,0,129.78,0,0.49,0,0.06,0.02,0,1.9,,0,0,13.23,15.53,,,0,0,0,0,0,0,1.57
7,9,7009,2.46,,0.05,0,0.21,0,173.31,0,1.19,0.01,0.16,0.04,0,0.38,,0,0,7.19,4.64,,,0,0,0,1.43,0.14,0.41,0.31
7,10,7010,0.42,,0,0,0.02,0,29.71,0,0,0,0,0,0,0.01,,0,0,,2.63,,,0,0,0,0,0,0,0.23
7,11,7011,1.12,,0,0,0.07,0,78.87,0,0.01,0,0,0,0,0.02,,0,0,0.46,9.39,,,0,0,0,0,0,0,0.9
7,12,7012,2.16,,0.02,0,0.01,0,152.06,0,0.94,0.01,0.12,0.04,0,0.13,,0,0,1.32,4.48,,,0,0,0,0,0,0.03,0.38
7,13,7013,1.69,,0.02,0,0.11,0,118.83,0,0.19,0,0.03,0.01,0,0.15,,0,0,6.36,8.27,,,0,0,0,0,0,0,0.7
7,14,7014,0.95,,0,0,0.06,0,67.09,0,0.06,0,0.01,0,0,0.11,,0,0,4.43,9.91,,,0,0,0,0,0,0,0.91
7,15,7015,2.61,,0.02,0,0.18,0,184.11,0,0.32,0,0.04,0.01,0,0,,0,0,,8.74,,,0,0,0,0,0,0,0.93
7,16,7016,1.01,0,0.01,0,0.08,0,71.33,0,0.09,0,0.01,0,0,1.27,,0,0,,16.74,,,0,0,0,0,0,0,1.23
7,17,7017,4.7,0.04,0.05,0,0.32,0,331,0,1.77,0.01,0.23,0.07,0,0.46,,0,0,1360.21,25.02,,,0,0,0,0,0,0.04,1.83
7,18,7018,0.49,,0,0,0.04,0,34.51,0,0.09,0,0.01,0,0,0.05,,0,0,,5.2,,,0,0,0,0,0,0,0.45
7,19,7019,7.74,0,0.2,0,0.58,0,544.86,0,3.76,0.02,0.5,0.14,0,0.66,,13.98,0,5.16,19.65,,,0.09,0.03,0,0,0,2.98,1.66
7,20,7020,2.56,,0.01,0,0.18,0,180.58,0,0.28,0,0.04,0.01,0,2.13,,0,0,238.56,35.65,,,0,0,0,0,0,0,3.17
7,21,7021,1.29,,0.01,0,0.1,0,91.02,0,0.16,0,0.02,0.01,0,0.36,,0,0,,6.29,,,0,0,0,0,0,0,0.6
7,22,7022,0.85,,0,0,0.06,0,59.74,0,0.02,0,0,0,0,0.01,,0,0,1.35,9.56,,,0,0,0,0,0,0,0.85
7,23,7023,4.28,,0,0,0.3,0,301.43,0,0.06,0,0.01,0,0,0.02,,0,0,0.81,10.93,,,0,0,0,0,0,0,0.92
7,24,7024,0.58,,0,0,0.03,0,40.66,0,0.02,0,0,0,0,0.02,,0,0,,3.41,,,0,0,0,0,0,0,0.29
7,25,7025,0.45,,0,0,0.03,0,32.01,0,0.03,0,0,0,0,0.35,,0,0,,2.47,,,0,0,0,0,0,0,0.23
7,26,7026,2.03,,0,0,0.12,0,142.83,0,0.05,0,0.01,0,0,0.05,,0,0,,12.28,,,0,0,0,0,0,0,1.15
7,27,7027,4.69,,0.03,0,0.35,0,314.35,0,1.38,0.01,0.18,0.05,0,0.16,,0,0,1.53,26.39,,,0,0,0,0,0,3.16,2.17
7,28,7028,0.32,,0,0,0.02,0,22.27,0,0.07,0,0.01,0,0,0.03,,0,0,,5.13,,,0,0,0,0,0,0,0.43
7,29,7029,0.33,,0,0,0.02,0,22.97,0,0.05,0,0.01,0,0,0.04,,0,0,,1.85,,,0,0,0,0,0,0,0.15
7,30,7030,1.8,,0.01,0,0.01,0,126.98,0,0.11,0,0.01,0,0,1.59,,0,0,12.4,19,,,0,0,0,0,0,0,1.7
7,31,7031,6.12,,0.01,0,0.34,0,430.93,0,0.12,0,0.02,0,0,1.42,,0,0,4.84,40.7,,,0,0,0,0,0,0,3.78
7,32,7032,1.75,,0.02,0,0.12,0,122.95,0,0.36,0,0.05,0.01,0,0.16,,0,0,,30.08,,,0,0,0,0,0,0,2.41
7,33,7033,0.41,,0,0,0.02,0,29,0,0,0,0,0,0,0.54,,0,0,,1.98,,,0,0,0,0,0,0,0.17
7,34,7034,3.67,,0.04,0,0.26,0,258.72,0,0.6,0,0.08,0.02,0,1.64,,0,0,0.68,35,,,0,0,0,0,0,0.01,2.98
7,35,7035,0.7,,0,0,0.05,0,48.98,0,0.04,0,0.01,0,0,0.06,,0,0,,14.53,,,0,0,0,0,0,0,0.88
7,36,7036,0.43,,0,0,0.02,0,30.21,0,0.01,0,0,0,0,0.01,,0,0,0.2,2.96,,,0,0,0,0,0,0,0.26
7,37,7037,1.94,,0.01,0,0.14,0,136.82,0,0.22,0,0.03,0.01,0,0.19,,0,0,,42.73,,7.69,0,0,0,0.71,0.07,0,2.71
7,38,7038,1.21,,0,0,0.07,0,85.45,0,0.01,0,0,0,0,0.05,,0,0,0.37,5.51,,7.69,0,0,0,0,0,0,0.46
7,39,7039,1.28,,0,0,0.08,0,90.25,0,0.02,0,0,0,0,0.15,,0,0,,18.63,,,0,0,0,0,0,0,1.76
7,40,7040,3.06,0,0.07,0,0.21,0,215.46,0,2.31,0.01,0.31,0.09,0,0.17,,0,0,,23.41,,7.69,0,0,0,0.43,0.04,0.06,1.75
7,41,7041,2.36,0,0.01,0,0.02,0,166.03,0,0.2,0,0.03,0.01,0,0.76,,0,0,1.98,31.95,,,0,0,0,0,0,0,2.8
7,42,7042,0.56,,0,0,0,0,39.24,0,0.04,0,0.01,0,0,0.1,,0,0,,3.1,,,0,0,0,0,0,0,0.3
7,43,7043,0.62,,0.01,0,0.04,0,43.57,0,0.08,0,0.01,0,0,0.41,,0,0,,1.34,,,0,0,0,0,0,0,0.12
7,44,7044,1.39,0,0.01,0,0.09,0,97.52,0,0.08,0,0.01,0,0,0.08,,0,0,71.81,11.99,,,0,0,0,0,0,0,1
7,45,7045,0.31,,0,0,0.02,0,22.07,0,0,0,0,0,0,0.27,,0,0,,0.93,,,0,0,0,0,0,0,0.09
7,46,7046,2.29,0,0.01,0,0.18,0,161,0,0.24,0,0.03,0.01,0,0.12,,0,0,453.81,30.18,,,0,0,0,0,0,0,2.49
7,47,7047,0.96,,0.01,0,0.06,0,67.42,0,0.21,0,0.03,0.01,0,0.08,,0,0,13.46,4.85,,,0,0,0,0,0,0,0.43
7,48,7048,1.29,,0.01,0,0.1,0,90.64,0,0.2,0,0.03,0.01,0,1.01,,0,0,,7.11,,,0,0,0,1.07,0.1,0,0.62
7,49,7049,1.11,,0,0,0.06,0,77.82,0,0.05,0,0.01,0,0,0.02,,0,0,,7.64,,,0,0,0,0,0,0,0.68
7,50,7050,0.34,,0,0,0.03,0,23.75,0,0.05,0,0.01,0,0,1.39,,0,0,,7.26,,,0,0,0,0,0,0,0.55
7,51,7051,2.42,,0.02,0,0.18,0,170.49,0,0.54,0,0.07,0.02,0,1.37,,0,0,,148.94,,,0,0,0,1.02,0.1,0,7.98
7,52,7052,6.28,0,0.03,0,0.37,0,442.01,0,0.43,0,0.06,0.02,0,3.83,,0,0,3.5,52.34,,,0,0,0,0,0,0.02,4.77
7,53,7053,0.44,,0,0,0.03,0,30.76,0,0.01,0,0,0,0,0.01,,0,0,,1.76,,7.69,0,0,0,0,0,0,0.15
7,54,7054,1.53,,0.01,0,0.12,0,107.91,0,0.26,0,0.04,0.01,0,0.31,,0,0,,34.28,,7.69,0,0,0,0,0,0,2.24
7,55,7055,0.31,,0,0,0.02,0,21.59,0,0.03,0,0,0,0,0.03,,0,0,,4.34,,,0,0,0,0,0,0,0.31
7,56,7056,0.58,,0,0,0.04,0,40.63,0,0.01,0,0,0,0,0.01,,0,0,,2.44,,,0,0,0,0,0,0,0.21
7,57,7057,3.71,,0.03,0,0.22,0,261.12,0,0.65,0,0.09,0.02,0,0.12,,0,0,0.81,28.32,,7.69,0,0,0,0,0,0.06,2.73
7,58,7058,0.25,,0,0,0.02,0,17.68,0,0,0,0,0,0,0.04,,0,0,,5.2,,,0,0,0,0,0,0,0.44
7,59,7059,10.87,0,0.06,0,0.63,0,765.1,0,0.6,0,0.08,0.02,0,1.61,,0,0,278.25,77.51,,,0,0,0,0,0,0.01,6.84
7,60,7060,0.67,,0,0,0.04,0,47.37,0,0.04,0,0.01,0,0,,,0,0,,3.32,,,0,0,0,0,0,0,0.31
7,61,7061,4.62,0,0.05,0,0.32,0,325.42,0,2.71,0.02,0.36,0.1,0,0.65,,0,0,51.13,49.42,,,0,0,0,0,0,0.04,4.24
7,62,7062,1.05,,0,0,0.07,0,73.65,0,0.06,0,0.01,0,0,3.12,,0,0,,9.01,,,0,0,0,0,0,0,0.78
7,63,7063,0.22,,0,0,0.02,0,15.46,0,0.05,0,0.01,0,0,0.07,,0,0,0.26,4.22,,,0,0,0,0,0,0,0.35
7,64,7064,2.64,,0,0,0.15,0,186.12,0,0.1,0,0.01,0,0,0.02,,0,0,0.67,11.46,,,0,0,0,0,0,0,1.03
7,65,7065,6.25,0,0.08,0,0.43,0,440.29,0,0.99,0.01,0.13,0.04,0,4.48,,0,0,3.3,52.02,,,0,0,0,3.28,0.31,0.29,4.67
7,66,7066,1.23,,0.01,0,0.07,0,86.4,0,0.07,0,0.01,0,0,0.05,,0,0,,5.9,,,0,0,0,0,0,0,0.56
7,67,7067,0.62,,0,0,0.04,0,43.97,0,0.02,0,0,0,0,0.08,,0,0,0.32,1.85,,,0,0,0,0,0,0,0.16
7,68,7068,1.89,0,0.03,0,0.14,0,132.92,0,0.39,0,0.05,0.01,0,3.2,,0.33,0,,6.95,,,0,0,0,1.56,0.15,2.57,0.69
7,69,7069,2.96,0,0.03,0,0.23,0,208.66,0,0.56,0,0.07,0.02,0,1.74,,0,0,1.62,8.8,,,0,0,0,2.84,0.27,0.01,0.83
7,70,7070,0.82,,0,0,0.04,0,57.65,0,0.03,0,0,0,0,0.02,,0,0,,3.48,,7.69,0,0,0,0,0,0,0.3
7,71,7071,1.69,,0.01,0,0.01,0,118.68,0,0.2,0,0.03,0.01,0,0.23,,0,0,1.49,17.14,,7.69,0,0,0,0.8,0.08,0.01,1.54
7,72,7072,1.78,,0.01,0,0.11,0,125.05,0,0.18,0,0.02,0.01,0,0.17,,0,0,1.15,10.7,,,0,0,0,0,0,0,0.97
7,73,7073,0.51,,0,0,0,0,35.79,0,0.19,0,0.03,0.01,0,0.05,,0,0,1.08,1.46,,,0,0,0,0,0,0,0.13
7,74,7074,2.23,,0.03,0,0.18,0,156.79,0,3.87,0.02,0.51,0.15,0,1.71,,0,0,,4.63,,,0,0,0,0,0,0.13,0.4
7,75,7075,1.59,,0.02,0,0.11,0,112.19,0,0.49,0,0.07,0.02,0,0.14,,0,0,0.2,8.59,,7.69,0,0,0,0,0,0,0.67
7,76,7076,1.51,,0,0,0.09,0,106.38,0,0.02,0,0,0,0,0.16,,0,0,,15.44,,,0,0,0,0,0,0,1.42
7,77,7077,3.42,,0.01,0,0.21,0,240.6,0,0.18,0,0.02,0.01,0,1.03,,0,0,,34.93,,,0,0,0,0.89,0.08,0,3.06
7,78,7078,10.62,0.07,0.27,0,0.73,0,747.94,0,4.2,0.03,0.56,0.16,0,0.94,,0,0,25.18,9.57,,,0,0,0,0,0,2.51,0.82
7,79,7079,1.89,0.07,0.01,0,0.14,0,132.74,0,0.4,0,0.05,0.01,0,0.14,,0,0,,7.89,,,0,0,0,0,0,0,0.69
7,80,7080,2.29,,0.01,0,0.12,0,161.18,0,0.07,0,0.01,0,0,0.08,,0,0,14.09,19.67,,,0,0,0,0,0,0,1.87
7,81,7081,2.07,,0.01,0,0.13,0,145.81,0,0.23,0,0.03,0.01,0,0.16,,0,0,,27.23,,,0,0,0,0,0,0,2.47
7,82,7082,0.65,,0,0,0.04,0,46.04,0,0.04,0,0.01,0,0,0.2,,0,0,2.71,4.63,,,0,0,0,0,0,0,0.44
7,83,7083,1.01,,0,0,0.07,0,71.37,0,0.11,0,0.01,0,0,0.28,,0,0,,18.81,,7.69,0,0,0,0,0,0,1.37
7,84,7084,0.5,,0,0,0.03,0,35.5,0,0.03,0,0,0,0,0.79,,0,0,,1.95,,,0,0,0,0,0,0,0.19
7,85,7085,0.56,,0,0,0.04,0,39.77,0,0.1,0,0.01,0,0,0.03,,0,0,,4.98,,,0,0,0,0,0,0,0.41
7,86,7086,1.17,,0.01,0,0.08,0,82.7,0,0.28,0,0.04,0.01,0,0.15,,0,0,,9.89,,,0,0,0,0,0,0.17,0.81
7,87,7087,2.1,0,0.02,0,0.02,0,148.17,0,0.35,0,0.05,0.01,0,0.15,,0,0,,15,,,0,0,0,0.62,0.06,0,1.34
7,88,7088,0.13,,0,0,0.01,0,9.38,0,0.01,0,0,0,0,0.55,,0,0,,1.03,,,0,0,0,0,0,0,0.09
7,89,7089,18.02,,0.41,0,1.36,0,1268.97,0,6.62,0.04,0.88,0.25,0,0.44,,0,0,,75.03,,7.69,0.93,0.23,1.11,2.28,0.22,3.96,6.37
7,90,7090,0.25,,0,0,0.02,0,17.65,0,0.01,0,0,0,0,0.06,,0,0,7.54,1.19,,,0,0,0,0,0,0,0.12
7,91,7091,0.63,,0.01,0,0.05,0,44.64,0,0.1,0,0.01,0,0,0.05,,0,0,,2.41,,,0,0,0,0,0,0,0.24
7,92,7092,2.4,,0.02,0,0.16,0,168.69,0,0.28,0,0.04,0.01,0,1.06,,0,0,0.2,10.12,,,0,0,0,0,0,0.01,0.9
7,93,7093,2.41,,0,0,0.13,0,169.96,0,0.08,0,0.01,0,0,0.01,,0,0,0.74,11.95,,,0,0,0,0,0,0,1.08
7,94,7094,2.07,,0.02,0,0.13,0,145.44,0,0.53,0,0.07,0.02,0,0.08,,0,0,2.09,8.19,,,0,0,0,0,0,0,0.72
7,96,7096,4.03,,0.02,0,0.02,0,283.84,0,0.15,0,0.02,0.01,0,0.15,,0,0,,30.31,,,0,0,0,0,0,0,2.81
7,97,7097,5.01,0.11,0.07,0,0.39,0,352.79,0,1.35,0.01,0.18,0.05,0,1.75,,0,0,12.98,4.46,,,0,0,0,3.21,0.3,0,0.44
7,98,7098,0.37,,0,0,0.02,0,26.24,0,0.05,0,0.01,0,0,0.03,,0,0,,8.37,,,0,0,0,0,0,0.22,0.7
7,99,7099,3.86,0,0.01,0,0.28,0,271.47,0,0.18,0,0.02,0.01,0,1.58,,0,0,1.92,46.21,,,0,0,0,0,0,0,3.92
7,100,7100,1.84,,0,0,0.1,0,129.78,0,0.02,0,0,0,0,0.1,,0,0,,12.94,,,0,0,0,0,0,0,1.2
7,101,7101,32.12,0,0.86,0,2.58,0,20.03,0,15.71,0.1,2.08,0.59,0.0001,3.15,,301.77,0,6.03,5.58,0.04,,1.32,0.44,0,0,0,0,0.46
7,102,7102,2.18,,0.01,0,0.16,0,153.22,0,0.2,0,0.03,0.01,0,0.02,,0,0,,16.01,,,0,0,0,0,0,16.46,1.24
7,103,7103,1.56,,0,0,0.11,0,109.71,0,0.14,0,0.02,0.01,0,0.07,,0,0,,12.35,,7.69,0,0,0,0.34,0.03,0.96,1.11
7,104,7104,0.81,,0,0,0.07,0,57.32,0,0.13,0,0.02,0,0,0.38,,0,0,3.5,9.54,,7.69,0,0,0,0,0,0.5,0.73
7,105,7105,0.86,,0.01,0,0.06,0,60.47,0,0.08,0,0.01,0,0,0,,0,0,3.33,4.34,,,0,0,0,0,0,0,0.46
7,106,7106,3.63,0,0.04,0,0.26,0,255.36,0,1.97,0.01,0.26,0.07,0,0.36,,0,0,0.14,56,,7.69,0,0,0,0,0,0,4.38
7,107,7107,4.33,,0.03,0,0.32,0,304.7,0,1.15,0.01,0.15,0.04,0,3.04,,0,0,333.18,58.04,,,0,0,0,0,0,0.06,4.88
7,108,7108,5.94,0,0.08,0,0.45,0,417.97,0,5.37,0.03,0.71,0.2,0,2.59,,0,0,122.23,49.91,,,0,0,0,0,0,0.1,4.18
7,109,7109,2.01,,0.02,0,0.13,0,141.34,0,0.47,0,0.06,0.02,0,0.27,,0,0,0.23,6.76,,,0,0,0,0,0,0.07,0.65
7,110,7110,0.38,,0,0,0,0,26.59,0,0.05,0,0.01,0,0,0.02,,0,0,,5.32,,,0,0,0,0,0,0.16,0.45
7,111,7111,1.98,,0,0,0.12,0,139.56,0,0.22,0,0.03,0.01,0,0.01,,0,0,14.28,12.12,,,0,0,0,0,0,0,1.02
7,112,7112,1.59,,0,0,0.09,0,111.91,0,0.03,0,0,0,0,0.03,,0,0,,9.84,,,0,0,0,0,0,0,0.9
7,113,7113,0.31,,0,0,0.02,0,22.04,0,0,0,0,0,0,,,0,0,,0,,,0,0,0,0,0,0,0
7,114,7114,0.97,,0.01,0,0.06,0,68.36,0,0.14,0,0.02,0.01,0,0.3,,0,0,,13.09,,,0,0,0,0,0,0,1.2
7,115,7115,0.7,,0,0,0.04,0,49,0,0.02,0,0,0,0,0.01,,0,0,,0,,,0,0,0,0,0,0,0
7,116,7116,0.54,,0,0,0.03,0,38.36,0,0.03,0,0,0,0,0.27,,0,0,,13.27,,,0,0,0,0,0,0,1.15
7,117,7117,0.42,,0,0,0.02,0,29.26,0,0.02,0,0,0,0,,,0,0,0.59,0,,,0,0,0,0,0,0,0
7,118,7118,0.2,,0,0,0.01,0,14.13,0,0,0,0,0,0,,,0,0,,0,,,0,0,0,0,0,0,0
7,119,7119,0.18,,0,0,0.01,0,12.82,0,0,0,0,0,0,,,0,0,,0,,,0,0,0,0,0,0,0
8,1,8001,0.75,0.01,0.03,0,0.19,0.06,52.69,0,1.26,0,0.2,0.01,0,0.07,,0,0,,55.37,,0.51,0,0,0,9.66,0.91,0,25.09
8,2,8002,1.27,0.01,0.03,0,0.03,0,31.46,0,1.68,0,0.27,0.01,0,0.07,,0,0,,46.48,,0.51,0,0,0,9.48,0.9,0.01,16.01
8,3,8003,0.53,0,0.01,0,0.14,0,37.13,0,0.11,0,0.02,0,0,0.07,,0,0,,49.82,,0.51,0,0,0,2.31,0.22,0,11.16
8,4,8004,0.4,0,0,0,0.07,0,36.08,0,0.03,0,0.01,0,0,,,0,0,,0,,,0,0,0,0,0,0,0
8,5,8005,1.43,0,0.06,0,0.04,0,100.61,0,19.08,0.02,3.05,0.1,0.0001,0.03,0.004226889,0,0,,50.24,,0.51,0,0,0,5.97,0.57,3.83,47.35
8,6,8006,0.37,,0,0,0.11,0,26.25,0,0.05,0,0.01,0,0,0.01,,0,0,,54,,0.51,0,0,0,0,0,0,38.15
8,7,8007,1.04,0,0.01,0,0.22,0,72.95,0,0.05,0,0.01,0,0,0.06,,0,0,12.19,17.28,,,0,0,0,0,0,0,14.64
8,8,8008,0.85,0.01,0,0,0.17,0,59.75,0,0.31,0,0.05,0,0,0,,0,0,4.73,2.27,,0.51,0,0,0,0,0,0,0.15
8,9,8009,1.91,,0.05,0,0.45,0,134.38,0,0.73,0,0.12,0,0,0.16,,0,0,22.39,17.02,,,0,0,0,3.7,0.35,0,2.72
8,10,8010,1.31,,0.03,0,0.33,0,92.26,0,12.23,0.01,1.96,0.06,0,0.08,,0,0,,63.47,,0.51,0,0,0,0,0,0,37.21
8,11,8011,3.01,0,0.13,0,0.74,0,212.12,0,6.48,0.01,1.04,0.03,0,0.68,,5.54,0,,74.65,,0.51,0,0,0,4.94,0.47,1.16,15.65
8,12,8012,0.53,,0,0,0.12,0,37.64,0,0.02,0,0,0,0,0.01,,0,0,,25.17,,,0,0,0,0,0,0,17.05
8,13,8013,0.54,0,0.01,0,0.14,0,37.8,0,0.05,0,0.01,0,0,,,0,0,27.78,22.55,,0.51,0,0,0,3,0.28,0,15.24
8,14,8014,0.13,,0,0,0.03,0,9.19,0,0.01,0,0,0,0,0.02,,0,0,,8.72,,0.51,0,0,0,0,0,0,3.12
8,15,8015,0.09,0,0,0,0.03,0,6.53,0,0,0,0,0,0,,,0,0,,4.66,,,0,0,0,0,0,0,0.18
8,16,8016,0.22,,0,0,0.06,0,15.52,0,0.01,0,0,0,0,0.02,,0,0,,17.51,,0.51,0,0,0,1.2,0.11,0,3.33
8,17,8017,8.6,,0.39,0,2.17,0,605.62,0,13.68,0.01,2.19,0.07,0,1.67,,21.89,0,,191.24,,0.51,0,0,0,3.18,0.3,0.32,153.93
8,18,8018,0.31,,0.01,0,0.08,0,21.72,0,0,0,0,0,0,,,0,0,,87.16,,0.51,0,0,0,0,0,0,63.91
8,19,8019,48.42,0.01,2.69,0,12.38,0,89.89,0.01,144.57,0.14,23.11,0.75,0.0005,8.78,,138.49,0.77,81.16,70.22,0.01,0.51,4.8,1.56,0,12.61,1.19,14.17,32.99
8,20,8020,0.48,,0,0,0.1,0,33.57,0,0,0,0,0,0,0.01,,0,0,10.06,2.59,,0.51,0,0,0,0,0,0,0.02
8,21,8021,8.12,,0.43,0,2.04,0,571.58,0,21.18,0.02,3.39,0.11,0.0001,1.43,,22.27,0,,45.34,,0.51,0,0,0,1.06,0.1,0.81,21.39
8,22,8022,0.17,,0,0,0.05,0,11.72,0,0,0,0,0,0,,,0,0,,11.08,,,0,0,0,0,0,0,7.97
8,23,8023,0.24,,0,0,0.05,0,16.96,0,3.2,0,0.51,0.02,0,0,,0,0,,13.11,,0.51,0,0,0,0,0,0,7.26
8,24,8024,0.24,,0.01,0,0.07,0,17.16,0,0.07,0,0.01,0,0,0,,0,0,,20.15,,,0,0,0,0,0,0,14.49
8,25,8025,0.48,,0.01,0,0.13,0,34.07,0,3.32,0,0.53,0.02,0,0.01,,0,0,,33.73,,,0,0,0,0,0,0,35.29
8,26,8026,0.2,,0,0,0.06,0,13.89,0,0,0,0,0,0,0.04,,0,0,,13.93,,,0,0,0,0,0,0,9.77
8,27,8027,2.93,0,0.03,0,0.59,0,206.15,0,0.81,0,0.13,0,0,0.13,,0,0,50.9,25.08,,,0,0,0,0,0,0,27.15
8,28,8028,0.58,,0.01,0,0.14,0,41.1,0,0.43,0,0.07,0,0,0,0.001576552,0,0,,8.73,,0.51,0,0,0,0,0,0,5.74
8,29,8029,3.31,0,0.01,0,0.62,0,232.99,0,2.16,0,0.34,0.01,0,0.02,,0,0,136.91,25.91,,,0,0,0,0,0,0,25.5
8,30,8030,0.51,,0,0,0.11,0,35.99,0,0.03,0,0.01,0,0,0.03,,0,0,21.98,3.75,,0.51,0,0,0,2.49,0.24,0,0.14
8,31,8031,2.38,,0.05,0,0.63,0,167.37,0,0.81,0,0.13,0,0,0.1,,2.11,0,7.52,122.3,,0.51,0,0,0,7.9,0.75,0,88.88
8,32,8032,6.61,0.01,0.38,0,1.6,0,465.13,0,10.61,0.01,1.7,0.06,0,1.51,,11.64,0,,7.76,,0.51,0,0,0,1.84,0.17,0.48,4.27
8,33,8033,0.07,,0,0,0.02,0,4.65,0,0.01,0,0,0,0,0,,0,0,,2.6,,,0,0,0,0,0,0,1.33
8,34,8034,0.42,,0.01,0,0.12,0,29.79,0,1.73,0,0.28,0.01,0,0.06,,0,0,,25.67,,,0,0,0,0,0,0,24.93
8,35,8035,0.52,,0.01,0,0.12,0,36.89,0,0.02,0,0,0,0,0,,0,0,10.31,49.57,,0.51,0,0,0,0,0,0,41.86
8,36,8036,2.58,0,0.11,0,0.6,0,181.83,0,4.33,0,0.69,0.02,0,0.4,,6.37,0,,134.98,,0.51,0,0,0,0,0,0.1,29.2
8,37,8037,83.81,0,3.56,0,20.14,0,83.92,0.01,431.55,0.43,68.98,2.25,0.0014,3.64,0.154584951,70.71,0.96,,8.83,,0.51,4.88,1.56,0,5.65,0.53,13.61,4.91
8,38,8038,0.29,0,0,0,0.08,0,20.25,0,0.04,0,0.01,0,0,0.01,,0,0,,14.58,,0.51,0,0,0,0,0,0,6.48
8,39,8039,0.25,0,0,0,0.07,0,17.59,0,0.05,0,0.01,0,0,0.01,,0,0,,23.74,,0.51,0,0,0,0.9,0.09,0,6.04
8,40,8040,2.04,0,0.05,0,0.52,0,143.92,0,1.54,0,0.25,0.01,0,0.13,,1.81,0,53.92,49.03,,0.51,0,0,0,5.78,0.55,0,44.34
8,41,8041,0.14,,0,0,0.03,0,9.51,0,0.06,0,0.01,0,0,,,0,0,0.07,1.69,,0.51,0,0,0,0,0,0,0.08
8,42,8042,0.1,,0,0,0.03,0,7.19,0,0.01,0,0,0,0,0,,0,0,28.63,0.56,,0.51,0,0,0,0,0,0,0.32
8,43,8043,0.2,,0,0,0.06,0,14.24,0,0.04,0,0.01,0,0,0.01,,0,0,,12.82,,,0,0,0,1.62,0.15,0,9.69
8,44,8044,0.27,0,0,0,0.07,0,19.34,0,0.18,0,0.03,0,0,0.04,,0,0,,11.26,,0.51,0,0,0,1.12,0.11,0.19,9.81
8,45,8045,2.64,,0.07,0,0.67,0,185.97,0,8.62,0.01,1.38,0.04,0,0.5,,2.25,0,,48.53,,0.51,0,0,0,0,0,0,25.58
8,46,8046,0.46,,0,0,0.09,0,32.23,0,0,0,0,0,0,,,0,0,,1.61,,,0,0,0,0,0,0,0
8,47,8047,0.33,,0,0,0.08,0,23.11,0,0.09,0,0.01,0,0,,,0,0,,3,,0.51,0,0,0,0,0,0,0.14
8,48,8048,1.3,,0.03,0,0.36,0,91.27,0,0.34,0,0.05,0,0,0.15,,0,0,,250.19,,,0,0,0,0,0,0,171.08
8,49,8049,0.18,,0,0,0.04,0,12.63,0,0.01,0,0,0,0,,,0,0,,4.65,,,0,0,0,0,0,0,3.97
8,50,8050,3.47,,0.2,0,0.87,0,244.48,0,44.79,0.04,7.16,0.23,0.0001,0.14,,8.08,0,,24.39,,0.51,0,0,0,3.5,0.33,0.13,18.32
8,51,8051,0.4,,0,0,0.09,0,28.3,0,0.01,0,0,0,0,,,0,0,4.56,4.06,,0.51,0,0,0,0,0,0.02,0.35
8,52,8052,1.35,0,0.07,0,0.36,0,95.06,0,1.08,0,0.17,0.01,0,0.1,0.002205946,4.2,0,,27.88,,0.51,0,0,0,4.3,0.41,0.05,23.36
8,53,8053,0.54,,0.01,0,0.14,0,38.26,0,0.24,0,0.04,0,0,0.1,,0,0,,10.81,,0.51,0,0,0,0,0,0,8.3
8,54,8054,0.5,,0,0,0.11,0,35.1,0,0.03,0,0,0,0,,,0,0,,100.15,,0.51,0,0,0,1.29,0.12,0,71.44
8,55,8055,1.02,,0.01,0,0.26,0,71.6,0,0.05,0,0.01,0,0,,,0,0,,33.17,,0.51,0,0,0,1.81,0.17,0,14.95
8,56,8056,0.13,,0,0,0.03,0,9.35,0,0,0,0,0,0,0,,0,0,,4.82,,,0,0,0,0,0,0,3.22
8,57,8057,0.14,,0,0,0.04,0,10.08,0,0.04,0,0.01,0,0,0.01,,0,0,,7.52,,0.51,0,0,0,0,0,0,0.04
8,58,8058,0.17,,0,0,0.05,0,11.99,0,0,0,0,0,0,0.01,,0,0,,9.38,,0.51,0,0,0,0,0,0,2.35
8,59,8059,0.31,0,0.01,0,0.08,0,21.74,0,0.6,0,0.1,0,0,0.03,,0,0,,1.42,,,0,0,0,0,0,0,0.94
8,60,8060,0.65,0,0.02,0,0.17,0,45.47,0,0.21,0,0.03,0,0,0.18,,0,0,,3.97,,,0,0,0,1.67,0.16,6.92,2.52
8,61,8061,0.25,,0,0,0.07,0,17.33,0,0.01,0,0,0,0,0,,0,0,,20.25,,,0,0,0,0,0,0,11.97
8,62,8062,1.82,0,0.05,0,0.45,0,128.09,0,1.62,0,0.26,0.01,0,0.27,,0.54,0,,63.53,,0.51,0,0,0,1.03,0.1,13.98,20.3
8,63,8063,0.4,0,0,0,0.11,0,28.39,0,0.04,0,0.01,0,0,0.02,,0,0,0.17,21.12,,,0,0,0,1.85,0.18,0,16.6
8,64,8064,0.12,,0,0,0.03,0,8.17,0,0,0,0,0,0,,,0,0,,3.32,,,0,0,0,0,0,0,2.8
8,65,8065,1.25,0,0,0,0.27,0,87.91,0,0.15,0,0.02,0,0,0.01,,0,0,26.47,7.86,,0.51,0,0,0,3.09,0.29,0,0.1
8,66,8066,0.51,0.01,0,0,0.11,0,35.65,0,0.01,0,0,0,0,0.01,,0,0,2.69,3.37,,0.51,0,0,0,0,0,0,0
8,67,8067,0.28,0,0.01,0,0,0,19.5,0,0.09,0,0.01,0,0,0.06,,0,0,,15.76,,,0,0,0,0,0,0,9.76
9,2,9002,27.14,,1.09,0.06,7.33,0.32,0,0,,0.92,13.65,2,0.0004,,,0.92,0.07,,0,,,0,0,0,0.94,0.09,0,0
9,3,9003,40.08,,1.23,0.07,11.14,0,0,0.01,,0.39,5.81,0.85,0.0002,,,11.27,0.1,1.37,0,0.2,,0,0,0,0,0,0.41,0
9,4,9004,11.08,0,0.35,0.02,2.7,0,19.84,0,,0.05,0.71,0.1,0,0,,3.92,0.06,3.33,0.19,,,0,0,0,0,0,2.12,0.03
9,5,9005,76.14,,1.84,0.1,19.55,0,0,0.01,,0.57,8.47,1.24,0.0003,,,3.39,0.19,5.1,0,0.2,,0,0,0,1.45,0.14,2.04,0
9,6,9006,25.21,,0.74,0.04,6.59,0,0,0,,0.73,10.79,1.58,0.0003,,,4.84,0.04,,0,,,0,0,0,0,0,0.57,0
9,7,9007,116.2,,2.65,0.15,28.35,0,0,0.02,,1.12,16.65,2.44,0.0005,,,6.65,0.29,3.21,0,,,0,0,0,0,0,0.3,0
9,8,9008,14.61,0,0.21,0.01,3.76,0,5.92,0,,0.02,0.33,0.05,0,0,,1.43,0.02,3.4,0.57,,,0,0,0,0.94,0.09,13.87,0.07
9,9,9009,7.4,0.06,0.11,0.01,1.73,0,85.07,0,,0.02,0.25,0.04,0,0,,0.01,0.01,110.31,13.97,,,0,0,0,0,0,0.1,4.97
9,10,9010,45.09,0,1.29,0.07,11.7,0,2.64,0.01,,0.3,4.5,0.66,0.0001,0,,4.11,0.2,2.28,0.15,0.2,,0,0,0,1.06,0.1,0,0.04
9,11,9011,21.96,0,0.35,0.02,5.38,0,21.95,0,,0.11,1.69,0.25,0.0001,0,,1.87,0.12,9.77,6.23,,,0,0,0,0.38,0.04,3.59,2.47
9,12,9012,38.77,0,1.11,0.06,9.9,0,63.74,0.01,,0.24,3.62,0.53,0.0001,0,,6.05,0.15,157.89,15.82,,,0,0,0,4.26,0.4,0.03,3.7
9,13,9013,25.81,,0.51,0.03,6.16,0,66.55,0,,0.17,2.45,0.36,0.0001,0,,2.75,0.16,14.48,2.3,,,0,0,0,0,0,9.58,0.65
9,14,9014,22.66,,2.03,0.11,7.85,0,0,0,,0.46,6.82,1,0.0002,,,3.72,0.06,,0,,,0,0,0,0,0,0.28,0
9,15,9015,33.27,,4.42,0.24,10.31,0,0,0,,0.75,11.07,1.62,0.0003,,,15.72,0.15,,0,,,0,0,0,0.35,0.03,14.29,0
9,16,9016,22.56,,2.27,0.13,6.81,0,0,0,,0.74,10.96,1.6,0.0003,,,7.83,0.08,,0,,,0,0,0,1.27,0.12,5.06,0
9,17,9017,28.55,,1.19,0.07,7.72,0,0,0,,0.27,3.95,0.58,0.0001,,,0.99,0.1,,0,0.2,,25.47,16.65,0,0,0,39.63,0
10,1,10001,1.87,0.01,0.07,0,0.36,0.16,131.89,0,1.26,0.01,0.2,0.02,0,1.02,,0,0,22.95,71.57,,0.43,0,0,0,3.02,0.29,0,64.53
10,2,10002,0.26,,0,0,0.05,0,18.38,0,0.13,0,0.02,0,0,0.54,,0,0,81.19,5.4,,0.43,0,0,0,0,0,0,0.93
10,3,10003,0.27,,0,0,0.05,0,19.36,0,0.01,0,0,0,0,0.64,,0,0,,5.83,,,0,0,0,0,0,0,4.09
10,4,10004,2.02,0,0.07,0,0.38,0,142.06,0,1.63,0.01,0.26,0.02,0,1.27,,0,0,,75.29,,0.43,0,0,0,2.73,0.26,2.21,1.45
10,5,10005,33.61,0,2.87,0,0.64,0,2366.38,0,36.3,0.27,5.8,0.56,0.0001,4.25,,87.58,0.27,119.44,99.41,0.01,0.43,1.67,0.68,0,12.57,1.19,6.39,84.78
10,6,10006,0.61,0.04,0.01,0,0.11,0,43,0,0.03,0,0,0,0,0.94,,0,0,,21.88,,0.43,0,0,0,0,0,0,25.5
10,7,10007,19.43,,1.5,0,3.7,0,479.53,0,70.35,0.52,11.25,1.08,0.0002,15.1,,43.81,0.2,,40.11,,,0,0,0,3.22,0.3,3.53,38.11
10,8,10008,2.05,0.08,0.16,0,0.39,0,144.04,0,3.2,0.02,0.51,0.05,0,0.82,,0,0,,73.59,,0.43,0,0,0,1.21,0.11,0.02,81.78
10,9,10009,0.65,0.01,0.01,0,0.13,0,45.94,0,0.07,0,0.01,0,0,0.87,,0,0,21.23,10.75,,,0,0,0,0,0,0.11,0.78
10,10,10010,0.27,,0,0,0.06,0,18.91,0,0.01,0,0,0,0,,,0,0,,31.36,,0.43,0,0,0,0,0,0,8.21
10,11,10011,0.31,,0,0,0.07,0,21.68,0,0.01,0,0,0,0,1.23,,0,0,,27.51,,,0,0,0,0,0,0.11,0.31
10,12,10012,8.24,0,0.26,0,1.51,0,260.1,0,21.45,0.16,3.43,0.33,0.0001,4.37,,2.71,0.03,,34.74,,0.43,0,0,0,2.97,0.28,0.21,26.14
10,13,10013,1.46,0.01,0.08,0,0.26,0,103.07,0,0.68,0.01,0.11,0.01,0,1.48,,0,0,,19.49,,0.43,0,0,0,7.58,0.72,0,18.29
10,14,10014,1.92,0.06,0.01,0,0.27,0,135.11,0,0.06,0,0.01,0,0,1.39,,0,0,410.7,24.57,,,0,0,0,0,0,0,5.44
10,15,10015,0.78,0,0.01,0,0.01,0,54.66,0,0.04,0,0.01,0,0,0.92,,0,0,,11.54,,0.43,0,0,0,0,0,0,11.47
10,16,10016,1.11,,0.02,0,0.02,0,77.81,0,1.77,0.01,0.28,0.03,0,0.45,,0,0,,23.05,,0.43,0,0,0,0,0,0,25.49
10,17,10017,0.59,,0.02,0,0.12,0,41.44,0,0.16,0,0.03,0,0,,,0,0,,28.37,,,0,0,0,0.79,0.08,0,1.59
10,18,10018,0.67,0,0.05,0,0.15,0,47.18,0,0.17,0,0.03,0,0,1.35,,0,0,,11.77,,,0,0,0,0,0,0.01,1.18
10,19,10019,0.29,0.02,0,0,0.05,0,20.41,0,0,0,0,0,0,0.47,,0,0,62.89,3.73,,,0,0,0,0,0,0.84,1.05
10,20,10020,0.76,0.06,0.03,0,0.15,0,677.91,0,0.41,0,0.07,0.01,0,0.44,,0,0,,35.2,,0.43,0,0,0,1.19,0.11,0,41.69
10,21,10021,0.63,,0.02,0,0.12,0,42.37,0,0.14,0,0.02,0,0,0.57,,0,0,,28.79,,0.43,0,0,0,2.24,0.21,0,34.04
10,22,10022,1.5,0.02,0.05,0,0.03,0,105.44,0,0.28,0,0.04,0,0,0.51,,0,0,,46.1,,0.43,0,0,0,0,0,0,50.73
10,23,10023,3.01,0.01,0.15,0,0.48,0,766.77,0,3.88,0.03,0.62,0.06,0,1.22,,0,0,303.02,13.48,,,0,0,0,0,0,0,0.59
10,24,10024,0.72,,0.04,0,0.13,0,50.46,0,0.11,0,0.02,0,0,2.25,,0,0,,13.28,,0.43,0,0,0,0,0,0,11.09
10,25,10025,0.24,,0,0,0.05,0,193.24,0,0.01,0,0,0,0,0.9,,0,0,,10.19,,,0,0,0,0,0,0,1.81
10,26,10026,1.23,0,0.02,0,0.21,0,86.73,0,0.32,0,0.05,0,0,1.07,,0,0,53.99,15.53,,,0,0,0,0,0,2.24,5.51
10,27,10027,0.37,0,0.01,0,0.07,0,26.32,0,0.27,0,0.04,0,0,0.59,,0,0,,6.63,,0.43,0,0,0,2.47,0.23,0,7.07
10,28,10028,0.68,0.01,0.02,0,0.13,0,47.78,0,0.12,0,0.02,0,0,0.94,,0,0,,25.07,,0.43,0,0,0,0,0,0,21.02
10,29,10029,0.13,,0,0,0.02,0,9.04,0,0.02,0,0,0,0,0.54,,0,0,,7.3,,0.43,0,0,0,0,0,0,7.21
10,30,10030,0.09,,0,0,0.02,0,6.68,0,0.01,0,0,0,0,2.82,,0,0,,6.1,,,0,0,0,0,0,0,6.59
10,31,10031,0.41,,0.02,0,0.08,0,305.68,0,0.02,0,0,0,0,0.41,,0,0,,22.31,,0.43,0,0,0,0,0,0,29.84
10,32,10032,2.65,0.01,0.15,0,0.05,0,186.64,0,1.97,0.01,0.32,0.03,0,1.66,,0,0,140.43,60.3,,0.43,0,0,0,3.64,0.34,2.62,42.87
10,33,10033,0.44,0.03,0.01,0,0.08,0,31.13,0,0.07,0,0.01,0,0,0.24,,0,0,,12.26,,0.43,0,0,0,0,0,0,12.85
10,34,10034,1.65,0,0.01,0,0.24,0,116.32,0,0.19,0,0.03,0,0,2.36,,0,0,86.23,15.51,,,0,0,0,0,0,0,0
10,35,10035,0.74,0.01,0.04,0,0.15,0,52.14,0,0.28,0,0.04,0,0,1.11,,0,0,37.99,16.19,,0.43,0,0,0,1.07,0.1,0,10.03
10,36,10036,1.27,,0.04,0,0.02,0,89.33,0,3.7,0.03,0.59,0.06,0,0.95,,0,0,,15.63,,,0,0,0,0,0,0.03,13.45
10,37,10037,0.51,,0.01,0,0.08,0,515.11,0,0.54,0,0.09,0.01,0,0.45,,0,0,6.92,5.72,,0.43,0,0,0,0,0,0.01,1.6
10,38,10038,1.32,,0.14,0,0.25,0,56.8,0,0.74,0.01,0.12,0.01,0,0.18,,0,0,,20.9,,0.43,0,0,0,0,0,0,26.53
10,39,10039,1.55,,0.08,0,0.03,0,108.94,0,1.59,0.01,0.25,0.02,0,1.03,,0,0,,68.77,,0.43,0,0,0,0,0,0,58.9
11,1,11001,4.92,0.02,0.04,0,1.01,0.03,346.4,0,1.84,0.01,0.32,0.01,0,3.13,,0,0,,106.18,,3.58,0,0,0,0.91,0.09,0.05,57.8
11,2,11002,6.49,0.01,0.11,0.01,1.51,0,457.24,0,3.33,0.01,0.58,0.02,0,1.4,,22.66,0,,42.9,,3.58,0,0,0,3.07,0.29,0.43,24.72
11,3,11003,8.89,0.02,0.14,0.01,1.77,0,625.89,0,6.55,0.02,1.15,0.03,0,0.72,,0,0,27.86,38.91,,3.58,0,0,0,2.95,0.28,0.09,21.36
11,4,11004,3.7,0,0.05,0,0.08,0,260.34,0,2.12,0.01,0.37,0.01,0,0.3,,0,0,6.55,35.28,,3.58,0,0,0,0,0,0.01,32.04
11,5,11005,4.71,,0.03,0,0.99,0,331.88,0,9.49,0.03,1.67,0.04,0,0.19,,2.2,0,,23.49,,3.58,0,0,0,1.95,0.18,0.37,19.32
11,6,11006,0.32,,0,0,0.07,0,22.62,0,0.01,0,0,0,0,0.02,,0,0,,0.96,,,0,0,0,0,0,0,0
11,7,11007,26.54,,0.59,0.03,6.1,0,1868.58,0,55.16,0.18,9.68,0.26,0.0002,1.84,,0,0,11.45,49.63,,3.58,0,0,0,2.51,0.24,3.52,35.88
11,8,11008,2.19,0,0.02,0,0.05,0,154.18,0,0.85,0,0.15,0,0,0.67,,0,0,7.04,60.35,,3.58,0,0,0,0,0,0,38.03
11,9,11009,4.48,,0.04,0,0.87,0,315.37,0,1.26,0,0.22,0.01,0,0.06,,0,0,,25.31,,3.58,0,0,0,0.86,0.08,0.21,24.35
11,10,11010,0.7,,0.01,0,0.17,0,49.3,0,0.74,0,0.13,0,0,0.24,,0.63,0,,3.79,,,0,0,0,0,0,0,3.81
11,11,11011,5.31,0,0.08,0,1.1,0,373.72,0,4.64,0.02,0.81,0.02,0,0.4,,14.25,0,,37.42,,3.58,0,0,0,0,0,0.01,22.44
11,12,11012,1.53,0,0.02,0,0.33,0,107.66,0,0.37,0,0.07,0,0,0.34,,0,0,23.97,21.95,,3.58,0,0,0,0,0,0,11.52
11,13,11013,1.36,0.02,0.01,0,0.27,0,95.72,0,0.22,0,0.04,0,0,0.89,,1.77,0,,15.79,,,0,0,0,0,0,0,14.39
11,14,11014,8.59,0,0.08,0,0.17,0,604.97,0,7.3,0.02,1.28,0.03,0,0.33,,0,0,1.35,40.61,,3.58,0,0,0,3.05,0.29,0.31,27.39
11,15,11015,9.79,0,0.16,0.01,2.09,0,689.09,0,2.86,0.01,0.5,0.01,0,0.32,,37.12,0,26.83,9.75,0.23,3.58,0,0,0,0,0,14,5.95
11,16,11016,1.18,0,0.01,0,0.03,0,82.93,0,0.2,0,0.04,0,0,2.01,,0.15,0,0.55,23.06,,3.58,0,0,0,0,0,0,11.69
11,17,11017,29.55,0,0.56,0.03,6.28,0,2080.81,0,40.21,0.13,7.06,0.19,0.0001,0.85,,48.31,0,13.69,132.73,,3.58,0,0,0,2.38,0.23,2.66,67.6
11,18,11018,2.03,,0.02,0,0.46,0,142.79,0,0.56,0,0.1,0,0,0.19,,4.04,0,,25.09,,3.58,0,0,0,0,0,0.04,17.65
11,19,11019,2.94,0.01,0.02,0,0.68,0,207.3,0,0.37,0,0.07,0,0,0.33,,9.67,0,,39,,3.58,0,0,0,0,0,0.01,35.31
11,20,11020,81.56,0.04,1.62,0.09,17,0,5742.7,0.01,199.99,0.66,35.11,0.93,0.0007,2.81,,106.18,0,19.4,59,,3.58,0,0,0,1.43,0.14,15.3,43.78
11,21,11021,2.98,,0.12,0.01,0.74,0,210.06,0,7.95,0.03,1.4,0.04,0,0.31,,0,0,,4.14,,,0,0,0,0,0,0.01,1.89
11,22,11022,1.31,0.01,0.01,0,0.26,0,92.47,0,0.25,0,0.04,0,0,0.32,,1.07,0,6.76,53.29,,3.58,0,0,0,0,0,0,18.9
11,23,11023,8.82,0,0.09,0.01,1.91,0,620.77,0,6.82,0.02,1.2,0.03,0,1.87,,3.93,0,13.64,170.76,,3.58,0,0,0,3.68,0.35,0.67,79.18
11,24,11024,0.62,,0.01,0,0.14,0,43.81,0,0.2,0,0.04,0,0,0.88,,0,0,,9.75,,3.58,0,0,0,0,0,0,5.22
11,25,11025,3.57,0,0.02,0,0.72,0,251.21,0,8.83,0.03,1.55,0.04,0,0.81,,0,0,,34.66,,3.58,0,0,0,0.5,0.05,0.07,21.71
11,26,11026,3.23,0,0.03,0,0.66,0,227.27,0,0.95,0,0.17,0,0,0.33,,1.88,0,0.94,49.89,,3.58,0,0,0,0,0,0,37.4
11,27,11027,14.91,0,0.24,0.01,3.41,0,1049.71,0,24.01,0.08,4.22,0.11,0.0001,1.49,,18.59,0,,124.46,,3.58,0,0,0,1.09,0.1,1.02,61.91
11,28,11028,5.9,0.02,0.09,0,1.37,0,415.22,0,3.73,0.01,0.66,0.02,0,0.67,,0,0,,58.89,,3.58,0,0,0,0.85,0.08,0.09,35.96
11,29,11029,2.2,0,0.01,0,0.44,0,154.57,0,0.43,0,0.08,0,0,0.2,,0,0,39.23,13.97,,,0,0,0,1.69,0.16,0,9.08
11,30,11030,6.12,0.01,0.05,0,1.15,0,430.88,0,1.18,0,0.21,0.01,0,0.74,,7.63,0,23.99,116.69,,3.58,0,0,0,2.86,0.27,0.02,48.14
11,31,11031,6.59,0.04,0.1,0.01,1.36,0,463.77,0,22.22,0.07,3.9,0.1,0.0001,1.32,,21.45,0,,37.83,,3.58,0,0,0,0,0,1.77,26.3
11,32,11032,3.78,0,0.04,0,0.79,0,266.07,0,9.01,0.03,1.58,0.04,0,0.61,,5.59,0,,26.11,,,0,0,0,1.31,0.12,6.55,23.45
11,33,11033,6.47,0,0.08,0,1.21,0,455.48,0,2.59,0.01,0.46,0.01,0,0.7,,13.43,0,,28.17,,,0,0,0,3.18,0.3,1.06,25.81
11,34,11034,0.29,,0,0,0.06,0,20.42,0,0.06,0,0.01,0,0,0.11,,0,0,,0.93,,,0,0,0,0,0,0,0.56
11,35,11035,4.49,0,0.05,0,0.87,0,315.98,0,3.77,0.01,0.66,0.02,0,0.39,,0,0,3.38,32.96,,3.58,0,0,0,0,0,0.14,24.35
11,36,11036,0.41,,0,0,0.1,0,28.71,0,0.08,0,0.01,0,0,0.07,,0,0,,6.93,,3.58,0,0,0,0,0,0,4.16
11,37,11037,9.39,0.01,0.12,0.01,1.81,0,661.05,0,21.7,0.07,3.81,0.1,0.0001,1.65,,0,0,6.76,34.02,,3.58,3.57,1.43,0,1.95,0.18,0.43,23.88
11,38,11038,0.65,,0.01,0,0.15,0,46.06,0,0.22,0,0.04,0,0,0.15,,0,0,,8.37,,3.58,0,0,0,0.47,0.04,0.1,4.81
11,39,11039,2.11,0,0.02,0,0.5,0,148.34,0,0.9,0,0.16,0,0,0.3,,3.35,0,,24.78,,3.58,0,0,0,0.58,0.06,0.02,19.14
11,40,11040,1.03,,0,0,0.19,0,72.5,0,0.09,0,0.02,0,0,0.03,,0,0,,1.34,,,0,0,0,0,0,0.01,0.85
11,41,11041,3.39,0.04,0.09,0,0.79,0,238.49,0,3.67,0.01,0.64,0.02,0,0.66,,0,0,,3.25,,,0,0,0,0,0,0.03,1.51
11,42,11042,8.16,0.03,0.09,0,1.74,0,574.88,0,1.9,0.01,0.33,0.01,0,1.58,,2.05,0,,117.67,,3.58,0,0,0,0,0,0.29,68.27
11,43,11043,1.22,0.01,0,0,0.24,0,85.87,0,0.11,0,0.02,0,0,0.07,,0.68,0,,5.32,,,0,0,0,0,0,0,1.38
11,44,11044,3.17,,0.04,0,0.65,0,223.1,0,9.45,0.03,1.66,0.04,0,0.09,,6.19,0,,39.12,,3.58,0,0,0,0.89,0.08,0.55,21.02
11,45,11045,0.68,,0,0,0.14,0,47.59,0,0.04,0,0.01,0,0,0.02,,0,0,,4.64,,,0,0,0,0,0,0,0.25
11,46,11046,4.05,0,0.04,0,0.95,0,285.08,0,1.42,0,0.25,0.01,0,0.65,,0,0,,33.86,,3.58,0,0,0,0,0,0.09,16.61
12,1,12001,45.8,0.01,0.66,0,5.73,0,680.85,0.01,13.78,0.02,0,0,0,0.36,,0,0.01,93.87,40.03,0.02,,3.26,1.01,23.15,0,0,6.09,1.24
12,2,12002,1.47,,0,0,0.01,0,103.46,0,0.04,0,0,0,0,0,,0,0,,7.67,,,0,0,0,0,0,0,0.33
12,3,12003,2.39,0,0.01,0,0.25,0,168.38,0,0.59,0,0,0,0,0,,0,0,4.6,24.67,,,0,0,0,0,0,0.02,0.99
12,4,12004,1.04,,0,0,0.09,0,72.96,0,0.04,0,0,0,0,0,,0,0,,5.35,,,0,0,0,0,0,0,0.24
12,5,12005,0.37,,0,0,0.04,0,26.28,0,0.05,0,0,0,0,0,,0,0,,1.69,,,0,0,0,0,0,0,0.04
12,6,12006,0.79,,0,0,0.09,0,55.63,0,0.2,0,0,0,0,2.03,,0,0,,6.24,,,0,0,0,0,0,0,0.22
12,7,12007,2,0.01,0.02,0,0.23,0,141.09,0,0.77,0,0,0,0,0,,0,0,,12.99,,,0,0,0,0,0,0,0.42
12,8,12008,0.49,,0,0,0.06,0,34.36,0,0.07,0,0,0,0,0,,0,0,,3.83,,,0,0,0,0,0,0,0.17
12,9,12009,0.33,,0,0,0.03,0,23.11,0,0,0,0,0,0,0,,0,0,1.68,2.37,,,0,0,0,0,0,0,0.1
12,10,12010,1.49,,0,0,0.15,0,105.01,0,0.1,0,0,0,0,0,,0,0,25.67,4.91,,,0,0,0,0,0,0,0.21
12,11,12011,3.73,,0.02,0,0.46,0,262.64,0,0.68,0,0,0,0,1.39,,0,0,82.43,55.23,,,0,0,0,0,0,0,0.83
12,12,12012,3.57,,0.01,0,0.34,0,251.5,0,0.39,0,0,0,0,1.58,,0,0,15.14,35.26,,,0,0,0,0,0,0,0.56
12,13,12013,0.86,,0,0,0.1,0,60.42,0,0.14,0,0,0,0,0,,0,0,,24.5,,,0,0,0,0,0,0,0.25
12,14,12014,0.92,0,0,0,0.01,0,64.9,0,0.28,0,0,0,0,0,,0,0,,7.84,,,0,0,0,0,0,0,0.08
12,15,12015,0.78,,0,0,0.1,0,54.58,0,3.03,0,0,0,0,0,,0,0,2.36,1.63,,,0,0,0,1.32,0.12,0.12,0.07
12,16,12016,0.85,,0,0,0.1,0,59.72,0,0.05,0,0,0,0,0,,0,0,,9.09,,,0,0,0,0,0,0,0.32
12,17,12017,0.89,,0,0,0.11,0,62.38,0,0.27,0,0,0,0,0,,0,0,,7.03,,,0,0,0,1.49,0.14,0,0.26
12,18,12018,0.76,,0,0,0.09,0,53.45,0,0.21,0,0,0,0,0,,0,0,,12.27,,,0,0,0,0,0,0.02,0.17
12,19,12019,0.88,,0,0,0.08,0,61.77,0,5.03,0.01,0,0,0,0,,0,0,,4.26,,,0,0,0,0,0,0,0.18
12,20,12020,1.11,,0,0,0.11,0,77.9,0,0.08,0,0,0,0,0,,0,0,,4.38,,,0,0,0,0,0,0.01,0.19
12,21,12021,4.41,0,0.01,0,0.54,0,380.92,0,0.54,0,0,0,0,0,,0,0,128.46,35.77,,,0,0,0,0,0,0.05,1.07
12,22,12022,2.68,0,0.01,0,0.32,0,188.6,0,0.45,0,0,0,0,1.87,,0,0,15.51,28.46,,,0,0,0,0,0,0.5,1.19
12,23,12023,1.5,,0.01,0,0.17,0,105.76,0,0.48,0,0,0,0,0,,0,0,,37.33,,,0,0,0,0,0,0,0.24
12,24,12024,0.43,,0,0,0.05,0,30.63,0,0.02,0,0,0,0,0,,0,0,,2.8,,,0,0,0,0,0,0,0.12
12,25,12025,0.93,,0,0,0.1,0,65.39,0,0.06,0,0,0,0,0,,0,0,,14.25,,,0,0,0,0,0,0,0.38
12,26,12026,0.57,,0,0,0.07,0,39.88,0,0.05,0,0,0,0,0,,0,0,,3.78,,,0,0,0,0,0,0,0.15
12,27,12027,1.32,0.01,0,0,0.17,0,93.14,0,0.24,0,0,0,0,0,,0,0,,14.97,,,0,0,0,0,0,0,0.58
12,28,12028,6.71,,0.03,0,0.7,0,472.44,0,3.18,0,0,0,0,0,,0,0,2.9,18.91,,,0,0,0,0,0,0.04,0.8
12,29,12029,13.67,0,0.14,0,1.55,0,962.53,0,3.77,0.01,0,0,0,10.74,,14.29,0,736.93,13.46,,,0,0,0,0,0,2.06,0.56
12,30,12030,1.19,,0.01,0,0.13,0,84.08,0,0.18,0,0,0,0,0,,0,0,,15.83,,,0,0,0,0,0,0,0.21
12,31,12031,0.41,,0,0,0.05,0,28.73,0,0.04,0,0,0,0,0,,0,0,,4.59,,,0,0,0,0,0,0,0.18
12,32,12032,2.21,,0,0,0.21,0,155.26,0,0.16,0,0,0,0,0,,0,0,25.33,17.62,,,0,0,0,0,0,0,0.76
12,33,12033,0.88,0,0,0,0.1,0,62.03,0,0.15,0,0,0,0,0,,0,0,4.91,3.93,,,0,0,0,0,0,0,0.14
12,34,12034,2.24,,0.02,0,0.29,0,157.51,0,1.53,0,0,0,0,0,,0,0,30.03,12.97,,,0,0,0,0,0,0.06,0.54
12,35,12035,8.2,0,0.13,0,1.01,0,577.12,0,4.57,0.01,0,0,0,0,,6.38,0,,9.92,,,0,0,0,0.82,0.08,0.19,0.37
12,36,12036,0.66,,0,0,0.07,0,46.33,0,0.08,0,0,0,0,0,,0,0,,31.37,,,0,0,0,0,0,0.04,0.21
12,37,12037,0.39,,0,0,0.05,0,27.43,0,0.32,0,0,0,0,0,,0,0,,2.39,,,0,0,0,0,0,0.01,0.1
12,38,12038,6.68,0,0.12,0,0.88,0,470.03,0,2.12,0,0,0,0,0,,22.74,0,,13.24,,,1.18,0.5,0,0,0,0.22,0.43
12,39,12039,1.46,0,0.01,0,0.17,0,102.47,0,0.6,0,0,0,0,0,,0,0,34.26,15.03,,,0,0,0,0,0,0.11,0.32
12,40,12040,1.47,0,0,0,0.15,0,103.26,0,5.87,0.01,0,0,0,0,,0,0,8.09,11.56,,,0,0,0,0,0,0,0.46
12,41,12041,1.7,,0,0,0.16,0,119.58,0,0.01,0,0,0,0,0,,0,0,38.19,13.17,,,0,0,0,0,0,0,0.32
12,42,12042,0.97,0.01,0,0,0.1,0,68.62,0,0.07,0,0,0,0,0,,0,0,4.37,4.68,,,0,0,0,0,0,0,0.2
12,43,12043,1.11,,0,0,0.1,0,78.17,0,0.01,0,0,0,0,0,,0,0,4.11,7.01,,,0,0,0,0,0,0,0.28
12,44,12044,0.68,,0,0,0.08,0,48.12,0,0.08,0,0,0,0,0,,0,0,64.01,4.72,,,0,0,0,0,0,0,0.17
12,45,12045,1.43,,0,0,0.14,0,100.81,0,0.32,0,0,0,0,0,,0,0,,6.44,,,0,0,0,0,0,0,0.29
12,46,12046,3.53,,0.02,0,0.38,0,248.4,0,1.56,0,0,0,0,0,,0,0,,41.95,,,0,0,0,0,0,0.03,0.61
12,47,12047,0.45,,0,0,0.05,0,31.39,0,0.01,0,0,0,0,0,,0,0,,4.2,,,0,0,0,0,0,0,0.18
12,48,12048,2.84,,0.02,0,0.34,0,199.88,0,0.81,0,0,0,0,0,,0,0,8.59,22.15,,,0,0,0.33,0,0,0.09,0.57
12,49,12049,0.7,,0,0,0.09,0,49.58,0,0.43,0,0,0,0,0,,0,0,,4.2,,,0,0,0,0,0,0.06,0.18
12,50,12050,2.33,,0.04,0,0.03,0,163.85,0,2.27,0,0,0,0,0,,6.28,0,0.27,3.18,,,0,0,0,0,0,0,0.1
12,51,12051,2.13,,0,0,0.23,0,149.92,0,0.13,0,0,0,0,0,,0,0,9.31,12.14,,,0,0,0,0,0,0,0.51
12,52,12052,2.67,0,0.01,0,0.25,0,188.19,0,0.33,0,0,0,0,0,,0,0,15.39,35.81,,,0,0,0,0,0,0,0.99
12,53,12053,2.87,,0.01,0,0.33,0,202.01,0,0.64,0,0,0,0,0,,0,0,,45.83,,,0,0,0,0,0,0,1.15
12,54,12054,1.73,,0,0,0.17,0,121.46,0,0.12,0,0,0,0,0,,0,0,32.73,16.08,,,0,0,0,0,0,0.01,0.63
12,55,12055,6.31,0,0.08,0,0.77,0,444.17,0,14.78,0.02,0,0,0,0,,0,0,,9.29,,,0,0,0,0,0,3.5,0.39
12,56,12056,2.72,,0,0,0.28,0,191.5,0,0.19,0,0,0,0,0,,0,0,31.31,29.07,,,0,0,0,0,0,0,0.44
12,57,12057,3.69,0,0.03,0,0.48,0,259.92,0,2.68,0,0,0,0,0,,0,0,118.21,44.4,,,0,0,0,0,0,0,0.59
12,58,12058,3.3,0,0.02,0,0,0,232.11,0,0.75,0,0,0,0,0,,0,0,,13.89,,,0,0,0,0,0,0.03,0.55
12,59,12059,1.85,0,0,0,0.23,0,130.25,0,1.31,0,0,0,0,0,,0,0,,8.92,,,0,0,0,0,0,0.05,0.37
12,60,12060,0.81,,0,0,0.01,0,57.07,0,0.28,0,0,0,0,0,,0,0,23.64,3.27,,,0,0,0,0,0,0,0.14
12,61,12061,2.38,,0.02,0,0.03,0,167.6,0,0.62,0,0,0,0,0,,0,0,6.73,3.91,,,0,0,0,0,0,0.37,0.16
12,62,12062,1.15,,0,0,0.11,0,81.12,0,0.76,0,0,0,0,0,,0,0,1.46,16.56,,,0,0,0,0,0,0,0.39
12,63,12063,0.56,,0,0,0.06,0,39.24,0,0.03,0,0,0,0,0,,0,0,,2.11,,,0,0,0,0,0,0,0.09
12,64,12064,0.72,,0,0,0.09,0,50.71,0,0.32,0,0,0,0,0,,0,0,,6.08,,,0,0,0,0,0,0,0.23
12,65,12065,0.42,,0,0,0,0,29.36,0,0.03,0,0,0,0,0,,0,0,,2.45,,,0,0,0,0,0,0,0.11
12,66,12066,4.2,0,0.03,0,0.41,0,295.49,0,0.75,0,0,0,0,0,,0,0,29.48,8.73,,,0,0,0,0,0,0.08,0.32
12,67,12067,1.34,,0.01,0,0.16,0,94.31,0,0.46,0,0,0,0,0,,0,0,,7.36,,,0,0,0,0,0,0,0.3
12,68,12068,1.61,0.01,0,0,0.19,0,113.36,0,0.12,0,0,0,0,0,,0,0,1.34,11.8,,,0,0,0,0,0,0,0.33
12,69,12069,0.81,,0,0,0.01,0,56.68,0,0.01,0,0,0,0,0,,0,0,,1.67,,,0,0,0,0,0,0,0.07
12,70,12070,0.45,,0,0,0.01,0,31.47,0,0.04,0,0,0,0,0,,0,0,,1.2,,,0,0,0,0,0,0,0.05
12,71,12071,1.61,,0,0,0.17,0,113.14,0,0.81,0,0,0,0,0,,0,0,,12.97,,,0,0,0,0,0,0,0.37
12,72,12072,0.61,,0,0,0.06,0,43.14,0,0.01,0,0,0,0,0,,0,0,,2.02,,,0,0,0,0,0,0,0.09
12,73,12073,1.28,,0,0,0.15,0,90.1,0,0.17,0,0,0,0,0,,0,0,,20.46,,,0,0,0,0,0,0,0.72
12,74,12074,1.26,,0,0,0.13,0,88.6,0,0.34,0,0,0,0,0,,0,0,,6.58,,,0,0,0,0,0,0,0.28
12,75,12075,2.57,0.01,0.01,0,0.26,0,181.2,0,3.43,0,0,0,0,0,,0,0,19.39,8.61,,,0,0,0,0,0,2.05,0.37
12,76,12076,1.82,,0,0,0.18,0,128.17,0,0.01,0,0,0,0,0.68,,0,0,,5.19,,,0,0,0,0,0,0,0.22
12,77,12077,0.75,,0,0,0.09,0,53.02,0,0.2,0,0,0,0,0,,0,0,,7.58,,,0,0,0,0,0,0,0
12,78,12078,0.99,,0,0,0.09,0,69.97,0,0,0,0,0,0,0,,0,0,,0,,,0,0,0,0,0,0,0
12,79,12079,0.92,,0,0,0.01,0,64.81,0,0.03,0,0,0,0,0,,0,0,,0,,,0,0,0,0,0,0,0
12,80,12080,0.4,,0,0,0.05,0,28.04,0,0,0,0,0,0,0,,0,0,,0,,,0,0,0,0,0,0,0
12,81,12081,0.64,,0,0,0.06,0,45.11,0,0,0,0,0,0,0,,0,0,,0,,,0,0,0,0,0,0,0
13,1,13001,1.14,0.01,0.01,0,0.32,0.01,80.49,0,0.3,0,0.03,0.01,0,0.35,,0,0,3.17,15.72,,0.08,0,0,0,0,0,0.02,5.64
13,2,13002,2.23,,0.03,0,0.5,0,156.78,0,0.52,0,0.06,0.01,0,0.15,,0,0,5.18,11.21,,,0,0,0,0,0,0,1.32
13,3,13003,3.1,,0.2,0,0.85,0,218,0,4.63,0.04,0.5,0.12,0,0.26,,0,0,,6.34,,0.08,0,0,0,0,0,0,5.93
13,4,13004,0.54,,0.01,0,0.15,0,37.94,0,0.12,0,0.01,0,0,0.18,,0,0,0.27,3.51,,,0,0,0,0,0,0.2,2.25
13,5,13005,1.03,,0.04,0,0.29,0,72.39,0,2.79,0.02,0.3,0.07,0,0.15,,0,0,,13.21,,0.08,0,0,0,1.38,0.13,0.01,13.12
13,6,13006,1.08,0,0.01,0,0.31,0,75.75,0,0.21,0,0.02,0.01,0,0.24,,0,0,,15.34,,0.08,0,0,0,0,0,0.01,13.56
13,7,13007,0.68,,0.01,0,0.19,0,47.8,0,0.32,0,0.03,0.01,0,0.09,,0,0,5.47,29.25,,,0,0,0,0.51,0.05,0,21.88
13,8,13008,2.5,,0.11,0,0.72,0,176.34,0,2.09,0.02,0.23,0.06,0,0.2,,0,0,,59.05,,0.08,0,0,0,1.29,0.12,0.02,44.14
13,9,13009,0.96,,0.01,0,0.03,0,67.56,0,0.15,0,0.02,0,0,0.15,,0,0,0.17,2.76,,,0,0,0,0,0,0.01,2.74
13,10,13010,1.58,0,0.05,0,0.43,0,45.78,0,18.52,0.15,2,0.49,0.0001,0.14,,0,0,,3.14,,0.08,0,0,0,0.38,0.04,0,3.19
13,11,13011,1.2,0,0.01,0,0.29,0,84.33,0,0.12,0,0.01,0,0,0.12,,0,0,,6.6,,0.08,0,0,0,0,0,0,0.1
13,12,13012,1.52,0,0.05,0,0.43,0,107.04,0,0.43,0,0.05,0.01,0,0.35,,0,0,0.23,10.68,,0.08,0,0,0,0,0,0,10.22
13,13,13013,1.69,0.01,0.08,0,0.46,0,78.2,0,2.13,0.02,0.23,0.06,0,0.16,,0,0,,3.7,,0.08,0,0,0,0.49,0.05,0.79,3.62
13,14,13014,1.01,,0.02,0,0.29,0,71.06,0,0.11,0,0.01,0,0,0.08,,0,0,0.59,10.87,,0.08,0,0,0,0,0,0,0
13,15,13015,1.01,0,0,0,0.28,0,71.33,0,0.08,0,0.01,0,0,0.12,,0,0,0.81,6.43,,,0,0,0,0,0,0.02,2.44
13,16,13016,2.91,0,0.07,0,0.78,0,208.01,0,2.21,0.02,0.24,0.06,0,0.14,,0,0,1.28,33.72,,0.08,0,0,0,1.34,0.13,0,18.36
13,17,13017,0.73,0,0.01,0,0,0,51.17,0,0.36,0,0.04,0.01,0,0.32,,0,0,,7.59,,,0,0,0,0.73,0.07,0.01,4.52
13,18,13018,1.31,,0.02,0,0.35,0,92.46,0,0.13,0,0.01,0,0,0.41,,0,0,,6.37,,0.08,0,0,0,0,0,0,0
13,19,13019,0.98,,0.01,0,0.27,0,68.67,0,0.03,0,0,0,0,0.17,,0,0,,7.3,,0.08,0,0,0,0,0,0,8.16
13,20,13020,0.15,0,0,0,0.05,0,10.86,0,0,0,0,0,0,0.08,,0,0,,2.3,,,0,0,0,0,0,0,0.95
13,21,13021,0.79,,0.03,0,0.22,0,55.31,0,0.88,0.01,0.09,0.02,0,0.08,,0,0,,6.88,,,0,0,0,1.11,0.1,0,5.05
13,22,13022,0.74,0,0.01,0,0.21,0,78.16,0,0.27,0,0.03,0.01,0,0.09,,0,0,3.15,20.1,,,0,0,0,0,0,0.04,16.53
13,23,13023,1.88,,0.05,0,0.51,0,132.4,0,0.35,0,0.04,0.01,0,0.07,,0,0,,10.85,,,0,0,0,0,0,0.01,11.3
13,24,13024,0.97,0.01,0.01,0,0.26,0,68.3,0,0.03,0,0,0,0,0.19,,0,0,0.2,10.03,,,0,0,0,0,0,0,9.72
13,25,13025,1.44,0.01,0.01,0,0.37,0,101.19,0,0.3,0,0.03,0.01,0,0.27,,0,0,,11.81,,0.08,0,0,0,0,0,0,0.8
13,26,13026,0.76,,0,0,0.17,0,53.3,0,0,0,0,0,0,0.16,,0,0,,4.56,,0.08,0,0,0,0,0,0,0
13,27,13027,1.46,,0.01,0,0.37,0,103.02,0,0.11,0,0.01,0,0,0.29,,0,0,,11.98,,0.08,0,0,0,0,0,0,0
13,28,13028,7.39,0,0.27,0.01,1.71,0,520.25,0,1.91,0.02,0.21,0.05,0,0.66,,0,0,,23.48,,0.08,0,0,0,0,0,0.43,1.87
13,29,13029,2.54,0,0.08,0,0.7,0,178.53,0,3.26,0.03,0.35,0.09,0,0.52,,0,0,,21.21,,,0,0,0,2,0.19,2.47,16.96
13,30,13030,4.72,0,0.23,0,1.31,0,332.06,0,1.3,0.01,0.14,0.03,0,0.41,,0,0,,24.13,,0.08,0,0,0,0,0,0,19.25
13,31,13031,0.77,0,0.02,0,0.24,0,54.17,0,0.11,0,0.01,0,0,0.23,,0,0,,3.8,,,0,0,0,0,0,0.01,1.96
13,32,13032,0.66,0,0.01,0,0.16,0,46.12,0,0.65,0.01,0.07,0.02,0,0.11,,0,0,,2.3,,0.08,0,0,0,0,0,0,0
13,33,13033,0.18,,0,0,0.06,0,12.67,0,0,0,0,0,0,0.06,,0,0,0.93,1.34,,,0,0,0,0,0,0,0
13,34,13034,0.61,,0,0,0.16,0,42.87,0,0,0,0,0,0,0.08,,0,0,4.2,4.63,,0.08,0,0,0,0,0,2.37,0
13,35,13035,0.59,0,0.01,0,0.16,0,41.69,0,0.24,0,0.03,0.01,0,0.15,,0,0,0.18,11.86,,,0,0,0,0.72,0.07,0.17,10.45
13,36,13036,0.55,0,0.01,0,0.17,0,38.45,0,0.05,0,0.01,0,0,0.06,,0,0,0.05,5.93,,,0,0,0,0,0,0,1.28
13,37,13037,1.28,0,0.01,0,0.4,0,90.42,0,0.08,0,0.01,0,0,0.07,,0,0,,11.95,,,0,0,0,0,0,0,10.18
13,38,13038,0.43,,0,0,0.12,0,30.17,0,0,0,0,0,0,0.07,,0,0,0.03,4.42,,,0,0,0,0,0,0,1.18
13,39,13039,0.76,,0.03,0,0.21,0,20.2,0,0.19,0,0.02,0,0,0.11,,0,0,1.34,0.97,,,0,0,0,0,0,0.28,0.45
13,40,13040,0.64,,0,0,0.19,0,45.36,0,0.02,0,0,0,0,0.26,,0,0,,2.5,,,0,0,0,0,0,0,0
13,41,13041,2.41,0,0.11,0,0.67,0,169.6,0,1.16,0.01,0.13,0.03,0,0.12,,0,0,,15.3,,0.08,0,0,0,0,0,0.44,16.74
13,42,13042,0.66,,0.01,0,0.19,0,46.66,0,0.08,0,0.01,0,0,0.08,,0,0,,4.14,,0.08,0,0,0,0,0,0,0
13,43,13043,0.4,,0,0,0.11,0,27.87,0,0.02,0,0,0,0,0.13,,0,0,,1.04,,,0,0,0,0,0,0.03,0.1
13,44,13044,0.96,0,0.01,0,0.29,0,67.84,0,0.15,0,0.02,0,0,0.39,,0,0,,11.11,,,0,0,0,3.04,0.29,0,9.12
13,45,13045,0.48,,0.01,0,0.13,0,33.83,0,0.01,0,0,0,0,0.12,,0,0,0.59,2.27,,,0,0,0,0,0,0,0.89
13,46,13046,2.46,,0.04,0,0.6,0,172.86,0,0.71,0.01,0.08,0.02,0,0.76,,0,0,,14.53,,0.08,0,0,0,0,0,0,0.39
13,47,13047,0.29,,0,0,0.09,0,20.32,0,0,0,0,0,0,0.08,,0,0,,0.96,,,0,0,0,0,0,0,0.2
13,48,13048,17.59,,1.44,0.03,5.29,0,46.01,0,11.76,0.09,1.27,0.31,0,0.07,,0,0.07,2.33,8.84,0.02,0.08,0,0,0,0.84,0.08,9.32,6.83
13,49,13049,1.1,,0.01,0,0.27,0,77.35,0,0.09,0,0.01,0,0,0.35,,0,0,0.1,6.06,,,0,0,0,0,0,0,0.2
13,50,13050,1.26,,0.09,0,0.34,0,88.39,0,0.86,0.01,0.09,0.02,0,0.05,,0,0,,6.61,,0.08,0,0,0,0,0,1.24,6.64
13,51,13051,4.38,,0.13,0,1.36,0,82.18,0,7.94,0.06,0.86,0.21,0,0.26,,0,0.02,1.95,8.47,,,0,0,0,0.75,0.07,1.56,6.26
13,52,13052,1.73,0,0.04,0,0.46,0,154.69,0,0.66,0.01,0.07,0.02,0,0.18,,0,0,20.46,16.2,,0.08,0,0,0,1.43,0.14,0.02,10.57
13,53,13053,1.14,,0.01,0,0.03,0,80.15,0,0.07,0,0.01,0,0,0.25,,0,0,1.74,7.85,,0.08,0,0,0,0,0,0,0
13,54,13054,1.83,,0.01,0,0.49,0,128.67,0,0.11,0,0.01,0,0,0.1,,0,0,,9.4,,0.08,0,0,0,0,0,0.01,10.02
13,55,13055,0.9,0.02,0.01,0,0.25,0,63.2,0,0.23,0,0.02,0.01,0,0.18,,0,0,,3.8,,,0,0,0,0,0,0,3.9
13,56,13056,1.87,0,0.03,0,0.53,0,72.95,0,1.75,0.01,0.19,0.05,0,0.16,,0,0,8.85,6.01,,0.08,0,0,0,0.77,0.07,0,1.58
13,57,13057,0.84,0,0.02,0,0.24,0,59.05,0,0.5,0,0.05,0.01,0,0.11,,0,0,9.93,31.69,,0.08,0,0,0,1.63,0.15,0.02,22.29
13,58,13058,0.98,,0.02,0,0.29,0,69.33,0,0.05,0,0.01,0,0,0.19,,0,0,,11.49,,,0,0,0,0,0,0,7.46
13,59,13059,2.02,0.01,0.03,0,0.56,0,142.03,0,0.27,0,0.03,0.01,0,0.42,,0,0,,16.96,,,0,0,0,1.18,0.11,0.02,18.3
13,60,13060,1.01,,0.01,0,0.26,0,70.96,0,0.06,0,0.01,0,0,0.17,,0,0,,4.71,,0.08,0,0,0,0,0,0,1.06
13,61,13061,3.18,,0.18,0,0.1,0,223.99,0,5.17,0.04,0.56,0.14,0,0.15,,0,0,0.2,20.63,,0.08,0,0,0,1.36,0.13,0.03,15.4
13,62,13062,1.74,,0,0,0.41,0,122.39,0,0,0,0,0,0,0.16,,0,0,,8.79,,0.08,0,0,0,0,0,0.01,0
13,63,13063,4.45,0.02,0.18,0,1.24,0,313.42,0,28.83,0.23,3.11,0.77,0.0001,0.45,,0,0,,13.02,,0.08,0,0,0,0.79,0.07,0.03,12.58
13,64,13064,0.57,0,0.01,0,0.17,0,39.96,0,0.07,0,0.01,0,0,0.09,,0,0,,4.26,,,0,0,0,1.34,0.13,0,4.48
13,65,13065,0.62,,0.02,0,0.17,0,43.57,0,0.15,0,0.02,0,0,0.1,,0,0,,2.7,,0.08,0,0,0,0,0,0,2.72
13,66,13066,0.68,,0.03,0,0.18,0,48.18,0,1.11,0.01,0.12,0.03,0,0.21,,0,0,,7.98,,,0,0,0,0.84,0.08,0.11,6.53
13,67,13067,2.67,,0.09,0,0.72,0,188.31,0,0.61,0,0.07,0.02,0,0.17,,0,0,2.64,14.6,,0.08,0,0,0,0,0,0.01,14.8
13,68,13068,0.86,,0,0,0.25,0,60.56,0,0.02,0,0,0,0,0.08,,0,0,0.53,7.43,,0.08,0,0,0,0,0,0,0
13,69,13069,3.61,,0.23,0.01,1,0,85.72,0,19.22,0.15,2.08,0.51,0.0001,0.27,,0,0,,11.61,,0.08,0,0,0,1.38,0.13,0.02,0
13,70,13070,0.98,,0.05,0,0.26,0,31.62,0,0.46,0,0.05,0.01,0,0.11,,0,0,,3.8,,,0,0,0,0,0,0.01,3.93
13,71,13071,0.59,,0,0,0.02,0,41.62,0,0,0,0,0,0,0.09,,0,0,,4.19,,,0,0,0,0,0,0,0.44
13,72,13072,0.55,,0.02,0,0.16,0,38.92,0,0.31,0,0.03,0.01,0,0.07,,0,0,,9.46,,,0,0,0,0.81,0.08,0.04,7.17
13,73,13073,2.15,,0.02,0,0.52,0,151.39,0,0.13,0,0.01,0,0,0.13,,0,0,,13.3,,0.08,0,0,0,0,0,0,0
13,74,13074,1.58,,0.08,0,0.41,0,8.98,0,1.38,0.01,0.15,0.04,0,0.07,,0,0,,6.69,,0.08,0,0,0,0.74,0.07,0,7.16
13,75,13075,0.75,,0.03,0,0,0,52.78,0,1.03,0.01,0.11,0.03,0,0.08,,0,0,21.45,11.98,,0.08,0,0,0,0,0,0,9.12
13,76,13076,5.95,0,0.4,0.01,1.76,0,214.19,0,5.55,0.04,0.6,0.15,0,0.36,,0,0,,16.54,,0.08,0,0,0,3.17,0.3,1.21,16.74
13,77,13077,8.29,0,0.64,0.01,2.31,0,115.98,0,9.25,0.07,1,0.25,0,0.34,,0,0,8.62,23.6,,0.08,0,0,0,1.36,0.13,0.64,7.64
13,78,13078,1.16,0,0,0,0.26,0,81.58,0,0.03,0,0,0,0,0.06,,0,0,,8.63,,0.08,0,0,0,0,0,0,0.27
13,79,13079,0.44,,0,0,0.13,0,31.25,0,0.01,0,0,0,0,0.06,,0,0,,4.19,,0.08,0,0,0,0,0,0.58,0
13,80,13080,1.42,0,0.01,0,0.34,0,99.92,0,0.03,0,0,0,0,0.08,,0,0,,8.49,,0.08,0,0,0,0,0,0,0.14
13,81,13081,1.66,,0.05,0,0.5,0,116.76,0,2.7,0.02,0.29,0.07,0,0.07,,0,0,2.33,2.09,,0.08,0,0,0,0,0,0,0
13,82,13082,1.05,0,0.03,0,0.29,0,0.48,0,1.91,0.02,0.21,0.05,0,0.13,,0,0,0.67,16.41,,0.08,0,0,0,0,0,0,12.45
13,83,13083,1.74,0,0.02,0,0.5,0,163.45,0,0.48,0,0.05,0.01,0,0.19,,0,0,0.98,38.82,,0.08,0,0,0,2.16,0.2,0.32,30.97
13,84,13084,2.2,0,0.08,0,0.62,0,154.91,0,0.76,0.01,0.08,0.02,0,0.12,,0,0,0.81,3.26,,,0,0,0,0,0,1.59,2.86
14,1,14001,1.18,0.01,0.01,0,0.04,0.01,83.35,0,1.69,0,0.3,0.01,0,0.15,,0,0,,15.97,,4.66,0,0,0,0,0,0,15.76
14,2,14002,1.44,,0.02,0,0.46,0.01,101.28,0,1.39,0,0.24,0.01,0,0.18,,0,0,,5.23,,4.66,0,0,0,1.39,0.13,0.05,4.59
14,3,14003,1.37,,0.02,0,0.5,0.01,96.45,0,0.75,0,0.13,0,0,0.21,,0,0,3.35,16.74,,4.66,0,0,0,0.87,0.08,0,15.24
14,4,14004,0.32,,0,0,0.12,0,22.76,0,0.07,0,0.01,0,0,0.04,,0,0,,7.21,,4.66,0,0,0,1.11,0.1,0,4.11
14,5,14005,0.86,,0.01,0,0.29,0,60.37,0,1.53,0,0.27,0.01,0,0.11,,0,0,6.82,7.36,,4.66,0,0,0,0.61,0.06,0,9.39
14,6,14006,3.46,,0.04,0,1.29,0.02,243.36,0,2.14,0,0.38,0.01,0,0.51,,0,0,1.46,29.34,,4.66,0,0,0,0,0,0,27.2
14,7,14007,0.53,,0,0,0.2,0,37.65,0,0.16,0,0.03,0,0,0.06,,0,0,1.47,8.44,,4.66,0,0,0,0.72,0.07,0,8.04
14,8,14008,5.12,,0.06,0,1.69,0.03,360.32,0,8.04,0,1.41,0.05,0,1.15,,0,0,,30.14,,4.66,0,0,0,0,0,0,35.06
14,9,14009,0.96,,0.01,0,0.03,0.01,67.69,0,0.82,0,0.14,0.01,0,0.11,,0,0,10.57,8.18,,4.66,0,0,0,1.74,0.16,0.03,7.63
14,10,14010,0.4,,0,0,0.12,0,28.02,0,0.16,0,0.03,0,0,0.07,,0,0,3.86,5.17,,4.66,0,0,0,0,0,0,4.05
14,11,14011,0.31,,0,0,0.11,0,22.1,0,0.06,0,0.01,0,0,0.03,,0,0,12.56,19.81,,,0,0,0,0,0,0,15.5
14,12,14012,0.26,0,0,0,0.1,0,18.45,0,0.02,0,0,0,0,0.04,,0,0,23.18,8.7,,,0,0,0,0,0,0,7.23
14,13,14013,3.33,0,0.04,0,1.12,0.02,234.56,0,3.09,0,0.54,0.02,0,0.41,,0,0,,36.18,,4.66,0,0,0,0,0,0,37.5
14,14,14014,0.5,,0,0,0.19,0,35.36,0,0.4,0,0.07,0,0,0.09,,0,0,90.5,9.44,,4.66,0,0,0,0,0,0,7.94
14,15,14015,3.4,0,0.06,0,0.12,0.02,239.35,0,3,0,0.53,0.02,0,0.4,,0,0,9.25,21.79,,4.66,0,0,0,0,0,0.05,18.26
14,16,14016,2.24,0,0.02,0,0.73,0.01,157.94,0,3.13,0,0.55,0.02,0,0.14,,0,0,,31.33,,4.66,0,0,0,0,0,0,27.09
14,17,14017,0.78,0,0.01,0,0.03,0,54.91,0,0.33,0,0.06,0,0,0.08,,0,0,2.28,19.8,,,0,0,0,0,0,0,16.19
14,18,14018,3.83,0,0.05,0,1.28,0.02,269.55,0,2.44,0,0.43,0.01,0,0.47,,0,0,,64.77,,4.66,0,0,0,1.25,0.12,0.05,56.09
14,19,14019,0.32,,0,0,0.09,0,22.55,0,0.02,0,0,0,0,0.01,,0,0,46.03,1.82,,,0,0,0,0,0,0,1.86
14,20,14020,0.58,,0,0,0.21,0,40.59,0,0.95,0,0.17,0.01,0,0.11,,0,0,8.16,82.43,,,0,0,0,0,0,0,50.69
14,21,14021,1.21,,0.01,0,0.45,0.01,84.98,0,1.84,0,0.32,0.01,0,0.24,,0,0,27.08,55.51,,4.66,0,0,0,0,0,0.02,35.84
14,22,14022,1.93,,0.04,0,0.71,0.01,135.88,0,0.4,0,0.07,0,0,0.32,,0,0,,22.51,,,0,0,0,0,0,0.08,19.08
14,23,14023,6.13,0,0.13,0.01,2.12,0.04,431.57,0,5.18,0,0.91,0.03,0,0.93,,0,0,31.68,23.1,,4.66,0,0,0,0,0,0.67,19
14,24,14024,1.6,,0.02,0,0.58,0.01,112.86,0,1.01,0,0.18,0.01,0,0.22,,0,0,1.2,16.73,,4.66,0,0,0,0,0,0.01,14.94
14,25,14025,1.05,,0.01,0,0.38,0.01,73.71,0,0.45,0,0.08,0,0,0.16,,0,0,1.7,5.89,,,0,0,0,0,0,0,4.98
14,26,14026,0.33,,0,0,0.12,0,23.46,0,0.22,0,0.04,0,0,0.07,,0,0,113.02,7.57,,,0,0,0,0,0,0,6.39
14,27,14027,1.05,,0,0,0.35,0.01,73.72,0,0.05,0,0.01,0,0,0.07,,0,0,16.66,76.87,,4.66,0,0,0,0,0,0,49.67
14,28,14028,0.13,0,0,0,0.05,0,9.09,0,0.05,0,0.01,0,0,0.02,,0,0,4.43,3.27,,,0,0,0,0,0,0,2.79
14,29,14029,1.04,0,0.01,0,0.35,0.01,72.95,0,0.06,0,0.01,0,0,,,0,0,,32.28,,,0,0,0,0,0,0,29.39
14,30,14030,2.77,,0.05,0,1,0.02,194.76,0,1.38,0,0.24,0.01,0,0.21,,0,0,,5.95,,4.66,0,0,0,0,0,0,4.8
14,31,14031,0.22,,0,0,0.07,0,15.2,0,0.04,0,0.01,0,0,0,,0,0,5.67,2.11,,,0,0,0,0,0,0,2.14
14,32,14032,0.33,,0,0,0.1,0,22.91,0,0.16,0,0.03,0,0,0.02,,0,0,7.08,7.68,,4.66,0,0,0,0,0,0,5.97
14,33,14033,1.22,0,0.01,0,0.42,0.01,86.15,0,1.34,0,0.24,0.01,0,0.13,,0,0,,15.89,,4.66,0,0,0,0,0,1.62,12.3
14,34,14034,0.12,,0,0,0.05,0,8.48,0,0.03,0,0,0,0,0.01,,0,0,15.21,4.53,,,0,0,0,0,0,0,3.59
14,35,14035,3.02,,0.03,0,1,0.02,212.96,0,1.98,0,0.35,0.01,0,0.38,,0,0,,39.97,,,0,0,0,3.13,0.3,0.38,39.13
14,36,14036,1.12,,0.01,0,0.39,0.01,78.92,0,0.84,0,0.15,0.01,0,0.17,,0,0,,10.58,,4.66,0,0,0,0.3,0.03,0,9.76
14,37,14037,1.39,,0.03,0,0.51,0.01,98.06,0,0.83,0,0.15,0.01,0,0.25,,0,0,1.35,10.07,,4.66,0,0,0,0,0,0.16,7.85
14,38,14038,0.26,0.01,0,0,0.1,0,18.59,0,0.04,0,0.01,0,0,0.01,,0,0,53.32,8.02,,,0,0,0,0,0,0,6.97
14,39,14039,102.16,,3,0.2,35.35,0.58,0.4,0.01,239.64,0.02,42.07,1.46,0.0008,17.56,,377.45,0.42,,0,0.1,,14.29,2.54,0,0.67,0.06,25.92,0
14,40,14040,0.53,,0,0,0.17,0,36.97,0,0.04,0,0.01,0,0,0.01,,0,0,,3.86,,,0,0,0,2.02,0.19,0.01,4.12
14,41,14041,0.33,,0,0,0.13,0,23.53,0,0.34,0,0.06,0,0,0.07,,0,0,,2.36,,,0,0,0,0,0,0,1.99
14,42,14042,0.51,,0.01,0,0.18,0,35.61,0,0.11,0,0.02,0,0,0.06,,0,0,2.92,4.76,,,0,0,0,0,0,0,3.81
14,43,14043,1.29,,0.01,0,0.47,0.01,90.59,0,0.29,0,0.05,0,0,0.14,,0,0,19.25,79.06,,4.66,0,0,0,0,0,0.41,50.28
14,44,14044,1.49,,0.01,0,0.51,0.01,90.05,0,5.57,0,0.98,0.03,0,0.31,,0,0,0.94,13.58,,4.66,0,0,0,0.95,0.09,0.15,11.14
14,45,14045,1.16,,0.01,0,0.4,0.01,81.58,0,0.49,0,0.09,0,0,0.14,,0,0,,28.03,,,0,0,0,0,0,0.12,24.56
14,46,14046,1.82,,0.02,0,0.6,0.01,127.89,0,2.14,0,0.38,0.01,0,0.59,,0,0,,8.88,,,0,0,0,0,0,0.01,8.43
14,47,14047,1.35,0.01,0.01,0,0.45,0.01,95.36,0,1,0,0.17,0.01,0,0.15,,0,0,,23.8,,4.66,0,0,0,0,0,0.03,19.57
14,48,14048,1.14,0,0.01,0,0.38,0.01,80.36,0,1.24,0,0.22,0.01,0,0.13,,0,0,,26.9,,4.66,0,0,0,0,0,0.12,26.47
14,49,14049,0.55,0.01,0,0,0.19,0,38.55,0,0.04,0,0.01,0,0,0.01,,0,0,83.73,40.1,,,0,0,0,0,0,0,28.5
14,50,14050,2.42,,0.02,0,0.74,0.01,170.62,0,0.91,0,0.16,0.01,0,0.29,,0,0,,17.02,,,0,0,0,0,0,0.02,14.82
14,51,14051,0.76,,0.01,0,0.26,0,32.34,0,0.22,0,0.04,0,0,0.14,,0,0,4.19,4.86,,4.66,0,0,0,0,0,0,4.33
14,52,14052,0.34,,0,0,0.13,0,23.73,0,0.16,0,0.03,0,0,0.05,,0,0,,9.13,,,0,0,0,0,0,0,7.79
14,53,14053,8.93,0.01,0.1,0.01,0.28,0.05,629.05,0,17.99,0,3.16,0.11,0.0001,1.37,,0,0,,79.19,,,0,0,0,0.79,0.07,0.41,71.22
14,54,14054,0.35,0.01,0,0,0.02,0,24.31,0,0.04,0,0.01,0,0,0.02,,0,0,,6.26,,4.66,0,0,0,0,0,0,5.09
14,55,14055,1.21,0.01,0.01,0,0.39,0.01,85.03,0,0.7,0,0.12,0,0,0.22,,0,0,6.03,6.67,,4.66,0,0,0,1.48,0.14,0.03,6.84
14,56,14056,0.17,,0,0,0.06,0,11.92,0,0,0,0,0,0,0.01,,0,0,,0,,,0,0,0,0,0,0,7.54
14,57,14057,0.23,,0,0,0.09,0,16.28,0,0.1,0,0.02,0,0,0.01,,0,0,4.24,3.56,,,0,0,0,0,0,0,2.93
14,58,14058,0.84,0,0.01,0,0.31,0,59.02,0,0.44,0,0.08,0,0,0.18,,0,0,6.35,13.81,,4.66,0,0,0,0,0,0,12.22
14,59,14059,0.74,0,0.01,0,0.02,0,52.44,0,0.22,0,0.04,0,0,0.06,,0,0,48.77,5.34,,4.66,0,0,0,0,0,0,4.57
14,60,14060,0.39,,0,0,0.15,0,27.34,0,0.09,0,0.02,0,0,0.01,,0,0,2.94,5.16,,,0,0,0,0,0,0,4.55
14,61,14061,1,,0,0,0.31,0.01,70.43,0,0.09,0,0.02,0,0,0.02,,0,0,61.95,4.77,,4.66,0,0,0,0,0,0,4.5
14,62,14062,0.21,0,0,0,0.08,0,14.73,0,0.07,0,0.01,0,0,0.01,,0,0,81.4,6.02,,,0,0,0,0,0,0,5.44
14,63,14063,5.7,,0.1,0.01,1.97,0.03,71.53,0,11.29,0,1.98,0.07,0,0.74,,0,0,,20.31,,4.66,0,0,0,2.4,0.23,0.41,18.64
14,64,14064,1.79,0,0.01,0,0.54,0.01,126.17,0,0.46,0,0.08,0,0,0.31,,0,0,,26.92,,4.66,0,0,0,0,0,0,24.7
14,65,14065,0.75,,0.01,0,0.29,0,52.49,0,0.23,0,0.04,0,0,0.13,,0,0,0.46,19.83,,4.66,0,0,0,0,0,0,18.1
14,66,14066,2.8,0.01,0.03,0,0.85,0.02,147.95,0,7.14,0,1.25,0.04,0,0.25,,0,0,51.41,19.94,,4.66,0,0,0,2.29,0.22,0.11,17.89
14,67,14067,14.06,0,0.44,0.03,0.52,0.08,63.79,0,4.16,0,0.73,0.03,0,1.56,,0,0,0.2,79.3,,,4.48,2.25,19.23,0,0,0.97,50.68
14,68,14068,0.7,,0,0,0.26,0,49.31,0,0.08,0,0.01,0,0,0.02,,0,0,24,152.04,,4.66,0,0,0,0,0,0,93.73
14,69,14069,0.54,,0,0,0.02,0,38.15,0,0.03,0,0,0,0,0.04,,0,0,48.4,27.61,,4.66,0,0,0,0,0,0,18.85
14,70,14070,7.11,0,0.08,0,2.25,0.04,51.6,0,45.41,0,7.97,0.28,0.0001,0.27,,21.04,0.04,,2.71,,,0,0,0,0.76,0.07,0.07,2.6
14,71,14071,0.2,,0,0,0.07,0,14.41,0,0.01,0,0,0,0,0.01,,0,0,,4.78,,,0,0,0,0,0,0,5.25
14,72,14072,0.39,,0,0,0.13,0,27.77,0,0.25,0,0.04,0,0,0.04,,0,0,,6.13,,4.66,0,0,0,0,0,0,5.85
14,73,14073,3.64,,0.08,0,1.15,0.02,256.58,0,1.49,0,0.26,0.01,0,0.6,,0,0,,31.73,,,0,0,0,0,0,0.08,29.54
14,74,14074,0.83,,0.02,0,0.03,0,58.29,0,0.86,0,0.15,0.01,0,0.15,,0,0,,3.28,,4.66,0,0,0,0,0,0,3.27
14,75,14075,0.23,,0,0,0.08,0,15.87,0,0.09,0,0.02,0,0,0.04,,0,0,42.5,4.15,,4.66,0,0,0,0,0,0,4.13
14,76,14076,0.2,,0,0,0.07,0,14.4,0,0.01,0,0,0,0,0.01,,0,0,180.19,1.58,,,0,0,0,0,0,3.98,1.58
14,77,14077,1.54,,0.02,0,0.59,0.01,108.41,0,0.81,0,0.14,0,0,0.3,,0,0,,32.85,,4.66,0,0,0,0,0,0.01,30.88
14,78,14078,1.72,,0.02,0,0.57,0.01,121.19,0,4.87,0,0.86,0.03,0,0.18,,0,0,,9.98,,,0,0,0,0,0,0.04,10.04
14,79,14079,0.81,,0.01,0,0.03,0,57.15,0,0.96,0,0.17,0.01,0,0.11,,0,0,38.54,8.24,,4.66,0,0,0,1.03,0.1,1.08,7.23
14,80,14080,0.36,,0,0,0.13,0,25.28,0,0.02,0,0,0,0,0.02,,0,0,,8.48,,,0,0,0,0,0,0.27,7.35
14,81,14081,0.24,,0,0,0.09,0,16.57,0,0.01,0,0,0,0,0,,0,0,0.47,1.89,,,0,0,0,0,0,0,1.85
14,82,14082,2.22,0,0.03,0,0.73,0.01,156.16,0,1.6,0,0.28,0.01,0,0.23,,0,0,69.87,11.37,,4.66,0,0,0,0.79,0.07,0,8.63
14,83,14083,3.59,,0.03,0,1.27,0.02,252.93,0,2.08,0,0.37,0.01,0,0.42,,0,0,593.15,23.82,,4.66,0,0,0,1.89,0.18,0.55,20.05
14,84,14084,0.87,,0.01,0,0.3,0,61.16,0,0.39,0,0.07,0,0,0.18,,0,0,47.21,11.8,,,0,0,0,0,0,0,11.67
14,85,14085,2.3,0,0.02,0,0.89,0.01,161.7,0,1.96,0,0.34,0.01,0,0.6,,0,0,133.67,24.81,,4.66,0,0,0,0,0,0,21.97
14,86,14086,1.02,0.01,0.01,0,0.03,0.01,72.15,0,0.61,0,0.11,0,0,0.17,,0,0,,9.88,,4.66,0,0,0,0,0,0,7.57
14,87,14087,1.02,,0.01,0,0.37,0.01,72.08,0,0.56,0,0.1,0,0,0.18,,0,0,55.44,15.65,,4.66,0,0,0,0,0,0,13.88
14,88,14088,0.96,,0.01,0,0.36,0.01,67.33,0,0.74,0,0.13,0,0,0.08,,0,0,31.11,16.68,,,0,0,0,0,0,5.9,13.48
14,89,14089,0.19,,0,0,0.07,0,13.68,0,0.03,0,0,0,0,0.02,,0,0,,3.21,,,0,0,0,0.9,0.09,0,2.22
14,90,14090,0.45,,0,0,0.17,0,31.66,0,0.18,0,0.03,0,0,0.08,,0,0,,15,,,0,0,0,0,0,0,12.65
14,91,14091,2.36,,0.02,0,0.82,0.01,166.14,0,0.83,0,0.15,0.01,0,0.21,,0,0,,26.94,,,0,0,0,0,0,0.02,26.29
14,92,14092,0.65,,0,0,0.25,0,45.95,0,0.18,0,0.03,0,0,0.1,,0,0,,21.62,,4.66,0,0,0,0,0,0,15.86
14,93,14093,8.08,,0.14,0.01,2.7,0.05,568.95,0,8.75,0,1.54,0.05,0,0.95,,0,0,5.31,50.51,,,0,0,0,0,0,0.59,47.48
14,94,14094,2.46,,0.03,0,0.08,0.01,173.14,0,2.17,0,0.38,0.01,0,0.22,,0,0,16.01,10.1,,4.66,0,0,0,1.95,0.18,0.01,12.78
14,95,14095,0.49,,0,0,0.02,0,34.79,0,0.06,0,0.01,0,0,0.05,,0,0,0.36,6.49,,4.66,0,0,0,0.78,0.07,0,6.23
14,96,14096,1.22,,0.02,0,0.04,0.01,85.71,0,0.37,0,0.06,0,0,0.15,,0,0,,5.82,,,0,0,0,0,0,0,5.86
14,97,14097,14.08,0.01,0.12,0.01,4.72,0.08,246.43,0,54.35,0,9.54,0.33,0.0002,0.61,,28.33,0,12.37,24.4,,4.66,0,0,0,2.21,0.21,0.01,23.57
14,98,14098,35.93,0,0.41,0.03,11.43,0.21,28.95,0.01,40.88,0,7.18,0.25,0.0001,3.14,,29.59,0.19,,7.5,,,0,0,0,1.02,0.1,2.77,6.85
14,99,14099,0.56,,0,0,0.19,0,39.34,0,0.11,0,0.02,0,0,0.01,,0,0,0.4,11.06,,,0,0,0,0,0,0,9.34
14,100,14100,2.03,,0.02,0,0.72,0.01,142.87,0,0.3,0,0.05,0,0,0.39,,0,0,79.87,56.92,,,0,0,0,0,0,0.06,39.99
14,101,14101,26.08,,0.22,0.01,7.92,0.15,153.61,0,18.54,0,3.25,0.11,0.0001,2.31,,30.07,0.15,,3.32,,4.66,0,0,0,0,0,0.17,2.87
14,102,14102,0.35,,0,0,0.13,0,24.97,0,0.5,0,0.09,0,0,0.03,,0,0,1.06,12.79,,,0,0,0,0,0,0,9.81
14,103,14103,0.46,0,0,0,0.17,0,32.26,0,0.15,0,0.03,0,0,0.04,,0,0,6.78,4.92,,4.66,0,0,0,0.72,0.07,0.22,4.43
14,104,14104,0.27,,0,0,0.11,0,18.95,0,0.08,0,0.01,0,0,0.02,,0,0,0.33,3.41,,,0,0,0,0,0,0,3.32
14,105,14105,1.26,,0.01,0,0.04,0.01,88.56,0,0.62,0,0.11,0,0,0.19,,0,0,,22.59,,4.66,0,0,0,0,0,0,19.81
14,106,14106,0.24,,0,0,0.09,0,16.94,0,0.04,0,0.01,0,0,0.01,,0,0,0,8.45,,,0,0,0,0,0,0,6.67
14,107,14107,0.37,,0,0,0.13,0,25.9,0,0.08,0,0.01,0,0,0.05,,0,0,,2.28,,,0,0,0,0,0,0,2.14
14,108,14108,2.07,,0.02,0,0.69,0.01,145.86,0,1.95,0,0.34,0.01,0,0.24,,0,0,0.66,36.69,,4.66,0,0,0,2.79,0.26,7.03,29.96
14,109,14109,0.99,0,0.01,0,0.32,0.01,69.57,0,1.02,0,0.18,0.01,0,0.05,,0,0,,13.14,,4.66,0,0,0,1.54,0.15,0,12.47
14,110,14110,0.84,,0.01,0,0.31,0,59.01,0,0.32,0,0.06,0,0,0.16,,0,0,0.68,17.65,,4.66,0,0,0,0,0,0,14.86
14,111,14111,0.39,,0,0,0.13,0,27.19,0,0.13,0,0.02,0,0,0.06,,0,0,3.1,5.27,,,0,0,0,0,0,0.02,5.06
14,112,14112,0.33,,0,0,0.13,0,23.45,0,0.23,0,0.04,0,0,0.06,,0,0,,3.94,,,0,0,0,0,0,0,3.19
14,113,14113,0.85,,0,0,0.3,0,60.11,0,0.44,0,0.08,0,0,0.07,,0,0,2.46,22.13,,4.66,0,0,0,0,0,0,19.32
14,114,14114,0.97,,0.01,0,0.36,0.01,68.28,0,0.48,0,0.08,0,0,0.11,,0,0,,6.39,,4.66,0,0,0,0,0,0.15,5.54
14,115,14115,0.33,,0,0,0.01,0,23.28,0,0.16,0,0.03,0,0,0.02,,0,0,4.31,3.08,,,0,0,0,0,0,0,3.04
14,116,14116,1.1,,0.03,0,0.37,0.01,77.69,0,1.1,0,0.19,0.01,0,0.19,,0,0,,8.42,,,0,0,0,0,0,0.04,8.31
14,117,14117,0.25,,0,0,0.01,0,17.87,0,0,0,0,0,0,0.03,,0,0,,4.53,,,0,0,0,0,0,0,4.69
14,118,14118,1.46,,0.02,0,0.57,0.01,102.98,0,0.72,0,0.13,0,0,0.19,,0,0,,14.93,,,0,0,0,0,0,0.09,13.53
14,119,14119,1.63,,0.02,0,0.55,0.01,114.71,0,1.07,0,0.19,0.01,0,0.26,,0,0,0.26,16.85,,4.66,0,0,0,1.94,0.18,6.04,13.41
14,120,14120,73.76,0.01,1.1,0.07,25.58,0.42,130.61,0.01,133.6,0.01,23.45,0.81,0.0004,6.95,,133.47,0.32,604.28,24.07,,4.66,0,0,0,1.74,0.16,14.08,23.48
14,121,14121,1.74,0,0.02,0,0.62,0.01,122.62,0,2.03,0,0.36,0.01,0,0.16,,0,0,2.63,19.63,,4.66,0,0,0,1.27,0.12,7.63,17.12
14,122,14122,0.4,,0,0,0.14,0,28.51,0,0.07,0,0.01,0,0,0.04,,0,0,0.13,6.69,,4.66,0,0,0,0,0,0,6.32
14,123,14123,1.04,,0,0,0.04,0.01,73.12,0,5.65,0,0.99,0.03,0,0.05,,0,0,,23.76,,4.66,0,0,0,0,0,0,21.56
14,124,14124,3.56,,0.06,0,1.2,0.02,250.84,0,3.9,0,0.69,0.02,0,0.4,,0,0,,20.48,,4.66,0,0,0,0,0,0,20.65
15,1,15001,3.63,,0.04,0,0.96,0.04,255.43,0,1.2,0,0.13,0.03,0,,,0,0,6.41,32.45,,0.25,0,0,0,0,0,0,0
15,2,15002,4.92,0,0.16,0,1.35,0.06,64.72,0,6.89,0.01,0.74,0.19,0,,,0,0,0.27,8.36,,0.25,0,0,0,1.68,0.16,1.56,0
15,3,15003,2.58,,0.03,0,0.7,0.03,181.94,0,0.79,0,0.08,0.02,0,,,0,0,0.9,24.51,,0.25,0,0,0,0,0,0.11,0
15,4,15004,0.91,,0.02,0,0.25,0.01,63.79,0,0.14,0,0.01,0,0,,,0,0,5.97,5.85,,,0,0,0,0,0,0,0
15,5,15005,8.05,0.09,0.09,0,2.02,0.1,698.5,0,2.65,0,0.29,0.07,0,,,0,0,1.95,35.76,,,0,0,0,1.13,0.11,0.03,0
15,6,15006,0.57,,0.01,0,0.16,0.01,40.16,0,1.3,0,0.14,0.04,0,,,0,0,,0.67,,,0,0,0,0,0,0,0
15,7,15007,1.3,,0.01,0,0.34,0.02,91.41,0,0.05,0,0.01,0,0,,,0,0,5.41,11.4,,0.25,0,0,0,0,0,0,0
15,8,15008,1.72,,0.03,0,0.05,0.02,121.43,0,0.22,0,0.02,0.01,0,,,0,0,17.51,55.05,,0.25,0,0,0,0,0,0,0
15,9,15009,3.09,0,0.11,0,0.85,0.04,87.57,0,0.84,0,0.09,0.02,0,,,0,0,10.55,7.51,,0.25,0,0,0,0.39,0.04,0,0
15,10,15010,1.64,0,0.06,0,0.45,0.02,78.16,0,1.24,0,0.13,0.03,0,,,0,0,,5.59,,0.25,0,0,0,0.45,0.04,3.58,0
15,11,15011,2.73,0.01,0.06,0,0.68,0.03,82.15,0,1.67,0,0.18,0.05,0,,,0,0,,3.27,,,0,0,0,0,0,0,0
15,12,15012,0.57,,0.02,0,0.01,0.01,40.03,0,0.9,0,0.1,0.03,0,,,0,0,,0.73,,,0,0,0,0,0,0,0
15,13,15013,30.15,,0.98,0.02,8.94,0.36,5.44,0,34.64,0.03,3.74,0.97,0.0001,,,0,0,3.23,0.1,,,0,0,0,0,0,0.75,0
15,14,15014,4.97,0,0.25,0.01,0.13,0.06,349.71,0,11.76,0.01,1.27,0.33,0,4.37,,0,0,2.82,18.02,,0.25,0,0,0,0.8,0.08,0.12,90.71
15,15,15015,1.54,,0.03,0,0.39,0.02,23.84,0,0.32,0,0.03,0.01,0,,,0,0,0.3,4.82,,,0,0,0,0.11,0.01,0,0
15,16,15016,1.4,0,0.02,0,0.4,0.02,70.32,0,0.51,0,0.05,0.01,0,,,0,0,0.68,25.2,,0.25,0,0,0,1.88,0.18,0,0
15,17,15017,0.41,,0,0,0.01,0,28.78,0,0.24,0,0.03,0.01,0,,,0,0,0.14,3.67,,0.25,0,0,0,0.62,0.06,0.03,0
15,18,15018,2.47,,0.06,0,0.58,0.03,93.36,0,1.2,0,0.13,0.03,0,,,0,0,0.8,8.98,,,0,0,0,0,0,0.63,0
15,19,15019,1.97,0,0.1,0,0.51,0.02,138.56,0,2.58,0,0.28,0.07,0,,,0,0,0.26,1.71,,,0,0,0,0,0,0.02,0
15,20,15020,18.25,,0.64,0.02,5.71,0.22,1.06,0,4.62,0,0.5,0.13,0,,,0,0,3.56,0.09,,,0,0,0,0,0,0.03,0
15,21,15021,2.03,,0.04,0,0.54,0.02,143.15,0,0.25,0,0.03,0.01,0,2.54,,0,0,9.5,17.73,,0.25,0,0,0,0,0,0,26.13
15,22,15022,0.77,,0.02,0,0.19,0.01,24.47,0,0.1,0,0.01,0,0,,,0,0,0.07,2.72,,0.25,0,0,0,0,0,0,0
15,23,15023,2.51,0.01,0.06,0,0.06,0.03,28.98,0,0.57,0,0.06,0.02,0,,,0,0,,1.2,,,0,0,0,0.55,0.05,0.04,0
15,24,15024,7.04,,0.32,0.01,2.1,0.08,65.85,0,15.71,0.01,1.7,0.44,0.0001,,,0,0,,3.94,,,0,0,0,0.75,0.07,0.01,0
15,25,15025,16.43,0.01,0.63,0.02,4.26,0.2,102.17,0,12.74,0.01,1.38,0.36,0,,,0,0,5.91,12.15,,0.25,0,0,0,1.63,0.15,0.12,0
15,26,15026,1.39,,0.01,0,0.38,0.02,97.71,0,0.79,0,0.09,0.02,0,,,0,0,3.27,6.46,,0.25,0,0,0,0,0,0.04,0
15,27,15027,0.42,,0.01,0,0.11,0,4.11,0,0.08,0,0.01,0,0,,,0,0,,0.99,,,0,0,0,0,0,0,0
15,28,15028,1.45,0.02,0.03,0,0.36,0.02,67.66,0,0.73,0,0.08,0.02,0,,,0,0,,1.36,,,0,0,0,0.6,0.06,0,0
15,29,15029,10.85,0,0.21,0,3.18,0.13,12.64,0,2.49,0,0.27,0.07,0,,,0,0,0.53,5.24,,0.25,0,0,0,0,0,4.05,0
15,30,15030,1.25,,0.26,0.01,0.29,0.01,5.35,0,0.56,0,0.06,0.02,0,,,0,0,,0.25,,,0,0,0,0,0,0,0
15,31,15031,33.53,0,0.92,0.02,0.89,0.4,10.2,0,7.51,0.01,0.81,0.21,0,,,0,0,,0.5,,0.25,0,0,0,0.56,0.05,0.1,0
15,32,15032,1.89,,0.02,0,0.04,0.02,133.09,0,0.09,0,0.01,0,0,,,0,0,17.68,9.96,,0.25,0,0,0,0,0,0.06,0
15,33,15033,107.74,,4.04,0.1,30.06,1.28,6.2,0.02,105.33,0.08,11.38,2.94,0.0003,,,0,0,2.76,0.25,,,0,0,0,2.16,0.2,4.04,0
15,34,15034,0.53,0.06,0.01,0,0.12,0.01,17.18,0,0.09,0,0.01,0,0,,,0,0,0.04,2.42,,,0,0,0,0,0,0.04,0
15,35,15035,3.81,,0.07,0,1.08,0.05,68.85,0,7.49,0.01,0.81,0.21,0,,,0,0,,8.25,,0.25,0,0,0,1.1,0.1,0.09,0
15,36,15036,2.33,,0.05,0,0.6,0.03,86.85,0,0.58,0,0.06,0.02,0,,,0,0,,21.57,,0.25,0,0,0,0,0,0.03,0
15,37,15037,14.3,,0.46,0.01,4.11,0.17,219.17,0,2.55,0,0.28,0.07,0,,,0,0,6.94,4.27,,,0,0,0,2.16,0.2,6.96,0
15,38,15038,0.56,,0.01,0,0.15,0.01,60.92,0,0.08,0,0.01,0,0,,,0,0.02,0.74,1.84,,,0,0,0,0,0,0.19,0
15,39,15039,27.38,0.01,0.58,0.01,7.8,0.33,68.08,0,15.54,0.01,1.68,0.43,0.0001,,,0,0,21.8,12.65,,0.25,0,0,0,0,0,10.05,0
15,40,15040,1.92,,0.16,0,0.54,0.02,135.12,0,0.38,0,0.04,0.01,0,,,0,0,2.31,2.81,,,0,0,0,0,0,0,0
15,41,15041,0.41,0,0.01,0,0.11,0,28.53,0,0.02,0,0,0,0,,,0,0,12.5,2.77,,,0,0,0,0,0,0,0
15,42,15042,8.07,,0.2,0,1.99,0.1,568.41,0,4.31,0,0.47,0.12,0,,,0,0,1.41,35.85,,0.25,0,0,0,2.98,0.28,0.02,0
15,43,15043,1.28,,0.03,0,0.31,0.02,89.87,0,0.35,0,0.04,0.01,0,,,0,0,1.52,5.02,,,0,0,0,0,0,0.05,0
15,44,15044,1.68,0,0.03,0,0.47,0.02,118.44,0,0.37,0,0.04,0.01,0,,,0,0,,1.64,,0.25,0,0,0,0,0,0,0
15,45,15045,4.57,0,0.1,0,1.23,0.05,321.82,0,2.47,0,0.27,0.07,0,1.82,,0,0,1.51,22.26,,0.25,0,0,0,1.03,0.1,0.02,32.62
15,46,15046,0.88,0.01,0.01,0,0.02,0.01,62.36,0,0.12,0,0.01,0,0,,,0,0,3.96,2.38,,,0,0,0,0,0,1.15,0
15,47,15047,3.83,0,0.03,0,0.99,0.05,269.45,0,0.23,0,0.02,0.01,0,,,0,0,1.37,25.28,,0.25,0,0,0,0,0,0,0
15,48,15048,3.54,,0.07,0,0.97,0.04,248.94,0,11.97,0.01,1.29,0.33,0,,,0,0,1.9,25.92,,0.25,0,0,0,0.38,0.04,0.23,0
15,49,15049,0.7,,0.02,0,0.18,0.01,49.61,0,0.12,0,0.01,0,0,,,0,0,5.19,4.15,,,0,0,0,0,0,0,0
15,50,15050,1.34,,0.03,0,0.34,0.02,6.95,0,0.84,0,0.09,0.02,0,,,0,0,0.26,16.39,,,0,0,0,0,0,0,0
15,51,15051,6.74,0,0.21,0.01,1.74,0.08,352.13,0,32.22,0.02,3.48,0.9,0.0001,,,0,0,4.56,13.46,,0.25,0,0,0,0.33,0.03,0.36,0
15,52,15052,1.47,,0.07,0,0.38,0.02,103.21,0,0.17,0,0.02,0,0,,,0,0,2.12,6.06,,0.25,0,0,0,0,0,0,0
15,53,15053,2.41,,0.08,0,0.64,0.03,38.72,0,1.29,0,0.14,0.04,0,,,0,0,,1.77,,,0,0,0,0,0,0,0
15,54,15054,13.15,,0.78,0.02,3.86,0.16,30.85,0,5.08,0,0.55,0.14,0,,,0,0.04,,5.56,,,0,0,0,0,0,1.83,0
15,55,15055,0.65,,0.02,0,0.15,0.01,13.56,0,0.19,0,0.02,0.01,0,,,0,0,,0.86,,,0,0,0,0,0,0,0
15,56,15056,1.69,0,0.02,0,0.44,0.02,118.76,0,1.13,0,0.12,0.03,0,,,0,0,3.08,14.21,,0.25,0,0,0,0,0,0,0
15,57,15057,52.42,0.01,3.28,0.08,16.06,0.62,143,0.01,127.66,0.09,13.79,3.56,0.0004,,,0,0.14,3.4,2.05,,,0,0,0,0.84,0.08,24.67,0
15,58,15058,72.78,,3.04,0.07,21.24,0.87,37,0.01,30.64,0.02,3.31,0.85,0.0001,,,0,0,,0,,,0,0,0,1.81,0.17,0.69,0
15,59,15059,1.44,0,0.03,0,0.38,0.02,53.69,0,0.67,0,0.07,0.02,0,,,0,0,,4.98,,0.25,0,0,0,0.71,0.07,0,0
15,60,15060,19.56,,0.46,0.01,5.51,0.23,220.31,0,5.66,0,0.61,0.16,0,,,0,0,26.45,11.7,,0.25,0,0,0,0,0,0.26,0
15,61,15061,0.52,,0.01,0,0.15,0.01,11.66,0,0.86,0,0.09,0.02,0,,,0,0,,12.96,,0.25,0,0,0,1.04,0.1,0.04,0
15,62,15062,3.46,0.09,0.16,0,0.86,0.04,92.31,0,5.69,0,0.61,0.16,0,,,0,0,8.35,6.22,,,0,0,0,1.38,0.13,0.15,0
15,63,15063,1.68,,0.02,0,0.42,0.02,118.31,0,0.12,0,0.01,0,0,,,0,0,7.33,11.15,,,0,0,0,0,0,0,0
15,64,15064,2.03,,0.03,0,0.01,0.02,143.09,0,0.39,0,0.04,0.01,0,,,0,0,,12.21,,,0,0,0,1.16,0.11,0,0
15,65,15065,1.91,,0.05,0,0.51,0.02,95.95,0,0.47,0,0.05,0.01,0,,,0,0,,17,,0.25,0,0,0,2.18,0.21,0.51,0
15,66,15066,0.3,,0.01,0,0.08,0,21.33,0,0.06,0,0.01,0,0,,,0,0,,10.31,,,0,0,0,0,0,0,0
15,67,15067,4.31,,0.08,0,1.03,0.05,293.05,0,6.75,0,0.73,0.19,0,,,0,0,0.8,0.26,,,0,0,0,0,0,0.04,0
15,68,15068,1.54,0,0.06,0,0.41,0.02,50.02,0,0.71,0,0.08,0.02,0,,,0,0,,4.08,,0.25,0,0,0,0.43,0.04,0,0
15,69,15069,0.24,0,0.01,0,0.06,0,0.59,0,0.3,0,0.03,0.01,0,,,0,0,,0.18,,,0,0,0,0,0,0.01,0
15,70,15070,14.84,,0.7,0.02,4.21,0.18,2.93,0,21.64,0.02,2.34,0.6,0.0001,,,0,0,,0.91,,0.25,0,0,0,0.93,0.09,0.08,0
15,71,15071,0.79,0.05,0.02,0,0.02,0.01,55.35,0,0.82,0,0.09,0.02,0,,,0,0,,11.85,,0.25,0,0,0,1.44,0.14,0,0
15,72,15072,0.7,,0.01,0,0.17,0.01,31.19,0,1.36,0,0.15,0.04,0,,,0,0,,2.26,,,0,0,0,0,0,0.09,0
15,73,15073,0.72,,0.02,0,0.17,0.01,6.65,0,2.27,0,0.25,0.06,0,,,0,0,,2.58,,,0,0,0,0,0,1.41,0
15,74,15074,6.39,,0.09,0,1.46,0.08,450.22,0,0.38,0,0.04,0.01,0,,,0,0,1.05,32.76,,0.25,0,0,0,0.64,0.06,0.06,0
15,75,15075,1.37,,0.04,0,0.38,0.02,80.77,0,1.24,0,0.13,0.03,0,,,0,0,1.47,7.06,,0.25,0,0,0,0.63,0.06,0,0
15,76,15076,4.26,,0.3,0.01,1.07,0.05,1.26,0,10.57,0.01,1.14,0.29,0,,,0,0,,0.59,,,0,0,0,0.2,0.02,0.02,0
15,77,15077,0.35,,0,0,0.09,0,24.3,0,0.03,0,0,0,0,,,0,0,19.35,3.31,,,0,0,0,0,0,0,0
15,78,15078,0.57,,0.01,0,0.15,0.01,39.94,0,0.06,0,0.01,0,0,,,0,0,0.24,2.37,,,0,0,0,0,0,0,0
15,79,15079,0.68,0.01,0.01,0,0.02,0.01,48.16,0,0.89,0,0.1,0.02,0,,,0,0,0.8,6.77,,0.25,0,0,0,0,0,0,0
15,80,15080,1.59,,0.02,0,0.4,0.02,112.27,0,0.07,0,0.01,0,0,,,0,0,32,17.95,,0.25,0,0,0,0,0,0.01,0
15,81,15081,17.27,0,0.49,0.01,5.15,0.21,41.98,0,7.84,0.01,0.85,0.22,0,,,0,0,,16.52,,0.25,0,0,0,0,0,5.04,0
15,82,15082,3.99,,0.13,0,1.02,0.05,281.04,0,0.8,0,0.09,0.02,0,3.88,,0,0,67.67,34.51,,0.25,0,0,0,0,0,0.17,21.93
15,83,15083,0.65,0.01,0.01,0,0.16,0.01,44,0,0.09,0,0.01,0,0,,,0,0,,1.38,,0.25,0,0,0,0,0,0.06,0
15,84,15084,2.11,,0.04,0,0.59,0.03,64.95,0,0.6,0,0.07,0.02,0,,,0,0,,24.99,,0.25,0,0,0,0.84,0.08,0,0
15,85,15085,3.71,,0.06,0,0.95,0.04,261.36,0,3.11,0,0.34,0.09,0,,,0,0,4.01,18.33,,0.25,0,0,0,2.27,0.22,0,0
15,86,15086,1.94,0,0.01,0,0.51,0.02,136.31,0,0.06,0,0.01,0,0,,,0,0,40.16,14.18,,0.25,0,0,0,0,0,0.13,0
15,87,15087,4.96,,0.08,0,1.12,0.06,349.18,0,0.61,0,0.07,0.02,0,,,0,0,,16.25,,,0,0,0,0,0,0,0
15,88,15088,5.12,0,0.21,0.01,0.13,0.06,360.28,0,3.04,0,0.33,0.08,0,,,0,0,9.74,8.28,,,0,0,0,0,0,0,0
15,89,15089,0.6,,0.01,0,0.02,0.01,38.47,0,0.12,0,0.01,0,0,,,0,0,0.6,2.35,,0.25,0,0,0,0.93,0.09,0.02,0
15,90,15090,4.38,,0.16,0,1.11,0.05,308.54,0,4.3,0,0.46,0.12,0,,,0,0,6.25,15.13,,,0,0,0,0,0,0.13,0
15,91,15091,4.7,,0.13,0,1.25,0.06,62.39,0,1.82,0,0.2,0.05,0,,,0,0,,3.99,,0.25,0,0,0,0.42,0.04,0,0
15,92,15092,2.99,0.02,0.12,0,0.83,0.04,70.67,0,2.74,0,0.3,0.08,0,,,0,0,,5.3,,0.25,0,0,0,0,0,0,0
15,93,15093,1.63,0,0.02,0,0.43,0.02,101.61,0,0.19,0,0.02,0.01,0,,,0,0,1.23,2.84,,,0,0,0,0,0,0,0
15,94,15094,1.08,,0.03,0,0.28,0.01,24.44,0,0.14,0,0.02,0,0,,,0,0,,2.95,,,0,0,0,0.87,0.08,0,0
15,95,15095,4.32,0,0.21,0.01,1.22,0.05,76.19,0,17.14,0.01,1.85,0.48,0.0001,,,0,0,11,9.15,,0.25,0,0,0,0,0,0.16,0
15,96,15096,1.98,,0.06,0,0.55,0.02,36.54,0,1.88,0,0.2,0.05,0,,,0,0,,9.83,,0.25,0,0,0,1.25,0.12,0,0
15,97,15097,1.01,,0.03,0,0.26,0.01,71.1,0,0.09,0,0.01,0,0,,,0,0,6.06,11.57,,0.25,0,0,0,0,0,0,0
15,98,15098,0.29,,0.01,0,0.08,0,20.28,0,0.15,0,0.02,0,0,,,0,0,,1.46,,,0,0,0,0,0,0.01,0
15,99,15099,13.36,0,0.6,0.01,0.36,0.16,90.29,0,9.93,0.01,1.07,0.28,0,1.46,,0,0,4.91,12.73,,0.25,0,0,0,1.37,0.13,5.4,36.2
15,100,15100,1.62,,0.05,0,0.44,0.02,48.06,0,0.6,0,0.06,0.02,0,,,0,0,,1.25,,0.25,0,0,0,0,0,0,0
15,101,15101,4.11,,0.15,0,1,0.05,289.2,0,15.62,0.01,1.69,0.44,0.0001,,,0,0,3.74,8.76,,,0,0,0,0,0,0.01,0
15,102,15102,0.91,0,0.01,0,0.26,0.01,64.41,0,1.08,0,0.12,0.03,0,,,0,0,1.33,5.62,,0.25,0,0,0,0,0,0,0
15,103,15103,2.8,0.04,0.07,0,0.78,0.03,83.52,0,2.11,0,0.23,0.06,0,,,0,0,4.67,4.08,,0.25,0,0,0,0,0,0.02,0
15,104,15104,43.64,0,3.11,0.08,13.38,0.52,3072.49,0.01,131.41,0.1,14.2,3.66,0.0004,,,0,0.11,4.41,0.16,,,0,0,0,1.66,0.16,9.71,0
15,105,15105,2.13,,0.01,0,0.58,0.03,149.66,0,0.05,0,0.01,0,0,,,0,0,1.27,76.02,,0.25,0,0,0,0,0,0,0
15,106,15106,47.7,0.01,3.03,0.07,13.51,0.57,443.5,0.01,81.76,0.06,8.83,2.28,0.0003,2.89,,0,0,6.14,29.25,0.08,,6.47,2.71,0,2.3,0.22,9.7,89.03
15,107,15107,0.7,,0.04,0,0.02,0.01,48.98,0,0.32,0,0.03,0.01,0,,,0,0,0.67,3.1,,,0,0,0,0,0,0,0
15,108,15108,7.03,,0.16,0,1.87,0.08,43.86,0,2.59,0,0.28,0.07,0,,,0,0,,2.02,,,0,0,0,0.71,0.07,0,0
15,109,15109,30.18,,0.84,0.02,8.82,0.36,20.26,0,44.21,0.03,4.78,1.23,0.0001,,,0,0,3.97,2.04,,,0,0,0,0.54,0.05,3.47,0
15,110,15110,3.38,,0.21,0.01,0.93,0.04,237.7,0,1.05,0,0.11,0.03,0,1.52,,0,0,23.54,9.11,,0.25,0,0,0,0,0,0.1,37.85
15,111,15111,2.68,,0.02,0,0.64,0.03,188.44,0,0.23,0,0.02,0.01,0,,,0,0,8.29,26.81,,0.25,0,0,0,0,0,0,0
15,112,15112,2.53,0,0.04,0,0.64,0.03,241.22,0,0.61,0,0.07,0.02,0,,,0,0,11.92,10.04,,,0,0,0,0,0,0.02,0
15,113,15113,3.32,,0.07,0,0.9,0.04,234.05,0,0.31,0,0.03,0.01,0,,,0,0,16.46,3.93,,,0,0,0,0,0,0.03,0
15,114,15114,4.97,,0.04,0,1.16,0.06,349.66,0,1.14,0,0.12,0.03,0,,,0,0,3.07,30.31,,0.25,0,0,0,0,0,0.03,0
15,115,15115,2.89,,0.08,0,0.72,0.03,156.08,0,0.46,0,0.05,0.01,0,,,0,0,0.41,2.57,,,0,0,0,0,0,0.09,0
15,116,15116,0.24,,0.01,0,0.07,0,17.24,0,0.07,0,0.01,0,0,,,0,0,4.41,1.9,,0.25,0,0,0,0,0,9.19,0
15,117,15117,0.88,,0.01,0,0.23,0.01,62.01,0,0.06,0,0.01,0,0,,,0,0,0.94,7.63,,0.25,0,0,0,0,0,1.6,0
15,118,15118,8.69,0,0.31,0.01,2.2,0.1,305.56,0,3.66,0,0.4,0.1,0,,,0,0,5.74,16.51,,,0,0,0,0,0,0.9,0
15,119,15119,1.03,,0.01,0,0.24,0.01,72.56,0,0.04,0,0,0,0,,,0,0,4.55,3.88,,,0,0,0,0,0,0,0
15,120,15120,8.17,,0.28,0.01,2.08,0.1,185.69,0,2.93,0,0.32,0.08,0,3.36,,0,0,,32.33,,0.25,0,0,0,0.34,0.03,0.32,63.73
15,121,15121,31.78,,1.49,0.04,9.57,0.38,41.39,0,74.12,0.05,8.01,2.07,0.0002,,,0,0,,7.04,,,0,0,0,1.64,0.15,1.79,0
15,122,15122,21.2,0.01,0.7,0.02,5.85,0.25,8.38,0,7.22,0.01,0.78,0.2,0,,,0,0,,0.06,,,0,0,0,0,0,0.01,0
15,123,15123,1.8,,0.04,0,0.45,0.02,126.77,0,0.24,0,0.03,0.01,0,,,0,0,52.54,45.25,,0.25,0,0,0,0,0,0,0
15,124,15124,5.1,,0.02,0,1.15,0.06,359.21,0,0.09,0,0.01,0,0,,,0,0,2.75,34.29,,,0,0,0,0,0,0,0
15,125,15125,0.52,,0.01,0,0.14,0.01,36.31,0,0.04,0,0,0,0,,,0,0,,0.06,,,0,0,0,0,0,0,0
16,1,16001,0.64,0,0.01,0,0.14,0,21.26,0,0.42,0,0.07,0,0,0.06,,0,0,7.62,3.69,,,0,0,0,0,0,0,3.76
16,2,16002,1.03,,0.01,0,0.23,0.01,72.61,0,1.08,0.01,0.19,0.01,0,0.09,,0,0,54.02,22.5,,1.28,0,0,0,0,0,0,10.9
16,3,16003,1.19,0,0.01,0,0.27,0.01,84,0,0.24,0,0.04,0,0,0.57,,0,0,,17.1,,1.28,0,0,0,0,0,0,14.27
16,4,16004,0.79,,0.01,0,0.18,0,55.41,0,0.09,0,0.02,0,0,0.17,,0,0,,15.44,,1.28,0,0,0,1.07,0.1,0,11.18
16,5,16005,0.64,,0.01,0,0.01,0,44.89,0,0.24,0,0.04,0,0,0.13,,0,0,0.63,1.5,,,0,0,0,0.41,0.04,0,0.17
16,6,16006,7.34,0.01,0.19,0.01,1.62,0.04,517.07,0,2.76,0.01,0.48,0.02,0,1.36,,0,0,84.02,41.88,,,0,0,0,0.3,0.03,0.14,37.19
16,7,16007,0.17,,0,0,0.03,0,12.15,0,0.2,0,0.03,0,0,0.03,,0,0,0.47,1.62,,,0,0,0,0.59,0.06,0,0.69
16,8,16008,1.33,,0,0,0.03,0.01,93.9,0,0.01,0,0,0,0,0,,0,0,,75.97,,,0,0,0,0,0,2.49,3.32
16,9,16009,2.02,0,0.03,0,0.45,0.01,142.2,0,0.36,0,0.06,0,0,0,,0,0,31.81,16.99,,1.28,0,0,0,0,0,0,0
16,10,16010,1.35,0,0.02,0,0.29,0.01,95.13,0,0.31,0,0.05,0,0,0.17,,0,0,98.35,9.92,,,0,0,0,4.25,0.4,0,0
16,11,16011,0.61,,0,0,0.14,0,42.95,0,0.3,0,0.05,0,0,0,,0,0,,17.72,,1.28,0,0,0,0,0,0,12.83
16,12,16012,2.43,0,0.03,0,0.56,0.01,170.9,0,0.7,0,0.12,0.01,0,0.61,,0,0,,37.79,,1.28,0,0,0,0,0,0.01,36.82
16,13,16013,0.6,,0,0,0.13,0,41.95,0,0.1,0,0.02,0,0,0,,0,0,,11.58,,,0,0,0,0,0,0,6.06
16,14,16014,0.74,0,0.01,0,0.18,0,52.26,0,0.12,0,0.02,0,0,0,,0,0,,25.56,,,0,0,0,0,0,0,7.4
16,15,16015,1.16,,0.02,0,0.25,0.01,81.58,0,0.53,0,0.09,0,0,0.1,,0,0,180.83,11.38,,,0,0,0,0,0,0,4.8
16,16,16016,1.24,0,0.01,0,0.31,0.01,87.52,0,0.67,0,0.12,0,0,0.53,,0,0,15.12,13.01,,1.28,0,0,0,0.66,0.06,0.03,13.31
16,17,16017,1.96,0.01,0.01,0,0.42,0.01,137.92,0,0.39,0,0.07,0,0,0.07,,0,0,,19.87,,1.28,0,0,0,1.49,0.14,0.04,9.23
16,18,16018,0.52,,0,0,0.12,0,36.53,0,0.07,0,0.01,0,0,0.05,,0,0,,1.69,,1.28,0,0,0,0,0,0,1.71
16,19,16019,1.16,0,0.02,0,0.28,0.01,81.81,0,1.03,0,0.18,0.01,0,0.14,,0,0,5.61,6.52,,1.28,0,0,0,0,0,0,2.71
16,20,16020,1.67,0,0.02,0,0.36,0.01,117.78,0,1.65,0.01,0.29,0.01,0,0.05,,0,0,,4.26,,1.28,0,0,0,0,0,0.07,3.68
16,21,16021,0.69,0.01,0.01,0,0.14,0,48.83,0,0.84,0,0.15,0.01,0,0.15,,0,0,20.41,4.29,,,0,0,0,0,0,0,4.61
16,22,16022,1.24,0,0,0,0.23,0.01,87.24,0,0.08,0,0.01,0,0,0.06,,0,0,0.92,6.67,,1.28,0,0,0,0.62,0.06,0.05,6.39
16,23,16023,0.61,,0.01,0,0.16,0,43.21,0,0.4,0,0.07,0,0,0.06,,0,0,,10.87,,1.28,0,0,0,0.7,0.07,0,2.6
16,24,16024,1,,0.02,0,0.19,0.01,70.7,0,1.74,0.01,0.31,0.01,0,0.06,,0,0,28.09,2.86,,,0,0,0,0,0,0,2.19
16,25,16025,1.93,,0.02,0,0.39,0.01,136.14,0,3.59,0.02,0.63,0.03,0,0.18,,0,0,160.41,5.55,,1.28,0,0,0,0,0,0,0.57
16,26,16026,0.34,0,0,0,0.07,0,24.01,0,0.01,0,0,0,0,,,0,0,12.5,38.27,,,0,0,0,0,0,0,2.31
16,27,16027,0.35,0,0,0,0.09,0,24.78,0,0.09,0,0.02,0,0,0.09,,0,0,,1.97,,,0,0,0,0,0,0,1.48
16,28,16028,0.35,,0,0,0.1,0,24.8,0,0.18,0,0.03,0,0,0.09,,0,0,,6.79,,1.28,0,0,0,0,0,0,4.68
16,29,16029,0.88,0.01,0.01,0,0.02,0.01,62.01,0,0.07,0,0.01,0,0,0.14,,0,0,,11.71,,,0,0,0,0,0,0,8.7
16,30,16030,0.79,0.01,0.01,0,0.2,0,55.81,0,0.21,0,0.04,0,0,0.04,,0,0,,17.32,,1.28,0,0,0,0.83,0.08,0,5.03
16,31,16031,1.01,,0,0,0.23,0.01,71.12,0,0.15,0,0.03,0,0,0.06,,0,0,0.54,12.4,,,0,0,0,0,0,0.01,3.87
16,32,16032,0.83,,0,0,0.02,0,58.68,0,0.46,0,0.08,0,0,0,,0,0,14.78,8,,1.28,0,0,0,1.12,0.11,0,0
16,33,16033,1.27,,0.02,0,0.3,0.01,89.31,0,0.23,0,0.04,0,0,0.18,,0,0,27.42,13.46,,,0,0,0,0.89,0.08,0,14.78
16,34,16034,7.04,,0.13,0.01,1.41,0.04,495.65,0,8.47,0.04,1.49,0.06,0,0.74,,0,0,15.45,13.29,,1.28,0,0,0,0,0,0.05,11.06
16,35,16035,2.03,,0.02,0,0.44,0.01,142.77,0,0.31,0,0.05,0,0,0.19,,0,0,26.47,22.99,,,0,0,0,1.67,0.16,0.31,7.74
16,36,16036,0.71,,0.01,0,0.18,0,49.66,0,0.32,0,0.06,0,0,0.1,,0,0,,2.41,,1.28,0,0,0,0,0,0,2.12
16,37,16037,0.49,0,0,0,0.14,0,34.27,0,0.16,0,0.03,0,0,0.22,,0,0,,7.21,,1.28,0,0,0,0,0,0,7.71
16,38,16038,2.63,,0.05,0,0.63,0.02,185.3,0,0.95,0,0.17,0.01,0,0,,0,0,,26.52,,,0,0,0,0,0,0.61,10.46
16,39,16039,0.47,,0,0,0.1,0,33.11,0,0.02,0,0,0,0,0,,0,0,2.22,2.99,,1.28,0,0,0,0.26,0.02,0.03,1.17
16,40,16040,0.97,0,0.01,0,0.2,0.01,68,0,0.56,0,0.1,0,0,0.23,,0,0,0.13,10.21,,1.28,0,0,0,0.64,0.06,0.09,8.94
16,41,16041,0.73,0,0.01,0,0.02,0,51.29,0,0.43,0,0.07,0,0,0.06,,0,0,,4.04,,1.28,0,0,0,0.5,0.05,0.04,0.64
16,42,16042,0.82,0,0.01,0,0.2,0,57.49,0,0.08,0,0.01,0,0,0.06,,0,0,,12.35,,1.28,0,0,0,0,0,0.05,5.08
16,43,16043,3.83,,0.06,0,0.83,0.02,30.12,0,6.88,0.03,1.21,0.05,0,0.88,,0,0,,3.34,,1.28,0,0,0,0,0,0.6,2.83
16,44,16044,0.82,,0.01,0,0.21,0,57.58,0,0.3,0,0.05,0,0,0.53,,0,0,1.42,12.48,,1.28,0,0,0,0.41,0.04,0.07,9.1
16,45,16045,2.02,,0.04,0,0.49,0.01,142.57,0,1.47,0.01,0.26,0.01,0,0,,0,0,,9.43,,1.28,0,0,0,0,0,0.05,7.56
16,46,16046,0.77,,0.01,0,0.17,0,53.99,0,0.1,0,0.02,0,0,0,,0,0,,1.46,,,0,0,0,0,0,0,2.3
16,47,16047,1.19,,0.01,0,0.25,0.01,83.44,0,0.13,0,0.02,0,0,0.02,,0,0,,4.55,,1.28,0,0,0,0,0,0.77,3.98
16,48,16048,0.31,,0,0,0.07,0,21.69,0,0.11,0,0.02,0,0,0,,0,0,2.39,2.47,,,0,0,0,0.56,0.05,0,1.53
16,49,16049,1.01,0,0.01,0,0.2,0.01,70.85,0,0.24,0,0.04,0,0,0.06,,0,0,17.76,12.76,,,0,0,0,0,0,0,12.81
16,50,16050,4.48,0,0.06,0,0.93,0.03,315.29,0,1.69,0.01,0.3,0.01,0,0.42,,0,0,0.51,29.29,,1.28,0,0,0,2.53,0.24,0.04,14.47
16,51,16051,0.7,,0.01,0,0.17,0,49.48,0,1.08,0.01,0.19,0.01,0,0,,0,0,0.01,2.32,,,0,0,0,0,0,0,2.32
16,52,16052,10.4,0,0.25,0.01,2.47,0.06,732.38,0,9.78,0.05,1.72,0.07,0,1.85,,0,0,,7.48,,,0,0,42.33,1.93,0.18,7.44,3.71
16,53,16053,43.66,0,1.27,0.06,10.03,0.25,463.17,0.01,31.51,0.15,5.53,0.23,0.0001,2.82,,113.17,0,51.66,27.53,0.06,1.28,1.99,0.85,0,2.35,0.22,9.51,28.71
16,54,16054,0.54,0,0,0,0.13,0,38.3,0,0.12,0,0.02,0,0,0.16,,0,0,,6.25,,1.28,0,0,0,0,0,0,6.2
16,55,16055,2.57,0,0.05,0,0.56,0.01,180.77,0,0.86,0,0.15,0.01,0,0.67,,0,0,1.68,11.91,,,0,0,0,2.19,0.21,0.18,15.43
16,56,16056,1.6,0,0.03,0,0.29,0.01,112.58,0,3.49,0.02,0.61,0.03,0,0.16,,0,0,5.73,6.2,,,0,0,0,0,0,0,4.84
16,57,16057,0.49,,0,0,0.11,0,34.37,0,0.07,0,0.01,0,0,0,,0,0,,6.59,,1.28,0,0,0,0,0,0,0.63
16,58,16058,1.02,0,0.03,0,0.21,0.01,72.02,0,2.44,0.01,0.43,0.02,0,0.46,,0,0,0.87,4.5,,,0,0,0,0,0,0,0
16,59,16059,0.49,,0,0,0.11,0,34.7,0,0.03,0,0,0,0,0.21,,0,0,54.6,6.63,,1.28,0,0,0,1.38,0.13,0,7.62
16,60,16060,0.6,,0.01,0,0.01,0,42.18,0,0.29,0,0.05,0,0,0.1,,0,0,,8.88,,1.28,0,0,0,0,0,0.06,6.09
16,61,16061,1.32,,0.01,0,0.25,0.01,92.96,0,0.4,0,0.07,0,0,0.1,,0,0,2.01,4.39,,1.28,0,0,0,0.62,0.06,0.05,0.18
16,62,16062,1.18,,0.01,0,0.26,0.01,82.73,0,0.39,0,0.07,0,0,0,,0,0,,21.63,,1.28,0,0,0,0,0,0,17.78
16,63,16063,1.01,0,0.01,0,0.24,0.01,70.91,0,0.21,0,0.04,0,0,0.26,,0,0,,9.99,,1.28,0,0,0,0.75,0.07,0.01,1.01
16,64,16064,1.46,,0.01,0,0.32,0.01,102.45,0,0.16,0,0.03,0,0,0.5,,0,0,23.34,22.3,,,0,0,0,0.56,0.05,0,21.45
16,65,16065,2.03,0,0.04,0,0.41,0.01,143.28,0,3.43,0.02,0.6,0.03,0,0.08,,0,0,77.79,6,,,0,0,0,0,0,0.02,4.53
16,66,16066,5.1,0,0.14,0.01,1.04,0.03,358.86,0,3.14,0.02,0.55,0.02,0,0,,0,0,24.47,8.2,,1.28,0,0,0,1.97,0.19,0.59,0
16,67,16067,1.05,0,0.01,0,0.24,0.01,74.24,0,0.17,0,0.03,0,0,0.45,,0,0,,27.91,,1.28,0,0,0,0,0,0,19.3
16,68,16068,1.34,,0.02,0,0.28,0.01,94.2,0,0.21,0,0.04,0,0,0.27,,0,0,13.06,13.41,,1.28,0,0,0,0,0,0.01,6.58
16,69,16069,5.82,,0.19,0.01,1.35,0.03,111.75,0,5.93,0.03,1.04,0.04,0,0.4,,0,0,,15.18,,1.28,0,0,0,0.94,0.09,0.22,9.74
16,70,16070,0.98,,0.03,0,0.23,0.01,68.7,0,1.89,0.01,0.33,0.01,0,0.32,,0,0,29.35,4.85,,1.28,0,0,0,0,0,0,0.03
16,71,16071,4.12,,0.07,0,0.09,0.02,290.22,0,1.29,0.01,0.23,0.01,0,0.42,,0,0,,50.84,,1.28,0,0,0,0,0,0.18,39.17
16,72,16072,0.8,0,0.01,0,0.17,0,56.05,0,0.14,0,0.02,0,0,0.05,,0,0,4.51,9.18,,1.28,0,0,0,0,0,0,8.88
16,73,16073,1.49,0,0.04,0,0.32,0.01,105.1,0,7.3,0.04,1.28,0.05,0,0,,0,0,9.36,4.25,,1.28,0,0,0,0,0,0,0
16,74,16074,0.6,,0.01,0,0.14,0,42.47,0,0.19,0,0.03,0,0,0,,0,0,,2.54,,,0,0,0,0,0,0,2.73
16,75,16075,3.3,0,0.07,0,0.74,0.02,232.69,0,1.17,0.01,0.21,0.01,0,0.53,,0,0,85.05,15.15,,1.28,0,0,0,0.21,0.02,0,6.95
16,76,16076,3.95,,0.12,0.01,0.88,0.02,278.42,0,3.47,0.02,0.61,0.03,0,0,,0,0,,7.9,,1.28,0,0,0,0,0,0.29,3.66
16,77,16077,1.08,0,0.01,0,0.27,0.01,76.17,0,0.2,0,0.04,0,0,0,,0,0,,14.47,,,0,0,0,0,0,0,8.47
16,78,16078,0.76,,0.01,0,0.17,0,53.58,0,0.24,0,0.04,0,0,0.04,,0,0,,1.86,,1.28,0,0,0,0,0,0,1.11
16,79,16079,2.46,0,0.03,0,0.46,0.01,173,0,2.03,0.01,0.36,0.01,0,0,,0,0,14.29,15.28,,1.28,0,0,0,0.78,0.07,0,0
16,80,16080,1.02,,0,0,0.21,0.01,71.67,0,0.12,0,0.02,0,0,0.09,,0,0,8.07,8.74,,1.28,0,0,0,0.58,0.06,0.04,3.27
16,81,16081,0.49,0,0,0,0.1,0,34.61,0,0.03,0,0.01,0,0,0,,0,0,1.71,3.94,,,0,0,0,0,0,0,1.74
16,82,16082,3.82,0,0.06,0,0.79,0.02,269.23,0,1.15,0.01,0.2,0.01,0,0,,0,0,32.62,15.49,,1.28,0,0,0,0,0,0.07,17.6
16,83,16083,1.66,,0.01,0,0.34,0.01,117.22,0,0.3,0,0.05,0,0,0.18,,0,0,127.82,16.51,,1.28,0,0,0,0,0,0,23.78
16,84,16084,1.55,,0.02,0,0.32,0.01,109.04,0,0.56,0,0.1,0,0,0.14,,0,0,0.54,7.15,,1.28,0,0,0,0,0,0,0.42
16,85,16085,1.92,0,0.03,0,0.47,0.01,135.03,0,1.18,0.01,0.21,0.01,0,0.38,,0,0,9.55,10.23,,1.28,0,0,0,0,0,0.05,3.59
16,86,16086,0.93,,0.01,0,0.02,0.01,65.51,0,0.22,0,0.04,0,0,0.08,,0,0,,19.93,,1.28,0,0,0,0.29,0.03,0,14.55
16,87,16087,0.78,0,0.01,0,0.18,0,55.24,0,0.7,0,0.12,0.01,0,0.11,,0,0,10.16,8.78,,1.28,0,0,0,0.76,0.07,0,3.29
16,88,16088,3.29,0,0.02,0,0.77,0.02,267.18,0,1.71,0.01,0.3,0.01,0,0.07,,0,0,,12.02,,1.28,0,0,0,0,0,0.48,11.1
16,89,16089,1.41,,0.04,0,0.34,0.01,99.53,0,0.64,0,0.11,0,0,0.56,,0,0,3.7,49.77,,,0,0,0,0,0,0.24,34.22
16,90,16090,0.81,0,0.01,0,0.15,0,56.75,0,1.25,0.01,0.22,0.01,0,0.11,,0,0,6.56,4.41,,,0,0,0,0.41,0.04,0.01,3.41
16,91,16091,0.79,,0.01,0,0.19,0,55.78,0,0.61,0,0.11,0,0,0.1,,0,0,3,5.12,,1.28,0,0,0,1.56,0.15,0,1.1
16,92,16092,0.87,,0.01,0,0.19,0,61.4,0,0.12,0,0.02,0,0,0,,0,0,,10.74,,,0,0,0,0,0,0,1.97
16,93,16093,1.62,,0.01,0,0.34,0.01,114.01,0,1.47,0.01,0.26,0.01,0,0,,0,0,1.72,6.3,,,0,0,0,0,0,0,0.1
16,94,16094,0.43,0,0.01,0,0.12,0,30.45,0,0.14,0,0.02,0,0,0,,0,0,,3.4,,1.28,0,0,0,0,0,0,2.3
16,95,16095,0.63,,0.01,0,0.16,0,44.12,0,0.23,0,0.04,0,0,0.05,,0,0,12.65,5.94,,1.28,0,0,0,0.78,0.07,0,2.48
16,96,16096,0.53,,0,0,0.11,0,37.58,0,0.04,0,0.01,0,0,0.14,,0,0,58.17,15.64,,,0,0,0,0,0,0,2.29
16,97,16097,2.01,,0.02,0,0.44,0.01,141.51,0,0.81,0,0.14,0.01,0,0,,0,0,17.41,17.35,,1.28,0,0,0,0,0,0,9.05
16,98,16098,1.56,0,0.02,0,0.34,0.01,110.12,0,0.14,0,0.02,0,0,0.17,,0,0,2.19,7.98,,1.28,0,0,0,0.25,0.02,0.05,6.26
16,99,16099,0.98,,0.01,0,0.22,0.01,68.75,0,0.07,0,0.01,0,0,0,,0,0,4.49,13.75,,,0,0,0,0,0,0,9.64
16,100,16100,0.78,,0.01,0,0.16,0,55.08,0,2.86,0.01,0.5,0.02,0,0,,0,0,6.47,3.64,,1.28,0,0,0,0,0,0.28,0
16,101,16101,0.6,,0,0,0.12,0,42.21,0,0,0,0,0,0,0.03,,0,0,1.03,13.38,,1.28,0,0,0,0,0,0,6.33
16,102,16102,17.82,0,0.52,0.02,3.9,0.1,1254.63,0,16.7,0.08,2.93,0.12,0.0001,1.07,,0,0,48.28,16.86,,1.28,0,0.08,0,0.5,0.05,1.24,24.76
16,103,16103,1.35,0,0.02,0,0.33,0.01,95.37,0,0.49,0,0.09,0,0,0,,0,0,,18.24,,1.28,0,0,0,0,0,0.04,14.29
16,104,16104,0.99,0,0.01,0,0.02,0.01,69.7,0,0.05,0,0.01,0,0,0,,0,0,,14.28,,1.28,0,0,0,0.99,0.09,0,12.56
16,105,16105,1.11,,0.02,0,0.25,0.01,78.24,0,0.39,0,0.07,0,0,0.12,,0,0,,28.57,,1.28,0,0,0,0.76,0.07,0,22.58
16,106,16106,1.67,,0.03,0,0.36,0.01,117.51,0,1.18,0.01,0.21,0.01,0,0.46,,0,0,,10.61,,1.28,0,0,0,1.55,0.15,0,8.07
16,107,16107,4.51,0,0.11,0.01,1.03,0.03,317.38,0,5.68,0.03,1,0.04,0,0.25,,0,0,60.18,18.17,,,0,0,0,1,0.09,0.4,16.4
16,108,16108,10.9,0,0.31,0.01,2.5,0.06,172.21,0,8.39,0.04,1.47,0.06,0,1.07,,0,0,,18.08,,1.28,0,0,0,1.4,0.13,0.61,9.12
16,109,16109,0.21,0,0,0,0.06,0,14.47,0,0.18,0,0.03,0,0,0.16,,0,0,0.34,4.33,,,0,0,0,0,0,0,3.11
16,110,16110,2.82,0.01,0.05,0,0.63,0.02,198.25,0,0.89,0,0.16,0.01,0,0.09,,0,0,34.4,13.99,,1.28,0,0,0,1.15,0.11,0.08,14.53
16,111,16111,0.88,0,0.01,0,0.18,0.01,61.97,0,0.2,0,0.04,0,0,0.07,,0,0,57.79,3.52,,1.28,0,0,0,1.49,0.14,0,3.76
16,112,16112,8.71,0,0.2,0.01,1.79,0.05,613.28,0,4.33,0.02,0.76,0.03,0,0.84,,0,0,3.46,13.36,,1.28,0,0,0,0.95,0.09,0.13,11.65
16,113,16113,1.52,,0.01,0,0.36,0.01,106.88,0,0.45,0,0.08,0,0,0.2,,0,0,,33.61,,1.28,0,0,0,0.59,0.06,0,23.98
17,1,17001,0.98,0.01,0.02,0,0.27,0,69.01,0,0.13,0,0.01,0,0,0.13,,0.6,0,,4.99,,2.57,0,0,0,0.56,0.05,0.04,2.27
17,2,17002,0.88,,0.03,0,0.24,0,49.14,0,0.16,0,0.02,0,0,0.05,,3.84,0,,4.02,,,0,0,0,0.37,0.04,0.1,2.83
17,3,17003,1.95,,0.06,0,0.5,0,137.38,0,0.83,0,0.09,0.02,0,0.14,,0,0,,14.84,,2.57,0,0,0,0.52,0.05,0.01,8.15
17,4,17004,4.47,0,0.06,0,0.13,0,215.01,0,4.8,0.03,0.52,0.14,0,0.16,,0,0,0.4,21.79,,2.57,0,0,0,0.39,0.04,0.02,13.08
17,5,17005,0.52,,0.01,0,0.16,0,36.76,0,0.17,0,0.02,0,0,0.09,,0,0,,2.35,,,0,0,0,0,0,0.01,1.44
17,6,17006,10.23,,0.55,0,2.93,0,96.99,0,7,0.04,0.76,0.21,0,0.15,,0,0,,13.66,,2.57,0,0,0,0.49,0.05,0.25,8.08
17,7,17007,22.28,0,1.37,0,6.76,0,54.71,0,17.99,0.1,1.94,0.53,0.0001,0.08,,0,0.01,1.71,1.64,0.04,,0,0,0,0.73,0.07,6.09,1.11
17,8,17008,4.41,0.01,0.09,0,1.26,0,41.7,0,5.02,0.03,0.54,0.15,0,0.07,,53.94,0,,0.35,,2.57,0,0,0,0.55,0.05,4.7,0.23
17,9,17009,0.95,,0.02,0,0.25,0,46.08,0,0.66,0,0.07,0.02,0,0.02,,0,0,11.97,3.05,,,0,0,0,0.66,0.06,0,1.31
17,10,17010,0.88,0,0.02,0,0.24,0,62.06,0,0.33,0,0.04,0.01,0,0.06,,0.43,0,,8.33,,2.57,0,0,0,0,0,0,3.9
17,11,17011,11.57,,0.48,0,3.32,0,31.32,0,31.04,0.17,3.35,0.91,0.0001,0.05,,8.62,0,0.2,0.4,,2.57,0,0,0,0.34,0.03,1.39,0.33
17,12,17012,3.29,0,0.17,0,0.97,0,231.87,0,1.46,0.01,0.16,0.04,0,0.13,,0,0,,6.75,,2.57,0,0,0,0,0,0.06,3.34
17,13,17013,0.87,0.02,0.02,0,0.23,0,61.1,0,0.38,0,0.04,0.01,0,0.04,,0,0,,11.95,,,0,0,0,0.21,0.02,0,5.45
17,14,17014,0.56,,0.01,0,0.17,0,39.39,0,0.21,0,0.02,0.01,0,0.1,,0.21,0,,2.43,,2.57,0,0,0,0,0,0,1.62
17,15,17015,1.45,,0.03,0,0.39,0,101.96,0,0.73,0,0.08,0.02,0,0.14,,0,0,1.19,8.21,,2.57,0,0,0,0,0,0.03,5.12
17,16,17016,0.98,,0.01,0,0.26,0,69,0,0.45,0,0.05,0.01,0,0.06,,0,0,0.63,6.53,,,0,0,0,0,0,0,4.93
17,17,17017,3.6,0.01,0.1,0,0.09,0,253.46,0,1.62,0.01,0.18,0.05,0,0.15,,4.62,0,,7.62,,2.57,0,0,0,1,0.09,0.77,4.09
17,18,17018,6.29,0,0.18,0,1.71,0,44.59,0,2.93,0.02,0.32,0.09,0,0.11,,0.65,0,1.26,1.19,,2.57,1.49,0.42,0,0,0,0.37,0.67
17,19,17019,1.48,,0.03,0,0.41,0,104.28,0,0.32,0,0.03,0.01,0,0.12,,0,0,,19.57,,2.57,0,0,0,0.36,0.03,0,10.65
17,20,17020,2.31,,0.05,0,0.65,0,114.2,0,0.42,0,0.05,0.01,0,0.05,,0.09,0,7.46,2.93,,,0,0,0,0.69,0.07,0.02,2.2
17,21,17021,0.41,,0.01,0,0.12,0,29.08,0,0.14,0,0.02,0,0,0.08,,0,0,,1.1,,2.57,0,0,0,0,0,0,0.64
17,22,17022,1.1,,0.02,0,0.27,0,77.53,0,0.4,0,0.04,0.01,0,0.02,,0,0,1.49,3.74,,,0,0,0,0,0,0,3.22
17,23,17023,0.38,,0,0,0.1,0,26.44,0,0.05,0,0,0,0,0.01,,0,0,6.74,7.22,,2.57,0,0,0,0,0,0,4.77
17,24,17024,2.86,0.01,0.06,0,0.81,0,201.17,0,1.41,0.01,0.15,0.04,0,0.11,,5.07,0,,7.24,,2.57,0,0,0,1.14,0.11,0.05,4.33
17,25,17025,1.89,0,0.04,0,0.54,0,133.16,0,0.4,0,0.04,0.01,0,0.19,,1.39,0,,10.05,,2.57,0,0,0,0.17,0.02,0.01,6.1
17,26,17026,0.92,,0.03,0,0.02,0,61.85,0,0.38,0,0.04,0.01,0,0.05,,0,0,0.85,3.24,,2.57,0,0,0,0.42,0.04,0,2.47
17,27,17027,0.64,,0.01,0,0.17,0,44.99,0,0.17,0,0.02,0,0,0.03,,0.29,0,1.06,5.18,,2.57,0,0,0,0.48,0.05,0,3.62
17,28,17028,3.41,,0.08,0,0.87,0,83.16,0,2.16,0.01,0.23,0.06,0,0.06,,20.62,0,,1.8,,2.57,0,0,0,0,0,0.36,1.27
17,29,17029,5.39,,0.23,0,1.55,0,102.64,0,2.63,0.01,0.28,0.08,0,0.07,,0,0,0.84,12.13,,2.57,0,0,0,0.66,0.06,0.2,4.69
17,30,17030,2.54,0.01,0.04,0,0.64,0,120.25,0,5.46,0.03,0.59,0.16,0,0.11,,0,0,,17.29,,2.57,0,0,0,0,0,0,10.13
17,31,17031,2.14,,0.09,0,0.64,0,150.64,0,2.57,0.01,0.28,0.08,0,0.05,,21.39,0,,1.02,,2.57,0,0,0,0.31,0.03,0.67,0.62
17,32,17032,0.51,,0.01,0,0.14,0,35.75,0,0.18,0,0.02,0.01,0,0.02,,0,0,,3.7,,,0,0,0,0,0,0,2.02
17,33,17033,0.79,0.01,0.01,0,0.2,0,55.89,0,0.85,0,0.09,0.02,0,0.05,,0.57,0,,7.27,,,0,0,0,0,0,0,2.87
18,1,18001,2.21,,0.09,0,0.26,0,155.76,0,1.1,0,0,0.03,0,0.7,,0,0,21.04,39.72,,,0,0,0,1.8,0.17,0,40.2
18,2,18002,0.9,0,0.02,0,0.11,0,63.42,0,0.2,0,0,0.01,0,0.41,,0,0,9.47,12.48,,11.55,0,0,0,0.92,0.09,0,14.88
18,3,18003,0.66,0,0.01,0,0.08,0,46.69,0,0.13,0,0,0,0,0.29,,0,0,11.12,12.49,,,0,0,0,0,0,0,14.18
18,4,18004,4.02,0,0.14,0,0.49,0,282.73,0,1.56,0,0,0.04,0,0.72,,0,0,9.99,52.97,,11.55,0,0,0,1.37,0.13,0,62.25
18,5,18005,0.67,0.01,0,0,0.01,0,47.45,0,0.07,0,0,0,0,0.21,,0,0,18.33,14.59,,,0,0,0,0,0,0,7.01
18,6,18006,1.64,,0.06,0,0.19,0,115.53,0,0.85,0,0,0.02,0,0.44,,0,0,66.63,7.63,,11.55,0,0,0,1.29,0.12,0,9.19
18,7,18007,1.03,0.02,0.01,0,0.11,0,72.21,0,0.61,0,0,0.02,0,0.19,,0,0,42.9,5.86,,11.55,0,0,0,0,0,0,11.69
18,8,18008,2.74,,0.05,0,0.31,0,92.54,0,0.87,0,0,0.02,0,0.31,,0,0,64.25,22.84,,11.55,0,0.02,0,0.87,0.08,0,28.83
18,9,18009,1.95,0,0,0,0.16,0,137.27,0,0,0,0,0,0,0.47,,0,0,137.03,9.98,,,0,0,0,0,0,0,3.97
18,10,18010,2.06,0.01,0.02,0,0.25,0,144.76,0,0.29,0,0,0.01,0,1,,0,0,18.01,53.3,,,0,0,0,2.29,0.22,0,54.77
18,11,18011,1.34,0,0.04,0,0.15,0,94.34,0,0.45,0,0,0.01,0,0.74,,0,0,1.08,19.57,,,0,0,0,0.52,0.05,0,13.17
18,12,18012,2.39,0.01,0.06,0,0.3,0,168.4,0,0.71,0,0,0.02,0,1.54,,0,0,20.24,47.14,,,0,0,0.78,0,0,0,43.09
18,13,18013,0.46,,0.01,0,0.06,0,32.15,0,0.07,0,0,0,0,0.48,,0,0,99.53,16.88,,11.55,0,0,0,1.14,0.11,0,16.6
18,14,18014,1.38,,0.01,0,0.15,0,97.45,0,0.15,0,0,0,0,0.53,,0,0,135.93,26.59,,11.55,0,0,0,0,0,0,45.03
18,15,18015,5.38,0.02,0.13,0,0.67,0,378.84,0,1.33,0,0,0.04,0,1,,0,0,15.4,85.91,,11.55,0,0,0,1.92,0.18,0,159.87
18,16,18016,2.38,,0.07,0,0.29,0,167.3,0,0.62,0,0,0.02,0,0.88,,0,0,,87.2,,,0,0,0,0,0,0,104.87
18,17,18017,21.47,0,0.92,0,2.52,0,262.89,0,14.54,0,0,0.4,0,1.86,,0,0.01,135.89,24.11,0.01,11.55,0,0,0,3.17,0.3,0,40.13
18,18,18018,1.82,,0.07,0,0.23,0,128.28,0,0.79,0,0,0.02,0,0.62,,0,0,,26.6,,,0,0,0,0,0,0,70.74
18,19,18019,0.77,,0,0,0.07,0,54.03,0,0.01,0,0,0,0,1.93,,0,0,597.92,6.08,,11.55,0,0,0,0,0,0,6.7
18,20,18020,5.34,,0.27,0,0.62,0,167.2,0,0.96,0,0,0.03,0,0.48,,0,0,,9.46,,,0,0,0,0,0,0,31.94
19,1,19001,0.18,,0,0,0.02,0.01,12.34,0,0.44,0,0.07,0,0,0,,0,0,,0.09,,,0,0,0,0.33,0.03,0.77,0
19,2,19002,0.23,,0.01,0,0.04,0.02,15.89,0,0.21,0,0.03,0,0,0,,0,0,,30.29,,,0,0,0,0,0,0.1,8.16
19,3,19003,0.11,,0,0,0.02,0.01,7.53,0,0,0,0,0,0,0.26,,0,0,,8.27,,,0,0,0,1.06,0.1,0,2.21
19,4,19004,1.89,,0.09,0,0.28,0.16,132.85,0,0.92,0.01,0.15,0.01,0,0.06,,0,0,,2.54,,,0,0,0,0,0,0.02,1.48
19,5,19005,1.15,,0.03,0,0.17,0.1,80.8,0,3.14,0.02,0.5,0.03,0,0.54,,0,0,,48.09,,2.2,0,0,0,3.38,0.32,0,13.11
19,6,19006,26.72,,0.44,0,3.46,2.22,73.53,0,112.96,0.74,18.06,1.13,0.0004,0.93,,149.99,0,,6.93,,,10.12,2.72,0,1,0.09,1.05,1.87
19,7,19007,0.94,,0.01,0,0.13,0.08,66.01,0,0.14,0,0.02,0,0,1.39,,0,0,0.46,10.9,,2.2,0,0,0,0,0,0,3.58
19,8,19008,0.21,,0,0,0.03,0.02,14.94,0,0.12,0,0.02,0,0,0.06,,0,0,0.33,10.92,,,0,0,0,1.27,0.12,0,0.63
19,9,19009,4.71,,0.13,0,0.68,0.39,150.45,0,13.32,0.09,2.13,0.13,0,0.51,,14.45,0,,60.61,,2.2,0,0,0,2.8,0.26,0.27,18.06
19,10,19010,0.45,,0.01,0,0.06,0.04,31.43,0,6.52,0.04,1.04,0.07,0,0.04,,0,0,,2.39,,,0,0,0,0.76,0.07,0.01,0.2
19,11,19011,0.51,,0.02,0,0.08,0.04,35.99,0,0.15,0,0.02,0,0,0.42,,0,0,,9.94,,2.2,0,0,0,0,0,3.83,2.74
19,12,19012,0.91,,0.02,0,0.12,0.08,64.11,0,2.02,0.01,0.32,0.02,0,0.05,,0,0,,0.56,,,0,0,0,0,0,0.02,0.11
19,13,19013,0.68,,0.02,0,0.1,0.06,48.06,0,0.53,0,0.09,0.01,0,0.94,,0,0,,61.07,,2.2,0,0,0,0,0,0,16.44
19,14,19014,2.12,0,0.03,0,0.26,0.18,149.48,0,1.45,0.01,0.23,0.01,0,2.34,,0,0,,33.82,,,0,0,0,0,0,0.03,15.37
19,15,19015,0.1,,0,0,0.02,0.01,7.36,0,0,0,0,0,0,0.26,,0,0,,18.09,,,0,0,0,1.28,0.12,0,4.82
19,16,19016,0.2,,0,0,0.03,0.02,13.89,0,0.27,0,0.04,0,0,0.2,,0,0,,7.59,,2.2,0,0,0,0,0,0,1.94
19,17,19017,2.48,0,0.02,0,0.33,0.21,174.92,0,0.27,0,0.04,0,0,3.13,,0,0,3.58,39.02,,2.2,0,0,0,0,0,1.91,15.88
19,18,19018,3.3,,0.04,0,0.43,0.27,48.21,0,17.63,0.11,2.82,0.18,0.0001,0.05,,37.87,0,,3.41,,,0,0,0,3.12,0.3,7.97,0.39
19,19,19019,7.79,,0.66,0,1.01,0.65,0.28,0,23.16,0.15,3.7,0.23,0.0001,,,28.05,0,,0,,,0,0,0,0,0,7.23,0
19,20,19020,0.34,,0.01,0,0.05,0.03,24.2,0,0.16,0,0.03,0,0,0.83,,0,0,,44.36,,2.2,0,0,0,0,0,0,11.98
19,21,19021,19.1,,0.38,0,0.24,1.59,37.04,0,26.63,0.17,4.26,0.27,0.0001,0,,29.94,0,,0.48,,2.2,0,0,0,1.27,0.12,5.66,0.12
19,22,19022,0.89,,0.02,0,0.14,0.07,63,0,0.17,0,0.03,0,0,1,,0,0,,84.49,,2.2,0,0,0,0,0,0,23.28
19,23,19023,0.09,,0,0,0.02,0.01,6.63,0,0.02,0,0,0,0,0.14,,0,0,,7.35,,,0,0,0,0,0,0,1.95
19,24,19024,0.37,,0,0,0.05,0.03,25.76,0,0.08,0,0.01,0,0,0.53,,0,0,18.14,3.03,,2.2,0,0,0,0,0,0,1.12
19,25,19025,0.45,,0.01,0,0.06,0.04,31.38,0,10.3,0.07,1.65,0.1,0,0.4,,0,0,,5.86,,,0,0,0,0,0,0,1.56
19,26,19026,44.16,,1.26,0,5.59,3.67,4.35,0.01,74.7,0.49,11.94,0.75,0.0002,0,,92.35,0,,1.53,,,0,0,0,1,0.09,2.8,0.4
19,27,19027,0.12,,0,0,0.02,0.01,8.43,0,0.04,0,0.01,0,0,0.09,,0,0,,2.2,,,0,0,0,1.42,0.13,0,0.54
19,28,19028,0.09,,0,0,0.01,0.01,6.41,0,0.01,0,0,0,0,0.13,,0,0,,1.49,,,0,0,0,0,0,0,0.39
19,29,19029,0.42,0,0.01,0,0.06,0.04,29.79,0,0.25,0,0.04,0,0,0.02,,0,0,,6.59,,,0,0,0,0,0,0,2.33
19,30,19030,0.23,,0,0,0.03,0.02,15.87,0,0.07,0,0.01,0,0,0.03,,0,0,0.26,0.26,,,0,0,0,0,0,0,0.11
19,31,19031,9.21,,0.09,0,1.21,0.77,104.34,0,9.46,0.06,1.51,0.09,0,0.09,,61.96,0,,1.44,,,0,0,0,0.57,0.05,0.06,0.34
19,32,19032,0.28,,0.01,0,0.04,0.02,19.9,0,0.25,0,0.04,0,0,0.39,,0,0,,2.13,,,0,0,0,4.74,0.45,3.72,0.51
19,33,19033,4.53,0,0.15,0,0.62,0.38,319.29,0,10.88,0.07,1.74,0.11,0,0.87,,0,0,4.46,70.09,,2.2,0,0,0,2.02,0.19,8.31,19.84
19,34,19034,0.34,,0,0,0.05,0.03,24.25,0,0.2,0,0.03,0,0,0.21,,0,0,,4.25,,,0,0,0,0,0,0,1.16
19,35,19035,0.07,,0,0,0.01,0.01,4.73,0,0,0,0,0,0,0.05,,0,0,,0.63,,,0,0,0,0,0,0,0.16
19,36,19036,0.45,,0,0,0.05,0.04,31.66,0,0.02,0,0,0,0,0.65,,0,0,,5.51,,,0,0,0,0,0,0,2.51
19,37,19037,0.34,0,0,0,0.05,0.03,24.19,0,0.01,0,0,0,0,0.32,,0,0,,0.89,,,0,0,0,1.38,0.13,0.89,0.29
19,38,19038,3.44,0,0.11,0,0.5,0.29,241.98,0,6.44,0.04,1.03,0.06,0,0.67,,0,0,,30.98,,2.2,0,0,0,3.52,0.33,0.16,11.3
19,39,19039,72.35,,5.19,0,9.38,6.02,6.51,0.01,179.24,1.17,28.65,1.79,0.0006,,,137.51,0,0.07,0,0.05,,0,0,0,1.79,0.17,49.85,0
19,40,19040,0.06,,0,0,0.01,0.01,4.27,0,0.01,0,0,0,0,0.08,,0,0,,1.17,,,0,0,0,0,0,0.02,0.32
19,41,19041,0.78,,0.01,0,0.11,0.07,55.08,0,2.34,0.02,0.37,0.02,0,0.22,,0,0,,28.55,,2.2,0,0,0,1.86,0.18,0,7.26
19,42,19042,0.4,,0,0,0.07,0.03,27.98,0,0.16,0,0.03,0,0,0.22,,0,0,,37.41,,2.2,0,0,0,2.28,0.22,0,9.5
19,43,19043,0.16,,0,0,0.03,0.01,11.57,0,0.01,0,0,0,0,0.02,,0,0,0.1,16.1,,,0,0,0,0,0,0,1.18
19,44,19044,2.04,0,0.09,0,0.31,0.17,143.96,0,3.96,0.03,0.63,0.04,0,0.49,,0,0,,7.06,,2.2,0,0,0,0,0,0.54,1.69
19,45,19045,1.78,0,0.01,0,0.24,0.15,44.76,0,2.24,0.01,0.36,0.02,0,0.77,,0,0,133.28,7.06,,2.2,0,0,0,3.01,0.29,0.03,1.66
19,46,19046,30.42,,1.28,0,3.99,2.53,2142.18,0,102.43,0.67,16.37,1.02,0.0003,0,,50.94,0,,0,,,0,0,0,0,0,4.78,0
19,47,19047,0.99,,0.02,0,0.14,0.08,69.55,0,0.29,0,0.05,0,0,0.18,,0,0,,0.03,,,0,0,0,0.43,0.04,0.19,0.01
19,48,19048,16.59,,0.41,0,2.05,1.38,6.07,0,67.42,0.44,10.78,0.67,0.0002,0,,83.66,0,,0.36,,2.2,0,0,0,0.84,0.08,21.89,0.16
19,49,19049,2.42,,0.1,0,0.36,0.2,31.72,0,1.92,0.01,0.31,0.02,0,0.16,,4.71,0,2.13,0.9,,2.2,0,0,0,0,0,0.37,0.55
19,50,19050,0.12,,0,0,0.02,0.01,8.35,0,0,0,0,0,0,0.32,,0,0,,7.74,,2.2,0,0,0,0,0,0,2.2
19,51,19051,0.26,0,0,0,0.04,0.02,18.44,0,0.08,0,0.01,0,0,0.18,,0,0,0.66,4.23,,,0,0,0,1.22,0.12,0.72,0.35
20,1,20001,0.07,,0,0,0.01,0,5.14,0,0,0,0,0,0,,,0,0,0.33,0.18,,1.27,0,0,0,0,0,0,0
20,2,20002,2.7,0,0.02,0,0.27,0,190.27,0,1.82,0,0.24,0.02,0,,,0,0,,28.81,,1.27,0,0,0,1.14,0.11,0,11.89
20,3,20003,0.13,,0,0,0.01,0,9.41,0,0.01,0,0,0,0,,,0,0,,1.08,,,0,0,0,0,0,0,0
20,4,20004,0.05,0,0,0,0,0,3.38,0,0,0,0,0,0,,,0,0,,0.29,,,0,0,0,0,0,0,0.1
20,5,20005,0.92,0,0.01,0,0.1,0,64.87,0,0.25,0,0.03,0,0,,,0,0,,12.1,,,0,0,0,0.51,0.05,0,3.7
20,6,20006,0.94,0,0.05,0,0.09,0,65.94,0,0.87,0,0.12,0.01,0,,,0,0,4.44,7.25,,1.27,0,0,0,0,0,0.04,1.74
20,7,20007,0.21,,0,0,0.02,0,14.63,0,0.01,0,0,0,0,,,0,0,,0.62,,,0,0,0,0,0,0,0.38
20,8,20008,0.04,,0,0,0,0,3.14,0,0.03,0,0,0,0,,,0,0,,0.73,,,0,0,0,0,0,0,0
20,9,20009,0.42,,0.01,0,0.03,0,29.31,0,0.04,0,0.01,0,0,,,0,0,,13.62,,,0,0,0,0,0,0,4.92
20,10,20010,0.86,0,0.02,0,0.1,0,60.38,0,1.61,0,0.21,0.02,0,,,0,0,,2.39,,,0,0,0,0.6,0.06,2.33,0.88
20,11,20011,0.07,,0,0,0.01,0,4.75,0,0,0,0,0,0,,,0,0,,0,,,0,0,0,0,0,0,0.17
20,12,20012,0.55,,0,0,0,0,39.03,0,0.05,0,0.01,0,0,,,0,0,,6.69,,,0,0,0,0,0,0,0.93
20,13,20013,0.16,,0,0,0.02,0,11.51,0,0.04,0,0.01,0,0,,,0,0,,2.32,,1.27,0,0,0,0,0,0,1.22
20,14,20014,1.54,0,0.07,0,0.02,0,108.65,0,0.56,0,0.07,0.01,0,,,0,0,,3.78,,,0,0,0,1.17,0.11,0.02,1.36
20,15,20015,0.31,,0,0,0.02,0,21.94,0,0,0,0,0,0,,,0,0,,1.55,,,0,0,0,0,0,0,0.97
20,16,20016,0.48,,0,0,0.03,0,34.14,0,0,0,0,0,0,,,0,0,,1.16,,,0,0,0,0,0,0,0.38
20,17,20017,0.21,,0,0,0.02,0,15.13,0,0.01,0,0,0,0,,,0,0,3.58,3.43,,,0,0,0,0,0,0,2.14
20,18,20018,0.05,0,0,0,0.01,0,3.72,0,0,0,0,0,0,,,0,0,,1.17,,1.27,0,0,0,0,0,0,0.31
20,19,20019,0.19,,0,0,0.02,0,13.12,0,0.01,0,0,0,0,,,0,0,3.2,1.59,,,0,0,0,0,0,0,0.06
20,20,20020,0.24,0,0,0,0.02,0,17.06,0,0.01,0,0,0,0,,,0,0,16.69,1.2,,,0,0,0,0,0,0,0
20,21,20021,0.91,,0.01,0,0.09,0,64.28,0,0.7,0,0.09,0.01,0,,,0,0,,14.82,,1.27,0,0,0,0.28,0.03,0.08,6.2
20,22,20022,0.07,0,0,0,0.01,0,4.59,0,0,0,0,0,0,,,0,0,,0.45,,,0,0,0,0,0,0,0.16
20,23,20023,0.96,,0.02,0,0.09,0,67.58,0,0.17,0,0.02,0,0,,,0,0,41.12,4.57,,,0,0,0,0,0,0,2.25
20,24,20024,0.24,,0,0,0.02,0,17,0,0,0,0,0,0,,,0,0,17.81,0.38,,,0,0,0,0,0,0,0.02
20,25,20025,0.63,,0.01,0,0.06,0,44.61,0,0.14,0,0.02,0,0,,,0,0,,4.34,,,0,0,0,0,0,0,2.29
20,26,20026,0.48,,0.01,0,0.05,0,33.62,0,0.09,0,0.01,0,0,,,0,0,,4.37,,1.27,0,0,0,0,0,0,1.34
20,27,20027,0.15,,0,0,0.02,0,10.64,0,0.02,0,0,0,0,,,0,0,,0.72,,,0,0,0,0,0,0,0.03
20,28,20028,1.1,0,0.02,0,0.1,0,77.43,0,0.45,0,0.06,0,0,,,0,0,2.02,6.24,,,0,0,0,0,0,0,3.94
20,29,20029,0.26,,0,0,0.02,0,18.16,0,0.02,0,0,0,0,,,0,0,,1.67,,,0,0,0,0,0,0,0.08
20,30,20030,0.52,,0.01,0,0.01,0,36.93,0,0.15,0,0.02,0,0,,,0,0,,3.94,,,0,0,0,0.17,0.02,0,1.04
20,31,20031,0.44,,0,0,0.04,0,31.04,0,0.05,0,0.01,0,0,,,0,0,,1.34,,,0,0,0,0,0,0,0
20,32,20032,0.05,,0,0,0.01,0,3.83,0,0,0,0,0,0,,,0,0,,0.62,,,0,0,0,0,0,0,0.21
20,33,20033,0.15,,0,0,0.02,0,10.55,0,0.5,0,0.07,0,0,3.16,,0,0,,1.1,,,0,0,0,0.13,0.01,0,0.55
20,34,20034,0.08,,0,0,0.01,0,5.45,0,0.03,0,0,0,0,,,0,0,,0.4,,,0,0,0,0,0,0,0.13
20,35,20035,0.03,,0,0,0,0,2.14,0,0,0,0,0,0,,,0,0,,0.15,,,0,0,0,0,0,0.02,0
20,36,20036,0.34,,0,0,0.03,0,23.74,0,0.04,0,0,0,0,,,0,0,60.33,6.76,,,0,0,0,0,0,0,3.36
20,37,20037,0.25,,0,0,0.02,0,17.8,0,0.01,0,0,0,0,,,0,0,,1.5,,,0,0,0,0,0,0,0
20,38,20038,0.12,,0,0,0.01,0,8.78,0,0.24,0,0.03,0,0,,,0,0,1.34,0,,,0,0,0,0,0,0,0
20,39,20039,3.69,0,0.19,0,0.34,0,259.74,0,1.27,0,0.17,0.01,0,3.16,,0,0,,2.6,,,0,0,0,0,0,0.28,0.84
20,40,20040,0.36,,0,0,0.03,0,25.49,0,0.02,0,0,0,0,,,0,0,,3.39,,,0,0,0,0,0,0,0.14
20,41,20041,2.03,,0.04,0,0.19,0,143.01,0,0.3,0,0.04,0,0,,,0,0,,9.92,,,0,0,0,0,0,0,0.46
20,42,20042,0.46,0,0.01,0,0.05,0,32.3,0,0.33,0,0.04,0,0,0.87,,0,0,12.8,3.77,,1.27,0,0,0,0,0,0.02,0
20,43,20043,5.48,0,0.21,0,0.5,0,385.83,0,5.06,0.01,0.67,0.05,0,,,0,0,,19.65,,1.27,0,0,0,1.33,0.13,0.09,6.92
20,44,20044,2.5,0,0.06,0,0.27,0,175.98,0,1.92,0.01,0.25,0.02,0,,,0,0,,15.41,,1.27,0,0,0,0.72,0.07,0.02,6.49
20,45,20045,0.39,0,0,0,0.04,0,27.62,0,1.52,0,0.2,0.01,0,,,0,0,,1.46,,,0,0,0,0,0,0,0.87
20,46,20046,0.22,0,0,0,0.02,0,15.56,0,0.21,0,0.03,0,0,,,0,0,,4.5,,1.27,0,0,0,0,0,0,1.44
20,47,20047,0.01,0,0,0,0,0,0.46,0,0,0,0,0,0,,,0,0,,0.45,,1.27,0,0,0,0,0,0,0.11
20,48,20048,0.07,,0,0,0,0,4.95,0,0,0,0,0,0,,,0,0,,0.59,,,0,0,0,0,0,0,0.38
20,49,20049,0.07,,0,0,0.01,0,4.76,0,0,0,0,0,0,,,0,0,,0.13,,,0,0,0,0,0,0,0.42
20,50,20050,0.22,0,0,0,0.02,0,15.55,0,0,0,0,0,0,,,0,0,,0.59,,1.27,0,0,0,0,0,0,0.19
20,51,20051,0.27,,0,0,0.02,0,19.3,0,0.09,0,0.01,0,0,,,0,0,,1.03,,,0,0,0,0,0,0,0.65
20,52,20052,0.38,,0.01,0,0.04,0,27.02,0,0.07,0,0.01,0,0,,,0,0,,3.16,,,0,0,0,0,0,0.22,1.25
20,53,20053,0.07,0,0,0,0.01,0,5.23,0,0.05,0,0.01,0,0,,,0,0,,1.34,,,0,0,0,0,0,0,0.42
20,54,20054,0.03,,0,0,0,0,1.9,0,0.01,0,0,0,0,,,0,0,,1.03,,1.27,0,0,0,0,0,0,0.27
20,55,20055,0.2,,0.01,0,0.02,0,14.11,0,0.06,0,0.01,0,0,,,0,0,,1.14,,,0,0,0,0,0,0,0.37
20,56,20056,0.08,,0,0,0.01,0,5.34,0,0,0,0,0,0,,,0,0,,1.79,,,0,0,0,0,0,0,0.16
20,57,20057,2.45,0,0.09,0,0.25,0,172.63,0,0.73,0,0.1,0.01,0,,,0,0,,25.3,,,0,0,0,1.51,0.14,0.01,7.89
20,58,20058,0.83,,0,0,0.08,0,58.12,0,0.03,0,0,0,0,,,0,0,,3.78,,,0,0,0,0,0,0,0.16
20,59,20059,2.05,0,0.06,0,0.18,0,144.61,0,0.87,0,0.12,0.01,0,,,0,0,0.6,8.87,,,0,0,0,0,0,0,0
20,60,20060,0.16,,0,0,0.01,0,10.95,0,0,0,0,0,0,,,0,0,,0.76,,,0,0,0,0,0,0,0
20,61,20061,0.13,,0,0,0.01,0,9.45,0,0,0,0,0,0,,,0,0,,0.93,,,0,0,0,0,0,0,0
20,62,20062,0.03,,0,0,0,0,2.45,0,0.02,0,0,0,0,,,0,0,,0.03,,,0,0,0,0,0,0.76,0
20,63,20063,0.24,0,0.01,0,0.02,0,16.71,0,0.19,0,0.03,0,0,,,0,0,,0.97,,,0,0,0,0,0,0.02,0.72
20,64,20064,0.46,,0,0,0.04,0,32.73,0,0,0,0,0,0,,,0,0,43.1,12.92,,,0,0,0,0,0,0,0
20,65,20065,0.09,0,0,0,0.01,0,6.16,0,0,0,0,0,0,,,0,0,,0.59,,,0,0,0,0,0,0,0.19
20,66,20066,0.32,,0.01,0,0.04,0,22.29,0,0.09,0,0.01,0,0,,,0,0,,11.01,,,0,0,0,0,0,0,3.33
20,67,20067,16.91,,1.4,0,1.69,0,26.08,0,9.44,0.02,1.25,0.09,0,,,103.75,0.13,0.07,0.45,0.05,,1.82,0.76,0,0.6,0.06,4.1,0.27
20,68,20068,1.25,0,0.04,0,0.1,0,87.98,0,0.8,0,0.11,0.01,0,,,0,0,,5.15,,1.27,0,0,0,0.13,0.01,0.38,3.09
20,69,20069,0.14,,0,0,0.01,0,9.59,0,0,0,0,0,0,,,0,0,,1.84,,,0,0,0,0,0,0,1.16
20,70,20070,0.43,,0,0,0.04,0,30.12,0,0.05,0,0.01,0,0,,,0,0,,2.04,,,0,0,0,0,0,0,0.19
20,71,20071,0.21,,0,0,0.02,0,14.89,0,0.02,0,0,0,0,,,0,0,0.95,6.95,,,0,0,0,0,0,0,1.03
20,72,20072,0.39,,0,0,0.03,0,27.7,0,0.03,0,0,0,0,,,0,0,,0,,,0,0,0,0,0,0,1.4
20,73,20073,1.89,0,0.04,0,0.18,0,133.35,0,0.22,0,0.03,0,0,,,0,0,154.43,6.67,,1.27,0,0,0,0,0,0,0
20,74,20074,0.03,,0,0,0,0,1.97,0,0,0,0,0,0,,,0,0,,0.33,,,0,0,0,0,0,0,0
20,75,20075,0.17,0,0,0,0.02,0,12.09,0,0.07,0,0.01,0,0,,,0,0,,6.06,,,0,0,0,0.33,0.03,0,1.88
20,76,20076,0.2,0,0,0,0.02,0,13.91,0,0.02,0,0,0,0,,,0,0,,1.16,,,0,0,0,0,0,0,0
20,77,20077,0.21,,0,0,0.02,0,14.61,0,0.13,0,0.02,0,0,,,0,0,,1.3,,,0,0,0,0,0,0.11,0.71
20,78,20078,0.06,,0,0,0.01,0,4.33,0,0.02,0,0,0,0,,,0,0,,1.08,,,0,0,0,0,0,0,0.51
20,79,20079,4.86,0,0.24,0,0.05,0,42.92,0,9.4,0.02,1.25,0.09,0,,,0,0,,0.82,,,0,0,38.21,0.19,0.02,1.81,0.27
20,80,20080,0.09,0,0,0,0.01,0,6.54,0,0.02,0,0,0,0,,,0,0,,1.14,,,0,0,0,0,0,0,0.72
20,81,20081,0.11,,0,0,0.01,0,8.03,0,0.01,0,0,0,0,,,0,0,,0.45,,,0,0,0,0,0,0,0.15
20,82,20082,0.29,0,0,0,0.03,0,20.28,0,0.01,0,0,0,0,,,0,0,,4.54,,,0,0,0,0,0,0,0.55
20,83,20083,0.36,0,0.02,0,0.03,0,3.76,0,1.44,0,0.19,0.01,0,,,0,0,0.6,0.23,,,0,0,0,0,0,0,0.13
20,84,20084,0.21,,0,0,0.02,0,14.57,0,0.04,0,0.01,0,0,,,0,0,0.14,0.27,,,0,0,0,0,0,0,0.17
20,85,20085,1.14,,0,0,0.09,0,80.08,0,0.03,0,0,0,0,,,0,0,2.43,13.1,,,0,0,0,0,0,0,1.77
20,86,20086,0.06,,0,0,0.01,0,3.94,0,0.02,0,0,0,0,,,0,0,7.61,0.33,,,0,0,0,0,0,0,0.11
20,87,20087,0.2,,0.01,0,0.02,0,1.57,0,0.21,0,0.03,0,0,,,0,0,,0.21,,,0,0,0,0,0,0,0.13
20,88,20088,0.16,0,0,0,0.01,0,11.36,0,0.19,0,0.03,0,0,,,0,0,19.16,0.93,,,0,0,0,0,0,0,0
20,89,20089,0.13,,0,0,0.01,0,9.5,0,0.01,0,0,0,0,,,0,0,,1.05,,,0,0,0,0,0,0,0.35
20,90,20090,0.37,0,0.01,0,0.03,0,25.86,0,0.06,0,0.01,0,0,,,0,0,,3.09,,,0,0,0,0,0,0,0.26
20,91,20091,0.29,0,0,0,0.03,0,3.54,0,0.11,0,0.01,0,0,,,0,0,0.54,0.95,,,0,0,0,0,0,0,0.59
20,92,20092,0.09,,0,0,0.01,0,6.03,0,0.01,0,0,0,0,,,0,0,,0.87,,1.27,0,0,0,0,0,0,0.53
20,93,20093,0.03,0,0,0,0,0,2.37,0,0,0,0,0,0,,,0,0,,1.32,,1.27,0,0,0,0,0,0,0.36
20,94,20094,0.13,0,0,0,0.01,0,8.91,0,0.02,0,0,0,0,,,0,0,,1.08,,,0,0,0,0,0,0,0.36
20,95,20095,0.26,,0,0,0.02,0,18.27,0,0.08,0,0.01,0,0,,,0,0,2.71,0.58,,,0,0,0,0,0,0,0
20,96,20096,0.04,0,0,0,0,0,2.75,0,0.05,0,0.01,0,0,,,0,0,,2.74,,1.27,0,0,0,0,0,0,0.72
20,97,20097,0.11,,0,0,0.01,0,7.63,0,0,0,0,0,0,,,0,0,,0.33,,1.27,0,0,0,0,0,0,0
20,98,20098,0.27,,0,0,0.02,0,19.12,0,0,0,0,0,0,,,0,0,,3.33,,,0,0,0,0,0,0,0.14
20,99,20099,0.03,,0,0,0,0,2.18,0,0,0,0,0,0,,,0,0,,0.07,,,0,0,0,0,0,0,0.02
20,100,20100,0.02,,0,0,0,0,1.7,0,0.02,0,0,0,0,,,0,0,,0.19,,1.27,0,0,0,0,0,0,0
20,101,20101,0.05,,0,0,0,0,3.4,0,0.01,0,0,0,0,,,0,0,29.17,0.49,,,0,0,0,0,0,0,0.31
20,102,20102,0.24,0,0,0,0.02,0,17.13,0,0.03,0,0,0,0,,,0,0,1.68,0.89,,,0,0,0,0,0,0,0.53
20,103,20103,0.31,,0.01,0,0.03,0,21.7,0,0.12,0,0.02,0,0,,,0,0,,1.93,,,0,0,0,0,0,0,1.19
20,104,20104,0.16,,0,0,0.01,0,10.99,0,0,0,0,0,0,,,0,0,,1,,,0,0,0,0,0,0,0.62
20,105,20105,0.41,,0,0,0.04,0,29.12,0,0,0,0,0,0,,,0,0,,2.92,,1.27,0,0,0,0,0,0,0.87
20,106,20106,0.02,,0,0,0,0,1.4,0,0.01,0,0,0,0,,,0,0,,0.35,,1.27,0,0,0,0,0,0,0.09
20,107,20107,0.96,,0.02,0,0.08,0,5.52,0,1.22,0,0.16,0.01,0,,,0,0,,0.29,,,0,0,0,0,0,0.03,0.13
20,108,20108,0.27,0,0,0,0.02,0,19.33,0,0.04,0,0.01,0,0,,,0,0,,1.72,,,0,0,0,0,0,0,1.08
20,109,20109,0.08,,0,0,0.01,0,5.64,0,0.01,0,0,0,0,,,0,0,,0.58,,1.27,0,0,0,0.7,0.07,0,0.02
20,110,20110,0.08,,0,0,0.01,0,5.83,0,0,0,0,0,0,,,0,0,,0.22,,1.27,0,0,0,0,0,0,0.07
20,111,20111,0.25,,0,0,0.02,0,17.4,0,0.01,0,0,0,0,,,0,0,,2.25,,,0,0,0,0,0,0,0.21
20,112,20112,0.17,0,0,0,0.02,0,12.2,0,0.08,0,0.01,0,0,,,0,0,,2.52,,,0,0,0,0,0,0,1.58
20,113,20113,0.18,,0,0,0.02,0,12.36,0,0.02,0,0,0,0,,,0,0,,1.62,,,0,0,0,0,0,0,0.21
20,114,20114,0.04,,0,0,0.01,0,3.1,0,0,0,0,0,0,,,0,0,,0.14,,,0,0,0,0,0,0,0
20,115,20115,0.51,0,0.01,0,0.05,0,2.49,0,0.73,0,0.1,0.01,0,,,0,0,,1.11,,,0,0,0,0,0,0,0.68
20,116,20116,0.24,,0,0,0.02,0,16.68,0,0,0,0,0,0,,,0,0,,2.25,,,0,0,0,0,0,0,0.1
20,117,20117,0.17,,0,0,0.01,0,11.76,0,0.04,0,0.01,0,0,,,0,0,,2.38,,,0,0,0,0,0,0,0.32
20,118,20118,0.16,,0,0,0.01,0,11.17,0,0.04,0,0.01,0,0,,,0,0,,0.78,,,0,0,0,0,0,0,0.49
20,119,20119,0.02,0,0,0,0,0,1.71,0,0.01,0,0,0,0,,,0,0,,0.24,,,0,0,0,0,0,0,0.08
20,120,20120,0.02,,0,0,0,0,1.71,0,0.01,0,0,0,0,,,0,0,,0.03,,,0,0,0,0,0,0,0
20,121,20121,0.04,0,0,0,0.01,0,3.06,0,0,0,0,0,0,,,0,0,,1.43,,1.27,0,0,0,0,0,0,0.34
20,122,20122,0.04,,0,0,0,0,2.97,0,0.01,0,0,0,0,,,0,0,,0.57,,,0,0,0,0,0,0,0
20,123,20123,0.15,0,0,0,0.01,0,10.76,0,0.02,0,0,0,0,,,0,0,,1.6,,,0,0,0,0,0,0,1.04
20,124,20124,1.08,,0.01,0,0.1,0,40.99,0,2.34,0.01,0.31,0.02,0,,,0,0,,6.03,,,0,0,0,0,0,0,2.25
20,125,20125,0.63,,0,0,0.01,0,44.29,0,0.03,0,0,0,0,,,0,0,68.02,6.61,,,0,0,0,0,0,0,0
20,126,20126,0.25,,0,0,0.02,0,17.87,0,0.98,0,0.13,0.01,0,,,0,0,,1.77,,,0,0,0,0,0,0,0
20,127,20127,0.08,0,0,0,0.01,0,5.3,0,0,0,0,0,0,,,0,0,,0.3,,1.27,0,0,0,0,0,0,0.1
20,128,20128,0.07,,0,0,0.01,0,5.08,0,0.06,0,0.01,0,0,,,0,0,,0.37,,1.27,0,0,0,0,0,0,0
20,129,20129,0.02,,0,0,0,0,1.1,0,0.01,0,0,0,0,,,0,0,,0.89,,1.27,0,0,0,0,0,0,0.2
20,130,20130,0.33,0,0,0,0.03,0,23.21,0,0.06,0,0.01,0,0,,,0,0,,1.22,,,0,0,0,0.73,0.07,0,0.46
20,131,20131,0.61,,0.01,0,0.05,0,42.63,0,0.47,0,0.06,0,0,,,0,0,9.26,0.94,,,0,0,0,0,0,0,0.75
20,132,20132,0.07,,0,0,0.01,0,4.91,0,0.02,0,0,0,0,,,0,0,,1.11,,,0,0,0,0,0,0,0.69
20,133,20133,0.23,,0,0,0.02,0,16.52,0,0.01,0,0,0,0,,,0,0,0.41,1.22,,,0,0,0,0,0,0,0.4
20,134,20134,1.62,,0.01,0,0.13,0,114.1,0,0.12,0,0.02,0,0,,,0,0,,19.5,,,0,0,0,0,0,0,8.23
20,135,20135,0.4,,0,0,0.03,0,27.95,0,0.22,0,0.03,0,0,,,0,0,1.28,1.82,,,0,0,0,0,0,0,1.1
20,136,20136,0.74,,0.01,0,0.01,0,52.31,0,0.07,0,0.01,0,0,,,0,0,,12.12,,,0,0,0,0,0,0,6.18
20,137,20137,0.2,,0,0,0.02,0,14.24,0,0.01,0,0,0,0,,,0,0,,1.8,,,0,0,0,0,0,0,0
20,138,20138,0.02,,0,0,0,0,1.67,0,0,0,0,0,0,,,0,0,,0.16,,,0,0,0,0,0,0,0
20,139,20139,0.13,,0,0,0.01,0,8.84,0,0,0,0,0,0,,,0,0,,1.1,,,0,0,0,0,0,0,0.05
20,140,20140,0.04,,0,0,0,0,3.02,0,0,0,0,0,0,,,0,0,,1.48,,1.27,0,0,0,0,0,0,0.38
20,141,20141,0.44,,0.01,0,0.04,0,30.89,0,0.05,0,0.01,0,0,,,0,0,,4.97,,,0,0,0,0,0,0,1.6
20,142,20142,0.08,,0,0,0.01,0,5.62,0,0,0,0,0,0,,,0,0,,0.58,,,0,0,0,0,0,0,0.02
20,143,20143,0.58,0,0.01,0,0.06,0,40.66,0,0.08,0,0.01,0,0,,,0,0,,9.69,,,0,0,0,0.81,0.08,0,3
20,144,20144,0.06,0,0,0,0.01,0,3.96,0,0.03,0,0,0,0,,,0,0,,1.24,,1.27,0,0,0,0,0,0,0.3
20,145,20145,0.12,,0,0,0.01,0,8.63,0,0.2,0,0.03,0,0,,,0,0,,0.55,,,0,0,0,0,0,0,0.34
20,146,20146,0.14,,0,0,0.01,0,10.06,0,0.03,0,0,0,0,,,0,0,,0.45,,,0,0,0,0,0,0,0
20,147,20147,0.02,,0,0,0,0,1.53,0,0.02,0,0,0,0,,,0,0,,0.39,,1.27,0,0,0,0,0,0,0.12
20,148,20148,0.12,,0,0,0.01,0,8.25,0,0.01,0,0,0,0,,,0,0,,0.88,,,0,0,0,0,0,0,0
20,149,20149,0.08,,0,0,0.01,0,5.94,0,0.02,0,0,0,0,,,0,0,14.91,0.8,,,0,0,0,0,0,0,0
20,150,20150,0.66,,0.02,0,0.05,0,46.18,0,0.18,0,0.02,0,0,,,0,0,0.82,2.95,,,0,0,0,0.8,0.08,0,1.85
20,151,20151,0.02,,0,0,0,0,1.75,0,0.01,0,0,0,0,,,0,0,,0.8,,1.27,0,0,0,0,0,0,0.19
20,152,20152,0.08,,0,0,0.01,0,5.55,0,0,0,0,0,0,,,0,0,,0.74,,,0,0,0,0,0,0,0.24
20,153,20153,0.25,,0,0,0.02,0,17.66,0,0.04,0,0,0,0,,,0,0,0.87,5.4,,,0,0,0,0,0,0,0.67
20,154,20154,0.13,,0,0,0.01,0,9.03,0,0,0,0,0,0,,,0,0,,1.12,,,0,0,0,0,0,0,0
20,155,20155,0.05,0,0,0,0,0,3.55,0,0,0,0,0,0,,,0,0,,0.51,,,0,0,0,0,0,0,0
20,156,20156,0.2,,0,0,0.02,0,13.93,0,0.02,0,0,0,0,,,0,0,17.21,1.66,,1.27,0,0,0,0,0,0,0
20,157,20157,0.64,,0.02,0,0.06,0,45.38,0,0.57,0,0.08,0.01,0,,,0,0,,0.17,,,0,0,0,0,0,0.03,0.11
20,158,20158,0.14,,0,0,0.01,0,9.64,0,0,0,0,0,0,,,0,0,,1.47,,,0,0,0,0,0,0,0
20,159,20159,0.32,,0,0,0.02,0,22.37,0,0.01,0,0,0,0,,,0,0,1.03,2.49,,,0,0,0,0,0,0,0
20,160,20160,0.11,,0,0,0.01,0,7.83,0,0.06,0,0.01,0,0,,,0,0,,0.36,,,0,0,0,0,0,0,0.12
20,161,20161,0.17,0,0,0,0.02,0,12.29,0,0.02,0,0,0,0,,,0,0,,0.05,,,0,0,0,0.6,0.06,0,0.04
20,162,20162,0.11,,0,0,0.01,0,7.86,0,0.01,0,0,0,0,,,0,0,,1.41,,1.27,0,0,0,0,0,0,0.88
20,163,20163,0.1,,0,0,0.01,0,6.84,0,0.03,0,0,0,0,,,0,0,,0.67,,,0,0,0,0,0,0,0.03
20,164,20164,0.19,,0,0,0.02,0,13.29,0,0.03,0,0,0,0,,,0,0,,0.68,,,0,0,0,0,0,0,0.22
20,165,20165,0.09,,0,0,0.01,0,6.03,0,0.03,0,0,0,0,,,0,0,,0.75,,,0,0,0,0,0,0,0.25
20,166,20166,0.65,,0.01,0,0.06,0,45.84,0,0.21,0,0.03,0,0,,,0,0,,23.04,,1.27,0,0,0,0,0,0,8.89
20,167,20167,0.12,,0,0,0.01,0,8.37,0,0.04,0,0.01,0,0,,,0,0,1.37,1.2,,,0,0,0,0,0,0,0
20,168,20168,0.06,0,0,0,0.01,0,4.29,0,0.01,0,0,0,0,,,0,0,,2.24,,,0,0,0,0,0,0,0.16
20,169,20169,0.24,,0,0,0.02,0,16.58,0,0.01,0,0,0,0,,,0,0,,1.11,,,0,0,0,0,0,0,0.62
20,170,20170,0.23,,0,0,0.02,0,15.91,0,0.07,0,0.01,0,0,,,0,0,,0.25,,,0,0,0,0,0,0,0
20,171,20171,1.16,,0,0,0.11,0,81.42,0,0.01,0,0,0,0,,,0,0,0.33,18.1,,,0,0,0,0,0,0,0.82
20,172,20172,0.03,,0,0,0,0,1.8,0,0,0,0,0,0,,,0,0,,0.27,,1.27,0,0,0,0,0,0,0.09
20,173,20173,0.08,0,0,0,0.01,0,5.85,0,0,0,0,0,0,,,0,0,0.33,0.37,,1.27,0,0,0,0,0,0,0
20,174,20174,0.2,0,0.01,0,0.02,0,1.33,0,0.06,0,0.01,0,0,,,0,0,,0.65,,,0,0,0,0,0,0,0.5
20,175,20175,0.09,0,0,0,0.01,0,6.22,0,0.01,0,0,0,0,,,0,0,,0.61,,,0,0,0,0,0,0,0.39
20,176,20176,0.18,,0,0,0.02,0,12.86,0,0.03,0,0,0,0,,,0,0,,2.77,,1.27,0,0,0,0,0,0,0.65
20,177,20177,0.59,,0.01,0,0.06,0,41.25,0,0.09,0,0.01,0,0,0.6,,0,0,,2.95,,1.27,0,0,0,1.04,0.1,0,0.16
20,178,20178,0.31,,0,0,0.03,0,22.07,0,0,0,0,0,0,,,0,0,,1.07,,,0,0,0,0,0,0,0.68
20,179,20179,0.08,0,0,0,0.01,0,5.63,0,0.02,0,0,0,0,,,0,0,,1.34,,,0,0,0,0,0,0,0.82
20,180,20180,0.14,,0,0,0.01,0,9.62,0,0.02,0,0,0,0,,,0,0,,2.2,,,0,0,0,0,0,0,0.17
20,181,20181,0.03,,0,0,0,0,1.85,0,0,0,0,0,0,,,0,0,,0.28,,,0,0,0,0,0,0,0.09
20,182,20182,0.14,,0,0,0.01,0,10.07,0,0.01,0,0,0,0,,,0,0,,1.81,,,0,0,0,0,0,0,0.08
20,183,20183,0.09,,0,0,0.01,0,6.48,0,0,0,0,0,0,,,0,0,,0.36,,,0,0,0,0,0,0,0.12
20,184,20184,9.22,0,0.32,0,0.96,0,649.51,0,9.42,0.02,1.25,0.09,0,5.86,,0,0,,122.41,,1.27,0,0,0,1.14,0.11,0.63,44
20,185,20185,0.52,0,0.01,0,0.04,0,36.55,0,0.12,0,0.02,0,0,,,0,0,,3.23,,,0,0,0,0,0,0,0.29
20,186,20186,0.04,,0,0,0,0,2.5,0,0,0,0,0,0,,,0,0,,0.23,,,0,0,0,0,0,0,0.08
20,187,20187,0.13,,0,0,0.01,0,9.07,0,0,0,0,0,0,,,0,0,,2.53,,,0,0,0,0,0,0,0.11
20,188,20188,0.55,,0,0,0.05,0,38.95,0,0.07,0,0.01,0,0,,,0,0,,2.87,,,0,0,0,0,0,0,0.29
20,189,20189,0.15,,0,0,0.01,0,10.73,0,0,0,0,0,0,,,0,0,,5.72,,,0,0,0,0,0,0,2.06
20,190,20190,1.43,,0.01,0,0.13,0,101,0,0.13,0,0.02,0,0,,,0,0,15,41.95,,,0,0,0,0,0,0,0.02
20,191,20191,0.02,0,0,0,0,0,1.26,0,0,0,0,0,0,,,0,0,,0.26,,1.27,0,0,0,0,0,0,0
20,192,20192,0.08,0,0,0,0.01,0,5.94,0,0.04,0,0,0,0,,,0,0,,0.87,,,0,0,0,0,0,0,0.54
20,193,20193,0.14,0,0,0,0.01,0,9.89,0,0.04,0,0.01,0,0,,,0,0,134.03,1.31,,,0,0,0,0,0,0,0.82
20,194,20194,0.08,,0,0,0.01,0,5.51,0,0.28,0,0.04,0,0,,,0,0,,1.24,,,0,0,0,0,0,0,0.86
20,195,20195,0.08,,0,0,0.01,0,5.75,0,0.01,0,0,0,0,,,0,0,,0.44,,1.27,0,0,0,0,0,0,0.12
20,196,20196,0.03,,0,0,0,0,1.85,0,0,0,0,0,0,,,0,0,,0.12,,1.27,0,0,0,0,0,0,0
20,197,20197,0.19,,0.01,0,0.02,0,13.21,0,0.07,0,0.01,0,0,,,0,0,,0.34,,,0,0,0,0.47,0.04,0,0.21
20,198,20198,1.76,0,0.01,0,0.19,0,124.22,0,0.08,0,0.01,0,0,,,0,0,,35.08,,,0,0,0,0.93,0.09,0,12.65
20,199,20199,0.05,,0,0,0,0,3.22,0,0,0,0,0,0,,,0,0,,0.36,,,0,0,0,0,0,0,0.12
20,200,20200,0.23,,0,0,0.02,0,15.98,0,0.02,0,0,0,0,,,0,0,2.05,1.54,,1.27,0,0,0,0,0,0,0
20,201,20201,0.12,,0,0,0.01,0,8.57,0,0.01,0,0,0,0,,,0,0,6.71,0.73,,,0,0,0,0,0,0,0
20,202,20202,0.25,,0,0,0.02,0,17.69,0,0.01,0,0,0,0,,,0,0,6.19,5.42,,,0,0,0,0,0,0,0.64
20,203,20203,0.21,,0,0,0.02,0,15.11,0,0,0,0,0,0,,,0,0,,0.75,,,0,0,0,0,0,0,0.47
20,204,20204,0.04,,0,0,0,0,3.03,0,0,0,0,0,0,,,0,0,0.4,1.5,,,0,0,0,0,0,0,0
20,205,20205,1.04,,0,0,0.09,0,73.4,0,0,0,0,0,0,,,0,0,5.41,23.6,,,0,0,0,0,0,0,9.03
20,206,20206,0.16,,0,0,0.02,0,10.99,0,0.03,0,0,0,0,,,0,0,,0.71,,,0,0,0,0,0,0,0.03
20,207,20207,1.03,,0,0,0.09,0,72.51,0,0.01,0,0,0,0,,,0,0,,30.06,,,0,0,0,0,0,0.46,0.01
20,208,20208,0.47,,0,0,0.05,0,33.35,0,0.03,0,0,0,0,,,0,0,,2.73,,,0,0,0,0,0,0,0.92
20,209,20209,0.06,0,0,0,0.01,0,4.06,0,0.01,0,0,0,0,,,0,0,,0.89,,,0,0,0,0,0,0,0
20,210,20210,0.37,,0,0,0.03,0,26.04,0,0,0,0,0,0,,,0,0,,2.86,,1.27,0,0,0,0,0,0,0.91
20,211,20211,0.18,,0,0,0.01,0,12.49,0,0.01,0,0,0,0,,,0,0,10.25,1.07,,,0,0,0,0,0,0,0
20,212,20212,0.17,,0,0,0.01,0,12.21,0,0,0,0,0,0,,,0,0,,1.28,,,0,0,0,0,0,0,0.72
20,213,20213,0.27,0,0,0,0.02,0,18.66,0,0,0,0,0,0,,,0,0,52.34,1.57,,,0,0,0,0,0,0,0.19
20,214,20214,0.16,,0,0,0.01,0,10.91,0,0.02,0,0,0,0,,,0,0,,0.43,,,0,0,0,0,0,0,0
20,215,20215,0.04,0,0,0,0,0,2.94,0,0,0,0,0,0,,,0,0,,2.03,,1.27,0,0,0,0,0,0,0.52
20,216,20216,0.07,,0,0,0.01,0,4.9,0,0.07,0,0.01,0,0,,,0,0,,0.24,,1.27,0,0,0,0,0,0,0
20,217,20217,0.2,0,0,0,0.02,0,14.24,0,0,0,0,0,0,,,0,0,,2.76,,1.27,0,0,0,0,0,0,0.91
20,218,20218,0.03,0,0,0,0,0,2.3,0,0.01,0,0,0,0,,,0,0,19.36,0.25,,,0,0,0,0,0,0,0.08
20,219,20219,0.16,,0,0,0.02,0,11.47,0,0.02,0,0,0,0,,,0,0,,0.73,,,0,0,0,0,0,0,0.44
20,220,20220,0.19,,0,0,0.02,0,13.09,0,0,0,0,0,0,,,0,0,,1,,,0,0,0,0,0,0,0.04
20,221,20221,0.09,,0,0,0.01,0,6.04,0,0.01,0,0,0,0,,,0,0,,0.98,,1.27,0,0,0,0,0,0,0.24
20,222,20222,0.1,,0,0,0.01,0,6.72,0,0.11,0,0.02,0,0,,,0,0,,0.52,,1.27,0,0,0,0,0,0,0
20,223,20223,0.04,,0,0,0,0,2.52,0,0.01,0,0,0,0,,,0,0,,0.38,,,0,0,0,0,0,0,0
20,224,20224,0.04,0,0,0,0,0,2.95,0,0.01,0,0,0,0,,,0,0,,2.17,,1.27,0,0,0,0,0,0,0.53
20,225,20225,0.37,,0,0,0.03,0,25.98,0,0,0,0,0,0,,,0,0,,2.94,,,0,0,0,0,0,0,0.3
20,226,20226,0.16,,0,0,0.02,0,11.13,0,0.11,0,0.01,0,0,,,0,0,,1.94,,,0,0,0,0,0,0,1.29
20,227,20227,0.74,,0.03,0,0.01,0,13.63,0,0.21,0,0.03,0,0,,,0,0,,0.71,,,0,0,0,0,0,0,0.39
20,228,20228,0.05,,0,0,0,0,3.32,0,0.02,0,0,0,0,,,0,0,,0.15,,,0,0,0,0,0,0,0.01
20,229,20229,0.4,,0,0,0.03,0,28.39,0,0,0,0,0,0,,,0,0,73.92,2.03,,,0,0,0,0,0,0,0
20,230,20230,0.06,0,0,0,0.01,0,4.26,0,0.01,0,0,0,0,,,0,0,,0.33,,,0,0,0,0,0,0,0.11
20,231,20231,0.16,,0,0,0.01,0,11.34,0,0.01,0,0,0,0,,,0,0,,0.66,,,0,0,0,0,0,0,0
20,232,20232,1.27,,0.01,0,0.1,0,89.28,0,0.07,0,0.01,0,0,,,0,0,,38.5,,1.27,0,0,0,0,0,0,14.38
20,233,20233,0.11,,0,0,0.01,0,7.95,0,0.02,0,0,0,0,,,0,0,,0.94,,,0,0,0,0,0,0,0.6
20,234,20234,0.47,,0,0,0.04,0,33.18,0,0,0,0,0,0,,,0,0,,2.18,,,0,0,0,0,0,0,0.08
20,235,20235,0.22,,0,0,0.02,0,15.25,0,0.29,0,0.04,0,0,,,0,0,,2.35,,,0,0,0,0,0,0,0
20,236,20236,0.09,,0,0,0.01,0,6.29,0,0,0,0,0,0,,,0,0,,0.26,,,0,0,0,0,0,0,0
20,237,20237,0.13,0,0,0,0.01,0,9.48,0,0.02,0,0,0,0,,,0,0,,0.75,,,0,0,0,0,0,0,0.25
20,238,20238,0.05,,0,0,0,0,3.42,0,0,0,0,0,0,,,0,0,,0.46,,,0,0,0,0,0,0,0.29
20,239,20239,0.06,,0,0,0.01,0,4.55,0,0,0,0,0,0,,,0,0,,0.66,,1.27,0,0,0,0,0,0,0.2
20,240,20240,0.16,,0,0,0.01,0,11.48,0,0,0,0,0,0,,,0,0,,0.74,,,0,0,0,0,0,0,0.24
20,241,20241,0.06,,0,0,0.01,0,4.4,0,0.03,0,0,0,0,,,0,0,,0.18,,,0,0,0,0,0,0,0.1
20,242,20242,0.79,,0,0,0.04,0,55.74,0,0.01,0,0,0,0,,,0,0,,0.91,,,0,0,0,0,0,0,0.3
20,243,20243,0.1,,0,0,0.01,0,7.33,0,0.69,0,0.09,0.01,0,,,0,0,23.44,1.24,,,0,0,0,0,0,0,0.77
20,244,20244,0.23,,0,0,0.02,0,16.15,0,0.03,0,0,0,0,,,0,0,1.37,1.24,,1.27,0,0,0,0,0,0,0.05
20,245,20245,0.08,,0,0,0.01,0,5.39,0,0.01,0,0,0,0,,,0,0,,0.78,,,0,0,0,0,0,0,0.27
20,246,20246,0.04,,0,0,0,0,2.58,0,0.04,0,0.01,0,0,,,0,0,,0.15,,,0,0,0,0,0,0,0
20,247,20247,0.08,0,0,0,0.01,0,5.9,0,0.02,0,0,0,0,,,0,0,0.1,0,,1.27,0,0,0,0,0,0,0
20,248,20248,0.81,,0.01,0,0.06,0,56.92,0,0.07,0,0.01,0,0,,,0,0,,1.18,,,0,0,0,0,0,0,0.42
20,249,20249,0.21,,0,0,0.02,0,14.8,0,0.03,0,0,0,0,,,0,0,,0.92,,,0,0,0,0,0,0,0.04
20,250,20250,0.07,,0,0,0.01,0,4.88,0,0,0,0,0,0,,,0,0,,2.34,,1.27,0,0,0,0,0,0,0.57
20,251,20251,0.07,,0,0,0.01,0,5.06,0,0.01,0,0,0,0,,,0,0,,0.23,,,0,0,0,0,0,0,0.07
20,252,20252,0.11,,0,0,0.01,0,7.78,0,0.07,0,0.01,0,0,,,0,0,,0.68,,,0,0,0,0,0,0,0.22
20,253,20253,0.17,,0,0,0.02,0,11.89,0,0.02,0,0,0,0,,,0,0,2.02,6.18,,,0,0,0,0,0,0,0.9
20,254,20254,0.18,,0,0,0.02,0,12.61,0,0.05,0,0.01,0,0,,,0,0,,0.55,,,0,0,0,0,0,0,0
20,255,20255,0.12,0,0,0,0.01,0,8.41,0,0.03,0,0,0,0,,,0,0,19.36,1.42,,,0,0,0,0,0,0,0.46
20,256,20256,0.01,0,0,0,0,0,1.02,0,0.01,0,0,0,0,,,0,0,,0.25,,1.27,0,0,0,0,0,0,0.07
20,257,20257,0.06,,0,0,0.01,0,4.13,0,0,0,0,0,0,,,0,0,,0.34,,1.27,0,0,0,0,0,0,0
20,258,20258,0.05,0,0,0,0.01,0,3.59,0,0,0,0,0,0,,,0,0,,0.36,,1.27,0,0,0,0,0,0,0.11
20,259,20259,0.14,,0,0,0.01,0,10,0,0.02,0,0,0,0,,,0,0,,0.41,,,0,0,0,0,0,0,0.13
20,260,20260,0.17,,0,0,0.01,0,11.85,0,0,0,0,0,0,,,0,0,,0.59,,1.27,0,0,0,0,0,0,0
20,261,20261,0.38,,0,0,0.03,0,26.68,0,0.02,0,0,0,0,,,0,0,,2.56,,,0,0,0,0,0,0,0.85
20,262,20262,0.06,,0,0,0.01,0,4.55,0,0,0,0,0,0,,,0,0,,0.18,,,0,0,0,0,0,0,0
20,263,20263,0.18,,0,0,0.01,0,12.62,0,0.03,0,0,0,0,,,0,0,,1.78,,,0,0,0,0,0,0,0
20,264,20264,0.13,,0,0,0.01,0,9.14,0,0,0,0,0,0,,,0,0,,1.3,,1.27,0,0,0,0,0,0,0.35
20,265,20265,0.42,,0,0,0.04,0,29.39,0,0.01,0,0,0,0,,,0,0,48.61,11.18,,,0,0,0,0,0,0,4.18
20,266,20266,0.48,,0,0,0.04,0,33.74,0,0.02,0,0,0,0,,,0,0,143.02,7.61,,,0,0,0,0,0,0,1.05
20,267,20267,0.02,,0,0,0,0,1.24,0,0.02,0,0,0,0,,,0,0,,0.05,,,0,0,0,0,0,0,0
20,268,20268,0.05,,0,0,0,0,3.5,0,0.01,0,0,0,0,,,0,0,,1.09,,,0,0,0,0,0,0,0.71
20,269,20269,0.2,,0,0,0.02,0,13.87,0,0.03,0,0,0,0,,,0,0,,1.61,,1.27,0,0,0,0,0,0,0.52
20,270,20270,0.08,,0,0,0.01,0,5.56,0,0.14,0,0.02,0,0,,,0,0,,1.06,,1.27,0,0,0,0,0,0,0.29
20,271,20271,0.15,,0,0,0.01,0,10.73,0,0.01,0,0,0,0,,,0,0,,2.06,,,0,0,0,0,0,0,1.33
20,272,20272,0.37,,0,0,0.02,0,25.72,0,0,0,0,0,0,,,0,0,25.54,4.57,,,0,0,0,0,0,0,0.62
20,273,20273,0.2,0,0,0,0.02,0,14.05,0,0,0,0,0,0,,,0,0,47.6,4.68,,,0,0,0,0,0,0,3.44
20,274,20274,0.09,0,0,0,0.01,0,6.18,0,0,0,0,0,0,,,0,0,,1.15,,,0,0,0,0,0,0,0.38
20,275,20275,0.38,,0,0,0,0,27.03,0,0.02,0,0,0,0,,,0,0,,2.93,,1.27,0,0,0,0,0,0,0
20,276,20276,0.05,,0,0,0.01,0,3.57,0,0.02,0,0,0,0,,,0,0,1.99,0.24,,,0,0,0,0,0,0,0.01
20,277,20277,0.76,0,0.01,0,0.01,0,53.4,0,0.02,0,0,0,0,,,0,0,7.17,7.84,,,0,0,0,0,0,0,0
20,278,20278,2.22,0,0.01,0,0.21,0,156.55,0,0.12,0,0.02,0,0,,,0,0,,23.45,,1.27,0,0,0,0,0,0,10.11
20,279,20279,0.17,,0,0,0.01,0,12.1,0,0.07,0,0.01,0,0,,,0,0,,0.53,,,0,0,0,0,0,0,0
20,280,20280,0.14,,0,0,0.02,0,10.05,0,0.04,0,0.01,0,0,,,0,0,4.04,0.71,,1.27,0,0,0,0,0,0,0
20,281,20281,0.01,0,0,0,0,0,0.98,0,0,0,0,0,0,,,0,0,,0.48,,1.27,0,0,0,0,0,0,0.12
20,282,20282,0.04,,0,0,0,0,3.07,0,0,0,0,0,0,,,0,0,,1.04,,,0,0,0,0,0,0,0.44
20,283,20283,0.06,0,0,0,0.01,0,4.33,0,0.01,0,0,0,0,,,0,0,,1.12,,1.27,0,0,0,0,0,0,0.27
20,284,20284,0.22,,0,0,0.01,0,15.47,0,0.04,0,0.01,0,0,,,0,0,,0,,,0,0,0,0,0,0,0.3
20,285,20285,0.2,,0,0,0.02,0,13.81,0,0.03,0,0,0,0,,,0,0,,3.52,,,0,0,0,0,0,0,0.27
20,286,20286,0.21,,0,0,0.02,0,14.86,0,0.02,0,0,0,0,,,0,0,,0.4,,,0,0,0,0,0,0,0.13
20,287,20287,0.02,,0,0,0,0,1.51,0,0.01,0,0,0,0,,,0,0,,0.24,,1.27,0,0,0,0,0,0,0.06
20,288,20288,0.04,,0,0,0,0,2.84,0,0,0,0,0,0,,,0,0,,0.25,,,0,0,0,0,0,0,0
20,289,20289,0.07,,0,0,0.01,0,4.66,0,0.01,0,0,0,0,,,0,0,,0.75,,,0,0,0,0,0,0,0
20,290,20290,0.06,,0,0,0.01,0,4.21,0,0,0,0,0,0,,,0,0,,0.3,,,0,0,0,0,0,0,0.1
20,291,20291,0.25,0,0,0,0.02,0,17.42,0,0.02,0,0,0,0,,,0,0,2.67,2.26,,,0,0,0,0,0,0,0
20,292,20292,0.08,,0,0,0.01,0,5.69,0,0,0,0,0,0,,,0,0,0.13,1.21,,,0,0,0,0.42,0.04,0,0.76
20,293,20293,0.78,,0.01,0,0.09,0,24.98,0,0.04,0,0.01,0,0,,,0,0,,0.8,,,0,0,0,0.19,0.02,0,0.45
20,294,20294,0.38,,0.01,0,0.04,0,26.64,0,0.16,0,0.02,0,0,,,0,0,,2.07,,,0,0,0,0.18,0.02,0,1.25
20,295,20295,0.52,,0.02,0,0.05,0,36.92,0,0.27,0,0.04,0,0,,,0,0,26.4,4.01,,,0,0,0,0,0,0,2.11
20,296,20296,0.06,,0,0,0.01,0,4.3,0,0.05,0,0.01,0,0,,,0,0,27.47,0.21,,1.27,0,0,0,0,0,0,0
20,297,20297,0.16,,0,0,0.01,0,11.36,0,0,0,0,0,0,,,0,0,,1.26,,1.27,0,0,0,0,0,0,0.39
20,298,20298,0.72,0,0.02,0,0.07,0,50.41,0,0.98,0,0.13,0.01,0,,,0,0,,2,,,0,0,0,0,0,1.49,1.28
20,299,20299,0.06,,0,0,0.01,0,4.49,0,0.32,0,0.04,0,0,,,0,0,,0.26,,,0,0,0,0,0,0,0
20,300,20300,0.35,,0,0,0.03,0,24.59,0,0.03,0,0,0,0,,,0,0,,1,,,0,0,0,0,0,0,0
20,301,20301,0.1,,0,0,0.01,0,6.79,0,0.06,0,0.01,0,0,,,0,0,,1.95,,,0,0,0,0,0,0,1.21
20,302,20302,0.22,,0,0,0.02,0,15.56,0,0.02,0,0,0,0,,,0,0,,1.97,,,0,0,0,0,0,0,0.19
20,303,20303,0.06,,0,0,0.01,0,4.44,0,0.02,0,0,0,0,,,0,0,0.66,0.11,,,0,0,0,0,0,0,0
20,304,20304,0.06,,0,0,0.01,0,3.94,0,0.01,0,0,0,0,,,0,0,,0.9,,1.27,0,0,0,0,0,0,0.26
20,305,20305,0.25,,0.01,0,0.03,0,17.33,0,0.08,0,0.01,0,0,,,0,0,,5.51,,,0,0,0,0.44,0.04,0,1.5
20,306,20306,0.25,,0,0,0.02,0,17.74,0,0,0,0,0,0,,,0,0,,1.57,,,0,0,0,0,0,0,0.2
20,307,20307,0.56,0,0,0,0.06,0,39.69,0,0.06,0,0.01,0,0,,,0,0,,3.24,,,0,0,0,0,0,0.64,1.29
20,308,20308,0.17,,0,0,0.02,0,12,0,0.06,0,0.01,0,0,,,0,0,,1.31,,,0,0,0,0,0,0.06,0.51
20,309,20309,0.7,,0,0,0.06,0,49.12,0,0.02,0,0,0,0,,,0,0,,6.32,,,0,0,0,0,0,0,2.7
20,310,20310,0.34,,0,0,0.03,0,23.91,0,0.1,0,0.01,0,0,,,0,0,,1.5,,,0,0,0,0,0,0,0.9
20,311,20311,0.02,,0,0,0,0,1.22,0,0.24,0,0.03,0,0,,,0,0,,0.32,,1.27,0,0,0,0.51,0.05,0,0.01
20,312,20312,0.65,,0,0,0.05,0,46.06,0,0.01,0,0,0,0,,,0,0,,2.6,,,0,0,0,0,0,0,0.25
20,313,20313,0.05,,0,0,0.01,0,3.69,0,0.66,0,0.09,0.01,0,,,0,0,1.09,0.37,,1.27,0,0,0,0,0,0,0.01
20,314,20314,0.1,0,0.01,0,0.01,0,7.27,0,0.01,0,0,0,0,,,0,0,,0.73,,,0,0,0,0,0,0,0.08
20,315,20315,0.11,,0,0,0.01,0,8,0,0.02,0,0,0,0,,,0,0,,1.53,,,0,0,0,0,0,0,0.95
20,316,20316,0.05,,0,0,0,0,3.24,0,0.01,0,0,0,0,,,0,0,,0.66,,,0,0,0,0,0,0,0
20,317,20317,0.09,,0,0,0.01,0,6.11,0,0,0,0,0,0,,,0,0,0.88,0.58,,1.27,0,0,0,0,0,0,0.18
20,318,20318,2.15,,0.12,0,0.21,0,151.34,0,1.34,0,0.18,0.01,0,,,0,0,0.95,20.5,,,0.13,0.04,0.04,0,0,0.08,0.06
20,319,20319,0.07,,0,0,0.01,0,4.79,0,0,0,0,0,0,,,0,0,,0.47,,,0,0,0,0,0,0,0
20,320,20320,0.05,,0,0,0,0,3.31,0,0.02,0,0,0,0,,,0,0,,0.29,,,0,0,0,0,0,0,0.1
20,321,20321,0.05,,0,0,0.01,0,3.75,0,0,0,0,0,0,,,0,0,,0.48,,1.27,0,0,0,0,0,0,0.14
20,322,20322,0.06,,0,0,0.01,0,4.03,0,0,0,0,0,0,,,0,0,,0.46,,,0,0,0,0,0,0,0.02
20,323,20323,0.14,,0,0,0.01,0,9.75,0,0.01,0,0,0,0,,,0,0,,1.05,,1.27,0,0,0,0,0,0,0
20,324,20324,2.48,,0.06,0,0.22,0,174.33,0,0.81,0,0.11,0.01,0,,,0,0,6.63,8.07,,,0,0,0,0,0,0,1.01
20,325,20325,0.63,,0,0,0.01,0,44.14,0,0.18,0,0.02,0,0,,,0,0,,0.96,,,0,0,0,0,0,0,0.72
20,326,20326,0.29,,0,0,0.02,0,20.68,0,0,0,0,0,0,,,0,0,,3.02,,,0,0,0,0,0,0,0.13
20,327,20327,0.87,0,0.02,0,0.09,0,61.32,0,0.18,0,0.02,0,0,,,0,0,,36.13,,,0,0,0,1.55,0.15,0,12.3
20,328,20328,0.07,,0,0,0,0,4.83,0,0.26,0,0.03,0,0,,,0,0,,1.34,,,0,0,0,0,0,0,0.84
20,329,20329,0.08,0,0,0,0.01,0,5.83,0,0,0,0,0,0,,,0,0,,1.21,,,0,0,0,0,0,0,0.4
20,330,20330,0.26,,0,0,0.02,0,18.6,0,0.01,0,0,0,0,,,0,0,,1.57,,,0,0,0,0,0,0,0.07
20,331,20331,0.04,,0,0,0.01,0,2.9,0,0.03,0,0,0,0,,,0,0,,0.93,,1.27,0,0,0,0,0,0,0.24
20,332,20332,0.02,,0,0,0,0,1.67,0,0,0,0,0,0,,,0,0,,0.38,,1.27,0,0,0,0,0,0,0.11
20,333,20333,0.17,,0,0,0.02,0,11.88,0,0.05,0,0.01,0,0,,,0,0,,1.45,,,0,0,0,0,0,0,0.96
20,334,20334,2.6,,0.04,0,0.25,0,183.17,0,0.51,0,0.07,0,0,,,0,0,11.78,37.16,,,0,0,0,0,0,0,3.98
20,335,20335,0.06,,0,0,0.01,0,4.24,0,0,0,0,0,0,,,0,0,,0.51,,1.27,0,0,0,0,0,0,0
20,336,20336,0.18,,0,0,0.01,0,12.39,0,0.01,0,0,0,0,,,0,0,82.27,0.59,,,0,0,0,0,0,0,0
20,337,20337,0.28,,0.01,0,0.03,0,19.41,0,0.05,0,0.01,0,0,,,0,0,0.89,1.16,,,0,0,0,0,0,0,0
20,338,20338,0.49,,0.02,0,0.04,0,34.31,0,0.55,0,0.07,0.01,0,,,0,0,,0,,,0,0,0,0.12,0.01,0,0.34
20,339,20339,0.23,0,0.01,0,0.02,0,16.46,0,0.43,0,0.06,0,0,,,0,0,,1.7,,1.27,0,0,0,0,0,1.59,0.47
20,340,20340,0.11,0,0,0,0.01,0,7.78,0,0.02,0,0,0,0,,,0,0,,1.25,,,0,0,0,0,0,0,0.42
20,341,20341,0.02,,0,0,0,0,1.1,0,0,0,0,0,0,,,0,0,,0.49,,1.27,0,0,0,0,0,0,0.12
20,342,20342,0.11,,0,0,0.01,0,8.03,0,0.02,0,0,0,0,,,0,0,,0.5,,,0,0,0,0,0,0,0.24
20,343,20343,0.1,,0,0,0.01,0,6.8,0,0.02,0,0,0,0,,,0,0,,0.74,,,0,0,0,0,0,0,0.45
20,344,20344,0.16,,0,0,0.01,0,11.27,0,0.02,0,0,0,0,,,0,0,,1.85,,,0,0,0,0,0,0,0
20,345,20345,0.21,,0,0,0.02,0,15.12,0,0.01,0,0,0,0,,,0,0,,1.95,,,0,0,0,0,0,0,0.16
20,346,20346,0.09,,0,0,0.01,0,6.34,0,0.14,0,0.02,0,0,,,0,0,,1.06,,1.27,0,0,0,0,0,0,0.32
20,347,20347,0.2,,0,0,0.02,0,13.79,0,0.36,0,0.05,0,0,,,0,0,0.13,0.6,,,0,0,0,0,0,0,0
20,348,20348,0.44,,0.01,0,0.04,0,31.07,0,0.04,0,0.01,0,0,,,0,0,2.58,2.16,,,0,0,0,0,0,0,0.73
20,349,20349,0.13,,0,0,0.01,0,8.82,0,0.01,0,0,0,0,,,0,0,,0.62,,,0,0,0,0,0,0,0.38
20,350,20350,1.02,,0.02,0,0.1,0,0.26,0,0.32,0,0.04,0,0,,,0,0,,0.18,,,0,0,0,0,0,0.07,0.11
20,351,20351,0.12,,0,0,0.01,0,8.3,0,0,0,0,0,0,,,0,0,,1,,,0,0,0,0,0,0,0
20,352,20352,0.16,,0,0,0.01,0,11.15,0,0,0,0,0,0,,,0,0,,0.45,,,0,0,0,0,0,0,0.15
20,353,20353,0.11,0,0,0,0.01,0,7.62,0,0,0,0,0,0,,,0,0,,0.98,,,0,0,0,0,0,0,0
20,354,20354,0.04,,0,0,0,0,2.57,0,0,0,0,0,0,,,0,0,,0.29,,,0,0,0,0,0,0,0.01
20,355,20355,0.05,,0,0,0.01,0,3.52,0,0.01,0,0,0,0,,,0,0,22.88,0.26,,,0,0,0,0,0,0,0.01
20,356,20356,0.13,0,0,0,0.01,0,8.97,0,0.52,0,0.07,0.01,0,,,0,0,,0.57,,,0,0,0,0,0,0,0.35
20,357,20357,0.06,,0,0,0.01,0,4.55,0,0.09,0,0.01,0,0,,,0,0,,1.25,,,0,0,0,0,0,0,0
20,358,20358,0.11,,0,0,0.01,0,7.58,0,0.01,0,0,0,0,,,0,0,0.33,1.27,,,0,0,0,0,0,0,0.75
20,359,20359,0.06,0,0,0,0.01,0,4.22,0,0.01,0,0,0,0,,,0,0,,0.16,,1.27,0,0,0,0,0,0,0
20,360,20360,0.2,,0,0,0.02,0,14.36,0,0.02,0,0,0,0,,,0,0,,1.02,,1.27,0,0,0,0,0,0,0.62
20,361,20361,0.06,,0,0,0.01,0,4.46,0,0,0,0,0,0,,,0,0,,0.41,,,0,0,0,0,0,0,0
20,362,20362,0.08,0,0,0,0.01,0,5.8,0,0,0,0,0,0,,,0,0,,0.74,,,0,0,0,0,0,0,0
20,363,20363,0.16,0,0,0,0.02,0,11.14,0,0.01,0,0,0,0,,,0,0,0.7,0.74,,1.27,0,0,0,0,0,0,0
20,364,20364,0.92,,0.02,0,0.07,0,64.61,0,0.2,0,0.03,0,0,,,0,0,148.35,17.55,,,0,0,0,0,0,0,1.74
20,365,20365,0.07,0,0,0,0.01,0,4.93,0,0,0,0,0,0,,,0,0,,0.8,,1.27,0,0,0,0,0,0,0
20,366,20366,0.27,,0,0,0.02,0,18.71,0,0.02,0,0,0,0,,,0,0,,1.29,,,0,0,0,0,0,0,0.17
20,367,20367,0.28,0,0,0,0.02,0,19.81,0,0.07,0,0.01,0,0,,,0,0,,2.09,,,0,0,0,0,0,0,0.19
20,368,20368,0.11,,0,0,0.01,0,7.63,0,0.07,0,0.01,0,0,,,0,0,,0.51,,,0,0,0,0,0,0,0.32
20,369,20369,0.1,,0,0,0.01,0,7.06,0,0.03,0,0,0,0,,,0,0,,0.59,,,0,0,0,0,0,0,0.36
20,370,20370,0.04,,0,0,0,0,2.68,0,0,0,0,0,0,,,0,0,,0.56,,1.27,0,0,0,0,0,0,0.15
20,371,20371,0.06,,0,0,0.01,0,4.13,0,0.01,0,0,0,0,,,0,0,,0.52,,,0,0,0,0,0,0,0.14
20,372,20372,0.12,,0,0,0.01,0,8.38,0,0,0,0,0,0,,,0,0,0.8,0.97,,,0,0,0,0,0,0,0.32
20,373,20373,0.03,,0,0,0,0,1.83,0,0.01,0,0,0,0,,,0,0,,0.31,,,0,0,0,0,0,0,0.1
20,374,20374,0.08,,0,0,0.01,0,5.85,0,0.01,0,0,0,0,,,0,0,,0.43,,,0,0,0,0,0,0,0.02
20,375,20375,0.56,,0.01,0,0.06,0,39.56,0,0.11,0,0.02,0,0,,,0,0,,0.09,,,0,0,0,0,0,0,0.05
20,376,20376,0.02,,0,0,0,0,1.7,0,0,0,0,0,0,,,0,0,,0.12,,,0,0,0,0,0,0,0.04
20,377,20377,0.66,0,0,0,0.06,0,46.67,0,0.59,0,0.08,0.01,0,,,0,0,22.4,2.39,,,0,0,0,0,0,0,0
20,378,20378,0.19,,0,0,0.02,0,13.41,0,0.03,0,0,0,0,,,0,0,3.65,1.78,,1.27,0,0,0,0,0,0,1.06
20,379,20379,0.17,,0,0,0.02,0,12.1,0,0,0,0,0,0,,,0,0,,0.76,,,0,0,0,0,0,0,0.25
20,380,20380,0.12,,0,0,0.01,0,8.58,0,0.19,0,0.03,0,0,,,0,0,,0.64,,,0,0,0,0,0,0,0.39
20,381,20381,0.16,0,0.01,0,0.02,0,11.16,0,0.1,0,0.01,0,0,,,0,0,,1.07,,,0,0,0,0,0,0,0.35
20,382,20382,0.07,,0,0,0.01,0,5.13,0,0.01,0,0,0,0,,,0,0,,0.51,,,0,0,0,0,0,0,0.17
20,383,20383,0.03,,0,0,0,0,2.43,0,0,0,0,0,0,,,0,0,,0.38,,1.27,0,0,0,0,0,0,0.13
20,384,20384,0.25,0,0,0,0.02,0,17.67,0,0.6,0,0.08,0.01,0,,,0,0,,1.11,,,0,0,0,0,0,0,0
20,385,20385,4.2,,0.08,0,0.04,0,58.56,0,1.23,0,0.16,0.01,0,,,0,0,,0.63,,,0,0,0,0.33,0.03,0,0.36
20,386,20386,1.07,0,0,0,0.01,0,75.36,0,0,0,0,0,0,,,0,0,9.79,1.1,,,0,0,0,0,0,0,0
20,387,20387,0.17,0,0,0,0.02,0,11.96,0,0.01,0,0,0,0,,,0,0,0.67,2.63,,1.27,0,0,0,0,0,0,1.54
20,388,20388,0.15,,0,0,0.01,0,10.22,0,0,0,0,0,0,,,0,0,,1.14,,,0,0,0,0,0,0,0.72
20,389,20389,0.06,,0,0,0.01,0,4.38,0,0,0,0,0,0,,,0,0,,0.46,,,0,0,0,0,0,0,0.28
20,390,20390,2.92,,0.11,0,0.29,0,205.57,0,2.75,0.01,0.36,0.03,0,,,0,0,,0.06,,,0,0,0,0.15,0.01,0.43,0.04
20,391,20391,0.19,,0,0,0.02,0,13.58,0,0.01,0,0,0,0,,,0,0,,0.64,,,0,0,0,0,0,0,0
20,392,20392,0.41,,0,0,0.04,0,28.74,0,0,0,0,0,0,,,0,0,8.93,4.41,,,0,0,0,0,0,0,0
20,393,20393,0.23,,0,0,0.02,0,16.09,0,0.01,0,0,0,0,,,0,0,,1.11,,,0,0,0,0,0,0,0.69
20,394,20394,0.16,,0,0,0.02,0,11.35,0,0,0,0,0,0,,,0,0,,2.22,,1.27,0,0,0,0,0,0,0
20,395,20395,0.1,,0,0,0.01,0,7.32,0,0,0,0,0,0,,,0,0,,1.58,,1.27,0,0,0,0,0,0,0.4
20,396,20396,0.21,,0,0,0.02,0,14.48,0,0.01,0,0,0,0,,,0,0,,1.63,,,0,0,0,0,0,0,0.08
20,397,20397,2.21,,0.05,0,0.21,0,155.41,0,0.62,0,0.08,0.01,0,,,0,0,13.6,3.06,,1.27,0,0,0,0,0,0.02,0.95
20,398,20398,0.28,,0.01,0,0.03,0,19.7,0,0.11,0,0.01,0,0,,,0,0,11.47,0,,,0,0,0,0,0,0,1.41
20,399,20399,1.27,0,0.03,0,0.12,0,26.43,0,2.03,0.01,0.27,0.02,0,,,0,0,1.08,0.59,,,0,0,0,0,0,0,0.36
20,400,20400,0.09,,0,0,0.01,0,5.99,0,0.03,0,0,0,0,,,0,0,,0.29,,,0,0,0,0,0,0,0.1
20,401,20401,1.23,,0.02,0,0.1,0,86.37,0,0.07,0,0.01,0,0,,,0,0,,15.2,,,0,0,0,0,0,0,1.42
20,402,20402,0.06,,0,0,0.01,0,4.42,0,0,0,0,0,0,,,0,0,,1.98,,,0,0,0,0,0,0,0.15
20,403,20403,0.13,,0.01,0,0.01,0,2.57,0,0.22,0,0.03,0,0,,,0,0,,0.24,,,0,0,0,0,0,0,0.15
20,404,20404,0.05,,0,0,0.01,0,3.37,0,0,0,0,0,0,,,0,0,,1.95,,1.27,0,0,0,0,0,0,0.51
20,405,20405,0.11,0,0,0,0.01,0,7.58,0,0.29,0,0.04,0,0,,,0,0,12.23,1.29,,1.27,0,0,0,0,0,0,0.12
20,406,20406,1.31,,0,0,0.11,0,92.46,0,0.03,0,0,0,0,,,0,0,,15.03,,,0,0,0,0,0,0,0.68
20,407,20407,0.55,,0,0,0.05,0,38.83,0,0.01,0,0,0,0,,,0,0,1045.64,14.18,,,0,0,0,0,0,0,4.78
20,408,20408,0.03,,0,0,0,0,1.98,0,0,0,0,0,0,,,0,0,,0.25,,1.27,0,0,0,0,0,0,0.07
20,409,20409,0.53,0,0.02,0,0.05,0,3.75,0,1.42,0,0.19,0.01,0,,,0,0,,0.67,,,0,0,0,0,0,0.02,0.41
20,410,20410,0.23,,0,0,0.02,0,16.33,0,0,0,0,0,0,,,0,0,5.05,2.54,,,0,0,0,0,0,0,0
20,411,20411,0.05,,0,0,0,0,3.19,0,0.01,0,0,0,0,,,0,0,,0.23,,,0,0,0,0,0,0,0.14
20,412,20412,0.19,,0,0,0.02,0,13.08,0,0.07,0,0.01,0,0,,,0,0,,7.03,,,0,0,0,0,0,0,2.4
20,413,20413,2.12,,0.13,0,0.22,0,149.15,0,0.59,0,0.08,0.01,0,,,0,0,11.97,8.73,,,0.78,0.31,2.73,0,0,0.02,0.93
20,414,20414,0.65,,0.01,0,0.06,0,46.01,0,0.17,0,0.02,0,0,,,0,0,,9.14,,,0,0,0,0,0,0,0.95
20,415,20415,0.27,0,0,0,0.02,0,19.11,0,0.02,0,0,0,0,,,0,0,,2.36,,,0,0,0,0,0,0,0
20,416,20416,0.04,,0,0,0,0,2.57,0,0.27,0,0.04,0,0,,,0,0,,0.2,,1.27,0,0,0,0.21,0.02,0,0.01
20,417,20417,0.57,0,0,0,0.05,0,40.15,0,0,0,0,0,0,,,0,0,,17.67,,1.27,0,0,0,0,0,0,7.45
20,418,20418,0.71,,0.01,0,0.07,0,49.98,0,0.18,0,0.02,0,0,,,0,0,,4.31,,,0,0,0,0,0,0,1.49
20,419,20419,0.04,,0,0,0,0,2.56,0,0.01,0,0,0,0,,,0,0,,0.21,,1.27,0,0,0,0,0,0,0
20,420,20420,0.09,,0,0,0.01,0,6.53,0,0,0,0,0,0,,,0,0,,0.98,,,0,0,0,0,0,0,0
20,421,20421,0.27,0,0,0,0.03,0,19.05,0,0.03,0,0,0,0,,,0,0,,3.18,,,0,0,0,0,0,0,0.94
20,422,20422,0.04,0,0,0,0,0,2.73,0,0,0,0,0,0,,,0,0,,0.63,,1.27,0,0,0,0,0,0,0.15
20,423,20423,0.04,0,0,0,0,0,2.55,0,0,0,0,0,0,,,0,0,0.54,0.41,,1.27,0,0,0,0,0,0,0.12
20,424,20424,0.26,,0,0,0.02,0,18.08,0,0,0,0,0,0,,,0,0,0.35,1.55,,,0,0,0,0,0,0,0
20,425,20425,0.13,,0,0,0.01,0,9.38,0,0,0,0,0,0,,,0,0,,0.95,,,0,0,0,0,0,0,0.04
20,426,20426,0.49,,0,0,0.03,0,34.33,0,0.01,0,0,0,0,,,0,0,0.27,5.76,,1.27,0,0,0,0,0,0,3.61
20,427,20427,0.88,0,0.01,0,0.09,0,62.31,0,0.12,0,0.02,0,0,,,0,0,,4.71,,,0,0,0,0.23,0.02,0,1.46
20,428,20428,0.1,,0,0,0.01,0,6.91,0,0.01,0,0,0,0,,,0,0,18.74,0.93,,,0,0,0,0,0,0,0
20,429,20429,0.1,,0,0,0.01,0,6.69,0,0,0,0,0,0,,,0,0,0.33,2.92,,,0,0,0,0,0,0,0
20,430,20430,0.02,0,0,0,0,0,1.36,0,0,0,0,0,0,,,0,0,2.46,0.37,,,0,0,0,0,0,0,0.12
20,431,20431,0.11,,0,0,0.01,0,7.56,0,0.03,0,0,0,0,,,0,0,,0.68,,1.27,0,0,0,0.84,0.08,0,0.03
20,432,20432,0.06,,0,0,0.01,0,4.15,0,0.03,0,0,0,0,,,0,0,,0.31,,1.27,0,0,0,0,0,0,0
20,433,20433,0.17,,0,0,0.01,0,11.81,0,0,0,0,0,0,,,0,0,,1.33,,,0,0,0,0,0,0,0.17
20,434,20434,0.28,,0,0,0.02,0,19.93,0,0,0,0,0,0,,,0,0,,1.1,,,0,0,0,0,0,0,0.04
20,435,20435,0.15,,0,0,0.01,0,10.4,0,0.01,0,0,0,0,,,0,0,,0.53,,,0,0,0,0,0,0,0
20,436,20436,0.06,,0,0,0.01,0,4.09,0,0.81,0,0.11,0.01,0,,,0,0,,0.31,,1.27,0,0,0,0,0,0,0.01
20,437,20437,0.57,,0.01,0,0.05,0,40.44,0,0.12,0,0.02,0,0,,,0,0,,1.62,,,0,0,0,0,0,0,0
20,438,20438,0.1,,0,0,0.01,0,7.05,0,0.01,0,0,0,0,,,0,0,,0.38,,,0,0,0,0,0,0,0.02
20,439,20439,1.35,,0,0,0.11,0,95.36,0,0.01,0,0,0,0,,,0,0,,16.51,,,0,0,0,0,0,0,1.59
20,440,20440,0.06,,0,0,0.01,0,3.95,0,0.01,0,0,0,0,,,0,0,,0.73,,,0,0,0,0,0,0,0.32
20,441,20441,0.46,,0,0,0.04,0,32.72,0,1.3,0,0.17,0.01,0,,,0,0,,2.65,,,0,0,0,0,0,0,1.11
20,442,20442,0.02,,0,0,0,0,1.31,0,0,0,0,0,0,,,0,0,,0.05,,,0,0,0,0,0,0,0
20,443,20443,0.03,,0,0,0,0,1.84,0,0.13,0,0.02,0,0,,,0,0,,0.25,,1.27,0,0,0,0,0,0,0
20,444,20444,0.03,,0,0,0,0,1.94,0,0.01,0,0,0,0,,,0,0,,0.21,,,0,0,0,0,0,0,0.07
20,445,20445,0.08,,0,0,0.01,0,5.77,0,0,0,0,0,0,,,0,0,,0.7,,1.27,0,0,0,0,0,0,0.22
20,446,20446,0.41,,0,0,0.03,0,29.19,0,0.02,0,0,0,0,,,0,0,,2.85,,,0,0,0,0,0,0,1.06
20,447,20447,0.88,,0.01,0,0.08,0,61.71,0,0.06,0,0.01,0,0,,,0,0,27.05,4.45,,,0,0,0,0,0,0,0
20,448,20448,0.12,,0,0,0.01,0,8.17,0,0,0,0,0,0,,,0,0,1.58,0.92,,,0,0,0,0,0,0,0
20,449,20449,0.2,,0,0,0.02,0,14.21,0,0.07,0,0.01,0,0,,,0,0,,2.51,,,0,0,0,0,0,0,1.61
20,450,20450,0.71,,0,0,0.05,0,49.93,0,0,0,0,0,0,,,0,0,,1.41,,,0,0,0,0,0,0,0
20,451,20451,0.05,,0,0,0.01,0,3.66,0,0,0,0,0,0,,,0,0,,1.19,,1.27,0,0,0,0,0,0,0.36
20,452,20452,0.24,,0,0,0.02,0,17.19,0,0.34,0,0.05,0,0,,,0,0,,1.37,,,0,0,0,0.25,0.02,0,0.88
20,453,20453,0.23,,0,0,0.03,0,16.36,0,0.07,0,0.01,0,0,,,0,0,,1.39,,,0,0,0,0,0,0.01,0.56
20,454,20454,0.2,,0,0,0.02,0,14.32,0,0,0,0,0,0,,,0,0,,1.32,,,0,0,0,0,0,0,0
20,455,20455,0.14,,0,0,0.01,0,10.16,0,0.03,0,0,0,0,,,0,0,,0.57,,,0,0,0,0,0,0,0.19
20,456,20456,0.1,,0,0,0.01,0,6.72,0,0.03,0,0,0,0,,,0,0,,0.24,,,0,0,0,0,0,0,0.08
20,457,20457,0.2,,0,0,0.02,0,13.88,0,0,0,0,0,0,,,0,0,1.68,2.32,,1.27,0,0,0,0,0,0,0
20,458,20458,0.09,0,0,0,0.01,0,6.23,0,0.01,0,0,0,0,,,0,0,,0.59,,,0,0,0,0,0,0,0
20,459,20459,0.27,0,0,0,0.03,0,18.91,0,0.08,0,0.01,0,0,,,0,0,,2.02,,,0,0,0,0,0,0,0.71
20,460,20460,0.32,,0,0,0.03,0,22.37,0,0.01,0,0,0,0,,,0,0,,6.57,,,0,0,0,0,0,0,2.59
20,461,20461,0.03,0,0,0,0,0,2.44,0,0,0,0,0,0,,,0,0,,0.45,,,0,0,0,0,0,0,0.15
20,462,20462,0.26,0,0,0,0.02,0,18.04,0,0.08,0,0.01,0,0,,,0,0,,1.12,,,0,0,0,0,0,0,0.36
20,463,20463,0.04,0,0,0,0.01,0,2.73,0,0,0,0,0,0,,,0,0,0.87,1.1,,1.27,0,0,0,0.57,0.05,0,0.32
20,464,20464,0.03,0,0,0,0,0,1.88,0,0.06,0,0.01,0,0,,,0,0,,0.9,,1.27,0,0,0,0,0,0,0.21
20,465,20465,0.09,,0,0,0.01,0,6.47,0,0.02,0,0,0,0,,,0,0,175.84,1.23,,,0,0,0,0,0,0,0
20,466,20466,0.74,0,0,0,0.05,0,51.86,0,0,0,0,0,0,,,0,0,21.31,4.49,,,0,0,0,0,0,0,0.48
20,467,20467,1.1,,0.02,0,0.1,0,77.31,0,0.29,0,0.04,0,0,,,0,0,,26.88,,,0,0,0,0,0,0,2.56
20,468,20468,0.79,,0,0,0.06,0,55.82,0,0,0,0,0,0,,,0,0,,14.84,,,0,0,0,0,0,0,5.59
20,469,20469,2.13,0,0.04,0,0.16,0,150.08,0,0.35,0,0.05,0,0,,,0,0,115.34,2.16,,,0,0,0,0,0,0,0.72
20,470,20470,0.28,,0,0,0.03,0,19.59,0,0,0,0,0,0,,,0,0,,8.62,,,0,0,0,0,0,0,4.27
20,471,20471,0.03,,0,0,0,0,1.86,0,0,0,0,0,0,,,0,0,,0.16,,1.27,0,0,0,0,0,0,0
20,472,20472,0.17,0,0,0,0.02,0,12.2,0,0.02,0,0,0,0,,,0,0,,3.12,,,0,0,0,0,0,0,1.04
20,473,20473,0.08,,0,0,0.01,0,5.76,0,0.02,0,0,0,0,,,0,0,,0.37,,,0,0,0,0,0,0,0
20,474,20474,0.19,0,0,0,0.02,0,13.57,0,0.02,0,0,0,0,,,0,0,,3.47,,,0,0,0,0,0,0,0.28
20,475,20475,0.59,,0.01,0,0.05,0,41.33,0,0.34,0,0.04,0,0,,,0,0,3.86,2.16,,,0,0,0,0,0,0,1.47
20,476,20476,0.02,,0,0,0,0,1.19,0,0.01,0,0,0,0,,,0,0,2.69,0.16,,,0,0,0,0,0,0,0.05
20,477,20477,0.1,,0,0,0.01,0,6.76,0,0,0,0,0,0,,,0,0,,1.38,,,0,0,0,0,0,0,0
20,478,20478,0.13,0,0,0,0.01,0,8.84,0,0.01,0,0,0,0,,,0,0,,1.68,,1.27,0,0,0,0,0,0,0.06
20,479,20479,0.01,,0,0,0,0,0.88,0,0,0,0,0,0,,,0,0,,0.33,,1.27,0,0,0,0,0,0,0.08
20,480,20480,0.06,,0,0,0.01,0,3.9,0,0,0,0,0,0,,,0,0,1.22,0.48,,1.27,0,0,0,0,0,0,0.15
20,481,20481,0.14,,0,0,0.01,0,9.76,0,0.11,0,0.01,0,0,,,0,0,,2.69,,,0,0,0,0,0,0,1.01
20,482,20482,2.84,,0.09,0,0.26,0,199.68,0,0.64,0,0.08,0.01,0,5.85,,0,0,2.03,24.83,,,0,0,0,0,0,0,2.48
20,483,20483,0.54,,0.01,0,0.05,0,38.27,0,0.03,0,0,0,0,,,0,0,,2.37,,,0,0,0,0.72,0.07,0,1.42
20,484,20484,0.25,,0.01,0,0.02,0,17.75,0,0.03,0,0,0,0,,,0,0,,1.39,,,0,0,0,0,0,0,0.45
20,485,20485,0.18,0,0,0,0.01,0,12.63,0,0,0,0,0,0,,,0,0,,2.81,,,0,0,0,0,0,0,0.23
20,486,20486,0.14,0,0,0,0.01,0,9.78,0,0.02,0,0,0,0,,,0,0,,0,,1.27,0,0,0,0,0,0,0.56
20,487,20487,0.11,,0,0,0.01,0,8.01,0,0.01,0,0,0,0,,,0,0,,1.29,,,0,0,0,0,0,0,0.81
20,488,20488,0.01,,0,0,0,0,0.52,0,0.01,0,0,0,0,,,0,0,,0.21,,1.27,0,0,0,0,0,0,0.05
20,489,20489,0.3,0,0,0,0.03,0,21.15,0,0,0,0,0,0,,,0,0,3.36,3.15,,,0,0,0,0,0,0,0.28
20,490,20490,0.18,,0,0,0.02,0,12.5,0,0,0,0,0,0,,,0,0,,0.96,,,0,0,0,0,0,0,0.04
20,491,20491,0.25,,0,0,0.02,0,17.65,0,0.17,0,0.02,0,0,,,0,0,44.13,1.37,,,0,0,0,0,0,0,0
20,492,20492,0.21,0,0,0,0.02,0,15.04,0,0.01,0,0,0,0,,,0,0,,1.97,,1.27,0,0,0,0,0,0,0.61
20,493,20493,0.03,0,0,0,0,0,2.12,0,0.01,0,0,0,0,,,0,0,,1.91,,1.27,0,0,0,0,0,0,0.51
20,494,20494,0.28,,0,0,0.02,0,19.58,0,0,0,0,0,0,,,0,0,,2.74,,,0,0,0,0,0,0,1.71
20,495,20495,0.18,,0,0,0.02,0,12.71,0,0.01,0,0,0,0,,,0,0,2.74,1.16,,,0,0,0,0,0,0,0
20,496,20496,0.11,0,0,0,0.01,0,7.55,0,0.02,0,0,0,0,,,0,0,1.6,0.57,,1.27,0,0,0,0,0,0,0
20,497,20497,0.23,,0,0,0.02,0,16.47,0,0.02,0,0,0,0,,,0,0,,1.43,,,0,0,0,0,0,0,0.18
20,498,20498,0.35,,0,0,0.03,0,24.73,0,0,0,0,0,0,,,0,0,31.24,35.07,,,0,0,0,0,0,0,13.14
20,499,20499,0.12,,0,0,0.01,0,8.59,0,0.09,0,0.01,0,0,,,0,0,,0.46,,1.27,0,0,0,0,0,0,0.12
20,500,20500,0.46,,0,0,0.05,0,32.34,0,0.04,0,0.01,0,0,,,0,0,83.64,1.85,,1.27,0,0,0,0,0,0,0.6
20,501,20501,0.05,,0,0,0.01,0,3.33,0,0.01,0,0,0,0,,,0,0,,0.26,,,0,0,0,0,0,0,0.09
20,502,20502,0.31,,0,0,0.03,0,21.89,0,0,0,0,0,0,,,0,0,,3.3,,1.27,0,0,0,0,0,0,0
20,503,20503,0.03,,0,0,0,0,1.98,0,0.11,0,0.01,0,0,,,0,0,,0.06,,,0,0,0,0,0,0,0
20,504,20504,0.09,0,0,0,0.01,0,6.68,0,0.03,0,0,0,0,,,0,0,,0.36,,1.27,0,0,0,0,0,0,0
20,505,20505,0.47,,0.01,0,0.05,0,32.8,0,0.21,0,0.03,0,0,,,0,0,,12.65,,1.27,0,0,0,0,0,0,3.32
20,506,20506,0.05,,0,0,0,0,3.36,0,0.17,0,0.02,0,0,,,0,0,,0.72,,,0,0,0,0,0,0,0.48
20,507,20507,0.19,,0,0,0.02,0,13.58,0,0.01,0,0,0,0,,,0,0,,2.66,,,0,0,0,0,0,0,0.23
20,508,20508,0.09,0,0,0,0.01,0,6.21,0,0.02,0,0,0,0,,,0,0,,4.47,,,0,0,0,0,0,0,1.37
20,509,20509,0.56,,0,0,0.04,0,39.32,0,0.03,0,0,0,0,,,0,0,10.43,6.08,,,0,0,0,0,0,0,0.68
20,510,20510,0.1,,0,0,0.01,0,7.11,0,0.03,0,0,0,0,,,0,0,,0.22,,,0,0,0,0,0,0,0.07
20,511,20511,0.21,,0,0,0.02,0,14.62,0,0.01,0,0,0,0,,,0,0,,2.04,,1.27,0,0,0,0,0,0,0.68
20,512,20512,0.06,,0,0,0,0,4.32,0,0.01,0,0,0,0,,,0,0,,0.34,,,0,0,0,0,0,0,0
20,513,20513,0.48,,0,0,0.05,0,34.07,0,0.09,0,0.01,0,0,,,0,0,,10.33,,,0,0,0,0,0,0,4.33
20,514,20514,0.06,,0,0,0.01,0,3.88,0,0,0,0,0,0,,,0,0,,0.42,,1.27,0,0,0,0,0,0,0
20,515,20515,3.65,0,0.11,0,0.04,0,128.27,0,1.43,0,0.19,0.01,0,20.76,,0,0,1.01,14.82,,,0,0,0,0.9,0.09,0.05,5.59
20,516,20516,0.25,0,0,0,0.02,0,17.94,0,0,0,0,0,0,,,0,0,40.58,1.39,,,0,0,0,0,0,0,0
20,517,20517,0.24,,0,0,0.02,0,16.69,0,0.04,0,0.01,0,0,,,0,0,,0.89,,,0,0,0,0,0,0,0
20,518,20518,0.01,,0,0,0,0,0.66,0,0.01,0,0,0,0,,,0,0,,0.55,,1.27,0,0,0,0,0,0,0.12
20,519,20519,0.15,,0,0,0.02,0,2.12,0,0.16,0,0.02,0,0,,,0,0,,0.38,,,0,0,0,0,0,0,0.22
20,520,20520,0.42,,0.01,0,0.04,0,29.36,0,0.08,0,0.01,0,0,,,0,0,,2.41,,,0,0,0,0,0,0.89,0.79
20,521,20521,0.02,,0,0,0,0,1.31,0,0,0,0,0,0,,,0,0,,0.29,,1.27,0,0,0,0,0,0,0.07
20,522,20522,0.06,,0,0,0.01,0,4.17,0,0.01,0,0,0,0,,,0,0,0.53,0.22,,,0,0,0,0,0,0,0
20,523,20523,0.09,,0,0,0.01,0,6.61,0,0.02,0,0,0,0,,,0,0,,2.77,,1.27,0,0,0,0,0,0,0.72
20,524,20524,0.03,,0,0,0,0,1.98,0,0,0,0,0,0,,,0,0,,0.51,,,0,0,0,0,0,0,0.17
20,525,20525,0.68,,0.01,0,0.07,0,48.15,0,0.24,0,0.03,0,0,,,0,0,31.14,15.81,,,0,0,0,0.27,0.03,0,6.81
20,526,20526,0.93,,0.01,0,0.08,0,65.17,0,0.05,0,0.01,0,0,,,0,0,0.41,13,,,0,0,0,0,0,0,1.24
20,527,20527,0.17,,0,0,0.01,0,11.89,0,0,0,0,0,0,,,0,0,,0.35,,,0,0,0,0,0,0,0.01
20,528,20528,0.07,,0,0,0.01,0,5.05,0,0.01,0,0,0,0,,,0,0,,0.44,,,0,0,0,0,0,0,0.14
20,529,20529,0.08,,0,0,0,0,5.94,0,0,0,0,0,0,,,0,0,,0.19,,,0,0,0,0,0,0,0.06
20,530,20530,0.18,,0,0,0.01,0,12.96,0,0.37,0,0.05,0,0,,,0,0,,2.22,,,0,0,0,0,0,0,1.39
20,531,20531,0.12,0,0,0,0.01,0,8.44,0,0.34,0,0.04,0,0,,,0,0,1.08,1.78,,,0,0,0,0,0,0,1.06
20,532,20532,0.24,,0,0,0.02,0,17.02,0,0,0,0,0,0,,,0,0,0.81,1.82,,1.27,0,0,0,0,0,0,0.56
20,533,20533,0.12,,0,0,0.01,0,8.33,0,0.04,0,0.01,0,0,,,0,0,,0.48,,,0,0,0,0,0,0,0
20,534,20534,0.22,,0,0,0.02,0,15.18,0,0.14,0,0.02,0,0,,,0,0,,2.31,,,0,0,0,0,0,0,1.48
20,535,20535,0.2,0,0,0,0.01,0,14.17,0,0.01,0,0,0,0,,,0,0,2.77,0.04,,,0,0,0,0,0,0,0
20,536,20536,0.03,,0,0,0,0,2.11,0,0.01,0,0,0,0,,,0,0,,0.75,,1.27,0,0,0,0,0,0,0.19
20,537,20537,0.41,0,0,0,0.04,0,29.14,0,0.04,0,0.01,0,0,,,0,0,,2.51,,,0,0,0,0,0,0,0.82
20,538,20538,0.04,,0,0,0,0,3.17,0,0.02,0,0,0,0,,,0,0,,0.11,,,0,0,0,0,0,0,0
20,539,20539,0.27,0,0.01,0,0.02,0,18.81,0,0.05,0,0.01,0,0,,,0,0,,2.42,,,0,0,0,0,0,0,1.3
20,540,20540,0.42,,0.02,0,0.04,0,29.83,0,0.33,0,0.04,0,0,,,0,0,,2.96,,1.27,0,0,0,0,0,0,0.68
20,541,20541,0.1,,0,0,0.01,0,7.1,0,0.11,0,0.01,0,0,,,0,0,,0.35,,,0,0,0,0,0,0,0
20,542,20542,0.05,,0,0,0.01,0,3.32,0,0,0,0,0,0,,,0,0,,0.52,,,0,0,0,0,0,0,0.32
20,543,20543,0.34,,0,0,0.03,0,24.16,0,0.05,0,0.01,0,0,,,0,0,,11.27,,,0,0,0,0,0,0,1.18
20,544,20544,0.08,,0,0,0.01,0,5.56,0,0.03,0,0,0,0,,,0,0,74.78,0.3,,1.27,0,0,0,0,0,0,0
20,545,20545,0.55,,0.02,0,0.05,0,38.98,0,0.19,0,0.03,0,0,,,0,0,,0.92,,1.27,0,0,0,0.09,0.01,0,0.04
20,546,20546,0.36,,0.01,0,0.03,0,25.17,0,2.88,0.01,0.38,0.03,0,,,0,0,,0.72,,,0,0,0,0,0,0,0.44
20,547,20547,0.06,,0,0,0.01,0,4.21,0,0.01,0,0,0,0,,,0,0,,0,,1.27,0,0,0,0,0,0,0.32
20,548,20548,0.09,,0,0,0.01,0,6.54,0,0.03,0,0,0,0,,,0,0,,1.89,,1.27,0,0,0,0,0,0,0.42
20,549,20549,0.7,,0.01,0,0.07,0,49.52,0,0.1,0,0.01,0,0,,,0,0,,7.26,,,0,0,0,0,0,0,2.38
20,550,20550,0.3,0,0.01,0,0.03,0,21.02,0,0.12,0,0.02,0,0,,,0,0,,1.17,,,0,0,0,0,0,0,0.72
20,551,20551,1.05,0,0.05,0,0.1,0,74.18,0,1.23,0,0.16,0.01,0,,,0,0,,5.58,,,0,0,0,0.18,0.02,0.01,3.59
20,552,20552,0.03,,0,0,0,0,2.1,0,0,0,0,0,0,,,0,0,,0.77,,1.27,0,0,0,0,0,0,0.17
20,553,20553,0.53,,0.03,0,0,0,8.13,0,1.6,0,0.21,0.02,0,,,0,0,1.82,1.33,,,0,0,0,0.13,0.01,0,0.82
20,554,20554,0.31,,0,0,0.03,0,21.48,0,0.04,0,0.01,0,0,,,0,0,0.03,2.24,,1.27,0,0,0,0,0,0,0
20,555,20555,0.18,,0,0,0.02,0,12.62,0,0,0,0,0,0,,,0,0,,2.18,,,0,0,0,0,0,0,1.07
20,556,20556,0.01,,0,0,0,0,1.06,0,0,0,0,0,0,,,0,0,,0.36,,1.27,0,0,0,0,0,0,0.09
20,557,20557,0.83,,0.02,0,0.09,0,58.34,0,0.31,0,0.04,0,0,,,0,0,,6.62,,1.27,0,0,0,0,0,0,1.72
20,558,20558,0.1,,0,0,0.01,0,6.75,0,0.01,0,0,0,0,,,0,0,,0.27,,,0,0,0,0,0,0,0.01
20,559,20559,1.35,0,0.02,0,0.12,0,95.21,0,0.2,0,0.03,0,0,,,0,0,,13.37,,,0,0,0,0,0,0,7.23
20,560,20560,0.37,0,0,0,0.04,0,26.33,0,0.09,0,0.01,0,0,,,0,0,,1.29,,1.27,0,0,0,0,0,0,0.82
20,561,20561,0.16,0,0,0,0.01,0,10.97,0,0.08,0,0.01,0,0,,,0,0,,2.32,,,0,0,0,0,0,0,1.47
20,562,20562,0.08,0,0,0,0.01,0,5.37,0,0.06,0,0.01,0,0,,,0,0,,0.52,,1.27,0,0,0,0,0,0,0.15
20,563,20563,0.07,,0,0,0.01,0,5.21,0,0,0,0,0,0,,,0,0,,0.84,,,0,0,0,0,0,0,0.53
20,564,20564,0.07,0,0,0,0.01,0,5.28,0,0.15,0,0.02,0,0,,,0,0,,1.45,,,0,0,0,0,0,0,0.47
20,565,20565,1.79,,0.05,0,0.16,0,11.85,0,0.51,0,0.07,0,0,,,0,0,,3.99,,,0,0,0,0.28,0.03,0,1.33
20,566,20566,0.21,0,0,0,0.02,0,14.61,0,0,0,0,0,0,,,0,0,,3.88,,,0,0,0,0,0,0,0
20,567,20567,0.2,,0,0,0.02,0,13.92,0,0,0,0,0,0,,,0,0,,1.2,,,0,0,0,0,0,0,0.39
20,568,20568,0.09,,0,0,0.01,0,6.17,0,0.09,0,0.01,0,0,,,0,0,,0.4,,,0,0,0,0,0,0,0.13
20,569,20569,0.11,,0,0,0.01,0,7.41,0,0.01,0,0,0,0,,,0,0,,1.44,,1.27,0,0,0,0,0,0,0.48
20,570,20570,1.17,0,0.02,0,0.11,0,82.54,0,0.7,0,0.09,0.01,0,,,0,0,4.59,3.58,,1.27,0,0,0,0,0,0,2.16
21,1,21001,3.39,,0.08,0,0.06,0.04,238.66,0,1.64,0,0.18,0.04,0,0.03,,0,0,2.69,15.01,,0.92,0,0,0,1.62,0.15,0,5.36
21,2,21002,0.54,,0.01,0,0.12,0.01,37.83,0,0.19,0,0.02,0,0,0.32,,0,0,,9.14,,,0,0,0,0,0,0,0
21,3,21003,2.08,,0.07,0,0.46,0.02,146.12,0,0.76,0,0.08,0.02,0,0.05,,0,0,,8.38,,,0,0,0,0,0,0.01,3.97
21,4,21004,2.95,,0.07,0,0.51,0.04,207.49,0,3.38,0.01,0.37,0.08,0,0.07,,0,0,1.07,10.72,,0.92,0,0,0,0,0,0,0
21,5,21005,0.19,,0,0,0.04,0,13.09,0,1.62,0,0.18,0.04,0,0.03,,0,0,,3.26,,,0,0,0,0,0,0,0.92
21,6,21006,0.88,,0,0,0.17,0.01,61.76,0,0.06,0,0.01,0,0,0.08,,0,0,,1.77,,,0,0,0,0,0,0,0
21,7,21007,0.22,,0,0,0.04,0,15.29,0,0.01,0,0,0,0,0.07,,0,0,,1.84,,,0,0,0,0,0,0,0.27
21,8,21008,0.61,,0.01,0,0.01,0.01,43.01,0,0.07,0,0.01,0,0,0.09,,0,0,5.59,3.88,,,0,0,0,0.17,0.02,6.36,0.83
21,9,21009,0.13,0,0,0,0.03,0,8.89,0,0.02,0,0,0,0,0.02,,0,0,,0.74,,,0,0,0,0,0,0,0.21
21,10,21010,3.49,,0.03,0,0.59,0.04,245.96,0,7.58,0.02,0.82,0.17,0,0.21,,0,0,,10.14,,0.92,0,0,0,0,0,0,0.32
21,11,21011,0.11,,0,0,0.02,0,7.9,0,0.04,0,0,0,0,0.04,,0,0,,0.96,,,0,0,0,0,0,0,0.27
21,12,21012,0.39,,0,0,0.08,0,27.21,0,0.03,0,0,0,0,0.06,,0,0,1.22,7.68,,0.92,0,0,0,0,0,0,2.88
21,13,21013,1.1,,0.03,0,0.02,0.01,77.45,0,1.53,0,0.17,0.03,0,0.01,,0,0,,6.68,,0.92,0,0,0,0.65,0.06,0.01,0.5
21,14,21014,0.32,,0,0,0.07,0,22.47,0,0.05,0,0.01,0,0,0.07,,0,0,,1.22,,,0,0,0,0,0,0,0
21,15,21015,5.01,,0.09,0,0.97,0.06,40.02,0,3.41,0.01,0.37,0.08,0,0.02,,0,0,15.87,7.98,,0.92,0,0,0,1.15,0.11,0.24,2.87
21,16,21016,0.47,,0,0,0.1,0.01,33.19,0,0.22,0,0.02,0,0,0.09,,0,0,56.36,5.8,,,0,0,0,0,0,0,0.03
21,17,21017,1.41,,0.01,0,0.03,0.02,99.52,0,0.37,0,0.04,0.01,0,0.01,,0,0,,1.39,,,0,0,0,0.18,0.02,0.02,0
21,18,21018,0.23,0,0,0,0.05,0,16.28,0,0.04,0,0,0,0,0.02,,0,0,,3.96,,0.92,0,0,0,0,0,0,0.07
21,19,21019,7.79,0,0.26,0.01,1.72,0.09,548.84,0,7.59,0.02,0.82,0.17,0,0.06,,0,0,4.52,12.88,,,0,0,0,1.95,0.18,0,4.64
21,20,21020,0.4,,0.01,0,0.07,0,27.83,0,0.56,0,0.06,0.01,0,0.08,,0,0,,1.98,,0.92,0,0,0,0,0,0,0.61
21,21,21021,0.08,,0,0,0.02,0,5.54,0,0.01,0,0,0,0,0.01,,0,0,,0.74,,0.92,0,0,0,0,0,0,0.26
21,22,21022,0.7,0,0.01,0,0.14,0.01,49.5,0,0.16,0,0.02,0,0,0.02,,0,0,0.59,6.31,,,0,0,0,0,0,0,1.86
21,23,21023,0.51,,0,0,0.09,0.01,36.13,0,0.19,0,0.02,0,0,0.06,,0,0,3.25,6.04,,,0,0,0,0,0,0,2.33
21,24,21024,0.06,,0,0,0.02,0,4.2,0,0.01,0,0,0,0,0.03,,0,0,,0.57,,,0,0,0,0,0,0,0.16
21,25,21025,0.5,,0.01,0,0.11,0.01,35.42,0,0.16,0,0.02,0,0,0.36,,0,0,,4.3,,,0,0,0,0,0,0.41,0
21,26,21026,0.85,,0.02,0,0.17,0.01,59.84,0,0.14,0,0.01,0,0,0.03,,0,0,3.8,4.77,,,0,0,0,0,0,0,1.66
21,27,21027,0.29,,0,0,0.07,0,20.32,0,0.02,0,0,0,0,0.22,,0,0,,4.54,,0.92,0,0,0,0,0,0,0.04
21,28,21028,0.14,,0,0,0.03,0,9.92,0,0.02,0,0,0,0,0.07,,0,0,,0.65,,,0,0,0,0,0,0,0
21,29,21029,0.24,,0,0,0.05,0,17.14,0,0.08,0,0.01,0,0,0.04,,0,0,,1.53,,,0,0,0,0,0,0,0
21,30,21030,0.05,,0,0,0.01,0,3.28,0,0.01,0,0,0,0,0.03,,0,0,,0.49,,,0,0,0,0,0,0,0
21,31,21031,0.2,,0.01,0,0.05,0,13.95,0,0.1,0,0.01,0,0,0.09,,0,0,,2.53,,,0,0,0,0,0,0,1
21,32,21032,0.09,,0,0,0.02,0,6.09,0,0.03,0,0,0,0,0.05,,0,0,,1.7,,,0,0,0,0,0,0,0.48
21,33,21033,0.29,,0,0,0.06,0,20.18,0,1.34,0,0.15,0.03,0,0.01,,0,0,,3.32,,,0,0,0,0,0,0,0.87
21,34,21034,1.93,,0.04,0,0.34,0.02,5.19,0,3.27,0.01,0.35,0.07,0,0.02,,0,0,,3.54,,,0,0,0,0,0,0,1.38
21,35,21035,1.26,0,0.01,0,0.25,0.01,88.8,0,1.12,0,0.12,0.03,0,0.03,,0,0,,7.56,,,0,0,0,1.29,0.12,0,0
21,36,21036,0.8,,0,0,0.02,0.01,56.68,0,0.07,0,0.01,0,0,0.02,,0,0,,0.62,,,0,0,0,0,0,0,0
21,37,21037,0.14,,0,0,0.04,0,10.07,0,0.19,0,0.02,0,0,0.02,,0,0,,4.16,,0.92,0,0,0,0,0,0,0.2
21,38,21038,0.46,,0.01,0,0.08,0.01,32.27,0,0.43,0,0.05,0.01,0,0.02,,0,0,,1.67,,,0,0,0,0.56,0.05,0,0.41
21,39,21039,0.54,,0,0,0.12,0.01,38.18,0,0.05,0,0.01,0,0,0.08,,0,0,,2.89,,,0,0,0,0,0,0,0
21,40,21040,0.49,,0,0,0.1,0.01,34.69,0,0.79,0,0.08,0.02,0,0.01,,0,0,,5.7,,0.92,0,0,0,0,0,0,1.88
21,41,21041,3.54,,0.06,0,0.78,0.04,25.53,0,44.85,0.12,4.84,1.02,0.0001,0.02,,0,0,,3.7,,,0,0,0,0,0,0.33,1.55
21,42,21042,0.21,,0,0,0.05,0,14.47,0,0.08,0,0.01,0,0,0.02,,0,0,,2.39,,,0,0,0,0,0,0,0.82
21,43,21043,2.92,,0.02,0,0.55,0.03,205.7,0,0.26,0,0.03,0.01,0,0.05,,0,0,,8.68,,,0,0,0,0,0,0,0
21,44,21044,0.92,,0.01,0,0.19,0.01,64.55,0,0.17,0,0.02,0,0,0.05,,0,0,4.84,15.72,,0.92,0,0,0,1.3,0.12,0,4.39
21,45,21045,2.61,,0.06,0,0.53,0.03,183.64,0,1.61,0,0.17,0.04,0,0.06,,0,0,3.65,24.25,,,0,0,0,1.09,0.1,0.04,9.08
21,46,21046,0.4,,0.01,0,0.07,0,27.84,0,0.76,0,0.08,0.02,0,0.16,,0,0,0.95,1.33,,0.92,0,0,0,0.93,0.09,0.07,0.01
21,47,21047,1.18,,0.03,0,0.03,0.01,83.03,0,0.36,0,0.04,0.01,0,0.13,,0,0,,14.1,,0.92,0,0,0,0,0,0.15,4
21,48,21048,1.1,,0.01,0,0.21,0.01,15.62,0,0.28,0,0.03,0.01,0,0.03,,0,0,,2.95,,,0,0,0,0,0,0,1.05
21,49,21049,0.87,,0,0,0.02,0.01,60.94,0,0.06,0,0.01,0,0,0.07,,0,0,,2.18,,,0,0,0,0,0,0,0
21,50,21050,1.47,,0,0,0.23,0.02,103.67,0,0.03,0,0,0,0,0.05,,0,0,,3.08,,,0,0,0,0,0,0,1.8
21,51,21051,2.09,0,0.05,0,0.5,0.02,147.49,0,2.21,0.01,0.24,0.05,0,0.02,,0,0,,13.46,,0.92,0,0,0,1.27,0.12,1.2,4.42
21,52,21052,0.07,,0,0,0.02,0,5.16,0,0.59,0,0.06,0.01,0,0,,0,0,,0.2,,,0,0,0,0,0,0,0
21,53,21053,3.29,0,0.05,0,0.7,0.04,231.56,0,1.68,0,0.18,0.04,0,0.13,,0,0,0.87,38.23,,0.92,0,0,0,0,0,0.33,0.04
21,54,21054,1.66,0,0.01,0,0.3,0.02,117.21,0,2.36,0.01,0.25,0.05,0,0.01,,0,0,24.34,6.59,,,0,0,0,0.25,0.02,0.06,0
21,55,21055,0.29,0,0,0,0.01,0,20.5,0,0.33,0,0.04,0.01,0,0.02,,0,0,,2.61,,0.92,0,0,0,0,0,0,0.5
21,56,21056,0.08,,0,0,0.02,0,5.6,0,0.02,0,0,0,0,0.02,,0,0,,0.92,,,0,0,0,0,0,0.01,0.09
21,57,21057,0.43,,0,0,0.09,0.01,30.05,0,0.08,0,0.01,0,0,0.06,,0,0,,3.83,,,0,0,0,0,0,0.19,0.41
21,58,21058,1.17,,0.01,0,0.18,0.01,82.24,0,0.1,0,0.01,0,0,0.05,,0,0,,4.49,,,0,0,0,0,0,0,3.68
21,59,21059,0.14,,0,0,0.03,0,10.17,0,0.05,0,0.01,0,0,,,0,0,,0.56,,,0,0,0,0,0,0,0.19
21,60,21060,0.36,0,0,0,0.07,0,1.72,0,0.06,0,0.01,0,0,0.01,,0,0,,1.35,,,0,0,0,0,0,0,0.44
21,61,21061,0.72,,0,0,0.14,0.01,50.98,0,0.01,0,0,0,0,0.04,,0,0,,7.23,,,0,0,0,0,0,0,0
21,62,21062,0.27,0,0,0,0.06,0,19.18,0,0.02,0,0,0,0,0.03,,0,0,,2.81,,0.92,0,0,0,0,0,0,1.01
21,63,21063,0.85,,0.02,0,0.19,0.01,60.2,0,0.2,0,0.02,0,0,0.06,,0,0,0,9.23,,,0,0,0,1.34,0.13,0,3.26
21,64,21064,1.02,,0.01,0,0.23,0.01,71.95,0,0.21,0,0.02,0,0,0.33,,0,0,,6.95,,,0,0,0,0,0,0,0.24
21,65,21065,1.11,,0.01,0,0.21,0.01,78.39,0,0.13,0,0.01,0,0,0.03,,0,0,3.38,9.73,,0.92,0,0,0,0,0,0,0.31
21,66,21066,0.41,,0.01,0,0.01,0,28.55,0,0.05,0,0.01,0,0,0.03,,0,0,,8.69,,0.92,0,0,0,0,0,0,3.45
21,67,21067,0.96,,0.02,0,0.19,0.01,67.58,0,0.75,0,0.08,0.02,0,0.05,,0,0,11.26,9.64,,,0,0,0,0,0,0,1.27
21,68,21068,0.48,,0,0,0.1,0.01,33.97,0,0.05,0,0.01,0,0,0.07,,0,0,,2.45,,,0,0,0,0,0,0,0
21,69,21069,1.62,,0.01,0,0.33,0.02,114.24,0,0.13,0,0.01,0,0,0.01,,0,0,,9.29,,,0,0,0,0.63,0.06,0,3.04
21,70,21070,0.42,,0,0,0.09,0,29.39,0,0.34,0,0.04,0.01,0,0.02,,0,0,,3.07,,,0,0,0,0,0,0.43,0.02
21,71,21071,5.8,0,0.16,0.01,1.24,0.07,408.19,0,1.67,0,0.18,0.04,0,0.89,,0,0,12.53,3.84,,,0,0,0,0,0,0.11,0.02
21,72,21072,1,,0.01,0,0.02,0.01,70.17,0,0.15,0,0.02,0,0,0.06,,0,0,,3.89,,,0,0,0,0,0,0,0
21,73,21073,0.53,,0.01,0,0.11,0.01,37.44,0,0.14,0,0.02,0,0,0.07,,0,0,,5.58,,0.92,0,0,0,0,0,0,1.54
21,74,21074,3.82,,0.08,0,0,0.05,130.33,0,14.89,0.04,1.61,0.34,0,0.09,,0,0,,6.99,,,1.89,0.67,0,0.78,0.07,0.07,2.76
21,75,21075,0.71,,0.01,0,0.14,0.01,49.9,0,0.19,0,0.02,0,0,0.03,,0,0,,2.48,,,0,0,0,0,0,0,0
21,76,21076,1.67,,0.01,0,0.35,0.02,117.34,0,1.43,0,0.15,0.03,0,0.39,,0,0,,10.12,,,0,0,0,0,0,0,0
21,77,21077,0.3,,0,0,0.06,0,20.94,0,0.03,0,0,0,0,0.04,,0,0,,2.49,,,0,0,0,0,0,0,0
21,78,21078,0.77,,0,0,0.15,0.01,54.31,0,0.06,0,0.01,0,0,0.04,,0,0,,2.53,,,0,0,0,0,0,0,0
21,79,21079,0.31,,0,0,0.06,0,21.85,0,0.16,0,0.02,0,0,0.07,,0,0,,2.85,,,0,0,0,0,0,0,1.08
21,80,21080,0.19,,0,0,0.04,0,13.65,0,0.03,0,0,0,0,0.02,,0,0,,1.35,,,0,0,0,0,0,0,0
21,81,21081,0.23,,0,0,0.05,0,16.18,0,0.05,0,0.01,0,0,0.04,,0,0,,3.05,,,0,0,0,0,0,0.01,0.79
21,82,21082,0.48,,0.01,0,0.1,0.01,33.51,0,0.11,0,0.01,0,0,0.03,,0,0,,5.11,,0.92,0,0,0,0,0,0.05,0.41
21,83,21083,1.61,0,0,0,0.33,0.02,113.05,0,0.16,0,0.02,0,0,0.1,,0,0,104.29,13.52,,0.92,0,0,0,0,0,0,0.02
21,84,21084,0.43,,0,0,0.08,0.01,30.31,0,0.1,0,0.01,0,0,0.04,,0,0,,2.03,,,0,0,0,0,0,0,0
21,85,21085,4.43,0,0.16,0.01,1,0.05,311.89,0,2.23,0.01,0.24,0.05,0,0.09,,0,0,0.07,19.13,,0.92,0,0,0,1.35,0.13,1.36,6.28
21,86,21086,0.77,,0,0,0.16,0.01,54.23,0,0.01,0,0,0,0,0,,0,0,,7.5,,,0,0,0,0,0,0,0.17
21,87,21087,0.75,,0.01,0,0.16,0.01,52.89,0,0.66,0,0.07,0.01,0,0.03,,0,0,0.4,4.37,,,0,0,0,0,0,0.8,1.24
21,88,21088,0.3,,0,0,0.06,0,21.02,0,0.05,0,0.01,0,0,0.07,,0,0,,2.43,,,0,0,0,0,0,0,0
21,89,21089,0.81,,0.01,0,0.16,0.01,57.28,0,0.07,0,0.01,0,0,,,0,0,,6.96,,,0,0,0,0,0,0,0
21,90,21090,0.95,,0.02,0,0.02,0.01,2.77,0,3.35,0.01,0.36,0.08,0,0.04,,0,0,,3.06,,,0,0,0,0,0,0.01,1.11
21,91,21091,0.61,,0.02,0,0.14,0.01,43.21,0,0.21,0,0.02,0,0,0.06,,0,0,,0.12,,,0,0,0,0,0,0.11,0
21,92,21092,0.32,,0,0,0.07,0,22.36,0,0.42,0,0.05,0.01,0,0.01,,0,0,,4.48,,0.92,0,0,0,0,0,0,0.2
21,93,21093,0.5,,0,0,0.1,0.01,34.92,0,0,0,0,0,0,0.06,,0,0,12.37,6,,,0,0,0,0,0,0,1.18
21,94,21094,1.81,,0.04,0,0.36,0.02,127.31,0,0.53,0,0.06,0.01,0,0.06,,0,0,16.03,15.02,,0.92,0,0,0,1.97,0.19,0,4.72
21,95,21095,0.03,0,0,0,0.01,0,1.91,0,0.08,0,0.01,0,0,0,,0,0,,0.28,,,0,0,0,0,0,0,0
21,96,21096,0.15,,0,0,0.03,0,10.88,0,0.04,0,0,0,0,0.06,,0,0,1.15,2.34,,,0,0,0,0.98,0.09,0,0.93
21,97,21097,0.14,,0,0,0.03,0,9.72,0,0.03,0,0,0,0,0.01,,0,0,,1.34,,0.92,0,0,0,0,0,0,0.13
21,98,21098,0.36,,0,0,0.08,0,25.7,0,0.04,0,0,0,0,0.05,,0,0,,4.01,,0.92,0,0,0,0,0,0,0.53
21,99,21099,1.14,0,0.01,0,0.25,0.01,80.29,0,0.2,0,0.02,0,0,0.06,,0,0,,0,,0.92,0,0,0,1.7,0.16,0,2.67
21,100,21100,0.62,,0,0,0.12,0.01,43.8,0,0.05,0,0.01,0,0,0.06,,0,0,,2.13,,,0,0,0,0,0,0,0
21,101,21101,0.22,,0,0,0.05,0,15.47,0,0.07,0,0.01,0,0,0.02,,0,0,,1.17,,,0,0,0,0,0,0,0
21,102,21102,0.67,,0.02,0,0.12,0.01,47.24,0,0.57,0,0.06,0.01,0,0.03,,0,0,0.81,3.49,,,0,0,0,0,0,0.11,1.27
21,103,21103,0.35,,0,0,0.07,0,24.66,0,0.15,0,0.02,0,0,0.03,,0,0,5.07,1.25,,,0,0,0,0,0,0,0
21,104,21104,1.56,,0.01,0,0.27,0.02,109.66,0,0.17,0,0.02,0,0,0.06,,0,0,,10.63,,0.92,0,0,0,2.08,0.2,0,3.54
21,105,21105,0.29,,0,0,0.01,0,20.3,0,0.03,0,0,0,0,0.05,,0,0,1.07,2.18,,,0,0,0,0,0,0,0.61
21,106,21106,1.35,,0.02,0,0.25,0.02,55.13,0,2.15,0.01,0.23,0.05,0,0.04,,0,0,,0.92,,,0,0,0,0,0,1.13,0.28
21,107,21107,0.77,,0,0,0.14,0.01,54.39,0,0.09,0,0.01,0,0,0.03,,0,0,,3.25,,,0,0,0,0,0,0,0
21,108,21108,0.92,0,0.02,0,0.18,0.01,64.54,0,0.6,0,0.07,0.01,0,0.06,,0,0,1.58,8.55,,,0,0,0,0.33,0.03,1.11,2.93
21,109,21109,1.16,,0.01,0,0.25,0.01,81.82,0,1.33,0,0.14,0.03,0,0.07,,0,0,,1.62,,0.92,0,0,0,0,0,0,0
21,110,21110,2.49,,0.03,0,0.48,0.03,175.58,0,0.35,0,0.04,0.01,0,0.12,,0,0,5.83,27.57,,0.92,0,0,0,0,0,0,2.68
21,111,21111,1.16,,0.01,0,0.25,0.01,82.01,0,0.24,0,0.03,0.01,0,0.28,,0,0,,5.88,,0.92,0,0,0,0,0,0.01,0.23
21,112,21112,0.58,0,0.01,0,0.13,0.01,41.03,0,0.15,0,0.02,0,0,0.05,,0,0,,6.47,,0.92,0,0,0,0,0,0.01,1.94
21,113,21113,0.26,,0,0,0.07,0,18.41,0,0.03,0,0,0,0,0.01,,0,0,,1.73,,,0,0,0,0,0,0,0.61
21,114,21114,94.82,,4.04,0.15,22.34,1.13,199.43,0.01,128.86,0.34,13.92,2.93,0.0004,0.06,,0,0.02,30.99,1.09,0.07,,0,0,0,1.5,0.14,22.49,4.42
21,115,21115,2.71,,0.03,0,0.51,0.03,190.87,0,0.32,0,0.03,0.01,0,0.07,,0,0,,11.8,,0.92,0,0,0,0,0,0,2.59
21,116,21116,1.25,,0,0,0.21,0.01,88.11,0,0.03,0,0,0,0,0.05,,0,0,6.9,2.59,,,0,0,0,0,0,0,2.36
21,117,21117,0.83,,0.03,0,0.16,0.01,58.16,0,9.35,0.02,1.01,0.21,0,0.06,,0,0,,1.6,,0.92,0,0,0,0,0,0,0.53
21,118,21118,1.54,,0.02,0,0.27,0.02,108.52,0,0.17,0,0.02,0,0,0.03,,0,0,,4.93,,,0,0,0,0,0,0,1.41
21,119,21119,5.11,,0.08,0,1.11,0.06,17.39,0,8.54,0.02,0.92,0.19,0,0.05,,0,0,,2.19,,,0,0,0,0,0,0.12,0.83
21,120,21120,0.29,,0,0,0.05,0,20.3,0,0.01,0,0,0,0,0.03,,0,0,,0.9,,0.92,0,0,0,0,0,0,0.02
21,121,21121,0.08,0,0,0,0.02,0,5.76,0,0.07,0,0.01,0,0,0.02,,0,0,,0,,,0,0,0,0,0,0.26,0.16
21,122,21122,0.54,,0,0,0.11,0.01,23.52,0,0.07,0,0.01,0,0,0.04,,0,0,2.43,3.1,,0.92,0,0,0,0,0,0,1.11
21,123,21123,0.27,,0,0,0.06,0,19.36,0,0.01,0,0,0,0,0.07,,0,0,,1.24,,,0,0,0,0,0,0,0
21,124,21124,0.85,0,0.02,0,0.17,0.01,60.15,0,1.46,0,0.16,0.03,0,0.02,,0,0,,2.31,,0.92,0,0,0,0,0,0,0.49
21,125,21125,0.45,,0.01,0,0.01,0.01,0.84,0,2.14,0.01,0.23,0.05,0,0.1,,0,0,,0.93,,,0,0,0,0,0,0,0.28
21,126,21126,0.33,,0,0,0.06,0,23.48,0,0.02,0,0,0,0,0.02,,0,0,0.27,2.98,,,0,0,0,0,0,0.01,1.05
21,127,21127,0.25,,0,0,0.06,0,17.27,0,0.16,0,0.02,0,0,0.03,,0,0,,1.13,,,0,0,0,0,0,0,0.37
21,128,21128,0.47,,0,0,0.1,0.01,33.31,0,0.05,0,0.01,0,0,0.06,,0,0,,6.09,,,0,0,0,1.02,0.1,0,2.24
21,129,21129,0.76,,0.01,0,0.16,0.01,53.39,0,0.19,0,0.02,0,0,0.02,,0,0,,5.53,,0.92,0,0,0,0,0,0,0.26
21,130,21130,0.21,,0,0,0.05,0,14.89,0,0.02,0,0,0,0,0.06,,0,0,,1.12,,0.92,0,0,0,0.58,0.06,0,3.89
21,131,21131,0.05,,0,0,0.01,0,3.44,0,0.38,0,0.04,0.01,0,,,0,0,,0.33,,,0,0,0,0,0,0,0
21,132,21132,8.32,,0.39,0.01,1.68,0.1,16.83,0,15.69,0.04,1.69,0.36,0.0001,0.08,,0,0,,12.05,,,0,0,0,0.74,0.07,0.29,2.76
21,133,21133,0.05,,0,0,0.01,0,3.46,0,0.01,0,0,0,0,0.04,,0,0,,0.91,,,0,0,0,0,0,0,0.36
21,134,21134,1.09,,0.01,0,0.22,0.01,76.69,0,0.17,0,0.02,0,0,0.03,,0,0,,5.58,,0.92,0,0,0,0,0,0,1.93
21,135,21135,0.04,,0,0,0.01,0,2.58,0,0.38,0,0.04,0.01,0,0.03,,0,0,,1.22,,,0,0,0,0,0,0,0.3
21,136,21136,0.68,,0.02,0,0.13,0.01,1.04,0,2.45,0.01,0.26,0.06,0,0,,0,0,,0.61,,,0,0,0,0,0,0,0.22
21,137,21137,0.53,,0,0,0.1,0.01,37.53,0,0.05,0,0.01,0,0,0.06,,0,0,9.47,9.4,,,0,0,0,0,0,2.23,1.53
21,138,21138,0.62,0,0.02,0,0.12,0.01,43.8,0,0.1,0,0.01,0,0,0,,0,0,57.21,2.63,,,0,0,0,0,0,0,0.88
21,139,21139,0.21,,0,0,0.05,0,14.97,0,0.07,0,0.01,0,0,0.02,,0,0,,1.84,,0.92,0,0,0,0,0,0,0.73
21,140,21140,7.24,,0.25,0.01,1.55,0.09,5.41,0,17.58,0.05,1.9,0.4,0.0001,0.02,,0,0,,6.17,,,0,0,0,1.44,0.14,0.32,2.49
21,141,21141,0.21,,0,0,0.05,0,14.49,0,0.07,0,0.01,0,0,0.03,,0,0,,1.79,,0.92,0,0,0,0,0,0,0.69
21,142,21142,1.63,,0.04,0,0.31,0.02,114.42,0,3.33,0.01,0.36,0.08,0,0.06,,0,0,35.32,16.46,,,0,0,0,0.53,0.05,0.43,6.23
21,143,21143,1.53,,0.02,0,0.29,0.02,68.32,0,0.9,0,0.1,0.02,0,0.03,,0,0,2.56,7.71,,0.92,0,0,0,0,0,0,2.76
21,144,21144,0.78,,0.06,0,0.13,0.01,54.66,0,0.18,0,0.02,0,0,0.01,,0,0,,2.56,,,0,0,0,0,0,0,0.42
21,145,21145,0.81,,0,0,0.15,0.01,57.01,0,0.03,0,0,0,0,0.25,,0,0,,5.53,,,0,0,0,0,0,0,0
21,146,21146,0.05,,0,0,0.02,0,3.57,0,0.31,0,0.03,0.01,0,0,,0,0,,0.16,,,0,0,0,0,0,0,0
21,147,21147,0.36,,0,0,0.09,0,25.37,0,0.68,0,0.07,0.02,0,0.11,,0,0,,7.25,,,0,0,0,0,0,0,0
21,148,21148,0.59,,0,0,0.11,0.01,41.3,0,0.01,0,0,0,0,0.02,,0,0,,2.17,,,0,0,0,0,0,0.16,0.83
21,149,21149,1.18,,0.01,0,0.02,0.01,26.85,0,2.59,0.01,0.28,0.06,0,0.02,,0,0,0.99,4,,0.92,0,0,0,0.77,0.07,0.34,0.1
21,150,21150,0.4,,0,0,0.09,0,28.27,0,0.03,0,0,0,0,0.12,,0,0,,3.53,,0.92,0,0,0,0,0,0,1.09
21,151,21151,0.48,,0.01,0,0.01,0.01,33.75,0,0.21,0,0.02,0,0,0.04,,0,0,,1.83,,,0,0,0,0,0,0,0.27
21,152,21152,0.71,,0.01,0,0.14,0.01,49.94,0,0.08,0,0.01,0,0,0.06,,0,0,1.33,7.77,,,0,0,0,0,0,0,3.04
21,153,21153,1.16,0,0.01,0,0.25,0.01,81.69,0,1.17,0,0.13,0.03,0,0.02,,0,0,,5.72,,0.92,0,0,0,0,0,0.2,1.88
21,154,21154,4.11,0,0.11,0,0.79,0.05,289.27,0,3.01,0.01,0.33,0.07,0,0.36,,0,0,,17.75,,0.92,0,0,0,0.98,0.09,0.29,5.39
21,155,21155,0.32,0,0,0,0.07,0,22.77,0,0.05,0,0,0,0,0.04,,0,0,,0.07,,,0,0,0,0,0,0,0.54
21,156,21156,16.65,0,0.62,0.02,0.36,0.2,102.97,0,47.79,0.13,5.16,1.09,0.0002,0.31,,0,0,1.15,11.79,,0.92,0,0.04,0,1.74,0.16,2.85,0.95
21,157,21157,0.66,,0.02,0,0.01,0.01,46.37,0,0.28,0,0.03,0.01,0,0.02,,0,0,,2.28,,,0,0,0,0,0,0,0.82
21,158,21158,0.43,,0,0,0.11,0.01,30.2,0,0.03,0,0,0,0,0.42,,0,0,,5.25,,,0,0,0,0,0,0,0
21,159,21159,0.27,0,0,0,0.06,0,18.96,0,1.73,0,0.19,0.04,0,0.03,,0,0,,2.73,,,0,0,0,0,0,0,0.87
21,160,21160,0.19,0,0,0,0.04,0,13.35,0,0.01,0,0,0,0,0.02,,0,0,,1.92,,,0,0,0,0,0,0.11,0.52
21,161,21161,1.09,,0.02,0,0.22,0.01,76.8,0,9.35,0.02,1.01,0.21,0,0.12,,0,0,1.98,7.8,,,0,0,0,0.65,0.06,0,3.05
21,162,21162,0.26,,0,0,0.05,0,18.5,0,0.07,0,0.01,0,0,0.05,,0,0,,0.48,,,0,0,0,0,0,0,0
21,163,21163,0.95,,0.02,0,0.17,0.01,1.74,0,0.27,0,0.03,0.01,0,0.02,,0,0,9.83,3.23,,,0,0,0,0,0,0,1.11
21,164,21164,4.29,,0.14,0.01,0.79,0.05,301.75,0,2.24,0.01,0.24,0.05,0,0.07,,0,0,,12.48,,0.92,0,0,0,1.44,0.14,1.96,4.14
21,165,21165,0.08,,0,0,0.01,0,5.46,0,0.26,0,0.03,0.01,0,0.02,,0,0,,1.29,,,0,0,0,0,0,0,0.4
21,166,21166,0.48,,0.01,0,0.1,0.01,33.54,0,0.06,0,0.01,0,0,0.03,,0,0,,3.85,,0.92,0,0,0,0.76,0.07,0,1.37
21,167,21167,0.6,,0,0,0.12,0.01,42.42,0,0.02,0,0,0,0,0.05,,0,0,4.64,1.38,,,0,0,0,0,0,0,0
21,168,21168,0.4,,0.01,0,0.08,0,28.14,0,0.05,0,0.01,0,0,0.05,,0,0,,10.2,,,0,0,0,0,0,0.03,2.94
21,169,21169,1.22,,0.01,0,0.26,0.01,86.07,0,0.29,0,0.03,0.01,0,0.1,,0,0,,12.92,,,0,0,0,0,0,0.69,0.29
21,170,21170,1.01,,0,0,0.2,0.01,71.06,0,0.14,0,0.01,0,0,0.06,,0,0,33.07,17.68,,0.92,0,0,0,1.44,0.14,0.53,6.04
21,171,21171,0.19,,0,0,0.04,0,13.37,0,0.51,0,0.06,0.01,0,0.08,,0,0,,1.53,,,0,0,0,0,0,0,0.47
21,172,21172,1.56,,0.02,0,0.35,0.02,109.9,0,0.17,0,0.02,0,0,0.11,,0,0,55.65,4.24,,,0,0,0,0,0,0.01,0.04
21,173,21173,0.35,,0.01,0,0.08,0,24.93,0,0.54,0,0.06,0.01,0,0.04,,0,0,,1.06,,,0,0,0,0,0,0.04,0
21,174,21174,5.68,,0.21,0.01,1.28,0.07,399.76,0,29.3,0.08,3.16,0.67,0.0001,0.14,,0,0,0.26,2.38,,,0,0,0,0.15,0.01,0.09,0
21,175,21175,0.62,,0,0,0.12,0.01,43.53,0,0.04,0,0,0,0,0.02,,0,0,10.77,2.28,,,0,0,0,0,0,0.03,0.83
21,176,21176,0.52,0,0,0,0.12,0.01,36.82,0,0.03,0,0,0,0,0.01,,0,0,,5.52,,0.92,0,0,0,0,0,0,2.23
21,177,21177,2.84,,0.03,0,0.53,0.03,200.3,0,2.34,0.01,0.25,0.05,0,0.23,,0,0,0.8,13.61,,0.92,0,0,0,1.13,0.11,0,4.84
21,178,21178,1.07,,0,0,0.22,0.01,75.47,0,0.05,0,0.01,0,0,0.09,,0,0,,5.28,,0.92,0,0,0,0,0,0,0
21,179,21179,1.71,0,0.02,0,0.32,0.02,120.36,0,0.76,0,0.08,0.02,0,0.06,,0,0,21.92,22.65,,,0,0,0,0,0,0,8.44
21,180,21180,2.16,0,0.02,0,0.42,0.03,152.01,0,0.44,0,0.05,0.01,0,0.08,,0,0,32,17.05,,0.92,0,0,0,0,0,0,5.53
21,181,21181,0.36,,0.01,0,0.07,0,0.43,0,0.1,0,0.01,0,0,0.01,,0,0,,3.26,,,0,0,0,0,0,0,1.11
21,182,21182,0.3,,0,0,0.05,0,20.77,0,0.34,0,0.04,0.01,0,0.06,,0,0,,1.25,,,0,0,0,0,0,0,0.44
21,183,21183,1.21,,0,0,0.23,0.01,85.42,0,0.02,0,0,0,0,0.07,,0,0,,4.79,,,0,0,0,0,0,0,0
21,184,21184,0.39,,0,0,0.01,0,27.11,0,0.01,0,0,0,0,0.06,,0,0,,2.24,,,0,0,0,0,0,0,0
21,185,21185,0.51,,0,0,0.11,0.01,35.92,0,0.08,0,0.01,0,0,0.01,,0,0,,6.71,,0.92,0,0,0,0,0,0,2.62
21,186,21186,3.01,0,0.03,0,0.63,0.04,211.86,0,2.19,0.01,0.24,0.05,0,0.18,,0,0,14.95,17.4,,,0,0,0,0.67,0.06,0.01,0
21,187,21187,0.34,,0,0,0.07,0,23.92,0,0.03,0,0,0,0,0.07,,0,0,,2.68,,0.92,0,0,0,0,0,0,0
21,188,21188,0.95,,0.01,0,0,0.01,67.19,0,0.16,0,0.02,0,0,0.01,,0,0,7,4.57,,,0,0,0,0,0,0,1.66
21,189,21189,1.16,,0.02,0,0.23,0.01,81.8,0,0.32,0,0.03,0.01,0,0.32,,0,0,,6.5,,0.92,0,0,0,0,0,0,1.49
21,190,21190,0.07,,0,0,0.02,0,4.89,0,0.02,0,0,0,0,0.02,,0,0,,0.58,,,0,0,0,0,0,0,0.16
21,191,21191,0.54,,0.02,0,0.13,0.01,38.28,0,0.29,0,0.03,0.01,0,0.04,,0,0,,1.76,,,0,0,0,0,0,0,0.64
21,192,21192,0.37,,0,0,0.08,0,26.32,0,0.09,0,0.01,0,0,0.05,,0,0,,2.39,,,0,0,0,0,0,0,0
21,193,21193,0.37,0,0,0,0.08,0,25.87,0,0.3,0,0.03,0.01,0,0.02,,0,0,,4.18,,0.92,0,0,0,0,0,0,1.44
21,194,21194,1.69,,0.04,0,0.38,0.02,118.91,0,0.78,0,0.08,0.02,0,0.31,,0,0,,5.45,,0.92,0,0,0,0,0,0,0.31
21,195,21195,1.3,,0.01,0,0.02,0.02,91.62,0,0.06,0,0.01,0,0,0.11,,0,0,,7,,0.92,0,0,0,0,0,0,0
21,196,21196,0.09,,0,0,0.02,0,5.99,0,0.03,0,0,0,0,0.01,,0,0,,0.28,,,0,0,0,0,0,0,0.1
21,197,21197,4.56,,0.12,0,0.94,0.05,321.06,0,2.61,0.01,0.28,0.06,0,0.2,,0,0,,9.03,,0.92,0,0,0,0,0,0.17,0
21,198,21198,0.08,,0,0,0.02,0,5.54,0,0,0,0,0,0,0.02,,0,0,,0.86,,,0,0,0,0,0,0,0.24
21,199,21199,2.21,,0.02,0,0.4,0.03,155.35,0,1.62,0,0.18,0.04,0,0.03,,0,0,20.68,8.49,,,0,0,0,0,0,0,0
21,200,21200,0.25,,0,0,0.06,0,17.4,0,0.07,0,0.01,0,0,0.01,,0,0,,1.9,,,0,0,0,0,0,0,0
21,201,21201,0.19,,0,0,0.04,0,13.66,0,0.02,0,0,0,0,,,0,0,,1.54,,0.92,0,0,0,0,0,0.08,0.55
21,202,21202,0.75,,0,0,0.15,0.01,52.77,0,0.17,0,0.02,0,0,0.04,,0,0,1.98,1.58,,,0,0,0,0,0,0,0
21,203,21203,0.34,,0,0,0.08,0,24.2,0,0.05,0,0.01,0,0,0.02,,0,0,,4.13,,,0,0,0,0,0,0,1.68
21,204,21204,0.46,,0,0,0.09,0.01,32.14,0,0.27,0,0.03,0.01,0,0.02,,0,0,2.64,2.16,,,0,0,0,0,0,0,0
21,205,21205,1.33,,0.02,0,0.25,0.02,93.8,0,0.75,0,0.08,0.02,0,0.03,,0,0,,6.03,,0.92,0,0,0,0.53,0.05,0,2.38
21,206,21206,0.25,0,0,0,0.06,0,17.59,0,0.06,0,0.01,0,0,0.07,,0,0,,5.09,,,0,0,0,0,0,0,0.32
21,207,21207,3.22,,0.05,0,0.64,0.04,226.67,0,1.57,0,0.17,0.04,0,0.12,,0,0,0.4,5.48,,,0,0,0,0,0,0.08,0
21,208,21208,4.46,,0.09,0,0.09,0.05,313.77,0,2,0.01,0.22,0.05,0,0.13,,0,0,40.69,18.98,,0.92,0,0,0,0,0,0.1,0.03
21,209,21209,0.5,0,0,0,0.11,0.01,34.93,0,0.24,0,0.03,0.01,0,0.04,,0,0,,3.33,,0.92,0,0,0,0,0,0.8,0.03
21,210,21210,0.33,,0,0,0.07,0,23.27,0,0.11,0,0.01,0,0,0.06,,0,0,,1.8,,,0,0,0,0,0,0,0
21,211,21211,0.92,,0.03,0,0.2,0.01,64.94,0,0.32,0,0.03,0.01,0,0.1,,0,0,1.03,3.22,,,0,0,0,0.79,0.07,0,0
21,212,21212,1.18,,0.01,0,0.23,0.01,83.43,0,1.76,0,0.19,0.04,0,0.03,,0,0,14.33,2.94,,,0,0,0,0,0,0,0
21,213,21213,0.78,,0,0,0.15,0.01,54.94,0,0.05,0,0.01,0,0,0.09,,0,0,,6.9,,,0,0,0,0,0,0,0
21,214,21214,0.93,,0.02,0,0.19,0.01,65.48,0,1.35,0,0.15,0.03,0,0.03,,0,0,,2.89,,0.92,0,0,0,0.55,0.05,0,0.54
21,215,21215,0.28,,0,0,0.06,0,19.63,0,0.1,0,0.01,0,0,0.03,,0,0,,1.98,,,0,0,0,0,0,0,0
21,216,21216,0.17,,0,0,0.04,0,11.79,0,0.02,0,0,0,0,0.07,,0,0,,1.53,,,0,0,0,0,0,0,0
21,217,21217,1.19,,0.02,0,0.22,0.01,83.97,0,0.19,0,0.02,0,0,0.04,,0,0,,3.53,,,0,0,0,0,0,0,0
22,1,22001,3.6,,0.01,0,0.7,0.02,253.67,0,4.75,0.03,0.83,0.06,0,0.34,,0,0,18.33,32.85,,0.11,0,0,0,0,0,0.01,14.84
22,2,22002,1.62,,0.01,0,0.31,0.01,113.79,0,0.04,0,0.01,0,0,0.11,,0,0,38.32,1.81,,,0,0,0,0,0,0,0
22,3,22003,0.8,,0,0,0.18,0,56.13,0,0.03,0,0.01,0,0,0.14,,0,0,0.07,2.68,,,0,0,0,0,0,0,0.89
22,4,22004,3.65,0,0.05,0,0.73,0.02,257.03,0,2.15,0.02,0.38,0.03,0,0.31,,0,0,25.38,11.72,,,0,0,0,0,0,1.64,6.55
22,5,22005,3.29,0,0.02,0,0.59,0.02,231.96,0,1.21,0.01,0.21,0.02,0,0.08,,0,0,0.53,20.56,,0.11,0.81,0.29,0,1.2,0.11,5.32,11.74
22,6,22006,6.65,0,0.12,0,1.45,0.04,177.71,0,14.25,0.1,2.5,0.19,0,1.11,,0,0,6.48,6.31,,0.11,0,0,0,0,0,0.16,3.15
22,7,22007,2.22,,0.07,0,0.44,0.01,156.04,0,2.73,0.02,0.48,0.04,0,1.81,,0,0,,4.73,,,0,0,0,0,0,1.43,2.58
22,8,22008,2.09,0.04,0.01,0,0.38,0.01,273.1,0,0.09,0,0.02,0,0,0,,0,0,30.42,14.16,,,0,0,0,0,0,0.02,6.74
22,9,22009,1.41,,0.03,0,0.29,0.01,98.96,0,0.17,0,0.03,0,0,0.23,,0,0,22.62,2.63,,,0,0,0,0,0,0,0.68
22,10,22010,1.21,,0,0,0.26,0.01,84.94,0,0,0,0,0,0,0.15,,0,0,2.97,3.03,,,0,0,0,0,0,0,0.93
22,11,22011,5.09,0.12,0.07,0,0.98,0.03,342.99,0,21.25,0.15,3.73,0.29,0.0001,0,,0,0,58.61,23.9,,0.11,0.81,0.29,0,4.67,0.44,1.14,11.42
22,12,22012,3.61,,0.07,0,0.71,0.02,254.1,0,2.69,0.02,0.47,0.04,0,0.4,,0,0,12.49,24.08,,0.11,0,0,0,1.9,0.18,0.05,12.7
22,13,22013,1.09,,0,0,0.21,0.01,76.42,0,0.02,0,0,0,0,0.05,,0,0,,4.29,,,0,0,0,0,0,0,0.9
22,14,22014,46.85,0.04,2.17,0.06,10.23,0.27,476.21,0.01,86.68,0.61,15.22,1.16,0.0003,3.1,,0,0.03,7.36,15.17,0.08,0.11,0,0,0,2.75,0.26,15.59,6.78
22,15,22015,0.49,,0.01,0,0.1,0,34.3,0,0.04,0,0.01,0,0,0.04,,0,0,0.47,1.5,,,0,0,0,0,0,0,0.25
22,16,22016,13.3,0,0.4,0.01,0.29,0.08,936.66,0,58.11,0.41,10.2,0.78,0.0002,1.5,,0,0,5.37,38.65,,0.11,0,0,0,6.12,0.58,4.7,20.83
22,17,22017,3.51,0.08,0.11,0,0.71,0.02,246.81,0,3.73,0.03,0.65,0.05,0,0.42,,0,0,9.72,11,,0.11,0,0,0,1.84,0.17,0.01,5.17
22,18,22018,1.53,0,0.01,0,0.27,0.01,107.67,0,0.45,0,0.08,0.01,0,0.1,,0,0,,1.66,,,0,0,0,0,0,0.96,0.47
23,1,23001,4.67,,0.08,0,0.85,0,328.87,0,1.41,0,0,0.02,0,0.1,,25.62,0.01,,0.03,,,1.49,0.31,80.64,0,0,17.63,0
23,2,23002,4.17,0,0.06,0,0.6,0,293.73,0,0.79,0,0,0.01,0,0,,0,0.01,136.73,36.24,,,0,0,11.72,0,0,0.22,0.57
23,3,23003,0.85,,0.06,0,0.15,0,18.97,0,0.13,0,0,0,0,0,,0,0,10.89,0.03,,,0,0,7.47,0,0,0,0
23,4,23004,14.02,0.01,0.43,0,2.42,0,987.44,0,5.86,0,0,0.08,0,0.63,,55.29,0.02,560.17,100.22,,92.88,1,0.7,1.82,0,0,6.02,49.58
23,5,23005,36.56,,2.16,0,6.57,0,179.05,0.01,10.47,0,0,0.14,0,1.45,,130.51,0.06,25.74,0.15,0,,7.48,4.87,0,0,0,21.73,0
23,6,23006,2.09,0,0.02,0,0.3,0,147.13,0,0.42,0,0,0.01,0,0,,0.57,0,10.21,10.64,,,0,0,3.84,0,0,0.1,1.54
23,7,23007,1.43,,0.01,0,0.22,0,100.8,0,0.25,0,0,0,0,0,,18.58,0,31.64,7.01,,,0,0,0,0,0,0.07,0.2
23,8,23008,8.65,0.04,0.51,0,1.59,0,608.88,0,1.47,0,0,0.02,0,0,,0,0.02,6.84,5.33,,,0,0,0.26,0,0,2.34,0
24,1,24001,1.11,0.01,0.01,0,0.15,0.01,78.31,0,0.17,0,0.03,0,0,0,,0,0,1.26,2.53,,,0,0,0,1.84,0.17,0,1.72
24,2,24002,0.5,,0,0,0.08,0,35.19,0,0.03,0,0.01,0,0,0,,0,0,,6.13,,,0,0,0,0.8,0.08,0,1.52
24,3,24003,2.88,0,0.01,0,0.39,0.02,202.53,0,0.08,0,0.01,0,0,0.05,,0,0,0.33,16.64,,13.43,0,0,0,0,0,0.03,2.81
24,4,24004,0.29,0.01,0,0,0.05,0,20.25,0,0.05,0,0.01,0,0,0,,0.02,0,,3.55,,,0,0,0,0,0,0.1,2.19
24,5,24005,1.14,,0.05,0,0.19,0.01,80,0,0.44,0.01,0.08,0,0,0.12,,2.25,0,,5.79,,,0,0,0,1.21,0.11,0.01,2.15
24,6,24006,0.58,0.01,0.01,0,0.09,0,41.15,0,0.03,0,0.01,0,0,0,,5.29,0,,6.31,,,0,0,0,2.24,0.21,0,1.78
24,7,24007,1.08,0,0.03,0,0.15,0.01,76.15,0,1.26,0.03,0.22,0.01,0,0.09,,0,0,,12.45,,,0,0,0,1.14,0.11,0,4.39
24,8,24008,1.3,0.01,0.05,0,0.22,0.01,91.77,0,0.65,0.01,0.11,0,0,0,,0,0,0.46,23.83,,,0,0,0,0.59,0.06,0,8.9
24,9,24009,0.21,0.05,0,0,0.03,0,14.73,0,0.01,0,0,0,0,0,,0,0,0.13,0.9,,,0,0,0,0,0,0,0.65
24,10,24010,1.91,0.01,0.03,0,0.28,0.01,134.14,0,0.31,0.01,0.05,0,0,0,,0,0,92.03,18.65,,13.43,0,0,0,1.44,0.14,0,7.83
24,11,24011,2.62,0.01,0.04,0,0.41,0.01,100.37,0,0.94,0.02,0.16,0.01,0,0,,5.33,0,0.47,27.05,,,0,0,0,0.72,0.07,0,14.19
24,12,24012,1.31,0.01,0.01,0,0.18,0.01,92.09,0,0.06,0,0.01,0,0,0.05,,0,0,,4.89,,13.43,0,0,0,0,0,0.03,0.54
24,13,24013,10.01,0.02,0.37,0.01,1.69,0.06,704.8,0,6.91,0.15,1.21,0.05,0,0.26,,0,0.01,5.56,55.05,,13.43,0,0,0,2.56,0.24,0.78,36.15
24,14,24014,1.09,,0,0,0.16,0.01,76.56,0,0.13,0,0.02,0,0,0.02,,0,0,,7.22,,13.43,0,0,0,0,0,0,0
24,15,24015,1.29,0.03,0.03,0,0.21,0.01,90.64,0,2.42,0.05,0.42,0.02,0,0.09,,0,0,,15.69,,,0,0,0,2.71,0.26,3.04,8.81
24,16,24016,2.44,0.14,0.07,0,0.4,0.01,171.85,0,1.75,0.04,0.31,0.01,0,0.58,,0,0,,121.88,,13.43,0,0,0,1.47,0.14,0.05,70.85
24,17,24017,1.59,0,0.01,0,0.23,0.01,111.85,0,0.25,0.01,0.04,0,0,,,1.19,0,0.59,34.66,,,0,0,0,0.64,0.06,0.02,9.43
24,18,24018,0.94,,0,0,0.14,0.01,66.36,0,0.22,0,0.04,0,0,0,,0,0,,3.38,,13.43,0,0,0,0,0,0,0
24,19,24019,0.36,,0,0,0.06,0,25.37,0,0.01,0,0,0,0,0,,0,0,15.12,5.1,,,0,0,0,0,0,0,1.95
24,20,24020,5.28,0.02,0.22,0.01,0.81,0.03,371.7,0,10.79,0.23,1.89,0.08,0,0.75,,0,0,,25.99,,13.43,0,0,0,0.44,0.04,0.14,11.16
24,21,24021,3.09,0.03,0,0,0.42,0.02,217.85,0,2.03,0.04,0.36,0.01,0,0,,0.88,0,2.64,8.23,,,0,0,0,1.99,0.19,0,5.93
24,22,24022,1.17,0.02,0.01,0,0.17,0.01,82.42,0,0.4,0.01,0.07,0,0,0,,0,0,,8.67,,,0,0,0,1.2,0.11,0,6.43
24,23,24023,0.93,,0.01,0,0.15,0.01,65.67,0,0.2,0,0.03,0,0,0.18,,0,0,0.07,20.3,,,0,0,0,1.14,0.11,0,7.33
24,24,24024,5.48,0,0.19,0.01,0.86,0.03,321.67,0,1.85,0.04,0.32,0.01,0,0.57,,0,0,19.57,38.55,,,0,0,0,3.06,0.29,0.13,13.79
24,25,24025,1.72,0,0.05,0,0.25,0.01,121.25,0,1.1,0.02,0.19,0.01,0,0.16,,0.13,0,,31.51,,,0,0,0,2.3,0.22,0.01,29.66
24,26,24026,0.59,0.03,0,0,0.08,0,41.67,0,0.03,0,0,0,0,0.02,,0,0,,3.81,,13.43,0,0,0,0,0,0,0
24,27,24027,0.63,,0.02,0,0.01,0,44.42,0,0.22,0,0.04,0,0,0.09,,0,0,,7.49,,,0,0,0,0,0,0,0.43
24,28,24028,46.65,0.03,2.06,0.06,7.58,0.27,279.69,0.01,125.2,2.64,21.98,0.9,0.0004,6.15,,209.18,0.03,0.68,14.95,0.04,,0,0,0,2.59,0.25,14.51,10.88
24,29,24029,1.38,0.01,0,0,0.2,0.01,96.95,0,0.1,0,0.02,0,0,0.07,,0,0,,6.68,,13.43,0,0,0,0,0,0,0.12
24,30,24030,0.35,0,0,0,0.06,0,24.92,0,0.01,0,0,0,0,0,,0,0,,5.09,,,0,0,0,0,0,0,0.22
24,31,24031,0.7,,0,0,0.09,0,49.02,0,0,0,0,0,0,0,,0,0,19.34,2.31,,,0,0,0,0,0,0,0.81
24,32,24032,2.38,0.03,0.05,0,0.35,0.01,167.55,0,0.61,0.01,0.11,0,0,0.05,,1.33,0,2.82,4.89,,,0,0,0,0,0,0.05,3.33
24,33,24033,0.72,0.01,0,0,0.11,0,50.92,0,0.01,0,0,0,0,0,,0,0,,42.55,,,0,0,0,0,0,0,38.85
24,34,24034,0.85,0.01,0.01,0,0.13,0,60.02,0,0.22,0,0.04,0,0,1.25,,0,0,,7.83,,13.43,0,0,0,0,0,0.01,6.63
24,35,24035,14.47,0,0.28,0.01,2.27,0.08,72.93,0,12.16,0.26,2.13,0.09,0,0.18,,55.84,0.01,0.53,8.26,,,0.25,0.07,0,0,0,1.64,5.57
24,36,24036,1.72,0.03,0.03,0,0.28,0.01,120.9,0,1.3,0.03,0.23,0.01,0,0.04,,0,0,53.19,23.08,,13.43,0,0,0,0,0,0,14.83
24,37,24037,5.99,,0.07,0,0.84,0.03,421.51,0,0.56,0.01,0.1,0,0,0.53,,0,0,,16.99,,13.43,0,0,0,0,0,0.05,0.04
24,38,24038,1.01,0.03,0,0,0.14,0.01,70.84,0,0.03,0,0.01,0,0,0.04,,0,0,,4.42,,13.43,0,0,0,0,0,0,0
24,39,24039,0.88,,0,0,0.12,0.01,61.83,0,0.08,0,0.01,0,0,0.09,,0,0,,5.34,,13.43,0,0,0,0,0,0,0.39
24,40,24040,2.26,0.01,0.06,0,0.36,0.01,159.27,0,2.29,0.05,0.4,0.02,0,0,,0,0,8.92,52.13,,13.43,0,0,0,3.84,0.36,0.61,31.31
24,41,24041,1.22,0,0,0,0.16,0.01,85.65,0,0.15,0,0.03,0,0,0.21,,0,0,8.59,8.99,,13.43,0,0,0,0,0,0,1.36
24,42,24042,0.85,0.01,0.02,0,0.13,0,60.16,0,0.54,0.01,0.09,0,0,0.08,,0,0,,3.44,,,0,0,0,0,0,0.01,0.04
24,43,24043,0.57,,0.01,0,0.09,0,40.43,0,0.13,0,0.02,0,0,0,,0,0,1.48,1.33,,,0,0,0,0,0,0.01,0.93
24,44,24044,0.45,0.01,0.01,0,0.06,0,31.89,0,0.23,0,0.04,0,0,0.04,,0,0,,10.13,,13.43,0,0,0,4.86,0.46,0,7.71
24,45,24045,0.89,0.03,0.01,0,0.14,0.01,62.67,0,0.57,0.01,0.1,0,0,0.08,,0.1,0,,19.09,,,0,0,0,3.31,0.31,0,10.41
24,46,24046,0.95,,0.01,0,0.13,0.01,67.18,0,0.74,0.02,0.13,0.01,0,0,,0,0,,51.78,,13.43,0,0,0,0,0,0,33.68
24,47,24047,0.59,0.04,0,0,0.09,0,41.51,0,0.01,0,0,0,0,0,,0,0,0.4,15.6,,,0,0,0,0,0,0,18.2
24,48,24048,0.32,0.06,0.01,0,0.05,0,22.32,0,0.15,0,0.03,0,0,0.05,,0,0,,1,,,0,0,0,0,0,4.43,0.82
24,49,24049,2.2,,0.03,0,0.33,0.01,155.09,0,0.52,0.01,0.09,0,0,0,,0,0,,94.4,,,0,0,0,0,0,0,91.68
24,50,24050,2.68,0,0.03,0,0.36,0.02,188.76,0,2.14,0.05,0.38,0.02,0,0,,0,0,0.76,11.62,,,0,0,0,2.71,0.26,0.08,8.53
24,51,24051,0.89,0.01,0.01,0,0.14,0.01,62.75,0,0.11,0,0.02,0,0,0,,0,0,3.38,8.68,,,0,0,0,2.21,0.21,0,4.84
24,52,24052,0.62,0,0.01,0,0.11,0,43.92,0,0.14,0,0.02,0,0,0,,0,0,,19.33,,,0,0,0,0.89,0.08,0,6.31
24,53,24053,2.09,0.03,0.02,0,0.29,0.01,147.02,0,0.22,0,0.04,0,0,0.03,,0,0,,8.09,,13.43,0,0,0,0,0,0,0.33
24,54,24054,3.19,,0.02,0,0.44,0.02,224.95,0,0.14,0,0.02,0,0,0.04,,0.39,0,,10.05,,13.43,0,0,0,0,0,0,0
24,55,24055,1.43,0.02,0.01,0,0.18,0.01,100.76,0,0.35,0.01,0.06,0,0,0,,0,0,,1.19,,,0,0,0,0,0,6.26,0.68
24,56,24056,0.9,,0.01,0,0.13,0.01,63.29,0,0.1,0,0.02,0,0,0,,0,0,,4.16,,,0,0,0,0,0,0,3.39
24,57,24057,1.89,,0.02,0,0.25,0.01,132.77,0,0.41,0.01,0.07,0,0,0.03,,0,0,,6.54,,13.43,0,0,0,0,0,0,0
24,58,24058,1.18,0.01,0.03,0,0.19,0.01,82.92,0,1.5,0.03,0.26,0.01,0,0.06,,0,0,12.91,20.13,,13.43,0,0,0,0,0,0,12.83
25,1,25001,24.78,,0.95,0,3.24,0,1744.91,0,23.4,0.27,0,0.5,0.0001,2.3,,20.6,0.26,,245.93,,15.74,2.99,0.86,31.29,2.06,0.2,3.84,342.01
25,2,25002,2.71,0,0.06,0,0.04,0,190.71,0,0.9,0.01,0,0.02,0,0.63,,0,0,,129.37,,15.74,0,0,0,0,0,0,0
25,3,25003,2.06,0.01,0.01,0,0.24,0,145.11,0,0.21,0,0,0,0,2.02,,0.27,0,52.13,37.02,,,0,0,0,0,0,0,0
25,4,25004,1.72,0.01,0.01,0,0.22,0,121.32,0,0.32,0,0,0.01,0,1,,0,0,24.9,33.53,,,0,0,0,0,0,0.19,0
25,5,25005,1.14,,0.01,0,0.12,0,80.04,0,0.25,0,0,0.01,0,1.03,,0,0,,22.33,,,0,0,0,0,0,0,0
25,6,25006,50.65,0.04,2.18,0,6.44,0,3566.39,0.01,34.45,0.39,0,0.73,0.0001,13.91,,181.21,0.34,,342.3,0.04,15.74,8.23,2.43,0,7.98,0.76,12.27,297.44
25,7,25007,2.03,,0.02,0,0.24,0,142.72,0,0.15,0,0,0,0,1.3,,0,0,42.26,50.99,,,0,0,0,3.38,0.32,0,0
25,8,25008,2.96,0,0.05,0,0.36,0,208.76,0,0.38,0,0,0.01,0,,,0,0,,101.59,,15.74,0,0,0,2.44,0.23,0.13,82.6
25,9,25009,3.17,,0.08,0,0.4,0,223.11,0,0.92,0.01,0,0.02,0,,,0,0,,38.86,,,0,0,0,3.54,0.34,0,0
25,10,25010,5.91,0.01,0.07,0,0.73,0,416,0,1.64,0.02,0,0.03,0,1.68,,0,0,,78.74,,15.74,0,0,0,9.05,0.86,0.77,0
25,11,25011,17.25,0,0.46,0,2.15,0,1214.33,0,5.07,0.06,0,0.11,0,1.84,,0,0,,276.17,,15.74,0,0,0,0,0,0.39,233.5
25,12,25012,25.77,0.05,1.23,0,3.56,0,1814.75,0,24.74,0.28,0,0.53,0.0001,2.25,,377.72,0.21,,106.19,,,2.91,1.07,52.22,4.58,0.43,3.34,153.02
25,13,25013,2.82,0,0.02,0,0.04,0,198.68,0,0.21,0,0,0,0,3.24,,0,0,,158.81,,,0,0,0,1.86,0.18,4.06,0
25,14,25014,3.02,0.02,0.05,0,0,0,212.95,0,1.03,0.01,0,0.02,0,0.91,,0,0,24.31,56.31,,,0,0,0,2.75,0.26,0.14,0
25,15,25015,4.88,0.03,0.25,0,0.64,0,343.9,0,1.94,0.02,0,0.04,0,0.64,,9.54,0,,109.24,,15.74,0,0,0,3.03,0.29,0.58,226.62
25,16,25016,1.49,0.02,0.01,0,0.19,0,104.94,0,0.12,0,0,0,0,1.63,,0,0,71.23,40.9,,,0,0,0,1.83,0.17,0,0
25,17,25017,5.43,0.02,0.03,0,0.64,0,382,0,0.46,0.01,0,0.01,0,3.63,,0,0,16.42,173.01,,15.74,0,0,0,2.83,0.27,0,0
25,18,25018,8.66,,0.13,0,1.07,0,609.64,0,3.35,0.04,0,0.07,0,0.67,,0,0.03,,117.93,,15.74,0,0,0,0.99,0.09,0.38,0
26,1,26001,0.16,0.01,0,0,0.03,0,11.02,0,0.16,0,0.01,0,0,0.03,,0,0,,1.46,,10.24,0,0,0,0,0,0,0
26,2,26002,4.49,0.02,0.16,0.27,0.75,0.02,315.89,0,12.88,0.18,0.49,0.19,0,0.44,0.030163705,0,0,24.65,4.74,,,0,0,0,1.64,0.15,0.11,3.53
26,3,26003,1.56,0.06,0.02,0.03,0.25,0.01,110.05,0,0.29,0,0.01,0,0,0.19,,0,0,11.01,50.92,,,0,0,0,0,0,0,0
26,4,26004,0.53,0.03,0.02,0.04,0.09,0,37.55,0,0.24,0,0.01,0,0,0.08,,0,0,,6.04,,10.24,0,0,0,0,0,0,0
26,5,26005,0.08,0.02,0,0,0.02,0,5.75,0,0.01,0,0,0,0,0.01,,0,0,,0.57,,,0,0,0,0,0,0,0
26,6,26006,0.19,,0,0.01,0.04,0,13.3,0,0,0,0,0,0,0.03,,0,0,14.17,2.4,,10.24,0,0,0,0,0,0,0
26,7,26007,0.05,,0,0,0.01,0,3.3,0,0,0,0,0,0,0,,0,0,,0.22,,10.24,0,0,0,0,0,0,0
26,8,26008,0.08,,0,0,0.01,0,5.68,0,0,0,0,0,0,0.04,,0,0,2.3,0.32,,,0,0,0,0,0,0,0
26,9,26009,0.05,,0,0,0.01,0,3.45,0,0,0,0,0,0,0.01,,0,0,,0.4,,,0,0,0,0,0,0,0
26,10,26010,0.09,,0,0,0.02,0,6.05,0,0.02,0,0,0,0,0.03,,0,0,,1.48,,10.24,0,0,0,0,0,0,0
26,11,26011,0.09,,0,0,0.02,0,6.54,0,0,0,0,0,0,0,,0,0,1.34,0.76,,,0,0,0,0,0,0,0
26,12,26012,1.33,0,0.01,0.02,0.22,0.01,93.87,0,0.52,0.01,0.02,0.01,0,0.35,,0,0,,59.85,,10.24,0,0,0,0,0,0,0
26,13,26013,0.09,,0,0,0.02,0,6.58,0,0.15,0,0.01,0,0,0.02,,0,0,,1.49,,10.24,0,0,0,0,0,0,0
26,14,26014,0.22,,0,0.01,0.04,0,15.29,0,0.66,0.01,0.03,0.01,0,0.05,,0,0,,1.73,,,0,0,0,0,0,0.03,0
26,15,26015,0.08,,0,0,0.01,0,5.67,0,0.01,0,0,0,0,0,,0,0,,2.24,,10.24,0,0,0,0,0,0,0
26,16,26016,0.34,0,0.01,0.01,0.06,0,23.75,0,0.26,0,0.01,0,0,0.05,,0,0,,0.37,,10.24,0,0,0,18.34,1.74,0,0
26,17,26017,4.47,0,0.19,0.32,0.76,0.02,315.03,0,2.54,0.03,0.1,0.04,0,2.04,,0,0,,31.3,,10.24,0,0,1.63,4.09,0.39,5.36,65.49
26,18,26018,23.98,0,0.97,1.64,4.12,0.09,1688.54,0,40.11,0.55,1.53,0.59,0.0001,2.84,,0,0,,152.26,,10.24,0.11,0.09,0,1.94,0.18,3.5,228.37
26,19,26019,2.05,,0.07,0.11,0.37,0.01,144.49,0,1.85,0.03,0.07,0.03,0,0.23,,0,0,2.03,0.43,,,0,0,0,1.79,0.17,8.86,0
26,20,26020,0.3,,0,0.01,0.05,0,20.87,0,0.07,0,0,0,0,0.15,,0,0,,5.46,,,0,0,0,1.95,0.18,0,0
26,21,26021,0.11,0,0,0,0.02,0,7.88,0,0.01,0,0,0,0,0,,0,0,,4.93,,,0,0,0,1.83,0.17,0.39,0
26,22,26022,0.05,0,0,0,0.01,0,3.59,0,0,0,0,0,0,0.02,,0,0,,1.26,,10.24,0,0,0,0,0,0,0
26,23,26023,0.37,0.06,0,0.01,0.07,0,25.95,0,0.57,0.01,0.02,0.01,0,0.17,,0,0,,3.04,,10.24,0,0,0,0,0,0,0
26,24,26024,0.04,0,0,0,0.01,0,3.06,0,0,0,0,0,0,0.04,,0,0,,0.73,,10.24,0,0,0,0,0,0,0
26,25,26025,3.23,,0.07,0.11,0.05,0.01,87.79,0,20.27,0.28,0.77,0.3,0.0001,0.19,,0,0,,11.97,,10.24,0,0,0,1.67,0.16,0.11,0
26,26,26026,3.55,0,0.03,0.05,0.53,0.01,250.26,0,0.43,0.01,0.02,0.01,0,0.06,,0,0,,86.7,,10.24,0,0,0,0,0,0,0
26,27,26027,0.48,,0.01,0.01,0.08,0,33.56,0,0.1,0,0,0,0,0.01,,0,0,61.48,13.95,,,0,0,0,2.79,0.26,0,0
26,28,26028,0.06,,0,0,0.01,0,4.21,0,0.12,0,0,0,0,0.03,,0,0,,0.34,,,0,0,0,0,0,0,0
26,29,26029,8.56,0,0.34,0.57,1.43,0.03,160,0,10.98,0.15,0.42,0.16,0,0.16,,0,0,,59.28,,10.24,0,0.01,18.49,4.52,0.43,0.56,13.65
26,30,26030,44.79,0.01,1.85,3.13,7.62,0.17,3153.5,0.01,52.48,0.72,2,0.77,0.0002,9.3,,0,0.55,,145.98,0.02,10.24,6.31,2.05,0,2.37,0.22,18.88,80.69
26,31,26031,0.08,,0,0,0.01,0,5.5,0,0.01,0,0,0,0,0.02,,0,0,,0.31,,10.24,0,0,0,0,0,0,0
26,32,26032,0.06,,0,0,0.01,0,3.89,0,0.03,0,0,0,0,0.04,,0,0,,0.56,,,0,0,0,0,0,0,0
26,33,26033,4.76,,0.11,0.18,0.75,0.02,334.89,0,5.08,0.07,0.19,0.07,0,0.45,,0,0,,63.45,,10.24,0,0,0,2.3,0.22,0.07,0
26,34,26034,0.07,,0,0,0.01,0,4.64,0,0,0,0,0,0,0.01,,0,0,,1.24,,10.24,0,0,0,0,0,0,0
26,35,26035,0.67,0.14,0.01,0.02,0.11,0,47.36,0,1.3,0.02,0.05,0.02,0,0.09,,0,0,174.5,2.14,,10.24,0,0,0,1.44,0.14,0.03,0
26,36,26036,1.63,0.09,0.06,0.09,0.28,0.01,114.58,0,6.45,0.09,0.25,0.09,0,0.1,,0,0,,3.65,,10.24,0,0,0,1,0.09,0.02,10.43
26,37,26037,0.09,0,0,0,0.02,0,6.12,0,0.02,0,0,0,0,0.01,,0,0,,2.75,,,0,0,0,0,0,0,4.58
26,38,26038,0.28,,0.01,0.02,0.01,0,19.42,0,0.79,0.01,0.03,0.01,0,0.2,,0,0,1.61,2.13,,,0,0,0,0,0,0.01,5.8
26,39,26039,0.38,,0.01,0.02,0.07,0,27,0,0.37,0.01,0.01,0.01,0,0,0.000553418,0,0,,0.04,,,0,0,0,1.87,0.18,0,0
26,40,26040,0.11,0,0,0,0.02,0,7.83,0,0.1,0,0,0,0,0.02,,0,0,0.51,1.06,,10.24,0,0,0,0,0,0,0
26,41,26041,0.76,,0.02,0.03,0.13,0,53.74,0,2.57,0.04,0.1,0.04,0,0.02,,0,0,0.95,0,,,0,0,0,1.04,0.1,9.91,0
26,42,26042,9.23,0.01,0.32,0.54,1.47,0.03,649.71,0,11.6,0.16,0.44,0.17,0,0.78,,0,0,,96.85,,10.24,0,0,0,4.23,0.4,1.17,119.93
26,43,26043,12.35,0.01,0.38,0.65,2.03,0.05,869.51,0,57.46,0.79,2.18,0.84,0.0002,0.37,0.115535357,0,0,125.44,0.25,,,0.46,0.12,0,2.47,0.23,0.85,0
26,44,26044,0.03,,0,0,0,0,1.76,0,0,0,0,0,0,0,,0,0,,0.95,,,0,0,0,0,0,0,0
26,45,26045,0.17,,0,0,0.03,0,11.84,0,0.13,0,0.01,0,0,0.02,,0,0,,2.73,,,0,0,0,1.21,0.11,0,0
26,46,26046,0.03,,0,0,0.01,0,1.84,0,0,0,0,0,0,0,,0,0,,0.07,,,0,0,0,0,0,0,0
26,47,26047,0.58,0.01,0.01,0.02,0.1,0,40.96,0,0.48,0.01,0.02,0.01,0,0,,0,0,,2.34,,10.24,0,0,0,1.67,0.16,0,0
26,48,26048,2.86,,0.14,0.24,0.47,0.01,201.63,0,1.67,0.02,0.06,0.02,0,0,,0,0,,0,,,0,0,1.92,5.67,0.54,1,0
26,49,26049,0.19,0.01,0,0,0.03,0,13.7,0,0.01,0,0,0,0,0,,0,0,,7.41,,,0,0,0,0,0,0,0
26,50,26050,0.1,,0,0,0.02,0,6.93,0,0.04,0,0,0,0,0.03,,0,0,,3.84,,10.24,0,0,0,0,0,0.02,0
26,51,26051,0.33,0,0,0.01,0.06,0,23.21,0,0.07,0,0,0,0,0,,0,0,,8.72,,,0,0,0,0,0,0,0
26,52,26052,0.37,0.03,0.01,0.01,0.07,0,26.02,0,0.08,0,0,0,0,0.11,,0,0,0.27,1.61,,,0,0,0,0,0,0,1.23
26,53,26053,0.02,,0,0,0,0,1.4,0,0,0,0,0,0,0,,0,0,,0.6,,,0,0,0,0,0,0,0
26,54,26054,0.02,,0,0,0,0,1.09,0,0,0,0,0,0,0,,0,0,,0.08,,,0,0,0,0,0,0.01,0
26,55,26055,10.02,0,0.39,0.65,1.7,0.04,705.77,0,29.68,0.41,1.13,0.43,0.0001,0.26,0.0871475,0,0,,59.05,,10.24,0,0,0,5.48,0.52,0.38,0
26,56,26056,0.39,0,0.01,0.01,0.05,0,27.12,0,0.05,0,0,0,0,0,,0,0,,6.75,,10.24,0,0,0,0.72,0.07,0,0
26,57,26057,0.09,,0,0,0.02,0,6.42,0,0.02,0,0,0,0,0.02,,0,0,,1.37,,,0,0,0,0,0,0,0
26,58,26058,0.93,,0.03,0.05,0.16,0,65.77,0,2.73,0.04,0.1,0.04,0,0.07,,0,0,,5.28,,,0,0,0,1.19,0.11,0,0
26,59,26059,0.11,,0,0,0.02,0,8.02,0,0,0,0,0,0,0.02,,0,0,,0.06,,,0,0,0,2.3,0.22,0,0
26,60,26060,0.16,0.02,0,0,0.03,0,11.17,0,0,0,0,0,0,0,2.86E-05,0,0,,0.33,,10.24,0,0,0,0,0,0,0
26,61,26061,0.08,0.08,0,0,0.02,0,5.43,0,0,0,0,0,0,0,,0,0,,1.62,,,0,0,0,0,0,0,0
26,62,26062,0.07,0,0,0,0.01,0,4.95,0,0.01,0,0,0,0,0,,0,0,,0.43,,,0,0,0,0,0,0,0
26,63,26063,0.08,,0,0,0.02,0,5.32,0,0,0,0,0,0,0.05,,0,0,,0.46,,,0,0,0,0,0,0,0
26,64,26064,0.11,,0,0,0.02,0,7.5,0,0,0,0,0,0,0.05,,0,0,,8.73,,10.24,0,0,0,2.39,0.23,0.13,0
26,65,26065,0.11,,0,0,0.02,0,7.87,0,0,0,0,0,0,0,,0,0,,0.63,,10.24,0,0,0,0,0,0,0
26,66,26066,0.54,0,0.01,0.02,0.1,0,37.83,0,0.39,0.01,0.01,0.01,0,0.09,,0,0,,7.51,,10.24,0,0,0,0,0,0,12.31
26,67,26067,0.1,0,0,0,0.02,0,7.03,0,0.01,0,0,0,0,0.02,,0,0,,0.77,,,0,0,0,0,0,0,0
26,68,26068,0.09,0,0,0,0.02,0,6.17,0,0.01,0,0,0,0,0.01,,0,0,,2.6,,,0,0,0,0,0,0,0
26,69,26069,0.39,0.01,0,0.01,0.07,0,27.36,0,0.16,0,0.01,0,0,0.02,,0,0,1.08,0.93,,,0,0,0,0,0,0,0
26,70,26070,0.79,0.01,0.04,0.06,0.13,0,55.79,0,0.86,0.01,0.03,0.01,0,0,,0,0,,5.42,,10.24,0,0,0,0,0,0,0
26,71,26071,1.3,0.01,0.03,0.05,0.21,0,91.87,0,0.53,0.01,0.02,0.01,0,0,0.001533248,0,0,,43.9,,10.24,0,0,0,0,0,0.01,0
26,72,26072,0.85,0,0.01,0.01,0.13,0,59.51,0,0.1,0,0,0,0,0,,0,0,,16.63,,10.24,0,0,0,0,0,0,0
27,1,27001,3.38,,0.03,0,0.52,0,238.31,0,0.48,0.01,0.06,0,0,5.82,,1.33,0,,42.6,,16.88,0,0,2.08,2.31,0.22,0.04,35.32
27,2,27002,14.01,0,0.37,0,1.98,0,986.54,0,7.38,0.1,0.98,0.04,0,2.75,,10.27,0,,58.82,,16.88,0,0,0,0,0,3.01,42.99
27,3,27003,5.92,,0.09,0,0.83,0,416.77,0,0.87,0.01,0.12,0,0,0.84,,2.01,0,5.5,5.29,,,0,0,0,0,0,0,1.31
27,4,27004,35.64,0.08,1.57,0,5.66,0,1133.31,0,22.74,0.31,3.01,0.11,0.0001,2.28,,37.82,0.01,,6.8,0.02,,0.54,0.26,0,0,0,27.44,5.07
27,5,27005,11.09,0,0.19,0,1.58,0,780.8,0,2.2,0.03,0.29,0.01,0,0.98,,6.09,0,,16.97,,16.88,0,0,0,0,0,0.9,3.04
27,6,27006,7.15,,0.06,0,1.04,0,503.4,0,0.83,0.01,0.11,0,0,1.16,,2.96,0,,21.83,,16.88,0,0,0,0,0,0.14,2.23
27,7,27007,1.7,0.01,0.07,0,0.27,0,119.41,0,0.69,0.01,0.09,0,0,0.91,,1.34,0,,11.43,,16.88,0,0,0,0.28,0.03,0.06,14.42
27,8,27008,10.43,0.01,0.12,0,1.43,0,734.47,0,2.67,0.04,0.35,0.01,0,5.35,,5.8,0,1229.87,45.29,,16.88,0,0,0,3.93,0.37,2.85,22.49
27,9,27009,2.14,,0.01,0,0.32,0,150.95,0,0.18,0,0.02,0,0,1.69,,0.1,0,,3.16,,,0,0,0,0,0,2.79,1.1
27,10,27010,4.66,,0.04,0,0.64,0,327.86,0,0.68,0.01,0.09,0,0,0.55,,1.12,0,,4.08,,,0,0,0,0,0,0,0.14
27,11,27011,1.81,,0.01,0,0.26,0,127.62,0,0.13,0,0.02,0,0,2.28,,0.54,0,,8.24,,,0,0,0,0,0,0.43,4.24
27,12,27012,9.12,0,0.14,0,0.13,0,642.32,0,3.83,0.05,0.51,0.02,0,3.37,,7.89,0,,3.96,,,0,0,0,1.4,0.13,1.38,1.42
27,13,27013,5.49,,0.05,0,0.79,0,445.57,0,0.51,0.01,0.07,0,0,0.91,,9.61,0,,3,,,0,0,0,0,0,0.07,0.86
27,14,27014,5.01,,0.07,0,0.73,0,352.8,0,1.31,0.02,0.17,0.01,0,0.18,,8.2,0,,3.36,,,0,0,85.55,0,0,0.64,0.33
27,15,27015,2.73,,0.02,0,0.37,0,192.46,0,0.27,0,0.04,0,0,1.2,,0.33,0,,16.14,,,0,0,0,1.14,0.11,8.66,1.82
27,16,27016,3.14,,0.06,0,0.46,0,221.34,0,1.11,0.02,0.15,0.01,0,0.91,,2.02,0,,6.83,,,0,0,0,0.81,0.08,10.46,14.02
27,17,27017,3.55,0.01,0.09,0,0.55,0,249.83,0,1.34,0.02,0.18,0.01,0,3.44,,0.64,0,17.47,18.3,,16.88,0,0,0,1.78,0.17,0.37,5.57
28,1,28001,0.76,,0.01,0,0.16,0.06,53.3,0,0.22,0,0.03,0,0,0,,0,0,,56.55,,,0,0,0,0,0,0,40.61
28,2,28002,1.77,,0.03,0,0.4,0.15,124.35,0,0.63,0,0.1,0,0,0.66,,0,0,36.76,43.64,,12.17,0,0,0,0,0,5.09,25.81
28,3,28003,10.38,0,0.22,0,0.23,0.86,211.37,0,17.93,0.04,2.87,0.09,0.0001,0.01,,0,0,,150.29,,12.17,0,0,76.75,3.32,0.31,2.73,91.09
28,4,28004,0.55,0,0.01,0,0.13,0.05,38.47,0,0.15,0,0.02,0,0,0,,0,0,2.01,10.2,,12.17,0,0,0,0,0,1.8,7.43
28,5,28005,0.31,,0,0,0.07,0.03,21.49,0,0.19,0,0.03,0,0,1,,0,0,,8.08,,,0,0,0,0,0,0,7.59
28,6,28006,0.46,,0,0,0.09,0.04,32.69,0,0.02,0,0,0,0,0.15,,0,0,0.99,12.13,,,0,0,0,0,0,0,11.64
28,7,28007,1.12,,0.03,0,0.28,0.09,79.02,0,3.1,0.01,0.49,0.02,0,0.04,0.002051736,0,0,,16.84,,,0,0,0,2.5,0.24,1.78,13.86
28,8,28008,0.26,0.09,0,0,0.06,0.02,18.53,0,0,0,0,0,0,0.35,,0,0,32.41,67.61,,,0,0,0,1.14,0.11,0,35.89
28,9,28009,12.32,,0.35,0,2.93,1.02,867.39,0,16.01,0.04,2.56,0.08,0.0001,0,,0,0,,0,,,0,0,0,0,0,7.35,0
28,10,28010,0.14,,0,0,0.04,0.01,10.19,0,0.01,0,0,0,0,0.2,,0,0,,2.32,,,0,0,0,0,0,0.01,3.81
28,11,28011,0.54,0.03,0,0,0.12,0.04,38.03,0,0.16,0,0.02,0,0,2.7,,0,0,,19.51,,12.17,0,0,0,0,0,0,14.82
28,12,28012,2.61,0,0.07,0,0.57,0.22,183.98,0,1.61,0,0.26,0.01,0,0.31,,0,0,,282.57,,12.17,0,0,0,3.86,0.36,0.05,162.67
28,13,28013,0.92,,0,0,0.02,0.08,64.81,0,0.22,0,0.03,0,0,0.44,,0,0,,40.45,,,0,0,0,0.26,0.02,0,31.08
28,14,28014,0.25,0,0.01,0,0.06,0.02,17.35,0,0.19,0,0.03,0,0,0,,0,0,,0.81,,,0,0,0,0,0,0,0.45
28,15,28015,0.96,,0.03,0,0.23,0.08,67.52,0,1.67,0,0.27,0.01,0,0.28,,0,0,,14.47,,,0,0,0,0.94,0.09,0,13.31
28,16,28016,1.49,0,0.02,0,0.34,0.12,104.95,0,0.99,0,0.16,0,0,0.88,,0,0,,38.07,,,0,0,0,2.4,0.23,0,30.31
28,17,28017,0.89,0.03,0.01,0,0.19,0.07,63,0,0.5,0,0.08,0,0,0,,0,0,4.56,8.04,,,0,0,0,0,0,0,6.82
28,18,28018,0.53,,0.01,0,0.12,0.04,36.98,0,0.41,0,0.07,0,0,0.53,,0,0,,26.08,,,0,0,0,0,0,0,14.08
28,19,28019,1.11,0,0.01,0,0.26,0.09,77.81,0,0.14,0,0.02,0,0,0.02,,0,0,21.03,23.21,,,0,0,0,2.2,0.21,0.69,17.97
28,20,28020,0.16,,0,0,0.04,0.01,11.08,0,0.01,0,0,0,0,0,,0,0,,10.61,,,0,0,0,0,0,0,4.33
28,21,28021,7.15,0,0.28,0,1.7,0.59,503.51,0,6.14,0.01,0.98,0.03,0,0.02,,0,0.02,,134.68,,12.17,0,0,0,3.12,0.3,8.99,82.71
28,22,28022,29.49,0.02,0.95,0,6.57,2.45,287.51,0,123.22,0.29,19.7,0.6,0.0004,6.16,0.039485686,0,0.03,,319.4,,,0.17,0.08,0,2.44,0.23,18.77,171.31
28,23,28023,0.31,,0,0,0.01,0.03,21.5,0,0.01,0,0,0,0,0.33,,0,0,,127.7,,,0,0,0,0,0,0,65.8
28,24,28024,0.42,,0.02,0,0.1,0.03,29.38,0,0.3,0,0.05,0,0,0,0.005505855,0,0,,3.54,,,0,0,0,0,0,0,1.83
28,25,28025,1.53,,0.08,0,0.36,0.13,107.93,0,0.93,0,0.15,0,0,0,,0,0.01,,8.31,,,0,0,0,0,0,10.49,6.31
28,26,28026,0.22,,0,0,0.05,0.02,15.23,0,0.02,0,0,0,0,0.49,,0,0,1.28,6.59,,12.17,0,0,0,0,0,0,5.32
28,27,28027,22.71,0.02,0.83,0,4.85,1.89,25.39,0,45.13,0.11,7.21,0.22,0.0001,1.28,0.476754379,0,0.03,,2.47,,,0.65,0.17,0,1.44,0.14,7.31,1.23
28,28,28028,0.19,,0,0,0.04,0.02,13.71,0,0.03,0,0,0,0,0.14,,0,0,,6.33,,12.17,0,0,0,0,0,0,4.63
28,29,28029,0.8,0,0.01,0,0.19,0.07,56.06,0,0.14,0,0.02,0,0,0.75,,0,0,0.26,19.39,,12.17,0,0,0,0,0,0,16.09
28,30,28030,0.8,0.02,0.01,0,0.18,0.07,56.65,0,0.12,0,0.02,0,0,1.9,,0,0,,29.37,,,0,0,0,0,0,0,21.51
28,31,28031,0.1,,0,0,0.03,0.01,7.2,0,0.01,0,0,0,0,0.11,,0,0,2.33,1.52,,,0,0,0,0,0,0,1.41
28,32,28032,33.62,0,1.13,0,7.38,2.8,165.29,0,165.04,0.39,26.38,0.81,0.0005,4.71,0.164326452,0,0.1,,188.58,0.02,,0.95,0.17,0,2.67,0.25,11.47,106.34
28,33,28033,6.82,,0.25,0,1.49,0.57,123.57,0,7.59,0.02,1.21,0.04,0,0.14,0.005933921,0,0.04,,318.06,,,0,0,0,1.4,0.13,1.34,188.82
28,34,28034,0.59,,0,0,0.14,0.05,41.61,0,0.01,0,0,0,0,0.05,,0,0,4.53,47.63,,,0,0,0,0,0,0,25.56
28,35,28035,3.69,,0.07,0,0.81,0.31,259.51,0,2.28,0.01,0.36,0.01,0,2.14,,0,0,,461.36,,,0,0,0,0,0,0.02,237.19
28,36,28036,0.07,,0,0,0.01,0.01,4.69,0,0,0,0,0,0,0.03,,0,0.01,,0,,,0,0,0,0,0,0,0
28,37,28037,1.46,,0.03,0,0.32,0.12,102.56,0,0.18,0,0.03,0,0,1.33,,0,0,8,37.31,,,0,0,0,0,0,0,22.9
28,38,28038,19.39,0.02,1.22,0,4.57,1.61,2.53,0,14.18,0.03,2.27,0.07,0,0,,0,0.01,,0,,,3.09,0.94,65.11,1.2,0.11,7.53,0
28,39,28039,1.64,,0.03,0,0.32,0.14,115.42,0,0.21,0,0.03,0,0,2.07,,0,0,0.03,22.58,,,0,0,0,0,0,0,21.53
28,40,28040,3.97,0.03,0.16,0,0.09,0.33,279.45,0,14.1,0.03,2.25,0.07,0,0,,0,0,,125.45,,,0,0,0,0,0,0.22,70.94
28,41,28041,18.7,,0.69,0,4.1,1.55,1316.7,0,20.05,0.05,3.2,0.1,0.0001,0.12,,0,0.01,1.65,22.04,0.02,,0.25,0.08,0,2.63,0.25,11.73,16.09
28,42,28042,0.41,,0,0,0.1,0.03,29.01,0,0.02,0,0,0,0,0.5,,0,0,,15.87,,,0,0,0,2.27,0.21,0,11.17
28,43,28043,1.4,0,0.02,0,0.33,0.12,98.3,0,1.77,0,0.28,0.01,0,0.17,,0,0,,30.08,,12.17,0,0,0,2.55,0.24,0.02,22.79
29,1,29001,0.5,,0.02,0,0.1,0.01,4.94,0,0.34,0,0.04,0.01,0,0,,1.09,0,,1.05,,,0,0,0,0,0,0.01,0.77
29,2,29002,0.78,,0.01,0,0.17,0.01,18.93,0,2.28,0,0.25,0.04,0,0,,0.15,0,,1.37,,,0,0,0,0,0,0.16,0.99
29,3,29003,0.35,,0.01,0,0.07,0,24.65,0,0.03,0,0,0,0,0,,0.06,0,,11.14,,1.41,0,0,0,0.36,0.03,0.59,5.52
29,4,29004,0.91,,0,0,0.18,0.01,64.4,0,0.21,0,0.02,0,0,0,,0,0,0.61,11.1,,1.41,0,0,0,0,0,0,7.2
29,5,29005,4.66,0,0.29,0.01,1.04,0.06,18.84,0,4.18,0,0.45,0.08,0,0,,11.18,0,,7.53,,1.41,0,0,0,0.33,0.03,0.18,4.04
29,6,29006,2.6,,0.07,0,0.54,0.03,183.28,0,3.06,0,0.33,0.06,0,2.77,,0,0,6.31,31.67,,1.41,0,0,0,1.24,0.12,0.2,14.41
29,7,29007,0.89,,0.02,0,0.17,0.01,62.57,0,0.4,0,0.04,0.01,0,0,,0.03,0,,1.75,,1.41,0,0,0,0.37,0.03,0,1.03
29,8,29008,0.8,,0.01,0,0.16,0.01,56.62,0,0.51,0,0.05,0.01,0,0,,0.46,0,,15.03,,1.41,0,0,0,0.73,0.07,0,8.61
29,9,29009,0.28,,0,0,0.06,0,18.84,0,0.01,0,0,0,0,0,,0,0,,1.78,,,0,0,0,0,0,0.03,1.34
29,10,29010,4.04,,0.16,0.01,0.81,0.05,38.82,0,7.97,0,0.86,0.15,0,0,,0,0,2.49,4.74,,,0,0,0,0.1,0.01,0.1,3.7
29,11,29011,0.26,,0,0,0.05,0,18.02,0,0.08,0,0.01,0,0,0,,0.03,0,,9.71,,1.41,0,0,0,0.89,0.08,0,4.66
29,12,29012,0.51,0,0,0,0.11,0.01,36.03,0,0.08,0,0.01,0,0,0,,0,0,1.49,13.25,,1.41,0,0,0,0.87,0.08,0.31,6.42
29,13,29013,4.92,,0.12,0,0.93,0.06,346.32,0,9.51,0,1.03,0.18,0,1.3,,3.99,0,3.45,32.63,,1.41,0,0,0,1.94,0.18,0.74,23.36
29,14,29014,0,,0.01,0,0.17,0,0.06,0,0.4,0,0.04,0.01,0,0,,0.02,0,,21.8,,1.41,0,0,0,0.38,0.04,0,9.97
29,15,29015,2.08,,0.03,0,0.44,0.02,85.16,0,3.15,0,0.34,0.06,0,0,,0,0,,8.39,,1.41,0,0,0,0.39,0.04,0,5.53
29,16,29016,0.4,,0.01,0,0.08,0,28.21,0,0.22,0,0.02,0,0,0,,0,0,2.09,2.29,,,0,0,0,0.25,0.02,0,1.47
29,17,29017,0.55,,0.01,0,0.1,0.01,1.42,0,0.57,0,0.06,0.01,0,0,,0,0,1.71,0.66,,,0,0,0,0,0,0,0.49
29,18,29018,2.06,,0.03,0,0.38,0.02,60.24,0,3.18,0,0.34,0.06,0,0,,0,0,3.16,2.36,,,0,0,0,0.21,0.02,0.01,1.89
29,19,29019,1.04,,0.02,0,0.21,0.01,7.62,0,3.88,0,0.42,0.07,0,0,,0.71,0,,2.62,,,0,0,0,0,0,0,2
29,20,29020,0.48,,0,0,0.1,0.01,33.94,0,0.07,0,0.01,0,0,0,,0,0,1.21,9.59,,1.41,0,0,0,0.08,0.01,0,4.76
29,21,29021,1,,0.02,0,0.22,0.01,70.42,0,0.67,0,0.07,0.01,0,0,,0.04,0,4.18,16.34,,1.41,0,0,0,0.64,0.06,0,7.81
29,22,29022,0.32,,0.01,0,0.06,0,30.88,0,2.78,0,0.3,0.05,0,0,,0,0,1.77,0.11,,,0,0,0,0.08,0.01,0.12,0.62
29,23,29023,1.4,,0.02,0,0.28,0.02,80.34,0,0.22,0,0.02,0,0,0,,0.33,0,,5.62,,,0,0,0,0,0,0.14,4.22
29,24,29024,1.43,,0.02,0,0.31,0.02,82.9,0,0.51,0,0.05,0.01,0,0,,0,0,,3.44,,,0,0,0,0,0,0,2.61
29,25,29025,4.09,,0.07,0,0.68,0.05,5.77,0,3.23,0,0.35,0.06,0,0,,0,0,1.87,2.4,,,0,0,0,0,0,0.07,1.9
29,26,29026,0.97,,0.02,0,0.2,0.01,31.27,0,0.61,0,0.07,0.01,0,0,,0,0,0.74,2.48,,,0,0,0,0.32,0.03,0,1.97
29,27,29027,0.68,,0.02,0,0.12,0.01,0.64,0,0.17,0,0.02,0,0,0,,0,0,0.61,0.93,,,0,0,0,0.02,0,0,0.74
29,28,29028,1.24,0,0.02,0,0.23,0.01,22.75,0,4.01,0,0.43,0.08,0,0,,0,0,4.9,4.62,,,0,0,0,0.19,0.02,0,3.72
29,29,29029,0.59,,0,0,0.11,0.01,53.87,0,0.03,0,0,0,0,0,,0.14,0,,1.09,,,0,0,0,0,0,0,0.81
29,30,29030,0.81,,0,0,0.15,0.01,56.74,0,0.03,0,0,0,0,0,,0,0,0.94,16.31,,1.41,0,0,0,0,0,0,7.67
29,31,29031,1.58,0,0.03,0,0,0.02,27.39,0,13.16,0,1.42,0.25,0,0,,0,0,3.14,16.33,,1.41,0,0,0,0.88,0.08,0.05,7.75
29,32,29032,0.73,,0.01,0,0.15,0.01,33.47,0,0.58,0,0.06,0.01,0,0,,0,0,,3.17,,,0,0,0,0,0,0,2.2
29,33,29033,5.34,,0.24,0.01,1.2,0.06,0.1,0,4.56,0,0.49,0.09,0,1.93,,0,0,,2.63,0.01,,0,0,0,0,0,0.66,2.09
29,34,29034,2.33,0,0.03,0,0.46,0.03,164.03,0,3.32,0,0.36,0.06,0,,,3.48,0,4.72,59.71,,1.41,0,0,0,1.25,0.12,0.09,30.81
29,35,29035,0.32,,0.01,0,0.06,0,0.19,0,0.08,0,0.01,0,0,0,,3.14,0,1.31,1.97,,1.41,0,0,0,0,0,0,0.98
29,36,29036,1.25,,0.02,0,0.26,0.01,79.48,0,0.99,0,0.11,0.02,0,0,,0,0,,0.36,,,0,0,0,0,0,0.06,0.25
29,37,29037,0.53,0,0.01,0,0.09,0.01,36.97,0,0.14,0,0.01,0,0,0,,0,0,3.31,5.67,,1.41,0,0,0,0,0,0,4.22
29,38,29038,0.8,,0.01,0,0.17,0.01,23.56,0,2.39,0,0.26,0.05,0,0,,3.7,0,,4.57,,1.41,0,0,0,0.48,0.05,0,3.14
29,39,29039,1.25,,0.02,0,0.23,0.01,12.64,0,3.45,0,0.37,0.07,0,0,,1.44,0,,5.12,,1.41,0,0,0,0.37,0.04,0,2.95
29,40,29040,0.54,,0,0,0,0.01,38.08,0,0,0,0,0,0,0,,0,0,,18.64,,1.41,0,0,0,0,0,0.61,9.8
29,41,29041,1.57,,0.05,0,0.32,0.02,1.21,0,10.04,0,1.09,0.19,0,0,,10.72,0,1.65,2.84,,,0,0,0,0.15,0.01,0.02,2.25
29,42,29042,0.68,0,0.02,0,0.14,0.01,48.22,0,1.34,0,0.14,0.03,0,0,,0,0,,0.89,,,0,0,0,0.07,0.01,0,0.69
29,43,29043,1.78,,0.04,0,0.04,0.02,74.9,0,2.06,0,0.22,0.04,0,0,,5.57,0,,5.16,,1.41,0,0,0,0,0,0.1,2.48
29,44,29044,2.25,,0.07,0,0.44,0.03,2.45,0,2.03,0,0.22,0.04,0,0,,0,0,,2.21,,,0,0,0,0,0,0,1.62
29,45,29045,0.33,,0.01,0,0.07,0,23.17,0,0.04,0,0,0,0,0,,0,0,,6.76,,1.41,0,0,0,0.59,0.06,0,3.57
29,46,29046,0.24,0,0,0,0.05,0,17.03,0,0.49,0,0.05,0.01,0,0,,0,0,0.41,1.01,,1.41,0,0,0,0,0,0,0.27
29,47,29047,0.16,,0,0,0.03,0,11.45,0,0.11,0,0.01,0,0,0,,0,0,0.94,1.7,,1.41,0,0,0,0,0,0,0.82
29,48,29048,0.96,,0.02,0,0.17,0.01,67.6,0,3.43,0,0.37,0.06,0,0,,0.09,0,,0.73,,,0,0,0,0.24,0.02,0.01,0.59
29,49,29049,0.29,,0.01,0,0.06,0,0.26,0,0.08,0,0.01,0,0,0,,0,0,,0.85,,,0,0,0,0,0,0,0.65
29,50,29050,0.64,,0.01,0,0.12,0.01,0.11,0,0.21,0,0.02,0,0,0,,0,0,2.35,1.01,,,0,0,0,0,0,0,0.81
29,51,29051,0.2,,0,0,0.04,0,0.19,0,0.02,0,0,0,0,0,,0.3,0,,0.47,,,0,0,0,0,0,0.01,0.3
29,52,29052,0.33,,0.01,0,0.06,0,23,0,0.11,0,0.01,0,0,0,,0.06,0,0.27,2.89,,1.41,0,0,0,0,0,0,1.22
29,53,29053,0.42,,0.01,0,0.07,0,0.7,0,2.2,0,0.24,0.04,0,0,,0.03,0,,0.37,,,0,0,0,0,0,0,0.3
29,54,29054,0.31,,0,0,0.06,0,0.22,0,0.15,0,0.02,0,0,0,,0,0,,0.64,,,0,0,0,0,0,0,0.51
29,55,29055,0.17,,0,0,0.03,0,11.79,0,0.13,0,0.01,0,0,0,,0,0,,6.09,,1.41,0,0,0,0,0,0,3.37
29,56,29056,0.39,,0.01,0,0.08,0,0.06,0,0.13,0,0.01,0,0,0,,0.01,0,,0.46,,,0,0,0,0,0,0,0.36
29,57,29057,0.25,,0.01,0,0.05,0,0.58,0,0.05,0,0.01,0,0,0,,0,0,,0.64,,,0,0,0,0,0,0,0.42
29,58,29058,0.47,,0.01,0,0.09,0.01,32.83,0,0.11,0,0.01,0,0,0,,0,0,0.81,0.57,,,0,0,0,0.14,0.01,0,0.46
29,59,29059,0.34,,0.01,0,0.07,0,13.08,0,0.16,0,0.02,0,0,0,,0,0,,0.21,,,0,0,0,0,0,0,0.17
29,60,29060,0.26,,0,0,0.05,0,18.5,0,1.89,0,0.2,0.04,0,0,,0.1,0,,0.14,,,0,0,0,0.09,0.01,0,0.11
30,1,30001,0.48,,0,0,0.06,0,33.96,0,0.02,0,0,0,0,0,,0,0,0.1,0.51,,,0,0,0,0.53,0.05,0.06,0.26
30,2,30002,0.18,,0,0,0.02,0,13,0,0.6,0.01,0.08,0.01,0,0,,0,0,,0.55,,,0,0,0,0,0,0,0.28
30,3,30003,5.07,0,0.2,0,0.7,0,201.32,0,1.92,0.03,0.25,0.05,0,0.01,,0,0,,13.81,,11.05,0,0,0,0,0,3.85,7.21
30,4,30004,2.42,,0.02,0,0.38,0,170.14,0,0.15,0,0.02,0,0,0.06,,0,0,0.05,25.03,,11.05,0,0,0,0,0,0,12.79
30,5,30005,0.3,,0,0,0.05,0,21.26,0,0.06,0,0.01,0,0,0.03,,0,0,,4.43,,11.05,0,0,0,0,0,0,1.81
30,6,30006,1.19,,0.01,0,0.14,0,83.97,0,0.38,0.01,0.05,0.01,0,0,,0,0,16.81,6.14,,,0,0,0,1.94,0.18,0,3.11
30,7,30007,0.36,,0,0,0.05,0,25.43,0,0.01,0,0,0,0,0.01,,0,0,,0,,,0,0,0,1.14,0.11,0,3.12
30,8,30008,0.57,,0,0,0.06,0,40.38,0,0.02,0,0,0,0,0,,0,0,0.59,2.64,,,0,0,0,0,0,0,1.39
30,9,30009,1.65,,0.02,0,0.25,0,116.34,0,0.38,0.01,0.05,0.01,0,0,,0,0,,10.99,,11.05,0,0,0,0,0,0,6.15
30,10,30010,3.63,0,0.04,0,0.43,0,255.94,0,2.76,0.05,0.37,0.07,0,0.13,,0,0,,11.11,,11.05,0,0,0,0,0,0,5.99
30,11,30011,3.07,0,0.07,0,0.48,0,172.03,0,0.89,0.02,0.12,0.02,0,0.92,,0,0,,1.17,,,0,0,0,2.27,0.21,1.95,0.58
30,12,30012,0.46,,0,0,0.07,0,32.15,0,0.05,0,0.01,0,0,0.12,,0,0,,7.98,,11.05,0,0,0,0,0,0,3.17
30,13,30013,1.67,,0.07,0,0.25,0,117.36,0,0.73,0.01,0.1,0.02,0,0.26,,0,0,,0,,11.05,0,0,0,0,0,0.04,0.74
30,14,30014,2.44,0,0.03,0,0.33,0,152.17,0,3.01,0.05,0.4,0.07,0,0,,0,0,,6.15,,11.05,0,0,0,1.23,0.12,0.08,3.11
30,15,30015,2.1,0,0.02,0,0.32,0,148.1,0,0.27,0,0.04,0.01,0,0.17,,0,0,,16.83,,11.05,0,0,0,0,0,0,6.87
30,16,30016,1.62,0,0.1,0,0.25,0,114.17,0,1.92,0.03,0.25,0.05,0,0.24,,0,0,,5.2,,11.05,0,0,0,1.17,0.11,0.8,2.19
30,17,30017,0.23,,0,0,0.03,0,15.88,0,0.01,0,0,0,0,0,,0,0,0.1,2.45,,,0,0,0,0.37,0.03,0,1.42
30,18,30018,0.1,,0,0,0.01,0,7.26,0,0,0,0,0,0,0,,0,0,0.05,0.63,,,0,0,0,0,0,0,0.32
30,19,30019,0.31,,0,0,0.03,0,21.77,0,0,0,0,0,0,0,,0,0,,1.73,,,0,0,0,0,0,0,0.89
30,20,30020,0.58,,0,0,0.07,0,40.61,0,0.02,0,0,0,0,0,,0,0,,1.35,,,0,0,0,0,0,0,0.69
30,21,30021,1.37,,0.02,0,0.2,0,96.74,0,2.49,0.04,0.33,0.06,0,0.06,,0,0,,7.88,,11.05,0,0,0,0.46,0.04,0,3.98
30,22,30022,1.15,,0.01,0,0.14,0,45.98,0,0.14,0,0.02,0,0,0,,0,0,,6.56,,11.05,0,0,0,0,0,0,2.88
30,23,30023,2.78,0,0.01,0,0.03,0,195.77,0,1.05,0.02,0.14,0.03,0,0,,0,0,0.33,21.28,,11.05,0,0,0,0,0,0.01,14.24
30,24,30024,0.87,0,0,0,0.1,0,61.08,0,0.09,0,0.01,0,0,0,,0,0,,9.77,,11.05,0,0,0,0,0,0,5.29
30,25,30025,1.5,,0.01,0,0.15,0,105.28,0,0.07,0,0.01,0,0,0,,0,0,1.35,7.75,,,0,0,0,0,0,0,3.95
30,26,30026,1.22,,0.04,0,0.17,0,9.98,0,0.52,0.01,0.07,0.01,0,0,,0,0,,0.05,,11.05,0,0,0,0.41,0.04,0.34,0.03
30,27,30027,1.05,0,0,0,0.12,0,73.9,0,0.03,0,0,0,0,0,,0,0,,14.83,,11.05,0,0,0,0,0,0.04,7.96
30,28,30028,9.06,,0.48,0,1.41,0,13.21,0,3.82,0.07,0.51,0.09,0,0,,0,0,,14.83,,,0,0,0,0.24,0.02,2.29,0.01
30,29,30029,0.8,,0,0,0.01,0,56.01,0,0,0,0,0,0,0,,0,0,6.09,2.59,,,0,0,0,0,0,0,1.38
30,30,30030,2.49,,0.08,0,0.34,0,41.03,0,2.15,0.04,0.28,0.05,0,0,,0,0,0.08,0.28,,,0,0,0,0.27,0.03,0.02,0.15
30,31,30031,0.92,,0,0,0.01,0,64.9,0,0,0,0,0,0,0,,0,0,,7.4,,11.05,0,0,0,0,0,0.05,3.43
30,32,30032,2.98,,0.06,0,0.39,0,209.84,0,0.87,0.01,0.11,0.02,0,0.17,,0,0,,5.13,,11.05,0,0,0,0,0,0.14,2.86
30,33,30033,1.47,0,0.01,0,0.2,0,167.97,0,0.1,0,0.01,0,0,0,,0,0,,10.59,,,0,0,0,0,0,0,6.27
30,34,30034,1.58,,0.06,0,0.24,0,111.16,0,0.62,0.01,0.08,0.02,0,0.25,,0,0,,0.67,,,0,0,0,0,0,0,0.36
30,35,30035,0.7,,0.01,0,0.09,0,49.48,0,0.41,0.01,0.05,0.01,0,0,,0,0,,0.31,,,0,0,0,0,0,0,0.17
30,36,30036,0.53,,0.01,0,0.07,0,37.27,0,0.16,0,0.02,0,0,0,,0,0,,0.91,,,0,0,0,0,0,0,0.47
30,37,30037,0.46,,0,0,0.05,0,32.54,0,0.02,0,0,0,0,0,,0,0,,1.67,,,0,0,0,0,0,0,0.94
30,38,30038,5.09,0,0.13,0,0.7,0,136.61,0,5.33,0.09,0.71,0.13,0,0.45,,0,0,,13.82,,11.05,0,0,0,0.15,0.01,0.18,8.2
30,39,30039,17.89,,0.86,0,2.75,0,52.03,0,34.86,0.6,4.62,0.86,0.0001,0,,0,0,,1.77,,,0,0,29.95,1.11,0.1,7.94,1.26
30,40,30040,2.75,,0.03,0,0.39,0,114.14,0,0.33,0.01,0.04,0.01,0,0,,0,0,,6.73,,,0,0,0,0,0,0.04,3.71
30,41,30041,0.12,,0,0,0.02,0,8.8,0,0.02,0,0,0,0,0,,0,0,,0.91,,11.05,0,0,0,0,0,0,0.52
30,42,30042,0.37,,0,0,0.05,0,26.12,0,0.04,0,0.01,0,0,0,,0,0,,1.13,,,0,0,0,0,0,0,0.66
30,43,30043,1.08,0,0.01,0,0.13,0,75.8,0,0.17,0,0.02,0,0,0,,0,0,,11.16,,11.05,0,0,0,0,0,0,6.1
30,44,30044,11.91,0,0.61,0,1.74,0,256.49,0,14.54,0.25,1.93,0.36,0,0.69,,0,0,,12.4,,11.05,0,0,0,0.71,0.07,1.92,5.63
30,45,30045,3.48,0,0.11,0,0.55,0,244.96,0,1.55,0.03,0.2,0.04,0,0,,0,0,,32.14,,11.05,0,0,0,2.26,0.21,0.01,12.76
30,46,30046,0.94,,0.01,0,0.12,0,66.16,0,0.17,0,0.02,0,0,0,,0,0,,4.28,,11.05,0,0,0,0,0,0,2.86
30,47,30047,3,,0.04,0,0.34,0,211.24,0,0.75,0.01,0.1,0.02,0,0,,0,0,,7.42,,,0,0,0,0,0,0.02,3.87
30,48,30048,6.7,0,0.12,0,0.96,0,139.11,0,7.5,0.13,0.99,0.18,0,0,,0,0,,3.36,,,0.74,0.14,0,0.23,0.02,0.31,1.76
30,49,30049,1.2,0,0.01,0,0.17,0,84.57,0,0.6,0.01,0.08,0.01,0,0,,0,0,,8.08,,11.05,0,0,0,0,0,0.13,4.41
30,50,30050,0.95,,0.01,0,0.11,0,67.14,0,0.08,0,0.01,0,0,0,,0,0,,4.13,,,0,0,0,0,0,0,2.3
30,51,30051,1.33,,0.02,0,0.16,0,93.65,0,0.45,0.01,0.06,0.01,0,0,,0,0,,4.67,,,0,0,0,0,0,0,2.57
30,52,30052,0.7,,0.01,0,0.09,0,49.11,0,2.14,0.04,0.28,0.05,0,0,,0,0,,7.73,,11.05,0,0,0,0.66,0.06,0,3.29
30,53,30053,1.48,,0.04,0,0.21,0,104.28,0,1.74,0.03,0.23,0.04,0,0.38,,0,0,,5.8,,11.05,0,0,0,0,0,0,2.65
30,54,30054,0.73,0,0.01,0,0.12,0,51.29,0,0.12,0,0.02,0,0,0.06,,0,0,,10,,11.05,0,0,0,0.73,0.07,0,4.51
30,55,30055,0.83,0,0,0,0.11,0,58.71,0,0.01,0,0,0,0,0,,0,0,,4.91,,11.05,0,0,0,0,0,0,2.57
30,56,30056,0.43,0,0,0,0.05,0,30.6,0,0.03,0,0,0,0,0,,0,0,,2.18,,11.05,0,0,0,0,0,0,1.12
30,57,30057,0.8,,0.01,0,0.09,0,56.24,0,0.04,0,0.01,0,0,0,,0,0,,4.01,,,0,0,0,0,0,0,2.27
30,58,30058,3.53,,0.02,0,0.44,0,248.8,0,0.11,0,0.01,0,0,0,,0,0,,32.97,,11.05,0,0,0,0,0,0,17.85
30,59,30059,0.89,0,0.02,0,0.13,0,59.64,0,0.59,0.01,0.08,0.01,0,0.15,,0,0,,1.96,,,0,0,0,0.77,0.07,0.95,1.14
30,60,30060,0.9,,0,0,0.12,0,63.55,0,0.05,0,0.01,0,0,0,,0,0,,1.4,,11.05,0,0,0,0,0,0,0.79
30,61,30061,4.47,0,0.09,0,0.58,0,314.94,0,0.82,0.01,0.11,0.02,0,0.53,,0,0,9.38,28.02,,,0,0,0,2.13,0.2,0.02,15.21
30,62,30062,1.06,,0.01,0,0.13,0,74.36,0,0.87,0.01,0.11,0.02,0,0,,0,0,,6.32,,11.05,0,0,0,0,0,0,2.93
30,63,30063,0.93,,0,0,0.12,0,65.37,0,0.15,0,0.02,0,0,0,,0,0,,2.5,,11.05,0,0,0,0,0,0,1.33
30,64,30064,0.22,,0,0,0.03,0,15.15,0,0.02,0,0,0,0,0,,0,0,,1.23,,,0,0,0,0,0,0,0.68
30,65,30065,3.16,,0.04,0,0.46,0,256.18,0,0.97,0.02,0.13,0.02,0,0.03,,0,0,0.13,12.86,,11.05,0,0,0,2.32,0.22,0.01,7.42
30,66,30066,1.58,0,0.01,0,0.2,0,111.53,0,0.18,0,0.02,0,0,0,,0,0,,6.39,,,0,0,0,0,0,0,3.52
30,67,30067,0.92,,0.01,0,0.08,0,64.82,0,0.18,0,0.02,0,0,0,,0,0,,0.87,,,0,0,0,0,0,0,0.5
30,68,30068,3.4,0,0.1,0,0.49,0,94.9,0,2.58,0.04,0.34,0.06,0,0,,0,0,,4.43,,11.05,0,0,0,0.36,0.03,0.24,2.35
30,69,30069,1.55,,0.04,0,0.23,0,109.28,0,0.57,0.01,0.08,0.01,0,0.04,,0,0,,9.57,,,0,0,0,0,0,0,6.74
30,70,30070,1.11,,0.01,0,0.14,0,78.16,0,0.17,0,0.02,0,0,0.1,,0,0,1.32,10.93,,,0,0,0,0,0,0,6.75
30,71,30071,3.13,,0.09,0,0.38,0,220.53,0,1.84,0.03,0.24,0.05,0,0.22,,0,0,,11.25,,11.05,0,0,0,0,0,0.15,6.82
30,72,30072,1.23,,0.01,0,0.16,0,86.78,0,0.12,0,0.02,0,0,0,,0,0,1.78,8.77,,11.05,0,0,0,0,0,2.19,4.29
30,73,30073,2.44,0,0.03,0,0.35,0,171.53,0,1.34,0.02,0.18,0.03,0,0,,0,0,,29.18,,11.05,0,0,0,0,0,0,13.92
30,74,30074,0.4,,0,0,0.05,0,19.92,0,0.2,0,0.03,0,0,0,,0,0,0.07,0.1,,,0,0,0,0.18,0.02,0.06,0.06
30,75,30075,1.11,,0.01,0,0.02,0,78.05,0,0.15,0,0.02,0,0,0.11,,0,0,,0.78,,,0,0,0,0,0,0,0.44
30,76,30076,0.85,,0,0,0.11,0,59.84,0,0,0,0,0,0,0,,0,0,,4.58,,11.05,0,0,0,0,0,0,2.41
30,77,30077,2.45,0,0.06,0,0.35,0,172.64,0,0.68,0.01,0.09,0.02,0,0.22,,0,0,,8.48,,,0,0,0,1.39,0.13,0,8.85
30,78,30078,0.81,,0,0,0.1,0,56.9,0,0.06,0,0.01,0,0,0,,0,0,,5.07,,11.05,0,0,0,0,0,0,2.64
30,79,30079,0.63,,0,0,0.08,0,44.63,0,0.09,0,0.01,0,0,0,,0,0,0.1,1.48,,,0,0,0,0,0,0,0.88
30,80,30080,1.24,,0.01,0,0.14,0,87.19,0,0.43,0.01,0.06,0.01,0,0,,0,0,,7.55,,,0,0,0,0,0,0,4.89
30,81,30081,1,,0.01,0,0.14,0,33.65,0,0.17,0,0.02,0,0,0,,0,0,,0.75,,11.05,0,0,0,0,0,0,0.33
30,82,30082,0.89,,0.01,0,0.01,0,38.37,0,0.53,0.01,0.07,0.01,0,0.01,,0,0,,1.91,,,0,0,0,0.41,0.04,0,1.07
30,83,30083,3.1,,0.01,0,0.38,0,218.41,0,0.14,0,0.02,0,0,0,,0,0,,19.7,,11.05,0,0,0,0,0,0,10.59
30,84,30084,0.36,,0,0,0.06,0,25.47,0,0.03,0,0,0,0,0.03,,0,0,,7.89,,11.05,0,0,0,0,0,0,3.15
30,85,30085,3.87,,0.06,0,0.52,0,146.54,0,10.69,0.18,1.42,0.26,0,0,,0,0,0.1,14.11,,11.05,0,0,0,0.47,0.04,1.55,6.19
30,86,30086,2.41,0,0.02,0,0.28,0,169.8,0,4.27,0.07,0.57,0.1,0,0,,0,0,1.44,11.29,,11.05,0,0,0,0,0,0,5.74
30,87,30087,26.36,0,1.19,0,0.4,0,75.62,0,11.94,0.21,1.58,0.29,0,1,,0,0,,3.1,,11.05,0,0,0,0.95,0.09,5.94,1.85
30,88,30088,0.3,,0.01,0,0.05,0,21.07,0,0.05,0,0.01,0,0,0,,0,0,,2.68,,11.05,0,0,0,0,0,0,2.05
30,89,30089,2.37,,0.07,0,0.35,0,58.55,0,1.15,0.02,0.15,0.03,0,0.18,,0,0,,6.12,,,0,0,0,0.74,0.07,4.12,3.24
30,90,30090,0.62,,0,0,0.1,0,43.91,0,0.04,0,0.01,0,0,0,,0,0,,1.52,,,0,0,0,0,0,0,0.83
30,91,30091,1.54,,0.02,0,0.2,0,108.15,0,0.51,0.01,0.07,0.01,0,0,,0,0,5.75,8.28,,,0,0,0,1.73,0.16,0,4.17
30,92,30092,2.05,,0.03,0,0.25,0,144.68,0,0.74,0.01,0.1,0.02,0,0.07,,0,0,,4.12,,11.05,0,0,0,0,0,0,2.71
30,93,30093,0.87,0,0.01,0,0.11,0,60.38,0,0.14,0,0.02,0,0,0,,0,0,,2.61,,11.05,0,0,0,0.43,0.04,0,1.44
30,94,30094,2.19,,0.04,0,0.31,0,154.52,0,0.91,0.02,0.12,0.02,0,0.27,,0,0,,13.55,,,0,0,0,2.94,0.28,0,8.48
30,95,30095,1.04,,0.01,0,0.15,0,73.51,0,0.16,0,0.02,0,0,0,,0,0,,5.7,,,0,0,0,0,0,0,3.71
30,96,30096,0.1,,0,0,0.01,0,6.96,0,0.03,0,0,0,0,0,,0,0,,0.43,,,0,0,0,0,0,0,0.22
30,97,30097,1.19,0,0.05,0,0.02,0,83.75,0,2.51,0.04,0.33,0.06,0,0.24,,0,0,,4.63,,11.05,0,0,0,0,0,0,1.79
30,98,30098,0.17,,0,0,0.02,0,11.9,0,0,0,0,0,0,0,,0,0,,0.43,,,0,0,0,0,0,0,0.24
30,99,30099,0.95,,0.01,0,0.11,0,66.56,0,0.59,0.01,0.08,0.01,0,0,,0,0,13.71,2.87,,,0,0,0,1.49,0.14,0,1.46
30,100,30100,1.3,,0.01,0,0.2,0,91.54,0,0.3,0.01,0.04,0.01,0,0.57,,0,0,,7.89,,11.05,0,0,0,1.01,0.1,0,3.86
30,101,30101,1.95,0,0.01,0,0.25,0,121.72,0,0.08,0,0.01,0,0,0,,0,0,,10.51,,11.05,0,0,0,0,0,0.2,4.45
30,102,30102,6.24,,0.28,0,0.9,0,439.29,0,3.63,0.06,0.48,0.09,0,0.07,,0,0,,32.47,,11.05,0,0,0,0,0,0.06,23.24
30,103,30103,0.72,,0,0,0.08,0,50.58,0,0.03,0,0,0,0,0,,0,0,,1.74,,,0,0,0,0,0,0,1.04
30,104,30104,0.87,,0.01,0,0.11,0,61.26,0,0.07,0,0.01,0,0,0,,0,0,0.57,6.77,,,0,0,0,0,0,0,4.04
30,105,30105,2.48,,0.03,0,0.39,0,154.6,0,1.41,0.02,0.19,0.03,0,0,,0,0,,3.32,,,0,0,0,2.19,0.21,0,1.93
30,106,30106,0.26,,0,0,0.03,0,18.35,0,0.25,0,0.03,0.01,0,0,,0,0,,0.74,,,0,0,0,0,0,0,0.39
30,107,30107,0.18,,0,0,0.02,0,12.69,0,0,0,0,0,0,0,,0,0,,0.83,,,0,0,0,0,0,1.4,0.46
30,108,30108,9.7,0,0.48,0,1.43,0,339.85,0,11.27,0.19,1.49,0.28,0,0.64,,0,0,,19.31,,,0,0,0,0,0,0.49,10.25
30,109,30109,3.83,,0.07,0,0.53,0,269.5,0,1.21,0.02,0.16,0.03,0,0.16,,0,0,,15.1,,11.05,0,0,0,0,0,0,9.56
30,110,30110,0.61,,0,0,0.07,0,43.01,0,0,0,0,0,0,0,,0,0,,1.76,,,0,0,0,0,0,0,0.96
30,111,30111,1.01,,0.02,0,0.01,0,71.37,0,0.16,0,0.02,0,0,0.12,,0,0,,1.65,,,0,0,0,0.91,0.09,0,0.96
30,112,30112,1.21,,0.03,0,0.16,0,84.85,0,1.51,0.03,0.2,0.04,0,0.03,,0,0,,3.18,,11.05,0,0,0,0,0,0,1.52
30,113,30113,0.28,,0,0,0.03,0,19.43,0,0.07,0,0.01,0,0,0,,0,0,,1.2,,11.05,0,0,0,0,0,0,0.76
30,114,30114,0.64,,0.01,0,0,0,45.04,0,0.11,0,0.01,0,0,0.01,,0,0,,3.74,,11.05,0,0,0,0,0,0,2.01
30,115,30115,2.03,,0.03,0,0.28,0,63.46,0,0.6,0.01,0.08,0.01,0,0.18,,0,0,0.5,1.53,,,0,0,0,0.41,0.04,0,0.76
30,116,30116,0.87,,0.02,0,0.12,0,15.7,0,0.39,0.01,0.05,0.01,0,0,,0,0,,0.52,,,0,0,0,0.54,0.05,0.02,0.27
30,117,30117,1.38,,0.01,0,0.18,0,97.14,0,0.16,0,0.02,0,0,0,,0,0,,24.6,,11.05,0,0,0,0.58,0.05,0,9.94
30,118,30118,7.48,,0.48,0,0.11,0,0.14,0,12.59,0.22,1.67,0.31,0,1.52,,0,0,,0,,,0,0,0,0.36,0.03,3.71,0
30,119,30119,0.35,0,0.01,0,0.06,0,24.99,0,0.26,0,0.03,0.01,0,0.02,,0,0,,4.48,,11.05,0,0,0,0.16,0.02,0,2.15
30,120,30120,0.81,,0.02,0,0.11,0,0.13,0,0.31,0.01,0.04,0.01,0,0.03,,0,0,,0.53,,,0,0,0,0,0,0,0.27
30,121,30121,1.48,0,0.01,0,0.21,0,104.2,0,0.16,0,0.02,0,0,0.11,,0,0,,7.21,,11.05,0,0,0,2.62,0.25,0,3.52
30,122,30122,0.93,,0.01,0,0.13,0,65.7,0,0.31,0.01,0.04,0.01,0,0,,0,0,4.62,3.62,,,0,0,0,0,0,0,1.99
30,123,30123,5.81,0,0.12,0,0.83,0,332.33,0,3.67,0.06,0.49,0.09,0,0.8,,0,0,,73.93,,11.05,0,0,0,2.55,0.24,0.1,27.12
30,124,30124,9.75,,0.16,0,0.13,0,756.66,0,2.56,0.04,0.34,0.06,0,0.2,,0,0,,39.13,,,0,0,0,0,0,0.45,22.62
30,125,30125,1.74,0,0.03,0,0.23,0,122.8,0,1.37,0.02,0.18,0.03,0,0.23,,0,0,,19.07,,11.05,0,0,0,0.98,0.09,0,7.9
30,126,30126,1.9,,0.02,0,0.29,0,134.02,0,0.23,0,0.03,0.01,0,0.09,,0,0,,18.23,,11.05,0,0,0,0,0,0,9.71
30,127,30127,1.21,,0,0,0.13,0,85.06,0,0.06,0,0.01,0,0,0,,0,0,9.82,2.74,,,0,0,0,0,0,0,1.43
30,128,30128,3.91,0,0.1,0,0.46,0,275.31,0,2.82,0.05,0.37,0.07,0,0,,0,0,14.25,25.12,,11.05,0,0,0,1.61,0.15,0.78,12.47
30,129,30129,1.13,,0.01,0,0.14,0,79.39,0,0.2,0,0.03,0.01,0,0,,0,0,,6.66,,11.05,0,0,0,0,0,0,3.5
30,130,30130,2.43,,0.05,0,0.33,0,171.3,0,0.84,0.01,0.11,0.02,0,0.16,,0,0,,20.44,,,0,0,0,0,0,0,11.27
30,131,30131,11.58,,0.54,0,1.71,0,36.96,0,9.88,0.17,1.31,0.24,0,,,0,0,,0,,,0,0.01,0,0,0,4.07,0
30,132,30132,0.96,,0.02,0,0.12,0,67.56,0,0.58,0.01,0.08,0.01,0,0,,0,0,2.46,0,,,0,0,0,1.1,0.1,0,1.02
30,133,30133,3.36,,0.05,0,0.48,0,41.51,0,0.95,0.02,0.13,0.02,0,0.76,,0,0,,0.59,,,0,0,0,1.45,0.14,0,0.29
30,134,30134,1.29,0,0.01,0,0.02,0,90.53,0,0.11,0,0.01,0,0,0,,0,0,,18.81,,11.05,0,0,0,1.2,0.11,1.13,9.58
30,135,30135,1.12,,0.01,0,0.12,0,15.87,0,0.08,0,0.01,0,0,0,,0,0,,0.96,,11.05,0,0,0,0,0,0,0.58
30,136,30136,0.38,,0,0,0.05,0,19.53,0,0.11,0,0.01,0,0,0,,0,0,,0.31,,,0,0,0,0.46,0.04,0,0.17
30,137,30137,0.31,,0,0,0.04,0,21.72,0,0.01,0,0,0,0,0,,0,0,,1,,,0,0,0,0,0,0,0.55
30,138,30138,2.55,,0.08,0,0.38,0,179.81,0,1.03,0.02,0.14,0.03,0,0.13,,0,0,0.3,0.25,,11.05,0,0,0,0.27,0.03,0.03,0.11
30,139,30139,0.37,0,0,0,0.06,0,25.85,0,0.03,0,0,0,0,0,,0,0,,3.54,,11.05,0,0,0,0,0,0,1.37
30,140,30140,0.16,,0,0,0.02,0,11.18,0,0.02,0,0,0,0,0,,0,0,,0.33,,,0,0,0,0,0,0,0.17
30,141,30141,9.47,0,0.16,0,1.22,0,667,0,4.59,0.08,0.61,0.11,0,0.34,,0,0,,31.9,,11.05,0,0,0,0,0,0.19,16.71
30,142,30142,1.97,,0.01,0,0.27,0,138.51,0,0.25,0,0.03,0.01,0,0.04,,0,0,,10.96,,,0,0,0,2.24,0.21,11.56,5.49
30,143,30143,3.51,0,0.04,0,0.47,0,246.85,0,0.42,0.01,0.06,0.01,0,0.16,,0,0,,12.63,,11.05,0,0,74.8,0,0,0,6.36
30,144,30144,1.84,,0.02,0,0.24,0,129.46,0,0.28,0,0.04,0.01,0,0,,0,0,,7.1,,,0,0,0,1.84,0.17,0,3.15
30,145,30145,0.79,,0.01,0,0.11,0,30.44,0,0.18,0,0.02,0,0,0,,0,0,,2.14,,,0,0,0,0,0,0.6,1.31
30,146,30146,0.2,,0,0,0.02,0,14.3,0,0,0,0,0,0,0,,0,0,,1.54,,11.05,0,0,0,0,0,0,0.87
30,147,30147,1.22,,0,0,0.12,0,86.22,0,0.41,0.01,0.05,0.01,0,0,,0,0,2.89,1.79,,,0,0,0,0,0,0,0.91
30,148,30148,1.71,0,0.03,0,0.24,0,120.45,0,0.29,0,0.04,0.01,0,0.19,,0,0,,7.95,,11.05,0,0,0,0.61,0.06,0,4.37
30,149,30149,1.79,0,0.01,0,0.23,0,126.28,0,0.08,0,0.01,0,0,0,,0,0,0.01,19.68,,,0,0,0,0,0,0,10.86
30,150,30150,0.72,,0.01,0,0.01,0,50.63,0,0.86,0.01,0.11,0.02,0,0,,0,0,,1.25,,,0,0,0,0,0,0,0.69
30,151,30151,1.53,0,0.01,0,0.22,0,107.76,0,0.17,0,0.02,0,0,0.04,,0,0,,7.24,,,0,0,0,0,0,0,4.33
30,152,30152,0.76,,0.01,0,0.12,0,53.79,0,0.06,0,0.01,0,0,0.57,,0,0,,2.59,,11.05,0,0,0,1.21,0.11,0,1.37
30,153,30153,0.37,0,0,0,0.06,0,26.26,0,0.08,0,0.01,0,0,0,,0,0,,1.12,,11.05,0,0,0,0,0,0,0.6
30,154,30154,0.85,0.01,0,0,0.11,0,59.53,0,0.18,0,0.02,0,0,0,,0,0,,3.32,,,0,0,0,0,0,0,1.76
30,155,30155,6.25,0,0.07,0,0.76,0,440.1,0,0.78,0.01,0.1,0.02,0,0.39,,0,0,,18.83,,11.05,0,0,0,0,0,0.13,9.95
30,156,30156,0.34,,0,0,0.04,0,23.69,0,0.03,0,0,0,0,0,,0,0,2.23,1.24,,,0,0,0,0,0,0.18,0.7
30,157,30157,1.18,0,0,0,0.15,0,82.78,0,0.11,0,0.01,0,0,0.03,,0,0,,16.36,,,0,0,0,0,0,0,10.19
30,158,30158,1.55,,0.04,0,0.02,0,109,0,0.24,0,0.03,0.01,0,0,,0,0,,11.33,,11.05,0,0,0,0,0,0,7.31
30,159,30159,1.3,,0.01,0,0.01,0,91.69,0,0.02,0,0,0,0,0,,0,0,,2.8,,,0,0,0,0,0,0,1.44
30,160,30160,6.43,0,0.1,0,0.84,0,452.87,0,1.05,0.02,0.14,0.03,0,0.32,,0,0,,54.61,,,0,0,0,0,0,0.23,37.66
30,161,30161,2.11,,0.02,0,0.28,0,148.76,0,0.68,0.01,0.09,0.02,0,3.68,,0,0,,7.13,,11.05,0,0,0,0,0,0,3.45
30,162,30162,0.36,,0,0,0.04,0,25.37,0,0.02,0,0,0,0,0,,0,0,,3.13,,,0,0,0,0,0,0,2.06
30,163,30163,0.32,,0,0,0.04,0,22.44,0,0.03,0,0,0,0,0,,0,0,,1.12,,,0,0,0,0,0,0,0.7
30,164,30164,0.97,,0.01,0,0.14,0,67.98,0,0.26,0,0.04,0.01,0,0.04,,0,0,,3.17,,11.05,0,0,0,0,0,0,2.13
30,165,30165,0.49,,0,0,0.06,0,34.23,0,0.04,0,0,0,0,0,,0,0,,3.32,,11.05,0,0,0,0,0,0,2.15
30,166,30166,0.56,,0,0,0.08,0,39.1,0,0.07,0,0.01,0,0,0,,0,0,,2.5,,11.05,0,0,0,0,0,0,1.23
30,167,30167,0.87,0,0.01,0,0.12,0,61.43,0,0.14,0,0.02,0,0,0,,0,0,,2.24,,,0,0,0,0,0,0,1.25
30,168,30168,0.78,,0,0,0.09,0,54.84,0,0.01,0,0,0,0,0,,0,0,0.26,4.04,,,0,0,0,0,0,0,2.29
30,169,30169,1.46,,0.01,0,0.22,0,102.98,0,0.19,0,0.02,0,0,0.07,,0,0,,22.34,,11.05,0,0,0,1.18,0.11,0,12.31
30,170,30170,0.62,0,0,0,0.07,0,43.73,0,0,0,0,0,0,0,,0,0,0.41,4.83,,11.05,0,0,0,0,0,0,2.68
30,171,30171,0.3,,0,0,0.04,0,21.3,0,0.02,0,0,0,0,0,,0,0,,1.35,,,0,0,0,0,0,0,0.71
30,172,30172,1.16,,0.01,0,0.15,0,81.39,0,0.25,0,0.03,0.01,0,0.12,,0,0,,15.76,,,0,0,0,0.68,0.06,0,7.64
30,173,30173,3.06,,0.03,0,0.39,0,215.13,0,2.3,0.04,0.3,0.06,0,0.08,,0,0,,38.58,,11.05,0,0,0,0.94,0.09,0,21.04
30,174,30174,5.49,0,0.14,0,0.83,0,386.75,0,1.62,0.03,0.22,0.04,0,0,,0,0,,42.5,,11.05,0,0,0,2.99,0.28,0.35,19.08
30,175,30175,5.16,0,0.08,0,0.69,0,392.62,0,1.68,0.03,0.22,0.04,0,0.42,,0,0,,20.26,,,0,0,0,0,0,0.01,13.69
30,176,30176,0.28,0,0.01,0,0.04,0,19.9,0,0.07,0,0.01,0,0,0,,0,0,,8.17,,11.05,0,0,0,0,0,0,3.73
30,177,30177,0.6,,0,0,0.07,0,42.33,0,0.02,0,0,0,0,0,,0,0,2.39,1.63,,,0,0,0,0,0,0.34,0.83
30,178,30178,0.88,,0.02,0,0.14,0,62.21,0,0.48,0.01,0.06,0.01,0,0.07,,0,0,,7.09,,,0,0,0,0,0,0,2.83
30,179,30179,0.23,,0,0,0.03,0,15.86,0,0.1,0,0.01,0,0,0,,0,0,,3.4,,11.05,0,0,0,0,0,0,1.66
30,180,30180,0.68,,0,0,0.08,0,48.21,0,0.02,0,0,0,0,0,,0,0,0.46,7.22,,11.05,0,0,0,0,0,0,4.16
30,181,30181,2.26,,0.04,0,0.04,0,159.25,0,0.49,0.01,0.07,0.01,0,0.16,,0,0,,11.56,,11.05,0,0,0,1.77,0.17,0,5.04
30,182,30182,0.88,,0,0,0.11,0,67.18,0,0.06,0,0.01,0,0,0,,0,0,,0.86,,,0,0,0,0,0,0,0.47
30,183,30183,3.47,0,0.08,0,0.05,0,244.08,0,1.1,0.02,0.15,0.03,0,0.25,,0,0,,8.97,,11.05,0,0,0,0,0,0,6.58
30,184,30184,0.42,,0,0,0.04,0,29.45,0,0.04,0,0.01,0,0,0,,0,0,2.97,1.39,,,0,0,0,0,0,0,0.72
30,185,30185,0.29,,0,0,0,0,11.67,0,0.03,0,0,0,0,,,0,0,,0.15,,11.05,0,0,0,0,0,0,0.09
30,186,30186,0.4,,0.01,0,0.05,0,28.08,0,0.18,0,0.02,0,0,0,,0,0,,3.62,,11.05,0,0,0,0,0,0,1.62
30,187,30187,0.34,,0,0,0.04,0,23.78,0,0.02,0,0,0,0,0,,0,0,,0.96,,,0,0,0,0,0,0,0.5
30,188,30188,0.96,,0.01,0,0.12,0,67.47,0,0.12,0,0.02,0,0,0,,0,0,,9.43,,11.05,0,0,0,0,0,0,5.37
30,189,30189,8.58,0,0.25,0,1.25,0,603.86,0,3.18,0.05,0.42,0.08,0,0.62,,0,0,,13.89,,,0,0,35.04,0,0,1.07,9.22
30,190,30190,0.14,,0,0,0.02,0,9.55,0,0.04,0,0.01,0,0,0.03,,0,0,,2.14,,11.05,0,0,0,0,0,0,0.93
30,191,30191,1.72,0,0.03,0,0.03,0,120.91,0,1.43,0.02,0.19,0.04,0,0,,0,0,,12.7,,11.05,0,0,0,0,0,0,5.1
30,192,30192,1.18,,0.03,0,0.18,0,83.16,0,0.61,0.01,0.08,0.01,0,0.09,,0,0,,2.07,,11.05,0,0,0,0,0,0,1.12
30,193,30193,32.69,,1.53,0,5.19,0,178.75,0,21.83,0.38,2.89,0.54,0.0001,7.04,,0,0,,1.91,0.06,11.05,0,0,116.4,2.72,0.26,9.06,0.75
30,194,30194,0.61,,0,0,0.07,0,43.01,0,0.73,0.01,0.1,0.02,0,0,,0,0,0.17,2.17,,11.05,0,0,0,0.39,0.04,0.94,1.07
30,195,30195,0.3,,0,0,0.03,0,20.85,0,0.17,0,0.02,0,0,0,,0,0,,2.16,,,0,0,0,0,0,0,1.07
30,196,30196,0.99,,0.03,0,0.15,0,93.13,0,0.26,0,0.03,0.01,0,0,,0,0,0.66,8.49,,11.05,0,0,0,0,0,0.12,3.43
30,197,30197,0.73,,0.01,0,0.1,0,51.43,0,0.15,0,0.02,0,0,0,,0,0,,3.32,,,0,0,0,0,0,0,2.17
30,198,30198,0.43,,0,0,0.06,0,30.18,0,0.03,0,0,0,0,0,,0,0,0.36,2.29,,11.05,0,0,0,0,0,0.63,1.22
30,199,30199,0.63,,0.01,0,0.07,0,8.65,0,0.13,0,0.02,0,0,0,,0,0,,0.95,,,0,0,0,0,0,0,0.5
30,200,30200,0.76,,0,0,0.01,0,53.83,0,0.08,0,0.01,0,0,0,,0,0,,12.2,,11.05,0,0,0,0,0,0,5.96
30,201,30201,2.5,,0.02,0,0.31,0,175.94,0,0.21,0,0.03,0.01,0,0,,0,0,,16.23,,,0,0,0,0,0,0.01,9.33
30,202,30202,0.84,,0,0,0.01,0,58.82,0,0.03,0,0,0,0,0,,0,0,,5.54,,11.05,0,0,0,0,0,0,2.92
30,203,30203,0.79,,0,0,0.1,0,55.96,0,0.12,0,0.02,0,0,0,,0,0,,1.92,,,0,0,0,0,0,0,1.13
30,204,30204,2.83,,0.08,0,0.41,0,199.15,0,0.6,0.01,0.08,0.01,0,0.35,,0,0,0.13,2.17,,,0,0,0,0,0,0,1.48
30,205,30205,1.17,,0.01,0,0.02,0,82.64,0,1.41,0.02,0.19,0.03,0,0.21,,0,0,,21.1,,11.05,0,0,0,0,0,0,8.57
30,206,30206,1.71,,0.05,0,0.26,0,120.44,0,0.45,0.01,0.06,0.01,0,0.36,,0,0,,0.21,,,0,0,0,0.6,0.06,2.38,0.11
30,207,30207,2.73,0,0.05,0,0.41,0,192.56,0,3.4,0.06,0.45,0.08,0,0.19,,0,0,,36.42,,11.05,0,0,0,2.31,0.22,0,14.49
30,208,30208,1.4,0,0.03,0,0.23,0,98.68,0,4.14,0.07,0.55,0.1,0,0.54,,0,0,,9.04,,11.05,0,0,0,0,0,0,3.51
30,209,30209,0.79,,0.01,0,0.1,0,55.49,0,0.11,0,0.01,0,0,0,,0,0,0.17,3.69,,,0,0,0,0,0,0,1.96
30,210,30210,1.59,,0.01,0,0.18,0,111.91,0,0.11,0,0.01,0,0,0,,0,0,4.16,14.62,,,0,0,0,0,0,0,9.62
30,211,30211,1.81,,0,0,0.27,0,127.12,0,0,0,0,0,0,,,0,0,,0,,,0,0,0,0,0,0,0
30,212,30212,0.49,,0,0,0,0,34.32,0,0,0,0,0,0,,,0,0,,0,,,0,0,0,0,0,0,0
31,1,31001,0.38,,0,0,0.05,0,26.85,0,0.02,0,0,0,0,0.06,,0,0,0.04,1.57,,,0,0,0,0,0,0,0.05
31,2,31002,0.91,,0.02,0,0.12,0,64.31,0,2.21,0.06,0,0.02,0,0.04,,0,0,1.32,1.8,,,0,0,0,0.78,0.07,0,0.05
31,3,31003,0.62,,0.01,0,0.08,0,43.88,0,0.87,0.02,0,0.01,0,0.03,,0,0,,3.83,,,0,0,0,0.4,0.04,0,0.14
31,4,31004,0.34,,0.01,0,0.05,0,24.07,0,0.18,0,0,0,0,0.08,,0,0,1.73,3.27,,,0,0,0,0,0,0,0.08
31,5,31005,0.12,,0,0,0.02,0,8.8,0,0.04,0,0,0,0,0.01,,0,0,3.5,0.95,,,0,0,0,0.24,0.02,0,0.03
31,6,31006,0.53,,0.01,0,0.08,0,37.65,0,0.25,0.01,0,0,0,0.69,,0,0,0.33,68.72,,,0,0,0,0,0,0,1.29
31,7,31007,0.41,,0.01,0,0.06,0,28.75,0,0.25,0.01,0,0,0,0.03,,0,0,,1.33,,,0,0,0,0.59,0.06,0,0.04
31,8,31008,0.24,,0,0,0.03,0,17.25,0,0.15,0,0,0,0,0.15,,0,0,,25.24,,,0,0,0,0.67,0.06,0,0.5
31,9,31009,0.3,,0.01,0,0.05,0,21.29,0,0.13,0,0,0,0,0.04,,0,0,0.66,6.31,,,0,0,0,0,0,0,0.13
31,10,31010,0.15,,0,0,0.02,0,10.26,0,0.43,0.01,0,0,0,0.01,,0,0,,2.17,,,0,0,0,0,0,0,0.07
31,11,31011,0.4,,0.02,0,0.06,0,28.17,0,0.42,0.01,0,0,0,0.01,,0,0,,1.96,,,0,0,0,0,0,0.17,0.04
31,12,31012,0.23,,0,0,0.04,0,15.91,0,0.1,0,0,0,0,0.31,,0,0,1.04,55.23,,,0,0,0,0,0,0,1.04
31,13,31013,0.54,,0.01,0,0.08,0,16.41,0,0.61,0.02,0,0.01,0,0.04,,0,0,1.32,1.27,,,0,0,0,0,0,0.13,0.03
31,14,31014,0.1,,0,0,0.01,0,6.75,0,0.09,0,0,0,0,0.01,,0,0,,1.55,,,0,0,0,0,0,0.22,0.05
31,15,31015,0.31,,0,0,0.04,0,21.57,0,0.08,0,0,0,0,0.01,,0,0,,0.9,,,0,0,0,0,0,0,0.03
31,16,31016,0.16,,0,0,0.02,0,11.58,0,0.68,0.02,0,0.01,0,0.01,,0,0,,1.36,,,0,0,0,0,0,0,0.04
31,17,31017,0.28,,0,0,0.04,0,19.5,0,0.01,0,0,0,0,0.03,,0,0,,4.3,,,0,0,0,0,0,0,0.13
31,18,31018,0.19,,0,0,0.03,0,13.13,0,0.05,0,0,0,0,0.02,,0,0,,1.85,,,0,0,0,0.44,0.04,0,0.06
31,19,31019,1.92,,0.02,0,0.22,0,134.9,0,0.44,0.01,0,0,0,0.1,,0,0,,14.04,,,0,0,0,0,0,0,0.44
31,20,31020,0.25,,0,0,0.04,0,17.29,0,0.09,0,0,0,0,0.03,,0,0,5.95,0.8,,,0,0,0,0,0,0,0.02
31,21,31021,0.47,,0,0,0.05,0,33.42,0,0.12,0,0,0,0,0.01,,0,0,,3.84,,,0,0,0,0,0,0,0.12
31,22,31022,0.26,,0,0,0.03,0,18.17,0,0.14,0,0,0,0,0.02,,0,0,,4.76,,,0,0,0,0,0,0,0.15
31,23,31023,0.28,,0,0,0,0,19.5,0,0.19,0.01,0,0,0,0.06,,0,0,,1.26,,,0,0,0,0.56,0.05,0,0.04
31,24,31024,0.19,,0,0,0.02,0,13.2,0,1.15,0.03,0,0.01,0,0.02,,0,0,,1.55,,,0,0,0,0,0,0,0.05
31,25,31025,0.29,,0.01,0,0.03,0,20.61,0,0.35,0.01,0,0,0,0.02,,0,0,,3.46,,,0,0,0,0,0,0,0.12
31,26,31026,0.21,,0,0,0.03,0,14.66,0,0.37,0.01,0,0,0,0.02,,0,0,34.74,1.93,,,0,0,0,0,0,0,0.05
31,27,31027,0.52,,0.02,0,0.08,0,36.69,0,0.43,0.01,0,0,0,0.13,,0,0,8.75,6.25,,,0,0,0,0,0,0,0.13
31,28,31028,0.14,,0.01,0,0.02,0,10.1,0,0.13,0,0,0,0,0.21,,0,0,,12.9,,,0,0,0,0,0,0.01,0.25
31,29,31029,0.37,,0.01,0,0.06,0,26.24,0,0.19,0.01,0,0,0,0.56,,0,0,,42.01,,,0,0,0,0,0,0,0.81
31,30,31030,0.22,,0,0,0.03,0,15.47,0,0.06,0,0,0,0,0.01,,0,0,,5.04,,,0,0,0,0.92,0.09,0,0.12
31,31,31031,0.18,,0,0,0.02,0,12.5,0,0.1,0,0,0,0,0.12,,0,0,,12.16,,,0,0,0,0.39,0.04,0,0.25
31,32,31032,0.92,,0.01,0,0.11,0,64.85,0,0.44,0.01,0,0,0,0.12,,0,0,,45.89,,,0,0,0,1.14,0.11,0,0.91
31,33,31033,1.16,,0.01,0,0.16,0,81.44,0,0.71,0.02,0,0.01,0,0.04,,0,0,,4.04,,,0,0,0,0.28,0.03,0,0.12
31,34,31034,0.37,,0,0,0.05,0,26.17,0,0.13,0,0,0,0,0.02,,0,0,0.59,2.66,,,0,0,0,0.4,0.04,0,0.06
31,35,31035,0.36,,0.01,0,0.05,0,25.1,0,0.14,0,0,0,0,0.01,,0,0,0.14,1.46,,,0,0,0,0,0,0,0.05
31,36,31036,0.44,,0.01,0,0.01,0,31.23,0,0.26,0.01,0,0,0,0.02,,0,0,,1.35,,,0,0,0,0,0,0,0.05
31,37,31037,0.29,,0.01,0,0.04,0,20.21,0,0.66,0.02,0,0.01,0,0.04,,0,0,,1.46,,,0,0,0,0.71,0.07,0,0.05
31,38,31038,1.79,,0.05,0,0.22,0,126.26,0,1.64,0.04,0,0.02,0,0.04,,0,0,7.36,2.12,,,0,0,0,0,0,0,0.08
31,39,31039,0.23,,0,0,0.03,0,16.17,0,0.9,0.02,0,0.01,0,0.02,,0,0,,0.29,,,0,0,0,0,0,0,0.01
31,40,31040,1.55,,0.04,0,0.21,0,109.34,0,3.57,0.1,0,0.04,0,0.19,,0,0.01,16.36,12.47,,,0,0,0,1.05,0.1,0,0.32
31,41,31041,3.3,,0.06,0,0.44,0,232.63,0,3.29,0.09,0,0.03,0,0.04,,0,0,11.54,1.03,,,0,0,0,0.49,0.05,3.82,0.02
31,42,31042,0.34,,0,0,0.05,0,24.09,0,0.07,0,0,0,0,0.02,,0,0,,1.64,,,0,0,0,0,0,0,0.05
31,43,31043,0.16,,0,0,0.02,0,11.48,0,0.04,0,0,0,0,0.01,,0,0,,1.64,,,0,0,0,0,0,0,0.05
31,44,31044,0.38,,0.01,0,0.05,0,26.8,0,0.08,0,0,0,0,0.11,,0,0,,1.9,,,0,0,0,0,0,0,0.06
31,45,31045,0.14,,0,0,0.02,0,9.96,0,0.05,0,0,0,0,0.05,,0,0,,0.85,,,0,0,0,0.61,0.06,0,0.02
31,46,31046,0.17,,0,0,0.02,0,12.12,0,0.85,0.02,0,0.01,0,0.03,,0,0,,1.64,,,0,0,0,0,0,0,0.05
31,47,31047,0.31,,0.01,0,0.04,0,21.87,0,0.34,0.01,0,0,0,0.05,,0,0,,4.56,,,0,0,0,0,0,0,0.13
31,48,31048,1.33,,0.02,0,0.16,0,93.59,0,2.46,0.07,0,0.02,0,0.13,,0,0.01,,5.78,,,0,0,0,0.47,0.04,0,0.16
31,49,31049,0.19,,0,0,0.02,0,13.35,0,0.94,0.03,0,0.01,0,0.01,,0,0,,2.15,,,0,0,0,0,0,0,0.07
31,50,31050,49.85,,2.62,0,7.45,0,219.99,0.01,87.49,2.39,0,0.88,0.0003,0.13,,104.25,0.16,1.31,3.6,0.02,,3.36,1.08,0,2.51,0.24,13.73,0.1
31,51,31051,0.19,,0,0,0.03,0,13.1,0,0.04,0,0,0,0,0.01,,0,0,0.99,0.8,,,0,0,0,0,0,0.08,0.02
31,52,31052,2.01,,0.06,0,0.28,0,141.75,0,8.89,0.24,0,0.09,0,0.07,,0,0.01,29.9,8.48,,,0,0,0,0,0,0,0.26
31,53,31053,0.75,,0.02,0,0.1,0,52.85,0,0.23,0.01,0,0,0,0.07,,0,0,,5.49,,,0,0,0,0,0,0,0.16
31,54,31054,0.17,,0,0,0.02,0,11.8,0,0.07,0,0,0,0,0.03,,0,0,,0.75,,,0,0,0,0,0,0,0.02
31,55,31055,0.36,0,0,0,0.05,0,25.25,0,0.09,0,0,0,0,0.02,,0,0,,3.48,,,0,0,0,0,0,0.17,0.11
31,56,31056,1.73,0,0.05,0,0.21,0,121.69,0,1.06,0.03,0,0.01,0,0.07,,0,0,,13.38,,,0,0,0,0.35,0.03,0,0.42
31,57,31057,0.48,,0.01,0,0.07,0,33.89,0,0.12,0,0,0,0,1.55,,0,0,,110.3,,,0,0,0,0,0,0,2.04
31,58,31058,1.43,,0.03,0,0.17,0,100.58,0,1.17,0.03,0,0.01,0,0.16,,0,0.02,,21.55,,,0,0,0,0,0,0.47,0.55
31,59,31059,3.16,,0.15,0,0.47,0,222.21,0,2,0.05,0,0.02,0,0.06,,0,0.02,10.13,0.51,,,0,0,55.04,0.64,0.06,1.13,0.02
31,60,31060,0.06,,0,0,0.01,0,4.34,0,0.12,0,0,0,0,0.01,,0,0,,3.87,,,0,0,0,0.37,0.04,0,0.08
31,61,31061,0.21,,0.01,0,0.03,0,14.7,0,0.46,0.01,0,0,0,0.25,,0,0,2.28,25.93,,,0,0,0,0,0,0.17,0.48
31,62,31062,0.27,,0,0,0,0,19.19,0,0.03,0,0,0,0,0.02,,0,0,,2.51,,,0,0,0,0,0,0,0.09
31,63,31063,0.3,,0,0,0,0,21.41,0,0.05,0,0,0,0,0.04,,0,0,,1.34,,,0,0,0,0,0,0,0.05
31,64,31064,0.1,,0,0,0.01,0,6.86,0,0.06,0,0,0,0,0.02,,0,0,,0.33,,,0,0,0,0.31,0.03,0,0.01
31,65,31065,0.12,,0,0,0.02,0,8.26,0,0.06,0,0,0,0,0.55,,0,0,5.8,42.97,,,0,0,0,0,0,0,0.79
31,66,31066,0.23,,0.01,0,0.03,0,16.25,0,0.07,0,0,0,0,0.01,,0,0,,1.09,,,0,0,0,0,0,0,0.03
31,67,31067,0.57,,0,0,0.08,0,40.43,0,0.27,0.01,0,0,0,0.02,,0,0,8.14,2.44,,,0,0,0,0.65,0.06,0,0.09
31,68,31068,0.19,0,0,0,0.03,0,13.35,0,0.03,0,0,0,0,0.04,,0,0,6.14,3.16,,,0,0,0,0,0,0,0.07
31,69,31069,0.52,,0.01,0,0.07,0,36.31,0,0.35,0.01,0,0,0,0.06,,0,0,,5.33,,,0,0,0,0.34,0.03,0,0.16
31,70,31070,0.24,,0,0,0.03,0,16.69,0,0.13,0,0,0,0,0.78,,0,0,,49.51,,,0,0,0,0,0,0,0.92
31,71,31071,0.1,,0,0,0.01,0,7.01,0,0.02,0,0,0,0,0.03,,0,0,,3.79,,,0,0,0,0,0,0,0.08
31,72,31072,0.11,,0,0,0.02,0,7.94,0,0.28,0.01,0,0,0,0.04,,0,0,1.98,3.1,,,0,0,0,0,0,0,0.07
31,73,31073,0.25,,0,0,0.02,0,17.48,0,0.95,0.03,0,0.01,0,0,,0,0,,3.06,,,0,0,0,0,0,0,0.1
31,74,31074,0.22,,0.01,0,0.03,0,15.73,0,0.15,0,0,0,0,0.01,,0,0,5.05,1.59,,,0,0,0,0,0,0,0.06
31,75,31075,0.36,,0.01,0,0.04,0,25.17,0,1.2,0.03,0,0.01,0,0.04,,0,0,,2.16,,,0,0,0,0,0,0,0.06
31,76,31076,0.99,,0.01,0,0.12,0,69.37,0,1.11,0.03,0,0.01,0,0.06,,0,0,0.14,2.9,,,0,0,0,1.14,0.11,0,0.09
31,77,31077,0.16,,0,0,0.02,0,11.07,0,0.06,0,0,0,0,0.07,,0,0,,4.93,,,0,0,0,0.57,0.05,0,0.1
31,78,31078,0.24,,0,0,0.03,0,16.98,0,0.39,0.01,0,0,0,0.02,,0,0,,2.42,,,0,0,0,0.51,0.05,0,0.07
31,79,31079,2.39,0,0.05,0,0.29,0,168.29,0,4.06,0.11,0,0.04,0,0.23,,0,0.01,1,39.71,,,0,0,0,0.18,0.02,0.11,0.97
31,80,31080,0.58,,0.01,0,0.07,0,41.17,0,2.01,0.05,0,0.02,0,0.15,,0,0,,2.61,,,0,0,0,0,0,0,0.07
31,81,31081,0.19,,0,0,0.02,0,13.18,0,0.08,0,0,0,0,0.01,,0,0,,2.26,,,0,0,0,0,0,0,0.07
31,82,31082,0.22,,0,0,0.04,0,15.29,0,0.14,0,0,0,0,0.03,,0,0,,2.26,,,0,0,0,0,0,0.06,0.05
31,83,31083,0.1,,0.01,0,0.02,0,7.31,0,0.04,0,0,0,0,0.01,,0,0,0.94,0.32,,,0,0,0,0,0,0,0.01
31,84,31084,0.43,,0.01,0,0.06,0,30.39,0,0.25,0.01,0,0,0,0.12,,0,0,0.26,17.39,,,0,0,0,0.1,0.01,0,0.35
31,85,31085,0.89,,0.01,0,0.11,0,62.94,0,1.12,0.03,0,0.01,0,0.2,,0,0,,69.31,,,0,0,0,0,0,0.13,1.35
31,86,31086,0.13,,0,0,0.02,0,9.4,0,0.11,0,0,0,0,0.02,,0,0,,2.35,,,0,0,0,0,0,0,0.06
31,87,31087,0.29,,0.01,0,0.04,0,20.08,0,0.04,0,0,0,0,0.03,,0,0,,0.83,,,0,0,0,0,0,0,0.03
31,88,31088,0.13,,0,0,0.02,0,8.84,0,0.04,0,0,0,0,0.02,,0,0,,1.08,,,0,0,0,0,0,0,0.04
31,89,31089,2.27,,0.07,0,0.27,0,160.05,0,4.46,0.12,0,0.04,0,0.09,,0,0.02,,4.52,,,0,0,0,0.99,0.09,0.16,0.14
31,90,31090,0.41,,0,0,0.05,0,28.54,0,0.05,0,0,0,0,0.01,,0,0,,0.78,,,0,0,0,0,0,0,0.03
31,91,31091,0.64,,0.03,0,0.08,0,44.75,0,0.47,0.01,0,0,0,0.02,,0,0,,4.92,,,0,0,0,0.65,0.06,0,0.15
31,92,31092,0.39,,0,0,0.05,0,27.74,0,0.31,0.01,0,0,0,0.01,,0,0,,5.13,,,0,0,0,0,0,0,0.16
31,93,31093,1.03,,0.02,0,0.14,0,72.57,0,0.84,0.02,0,0.01,0,0.03,,0,0,8.87,2.57,,,0,0,0,0.53,0.05,0,0.09
31,94,31094,0.28,0,0,0,0.03,0,19.45,0,0.16,0,0,0,0,0.01,,0,0,,3.51,,,0,0,0,0,0,0,0.11
31,95,31095,0.32,,0.01,0,0.05,0,22.47,0,0.07,0,0,0,0,0.03,,0,0,,1.01,,,0,0,0,0.34,0.03,0.55,0.03
31,96,31096,4.44,,0.1,0,0.57,0,312.52,0,3.11,0.08,0,0.03,0,6.09,,0,0.04,264.01,451.62,,,0,0,0,0.26,0.03,0.2,8.45
31,97,31097,0.22,,0,0,0.03,0,15.37,0,0.09,0,0,0,0,0.12,,0,0,0.59,16.73,,,0,0,0,1.23,0.12,0,0.33
31,98,31098,0.87,0,0.01,0,0.11,0,60.95,0,0.44,0.01,0,0,0,0.16,,0,0,,20.88,,,0,0,0,0,0,0.01,0.48
31,99,31099,0.19,,0,0,0.02,0,13.47,0,0.12,0,0,0,0,0.01,,0,0,,2.76,,,0,0,0,0.33,0.03,0.03,0.09
31,100,31100,0.2,,0,0,0.03,0,6.1,0,0.12,0,0,0,0,0.03,,0,0,,0.6,,,0,0,0,0,0,0.18,0.02
31,101,31101,3.4,,0.07,0,0.46,0,92.09,0,13,0.36,0,0.13,0,0.04,,0,0.01,0.33,2.05,,,0,0,0,0.89,0.08,0.09,0.07
31,102,31102,4.39,,0.14,0,0.55,0,309.42,0,10.91,0.3,0,0.11,0,0.14,,0,0,,15.23,,,0,0,0,0.62,0.06,0.77,0.47
31,103,31103,0.19,,0,0,0.02,0,13.19,0,0.09,0,0,0,0,0.01,,0,0,,0.86,,,0,0,0,0,0,0,0.03
31,104,31104,0.89,,0,0,0.11,0,62.5,0,0.11,0,0,0,0,0.05,,0,0,,16.7,,,0,0,0,0,0,0,0.52
31,105,31105,0.17,,0,0,0.02,0,11.93,0,0.2,0.01,0,0,0,0.02,,0,0,1.52,1.08,,,0,0,0,0,0,0,0.03
31,106,31106,0.13,,0,0,0.02,0,9.24,0,0.04,0,0,0,0,0.05,,0,0,1.21,4.27,,,0,0,0,0,0,0,0.09
32,1,32001,0.38,0.01,0.01,0,0.07,0,26.5,0,0.05,0,0,0,0,0,,0,0,81.45,4.05,,0.34,0,0,0,0,0,0,2.04
32,2,32002,0.31,,0,0,0.05,0,21.57,0,0.03,0,0,0,0,0,,0,0,1.54,4.76,,,0,0,0,0,0,0,2.66
32,3,32003,0.17,,0,0,0.04,0,12.3,0,0.02,0,0,0,0,0.03,,0,0,26.96,2.5,,,0,0,0,0,0,0,1.27
32,4,32004,0.25,,0.01,0,0.04,0,17.54,0,0.05,0,0,0,0,0.03,,0,0,263.64,2.57,,,0,0,0,0,0,0,1.28
32,5,32005,2.3,,0.08,0,0.37,0,162.23,0,11.02,0.03,0,0.75,0,0.38,,0,0,,31.43,,0.34,0,0,0,0.43,0.04,0.13,21.93
32,6,32006,0.5,,0.01,0,0.01,0,35.46,0,0.09,0,0,0.01,0,0.11,,0,0,,19.21,,,0,0,0,1.45,0.14,0,17.22
32,7,32007,0.76,0,0.02,0,0.13,0,53.28,0,0.17,0,0,0.01,0,0.14,,0,0,,6,,0.34,0,0,0,1.03,0.1,0.08,3.48
32,8,32008,0.72,,0.02,0,0.11,0,50.65,0,0.25,0,0,0.02,0,0.01,,0,0,219.85,6.83,,,0,0,0,0.6,0.06,0,3.87
32,9,32009,0.67,,0.01,0,0.11,0,47.26,0,0.12,0,0,0.01,0,0.13,,0,0,,30.32,,0.34,0,0,0,0.4,0.04,0,16.87
32,10,32010,12.54,0,0.41,0,2.02,0,883.08,0,11.66,0.03,0,0.79,0,1.28,,0,0,5.38,208.97,,0.34,0,0,0,2.06,0.19,4.45,167.78
32,11,32011,0.19,,0.01,0,0.04,0,13.32,0,0.05,0,0,0,0,0.04,,0,0,93.53,2.21,,,0,0,0,0,0,0,1.01
32,12,32012,0.47,,0,0,0.07,0,33.11,0,0.03,0,0,0,0,0,,0,0,6.73,16.69,,,0,0,0,0.47,0.04,0,6.33
32,13,32013,0.36,,0.01,0,0.06,0,25.34,0,0.09,0,0,0.01,0,0.03,,0,0,,22.97,,,0,0,0,0.45,0.04,0,16.65
32,14,32014,1.34,0,0.01,0,0.22,0,94.45,0,0.17,0,0,0.01,0,0.04,,0,0,,64.05,,,0,0,0,1.63,0.15,0.02,53.81
32,15,32015,0.1,0,0,0,0.02,0,7.27,0,0.01,0,0,0,0,0,,0,0,5.43,3.02,,,0,0,0,0,0,0,2
32,16,32016,1.37,,0.01,0,0.22,0,96.15,0,0.17,0,0,0.01,0,0,,0,0,2.34,28.45,,,0,0,0,0,0,0,21.09
32,17,32017,8.26,0,0.24,0,1.37,0,115.82,0,7.42,0.02,0,0.5,0,0.63,,0,0,29.31,55.19,,,0,0,0,0.96,0.09,1.28,36.42
32,18,32018,0.27,,0,0,0,0,19.05,0,0.03,0,0,0,0,0.04,,0,0,,5.66,,,0,0,0,0,0,0,0.38
32,19,32019,1.46,,0.05,0,0.25,0,102.93,0,0.5,0,0,0.03,0,0.3,,0,0,28.52,10.84,,,0,0,0,0,0,0.01,4.75
32,20,32020,3.36,0.02,0.12,0,0.61,0,236.32,0,2.02,0.01,0,0.14,0,0.39,,0,0,14.39,41.95,,,0,0,0,0,0,0.05,19.13
32,21,32021,0.31,,0,0,0.04,0,21.81,0,0.02,0,0,0,0,0,,0,0,93.86,6.49,,,0,0,0,0,0,0,4.73
32,22,32022,1.18,,0.04,0,0.19,0,83.12,0,0.5,0,0,0.03,0,0.15,,0,0,,50.22,,,0,0,0,0,0,0,45.8
32,23,32023,0.74,,0.03,0,0.15,0,52.13,0,0.33,0,0,0.02,0,0.14,,0,0,7.18,4.84,,0.34,0,0,0,0,0,0,2.15
32,24,32024,2.77,0,0.07,0,0.4,0,195.05,0,1.34,0,0,0.09,0,0.02,,0,0,,23.69,,,0,0,0,0.5,0.05,0,9.83
32,25,32025,0.7,0,0.01,0,0.01,0,49.34,0,0.78,0,0,0.05,0,0.05,,0,0,,10.83,,,0,0,0,0.2,0.02,0.01,6.36
32,26,32026,0.99,0.06,0,0,0.16,0,70.04,0,0.01,0,0,0,0,0,,0,0,0.94,24.18,,0.34,0,0,0,2.05,0.19,0.81,15.13
32,27,32027,0.16,,0,0,0.03,0,11.26,0,0,0,0,0,0,0,,0,0,,1.28,,0.34,0,0,0,0,0,0,0.93
32,28,32028,0.16,,0,0,0.03,0,11.12,0,0.02,0,0,0,0,0,,0,0,23.68,1.9,,0.34,0,0,0,0,0,0,0.93
32,29,32029,1.32,,0.03,0,0.2,0,92.93,0,0.67,0,0,0.05,0,0.14,,0,0,,70.12,,0.34,0,0,0,0,0,0,58.22
32,30,32030,0.17,,0,0,0.03,0,12.06,0,0.06,0,0,0,0,0.03,,0,0,167.1,1.44,,,0,0,0,0,0,0,0.82
32,31,32031,0.57,,0.01,0,0.11,0,39.79,0,0.12,0,0,0.01,0,0.06,,0,0,90.54,11.35,,,0,0,0,0,0,0,6.46
32,32,32032,0.67,,0.01,0,0.01,0,47.37,0,0.6,0,0,0.04,0,0.12,,0,0,1.21,18.77,,0.34,0,0,0,0.52,0.05,1.67,14.58
32,33,32033,0.29,,0.01,0,0.06,0,20.67,0,0.09,0,0,0.01,0,0.03,,0,0,24.16,6.11,,0.34,0,0,0,0,0,0,2.04
32,34,32034,1.67,,0.04,0,0.03,0,117.7,0,0.69,0,0,0.05,0,0.28,,0,0,92.21,16.02,,,0,0,0,0,0,0,7.14
32,35,32035,0.84,0,0,0,0.13,0,59.3,0,0.03,0,0,0,0,0,,0,0,,15.3,,,0,0,0,0.62,0.06,0,7.75
32,36,32036,2.4,0,0.05,0,0.36,0,168.7,0,1.55,0,0,0.11,0,0.2,,0,0,6.73,34.68,,,0,0,0,0.25,0.02,0.02,22.44
32,37,32037,0.95,0,0.01,0,0.15,0,66.94,0,0.14,0,0,0.01,0,0,,0,0,0.13,31.97,,0.34,0,0,0,0,0,0,26.79
32,38,32038,4.22,0.02,0.02,0,0.63,0,297.33,0,0.56,0,0,0.04,0,0,,0,0,,102.88,,0.34,0,0,0,2.22,0.21,0.01,52.62
32,39,32039,3.68,0.01,0.11,0,0.61,0,259.29,0,1.07,0,0,0.07,0,0.55,,0,0,,93.77,,,0,0,0,2.23,0.21,0.02,82.87
32,40,32040,1.23,0,0.01,0,0.18,0,86.87,0,0.1,0,0,0.01,0,0.06,,0,0,,35.96,,0.34,0,0,0,1.29,0.12,0,33.69
32,41,32041,0.18,,0,0,0.03,0,12.88,0,0.02,0,0,0,0,0,,0,0,,2.73,,0.34,0,0,0,1.17,0.11,0,2.07
32,42,32042,3.71,,0.08,0,0.62,0,261.51,0,0.78,0,0,0.05,0,0.3,,0,0,,217.62,,0.34,0,0,0,2.58,0.24,1.32,166.48
32,43,32043,0.08,,0,0,0.01,0,5.55,0,0.01,0,0,0,0,0,,0,0,7.6,0.42,,,0,0,0,0,0,0,0.26
32,44,32044,0.94,,0.02,0,0.15,0,66.53,0,1.7,0,0,0.11,0,0.15,,0,0,4.69,5.77,,0.34,0,0,0,0,0,0,2.46
32,45,32045,0.51,,0.01,0,0,0,35.79,0,0.18,0,0,0.01,0,0.05,,0,0,89.79,5.13,,,0,0,0,0,0,0,3.4
32,46,32046,0.45,0.03,0,0,0.09,0,31.81,0,0.06,0,0,0,0,0,,0,0,2.59,10.8,,,0,0,0,0,0,0,6.88
32,47,32047,0.34,,0.01,0,0.01,0,23.72,0,0.14,0,0,0.01,0,0.05,,0,0,179.78,6.07,,,0,0,0,0,0,0,3.37
32,48,32048,1.38,,0.06,0,0.24,0,97.21,0,0.74,0,0,0.05,0,0.25,,0,0,246.88,7.21,,0.34,0,0,0,0,0,0.01,3.94
32,49,32049,2.07,,0.04,0,0.35,0,146.02,0,0.56,0,0,0.04,0,0.22,,0,0,178.77,57.75,,,0,0,0,0,0,0.02,20.09
32,50,32050,0.53,,0,0,0.08,0,37.55,0,0.05,0,0,0,0,0,,0,0,43.68,13.04,,,0,0,0,0,0,0.05,11.86
32,51,32051,1.94,0,0.03,0,0.31,0,136.68,0,0.36,0,0,0.02,0,0.21,,0,0,235.3,113.83,,,0,0,0,1.84,0.17,0.07,78.46
32,52,32052,1.06,0,0.01,0,0.16,0,74.32,0,0.26,0,0,0.02,0,0.03,,0,0,,13.54,,,0,0,0,0,0,0,7.67
32,53,32053,0.76,0.05,0.01,0,0.12,0,53.27,0,0.13,0,0,0.01,0,0,,0,0,,13.75,,,0,0,0,0,0,0,10.45
32,54,32054,1.1,0,0.01,0,0.16,0,77.26,0,0.09,0,0,0.01,0,0,,0,0,,16.3,,,0,0,0,0.3,0.03,0,8.18
32,55,32055,1.84,0,0.04,0,0.32,0,129.22,0,1.43,0,0,0.1,0,0.18,,0,0,101.5,33.13,,0.34,0,0,0,0,0,0,22.1
32,56,32056,8.43,0,0.51,0,1.42,0,80.03,0,4.25,0.01,0,0.29,0,0.84,,0,0,16.11,14.13,0,,1.1,0.42,0,0.76,0.07,3.17,9.97
32,57,32057,0.98,,0.02,0,0.13,0,69.02,0,0.14,0,0,0.01,0,0.11,,0,0,2.74,0,,,0,0,0,0,0,0,9.17
32,58,32058,0.17,,0,0,0.03,0,11.69,0,0,0,0,0,0,0.01,,0,0,57.04,0,,,0,0,0,0,0,0,0