ENTIDAD,MUNICIPIO,,,,,,,,,,,,,,,,,,,,,,,
CLAVE,CLAVE,,GLP Combustión agropecuaria,GLP Combustión comercial,GN Combustión comercial,GLP Combustión doméstica,GN Combustión doméstica,Leña Combustión doméstica,Queroseno Combustión doméstica,Combustóleo Combustión industrial,Diesel Combustión industrial,GN Combustión industrial,GLP Combustión industrial,Queroseno Combustión industrial,Cruces fronterizos,Incendios forestales,Terminales_de_autobuses,Aviacion,Equipo basico aeropouertos,Embarcaciones marinas,Locomotoras de arrastre,Locomotoras de patio,Maq Contruc,Maq Agricola
22,Mg_per_yr,2199007000,2103007005,2199006000,2104007000,2104006000,2104008000,2104011000,2102005000,2102004000,2102006000,2102007000,2102011000,2222222222,2810001000,2230075350,2275000000,2275050000,2280000000,2285000000,2285002010,2260002000,2270005000,
1,1,1001,0.05,0.17,0,0.39,0.02,5.77,0.19,2550.43,55.39,1.27,0.07,0.0069,,16.41,0.06,8.2,1.18,0,1.29,0.09,2.39,1.98
1,2,1002,0.01,0,0,0.02,0,2.48,0.01,5.16,0.11,0,0,0,,0,,0,0,0,0.64,0.04,0,1.32
1,3,1003,0,0.01,0,0.03,0,3.07,0.01,79.81,1.73,0.04,0,0.0002,,1.07,,0,0,0,0,0,0.03,0.23
1,4,1004,0,0,0,0.01,0,0.84,0,21.62,0.47,0.01,0,0.0001,,0,,0,0,0,0.42,0.03,0.05,0.41
1,5,1005,0,0.01,0,0.04,0,3.36,0.02,782.54,16.99,0.39,0.02,0.0021,,29.2,,0,0,0,0,0,0.02,0.78
1,6,1006,0,0,0,0.02,0,2.38,0.01,46.64,1.01,0.02,0,0.0001,,0.08,,0,0,0,0.24,0.02,0.04,0.56
1,7,1007,0,0.01,0,0,0,2.78,0.01,81.21,1.76,0.04,0,0.0002,,0.34,,0,0,0,0.33,0.02,0.07,0.79
1,8,1008,0,0,0,0,0,0.47,0,9.02,0.2,0,0,0,,0.53,,0,0,0,0,0,0,0.29
1,9,1009,0,0,0,0.01,0,1.06,0,15.18,0.33,0.01,0,0,,0,,0,0,0,0,0,0,0.72
1,10,1010,0,0,0,0.01,0,1.05,0,106.35,2.31,0.05,0,0.0003,,0,,0,0,0,0,0,0,1.7
1,11,1011,0,0,0,0,0,1.46,0.01,299.25,6.5,0.15,0.01,0.0008,,0,,0,0,0,0.56,0.04,0,0.42
2,1,2001,0,0.04,0.11,0.7,0.01,25.3,0.11,1144.08,10.94,0.12,0.02,0.0031,,79.97,,0,0,1411.89,0,0,0.41,5.19
2,2,2002,0,0.08,0.22,0.15,0.02,11,0.23,3633.81,34.76,0.39,0.07,0.0098,1.118426939,0,0.03,0.11,0.02,0,1.81,0.12,4.43,11.8
2,3,2003,0,0.01,0.02,0.15,0,2.24,0.02,592.81,5.67,0.06,0.01,0.0016,0.484374643,165.4,,0,0,0,0.61,0.04,0.09,0.21
2,4,2004,0,0.14,0.4,2.27,0.03,2.46,0.37,9137.11,87.41,0.98,0.17,0.0246,0.035096619,52.36,0.03,31.31,4.21,0,1.06,0.07,3.94,0.11
2,5,2005,0,0.01,0.02,0.12,0,0.89,0.02,167,1.6,0.02,0,0.0004,,79.89,,0,0,63.03,0,0,0.04,0.08
3,1,3001,0,0.02,0,0.04,0,3.91,0.02,93.64,1.72,0,0,0.0003,,24.47,,0,0,45.42,0,0,0.01,4.39
3,2,3002,0,0.01,0,0.03,0,3.23,0.01,105.18,1.93,0,0,0.0003,,0,,0,0,870.67,0,0,0.71,0.42
3,3,3003,0,0.08,0,0.14,0,13.44,0.06,177.95,3.27,0,0,0.0005,,0.02,0.04,12.66,1.71,52.96,0,0,0.48,0.55
3,8,3008,0.01,0.07,0,0.1,0,10.04,0.04,73.83,1.36,0,0,0.0002,,0,,9.3,1.94,236.01,0,0,0,0.28
3,9,3009,0,0,0,0.01,0,0.72,0,4.1,0.08,0,0,0,,0,,0.11,0.02,36,0,0,0,0.06
4,1,4001,0,0,0,0.02,0,3.05,0.01,141.86,63.75,0.05,0,0.0004,,0,,0,0,0,0.58,0.04,0,0.33
4,2,4002,0,0,0,0.1,0,14.61,0.06,404.66,181.86,0.15,0.01,0.0011,,0,0.05,0.21,0.08,580.53,1.33,0.09,0.71,1.37
4,3,4003,0,0,0,0.08,0,12.24,0.05,80.28,36.08,0.03,0,0.0002,,0,,0.1,0.03,42.25,0,0,0.84,0.59
4,4,4004,0,0,0,0.03,0,4.66,0.02,107.58,48.35,0.04,0,0.0003,,9.46,,0,0,0,1.76,0.12,0.11,4.78
4,5,4005,0,0,0,0.01,0,1.65,0.01,37.15,16.7,0.01,0,0.0001,,0,,0,0,0,0.57,0.04,0.01,1.03
4,6,4006,0,0,0,0.01,0,2.12,0.01,9.79,4.4,0,0,0,,0.42,,0,0,0,0,0,0.02,3.39
4,7,4007,0,0,0,0,0,0.51,0,2.58,1.16,0,0,0,,0.59,,0,0,0,0,0,0,0.89
4,8,4008,0,0,0,0,0,0.55,0,29.41,13.22,0.01,0,0.0001,,0,,0,0,0,0.38,0.03,0.04,0.49
4,9,4009,0,0,0,0.02,0,3.07,0.01,27.89,12.53,0.01,0,0.0001,,23.04,,0,0,0,1.03,0.07,0.27,1.39
4,10,4010,0,0,0,0.01,0,1.46,0.01,2.52,1.13,0,0,0,,16.53,,0,0,0,0.83,0.06,0,0.17
4,11,4011,0,0,0,0.01,0,2.26,0.01,6.74,3.03,0,0,0,,16.1,,0,0,0,0,0,0,0.17
5,1,5001,0,0,0,0,0,0.06,0,1.93,0.09,0,0,0,,0.04,,0,0,0,0.3,0.02,0,0
5,2,5002,0,0.02,0,0.11,0.05,7.72,0.03,1964.3,89.32,0.89,0.05,0.0053,0.00765008,3.11,,0,0,0,0.26,0.02,0.04,6.45
5,3,5003,0,0,0,0.02,0.01,1.23,0.01,108.75,4.95,0.05,0,0.0003,,0,,0,0,0,0,0,0,0
5,4,5004,0,0,0,0.02,0.01,1.58,0.01,95.86,4.36,0.04,0,0.0003,,0.27,,0,0,0,0,0,0.02,0
5,5,5005,0,0,0,0,0,0.1,0,2.87,0.13,0,0,0,,1.23,,0,0,0,0,0,0,0
5,6,5006,0,0,0,0.02,0.01,0.31,0.01,149.54,6.8,0.07,0,0.0004,,0.86,,0,0,0,1.28,0.09,0.01,0
5,7,5007,0,0,0,0,0.01,0.75,0,49.81,2.26,0.02,0,0.0001,,0.55,,0,0,0,2.5,0.17,0,0
5,8,5008,0,0,0,0,0,0.17,0,0,0,0,0,0,,0.12,,0,0,0,0.56,0.04,0,0
5,9,5009,0,0.01,0,0.04,0.02,3.15,0.01,128.09,5.82,0.06,0,0.0003,,0.33,,0,0,0,0,0,0,0
5,10,5010,0,0.01,0,0.06,0.03,0.17,0.02,534.63,24.31,0.24,0.01,0.0014,,0,,0,0,0,0.27,0.02,0.01,3.9
5,11,5011,0,0,0,0.01,0,0.69,0,3.93,0.18,0,0,0,,0,,0,0,0,1.7,0.12,0,0
5,12,5012,0,0,0,0,0,0.11,0,5.63,0.26,0,0,0,,0,,0,0,0,0,0,0,0
5,13,5013,0,0,0,0,0,0.09,0,0,0,0,0,0,,0,,0,0,0,0,0,0.04,0
5,14,5014,0,0,0,0,0,0.6,0,8.55,0.39,0,0,0,,0,,0,0,0,1.12,0.08,0,0
5,15,5015,0,0,0,0,0,0.09,0,0,0,0,0,0,,0,,0,0,0,0,0,0,0
5,16,5016,0,0,0,0,0,0.1,0,0.18,0.01,0,0,0,,0.36,,0,0,0,0,0,0,0
5,17,5017,0,0.01,0,0.08,0.04,4.19,0.03,97.27,4.42,0.04,0,0.0003,,0,,0,0,0,0,0,0.02,0
5,18,5018,0,0.04,0,0.18,0.08,0.16,0.05,785.59,35.72,0.36,0.02,0.0021,,0.12,,0,0,0,0.14,0.01,0.66,0
5,19,5019,0,0,0,0.01,0,0.44,0,66.51,3.02,0.03,0,0.0002,,0,,0,0,0,0,0,0.01,0
5,20,5020,0,0.01,0,0.06,0.03,3.84,0.02,31.52,1.43,0.01,0,0.0001,,2.49,,0,0,0,1.16,0.08,0.49,0
5,21,5021,0,0,0,0.01,0,0.36,0,2.64,0.12,0,0,0,,0,,0,0,0,0.28,0.02,0,0
5,22,5022,0,0,0,0.02,0.01,0.12,0.01,58.01,2.64,0.03,0,0.0002,,5.28,,0,0,0,1.05,0.07,0.66,0
5,23,5023,0,0,0,0.01,0,0.62,0,29.88,1.36,0.01,0,0.0001,,0.29,,0,0,0,1.48,0.1,0,0
5,24,5024,0,0.01,0,0.04,0.02,2.74,0.01,178.37,8.11,0.08,0,0.0005,,0.34,,0,0,0,4.97,0.34,0,0
5,25,5025,0,0.02,0,0.13,0.06,0.23,0.04,843.89,38.37,0.38,0.02,0.0023,0.009182237,0,,0,0,0,0.26,0.02,0.04,0
5,26,5026,0,0,0,0,0,0.21,0,0.23,0.01,0,0,0,,0.2,,0,0,0,0.37,0.03,0.05,0
5,27,5027,0,0,0,0.05,0.02,1.01,0.01,1135.64,51.64,0.51,0.03,0.0031,,4.02,,0,0,0,4.25,0.29,0.05,0
5,28,5028,0,0.01,0,0.05,0.02,3.25,0.01,348.59,15.85,0.16,0.01,0.0009,,0.13,,0,0,0,1.06,0.07,0.17,2.03
5,29,5029,0,0,0,0,0,0.13,0,2.64,0.12,0,0,0,,0,,0,0,0,0,0,0,0
5,30,5030,0,0.1,0,0.55,0.27,1.82,0.17,2057.82,93.57,0.93,0.05,0.0055,,14.28,0.24,0,0,0,5.15,0.35,0.98,10.92
5,31,5031,0,0,0,0.02,0.01,1.2,0.01,75.12,3.42,0.03,0,0.0002,,1.07,,0,0,0,0,0,0,0
5,32,5032,0,0.01,0,0.04,0.02,2.45,0.01,100.14,4.55,0.05,0,0.0003,,0,,0,0,0,0,0,0.08,0
5,33,5033,0,0.01,0,0.08,0.04,5.73,0.02,317,14.41,0.14,0.01,0.0009,,1.17,,0,0,0,1.08,0.07,0.04,0
5,34,5034,0,0,0,0,0,0.32,0,0.47,0.02,0,0,0,,0,,0,0,0,2.57,0.18,0.23,0
5,35,5035,0,0.13,0,0.5,0.24,2.22,0.15,3292.43,149.71,1.49,0.08,0.0089,,0,,14.56,2.08,0,0.47,0.03,0.89,0
5,36,5036,0,0,0,0.02,0.01,1.18,0.01,8.03,0.37,0,0,0,,0,,0,0,0,1.04,0.07,0,0
5,37,5037,0,0,0,0.01,0,0.38,0,0.35,0.02,0,0,0,,0.04,,0,0,0,0.54,0.04,0,0
5,38,5038,0,0,0,0.01,0.01,0.76,0,50.16,2.28,0.02,0,0.0001,,8.36,,0,0,0,0.76,0.05,0,0
6,1,6001,0,0,0,0.02,0,0.4,0.01,34.34,5.85,0,0,0.0001,,0.14,,0,0,0,0.59,0.04,0,0.66
6,2,6002,0,0.02,0,0.01,0,1.03,0.03,171.22,29.17,0,0.01,0.0005,,0,0.02,0.03,0.01,0,0.38,0.03,0.24,0.62
6,3,6003,0,0,0,0,0,0.77,0.01,13.07,2.23,0,0,0,,0,,0,0,0,0,0,0,0.34
6,4,6004,0,0,0,0,0,0.44,0,7.56,1.29,0,0,0,,2.09,,0,0,0,0.61,0.04,0.04,0.44
6,5,6005,0,0,0,0.02,0,0.79,0.01,57.48,9.79,0,0,0.0002,,0.02,,0,0,0,0.73,0.05,0.11,0.39
6,6,6006,0,0,0,0,0,0.29,0,0.82,0.14,0,0,0,,0,,0,0,0,0,0,0,0.28
6,7,6007,0,0.01,0,0.11,0,8.43,0.04,125.22,21.34,0,0.01,0.0003,,5.77,,3.68,0.49,1363.18,0.73,0.05,0.12,0.93
6,8,6008,0,0,0,0.01,0,0.46,0,2.23,0.38,0,0,0,,0.6,,0,0,0,0,0,0.17,0.3
6,9,6009,0,0.01,0,0.07,0,0.99,0.03,145.49,24.79,0,0.01,0.0004,,0,,0,0,0,0.68,0.05,0.03,1.77
6,10,6010,0,0.01,0,0.08,0,0.29,0.03,84.08,14.33,0,0.01,0.0002,,1.26,,0,0,0,0,0,0.09,0.26
7,1,7001,0,0,0,0,0,0.9,0,4.98,0.11,0,0,0,,0,,0,0,0,0,0,0,0.08
7,2,7002,0,0,0,0.01,0,1.59,0.01,14.36,0.31,0.01,0,0,,0,,0,0,0,0,0,0,0.16
7,3,7003,0,0,0,0.01,0,1.48,0.01,8.79,0.19,0,0,0,,0.73,,0,0,0,0.44,0.03,0,0.31
7,4,7004,0,0,0,0.01,0,1.51,0.01,2.29,0.05,0,0,0,,0.86,,0,0,0,0,0,0,0.07
7,5,7005,0,0,0,0,0,1.2,0.01,0.94,0.02,0,0,0,,0,,0,0,0,0,0,0,0.08
7,6,7006,0,0,0,0.01,0,1.55,0.01,1.58,0.03,0,0,0,,2.43,,0,0,0,0,0,0,0.09
7,7,7007,0,0,0,0,0,0.52,0,23.03,0.5,0.01,0,0.0001,,0.41,,0,0,0,0,0,0,0.02
7,8,7008,0,0,0,0.01,0,1.77,0.01,13.59,0.3,0.01,0,0,,1.62,,0,0,0,0,0,0,0.12
7,9,7009,0,0,0,0.01,0,2.36,0.01,33.11,0.72,0.01,0,0.0001,,0.78,,0,0,0,0.58,0.04,0.05,0.02
7,10,7010,0,0,0,0,0,0.4,0,0,0,0,0,0,,0,,0,0,0,0,0,0,0.02
7,11,7011,0,0,0,0,0,1.07,0,0.35,0.01,0,0,0,,0.05,,0,0,0,0,0,0,0.07
7,12,7012,0,0,0,0,0,2.07,0.01,26.19,0.57,0.01,0,0.0001,,0.14,,0,0,0,0,0,0,0.03
7,13,7013,0,0,0,0.01,0,1.62,0.01,5.39,0.12,0,0,0,,0.69,,0,0,0,0,0,0,0.05
7,14,7014,0,0,0,0,0,0.91,0,1.58,0.03,0,0,0,,0.48,,0,0,0,0,0,0,0.07
7,15,7015,0,0,0,0.01,0,2.51,0.01,8.79,0.19,0,0,0,,0,,0,0,0,0,0,0,0.07
7,16,7016,0,0,0,0,0,0.97,0,2.46,0.05,0,0,0,,0,,0,0,0,0,0,0,0.1
7,17,7017,0,0,0,0.02,0,4.51,0.02,49.34,1.07,0.02,0,0.0001,,164.88,,0,0,0,0,0,0,0.14
7,18,7018,0,0,0,0,0,0.47,0,2.4,0.05,0,0,0,,0,,0,0,0,0,0,0,0.04
7,19,7019,0,0.01,0,0.04,0,7.42,0.03,104.71,2.28,0.04,0.01,0.0003,,0.56,,0.42,0.05,0,0,0,0.37,0.13
7,20,7020,0,0,0,0.01,0,2.46,0.01,7.79,0.17,0,0,0,,26.46,,0,0,0,0,0,0,0.25
7,21,7021,0,0,0,0.01,0,1.24,0.01,4.51,0.1,0,0,0,,0,,0,0,0,0,0,0,0.05
7,22,7022,0,0,0,0,0,0.81,0,0.47,0.01,0,0,0,,0.15,,0,0,0,0,0,0,0.07
7,23,7023,0,0,0,0.02,0,4.1,0.02,1.7,0.04,0,0,0,,0.09,,0,0,0,0,0,0,0.07
7,24,7024,0,0,0,0,0,0.55,0,0.59,0.01,0,0,0,,0,,0,0,0,0,0,0,0.02
7,25,7025,0,0,0,0,0,0.44,0,0.88,0.02,0,0,0,,0,,0,0,0,0,0,0,0.02
7,26,7026,0,0,0,0.01,0,1.94,0.01,1.35,0.03,0,0,0,,0,,0,0,0,0,0,0,0.09
7,27,7027,0,0,0,0.02,0,4.28,0.02,38.44,0.84,0.01,0,0.0001,,0.17,,0,0,0,0,0,0.39,0.17
7,28,7028,0,0,0,0,0,0.3,0,2.05,0.04,0,0,0,,0,,0,0,0,0,0,0,0.03
7,29,7029,0,0,0,0,0,0.31,0,1.52,0.03,0,0,0,,0,,0,0,0,0,0,0,0.01
7,30,7030,0,0,0,0,0,1.73,0.01,3.05,0.07,0,0,0,,1.34,,0,0,0,0,0,0,0.13
7,31,7031,0,0,0,0.02,0,5.87,0.03,3.34,0.07,0,0,0,,0.52,,0,0,0,0,0,0,0.3
7,32,7032,0,0,0,0.01,0,1.67,0.01,10.02,0.22,0,0,0,,0,,0,0,0,0,0,0,0.19
7,33,7033,0,0,0,0,0,0.39,0,0,0,0,0,0,,0,,0,0,0,0,0,0,0.01
7,34,7034,0,0,0,0.02,0,3.52,0.02,16.58,0.36,0.01,0,0,,0.07,,0,0,0,0,0,0,0.23
7,35,7035,0,0,0,0,0,0.67,0,1.23,0.03,0,0,0,,0,,0,0,0,0,0,0,0.07
7,36,7036,0,0,0,0,0,0.41,0,0.41,0.01,0,0,0,,0.02,,0,0,0,0,0,0,0.02
7,37,7037,0,0,0,0.01,0,1.86,0.01,6.04,0.13,0,0,0,,0,,0,0,0,0.28,0.02,0,0.21
7,38,7038,0,0,0,0,0,1.16,0.01,0.23,0.01,0,0,0,,0.04,,0,0,0,0,0,0,0.04
7,39,7039,0,0,0,0.01,0,1.23,0.01,0.47,0.01,0,0,0,,0,,0,0,0,0,0,0,0.14
7,40,7040,0,0,0,0.01,0,2.93,0.01,64.28,1.4,0.02,0.01,0.0002,,0,,0,0,0,0.17,0.01,0.01,0.14
7,41,7041,0,0,0,0,0,2.26,0.01,5.45,0.12,0,0,0,,0.21,,0,0,0,0,0,0,0.22
7,42,7042,0,0,0,0,0,0.53,0,1.11,0.02,0,0,0,,0,,0,0,0,0,0,0,0.02
7,43,7043,0,0,0,0,0,0.59,0,2.23,0.05,0,0,0,,0,,0,0,0,0,0,0,0.01
7,44,7044,0,0,0,0.01,0,1.33,0.01,2.23,0.05,0,0,0,,7.77,,0,0,0,0,0,0,0.08
7,45,7045,0,0,0,0,0,0.3,0,0.12,0,0,0,0,,0,,0,0,0,0,0,0,0.01
7,46,7046,0,0,0,0.01,0,2.19,0.01,6.8,0.15,0,0,0,,51.22,,0,0,0,0,0,0,0.2
7,47,7047,0,0,0,0,0,0.92,0,5.92,0.13,0,0,0,,1.45,,0,0,0,0,0,0,0.03
7,48,7048,0,0,0,0.01,0,1.23,0.01,5.63,0.12,0,0,0,,0,,0,0,0,0.43,0.03,0,0.05
7,49,7049,0,0,0,0,0,1.06,0,1.41,0.03,0,0,0,,0,,0,0,0,0,0,0,0.05
7,50,7050,0,0,0,0,0,0.32,0,1.46,0.03,0,0,0,,0,,0,0,0,0,0,0,0.04
7,51,7051,0,0,0,0.01,0,2.32,0.01,15.12,0.33,0.01,0,0,,0,,0,0,0,0.41,0.03,0,0.63
7,52,7052,0,0,0,0.02,0,6.02,0.03,11.95,0.26,0,0,0,,0.38,,0,0,0,0,0,0,0.37
7,53,7053,0,0,0,0,0,0.42,0,0.29,0.01,0,0,0,,0,,0,0,0,0,0,0,0.01
7,54,7054,0,0,0,0.01,0,1.47,0.01,7.38,0.16,0,0,0,,0,,0,0,0,0,0,0,0.18
7,55,7055,0,0,0,0,0,0.29,0,0.88,0.02,0,0,0,,0,,0,0,0,0,0,0,0.02
7,56,7056,0,0,0,0,0,0.55,0,0.18,0,0,0,0,,0,,0,0,0,0,0,0,0.02
7,57,7057,0,0,0,0.01,0,3.56,0.02,18.22,0.4,0.01,0,0,,0.09,,0,0,0,0,0,0.01,0.21
7,58,7058,0,0,0,0,0,0.24,0,0,0,0,0,0,,0,,0,0,0,0,0,0,0.03
7,59,7059,0,0,0,0.04,0,10.42,0.04,16.76,0.36,0.01,0,0,,35.21,,0,0,0,0,0,0,0.54
7,60,7060,0,0,0,0,0,0.65,0,1.17,0.03,0,0,0,,0,,0,0,0,0,0,0,0.02
7,61,7061,0,0,0,0.02,0,4.43,0.02,75.47,1.64,0.03,0.01,0.0002,,6.29,,0,0,0,0,0,0,0.33
7,62,7062,0,0,0,0,0,1,0,1.7,0.04,0,0,0,,0,,0,0,0,0,0,0,0.06
7,63,7063,0,0,0,0,0,0.21,0,1.29,0.03,0,0,0,,0.03,,0,0,0,0,0,0,0.03
7,64,7064,0,0,0,0.01,0,2.53,0.01,2.7,0.06,0,0,0,,0.07,,0,0,0,0,0,0,0.08
7,65,7065,0,0,0,0.03,0,6,0.03,27.72,0.6,0.01,0,0.0001,,0.36,,0,0,0,1.32,0.09,0.04,0.37
7,66,7066,0,0,0,0,0,1.18,0.01,1.88,0.04,0,0,0,,0,,0,0,0,0,0,0,0.04
7,67,7067,0,0,0,0,0,0.6,0,0.47,0.01,0,0,0,,0.03,,0,0,0,0,0,0,0.01
7,68,7068,0,0,0,0.01,0,1.81,0.01,10.96,0.24,0,0,0,,0,,0,0,0,0.63,0.04,0.32,0.05
7,69,7069,0,0,0,0.01,0,2.84,0.01,15.59,0.34,0.01,0,0,,0.18,,0,0,0,1.14,0.08,0,0.07
7,70,7070,0,0,0,0,0,0.79,0,0.82,0.02,0,0,0,,0,,0,0,0,0,0,0,0.02
7,71,7071,0,0,0,0,0,1.62,0.01,5.63,0.12,0,0,0,,0.17,,0,0,0,0.32,0.02,0,0.12
7,72,7072,0,0,0,0.01,0,1.7,0.01,4.92,0.11,0,0,0,,0.12,,0,0,0,0,0,0,0.08
7,73,7073,0,0,0,0,0,0.49,0,5.33,0.12,0,0,0,,0.12,,0,0,0,0,0,0,0.01
7,74,7074,0,0,0,0.01,0,2.14,0.01,107.76,2.34,0.04,0.01,0.0003,,0,,0,0,0,0,0,0.02,0.03
7,75,7075,0,0,0,0.01,0,1.53,0.01,13.71,0.3,0.01,0,0,,0.02,,0,0,0,0,0,0,0.05
7,76,7076,0,0,0,0.01,0,1.45,0.01,0.47,0.01,0,0,0,,0,,0,0,0,0,0,0,0.11
7,77,7077,0,0,0,0.01,0,3.28,0.01,5.1,0.11,0,0,0,,0,,0,0,0,0.36,0.02,0,0.24
7,78,7078,0,0.02,0,0.05,0,10.18,0.04,117.07,2.55,0.04,0.01,0.0003,,2.73,,0,0,0,0,0,0.31,0.06
7,79,7079,0,0,0,0.01,0,1.81,0.01,11.13,0.24,0,0,0,,0,,0,0,0,0,0,0,0.05
7,80,7080,0,0,0,0.01,0,2.19,0.01,1.93,0.04,0,0,0,,1.74,,0,0,0,0,0,0,0.15
7,81,7081,0,0,0,0.01,0,1.99,0.01,6.39,0.14,0,0,0,,0,,0,0,0,0,0,0,0.19
7,82,7082,0,0,0,0,0,0.63,0,1.17,0.03,0,0,0,,0.29,,0,0,0,0,0,0,0.03
7,83,7083,0,0,0,0,0,0.97,0,2.99,0.06,0,0,0,,0,,0,0,0,0,0,0,0.11
7,84,7084,0,0,0,0,0,0.48,0,0.76,0.02,0,0,0,,0,,0,0,0,0,0,0,0.01
7,85,7085,0,0,0,0,0,0.54,0,2.87,0.06,0,0,0,,0,,0,0,0,0,0,0,0.03
7,86,7086,0,0,0,0.01,0,1.13,0,7.91,0.17,0,0,0,,0,,0,0,0,0,0,0.02,0.06
7,87,7087,0,0,0,0,0,2.02,0.01,9.73,0.21,0,0,0,,0,,0,0,0,0.25,0.02,0,0.11
7,88,7088,0,0,0,0,0,0.13,0,0.18,0,0,0,0,,0,,0,0,0,0,0,0,0.01
7,89,7089,0,0.03,0,0.09,0,17.28,0.07,184.4,4.01,0.07,0.02,0.0005,,0,,4.42,0.4,13.02,0.92,0.06,0.49,0.5
7,90,7090,0,0,0,0,0,0.24,0,0.29,0.01,0,0,0,,0.81,,0,0,0,0,0,0,0.01
7,91,7091,0,0,0,0,0,0.61,0,2.7,0.06,0,0,0,,0,,0,0,0,0,0,0,0.02
7,92,7092,0,0,0,0.01,0,2.3,0.01,7.73,0.17,0,0,0,,0.02,,0,0,0,0,0,0,0.07
7,93,7093,0,0,0,0.01,0,2.31,0.01,2.29,0.05,0,0,0,,0.08,,0,0,0,0,0,0,0.08
7,94,7094,0,0,0,0.01,0,1.98,0.01,14.71,0.32,0.01,0,0,,0.23,,0,0,0,0,0,0,0.06
7,96,7096,0,0,0,0,0,3.86,0.02,4.22,0.09,0,0,0,,0,,0,0,0,0,0,0,0.22
7,97,7097,0.01,0,0,0.03,0,4.8,0.02,37.5,0.82,0.01,0,0.0001,,1.4,,0,0,0,1.29,0.09,0,0.03
7,98,7098,0,0,0,0,0,0.36,0,1.35,0.03,0,0,0,,0,,0,0,0,0,0,0.03,0.06
7,99,7099,0,0,0,0.02,0,3.7,0.02,4.92,0.11,0,0,0,,0.21,,0,0,0,0,0,0,0.31
7,100,7100,0,0,0,0.01,0,1.77,0.01,0.59,0.01,0,0,0,,0,,0,0,0,0,0,0,0.09
7,101,7101,0,0.06,0,0.17,0,0.27,0.13,437.89,9.52,0.16,0.04,0.0012,,0.66,0.27,6.62,1.02,0,0,0,0,0.04
7,102,7102,0,0,0,0.01,0,2.09,0.01,5.51,0.12,0,0,0,,0,,0,0,0,0,0,2.02,0.1
7,103,7103,0,0,0,0.01,0,1.49,0.01,3.87,0.08,0,0,0,,0,,0,0,0,0.14,0.01,0.12,0.09
7,104,7104,0,0,0,0,0,0.78,0,3.63,0.08,0,0,0,,0.38,,0,0,0,0,0,0.06,0.06
7,105,7105,0,0,0,0,0,0.82,0,2.11,0.05,0,0,0,,0.36,,0,0,0,0,0,0,0.04
7,106,7106,0,0,0,0.02,0,3.48,0.01,55.02,1.2,0.02,0,0.0001,,0.01,,0,0,0,0,0,0,0.34
7,107,7107,0,0,0,0.02,0,4.15,0.02,31.93,0.69,0.01,0,0.0001,,36.4,,0,0,0,0,0,0.01,0.38
7,108,7108,0,0,0,0.03,0,5.69,0.02,149.59,3.25,0.06,0.01,0.0004,,13.39,,0,0,0,0,0,0.01,0.33
7,109,7109,0,0,0,0.01,0,1.92,0.01,13.18,0.29,0,0,0,,0.02,,0,0,0,0,0,0.01,0.05
7,110,7110,0,0,0,0,0,0.36,0,1.46,0.03,0,0,0,,0,,0,0,0,0,0,0.02,0.04
7,111,7111,0,0,0,0.01,0,1.9,0.01,6.27,0.14,0,0,0,,1.54,,0,0,0,0,0,0,0.08
7,112,7112,0,0,0,0.01,0,1.52,0.01,0.76,0.02,0,0,0,,0,,0,0,0,0,0,0,0.07
7,113,7113,0,0,0,0,0,0.3,0,0,0,0,0,0,,0,,0,0,0,0,0,0,0
7,114,7114,0,0,0,0,0,0.93,0,3.81,0.08,0,0,0,,0,,0,0,0,0,0,0,0.09
7,115,7115,0,0,0,0,0,0.67,0,0.47,0.01,0,0,0,,0,,0,0,0,0,0,0,0
7,116,7116,0,0,0,0,0,0.52,0,0.82,0.02,0,0,0,,0,,0,0,0,0,0,0,0.09
7,117,7117,0,0,0,0,0,0.4,0,0.53,0.01,0,0,0,,0.06,,0,0,0,0,0,0,0
7,118,7118,0,0,0,0,0,0.19,0,0,0,0,0,0,,0,,0,0,0,0,0,0,0
7,119,7119,0,0,0,0,0,0.17,0,0,0,0,0,0,,0,,0,0,0,0,0,0,0
8,1,8001,0,0,0,0.01,0,0.72,0,35.16,0.12,0.02,0,0.0001,,0,,0,0,0,3.89,0.27,0,1.9
8,2,8002,0,0,0,0,0,0.43,0.01,46.94,0.17,0.02,0,0.0001,,0,,0,0,0,3.82,0.26,0,1.21
8,3,8003,0,0,0,0.01,0,0.51,0,3.16,0.01,0,0,0,,0,,0,0,0,0.93,0.06,0,0.84
8,4,8004,0,0,0,0,0,0.49,0,0.88,0,0,0,0,,0,,0,0,0,0,0,0,0
8,5,8005,0,0,0,0,0,1.37,0.01,531.7,1.88,0.24,0.01,0.0014,0.003061931,0,,0,0,0,2.4,0.17,0.47,3.58
8,6,8006,0,0,0,0.01,0,0.36,0,1.41,0,0,0,0,,0,,0,0,0,0,0,0,2.89
8,7,8007,0,0,0,0.01,0,0.99,0,1.29,0,0,0,0,,1.32,,0,0,0,0,0,0,1.11
8,8,8008,0,0,0,0.01,0,0.81,0,8.67,0.03,0,0,0,,0.51,,0,0,0,0,0,0,0.01
8,9,8009,0,0,0,0.03,0,1.83,0.01,20.39,0.07,0.01,0,0.0001,,2.42,,0,0,0,1.49,0.1,0,0.21
8,10,8010,0,0,0,0.02,0,1.26,0.01,340.91,1.21,0.15,0,0.0009,,0,,0,0,0,0,0,0,2.81
8,11,8011,0,0.01,0,0.05,0,2.89,0.01,180.53,0.64,0.08,0,0.0005,,0,,0,0,0,1.99,0.14,0.14,1.18
8,12,8012,0,0,0,0.01,0,0.51,0,0.53,0,0,0,0,,0,,0,0,0,0,0,0,1.29
8,13,8013,0,0,0,0.01,0,0.51,0,1.46,0.01,0,0,0,,3,,0,0,0,1.21,0.08,0,1.15
8,14,8014,,0,0,0,0,0.13,0,0.29,0,0,0,0,,0,,0,0,0,0,0,0,0.24
8,15,8015,0,0,0,0,0,0.09,0,0,0,0,0,0,,0,,0,0,0,0,0,0,0.01
8,16,8016,0,0,0,0,0,0.21,0,0.41,0,0,0,0,,0,,0,0,0,0.48,0.03,0,0.25
8,17,8017,0,0.03,0,0.14,0,8.25,0.04,381.16,1.35,0.17,0,0.001,,0,,0,0,0,1.28,0.09,0.04,11.64
8,18,8018,0,0,0,0.01,0,0.3,0,0,0,0,0,0,,0,,0,0,0,0,0,0,4.83
8,19,8019,0,0.17,0,0.8,0,1.22,0.2,4028.86,14.27,1.82,0.05,0.0108,,8.76,0.07,24.38,3.26,0,5.07,0.35,1.75,2.49
8,20,8020,0,0,0,0.01,0,0.46,0,0.06,0,0,0,0,,1.09,,0,0,0,0,0,0,0
8,21,8021,0,0.03,0,0.13,0,7.78,0.03,590.18,2.09,0.27,0.01,0.0016,,0,,0,0,0,0.43,0.03,0.1,1.62
8,22,8022,0,0,0,0,0,0.16,0,0,0,0,0,0,,0,,0,0,0,0,0,0,0.6
8,23,8023,0,0,0,0,0,0.23,0,89.3,0.32,0.04,0,0.0002,,0,,0,0,0,0,0,0,0.55
8,24,8024,0,0,0,0,0,0.23,0,1.88,0.01,0,0,0,,0,,0,0,0,0,0,0,1.1
8,25,8025,0,0,0,0.01,0,0.46,0,92.46,0.33,0.04,0,0.0002,,0,,0,0,0,0,0,0,2.67
8,26,8026,0,0,0,0,0,0.19,0,0,0,0,0,0,,0,,0,0,0,0,0,0,0.74
8,27,8027,0,0,0,0.04,0,2.81,0.01,22.62,0.08,0.01,0,0.0001,,5.49,,0,0,0,0,0,0,2.05
8,28,8028,0,0,0,0.01,0,0.56,0,11.95,0.04,0.01,0,0,0.001081436,0,,0,0,0,0,0,0,0.43
8,29,8029,0,0,0,0.04,0,3.17,0.01,60.06,0.21,0.03,0,0.0002,,14.89,,0,0,0,0,0,0,1.93
8,30,8030,0,0,0,0.01,0,0.49,0,0.88,0,0,0,0,,2.38,,0,0,0,1,0.07,0,0.01
8,31,8031,0,0,0,0.04,0,2.28,0.01,22.62,0.08,0.01,0,0.0001,,0.82,,0,0,0,3.18,0.22,0,6.72
8,32,8032,0,0.02,0,0.1,0,6.33,0.03,295.61,1.05,0.13,0,0.0008,,0,,0,0,0,0.74,0.05,0.06,0.32
8,33,8033,0,0,0,0,0,0.06,0,0.23,0,0,0,0,,0,,0,0,0,0,0,0,0.1
8,34,8034,0,0,0,0.01,0,0.41,0,48.11,0.17,0.02,0,0.0001,,0,,0,0,0,0,0,0,1.89
8,35,8035,0,0,0,0.01,0,0.5,0,0.59,0,0,0,0,,1.13,,0,0,0,0,0,0,3.17
8,36,8036,0,0.01,0,0.04,0,2.48,0.01,120.77,0.43,0.05,0,0.0003,,0,,0,0,0,0,0,0.01,2.21
8,37,8037,0,0.23,0,1.3,0,1.14,0.35,12025.87,42.59,5.45,0.15,0.0324,0.11849461,0,,24.33,3.26,0,2.27,0.16,1.68,0.37
8,38,8038,0,0,0,0,0,0.28,0,1,0,0,0,0,,0,,0,0,0,0,0,0,0.49
8,39,8039,0,0,0,0,0,0.24,0,1.35,0,0,0,0,,0,,0,0,0,0.36,0.02,0,0.46
8,40,8040,0,0,0,0.03,0,1.96,0.01,42.89,0.15,0.02,0,0.0001,,5.86,,0,0,0,2.33,0.16,0,3.35
8,41,8041,0,0,0,0,0,0.13,0,1.76,0.01,0,0,0,,0.01,,0,0,0,0,0,0,0.01
8,42,8042,0,0,0,0,0,0.1,0,0.18,0,0,0,0,,3.09,,0,0,0,0,0,0,0.02
8,43,8043,0,0,0,0,0,0.19,0,1.17,0,0,0,0,,0,,0,0,0,0.65,0.04,0,0.73
8,44,8044,0,0,0,0,0,0.26,0,5.1,0.02,0,0,0,,0,,0,0,0,0.45,0.03,0.02,0.74
8,45,8045,0,0,0,0.04,0,2.53,0.01,240.18,0.85,0.11,0,0.0006,,0,,0,0,0,0,0,0,1.93
8,46,8046,0,0,0,0.01,0,0.44,0,0,0,0,0,0,,0,,0,0,0,0,0,0,0
8,47,8047,0,0,0,0,0,0.31,0,2.4,0.01,0,0,0,,0,,0,0,0,0,0,0,0.01
8,48,8048,0,0,0,0.02,0,1.24,0.01,9.43,0.03,0,0,0,,0,,0,0,0,0,0,0,12.94
8,49,8049,0,0,0,0,0,0.17,0,0.23,0,0,0,0,,0,,0,0,0,0,0,0,0.3
8,50,8050,0,0.01,0,0.06,0,3.33,0.01,1248.15,4.42,0.57,0.02,0.0034,,0,,0,0,0,1.41,0.1,0.02,1.39
8,51,8051,0,0,0,0.01,0,0.39,0,0.18,0,0,0,0,,0.49,,0,0,0,0,0,0,0.03
8,52,8052,0,0,0,0.02,0,1.29,0.01,30.12,0.11,0.01,0,0.0001,0.001599332,0,,0,0,0,1.73,0.12,0.01,1.77
8,53,8053,0,0,0,0.01,0,0.52,0,6.74,0.02,0,0,0,,0,,0,0,0,0,0,0,0.63
8,54,8054,0,0,0,0.01,0,0.48,0,0.7,0,0,0,0,,0,,0,0,0,0.52,0.04,0,5.4
8,55,8055,0,0,0,0.02,0,0.97,0,1.29,0,0,0,0,,0,,0,0,0,0.73,0.05,0,1.13
8,56,8056,0,0,0,0,0,0.13,0,0.12,0,0,0,0,,0,,0,0,0,0,0,0,0.24
8,57,8057,0,0,0,0,0,0.14,0,1.23,0,0,0,0,,0,,0,0,0,0,0,0,0
8,58,8058,0,0,0,0,0,0.16,0,0.06,0,0,0,0,,0,,0,0,0,0,0,0,0.18
8,59,8059,0,0,0,0.01,0,0.3,0,16.58,0.06,0.01,0,0,,0,,0,0,0,0,0,0,0.07
8,60,8060,0,0,0,0.01,0,0.62,0,5.86,0.02,0,0,0,,0,,0,0,0,0.67,0.05,0.86,0.19
8,61,8061,0,0,0,0,0,0.24,0,0.23,0,0,0,0,,0,,0,0,0,0,0,0,0.91
8,62,8062,0,0,0,0.03,0,1.74,0.01,45.24,0.16,0.02,0,0.0001,,0,,0,0,0,0.42,0.03,1.73,1.54
8,63,8063,0,0,0,0.01,0,0.39,0,1,0,0,0,0,,0.02,,0,0,0,0.75,0.05,0,1.26
8,64,8064,0,0,0,0,0,0.11,0,0,0,0,0,0,,0,,0,0,0,0,0,0,0.21
8,65,8065,0,0,0,0.02,0,1.2,0.01,4.16,0.01,0,0,0,,2.9,,0,0,0,1.24,0.09,0,0.01
8,66,8066,0,0,0,0.01,0,0.49,0,0.18,0,0,0,0,,0.29,,0,0,0,0,0,0,0
8,67,8067,0,0,0,0,0,0.27,0,2.4,0.01,0,0,0,,0,,0,0,0,0,0,0,0.74
9,2,9002,0,0.07,0,0.47,0.03,0,0.11,0,91.92,1.08,0.13,0.0095,,0,,0,0,0,0.38,0.03,0,0
9,3,9003,0,0.08,0.01,0.72,0,0,0.17,0,39.13,0.46,0.05,0.004,,0.19,1.25,0,0,0,0,0,0.05,0
9,4,9004,0,0.02,0,0.17,0,0.27,0.05,0,4.79,0.06,0.01,0.0005,,0.44,,0,0,0,0,0,0.26,0
9,5,9005,0,0.12,0.01,1.26,0,0,0.31,0,57.08,0.67,0.08,0.0059,,0.65,1.25,0,0,0,0.58,0.04,0.25,0
9,6,9006,0,0.05,0,0.43,0,0,0.1,0,72.68,0.85,0.1,0.0075,,0,,0,0,0,0,0,0.07,0
9,7,9007,0,0.17,0.01,1.83,0,0,0.48,0,112.14,1.31,0.16,0.0116,,0.44,,0,0,0,0,0,0.04,0
9,8,9008,0,0.01,0,0.24,0,0.08,0.06,0,2.23,0.03,0,0.0002,,0.44,,0,0,0,0.38,0.03,1.71,0.01
9,9,9009,0,0.01,0,0.11,0,1.16,0.03,0,1.71,0.02,0,0.0002,,14.47,,0,0,0,0,0,0.01,0.38
9,10,9010,0,0.08,0.01,0.75,0,0.04,0.19,0,30.3,0.36,0.04,0.0031,,0.3,1.25,0,0,0,0.43,0.03,0,0
9,11,9011,0,0.02,0,0.35,0,0.3,0.09,0,11.35,0.13,0.02,0.0012,,1.32,,0,0,0,0.15,0.01,0.44,0.19
9,12,9012,0,0.07,0,0.64,0,0.87,0.16,0,24.38,0.29,0.03,0.0025,,20.83,,0,0,0,1.71,0.12,0,0.28
9,13,9013,0,0.03,0,0.4,0,0.91,0.11,0,16.53,0.19,0.02,0.0017,,1.91,,0,0,0,0,0,1.18,0.05
9,14,9014,0,0.13,0.01,0.51,0,0,0.09,0,45.91,0.54,0.06,0.0047,,0,,0,0,0,0,0,0.03,0
9,15,9015,0,0.29,0.02,0.66,0,0,0.14,0,74.57,0.87,0.1,0.0077,,0,,0,0,0,0.14,0.01,1.76,0
9,16,9016,0,0.15,0.01,0.44,0,0,0.09,0,73.83,0.87,0.1,0.0076,,0,,0,0,0,0.51,0.04,0.62,0
9,17,9017,0,0.08,0.01,0.5,0,0,0.12,0,26.6,0.31,0.04,0.0027,,0,1.25,206.63,32.13,0,0,0,4.87,0
10,1,10001,0,0,0,0.02,0.01,1.8,0.01,35.04,0.93,0.02,0,0.0001,,2.27,,0,0,0,1.21,0.08,0,5.03
10,2,10002,0,0,0,0,0,0.25,0,3.63,0.1,0,0,0,,8.77,,0,0,0,0,0,0,0.07
10,3,10003,0,0,0,0,0,0.26,0,0.35,0.01,0,0,0,,0,,0,0,0,0,0,0,0.32
10,4,10004,0,0,0,0.02,0,1.93,0.01,45.29,1.2,0.02,0,0.0001,,0,,0,0,0,1.1,0.08,0.28,0.11
10,5,10005,0,0.19,0,0.04,0,32.22,0.14,1011.54,26.86,0.46,0.04,0.0027,,12.88,0.04,9.39,1.48,0,5.06,0.35,0.8,6.6
10,6,10006,0,0,0,0.01,0,0.59,0,0.82,0.02,0,0,0,,0,,0,0,0,0,0,0,1.99
10,7,10007,0,0.1,0,0.24,0,6.53,0.08,1960.49,52.06,0.89,0.07,0.0053,,0,,0,0,0,1.3,0.09,0.44,2.97
10,8,10008,0,0.01,0,0.03,0,1.96,0.01,89.07,2.36,0.04,0,0.0002,,0,,0,0,0,0.49,0.03,0,6.37
10,9,10009,0,0,0,0.01,0,0.63,0,2.05,0.05,0,0,0,,2.3,,0,0,0,0,0,0.01,0.06
10,10,10010,0,0,0,0,0,0.26,0,0.41,0.01,0,0,0,,0,,0,0,0,0,0,0,0.64
10,11,10011,0,0,0,0,0,0.3,0,0.41,0.01,0,0,0,,0,,0,0,0,0,0,0.01,0.02
10,12,10012,0,0.02,0,0.1,0,3.54,0.03,597.68,15.87,0.27,0.02,0.0016,,0,,0,0,0,1.2,0.08,0.03,2.04
10,13,10013,0,0.01,0,0.02,0,1.4,0.01,18.93,0.5,0.01,0,0.0001,,0,,0,0,0,3.05,0.21,0,1.42
10,14,10014,0,0,0,0.02,0,1.84,0.01,1.64,0.04,0,0,0,,44.44,,0,0,0,0,0,0,0.42
10,15,10015,0,0,0,0,0,0.74,0,1.05,0.03,0,0,0,,0,,0,0,0,0,0,0,0.89
10,16,10016,0,0,0,0,0,1.06,0,49.4,1.31,0.02,0,0.0001,,0,,0,0,0,0,0,0,1.99
10,17,10017,0,0,0,0.01,0,0.56,0,4.39,0.12,0,0,0,,0,,0,0,0,0.32,0.02,0,0.12
10,18,10018,0,0,0,0.01,0,0.64,0,4.8,0.13,0,0,0,,0,,0,0,0,0,0,0,0.09
10,19,10019,0,0,0,0,0,0.28,0,0.06,0,0,0,0,,6.79,,0,0,0,0,0,0.11,0.08
10,20,10020,0,0,0,0.01,0,9.23,0,11.43,0.3,0.01,0,0,,0,,0,0,0,0.48,0.03,0,3.25
10,21,10021,0,0,0,0.01,0,0.58,0,3.93,0.1,0,0,0,,0,,0,0,0,0.9,0.06,0,2.65
10,22,10022,0,0,0,0,0,1.44,0.01,7.79,0.21,0,0,0,,0,,0,0,0,0,0,0,3.95
10,23,10023,0,0.01,0,0.03,0,10.44,0.01,108.11,2.87,0.05,0,0.0003,,32.79,,0,0,0,0,0,0,0.05
10,24,10024,0,0,0,0.01,0,0.69,0,2.99,0.08,0,0,0,,0,,0,0,0,0,0,0,0.86
10,25,10025,0,0,0,0,0,2.63,0,0.35,0.01,0,0,0,,0,,0,0,0,0,0,0,0.14
10,26,10026,0,0,0,0.01,0,1.18,0.01,8.79,0.23,0,0,0,,6.05,,0,0,0,0,0,0.28,0.43
10,27,10027,0,0,0,0,0,0.36,0,7.44,0.2,0,0,0,,0,,0,0,0,0.99,0.07,0,0.55
10,28,10028,0,0,0,0.01,0,0.65,0,3.28,0.09,0,0,0,,0,,0,0,0,0,0,0,1.64
10,29,10029,0,0,0,0,0,0.12,0,0.53,0.01,0,0,0,,0,,0,0,0,0,0,0,0.56
10,30,10030,0,0,0,0,0,0.09,0,0.18,0,0,0,0,,0,,0,0,0,0,0,0,0.51
10,31,10031,0,0,0,0.01,0,4.16,0,0.64,0.02,0,0,0,,0,,0,0,0,0,0,0,2.32
10,32,10032,0,0.01,0,0,0,2.54,0.01,54.96,1.46,0.02,0,0.0001,,15.3,,0,0,0,1.47,0.1,0.33,3.34
10,33,10033,0,0,0,0.01,0,0.42,0,1.93,0.05,0,0,0,,0,,0,0,0,0,0,0,1
10,34,10034,0,0,0,0.02,0,1.58,0.01,5.16,0.14,0,0,0,,9.35,,0,0,0,0,0,0,0
10,35,10035,0,0,0,0.01,0,0.71,0,7.73,0.21,0,0,0,,3.97,,0,0,0,0.43,0.03,0,0.78
10,36,10036,0,0,0,0,0,1.22,0.01,103.01,2.74,0.05,0,0.0003,,0,,0,0,0,0,0,0,1.05
10,37,10037,0,0,0,0.01,0,7.01,0,15.06,0.4,0.01,0,0,,0.75,,0,0,0,0,0,0,0.12
10,38,10038,0,0.01,0,0.02,0,0.77,0.01,20.68,0.55,0.01,0,0.0001,,0,,0,0,0,0,0,0,2.07
10,39,10039,0,0,0,0,0,1.48,0.01,44.24,1.17,0.02,0,0.0001,,0,,0,0,0,0,0,0,4.59
11,1,11001,0,0,0,0.07,0,4.72,0.02,51.15,0.61,0.03,0,0.0001,,0,,0,0,0,0.37,0.03,0.01,4.41
11,2,11002,0,0.01,0,0.1,0,6.23,0.03,92.76,1.1,0.05,0,0.0002,,0,,0,0,0,1.24,0.08,0.05,1.89
11,3,11003,0,0.01,0,0.11,0,8.52,0.04,182.41,2.17,0.09,0,0.0005,,3.01,,0,0,0,1.19,0.08,0.01,1.63
11,4,11004,0,0,0,0.01,0,3.55,0.02,58.95,0.7,0.03,0,0.0002,,0.71,,0,0,0,0,0,0,2.44
11,5,11005,0,0,0,0.06,0,4.52,0.02,264.44,3.15,0.13,0,0.0007,,0,,0,0,0,0.78,0.05,0.05,1.47
11,6,11006,0,0,0,0,0,0.31,0,0.18,0,0,0,0,,0,,0,0,0,0,0,0,0
11,7,11007,0,0.04,0,0.39,0,25.44,0.11,1537.2,18.31,0.76,0.02,0.0041,,1.24,,0,0,0,1.01,0.07,0.43,2.74
11,8,11008,0,0,0,0,0,2.1,0.01,23.73,0.28,0.01,0,0.0001,,0.76,,0,0,0,0,0,0,2.9
11,9,11009,0,0,0,0.06,0,4.29,0.02,35.1,0.42,0.02,0,0.0001,,0,,0,0,0,0.35,0.02,0.03,1.86
11,10,11010,0,0,0,0.01,0,0.67,0,20.57,0.24,0.01,0,0.0001,,0,,0,0,0,0,0,0,0.29
11,11,11011,0,0.01,0,0.07,0,5.09,0.02,129.26,1.54,0.06,0,0.0003,,0,,0,0,0,0,0,0,1.71
11,12,11012,0,0,0,0.02,0,1.47,0.01,10.37,0.12,0.01,0,0,,2.64,,0,0,0,0,0,0,0.88
11,13,11013,0,0,0,0.02,0,1.3,0.01,6.21,0.07,0,0,0,,0,,0,0,0,0,0,0,1.1
11,14,11014,0,0.01,0,0.01,0,8.24,0.04,203.44,2.42,0.1,0,0.0005,,0.15,,0,0,0,1.23,0.08,0.04,2.09
11,15,11015,0,0.01,0,0.13,0,9.38,0.04,79.57,0.95,0.04,0,0.0002,,3.03,1.4,0,0,0,0,0,1.71,0.45
11,16,11016,0,0,0,0,0,1.13,0,5.68,0.07,0,0,0,,0.06,,0,0,0,0,0,0,0.89
11,17,11017,0,0.04,0,0.41,0,28.33,0.12,1120.64,13.35,0.56,0.01,0.003,,1.52,,0,0,0,0.96,0.07,0.33,5.16
11,18,11018,0,0,0,0.03,0,1.94,0.01,15.7,0.19,0.01,0,0,,0,,0,0,0,0,0,0.01,1.35
11,19,11019,0,0,0,0.04,0,2.82,0.01,10.37,0.12,0.01,0,0,,0,,0,0,0,0,0,0,2.69
11,20,11020,0,0.1,0.01,1.1,0,78.2,0.34,5573.15,66.38,2.77,0.06,0.015,,2.11,,0,0,0,0.58,0.04,1.87,3.34
11,21,11021,0,0.01,0,0.05,0,2.86,0.01,221.55,2.64,0.11,0,0.0006,,0,,0,0,0,0,0,0,0.14
11,22,11022,0,0,0,0.02,0,1.26,0.01,6.97,0.08,0,0,0,,0.73,,0,0,0,0,0,0,1.44
11,23,11023,0,0.01,0,0.12,0,8.45,0.04,190.08,2.26,0.09,0,0.0005,,1.5,,0,0,0,1.48,0.1,0.08,6.04
11,24,11024,0,0,0,0.01,0,0.6,0,5.57,0.07,0,0,0,,0,,0,0,0,0,0,0,0.4
11,25,11025,0,0,0,0.05,0,3.42,0.01,246.1,2.93,0.12,0,0.0007,,0,,0,0,0,0.2,0.01,0.01,1.66
11,26,11026,0,0,0,0.04,0,3.09,0.01,26.37,0.31,0.01,0,0.0001,,0.1,,0,0,0,0,0,0,2.85
11,27,11027,0,0.02,0,0.22,0,14.29,0.06,669.16,7.97,0.33,0.01,0.0018,,0,,0,0,0,0.44,0.03,0.12,4.72
11,28,11028,0,0.01,0,0.09,0,5.65,0.02,104.01,1.24,0.05,0,0.0003,,0,,0,0,0,0.34,0.02,0.01,2.74
11,29,11029,0,0,0,0.03,0,2.1,0.01,11.95,0.14,0.01,0,0,,4.24,,0,0,0,0.68,0.05,0,0.69
11,30,11030,0,0,0,0.07,0,5.87,0.03,32.93,0.39,0.02,0,0.0001,,2.64,,0,0,0,1.15,0.08,0,3.67
11,31,11031,0,0.01,0,0.09,0,6.32,0.03,619.12,7.37,0.31,0.01,0.0017,,0,,0,0,0,0,0,0.22,2.01
11,32,11032,0,0,0,0.05,0,3.62,0.02,250.97,2.99,0.12,0,0.0007,,0,,0,0,0,0.53,0.04,0.8,1.79
11,33,11033,0,0,0,0.08,0,6.2,0.03,72.31,0.86,0.04,0,0.0002,,0,,0,0,0,1.28,0.09,0.13,1.97
11,34,11034,0,0,0,0,0,0.28,0,1.64,0.02,0,0,0,,0,,0,0,0,0,0,0,0.04
11,35,11035,0,0,0,0.06,0,4.3,0.02,105,1.25,0.05,0,0.0003,,0.37,,0,0,0,0,0,0.02,1.86
11,36,11036,0,0,0,0.01,0,0.39,0,2.23,0.03,0,0,0,,0,,0,0,0,0,0,0,0.32
11,37,11037,0,0.01,0,0.12,0,9,0.04,604.65,7.2,0.3,0.01,0.0016,,0.73,,21.91,3.01,0,0.78,0.05,0.05,1.82
11,38,11038,0,0,0,0.01,0,0.63,0,6.09,0.07,0,0,0,,0,,0,0,0,0.19,0.01,0.01,0.37
11,39,11039,0,0,0,0.03,0,2.02,0.01,25.08,0.3,0.01,0,0.0001,,0,,0,0,0,0.24,0.02,0,1.46
11,40,11040,0,0,0,0.01,0,0.99,0,2.58,0.03,0,0,0,,0,,0,0,0,0,0,0,0.06
11,41,11041,0,0.01,0,0.05,0,3.25,0.01,102.19,1.22,0.05,0,0.0003,,0,,0,0,0,0,0,0,0.12
11,42,11042,0,0.01,0,0.11,0,7.83,0.03,53.03,0.63,0.03,0,0.0001,,0,,0,0,0,0,0,0.03,5.21
11,43,11043,0,0,0,0.02,0,1.17,0.01,2.93,0.03,0,0,0,,0,,0,0,0,0,0,0,0.11
11,44,11044,0,0,0,0.04,0,3.04,0.01,263.39,3.14,0.13,0,0.0007,,0,,0,0,0,0.36,0.02,0.07,1.6
11,45,11045,0,0,0,0.01,0,0.65,0,1.11,0.01,0,0,0,,0,,0,0,0,0,0,0,0.02
11,46,11046,0,0,0,0.06,0,3.88,0.02,39.55,0.47,0.02,0,0.0001,,0,,0,0,0,0,0,0.01,1.27
12,1,12001,0,0.04,0,0.37,0,9.27,0.19,384.09,1.92,0,0,0.001,,10.15,0.09,16.72,2,161.3,0,0,0.73,0.1
12,2,12002,0,0,0,0,0,1.41,0.01,1.05,0.01,0,0,0,,0,,0,0,0,0,0,0,0.03
12,3,12003,0,0,0,0.02,0,2.29,0.01,16.47,0.08,0,0,0,,0.5,,0,0,0,0,0,0,0.08
12,4,12004,0,0,0,0.01,0,0.99,0,1,0,0,0,0,,0,,0,0,0,0,0,0,0.02
12,5,12005,0,0,0,0,0,0.36,0,1.46,0.01,0,0,0,,0,,0,0,0,0,0,0,0
12,6,12006,0,0,0,0.01,0,0.76,0,5.68,0.03,0,0,0,,0,,0,0,0,0,0,0,0.02
12,7,12007,0,0,0,0.01,0,1.92,0.01,21.33,0.11,0,0,0.0001,,0,,0,0,0,0,0,0,0.03
12,8,12008,0,0,0,0,0,0.47,0,1.93,0.01,0,0,0,,0,,0,0,0,0,0,0,0.01
12,9,12009,0,0,0,0,0,0.31,0,0,0,0,0,0,,0.18,,0,0,0,0,0,0,0.01
12,10,12010,0,0,0,0.01,0,1.43,0.01,2.7,0.01,0,0,0,,2.78,,0,0,0,0,0,0,0.02
12,11,12011,0,0,0,0.03,0,3.58,0.02,18.98,0.09,0,0,0.0001,,8.93,,0,0,0,0,0,0,0.06
12,12,12012,0,0,0,0.02,0,3.42,0.01,10.84,0.05,0,0,0,,1.64,,0,0,0,0,0,0,0.04
12,13,12013,0,0,0,0.01,0,0.82,0,3.87,0.02,0,0,0,,0,,0,0,0,0,0,0,0.02
12,14,12014,0,0,0,0,0,0.88,0,7.79,0.04,0,0,0,,0,,0,0,0,0,0,0,0.01
12,15,12015,0,0,0,0.01,0,0.74,0,84.32,0.42,0,0,0.0002,,0.26,,0,0,0,0.53,0.04,0.01,0.01
12,16,12016,0,0,0,0.01,0,0.81,0,1.29,0.01,0,0,0,,0,,0,0,0,0,0,0,0.02
12,17,12017,0,0,0,0.01,0,0.85,0,7.5,0.04,0,0,0,,0,,0,0,0,0.6,0.04,0,0.02
12,18,12018,0,0,0,0.01,0,0.73,0,5.74,0.03,0,0,0,,0,,0,0,0,0,0,0,0.01
12,19,12019,0,0,0,0.01,0,0.84,0,140.16,0.7,0,0,0.0004,,0,,0,0,0,0,0,0,0.01
12,20,12020,0,0,0,0.01,0,1.06,0,2.11,0.01,0,0,0,,0,,0,0,0,0,0,0,0.01
12,21,12021,0,0,0,0.03,0,5.19,0.02,15,0.07,0,0,0,,13.91,,0,0,0,0,0,0.01,0.08
12,22,12022,0,0,0,0.02,0,2.57,0.01,12.48,0.06,0,0,0,,1.68,,0,0,0,0,0,0.06,0.09
12,23,12023,0,0,0,0.01,0,1.44,0.01,13.36,0.07,0,0,0,,0,,0,0,0,0,0,0,0.02
12,24,12024,0,0,0,0,0,0.42,0,0.59,0,0,0,0,,0,,0,0,0,0,0,0,0.01
12,25,12025,0,0,0,0.01,0,0.89,0,1.76,0.01,0,0,0,,0,,0,0,0,0,0,0,0.03
12,26,12026,0,0,0,0,0,0.54,0,1.46,0.01,0,0,0,,0,,0,0,0,0,0,0,0.01
12,27,12027,0,0,0,0.01,0,1.27,0.01,6.68,0.03,0,0,0,,0,,0,0,0,0,0,0,0.04
12,28,12028,0,0,0,0.05,0,6.43,0.03,88.66,0.44,0,0,0.0002,,0.31,,0,0,0,0,0,0.01,0.06
12,29,12029,0,0.01,0,0.1,0,13.11,0.06,105.12,0.52,0,0,0.0003,,79.94,,0,0,0,0,0,0.25,0.04
12,30,12030,0,0,0,0.01,0,1.14,0,5.04,0.03,0,0,0,,0,,0,0,0,0,0,0,0.02
12,31,12031,0,0,0,0,0,0.39,0,1.05,0.01,0,0,0,,0,,0,0,0,0,0,0,0.01
12,32,12032,0,0,0,0.01,0,2.11,0.01,4.51,0.02,0,0,0,,2.76,,0,0,0,0,0,0,0.06
12,33,12033,0,0,0,0.01,0,0.84,0,4.1,0.02,0,0,0,,0.53,,0,0,0,0,0,0,0.01
12,34,12034,0,0,0,0.02,0,2.14,0.01,42.72,0.21,0,0,0.0001,,3.24,,0,0,0,0,0,0.01,0.04
12,35,12035,0,0.01,0,0.06,0,7.86,0.03,127.27,0.64,0,0,0.0003,,0,,0,0,0,0.33,0.02,0.02,0.03
12,36,12036,0,0,0,0,0,0.63,0,2.29,0.01,0,0,0,,0,,0,0,0,0,0,0,0.02
12,37,12037,0,0,0,0,0,0.37,0,8.91,0.04,0,0,0,,0,,0,0,0,0,0,0,0.01
12,38,12038,0,0.01,0,0.06,0,6.4,0.03,59.18,0.3,0,0,0.0002,,0,,7.74,0.96,0,0,0,0.03,0.03
12,39,12039,0,0,0,0.01,0,1.4,0.01,16.76,0.08,0,0,0,,3.73,,0,0,0,0,0,0.01,0.02
12,40,12040,0,0,0,0.01,0,1.41,0.01,163.54,0.82,0,0,0.0004,,0.88,,0,0,0,0,0,0,0.04
12,41,12041,0,0,0,0.01,0,1.63,0.01,0.35,0,0,0,0,,4.13,,0,0,0,0,0,0,0.02
12,42,12042,0,0,0,0.01,0,0.93,0,1.88,0.01,0,0,0,,0.47,,0,0,0,0,0,0,0.02
12,43,12043,0,0,0,0.01,0,1.06,0,0.23,0,0,0,0,,0.45,,0,0,0,0,0,0,0.02
12,44,12044,0,0,0,0.01,0,0.66,0,2.11,0.01,0,0,0,,6.95,,0,0,0,0,0,0,0.01
12,45,12045,0,0,0,0.01,0,1.37,0.01,8.79,0.04,0,0,0,,0,,0,0,0,0,0,0,0.02
12,46,12046,0,0,0,0.02,0,3.38,0.01,43.6,0.22,0,0,0.0001,,0,,0,0,0,0,0,0,0.05
12,47,12047,0,0,0,0,0,0.43,0,0.41,0,0,0,0,,0,,0,0,0,0,0,0,0.01
12,48,12048,0,0,0,0.02,0,2.72,0.01,22.68,0.11,0,0,0.0001,,0.94,,0,0,0.04,0,0,0.01,0.04
12,49,12049,0,0,0,0.01,0,0.68,0,12.07,0.06,0,0,0,,0,,0,0,0,0,0,0.01,0.01
12,50,12050,0,0,0,0,0,2.23,0.01,63.34,0.32,0,0,0.0002,,0.03,,0,0,0,0,0,0,0.01
12,51,12051,0,0,0,0.01,0,2.04,0.01,3.75,0.02,0,0,0,,1.01,,0,0,0,0,0,0,0.04
12,52,12052,0,0,0,0.02,0,2.56,0.01,9.08,0.05,0,0,0,,1.67,,0,0,0,0,0,0,0.08
12,53,12053,0,0,0,0.02,0,2.75,0.01,17.7,0.09,0,0,0,,0,,0,0,0,0,0,0,0.09
12,54,12054,0,0,0,0.01,0,1.65,0.01,3.4,0.02,0,0,0,,3.55,,0,0,0,0,0,0,0.05
12,55,12055,0,0.01,0,0.05,0,6.05,0.03,411.75,2.06,0,0,0.0011,,0,,0,0,0,0,0,0.42,0.03
12,56,12056,0,0,0,0.02,0,2.61,0.01,5.22,0.03,0,0,0,,3.38,,0,0,0,0,0,0,0.03
12,57,12057,0,0,0,0.03,0,3.54,0.02,74.71,0.37,0,0,0.0002,,12.83,,0,0,0,0,0,0,0.05
12,58,12058,0,0,0,0,0,3.16,0.01,20.8,0.1,0,0,0.0001,,0,,0,0,0,0,0,0,0.04
12,59,12059,0,0,0,0.02,0,1.77,0.01,36.45,0.18,0,0,0.0001,,0,,0,0,0,0,0,0.01,0.03
12,60,12060,0,0,0,0,0,0.78,0,7.79,0.04,0,0,0,,2.56,,0,0,0,0,0,0,0.01
12,61,12061,0,0,0,0,0,2.28,0.01,17.4,0.09,0,0,0,,0.73,,0,0,0,0,0,0.04,0.01
12,62,12062,0,0,0,0.01,0,1.1,0,21.09,0.11,0,0,0.0001,,0.16,,0,0,0,0,0,0,0.03
12,63,12063,0,0,0,0,0,0.53,0,0.7,0,0,0,0,,0,,0,0,0,0,0,0,0.01
12,64,12064,0,0,0,0.01,0,0.69,0,8.79,0.04,0,0,0,,0,,0,0,0,0,0,0,0.02
12,65,12065,0,0,0,0,0,0.4,0,0.88,0,0,0,0,,0,,0,0,0,0,0,0,0.01
12,66,12066,0,0,0,0.03,0,4.02,0.02,20.92,0.1,0,0,0.0001,,3.18,,0,0,0,0,0,0.01,0.02
12,67,12067,0,0,0,0.01,0,1.28,0.01,12.89,0.06,0,0,0,,0,,0,0,0,0,0,0,0.02
12,68,12068,0,0,0,0.01,0,1.54,0.01,3.4,0.02,0,0,0,,0.14,,0,0,0,0,0,0,0.03
12,69,12069,0,0,0,0,0,0.77,0,0.29,0,0,0,0,,0,,0,0,0,0,0,0,0.01
12,70,12070,0,0,0,0,0,0.43,0,1.23,0.01,0,0,0,,0,,0,0,0,0,0,0,0
12,71,12071,0,0,0,0.01,0,1.54,0.01,22.5,0.11,0,0,0.0001,,0,,0,0,0,0,0,0,0.03
12,72,12072,0,0,0,0,0,0.59,0,0.29,0,0,0,0,,0,,0,0,0,0,0,0,0.01
12,73,12073,0,0,0,0.01,0,1.23,0.01,4.63,0.02,0,0,0,,0,,0,0,0,0,0,0,0.06
12,74,12074,0,0,0,0.01,0,1.21,0.01,9.38,0.05,0,0,0,,0,,0,0,0,0,0,0,0.02
12,75,12075,0,0,0,0.02,0,2.47,0.01,95.69,0.48,0,0,0.0003,,2.1,,0,0,0,0,0,0.25,0.03
12,76,12076,0,0,0,0.01,0,1.75,0.01,0.23,0,0,0,0,,0,,0,0,0,0,0,0,0.02
12,77,12077,0,0,0,0.01,0,0.72,0,5.51,0.03,0,0,0,,0,,0,0,0,0,0,0,0
12,78,12078,0,0,0,0.01,0,0.95,0,0,0,0,0,0,,0,,0,0,0,0,0,0,0
12,79,12079,0,0,0,0,0,0.88,0,0.76,0,0,0,0,,0,,0,0,0,0,0,0,0
12,80,12080,0,0,0,0,0,0.38,0,0,0,0,0,0,,0,,0,0,0,0,0,0,0
12,81,12081,0,0,0,0,0,0.61,0,0,0,0,0,0,,0,,0,0,0,0,0,0,0
13,1,13001,0,0,0,0.02,0,1.1,0,8.32,0.24,0,0,0,,0.34,,0,0,0,0,0,0,0.43
13,2,13002,0,0,0,0.03,0,2.13,0.01,14.47,0.42,0,0,0,,0.57,,0,0,0,0,0,0,0.1
13,3,13003,0,0.01,0,0.06,0,2.97,0.01,129.03,3.73,0.04,0.01,0.0003,,0,,0,0,0,0,0,0,0.45
13,4,13004,0,0,0,0.01,0,0.52,0,3.28,0.09,0,0,0,,0.03,,0,0,0,0,0,0.03,0.17
13,5,13005,0,0,0,0.02,0,0.99,0,77.87,2.25,0.02,0,0.0002,,0,,0,0,0,0.55,0.04,0,1
13,6,13006,0,0,0,0.02,0,1.03,0,5.86,0.17,0,0,0,,0,,0,0,0,0,0,0,1.04
13,7,13007,0,0,0,0.01,0,0.65,0,8.79,0.25,0,0,0,,0.61,,0,0,0,0.2,0.01,0,1.68
13,8,13008,0,0.01,0,0.05,0,2.4,0.01,58.24,1.68,0.02,0,0.0002,,0,,0,0,0,0.52,0.04,0,3.38
13,9,13009,0,0,0,0,0,0.92,0,4.1,0.12,0,0,0,,0.02,,0,0,0,0,0,0,0.21
13,10,13010,0,0,0,0.03,0,0.62,0.01,516.05,14.92,0.16,0.03,0.0014,,0,,0,0,0,0.15,0.01,0,0.24
13,11,13011,0,0,0,0.02,0,1.15,0,3.28,0.09,0,0,0,,0,,0,0,0,0,0,0,0.01
13,12,13012,0,0,0,0.03,0,1.46,0.01,12.07,0.35,0,0,0,,0.02,,0,0,0,0,0,0,0.78
13,13,13013,0,0,0,0.03,0,1.06,0.01,59.24,1.71,0.02,0,0.0002,,0,,0,0,0,0.2,0.01,0.1,0.28
13,14,13014,0,0,0,0.02,0,0.97,0,2.93,0.08,0,0,0,,0.06,,0,0,0,0,0,0,0
13,15,13015,0,0,0,0.02,0,0.97,0,2.29,0.07,0,0,0,,0.09,,0,0,0,0,0,0,0.19
13,16,13016,0,0,0,0.05,0,2.83,0.01,61.47,1.78,0.02,0,0.0002,,0.14,,0,0,0,0.54,0.04,0,1.41
13,17,13017,0,0,0,0,0,0.7,0,10.14,0.29,0,0,0,,0,,0,0,0,0.29,0.02,0,0.35
13,18,13018,0,0,0,0.02,0,1.26,0.01,3.52,0.1,0,0,0,,0,,0,0,0,0,0,0,0
13,19,13019,0,0,0,0.02,0,0.94,0,0.88,0.03,0,0,0,,0,,0,0,0,0,0,0,0.62
13,20,13020,0,0,0,0,0,0.15,0,0.12,0,0,0,0,,0,,0,0,0,0,0,0,0.07
13,21,13021,0,0,0,0.01,0,0.75,0,24.43,0.71,0.01,0,0.0001,,0,,0,0,0,0.45,0.03,0,0.39
13,22,13022,0,0,0,0.01,0,1.06,0,7.62,0.22,0,0,0,,0.35,,0,0,0,0,0,0,1.27
13,23,13023,0,0,0,0.03,0,1.8,0.01,9.73,0.28,0,0,0,,0,,0,0,0,0,0,0,0.87
13,24,13024,0,0,0,0.02,0,0.93,0,0.94,0.03,0,0,0,,0.03,,0,0,0,0,0,0,0.74
13,25,13025,0,0,0,0.02,0,1.38,0.01,8.44,0.24,0,0,0,,0,,0,0,0,0,0,0,0.06
13,26,13026,0,0,0,0.01,0,0.73,0,0.06,0,0,0,0,,0,,0,0,0,0,0,0,0
13,27,13027,0,0,0,0.02,0,1.4,0.01,2.99,0.09,0,0,0,,0,,0,0,0,0,0,0,0
13,28,13028,0,0.02,0,0.11,0,7.08,0.03,53.09,1.53,0.02,0,0.0001,,0,,0,0,0,0,0,0.05,0.14
13,29,13029,0,0.01,0,0.05,0,2.43,0.01,90.76,2.62,0.03,0.01,0.0002,,0,,0,0,0,0.81,0.06,0.31,1.3
13,30,13030,0,0.01,0,0.08,0,4.52,0.02,36.09,1.04,0.01,0,0.0001,,0,,0,0,0,0,0,0,1.47
13,31,13031,0,0,0,0.02,0,0.74,0,2.93,0.08,0,0,0,,0,,0,0,0,0,0,0,0.15
13,32,13032,0,0,0,0.01,0,0.63,0,18.11,0.52,0.01,0,0,,0,,0,0,0,0,0,0,0
13,33,13033,0,0,0,0,0,0.17,0,0.12,0,0,0,0,,0.1,,0,0,0,0,0,0,0
13,34,13034,0,0,0,0.01,0,0.58,0,0.12,0,0,0,0,,0.57,,0,0,0,0,0,0.29,0
13,35,13035,0,0,0,0.01,0,0.57,0,6.74,0.19,0,0,0,,0.02,,0,0,0,0.29,0.02,0.02,0.8
13,36,13036,0,0,0,0.01,0,0.52,0,1.52,0.04,0,0,0,,0.01,,0,0,0,0,0,0,0.1
13,37,13037,0,0,0,0.03,0,1.23,0.01,2.29,0.07,0,0,0,,0,,0,0,0,0,0,0,0.78
13,38,13038,0,0,0,0.01,0,0.41,0,0.12,0,0,0,0,,0,,0,0,0,0,0,0,0.09
13,39,13039,0,0,0,0.01,0,0.28,0,5.16,0.15,0,0,0,,0.15,,0,0,0,0,0,0.03,0.03
13,40,13040,0,0,0,0.01,0,0.62,0,0.59,0.02,0,0,0,,0,,0,0,0,0,0,0,0
13,41,13041,0,0.01,0,0.04,0,2.31,0.01,32.29,0.93,0.01,0,0.0001,,0,,0,0,0,0,0,0.05,1.28
13,42,13042,0,0,0,0.01,0,0.64,0,2.11,0.06,0,0,0,,0,,0,0,0,0,0,0,0
13,43,13043,0,0,0,0.01,0,0.38,0,0.64,0.02,0,0,0,,0,,0,0,0,0,0,0,0.01
13,44,13044,0,0,0,0.02,0,0.92,0,4.28,0.12,0,0,0,,0,,0,0,0,1.23,0.08,0,0.7
13,45,13045,0,0,0,0.01,0,0.46,0,0.35,0.01,0,0,0,,0.06,,0,0,0,0,0,0,0.07
13,46,13046,0,0,0,0.04,0,2.35,0.01,19.86,0.57,0.01,0,0.0001,,0,,0,0,0,0,0,0,0.03
13,47,13047,0,0,0,0.01,0,0.28,0,0,0,0,0,0,,0,,0,0,0,0,0,0,0.02
13,48,13048,0,0.09,0,0.34,0,0.63,0.07,327.73,9.47,0.1,0.02,0.0009,,0.25,0.15,0,0,0,0.34,0.02,1.16,0.52
13,49,13049,0,0,0,0.02,0,1.05,0,2.52,0.07,0,0,0,,0.01,,0,0,0,0,0,0,0.02
13,50,13050,0,0.01,0,0.02,0,1.2,0.01,23.97,0.69,0.01,0,0.0001,,0,,0,0,0,0,0,0.15,0.51
13,51,13051,0,0.01,0,0.09,0,1.12,0.02,221.32,6.4,0.07,0.01,0.0006,,0.21,,0,0,0,0.3,0.02,0.19,0.48
13,52,13052,0,0,0,0.03,0,2.11,0.01,18.4,0.53,0.01,0,0,,2.21,,0,0,0,0.58,0.04,0,0.81
13,53,13053,0,0,0,0,0,1.09,0,1.93,0.06,0,0,0,,0.19,,0,0,0,0,0,0,0
13,54,13054,0,0,0,0.03,0,1.75,0.01,3.16,0.09,0,0,0,,0,,0,0,0,0,0,0,0.77
13,55,13055,0,0,0,0.02,0,0.86,0,6.33,0.18,0,0,0,,0,,0,0,0,0,0,0,0.3
13,56,13056,0,0,0,0.03,0,0.99,0.01,48.75,1.41,0.01,0,0.0001,,0.96,,0,0,0,0.31,0.02,0,0.12
13,57,13057,0,0,0,0.02,0,0.8,0,13.89,0.4,0,0,0,,1.07,,0,0,0,0.66,0.05,0,1.71
13,58,13058,0,0,0,0.02,0,0.94,0,1.35,0.04,0,0,0,,0,,0,0,0,0,0,0,0.57
13,59,13059,0,0,0,0.04,0,1.93,0.01,7.5,0.22,0,0,0,,0,,0,0,0,0.48,0.03,0,1.4
13,60,13060,0,0,0,0.02,0,0.97,0,1.7,0.05,0,0,0,,0,,0,0,0,0,0,0,0.08
13,61,13061,0,0.01,0,0.01,0,3.05,0.01,143.97,4.16,0.04,0.01,0.0004,,0.02,,0,0,0,0.55,0.04,0,1.18
13,62,13062,0,0,0,0.03,0,1.67,0.01,0,0,0,0,0,,0,,0,0,0,0,0,0,0
13,63,13063,0,0.01,0,0.08,0,4.27,0.02,803.4,23.22,0.25,0.05,0.0022,,0,,0,0,0,0.32,0.02,0,0.96
13,64,13064,0,0,0,0.01,0,0.54,0,1.82,0.05,0,0,0,,0,,0,0,0,0.54,0.04,0,0.34
13,65,13065,0,0,0,0.01,0,0.59,0,4.04,0.12,0,0,0,,0,,0,0,0,0,0,0,0.21
13,66,13066,0,0,0,0.01,0,0.66,0,30.88,0.89,0.01,0,0.0001,,0,,0,0,0,0.34,0.02,0.01,0.5
13,67,13067,0,0.01,0,0.05,0,2.56,0.01,17.11,0.49,0.01,0,0,,0.29,,0,0,0,0,0,0,1.13
13,68,13068,0,0,0,0.02,0,0.82,0,0.47,0.01,0,0,0,,0.06,,0,0,0,0,0,0,0
13,69,13069,0,0.02,0,0.06,0,1.17,0.01,535.68,15.48,0.16,0.03,0.0014,,0,,0,0,0,0.55,0.04,0,0
13,70,13070,0,0,0,0.02,0,0.43,0,12.72,0.37,0,0,0,,0,,0,0,0,0,0,0,0.3
13,71,13071,0,0,0,0,0,0.57,0,0.12,0,0,0,0,,0,,0,0,0,0,0,0,0.03
13,72,13072,0,0,0,0.01,0,0.53,0,8.67,0.25,0,0,0,,0,,0,0,0,0.33,0.02,0,0.55
13,73,13073,0,0,0,0.03,0,2.06,0.01,3.63,0.11,0,0,0,,0,,0,0,0,0,0,0,0
13,74,13074,0,0.01,0,0.03,0,0.12,0.01,38.32,1.11,0.01,0,0.0001,,0,,0,0,0,0.3,0.02,0,0.55
13,75,13075,0,0,0,0,0,0.72,0,28.77,0.83,0.01,0,0.0001,,2.32,,0,0,0,0,0,0,0.7
13,76,13076,0,0.03,0,0.11,0,2.92,0.02,154.69,4.47,0.05,0.01,0.0004,,0,,0,0,0,1.27,0.09,0.15,1.28
13,77,13077,0,0.04,0,0.15,0,1.58,0.03,257.76,7.45,0.08,0.02,0.0007,,0.98,,0,0,0,0.55,0.04,0.08,0.58
13,78,13078,0,0,0,0.02,0,1.11,0,0.88,0.03,0,0,0,,0,,0,0,0,0,0,0,0.02
13,79,13079,0,0,0,0.01,0,0.43,0,0.18,0.01,0,0,0,,0,,0,0,0,0,0,0.07,0
13,80,13080,0,0,0,0.02,0,1.36,0.01,0.94,0.03,0,0,0,,0,,0,0,0,0,0,0,0.01
13,81,13081,0,0,0,0.03,0,1.59,0.01,75.24,2.17,0.02,0,0.0002,,0.26,,0,0,0,0,0,0,0
13,82,13082,0,0,0,0.02,0,0.01,0,53.2,1.54,0.02,0,0.0001,,0.07,,0,0,0,0,0,0,0.95
13,83,13083,0,0,0,0.03,0,2.23,0.01,13.36,0.39,0,0,0,,0.11,,0,0,0,0.87,0.06,0.04,2.37
13,84,13084,0,0.01,0,0.04,0,2.11,0.01,21.09,0.61,0.01,0,0.0001,,0.09,,0,0,0,0,0,0.2,0.22
14,1,14001,0,0,0,0,0,1.13,0,47.17,0.02,0.02,0,0.0001,,0,,0,0,0,0,0,0,1.19
14,2,14002,0,0,0,0.03,0,1.38,0.01,38.73,0.01,0.02,0,0.0001,,0,,0,0,0,0.56,0.04,0.01,0.35
14,3,14003,0,0,0,0.03,0,1.31,0.01,20.92,0.01,0.01,0,0.0001,,0.36,,0,0,0,0.35,0.02,0,1.15
14,4,14004,0,0,0,0.01,0,0.31,0,1.99,0,0,0,0,,0,,0,0,0,0.45,0.03,0,0.31
14,5,14005,0,0,0,0.02,0,0.82,0,42.54,0.01,0.02,0,0.0001,,0.74,,0,0,0,0.24,0.02,0,0.71
14,6,14006,0,0,0,0.08,0,3.31,0.01,59.53,0.02,0.03,0,0.0002,,0.16,,0,0,0,0,0,0,2.05
14,7,14007,0,0,0,0.01,0,0.51,0,4.45,0,0,0,0,,0.16,,0,0,0,0.29,0.02,0,0.61
14,8,14008,0,0,0,0.11,0,4.91,0.02,223.95,0.07,0.11,0,0.0006,,0,,0,0,0,0,0,0,2.64
14,9,14009,0,0,0,0,0,0.92,0,22.97,0.01,0.01,0,0.0001,,1.14,,0,0,0,0.7,0.05,0,0.58
14,10,14010,0,0,0,0.01,0,0.38,0,4.45,0,0,0,0,,0.42,,0,0,0,0,0,0,0.31
14,11,14011,0,0,0,0.01,0,0.3,0,1.76,0,0,0,0,,1.36,,0,0,0,0,0,0,1.17
14,12,14012,0,0,0,0.01,0,0.25,0,0.47,0,0,0,0,,2.55,,0,0,0,0,0,0,0.55
14,13,14013,0,0,0,0.07,0,3.19,0.01,86.19,0.03,0.04,0,0.0002,,0,,0,0,0,0,0,0,2.83
14,14,14014,0,0,0,0.01,0,0.48,0,11.02,0,0.01,0,0,,9.84,,0,0,0,0,0,0,0.6
14,15,14015,0,0,0,0.01,0,3.26,0.01,83.5,0.03,0.04,0,0.0002,,1,,0,0,0,0,0,0.01,1.38
14,16,14016,0,0,0,0.05,0,2.15,0.01,87.19,0.03,0.04,0,0.0002,,0,,0,0,0,0,0,0,2.04
14,17,14017,0,0,0,0,0,0.75,0,9.2,0,0,0,0,,0.25,,0,0,0,0,0,0,1.22
14,18,14018,0,0,0,0.08,0,3.67,0.02,68.09,0.02,0.03,0,0.0002,,0,,0,0,0,0.5,0.03,0.01,4.23
14,19,14019,0,0,0,0.01,0,0.31,0,0.47,0,0,0,0,,5.38,,0,0,0,0,0,0,0.14
14,20,14020,0,0,0,0.01,0,0.55,0,26.37,0.01,0.01,0,0.0001,,0.96,,0,0,0,0,0,0,3.82
14,21,14021,0,0,0,0.03,0,1.16,0,51.33,0.02,0.03,0,0.0001,,2.99,,0,0,0,0,0,0,2.7
14,22,14022,0,0,0,0.05,0,1.85,0.01,11.19,0,0.01,0,0,,0,,0,0,0,0,0,0.01,1.44
14,23,14023,0,0.01,0,0.14,0,5.88,0.03,144.26,0.05,0.07,0,0.0004,,3.43,,0,0,0,0,0,0.08,1.43
14,24,14024,0,0,0,0.04,0,1.54,0.01,28.07,0.01,0.01,0,0.0001,,0.15,,0,0,0,0,0,0,1.13
14,25,14025,0,0,0,0.02,0,1,0,12.66,0,0.01,0,0,,0.19,,0,0,0,0,0,0,0.38
14,26,14026,0,0,0,0.01,0,0.32,0,6.27,0,0,0,0,,12.35,,0,0,0,0,0,0,0.48
14,27,14027,0,0,0,0.02,0,1,0,1.35,0,0,0,0,,1.98,,0,0,0,0,0,0,3.75
14,28,14028,0,0,0,0,0,0.12,0,1.52,0,0,0,0,,0.52,,0,0,0,0,0,0,0.21
14,29,14029,0,0,0,0.02,0,0.99,0,1.7,0,0,0,0,,0,,0,0,0,0,0,0,2.22
14,30,14030,0,0,0,0.06,0,2.65,0.01,38.5,0.01,0.02,0,0.0001,,0,,0,0,0,0,0,0,0.36
14,31,14031,0,0,0,0,0,0.21,0,1.05,0,0,0,0,,0.65,,0,0,0,0,0,0,0.16
14,32,14032,0,0,0,0.01,0,0.31,0,4.45,0,0,0,0,,0.77,,0,0,0,0,0,0,0.45
14,33,14033,0,0,0,0.03,0,1.17,0.01,37.33,0.01,0.02,0,0.0001,,0,,0,0,0,0,0,0.2,0.93
14,34,14034,0,0,0,0,0,0.12,0,0.76,0,0,0,0,,1.84,,0,0,0,0,0,0,0.27
14,35,14035,0,0,0,0.06,0,2.9,0.01,55.14,0.02,0.03,0,0.0001,,0,,0,0,0,1.26,0.09,0.05,2.95
14,36,14036,0,0,0,0.03,0,1.07,0,23.32,0.01,0.01,0,0.0001,,0,,0,0,0,0.12,0.01,0,0.74
14,37,14037,0,0,0,0.03,0,1.34,0.01,23.09,0.01,0.01,0,0.0001,,0.15,,0,0,0,0,0,0.02,0.59
14,38,14038,0,0,0,0.01,0,0.25,0,1,0,0,0,0,,5.87,,0,0,0,0,0,0,0.53
14,39,14039,0,0.19,0.02,2.28,0.05,0.01,0.42,6677.97,2.17,3.32,0.09,0.018,,0,0.63,88.84,7.71,0,0.27,0.02,3.2,0
14,40,14040,0,0,0,0.01,0,0.5,0,1,0,0,0,0,,0,,0,0,0,0.81,0.06,0,0.31
14,41,14041,0,0,0,0.01,0,0.32,0,9.55,0,0,0,0,,0,,0,0,0,0,0,0,0.15
14,42,14042,0,0,0,0.01,0,0.48,0,3.11,0,0,0,0,,0.32,,0,0,0,0,0,0,0.29
14,43,14043,0,0,0,0.03,0,1.23,0.01,8.14,0,0,0,0,,2.15,,0,0,0,0,0,0.05,3.79
14,44,14044,0,0,0,0.03,0,1.23,0.01,155.34,0.05,0.08,0,0.0004,,0.1,,0,0,0,0.38,0.03,0.02,0.84
14,45,14045,0,0,0,0.03,0,1.11,0,13.59,0,0.01,0,0,,0,,0,0,0,0,0,0.01,1.85
14,46,14046,0,0,0,0.04,0,1.74,0.01,59.59,0.02,0.03,0,0.0002,,0,,0,0,0,0,0,0,0.64
14,47,14047,0,0,0,0.03,0,1.3,0.01,27.77,0.01,0.01,0,0.0001,,0,,0,0,0,0,0,0,1.48
14,48,14048,0,0,0,0.02,0,1.09,0,34.69,0.01,0.02,0,0.0001,,0,,0,0,0,0,0,0.01,2
14,49,14049,0,0,0,0.01,0,0.52,0,1.11,0,0,0,0,,9.08,,0,0,0,0,0,0,2.15
14,50,14050,0,0,0,0.05,0,2.32,0.01,25.25,0.01,0.01,0,0.0001,,0,,0,0,0,0,0,0,1.12
14,51,14051,0,0,0,0.02,0,0.44,0,6.27,0,0,0,0,,0.45,,0,0,0,0,0,0,0.33
14,52,14052,0,0,0,0.01,0,0.32,0,4.39,0,0,0,0,,0,,0,0,0,0,0,0,0.59
14,53,14053,0,0.01,0,0.02,0,8.57,0.04,501.4,0.16,0.25,0.01,0.0013,,0,,0,0,0,0.32,0.02,0.05,5.37
14,54,14054,0,0,0,0,0,0.33,0,1.23,0,0,0,0,,0,,0,0,0,0,0,0,0.38
14,55,14055,0,0,0,0.03,0,1.16,0,19.63,0.01,0.01,0,0.0001,,0.65,,0,0,0,0.6,0.04,0,0.52
14,56,14056,0,0,0,0,0,0.16,0,0,0,0,0,0,,0,,0,0,0,0,0,0,0.57
14,57,14057,0,0,0,0.01,0,0.22,0,2.7,0,0,0,0,,0.48,,0,0,0,0,0,0,0.22
14,58,14058,0,0,0,0.02,0,0.8,0,12.36,0,0.01,0,0,,0.72,,0,0,0,0,0,0,0.92
14,59,14059,0,0,0,0,0,0.71,0,6.15,0,0,0,0,,5.29,,0,0,0,0,0,0,0.34
14,60,14060,0,0,0,0.01,0,0.37,0,2.4,0,0,0,0,,0.34,,0,0,0,0,0,0,0.34
14,61,14061,0,0,0,0.02,0,0.96,0,2.52,0,0,0,0,,7.01,,0,0,0,0,0,0,0.34
14,62,14062,0,0,0,0.01,0,0.2,0,1.88,0,0,0,0,,8.82,,0,0,0,0,0,0,0.41
14,63,14063,0,0.01,0,0.13,0,0.97,0.02,314.48,0.1,0.16,0,0.0008,,0,,0,0,0,0.97,0.07,0.05,1.41
14,64,14064,0,0,0,0.03,0,1.72,0.01,12.83,0,0.01,0,0,,0,,0,0,0,0,0,0,1.86
14,65,14065,0,0,0,0.02,0,0.71,0,6.45,0,0,0,0,,0.05,,0,0,0,0,0,0,1.37
14,66,14066,0,0,0,0.05,0,2.01,0.01,198.93,0.06,0.1,0,0.0005,,5.56,,0,0,0,0.92,0.06,0.01,1.35
14,67,14067,0,0.03,0,0.03,0.01,0.87,0.06,115.9,0.04,0.06,0,0.0003,,0.02,,36.58,4.71,198.67,0,0,0.12,3.82
14,68,14068,0,0,0,0.02,0,0.67,0,2.17,0,0,0,0,,2.91,,0,0,0,0,0,0,7.07
14,69,14069,0,0,0,0,0,0.52,0,0.76,0,0,0,0,,5.27,,0,0,0,0,0,0,1.42
14,70,14070,0,0,0,0.14,0,0.7,0.03,1265.43,0.41,0.63,0.02,0.0034,,0,,0,0,0,0.31,0.02,0.01,0.2
14,71,14071,0,0,0,0,0,0.2,0,0.29,0,0,0,0,,0,,0,0,0,0,0,0,0.4
14,72,14072,0,0,0,0.01,0,0.38,0,6.91,0,0,0,0,,0,,0,0,0,0,0,0,0.44
14,73,14073,0,0,0,0.07,0,3.49,0.02,41.54,0.01,0.02,0,0.0001,,0,,0,0,0,0,0,0.01,2.23
14,74,14074,0,0,0,0,0,0.79,0,23.85,0.01,0.01,0,0.0001,,0,,0,0,0,0,0,0,0.25
14,75,14075,0,0,0,0.01,0,0.22,0,2.58,0,0,0,0,,4.59,,0,0,0,0,0,0,0.31
14,76,14076,0,0,0,0,0,0.2,0,0.41,0,0,0,0,,19.99,,0,0,0,0,0,0.49,0.12
14,77,14077,0,0,0,0.04,0,1.48,0.01,22.5,0.01,0.01,0,0.0001,,0,,0,0,0,0,0,0,2.33
14,78,14078,0,0,0,0.04,0,1.65,0.01,135.82,0.04,0.07,0,0.0004,,0,,0,0,0,0,0,0,0.76
14,79,14079,0,0,0,0,0,0.78,0,26.78,0.01,0.01,0,0.0001,,4.24,,0,0,0,0.41,0.03,0.13,0.55
14,80,14080,0,0,0,0.01,0,0.34,0,0.64,0,0,0,0,,0,,0,0,0,0,0,0.03,0.55
14,81,14081,0,0,0,0.01,0,0.23,0,0.35,0,0,0,0,,0.05,,0,0,0,0,0,0,0.14
14,82,14082,0,0,0,0.05,0,2.13,0.01,44.71,0.01,0.02,0,0.0001,,7.59,,0,0,0,0.32,0.02,0,0.65
14,83,14083,0,0,0,0.08,0,3.44,0.01,58.01,0.02,0.03,0,0.0002,,64.52,,0,0,0,0.76,0.05,0.07,1.51
14,84,14084,0,0,0,0.02,0,0.83,0,10.84,0,0.01,0,0,,5.18,,0,0,0,0,0,0,0.88
14,85,14085,0,0,0,0.06,0,2.2,0.01,54.73,0.02,0.03,0,0.0001,,14.47,,0,0,0,0,0,0,1.66
14,86,14086,0,0,0,0,0,0.98,0,16.93,0.01,0.01,0,0,,0,,0,0,0,0,0,0,0.57
14,87,14087,0,0,0,0.02,0,0.98,0,15.65,0.01,0.01,0,0,,6,,0,0,0,0,0,0,1.05
14,88,14088,0,0,0,0.02,0,0.92,0,20.57,0.01,0.01,0,0.0001,,3.38,,0,0,0,0,0,0.73,1.02
14,89,14089,0,0,0,0,0,0.19,0,0.76,0,0,0,0,,0,,0,0,0,0.36,0.03,0,0.17
14,90,14090,0,0,0,0.01,0,0.43,0,5.1,0,0,0,0,,0,,0,0,0,0,0,0,0.95
14,91,14091,0,0,0,0.05,0,2.26,0.01,23.2,0.01,0.01,0,0.0001,,0,,0,0,0,0,0,0,1.98
14,92,14092,0,0,0,0.02,0,0.63,0,4.98,0,0,0,0,,0,,0,0,0,0,0,0,1.2
14,93,14093,0,0.01,0,0.17,0,7.75,0.03,243.82,0.08,0.12,0,0.0007,,0.61,,0,0,0,0,0,0.07,3.58
14,94,14094,0,0,0,0,0,2.36,0.01,60.47,0.02,0.03,0,0.0002,,1.73,,0,0,0,0.78,0.05,0,0.96
14,95,14095,0,0,0,0,0,0.47,0,1.7,0,0,0,0,,0.04,,0,0,0,0.31,0.02,0,0.47
14,96,14096,0,0,0,0,0,1.17,0.01,10.2,0,0.01,0,0,,0,,0,0,0,0,0,0,0.44
14,97,14097,0,0.01,0,0.3,0.01,3.36,0.06,1514.46,0.49,0.75,0.02,0.0041,,1.34,,0,0,0,0.89,0.06,0,1.78
14,98,14098,0,0.03,0,0.74,0.02,0.39,0.15,1139.1,0.37,0.57,0.02,0.0031,,0,,0,0,0,0.41,0.03,0.34,0.52
14,99,14099,0,0,0,0.01,0,0.54,0,3.16,0,0,0,0,,0.04,,0,0,0,0,0,0,0.7
14,100,14100,0,0,0,0.05,0,1.95,0.01,8.44,0,0,0,0,,8.7,,0,0,0,0,0,0.01,3.02
14,101,14101,0,0.01,0,0.51,0.01,2.09,0.11,516.58,0.17,0.26,0.01,0.0014,,0,,0,0,0,0,0,0.02,0.22
14,102,14102,0,0,0,0.01,0,0.34,0,14.06,0,0.01,0,0,,0.11,,0,0,0,0,0,0,0.74
14,103,14103,0,0,0,0.01,0,0.44,0,4.16,0,0,0,0,,0.73,,0,0,0,0.29,0.02,0.03,0.33
14,104,14104,0,0,0,0.01,0,0.26,0,2.17,0,0,0,0,,0.04,,0,0,0,0,0,0,0.25
14,105,14105,0,0,0,0,0,1.21,0.01,17.29,0.01,0.01,0,0,,0,,0,0,0,0,0,0,1.49
14,106,14106,0,0,0,0.01,0,0.23,0,1,0,0,0,0,,0,,0,0,0,0,0,0,0.5
14,107,14107,0,0,0,0.01,0,0.35,0,2.29,0,0,0,0,,0,,0,0,0,0,0,0,0.16
14,108,14108,0,0,0,0.04,0,1.99,0.01,54.44,0.02,0.03,0,0.0001,,0.07,,0,0,0,1.12,0.08,0.87,2.26
14,109,14109,0,0,0,0.02,0,0.95,0,28.3,0.01,0.01,0,0.0001,,0,,0,0,0,0.62,0.04,0,0.94
14,110,14110,0,0,0,0.02,0,0.8,0,8.91,0,0,0,0,,0.07,,0,0,0,0,0,0,1.12
14,111,14111,0,0,0,0.01,0,0.37,0,3.63,0,0,0,0,,0.33,,0,0,0,0,0,0,0.38
14,112,14112,0,0,0,0.01,0,0.32,0,6.5,0,0,0,0,,0,,0,0,0,0,0,0,0.24
14,113,14113,0,0,0,0.02,0,0.82,0,12.31,0,0.01,0,0,,0.27,,0,0,0,0,0,0,1.46
14,114,14114,0,0,0,0.02,0,0.93,0,13.42,0,0.01,0,0,,0,,0,0,0,0,0,0.02,0.42
14,115,14115,0,0,0,0,0,0.32,0,4.34,0,0,0,0,,0.56,,0,0,0,0,0,0,0.23
14,116,14116,0,0,0,0.02,0,1.06,0,30.7,0.01,0.02,0,0.0001,,0,,0,0,0,0,0,0,0.63
14,117,14117,0,0,0,0,0,0.24,0,0.12,0,0,0,0,,0,,0,0,0,0,0,0,0.35
14,118,14118,0,0,0,0.04,0,1.4,0.01,20.04,0.01,0.01,0,0.0001,,0,,0,0,0,0,0,0.01,1.02
14,119,14119,0,0,0,0.04,0,1.56,0.01,29.88,0.01,0.01,0,0.0001,,0.03,,0,0,0,0.78,0.05,0.74,1.01
14,120,14120,0,0.07,0.01,1.65,0.03,1.78,0.3,3723.11,1.21,1.85,0.05,0.01,,65.63,,0,0,0,0.7,0.05,1.74,1.77
14,121,14121,0,0,0,0.04,0,1.67,0.01,56.6,0.02,0.03,0,0.0002,,0.28,,0,0,0,0.51,0.04,0.94,1.29
14,122,14122,0,0,0,0.01,0,0.39,0,1.88,0,0,0,0,,0.01,,0,0,0,0,0,0,0.48
14,123,14123,0,0,0,0,0,1,0,157.56,0.05,0.08,0,0.0004,,0,,0,0,0,0,0,0,1.63
14,124,14124,0,0,0,0.08,0,3.42,0.01,108.81,0.04,0.05,0,0.0003,,0,,0,0,0,0,0,0,1.56
15,1,15001,0,0,0,0.06,0,3.48,0.01,33.58,0.09,0.01,0,0.0001,,0.69,,0,0,0,0,0,0,0
15,2,15002,0,0.01,0,0.09,0,0.88,0.02,191.96,0.51,0.06,0.01,0.0005,,0.03,,0,0,0,0.67,0.05,0.19,0
15,3,15003,0,0,0,0.05,0,2.48,0.01,21.91,0.06,0.01,0,0.0001,,0.1,,0,0,0,0,0,0.01,0
15,4,15004,0,0,0,0.02,0,0.87,0,3.87,0.01,0,0,0,,0.66,,0,0,0,0,0,0,0
15,5,15005,0.01,0.01,0,0.13,0.01,9.51,0.03,73.71,0.19,0.02,0,0.0002,,0.21,,0,0,0,0.45,0.03,0,0
15,6,15006,0,0,0,0.01,0,0.55,0,36.27,0.1,0.01,0,0.0001,,0,,0,0,0,0,0,0,0
15,7,15007,0,0,0,0.02,0,1.24,0.01,1.52,0,0,0,0,,0.6,,0,0,0,0,0,0,0
15,8,15008,0,0,0,0,0,1.65,0.01,6.09,0.02,0,0,0,,1.92,,0,0,0,0,0,0,0
15,9,15009,0,0.01,0,0.05,0,1.19,0.01,23.5,0.06,0.01,0,0.0001,,1.16,,0,0,0,0.16,0.01,0,0
15,10,15010,0,0,0,0.03,0,1.06,0.01,34.69,0.09,0.01,0,0.0001,,0,,0,0,0,0.18,0.01,0.44,0
15,11,15011,0,0,0,0.04,0,1.12,0.01,46.64,0.12,0.01,0,0.0001,,0,,0,0,0,0,0,0,0
15,12,15012,0,0,0,0,0,0.55,0,25.14,0.07,0.01,0,0.0001,,0,,0,0,0,0,0,0,0
15,13,15013,0,0.06,0,0.58,0.03,0.07,0.12,965.3,2.54,0.3,0.06,0.0026,,0.35,,0,0,0,0,0,0.09,0
15,14,15014,0,0.02,0,0.01,0,4.76,0.02,327.61,0.86,0.1,0.02,0.0009,,0.3,,0,0,0,0.32,0.02,0.02,6.99
15,15,15015,0,0,0,0.03,0,0.32,0.01,8.79,0.02,0,0,0,,0.04,,0,0,0,0.04,0,0,0
15,16,15016,0,0,0,0.03,0,0.96,0.01,14.18,0.04,0,0,0,,0.07,,0,0,0,0.76,0.05,0,0
15,17,15017,0,0,0,0,0,0.39,0,6.68,0.02,0,0,0,,0.01,,0,0,0,0.25,0.02,0,0
15,18,15018,0,0,0,0.04,0,1.27,0.01,33.58,0.09,0.01,0,0.0001,,0.09,,0,0,0,0,0,0.08,0
15,19,15019,0,0.01,0,0.03,0,1.89,0.01,71.78,0.19,0.02,0,0.0002,,0.03,,0,0,0,0,0,0,0
15,20,15020,0,0.04,0,0.37,0.02,0.01,0.08,128.85,0.34,0.04,0.01,0.0003,,0.4,,0,0,0,0,0,0,0
15,21,15021,0,0,0,0.03,0,1.95,0.01,7.09,0.02,0,0,0,,1.03,,0,0,0,0,0,0,2.01
15,22,15022,0,0,0,0.01,0,0.33,0,2.7,0.01,0,0,0,,0.01,,0,0,0,0,0,0,0
15,23,15023,0,0,0,0,0,0.39,0.01,15.88,0.04,0,0,0,,0,,0,0,0,0.22,0.02,0,0
15,24,15024,0,0.02,0,0.14,0.01,0.9,0.03,437.77,1.15,0.13,0.03,0.0012,,0,,0,0,0,0.3,0.02,0,0
15,25,15025,0,0.04,0,0.27,0.02,1.39,0.07,354.91,0.93,0.11,0.02,0.001,,0.64,,0,0,0,0.65,0.05,0.01,0
15,26,15026,0,0,0,0.02,0,1.33,0.01,22.03,0.06,0.01,0,0.0001,,0.35,,0,0,0,0,0,0,0
15,27,15027,0,0,0,0.01,0,0.06,0,2.11,0.01,0,0,0,,0,,0,0,0,0,0,0,0
15,28,15028,0,0,0,0.02,0,0.92,0.01,20.27,0.05,0.01,0,0.0001,,0,,0,0,0,0.24,0.02,0,0
15,29,15029,0,0.01,0,0.2,0.01,0.17,0.04,69.38,0.18,0.02,0,0.0002,,0.06,,0,0,0,0,0,0.5,0
15,30,15030,0,0.02,0,0.02,0,0.07,0.01,15.53,0.04,0,0,0,,0,,0,0,0,0,0,0,0
15,31,15031,0,0.06,0,0.06,0.03,0.14,0.14,209.3,0.55,0.06,0.01,0.0006,,0,,0,0,0,0.22,0.02,0.01,0
15,32,15032,0,0,0,0,0,1.81,0.01,2.4,0.01,0,0,0,,1.98,,0,0,0,0,0,0.01,0
15,33,15033,0,0.26,0.01,1.94,0.1,0.08,0.45,2935.23,7.73,0.9,0.19,0.0079,,0.3,,0,0,0,0.87,0.06,0.5,0
15,34,15034,0,0,0,0.01,0,0.23,0,2.58,0.01,0,0,0,,0.01,,0,0,0,0,0,0,0
15,35,15035,0,0,0,0.07,0,0.94,0.02,208.72,0.55,0.06,0.01,0.0006,,0,,0,0,0,0.44,0.03,0.01,0
15,36,15036,0,0,0,0.04,0,1.18,0.01,16.06,0.04,0,0,0,,0,,0,0,0,0,0,0,0
15,37,15037,0,0.03,0,0.26,0.01,2.98,0.06,71.14,0.19,0.02,0,0.0002,,0.75,,0,0,0,0.87,0.06,0.86,0
15,38,15038,0,0,0,0.01,0,0.83,0,2.17,0.01,0,0,0,,0.08,,0,0,0,0,0,0.02,0
15,39,15039,0,0.04,0,0.5,0.03,0.93,0.11,432.96,1.14,0.13,0.03,0.0012,,2.37,,0,0,0,0,0,1.24,0
15,40,15040,0,0.01,0,0.03,0,1.84,0.01,10.66,0.03,0,0,0,,0.25,,0,0,0,0,0,0,0
15,41,15041,0,0,0,0.01,0,0.39,0,0.53,0,0,0,0,,1.35,,0,0,0,0,0,0,0
15,42,15042,0,0.01,0,0.13,0.01,7.74,0.03,120,0.32,0.04,0.01,0.0003,,0.15,,0,0,0,1.2,0.08,0,0
15,43,15043,0,0,0,0.02,0,1.22,0.01,9.67,0.03,0,0,0,,0.16,,0,0,0,0,0,0.01,0
15,44,15044,0,0,0,0.03,0,1.61,0.01,10.31,0.03,0,0,0,,0,,0,0,0,0,0,0,0
15,45,15045,0,0.01,0,0.08,0,4.38,0.02,68.97,0.18,0.02,0,0.0002,,0.16,,0,0,0,0.41,0.03,0,2.51
15,46,15046,0,0,0,0,0,0.85,0,3.46,0.01,0,0,0,,0.43,,0,0,0,0,0,0.14,0
15,47,15047,0,0,0,0.06,0,3.67,0.02,6.45,0.02,0,0,0,,0.15,,0,0,0,0,0,0,0
15,48,15048,0,0,0,0.06,0,3.39,0.01,333.53,0.88,0.1,0.02,0.0009,,0.21,,0,0,0,0.15,0.01,0.03,0
15,49,15049,0,0,0,0.01,0,0.68,0,3.34,0.01,0,0,0,,0.56,,0,0,0,0,0,0,0
15,50,15050,0,0,0,0.02,0,0.09,0.01,23.5,0.06,0.01,0,0.0001,,0.03,,0,0,0,0,0,0,0
15,51,15051,0,0.01,0,0.11,0.01,4.79,0.03,897.86,2.37,0.27,0.06,0.0024,,0.49,,0,0,0,0.13,0.01,0.04,0
15,52,15052,0,0,0,0.02,0,1.41,0.01,4.63,0.01,0,0,0,,0.23,,0,0,0,0,0,0,0
15,53,15053,0,0.01,0,0.04,0,0.53,0.01,35.86,0.09,0.01,0,0.0001,,0,,0,0,0,0,0,0,0
15,54,15054,0,0.05,0,0.25,0.01,0.42,0.05,141.51,0.37,0.04,0.01,0.0004,,0,,0,0,0,0,0,0.23,0
15,55,15055,0,0,0,0.01,0,0.18,0,5.33,0.01,0,0,0,,0,,0,0,0,0,0,0,0
15,56,15056,0,0,0,0.03,0,1.62,0.01,31.58,0.08,0.01,0,0.0001,,0.33,,0,0,0,0,0,0,0
15,57,15057,0,0.21,0.01,1.04,0.05,1.95,0.22,3557.57,9.37,1.09,0.23,0.0096,,0.37,,0,0,0,0.34,0.02,3.05,0
15,58,15058,0,0.2,0.01,1.37,0.07,0.5,0.3,853.97,2.25,0.26,0.06,0.0023,,0,,0,0,0,0.73,0.05,0.08,0
15,59,15059,0,0,0,0.02,0,0.73,0.01,18.75,0.05,0.01,0,0.0001,,0,,0,0,0,0.28,0.02,0,0
15,60,15060,0,0.03,0,0.36,0.02,3,0.08,157.8,0.42,0.05,0.01,0.0004,,2.87,,0,0,0,0,0,0.03,0
15,61,15061,0,0,0,0.01,0,0.16,0,23.97,0.06,0.01,0,0.0001,,0,,0,0,0,0.42,0.03,0.01,0
15,62,15062,0.01,0.01,0,0.06,0,1.26,0.01,158.62,0.42,0.05,0.01,0.0004,,0.9,,0,0,0,0.56,0.04,0.02,0
15,63,15063,0,0,0,0.03,0,1.61,0.01,3.4,0.01,0,0,0,,0.79,,0,0,0,0,0,0,0
15,64,15064,0,0,0,0,0,1.95,0.01,10.96,0.03,0,0,0,,0,,0,0,0,0.47,0.03,0,0
15,65,15065,0,0,0,0.03,0,1.31,0.01,13.13,0.03,0,0,0,,0,,0,0,0,0.88,0.06,0.06,0
15,66,15066,0,0,0,0.01,0,0.29,0,1.58,0,0,0,0,,0,,0,0,0,0,0,0,0
15,67,15067,0,0.01,0,0.07,0,3.99,0.02,188.03,0.5,0.06,0.01,0.0005,,0.09,,0,0,0,0,0,0,0
15,68,15068,0,0,0,0.03,0,0.68,0.01,19.86,0.05,0.01,0,0.0001,,0,,0,0,0,0.17,0.01,0,0
15,69,15069,0,0,0,0,0,0.01,0,8.32,0.02,0,0,0,,0,,0,0,0,0,0,0,0
15,70,15070,0,0.04,0,0.27,0.01,0.04,0.06,603.12,1.59,0.18,0.04,0.0016,,0,,0,0,0,0.37,0.03,0.01,0
15,71,15071,0,0,0,0,0,0.75,0,22.85,0.06,0.01,0,0.0001,,0,,0,0,0,0.58,0.04,0,0
15,72,15072,0,0,0,0.01,0,0.42,0,37.79,0.1,0.01,0,0.0001,,0,,0,0,0,0,0,0.01,0
15,73,15073,0,0,0,0.01,0,0.09,0,63.28,0.17,0.02,0,0.0002,,0,,0,0,0,0,0,0.17,0
15,74,15074,0,0.01,0,0.09,0.01,6.13,0.03,10.61,0.03,0,0,0,,0.11,,0,0,0,0.26,0.02,0.01,0
15,75,15075,0,0,0,0.02,0,1.1,0.01,34.63,0.09,0.01,0,0.0001,,0.16,,0,0,0,0.25,0.02,0,0
15,76,15076,0,0.02,0,0.07,0,0.02,0.02,294.62,0.78,0.09,0.02,0.0008,,0,,0,0,0,0.08,0.01,0,0
15,77,15077,0,0,0,0.01,0,0.33,0,0.7,0,0,0,0,,2.12,,0,0,0,0,0,0,0
15,78,15078,0,0,0,0.01,0,0.54,0,1.58,0,0,0,0,,0.03,,0,0,0,0,0,0,0
15,79,15079,0,0,0,0,0,0.66,0,24.79,0.07,0.01,0,0.0001,,0.09,,0,0,0,0,0,0,0
15,80,15080,0,0,0,0.03,0,1.53,0.01,1.93,0.01,0,0,0,,3.46,,0,0,0,0,0,0,0
15,81,15081,0,0.03,0,0.33,0.02,0.57,0.07,218.44,0.58,0.07,0.01,0.0006,,0,,0,0,0,0,0,0.62,0
15,82,15082,0,0.01,0,0.07,0,3.83,0.02,22.38,0.06,0.01,0,0.0001,,7.54,,0,0,0,0,0,0.02,1.69
15,83,15083,0,0,0,0.01,0,0.6,0,2.58,0.01,0,0,0,,0,,0,0,0,0,0,0.01,0
15,84,15084,0,0,0,0.04,0,0.88,0.01,16.82,0.04,0.01,0,0,,0,,0,0,0,0.34,0.02,0,0
15,85,15085,0,0,0,0.06,0,3.56,0.02,86.55,0.23,0.03,0.01,0.0002,,0.44,,0,0,0,0.91,0.06,0,0
15,86,15086,0,0,0,0.03,0,1.86,0.01,1.58,0,0,0,0,,4.36,,0,0,0,0,0,0.02,0
15,87,15087,0,0,0,0.07,0,4.75,0.02,16.93,0.04,0.01,0,0,,0,,0,0,0,0,0,0,0
15,88,15088,0,0.01,0,0.01,0,4.91,0.02,84.79,0.22,0.03,0.01,0.0002,,1.06,,0,0,0,0,0,0,0
15,89,15089,0,0,0,0,0,0.52,0,3.22,0.01,0,0,0,,0.06,,0,0,0,0.37,0.03,0,0
15,90,15090,0,0.01,0,0.07,0,4.2,0.02,119.77,0.32,0.04,0.01,0.0003,,0.68,,0,0,0,0,0,0.02,0
15,91,15091,0,0.01,0,0.08,0,0.85,0.02,50.63,0.13,0.02,0,0.0001,,0,,0,0,0,0.17,0.01,0,0
15,92,15092,0,0.01,0,0.05,0,0.96,0.01,76.23,0.2,0.02,0,0.0002,,0,,0,0,0,0,0,0,0
15,93,15093,0,0,0,0.03,0,1.38,0.01,5.33,0.01,0,0,0,,0.13,,0,0,0,0,0,0,0
15,94,15094,0,0,0,0.02,0,0.33,0,3.98,0.01,0,0,0,,0,,0,0,0,0.35,0.02,0,0
15,95,15095,0,0.01,0,0.08,0,1.04,0.02,477.55,1.26,0.15,0.03,0.0013,,1.19,,0,0,0,0,0,0.02,0
15,96,15096,0,0,0,0.04,0,0.5,0.01,52.5,0.14,0.02,0,0.0001,,0,,0,0,0,0.5,0.03,0,0
15,97,15097,0,0,0,0.02,0,0.97,0,2.46,0.01,0,0,0,,0.66,,0,0,0,0,0,0,0
15,98,15098,0,0,0,0,0,0.28,0,4.04,0.01,0,0,0,,0,,0,0,0,0,0,0,0
15,99,15099,0,0.04,0,0.02,0.01,1.23,0.06,276.63,0.73,0.08,0.02,0.0007,,0.53,,0,0,0,0.55,0.04,0.67,2.79
15,100,15100,0,0,0,0.03,0,0.65,0.01,16.64,0.04,0.01,0,0,,0,,0,0,0,0,0,0,0
15,101,15101,0,0.01,0,0.06,0,3.94,0.02,435.25,1.15,0.13,0.03,0.0012,,0.4,,0,0,0,0,0,0,0
15,102,15102,0,0,0,0.02,0,0.88,0,30.18,0.08,0.01,0,0.0001,,0.14,,0,0,0,0,0,0,0
15,103,15103,0,0,0,0.05,0,1.14,0.01,58.71,0.15,0.02,0,0.0002,,0.51,,0,0,0,0,0,0,0
15,104,15104,0,0.2,0.01,0.86,0.04,41.84,0.18,3662.05,9.65,1.12,0.24,0.0099,,0.48,,0,0,0,0.67,0.05,1.2,0
15,105,15105,0,0,0,0.04,0,2.04,0.01,1.35,0,0,0,0,,0.14,,0,0,0,0,0,0,0
15,106,15106,0,0.2,0.01,0.87,0.04,6.04,0.2,2278.37,6,0.7,0.15,0.0061,,0.67,0.5,35.42,5.52,0,0.93,0.06,1.2,6.86
15,107,15107,0,0,0,0,0,0.67,0,9.02,0.02,0,0,0,,0.07,,0,0,0,0,0,0,0
15,108,15108,0,0.01,0,0.12,0.01,0.6,0.03,72.25,0.19,0.02,0,0.0002,,0,,0,0,0,0.28,0.02,0,0
15,109,15109,0,0.05,0,0.57,0.03,0.28,0.12,1232.03,3.25,0.38,0.08,0.0033,,0.44,,0,0,0,0.22,0.01,0.43,0
15,110,15110,0,0.01,0,0.06,0,3.24,0.01,29.24,0.08,0.01,0,0.0001,,2.55,,0,0,0,0,0,0.01,2.92
15,111,15111,0,0,0,0.04,0,2.57,0.01,6.33,0.02,0,0,0,,0.91,,0,0,0,0,0,0,0
15,112,15112,0,0,0,0.04,0,3.28,0.01,17.11,0.05,0.01,0,0,,1.29,,0,0,0,0,0,0,0
15,113,15113,0,0,0,0.06,0,3.19,0.01,8.67,0.02,0,0,0,,1.82,,0,0,0,0,0,0,0
15,114,15114,0,0,0,0.07,0,4.76,0.02,31.76,0.08,0.01,0,0.0001,,0.33,,0,0,0,0,0,0,0
15,115,15115,0,0.01,0,0.05,0,2.13,0.01,12.89,0.03,0,0,0,,0.04,,0,0,0,0,0,0.01,0
15,116,15116,0,0,0,0,0,0.23,0,1.99,0.01,0,0,0,,0.48,,0,0,0,0,0,1.14,0
15,117,15117,0,0,0,0.01,0,0.84,0,1.58,0,0,0,0,,0.1,,0,0,0,0,0,0.2,0
15,118,15118,0,0.02,0,0.14,0.01,4.16,0.04,101.9,0.27,0.03,0.01,0.0003,,0.62,,0,0,0,0,0,0.11,0
15,119,15119,0,0,0,0.02,0,0.99,0,1.17,0,0,0,0,,0.5,,0,0,0,0,0,0,0
15,120,15120,0,0.02,0,0.13,0.01,2.53,0.03,81.62,0.22,0.02,0.01,0.0002,,0,,0,0,0,0.14,0.01,0.04,4.91
15,121,15121,0,0.1,0,0.62,0.03,0.56,0.13,2065.44,5.44,0.63,0.13,0.0056,,0,,0,0,0,0.66,0.05,0.22,0
15,122,15122,0,0.04,0,0.38,0.02,0.11,0.09,201.22,0.53,0.06,0.01,0.0005,,0,,0,0,0,0,0,0,0
15,123,15123,0,0,0,0.03,0,1.73,0.01,6.74,0.02,0,0,0,,5.73,,0,0,0,0,0,0,0
15,124,15124,0,0,0,0.07,0,4.89,0.02,2.52,0.01,0,0,0,,0.3,,0,0,0,0,0,0,0
15,125,15125,0,0,0,0.01,0,0.49,0,1.17,0,0,0,0,,0,,0,0,0,0,0,0,0
16,1,16001,0,0,0,0.01,0,0.29,0,11.78,0.21,0.01,0,0,,0.82,,0,0,0,0,0,0,0.29
16,2,16002,0,0,0,0.01,0,0.99,0,30.12,0.53,0.01,0,0.0001,,6.04,,0,0,0,0,0,0,0.83
16,3,16003,0,0,0,0.02,0,1.14,0,6.56,0.11,0,0,0,,0,,0,0,0,0,0,0,1.09
16,4,16004,0,0,0,0.01,0,0.75,0,2.58,0.04,0,0,0,,0,,0,0,0,0.43,0.03,0,0.85
16,5,16005,0,0,0,0,0,0.61,0,6.56,0.11,0,0,0,,0.07,,0,0,0,0.16,0.01,0,0.01
16,6,16006,0,0.01,0,0.1,0,7.04,0.03,76.94,1.34,0.04,0,0.0002,,11.44,,0,0,0,0.12,0.01,0.02,2.84
16,7,16007,0,0,0,0,0,0.17,0,5.45,0.1,0,0,0,,0.05,,0,0,0,0.24,0.02,0,0.05
16,8,16008,0,0,0,0,0,1.28,0.01,0.23,0,0,0,0,,0,,0,0,0,0,0,0.3,0.25
16,9,16009,0,0,0,0.03,0,1.94,0.01,10.02,0.17,0,0,0,,3.83,,0,0,0,0,0,0,0
16,10,16010,0,0,0,0.02,0,1.3,0.01,8.67,0.15,0,0,0,,12.45,,0,0,0,1.71,0.12,0,0
16,11,16011,0,0,0,0.01,0,0.58,0,8.26,0.14,0,0,0,,0,,0,0,0,0,0,0,0.98
16,12,16012,0,0,0,0.04,0,2.33,0.01,19.4,0.34,0.01,0,0.0001,,0,,0,0,0,0,0,0,2.81
16,13,16013,0,0,0,0.01,0,0.57,0,2.7,0.05,0,0,0,,0,,0,0,0,0,0,0,0.46
16,14,16014,0,0,0,0.01,0,0.71,0,3.28,0.06,0,0,0,,0,,0,0,0,0,0,0,0.56
16,15,16015,0,0,0,0.02,0,1.11,0,14.71,0.26,0.01,0,0,,22.75,,0,0,0,0,0,0,0.37
16,16,16016,0,0,0,0.02,0,1.19,0.01,18.57,0.32,0.01,0,0.0001,,1.63,,0,0,0,0.26,0.02,0,1.01
16,17,16017,0,0,0,0.03,0,1.88,0.01,10.9,0.19,0.01,0,0,,0,,0,0,0,0.6,0.04,0,0.7
16,18,16018,0,0,0,0.01,0,0.5,0,1.93,0.03,0,0,0,,0,,0,0,0,0,0,0,0.13
16,19,16019,0,0,0,0.02,0,1.11,0,28.65,0.5,0.01,0,0.0001,,0.61,,0,0,0,0,0,0,0.21
16,20,16020,0,0,0,0.02,0,1.6,0.01,45.94,0.8,0.02,0,0.0001,,0,,0,0,0,0,0,0.01,0.28
16,21,16021,0,0,0,0.01,0,0.66,0,23.5,0.41,0.01,0,0.0001,,2.21,,0,0,0,0,0,0,0.35
16,22,16022,0,0,0,0.01,0,1.19,0.01,2.29,0.04,0,0,0,,0.1,,0,0,0,0.25,0.02,0.01,0.49
16,23,16023,0,0,0,0.01,0,0.59,0,11.19,0.2,0.01,0,0,,0,,0,0,0,0.28,0.02,0,0.2
16,24,16024,0,0,0,0.01,0,0.96,0,48.52,0.85,0.02,0,0.0001,,3,,0,0,0,0,0,0,0.17
16,25,16025,0,0,0,0.03,0,1.85,0.01,99.91,1.74,0.05,0,0.0003,,17.5,,0,0,0,0,0,0,0.04
16,26,16026,0,0,0,0,0,0.33,0,0.29,0.01,0,0,0,,1.4,,0,0,0,0,0,0,0.18
16,27,16027,0,0,0,0.01,0,0.34,0,2.64,0.05,0,0,0,,0,,0,0,0,0,0,0,0.11
16,28,16028,0,0,0,0.01,0,0.34,0,5.1,0.09,0,0,0,,0,,0,0,0,0,0,0,0.36
16,29,16029,0,0,0,0,0,0.84,0,1.82,0.03,0,0,0,,0,,0,0,0,0,0,0,0.66
16,30,16030,0,0,0,0.01,0,0.76,0,5.8,0.1,0,0,0,,0,,0,0,0,0.33,0.02,0,0.38
16,31,16031,0,0,0,0.01,0,0.97,0,4.16,0.07,0,0,0,,0.06,,0,0,0,0,0,0,0.3
16,32,16032,0,0,0,0,0,0.8,0,12.95,0.23,0.01,0,0,,1.68,,0,0,0,0.45,0.03,0,0
16,33,16033,0,0,0,0.02,0,1.22,0.01,6.5,0.11,0,0,0,,2.81,,0,0,0,0.36,0.02,0,1.13
16,34,16034,0,0.01,0,0.09,0,6.75,0.03,236.02,4.12,0.12,0,0.0006,,1.69,,0,0,0,0,0,0.01,0.84
16,35,16035,0,0,0,0.03,0,1.94,0.01,8.73,0.15,0,0,0,,3.1,,0,0,0,0.67,0.05,0.04,0.59
16,36,16036,0,0,0,0.01,0,0.68,0,8.91,0.16,0,0,0,,0,,0,0,0,0,0,0,0.16
16,37,16037,0,0,0,0.01,0,0.47,0,4.34,0.08,0,0,0,,0,,0,0,0,0,0,0,0.59
16,38,16038,0,0,0,0.04,0,2.52,0.01,26.37,0.46,0.01,0,0.0001,,0,,0,0,0,0,0,0.07,0.8
16,39,16039,0,0,0,0.01,0,0.45,0,0.64,0.01,0,0,0,,0.24,,0,0,0,0.1,0.01,0,0.09
16,40,16040,0,0,0,0.01,0,0.93,0,15.47,0.27,0.01,0,0,,0.01,,0,0,0,0.26,0.02,0.01,0.68
16,41,16041,0,0,0,0,0,0.7,0,11.89,0.21,0.01,0,0,,0,,0,0,0,0.2,0.01,0.01,0.05
16,42,16042,0,0,0,0.01,0,0.78,0,2.34,0.04,0,0,0,,0,,0,0,0,0,0,0.01,0.39
16,43,16043,0,0,0,0.05,0,0.41,0.02,191.67,3.34,0.1,0,0.0005,,0,,0,0,0,0,0,0.07,0.22
16,44,16044,0,0,0,0.01,0,0.78,0,8.26,0.14,0,0,0,,0.15,,0,0,0,0.17,0.01,0.01,0.69
16,45,16045,0,0,0,0.03,0,1.94,0.01,40.96,0.71,0.02,0,0.0001,,0,,0,0,0,0,0,0.01,0.58
16,46,16046,0,0,0,0.01,0,0.74,0,2.75,0.05,0,0,0,,0,,0,0,0,0,0,0,0.18
16,47,16047,0,0,0,0.02,0,1.14,0,3.52,0.06,0,0,0,,0,,0,0,0,0,0,0.09,0.3
16,48,16048,0,0,0,0,0,0.3,0,3.16,0.06,0,0,0,,0.32,,0,0,0,0.22,0.02,0,0.12
16,49,16049,0,0,0,0.01,0,0.96,0,6.56,0.11,0,0,0,,2.05,,0,0,0,0,0,0,0.98
16,50,16050,0,0,0,0.06,0,4.29,0.02,47.17,0.82,0.02,0,0.0001,,0.05,,0,0,0,1.02,0.07,0,1.1
16,51,16051,0,0,0,0.01,0,0.67,0,30.12,0.53,0.01,0,0.0001,,0,,0,0,0,0,0,0,0.18
16,52,16052,0,0.02,0,0.16,0,9.97,0.04,272.53,4.75,0.14,0,0.0007,,0,,0,0,452.37,0.78,0.05,0.91,0.28
16,53,16053,0,0.08,0,0.65,0.02,6.31,0.18,878.06,15.31,0.44,0.01,0.0024,,5.61,0.38,12.56,1.85,0,0.94,0.06,1.16,2.19
16,54,16054,0,0,0,0.01,0,0.52,0,3.46,0.06,0,0,0,,0,,0,0,0,0,0,0,0.47
16,55,16055,0,0,0,0.04,0,2.46,0.01,23.91,0.42,0.01,0,0.0001,,0.18,,0,0,0,0.88,0.06,0.02,1.18
16,56,16056,0,0,0,0.02,0,1.53,0.01,97.27,1.7,0.05,0,0.0003,,0.62,,0,0,0,0,0,0,0.37
16,57,16057,0,0,0,0.01,0,0.47,0,1.93,0.03,0,0,0,,0,,0,0,0,0,0,0,0.05
16,58,16058,0,0,0,0.01,0,0.98,0,68.03,1.19,0.03,0,0.0002,,0.09,,0,0,0,0,0,0,0
16,59,16059,0,0,0,0.01,0,0.47,0,0.76,0.01,0,0,0,,5.81,,0,0,0,0.56,0.04,0,0.58
16,60,16060,0,0,0,0,0,0.57,0,8.2,0.14,0,0,0,,0,,0,0,0,0,0,0.01,0.46
16,61,16061,0,0,0,0.02,0,1.27,0.01,11.19,0.2,0.01,0,0,,0.24,,0,0,0,0.25,0.02,0.01,0.01
16,62,16062,0,0,0,0.02,0,1.13,0,10.9,0.19,0.01,0,0,,0,,0,0,0,0,0,0,1.36
16,63,16063,0,0,0,0.02,0,0.97,0,5.86,0.1,0,0,0,,0,,0,0,0,0.3,0.02,0,0.08
16,64,16064,0,0,0,0.02,0,1.4,0.01,4.57,0.08,0,0,0,,2.72,,0,0,0,0.23,0.02,0,1.64
16,65,16065,0,0,0,0.03,0,1.95,0.01,95.45,1.66,0.05,0,0.0003,,8.82,,0,0,0,0,0,0,0.35
16,66,16066,0,0.01,0,0.07,0,4.89,0.02,87.54,1.53,0.04,0,0.0002,,2.7,,0,0,0,0.79,0.05,0.07,0
16,67,16067,0,0,0,0.02,0,1.01,0,4.8,0.08,0,0,0,,0,,0,0,0,0,0,0,1.47
16,68,16068,0,0,0,0.02,0,1.28,0.01,5.98,0.1,0,0,0,,1.61,,0,0,0,0,0,0,0.5
16,69,16069,0,0.01,0,0.09,0,1.52,0.02,165.18,2.88,0.08,0,0.0004,,0,,0,0,0,0.38,0.03,0.03,0.74
16,70,16070,0,0,0,0.01,0,0.94,0,52.74,0.92,0.03,0,0.0001,,3.18,,0,0,0,0,0,0,0
16,71,16071,0,0,0,0.01,0,3.95,0.02,35.92,0.63,0.02,0,0.0001,,0,,0,0,0,0,0,0.02,2.99
16,72,16072,0,0,0,0.01,0,0.76,0,3.87,0.07,0,0,0,,0.49,,0,0,0,0,0,0,0.68
16,73,16073,0,0,0,0.02,0,1.43,0.01,203.33,3.55,0.1,0,0.0005,,1.09,,0,0,0,0,0,0,0
16,74,16074,0,0,0,0.01,0,0.58,0,5.33,0.09,0,0,0,,0,,0,0,0,0,0,0,0.21
16,75,16075,0,0,0,0.05,0,3.17,0.01,32.64,0.57,0.02,0,0.0001,,9.83,,0,0,0,0.09,0.01,0,0.53
16,76,16076,0,0.01,0,0.06,0,3.79,0.02,96.8,1.69,0.05,0,0.0003,,0,,0,0,0,0,0,0.04,0.28
16,77,16077,0,0,0,0.02,0,1.04,0,5.63,0.1,0,0,0,,0,,0,0,0,0,0,0,0.65
16,78,16078,0,0,0,0.01,0,0.73,0,6.74,0.12,0,0,0,,0,,0,0,0,0,0,0,0.08
16,79,16079,0,0,0,0.03,0,2.36,0.01,56.49,0.99,0.03,0,0.0002,,1.71,,0,0,0,0.31,0.02,0,0
16,80,16080,0,0,0,0.01,0,0.98,0,3.4,0.06,0,0,0,,0.95,,0,0,0,0.23,0.02,0,0.25
16,81,16081,0,0,0,0.01,0,0.47,0,0.82,0.01,0,0,0,,0.19,,0,0,0,0,0,0,0.13
16,82,16082,0,0,0,0.05,0,3.67,0.02,31.99,0.56,0.02,0,0.0001,,3.69,,0,0,0,0,0,0.01,1.34
16,83,16083,0,0,0,0.02,0,1.6,0.01,8.5,0.15,0,0,0,,14.16,,0,0,0,0,0,0,1.81
16,84,16084,0,0,0,0.02,0,1.48,0.01,15.65,0.27,0.01,0,0,,0.06,,0,0,0,0,0,0,0.03
16,85,16085,0,0,0,0.03,0,1.84,0.01,32.81,0.57,0.02,0,0.0001,,1.04,,0,0,0,0,0,0.01,0.27
16,86,16086,0,0,0,0,0,0.89,0,6.09,0.11,0,0,0,,0,,0,0,0,0.12,0.01,0,1.11
16,87,16087,0,0,0,0.01,0,0.75,0,19.45,0.34,0.01,0,0.0001,,1.1,,0,0,0,0.31,0.02,0,0.25
16,88,16088,0,0,0,0.05,0,3.64,0.01,47.64,0.83,0.02,0,0.0001,,0,,0,0,0,0,0,0.06,0.85
16,89,16089,0,0,0,0.02,0,1.36,0.01,17.87,0.31,0.01,0,0,,0.4,,0,0,0,0,0,0.03,2.61
16,90,16090,0,0,0,0.01,0,0.77,0,34.81,0.61,0.02,0,0.0001,,0.71,,0,0,0,0.16,0.01,0,0.26
16,91,16091,0,0,0,0.01,0,0.76,0,17.05,0.3,0.01,0,0,,0.33,,0,0,0,0.63,0.04,0,0.08
16,92,16092,0,0,0,0.01,0,0.84,0,3.28,0.06,0,0,0,,0,,0,0,0,0,0,0,0.15
16,93,16093,0,0,0,0.02,0,1.55,0.01,41.02,0.72,0.02,0,0.0001,,0.2,,0,0,0,0,0,0,0.01
16,94,16094,0,0,0,0.01,0,0.41,0,3.93,0.07,0,0,0,,0,,0,0,0,0,0,0,0.18
16,95,16095,0,0,0,0.01,0,0.6,0,6.33,0.11,0,0,0,,1.37,,0,0,0,0.31,0.02,0,0.19
16,96,16096,0,0,0,0.01,0,0.51,0,1,0.02,0,0,0,,7.51,,0,0,0,0,0,0,0.17
16,97,16097,0,0,0,0.03,0,1.93,0.01,22.44,0.39,0.01,0,0.0001,,2.2,,0,0,0,0,0,0,0.69
16,98,16098,0,0,0,0.02,0,1.5,0.01,3.87,0.07,0,0,0,,0.3,,0,0,0,0.1,0.01,0.01,0.48
16,99,16099,0,0,0,0.01,0,0.94,0,2.05,0.04,0,0,0,,0.49,,0,0,0,0,0,0,0.73
16,100,16100,0,0,0,0.01,0,0.75,0,79.81,1.39,0.04,0,0.0002,,0.76,,0,0,0,0,0,0.03,0
16,101,16101,0,0,0,0.01,0,0.57,0,0,0,0,0,0,,0.14,,0,0,0,0,0,0,0.48
16,102,16102,0,0.03,0,0.25,0.01,17.08,0.07,465.25,8.11,0.23,0.01,0.0013,,5.23,,0.79,0.14,0,0.2,0.01,0.15,1.89
16,103,16103,0,0,0,0.02,0,1.3,0.01,13.71,0.24,0.01,0,0,,0,,0,0,0,0,0,0,1.09
16,104,16104,0,0,0,0,0,0.95,0,1.52,0.03,0,0,0,,0,,0,0,0,0.4,0.03,0,0.96
16,105,16105,0,0,0,0.02,0,1.07,0,10.78,0.19,0.01,0,0,,0,,0,0,0,0.31,0.02,0,1.72
16,106,16106,0,0,0,0.02,0,1.6,0.01,32.93,0.57,0.02,0,0.0001,,0,,0,0,0,0.62,0.04,0,0.62
16,107,16107,0,0.01,0,0.07,0,4.32,0.02,158.27,2.76,0.08,0,0.0004,,6.51,,0,0,0,0.4,0.03,0.05,1.25
16,108,16108,0,0.02,0,0.16,0,2.34,0.05,233.8,4.08,0.12,0,0.0006,,0,,0,0,0,0.56,0.04,0.07,0.7
16,109,16109,0,0,0,0,0,0.2,0,4.98,0.09,0,0,0,,0.04,,0,0,0,0,0,0,0.24
16,110,16110,0,0,0,0.04,0,2.7,0.01,24.67,0.43,0.01,0,0.0001,,3.9,,0,0,0,0.46,0.03,0.01,1.11
16,111,16111,0,0,0,0.01,0,0.84,0,5.57,0.1,0,0,0,,6.3,,0,0,0,0.6,0.04,0,0.29
16,112,16112,0,0.01,0,0.12,0,8.35,0.04,120.71,2.11,0.06,0,0.0003,,0.38,,0,0,0,0.38,0.03,0.02,0.89
16,113,16113,0,0,0,0.02,0,1.46,0.01,12.66,0.22,0.01,0,0,,0,,0,0,0,0.24,0.02,0,1.83
17,1,17001,0,0,0,0.02,0,0.94,0,3.75,0.07,0,0,0,,0,,0,0,0,0.22,0.02,0,0.18
17,2,17002,0,0,0,0.02,0,0.67,0,4.51,0.09,0,0,0,,0,,0,0,0,0.15,0.01,0.01,0.22
17,3,17003,0,0,0,0.03,0,1.87,0.01,23.09,0.46,0.01,0,0.0001,,0,,0,0,0,0.21,0.01,0,0.65
17,4,17004,0,0,0,0.01,0,2.93,0.02,133.77,2.67,0.04,0.01,0.0004,,0.04,,0,0,0,0.16,0.01,0,1.04
17,5,17005,0,0,0,0.01,0,0.5,0,4.75,0.09,0,0,0,,0,,0,0,0,0,0,0,0.11
17,6,17006,0,0.04,0,0.19,0,1.32,0.04,195.18,3.9,0.06,0.01,0.0005,,0,,0,0,0,0.2,0.01,0.03,0.64
17,7,17007,0,0.09,0,0.44,0,0.74,0.09,501.4,10.02,0.15,0.03,0.0013,,0.18,0.22,0,0,0,0.29,0.02,0.76,0.09
17,8,17008,0,0.01,0,0.08,0,0.57,0.02,139.93,2.8,0.04,0.01,0.0004,,0,,0,0,0,0.22,0.02,0.59,0.02
17,9,17009,0,0,0,0.02,0,0.63,0,18.4,0.37,0.01,0,0,,1.29,,0,0,0,0.27,0.02,0,0.1
17,10,17010,0,0,0,0.02,0,0.84,0,9.2,0.18,0,0,0,,0,,0,0,0,0,0,0,0.31
17,11,17011,0,0.03,0,0.21,0,0.43,0.05,864.99,17.29,0.26,0.06,0.0023,,0.02,,0,0,0,0.14,0.01,0.18,0.03
17,12,17012,0,0.01,0,0.06,0,3.16,0.01,40.67,0.81,0.01,0,0.0001,,0,,0,0,0,0,0,0.01,0.26
17,13,17013,0,0,0,0.01,0,0.83,0,10.72,0.21,0,0,0,,0,,0,0,0,0.08,0.01,0,0.43
17,14,17014,0,0,0,0.01,0,0.54,0,5.92,0.12,0,0,0,,0,,0,0,0,0,0,0,0.13
17,15,17015,0,0,0,0.03,0,1.39,0.01,20.39,0.41,0.01,0,0.0001,,0.13,,0,0,0,0,0,0,0.41
17,16,17016,0,0,0,0.02,0,0.94,0,12.54,0.25,0,0,0,,0.07,,0,0,0,0,0,0,0.39
17,17,17017,0,0.01,0,0.01,0,3.45,0.01,45.18,0.9,0.01,0,0.0001,,0,,0,0,0,0.4,0.03,0.1,0.32
17,18,17018,0,0.01,0,0.11,0,0.61,0.03,81.57,1.63,0.02,0.01,0.0002,,0.14,,6.47,0.73,0,0,0,0.05,0.05
17,19,17019,0,0,0,0.03,0,1.42,0.01,9.02,0.18,0,0,0,,0,,0,0,0,0.14,0.01,0,0.84
17,20,17020,0,0,0,0.04,0,1.55,0.01,11.66,0.23,0,0,0,,0.81,,0,0,0,0.28,0.02,0,0.17
17,21,17021,0,0,0,0.01,0,0.4,0,3.93,0.08,0,0,0,,0,,0,0,0,0,0,0,0.05
17,22,17022,0,0,0,0.02,0,1.06,0,11.19,0.22,0,0,0,,0.16,,0,0,0,0,0,0,0.25
17,23,17023,0,0,0,0.01,0,0.36,0,1.29,0.03,0,0,0,,0.73,,0,0,0,0,0,0,0.38
17,24,17024,0,0,0,0.05,0,2.74,0.01,39.32,0.79,0.01,0,0.0001,,0,,0,0,0,0.46,0.03,0.01,0.34
17,25,17025,0,0,0,0.03,0,1.81,0.01,11.07,0.22,0,0,0,,0,,0,0,0,0.07,0,0,0.48
17,26,17026,0,0,0,0,0,0.84,0,10.55,0.21,0,0,0,,0.09,,0,0,0,0.17,0.01,0,0.2
17,27,17027,0,0,0,0.01,0,0.61,0,4.63,0.09,0,0,0,,0.11,,0,0,0,0.19,0.01,0,0.29
17,28,17028,0,0.01,0,0.06,0,1.13,0.01,60.24,1.2,0.02,0,0.0002,,0,,0,0,0,0,0,0.04,0.1
17,29,17029,0,0.01,0,0.1,0,1.4,0.02,73.36,1.47,0.02,0,0.0002,,0.09,,0,0,0,0.27,0.02,0.02,0.37
17,30,17030,0,0,0,0.04,0,1.64,0.01,152.17,3.04,0.05,0.01,0.0004,,0,,0,0,0,0,0,0,0.8
17,31,17031,0,0.01,0,0.04,0,2.05,0.01,71.66,1.43,0.02,0,0.0002,,0,,0,0,0,0.13,0.01,0.08,0.05
17,32,17032,0,0,0,0.01,0,0.49,0,5.1,0.1,0,0,0,,0,,0,0,0,0,0,0,0.16
17,33,17033,0,0,0,0.01,0,0.76,0,23.61,0.47,0.01,0,0.0001,,0,,0,0,0,0,0,0,0.23
18,1,18001,0,0.01,0,0.02,0,2.12,0.01,30.76,0,0,0,0.0001,,2.27,,0,0,0,0.72,0.05,0,3.08
18,2,18002,0,0,0,0.01,0,0.86,0,5.63,0,0,0,0,,1.02,,0,0,0,0.37,0.03,0,1.14
18,3,18003,0,0,0,0.01,0,0.64,0,3.63,0,0,0,0,,1.2,,0,0,0,0,0,0,1.08
18,4,18004,0,0.01,0,0.03,0,3.85,0.02,43.42,0,0,0,0.0001,,1.08,,0,0,0,0.55,0.04,0,4.76
18,5,18005,0,0,0,0,0,0.65,0,1.99,0,0,0,0,,1.98,,0,0,0,0,0,0,0.54
18,6,18006,0,0,0,0.01,0,1.57,0.01,23.73,0,0,0,0.0001,,7.3,,0,0,0,0.52,0.04,0,0.7
18,7,18007,0,0,0,0.01,0,0.98,0,16.99,0,0,0,0,,4.63,,0,0,0,0,0,0,0.89
18,8,18008,0,0,0,0.02,0,1.26,0.01,24.32,0,0,0,0.0001,,7.17,,0.11,0.04,0,0.35,0.02,0,2.21
18,9,18009,0,0,0,0.01,0,1.87,0.01,0.06,0,0,0,0,,14.8,,0,0,0,0,0,0,0.3
18,10,18010,0,0,0,0.02,0,1.97,0.01,8.09,0,0,0,0,,1.94,,0,0,0,0.92,0.06,0,4.19
18,11,18011,0,0,0,0.01,0,1.28,0.01,12.54,0,0,0,0,,0.12,,0,0,0,0.21,0.01,0,1.01
18,12,18012,0,0,0,0.02,0,2.29,0.01,19.69,0,0,0,0.0001,,2.19,,0,0,0.1,0,0,0,3.3
18,13,18013,0,0,0,0,0,0.44,0,1.93,0,0,0,0,,10.76,,0,0,0,0.46,0.03,0,1.27
18,14,18014,0,0,0,0.01,0,1.33,0.01,4.28,0,0,0,0,,14.74,,0,0,0,0,0,0,3.44
18,15,18015,0,0.01,0,0.04,0,5.16,0.02,37.09,0,0,0,0.0001,,1.66,,0,0,0,0.77,0.05,0,12.23
18,16,18016,0,0,0,0.02,0,2.28,0.01,17.4,0,0,0,0,,0,,0,0,0,0,0,0,8.02
18,17,18017,0,0.06,0,0.16,0,3.58,0.09,405.19,0,0,0.03,0.0011,,14.51,0.06,0,0,0,1.27,0.09,0,3.07
18,18,18018,0,0,0,0.01,0,1.75,0.01,22.03,0,0,0,0.0001,,0,,0,0,0,0,0,0,5.41
18,19,18019,0,0,0,0,0,0.74,0,0.29,0,0,0,0,,64.57,,0,0,0,0,0,0,0.51
18,20,18020,0,0.02,0,0.04,0,2.28,0.02,26.72,0,0,0,0.0001,,0,,0,0,0,0,0,0,2.44
19,1,19001,0,0,0,0,0,0.17,0,12.19,0.28,0.01,0,0,,0,,0,0,0,0.13,0.01,0.1,0
19,2,19002,0,0,0,0,0,0.22,0,5.8,0.14,0,0,0,,0,,0,0,0,0,0,0.01,0.61
19,3,19003,0,0,0,0,0,0.1,0,0.06,0,0,0,0,,0,,0,0,0,0.43,0.03,0,0.17
19,4,19004,0,0.01,0,0.02,0.01,1.81,0.01,25.72,0.6,0.01,0,0.0001,,0,,0,0,0,0,0,0,0.11
19,5,19005,0,0,0,0.01,0.01,1.1,0,87.6,2.05,0.04,0,0.0002,,0,,0,0,0,1.36,0.09,0,0.98
19,6,19006,0,0.03,0,0.22,0.18,1,0.11,3147.93,73.59,1.43,0.07,0.0085,,0,,67.9,7.68,0,0.4,0.03,0.13,0.14
19,7,19007,0,0,0,0.01,0.01,0.9,0,3.87,0.09,0,0,0,,0.05,,0,0,0,0,0,0,0.27
19,8,19008,0,0,0,0,0,0.2,0,3.22,0.08,0,0,0,,0.04,,0,0,0,0.51,0.04,0,0.05
19,9,19009,0,0.01,0,0.04,0.03,2.05,0.02,371.14,8.68,0.17,0.01,0.001,,0,,0,0,0,1.13,0.08,0.03,1.35
19,10,19010,0,0,0,0,0,0.43,0,181.76,4.25,0.08,0,0.0005,,0,,0,0,0,0.31,0.02,0,0.01
19,11,19011,0,0,0,0.01,0,0.49,0,4.16,0.1,0,0,0,,0,,0,0,0,0,0,0.47,0.2
19,12,19012,0,0,0,0.01,0.01,0.87,0,56.43,1.32,0.03,0,0.0002,,0,,0,0,0,0,0,0,0.01
19,13,19013,0,0,0,0.01,0,0.65,0,14.82,0.35,0.01,0,0,,0,,0,0,0,0,0,0,1.23
19,14,19014,0,0,0,0.02,0.01,2.04,0.01,40.49,0.95,0.02,0,0.0001,,0,,0,0,0,0,0,0,1.15
19,15,19015,0,0,0,0,0,0.1,0,0.12,0,0,0,0,,0,,0,0,0,0.51,0.04,0,0.36
19,16,19016,0,0,0,0,0,0.19,0,7.5,0.18,0,0,0,,0,,0,0,0,0,0,0,0.14
19,17,19017,0,0,0,0.02,0.02,2.38,0.01,7.5,0.18,0,0,0,,0.4,,0,0,0,0,0,0.24,1.18
19,18,19018,0,0,0,0.03,0.02,0.66,0.01,491.38,11.49,0.22,0.01,0.0013,,0,,0,0,0,1.26,0.09,0.98,0.03
19,19,19019,0,0.04,0,0.06,0.05,0,0.03,645.31,15.09,0.29,0.01,0.0017,,0,,0,0,0,0,0,0.89,0
19,20,19020,0,0,0,0,0,0.33,0,4.39,0.1,0,0,0,,0,,0,0,0,0,0,0,0.89
19,21,19021,0,0.02,0,0.02,0.13,0.5,0.08,742.17,17.35,0.34,0.02,0.002,,0,,0,0,0,0.51,0.04,0.7,0.01
19,22,19022,0,0,0,0.01,0.01,0.86,0,4.8,0.11,0,0,0,,0,,0,0,0,0,0,0,1.74
19,23,19023,0,0,0,0,0,0.09,0,0.64,0.02,0,0,0,,0,,0,0,0,0,0,0,0.15
19,24,19024,0,0,0,0,0,0.35,0,2.23,0.05,0,0,0,,2.29,,0,0,0,0,0,0,0.08
19,25,19025,0,0,0,0,0,0.43,0,286.94,6.71,0.13,0.01,0.0008,,0,,0,0,0,0,0,0,0.12
19,26,19026,0,0.08,0,0.36,0.29,0.06,0.18,2081.61,48.67,0.94,0.05,0.0056,,0,,0,0,0,0.4,0.03,0.35,0.03
19,27,19027,0,0,0,0,0,0.11,0,1.11,0.03,0,0,0,,0,,0,0,0,0.57,0.04,0,0.04
19,28,19028,0,0,0,0,0,0.09,0,0.23,0.01,0,0,0,,0,,0,0,0,0,0,0,0.03
19,29,19029,0,0,0,0,0,0.41,0,6.86,0.16,0,0,0,,0,,0,0,0,0,0,0,0.17
19,30,19030,0,0,0,0,0,0.22,0,1.93,0.05,0,0,0,,0.03,,0,0,0,0,0,0,0.01
19,31,19031,0,0.01,0,0.08,0.06,1.42,0.04,263.62,6.16,0.12,0.01,0.0007,,0,,0,0,0,0.23,0.02,0.01,0.03
19,32,19032,0,0,0,0,0,0.27,0,7.03,0.16,0,0,0,,0,,0,0,0,1.91,0.13,0.46,0.04
19,33,19033,0,0.01,0,0.04,0.03,4.35,0.02,303.06,7.09,0.14,0.01,0.0008,,0.47,,0,0,0,0.81,0.06,1.03,1.48
19,34,19034,0,0,0,0,0,0.33,0,5.68,0.13,0,0,0,,0,,0,0,0,0,0,0,0.09
19,35,19035,0,0,0,0,0,0.06,0,0,0,0,0,0,,0,,0,0,0,0,0,0,0.01
19,36,19036,0,0,0,0,0,0.43,0,0.64,0.02,0,0,0,,0,,0,0,0,0,0,0,0.19
19,37,19037,0,0,0,0,0,0.33,0,0.35,0.01,0,0,0,,0,,0,0,0,0.55,0.04,0.11,0.02
19,38,19038,0,0.01,0,0.03,0.02,3.29,0.01,179.6,4.2,0.08,0,0.0005,,0,,0,0,0,1.42,0.1,0.02,0.84
19,39,19039,0,0.33,0,0.6,0.47,0.09,0.3,4994.81,116.77,2.26,0.12,0.0134,,0.01,0.3,0,0,0,0.72,0.05,6.15,0
19,40,19040,0,0,0,0,0,0.06,0,0.35,0.01,0,0,0,,0,,0,0,0,0,0,0,0.02
19,41,19041,0,0,0,0.01,0.01,0.75,0,65.16,1.52,0.03,0,0.0002,,0,,0,0,0,0.75,0.05,0,0.54
19,42,19042,0,0,0,0,0,0.38,0,4.57,0.11,0,0,0,,0,,0,0,0,0.92,0.06,0,0.71
19,43,19043,0,0,0,0,0,0.16,0,0.35,0.01,0,0,0,,0.01,,0,0,0,0,0,0,0.09
19,44,19044,0,0.01,0,0.02,0.01,1.96,0.01,110.39,2.58,0.05,0,0.0003,,0,,0,0,0,0,0,0.07,0.13
19,45,19045,0,0,0,0.02,0.01,0.61,0.01,62.52,1.46,0.03,0,0.0002,,13.61,,0,0,0,1.21,0.08,0,0.12
19,46,19046,0,0.08,0,0.26,0.2,29.17,0.13,2854.49,66.73,1.29,0.07,0.0077,,0,,0,0,0,0,0,0.59,0
19,47,19047,0,0,0,0.01,0.01,0.95,0,8.14,0.19,0,0,0,,0,,0,0,0,0.17,0.01,0.02,0
19,48,19048,0,0.03,0,0.13,0.11,0.08,0.07,1878.69,43.92,0.85,0.04,0.0051,,0,,0,0,0,0.34,0.02,2.7,0.01
19,49,19049,0,0.01,0,0.02,0.02,0.43,0.01,53.5,1.25,0.02,0,0.0001,,0.26,,0,0,0,0,0,0.05,0.04
19,50,19050,0,0,0,0,0,0.11,0,0,0,0,0,0,,0,,0,0,0,0,0,0,0.16
19,51,19051,0,0,0,0,0,0.25,0,2.23,0.05,0,0,0,,0.07,,0,0,0,0.49,0.03,0.09,0.03
20,1,20001,0,0,0,0,0,0.07,0,0.12,0,0,0,0,,0.04,,0,0,0,0,0,0,0
20,2,20002,0,0,0,0.02,0,2.59,0.01,50.8,0.48,0.02,0,0.0001,,0,,0,0,0,0.46,0.03,0,0.91
20,3,20003,0,0,0,0,0,0.13,0,0.41,0,0,0,0,,0,,0,0,0,0,0,0,0
20,4,20004,0,0,0,0,0,0.05,0,0.12,0,0,0,0,,0,,0,0,0,0,0,0,0.01
20,5,20005,0,0,0,0.01,0,0.88,0,6.97,0.07,0,0,0,,0,,0,0,0,0.2,0.01,0,0.28
20,6,20006,0,0,0,0.01,0,0.9,0,24.38,0.23,0.01,0,0.0001,,0.48,,0,0,0,0,0,0.01,0.13
20,7,20007,0,0,0,0,0,0.2,0,0.29,0,0,0,0,,0,,0,0,0,0,0,0,0.03
20,8,20008,0,0,0,0,0,0.04,0,0.76,0.01,0,0,0,,0,,0,0,0,0,0,0,0
20,9,20009,0,0,0,0,0,0.4,0,1.17,0.01,0,0,0,,0,,0,0,0,0,0,0,0.38
20,10,20010,0,0,0,0.01,0,0.82,0,44.88,0.43,0.02,0,0.0001,,0,,0,0,0,0.24,0.02,0.29,0.07
20,11,20011,0,0,0,0,0,0.06,0,0,0,0,0,0,,0,,0,0,0,0,0,0,0.01
20,12,20012,0,0,0,0,0,0.53,0,1.46,0.01,0,0,0,,0,,0,0,0,0,0,0,0.07
20,13,20013,0,0,0,0,0,0.16,0,1.17,0.01,0,0,0,,0,,0,0,0,0,0,0,0.09
20,14,20014,0,0,0,0,0,1.48,0.01,15.59,0.15,0.01,0,0,,0,,0,0,0,0.47,0.03,0,0.1
20,15,20015,0,0,0,0,0,0.3,0,0,0,0,0,0,,0,,0,0,0,0,0,0,0.07
20,16,20016,0,0,0,0,0,0.46,0,0,0,0,0,0,,0,,0,0,0,0,0,0,0.03
20,17,20017,0,0,0,0,0,0.21,0,0.23,0,0,0,0,,0.39,,0,0,0,0,0,0,0.16
20,18,20018,0,0,0,0,0,0.05,0,0.12,0,0,0,0,,0,,0,0,0,0,0,0,0.02
20,19,20019,0,0,0,0,0,0.18,0,0.41,0,0,0,0,,0.34,,0,0,0,0,0,0,0
20,20,20020,0,0,0,0,0,0.23,0,0.41,0,0,0,0,,1.8,,0,0,0,0,0,0,0
20,21,20021,0,0,0,0.01,0,0.88,0,19.57,0.19,0.01,0,0.0001,,0,,0,0,0,0.11,0.01,0.01,0.48
20,22,20022,0,0,0,0,0,0.06,0,0,0,0,0,0,,0,,0,0,0,0,0,0,0.01
20,23,20023,0,0,0,0.01,0,0.92,0,4.69,0.04,0,0,0,,4.44,,0,0,0,0,0,0,0.17
20,24,20024,0,0,0,0,0,0.23,0,0.12,0,0,0,0,,2.49,,0,0,0,0,0,0,0
20,25,20025,0,0,0,0,0,0.61,0,3.87,0.04,0,0,0,,0,,0,0,0,0,0,0,0.18
20,26,20026,0,0,0,0,0,0.46,0,2.58,0.02,0,0,0,,0,,0,0,0,0,0,0,0.1
20,27,20027,0,0,0,0,0,0.14,0,0.53,0.01,0,0,0,,0,,0,0,0,0,0,0,0
20,28,20028,0,0,0,0.01,0,1.05,0,12.48,0.12,0,0,0,,0.22,,0,0,0,0,0,0,0.3
20,29,20029,0,0,0,0,0,0.25,0,0.59,0.01,0,0,0,,0,,0,0,0,0,0,0,0.01
20,30,20030,0,0,0,0,0,0.5,0,4.04,0.04,0,0,0,,0,,0,0,0,0.07,0,0,0.08
20,31,20031,0,0,0,0,0,0.42,0,1.29,0.01,0,0,0,,0,,0,0,0,0,0,0,0
20,32,20032,0,0,0,0,0,0.05,0,0.12,0,0,0,0,,0,,0,0,0,0,0,0,0.02
20,33,20033,0,0,0,0,0,0.14,0,13.83,0.13,0.01,0,0,,0,,0,0,0,0.05,0,0,0.04
20,34,20034,0,0,0,0,0,0.07,0,0.82,0.01,0,0,0,,0,,0,0,0,0,0,0,0.01
20,35,20035,0,0,0,0,0,0.03,0,0.12,0,0,0,0,,0,,0,0,0,0,0,0,0
20,36,20036,0,0,0,0,0,0.32,0,1,0.01,0,0,0,,6.52,,0,0,0,0,0,0,0.26
20,37,20037,0,0,0,0,0,0.24,0,0.29,0,0,0,0,,0,,0,0,0,0,0,0,0
20,38,20038,0,0,0,0,0,0.12,0,6.8,0.06,0,0,0,,0.15,,0,0,0,0,0,0,0
20,39,20039,0,0.01,0,0.02,0,3.54,0.02,35.27,0.33,0.01,0,0.0001,,0,,0,0,0,0,0,0.03,0.06
20,40,20040,0,0,0,0,0,0.35,0,0.47,0,0,0,0,,0,,0,0,0,0,0,0,0.01
20,41,20041,0,0,0,0.01,0,1.95,0.01,8.44,0.08,0,0,0,,0,,0,0,0,0,0,0,0.04
20,42,20042,0,0,0,0,0,0.44,0,9.08,0.09,0,0,0,,1.35,,0,0,0,0,0,0,0
20,43,20043,0,0.01,0,0.03,0,5.25,0.02,140.98,1.34,0.05,0,0.0004,,0,,0,0,0,0.53,0.04,0.01,0.53
20,44,20044,0,0,0,0.02,0,2.4,0.01,53.38,0.51,0.02,0,0.0001,,0,,0,0,0,0.29,0.02,0,0.5
20,45,20045,0,0,0,0,0,0.38,0,42.31,0.4,0.02,0,0.0001,,0,,0,0,0,0,0,0,0.07
20,46,20046,0,0,0,0,0,0.21,0,5.74,0.05,0,0,0,,0,,0,0,0,0,0,0,0.11
20,47,20047,0,0,0,0,0,0.01,0,0.06,0,0,0,0,,0,,0,0,0,0,0,0,0.01
20,48,20048,0,0,0,0,0,0.07,0,0,0,0,0,0,,0,,0,0,0,0,0,0,0.03
20,49,20049,0,0,0,0,0,0.06,0,0,0,0,0,0,,0,,0,0,0,0,0,0,0.03
20,50,20050,0,0,0,0,0,0.21,0,0,0,0,0,0,,0,,0,0,0,0,0,0,0.01
20,51,20051,0,0,0,0,0,0.26,0,2.46,0.02,0,0,0,,0,,0,0,0,0,0,0,0.05
20,52,20052,0,0,0,0,0,0.37,0,2.05,0.02,0,0,0,,0,,0,0,0,0,0,0.03,0.1
20,53,20053,0,0,0,0,0,0.07,0,1.52,0.01,0,0,0,,0,,0,0,0,0,0,0,0.03
20,54,20054,0,0,0,0,0,0.03,0,0.18,0,0,0,0,,0,,0,0,0,0,0,0,0.02
20,55,20055,0,0,0,0,0,0.19,0,1.76,0.02,0,0,0,,0,,0,0,0,0,0,0,0.03
20,56,20056,0,0,0,0,0,0.07,0,0.06,0,0,0,0,,0,,0,0,0,0,0,0,0.01
20,57,20057,0,0.01,0,0.02,0,2.35,0.01,20.22,0.19,0.01,0,0.0001,,0,,0,0,0,0.61,0.04,0,0.61
20,58,20058,0,0,0,0,0,0.79,0,0.7,0.01,0,0,0,,0,,0,0,0,0,0,0,0.01
20,59,20059,0,0,0,0.01,0,1.97,0.01,24.2,0.23,0.01,0,0.0001,,0.07,,0,0,0,0,0,0,0
20,60,20060,0,0,0,0,0,0.15,0,0.06,0,0,0,0,,0,,0,0,0,0,0,0,0
20,61,20061,0,0,0,0,0,0.13,0,0.12,0,0,0,0,,0,,0,0,0,0,0,0,0
20,62,20062,0,0,0,0,0,0.03,0,0.47,0,0,0,0,,0,,0,0,0,0,0,0.1,0
20,63,20063,0,0,0,0,0,0.23,0,5.33,0.05,0,0,0,,0,,0,0,0,0,0,0,0.05
20,64,20064,0,0,0,0,0,0.45,0,0.12,0,0,0,0,,4.65,,0,0,0,0,0,0,0
20,65,20065,0,0,0,0,0,0.08,0,0.12,0,0,0,0,,0,,0,0,0,0,0,0,0.01
20,66,20066,0,0,0,0,0,0.3,0,2.46,0.02,0,0,0,,0,,0,0,0,0,0,0,0.26
20,67,20067,0,0.09,0,0.11,0,0.36,0.07,263.15,2.5,0.1,0.01,0.0007,,0.01,0.28,10.41,1.68,0,0.24,0.02,0.51,0.02
20,68,20068,0,0,0,0.01,0,1.2,0.01,22.27,0.21,0.01,0,0.0001,,0,,0,0,0,0.05,0,0.05,0.24
20,69,20069,0,0,0,0,0,0.13,0,0.12,0,0,0,0,,0,,0,0,0,0,0,0,0.09
20,70,20070,0,0,0,0,0,0.41,0,1.41,0.01,0,0,0,,0,,0,0,0,0,0,0,0.01
20,71,20071,0,0,0,0,0,0.2,0,0.64,0.01,0,0,0,,0.1,,0,0,0,0,0,0,0.08
20,72,20072,0,0,0,0,0,0.38,0,0.82,0.01,0,0,0,,0,,0,0,0,0,0,0,0.11
20,73,20073,0,0,0,0.01,0,1.82,0.01,6.09,0.06,0,0,0,,16.69,,0,0,0,0,0,0,0
20,74,20074,0,0,0,0,0,0.03,0,0.12,0,0,0,0,,0,,0,0,0,0,0,0,0
20,75,20075,0,0,0,0,0,0.16,0,2.05,0.02,0,0,0,,0,,0,0,0,0.13,0.01,0,0.14
20,76,20076,0,0,0,0,0,0.19,0,0.53,0.01,0,0,0,,0,,0,0,0,0,0,0,0
20,77,20077,0,0,0,0,0,0.2,0,3.52,0.03,0,0,0,,0,,0,0,0,0,0,0.01,0.05
20,78,20078,0,0,0,0,0,0.06,0,0.47,0,0,0,0,,0,,0,0,0,0,0,0,0.04
20,79,20079,0,0.02,0,0,0,0.58,0.02,262.04,2.49,0.1,0.01,0.0007,,0,,0,0,373.82,0.08,0.01,0.23,0.02
20,80,20080,0,0,0,0,0,0.09,0,0.64,0.01,0,0,0,,0,,0,0,0,0,0,0,0.06
20,81,20081,0,0,0,0,0,0.11,0,0.29,0,0,0,0,,0,,0,0,0,0,0,0,0.01
20,82,20082,0,0,0,0,0,0.28,0,0.18,0,0,0,0,,0,,0,0,0,0,0,0,0.04
20,83,20083,0,0,0,0,0,0.05,0,40.02,0.38,0.02,0,0.0001,,0.07,,0,0,0,0,0,0,0.01
20,84,20084,0,0,0,0,0,0.2,0,1.23,0.01,0,0,0,,0.01,,0,0,0,0,0,0,0.01
20,85,20085,0,0,0,0.01,0,1.09,0,0.76,0.01,0,0,0,,0.26,,0,0,0,0,0,0,0.14
20,86,20086,0,0,0,0,0,0.05,0,0.64,0.01,0,0,0,,0.82,,0,0,0,0,0,0,0.01
20,87,20087,0,0,0,0,0,0.02,0,5.74,0.05,0,0,0,,0,,0,0,0,0,0,0,0.01
20,88,20088,0,0,0,0,0,0.15,0,5.27,0.05,0,0,0,,2.08,,0,0,0,0,0,0,0
20,89,20089,0,0,0,0,0,0.13,0,0.29,0,0,0,0,,0,,0,0,0,0,0,0,0.03
20,90,20090,0,0,0,0,0,0.35,0,1.64,0.02,0,0,0,,0,,0,0,0,0,0,0,0.02
20,91,20091,0,0,0,0,0,0.05,0,2.93,0.03,0,0,0,,0.06,,0,0,0,0,0,0,0.05
20,92,20092,0,0,0,0,0,0.08,0,0.23,0,0,0,0,,0,,0,0,0,0,0,0,0.04
20,93,20093,0,0,0,0,0,0.03,0,0.12,0,0,0,0,,0,,0,0,0,0,0,0,0.03
20,94,20094,0,0,0,0,0,0.12,0,0.64,0.01,0,0,0,,0,,0,0,0,0,0,0,0.03
20,95,20095,0,0,0,0,0,0.25,0,2.34,0.02,0,0,0,,0.3,,0,0,0,0,0,0,0
20,96,20096,0,0,0,0,0,0.04,0,1.29,0.01,0,0,0,,0,,0,0,0,0,0,0,0.06
20,97,20097,0,0,0,0,0,0.1,0,0.12,0,0,0,0,,0,,0,0,0,0,0,0,0
20,98,20098,0,0,0,0,0,0.26,0,0,0,0,0,0,,0,,0,0,0,0,0,0,0.01
20,99,20099,0,0,0,0,0,0.03,0,0.06,0,0,0,0,,0,,0,0,0,0,0,0,0
20,100,20100,0,0,0,0,0,0.02,0,0.47,0,0,0,0,,0,,0,0,0,0,0,0,0
20,101,20101,0,0,0,0,0,0.05,0,0.18,0,0,0,0,,3.15,,0,0,0,0,0,0,0.02
20,102,20102,0,0,0,0,0,0.23,0,0.82,0.01,0,0,0,,0.18,,0,0,0,0,0,0,0.04
20,103,20103,0,0,0,0,0,0.3,0,3.22,0.03,0,0,0,,0,,0,0,0,0,0,0,0.09
20,104,20104,0,0,0,0,0,0.15,0,0,0,0,0,0,,0,,0,0,0,0,0,0,0.05
20,105,20105,0,0,0,0,0,0.4,0,0,0,0,0,0,,0,,0,0,0,0,0,0,0.07
20,106,20106,0,0,0,0,0,0.02,0,0.18,0,0,0,0,,0,,0,0,0,0,0,0,0.01
20,107,20107,0,0,0,0.01,0,0.08,0,34.1,0.32,0.01,0,0.0001,,0,,0,0,0,0,0,0,0.01
20,108,20108,0,0,0,0,0,0.26,0,1.05,0.01,0,0,0,,0,,0,0,0,0,0,0,0.08
20,109,20109,0,0,0,0,0,0.08,0,0.41,0,0,0,0,,0,,0,0,0,0.28,0.02,0,0
20,110,20110,0,0,0,0,0,0.08,0,0,0,0,0,0,,0,,0,0,0,0,0,0,0.01
20,111,20111,0,0,0,0,0,0.24,0,0.35,0,0,0,0,,0,,0,0,0,0,0,0,0.02
20,112,20112,0,0,0,0,0,0.17,0,2.17,0.02,0,0,0,,0,,0,0,0,0,0,0,0.12
20,113,20113,0,0,0,0,0,0.17,0,0.47,0,0,0,0,,0,,0,0,0,0,0,0,0.02
20,114,20114,0,0,0,0,0,0.04,0,0,0,0,0,0,,0,,0,0,0,0,0,0,0
20,115,20115,0,0,0,0,0,0.03,0,20.22,0.19,0.01,0,0.0001,,0,,0,0,0,0,0,0,0.05
20,116,20116,0,0,0,0,0,0.23,0,0.06,0,0,0,0,,0,,0,0,0,0,0,0,0.01
20,117,20117,0,0,0,0,0,0.16,0,1.23,0.01,0,0,0,,0,,0,0,0,0,0,0,0.02
20,118,20118,0,0,0,0,0,0.15,0,1.05,0.01,0,0,0,,0,,0,0,0,0,0,0,0.04
20,119,20119,0,0,0,0,0,0.02,0,0.23,0,0,0,0,,0,,0,0,0,0,0,0,0.01
20,120,20120,0,0,0,0,0,0.02,0,0.23,0,0,0,0,,0,,0,0,0,0,0,0,0
20,121,20121,0,0,0,0,0,0.04,0,0.12,0,0,0,0,,0,,0,0,0,0,0,0,0.03
20,122,20122,0,0,0,0,0,0.04,0,0.23,0,0,0,0,,0,,0,0,0,0,0,0,0
20,123,20123,0,0,0,0,0,0.15,0,0.59,0.01,0,0,0,,0,,0,0,0,0,0,0,0.08
20,124,20124,0,0,0,0.01,0,0.56,0,65.33,0.62,0.02,0,0.0002,,0,,0,0,0,0,0,0,0.17
20,125,20125,0,0,0,0,0,0.6,0,0.76,0.01,0,0,0,,7.38,,0,0,0,0,0,0,0
20,126,20126,0,0,0,0,0,0.24,0,27.19,0.26,0.01,0,0.0001,,0,,0,0,0,0,0,0,0
20,127,20127,0,0,0,0,0,0.07,0,0,0,0,0,0,,0,,0,0,0,0,0,0,0.01
20,128,20128,0,0,0,0,0,0.07,0,1.76,0.02,0,0,0,,0,,0,0,0,0,0,0,0
20,129,20129,0,0,0,0,0,0.01,0,0.18,0,0,0,0,,0,,0,0,0,0,0,0,0.02
20,130,20130,0,0,0,0,0,0.32,0,1.58,0.02,0,0,0,,0,,0,0,0,0.29,0.02,0,0.04
20,131,20131,0,0,0,0,0,0.58,0,13.18,0.13,0,0,0,,1.22,,0,0,0,0,0,0,0.06
20,132,20132,0,0,0,0,0,0.07,0,0.53,0.01,0,0,0,,0,,0,0,0,0,0,0,0.05
20,133,20133,0,0,0,0,0,0.22,0,0.18,0,0,0,0,,0.04,,0,0,0,0,0,0,0.03
20,134,20134,0,0,0,0.01,0,1.55,0.01,3.34,0.03,0,0,0,,0,,0,0,0,0,0,0,0.63
20,135,20135,0,0,0,0,0,0.38,0,6.21,0.06,0,0,0,,0.15,,0,0,0,0,0,0,0.08
20,136,20136,0,0,0,0,0,0.71,0,1.82,0.02,0,0,0,,0,,0,0,0,0,0,0,0.47
20,137,20137,0,0,0,0,0,0.19,0,0.35,0,0,0,0,,0,,0,0,0,0,0,0,0
20,138,20138,0,0,0,0,0,0.02,0,0.12,0,0,0,0,,0,,0,0,0,0,0,0,0
20,139,20139,0,0,0,0,0,0.12,0,0.06,0,0,0,0,,0,,0,0,0,0,0,0,0
20,140,20140,0,0,0,0,0,0.04,0,0,0,0,0,0,,0,,0,0,0,0,0,0,0.03
20,141,20141,0,0,0,0,0,0.42,0,1.35,0.01,0,0,0,,0,,0,0,0,0,0,0,0.12
20,142,20142,0,0,0,0,0,0.08,0,0,0,0,0,0,,0,,0,0,0,0,0,0,0
20,143,20143,0,0,0,0,0,0.55,0,2.34,0.02,0,0,0,,0,,0,0,0,0.33,0.02,0,0.23
20,144,20144,0,0,0,0,0,0.05,0,0.76,0.01,0,0,0,,0,,0,0,0,0,0,0,0.02
20,145,20145,0,0,0,0,0,0.12,0,5.51,0.05,0,0,0,,0,,0,0,0,0,0,0,0.03
20,146,20146,0,0,0,0,0,0.14,0,0.7,0.01,0,0,0,,0,,0,0,0,0,0,0,0
20,147,20147,0,0,0,0,0,0.02,0,0.47,0,0,0,0,,0,,0,0,0,0,0,0,0.01
20,148,20148,0,0,0,0,0,0.11,0,0.41,0,0,0,0,,0,,0,0,0,0,0,0,0
20,149,20149,0,0,0,0,0,0.08,0,0.47,0,0,0,0,,1.95,,0,0,0,0,0,0,0
20,150,20150,0,0,0,0,0,0.63,0,4.92,0.05,0,0,0,,0.09,,0,0,0,0.32,0.02,0,0.14
20,151,20151,0,0,0,0,0,0.02,0,0.29,0,0,0,0,,0,,0,0,0,0,0,0,0.01
20,152,20152,0,0,0,0,0,0.08,0,0,0,0,0,0,,0,,0,0,0,0,0,0,0.02
20,153,20153,0,0,0,0,0,0.24,0,1,0.01,0,0,0,,0.09,,0,0,0,0,0,0,0.05
20,154,20154,0,0,0,0,0,0.12,0,0,0,0,0,0,,0,,0,0,0,0,0,0,0
20,155,20155,0,0,0,0,0,0.05,0,0,0,0,0,0,,0,,0,0,0,0,0,0,0
20,156,20156,0,0,0,0,0,0.19,0,0.59,0.01,0,0,0,,1.87,,0,0,0,0,0,0,0
20,157,20157,0,0,0,0,0,0.62,0,15.88,0.15,0.01,0,0,,0,,0,0,0,0,0,0,0.01
20,158,20158,0,0,0,0,0,0.13,0,0,0,0,0,0,,0,,0,0,0,0,0,0,0
20,159,20159,0,0,0,0,0,0.3,0,0.18,0,0,0,0,,0.12,,0,0,0,0,0,0,0
20,160,20160,0,0,0,0,0,0.11,0,1.58,0.02,0,0,0,,0,,0,0,0,0,0,0,0.01
20,161,20161,0,0,0,0,0,0.17,0,0.53,0.01,0,0,0,,0,,0,0,0,0.24,0.02,0,0
20,162,20162,0,0,0,0,0,0.11,0,0.29,0,0,0,0,,0,,0,0,0,0,0,0,0.07
20,163,20163,0,0,0,0,0,0.09,0,0.76,0.01,0,0,0,,0,,0,0,0,0,0,0,0
20,164,20164,0,0,0,0,0,0.18,0,0.88,0.01,0,0,0,,0,,0,0,0,0,0,0,0.02
20,165,20165,0,0,0,0,0,0.08,0,0.88,0.01,0,0,0,,0,,0,0,0,0,0,0,0.02
20,166,20166,0,0,0,0,0,0.62,0,5.98,0.06,0,0,0,,0,,0,0,0,0,0,0,0.68
20,167,20167,0,0,0,0,0,0.11,0,1.05,0.01,0,0,0,,0.15,,0,0,0,0,0,0,0
20,168,20168,0,0,0,0,0,0.06,0,0.18,0,0,0,0,,0,,0,0,0,0,0,0,0.01
20,169,20169,0,0,0,0,0,0.23,0,0.35,0,0,0,0,,0,,0,0,0,0,0,0,0.05
20,170,20170,0,0,0,0,0,0.22,0,1.93,0.02,0,0,0,,0,,0,0,0,0,0,0,0
20,171,20171,0,0,0,0.01,0,1.11,0,0.29,0,0,0,0,,0.04,,0,0,0,0,0,0,0.06
20,172,20172,0,0,0,0,0,0.02,0,0,0,0,0,0,,0,,0,0,0,0,0,0,0.01
20,173,20173,0,0,0,0,0,0.08,0,0.06,0,0,0,0,,0.04,,0,0,0,0,0,0,0
20,174,20174,0,0,0,0,0,0.02,0,1.58,0.02,0,0,0,,0,,0,0,0,0,0,0,0.04
20,175,20175,0,0,0,0,0,0.08,0,0.23,0,0,0,0,,0,,0,0,0,0,0,0,0.03
20,176,20176,0,0,0,0,0,0.18,0,0.7,0.01,0,0,0,,0,,0,0,0,0,0,0,0.05
20,177,20177,0,0,0,0,0,0.56,0,2.64,0.03,0,0,0,,0,,0,0,0,0.42,0.03,0,0.01
20,178,20178,0,0,0,0,0,0.3,0,0,0,0,0,0,,0,,0,0,0,0,0,0,0.05
20,179,20179,0,0,0,0,0,0.08,0,0.53,0.01,0,0,0,,0,,0,0,0,0,0,0,0.06
20,180,20180,0,0,0,0,0,0.13,0,0.59,0.01,0,0,0,,0,,0,0,0,0,0,0,0.01
20,181,20181,0,0,0,0,0,0.03,0,0,0,0,0,0,,0,,0,0,0,0,0,0,0.01
20,182,20182,0,0,0,0,0,0.14,0,0.18,0,0,0,0,,0,,0,0,0,0,0,0,0.01
20,183,20183,0,0,0,0,0,0.09,0,0.12,0,0,0,0,,0,,0,0,0,0,0,0,0.01
20,184,20184,0,0.02,0,0.06,0,8.84,0.04,262.51,2.49,0.1,0.01,0.0007,,0,,0,0,0,0.46,0.03,0.08,3.38
20,185,20185,0,0,0,0,0,0.5,0,3.46,0.03,0,0,0,,0,,0,0,0,0,0,0,0.02
20,186,20186,0,0,0,0,0,0.03,0,0,0,0,0,0,,0,,0,0,0,0,0,0,0.01
20,187,20187,0,0,0,0,0,0.12,0,0.12,0,0,0,0,,0,,0,0,0,0,0,0,0.01
20,188,20188,0,0,0,0,0,0.53,0,1.82,0.02,0,0,0,,0,,0,0,0,0,0,0,0.02
20,189,20189,0,0,0,0,0,0.15,0,0,0,0,0,0,,0,,0,0,0,0,0,0,0.16
20,190,20190,0,0,0,0.01,0,1.38,0.01,3.52,0.03,0,0,0,,1.71,,0,0,0,0,0,0,0
20,191,20191,0,0,0,0,0,0.02,0,0,0,0,0,0,,0,,0,0,0,0,0,0,0
20,192,20192,0,0,0,0,0,0.08,0,1,0.01,0,0,0,,0,,0,0,0,0,0,0,0.04
20,193,20193,0,0,0,0,0,0.13,0,1.17,0.01,0,0,0,,16.23,,0,0,0,0,0,0,0.06
20,194,20194,0,0,0,0,0,0.08,0,7.91,0.08,0,0,0,,0,,0,0,0,0,0,0,0.07
20,195,20195,0,0,0,0,0,0.08,0,0.29,0,0,0,0,,0,,0,0,0,0,0,0,0.01
20,196,20196,0,0,0,0,0,0.03,0,0.12,0,0,0,0,,0,,0,0,0,0,0,0,0
20,197,20197,0,0,0,0,0,0.18,0,1.82,0.02,0,0,0,,0,,0,0,0,0.19,0.01,0,0.02
20,198,20198,0,0,0,0.01,0,1.69,0.01,2.34,0.02,0,0,0,,0,,0,0,0,0.37,0.03,0,0.97
20,199,20199,0,0,0,0,0,0.04,0,0.12,0,0,0,0,,0,,0,0,0,0,0,0,0.01
20,200,20200,0,0,0,0,0,0.22,0,0.64,0.01,0,0,0,,0.28,,0,0,0,0,0,0,0
20,201,20201,0,0,0,0,0,0.12,0,0.35,0,0,0,0,,0.73,,0,0,0,0,0,0,0
20,202,20202,0,0,0,0,0,0.24,0,0.29,0,0,0,0,,0.75,,0,0,0,0,0,0,0.05
20,203,20203,0,0,0,0,0,0.21,0,0,0,0,0,0,,0,,0,0,0,0,0,0,0.04
20,204,20204,0,0,0,0,0,0.04,0,0.06,0,0,0,0,,0.04,,0,0,0,0,0,0,0
20,205,20205,0,0,0,0.01,0,1,0,0,0,0,0,0,,0.58,,0,0,0,0,0,0,0.69
20,206,20206,0,0,0,0,0,0.15,0,0.88,0.01,0,0,0,,0,,0,0,0,0,0,0,0
20,207,20207,0,0,0,0.01,0,0.99,0,0.29,0,0,0,0,,0,,0,0,0,0,0,0.06,0
20,208,20208,0,0,0,0,0,0.45,0,0.94,0.01,0,0,0,,0,,0,0,0,0,0,0,0.07
20,209,20209,0,0,0,0,0,0.06,0,0.23,0,0,0,0,,0,,0,0,0,0,0,0,0
20,210,20210,0,0,0,0,0,0.35,0,0,0,0,0,0,,0,,0,0,0,0,0,0,0.07
20,211,20211,0,0,0,0,0,0.17,0,0.23,0,0,0,0,,1.33,,0,0,0,0,0,0,0
20,212,20212,0,0,0,0,0,0.17,0,0,0,0,0,0,,0,,0,0,0,0,0,0,0.05
20,213,20213,0,0,0,0,0,0.25,0,0,0,0,0,0,,7.4,,0,0,0,0,0,0,0.01
20,214,20214,0,0,0,0,0,0.15,0,0.53,0.01,0,0,0,,0,,0,0,0,0,0,0,0
20,215,20215,0,0,0,0,0,0.04,0,0,0,0,0,0,,0,,0,0,0,0,0,0,0.04
20,216,20216,0,0,0,0,0,0.07,0,1.88,0.02,0,0,0,,0,,0,0,0,0,0,0,0
20,217,20217,0,0,0,0,0,0.19,0,0,0,0,0,0,,0,,0,0,0,0,0,0,0.07
20,218,20218,0,0,0,0,0,0.03,0,0.29,0,0,0,0,,2.09,,0,0,0,0,0,0,0.01
20,219,20219,0,0,0,0,0,0.16,0,0.47,0,0,0,0,,0,,0,0,0,0,0,0,0.03
20,220,20220,0,0,0,0,0,0.18,0,0.06,0,0,0,0,,0,,0,0,0,0,0,0,0
20,221,20221,0,0,0,0,0,0.08,0,0.35,0,0,0,0,,0,,0,0,0,0,0,0,0.02
20,222,20222,0,0,0,0,0,0.09,0,3.16,0.03,0,0,0,,0,,0,0,0,0,0,0,0
20,223,20223,0,0,0,0,0,0.03,0,0.35,0,0,0,0,,0,,0,0,0,0,0,0,0
20,224,20224,0,0,0,0,0,0.04,0,0.41,0,0,0,0,,0,,0,0,0,0,0,0,0.04
20,225,20225,0,0,0,0,0,0.35,0,0,0,0,0,0,,0,,0,0,0,0,0,0,0.02
20,226,20226,0,0,0,0,0,0.15,0,2.93,0.03,0,0,0,,0,,0,0,0,0,0,0,0.1
20,227,20227,0,0,0,0,0,0.19,0,5.98,0.06,0,0,0,,0,,0,0,0,0,0,0,0.03
20,228,20228,0,0,0,0,0,0.05,0,0.59,0.01,0,0,0,,0,,0,0,0,0,0,0,0
20,229,20229,0,0,0,0,0,0.39,0,0,0,0,0,0,,7.98,,0,0,0,0,0,0,0
20,230,20230,0,0,0,0,0,0.06,0,0.35,0,0,0,0,,0,,0,0,0,0,0,0,0.01
20,231,20231,0,0,0,0,0,0.15,0,0.18,0,0,0,0,,0,,0,0,0,0,0,0,0
20,232,20232,0,0,0,0.01,0,1.22,0.01,1.93,0.02,0,0,0,,0,,0,0,0,0,0,0,1.1
20,233,20233,0,0,0,0,0,0.11,0,0.53,0.01,0,0,0,,0,,0,0,0,0,0,0,0.05
20,234,20234,0,0,0,0,0,0.45,0,0,0,0,0,0,,0,,0,0,0,0,0,0,0.01
20,235,20235,0,0,0,0,0,0.21,0,8.14,0.08,0,0,0,,0,,0,0,0,0,0,0,0
20,236,20236,0,0,0,0,0,0.09,0,0,0,0,0,0,,0,,0,0,0,0,0,0,0
20,237,20237,0,0,0,0,0,0.13,0,0.59,0.01,0,0,0,,0,,0,0,0,0,0,0,0.02
20,238,20238,0,0,0,0,0,0.05,0,0.12,0,0,0,0,,0,,0,0,0,0,0,0,0.02
20,239,20239,0,0,0,0,0,0.06,0,0,0,0,0,0,,0,,0,0,0,0,0,0,0.02
20,240,20240,0,0,0,0,0,0.16,0,0,0,0,0,0,,0,,0,0,0,0,0,0,0.02
20,241,20241,0,0,0,0,0,0.06,0,0.7,0.01,0,0,0,,0,,0,0,0,0,0,0,0.01
20,242,20242,0,0,0,0,0,0.76,0,0.23,0,0,0,0,,0,,0,0,0,0,0,0,0.02
20,243,20243,0,0,0,0,0,0.1,0,19.16,0.18,0.01,0,0.0001,,2.53,,0,0,0,0,0,0,0.06
20,244,20244,0,0,0,0,0,0.22,0,0.7,0.01,0,0,0,,0.17,,0,0,0,0,0,0,0
20,245,20245,0,0,0,0,0,0.07,0,0.35,0,0,0,0,,0,,0,0,0,0,0,0,0.02
20,246,20246,0,0,0,0,0,0.04,0,1.23,0.01,0,0,0,,0,,0,0,0,0,0,0,0
20,247,20247,0,0,0,0,0,0.08,0,0.47,0,0,0,0,,0.01,,0,0,0,0,0,0,0
20,248,20248,0,0,0,0,0,0.77,0,2.05,0.02,0,0,0,,0,,0,0,0,0,0,0,0.03
20,249,20249,0,0,0,0,0,0.2,0,0.88,0.01,0,0,0,,0,,0,0,0,0,0,0,0
20,250,20250,0,0,0,0,0,0.07,0,0.12,0,0,0,0,,0,,0,0,0,0,0,0,0.04
20,251,20251,0,0,0,0,0,0.07,0,0.18,0,0,0,0,,0,,0,0,0,0,0,0,0.01
20,252,20252,0,0,0,0,0,0.11,0,1.82,0.02,0,0,0,,0,,0,0,0,0,0,0,0.02
20,253,20253,0,0,0,0,0,0.16,0,0.59,0.01,0,0,0,,0.22,,0,0,0,0,0,0,0.07
20,254,20254,0,0,0,0,0,0.17,0,1.29,0.01,0,0,0,,0,,0,0,0,0,0,0,0
20,255,20255,0,0,0,0,0,0.11,0,0.82,0.01,0,0,0,,2.09,,0,0,0,0,0,0,0.04
20,256,20256,0,0,0,0,0,0.01,0,0.23,0,0,0,0,,0,,0,0,0,0,0,0,0.01
20,257,20257,0,0,0,0,0,0.06,0,0,0,0,0,0,,0,,0,0,0,0,0,0,0
20,258,20258,0,0,0,0,0,0.05,0,0,0,0,0,0,,0,,0,0,0,0,0,0,0.01
20,259,20259,0,0,0,0,0,0.14,0,0.59,0.01,0,0,0,,0,,0,0,0,0,0,0,0.01
20,260,20260,0,0,0,0,0,0.16,0,0.12,0,0,0,0,,0,,0,0,0,0,0,0,0
20,261,20261,0,0,0,0,0,0.36,0,0.59,0.01,0,0,0,,0,,0,0,0,0,0,0,0.07
20,262,20262,0,0,0,0,0,0.06,0,0.06,0,0,0,0,,0,,0,0,0,0,0,0,0
20,263,20263,0,0,0,0,0,0.17,0,0.82,0.01,0,0,0,,0,,0,0,0,0,0,0,0
20,264,20264,0,0,0,0,0,0.12,0,0,0,0,0,0,,0,,0,0,0,0,0,0,0.03
20,265,20265,0,0,0,0,0,0.4,0,0.41,0,0,0,0,,5.48,,0,0,0,0,0,0,0.32
20,266,20266,0,0,0,0,0,0.46,0,0.47,0,0,0,0,,18.11,,0,0,0,0,0,0,0.08
20,267,20267,0,0,0,0,0,0.02,0,0.59,0.01,0,0,0,,0,,0,0,0,0,0,0,0
20,268,20268,0,0,0,0,0,0.05,0,0.41,0,0,0,0,,0,,0,0,0,0,0,0,0.05
20,269,20269,0,0,0,0,0,0.19,0,0.76,0.01,0,0,0,,0,,0,0,0,0,0,0,0.04
20,270,20270,0,0,0,0,0,0.08,0,3.93,0.04,0,0,0,,0,,0,0,0,0,0,0,0.02
20,271,20271,0,0,0,0,0,0.15,0,0.18,0,0,0,0,,0,,0,0,0,0,0,0,0.1
20,272,20272,0,0,0,0,0,0.35,0,0.12,0,0,0,0,,3.76,,0,0,0,0,0,0,0.05
20,273,20273,0,0,0,0,0,0.19,0,0.06,0,0,0,0,,6.58,,0,0,0,0,0,0,0.26
20,274,20274,0,0,0,0,0,0.08,0,0.12,0,0,0,0,,0,,0,0,0,0,0,0,0.03
20,275,20275,0,0,0,0,0,0.37,0,0.53,0.01,0,0,0,,0,,0,0,0,0,0,0,0
20,276,20276,0,0,0,0,0,0.05,0,0.53,0.01,0,0,0,,0.2,,0,0,0,0,0,0,0
20,277,20277,0,0,0,0,0,0.73,0,0.59,0.01,0,0,0,,0.78,,0,0,0,0,0,0,0
20,278,20278,0,0,0,0.01,0,2.13,0.01,3.34,0.03,0,0,0,,0,,0,0,0,0,0,0,0.78
20,279,20279,0,0,0,0,0,0.16,0,1.93,0.02,0,0,0,,0,,0,0,0,0,0,0,0
20,280,20280,0,0,0,0,0,0.14,0,1.23,0.01,0,0,0,,0.44,,0,0,0,0,0,0,0
20,281,20281,0,0,0,0,0,0.01,0,0,0,0,0,0,,0,,0,0,0,0,0,0,0.01
20,282,20282,0,0,0,0,0,0.04,0,0.12,0,0,0,0,,0,,0,0,0,0,0,0,0.03
20,283,20283,0,0,0,0,0,0.06,0,0.35,0,0,0,0,,0,,0,0,0,0,0,0,0.02
20,284,20284,0,0,0,0,0,0.21,0,1.11,0.01,0,0,0,,0,,0,0,0,0,0,0,0.02
20,285,20285,0,0,0,0,0,0.19,0,0.7,0.01,0,0,0,,0,,0,0,0,0,0,0,0.02
20,286,20286,0,0,0,0,0,0.2,0,0.64,0.01,0,0,0,,0,,0,0,0,0,0,0,0.01
20,287,20287,0,0,0,0,0,0.02,0,0.29,0,0,0,0,,0,,0,0,0,0,0,0,0
20,288,20288,0,0,0,0,0,0.04,0,0.12,0,0,0,0,,0,,0,0,0,0,0,0,0
20,289,20289,0,0,0,0,0,0.06,0,0.18,0,0,0,0,,0,,0,0,0,0,0,0,0
20,290,20290,0,0,0,0,0,0.06,0,0.12,0,0,0,0,,0,,0,0,0,0,0,0,0.01
20,291,20291,0,0,0,0,0,0.24,0,0.59,0.01,0,0,0,,0.29,,0,0,0,0,0,0,0
20,292,20292,0,0,0,0,0,0.08,0,0,0,0,0,0,,0.01,,0,0,0,0.17,0.01,0,0.06
20,293,20293,0,0,0,0.01,0,0.34,0,1.23,0.01,0,0,0,,0,,0,0,0,0.08,0.01,0,0.03
20,294,20294,0,0,0,0,0,0.36,0,4.51,0.04,0,0,0,,0,,0,0,0,0.07,0,0,0.1
20,295,20295,0,0,0,0,0,0.5,0,7.62,0.07,0,0,0,,2.87,,0,0,0,0,0,0,0.16
20,296,20296,0,0,0,0,0,0.06,0,1.35,0.01,0,0,0,,3.24,,0,0,0,0,0,0,0
20,297,20297,0,0,0,0,0,0.15,0,0.06,0,0,0,0,,0,,0,0,0,0,0,0,0.03
20,298,20298,0,0,0,0,0,0.69,0,27.36,0.26,0.01,0,0.0001,,0,,0,0,0,0,0,0.19,0.1
20,299,20299,0,0,0,0,0,0.06,0,8.85,0.08,0,0,0,,0,,0,0,0,0,0,0,0
20,300,20300,0,0,0,0,0,0.33,0,0.76,0.01,0,0,0,,0,,0,0,0,0,0,0,0
20,301,20301,0,0,0,0,0,0.09,0,1.64,0.02,0,0,0,,0,,0,0,0,0,0,0,0.09
20,302,20302,0,0,0,0,0,0.21,0,0.59,0.01,0,0,0,,0,,0,0,0,0,0,0,0.01
20,303,20303,0,0,0,0,0,0.06,0,0.64,0.01,0,0,0,,0.07,,0,0,0,0,0,0,0
20,304,20304,0,0,0,0,0,0.05,0,0.18,0,0,0,0,,0,,0,0,0,0,0,0,0.02
20,305,20305,0,0,0,0,0,0.24,0,2.29,0.02,0,0,0,,0,,0,0,0,0.18,0.01,0,0.12
20,306,20306,0,0,0,0,0,0.24,0,0,0,0,0,0,,0,,0,0,0,0,0,0,0.02
20,307,20307,0,0,0,0,0,0.54,0,1.76,0.02,0,0,0,,0,,0,0,0,0,0,0.08,0.1
20,308,20308,0,0,0,0,0,0.16,0,1.64,0.02,0,0,0,,0,,0,0,0,0,0,0.01,0.04
20,309,20309,0,0,0,0,0,0.67,0,0.59,0.01,0,0,0,,0,,0,0,0,0,0,0,0.21
20,310,20310,0,0,0,0,0,0.33,0,2.81,0.03,0,0,0,,0,,0,0,0,0,0,0,0.07
20,311,20311,0,0,0,0,0,0.02,0,6.8,0.06,0,0,0,,0,,0,0,0,0.2,0.01,0,0
20,312,20312,0,0,0,0,0,0.63,0,0.41,0,0,0,0,,0,,0,0,0,0,0,0,0.02
20,313,20313,0,0,0,0,0,0.05,0,18.4,0.17,0.01,0,0,,0.15,,0,0,0,0,0,0,0
20,314,20314,0,0,0,0,0,0.1,0,0.41,0,0,0,0,,0,,0,0,0,0,0,0,0.01
20,315,20315,0,0,0,0,0,0.11,0,0.59,0.01,0,0,0,,0,,0,0,0,0,0,0,0.07
20,316,20316,0,0,0,0,0,0.04,0,0.23,0,0,0,0,,0,,0,0,0,0,0,0,0
20,317,20317,0,0,0,0,0,0.08,0,0,0,0,0,0,,0.09,,0,0,0,0,0,0,0.01
20,318,20318,0,0.01,0,0.01,0,2.06,0.01,37.21,0.35,0.01,0,0.0001,,0.1,,0.72,0.07,0.01,0,0,0.01,0
20,319,20319,0,0,0,0,0,0.07,0,0,0,0,0,0,,0,,0,0,0,0,0,0,0
20,320,20320,0,0,0,0,0,0.05,0,0.47,0,0,0,0,,0,,0,0,0,0,0,0,0.01
20,321,20321,0,0,0,0,0,0.05,0,0,0,0,0,0,,0,,0,0,0,0,0,0,0.01
20,322,20322,0,0,0,0,0,0.05,0,0,0,0,0,0,,0,,0,0,0,0,0,0,0
20,323,20323,0,0,0,0,0,0.13,0,0.41,0,0,0,0,,0,,0,0,0,0,0,0,0
20,324,20324,0,0,0,0.01,0,2.37,0.01,22.62,0.21,0.01,0,0.0001,,0.82,,0,0,0,0,0,0,0.08
20,325,20325,0,0,0,0,0,0.6,0,4.92,0.05,0,0,0,,0,,0,0,0,0,0,0,0.06
20,326,20326,0,0,0,0,0,0.28,0,0,0,0,0,0,,0,,0,0,0,0,0,0,0.01
20,327,20327,0,0,0,0.01,0,0.83,0,4.92,0.05,0,0,0,,0,,0,0,0,0.62,0.04,0,0.94
20,328,20328,0,0,0,0,0,0.07,0,7.32,0.07,0,0,0,,0,,0,0,0,0,0,0,0.06
20,329,20329,0,0,0,0,0,0.08,0,0.06,0,0,0,0,,0,,0,0,0,0,0,0,0.03
20,330,20330,0,0,0,0,0,0.25,0,0.23,0,0,0,0,,0,,0,0,0,0,0,0,0.01
20,331,20331,0,0,0,0,0,0.04,0,0.76,0.01,0,0,0,,0,,0,0,0,0,0,0,0.02
20,332,20332,0,0,0,0,0,0.02,0,0,0,0,0,0,,0,,0,0,0,0,0,0,0.01
20,333,20333,0,0,0,0,0,0.16,0,1.46,0.01,0,0,0,,0,,0,0,0,0,0,0,0.07
20,334,20334,0,0,0,0.02,0,2.49,0.01,14.12,0.13,0.01,0,0,,1.27,,0,0,0,0,0,0,0.31
20,335,20335,0,0,0,0,0,0.06,0,0,0,0,0,0,,0,,0,0,0,0,0,0,0
20,336,20336,0,0,0,0,0,0.17,0,0.23,0,0,0,0,,11.67,,0,0,0,0,0,0,0
20,337,20337,0,0,0,0,0,0.26,0,1.35,0.01,0,0,0,,0.12,,0,0,0,0,0,0,0
20,338,20338,0,0,0,0,0,0.47,0,15.29,0.15,0.01,0,0,,0,,0,0,0,0.05,0,0,0.03
20,339,20339,0,0,0,0,0,0.22,0,12.01,0.11,0,0,0,,0,,0,0,0,0,0,0.2,0.04
20,340,20340,0,0,0,0,0,0.11,0,0.64,0.01,0,0,0,,0,,0,0,0,0,0,0,0.03
20,341,20341,0,0,0,0,0,0.01,0,0.12,0,0,0,0,,0,,0,0,0,0,0,0,0.01
20,342,20342,0,0,0,0,0,0.11,0,0.59,0.01,0,0,0,,0,,0,0,0,0,0,0,0.02
20,343,20343,0,0,0,0,0,0.09,0,0.47,0,0,0,0,,0,,0,0,0,0,0,0,0.03
20,344,20344,0,0,0,0,0,0.15,0,0.64,0.01,0,0,0,,0,,0,0,0,0,0,0,0
20,345,20345,0,0,0,0,0,0.21,0,0.29,0,0,0,0,,0,,0,0,0,0,0,0,0.01
20,346,20346,0,0,0,0,0,0.09,0,3.98,0.04,0,0,0,,0,,0,0,0,0,0,0,0.02
20,347,20347,0,0,0,0,0,0.19,0,9.96,0.09,0,0,0,,0.01,,0,0,0,0,0,0,0
20,348,20348,0,0,0,0,0,0.42,0,1.17,0.01,0,0,0,,0.28,,0,0,0,0,0,0,0.06
20,349,20349,0,0,0,0,0,0.12,0,0.41,0,0,0,0,,0,,0,0,0,0,0,0,0.03
20,350,20350,0,0,0,0.01,0,0,0,8.97,0.09,0,0,0,,0,,0,0,0,0,0,0.01,0.01
20,351,20351,0,0,0,0,0,0.11,0,0,0,0,0,0,,0,,0,0,0,0,0,0,0
20,352,20352,0,0,0,0,0,0.15,0,0,0,0,0,0,,0,,0,0,0,0,0,0,0.01
20,353,20353,0,0,0,0,0,0.1,0,0.06,0,0,0,0,,0,,0,0,0,0,0,0,0
20,354,20354,0,0,0,0,0,0.03,0,0,0,0,0,0,,0,,0,0,0,0,0,0,0
20,355,20355,0,0,0,0,0,0.05,0,0.41,0,0,0,0,,2.48,,0,0,0,0,0,0,0
20,356,20356,0,0,0,0,0,0.12,0,14.53,0.14,0.01,0,0,,0,,0,0,0,0,0,0,0.03
20,357,20357,0,0,0,0,0,0.06,0,2.46,0.02,0,0,0,,0,,0,0,0,0,0,0,0
20,358,20358,0,0,0,0,0,0.1,0,0.23,0,0,0,0,,0.04,,0,0,0,0,0,0,0.06
20,359,20359,0,0,0,0,0,0.06,0,0.23,0,0,0,0,,0,,0,0,0,0,0,0,0
20,360,20360,0,0,0,0,0,0.2,0,0.53,0.01,0,0,0,,0,,0,0,0,0,0,0,0.05
20,361,20361,0,0,0,0,0,0.06,0,0.06,0,0,0,0,,0,,0,0,0,0,0,0,0
20,362,20362,0,0,0,0,0,0.08,0,0.12,0,0,0,0,,0,,0,0,0,0,0,0,0
20,363,20363,0,0,0,0,0,0.15,0,0.23,0,0,0,0,,0.08,,0,0,0,0,0,0,0
20,364,20364,0,0,0,0,0,0.88,0,5.45,0.05,0,0,0,,21.52,,0,0,0,0,0,0,0.13
20,365,20365,0,0,0,0,0,0.07,0,0,0,0,0,0,,0,,0,0,0,0,0,0,0
20,366,20366,0,0,0,0,0,0.25,0,0.59,0.01,0,0,0,,0,,0,0,0,0,0,0,0.01
20,367,20367,0,0,0,0,0,0.27,0,1.99,0.02,0,0,0,,0,,0,0,0,0,0,0,0.01
20,368,20368,0,0,0,0,0,0.1,0,1.88,0.02,0,0,0,,0,,0,0,0,0,0,0,0.02
20,369,20369,0,0,0,0,0,0.1,0,0.76,0.01,0,0,0,,0,,0,0,0,0,0,0,0.03
20,370,20370,0,0,0,0,0,0.04,0,0,0,0,0,0,,0,,0,0,0,0,0,0,0.01
20,371,20371,0,0,0,0,0,0.06,0,0.35,0,0,0,0,,0,,0,0,0,0,0,0,0.01
20,372,20372,0,0,0,0,0,0.11,0,0,0,0,0,0,,0.09,,0,0,0,0,0,0,0.02
20,373,20373,0,0,0,0,0,0.02,0,0.23,0,0,0,0,,0,,0,0,0,0,0,0,0.01
20,374,20374,0,0,0,0,0,0.08,0,0.35,0,0,0,0,,0,,0,0,0,0,0,0,0
20,375,20375,0,0,0,0,0,0.54,0,3.16,0.03,0,0,0,,0,,0,0,0,0,0,0,0
20,376,20376,0,0,0,0,0,0.02,0,0,0,0,0,0,,0,,0,0,0,0,0,0,0
20,377,20377,0,0,0,0,0,0.64,0,16.47,0.16,0.01,0,0,,2.48,,0,0,0,0,0,0,0
20,378,20378,0,0,0,0,0,0.18,0,0.76,0.01,0,0,0,,0.39,,0,0,0,0,0,0,0.08
20,379,20379,0,0,0,0,0,0.16,0,0.06,0,0,0,0,,0,,0,0,0,0,0,0,0.02
20,380,20380,0,0,0,0,0,0.12,0,5.33,0.05,0,0,0,,0,,0,0,0,0,0,0,0.03
20,381,20381,0,0,0,0,0,0.15,0,2.75,0.03,0,0,0,,0,,0,0,0,0,0,0,0.03
20,382,20382,0,0,0,0,0,0.07,0,0.23,0,0,0,0,,0,,0,0,0,0,0,0,0.01
20,383,20383,0,0,0,0,0,0.03,0,0,0,0,0,0,,0,,0,0,0,0,0,0,0.01
20,384,20384,0,0,0,0,0,0.24,0,16.7,0.16,0.01,0,0,,0,,0,0,0,0,0,0,0
20,385,20385,0,0.01,0,0,0,0.8,0.02,34.34,0.33,0.01,0,0.0001,,0,,0,0,0,0.13,0.01,0,0.03
20,386,20386,0,0,0,0,0,1.03,0,0,0,0,0,0,,1.06,,0,0,0,0,0,0,0
20,387,20387,0,0,0,0,0,0.16,0,0.23,0,0,0,0,,0.07,,0,0,0,0,0,0,0.12
20,388,20388,0,0,0,0,0,0.14,0,0,0,0,0,0,,0,,0,0,0,0,0,0,0.06
20,389,20389,0,0,0,0,0,0.06,0,0.12,0,0,0,0,,0,,0,0,0,0,0,0,0.02
20,390,20390,0,0.01,0,0.02,0,2.8,0.01,76.64,0.73,0.03,0,0.0002,,0,,0,0,0,0.06,0,0.05,0
20,391,20391,0,0,0,0,0,0.18,0,0.18,0,0,0,0,,0,,0,0,0,0,0,0,0
20,392,20392,0,0,0,0,0,0.39,0,0.06,0,0,0,0,,0.96,,0,0,0,0,0,0,0
20,393,20393,0,0,0,0,0,0.22,0,0.23,0,0,0,0,,0,,0,0,0,0,0,0,0.05
20,394,20394,0,0,0,0,0,0.15,0,0.12,0,0,0,0,,0,,0,0,0,0,0,0,0
20,395,20395,0,0,0,0,0,0.1,0,0,0,0,0,0,,0,,0,0,0,0,0,0,0.03
20,396,20396,0,0,0,0,0,0.2,0,0.29,0,0,0,0,,0,,0,0,0,0,0,0,0.01
20,397,20397,0,0,0,0.01,0,2.12,0.01,17.17,0.16,0.01,0,0,,1.51,,0,0,0,0,0,0,0.07
20,398,20398,0,0,0,0,0,0.27,0,2.99,0.03,0,0,0,,1.35,,0,0,0,0,0,0,0.11
20,399,20399,0,0,0,0.01,0,0.36,0.01,56.66,0.54,0.02,0,0.0002,,0.12,,0,0,0,0,0,0,0.03
20,400,20400,0,0,0,0,0,0.08,0,0.76,0.01,0,0,0,,0,,0,0,0,0,0,0,0.01
20,401,20401,0,0,0,0.01,0,1.18,0.01,1.93,0.02,0,0,0,,0,,0,0,0,0,0,0,0.11
20,402,20402,0,0,0,0,0,0.06,0,0.12,0,0,0,0,,0,,0,0,0,0,0,0,0.01
20,403,20403,0,0,0,0,0,0.04,0,6.15,0.06,0,0,0,,0,,0,0,0,0,0,0,0.01
20,404,20404,0,0,0,0,0,0.05,0,0.12,0,0,0,0,,0,,0,0,0,0,0,0,0.04
20,405,20405,0,0,0,0,0,0.1,0,8.2,0.08,0,0,0,,1.3,,0,0,0,0,0,0,0.01
20,406,20406,0,0,0,0.01,0,1.26,0.01,0.94,0.01,0,0,0,,0,,0,0,0,0,0,0,0.05
20,407,20407,0,0,0,0,0,0.53,0,0.23,0,0,0,0,,127.88,,0,0,0,0,0,0,0.37
20,408,20408,0,0,0,0,0,0.03,0,0,0,0,0,0,,0,,0,0,0,0,0,0,0.01
20,409,20409,0,0,0,0,0,0.05,0,39.49,0.37,0.01,0,0.0001,,0,,0,0,0,0,0,0,0.03
20,410,20410,0,0,0,0,0,0.22,0,0,0,0,0,0,,0.55,,0,0,0,0,0,0,0
20,411,20411,0,0,0,0,0,0.04,0,0.18,0,0,0,0,,0,,0,0,0,0,0,0,0.01
20,412,20412,0,0,0,0,0,0.18,0,1.88,0.02,0,0,0,,0,,0,0,0,0,0,0,0.18
20,413,20413,0,0.01,0,0.01,0,2.03,0.01,16.35,0.16,0.01,0,0,,1.57,,4.44,0.66,0.35,0,0,0,0.07
20,414,20414,0,0,0,0,0,0.63,0,4.75,0.05,0,0,0,,0,,0,0,0,0,0,0,0.07
20,415,20415,0,0,0,0,0,0.26,0,0.59,0.01,0,0,0,,0,,0,0,0,0,0,0,0
20,416,20416,0,0,0,0,0,0.04,0,7.56,0.07,0,0,0,,0,,0,0,0,0.08,0.01,0,0
20,417,20417,0,0,0,0,0,0.55,0,0.12,0,0,0,0,,0,,0,0,0,0,0,0,0.57
20,418,20418,0,0,0,0,0,0.68,0,5.04,0.05,0,0,0,,0,,0,0,0,0,0,0,0.11
20,419,20419,0,0,0,0,0,0.03,0,0.29,0,0,0,0,,0,,0,0,0,0,0,0,0
20,420,20420,0,0,0,0,0,0.09,0,0,0,0,0,0,,0,,0,0,0,0,0,0,0
20,421,20421,0,0,0,0,0,0.26,0,0.88,0.01,0,0,0,,0,,0,0,0,0,0,0,0.07
20,422,20422,0,0,0,0,0,0.04,0,0.12,0,0,0,0,,0,,0,0,0,0,0,0,0.01
20,423,20423,0,0,0,0,0,0.03,0,0.12,0,0,0,0,,0.06,,0,0,0,0,0,0,0.01
20,424,20424,0,0,0,0,0,0.25,0,0.12,0,0,0,0,,0.04,,0,0,0,0,0,0,0
20,425,20425,0,0,0,0,0,0.13,0,0.06,0,0,0,0,,0,,0,0,0,0,0,0,0
20,426,20426,0,0,0,0,0,0.47,0,0.29,0,0,0,0,,0.03,,0,0,0,0,0,0,0.28
20,427,20427,0,0,0,0.01,0,0.85,0,3.28,0.03,0,0,0,,0,,0,0,0,0.09,0.01,0,0.11
20,428,20428,0,0,0,0,0,0.09,0,0.18,0,0,0,0,,2.05,,0,0,0,0,0,0,0
20,429,20429,0,0,0,0,0,0.09,0,0,0,0,0,0,,0.04,,0,0,0,0,0,0,0
20,430,20430,0,0,0,0,0,0.02,0,0.06,0,0,0,0,,0.27,,0,0,0,0,0,0,0.01
20,431,20431,0,0,0,0,0,0.1,0,0.88,0.01,0,0,0,,0,,0,0,0,0.34,0.02,0,0
20,432,20432,0,0,0,0,0,0.06,0,0.7,0.01,0,0,0,,0,,0,0,0,0,0,0,0
20,433,20433,0,0,0,0,0,0.16,0,0.06,0,0,0,0,,0,,0,0,0,0,0,0,0.01
20,434,20434,0,0,0,0,0,0.27,0,0,0,0,0,0,,0,,0,0,0,0,0,0,0
20,435,20435,0,0,0,0,0,0.14,0,0.18,0,0,0,0,,0,,0,0,0,0,0,0,0
20,436,20436,0,0,0,0,0,0.06,0,22.44,0.21,0.01,0,0.0001,,0,,0,0,0,0,0,0,0
20,437,20437,0,0,0,0,0,0.55,0,3.34,0.03,0,0,0,,0,,0,0,0,0,0,0,0
20,438,20438,0,0,0,0,0,0.1,0,0.18,0,0,0,0,,0,,0,0,0,0,0,0,0
20,439,20439,0,0,0,0.01,0,1.3,0.01,0.35,0,0,0,0,,0,,0,0,0,0,0,0,0.12
20,440,20440,0,0,0,0,0,0.05,0,0.23,0,0,0,0,,0,,0,0,0,0,0,0,0.02
20,441,20441,0,0,0,0,0,0.45,0,36.21,0.34,0.01,0,0.0001,,0,,0,0,0,0,0,0,0.09
20,442,20442,0,0,0,0,0,0.02,0,0.12,0,0,0,0,,0,,0,0,0,0,0,0,0
20,443,20443,0,0,0,0,0,0.03,0,3.63,0.03,0,0,0,,0,,0,0,0,0,0,0,0
20,444,20444,0,0,0,0,0,0.03,0,0.18,0,0,0,0,,0,,0,0,0,0,0,0,0.01
20,445,20445,0,0,0,0,0,0.08,0,0,0,0,0,0,,0,,0,0,0,0,0,0,0.02
20,446,20446,0,0,0,0,0,0.4,0,0.64,0.01,0,0,0,,0,,0,0,0,0,0,0,0.08
20,447,20447,0,0,0,0,0,0.84,0,1.58,0.02,0,0,0,,2.92,,0,0,0,0,0,0,0
20,448,20448,0,0,0,0,0,0.11,0,0,0,0,0,0,,0.23,,0,0,0,0,0,0,0
20,449,20449,0,0,0,0,0,0.19,0,1.82,0.02,0,0,0,,0,,0,0,0,0,0,0,0.12
20,450,20450,0,0,0,0,0,0.68,0,0.12,0,0,0,0,,0,,0,0,0,0,0,0,0
20,451,20451,0,0,0,0,0,0.05,0,0,0,0,0,0,,0,,0,0,0,0,0,0,0.03
20,452,20452,0,0,0,0,0,0.23,0,9.61,0.09,0,0,0,,0,,0,0,0,0.1,0.01,0,0.07
20,453,20453,0,0,0,0,0,0.22,0,2.05,0.02,0,0,0,,0,,0,0,0,0,0,0,0.04
20,454,20454,0,0,0,0,0,0.19,0,0,0,0,0,0,,0,,0,0,0,0,0,0,0
20,455,20455,0,0,0,0,0,0.14,0,0.94,0.01,0,0,0,,0,,0,0,0,0,0,0,0.01
20,456,20456,0,0,0,0,0,0.09,0,0.88,0.01,0,0,0,,0,,0,0,0,0,0,0,0.01
20,457,20457,0,0,0,0,0,0.19,0,0.12,0,0,0,0,,0.18,,0,0,0,0,0,0,0
20,458,20458,0,0,0,0,0,0.08,0,0.23,0,0,0,0,,0,,0,0,0,0,0,0,0
20,459,20459,0,0,0,0,0,0.26,0,2.23,0.02,0,0,0,,0,,0,0,0,0,0,0,0.05
20,460,20460,0,0,0,0,0,0.3,0,0.41,0,0,0,0,,0,,0,0,0,0,0,0,0.2
20,461,20461,0,0,0,0,0,0.03,0,0.12,0,0,0,0,,0,,0,0,0,0,0,0,0.01
20,462,20462,0,0,0,0,0,0.25,0,2.34,0.02,0,0,0,,0,,0,0,0,0,0,0,0.03
20,463,20463,0,0,0,0,0,0.04,0,0.06,0,0,0,0,,0.09,,0,0,0,0.23,0.02,0,0.02
20,464,20464,0,0,0,0,0,0.03,0,1.58,0.02,0,0,0,,0,,0,0,0,0,0,0,0.02
20,465,20465,0,0,0,0,0,0.09,0,0.53,0.01,0,0,0,,18.99,,0,0,0,0,0,0,0
20,466,20466,0,0,0,0,0,0.71,0,0.12,0,0,0,0,,2.42,,0,0,0,0,0,0,0.04
20,467,20467,0,0,0,0.01,0,1.05,0,8.2,0.08,0,0,0,,0,,0,0,0,0,0,0,0.2
20,468,20468,0,0,0,0,0,0.76,0,0.12,0,0,0,0,,0,,0,0,0,0,0,0,0.43
20,469,20469,0,0,0,0.01,0,2.04,0.01,9.79,0.09,0,0,0,,12.47,,0,0,0,0,0,0,0.05
20,470,20470,0,0,0,0,0,0.27,0,0.12,0,0,0,0,,0,,0,0,0,0,0,0,0.33
20,471,20471,0,0,0,0,0,0.03,0,0,0,0,0,0,,0,,0,0,0,0,0,0,0
20,472,20472,0,0,0,0,0,0.17,0,0.47,0,0,0,0,,0,,0,0,0,0,0,0,0.08
20,473,20473,0,0,0,0,0,0.08,0,0.47,0,0,0,0,,0,,0,0,0,0,0,0,0
20,474,20474,0,0,0,0,0,0.18,0,0.59,0.01,0,0,0,,0,,0,0,0,0,0,0,0.02
20,475,20475,0,0,0,0,0,0.56,0,9.38,0.09,0,0,0,,0.42,,0,0,0,0,0,0,0.11
20,476,20476,0,0,0,0,0,0.02,0,0.18,0,0,0,0,,0.29,,0,0,0,0,0,0,0
20,477,20477,0,0,0,0,0,0.09,0,0.06,0,0,0,0,,0,,0,0,0,0,0,0,0
20,478,20478,0,0,0,0,0,0.12,0,0.41,0,0,0,0,,0,,0,0,0,0,0,0,0
20,479,20479,0,0,0,0,0,0.01,0,0,0,0,0,0,,0,,0,0,0,0,0,0,0.01
20,480,20480,0,0,0,0,0,0.05,0,0,0,0,0,0,,0.13,,0,0,0,0,0,0,0.01
20,481,20481,0,0,0,0,0,0.13,0,2.99,0.03,0,0,0,,0,,0,0,0,0,0,0,0.08
20,482,20482,0,0.01,0,0.02,0,2.72,0.01,17.87,0.17,0.01,0,0,,0.22,,0,0,0,0,0,0,0.19
20,483,20483,0,0,0,0,0,0.52,0,0.88,0.01,0,0,0,,0,,0,0,0,0.29,0.02,0,0.11
20,484,20484,0,0,0,0,0,0.24,0,0.94,0.01,0,0,0,,0,,0,0,0,0,0,0,0.03
20,485,20485,0,0,0,0,0,0.17,0,0,0,0,0,0,,0,,0,0,0,0,0,0,0.02
20,486,20486,0,0,0,0,0,0.13,0,0.59,0.01,0,0,0,,0,,0,0,0,0,0,0,0.04
20,487,20487,0,0,0,0,0,0.11,0,0.23,0,0,0,0,,0,,0,0,0,0,0,0,0.06
20,488,20488,0,0,0,0,0,0.01,0,0.29,0,0,0,0,,0,,0,0,0,0,0,0,0
20,489,20489,0,0,0,0,0,0.29,0,0.12,0,0,0,0,,0.36,,0,0,0,0,0,0,0.02
20,490,20490,0,0,0,0,0,0.17,0,0.06,0,0,0,0,,0,,0,0,0,0,0,0,0
20,491,20491,0,0,0,0,0,0.24,0,4.75,0.05,0,0,0,,5.35,,0,0,0,0,0,0,0
20,492,20492,0,0,0,0,0,0.2,0,0.18,0,0,0,0,,0,,0,0,0,0,0,0,0.05
20,493,20493,0,0,0,0,0,0.03,0,0.41,0,0,0,0,,0,,0,0,0,0,0,0,0.04
20,494,20494,0,0,0,0,0,0.27,0,0,0,0,0,0,,0,,0,0,0,0,0,0,0.13
20,495,20495,0,0,0,0,0,0.17,0,0.23,0,0,0,0,,0.36,,0,0,0,0,0,0,0
20,496,20496,0,0,0,0,0,0.1,0,0.59,0.01,0,0,0,,0.21,,0,0,0,0,0,0,0
20,497,20497,0,0,0,0,0,0.22,0,0.59,0.01,0,0,0,,0,,0,0,0,0,0,0,0.01
20,498,20498,0,0,0,0,0,0.34,0,0,0,0,0,0,,3.37,,0,0,0,0,0,0,1.01
20,499,20499,0,0,0,0,0,0.12,0,2.4,0.02,0,0,0,,0,,0,0,0,0,0,0,0.01
20,500,20500,0,0,0,0,0,0.44,0,1.23,0.01,0,0,0,,9.59,,0,0,0,0,0,0,0.05
20,501,20501,0,0,0,0,0,0.05,0,0.18,0,0,0,0,,0,,0,0,0,0,0,0,0.01
20,502,20502,0,0,0,0,0,0.3,0,0,0,0,0,0,,0,,0,0,0,0,0,0,0
20,503,20503,0,0,0,0,0,0.03,0,2.93,0.03,0,0,0,,0,,0,0,0,0,0,0,0
20,504,20504,0,0,0,0,0,0.09,0,0.76,0.01,0,0,0,,0,,0,0,0,0,0,0,0
20,505,20505,0,0,0,0,0,0.45,0,5.86,0.06,0,0,0,,0,,0,0,0,0,0,0,0.25
20,506,20506,0,0,0,0,0,0.05,0,4.75,0.05,0,0,0,,0,,0,0,0,0,0,0,0.04
20,507,20507,0,0,0,0,0,0.18,0,0.29,0,0,0,0,,0,,0,0,0,0,0,0,0.02
20,508,20508,0,0,0,0,0,0.08,0,0.64,0.01,0,0,0,,0,,0,0,0,0,0,0,0.11
20,509,20509,0,0,0,0,0,0.54,0,0.88,0.01,0,0,0,,1.13,,0,0,0,0,0,0,0.05
20,510,20510,0,0,0,0,0,0.1,0,0.76,0.01,0,0,0,,0,,0,0,0,0,0,0,0.01
20,511,20511,0,0,0,0,0,0.2,0,0.29,0,0,0,0,,0,,0,0,0,0,0,0,0.05
20,512,20512,0,0,0,0,0,0.06,0,0.18,0,0,0,0,,0,,0,0,0,0,0,0,0
20,513,20513,0,0,0,0,0,0.46,0,2.4,0.02,0,0,0,,0,,0,0,0,0,0,0,0.33
20,514,20514,0,0,0,0,0,0.05,0,0,0,0,0,0,,0,,0,0,0,0,0,0,0
20,515,20515,0,0.01,0,0,0,1.75,0.02,39.96,0.38,0.02,0,0.0001,,0.11,,0,0,0,0.36,0.03,0.01,0.43
20,516,20516,0,0,0,0,0,0.24,0,0.06,0,0,0,0,,4.38,,0,0,0,0,0,0,0
20,517,20517,0,0,0,0,0,0.23,0,1.23,0.01,0,0,0,,0,,0,0,0,0,0,0,0
20,518,20518,0,0,0,0,0,0.01,0,0.41,0,0,0,0,,0,,0,0,0,0,0,0,0.01
20,519,20519,0,0,0,0,0,0.03,0,4.51,0.04,0,0,0,,0,,0,0,0,0,0,0,0.02
20,520,20520,0,0,0,0,0,0.4,0,2.34,0.02,0,0,0,,0,,0,0,0,0,0,0.11,0.06
20,521,20521,0,0,0,0,0,0.02,0,0,0,0,0,0,,0,,0,0,0,0,0,0,0.01
20,522,20522,0,0,0,0,0,0.06,0,0.18,0,0,0,0,,0.06,,0,0,0,0,0,0,0
20,523,20523,0,0,0,0,0,0.09,0,0.47,0,0,0,0,,0,,0,0,0,0,0,0,0.06
20,524,20524,0,0,0,0,0,0.03,0,0,0,0,0,0,,0,,0,0,0,0,0,0,0.01
20,525,20525,0,0,0,0,0,0.66,0,6.68,0.06,0,0,0,,3.36,,0,0,0,0.11,0.01,0,0.52
20,526,20526,0,0,0,0.01,0,0.89,0,1.35,0.01,0,0,0,,0.04,,0,0,0,0,0,0,0.09
20,527,20527,0,0,0,0,0,0.16,0,0.06,0,0,0,0,,0,,0,0,0,0,0,0,0
20,528,20528,0,0,0,0,0,0.07,0,0.29,0,0,0,0,,0,,0,0,0,0,0,0,0.01
20,529,20529,0,0,0,0,0,0.08,0,0,0,0,0,0,,0,,0,0,0,0,0,0,0
20,530,20530,0,0,0,0,0,0.18,0,10.37,0.1,0,0,0,,0,,0,0,0,0,0,0,0.11
20,531,20531,0,0,0,0,0,0.11,0,9.43,0.09,0,0,0,,0.12,,0,0,0,0,0,0,0.08
20,532,20532,0,0,0,0,0,0.23,0,0,0,0,0,0,,0.09,,0,0,0,0,0,0,0.04
20,533,20533,0,0,0,0,0,0.11,0,1.11,0.01,0,0,0,,0,,0,0,0,0,0,0,0
20,534,20534,0,0,0,0,0,0.21,0,3.81,0.04,0,0,0,,0,,0,0,0,0,0,0,0.11
20,535,20535,0,0,0,0,0,0.19,0,0.29,0,0,0,0,,0.41,,0,0,0,0,0,0,0
20,536,20536,0,0,0,0,0,0.03,0,0.29,0,0,0,0,,0,,0,0,0,0,0,0,0.01
20,537,20537,0,0,0,0,0,0.4,0,1.05,0.01,0,0,0,,0,,0,0,0,0,0,0,0.06
20,538,20538,0,0,0,0,0,0.04,0,0.53,0.01,0,0,0,,0,,0,0,0,0,0,0,0
20,539,20539,0,0,0,0,0,0.26,0,1.41,0.01,0,0,0,,0,,0,0,0,0,0,0,0.1
20,540,20540,0,0,0,0,0,0.41,0,9.08,0.09,0,0,0,,0,,0,0,0,0,0,0,0.05
20,541,20541,0,0,0,0,0,0.1,0,2.93,0.03,0,0,0,,0,,0,0,0,0,0,0,0
20,542,20542,0,0,0,0,0,0.05,0,0.12,0,0,0,0,,0,,0,0,0,0,0,0,0.02
20,543,20543,0,0,0,0,0,0.33,0,1.46,0.01,0,0,0,,0,,0,0,0,0,0,0,0.09
20,544,20544,0,0,0,0,0,0.08,0,0.7,0.01,0,0,0,,9.09,,0,0,0,0,0,0,0
20,545,20545,0,0,0,0,0,0.53,0,5.27,0.05,0,0,0,,0,,0,0,0,0.04,0,0,0
20,546,20546,0,0,0,0,0,0.34,0,80.22,0.76,0.03,0,0.0002,,0,,0,0,0,0,0,0,0.03
20,547,20547,0,0,0,0,0,0.06,0,0.41,0,0,0,0,,0,,0,0,0,0,0,0,0.02
20,548,20548,0,0,0,0,0,0.09,0,0.7,0.01,0,0,0,,0,,0,0,0,0,0,0,0.03
20,549,20549,0,0,0,0,0,0.67,0,2.87,0.03,0,0,0,,0,,0,0,0,0,0,0,0.18
20,550,20550,0,0,0,0,0,0.29,0,3.34,0.03,0,0,0,,0,,0,0,0,0,0,0,0.06
20,551,20551,0,0,0,0.01,0,1.01,0,34.22,0.32,0.01,0,0.0001,,0,,0,0,0,0.07,0,0,0.28
20,552,20552,0,0,0,0,0,0.03,0,0,0,0,0,0,,0,,0,0,0,0,0,0,0.01
20,553,20553,0,0,0,0,0,0.11,0,44.53,0.42,0.02,0,0.0001,,0.2,,0,0,0,0.05,0,0,0.06
20,554,20554,0,0,0,0,0,0.29,0,1.11,0.01,0,0,0,,0,,0,0,0,0,0,0,0
20,555,20555,0,0,0,0,0,0.17,0,0.06,0,0,0,0,,0,,0,0,0,0,0,0,0.08
20,556,20556,0,0,0,0,0,0.01,0,0,0,0,0,0,,0,,0,0,0,0,0,0,0.01
20,557,20557,0,0,0,0.01,0,0.79,0,8.55,0.08,0,0,0,,0,,0,0,0,0,0,0,0.13
20,558,20558,0,0,0,0,0,0.09,0,0.18,0,0,0,0,,0,,0,0,0,0,0,0,0
20,559,20559,0,0,0,0.01,0,1.3,0.01,5.68,0.05,0,0,0,,0,,0,0,0,0,0,0,0.55
20,560,20560,0,0,0,0,0,0.36,0,2.4,0.02,0,0,0,,0,,0,0,0,0,0,0,0.06
20,561,20561,0,0,0,0,0,0.15,0,2.11,0.02,0,0,0,,0,,0,0,0,0,0,0,0.11
20,562,20562,0,0,0,0,0,0.07,0,1.76,0.02,0,0,0,,0,,0,0,0,0,0,0,0.01
20,563,20563,0,0,0,0,0,0.07,0,0.12,0,0,0,0,,0,,0,0,0,0,0,0,0.04
20,564,20564,0,0,0,0,0,0.07,0,4.28,0.04,0,0,0,,0,,0,0,0,0,0,0,0.04
20,565,20565,0,0,0,0.01,0,0.16,0.01,14.18,0.13,0.01,0,0,,0,,0,0,0,0.11,0.01,0,0.1
20,566,20566,0,0,0,0,0,0.2,0,0.12,0,0,0,0,,0,,0,0,0,0,0,0,0
20,567,20567,0,0,0,0,0,0.19,0,0.06,0,0,0,0,,0,,0,0,0,0,0,0,0.03
20,568,20568,0,0,0,0,0,0.08,0,2.58,0.02,0,0,0,,0,,0,0,0,0,0,0,0.01
20,569,20569,0,0,0,0,0,0.1,0,0.23,0,0,0,0,,0,,0,0,0,0,0,0,0.04
20,570,20570,0,0,0,0.01,0,1.12,0,19.57,0.19,0.01,0,0.0001,,0.5,,0,0,0,0,0,0,0.17
21,1,21001,0,0.01,0,0,0,3.25,0.01,45.82,0.43,0.01,0,0.0001,,0.29,,0,0,0,0.65,0.04,0,0.41
21,2,21002,0,0,0,0.01,0,0.52,0,5.33,0.05,0,0,0,,0,,0,0,0,0,0,0,0
21,3,21003,0,0,0,0.03,0,1.99,0.01,21.09,0.2,0.01,0,0.0001,,0,,0,0,0,0,0,0,0.31
21,4,21004,0,0,0,0.03,0,2.83,0.01,94.22,0.89,0.03,0,0.0003,,0.12,,0,0,0,0,0,0,0
21,5,21005,0,0,0,0,0,0.18,0,45.18,0.43,0.01,0,0.0001,,0,,0,0,0,0,0,0,0.07
21,6,21006,0,0,0,0.01,0,0.84,0,1.64,0.02,0,0,0,,0,,0,0,0,0,0,0,0
21,7,21007,0,0,0,0,0,0.21,0,0.41,0,0,0,0,,0,,0,0,0,0,0,0,0.02
21,8,21008,0,0,0,0,0,0.59,0,1.99,0.02,0,0,0,,0.6,,0,0,0,0.07,0,0.8,0.06
21,9,21009,0,0,0,0,0,0.12,0,0.53,0,0,0,0,,0,,0,0,0,0,0,0,0.02
21,10,21010,0,0,0,0.04,0,3.35,0.01,211.24,1.99,0.06,0.01,0.0006,,0,,0,0,0,0,0,0,0.02
21,11,21011,0,0,0,0,0,0.11,0,1.11,0.01,0,0,0,,0,,0,0,0,0,0,0,0.02
21,12,21012,0,0,0,0.01,0,0.37,0,0.88,0.01,0,0,0,,0.13,,0,0,0,0,0,0,0.22
21,13,21013,0,0,0,0,0,1.05,0,42.6,0.4,0.01,0,0.0001,,0,,0,0,0,0.26,0.02,0,0.04
21,14,21014,0,0,0,0,0,0.31,0,1.41,0.01,0,0,0,,0,,0,0,0,0,0,0,0
21,15,21015,0,0.01,0,0.06,0,0.54,0.02,95.1,0.9,0.03,0.01,0.0003,,1.71,,0,0,0,0.46,0.03,0.03,0.22
21,16,21016,0,0,0,0.01,0,0.45,0,6.04,0.06,0,0,0,,5.76,,0,0,0,0,0,0,0
21,17,21017,0,0,0,0,0,1.36,0.01,10.37,0.1,0,0,0,,0,,0,0,0,0.07,0.01,0,0
21,18,21018,0,0,0,0,0,0.22,0,1.05,0.01,0,0,0,,0,,0,0,0,0,0,0,0.01
21,19,21019,0,0.02,0,0.11,0.01,7.47,0.03,211.53,2,0.06,0.01,0.0006,,0.54,,0,0,0,0.79,0.05,0,0.36
21,20,21020,0,0,0,0,0,0.38,0,15.59,0.15,0,0,0,,0,,0,0,0,0,0,0,0.05
21,21,21021,0,0,0,0,0,0.08,0,0.41,0,0,0,0,,0,,0,0,0,0,0,0,0.02
21,22,21022,0,0,0,0.01,0,0.67,0,4.45,0.04,0,0,0,,0.06,,0,0,0,0,0,0,0.14
21,23,21023,0,0,0,0.01,0,0.49,0,5.33,0.05,0,0,0,,0.35,,0,0,0,0,0,0,0.18
21,24,21024,0,0,0,0,0,0.06,0,0.29,0,0,0,0,,0,,0,0,0,0,0,0,0.01
21,25,21025,0,0,0,0.01,0,0.48,0,4.45,0.04,0,0,0,,0,,0,0,0,0,0,0.05,0
21,26,21026,0,0,0,0.01,0,0.81,0,3.87,0.04,0,0,0,,0.47,,0,0,0,0,0,0,0.13
21,27,21027,0,0,0,0,0,0.28,0,0.47,0,0,0,0,,0,,0,0,0,0,0,0,0
21,28,21028,0,0,0,0,0,0.14,0,0.59,0.01,0,0,0,,0,,0,0,0,0,0,0,0
21,29,21029,0,0,0,0,0,0.23,0,2.29,0.02,0,0,0,,0,,0,0,0,0,0,0,0
21,30,21030,0,0,0,0,0,0.04,0,0.41,0,0,0,0,,0,,0,0,0,0,0,0,0
21,31,21031,0,0,0,0,0,0.19,0,2.87,0.03,0,0,0,,0,,0,0,0,0,0,0,0.08
21,32,21032,0,0,0,0,0,0.08,0,0.94,0.01,0,0,0,,0,,0,0,0,0,0,0,0.04
21,33,21033,0,0,0,0,0,0.27,0,37.44,0.35,0.01,0,0.0001,,0,,0,0,0,0,0,0,0.07
21,34,21034,0,0,0,0.02,0,0.07,0.01,91.17,0.86,0.03,0,0.0002,,0,,0,0,0,0,0,0,0.11
21,35,21035,0,0,0,0.02,0,1.21,0.01,31.17,0.29,0.01,0,0.0001,,0,,0,0,0,0.52,0.04,0,0
21,36,21036,0,0,0,0,0,0.77,0,1.88,0.02,0,0,0,,0,,0,0,0,0,0,0,0
21,37,21037,0,0,0,0,0,0.14,0,5.39,0.05,0,0,0,,0,,0,0,0,0,0,0,0.02
21,38,21038,0,0,0,0.01,0,0.44,0,12.07,0.11,0,0,0,,0,,0,0,0,0.22,0.02,0,0.03
21,39,21039,0,0,0,0.01,0,0.52,0,1.46,0.01,0,0,0,,0,,0,0,0,0,0,0,0
21,40,21040,0,0,0,0.01,0,0.47,0,21.91,0.21,0.01,0,0.0001,,0,,0,0,0,0,0,0,0.14
21,41,21041,0,0,0,0.05,0,0.35,0.01,1249.84,11.79,0.38,0.07,0.0034,,0,,0,0,0,0,0,0.04,0.12
21,42,21042,0,0,0,0,0,0.2,0,2.17,0.02,0,0,0,,0,,0,0,0,0,0,0,0.06
21,43,21043,0,0,0,0.04,0,2.8,0.01,7.38,0.07,0,0,0,,0,,0,0,0,0,0,0,0
21,44,21044,0,0,0,0.01,0,0.88,0,4.8,0.05,0,0,0,,0.52,,0,0,0,0.52,0.04,0,0.34
21,45,21045,0,0,0,0.03,0,2.5,0.01,45,0.42,0.01,0,0.0001,,0.39,,0,0,0,0.44,0.03,0.01,0.7
21,46,21046,0,0,0,0,0,0.38,0,21.15,0.2,0.01,0,0.0001,,0.1,,0,0,0,0.38,0.03,0.01,0
21,47,21047,0,0,0,0,0,1.13,0,10.08,0.1,0,0,0,,0,,0,0,0,0,0,0.02,0.31
21,48,21048,0,0,0,0.01,0,0.21,0,7.68,0.07,0,0,0,,0,,0,0,0,0,0,0,0.08
21,49,21049,0,0,0,0,0,0.83,0,1.58,0.01,0,0,0,,0,,0,0,0,0,0,0,0
21,50,21050,0,0,0,0.01,0,1.41,0.01,0.82,0.01,0,0,0,,0,,0,0,0,0,0,0,0.14
21,51,21051,0,0,0,0.03,0,2.01,0.01,61.7,0.58,0.02,0,0.0002,,0,,0,0,0,0.51,0.04,0.15,0.34
21,52,21052,0,0,0,0,0,0.07,0,16.47,0.16,0.01,0,0,,0,,0,0,0,0,0,0,0
21,53,21053,0,0,0,0.05,0,3.15,0.01,46.82,0.44,0.01,0,0.0001,,0.12,,0,0,0,0,0,0.04,0
21,54,21054,0,0,0,0.02,0,1.6,0.01,65.63,0.62,0.02,0,0.0002,,2.65,,0,0,0,0.1,0.01,0.01,0
21,55,21055,0,0,0,0,0,0.28,0,9.14,0.09,0,0,0,,0,,0,0,0,0,0,0,0.04
21,56,21056,0,0,0,0,0,0.08,0,0.59,0.01,0,0,0,,0,,0,0,0,0,0,0,0.01
21,57,21057,0,0,0,0.01,0,0.41,0,2.29,0.02,0,0,0,,0,,0,0,0,0,0,0.02,0.03
21,58,21058,0,0,0,0.01,0,1.12,0,2.75,0.03,0,0,0,,0,,0,0,0,0,0,0,0.28
21,59,21059,0,0,0,0,0,0.14,0,1.35,0.01,0,0,0,,0,,0,0,0,0,0,0,0.01
21,60,21060,0,0,0,0,0,0.02,0,1.7,0.02,0,0,0,,0,,0,0,0,0,0,0,0.03
21,61,21061,0,0,0,0.01,0,0.69,0,0.29,0,0,0,0,,0,,0,0,0,0,0,0,0
21,62,21062,0,0,0,0,0,0.26,0,0.47,0,0,0,0,,0,,0,0,0,0,0,0,0.08
21,63,21063,0,0,0,0.01,0,0.82,0,5.57,0.05,0,0,0,,0,,0,0,0,0.54,0.04,0,0.25
21,64,21064,0,0,0,0.02,0,0.98,0,5.74,0.05,0,0,0,,0,,0,0,0,0,0,0,0.02
21,65,21065,0,0,0,0.01,0,1.07,0,3.57,0.03,0,0,0,,0.37,,0,0,0,0,0,0,0.02
21,66,21066,0,0,0,0,0,0.39,0,1.46,0.01,0,0,0,,0,,0,0,0,0,0,0,0.26
21,67,21067,0,0,0,0.01,0,0.92,0,20.92,0.2,0.01,0,0.0001,,1.22,,0,0,0,0,0,0,0.1
21,68,21068,0,0,0,0.01,0,0.46,0,1.52,0.01,0,0,0,,0,,0,0,0,0,0,0,0
21,69,21069,0,0,0,0.02,0,1.56,0.01,3.63,0.03,0,0,0,,0,,0,0,0,0.25,0.02,0,0.23
21,70,21070,0,0,0,0.01,0,0.4,0,9.55,0.09,0,0,0,,0,,0,0,0,0,0,0.05,0
21,71,21071,0,0.01,0,0.08,0.01,5.56,0.02,46.41,0.44,0.01,0,0.0001,,1.35,,0,0,0,0,0,0.01,0
21,72,21072,0,0,0,0,0,0.96,0,4.16,0.04,0,0,0,,0,,0,0,0,0,0,0,0
21,73,21073,0,0,0,0.01,0,0.51,0,3.98,0.04,0,0,0,,0,,0,0,0,0,0,0,0.12
21,74,21074,0,0.01,0,0,0,1.77,0.02,415.03,3.91,0.13,0.02,0.0011,,0,,9.64,1.32,0,0.32,0.02,0.01,0.21
21,75,21075,0,0,0,0.01,0,0.68,0,5.22,0.05,0,0,0,,0,,0,0,0,0,0,0,0
21,76,21076,0,0,0,0.02,0,1.6,0.01,39.85,0.38,0.01,0,0.0001,,0,,0,0,0,0,0,0,0
21,77,21077,0,0,0,0,0,0.29,0,0.76,0.01,0,0,0,,0,,0,0,0,0,0,0,0
21,78,21078,0,0,0,0.01,0,0.74,0,1.58,0.01,0,0,0,,0,,0,0,0,0,0,0,0
21,79,21079,0,0,0,0,0,0.3,0,4.34,0.04,0,0,0,,0,,0,0,0,0,0,0,0.08
21,80,21080,0,0,0,0,0,0.19,0,0.94,0.01,0,0,0,,0,,0,0,0,0,0,0,0
21,81,21081,0,0,0,0,0,0.22,0,1.35,0.01,0,0,0,,0,,0,0,0,0,0,0,0.06
21,82,21082,0,0,0,0.01,0,0.46,0,3.16,0.03,0,0,0,,0,,0,0,0,0,0,0.01,0.03
21,83,21083,0,0,0,0.02,0,1.54,0.01,4.57,0.04,0,0,0,,12.06,,0,0,0,0,0,0,0
21,84,21084,0,0,0,0.01,0,0.41,0,2.75,0.03,0,0,0,,0,,0,0,0,0,0,0,0
21,85,21085,0,0.01,0,0.06,0,4.25,0.02,62.05,0.59,0.02,0,0.0002,,0.01,,0,0,0,0.54,0.04,0.17,0.48
21,86,21086,0,0,0,0.01,0,0.74,0,0.41,0,0,0,0,,0,,0,0,0,0,0,0,0.01
21,87,21087,0,0,0,0.01,0,0.72,0,18.28,0.17,0.01,0,0,,0.04,,0,0,0,0,0,0.1,0.1
21,88,21088,0,0,0,0,0,0.29,0,1.35,0.01,0,0,0,,0,,0,0,0,0,0,0,0
21,89,21089,0,0,0,0.01,0,0.78,0,1.88,0.02,0,0,0,,0,,0,0,0,0,0,0,0
21,90,21090,0,0,0,0,0,0.04,0,93.46,0.88,0.03,0,0.0003,,0,,0,0,0,0,0,0,0.08
21,91,21091,0,0,0,0.01,0,0.59,0,5.74,0.05,0,0,0,,0,,0,0,0,0,0,0.01,0
21,92,21092,0,0,0,0,0,0.3,0,11.78,0.11,0,0,0,,0,,0,0,0,0,0,0,0.01
21,93,21093,0,0,0,0.01,0,0.48,0,0.06,0,0,0,0,,1.34,,0,0,0,0,0,0,0.09
21,94,21094,0,0,0,0.02,0,1.73,0.01,14.71,0.14,0,0,0,,1.74,,0,0,0,0.79,0.05,0,0.36
21,95,21095,0,0,0,0,0,0.03,0,2.23,0.02,0,0,0,,0,,0,0,0,0,0,0,0
21,96,21096,0,0,0,0,0,0.15,0,1.05,0.01,0,0,0,,0.12,,0,0,0,0.4,0.03,0,0.07
21,97,21097,0,0,0,0,0,0.13,0,0.7,0.01,0,0,0,,0,,0,0,0,0,0,0,0.01
21,98,21098,0,0,0,0.01,0,0.35,0,1.17,0.01,0,0,0,,0,,0,0,0,0,0,0,0.04
21,99,21099,0,0,0,0.02,0,1.09,0,5.63,0.05,0,0,0,,0,,0,0,0,0.69,0.05,0,0.21
21,100,21100,0,0,0,0.01,0,0.6,0,1.35,0.01,0,0,0,,0,,0,0,0,0,0,0,0
21,101,21101,0,0,0,0,0,0.21,0,1.82,0.02,0,0,0,,0,,0,0,0,0,0,0,0
21,102,21102,0,0,0,0.01,0,0.64,0,15.88,0.15,0,0,0,,0.09,,0,0,0,0,0,0.01,0.1
21,103,21103,0,0,0,0,0,0.34,0,4.28,0.04,0,0,0,,0.55,,0,0,0,0,0,0,0
21,104,21104,0,0,0,0.02,0,1.49,0.01,4.86,0.05,0,0,0,,0,,0,0,0,0.84,0.06,0,0.27
21,105,21105,0,0,0,0,0,0.28,0,0.76,0.01,0,0,0,,0.12,,0,0,0,0,0,0,0.05
21,106,21106,0,0,0,0.02,0,0.75,0.01,59.83,0.56,0.02,0,0.0002,,0,,0,0,0,0,0,0.14,0.02
21,107,21107,0,0,0,0.01,0,0.74,0,2.4,0.02,0,0,0,,0,,0,0,0,0,0,0,0
21,108,21108,0,0,0,0.01,0,0.88,0,16.82,0.16,0.01,0,0,,0.17,,0,0,0,0.13,0.01,0.14,0.23
21,109,21109,0,0,0,0.02,0,1.11,0,37.03,0.35,0.01,0,0.0001,,0,,0,0,0,0,0,0,0
21,110,21110,0,0,0,0.03,0,2.39,0.01,9.67,0.09,0,0,0,,0.63,,0,0,0,0,0,0,0.21
21,111,21111,0,0,0,0.02,0,1.12,0,6.74,0.06,0,0,0,,0,,0,0,0,0,0,0,0.02
21,112,21112,0,0,0,0.01,0,0.56,0,4.22,0.04,0,0,0,,0,,0,0,0,0,0,0,0.15
21,113,21113,0,0,0,0,0,0.25,0,0.94,0.01,0,0,0,,0,,0,0,0,0,0,0,0.05
21,114,21114,0,0.26,0.01,1.44,0.09,2.72,0.39,3590.91,33.87,1.1,0.19,0.0097,,3.35,0.46,0,0,0,0.6,0.04,2.82,0.34
21,115,21115,0,0,0,0.03,0,2.6,0.01,8.91,0.08,0,0,0,,0,,0,0,0,0,0,0,0.2
21,116,21116,0,0,0,0.01,0,1.2,0.01,0.82,0.01,0,0,0,,0.74,,0,0,0,0,0,0,0.18
21,117,21117,0,0,0,0.01,0,0.79,0,260.46,2.46,0.08,0.01,0.0007,,0,,0,0,0,0,0,0,0.04
21,118,21118,0,0,0,0.02,0,1.48,0.01,4.75,0.04,0,0,0,,0,,0,0,0,0,0,0,0.11
21,119,21119,0,0.01,0,0.07,0,0.24,0.02,238.02,2.24,0.07,0.01,0.0006,,0,,0,0,0,0,0,0.01,0.06
21,120,21120,0,0,0,0,0,0.28,0,0.23,0,0,0,0,,0,,0,0,0,0,0,0,0
21,121,21121,0,0,0,0,0,0.08,0,1.93,0.02,0,0,0,,0,,0,0,0,0,0,0.03,0.01
21,122,21122,0,0,0,0.01,0,0.32,0,1.99,0.02,0,0,0,,0.26,,0,0,0,0,0,0,0.08
21,123,21123,0,0,0,0,0,0.26,0,0.23,0,0,0,0,,0,,0,0,0,0,0,0,0
21,124,21124,0,0,0,0.01,0,0.82,0,40.55,0.38,0.01,0,0.0001,,0,,0,0,0,0,0,0,0.04
21,125,21125,0,0,0,0,0,0.01,0,59.65,0.56,0.02,0,0.0002,,0,,0,0,0,0,0,0,0.02
21,126,21126,0,0,0,0,0,0.32,0,0.47,0,0,0,0,,0.03,,0,0,0,0,0,0,0.08
21,127,21127,0,0,0,0,0,0.24,0,4.57,0.04,0,0,0,,0,,0,0,0,0,0,0,0.03
21,128,21128,0,0,0,0.01,0,0.45,0,1.41,0.01,0,0,0,,0,,0,0,0,0.41,0.03,0,0.17
21,129,21129,0,0,0,0.01,0,0.73,0,5.16,0.05,0,0,0,,0,,0,0,0,0,0,0,0.02
21,130,21130,0,0,0,0,0,0.2,0,0.59,0.01,0,0,0,,0,,0,0,0,0.23,0.02,0,0.3
21,131,21131,0,0,0,0,0,0.05,0,10.66,0.1,0,0,0,,0,,0,0,0,0,0,0,0
21,132,21132,0,0.02,0,0.11,0.01,0.23,0.03,437.18,4.12,0.13,0.02,0.0012,,0,,0,0,0,0.3,0.02,0.04,0.21
21,133,21133,0,0,0,0,0,0.05,0,0.29,0,0,0,0,,0,,0,0,0,0,0,0,0.03
21,134,21134,0,0,0,0.01,0,1.04,0,4.86,0.05,0,0,0,,0,,0,0,0,0,0,0,0.15
21,135,21135,0,0,0,0,0,0.04,0,10.55,0.1,0,0,0,,0,,0,0,0,0,0,0,0.02
21,136,21136,0,0,0,0.01,0,0.01,0,68.32,0.64,0.02,0,0.0002,,0,,0,0,0,0,0,0,0.02
21,137,21137,0,0,0,0.01,0,0.51,0,1.52,0.01,0,0,0,,1.02,,0,0,0,0,0,0.28,0.12
21,138,21138,0,0,0,0.01,0,0.6,0,2.81,0.03,0,0,0,,6.18,,0,0,0,0,0,0,0.07
21,139,21139,0,0,0,0,0,0.2,0,1.82,0.02,0,0,0,,0,,0,0,0,0,0,0,0.06
21,140,21140,0,0.02,0,0.1,0.01,0.07,0.03,489.8,4.62,0.15,0.03,0.0013,,0,,0,0,0,0.58,0.04,0.04,0.19
21,141,21141,0,0,0,0,0,0.2,0,1.88,0.02,0,0,0,,0,,0,0,0,0,0,0,0.05
21,142,21142,0,0,0,0.02,0,1.56,0.01,92.7,0.87,0.03,0,0.0002,,3.81,,0,0,0,0.21,0.01,0.05,0.48
21,143,21143,0,0,0,0.02,0,0.93,0.01,25.14,0.24,0.01,0,0.0001,,0.28,,0,0,0,0,0,0,0.21
21,144,21144,0,0,0,0.01,0,0.74,0,5.1,0.05,0,0,0,,0,,0,0,0,0,0,0,0.03
21,145,21145,0,0,0,0.01,0,0.78,0,0.94,0.01,0,0,0,,0,,0,0,0,0,0,0,0
21,146,21146,0,0,0,0,0,0.05,0,8.55,0.08,0,0,0,,0,,0,0,0,0,0,0,0
21,147,21147,0,0,0,0.01,0,0.35,0,18.93,0.18,0.01,0,0.0001,,0,,0,0,0,0,0,0,0
21,148,21148,0,0,0,0.01,0,0.56,0,0.41,0,0,0,0,,0,,0,0,0,0,0,0.02,0.06
21,149,21149,0,0,0,0,0,0.37,0,72.19,0.68,0.02,0,0.0002,,0.11,,0,0,0,0.31,0.02,0.04,0.01
21,150,21150,0,0,0,0.01,0,0.38,0,0.76,0.01,0,0,0,,0,,0,0,0,0,0,0,0.08
21,151,21151,0,0,0,0,0,0.46,0,5.92,0.06,0,0,0,,0,,0,0,0,0,0,0,0.02
21,152,21152,0,0,0,0.01,0,0.68,0,2.29,0.02,0,0,0,,0.14,,0,0,0,0,0,0,0.23
21,153,21153,0,0,0,0.02,0,1.11,0,32.52,0.31,0.01,0,0.0001,,0,,0,0,0,0,0,0.02,0.14
21,154,21154,0,0.01,0,0.05,0,3.94,0.02,83.97,0.79,0.03,0,0.0002,,0,,0,0,0,0.4,0.03,0.04,0.41
21,155,21155,0,0,0,0,0,0.31,0,1.29,0.01,0,0,0,,0,,0,0,0,0,0,0,0.04
21,156,21156,0,0.04,0,0.02,0.02,1.4,0.07,1331.82,12.56,0.41,0.07,0.0036,,0.12,,0,0.01,0,0.7,0.05,0.36,0.07
21,157,21157,0,0,0,0,0,0.63,0,7.79,0.07,0,0,0,,0,,0,0,0,0,0,0,0.06
21,158,21158,0,0,0,0.01,0,0.41,0,0.94,0.01,0,0,0,,0,,0,0,0,0,0,0,0
21,159,21159,0,0,0,0,0,0.26,0,48.34,0.46,0.01,0,0.0001,,0,,0,0,0,0,0,0,0.07
21,160,21160,0,0,0,0,0,0.18,0,0.35,0,0,0,0,,0,,0,0,0,0,0,0.01,0.04
21,161,21161,0,0,0,0.01,0,1.05,0,260.69,2.46,0.08,0.01,0.0007,,0.21,,0,0,0,0.26,0.02,0,0.23
21,162,21162,0,0,0,0,0,0.25,0,2.05,0.02,0,0,0,,0,,0,0,0,0,0,0,0
21,163,21163,0,0,0,0.01,0,0.02,0,7.44,0.07,0,0,0,,1.07,,0,0,0,0,0,0,0.08
21,164,21164,0,0.01,0,0.05,0,4.11,0.02,62.52,0.59,0.02,0,0.0002,,0,,0,0,0,0.58,0.04,0.25,0.32
21,165,21165,0,0,0,0,0,0.07,0,7.15,0.07,0,0,0,,0,,0,0,0,0,0,0,0.03
21,166,21166,0,0,0,0.01,0,0.46,0,1.76,0.02,0,0,0,,0,,0,0,0,0.3,0.02,0,0.11
21,167,21167,0,0,0,0.01,0,0.58,0,0.59,0.01,0,0,0,,0.5,,0,0,0,0,0,0,0
21,168,21168,0,0,0,0.01,0,0.38,0,1.46,0.01,0,0,0,,0,,0,0,0,0,0,0,0.23
21,169,21169,0,0,0,0.02,0,1.17,0.01,7.97,0.08,0,0,0,,0,,0,0,0,0,0,0.09,0.02
21,170,21170,0,0,0,0.01,0,0.97,0,3.81,0.04,0,0,0,,3.57,,0,0,0,0.58,0.04,0.07,0.46
21,171,21171,0,0,0,0,0,0.18,0,14.24,0.13,0,0,0,,0,,0,0,0,0,0,0,0.04
21,172,21172,0,0,0,0.02,0,1.5,0.01,4.86,0.05,0,0,0,,6.01,,0,0,0,0,0,0,0
21,173,21173,0,0,0,0.01,0,0.34,0,15.12,0.14,0,0,0,,0,,0,0,0,0,0,0.01,0
21,174,21174,0,0.01,0,0.08,0.01,5.44,0.02,816.41,7.7,0.25,0.04,0.0022,,0.03,,0,0,0,0.06,0,0.01,0
21,175,21175,0,0,0,0.01,0,0.59,0,1.05,0.01,0,0,0,,1.16,,0,0,0,0,0,0,0.06
21,176,21176,0,0,0,0.01,0,0.5,0,0.82,0.01,0,0,0,,0,,0,0,0,0,0,0,0.17
21,177,21177,0,0,0,0.03,0,2.73,0.01,65.16,0.61,0.02,0,0.0002,,0.09,,0,0,0,0.45,0.03,0,0.37
21,178,21178,0,0,0,0.01,0,1.03,0,1.46,0.01,0,0,0,,0,,0,0,0,0,0,0,0
21,179,21179,0,0,0,0.02,0,1.64,0.01,21.21,0.2,0.01,0,0.0001,,2.5,,0,0,0,0,0,0,0.65
21,180,21180,0,0,0,0.03,0,2.07,0.01,12.19,0.11,0,0,0,,3.46,,0,0,0,0,0,0,0.42
21,181,21181,0,0,0,0,0,0.01,0,2.7,0.03,0,0,0,,0,,0,0,0,0,0,0,0.08
21,182,21182,0,0,0,0,0,0.28,0,9.38,0.09,0,0,0,,0,,0,0,0,0,0,0,0.03
21,183,21183,0,0,0,0.02,0,1.16,0.01,0.64,0.01,0,0,0,,0,,0,0,0,0,0,0,0
21,184,21184,0,0,0,0,0,0.37,0,0.23,0,0,0,0,,0,,0,0,0,0,0,0,0
21,185,21185,0,0,0,0.01,0,0.49,0,2.11,0.02,0,0,0,,0,,0,0,0,0,0,0,0.2
21,186,21186,0,0,0,0.04,0,2.88,0.01,61,0.58,0.02,0,0.0002,,1.63,,0,0,0,0.27,0.02,0,0
21,187,21187,0,0,0,0,0,0.33,0,0.82,0.01,0,0,0,,0,,0,0,0,0,0,0,0
21,188,21188,0,0,0,0,0,0.91,0,4.51,0.04,0,0,0,,0.76,,0,0,0,0,0,0,0.13
21,189,21189,0,0,0,0.01,0,1.11,0,9.02,0.09,0,0,0,,0,,0,0,0,0,0,0,0.11
21,190,21190,0,0,0,0,0,0.07,0,0.53,0,0,0,0,,0,,0,0,0,0,0,0,0.01
21,191,21191,0,0,0,0.01,0,0.52,0,7.97,0.08,0,0,0,,0,,0,0,0,0,0,0,0.05
21,192,21192,0,0,0,0.01,0,0.36,0,2.64,0.02,0,0,0,,0,,0,0,0,0,0,0,0
21,193,21193,0,0,0,0.01,0,0.35,0,8.26,0.08,0,0,0,,0,,0,0,0,0,0,0,0.11
21,194,21194,0,0,0,0.02,0,1.62,0.01,21.8,0.21,0.01,0,0.0001,,0,,0,0,0,0,0,0,0.02
21,195,21195,0,0,0,0,0,1.25,0.01,1.64,0.02,0,0,0,,0,,0,0,0,0,0,0,0
21,196,21196,0,0,0,0,0,0.08,0,0.82,0.01,0,0,0,,0,,0,0,0,0,0,0,0.01
21,197,21197,0,0.01,0,0.06,0,4.37,0.02,72.78,0.69,0.02,0,0.0002,,0,,0,0,0,0,0,0.02,0
21,198,21198,0,0,0,0,0,0.08,0,0.12,0,0,0,0,,0,,0,0,0,0,0,0,0.02
21,199,21199,0,0,0,0.03,0,2.12,0.01,45.24,0.43,0.01,0,0.0001,,2.23,,0,0,0,0,0,0,0
21,200,21200,0,0,0,0,0,0.24,0,1.88,0.02,0,0,0,,0,,0,0,0,0,0,0,0
21,201,21201,0,0,0,0,0,0.19,0,0.64,0.01,0,0,0,,0,,0,0,0,0,0,0.01,0.04
21,202,21202,0,0,0,0.01,0,0.72,0,4.69,0.04,0,0,0,,0.21,,0,0,0,0,0,0,0
21,203,21203,0,0,0,0,0,0.33,0,1.46,0.01,0,0,0,,0,,0,0,0,0,0,0,0.13
21,204,21204,0,0,0,0.01,0,0.44,0,7.62,0.07,0,0,0,,0.29,,0,0,0,0,0,0,0
21,205,21205,0,0,0,0.02,0,1.28,0.01,20.92,0.2,0.01,0,0.0001,,0,,0,0,0,0.21,0.01,0,0.18
21,206,21206,0,0,0,0,0,0.24,0,1.58,0.01,0,0,0,,0,,0,0,0,0,0,0,0.02
21,207,21207,0,0,0,0.04,0,3.09,0.01,43.71,0.41,0.01,0,0.0001,,0.04,,0,0,0,0,0,0.01,0
21,208,21208,0,0.01,0,0.01,0,4.27,0.02,55.72,0.53,0.02,0,0.0002,,4.4,,0,0,0,0,0,0.01,0
21,209,21209,0,0,0,0.01,0,0.48,0,6.56,0.06,0,0,0,,0,,0,0,0,0,0,0.1,0
21,210,21210,0,0,0,0,0,0.32,0,3.05,0.03,0,0,0,,0,,0,0,0,0,0,0,0
21,211,21211,0,0,0,0.01,0,0.88,0,8.97,0.08,0,0,0,,0.11,,0,0,0,0.32,0.02,0,0
21,212,21212,0,0,0,0.02,0,1.14,0,49.1,0.46,0.02,0,0.0001,,1.55,,0,0,0,0,0,0,0
21,213,21213,0,0,0,0.01,0,0.75,0,1.52,0.01,0,0,0,,0,,0,0,0,0,0,0,0
21,214,21214,0,0,0,0.01,0,0.89,0,37.56,0.35,0.01,0,0.0001,,0,,0,0,0,0.22,0.02,0,0.04
21,215,21215,0,0,0,0,0,0.27,0,2.81,0.03,0,0,0,,0,,0,0,0,0,0,0,0
21,216,21216,0,0,0,0,0,0.16,0,0.53,0,0,0,0,,0,,0,0,0,0,0,0,0
21,217,21217,0,0,0,0.01,0,1.14,0,5.39,0.05,0,0,0,,0,,0,0,0,0,0,0,0
22,1,22001,0,0,0,0.05,0,3.45,0.01,132.48,3.36,0.07,0,0.0004,,1.98,,0,0,0,0,0,0,1.14
22,2,22002,0,0,0,0.02,0,1.55,0.01,1.17,0.03,0,0,0,,4.18,,0,0,0,0,0,0,0
22,3,22003,0,0,0,0.01,0,0.76,0,0.88,0.02,0,0,0,,0.01,,0,0,0,0,0,0,0.07
22,4,22004,0,0,0,0.05,0,3.5,0.02,60,1.52,0.03,0,0.0002,,2.94,,0,0,0,0,0,0.2,0.5
22,5,22005,0,0,0,0.04,0,3.16,0.01,33.75,0.86,0.02,0,0.0001,,0.06,,4.22,0.58,0,0.48,0.03,0.65,0.9
22,6,22006,0,0.01,0,0.09,0,2.42,0.03,397.22,10.08,0.2,0.01,0.0011,,0.7,,0,0,0,0,0,0.02,0.24
22,7,22007,0,0,0,0.03,0,2.12,0.01,76,1.93,0.04,0,0.0002,,0,,0,0,0,0,0,0.18,0.2
22,8,22008,0,0,0,0.02,0,3.72,0.01,2.58,0.07,0,0,0,,3.3,,0,0,0,0,0,0,0.52
22,9,22009,0,0,0,0.02,0,1.35,0.01,4.86,0.12,0,0,0,,2.44,,0,0,0,0,0,0,0.05
22,10,22010,0,0,0,0.02,0,1.16,0,0,0,0,0,0,,0.32,,0,0,0,0,0,0,0.07
22,11,22011,0.01,0,0,0.06,0,4.67,0.02,592.23,15.04,0.29,0.02,0.0016,,6.33,,4.22,0.58,0,1.88,0.13,0.14,0.88
22,12,22012,0,0,0,0.05,0,3.46,0.01,75.06,1.91,0.04,0,0.0002,,1.35,,0,0,0,0.77,0.05,0.01,0.98
22,13,22013,0,0,0,0.01,0,1.04,0,0.59,0.01,0,0,0,,0,,0,0,0,0,0,0,0.07
22,14,22014,0,0.14,0,0.66,0.02,6.48,0.19,2415.55,61.33,1.2,0.07,0.0065,,0.79,0.49,0,0,0,1.11,0.08,1.91,0.52
22,15,22015,0,0,0,0.01,0,0.47,0,1.23,0.03,0,0,0,,0.05,,0,0,0,0,0,0,0.02
22,16,22016,0,0.03,0,0.02,0.01,12.75,0.05,1619.29,41.11,0.81,0.05,0.0044,,0.58,,0,0,0,2.46,0.17,0.57,1.6
22,17,22017,0.01,0.01,0,0.05,0,3.36,0.01,103.83,2.64,0.05,0,0.0003,,1.05,,0,0,0,0.74,0.05,0,0.4
22,18,22018,0,0,0,0.02,0,1.47,0.01,12.6,0.32,0.01,0,0,,0,,0,0,0,0,0,0.12,0.04
23,1,23001,0,0.01,0,0.05,0,4.48,0.02,39.2,0,0,0,0.0001,,0,,10.1,0.62,861.81,0,0,2.16,0
23,2,23002,0,0,0,0.04,0,4,0.02,22.09,0,0,0,0.0001,,17.42,,0,0,137.86,0,0,0.03,0.04
23,3,23003,0,0,0,0.01,0,0.26,0,3.69,0,0,0,0,,1.18,,0,0,0.96,0,0,0,0
23,4,23004,0,0.03,0,0.16,0,13.45,0.06,163.25,0,0,0.01,0.0004,,77.71,,4.83,1.39,0.24,0,0,0.74,3.63
23,5,23005,0,0.14,0,0.42,0,2.44,0.15,291.63,0,0,0.01,0.0008,,2.79,0.01,74.26,10.1,0,0,0,2.66,0
23,6,23006,0,0,0,0.02,0,2,0.01,11.6,0,0,0,0,,1.35,,0,0,45.19,0,0,0.01,0.11
23,7,23007,0,0,0,0.01,0,1.37,0.01,7.03,0,0,0,0,,3.58,,0,0,0,0,0,0.01,0.01
23,8,23008,0,0.03,0,0.1,0,8.29,0.04,41.02,0,0,0,0.0001,,0.99,,0,0,3.06,0,0,0.29,0
24,1,24001,0,0,0,0.01,0,1.07,0,4.75,0.36,0,0,0,,0.14,,0,0,0,0.74,0.05,0,0.13
24,2,24002,0,0,0,0.01,0,0.48,0,0.82,0.06,0,0,0,,0,,0,0,0,0.32,0.02,0,0.12
24,3,24003,0,0,0,0.03,0,2.76,0.01,2.23,0.17,0,0,0,,0.04,,0,0,0,0,0,0,0.22
24,4,24004,0,0,0,0,0,0.28,0,1.29,0.1,0,0,0,,0,,0,0,0,0,0,0.01,0.17
24,5,24005,0,0,0,0.01,0,1.09,0,12.31,0.93,0.01,0,0,,0,,0,0,0,0.49,0.03,0,0.17
24,6,24006,0,0,0,0.01,0,0.56,0,0.82,0.06,0,0,0,,0,,0,0,0,0.9,0.06,0,0.14
24,7,24007,0,0,0,0.01,0,1.04,0,35.22,2.66,0.02,0,0.0001,,0,,0,0,0,0.46,0.03,0,0.34
24,8,24008,0,0,0,0.01,0,1.25,0.01,18.05,1.37,0.01,0,0,,0.05,,0,0,0,0.24,0.02,0,0.68
24,9,24009,0,0,0,0,0,0.2,0,0.41,0.03,0,0,0,,0.01,,0,0,0,0,0,0,0.05
24,10,24010,0,0,0,0.02,0,1.83,0.01,8.55,0.65,0,0,0,,10.01,,0,0,0,0.58,0.04,0,0.6
24,11,24011,0,0,0,0.03,0,1.37,0.01,26.13,1.98,0.01,0,0.0001,,0.05,,0,0,0,0.29,0.02,0,1.09
24,12,24012,0,0,0,0.01,0,1.25,0.01,1.7,0.13,0,0,0,,0,,0,0,0,0,0,0,0.04
24,13,24013,0,0.02,0,0.11,0,9.6,0.04,192.6,14.57,0.1,0,0.0005,,0.6,,0,0,0,1.03,0.07,0.1,2.78
24,14,24014,0,0,0,0.01,0,1.04,0,3.57,0.27,0,0,0,,0,,0,0,0,0,0,0,0
24,15,24015,0,0,0,0.01,0,1.23,0.01,67.38,5.1,0.03,0,0.0002,,0,,0,0,0,1.09,0.07,0.37,0.68
24,16,24016,0.01,0,0,0.03,0,2.34,0.01,48.87,3.7,0.02,0,0.0001,,0,,0,0,0,0.59,0.04,0.01,5.45
24,17,24017,0,0,0,0.02,0,1.52,0.01,6.91,0.52,0,0,0,,0.06,,0,0,0,0.26,0.02,0,0.73
24,18,24018,0,0,0,0.01,0,0.9,0,6.15,0.47,0,0,0,,0,,0,0,0,0,0,0,0
24,19,24019,0,0,0,0,0,0.35,0,0.23,0.02,0,0,0,,1.56,,0,0,0,0,0,0,0.15
24,20,24020,0,0.01,0,0.05,0,5.06,0.02,300.65,22.75,0.15,0.01,0.0008,,0,,0,0,0,0.18,0.01,0.02,0.86
24,21,24021,0,0,0,0.03,0,2.97,0.01,56.49,4.27,0.03,0,0.0002,,0.28,,0,0,0,0.8,0.06,0,0.46
24,22,24022,0,0,0,0.01,0,1.12,0,11.25,0.85,0.01,0,0,,0,,0,0,0,0.48,0.03,0,0.5
24,23,24023,0,0,0,0.01,0,0.89,0,5.51,0.42,0,0,0,,0.01,,0,0,0,0.46,0.03,0,0.56
24,24,24024,0,0.01,0,0.06,0,4.38,0.02,51.51,3.9,0.03,0,0.0001,,2.87,,0,0,0,1.23,0.08,0.02,1.06
24,25,24025,0,0,0,0.02,0,1.65,0.01,30.76,2.33,0.02,0,0.0001,,0,,0,0,0,0.92,0.06,0,2.28
24,26,24026,0,0,0,0,0,0.57,0,0.76,0.06,0,0,0,,0,,0,0,0,0,0,0,0
24,27,24027,0,0,0,0,0,0.6,0,6.04,0.46,0,0,0,,0,,0,0,0,0,0,0,0.03
24,28,24028,0,0.13,0,0.49,0.02,3.81,0.19,3489.02,263.98,1.74,0.06,0.0094,,0.07,0.25,0,0,0,1.04,0.07,1.77,0.84
24,29,24029,0,0,0,0.01,0,1.32,0.01,2.87,0.22,0,0,0,,0,,0,0,0,0,0,0,0.01
24,30,24030,0,0,0,0,0,0.34,0,0.35,0.03,0,0,0,,0,,0,0,0,0,0,0,0.02
24,31,24031,0,0,0,0.01,0,0.67,0,0,0,0,0,0,,2.12,,0,0,0,0,0,0,0.06
24,32,24032,0,0,0,0.02,0,2.28,0.01,17.11,1.29,0.01,0,0,,0.31,,0,0,0,0,0,0.01,0.26
24,33,24033,0,0,0,0.01,0,0.69,0,0.23,0.02,0,0,0,,0,,0,0,0,0,0,0,2.99
24,34,24034,0,0,0,0.01,0,0.82,0,6.21,0.47,0,0,0,,0,,0,0,0,0,0,0,0.51
24,35,24035,0,0.02,0,0.15,0.01,0.99,0.06,338.86,25.64,0.17,0.01,0.0009,,0.06,,1.08,0.13,0,0,0,0.2,0.43
24,36,24036,0,0,0,0.02,0,1.65,0.01,36.33,2.75,0.02,0,0.0001,,6.02,,0,0,0,0,0,0,1.14
24,37,24037,0,0,0,0.05,0,5.74,0.02,15.47,1.17,0.01,0,0,,0,,0,0,0,0,0,0.01,0
24,38,24038,0,0,0,0.01,0,0.96,0,0.82,0.06,0,0,0,,0,,0,0,0,0,0,0,0
24,39,24039,0,0,0,0.01,0,0.84,0,2.34,0.18,0,0,0,,0,,0,0,0,0,0,0,0.03
24,40,24040,0,0,0,0.02,0,2.17,0.01,63.69,4.82,0.03,0,0.0002,,1.03,,0,0,0,1.55,0.11,0.07,2.41
24,41,24041,0,0,0,0.01,0,1.17,0.01,4.16,0.31,0,0,0,,0.93,,0,0,0,0,0,0,0.1
24,42,24042,0,0,0,0.01,0,0.82,0,14.94,1.13,0.01,0,0,,0,,0,0,0,0,0,0,0
24,43,24043,0,0,0,0.01,0,0.55,0,3.75,0.28,0,0,0,,0.16,,0,0,0,0,0,0,0.07
24,44,24044,0,0,0,0,0,0.43,0,6.5,0.49,0,0,0,,0,,0,0,0,1.96,0.13,0,0.59
24,45,24045,0,0,0,0.01,0,0.85,0,15.94,1.21,0.01,0,0,,0,,0,0,0,1.33,0.09,0,0.8
24,46,24046,0,0,0,0.01,0,0.91,0,20.57,1.56,0.01,0,0.0001,,0,,0,0,0,0,0,0,2.59
24,47,24047,0,0,0,0.01,0,0.57,0,0.18,0.01,0,0,0,,0.04,,0,0,0,0,0,0,1.4
24,48,24048,0,0,0,0,0,0.3,0,4.1,0.31,0,0,0,,0,,0,0,0,0,0,0.54,0.06
24,49,24049,0,0,0,0.02,0,2.11,0.01,14.59,1.1,0.01,0,0,,0,,0,0,0,0,0,0,7.05
24,50,24050,0,0,0,0.02,0,2.57,0.01,59.53,4.5,0.03,0,0.0002,,0.08,,0,0,0,1.09,0.07,0.01,0.66
24,51,24051,0,0,0,0.01,0,0.85,0,2.99,0.23,0,0,0,,0.37,,0,0,0,0.89,0.06,0,0.37
24,52,24052,0,0,0,0.01,0,0.6,0,3.87,0.29,0,0,0,,0,,0,0,0,0.36,0.02,0,0.49
24,53,24053,0,0,0,0.02,0,2,0.01,6.15,0.47,0,0,0,,0,,0,0,0,0,0,0,0.03
24,54,24054,0,0,0,0.03,0,3.06,0.01,3.87,0.29,0,0,0,,0,,0,0,0,0,0,0,0
24,55,24055,0,0,0,0.01,0,1.37,0.01,9.73,0.74,0,0,0,,0,,0,0,0,0,0,0.76,0.05
24,56,24056,0,0,0,0.01,0,0.86,0,2.81,0.21,0,0,0,,0,,0,0,0,0,0,0,0.26
24,57,24057,0,0,0,0.02,0,1.81,0.01,11.54,0.87,0.01,0,0,,0,,0,0,0,0,0,0,0
24,58,24058,0,0,0,0.01,0,1.13,0,41.84,3.17,0.02,0,0.0001,,1.39,,0,0,0,0,0,0,0.99
25,1,25001,0,0.06,0,0.21,0,23.76,0.1,651.99,26.79,0,0.03,0.0018,,0,,13.9,1.73,273.7,0.83,0.06,0.47,25.05
25,2,25002,0,0,0,0,0,2.6,0.01,25.02,1.03,0,0,0.0001,,0,,0,0,0,0,0,0,0
25,3,25003,0,0,0,0.02,0,1.98,0.01,5.74,0.24,0,0,0,,5.62,,0,0,0,0,0,0,0
25,4,25004,0,0,0,0.01,0,1.65,0.01,8.97,0.37,0,0,0,,2.69,,0,0,0,0,0,0.02,0
25,5,25005,0,0,0,0.01,0,1.09,0,7.03,0.29,0,0,0,,0,,0,0,0,0,0,0,0
25,6,25006,0,0.14,0,0.41,0,48.56,0.21,960.03,39.44,0,0.05,0.0026,,0,0.21,38.62,4.74,0,3.21,0.22,1.5,21.79
25,7,25007,0,0,0,0.02,0,1.94,0.01,4.16,0.17,0,0,0,,4.56,,0,0,0,1.36,0.09,0,0
25,8,25008,0,0,0,0.02,0,2.84,0.01,10.61,0.44,0,0,0,,0,,0,0,0,0.98,0.07,0.02,6.05
25,9,25009,0,0,0,0.03,0,3.04,0.01,25.66,1.05,0,0,0.0001,,0,,0,0,0,1.43,0.1,0,0
25,10,25010,0,0,0,0.05,0,5.66,0.02,45.76,1.88,0,0,0.0001,,0,,0,0,0,3.64,0.25,0.09,0
25,11,25011,0,0.03,0,0.14,0,16.54,0.07,141.22,5.8,0,0.01,0.0004,,0,,0,0,0,0,0,0.05,17.1
25,12,25012,0,0.08,0,0.23,0,24.71,0.11,689.49,28.33,0,0.03,0.0019,,0,,17.86,2.2,493.04,1.84,0.13,0.41,11.21
25,13,25013,0,0,0,0,0,2.71,0.01,5.8,0.24,0,0,0,,0,,0,0,0,0.75,0.05,0.5,0
25,14,25014,0,0,0,0,0,2.9,0.01,28.83,1.18,0,0,0.0001,,2.63,,0,0,0,1.11,0.08,0.02,0
25,15,25015,0,0.02,0,0.04,0,4.68,0.02,54.14,2.22,0,0,0.0001,,0,,0,0,0,1.22,0.08,0.07,16.6
25,16,25016,0,0,0,0.01,0,1.43,0.01,3.46,0.14,0,0,0,,7.69,,0,0,0,0.74,0.05,0,0
25,17,25017,0,0,0,0.04,0,5.2,0.02,12.83,0.53,0,0,0,,1.78,,0,0,0,1.14,0.08,0,0
25,18,25018,0,0.01,0,0.07,0,8.3,0.04,93.46,3.84,0,0,0.0003,,0,,0,0,0,0.4,0.03,0.05,0
26,1,26001,0,0,0,0,0,0.15,0,4.51,0.22,0,0,0,,0,,0,0,0,0,0,0,0
26,2,26002,0,0.01,0.02,0.05,0,4.3,0.02,358.84,17.67,0.04,0.01,0.001,1.262997189,2.66,,0,0,0,0.66,0.05,0.01,0.26
26,3,26003,0,0,0,0.02,0,1.5,0.01,8.03,0.4,0,0,0,,1.19,,0,0,0,0,0,0,0
26,4,26004,0,0,0,0.01,0,0.51,0,6.68,0.33,0,0,0,,0,,0,0,0,0,0,0,0
26,5,26005,0,0,0,0,0,0.08,0,0.29,0.01,0,0,0,,0,,0,0,0,0,0,0,0
26,6,26006,0,0,0,0,0,0.18,0,0.06,0,0,0,0,,1.53,,0,0,0,0,0,0,0
26,7,26007,0,0,0,0,0,0.04,0,0,0,0,0,0,,0,,0,0,0,0,0,0,0
26,8,26008,0,0,0,0,0,0.08,0,0.06,0,0,0,0,,0.25,,0,0,0,0,0,0,0
26,9,26009,0,0,0,0,0,0.05,0,0,0,0,0,0,,0,,0,0,0,0,0,0,0
26,10,26010,0,0,0,0,0,0.08,0,0.59,0.03,0,0,0,,0,,0,0,0,0,0,0,0
26,11,26011,0,0,0,0,0,0.09,0,0,0,0,0,0,,0.14,,0,0,0,0,0,0,0
26,12,26012,0,0,0,0.01,0,1.28,0.01,14.59,0.72,0,0,0,,0,,0,0,0,0,0,0,0
26,13,26013,0,0,0,0,0,0.09,0,4.28,0.21,0,0,0,,0,,0,0,0,0,0,0,0
26,14,26014,0,0,0,0,0,0.21,0,18.34,0.9,0,0,0,,0,,0,0,0,0,0,0,0
26,15,26015,0,0,0,0,0,0.08,0,0.29,0.01,0,0,0,,0,,0,0,0,0,0,0,0
26,16,26016,0,0,0,0,0,0.32,0,7.21,0.35,0,0,0,,0,,0,0,0,7.38,0.51,0,0
26,17,26017,0,0.01,0.03,0.05,0,4.29,0.02,70.78,3.49,0.01,0,0.0002,,0,,0,0,19.15,1.65,0.11,0.66,4.8
26,18,26018,0,0.06,0.13,0.27,0.01,22.99,0.1,1117.83,55.04,0.12,0.04,0.003,,0,,1.32,0.19,0,0.78,0.05,0.43,16.73
26,19,26019,0,0,0.01,0.02,0,1.97,0.01,51.62,2.54,0.01,0,0.0001,,0.22,,0,0,0,0.72,0.05,1.09,0
26,20,26020,0,0,0,0,0,0.28,0,1.82,0.09,0,0,0,,0,,0,0,0,0.79,0.05,0,0
26,21,26021,0,0,0,0,0,0.11,0,0.23,0.01,0,0,0,,0,,0,0,0,0.74,0.05,0.05,0
26,22,26022,0,0,0,0,0,0.05,0,0.06,0,0,0,0,,0,,0,0,0,0,0,0,0
26,23,26023,0,0,0,0,0,0.35,0,16,0.79,0,0,0,,0,,0,0,0,0,0,0,0
26,24,26024,0,0,0,0,0,0.04,0,0.06,0,0,0,0,,0,,0,0,0,0,0,0,0
26,25,26025,0,0,0.01,0,0,1.2,0.01,564.86,27.81,0.06,0.02,0.0015,,0,,0,0,0,0.67,0.05,0.01,0
26,26,26026,0,0,0,0.03,0,3.41,0.01,11.89,0.59,0,0,0,,0,,0,0,0,0,0,0,0
26,27,26027,0,0,0,0.01,0,0.46,0,2.81,0.14,0,0,0,,6.63,,0,0,0,1.12,0.08,0,0
26,28,26028,0,0,0,0,0,0.06,0,3.46,0.17,0,0,0,,0,,0,0,0,0,0,0,0
26,29,26029,0,0.02,0.04,0.09,0,2.18,0.04,306.04,15.07,0.03,0.01,0.0008,,0,,0.1,0.02,161.46,1.82,0.13,0.07,1
26,30,26030,0,0.12,0.25,0.49,0.01,42.94,0.19,1462.55,72.01,0.16,0.05,0.0039,,0,0.14,32.99,4.29,0,0.95,0.07,2.31,5.91
26,31,26031,0,0,0,0,0,0.07,0,0.23,0.01,0,0,0,,0,,0,0,0,0,0,0,0
26,32,26032,0,0,0,0,0,0.05,0,0.94,0.05,0,0,0,,0,,0,0,0,0,0,0,0
26,33,26033,0,0.01,0.01,0.05,0,4.56,0.02,141.57,6.97,0.02,0,0.0004,,0,,0,0,0,0.93,0.06,0.01,0
26,34,26034,0,0,0,0,0,0.06,0,0,0,0,0,0,,0,,0,0,0,0,0,0,0
26,35,26035,0.01,0,0,0.01,0,0.64,0,36.33,1.79,0,0,0.0001,,18.68,,0,0,0,0.58,0.04,0,0
26,36,26036,0.01,0,0.01,0.02,0,1.56,0.01,179.77,8.85,0.02,0.01,0.0005,,0,,0,0,0,0.4,0.03,0,0.76
26,37,26037,0,0,0,0,0,0.08,0,0.64,0.03,0,0,0,,0,,0,0,0,0,0,0,0.34
26,38,26038,0,0,0,0,0,0.26,0,22.15,1.09,0,0,0.0001,,0.17,,0,0,0,0,0,0,0.42
26,39,26039,0,0,0,0,0,0.37,0,10.25,0.5,0,0,0,0.010357197,0,,0,0,0,0.75,0.05,0,0
26,40,26040,0,0,0,0,0,0.11,0,2.7,0.13,0,0,0,,0.05,,0,0,0,0,0,0,0
26,41,26041,0,0,0,0.01,0,0.73,0,71.49,3.52,0.01,0,0.0002,,0.1,,0,0,0,0.42,0.03,1.21,0
26,42,26042,0,0.02,0.04,0.09,0,8.85,0.04,323.39,15.92,0.03,0.01,0.0009,,0,,0,0,0,1.7,0.12,0.14,8.79
26,43,26043,0,0.02,0.05,0.13,0,11.84,0.05,1601.3,78.84,0.17,0.05,0.0043,1.512211111,13.5,,1.98,0.21,0,0.99,0.07,0.1,0
26,44,26044,0,0,0,0,0,0.02,0,0,0,0,0,0,,0,,0,0,0,0,0,0,0
26,45,26045,0,0,0,0,0,0.16,0,3.69,0.18,0,0,0,,0,,0,0,0,0.49,0.03,0,0
26,46,26046,0,0,0,0,0,0.03,0,0,0,0,0,0,,0,,0,0,0,0,0,0,0
26,47,26047,0,0,0,0.01,0,0.56,0,13.42,0.66,0,0,0,,0,,0,0,0,0.67,0.05,0,0
26,48,26048,0,0.01,0.02,0.03,0,2.75,0.01,46.47,2.29,0.01,0,0.0001,,0,,0,0,0.25,2.28,0.16,0.12,0
26,49,26049,0,0,0,0,0,0.19,0,0.41,0.02,0,0,0,,0,,0,0,0,0,0,0,0
26,50,26050,0,0,0,0,0,0.09,0,1,0.05,0,0,0,,0,,0,0,0,0,0,0,0
26,51,26051,0,0,0,0,0,0.32,0,1.99,0.1,0,0,0,,0,,0,0,0,0,0,0,0
26,52,26052,0,0,0,0,0,0.35,0,2.11,0.1,0,0,0,,0.03,,0,0,0,0,0,0,0.09
26,53,26053,0,0,0,0,0,0.02,0,0,0,0,0,0,,0,,0,0,0,0,0,0,0
26,54,26054,0,0,0,0,0,0.01,0,0,0,0,0,0,,0,,0,0,0,0,0,0,0
26,55,26055,0,0.03,0.05,0.11,0,9.61,0.04,827.19,40.73,0.09,0.03,0.0022,3.738575859,0,,0,0,0,2.21,0.15,0.05,0
26,56,26056,0,0,0,0,0,0.37,0,1.35,0.07,0,0,0,,0,,0,0,0,0.29,0.02,0,0
26,57,26057,0,0,0,0,0,0.09,0,0.64,0.03,0,0,0,,0,,0,0,0,0,0,0,0
26,58,26058,0,0,0,0.01,0,0.9,0,75.94,3.74,0.01,0,0.0002,,0,,0,0,0,0.48,0.03,0,0
26,59,26059,0,0,0,0,0,0.11,0,0.06,0,0,0,0,,0,,0,0,0,0.92,0.06,0,0
26,60,26060,0,0,0,0,0,0.15,0,0.12,0.01,0,0,0,0.001228413,0,,0,0,0,0,0,0,0
26,61,26061,0.01,0,0,0,0,0.07,0,0,0,0,0,0,,0,,0,0,0,0,0,0,0
26,62,26062,0,0,0,0,0,0.07,0,0.23,0.01,0,0,0,,0,,0,0,0,0,0,0,0
26,63,26063,0,0,0,0,0,0.07,0,0.06,0,0,0,0,,0,,0,0,0,0,0,0,0
26,64,26064,0,0,0,0,0,0.1,0,0.06,0,0,0,0,,0,,0,0,0,0.96,0.07,0.02,0
26,65,26065,0,0,0,0,0,0.11,0,0,0,0,0,0,,0,,0,0,0,0,0,0,0
26,66,26066,0,0,0,0.01,0,0.52,0,10.96,0.54,0,0,0,,0,,0,0,0,0,0,0,0.9
26,67,26067,0,0,0,0,0,0.1,0,0.18,0.01,0,0,0,,0,,0,0,0,0,0,0,0
26,68,26068,0,0,0,0,0,0.08,0,0.35,0.02,0,0,0,,0,,0,0,0,0,0,0,0
26,69,26069,0,0,0,0,0,0.37,0,4.39,0.22,0,0,0,,0.12,,0,0,0,0,0,0,0
26,70,26070,0,0,0,0.01,0,0.76,0,24.08,1.19,0,0,0.0001,,0,,0,0,0,0,0,0,0
26,71,26071,0,0,0,0.01,0,1.25,0.01,14.77,0.73,0,0,0,0.026974847,0,,0,0,0,0,0,0,0
26,72,26072,0,0,0,0.01,0,0.81,0,2.75,0.14,0,0,0,,0,,0,0,0,0,0,0,0
27,1,27001,0,0,0,0.03,0,3.24,0.01,13.36,0.66,0.01,0,0,,0,,0,0,7.84,0.93,0.06,0,2.62
27,2,27002,0,0.02,0,0.13,0,13.43,0.06,205.55,10.12,0.08,0,0.0006,,0,,0,0,0,0,0,0.37,3.19
27,3,27003,0,0.01,0,0.05,0,5.67,0.02,24.38,1.2,0.01,0,0.0001,,0.54,,0,0,0,0,0,0,0.1
27,4,27004,0,0.1,0,0.37,0,15.43,0.15,633.65,31.2,0.24,0.01,0.0017,,0,0.14,3.72,0.54,0,0,0,3.33,0.38
27,5,27005,0,0.01,0,0.1,0,10.63,0.05,61.29,3.02,0.02,0,0.0002,,0,,0,0,0,0,0,0.11,0.23
27,6,27006,0,0,0,0.07,0,6.85,0.03,23.2,1.14,0.01,0,0.0001,,0,,0,0,0,0,0,0.02,0.17
27,7,27007,0,0,0,0.02,0,1.63,0.01,19.28,0.95,0.01,0,0.0001,,0,,0,0,0,0.11,0.01,0.01,1.07
27,8,27008,0,0.01,0,0.09,0,10,0.04,74.42,3.66,0.03,0,0.0002,,176.15,,0,0,0,1.58,0.11,0.35,1.67
27,9,27009,0,0,0,0.02,0,2.06,0.01,5.1,0.25,0,0,0,,0,,0,0,0,0,0,0.34,0.08
27,10,27010,0,0,0,0.04,0,4.46,0.02,18.98,0.93,0.01,0,0.0001,,0,,0,0,0,0,0,0,0.01
27,11,27011,0,0,0,0.02,0,1.74,0.01,3.52,0.17,0,0,0,,0,,0,0,0,0,0,0.05,0.31
27,12,27012,0,0.01,0,0.01,0,8.75,0.04,106.64,5.25,0.04,0,0.0003,,0,,0,0,0,0.56,0.04,0.17,0.11
27,13,27013,0,0,0,0.05,0,6.07,0.02,14.18,0.7,0.01,0,0,,0,,0,0,0,0,0,0.01,0.06
27,14,27014,0,0,0,0.05,0,4.8,0.02,36.45,1.79,0.01,0,0.0001,,0,,0,0,269.32,0,0,0.08,0.02
27,15,27015,0,0,0,0.02,0,2.62,0.01,7.62,0.38,0,0,0,,0,,0,0,0,0.46,0.03,1.05,0.14
27,16,27016,0,0,0,0.03,0,3.01,0.01,31,1.53,0.01,0,0.0001,,0,,0,0,0,0.33,0.02,1.27,1.04
27,17,27017,0,0.01,0,0.04,0,3.4,0.01,37.38,1.84,0.01,0,0.0001,,2.57,,0,0,0,0.72,0.05,0.05,0.41
28,1,28001,0,0,0,0.01,0,0.73,0,6.04,0.05,0,0,0,,0,,0,0,0,0,0,0,2.92
28,2,28002,0,0,0,0.03,0.01,1.69,0.01,17.64,0.15,0.01,0,0,,3.97,,0,0,0,0,0,0.63,1.86
28,3,28003,0,0.01,0,0.01,0.07,2.88,0.04,499.59,4.22,0.23,0.01,0.0013,,0,,0,0,902.97,1.33,0.09,0.34,6.55
28,4,28004,0,0,0,0.01,0,0.52,0,4.1,0.03,0,0,0,,0.22,,0,0,0,0,0,0.22,0.53
28,5,28005,0,0,0,0,0,0.29,0,5.22,0.04,0,0,0,,0,,0,0,0,0,0,0,0.55
28,6,28006,0,0,0,0.01,0,0.45,0,0.64,0.01,0,0,0,,0.11,,0,0,0,0,0,0,0.84
28,7,28007,0,0,0,0.02,0.01,1.08,0,86.25,0.73,0.04,0,0.0002,0.004907532,0,,0,0,0,1.01,0.07,0.22,1
28,8,28008,0.01,0,0,0,0,0.25,0,0,0,0,0,0,,3.5,,0,0,0,0.46,0.03,0,2.58
28,9,28009,0,0.02,0,0.19,0.08,11.81,0.05,446.21,3.77,0.2,0.01,0.0012,,0,,0,0,0,0,0,0.91,0
28,10,28010,0,0,0,0,0,0.14,0,0.23,0,0,0,0,,0,,0,0,0,0,0,0,0.27
28,11,28011,0,0,0,0.01,0,0.52,0,4.34,0.04,0,0,0,,0,,0,0,0,0,0,0,1.07
28,12,28012,0,0,0,0.04,0.02,2.51,0.01,44.77,0.38,0.02,0,0.0001,,0,,0,0,0,1.55,0.11,0.01,11.7
28,13,28013,0,0,0,0,0.01,0.88,0,6.04,0.05,0,0,0,,0,,0,0,0,0.1,0.01,0,2.24
28,14,28014,0,0,0,0,0,0.24,0,5.22,0.04,0,0,0,,0,,0,0,0,0,0,0,0.03
28,15,28015,0,0,0,0.01,0.01,0.92,0,46.47,0.39,0.02,0,0.0001,,0,,0,0,0,0.38,0.03,0,0.96
28,16,28016,0,0,0,0.02,0.01,1.43,0.01,27.72,0.23,0.01,0,0.0001,,0,,0,0,0,0.97,0.07,0,2.18
28,17,28017,0,0,0,0.01,0.01,0.86,0,13.83,0.12,0.01,0,0,,0.49,,0,0,0,0,0,0,0.49
28,18,28018,0,0,0,0.01,0,0.5,0,11.43,0.1,0.01,0,0,,0,,0,0,0,0,0,0,1.01
28,19,28019,0,0,0,0.02,0.01,1.06,0,3.98,0.03,0,0,0,,2.38,,0,0,0,0.89,0.06,0.09,1.29
28,20,28020,0,0,0,0,0,0.15,0,0.18,0,0,0,0,,0,,0,0,0,0,0,0,0.31
28,21,28021,0,0.02,0,0.11,0.05,6.86,0.03,170.98,1.44,0.08,0,0.0005,,0,,0,0,0,1.26,0.09,1.11,5.95
28,22,28022,0,0.06,0,0.42,0.19,3.91,0.12,3433.76,28.98,1.55,0.04,0.0092,0.084946694,0,,0.88,0.13,0,0.98,0.07,2.31,12.32
28,23,28023,0,0,0,0,0,0.29,0,0.18,0,0,0,0,,0,,0,0,0,0,0,0,4.73
28,24,28024,0,0,0,0.01,0,0.4,0,8.44,0.07,0,0,0,0.009383631,0,,0,0,0,0,0,0,0.13
28,25,28025,0,0.01,0,0.02,0.01,1.47,0.01,26.02,0.22,0.01,0,0.0001,,0,,0,0,0,0,0,1.29,0.45
28,26,28026,0,0,0,0,0,0.21,0,0.64,0.01,0,0,0,,0.14,,0,0,0,0,0,0,0.38
28,27,28027,0,0.05,0,0.31,0.15,0.35,0.09,1257.64,10.61,0.57,0.01,0.0034,0.219847363,0,,3.13,0.29,0,0.58,0.04,0.9,0.09
28,28,28028,0,0,0,0,0,0.19,0,0.7,0.01,0,0,0,,0,,0,0,0,0,0,0,0.33
28,29,28029,0,0,0,0.01,0.01,0.76,0,3.93,0.03,0,0,0,,0.03,,0,0,0,0,0,0,1.16
28,30,28030,0,0,0,0.01,0.01,0.77,0,3.4,0.03,0,0,0,,0,,0,0,0,0,0,0,1.55
28,31,28031,0,0,0,0,0,0.1,0,0.41,0,0,0,0,,0.25,,0,0,0,0,0,0,0.1
28,32,28032,0,0.07,0,0.48,0.22,2.25,0.14,4599.11,38.81,2.08,0.05,0.0124,0.225455703,0,0.12,4.53,0.22,0,1.08,0.07,1.41,7.65
28,33,28033,0,0.02,0,0.1,0.04,1.68,0.03,211.41,1.78,0.1,0,0.0006,0.012093999,0,,0,0,0,0.56,0.04,0.16,13.58
28,34,28034,0,0,0,0.01,0,0.57,0,0.29,0,0,0,0,,0.48,,0,0,0,0,0,0,1.84
28,35,28035,0,0,0,0.05,0.02,3.53,0.02,63.4,0.54,0.03,0,0.0002,,0,,0,0,0,0,0,0,17.06
28,36,28036,0,0,0,0,0,0.06,0,0,0,0,0,0,,0,,0,0,0,0,0,0,0
28,37,28037,0,0,0,0.02,0.01,1.4,0.01,4.92,0.04,0,0,0,,0.82,,0,0,0,0,0,0,1.65
28,38,28038,0,0.08,0,0.29,0.13,0.03,0.08,395.11,3.33,0.18,0,0.0011,,0,,14.93,1.94,686.34,0.48,0.03,0.93,0
28,39,28039,0,0,0,0.02,0.01,1.57,0.01,5.98,0.05,0,0,0,,0,,0,0,0,0,0,0,1.55
28,40,28040,0,0.01,0,0.01,0.03,3.81,0.02,392.94,3.32,0.18,0,0.0011,,0,,0,0,0,0,0,0.03,5.1
28,41,28041,0,0.04,0,0.26,0.12,17.93,0.08,558.65,4.71,0.25,0.01,0.0015,,0.18,0.12,1.18,0.15,0,1.06,0.07,1.45,1.16
28,42,28042,0,0,0,0.01,0,0.4,0,0.64,0.01,0,0,0,,0,,0,0,0,0.91,0.06,0,0.8
28,43,28043,0,0,0,0.02,0.01,1.34,0.01,49.22,0.42,0.02,0,0.0001,,0,,0,0,0,1.03,0.07,0,1.64
29,1,29001,0,0,0,0.01,0,0.07,0,9.38,0,0,0,0,,0,,0,0,0,0,0,0,0.06
29,2,29002,0,0,0,0.01,0,0.26,0,63.46,0,0.02,0,0.0002,,0,,0,0,0,0,0,0.02,0.07
29,3,29003,0,0,0,0,0,0.34,0,0.94,0,0,0,0,,0,,0,0,0,0.14,0.01,0.07,0.42
29,4,29004,0,0,0,0.01,0,0.88,0,5.86,0,0,0,0,,0.07,,0,0,0,0,0,0,0.54
29,5,29005,0,0.02,0,0.07,0,0.26,0.02,116.37,0,0.04,0.01,0.0003,,0,,0,0,0,0.13,0.01,0.02,0.3
29,6,29006,0,0,0,0.04,0,2.5,0.01,85.26,0,0.03,0,0.0002,,0.68,,0,0,0,0.5,0.03,0.02,1.09
29,7,29007,0,0,0,0.01,0,0.85,0,11.02,0,0,0,0,,0,,0,0,0,0.15,0.01,0,0.08
29,8,29008,0,0,0,0.01,0,0.77,0,14.12,0,0,0,0,,0,,0,0,0,0.29,0.02,0,0.65
29,9,29009,0,0,0,0,0,0.26,0,0.41,0,0,0,0,,0,,0,0,0,0,0,0,0.1
29,10,29010,0,0.01,0,0.05,0,0.53,0.02,222.19,0,0.07,0.01,0.0006,,0.27,,0,0,0,0.04,0,0.01,0.28
29,11,29011,0,0,0,0,0,0.25,0,2.17,0,0,0,0,,0,,0,0,0,0.36,0.02,0,0.35
29,12,29012,0,0,0,0.01,0,0.49,0,2.23,0,0,0,0,,0.16,,0,0,0,0.35,0.02,0.04,0.48
29,13,29013,0,0.01,0,0.06,0,4.72,0.02,265.15,0,0.08,0.01,0.0007,,0.37,,0,0,0,0.78,0.05,0.09,1.76
29,14,29014,0,0,0,0.01,0,0,0,11.25,0,0,0,0,,0,,0,0,0,0.15,0.01,0,0.75
29,15,29015,0,0,0,0.03,0,1.16,0.01,87.72,0,0.03,0,0.0002,,0,,0,0,0,0.16,0.01,0,0.42
29,16,29016,0,0,0,0.01,0,0.38,0,6.21,0,0,0,0,,0.23,,0,0,0,0.1,0.01,0,0.11
29,17,29017,0,0,0,0.01,0,0.02,0,15.88,0,0,0,0,,0.18,,0,0,0,0,0,0,0.04
29,18,29018,0,0,0,0.02,0,0.82,0.01,88.48,0,0.03,0,0.0002,,0.34,,0,0,0,0.08,0.01,0,0.14
29,19,29019,0,0,0,0.01,0,0.1,0,108.17,0,0.03,0,0.0003,,0,,0,0,0,0,0,0,0.15
29,20,29020,0,0,0,0.01,0,0.46,0,2.05,0,0,0,0,,0.13,,0,0,0,0.03,0,0,0.36
29,21,29021,0,0,0,0.01,0,0.96,0,18.69,0,0.01,0,0.0001,,0.45,,0,0,0,0.26,0.02,0,0.59
29,22,29022,0,0,0,0,0,0.42,0,77.35,0,0.02,0,0.0002,,0.19,,0,0,0,0.03,0,0.01,0.05
29,23,29023,0,0,0,0.02,0,1.09,0.01,6.27,0,0,0,0,,0,,0,0,0,0,0,0.02,0.32
29,24,29024,0,0,0,0.02,0,1.13,0.01,14.12,0,0,0,0,,0,,0,0,0,0,0,0,0.2
29,25,29025,0,0,0,0.04,0,0.08,0.02,90,0,0.03,0,0.0002,,0.2,,0,0,0,0,0,0.01,0.14
29,26,29026,0,0,0,0.01,0,0.43,0,17.05,0,0.01,0,0,,0.08,,0,0,0,0.13,0.01,0,0.15
29,27,29027,0,0,0,0.01,0,0.01,0,4.86,0,0,0,0,,0.07,,0,0,0,0.01,0,0,0.06
29,28,29028,0,0,0,0.01,0,0.31,0.01,111.86,0,0.03,0,0.0003,,0.53,,0,0,0,0.08,0.01,0,0.28
29,29,29029,0,0,0,0.01,0,0.73,0,0.94,0,0,0,0,,0,,0,0,0,0,0,0,0.06
29,30,29030,0,0,0,0.01,0,0.77,0,0.88,0,0,0,0,,0.1,,0,0,0,0,0,0,0.58
29,31,29031,0,0,0,0,0,0.37,0.01,366.63,0,0.11,0.02,0.001,,0.35,,0,0,0,0.36,0.02,0.01,0.58
29,32,29032,0,0,0,0.01,0,0.46,0,16.23,0,0,0,0,,0,,0,0,0,0,0,0,0.17
29,33,29033,0,0.02,0,0.08,0.01,0,0.02,126.98,0,0.04,0.01,0.0003,,0,0.09,0,0,0,0,0,0.08,0.16
29,34,29034,0,0,0,0.03,0,2.23,0.01,92.52,0,0.03,0,0.0002,,0.52,,0,0,0,0.5,0.03,0.01,2.32
29,35,29035,0,0,0,0,0,0,0,2.34,0,0,0,0,,0.14,,0,0,0,0,0,0,0.07
29,36,29036,0,0,0,0.02,0,1.08,0.01,27.66,0,0.01,0,0.0001,,0,,0,0,0,0,0,0.01,0.02
29,37,29037,0,0,0,0.01,0,0.5,0,3.87,0,0,0,0,,0.36,,0,0,0,0,0,0,0.32
29,38,29038,0,0,0,0.01,0,0.32,0,66.62,0,0.02,0,0.0002,,0,,0,0,0,0.19,0.01,0,0.24
29,39,29039,0,0,0,0.01,0,0.17,0.01,96.21,0,0.03,0,0.0003,,0,,0,0,0,0.15,0.01,0,0.22
29,40,29040,0,0,0,0,0,0.52,0,0.06,0,0,0,0,,0,,0,0,0,0,0,0.07,0.74
29,41,29041,0,0,0,0.02,0,0.02,0.01,279.91,0,0.09,0.01,0.0008,,0.18,,0,0,0,0.06,0,0,0.17
29,42,29042,0,0,0,0.01,0,0.66,0,37.21,0,0.01,0,0.0001,,0,,0,0,0,0.03,0,0,0.05
29,43,29043,0,0,0,0,0,1.02,0.01,57.48,0,0.02,0,0.0002,,0,,0,0,0,0,0,0.01,0.19
29,44,29044,0,0,0,0.03,0,0.03,0.01,56.49,0,0.02,0,0.0002,,0,,0,0,0,0,0,0,0.12
29,45,29045,0,0,0,0,0,0.32,0,1,0,0,0,0,,0,,0,0,0,0.24,0.02,0,0.27
29,46,29046,0,0,0,0,0,0.23,0,13.65,0,0,0,0,,0.04,,0,0,0,0,0,0,0.02
29,47,29047,0,0,0,0,0,0.16,0,3.11,0,0,0,0,,0.1,,0,0,0,0,0,0,0.06
29,48,29048,0,0,0,0.01,0,0.92,0,95.45,0,0.03,0,0.0003,,0,,0,0,0,0.1,0.01,0,0.04
29,49,29049,0,0,0,0,0,0,0,2.17,0,0,0,0,,0,,0,0,0,0,0,0,0.05
29,50,29050,0,0,0,0.01,0,0,0,5.74,0,0,0,0,,0.25,,0,0,0,0,0,0,0.06
29,51,29051,0,0,0,0,0,0,0,0.64,0,0,0,0,,0,,0,0,0,0,0,0,0.02
29,52,29052,0,0,0,0,0,0.31,0,2.99,0,0,0,0,,0.03,,0,0,0,0,0,0,0.09
29,53,29053,0,0,0,0,0,0.01,0,61.41,0,0.02,0,0.0002,,0,,0,0,0,0,0,0,0.02
29,54,29054,0,0,0,0,0,0,0,4.04,0,0,0,0,,0,,0,0,0,0,0,0,0.04
29,55,29055,0,0,0,0,0,0.16,0,3.57,0,0,0,0,,0,,0,0,0,0,0,0,0.25
29,56,29056,0,0,0,0,0,0,0,3.75,0,0,0,0,,0,,0,0,0,0,0,0,0.03
29,57,29057,0,0,0,0,0,0.01,0,1.46,0,0,0,0,,0,,0,0,0,0,0,0,0.03
29,58,29058,0,0,0,0.01,0,0.45,0,3.16,0,0,0,0,,0.09,,0,0,0,0.06,0,0,0.03
29,59,29059,0,0,0,0,0,0.18,0,4.34,0,0,0,0,,0,,0,0,0,0,0,0,0.01
29,60,29060,0,0,0,0,0,0.25,0,52.79,0,0.02,0,0.0001,,0,,0,0,0,0.04,0,0,0.01
30,1,30001,0,0,0,0,0,0.46,0,0.59,0.04,0,0,0,,0.01,,0,0,0,0.21,0.01,0.01,0.02
30,2,30002,0,0,0,0,0,0.18,0,16.58,1.03,0.01,0,0,,0,,0,0,0,0,0,0,0.02
30,3,30003,0,0.01,0,0.05,0,2.74,0.02,53.56,3.32,0.02,0,0.0001,,0,,0,0,0,0,0,0.47,0.55
30,4,30004,0,0,0,0.02,0,2.32,0.01,4.1,0.25,0,0,0,,0.01,,0,0,0,0,0,0,0.98
30,5,30005,0,0,0,0,0,0.29,0,1.64,0.1,0,0,0,,0,,0,0,0,0,0,0,0.14
30,6,30006,0,0,0,0.01,0,1.14,0,10.61,0.66,0,0,0,,1.82,,0,0,0,0.78,0.05,0,0.24
30,7,30007,0,0,0,0,0,0.35,0,0.41,0.03,0,0,0,,0,,0,0,0,0.46,0.03,0,0.24
30,8,30008,0,0,0,0,0,0.55,0,0.59,0.04,0,0,0,,0.06,,0,0,0,0,0,0,0.11
30,9,30009,0,0,0,0.02,0,1.58,0.01,10.49,0.65,0,0,0,,0,,0,0,0,0,0,0,0.47
30,10,30010,0,0,0,0.03,0,3.49,0.02,76.99,4.78,0.03,0,0.0002,,0,,0,0,0,0,0,0,0.46
30,11,30011,0,0,0,0.03,0,2.34,0.01,24.73,1.53,0.01,0,0.0001,,0,,0,0,0,0.91,0.06,0.24,0.04
30,12,30012,0,0,0,0,0,0.44,0,1.41,0.09,0,0,0,,0,,0,0,0,0,0,0,0.24
30,13,30013,0,0,0,0.02,0,1.6,0.01,20.27,1.26,0.01,0,0.0001,,0,,0,0,0,0,0,0,0.06
30,14,30014,0,0,0,0.02,0,2.07,0.01,83.85,5.2,0.03,0,0.0002,,0,,0,0,0,0.5,0.03,0.01,0.24
30,15,30015,0,0,0,0.02,0,2.02,0.01,7.56,0.47,0,0,0,,0,,0,0,0,0,0,0,0.53
30,16,30016,0,0.01,0,0.02,0,1.55,0.01,53.38,3.31,0.02,0,0.0001,,0,,0,0,0,0.47,0.03,0.1,0.17
30,17,30017,0,0,0,0,0,0.22,0,0.23,0.01,0,0,0,,0.01,,0,0,0,0.15,0.01,0,0.11
30,18,30018,0,0,0,0,0,0.1,0,0.12,0.01,0,0,0,,0.01,,0,0,0,0,0,0,0.02
30,19,30019,0,0,0,0,0,0.3,0,0,0,0,0,0,,0,,0,0,0,0,0,0,0.07
30,20,30020,0,0,0,0,0,0.55,0,0.53,0.03,0,0,0,,0,,0,0,0,0,0,0,0.05
30,21,30021,0,0,0,0.01,0,1.32,0.01,69.44,4.31,0.03,0,0.0002,,0,,0,0,0,0.19,0.01,0,0.3
30,22,30022,0,0,0,0.01,0,0.63,0,3.81,0.24,0,0,0,,0,,0,0,0,0,0,0,0.22
30,23,30023,0,0,0,0,0,2.67,0.01,29.24,1.81,0.01,0,0.0001,,0.04,,0,0,0,0,0,0,1.09
30,24,30024,0,0,0,0.01,0,0.83,0,2.46,0.15,0,0,0,,0,,0,0,0,0,0,0,0.4
30,25,30025,0,0,0,0.01,0,1.43,0.01,1.99,0.12,0,0,0,,0.15,,0,0,0,0,0,0,0.3
30,26,30026,0,0,0,0.01,0,0.14,0.01,14.41,0.89,0.01,0,0,,0,,0,0,0,0.17,0.01,0.04,0
30,27,30027,0,0,0,0.01,0,1.01,0,0.88,0.05,0,0,0,,0,,0,0,0,0,0,0.01,0.61
30,28,30028,0,0.03,0,0.09,0,0.18,0.04,106.53,6.61,0.04,0.01,0.0003,,0,,0,0,0,0.1,0.01,0.28,0
30,29,30029,0,0,0,0,0,0.76,0,0.12,0.01,0,0,0,,0.66,,0,0,0,0,0,0,0.11
30,30,30030,0,0.01,0,0.02,0,0.56,0.01,59.88,3.72,0.02,0,0.0002,,0.01,,0,0,0,0.11,0.01,0,0.01
30,31,30031,0,0,0,0,0,0.88,0,0.12,0.01,0,0,0,,0,,0,0,0,0,0,0.01,0.26
30,32,30032,0,0,0,0.03,0,2.86,0.01,24.14,1.5,0.01,0,0.0001,,0,,0,0,0,0,0,0.02,0.22
30,33,30033,0,0,0,0.01,0,2.29,0.01,2.75,0.17,0,0,0,,0,,0,0,0,0,0,0,0.48
30,34,30034,0,0,0,0.02,0,1.51,0.01,17.17,1.07,0.01,0,0,,0,,0,0,0,0,0,0,0.03
30,35,30035,0,0,0,0.01,0,0.67,0,11.48,0.71,0,0,0,,0,,0,0,0,0,0,0,0.01
30,36,30036,0,0,0,0,0,0.51,0,4.45,0.28,0,0,0,,0,,0,0,0,0,0,0,0.04
30,37,30037,0,0,0,0,0,0.44,0,0.53,0.03,0,0,0,,0,,0,0,0,0,0,0,0.07
30,38,30038,0,0.01,0,0.05,0,1.86,0.02,148.48,9.22,0.06,0.01,0.0004,,0,,0,0,0,0.06,0,0.02,0.63
30,39,30039,0,0.06,0,0.18,0,0.71,0.07,971.46,60.3,0.36,0.06,0.0026,,0,,0,0,242.47,0.45,0.03,0.98,0.1
30,40,30040,0,0,0,0.03,0,1.55,0.01,9.2,0.57,0,0,0,,0,,0,0,0,0,0,0.01,0.28
30,41,30041,0,0,0,0,0,0.12,0,0.53,0.03,0,0,0,,0,,0,0,0,0,0,0,0.04
30,42,30042,0,0,0,0,0,0.36,0,1.05,0.07,0,0,0,,0,,0,0,0,0,0,0,0.05
30,43,30043,0,0,0,0.01,0,1.03,0,4.63,0.29,0,0,0,,0,,0,0,0,0,0,0,0.47
30,44,30044,0,0.04,0,0.11,0,3.49,0.05,405.25,25.15,0.15,0.02,0.0011,,0,,0,0,0,0.29,0.02,0.24,0.43
30,45,30045,0,0.01,0,0.04,0,3.34,0.01,43.07,2.67,0.02,0,0.0001,,0,,0,0,0,0.91,0.06,0,0.98
30,46,30046,0,0,0,0.01,0,0.9,0,4.63,0.29,0,0,0,,0,,0,0,0,0,0,0,0.22
30,47,30047,0,0,0,0.02,0,2.88,0.01,20.92,1.3,0.01,0,0.0001,,0,,0,0,0,0,0,0,0.3
30,48,30048,0,0.01,0,0.06,0,1.89,0.03,209.13,12.98,0.08,0.01,0.0006,,0,,3.78,0.43,0,0.09,0.01,0.04,0.13
30,49,30049,0,0,0,0.01,0,1.15,0,16.7,1.04,0.01,0,0,,0,,0,0,0,0,0,0.02,0.34
30,50,30050,0,0,0,0.01,0,0.91,0,2.29,0.14,0,0,0,,0,,0,0,0,0,0,0,0.18
30,51,30051,0,0,0,0.01,0,1.28,0.01,12.6,0.78,0,0,0,,0,,0,0,0,0,0,0,0.2
30,52,30052,0,0,0,0.01,0,0.67,0,59.71,3.71,0.02,0,0.0002,,0,,0,0,0,0.27,0.02,0,0.25
30,53,30053,0,0,0,0.01,0,1.42,0.01,48.46,3.01,0.02,0,0.0001,,0,,0,0,0,0,0,0,0.2
30,54,30054,0,0,0,0.01,0,0.7,0,3.28,0.2,0,0,0,,0,,0,0,0,0.29,0.02,0,0.35
30,55,30055,0,0,0,0.01,0,0.8,0,0.29,0.02,0,0,0,,0,,0,0,0,0,0,0,0.2
30,56,30056,0,0,0,0,0,0.42,0,0.82,0.05,0,0,0,,0,,0,0,0,0,0,0,0.09
30,57,30057,0,0,0,0.01,0,0.77,0,1.17,0.07,0,0,0,,0,,0,0,0,0,0,0,0.17
30,58,30058,0,0,0,0.03,0,3.39,0.01,2.99,0.19,0,0,0,,0,,0,0,0,0,0,0,1.37
30,59,30059,0,0,0,0.01,0,0.81,0,16.47,1.02,0.01,0,0,,0,,0,0,0,0.31,0.02,0.12,0.09
30,60,30060,0,0,0,0.01,0,0.87,0,1.41,0.09,0,0,0,,0,,0,0,0,0,0,0,0.06
30,61,30061,0,0.01,0,0.04,0,4.29,0.02,22.74,1.41,0.01,0,0.0001,,1.01,,0,0,0,0.86,0.06,0,1.16
30,62,30062,0,0,0,0.01,0,1.01,0,24.14,1.5,0.01,0,0.0001,,0,,0,0,0,0,0,0,0.22
30,63,30063,0,0,0,0.01,0,0.89,0,4.28,0.27,0,0,0,,0,,0,0,0,0,0,0,0.1
30,64,30064,0,0,0,0,0,0.21,0,0.53,0.03,0,0,0,,0,,0,0,0,0,0,0,0.05
30,65,30065,0,0,0,0.03,0,3.49,0.01,26.95,1.67,0.01,0,0.0001,,0.01,,0,0,0,0.93,0.06,0,0.57
30,66,30066,0,0,0,0.01,0,1.52,0.01,4.92,0.31,0,0,0,,0,,0,0,0,0,0,0,0.27
30,67,30067,0,0,0,0.01,0,0.88,0,5.1,0.32,0,0,0,,0,,0,0,0,0,0,0,0.04
30,68,30068,0,0.01,0,0.03,0,1.29,0.01,72.01,4.47,0.03,0,0.0002,,0,,0,0,0,0.14,0.01,0.03,0.18
30,69,30069,0,0,0,0.02,0,1.49,0.01,16,0.99,0.01,0,0,,0,,0,0,0,0,0,0,0.52
30,70,30070,0,0,0,0.01,0,1.06,0,4.69,0.29,0,0,0,,0.14,,0,0,0,0,0,0,0.52
30,71,30071,0,0.01,0,0.02,0,3,0.01,51.21,3.18,0.02,0,0.0001,,0,,0,0,0,0,0,0.02,0.52
30,72,30072,0,0,0,0.01,0,1.18,0.01,3.28,0.2,0,0,0,,0.19,,0,0,0,0,0,0.27,0.33
30,73,30073,0,0,0,0.02,0,2.34,0.01,37.38,2.32,0.01,0,0.0001,,0,,0,0,0,0,0,0,1.06
30,74,30074,0,0,0,0,0,0.27,0,5.57,0.35,0,0,0,,0.01,,0,0,0,0.07,0,0.01,0
30,75,30075,0,0,0,0,0,1.06,0,4.1,0.25,0,0,0,,0,,0,0,0,0,0,0,0.03
30,76,30076,0,0,0,0.01,0,0.81,0,0,0,0,0,0,,0,,0,0,0,0,0,0,0.18
30,77,30077,0,0,0,0.02,0,2.35,0.01,18.93,1.17,0.01,0,0.0001,,0,,0,0,0,0.56,0.04,0,0.68
30,78,30078,0,0,0,0.01,0,0.77,0,1.76,0.11,0,0,0,,0,,0,0,0,0,0,0,0.2
30,79,30079,0,0,0,0.01,0,0.61,0,2.52,0.16,0,0,0,,0.01,,0,0,0,0,0,0,0.07
30,80,30080,0,0,0,0.01,0,1.19,0.01,11.95,0.74,0,0,0,,0,,0,0,0,0,0,0,0.37
30,81,30081,0,0,0,0.01,0,0.46,0,4.63,0.29,0,0,0,,0,,0,0,0,0,0,0,0.03
30,82,30082,0,0,0,0,0,0.52,0,14.77,0.92,0.01,0,0,,0,,0,0,0,0.17,0.01,0,0.08
30,83,30083,0,0,0,0.02,0,2.97,0.01,3.93,0.24,0,0,0,,0,,0,0,0,0,0,0,0.81
30,84,30084,0,0,0,0,0,0.35,0,0.76,0.05,0,0,0,,0,,0,0,0,0,0,0,0.24
30,85,30085,0,0,0,0.03,0,2,0.02,297.78,18.48,0.11,0.02,0.0008,,0.01,,0,0,0,0.19,0.01,0.19,0.47
30,86,30086,0,0,0,0.02,0,2.31,0.01,118.95,7.38,0.04,0.01,0.0003,,0.16,,0,0,0,0,0,0,0.44
30,87,30087,0,0.08,0,0.03,0,1.03,0.11,332.82,20.66,0.12,0.02,0.0009,,0,,0,0,0,0.38,0.03,0.73,0.14
30,88,30088,0,0,0,0,0,0.29,0,1.52,0.09,0,0,0,,0,,0,0,0,0,0,0,0.16
30,89,30089,0,0,0,0.02,0,0.8,0.01,31.99,1.99,0.01,0,0.0001,,0,,0,0,0,0.3,0.02,0.51,0.25
30,90,30090,0,0,0,0.01,0,0.6,0,1.23,0.08,0,0,0,,0,,0,0,0,0,0,0,0.06
30,91,30091,0,0,0,0.01,0,1.47,0.01,14.12,0.88,0.01,0,0,,0.62,,0,0,0,0.7,0.05,0,0.32
30,92,30092,0,0,0,0.02,0,1.97,0.01,20.63,1.28,0.01,0,0.0001,,0,,0,0,0,0,0,0,0.21
30,93,30093,0,0,0,0.01,0,0.82,0,3.81,0.24,0,0,0,,0,,0,0,0,0.17,0.01,0,0.11
30,94,30094,0,0,0,0.02,0,2.1,0.01,25.49,1.58,0.01,0,0.0001,,0,,0,0,0,1.18,0.08,0,0.65
30,95,30095,0,0,0,0.01,0,1,0,4.51,0.28,0,0,0,,0,,0,0,0,0,0,0,0.28
30,96,30096,0,0,0,0,0,0.09,0,0.82,0.05,0,0,0,,0,,0,0,0,0,0,0,0.02
30,97,30097,0,0,0,0,0,1.14,0,69.9,4.34,0.03,0,0.0002,,0,,0,0,0,0,0,0,0.14
30,98,30098,0,0,0,0,0,0.16,0,0.12,0.01,0,0,0,,0,,0,0,0,0,0,0,0.02
30,99,30099,0,0,0,0.01,0,0.91,0,16.52,1.03,0.01,0,0,,1.48,,0,0,0,0.6,0.04,0,0.11
30,100,30100,0,0,0,0.01,0,1.25,0.01,8.44,0.52,0,0,0,,0,,0,0,0,0.41,0.03,0,0.29
30,101,30101,0,0,0,0.02,0,1.66,0.01,2.29,0.14,0,0,0,,0,,0,0,0,0,0,0.02,0.34
30,102,30102,0,0.02,0,0.06,0,5.98,0.03,101.19,6.28,0.04,0.01,0.0003,,0,,0,0,0,0,0,0.01,1.78
30,103,30103,0,0,0,0.01,0,0.69,0,0.82,0.05,0,0,0,,0,,0,0,0,0,0,0,0.08
30,104,30104,0,0,0,0.01,0,0.83,0,2.05,0.13,0,0,0,,0.06,,0,0,0,0,0,0,0.31
30,105,30105,0,0,0,0.02,0,2.11,0.01,39.38,2.44,0.01,0,0.0001,,0,,0,0,0,0.88,0.06,0,0.15
30,106,30106,0,0,0,0,0,0.25,0,6.97,0.43,0,0,0,,0,,0,0,0,0,0,0,0.03
30,107,30107,0,0,0,0,0,0.17,0,0,0,0,0,0,,0,,0,0,0,0,0,0.17,0.04
30,108,30108,0,0.03,0,0.09,0,4.63,0.04,314.01,19.49,0.12,0.02,0.0008,,0,,0,0,0,0,0,0.06,0.78
30,109,30109,0,0,0,0.03,0,3.67,0.02,33.75,2.09,0.01,0,0.0001,,0,,0,0,0,0,0,0,0.73
30,110,30110,0,0,0,0,0,0.59,0,0,0,0,0,0,,0,,0,0,0,0,0,0,0.07
30,111,30111,0,0,0,0,0,0.97,0,4.45,0.28,0,0,0,,0,,0,0,0,0.36,0.03,0,0.07
30,112,30112,0,0,0,0.01,0,1.16,0,41.95,2.6,0.02,0,0.0001,,0,,0,0,0,0,0,0,0.12
30,113,30113,0,0,0,0,0,0.26,0,1.82,0.11,0,0,0,,0,,0,0,0,0,0,0,0.06
30,114,30114,0,0,0,0,0,0.61,0,2.93,0.18,0,0,0,,0,,0,0,0,0,0,0,0.15
30,115,30115,0,0,0,0.02,0,0.86,0.01,16.58,1.03,0.01,0,0,,0.05,,0,0,0,0.17,0.01,0,0.06
30,116,30116,0,0,0,0.01,0,0.21,0,10.78,0.67,0,0,0,,0,,0,0,0,0.22,0.01,0,0.02
30,117,30117,0,0,0,0.01,0,1.32,0.01,4.39,0.27,0,0,0,,0,,0,0,0,0.23,0.02,0,0.76
30,118,30118,0,0.03,0,0.01,0,0,0.03,350.87,21.78,0.13,0.02,0.0009,,0,,0,0,0,0.14,0.01,0.46,0
30,119,30119,0,0,0,0,0,0.34,0,7.21,0.45,0,0,0,,0,,0,0,0,0.06,0,0,0.16
30,120,30120,0,0,0,0.01,0,0,0,8.67,0.54,0,0,0,,0,,0,0,0,0,0,0,0.02
30,121,30121,0,0,0,0.01,0,1.42,0.01,4.51,0.28,0,0,0,,0,,0,0,0,1.05,0.07,0,0.27
30,122,30122,0,0,0,0.01,0,0.89,0,8.61,0.53,0,0,0,,0.5,,0,0,0,0,0,0,0.15
30,123,30123,0,0.01,0,0.05,0,4.53,0.02,102.19,6.34,0.04,0.01,0.0003,,0,,0,0,0,1.03,0.07,0.01,2.07
30,124,30124,0,0.01,0,0.01,0,10.3,0.04,71.43,4.43,0.03,0,0.0002,,0,,0,0,0,0,0,0.06,1.73
30,125,30125,0,0,0,0.02,0,1.67,0.01,38.2,2.37,0.01,0,0.0001,,0,,0,0,0,0.4,0.03,0,0.6
30,126,30126,0,0,0,0.02,0,1.82,0.01,6.5,0.4,0,0,0,,0,,0,0,0,0,0,0,0.74
30,127,30127,0,0,0,0.01,0,1.16,0,1.58,0.1,0,0,0,,1.06,,0,0,0,0,0,0,0.11
30,128,30128,0,0.01,0,0.03,0,3.75,0.02,78.69,4.88,0.03,0,0.0002,,1.54,,0,0,0,0.65,0.04,0.1,0.95
30,129,30129,0,0,0,0.01,0,1.08,0,5.68,0.35,0,0,0,,0,,0,0,0,0,0,0,0.27
30,130,30130,0,0,0,0.02,0,2.33,0.01,23.38,1.45,0.01,0,0.0001,,0,,0,0,0,0,0,0,0.86
30,131,30131,0,0.03,0,0.11,0,0.5,0.05,275.46,17.1,0.1,0.02,0.0007,,0,,0.07,0.02,0,0,0,0.5,0
30,132,30132,0,0,0,0.01,0,0.92,0,16.29,1.01,0.01,0,0,,0.27,,0,0,0,0.44,0.03,0,0.08
30,133,30133,0,0,0,0.03,0,0.57,0.01,26.6,1.65,0.01,0,0.0001,,0,,0,0,0,0.58,0.04,0,0.02
30,134,30134,0,0,0,0,0,1.23,0.01,3.05,0.19,0,0,0,,0,,0,0,0,0.48,0.03,0.14,0.73
30,135,30135,0,0,0,0.01,0,0.22,0,2.34,0.15,0,0,0,,0,,0,0,0,0,0,0,0.04
30,136,30136,0,0,0,0,0,0.27,0,2.93,0.18,0,0,0,,0,,0,0,0,0.19,0.01,0,0.01
30,137,30137,0,0,0,0,0,0.3,0,0.23,0.01,0,0,0,,0,,0,0,0,0,0,0,0.04
30,138,30138,0,0,0,0.02,0,2.45,0.01,28.59,1.77,0.01,0,0.0001,,0.03,,0,0,0,0.11,0.01,0,0.01
30,139,30139,0,0,0,0,0,0.35,0,0.94,0.06,0,0,0,,0,,0,0,0,0,0,0,0.1
30,140,30140,0,0,0,0,0,0.15,0,0.59,0.04,0,0,0,,0,,0,0,0,0,0,0,0.01
30,141,30141,0,0.01,0,0.08,0,9.08,0.04,127.86,7.94,0.05,0.01,0.0003,,0,,0,0,0,0,0,0.02,1.28
30,142,30142,0,0,0,0.02,0,1.89,0.01,7.09,0.44,0,0,0,,0,,0,0,0,0.9,0.06,1.42,0.42
30,143,30143,0,0,0,0.03,0,3.36,0.01,11.84,0.73,0,0,0,,0,,0,0,879.99,0,0,0,0.49
30,144,30144,0,0,0,0.02,0,1.76,0.01,7.79,0.48,0,0,0,,0,,0,0,0,0.74,0.05,0,0.24
30,145,30145,0,0,0,0.01,0,0.41,0,4.92,0.31,0,0,0,,0,,0,0,0,0,0,0.07,0.1
30,146,30146,0,0,0,0,0,0.19,0,0,0,0,0,0,,0,,0,0,0,0,0,0,0.07
30,147,30147,0,0,0,0.01,0,1.17,0.01,11.43,0.71,0,0,0,,0.31,,0,0,0,0,0,0,0.07
30,148,30148,0,0,0,0.02,0,1.64,0.01,7.97,0.49,0,0,0,,0,,0,0,0,0.25,0.02,0,0.33
30,149,30149,0,0,0,0.01,0,1.72,0.01,2.23,0.14,0,0,0,,0,,0,0,0,0,0,0,0.83
30,150,30150,0,0,0,0,0,0.69,0,23.91,1.48,0.01,0,0.0001,,0,,0,0,0,0,0,0,0.05
30,151,30151,0,0,0,0.01,0,1.47,0.01,4.75,0.29,0,0,0,,0,,0,0,0,0,0,0,0.33
30,152,30152,0,0,0,0.01,0,0.73,0,1.76,0.11,0,0,0,,0,,0,0,0,0.49,0.03,0,0.1
30,153,30153,0,0,0,0,0,0.36,0,2.11,0.13,0,0,0,,0,,0,0,0,0,0,0,0.05
30,154,30154,0,0,0,0.01,0,0.81,0,5.1,0.32,0,0,0,,0,,0,0,0,0,0,0,0.13
30,155,30155,0,0,0,0.05,0,5.99,0.03,21.68,1.35,0.01,0,0.0001,,0,,0,0,0,0,0,0.02,0.76
30,156,30156,0,0,0,0,0,0.32,0,0.82,0.05,0,0,0,,0.24,,0,0,0,0,0,0.02,0.05
30,157,30157,0,0,0,0.01,0,1.13,0,3.11,0.19,0,0,0,,0,,0,0,0,0,0,0,0.78
30,158,30158,0,0,0,0,0,1.48,0.01,6.68,0.41,0,0,0,,0,,0,0,0,0,0,0,0.56
30,159,30159,0,0,0,0,0,1.25,0.01,0.47,0.03,0,0,0,,0,,0,0,0,0,0,0,0.11
30,160,30160,0,0.01,0,0.05,0,6.17,0.03,29.3,1.82,0.01,0,0.0001,,0,,0,0,0,0,0,0.03,2.88
30,161,30161,0,0,0,0.02,0,2.03,0.01,18.87,1.17,0.01,0,0.0001,,0,,0,0,0,0,0,0,0.26
30,162,30162,0,0,0,0,0,0.35,0,0.53,0.03,0,0,0,,0,,0,0,0,0,0,0,0.16
30,163,30163,0,0,0,0,0,0.31,0,0.94,0.06,0,0,0,,0,,0,0,0,0,0,0,0.05
30,164,30164,0,0,0,0.01,0,0.93,0,7.38,0.46,0,0,0,,0,,0,0,0,0,0,0,0.16
30,165,30165,0,0,0,0,0,0.47,0,1,0.06,0,0,0,,0,,0,0,0,0,0,0,0.16
30,166,30166,0,0,0,0.01,0,0.53,0,1.88,0.12,0,0,0,,0,,0,0,0,0,0,0,0.09
30,167,30167,0,0,0,0.01,0,0.84,0,3.93,0.24,0,0,0,,0,,0,0,0,0,0,0,0.1
30,168,30168,0,0,0,0.01,0,0.75,0,0.23,0.01,0,0,0,,0.03,,0,0,0,0,0,0,0.18
30,169,30169,0,0,0,0.01,0,1.4,0.01,5.16,0.32,0,0,0,,0,,0,0,0,0.47,0.03,0,0.94
30,170,30170,0,0,0,0,0,0.6,0,0,0,0,0,0,,0.04,,0,0,0,0,0,0,0.2
30,171,30171,0,0,0,0,0,0.29,0,0.59,0.04,0,0,0,,0,,0,0,0,0,0,0,0.05
30,172,30172,0,0,0,0.01,0,1.11,0,6.91,0.43,0,0,0,,0,,0,0,0,0.27,0.02,0,0.58
30,173,30173,0,0,0,0.03,0,2.93,0.01,64.05,3.98,0.02,0,0.0002,,0,,0,0,0,0.38,0.03,0,1.61
30,174,30174,0,0.01,0,0.05,0,5.27,0.02,45.24,2.81,0.02,0,0.0001,,0,,0,0,0,1.2,0.08,0.04,1.46
30,175,30175,0,0.01,0,0.04,0,5.35,0.02,46.94,2.91,0.02,0,0.0001,,0,,0,0,0,0,0,0,1.05
30,176,30176,0,0,0,0,0,0.27,0,1.99,0.12,0,0,0,,0,,0,0,0,0,0,0,0.28
30,177,30177,0,0,0,0,0,0.58,0,0.59,0.04,0,0,0,,0.26,,0,0,0,0,0,0.04,0.06
30,178,30178,0,0,0,0.01,0,0.85,0,13.36,0.83,0.01,0,0,,0,,0,0,0,0,0,0,0.22
30,179,30179,0,0,0,0,0,0.22,0,2.81,0.17,0,0,0,,0,,0,0,0,0,0,0,0.13
30,180,30180,0,0,0,0.01,0,0.66,0,0.64,0.04,0,0,0,,0.05,,0,0,0,0,0,0,0.32
30,181,30181,0,0,0,0,0,2.17,0.01,13.77,0.85,0.01,0,0,,0,,0,0,0,0.71,0.05,0,0.39
30,182,30182,0,0,0,0.01,0,0.91,0,1.58,0.1,0,0,0,,0,,0,0,0,0,0,0,0.04
30,183,30183,0,0.01,0,0,0,3.32,0.01,30.7,1.91,0.01,0,0.0001,,0,,0,0,0,0,0,0,0.5
30,184,30184,0,0,0,0,0,0.4,0,1.17,0.07,0,0,0,,0.32,,0,0,0,0,0,0,0.05
30,185,30185,0,0,0,0,0,0.16,0,0.82,0.05,0,0,0,,0,,0,0,0,0,0,0,0.01
30,186,30186,0,0,0,0,0,0.38,0,4.92,0.31,0,0,0,,0,,0,0,0,0,0,0,0.12
30,187,30187,0,0,0,0,0,0.32,0,0.47,0.03,0,0,0,,0,,0,0,0,0,0,0,0.04
30,188,30188,0,0,0,0.01,0,0.92,0,3.34,0.21,0,0,0,,0,,0,0,0,0,0,0,0.41
30,189,30189,0,0.02,0,0.08,0,8.22,0.04,88.6,5.5,0.03,0.01,0.0002,,0,,0,0,369.62,0,0,0.13,0.7
30,190,30190,0,0,0,0,0,0.13,0,1.23,0.08,0,0,0,,0,,0,0,0,0,0,0,0.07
30,191,30191,0,0,0,0,0,1.65,0.01,39.85,2.47,0.01,0,0.0001,,0,,0,0,0,0,0,0,0.39
30,192,30192,0,0,0,0.01,0,1.13,0,16.99,1.05,0.01,0,0,,0,,0,0,0,0,0,0,0.09
30,193,30193,0,0.1,0,0.33,0,2.43,0.14,608.28,37.76,0.23,0.03,0.0016,,0,0.38,0,0,1233.04,1.1,0.08,1.11,0.06
30,194,30194,0,0,0,0,0,0.59,0,20.45,1.27,0.01,0,0.0001,,0.02,,0,0,0,0.16,0.01,0.12,0.08
30,195,30195,0,0,0,0,0,0.28,0,4.75,0.29,0,0,0,,0,,0,0,0,0,0,0,0.08
30,196,30196,0,0,0,0.01,0,1.27,0,7.32,0.45,0,0,0,,0.07,,0,0,0,0,0,0.01,0.26
30,197,30197,0,0,0,0.01,0,0.7,0,4.04,0.25,0,0,0,,0,,0,0,0,0,0,0,0.17
30,198,30198,0,0,0,0,0,0.41,0,0.7,0.04,0,0,0,,0.04,,0,0,0,0,0,0.08,0.09
30,199,30199,0,0,0,0,0,0.12,0,3.75,0.23,0,0,0,,0,,0,0,0,0,0,0,0.04
30,200,30200,0,0,0,0,0,0.73,0,2.29,0.14,0,0,0,,0,,0,0,0,0,0,0,0.46
30,201,30201,0,0,0,0.02,0,2.4,0.01,5.86,0.36,0,0,0,,0,,0,0,0,0,0,0,0.71
30,202,30202,0,0,0,0,0,0.8,0,0.88,0.05,0,0,0,,0,,0,0,0,0,0,0,0.22
30,203,30203,0,0,0,0.01,0,0.76,0,3.34,0.21,0,0,0,,0,,0,0,0,0,0,0,0.09
30,204,30204,0,0.01,0,0.03,0,2.71,0.01,16.58,1.03,0.01,0,0,,0.01,,0,0,0,0,0,0,0.11
30,205,30205,0,0,0,0,0,1.13,0,39.2,2.43,0.01,0,0.0001,,0,,0,0,0,0,0,0,0.66
30,206,30206,0,0,0,0.02,0,1.64,0.01,12.42,0.77,0,0,0,,0,,0,0,0,0.24,0.02,0.29,0.01
30,207,30207,0,0,0,0.03,0,2.62,0.01,94.81,5.88,0.04,0.01,0.0003,,0,,0,0,0,0.93,0.06,0,1.11
30,208,30208,0,0,0,0.01,0,1.34,0.01,115.43,7.17,0.04,0.01,0.0003,,0,,0,0,0,0,0,0,0.27
30,209,30209,0,0,0,0.01,0,0.76,0,3.05,0.19,0,0,0,,0.02,,0,0,0,0,0,0,0.15
30,210,30210,0,0,0,0.01,0,1.52,0.01,2.93,0.18,0,0,0,,0.45,,0,0,0,0,0,0,0.74
30,211,30211,0,0,0,0.02,0,1.73,0.01,0,0,0,0,0,,0,,0,0,0,0,0,0,0
30,212,30212,0,0,0,0,0,0.47,0,0,0,0,0,0,,0,,0,0,0,0,0,0,0
31,1,31001,0,0,0,0,0,0.37,0,0.59,0.06,0,0,0,,0,,0,0,0,0,0,0,0
31,2,31002,0,0,0,0.01,0,0.88,0,61.58,6.04,0,0,0.0002,,0.14,,0,0,0,0.32,0.02,0,0
31,3,31003,0,0,0,0,0,0.6,0,24.38,2.39,0,0,0.0001,,0,,0,0,0,0.16,0.01,0,0.01
31,4,31004,0,0,0,0,0,0.33,0,4.92,0.48,0,0,0,,0.19,,0,0,0,0,0,0,0.01
31,5,31005,0,0,0,0,0,0.12,0,1.05,0.1,0,0,0,,0.38,,0,0,0,0.1,0.01,0,0
31,6,31006,0,0,0,0.01,0,0.51,0,6.86,0.67,0,0,0,,0.04,,0,0,0,0,0,0,0.09
31,7,31007,0,0,0,0,0,0.39,0,7.09,0.7,0,0,0,,0,,0,0,0,0.24,0.02,0,0
31,8,31008,0,0,0,0,0,0.23,0,4.22,0.41,0,0,0,,0,,0,0,0,0.27,0.02,0,0.04
31,9,31009,0,0,0,0,0,0.29,0,3.57,0.35,0,0,0,,0.07,,0,0,0,0,0,0,0.01
31,10,31010,0,0,0,0,0,0.14,0,12.01,1.18,0,0,0,,0,,0,0,0,0,0,0,0
31,11,31011,0,0,0,0,0,0.38,0,11.84,1.16,0,0,0,,0,,0,0,0,0,0,0.02,0
31,12,31012,0,0,0,0,0,0.22,0,2.7,0.26,0,0,0,,0.12,,0,0,0,0,0,0,0.08
31,13,31013,0,0,0,0,0,0.22,0,17.11,1.68,0,0,0,,0.14,,0,0,0,0,0,0.02,0
31,14,31014,0,0,0,0,0,0.09,0,2.64,0.26,0,0,0,,0,,0,0,0,0,0,0.03,0
31,15,31015,0,0,0,0,0,0.29,0,2.11,0.21,0,0,0,,0,,0,0,0,0,0,0,0
31,16,31016,0,0,0,0,0,0.16,0,19.04,1.87,0,0,0.0001,,0,,0,0,0,0,0,0,0
31,17,31017,0,0,0,0,0,0.27,0,0.18,0.02,0,0,0,,0,,0,0,0,0,0,0,0.01
31,18,31018,0,0,0,0,0,0.18,0,1.35,0.13,0,0,0,,0,,0,0,0,0.18,0.01,0,0
31,19,31019,0,0,0,0.01,0,1.84,0.01,12.31,1.21,0,0,0,,0,,0,0,0,0,0,0,0.03
31,20,31020,0,0,0,0,0,0.24,0,2.46,0.24,0,0,0,,0.64,,0,0,0,0,0,0,0
31,21,31021,0,0,0,0,0,0.46,0,3.28,0.32,0,0,0,,0,,0,0,0,0,0,0,0.01
31,22,31022,0,0,0,0,0,0.25,0,3.98,0.39,0,0,0,,0,,0,0,0,0,0,0,0.01
31,23,31023,0,0,0,0,0,0.27,0,5.39,0.53,0,0,0,,0,,0,0,0,0.23,0.02,0,0
31,24,31024,0,0,0,0,0,0.18,0,32.11,3.15,0,0,0.0001,,0,,0,0,0,0,0,0,0
31,25,31025,0,0,0,0,0,0.28,0,9.84,0.97,0,0,0,,0,,0,0,0,0,0,0,0.01
31,26,31026,0,0,0,0,0,0.2,0,10.37,1.02,0,0,0,,3.75,,0,0,0,0,0,0,0
31,27,31027,0,0,0,0.01,0,0.5,0,12.01,1.18,0,0,0,,0.95,,0,0,0,0,0,0,0.01
31,28,31028,0,0,0,0,0,0.14,0,3.52,0.35,0,0,0,,0,,0,0,0,0,0,0,0.02
31,29,31029,0,0,0,0,0,0.36,0,5.27,0.52,0,0,0,,0,,0,0,0,0,0,0,0.06
31,30,31030,0,0,0,0,0,0.21,0,1.76,0.17,0,0,0,,0,,0,0,0,0.37,0.03,0,0.01
31,31,31031,0,0,0,0,0,0.17,0,2.81,0.28,0,0,0,,0,,0,0,0,0.16,0.01,0,0.02
31,32,31032,0,0,0,0.01,0,0.88,0,12.13,1.19,0,0,0,,0,,0,0,0,0.46,0.03,0,0.07
31,33,31033,0,0,0,0.01,0,1.11,0,19.92,1.96,0,0,0.0001,,0,,0,0,0,0.11,0.01,0,0.01
31,34,31034,0,0,0,0,0,0.36,0,3.52,0.35,0,0,0,,0.06,,0,0,0,0.16,0.01,0,0
31,35,31035,0,0,0,0,0,0.34,0,3.87,0.38,0,0,0,,0.02,,0,0,0,0,0,0,0
31,36,31036,0,0,0,0,0,0.43,0,7.27,0.71,0,0,0,,0,,0,0,0,0,0,0,0
31,37,31037,0,0,0,0,0,0.28,0,18.46,1.81,0,0,0,,0,,0,0,0,0.29,0.02,0,0
31,38,31038,0,0,0,0.01,0,1.72,0.01,45.76,4.49,0,0,0.0001,,0.86,,0,0,0,0,0,0,0.01
31,39,31039,0,0,0,0,0,0.22,0,24.96,2.45,0,0,0.0001,,0,,0,0,0,0,0,0,0
31,40,31040,0,0,0,0.01,0,1.49,0.01,99.61,9.78,0,0,0.0003,,1.86,,0,0,0,0.42,0.03,0,0.02
31,41,31041,0,0,0,0.03,0,3.17,0.01,91.58,8.99,0,0,0.0002,,1.33,,0,0,0,0.2,0.01,0.48,0
31,42,31042,0,0,0,0,0,0.33,0,1.82,0.18,0,0,0,,0,,0,0,0,0,0,0,0
31,43,31043,0,0,0,0,0,0.16,0,1.05,0.1,0,0,0,,0,,0,0,0,0,0,0,0
31,44,31044,0,0,0,0,0,0.36,0,2.11,0.21,0,0,0,,0,,0,0,0,0,0,0,0
31,45,31045,0,0,0,0,0,0.14,0,1.35,0.13,0,0,0,,0,,0,0,0,0.24,0.02,0,0
31,46,31046,0,0,0,0,0,0.17,0,23.73,2.33,0,0,0.0001,,0,,0,0,0,0,0,0,0
31,47,31047,0,0,0,0,0,0.3,0,9.43,0.93,0,0,0,,0,,0,0,0,0,0,0,0.01
31,48,31048,0,0,0,0.01,0,1.27,0.01,68.44,6.72,0,0,0.0002,,0,,0,0,0,0.19,0.01,0,0.01
31,49,31049,0,0,0,0,0,0.18,0,26.19,2.57,0,0,0.0001,,0,,0,0,0,0,0,0,0.01
31,50,31050,0,0.17,0,0.48,0,3,0.21,2437.99,239.29,0,0.06,0.0066,,0.14,0.09,17.45,2.26,0,1.01,0.07,1.72,0.01
31,51,31051,0,0,0,0,0,0.18,0,1.05,0.1,0,0,0,,0.11,,0,0,0,0,0,0.01,0
31,52,31052,0,0,0,0.02,0,1.93,0.01,247.86,24.33,0,0.01,0.0007,,3.23,,0,0,0,0,0,0,0.02
31,53,31053,0,0,0,0.01,0,0.72,0,6.39,0.63,0,0,0,,0,,0,0,0,0,0,0,0.01
31,54,31054,0,0,0,0,0,0.16,0,1.99,0.2,0,0,0,,0,,0,0,0,0,0,0,0
31,55,31055,0,0,0,0,0,0.34,0,2.4,0.24,0,0,0,,0,,0,0,0,0,0,0.02,0.01
31,56,31056,0,0,0,0.01,0,1.66,0.01,29.59,2.9,0,0,0.0001,,0,,0,0,0,0.14,0.01,0,0.03
31,57,31057,0,0,0,0,0,0.46,0,3.4,0.33,0,0,0,,0,,0,0,0,0,0,0,0.15
31,58,31058,0,0,0,0.01,0,1.37,0.01,32.7,3.21,0,0,0.0001,,0,,0,0,0,0,0,0.06,0.04
31,59,31059,0,0.01,0,0.03,0,3.03,0.01,55.72,5.47,0,0,0.0002,,1.11,,0,0,641.11,0.26,0.02,0.14,0
31,60,31060,0,0,0,0,0,0.06,0,3.28,0.32,0,0,0,,0,,0,0,0,0.15,0.01,0,0.01
31,61,31061,0,0,0,0,0,0.2,0,12.89,1.27,0,0,0,,0.3,,0,0,0,0,0,0.02,0.04
31,62,31062,0,0,0,0,0,0.26,0,0.94,0.09,0,0,0,,0,,0,0,0,0,0,0,0.01
31,63,31063,0,0,0,0,0,0.29,0,1.41,0.14,0,0,0,,0,,0,0,0,0,0,0,0
31,64,31064,0,0,0,0,0,0.09,0,1.64,0.16,0,0,0,,0,,0,0,0,0.12,0.01,0,0
31,65,31065,0,0,0,0,0,0.11,0,1.64,0.16,0,0,0,,0.63,,0,0,0,0,0,0,0.06
31,66,31066,0,0,0,0,0,0.22,0,1.82,0.18,0,0,0,,0,,0,0,0,0,0,0,0
31,67,31067,0,0,0,0.01,0,0.55,0,7.5,0.74,0,0,0,,0.9,,0,0,0,0.26,0.02,0,0.01
31,68,31068,0,0,0,0,0,0.18,0,0.88,0.09,0,0,0,,0.66,,0,0,0,0,0,0,0.01
31,69,31069,0,0,0,0,0,0.49,0,9.84,0.97,0,0,0,,0,,0,0,0,0.14,0.01,0,0.01
31,70,31070,0,0,0,0,0,0.23,0,3.63,0.36,0,0,0,,0,,0,0,0,0,0,0,0.07
31,71,31071,0,0,0,0,0,0.1,0,0.64,0.06,0,0,0,,0,,0,0,0,0,0,0,0.01
31,72,31072,0,0,0,0,0,0.11,0,7.85,0.77,0,0,0,,0.21,,0,0,0,0,0,0,0.01
31,73,31073,0,0,0,0,0,0.24,0,26.6,2.61,0,0,0.0001,,0,,0,0,0,0,0,0,0.01
31,74,31074,0,0,0,0,0,0.21,0,4.22,0.41,0,0,0,,0.62,,0,0,0,0,0,0,0
31,75,31075,0,0,0,0,0,0.34,0,33.46,3.28,0,0,0.0001,,0,,0,0,0,0,0,0,0
31,76,31076,0,0,0,0.01,0,0.94,0,31,3.04,0,0,0.0001,,0.02,,0,0,0,0.46,0.03,0,0.01
31,77,31077,0,0,0,0,0,0.15,0,1.58,0.16,0,0,0,,0,,0,0,0,0.23,0.02,0,0.01
31,78,31078,0,0,0,0,0,0.23,0,10.9,1.07,0,0,0,,0,,0,0,0,0.2,0.01,0,0.01
31,79,31079,0,0,0,0.02,0,2.29,0.01,113.15,11.11,0,0,0.0003,,0.11,,0,0,0,0.07,0.01,0.01,0.07
31,80,31080,0,0,0,0,0,0.56,0,56.02,5.5,0,0,0.0002,,0,,0,0,0,0,0,0,0.01
31,81,31081,0,0,0,0,0,0.18,0,2.23,0.22,0,0,0,,0,,0,0,0,0,0,0,0.01
31,82,31082,0,0,0,0,0,0.21,0,3.87,0.38,0,0,0,,0,,0,0,0,0,0,0.01,0
31,83,31083,0,0,0,0,0,0.1,0,1,0.1,0,0,0,,0.1,,0,0,0,0,0,0,0
31,84,31084,0,0,0,0,0,0.41,0,7.09,0.7,0,0,0,,0.03,,0,0,0,0.04,0,0,0.03
31,85,31085,0,0,0,0.01,0,0.86,0,31.23,3.07,0,0,0.0001,,0,,0,0,0,0,0,0.02,0.1
31,86,31086,0,0,0,0,0,0.13,0,3.05,0.3,0,0,0,,0,,0,0,0,0,0,0,0
31,87,31087,0,0,0,0,0,0.27,0,1.11,0.11,0,0,0,,0,,0,0,0,0,0,0,0
31,88,31088,0,0,0,0,0,0.12,0,1.23,0.12,0,0,0,,0,,0,0,0,0,0,0,0
31,89,31089,0,0,0,0.02,0,2.18,0.01,124.28,12.2,0,0,0.0003,,0,,0,0,0,0.4,0.03,0.02,0.01
31,90,31090,0,0,0,0,0,0.39,0,1.35,0.13,0,0,0,,0,,0,0,0,0,0,0,0
31,91,31091,0,0,0,0.01,0,0.61,0,13.18,1.29,0,0,0,,0,,0,0,0,0.26,0.02,0,0.01
31,92,31092,0,0,0,0,0,0.38,0,8.67,0.85,0,0,0,,0,,0,0,0,0,0,0,0.01
31,93,31093,0,0,0,0.01,0,0.99,0,23.38,2.29,0,0,0.0001,,0.99,,0,0,0,0.21,0.01,0,0.01
31,94,31094,0,0,0,0,0,0.26,0,4.57,0.45,0,0,0,,0,,0,0,0,0,0,0,0.01
31,95,31095,0,0,0,0,0,0.31,0,1.99,0.2,0,0,0,,0,,0,0,0,0.14,0.01,0.07,0
31,96,31096,0,0.01,0,0.04,0,4.26,0.02,86.55,8.49,0,0,0.0002,,29.01,,0,0,0,0.11,0.01,0.03,0.62
31,97,31097,0,0,0,0,0,0.21,0,2.58,0.25,0,0,0,,0.06,,0,0,0,0.5,0.03,0,0.02
31,98,31098,0,0,0,0.01,0,0.83,0,12.25,1.2,0,0,0,,0,,0,0,0,0,0,0,0.04
31,99,31099,0,0,0,0,0,0.18,0,3.28,0.32,0,0,0,,0,,0,0,0,0.13,0.01,0,0.01
31,100,31100,0,0,0,0,0,0.08,0,3.22,0.32,0,0,0,,0,,0,0,0,0,0,0.02,0
31,101,31101,0,0,0,0.03,0,1.25,0.01,362.24,35.55,0,0.01,0.001,,0.04,,0,0,0,0.36,0.02,0.01,0.01
31,102,31102,0,0.01,0,0.04,0,4.21,0.02,304.11,29.85,0,0.01,0.0008,,0,,0,0,0,0.25,0.02,0.1,0.03
31,103,31103,0,0,0,0,0,0.18,0,2.58,0.25,0,0,0,,0,,0,0,0,0,0,0,0
31,104,31104,0,0,0,0.01,0,0.85,0,2.99,0.29,0,0,0,,0,,0,0,0,0,0,0,0.04
31,105,31105,0,0,0,0,0,0.16,0,5.45,0.53,0,0,0,,0.16,,0,0,0,0,0,0,0
31,106,31106,0,0,0,0,0,0.13,0,1.11,0.11,0,0,0,,0.14,,0,0,0,0,0,0,0.01
32,1,32001,0,0,0,0,0,0.36,0,1.46,0.01,0,0,0,,8.79,,0,0,0,0,0,0,0.16
32,2,32002,0,0,0,0,0,0.29,0,0.7,0.01,0,0,0,,0.17,,0,0,0,0,0,0,0.21
32,3,32003,0,0,0,0,0,0.17,0,0.53,0.01,0,0,0,,2.91,,0,0,0,0,0,0,0.1
32,4,32004,0,0,0,0,0,0.24,0,1.46,0.01,0,0,0,,28.55,,0,0,0,0,0,0,0.1
32,5,32005,0,0.01,0,0.02,0,2.21,0.01,306.98,3.13,0,0.05,0.0008,,0,,0,0,0,0.17,0.01,0.02,1.73
32,6,32006,0,0,0,0,0,0.48,0,2.4,0.02,0,0,0,,0,,0,0,0,0.58,0.04,0,1.36
32,7,32007,0,0,0,0.01,0,0.73,0,4.8,0.05,0,0,0,,0,,0,0,0,0.41,0.03,0.01,0.27
32,8,32008,0,0,0,0.01,0,0.69,0,7.09,0.07,0,0,0,,23.74,,0,0,0,0.24,0.02,0,0.31
32,9,32009,0,0,0,0.01,0,0.64,0,3.46,0.04,0,0,0,,0,,0,0,0,0.16,0.01,0,1.33
32,10,32010,0,0.03,0,0.13,0,12.02,0.05,325.03,3.32,0,0.05,0.0009,,0.58,,0,0,0,0.83,0.06,0.54,13.23
32,11,32011,0,0,0,0,0,0.18,0,1.35,0.01,0,0,0,,10.19,,0,0,0,0,0,0,0.08
32,12,32012,0,0,0,0,0,0.45,0,0.7,0.01,0,0,0,,0.73,,0,0,0,0.19,0.01,0,0.5
32,13,32013,0,0,0,0,0,0.35,0,2.64,0.03,0,0,0,,0,,0,0,0,0.18,0.01,0,1.31
32,14,32014,0,0,0,0.01,0,1.29,0.01,4.63,0.05,0,0,0,,0,,0,0,0,0.65,0.04,0,4.24
32,15,32015,0,0,0,0,0,0.1,0,0.18,0,0,0,0,,0.59,,0,0,0,0,0,0,0.16
32,16,32016,0,0,0,0.01,0,1.31,0.01,4.69,0.05,0,0,0,,0.25,,0,0,0,0,0,0,1.66
32,17,32017,0,0.02,0,0.09,0,1.58,0.03,206.67,2.11,0,0.03,0.0006,,3.16,,0,0,0,0.39,0.03,0.15,2.87
32,18,32018,0,0,0,0,0,0.26,0,0.76,0.01,0,0,0,,0,,0,0,0,0,0,0,0.03
32,19,32019,0,0,0,0.02,0,1.4,0.01,14,0.14,0,0,0,,3.09,,0,0,0,0,0,0,0.37
32,20,32020,0,0.01,0,0.04,0,3.22,0.01,56.25,0.57,0,0.01,0.0002,,1.64,,0,0,0,0,0,0.01,1.51
32,21,32021,0,0,0,0,0,0.3,0,0.64,0.01,0,0,0,,10.26,,0,0,0,0,0,0,0.37
32,22,32022,0,0,0,0.01,0,1.13,0,13.83,0.14,0,0,0,,0,,0,0,0,0,0,0,3.61
32,23,32023,0,0,0,0.01,0,0.71,0,9.26,0.09,0,0,0,,0.78,,0,0,0,0,0,0,0.17
32,24,32024,0,0,0,0.03,0,2.66,0.01,37.44,0.38,0,0.01,0.0001,,0,,0,0,0,0.2,0.01,0,0.78
32,25,32025,0,0,0,0,0,0.67,0,21.68,0.22,0,0,0.0001,,0,,0,0,0,0.08,0.01,0,0.5
32,26,32026,0,0,0,0.01,0,0.95,0,0.18,0,0,0,0,,0.1,,0,0,0,0.83,0.06,0.1,1.19
32,27,32027,0,0,0,0,0,0.15,0,0,0,0,0,0,,0,,0,0,0,0,0,0,0.07
32,28,32028,0,0,0,0,0,0.15,0,0.64,0.01,0,0,0,,2.61,,0,0,0,0,0,0,0.07
32,29,32029,0,0,0,0.01,0,1.27,0.01,18.81,0.19,0,0,0.0001,,0,,0,0,0,0,0,0,4.59
32,30,32030,0,0,0,0,0,0.16,0,1.7,0.02,0,0,0,,18.07,,0,0,0,0,0,0,0.06
32,31,32031,0,0,0,0.01,0,0.54,0,3.46,0.04,0,0,0,,9.65,,0,0,0,0,0,0,0.51
32,32,32032,0,0,0,0,0,0.65,0,16.7,0.17,0,0,0,,0.13,,0,0,0,0.21,0.01,0.2,1.15
32,33,32033,0,0,0,0,0,0.28,0,2.64,0.03,0,0,0,,2.61,,0,0,0,0,0,0,0.16
32,34,32034,0,0,0,0,0,1.6,0.01,19.1,0.19,0,0,0.0001,,10.02,,0,0,0,0,0,0,0.56
32,35,32035,0,0,0,0.01,0,0.81,0,0.82,0.01,0,0,0,,0,,0,0,0,0.25,0.02,0,0.61
32,36,32036,0,0,0,0.02,0,2.3,0.01,43.3,0.44,0,0.01,0.0001,,0.73,,0,0,0,0.1,0.01,0,1.77
32,37,32037,0,0,0,0.01,0,0.91,0,3.81,0.04,0,0,0,,0.01,,0,0,0,0,0,0,2.11
32,38,32038,0,0,0,0.04,0,4.05,0.02,15.7,0.16,0,0,0,,0,,0,0,0,0.89,0.06,0,4.15
32,39,32039,0,0.01,0,0.04,0,3.53,0.02,29.83,0.3,0,0,0.0001,,0,,0,0,0,0.9,0.06,0,6.53
32,40,32040,0,0,0,0.01,0,1.18,0.01,2.87,0.03,0,0,0,,0,,0,0,0,0.52,0.04,0,2.66
32,41,32041,0,0,0,0,0,0.18,0,0.47,0,0,0,0,,0,,0,0,0,0.47,0.03,0,0.16
32,42,32042,0,0.01,0,0.04,0,3.56,0.02,21.8,0.22,0,0,0.0001,,0,,0,0,0,1.04,0.07,0.16,13.13
32,43,32043,0,0,0,0,0,0.08,0,0.23,0,0,0,0,,0.81,,0,0,0,0,0,0,0.02
32,44,32044,0,0,0,0.01,0,0.91,0,47.29,0.48,0,0.01,0.0001,,0.51,,0,0,0,0,0,0,0.19
32,45,32045,0,0,0,0,0,0.49,0,4.98,0.05,0,0,0,,9.79,,0,0,0,0,0,0,0.27
32,46,32046,0,0,0,0.01,0,0.43,0,1.64,0.02,0,0,0,,0.3,,0,0,0,0,0,0,0.54
32,47,32047,0,0,0,0,0,0.32,0,3.87,0.04,0,0,0,,19.83,,0,0,0,0,0,0,0.27
32,48,32048,0,0,0,0.02,0,1.32,0.01,20.68,0.21,0,0,0.0001,,26.78,,0,0,0,0,0,0,0.31
32,49,32049,0,0,0,0.02,0,1.99,0.01,15.65,0.16,0,0,0,,19.29,,0,0,0,0,0,0,1.58
32,50,32050,0,0,0,0.01,0,0.51,0,1.35,0.01,0,0,0,,4.72,,0,0,0,0,0,0.01,0.94
32,51,32051,0,0,0,0.02,0,1.86,0.01,9.9,0.1,0,0,0,,25.41,,0,0,0,0.74,0.05,0.01,6.19
32,52,32052,0,0,0,0.01,0,1.01,0,7.32,0.07,0,0,0,,0,,0,0,0,0,0,0,0.6
32,53,32053,0,0,0,0.01,0,0.73,0,3.63,0.04,0,0,0,,0,,0,0,0,0,0,0,0.82
32,54,32054,0,0,0,0.01,0,1.05,0,2.46,0.03,0,0,0,,0,,0,0,0,0.12,0.01,0,0.64
32,55,32055,0,0,0,0.02,0,1.76,0.01,39.9,0.41,0,0.01,0.0001,,11.39,,0,0,0,0,0,0,1.74
32,56,32056,0,0.03,0,0.09,0,1.09,0.03,118.3,1.21,0,0.02,0.0003,,1.74,0.02,6.37,0.9,0,0.3,0.02,0.38,0.79
32,57,32057,0,0,0,0.01,0,0.94,0,3.87,0.04,0,0,0,,0.3,,0,0,0,0,0,0,0.72
32,58,32058,0,0,0,0,0,0.16,0,0,0,0,0,0,,6.31,,0,0,0,0,0,0,0