ENTIDAD,MUNICIPIO,,"Emisiones Anuales COV (Mg/año)",,"Emisiones Anuales (Mg/año)",,,,,,,,,,,,,,,,,,,,,,,,,,,,,,,,,,,,,,
CLAVE,CLAVE,,Aguas tratadas,Aguas sin tratar,Artes gráficas,Asados al carbón,Asfaltado,GLP Combustión agropecuaria,GLP Combustión comercial,GN Combustión comercial,GLP Combustión doméstica,GN Combustión doméstica,Leña Combustión doméstica,Queroseno Combustión doméstica,Combustóleo Combustión industrial,Diesel Combustión industrial,GN Combustión industrial,GLP Combustión industrial,Queroseno Combustión industrial,Cruces fronterizos,Esterilización de Hospitales,Incendios de construcciones,Incendios forestales,Lavado en seco,Limpieza superficies industriales,Manejo y distribución de gas LP,Manejo y distribución de diesel y gasolina,Panificación,Pintado automotriz,Pintura señalización,Plaguicidas,Recubrimiento de superficies en la industria,Recubrimiento de superficies arquitectónicas,Uso solventes,Terminales_de_autobuses,Quemas_agrícolas,Aviacion,Equipo basico aeropouertos,Embarcaciones marinas,Locomotoras de arrastre,Locomotoras de patio,Maq Contruc,Maq Agricola
41,Mg_per_year,2630010000,2630000000,2425000000,2302002000,2306010000,2199007000,2103007005,2199006000,2104007000,2104006000,2104008000,2104011000,2102005000,2102004000,2102006000,2102007000,2102011000,2222222222,2850000010,2810030000,2810001000,2420000370,2415300000,3333333333,2501060000,2302050000,2401005000,2401008000,2461800000,2401100000,2401002000,2401001050,2230075350,2801500002,2275000000,2275050000,2280000000,2285000000,2285002010,2260002000,2270005000,
1,1,1001,1099.56,0,387.69,7.42,15.24,0.45,1.63,0.04,3.65,0.19,764.11,0.03,1.23,0.46,11.63,0.67,0.0002,,0.49,1.56,123.78,238.03,1729.56,2346.63,593.48,34.71,224.94,4.15,13.69,1497.9,531.37,2267.46,1.8,,18.479,3.618,0,5.31,0.77,17.5,25.417
1,2,1002,8.07,0,0,0.42,11.04,0.09,0.01,0,0.18,0.01,328.7,0,0,0,0.02,0,0,,0,0,,0,3.5,98.4,19.56,0.2,1.97,3.01,8.79,84,2.02,127.16,,0,0,0,0,2.62,0.38,0,16.939
1,3,1003,28.49,0,1.28,0.52,10.11,,0.05,0,0.24,0.01,406.81,0,0.04,0.01,0.36,0.02,0,,0.03,0,8.09,2.49,54.12,137.48,26.53,2.83,8.87,2.75,5.2,103.96,11.76,157.37,,,0,0,0,0,0,0.18,2.993
1,4,1004,7.59,0,0,0.14,2.82,,0.01,0,0.06,0,110.96,0,0.01,0,0.1,0.01,0,,0,0,,0,14.66,34.24,7.55,0.02,0.99,0.77,2.86,28.35,0.87,42.92,,,0,0,0,1.72,0.25,0.37,5.275
1,5,1005,48.51,0,2.13,0.85,5.94,,0.09,0,0.38,0.02,444.62,0,0.38,0.14,3.57,0.21,0.0001,,0,0,217.67,6.77,530.68,254.83,33.91,4.87,4.6,1.62,5.26,171.17,112.67,259.11,,,0,0,0,0,0,0.18,9.936
1,6,1006,40.39,0,1.28,0.4,4.62,,0.04,0,0.18,0.01,315.44,0,0.02,0.01,0.21,0.01,0,,0.03,0,0.63,2.49,31.63,102.48,23.44,0.42,4.6,1.26,3.66,80.61,9.85,122.03,,,0,0,0,1,0.14,0.29,7.13
1,7,1007,37.76,0,2.13,0.47,5.13,0,0.05,0,0.02,0.01,368.62,0,0.04,0.01,0.37,0.02,0,,0.04,0,2.58,1.43,55.07,34.09,21.31,3.76,5.25,1.4,5.08,94.2,8.87,142.6,,,0,0,0,1.37,0.2,0.54,10.083
1,8,1008,5.21,0,0,0.08,5.28,,0.01,0,0.03,0,61.86,0,0,0,0.04,0,0,,0,0,4.03,0,6.12,19.59,3.41,0.06,0,1.44,2.04,15.81,0.95,23.93,,,0,0,0,0,0,0,3.742
1,9,1009,10.7,0,0,0.18,3.62,,0.01,0,0.08,0,140.83,0,0.01,0,0.07,0,0,,0,0,,0,10.29,41.98,6.61,0,0.33,0.99,4.98,35.99,1.29,54.48,,,0,0,0,0,0,0,9.205
1,10,1010,8.68,0,0,0.18,8.56,0,0.01,0,0.08,0,138.74,0,0.05,0.02,0.48,0.03,0,,0,0,,0,72.12,46.22,2.49,0.01,0,2.33,11.06,35.46,1,53.67,,,0,0,0,0,0,0,21.831
1,11,1011,13.36,0,0,0.3,3.36,,0.04,0,0.01,0.01,193.59,0,0.14,0.05,1.36,0.08,0,,0,0,,222.35,202.93,37.59,0,1.51,4.27,0.91,2.73,59.73,12.93,90.42,,,0,0,0,2.32,0.34,0,5.385
2,1,2001,222.47,54.05,69.79,4.25,87.45,0.02,0.36,1,6.53,0.07,3351.93,0.02,0.55,0.09,1.13,0.19,0.0001,,0.15,0,604.86,81.96,775.85,1343.31,457.69,23.49,86.04,23.8,23.81,856.59,227.6,1296.68,,35.4,0,0,36.316,0,0,3.08,70.107
2,2,2002,428.89,111.89,168.95,8.79,150.82,0.03,0.73,2.05,1.36,0.15,1458.1,0.03,1.75,0.29,3.59,0.61,0.0004,178.7222712,0.14,0.75,,148.23,2464.24,597.17,971.02,124.96,186.52,41.06,53.79,1773.26,710.93,2684.3,1.01,35.4,0.295,0.052,0,7.48,1.08,33.31,159.254
2,3,2003,61.12,11.9,3.4,0.93,8.14,0.01,0.06,0.17,1.37,0.02,296.48,0,0.29,0.05,0.59,0.1,0.0001,12.83240055,0.02,0,1251.53,9.26,402.01,290.6,95.5,1.58,7.88,2.22,1.02,188.59,140.58,285.48,,35.4,0,0,0,2.51,0.36,0.64,2.812
2,4,2004,921.11,184.4,697.92,14.49,5.39,,1.3,3.65,21.11,0.25,325.3,0.05,4.41,0.73,9.02,1.54,0.0009,357.9762412,0.15,1.7,395.98,359.18,6196.27,4560.61,1311.42,65.57,271.57,1.47,0.51,2922.46,2109.41,4423.91,1.01,,75.088,13.899,0,4.39,0.63,29.57,1.54
2,5,2005,42.39,9.58,16.6,0.75,1.17,0,0.07,0.2,1.08,0.01,118.57,0,0.08,0.01,0.16,0.03,0,,0.04,0,604.29,16.39,113.25,224.1,121.32,8.86,10.51,0.32,0.34,151.86,33.49,229.88,,,0,0,0.936,0,0,0.27,1.105
3,1,3001,33.31,45.26,9.79,0.66,45.97,0.03,0.15,0,0.36,0,517.44,0,0.05,0.01,0,0.01,0,,0.04,0.06,184.88,5.7,63.5,204.77,71.32,4.63,17.73,12.51,5.17,132.23,24.55,200.17,,2.3,0,0,7.603,0,0,0.1,59.207
3,2,3002,156.01,37.4,5.53,0.54,45.3,,0.12,0,0.31,0,427.57,0,0.05,0.02,0,0.01,0,,0.03,0.05,,7.13,71.33,171.43,52.99,4.96,8.54,12.33,0.58,109.27,12.55,165.4,,,0,0,5.603,0,0,5.35,5.707
3,3,3003,5.04,155.71,77.03,2.26,49.6,0,0.73,0,1.28,0,1780.18,0.01,0.09,0.03,0,0.02,0,,0.13,0.2,0.16,60.93,120.68,755.03,275.2,34.77,56.48,13.5,0.74,454.93,98.36,688.65,1.76,,32.526,5.589,0.56,0,0,3.61,7.393
3,8,3008,139.06,116.4,16.6,1.69,24.87,0.06,0.64,0,0.95,0,1330.8,0.01,0.04,0.01,0,0.01,0,,0.05,0.15,,63.43,50.07,579.14,272.97,17.1,21.02,6.77,0.4,340.09,49.19,514.81,,2.3,26.388,6.114,1.352,0,0,0,3.806
3,9,3009,8.29,8.39,2.13,0.12,14.25,,0.04,0,0.07,0,95.97,0,0,0,0,0,0,,0.01,0.01,,2.49,2.78,40.34,0,1.72,1.64,3.88,0.06,24.53,2.69,37.13,,,0.295,0.052,0.154,0,0,0,0.756
4,1,4001,4.33,66.1,4.68,0.51,7.78,,0,0,0.17,0,404.11,0,0.07,0.53,0.49,0.04,0,,0.03,0.01,,0.36,96.2,119.77,9.78,0.49,4.27,2.12,3.13,103.27,15.65,156.33,,,0,0,0,2.4,0.35,0.01,4.434
4,2,4002,30.6,316.7,74.05,2.45,15.31,0,0.04,0,0.94,0,1936.26,0.01,0.2,1.52,1.39,0.12,0,,0.16,0.05,0,31.71,274.42,655.38,169.57,4.8,78.48,4.17,9,494.82,82.53,749.03,1.26,,0.164,0.355,2.489,5.51,0.79,5.18,18.194
4,3,4003,26.93,265.17,26.81,2.05,21.75,0.01,0.04,0,0.76,0,1621.22,0.01,0.04,0.3,0.28,0.02,0,,0.09,0.04,,40.98,54.44,519.84,91.25,1.07,43.02,5.92,7.06,414.31,136.31,627.16,,,0.164,0.102,2.791,0,0,6.16,7.79
4,4,4004,6.62,100.92,0,0.78,24.02,0.03,0.01,0,0.27,0,617.04,0,0.05,0.4,0.37,0.03,0,,0.03,0.01,80.83,0,72.96,190.94,50.23,1.12,12.81,6.54,19.98,157.69,9.3,238.7,,18.14,0,0,0,7.26,1.05,0.83,63.4
4,5,4005,2.34,35.76,0.43,0.28,5.61,0.03,0,0,0.09,0,218.66,0,0.02,0.14,0.13,0.01,0,,0,0,,0,25.19,63.19,0,0.24,1.31,1.53,5.12,55.88,4.99,84.59,,,0,0,0,2.34,0.34,0.05,13.633
4,6,4006,3.01,45.99,0.85,0.36,15.3,0.02,0,0,0.11,0,281.19,0,0,0.04,0.03,0,0,,0.02,0.01,2.13,0,6.64,72.83,7.79,0.23,0.99,4.17,18.84,71.86,12.15,108.78,,,0,0,0,0,0,0.13,44.934
4,7,4007,0.72,10.99,0,0.09,5.39,,0,0,0,0,67.2,0,0,0.01,0.01,0,0,,0.01,0,2.98,0.36,1.75,2.84,4.75,0.07,0.33,1.47,4.28,17.17,0.86,26,,,0,0,0,0,0,0,11.833
4,8,4008,0.79,12,0,0.09,5.07,0.03,0,0,0.03,0,73.36,0,0.01,0.11,0.1,0.01,0,,0.01,0,,0,19.95,22.55,10.81,0.04,0,1.38,2.66,18.75,1.61,28.38,,,0,0,0,1.58,0.23,0.29,6.55
4,9,4009,4.35,66.44,5.96,0.51,12.49,0,0.01,0,0.17,0,406.19,0,0.01,0.1,0.1,0.01,0,,0.03,0.01,196.89,0,18.91,117.79,33.07,2.04,9.19,3.4,10.89,103.8,19.34,157.13,,,0,0,0,4.26,0.62,1.99,18.484
4,10,4010,2.07,31.58,0,0.24,21.55,0.01,0,0,0.07,0,193.05,0,0,0.01,0.01,0,0,,0.02,0,141.25,1.07,1.71,49.86,5.86,0.1,2.63,5.87,6.82,49.33,2.16,74.68,,,0,0,0,3.43,0.49,0,2.219
4,11,4011,3.22,49.07,0,0.38,17.55,0.01,0,0,0.13,0,299.99,0,0,0.03,0.02,0,0,,0.05,0.01,137.54,0.71,4.57,85.81,8.44,0.13,2.3,4.78,7.07,76.66,3.56,116.05,,,0,0,0,0,0,0,2.282
5,1,5001,0.1,0.6,0,0.01,1.89,,0,0,0.01,0,8.03,0,0,0,0.01,0,0,,0,0,0.33,0,1.31,3.57,0,0,0,0.52,0.25,2.05,0.05,3.11,,0.29,0,0,0,1.24,0.18,0,0
5,2,5002,123.97,75.98,135.33,1.3,6.79,0,0.15,0,1,0.48,1023.36,0,0.95,0.74,8.15,0.44,0.0002,3.926217165,0.03,0,23.55,12.47,1332.08,467.3,78.94,4.26,18.39,1.85,0.11,261.52,271.8,395.88,,0.29,0,0,0,1.09,0.16,0.3,83.2
5,3,5003,2.12,12.13,4.26,0.21,3.06,,0.03,0,0.17,0.08,163.37,0,0.05,0.04,0.45,0.02,0,,0.02,0,,1.07,73.75,71.28,21.83,0.01,3.28,0.83,0.32,41.75,4.91,63.2,,,0,0,0,0,0,0.01,0
5,4,5004,2.06,11.81,0,0.2,14.69,0,0.01,0,0.16,0.08,208.83,0,0.05,0.04,0.4,0.02,0,,0,0,2.06,0,65.01,61.32,24.14,0.02,0.33,4,1.95,40.65,10.41,61.53,,0.29,0,0,0,0,0,0.16,0
5,5,5005,0.18,1.01,0,0.02,3.02,0,0,0,0.02,0.01,13.55,0,0,0,0.01,0,0,,0,0,9.3,0,1.95,5.88,0,0.01,0,0.82,0.44,3.46,0.36,5.24,,0.29,0,0,0,0,0,0,0
5,6,5006,6.61,14.37,0.43,0.25,11.27,0.01,0.02,0,0.19,0.09,41.28,0,0.07,0.06,0.62,0.03,0,,0,0,6.44,5.7,101.41,77.33,15.77,1.05,1.64,3.07,1.09,49.45,7.44,74.86,,,0,0,0,5.3,0.77,0.08,0
5,7,5007,1.28,7.36,0,0.13,11.23,0,0.01,0,0.01,0.05,99.06,0,0.02,0.02,0.21,0.01,0,,0.01,0,4.17,0,33.78,11.48,0,0.01,0.66,3.06,0.65,25.32,4.57,38.32,,0.29,0,0,0,10.32,1.49,0.03,0
5,8,5008,0.29,1.67,0,0.03,1.81,,0,0,0.02,0.01,22.52,0,0,0,0,0,0,,0,0,0.88,0,0,8.42,1.94,0,0,0.49,0.17,5.76,0,8.71,,0.29,0,0,0,2.32,0.34,0,0
5,9,5009,5.42,31.01,2.13,0.53,8.83,0.01,0.06,0,0.39,0.2,417.72,0,0.06,0.05,0.53,0.03,0,,0.02,0,2.47,0,86.86,154.76,24.96,1.17,6.9,2.4,1.3,106.75,11.29,161.59,,0.29,0,0,0,0,0,0,0
5,10,5010,7.38,42.23,8.09,0.72,1.81,0,0.08,0,0.56,0.27,21.9,0,0.26,0.2,2.22,0.12,0.0001,,0,0,,1.07,362.55,236.94,34.94,3.64,1.64,0.49,0.26,145.35,64.14,220.02,,0.29,0,0,0,1.1,0.16,0.05,50.311
5,11,5011,4.47,6.79,0,0.12,15.76,0,0.01,0,0.09,0.04,91.47,0,0,0,0.02,0,0,,0.01,0,,0,2.66,33.27,2.3,0.08,0,4.29,0.88,23.38,2.05,35.39,,0.29,0,0,0,7,1.01,0.02,0
5,12,5012,0.2,1.13,0,0.02,6.62,0.01,0,0,0.02,0.01,15.22,0,0,0,0.02,0,0,,0,0,,0,3.81,6.75,1.86,0.4,0,1.8,0.64,3.89,0.08,5.89,,,0,0,0,0,0,0,0
5,13,5013,0.16,0.91,0,0.02,2.24,,0,0,0.01,0.01,12.29,0,0,0,0,0,0,,0,0,,0,0,4.74,0,0,0,0.61,3.55,3.14,0.08,4.75,,,0,0,0,0,0,0.31,0
5,14,5014,1.03,5.88,0,0.1,6.58,,0,0,0.01,0.04,79.19,0,0,0,0.04,0,0,,0,0,,0,5.8,5.94,0,0,0.66,1.79,0.29,20.24,0.72,30.63,,0.29,0,0,0,4.64,0.67,0,0
5,15,5015,0.15,0.84,0,0.01,4.06,0,0,0,0.01,0.01,11.29,0,0,0,0,0,0,,0,0,,0,0,4.5,0,0,0,1.11,0.78,2.89,0.08,4.37,,0.29,0,0,0,0,0,0,0
5,16,5016,0.18,1.03,0,0.02,0.31,,0,0,0.02,0.01,13.85,0,0,0,0,0,0,,0,0,2.72,0,0.12,5.66,0,0,0,0.08,0.05,3.54,0.04,5.36,,0.29,0,0,0,0,0,0,0
5,17,5017,10.48,60.01,4.26,1.02,5.88,0.01,0.06,0,0.73,0.38,554.54,0,0.05,0.04,0.4,0.02,0,,0.02,0,,0.71,65.96,274.21,32.66,0.42,6.57,1.6,1.53,206.56,13.49,312.68,,,0,0,0,0,0,0.18,0
5,18,5018,205.53,120.47,142.56,2.06,3.44,0,0.36,0,1.67,0.77,21.17,0.01,0.38,0.3,3.26,0.17,0.0001,,0.03,0,0.88,23.52,532.74,687.16,156.55,33.11,55.5,0.94,0.39,414.66,172.61,627.7,,0.29,0,0,0,0.59,0.09,4.94,0
5,19,5019,0.76,4.35,0,0.07,1.92,,0.01,0,0.06,0.03,58.54,0,0.03,0.03,0.28,0.01,0,,0,0,,0.71,45.1,25.69,8.02,0.07,1.64,0.52,0.25,14.96,1.63,22.65,,0.29,0,0,0,0,0,0.06,0
5,20,5020,6.59,37.74,2.13,0.64,12.06,0,0.06,0,0.51,0.24,508.37,0,0.02,0.01,0.13,0.01,0,,0.01,0,18.81,1.43,21.38,193.22,0,1.28,3.94,3.28,0.95,129.91,14.28,196.66,,0.29,0,0,0,4.78,0.69,3.69,0
5,21,5021,4.71,3.5,0,0.06,1.8,,0,0,0.05,0.02,47.2,0,0,0,0.01,0,0,,0,0,,0,1.79,18.19,4.13,0.01,0,0.49,0.31,12.06,1.08,18.26,,0.29,0,0,0,1.15,0.17,0,0
5,22,5022,2.72,15.56,2.55,0.27,2.92,0,0.01,0,0.2,0.1,16.2,0,0.03,0.02,0.24,0.01,0,,0,0,40.15,1.07,39.34,76.3,17.52,1.25,1.97,0.79,0.6,53.56,2.32,81.08,,0.29,0,0,0,4.32,0.62,4.93,0
5,23,5023,5.17,6.13,0,0.1,37.18,0,0.01,0,0.08,0.04,82.55,0,0.01,0.01,0.12,0.01,0,,0,0,2.16,0,20.27,32.18,2.13,0.18,0,10.12,0.09,21.1,0.62,31.93,,,0,0,0,6.08,0.88,0.02,0
5,24,5024,4.7,26.91,0,0.46,26.75,0,0.05,0,0.35,0.17,362.49,0,0.09,0.07,0.74,0.04,0,,0.08,0,2.59,94.43,120.96,139.97,21.92,1.51,2.3,7.28,1.1,92.63,6.86,140.23,,0.29,0,0,0,20.51,2.96,0,0
5,25,5025,170.92,86.62,244.27,1.48,1.34,,0.22,0,1.19,0.55,30.06,0.01,0.41,0.32,3.5,0.19,0.0001,3.979911744,0.05,0.11,,21.74,572.28,496.94,121.13,9.56,32.84,0.36,0.26,298.14,209.75,451.32,,,0,0,0,1.06,0.15,0.26,0
5,26,5026,0.36,2.03,0,0.03,4.46,0.01,0,0,0.03,0.01,27.39,0,0,0,0,0,0,,0,0,1.54,0,0.16,10.69,0.94,0,0,1.21,0.79,7,0,10.6,,0.29,0,0,0,1.51,0.22,0.38,0
5,27,5027,46.96,34.13,22.13,0.58,22.11,0,0.04,0,0.46,0.22,133.87,0,0.55,0.43,4.71,0.25,0.0001,,0,0.04,29.32,1.07,770.13,220.83,54.15,1.54,3.94,6.02,0.84,117.48,99.53,177.84,,0.29,0,0,0,17.55,2.53,0.38,0
5,28,5028,5.58,31.93,14.04,0.54,5.05,,0.09,0,0.45,0.2,429.99,0,0.17,0.13,1.45,0.08,0,,0.01,0,0.99,3.21,236.39,191.47,47.23,1.77,13.46,1.38,0.49,109.88,36.49,166.34,,,0,0,0,4.39,0.63,1.28,26.231
5,29,5029,0.22,1.24,0,0.02,0.42,0,0,0,0.02,0.01,16.72,0,0,0,0.01,0,0,,0,0,,0,1.79,6.58,0,0.07,0,0.12,0.1,4.27,0.35,6.47,,0.29,0,0,0,0,0,0,0
5,30,5030,103.49,390.58,202.14,6.66,28.53,0.01,0.95,0,5.08,2.49,240.94,0.02,0.99,0.78,8.54,0.46,0.0002,,0.14,0.59,107.96,78.04,1395.5,2060.53,434.84,41.9,184.55,7.77,1.82,1344.36,500.61,2035.04,6.4,0.29,0,0,0,21.23,3.07,7.3,140.994
5,31,5031,2.06,11.81,0,0.2,2.99,0,0.02,0,0.17,0.08,159.05,0,0.04,0.03,0.31,0.02,0,,0,0,8.08,0.71,50.94,67.26,15.85,2.84,2.96,0.81,0.26,40.65,7.69,61.53,,0.29,0,0,0,0,0,0,0
5,32,5032,16.11,24.14,8.94,0.41,3.07,0,0.06,0,0.35,0.15,325.2,0,0.05,0.04,0.42,0.02,0,,0.02,0,,1.78,67.91,138.72,28.66,2.88,4.6,0.84,0.23,83.1,10.58,125.8,,0.29,0,0,0,0,0,0.57,0
5,33,5033,9.85,56.38,3.83,0.96,15.93,0,0.06,0,0.7,0.36,759.4,0,0.15,0.12,1.32,0.07,0,,0.05,0,8.85,2.49,214.97,273.31,33.97,0.93,6.57,4.34,2.03,194.07,21.51,293.77,,0.29,0,0,0,4.45,0.64,0.33,0
5,34,5034,0.55,3.16,0,0.05,13.1,0,0,0,0.05,0.02,42.52,0,0,0,0,0,0,,0,0,,0,0.32,16.75,3.82,0.01,0,3.57,0.04,10.87,1.23,16.45,,,0,0,0,10.61,1.53,1.7,0
5,35,5035,634.68,347.58,351.94,5.93,8.15,0,1.22,0,4.7,2.22,293.78,0.02,1.59,1.25,13.67,0.73,0.0003,,0.06,0,,82.67,2232.74,2032.1,411.57,30.82,168.13,2.22,0.5,1196.33,581.61,1810.97,,0.29,35.847,6.605,0,1.92,0.28,6.69,0
5,36,5036,2.03,11.63,0,0.2,16.67,0,0,0,0.14,0.07,156.68,0,0,0,0.03,0,0,,0,0,,0,5.44,51.19,2.71,0,0,4.54,0.53,40.04,0.14,60.61,,0.29,0,0,0,4.28,0.62,0,0
5,37,5037,0.65,3.69,0,0.06,3.95,,0,0,0.05,0.02,49.76,0,0,0,0,0,0,,0,0,0.33,0,0.24,19.13,3.05,0,0,1.07,0.45,12.72,0.37,19.25,,0.29,0,0,0,2.23,0.32,0,0
5,38,5038,1.31,7.47,0,0.13,2.22,,0.01,0,0.11,0.05,100.61,0,0.02,0.02,0.21,0.01,0,,0.01,0,63.3,0.71,34.01,41.16,11.78,0.63,0.33,0.6,0.41,25.71,13.09,38.92,,0.29,0,0,0,3.15,0.45,0.01,0
6,1,6001,19.52,30.09,1.28,0.26,5.41,,0.02,0,0.17,0,52.7,0,0.02,0.05,0,0.02,0,,0,0.02,1.08,0.71,23.29,76.71,7.43,0.83,8.21,1.47,14.01,51.67,12.45,78.21,,,0,0,0,2.45,0.35,0.03,8.545
6,2,6002,32.92,159.58,93.2,1.36,10.54,,0.19,0,0.09,0,136.97,0.01,0.08,0.24,0,0.12,0,,0.13,0.01,,42.76,116.11,121.49,156.73,2.95,80.13,2.87,13.3,274.02,96.69,414.81,0.59,4.69,0.025,0.056,0,1.58,0.23,1.8,8.083
6,3,6003,7.11,23.52,0,0.2,5.58,,0.01,0,0.01,0,102.38,0,0.01,0.02,0,0.01,0,,0,0,,1.78,8.86,11.65,6.44,0.58,0.33,1.52,6.73,40.39,8.63,61.14,,4.69,0,0,0,0,0,0.01,4.43
6,4,6004,7.41,20.95,0,0.18,4.07,,0.01,0,0.01,0,58.88,0,0,0.01,0,0.01,0,,0,0,15.82,0.36,5.13,9.82,8.09,0.09,1.97,1.11,9.29,35.97,3.42,54.45,,4.69,0,0,0,2.53,0.36,0.27,5.7
6,5,6005,16.42,30.86,0.85,0.26,5.1,,0.01,0,0.18,0,104.52,0,0.03,0.08,0,0.04,0,,0,0.02,0.13,0.36,38.98,82.37,10.15,0.26,4.6,1.39,8.47,52.98,8.25,80.21,,4.69,0,0,0,3,0.43,0.81,5.037
6,6,6006,5.66,5.74,0,0.05,5.86,0,0,0,0.03,0,38.58,0,0,0,0,0,0,,0.05,0,0.03,0,0.56,13.86,0,0,0.66,1.6,5.92,9.86,0.56,14.92,,,0,0,0,0,0,0,3.632
6,7,6007,139.89,166.3,19.15,1.42,16.1,,0.13,0,1,0,1117.43,0.01,0.06,0.18,0,0.09,0,,0.07,0.1,43.65,20.31,84.92,440.26,90.6,1.1,27.58,4.38,20.37,285.56,34.2,432.27,,,8.787,1.494,7.848,3.03,0.44,0.94,12.065
6,8,6008,7.08,9.02,0,0.08,6.49,,0,0,0.05,0,60.62,0,0,0,0,0,0,,0,0.01,4.04,0,1.51,21.12,10.08,0.08,0.66,1.77,6.59,15.49,1.53,23.45,,4.69,0,0,0,0,0,1.33,3.88
6,9,6009,25.4,118.41,8.09,1.01,10.58,0,0.09,0,0.65,0,131.24,0,0.07,0.21,0,0.11,0,,0.06,0.07,0,7.48,98.67,298.34,68.21,1.1,30.54,2.88,37.78,203.33,72.79,307.8,,,0,0,0,2.81,0.41,0.21,23.007
6,10,6010,22.4,120.79,13.62,1.03,3.26,0,0.05,0,0.73,0,38.2,0,0.04,0.12,0,0.06,0,,0,0.07,9.55,17.1,57.02,310.35,63.33,1.28,20.69,0.89,5.75,207.42,44.38,313.98,,4.69,0,0,0,0,0,0.71,3.437
7,1,7001,0.97,6.19,0,0.15,3.23,,0,0,0.04,0,118.79,0,0,0,0.02,0,0,,0,0,,0,3.38,31.72,0,0.09,0,0.88,0.59,30.36,1.2,45.95,,,0,0,0,0,0,0,1.058
7,2,7002,1.71,10.98,0,0.27,5.07,,0.01,0,0.08,0,210.8,0,0.01,0,0.05,0.01,0,,0.01,0,,0,9.74,65.49,8.02,0.16,4.27,1.38,1.16,53.87,4.11,81.55,,,0,0,0,0,0,0,2.09
7,3,7003,1.59,10.21,0,0.25,6.15,,0.01,0,0.07,0,195.9,0,0,0,0.03,0.01,0,,0.01,0,5.35,0.36,5.96,58.27,4.41,0.04,0,1.67,2.16,50.06,1.43,75.78,,4.45,0,0,0,1.81,0.26,0.01,3.907
7,4,7004,1.63,10.44,0,0.25,10.61,0.02,0.01,0,0.06,0,200.44,0,0,0,0.01,0,0,,0,0,6.53,0.71,1.55,50.76,0,0.04,0.66,2.89,0.51,51.22,0.99,77.54,,,0,0,0,0,0,0,0.924
7,5,7005,1.29,8.29,0,0.2,3.62,,0,0,0,0,159.19,0,0,0,0,0,0,,0,0,,0,0.64,4.98,0,0.07,0,0.99,0.53,40.68,0.12,61.58,,,0,0,0,0,0,0,0.961
7,6,7006,1.67,10.71,0,0.26,2.81,,0,0,0.06,0,205.47,0,0,0,0.01,0,0,,0.01,0,18.33,0,1.07,51.74,0,0,0,0.76,0.65,52.51,0.14,79.49,,,0,0,0,0,0,0,1.17
7,7,7007,0.56,3.59,0,0.09,1.74,,0,0,0.02,0,68.95,0,0.01,0,0.08,0.02,0,,0,0,3.1,0,15.62,21.47,0,0,0,0.47,0.17,17.62,0.02,26.67,,,0,0,0,0,0,0,0.311
7,8,7008,1.9,12.2,0,0.3,8.76,,0.01,0,0.07,0,234.14,0,0.01,0,0.05,0.01,0,,0.03,0,10.5,0,9.22,57.63,5.54,0.31,1.64,2.39,0.87,59.84,7.96,90.58,,,0,0,0,0,0,0,1.575
7,9,7009,2.54,16.29,7.23,0.4,9.34,,0.03,0,0.12,0,312.69,0,0.02,0.01,0.11,0.03,0,,0.04,0,5.88,1.07,22.45,110.6,24.78,0.35,23.97,2.54,0.17,79.91,13.18,120.96,,,0,0,0,2.38,0.34,0.37,0.312
7,10,7010,0.44,2.79,0,0.07,0.79,,0,0,0.01,0,53.6,0,0,0,0,0,0,,0,0,,0,0,11.65,0,0,0,0.22,0.13,13.7,0,20.74,,,0,0,0,0,0,0,0.226
7,11,7011,1.16,7.41,0,0.18,2.57,,0,0,0.04,0,142.3,0,0,0,0,0,0,,0.01,0,0.38,0,0.24,32.45,0,0.01,0,0.7,0.5,36.36,0.05,55.05,,,0,0,0,0,0,0,0.903
7,12,7012,2.23,14.29,0,0.35,3.99,,0.01,0,0.01,0,274.34,0,0.01,0,0.09,0.02,0,,0,0,1.08,0.36,17.76,15.32,19.46,0.13,1.64,1.08,0.21,70.11,6.66,106.13,,,0,0,0,0,0,0.03,0.387
7,13,7013,1.74,11.17,0,0.27,4.55,,0.01,0,0.07,0,214.39,0,0,0,0.02,0,0,,0,0,5.19,0,3.66,55.14,11.13,0.04,3.61,1.24,0.39,54.79,4.09,82.93,,,0,0,0,0,0,0,0.703
7,14,7014,0.98,6.31,0,0.15,1.92,,0,0,0.04,0,121.05,0,0,0,0.01,0,0,,0.01,0,3.62,0,1.07,30.96,0,0,0,0.52,0.51,30.93,0.58,46.83,,,0,0,0,0,0,0,0.918
7,15,7015,2.7,17.31,0,0.42,2.87,,0.01,0,0.11,0,332.17,0,0,0,0.03,0.01,0,,0,0,,0,5.96,89.72,10.41,0.16,5.25,0.78,0.52,84.89,3.84,128.5,,,0,0,0,0,0,0,0.933
7,16,7016,5.15,6.71,0,0.16,7.04,0,0,0,0.05,0,128.7,0,0,0,0.01,0,0,,0.01,0,,0,1.67,37.83,6.82,0.01,0.66,1.92,0.69,32.89,1.7,49.79,,,0,0,0,0,0,0,1.238
7,17,7017,4.85,31.12,5.11,0.76,34.79,0.02,0.03,0,0.19,0,597.2,0,0.02,0.01,0.17,0.04,0,,0.02,0,1082.58,1.78,33.46,168.07,21.01,0.63,11.49,9.47,1.02,152.61,13.64,231.02,,,0,0,0,0,0,0.04,1.837
7,18,7018,0.51,3.24,0,0.08,1.7,,0,0,0.02,0,62.27,0,0,0,0.01,0,0,,0,0,,0,1.63,17.87,0,0.02,0,0.46,0.25,15.91,4.73,24.09,,,0,0,0,0,0,0,0.449
7,19,7019,94.08,51.22,22.55,1.25,11.28,0,0.12,0,0.35,0,983.03,0,0.05,0.02,0.36,0.08,0,,0.1,0,4.21,7.84,71.01,318.85,79.41,1.05,70.6,3.07,0.92,251.22,85.82,380.28,,,1.636,0.159,0,0,0,2.7,1.665
7,20,7020,2.65,16.98,0,0.41,30.03,,0.01,0,0.11,0,325.8,0,0,0,0.03,0.01,0,,0.02,0,193.76,0.36,5.28,87.8,6.36,0.05,0,8.18,1.76,83.26,2.33,126.03,,,0,0,0,0,0,0,3.186
7,21,7021,1.33,8.56,2.13,0.21,3.34,,0.01,0,0.06,0,164.22,0,0,0,0.02,0,0,,0.01,0,,0,3.06,48.1,0,0.12,3.28,0.91,0.33,41.97,4.31,63.53,,,0,0,0,0,0,0,0.599
7,22,7022,0.88,5.62,0,0.14,2.26,,0,0,0.03,0,107.78,0,0,0,0,0,0,,0,0,1.1,0,0.32,27.39,0,0.02,0,0.61,0.47,27.54,0.01,41.69,,,0,0,0,0,0,0,0.857
7,23,7023,4.42,28.34,0,0.69,3.62,,0,0,0.18,0,543.83,0,0,0,0.01,0,0,,0.01,0,0.66,0,1.15,141.87,0,0,0,0.98,0.51,138.98,0.93,210.38,,,0,0,0,0,0,0,0.925
7,24,7024,0.6,3.82,0,0.09,4.4,,0,0,0.02,0,73.36,0,0,0,0,0,0,,0.01,0,,0,0.4,15.37,0,0,0,1.2,0.16,18.75,0.5,28.38,,,0,0,0,0,0,0,0.293
7,25,7025,0.47,3.01,0,0.07,2.13,,0,0,0.02,0,57.75,0,0,0,0,0,0,,0,0,,0,0.6,13.38,0,0.04,0,0.58,0.13,14.76,0.18,22.34,,,0,0,0,0,0,0,0.23
7,26,7026,2.09,13.43,0,0.33,2.44,,0,0,0.07,0,257.69,0,0,0,0,0,0,,0.01,0,,0,0.91,56.12,0,0,0,0.66,0.64,65.85,1.36,99.69,,,0,0,0,0,0,0,1.155
7,27,7027,4.85,31.07,0.85,0.76,10.46,,0.02,0,0.21,0,567.14,0,0.02,0.01,0.13,0.03,0,,0,0,1.25,1.43,26.07,175.5,24.31,0.02,2.63,2.85,1.21,152.37,25.66,230.66,,,0,0,0,0,0,2.86,2.181
7,28,7028,2.95,2.09,0,0.05,0.61,,0,0,0.01,0,40.18,0,0,0,0.01,0,0,,0,0,,0,1.39,11.85,0,0,0,0.16,0.24,10.27,0.06,15.55,,,0,0,0,0,0,0,0.434
7,29,7029,0.34,2.16,0,0.05,1.46,,0,0,0.01,0,41.44,0,0,0,0.01,0,0,,0,0,,0,1.03,12.12,0,0.01,0,0.4,0.09,10.59,0.23,16.03,,,0,0,0,0,0,0,0.154
7,30,7030,1.86,11.94,0.43,0.29,11.45,,0.01,0,0.01,0,229.09,0,0,0,0.01,0,0,,0.01,0,10.13,0,2.07,8.28,3.69,0.03,0.66,3.12,0.95,58.55,1.63,88.62,,,0,0,0,0,0,0,1.714
7,31,7031,6.32,40.51,0,0.98,19.15,,0,0,0.2,0,777.48,0,0,0,0.01,0,0,,0.01,0,3.96,0,2.26,165.04,0,0.04,0.33,5.21,2.11,198.69,1.13,300.76,,,0,0,0,0,0,0,3.804
7,32,7032,1.8,11.56,2.55,0.28,3.93,,0.01,0,0.07,0,221.83,0,0,0,0.03,0.01,0,,0.02,0,,0,6.79,59.58,12.3,0.19,3.94,1.07,1.34,56.69,5.16,85.81,,,0,0,0,0,0,0,2.428
7,33,7033,0.43,2.73,0,0.07,2.14,,0,0,0.01,0,52.32,0,0,0,0,0,0,,0,0,,0,0,11.19,0,0,0,0.58,0.09,13.37,0,20.24,,,0,0,0,0,0,0,0.167
7,34,7034,3.79,24.32,1.28,0.59,8.91,,0.02,0,0.16,0,466.78,0,0.01,0,0.06,0.01,0,,0.01,0,0.55,0,11.25,131.29,48.18,0.26,4.93,2.42,1.66,119.29,9.35,180.57,,,0,0,0,0,0,0.01,2.994
7,35,7035,4.12,4.6,0,0.11,0.99,,0,0,0.03,0,88.38,0,0,0,0,0,0,,0,0,,0,0.83,24.9,8.24,0.03,0.33,0.27,0.49,22.59,0.62,34.19,,,0,0,0,0,0,0,0.886
7,36,7036,0.44,2.84,0,0.07,0.68,,0,0,0.01,0,54.5,0,0,0,0,0,0,,0,0,0.16,0,0.28,11.33,0,0,0,0.19,0.14,13.93,0.04,21.08,,,0,0,0,0,0,0,0.26
7,37,7037,2.01,12.86,0,0.31,3.52,,0.01,0,0.08,0,246.85,0,0,0,0.02,0,0,,0,0,,0,4.09,68.57,4.27,0.03,0.99,0.96,1.51,63.08,3.36,95.49,,4.45,0,0,0,1.17,0.17,0,2.721
7,38,7038,1.25,8.03,0,0.2,3.61,,0,0,0.04,0,154.17,0,0,0,0,0,0,,0,0,0.3,0,0.16,34.09,0,0,0.66,0.98,0.26,39.4,0.51,59.64,,4.45,0,0,0,0,0,0,0.464
7,39,7039,1.32,8.48,0,0.21,4.15,,0,0,0.05,0,162.84,0,0,0,0,0,0,,0,0,,0,0.32,38.5,0,0,0,1.13,0.98,41.61,0.15,62.99,,,0,0,0,0,0,0,1.772
7,40,7040,3.16,20.25,6.81,0.49,4.58,0,0.04,0,0.13,0,388.74,0,0.03,0.01,0.22,0.05,0,,0.06,0,,1.43,43.59,119.66,23.43,0.44,16.42,1.25,0.97,99.34,15.97,150.38,,4.45,0,0,0,0.71,0.1,0.05,1.759
7,41,7041,2.43,15.61,0,0.38,5.86,0,0,0,0.01,0,299.55,0,0,0,0.02,0,0,,0,0,1.62,0,3.7,10.92,0,0.03,0,1.59,1.56,76.55,1.22,115.88,,,0,0,0,0,0,0,2.82
7,42,7042,0.58,3.69,0,0.09,1.09,,0,0,0,0,70.8,0,0,0,0,0,0,,0,0,,0,0.75,2.61,0,0.03,0.66,0.3,0.17,18.09,0.23,27.39,,,0,0,0,0,0,0,0.302
7,43,7043,0.64,4.1,0,0.1,1.49,,0,0,0.02,0,78.6,0,0,0,0.01,0,0,,0,0,,0,1.51,20.75,0,0.1,1.64,0.41,0.07,20.09,1,30.41,,,0,0,0,0,0,0,0.122
7,44,7044,1.43,9.17,0,0.22,2.87,0,0,0,0.05,0,175.95,0,0,0,0.01,0,0,,0,0,58.64,0,1.51,41.81,6.48,0,1.97,0.78,0.56,44.97,0.87,68.07,,,0,0,0,0,0,0,1.008
7,45,7045,0.32,2.07,0,0.05,0.99,,0,0,0.01,0,39.81,0,0,0,0,0,0,,0,0,,0,0.08,9.66,0,0,0,0.27,0.05,10.17,0,15.4,,,0,0,0,0,0,0,0.086
7,46,7046,2.36,15.13,0,0.37,14.76,0,0.01,0,0.11,0,290.47,0,0,0,0.02,0.01,0,,0.01,0,367.2,0,4.61,88.65,5.94,0.02,2.63,4.02,1.39,74.23,3.05,112.37,,,0,0,0,0,0,0,2.507
7,47,7047,0.99,6.34,0,0.15,2.62,,0,0,0.04,0,121.64,0,0,0,0.02,0,0,,0,0,10.99,0.71,4.01,31.86,0.44,0.04,0,0.71,0.24,31.09,6.81,47.06,,,0,0,0,0,0,0,0.437
7,48,7048,1.33,8.52,0,0.21,8.06,,0.01,0,0.06,0,163.53,0,0,0,0.02,0,0,,0.01,0,,0.71,3.81,48.86,7.28,0,2.63,2.19,0.34,41.79,2.18,63.26,,,0,0,0,1.77,0.26,0,0.62
7,49,7049,1.14,7.32,0,0.18,1.94,,0,0,0.04,0,140.41,0,0,0,0,0,0,,0,0,,0,0.95,31.01,0,0.02,0,0.53,0.38,35.88,0.98,54.32,,,0,0,0,0,0,0,0.686
7,50,7050,0.35,2.23,0.43,0.05,4.07,,0,0,0.02,0,42.85,0,0,0,0.01,0,0,,0,0,,0,0.99,14.27,0,0,0,1.11,0.31,10.95,0.24,16.58,,,0,0,0,0,0,0,0.553
7,51,7051,2.5,16.03,2.13,0.39,13.6,,0.01,0,0.11,0,307.61,0,0.01,0,0.05,0.01,0,,0,0,,0.36,10.25,91.53,12.37,0.36,5.58,3.7,4.44,78.61,9.11,119,,,0,0,0,1.7,0.25,0,8.027
7,52,7052,6.48,41.55,2.98,1.01,41.61,0,0.02,0,0.22,0,797.48,0,0.01,0,0.04,0.01,0,,0.03,0,2.86,0.36,8.11,181.6,6.45,0.18,4.93,11.33,2.65,203.8,6.55,308.5,,,0,0,0,0,0,0.02,4.793
7,53,7053,0.45,2.89,0,0.07,1.19,,0,0,0.02,0,55.49,0,0,0,0,0,0,,0,0,,0,0.2,12.88,0,0.01,0,0.32,0.08,14.18,0.21,21.47,,4.45,0,0,0,0,0,0,0.148
7,54,7054,1.58,10.14,0,0.25,4.26,,0.01,0,0.07,0,194.7,0,0,0,0.03,0.01,0,,0,0,,0,5.01,59.6,4.06,0.05,2.63,1.16,1.25,49.75,3.02,75.32,,4.45,0,0,0,0,0,0,2.253
7,55,7055,0.32,2.03,0,0.05,0.39,,0,0,0.01,0,38.96,0,0,0,0,0,0,,0,0,,0,0.6,11.46,0,0.03,0,0.11,0.17,9.96,0.33,15.07,,,0,0,0,0,0,0,0.314
7,56,7056,0.6,3.82,0,0.09,0.47,,0,0,0.02,0,73.3,0,0,0,0,0,0,,0.01,0,,0,0.12,19.43,0,0,0,0.13,0.12,18.73,0.22,28.36,,,0,0,0,0,0,0,0.213
7,57,7057,3.83,24.55,1.28,0.6,6.9,,0.02,0,0.13,0,471.12,0,0.01,0,0.06,0.01,0,,0,0,0.66,0,12.36,110.26,19.52,0.41,5.91,1.88,1.52,120.39,7.18,182.25,,4.45,0,0,0,0,0,0.06,2.744
7,58,7058,0.26,1.66,0,0.04,0.34,,0,0,0.01,0,31.9,0,0,0,0,0,0,,0,0,,0,0,7.71,0,0,0,0.09,0.25,8.15,0,12.34,,,0,0,0,0,0,0,0.444
7,59,7059,11.22,71.92,4.68,1.75,133.81,0,0.03,0,0.38,0,1380.39,0.01,0.01,0,0.06,0.01,0,,0.04,0,219.1,0.36,11.36,310.04,0,0.17,5.58,36.42,3.81,352.76,15.01,534,,,0,0,0,0,0,0.01,6.876
7,60,7060,0.69,4.45,0,0.11,0.74,,0,0,0.02,0,85.47,0,0,0,0,0,0,,0,0,,0,0.79,19.65,0,0,0,0.2,0.17,21.84,0.11,33.06,,,0,0,0,0,0,0,0.313
7,61,7061,4.77,30.59,2.98,0.74,21.13,0,0.03,0,0.19,0,587.13,0,0.04,0.01,0.26,0.06,0,,0,0,40.55,2.85,51.18,170.23,52.91,0.95,9.52,5.75,2.36,150.04,40.41,227.13,,,0,0,0,0,0,0.04,4.26
7,62,7062,1.08,6.92,0,0.17,7.59,,0,0,0.04,0,132.88,0,0,0,0.01,0,0,,0.01,0,,0,1.15,34.63,0,0.02,0,2.07,0.43,33.96,1.07,51.41,,,0,0,0,0,0,0,0.782
7,63,7063,0.23,1.45,0,0.04,0.99,,0,0,0.01,0,27.89,0,0,0,0,0,0,,0,0,0.22,0,0.87,8.31,0,0,0.66,0.27,0.2,7.13,0.19,10.79,,,0,0,0,0,0,0,0.353
7,64,7064,2.73,17.5,0,0.43,4.64,,0,0,0.09,0,335.8,0,0,0,0.01,0,0,,0.01,0,0.55,0,1.83,71.13,0,0.07,0,1.26,0.57,85.81,1.33,129.9,,,0,0,0,0,0,0,1.032
7,65,7065,6.46,41.39,11.06,1.01,32.57,0,0.05,0,0.26,0,794.37,0,0.01,0.01,0.1,0.02,0,,0.04,0,2.7,4.28,18.8,218.86,53.88,0.64,15.11,8.87,2.6,203,15.17,307.3,,,0,-0.002,0,5.45,0.79,0.26,4.7
7,66,7066,1.27,8.12,0,0.2,2.61,,0,0,0.04,0,155.87,0,0,0,0.01,0,0,,0,0,,0,1.27,34.65,0,0.01,0.66,0.71,0.31,39.83,0.94,60.3,,,0,0,0,0,0,0,0.559
7,67,7067,0.64,4.13,0,0.1,1.27,,0,0,0.03,0,79.32,0,0,0,0,0,0,,0,0,0.26,0,0.32,20.71,0,0,0,0.35,0.09,20.27,0.1,30.69,,,0,0,0,0,0,0,0.165
7,68,7068,1.95,12.5,6.81,0.3,6.62,0,0.02,0,0.08,0,239.82,0,0.01,0,0.04,0.01,0,,0.05,0,,1.07,7.43,70.55,11.7,0.24,1.31,1.8,0.38,61.29,5.05,92.77,,,0,0,0,2.58,0.37,2.32,0.692
7,69,7069,3.06,19.62,3.83,0.48,20.43,0,0.02,0,0.14,0,376.46,0,0.01,0,0.05,0.01,0,,0.01,0,1.33,1.07,10.57,115.75,15.72,0.16,6.24,5.56,0.46,96.21,7.37,145.63,,,0,0,0,4.72,0.68,0.01,0.833
7,70,7070,0.85,5.42,0,0.13,1.27,,0,0,0.02,0,104.02,0,0,0,0,0,0,,0,0,,0,0.56,19.1,0,0.04,0.33,0.35,0.17,26.58,0.33,40.24,,4.45,0,0,0,0,0,0,0.298
7,71,7071,1.74,11.16,0,0.27,5.38,,0.01,0,0.01,0,214.13,0,0,0,0.02,0,0,,0,0,1.21,0,3.81,8.79,2.74,0.04,2.96,1.47,0.85,54.72,2.83,82.83,,4.45,0,0,0,1.33,0.19,0.01,1.544
7,72,7072,1.83,11.76,0,0.29,2.66,,0.01,0,0.06,0,225.62,0,0,0,0.02,0,0,,0.02,0,0.94,0,3.34,53.83,0,0.05,1.97,0.72,0.54,57.66,2.46,87.28,,,0,0,0,0,0,0,0.975
7,73,7073,0.52,3.36,0,0.08,0.64,,0,0,0,0,64.57,0,0,0,0.02,0,0,,0,0,0.88,0,3.62,3.23,0,0.1,0.33,0.17,0.07,16.5,0.61,24.98,,,0,0,0,0,0,0,0.126
7,74,7074,2.3,14.74,2.13,0.36,4.94,,0.02,0,0.11,0,282.89,0,0.05,0.02,0.37,0.09,0,,0.02,0,,1.78,73.07,104.92,20.64,0.59,5.58,1.34,0.22,72.29,6.52,109.43,,,0,0,0,0,0,0.12,0.404
7,75,7075,13.94,10.55,1.28,0.26,2.72,,0.01,0,0.07,0,202.41,0,0.01,0,0.05,0.01,0,,0,0,0.16,0,9.3,58.16,2.84,0.26,5.58,0.74,0.38,51.73,4.31,78.3,,4.45,0,0,0,0,0,0,0.678
7,76,7076,1.56,10,0,0.24,2.78,,0,0,0.06,0,191.92,0,0,0,0,0,0,,0,0,,0,0.32,45.85,0,0,0,0.76,0.79,49.05,0.06,74.24,,,0,0,0,0,0,0,1.432
7,77,7077,3.53,22.62,0,0.55,13.2,,0.01,0,0.12,0,434.08,0,0,0,0.02,0,0,,0.02,0,,0.36,3.46,100.53,2.78,0.1,0.66,3.59,1.7,110.93,1.05,167.92,,,0,0,0,1.48,0.21,0,3.079
7,78,7078,10.97,70.31,41.71,1.71,4.49,0.04,0.16,0,0.44,0,1349.42,0.01,0.06,0.02,0.4,0.09,0,,0.08,0,20.56,19.24,79.39,402.47,104.47,7.18,63.05,1.22,0.45,344.85,95.11,522.02,,,0.178,0.01,0,0,0,2.27,0.822
7,79,7079,1.95,12.48,0,0.3,4.37,0.04,0.01,0,0.08,0,239.49,0,0.01,0,0.04,0.01,0,,0,0,,0,7.55,71.08,8.9,0.1,0.99,1.19,0.38,61.2,1.6,92.65,,,0,0,0,0,0,0,0.693
7,80,7080,2.36,15.15,0,0.37,9.24,,0,0,0.07,0,290.79,0,0,0,0.01,0,0,,0.01,0,11.15,0.71,1.31,59.11,0,0.07,1.31,2.51,1.04,74.31,1.65,112.49,,,0,0,0,0,0,0,1.88
7,81,7081,2.14,13.71,0,0.33,3.82,,0.01,0,0.08,0,263.07,0,0,0,0.02,0.01,0,,0.02,0,,0,4.33,63.74,4.91,0.04,0,1.04,1.38,67.23,2.81,101.77,,,0,0,0,0,0,0,2.487
7,82,7082,0.68,4.33,0,0.11,1.22,,0,0,0.02,0,83.06,0,0,0,0,0,0,,0,0,2.21,0,0.79,19.56,0,0.09,0,0.33,0.25,21.23,0.44,32.13,,,0,0,0,0,0,0,0.446
7,83,7083,1.05,6.71,0,0.16,5.51,,0,0,0.04,0,128.77,0,0,0,0.01,0,0,,0.01,0,,0,2.03,36.64,0,0.01,0,1.5,0.76,32.91,0.51,49.82,,4.45,0,0,0,0,0,0,1.38
7,84,7084,0.52,3.34,0,0.08,1.68,,0,0,0.02,0,64.04,0,0,0,0,0,0,,0,0,,0,0.52,15.71,0,0.01,0,0.46,0.1,16.37,0.13,24.77,,,0,0,0,0,0,0,0.188
7,85,7085,0.58,3.74,0,0.09,0.95,,0,0,0.02,0,71.76,0,0,0,0.01,0,0,,0,0,,0,1.95,19.35,0,0,0,0.26,0.23,18.34,0.8,27.76,,,0,0,0,0,0,0,0.416
7,86,7086,6.54,7.77,0.43,0.19,3.5,,0,0,0.05,0,149.21,0,0,0,0.03,0.01,0,,0,0,,0,5.36,41.48,5.48,0.02,0.33,0.95,0.45,38.13,2.35,57.72,,,0,0,0,0,0,0.15,0.816
7,87,7087,2.17,13.93,0.85,0.34,2.73,0,0.01,0,0.01,0,267.32,0,0,0,0.03,0.01,0,,0,0,,3.21,6.6,13.21,0,0.13,0.66,0.74,0.74,68.31,3.79,103.41,,,0,0,0,1.03,0.15,0,1.344
7,88,7088,0.14,0.88,0,0.02,1.06,,0,0,0.01,0,16.93,0,0,0,0,0,0,,0,0,,0,0.12,4.35,0,0,85.38,0.29,0.05,4.33,0,6.55,,,0,0,0,0,0,0,0.091
7,89,7089,18.61,119.29,85.96,2.9,10.18,,0.25,0,0.82,0,2289.47,0.01,0.09,0.03,0.63,0.15,0,,0.15,0,,18.17,125.05,728.93,156.13,3.81,0,2.77,3.55,585.08,91.72,885.67,,4.45,14.376,1.189,0.056,3.79,0.55,3.58,6.409
7,90,7090,0.26,1.66,0,0.04,0.7,,0,0,0.01,0,31.84,0,0,0,0,0,0,,0,0,6.16,0,0.2,8.86,0,0,0,0.19,0.06,8.14,0.02,12.32,,,0,0,0,0,0,0,0.116
7,91,7091,0.65,4.2,0,0.1,0.51,,0,0,0.03,0,80.53,0,0,0,0.01,0,0,,0,0,,0,1.83,23.99,7.95,0,1.31,0.14,0.13,20.58,1.08,31.15,,,0,0,0,0,0,0,0.243
7,92,7092,2.47,15.86,0,0.39,16.77,,0.01,0,0.1,0,304.35,0,0,0,0.03,0.01,0,,0.02,0,0.16,0,5.25,82.38,3.71,0.13,3.61,4.57,0.5,77.78,7.41,117.73,,,0,0,0,0,0,0.01,0.908
7,93,7093,2.49,15.98,0,0.39,2.2,,0,0,0.08,0,306.64,0,0,0,0.01,0,0,,0,0,0.6,0,1.55,63.41,0,0.13,0.99,0.6,0.6,78.36,1.76,118.62,,,0,0,0,0,0,0,1.086
7,94,7094,2.13,13.67,0,0.33,3.31,,0.01,0,0.08,0,262.39,0,0.01,0,0.05,0.01,0,,0.01,0,1.71,0,9.97,67.59,9.27,0.24,8.21,0.9,0.4,67.06,10.42,101.51,,,0,0,0,0,0,0,0.725
7,96,7096,4.16,26.68,0,0.65,8.85,,0.01,0,0.01,0,512.11,0,0,0,0.01,0,0,,0.03,0,,0,2.86,16.68,0,0.07,0,2.41,1.57,130.87,0.76,198.11,,,0,0,0,0,0,0,2.828
7,97,7097,5.17,33.16,6.38,0.81,17.79,0.07,0.04,0,0.24,0,636.5,0,0.02,0.01,0.13,0.03,0,,0.04,0,10.6,1.43,25.43,204.2,29.36,2.34,8.87,4.84,0.25,162.66,16.01,246.23,,,0,0,0,5.34,0.77,0,0.443
7,98,7098,0.38,2.47,0,0.06,1.79,,0,0,0.01,0,47.33,0,0,0,0,0,0,,0,0,,0,0.91,11.69,0,0.01,0,0.49,0.39,12.1,0.12,18.31,,,0,0,0,0,0,0.2,0.708
7,99,7099,7.06,25.52,0,0.62,19.24,0,0.01,0,0.17,0,489.78,0,0,0,0.02,0,0,,0.02,0,1.57,0,3.34,134.79,6.17,0.04,1.64,5.24,2.18,125.16,5.11,189.47,,,0,0,0,0,0,0,3.937
7,100,7100,1.9,12.2,0,0.3,5.11,,0,0,0.06,0,234.15,0,0,0,0,0,0,,0,0,,0,0.4,49.77,0,0.01,0,1.39,0.67,59.84,0.35,90.58,,,0,0,0,0,0,0,1.202
7,101,7101,305.38,212.6,365.13,5.17,3.69,0,0.52,0,1.55,0,36.14,0.02,0.21,0.08,1.51,0.35,0,,0.25,0,4.92,73.76,296.95,1406.07,301.71,17.36,196.04,1,0.26,1042.71,225.12,1578.41,22.53,,16.536,3.361,0,0,0,0,0.462
7,102,7102,2.25,14.4,0.43,0.35,1.87,,0.01,0,0.09,0,276.44,0,0,0,0.02,0,0,,0.01,0,,0.71,3.74,76.48,20.64,0.2,1.31,0.51,0.69,70.65,1.71,106.94,,,0,0,0,0,0,14.9,1.245
7,103,7103,1.61,10.31,0,0.25,2.65,,0,0,0.06,0,197.94,0,0,0,0.01,0,0,,0,0,,0,2.62,52.66,0,0.01,0,0.72,0.62,50.58,0.13,76.57,,4.45,0,0,0,0.56,0.08,0.86,1.113
7,104,7104,0.84,5.39,0,0.13,4.21,,0,0,0.04,0,103.42,0,0,0,0.01,0,0,,0,0,2.86,0,2.46,32.2,4.05,0,0,1.15,0.41,26.43,0.37,40.01,,4.45,0,0,0,0,0,0.45,0.738
7,105,7105,2.53,5.68,0,0.14,0,,0,0,0.04,0,109.11,0,0,0,0.01,0,0,,0,0,2.72,0,1.43,29.9,0,0,0,0,0.26,27.88,0.09,42.21,,,0,0,0,0,0,0,0.467
7,106,7106,3.74,24.01,0.85,0.58,13.93,0,0.02,0,0.16,0,460.72,0,0.03,0.01,0.19,0.04,0,,0,0,0.11,1.07,37.31,139.56,15.5,0.14,7.88,3.79,2.44,117.74,9.61,178.23,,4.45,0,0,0,0,0,0,4.405
7,107,7107,4.47,28.64,0,0.7,31.44,,0.02,0,0.19,0,549.74,0,0.02,0.01,0.11,0.03,0,,0.03,0,271.51,0,21.66,164.05,16.39,0.24,4.27,8.56,2.72,140.49,19.18,212.66,,,0,0,0,0,0,0.05,4.91
7,108,7108,6.13,39.29,9.79,0.96,22.77,0,0.05,0,0.27,0,754.1,0,0.07,0.03,0.51,0.12,0,,0.04,0,99.54,1.07,101.45,249.91,28.3,0.97,18.06,6.2,2.33,192.71,21.71,291.72,,,0,0,0,0,0,0.09,4.207
7,109,7109,2.07,13.29,1.7,0.32,1.95,,0.01,0,0.08,0,255.01,0,0.01,0,0.05,0.01,0,,0.04,0,0.19,0.71,8.94,67.96,13.98,1.07,5.25,0.53,0.36,65.17,3.8,98.65,,,0,0,0,0,0,0.06,0.658
7,110,7110,0.39,2.5,0,0.06,1.31,,0,0,0,0,47.97,0,0,0,0.01,0,0,,0,0,,0,0.99,2.04,0,0,0,0.36,0.25,12.26,0.02,18.56,,,0,0,0,0,0,0.14,0.454
7,111,7111,2.05,13.12,0,0.32,2.28,,0,0,0.07,0,251.8,0,0,0,0.02,0.01,0,,0,0,11.66,0,4.25,57.16,0,0.04,0,0.62,0.57,64.35,0.94,97.41,,,0,0,0,0,0,0,1.026
7,112,7112,1.64,10.52,0,0.26,2.07,,0,0,0.06,0,201.9,0,0,0,0,0,0,,0,0,,0,0.52,45.14,0,0.05,0,0.56,0.5,51.6,0.03,78.11,,,0,0,0,0,0,0,0.906
7,113,7113,0.32,2.07,0,0.05,0,,0,0,0.01,0,39.77,0,0,0,0,0,0,,0,0,,0,0,8.59,0,0,0,0,0,10.16,0,15.39,,,0,0,0,0,0,0,0
7,114,7114,1,6.43,0,0.16,0,,0.01,0,0.04,0,123.33,0,0,0,0.01,0,0,,0,0,,0,2.58,30.45,0,0.1,0.99,0,0.67,31.52,2.14,47.71,,,0,0,0,0,0,0,1.21
7,115,7115,0.72,4.61,0,0.11,0,,0,0,0.02,0,88.41,0,0,0,0,0,0,,0,0,,0,0.32,18.9,0,0,0,0,0,22.59,0.14,34.2,,,0,0,0,0,0,0,0
7,116,7116,0.56,3.61,0,0.09,0,,0,0,0.02,0,69.21,0,0,0,0,0,0,,0,0,,0,0.56,16.11,0,0,0,0,0.64,17.69,0.18,26.78,,,0,0,0,0,0,0,1.151
7,117,7117,0.43,2.75,0,0.07,0,,0,0,0.01,0,52.78,0,0,0,0,0,0,,0,0,0.49,0,0.36,11.66,0,0,0,0,0,13.49,0.02,20.42,,,0,0,0,0,0,0,0
7,118,7118,0.21,1.33,0,0.03,0,,0,0,0.01,0,25.5,0,0,0,0,0,0,,0,0,,0,0,6.17,0,0,0,0,0,6.52,0,9.86,,,0,0,0,0,0,0,0
7,119,7119,0.19,1.21,0,0.03,0,,0,0,0.01,0,23.14,0,0,0,0,0,0,,0,0,,0,0,5.29,0,0,0,0,0,5.91,0,8.95,,,0,0,0,0,0,0,0
8,1,8001,0.43,7.06,0.43,0.12,12.36,0.01,0.02,0,0.11,0.05,95.07,0,0.02,0,0.15,0,0,,0,0,,0,23.84,38.93,12.49,1.36,0.33,3.37,23.57,24.29,13.61,36.78,,0.29,0,0,0,16.03,2.31,0,25.105
8,2,8002,18.77,11.97,1.7,0.2,8.12,0.01,0.02,0,0.02,0,56.75,0,0.02,0,0.19,0.01,0,,0.01,0,,0,31.83,13.7,16.77,1.31,1.64,2.21,14.47,41.18,3.56,62.34,,0.29,0,0,0,15.74,2.27,0,16.018
8,3,8003,9.04,4.97,0,0.08,5.27,0,0.01,0,0.08,0,66.98,0,0,0,0.01,0,0,,0,0,,0.71,0,26.76,4.5,0.01,0,1.43,13.77,17.12,3.15,25.91,,0.29,0,0,0,3.84,0.55,0,11.165
8,4,8004,0.23,3.74,0,0.06,0.53,0,0,0,0.04,0,65.09,0,0,0,0,0,0,,0,0,,0,0.6,14.19,0,0.1,0,0.14,0,12.87,0.13,19.48,,,0,0,0,0,0,0,0
8,5,8005,11.07,13.48,0.85,0.23,8.57,0,0.03,0,0.02,0,181.52,0,0.26,0.02,2.21,0.06,0.0001,1.253052935,0.01,0,,2.49,360.57,28.79,33.61,0,1.64,2.33,40.54,46.39,24.72,70.22,,0.29,0,0,0,9.92,1.43,3.55,47.371
8,6,8006,2.26,3.52,0,0.06,4.85,,0,0,0.07,0,47.37,0,0,0,0.01,0,0,,0,0,,0,0.95,20.26,0,0.56,0,1.32,34.61,12.1,0.33,18.32,,0.29,0,0,0,0,0,0,38.169
8,7,8007,2.65,9.77,0,0.17,8.45,0,0,0,0.13,0,131.61,0,0,0,0.01,0,0,,0,0,9.96,0,0.87,41.96,11.35,0.06,0.66,2.3,13.32,33.63,0.97,50.91,,,0,0,0,0,0,0,14.651
8,8,8008,1.18,8.01,0,0.14,3.72,0,0,0,0.1,0,107.8,0,0,0,0.04,0,0,,0,0,3.87,0,5.88,32.84,0,0,0,1.01,2.24,27.55,32.06,41.7,,0.29,0,0,0,0,0,0,0.151
8,9,8009,6.02,18,0,0.31,17.48,,0.03,0,0.27,0,242.44,0,0.01,0,0.08,0,0,,0,0,18.29,0.36,13.83,88.05,21.58,2,3.94,4.76,14.86,61.96,49.97,93.79,,,0,0,0,6.14,0.89,0,2.717
8,10,8010,6.08,12.36,0,0.21,11.23,,0.02,0,0.2,0,166.45,0,0.16,0.01,1.42,0.04,0,,0,0,,0.36,231.19,71.67,15.15,1.06,0.99,3.06,33.89,42.54,13.65,64.39,,0.29,0,0,0,0,0,0,37.226
8,11,8011,1.73,28.42,8.51,0.48,13.34,0,0.08,0,0.44,0,382.7,0,0.09,0.01,0.75,0.02,0,,0.04,0,,3.21,122.43,155.67,41.37,0.9,12.81,3.63,14.18,97.8,68.21,148.05,,0.29,0,0,0,8.2,1.18,1.08,15.662
8,12,8012,2.36,5.04,0,0.09,2.75,,0,0,0.07,0,67.91,0,0,0,0,0,0,,0,0,,0,0.36,22.53,0.22,0,0,0.75,17.4,17.35,0.46,26.27,,,0,0,0,0,0,0,17.062
8,13,8013,2.77,5.06,0,0.09,11.64,0,0,0,0.08,0,68.2,0,0,0,0.01,0,0,,0,0,22.7,0.36,0.99,26.09,21.64,0,0,3.17,16.05,17.43,0.86,26.38,,0.29,0,0,0,4.99,0.72,0,15.245
8,14,8014,1.16,1.23,0,0.02,2.1,,0,0,0.02,0,16.59,0,0,0,0,0,0,,0,0,,0,0.2,6.49,0,0,0,0.57,2.82,4.24,0.12,6.42,,0.29,0,0,0,0,0,0,3.124
8,15,8015,0.05,0.87,0,0.01,6.01,0,0,0,0.02,0,11.78,0,0,0,0,0,0,,0,0,,0,0,5.09,1.43,0,0,1.64,0.94,3.01,0.32,4.56,,,0,0,0,0,0,0,0.184
8,16,8016,2.38,2.08,0,0.04,1.62,,0,0,0.03,0,27.99,0,0,0,0,0,0,,0,0,,0,0.28,10.63,0,0.14,0.66,0.44,3.02,7.15,0.81,10.83,,0.29,0,0,0,2,0.29,0,3.336
8,17,8017,6.71,81.14,20.43,1.38,13.54,,0.23,0,1.3,0,1092.65,0.01,0.18,0.01,1.58,0.04,0,,0.08,0,,14.25,258.48,452.63,142.73,7.73,50.57,3.69,139.63,279.23,80.09,422.69,,0.29,0,0,0,5.29,0.76,0.3,154.004
8,18,8018,0.18,2.91,0,0.05,5.81,,0,0,0.05,0,39.2,0,0,0,0,0,0,,0,0,,0,0,16.31,9.88,0,0,1.58,57.98,10.02,0,15.16,,0.29,0,0,0,0,0,0,63.943
8,19,8019,892.04,456.79,642.6,7.79,23.81,0.01,1.61,0,7.43,0,162.18,0.03,1.94,0.12,16.72,0.45,0.0004,,0.43,0.81,66.3,150.01,2732.14,2676.92,752.71,160.1,176.01,6.48,29.89,1571.95,784.7,2379.57,2.2,0.29,66.802,10.515,0,20.93,3.02,13.14,33.001
8,20,8020,1.09,4.5,0,0.08,1.33,,0,0,0.06,0,60.56,0,0,0,0,0,0,,0,0,8.22,0,0.04,18.32,0,0,0,0.36,2.56,15.48,0.04,23.43,,0.29,0,0,0,0,0,0,0.021
8,21,8021,5.69,76.58,42.98,1.31,12.07,,0.26,0,1.22,0,1031.25,0,0.28,0.02,2.45,0.07,0.0001,,0.07,0,,10.69,400.22,437.08,115.81,14.99,30.54,3.29,19.33,263.54,117.72,398.93,,0.29,0,0,0,1.77,0.25,0.75,21.4
8,22,8022,0.1,1.57,0,0.03,2.71,,0,0,0.03,0,21.14,0,0,0,0,0,0,,0,0,,0,60.56,9.5,0,0,0,0.74,7.2,5.4,0,8.18,,,0,0,0,0,0,0,7.97
8,23,8023,0.14,2.27,0,0.04,3.31,,0,0,0.03,0,30.59,0,0.04,0,0.37,0.01,0,,0,0,,0,1.27,12.2,3.83,0,0,0.9,6.58,7.82,3.16,11.84,,0.29,0,0,0,0,0,0,7.259
8,24,8024,4.57,2.3,0,0.04,3.31,,0,0,0.04,0,30.97,0,0,0,0.01,0,0,,0,0,,0,1.27,12.99,3.99,0.04,0.99,0.9,13.15,7.91,0.68,11.98,,,0,0,0,0,0,0,14.502
8,25,8025,5.61,4.56,0,0.08,4.19,,0.01,0,0.08,0,61.47,0,0.04,0,0.38,0.01,0,,0.02,0,,0,62.7,28.08,8.86,0.46,2.3,1.14,28.61,15.71,6.28,23.78,,,0,0,0,0,0,0,35.307
8,26,8026,0.93,1.86,0,0.03,4.02,,0,0,0.03,0,25.07,0,0,0,0,0,0,,0,0,,0,0,10.7,0,0,0,1.09,9.32,6.41,0.08,9.7,,,0,0,0,0,0,0,9.775
8,27,8027,1.68,27.62,0,0.47,16.77,0,0.02,0,0.36,0,371.94,0,0.01,0,0.09,0,0,,0,0,41.6,0.36,15.34,113.92,19.33,0.6,2.63,4.56,23.87,95.05,70.5,143.88,,,0,0,0,0,0,0,27.161
8,28,8028,0.34,5.51,0,0.09,0.65,,0.01,0,0.08,0,74.16,0,0.01,0,0.05,0,0,0.565734558,0,0,,0,8.11,27.09,4.56,0.07,1.31,0.18,5.2,18.95,1.18,28.69,,0.29,0,0,0,0,0,0,5.74
8,29,8029,3.75,31.22,0,0.53,8.52,0,0.01,0,0.37,0,420.36,0,0.03,0,0.25,0.01,0,,0.05,0,111.68,0,40.73,117.68,15.46,0.05,0,2.32,22.5,107.42,214.19,162.61,,,0,0,0,0,0,0,25.512
8,30,8030,1.07,4.82,0,0.08,4.63,,0,0,0.07,0,64.93,0,0,0,0,0,0,,0,0,17.95,0,0.6,20.51,0,0.03,0,1.26,3.7,16.59,0.03,25.12,,0.29,0,0,0,4.13,0.6,0,0.139
8,31,8031,10.8,22.42,2.13,0.38,26.34,,0.03,0,0.38,0,301.96,0,0.01,0,0.09,0,0,,0,0,6.13,1.07,15.34,121.14,22.72,0.41,7.88,7.17,83.02,77.17,51.07,116.81,,0.29,0,0,0,13.12,1.89,0,88.924
8,32,8032,3.8,62.32,59.15,1.06,3.65,0,0.23,0,0.96,0,839.19,0,0.14,0.01,1.23,0.03,0,,0.05,0,,12.12,200.47,344.63,84.46,7.98,33.82,0.99,4.67,214.46,372.24,324.64,,0.29,0,0,0,3.05,0.44,0.45,4.274
8,33,8033,0.04,0.62,0,0.01,0.24,,0,0,0.01,0,8.4,0,0,0,0,0,0,,0,0,,0,0.16,3.35,0,0,0,0.07,2.29,2.15,0.01,3.25,,,0,0,0,0,0,0,1.334
8,34,8034,3.52,3.99,0,0.07,2.64,,0,0,0.07,0,53.75,0,0.02,0,0.2,0.01,0,,0,0,,0.71,32.62,23.65,7.89,0.28,0,0.72,22.69,13.74,2.3,20.79,,,0,0,0,0,0,0,24.942
8,35,8035,2.35,4.94,0,0.08,8.85,,0,0,0.07,0,66.56,0,0,0,0,0,0,,0,0,8.41,0.36,0.4,23.68,8.82,0.43,0,2.41,40.41,17.01,0.72,25.75,,0.29,0,0,0,0,0,0,41.88
8,36,8036,2.51,24.36,2.55,0.42,25.45,0,0.07,0,0.36,0,328.05,0,0.06,0,0.5,0.01,0,,0.02,0,,2.85,81.9,126.81,0,0.36,8.21,6.93,26.4,83.83,11.7,126.9,,0.29,0,0,0,0,0,0.09,29.214
8,37,8037,1505.2,790.63,448.97,13.49,25.05,0,2.13,0,12.09,0,151.41,0.05,5.8,0.35,49.92,1.35,0.0012,35.25347432,0.16,1.01,,262.97,8155.26,4394.64,0,21.28,255.81,6.82,4.49,2720.78,2415.31,4118.63,,0.29,69.628,10.515,0,9.38,1.35,12.61,4.912
8,38,8038,0.17,2.71,0,0.05,2.23,0,0,0,0.05,0,36.54,0,0,0,0,0,0,,0,0,,0,0.68,14.42,3.76,0,0,0.61,5.86,9.34,0.4,14.13,,0.29,0,0,0,0,0,0,6.48
8,39,8039,4.41,2.36,0,0.04,4.31,0,0,0,0.04,0,31.73,0,0,0,0.01,0,0,,0,0,,0,0.91,12.71,0,0.04,0,1.17,6.02,8.11,0.46,12.27,,0.29,0,0,0,1.5,0.22,0,6.042
8,40,8040,21.67,19.28,2.98,0.33,13.71,0,0.03,0,0.31,0,259.66,0,0.02,0,0.18,0,0,,0,0,43.99,1.43,29.09,101.64,26.73,0.42,6.24,3.73,41.37,66.36,125.63,100.45,,0.29,0,0,0,9.6,1.39,0,44.362
8,41,8041,0.32,1.27,0,0.02,1.61,,0,0,0.02,0,17.15,0,0,0,0.01,0,0,,0,0,0.06,0,1.19,5.94,0,0.01,0,0.44,1.7,4.38,0.08,6.64,,0.29,0,0,0,0,0,0,0.081
8,42,8042,0.06,0.96,0,0.02,3.49,,0,0,0.02,0,12.97,0,0,0,0,0,0,,0,0,23.38,0,0.12,5.48,0,0,0,0.95,0.3,3.31,0.12,5.02,,0.29,0,0,0,0,0,0,0.316
8,43,8043,1.96,1.91,0,0.03,5.89,,0,0,0.03,0,25.69,0,0,0,0,0,0,,0,0,,0.71,0.79,10.94,3.14,0,0,1.6,8.79,6.57,2.27,9.94,,,0,0,0,2.68,0.39,0,9.699
8,44,8044,2.7,2.59,0,0.04,4.52,0,0,0,0.04,0,34.89,0,0,0,0.02,0,0,,0,0,,0,3.46,13.66,3.71,0.04,0.33,1.23,8.9,8.92,10.77,13.5,,0.29,0,0,0,1.86,0.27,0.17,9.81
8,45,8045,1.85,24.92,1.7,0.43,3.35,,0.04,0,0.4,0,335.52,0,0.12,0.01,1,0.03,0,,0,0,,0.71,162.88,135.04,32.47,1.42,7.88,0.91,23.2,85.74,14.56,129.8,,0.29,0,0,0,0,0,0,25.597
8,46,8046,0.26,4.32,0,0.07,1.76,,0,0,0.06,0,58.14,0,0,0,0,0,0,,0,0,,0,0,17.45,0,0,0,0.48,1.57,14.86,0.08,22.49,,,0,0,0,0,0,0,0
8,47,8047,1.01,3.1,0,0.05,0.98,,0,0,0.05,0,41.7,0,0,0,0.01,0,0,,0,0,,0,1.63,14.07,0,0,0,0.27,2.72,10.66,8.62,16.13,,0.29,0,0,0,0,0,0,0.139
8,48,8048,7.39,12.23,0.85,0.21,10.32,,0.02,0,0.22,0,164.68,0,0,0,0.04,0,0,,0,0,,0,6.4,69.46,27.85,1.18,2.63,2.81,155.19,42.08,3.85,63.7,,,0,0,0,0,0,0,171.158
8,49,8049,1.33,1.69,0,0.03,2.16,,0,0,0.03,0,22.78,0,0,0,0,0,0,,0,0,,0,0.16,8.21,0,0,0,0.59,3.62,5.82,0.26,8.81,,,0,0,0,0,0,0,3.973
8,50,8050,2.2,32.76,12.77,0.56,2.7,,0.12,0,0.52,0,441.09,0,0.6,0.04,5.18,0.14,0.0001,,0.02,0,,9.98,846.42,210.97,22.18,0.92,19.7,0.73,16.24,112.72,70.25,170.63,,0.29,0,0,0,5.81,0.84,0.12,18.331
8,51,8051,0.23,3.79,0,0.06,4.69,,0,0,0.06,0,51.06,0,0,0,0,0,0,,0,0,3.73,0,0.12,17.17,11.51,0.01,0,1.28,3.5,13.05,0,19.75,,0.29,0,0,0,0,0,0.02,0.351
8,52,8052,0.78,12.74,1.7,0.22,19.61,0,0.04,0,0.22,0,171.51,0,0.01,0,0.13,0,0,0.651742156,0.02,0,,4.28,20.42,75.24,33.87,0.24,9.19,5.34,21.52,43.83,26.57,66.35,,0.29,0,0,0,7.14,1.03,0.04,23.373
8,53,8053,0.31,5.13,0,0.09,1.44,,0.01,0,0.08,0,69.02,0,0,0,0.03,0,0,,0,0,,0,4.57,26.83,6.93,0.05,0,0.39,7.53,17.64,5.24,26.7,,0.29,0,0,0,0,0,0,8.309
8,54,8054,1.8,4.7,0,0.08,3.15,,0,0,0.06,0,63.32,0,0,0,0,0,0,,0,0,,0,0.48,20.1,13.34,0.86,0,0.86,64.81,16.18,0.13,24.5,,0.29,0,0,0,2.14,0.31,0,71.478
8,55,8055,3.45,9.59,0,0.16,2.8,,0,0,0.15,0,129.18,0,0,0,0.01,0,0,,0,0,,0.36,0.87,47.81,1.74,0,0,0.76,13.56,33.01,0.52,49.97,,0.29,0,0,0,3.01,0.43,0,14.96
8,56,8056,0.08,1.25,0,0.02,1.05,,0,0,0.02,0,16.88,0,0,0,0,0,0,,0,0,,0,0.08,6.32,0,0,0,0.29,4.19,4.31,0.02,6.53,,,0,0,0,0,0,0,3.218
8,57,8057,0.9,1.35,0,0.02,4,,0,0,0.03,0,18.18,0,0,0,0.01,0,0,,0,0,,0,0.83,8.11,1.99,0,0,1.09,4.95,4.65,0.63,7.03,,0.29,0,0,0,0,0,0,0.043
8,58,8058,2.56,1.61,0,0.03,1.44,,0,0,0.03,0,21.64,0,0,0,0,0,0,,0,0,,0,0.04,8.34,3.24,0,0,0.39,2.13,5.53,0.09,8.37,,0.29,0,0,0,0,0,0,2.354
8,59,8059,0.18,2.91,0,0.05,3.94,0,0,0,0.05,0,39.22,0,0.01,0,0.07,0,0,,0,0,,0,11.25,16.23,0,0.06,0,1.07,1.2,10.02,49.31,15.17,,,0,0,0,0,0,0,0.942
8,60,8060,0.9,6.09,0.43,0.1,1.31,0,0.01,0,0.1,0,82.04,0,0,0,0.02,0,0,,0,0,,0,3.97,32.7,15.33,0.15,0.99,0.36,2.33,20.97,10.79,31.74,,,0,0,0,2.78,0.4,6.42,2.519
8,61,8061,1.41,2.32,0,0.04,5.64,,0,0,0.04,0,31.26,0,0,0,0,0,0,,0,0,,0,0.16,12.29,3.88,0,0,1.54,10.86,7.99,0.2,12.09,,,0,0,0,0,0,0,11.98
8,62,8062,3.51,17.16,1.28,0.29,15.03,0,0.03,0,0.27,0,231.1,0,0.02,0,0.19,0.01,0,,0,0,,0.36,30.68,89.17,16.99,2.54,1.97,4.09,18.4,59.06,8.12,89.4,,0.29,0,0,0,1.72,0.25,12.96,20.313
8,63,8063,3.35,3.8,0,0.06,6.53,0,0,0,0.07,0,51.23,0,0,0,0,0,0,,0,0,0.14,0,0.68,20.99,0,0.01,0,1.78,15.06,13.09,0.38,19.82,,,0,0,0,3.08,0.44,0,16.612
8,64,8064,0.07,1.09,0,0.02,0.63,,0,0,0.02,0,14.74,0,0,0,0,0,0,,0,0,,0,0,5.84,1.79,0,0,0.17,2.72,3.77,0.12,5.7,,,0,0,0,0,0,0,2.806
8,65,8065,3.63,11.78,0,0.2,3.62,0,0,0,0.16,0,158.61,0,0,0,0.02,0,0,,0,0,21.55,0,2.82,50.19,2.24,0,0,0.98,6.73,40.53,14.69,61.36,,0.29,0,0,0,5.13,0.74,0,0.103
8,66,8066,0.66,4.78,0,0.08,3.07,0,0,0,0.07,0,64.32,0,0,0,0,0,0,,0,0,2.19,0,0.12,20.75,0,0,0,0.84,3.12,16.44,0,24.88,,0.29,0,0,0,0,0,0,0
8,67,8067,0.16,2.61,0,0.04,6.83,0,0,0,0,0,35.19,0,0,0,0.01,0,0,,0,0,,0,1.63,1.68,4.89,0.03,0.33,1.86,9.26,8.99,0.76,13.61,,,0,0,0,0,0,0,9.768
9,2,9002,16.4,419.07,1456.27,4.37,8.86,,0.65,0.04,4.4,0.23,0,0.02,,0.77,9.88,1.2,0.0003,,0.03,0.08,,185.29,2387.55,1583.5,253.17,410.71,174.37,2.41,0,881.07,604.71,1333.73,,,0,0,0,1.56,0.22,0,0
9,3,9003,135.1,618.87,384.71,6.45,13.88,,0.74,0.05,6.68,0,0,0.02,,0.33,4.2,0.51,0.0001,,0.25,0.1,1.06,321.77,1016.45,2089.17,550.12,15.64,119.86,3.78,0,1301.13,293.95,1969.61,33.88,,0,0,0,0,0,0.37,0
9,4,9004,3.35,171.08,21.28,1.78,14.8,0,0.21,0.01,1.62,0,35.79,0.01,,0.04,0.51,0.06,0,,0.04,0.06,2.59,43.12,124.33,501.22,194.57,7.75,26.27,4.03,0,359.69,76.97,544.49,,,0,0,0,0,0,1.94,0.028
9,5,9005,156.65,1175.69,783.03,12.25,23.24,,1.11,0.07,11.73,0,0,0.05,,0.48,6.13,0.74,0.0002,,0.87,0.2,4,593.29,1482.56,3605.88,597.84,36.33,243.66,6.33,0,2471.82,770.34,3741.75,33.88,,0,0,0,2.4,0.35,1.87,0
9,6,9006,65.01,389.24,1257.96,4.06,6.54,,0.44,0.03,3.96,0,0,0.01,,0.61,7.81,0.95,0.0003,,0.06,0.05,,206.67,1887.79,1370.83,179.88,19.17,91.62,1.78,0,818.36,515.43,1238.8,,,0,0,0,0,0,0.52,0
9,7,9007,906.69,1794.23,1934.18,18.7,29.93,,1.59,0.11,17.01,0,0,0.07,,0.93,12.05,1.46,0.0004,,0.45,0.31,2.48,574.4,2912.78,5312.33,1093.79,57.59,305.4,8.15,0,3772.25,1242.25,5710.3,,,0,0,0,0,0,0.27,0
9,8,9008,4.41,225.58,63.41,2.35,17.92,0,0.13,0.01,2.26,0,10.67,0.01,,0.02,0.24,0.03,0,,0.03,0.02,2.67,64.85,57.82,652.73,77.81,3.42,20.69,4.88,0.01,474.26,47.28,717.92,,,0,0,0,1.56,0.22,12.69,0.072
9,9,9009,26.83,114.2,2.13,1.19,72.55,0.04,0.06,0,1.04,0,153.48,0,,0.01,0.18,0.02,0,,0.05,0.01,86.06,14.97,44.46,304.46,42.79,3.61,9.52,19.75,0.34,240.09,24.41,363.45,,,0,0,0,0,0,0.09,4.914
9,10,9010,13.62,696.22,557.91,7.26,26.44,0,0.77,0.05,7.02,0,4.77,0.03,,0.25,3.26,0.4,0.0001,,0.15,0.21,1.77,302.52,787.1,2170.54,459.37,11.73,109.35,7.2,0,1463.76,375.01,2215.79,33.88,,0,0,0,1.77,0.26,0,0.035
9,11,9011,92.73,339.07,130.22,3.53,27.4,0,0.21,0.01,3.23,0,39.61,0.01,,0.09,1.22,0.15,0,,0.22,0.13,7.56,91.58,294.88,962.55,104.05,4.17,50.9,7.46,0.17,712.87,176.86,1079.12,,,0,0,0,0.63,0.09,3.28,2.446
9,12,9012,30.98,598.65,215.76,6.24,86.23,0,0.66,0.04,5.94,0,114.99,0.02,,0.2,2.62,0.32,0.0001,,1.83,0.16,123,186.36,633.28,1836.21,332.98,17.98,68.63,23.47,0.27,1258.62,194.38,1905.26,,,0,0,0,7.07,1.02,0.03,3.66
9,13,9013,56.17,398.54,322.15,4.15,32.51,,0.31,0.02,3.7,0,120.07,0.02,,0.14,1.78,0.22,0.0001,,0.22,0.17,11.27,168.54,429.35,1126.37,178.77,11.46,56.48,8.85,0.05,837.9,131.66,1268.38,,,0,0,0,0,0,8.76,0.638
9,14,9014,6.84,349.82,1938.86,3.65,6.89,,1.22,0.08,4.71,0,0,0.01,,0.38,4.93,0.6,0.0002,,0.15,0.07,,382.7,1192.4,1655.16,510.41,30.12,221,1.88,0,735.47,397.86,1113.33,,,0,0,0,0,0,0.25,0
9,15,9015,17.43,513.72,4057.31,5.35,8.62,,2.65,0.18,6.18,0,0,0.02,,0.62,8.01,0.97,0.0003,,1.61,0.16,,424.74,1936.86,2427.58,527.86,136.91,145.47,2.35,0,1080.05,713.41,1634.95,,,0,0,0,0.58,0.08,13.07,0
9,16,9016,72.41,348.36,908.58,3.63,11.43,,1.36,0.09,4.09,0,0,0.01,,0.62,7.93,0.96,0.0003,,0.86,0.09,,1491.24,1917.63,1590.78,520.3,57.9,83.74,3.11,0,732.4,319.19,1108.68,,,0,0,0,2.11,0.31,4.63,0
9,17,9017,8.62,440.91,480.03,4.59,9.23,,0.71,0.05,4.63,0,0,0.02,,0.22,2.86,0.35,0.0001,,0.47,0.1,,209.88,690.89,1488.02,419.68,21.62,109.35,2.51,0,926.98,346.59,1403.23,33.88,,398.921,96.893,0,0,0,36.25,0
10,1,10001,14.37,15.75,0.43,0.3,15.65,0,0.04,0,0.22,0.11,237.96,0,0.02,0.01,0.15,0.01,0,,0.02,0,19.13,0.71,23.76,84.27,24.71,0.1,3.61,4.26,1.07,60.81,6.12,92.05,,0.25,0,0,0,5.01,0.72,0,64.314
10,2,10002,0.83,2.19,0,0.04,3.74,,0,0,0.03,0,33.16,0,0,0,0.02,0,0,,0.02,0,66.33,0,2.46,10.18,0,0,0,1.02,0.08,8.48,13.4,12.83,,0.25,0,0,0,0,0,0,0.925
10,3,10003,1.55,2.31,0,0.04,7.15,,0,0,0.03,0,34.93,0,0,0,0,0,0,,0,0,,0,0.24,10.5,0,0,0.33,1.95,0.08,8.93,0.04,13.51,,,0,0,0,0,0,0,4.071
10,4,10004,12.76,16.96,0,0.32,26.64,0,0.04,0,0.23,0,256.3,0,0.02,0.01,0.19,0.01,0,,0.04,0,,0,30.72,89.11,21.62,2.29,3.61,7.25,1.4,65.5,3.39,99.15,,0.25,0,0,0,4.54,0.66,2.03,1.443
10,5,10005,692.58,282.55,228.95,5.41,46.48,0,1.72,0,0.38,0,4269.41,0.02,0.49,0.22,4.2,0.33,0.0001,,0.43,0.29,97.61,69.13,685.97,567.24,320.57,89.27,158.94,12.65,1.38,1091.06,1073.87,1651.6,1.13,0.25,28.061,4.732,0,20.88,3.01,5.88,84.489
10,6,10006,2.79,5.13,0,0.1,14.41,0.03,0,0,0.06,0,77.57,0,0,0,0,0,0,,0.01,0,,0,0.56,23.64,2.53,0.04,0,3.92,0.35,19.82,0.2,30.01,,0.25,0,0,0,0,0,0,25.414
10,7,10007,274.11,163.37,70.22,3.13,19.68,,0.9,0,2.22,0,865.16,0.01,0.95,0.43,8.14,0.65,0.0002,,0.09,0.21,,28.15,1329.49,1074.6,192.9,6.28,40.72,5.36,0.5,630.85,170.92,954.96,,,0,0,0,5.35,0.77,3.25,37.979
10,8,10008,23.21,17.2,2.98,0.33,9.86,0.05,0.1,0,0.23,0,259.88,0,0.04,0.02,0.37,0.03,0,,0.01,0,,0.71,60.4,107.13,26.36,2.12,5.58,2.68,1.32,66.41,13.18,100.53,,0.25,0,0,0,2.01,0.29,0.02,81.496
10,9,10009,1.93,5.49,0,0.1,6.7,0.01,0,0,0.08,0,82.88,0,0,0,0.01,0,0,,0.01,0,17.33,0,1.39,28.34,2.34,0,0,1.82,0.13,21.18,3.65,32.06,,,0,0,0,0,0,0.1,0.774
10,10,10010,0.88,2.26,0,0.04,14.35,,0,0,0.03,0,34.11,0,0,0,0,0,0,,0,0,,0,0.28,11.72,5.33,0.04,0,3.91,0.35,8.72,0.08,13.2,,0.25,0,0,0,0,0,0,8.184
10,11,10011,4.59,2.59,0,0.05,13.47,,0,0,0.04,0,39.11,0,0,0,0,0,0,,0,0,,0,0.28,13.95,0,0,0,3.67,0.38,9.99,0,15.13,,,0,0,0,0,0,0.1,0.308
10,12,10012,14.76,69.31,43.83,1.33,13.4,0,0.16,0,0.91,0,469.28,0,0.29,0.13,2.48,0.2,0.0001,,0.06,0.03,,7.13,405.31,382.83,49.1,0.63,12.48,3.65,0.36,267.64,19.74,405.14,,0.25,0,0,0,4.94,0.71,0.19,26.049
10,13,10013,3.45,12.31,1.7,0.24,24.2,0,0.05,0,0.16,0,185.97,0,0.01,0,0.08,0.01,0,,0.01,0,,0,12.83,65.21,17.98,0.24,1.64,6.59,0.24,47.52,4.24,71.94,,0.25,0,0,0,12.59,1.82,0,18.224
10,14,10014,3.97,16.13,0,0.31,23.53,0.03,0,0,0.16,0,243.76,0,0,0,0.01,0,0,,0.04,0,335.35,0,1.11,57.31,3.71,0.7,0,6.41,0.43,62.29,0.31,94.3,,,0,0,0,0,0,0,5.425
10,15,10015,7.52,6.53,0,0.12,10.12,0,0.01,0,0.01,0,98.62,0,0,0,0,0,0,,0.01,0,,0,0.72,5.32,5.55,0.01,0,2.75,0.14,25.2,0.32,38.15,,0.25,0,0,0,0,0,0,11.428
10,16,10016,3.44,9.29,0,0.18,11.26,,0.01,0,0.01,0,140.39,0,0.02,0.01,0.21,0.02,0,,0.01,0,,0,33.5,10.85,5.49,0.42,0,3.07,0.41,35.88,1.14,54.31,,0.25,0,0,0,0,0,0,25.407
10,17,10017,5.75,4.95,0,0.09,14.03,,0.01,0,0.07,0,74.76,0,0,0,0.02,0,0,,0,0,,0,2.98,28.78,8.26,0.07,0.99,3.82,0.31,19.1,5.64,28.92,,,0,0,0,1.32,0.19,0,1.588
10,18,10018,4.99,5.63,0.43,0.11,20.36,0,0.03,0,0.09,0,85.13,0,0,0,0.02,0,0,,0.03,0,,0,3.26,35.76,14.61,0.04,2.3,5.54,0.18,21.75,4.01,32.93,,,0,0,0,0,0,0.01,1.175
10,19,10019,0.79,2.44,0,0.05,4.66,0.01,0,0,0.03,0,36.83,0,0,0,0,0,0,,0,0,51.38,0,0.04,9.91,0,0,0,1.27,0.06,9.41,0.04,14.25,,,0,0,0,0,0,0.77,1.047
10,20,10020,3.2,6.38,0,0.12,11.78,0.04,0.02,0,0.09,0,1223.08,0,0.01,0,0.05,0,0,,0.01,0,,0,7.75,36.47,8.97,0.74,0.66,3.21,0.63,24.62,3.43,37.27,,0.25,0,0,0,1.98,0.29,0,41.547
10,21,10021,4.28,5.31,0,0.1,10.99,,0.01,0,0.07,0,76.44,0,0,0,0.02,0,0,,0.01,0,,0,2.66,27.49,4.22,0.05,0.66,2.99,0.47,20.49,4.09,31.02,,0.25,0,0,0,3.73,0.54,0,33.924
10,22,10022,10.33,12.59,0.43,0.24,4.98,0.01,0.03,0,0.02,0,190.23,0,0,0,0.03,0,0,,0.01,0,,0,5.28,13.9,6.74,1.33,3.28,1.35,0.76,48.61,3.15,73.59,,0.25,0,0,0,0,0,0,50.552
10,23,10023,4.35,25.27,0.43,0.48,14.71,0,0.09,0,0.29,0,1383.41,0,0.05,0.02,0.45,0.04,0,,0.03,0,247.43,0.71,73.31,124.15,24.97,0.46,8.21,4,0.2,97.58,369.23,147.72,,,0,0,0,0,0,0,0.587
10,24,10024,2.6,6.03,0,0.12,9.43,,0.02,0,0.08,0,91.05,0,0,0,0.01,0,0,,0,0,,0.71,2.03,32.11,9.23,0.91,3.61,2.57,0.15,23.27,2.05,35.22,,0.25,0,0,0,0,0,0,11.049
10,25,10025,1.98,2,0,0.04,6.91,,0,0,0.03,0,348.65,0,0,0,0,0,0,,0,0,,0,0.24,11.06,0,0,0,1.88,0.16,7.72,0.15,11.68,,,0,0,0,0,0,0,1.802
10,26,10026,2.19,10.36,0,0.2,5.76,0,0.01,0,0.12,0,156.48,0,0,0,0.04,0,0,,0.02,0,43.76,0.71,5.96,44.96,0,0,0,1.57,0.22,39.99,27.56,60.53,,,0,0,0,0,0,2.06,5.492
10,27,10027,2.59,3.14,0,0.06,10.39,0,0.01,0,0.04,0,47.49,0,0,0,0.03,0,0,,0,0,,0,5.05,15.66,2.56,0.42,0,2.83,0.1,12.14,0.31,18.37,,0.25,0,0,0,4.1,0.59,0,7.041
10,28,10028,4.61,5.71,0,0.11,8.63,0.01,0.01,0,0.08,0,86.21,0,0,0,0.01,0,0,,0.02,0,,0,2.23,29.31,6.28,1.3,0,2.35,0.37,22.03,2.52,33.35,,0.25,0,0,0,0,0,0,20.951
10,29,10029,0.39,1.08,0,0.02,2.01,,0,0,0.01,0,16.32,0,0,0,0,0,0,,0,0,,0,0.36,5.68,0,0.01,0,0.55,0.1,4.17,0.09,6.31,,0.25,0,0,0,0,0,0,7.188
10,30,10030,1.45,0.8,0,0.02,9.6,,0,0,0.01,0,12.05,0,0,0,0,0,0,,0,0,,0,0.12,4.36,0,0,0,2.61,0.09,3.08,0,4.66,,,0,0,0,0,0,0,6.569
10,31,10031,2.47,3.46,0,0.07,7.84,,0.01,0,0.05,0,551.51,0,0,0,0,0,0,,0,0,,0,0.44,18.23,2.31,0.01,0,2.14,0.43,13.38,0.23,20.25,,0.25,0,0,0,0,0,0,29.74
10,32,10032,26.02,22.29,5.11,0.43,14.95,0.01,0.09,0,0.03,0,336.74,0,0.03,0.01,0.23,0.02,0,,0.05,0,114.52,4.63,37.27,34.24,35.74,1.03,6.57,4.07,0.76,86.05,154.8,130.27,,0.25,0,0,0,6.05,0.87,2.41,42.725
10,33,10033,3.26,3.72,0,0.07,4.74,0.02,0.01,0,0.05,0,56.16,0,0,0,0.01,0,0,,0.01,0,,0,1.31,19.14,2.13,0.56,0,1.29,0.19,14.35,0.7,21.73,,0.25,0,0,0,0,0,0,12.808
10,34,10034,2.97,13.89,0,0.27,4.31,0,0.01,0,0.15,0,209.86,0,0,0,0.02,0,0,,0.03,0,70.38,0.71,3.5,52.13,3.2,0,0,1.17,0.25,53.63,15.32,81.18,,,0,0,0,0,0,0,0
10,35,10035,5.54,6.23,0.85,0.12,7.96,0.01,0.02,0,0.09,0,94.08,0,0,0,0.03,0,0,,0.01,0,31.27,0.71,5.25,36.54,9.82,0.05,3.28,2.17,0.2,24.04,18.67,36.39,,0.25,0,0,0,1.78,0.26,0,10.001
10,36,10036,7.08,10.67,0.43,0.2,10.77,,0.02,0,0.01,0,161.18,0,0.05,0.02,0.43,0.03,0,,0.02,0,,0,69.86,17.28,5.59,0.04,0.99,2.93,0.18,41.19,2.1,62.35,,,0,0,0,0,0,0.02,13.405
10,37,10037,1.6,4.28,0,0.08,2.59,,0,0,0.05,0,929.37,0,0.01,0,0.06,0,0,,0.01,0,5.65,0.36,10.21,18.99,2.04,0.02,0.66,0.71,0.09,16.54,28.22,25.04,,0.25,0,0,0,0,0,0.01,1.596
10,38,10038,14.45,11.06,3.83,0.21,5.98,,0.08,0,0.15,0,102.47,0,0.01,0,0.09,0.01,0,,0.01,0,,0.71,14.03,69.81,22.92,1.3,4.27,1.63,0.38,42.71,11.59,64.65,,0.25,0,0,0,0,0,0,26.44
10,39,10039,10.4,13.01,1.28,0.25,12.67,,0.05,0,0.02,0,196.54,0,0.02,0.01,0.18,0.01,0,,0.02,0,,0,30,18.84,27.66,0.14,3.61,3.45,0.88,50.23,6.07,76.03,,0.25,0,0,0,0,0,0,58.694
11,1,11001,25.76,31.8,3.4,0.79,3.01,0.01,0.02,0,0.61,0.02,624.97,0,0.02,0.01,0.23,0.01,0,,0.03,0,,0,0,178.29,30.55,1.56,8.54,0.82,149.57,159.71,16.5,241.77,,2.07,0,0,0,1.51,0.22,0.05,56.547
11,2,11002,42.53,41.97,14.04,1.04,4.84,0.01,0.06,0,0.91,0,824.94,0,0.04,0.01,0.42,0.01,0,,0.06,0,,7.13,62.9,270.75,47.66,15.99,25.61,1.32,68.22,210.82,35.12,319.13,,2.07,0,0,0,5.1,0.74,0.39,24.181
11,3,11003,50.89,57.46,14.04,1.43,4.16,0.01,0.09,0.01,1.06,0,1129.23,0.01,0.09,0.02,0.83,0.02,0,,0.11,0,22.76,25.66,0,323.46,0,2.09,14.78,1.13,71.64,288.58,55.35,436.84,,2.07,0,0,0,4.9,0.71,0.08,20.896
11,4,11004,0.87,23.9,3.4,0.6,1.75,0,0.03,0,0.05,0,469.71,0,0.03,0.01,0.27,0.01,0,,0.02,0,5.34,0,39.97,25.1,27.51,0.98,7.55,0.48,66.92,120.04,24.77,181.71,,2.07,0,0,0,0,0,0.01,31.343
11,5,11005,8.9,30.47,2.98,0.76,1.21,,0.02,0,0.6,0,598.78,0,0.13,0.03,1.21,0.03,0,,0.03,0,,1.07,179.33,178,30.04,0.3,1.64,0.33,41.71,153.02,59.89,231.63,,2.07,0,0,0,3.23,0.47,0.34,18.898
11,6,11006,0.08,2.08,0,0.05,0,,0,0,0.04,0,40.82,0,0,0,0,0,0,,0.01,0,,0,0.12,11.95,0,0,0,0,2.11,10.43,0.02,15.79,,,0,0,0,0,0,0,0
11,7,11007,14.47,171.54,265.55,4.27,2.85,,0.35,0.02,3.66,0,3371.28,0.02,0.74,0.15,7.01,0.15,0.0002,,0.13,0,9.35,58.44,1042.44,1135.98,277.68,8.41,113.29,0.78,74.37,861.54,425.35,1304.17,,2.07,0,0,0,4.17,0.6,3.25,35.105
11,8,11008,0.52,14.15,2.13,0.35,3.66,0,0.01,0,0.03,0,278.16,0,0.01,0,0.11,0,0,,0.02,0,5.76,0.36,16.09,14.96,18.22,1,4.27,1,95.55,71.08,9.65,107.61,,2.07,0,0,0,0,0,0,37.208
11,9,11009,2.7,28.95,1.7,0.72,0.87,,0.02,0,0.52,0,568.99,0,0.02,0,0.16,0,0,,0.03,0,,0.36,23.8,153.56,15.86,2.41,5.58,0.24,51.55,145.41,9.39,220.11,,2.07,0,0,0,1.44,0.21,0.2,23.821
11,10,11010,2.22,4.53,0,0.11,0.57,,0.01,0,0.1,0,88.95,0,0.01,0,0.09,0,0,,0.02,0,,0.36,13.95,29.62,8.46,0.13,2.96,0.15,7.88,22.73,1.97,34.41,,,0,0,0,0,0,0,3.726
11,11,11011,5.35,34.31,8.51,0.85,1.2,0,0.05,0,0.66,0,674.27,0,0.06,0.01,0.59,0.01,0,,0.02,0,,5.34,87.66,199.87,30.64,1.07,12.15,0.33,54.64,172.31,27.73,260.84,,2.07,0,0,0,0,0,0.01,21.949
11,12,11012,0.36,9.88,0.85,0.25,0.95,0,0.01,0,0.2,0,194.23,0,0.01,0,0.05,0,0,,0.02,0,19.51,0,7.03,59.16,0,0.19,1.97,0.26,29.78,49.64,5.43,75.14,,2.07,0,0,0,0,0,0,11.275
11,13,11013,0.32,8.79,0,0.22,1.04,0.01,0,0,0.16,0,172.7,0,0,0,0.03,0,0,,0,0,,0,4.21,46.83,7.76,0.62,0,0.28,30.62,44.13,1.48,66.81,,,0,0,0,0,0,0,14.076
11,14,11014,2.03,55.54,17.45,1.38,5.5,0,0.05,0,0.1,0,1091.48,0.01,0.1,0.02,0.93,0.02,0,,0.1,0,1.1,7.84,137.96,54.45,0,2.02,13.46,1.5,77.27,278.93,37.45,422.23,,2.07,0,0,0,5.07,0.73,0.29,26.797
11,15,11015,59.71,63.26,15.75,1.57,4.34,0,0.09,0.01,1.25,0,1243.26,0.01,0.04,0.01,0.36,0.01,0,,0.09,0,21.7,18.17,53.96,375.36,88.22,2.85,30.21,1.18,19.81,317.72,52.13,480.95,36.26,2.07,0,0,0,0,0,12.93,5.82
11,16,11016,0.28,7.61,0.85,0.19,1.07,0,0.01,0,0.02,0,149.62,0,0,0,0.03,0,0,,0.01,0,0.45,0,3.85,7.26,12.12,0.55,1.97,0.29,32.26,38.23,3.76,57.88,,2.07,0,0,0,0,0,0,11.435
11,17,11017,300.11,191.02,169.37,4.76,3.65,0,0.34,0.02,3.77,0,3754.19,0.02,0.54,0.11,5.11,0.11,0.0001,,0.15,0,11.12,137.54,759.96,1157.98,273.65,114.42,92.93,0.99,174.94,959.39,194.27,1452.29,,2.07,0,0,0,3.96,0.57,2.46,66.138
11,18,11018,0.48,13.11,0.43,0.33,0.8,,0.01,0,0.27,0,257.63,0,0.01,0,0.07,0,0,,0.01,0,,1.78,10.65,80.31,11.24,0.34,2.63,0.22,40.6,65.84,7.02,99.66,,2.07,0,0,0,0,0,0.04,17.27
11,19,11019,0.7,19.03,2.13,0.47,3.01,0,0.01,0,0.41,0,374.01,0,0.01,0,0.05,0,0,,0.04,0,,0.71,7.03,117.34,13.13,0.78,4.6,0.82,73.09,95.58,4.08,144.69,,2.07,0,0,0,0,0,0.01,34.542
11,20,11020,648.16,527.18,590.26,13.12,4.64,0.03,0.97,0.07,10.2,0,10360.94,0.05,2.69,0.55,25.41,0.56,0.0005,,0.66,0,15.82,178.52,3779.39,3198.52,742.35,36.95,308.02,1.26,103.58,2647.76,596.77,4008.08,,2.07,0,0,0,2.37,0.34,14.13,42.83
11,21,11021,84.34,19.28,32.77,0.48,0.91,,0.07,0,0.44,0,378.99,0,0.11,0.02,1.01,0.02,0,,0,0,,14.25,150.24,143.16,23.25,2.44,12.48,0.25,7.84,96.85,26.63,146.61,,,0,0,0,0,0,0.01,1.853
11,22,11022,0.31,8.49,0,0.21,1.69,0,0.01,0,0.16,0,166.83,0,0,0,0.03,0,0,,0.02,0,5.52,0,4.73,46.52,9.08,0.22,1.31,0.46,78.26,42.63,2.57,64.54,,2.07,0,0,0,0,0,0,18.493
11,23,11023,14.38,56.99,6.81,1.42,6.91,0,0.05,0,1.15,0,1119.98,0.01,0.09,0.02,0.87,0.02,0,,0.1,0,11.09,2.49,128.9,339.39,60.43,8.95,26.27,1.88,234.16,286.21,41.2,433.26,,2.07,0,0,0,6.1,0.88,0.62,77.465
11,24,11024,0.15,4.02,0.43,0.1,0.25,,0.01,0,0.08,0,79.04,0,0,0,0.03,0,0,,0.01,0,,0,3.77,25.29,10.6,1.73,0.99,0.07,12.72,20.2,2.34,30.58,,2.07,0,0,0,0,0,0,5.111
11,25,11025,0.84,23.06,65.96,0.57,1.04,0,0.01,0,0.43,0,453.24,0,0.12,0.02,1.12,0.02,0,,0.01,0,,0,166.89,130.5,8.24,0.14,1.64,0.28,53.89,115.83,5.61,175.33,,2.07,0,0,0,0.83,0.12,0.07,21.243
11,26,11026,0.76,20.86,0,0.52,1.66,0,0.02,0,0.4,0,410.03,0,0.01,0,0.12,0,0,,0.03,0,0.77,1.07,17.88,116.47,14.01,0.43,3.94,0.45,83.42,104.78,7.84,158.62,,2.07,0,0,0,0,0,0,36.592
11,27,11027,171.61,96.36,45.54,2.4,3.4,0,0.14,0.01,2.05,0,1893.89,0.01,0.32,0.07,3.05,0.07,0.0001,,0.07,0,,15.32,453.79,620.37,123.35,8.07,44.66,0.93,160.21,483.99,86.06,732.64,,2.07,0,0,0,1.81,0.26,0.94,60.569
11,28,11028,1.39,38.12,11.92,0.95,2.71,0.01,0.05,0,0.82,0,749.14,0,0.05,0.01,0.47,0.01,0,,0.05,0,,4.63,70.53,244.4,39.68,1.76,10.51,0.74,92.79,191.44,22.33,289.8,,2.07,0,0,0,1.4,0.2,0.09,35.179
11,29,11029,0.52,14.19,0,0.35,1.99,0,0.01,0,0.27,0,278.88,0,0.01,0,0.05,0,0,,0.01,0,32.04,0,8.11,77.06,15.51,0.19,0.99,0.54,30.1,71.27,1.25,107.88,,,0,0,0,2.81,0.41,0,8.885
11,30,11030,1.45,39.55,4.26,0.98,5.79,0.01,0.03,0,0.69,0,777.39,0,0.02,0,0.15,0,0,,0.07,0,19.53,2.14,22.33,203.16,24.18,1.02,6.24,1.58,173.46,198.66,15.72,300.73,,2.07,0,0,0,4.76,0.69,0.02,47.099
11,31,11031,1.56,42.57,41.28,1.06,1.85,0.03,0.06,0,0.82,0,836.74,0,0.3,0.06,2.82,0.06,0.0001,,0.03,0,,4.99,419.85,257.55,69.86,5.2,14.78,0.5,62.62,213.83,38.73,323.69,,2.07,0,0,0,0,0,1.64,25.732
11,32,11032,0.89,24.43,3.4,0.61,2.62,0,0.03,0,0.47,0,480.05,0,0.12,0.02,1.14,0.03,0,,0.01,0,,2.85,170.19,144.69,56.89,1.63,10.18,0.71,48.82,122.68,22.47,185.7,,,0,0,0,2.18,0.31,6.04,22.937
11,33,11033,6.86,41.81,93.2,1.04,3.52,0,0.05,0,0.73,0,821.77,0,0.03,0.01,0.33,0.01,0,,0.06,0,,2.49,49.03,218.2,51.41,1.94,19.7,0.96,54.33,210,22.07,317.9,,,0,0,0,5.29,0.76,0.98,25.253
11,34,11034,1.09,1.87,0,0.05,1.59,,0,0,0.04,0,36.84,0,0,0,0.01,0,0,,0.01,0,,0,1.11,11.05,3.26,0.07,0,0.43,2.11,9.41,0.27,14.25,,,0,0,0,0,0,0,0.548
11,35,11035,3.11,29.01,5.11,0.72,1.43,0,0.03,0,0.52,0,570.08,0,0.05,0.01,0.48,0.01,0,,0.03,0,2.76,1.43,71.21,157.16,28.95,0.99,7.22,0.39,50.87,145.69,13.12,220.53,,2.07,0,0,0,0,0,0.13,23.821
11,36,11036,0.1,2.64,0,0.07,0.71,,0,0,0.06,0,51.79,0,0,0,0.01,0,0,,0.01,0,,0,1.51,17.75,1.72,0.03,0,0.19,12.3,13.24,0.94,20.04,,2.07,0,0,0,0,0,0,4.071
11,37,11037,2.22,60.68,13.62,1.51,3.21,0.01,0.07,0,1.09,0,1192.67,0.01,0.29,0.06,2.76,0.06,0.0001,,0.04,0,5.52,8.2,410.04,335.94,67.81,4.26,17.73,0.87,56.74,304.79,66.14,461.38,,2.07,49.498,9.332,0,3.23,0.47,0.4,23.362
11,38,11038,0.15,4.23,2.98,0.11,0.28,,0,0,0.09,0,83.11,0,0,0,0.03,0,0,,0.02,0,,0.36,4.13,27.11,4.94,0.44,0.33,0.08,16.58,21.24,3.53,32.15,,2.07,0,0,0,0.78,0.11,0.09,4.702
11,39,11039,0.5,13.62,0.85,0.34,1.78,0,0.01,0,0.3,0,267.63,0,0.01,0,0.11,0,0,,0.03,0,,0,17.01,87.68,10.96,0.3,2.96,0.48,39.62,68.39,5.5,103.53,,2.07,0,0,0,0.97,0.14,0.02,18.725
11,40,11040,0.24,6.66,0.43,0.17,0.52,,0,0,0.12,0,130.81,0,0,0,0.01,0,0,,0.01,0,,0,1.75,33.49,0,0.04,0,0.14,2.93,33.43,1.18,50.6,,,0,0,0,0,0,0.01,0.831
11,41,11041,0.8,21.89,14.47,0.55,0.52,0.02,0.05,0,0.48,0,430.27,0,0.05,0.01,0.47,0.01,0,,0.07,0,,0.71,69.3,147.08,37.88,2.92,11.49,0.14,6.26,109.96,21.09,166.45,,,0,0,0,0,0,0.02,1.479
11,42,11042,1.93,52.77,8.51,1.31,3.55,0.02,0.05,0,1.04,0,1037.2,0,0.03,0.01,0.24,0.01,0,,0.02,0,,3.21,35.96,307.28,43.75,1.22,20.03,0.97,176.67,265.06,27.97,401.24,,2.07,0,0,0,0,0,0.26,66.79
11,43,11043,2.34,7.88,0.85,0.2,1.91,0,0,0,0.15,0,154.93,0,0,0,0.01,0,0,,0,0,,0,1.99,42.13,5.4,0.1,0,0.52,11.83,39.59,1.15,59.94,,,0,0,0,0,0,0,1.347
11,44,11044,2.8,20.48,0.85,0.51,0.69,,0.02,0,0.39,0,402.52,0,0.13,0.03,1.2,0.03,0,,0,0,,1.07,178.61,120.29,15.78,0.27,3.94,0.19,51.2,102.86,28.56,155.71,,2.07,0,0,0,1.48,0.21,0.51,20.568
11,45,11045,2.21,4.37,0,0.11,2.05,,0,0,0.08,0,85.87,0,0,0,0.01,0,0,,0.01,0,,0,0.75,24.42,0,0.02,0.66,0.56,10.45,21.94,0.52,33.22,,,0,0,0,0,0,0,0.247
11,46,11046,0.96,26.17,0.85,0.65,3.12,0,0.03,0,0.57,0,514.34,0,0.02,0,0.18,0,0,,0.02,0,,4.99,26.82,167.58,27.8,5.31,10.84,0.85,52.9,131.44,9.66,198.97,,2.07,0,0,0,0,0,0.09,16.248
12,1,12001,566.66,132.66,167.67,7.37,12.03,0,0.4,0,3.44,0,1228.38,0.03,0.19,0.02,0,0,0,,0.2,0.01,76.66,138.97,260.47,1819.51,440.01,8.9,168.46,3.28,58.46,1486.96,202.74,2250.91,4.33,,44.036,6.427,4.292,0,0,5.64,1.214
12,2,12002,0.12,4.26,0,0.24,6.11,,0,0,0.01,0,186.66,0,0,0,0,0,0,,0.01,0,,0,0.72,4.54,0,0,0.66,1.66,9.81,47.7,0.56,72.21,,,0,0,0,0,0,0,0.326
12,3,12003,0.2,6.93,0,0.38,13.5,0,0.01,0,0.15,0,303.79,0,0.01,0,0,0,0,,0.01,0,3.76,0,11.17,75.8,4.21,0.61,0.99,3.67,30.83,77.64,2.4,117.52,,,0,0,0,0,0,0.02,0.965
12,4,12004,0.09,3,0,0.17,2.96,,0,0,0.05,0,131.63,0,0,0,0,0,0,,0.02,0,,0,0.68,27.62,0,0.03,0.33,0.81,6.92,33.64,0.28,50.92,,,0,0,0,0,0,0,0.23
12,5,12005,0.03,1.08,0,0.06,0.74,,0,0,0.03,0,47.41,0,0,0,0,0,0,,0,0,,0,0.99,12.95,0,0.03,0,0.2,2.15,12.12,0.27,18.34,,,0,0,0,0,0,0,0.041
12,6,12006,0.07,2.29,0.43,0.13,4.4,,0,0,0.05,0,100.37,0,0,0,0,0,0,,0,0,,0,3.85,27.46,5.35,0.6,2.3,1.2,7.38,25.65,3.19,38.83,,,0,0,0,0,0,0,0.219
12,7,12007,0.17,5.8,2.98,0.32,5.38,0,0.01,0,0.14,0,254.56,0,0.01,0,0,0,0,,0.02,0,,0.71,14.46,72.05,21.36,0.4,7.88,1.46,14.8,65.05,8.33,98.47,,,0,0,0,0,0,0,0.407
12,8,12008,0.04,1.41,0,0.08,4.34,,0,0,0.03,0,62,0,0,0,0,0,0,,0,0,,0,1.31,17.68,2.96,0.01,0.66,1.18,4.64,15.84,0.45,23.98,,,0,0,0,0,0,0,0.162
12,9,12009,0.03,0.95,0,0.05,0.64,,0,0,0.02,0,41.69,0,0,0,0,0,0,,0,0,1.37,0,0,9.64,9.97,0,0,0.17,3.06,10.65,0,16.13,,,0,0,0,0,0,0,0.101
12,10,12010,0.12,4.32,0,0.24,4.05,,0,0,0.09,0,189.46,0,0,0,0,0,0,,0,0,20.96,0,1.83,45.57,0,0.05,0,1.1,6.34,48.42,1.18,73.29,,,0,0,0,0,0,0,0.208
12,11,12011,16.71,10.8,3.4,0.6,10.16,,0.01,0,0.28,0,473.85,0,0.01,0,0,0,0,,0.05,0,67.29,0,12.87,143.62,24.12,0.29,6.9,2.77,89.88,121.09,10.7,183.31,,,0,0,0,0,0,0,0.81
12,12,12012,4.8,10.35,0,0.57,7.38,,0.01,0,0.21,0,453.76,0,0.01,0,0,0,0,,0.02,0,12.36,0,7.35,105.24,9.17,0.21,3.28,2.01,39.04,115.96,3.29,175.53,,,0,0,0,0,0,0,0.546
12,13,12013,0.07,2.49,0,0.14,5.99,,0,0,0.06,0,109.02,0,0,0,0,0,0,,0,0,,0,2.62,31.04,10.07,0.12,0.66,1.63,23.61,27.86,1.74,42.17,,,0,0,0,0,0,0,0.243
12,14,12014,4.18,2.67,0,0.15,1.65,0,0,0,0.01,0,117.09,0,0,0,0,0,0,,0.01,0,,0,5.28,4.65,0,0.12,1.97,0.45,16.57,29.92,2.04,45.3,,,0,0,0,0,0,0,0.082
12,15,12015,0.06,2.25,0.85,0.12,2.1,,0,0,0.06,0,98.48,0,0.04,0,0,0,0,,0,0,1.93,2.49,57.18,31.43,5.72,0.22,1.31,0.57,1.91,25.17,2.69,38.1,,,0,0,0,2.19,0.32,0.11,0.068
12,16,12016,0.07,2.46,0,0.14,17.18,,0,0,0.06,0,107.74,0,0,0,0,0,0,,0.02,0,,0,0.87,29.23,0,0.02,0,4.68,11.28,27.53,0.82,41.68,,,0,0,0,0,0,0,0.315
12,17,12017,0.07,2.57,0,0.14,3.14,,0,0,0.07,0,112.55,0,0,0,0,0,0,,0,0,,0,5.09,34.46,4.12,0.14,0.66,0.85,8.96,28.76,1.36,43.54,,,0,0,0,2.47,0.36,0,0.253
12,18,12018,3.34,2.2,2.55,0.12,2.16,,0,0,0.05,0,96.44,0,0,0,0,0,0,,0.01,0,,0,3.89,27.66,4.77,0.12,3.28,0.59,15.4,24.64,2.04,37.31,,,0,0,0,0,0,0.01,0.165
12,19,12019,3.35,2.54,0,0.14,5.57,,0,0,0.05,0,111.44,0,0.07,0.01,0,0,0,,0,0,,0,95.05,25.14,0,0.1,0,1.52,5.39,28.48,0.55,43.11,,,0,0,0,0,0,0,0.18
12,20,12020,0.09,3.2,0,0.18,2.18,,0,0,0.06,0,140.54,0,0,0,0,0,0,,0.01,0,,0,1.43,32.18,0,0.1,0,0.59,5.65,35.92,0.1,54.37,,,0,0,0,0,0,0.01,0.188
12,21,12021,3.85,12.76,3.83,0.71,12.81,0,0.01,0,0.32,0,687.25,0,0.01,0,0,0,0,,0.01,0,104.86,0,10.17,165.2,10.41,0.36,1.97,3.49,56.41,143.08,3.82,216.58,,,0,0,0,0,0,0.05,1.048
12,22,12022,0.22,7.76,0,0.43,24.25,0,0,0,0.19,0,340.27,0,0.01,0,0,0,0,,0.07,0,12.65,0,8.46,97.77,12.18,0.13,4.93,6.6,34.69,86.96,5.06,131.63,,,0,0,0,0,0,0.47,1.167
12,23,12023,0.12,4.35,0,0.24,4.41,,0.01,0,0.1,0,190.81,0,0.01,0,0,0,0,,0.01,0,,1.43,9.06,53.38,12.49,0.24,8.87,1.2,38.85,48.76,5.66,73.81,,,0,0,0,0,0,0,0.234
12,24,12024,0.04,1.26,0,0.07,1.65,,0,0,0.03,0,55.25,0,0,0,0,0,0,,0,0,,0,0.4,14.51,0,0,0,0.45,3.62,14.12,0.07,21.37,,,0,0,0,0,0,0,0.121
12,25,12025,0.08,2.69,0,0.15,2.14,,0,0,0.06,0,117.98,0,0,0,0,0,0,,0,0,,0,1.19,29.89,0,0.09,0,0.58,16.51,30.15,0.28,45.64,,,0,0,0,0,0,0,0.372
12,26,12026,0.05,1.64,0,0.09,2.64,,0,0,0.04,0,71.95,0,0,0,0,0,0,,0,0,,0,0.99,21.09,0,0,0,0.72,4.84,18.39,0.07,27.84,,,0,0,0,0,0,0,0.151
12,27,12027,0.11,3.83,0,0.21,9.4,0,0,0,0.1,0,168.05,0,0,0,0,0,0,,0,0,,0.71,4.53,53,8.85,0.11,1.97,2.56,16.61,42.95,2.37,65.01,,,0,0,0,0,0,0,0.564
12,28,12028,0.55,19.43,2.55,1.08,6.19,,0.02,0,0.42,0,852.38,0,0.04,0,0,0,0,,0.04,0,2.37,1.78,60.12,217.54,26.89,0.6,7.88,1.68,24.45,217.83,95.52,329.74,,,0,0,0,0,0,0.04,0.781
12,29,12029,1.13,39.59,46.39,2.2,15.2,0,0.09,0,0.93,0,1736.59,0.01,0.05,0,0,0,0,,0.13,0,601.39,27.44,71.29,487.38,148.17,2.18,43.35,4.14,17.33,443.79,69.52,671.79,,,0,0,0,0,0,1.91,0.545
12,30,12030,0.1,3.46,0.43,0.19,1.73,,0,0,0.08,0,151.7,0,0,0,0,0,0,,0,0,,0,3.42,39.78,6.57,0.05,0.33,0.47,22.44,38.77,1.49,58.68,,,0,0,0,0,0,0,0.208
12,31,12031,0.03,1.18,0,0.07,1.85,,0,0,0.03,0,51.83,0,0,0,0,0,0,,0,0,,0,0.72,13.8,0,0.03,0,0.5,5.65,13.25,0.3,20.05,,,0,0,0,0,0,0,0.175
12,32,12032,0.18,6.39,0,0.35,11.49,,0,0,0.12,0,280.12,0,0,0,0,0,0,,0.02,0,20.64,0,3.06,62.77,0,0.13,1.64,3.13,22.8,71.58,2.07,108.36,,,0,0,0,0,0,0,0.743
12,33,12033,0.07,2.55,0,0.14,1.97,0,0,0,0.06,0,111.92,0,0,0,0,0,0,,0.01,0,4.01,0,2.78,32.21,5.26,0.04,0.33,0.53,5.16,28.6,0.73,43.3,,,0,0,0,0,0,0,0.138
12,34,12034,0.18,6.48,0.43,0.36,9.28,,0.01,0,0.17,0,284.18,0,0.02,0,0,0,0,,0.04,0,24.53,0.71,28.97,89.1,9.7,0.34,4.6,2.53,16.14,72.62,6.66,109.93,,,0,0,0,0,0,0.05,0.528
12,35,12035,0.68,23.74,18.72,1.32,3.96,0,0.08,0,0.6,0,1041.24,0,0.06,0.01,0,0,0,,0.07,0,,9.26,86.31,320.87,88.42,1.99,44.99,1.08,11.93,266.09,61.66,402.8,,,0,0,0,1.37,0.2,0.17,0.358
12,36,12036,0.05,1.91,0,0.11,1.24,,0,0,0.04,0,83.6,0,0,0,0,0,0,,0,0,,0,1.55,20.29,2.06,0.14,0,0.34,27.03,21.36,0.32,32.34,,,0,0,0,0,0,0.03,0.207
12,37,12037,0.03,1.13,0,0.06,1.5,,0,0,0.03,0,49.48,0,0,0,0,0,0,,0,0,,0,6.04,14.11,0,0.04,0.33,0.41,3.17,12.65,1.37,19.14,,,0,0,0,0,0,0.01,0.099
12,38,12038,121.08,19.33,14.04,1.07,10.01,0,0.07,0,0.53,0,848.02,0,0.03,0,0,0,0,,0.07,0,,14.61,40.13,282.18,82.48,0.76,19.37,2.72,20.42,216.71,75.02,328.05,,,19.187,2.939,0,0,0,0.2,0.42
12,39,12039,0.12,4.21,0,0.23,2.83,0,0.01,0,0.1,0,184.87,0,0.01,0,0,0,0,,0,0,27.93,0.71,11.36,52.75,9.09,0.23,2.96,0.77,16.7,47.24,4.49,71.52,,,0,0,0,0,0,0.1,0.312
12,40,12040,0.12,4.25,0,0.24,4.96,0,0,0,0.09,0,186.31,0,0.08,0.01,0,0,0,,0.02,0,6.6,0.36,110.9,45.79,4.41,0.06,1.31,1.35,13.89,47.61,85.92,72.07,,,0,0,0,0,0,0,0.45
12,41,12041,0.14,4.92,0,0.27,5.42,,0,0,0.1,0,215.74,0,0,0,0,0,0,,0.02,0,31.2,0,0.24,48.83,0,0,0,1.48,19.52,55.13,0.03,83.46,,,0,0,0,0,0,0,0.309
12,42,12042,0.08,2.82,0,0.16,4.35,0,0,0,0.06,0,123.8,0,0,0,0,0,0,,0,0,3.57,0,1.27,32.19,0,0.03,0,1.18,5.76,31.64,0.49,47.89,,,0,0,0,0,0,0,0.195
12,43,12043,0.09,3.22,0,0.18,8.22,,0,0,0.06,0,141.04,0,0,0,0,0,0,,0.01,0,3.36,0,0.16,31.52,0,0,0,2.24,9.35,36.04,0.22,54.56,,,0,0,0,0,0,0,0.269
12,44,12044,0.06,1.98,0,0.11,3.6,,0,0,0.05,0,86.81,0,0,0,0,0,0,,0,0,52.23,0.71,1.43,24.84,0,0.06,0,0.98,6.18,22.19,0.16,33.58,,,0,0,0,0,0,0,0.168
12,45,12045,0.12,4.15,0.43,0.23,4.95,,0,0,0.09,0,181.89,0,0,0,0,0,0,,0.02,0,,0,5.96,44.03,0,0.04,0,1.35,7.61,46.48,17.72,70.36,,,0,0,0,0,0,0,0.28
12,46,12046,1.93,10.22,4.68,0.57,4.26,,0.01,0,0.23,0,448.16,0,0.02,0,0,0,0,,0.06,0,,1.43,29.56,116.4,20.69,0.66,5.91,1.16,40.97,114.53,13.72,173.37,,,0,0,0,0,0,0.03,0.601
12,47,12047,1.27,1.29,0,0.07,2.18,,0,0,0.03,0,56.64,0,0,0,0,0,0,,0,0,,0,0.28,14.3,0,0.01,0,0.59,5.33,14.47,0.04,21.91,,,0,0,0,0,0,0,0.172
12,48,12048,1.96,8.22,1.28,0.46,13.88,,0.01,0,0.2,0,360.62,0,0.01,0,0,0,0,,0.01,0,7,2.85,15.38,106.06,13.85,0.44,7.55,3.78,36.01,92.16,10.01,139.5,,,0,0,0.126,0,0,0.09,0.557
12,49,12049,0.06,2.04,0.43,0.11,1.07,,0,0,0.05,0,89.46,0,0.01,0,0,0,0,,0.01,0,,0,8.19,27.17,0,0.03,0,0.29,5.06,22.86,0.63,34.61,,,0,0,0,0,0,0.06,0.176
12,50,12050,0.19,6.74,4.68,0.37,0.91,,0.03,0,0.02,0,295.62,0,0.03,0,0,0,0,,0,0,0.22,4.28,42.95,13.63,37.27,0.45,19.37,0.25,3.54,75.55,23.6,114.36,,,0,0,0,0,0,0,0.096
12,51,12051,0.18,6.17,0,0.34,5.78,,0,0,0.14,0,270.49,0,0,0,0,0,0,,0.02,0,7.6,0,2.54,69.18,4.12,0.16,1.31,1.57,15.69,69.12,1.28,104.64,,,0,0,0,0,0,0,0.502
12,52,12052,3.09,7.74,0,0.43,7.53,0,0,0,0.15,0,339.54,0,0,0,0,0,0,,0.02,0,12.56,0,6.16,76.48,4.91,0.29,1.97,2.05,43.38,86.77,3.02,131.35,,,0,0,0,0,0,0,0.969
12,53,12053,0.24,8.31,1.28,0.46,8.41,,0.01,0,0.2,0,364.46,0,0.01,0,0,0,0,,0,0,,0.71,12,103.22,14.58,0.39,5.58,2.29,58.27,93.14,5.18,140.99,,,0,0,0,0,0,0,1.128
12,54,12054,0.14,5,0,0.28,17.19,,0,0,0.1,0,219.15,0,0,0,0,0,0,,0,0,26.71,0,2.3,50.51,3.66,0.12,0,4.68,19.62,56,1.2,84.78,,,0,0,0,0,0,0.01,0.621
12,55,12055,0.52,18.27,19.58,1.02,4.55,0,0.05,0,0.46,0,801.37,0,0.2,0.02,0,0,0,,0.04,0,,2.85,279.23,242.95,35.04,0.96,14.78,1.24,11.71,204.79,164.44,310.01,,,0,0,0,0,0,3.24,0.378
12,56,12056,2.27,7.88,0,0.44,4.85,,0,0,0.17,0,345.5,0,0,0,0,0,0,,0.01,0,25.58,0,3.54,84.61,5.22,0.07,0.33,1.32,32.11,88.29,2.01,133.65,,,0,0,0,0,0,0,0.432
12,57,12057,2.35,10.69,2.13,0.59,19.29,0,0.02,0,0.29,0,468.95,0,0.04,0,0,0,0,,0.02,0,96.46,0.71,50.66,149.57,32.18,0.44,7.88,5.25,66.06,119.84,149.89,181.41,,,0,0,0,0,0,0,0.581
12,58,12058,0.27,9.55,2.98,0.53,7.03,0,0.01,0,0,0,418.78,0,0.01,0,0,0,0,,0.01,0,,1.78,14.11,3.81,23.26,3.27,10.18,1.91,17.43,107.02,7.94,162,,,0,0,0,0,0,0.03,0.534
12,59,12059,0.15,5.36,0,0.3,5.96,0,0,0,0.14,0,235,0,0.02,0,0,0,0,,0.02,0,,0,24.72,71.46,10.94,0.16,1.31,1.62,11.45,60.06,1.33,90.91,,,0,0,0,0,0,0.05,0.358
12,60,12060,8.27,2.35,0,0.13,1.59,,0,0,0.01,0,102.97,0,0,0,0,0,0,,0,0,19.3,0,5.28,3.03,0,0.04,0,0.43,4.38,26.31,1.72,39.83,,,0,0,0,0,0,0,0.136
12,61,12061,0.2,6.89,0,0.38,2.69,,0.01,0,0.02,0,302.38,0,0.01,0,0,0,0,,0.01,0,5.5,1.78,11.8,9.98,14.02,0.38,3.61,0.73,5.01,77.27,7.11,116.97,,,0,0,0,0,0,0.34,0.154
12,62,12062,0.1,3.34,0,0.19,5.88,,0,0,0.06,0,146.36,0,0.01,0,0,0,0,,0,0,1.19,0,14.31,32.15,0,0.16,0.33,1.6,18.12,37.4,1.57,56.62,,,0,0,0,0,0,0,0.382
12,63,12063,0.05,1.61,0,0.09,1.93,,0,0,0.03,0,70.79,0,0,0,0,0,0,,0.01,0,,0,0.48,17.24,0,0.04,0,0.53,2.79,18.09,0.04,27.39,,,0,0,0,0,0,0,0.084
12,64,12064,0.06,2.09,0,0.12,2.82,,0,0,0.06,0,91.49,0,0,0,0,0,0,,0,0,,0,5.96,29.19,3.21,0.09,1.31,0.77,7.29,23.38,1.56,35.39,,,0,0,0,0,0,0,0.229
12,65,12065,0.03,1.21,0,0.07,0.8,,0,0,0,0,52.97,0,0,0,0,0,0,,0,0,,0,0.6,0.37,1.08,0.01,0,0.22,3.16,13.54,0.1,20.49,,,0,0,0,0,0,0,0.105
12,66,12066,0.35,12.15,2.55,0.68,4.26,0,0.02,0,0.25,0,533.11,0,0.01,0,0,0,0,,0.11,0,24.09,1.43,14.19,129.53,29.45,0.36,12.48,1.16,11.26,136.24,17.88,206.23,,,0,0,0,0,0,0.08,0.311
12,67,12067,0.11,3.88,0,0.22,2.01,,0,0,0.09,0,170.15,0,0.01,0,0,0,0,,0,0,,0.36,8.74,48.45,4.13,1.09,1.31,0.55,8.38,43.48,2.34,65.82,,,0,0,0,0,0,0,0.289
12,68,12068,0.13,4.66,0,0.26,12.95,0,0,0,0.12,0,204.53,0,0,0,0,0,0,,0.01,0,1.09,0.71,2.3,59.62,14.54,0.06,0.66,3.52,20.2,52.27,1.1,79.12,,,0,0,0,0,0,0,0.318
12,69,12069,0.07,2.33,0,0.13,1.6,,0,0,0,0,102.26,0,0,0,0,0,0,,0,0,,0,0.2,2.37,0,0,0,0.44,2.16,26.13,0.01,39.56,,,0,0,0,0,0,0,0.072
12,70,12070,0.04,1.29,0,0.07,1.96,,0,0,0,0,56.79,0,0,0,0,0,0,,0.01,0,,0,0.83,1.91,2,0.01,0,0.53,1.56,14.51,0.18,21.97,,,0,0,0,0,0,0,0.05
12,71,12071,0.13,4.65,0.43,0.26,3.25,,0,0,0.1,0,204.12,0,0.01,0,0,0,0,,0.01,0,,0,15.26,50.99,0,0.24,0,0.88,14.94,52.16,2.92,78.96,,,0,0,0,0,0,0,0.361
12,72,12072,0.05,1.77,0,0.1,1.57,,0,0,0.04,0,77.83,0,0,0,0,0,0,,0,0,,0,0.2,18.98,0,0.02,0,0.43,2.61,19.89,0,30.11,,,0,0,0,0,0,0,0.086
12,73,12073,0.11,3.71,1.7,0.21,15.21,,0,0,0.09,0,162.56,0,0,0,0,0,0,,0,0,,1.43,3.14,46.5,4.47,0.08,0.66,4.14,20.83,41.54,1.48,62.89,,,0,0,0,0,0,0,0.708
12,74,12074,0.1,3.64,0,0.2,2.11,,0,0,0.08,0,159.85,0,0,0,0,0,0,,0,0,,0,6.36,40.98,0,0.04,0,0.57,8.45,40.85,0.71,61.84,,,0,0,0,0,0,0,0.271
12,75,12075,0.21,7.45,0.43,0.41,8.91,0.01,0.01,0,0.16,0,326.92,0,0.05,0,0,0,0,,0.02,0,15.82,1.78,64.89,81.02,10.04,0.19,1.31,2.43,11.01,83.55,5.09,126.47,,,0,0,0,0,0,1.89,0.363
12,76,12076,0.15,5.27,0,0.29,4.42,,0,0,0.11,0,231.24,0,0,0,0,0,0,,0.02,0,,0,0.16,54.67,0,0,0,1.2,6.74,59.09,0.03,89.45,,,0,0,0,0,0,0,0.215
12,77,12077,0.06,2.18,0.85,0.12,0,,0,0,0.05,0,95.67,0,0,0,0,0,0,,0,0,,0.71,3.74,27.31,0,0.1,0.66,0,10.17,24.45,4.05,37.01,,,0,0,0,0,0,0,0
12,78,12078,0.08,2.88,0,0.16,0,,0,0,0.06,0,126.24,0,0,0,0,0,0,,0,0,,0,0,28.11,0,0,0,0,0,32.26,0,48.83,,,0,0,0,0,0,0,0
12,79,12079,0.08,2.67,0,0.15,0,,0,0,0.01,0,116.93,0,0,0,0,0,0,,0,0,,0,0.52,2.66,0,0.01,0,0,0,29.88,0,45.23,,,0,0,0,0,0,0,0
12,80,12080,0.03,1.15,0,0.06,0,,0,0,0.03,0,50.59,0,0,0,0,0,0,,0,0,,0,0,14.37,0,0,0,0,0,12.93,0,19.57,,,0,0,0,0,0,0,0
12,81,12081,0.05,1.86,0,0.1,0,,0,0,0.04,0,81.38,0,0,0,0,0,0,,0,0,,0,0,19.43,0,0,0,0,0,20.8,0,31.48,,,0,0,0,0,0,0,0
13,1,13001,3.07,7.25,0,0.18,2.28,0,0.01,0,0.19,0.01,145.22,0,0,0,0.02,0,0,,0.01,0,2.59,0.36,5.64,48.48,7.25,0.01,1.64,0.62,1.1,37.11,0.41,56.18,,0.04,0,0,0,0,0,0.02,5.544
13,2,13002,5.98,14.11,0,0.36,7.51,,0.02,0,0.3,0,282.86,0,0.01,0,0.04,0.01,0,,0.02,0,4.22,8.2,9.81,78.36,10.87,0.14,1.31,2.04,0.94,72.28,3.23,109.42,,,0,0,0,0,0,0,1.298
13,3,13003,14.46,19.62,10.64,0.5,2.28,,0.12,0,0.51,0,393.32,0,0.06,0.03,0.36,0.07,0,,0.06,0,,0,87.5,162.72,45.85,1.37,25.94,0.62,0.45,100.51,24.18,152.15,,0.04,0,0,0,0,0,0,5.823
13,4,13004,1.45,3.41,0,0.09,3.42,,0.01,0,0.09,0,68.44,0,0,0,0.01,0,0,,0,0,0.21,0,2.23,23.82,9.77,0.1,1.31,0.93,0.3,17.49,2.88,26.48,,,0,0,0,0,0,0.19,2.214
13,5,13005,2.76,6.52,0,0.17,4.66,,0.03,0,0.17,0,130.61,0,0.04,0.02,0.22,0.04,0,,0,0,,0.36,52.81,56.09,8.44,0.13,0.33,1.27,0.95,33.38,2.58,50.52,,0.04,0,0,0,2.29,0.33,0.01,12.891
13,6,13006,2.89,6.82,0,0.17,7.98,0,0.01,0,0.19,0,136.67,0,0,0,0.02,0,0,,0.01,0,,0.71,3.97,47.85,8.45,0.1,0.66,2.17,0.92,34.93,1.4,52.87,,0.04,0,0,0,0,0,0,13.328
13,7,13007,1.82,4.3,0,0.11,0,,0.01,0,0.11,0,86.24,0,0,0,0.02,0.01,0,,0,0,4.44,0.36,5.96,29.89,9.16,0.07,1.31,0,1.37,22.04,4.54,33.36,,,0,0,0,0.84,0.12,0,21.5
13,8,13008,6.72,15.87,2.98,0.4,3.33,,0.07,0,0.43,0,318.16,0,0.03,0.01,0.16,0.03,0,,0.05,0,,2.14,39.5,124.02,16.54,2.77,4.27,0.91,2.72,81.31,17.52,123.08,,0.04,0,0,0,2.14,0.31,0.02,43.375
13,9,13009,2.58,6.08,0,0.15,2.28,,0.01,0,0.02,0,121.9,0,0,0,0.01,0,0,,0.01,0,0.14,0,2.78,6.54,7.77,0,0.66,0.62,0.23,31.15,0.66,47.16,,,0,0,0,0,0,0.01,2.696
13,10,13010,4.24,10.01,5.53,0.25,2.18,0,0.03,0,0.26,0,82.6,0,0.25,0.12,1.45,0.3,0.0001,,0.01,0,,1.07,349.96,128.31,14.27,0.15,5.91,0.59,0.19,51.27,6.12,77.61,,0.04,0,0,0,0.64,0.09,0,3.13
13,11,13011,3.21,7.59,0.43,0.19,2.85,0,0.01,0,0.18,0,152.15,0,0,0,0.01,0,0,,0.02,0,,0,2.23,44.64,0,0.09,1.31,0.78,0.59,38.88,1.27,58.86,,0.04,0,0,0,0,0,0,0.1
13,12,13012,4.08,9.64,2.55,0.24,7.66,0,0.03,0,0.26,0,193.12,0,0.01,0,0.03,0.01,0,,0.01,0,0.19,1.07,8.19,70.6,15.17,0.47,3.94,2.08,0.78,49.35,9.01,74.71,,0.04,0,0,0,0,0,0,10.039
13,13,13013,4.54,10.72,0.43,0.27,3.33,0.01,0.05,0,0.28,0,141.09,0,0.03,0.01,0.17,0.03,0,,0.01,0,,1.07,40.17,83.19,15.67,0.28,7.22,0.91,0.24,54.9,21.83,83.1,,0.04,0,0,0,0.82,0.12,0.73,3.556
13,14,13014,2.71,6.4,0,0.16,3.42,,0.01,0,0.18,0,128.21,0,0,0,0.01,0,0,,0.01,0,0.48,0,1.99,44.94,0,0.06,0.99,0.93,0.86,32.76,2.57,49.6,,0.04,0,0,0,0,0,0,0
13,15,13015,2.72,6.42,0,0.16,1.9,0,0,0,0.17,0,128.7,0,0,0,0.01,0,0,,0.01,0,0.66,0,1.55,41.41,0,0.04,0,0.52,0.5,32.89,0.93,49.79,,,0,0,0,0,0,0.02,2.393
13,16,13016,7.8,18.41,0,0.47,4.91,0,0.04,0,0.47,0,375.3,0,0.03,0.01,0.17,0.04,0,,0.02,0,1.04,2.14,41.68,128.36,19.6,0.93,7.55,1.34,1.98,94.32,10.06,142.77,,0.04,0,0,0,2.23,0.32,0,18.045
13,17,13017,1.95,4.61,0,0.12,4.75,0,0.01,0,0,0,92.33,0,0,0,0.03,0.01,0,,0.01,0,,0,6.87,3.38,2.43,0.07,0.33,1.29,0.6,23.59,1.62,35.72,,,0,0,0,1.22,0.18,0.01,4.443
13,18,13018,3.52,8.32,0,0.21,9.88,,0.01,0,0.21,0,166.81,0,0,0,0.01,0,0,,0.01,0,,0.71,2.38,54.19,0,0.19,0.33,2.69,0.61,42.63,1.92,64.53,,0.04,0,0,0,0,0,0,0
13,19,13019,2.62,6.18,0,0.16,0.72,,0,0,0.16,0,123.9,0,0,0,0,0,0,,0.01,0,,0,0.6,39.49,2.27,0.02,0,0.2,0.55,31.66,0.23,47.93,,0.04,0,0,0,0,0,0,8.016
13,20,13020,0.41,0.98,0,0.02,4.47,0,0,0,0.03,0,19.59,0,0,0,0,0,0,,0,0,,0,0.08,7.6,0,0,0,1.22,0.15,5.01,0.43,7.58,,,0,0,0,0,0,0,0.938
13,21,13021,2.11,4.98,0.43,0.13,3.59,,0.02,0,0.13,0,99.78,0,0.01,0.01,0.07,0.01,0,,0.01,0,,1.07,16.57,38.58,4.84,0.19,0.33,0.98,0.32,25.5,8.31,38.6,,,0,0,0,1.84,0.27,0,4.964
13,22,13022,4.02,4.66,0,0.12,4.9,0,0,0,0.13,0,141.02,0,0,0,0.02,0,0,,0.01,0,2.56,0,5.17,32.64,10.36,0.02,0,1.33,1,23.87,4.82,36.13,,,0,0,0,0,0,0.04,16.246
13,23,13023,5.05,11.92,0,0.3,4.86,,0.03,0,0.3,0,238.87,0,0,0,0.03,0.01,0,,0.01,0,,1.07,6.6,81.66,8.68,0.14,0.66,1.32,0.69,61.04,4.77,92.41,,,0,0,0,0,0,0.01,11.102
13,24,13024,2.6,6.15,0,0.16,5.01,0,0.01,0,0.16,0,123.23,0,0,0,0,0,0,,0,0,0.16,0.36,0.64,39.58,13.13,0.01,0,1.36,0.76,31.49,1.29,47.67,,,0,0,0,0,0,0,9.548
13,25,13025,3.86,9.11,0,0.23,1.33,0,0.01,0,0.22,0,182.57,0,0,0,0.02,0,0,,0.01,0,,0,5.72,56.74,0,0.01,1.64,0.36,1.05,46.66,0.56,70.63,,0.04,0,0,0,0,0,0,0.787
13,26,13026,2.03,4.8,0,0.12,2.66,,0,0,0.1,0,96.17,0,0,0,0,0,0,,0,0,,0,0.04,24.97,0,0,0,0.72,0.42,24.58,0.01,37.2,,0.04,0,0,0,0,0,0,0
13,27,13027,3.93,9.27,0,0.24,5.8,,0.01,0,0.22,0,185.86,0,0,0,0.01,0,0,,0.01,0,,0,2.03,55.09,0,0.16,0,1.58,1.18,47.5,0.15,71.9,,0.04,0,0,0,0,0,0,0
13,28,13028,19.83,46.83,2.55,1.19,7.8,0,0.16,0,1.03,0,938.63,0,0.03,0.01,0.15,0.03,0,,0.01,0,,0.71,36,289.16,52.27,0.88,18.72,2.12,2.12,239.87,16.74,363.1,,0.04,0,0,0,0,0,0.4,1.842
13,29,13029,6.81,16.07,2.98,0.41,24.72,0,0.05,0,0.42,0,322.11,0,0.04,0.02,0.25,0.05,0,,0.05,0,,1.78,61.55,122.23,22.59,1.06,8.87,6.73,1.66,82.32,9.87,124.61,,,0,0,0,3.32,0.48,2.26,16.67
13,30,13030,12.66,29.89,14.04,0.76,8.72,0,0.14,0,0.79,0,599.1,0,0.02,0.01,0.1,0.02,0,,0.05,0,,6.06,24.48,222.3,58.18,1.3,13.46,2.37,1.5,153.1,24.93,231.76,,0.04,0,0,0,0,0,0,18.914
13,31,13031,2.07,4.88,0.85,0.12,8.19,0,0.01,0,0.15,0,97.74,0,0,0,0.01,0,0,,0.02,0,,0.71,1.99,38.51,9.98,0.13,1.31,2.23,0.32,24.98,1.55,37.81,,,0,0,0,0,0,0.01,1.926
13,32,13032,1.76,4.15,0,0.11,1.14,0,0.01,0,0.1,0,83.21,0,0.01,0,0.05,0.01,0,,0,0,,0,12.28,26.81,0,0.82,0,0.31,0.22,21.27,2.83,32.19,,0.04,0,0,0,0,0,0,0
13,33,13033,0.48,1.14,0,0.03,0.57,,0,0,0.04,0,22.86,0,0,0,0,0,0,,0,0,0.76,0,0.08,8.7,0,0,0,0.16,0.1,5.84,0.18,8.84,,,0,0,0,0,0,0,0
13,34,13034,3.15,3.86,0,0.1,6.65,,0,0,0.09,0,77.35,0,0,0,0,0,0,,0,0,3.24,0,0.08,22.8,0,0,0,1.81,0.32,19.77,0.04,29.92,,0.04,0,0,0,0,0,2.17,0
13,35,13035,1.59,3.75,0,0.1,4.5,0,0.01,0,0.1,0,75.21,0,0,0,0.02,0,0,,0,0,0.14,0,4.57,25.76,0,0.05,0,1.23,0.79,19.22,0.87,29.1,,,0,0,0,1.19,0.17,0.15,10.27
13,36,13036,1.47,3.46,0,0.09,8.17,0,0,0,0.1,0,69.38,0,0,0,0,0,0,,0,0,0.04,0,1.03,25.92,5.47,0.04,0,2.22,0.3,17.73,0.61,26.84,,,0,0,0,0,0,0,1.258
13,37,13037,3.45,8.14,0,0.21,8.74,0,0.01,0,0.24,0,163.13,0,0,0,0.01,0,0,,0.01,0,,0,1.55,59.05,8.79,0.04,0,2.38,0.88,41.69,0.68,63.11,,,0,0,0,0,0,0,10.002
13,38,13038,1.15,2.72,0,0.07,6.08,,0,0,0.07,0,54.43,0,0,0,0,0,0,,0,0,0.03,0,0.08,18.36,0,0,0,1.65,0.31,13.91,0.04,21.06,,,0,0,0,0,0,0,1.164
13,39,13039,2.05,4.83,0,0.12,1.71,,0.02,0,0.12,0,36.45,0,0,0,0.01,0,0,,0,0,1.1,0.71,3.5,34.46,8.43,0.2,2.96,0.47,0.07,24.74,2.99,37.46,,,0,0,0,0,0,0.26,0.444
13,40,13040,1.73,4.08,0,0.1,2.66,,0,0,0.12,0,81.84,0,0,0,0,0,0,,0,0,,0,0.4,28.38,0,0.03,0,0.72,0.23,20.92,0.27,31.66,,,0,0,0,0,0,0,0
13,41,13041,6.47,15.27,2.55,0.39,3.82,0,0.06,0,0.4,0,306,0,0.02,0.01,0.09,0.02,0,,0.03,0,,3.21,21.89,113.94,17.05,0.26,4.27,1.04,1.02,78.2,12.45,118.37,,0.04,0,0,0,0,0,0.4,16.449
13,42,13042,1.78,4.2,0,0.11,3.42,,0.01,0,0.12,0,84.19,0,0,0,0.01,0,0,,0.01,0,,0,1.43,29.76,7.08,0.09,0.99,0.93,0.32,21.51,0.66,32.57,,0.04,0,0,0,0,0,0,0
13,43,13043,1.06,2.51,0,0.06,0,,0,0,0.07,0,50.28,0,0,0,0,0,0,,0.01,0,,0,0.44,16.88,0,0,0,0,0.09,12.85,0.01,19.45,,,0,0,0,0,0,0.03,0.1
13,44,13044,2.59,6.11,0,0.16,10.38,0,0,0,0.17,0,122.4,0,0,0,0.01,0,0,,0.01,0,,0,2.9,43.46,6.09,0.04,0,2.82,0.87,31.28,0.62,47.35,,,0,0,0,5.05,0.73,0,8.962
13,45,13045,1.29,3.05,0,0.08,1.52,,0,0,0.08,0,61.03,0,0,0,0,0,0,,0,0,0.48,0,0.24,19.72,0,0,0,0.41,0.17,15.6,0.5,23.61,,,0,0,0,0,0,0,0.871
13,46,13046,6.59,15.56,0,0.4,5.06,,0.02,0,0.36,0,311.88,0,0.01,0,0.06,0.01,0,,0.02,0,,0,13.47,94.13,7.48,0.59,1.31,1.38,1.4,79.7,4.94,120.65,,0.04,0,0,0,0,0,0,0.385
13,47,13047,0.77,1.83,0,0.05,0,,0,0,0.05,0,36.66,0,0,0,0,0,0,,0,0,,0,0,12.85,10.98,0,0,0,0.08,9.37,0,14.18,,,0,0,0,0,0,0,0.196
13,48,13048,48.84,111.46,111.07,2.83,0.86,,0.87,0.02,3.17,0,83.01,0.01,0.16,0.08,0.92,0.19,0,,0.16,0.07,1.91,72.33,222.24,979.95,245.09,8.14,87.35,0.23,0.42,570.9,151.54,864.21,3.79,0.04,0,0,0,1.4,0.2,8.53,6.708
13,49,13049,2.95,6.96,0,0.18,0.65,,0.01,0,0.16,0,139.55,0,0,0,0.01,0,0,,0,0,0.08,0,1.71,40.69,0,0.07,0,0.18,0.6,35.66,2.02,53.98,,,0,0,0,0,0,0,0.201
13,50,13050,3.37,7.96,0.43,0.2,2.72,,0.05,0,0.21,0,159.47,0,0.01,0.01,0.07,0.01,0,,0.01,0,,1.07,16.25,63.55,23.08,0.63,2.96,0.74,0.4,40.75,14,61.69,,0.04,0,0,0,0,0,1.14,6.522
13,51,13051,11.77,27.79,1.28,0.71,0.74,,0.08,0,0.82,0,148.27,0,0.11,0.05,0.62,0.13,0,,0,0.02,1.6,6.77,150.08,239.11,43.48,0.21,11.49,0.2,0.44,142.33,23.7,215.46,,,0,0,0,1.24,0.18,1.43,6.147
13,52,13052,4.65,10.97,1.28,0.28,3.02,0,0.02,0,0.27,0,279.09,0,0.01,0,0.05,0.01,0,,0.01,0,16.7,1.78,12.48,73.52,20.64,2.1,0.99,0.82,1.04,56.18,1.92,85.04,,0.04,0,0,0,2.38,0.34,0.02,10.384
13,53,13053,3.06,7.21,0,0.18,1.14,,0.01,0,0.02,0,144.6,0,0,0,0.01,0,0,,0.03,0,1.42,0,1.31,7.28,0,0.06,0,0.31,0.77,36.95,0.33,55.94,,0.04,0,0,0,0,0,0,0
13,54,13054,4.91,11.58,0,0.29,3.23,,0.01,0,0.29,0,232.15,0,0,0,0.01,0,0,,0.02,0,,0,2.15,73.06,9.66,0.02,0.66,0.88,0.64,59.33,3.33,89.81,,0.04,0,0,0,0,0,0.01,9.845
13,55,13055,2.41,5.69,0,0.14,2.01,0.01,0,0,0.15,0,114.03,0,0,0,0.02,0,0,,0.02,0,,0,4.29,38.6,8.14,0.02,0.33,0.55,0.27,29.14,2.96,44.11,,,0,0,0,0,0,0,3.834
13,56,13056,5.01,11.83,0.43,0.3,1.31,0,0.02,0,0.32,0,131.61,0,0.02,0.01,0.14,0.03,0,,0,0,7.23,1.78,33.06,86.59,17.43,0.19,4.93,0.36,0.42,60.59,10.91,91.72,,0.04,0,0,0,1.28,0.18,0,1.551
13,57,13057,2.25,5.32,1.28,0.13,4.66,0,0.01,0,0.14,0,106.55,0,0.01,0,0.04,0.01,0,,0.01,0,8.11,0.36,9.42,38.07,12.41,0.13,0.66,1.27,1.54,27.23,0.95,41.22,,0.04,0,0,0,2.71,0.39,0.02,21.9
13,58,13058,2.64,6.24,0,0.16,2.62,,0.01,0,0.18,0,125.08,0,0,0,0,0,0,,0.01,0,,1.43,0.91,44.71,16.33,0,0,0.71,0.61,31.96,0.92,48.39,,,0,0,0,0,0,0,7.332
13,59,13059,5.41,12.78,0,0.32,6.56,0.01,0.02,0,0.33,0,256.24,0,0,0,0.02,0,0,,0.02,0,,0.36,5.09,85.7,13.61,0.25,3.94,1.78,1.32,65.48,3.25,99.13,,,0,0,0,1.96,0.28,0.02,17.981
13,60,13060,2.71,6.39,0,0.16,8.46,,0.01,0,0.16,0,128.03,0,0,0,0,0,0,,0.01,0,,0.71,1.15,40.2,5.44,0.07,0,2.3,0.43,32.72,1.56,49.53,,0.04,0,0,0,0,0,0,1.038
13,61,13061,8.54,20.16,4.26,0.51,9.63,,0.11,0,0.06,0,404.11,0,0.07,0.03,0.4,0.08,0,,0.04,0,0.16,13.9,97.63,55.56,36.3,2.14,14.78,2.62,0.96,103.27,30.39,156.33,,0.04,0,0,0,2.25,0.32,0.03,15.127
13,62,13062,4.67,11.02,0,0.28,5.32,,0,0,0.24,0,220.82,0,0,0,0,0,0,,0.02,0,,0,0,59.8,0,0,0,1.45,0.63,56.43,0,85.42,,0.04,0,0,0,0,0,0,0
13,63,13063,11.95,28.21,7.66,0.72,3.37,0.01,0.11,0,0.74,0,565.48,0,0.39,0.19,2.25,0.46,0.0001,,0.01,0,,3.56,544.82,294.65,25.19,1.09,5.91,0.92,0.9,144.51,26.91,218.75,,0.04,0,0,0,1.31,0.19,0.03,12.362
13,64,13064,1.52,3.6,1.28,0.09,4.59,0,0,0,0.1,0,72.09,0,0,0,0.01,0,0,,0.01,0,,0.36,1.23,25.92,6.47,0.04,0,1.25,0.31,18.42,0.39,27.89,,,0,0,0,2.23,0.32,0,4.406
13,65,13065,1.66,3.92,0.43,0.1,0.76,,0.01,0,0.1,0,78.61,0,0,0,0.01,0,0,,0,0,,0,2.74,26.75,6.17,0.17,0.33,0.21,0.2,20.09,0.85,30.41,,0.04,0,0,0,0,0,0,2.675
13,66,13066,6.76,4.34,1.7,0.11,1.88,,0.02,0,0.11,0,86.93,0,0.01,0.01,0.09,0.02,0,,0,0,,1.78,20.94,33.37,2.9,0.18,0,0.51,0.41,22.21,8.62,33.63,,,0,0,0,1.4,0.2,0.1,6.418
13,67,13067,7.18,16.95,0.85,0.43,0,,0.05,0,0.43,0,339.74,0,0.01,0,0.05,0.01,0,,0.02,0,2.16,1.43,11.6,117.83,10.1,0.69,5.91,0,0.91,86.82,10.1,131.43,,0.04,0,0,0,0,0,0,14.541
13,68,13068,2.31,5.45,0,0.14,2.51,,0,0,0.15,0,109.26,0,0,0,0,0,0,,0.02,0,0.44,0,0.32,36.9,0,0,0.33,0.68,0.5,27.92,1.03,42.27,,0.04,0,0,0,0,0,0,0
13,69,13069,9.69,22.88,17.87,0.58,3.05,,0.14,0,0.6,0,154.66,0,0.26,0.13,1.5,0.31,0.0001,,0.01,0,,17.1,363.27,236.1,55.95,3.7,71.92,0.83,0.58,117.2,78.38,177.41,,0.04,0,0,0,2.29,0.33,0.02,0
13,70,13070,2.64,6.23,1.7,0.16,4.56,,0.03,0,0.16,0,57.05,0,0.01,0,0.04,0.01,0,,0.01,0,,0.71,8.62,45.28,12.26,0.38,3.28,1.24,0.24,31.93,7.75,48.33,,,0,0,0,0,0,0.01,3.859
13,71,13071,1.59,3.75,0,0.1,0,,0,0,0.01,0,75.1,0,0,0,0,0,0,,0.01,0,,0,0.08,3.6,0,0,0,0,0.3,19.19,0,29.05,,,0,0,0,0,0,0,0.434
13,72,13072,1.48,3.5,0,0.09,2.87,,0.01,0,0.1,0,70.22,0,0,0,0.02,0,0,,0.01,0,,2.14,5.88,26.36,5.12,0.05,1.64,0.78,0.45,17.94,3.68,27.16,,,0,0,0,1.35,0.19,0.03,7.046
13,73,13073,5.77,13.63,0,0.35,8.55,,0.01,0,0.31,0,273.14,0,0,0,0.01,0,0,,0.04,0,,0,2.46,79.01,0,0.13,2.63,2.33,1.12,69.8,1.74,105.66,,0.04,0,0,0,0,0,0,0
13,74,13074,4.24,10,1.28,0.25,2.89,,0.05,0,0.25,0,16.2,0,0.02,0.01,0.11,0.02,0,,0.01,0,,1.43,25.99,73.77,8.65,0.33,10.18,0.79,0.44,51.24,18.2,77.57,,0.04,0,0,0,1.23,0.18,0,7.033
13,75,13075,2.01,4.75,0,0.12,4.09,,0.02,0,0,0,95.22,0,0.01,0.01,0.08,0.02,0,,0.12,0,17.53,0.71,19.51,7.89,4.23,0.21,1.31,1.11,0.58,24.33,4.27,36.84,,0.04,0,0,0,0,0,0,8.96
13,76,13076,15.98,37.73,14.89,0.96,9.65,0,0.24,0.01,1.06,0,386.44,0,0.07,0.04,0.43,0.09,0,,0.12,0,,18.89,104.9,321.36,73.09,1.74,24.96,2.63,1.1,193.28,47.16,292.58,,0.04,0,0,0,5.26,0.76,1.1,16.447
13,77,13077,26.36,52.55,34.04,1.33,7.45,0,0.38,0.01,1.39,0,209.25,0,0.12,0.06,0.72,0.15,0,,0.1,0,6.96,26.72,174.8,443.12,114.57,2.48,60.42,2.03,1.41,269.18,78.58,407.48,,0.04,0,0,0,2.26,0.33,0.58,7.505
13,78,13078,3.11,7.34,0,0.19,0,0,0,0,0.16,0,147.19,0,0,0,0,0,0,,0.01,0,,0,0.6,39.14,0,0,0,0,0.75,37.62,0.53,56.94,,0.04,0,0,0,0,0,0,0.268
13,79,13079,1.19,2.81,0,0.07,4.69,,0,0,0.08,0,56.37,0,0,0,0,0,0,,0,0,,0,0.12,19.67,0,0.28,0,1.28,0.36,14.41,0,21.81,,0.04,0,0,0,0,0,0.53,0
13,80,13080,3.81,8.99,0,0.23,2.85,0,0,0,0.2,0,180.27,0,0,0,0,0,0,,0.01,0,,0,0.64,50.96,0,0.05,0,0.78,0.74,46.07,0.65,69.74,,0.04,0,0,0,0,0,0,0.134
13,81,13081,4.45,10.51,1.7,0.27,3.23,,0.03,0,0.3,0,210.67,0,0.04,0.02,0.21,0.04,0,,0,0,1.89,5.34,51.02,87.32,20.62,0.24,4.6,0.88,0.16,53.84,5.82,81.5,,0.04,0,0,0,0,0,0,0
13,82,13082,2.83,6.67,0,0.17,2.28,0,0.02,0,0.18,0,0.87,0,0.03,0.01,0.15,0.03,0,,0.01,0,0.55,0.71,36.08,53.26,20.25,0.4,1.64,0.62,0.76,34.17,9.11,51.72,,0.04,0,0,0,0,0,0,12.231
13,83,13083,4.68,11.05,0,0.28,11.71,0,0.01,0,0.3,0,294.9,0,0.01,0,0.04,0.01,0,,0.01,0,0.8,1.07,9.06,77.32,12.54,0.12,1.97,3.19,2.09,56.62,2.15,85.72,,0.04,0,0,0,3.59,0.52,0.3,30.428
13,84,13084,5.91,13.94,2.98,0.35,16.72,0,0.05,0,0.37,0,279.48,0,0.01,0.01,0.06,0.01,0,,0.01,0,0.66,1.43,14.31,102.1,20.14,0.42,6.24,4.55,0.26,71.42,6.48,108.12,,,0,0,0,0,0,1.46,2.809
14,1,14001,1.7,12.81,0,0.19,1.14,0,0,0,0.02,0,150.39,0,0.02,0,0.22,0.01,0,,0,0,,0.36,31.99,7.43,21.83,0.19,0.99,0.31,20.16,38.43,2.53,58.18,,2.48,0,0,0,0,0,0,15.405
14,2,14002,2.07,15.57,0.43,0.23,1.54,,0.01,0,0.27,0.01,182.72,0,0.02,0,0.18,0.01,0,,0,0,,1.07,26.27,56.62,10.38,0.63,2.96,0.42,5.87,46.7,4.88,70.69,,2.48,0,0,0,2.31,0.33,0.04,4.486
14,3,14003,1.97,14.82,3.4,0.22,0.47,,0.01,0,0.3,0.01,174.01,0,0.01,0,0.1,0,0,,0,0,2.74,0.71,14.19,61.05,7.16,0.29,5.91,0.13,19.5,44.47,23.87,67.31,,2.48,0,0,0,1.44,0.21,0,14.901
14,4,14004,2.92,3.5,0,0.05,0.56,,0,0,0.07,0,41.06,0,0,0,0.01,0,0,,0,0,,0,1.35,13.98,0,0.56,0,0.15,5.25,10.49,0.36,15.88,,2.48,0,0,0,1.84,0.27,0,4.016
14,5,14005,13.53,9.28,0,0.14,1.56,,0.01,0,0.17,0,108.91,0,0.02,0,0.19,0.01,0,,0,0,5.57,0,28.85,36.28,6.94,0.06,0,0.43,12.01,27.83,2.35,42.13,,2.48,0,0,0,1.01,0.15,0,9.178
14,6,14006,4.97,37.41,6.81,0.56,7.71,,0.03,0,0.77,0.01,439.06,0,0.03,0,0.27,0.01,0,,0.04,0,1.2,6.41,40.37,158.52,34.36,0.75,11.49,2.1,34.79,112.2,22.89,169.85,,2.48,0,0,0,0,0,0,26.587
14,7,14007,5.69,5.79,0,0.09,0.29,,0,0,0.12,0,67.93,0,0,0,0.02,0,0,,0,0,1.2,0,3.02,23.67,2.36,0.07,0,0.08,10.28,17.36,0.46,26.28,,2.48,0,0,0,1.19,0.17,0,7.856
14,8,14008,70.49,55.39,16.17,0.82,0.66,,0.04,0,1.01,0.02,650.09,0,0.11,0,1.02,0.03,0,,0,0,,6.06,151.87,211.53,50.97,0.53,17.08,0.18,44.84,166.13,51.63,251.49,,2.48,0,0,0,0,0,0,34.269
14,9,14009,1.38,10.4,0,0.15,1.21,,0.01,0,0.02,0,122.12,0,0.01,0,0.1,0,0,,0,0,8.64,0.36,0,5.88,13.56,0.12,1.97,0.33,9.76,31.21,2.12,47.24,,2.48,0,0,0,2.88,0.42,0.03,7.457
14,10,14010,5.08,4.31,0,0.06,0,,0,0,0.07,0,50.55,0,0,0,0.02,0,0,,0,0,3.15,0,3.02,14.94,1.41,0,0,0,5.18,12.92,9.07,19.56,,2.48,0,0,0,0,0,0,3.958
14,11,14011,1.68,3.4,0,0.05,1.39,,0,0,0.06,0,39.87,0,0,0,0.01,0,0,,0,0,10.26,0,1.19,12.77,0.87,0.04,0,0.38,19.82,10.19,0.19,15.42,,,0,0,0,0,0,0,15.149
14,12,14012,1.61,2.84,0,0.04,4.74,0,0,0,0.06,0,33.29,0,0,0,0,0,0,,0,0,18.86,0,0.32,12.29,2.77,0,0,1.29,9.24,8.51,0.38,12.88,,,0,0,0,0,0,0,7.066
14,13,14013,30.61,36.05,4.26,0.54,5.65,0,0.03,0,0.67,0.01,423.2,0,0.04,0,0.39,0.01,0,,0.02,0,,6.06,58.45,139.15,37.28,1.36,8.87,1.54,47.96,108.15,35.54,163.71,,2.48,0,0,0,0,0,0,36.658
14,14,14014,6.87,5.44,0,0.08,5.36,,0,0,0.12,0,63.8,0,0.01,0,0.05,0,0,,0,0,73.82,0.36,7.47,23.59,0,0.13,1.31,1.46,10.1,16.3,1.18,24.68,,2.48,0,0,0,0,0,0,7.757
14,15,14015,49.16,36.79,8.51,0.55,3.12,0,0.03,0,0.07,0.01,431.83,0,0.04,0,0.38,0.01,0,,0.04,0,7.55,6.41,56.62,25.46,41.21,2.67,22.33,0.85,23.36,110.36,36.62,167.05,,2.48,0,0,0,0,0,0.05,17.852
14,16,14016,3.22,24.28,0.85,0.36,1.36,0,0.01,0,0.44,0.01,284.95,0,0.04,0,0.4,0.01,0,,0.01,0,,0.71,59.13,89.76,13.67,0.17,2.3,0.37,34.65,72.82,28.47,110.23,,2.48,0,0,0,0,0,0,26.484
14,17,14017,8.5,8.44,0,0.13,4.08,0,0.01,0,0.02,0,99.07,0,0,0,0.04,0,0,,0,0,1.87,0.36,6.24,4.98,6.54,0.01,1.97,1.11,20.71,25.32,5.44,38.33,,,0,0,0,0,0,0,15.83
14,18,14018,38.3,41.43,9.79,0.62,3.12,0,0.03,0,0.77,0.02,486.32,0,0.03,0,0.31,0.01,0,,0.06,0,,10.33,46.17,158.66,50.09,1.53,14.45,0.85,71.73,124.28,24.42,188.13,,2.48,0,0,0,2.07,0.3,0.05,54.824
14,19,14019,0.46,3.47,0,0.05,5.56,,0,0,0.06,0,40.69,0,0,0,0,0,0,,0,0,36.95,0,0.32,11,2.6,0.01,0,1.51,2.38,10.4,0.19,15.74,,,0,0,0,0,0,0,1.819
14,20,14020,3.29,6.24,0,0.09,8.54,,0,0,0.12,0,73.24,0,0.01,0,0.12,0,0,,0.01,0,6.54,0.36,17.88,25.47,0,0.01,0,2.33,64.83,18.72,6.17,28.33,,,0,0,0,0,0,0,49.548
14,21,14021,1.73,13.06,0.85,0.19,3.24,,0.01,0,0.27,0,153.32,0,0.02,0,0.23,0.01,0,,0,0,22.02,0.71,34.81,55.62,12.66,2.31,5.58,0.88,45.84,39.18,5.57,59.31,,2.48,0,0,0,0,0,0.02,35.034
14,22,14022,18.76,20.89,3.4,0.31,5.45,,0.02,0,0.42,0.01,245.15,0,0.01,0,0.05,0,0,,0.01,0,,6.77,7.59,88.38,40.35,1.11,8.21,1.48,24.4,62.65,8.1,94.84,,,0,0,0,0,0,0.07,18.655
14,23,14023,92.03,66.34,25.11,0.99,0.76,0,0.08,0.01,1.27,0.03,778.64,0,0.07,0,0.66,0.02,0,,0.05,0,25.86,17.1,97.83,268.34,73.47,2.79,61.41,0.21,24.31,198.98,77.42,301.21,,2.48,0,0,0,0,0,0.62,18.576
14,24,14024,2.3,17.35,2.55,0.26,3.49,,0.01,0,0.35,0.01,203.63,0,0.01,0,0.13,0,0,,0.08,0,0.95,0,19.03,71.73,17.25,0.36,4.27,0.95,19.1,52.04,10.18,78.77,,2.48,0,0,0,0,0,0.01,14.6
14,25,14025,1.5,11.33,0,0.17,5.51,,0.01,0,0.23,0,132.98,0,0.01,0,0.06,0,0,,0.02,0,1.38,0.71,8.58,46.22,16.95,0.64,2.96,1.5,6.37,33.98,6.06,51.44,,,0,0,0,0,0,0,4.872
14,26,14026,0.48,3.61,0,0.05,1.38,,0,0,0.07,0,42.32,0,0,0,0.03,0,0,,0,0,92.1,0,4.25,15.07,2.89,0,0.66,0.38,8.18,10.82,7.54,16.37,,,0,0,0,0,0,0,6.249
14,27,14027,1.5,11.33,0,0.17,4.09,,0,0,0.21,0,133.01,0,0,0,0.01,0,0,,0,0,13.33,0.36,0.91,41.62,2.48,0.01,0.33,1.11,63.52,33.99,0.53,51.46,,2.48,0,0,0,0,0,0,48.551
14,28,14028,0.19,1.4,0,0.02,0.36,0,0,0,0.03,0,16.41,0,0,0,0.01,0,0,,0,0,3.56,0,1.03,5.76,0,0.04,0,0.1,3.57,4.19,0.63,6.35,,,0,0,0,0,0,0,2.726
14,29,14029,3.95,11.21,0,0.17,3.74,0,0,0,0.21,0,131.62,0,0,0,0.01,0,0,,0,0,,0,1.15,42.53,6.67,0,0.66,1.02,37.59,33.64,1.35,50.92,,,0,0,0,0,0,0,28.73
14,30,14030,54.03,29.94,1.7,0.45,0.96,,0.03,0,0.6,0.01,351.38,0,0.02,0,0.18,0.01,0,,0,0,,9.26,26.11,124.31,37.32,0.89,12.15,0.26,6.14,89.8,18.11,135.93,,2.48,0,0,0,0,0,0,4.692
14,31,14031,4,2.34,0,0.03,5.06,,0,0,0.04,0,27.42,0,0,0,0,0,0,,0,0,4.57,0,0.72,8.51,0,0,0,1.38,2.73,7.01,0.45,10.61,,,0,0,0,0,0,0,2.09
14,32,14032,3.75,3.52,0,0.05,2.94,,0,0,0.06,0,41.33,0,0,0,0.02,0,0,,0,0,5.77,0,3.02,11.88,0,0.03,0,0.8,7.63,10.56,4.12,15.99,,2.48,0,0,0,0,0,0,5.835
14,33,14033,1.76,13.24,0.43,0.2,2.04,0,0.01,0,0.25,0.01,155.43,0,0.02,0,0.17,0,0,,0,0,,0.36,25.31,51.94,16.58,0.55,3.61,0.55,15.73,39.72,8.01,60.13,,2.48,0,0,0,0,0,1.49,12.021
14,34,14034,0.99,1.3,0,0.02,1.3,,0,0,0.03,0,15.31,0,0,0,0,0,0,,0,0,12.1,0,0.52,6.2,0,0,0,0.35,4.59,3.91,0.04,5.92,,,0,0,0,0,0,0,3.506
14,35,14035,4.35,32.73,1.28,0.49,2.9,,0.02,0,0.6,0.01,384.23,0,0.03,0,0.25,0.01,0,,0.02,0,,2.14,37.39,122.81,31.29,0.44,4.27,0.79,50.05,98.19,8.7,148.64,,,0,0,0,5.21,0.75,0.35,38.253
14,36,14036,18.01,12.13,0,0.18,0,,0.01,0,0.24,0,142.38,0,0.01,0,0.11,0,0,,0,0,,0.71,15.82,48.44,13.34,0.21,4.93,0,12.42,36.39,8.51,55.08,,2.48,0,0,0,0.49,0.07,0,9.544
14,37,14037,2,15.07,5.11,0.22,2.71,,0.02,0,0.3,0.01,176.93,0,0.01,0,0.11,0,0,,0.01,0,1.1,1.07,15.66,63.75,10.24,0.35,10.84,0.74,10.04,45.21,14.72,68.44,,2.48,0,0,0,0,0,0.15,7.674
14,38,14038,0.38,2.86,0,0.04,5.15,0,0,0,0.06,0,33.55,0,0,0,0,0,0,,0,0,43.37,0.71,0.68,12.33,2.67,0.04,0,1.4,8.92,8.57,0,12.98,,,0,0,0,0,0,0,6.814
14,39,14039,173.02,1105.69,2077.6,16.44,0,,1.8,0.14,21.21,0.42,0.73,0.06,3.22,0.02,30.44,0.88,0.0007,,1.75,0.44,,656.36,4528.62,4692.4,1143.89,96.61,609.15,0,0,3316.6,1651.85,5020.55,19.18,,184.661,30.744,0,1.11,0.16,23.92,0
14,40,14040,0.75,5.68,0,0.08,4.59,,0,0,0.1,0,66.7,0,0,0,0,0,0,,0,0,,0,0.68,20.53,0,0.01,0,1.25,5.27,17.05,0.94,25.8,,,0,0,0,3.35,0.48,0.01,4.031
14,41,14041,0.48,3.62,0,0.05,2.02,,0,0,0.08,0,42.45,0,0,0,0.04,0,0,,0,0,,0,6.48,16.06,2.55,0.05,0.99,0.55,2.55,10.85,4.15,16.42,,,0,0,0,0,0,0,1.948
14,42,14042,0.73,5.47,0,0.08,5.61,,0,0,0.11,0,64.25,0,0,0,0.01,0,0,,0.01,0,2.38,0,2.11,21.8,0.48,0.1,0.33,1.53,4.87,16.42,2.36,24.86,,,0,0,0,0,0,0,3.722
14,43,14043,8,13.92,0,0.21,13.55,,0.01,0,0.28,0.01,163.44,0,0,0,0.04,0,0,,0.01,0,15.62,1.07,5.52,57.45,0,0.09,2.96,3.69,64.31,41.77,2.55,63.22,,2.48,0,0,0,0,0,0.37,49.15
14,44,14044,18.96,16.17,0,0.24,1.43,,0.01,0,0.3,0.01,162.46,0,0.07,0,0.71,0.02,0,,0,0,0.77,1.43,105.34,65.08,16.92,0.2,0.99,0.39,14.24,48.52,8.28,73.45,,2.48,0,0,0,1.58,0.23,0.14,10.885
14,45,14045,2.89,12.54,1.7,0.19,6.61,,0.01,0,0.24,0,147.19,0,0.01,0,0.06,0,0,,0,0,,0,9.22,48.48,17.89,0.71,6.57,1.8,31.33,37.62,6.85,56.94,,,0,0,0,0,0,0.11,24.004
14,46,14046,23.11,19.66,2.98,0.29,2.12,,0.01,0,0.36,0.01,230.73,0,0.03,0,0.27,0.01,0,,0,0,,2.14,40.41,74.46,24.08,0.17,4.27,0.58,10.79,58.96,18.2,89.26,,,0,0,0,0,0,0.01,8.245
14,47,14047,24.9,14.66,0,0.22,1.74,0,0.01,0,0.27,0.01,172.05,0,0.01,0,0.13,0,0,,0,0,,0.71,18.83,55.67,11.37,0.18,3.28,0.47,25.02,43.97,9.87,66.56,,2.48,0,0,0,0,0,0.02,19.125
14,48,14048,2.87,12.35,1.7,0.18,1.36,0,0,0,0.23,0,144.98,0,0.02,0,0.16,0,0,,0,0,,0,23.52,46.65,14.57,0.1,1.31,0.37,33.86,37.05,6.4,56.08,,2.48,0,0,0,0,0,0.11,25.877
14,49,14049,0.79,5.93,0,0.09,2.87,0,0,0,0.11,0,69.55,0,0,0,0.01,0,0,,0,0,68.34,0,0.75,22.49,1.35,0,0,0.78,36.45,17.77,0.21,26.9,,,0,0,0,0,0,0,27.86
14,50,14050,42.22,26.23,0.85,0.39,2.3,,0.01,0,0.45,0.01,307.82,0,0.01,0,0.12,0,0,,0,0,,1.43,17.13,91.04,19.89,0.38,4.6,0.62,18.95,78.66,9.75,119.08,,,0,0,0,0,0,0.02,14.487
14,51,14051,10.52,8.22,0,0.12,1.16,,0,0,0.15,0,58.35,0,0,0,0.03,0,0,,0,0,3.43,0,4.25,30.83,0,0.01,1.31,0.32,5.54,24.66,1.08,37.32,,2.48,0,0,0,0,0,0,4.233
14,52,14052,0.48,3.65,0,0.05,1.54,,0,0,0.08,0,42.82,0,0,0,0.02,0,0,,0,0,,0,2.98,15.52,3.8,0,1.97,0.42,9.96,10.94,3.36,16.56,,,0,0,0,0,0,0,7.611
14,53,14053,12.84,96.69,27.66,1.44,13.39,0.01,0.06,0,0.17,0.04,1134.93,0.01,0.24,0,2.29,0.07,0,,0.04,0,,11.05,340.02,62.04,83.3,2.19,25.61,3.65,91.08,290.03,64.77,439.04,,,0,0,0,1.3,0.19,0.37,69.619
14,54,14054,0.5,3.74,0,0.06,0,0,0,0,0.01,0,43.86,0,0,0,0.01,0,0,,0,0,,0,0.83,2.43,5.85,0,2.3,0,6.51,11.21,0.96,16.97,,2.48,0,0,0,0,0,0,4.978
14,55,14055,22.23,13.07,0,0.19,1.55,0,0.01,0,0.24,0,153.41,0,0.01,0,0.09,0,0,,0.03,0,4.93,0,13.31,48.58,12.18,0.07,2.63,0.42,8.75,39.2,11.7,59.35,,2.48,0,0,0,2.46,0.36,0.03,6.685
14,56,14056,0.24,1.83,0,0.03,2.72,,0,0,0.04,0,21.51,0,0,0,0,0,0,,0,0,,0,0,7.18,0,0,0,0.74,0,5.5,0,8.32,,,0,0,0,0,0,0,7.372
14,57,14057,0.33,2.5,0,0.04,0.84,,0,0,0.05,0,29.37,0,0,0,0.01,0,0,,0,0,3.43,0,1.83,10.78,1.53,0.01,1.31,0.23,3.75,7.51,0.61,11.36,,,0,0,0,0,0,0,2.869
14,58,14058,7.35,9.07,0,0.13,5.92,0,0.01,0,0.19,0,106.49,0,0.01,0,0.06,0,0,,0.02,0,5.13,1.43,8.38,38.57,12.1,0.13,3.94,1.61,15.63,27.21,10.31,41.19,,2.48,0,0,0,0,0,0,11.944
14,59,14059,1.07,8.06,0,0.12,3.19,0,0.01,0,0.01,0,94.61,0,0,0,0.03,0,0,,0,0,39.8,1.07,4.17,4.71,13.14,0.34,0.66,0.87,5.84,24.18,9.88,36.6,,2.48,0,0,0,0,0,0,4.467
14,60,14060,3.43,4.2,0,0.06,2.73,,0,0,0.09,0,49.32,0,0,0,0.01,0,0,,0,0,2.37,0,1.63,18.01,2.09,0,0,0.74,5.82,12.6,0.29,19.08,,,0,0,0,0,0,0,4.448
14,61,14061,3.08,10.83,0,0.16,15.31,,0,0,0.18,0,127.06,0,0,0,0.01,0,0,,0,0,50.09,0.71,1.71,36.63,3.02,0.06,0,4.17,5.75,32.47,1.91,49.15,,2.48,0,0,0,0,0,0,4.394
14,62,14062,1.53,2.26,0,0.03,1.57,0,0,0,0.05,0,26.58,0,0,0,0.01,0,0,,0,0,66.45,0.71,1.27,9.47,2.45,0.01,0,0.43,6.96,6.79,1.69,10.28,,,0,0,0,0,0,0,5.317
14,63,14063,87.11,61.7,22.98,0.92,0.74,,0.06,0,1.18,0.02,129.06,0,0.15,0,1.43,0.04,0,,0,0,,16.03,213.26,252.5,47.74,4.52,21.34,0.2,23.84,185.08,72.76,280.17,,2.48,0,0,0,3.98,0.57,0.38,18.224
14,64,14064,3.8,19.39,0,0.29,9.09,0,0.01,0,0.32,0.01,227.64,0,0.01,0,0.06,0,0,,0.02,0,,1.43,8.7,65.68,16.64,0.77,3.94,2.48,31.59,58.17,4.73,88.06,,2.48,0,0,0,0,0,0,24.147
14,65,14065,1.07,8.07,0,0.12,5.74,,0.01,0,0.17,0,94.69,0,0,0,0.03,0,0,,0,0,0.38,0,4.37,35.17,5.37,0.09,4.27,1.56,23.15,24.2,2.53,36.63,,2.48,0,0,0,0,0,0,17.692
14,66,14066,28.41,30.26,2.55,0.45,2.4,0,0.02,0,0.51,0.01,266.92,0,0.1,0,0.91,0.03,0,,0,0,41.99,0.71,134.9,108.48,31.57,0.17,5.91,0.65,22.88,90.77,11.39,137.41,,2.48,0,0,0,3.81,0.55,0.1,17.485
14,67,14067,352.28,152.2,76.6,2.26,1.82,0,0.27,0.02,0.31,0.06,115.09,0.01,0.06,0,0.53,0.02,0,,0.07,0,0.16,71.62,78.6,124.34,185.68,5.2,67.32,0.49,64.75,456.53,93.79,691.07,,,59.486,14.013,1.746,0,0,0.89,49.538
14,68,14068,1.01,7.58,0,0.11,8.03,,0,0,0.16,0,88.97,0,0,0,0.01,0,0,,0,0,19.1,0,1.47,31.16,5.34,0.02,0.99,2.19,119.87,22.74,0.97,34.42,,2.48,0,0,0,0,0,0,91.621
14,69,14069,0.78,5.86,0,0.09,1.31,,0,0,0.01,0,68.83,0,0,0,0,0,0,,0,0,39.47,0,0.52,2.85,3.68,0.01,0,0.36,24.11,17.59,0.19,26.63,,2.48,0,0,0,0,0,0,18.424
14,70,14070,24.98,76.96,34.04,1.14,0.47,0,0.05,0,1.35,0.03,93.09,0,0.61,0,5.77,0.17,0.0001,,0,0.05,,9.26,858.14,307.09,51.94,0.94,12.81,0.13,3.33,230.86,73.22,349.46,,,0,0,0,1.27,0.18,0.07,2.545
14,71,14071,0.29,2.21,0,0.03,2.95,,0,0,0.04,0,26,0,0,0,0,0,0,,0,0,,0,0.2,8.33,0,0,0,0.8,6.71,6.64,0.16,10.06,,,0,0,0,0,0,0,5.13
14,72,14072,3.44,4.27,0,0.06,1.74,,0,0,0.08,0,50.11,0,0,0,0.03,0,0,,0,0,,0,4.69,15.46,5.93,0.04,1.31,0.47,7.48,12.8,2.55,19.38,,2.48,0,0,0,0,0,0,5.717
14,73,14073,5.24,39.44,3.83,0.59,1.12,,0.05,0,0.69,0.02,462.92,0,0.02,0,0.19,0.01,0,,0.02,0,,0.71,28.17,145.55,42.38,0.38,12.15,0.3,37.78,118.3,29,179.08,,,0,0,0,0,0,0.07,28.874
14,74,14074,1.19,8.96,2.55,0.13,3.44,,0.01,0,0.02,0,105.18,0,0.01,0,0.11,0,0,,0,0,,1.07,16.17,6.49,5.98,0.27,8.87,0.94,4.19,26.88,9.36,40.69,,2.48,0,0,0,0,0,0,3.2
14,75,14075,0.32,2.44,0,0.04,0,,0,0,0.05,0,28.64,0,0,0,0.01,0,0,,0,0,34.72,0,1.75,9.61,1.48,0.04,0,0,5.28,7.32,0.04,11.08,,2.48,0,0,0,0,0,0,4.034
14,76,14076,0.29,2.21,0,0.03,1.64,,0,0,0.04,0,25.98,0,0,0,0,0,0,,0,0,146.35,0,0.28,8.39,1.99,0,0,0.45,2.02,6.64,0.25,10.05,,,0,0,0,0,0,3.67,1.546
14,77,14077,2.21,16.66,1.28,0.25,3.08,,0.01,0,0.35,0.01,195.59,0,0.01,0,0.1,0,0,,0,0,,0.36,15.26,72.1,10.44,0.1,5.25,0.84,39.49,49.98,7.62,75.66,,2.48,0,0,0,0,0,0.01,30.18
14,78,14078,27.89,18.63,1.7,0.28,0,,0.01,0,0.34,0.01,218.64,0,0.07,0,0.62,0.02,0,,0.02,0,,1.78,92.11,73.16,28.92,0.27,4.27,0,12.84,55.87,12.16,84.58,,,0,0,0,0,0,0.03,9.814
14,79,14079,1.17,8.79,0.43,0.13,2.89,,0,0,0.02,0,103.12,0,0.01,0,0.12,0,0,,0,0,31.36,0.71,18.16,4.95,5.34,0.03,0,0.79,9.24,26.35,48.38,39.89,,2.48,0,0,0,1.7,0.25,0.99,7.065
14,80,14080,0.52,3.89,0,0.06,6.43,,0,0,0.08,0,45.61,0,0,0,0,0,0,,0.01,0,,0,0.44,15.66,0,0,0,1.75,9.4,11.66,0.51,17.64,,,0,0,0,0,0,0.25,7.185
14,81,14081,0.34,2.55,0,0.04,3.66,,0,0,0.06,0,29.89,0,0,0,0,0,0,,0,0,0.38,0,0.24,11,0,0.01,0.33,1,2.37,7.64,0.59,11.56,,,0,0,0,0,0,0,1.812
14,82,14082,3.19,24,5.96,0.36,0,0,0.02,0,0.44,0.01,281.74,0,0.02,0,0.2,0.01,0,,0.05,0,57.01,3.21,30.32,89.96,17.83,0.22,6.57,0,11.04,72,15.86,108.99,,2.48,0,0,0,1.3,0.19,0,8.438
14,83,14083,5.16,38.88,2.98,0.58,1.94,,0.02,0,0.76,0.01,456.33,0,0.03,0,0.26,0.01,0,,0.02,0,483.8,5.34,39.34,153.96,17.6,1.35,6.9,0.53,25.65,116.62,13.26,176.53,,2.48,0,0,0,3.13,0.45,0.5,19.603
14,84,14084,6.58,9.4,0,0.14,4.25,,0.01,0,0.18,0,110.35,0,0.01,0,0.05,0,0,,0.01,0,38.43,0,7.35,37.07,6.46,0.04,4.27,1.16,14.91,28.2,6.38,42.69,,,0,0,0,0,0,0,11.403
14,85,14085,3.3,24.85,2.98,0.37,5.24,0,0.01,0,0.53,0.01,291.73,0,0.03,0,0.25,0.01,0,,0.01,0,109.14,1.43,37.11,108.95,22.42,0.51,15.43,1.43,28.1,74.55,8.85,112.86,,2.48,0,0,0,0,0,0,21.477
14,86,14086,11.72,11.09,0,0.16,4.8,0,0.01,0,0.02,0,130.17,0,0.01,0,0.08,0,0,,0,0,,1.78,11.48,5.86,8.64,0.19,0,1.31,9.68,33.26,39.55,50.35,,2.48,0,0,0,0,0,0,7.397
14,87,14087,1.47,11.08,0,0.16,6.42,,0.01,0,0.22,0,130.05,0,0.01,0,0.07,0,0,,0,0,45.27,0.36,10.61,45.7,7.76,0.19,3.28,1.75,17.75,33.23,28.82,50.31,,2.48,0,0,0,0,0,0,13.565
14,88,14088,1.37,10.35,0.85,0.15,1.98,,0.01,0,0.22,0,121.47,0,0.01,0,0.09,0,0,,0,0,25.38,1.07,13.95,44.56,11.55,0.18,4.27,0.54,17.24,31.04,4.86,46.99,,,0,0,0,0,0,5.45,13.175
14,89,14089,0.28,2.1,0,0.03,0,,0,0,0.04,0,24.68,0,0,0,0,0,0,,0,0,,0,0.52,8.7,5,0,0,0,2.84,6.31,0.18,9.55,,,0,0,0,1.5,0.22,0,2.17
14,90,14090,4.75,4.87,0,0.07,1.97,,0,0,0.1,0,57.13,0,0,0,0.02,0,0,,0,0,,0.71,3.46,21.24,4.16,0.08,0,0.54,16.18,14.6,3.3,22.1,,,0,0,0,0,0,0,12.364
14,91,14091,6.26,25.54,3.83,0.38,8.61,,0.01,0,0.49,0.01,299.75,0,0.01,0,0.11,0,0,,0.01,0,,0,15.74,99.67,22.89,0.78,6.24,2.34,33.62,76.6,19.02,115.96,,,0,0,0,0,0,0.02,25.694
14,92,14092,0.94,7.06,0,0.11,2.69,,0,0,0.15,0,82.9,0,0,0,0.02,0,0,,0,0,,0,3.38,30.26,4.24,0,0.33,0.73,20.28,21.18,1.22,32.07,,2.48,0,0,0,0,0,0,15.499
14,93,14093,107.95,87.45,22.98,1.3,5.98,,0.08,0.01,1.62,0.03,1026.5,0,0.12,0,1.11,0.03,0,,0.06,0,4.27,16.75,165.34,341.19,91.47,2.46,44.66,1.63,60.72,262.32,90.14,397.1,,,0,0,0,0,0,0.54,46.408
14,94,14094,3.53,26.61,0,0.4,2.55,,0.02,0,0.05,0.01,312.38,0,0.03,0,0.28,0.01,0,,0,0,13.08,4.99,41.01,15.36,16.71,0.34,4.27,0.69,16.35,79.83,12.02,120.84,,2.48,0,0,0,3.24,0.47,0.01,12.496
14,95,14095,0.71,5.35,0,0.08,0,,0,0,0.01,0,62.77,0,0,0,0.01,0,0,,0,0,0.29,0,1.15,2.87,13.82,0.01,0,0,7.97,16.04,0.37,24.28,,2.48,0,0,0,1.29,0.19,0,6.09
14,96,14096,24.71,13.17,1.7,0.2,2.42,,0.01,0,0.03,0.01,154.64,0,0,0,0.05,0,0,,0,0,,0,6.91,7.82,9.88,0.13,1.97,0.66,7.49,39.52,5.78,59.82,,,0,0,0,0,0,0,5.726
14,97,14097,30.89,152.38,60.86,2.27,2.04,0,0.07,0.01,2.83,0.06,444.6,0.01,0.73,0,6.9,0.2,0.0001,,0.17,0,10.1,14.97,1027.02,608.81,163.78,0.92,16.09,0.56,30.14,457.07,126.63,691.9,,2.48,0,0,0,3.67,0.53,0.01,23.042
14,98,14098,51.62,388.84,91.07,5.78,0,0,0.24,0.02,6.86,0.15,52.22,0.02,0.55,0,5.19,0.15,0.0001,,0,0.2,,53.45,772.47,1424.13,439.75,10.61,116.25,0,8.75,1166.35,301.24,1765.59,,,0,0,0,1.69,0.24,2.56,6.698
14,99,14099,1.21,6.05,0,0.09,4.99,,0,0,0.11,0,70.98,0,0,0,0.01,0,0,,0,0,0.32,0.71,2.15,22.73,0,0.04,0.33,1.36,11.94,18.14,0.21,27.46,,,0,0,0,0,0,0,9.127
14,100,14100,11.52,21.96,0.85,0.33,17.53,,0.01,0,0.43,0.01,257.77,0,0,0,0.04,0,0,,0.04,0,65.12,0,5.72,86.96,23.92,0.86,5.58,4.77,51.13,65.87,7.97,99.72,,,0,0,0,0,0,0.06,39.086
14,101,14101,37.47,282.29,6.81,4.2,1.25,,0.13,0.01,4.75,0.11,277.14,0.02,0.25,0,2.35,0.07,0.0001,,0,0.16,,31.71,350.31,972.09,153.29,3.3,49.26,0.34,3.66,846.75,151.98,1281.77,,2.48,0,0,0,0,0,0.15,2.801
14,102,14102,0.51,3.84,1.28,0.06,2.95,,0,0,0.08,0,45.05,0,0.01,0,0.06,0,0,,0,0,0.86,0,9.54,16.69,4.34,0.04,3.61,0.8,12.54,11.51,1.71,17.43,,,0,0,0,0,0,0,9.588
14,103,14103,0.66,4.96,0,0.07,2.37,0,0,0,0.1,0,58.2,0,0,0,0.02,0,0,,0,0,5.54,0,2.82,20.9,0,0.06,0,0.65,5.66,14.87,1.72,22.51,,2.48,0,0,0,1.19,0.17,0.2,4.327
14,104,14104,0.39,2.91,0,0.04,2.13,,0,0,0.07,0,34.19,0,0,0,0.01,0,0,,0,0,0.27,0,1.47,13.57,4.9,0.06,0,0.58,4.25,8.74,0.11,13.22,,,0,0,0,0,0,0,3.247
14,105,14105,1.81,13.61,1.28,0.2,8.21,,0.01,0,0.03,0.01,159.78,0,0.01,0,0.08,0,0,,0,0,,1.78,11.72,7.59,12.49,0.3,4.93,2.23,25.33,40.83,7.43,61.81,,2.48,0,0,0,0,0,0,19.36
14,106,14106,16.33,2.6,0,0.04,2.61,,0,0,0.05,0,30.56,0,0,0,0,0,0,,0,0,0,0,0.68,10.38,0,0.01,0,0.71,8.54,7.81,0.29,11.82,,,0,0,0,0,0,0,6.524
14,107,14107,0.53,3.98,0,0.06,1.43,,0,0,0.08,0,46.73,0,0,0,0.01,0,0,,0,0,,0,1.55,16.09,0,0.01,0.33,0.39,2.74,11.94,3.09,18.08,,,0,0,0,0,0,0,2.096
14,108,14108,2.98,22.42,0.43,0.33,8.08,,0.01,0,0.41,0.01,263.16,0,0.03,0,0.25,0.01,0,,0,0,0.54,1.07,36.91,85,18.83,0.14,5.58,2.2,38.31,67.25,13.89,101.8,,2.48,0,0,0,4.63,0.67,6.49,29.282
14,109,14109,1.42,10.69,0.85,0.16,3.71,0,0,0,0.19,0,125.52,0,0.01,0,0.13,0,0,,0,0,,0.71,19.19,39.43,5.34,0.04,0.66,1.01,15.95,32.08,2.72,48.56,,2.48,0,0,0,2.55,0.37,0,12.191
14,110,14110,11.45,9.07,0,0.13,3.66,,0.01,0,0.19,0,106.46,0,0,0,0.04,0,0,,0,0,0.55,0.71,6.04,38.43,14.63,1.36,6.9,1,19,27.21,5.41,41.19,,2.48,0,0,0,0,0,0,14.521
14,111,14111,0.55,4.18,0.85,0.06,1.62,,0,0,0.08,0,49.06,0,0,0,0.02,0,0,,0,0,2.53,0,2.46,16.3,4.99,0.04,0.33,0.44,6.48,12.54,0.77,18.98,,,0,0,0,0,0,0.01,4.949
14,112,14112,0.48,3.6,0,0.05,0,,0,0,0.08,0,42.3,0,0,0,0.03,0,0,,0,0,,0,4.41,16.33,4.69,0.38,0.66,0,4.08,10.81,3.87,16.36,,,0,0,0,0,0,0,3.119
14,113,14113,1.23,9.24,1.7,0.14,1.75,,0,0,0.18,0,108.45,0,0.01,0,0.06,0,0,,0,0,2.01,0.36,8.34,36.61,10.42,0.08,1.97,0.48,24.7,27.71,7.09,41.95,,2.48,0,0,0,0,0,0,18.882
14,114,14114,6.31,10.5,0.85,0.16,0.79,,0.01,0,0.21,0,123.19,0,0.01,0,0.06,0,0,,0,0,,0,9.1,43.64,8.34,0.96,1.64,0.22,7.08,31.48,2.26,47.65,,2.48,0,0,0,0,0,0.14,5.414
14,115,14115,0.48,3.58,0,0.05,3.01,,0,0,0.01,0,42.01,0,0,0,0.02,0,0,,0,0,3.37,0,2.94,2.26,0,0.63,0,0.82,3.89,10.74,3.02,16.25,,,0,0,0,0,0,0,2.976
14,116,14116,1.59,11.94,1.28,0.18,3.96,,0.02,0,0.22,0,140.17,0,0.01,0,0.14,0,0,,0,0,,0.36,20.82,47.73,12.4,0.32,0.99,1.08,10.62,35.82,2.91,54.22,,,0,0,0,0,0,0.03,8.12
14,117,14117,0.36,2.75,0,0.04,1.13,,0,0,0.01,0,32.25,0,0,0,0,0,0,,0,0,,0,0.08,1.55,2.06,0,0.99,0.31,6,8.24,0.32,12.48,,,0,0,0,0,0,0,4.583
14,118,14118,2.1,15.83,1.7,0.24,5.39,,0.01,0,0.34,0.01,185.8,0,0.01,0,0.09,0,0,,0.03,0,,0,13.59,69.93,14.35,0.23,5.25,1.47,17.3,47.48,8.91,71.88,,,0,0,0,0,0,0.08,13.223
14,119,14119,2.34,17.63,2.98,0.26,2.31,,0.01,0,0.33,0.01,206.95,0,0.01,0,0.14,0,0,,0,0,0.22,1.07,20.27,68.29,15.53,0.16,7.55,0.63,17.15,52.89,12.79,80.06,,2.48,0,0,0,3.21,0.46,5.57,13.104
14,120,14120,186.32,798.24,505.99,11.87,5.08,0.01,0.66,0.05,15.35,0.31,235.65,0.04,1.8,0.01,16.97,0.49,0.0004,,0.29,0.33,493.03,310.01,2524.8,3236.31,858.34,165.54,243.99,1.38,30.03,2394.4,713.57,3624.56,,2.48,0,0,0,2.88,0.42,13,22.95
14,121,14121,2.5,18.85,1.28,0.28,2.52,0,0.01,0,0.37,0.01,221.23,0,0.03,0,0.26,0.01,0,,0,0,2.15,2.14,38.39,77.13,12.51,0.89,14.45,0.69,21.89,56.54,10.34,85.58,,2.48,0,0,0,2.12,0.31,7.04,16.731
14,122,14122,0.58,4.38,0,0.07,4.19,,0,0,0.08,0,51.44,0,0,0,0.01,0,0,,0,0,0.11,0.71,1.27,16.74,1.78,0,0,1.14,8.09,13.14,0.33,19.9,,2.48,0,0,0,0,0,0,6.181
14,123,14123,1.49,11.24,0,0.17,2.23,,0,0,0.02,0,131.93,0,0.08,0,0.72,0.02,0,,0,0,,0,106.85,9.25,3.56,0,0,0.61,27.57,33.71,0.49,51.04,,2.48,0,0,0,0,0,0,21.072
14,124,14124,35.05,38.56,4.26,0.57,3.97,,0.03,0,0.72,0.01,452.57,0,0.05,0,0.5,0.01,0,,0,0,,20.31,73.79,151.02,48.89,0.77,7.88,1.08,26.41,115.65,19.55,175.07,,2.48,0,0,0,0,0,0,20.188
15,1,15001,13.59,33.95,0.43,0.58,13.56,,0.02,0,0.58,0.03,460.85,0,0.02,0,0.09,0.02,0,,0.06,0,5.24,0.36,22.77,143.86,14.14,0.93,0.66,3.69,4.23,117.77,5.26,178.28,,0.14,0,0,0,0,0,0,0
15,2,15002,6.2,46.01,12.34,0.79,3.3,0,0.09,0,0.81,0.04,116.76,0,0.09,0,0.54,0.12,0,,0.75,0,0.21,18.53,130.18,231.58,35.43,0.5,9.19,0.9,1.06,159.59,34.14,241.58,,0.14,0,0,0,2.78,0.4,1.45,0
15,3,15003,3.26,24.18,0,0.42,10.09,,0.02,0,0.42,0.02,328.25,0,0.01,0,0.06,0.01,0,,0.01,0,0.73,0.36,14.86,103.88,8.62,0.73,0,2.75,3.34,83.89,2.62,126.98,,0.14,0,0,0,0,0,0.1,0
15,4,15004,1.14,8.48,1.7,0.15,3.3,,0.01,0,0.15,0.01,115.08,0,0,0,0.01,0,0,,0.01,0,4.85,0,2.62,38.41,6.62,0.22,0.99,0.9,0.95,29.41,3.06,44.52,,,0,0,0,0,0,0,0
15,5,15005,15.48,75.35,0,1.3,17.07,0.05,0.06,0,1.21,0.07,1260.23,0,0.04,0,0.21,0.04,0,,0.02,0,1.59,3.21,49.99,306.92,42.81,0.44,10.18,4.65,5.3,261.37,9.48,395.65,,,0,0,0,1.87,0.27,0.03,0
15,6,15006,0.72,5.34,0,0.09,0.37,,0.01,0,0.1,0,72.46,0,0.02,0,0.1,0.02,0,,0.01,0,,6.06,24.6,29.21,0,0.28,0,0.1,0.1,18.52,1.88,28.03,,,0,0,0,0,0,0,0
15,7,15007,1.64,12.15,0,0.21,2.77,,0,0,0.2,0.01,164.91,0,0,0,0,0,0,,0.01,0,4.4,0,1.03,49.01,22.49,0.03,0.33,0.76,1.75,42.14,0.8,63.8,,0.14,0,0,0,0,0,0,0
15,8,15008,2.18,16.14,0,0.28,15.32,,0.02,0,0.03,0.01,219.09,0,0,0,0.02,0,0,,0.02,0,14.26,0.71,4.13,13.08,8.52,0.26,0.99,4.17,6.22,55.99,2.05,84.75,,0.14,0,0,0,0,0,0,0
15,9,15009,3.89,28.88,5.96,0.5,3.12,0,0.06,0,0.51,0.03,157.99,0,0.01,0,0.07,0.01,0,,0.05,0,8.58,3.92,15.93,134.99,54.37,0.41,6.57,0.85,1.12,100.19,11.17,151.67,,0.14,0,0,0,0.65,0.09,0,0
15,10,15010,2.07,15.37,2.55,0.26,1.56,0,0.04,0,0.27,0.01,141.01,0,0.02,0,0.1,0.02,0,,0.01,0,,0.71,23.52,74.31,9.13,0.39,1.97,0.43,0.63,53.32,13.46,80.71,,0.14,0,0,0,0.75,0.11,3.33,0
15,11,15011,4.26,25.52,2.98,0.44,0.86,0.01,0.04,0,0.41,0.02,148.22,0,0.02,0,0.13,0.03,0,,0.01,0,,8.2,31.63,109.22,21.52,0.52,1.97,0.23,0.47,88.54,7.3,134.03,,,0,0,0,0,0,0,0
15,12,15012,0.72,5.32,0,0.09,0.39,,0.01,0,0.01,0,72.22,0,0.01,0,0.07,0.02,0,,0.01,0,,5.34,17.05,8.36,0,0.16,0.99,0.11,0.11,18.46,1.66,27.94,,,0,0,0,0,0,0,0
15,13,15013,40.49,282.21,381.73,4.85,0.75,,0.59,0.02,5.36,0.26,9.82,0.02,0.47,0.02,2.71,0.58,0.0001,,0.13,0,2.64,81.96,654.61,1487.72,245.2,4.56,49.59,0.2,0.01,978.91,224.26,1481.84,,,0,0,0,0,0,0.7,0
15,14,15014,39.06,46.48,20.85,0.8,11.58,0,0.15,0,0.08,0.04,630.94,0,0.16,0.01,0.92,0.2,0,,0.08,0,2.3,11.4,222.17,94.26,97,6.32,11.16,3.15,2.66,161.24,64.08,244.08,,0.14,0,0,0,1.33,0.19,0.11,88.804
15,15,15015,1.94,14.4,0.43,0.25,2.16,,0.02,0,0.24,0.01,43,0,0,0,0.02,0.01,0,,0,0,0.23,0,5.96,60.22,0.96,0.38,2.63,0.59,0.78,49.95,2.43,75.61,,,0,0,0,0.18,0.03,0,0
15,16,15016,1.76,13.09,0.43,0.23,4.48,0,0.01,0,0.24,0.01,126.86,0,0.01,0,0.04,0.01,0,,0,0,0.56,0.36,9.62,59.5,25.12,0.09,0.33,1.22,2.55,45.4,2.21,68.73,,0.14,0,0,0,3.12,0.45,0,0
15,17,15017,0.51,3.8,0,0.07,1.27,,0,0,0.01,0,51.92,0,0,0,0.02,0,0,,0,0,0.11,0,4.53,3.34,0,0,0.33,0.35,0.53,13.18,0.25,19.95,,0.14,0,0,0,1.02,0.15,0.03,0
15,18,15018,5.17,23.15,1.28,0.4,1.46,,0.04,0,0.35,0.02,168.44,0,0.02,0,0.09,0.02,0,,0.02,0,0.66,2.49,22.77,93.05,14.22,0.86,2.3,0.4,1.39,80.32,4.3,121.58,,,0,0,0,0,0,0.58,0
15,19,15019,10.68,18.42,6.81,0.32,1.42,0,0.06,0,0.31,0.02,249.99,0,0.03,0,0.2,0.04,0,,0.01,0,0.22,5.34,48.68,92.48,0.8,0.39,6.57,0.39,0.25,63.89,15.78,96.71,,,0,0,0,0,0,0.02,0
15,20,15020,41.46,170.77,63.83,2.94,0.52,,0.38,0.01,3.42,0.16,1.91,0.01,0.06,0,0.36,0.08,0,,0,0,2.88,69.13,87.38,891.46,81.61,2.51,30.54,0.14,0.01,592.38,62.54,896.72,,,0,0,0,0,0,0.02,0
15,21,15021,9.12,19.03,0.43,0.33,7.96,,0.02,0,0.32,0.02,258.28,0,0,0,0.02,0,0,,0.02,0,7.74,0,4.81,80.69,13.19,1.33,3.61,2.17,2.6,66,3.84,99.91,,0.14,0,0,0,0,0,0,25.576
15,22,15022,0.98,7.24,0.43,0.12,0.19,,0.01,0,0.11,0.01,44.16,0,0,0,0.01,0,0,,0,0,0.05,0.36,1.83,29.31,0,0.08,2.3,0.05,0.39,25.11,2.05,38.01,,0.14,0,0,0,0,0,0,0
15,23,15023,3.17,23.5,2.98,0.4,0.87,0.01,0.04,0,0.04,0.02,52.29,0,0.01,0,0.04,0.01,0,,0,0,,1.43,10.77,21.65,13.18,0.39,2.3,0.24,0.17,81.5,4.69,123.37,,,0,0,0,0.91,0.13,0.03,0
15,24,15024,8.88,65.9,35.75,1.13,1.72,,0.19,0.01,1.26,0.06,118.81,0,0.21,0.01,1.23,0.26,0,,0.15,0,,21.38,296.87,386.17,151.85,44.35,10.51,0.47,0.39,228.6,37.54,346.04,,,0,0,0,1.25,0.18,0.01,0
15,25,15025,30.97,153.73,104.26,2.64,4.88,0.01,0.38,0.01,2.56,0.14,184.34,0.01,0.17,0.01,1,0.21,0,,0.09,0,4.82,22.09,240.68,719.55,215.74,2.08,33.17,1.33,1.78,533.25,118.93,807.22,,0.14,0,0,0,2.7,0.39,0.11,0
15,26,15026,2.41,12.99,0,0.22,6.72,,0.01,0,0.23,0.01,176.29,0,0.01,0,0.06,0.01,0,,0.01,0,2.67,0,14.94,56.89,3.84,0.13,1.64,1.83,0.84,45.05,0.71,68.2,,0.14,0,0,0,0,0,0.04,0
15,27,15027,0.53,3.93,0,0.07,0.24,,0.01,0,0.07,0,7.42,0,0,0,0.01,0,0,,0.01,0,,0,1.43,17.34,8.37,0.04,2.96,0.06,0.15,13.63,2.07,20.64,,,0,0,0,0,0,0,0
15,28,15028,1.82,13.54,1.7,0.23,1.58,0.01,0.02,0,0.22,0.01,122.08,0,0.01,0,0.06,0.01,0,,0.01,0,,9.62,13.75,56.78,21.61,0.06,3.61,0.43,0.19,46.95,4.85,71.07,,,0,0,0,0.99,0.14,0,0
15,29,15029,13.69,101.55,8.94,1.75,0.72,0,0.12,0,1.91,0.09,22.8,0.01,0.03,0,0.19,0.04,0,,0.01,0,0.43,17.1,47.05,478.62,49.28,0.73,6.24,0.2,0.56,352.25,29.76,533.23,,0.14,0,0,0,0,0,3.76,0
15,30,15030,1.58,11.74,1.7,0.2,0.18,,0.16,0,0.18,0.01,9.65,0,0.01,0,0.04,0.01,0,,0,0,,12.12,10.53,74.88,0,0.38,0.66,0.05,0.04,40.72,7.17,61.64,,,0,0,0,0,0,0,0
15,31,15031,554.75,313.78,17.02,5.4,0.61,0,0.55,0.02,0.53,0.29,18.41,0.02,0.1,0,0.59,0.13,0,,0.11,0,,49.89,141.94,298.8,84.68,5.14,37.76,0.16,0.07,1088.43,102.34,1647.62,,0.14,0,0,0,0.93,0.13,0.1,0
15,32,15032,2.38,17.69,0,0.3,4.47,,0.01,0,0.03,0.02,240.13,0,0,0,0.01,0,0,,0,0,14.32,0,1.63,10.57,0,0.07,0.33,1.22,1.49,61.36,0.51,92.89,,0.14,0,0,0,0,0,0.05,0
15,33,15033,406.46,1008.28,323,17.34,4.31,,2.42,0.07,18.04,0.93,11.19,0.06,1.42,0.06,8.23,1.76,0.0003,,0.22,0,2.26,407.28,1990.51,5065.51,819.06,29.09,197.03,1.17,0.03,3497.49,661.4,5294.38,,,0,0,0,3.58,0.52,3.75,0
15,34,15034,0.66,4.93,0,0.08,0.92,0.04,0.01,0,0.07,0,30.99,0,0,0,0.01,0,0,,0,0,0.02,0,1.75,18.94,0,0.04,0,0.25,0.37,17.08,1.41,25.86,,,0,0,0,0,0,0.03,0
15,35,15035,4.81,35.67,3.4,0.61,1.95,,0.04,0,0.65,0.03,124.23,0,0.1,0,0.59,0.13,0,,0.04,0,,2.85,141.54,185.1,18.28,0.42,6.24,0.53,1.1,123.72,26.95,187.29,,0.14,0,0,0,1.82,0.26,0.09,0
15,36,15036,2.94,21.81,0.85,0.37,4.51,,0.03,0,0.36,0.02,156.7,0,0.01,0,0.05,0.01,0,,0.02,0,,0.36,10.89,91.85,5.24,0.44,3.61,1.23,2.09,75.64,3.8,114.5,,0.14,0,0,0,0,0,0.03,0
15,37,15037,18.03,133.8,11.92,2.3,8.13,,0.27,0.01,2.47,0.12,395.43,0.01,0.03,0,0.2,0.04,0,,0.02,0,5.67,36.35,48.24,640.86,153.35,1.48,16.42,2.21,0.63,464.14,47,702.6,,,0,0,0,3.58,0.52,6.46,0
15,38,15038,0.71,5.25,0,0.09,1.87,,0.01,0,0.09,0,109.91,0,0,0,0.01,0,0,,0,0.02,0.6,0,1.47,23.1,0,0.05,0,0.51,0.24,18.21,0.52,27.56,,,0,0,0,0,0,0.17,0
15,39,15039,61.18,256.23,30.21,4.41,4.72,0.01,0.35,0.01,4.68,0.24,122.84,0.02,0.21,0.01,1.21,0.26,0,,0.23,0,17.79,44.18,293.61,1217.1,191.13,3.46,21.67,1.29,1.25,888.81,115.21,1345.45,,0.14,0,0,0,0,0,9.33,0
15,40,15040,3.24,17.96,0.43,0.31,7.17,,0.1,0,0.32,0.02,243.79,0,0.01,0,0.03,0.01,0,,0.05,0,1.89,2.49,7.23,96.17,14.94,1.14,9.85,1.95,0.46,62.3,12.71,94.31,,,0,0,0,0,0,0,0
15,41,15041,0.51,3.79,0,0.07,2.43,0,0,0,0.07,0,51.47,0,0,0,0,0,0,,0,0,10.21,0,0.36,16.46,0,0.02,0,0.66,0.45,13.15,0.38,19.91,,,0,0,0,0,0,0,0
15,42,15042,10.18,75.55,9.79,1.3,15.8,,0.12,0,1.19,0.07,1025.53,0,0.06,0,0.34,0.07,0,,0.04,0,1.15,2.85,81.38,318.73,37.73,1.71,7.55,4.3,5.47,262.07,20.62,396.72,,0.14,0,0,0,4.95,0.71,0.02,0
15,43,15043,1.61,11.95,0,0.21,2.51,,0.02,0,0.18,0.01,162.15,0,0,0,0.03,0.01,0,,0.02,0,1.24,2.14,6.56,48.53,16.01,0.77,3.94,0.68,0.52,41.44,3.73,62.73,,,0,0,0,0,0,0.05,0
15,44,15044,2.12,15.74,0.43,0.27,0.68,0,0.02,0,0.28,0.01,213.68,0,0,0,0.03,0.01,0,,0,0,,8.2,6.99,71.64,24.07,0.18,1.31,0.19,0.21,54.61,5.92,82.66,,0.14,0,0,0,0,0,0,0
15,45,15045,6.99,42.78,5.11,0.74,14.36,0,0.06,0,0.74,0.04,580.63,0,0.03,0,0.19,0.04,0,,0.06,0,1.23,4.63,46.77,193.24,53.79,1.65,7.55,3.91,3.02,148.38,25.57,224.61,,0.14,0,0,0,1.71,0.25,0.02,31.932
15,46,15046,1.11,8.26,0,0.14,2.89,0.01,0.01,0,0.01,0.01,112.51,0,0,0,0.01,0,0,,0.01,0,3.23,0,2.34,6.65,6.87,0.05,0,0.79,0.31,28.64,0.82,43.36,,,0,0,0,0,0,1.07,0
15,47,15047,7.29,35.82,0.43,0.62,9.73,0,0.02,0,0.59,0.03,486.14,0,0,0,0.02,0,0,,0.03,0,1.12,0,4.37,142.97,8.93,0.31,0.66,2.65,3.64,124.24,2.12,188.06,,0.14,0,0,0,0,0,0,0
15,48,15048,15.53,33.09,6.81,0.57,10.59,,0.04,0,0.58,0.03,449.13,0,0.16,0.01,0.94,0.2,0,,0.02,0,1.55,1.43,226.18,185.62,28.45,0.3,0.33,2.88,3.84,114.78,81.16,173.74,,0.14,0,0,0,0.63,0.09,0.21,0
15,49,15049,2.53,6.59,0,0.11,1.35,,0.01,0,0.11,0.01,89.51,0,0,0,0.01,0,0,,0.01,0,4.24,0,2.26,28.28,7.6,0.09,0.66,0.37,0.64,22.88,0.63,34.63,,,0,0,0,0,0,0,0
15,50,15050,1.69,12.55,0.43,0.22,0.98,,0.02,0,0.2,0.01,12.53,0,0.01,0,0.07,0.01,0,,0.01,0,0.22,1.07,15.93,55.09,6.68,0.21,0.66,0.27,1.99,43.54,2.32,65.91,,,0,0,0,0,0,0,0
15,51,15051,8.5,63.05,2.98,1.08,6.57,0,0.13,0,1.04,0.06,635.31,0,0.43,0.02,2.52,0.54,0.0001,,0.02,0,3.72,9.26,608.88,379.12,84.07,39.45,3.28,1.79,2.11,218.72,87.74,331.09,,0.14,0,0,0,0.55,0.08,0.33,0
15,52,15052,3.9,13.72,0,0.24,5.71,,0.04,0,0.23,0.01,186.21,0,0,0,0.01,0,0,,0.03,0,1.73,0.36,3.14,62.36,7.04,0.1,1.31,1.55,0.99,47.59,2.12,72.03,,0.14,0,0,0,0,0,0,0
15,53,15053,3.03,22.52,2.13,0.39,0.57,,0.05,0,0.38,0.02,69.86,0,0.02,0,0.1,0.02,0,,0,0,,5.7,24.32,103.66,14.23,0.43,13.79,0.16,0.2,78.11,13.82,118.25,,,0,0,0,0,0,0,0
15,54,15054,42.41,123.03,13.19,2.12,3.75,,0.47,0.01,2.32,0.11,55.66,0.01,0.07,0,0.4,0.08,0,,0.01,0.04,,78.75,95.96,653.33,115.32,2.88,30.54,1.02,0.87,426.77,91.95,646.03,,,0,0,0,0,0,1.7,0
15,55,15055,3.69,6.07,0.85,0.1,0.15,,0.01,0,0.09,0.01,24.47,0,0,0,0.01,0,0,,0,0,,1.43,3.62,24.69,14.62,0.07,0,0.04,0.14,21.05,2.33,31.86,,,0,0,0,0,0,0,0
15,56,15056,5.41,15.78,0,0.27,6.87,0,0.01,0,0.27,0.01,214.26,0,0.02,0,0.09,0.02,0,,0.02,0,2.51,0,21.42,68.77,0,0.13,0.33,1.87,1.93,54.75,1.28,82.88,,0.14,0,0,0,0,0,0,0
15,57,15057,90.71,490.59,657.07,8.44,4.85,0.01,1.97,0.06,9.64,0.45,258,0.03,1.72,0.08,9.98,2.14,0.0003,,0.12,0.15,2.78,314.64,2412.54,3076.78,503.83,29.88,125.11,1.32,0.27,1701.75,668.1,2576.04,,,0,0,0,1.4,0.2,22.9,0
15,58,15058,120.49,681.16,248.1,11.71,0.23,,1.82,0.05,12.74,0.63,66.75,0.04,0.41,0.02,2.4,0.51,0.0001,,0.28,0,,430.45,579.12,3449.28,490.2,23.88,213.78,0.06,0,2362.78,454.2,3576.7,,,0,0,0,3.01,0.43,0.64,0
15,59,15059,1.81,13.44,0.43,0.23,0.84,0,0.02,0,0.23,0.01,96.87,0,0.01,0,0.05,0.01,0,,0.01,0,,21.38,12.72,59.41,6.93,0.13,2.3,0.23,0.64,46.63,4.02,70.58,,0.14,0,0,0,1.17,0.17,0,0
15,60,15060,24.67,183.06,20.85,3.15,5.82,,0.28,0.01,3.31,0.17,397.48,0.01,0.08,0,0.44,0.09,0,,0,0,21.59,15.32,107.01,848.96,80.67,2.78,34.15,1.58,1.34,635,57.66,961.23,,0.14,0,0,0,0,0,0.24,0
15,61,15061,0.66,4.89,0,0.08,1.28,,0.01,0,0.09,0,21.04,0,0.01,0,0.07,0.01,0,,0,0,,0.36,16.25,25.57,0,0.02,0,0.35,1.36,16.95,5.45,25.66,,0.14,0,0,0,1.72,0.25,0.04,0
15,62,15062,4.36,32.38,0,0.56,4.26,0.05,0.09,0,0.52,0.03,166.55,0,0.08,0,0.44,0.1,0,,0.01,0,6.82,4.63,107.57,161.18,77.32,0.42,9.85,1.16,0.95,112.33,19.89,170.05,,,0,0,0,2.29,0.33,0.14,0
15,63,15063,2.12,15.73,0,0.27,5.9,,0.01,0,0.25,0.01,213.46,0,0,0,0.01,0,0,,0.01,0,5.98,0,2.3,62.31,5.31,0.12,0.33,1.61,1.69,54.55,0.94,82.58,,,0,0,0,0,0,0,0
15,64,15064,6.66,19.02,0.85,0.33,5.56,,0.02,0,0,0.02,258.17,0,0.01,0,0.03,0.01,0,,0.04,0,,1.07,7.43,8.36,8.61,0.24,0.99,1.51,1.59,65.98,4.95,99.87,,,0,0,0,1.92,0.28,0,0
15,65,15065,2.4,17.84,0,0.31,3.12,,0.03,0,0.31,0.02,173.12,0,0.01,0,0.04,0.01,0,,0.02,0,,1.78,8.9,80.2,10.06,0.26,4.93,0.85,1.97,61.89,5.97,93.68,,0.14,0,0,0,3.63,0.52,0.47,0
15,66,15066,0.38,2.84,0,0.05,2.43,,0,0,0.05,0,38.49,0,0,0,0,0,0,,0,0,,0,1.07,11.82,0,0.05,0,0.66,1.64,9.84,0.11,14.89,,,0,0,0,0,0,0,0
15,67,15067,5.44,40.38,46.81,0.69,2.6,,0.05,0,0.62,0.04,528.71,0,0.09,0,0.53,0.11,0,,0.02,0,0.65,1.78,127.51,177.66,11.48,0.24,1.64,0.71,0.02,140.07,96.72,212.03,,,0,0,0,0,0,0.04,0
15,68,15068,1.94,14.37,1.7,0.25,2.4,0,0.04,0,0.25,0.01,90.25,0,0.01,0,0.06,0.01,0,,0,0,,2.49,13.47,67.26,5.61,0.32,3.94,0.65,0.55,49.83,8.82,75.44,,0.14,0,0,0,0.72,0.1,0,0
15,69,15069,0.3,2.25,0,0.04,0.27,0,0.01,0,0.04,0,1.06,0,0,0,0.02,0,0,,0,0,,1.07,5.64,10.53,0,0.19,3.28,0.07,0.02,7.8,6.17,11.81,,,0,0,0,0,0,0.01,0
15,70,15070,18.72,138.88,45.96,2.39,1.21,,0.42,0.01,2.53,0.13,5.29,0.01,0.29,0.01,1.69,0.36,0.0001,,0,0,,54.16,409,748.03,59.18,5.46,23.97,0.33,0.12,481.76,146.33,729.26,,0.14,0,0,0,1.55,0.22,0.07,0
15,71,15071,0.99,7.36,0,0.13,3.48,0.03,0.01,0,0.01,0.01,99.87,0,0.01,0,0.06,0.01,0,,0.01,0,,0,15.5,9.53,11.09,0.08,0.33,0.95,1.56,25.52,1.94,38.63,,0.14,0,0,0,2.39,0.35,0,0
15,72,15072,4.98,6.54,0.43,0.11,0.49,,0.01,0,0.1,0.01,56.28,0,0.02,0,0.11,0.02,0,,0.01,0,,0.71,25.63,29.77,8.22,0.05,0.66,0.13,0.34,22.69,2.6,34.35,,,0,0,0,0,0,0.08,0
15,73,15073,0.91,6.76,0.85,0.12,0.29,,0.01,0,0.1,0.01,12,0,0.03,0,0.18,0.04,0,,0.01,0,,1.07,42.92,34.27,0,0.08,0,0.08,0.41,23.44,5.07,35.48,,,0,0,0,0,0,1.31,0
15,74,15074,11.75,59.84,0.85,1.03,19.08,,0.05,0,0.88,0.06,812.29,0,0.01,0,0.03,0.01,0,,0.08,0,0.85,1.07,7.19,218.32,32.55,1.5,0.99,5.19,4.82,207.58,4.56,314.23,,0.14,0,0,0,1.06,0.15,0.06,0
15,75,15075,1.73,12.85,0,0.22,1.7,,0.03,0,0.23,0.01,145.73,0,0.02,0,0.1,0.02,0,,0,0,1.2,2.49,23.48,62.67,48.09,1.45,2.63,0.46,1.11,44.56,7.92,67.46,,0.14,0,0,0,1.04,0.15,0,0
15,76,15076,5.37,39.86,73.2,0.69,1.02,,0.18,0.01,0.64,0.04,2.27,0,0.14,0.01,0.83,0.18,0,,0.01,0,,11.76,199.79,222.67,40.66,0.64,13.14,0.28,0.09,138.26,31.79,209.3,,,0,0,0,0.33,0.05,0.02,0
15,77,15077,0.44,3.23,0,0.06,3.03,,0,0,0.05,0,43.84,0,0,0,0,0,0,,0.01,0,15.76,0,0.48,13.28,0,0.28,0,0.83,0.4,11.2,0,16.96,,,0,0,0,0,0,0,0
15,78,15078,0.72,5.31,0,0.09,1.74,,0,0,0.09,0,72.05,0,0,0,0,0,0,,0,0,0.2,0,1.07,22.49,0,0.08,0,0.47,0.38,18.41,0.56,27.87,,,0,0,0,0,0,0,0
15,79,15079,0.86,6.4,1.28,0.11,4.16,0.01,0,0,0.01,0.01,86.89,0,0.01,0,0.07,0.01,0,,0,0,0.65,0,16.81,7.6,0,0.04,0.66,1.13,0.99,22.21,3.9,33.61,,0.14,0,0,0,0,0,0,0
15,80,15080,2.01,14.92,0,0.26,11.64,,0.01,0,0.24,0.01,202.55,0,0,0,0.01,0,0,,0.03,0,26.13,0,1.31,58.71,5.97,0.08,1.64,3.17,2.12,51.76,1,78.36,,0.14,0,0,0,0,0,0.01,0
15,81,15081,40.23,161.59,19.15,2.78,4.7,0,0.29,0.01,3.09,0.15,75.74,0.01,0.11,0,0.61,0.13,0,,0.04,0,,46.68,148.14,807.54,123.57,1.66,27.58,1.28,1.87,560.54,77.69,848.52,,0.14,0,0,0,0,0,4.68,0
15,82,15082,11.59,37.35,3.4,0.64,26.31,,0.08,0,0.61,0.03,507.04,0,0.01,0,0.06,0.01,0,,0.07,0,54.91,2.85,15.18,162.56,42.02,1.69,10.18,7.16,4.02,129.58,13.89,196.15,,0.14,0,0,0,0,0,0.16,21.466
15,83,15083,0.82,6.05,0,0.1,0.6,0.01,0.01,0,0.1,0.01,79.39,0,0,0,0.01,0,0,,0,0,,1.07,1.75,25.18,0,0.02,0,0.16,0.21,21,2.01,31.78,,0.14,0,0,0,0,0,0.05,0
15,84,15084,2.66,19.75,1.7,0.34,4.9,,0.02,0,0.35,0.02,117.19,0,0.01,0,0.05,0.01,0,,0.01,0,,1.07,11.4,89.47,2.39,0.13,0.66,1.33,2.6,68.5,5.42,103.69,,0.14,0,0,0,1.4,0.2,0,0
15,85,15085,4.68,34.74,0.85,0.6,7.23,,0.04,0,0.57,0.03,471.55,0,0.04,0,0.24,0.05,0,,0.04,0,3.27,1.07,58.69,151.29,29.36,0.36,6.9,1.97,2.63,120.51,7.34,182.42,,0.14,0,0,0,3.77,0.54,0,0
15,86,15086,2.44,18.12,0,0.31,13.09,0,0.01,0,0.3,0.02,245.92,0,0,0,0,0,0,,0.02,0,32.77,0.36,1.07,73.36,12.52,0.1,2.63,3.56,1.83,62.85,0.74,95.13,,0.14,0,0,0,0,0,0.12,0
15,87,15087,6.25,46.41,0.85,0.8,7.95,,0.05,0,0.67,0.04,630,0,0.01,0,0.05,0.01,0,,0.04,0,,0.71,11.48,170.01,19.67,0.35,2.3,2.16,2.55,161,10,243.71,,,0,0,0,0,0,0,0
15,88,15088,16.7,47.89,8.94,0.82,5.41,0,0.13,0,0.08,0.04,650.01,0,0.04,0,0.24,0.05,0,,0.06,0,7.94,5.34,57.5,60.1,44.25,4.61,10.84,1.47,1.35,166.11,15.97,251.45,,,0,0,0,0,0,0,0
15,89,15089,0.76,5.63,0,0.1,0.58,,0.01,0,0.01,0.01,69.41,0,0,0,0.01,0,0,,0,0,0.49,0.36,2.19,5.01,0,0.13,0,0.16,0.32,19.54,0.91,29.58,,0.14,0,0,0,1.55,0.22,0.02,0
15,90,15090,5.53,41.01,1.7,0.71,5.04,,0.1,0,0.67,0.04,556.67,0,0.06,0,0.34,0.07,0,,0.03,0,5.1,5.34,81.22,190.36,22.69,5.89,9.85,1.37,2.36,142.26,16.93,215.35,,,0,0,0,0,0,0.12,0
15,91,15091,5.93,44.01,2.55,0.76,1.21,,0.08,0,0.75,0.04,112.56,0,0.02,0,0.14,0.03,0,,0,0,,6.41,34.33,196.76,93.7,0.44,10.18,0.33,0.45,152.67,19.49,231.11,,0.14,0,0,0,0.7,0.1,0,0
15,92,15092,4.05,27.94,2.55,0.48,2.76,0.01,0.07,0,0.5,0.03,127.49,0,0.04,0,0.21,0.05,0,,0.03,0,,6.41,51.7,140.06,13.2,0.85,5.58,0.75,0.78,96.91,20.99,146.7,,0.14,0,0,0,0,0,0,0
15,93,15093,2.05,15.24,0,0.26,1.28,0,0.01,0,0.26,0.01,183.32,0,0,0,0.01,0,0,,0.01,0,1,3.92,3.62,63.39,0,0,1.64,0.35,0.32,52.87,1.02,80.04,,,0,0,0,0,0,0,0
15,94,15094,1.36,10.1,0,0.17,0.91,,0.02,0,0.17,0.01,44.09,0,0,0,0.01,0,0,,0.02,0,,0.36,2.7,43.29,15.38,0.18,2.96,0.25,0.49,35.04,2.12,53.04,,,0,0,0,1.45,0.21,0,0
15,95,15095,13.24,40.45,5.11,0.7,4.47,0,0.13,0,0.73,0.04,137.46,0,0.23,0.01,1.34,0.29,0,,0,0,8.99,5.7,323.85,254.36,70.61,0.38,8.54,1.22,1.12,140.3,66.44,212.38,,0.14,0,0,0,0,0,0.15,0
15,96,15096,2.5,18.56,4.26,0.32,1.35,,0.03,0,0.33,0.02,65.93,0,0.03,0,0.15,0.03,0,,0.02,0,,1.07,35.6,90.62,11.64,0.53,6.9,0.37,1.09,64.39,6.81,97.47,,0.14,0,0,0,2.08,0.3,0,0
15,97,15097,3.32,9.45,0,0.16,3.71,,0.02,0,0.16,0.01,128.28,0,0,0,0.01,0,0,,0,0,4.95,0,1.67,39.79,9.69,0.1,0.66,1.01,1.45,32.78,1.47,49.62,,0.14,0,0,0,0,0,0,0
15,98,15098,2.82,2.7,0,0.05,0.56,,0.01,0,0.05,0,36.59,0,0,0,0.01,0,0,,0,0,,0,2.74,12.81,12.01,0.01,0,0.15,0.22,9.35,1.1,14.16,,,0,0,0,0,0,0.01,0
15,99,15099,22.18,125,20.85,2.15,5.96,0,0.36,0.01,0.22,0.11,162.9,0.01,0.13,0.01,0.78,0.17,0,,0.05,0,4.01,76.97,187.59,172.1,136.11,3.13,32.84,1.62,1.64,433.61,122.17,656.39,,0.14,0,0,0,2.28,0.33,5.02,35.436
15,100,15100,2.04,15.15,2.13,0.26,2.03,,0.03,0,0.27,0.01,86.72,0,0.01,0,0.05,0.01,0,,0,0,,3.56,11.29,70.08,23.78,0.07,2.3,0.55,0.16,52.56,5.8,79.57,,0.14,0,0,0,0,0,0,0
15,101,15101,15.02,38.44,38.73,0.66,3.77,,0.09,0,0.6,0.04,521.78,0,0.21,0.01,1.22,0.26,0,,0.03,0,3.05,4.99,295.16,211.6,43.18,0.46,10.84,1.03,1.31,133.34,33.43,201.85,,,0,0,0,0,0,0.01,0
15,102,15102,1.15,8.56,0,0.15,3.74,0,0,0,0.15,0.01,116.21,0,0.01,0,0.08,0.02,0,,0.01,0,1.09,0,20.46,40.77,6.31,0.03,0,1.02,0.74,29.7,0.83,44.95,,0.14,0,0,0,0,0,0,0
15,103,15103,4.36,26.24,0,0.45,0.98,0.02,0.04,0,0.47,0.02,150.68,0,0.03,0,0.16,0.04,0,,0,0,3.81,5.7,39.82,124.8,6.23,0.21,3.94,0.27,0.57,91.01,7.97,137.76,,0.14,0,0,0,0,0,0.02,0
15,104,15104,108.33,408.39,845.17,7.02,4.75,0,1.86,0.05,8.03,0.38,5543.36,0.03,1.77,0.08,10.27,2.2,0.0004,,0.12,0.11,3.59,260.83,2483.39,2692.87,576.43,12.54,165.83,1.29,0.02,1416.62,745.32,2144.42,,,0,0,0,2.75,0.4,9.02,0
15,105,15105,2.68,19.89,0,0.34,18.94,,0.01,0,0.35,0.02,270.01,0,0,0,0,0,0,,0.05,0,1.04,0,0.91,83.28,0,0.06,0,5.16,8.22,69,0.35,104.45,,0.14,0,0,0,0,0,0,0
15,106,15106,698.07,446.44,596.64,7.68,14.76,0.01,1.82,0.05,8.1,0.41,800.17,0.03,1.1,0.05,6.39,1.37,0.0002,,0.45,0,5.02,368.8,1545.06,2538.94,525.11,185.74,180.94,4.02,4.6,1548.59,419.76,2344.2,13.04,,137.568,17.6,0,3.82,0.55,9.01,87.162
15,107,15107,0.88,6.51,1.28,0.11,2.75,,0.02,0,0.01,0.01,88.37,0,0,0,0.03,0.01,0,,0,0,0.55,2.85,6.12,9.16,17.36,0.36,1.97,0.75,0.49,22.58,3.19,34.19,,,0,0,0,0,0,0,0
15,108,15108,8.87,65.78,2.55,1.13,0.28,,0.1,0,1.12,0.06,79.12,0,0.03,0,0.2,0.04,0,,0,0,,17.82,48.99,291.07,44.42,1.01,12.15,0.08,0.24,228.18,25.73,345.41,,,0,0,0,1.17,0.17,0,0
15,109,15109,74.96,282.41,160.01,4.86,0.84,,0.5,0.01,5.29,0.26,36.55,0.02,0.59,0.03,3.46,0.74,0.0001,,0,0,3.23,64.85,835.49,1487.62,177.96,3.82,61.08,0.23,0.27,979.62,219.39,1482.91,,,0,0,0,0.89,0.13,3.22,0
15,110,15110,14.51,31.59,2.55,0.54,7.43,,0.13,0,0.56,0.03,428.86,0,0.01,0,0.08,0.02,0,,0.06,0,19.22,4.99,19.83,159.75,44.16,0.56,6.57,2.02,1.27,109.59,20.65,165.9,,0.14,0,0,0,0,0,0.09,37.05
15,111,15111,3.38,25.05,0,0.43,6.46,,0.01,0,0.39,0.02,339.97,0,0,0,0.02,0,0,,0,0,6.75,0,4.29,94.06,1.62,0.12,0,1.76,3.83,86.88,1.8,131.52,,0.14,0,0,0,0,0,0,0
15,112,15112,3.19,23.64,0.85,0.41,8.21,0,0.03,0,0.39,0.02,435.21,0,0.01,0,0.05,0.01,0,,0.01,0,9.74,0.36,11.6,98.08,11.15,0.27,2.3,2.23,1.42,82.01,5.66,124.14,,,0,0,0,0,0,0.02,0
15,113,15113,4.19,31.11,0.43,0.53,7.82,,0.04,0,0.54,0.03,422.27,0,0,0,0.02,0.01,0,,0.01,0,13.38,0.71,5.88,135.25,28.48,0.24,4.27,2.13,1.13,107.91,5.33,163.35,,,0,0,0,0,0,0.03,0
15,114,15114,6.26,46.48,0,0.8,9.48,,0.02,0,0.7,0.04,630.85,0,0.02,0,0.09,0.02,0,,0.01,0,2.51,1.78,21.54,172.2,31.71,0.27,1.31,2.58,4.19,161.21,1.51,244.04,,0.14,0,0,0,0,0,0.02,0
15,115,15115,3.64,27.04,3.4,0.46,1.38,,0.05,0,0.43,0.02,281.6,0,0.01,0,0.04,0.01,0,,0.01,0,0.33,2.85,8.74,112.44,24.65,0.36,5.58,0.38,0.39,93.79,11.55,141.98,,,0,0,0,0,0,0.09,0
15,116,15116,2.36,2.29,0,0.04,1.15,,0.01,0,0.04,0,31.1,0,0,0,0.01,0,0,,0,0,3.6,0,1.35,11.5,3.83,0.04,0,0.31,0.3,7.95,0.97,12.03,,0.14,0,0,0,0,0,8.53,0
15,117,15117,1.11,8.24,0,0.14,6.86,,0.01,0,0.14,0.01,111.87,0,0,0,0,0,0,,0.03,0,0.76,0,1.07,34.43,0,0.06,0,1.87,1.14,28.59,1.44,43.28,,0.14,0,0,0,0,0,1.48,0
15,118,15118,10.96,81.32,8.94,1.4,8,0,0.18,0.01,1.32,0.07,551.29,0.01,0.05,0,0.29,0.06,0,,0.01,0,4.69,12.12,69.1,358.68,75.72,1.22,33.49,2.18,2.55,282.09,47.28,427.02,,,0,0,0,0,0,0.83,0
15,119,15119,1.3,9.64,0,0.17,2.87,,0.01,0,0.15,0.01,130.91,0,0,0,0,0,0,,0,0,3.71,0,0.79,35.75,2.01,0.01,0,0.78,0.61,33.46,0.34,50.64,,,0,0,0,0,0,0,0
15,120,15120,10.3,76.44,10.64,1.31,4.74,,0.17,0,1.25,0.07,335.03,0,0.04,0,0.23,0.05,0,,0.03,0,,7.13,55.35,336.94,53.31,0.87,15.43,1.29,3.49,265.15,23.88,401.37,,0.14,0,0,0,0.57,0.08,0.3,62.394
15,121,15121,151.6,297.43,246.4,5.11,2.47,,0.89,0.03,5.74,0.27,74.67,0.02,1,0.05,5.79,1.24,0.0002,,0,0,,109.75,1400.66,1770.79,218.13,126.51,45.32,0.67,0.86,1031.73,388.14,1561.79,,,0,0,0,2.72,0.39,1.66,0
15,122,15122,26.74,198.45,17.02,3.41,0.18,0.01,0.42,0.01,3.51,0.18,15.12,0.01,0.1,0,0.56,0.12,0,,0.07,0,,41.33,136.45,930.76,16.05,4.22,36.45,0.05,0.01,688.37,72.24,1042.03,,,0,0,0,0,0,0,0
15,123,15123,8.42,16.85,0,0.29,0,,0.02,0,0.27,0.02,228.71,0,0,0,0.02,0,0,,0.03,0,42.83,0,4.57,68.18,0,0.1,4.93,0,5.31,58.45,4.83,88.48,,0.14,0,0,0,0,0,0,0
15,124,15124,6.43,47.75,0,0.82,0,,0.01,0,0.69,0.04,648.08,0,0,0,0.01,0,0,,0.04,0,2.24,1.07,1.71,165.24,0,0.1,0,0,4.78,165.62,0.74,250.71,,,0,0,0,0,0,0,0
15,125,15125,0.65,4.83,0,0.08,0,,0,0,0.08,0,65.51,0,0,0,0,0,0,,0,0,,0,0.79,20.46,0,0.02,0.66,0,0.01,16.74,0.82,25.34,,,0,0,0,0,0,0,0
16,1,16001,2.57,5.5,0,0.1,1.3,0,0.01,0,0.08,0,38.36,0,0.01,0,0.05,0,0,,0,0,6.23,2.14,7.99,25.85,8.59,0.15,1.64,0.35,10.84,20.82,7.78,31.52,,,0,0,0,0,0,0,3.689
16,2,16002,4.13,8.84,0,0.17,0.86,,0.01,0,0.14,0,130.99,0,0.01,0,0.14,0,0,,0.01,0,43.8,0,20.42,42.18,8.65,0.72,3.28,0.24,54.13,33.48,82.51,50.67,,0.74,0,0,0,0,0,0,10.705
16,3,16003,4.77,10.23,0,0.19,3.61,0,0.01,0,0.16,0,151.56,0,0,0,0.03,0,0,,0,0,,0.36,4.45,48.26,4.94,0.14,1.31,0.98,36.3,38.73,2.74,58.63,,0.74,0,0,0,0,0,0,14.021
16,4,16004,3.15,6.75,0,0.13,1.99,,0.01,0,0.11,0,99.98,0,0,0,0.01,0,0,,0,0,,0,1.75,32.38,5.63,0.21,2.96,0.54,28.57,25.55,2.8,38.68,,0.74,0,0,0,1.78,0.26,0,10.986
16,5,16005,2.55,5.47,0,0.1,1,,0,0,0.01,0,80.98,0,0,0,0.03,0,0,,0,0,0.51,0,4.45,4.12,3.4,1.07,0.33,0.27,3.74,20.7,1.4,31.33,,,0,0,0,0.67,0.1,0,0.166
16,6,16006,29.38,62.98,26.81,1.18,4.33,0,0.11,0.01,0.97,0.03,932.89,0,0.04,0.01,0.35,0.01,0,,0.05,0,64.87,8.2,52.17,308.62,74.29,1.29,48.93,1.18,95.29,238.4,65.49,360.88,,,0,0,0,0.51,0.07,0.13,36.534
16,7,16007,0.69,1.48,0,0.03,0.43,,0,0,0.02,0,21.93,0,0,0,0.02,0,0,,0,0,0.38,0,3.7,6.48,0,0.14,0,0.12,4.13,5.6,8.73,8.48,,,0,0,0,0.99,0.14,0,0.676
16,8,16008,5.34,11.44,0,0.21,10.01,,0,0,0.02,0.01,169.41,0,0,0,0,0,0,,0.01,0,,0,0.16,6.94,4.53,0,0,2.73,140.54,43.29,0.55,65.54,,,0,0,0,0,0,2.29,3.26
16,9,16009,8.08,17.32,2.98,0.32,6.19,0,0.02,0,0.27,0.01,256.55,0,0,0,0.05,0,0,,0,0,25.37,1.78,6.79,82.81,15.07,0.66,8.21,1.68,66.98,65.56,9.48,99.24,,0.74,0,0,0,0,0,0,0
16,10,16010,5.41,11.59,0,0.22,7.81,0,0.01,0,0.17,0.01,171.64,0,0,0,0.04,0,0,,0.01,0,77.44,1.43,5.88,52.87,7.29,0.15,1.64,2.13,23.88,43.86,4,66.4,,,0,0,0,7.05,1.02,0,0
16,11,16011,4.9,5.23,0,0.1,0.86,,0,0,0.08,0,77.5,0,0,0,0.04,0,0,,0,0,,1.07,5.6,25.21,4.53,0,0,0.24,32.75,19.81,0.82,29.98,,0.74,0,0,0,0,0,0,12.607
16,12,16012,9.71,20.82,0,0.39,4.64,0,0.02,0,0.33,0.01,308.34,0,0.01,0,0.09,0,0,,0,0,,0.36,13.15,102.03,29.4,1.61,4.6,1.26,94.6,78.8,11.37,119.28,,0.74,0,0,0,0,0,0.01,36.163
16,13,16013,2.38,5.11,0,0.1,3.69,,0,0,0.08,0,75.69,0,0,0,0.01,0,0,,0,0,,0.36,1.83,23.62,0,0.07,0.66,1,25.86,19.34,1.42,29.28,,,0,0,0,0,0,0,5.953
16,14,16014,2.97,6.37,0,0.12,5.82,0,0,0,0.11,0,94.3,0,0,0,0.01,0,0,,0.02,0,,0,2.23,32.15,8.64,0,0,1.58,55.83,24.1,1.06,36.48,,,0,0,0,0,0,0,7.266
16,15,16015,4.64,9.94,0.85,0.19,5.24,,0.01,0,0.15,0,147.18,0,0.01,0,0.07,0,0,,0,0,142.6,0.71,9.97,45.81,11.21,0.04,1.97,1.43,30.79,37.61,32.28,56.94,,,0,0,0,0,0,0,4.719
16,16,16016,4.97,10.66,0,0.2,3.38,0,0.01,0,0.18,0.01,157.9,0,0.01,0,0.08,0,0,,0,0,12.35,0,12.6,55.22,6.04,1.19,0.99,0.92,35.44,40.35,49.85,61.08,,0.74,0,0,0,1.09,0.16,0.03,13.072
16,17,16017,7.84,16.8,0,0.32,5.06,0,0,0,0.25,0.01,248.84,0,0.01,0,0.05,0,0,,0,0,,0,7.39,74.69,10.43,0.03,0.33,1.38,47.88,63.59,1.05,96.26,,0.74,0,0,0,2.47,0.36,0.03,9.07
16,18,16018,2.08,4.45,0,0.08,1.53,,0,0,0.07,0,65.91,0,0,0,0.01,0,0,,0.01,0,,0,1.31,20.75,0,0.02,0.33,0.42,4.3,16.84,1.2,25.5,,0.74,0,0,0,0,0,0,1.684
16,19,16019,4.65,9.96,0.85,0.19,2.98,0,0.01,0,0.17,0,147.6,0,0.01,0,0.13,0,0,,0.01,0,4.57,0.36,19.43,51.9,6.99,0.49,6.24,0.81,16.06,37.72,15.08,57.1,,0.74,0,0,0,0,0,0,2.665
16,20,16020,12.43,14.35,0,0.27,1.81,0,0.01,0,0.21,0.01,212.5,0,0.02,0.01,0.21,0.01,0,,0.03,0,,0,31.15,66.57,6.26,0.16,3.28,0.49,9.27,54.3,2.81,82.2,,0.74,0,0,0,0,0,0.06,3.614
16,21,16021,2.77,5.95,0,0.11,2.1,0,0,0,0.09,0,88.09,0,0.01,0,0.11,0,0,,0,0,16.65,0,15.93,26.48,0,0.04,0,0.57,11.82,22.51,19.79,34.08,,,0,0,0,0,0,0,4.533
16,22,16022,4.96,10.63,0,0.2,4.41,0,0,0,0.14,0.01,157.41,0,0,0,0.01,0,0,,0.01,0,0.76,0,1.55,41.39,0,0.59,1.31,1.2,17.99,40.23,0.81,60.89,,0.74,0,0,0,1.03,0.15,0.04,6.278
16,23,16023,2.46,5.26,0,0.1,2.29,,0,0,0.09,0,77.95,0,0.01,0,0.05,0,0,,0,0,,0,7.59,28.69,0,0.68,0.99,0.62,21.56,19.92,2.26,30.16,,0.74,0,0,0,1.16,0.17,0,2.554
16,24,16024,6.07,8.61,0,0.16,0.88,,0.01,0,0.11,0,127.55,0,0.02,0.01,0.22,0.01,0,,0.02,0,23.02,3.21,32.9,37.97,11.45,0.63,1.64,0.24,7.82,32.6,22.81,49.34,,,0,0,0,0,0,0,2.156
16,25,16025,7.74,16.58,0,0.31,1.73,,0.01,0,0.23,0.01,245.62,0,0.05,0.01,0.46,0.02,0,,0.01,0,130.75,0,67.75,73.96,8.06,0.56,0,0.47,15.24,62.77,17.22,95.02,,0.74,0,0,0,0,0,0,0.563
16,26,16026,1.36,2.92,0,0.05,4.28,0,0,0,0.04,0,43.31,0,0,0,0,0,0,,0,0,10.14,0,0.2,13.14,0,0,0,1.16,73.08,11.07,0.13,16.76,,,0,0,0,0,0,0,2.272
16,27,16027,1.41,3.02,0,0.06,2.33,0,0,0,0.05,0,44.72,0,0,0,0.01,0,0,,0.01,0,,0,1.79,16.22,0,0.31,0.99,0.63,4.2,11.43,0.45,17.3,,,0,0,0,0,0,0,1.455
16,28,16028,1.41,3.02,0,0.06,2.64,,0,0,0.06,0,44.75,0,0,0,0.02,0,0,,0,0,,0,3.46,17.62,3.53,0.06,0,0.72,12.73,11.44,0.89,17.31,,0.74,0,0,0,0,0,0,4.592
16,29,16029,3.52,7.55,0,0.14,1.99,0.01,0,0,0.01,0,111.88,0,0,0,0.01,0,0,,0,0,,0,1.23,5.35,1.31,0.01,0,0.54,22.13,28.59,0.95,43.28,,,0,0,0,0,0,0,8.546
16,30,16030,3.17,6.8,0,0.13,2.06,0,0,0,0.12,0,100.68,0,0,0,0.03,0,0,,0,0,,0,3.93,35.77,7.47,0.1,0.99,0.56,33.34,25.73,1.98,38.95,,0.74,0,0,0,1.38,0.2,0,4.94
16,31,16031,4.04,8.66,0,0.16,5.79,,0,0,0.14,0,128.31,0,0,0,0.02,0,0,,0,0,0.44,0,2.82,40.12,1.44,0.02,0,1.58,30.28,32.79,0.96,49.64,,,0,0,0,0,0,0.01,3.806
16,32,16032,3.33,7.15,0,0.13,3.11,,0,0,0.01,0,105.87,0,0.01,0,0.06,0,0,,0,0,11.94,0.71,8.78,5.14,2.47,0.73,0,0.85,16.09,27.06,7.89,40.96,,0.74,0,0,0,1.86,0.27,0,0
16,33,16033,5.07,10.88,0,0.2,3.2,,0.01,0,0.18,0.01,161.13,0,0,0,0.03,0,0,,0,0,22.67,0,4.41,53.6,8.37,0.65,3.94,0.87,37.65,41.18,3.68,62.33,,,0,0,0,1.48,0.21,0,14.522
16,34,16034,28.16,60.37,7.23,1.13,7.2,,0.08,0,0.85,0.03,894.25,0,0.11,0.03,1.08,0.04,0,,0.01,0,12.59,7.13,160.06,270.74,62.65,1.41,31.2,1.96,34.75,228.53,222.22,345.94,,0.74,0,0,0,0,0,0.05,10.866
16,35,16035,16.72,17.39,0.85,0.33,9.13,,0.01,0,0.26,0.01,257.58,0,0,0,0.04,0,0,,0,0,21.23,0,5.92,78.88,12.57,0.21,2.3,2.48,48.97,65.82,3.68,99.64,,,0,0,0,2.77,0.4,0.28,7.601
16,36,16036,2.82,6.05,1.28,0.11,1.4,,0.01,0,0.11,0,89.6,0,0,0,0.04,0,0,,0.01,0,,1.07,6.04,32.8,6.64,0.92,1.97,0.38,5.7,22.9,3.5,34.66,,0.74,0,0,0,0,0,0,2.084
16,37,16037,1.95,4.17,0,0.08,3.7,0,0,0,0.08,0,61.83,0,0,0,0.02,0,0,,0,0,,0,2.94,24.52,0,0.76,0.66,1.01,19.62,15.8,0.63,23.92,,0.74,0,0,0,0,0,0,7.575
16,38,16038,10.53,22.57,4.26,0.42,9.29,,0.03,0,0.38,0.01,334.31,0,0.01,0,0.12,0,0,,0.01,0,,2.14,17.88,116.38,25.42,0.8,9.85,2.53,50.49,85.43,10.94,129.33,,,0,0,0,0,0,0.56,10.275
16,39,16039,1.88,4.03,0,0.08,1.36,,0,0,0.06,0,59.74,0,0,0,0,0,0,,0,0,1.81,0,0.44,17.26,0,0,0,0.37,7.19,15.27,0.5,23.11,,0.74,0,0,0,0.43,0.06,0.03,1.147
16,40,16040,3.86,8.28,0,0.16,2.07,0,0.01,0,0.12,0,122.69,0,0.01,0,0.07,0,0,,0,0,0.11,0,10.49,36.2,4.91,0.1,1.31,0.56,23.57,31.35,24.39,47.46,,0.74,0,0,0,1.06,0.15,0.09,8.777
16,41,16041,2.91,6.25,0,0.12,2.3,0,0,0,0.01,0,92.54,0,0.01,0,0.05,0,0,,0,0,,0,8.07,4.94,6.08,0.04,1.97,0.63,10.49,23.65,1.9,35.8,,0.74,0,0,0,0.83,0.12,0.04,0.625
16,42,16042,3.27,7,0,0.13,1.17,0,0,0,0.12,0,103.72,0,0,0,0.01,0,0,,0,0,,0,1.59,35.59,3.74,0.05,0.33,0.32,25.16,26.5,0.88,40.12,,0.74,0,0,0,0,0,0.05,4.992
16,43,16043,15.33,32.85,3.83,0.62,1.22,,0.04,0,0.5,0.02,54.34,0,0.09,0.03,0.87,0.03,0,,0,0,,1.43,129.98,158.42,23.67,1.32,7.22,0.33,8.73,124.36,19.04,188.25,,0.74,0,0,0,0,0,0.55,2.783
16,44,16044,3.27,7.01,0,0.13,2.09,,0.01,0,0.13,0,103.89,0,0,0,0.04,0,0,,0,0,1.16,0.71,5.6,38.77,4.03,0.83,0.66,0.57,28.46,26.55,2.13,40.19,,0.74,0,0,0,0.68,0.1,0.07,8.942
16,45,16045,8.1,17.37,4.26,0.33,3.16,,0.03,0,0.29,0.01,257.22,0,0.02,0.01,0.19,0.01,0,,0,0,,3.92,27.78,91.53,24.61,0.75,11.49,0.86,20.24,65.73,14.12,99.51,,0.74,0,0,0,0,0,0.04,7.426
16,46,16046,3.07,6.58,0,0.12,2.04,,0,0,0.1,0,97.41,0,0,0,0.01,0,0,,0,0,,0,1.87,29.79,0,0.1,0.66,0.56,10.34,24.89,0.82,37.68,,,0,0,0,0,0,0,2.258
16,47,16047,4.74,10.16,0,0.19,2.27,,0,0,0.15,0,150.55,0,0,0,0.02,0,0,,0.01,0,,0,2.38,44.02,3.48,0.17,0,0.62,21.27,38.47,0.95,58.24,,0.74,0,0,0,0,0,0.7,3.906
16,48,16048,1.23,2.64,0,0.05,0.93,,0,0,0.04,0,39.14,0,0,0,0.01,0,0,,0,0,1.86,0,2.15,13.4,9.53,0.01,0,0.25,6.02,10,0.33,15.14,,,0,0,0,0.92,0.13,0,1.508
16,49,16049,4.03,8.63,0,0.16,2.52,0,0.01,0,0.12,0,127.83,0,0,0,0.03,0,0,,0,0,14.29,0,4.45,36.2,48.6,0.38,0.99,0.69,34.89,32.67,12.26,49.45,,,0,0,0,0,0,0,12.58
16,50,16050,17.92,38.4,3.4,0.72,6.24,0,0.04,0,0.56,0.02,568.84,0,0.02,0.01,0.22,0.01,0,,0.03,0,0.42,0.71,31.99,171.59,17.4,1.68,15.11,1.7,76.39,145.37,19.7,220.05,,0.74,0,0,0,4.21,0.61,0.04,14.214
16,51,16051,2.81,6.03,0,0.11,1.9,,0.01,0,0.1,0,89.27,0,0.01,0,0.14,0,0,,0,0,0.01,0,20.42,32.04,38.25,0.44,2.96,0.52,6.28,22.81,4.41,34.53,,,0,0,0,0,0,0,2.276
16,52,16052,51.46,89.21,8.94,1.67,6.05,0,0.15,0.01,1.48,0.04,1321.35,0.01,0.13,0.04,1.24,0.04,0,,0.11,0,,12.47,184.81,468.79,49.35,9.83,53.2,1.65,33.52,337.67,106.43,511.16,,,0,0,3.418,3.2,0.46,6.84,3.643
16,53,16053,176.73,374.42,293.64,7.03,15.66,0,0.76,0.04,6.02,0.18,835.66,0.03,0.42,0.13,4,0.14,0.0001,,0.56,0,42.14,143.96,595.45,1929.45,492.42,14.42,199,4.26,73.02,1417.31,380.95,2145.48,10.06,0.74,28.383,5.755,0,3.9,0.56,8.74,28.201
16,54,16054,2.18,4.67,0,0.09,2.63,0,0,0,0.08,0,69.11,0,0,0,0.02,0,0,,0,0,,0,2.34,23.52,2.6,0.11,0.99,0.72,15.87,17.66,1.11,26.73,,0.74,0,0,0,0,0,0,6.09
16,55,16055,10.27,22.02,0.43,0.41,2.49,0,0.03,0,0.34,0.01,326.14,0,0.01,0,0.11,0,0,,0.03,0,1.37,1.07,16.21,105.73,38.58,0.47,10.51,0.68,39.88,83.35,15.17,126.17,,,0,0,0,3.63,0.52,0.17,15.161
16,56,16056,6.4,13.71,0,0.26,3.43,0,0.02,0,0.17,0.01,203.11,0,0.05,0.01,0.44,0.02,0,,0.01,0,4.68,0,65.96,57.2,0,0.33,0.33,0.93,17.02,51.91,95.75,78.57,,,0,0,0,0,0,0,4.751
16,57,16057,1.95,4.19,0,0.08,1.62,,0,0,0.06,0,62.01,0,0,0,0.01,0,0,,0,0,,0,1.31,19.02,4.52,0.01,0,0.44,16.28,15.85,1.64,23.99,,0.74,0,0,0,0,0,0,0.618
16,58,16058,4.09,8.77,0,0.16,1.11,0,0.02,0,0.13,0,129.93,0,0.03,0.01,0.31,0.01,0,,0,0,0.71,0,46.13,42.85,11.73,1.75,0.99,0.3,23.75,33.2,136.73,50.26,,,0,0,0,0,0,0,0
16,59,16059,1.97,4.23,0,0.08,0.96,,0,0,0.07,0,62.6,0,0,0,0,0,0,,0,0,44.76,0,0.52,19.94,2.08,0,0,0.26,21.44,16,0.27,24.22,,0.74,0,0,0,2.3,0.33,0,7.485
16,60,16060,2.4,5.14,0,0.1,1.79,,0,0,0.01,0,76.1,0,0,0,0.04,0,0,,0,0,,0,5.56,4.16,8.23,0.04,1.64,0.49,16,19.45,1.36,29.44,,0.74,0,0,0,0,0,0.06,5.981
16,61,16061,5.28,11.32,0,0.21,1.35,,0,0,0.15,0.01,167.72,0,0.01,0,0.05,0,0,,0,0,1.6,0,7.59,45.64,3.81,0.07,1.64,0.37,11.16,42.86,30.67,64.88,,0.74,0,0,0,1.03,0.15,0.04,0.179
16,62,16062,4.7,10.08,0.43,0.19,2.44,,0.01,0,0.16,0,149.27,0,0.01,0,0.05,0,0,,0.01,0,,0,7.39,48.08,4.27,0.22,1.64,0.66,45.54,38.15,4.03,57.74,,0.74,0,0,0,0,0,0,17.461
16,63,16063,4.03,8.64,0,0.16,2.69,0,0.01,0,0.15,0,127.93,0,0,0,0.03,0,0,,0.01,0,,0,3.97,43.55,7.47,1.2,0.66,0.73,21.95,32.69,4.34,49.49,,0.74,0,0,0,1.24,0.18,0.01,0.992
16,64,16064,5.82,12.48,0,0.23,5.35,,0.01,0,0.19,0.01,184.85,0,0,0,0.02,0,0,,0.01,0,18.75,0,3.1,57.48,13.96,0.07,1.31,1.46,58.74,47.24,2.17,71.51,,,0,0,0,0.93,0.13,0,21.074
16,65,16065,10.19,17.45,0,0.33,3.61,0,0.03,0,0.25,0.01,258.5,0,0.05,0.01,0.44,0.02,0,,0,0,62.87,0.71,64.73,80.44,10.54,0.64,4.27,0.98,16.37,66.06,96.69,100,,,0,0,0,0,0,0.02,4.445
16,66,16066,45.4,43.71,16.17,0.82,4.44,0,0.09,0,0.63,0.02,647.46,0,0.04,0.01,0.4,0.01,0,,0.04,0,19.91,6.06,59.37,202.6,47.04,2.28,25.94,1.21,19.61,165.46,57.71,250.47,,0.74,0,0,0,3.27,0.47,0.54,0
16,67,16067,4.22,9.04,0,0.17,3.92,0,0.01,0,0.15,0,133.95,0,0,0,0.02,0,0,,0,0,,0,3.26,43.82,5.47,0.5,1.64,1.07,49.4,34.23,2.03,51.82,,0.74,0,0,0,0,0,0,18.956
16,68,16068,5.35,11.47,0,0.22,2.96,,0.01,0,0.17,0.01,169.95,0,0,0,0.03,0,0,,0.01,0,10.36,0,4.05,52.5,23.57,0.13,1.64,0.81,60.8,43.43,4.73,65.75,,0.74,0,0,0,0,0,0.01,6.462
16,69,16069,105.26,49.88,21.28,0.94,3.77,,0.11,0.01,0.81,0.02,201.61,0,0.08,0.02,0.75,0.03,0,,0.04,0,,10.69,112.02,262.87,58.14,5.6,41.05,1.03,26.02,188.79,61.69,285.79,,0.74,0,0,0,1.56,0.23,0.2,9.57
16,70,16070,3.9,8.37,2.13,0.16,1.28,,0.02,0,0.14,0,123.94,0,0.03,0.01,0.24,0.01,0,,0.01,0,23.96,0.71,35.76,44.76,9.79,1.95,2.3,0.35,13.35,31.67,11.49,47.95,,0.74,0,0,0,0,0,0,0.031
16,71,16071,16.49,35.35,7.66,0.66,6.4,,0.04,0,0.06,0.02,523.61,0,0.02,0.01,0.16,0.01,0,,0.02,0,,2.85,24.36,32.28,29.26,4.43,15.11,1.74,99.72,133.81,23.08,202.55,,0.74,0,0,0,0,0,0.17,38.481
16,72,16072,3.18,6.83,2.55,0.13,1.97,0,0.01,0,0.1,0,101.12,0,0,0,0.02,0,0,,0,0,3.68,0.71,2.62,30.78,4.47,0.08,0.33,0.54,22.59,25.84,1.79,39.12,,0.74,0,0,0,0,0,0,8.725
16,73,16073,15.2,12.8,0.43,0.24,2.02,0,0.02,0,0.19,0.01,189.62,0,0.1,0.03,0.93,0.03,0,,0,0,7.52,0.71,137.88,66.8,11.59,1.76,4.27,0.55,10.2,48.46,90.39,73.35,,0.74,0,0,0,0,0,0,0
16,74,16074,2.41,5.17,0,0.1,1.06,,0,0,0.09,0,76.62,0,0,0,0.02,0,0,,0,0,,0,3.62,26.02,0,0.04,0.66,0.29,6.97,19.58,1.68,29.64,,,0,0,0,0,0,0,2.678
16,75,16075,13.22,28.34,9.79,0.53,2.41,0,0.04,0,0.45,0.01,419.82,0,0.02,0,0.15,0.01,0,,0,0,68.45,3.92,22.13,139.12,26.03,2.91,21.34,0.66,44.84,107.29,35.94,162.41,,0.74,0,0,0,0.36,0.05,0,6.827
16,76,16076,15.82,33.91,25.11,0.64,1.82,,0.07,0,0.53,0.02,502.33,0,0.05,0.01,0.44,0.02,0,,0.04,0,,4.28,65.64,171.76,43.5,8.31,26.93,0.5,16.52,128.37,39.97,194.32,,0.74,0,0,0,0,0,0.27,3.592
16,77,16077,4.33,9.28,0,0.17,2.99,0,0.01,0,0.16,0,137.43,0,0,0,0.03,0,0,,0,0,,0,3.81,49.14,17.45,0.07,3.28,0.81,31.66,35.12,4.78,53.16,,,0,0,0,0,0,0,8.324
16,78,16078,3.04,6.53,0,0.12,2.23,,0.01,0,0.1,0,96.67,0,0,0,0.03,0,0,,0.01,0,,0,4.57,31.13,4.75,0.17,1.31,0.61,3.59,24.7,6.57,37.4,,0.74,0,0,0,0,0,0,1.09
16,79,16079,9.83,21.07,0.85,0.4,5.44,0,0.02,0,0.27,0.01,312.12,0,0.03,0.01,0.26,0.01,0,,0,0,11.4,0,38.31,85.51,15.61,0.27,4.27,1.48,58.13,79.76,117.96,120.74,,0.74,0,0,0,1.3,0.19,0,0
16,80,16080,4.07,8.73,0,0.16,3.85,,0,0,0.12,0,129.3,0,0,0,0.02,0,0,,0,0,6.46,0,2.3,36.54,2.18,0.04,0,1.05,21.01,33.04,4.22,50.02,,0.74,0,0,0,0.97,0.14,0.03,3.215
16,81,16081,1.97,4.22,0,0.08,1.07,0,0,0,0.06,0,62.45,0,0,0,0,0,0,,0,0,1.39,0,0.56,17.97,0,0.04,0,0.29,12.32,15.96,0.02,24.16,,,0,0,0,0,0,0,1.707
16,82,16082,15.3,32.79,2.55,0.62,5.71,0,0.03,0,0.48,0.02,485.75,0,0.02,0,0.15,0.01,0,,0.04,0,26.38,3.56,21.7,146.56,27.05,0.55,8.87,1.55,56.41,124.13,21.37,187.91,,0.74,0,0,0,0,0,0.07,17.29
16,83,16083,6.66,14.28,0,0.27,1.42,,0.01,0,0.2,0.01,211.49,0,0,0,0.04,0,0,,0.01,0,103.84,0.71,5.76,60.84,12.87,0.16,4.27,0.39,75.13,54.05,16.63,81.82,,0.74,0,0,0,0,0,0,23.36
16,84,16084,6.2,13.28,0,0.25,2.85,,0.01,0,0.19,0.01,196.72,0,0.01,0,0.07,0,0,,0.01,0,0.44,0,10.61,58.22,11.06,2.01,1.31,0.78,19.02,50.27,6.18,76.1,,0.74,0,0,0,0,0,0,0.408
16,85,16085,7.67,16.45,0.85,0.31,5.32,0,0.02,0,0.28,0.01,243.62,0,0.02,0,0.15,0.01,0,,0.01,0,7.79,1.78,22.25,85.66,20.67,0.67,6.57,1.45,27.3,62.26,12.29,94.24,,0.74,0,0,0,0,0,0.04,3.525
16,86,16086,3.72,7.98,0.43,0.15,0.81,,0.01,0,0.01,0,118.19,0,0,0,0.03,0,0,,0,0,,0.71,4.13,6.25,8.32,0.1,1.64,0.22,37.87,30.2,1.53,45.72,,0.74,0,0,0,0.49,0.07,0,14.29
16,87,16087,3.14,6.73,0,0.13,0.21,0,0.01,0,0.11,0,99.66,0,0.01,0,0.09,0,0,,0,0,8.3,0,13.19,33.71,4.89,0.13,1.64,0.06,21.14,25.47,0.27,38.55,,0.74,0,0,0,1.27,0.18,0,3.232
16,88,16088,13.14,28.17,0,0.53,3.17,0,0.01,0,0.46,0.01,482.05,0,0.02,0.01,0.22,0.01,0,,0.02,0,,0,32.31,138.18,57.07,0.93,0,0.86,28.22,106.65,1.9,161.44,,0.74,0,0,0,0,0,0.44,10.898
16,89,16089,5.66,12.12,0.85,0.23,0.95,,0.02,0,0.21,0.01,179.58,0,0.01,0,0.08,0,0,,0,0,3.02,0.36,12.12,65,18.48,0.66,9.52,0.26,87.7,45.89,9.45,69.47,,,0,0,0,0,0,0.22,33.613
16,90,16090,3.22,6.91,0,0.13,1.54,0,0.01,0,0.09,0,102.39,0,0.02,0.01,0.16,0.01,0,,0,0,5.36,0.71,23.6,29.8,4.9,0.42,1.31,0.42,12.48,26.17,9.51,39.61,,,0,0,0,0.67,0.1,0.01,3.351
16,91,16091,3.17,6.79,0,0.13,2.7,,0.01,0,0.11,0,100.64,0,0.01,0,0.08,0,0,,0,0,2.45,1.07,11.56,34.88,5.57,6.12,0.66,0.74,20.93,25.72,16.9,38.93,,0.74,0,0,0,2.59,0.37,0,1.076
16,92,16092,3.49,7.48,0,0.14,3.88,,0,0,0.11,0,110.78,0,0,0,0.01,0,0,,0.01,0,,0,2.23,33.22,3.32,0.13,0.33,1.06,24.87,28.31,1.15,42.85,,,0,0,0,0,0,0,1.933
16,93,16093,6.48,13.89,0.43,0.26,3.38,,0.01,0,0.21,0.01,205.69,0,0.02,0.01,0.19,0.01,0,,0,0,1.37,0,27.82,62.57,9.16,0.12,0.33,0.92,14.87,52.56,9.45,79.57,,,0,0,0,0,0,0,0.102
16,94,16094,1.73,3.71,0,0.07,2.45,0,0,0,0.07,0,54.93,0,0,0,0.02,0,0,,0,0,,0,2.66,21.75,5.58,0.04,0,0.67,9.13,14.04,1.95,21.25,,0.74,0,0,0,0,0,0,2.258
16,95,16095,2.51,5.37,0,0.1,2.25,,0,0,0.1,0,79.61,0,0,0,0.03,0,0,,0,0,10.33,0.71,4.29,29.31,5.5,0,0,0.61,14.93,20.34,3.1,30.8,,0.74,0,0,0,1.3,0.19,0,2.435
16,96,16096,2.14,4.58,0,0.09,0.84,,0,0,0.06,0,67.8,0,0,0,0,0,0,,0,0,45.56,0,0.68,19.37,2.74,0,0.66,0.23,30.18,17.33,0.32,26.23,,,0,0,0,0,0,0,2.251
16,97,16097,8.04,17.24,0,0.32,2.45,,0.01,0,0.26,0.01,255.31,0,0.01,0,0.1,0,0,,0,0,13.71,0,15.22,78.61,8.71,0.2,4.6,0.67,43.26,65.24,2.91,98.77,,0.74,0,0,0,0,0,0,8.893
16,98,16098,6.26,13.41,0,0.25,1.32,0,0.01,0,0.21,0.01,198.68,0,0,0,0.02,0,0,,0,0,1.68,1.43,2.62,62.09,13.61,0.32,3.61,0.36,21.54,50.77,3.04,76.86,,0.74,0,0,0,0.41,0.06,0.04,6.148
16,99,16099,3.91,8.37,0,0.16,2.9,,0.01,0,0.13,0,124.05,0,0,0,0.01,0,0,,0,0,3.67,0,1.39,38.76,6.29,0.04,0.33,0.79,36.9,31.7,1.02,47.99,,,0,0,0,0,0,0,9.464
16,100,16100,3.38,6.71,0,0.13,1.36,,0,0,0.09,0,99.38,0,0.04,0.01,0.36,0.01,0,,0,0,5.2,0,54.12,30.96,0,0.11,0.99,0.37,8.07,25.4,205.69,38.44,,0.74,0,0,0,0,0,0.26,0
16,101,16101,2.4,5.14,0,0.1,2.52,,0,0,0.07,0,76.15,0,0,0,0,0,0,,0.01,0,0.79,0,0,21.46,0,0,0,0.69,31.6,19.46,0.16,29.46,,0.74,0,0,0,0,0,0,6.218
16,102,16102,186.08,152.82,117.88,2.87,5.68,0,0.31,0.02,2.34,0.07,2263.6,0.01,0.22,0.07,2.12,0.07,0,,0.09,0,39.4,40.27,315.51,758.52,197.72,8.58,121.5,1.55,79.1,578.47,364.84,875.66,,0.74,0.611,0.483,0,0.83,0.12,1.14,24.322
16,103,16103,5.42,11.62,0,0.22,1.92,0,0.01,0,0.2,0.01,172.07,0,0.01,0,0.06,0,0,,0,0,,0,9.3,59.62,10.11,0.13,3.61,0.52,36.66,43.97,5.65,66.56,,0.74,0,0,0,0,0,0.04,14.033
16,104,16104,3.96,8.49,0,0.16,3.58,0,0,0,0.01,0,125.75,0,0,0,0.01,0,0,,0,0,,0,1.03,6.37,7.51,0.01,0,0.97,32.68,32.14,0.56,48.65,,0.74,0,0,0,1.64,0.24,0,12.338
16,105,16105,4.45,9.53,0,0.18,1.42,,0.01,0,0.15,0,141.15,0,0.01,0,0.05,0,0,,0.01,0,,0,7.31,46.44,5.79,0.21,1.97,0.39,57.9,36.07,2.56,54.6,,0.74,0,0,0,1.26,0.18,0,22.177
16,106,16106,6.68,14.31,0.43,0.27,1.96,,0.02,0,0.21,0.01,212,0,0.02,0,0.15,0.01,0,,0,0,,1.78,22.33,66.8,13.95,1.51,0.99,0.53,20.62,54.18,17.74,82.01,,0.74,0,0,0,2.57,0.37,0,7.924
16,107,16107,56.98,38.66,10.64,0.73,2.73,0,0.07,0,0.62,0.02,572.62,0,0.08,0.02,0.72,0.02,0,,0.01,0,49.14,11.05,107.33,199,39.07,5.27,26.93,0.74,46.62,146.33,41.15,221.51,,,0,0,0,1.66,0.24,0.37,16.107
16,108,16108,158.39,93.45,80.43,1.75,5.9,0,0.19,0.01,1.5,0.05,310.7,0.01,0.11,0.03,1.07,0.04,0,,0.08,0,,22.09,158.55,480.82,103.07,8.13,54.84,1.61,41.66,353.73,73.45,535.47,,0.74,0,0,0,2.33,0.34,0.56,8.957
16,109,16109,0.82,1.76,0,0.03,1.16,0,0,0,0.03,0,26.11,0,0,0,0.02,0,0,,0,0,0.27,0,3.38,10.41,0,0.01,0,0.32,8.27,6.67,0.68,10.1,,,0,0,0,0,0,0,3.051
16,110,16110,11.27,24.15,1.7,0.45,7.28,0,0.03,0,0.38,0.01,357.68,0,0.01,0,0.11,0,0,,0.01,0,27.81,1.78,16.73,115.99,29.9,1.82,5.91,1.98,36.95,91.41,13.09,138.37,,0.74,0,0,0,1.91,0.28,0.07,14.269
16,111,16111,3.52,7.55,0,0.14,1.87,0,0.01,0,0.11,0,111.81,0,0,0,0.03,0,0,,0,0,47.11,0,3.77,33.08,0,0.05,1.31,0.51,12.28,28.57,6.49,43.25,,0.74,0,0,0,2.47,0.36,0,3.698
16,112,16112,34.85,74.7,20.85,1.4,6.22,0,0.12,0.01,1.08,0.04,1106.48,0.01,0.06,0.02,0.55,0.02,0,,0.04,0,2.82,16.75,81.86,342.73,86.59,5.22,38.75,1.69,42.48,282.76,133.15,428.04,,0.74,0,0,0,1.58,0.23,0.12,11.446
16,113,16113,11.4,13.02,0,0.24,3.4,,0.01,0,0.22,0.01,192.83,0,0.01,0,0.06,0,0,,0,0,,0,8.58,64.49,3.7,0.72,1.31,0.92,61.11,49.28,3.29,74.6,,0.74,0,0,0,0.99,0.14,0,23.551
17,1,17001,13.69,20.8,0.43,0.16,2.1,0,0.01,0,0.16,0,124.51,0,0,0,0.01,0,0,,0.01,0,,0,2.54,43.89,41.25,0.06,1.64,0.57,6.87,31.82,1.45,48.17,,1.49,0,0,0,0.92,0.13,0.03,2.261
17,2,17002,12.04,18.77,0.43,0.14,1.19,,0.02,0,0.15,0,88.66,0,0,0,0.01,0,0,,0,0,,0,3.06,40.37,21.34,0.1,0,0.32,8.27,28.72,1.96,43.47,,,0,0,0,0.62,0.09,0.09,2.819
17,3,17003,21.14,41.41,2.98,0.31,2.56,,0.03,0,0.3,0,247.87,0,0.01,0,0.06,0.01,0,,0.05,0,,1.07,15.66,84.12,13.85,0.21,2.63,0.7,23.41,63.34,6.39,95.89,,1.49,0,0,0,0.86,0.12,0.01,8.109
17,4,17004,50.87,94.83,0,0.72,4.3,0,0.04,0,0.08,0,387.93,0,0.06,0.02,0.38,0.08,0,,0.02,0,0.33,0.71,90.72,47.89,33.22,0.14,4.27,1.17,37.73,145.06,27.68,219.59,,1.49,0,0,0,0.65,0.09,0.02,13.009
17,5,17005,9.35,11.08,0,0.08,1.59,,0,0,0.1,0,66.32,0,0,0,0.01,0,0,,0.01,0,,0,3.22,24.91,0,0.1,0,0.43,4.18,16.95,0.89,25.66,,,0,0,0,0,0,0.01,1.435
17,6,17006,326.87,217.08,80.86,1.65,2.65,,0.33,0,1.76,0,174.98,0.01,0.09,0.03,0.55,0.12,0,,0.11,0,,29.93,132.36,526.39,93.38,2.79,46.3,0.72,23.21,332.06,78.82,502.65,,1.49,0,0,0,0.82,0.12,0.23,8.039
17,7,17007,368.04,472.79,207.67,3.58,2.86,0,0.82,0,4.05,0,98.7,0.01,0.24,0.08,1.41,0.32,0,,0.17,0.01,1.4,0,340.02,1230.81,368,20.47,108.04,0.78,3.27,723.22,220.96,1094.78,5.6,,0,0,0,1.21,0.17,5.64,1.1
17,8,17008,53.9,93.53,3.83,0.71,0.84,0.01,0.05,0,0.76,0,75.24,0,0.07,0.02,0.39,0.09,0,,0,0,,167.47,94.89,216.18,23.68,0.34,11.49,0.23,0.68,143.08,12.68,216.58,,1.49,0,0,0,0.92,0.13,4.35,0.229
17,9,17009,10.24,20.06,0,0.15,2.53,,0.01,0,0.15,0,83.13,0,0.01,0,0.05,0.01,0,,0,0,9.78,6.41,12.48,42.42,28.49,0.16,0,0.69,3.88,30.69,4.77,46.46,,,0,0,0,1.09,0.16,0,1.303
17,10,17010,9.55,18.7,0,0.14,1.95,0,0.01,0,0.14,0,111.96,0,0,0,0.03,0.01,0,,0,0,,1.78,6.24,38.35,18.73,0.13,3.28,0.53,11.18,28.61,3.48,43.31,,1.49,0,0,0,0,0,0,3.879
17,11,17011,166.11,245.56,44.68,1.86,0.31,,0.29,0,1.99,0,56.5,0.01,0.42,0.14,2.43,0.55,0.0001,,0.01,0,0.16,0,586.59,660.05,74.19,2.38,29.88,0.08,0.93,375.63,166.77,568.61,,1.49,0,0,0,0.57,0.08,1.29,0.33
17,12,17012,35.68,69.89,7.23,0.53,4.3,0,0.1,0,0.58,0,418.33,0,0.02,0.01,0.11,0.03,0,,0.09,0,,39.55,27.58,170.52,22.43,0.96,10.51,1.17,10.05,106.91,23.62,161.83,,1.49,0,0,0,0,0,0.06,3.321
17,13,17013,9.4,18.42,0.85,0.14,2.91,0.01,0.01,0,0.14,0,110.23,0,0.01,0,0.03,0.01,0,,0.01,0,,12.12,7.27,38.17,0,0.18,0,0.79,15.61,28.17,2.52,42.64,,,0,0,0,0.34,0.05,0,5.425
17,14,17014,6.06,11.87,0.43,0.09,1.5,,0,0,0.1,0,71.06,0,0,0,0.02,0,0,,0,0,,1.07,4.01,27.43,13.11,0.05,0.99,0.41,4.7,18.16,1.05,27.49,,1.49,0,0,0,0,0,0,1.609
17,15,17015,15.69,30.73,1.28,0.23,2.44,,0.02,0,0.23,0,183.95,0,0.01,0,0.06,0.01,0,,0,0,0.97,0,13.83,64.27,0,0.38,1.31,0.66,15.15,47.01,3.65,71.16,,1.49,0,0,0,0,0,0.03,5.096
17,16,17016,10.62,20.8,0,0.16,1.17,,0.01,0,0.15,0,124.49,0,0.01,0,0.04,0.01,0,,0,0,0.52,0,8.5,40.89,0,0.25,0,0.32,15.69,31.81,1.37,48.16,,,0,0,0,0,0,0,4.904
17,17,17017,39,76.4,5.53,0.58,5.46,0,0.06,0,0.06,0,457.29,0,0.02,0.01,0.13,0.03,0,,0.02,0,,1.43,30.64,35.35,17.22,0.54,7.55,1.49,12.01,116.86,11.82,176.9,,1.49,0,0,0,1.66,0.24,0.71,4.069
17,18,17018,68.14,133.48,5.11,1.01,1.82,0,0.11,0,1.03,0,80.45,0,0.04,0.01,0.23,0.05,0,,0,0,1.03,0,55.31,286.28,29.27,1.25,15.11,0.5,1.99,204.18,23.17,309.08,,1.49,25.469,2.38,0,0,0,0.34,0.669
17,19,17019,16.05,31.43,0,0.24,2.77,,0.02,0,0.25,0,188.15,0,0,0,0.03,0.01,0,,0.01,0,,9.98,6.12,65.55,9.71,0.19,0,0.75,30.53,48.08,1.2,72.78,,1.49,0,0,0,0.6,0.09,0,10.594
17,20,17020,27.94,48.95,1.28,0.37,2.73,,0.03,0,0.39,0,206.03,0,0.01,0,0.03,0.01,0,,0,0,6.1,0,7.91,104.18,7.14,0.21,2.96,0.74,6.51,74.88,5.56,113.35,,,0,0,0,1.14,0.16,0.02,2.189
17,21,17021,4.48,8.77,0,0.07,0.86,,0.01,0,0.07,0,52.47,0,0,0,0.01,0,0,,0.04,0,,2.85,2.66,20.27,0,0.13,0,0.23,1.93,13.41,1.7,20.3,,1.49,0,0,0,0,0,0,0.634
17,22,17022,11.93,23.37,0,0.18,2.03,,0.01,0,0.16,0,139.88,0,0.01,0,0.03,0.01,0,,0.01,0,1.21,0.71,7.59,44.24,7.21,0.24,1.97,0.55,10.03,35.75,5.13,54.11,,,0,0,0,0,0,0,3.2
17,23,17023,4.07,7.97,0,0.06,0.75,,0,0,0.06,0,47.7,0,0,0,0,0,0,,0,0,5.51,0,0.87,15,0,0,0.99,0.2,13.98,12.19,0.42,18.45,,1.49,0,0,0,0,0,0,4.747
17,24,17024,30.95,60.64,0.43,0.46,3.54,0,0.04,0,0.49,0,362.96,0,0.02,0.01,0.11,0.02,0,,0.03,0,,1.78,26.66,132.6,9.94,0.39,7.88,0.96,12.53,92.75,9.75,140.41,,1.49,0,0,0,1.89,0.27,0.05,4.31
17,25,17025,20.49,40.14,0.85,0.3,5.4,0,0.02,0,0.32,0,240.26,0,0.01,0,0.03,0.01,0,,0.03,0,,0.71,7.51,86.34,7,0.56,0.66,1.47,18.05,61.4,6.42,92.94,,1.49,0,0,0,0.29,0.04,0.01,6.068
17,26,17026,10,19.59,0,0.15,0.96,,0.02,0,0.01,0,111.58,0,0.01,0,0.03,0.01,0,,0.01,0,0.69,0,7.15,8.96,12.56,0.41,1.64,0.26,7.08,29.97,3.55,45.37,,1.49,0,0,0,0.69,0.1,0,2.453
17,27,17027,6.92,13.56,0,0.1,0.29,,0.01,0,0.1,0,81.16,0,0,0,0.01,0,0,,0,0,0.87,0,3.14,27.12,0,0.11,0.66,0.08,10.56,20.74,1.14,31.4,,1.49,0,0,0,0.79,0.11,0,3.597
17,28,17028,36.9,72.28,1.7,0.55,3.22,,0.05,0,0.52,0,150.04,0,0.03,0.01,0.17,0.04,0,,0.01,0,,1.43,40.85,147.12,34.55,0.44,6.9,0.88,3.64,110.56,25.42,167.36,,1.49,0,0,0,0,0,0.33,1.259
17,29,17029,69.5,114.46,3.4,0.87,6.14,,0.14,0,0.93,0,185.18,0,0.04,0.01,0.21,0.05,0,,0.02,0,0.69,11.4,49.75,266.07,59.37,5.6,13.14,1.67,21.27,175.08,27.86,265.03,,1.49,0,0,0,1.1,0.16,0.18,4.67
17,30,17030,27.56,53.98,1.28,0.41,4.37,0,0.02,0,0.38,0,216.96,0,0.07,0.03,0.43,0.1,0,,0.01,0,,0,103.19,119.77,21.31,0.23,5.25,1.19,22.13,82.57,5.11,125,,1.49,0,0,0,0,0,0,10.081
17,31,17031,23.18,45.41,2.55,0.34,2.37,,0.05,0,0.38,0,271.79,0,0.03,0.01,0.2,0.05,0,,0,0,,1.78,48.6,114.03,0,0.34,7.88,0.64,1.77,69.46,11,105.14,,1.49,0,0,0,0.52,0.08,0.62,0.617
17,32,17032,5.5,10.78,0,0.08,0.46,,0.01,0,0.09,0,64.5,0,0,0,0.01,0,0,,0,0,,0,3.46,23.44,0,0.1,0.33,0.12,5.78,16.48,1.63,24.95,,,0,0,0,0,0,0,2.005
17,33,17033,8.6,16.84,0,0.13,0.63,0,0,0,0.12,0,100.83,0,0.01,0,0.07,0.01,0,,0,0,,0,16.01,34.12,0,0.12,0.66,0.17,10.9,25.77,0.76,39.01,,,0,0,0,0,0,0,2.855
18,1,18001,2.8,10.3,1.28,0.36,6.26,,0.05,0,0.16,0,281.02,0,0.01,0,0,0.02,0,,0.02,0,17.19,2.49,20.86,106.38,25.45,0.36,6.24,1.7,4.89,71.81,8.04,108.71,,,0,0,0,2.98,0.43,0,41.729
18,2,18002,7.62,4.19,1.7,0.14,4.16,0,0.01,0,0.07,0,114.42,0,0,0,0,0,0,,0,0,7.74,0,3.81,43.5,9.48,0.16,3.61,1.13,2.11,29.24,2.78,44.26,,6.68,0,0,0,1.53,0.22,0,15.446
18,3,18003,5.56,3.09,0,0.11,5.71,0,0,0,0.05,0,84.24,0,0,0,0,0,0,,0,0,9.09,0,2.46,30.63,5.43,0.06,0,1.55,1.89,21.53,0.67,32.59,,,0,0,0,0,0,0,14.72
18,4,18004,50.8,18.69,11.49,0.65,12.53,0,0.09,0,0.29,0,510.11,0,0.02,0,0,0.03,0,,0.01,0,8.16,9.62,29.44,196.63,63.31,0.49,18.39,3.41,8.87,130.36,28.46,197.33,,6.68,0,0,0,2.27,0.33,0,64.615
18,5,18005,2.78,3.14,0,0.11,2.11,0.01,0,0,0,0,85.61,0,0,0,0,0,0,,0,0,14.98,0,1.35,4.14,0,0,0,0.57,1.81,21.88,0.23,33.12,,,0,0,0,0,0,0,7.277
18,6,18006,12.64,7.64,0,0.26,3.5,,0.04,0,0.12,0,208.45,0,0.01,0,0,0.01,0,,0.02,0,54.26,1.78,16.09,78.93,16.72,0.79,12.15,0.95,1.23,53.27,12.86,80.64,,6.68,0,0,0,2.15,0.31,0,9.544
18,7,18007,2.67,4.77,0,0.17,3.38,0.01,0.01,0,0.06,0,130.28,0,0.01,0,0,0.01,0,,0,0,35.04,0.36,11.52,42.36,3.79,0.07,1.97,0.92,1.08,33.29,12.51,50.4,,6.68,0,0,0,0,0,0,12.13
18,8,18008,23.87,12.74,0,0.44,5.46,,0.03,0,0.19,0,166.96,0,0.01,0,0,0.01,0,,0,0,52.11,0,16.49,120.3,19.35,0.14,6.9,1.49,3.75,88.86,19.24,134.51,,6.68,0.083,0.182,0,1.45,0.21,0,29.922
18,9,18009,2.11,9.08,0,0.31,12.34,0,0,0,0.09,0,247.66,0,0,0,0,0,0,,0.03,0,111.92,3.21,0.04,57.88,0,0,0,3.36,1.71,63.29,0.12,95.81,,,0,0,0,0,0,0,4.124
18,10,18010,10.42,9.57,0,0.33,8.37,0.01,0.01,0,0.15,0,261.17,0,0,0,0,0,0,,0.05,0,14.71,0.36,5.48,91.16,16.04,0.04,0.66,2.28,6.91,66.74,2.09,101.03,,,0,0,0,3.81,0.55,0,56.852
18,11,18011,13.75,6.24,1.28,0.22,5.7,0,0.02,0,0.09,0,170.21,0,0.01,0,0,0.01,0,,0,0,0.88,0.71,8.5,60.37,6.75,0.33,1.31,1.55,3.02,43.5,3.64,65.84,,,0,0,0,0.86,0.12,0,13.668
18,12,18012,10.99,11.13,0,0.38,11.76,0.01,0.03,0,0.18,0,303.82,0,0.01,0,0,0.01,0,,0,0,16.53,1.43,13.35,114.87,13.86,0.91,5.25,3.2,9.2,77.64,10.29,117.53,,,0,0,0.296,0,0,0,44.722
18,13,18013,6.44,2.13,0,0.07,4.59,,0,0,0.04,0,58,0,0,0,0,0,0,,0,0,81.28,0,1.31,21.76,0,0,0,1.25,2.91,14.82,0.97,22.44,,6.68,0,0,0,1.88,0.27,0,17.226
18,14,18014,4.16,6.44,0,0.22,8.82,,0.01,0,0.09,0,175.82,0,0,0,0,0,0,,0,0,110.94,2.14,2.9,56.46,15.28,0.03,1.97,2.4,4.17,44.93,1.21,68.01,,6.68,0,0,0,0,0,0,46.743
18,15,18015,13.61,25.05,3.4,0.87,14.32,0.01,0.08,0,0.4,0,683.5,0,0.02,0,0,0.02,0,,0.04,0,12.58,6.06,25.15,256.04,45.77,1.68,18.72,3.9,15.01,174.67,20.57,264.41,,6.68,0,0,0,3.19,0.46,0,165.946
18,16,18016,12.41,11.06,2.98,0.38,9.5,,0.04,0,0.18,0,301.84,0,0.01,0,0,0.01,0,,0.02,0,,1.78,11.8,115.04,19.55,0.52,14.45,2.59,10.16,77.14,12.34,116.77,,,0,0,0,0,0,0,108.851
18,17,18017,260.2,99.93,138.31,3.45,13.63,0,0.55,0,1.51,0,474.3,0.01,0.2,0,0,0.24,0,,0.14,0.01,111.31,92.65,274.78,1054.6,258.03,8.84,131.68,3.71,4.01,696.91,192.04,1054.96,1.68,6.68,0,0,0,5.26,0.76,0,41.649
18,18,18018,8.12,8.48,2.98,0.29,1.5,,0.04,0,0.14,0,231.44,0,0.01,0,0,0.01,0,,0.01,0,,1.78,14.94,93.01,22.72,0.28,11.82,0.41,3.57,59.15,10.68,89.53,,,0,0,0,0,0,0,73.429
18,19,18019,3,3.57,0,0.12,7.15,,0,0,0.04,0,97.48,0,0,0,0,0,0,,0,0,488.43,0,0.2,26.12,1.98,0,0,1.95,1.14,24.91,0,37.71,,6.68,0,0,0,0,0,0,6.954
18,20,18020,92.7,24.88,2.55,0.86,5.47,,0.16,0,0.37,0,301.67,0,0.01,0,0,0.02,0,,0.03,0,,12.12,18.12,257.6,64.98,1.38,6.9,1.49,2.07,173.48,14.19,262.61,,,0,0,0,0,0,0,33.158
19,1,19001,1.21,0,0,0.03,0.33,,0,0,0.01,0.01,22.26,0,0.01,0,0.05,0,0,,0,0,,0,0,8.08,2.46,0,0,0.09,0,5.69,0.8,8.61,,,0,0,0,0.54,0.08,0.71,0.004
19,2,19002,1.86,0,0,0.04,6.2,,0,0,0.02,0.01,28.67,0,0,0,0.02,0,0,,0,0,,0,3.93,12.96,2.07,0,0.66,1.69,0.65,7.33,3.5,11.09,,,0,0,0,0,0,0.09,7.994
19,3,19003,0.49,0,0,0.02,1.19,,0,0,0.01,0.01,13.58,0,0,0,0,0,0,,0,0,,0,0.04,5.96,1.36,0,0,0.33,0.18,3.47,0.01,5.25,,,0,0,0,1.76,0.25,0,2.168
19,4,19004,31.21,0,9.79,0.3,2.44,,0.06,0,0.17,0.11,239.7,0,0.01,0.01,0.11,0.01,0,,0,0,,3.92,17.44,97.54,45.08,4.98,12.81,0.67,0.12,61.25,14.47,92.73,,,0,0,0,0,0,0.01,1.447
19,5,19005,22.16,0,1.28,0.18,8.27,,0.02,0,0.1,0.07,145.78,0,0.04,0.02,0.36,0.02,0,,0.01,0,,1.07,59.41,58.58,20.36,1.45,3.94,2.25,1.05,37.25,10.15,56.39,,1.27,0,0,0,5.62,0.81,0,12.852
19,6,19006,640.85,0,25.53,4.3,3.03,,0.26,0,2.08,1.61,132.66,0.02,1.52,0.61,13.07,0.68,0.0003,,0,0,,10.33,2134.75,1251.39,216.82,7.62,24.3,0.82,0.15,867.58,886.12,1313.31,,,114.354,28.609,0,1.66,0.24,0.97,1.83
19,7,19007,4.59,0,0,0.15,14.17,,0.01,0,0.08,0.06,119.1,0,0,0,0.02,0,0,,0,0,0.38,0,2.62,39.77,0,0.91,0.99,3.86,0.29,30.44,7.79,46.07,,1.27,0,0,0,0,0,0,3.505
19,8,19008,2.41,0,0,0.03,0.62,,0,0,0.02,0.01,26.96,0,0,0,0.01,0,0,,0,0,0.27,0,2.19,10.44,1.86,1.32,0.33,0.17,0.05,6.89,0.35,10.43,,,0,0,0,2.11,0.3,0,0.613
19,9,19009,100.48,0,6.38,0.76,13.19,,0.08,0,0.41,0.28,271.44,0,0.18,0.07,1.54,0.08,0,,0,0,,4.28,251.69,239,65.4,0.93,18.06,3.59,1.45,152.78,83.4,231.27,,1.27,0,0,0,4.65,0.67,0.25,17.704
19,10,19010,4.3,0,0,0.07,0.63,,0,0,0.04,0.03,56.71,0,0.09,0.04,0.75,0.04,0,,0,0,,0.71,123.26,27.58,4.32,0,0.66,0.17,0.02,14.49,12.45,21.94,,,0,0,0,1.26,0.18,0.01,0.193
19,11,19011,17.51,0,1.28,0.08,2.19,,0.01,0,0.05,0.03,64.93,0,0,0,0.02,0,0,,0.04,0,,0,2.82,27.14,14.41,0.02,0.99,0.6,0.22,16.59,1.25,25.12,,1.27,0,0,0,0,0,3.53,2.688
19,12,19012,6.64,0,0,0.15,1.58,,0.01,0,0.07,0.05,115.66,0,0.03,0.01,0.23,0.01,0,,0,0,,0,38.27,41.86,29.3,0.04,1.64,0.43,0.01,29.56,14.81,44.74,,,0,0,0,0,0,0.02,0.105
19,13,19013,5.18,0,2.98,0.11,13.67,,0.01,0,0.06,0.04,86.72,0,0.01,0,0.06,0,0,,0,0,,0.71,10.05,34.75,14.73,0.05,2.3,3.72,1.32,22.16,5.79,33.55,,1.27,0,0,0,0,0,0,16.118
19,14,19014,13.84,0,1.28,0.34,28.05,0,0.02,0,0.16,0.13,269.7,0,0.02,0.01,0.17,0.01,0,,0.04,0,,0.36,27.46,86.23,0,2.26,3.28,7.63,1.23,68.92,6.38,104.33,,,0,0,0,0,0,0.03,15.062
19,15,19015,0.48,0,0,0.02,2.32,,0,0,0.01,0.01,13.29,0,0,0,0,0,0,,0,0,,0,0.08,5.64,0,0,0.33,0.63,0.39,3.4,0.3,5.14,,,0,0,0,2.12,0.31,0,4.727
19,16,19016,2.34,0,0,0.03,3.42,,0,0,0.02,0.01,25.07,0,0,0,0.03,0,0,,0,0,,0,5.09,10.05,0,0,0,0.93,0.16,6.41,0.93,9.7,,1.27,0,0,0,0,0,0,1.901
19,17,19017,13.04,0,0.85,0.4,38.96,0,0.01,0,0.2,0.15,315.59,0,0,0,0.03,0,0,,0.05,0,2.9,0,5.09,103.01,42.38,2.84,1.64,10.61,1.27,80.65,4.17,122.08,,1.27,0,0,0,0,0,1.76,15.56
19,18,19018,30.09,0,0,0.53,6.34,,0.02,0,0.26,0.2,86.99,0,0.24,0.1,2.04,0.11,0,,0,0,,0,333.23,158.47,21.14,1.91,0.66,1.73,0.03,107.02,52.42,162,,,0,0,0,5.18,0.75,7.35,0.381
19,19,19019,45.98,0,37.88,1.25,0,,0.39,0,0.6,0.47,0.51,0,0.31,0.13,2.68,0.14,0.0001,,0,0,,104.4,437.61,416.47,93.03,7.75,55.17,0,0,252.76,122.37,382.62,,,0,0,0,0,0,6.67,0
19,20,19020,1.58,0,0.43,0.06,5.38,,0,0,0.03,0.02,43.65,0,0,0,0.02,0,0,,0,0,,0,2.98,17.41,0,0.01,3.94,1.46,0.96,11.16,2.08,16.89,,1.27,0,0,0,0,0,0,11.745
19,21,19021,989.61,0,12.77,3.07,1.91,,0.23,0,0.15,1.15,66.83,0.01,0.36,0.14,3.08,0.16,0.0001,,0,0,,2.14,503.3,197.86,0,2.49,35.47,0.52,0.01,620.18,179.36,938.81,,1.27,0,0,0,2.11,0.3,5.22,0.117
19,22,19022,10.67,0,0.85,0.14,10.25,,0.01,0,0.08,0.05,113.67,0,0,0,0.02,0,0,,0,0,,0,3.26,45.2,0,0.02,1.64,2.79,1.87,29.05,4.1,43.97,,1.27,0,0,0,0,0,0,22.815
19,23,19023,3.38,0,0,0.02,1.35,,0,0,0.01,0.01,11.97,0,0,0,0,0,0,,0,0,,0,0.44,5.16,0,0,0,0.37,0.16,3.06,0.42,4.63,,,0,0,0,0,0,0,1.908
19,24,19024,1.97,0,0,0.06,5.36,,0,0,0.03,0.02,46.48,0,0,0,0.01,0,0,,0,0,14.28,0,1.51,14.52,0,0.59,0.66,1.46,0.09,11.88,3.44,17.98,,1.27,0,0,0,0,0,0,1.099
19,25,19025,7.38,0,0,0.07,1.13,,0,0,0.04,0.03,56.62,0,0.14,0.06,1.19,0.06,0,,0,0,,0,194.59,32.56,0,0.1,0,0.31,0.13,14.47,74.36,21.9,,,0,0,0,0,0,0,1.531
19,26,19026,445.77,0,526,7.11,0.96,,0.76,0,3.36,2.66,7.85,0.03,1,0.41,8.64,0.45,0.0002,,0.14,0,,47.04,1411.63,1960.96,448.82,31.08,112.63,0.26,0.03,1433.44,552.22,2169.9,,,0,0,0,1.66,0.24,2.59,0.393
19,27,19027,2.23,0,0,0.02,1.87,,0,0,0.01,0.01,15.22,0,0,0,0,0,0,,0,0,,0,0.75,6.68,2.11,1.54,0,0.51,0.04,3.89,0.09,5.89,,,0,0,0,2.35,0.34,0,0.527
19,28,19028,0.54,0,0,0.01,0.34,,0,0,0.01,0.01,11.57,0,0,0,0,0,0,,0,0,,0,0.16,4.42,0,0,0,0.09,0.03,2.96,0.01,4.48,,,0,0,0,0,0,0,0.386
19,29,19029,5.22,0,0,0.07,2.68,0,0,0,0.04,0.03,53.75,0,0,0,0.03,0,0,,0,0,,0,4.65,20.22,5.71,0.04,0.33,0.73,0.19,13.74,2.45,20.79,,,0,0,0,0,0,0,2.279
19,30,19030,1.85,0,0,0.04,2.29,,0,0,0.02,0.01,28.64,0,0,0,0.01,0,0,,0,0,0.22,0,1.31,9.91,0,0.02,0,0.62,0.01,7.32,1.26,11.08,,,0,0,0,0,0,0,0.105
19,31,19031,42.29,0,20.85,1.48,2.24,,0.05,0,0.72,0.55,188.26,0.01,0.13,0.05,1.09,0.06,0,,0,0,,0.71,178.77,392.06,25.63,2.45,8.21,0.61,0.03,299.11,39.59,452.78,,,0,0,0,0.94,0.14,0.05,0.338
19,32,19032,4.99,0,0,0.05,6.67,,0,0,0.03,0.02,35.9,0,0,0,0.03,0,0,,0,0,,0,4.77,14.25,4.88,1.83,0.66,1.81,0.04,9.17,5.66,13.89,,,0,0,0,7.87,1.14,3.43,0.504
19,33,19033,90.51,0,9.36,0.73,17.43,0,0.09,0,0.37,0.27,576.06,0,0.15,0.06,1.26,0.07,0,,0.02,0,3.65,8.91,205.52,221.13,56.89,4.75,18.39,4.74,1.59,147.21,38.89,222.85,,1.27,0,0,0,3.35,0.48,7.66,19.45
19,34,19034,4.86,0,0,0.06,1.34,,0,0,0.03,0.02,43.76,0,0,0,0.02,0,0,,0,0,,0,3.85,15.54,4.4,0.04,0,0.36,0.09,11.18,0.29,16.93,,,0,0,0,0,0,0,1.141
19,35,19035,2.36,0,0,0.01,0.35,,0,0,0.01,0,8.53,0,0,0,0,0,0,,0,0,,0,0,3.7,0,0,0,0.1,0.01,2.18,0,3.3,,,0,0,0,0,0,0,0.16
19,36,19036,2.27,0,0,0.07,4.18,,0,0,0.03,0.03,57.13,0,0,0,0,0,0,,0,0,,0,0.44,16,2.3,0,0,1.14,0.2,14.6,0.48,22.1,,,0,0,0,0,0,0,2.463
19,37,19037,2.81,0,0,0.06,10.01,0,0,0,0.03,0.02,43.65,0,0,0,0,0,0,,0,0,,0,0.24,14.92,6.86,0.01,0,2.72,0.02,11.15,0.21,16.88,,,0,0,0,2.29,0.33,0.82,0.288
19,38,19038,70.91,0,13.19,0.55,10.86,0,0.07,0,0.3,0.21,436.57,0,0.09,0.03,0.75,0.04,0,,0.03,0,,6.41,121.79,174.11,41.19,1.06,10.51,2.96,0.91,111.57,22.4,168.89,,1.27,0,0,0,5.85,0.84,0.15,11.075
19,39,19039,362.82,0,2050.79,11.64,0.25,,3.12,0,5.63,4.35,11.75,0.04,2.41,0.97,20.73,1.07,0.0005,,0.14,0,0.05,331.74,3387.19,3720.84,1205.79,476.94,509.32,0.07,0,2348.87,1344.99,3555.64,8.97,,0,0,0,2.97,0.43,45.97,0
19,40,19040,0.89,0,0,0.01,2.4,,0,0,0.01,0,7.7,0,0,0,0,0,0,,0,0,,0,0.24,3.65,11.02,0,0,0.65,0.03,1.97,0.47,2.98,,,0,0,0,0,0,0.02,0.311
19,41,19041,2189.01,0,0,0.13,3.01,,0,0,0.07,0.05,99.37,0,0.03,0.01,0.27,0.01,0,,0,0,,0,44.19,37.27,1.34,0,0,0.82,0.58,25.39,2.58,38.44,,1.27,0,0,0,3.09,0.45,0,7.116
19,42,19042,2.23,0,0,0.06,7.04,,0,0,0.04,0.02,50.48,0,0,0,0.02,0,0,,0,0,,0,3.1,20.34,3.41,0.01,0,1.92,0.76,12.9,0.33,19.53,,1.27,0,0,0,3.78,0.55,0,9.307
19,43,19043,0.75,0,0,0.03,3.02,,0,0,0.02,0.01,20.88,0,0,0,0,0,0,,0,0,0.08,0,0.24,7.85,1.01,0.42,0,0.82,0.09,5.34,0.04,8.08,,,0,0,0,0,0,0,1.158
19,44,19044,50.38,0,6.38,0.33,5.2,0,0.05,0,0.18,0.12,259.74,0,0.05,0.02,0.46,0.02,0,,0.03,0,,1.07,74.86,108.25,35.87,12.51,10.51,1.41,0.14,66.38,22.04,100.48,,1.27,0,0,0,0,0,0.49,1.652
19,45,19045,11.64,0,0,0.29,7.74,0,0.01,0,0.15,0.11,80.75,0,0.03,0.01,0.26,0.01,0,,0,0,110.31,0,42.4,78.9,0,0.03,0.66,2.11,0.13,57.69,2.83,87.33,,1.27,0,0,0,5,0.72,0.03,1.624
19,46,19046,391.36,0,195.33,4.9,0.09,,0.77,0,2.39,1.83,3864.91,0.02,1.38,0.56,11.85,0.61,0.0003,,0.23,0,,54.16,1935.75,1499.49,415.99,303.31,88.01,0.03,0,987.68,663.81,1495.12,,,0,0,0,0,0,4.4,0
19,47,19047,9.45,0,0.85,0.16,0.06,,0.01,0,0.08,0.06,125.49,0,0,0,0.03,0,0,,0,0,,0,5.52,44.44,10.2,0.04,2.63,0.02,0,32.07,7.21,48.55,,,0,0,0,0.72,0.1,0.18,0.009
19,48,19048,76.12,0,91.5,2.67,0.83,,0.24,0,1.23,1,10.96,0.01,0.91,0.37,7.8,0.4,0.0002,,0,0,,45.25,1274.02,761.96,146.37,1.48,13.14,0.23,0.01,538.42,479.84,815.03,,1.27,0,0,0,1.4,0.2,20.19,0.154
19,49,19049,47.99,0,5.11,0.39,4.01,,0.06,0,0.22,0.15,57.23,0,0.03,0.01,0.22,0.01,0,,0,0,1.68,1.43,36.28,125.02,66.55,4.76,3.61,1.09,0.04,78.49,52.55,118.81,,1.27,0,0,0,0,0,0.34,0.536
19,50,19050,0.71,0,0,0.02,6.94,,0,0,0.01,0.01,15.07,0,0,0,0,0,0,,0,0,,0,0,6.23,3.71,0,0,1.89,0.17,3.85,0,5.83,,1.27,0,0,0,0,0,0,2.161
19,51,19051,2.23,0,0,0.04,2.62,0,0,0,0.03,0.02,33.28,0,0,0,0.01,0,0,,0,0,0.54,0,1.51,13.43,4.77,0.09,0,0.71,0.03,8.5,0.18,12.87,,,0,0,0,2.03,0.29,0.67,0.34
20,1,20001,0.22,0.16,0,0.01,0,,0,0,0,0,9.27,0,0,0,0,0,0,,0,0,0.27,0,0.08,2.33,0,0,0,0,0.07,2.37,0,3.59,,0.73,0,0,0,0,0,0,0
20,2,20002,3.76,5.83,0,0.43,0,0,0.01,0,0.16,0,343.29,0,0.02,0,0.17,0.01,0,,0,0,,0,34.45,105.75,10.51,0.09,4.6,0,9.43,87.73,4.12,132.8,,0.73,0,0,0,1.89,0.27,0,11.568
20,3,20003,0.19,0.29,0,0.02,0,,0,0,0.01,0,16.98,0,0,0,0,0,0,,0,0,,0,0.28,5.63,0,0,0,0,0.47,4.34,0,6.57,,,0,0,0,0,0,0,0.001
20,4,20004,0.07,0.1,0,0.01,0,0,0,0,0,0,6.1,0,0,0,0,0,0,,0,0,,0,0.08,1.85,0,0,0,0,0.12,1.56,0,2.36,,,0,0,0,0,0,0,0.095
20,5,20005,5.38,1.99,0,0.15,0,0,0.01,0,0.06,0,117.04,0,0,0,0.02,0,0,,0,0,,0.36,4.73,40.59,0,0.17,0.66,0,3.67,29.91,1.05,45.28,,,0,0,0,0.84,0.12,0,3.605
20,6,20006,1.3,2.02,2.98,0.15,16.56,0,0.03,0,0.06,0,118.97,0,0.01,0,0.08,0.01,0,,0.01,0,3.62,1.43,16.53,42,28.09,0.27,4.6,4.51,2.22,30.4,7.05,46.02,,0.73,0,0,0,0,0,0.04,1.695
20,7,20007,0.29,0.45,0,0.03,0,,0,0,0.01,0,26.4,0,0,0,0,0,0,,0,0,,0,0.2,8.07,0,0,0,0,0.25,6.75,0.01,10.21,,,0,0,0,0,0,0,0.368
20,8,20008,0.06,0.1,0,0.01,0,,0,0,0,0,5.67,0,0,0,0,0,0,,0,0,,0,0.52,1.92,0,0.07,0,0,0.32,1.45,0,2.19,,,0,0,0,0,0,0,0
20,9,20009,0.58,0.9,0,0.07,0,,0,0,0.02,0,52.89,0,0,0,0,0,0,,0,0,,0,0.79,14.05,0,0,0,0,3.98,13.52,0.93,20.46,,,0,0,0,0,0,0,4.787
20,10,20010,5.7,1.85,0,0.14,0,0,0.01,0,0.06,0,108.94,0,0.02,0,0.15,0.01,0,,0,0,,0,30.44,40.61,12.95,0,0.33,0,0.88,27.84,9.7,42.14,,,0,0,0,1,0.14,2.14,0.86
20,11,20011,0.09,0.15,0,0.01,0,,0,0,0,0,8.57,0,0,0,0,0,0,,0,0,,0,0,2.51,0,0,0,0,0,2.19,0,3.31,,,0,0,0,0,0,0,0.165
20,12,20012,0.77,1.2,0,0.09,0,,0,0,0,0,70.41,0,0,0,0.01,0,0,,0,0,,0,0.99,2.51,0,0.02,0,0,3.45,17.99,0.1,27.24,,,0,0,0,0,0,0,0.909
20,13,20013,0.23,0.35,0,0.03,0.62,,0,0,0.01,0,20.77,0,0,0,0,0,0,,0,0,,0,0.79,7.37,0,0.01,0,0.17,0.81,5.31,0.33,8.03,,0.73,0,0,0,0,0,0,1.186
20,14,20014,3.38,3.33,2.55,0.25,0,0,0.04,0,0.01,0,196.03,0,0.01,0,0.05,0,0,,0.03,0,,1.43,10.57,16.24,11.2,1.14,5.58,0,1.34,50.09,7.17,75.83,,,0,0,0,1.94,0.28,0.02,1.32
20,15,20015,0.43,0.67,0,0.05,0,,0,0,0.01,0,39.58,0,0,0,0,0,0,,0,0,,0,0,8.29,0,0,0,0,0.65,10.11,0,15.31,,,0,0,0,0,0,0,0.945
20,16,20016,0.68,1.05,0,0.08,0,,0,0,0.02,0,61.59,0,0,0,0,0,0,,0,0,,0,0,11.61,0,0,0,0,0.48,15.74,0,23.83,,,0,0,0,0,0,0,0.367
20,17,20017,0.3,0.46,0,0.03,0,,0,0,0.01,0,27.29,0,0,0,0,0,0,,0,0,2.92,0,0.16,8.18,0,0,0,0,1.43,6.98,0,10.56,,,0,0,0,0,0,0,2.087
20,18,20018,0.07,0.11,0,0.01,0,0,0,0,0,0,6.71,0,0,0,0,0,0,,0,0,,0,0.08,2.37,0,0,0,0,0.39,1.72,0.04,2.6,,0.73,0,0,0,0,0,0,0.3
20,19,20019,0.26,0.4,0,0.03,0,,0,0,0.01,0,23.67,0,0,0,0,0,0,,0,0,2.63,0,0.28,7.57,0,0.02,0,0,0.68,6.05,0.02,9.16,,,0,0,0,0,0,0,0.059
20,20,20020,0.34,0.52,0,0.04,0,0,0,0,0.01,0,30.77,0,0,0,0,0,0,,0,0,13.64,0,0.28,6.67,0,0,0,0,0.51,7.86,0.43,11.9,,,0,0,0,0,0,0,0
20,21,20021,1.27,1.97,0,0.15,0,,0.01,0,0.05,0,115.96,0,0.01,0,0.07,0,0,,0,0,,0.71,13.27,36.79,10.18,0.07,2.3,0,5.01,29.64,1.59,44.86,,0.73,0,0,0,0.46,0.07,0.08,6.031
20,22,20022,0.09,0.14,0,0.01,0,0,0,0,0.01,0,8.28,0,0,0,0,0,0,,0,0,,0,0,3.29,0,0,0,0,0.2,2.12,0,3.2,,,0,0,0,0,0,0,0.154
20,23,20023,1.34,2.07,0,0.15,0,,0.01,0,0.05,0,121.93,0,0,0,0.02,0,0,,0,0,33.59,0,3.18,36.37,0,0.07,3.94,0,1.51,31.16,1.77,47.17,,,0,0,0,0,0,0,2.195
20,24,20024,0.34,0.52,0,0.04,0,,0,0,0.01,0,30.67,0,0,0,0,0,0,,0,0,13.65,0,0.08,8.55,0,0,0,0,0.18,7.84,0,11.86,,,0,0,0,0,0,0,0.016
20,25,20025,0.88,1.37,0,0.1,0,,0.01,0,0.04,0,80.49,0,0,0,0.01,0,0,,0,0,,0,2.62,26.15,0,0.01,0,0,2.27,20.57,1.6,31.14,,,0,0,0,0,0,0,2.232
20,26,20026,0.66,1.03,0,0.08,0,,0.01,0,0.03,0,60.66,0,0,0,0.01,0,0,,0.01,0,,0,1.75,19.81,6.8,0.52,0.99,0,1.71,15.5,1.01,23.47,,0.73,0,0,0,0,0,0,1.305
20,27,20027,0.21,0.33,0,0.02,0,,0,0,0.01,0,19.2,0,0,0,0,0,0,,0,0,,0,0.36,6.84,0,0.03,0,0,0.36,4.91,0.02,7.43,,,0,0,0,0,0,0,0.032
20,28,20028,33.1,2.37,0,0.18,23.15,0,0.01,0,0.06,0,139.69,0,0.01,0,0.04,0,0,,0,0,1.65,0.36,8.46,41.41,9.76,0.11,3.61,6.3,2.63,35.7,5.25,54.04,,,0,0,0,0,0,0,3.835
20,29,20029,0.36,0.56,0,0.04,0,,0,0,0.01,0,32.77,0,0,0,0,0,0,,0,0,,0,0.4,9.33,0,0.04,0,0,0.84,8.37,0.02,12.68,,,0,0,0,0,0,0,0.074
20,30,20030,5.65,1.13,0,0.08,0,,0.01,0,0,0,66.63,0,0,0,0.01,0,0,,0,0,,1.43,2.74,4.03,5.28,0.04,3.28,0,1.03,17.03,2.38,25.77,,,0,0,0,0.28,0.04,0,1.012
20,31,20031,0.61,0.95,0,0.07,0,,0,0,0.02,0,56,0,0,0,0,0,0,,0.01,0,,0,0.87,15.71,0,0.01,0,0,0.59,14.31,0.77,21.66,,,0,0,0,0,0,0,0.001
20,32,20032,0.08,0.12,0,0.01,0,,0,0,0,0,6.91,0,0,0,0,0,0,,0,0,,0,0.08,2.16,0,0,0,0,0.27,1.77,0.02,2.67,,,0,0,0,0,0,0,0.206
20,33,20033,0.21,0.32,0,0.02,0,,0,0,0.01,0,19.04,0,0.01,0,0.05,0,0,,0,0,,0,9.38,6.59,0,0.04,0,0,0.37,4.87,4.84,7.37,,,0,0,0,0.21,0.03,0,0.532
20,34,20034,0.11,0.17,0,0.01,0,,0,0,0,0,9.84,0,0,0,0,0,0,,0,0,,0,0.56,3.45,0,0.01,0,0,0.17,2.51,0.78,3.81,,,0,0,0,0,0,0,0.128
20,35,20035,0.04,0.07,0,0,0,,0,0,0,0,3.86,0,0,0,0,0,0,,0,0,,0,0.08,1.25,0,0,0,0,0.06,0.99,0.12,1.49,,,0,0,0,0,0,0.02,0
20,36,20036,0.47,0.73,0,0.05,0,,0,0,0.02,0,42.83,0,0,0,0,0,0,,0,0,49.28,0,0.68,12.79,0,0.01,0,0,3.33,10.94,0.09,16.57,,,0,0,0,0,0,0,3.269
20,37,20037,0.35,0.55,0,0.04,0,,0,0,0.01,0,32.11,0,0,0,0,0,0,,0,0,,0,0.2,8.51,0,0,0,0,0.63,8.21,0,12.42,,,0,0,0,0,0,0,0
20,38,20038,0.17,0.27,0,0.02,0,,0,0,0.01,0,15.85,0,0,0,0.02,0,0,,0,0,1.1,0,4.61,5.32,0,1.41,0,0,0,4.05,0.09,6.13,,,0,0,0,0,0,0,0
20,39,20039,5.14,7.96,11.06,0.59,16.42,0,0.12,0,0.21,0,468.63,0,0.02,0,0.12,0.01,0,,0.03,0,,10.33,23.92,154.56,41.68,0.66,21.67,4.47,1.07,119.76,26.82,181.29,,,0,0,0,0,0,0.26,0.817
20,40,20040,0.5,0.78,0,0.06,0,,0,0,0.02,0,45.98,0,0,0,0,0,0,,0,0,,0,0.32,12.51,0,0,0,0,1.56,11.75,0.11,17.79,,,0,0,0,0,0,0,0.137
20,41,20041,2.83,4.38,2.13,0.33,0,,0.02,0,0.12,0,258.03,0,0,0,0.03,0,0,,0,0,,1.43,5.72,77.28,3.01,0.33,1.64,0,5.14,65.94,3.83,99.82,,,0,0,0,0,0,0,0.449
20,42,20042,1.87,0.99,0,0.07,55.61,0,0.01,0,0.03,0,58.27,0,0,0,0.03,0,0,,0.01,0,10.52,0,6.16,18.52,6.38,0.63,0,15.14,1.76,14.89,24.37,22.54,,0.73,0,0,0,0,0,0.02,0.002
20,43,20043,7.63,11.82,14.04,0.88,26.12,0,0.13,0,0.3,0,696.11,0,0.07,0.01,0.49,0.03,0,,0.07,0,,3.56,95.61,220.88,41.91,2.55,11.82,7.11,6.85,177.89,31.31,269.29,,0.73,0,0,0,2.2,0.32,0.08,6.737
20,44,20044,3.48,5.39,2.98,0.4,0,0,0.04,0,0.16,0,317.5,0,0.03,0,0.18,0.01,0,,0,0,,2.14,36.2,112.27,14.51,0.33,7.22,0,5.25,81.14,9.69,122.82,,0.73,0,0,0,1.2,0.17,0.02,6.313
20,45,20045,0.55,0.85,0,0.06,0,0,0,0,0.02,0,49.84,0,0.02,0,0.15,0.01,0,,0,0,,0,28.69,17.83,0,0.01,0,0,0.58,12.74,6.32,19.28,,,0,0,0,0,0,0,0.844
20,46,20046,0.31,0.48,0,0.04,0,0,0,0,0.01,0,28.07,0,0,0,0.02,0,0,,0,0,,0,3.89,9.26,0,0,0,0,1.84,7.17,0.07,10.86,,0.73,0,0,0,0,0,0,1.406
20,47,20047,0.01,0.01,0,0,0,0,0,0,0,0,0.83,0,0,0,0,0,0,,0,0,,0,0.04,0.34,0,0,0,0,0.14,0.21,0,0.32,,0.73,0,0,0,0,0,0,0.104
20,48,20048,0.1,0.15,0,0.01,0,,0,0,0,0,8.93,0,0,0,0,0,0,,0,0,,0,0,1.83,0,0,0,0,0.25,2.28,0,3.45,,,0,0,0,0,0,0,0.371
20,49,20049,0.09,0.15,0,0.01,0,,0,0,0,0,8.59,0,0,0,0,0,0,,0,0,,0,0,2.33,0,0,0,0,0.05,2.2,0,3.32,,,0,0,0,0,0,0,0.412
20,50,20050,0.31,0.48,0,0.04,0,0,0,0,0.01,0,28.06,0,0,0,0,0,0,,0,0,,0,0,7.58,0,0,0,0,0.24,7.17,0,10.85,,0.73,0,0,0,0,0,0,0.182
20,51,20051,0.38,0.59,0,0.04,0,,0,0,0.01,0,34.83,0,0,0,0.01,0,0,,0,0,,0,1.67,7.61,0,0.06,0,0,0.43,8.9,0.02,13.47,,,0,0,0,0,0,0,0.629
20,52,20052,0.53,0.83,0,0.06,0,,0,0,0.02,0,48.75,0,0,0,0.01,0,0,,0,0,,0,1.39,15.86,0,0.04,0,0,1.24,12.46,0.23,18.86,,,0,0,0,0,0,0.2,1.22
20,53,20053,0.1,0.16,0,0.01,0,0,0,0,0.01,0,9.44,0,0,0,0.01,0,0,,0,0,,0,1.03,3.71,0,0.01,0,0,0.42,2.41,0.02,3.65,,,0,0,0,0,0,0,0.409
20,54,20054,0.04,0.06,0,0,0,,0,0,0,0,3.42,0,0,0,0,0,0,,0,0,,0,0.12,1.22,0,0,0,0,0.34,0.87,0.01,1.32,,0.73,0,0,0,0,0,0,0.26
20,55,20055,0.28,0.43,0,0.03,0,,0,0,0.01,0,25.45,0,0,0,0.01,0,0,,0,0,,0,1.19,8.43,4.74,0.05,0.33,0,0.48,6.51,0.44,9.85,,,0,0,0,0,0,0,0.363
20,56,20056,0.11,0.16,0,0.01,0,,0,0,0,0,9.64,0,0,0,0,0,0,,0,0,,0,0.04,2.77,0,0,0,0,0.58,2.46,0.01,3.73,,,0,0,0,0,0,0,0.152
20,57,20057,3.41,5.29,3.4,0.39,0,0,0.06,0,0.15,0,311.46,0,0.01,0,0.07,0,0,,0,0,,1.43,13.71,107.86,0,1.48,7.55,0,7.81,79.6,14.17,120.49,,,0,0,0,2.52,0.36,0.01,7.675
20,58,20058,1.15,1.78,0,0.13,0,,0,0,0.05,0,104.85,0,0,0,0,0,0,,0,0,,0,0.48,29.56,0,0.04,0,0,1.76,26.79,0.06,40.56,,,0,0,0,0,0,0,0.154
20,59,20059,2.86,4.43,0,0.33,35.39,0,0.04,0,0.11,0,260.91,0,0.01,0,0.08,0.01,0,,0,0,0.49,2.49,16.41,75.55,24.02,0.57,11.49,9.63,3.9,66.68,10.01,100.93,,,0,0,0,0,0,0,0
20,60,20060,0.22,0.34,0,0.03,0,,0,0,0.01,0,19.76,0,0,0,0,0,0,,0,0,,0,0.04,5.18,0,0,0,0,0.32,5.05,0.22,7.65,,,0,0,0,0,0,0,0
20,61,20061,0.19,0.29,0,0.02,0,,0,0,0.01,0,17.06,0,0,0,0,0,0,,0,0,,0,0.08,4.79,0,0,0,0,0.4,4.36,0,6.6,,,0,0,0,0,0,0,0
20,62,20062,0.05,0.08,0,0.01,0,,0,0,0,0,4.43,0,0,0,0,0,0,,0,0,,0,0.32,1.61,0,0,0,0,0.01,1.13,0.15,1.71,,,0,0,0,0,0,0.7,0
20,63,20063,1.97,0.51,0,0.04,0,0,0,0,0.01,0,30.16,0,0,0,0.02,0,0,,0,0,,0.71,3.62,9.72,0,0.11,0,0,0.33,7.71,3.1,11.67,,,0,0,0,0,0,0.02,0.697
20,64,20064,0.65,1,0,0.07,0,,0,0,0.03,0,59.06,0,0,0,0,0,0,,0,0,35.21,0,0.08,17.06,0,0.01,0,0,4.46,15.09,0,22.85,,,0,0,0,0,0,0,0
20,65,20065,0.12,0.19,0,0.01,0,0,0,0,0.01,0,11.11,0,0,0,0,0,0,,0,0,,0,0.08,3.64,0,0,0,0,0.25,2.84,0.02,4.3,,,0,0,0,0,0,0,0.187
20,66,20066,0.44,0.68,0,0.05,0,,0,0,0.02,0,40.22,0,0,0,0.01,0,0,,0,0,,0,1.67,14.23,0,0.04,0,0,3.3,10.28,2.69,15.56,,,0,0,0,0,0,0,3.243
20,67,20067,27.28,36.47,219.59,2.72,6.05,,0.84,0,1.01,0,47.06,0.01,0.13,0.02,0.91,0.06,0,,0.17,0.14,0.05,100.48,178.46,817.02,234.31,8.21,178.31,1.65,0.18,549,164.59,831.06,8.43,,30.527,5.375,0,0.99,0.14,3.76,0.266
20,68,20068,7.77,2.69,0,0.2,7.2,0,0.02,0,0.06,0,158.74,0,0.01,0,0.08,0,0,,0,0,,1.43,15.1,44.75,11.45,0.91,3.61,1.96,2.06,40.57,6.46,61.41,,0.73,0,0,0,0.22,0.03,0.35,3.004
20,69,20069,0.19,0.29,0,0.02,0,,0,0,0.01,0,17.31,0,0,0,0,0,0,,0,0,,0,0.08,4.68,0,0,0,0,0.77,4.42,0,6.7,,,0,0,0,0,0,0,1.126
20,70,20070,0.6,0.92,0,0.07,0,,0,0,0.02,0,54.34,0,0,0,0,0,0,,0,0,,0,0.95,15.34,0,0.01,0,0,0.71,13.89,0.08,21.02,,,0,0,0,0,0,0,0.187
20,71,20071,0.29,0.46,0,0.03,0,,0,0,0.01,0,26.87,0,0,0,0,0,0,,0,0,0.77,0,0.44,6.72,0,0.03,0,0,3.81,6.87,0,10.39,,,0,0,0,0,0,0,1.005
20,72,20072,0.55,0.85,0,0.06,0,,0,0,0.02,0,49.97,0,0,0,0,0,0,,0,0,,0,0.56,11.85,0,0,0.33,0,0,12.77,0.04,19.33,,,0,0,0,0,0,0,1.366
20,73,20073,2.64,4.08,0,0.3,20.83,0,0.02,0,0.11,0,240.59,0,0,0,0.02,0,0,,0.03,0,126.14,0.36,4.13,72.63,11.95,0.16,1.31,5.67,2.99,61.48,3.61,93.07,,0.73,0,0,0,0,0,0,0
20,74,20074,0.04,0.06,0,0,0,,0,0,0,0,3.56,0,0,0,0,0,0,,0,0,,0,0.08,0.98,0,0,0,0,0.14,0.91,0.02,1.38,,,0,0,0,0,0,0,0
20,75,20075,0.24,0.37,0,0.03,0,0,0,0,0.01,0,21.81,0,0,0,0.01,0,0,,0,0,,0,1.39,8.42,0,0.01,0,0,1.86,5.57,0.25,8.44,,,0,0,0,0.55,0.08,0,1.828
20,76,20076,1.1,0.43,0,0.03,0,0,0,0,0.01,0,25.1,0,0,0,0,0,0,,0,0,,0,0.36,6.9,0,0.02,0,0,0.55,6.41,0.08,9.71,,,0,0,0,0,0,0,0
20,77,20077,0.29,0.45,0,0.03,0,,0,0,0.01,0,26.36,0,0,0,0.01,0,0,,0,0,,0,2.38,7.31,0,0.07,0,0,0.47,6.74,0.08,10.2,,,0,0,0,0,0,0.1,0.689
20,78,20078,0.09,0.13,0,0.01,0,,0,0,0,0,7.81,0,0,0,0,0,0,,0,0,,0,0.32,2.75,0,0,0,0,0.34,2,1.08,3.02,,,0,0,0,0,0,0,0.496
20,79,20079,95.33,10.49,29.36,0.78,0,0,0.15,0,0.03,0,77.43,0,0.13,0.02,0.9,0.06,0,,0.04,0,,4.63,177.7,62.31,47.12,0.74,17.08,0,0.26,157.9,94.29,239.02,,,0,0,4.057,0.31,0.04,1.66,0.26
20,80,20080,0.13,0.2,0,0.01,0,0,0,0,0.01,0,11.8,0,0,0,0,0,0,,0,0,,0,0.44,4.26,0,0.04,0,0,0.48,3.01,0.01,4.56,,,0,0,0,0,0,0,0.702
20,81,20081,0.16,0.25,0,0.02,0,,0,0,0.01,0,14.49,0,0,0,0,0,0,,0,0,,0,0.2,4.68,0,0,0,0,0.19,3.7,0,5.6,,,0,0,0,0,0,0,0.144
20,82,20082,0.4,0.62,0,0.05,0,0,0,0,0.02,0,36.59,0,0,0,0,0,0,,0,0,,0,0.12,10.05,0,0,0,0,2.02,9.35,0,14.16,,,0,0,0,0,0,0,0.532
20,83,20083,0.5,0.78,11.49,0.06,0,0,0.01,0,0.02,0,6.79,0,0.02,0,0.14,0.01,0,,0,0,0.49,0,27.14,15.84,22.77,0.02,3.61,0,0.09,11.69,2.45,17.7,,,0,0,0,0,0,0,0.13
20,84,20084,0.29,0.45,0,0.03,0,,0,0,0.01,0,26.29,0,0,0,0,0,0,,0,0,0.11,0,0.83,8.45,0,0,0,0,0.1,6.72,0.25,10.17,,,0,0,0,0,0,0,0.161
20,85,20085,1.58,2.45,0,0.18,0,,0,0,0.05,0,144.48,0,0,0,0,0,0,,0,0,1.99,0,0.52,34.73,0,0,0,0,6.53,36.92,0.19,55.89,,,0,0,0,0,0,0,1.721
20,86,20086,0.08,0.12,0,0.01,0,,0,0,0,0,7.1,0,0,0,0,0,0,,0,0,6.22,0,0.44,3.05,0,0.01,0,0,0.14,1.81,0.11,2.75,,,0,0,0,0,0,0,0.106
20,87,20087,0.28,0.44,0,0.03,0,,0,0,0.01,0,2.83,0,0,0,0.02,0,0,,0,0,,0.36,3.89,8.14,0,0.04,0,0,0.09,6.58,0.06,9.96,,,0,0,0,0,0,0,0.128
20,88,20088,0.22,0.35,0,0.03,0,0,0,0,0.01,0,20.5,0,0,0,0.02,0,0,,0,0,15.64,0,3.58,5.78,0,0.01,0,0,0.41,5.24,18.56,7.93,,,0,0,0,0,0,0,0
20,89,20089,0.19,0.29,0,0.02,0,,0,0,0.01,0,17.14,0,0,0,0,0,0,,0,0,,0,0.2,5.29,0,0,0,0,0.44,4.38,0.03,6.63,,,0,0,0,0,0,0,0.339
20,90,20090,0.51,0.79,0,0.06,0,0,0,0,0.02,0,46.66,0,0,0,0.01,0,0,,0,0,,0,1.11,13.14,0,0,1.64,0,0.97,11.92,0.87,18.05,,,0,0,0,0,0,0,0.256
20,91,20091,1.75,0.62,0,0.05,0,0,0,0,0.02,0,6.38,0,0,0,0.01,0,0,,0,0,0.44,0.71,1.99,11.69,0,0,0,0,0.39,9.34,0.28,14.14,,,0,0,0,0,0,0,0.573
20,92,20092,0.12,0.18,0,0.01,0,,0,0,0,0,10.89,0,0,0,0,0,0,,0,0,,0,0.16,3.16,0,0,0,0,0.36,2.78,0,4.21,,0.73,0,0,0,0,0,0,0.52
20,93,20093,0.05,0.07,0,0.01,0,0,0,0,0,0,4.28,0,0,0,0,0,0,,0,0,,0,0.08,1.7,0,0,0,0,0.46,1.09,0,1.66,,0.73,0,0,0,0,0,0,0.354
20,94,20094,0.18,0.27,0,0.02,0,0,0,0,0.01,0,16.08,0,0,0,0,0,0,,0,0,,0,0.44,4.36,0,0,0,0,0.46,4.11,0,6.22,,,0,0,0,0,0,0,0.351
20,95,20095,0.36,0.56,0,0.04,0,,0,0,0.01,0,32.96,0,0,0,0.01,0,0,,0,0,2.2,0,1.59,7.73,0,0.15,0,0,0.24,8.42,0.16,12.75,,,0,0,0,0,0,0,0
20,96,20096,0.05,0.08,0,0.01,0,0,0,0,0,0,4.97,0,0,0,0,0,0,,0,0,,0,0.87,1.79,0,0,0,0,0.93,1.27,0.2,1.92,,0.73,0,0,0,0,0,0,0.706
20,97,20097,0.15,0.23,0,0.02,0,,0,0,0.01,0,13.77,0,0,0,0,0,0,,0,0,,0,0.08,4.68,0,0,0,0,0.15,3.52,0.02,5.33,,0.73,0,0,0,0,0,0,0
20,98,20098,0.38,0.59,0,0.04,0,,0,0,0.01,0,34.49,0,0,0,0,0,0,,0,0,,0,0,9.23,0,0,0,0,1.59,8.81,0,13.34,,,0,0,0,0,0,0,0.139
20,99,20099,0.04,0.07,0,0,0,,0,0,0,0,3.93,0,0,0,0,0,0,,0,0,,0,0.04,1.18,0,0,0,0,0.03,1,0,1.52,,,0,0,0,0,0,0,0.022
20,100,20100,0.03,0.05,0,0,0,,0,0,0,0,3.06,0,0,0,0,0,0,,0,0,,0,0.32,1.33,0,0,0,0,0.08,0.78,0,1.19,,0.73,0,0,0,0,0,0,0
20,101,20101,0.07,0.1,0,0.01,0,,0,0,0,0,6.13,0,0,0,0,0,0,,0,0,23.83,0,0.12,1.77,0,0,0,0,0.21,1.57,0,2.37,,,0,0,0,0,0,0,0.299
20,102,20102,2.8,0.52,0,0.04,0,0,0,0,0.01,0,30.9,0,0,0,0,0,0,,0,0,1.37,0,0.56,9.01,0,0.02,0.33,0,0.35,7.9,0.94,11.95,,,0,0,0,0,0,0,0.512
20,103,20103,0.43,0.66,0,0.05,0,,0,0,0.02,0,39.15,0,0,0,0.01,0,0,,0,0,,0.71,2.19,11.52,0,0.15,0.66,0,0.78,10,0.95,15.14,,,0,0,0,0,0,0,1.16
20,104,20104,0.22,0.34,0,0.03,0,,0,0,0.01,0,19.82,0,0,0,0,0,0,,0,0,,0,0,5.05,0,0,0,0,0.42,5.07,0,7.67,,,0,0,0,0,0,0,0.608
20,105,20105,0.58,0.89,0,0.07,0,,0,0,0.02,0,52.55,0,0,0,0,0,0,,0,0,,0,0,14.28,0,0,0,0,1.11,13.43,0,20.33,,0.73,0,0,0,0,0,0,0.846
20,106,20106,0.03,0.04,0,0,0,,0,0,0,0,2.52,0,0,0,0,0,0,,0,0,,0,0.12,0.86,0,0,0,0,0.12,0.64,0.01,0.98,,0.73,0,0,0,0,0,0,0.091
20,107,20107,1.34,2.07,0,0.15,0,,0.01,0,0.05,0,9.96,0,0.02,0,0.12,0.01,0,,0,0,,0,23.13,35.53,0,0.21,9.85,0,0.09,31.22,8.45,47.26,,,0,0,0,0,0,0.02,0.127
20,108,20108,0.38,0.59,0,0.04,0,0,0,0,0.01,0,34.88,0,0,0,0,0,0,,0,0,,0,0.72,9.15,0,0,0,0,0.72,8.91,0,13.49,,,0,0,0,0,0,0,1.052
20,109,20109,0.11,0.17,0,0.01,0,,0,0,0,0,10.18,0,0,0,0,0,0,,0,0,,0,0.28,2.99,0,0.02,0,0,0.2,2.6,0.04,3.94,,0.73,0,0,0,1.17,0.17,0,0.017
20,110,20110,0.12,0.18,0,0.01,0,,0,0,0,0,10.52,0,0,0,0,0,0,,0,0,,0,0,3,0,0,0,0,0.08,2.69,0,4.07,,0.73,0,0,0,0,0,0,0.065
20,111,20111,0.34,0.53,0,0.04,0,,0,0,0.01,0,31.4,0,0,0,0,0,0,,0,0,,0,0.24,7.27,0,0.01,0,0,0.77,8.02,0,12.15,,,0,0,0,0,0,0,0.203
20,112,20112,0.24,0.37,0,0.03,0,0,0,0,0.01,0,22.02,0,0,0,0.01,0,0,,0,0,,0,1.47,6.87,0,0.01,0,0,1.05,5.63,0.08,8.52,,,0,0,0,0,0,0,1.533
20,113,20113,0.24,0.38,0,0.03,0,,0,0,0.01,0,22.3,0,0,0,0,0,0,,0,0,,0,0.32,6.12,0,0.04,0,0,0.79,5.7,0.04,8.63,,,0,0,0,0,0,0,0.208
20,114,20114,0.06,0.09,0,0.01,0,,0,0,0,0,5.59,0,0,0,0,0,0,,0,0,,0,0,2.11,0,0,0,0,0.06,1.43,0,2.16,,,0,0,0,0,0,0,0
20,115,20115,0.71,1.1,0,0.08,0,0,0.01,0,0.03,0,4.48,0,0.01,0,0.07,0,0,,0.2,0,,0,13.71,21.92,10.69,0.56,0.33,0,0.46,16.6,0.91,25.14,,,0,0,0,0,0,0,0.665
20,116,20116,0.33,0.51,0,0.04,0,,0,0,0.01,0,30.1,0,0,0,0,0,0,,0,0,,0,0.04,8.54,0,0,0,0,1.07,7.69,0.22,11.64,,,0,0,0,0,0,0,0.093
20,117,20117,0.23,0.36,0,0.03,0,,0,0,0.01,0,21.21,0,0,0,0,0,0,,0,0,,0,0.83,5.47,0,0,0,0,1.19,5.42,0.09,8.21,,,0,0,0,0,0,0,0.314
20,118,20118,0.22,0.34,0,0.03,0,,0,0,0.01,0,20.14,0,0,0,0,0,0,,0,0,,0,0.72,5.58,0,0,0,0,0.33,5.15,0.04,7.79,,,0,0,0,0,0,0,0.479
20,119,20119,0.03,0.05,0,0,0,0,0,0,0,0,3.08,0,0,0,0,0,0,,0,0,,0,0.16,1.18,0,0,0,0,0.1,0.79,0,1.19,,,0,0,0,0,0,0,0.076
20,120,20120,0.28,0.05,0,0,0,,0,0,0,0,3.09,0,0,0,0,0,0,,0,0,,0,0.16,1.53,0,0,0,0,0.01,0.79,0.02,1.19,,,0,0,0,0,0,0,0
20,121,20121,0.06,0.09,0,0.01,0,0,0,0,0,0,5.52,0,0,0,0,0,0,,0,0,,0,0.08,2.15,0,0,0,0,0.44,1.41,0,2.14,,0.73,0,0,0,0,0,0,0.335
20,122,20122,0.06,0.09,0,0.01,0,,0,0,0,0,5.36,0,0,0,0,0,0,,0,0,,0,0.16,1.79,0,0,0,0,0.27,1.37,0.04,2.07,,,0,0,0,0,0,0,0
20,123,20123,0.21,0.33,0,0.02,0,0,0,0,0.01,0,19.41,0,0,0,0,0,0,,0,0,,0,0.4,5.7,0,0.05,0,0,0.7,4.96,0.09,7.51,,,0,0,0,0,0,0,1.014
20,124,20124,2.73,2.33,0,0.17,0,,0.01,0,0.06,0,73.96,0,0.03,0.01,0.22,0.01,0,,0,0,,0,44.31,42.58,0,0.38,0.66,0,2.22,35.01,4.37,53,,,0,0,0,0,0,0,2.19
20,125,20125,0.88,1.36,0,0.1,46.71,,0,0,0,0,79.91,0,0,0,0,0,0,,0,0,55.5,0,0.52,2.43,0,0,0,12.71,2.91,20.42,0.01,30.91,,,0,0,0,0,0,0,0
20,126,20126,0.35,0.55,0,0.04,0,,0,0,0.01,0,32.25,0,0.01,0,0.09,0.01,0,,0,0,,0,18.44,9.03,0,0,0,0,0.75,8.24,0.05,12.48,,,0,0,0,0,0,0,0
20,127,20127,0.1,0.16,0,0.01,0,0,0,0,0,0,9.56,0,0,0,0,0,0,,0,0,,0,0,2.87,0,0,0,0,0.12,2.44,0,3.7,,0.73,0,0,0,0,0,0,0.095
20,128,20128,0.1,0.16,0,0.01,0,,0,0,0.01,0,9.16,0,0,0,0.01,0,0,,0,0,,0,1.19,4.24,0,0.03,0,0,0.17,2.34,0.1,3.54,,0.73,0,0,0,0,0,0,0
20,129,20129,0.02,0.03,0,0,0,,0,0,0,0,1.98,0,0,0,0,0,0,,0,0,,0,0.12,0.9,0,0.28,0,0,0.25,0.51,0.05,0.77,,0.73,0,0,0,0,0,0,0.193
20,130,20130,0.46,0.71,0,0.05,0,0,0,0,0.02,0,41.87,0,0,0,0.01,0,0,,0,0,,0,1.07,12.68,0,0.01,0,0,0.46,10.7,0.3,16.2,,,0,0,0,1.21,0.17,0,0.452
20,131,20131,3.3,1.31,0,0.1,0,,0,0,0.03,0,76.91,0,0.01,0,0.05,0,0,,0,0,7.21,0,8.94,21.64,2.39,0.07,0.33,0,0.5,19.65,1.1,29.75,,,0,0,0,0,0,0,0.725
20,132,20132,0.1,0.15,0,0.01,0,,0,0,0,0,8.86,0,0,0,0,0,0,,0,0,,0,0.36,2.63,7.3,0.03,0,0,0.46,2.26,0.02,3.43,,,0,0,0,0,0,0,0.673
20,133,20133,0.33,0.51,0,0.04,0,,0,0,0.01,0,29.8,0,0,0,0,0,0,,0,0,0.33,0,0.12,8.55,0,0,0,0,0.51,7.62,0.01,11.53,,,0,0,0,0,0,0,0.388
20,134,20134,2.26,3.5,0,0.26,0,,0.01,0,0.08,0,205.87,0,0,0,0.01,0,0,,0,0,,0,2.26,51.66,0,0.04,0.66,0,6.66,52.61,2.25,79.64,,,0,0,0,0,0,0,8.008
20,135,20135,0.55,0.86,0,0.06,0,,0,0,0.02,0,50.43,0,0,0,0.02,0,0,,0,0,1.03,0,4.21,13.56,0,0,0,0,0.74,12.89,0.22,19.51,,,0,0,0,0,0,0,1.074
20,136,20136,1.03,1.6,0,0.12,0,,0,0,0,0,94.38,0,0,0,0.01,0,0,,0,0,,0,1.23,3.45,0,0.03,0,0,5,24.12,2.09,36.51,,,0,0,0,0,0,0,6.015
20,137,20137,0.28,0.44,0,0.03,0,,0,0,0.01,0,25.7,0,0,0,0,0,0,,0,0,,0,0.24,6.52,0,0,0,0,0.77,6.57,0,9.94,,,0,0,0,0,0,0,0
20,138,20138,0.03,0.05,0,0,0,,0,0,0,0,3.01,0,0,0,0,0,0,,0,0,,0,0.08,1.28,0,0,0,0,0.07,0.77,0.02,1.16,,,0,0,0,0,0,0,0
20,139,20139,0.17,0.27,0,0.02,0,,0,0,0.01,0,15.95,0,0,0,0,0,0,,0,0,,0,0.04,4.15,0,0,0,0,0.53,4.08,0,6.17,,,0,0,0,0,0,0,0.046
20,140,20140,0.06,0.09,0,0.01,0,,0,0,0,0,5.46,0,0,0,0,0,0,,0,0,,0,0,1.67,0,0,0,0,0.49,1.39,0,2.11,,0.73,0,0,0,0,0,0,0.374
20,141,20141,0.61,0.95,0,0.07,0,,0,0,0.02,0,55.72,0,0,0,0,0,0,,0,0,,0,0.91,16.01,0,0.01,0,0,1.58,14.24,0.45,21.56,,,0,0,0,0,0,0,1.555
20,142,20142,0.11,0.17,0,0.01,0,,0,0,0.01,0,10.14,0,0,0,0,0,0,,0,0,,0,0,3.21,0,0,0,0,0.25,2.59,0,3.92,,,0,0,0,0,0,0,0.022
20,143,20143,0.8,1.25,0,0.09,0,0,0,0,0.04,0,73.36,0,0,0,0.01,0,0,,0,0,,0,1.59,24.53,0,0.01,0,0,2.97,18.75,1.25,28.38,,,0,0,0,1.34,0.19,0,2.922
20,144,20144,0.08,0.12,0,0.01,0,0,0,0,0,0,7.14,0,0,0,0,0,0,,0,0,,0,0.52,2.47,0,0,0,0,0.39,1.83,0,2.76,,0.73,0,0,0,0,0,0,0.297
20,145,20145,0.17,0.26,0,0.02,0,,0,0,0.01,0,15.56,0,0,0,0.02,0,0,,0,0,,0,3.74,5.11,0,0.04,0,0,0.23,3.98,16.52,6.02,,,0,0,0,0,0,0,0.331
20,146,20146,0.2,0.31,0,0.02,0,,0,0,0.01,0,18.16,0,0,0,0,0,0,,0,0,,0,0.48,3.91,0,0.01,0,0,0.19,4.64,0,7.02,,,0,0,0,0,0,0,0
20,147,20147,0.03,0.05,0,0,0,,0,0,0,0,2.76,0,0,0,0,0,0,,0,0,,0,0.32,1.06,0,0.01,0,0,0.15,0.71,0,1.07,,0.73,0,0,0,0,0,0,0.116
20,148,20148,0.16,0.25,0,0.02,0,,0,0,0.01,0,14.88,0,0,0,0,0,0,,0,0,,0,0.28,3.31,0,0,0,0,0.41,3.8,0,5.75,,,0,0,0,0,0,0,0
20,149,20149,0.12,0.18,0,0.01,0,,0,0,0,0,10.71,0,0,0,0,0,0,,0,0,11.64,0,0.32,3.02,0,0.03,0,0,0.34,2.74,0.01,4.14,,,0,0,0,0,0,0,0
20,150,20150,2.55,1.41,0,0.11,0,,0.01,0,0.03,0,83.32,0,0,0,0.02,0,0,,0,0,0.66,0,3.34,22.76,0,0.14,1.97,0,1.24,21.29,3.6,32.23,,,0,0,0,1.33,0.19,0,1.802
20,151,20151,0.03,0.05,0,0,0,,0,0,0,0,3.16,0,0,0,0,0,0,,0,0,,0,0.2,1.01,0,0,0,0,0.24,0.81,0,1.22,,0.73,0,0,0,0,0,0,0.182
20,152,20152,0.11,0.17,0,0.01,0,,0,0,0,0,10.01,0,0,0,0,0,0,,0,0,,0,0,2.66,0,0,0,0,0.31,2.56,0,3.87,,,0,0,0,0,0,0,0.234
20,153,20153,0.35,0.54,0,0.04,0,,0,0,0.01,0,31.86,0,0,0,0,0,0,,0,0,0.71,0,0.68,8.95,0,0,0,0,2.49,8.14,1.28,12.32,,,0,0,0,0,0,0,0.656
20,154,20154,0.18,0.28,0,0.02,0,,0,0,0.01,0,16.29,0,0,0,0,0,0,,0,0,,0,0,4.9,0,0,0,0,0.49,4.16,0,6.3,,,0,0,0,0,0,0,0
20,155,20155,0.07,0.11,0,0.01,0,0,0,0,0,0,6.4,0,0,0,0,0,0,,0,0,,0,0,1.43,0,0,0,0,0.21,1.63,0,2.47,,,0,0,0,0,0,0,0
20,156,20156,0.28,0.43,0,0.03,7.61,,0,0,0.01,0,25.13,0,0,0,0,0,0,,0,0,14.04,0,0.4,8.56,0,0.01,0,2.07,0.76,6.42,0.11,9.72,,0.73,0,0,0,0,0,0,0.001
20,157,20157,0.9,1.39,0.85,0.1,0,,0.01,0,0.04,0,81.88,0,0.01,0,0.05,0,0,,0,0,,1.07,10.77,26.72,11.02,4.08,16.09,0,0.07,20.92,6.43,31.67,,,0,0,0,0,0,0.02,0.104
20,158,20158,0.19,0.3,0,0.02,0,,0,0,0.01,0,17.39,0,0,0,0,0,0,,0.01,0,,0,0,4.45,0,0,0,0,0.62,4.44,0.04,6.73,,,0,0,0,0,0,0,0
20,159,20159,0.44,0.69,0,0.05,0,,0,0,0.01,0,40.36,0,0,0,0,0,0,,0,0,0.83,0,0.12,8.67,0,0.02,0,0,1.12,10.31,0,15.61,,,0,0,0,0,0,0,0
20,160,20160,0.15,0.24,0,0.02,0,,0,0,0.01,0,14.12,0,0,0,0.01,0,0,,0,0,,0,1.07,4.45,0,0,0,0,0.15,3.61,0,5.46,,,0,0,0,0,0,0,0.116
20,161,20161,0.24,0.38,0,0.03,0,0,0,0,0.01,0,22.18,0,0,0,0,0,0,,0,0,,0,0.36,7.02,0,0.06,0,0,0.02,5.67,0,8.58,,,0,0,0,0.99,0.14,0,0.035
20,162,20162,0.16,0.24,0,0.02,0,,0,0,0,0,14.19,0,0,0,0,0,0,,0,0,,0,0.2,3.01,0,0,0,0,0.59,3.63,0,5.49,,0.73,0,0,0,0,0,0,0.853
20,163,20163,0.14,0.21,0,0.02,0,,0,0,0.01,0,12.34,0,0,0,0,0,0,,0,0,,0,0.52,4.17,0,0.06,0,0,0.33,3.15,0.44,4.77,,,0,0,0,0,0,0,0.029
20,164,20164,0.26,0.41,0,0.03,0,,0,0,0.01,0,23.97,0,0,0,0,0,0,,0,0,,0,0.6,6.28,0,0.02,0,0,0.28,6.13,0.03,9.27,,,0,0,0,0,0,0,0.217
20,165,20165,0.12,0.18,0,0.01,0,,0,0,0,0,10.88,0,0,0,0,0,0,,0,0,,0,0.6,3.26,0,0,0,0,0.32,2.78,0.4,4.21,,,0,0,0,0,0,0,0.246
20,166,20166,0.91,1.4,0,0.1,0,,0,0,0.04,0,82.71,0,0,0,0.02,0,0,,0,0,,0,4.05,23.6,0,0,0.33,0,7.19,21.14,18.57,32,,0.73,0,0,0,0,0,0,8.656
20,167,20167,0.17,0.26,0,0.02,0,,0,0,0.01,0,15.1,0,0,0,0,0,0,,0,0,1.11,0,0.72,4.37,0,0,0,0,0.5,3.86,0.22,5.84,,,0,0,0,0,0,0,0
20,168,20168,0.08,0.13,0,0.01,0,0,0,0,0,0,7.74,0,0,0,0,0,0,,0,0,,0,0.12,2.3,0,0,0,0,0.59,1.98,0.01,2.99,,,0,0,0,0,0,0,0.156
20,169,20169,0.33,0.51,0,0.04,0,,0,0,0.01,0,29.91,0,0,0,0,0,0,,0,0,,0,0.24,8.5,0,0,0,0,0.5,7.64,0,11.57,,,0,0,0,0,0,0,0.607
20,170,20170,0.31,0.49,0,0.04,0,,0,0,0.01,0,28.71,0,0,0,0.01,0,0,,0,0,,0,1.31,7.27,0,0,0,0,0.1,7.34,0.03,11.1,,,0,0,0,0,0,0,0
20,171,20171,1.61,2.49,0,0.19,0,,0,0,0.06,0,146.89,0,0,0,0,0,0,,0,0,0.27,0,0.2,40.14,0,0,0,0,9.13,37.54,0.06,56.82,,,0,0,0,0,0,0,0.798
20,172,20172,0.04,0.06,0,0,0,,0,0,0,0,3.25,0,0,0,0,0,0,,0,0,,0,0,1.34,0,0,0,0,0.11,0.83,0,1.26,,0.73,0,0,0,0,0,0,0.083
20,173,20173,0.12,0.18,0,0.01,0,0,0,0,0.01,0,10.55,0,0,0,0,0,0,,0,0,0.27,0,0.04,4.03,0,0,0,0,0.13,2.7,0.01,4.08,,0.73,0,0,0,0,0,0,0
20,174,20174,0.28,0.44,0,0.03,0,0,0.01,0,0.01,0,2.4,0,0,0,0.01,0,0,,0,0,,0,1.07,8.19,0,0,1.64,0,0.27,6.61,0.98,10,,,0,0,0,0,0,0,0.487
20,175,20175,0.12,0.19,0,0.01,0,0,0,0,0,0,11.22,0,0,0,0,0,0,,0,0,,0,0.16,2.98,0,0,0,0,0.26,2.87,0,4.34,,,0,0,0,0,0,0,0.381
20,176,20176,0.25,0.39,0,0.03,15.72,,0,0,0.01,0,23.21,0,0,0,0,0,0,,0,0,,0,0.48,7.87,0,0,0,4.28,0.83,5.93,0.12,8.98,,0.73,0,0,0,0,0,0,0.63
20,177,20177,3.69,1.26,0,0.09,28.02,,0.01,0,0.03,0,74.43,0,0,0,0.01,0,0,,0.03,0,,0.36,1.79,23.33,0,0.05,0,7.63,1.76,19.02,0.62,28.79,,0.73,0,0,0,1.73,0.25,0,0.154
20,178,20178,0.44,0.68,0,0.05,0,,0,0,0.02,0,39.82,0,0,0,0,0,0,,0,0,,0,0,11.78,0,0,0,0,0.43,10.18,0,15.4,,,0,0,0,0,0,0,0.663
20,179,20179,0.11,0.17,0,0.01,0,0,0,0,0,0,10.17,0,0,0,0,0,0,,0,0,,0,0.36,3.07,0,0,0,0,0.55,2.6,0.44,3.93,,,0,0,0,0,0,0,0.802
20,180,20180,0.19,0.29,0,0.02,0,,0,0,0.01,0,17.35,0,0,0,0,0,0,,0,0,,0,0.4,5.42,0,0,0.33,0,0.62,4.43,0.04,6.71,,,0,0,0,0,0,0,0.163
20,181,20181,0.04,0.06,0,0,0,,0,0,0,0,3.34,0,0,0,0,0,0,,0,0,,0,0,1.21,0,0,0,0,0.12,0.85,0,1.29,,,0,0,0,0,0,0,0.09
20,182,20182,0.2,0.31,0,0.02,0,,0,0,0.01,0,18.17,0,0,0,0,0,0,,0,0,,0,0.12,4.27,0,0,0,0,0.87,4.64,0.65,7.03,,,0,0,0,0,0,0,0.076
20,183,20183,0.13,0.2,0,0.01,0,,0,0,0.01,0,11.7,0,0,0,0,0,0,,0,0,,0,0.08,3.26,0,0,0,0,0.15,2.99,0,4.53,,,0,0,0,0,0,0,0.114
20,184,20184,13.25,19.89,23.41,1.48,32.24,0,0.19,0,0.58,0,1171.85,0.01,0.13,0.02,0.9,0.06,0,,0.04,0,,5.34,178.02,412.39,70.29,1.1,30.87,8.78,35.6,299.47,59.44,453.32,,0.73,0,0,0,1.9,0.27,0.58,42.824
20,185,20185,0.72,1.12,0,0.08,0,0,0,0,0.03,0,65.94,0,0,0,0.01,0,0,,0,0,,0,2.34,18.06,0.49,0.05,0.66,0,1.08,16.85,1.06,25.51,,,0,0,0,0,0,0,0.285
20,186,20186,0.05,0.08,0,0.01,0,,0,0,0,0,4.51,0,0,0,0,0,0,,0,0,,0,0,1.52,0,0,0,0,0.1,1.15,0,1.74,,,0,0,0,0,0,0,0.074
20,187,20187,0.18,0.28,0,0.02,0,,0,0,0.01,0,16.37,0,0,0,0,0,0,,0,0,,0,0.08,4.45,0,0,0,0,1.23,4.18,0.01,6.33,,,0,0,0,0,0,0,0.107
20,188,20188,0.77,1.19,0,0.09,0,,0,0,0.03,0,70.28,0,0,0,0.01,0,0,,0,0,,0,1.23,18.61,0,0.01,0,0,1.05,17.96,0.09,27.19,,,0,0,0,0,0,0,0.278
20,189,20189,0.21,0.33,0,0.02,0,,0,0,0.01,0,19.37,0,0,0,0,0,0,,0,0,,0,0,4.68,0,0,0,0,1.66,4.95,0,7.49,,,0,0,0,0,0,0,2.001
20,190,20190,2,3.09,0,0.23,0,,0.01,0,0.08,0,182.22,0,0,0,0.01,0,0,,0.03,0,12.11,0,2.38,52.25,4.58,0.07,0.66,0,13.59,46.57,1.49,70.49,,,0,0,0,0,0,0,0.018
20,191,20191,0.02,0.04,0,0,0,0,0,0,0,0,2.28,0,0,0,0,0,0,,0,0,,0,0,0.96,0,0,0,0,0.1,0.58,0,0.88,,0.73,0,0,0,0,0,0,0
20,192,20192,1.35,0.18,0,0.01,0,0,0,0,0.01,0,10.73,0,0,0,0,0,0,,0,0,,0,0.68,3.49,0,0,0,0,0.36,2.74,0.38,4.15,,,0,0,0,0,0,0,0.522
20,193,20193,0.2,0.3,0,0.02,0,0,0,0,0.01,0,17.83,0,0,0,0,0,0,,0,0,106.7,0,0.79,5.39,0,0.04,0,0,0.55,4.56,0.9,6.9,,,0,0,0,0,0,0,0.799
20,194,20194,0.11,0.17,0,0.01,0,,0,0,0.01,0,9.95,0,0,0,0.03,0,0,,0,0,,0,5.36,3.99,0,0,0,0,0.57,2.54,0.02,3.85,,,0,0,0,0,0,0,0.834
20,195,20195,0.11,0.18,0,0.01,0,,0,0,0.01,0,10.38,0,0,0,0,0,0,,0,0,,0,0.2,3.35,0,0,0,0,0.16,2.65,0,4.01,,0.73,0,0,0,0,0,0,0.12
20,196,20196,0.04,0.06,0,0,0,,0,0,0,0,3.34,0,0,0,0,0,0,,0,0,,0,0.08,1.14,0,0,0,0,0.04,0.85,0,1.29,,0.73,0,0,0,0,0,0,0
20,197,20197,0.26,0.4,0,0.03,0,,0,0,0.01,0,23.83,0,0,0,0.01,0,0,,0,0,,0,1.23,7.62,0,0,0,0,0.14,6.09,1.87,9.22,,,0,0,0,0.78,0.11,0,0.208
20,198,20198,2.46,3.8,0,0.28,0,0,0,0,0.11,0,224.12,0,0,0,0.01,0,0,,0,0,,0,1.59,71.22,0,0.01,0,0,12.52,57.27,0.26,86.7,,,0,0,0,1.54,0.22,0,12.311
20,199,20199,0.06,0.1,0,0.01,0,,0,0,0,0,5.81,0,0,0,0,0,0,,0,0,,0,0.08,1.79,0,0,0,0,0.15,1.49,0,2.25,,,0,0,0,0,0,0,0.113
20,200,20200,0.32,0.49,0,0.04,24.31,,0,0,0.01,0,28.84,0,0,0,0,0,0,,0,0,1.58,0,0.44,8.96,0,0,0,6.62,0.7,7.37,1.72,11.15,,0.73,0,0,0,0,0,0,0
20,201,20201,0.17,0.26,0,0.02,0,,0,0,0.01,0,15.47,0,0,0,0,0,0,,0,0,5.48,0,0.24,4.67,0,0,0,0,0.35,3.95,0.43,5.98,,,0,0,0,0,0,0,0
20,202,20202,0.35,0.54,0,0.04,0,,0,0,0.01,0,31.91,0,0,0,0,0,0,,0,0,4.93,0,0.2,7.51,4.93,0,0,0,2.38,8.15,0.03,12.34,,,0,0,0,0,0,0,0.627
20,203,20203,0.3,0.46,0,0.03,0,,0,0,0.01,0,27.26,0,0,0,0,0,0,,0,0,,0,0,5.98,0,0,0,0,0.32,6.97,0,10.55,,,0,0,0,0,0,0,0.461
20,204,20204,0.06,0.09,0,0.01,0,,0,0,0,0,5.46,0,0,0,0,0,0,,0,0,0.32,0,0.04,1.86,0,0,0,0,0.56,1.4,0.01,2.11,,,0,0,0,0,0,0,0
20,205,20205,1.45,2.25,0,0.17,0,,0,0,0.05,0,132.42,0,0,0,0,0,0,,0,0,4.42,0,0,33.98,0,0,0,0,7.3,33.84,0,51.23,,,0,0,0,0,0,0,8.786
20,206,20206,0.22,0.34,0,0.03,0,,0,0,0.01,0,19.84,0,0,0,0,0,0,,0,0,,0,0.6,5.95,0,0.04,0,0,0.38,5.07,0.11,7.67,,,0,0,0,0,0,0,0.033
20,207,20207,1.43,2.22,0,0.17,0,,0,0,0.05,0,130.82,0,0,0,0,0,0,,0,0,,0,0.2,33.13,0,0,0,0,10.63,33.43,0.01,50.61,,,0,0,0,0,0,0.42,0.014
20,208,20208,0.66,1.02,0,0.08,0,,0,0,0.03,0,60.18,0,0,0,0,0,0,,0,0,,0,0.64,20.24,0,0,0,0,1.18,15.38,0.71,23.28,,,0,0,0,0,0,0,0.897
20,209,20209,0.08,0.12,0,0.01,0,0,0,0,0,0,7.32,0,0,0,0,0,0,,0,0,,0,0.16,2.04,0,0,0,0,0.37,1.87,0,2.83,,,0,0,0,0,0,0,0
20,210,20210,0.51,0.8,0,0.06,0,,0,0,0.02,0,46.99,0,0,0,0,0,0,,0,0,,0,0,11.76,0,0,0,0,1.16,12.01,0,18.18,,0.73,0,0,0,0,0,0,0.883
20,211,20211,0.25,0.38,0,0.03,0,,0,0,0.01,0,22.53,0,0,0,0,0,0,,0,0,8.02,0,0.16,5.55,0,0,0,0,0.5,5.76,0.03,8.71,,,0,0,0,0,0,0,0
20,212,20212,0.24,0.37,0,0.03,0,,0,0,0.01,0,22.03,0,0,0,0,0,0,,0,0,,0,0,5.64,0,0,0,0,0.58,5.63,0,8.52,,,0,0,0,0,0,0,0.697
20,213,20213,0.37,0.57,0,0.04,0,0,0,0,0.01,0,33.67,0,0,0,0,0,0,,0,0,39.98,0,0,6.06,0,0,0,0,0.71,8.61,0,13.03,,,0,0,0,0,0,0,0.188
20,214,20214,0.22,0.33,0,0.02,0,,0,0,0.01,0,19.69,0,0,0,0,0,0,,0,0,,0,0.36,5.09,0,0.02,0,0,0.19,5.03,0,7.62,,,0,0,0,0,0,0,0
20,215,20215,0.06,0.09,0,0.01,0,0,0,0,0,0,5.31,0,0,0,0,0,0,,0,0,,0,0,1.73,0,0,0,0,0.67,1.36,0,2.05,,0.73,0,0,0,0,0,0,0.509
20,216,20216,0.1,0.15,0,0.01,0,,0,0,0,0,8.84,0,0,0,0.01,0,0,,0,0,,0,1.27,2.72,0,0,0,0,0.11,2.26,0.02,3.42,,0.73,0,0,0,0,0,0,0
20,217,20217,0.28,0.44,0,0.03,0,0,0,0,0.01,0,25.7,0,0,0,0,0,0,,0,0,,0,0,6.69,0,0,0,0,1.16,6.57,0,9.94,,0.73,0,0,0,0,0,0,0.885
20,218,20218,0.05,0.07,0,0.01,0,0,0,0,0,0,4.14,0,0,0,0,0,0,,0,0,15.81,0,0.2,1.37,0,0,0,0,0.11,1.06,0,1.6,,,0,0,0,0,0,0,0.082
20,219,20219,0.23,0.35,0,0.03,0,,0,0,0.01,0,20.69,0,0,0,0,0,0,,0,0,,0,0.32,6.9,0,0.01,0,0,0.3,5.29,0.28,8,,,0,0,0,0,0,0,0.431
20,220,20220,0.26,0.4,0,0.03,0,,0,0,0.01,0,23.62,0,0,0,0,0,0,,0,0,,0,0.04,7.42,0,0.01,0,0,0.44,6.04,0,9.14,,,0,0,0,0,0,0,0.038
20,221,20221,0.12,0.18,0,0.01,4.77,,0,0,0.01,0,10.9,0,0,0,0,0,0,,0,0,,0,0.24,3.52,5.27,0,0,1.3,0.3,2.78,0,4.21,,0.73,0,0,0,0,0,0,0.232
20,222,20222,0.13,0.21,0,0.02,0,,0,0,0.01,0,12.12,0,0,0,0.01,0,0,,0,0,,0,2.15,4.42,0,0,0,0,0.25,3.1,0.45,4.69,,0.73,0,0,0,0,0,0,0
20,223,20223,0.05,0.08,0,0.01,0,,0,0,0,0,4.55,0,0,0,0,0,0,,0,0,,0,0.24,1.34,0,0,0,0,0.17,1.16,0.02,1.76,,,0,0,0,0,0,0,0
20,224,20224,0.06,0.09,0,0.01,0,0,0,0,0,0,5.32,0,0,0,0,0,0,,0,0,,0,0.28,1.96,0,0.01,0,0,0.68,1.36,0.01,2.06,,0.73,0,0,0,0,0,0,0.52
20,225,20225,0.51,0.8,0,0.06,0,,0,0,0.02,0,46.86,0,0,0,0,0,0,,0,0,,0,0,10.6,0,0,0,0,1.1,11.98,0,18.13,,,0,0,0,0,0,0,0.289
20,226,20226,0.22,0.34,0,0.03,0,,0,0,0.01,0,20.08,0,0,0,0.01,0,0,,0,0,,0,1.99,6.14,0,0,0.33,0,0.86,5.13,0.6,7.77,,,0,0,0,0,0,0,1.252
20,227,20227,1.03,1.59,0.85,0.12,0,,0.02,0,0,0,24.6,0,0,0,0.02,0,0,,0,0,,0.71,4.05,6.65,0,0.02,1.31,0,0.26,23.95,2.07,36.25,,,0,0,0,0,0,0,0.376
20,228,20228,0.07,0.1,0,0.01,0,,0,0,0,0,5.98,0,0,0,0,0,0,,0,0,,0,0.4,1.53,0,0,0,0,0.07,1.53,0,2.31,,,0,0,0,0,0,0,0.006
20,229,20229,0.56,0.87,0,0.06,0,,0,0,0.02,0,51.23,0,0,0,0,0,0,,0,0,60.39,0,0,10.62,0,0,0,0,0.87,13.09,0,19.82,,,0,0,0,0,0,0,0
20,230,20230,0.08,0.13,0,0.01,0,0,0,0,0,0,7.69,0,0,0,0,0,0,,0,0,,0,0.24,2.49,0,0,0,0,0.14,1.96,0.01,2.97,,,0,0,0,0,0,0,0.106
20,231,20231,0.22,0.35,0,0.03,0,,0,0,0.01,0,20.46,0,0,0,0,0,0,,0,0,,0,0.12,5.23,0,0,0,0,0.32,5.23,0,7.92,,,0,0,0,0,0,0,0
20,232,20232,1.77,2.73,0,0.2,0,,0.01,0,0.06,0,161.09,0,0,0,0.01,0,0,,0,0,,0,1.31,39.62,8.75,0.09,0,0,11.63,41.17,1.53,62.32,,0.73,0,0,0,0,0,0,13.993
20,233,20233,1.39,0.24,0,0.02,0,,0,0,0.01,0,14.34,0,0,0,0,0,0,,0,0,,0,0.36,4.03,0,0,0,0,0.4,3.66,0.08,5.55,,,0,0,0,0,0,0,0.581
20,234,20234,0.66,1.02,0,0.08,0,,0,0,0.03,0,59.86,0,0,0,0,0,0,,0,0,,0,0,15.92,0,0,0,0,0.91,15.3,0,23.16,,,0,0,0,0,0,0,0.08
20,235,20235,0.3,0.47,0,0.03,0,,0,0,0.01,0,27.51,0,0,0,0.03,0,0,,0,0,,0,5.52,8.32,0,0,0,0,1.02,7.03,0,10.64,,,0,0,0,0,0,0,0
20,236,20236,0.12,0.19,0,0.01,0,,0,0,0,0,11.34,0,0,0,0,0,0,,0,0,,0,0,2.98,0,0,0,0,0.11,2.9,0,4.39,,,0,0,0,0,0,0,0
20,237,20237,1.42,0.29,0,0.02,0,0,0,0,0.01,0,17.1,0,0,0,0,0,0,,0,0,,0,0.4,5.33,0,0.02,0,0,0.32,4.37,0.03,6.62,,,0,0,0,0,0,0,0.241
20,238,20238,0.07,0.1,0,0.01,0,,0,0,0,0,6.17,0,0,0,0,0,0,,0,0,,0,0.08,1.81,0,0,0,0,0.19,1.58,0,2.39,,,0,0,0,0,0,0,0.278
20,239,20239,0.09,0.14,0,0.01,0,,0,0,0,0,8.2,0,0,0,0,0,0,,0,0,,0,0,2.66,0,0,0,0,0.26,2.1,0,3.17,,0.73,0,0,0,0,0,0,0.198
20,240,20240,0.23,0.35,0,0.03,0,,0,0,0.01,0,20.7,0,0,0,0,0,0,,0,0,,0,0,4.39,0,0,0,0,0.31,5.29,0,8.01,,,0,0,0,0,0,0,0.236
20,241,20241,0.09,0.13,0,0.01,0,,0,0,0,0,7.94,0,0,0,0,0,0,,0,0,,0,0.48,2.73,0,0,0,0,0.07,2.03,0.01,3.07,,,0,0,0,0,0,0,0.101
20,242,20242,1.1,1.71,0,0.13,0,,0,0,0.03,0,100.57,0,0,0,0,0,0,,0,0,,0,0.16,17.12,0,0,0,0,0.38,25.7,0.22,38.91,,,0,0,0,0,0,0,0.289
20,243,20243,0.14,0.22,0,0.02,0,,0,0,0.01,0,13.22,0,0.01,0,0.07,0,0,,0,0,19.15,0,12.99,4.72,0,0.04,0,0,0.52,3.38,68.14,5.11,,,0,0,0,0,0,0,0.752
20,244,20244,0.32,0.49,0,0.04,0,,0,0,0.01,0,29.14,0,0,0,0,0,0,,0,0,1.08,0,0.48,8.31,0,0.01,0,0,0.58,7.45,0.08,11.27,,0.73,0,0,0,0,0,0,0.051
20,245,20245,0.11,0.17,0,0.01,0,,0,0,0,0,9.72,0,0,0,0,0,0,,0,0,,0,0.24,2.99,0,0,0,0,0.34,2.48,0,3.76,,,0,0,0,0,0,0,0.261
20,246,20246,0.05,0.08,0,0.01,0,,0,0,0,0,4.65,0,0,0,0,0,0,,0,0,,0,0.83,1.54,0,0,0,0,0.07,1.19,0.04,1.8,,,0,0,0,0,0,0,0
20,247,20247,0.94,0.18,0,0.01,0,0,0,0,0.01,0,10.64,0,0,0,0,0,0,,0,0,0.08,0,0.32,3.63,0,0,0,0,0,2.72,1.06,4.12,,0.73,0,0,0,0,0,0,0
20,248,20248,1.13,1.74,0,0.13,0,,0,0,0.04,0,102.69,0,0,0,0.01,0,0,,0,0,,0,1.39,24.14,0,0.02,0,0,0.41,26.24,0.05,39.72,,,0,0,0,0,0,0,0.406
20,249,20249,0.29,0.45,0,0.03,0,,0,0,0.01,0,26.7,0,0,0,0,0,0,,0,0,,0,0.6,7.24,0,0.03,0,0,0.46,6.82,0.21,10.33,,,0,0,0,0,0,0,0.041
20,250,20250,0.1,0.15,0,0.01,0,,0,0,0,0,8.8,0,0,0,0,0,0,,0,0,,0,0.08,3.01,0,0.01,0,0,0.73,2.25,0.22,3.4,,0.73,0,0,0,0,0,0,0.556
20,251,20251,0.1,0.16,0,0.01,0,,0,0,0,0,9.14,0,0,0,0,0,0,,0,0,,0,0.12,2.48,0,0,0,0,0.09,2.33,0.22,3.53,,,0,0,0,0,0,0,0.072
20,252,20252,0.15,0.24,0,0.02,0,,0,0,0.01,0,14.04,0,0,0,0.01,0,0,,0,0,,0,1.23,4.23,0,0,0,0,0.28,3.59,0.01,5.43,,,0,0,0,0,0,0,0.214
20,253,20253,0.24,0.36,0,0.03,0,,0,0,0.01,0,21.46,0,0,0,0,0,0,,0,0,1.65,0,0.4,6.46,0,0.01,0,0,3.32,5.48,0.04,8.3,,,0,0,0,0,0,0,0.876
20,254,20254,0.25,0.39,0,0.03,0,,0,0,0.01,0,22.75,0,0,0,0,0,0,,0,0,,0,0.87,6.4,0,0.07,0,0,0.27,5.81,0.08,8.8,,,0,0,0,0,0,0,0
20,255,20255,0.17,0.26,0,0.02,0,0,0,0,0.01,0,15.17,0,0,0,0,0,0,,0,0,15.81,0,0.56,3.83,0,0.07,0,0,0.59,3.88,0.03,5.87,,,0,0,0,0,0,0,0.452
20,256,20256,0.02,0.03,0,0,0,0,0,0,0,0,1.83,0,0,0,0,0,0,,0,0,,0,0.16,0.69,0,0,0,0,0.09,0.47,0,0.71,,0.73,0,0,0,0,0,0,0.067
20,257,20257,0.08,0.13,0,0.01,0,,0,0,0,0,7.45,0,0,0,0,0,0,,0,0,,0,0,2.48,0,0,0,0,0.15,1.9,0,2.88,,0.73,0,0,0,0,0,0,0
20,258,20258,0.07,0.11,0,0.01,0,0,0,0,0,0,6.48,0,0,0,0,0,0,,0,0,,0,0,2.52,0,0,0,0,0.14,1.66,0,2.51,,0.73,0,0,0,0,0,0,0.108
20,259,20259,0.2,0.31,0,0.02,0,,0,0,0.01,0,18.05,0,0,0,0,0,0,,0,0,,0,0.4,4.22,0,0.02,0,0,0.17,4.61,0.09,6.98,,,0,0,0,0,0,0,0.129
20,260,20260,0.23,0.36,0,0.03,0,,0,0,0.01,0,21.38,0,0,0,0,0,0,,0,0,,0,0.08,5.42,0,0,0,0,0.25,5.46,0.43,8.27,,0.73,0,0,0,0,0,0,0
20,261,20261,0.53,0.82,0,0.06,0,,0,0,0.02,0,48.14,0,0,0,0,0,0,,0,0,,0,0.4,11.36,0,0,0,0,1.09,12.3,0.12,18.62,,,0,0,0,0,0,0,0.829
20,262,20262,0.09,0.14,0,0.01,0,,0,0,0,0,8.2,0,0,0,0,0,0,,0,0,,0,0.04,2.53,0,0,0,0,0.08,2.1,0.01,3.17,,,0,0,0,0,0,0,0
20,263,20263,0.25,0.39,0,0.03,0,,0,0,0.01,0,22.76,0,0,0,0,0,0,,0,0,,0,0.56,5.51,0,0.08,0,0,0.74,5.82,0.44,8.81,,,0,0,0,0,0,0,0
20,264,20264,0.18,0.28,0,0.02,0,,0,0,0.01,0,16.5,0,0,0,0,0,0,,0,0,,0,0,4.64,0,0,0,0,0.45,4.22,0,6.38,,0.73,0,0,0,0,0,0,0.345
20,265,20265,0.58,0.9,0,0.07,0,,0,0,0.02,0,53.03,0,0,0,0,0,0,,0,0,39.35,0,0.28,15.03,0,0.01,0,0,4.14,13.55,0.44,20.51,,,0,0,0,0,0,0,4.071
20,266,20266,0.67,1.03,0,0.08,0,,0,0,0.03,0,60.88,0,0,0,0,0,0,,0,0,112.6,0,0.32,16.1,0,0.03,0,0,3.88,15.56,0.06,23.55,,,0,0,0,0,0,0,1.023
20,267,20267,0.02,0.04,0,0,0,,0,0,0,0,2.23,0,0,0,0,0,0,,0,0,,0,0.4,0.77,0,0,0,0,0.02,0.57,0,0.86,,,0,0,0,0,0,0,0
20,268,20268,0.07,0.11,0,0.01,0,,0,0,0,0,6.31,0,0,0,0,0,0,,0,0,,0,0.28,1.82,0,0,0,0,0.48,1.61,0.23,2.44,,,0,0,0,0,0,0,0.696
20,269,20269,0.27,0.42,0,0.03,0,,0,0,0.01,0,25.02,0,0,0,0,0,0,,0,0,,0,0.52,8.14,0.08,0.02,0.33,0,0.66,6.39,0.18,9.68,,0.73,0,0,0,0,0,0,0.506
20,270,20270,0.11,0.17,0,0.01,0,,0,0,0,0,10.03,0,0,0,0.01,0,0,,0,0,,0,2.66,3.17,0,0,0,0,0.37,2.56,0.03,3.88,,0.73,0,0,0,0,0,0,0.279
20,271,20271,0.21,0.33,0,0.02,0,,0,0,0.01,0,19.35,0,0,0,0,0,0,,0,0,,0,0.12,4.45,0,0,0,0,0.89,4.95,0.22,7.49,,,0,0,0,0,0,0,1.291
20,272,20272,0.51,0.79,0,0.06,0,,0,0,0.01,0,46.4,0,0,0,0,0,0,,0,0,19.26,0,0.08,8.21,0,0.01,0,0,2.31,11.86,0,17.95,,,0,0,0,0,0,0,0.608
20,273,20273,0.28,0.43,0,0.03,0,0,0,0,0.01,0,25.34,0,0,0,0,0,0,,0,0,36.59,0,0.04,6.59,0,0,0,0,2.3,6.48,0.22,9.8,,,0,0,0,0,0,0,3.351
20,274,20274,0.12,0.19,0,0.01,0,0,0,0,0,0,11.15,0,0,0,0,0,0,,0,0,,0,0.08,2.66,0,0.01,0,0,0.48,2.85,0,4.31,,,0,0,0,0,0,0,0.369
20,275,20275,0.53,0.83,0,0.06,0,,0,0,0,0,48.76,0,0,0,0,0,0,,0,0,,0,0.36,2.02,0,0,0,0,1.41,12.46,0.47,18.86,,0.73,0,0,0,0,0,0,0.002
20,276,20276,0.07,0.11,0,0.01,0,,0,0,0,0,6.44,0,0,0,0,0,0,,0,0,1.65,0,0.36,2.04,0,0.05,0,0,0.11,1.65,0.02,2.49,,,0,0,0,0,0,0,0.009
20,277,20277,1.06,1.64,0,0.12,71.39,0,0,0,0,0,96.34,0,0,0,0,0,0,,0,0,5.85,0,0.4,3.5,5.1,0,0.33,19.43,3.36,24.62,0.5,37.27,,,0,0,0,0,0,0,0
20,278,20278,3.1,4.8,0,0.36,0,0,0.01,0,0.12,0,282.45,0,0,0,0.01,0,0,,0,0,,0.36,2.26,79.04,0,0.12,1.64,0,8.18,72.18,0.84,109.26,,0.73,0,0,0,0,0,0,9.845
20,279,20279,0.24,0.37,0,0.03,0,,0,0,0.01,0,21.84,0,0,0,0.01,0,0,,0,0,,0,1.31,5.36,0,0,0,0,0.24,5.58,0.28,8.45,,,0,0,0,0,0,0,0
20,280,20280,0.2,0.31,0,0.02,0,,0,0,0.01,0,18.13,0,0,0,0,0,0,,0,0,3.29,0,0.83,6.93,0,0.01,0,0,0.32,4.63,1.38,7.02,,0.73,0,0,0,0,0,0,0
20,281,20281,0.02,0.03,0,0,0,0,0,0,0,0,1.78,0,0,0,0,0,0,,0,0,,0,0,0.71,0,0,0,0,0.15,0.45,0.65,0.69,,0.73,0,0,0,0,0,0,0.116
20,282,20282,0.06,0.09,0,0.01,0,,0,0,0,0,5.54,0,0,0,0,0,0,,0,0,,0,0.08,1.8,0,0.01,0,0,0.43,1.42,0,2.15,,,0,0,0,0,0,0,0.424
20,283,20283,0.09,0.13,0,0.01,0,0,0,0,0,0,7.81,0,0,0,0,0,0,,0,0,,0,0.24,2.59,0,0,0,0,0.34,2,0.03,3.02,,0.73,0,0,0,0,0,0,0.26
20,284,20284,0.31,0.47,0,0.04,0,,0,0,0.01,0,27.9,0,0,0,0,0,0,,0,0,,0,0.75,5.07,0,0,0,0,0,7.13,0,10.79,,,0,0,0,0,0,0,0.294
20,285,20285,0.27,0.42,0,0.03,0,,0,0,0.01,0,24.92,0,0,0,0,0,0,,0,0,,0,0.48,6.54,0,0,0,0,0.98,6.37,0.04,9.64,,,0,0,0,0,0,0,0.259
20,286,20286,0.29,0.46,0,0.03,0,,0,0,0.01,0,26.81,0,0,0,0,0,0,,0,0,,0,0.44,8.06,0,0.03,0.33,0,0.17,6.85,0.38,10.37,,,0,0,0,0,0,0,0.127
20,287,20287,0.03,0.05,0,0,0,,0,0,0,0,2.72,0,0,0,0,0,0,,0,0,,0,0.2,1.27,0,0,0,0,0.08,0.7,0.02,1.05,,0.73,0,0,0,0,0,0,0.059
20,288,20288,0.06,0.09,0,0.01,0,,0,0,0,0,5.12,0,0,0,0,0,0,,0,0,,0,0.08,1.57,0,0,0,0,0.13,1.31,0.02,1.98,,,0,0,0,0,0,0,0
20,289,20289,0.09,0.14,0,0.01,0,,0,0,0,0,8.41,0,0,0,0,0,0,,0,0,,0,0.12,3.01,0,0,0,0,0.31,2.15,0,3.25,,,0,0,0,0,0,0,0
20,290,20290,0.08,0.13,0,0.01,0,,0,0,0,0,7.59,0,0,0,0,0,0,,0,0,,0,0.08,2.29,0,0,0,0,0.13,1.94,0.08,2.94,,,0,0,0,0,0,0,0.096
20,291,20291,0.34,0.53,0,0.04,0,0,0,0,0.01,0,31.42,0,0,0,0,0,0,,0,0,2.18,0,0.4,8.06,0,0.02,0,0,0.99,8.03,0.05,12.16,,,0,0,0,0,0,0,0
20,292,20292,0.11,0.17,0,0.01,0,,0,0,0,0,10.27,0,0,0,0,0,0,,0,0,0.11,0,0,2.44,0,0,0,0,0.51,2.62,0,3.97,,,0,0,0,0.7,0.1,0,0.738
20,293,20293,1.09,1.68,0,0.13,4.41,,0.01,0,0.05,0,45.07,0,0,0,0,0,0,,0,0,,0,0.83,33.69,0,0,0,1.2,0.3,25.3,0.11,38.3,,,0,0,0,0.32,0.05,0,0.442
20,294,20294,1.14,0.82,0,0.06,0,,0,0,0.02,0,48.06,0,0,0,0.02,0,0,,0,0,,0,3.06,15.35,7.96,0.26,0,0,0.84,12.28,1.82,18.59,,,0,0,0,0.3,0.04,0,1.218
20,295,20295,1.96,1.13,0,0.08,0,,0.01,0,0.03,0,66.6,0,0,0,0.03,0,0,,0.03,0,21.53,0,5.17,20.81,0,0.2,1.97,0,1.41,17.02,4.2,25.77,,,0,0,0,0,0,0,2.05
20,296,20296,0.08,0.13,0,0.01,0,,0,0,0,0,7.75,0,0,0,0,0,0,,0,0,22.01,0,0.91,2.78,0,0,0,0,0.08,1.98,4.31,3,,0.73,0,0,0,0,0,0,0
20,297,20297,0.22,0.35,0,0.03,0,,0,0,0.01,0,20.5,0,0,0,0,0,0,,0,0,,0,0.04,4.36,0,0,0,0,0.5,5.24,0,7.93,,0.73,0,0,0,0,0,0,0.381
20,298,20298,2.64,1.54,0,0.12,0,0,0.01,0,0.04,0,90.95,0,0.01,0,0.09,0.01,0,,0,0,,1.43,18.56,29.43,11.71,0.29,0.99,0,0.86,23.24,5.68,35.18,,,0,0,0,0,0,1.37,1.247
20,299,20299,0.09,0.14,0,0.01,0,,0,0,0,0,8.11,0,0,0,0.03,0,0,,0,0,,0,6,2.79,0,0,0,0,0.13,2.07,0.18,3.14,,,0,0,0,0,0,0,0
20,300,20300,0.49,0.75,0,0.06,0,,0,0,0.02,0,44.37,0,0,0,0,0,0,,0,0,,0,0.52,12.11,0,0.01,0,0,0.42,11.34,0.01,17.16,,,0,0,0,0,0,0,0
20,301,20301,0.13,0.21,0,0.02,0,,0,0,0.01,0,12.25,0,0,0,0.01,0,0,,0,0,,0,1.11,4.39,1.13,0.01,0,0,0.81,3.13,0.22,4.74,,,0,0,0,0,0,0,1.18
20,302,20302,0.31,0.48,0,0.04,0,,0,0,0.01,0,28.08,0,0,0,0,0,0,,0,0,,0,0.4,6.68,0,0,0,0,0.7,7.18,0.01,10.86,,,0,0,0,0,0,0,0.184
20,303,20303,0.09,0.14,0,0.01,0,,0,0,0,0,8.02,0,0,0,0,0,0,,0,0,0.54,0,0.44,3.01,0,0.01,0,0,0.05,2.05,0.06,3.1,,,0,0,0,0,0,0,0
20,304,20304,0.08,0.12,0,0.01,0,,0,0,0,0,7.11,0,0,0,0,0,0,,0,0,,0,0.12,2.23,0,0.02,0,0,0.34,1.82,0,2.75,,0.73,0,0,0,0,0,0,0.256
20,305,20305,0.34,0.53,0,0.04,0,,0,0,0.02,0,31.28,0,0,0,0.01,0,0,,0,0,,0,1.55,11.05,0,0,0,0,1.49,7.99,0.28,12.1,,,0,0,0,0.73,0.1,0,1.463
20,306,20306,0.35,0.54,0,0.04,0,,0,0,0.01,0,32.01,0,0,0,0,0,0,,0,0,,0,0,7.47,0,0,0,0,0.72,8.18,0,12.38,,,0,0,0,0,0,0,0.19
20,307,20307,0.78,1.22,0,0.09,0,0,0,0,0.04,0,71.61,0,0,0,0.01,0,0,,0,0,,0,1.19,22.98,0,0.1,0,0,1.28,18.3,0.07,27.7,,,0,0,0,0,0,0.59,1.258
20,308,20308,0.24,0.37,0,0.03,0,,0,0,0.01,0,21.65,0,0,0,0.01,0,0,,0,0,,0,1.11,6.36,0,0,0,0,0.5,5.53,0.01,8.38,,,0,0,0,0,0,0.06,0.496
20,309,20309,0.97,1.5,0,0.11,0,,0,0,0.04,0,88.61,0,0,0,0,0,0,,0,0,,0,0.4,25.02,0,0.02,0,0,2.19,22.65,0.04,34.28,,,0,0,0,0,0,0,2.63
20,310,20310,0.47,0.73,0,0.05,0,,0,0,0.02,0,43.14,0,0,0,0.01,0,0,,0,0,,0,1.91,11.84,0,0,0,0,0.6,11.02,0.01,16.69,,,0,0,0,0,0,0,0.88
20,311,20311,0.02,0.04,0,0,0,,0,0,0,0,2.2,0,0,0,0.02,0,0,,0,0,,0,4.61,1.06,0,0,0,0,0.11,0.56,0.36,0.85,,0.73,0,0,0,0.84,0.12,0,0.01
20,312,20312,0.91,1.41,0,0.11,0,,0,0,0.03,0,83.11,0,0,0,0,0,0,,0,0,,0,0.28,19.83,0,0,0,0,0.92,21.24,0.23,32.15,,,0,0,0,0,0,0,0.242
20,313,20313,0.07,0.11,0,0.01,0,,0,0,0,0,6.66,0,0.01,0,0.06,0,0,,0,0,0.84,0,12.48,3.36,0,0,0,0,0.13,1.7,0.08,2.57,,0.73,0,0,0,0,0,0,0.012
20,314,20314,0.14,0.22,0,0.02,0,0,0,0,0.01,0,13.12,0,0,0,0,0,0,,0,0,,0,0.28,4.37,0,0,0.66,0,0.29,3.35,0.16,5.07,,,0,0,0,0,0,0,0.076
20,315,20315,0.16,0.25,0,0.02,0,,0,0,0.01,0,14.44,0,0,0,0,0,0,,0,0,,0,0.4,3.81,0,0,0,0,0.63,3.69,0,5.59,,,0,0,0,0,0,0,0.922
20,316,20316,0.06,0.1,0,0.01,0,,0,0,0,0,5.85,0,0,0,0,0,0,,0,0,,0,0.16,1.71,0,0,0,0,0.28,1.5,0.04,2.26,,,0,0,0,0,0,0,0
20,317,20317,0.12,0.19,0,0.01,0,,0,0,0.01,0,11.02,0,0,0,0,0,0,,0,0,0.72,0,0,3.66,0,0,0,0,0.24,2.82,0.04,4.26,,0.73,0,0,0,0,0,0,0.179
20,318,20318,5.86,4.64,4.68,0.35,0,,0.07,0,0.13,0,273.05,0,0.02,0,0.13,0.01,0,,0,0,0.77,5.7,25.23,95.24,0,0.33,10.84,0,6,69.78,70.8,105.63,,,0.601,0.229,0.015,0,0,0.07,0.054
20,319,20319,0.09,0.15,0,0.01,0,,0,0,0,0,8.64,0,0,0,0,0,0,,0,0,,0,0,2.61,0,0,0,0,0.2,2.21,0,3.34,,,0,0,0,0,0,0,0
20,320,20320,0.07,0.1,0,0.01,0,,0,0,0,0,5.97,0,0,0,0,0,0,,0,0,,0,0.32,1.84,0,0.01,0,0,0.13,1.53,0.07,2.31,,,0,0,0,0,0,0,0.096
20,321,20321,0.07,0.11,0,0.01,0,,0,0,0,0,6.76,0,0,0,0,0,0,,0,0,,0,0,2.23,0,0,0,0,0.18,1.73,0,2.62,,0.73,0,0,0,0,0,0,0.139
20,322,20322,0.08,0.12,0,0.01,0,,0,0,0,0,7.27,0,0,0,0,0,0,,0,0,,0,0,2.03,0,0,0,0,0.21,1.86,0,2.81,,,0,0,0,0,0,0,0.018
20,323,20323,0.19,0.3,0,0.02,0,,0,0,0.01,0,17.6,0,0,0,0,0,0,,0,0,,0,0.28,4.51,0,0.02,0,0,0.48,4.5,0.86,6.81,,0.73,0,0,0,0,0,0,0.001
20,324,20324,3.45,5.34,2.13,0.4,17.8,,0.03,0,0.13,0,314.52,0,0.01,0,0.08,0,0,,0.03,0,5.26,2.49,15.34,89.92,33.26,0.45,4.27,4.85,3.73,80.38,5.47,121.67,,,0,0,0,0,0,0,0.982
20,325,20325,1.28,1.35,0,0.1,0,,0,0,0,0,79.64,0,0,0,0.02,0,0,,0,0,,0,3.34,3.04,0,0.06,0,0,0.48,20.35,2.07,30.81,,,0,0,0,0,0,0,0.705
20,326,20326,0.41,0.63,0,0.05,0,,0,0,0.01,0,37.31,0,0,0,0,0,0,,0,0,,0,0,8.67,0,0,0,0,1.42,9.54,0,14.44,,,0,0,0,0,0,0,0.124
20,327,20327,1.21,1.88,1.28,0.14,0,0,0.01,0,0.06,0,110.63,0,0,0,0.02,0,0,,0.02,0,,1.07,3.34,37.41,7.45,0.18,1.31,0,12.18,28.27,4.34,42.8,,,0,0,0,2.58,0.37,0,11.97
20,328,20328,0.1,0.15,0,0.01,0,,0,0,0,0,8.72,0,0,0,0.03,0,0,,0,0,,0,4.97,2.2,0,0,0,0,0.56,2.23,26.94,3.37,,,0,0,0,0,0,0,0.815
20,329,20329,0.12,0.18,0,0.01,0,0,0,0,0.01,0,10.52,0,0,0,0,0,0,,0,0,,0,0.04,3.33,0,0,0,0,0.5,2.69,0.08,4.07,,,0,0,0,0,0,0,0.385
20,330,20330,0.37,0.57,0,0.04,0,,0,0,0.01,0,33.55,0,0,0,0,0,0,,0,0,,0,0.16,9.04,0,0.01,0,0,0.74,8.57,0.02,12.98,,,0,0,0,0,0,0,0.064
20,331,20331,0.06,0.09,0,0.01,0,,0,0,0,0,5.24,0,0,0,0,0,0,,0,0,,0,0.52,2.24,0,0.01,0,0,0.31,1.34,0.03,2.03,,0.73,0,0,0,0,0,0,0.233
20,332,20332,0.03,0.05,0,0,0,,0,0,0,0,3.02,0,0,0,0,0,0,,0,0,,0,0,1.12,0,0,0,0,0.14,0.77,0,1.17,,0.73,0,0,0,0,0,0,0.108
20,333,20333,0.23,0.36,0,0.03,0,,0,0,0.01,0,21.43,0,0,0,0.01,0,0,,0,0,,0,0.99,7,0,0.03,0,0,0.64,5.48,0.14,8.29,,,0,0,0,0,0,0,0.935
20,334,20334,8.25,5.61,1.7,0.42,0,,0.03,0,0.15,0,330.48,0,0.01,0,0.05,0,0,,0,0,9.63,0,9.58,99.08,0,0.18,2.3,0,14.69,84.46,10.79,127.85,,,0,0,0,0,0,0,3.873
20,335,20335,0.08,0.13,0,0.01,0,,0,0,0,0,7.64,0,0,0,0,0,0,,0,0,,0,0,2.49,0,0,0,0,0.24,1.95,0,2.96,,0.73,0,0,0,0,0,0,0
20,336,20336,0.25,0.38,0,0.03,0,,0,0,0.01,0,22.36,0,0,0,0,0,0,,0,0,62.78,0,0.16,5.23,0,0,0,0,0.28,5.71,0.43,8.65,,,0,0,0,0,0,0,0
20,337,20337,0.38,0.59,0,0.04,0,,0,0,0.02,0,35.01,0,0,0,0,0,0,,0,0,0.69,0,0.91,11.23,0,0.01,0,0,0.51,8.95,2.3,13.54,,,0,0,0,0,0,0,0.001
20,338,20338,4.37,1.05,0.43,0.08,0,,0.01,0,0.03,0,61.91,0,0.01,0,0.05,0,0,,0,0,,0.71,10.37,20.38,15.03,0.44,0.99,0,0,15.82,17.56,23.95,,,0,0,0,0.21,0.03,0,0.328
20,339,20339,1.56,0.5,0,0.04,0,0,0,0,0.01,0,29.7,0,0.01,0,0.04,0,0,,0,0,,0,8.15,9.78,0,0.07,0.33,0,0.6,7.59,0.62,11.49,,0.73,0,0,0,0,0,1.46,0.458
20,340,20340,0.15,0.24,0,0.02,0,0,0,0,0.01,0,14.03,0,0,0,0,0,0,,0,0,,0,0.44,5.68,0,0.02,0,0,0.53,3.59,0.01,5.43,,,0,0,0,0,0,0,0.406
20,341,20341,0.02,0.03,0,0,0,,0,0,0,0,1.98,0,0,0,0,0,0,,0,0,,0,0.08,0.7,0,0.01,0,0,0.15,0.51,0,0.77,,0.73,0,0,0,0,0,0,0.113
20,342,20342,0.16,0.25,0,0.02,0,,0,0,0.01,0,14.49,0,0,0,0,0,0,,0,0,,0,0.4,4.41,0,0.02,0,0,0.16,3.7,0.17,5.61,,,0,0,0,0,0,0,0.236
20,343,20343,0.13,0.21,0,0.02,0,,0,0,0.01,0,12.27,0,0,0,0,0,0,,0,0,,0,0.32,3.86,0,0.02,0,0,0.3,3.14,0.02,4.75,,,0,0,0,0,0,0,0.436
20,344,20344,0.22,0.35,0,0.03,0,,0,0,0.01,0,20.34,0,0,0,0,0,0,,0,0,,0,0.44,5.14,0,0.07,0,0,0.88,5.2,0.47,7.87,,,0,0,0,0,0,0,0
20,345,20345,0.3,0.46,0,0.03,0,,0,0,0.01,0,27.27,0,0,0,0,0,0,,0,0,,0,0.2,7.6,0,0,0,0,0.61,6.97,0,10.55,,,0,0,0,0,0,0,0.16
20,346,20346,0.13,0.19,0,0.01,0,,0,0,0.01,0,11.45,0,0,0,0.01,0,0,,0,0,,0,2.7,4.39,0,0,0,0,0.41,2.93,0,4.43,,0.73,0,0,0,0,0,0,0.314
20,347,20347,0.27,0.42,0,0.03,0,,0,0,0.01,0,24.88,0,0,0,0.03,0,0,,0,0,0.11,0,6.76,7.03,0,0.07,0,0,0.26,6.36,0.39,9.62,,,0,0,0,0,0,0,0
20,348,20348,0.61,0.95,0,0.07,0,,0,0,0.02,0,56.07,0,0,0,0,0,0,,0,0,2.11,0,0.79,16,9.85,0.05,0,0,0.94,14.33,0.35,21.69,,,0,0,0,0,0,0,0.714
20,349,20349,0.17,0.27,0,0.02,0,,0,0,0.01,0,15.91,0,0,0,0,0,0,,0,0,,0,0.28,4.87,0,0,0,0,0.25,4.06,0.04,6.15,,,0,0,0,0,0,0,0.37
20,350,20350,3.05,2.19,2.98,0.16,0,,0.01,0,0.06,0,0.47,0,0,0,0.03,0,0,,0,0,,4.28,6.08,41.83,0,0.54,1.31,0,0.07,32.98,4.24,49.93,,,0,0,0,0,0,0.06,0.105
20,351,20351,0.16,0.25,0,0.02,0,,0,0,0.01,0,14.97,0,0,0,0,0,0,,0,0,,0,0,4.89,0,0,0,0,0.43,3.83,0,5.79,,,0,0,0,0,0,0,0
20,352,20352,0.22,0.34,0,0.03,0,,0,0,0,0,20.11,0,0,0,0,0,0,,0,0,,0,0,2.79,0,0,0,0,0.19,5.14,0,7.78,,,0,0,0,0,0,0,0.148
20,353,20353,0.15,0.23,0,0.02,0,0,0,0,0.01,0,13.76,0,0,0,0,0,0,,0,0,,0,0.04,3.62,0,0,0,0,0.42,3.52,0,5.32,,,0,0,0,0,0,0,0
20,354,20354,0.05,0.08,0,0.01,0,,0,0,0,0,4.64,0,0,0,0,0,0,,0,0,,0,0,1.34,0,0,0,0,0.14,1.18,0,1.79,,,0,0,0,0,0,0,0.013
20,355,20355,0.07,0.11,0,0.01,0,,0,0,0,0,6.35,0,0,0,0,0,0,,0,0,18.67,0,0.28,1.98,0,0.01,0,0,0.12,1.62,0.01,2.46,,,0,0,0,0,0,0,0.011
20,356,20356,1.41,0.27,0,0.02,0,0,0,0,0.01,0,16.18,0,0.01,0,0.05,0,0,,0,0,,0,9.85,5.86,0,0,0,0,0.23,4.14,0.22,6.26,,,0,0,0,0,0,0,0.342
20,357,20357,0.09,0.14,0,0.01,0,,0,0,0,0,8.2,0,0,0,0.01,0,0,,0,0,,0,1.67,2.92,0,0.01,0,0,0.48,2.1,0.43,3.17,,,0,0,0,0,0,0,0
20,358,20358,0.15,0.23,0,0.02,0,,0,0,0.01,0,13.68,0,0,0,0,0,0,,0,0,0.27,0,0.16,4.72,0,0,0,0,0.5,3.49,0.01,5.29,,,0,0,0,0,0,0,0.726
20,359,20359,0.08,0.13,0,0.01,0,0,0,0,0,0,7.62,0,0,0,0,0,0,,0,0,,0,0.16,2.77,0,0,0,0,0.07,1.95,0.02,2.95,,0.73,0,0,0,0,0,0,0
20,360,20360,0.28,0.44,0,0.03,0,,0,0,0.01,0,25.91,0,0,0,0,0,0,,0,0,,0,0.36,7.39,0,0,0,0,0.41,6.62,0.11,10.02,,0.73,0,0,0,0,0,0,0.599
20,361,20361,0.09,0.14,0,0.01,0,,0,0,0,0,8.04,0,0,0,0,0,0,,0,0,,0,0.04,2.25,0,0,0,0,0.17,2.06,0,3.11,,,0,0,0,0,0,0,0
20,362,20362,0.11,0.18,0,0.01,0,0,0,0,0,0,10.47,0,0,0,0,0,0,,0,0,,0,0.08,3.02,0,0,0,0,0.32,2.67,0.02,4.05,,,0,0,0,0,0,0,0
20,363,20363,0.22,0.34,0,0.03,0,0,0,0,0.01,0,20.1,0,0,0,0,0,0,,0,0,0.57,0,0.16,6.02,0,0.01,0,0,0.29,5.14,0.01,7.78,,0.73,0,0,0,0,0,0,0
20,364,20364,1.28,1.98,0,0.15,31.38,,0.01,0,0.04,0,116.57,0,0,0,0.02,0,0,,0.01,0,112.44,0,3.7,29.89,3.51,0.18,0,8.54,6.42,29.79,2.48,45.1,,,0,0,0,0,0,0,1.693
20,365,20365,0.1,0.15,0,0.01,0,0,0,0,0.01,0,8.89,0,0,0,0,0,0,,0,0,,0,0,3.18,0,0,0,0,0.31,2.27,0,3.44,,0.73,0,0,0,0,0,0,0
20,366,20366,0.37,0.57,0,0.04,0,,0,0,0.01,0,33.75,0,0,0,0,0,0,,0,0,,0,0.4,8.24,0,0.03,0,0,0.61,8.62,0.03,13.06,,,0,0,0,0,0,0,0.161
20,367,20367,0.39,0.61,0,0.05,0,0,0,0,0.01,0,35.74,0,0,0,0.01,0,0,,0,0,,0,1.35,8.68,0,0.02,0,0,0.72,9.13,0.39,13.83,,,0,0,0,0,0,0,0.189
20,368,20368,0.15,0.23,0,0.02,0,,0,0,0.01,0,13.77,0,0,0,0.01,0,0,,0,0,,0,1.27,3.73,0,0,0,0,0.21,3.52,0,5.32,,,0,0,0,0,0,0,0.31
20,369,20369,0.14,0.22,0,0.02,0,,0,0,0.01,0,12.74,0,0,0,0,0,0,,0,0,,0,0.52,4.41,0,0.01,0,0,0.24,3.25,0.34,4.93,,,0,0,0,0,0,0,0.348
20,370,20370,0.05,0.08,0,0.01,0,,0,0,0,0,4.83,0,0,0,0,0,0,,0,0,,0,0,1.7,0,0,0,0,0.19,1.23,0,1.87,,0.73,0,0,0,0,0,0,0.143
20,371,20371,0.08,0.13,0,0.01,0,,0,0,0,0,7.45,0,0,0,0,0,0,,0,0,,0,0.24,2.85,0,0,0,0,0.17,1.9,0.03,2.88,,,0,0,0,0,0,0,0.132
20,372,20372,0.17,0.26,0,0.02,0,,0,0,0.01,0,15.11,0,0,0,0,0,0,,0,0,0.65,0,0,4.37,0,0,0,0,0.4,3.86,0,5.85,,,0,0,0,0,0,0,0.307
20,373,20373,0.04,0.06,0,0,0,,0,0,0,0,3.3,0,0,0,0,0,0,,0,0,,0,0.16,1.18,0,0,0,0,0.13,0.84,0,1.28,,,0,0,0,0,0,0,0.101
20,374,20374,0.12,0.18,0,0.01,0,,0,0,0,0,10.55,0,0,0,0,0,0,,0,0,,0,0.24,3.07,0,0.01,0,0,0.22,2.7,0,4.08,,,0,0,0,0,0,0,0.019
20,375,20375,0.78,1.21,2.55,0.09,0,,0.01,0,0.03,0,71.37,0,0,0,0.01,0,0,,0,0,,1.07,2.15,22.2,0,0.02,2.63,0,0.04,18.24,2.21,27.61,,,0,0,0,0,0,0,0.053
20,376,20376,0.03,0.05,0,0,0,,0,0,0,0,3.07,0,0,0,0,0,0,,0,0,,0,0,0.92,0,0,0,0,0.05,0.79,0,1.19,,,0,0,0,0,0,0,0.039
20,377,20377,0.92,1.43,0,0.11,0,0,0,0,0.03,0,84.2,0,0.01,0,0.06,0,0,,0,0,18.21,0,11.17,22.9,0,0,0,0,1.17,21.52,57.8,32.57,,,0,0,0,0,0,0,0
20,378,20378,0.27,0.41,0,0.03,0,,0,0,0.01,0,24.19,0,0,0,0,0,0,,0,0,2.98,0,0.52,7.02,0,0,0,0,0.71,6.18,0.69,9.36,,0.73,0,0,0,0,0,0,1.035
20,379,20379,0.24,0.37,0,0.03,0,,0,0,0.01,0,21.82,0,0,0,0,0,0,,0,0,,0,0.04,5.9,0,0,0,0,0.32,5.58,0,8.44,,,0,0,0,0,0,0,0.242
20,380,20380,0.17,0.26,0,0.02,0,,0,0,0.01,0,15.48,0,0,0,0.02,0,0,,0,0,,0,3.62,5.08,0,0.01,0,0,0.26,3.96,17.28,5.99,,,0,0,0,0,0,0,0.383
20,381,20381,0.22,0.34,0,0.03,0,0,0,0,0.01,0,20.13,0,0,0,0.01,0,0,,0,0,,0,1.87,6.86,0,0,0.33,0,0.45,5.14,0.36,7.79,,,0,0,0,0,0,0,0.34
20,382,20382,0.1,0.16,0,0.01,0,,0,0,0,0,9.25,0,0,0,0,0,0,,0,0,,0,0.16,2.93,0,0,0,0,0.21,2.36,0.02,3.58,,,0,0,0,0,0,0,0.163
20,383,20383,0.05,0.07,0,0.01,0,,0,0,0,0,4.39,0,0,0,0,0,0,,0,0,,0,0,1.41,0,0,0,0,0.17,1.12,0,1.7,,0.73,0,0,0,0,0,0,0.126
20,384,20384,0.35,0.54,0,0.04,0,0,0,0,0.01,0,31.88,0,0.01,0,0.06,0,0,,0,0,,0,11.32,8.31,0,0,0,0,0.47,8.15,28.88,12.33,,,0,0,0,0,0,0,0
20,385,20385,5.85,9.07,2.13,0.68,0,,0.05,0,0.02,0,105.65,0,0.02,0,0.12,0.01,0,,0,0,,3.92,23.29,28.53,49.68,0.41,14.78,0,0.24,136.47,20.93,206.58,,,0,0,0,0.55,0.08,0,0.353
20,386,20386,1.49,2.31,0,0.17,0,0,0,0,0,0,135.97,0,0,0,0,0,0,,0,0,7.99,0,0,3.61,0,0,0,0,0.5,34.75,0.08,52.6,,,0,0,0,0,0,0,0
20,387,20387,0.24,0.37,0,0.03,0,0,0,0,0.01,0,21.57,0,0,0,0,0,0,,0,0,0.55,0,0.16,7.26,0,0,0,0,1.03,5.51,0.16,8.34,,0.73,0,0,0,0,0,0,1.503
20,388,20388,0.2,0.31,0,0.02,0,,0,0,0.01,0,18.44,0,0,0,0,0,0,,0,0,,0,0,4.43,0,0,0,0,0.48,4.71,0,7.13,,,0,0,0,0,0,0,0.7
20,389,20389,0.09,0.13,0,0.01,0,,0,0,0,0,7.9,0,0,0,0,0,0,,0,0,,0,0.08,2.15,0,0,0,0,0.19,2.02,0,3.06,,,0,0,0,0,0,0,0.27
20,390,20390,5.29,6.3,13.62,0.47,0,,0.07,0,0.17,0,370.89,0,0.04,0.01,0.26,0.02,0,,0,0,,14.25,51.97,124.06,0,1.17,26.27,0,0.02,94.78,159.84,143.48,,,0,0,0,0.24,0.03,0.39,0.034
20,391,20391,0.27,0.42,0,0.03,0,,0,0,0.01,0,24.51,0,0,0,0,0,0,,0,0,,0,0.12,5.88,0,0,0,0,0.27,6.26,0.01,9.48,,,0,0,0,0,0,0,0
20,392,20392,0.57,0.88,0,0.07,0,,0,0,0.02,0,51.86,0,0,0,0,0,0,,0,0,7.29,0,0.04,13.97,0,0,0,0,1.95,13.25,0.05,20.06,,,0,0,0,0,0,0,0
20,393,20393,0.32,0.49,0,0.04,0,,0,0,0.01,0,29.02,0,0,0,0,0,0,,0,0,,0,0.16,6.25,0,0,0,0,0.46,7.42,0.02,11.23,,,0,0,0,0,0,0,0.675
20,394,20394,0.22,0.35,0,0.03,0,,0,0,0.01,0,20.48,0,0,0,0,0,0,,0,0,,0,0.08,6.9,0,0,0,0,1.01,5.23,0.43,7.92,,0.73,0,0,0,0,0,0,0.001
20,395,20395,0.14,0.22,0,0.02,0,,0,0,0.01,0,13.21,0,0,0,0,0,0,,0,0,,0,0,4.01,0,0,0,0,0.51,3.37,0,5.11,,0.73,0,0,0,0,0,0,0.39
20,396,20396,0.29,0.44,0,0.03,0,,0,0,0.01,0,26.13,0,0,0,0,0,0,,0,0,,0,0.2,7.56,10.29,0.03,0,0,0.84,6.68,0.01,10.11,,,0,0,0,0,0,0,0.073
20,397,20397,3.07,4.76,1.7,0.36,18.27,,0.03,0,0.12,0,280.38,0,0.01,0,0.06,0,0,,0,0,11.04,1.43,11.64,85.28,18.99,0.38,9.19,4.97,1.21,71.65,17.76,108.46,,0.73,0,0,0,0,0,0.02,0.924
20,398,20398,0.39,0.6,0,0.05,0,,0,0,0.02,0,35.55,0,0,0,0.01,0,0,,0,0,9.2,0,2.03,11.34,0,0.15,0.99,0,0,9.08,0.52,13.75,,,0,0,0,0,0,0,1.369
20,399,20399,1.77,2.74,0,0.2,0,0,0.02,0,0.07,0,47.69,0,0.03,0,0.2,0.01,0,,0,0,0.88,0,38.42,49.49,0,0.14,4.27,0,0.24,41.18,9.03,62.33,,,0,0,0,0,0,0,0.348
20,400,20400,0.12,0.18,0,0.01,0,,0,0,0.01,0,10.81,0,0,0,0,0,0,,0,0,,0,0.52,3.89,0,0,0.33,0,0.12,2.76,0.07,4.18,,,0,0,0,0,0,0,0.095
20,401,20401,1.71,2.65,0,0.2,0,,0.01,0,0.06,0,155.83,0,0,0,0.01,0,0,,0,0,,1.43,1.31,41.79,0,0.01,1.31,0,5.26,39.82,0.78,60.28,,,0,0,0,0,0,0,1.385
20,402,20402,0.09,0.14,0,0.01,0,,0,0,0,0,7.97,0,0,0,0,0,0,,0,0,,0,0.08,2.31,0,0,0,0,0.56,2.04,0,3.08,,,0,0,0,0,0,0,0.147
20,403,20403,0.18,0.28,0,0.02,0,,0,0,0.01,0,4.64,0,0,0,0.02,0,0,,0,0,,0,4.17,6.04,0,0,0.99,0,0.1,4.29,2.25,6.49,,,0,0,0,0,0,0,0.142
20,404,20404,0.07,0.1,0,0.01,0,,0,0,0,0,6.08,0,0,0,0,0,0,,0,0,,0,0.08,2.1,0,0.01,0,0,0.66,1.55,0,2.35,,0.73,0,0,0,0,0,0,0.501
20,405,20405,0.15,0.23,0,0.02,0,0,0,0,0.01,0,13.68,0,0,0,0.03,0,0,,0,0,10.02,0,5.56,5.49,0,0.02,0,0,0.55,3.49,0.03,5.29,,0.73,0,0,0,0,0,0,0.116
20,406,20406,1.83,2.83,0,0.21,0,,0,0,0.07,0,166.81,0,0,0,0,0,0,,0,0,,0,0.64,43.78,0,0.04,0,0,7.59,42.63,0.77,64.53,,,0,0,0,0,0,0,0.663
20,407,20407,0.77,1.19,0,0.09,0,,0,0,0.03,0,70.07,0,0,0,0,0,0,,0,0,830.43,0,0.16,17.4,0,0,0,0,4.74,17.91,0.65,27.1,,,0,0,0,0,0,0,4.655
20,408,20408,0.04,0.06,0,0,0,,0,0,0,0,3.58,0,0,0,0,0,0,,0,0,,0,0,1.08,0,0,0,0,0.09,0.91,0,1.38,,0.73,0,0,0,0,0,0,0.072
20,409,20409,0.73,1.14,0.85,0.08,0,0,0.01,0,0.03,0,6.76,0,0.02,0,0.14,0.01,0,,0,0,,1.07,26.78,24.49,0,0.09,0.66,0,0.27,17.11,6.46,25.9,,,0,0,0,0,0,0.02,0.396
20,410,20410,0.32,0.5,0,0.04,0,,0,0,0.01,0,29.47,0,0,0,0,0,0,,0,0,4.12,0,0,8.83,0,0,0,0,1.19,7.53,0,11.4,,,0,0,0,0,0,0,0
20,411,20411,0.06,0.1,0,0.01,0,,0,0,0,0,5.76,0,0,0,0,0,0,,0,0,,0,0.12,1.58,0,0,0,0,0.09,1.47,0.03,2.23,,,0,0,0,0,0,0,0.133
20,412,20412,0.26,0.4,0,0.03,0,,0,0,0.01,0,23.6,0,0,0,0.01,0,0,,0,0,,0,1.27,6.78,0,0.01,0,0,2.37,6.03,0.78,9.13,,,0,0,0,0,0,0,2.333
20,413,20413,64.03,4.57,0,0.34,0,,0.08,0,0.13,0,269.09,0,0.01,0,0.06,0,0,,0,0,9.34,5.34,11.09,97.55,23.2,0.21,2.63,0,3.42,68.77,14.07,104.1,,,11.338,2.118,1.029,0,0,0.02,0.9
20,414,20414,0.91,1.41,0,0.11,0,,0,0,0.04,0,83,0,0,0,0.02,0,0,,0,0,,0,3.22,24.05,0,0.24,0,0,3.52,21.21,1.68,32.11,,,0,0,0,0,0,0,0.927
20,415,20415,0.38,0.59,0,0.04,0,0,0,0,0.01,0,34.48,0,0,0,0,0,0,,0,0,,0,0.4,9.34,0,0,0,0,0.99,8.81,0.24,13.34,,,0,0,0,0,0,0,0
20,416,20416,0.05,0.08,0,0.01,0,,0,0,0,0,4.65,0,0,0,0.03,0,0,,0,0,,0,5.13,2.13,0,0,0,0,0.07,1.19,0,1.8,,0.73,0,0,0,0.35,0.05,0,0.006
20,417,20417,0.79,1.23,0,0.09,0,0,0,0,0.03,0,72.44,0,0,0,0,0,0,,0,0,,0,0.08,19.78,0,0,0,0,6.03,18.51,0.04,28.02,,0.73,0,0,0,0,0,0,7.25
20,418,20418,0.99,1.53,0.85,0.11,0,,0.01,0,0.04,0,90.17,0,0,0,0.02,0,0,,0,0,,0.36,3.42,29.93,0,0.07,0,0,1.47,23.04,1.5,34.88,,,0,0,0,0,0,0,1.447
20,419,20419,0.05,0.08,0,0.01,0,,0,0,0,0,4.61,0,0,0,0,0,0,,0,0,,0,0.2,1.58,0,0.02,0,0,0.07,1.18,0,1.78,,0.73,0,0,0,0,0,0,0
20,420,20420,0.13,0.2,0,0.01,0,,0,0,0,0,11.79,0,0,0,0,0,0,,0,0,,0,0,2.72,1.78,0,0,0,0.41,3.01,0,4.56,,,0,0,0,0,0,0,0
20,421,20421,0.38,0.58,0,0.04,0,0,0,0,0.02,0,34.36,0,0,0,0,0,0,,0,0,,0,0.6,11.66,0,0.04,0,0,0.93,8.78,0.13,13.29,,,0,0,0,0,0,0,0.914
20,422,20422,0.05,0.08,0,0.01,0,0,0,0,0,0,4.92,0,0,0,0,0,0,,0,0,,0,0.08,1.8,0,0,0,0,0.19,1.26,0,1.9,,0.73,0,0,0,0,0,0,0.146
20,423,20423,0.05,0.08,0,0.01,0,0,0,0,0,0,4.6,0,0,0,0,0,0,,0,0,0.44,0,0.08,1.58,0,0,0,0,0.16,1.18,0,1.78,,0.73,0,0,0,0,0,0,0.12
20,424,20424,0.36,0.55,0,0.04,0,,0,0,0.01,0,32.61,0,0,0,0,0,0,,0,0,0.28,0,0.08,7.71,0,0,0,0,0.75,8.33,0.02,12.62,,,0,0,0,0,0,0,0
20,425,20425,0.19,0.29,0,0.02,0,,0,0,0.01,0,16.92,0,0,0,0,0,0,,0,0,,0,0.04,4.99,0,0,0,0,0.4,4.32,0.01,6.54,,,0,0,0,0,0,0,0.035
20,426,20426,0.68,1.05,0,0.08,0,,0,0,0.02,0,61.93,0,0,0,0,0,0,,0,0,0.22,0,0.2,12.97,0,0,0,0,2.41,15.83,0.86,23.96,,0.73,0,0,0,0,0,0,3.512
20,427,20427,1.23,1.91,0,0.14,0,0,0.01,0,0.05,0,112.41,0,0,0,0.01,0,0,,0,0,,0,2.23,35.63,1.58,0.11,0,0,1.45,28.73,0.77,43.49,,,0,0,0,0.39,0.06,0,1.421
20,428,20428,0.14,0.21,0,0.02,0,,0,0,0.01,0,12.46,0,0,0,0,0,0,,0,0,15.27,0,0.12,3.24,0,0,0,0,0.4,3.18,0.43,4.82,,,0,0,0,0,0,0,0
20,429,20429,0.13,0.21,0,0.02,0,,0,0,0.01,0,12.08,0,0,0,0,0,0,,0,0,0.27,0,0,3.53,0,0,0,0,1.36,3.09,0,4.67,,,0,0,0,0,0,0,0
20,430,20430,0.03,0.04,0,0,0,0,0,0,0,0,2.46,0,0,0,0,0,0,,0,0,2.01,0,0.04,0.95,0,0,0,0,0.15,0.63,0,0.95,,,0,0,0,0,0,0,0.116
20,431,20431,0.15,0.23,0,0.02,0,,0,0,0.01,0,13.64,0,0,0,0,0,0,,0,0,,0,0.6,4.02,0,0,0,0,0.36,3.49,0.18,5.28,,0.73,0,0,0,1.4,0.2,0,0.032
20,432,20432,0.08,0.13,0,0.01,0,,0,0,0,0,7.49,0,0,0,0,0,0,,0,0,,0,0.48,2.6,0,0,0,0,0.13,1.91,0.02,2.9,,0.73,0,0,0,0,0,0,0
20,433,20433,0.23,0.36,0,0.03,0,,0,0,0.01,0,21.3,0,0,0,0,0,0,,0,0,,0,0.04,5.07,0,0,0,0,0.63,5.44,0.01,8.24,,,0,0,0,0,0,0,0.165
20,434,20434,0.39,0.61,0,0.05,0,,0,0,0.01,0,35.96,0,0,0,0,0,0,,0,0,,0,0,9.09,0,0,0,0,0.47,9.19,0,13.91,,,0,0,0,0,0,0,0.041
20,435,20435,0.21,0.32,0,0.02,0,,0,0,0.01,0,18.77,0,0,0,0,0,0,,0,0,,0,0.12,5.31,0,0,0,0,0.23,4.8,0.65,7.26,,,0,0,0,0,0,0,0
20,436,20436,0.08,0.13,0,0.01,0,,0,0,0,0,7.39,0,0.01,0,0.08,0,0,,0,0,,0,15.22,3.12,0,0,0,0,0.1,1.89,0.04,2.86,,0.73,0,0,0,0,0,0,0.009
20,437,20437,0.8,1.24,0,0.09,0,,0,0,0.03,0,72.96,0,0,0,0.01,0,0,,0,0,,0,2.26,18.22,0,0.05,0,0,0.7,18.64,3.49,28.22,,,0,0,0,0,0,0,0.001
20,438,20438,0.14,0.22,0,0.02,0,,0,0,0.01,0,12.71,0,0,0,0,0,0,,0,0,,0,0.12,3.53,0,0,0,0,0.18,3.25,0,4.92,,,0,0,0,0,0,0,0.015
20,439,20439,1.89,2.92,0,0.22,0,,0,0,0.07,0,172.05,0,0,0,0,0,0,,0,0,,0,0.24,43.34,1.28,0,0,0,5.86,43.97,0.03,66.56,,,0,0,0,0,0,0,1.544
20,440,20440,0.08,0.12,0,0.01,0,,0,0,0,0,7.12,0,0,0,0,0,0,,0,0,,0,0.16,2.55,0,0.02,0,0,0.32,1.82,0,2.75,,,0,0,0,0,0,0,0.313
20,441,20441,0.65,1,0,0.07,0,,0,0,0.02,0,59.04,0,0.02,0,0.12,0.01,0,,0,0,,0,24.56,17.19,0,0.1,0,0,1.1,15.09,0.24,22.84,,,0,0,0,0,0,0,1.081
20,442,20442,0.03,0.04,0,0,0,,0,0,0,0,2.37,0,0,0,0,0,0,,0,0,,0,0.08,0.95,0,0,0,0,0.02,0.6,0.02,0.92,,,0,0,0,0,0,0,0
20,443,20443,0.04,0.06,0,0,0,,0,0,0,0,3.32,0,0,0,0.01,0,0,,0,0,,0,2.46,1.39,0,0,0,0,0.06,0.85,13.15,1.28,,0.73,0,0,0,0,0,0,0
20,444,20444,0.04,0.06,0,0,0,,0,0,0,0,3.49,0,0,0,0,0,0,,0,0,,0,0.12,1.08,0,0,0,0,0.09,0.89,0.01,1.35,,,0,0,0,0,0,0,0.07
20,445,20445,0.11,0.18,0,0.01,0,,0,0,0,0,10.41,0,0,0,0,0,0,,0,0,,0,0,2.58,0,0,0,0,0.28,2.66,0,4.03,,0.73,0,0,0,0,0,0,0.212
20,446,20446,0.58,0.89,0,0.07,0,,0,0,0.02,0,52.66,0,0,0,0,0,0,,0,0,,0,0.44,12.76,0,0,0,0,1.35,13.46,0,20.37,,,0,0,0,0,0,0,1.032
20,447,20447,1.22,1.89,0,0.14,0,,0,0,0.05,0,111.34,0,0,0,0.01,0,0,,0,0,22.1,0,1.07,29.24,5.48,0.02,0,0,1.98,28.45,0.91,43.07,,,0,0,0,0,0,0,0
20,448,20448,0.16,0.25,0,0.02,0,,0,0,0.01,0,14.74,0,0,0,0,0,0,,0,0,1.2,0,0,3.38,0,0,0,0,0.4,3.77,0,5.7,,,0,0,0,0,0,0,0
20,449,20449,0.28,0.44,0,0.03,0,,0,0,0.01,0,25.64,0,0,0,0.01,0,0,,0,0,,0,1.23,8.29,0,0.07,0,0,1.08,6.55,0.23,9.92,,,0,0,0,0,0,0,1.57
20,450,20450,0.99,1.53,0,0.11,0,,0,0,0.03,0,90.09,0,0,0,0,0,0,,0,0,,0,0.08,20.69,0,0,0,0,0.59,23.02,0,34.85,,,0,0,0,0,0,0,0
20,451,20451,0.07,0.11,0,0.01,0,,0,0,0,0,6.61,0,0,0,0,0,0,,0,0,,0,0,2.39,0,0,0,0,0.46,1.69,0,2.56,,0.73,0,0,0,0,0,0,0.348
20,452,20452,0.34,0.53,0,0.04,0,,0,0,0.01,0,31.01,0,0,0,0.03,0,0,,0,0,,0,6.52,9.1,0,0.09,0,0,0.57,7.92,0.02,12,,,0,0,0,0.41,0.06,0,0.854
20,453,20453,0.32,0.5,0,0.04,0,,0,0,0.02,0,29.52,0,0,0,0.01,0,0,,0,0,,0,1.39,10.11,2.15,0.13,0.33,0,0.56,7.54,0.11,11.42,,,0,0,0,0,0,0.01,0.549
20,454,20454,0.28,0.44,0,0.03,0,,0,0,0.01,0,25.84,0,0,0,0,0,0,,0,0,,0,0,6.83,0,0,0,0,0.63,6.6,0,9.99,,,0,0,0,0,0,0,0.001
20,455,20455,0.2,0.31,0,0.02,0,,0,0,0.01,0,18.33,0,0,0,0,0,0,,0,0,,0,0.64,5.2,0,0.01,0.66,0,0.24,4.68,0.2,7.09,,,0,0,0,0,0,0,0.184
20,456,20456,0.13,0.21,0,0.02,0,,0,0,0.01,0,12.13,0,0,0,0,0,0,,0,0,,0,0.6,3.7,0,0,0.33,0,0.1,3.1,0.28,4.69,,,0,0,0,0,0,0,0.078
20,457,20457,0.68,0.43,0,0.03,0,,0,0,0.01,0,25.04,0,0,0,0,0,0,,0,0,1.37,0,0.08,6.97,0,0.01,0,0,1.05,6.4,0,9.69,,0.73,0,0,0,0,0,0,0.001
20,458,20458,0.12,0.19,0,0.01,0,0,0,0,0.01,0,11.24,0,0,0,0,0,0,,0,0,,0,0.16,3.47,0,0,0,0,0.28,2.87,0.02,4.35,,,0,0,0,0,0,0,0
20,459,20459,1.6,0.58,0,0.04,0,0,0,0,0.02,0,34.12,0,0,0,0.01,0,0,,0,0,,0,1.51,13.01,0,0.17,0,0,0.91,8.72,0.26,13.2,,,0,0,0,0,0,0,0.695
20,460,20460,0.44,0.69,0,0.05,11.66,,0,0,0.02,0,40.36,0,0,0,0,0,0,,0,0,,0,0.28,11.05,0,0,0,3.17,2.1,10.31,0.47,15.61,,,0,0,0,0,0,0,2.52
20,461,20461,0.05,0.07,0,0.01,0,0,0,0,0,0,4.4,0,0,0,0,0,0,,0,0,,0,0.08,1.88,0,0,0,0,0.19,1.12,0,1.7,,,0,0,0,0,0,0,0.143
20,462,20462,1.59,0.55,0,0.04,0,0,0,0,0.01,0,32.54,0,0,0,0.01,0,0,,0,0,,0.36,1.59,9.88,0,0.02,0,0,0.46,8.32,0.27,12.59,,,0,0,0,0,0,0,0.353
20,463,20463,0.05,0.08,0,0.01,0,0,0,0,0,0,4.92,0,0,0,0,0,0,,0,0,0.71,0,0.04,2.05,0,0.01,0,0,0.41,1.26,0,1.9,,0.73,0,0,0,0.95,0.14,0,0.316
20,464,20464,0.04,0.06,0,0,0,0,0,0,0,0,3.4,0,0,0,0.01,0,0,,0,0,,0,1.07,1.44,0,0,0,0,0.27,0.87,1,1.31,,0.73,0,0,0,0,0,0,0.205
20,465,20465,0.13,0.2,0,0.01,0,,0,0,0,0,11.68,0,0,0,0,0,0,,0,0,143.64,0,0.36,3.35,0,0.02,0,0,0.58,2.99,0.02,4.52,,,0,0,0,0,0,0,0.001
20,466,20466,1.03,1.59,0,0.12,0,0,0,0,0.03,0,93.57,0,0,0,0,0,0,,0,0,17.21,0,0.08,20.12,0,0,0,0,1.76,23.91,0,36.2,,,0,0,0,0,0,0,0.464
20,467,20467,1.53,2.37,0,0.18,31.72,,0.01,0,0.06,0,139.48,0,0,0,0.03,0,0,,0,0,,1.07,5.56,41.18,7.63,0.14,7.88,8.64,9.44,35.64,10.08,53.96,,,0,0,0,0,0,0,2.488
20,468,20468,1.1,1.71,0,0.13,0,,0,0,0.04,0,100.71,0,0,0,0,0,0,,0,0,,0,0.08,23.95,0,0,0,0,4.52,25.74,0.04,38.96,,,0,0,0,0,0,0,5.439
20,469,20469,2.97,4.6,0,0.34,41.02,0,0.02,0,0.1,0,270.77,0,0,0,0.03,0,0,,0,0,94.2,2.49,6.64,67.56,3.35,0.21,6.24,11.17,0.91,69.2,5.94,104.75,,,0,0,0,0,0,0,0.696
20,470,20470,0.39,0.6,0,0.04,0,,0,0,0.02,0,35.35,0,0,0,0,0,0,,0,0,,0,0.08,11.1,0,0,0,0,4.23,9.03,0.01,13.68,,,0,0,0,0,0,0,4.157
20,471,20471,0.04,0.06,0,0,0,,0,0,0,0,3.36,0,0,0,0,0,0,,0,0,,0,0,1.17,0,0,0,0,0.08,0.86,0,1.3,,0.73,0,0,0,0,0,0,0
20,472,20472,0.24,0.37,0,0.03,0,0,0,0,0.01,0,22.02,0,0,0,0,0,0,,0,0,,0,0.32,8.18,0,0.03,0,0,1.03,5.63,0.09,8.52,,,0,0,0,0,0,0,1.008
20,473,20473,0.11,0.18,0,0.01,0,,0,0,0,0,10.39,0,0,0,0,0,0,,0,0,,0,0.32,3.15,0,0.01,0,0,0.14,2.66,0,4.02,,,0,0,0,0,0,0,0
20,474,20474,0.27,0.42,0,0.03,0,0,0,0,0.01,0,24.49,0,0,0,0,0,0,,0,0,,0,0.4,7.39,0,0.04,0,0,1.02,6.26,0,9.47,,,0,0,0,0,0,0,0.269
20,475,20475,0.82,1.27,0,0.09,0,,0.01,0,0.03,0,74.56,0,0,0,0.03,0,0,,0,0,3.16,0.36,6.36,20.36,0,0.1,1.31,0,0.98,19.06,3.13,28.84,,,0,0,0,0,0,0,1.43
20,476,20476,0.02,0.04,0,0,0,,0,0,0,0,2.15,0,0,0,0,0,0,,0,0,2.2,0,0.12,0.79,0,0,0,0,0.07,0.55,0,0.83,,,0,0,0,0,0,0,0.052
20,477,20477,0.13,0.21,0,0.02,0,,0,0,0.01,0,12.19,0,0,0,0,0,0,,0,0,,0,0.04,3.21,0,0,0,0,0.56,3.12,0.01,4.72,,,0,0,0,0,0,0,0
20,478,20478,0.17,0.27,0,0.02,0,0,0,0,0.01,0,15.95,0,0,0,0,0,0,,0,0,,0,0.28,5.57,0,0,0,0,0.68,4.07,0.01,6.17,,0.73,0,0,0,0,0,0,0.06
20,479,20479,0.02,0.03,0,0,0,,0,0,0,0,1.58,0,0,0,0,0,0,,0,0,,0,0,0.74,0,0,0,0,0.1,0.4,0,0.61,,0.73,0,0,0,0,0,0,0.077
20,480,20480,0.08,0.12,0,0.01,0,,0,0,0,0,7.04,0,0,0,0,0,0,,0,0,0.99,0,0,2.1,0,0,0,0,0.2,1.8,0,2.73,,0.73,0,0,0,0,0,0,0.149
20,481,20481,0.19,0.3,0,0.02,0,,0,0,0.01,0,17.62,0,0,0,0.01,0,0,,0,0,,0,2.03,4.94,0,0,0,0,1.28,4.5,0.01,6.81,,,0,0,0,0,0,0,0.98
20,482,20482,3.95,6.12,3.83,0.46,0,,0.05,0,0.16,0,360.27,0,0.01,0,0.06,0,0,,0.03,0,1.66,0.71,12.12,111.63,35.13,0.17,11.82,0,9.15,92.07,12.18,139.37,,,0,0,0,0,0,0,2.411
20,483,20483,0.76,1.17,0,0.09,0,,0,0,0.03,0,69.05,0,0,0,0,0,0,,0,0,,0,0.6,20.36,0,0.04,0,0,0.95,17.65,0.78,26.71,,,0,0,0,1.2,0.17,0,1.38
20,484,20484,0.35,0.54,0,0.04,0,,0,0,0.01,0,32.02,0,0,0,0,0,0,,0,0,,0,0.64,9.24,1.75,0.01,0,0,0.58,8.18,0.38,12.39,,,0,0,0,0,0,0,0.441
20,485,20485,0.25,0.39,0,0.03,0,0,0,0,0.01,0,22.78,0,0,0,0,0,0,,0,0,,0,0,5.65,0,0,0,0,0.86,5.82,0,8.81,,,0,0,0,0,0,0,0.226
20,486,20486,0.19,0.3,0,0.02,0,0,0,0,0.01,0,17.65,0,0,0,0,0,0,,0,0,,0,0.4,5.6,0,0,0,0,0,4.51,0.21,6.83,,0.73,0,0,0,0,0,0,0.54
20,487,20487,0.16,0.25,0,0.02,0,,0,0,0.01,0,14.45,0,0,0,0,0,0,,0,0,,0,0.16,4.1,0,0,0,0,0.54,3.69,0,5.59,,,0,0,0,0,0,0,0.789
20,488,20488,0.01,0.02,0,0,0,,0,0,0,0,0.94,0,0,0,0,0,0,,0,0,,0,0.2,0.51,0,0,0,0,0.06,0.24,0.44,0.36,,0.73,0,0,0,0,0,0,0.045
20,489,20489,0.42,0.65,0,0.05,0,0,0,0,0.02,0,38.17,0,0,0,0,0,0,,0,0,2.74,0,0.08,9.95,0,0,0,0,1.04,9.75,0.02,14.76,,,0,0,0,0,0,0,0.275
20,490,20490,0.25,0.38,0,0.03,0,,0,0,0.01,0,22.54,0,0,0,0,0,0,,0,0,,0,0.04,5.97,0,0,0,0,0.41,5.76,0.01,8.72,,,0,0,0,0,0,0,0.036
20,491,20491,0.35,0.54,0,0.04,0,,0,0,0.01,0,31.85,0,0,0,0.02,0,0,,0,0,35.12,0,3.22,6.57,0,0,0,0,0.58,8.14,17.46,12.32,,,0,0,0,0,0,0,0
20,492,20492,0.3,0.46,0,0.03,0,0,0,0,0.01,0,27.14,0,0,0,0,0,0,,0,0,,0,0.12,8.39,0,0.28,0,0,0.78,6.94,0,10.5,,0.73,0,0,0,0,0,0,0.594
20,493,20493,0.04,0.06,0,0,0,0,0,0,0,0,3.83,0,0,0,0,0,0,,0,0,,0,0.28,1.46,0,0,0,0,0.66,0.98,0.01,1.48,,0.73,0,0,0,0,0,0,0.501
20,494,20494,0.39,0.6,0,0.04,0,,0,0,0.01,0,35.32,0,0,0,0,0,0,,0,0,,0,0,8.05,0,0,0,0,1.15,9.03,0,13.66,,,0,0,0,0,0,0,1.669
20,495,20495,0.25,0.39,0,0.03,0,,0,0,0.01,0,22.93,0,0,0,0,0,0,,0,0,2.13,0,0.16,6.11,0,0,0,0,0.56,5.86,0,8.87,,,0,0,0,0,0,0,0
20,496,20496,0.15,0.23,0,0.02,0,0,0,0,0.01,0,13.63,0,0,0,0,0,0,,0,0,1.25,0,0.4,4.38,0,0,0,0,0.18,3.48,0,5.27,,0.73,0,0,0,0,0,0,0
20,497,20497,0.33,0.5,0,0.04,0,,0,0,0.01,0,29.71,0,0,0,0,0,0,,0,0,,0,0.4,6.31,0,0,0,0,0.68,7.59,0,11.49,,,0,0,0,0,0,0,0.178
20,498,20498,0.49,0.76,0,0.06,0,,0,0,0.02,0,44.61,0,0,0,0,0,0,,0,0,25.52,0,0,12.48,0,0,0,0,10.63,11.4,0,17.26,,,0,0,0,0,0,0,12.792
20,499,20499,0.17,0.26,0,0.02,0,,0,0,0.01,0,15.5,0,0,0,0.01,0,0,,0,0,,0,1.63,5.52,0,0,0.66,0,0.15,3.96,0.38,6,,0.73,0,0,0,0,0,0,0.116
20,500,20500,0.64,0.99,0,0.07,0,,0,0,0.03,0,58.34,0,0,0,0,0,0,,0,0,67.45,0,0.83,18.25,0,0.05,0,0,0.76,14.91,0.4,22.57,,0.73,0,0,0,0,0,0,0.581
20,501,20501,0.07,0.1,0,0.01,0,,0,0,0,0,6.02,0,0,0,0,0,0,,0,0,,0,0.12,2.27,0,0,0,0,0.11,1.54,0.03,2.33,,,0,0,0,0,0,0,0.083
20,502,20502,0.43,0.67,0,0.05,0,,0,0,0.02,0,39.49,0,0,0,0,0,0,,0,0,,0,0,11.18,0,0,0,0,1.58,10.09,0,15.28,,0.73,0,0,0,0,0,0,0.002
20,503,20503,0.04,0.06,0,0,0,,0,0,0,0,3.57,0,0,0,0.01,0,0,,0,0,,0,1.99,1.34,0,0.11,0,0,0.03,0.91,0,1.38,,,0,0,0,0,0,0,0
20,504,20504,0.13,0.2,0,0.02,0,0,0,0,0.01,0,12.05,0,0,0,0,0,0,,0,0,,0,0.52,3.55,0,0.02,0,0,0.14,3.08,1.3,4.66,,0.73,0,0,0,0,0,0,0
20,505,20505,0.65,1,0,0.07,0,,0.01,0,0.03,0,59.17,0,0,0,0.02,0,0,,0,0,,0,3.97,21.41,0,0.03,0,0,3.29,15.12,1.54,22.89,,0.73,0,0,0,0,0,0,3.23
20,506,20506,0.07,0.1,0,0.01,0,,0,0,0,0,6.06,0,0,0,0.02,0,0,,0,0,,0,3.22,2.13,0,0,0,0,0.32,1.55,0.22,2.34,,,0,0,0,0,0,0,0.464
20,507,20507,0.27,0.42,0,0.03,0,,0,0,0.01,0,24.5,0,0,0,0,0,0,,0,0,,0,0.2,6.46,0,0,0,0,0.87,6.26,0.08,9.48,,,0,0,0,0,0,0,0.228
20,508,20508,0.12,0.19,0,0.01,0,0,0,0,0.01,0,11.21,0,0,0,0,0,0,,0,0,,0,0.44,4.15,0,0.04,0,0,1.36,2.87,0,4.34,,,0,0,0,0,0,0,1.334
20,509,20509,0.78,1.2,0,0.09,0,,0,0,0.02,0,70.94,0,0,0,0,0,0,,0,0,8.52,0,0.6,15.67,0,0.03,0,0,2.52,18.13,0.01,27.44,,,0,0,0,0,0,0,0.665
20,510,20510,0.14,0.22,0,0.02,0,,0,0,0.01,0,12.82,0,0,0,0,0,0,,0,0,,0,0.52,3.37,0,0.01,0,0,0.09,3.28,0.02,4.96,,,0,0,0,0,0,0,0.07
20,511,20511,0.29,0.45,0,0.03,0,,0,0,0.01,0,26.37,0,0,0,0,0,0,,0,0,,0,0.2,6.7,0,0,0,0,0.87,6.74,0.01,10.2,,0.73,0,0,0,0,0,0,0.661
20,512,20512,0.09,0.13,0,0.01,0,,0,0,0,0,7.8,0,0,0,0,0,0,,0,0,,0,0.12,1.91,0,0.02,0,0,0.14,1.99,0,3.02,,,0,0,0,0,0,0,0
20,513,20513,0.67,1.04,0,0.08,0,,0,0,0.03,0,61.47,0,0,0,0.01,0,0,,0,0,,0,1.63,19.1,0,0.08,0,0,4.29,15.71,0.41,23.78,,,0,0,0,0,0,0,4.218
20,514,20514,0.08,0.12,0,0.01,0,,0,0,0,0,7,0,0,0,0,0,0,,0,0,,0,0,2.04,0,0,0,0,0.2,1.79,0,2.71,,0.73,0,0,0,0,0,0,0
20,515,20515,11.23,7.87,2.98,0.59,35.45,0,0.06,0,0.02,0,231.42,0,0.02,0,0.14,0.01,0,,0.02,0,0.82,2.85,27.1,29.75,19.89,0.43,10.18,9.65,5.53,118.42,14.12,179.26,,,0,0,0,1.5,0.22,0.04,5.44
20,516,20516,0.35,0.55,0,0.04,0,0,0,0,0.01,0,32.36,0,0,0,0,0,0,,0.01,0,33.15,0,0.04,8.77,0,0,0,0,0.59,8.27,0.09,12.52,,,0,0,0,0,0,0,0
20,517,20517,0.33,0.51,0,0.04,0,,0,0,0.01,0,30.11,0,0,0,0,0,0,,0,0,,0,0.83,7.79,0,0,0,0,0.42,7.69,3.25,11.65,,,0,0,0,0,0,0,0.001
20,518,20518,0.01,0.02,0,0,0,,0,0,0,0,1.18,0,0,0,0,0,0,,0,0,,0,0.28,0.55,0,0,0,0,0.15,0.3,0.28,0.46,,0.73,0,0,0,0,0,0,0.116
20,519,20519,0.61,0.32,0,0.02,0,,0,0,0.01,0,3.82,0,0,0,0.02,0,0,,0,0,,0,3.06,6.35,0,0.44,0,0,0.15,4.77,0,7.22,,,0,0,0,0,0,0,0.218
20,520,20520,1.81,0.9,0,0.07,0,,0,0,0.02,0,52.98,0,0,0,0.01,0,0,,0,0,,0,1.59,14.96,5.39,0.09,0.66,0,1,13.54,1.72,20.49,,,0,0,0,0,0,0.82,0.766
20,521,20521,0.44,0.04,0,0,0,,0,0,0,0,2.36,0,0,0,0,0,0,,0,0,,0,0,0.93,0,0,0,0,0.09,0.6,0,0.91,,0.73,0,0,0,0,0,0,0.067
20,522,20522,0.08,0.13,0,0.01,0,,0,0,0,0,7.52,0,0,0,0,0,0,,0,0,0.44,0,0.12,2.54,0,0,0,0,0.1,1.92,0.01,2.91,,,0,0,0,0,0,0,0
20,523,20523,0.13,0.2,0,0.02,0,,0,0,0.01,0,11.93,0,0,0,0,0,0,,0,0,,0,0.32,4.32,0,0.01,0,0,0.92,3.05,0.03,4.62,,0.73,0,0,0,0,0,0,0.704
20,524,20524,0.04,0.06,0,0,0,,0,0,0,0,3.58,0,0,0,0,0,0,,0,0,,0,0,1.36,0,0,0,0,0.21,0.91,0,1.38,,,0,0,0,0,0,0,0.163
20,525,20525,0.95,1.47,0,0.11,0,,0.01,0,0.04,0,86.87,0,0,0,0.02,0,0,,0,0,25.44,0,4.53,28.91,6.45,0.01,0.66,0,4.9,22.2,2.38,33.61,,,0,0,0,0.45,0.06,0,6.627
20,526,20526,1.29,2,0,0.15,0,,0,0,0.05,0,117.58,0,0,0,0,0,0,,0,0,0.33,0,0.91,30.21,0,0.04,0.66,0,4.57,30.05,0.69,45.48,,,0,0,0,0,0,0,1.203
20,527,20527,0.24,0.36,0,0.03,0,,0,0,0.01,0,21.46,0,0,0,0,0,0,,0,0,,0,0.04,5.13,0,0,0,0,0.15,5.48,0,8.3,,,0,0,0,0,0,0,0.013
20,528,20528,0.1,0.15,0,0.01,0,,0,0,0,0,9.12,0,0,0,0,0,0,,0,0,,0.36,0.2,3.38,0,0,0,0,0.18,2.33,0.02,3.53,,,0,0,0,0,0,0,0.141
20,529,20529,0.12,0.18,0,0.01,0,,0,0,0,0,10.72,0,0,0,0,0,0,,0,0,,0,0,1.7,0,0,0,0,0.08,2.74,0,4.15,,,0,0,0,0,0,0,0.062
20,530,20530,0.26,0.4,0,0.03,0,,0,0,0.01,0,23.39,0,0.01,0,0.04,0,0,,0,0,,0,7.03,6.31,0,0,0,0,0.93,5.98,0.24,9.05,,,0,0,0,0,0,0,1.352
20,531,20531,2.63,0.26,0,0.02,0,0,0,0,0.01,0,15.22,0,0,0,0.03,0,0,,0,0,0.88,0,6.4,5.09,0,0.01,0,0,0.71,3.89,0.14,5.89,,,0,0,0,0,0,0,1.033
20,532,20532,0.34,0.52,0,0.04,0,,0,0,0.01,0,30.72,0,0,0,0,0,0,,0,0,0.66,0,0,7.83,0,0,0,0,0.71,7.85,0,11.88,,0.73,0,0,0,0,0,0,0.545
20,533,20533,1.39,0.26,0,0.02,0,,0,0,0.01,0,15.02,0,0,0,0,0,0,,0,0,,0,0.75,4.64,0,0,0,0,0.2,3.84,3.71,5.81,,,0,0,0,0,0,0,0
20,534,20534,9.32,0.46,0,0.03,0,,0,0,0.01,0,27.38,0,0,0,0.01,0,0,,0,0,,0,2.58,7.76,0,0,0,0,0.99,7,0.22,10.59,,,0,0,0,0,0,0,1.442
20,535,20535,0.28,0.43,0,0.03,0,0,0,0,0.01,0,25.57,0,0,0,0,0,0,,0,0,2.08,0,0.2,5.34,0,0.01,0,0,0.02,6.53,0.06,9.89,,,0,0,0,0,0,0,0
20,536,20536,0.04,0.06,0,0,0,,0,0,0,0,3.8,0,0,0,0,0,0,,0,0,,0,0.2,1.57,0,0.04,0,0,0.24,0.97,0,1.47,,0.73,0,0,0,0,0,0,0.182
20,537,20537,0.58,0.89,0,0.07,22.25,0,0,0,0.02,0,52.58,0,0,0,0,0,0,,0,0,,0,0.72,15.66,4.05,0,0,6.06,1.04,13.44,0.7,20.34,,,0,0,0,0,0,0,0.795
20,538,20538,0.06,0.1,0,0.01,0,,0,0,0,0,5.72,0,0,0,0,0,0,,0,0,,0,0.36,1.75,0,0,0,0,0.06,1.46,0,2.21,,,0,0,0,0,0,0,0
20,539,20539,0.37,0.58,0,0.04,0,0,0,0,0.01,0,33.94,0,0,0,0,0,0,,0,0,,0,0.95,10.08,0,0.06,0.66,0,0.87,8.67,0.38,13.13,,,0,0,0,0,0,0,1.264
20,540,20540,0.59,0.91,0,0.07,0,,0.01,0,0.03,0,53.81,0,0,0,0.03,0,0,,0,0,,1.07,6.16,18.14,7.36,0.16,0.99,0,0.87,13.75,2.15,20.82,,0.73,0,0,0,0,0,0,0.666
20,541,20541,0.14,0.22,0,0.02,0,,0,0,0.01,0,12.82,0,0,0,0.01,0,0,,0,0,,0,1.99,4.88,0,0,0,0,0.18,3.28,0.65,4.96,,,0,0,0,0,0,0,0
20,542,20542,0.07,0.1,0,0.01,0,,0,0,0,0,5.99,0,0,0,0,0,0,,0,0,,0,0.08,2.06,0,0,0,0,0.21,1.53,0,2.32,,,0,0,0,0,0,0,0.307
20,543,20543,0.48,0.74,0,0.06,0,,0,0,0.02,0,43.59,0,0,0,0.01,0,0,,0,0,,0,0.99,10.98,0,0,0,0,4.37,11.14,0.46,16.86,,,0,0,0,0,0,0,1.151
20,544,20544,0.11,0.17,0,0.01,0,,0,0,0,0,10.03,0,0,0,0,0,0,,0,0,59.48,0,0.48,3.32,0,0.01,0,0,0.13,2.56,0,3.88,,0.73,0,0,0,0,0,0,0
20,545,20545,0.77,1.19,0.43,0.09,0,,0.01,0,0.03,0,70.32,0,0,0,0.02,0,0,,0,0,,0,3.58,22.29,9.88,0.09,1.31,0,0.41,17.97,2.37,27.2,,0.73,0,0,0,0.15,0.02,0,0.036
20,546,20546,0.5,0.77,0,0.06,6.91,,0.01,0,0.02,0,45.41,0,0.04,0.01,0.28,0.02,0,,0,0,,0,54.4,17.19,20.11,0.12,0,1.88,0.3,11.6,0.8,17.56,,,0,0,0,0,0,0,0.43
20,547,20547,0.08,0.13,0,0.01,0,,0,0,0,0,7.6,0,0,0,0,0,0,,0,0,,0,0.28,2.96,0,0.01,0,0,0,1.94,0.34,2.94,,0.73,0,0,0,0,0,0,0.313
20,548,20548,0.13,0.2,0,0.01,0,,0,0,0.01,0,11.8,0,0,0,0,0,0,,0,0,,0,0.48,4.36,5.79,0.28,0,0,0.54,3.01,0.11,4.56,,0.73,0,0,0,0,0,0,0.413
20,549,20549,0.98,1.52,0,0.11,0,,0,0,0.04,0,89.33,0,0,0,0.01,0,0,,0,0,,0.71,1.95,25.71,3.26,0.03,0,0,3.03,22.83,0.73,34.56,,,0,0,0,0,0,0,2.313
20,550,20550,0.42,0.64,0,0.05,0,0,0,0,0.02,0,37.93,0,0,0,0.01,0,0,,0,0,,0,2.26,11.61,0,0.03,0,0,0.48,9.69,2.84,14.67,,,0,0,0,0,0,0,0.699
20,551,20551,1.47,2.27,0,0.17,11.13,0,0.03,0,0.06,0,133.84,0,0.02,0,0.12,0.01,0,,0,0,,3.92,23.21,45.22,12.16,1.13,2.3,3.03,2.4,34.2,10.78,51.78,,,0,0,0,0.3,0.04,0.01,3.496
20,552,20552,0.04,0.06,0,0,0,,0,0,0,0,3.79,0,0,0,0,0,0,,0,0,,0,0,1.51,0,0,0,0,0.22,0.97,0.04,1.47,,0.73,0,0,0,0,0,0,0.166
20,553,20553,0.74,1.15,0,0.09,0,,0.02,0,0,0,14.67,0,0.02,0,0.15,0.01,0,,0,0,1.49,0,30.2,7.16,0,16.86,0.66,0,0.55,17.36,4.09,26.27,,,0,0,0,0.21,0.03,0,0.797
20,554,20554,0.42,0.66,0,0.05,0,,0,0,0.02,0,38.75,0,0,0,0,0,0,,0,0,0.03,0,0.75,10.9,0,0,0.33,0,1,9.9,0.31,14.99,,0.73,0,0,0,0,0,0,0.001
20,555,20555,0.25,0.39,0,0.03,0,,0,0,0.01,0,22.77,0,0,0,0,0,0,,0,0,,0,0.04,6.38,0,0,0,0,0.71,5.82,0.01,8.81,,,0,0,0,0,0,0,1.041
20,556,20556,0.02,0.03,0,0,0,,0,0,0,0,1.91,0,0,0,0,0,0,,0,0,,0,0,0.7,0,0,0,0,0.12,0.49,0,0.74,,0.73,0,0,0,0,0,0,0.092
20,557,20557,1.15,1.79,0,0.13,0,,0.01,0,0.05,0,105.25,0,0,0,0.03,0,0,,0,0,,0.36,5.8,35.03,2.83,0.16,0.33,0,1.7,26.9,4.57,40.71,,0.73,0,0,0,0,0,0,1.675
20,558,20558,0.13,0.21,0,0.02,0,,0,0,0.01,0,12.18,0,0,0,0,0,0,,0,0,,0,0.12,3.73,0,0,0,0,0.15,3.11,0,4.71,,,0,0,0,0,0,0,0.013
20,559,20559,1.88,2.92,0,0.22,0,0,0.01,0,0.07,0,171.77,0,0,0,0.02,0,0,,0,0,,0,3.85,48.26,3.34,0.29,0,0,5.85,43.9,2.4,66.45,,,0,0,0,0,0,0,7.036
20,560,20560,0.52,0.81,0,0.06,0,0,0,0,0.02,0,47.5,0,0,0,0.01,0,0,,0,0,,0,1.63,14.44,0,0.1,0,0,0.55,12.14,0.04,18.37,,0.73,0,0,0,0,0,0,0.8
20,561,20561,0.22,0.34,0,0.03,0,0,0,0,0.01,0,19.8,0,0,0,0.01,0,0,,0,0,,0,1.43,5.18,0,0,0,0,0.98,5.06,2.8,7.66,,,0,0,0,0,0,0,1.433
20,562,20562,0.11,0.16,0,0.01,0,0,0,0,0,0,9.69,0,0,0,0.01,0,0,,0,0,,0,1.19,3.04,0,0.02,0,0,0.2,2.48,0.06,3.75,,0.73,0,0,0,0,0,0,0.151
20,563,20563,0.1,0.16,0,0.01,0,,0,0,0.01,0,9.4,0,0,0,0,0,0,,0,0,,0,0.08,3.26,0,0,0,0,0.35,2.4,0,3.64,,,0,0,0,0,0,0,0.516
20,564,20564,0.1,0.16,0,0.01,0,0,0,0,0,0,9.53,0,0,0,0.01,0,0,,0,0,,0,2.9,3.24,0,0.02,0,0,0.6,2.43,0.02,3.68,,,0,0,0,0,0,0,0.459
20,565,20565,2.49,3.85,0.43,0.29,5.37,,0.03,0,0.1,0,21.38,0,0.01,0,0.05,0,0,,0,0,,0.71,9.62,68.62,5.94,0.94,4.6,1.46,0.88,58.01,6.84,87.82,,,0,0,0,0.46,0.07,0,1.29
20,566,20566,0.29,0.45,0,0.03,0,0,0,0,0.01,0,26.36,0,0,0,0,0,0,,0,0,,0,0.08,6.77,0,0.01,0,0,1.62,6.74,0,10.2,,,0,0,0,0,0,0,0
20,567,20567,0.28,0.43,0,0.03,0,,0,0,0.01,0,25.11,0,0,0,0,0,0,,0,0,,0,0.04,7.77,0,0,0,0,0.5,6.42,0,9.72,,,0,0,0,0,0,0,0.38
20,568,20568,0.12,0.19,0,0.01,0,,0,0,0.01,0,11.13,0,0,0,0.01,0,0,,0,0,,0,1.75,3.59,0,0,0,0,0.17,2.84,0,4.31,,,0,0,0,0,0,0,0.13
20,569,20569,0.15,0.23,0,0.02,0,,0,0,0.01,0,13.37,0,0,0,0,0,0,,0,0,,0,0.16,4.52,0,0,0,0,0.61,3.42,0.04,5.17,,0.73,0,0,0,0,0,0,0.466
20,570,20570,1.63,2.53,1.7,0.19,0,0,0.01,0,0.06,0,148.92,0,0.01,0,0.07,0,0,,0,0,3.75,2.14,13.27,44.3,12.74,0.33,2.96,0,1.44,38.06,42.45,57.61,,0.73,0,0,0,0,0,0,2.101
21,1,21001,1.74,12.32,0,0.55,1.57,,0.05,0,0.04,0.03,430.58,0,0.02,0,0.13,0.02,0,,0.01,0,2.2,0.36,31.07,28.23,14.62,0.34,3.94,0.43,2.87,110.04,7.16,166.57,,0.53,0,0,0,2.7,0.39,0,5.219
21,2,21002,1.01,1.95,0,0.09,1.77,,0,0,0.07,0,68.25,0,0,0,0.01,0,0,,0,0,,0,3.62,23.34,2.21,0.05,0.33,0.48,2.38,17.44,0.98,26.4,,,0,0,0,0,0,0,0
21,3,21003,7.21,7.54,2.55,0.33,6.14,,0.04,0,0.28,0.02,263.63,0,0.01,0,0.06,0.01,0,,0.05,0,,1.07,14.31,91.72,22.22,0.39,3.61,1.67,1.7,67.37,6.92,101.99,,,0,0,0,0,0,0.01,3.867
21,4,21004,2.25,10.71,5.11,0.47,1.52,,0.04,0,0.3,0.03,374.35,0,0.05,0.01,0.26,0.05,0,,0.01,0,0.87,1.07,63.9,106.72,21.72,0.54,24.3,0.41,2.08,95.66,21.35,144.81,,0.53,0,0,0,0,0,0,0
21,5,21005,0.1,0.68,0,0.03,0.84,,0,0,0.02,0,23.62,0,0.02,0,0.13,0.02,0,,0,0,,0,30.64,11.86,10.04,0,0,0.23,0.39,6.04,0.25,9.14,,,0,0,0,0,0,0,0.897
21,6,21006,0.45,3.19,0,0.14,0.97,,0,0,0.1,0.01,111.43,0,0,0,0,0,0,,0.01,0,,0,1.11,29.92,0,0.13,0,0.26,0.37,28.47,0.01,43.1,,,0,0,0,0,0,0,0
21,7,21007,0.11,0.79,0,0.03,1.93,,0,0,0.03,0,27.58,0,0,0,0,0,0,,0,0,,0,0.28,7.86,0,0.02,0,0.52,0.35,7.05,0,10.67,,,0,0,0,0,0,0,0.258
21,8,21008,0.31,2.22,0,0.1,0.63,,0,0,0.01,0.01,77.6,0,0,0,0.01,0,0,,0,0,4.57,0,1.35,3.82,6.95,0.07,0.66,0.17,0.69,19.83,2.54,30.02,,,0,0,0,0.28,0.04,5.96,0.807
21,9,21009,0.06,0.46,0,0.02,0.67,0,0,0,0.02,0,16.03,0,0,0,0,0,0,,0,0,,0,0.36,5.72,0,0,0.33,0.18,0.14,4.1,0.04,6.2,,,0,0,0,0,0,0,0.209
21,10,21010,1.79,12.69,3.4,0.56,3.69,,0.02,0,0.36,0.03,443.76,0,0.1,0.02,0.59,0.1,0,,0.02,0,,0.36,143.25,130.02,6.15,0.94,3.94,1.01,1.91,113.4,126.26,171.66,,0.53,0,0,0,0,0,0,0.312
21,11,21011,0.06,0.41,0,0.02,0.82,,0,0,0.01,0,14.26,0,0,0,0,0,0,,0,0,,0,0.75,4.91,0,0.07,0,0.22,0.18,3.64,0.1,5.52,,,0,0,0,0,0,0,0.264
21,12,21012,3.7,1.4,0,0.06,0.59,,0,0,0.05,0,49.09,0,0,0,0,0,0,,0,0,1,0,0.6,14.97,2.06,0.04,0,0.16,1.42,12.54,0.16,18.99,,0.53,0,0,0,0,0,0,2.805
21,13,21013,0.56,4,0.85,0.18,0.45,,0.02,0,0.01,0.01,139.74,0,0.02,0,0.12,0.02,0,,0.01,0,,0,28.89,12.32,10.21,0.21,1.64,0.12,1.28,35.71,20.61,54.06,,0.53,0,0,0,1.07,0.16,0,0.484
21,14,21014,0.16,1.16,0,0.05,0.55,,0,0,0.04,0,40.53,0,0,0,0,0,0,,0,0,,0,0.95,12.34,0,0.02,0,0.15,0.28,10.36,0.1,15.68,,,0,0,0,0,0,0,0
21,15,21015,2.57,18.19,8.09,0.81,1.5,,0.05,0,0.58,0.04,72.21,0,0.05,0.01,0.27,0.05,0,,0,0,12.97,1.07,64.49,190.7,58.43,0.64,8.87,0.41,1.54,162.53,20.92,246.03,,0.53,0,0,0,1.9,0.27,0.22,2.798
21,16,21016,0.24,1.71,0,0.08,1.75,,0,0,0.06,0,59.88,0,0,0,0.02,0,0,,0,0,46.63,0,4.09,18.77,0,0.02,0,0.48,1.11,15.3,0.77,23.16,,,0,0,0,0,0,0,0.031
21,17,21017,0.73,5.14,0,0.23,0.46,,0.01,0,0.02,0.01,179.56,0,0.01,0,0.03,0.01,0,,0,0,,0,7.03,8.56,6.21,0.15,0.33,0.12,0.3,45.89,1.59,69.46,,,0,0,0,0.3,0.04,0.02,0
21,18,21018,0.12,0.84,0,0.04,3.37,0,0,0,0.03,0,29.38,0,0,0,0,0,0,,0,0,,0,0.72,9.22,0,0.01,0,0.92,0.79,7.51,0.44,11.36,,0.53,0,0,0,0,0,0,0.067
21,19,21019,4,28.33,13.19,1.25,2.95,0,0.16,0.01,1.03,0.07,990.21,0,0.1,0.02,0.59,0.1,0,,0.02,0,3.6,11.76,143.45,353.28,54.73,1.71,28.24,0.8,2.5,253.05,35.84,383.06,,,0,0,0,3.24,0.47,0,4.52
21,20,21020,0.2,1.44,0,0.06,0.25,,0,0,0.04,0,50.21,0,0.01,0,0.04,0.01,0,,0,0,,0,10.57,15.23,0,0.04,0,0.07,0.32,12.83,0.87,19.42,,0.53,0,0,0,0,0,0,0.591
21,21,21021,0.04,0.29,0,0.01,0.08,,0,0,0.01,0,9.99,0,0,0,0,0,0,,0,0,,0,0.28,3.44,0,0.01,0.66,0.02,0.11,2.55,0.09,3.86,,0.53,0,0,0,0,0,0,0.249
21,22,21022,0.36,2.55,0,0.11,1.24,0,0.01,0,0.09,0.01,89.3,0,0,0,0.01,0,0,,0,0,0.49,0,3.02,26.47,0,0.04,0,0.34,0.93,22.82,0.18,34.55,,,0,0,0,0,0,0,1.812
21,23,21023,0.26,1.86,0,0.08,1.2,,0,0,0.05,0,65.18,0,0,0,0.01,0,0,,0,0,2.65,0,3.62,16.64,1.72,0.04,0,0.33,1.12,16.66,13.85,25.21,,,0,0,0,0,0,0,2.272
21,24,21024,0.03,0.22,0,0.01,1.97,,0,0,0.01,0,7.58,0,0,0,0,0,0,,0,0,,0,0.2,2.95,0,0.01,0,0.54,0.11,1.94,0.02,2.93,,,0,0,0,0,0,0,0.154
21,25,21025,0.26,1.83,0,0.08,1.24,,0.01,0,0.06,0,63.9,0,0,0,0.01,0,0,,0.01,0,,0,3.02,19.98,2.27,0.08,0,0.34,0.98,16.33,1.83,24.72,,,0,0,0,0,0,0.38,0
21,26,21026,0.44,3.09,0.85,0.14,0.82,,0.01,0,0.1,0.01,107.97,0,0,0,0.01,0,0,,0,0,3.01,0,2.62,32.89,0,0,0,0.22,0.95,27.59,0.77,41.77,,,0,0,0,0,0,0,1.614
21,27,21027,0.15,1.05,0,0.05,4.03,,0,0,0.04,0,36.67,0,0,0,0,0,0,,0,0,,0,0.32,12.06,0,0.01,0,1.1,0.88,9.37,0,14.18,,0.53,0,0,0,0,0,0,0.035
21,28,21028,1.02,0.51,0,0.02,0.16,,0,0,0.02,0,17.89,0,0,0,0,0,0,,0,0,,0,0.4,5.54,0,0,0,0.04,0.14,4.57,0.66,6.92,,,0,0,0,0,0,0,0
21,29,21029,0.12,0.88,0,0.04,0.12,,0,0,0.03,0,30.92,0,0,0,0.01,0,0,,0,0,,0,1.55,9.14,0,0.12,0,0.03,0.32,7.9,0.19,11.96,,,0,0,0,0,0,0,0
21,30,21030,0.47,0.17,0,0.01,0.09,,0,0,0.01,0,5.91,0,0,0,0,0,0,,0,0,,0,0.28,1.95,0,0.01,0,0.02,0.11,1.51,0.01,2.29,,,0,0,0,0,0,0,0
21,31,21031,0.1,0.72,0,0.03,1.3,,0,0,0.03,0,25.17,0,0,0,0.01,0,0,,0,0,,0,1.95,9.11,0,0.1,0,0.35,0.49,6.43,1.01,9.74,,,0,0,0,0,0,0,0.973
21,32,21032,0.04,0.31,0,0.01,2.13,,0,0,0.01,0,10.99,0,0,0,0,0,0,,0,0,,0,0.64,3.82,0,0.04,0,0.58,0.33,2.81,0.05,4.25,,,0,0,0,0,0,0,0.465
21,33,21033,0.15,1.04,0,0.05,0.52,,0,0,0.03,0,36.41,0,0.02,0,0.11,0.02,0,,0,0,,0,25.39,13.85,0,0.1,0,0.14,0.43,9.31,0.04,14.09,,,0,0,0,0,0,0,0.843
21,34,21034,0.99,7.02,0,0.31,0.3,,0.02,0,0.2,0.02,9.36,0,0.04,0.01,0.26,0.04,0,,0,0,,0,61.83,73.38,23.16,0.21,2.96,0.08,0.67,62.68,5.51,94.88,,,0,0,0,0,0,0,1.345
21,35,21035,0.65,4.58,0,0.2,2.65,0,0.01,0,0.15,0.01,160.22,0,0.02,0,0.09,0.02,0,,0.02,0,,0,21.14,49.06,1.99,0.17,0.33,0.72,1.37,40.94,0.8,61.98,,,0,0,0,2.15,0.31,0,0
21,36,21036,0.41,2.93,0,0.13,2.51,,0,0,0.01,0.01,102.26,0,0,0,0.01,0,0,,0,0,,0,1.27,4.07,0,0.1,0,0.68,0.15,26.13,0.46,39.56,,,0,0,0,0,0,0,0
21,37,21037,0.07,0.52,0,0.02,1.27,,0,0,0.02,0,18.18,0,0,0,0.02,0,0,,0,0,,0,3.66,7.32,0,0,0,0.34,0.84,4.64,0.04,7.03,,0.53,0,0,0,0,0,0,0.192
21,38,21038,0.24,1.67,0,0.07,0.26,,0,0,0.05,0,58.23,0,0.01,0,0.03,0.01,0,,0,0,,0,8.19,16.49,18.93,0.01,1.31,0.07,0.33,14.88,2.37,22.53,,,0,0,0,0.92,0.13,0,0.394
21,39,21039,0.77,1.97,0,0.09,0.66,,0,0,0.07,0,68.88,0,0,0,0,0,0,,0,0,,0,0.99,22.25,0,0.03,0,0.18,0.61,17.6,0.52,26.65,,,0,0,0,0,0,0,0
21,40,21040,0.25,1.79,0,0.08,1.62,,0,0,0.06,0,62.58,0,0.01,0,0.06,0.01,0,,0,0,,0,14.86,20.11,0,0,0,0.44,1.07,15.99,1.44,24.21,,0.53,0,0,0,0,0,0,1.829
21,41,21041,1.82,12.86,0,0.57,0.44,,0.04,0,0.47,0.03,46.07,0,0.6,0.1,3.51,0.61,0.0001,,0,0,,2.14,847.57,268.49,25.51,0.04,4.6,0.12,0.7,114.89,77.43,173.91,,,0,0,0,0,0,0.31,1.507
21,42,21042,1.79,0.75,0,0.03,2.03,,0,0,0.03,0,26.11,0,0,0,0.01,0,0,,0,0,,0,1.47,8.96,0,0.01,0,0.55,0.47,6.67,0.29,10.1,,,0,0,0,0,0,0,0.799
21,43,21043,1.5,10.62,0.43,0.47,1.95,,0.01,0,0.33,0.03,371.13,0,0,0,0.02,0,0,,0.02,0,,0.71,5.01,99.96,6.13,0.2,1.31,0.53,1.9,94.84,1.72,143.57,,,0,0,0,0,0,0,0
21,44,21044,0.47,3.33,0,0.15,3,,0.01,0,0.11,0.01,116.47,0,0,0,0.01,0,0,,0.01,0,3.95,0,3.26,34.34,5.43,0.03,5.91,0.82,2.17,29.76,1.74,45.05,,0.53,0,0,0,2.16,0.31,0,4.271
21,45,21045,21.43,9.48,5.53,0.42,4.01,,0.04,0,0.32,0.02,331.32,0,0.02,0,0.13,0.02,0,,0.02,0,2.98,2.49,30.52,105.31,7.98,0.63,7.22,1.09,4.52,84.67,10.17,128.17,,,0,0,0,1.82,0.26,0.04,8.845
21,46,21046,0.2,1.44,0,0.06,0.79,,0,0,0.04,0,50.23,0,0.01,0,0.06,0.01,0,,0,0,0.77,0,14.34,16.01,4.47,0.01,1.31,0.22,0.25,12.84,2.63,19.43,,0.53,0,0,0,1.55,0.22,0.06,0.013
21,47,21047,0.61,4.29,0.85,0.19,7.8,,0.02,0,0.02,0.01,149.81,0,0,0,0.03,0,0,,0,0,,0,6.83,10.99,5.64,0.3,1.97,2.12,2.41,38.28,3.28,57.95,,0.53,0,0,0,0,0,0.14,3.9
21,48,21048,0.56,3.98,0.85,0.18,0.86,,0.01,0,0.13,0.01,28.18,0,0,0,0.02,0,0,,0,0,,0,5.21,39.33,0,0.03,1.97,0.23,0.55,35.56,3.48,53.84,,,0,0,0,0,0,0,1.022
21,49,21049,1.02,3.14,0,0.14,1.01,,0,0,0.01,0.01,109.94,0,0,0,0,0,0,,0,0,,0,1.07,4.4,0,0.04,0,0.27,0.47,28.1,0.5,42.53,,,0,0,0,0,0,0,0
21,50,21050,2.48,5.35,0,0.24,0.92,,0,0,0.14,0.01,187.04,0,0,0,0,0,0,,0,0,,0,0.56,41.41,0,0.45,0,0.25,0.64,47.8,0.22,72.35,,,0,0,0,0,0,0,1.749
21,51,21051,1.59,7.61,0,0.34,3.39,0,0.03,0,0.3,0.02,266.1,0,0.03,0,0.17,0.03,0,,0,0,,0,41.84,98.67,7.89,0.52,3.61,0.92,2.22,68,4.11,102.94,,0.53,0,0,0,2.12,0.31,1.12,4.306
21,52,21052,0.04,0.27,0,0.01,0.27,,0,0,0.01,0,9.31,0,0.01,0,0.05,0.01,0,,0,0,,0,11.17,5.3,0,0,0,0.07,0.03,2.38,9.93,3.6,,,0,0,0,0,0,0,0
21,53,21053,1.69,11.95,0.85,0.53,7.65,0,0.03,0,0.42,0.03,417.78,0,0.02,0,0.13,0.02,0,,0,0,0.68,2.14,31.75,134.07,16.4,0.4,5.91,2.08,5.39,106.76,38.05,161.62,,0.53,0,0,0,0,0,0.31,0.036
21,54,21054,0.85,6.05,0,0.27,1.62,0,0.01,0,0.18,0.01,211.48,0,0.03,0.01,0.18,0.03,0,,0,0,19.85,0,44.5,61.08,4.51,0.16,1.97,0.44,1.04,54.04,1.58,81.81,,,0,0,0,0.41,0.06,0.06,0
21,55,21055,2.24,1.06,0,0.05,1.3,0,0,0,0,0,36.98,0,0,0,0.03,0,0,,0,0,,0,6.2,2.99,3.22,0.01,0,0.35,0.51,9.45,0.45,14.31,,0.53,0,0,0,0,0,0,0.487
21,56,21056,0.04,0.29,0,0.01,1.19,,0,0,0.01,0,10.1,0,0,0,0,0,0,,0,0,,0,0.4,3.85,0,0,0,0.32,0.18,2.58,0.11,3.91,,,0,0,0,0,0,0.01,0.086
21,57,21057,0.22,1.55,0,0.07,0.67,,0,0,0.06,0,54.21,0,0,0,0.01,0,0,,0,0,,0,1.55,16.82,0,0.07,0,0.18,0.74,13.85,1.43,20.97,,,0,0,0,0,0,0.18,0.395
21,58,21058,3.47,4.24,0,0.19,1.48,,0.01,0,0.11,0.01,148.38,0,0,0,0.01,0,0,,0,0,,0,1.87,34,0,0.29,0.99,0.4,0.88,37.92,2.12,57.4,,,0,0,0,0,0,0,3.585
21,59,21059,0.07,0.52,0,0.02,0.94,,0,0,0.02,0,18.35,0,0,0,0,0,0,,0,0,,0,0.91,6.67,0,0.45,0,0.26,0.11,4.69,0.36,7.1,,,0,0,0,0,0,0,0.188
21,60,21060,0.18,1.3,0,0.06,0.14,0,0,0,0.04,0,3.11,0,0,0,0,0,0,,0,0,,0,1.15,12.79,0,0,0,0.04,0.26,11.6,0.98,17.55,,,0,0,0,0,0,0,0.43
21,61,21061,1.07,2.63,0,0.12,1.09,,0,0,0.08,0.01,91.99,0,0,0,0,0,0,,0,0,,0,0.2,24.85,0,0,0,0.3,1.51,23.51,0,35.58,,,0,0,0,0,0,0,0
21,62,21062,1.57,0.99,0,0.04,0.46,0,0,0,0.04,0,34.6,0,0,0,0,0,0,,0,0,,0,0.32,11.19,4.52,0,0,0.13,0.53,8.84,0.23,13.38,,0.53,0,0,0,0,0,0,0.98
21,63,21063,0.44,3.11,0,0.14,0.79,,0.01,0,0.11,0.01,108.61,0,0,0,0.02,0,0,,0,0,0,0,3.77,36.01,15.07,0.26,1.97,0.21,1.56,27.76,4.78,42.02,,,0,0,0,2.22,0.32,0,3.171
21,64,21064,0.52,3.71,0,0.16,4.45,,0.01,0,0.14,0.01,129.81,0,0,0,0.02,0,0,,0,0,,0.36,3.89,42.78,2.7,0.08,1.64,1.21,1.72,33.17,2.57,50.22,,,0,0,0,0,0,0,0.237
21,65,21065,0.57,4.05,0,0.18,0.92,,0.01,0,0.13,0.01,141.44,0,0,0,0.01,0,0,,0,0,2.76,0,2.42,38.95,9.99,0.04,1.64,0.25,1.91,36.14,1.6,54.71,,0.53,0,0,0,0,0,0,0.303
21,66,21066,0.21,1.47,0,0.07,1.66,,0,0,0.01,0,51.52,0,0,0,0,0,0,,0,0,,0,0.99,2.83,2.59,0.04,0,0.45,1.74,13.17,0.44,19.93,,0.53,0,0,0,0,0,0,3.355
21,67,21067,0.9,3.49,0,0.15,2.33,,0.01,0,0.11,0.01,121.93,0,0.01,0,0.06,0.01,0,,0.01,0,9.2,0,14.19,38.49,12.57,0.35,5.58,0.63,1.84,31.16,5.63,47.17,,,0,0,0,0,0,0,1.233
21,68,21068,0.25,1.75,0,0.08,0.46,,0,0,0.06,0,61.29,0,0,0,0,0,0,,0,0,,0,1.03,17.91,0,0.07,0,0.12,0.6,15.66,0.16,23.71,,,0,0,0,0,0,0,0
21,69,21069,0.83,5.9,0,0.26,2.58,,0.01,0,0.2,0.01,206.11,0,0,0,0.01,0,0,,0,0,,0,2.46,60.14,6.78,0.04,0.99,0.7,1.75,52.67,0.8,79.73,,,0,0,0,1.04,0.15,0,2.959
21,70,21070,0.21,1.52,0,0.07,1.69,,0,0,0.06,0,53.02,0,0,0,0.03,0,0,,0,0,,0,6.48,17.21,0,0,0,0.46,0.61,13.55,0.67,20.51,,,0,0,0,0,0,0.41,0.018
21,71,21071,2.98,21.07,11.49,0.93,2.5,0,0.09,0,0.74,0.05,736.45,0,0.02,0,0.13,0.02,0,,0.03,0,10.23,4.63,31.47,241.06,36.8,1.71,33.17,0.68,0.8,188.2,33.27,284.89,,,0,0,0,0,0,0.11,0.016
21,72,21072,0.51,3.62,0,0.16,0.47,,0,0,0.01,0.01,126.59,0,0,0,0.01,0,0,,0.01,0,,0,2.82,5.59,0,0.21,0,0.13,0.82,32.35,0.21,48.97,,,0,0,0,0,0,0,0
21,73,21073,0.27,1.93,0,0.09,1.59,,0.01,0,0.07,0,67.54,0,0,0,0.01,0,0,,0,0,,0,2.7,22.1,3.59,0.08,0.99,0.43,0.92,17.26,0.82,26.13,,0.53,0,0,0,0,0,0,1.504
21,74,21074,26.56,13.87,2.98,0.61,1.75,,0.05,0,0,0.03,235.14,0,0.2,0.03,1.16,0.2,0,,0.03,0,,26.37,281.45,55.28,33.07,0.27,4.6,0.48,1.34,123.93,23.27,187.6,,,33.14,4.216,0,1.3,0.19,0.07,2.69
21,75,21075,0.36,2.58,0,0.11,0.69,,0,0,0.08,0.01,90.02,0,0,0,0.01,0,0,,0,0,,0,3.54,25.4,0,0.06,0,0.19,0.57,23.01,1.76,34.83,,,0,0,0,0,0,0,0
21,76,21076,2.29,6.06,0,0.27,3.47,,0.01,0,0.21,0.01,211.7,0,0.02,0,0.11,0.02,0,,0,0,,0.36,27.02,67.44,4.53,0.16,2.3,0.94,2.47,54.1,1.7,81.9,,,0,0,0,0,0,0,0
21,77,21077,1.22,1.08,0,0.05,0.37,,0,0,0.03,0,37.78,0,0,0,0,0,0,,0,0,,0,0.52,10.38,0,0.01,0,0.1,0.5,9.66,0.24,14.62,,,0,0,0,0,0,0,0
21,78,21078,1.46,2.8,0,0.12,0.76,,0,0,0.09,0.01,97.99,0,0,0,0,0,0,,0,0,,0,1.07,26.82,2.49,0.01,0,0.21,0.5,25.04,0.09,37.91,,,0,0,0,0,0,0,0
21,79,21079,0.16,1.13,0,0.05,0.58,,0,0,0.04,0,39.41,0,0,0,0.01,0,0,,0,0,,0,2.94,12.21,5.95,0,0,0.16,0.52,10.07,2.03,15.25,,,0,0,0,0,0,0,1.05
21,80,21080,0.96,0.7,0,0.03,0.21,,0,0,0.02,0,24.64,0,0,0,0,0,0,,0,0,,0,0.64,7.04,0,0.01,0,0.06,0.28,6.3,0,9.53,,,0,0,0,0,0,0,0
21,81,21081,1.05,0.84,0,0.04,2.72,,0,0,0.03,0,29.2,0,0,0,0,0,0,,0,0,,0,0.91,9.32,0,0.01,0,0.74,0.58,7.46,0.03,11.3,,,0,0,0,0,0,0.01,0.77
21,82,21082,0.74,1.73,0,0.08,1.08,,0.01,0,0.06,0,60.46,0,0,0,0.01,0,0,,0,0,,0,2.15,19.69,6.27,0.11,1.31,0.29,1.05,15.45,1.47,23.39,,0.53,0,0,0,0,0,0.05,0.395
21,83,21083,2.09,5.83,0,0.26,5.68,0,0,0,0.2,0.01,203.96,0,0,0,0.01,0,0,,0.01,0,84.01,0,3.1,57.69,0,0,0,1.55,2.49,52.12,0.66,78.9,,0.53,0,0,0,0,0,0,0.019
21,84,21084,0.22,1.56,0,0.07,0.17,,0,0,0.05,0,54.68,0,0,0,0.01,0,0,,0,0,,0,1.87,15.17,0,0.04,0,0.05,0.41,13.97,0.09,21.15,,,0,0,0,0,0,0,0
21,85,21085,2.27,16.1,5.53,0.71,5.59,0,0.1,0,0.6,0.04,562.7,0,0.03,0,0.17,0.03,0,,0.04,0,0.05,3.92,42.08,200.74,35.57,1.04,14.12,1.52,3.11,143.8,20.06,217.68,,0.53,0,0,0,2.25,0.32,1.27,6.113
21,86,21086,0.4,2.8,0,0.12,2.35,,0,0,0.1,0.01,97.85,0,0,0,0,0,0,,0,0,,0,0.28,28.39,0,0.03,0,0.64,1.72,25,0.03,37.85,,,0,0,0,0,0,0,0.161
21,87,21087,0.39,2.73,0,0.12,5.96,,0.01,0,0.1,0.01,95.42,0,0.01,0,0.05,0.01,0,,0,0,0.32,0,12.4,31.33,0,0.07,0,1.62,0.81,24.39,0.08,36.91,,,0,0,0,0,0,0.75,1.205
21,88,21088,0.15,1.08,0,0.05,0.34,,0,0,0.04,0,37.92,0,0,0,0,0,0,,0,0,,0,0.91,11.78,0,0.08,0,0.09,0.54,9.69,0.03,14.67,,,0,0,0,0,0,0,0
21,89,21089,0.42,2.96,0,0.13,1.72,,0,0,0.1,0.01,103.35,0,0,0,0.01,0,0,,0,0,,0,1.27,29.43,0,0.04,0,0.47,1.66,26.41,0.3,39.98,,,0,0,0,0,0,0,0
21,90,21090,0.49,3.44,0,0.15,0.21,,0.01,0,0.01,0.01,4.99,0,0.05,0.01,0.26,0.05,0,,0,0,,1.78,63.38,15.31,0,0.04,1.31,0.06,0.58,30.69,5.39,46.46,,,0,0,0,0,0,0.01,1.076
21,91,21091,0.31,2.23,0.43,0.1,0.3,,0.01,0,0.09,0.01,77.95,0,0,0,0.02,0,0,,0,0,,0.71,3.89,27.41,0,0.2,0.99,0.08,0.02,19.92,2.72,30.16,,,0,0,0,0,0,0.1,0
21,92,21092,0.16,1.15,0,0.05,2.45,,0,0,0.04,0,40.35,0,0.01,0,0.03,0.01,0,,0,0,,0,7.99,13.98,0,0.04,0,0.67,0.89,10.31,0.55,15.61,,0.53,0,0,0,0,0,0,0.19
21,93,21093,0.25,1.8,0,0.08,1.72,,0,0,0.06,0,63,0,0,0,0,0,0,,0,0,10.1,0,0.04,17.97,0,0,0,0.47,1.16,16.1,0,24.37,,,0,0,0,0,0,0,1.151
21,94,21094,0.93,6.57,1.28,0.29,2.74,,0.02,0,0.21,0.02,229.68,0,0.01,0,0.04,0.01,0,,0.01,0,13.07,1.07,9.97,68.85,14.36,0.45,4.27,0.74,2.39,58.7,7.41,88.85,,0.53,0,0,0,3.27,0.47,0,4.592
21,95,21095,0.01,0.1,0,0,0.12,0,0,0,0,0,3.45,0,0,0,0.01,0,0,,0,0,,0,1.51,1.28,0,0,0,0.03,0.05,0.88,0.65,1.34,,,0,0,0,0,0,0,0
21,96,21096,2.54,0.56,0,0.02,0.55,,0,0,0.02,0,19.63,0,0,0,0,0,0,,0,0,0.94,0,0.72,6.04,2.27,0.1,0,0.15,0.44,5.02,0.16,7.6,,,0,0,0,1.63,0.24,0,0.906
21,97,21097,0.07,0.5,0,0.02,0.11,,0,0,0.02,0,17.54,0,0,0,0,0,0,,0,0,,0,0.48,4.94,0,0.04,0,0.03,0.25,4.48,0.04,6.79,,0.53,0,0,0,0,0,0,0.126
21,98,21098,0.19,1.33,0,0.06,1.67,,0,0,0.05,0,46.36,0,0,0,0,0,0,,0,0,,0,0.79,14.54,0,0.06,0,0.46,0.78,11.85,0.58,17.93,,0.53,0,0,0,0,0,0,0.515
21,99,21099,0.59,4.14,0,0.18,2.56,0,0.01,0,0.15,0.01,144.86,0,0,0,0.02,0,0,,0,0,,0,3.81,44.88,6.08,0.07,4.93,0.7,0,37.02,1.3,56.04,,0.53,0,0,0,2.83,0.41,0,2.603
21,100,21100,0.32,2.26,0,0.1,0.64,,0,0,0.07,0.01,79.02,0,0,0,0,0,0,,0,0,,0,0.91,21.82,0,0.02,0,0.17,0.46,20.19,0.04,30.57,,,0,0,0,0,0,0,0
21,101,21101,0.11,0.8,0,0.04,0.25,,0,0,0.03,0,27.91,0,0,0,0.01,0,0,,0,0,,0,1.23,9.14,0,0.04,0,0.07,0.23,7.13,0.21,10.8,,,0,0,0,0,0,0,0
21,102,21102,0.34,2.44,0,0.11,0.18,,0.01,0,0.07,0.01,85.22,0,0.01,0,0.04,0.01,0,,0,0,0.66,0.71,10.77,24.97,7.03,0.03,0.33,0.05,0.67,21.78,2.25,32.97,,,0,0,0,0,0,0.1,1.237
21,103,21103,0.18,1.27,0,0.06,1.16,,0,0,0.04,0,44.5,0,0,0,0.01,0,0,,0,0,4.14,0,2.9,12.59,0,0.03,0,0.32,0.24,11.37,11.15,17.21,,,0,0,0,0,0,0,0
21,104,21104,0.8,5.66,0,0.25,1.63,,0.01,0,0.16,0.01,197.84,0,0,0,0.01,0,0,,0,0,,0,3.3,50.34,8.77,0.04,0,0.44,1.8,50.56,1.09,76.53,,0.53,0,0,0,3.46,0.5,0,3.446
21,105,21105,0.15,1.05,0,0.05,0.78,,0,0,0,0,36.63,0,0,0,0,0,0,,0,0,0.87,0,0.52,1.68,0,0.03,0,0.21,0.32,9.36,0.08,14.17,,,0,0,0,0,0,0,0.596
21,106,21106,0.69,4.91,0,0.22,1.6,,0.01,0,0.15,0.01,99.47,0,0.03,0,0.17,0.03,0,,0,0,,0,40.57,53,0,0.19,0,0.43,0.17,43.89,13.95,66.44,,,0,0,0,0,0,1.06,0.269
21,107,21107,0.4,2.81,0,0.12,0.74,,0,0,0.09,0.01,98.12,0,0,0,0.01,0,0,,0,0,,0,1.63,26.07,0,0.07,0,0.2,0.69,25.08,0.12,37.96,,,0,0,0,0,0,0,0
21,108,21108,0.47,3.33,0,0.15,2.36,0,0.01,0,0.11,0.01,116.45,0,0.01,0,0.05,0.01,0,,0,0,1.29,0.36,11.4,35.81,7.39,0.27,0.33,0.64,1.46,29.76,2.62,45.05,,,0,0,0,0.55,0.08,1.04,2.853
21,109,21109,0.6,4.22,0,0.19,1.01,,0.01,0,0.15,0.01,147.61,0,0.02,0,0.1,0.02,0,,0.01,0,,0,25.11,48.89,0,0.19,0,0.27,0.36,37.72,2.56,57.1,,0.53,0,0,0,0,0,0,0
21,110,21110,4.35,9.06,0,0.4,3.72,,0.02,0,0.29,0.02,316.78,0,0,0,0.03,0,0,,0.02,0,4.76,0,6.56,88.09,2.01,0.81,0.99,1.01,5.11,80.95,2.7,122.55,,0.53,0,0,0,0,0,0,2.606
21,111,21111,0.6,4.23,0,0.19,2.11,,0.01,0,0.15,0.01,147.95,0,0,0,0.02,0,0,,0.02,0,,0,4.57,46.24,0.08,0.24,0.66,0.57,1.37,37.81,0.9,57.24,,0.53,0,0,0,0,0,0.01,0.226
21,112,21112,0.3,2.12,0,0.09,2.35,0,0,0,0.08,0.01,74.03,0,0,0,0.01,0,0,,0,0,,0,2.86,24.47,0,0.1,0.33,0.64,1.25,18.92,0.27,28.64,,0.53,0,0,0,0,0,0.01,1.891
21,113,21113,0.13,0.95,0,0.04,2.28,,0,0,0.04,0,33.21,0,0,0,0,0,0,,0,0,,0,0.64,12.63,0,0,0.99,0.62,0.34,8.49,0.45,12.85,,,0,0,0,0,0,0,0.596
21,114,21114,893.2,344.57,848.15,15.26,5.56,,2.42,0.11,13.4,0.82,359.81,0.06,1.73,0.28,10.07,1.76,0.0004,,0.65,0.02,25.31,434.01,2435.15,4750.15,793.72,135.8,354.32,1.51,0.21,3078.36,715.3,4659.91,11.9,,0,0,0,2.49,0.36,21.07,4.304
21,115,21115,5.49,9.85,0,0.44,1.93,,0.02,0,0.3,0.02,344.36,0,0,0,0.02,0,0,,0,0,,0,6.04,94.05,35.79,0.49,3.61,0.53,2.36,88,6.15,133.21,,0.53,0,0,0,0,0,0,2.52
21,116,21116,3.1,4.55,0,0.2,1.86,,0,0,0.13,0.01,158.96,0,0,0,0,0,0,,0.01,0,5.64,0,0.56,37.48,0,0.04,0,0.51,0.56,40.62,0.1,61.49,,,0,0,0,0,0,0,2.301
21,117,21117,0.42,3,0.43,0.13,0.3,,0.02,0,0.1,0.01,104.94,0,0.13,0.02,0.73,0.13,0,,0,0,,0.36,176.63,58.6,0,0.35,3.61,0.08,0.26,26.82,3.89,40.6,,0.53,0,0,0,0,0,0,0.519
21,118,21118,0.79,5.6,0.43,0.25,0.32,,0.01,0,0.16,0.01,195.78,0,0,0,0.01,0,0,,0,0,,0,3.22,50.94,7.42,0.04,2.3,0.09,0.98,50.03,6.72,75.74,,,0,0,0,0,0,0,1.377
21,119,21119,2.62,18.58,2.13,0.82,0.63,,0.05,0,0.67,0.04,31.37,0,0.11,0.02,0.67,0.12,0,,0,0,,13.18,161.41,228.67,123.01,0.28,7.88,0.17,0.41,165.98,35.96,251.25,,,0,0,0,0,0,0.11,0.807
21,120,21120,0.15,1.05,0,0.05,0.82,,0,0,0.03,0,36.63,0,0,0,0,0,0,,0,0,,0,0.16,9.2,0,0,0,0.22,0.17,9.36,0.01,14.17,,0.53,0,0,0,0,0,0,0.022
21,121,21121,0.04,0.3,0,0.01,1.34,0,0,0,0.01,0,10.38,0,0,0,0.01,0,0,,0,0,,0,1.31,3.54,0,0,0,0.36,0,2.65,0,4.02,,,0,0,0,0,0,0.24,0.153
21,122,21122,0.28,1.97,0,0.09,0.34,,0,0,0.07,0,42.43,0,0,0,0.01,0,0,,0,0,1.99,0,1.35,20.68,0,0.02,0,0.09,0.61,17.6,1.05,26.65,,0.53,0,0,0,0,0,0,1.076
21,123,21123,0.14,1,0,0.04,0.46,,0,0,0.03,0,34.93,0,0,0,0,0,0,,0,0,,0,0.16,9.77,0,0.02,0,0.12,0.3,8.93,0,13.51,,,0,0,0,0,0,0,0
21,124,21124,0.44,3.1,0.43,0.14,1.06,0,0.01,0,0.1,0.01,108.51,0,0.02,0,0.11,0.02,0,,0,0,,0,27.5,35.85,0,0.09,2.3,0.29,0.44,27.73,2.95,41.98,,0.53,0,0,0,0,0,0,0.474
21,125,21125,0.23,1.62,1.28,0.07,0.12,,0.01,0,0.01,0,1.52,0,0.03,0,0.17,0.03,0,,0,0,,0.71,40.45,9.54,12.35,0.03,0.66,0.03,0.16,14.46,20.04,21.89,,,0,0,0,0,0,0,0.269
21,126,21126,0.17,1.21,0,0.05,0.26,,0,0,0.04,0,42.37,0,0,0,0,0,0,,0,0,0.22,0,0.32,11.27,0,0.01,0,0.07,0.58,10.83,0.02,16.39,,,0,0,0,0,0,0.01,1.022
21,127,21127,0.13,0.89,0,0.04,1.47,,0,0,0.04,0,31.15,0,0,0,0.01,0,0,,0,0,,0,3.1,11.82,0,0.04,0,0.4,0.22,7.96,0.09,12.05,,,0,0,0,0,0,0,0.359
21,128,21128,3.32,1.72,0,0.08,1.54,,0,0,0.06,0,60.1,0,0,0,0,0,0,,0,0,,0,0.95,17.74,2.61,0.02,0.33,0.42,1.1,15.36,0.4,23.25,,,0,0,0,1.7,0.25,0,2.177
21,129,21129,0.39,2.76,0.85,0.12,3.6,,0,0,0.1,0.01,96.33,0,0,0,0.01,0,0,,0,0,,0,3.5,29.72,0,0.19,0.66,0.98,1.05,24.62,0.35,37.27,,0.53,0,0,0,0,0,0,0.252
21,130,21130,0.11,0.77,0,0.03,1.12,,0,0,0.03,0,26.87,0,0,0,0,0,0,,0,0,,0,0.4,8.67,0,0.01,0,0.3,0.17,6.87,0.73,10.4,,0.53,0,0,0,0.97,0.14,0,3.791
21,131,21131,0.8,0.18,0,0.01,0.26,,0,0,0.01,0,6.2,0,0.01,0,0.03,0.01,0,,0,0,,0,7.23,3.13,0,0.04,0,0.07,0.06,1.58,19.47,2.4,,,0,0,0,0,0,0,0
21,132,21132,4.27,30.22,17.87,1.34,0.74,,0.23,0.01,1.01,0.07,30.36,0,0.21,0.03,1.23,0.21,0,,0.03,0,,16.39,296.47,385.49,71.43,2.56,24.3,0.2,2.26,269.97,71.82,408.67,,,0,0,0,1.24,0.18,0.27,2.69
21,133,21133,0.64,0.18,0,0.01,0.08,,0,0,0.01,0,6.24,0,0,0,0,0,0,,0,0,,0,0.2,2.21,0,0.03,0,0.02,0.15,1.6,0.04,2.41,,,0,0,0,0,0,0,0.347
21,134,21134,0.56,3.96,0,0.18,0.53,,0.01,0,0.13,0.01,138.37,0,0,0,0.01,0,0,,0,0,,1.78,3.3,39.86,21.77,0.04,0,0.14,0.97,35.36,1.27,53.53,,0.53,0,0,0,0,0,0,1.883
21,135,21135,0.02,0.13,0,0.01,0.78,,0,0,0.01,0,4.65,0,0.01,0,0.03,0.01,0,,0,0,,0,7.15,2.93,0,0,0,0.21,0.24,1.19,0.02,1.8,,,0,0,0,0,0,0,0.296
21,136,21136,0.35,2.47,0,0.11,0.07,,0.01,0,0.08,0.01,1.88,0,0.03,0.01,0.19,0.03,0,,0,0,,1.07,46.33,32.58,0,0.07,1.31,0.02,0.12,22.09,8.81,33.44,,,0,0,0,0,0,0,0.215
21,137,21137,0.27,1.94,0,0.09,2.09,,0,0,0.06,0,67.71,0,0,0,0,0,0,,0,0,7.73,0,1.03,18.54,0,0,0,0.57,1.88,17.3,0.51,26.2,,,0,0,0,0,0,2.09,1.492
21,138,21138,0.32,2.26,0,0.1,1.76,0,0.01,0,0.07,0.01,79.03,0,0,0,0.01,0,0,,0,0,46.74,0,1.91,23.48,0,0,0,0.48,0.52,20.2,0.42,30.57,,,0,0,0,0,0,0,0.861
21,139,21139,0.11,0.77,0,0.03,1.07,,0,0,0.03,0,27.01,0,0,0,0.01,0,0,,0,0,,0,1.23,9,0,0.04,1.31,0.29,0.37,6.9,0.31,10.45,,0.53,0,0,0,0,0,0,0.71
21,140,21140,3.71,26.3,12.77,1.16,0.84,,0.15,0.01,0.93,0.06,9.76,0,0.24,0.04,1.37,0.24,0,,0.04,0,,55.59,332.16,351.06,27.48,1.27,26.6,0.23,1.19,235,92.22,355.74,,,0,0,0,2.39,0.34,0.3,2.421
21,141,21141,0.11,0.75,0,0.03,1.62,,0,0,0.03,0,26.14,0,0,0,0.01,0,0,,0,0,,0.36,1.27,9.16,0,0.04,0.33,0.44,0.36,6.68,0.42,10.11,,0.53,0,0,0,0,0,0,0.671
21,142,21142,0.83,5.91,0.43,0.26,2.3,,0.02,0,0.19,0.01,206.44,0,0.04,0.01,0.26,0.05,0,,0,0,28.85,0,62.86,67.78,16.97,0.5,3.61,0.63,3.13,52.76,5.42,79.86,,,0,0,0,0.88,0.13,0.4,6.069
21,143,21143,0.78,5.55,0,0.25,1.21,,0.01,0,0.18,0.01,123.26,0,0.01,0,0.07,0.01,0,,0.01,0,2.09,0,17.05,56.35,14.98,0.4,2.3,0.33,1.41,49.59,10.07,75.07,,0.53,0,0,0,0,0,0,2.69
21,144,21144,0.4,2.82,0,0.12,0.23,,0.04,0,0.08,0.01,98.61,0,0,0,0.01,0,0,,0,0,,0,3.46,31.75,8.34,0,1.97,0.06,0.5,25.2,1.85,38.15,,,0,0,0,0,0,0,0.408
21,145,21145,2.63,2.94,0,0.13,2.58,,0,0,0.09,0.01,102.86,0,0,0,0,0,0,,0.01,0,,0,0.64,27.45,0,0,0,0.7,1.17,26.29,0.88,39.79,,,0,0,0,0,0,0,0
21,146,21146,0.03,0.18,0,0.01,0.46,,0,0,0.01,0,6.44,0,0,0,0.02,0,0,,0,0,,0,5.8,3.56,0,0.01,0,0.12,0.03,1.65,2.02,2.49,,,0,0,0,0,0,0,0
21,147,21147,0.18,1.31,0,0.06,2.79,,0,0,0.05,0,45.77,0,0.01,0,0.05,0.01,0,,0,0,,0,12.83,17.43,0,0.01,0,0.76,1.47,11.7,0.61,17.71,,,0,0,0,0,0,0,0
21,148,21148,0.3,2.13,0,0.09,0.31,,0,0,0.07,0.01,74.52,0,0,0,0,0,0,,0,0,,0,0.28,19.64,0,0.01,0,0.08,0.45,19.04,0.03,28.83,,,0,0,0,0,0,0.15,0.807
21,149,21149,0.61,4.29,0.85,0.19,0.98,,0.01,0,0.01,0.01,48.45,0,0.03,0.01,0.2,0.04,0,,0,0,0.81,9.62,48.96,13.86,3.47,0.09,0.33,0.27,0.73,38.3,3.67,57.97,,0.53,0,0,0,1.28,0.18,0.32,0.097
21,150,21150,3.08,1.46,0,0.06,1.92,,0,0,0.05,0,51,0,0,0,0,0,0,,0,0,,0,0.52,16.19,0,0.04,0,0.52,0.58,13.03,0.47,19.73,,0.53,0,0,0,0,0,0,1.063
21,151,21151,0.25,1.74,0,0.08,0.18,,0.01,0,0.01,0,60.89,0,0,0,0.02,0,0,,0,0,,0,4.01,4.11,12.82,0.19,5.58,0.05,0.33,15.56,3.89,23.55,,,0,0,0,0,0,0,0.265
21,152,21152,7.09,2.58,0,0.11,1.28,,0,0,0.08,0.01,90.1,0,0,0,0.01,0,0,,0,0,1.08,3.21,1.55,24.98,0,0.04,0,0.35,1.47,23.03,0.44,34.86,,,0,0,0,0,0,0,2.962
21,153,21153,0.6,4.22,0.43,0.19,1.87,0,0.01,0,0.15,0.01,147.39,0,0.02,0,0.09,0.02,0,,0,0,,0,22.05,47.96,3.09,0.04,0,0.51,1.05,37.66,2.1,57.02,,0.53,0,0,0,0,0,0.18,1.829
21,154,21154,2.11,14.93,5.11,0.66,1.75,0,0.07,0,0.47,0.04,521.9,0,0.04,0.01,0.24,0.04,0,,0.02,0,,5.34,56.94,160.52,26.61,1.19,20.03,0.48,2.9,133.37,26.08,201.9,,0.53,0,0,0,1.63,0.24,0.27,5.252
21,155,21155,0.17,1.18,0,0.05,1.46,0,0,0,0.04,0,41.08,0,0,0,0,0,0,,0.02,0,,0.36,0.87,12.81,5.94,0.07,0,0.4,0.01,10.5,0.21,15.89,,,0,0,0,0,0,0,0.531
21,156,21156,9.36,60.51,64.69,2.68,5.02,0,0.37,0.02,0.22,0.14,185.78,0.01,0.64,0.1,3.74,0.65,0.0001,,0.14,0,0.94,102.27,903.16,287.15,119.59,4.89,71.59,1.37,2.14,540.54,93.59,818.25,,0.53,0,0.180515353,0,2.89,0.42,2.67,0.926
21,157,21157,0.75,2.39,0,0.11,5.09,,0.01,0,0.01,0.01,83.66,0,0,0,0.02,0,0,,0,0,,0,5.28,5.92,10.02,0.08,2.3,1.39,0.45,21.38,3.72,32.36,,,0,0,0,0,0,0,0.8
21,158,21158,0.96,1.56,0,0.07,1.08,,0,0,0.06,0,54.48,0,0,0,0,0,0,,0,0,,0,0.64,19.02,0,0.04,0,0.29,1.16,13.92,0.23,21.08,,,0,0,0,0,0,0,0
21,159,21159,1.98,0.98,0,0.04,2.5,0,0,0,0.04,0,34.21,0,0.02,0,0.14,0.02,0,,0,0,,0,32.78,16.45,0,0.01,0,0.68,0.51,8.74,0.7,13.23,,,0,0,0,0,0,0,0.847
21,160,21160,1.24,0.69,0,0.03,1.42,0,0,0,0.03,0,24.08,0,0,0,0,0,0,,0,0,,0,0.24,7.73,0,0,0,0.39,0.33,6.15,0.02,9.32,,,0,0,0,0,0,0.1,0.504
21,161,21161,1.67,3.96,0,0.18,2.14,,0.01,0,0.13,0.01,138.57,0,0.13,0.02,0.73,0.13,0,,0,0,1.62,0,176.79,67.31,10.81,0.16,2.63,0.58,1.43,35.41,1.06,53.6,,,0,0,0,1.07,0.16,0,2.968
21,162,21162,0.13,0.95,0,0.04,0.31,,0,0,0.03,0,33.38,0,0,0,0.01,0,0,,0,0,,0,1.39,10.04,0,0.08,0,0.08,0.11,8.53,0.71,12.91,,,0,0,0,0,0,0,0
21,163,21163,0.49,3.45,0.85,0.15,0.85,,0.01,0,0.1,0.01,3.14,0,0,0,0.02,0,0,,0,0,8.02,0,5.05,33.09,7.22,0.14,0.99,0.23,0.62,30.8,2.44,46.62,,,0,0,0,0,0,0,1.076
21,164,21164,18.07,15.57,3.4,0.69,2.59,,0.09,0,0.48,0.04,544.42,0,0.03,0,0.18,0.03,0,,0.02,0,,5.7,42.4,163.3,40.13,0.36,22.66,0.7,2.45,139.13,27.99,210.6,,0.53,0,0,0,2.4,0.35,1.84,4.035
21,165,21165,0.04,0.28,0,0.01,0.27,,0,0,0.01,0,9.85,0,0,0,0.02,0,0,,0,0,,0,4.85,3.17,0,0,0,0.07,0.21,2.52,0.01,3.81,,,0,0,0,0,0,0,0.392
21,166,21166,0.24,1.73,0,0.08,1.47,,0,0,0.06,0,60.52,0,0,0,0,0,0,,0,0,,0,1.19,18.62,4.49,0.07,0.33,0.4,0.58,15.46,0.39,23.41,,0.53,0,0,0,1.26,0.18,0,1.333
21,167,21167,1.42,2.19,0,0.1,0.7,,0,0,0.07,0.01,76.54,0,0,0,0,0,0,,0,0,3.78,0,0.4,20.71,0,0,0,0.19,0.28,19.56,0.27,29.61,,,0,0,0,0,0,0,0
21,168,21168,0.21,1.45,0,0.06,1.22,,0,0,0.05,0,50.77,0,0,0,0,0,0,,0,0,,0,0.99,15.11,0,0.06,0.66,0.33,1.32,12.97,0.33,19.64,,,0,0,0,0,0,0.02,2.865
21,169,21169,0.63,4.44,0,0.2,4.09,,0.01,0,0.15,0.01,155.29,0,0,0,0.02,0,0,,0,0,,0.71,5.4,47.14,11.8,0.07,1.31,1.11,2.62,39.68,0.79,60.07,,,0,0,0,0,0,0.65,0.284
21,170,21170,1.13,3.67,0,0.16,4.77,,0,0,0.12,0.01,128.2,0,0,0,0.01,0,0,,0,0,27.02,0,2.58,36.58,8.38,0,0,1.3,3.19,32.76,0.06,49.59,,0.53,0,0,0,2.4,0.35,0.5,5.885
21,171,21171,0.1,0.69,0,0.03,0.15,,0,0,0.02,0,24.13,0,0.01,0,0.04,0.01,0,,0,0,,0,9.66,8.78,0,0,0,0.04,0.25,6.17,0.46,9.33,,,0,0,0,0,0,0,0.457
21,172,21172,0.8,5.67,0,0.25,3.04,,0.01,0,0.21,0.01,198.28,0,0,0,0.01,0,0,,0.01,0,45.46,1.43,3.3,64.01,0,0.1,1.64,0.83,0.85,50.67,4.49,76.7,,,0,0,0,0,0,0.01,0.036
21,173,21173,0.18,1.29,0,0.06,0.07,,0,0,0.05,0,44.98,0,0.01,0,0.04,0.01,0,,0,0,,0,10.25,16.23,3.66,0.1,2.96,0.02,0.22,11.49,1.96,17.4,,,0,0,0,0,0,0.04,0
21,174,21174,2.91,20.63,23.83,0.91,0.91,,0.12,0.01,0.77,0.05,721.24,0,0.39,0.06,2.29,0.4,0.0001,,0.08,0,0.22,26.37,553.64,329.8,42.16,1.86,28.9,0.25,0.57,184.32,32.6,279.01,,,0,0,0,0.25,0.04,0.08,0
21,175,21175,1.14,2.25,0,0.1,1.52,,0,0,0.07,0.01,78.54,0,0,0,0,0,0,,0,0,8.8,0,0.72,22.32,0,0,0.33,0.41,0.44,20.07,0.7,30.38,,,0,0,0,0,0,0.03,0.807
21,176,21176,3.1,1.9,0,0.08,0.89,0,0,0,0.07,0,66.43,0,0,0,0,0,0,,0,0,,0,0.56,21.5,0,0,1.31,0.24,0.95,16.98,0.41,25.7,,0.53,0,0,0,0,0,0,2.173
21,177,21177,1.46,10.34,0,0.46,4.24,,0.02,0,0.32,0.02,361.38,0,0.03,0.01,0.18,0.03,0,,0.02,0,0.65,0.36,44.19,104.18,13.11,0.3,3.61,1.16,2.42,92.35,10.89,139.8,,0.53,0,0,0,1.87,0.27,0,4.713
21,178,21178,0.55,3.9,0,0.17,1.84,,0,0,0.13,0.01,136.17,0,0,0,0,0,0,,0,0,,0,0.99,39.75,0,0.06,0,0.5,1.25,34.8,0.57,52.68,,0.53,0,0,0,0,0,0,0
21,179,21179,0.88,6.21,0,0.28,4.42,0,0.01,0,0.19,0.01,217.15,0,0.01,0,0.06,0.01,0,,0,0,17.7,0,14.38,59.5,3.04,0.23,1.64,1.2,4.31,55.49,3.61,84,,,0,0,0,0,0,0,8.214
21,180,21180,5.22,7.85,0.43,0.35,3.22,0,0.01,0,0.25,0.02,274.25,0,0.01,0,0.03,0.01,0,,0,0,26.14,0,8.27,77.74,0,0.07,1.97,0.88,3.09,70.09,2.84,106.09,,0.53,0,0,0,0,0,0,5.38
21,181,21181,0.19,1.32,0,0.06,0.13,,0,0,0.04,0,0.77,0,0,0,0.01,0,0,,0,0,,0,1.83,13.97,0,0.03,0,0.04,0.61,11.76,0.4,17.8,,,0,0,0,0,0,0,1.076
21,182,21182,0.15,1.07,0,0.05,0.15,,0,0,0.03,0,37.48,0,0,0,0.03,0,0,,0,0,,0,6.36,10.33,0,0,0,0.04,0.22,9.58,2.56,14.5,,,0,0,0,0,0,0,0.429
21,183,21183,0.62,4.41,0,0.2,1.52,,0,0,0.14,0.01,154.11,0,0,0,0,0,0,,0.01,0,,0,0.44,41.57,0,0.04,0,0.41,1.12,39.38,0.13,59.62,,,0,0,0,0,0,0,0
21,184,21184,0.2,1.4,0,0.06,0.65,,0,0,0,0,48.92,0,0,0,0,0,0,,0,0,,0,0.16,1.91,0,0.01,0,0.18,0.59,12.5,0,18.92,,,0,0,0,0,0,0,0
21,185,21185,2.87,1.85,0,0.08,0.8,,0,0,0.07,0,64.8,0,0,0,0.01,0,0,,0,0,,0,1.43,19.73,0,0.14,0,0.22,1.19,16.56,0.45,25.07,,0.53,0,0,0,0,0,0,2.548
21,186,21186,1.54,10.93,3.4,0.48,2.92,0,0.02,0,0.38,0.03,382.23,0,0.03,0,0.17,0.03,0,,0.02,0,12.18,0.36,41.37,120.55,10.44,0.31,3.28,0.79,3.12,97.68,6.92,147.87,,,0,0,0,1.12,0.16,0.01,0
21,187,21187,0.17,1.23,0,0.05,0.54,,0,0,0.04,0,43.16,0,0,0,0,0,0,,0,0,,0,0.56,13.17,0,0.04,0,0.15,0.64,11.03,0.14,16.7,,0.53,0,0,0,0,0,0,0
21,188,21188,1,3.47,0,0.15,2.23,,0,0,0,0.01,121.23,0,0,0,0.01,0,0,,0,0,5.72,0,3.06,2.7,0,0.06,0,0.61,0.88,30.98,1.44,46.9,,,0,0,0,0,0,0,1.614
21,189,21189,0.6,4.22,0,0.19,1.19,,0.01,0,0.14,0.01,147.58,0,0,0,0.03,0,0,,0,0,,0,6.12,43.94,3.6,0.24,3.61,0.33,0.99,37.71,4.86,57.09,,0.53,0,0,0,0,0,0,1.454
21,190,21190,0.04,0.25,0,0.01,1.55,,0,0,0.01,0,8.83,0,0,0,0,0,0,,0,0,,0,0.36,3.67,0,0,0,0.42,0.11,2.26,0.08,3.42,,,0,0,0,0,0,0,0.153
21,191,21191,0.28,1.98,0.85,0.09,3.15,,0.01,0,0.08,0,69.07,0,0,0,0.02,0,0,,0.01,0,,1.43,5.4,25.6,5.44,0.17,2.63,0.86,0.35,17.65,10.16,26.72,,,0,0,0,0,0,0,0.619
21,192,21192,1.09,1.36,0,0.06,0.39,,0,0,0.05,0,47.48,0,0,0,0.01,0,0,,0,0,,0,1.79,14.57,0,0.1,0.33,0.11,0.52,12.13,0.2,18.37,,,0,0,0,0,0,0,0
21,193,21193,0.19,1.34,0,0.06,2.82,0,0,0,0.05,0,46.68,0,0,0,0.02,0,0,,0,0,,0,5.6,15.35,0,0,0,0.77,0.78,11.93,2.37,18.06,,0.53,0,0,0,0,0,0,1.399
21,194,21194,0.87,6.14,1.28,0.27,3.27,,0.02,0,0.23,0.01,214.54,0,0.01,0,0.06,0.01,0,,0,0,,0,14.78,73.6,8.64,0.42,6.24,0.89,1.26,54.83,5.85,82.99,,0.53,0,0,0,0,0,0,0.301
21,195,21195,0.67,4.73,0,0.21,2.67,,0,0,0.01,0.01,165.3,0,0,0,0,0,0,,0.02,0,,0,1.11,6.45,0,0,0,0.73,1.37,42.24,0.13,63.95,,0.53,0,0,0,0,0,0,0
21,196,21196,0.04,0.31,0,0.01,0.51,,0,0,0.01,0,10.81,0,0,0,0,0,0,,0,0,,0,0.56,4.31,0,0,0,0.14,0.06,2.76,0.09,4.18,,,0,0,0,0,0,0,0.098
21,197,21197,2.34,16.57,10.21,0.73,3.26,,0.07,0,0.57,0.04,579.25,0,0.04,0.01,0.2,0.04,0,,0.03,0,,8.2,49.35,187.29,28.77,1.47,24.63,0.89,2.22,148.03,26.18,224.08,,0.53,0,0,0,0,0,0.16,0
21,198,21198,0.04,0.29,0,0.01,2.13,,0,0,0.01,0,10,0,0,0,0,0,0,,0,0,,0,0.08,2.91,0,0,0,0.58,0.16,2.56,0,3.87,,,0,0,0,0,0,0,0.237
21,199,21199,1.13,8.02,0,0.36,1.4,,0.01,0,0.24,0.02,280.29,0,0.02,0,0.13,0.02,0,,0,0,16.9,0.36,30.68,76.84,0,0.57,5.25,0.38,1.35,71.63,4.37,108.43,,,0,0,0,0,0,0,0
21,200,21200,0.13,0.9,0,0.04,0.66,,0,0,0.03,0,31.4,0,0,0,0.01,0,0,,0,0,,0,1.27,10.4,0,0.21,0,0.18,0.38,8.02,0.48,12.15,,,0,0,0,0,0,0,0
21,201,21201,2.23,0.71,0,0.03,0.47,,0,0,0.03,0,24.65,0,0,0,0,0,0,,0,0,,0,0.44,7.75,0,0,0,0.13,0.27,6.3,0.49,9.54,,0.53,0,0,0,0,0,0.07,0.536
21,202,21202,0.38,2.72,0,0.12,0.89,,0,0,0.09,0.01,95.2,0,0,0,0.01,0,0,,0,0,1.62,0,3.18,27.42,0,0.07,0,0.24,0.32,24.33,0.14,36.83,,,0,0,0,0,0,0,0
21,203,21203,0.18,1.25,0,0.06,1.61,,0,0,0.05,0,43.67,0,0,0,0,0,0,,0,0,,0,0.99,14.13,0,0.05,0,0.44,0.76,11.16,0.35,16.89,,,0,0,0,0,0,0,1.635
21,204,21204,0.23,1.66,0,0.07,0.36,,0,0,0.05,0,57.98,0,0,0,0.02,0,0,,0,0,2.16,0,5.17,17.07,0,0.07,0.99,0.1,0.46,14.82,1.21,22.43,,,0,0,0,0,0,0,0
21,205,21205,0.68,4.84,0,0.21,1.18,,0.01,0,0.15,0.01,169.23,0,0.01,0,0.06,0.01,0,,0,0,,0,14.19,48.84,0,0.13,1.31,0.32,1.1,43.25,5.21,65.46,,0.53,0,0,0,0.88,0.13,0,2.32
21,206,21206,0.74,0.91,0,0.04,2.65,0,0,0,0.03,0,31.74,0,0,0,0,0,0,,0.05,0,,0,1.07,10.44,0,0.06,0,0.72,1.03,8.11,0.32,12.28,,,0,0,0,0,0,0,0.31
21,207,21207,2.76,11.7,2.55,0.52,1.97,,0.03,0,0.38,0.03,408.95,0,0.02,0,0.12,0.02,0,,0,0,0.32,2.14,29.64,123.47,12.79,0.5,11.49,0.54,1.07,104.51,16.16,158.2,,,0,0,0,0,0,0.07,0
21,208,21208,2.29,16.19,9.79,0.72,4.89,,0.05,0,0.06,0.04,566.11,0,0.03,0,0.16,0.03,0,,0,0,33.23,7.48,37.79,37.59,29.65,1.63,8.54,1.33,3.53,144.67,24.71,219,,0.53,0,0,0,0,0,0.09,0.03
21,209,21209,0.25,1.8,0,0.08,5,0,0,0,0.07,0,63.02,0,0,0,0.02,0,0,,0,0,,0,4.45,20.09,0.39,0.05,0,1.36,0.63,16.11,0,24.38,,0.53,0,0,0,0,0,0.75,0.027
21,210,21210,0.17,1.2,0,0.05,0.23,,0,0,0.04,0,41.98,0,0,0,0.01,0,0,,0.01,0,,0,2.07,12.99,0,0.13,0,0.06,0.37,10.73,1.35,16.24,,,0,0,0,0,0,0,0
21,211,21211,0.47,3.35,1.28,0.15,0.27,,0.02,0,0.12,0.01,117.16,0,0,0,0.03,0,0,,0,0,0.84,1.43,6.08,39.3,7.22,0.27,0.99,0.07,0.63,29.94,4.03,45.32,,,0,0,0,1.31,0.19,0,0
21,212,21212,1.3,4.31,0,0.19,2.87,,0.01,0,0.14,0.01,150.52,0,0.02,0,0.14,0.02,0,,0,0,11.7,0,33.3,47.21,0,0.06,0.99,0.78,0.57,38.46,0.83,58.23,,,0,0,0,0,0,0,0
21,213,21213,0.4,2.84,0,0.13,1.54,,0,0,0.09,0.01,99.12,0,0,0,0,0,0,,0,0,,0,1.03,27.35,0,0.04,0,0.42,1.73,25.33,0.21,38.34,,,0,0,0,0,0,0,0
21,214,21214,0.48,3.38,2.55,0.15,0.54,,0.01,0,0.11,0.01,118.15,0,0.02,0,0.11,0.02,0,,0,0,,0,25.47,39.2,8.35,0.63,0,0.15,0.55,30.19,2.31,45.7,,0.53,0,0,0,0.91,0.13,0,0.523
21,215,21215,0.14,1.01,0,0.04,0.42,,0,0,0.03,0,35.42,0,0,0,0.01,0,0,,0,0,,0,1.91,10.3,0,0.09,0,0.11,0.42,9.05,0.08,13.7,,,0,0,0,0,0,0,0
21,216,21216,0.09,0.61,0,0.03,0.22,,0,0,0.02,0,21.28,0,0,0,0,0,0,,0,0,,0,0.36,6.93,3.8,0.01,0,0.06,0.31,5.44,0.03,8.23,,,0,0,0,0,0,0,0
21,217,21217,0.61,4.33,0,0.19,2.68,,0.01,0,0.13,0.01,151.5,0,0,0,0.02,0,0,,0.01,0,,0,3.66,41.82,0,0.13,0.33,0.73,0.73,38.72,1.23,58.61,,,0,0,0,0,0,0,0
22,1,22001,7.8,35.35,4.26,0.58,13.95,,0,0,0.42,0.01,457.67,0,0.06,0.03,0.6,0.04,0,,0.01,0,14.97,1.43,89.84,136.38,25.46,0.32,4.27,3.8,8.57,116.96,6.16,177.05,,0.06,0,0,0,0,0,0.01,14.5
22,2,22002,4.54,15.86,0,0.26,5.61,,0,0,0.18,0.01,205.3,0,0,0,0.01,0,0,,0,0,31.25,0,0.79,56.71,0.58,0.03,0,1.53,0.58,52.46,0.24,79.42,,,0,0,0,0,0,0,0
22,3,22003,1.63,7.82,0,0.13,3.68,,0,0,0.11,0,101.28,0,0,0,0,0,0,,0,0,0.06,0,0.6,32.82,3.06,0.42,0,1,0.83,25.88,0.07,39.18,,,0,0,0,0,0,0,0.869
22,4,22004,8.43,35.82,3.83,0.59,12.27,0,0.03,0,0.44,0.02,463.73,0,0.03,0.01,0.27,0.02,0,,0.07,0,20.42,0,40.69,141.38,24.1,0,6.9,3.34,3.47,118.51,6.98,179.39,,,0,0,0,0,0,1.52,6.395
22,5,22005,13.11,32.33,0,0.53,7.54,0,0.01,0,0.35,0.01,418.5,0,0.02,0.01,0.15,0.01,0,,0,0,0.43,0.36,22.89,111.25,19.74,0.07,0,2.05,5.63,106.95,1.03,161.9,,0.06,13.538,1.8385,0,1.99,0.29,4.93,11.468
22,6,22006,17.73,65.26,7.66,1.07,4.03,0,0.07,0,0.87,0.03,320.63,0,0.19,0.08,1.81,0.11,0,,0,0,5.29,18.17,269.37,298.84,94.72,3.58,10.51,1.1,1.76,215.9,69.3,326.83,,0.06,0,0,0,0,0,0.15,3.077
22,7,22007,4.54,21.75,3.83,0.36,4.09,,0.04,0,0.26,0.01,281.53,0,0.04,0.02,0.35,0.02,0,,0,0,,0.71,51.54,92.73,23.23,0.63,5.25,1.11,1.29,71.95,13.83,108.91,,,0,0,0,0,0,1.33,2.524
22,8,22008,7.77,20.49,0,0.34,5.98,0.02,0,0,0.23,0.01,492.72,0,0,0,0.01,0,0,,0.02,0,24.82,0,1.75,70.33,8.91,0,0,1.63,4.07,67.8,0.92,102.64,,,0,0,0,0,0,0.02,6.584
22,9,22009,2.88,13.79,0,0.23,5.2,,0.02,0,0.18,0.01,178.55,0,0,0,0.02,0,0,,0.03,0,18.48,0,3.3,56.87,18.85,0.13,1.64,1.42,0.82,45.63,2.34,69.07,,,0,0,0,0,0,0,0.662
22,10,22010,3.01,11.84,0,0.19,5.97,,0,0,0.15,0,153.26,0,0,0,0,0,0,,0,0,2.43,0,0,46.83,8.61,0,0,1.62,0.91,39.16,0,59.29,,,0,0,0,0,0,0,0.91
22,11,22011,12.89,49.93,334.07,0.82,7.69,0.07,0.04,0,0.59,0.02,618.83,0,0.29,0.13,2.7,0.17,0.0001,,0,0,47.88,0.36,401.61,223.6,88.03,0.32,0.33,2.09,6.46,165.2,102.08,250.07,,0.06,13.538,1.8385,0,7.75,1.12,1.05,11.152
22,12,22012,7.4,35.41,4.26,0.58,4.39,,0.04,0,0.42,0.01,458.45,0,0.04,0.02,0.34,0.02,0,,0,0,10.21,1.07,50.9,140.55,23.12,2.43,5.25,1.2,5.8,117.16,10.41,177.35,,0.06,0,0,0,3.16,0.46,0.05,12.402
22,13,22013,2.23,10.65,0,0.17,7.47,,0,0,0.13,0,137.87,0,0,0,0,0,0,,0.01,0,,0,0.4,39.39,3.58,0.04,0,2.03,0.84,35.23,0.14,53.33,,,0,0,0,0,0,0,0.877
22,14,22014,287.67,459.7,901.77,7.54,11.78,0.02,1.3,0.04,6.14,0.19,859.18,0.03,1.16,0.51,11.01,0.7,0.0002,,0.24,0.03,6.01,139.68,1638.09,2253.32,608.16,19.82,159.27,3.21,4.27,1520.88,753.06,2302.26,12.61,0.06,0,0,0,4.57,0.66,14.44,6.62
22,15,22015,1,4.78,0,0.08,2.88,,0,0,0.06,0,61.89,0,0,0,0.01,0,0,,0.01,0,0.39,0,0.83,18.89,3.98,0.05,0.33,0.78,0.51,15.82,0.59,23.94,,,0,0,0,0,0,0,0.248
22,16,22016,126.32,130.54,449.82,2.14,8.52,0,0.24,0.01,0.17,0.06,1689.92,0.01,0.78,0.34,7.38,0.47,0.0002,,0.07,0,4.39,28.86,1098.11,216.92,150.12,2.55,48.27,2.32,10.41,431.86,156.7,653.74,,0.06,0,0,0,10.16,1.47,4.35,20.345
22,17,22017,7.19,34.4,22.13,0.56,4.49,0.05,0.06,0,0.43,0.01,445.29,0,0.05,0.02,0.47,0.03,0,,0,0,7.94,3.56,70.41,148.78,31.2,0.63,4.93,1.22,2.87,113.79,91.58,172.26,,0.06,0,0,0,3.05,0.44,0.01,5.052
22,18,22018,5.39,15.01,0,0.25,6.7,0,0.01,0,0.16,0.01,194.26,0,0.01,0,0.06,0,0,,0.01,0,,0,8.54,51.48,5.62,0.03,0.66,1.83,0.53,49.64,0.6,75.15,,,0,0,0,0,0,0.89,0.456
23,1,23001,45.36,0,5.96,0.75,2.68,,0.05,0,0.51,0,593.35,0,0.02,0,0,0.01,0,,0.03,0.01,,23.87,26.58,206.65,55.74,5.62,16.75,0.73,0,151.63,26.09,229.53,,,25.21,2,6.512,0,0,16.28,0
23,2,23002,0.81,0,5.53,0.67,45.71,0,0.04,0,0.36,0,529.95,0,0.01,0,0,0.01,0,,0.04,0.01,107.47,2.14,14.98,146.36,25.57,0.25,3.28,12.44,3.34,135.43,18.19,205.01,,,0,0,0.591,0,0,0.21,0.551
23,3,23003,9.48,0,1.28,0.14,1.57,,0.03,0,0.09,0,34.23,0,0,0,0,0,0,,0,0,8.89,2.85,2.5,42,6.35,0.07,0.99,0.43,0,27.58,1.51,41.76,,,0,0,2.821,0,0,0,0
23,4,23004,42.2,0,30.21,2.26,91.87,0.01,0.26,0,1.45,0,1781.53,0.01,0.08,0,0,0.05,0,,0.12,0.02,430.24,22.45,110.71,617.7,109.86,2.62,57.47,25.01,8.38,455.27,145.1,689.18,,53.72,16.401,4.307,0.689,0,0,5.56,48.091
23,5,23005,453.65,0,405.14,5.88,11.96,,1.3,0,3.94,0,323.04,0.02,0.14,0,0,0.08,0,,0.06,0.07,21.02,324.97,197.77,1784.48,434.47,10.11,139.56,3.26,0.01,1187,179.7,1796.84,1.03,,86.814,29.725,0,0,0,20.07,0
23,6,23006,1.76,0,1.28,0.34,26.07,0,0.01,0,0.18,0,265.46,0,0.01,0,0,0,0,,0.01,0,7.95,0.71,7.87,72.46,15.16,0.16,1.31,7.1,1.1,67.84,17.01,102.69,,,0,0,0.194,0,0,0.09,1.497
23,7,23007,106.67,0,0,0.23,13.98,,0.01,0,0.13,0,181.86,0,0,0,0,0,0,,0.02,0,25.59,0.36,4.77,53.65,9.79,0.18,1.64,3.81,0.65,46.48,2.6,70.35,,,0,0,0,0,0,0.07,0.194
23,8,23008,0.49,0,4.68,1.39,14.85,0.03,0.31,0,0.95,0,1098.54,0.01,0.02,0,0,0.01,0,,0.03,0.02,5.19,45.25,27.82,428.53,170.16,1.31,14.45,4.04,0.49,280.73,29.03,424.97,,,0,0,0.013,0,0,2.16,0
24,1,24001,1.87,4.49,0,0.18,5.4,0,0.01,0,0.09,0,141.28,0,0,0,0.02,0,0,,0,0,1.03,0,3.22,38.17,7.6,0.35,0.33,1.47,0.06,36.1,2.28,54.65,,,0,0,0,3.05,0.44,0,1.716
24,2,24002,0.84,2.02,0,0.08,4.13,,0,0,0.05,0,63.48,0,0,0,0,0,0,,0,0,,0,0.56,19.18,0,0.03,0,1.12,0.14,16.22,0.05,24.56,,,0,0,0,1.33,0.19,0,1.519
24,3,24003,4.83,11.62,0,0.46,9.54,0,0,0,0.24,0.01,365.4,0,0,0,0.01,0,0,,0.02,0,0.27,0,1.51,96.38,5.01,0.04,0,2.6,0.48,93.38,0.29,141.35,,7.77,0,0,0,0,0,0.03,2.805
24,4,24004,0.48,1.16,0,0.05,4.56,0.01,0,0,0.03,0,36.53,0,0,0,0.01,0,0,,0,0,,0,0.87,11.97,0,0.02,0,1.24,0.08,9.33,0.02,14.13,,,0,0,0,0,0,0.09,2.188
24,5,24005,1.91,4.59,3.83,0.18,3.2,,0.03,0,0.11,0,144.33,0,0.01,0.01,0.06,0,0,,0,0,,0.36,8.34,51.15,9.94,1.31,2.96,0.87,0.14,36.88,5.54,55.83,,,0,0,0,2.01,0.29,0.01,2.145
24,6,24006,0.98,2.36,0,0.09,7.25,0,0.01,0,0.05,0,74.25,0,0,0,0,0,0,,0,0,,0,0.56,22.04,0,0,0,1.97,0.17,18.97,0.89,28.72,,,0,0,0,3.71,0.54,0,1.78
24,7,24007,1.82,4.37,0,0.17,8.23,0,0.02,0,0.09,0,137.39,0,0.02,0.02,0.16,0.01,0,,0,0,,0,23.88,41.53,12.78,0.15,0.99,2.24,0.34,35.11,3.82,53.15,,,0,0,0,1.89,0.27,0,4.387
24,8,24008,2.19,5.27,5.53,0.21,7.34,0,0.03,0,0.13,0.01,165.58,0,0.01,0.01,0.08,0,0,,0,0,0.38,1.07,12.24,59.31,9.59,1.37,6.24,2,0.43,42.31,6.35,64.05,,,0,0,0,0.98,0.14,0,8.894
24,9,24009,0.35,0.85,0,0.03,1.23,0.03,0,0,0.02,0,26.57,0,0,0,0,0,0,,0.02,0,0.11,0,0.28,8.22,0,0,0,0.33,0.02,6.79,0.2,10.28,,,0,0,0,0,0,0,0.647
24,10,24010,3.2,7.7,0.85,0.31,16.21,0,0.02,0,0.17,0.01,242.02,0,0,0.01,0.04,0,0,,0,0,75.06,1.07,5.8,70.98,12.15,2.26,4.27,4.41,0.45,61.85,8.86,93.63,,7.77,0,0,0,2.39,0.34,0,7.83
24,11,24011,4.4,10.58,0,0.42,5.69,0,0.03,0,0.24,0.01,181.09,0,0.01,0.02,0.12,0,0,,0,0,0.38,1.43,17.72,104.37,17.31,1.3,2.63,1.55,0.72,85.05,4.65,128.74,,,0,0,0,1.19,0.17,0,14.185
24,12,24012,2.2,5.28,0,0.21,5.33,0,0.01,0,0.11,0.01,166.14,0,0,0,0.01,0,0,,0,0,,0,1.15,45.21,0,0.01,0,1.45,0.13,42.46,50.34,64.27,,7.77,0,0,0,0,0,0.03,0.54
24,13,24013,61.9,40.44,45.54,1.61,22.56,0.01,0.22,0.01,1.01,0.04,1271.59,0.01,0.09,0.12,0.88,0.03,0,,0.15,0.01,4.54,22.09,130.61,458.05,100.66,2.43,69.95,6.14,1.21,324.96,27.12,491.91,,7.77,0,0,0,4.25,0.61,0.72,36.13
24,14,24014,1.83,4.39,0,0.17,5.88,,0,0,0.1,0,138.12,0,0,0,0.02,0,0,,0,0,,0,2.42,39.28,0,0.01,0.66,1.6,0.22,35.3,0.4,53.43,,7.77,0,0,0,0,0,0,0
24,15,24015,2.16,5.2,0.85,0.21,8.35,0.02,0.02,0,0.13,0.01,163.53,0,0.03,0.04,0.31,0.01,0,,0,0,,0,45.7,56.8,7.34,1.01,0.66,2.27,0.37,41.79,5.94,63.26,,,0,0,0,4.5,0.65,2.81,8.807
24,16,24016,4.1,9.86,0.85,0.39,5.55,0.08,0.04,0,0.24,0.01,310.05,0,0.02,0.03,0.22,0.01,0,,0.03,0,,3.92,33.14,107.4,23.05,0.66,11.82,1.51,2.02,79.23,11.32,119.94,,7.77,0,0,0,2.44,0.35,0.05,70.816
24,17,24017,2.67,6.42,0,0.26,19.36,0,0,0,0.14,0.01,201.8,0,0,0,0.03,0,0,,0,0,0.49,0,4.69,57.24,9.88,0.07,0,5.27,0.74,51.57,0.72,78.06,,,0,0,0,1.07,0.15,0.01,9.423
24,18,24018,1.58,3.81,0,0.15,4.02,,0,0,0.08,0,119.72,0,0,0,0.03,0,0,,0,0,,0,4.17,33.45,6.61,0,0.66,1.09,0.11,30.59,0.13,46.31,,7.77,0,0,0,0,0,0,0
24,19,24019,0.61,1.46,0,0.06,3.72,,0,0,0.04,0,45.78,0,0,0,0,0,0,,0,0,12.48,0,0.16,15.64,0,0.01,0,1.01,0.14,11.7,0.04,17.71,,,0,0,0,0,0,0,1.952
24,20,24020,8.86,21.33,40.43,0.85,11.76,0.01,0.13,0,0.49,0.02,670.63,0,0.14,0.19,1.37,0.05,0,,0.03,0,,6.77,203.89,231.63,69.05,9.61,22.33,3.2,0.57,171.38,86.93,259.43,,7.77,0,0,0,0.73,0.11,0.13,11.155
24,21,24021,5.2,12.5,0,0.5,7.15,0.02,0,0,0.25,0.01,393.04,0,0.03,0.04,0.26,0.01,0,,0,0,2.15,0,38.31,103.37,7.51,0.01,0,1.95,0.18,100.44,0.9,152.05,,,0,0,0,3.3,0.48,0,5.925
24,22,24022,1.97,4.73,0.43,0.19,8.24,0.01,0.01,0,0.1,0,148.71,0,0.01,0.01,0.05,0,0,,0,0,,0,7.63,43.85,7.66,0.55,1.31,2.24,0.21,38,2.16,57.53,,,0,0,0,1.98,0.29,0,6.432
24,23,24023,1.57,3.77,0,0.15,6.03,,0.01,0,0.09,0,118.49,0,0,0,0.03,0,0,,0,0,0.05,0,3.74,38.91,12.25,0.48,1.64,1.64,0.42,30.28,2.42,45.84,,,0,0,0,1.9,0.27,0,7.321
24,24,24024,9.21,22.16,12.34,0.88,18.1,0,0.12,0,0.52,0.02,580.35,0,0.02,0.03,0.23,0.01,0,,0.06,0,14.78,9.98,34.93,232.44,54.76,1.99,31.52,4.93,0.94,178.05,30.58,269.52,,,0,0,0,5.08,0.73,0.12,13.781
24,25,24025,2.89,6.96,2.13,0.28,5.95,0,0.03,0,0.15,0.01,218.76,0,0.01,0.02,0.14,0,0,,0.02,0,,0.71,20.86,66.24,20.53,3.19,5.58,1.62,0.83,55.9,10.27,84.62,,,0,0,0,3.81,0.55,0.01,29.649
24,26,24026,0.99,2.39,0,0.1,3.48,0.02,0,0,0.05,0,75.18,0,0,0,0,0,0,,0,0,,0,0.52,19.24,0,0,0,0.95,0.1,19.21,0.08,29.08,,7.77,0,0,0,0,0,0,0
24,27,24027,5.16,2.55,0.43,0.1,3.23,,0.01,0,0.01,0,80.13,0,0,0,0.03,0,0,,0,0,,0,4.09,6.19,7.48,0.58,2.96,0.88,0.18,20.48,3.26,31,,,0,0,0,0,0,0,0.426
24,28,24028,538.47,188.46,475.35,7.51,13.52,0.02,1.24,0.04,4.55,0.19,504.61,0.03,1.68,2.2,15.9,0.54,0.0003,,0.41,0.03,0.55,188.5,2366.05,2187.46,566.88,132.92,201.63,3.68,0.34,1514.28,781.44,2292.26,6.44,,0,0,0,4.3,0.62,13.42,10.871
24,29,24029,2.31,5.56,0,0.22,7.62,0,0,0,0.12,0.01,174.91,0,0,0,0.01,0,0,,0.01,0,,0,1.95,49.12,0,0.1,0.33,2.07,0.24,44.7,0.89,67.66,,7.77,0,0,0,0,0,0,0.121
24,30,24030,0.59,1.43,0,0.06,4.67,0,0,0,0.04,0,44.97,0,0,0,0,0,0,,0,0,,0,0.24,15.29,0,0,0,1.27,0.12,11.49,0.11,17.4,,,0,0,0,0,0,0,0.22
24,31,24031,1.17,2.81,0,0.11,4.85,,0,0,0.06,0,88.44,0,0,0,0,0,0,,0,0,15.75,0,0,22.53,0,0,0,1.32,0.06,22.6,0,34.21,,,0,0,0,0,0,0,0.807
24,32,24032,4,9.61,0,0.38,11.16,0.02,0.03,0,0.21,0.01,302.3,0,0.01,0.01,0.08,0,0,,0,0,2.3,1.07,11.6,90.68,26.82,1.89,3.94,3.04,0.11,77.25,7.16,116.94,,,0,0,0,0,0,0.05,3.333
24,33,24033,1.21,2.92,0,0.12,7.97,0,0,0,0.07,0,91.87,0,0,0,0,0,0,,0,0,,0,0.16,27.6,7.55,0.01,0,2.17,1.1,23.48,0.22,35.54,,,0,0,0,0,0,0,38.826
24,34,24034,1.43,3.44,0,0.14,11.19,0,0.01,0,0.08,0,108.29,0,0,0,0.03,0,0,,0.01,0,,0,4.21,33.34,3.35,0.08,1.31,3.05,0.19,27.67,1.62,41.89,,7.77,0,0,0,0,0,0.01,6.632
24,35,24035,24.3,58.48,14.47,2.33,5.3,0,0.17,0.01,1.36,0.06,131.58,0.01,0.16,0.21,1.54,0.05,0,,0.07,0.01,0.43,30.64,229.79,592.42,71.74,4.61,61.74,1.44,0.16,469.86,90.25,711.25,,,4.29,0.407,0,0,0,1.52,5.572
24,36,24036,2.88,6.94,0,0.28,8.44,0.02,0.02,0,0.17,0.01,218.13,0,0.02,0.02,0.17,0.01,0,,0.01,0,43.01,0.71,24.64,72.27,6.08,0.1,3.61,2.3,0.48,55.74,4.25,84.38,,7.77,0,0,0,0,0,0,14.826
24,37,24037,10.05,24.19,5.11,0.96,18.27,,0.04,0,0.5,0.02,760.49,0,0.01,0.01,0.07,0,0,,0.03,0,,0.71,10.49,211.58,37.11,0.58,5.25,4.97,0.57,194.34,8.29,294.19,,7.77,0,0,0,0,0,0.04,0.038
24,38,24038,1.69,4.07,0,0.16,4.99,0.02,0,0,0.08,0,127.82,0,0,0,0,0,0,,0,0,,0.36,0.56,34.69,0,0.04,0,1.36,0.16,32.66,0.37,49.45,,7.77,0,0,0,0,0,0,0
24,39,24039,1.47,3.55,0,0.14,6.69,,0,0,0.07,0,111.55,0,0,0,0.01,0,0,,0,0,,0.36,1.59,30.43,0,0.02,0,1.82,0.15,28.51,0.11,43.15,,7.77,0,0,0,0,0,0,0.389
24,40,24040,3.8,9.14,1.7,0.36,11.46,0,0.03,0,0.22,0.01,287.35,0,0.03,0.04,0.29,0.01,0,,0.01,0,7.19,2.14,43.19,95.33,17.95,1.05,9.19,3.12,0.89,73.43,6.98,111.16,,7.77,0,0,0,6.38,0.92,0.57,31.296
24,41,24041,2.04,4.91,0,0.2,5.36,0,0,0,0.1,0.01,154.53,0,0,0,0.02,0,0,,0.01,0,7.02,0,2.82,40.55,0,0.13,0,1.46,0.21,39.49,0.51,59.78,,7.77,0,0,0,0,0,0,1.364
24,42,24042,1.43,3.45,1.7,0.14,5.36,0,0.01,0,0.08,0,108.54,0,0.01,0.01,0.07,0,0,,0,0,,0.36,10.13,33.84,9.16,0.18,2.63,1.46,0.12,27.74,4.13,41.99,,,0,0,0,0,0,0.01,0.043
24,43,24043,0.96,2.32,0,0.09,4.3,,0.01,0,0.05,0,72.94,0,0,0,0.02,0,0,,0,0,1.21,0,2.54,22.34,1.39,0.43,0,1.17,0.03,18.64,0.38,28.22,,,0,0,0,0,0,0.01,0.928
24,44,24044,0.76,1.83,0,0.07,6.69,0,0,0,0.04,0,57.54,0,0,0,0.03,0,0,,0,0,,0,4.41,16.56,2.17,0.12,0.99,1.82,0.26,14.7,0.45,22.26,,7.77,0,0,0,8.06,1.16,0,7.711
24,45,24045,1.49,3.6,0.43,0.14,6.36,0.02,0.01,0,0.08,0,113.07,0,0.01,0.01,0.07,0,0,,0,0,,0.36,10.81,36.56,6.33,0.12,0.33,1.73,0.45,28.9,2.89,43.74,,,0,0,0,5.5,0.79,0,10.406
24,46,24046,1.6,3.86,0,0.15,4.76,,0.01,0,0.08,0,121.21,0,0.01,0.01,0.09,0,0,,0,0,,0,13.95,34.5,8.82,0.34,1.97,1.3,0.96,30.98,1.9,46.89,,7.77,0,0,0,0,0,0,33.664
24,47,24047,0.99,2.38,0,0.09,8.06,0.03,0,0,0.05,0,74.89,0,0,0,0,0,0,,0,0,0.32,0,0.12,22.61,16.04,0,0,2.19,0.38,19.14,0.05,28.97,,,0,0,0,0,0,0,18.191
24,48,24048,0.53,1.28,0,0.05,1.17,0.03,0,0,0.03,0,40.27,0,0,0,0.02,0,0,,0,0,,0,2.78,12.67,0,0.07,0,0.32,0.03,10.29,2.92,15.58,,,0,0,0,0,0,4.1,0.818
24,49,24049,3.7,8.9,0,0.35,8.89,,0.02,0,0.2,0.01,279.81,0,0.01,0.01,0.07,0,0,,0,0,,0,9.89,83.05,5.62,0.16,0.33,2.42,2.6,71.51,2.38,108.24,,,0,0,0,0,0,0,91.637
24,50,24050,4.5,10.83,1.28,0.43,3.21,0,0.02,0,0.21,0.01,340.56,0,0.03,0.04,0.27,0.01,0,,0.01,0,0.62,1.43,40.37,92.6,12.89,1.21,3.61,0.87,0.26,87.03,4.33,131.74,,,0,0,0,4.5,0.65,0.07,8.529
24,51,24051,1.5,3.6,0,0.14,10.26,0,0.01,0,0.08,0,113.22,0,0,0,0.01,0,0,,0,0,2.76,0,2.03,35.47,25.25,0.31,0,2.79,0.2,28.93,0.69,43.8,,,0,0,0,3.67,0.53,0,4.837
24,52,24052,1.05,2.52,0,0.1,7.38,0,0,0,0.07,0,79.24,0,0,0,0.02,0,0,,0,0,,0.71,2.62,27.16,5.98,0.02,0,2.01,0.43,20.25,1.82,30.65,,,0,0,0,1.48,0.21,0,6.308
24,53,24053,3.51,8.44,1.28,0.34,7.48,0.02,0.01,0,0.18,0.01,265.26,0,0,0,0.03,0,0,,0.02,0,,0.36,4.17,73.98,0.1,0.12,0,2.04,0.3,67.79,2.35,102.61,,7.77,0,0,0,0,0,0,0.333
24,54,24054,5.36,12.91,0,0.51,12.27,,0.01,0,0.26,0.01,405.85,0,0,0,0.02,0,0,,0.01,0,,1.07,2.62,108.42,7.13,0.09,0,3.34,0.34,103.72,1.49,157,,7.77,0,0,0,0,0,0,0
24,55,24055,2.4,5.78,0,0.23,4.58,0.01,0.01,0,0.11,0.01,181.79,0,0,0.01,0.04,0,0,,0,0,,0,6.6,44.67,0,0,0.99,1.25,0.03,46.46,0.55,70.32,,,0,0,0,0,0,5.78,0.682
24,56,24056,1.51,3.63,0,0.14,2.75,,0.01,0,0.08,0,114.18,0,0,0,0.01,0,0,,0.02,0,,0.71,1.91,32.11,6.55,0.07,3.61,0.75,0.1,29.18,2.38,44.17,,,0,0,0,0,0,0,3.387
24,57,24057,3.17,7.62,0,0.3,6.34,,0.01,0,0.15,0.01,239.53,0,0.01,0.01,0.05,0,0,,0.01,0,,0,7.83,62.66,0,0.21,0.33,1.73,0.23,61.21,2.28,92.66,,7.77,0,0,0,0,0,0,0
24,58,24058,1.98,4.76,1.28,0.19,5.24,0,0.02,0,0.11,0,149.6,0,0.02,0.03,0.19,0.01,0,,0,0,10.55,0.36,28.37,50.62,12.14,1.24,1.97,1.43,0.42,38.23,12.22,57.87,,7.77,0,0,0,0,0,0,12.819
25,1,25001,279.83,164.87,86.39,3.99,81.88,,0.57,0,1.94,0,3148.15,0.01,0.31,0.22,0,0.3,0.0001,,0.14,0.27,,40.98,442.14,1208.14,320.64,28.63,111.98,22.29,394.13,804.52,185.43,1217.85,,9.1,43.703,5.677,4.234,3.43,0.49,3.56,332.816
25,2,25002,12.41,18.02,0,0.44,25.14,0,0.03,0,0.02,0,344.08,0,0.01,0.01,0,0.01,0,,0.02,0,,0.36,16.97,27.64,39.35,6.25,6.57,6.84,198.35,87.93,7.62,133.11,,9.1,0,0,0,0,0,0,0
25,3,25003,6.43,13.71,0,0.33,6.66,0,0.01,0,0.14,0,261.8,0,0,0,0,0,0,,0.02,0,42.6,0,3.89,79.07,13.58,1.13,0.99,1.81,47.6,66.9,15.33,101.28,,,0,0,0,0,0,0,0
25,4,25004,13.8,11.46,0,0.28,8.88,0,0.01,0,0.13,0,218.89,0,0,0,0,0,0,,0.03,0,20.34,0,6.08,74.38,7.32,0,1.64,2.42,43.1,55.94,2.36,84.68,,,0,0,0,0,0,0.18,0
25,5,25005,7.68,7.56,0.85,0.18,7.18,,0.01,0,0.07,0,144.4,0,0,0,0,0,0,,0.02,0,,0.36,4.77,41.25,7.77,0.31,0.33,1.96,29.49,36.9,3.19,55.86,,,0,0,0,0,0,0,0
25,6,25006,618.47,336.97,425.14,8.15,60.76,0.03,1.31,0,3.86,0,6434.45,0.03,0.46,0.33,0,0.44,0.0001,,0.16,0.36,,141.82,651.04,2410.31,676.62,28.77,278.14,16.54,459.51,1644.34,378.52,2489.14,5.91,9.1,126.621,15.503,0,13.25,1.91,11.39,289.445
25,7,25007,7.63,13.48,0.85,0.33,13.69,,0.01,0,0.15,0,257.49,0,0,0,0,0,0,,0.02,0,34.52,0,2.82,80.51,10.48,1.72,2.3,3.73,61.7,65.8,3.39,99.61,,,0,0,0,5.61,0.81,0,0
25,8,25008,19.14,19.72,3.83,0.48,15.35,0,0.03,0,0.22,0,376.65,0,0.01,0,0,0,0,,0,0,,1.43,7.19,122.84,31.61,1.45,5.91,4.18,121.51,96.25,8.43,145.7,,9.1,0,0,0,4.05,0.58,0.12,80.378
25,9,25009,31.47,21.08,3.4,0.51,8.56,,0.05,0,0.24,0,402.53,0,0.01,0.01,0,0.01,0,,0.04,0,,1.43,17.4,139.35,23.01,0.2,9.19,2.33,63.5,102.87,12.49,155.72,,,0,0,0,5.88,0.85,0,0
25,10,25010,23.63,39.31,2.13,0.95,22.13,0.01,0.04,0,0.44,0,750.55,0,0.02,0.02,0,0.02,0,,0,0,,0.36,31.03,246,37.28,2.69,8.54,6.02,103.99,191.8,9.91,290.35,,9.1,0,0,0,15.02,2.17,0.71,0
25,11,25011,61.32,114.73,25.96,2.78,25.24,0,0.28,0,1.29,0,2190.89,0.01,0.07,0.05,0,0.06,0,,0.05,0,,8.55,95.76,756.45,194.75,18.21,55.5,6.87,449.48,559.89,87.47,847.54,,9.1,0,0,0,0,0,0.36,227.225
25,12,25012,440.6,171.46,345.13,4.15,14.38,0.03,0.74,0,2.14,0,3274.16,0.02,0.33,0.24,0,0.32,0.0001,,0.13,0.22,,99.77,467.58,1345,290.09,70.56,108.37,3.91,117.17,836.72,186.04,1266.59,,,34.995,6.908,6.047,7.6,1.1,3.1,148.903
25,13,25013,13.28,18.77,0.43,0.45,10.79,0,0.01,0,0.02,0,358.45,0,0,0,0,0,0,,0.02,0,,0,3.93,22.34,20.58,0.57,5.91,2.94,191.92,91.6,3.11,138.66,,,0,0,0,3.09,0.45,3.77,0
25,14,25014,3.43,20.12,2.13,0.49,11.51,0.01,0.03,0,0,0,384.2,0,0.01,0.01,0,0.01,0,,0.02,0,19.86,0.36,19.55,18.78,24.73,0.21,5.25,3.13,86.7,98.18,4.83,148.63,,,0,0,0,4.57,0.66,0.13,0
25,15,25015,55.3,32.49,9.36,0.79,8.08,0.02,0.15,0,0.38,0,620.45,0,0.03,0.02,0,0.02,0,,0.03,0,,9.26,36.72,239.31,80.03,8.22,37.44,2.2,123.29,158.56,39.02,240.02,,9.1,0,0,0,5.04,0.73,0.54,220.53
25,16,25016,9.15,9.91,0,0.24,13.99,0.01,0.01,0,0.11,0,189.33,0,0,0,0,0,0,,0.03,0,58.19,0,2.34,62.09,8.82,0,0.99,3.81,49.97,48.38,1.47,73.24,,,0,0,0,3.04,0.44,0,0
25,17,25017,14.51,36.09,0,0.87,15.86,0.01,0.02,0,0.38,0,689.2,0,0.01,0,0,0.01,0,,0.02,0,13.4,0,8.7,209.51,40.51,2.72,1.97,4.32,222.12,176.13,24.53,266.61,,9.1,0,0,0,4.7,0.68,0,0
25,18,25018,48.89,57.6,2.55,1.39,10.93,,0.08,0,0.64,0,1099.91,0.01,0.05,0.03,0,0.04,0,,0.02,0.03,,0.71,63.38,368.54,71.97,1.9,17.73,2.98,198.06,281.08,24.96,425.5,,9.1,0,0,0,1.64,0.24,0.35,0
26,1,26001,1.87,2.46,0,0.03,0.79,0.01,0,0,0.02,0,19.88,0,0,0,0,0,0,,0,0,,0,3.06,7.29,2.7,0,0,0.21,0.96,5.08,1.29,7.69,,5.92,0,0,0,0,0,0,0
26,2,26002,67.52,70.63,27.24,0.72,7.46,0.01,0.1,0.2,0.45,0.01,569.92,0,0.17,0.15,0.35,0.11,0,13.6757816,0.03,0,20.13,14.25,243.34,231.82,65.39,3.69,19.37,2.03,3.27,145.64,60.77,220.47,,,0,0,0,2.72,0.39,0.11,3.455
26,3,26003,0.67,24.61,1.7,0.25,5.02,0.04,0.01,0.02,0.15,0,198.56,0,0,0,0.01,0,0,,0.03,0,9,0,5.44,67.48,8.44,0.49,1.64,1.37,35.34,50.74,4.2,76.81,,,0,0,0,0,0,0,0
26,4,26004,1.87,8.4,0,0.09,2.92,0.02,0.01,0.03,0.05,0,67.75,0,0,0,0.01,0,0,,0,0,,1.07,4.53,25.75,17.04,2.63,0.66,0.8,4.35,17.31,2.67,26.21,,5.92,0,0,0,0,0,0,0
26,5,26005,1.35,1.29,0,0.01,1.15,0.01,0,0,0.01,0,10.38,0,0,0,0,0,0,,0,0,,0,0.2,4.32,0,0,0,0.31,0.37,2.65,0.04,4.01,,,0,0,0,0,0,0,0
26,6,26006,4.02,2.97,0,0.03,3.8,,0,0,0.02,0,23.99,0,0,0,0,0,0,,0,0,11.58,0,0.04,9.68,1.73,0,0,1.03,1.99,6.13,0.16,9.28,,5.92,0,0,0,0,0,0,0
26,7,26007,0.02,0.74,0,0.01,0.84,,0,0,0,0,5.95,0,0,0,0,0,0,,0,0,,0,0,2.12,0,0,0,0.23,0.14,1.52,0.08,2.3,,5.92,0,0,0,0,0,0,0
26,8,26008,3.03,1.27,0,0.01,0.78,,0,0,0.01,0,10.25,0,0,0,0,0,0,,0,0,1.88,0,0.04,3.82,0,0,0,0.21,0.21,2.62,0.34,3.96,,,0,0,0,0,0,0,0
26,9,26009,0.27,0.77,0,0.01,3.27,,0,0,0.01,0,6.22,0,0,0,0,0,0,,0,0,,0,0,2.5,0,0,0,0.89,0.29,1.59,0.08,2.41,,,0,0,0,0,0,0,0
26,10,26010,0.04,1.35,0,0.01,0,,0,0,0.01,0,10.91,0,0,0,0,0,0,,0,0,,0,0.4,4.3,0,0.14,0,0,0.73,2.79,0.19,4.22,,5.92,0,0,0,0,0,0,0
26,11,26011,0.53,1.46,0,0.01,2.66,,0,0,0.01,0,11.8,0,0,0,0,0,0,,0,0,1.09,0,0,4.9,1.17,0,0,0.72,0.54,3.02,0.2,4.57,,,0,0,0,0,0,0,0
26,12,26012,0.57,20.99,0,0.21,7.29,0,0.01,0.01,0.13,0,169.36,0,0.01,0.01,0.01,0,0,,0,0,,0,9.89,57.59,20.14,0.6,1.97,1.98,42.88,43.28,1.79,65.52,,5.92,0,0,0,0,0,0,0
26,13,26013,1.64,1.47,0,0.02,1.06,,0,0,0.01,0,11.87,0,0,0,0,0,0,,0,0,,0,2.9,4.88,0,0,0,0.29,0.73,3.03,2.45,4.59,,5.92,0,0,0,0,0,0,0
26,14,26014,3.82,3.42,0,0.03,2.67,,0,0,0.02,0,27.59,0,0.01,0.01,0.02,0.01,0,,0,0,,0,12.44,11.55,4.35,0.18,0.99,0.73,1.18,7.05,0.61,10.67,,,0,0,0,0,0,0.03,0
26,15,26015,0.03,1.27,0,0.01,0,,0,0,0.01,0,10.24,0,0,0,0,0,0,,0,0,,0,0.2,3.86,0,0.28,0,0,1.26,2.62,0.05,3.96,,5.92,0,0,0,0,0,0,0
26,16,26016,14.08,5.31,0,0.05,1.52,0,0,0.01,0.04,0,42.84,0,0,0,0.01,0,0,,0,0,,0,4.89,16.53,5.53,0.84,0,0.41,0.24,10.95,4.93,16.57,,5.92,0,0,0,30.45,4.4,0,0
26,17,26017,1.92,70.44,14.04,0.72,23.4,0,0.11,0.23,0.45,0.01,568.38,0,0.03,0.03,0.07,0.02,0,,0.02,0,,10.33,48,218.82,87.38,6.56,19.7,6.37,26.31,145.25,40.21,219.87,,5.92,0,0,0.082,6.8,0.98,4.96,64.064
26,18,26018,356.31,377.54,106.82,3.86,22.1,0,0.58,1.18,2.47,0.07,3046.46,0.01,0.54,0.46,1.1,0.35,0.0001,,0.13,0,,46.68,758.05,1228.07,290.98,64.9,111.65,6.02,111.18,778.53,182.08,1178.51,,5.92,1.78,0.642,0,3.21,0.46,3.24,223.378
26,19,26019,0.88,32.31,4.68,0.33,5.3,,0.04,0.08,0.22,0.01,260.68,0,0.02,0.02,0.05,0.02,0,,0.02,0,1.66,3.21,35.01,103.93,39.45,9.32,5.58,1.44,0.23,66.62,13.31,100.84,,,0,0,0,2.97,0.43,8.2,0
26,20,26020,3.69,4.67,0,0.05,3.61,,0,0.01,0.03,0,37.65,0,0,0,0,0,0,,0,0,,0,1.23,12.52,6.46,1.19,0.99,0.98,2.96,9.62,0.52,14.56,,,0,0,0,3.24,0.47,0,0
26,21,26021,1.32,1.76,0,0.02,7.7,0,0,0,0.01,0,14.22,0,0,0,0,0,0,,0,0,,0,0.16,5.86,2.26,0,0,2.1,3.33,3.63,0.04,5.5,,,0,0,0,3.05,0.44,0.37,0
26,22,26022,0.02,0.8,0,0.01,3.44,0,0,0,0.01,0,6.47,0,0,0,0,0,0,,0,0,,0,0.04,2.87,0,0,0,0.94,0.75,1.65,0.08,2.5,,5.92,0,0,0,0,0,0,0
26,23,26023,6.31,5.8,0,0.06,2.27,0.04,0,0,0.04,0,46.82,0,0.01,0.01,0.02,0.01,0,,0,0,,0,10.85,19.53,4.04,0.29,0,0.62,2.01,11.97,0.18,18.11,,5.92,0,0,0,0,0,0,0
26,24,26024,0.35,0.68,0,0.01,0.81,0,0,0,0,0,5.52,0,0,0,0,0,0,,0,0,,0,0.04,2.08,0,0,0,0.22,0.49,1.41,0.09,2.14,,5.92,0,0,0,0,0,0,0
26,25,26025,69.03,50.9,2.13,0.52,5.59,,0.04,0.08,0.03,0.01,158.39,0,0.27,0.23,0.56,0.18,0.0001,,0,0,,1.07,383.06,64.37,36.98,7.29,7.22,1.52,9.82,104.96,71.59,158.88,,5.92,0,0,0,2.77,0.4,0.1,0
26,26,26026,1.53,55.96,0,0.57,15.85,0,0.02,0.04,0.32,0.01,451.51,0,0.01,0,0.01,0,0,,0.01,0,,0,8.07,139.44,26.38,5.7,1.64,4.31,58.97,115.39,7.76,174.67,,5.92,0,0,0,0,0,0,0
26,27,26027,6.56,7.5,0,0.08,4.12,,0,0.01,0.05,0,60.56,0,0,0,0,0,0,,0,0,50.24,0,1.91,22.13,4.65,0.01,1.31,1.12,9.59,15.48,0.53,23.43,,,0,0,0,4.63,0.67,0,0
26,28,26028,1.34,0.94,0,0.01,0.08,,0,0,0.01,0,7.6,0,0,0,0,0,0,,0,0,,0,2.34,3.3,0,0.02,0,0.02,0.23,1.94,0.85,2.94,,,0,0,0,0,0,0,0
26,29,26029,162.33,134.78,43.41,1.38,18.16,0,0.2,0.41,0.86,0.02,288.68,0.01,0.15,0.13,0.3,0.1,0,,0.05,0,,7.84,207.54,422.25,122.07,16.24,21.34,4.94,40.64,277.92,59.18,420.7,,5.92,0.005,0.059,2.511,7.51,1.08,0.52,13.347
26,30,26030,83.59,705.1,340.88,7.21,50.25,0.01,1.11,2.26,4.57,0.12,5689.52,0.03,0.71,0.6,1.44,0.46,0.0001,,0.62,0.58,,125.43,991.82,2241.99,654.09,243.5,192.76,13.68,90.85,1453.97,407.58,2200.96,4.05,5.92,83.691,13.795,0,3.93,0.57,17.48,78.928
26,31,26031,0.65,1.23,0,0.01,0.36,,0,0,0.01,0,9.91,0,0,0,0,0,0,,0,0,,0,0.16,3.87,0,0.56,0,0.1,0.19,2.53,0.2,3.84,,5.92,0,0,0,0,0,0,0
26,32,26032,1.17,0.87,0,0.01,2.83,,0,0,0.01,0,7.01,0,0,0,0,0,0,,0,0,,0,0.64,2.97,4.06,0.28,0,0.77,0.4,1.79,1.45,2.71,,,0,0,0,0,0,0,0
26,33,26033,2.04,74.88,1.28,0.77,6.55,,0.06,0.13,0.45,0.01,604.21,0,0.07,0.06,0.14,0.04,0,,0.03,0,,0.71,96,211.39,41.36,10.21,13.79,1.78,44.66,154.41,25.74,233.74,,5.92,0,0,0,3.82,0.55,0.07,0
26,34,26034,1.26,1.04,0,0.01,0.64,,0,0,0.01,0,8.37,0,0,0,0,0,0,,0,0,,0,0,3.3,0,0,0,0.17,0.9,2.14,0.04,3.24,,5.92,0,0,0,0,0,0,0
26,35,26035,5.21,10.59,0,0.11,7.66,0.08,0.01,0.02,0.07,0,85.45,0,0.02,0.01,0.04,0.01,0,,0,0,142.84,0.71,24.64,34.26,8.55,2.16,0.33,2.08,1.52,21.84,2.04,33.06,,5.92,0,0,0,2.39,0.35,0.03,0
26,36,26036,23.53,25.62,7.66,0.26,3.49,0.05,0.03,0.07,0.17,0,206.72,0,0.09,0.07,0.18,0.06,0,,0.02,0,,2.85,121.91,89.17,26.36,2.81,3.94,0.95,2.41,52.83,36.88,79.97,,5.92,0,0,0,1.66,0.24,0.02,10.204
26,37,26037,1.68,1.37,0,0.01,5.24,0,0,0,0.01,0,11.05,0,0,0,0,0,0,,0,0,,0,0.44,4.83,2.06,0.15,0,1.43,1.86,2.82,0.28,4.27,,,0,0,0,0,0,0,4.477
26,38,26038,12.01,4.34,0,0.04,7.86,,0.01,0.01,0,0,35.04,0,0.01,0.01,0.02,0.01,0,,0.02,0,1.32,0,15.02,4.5,7.5,0.43,0.66,2.14,1.29,8.95,1.27,13.55,,,0,0,0,0,0,0.01,5.674
26,39,26039,9.27,6.04,0,0.06,3.52,,0.01,0.02,0.04,0,48.72,0,0,0,0.01,0,0,0.110321092,0,0,,2.14,6.95,18.94,4.57,0,2.63,0.96,0.03,12.45,2.43,18.85,,,0,0,0,3.1,0.45,0,0
26,40,26040,0.99,1.75,0,0.02,0,0,0,0,0.01,0,14.13,0,0,0,0,0,0,,0,0,0.41,0,1.83,5.56,0,0.28,0,0,0.69,3.61,9.19,5.47,,5.92,0,0,0,0,0,0,0
26,41,26041,0.33,12.02,1.28,0.12,2.94,,0.01,0.02,0.08,0,96.96,0,0.03,0.03,0.07,0.02,0,,0,0,0.77,0,48.48,38.75,9.33,1.19,0,0.8,0,24.78,12.39,37.51,,,0,0,0,1.73,0.25,9.18,0
26,42,26042,3.96,145.27,23.41,1.48,15.48,0.01,0.19,0.39,0.88,0.03,1172.2,0.01,0.16,0.13,0.32,0.1,0,,0.07,0,,9.62,219.3,431.29,107.66,11.63,34.15,4.21,70.3,299.56,80.07,453.46,,5.92,0,0,0,7.02,1.01,1.08,117.306
26,43,26043,184.46,194.42,97.45,1.99,3.4,0.01,0.23,0.47,1.22,0.03,1568.77,0.01,0.77,0.66,1.58,0.5,0.0002,15.90018176,0.03,0,102.56,42.76,1085.91,662.09,157.04,18.14,40.39,0.92,0.19,400.9,415.93,606.87,,,7.627,0.68,0,4.1,0.59,0.78,0
26,44,26044,0.05,0.39,0,0,1.92,,0,0,0,0,3.18,0,0,0,0,0,0,,0,0,,0,0,1.29,0,0,0,0.52,0.61,0.81,0,1.23,,,0,0,0,0,0,0,0
26,45,26045,0.44,2.65,0,0.03,3.7,,0,0,0.02,0,21.35,0,0,0,0,0,0,,0,0,,0,2.5,8.24,0,0.01,0,1.01,1.49,5.46,0.14,8.26,,,0,0,0,2.01,0.29,0,0
26,46,26046,0.01,0.41,0,0,2.06,,0,0,0,0,3.32,0,0,0,0,0,0,,0,0,,0,0,1.31,0,0,0,0.56,0.04,0.85,0,1.28,,,0,0,0,0,0,0,0
26,47,26047,0.25,9.16,0,0.09,9.63,0.01,0.01,0.01,0.06,0,73.91,0,0.01,0.01,0.01,0,0,,0,0,,0.36,9.1,27.72,5.76,1.16,0.33,2.62,1.62,18.89,1.51,28.59,,5.92,0,0,0,2.77,0.4,0,0
26,48,26048,26.24,45.08,8.09,0.46,11.42,,0.09,0.18,0.28,0.01,363.78,0,0.02,0.02,0.05,0.01,0,,0.03,0,,8.2,31.51,139.75,74.9,6.54,16.42,3.11,0,92.97,25.2,140.73,,,0,0,0.726,9.42,1.36,0.93,0
26,49,26049,0.33,3.06,0,0.03,2.06,0.01,0,0,0.02,0,24.72,0,0,0,0,0,0,,0,0,,0,0.28,8.86,0,0,0,0.56,4.62,6.32,0.06,9.56,,,0,0,0,0,0,0,0
26,50,26050,2.13,1.55,0,0.02,0,,0,0,0.01,0,12.51,0,0,0,0,0,0,,0,0,,0,0.68,5.21,1.26,0,0,0,2.63,3.2,0.19,4.84,,5.92,0,0,0,0,0,0.02,0
26,51,26051,3.75,5.19,0,0.05,4.06,0,0,0.01,0.04,0,41.87,0,0,0,0,0,0,,0,0,,0,1.35,15.53,3.34,1.13,0.66,1.11,5.56,10.7,0.58,16.2,,,0,0,0,0,0,0,0
26,52,26052,6.06,5.82,0,0.06,3.64,0.02,0,0.01,0.04,0,46.95,0,0,0,0,0,0,,0,0,0.22,0,1.43,18.41,6.47,0.85,0,0.99,1.08,12,1.03,18.16,,,0,0,0,0,0,0,1.205
26,53,26053,0.25,0.31,0,0,0.26,,0,0,0,0,2.53,0,0,0,0,0,0,,0,0,,0,0,1.1,0,0,0,0.07,0.39,0.65,0,0.98,,,0,0,0,0,0,0,0
26,54,26054,0.01,0.24,0,0,6.57,,0,0,0,0,1.96,0,0,0,0,0,0,,0,0,,0,0,0.87,0,0,0,1.79,0.06,0.5,0,0.76,,,0,0,0,0,0,0.01,0
26,55,26055,4.3,157.81,146.82,1.61,20.82,0,0.23,0.47,1.02,0.03,1273.35,0.01,0.4,0.34,0.82,0.26,0.0001,40.49421373,0.03,0,,17.46,560.96,529.62,165.96,12.19,41.38,5.67,42.25,325.41,73.38,492.59,,5.92,0,0,0,9.1,1.31,0.35,0
26,56,26056,0.62,6.06,0,0.06,2.21,0,0,0.01,0.03,0,48.93,0,0,0,0,0,0,,0,0,,0,0.91,14.44,7.22,0.71,0,0.6,4.95,12.5,0.9,18.93,,5.92,0,0,0,1.19,0.17,0,0
26,57,26057,1.35,1.44,0,0.01,4.15,,0,0,0.01,0,11.58,0,0,0,0,0,0,,0,0,,0,0.44,5.51,0.02,0,0,1.13,0.88,2.96,0.04,4.48,,,0,0,0,0,0,0,0
26,58,26058,12.7,14.71,2.13,0.15,4.89,,0.02,0.04,0.09,0,118.66,0,0.04,0.03,0.07,0.02,0,,0.01,0,,0.36,51.5,48.52,31.7,2.56,4.93,1.33,3.54,30.32,7.16,45.9,,,0,0,0,1.97,0.29,0,0
26,59,26059,0.05,1.79,0,0.02,0,,0,0,0.01,0,14.48,0,0,0,0,0,0,,0,0,,0,0.04,5.12,0.93,0,0,0,0.06,3.7,0.09,5.6,,,0,0,0,3.82,0.55,0,0
26,60,26060,0.4,2.5,0,0.03,3.11,0.01,0,0,0.02,0,20.15,0,0,0,0,0,0,0.013305656,0,0,,0,0.08,6.99,0,0,0,0.85,0.21,5.15,0.02,7.8,,5.92,0,0,0,0,0,0,0
26,61,26061,0.03,1.21,0,0.01,4.02,0.05,0,0,0.01,0,9.8,0,0,0,0,0,0,,0,0,,0,0,5.1,0,0,0,1.09,1.03,2.5,0,3.79,,,0,0,0,0,0,0,0
26,62,26062,0.03,1.11,0,0.01,1.15,0,0,0,0.01,0,8.93,0,0,0,0,0,0,,0,0,,0,0.16,3.18,0,0,0,0.31,0.29,2.28,0.12,3.46,,,0,0,0,0,0,0,0
26,63,26063,2.94,1.19,0,0.01,1.74,,0,0,0.01,0,9.6,0,0,0,0,0,0,,0,0,,0,0.04,4.04,1.04,0,0.33,0.47,0.3,2.45,0.21,3.71,,,0,0,0,0,0,0,0
26,64,26064,0.05,1.68,0,0.02,1.46,,0,0,0.01,0,13.54,0,0,0,0,0,0,,0,0,,0,0.04,4.95,0,0,0,0.4,4.07,3.46,0.12,5.24,,5.92,0,0,0,3.97,0.57,0.12,0
26,65,26065,0.54,1.76,0,0.02,6.26,,0,0,0.01,0,14.19,0,0,0,0,0,0,,0,0,,0,0,4.89,0,0,0,1.7,0.41,3.63,0.04,5.49,,5.92,0,0,0,0,0,0,0
26,66,26066,8.84,8.46,0,0.09,3.85,0,0.01,0.01,0.06,0,68.26,0,0.01,0,0.01,0,0,,0.02,0,,0,7.43,27.52,6.75,0.97,0,1.05,5.55,17.44,1.09,26.41,,5.92,0,0,0,0,0,0,12.045
26,67,26067,1.27,1.57,0,0.02,0.27,0,0,0,0.01,0,12.69,0,0,0,0,0,0,,0,0,,0,0.12,5.16,0.83,0,0,0.07,0.55,3.24,0.27,4.91,,,0,0,0,0,0,0,0
26,68,26068,0.45,1.38,0,0.01,8.61,0,0,0,0.01,0,11.14,0,0,0,0,0,0,,0,0,,0,0.24,4.42,0,0.56,0,2.34,1.74,2.85,0.02,4.31,,,0,0,0,0,0,0,0
26,69,26069,0.21,6.12,0,0.06,9.02,0.01,0,0,0.04,0,49.36,0,0,0,0,0,0,,0,0,0.88,0,2.98,17.8,6.26,0.42,0,2.45,0.89,12.61,14.67,19.1,,,0,0,0,0,0,0,0
26,70,26070,6.49,12.47,0.85,0.13,11.62,0.01,0.02,0.04,0.08,0,100.65,0,0.01,0.01,0.02,0.01,0,,0,0,,3.56,16.33,38.4,17.64,1.75,4.27,3.16,4.06,25.72,5.64,38.94,,5.92,0,0,0,0,0,0,0
26,71,26071,0.56,20.54,0,0.21,0,0.01,0.02,0.04,0.13,0,165.76,0,0.01,0.01,0.01,0,0,0.286777666,0,0,,0,10.01,58.41,0,5.75,3.61,0,29.63,42.36,8.14,64.12,,5.92,0,0,0,0,0,0.01,0
26,72,26072,0.36,13.31,0,0.14,2.18,0,0.01,0.01,0.08,0,107.36,0,0,0,0,0,0,,0,0,,0,1.87,35.17,0,2.26,0.66,0.59,13.3,27.44,1.91,41.53,,5.92,0,0,0,0,0,0,0
27,1,27001,36.49,24.19,1.28,0.54,26.89,,0.02,0,0.31,0,429.96,0,0.01,0.01,0.05,0,0,,0.04,0,,0.71,9.06,142.35,16.54,0.16,7.55,7.32,14.49,109.88,11.96,166.33,,9.76,0,0,0.573,3.83,0.55,0.04,34.368
27,2,27002,124.86,100.13,25.53,2.25,13.95,0,0.22,0,1.19,0,1779.91,0.01,0.1,0.08,0.71,0.02,0,,0.06,0,,7.13,139.39,576.86,95.74,0.74,43.67,3.8,21.5,454.86,63.83,688.55,,9.76,0,0,0,0,0,2.7,41.838
27,3,27003,6.15,42.3,3.4,0.95,12.65,,0.05,0,0.5,0,751.93,0,0.01,0.01,0.08,0,0,,0.02,0,4.59,0.71,16.53,231.13,13.31,0.44,12.15,3.44,2.85,192.16,12.28,290.88,,,0,0,0,0,0,0,1.279
27,4,27004,111.55,254.71,230.23,5.74,23.37,0.05,0.94,0,3.4,0,2044.7,0.02,0.31,0.26,2.18,0.07,0.0001,,0.98,0.01,,88.37,429.71,1703.38,502.22,165.22,182.58,6.36,3,1157.07,235.1,1751.53,3.66,,10.473,1.668,0,0,0,24.57,4.931
27,5,27005,73.01,79.25,4.68,1.78,23.75,0,0.12,0,0.95,0,1408.71,0.01,0.03,0.03,0.21,0.01,0,,0.04,0,,3.92,41.56,443.77,69.51,1.84,27.58,6.47,7.64,360,45.83,544.95,,9.76,0,0,0,0,0,0.81,2.96
27,6,27006,29.7,51.09,1.28,1.15,9.96,,0.03,0,0.62,0,908.23,0,0.01,0.01,0.08,0,0,,0.05,0,,1.07,15.74,282.62,31.29,0.15,13.14,2.71,9.15,232.1,27.63,351.34,,9.76,0,0,0,0,0,0.13,2.169
27,7,27007,4.92,12.12,1.7,0.27,6.66,0,0.04,0,0.16,0,215.44,0,0.01,0.01,0.07,0,0,,0.04,0,,2.49,13.07,79.85,17.91,0.23,10.84,1.81,3.46,55.06,10.44,83.34,,9.76,0,0,0,0.47,0.07,0.06,14.029
27,8,27008,39.08,74.55,7.66,1.68,50.41,0,0.07,0,0.86,0,1325.12,0.01,0.04,0.03,0.26,0.01,0,,0.06,0,936.06,0.71,50.46,397.33,43.86,0.48,11.82,13.72,20.55,338.64,16.07,512.62,,9.76,0,0,0,6.52,0.94,2.56,21.889
27,9,27009,15.8,15.32,0,0.34,14.64,,0.01,0,0.19,0,272.35,0,0,0,0.02,0,0,,0.01,0,,0.36,3.46,87.6,7.92,0.14,0.99,3.98,1.39,69.6,1.27,105.36,,,0,0,0,0,0,2.5,1.066
27,10,27010,16.19,33.28,2.13,0.75,12.18,,0.03,0,0.38,0,591.53,0,0.01,0.01,0.07,0,0,,0.02,0,,0,12.87,175.87,19.65,0.27,10.18,3.32,1.85,151.17,9.09,228.83,,,0,0,0,0,0,0,0.134
27,11,27011,0.88,12.95,0.85,0.29,24.2,,0.01,0,0.16,0,230.25,0,0,0,0.01,0,0,,0.01,0,,0,2.38,71.75,5.02,0.39,1.31,6.59,3.01,58.84,1.05,89.07,,,0,0,0,0,0,0.39,4.128
27,12,27012,4.42,65.19,3.4,1.47,19.59,0,0.08,0,0.08,0,1158.87,0.01,0.05,0.04,0.37,0.01,0,,0.07,0,,2.14,72.32,70.6,50.1,0.54,23.64,5.33,1.75,296.15,22.45,448.3,,,0,0,0,2.32,0.33,1.23,1.383
27,13,27013,14.14,39.27,0,0.88,5.86,,0.03,0,0.47,0,803.89,0,0.01,0.01,0.05,0,0,,0.02,0,,0.36,9.62,215.99,17.38,0.07,7.22,1.6,1.18,178.38,16.7,270.03,,,0,0,0,0,0,0.06,0.834
27,14,27014,36.45,35.81,2.13,0.81,6.35,,0.04,0,0.44,0,636.52,0,0.02,0.01,0.13,0,0,,0.03,0,,3.56,24.72,203.21,38.31,0.49,14.45,1.73,1.92,162.66,30.93,246.24,,,0,0,25.052,0,0,0.58,0.323
27,15,27015,15.88,19.53,0,0.44,21.03,,0.01,0,0.22,0,347.23,0,0,0,0.03,0,0,,0.02,0,,1.07,5.17,100.61,6.06,0.14,1.64,5.72,6.53,88.74,6.06,134.32,,,0,0,0,1.89,0.27,7.75,1.771
27,16,27016,12.71,22.47,3.83,0.51,8.64,,0.04,0,0.28,0,399.35,0,0.01,0.01,0.11,0,0,,0.04,0,,1.43,21.02,131.37,22.09,0.37,10.51,2.35,3.51,102.05,10.26,154.49,,,0,0,0,1.34,0.19,9.37,13.641
27,17,27017,9.1,25.36,3.4,0.57,31.11,0.01,0.05,0,0.33,0,450.74,0,0.02,0.02,0.13,0,0,,0.03,0,13.19,2.49,25.35,157.59,23.35,0.58,12.81,8.47,6.74,115.19,11.44,174.36,,9.76,0,0,0,2.96,0.43,0.33,5.415
28,1,28001,1.33,5.97,0.85,0.12,14.72,,0.01,0,0.1,0.05,96.16,0,0,0,0.03,0,0,,0.02,0,,0.36,0,32.93,8.4,0.06,2.3,4.01,5.99,24.57,5.65,37.2,,,0,0,0,0,0,0,39.323
28,2,28002,35.91,13.92,0,0.28,22.57,,0.02,0,0.24,0.11,224.36,0,0.01,0,0.07,0,0,,0.02,0,30.03,0,0,81.35,27.86,1.62,5.58,6.14,3.79,57.34,7.51,86.79,,7.04,0,0,0,0,0,4.7,24.99
28,3,28003,169.37,81.82,2.13,1.67,15.35,0,0.13,0,0.14,0.62,381.36,0.01,0.24,0.04,2.07,0.05,0,,0,0,,7.13,338.79,97.35,110.72,0.97,8.87,4.18,13.4,336.91,47.64,510,,7.04,0,0,3.871,5.51,0.8,2.52,88.212
28,4,28004,0.96,4.31,0,0.09,5.25,0,0,0,0.08,0.03,69.4,0,0,0,0.02,0,0,,0,0,1.64,0,2.78,25.19,4.95,0.04,0,1.43,1.1,17.74,0.56,26.85,,7.04,0,0,0,0,0,1.66,7.193
28,5,28005,1.23,2.41,0,0.05,10.37,,0,0,0.04,0.02,38.77,0,0,0,0.02,0,0,,0,0,,0,3.54,14.99,2.96,0,0,2.82,1.12,9.91,0.57,15,,,0,0,0,0,0,0,7.35
28,6,28006,0.82,3.66,0,0.07,11.97,,0,0,0.05,0.03,58.98,0,0,0,0,0,0,,0,0,0.81,0,0.44,17.39,0,0.03,0,3.26,1.72,15.07,0.08,22.81,,,0,0,0,0,0,0,11.267
28,7,28007,12.23,8.85,2.98,0.18,7.59,,0.02,0,0.17,0.07,142.57,0,0.04,0.01,0.36,0.01,0,1.076468421,0,0,,0.36,58.49,58.38,20.41,0.08,2.3,2.06,2.04,36.43,49.74,55.15,,,0,0,0,4.15,0.6,1.64,13.421
28,8,28008,0.98,2.07,0,0.04,10.87,0.06,0,0,0.03,0.02,33.42,0,0,0,0,0,0,,0,0,26.47,0,0,12.72,0,0,0,2.96,5.29,8.54,0.2,12.93,,,0,0,0,1.9,0.27,0,34.755
28,9,28009,21.72,97.12,36.6,1.98,0.46,,0.21,0,1.76,0.74,1564.94,0.01,0.22,0.03,1.85,0.05,0,,0.11,0,,42.4,302.59,618.2,119.62,5.91,24.3,0.12,0,399.92,71.41,605.39,,,0,0,0,0,0,6.79,0
28,10,28010,0.26,1.14,0,0.02,7.53,,0,0,0.02,0.01,18.39,0,0,0,0,0,0,,0,0,,0,0.16,7.28,11.83,0.02,0,2.05,0.18,4.7,0.09,7.11,,,0,0,0,0,0,0.01,3.686
28,11,28011,3.82,4.26,0,0.09,4.53,0.02,0,0,0.07,0.03,68.61,0,0,0,0.02,0,0,,0,0,,0,2.94,25.21,3.87,0.05,0.66,1.23,2.18,17.53,0.46,26.54,,7.04,0,0,0,0,0,0,14.348
28,12,28012,14.86,20.6,1.28,0.42,21.87,0,0.04,0,0.34,0.16,331.93,0,0.02,0,0.19,0,0,,0.01,0,,1.07,30.36,119.95,16.64,0.91,5.91,5.95,23.98,84.83,10.36,128.41,,7.04,0,0,0,6.4,0.92,0.05,157.521
28,13,28013,1.62,7.26,0,0.15,12.09,,0,0,0.01,0.06,116.93,0,0,0,0.03,0,0,,0,0,,0,4.09,5.8,10.23,0,0,3.29,4.58,29.88,0.08,45.23,,,0,0,0,0.43,0.06,0,30.099
28,14,28014,6.58,1.94,0,0.04,8.2,0,0,0,0.04,0.01,31.3,0,0,0,0.02,0,0,,0,0,,0.36,3.54,13.09,0,0,0.66,2.23,0.07,8,0.38,12.11,,,0,0,0,0,0,0,0.438
28,15,28015,16.04,7.56,3.4,0.15,4.05,,0.02,0,0.14,0.06,121.83,0,0.02,0,0.19,0,0,,0,0,,1.78,31.51,49.28,15.08,0.56,5.25,1.1,1.96,31.13,11.24,47.13,,,0,0,0,1.56,0.23,0,12.886
28,16,28016,5.91,11.75,0,0.24,15.16,0,0.01,0,0.2,0.09,189.35,0,0.01,0,0.12,0,0,,0.01,0,,0.36,18.8,68.79,9.44,0.23,0,4.13,4.47,48.39,2.07,73.25,,,0,0,0,3.98,0.57,0,29.352
28,17,28017,5.27,7.05,0,0.14,14.52,0.02,0.01,0,0.11,0.05,113.66,0,0.01,0,0.06,0,0,,0.03,0,3.73,0,9.38,38.89,11.14,0.03,3.61,3.95,1,29.05,3.53,43.97,,,0,0,0,0,0,0,6.601
28,18,28018,0.93,4.14,0,0.08,7.69,,0.01,0,0.07,0.03,66.72,0,0.01,0,0.05,0,0,,0,0,,0.36,7.75,24.15,7.33,0.04,2.3,2.09,2.08,17.05,2.4,25.81,,,0,0,0,0,0,0,13.633
28,19,28019,3.59,8.71,0,0.18,12.35,0,0.01,0,0.16,0.07,140.38,0,0,0,0.02,0,0,,0.02,0,17,0.36,2.7,52.43,14.1,0.11,0,3.36,2.65,35.87,3.13,54.31,,,0,0,0,3.65,0.53,0.64,17.397
28,20,28020,0.28,1.24,0,0.03,1.39,,0,0,0.02,0.01,19.98,0,0,0,0,0,0,,0,0,,0,0.12,7.38,0,0.02,0,0.38,0.88,5.11,0,7.73,,,0,0,0,0,0,0,4.197
28,21,28021,16.29,56.38,32.77,1.15,25.97,0,0.17,0,1.02,0.43,908.43,0,0.08,0.01,0.71,0.02,0,,0.08,0.02,,3.56,115.95,366.61,76.32,1.38,33.82,7.07,12.19,232.15,49.68,351.42,,7.04,0,0,0,5.18,0.75,8.3,80.097
28,22,28022,52,232.51,140.01,4.75,26.09,0.01,0.57,0,3.94,1.77,518.72,0.02,1.66,0.24,14.25,0.36,0.0003,18.39416538,0.2,0.03,,136.47,2328.58,1461.25,381.76,17.94,119.53,7.1,25.24,957.43,516.52,1449.32,,,2.907,0.344,0,4.05,0.58,17.33,165.889
28,23,28023,0.54,2.41,0,0.05,10.39,,0,0,0,0.02,38.79,0,0,0,0,0,0,,0,0,,0,0.12,2.17,2.29,0,0,2.83,9.7,9.91,0.36,15.01,,,0,0,0,0,0,0,63.721
28,24,28024,0.74,3.29,0,0.07,5.98,,0.01,0,0.06,0.03,53.01,0,0,0,0.04,0,0,1.963081396,0,0,,0.71,5.72,22.06,13.56,0.04,3.61,1.63,0.3,13.55,2.72,20.51,,,0,0,0,0,0,0,1.768
28,25,28025,27.3,12.08,7.66,0.25,2.47,,0.05,0,0.21,0.09,194.72,0,0.01,0,0.11,0,0,,0.01,0.01,,2.85,17.64,79.27,36.7,1.24,8.87,0.67,0.93,49.76,14.67,75.33,,,0,0,0,0,0,9.69,6.107
28,26,28026,0.38,1.71,0,0.03,8.97,,0,0,0.03,0.01,27.48,0,0,0,0,0,0,,0.01,0,1.05,0,0.44,9.27,0,0,0,2.44,0.78,7.02,1.25,10.63,,7.04,0,0,0,0,0,0,5.148
28,27,28027,454.51,179.01,85.96,3.65,8.33,0.01,0.5,0,2.91,1.37,45.81,0.01,0.61,0.09,5.22,0.13,0.0001,25.07102238,0.14,0.03,,36.7,852.86,1068.82,347.61,15.59,118.55,2.27,0.18,737.15,488.19,1115.87,,,10.04,0.88,0,2.39,0.35,6.75,1.19
28,28,28028,0.34,1.53,0,0.03,0.67,,0,0,0.03,0.01,24.73,0,0,0,0,0,0,,0,0,,0,0.48,8.59,0,0.02,0,0.18,0.69,6.32,0.06,9.57,,7.04,0,0,0,0,0,0,4.486
28,29,28029,1.4,6.28,0,0.13,9.51,0,0.01,0,0.11,0.05,101.15,0,0,0,0.02,0,0,,0,0,0.22,0.71,2.66,37.89,5.3,0.11,1.64,2.59,2.38,25.85,2.7,39.13,,7.04,0,0,0,0,0,0,15.585
28,30,28030,3.47,6.34,0,0.13,12.36,0.01,0.01,0,0.11,0.05,102.22,0,0,0,0.01,0,0,,0.01,0,,0,2.3,36.35,17.77,0.04,0.66,3.37,3.17,26.12,2.01,39.54,,,0,0,0,0,0,0,20.83
28,31,28031,0.18,0.81,0,0.02,4.55,,0,0,0.02,0.01,12.99,0,0,0,0,0,0,,0,0,1.9,0,0.28,5.29,0,0.01,0,1.24,0.21,3.32,0.38,5.03,,,0,0,0,0,0,0,1.361
28,32,28032,551.24,265.07,422.16,5.41,11.08,0,0.68,0,4.43,2.02,298.21,0.02,2.22,0.32,19.09,0.48,0.0005,45.23837552,0.13,0.11,,86.94,3118.86,1663.66,496.86,17.79,102.13,3.02,15.68,1091.53,1192.2,1652.32,3.21,,14.948,0.463,0,4.44,0.64,10.59,102.979
28,33,28033,18.58,53.75,17.45,1.1,18.62,,0.15,0,0.89,0.41,222.94,0,0.1,0.01,0.88,0.02,0,2.600020201,0.01,0.04,,8.2,143.37,323.59,103.94,14.37,19.05,5.07,27.82,221.34,69.09,335.06,,,0,0,0,2.33,0.34,1.24,182.842
28,34,28034,1.74,4.66,0,0.1,15.82,,0,0,0.08,0.04,75.08,0,0,0,0,0,0,,0.01,0,3.73,0,0.2,27.21,0,0,0,4.31,3.77,19.19,0.21,29.04,,,0,0,0,0,0,0,24.752
28,35,28035,11.01,29.06,2.13,0.59,44.09,,0.04,0,0.49,0.22,468.2,0,0.03,0,0.26,0.01,0,,0.09,0,,0.36,42.99,167.82,51.42,1.08,10.51,12,34.97,119.65,17.03,181.12,,,0,0,0,0,0,0.02,229.681
28,36,28036,0.12,0.53,0,0.01,1.27,,0,0,0.01,0,8.46,0,0,0,0,0,0,,0,0.01,,0,0,2.64,0,0,0,0.35,0,2.16,0,3.27,,,0,0,0,0,0,0,0
28,37,28037,8.72,11.48,0.85,0.23,29.51,,0.02,0,0.19,0.09,185.04,0,0,0,0.02,0,0,,0.01,0,6.62,0.71,3.34,66.12,27.79,0.49,4.6,8.03,3.37,47.29,4.58,71.58,,,0,0,0,0,0,0,22.176
28,38,28038,124.39,152.9,220.87,3.12,0.5,0.01,0.73,0,2.74,1.17,4.56,0.01,0.19,0.03,1.64,0.04,0,,0.19,0.01,,98.7,267.94,1039.57,215.01,11.85,105.41,0.14,0,629.63,199.35,953.11,,,45.388,6.351,5.523,1.99,0.29,6.95,0
28,39,28039,2.89,12.92,0,0.26,30.38,,0.02,0,0.19,0.1,208.23,0,0,0,0.02,0,0,,0,0,0.03,1.07,4.05,65.14,19.87,0.85,0.99,8.27,3.17,53.21,4.97,80.55,,,0,0,0,0,0,0,20.849
28,40,28040,7,31.29,13.62,0.64,7.63,0.02,0.1,0,0.05,0.24,504.17,0,0.19,0.03,1.63,0.04,0,,0.03,0,,11.76,266.47,51.76,98.15,2.24,19.37,2.08,10.46,128.84,41.05,195.04,,,0,0,0,0,0,0.2,68.698
28,41,28041,162.52,147.43,119.58,3.01,17.29,,0.41,0,2.46,1.13,2375.59,0.01,0.27,0.04,2.32,0.06,0.0001,,0.22,0.01,1.35,46.68,378.85,890.31,263.68,7.47,68.63,4.71,2.36,607.09,126.4,918.99,3.21,,4.119,0.525,0,4.37,0.63,10.83,15.576
28,42,28042,0.73,3.25,0,0.07,6.75,,0,0,0.06,0.02,52.34,0,0,0,0,0,0,,0,0,,0,0.44,19.41,4.54,0,0,1.84,1.65,13.38,0.22,20.25,,,0,0,0,3.76,0.54,0,10.818
28,43,28043,2.46,11.01,0.85,0.22,9.78,0,0.01,0,0.2,0.08,177.35,0,0.02,0,0.2,0.01,0,,0,0,,0.71,33.38,68.07,13.18,0.11,3.94,2.66,3.35,45.32,3.98,68.61,,7.04,0,0,0,4.24,0.61,0.02,22.065
29,1,29001,0.8,2.33,0,0.08,0.25,,0.01,0,0.06,0,8.9,0,0,0,0.03,0,0,,0.01,0,,0.36,6.36,22.21,0,0.09,0.66,0.07,0.05,16.32,4.32,24.71,,,0,0,0,0,0,0.01,0.748
29,2,29002,19.69,3.63,2.55,0.13,0.62,,0.01,0,0.1,0.01,34.15,0,0.03,0,0.18,0.03,0,,0.07,0,,1.43,43.03,37.6,25.68,0.1,1.31,0.17,0.07,25.42,3.75,38.47,,,0,0,0,0,0,0.14,0.97
29,3,29003,0.84,1.62,0,0.06,3.07,,0,0,0.04,0,44.48,0,0,0,0,0,0,,0,0,,0,0.64,14.09,5.55,0,0,0.84,0.39,11.37,0.01,17.21,,0.82,0,0,0,0.6,0.09,0.54,5.401
29,4,29004,2.97,4.24,0,0.15,4.03,,0,0,0.11,0.01,116.19,0,0,0,0.02,0,0,,0.01,0,0.5,0,3.97,33.68,2.4,0.06,0,1.1,0.58,29.69,0.95,44.95,,0.82,0,0,0,0,0,0,7.037
29,5,29005,56.58,21.64,28.51,0.75,2.61,0,0.17,0.01,0.63,0.04,33.99,0,0.06,0,0.33,0.05,0,,0,0,,43.12,78.92,232.77,67.81,8.22,32.84,0.71,0.29,151.43,52.72,229.23,,0.82,0,0,0,0.55,0.08,0.16,3.949
29,6,29006,18.93,12.08,3.83,0.42,4.21,,0.04,0,0.33,0.02,330.67,0,0.04,0,0.24,0.03,0,,0.05,0,5.15,4.63,57.82,114.16,16.64,0.64,11.49,1.15,0.99,84.5,18.61,127.92,,0.82,0,0,0,2.05,0.3,0.19,14.088
29,7,29007,5.22,4.12,0,0.14,0.92,,0.01,0,0.1,0.01,112.89,0,0.01,0,0.03,0,0,,0.02,0,,0,7.47,33.8,3.89,0.02,0.33,0.25,0.09,28.85,2.61,43.67,,0.82,0,0,0,0.61,0.09,0,1.01
29,8,29008,1.27,3.73,0,0.13,1.87,,0.01,0,0.1,0.01,102.15,0,0.01,0,0.04,0.01,0,,0,0,,0,9.58,31.18,4.92,1.47,1.31,0.51,0.78,26.1,3.13,39.52,,0.82,0,0,0,1.21,0.17,0,8.413
29,9,29009,0.44,1.29,0,0.04,0.58,,0,0,0.03,0,33.99,0,0,0,0,0,0,,0,0,,0,0.28,10.6,0,0,0.33,0.16,0.09,8.99,0.25,13.61,,,0,0,0,0,0,0.03,1.312
29,10,29010,6.39,18.74,28.09,0.65,2.16,,0.1,0,0.48,0.03,70.05,0,0.11,0,0.62,0.09,0,,0.08,0,2.03,18.17,150.68,183.82,28.79,0.9,12.81,0.59,0.25,131.14,27.98,198.51,,,0,0,0,0.17,0.02,0.09,3.616
29,11,29011,1.16,1.19,0,0.04,1.38,,0,0,0.03,0,32.51,0,0,0,0.01,0,0,,0,0,,0,1.47,9.61,0,0.05,0.66,0.38,0.32,8.31,3.88,12.58,,0.82,0,0,0,1.47,0.21,0,4.552
29,12,29012,1.12,2.37,0.43,0.08,2.99,0,0,0,0.06,0,65.01,0,0,0,0.01,0,0,,0,0,1.22,0,1.51,19.45,0,0.03,0.33,0.81,0.44,16.61,0.14,25.15,,0.82,0,0,0,1.45,0.21,0.28,6.274
29,13,29013,48.53,22.82,6.81,0.79,5.78,,0.07,0,0.56,0.04,624.82,0,0.13,0,0.74,0.11,0,,0.05,0,2.82,5.34,179.81,204.74,20.58,1.1,12.81,1.57,1.68,159.67,20.25,241.71,,0.82,0,0,0,3.22,0.46,0.67,22.842
29,14,29014,0,0,0,0,3.95,,0.01,0,0.1,0,0.1,0,0.01,0,0.03,0,0,,0,0,,0,7.63,31.45,6.67,0.04,0,1.07,0.68,0.03,0.74,0.04,,0.82,0,0,0,0.63,0.09,0,9.744
29,15,29015,6.83,9.64,0.85,0.33,5.33,,0.02,0,0.26,0.02,153.65,0,0.04,0,0.25,0.04,0,,0.01,0,,1.43,59.49,89.48,0,0.15,3.61,1.45,0.39,67.48,5.91,102.15,,0.82,0,0,0,0.65,0.09,0,5.408
29,16,29016,0.63,1.86,0,0.06,0.64,,0,0,0.05,0,50.9,0,0,0,0.02,0,0,,0,0,1.71,0,4.21,15.88,0,0,0.66,0.18,0.13,13.01,1.24,19.69,,,0,0,0,0.42,0.06,0,1.435
29,17,29017,4.47,2.54,0.43,0.09,0.63,,0.01,0,0.06,0,2.56,0,0.01,0,0.04,0.01,0,,0,0,1.4,1.43,10.77,21.73,0,0,0.66,0.17,0.03,17.76,1.24,26.88,,,0,0,0,0,0,0,0.479
29,18,29018,3.27,9.58,1.7,0.33,1.3,,0.02,0,0.23,0.02,108.69,0,0.04,0,0.25,0.04,0,,0.02,0,2.58,2.49,60,79.12,0,0.13,2.3,0.35,0.13,67,6,101.42,,,0,0,0,0.34,0.05,0.01,1.848
29,19,29019,3.4,4.85,0,0.17,0.94,,0.01,0,0.13,0.01,13.75,0,0.05,0,0.3,0.04,0,,0,0,,1.43,73.35,49.89,13.99,0.08,1.31,0.26,0.13,33.91,3.24,51.33,,,0,0,0,0,0,0,1.957
29,20,29020,1.98,2.24,0,0.08,1.22,,0,0,0.06,0,61.23,0,0,0,0.01,0,0,,0,0,0.99,0,1.39,18.64,0,0.01,0,0.33,0.33,15.65,0.82,23.69,,0.82,0,0,0,0.14,0.02,0,4.651
29,21,29021,1.79,4.64,0,0.16,2.86,,0.01,0,0.13,0.01,127.05,0,0.01,0,0.05,0.01,0,,0.01,0,3.42,3.21,12.68,43.26,6.43,0.38,0.99,0.78,0.53,32.47,3.12,49.15,,0.82,0,0,0,1.06,0.15,0,7.634
29,22,29022,0.51,1.5,0,0.05,0.2,,0,0,0.04,0,55.71,0,0.04,0,0.22,0.03,0,,0,0,1.45,0,52.45,18.18,6.76,0.03,1.97,0.06,0,10.53,47.72,15.93,,,0,0,0,0.13,0.02,0.11,0.605
29,23,29023,2.21,6.47,0,0.22,3.71,,0.01,0,0.17,0.01,144.95,0,0,0,0.02,0,0,,0.01,0,,0,4.25,52.92,9.21,0.16,0.99,1.01,0.29,45.29,2.81,68.56,,,0,0,0,0,0,0.12,4.127
29,24,29024,6.35,6.62,0,0.23,2.34,,0.01,0,0.18,0.01,149.56,0,0.01,0,0.04,0.01,0,,0.01,0,,1.78,9.58,59.03,0,0.13,2.63,0.64,0.18,46.34,8.71,70.15,,,0,0,0,0,0,0,2.551
29,25,29025,6.47,18.98,6.81,0.66,1.37,,0.04,0,0.41,0.04,10.4,0,0.04,0,0.25,0.04,0,,0.03,0,1.53,2.14,61.03,140.4,32.4,2.01,8.21,0.37,0.13,132.81,27.98,201.04,,,0,0,0,0,0,0.07,1.857
29,26,29026,1.53,4.5,0,0.16,1.4,,0.01,0,0.12,0.01,56.42,0,0.01,0,0.05,0.01,0,,0.01,0,0.61,2.85,11.56,39.32,9.13,0.07,2.63,0.38,0.13,31.47,2.77,47.65,,,0,0,0,0.54,0.08,0,1.925
29,27,29027,1.07,3.15,0,0.11,0.14,,0.01,0,0.07,0.01,1.15,0,0,0,0.01,0,0,,0,0,0.5,0.36,3.3,24.7,0,0.02,0.99,0.04,0.05,22.03,1.84,33.34,,,0,0,0,0.03,0,0,0.724
29,28,29028,1.96,5.75,0.85,0.2,0.9,0,0.01,0,0.14,0.01,41.05,0,0.05,0,0.31,0.05,0,,0,0,4.01,2.14,75.86,53.15,13.23,0.05,1.31,0.25,0.25,40.26,20.56,60.95,,,0,0,0,0.32,0.05,0,3.636
29,29,29029,25.93,2.72,0,0.09,0.6,,0,0,0.07,0.01,97.2,0,0,0,0,0,0,,0,0,,0,0.64,20.66,10.75,0.04,0,0.16,0.05,19.01,0.45,28.78,,,0,0,0,0,0,0,0.796
29,30,29030,4.19,3.74,0,0.13,5.6,,0,0,0.09,0.01,102.38,0,0,0,0,0,0,,0.01,0,0.77,0,0.6,28.53,2.53,0,0.33,1.52,0.74,26.16,0.45,39.6,,0.82,0,0,0,0,0,0,7.503
29,31,29031,12.33,7.32,0.43,0.25,1.73,0,0.02,0,0,0.01,49.41,0,0.18,0,1.03,0.15,0,,0.01,0,2.54,3.92,248.63,35.8,5.15,0.09,8.87,0.47,0.53,51.25,46.73,77.58,,0.82,0,0,0,1.46,0.21,0.05,7.581
29,32,29032,1.41,3.4,0,0.12,1.62,,0,0,0.09,0.01,60.38,0,0.01,0,0.05,0.01,0,,0,0,,0,11.01,28.67,0,0,0.33,0.44,0.15,23.77,1.89,35.98,,,0,0,0,0,0,0,2.154
29,33,29033,116.28,24.8,24.26,0.86,2,,0.15,0.01,0.72,0.05,0.17,0,0.06,0,0.36,0.05,0,,0.1,0,,23.16,86.11,256.3,61.77,2.22,20.69,0.54,0.14,173.5,33.14,262.63,2.24,,0,0,0,0,0,0.6,2.048
29,34,29034,5.07,10.81,0,0.37,9.95,0,0.02,0,0.28,0.02,295.94,0,0.04,0,0.26,0.04,0,,0.04,0,3.85,0.71,62.74,94.54,8.66,0.69,0.99,2.71,2.1,75.63,35.08,114.48,,0.82,0,0,0,2.07,0.3,0.08,30.126
29,35,29035,2.51,1.49,0,0.05,0.41,,0,0,0.04,0,0.35,0,0,0,0.01,0,0,,0,0,1.07,0,1.59,12.1,0,0,0,0.11,0.09,10.43,0.23,15.78,,0.82,0,0,0,0,0,0,0.959
29,36,29036,1.98,5.81,0,0.2,0.42,,0.01,0,0.16,0.01,143.39,0,0.01,0,0.08,0.01,0,,0,0,,1.07,18.76,51.98,17.99,2.62,4.6,0.11,0.02,40.62,3.68,61.48,,,0,0,0,0,0,0.05,0.246
29,37,29037,0.83,2.44,0,0.08,1.13,0,0,0,0.06,0,66.71,0,0,0,0.01,0,0,,0,0,2.7,0,2.62,17.91,0,0.05,0.33,0.31,0.3,17.05,0.65,25.81,,0.82,0,0,0,0,0,0,4.129
29,38,29038,1.27,3.72,0,0.13,1.27,,0.01,0,0.1,0.01,42.51,0,0.03,0,0.19,0.03,0,,0.09,0,,0.71,45.18,37.62,0,0.04,3.28,0.35,0.22,26.04,8.29,39.42,,0.82,0,0,0,0.8,0.12,0,3.071
29,39,29039,10.91,5.82,0.43,0.2,1.34,,0.01,0,0.14,0.01,22.8,0,0.05,0,0.27,0.04,0,,0,0,,0.36,65.25,52.11,6.21,0.07,0.33,0.36,0.27,40.69,2.98,61.6,,0.82,0,0,0,0.62,0.09,0,2.885
29,40,29040,0.86,2.51,0,0.09,2.53,,0,0,0,0,68.7,0,0,0,0,0,0,,0,0,,0.36,0.04,0.88,4.51,0,0,0.69,0.67,17.56,0.36,26.57,,0.82,0,0,0,0,0,0.55,9.584
29,41,29041,2.49,7.29,0.43,0.25,0.57,,0.03,0,0.19,0.01,2.18,0,0.13,0,0.79,0.11,0,,0,0,1.34,11.4,189.82,85.81,13.49,0.27,8.54,0.15,0.15,51,8.94,77.2,,,0,0,0,0.25,0.04,0.02,2.2
29,42,29042,1.08,3.18,0,0.11,0.31,0,0.01,0,0.09,0.01,87,0,0.02,0,0.1,0.02,0,,0,0,,1.43,25.23,31.16,5.55,0.01,0.66,0.09,0.05,22.23,3.87,33.66,,,0,0,0,0.11,0.02,0,0.677
29,43,29043,2.81,8.25,2.55,0.29,1.39,,0.02,0,0.02,0.02,135.13,0,0.03,0,0.16,0.02,0,,0,0,,2.14,38.98,18.1,22.57,0.12,2.96,0.38,0.17,57.72,5.19,87.37,,0.82,0,0,0,0,0,0.09,2.427
29,44,29044,3.57,10.46,5.11,0.36,1.09,,0.04,0,0.26,0.02,4.42,0,0.03,0,0.16,0.02,0,,0.02,0,,10.33,38.31,92.24,14.36,1.66,12.15,0.3,0.11,73.16,15.09,110.75,,,0,0,0,0,0,0,1.589
29,45,29045,0.52,1.53,0,0.05,0.27,,0,0,0.04,0,41.81,0,0,0,0,0,0,,0,0,,0,0.68,12.77,0,0.01,0,0.07,0.25,10.68,0.38,16.17,,0.82,0,0,0,0.98,0.14,0,3.494
29,46,29046,0.38,1.12,0,0.04,1.42,0,0,0,0.03,0,30.73,0,0.01,0,0.04,0.01,0,,0,0,0.33,0,9.26,9.73,0,0,0,0.39,0.05,7.85,0.13,11.89,,0.82,0,0,0,0,0,0,0.265
29,47,29047,0.26,0.75,0,0.03,0.72,,0,0,0.02,0,20.66,0,0,0,0.01,0,0,,0,0,0.77,0,2.11,6.31,0,0.03,1.64,0.2,0.07,5.28,0.43,7.99,,0.82,0,0,0,0,0,0,0.803
29,48,29048,1.52,4.45,0,0.15,0.37,,0.01,0,0.1,0.01,121.97,0,0.05,0,0.27,0.04,0,,0,0,,0.71,64.73,40.6,0,0.03,2.63,0.1,0.04,31.17,4.91,47.18,,,0,0,0,0.39,0.06,0,0.58
29,49,29049,0.45,1.33,2.55,0.05,0.42,,0,0,0.03,0,0.47,0,0,0,0.01,0,0,,0,0,,0,1.47,11.23,0,0.04,0.99,0.11,0.04,9.28,0.41,14.05,,,0,0,0,0,0,0,0.64
29,50,29050,1.01,2.97,0,0.1,0.85,,0.01,0,0.07,0.01,0.19,0,0,0,0.02,0,0,,0,0,1.92,0.36,3.89,22.97,0,0.04,0.66,0.23,0.06,20.78,1.46,31.45,,,0,0,0,0,0,0,0.793
29,51,29051,0.31,0.91,0,0.03,0.15,,0,0,0.03,0,0.35,0,0,0,0,0,0,,0,0,,0,0.44,8.05,0,0,0,0.04,0.03,6.35,0.27,9.61,,,0,0,0,0,0,0.01,0.292
29,52,29052,0.52,1.52,0,0.05,0.92,,0,0,0.03,0,41.49,0,0,0,0.01,0,0,,0,0,0.22,0,2.03,11.5,0,0.04,0.33,0.25,0.12,10.6,0.47,16.05,,0.82,0,0,0,0,0,0,1.189
29,53,29053,0.66,1.95,0,0.07,0.28,,0,0,0.04,0,1.26,0,0.03,0,0.17,0.03,0,,0,0,,0.71,41.64,18.8,0,7.79,0.33,0.08,0.02,13.63,1.22,20.63,,,0,0,0,0,0,0,0.292
29,54,29054,0.49,1.43,0,0.05,0.19,,0,0,0.03,0,0.39,0,0,0,0.01,0,0,,0,0,,0,2.74,11.36,0,0.31,0.33,0.05,0.04,9.98,0.64,15.11,,,0,0,0,0,0,0,0.5
29,55,29055,0.26,0.78,0,0.03,0.85,,0,0,0.02,0,21.26,0,0,0,0.01,0,0,,0,0,,0,2.42,6.68,0,0,0,0.23,0.23,5.43,0.53,8.23,,0.82,0,0,0,0,0,0,3.295
29,56,29056,0.61,1.8,0,0.06,0.52,,0.01,0,0.05,0,0.11,0,0,0,0.01,0,0,,0,0,,0,2.54,15.16,0,0.07,0.33,0.14,0.02,12.58,1.04,19.05,,,0,0,0,0,0,0,0.35
29,57,29057,0.39,1.14,0,0.04,0.38,,0,0,0.03,0,1.04,0,0,0,0,0,0,,0,0,,0,0.99,9.33,0,0,1.31,0.1,0.03,8,0.77,12.1,,,0,0,0,0,0,0,0.412
29,58,29058,0.74,2.16,0,0.08,0.43,,0.01,0,0.06,0,59.23,0,0,0,0.01,0,0,,0,0,0.66,0,2.15,18.05,0,0,0.33,0.12,0.03,15.14,0.85,22.91,,,0,0,0,0.24,0.03,0,0.449
29,59,29059,2.18,1.59,0,0.06,0.18,,0,0,0.04,0,23.6,0,0,0,0.01,0,0,,0,0,,0,2.94,13.03,0,0.04,0.33,0.05,0.01,11.14,1.38,16.87,,,0,0,0,0,0,0,0.168
29,60,29060,0.42,1.22,0,0.04,0.21,,0,0,0.03,0,33.38,0,0.03,0,0.15,0.02,0,,0,0,,0,35.8,13.37,7.71,0,0,0.06,0.01,8.53,26.21,12.91,,,0,0,0,0.14,0.02,0,0.103
30,1,30001,3.77,4.31,0,0.08,0.55,,0,0,0.04,0,61.27,0,0,0,0,0,0,,0,0,0.08,0,0,18.05,0,0,0,0.15,0.21,15.66,0.04,23.7,,,0,0,0,0.88,0.13,0.05,0.261
30,2,30002,2.88,1.65,0,0.03,0.55,,0,0,0.01,0,23.45,0,0.01,0.01,0.06,0.01,0,,0,0,,0.36,11.25,8.93,0,0.04,0,0.15,0.23,5.99,69.23,9.07,,,0,0,0,0,0,0,0.28
30,3,30003,42.86,45.35,19.15,0.82,3.11,0,0.12,0,0.42,0,363.22,0,0.03,0.03,0.18,0.03,0,,0,0,,5.34,36.32,235.87,38.05,0.57,25.61,0.85,5.79,164.61,28.61,249.18,,6.39,0,0,0,0,0,3.56,7.154
30,4,30004,27.06,21.61,0,0.39,10.11,,0.01,0,0.23,0,306.97,0,0,0,0.01,0,0,,0,0,0.04,0,2.78,113.06,10.65,0.11,0.66,2.75,10.24,78.45,1.73,118.75,,6.39,0,0,0,0,0,0,12.689
30,5,30005,2.36,2.7,0,0.05,0.35,,0,0,0.03,0,38.36,0,0,0,0.01,0,0,,0,0,,0,1.11,14.1,0,0.01,0.66,0.09,1.45,9.8,0.68,14.84,,6.39,0,0,0,0,0,0,1.797
30,6,30006,9.31,10.67,0,0.19,1.7,,0,0,0.09,0,151.5,0,0.01,0.01,0.04,0.01,0,,0,0,13.73,0,7.19,44.07,3.44,0.01,0.66,0.46,2.5,38.72,2.48,58.61,,,0,0,0,3.23,0.47,0,3.09
30,7,30007,2.82,3.23,0,0.06,1.26,,0,0,0.03,0,45.88,0,0,0,0,0,0,,0,0,,0,0.28,15.24,0,0,0,0.34,0,11.73,0.12,17.75,,,0,0,0,1.89,0.27,0,3.096
30,8,30008,4.48,5.13,0,0.09,1.07,,0,0,0.04,0,72.86,0,0,0,0,0,0,,0,0,0.49,0,0.4,18.35,0,0.01,0,0.29,1.12,18.62,0.14,28.19,,,0,0,0,0,0,0,1.38
30,9,30009,21.1,14.78,0,0.27,8.75,,0.01,0,0.15,0,209.9,0,0.01,0.01,0.04,0.01,0,,0,0,,0,7.11,75.18,0,0.94,1.64,2.38,4.94,53.64,13.08,81.2,,6.39,0,0,0,0,0,0,6.099
30,10,30010,28.38,32.51,1.7,0.58,6.82,0,0.03,0,0.26,0,461.77,0,0.04,0.04,0.26,0.04,0,,0.04,0,,4.99,52.21,140.23,9.51,0.55,4.27,1.86,4.81,118.01,8.37,178.63,,6.39,0,0,0,0,0,0,5.945
30,11,30011,25.23,27.5,1.7,0.49,7.58,0,0.04,0,0.29,0,310.38,0,0.01,0.01,0.09,0.01,0,,0.02,0,,2.14,16.77,150.79,21.14,0.58,3.61,2.06,0.46,99.81,7.41,151.09,,,0,0,0,3.77,0.54,1.81,0.572
30,12,30012,5,4.08,0,0.07,0.85,,0,0,0.04,0,58,0,0,0,0,0,0,,0,0,,0,0.95,22.03,0,0.02,0.33,0.23,2.54,14.82,0.2,22.44,,6.39,0,0,0,0,0,0,3.141
30,13,30013,13.01,14.91,6.38,0.27,1.79,,0.04,0,0.15,0,211.74,0,0.01,0.01,0.07,0.01,0,,0.02,0,,3.56,13.75,82.97,0,0.33,7.88,0.49,0,54.11,8.54,81.91,,6.39,0,0,0,0,0,0.04,0.735
30,14,30014,20.51,21.85,2.13,0.39,1.24,0,0.02,0,0.2,0,274.55,0,0.04,0.04,0.29,0.04,0,,0,0,,0,56.86,110.01,23.4,0.26,3.28,0.34,2.5,79.32,5.53,120.07,,6.39,0,0,0,2.05,0.3,0.08,3.086
30,15,30015,16.42,18.81,0.85,0.34,2.24,0,0.01,0,0.19,0,267.19,0,0,0,0.03,0,0,,0,0,,0.36,5.13,97.79,8.86,0.16,4.93,0.61,5.51,68.28,7.13,103.36,,6.39,0,0,0,0,0,0,6.813
30,16,30016,12.66,14.5,3.83,0.26,3.78,0,0.06,0,0.15,0,205.98,0,0.03,0.03,0.18,0.03,0,,0.03,0,,1.78,36.2,91.24,0,0.44,3.28,1.03,1.75,52.64,19.29,79.68,,6.39,0,0,0,1.95,0.28,0.74,2.175
30,17,30017,1.76,2.02,0,0.04,1.06,,0,0,0.02,0,28.65,0,0,0,0,0,0,,0,0,0.08,0,0.16,10.24,0,0,0,0.29,1.14,7.32,0,11.08,,,0,0,0,0.61,0.09,0,1.413
30,18,30018,0.81,0.92,0,0.02,0.2,,0,0,0.01,0,13.1,0,0,0,0,0,0,,0,0,0.04,0,0.08,3.83,0,0,0,0.05,0.26,3.35,0,5.07,,,0,0,0,0,0,0,0.322
30,19,30019,2.41,2.77,0,0.05,1.54,,0,0,0.02,0,39.28,0,0,0,0,0,0,,0,0,,0,0,9.99,0,0,0,0.42,0.71,10.04,0,15.2,,,0,0,0,0,0,0,0.883
30,20,30020,4.5,5.16,0,0.09,0.7,,0,0,0.04,0,73.27,0,0,0,0,0,0,,0.01,0,,0,0.36,19.57,0,0,0,0.19,0.56,18.72,0.08,28.34,,,0,0,0,0,0,0,0.687
30,21,30021,10.73,12.29,0.85,0.22,1.4,,0.01,0,0.12,0,174.54,0,0.03,0.04,0.24,0.04,0,,0,0,,0.36,47.09,67.23,3.73,0.11,1.31,0.38,3.2,44.6,1.66,67.52,,6.39,0,0,0,0.77,0.11,0,3.949
30,22,30022,8.95,10.25,0,0.18,0.54,,0.01,0,0.08,0,82.96,0,0,0,0.01,0,0,,0,0,,0.36,2.58,41.54,0,0.05,0,0.15,2.31,37.21,1.59,56.32,,6.39,0,0,0,0,0,0,2.853
30,23,30023,21.71,24.87,0,0.45,7.05,0,0.01,0,0.02,0,353.2,0,0.01,0.02,0.1,0.02,0,,0.01,0,0.27,0,19.83,19.87,0,0.14,0.66,1.92,11.43,90.26,2.63,136.64,,6.39,0,0,0,0,0,0,14.13
30,24,30024,6.77,7.76,0,0.14,3.24,0,0,0,0.06,0,110.2,0,0,0,0.01,0,0,,0,0,,0,1.67,30.79,0,0.04,0.33,0.88,4.25,28.16,0.91,42.63,,6.39,0,0,0,0,0,0,5.248
30,25,30025,11.67,13.37,0,0.24,1.34,,0,0,0.09,0,189.95,0,0,0,0.01,0,0,,0,0,1.1,0,1.35,47,0,0.1,0,0.36,3.17,48.54,0.12,73.48,,,0,0,0,0,0,0,3.923
30,26,30026,9.55,10.94,0.85,0.2,0.74,,0.03,0,0.1,0,18,0,0.01,0.01,0.05,0.01,0,,0,0,,2.85,9.78,56.67,10.68,0.3,6.9,0.2,0.03,39.71,11.21,60.12,,6.39,0,0,0,0.69,0.1,0.31,0.033
30,27,30027,8.19,9.39,0,0.17,2.58,0,0,0,0.07,0,133.32,0,0,0,0,0,0,,0,0,,0,0.6,35.02,0,0.01,0.33,0.7,6.39,34.07,0.23,51.57,,6.39,0,0,0,0,0,0.04,7.898
30,28,30028,91.19,81,18.72,1.46,1.13,,0.29,0,0.84,0,23.84,0.01,0.05,0.06,0.37,0.06,0,,0,0,,40.27,72.24,479.24,103.86,2.95,47.29,0.31,6.39,293.98,64.78,445.02,,,0,0,0,0.39,0.06,2.11,0.011
30,29,30029,6.21,7.12,0,0.13,1.73,,0,0,0,0,101.06,0,0,0,0,0,0,,0,0,4.98,0,0.08,3.99,0,0,0,0.47,1.11,25.83,0.02,39.09,,,0,0,0,0,0,0,1.372
30,30,30030,19.43,22.26,2.55,0.4,0.52,,0.05,0,0.2,0,74.02,0,0.03,0.03,0.21,0.03,0,,0,0,0.07,7.48,40.61,115.56,0,0.44,6.24,0.14,0.12,80.8,20.37,122.31,,,0,0,0,0.45,0.07,0.01,0.145
30,31,30031,7.2,8.24,0,0.15,1.05,,0,0,0.01,0,117.09,0,0,0,0,0,0,,0,0,,0,0.08,5.27,0,0,0,0.28,2.75,29.92,0,45.3,,6.39,0,0,0,0,0,0.05,3.403
30,32,30032,23.27,26.66,0.85,0.48,8.62,,0.04,0,0.23,0,378.59,0,0.01,0.01,0.08,0.01,0,,0.02,0,,1.78,16.37,124.35,18.35,0.4,6.57,2.35,2.29,96.75,8.14,146.46,,6.39,0,0,0,0,0,0.13,2.834
30,33,30033,11.49,13.16,0,0.24,2.37,0,0.01,0,0.12,0,303.04,0,0,0,0.01,0,0,,0,0,,0,1.87,60.42,2.48,0.06,0.66,0.65,5.04,47.77,1.44,72.31,,,0,0,0,0,0,0,6.224
30,34,30034,12.32,14.12,2.13,0.25,1.86,,0.03,0,0.14,0,200.55,0,0.01,0.01,0.06,0.01,0,,0.02,0,,1.78,11.64,78.54,0,1.53,8.87,0.51,0.29,51.25,11.23,77.58,,,0,0,0,0,0,0,0.36
30,35,30035,5.49,6.29,0.43,0.11,0.87,,0.01,0,0.05,0,89.28,0,0.01,0.01,0.04,0.01,0,,0,0,,0,7.79,29.32,0,0.81,1.31,0.24,0.14,22.82,3.63,34.54,,,0,0,0,0,0,0,0.167
30,36,30036,4.13,4.73,0,0.09,0.27,,0,0,0.04,0,67.24,0,0,0,0.02,0,0,,0,0,,0.36,3.02,21.09,0,0.16,0.99,0.07,0.38,17.18,4.23,26.01,,,0,0,0,0,0,0,0.47
30,37,30037,3.61,4.13,0,0.07,0.7,,0,0,0.03,0,58.72,0,0,0,0,0,0,,0,0,,0,0.36,15.05,0,0.01,0,0.19,0.75,15.01,0.01,22.71,,,0,0,0,0,0,0,0.928
30,38,30038,43.03,45.54,6.81,0.82,3.76,0,0.08,0,0.42,0,246.48,0,0.07,0.08,0.51,0.08,0,,0.03,0,,17.1,100.69,237.74,40.85,1.3,10.84,1.02,6.59,165.29,24.31,250.21,,6.39,0,0,0,0.26,0.04,0.17,8.14
30,39,30039,212.64,160.03,156.61,2.88,3.08,,0.51,0,1.65,0,93.87,0.01,0.47,0.5,3.34,0.51,0.0001,,0.14,0,,68.06,658.79,1007.82,160.16,3.73,98.84,0.84,1.01,580.82,129.25,879.22,,,0,0,4.603,1.84,0.27,7.34,1.251
30,40,30040,28.85,24.6,0,0.44,2.57,,0.02,0,0.23,0,205.94,0,0,0,0.03,0,0,,0,0,,6.06,6.24,118.29,11.5,0.21,2.96,0.7,2.98,89.3,3.36,135.18,,,0,0,0,0,0,0.04,3.681
30,41,30041,0.98,1.12,0,0.02,0,,0,0,0.01,0,15.87,0,0,0,0,0,0,,0,0,,0,0.36,4.7,0,0,0,0,0.42,4.06,0,6.14,,6.39,0,0,0,0,0,0,0.516
30,42,30042,2.9,3.32,0,0.06,1.81,,0,0,0.03,0,47.12,0,0,0,0,0,0,,0,0,,0,0.72,16.24,3.17,0.03,1.31,0.49,0.53,12.04,0.58,18.23,,,0,0,0,0,0,0,0.655
30,43,30043,8.4,9.63,0,0.17,2.69,0,0,0,0.08,0,136.76,0,0,0,0.02,0,0,,0.01,0,,0,3.14,39.17,0,0,2.63,0.73,4.89,34.95,1.07,52.9,,6.39,0,0,0,0,0,0,6.048
30,44,30044,100.07,106.52,138.31,1.92,2.6,0,0.37,0,1.04,0,462.76,0.01,0.2,0.21,1.39,0.21,0,,0.08,0,,36.35,274.82,625.32,109.73,5.12,55.5,0.71,4.52,386.62,98.67,585.25,,6.39,0,0,0,1.18,0.17,1.77,5.59
30,45,30045,27.16,31.12,6.38,0.56,5.54,0,0.07,0,0.33,0,441.96,0,0.02,0.02,0.15,0.02,0,,0.04,0,,1.78,29.21,179.47,0,0.86,14.78,1.51,10.24,112.94,18.73,170.97,,6.39,0,0,0,3.76,0.54,0.01,12.658
30,46,30046,7.34,8.4,0,0.15,0.64,,0,0,0.07,0,119.36,0,0,0,0.02,0,0,,0.01,0,,0.36,3.14,35.66,2.52,0.16,1.31,0.17,2.29,30.5,0.93,46.17,,6.39,0,0,0,0,0,0,2.833
30,47,30047,23.42,26.83,0,0.48,3.55,,0.02,0,0.2,0,381.12,0,0.01,0.01,0.07,0.01,0,,0,0,,1.78,14.19,106.72,12.17,0.65,9.19,0.97,3.11,97.39,7.67,147.43,,,0,0,0,0,0,0.02,3.841
30,48,30048,54.34,59.92,0,1.08,2.09,0,0.07,0,0.57,0,250.98,0,0.1,0.11,0.72,0.11,0,,0,0,,2.49,141.82,316.52,33.54,0.54,26.6,0.57,1.42,217.46,26.65,329.19,,,10.692,1.703,0,0.37,0.05,0.28,1.751
30,49,30049,9.38,10.74,0,0.19,5.01,0,0,0,0.1,0,152.57,0,0.01,0.01,0.06,0.01,0,,0,0,,0,11.32,52.66,9.49,0,0.33,1.36,3.54,38.99,0.43,59.02,,6.39,0,0,0,0,0,0.12,4.376
30,50,30050,7.44,8.53,0,0.15,1.14,,0,0,0.07,0,121.13,0,0,0,0.01,0,0,,0.01,0,,0,1.55,33.55,0,0.13,0,0.31,1.85,30.95,0.31,46.86,,,0,0,0,0,0,0,2.284
30,51,30051,10.38,11.9,0,0.21,3.5,,0.01,0,0.1,0,168.97,0,0.01,0.01,0.04,0.01,0,,0,0,,0,8.54,51.97,0,0.38,0.66,0.95,2.06,43.18,1.97,65.36,,,0,0,0,0,0,0,2.549
30,52,30052,5.45,6.24,0,0.11,0.43,,0,0,0.06,0,88.61,0,0.03,0.03,0.21,0.03,0,,0,0,,0,40.49,34.5,0,0.06,1.31,0.12,2.64,22.64,0.87,34.28,,6.39,0,0,0,1.1,0.16,0,3.264
30,53,30053,11.56,13.25,2.55,0.24,2.41,,0.03,0,0.12,0,188.15,0,0.02,0.03,0.17,0.03,0,,0,0,,0.36,32.86,71.35,17.68,0.14,6.57,0.66,2.13,48.08,7.99,72.78,,6.39,0,0,0,0,0,0,2.63
30,54,30054,5.69,6.52,0,0.12,0.75,0,0,0,0.07,0,92.54,0,0,0,0.01,0,0,,0,0,,0,2.23,35.86,0,0.04,0.33,0.2,3.62,23.65,2.79,35.8,,6.39,0,0,0,1.21,0.17,0,4.477
30,55,30055,6.51,7.46,0,0.13,1.88,0,0,0,0.07,0,105.93,0,0,0,0,0,0,,0,0,,0,0.2,32.39,6.81,0,0,0.51,2.06,27.07,0.1,40.98,,6.39,0,0,0,0,0,0,2.545
30,56,30056,3.39,3.89,0,0.07,0.62,0,0,0,0.03,0,55.21,0,0,0,0,0,0,,0,0,,0,0.56,15.01,0,0.03,0,0.17,0.9,14.11,0.02,21.36,,6.39,0,0,0,0,0,0,1.108
30,57,30057,6.24,7.14,0,0.13,0.5,,0,0,0.05,0,101.46,0,0,0,0,0,0,,0,0,,0,0.79,27.01,0,0.01,0,0.14,1.82,25.93,1.42,39.25,,,0,0,0,0,0,0,2.252
30,58,30058,27.59,31.61,0,0.57,9.54,,0.01,0,0.27,0,448.89,0,0,0,0.01,0,0,,0.01,0,,1.07,2.03,133.26,4.1,0.13,1.31,2.6,14.33,114.71,1.72,173.65,,6.39,0,0,0,0,0,0,17.71
30,59,30059,6.95,7.97,0,0.14,1.37,0,0.01,0,0.08,0,107.6,0,0.01,0.01,0.06,0.01,0,,0,0,,0,11.17,42.34,2.57,0.19,2.63,0.37,0.92,28.92,1.9,43.78,,,0,0,0,1.28,0.18,0.88,1.136
30,60,30060,7.05,8.07,0,0.15,1.49,,0,0,0.07,0,114.65,0,0,0,0,0,0,,0,0,,0,0.95,34.88,12.49,0.02,1.97,0.41,0.64,29.3,1.27,44.35,,6.39,0,0,0,0,0,0,0.787
30,61,30061,34.92,40.01,0,0.72,2.67,0,0.05,0,0.35,0,568.21,0,0.01,0.01,0.08,0.01,0,,0,0,7.66,3.92,15.42,183.05,18.33,0.43,16.09,0.73,12.21,145.21,12.42,219.81,,,0,0,0,3.53,0.51,0.02,15.088
30,62,30062,8.24,9.45,0,0.17,1.16,,0.01,0,0.08,0,134.16,0,0.01,0.01,0.08,0.01,0,,0,0,,0,16.37,42.31,0,0.28,2.3,0.31,2.35,34.28,1.49,51.9,,6.39,0,0,0,0,0,0,2.904
30,63,30063,7.25,8.3,0,0.15,2.06,,0,0,0.07,0,117.94,0,0,0,0.01,0,0,,0,0,,0,2.9,36.57,0,0.07,0,0.56,1.07,30.14,0.71,45.63,,6.39,0,0,0,0,0,0,1.318
30,64,30064,1.68,1.92,0,0.03,0,,0,0,0.02,0,27.33,0,0,0,0,0,0,,0,0,,0,0.36,8.29,0,0.01,0,0,0.55,6.98,0.04,10.57,,,0,0,0,0,0,0,0.674
30,65,30065,27.52,28.24,0,0.51,5.26,,0.02,0,0.28,0,462.2,0,0.01,0.01,0.09,0.01,0,,0,0,0.11,0,18.28,141.9,9.58,0.2,2.3,1.43,5.96,102.5,3.33,155.16,,6.39,0,0,0,3.85,0.56,0.01,7.366
30,66,30066,12.37,14.17,0,0.25,2.49,0,0.01,0,0.12,0,201.23,0,0,0,0.02,0,0,,0.04,0,,0.36,3.34,62.02,10.04,0.06,0.66,0.68,2.83,51.42,0.87,77.84,,,0,0,0,0,0,0,3.496
30,67,30067,7.19,8.23,0,0.15,0.25,,0,0,0.05,0,116.95,0,0,0,0.02,0,0,,0.01,0,,0,3.46,25.52,0,0.01,0,0.07,0.41,29.89,0.25,45.24,,,0,0,0,0,0,0,0.501
30,68,30068,29.39,30.43,3.83,0.55,0.97,0,0.06,0,0.3,0,171.22,0,0.03,0.04,0.25,0.04,0,,0.01,0,,5.7,48.84,164.19,20.81,0.56,10.51,0.26,1.88,110.44,15.53,167.18,,6.39,0,0,0,0.59,0.09,0.22,2.328
30,69,30069,12.94,13.88,3.4,0.25,2.32,,0.03,0,0.14,0,197.17,0,0.01,0.01,0.06,0.01,0,,0.02,0,,1.78,10.85,75.45,10.29,0.34,7.88,0.63,5.41,50.39,9.27,76.27,,,0,0,0,0,0,0,6.688
30,70,30070,8.67,9.93,0,0.18,5.79,,0.01,0,0.09,0,141.01,0,0,0,0.02,0,0,,0.01,0,1.08,0,3.18,43.49,0,0.07,1.97,1.58,5.42,36.04,4.66,54.55,,,0,0,0,0,0,0,6.698
30,71,30071,24.45,28.02,2.55,0.5,5.01,,0.05,0,0.23,0,397.88,0,0.02,0.03,0.18,0.03,0,,0.04,0,,1.78,34.73,129.99,18.42,0.97,25.29,1.36,5.47,101.68,23.57,153.92,,6.39,0,0,0,0,0,0.13,6.762
30,72,30072,9.62,11.02,0,0.2,9.6,,0.01,0,0.1,0,156.56,0,0,0,0.01,0,0,,0.03,0,1.46,1.07,2.23,49.58,3.18,0.1,2.3,2.61,3.44,40.01,2.97,60.57,,6.39,0,0,0,0,0,2.02,4.255
30,73,30073,19.02,21.79,0,0.39,3.27,0,0.02,0,0.21,0,309.47,0,0.02,0.02,0.13,0.02,0,,0,0,,0,25.35,109.29,4.66,0.17,4.27,0.89,11.09,79.09,4.69,119.72,,6.39,0,0,0,0,0,0,13.809
30,74,30074,3.1,3.56,0,0.06,0.15,,0,0,0.03,0,35.93,0,0,0,0.02,0,0,,0.01,0,0.06,0,3.77,16.85,9.86,0.01,0.99,0.04,0.05,12.91,0.32,19.54,,,0,0,0,0.3,0.04,0.05,0.056
30,75,30075,8.65,9.91,0,0.18,3.3,,0.01,0,0.01,0,140.81,0,0,0,0.01,0,0,,0,0,,0,2.78,9.28,0,0.07,1.64,0.9,0.35,35.98,2.74,54.47,,,0,0,0,0,0,0,0.437
30,76,30076,6.64,7.6,0,0.14,2.91,,0,0,0.06,0,107.97,0,0,0,0,0,0,,0,0,,0,0,31.4,0,0,0,0.79,1.94,27.59,0,41.77,,6.39,0,0,0,0,0,0,2.396
30,77,30077,19.14,21.93,2.98,0.39,6.84,0,0.04,0,0.21,0,311.47,0,0.01,0.01,0.07,0.01,0,,0.06,0,,1.78,12.83,113.3,22.99,0.26,9.19,1.86,3.4,79.6,11,120.49,,,0,0,0,2.3,0.33,0,8.777
30,78,30078,9.18,7.23,0,0.13,2.06,,0,0,0.06,0,102.66,0,0,0,0.01,0,0,,0,0,,0,1.19,30.34,0,0.01,0.66,0.56,2.12,26.24,0.39,39.71,,6.39,0,0,0,0,0,0,2.619
30,79,30079,5.69,5.67,0,0.1,2.12,,0,0,0.05,0,80.52,0,0,0,0.01,0,0,,0,0,0.08,0,1.71,23.69,0,0.08,0,0.58,0.71,20.58,0.08,31.15,,,0,0,0,0,0,0,0.873
30,80,30080,9.67,11.08,0,0.2,1.91,,0,0,0.09,0,157.3,0,0.01,0.01,0.04,0.01,0,,0,0,,0,8.11,45.05,0,0.33,0.66,0.52,3.93,40.2,2.29,60.85,,,0,0,0,0,0,0,4.853
30,81,30081,7.79,8.93,0,0.16,0.53,,0,0,0.08,0,60.72,0,0,0,0.02,0,0,,0,0,,0,3.14,42.32,2.4,0,2.63,0.14,0.26,32.41,2.13,49.06,,6.39,0,0,0,0,0,0,0.325
30,82,30082,6.98,8,0,0.14,0.55,,0.01,0,0.01,0,69.22,0,0.01,0.01,0.05,0.01,0,,0.03,0,,0,10.01,8.35,0,0.01,1.31,0.15,0.86,29.03,1.7,43.95,,,0,0,0,0.69,0.1,0,1.062
30,83,30083,24.22,27.75,0,0.5,4.18,,0,0,0.23,0,394.05,0,0,0,0.01,0,0,,0.05,0,,0,2.66,114.65,0,0.06,0,1.14,8.51,100.7,0.63,152.44,,6.39,0,0,0,0,0,0,10.509
30,84,30084,4.26,3.24,0.43,0.06,1.84,,0,0,0.03,0,45.96,0,0,0,0,0,0,,0,0,,0,0.52,17.19,0,0.01,0,0.5,2.53,11.74,0.57,17.78,,6.39,0,0,0,0,0,0,3.124
30,85,30085,337.67,34.59,4.26,0.62,3.08,,0.03,0,0.31,0,264.38,0,0.14,0.15,1.02,0.16,0,,0.01,0,0.08,1.78,201.94,190.56,15.91,0.34,5.25,0.84,4.97,125.55,11.73,190.06,,6.39,0,0,0,0.79,0.11,1.43,6.137
30,86,30086,18.83,21.57,0.43,0.39,2.3,0,0.01,0,0.17,0,306.36,0,0.06,0.06,0.41,0.06,0,,0,0,1.17,0.36,80.66,96.44,0,0.21,0.66,0.63,4.61,78.29,5.76,118.51,,6.39,0,0,0,0,0,0,5.693
30,87,30087,213.89,235.82,345.56,4.24,4.94,0,0.71,0,0.24,0,136.43,0.02,0.16,0.17,1.15,0.18,0,,0.58,0,,189.21,225.7,346.35,250.01,8.24,156.31,1.35,1.48,855.88,231.82,1295.59,,6.39,0,0,0,1.58,0.23,5.49,1.833
30,88,30088,4.8,2.68,0,0.05,0.4,,0,0,0.03,0,38.02,0,0,0,0.01,0,0,,0,0,,0,1.03,14.14,0,0,0,0.11,1.64,9.72,1.86,14.71,,6.39,0,0,0,0,0,0,2.031
30,89,30089,18.53,21.23,8.51,0.38,3.57,,0.04,0,0.21,0,105.63,0,0.02,0.02,0.11,0.02,0,,0,0,,1.43,21.7,114.34,16.01,0.3,8.87,0.97,2.6,77.07,17.61,116.66,,,0,0,0,1.23,0.18,3.8,3.215
30,90,30090,4.87,5.58,0,0.1,2.07,,0,0,0.06,0,79.22,0,0,0,0,0,0,,0,0,,0,0.83,29.13,0,0.01,0,0.56,0.67,20.24,0.63,30.64,,,0,0,0,0,0,0,0.827
30,91,30091,11.99,13.74,0,0.25,17.59,,0.01,0,0.12,0,195.12,0,0.01,0.01,0.05,0.01,0,,0.02,0,4.7,0,9.58,62.56,14.87,0.05,1.31,4.79,3.35,49.86,1.93,75.48,,,0,0,0,2.87,0.41,0,4.14
30,92,30092,16.04,18.38,0,0.33,2.47,,0.02,0,0.15,0,261.03,0,0.01,0.01,0.07,0.01,0,,0.01,0,,0.71,13.99,79.31,2.43,0.64,3.94,0.67,2.17,66.71,14.04,100.98,,6.39,0,0,0,0,0,0,2.685
30,93,30093,6.8,7.79,0,0.14,0.92,0,0,0,0.07,0,108.93,0,0,0,0.01,0,0,,0,0,,1.43,2.58,34.5,11.5,0.14,2.3,0.25,1.16,28.28,1.82,42.82,,6.39,0,0,0,0.71,0.1,0,1.433
30,94,30094,17.13,19.63,0.85,0.35,7.31,,0.02,0,0.19,0,278.78,0,0.01,0.01,0.09,0.01,0,,0,0,,1.07,17.29,98.4,9,0.17,10.18,1.99,6.81,71.24,7.36,107.84,,,0,0,0,4.89,0.71,0,8.416
30,95,30095,8.15,9.34,0,0.17,3,,0.01,0,0.09,0,132.62,0,0,0,0.02,0,0,,0.01,0,,0.36,3.06,44.77,0,0.34,1.64,0.82,2.98,33.89,3.45,51.3,,,0,0,0,0,0,0,3.676
30,96,30096,0.77,0.88,0,0.02,0.28,,0,0,0.01,0,12.56,0,0,0,0,0,0,,0,0,,0,0.56,4.05,0,0.03,0,0.08,0.18,3.21,0.26,4.86,,,0,0,0,0,0,0,0.219
30,97,30097,9.29,10.64,1.28,0.19,1.12,0,0.03,0,0.01,0,151.11,0,0.03,0.04,0.24,0.04,0,,0,0,,2.14,47.41,20.95,9.83,0.38,10.18,0.31,1.44,38.62,6.83,58.46,,6.39,0,0,0,0,0,0,1.774
30,98,30098,1.32,1.51,0,0.03,0.1,,0,0,0.01,0,21.47,0,0,0,0,0,0,,0,0,,0,0.08,6.08,0,0,0,0.03,0.19,5.49,0,8.31,,,0,0,0,0,0,0,0.238
30,99,30099,7.38,8.46,0.85,0.15,2.31,,0.01,0,0.06,0,120.08,0,0.01,0.01,0.06,0.01,0,,0.01,0,11.2,0,11.21,35,1.83,0.13,1.97,0.63,1.17,30.69,2.78,46.45,,,0,0,0,2.47,0.36,0,1.45
30,100,30100,10.15,11.63,0,0.21,2.07,,0,0,0.12,0,165.16,0,0,0,0.03,0,0,,0,0,,0,5.72,59.44,6.87,0.02,0.66,0.56,3.1,42.21,0.92,63.89,,6.39,0,0,0,1.67,0.24,0,3.827
30,101,30101,15.2,17.41,0,0.31,0.3,0,0.01,0,0.15,0,219.61,0,0,0,0.01,0,0,,0,0,,0.71,1.55,74.61,4.82,0.02,1.64,0.08,3.57,63.2,1.82,95.68,,6.39,0,0,0,0,0,0.18,4.417
30,102,30102,48.71,55.81,16.17,1,5.99,,0.17,0,0.54,0,792.57,0,0.05,0.05,0.35,0.05,0,,0.07,0,,10.69,68.62,308.7,63.8,1.51,37.76,1.63,18.66,202.54,37.23,306.6,,6.39,0,0,0,0,0,0.06,23.059
30,103,30103,5.61,6.42,0,0.12,0.11,,0,0,0.05,0,91.25,0,0,0,0,0,0,,0,0,,0,0.56,24.05,0,0.01,0,0.03,0.84,23.32,0.03,35.3,,,0,0,0,0,0,0,1.036
30,104,30104,6.79,7.78,0,0.14,2.99,,0,0,0.07,0,110.52,0,0,0,0.01,0,0,,0.02,0,0.46,0,1.39,33.24,4.42,0.01,0,0.82,3.25,28.24,0.38,42.75,,,0,0,0,0,0,0,4.012
30,105,30105,28.78,22.17,1.28,0.4,4.73,,0.02,0,0.23,0,278.92,0,0.02,0.02,0.14,0.02,0,,0,0,,0.36,26.7,120.72,22.72,0.33,5.25,1.29,1.55,80.46,5.59,121.8,,,0,0,0,3.64,0.53,0,1.918
30,106,30106,2.03,2.33,0,0.04,0.1,,0,0,0.02,0,33.1,0,0,0,0.02,0,0,,0,0,,0,4.73,10.91,0,0.04,0,0.03,0.31,8.46,0.67,12.8,,,0,0,0,0,0,0,0.388
30,107,30107,1.41,1.61,0,0.03,0,,0,0,0.01,0,22.89,0,0,0,0,0,0,,0,0,,0,0,5.88,0,0,0,0,0.37,5.85,0,8.86,,,0,0,0,0,0,1.29,0.457
30,108,30108,100.31,86.75,25.53,1.56,8.7,0,0.29,0,0.86,0,613.16,0.01,0.15,0.16,1.08,0.17,0,,0.05,0,,21.02,212.95,510.25,78.83,1.22,65.68,2.37,8.23,314.86,110.12,476.62,,,0,0,0,0,0,0.45,10.167
30,109,30109,29.88,34.24,2.13,0.62,8.13,,0.04,0,0.32,0,486.23,0,0.02,0.02,0.12,0.02,0,,0.06,0,,3.56,22.89,167.06,16.43,0.44,5.58,2.21,7.67,124.26,14.15,188.1,,6.39,0,0,0,0,0,0,9.483
30,110,30110,4.77,5.46,0,0.1,0.3,,0,0,0.04,0,77.6,0,0,0,0,0,0,,0,0,,0,0,21.77,0,0,0,0.08,0.77,19.83,0.04,30.02,,,0,0,0,0,0,0,0.949
30,111,30111,7.91,9.07,0,0.16,0.23,,0.01,0,0.01,0,128.76,0,0,0,0.02,0,0,,0,0,,0.71,3.02,8.96,1.11,0.6,1.64,0.06,0.77,32.9,1.93,49.81,,,0,0,0,1.5,0.22,0,0.952
30,112,30112,9.41,10.78,0,0.19,2.39,,0.02,0,0.1,0,153.09,0,0.02,0.02,0.14,0.02,0,,0.01,0,,0.36,28.45,55.68,6.45,0.79,3.28,0.65,1.22,39.12,3.76,59.22,,6.39,0,0,0,0,0,0,1.505
30,113,30113,2.15,2.47,0,0.04,0.22,,0,0,0.02,0,35.05,0,0,0,0.01,0,0,,0,0,,0,1.23,10.47,0,0.01,0.66,0.06,0.61,8.96,0.12,13.56,,6.39,0,0,0,0,0,0,0.755
30,114,30114,4.99,5.72,0,0.1,2.89,,0,0,0,0,81.25,0,0,0,0.01,0,0,,0.01,0,,0.71,1.99,2.9,6.67,0.01,0.66,0.79,1.61,20.76,1.27,31.43,,6.39,0,0,0,0,0,0,1.995
30,115,30115,15.85,18.16,1.7,0.33,0.97,,0.02,0,0.17,0,114.49,0,0.01,0.01,0.06,0.01,0,,0,0,0.41,1.07,11.25,87.38,25.21,0.38,9.52,0.26,0.61,65.92,13.04,99.78,,,0,0,0,0.69,0.1,0,0.75
30,116,30116,6.79,7.78,0,0.14,1.54,,0.01,0,0.07,0,28.32,0,0.01,0.01,0.04,0.01,0,,0.06,0,,0,7.31,38.98,0,0.09,5.91,0.42,0.22,28.25,3.31,42.77,,,0,0,0,0.89,0.13,0.02,0.271
30,117,30117,10.77,12.34,0.43,0.22,1.16,,0.01,0,0.11,0,175.26,0,0,0,0.02,0,0,,0,0,,0,2.98,55.81,7.9,0.19,0.66,0.31,7.98,44.79,1.91,67.8,,6.39,0,0,0,0.96,0.14,0,9.865
30,118,30118,58.43,66.95,62.13,1.2,1.29,,0.29,0,0.07,0,0.25,0,0.17,0.18,1.21,0.19,0,,0.07,0,,34.92,237.94,143.6,67.06,5.2,54.51,0.35,0,242.98,91.63,367.82,,,0,0,0,0.59,0.09,3.43,0
30,119,30119,2.77,3.17,0,0.06,0.8,0,0,0,0.03,0,45.09,0,0,0,0.02,0,0,,0,0,,0,4.89,17.76,0,0.74,0,0.22,1.73,11.52,0.3,17.44,,6.39,0,0,0,0.27,0.04,0,2.135
30,120,30120,6.36,7.28,0,0.13,0.15,,0.01,0,0.07,0,0.24,0,0,0,0.03,0,0,,0,0,,0,5.88,35.62,10.02,0.08,3.28,0.04,0.22,26.43,6.4,40.01,,,0,0,0,0,0,0,0.268
30,121,30121,11.55,13.24,0,0.24,4.42,0,0.01,0,0.13,0,187.99,0,0,0,0.02,0,0,,0.03,0,,0,3.06,64.15,0,0.16,1.64,1.2,2.82,48.04,1.53,72.72,,6.39,0,0,0,4.35,0.63,0,3.489
30,122,30122,7.28,8.35,0,0.15,2.64,,0.01,0,0.08,0,118.53,0,0,0,0.03,0,0,,0,0,3.78,0,5.84,39.37,0,0.33,1.97,0.72,1.6,30.29,4.81,45.85,,,0,0,0,0,0,0,1.978
30,123,30123,78.13,51.95,4.26,0.93,12.69,0,0.07,0,0.5,0,599.58,0,0.05,0.05,0.35,0.05,0,,0.06,0,,2.14,69.3,267.29,43.26,2.03,20.36,3.45,21.77,188.53,22.38,285.39,,6.39,0,0,0,4.23,0.61,0.09,26.904
30,124,30124,80.25,87.25,8.09,1.57,13.6,,0.1,0,0.08,0,1365.16,0.01,0.03,0.04,0.25,0.04,0,,0.05,0,,7.84,48.44,84.11,35.34,1.06,25.29,3.7,18.16,316.68,20.75,479.38,,,0,0,0,0,0,0.41,22.438
30,125,30125,13.62,15.6,0.85,0.28,1.62,0,0.02,0,0.14,0,221.56,0,0.02,0.02,0.13,0.02,0,,0,0,,0,25.91,76.69,7.56,0.39,6.9,0.44,6.32,56.62,6.48,85.71,,6.39,0,0,0,1.63,0.24,0,7.836
30,126,30126,14.86,17.03,0,0.31,4.98,,0.01,0,0.17,0,241.8,0,0,0,0.02,0,0,,0,0,,0,4.41,87.63,4.12,0.04,3.28,1.36,7.76,61.79,3.09,93.54,,6.39,0,0,0,0,0,0,9.632
30,127,30127,9.43,10.81,0,0.19,1.92,,0,0,0.08,0,153.46,0,0,0,0.01,0,0,,0,0,8.03,0,1.07,37.85,0,0,0.99,0.52,1.14,39.22,0.52,59.36,,,0,0,0,0,0,0,1.414
30,128,30128,30.52,34.97,3.83,0.63,5.64,0,0.06,0,0.28,0,496.71,0,0.04,0.04,0.27,0.04,0,,0.02,0,11.63,2.85,53.37,157.68,29.78,1.16,16.42,1.54,10.01,126.93,26.7,192.15,,6.39,0,0,0,2.67,0.38,0.72,12.368
30,129,30129,8.8,10.09,1.28,0.18,2.35,,0.01,0,0.09,0,143.24,0,0,0,0.02,0,0,,0.01,0,,0,3.85,44.1,5.5,0.1,2.3,0.64,2.81,36.61,2.36,55.41,,6.39,0,0,0,0,0,0,3.47
30,130,30130,18.99,21.76,0,0.39,10.95,,0.03,0,0.2,0,309.06,0,0.01,0.01,0.08,0.01,0,,0.02,0,,0,15.85,106.08,13.68,0.41,5.91,2.98,9.05,78.98,9.99,119.56,,,0,0,0,0,0,0,11.179
30,131,30131,92.52,103.56,54.9,1.86,2.24,,0.32,0,1.03,0,66.68,0.01,0.13,0.14,0.95,0.15,0,,0.14,0,,28.86,186.8,593.59,115.56,2.62,66.99,0.61,0,375.88,75.2,568.99,,,0.165,0.106,0,0,0,3.76,0
30,132,30132,7.49,8.58,0.43,0.15,1.89,,0.01,0,0.07,0,121.89,0,0.01,0.01,0.06,0.01,0,,0,0,2.01,0.36,11.05,38.12,9.33,0.21,1.31,0.51,0,31.15,34.14,47.15,,,0,0,0,1.83,0.26,0,1.015
30,133,30133,28.25,30.02,0,0.54,1.96,,0.03,0,0.29,0,74.89,0,0.01,0.01,0.09,0.01,0,,0.01,0,,0.71,18.04,148.61,3.18,0.31,7.88,0.53,0.23,108.95,7.38,164.93,,,0,0,0,2.41,0.35,0,0.286
30,134,30134,10.04,11.5,0,0.21,5.43,0,0.01,0,0.01,0,163.33,0,0,0,0.01,0,0,,0,0,,0.71,2.07,10.09,28.98,0,4.27,1.48,7.65,41.74,3.02,63.18,,6.39,0,0,0,2,0.29,1.04,9.499
30,135,30135,10.34,9.97,0,0.18,0.57,,0.01,0,0.07,0,28.64,0,0,0,0.01,0,0,,0,0,,0,1.59,38.88,0,0.04,3.61,0.15,0.45,36.2,1.94,54.8,,6.39,0,0,0,0,0,0,0.572
30,136,30136,2.97,3.41,0,0.06,0.75,,0,0,0.03,0,35.24,0,0,0,0.01,0,0,,0,0,,0,1.99,14.91,0,0.07,0.66,0.2,0.13,12.36,1.25,18.71,,,0,0,0,0.77,0.11,0,0.164
30,137,30137,2.41,2.76,0,0.05,0.54,,0,0,0.02,0,39.2,0,0,0,0,0,0,,0,0,,0,0.16,10.84,0,0.02,0,0.15,0.44,10.02,0,15.16,,,0,0,0,0,0,0,0.549
30,138,30138,19.94,22.84,37.45,0.41,0.22,,0.05,0,0.23,0,324.41,0,0.01,0.01,0.1,0.02,0,,0.12,0,0.25,7.84,19.39,123.45,11.71,0.47,27.58,0.06,0.09,82.9,19.98,125.5,,6.39,0,0,0,0.44,0.06,0.03,0.111
30,139,30139,2.87,3.28,0,0.06,0,0,0,0,0.04,0,46.64,0,0,0,0,0,0,,0,0,,0,0.64,18.22,0,0.02,0.66,0,1.1,11.92,0.86,18.04,,6.39,0,0,0,0,0,0,1.36
30,140,30140,1.24,1.42,0,0.03,0.32,,0,0,0.01,0,20.17,0,0,0,0,0,0,,0,0,,0,0.4,4.87,0,0,0,0.09,0.14,5.15,0,7.8,,,0,0,0,0,0,0,0.168
30,141,30141,86.25,84.73,37.02,1.52,5.55,0,0.1,0,0.73,0,1203.4,0.01,0.06,0.07,0.44,0.07,0,,0.06,0,,38.48,86.7,392.56,27.33,0.9,16.09,1.51,13.42,307.53,21.32,465.53,,6.39,0,0,0,0,0,0.17,16.577
30,142,30142,17.82,17.6,0,0.32,10.11,,0.01,0,0.16,0,249.89,0,0,0,0.02,0,0,,0,0,,0,4.81,80.53,1.18,0.14,0.99,2.75,4.41,63.86,4.51,96.67,,,0,0,0,3.73,0.54,10.68,5.451
30,143,30143,27.37,31.36,0.43,0.56,4.88,0,0.02,0,0.28,0,445.37,0,0.01,0.01,0.04,0.01,0,,0.04,0,,1.43,8.03,142.99,7.89,0.3,2.63,1.33,5.11,113.81,5.72,172.29,,6.39,0,0,3.772,0,0,0,6.314
30,144,30144,19.27,16.45,0,0.3,7.21,,0.01,0,0.14,0,233.58,0,0,0,0.03,0,0,,0,0,,0,5.28,73.11,17.58,0.16,2.3,1.96,2.53,59.69,3.7,90.36,,,0,0,0,3.05,0.44,0,3.125
30,145,30145,6.21,7.11,0,0.13,0.17,,0.01,0,0.06,0,54.92,0,0,0,0.02,0,0,,0,0,,0,3.34,32.82,10.89,0.01,1.64,0.05,1.05,25.8,1.27,39.06,,,0,0,0,0,0,0.56,1.297
30,146,30146,1.59,1.82,0,0.03,0.27,,0,0,0.01,0,25.8,0,0,0,0,0,0,,0,0,,0,0,6.45,0,0,0,0.07,0.7,6.59,0,9.98,,6.39,0,0,0,0,0,0,0.864
30,147,30147,9.56,10.95,0,0.2,2.91,,0,0,0.07,0,155.56,0,0.01,0.01,0.04,0.01,0,,0,0,2.36,0,7.75,38.45,0,0,0.33,0.79,0.73,39.75,5.58,60.18,,,0,0,0,0,0,0,0.904
30,148,30148,13.35,15.3,0.43,0.28,2.14,0,0.02,0,0.15,0,217.31,0,0,0,0.03,0,0,,0,0,,0.71,5.4,75.73,8.45,0.55,3.94,0.58,3.51,55.53,4.08,84.07,,6.39,0,0,0,1.01,0.15,0,4.334
30,149,30149,14,16.04,0,0.29,6.02,0,0.01,0,0.14,0,227.83,0,0,0,0.01,0,0,,0,0,0.01,0,1.51,67.98,0,0.04,0,1.64,8.72,58.22,0.36,88.13,,,0,0,0,0,0,0,10.771
30,150,30150,18.73,6.43,0,0.12,1.2,,0.01,0,0.01,0,91.35,0,0.01,0.01,0.08,0.01,0,,0,0,,0.36,16.21,7.88,0,0.79,0,0.33,0.55,23.35,3.59,35.34,,,0,0,0,0,0,0,0.685
30,151,30151,11.95,13.69,0,0.25,3.35,0,0.01,0,0.13,0,194.43,0,0,0,0.02,0,0,,0,0,,0,3.22,66.95,4.86,0.07,0,0.91,3.48,49.69,0.8,75.21,,,0,0,0,0,0,0,4.297
30,152,30152,5.96,6.83,0,0.12,3.54,,0,0,0.07,0,97.04,0,0,0,0.01,0,0,,0.01,0,,0,1.19,34.76,5.48,0,0,0.96,1.1,24.8,0.35,37.54,,6.39,0,0,0,2.02,0.29,0,1.359
30,153,30153,2.91,3.34,0,0.06,1.37,0,0,0,0.03,0,47.37,0,0,0,0.01,0,0,,0,0,,0,1.43,16.65,0,0.01,0,0.37,0.48,12.11,0.03,18.33,,6.39,0,0,0,0,0,0,0.597
30,154,30154,6.6,7.56,0,0.14,1.1,0,0,0,0.07,0,107.4,0,0,0,0.02,0,0,,0.01,0,,0,3.46,33.84,1.49,0.02,0.33,0.3,1.42,27.45,0.84,41.55,,,0,0,0,0,0,0,1.749
30,155,30155,48.8,55.91,3.4,1.01,4.8,0,0.04,0,0.45,0,794.03,0,0.01,0.01,0.07,0.01,0,,0.04,0,,0.71,14.7,233.89,24.23,0.33,13.14,1.31,7.99,202.92,12.08,307.17,,6.39,0,0,0,0,0,0.12,9.872
30,156,30156,2.63,3.01,0,0.05,0.15,,0,0,0.02,0,42.75,0,0,0,0,0,0,,0,0,1.82,0,0.56,11.46,0,0.02,0,0.04,0.56,10.92,0.04,16.54,,,0,0,0,0,0,0.16,0.696
30,157,30157,9.18,10.52,0,0.19,4.53,0,0,0,0.09,0,149.36,0,0,0,0.01,0,0,,0.01,0,,0,2.11,45.72,0,0.09,1.97,1.23,8.18,38.17,0.63,57.78,,,0,0,0,0,0,0,10.111
30,158,30158,14.01,13.85,0.85,0.25,4.36,,0.02,0,0.01,0,196.65,0,0,0,0.02,0,0,,0.01,0,,0.36,4.53,15.35,11.42,0.13,0.99,1.19,5.87,50.25,3.09,76.07,,6.39,0,0,0,0,0,0,7.252
30,159,30159,10.17,11.65,0,0.21,0.43,,0,0,0.01,0,165.42,0,0,0,0,0,0,,0,0,,0,0.32,7.15,0,0.01,0,0.12,1.16,42.27,0.28,63.99,,,0,0,0,0,0,0,1.429
30,160,30160,50.21,57.53,8.51,1.04,9.37,0,0.06,0,0.5,0,817.06,0,0.01,0.02,0.1,0.02,0,,0.02,0,,1.07,19.87,262.41,49.19,1.28,18.72,2.55,30.23,208.8,18.04,316.08,,,0,0,0,0,0,0.22,37.357
30,161,30161,16.49,18.9,0,0.34,8.1,,0.01,0,0.17,0,268.39,0,0.01,0.01,0.06,0.01,0,,0.03,0,,1.43,12.8,87.51,8.9,0.18,5.91,2.21,2.77,68.59,4.91,103.82,,6.39,0,0,0,0,0,0,3.427
30,162,30162,2.81,3.22,0,0.06,0.62,,0,0,0.03,0,45.77,0,0,0,0,0,0,,0,0,,0,0.36,12.65,0,0,0.33,0.17,1.66,11.7,0.3,17.71,,,0,0,0,0,0,0,2.048
30,163,30163,2.49,2.85,0,0.05,1.06,,0,0,0.02,0,40.49,0,0,0,0,0,0,,0,0,,0,0.64,11.6,0,0.01,0,0.29,0.56,10.35,0.13,15.66,,,0,0,0,0,0,0,0.697
30,164,30164,7.54,8.64,0,0.16,1.32,,0.01,0,0.08,0,122.65,0,0,0,0.03,0,0,,0.01,0,,0.36,5.01,42.26,0,0.14,1.31,0.36,1.71,31.34,2.85,47.45,,6.39,0,0,0,0,0,0,2.113
30,165,30165,4.29,4.35,0,0.08,0.2,,0,0,0.03,0,61.76,0,0,0,0,0,0,,0,0,,0,0.68,17.25,0,0.01,0,0.06,1.72,15.78,0.04,23.89,,6.39,0,0,0,0,0,0,2.129
30,166,30166,4.42,4.97,0,0.09,0.6,,0,0,0.05,0,70.55,0,0,0,0.01,0,0,,0,0,,0,1.27,23.22,0,0.06,0,0.16,0.99,18.03,0.71,27.29,,6.39,0,0,0,0,0,0,1.225
30,167,30167,6.81,7.8,0,0.14,3.03,0,0,0,0.07,0,110.83,0,0,0,0.01,0,0,,0.01,0,,0,0,34.97,0,0.04,0.99,0.82,1.01,28.32,0.42,42.88,,,0,0,0,0,0,0,1.242
30,168,30168,6.08,6.97,0,0.13,2.65,,0,0,0.06,0,98.95,0,0,0,0,0,0,,0.01,0,0.22,0,0.16,28.15,0,0.01,0,0.72,1.84,25.29,0.04,38.28,,,0,0,0,0,0,0,2.274
30,169,30169,17.16,13.08,0,0.24,2.17,,0.01,0,0.13,0,185.8,0,0,0,0.02,0,0,,0.02,0,,0.71,3.5,65.18,3.19,0.07,1.64,0.59,9.88,47.48,2.14,71.88,,6.39,0,0,0,1.96,0.28,0,12.208
30,170,30170,4.85,5.56,0,0.1,2.82,0,0,0,0.04,0,78.9,0,0,0,0,0,0,,0,0,0.33,0,0,20.86,0,0,0,0.77,2.15,20.16,0,30.52,,6.39,0,0,0,0,0,0,2.654
30,171,30171,2.36,2.71,0,0.05,0.24,,0,0,0.02,0,38.43,0,0,0,0,0,0,,0,0,,0,0.4,10.9,0,0.02,0,0.07,0.57,9.82,0.03,14.86,,,0,0,0,0,0,0,0.701
30,172,30172,9.02,10.34,1.28,0.19,4.1,,0.01,0,0.09,0,146.84,0,0,0,0.02,0,0,,0,0,,0,4.69,47.41,0,0.07,1.64,1.11,6.13,37.53,1.25,56.81,,,0,0,0,1.13,0.16,0,7.579
30,173,30173,23.85,27.33,0,0.49,4.63,,0.02,0,0.24,0,388.13,0,0.03,0.03,0.22,0.03,0,,0.03,0,,0,43.43,127.11,5.52,0.28,4.93,1.26,16.89,99.19,4.38,150.15,,6.39,0,0,0,1.56,0.23,0,20.87
30,174,30174,42.88,49.13,3.83,0.88,11.34,0,0.09,0,0.5,0,697.78,0,0.02,0.02,0.16,0.02,0,,0.04,0,,4.99,30.68,264.99,46.39,0.38,16.42,3.09,15.32,178.32,23.92,269.93,,6.39,0,0,0,4.97,0.72,0.32,18.925
30,175,30175,40.31,46.19,2.13,0.83,8.11,0,0.05,0,0.41,0,708.37,0,0.02,0.02,0.16,0.02,0,,0.02,0,,1.43,31.83,216.35,31.61,0.67,22.33,2.21,10.99,167.64,42.64,253.77,,,0,0,0,0,0,0.01,13.578
30,176,30176,2.21,2.53,0,0.05,0.82,0,0,0,0.03,0,35.9,0,0,0,0.01,0,0,,0,0,,0,1.35,14.05,1.23,0.07,4.6,0.22,2.99,9.17,1.3,13.89,,6.39,0,0,0,0,0,0,3.696
30,177,30177,4.69,5.38,0,0.1,0.36,,0,0,0.04,0,76.36,0,0,0,0,0,0,,0,0,1.95,0,0.4,20.53,0,0.04,0,0.1,0.67,19.52,0.34,29.54,,,0,0,0,0,0,0.31,0.828
30,178,30178,7.31,7.9,0.43,0.14,0.95,,0.01,0,0.08,0,112.24,0,0.01,0.01,0.05,0.01,0,,0.02,0,,0.36,9.06,44.76,3.41,0.15,0.33,0.26,2.27,28.68,6.41,43.42,,,0,0,0,0,0,0,2.808
30,179,30179,1.76,2.01,0,0.04,0.63,,0,0,0.02,0,28.61,0,0,0,0.01,0,0,,0,0,,0,1.91,9.55,0,0,0.66,0.17,1.33,7.31,0.28,11.07,,6.39,0,0,0,0,0,0,1.644
30,180,30180,5.34,6.12,0,0.11,4.04,,0,0,0.05,0,86.98,0,0,0,0,0,0,,0,0,0.38,0,0.44,25.2,0,0,0,1.1,3.34,22.23,0.1,33.65,,6.39,0,0,0,0,0,0,4.123
30,181,30181,17.66,20.23,1.28,0.36,7.32,,0.02,0,0.02,0,287.31,0,0.01,0.01,0.05,0.01,0,,0.05,0,,1.07,9.34,21.06,16.77,0.19,5.58,1.99,4.04,73.42,12.13,111.15,,6.39,0,0,0,2.93,0.42,0,4.996
30,182,30182,6.9,7.91,0,0.14,0.8,,0,0,0.06,0,121.21,0,0,0,0.01,0,0,,0,0,,0.71,1.07,31.75,0,0.06,0.66,0.22,0.37,28.7,1.25,43.45,,,0,0,0,0,0,0,0.461
30,183,30183,27.06,31.01,5.96,0.56,2.8,0,0.05,0,0.03,0,440.36,0,0.01,0.02,0.11,0.02,0,,0.02,0,,5.34,20.82,33.62,20.07,0.77,19.05,0.76,5.28,112.53,19.58,170.35,,6.39,0,0,0,0,0,0,6.525
30,184,30184,3.27,3.74,0,0.07,1.37,,0,0,0.03,0,53.13,0,0,0,0,0,0,,0.02,0,2.43,0,0.79,13.18,0,0,0,0.37,0.58,13.58,0.16,20.55,,,0,0,0,0,0,0,0.711
30,185,30185,2.26,2.59,0,0.05,0.25,,0,0,0,0,21.06,0,0,0,0,0,0,,0,0,,0,0.56,2.03,0,0.05,0,0.07,0.07,9.4,0.73,14.22,,6.39,0,0,0,0,0,0,0.085
30,186,30186,3.11,3.57,1.7,0.06,0.3,,0,0,0.03,0,50.67,0,0,0,0.02,0,0,,0,0,,0,3.34,17.3,0,0.13,0.33,0.08,1.3,12.95,0.73,19.6,,6.39,0,0,0,0,0,0,1.61
30,187,30187,2.64,3.02,0,0.05,0.97,,0,0,0.02,0,42.91,0,0,0,0,0,0,,0,0,,0,0.32,10.73,0,0.01,0,0.26,0.4,10.97,0.51,16.6,,,0,0,0,0,0,0,0.499
30,188,30188,7.48,8.57,0,0.15,2.99,,0,0,0.07,0,121.73,0,0,0,0.01,0,0,,0,0,,0.36,2.26,35.94,10.34,0.23,1.31,0.82,4.31,31.11,2.11,47.09,,6.39,0,0,0,0,0,0,5.328
30,189,30189,104.26,76.71,26.81,1.38,8.25,0,0.15,0,0.75,0,1089.48,0.01,0.04,0.05,0.3,0.05,0,,0.07,0,,14.25,60.08,405.17,0,1.44,37.11,2.24,7.4,278.42,39.6,421.46,,,0,0,2.967,0,0,0.99,9.145
30,190,30190,1.06,1.21,0,0.02,0.48,,0,0,0.01,0,17.23,0,0,0,0,0,0,,0,0,,0,0.83,7.47,0,0.01,0,0.13,0.75,4.4,0.16,6.67,,6.39,0,0,0,0,0,0,0.925
30,191,30191,13.82,15.36,0,0.28,2.43,0,0.02,0,0.02,0,218.14,0,0.02,0.02,0.14,0.02,0,,0,0,,2.14,27.02,19.24,12.77,0.98,5.91,0.66,4.09,55.75,10.31,84.39,,6.39,0,0,0,0,0,0,5.059
30,192,30192,9.22,10.56,1.28,0.19,4.35,,0.02,0,0.11,0,150.03,0,0.01,0.01,0.06,0.01,0,,0.01,0,,1.43,11.52,59.27,4.2,0.21,2.96,1.19,0.9,38.34,4.92,58.04,,6.39,0,0,0,0,0,0,1.111
30,193,30193,663.83,292.43,176.61,5.26,5.7,,0.92,0,3.11,0,322.49,0.02,0.29,0.31,2.09,0.32,0.0001,,0.29,0,,110.46,412.5,1759.98,309.22,87.42,174.37,1.55,0.6,1061.33,361.9,1606.6,9.97,6.39,0,0,9.707,4.52,0.65,8.37,0.746
30,194,30194,4.77,5.46,0,0.1,0.85,,0,0,0.04,0,77.6,0,0.01,0.01,0.07,0.01,0,,0,0,0.14,0,13.87,24.06,0,0.07,0,0.23,0.86,19.83,2.48,30.02,,6.39,0,0,0,0.65,0.09,0.87,1.066
30,195,30195,2.31,2.65,0,0.05,0.2,,0,0,0.02,0,37.62,0,0,0,0.02,0,0,,0,0,,0,3.22,10.04,0,0.01,0,0.05,0.86,9.61,1.47,14.55,,,0,0,0,0,0,0,1.066
30,196,30196,7.75,8.87,0,0.16,2.6,,0.02,0,0.09,0,168.02,0,0,0,0.03,0,0,,0,0,0.54,0,4.97,46.73,5.09,0.03,6.57,0.71,2.75,32.21,3.66,48.76,,6.39,0,0,0,0,0,0.11,3.403
30,197,30197,5.7,6.53,0,0.12,2.03,,0,0,0.06,0,92.79,0,0,0,0.01,0,0,,0.01,0,,0,2.74,29.93,0,0.1,0.33,0.55,1.74,23.71,3.79,35.89,,,0,0,0,0,0,0,2.149
30,198,30198,3.35,3.83,0,0.07,0.75,,0,0,0.04,0,54.45,0,0,0,0,0,0,,0,0,0.3,0,0.48,17.94,0,0.03,0,0.2,0.98,13.92,0.12,21.06,,6.39,0,0,0,0,0,0.58,1.208
30,199,30199,4.94,5.66,0,0.1,1.34,,0.01,0,0.04,0,15.61,0,0,0,0.01,0,0,,0,0,,0,2.54,22.88,0,0.05,0,0.36,0.4,20.53,2.13,31.07,,,0,0,0,0,0,0,0.492
30,200,30200,7.24,6.84,0,0.12,3.19,,0,0,0.01,0,97.12,0,0,0,0.01,0,0,,0,0,,0,1.55,4.71,2.36,0,0,0.87,4.78,24.82,0.29,37.57,,6.39,0,0,0,0,0,0,5.912
30,201,30201,19.51,22.35,0,0.4,4.94,,0.01,0,0.19,0,317.42,0,0,0,0.02,0,0,,0.01,0,,1.07,3.97,94.63,2.9,0.29,0.66,1.35,7.49,81.12,1.05,122.79,,,0,0,0,0,0,0.01,9.261
30,202,30202,6.52,7.47,0,0.13,3.94,,0,0,0.01,0,106.12,0,0,0,0,0,0,,0,0,,0,0.6,4.81,0,0.01,0,1.07,2.35,27.12,0.06,41.05,,6.39,0,0,0,0,0,0,2.901
30,203,30203,6.2,7.11,0,0.13,0.63,,0,0,0.06,0,100.97,0,0,0,0.01,0,0,,0.01,0,,0,2.26,29.37,0,0.09,0,0.17,0.91,25.8,0.26,39.06,,,0,0,0,0,0,0,1.119
30,204,30204,22.08,25.3,0.43,0.46,1.65,,0.05,0,0.24,0,359.3,0,0.01,0.01,0.06,0.01,0,,0,0,0.11,1.07,11.25,130.87,32.91,0.22,8.54,0.45,1.19,91.82,11.11,138.99,,,0,0,0,0,0,0,1.472
30,205,30205,9.16,10.5,0,0.19,2.86,,0.01,0,0.01,0,149.1,0,0.02,0.02,0.13,0.02,0,,0,0,,1.07,26.58,12.93,0,0.13,1.97,0.78,6.88,38.1,2.03,57.68,,6.39,0,0,0,0,0,0,8.498
30,206,30206,13.35,15.3,0.43,0.28,0.37,,0.03,0,0.15,0,217.29,0,0.01,0.01,0.04,0.01,0,,0,0,,1.43,8.42,82.54,0,0.59,12.81,0.1,0.09,55.53,12.04,84.06,,,0,0,0,0.99,0.14,2.2,0.108
30,207,30207,26.27,24.46,4.68,0.44,4.68,0,0.03,0,0.24,0,347.41,0,0.05,0.05,0.33,0.05,0,,0.01,0,,1.43,64.29,135.14,25.4,0.3,3.61,1.27,11.63,88.78,6.02,134.39,,6.39,0,0,0,3.84,0.55,0,14.377
30,208,30208,10.94,12.54,0,0.23,0.97,0,0.02,0,0.14,0,178.04,0,0.06,0.06,0.4,0.06,0,,0,0,,1.43,78.28,81.96,0,0.25,3.61,0.26,2.82,45.5,3.42,68.87,,6.39,0,0,0,0,0,0,3.485
30,209,30209,6.15,7.05,0,0.13,1.03,,0,0,0.06,0,100.12,0,0,0,0.01,0,0,,0,0,0.14,0,2.07,30.45,0,0.01,0,0.28,1.58,25.58,0.56,38.73,,,0,0,0,0,0,0,1.947
30,210,30210,12.41,14.22,0,0.26,4.74,,0,0,0.11,0,201.9,0,0,0,0.01,0,0,,0.02,0,3.4,0,1.99,53.91,0,0.08,0.33,1.29,7.73,51.6,0.47,78.11,,,0,0,0,0,0,0,9.547
30,211,30211,14.09,16.15,0,0.29,0,,0,0,0.16,0,229.34,0,0,0,0,0,0,,0.01,0,,0,0,77.92,0,0,0,0,0,58.61,0,88.72,,,0,0,0,0,0,0,0
30,212,30212,3.81,4.36,0,0.08,0,,0,0,0,0,61.93,0,0,0,0,0,0,,0,0,,0,0,1.23,0,0,0,0,0,15.83,0,23.96,,,0,0,0,0,0,0,0
31,1,31001,0.09,4.97,0,0.06,5.2,,0,0,0.03,0,48.45,0,0,0,0,0,0,,0,0,0.03,0,0.4,14.75,0,0.01,0,1.42,0.01,12.38,0,18.74,,,0,0,0,0,0,0,0.053
31,2,31002,0.23,11.89,0,0.15,2.59,,0.01,0,0.07,0,116.02,0,0.03,0.05,0,0.01,0,,0,0,1.08,0,41.76,36.49,1.2,0.18,0.33,0.7,0.01,29.65,3.35,44.88,,,0,0,0,1.3,0.19,0,0.05
31,3,31003,0.15,8.11,0,0.1,4.27,,0.01,0,0.05,0,79.16,0,0.01,0.02,0,0.01,0,,0,0,,0,16.53,23.8,0,0.12,0.66,1.16,0.03,20.23,3.6,30.62,,,0,0,0,0.67,0.1,0,0.136
31,4,31004,0.08,4.45,0,0.06,2.87,,0,0,0.03,0,43.43,0,0,0,0,0,0,,0,0,1.42,0,3.34,14.58,0,0.21,0.33,0.78,0.02,11.1,0.34,16.8,,,0,0,0,0,0,0,0.077
31,5,31005,0.03,1.63,0,0.02,0.95,,0,0,0.01,0,15.87,0,0,0,0,0,0,,0,0,2.86,0,0.72,5.56,0,0.03,0,0.26,0.01,4.06,0.3,6.14,,,0,0,0,0.4,0.06,0,0.032
31,6,31006,0.13,6.96,1.28,0.09,6.09,,0.01,0,0.05,0,67.93,0,0,0.01,0,0,0,,0,0,0.27,1.07,4.65,23.89,0.68,0.13,0.99,1.66,0.25,17.36,5.37,26.28,,,0,0,0,0,0,0,1.251
31,7,31007,0.1,5.32,0,0.07,1.65,,0,0,0.03,0,51.87,0,0,0.01,0,0,0,,0,0,,0,4.81,16.83,0,0.13,0,0.45,0.01,13.26,0.46,20.07,,,0,0,0,0.98,0.14,0,0.039
31,8,31008,0.06,3.19,0,0.04,3.53,,0,0,0.02,0,31.12,0,0,0,0,0,0,,0,0,,0,2.86,9.7,0,0.04,0,0.96,0.1,7.95,0.04,12.04,,,0,0,0,1.12,0.16,0,0.488
31,9,31009,0.07,3.94,0,0.05,2.4,,0,0,0.03,0,38.41,0,0,0,0,0,0,,0,0,0.54,0,2.42,13.39,0,0.09,0,0.65,0.03,9.82,0.23,14.86,,,0,0,0,0,0,0,0.127
31,10,31010,0.04,1.9,0,0.02,1.45,,0,0,0.01,0,18.51,0,0.01,0.01,0,0,0,,0,0,,0,8.15,5.48,0,0,0,0.39,0.01,4.73,0.7,7.16,,,0,0,0,0,0,0,0.066
31,11,31011,0.1,5.21,0,0.06,2.36,,0.01,0,0.04,0,50.82,0,0.01,0.01,0,0,0,,0,0,,0,8.03,19.11,6.12,0.16,0,0.64,0.01,12.99,1.88,19.66,,,0,0,0,0,0,0.16,0.038
31,12,31012,0.06,2.94,0,0.04,3.13,,0,0,0.02,0,28.7,0,0,0,0,0,0,,0,0,0.84,0,1.83,10.65,0,0.09,0,0.85,0.2,7.33,0.12,11.1,,,0,0,0,0,0,0,1.01
31,13,31013,0.13,7.06,0,0.09,1.74,,0.01,0,0.05,0,29.6,0,0.01,0.01,0,0,0,,0,0,1.08,14.25,11.6,23.14,2.09,0.11,0.33,0.47,0.01,17.6,1.75,26.64,,,0,0,0,0,0,0.12,0.026
31,14,31014,0.02,1.25,0,0.02,1.24,,0,0,0.01,0,12.18,0,0,0,0,0,0,,0,0,,0,1.79,3.33,0,0.01,0,0.34,0.01,3.11,0.09,4.71,,,0,0,0,0,0,0.21,0.047
31,15,31015,0.08,3.99,0,0.05,1.58,,0,0,0.02,0,38.91,0,0,0,0,0,0,,0,0,,0,1.43,11.4,0,0.04,0,0.43,0.01,9.94,0.04,15.05,,,0,0,0,0,0,0,0.03
31,16,31016,0.04,2.14,0,0.03,1.07,,0,0,0.01,0,20.89,0,0.01,0.02,0,0,0,,0,0,,0,12.91,6.07,0,0.04,0,0.29,0.01,5.34,0.51,8.08,,,0,0,0,0,0,0,0.042
31,17,31017,0.07,3.61,0,0.04,5.5,,0,0,0.02,0,35.18,0,0,0,0,0,0,,0,0,,0,0.12,9.8,0,0,0,1.5,0.03,8.99,0,13.61,,,0,0,0,0,0,0,0.13
31,18,31018,0.05,2.43,0,0.03,0.51,,0,0,0.02,0,23.69,0,0,0,0,0,0,,0,0,,0,0.91,7.29,0,0,0,0.14,0.01,6.05,0,9.16,,,0,0,0,0.73,0.1,0,0.057
31,19,31019,0.47,24.95,0,0.31,10.34,,0.01,0,0.13,0,243.38,0,0.01,0.01,0,0,0,,0.01,0,,0,8.34,62.22,3.09,0.09,0.99,2.81,0.09,62.2,4.44,94.15,,,0,0,0,0,0,0,0.423
31,20,31020,0.06,3.2,0,0.04,0.48,,0,0,0.02,0,31.19,0,0,0,0,0,0,,0,0,4.86,1.07,1.67,10.5,0,0.06,0,0.13,0,7.97,1.15,12.07,,,0,0,0,0,0,0,0.018
31,21,31021,0.12,6.18,0,0.08,0.71,,0,0,0.03,0,60.31,0,0,0,0,0,0,,0,0,,0,2.23,14.65,0,0.04,0,0.19,0.02,15.41,0.73,23.33,,,0,0,0,0,0,0,0.116
31,22,31022,0.06,3.36,0,0.04,3.11,,0,0,0.02,0,32.79,0,0,0,0,0,0,,0,0,,0,2.7,8.29,0,0.01,0,0.85,0.03,8.38,0.26,12.69,,,0,0,0,0,0,0,0.143
31,23,31023,0.07,3.61,0,0.04,2.07,,0,0,0,0,35.17,0,0,0,0,0,0,,0,0,,0,3.66,2.16,0,0.08,0,0.56,0.01,8.99,1.31,13.61,,,0,0,0,0.93,0.13,0,0.042
31,24,31024,0.05,2.44,0,0.03,0.35,,0,0,0.01,0,23.81,0,0.02,0.03,0,0.01,0,,0,0,,0,21.78,7.99,7.7,0.01,0,0.1,0.01,6.08,0.86,9.21,,,0,0,0,0,0,0,0.046
31,25,31025,0.07,3.81,0,0.05,2.37,,0,0,0.02,0,37.18,0,0,0.01,0,0,0,,0,0,,0,6.68,10.28,0,0.02,0,0.65,0.02,9.5,0.66,14.38,,,0,0,0,0,0,0,0.112
31,26,31026,0.05,2.71,0,0.03,1.41,,0,0,0.02,0,26.45,0,0.01,0.01,0,0,0,,0,0,28.38,0,7.03,10.13,0,0.09,0,0.38,0.01,6.76,0.99,10.23,,,0,0,0,0,0,0,0.046
31,27,31027,0.13,6.79,0,0.08,2.87,,0.01,0,0.05,0,66.19,0,0.01,0.01,0,0,0,,0,0,7.14,1.07,8.15,24.8,7.24,0.3,1.31,0.78,0.02,16.92,3.08,25.61,,,0,0,0,0,0,0,0.124
31,28,31028,0.04,1.87,0,0.02,2.29,,0,0,0.01,0,18.22,0,0,0,0,0,0,,0,0,,0,2.38,6.85,2.08,0.05,0,0.62,0.05,4.66,1.47,7.05,,,0,0,0,0,0,0.01,0.244
31,29,31029,0.09,4.85,0,0.06,1.7,,0.01,0,0.04,0,47.35,0,0,0,0,0,0,,0,0,,0,3.58,18.04,0,0.04,0,0.46,0.16,12.1,8.03,18.32,,,0,0,0,0,0,0,0.788
31,30,31030,0.05,2.86,0,0.04,2.74,,0,0,0.02,0,27.91,0,0,0,0,0,0,,0,0,,0,1.19,8.23,0,0.02,0,0.75,0.02,7.13,0.07,10.8,,,0,0,0,1.52,0.22,0,0.112
31,31,31031,0.04,2.31,0,0.03,0.82,,0,0,0.01,0,22.55,0,0,0,0,0,0,,0,0,,0,1.91,6.9,0,0.02,0,0.22,0.05,5.76,2.31,8.72,,,0,0,0,0.64,0.09,0,0.239
31,32,31032,0.23,11.99,0,0.15,2.99,,0.01,0,0.07,0,116.99,0,0.01,0.01,0,0,0,,0.01,0,,0.71,8.23,32.59,0,0.13,1.31,0.81,0.18,29.9,2.76,45.26,,,0,0,0,1.89,0.27,0,0.882
31,33,31033,0.29,15.06,0,0.19,5.64,,0.01,0,0.09,0,146.93,0,0.01,0.02,0,0,0,,0,0,,0,13.51,45.08,2.81,0.03,1.31,1.54,0.02,37.55,2.34,56.84,,,0,0,0,0.46,0.07,0,0.121
31,34,31034,0.09,4.84,0,0.06,1.45,,0,0,0.03,0,47.21,0,0,0,0,0,0,,0,0,0.49,0,2.38,14.29,0,0.1,0,0.4,0.01,12.07,0.98,18.26,,,0,0,0,0.66,0.1,0,0.063
31,35,31035,0.09,4.64,0,0.06,1.91,,0,0,0.03,0,45.28,0,0,0,0,0,0,,0,0,0.11,0.36,2.62,15.26,7.26,0.07,0,0.52,0.01,11.57,0.74,17.52,,,0,0,0,0,0,0,0.049
31,36,31036,0.11,5.78,0,0.07,1.65,,0,0,0,0,56.35,0,0,0.01,0,0,0,,0,0,,0,4.93,3.24,0,0.1,0,0.45,0.01,14.4,0.16,21.8,,,0,0,0,0,0,0,0.046
31,37,31037,0.07,3.74,0,0.05,0.26,,0,0,0.02,0,36.46,0,0.01,0.02,0,0,0,,0,0,,0,12.52,12.41,0,0.22,0,0.07,0.01,9.32,0.77,14.1,,,0,0,0,1.18,0.17,0,0.047
31,38,31038,0.44,23.35,1.28,0.29,3.29,,0.03,0,0.13,0,227.8,0,0.02,0.04,0,0.01,0,,0,0,5.9,0.36,31.03,69.29,8.43,0.37,0.66,0.9,0.02,58.21,10.53,88.12,,,0,0,0,0,0,0,0.082
31,39,31039,0.06,2.99,0,0.04,1.27,,0,0,0.02,0,29.17,0,0.01,0.02,0,0.01,0,,0,0,,0.36,16.93,9.91,0,0.06,0,0.35,0,7.45,0.5,11.28,,,0,0,0,0,0,0,0.008
31,40,31040,0.38,20.22,0,0.25,5.52,,0.02,0,0.13,0,197.27,0,0.05,0.08,0,0.02,0,,0,0.01,13.23,1.43,67.55,67.21,9.14,0.25,4.27,1.5,0.06,50.41,5.66,76.31,,,0,0,0,1.75,0.25,0,0.311
31,41,31041,0.82,43.03,2.55,0.53,1.82,,0.04,0,0.26,0,419.71,0,0.04,0.07,0,0.02,0,,0,0,9.3,1.43,62.11,133.1,34.68,1.61,8.21,0.5,0,107.26,11.89,162.36,,,0,0,0,0.81,0.12,3.52,0.023
31,42,31042,0.08,4.46,0,0.06,1.98,,0,0,0.03,0,43.47,0,0,0,0,0,0,,0,0,,0,1.23,13.29,0,0.05,0,0.54,0.01,11.11,1.82,16.82,,,0,0,0,0,0,0,0.047
31,43,31043,0.04,2.12,0,0.03,0.87,,0,0,0.01,0,20.72,0,0,0,0,0,0,,0,0,,0,0.72,6.43,0,0,0,0.24,0.01,5.3,0.53,8.02,,,0,0,0,0,0,0,0.05
31,44,31044,0.09,4.96,0,0.06,1.09,,0,0,0.03,0,48.35,0,0,0,0,0,0,,0,0,,0,1.43,15.53,0,0.05,0,0.3,0.01,12.36,0.2,18.7,,,0,0,0,0,0,0,0.06
31,45,31045,0.03,1.84,0,0.02,0.99,,0,0,0.01,0,17.97,0,0,0,0,0,0,,0,0,,0,0.91,6.02,7.62,0.01,0,0.27,0,4.59,0.64,6.95,,,0,0,0,1.01,0.15,0,0.023
31,46,31046,0.04,2.24,0,0.03,0.64,,0,0,0.01,0,21.86,0,0.01,0.02,0,0.01,0,,0,0,,0,16.09,7.69,0,0.05,0,0.17,0.01,5.59,1.27,8.46,,,0,0,0,0,0,0,0.048
31,47,31047,0.08,4.04,0,0.05,0.79,,0,0,0.02,0,39.45,0,0,0.01,0,0,0,,0,0,,0,6.4,12.18,0,1.3,0,0.22,0.03,10.08,0.56,15.26,,,0,0,0,0,0,0,0.128
31,48,31048,0.33,17.31,0,0.21,7.17,,0.01,0,0.1,0,168.86,0,0.03,0.06,0,0.01,0,,0,0.01,,0,46.41,49.7,5.83,0.23,1.31,1.95,0.03,43.15,2.71,65.32,,,0,0,0,0.79,0.11,0,0.153
31,49,31049,0.05,2.47,0,0.03,0.75,,0,0,0.01,0,24.09,0,0.01,0.02,0,0.01,0,,0,0,,0,17.76,7.62,0,0.02,0,0.2,0.01,6.16,0.3,9.32,,,0,0,0,0,0,0,0.067
31,50,31050,30.77,649.15,601.75,8.02,11.51,,1.57,0,4.47,0,396.91,0.03,1.18,1.99,0,0.53,0.0002,,0.52,0.17,1.07,252.99,1653.3,2472.61,583.42,113.07,266.97,3.13,0.02,1618.27,622.72,2449.67,2.49,,42.571,7.157,0,4.16,0.6,12.65,0.099
31,51,31051,0.05,2.42,0,0.03,0.52,,0,0,0.02,0,23.63,0,0,0,0,0,0,,0,0,0.81,0,0.72,7.83,2.76,0.05,0,0.14,0,6.04,0.12,9.14,,,0,0,0,0,0,0.08,0.02
31,52,31052,0.5,26.22,0,0.32,6.25,,0.03,0,0.17,0,255.74,0,0.12,0.2,0,0.05,0,,0,0.01,24.42,1.07,168.08,93.98,14.28,0.64,8.21,1.7,0.05,65.35,12.66,98.93,,,0,0,0,0,0,0,0.256
31,53,31053,0.19,9.78,0,0.12,7.16,,0.01,0,0.06,0,95.36,0,0,0.01,0,0,0,,0,0,,0,4.33,29.82,8.57,0.16,0,1.95,0.03,24.37,1.69,36.89,,,0,0,0,0,0,0,0.156
31,54,31054,0.04,2.18,0,0.03,1.34,,0,0,0.01,0,21.3,0,0,0,0,0,0,,0,0,,0,1.35,7.05,0,0.04,0,0.36,0,5.44,0.13,8.24,,,0,0,0,0,0,0,0.024
31,55,31055,0.09,4.67,0,0.06,3.87,0,0,0,0.03,0,45.55,0,0,0,0,0,0,,0,0,,0,1.63,13.21,0,0.05,0,1.05,0.02,11.64,0.07,17.62,,,0,0,0,0,0,0.16,0.105
31,56,31056,0.43,22.51,0,0.28,11.05,0,0.03,0,0.12,0,219.56,0,0.01,0.02,0,0.01,0,,0,0,,2.49,20.07,64.92,10.79,0.29,2.63,3.01,0.08,56.11,4.93,84.94,,,0,0,0,0.58,0.08,0,0.411
31,57,31057,0.12,6.27,0,0.08,5.15,,0,0,0.04,0,61.15,0,0,0,0,0,0,,0,0,,0,2.3,19.37,2.57,0.07,0.66,1.4,0.4,15.63,1.47,23.65,,,0,0,0,0,0,0,1.984
31,58,31058,0.35,18.6,1.28,0.23,10.16,,0.02,0,0.1,0,181.47,0,0.02,0.03,0,0.01,0,,0.03,0.02,,2.14,22.17,51.84,5.44,0.26,2.96,2.76,0.11,46.38,5.05,70.2,,,0,0,0,0,0,0.43,0.534
31,59,31059,3.86,41.1,5.53,0.51,3.93,,0.09,0,0.28,0,400.9,0,0.03,0.05,0,0.01,0,,0.01,0.02,8.25,9.98,37.79,148.37,29.1,1.04,17.4,1.07,0,102.45,22.32,155.09,,,0,0,2.955,1.06,0.15,1.04,0.015
31,60,31060,0.02,0.8,0,0.01,0.64,,0,0,0.01,0,7.82,0,0,0,0,0,0,,0,0,,0,2.23,2.65,0,0,0,0.18,0.02,2,0.02,3.03,,,0,0,0,0.62,0.09,0,0.078
31,61,31061,0.05,2.72,0,0.03,3.52,,0,0,0.02,0,26.52,0,0.01,0.01,0,0,0,,0,0,1.78,0.71,8.74,9.25,2.17,0.06,0,0.96,0.09,6.78,0.12,10.26,,,0,0,0,0,0,0.15,0.466
31,62,31062,0.07,3.55,0,0.04,2.29,,0,0,0,0,34.63,0,0,0,0,0,0,,0,0,,0,0.64,0.8,0,0.04,0,0.62,0.02,8.85,0.22,13.4,,,0,0,0,0,0,0,0.084
31,63,31063,0.08,3.96,0,0.05,1.13,,0,0,0,0,38.62,0,0,0,0,0,0,,0,0,,0,0.95,1.87,0,0,0,0.31,0.01,9.87,0.2,14.94,,,0,0,0,0,0,0,0.047
31,64,31064,0.02,1.27,0,0.02,0.47,,0,0,0.01,0,12.37,0,0,0,0,0,0,,0,0,,0,1.11,3.56,0,0.04,0,0.13,0,3.16,0.08,4.79,,,0,0,0,0.51,0.07,0,0.01
31,65,31065,0.03,1.53,0,0.02,2,,0,0,0.01,0,14.9,0,0,0,0,0,0,,0,0,4.74,0,1.11,5.56,1.66,0.06,0,0.54,0.16,3.81,0.42,5.76,,,0,0,0,0,0,0,0.772
31,66,31066,0.06,3.01,0,0.04,2.3,,0,0,0.02,0,29.32,0,0,0,0,0,0,,0,0,,0,1.23,8.75,0,0.07,0,0.63,0.01,7.49,0.1,11.34,,,0,0,0,0,0,0,0.032
31,67,31067,0.14,7.48,0,0.09,2.11,,0,0,0.05,0,72.94,0,0,0.01,0,0,0,,0,0,6.62,0,5.09,22.44,0,0.2,0,0.57,0.02,18.64,0.36,28.21,,,0,0,0,1.08,0.16,0,0.084
31,68,31068,0.05,2.47,0,0.03,1.37,0,0,0,0.02,0,24.09,0,0,0,0,0,0,,0,0,5.02,0,0.6,8.45,0,0.04,0,0.37,0.01,6.16,0.3,9.32,,,0,0,0,0,0,0,0.071
31,69,31069,0.13,6.72,0,0.08,2.68,,0,0,0.04,0,65.51,0,0,0.01,0,0,0,,0.01,0,,0,6.68,19.19,0,0.1,0,0.73,0.03,16.74,1.17,25.34,,,0,0,0,0.56,0.08,0,0.16
31,70,31070,0.06,3.09,0,0.04,1.81,,0,0,0.02,0,30.11,0,0,0,0,0,0,,0,0,,0,2.46,10.08,7.14,0.04,0,0.49,0.18,7.69,0.73,11.65,,,0,0,0,0,0,0,0.895
31,71,31071,0.02,1.3,0,0.02,3.15,,0,0,0.01,0,12.65,0,0,0,0,0,0,,0,0,,0,0.44,3.92,0,0.02,0,0.86,0.02,3.23,0,4.89,,,0,0,0,0,0,0,0.079
31,72,31072,0.03,1.47,0,0.02,0.86,,0,0,0.01,0,14.33,0,0,0.01,0,0,0,,0,0,1.62,0,5.32,5.49,2.74,0.07,0,0.23,0.01,3.66,0,5.54,,,0,0,0,0,0,0,0.073
31,73,31073,0.06,3.23,0,0.04,0.81,,0,0,0.01,0,31.54,0,0.01,0.02,0,0.01,0,,0,0,,0,18.04,8.22,0,0.02,0,0.22,0.02,8.06,0.65,12.2,,,0,0,0,0,0,0,0.092
31,74,31074,0.06,2.91,0,0.04,2.62,,0,0,0.02,0,28.38,0,0,0,0,0,0,,0,0,4.02,0,2.86,9.9,0,0.17,0,0.71,0.01,7.25,0.57,10.98,,,0,0,0,0,0,0,0.058
31,75,31075,0.09,4.66,0,0.06,0.91,,0,0,0.02,0,45.41,0,0.02,0.03,0,0.01,0,,0,0,,0,22.69,13.73,0,0.1,0.33,0.25,0.01,11.61,0.51,17.57,,,0,0,0,0,0,0,0.058
31,76,31076,0.24,12.83,0,0.16,3.72,,0.01,0,0.07,0,125.15,0,0.01,0.03,0,0.01,0,,0,0,0.11,0,21.02,36.55,0,0.21,0,1.01,0.02,31.98,3.83,48.41,,,0,0,0,1.9,0.27,0,0.092
31,77,31077,0.04,2.05,0,0.03,0.71,,0,0,0.01,0,19.97,0,0,0,0,0,0,,0,0,,0,1.07,6.35,0,0,0,0.19,0.02,5.1,0.09,7.73,,,0,0,0,0.94,0.14,0,0.098
31,78,31078,0.06,3.14,0,0.04,1.57,,0,0,0.02,0,30.64,0,0.01,0.01,0,0,0,,0,0,,0,7.39,10.51,0,0.71,0,0.43,0.01,7.83,0.54,11.85,,,0,0,0,0.84,0.12,0,0.073
31,79,31079,0.59,31.13,0,0.38,12.75,0,0.03,0,0.17,0,303.62,0,0.05,0.09,0,0.02,0,,0.01,0.01,0.82,2.85,76.73,90.56,9.69,0.56,14.45,3.47,0.19,77.59,13.05,117.46,,,0,0,0,0.3,0.04,0.1,0.947
31,80,31080,0.14,7.61,0,0.09,2.01,,0.01,0,0.04,0,74.28,0,0.03,0.05,0,0.01,0,,0,0,,0,37.99,23.91,0,0.12,0,0.55,0.01,18.98,0.91,28.74,,,0,0,0,0,0,0,0.067
31,81,31081,0.05,2.44,0,0.03,2.85,,0,0,0.01,0,23.78,0,0,0,0,0,0,,0,0,,0,1.51,6.22,0,0.03,0,0.78,0.01,6.08,0.23,9.2,,,0,0,0,0,0,0,0.068
31,82,31082,0.05,2.83,0,0.03,0.49,,0,0,0.02,0,27.59,0,0,0,0,0,0,,0,0,,0,2.62,11.24,0,0.01,0,0.13,0.01,7.05,0.32,10.67,,,0,0,0,0,0,0.06,0.053
31,83,31083,0.03,1.35,0,0.02,1.45,,0.01,0,0.01,0,13.18,0,0,0,0,0,0,,0,0,0.76,0,0.68,5.72,0.79,0.04,0,0.39,0,3.37,0,5.1,,,0,0,0,0,0,0,0.007
31,84,31084,0.11,5.62,0.85,0.07,3.11,,0,0,0.03,0,54.83,0,0,0.01,0,0,0,,0,0,0.22,0,4.81,16.84,0,0.15,0,0.85,0.07,14.01,2.87,21.21,,,0,0,0,0.17,0.02,0,0.338
31,85,31085,0.22,11.64,0,0.14,4.71,,0,0,0.07,0,113.56,0,0.02,0.03,0,0.01,0,,0,0,,0,21.18,32.59,0,0.07,0,1.28,0.27,29.02,1.31,43.93,,,0,0,0,0,0,0.12,1.315
31,86,31086,0.03,1.74,0,0.02,1.11,,0,0,0.01,0,16.95,0,0,0,0,0,0,,0,0,,0,2.07,6.21,0,0.02,0,0.3,0.01,4.33,0.16,6.56,,,0,0,0,0,0,0,0.058
31,87,31087,0.07,3.71,0,0.05,0.39,,0,0,0.02,0,36.22,0,0,0,0,0,0,,0,0,,0,0.75,11.33,0,0,0,0.11,0.01,9.26,0.16,14.01,,,0,0,0,0,0,0,0.027
31,88,31088,0.03,1.64,0,0.02,0.66,,0,0,0.01,0,15.95,0,0,0,0,0,0,,0,0,,0,0.83,5.34,0,0,0,0.18,0.01,4.08,0.07,6.17,,,0,0,0,0,0,0,0.037
31,89,31089,0.56,29.6,4.26,0.37,3.31,,0.04,0,0.16,0,288.77,0,0.06,0.1,0,0.03,0,,0.03,0.02,,0.36,84.28,89.47,11.01,0.63,8.87,0.9,0.03,73.79,11.77,111.71,,,0,0,0,1.65,0.24,0.15,0.135
31,90,31090,0.1,5.28,0,0.07,3.02,,0,0,0.03,0,51.49,0,0,0,0,0,0,,0,0,,0,0.91,13.58,0,0.03,0,0.82,0,13.16,0.09,19.92,,,0,0,0,0,0,0,0.025
31,91,31091,0.16,8.28,1.28,0.1,5.45,,0.02,0,0.05,0,80.74,0,0.01,0.01,0,0,0,,0,0,,0,8.94,26.13,4.01,0.12,0,1.48,0.03,20.63,21.76,31.23,,,0,0,0,1.07,0.16,0,0.149
31,92,31092,0.1,5.13,0,0.06,1.66,,0,0,0.03,0,50.04,0,0,0.01,0,0,0,,0,0,,0,5.88,13.7,0,0.01,0,0.45,0.03,12.79,0.08,19.36,,,0,0,0,0,0,0,0.155
31,93,31093,0.25,13.42,0,0.17,2.7,,0.01,0,0.09,0,130.93,0,0.01,0.02,0,0.01,0,,0,0,7.19,0.71,15.85,43.01,5.53,0.22,0.66,0.73,0.02,33.46,5.49,50.65,,,0,0,0,0.88,0.13,0,0.085
31,94,31094,0.07,3.6,0,0.04,2.45,0,0,0,0.02,0,35.09,0,0,0,0,0,0,,0,0,,0,3.1,9.59,0,0.02,0,0.67,0.02,8.97,0,13.58,,,0,0,0,0,0,0,0.103
31,95,31095,0.08,4.16,0,0.05,1.25,,0,0,0.03,0,40.54,0,0,0,0,0,0,,0,0,,0,1.35,13.18,0,0.11,0.66,0.34,0.01,10.36,0.13,15.68,,,0,0,0,0.56,0.08,0.5,0.028
31,96,31096,1.1,57.8,8.51,0.71,23.98,,0.06,0,0.34,0,563.84,0,0.04,0.07,0,0.02,0,,0.04,0.04,214.87,2.49,58.69,172.23,25.82,1.25,18.72,6.53,1.67,144.09,21.14,218.12,,,0,0,0,0.44,0.06,0.19,8.226
31,97,31097,0.05,2.84,0,0.04,4.9,,0,0,0.02,0,27.73,0,0,0,0,0,0,,0,0,0.49,0,1.75,9.5,0,0.02,0,1.33,0.06,7.09,0.03,10.73,,,0,0,0,2.04,0.29,0,0.32
31,98,31098,0.21,11.27,0,0.14,9.53,0,0,0,0.06,0,109.96,0,0.01,0.01,0,0,0,,0,0,,0,8.3,30.9,5.32,0.01,1.31,2.6,0.09,28.1,1.14,42.54,,,0,0,0,0,0,0.01,0.465
31,99,31099,0.05,2.49,0,0.03,1.32,,0,0,0.01,0,24.3,0,0,0,0,0,0,,0,0,,0,2.23,6.23,0,0.04,0,0.36,0.02,6.21,0.07,9.4,,,0,0,0,0.55,0.08,0.03,0.083
31,100,31100,0.05,2.54,0,0.03,0.48,,0,0,0.02,0,11,0,0,0,0,0,0,,0,0,,0,2.19,8.15,0,0.05,0,0.13,0,6.33,0.01,9.59,,,0,0,0,0,0,0.17,0.015
31,101,31101,0.84,44.27,2.98,0.55,5.71,,0.04,0,0.28,0,166.14,0,0.17,0.3,0,0.08,0,,0,0.01,0.27,0,245.65,150.96,16.76,0.35,17.73,1.55,0.01,110.35,21.93,167.05,,,0,0,0,1.48,0.21,0.08,0.071
31,102,31102,1.09,57.23,12.34,0.71,10.8,,0.08,0,0.33,0,558.24,0,0.15,0.25,0,0.07,0,,0.07,0,,8.91,206.23,181.78,48.89,2.13,25.61,2.94,0.09,142.66,18.26,215.95,,,0,0,0,1.04,0.15,0.71,0.459
31,103,31103,0.05,2.44,0,0.03,0.54,,0,0,0.01,0,23.79,0,0,0,0,0,0,,0,0,,0,1.75,7.05,0,0.02,0,0.15,0.01,6.08,0.15,9.2,,,0,0,0,0,0,0,0.025
31,104,31104,0.22,11.56,0,0.14,9.39,,0,0,0.06,0,112.75,0,0,0,0,0,0,,0.01,0,,0,2.03,30.21,0,0.01,0,2.56,0.1,28.81,0.17,43.62,,,0,0,0,0,0,0,0.505
31,105,31105,0.04,2.21,0,0.03,0.6,,0,0,0.01,0,21.53,0,0,0,0,0,0,,0,0,1.24,0,3.7,7.34,0,0.04,0,0.16,0.01,5.5,0.85,8.33,,,0,0,0,0,0,0,0.028
31,106,31106,0.03,1.71,0,0.02,1.76,,0,0,0.01,0,16.67,0,0,0,0,0,0,,0,0,0.98,0,0.75,6,0,0.01,0,0.48,0.02,4.26,0,6.45,,,0,0,0,0,0,0,0.087
32,1,32001,0.07,6.44,0,0.06,2.53,0.01,0,0,0.04,0,47.81,0,0,0,0,0,0,,0,0,66.56,0,0.99,17.18,2.37,0.07,0,0.69,0.14,12.22,1.39,18.5,,0.2,0,0,0,0,0,0,2.029
32,2,32002,0.06,5.24,0,0.05,1.7,,0,0,0.03,0,38.92,0,0,0,0,0,0,,0,0,1.26,0,0.48,11.77,1.26,0,0,0.46,0.12,9.95,0,15.06,,,0,0,0,0,0,0,2.649
32,3,32003,0.03,2.99,0,0.03,2.54,,0,0,0.02,0,22.2,0,0,0,0,0,0,,0,0,22.02,0,0.36,9.1,0.63,0,0,0.69,0.05,5.67,0.11,8.59,,,0,0,0,0,0,0,1.268
32,4,32004,0.05,4.26,0,0.04,1.46,,0,0,0.03,0,31.65,0,0,0,0,0,0,,0,0,215.26,0,0.99,11.45,2.71,0.03,0.33,0.4,0.06,8.09,1.49,12.24,,,0,0,0,0,0,0,1.279
32,5,32005,0.43,39.41,2.98,0.37,3.85,,0.05,0,0.22,0,292.7,0,0.15,0.03,0,0.45,0,,0.02,0,,5.34,208.18,188.07,20.71,0.21,4.93,1.05,0.76,74.8,25.67,113.23,,0.2,0,0,0,0.71,0.1,0.12,21.837
32,6,32006,0.09,8.61,0,0.08,2.61,,0.01,0,0.01,0,63.99,0,0,0,0,0,0,,0,0,,1.78,1.63,5.05,0,0.02,0.99,0.71,0.52,16.35,2.06,24.75,,,0,0,0,2.4,0.35,0,17.147
32,7,32007,0.14,12.94,0,0.12,8.55,0,0.01,0,0.08,0,96.12,0,0,0,0,0.01,0,,0,0,,0,3.26,34.45,12.56,0.1,3.28,2.33,0.13,24.56,1.27,37.18,,0.2,0,0,0,1.71,0.25,0.07,3.466
32,8,32008,3,12.3,0,0.12,2.87,,0.01,0,0.06,0,91.38,0,0,0,0,0.01,0,,0,0,179.6,111.17,4.81,29.79,0.72,0.04,0.66,0.78,0.17,23.35,0.82,35.35,,,0,0,0,1,0.14,0,3.859
32,9,32009,0.45,11.48,0,0.11,4.51,,0.01,0,0.07,0,85.27,0,0,0,0,0.01,0,,0,0,,0,2.34,29.1,6.1,0.49,0.99,1.23,0.52,21.79,1.69,32.99,,0.2,0,0,0,0.67,0.1,0,16.806
32,10,32010,2.77,214.5,21.7,2.02,32.24,0,0.24,0,1.21,0,1593.26,0.01,0.16,0.03,0,0.47,0,,0.13,0,4.39,8.55,220.42,626.04,120.32,7.22,44.66,8.78,5.18,407.16,83.85,616.34,,0.2,0,0,0,3.41,0.49,4.05,167.106
32,11,32011,1.27,3.23,0,0.03,1.15,,0,0,0.02,0,24.03,0,0,0,0,0,0,,0,0,76.26,0,0.91,9.75,3.96,0.04,0.33,0.31,0.06,6.14,0.38,9.3,,,0,0,0,0,0,0,1.008
32,12,32012,0.09,8.04,0,0.08,4.53,,0,0,0.04,0,59.74,0,0,0,0,0,0,,0,0,5.5,0,0.48,16.99,0,0,0,1.23,0.3,15.27,0.02,23.11,,,0,0,0,0.78,0.11,0,6.308
32,13,32013,0.07,6.15,0,0.06,1.83,,0,0,0.04,0,45.71,0,0,0,0,0,0,,0,0,,0,1.79,16.1,10.07,0.42,1.97,0.5,0.57,11.68,2.13,17.68,,,0,0,0,0.74,0.11,0,16.584
32,14,32014,0.25,22.94,0,0.22,15.43,0,0.01,0,0.13,0,170.41,0,0,0,0,0.01,0,,0,0,,0,3.14,54.93,9.52,0.49,2.96,4.2,1.65,43.55,2.19,65.92,,,0,0,0,2.7,0.39,0.02,53.589
32,15,32015,0.02,1.77,0,0.02,3,0,0,0,0.01,0,13.12,0,0,0,0,0,0,,0,0,4.44,0,0.12,5.53,0,0,0,0.82,0.07,3.35,0.08,5.08,,,0,0,0,0,0,0,1.989
32,16,32016,0.26,23.35,0,0.22,3.93,,0.01,0,0.13,0,173.47,0,0,0,0,0.01,0,,0,0,1.91,0,3.18,55.05,7.15,0.15,2.63,1.07,0.78,44.33,2.44,67.1,,,0,0,0,0,0,0,21.005
32,17,32017,7.13,141.21,16.17,1.33,7.15,0,0.14,0,0.82,0,208.97,0,0.1,0.02,0,0.3,0,,0.18,0,23.94,14.97,140.15,414.96,124.6,3,24.3,1.95,1.42,268.05,49.11,405.76,,,0,0,0,1.6,0.23,1.16,36.274
32,18,32018,1.77,4.63,0,0.04,3.6,,0,0,0,0,34.36,0,0,0,0,0,0,,0,0,,0,0.52,2.12,3.46,0,0,0.98,0.15,8.78,0.21,13.29,,,0,0,0,0,0,0,0.374
32,19,32019,0.27,25,5.96,0.24,8.86,,0.03,0,0.15,0,185.71,0,0.01,0,0,0.02,0,,0.02,0,23.27,1.07,9.5,69.42,15.27,1.7,1.64,2.41,0.31,47.46,7.09,71.84,,,0,0,0,0,0,0.01,4.733
32,20,32020,26.46,57.4,17.45,0.54,13.22,0.01,0.07,0,0.37,0,426.36,0,0.03,0,0,0.08,0,,0.05,0,11.62,3.56,38.15,176.6,39.82,2.94,19.05,3.6,0.9,108.96,24.51,164.93,,,0,0,0,0,0,0.05,19.057
32,21,32021,1.7,5.3,0,0.05,3.12,,0,0,0.03,0,39.36,0,0,0,0,0,0,,0,0,76.48,0,0.44,11.01,0,0.01,0.33,0.85,0.14,10.06,0.3,15.23,,,0,0,0,0,0,0,4.715
32,22,32022,0.22,20.19,0.85,0.19,4.01,,0.03,0,0.11,0,149.96,0,0.01,0,0,0.02,0,,0.02,0,,0.36,9.38,54.43,24.83,3.14,7.55,1.09,1.41,38.32,7.14,58.01,,,0,0,0,0,0,0,45.614
32,23,32023,0.14,12.66,2.13,0.12,1.68,,0.02,0,0.09,0,94.06,0,0,0,0,0.01,0,,0.02,0,5.87,1.78,6.28,40.75,8.85,0.13,2.3,0.46,0.12,24.04,6,36.39,,0.2,0,0,0,0,0,0,2.137
32,24,32024,0.52,47.38,8.51,0.45,3.96,0,0.04,0,0.24,0,351.92,0,0.02,0,0,0.05,0,,0.02,0,,0.36,25.39,114.59,33.42,0.82,8.21,1.08,0.55,89.93,17.24,136.14,,,0,0,0,0.83,0.12,0,9.792
32,25,32025,6.28,11.99,0,0.11,1.89,0,0.01,0,0.01,0,89.03,0,0.01,0,0,0.03,0,,0,0,,0,14.7,11.53,8.38,0.02,0.66,0.51,0.26,22.75,1.31,34.44,,,0,0,0,0.34,0.05,0.01,6.339
32,26,32026,0.19,17.01,0,0.16,34.82,0.03,0,0,0.1,0,126.37,0,0,0,0,0,0,,0,0,0.77,0,0.12,39.46,4.3,0,0,9.48,0.53,32.3,0.07,48.89,,0.2,0,0,0,3.41,0.49,0.74,15.07
32,27,32027,0.03,2.74,0,0.03,5.08,,0,0,0.02,0,20.32,0,0,0,0,0,0,,0,0,,0,0,6.1,0,0,0,1.38,0.03,5.19,0,7.86,,0.2,0,0,0,0,0,0,0.923
32,28,32028,2.49,2.7,0,0.03,2.11,,0,0,0.02,0,20.06,0,0,0,0,0,0,,0,0,19.25,0,0.44,7.22,2.19,0.02,0,0.58,0.05,5.13,0.45,7.76,,0.2,0,0,0,0,0,0,0.927
32,29,32029,0.25,22.57,0,0.21,3.05,,0.02,0,0.12,0,167.67,0,0.01,0,0,0.03,0,,0,0,,0.36,12.76,56.35,11.9,0.91,2.96,0.83,1.82,42.85,4.1,64.86,,0.2,0,0,0,0,0,0,57.989
32,30,32030,0.03,2.93,0,0.03,1.3,,0,0,0.02,0,21.76,0,0,0,0,0,0,,0,0,136.46,0,1.15,8.89,3.34,0.01,0.33,0.35,0.04,5.56,0.98,8.42,,,0,0,0,0,0,0,0.813
32,31,32031,0.11,9.66,0,0.09,8.14,,0.01,0,0.06,0,71.78,0,0,0,0,0.01,0,,0,0,74.2,0.71,2.34,27.94,5.08,0.04,1.31,2.22,0.25,18.34,1.69,27.77,,,0,0,0,0,0,0,6.431
32,32,32032,0.13,11.51,0,0.11,1.78,,0.01,0,0.01,0,85.47,0,0.01,0,0,0.02,0,,0,0,0.99,0,11.32,10.26,13.38,0.05,1.97,0.49,0.45,21.84,2.68,33.06,,0.2,0,0,0,0.86,0.12,1.52,14.52
32,33,32033,0.06,5.02,0,0.05,3.03,,0,0,0.03,0,37.29,0,0,0,0,0,0,,0,0,19.74,0,1.79,14.98,2.7,0.04,0,0.83,0.14,9.53,1.86,14.43,,0.2,0,0,0,0,0,0,2.033
32,34,32034,1.13,28.59,0,0.27,7.68,,0.02,0,0.02,0,212.35,0,0.01,0,0,0.03,0,,0.02,0,75.22,1.07,12.95,19.69,15.05,0.11,7.22,2.09,0.38,54.27,11.26,82.15,,,0,0,0,0,0,0,7.11
32,35,32035,0.98,14.4,0,0.14,3.13,0,0,0,0.08,0,106.98,0,0,0,0,0,0,,0,0,,0,0.56,31.13,2.39,0.01,0,0.85,0.38,27.34,0.19,41.39,,,0,0,0,1.03,0.15,0,7.716
32,36,32036,0.45,40.98,1.7,0.39,7.38,0,0.03,0,0.22,0,304.36,0,0.02,0,0,0.06,0,,0.02,0,5.5,1.78,29.37,105.11,19.37,0.84,8.87,2.01,0.89,77.78,10.35,117.74,,,0,0,0,0.42,0.06,0.02,22.35
32,37,32037,0.18,16.26,0,0.15,4.71,0,0,0,0.09,0,120.76,0,0,0,0,0.01,0,,0,0,0.11,0,2.58,38.39,3.68,0.01,0,1.28,0.82,30.86,2.15,46.72,,0.2,0,0,0,0,0,0,26.68
32,38,32038,1.41,72.22,0,0.68,20.77,0.01,0.01,0,0.38,0,536.45,0,0.01,0,0,0.02,0,,0,0,,0.36,10.65,158.26,21.62,0.96,1.97,5.65,2.57,137.09,2.32,207.52,,0.2,0,0,0,3.68,0.53,0.01,52.404
32,39,32039,0.69,62.98,4.26,0.59,11.21,0.01,0.07,0,0.37,0,467.82,0,0.01,0,0,0.04,0,,0,0,,3.92,20.23,168.15,37.07,2.78,12.81,3.05,2.56,119.55,17.45,180.97,,,0,0,0,3.71,0.54,0.01,82.539
32,40,32040,0.23,21.1,0,0.2,6.28,0,0.01,0,0.11,0,156.72,0,0,0,0,0,0,,0,0,,0,1.95,44.96,0,0.04,2.3,1.71,1,40.05,1.32,60.63,,0.2,0,0,0,2.13,0.31,0,33.554
32,41,32041,0.03,3.13,0,0.03,4.52,,0,0,0.02,0,23.23,0,0,0,0,0,0,,0,0,,0,0.32,7.55,0,0.04,0,1.23,0.07,5.94,0.15,8.99,,0.2,0,0,0,1.94,0.28,0,2.066
32,42,32042,0.7,63.52,5.96,0.6,20.82,,0.05,0,0.37,0,471.81,0,0.01,0,0,0.03,0,,0.01,0,,0.36,14.78,163.51,31.84,1.5,9.52,5.67,5.16,120.57,15.73,182.52,,0.2,0,0,0,4.29,0.62,1.2,165.805
32,43,32043,0.01,1.35,0,0.01,0.88,,0,0,0.01,0,10.01,0,0,0,0,0,0,,0,0,6.23,0,0.16,3.44,0,0,0,0.24,0.01,2.56,0,3.87,,,0,0,0,0,0,0,0.255
32,44,32044,0.18,16.16,5.53,0.15,4.5,,0.01,0,0.09,0,120.03,0,0.02,0,0,0.07,0,,0.02,0,3.83,0,32.07,53.18,7.92,1.39,0.99,1.23,0.16,30.67,3.48,46.43,,0.2,0,0,0,0,0,0,2.445
32,45,32045,0.1,8.69,0,0.08,3.85,,0.01,0,0,0,64.57,0,0,0,0,0.01,0,,0,0,73.2,0,3.38,4.26,4.5,0.36,1.97,1.05,0.12,16.5,3.61,24.98,,,0,0,0,0,0,0,3.387
32,46,32046,0.08,7.73,0,0.07,4.61,0.02,0,0,0.05,0,57.39,0,0,0,0,0,0,,0,0,2.08,0,1.11,21.97,4.8,0.04,0,1.26,0.25,14.67,0.41,22.2,,,0,0,0,0,0,0,6.849
32,47,32047,0.31,5.76,0,0.05,3.97,,0.01,0,0,0,42.79,0,0,0,0,0.01,0,,0,0,146.2,0,2.62,4.32,6.09,0.01,0,1.08,0.15,10.94,1.7,16.55,,,0,0,0,0,0,0,3.355
32,48,32048,0.26,23.61,3.83,0.22,5.71,,0.04,0,0.14,0,175.39,0,0.01,0,0,0.03,0,,0,0,201.48,2.49,14.03,69.86,0,1.34,7.22,1.56,0.17,44.82,11.77,67.85,,0.2,0,0,0,0,0,0.01,3.927
32,49,32049,0.39,35.47,1.7,0.33,27.62,,0.03,0,0.21,0,263.46,0,0.01,0,0,0.02,0,,0.02,0,146.08,0.71,10.61,93.2,22.51,1.46,5.91,7.52,1.08,67.33,14.93,101.92,,,0,0,0,0,0,0.02,20.009
32,50,32050,0.1,9.12,0,0.09,1.03,,0,0,0.05,0,67.75,0,0,0,0,0,0,,0,0,35.68,0,0.91,20.32,0.47,0.03,0,0.28,0.37,17.31,2.15,26.21,,,0,0,0,0,0,0.05,11.813
32,51,32051,4.46,33.2,0,0.31,21.84,0,0.02,0,0.19,0,246.6,0,0,0,0,0.01,0,,0.02,0,192.22,0,6.72,80.19,11.85,0.09,1.97,5.95,2.4,63.02,4.26,95.4,,,0,0,0,3.05,0.44,0.07,78.145
32,52,32052,1.22,18.05,0,0.17,4.4,0,0.01,0,0.1,0,134.08,0,0,0,0,0.01,0,,0,0,,0,4.97,41.28,0,0.1,0.66,1.2,0.33,34.27,1.8,51.87,,,0,0,0,0,0,0,7.642
32,53,32053,0.14,12.94,0,0.12,2.93,0.03,0.01,0,0.07,0,96.11,0,0,0,0,0.01,0,,0,0,,0,2.46,31.49,4.96,0.06,0.66,0.8,0.35,24.56,3.34,37.18,,,0,0,0,0,0,0,10.404
32,54,32054,0.21,18.77,0,0.18,2.66,0,0.01,0,0.1,0,139.39,0,0,0,0,0,0,,0,0,,0,1.67,40.6,4.15,0.05,1.31,0.72,0.39,35.62,1.09,53.92,,,0,0,0,0.5,0.07,0,8.146
32,55,32055,1.16,31.39,1.7,0.3,13.01,0,0.02,0,0.19,0,233.15,0,0.02,0,0,0.06,0,,0,0,82.23,0.71,27.06,92.59,20.35,0.42,4.27,3.54,0.81,59.58,8.35,90.19,,0.2,0,0,0,0,0,0,22.015
32,56,32056,56.93,144.1,49.37,1.36,4.97,0,0.31,0,0.85,0,144.39,0,0.06,0.01,0,0.17,0,,0,0,13.16,30.64,80.23,433.89,121.4,4.09,52.54,1.35,0.31,273.53,73.18,414.06,0.64,,16.127,2.841,0,1.26,0.18,2.88,9.934
32,57,32057,0.18,16.77,0,0.16,2.04,,0.01,0,0.08,0,124.53,0,0,0,0,0.01,0,,0.02,0,2.24,0,2.62,35.01,0,0.07,0.99,0.56,0,31.82,1.3,48.18,,,0,0,0,0,0,0,9.132
32,58,32058,0.03,2.84,0,0.03,0,,0,0,0.02,0,21.09,0,0,0,0,0,0,,0,0,46.36,0,0,7.17,0,0,0,0,0,5.39,0,8.16,,,0,0,0,0,0,0,0